colex_rank	mask_hex	class	pattern_hex
2312	0000349b	67	00000000000200
15681	000132a3	0	00000000000000
19073	000174c8	0	00000000000000
26651	00022a8d	0	00000000000000
29480	00026097	0	00000000000000
30396	00027243	0	00000000000000
32750	0002a48d	0	00000000000000
46398	0004301f	159	00000000002000
47197	0004409f	5193	00440080001000
51531	00049685	0	00000000000000
59029	0005508b	0	00000000000000
59030	0005508d	0	00000000000000
59616	0005620d	0	00000000000000
62092	0005b284	6509	10200001044000
66968	00064e09	0	00000000000000
67675	000662c8	6406	10000000000000
78684	0008380f	159	00000000002000
80603	00085b81	200	00000000004000
81156	000866a8	0	00000000000000
81650	0008720d	0	00000000000000
91750	00096a88	6504	10200000000000
97441	000a2c49	347	00000000010000
97505	000a2e09	0	00000000000000
99448	000a620d	0	00000000000000
99859	000a7098	6821	14000000000000
99910	000a7222	6407	10000000100000
101124	000a9609	0	00000000000000
101937	000ab403	843	00000010000000
108721	000c1629	2720	00002000000000
110232	000c3688	0	00000000000000
111899	000c6381	200	00000000004000
112191	000c7007	0	00000000000000
112336	000c7490	0	00000000000000
114195	000cb00d	159	00000000002000
114283	000cb211	2727	00002000004000
114574	000cc283	5192	00440080000000
116737	000d208b	246	00000000008000
119726	000de082	6925	14300000000000
120632	000e10c9	3161	00004000000000
121246	000e22c2	6410	10000020000000
122323	000e5098	7074	1d000000000000
122508	000e601c	6824	14000100000000
129387	00103e81	0	00000000000000
130706	0010560d	0	00000000000000
131410	00106495	3381	00008000c10000
131935	00107063	0	00000000000000
142398	00117a04	6505	10200000004000
142725	001184c9	0	00000000000000
153299	0012e608	0	00000000000000
160028	001428c5	200	00000000004000
160221	00142c8a	0	00000000000000
162670	00147212	6543	10220000000000
162682	00147250	6544	10220000004000
164558	0014ac82	0	00000000000000
165573	0014e105	200	00000000004000
167306	00152419	0	00000000000000
168769	00157104	6926	14300000004000
169804	0015ba00	6505	10200000004000
174144	0016b201	0	00000000000000
174470	0016e021	0	00000000000000
178102	001820ad	3493	00008100c10000
178878	00183039	2729	00002000008000
181062	00186a03	0	00000000000000
183527	0018c285	5195	00440080004000
188896	001a028b	0	00000000000000
189135	001a0649	0	00000000000000
190520	001a3013	0	00000000000000
191361	001a5421	0	00000000000000
196856	001c3510	2720	00002000000000
197531	001c5301	200	00000000004000
200623	001d6402	0	00000000000000
201915	001e2211	0	00000000000000
202613	001e8448	0	00000000000000
204676	002016c9	0	00000000000000
205312	00202297	7	00000000000008
206302	002032a5	0	00000000000000
206511	0020360e	0	00000000000000
209593	00207286	0	00000000000000
209754	00207704	0	00000000000000
225816	0022388c	0	00000000000000
234182	00238449	0	00000000000000
234702	0023a089	0	00000000000000
239374	002454e0	0	00000000000000
241169	002490c9	0	00000000000000
242846	0024d061	0	00000000000000
244549	00251a81	0	00000000000000
246290	00257108	0	00000000000000
247090	0025a0c1	107	00000000000800
251190	0026900d	0	00000000000000
252691	00271448	0	00000000000000
256408	00283059	0	00000000000000
256668	00283542	0	00000000000000
256787	00283941	0	00000000000000
258086	002859c0	0	00000000000000
258774	002872c0	0	00000000000000
259193	002884c9	0	00000000000000
259837	00289285	0	00000000000000
264489	00295282	0	00000000000000
265831	0029b012	0	00000000000000
266758	002a0899	347	00000000010000
267912	002a2891	718	00000002010000
268038	002a300d	0	00000000000000
268254	002a3d00	672	00000001000000
269094	002a6409	347	00000000010000
271158	002b1091	0	00000000000000
273979	002c248c	0	00000000000000
274256	002c3064	0	00000000000000
274360	002c3442	0	00000000000000
276156	002c9c40	0	00000000000000
278098	002d6005	0	00000000000000
280343	002ea880	1080	00000021000000
283590	0030310d	0	00000000000000
284808	0030501d	0	00000000000000
286892	0030912c	0	00000000000000
287101	00309603	0	00000000000000
287865	0030b124	0	00000000000000
288900	0030e809	0	00000000000000
289812	0031101b	0	00000000000000
293307	0031dc00	0	00000000000000
294330	00321251	87	00000000000400
294689	0032204b	0	00000000000000
295314	003234a0	0	00000000000000
296027	00325488	0	00000000000000
296353	00327104	0	00000000000000
297660	0032d420	0	00000000000000
303192	00349403	0	00000000000000
303863	0034dc00	0	00000000000000
305275	00356402	0	00000000000000
305298	00357008	0	00000000000000
305345	00358089	5126	00400080001000
305555	00359101	0	00000000000000
307041	00365808	0	00000000000000
309376	00381b01	0	00000000000000
311408	003884c8	0	00000000000000
311764	0038940a	0	00000000000000
311765	0038940c	0	00000000000000
314880	003a10e0	0	00000000000000
314994	003a180a	0	00000000000000
315282	003a3044	0	00000000000000
317308	003c1250	0	00000000000000
317545	003c2403	0	00000000000000
318039	003c6240	0	00000000000000
318300	003c900c	0	00000000000000
318870	003d2600	0	00000000000000
319402	003e20a0	0	00000000000000
322432	00403097	846	00000010000220
326012	00407614	0	00000000000000
329707	0040c88d	5185	00440000000000
336116	00417405	0	00000000000000
343618	0042618c	5811	04000100000000
343677	00426294	0	00000000000000
344162	00427608	0	00000000000000
348333	00431681	0	00000000000000
349097	0043320c	0	00000000000000
354759	0044428b	5185	00440000000000
355919	00446087	0	00000000000000
355920	0044608b	0	00000000000000
356293	00446984	6050	04100000000000
359352	0044e085	0	00000000000000
359574	0044f204	0	00000000000000
362547	00457014	6050	04100000000000
362585	00457402	522	00000000080000
363455	0045a441	0	00000000000000
365436	004622c8	4528	00080000000000
365861	00463290	0	00000000000000
366690	0046600e	5780	04000000000000
372827	00483283	0	00000000000000
377057	0048b301	2720	00002000000000
379514	004920d1	3502	00008112808000
381019	00496442	3350	00008000000000
381027	00496488	3374	00008000c00000
381992	0049a288	453	00000000040000
382491	0049e180	6119	04110000000000
383207	004a0c0b	0	00000000000000
384440	004a340a	0	00000000000000
391626	004c6882	6050	04100000000000
391677	004c7048	5780	04000000000000
392927	004cca01	5185	00440000000000
393042	004ce104	6050	04100000000000
393891	004d2206	0	00000000000000
395750	004e240c	0	00000000000000
396054	004e4484	6270	0b800000000000
399975	005032c2	0	00000000000000
403522	00509a81	0	00000000000000
403876	0050a603	2720	00002000000000
404937	0050d490	0	00000000000000
405064	0050e0c4	6119	04110000000000
411115	00522285	0	00000000000000
411573	0052340c	0	00000000000000
411965	00524609	0	00000000000000
412902	00528449	0	00000000000000
413468	0052a203	0	00000000000000
414969	00533003	0	00000000000000
417845	00543b00	2720	00002000000000
423031	00563600	0	00000000000000
423492	00568205	0	00000000000000
426214	00583023	2729	00002000008000
426225	00583045	0	00000000000000
426344	00583460	2720	00002000000000
426585	00584283	5185	00440000000000
427418	00587810	6119	04110000000000
429732	00593012	6121	04110000008000
430496	0059a801	246	00000000008000
431749	005a4448	6270	0b800000000000
433455	005c0c41	2720	00002000000000
433991	005c4007	5185	00440000000000
434132	005c4481	0	00000000000000
434227	005c5042	6332	0d100000000000
435816	005e6010	6082	04100100000000
439965	006051c1	0	00000000000000
440519	006062c8	0	00000000000000
446645	00615211	0	00000000000000
446657	00615248	0	00000000000000
449476	006214a8	0	00000000000000
449917	00622382	4550	00080000020088
456071	00642298	4528	00080000000000
457468	00646444	0	00000000000000
459860	00652680	0	00000000000000
459939	00653082	0	00000000000000
459946	00653102	0	00000000000000
459968	00653440	0	00000000000000
461680	00662680	0	00000000000000
462071	00665408	0	00000000000000
462432	00669401	0	00000000000000
465135	00683811	0	00000000000000
465834	00685580	0	00000000000000
466174	00687801	0	00000000000000
468817	00695402	0	00000000000000
470351	006a3402	0	00000000000000
472311	006c1121	0	00000000000000
472481	006c2031	0	00000000000000
472999	006c5101	0	00000000000000
473344	006c9018	0	00000000000000
475630	00701069	0	00000000000000
476870	007040c9	5185	00440000000000
477349	00705092	0	00000000000000
478738	0070ac01	0	00000000000000
479123	0070e084	0	00000000000000
481938	0072300c	0	00000000000000
483934	0074110c	0	00000000000000
485420	00751006	0	00000000000000
486096	00762480	0	00000000000000
486989	00781103	0	00000000000000
487716	00785804	0	00000000000000
487796	00787020	0	00000000000000
488061	00789204	0	00000000000000
488111	0078a082	0	00000000000000
488567	00792084	610	00000000400000
488786	00799080	0	00000000000000
489618	007c0403	0	00000000000000
494670	0080501f	0	00000000000000
495032	0080558c	6228	09000000000000
495525	0080612d	3493	00008100c10000
495788	00806513	3350	00008000000000
496419	0080728a	6543	10220000000000
496629	008078a1	0	00000000000000
496651	00807922	7014	14330040180000
506079	00816087	3350	00008000000000
506720	00817842	6958	14310040000000
511892	00822685	0	00000000000000
514218	0082628c	6406	10000000000000
514342	00826588	347	00000000010000
514597	008270c1	0	00000000000000
514700	00827520	1323	00000040180000
517002	0082c449	0	00000000000000
526443	00846047	0	00000000000000
526936	00847029	0	00000000000000
529467	0084c701	0	00000000000000
529759	0084d380	6544	10220000004000
532979	00856310	6505	10200000004000
554900	008a308c	6830	14000800000000
561997	008c602a	6893	14220000000000
562258	008c7801	200	00000000004000
562396	008c820b	5231	00446080000000
564270	008d1481	0	00000000000000
566578	008e4409	0	00000000000000
570777	00903a81	200	00000000004000
571161	0090450d	3381	00008000c10000
571755	00905207	0	00000000000000
573199	00908589	0	00000000000000
575098	0090c4a4	0	00000000000000
575449	0090d302	6543	10220000000000
575666	0090e2a0	6543	10220000000000
575671	0090e308	6543	10220000000000
575686	0090e421	0	00000000000000
582767	0092510a	7074	1d000000000000
583987	0092a109	0	00000000000000
588182	0094300d	0	00000000000000
590693	0094e00c	6893	14220000000000
590761	0094f080	6973	14320000004000
593814	00965012	7075	1d100000000000
593905	00966110	6846	14100100000000
593925	00966480	0	00000000000000
596512	009824b0	3381	00008000c10000
597941	00987204	6544	10220000004000
598290	009886c0	0	00000000000000
601977	009a2288	6406	10000000000000
602411	009a5201	0	00000000000000
602957	009ad100	6838	14100000000000
603746	009c040d	0	00000000000000
604751	009c4c40	6270	0b800000000000
606246	009e2402	0	00000000000000
608727	00a0268a	0	00000000000000
609245	00a03232	0	00000000000000
611251	00a06886	0	00000000000000
613476	00a0b222	0	00000000000000
614539	00a0f009	0	00000000000000
621800	00a26302	0	00000000000000
630347	00a52282	4593	00080020000000
634753	00a8144c	0	00000000000000
634769	00a81491	0	00000000000000
635620	00a83301	0	00000000000000
636543	00a86242	0	00000000000000
636637	00a86902	0	00000000000000
637224	00a89007	0	00000000000000
639347	00a95110	0	00000000000000
640895	00aa3402	0	00000000000000
642330	00ac008b	5192	00440080000000
643408	00ac4302	5775	02c40080000000
643583	00ac6006	0	00000000000000
644544	00ad5001	0	00000000000000
646400	00b01498	0	00000000000000
647627	00b0450c	5763	02800000410000
647937	00b05206	0	00000000000000
648057	00b05a20	0	00000000000000
648853	00b0900b	0	00000000000000
649358	00b0c007	5193	00440080001000
649571	00b0cc08	0	00000000000000
651061	00b16480	615	00000000410000
651446	00b1b080	0	00000000000000
652494	00b23044	0	00000000000000
653814	00b36400	347	00000000010000
657982	00b83c00	0	00000000000000
657997	00b8402a	5775	02c40080000000
658286	00b86044	347	00000000010000
658781	00b8d010	0	00000000000000
659220	00b94600	5734	02000000000000
660576	00bca002	0	00000000000000
664571	00c04c89	3374	00008000c00000
665406	00c064a8	3374	00008000c00000
665689	00c070a2	6119	04110000000000
667946	00c0c125	5185	00440000000000
668360	00c0d007	0	00000000000000
668624	00c0e098	5999	04010000000000
676059	00c26288	0	00000000000000
678959	00c37010	6053	04100000080000
683494	00c4c124	6211	04540000000000
683563	00c4c444	0	00000000000000
684542	00c52086	6174	0418000c000040
685104	00c560c0	6082	04100100000000
685138	00c56840	6050	04100000000000
689825	00c830c8	6009	04010008048000
690240	00c84489	3374	00008000c00000
693382	00c94049	5172	00408100800000
695299	00ca4403	0	00000000000000
695864	00caa180	6081	04100016000000
697376	00cc2250	2906	00002200040000
697594	00cc4083	5185	00440000000000
697922	00cc7800	6054	04100000180000
698695	00cd2108	5830	0400010804a000
701671	00d040b1	5253	00448100c00000
702150	00d05083	0	00000000000000
702160	00d050a1	0	00000000000000
702387	00d060c4	6156	04118100800000
705074	00d14209	5117	00400000000000
706654	00d22428	0	00000000000000
706787	00d23402	0	00000000000000
708938	00d42086	6164	041800000000c0
709122	00d43005	0	00000000000000
709192	00d44015	5206	00440100000000
709993	00d4e001	0	00000000000000
711227	00d74400	6251	0a000000000000
712021	00d8210a	6029	0401a200008000
712067	00d82282	0	00000000000000
712264	00d84032	6402	0fd58000000000
712508	00d85220	6228	09000000000000
713794	00da0809	0	00000000000000
716946	00e03092	0	00000000000000
717772	00e05520	0	00000000000000
720069	00e11203	0	00000000000000
723033	00e2b040	107	00000000000800
723489	00e33080	107	00000000000800
723575	00e36008	0	00000000000000
724930	00e45050	0	00000000000000
727589	00e8240a	0	00000000000000
727856	00e84281	5185	00440000000000
728548	00e8d008	0	00000000000000
730366	00ecc400	0	00000000000000
731123	00f0100d	0	00000000000000
731754	00f04412	5756	02800000000000
731956	00f06280	0	00000000000000
734897	00f84108	5774	02c40000400000
737148	01001ea1	0	00000000000000
738589	0100384b	159	00000000002000
740540	01005c91	0	00000000000000
743589	01009e09	0	00000000000000
744414	0100b00f	159	00000000002000
745921	0100d423	0	00000000000000
746260	0100e0d8	6594	10230000000000
749784	01013883	15	00000000000020
754859	0101f011	200	00000000004000
757351	01022c98	0	00000000000000
757418	01022ec0	0	00000000000000
759896	010278c0	6454	10100000000000
760655	01028d09	0	00000000000000
761434	0102a429	0	00000000000000
761708	0102b00d	0	00000000000000
765568	01035488	0	00000000000000
765765	01036405	0	00000000000000
766686	0103a091	115	00000000000824
766732	0103a209	0	00000000000000
766862	0103ac80	2	00000000000002
769032	0104208f	0	00000000000000
771820	0104644c	0	00000000000000
772091	01047025	0	00000000000000
773704	0104a1a4	6805	103a0800040800
773798	0104a40b	0	00000000000000
774036	0104ab80	6628	102a0000044000
774911	0104d304	6544	10220000004000
775074	0104e105	200	00000000004000
781323	01062883	0	00000000000000
782207	0106508a	6406	10000000000000
783599	0106ac01	0	00000000000000
787673	01082199	1432	00000100000000
787876	010824aa	0	00000000000000
788200	01082a86	6543	10220000000000
788295	01082ca8	0	00000000000000
789280	0108468c	0	00000000000000
790219	01086107	0	00000000000000
790759	01087308	6543	10220000000000
791908	01089492	0	00000000000000
794968	01091641	0	00000000000000
795790	01093481	0	00000000000000
796711	01096412	522	00000000080000
796834	01097104	6689	10310000004000
798653	010a068c	0	00000000000000
799987	010a2c41	0	00000000000000
800069	010a30c4	6469	10100800000000
800816	010a5203	0	00000000000000
801168	010a6c40	0	00000000000000
801212	010a7210	6407	10000000100000
805179	010c0e03	0	00000000000000
805943	010c2449	0	00000000000000
806628	010c4381	200	00000000004000
807007	010c5209	0	00000000000000
807013	010c5218	6543	10220000000000
807239	010c6241	200	00000000004000
807272	010c6424	0	00000000000000
807388	010c7101	200	00000000004000
807897	010c8c81	0	00000000000000
808474	010cc0a4	6713	10320000000000
808672	010cd090	6714	10320000004000
808741	010ce101	200	00000000004000
808787	010cf100	6716	10320000184000
809373	010d1209	0	00000000000000
810261	010d8281	200	00000000004000
811890	010e5808	6406	10000000000000
812026	010e80c1	0	00000000000000
813476	0110089b	0	00000000000000
815109	0110264a	0	00000000000000
815878	011038b0	6756	10330000000010
816686	01104c43	0	00000000000000
817002	01105416	0	00000000000000
817888	01107301	200	00000000004000
817994	01107d00	0	00000000000000
818264	0110844b	0	00000000000000
819202	01109a03	0	00000000000000
820079	0110c125	0	00000000000000
820603	0110d2a0	6543	10220000000000
820810	0110e228	6543	10220000000000
820966	0110f120	6755	10330000000000
823497	0111500b	0	00000000000000
823611	01115308	6504	10200000000000
825138	0111c441	0	00000000000000
826545	01121903	0	00000000000000
828038	01125818	6406	10000000000000
828615	01128483	0	00000000000000
828955	01129211	0	00000000000000
829356	0112b440	0	00000000000000
830971	01135041	0	00000000000000
830984	01135101	0	00000000000000
831992	01140709	0	00000000000000
832479	01141216	6543	10220000000000
833181	0114281c	6632	102a0600000000
834096	01145098	6543	10220000000000
835051	01148e80	0	00000000000000
835308	0114a083	0	00000000000000
837029	01154281	200	00000000004000
837450	01158640	0	00000000000000
838510	011620c4	6493	10180100000000
838545	01162209	0	00000000000000
838664	01162a20	6443	10080600000000
838990	011650a0	6454	10100000000000
839321	01168c08	0	00000000000000
839832	01171410	0	00000000000000
840799	01180c13	0	00000000000000
841152	01181452	0	00000000000000
841580	01182298	6543	10220000000000
842676	01185103	0	00000000000000
842680	0118510a	6594	10230000000000
842710	01185211	200	00000000004000
842992	01186510	0	00000000000000
843411	01188550	0	00000000000000
844996	01191023	0	00000000000000
845431	0119300c	6532	10210000000000
845465	01193208	6504	10200000000000
846244	0119c088	6532	10210000000000
846627	011a0682	0	00000000000000
847082	011a2103	0	00000000000000
847665	011a7002	6454	10100000000000
849106	011c0a05	200	00000000004000
849642	011c3042	6713	10320000000000
849647	011c3081	200	00000000004000
849936	011c5088	6543	10220000000000
850095	011c808a	6543	10220000000000
850142	011c8206	6558	10220600000000
850618	011d0284	6505	10200000004000
852679	0120103d	0	00000000000000
852767	0120118b	0	00000000000000
853641	012022a9	0	00000000000000
854938	012042c9	0	00000000000000
855572	01205065	0	00000000000000
856624	0120720a	0	00000000000000
856659	01207409	0	00000000000000
858687	0120b502	1303	00000040000000
862572	01216224	0	00000000000000
862749	01217500	1303	00000040000000
864021	0121d204	0	00000000000000
864540	01220683	0	00000000000000
865220	01221612	0	00000000000000
865913	01223013	0	00000000000000
866976	01226424	1303	00000040000000
871127	01241055	107	00000000000800
871179	0124110d	0	00000000000000
871315	012413a0	0	00000000000000
872165	01243124	107	00000000000800
872184	01243209	0	00000000000000
873024	01245c04	0	00000000000000
874148	0124a308	4528	00080000000000
875340	01251640	0	00000000000000
876025	01256801	0	00000000000000
877069	01261141	107	00000000000800
878105	01269044	107	00000000000800
880114	01281a90	0	00000000000000
880238	012820e8	0	00000000000000
880580	01282988	0	00000000000000
880749	01283203	0	00000000000000
880815	01283504	0	00000000000000
881213	01284740	0	00000000000000
881457	01285181	0	00000000000000
882184	0128860a	0	00000000000000
882411	01289061	0	00000000000000
883053	0128c805	0	00000000000000
883740	01290e08	0	00000000000000
884194	01293014	0	00000000000000
884753	01298444	0	00000000000000
885032	0129c480	0	00000000000000
885652	012a1206	0	00000000000000
885754	012a1884	0	00000000000000
886364	012a6011	0	00000000000000
886914	012b0049	0	00000000000000
888389	012c3009	0	00000000000000
888450	012c3a00	0	00000000000000
888829	012c8029	0	00000000000000
889603	012d2402	0	00000000000000
889826	012dc200	0	00000000000000
889951	012e0403	0	00000000000000
889972	012e0481	0	00000000000000
891345	01301099	0	00000000000000
891384	01301125	0	00000000000000
891534	01301445	0	00000000000000
892298	01303015	0	00000000000000
893059	013050c2	0	00000000000000
893066	01305106	0	00000000000000
893780	01308503	0	00000000000000
894464	0130b041	0	00000000000000
895497	01311409	0	00000000000000
895781	01312882	4529	00080000000002
899649	01341150	0	00000000000000
899666	01341214	0	00000000000000
899693	01341380	0	00000000000000
899720	013414a0	0	00000000000000
899954	01342610	0	00000000000000
900010	01342c40	0	00000000000000
901704	01361090	0	00000000000000
902103	01372040	4528	00080000000000
902563	01380a21	0	00000000000000
902710	01381160	0	00000000000000
902741	01381284	0	00000000000000
903134	01383820	0	00000000000000
903583	01388184	0	00000000000000
903842	0138a480	0	00000000000000
903912	0138c300	0	00000000000000
904467	01398500	0	00000000000000
904822	013a2044	0	00000000000000
904826	013a2081	0	00000000000000
905417	013c0d00	0	00000000000000
905533	013c2408	0	00000000000000
907327	01401623	0	00000000000000
908139	01402661	0	00000000000000
908168	01402709	0	00000000000000
908451	01402ca8	0	00000000000000
908692	01403294	453	00000000040000
909719	01404c58	0	00000000000000
910426	014061c2	4769	00110000000000
910470	0140628a	0	00000000000000
910569	014064d0	0	00000000000000
910577	01406511	0	00000000000000
910585	01406530	553	00000000180000
910992	014078c0	4769	00110000000000
911590	01408989	0	00000000000000
912129	01409684	0	00000000000000
912286	01409c88	0	00000000000000
912619	0140a648	0	00000000000000
912780	0140ac84	2	00000000000002
913259	0140c452	0	00000000000000
913843	0140e282	0	00000000000000
914923	01411189	0	00000000000000
916658	01415448	0	00000000000000
916846	01416282	0	00000000000000
918363	0141e420	522	00000000080000
921047	01425608	0	00000000000000
922563	0142c809	0	00000000000000
922623	0142d014	4664	00100000000000
923677	01432a04	4528	00080000000000
924554	0143d001	0	00000000000000
925971	01442183	0	00000000000000
927214	01445448	0	00000000000000
927891	01448641	0	00000000000000
928488	0144a8a0	4853	00180000040800
929269	01450701	0	00000000000000
929443	0145100b	159	00000000002000
929750	0145220a	4528	00080000000000
931017	0146048c	0	00000000000000
931264	0146100d	0	00000000000000
931355	01461218	0	00000000000000
932059	0146600c	1432	00000100000000
933026	01475200	0	00000000000000
934073	0148121a	0	00000000000000
934142	01481381	0	00000000000000
934238	0148160c	0	00000000000000
934719	01482550	0	00000000000000
936024	01486610	540	00000000100000
936050	01486881	0	00000000000000
937086	0148b005	159	00000000002000
937231	0148c188	3640	00010000000000
939154	01499600	0	00000000000000
939552	014a0419	0	00000000000000
939872	014a1092	4664	00100000000000
940294	014a3088	0	00000000000000
940868	014a8809	0	00000000000000
941700	014bb000	4675	00100000080000
942665	014c3041	159	00000000002000
943031	014c6102	4684	00100000180000
943335	014c9180	4671	00100000040000
943433	014cb002	4688	00100000182000
943985	014d6100	4756	00100100080000
944505	014e4402	553	00000000180000
945179	01500651	0	00000000000000
945454	01500c19	0	00000000000000
946067	01502027	0	00000000000000
946136	01502113	0	00000000000000
946313	01502491	0	00000000000000
947237	01504c21	0	00000000000000
947555	01506112	4769	00110000000000
947859	01508125	0	00000000000000
948639	0150a4a0	2	00000000000002
949191	015100a9	1432	00000100000000
950221	01514181	1432	00000100000000
950496	01517001	0	00000000000000
950627	01518380	4528	00080000000000
950923	0151c440	0	00000000000000
950927	0151c801	0	00000000000000
951990	01524051	1432	00000100000000
952349	01528045	0	00000000000000
953025	01531082	4665	00100000000010
954682	01546480	0	00000000000000
954813	01548281	0	00000000000000
954943	01549041	0	00000000000000
955036	0154a240	4619	00080200000000
955037	0154a280	4528	00080000000000
955130	0154c808	0	00000000000000
955141	0154d008	0	00000000000000
956042	01562120	4931	00180300000000
957110	01581c04	0	00000000000000
957542	01584448	0	00000000000000
957560	01584601	0	00000000000000
958013	01589090	4769	00110000000000
958101	0158a404	0	00000000000000
958548	01592208	0	00000000000000
958646	01594810	4769	00110000000000
958761	0159a020	4769	00110000000000
959586	015c0409	0	00000000000000
960069	015d0402	0	00000000000000
960142	015dc000	4664	00100000000000
962882	01605282	0	00000000000000
963485	01608381	7	00000000000008
964147	0160a504	2	00000000000002
965769	01614405	0	00000000000000
967193	01622025	111	0000000000080c
967365	01622848	4544	00080000020000
967399	01622c80	2	00000000000002
969572	01642023	0	00000000000000
970203	01647008	0	00000000000000
970486	01649600	0	00000000000000
972737	01682308	0	00000000000000
972996	0168420a	0	00000000000000
973884	01690602	0	00000000000000
974053	01692210	0	00000000000000
974109	01694048	0	00000000000000
974206	01698088	0	00000000000000
975732	016e2080	0	00000000000000
976496	01701d00	0	00000000000000
976949	01704803	0	00000000000000
977031	017050c0	0	00000000000000
977486	0170a480	2	00000000000002
978367	01720a08	4544	00080000020000
978602	01725200	0	00000000000000
979163	01742140	4528	00080000000000
979236	01744102	0	00000000000000
979447	01750300	4528	00080000000000
980004	01782810	0	00000000000000
980257	01790204	0	00000000000000
982576	01802385	202	00000000004008
982770	018026a8	0	00000000000000
984628	01805384	6544	10220000004000
984645	01805426	1303	00000040000000
987117	0180a341	202	00000000004008
987554	0180b450	1303	00000040000000
988483	0180e428	1303	00000040000000
991229	01815224	6504	10200000000000
991463	018162a0	6504	10200000000000
995524	01825049	0	00000000000000
995932	01826c02	1323	00000040180000
995982	01827220	6407	10000000100000
1001730	01845091	200	00000000004000
1003262	0184c121	0	00000000000000
1005833	01860c09	0	00000000000000
1007099	0186b004	6471	10100800000800
1009029	01881cc0	0	00000000000000
1010229	01884c44	0	00000000000000
1010666	01886888	6594	10230000000000
1013749	01899201	200	00000000004000
1015219	018a5420	553	00000000180000
1017823	018c8421	0	00000000000000
1018371	018d1009	159	00000000002000
1020470	01901588	0	00000000000000
1021345	01903821	0	00000000000000
1021533	01904232	6543	10220000000000
1022076	019058a0	6755	10330000000000
1022185	01906188	6596	10230100000000
1022202	01906228	6543	10220000000000
1024857	01914242	6504	10200000000000
1025552	0191d002	6687	10310000000000
1026177	01921282	6406	10000000000000
1026552	01923220	6406	10000000000000
1026924	01926840	6454	10100000000000
1028299	01940829	0	00000000000000
1028832	01942620	0	00000000000000
1029217	01945210	6544	10220000004000
1029234	01945804	6714	10320000004000
1029344	01948049	0	00000000000000
1030559	01961009	0	00000000000000
1030867	01969400	0	00000000000000
1031645	01981430	0	00000000000000
1032269	01985110	6757	10330000004000
1033538	019a0482	0	00000000000000
1033832	019a5040	6454	10100000000000
1034305	019c1018	6543	10220000000000
1034470	019c4104	6718	10320100004000
1034636	019d0003	0	00000000000000
1036012	01a01740	0	00000000000000
1036707	01a03068	1303	00000040000000
1036806	01a03424	1303	00000040000000
1037209	01a04681	0	00000000000000
1037891	01a07880	0	00000000000000
1038542	01a09510	1303	00000040000000
1041577	01a2100d	0	00000000000000
1044073	01a41340	0	00000000000000
1044960	01a48441	0	00000000000000
1044968	01a48484	0	00000000000000
1045729	01a56080	0	00000000000000
1046973	01a80c09	0	00000000000000
1047502	01a83404	0	00000000000000
1047780	01a85208	0	00000000000000
1048695	01a93008	0	00000000000000
1048831	01a98201	0	00000000000000
1050117	01aca010	0	00000000000000
1050680	01b00548	0	00000000000000
1050984	01b01218	0	00000000000000
1051465	01b04124	0	00000000000000
1051492	01b04222	0	00000000000000
1052453	01b11044	0	00000000000000
1052564	01b12880	4529	00080000000002
1053018	01b21082	0	00000000000000
1054205	01b61008	0	00000000000000
1054426	01b80540	0	00000000000000
1054530	01b81204	0	00000000000000
1057872	01c05430	553	00000000180000
1058730	01c08e01	0	00000000000000
1059080	01c0a405	0	00000000000000
1059494	01c0d102	4786	00110000180000
1059596	01c0ec00	553	00000000180000
1060263	01c11608	0	00000000000000
1060912	01c16042	4769	00110000000000
1062391	01c230c0	4669	00100000000830
1062563	01c24428	0	00000000000000
1063782	01c3a001	115	00000000000824
1064689	01c42803	159	00000000002000
1065146	01c46420	553	00000000180000
1065416	01c49082	4664	00100000000000
1065926	01c52022	4859	00180000082000
1066174	01c5b000	4683	001000000c2800
1067691	01c82284	453	00000000040000
1068575	01c8a801	159	00000000002000
1068586	01c8b001	159	00000000002000
1068596	01c8b400	553	00000000180000
1068616	01c8c048	3640	00010000000000
1069004	01c92102	4780	00110000082000
1070751	01d0002b	0	00000000000000
1071482	01d02046	4971	00190200020010
1071602	01d02482	2	00000000000002
1072251	01d08481	0	00000000000000
1072368	01d09204	0	00000000000000
1073512	01d24084	4753	00100100000000
1074031	01d41011	0	00000000000000
1074866	01d81090	4769	00110000000000
1074990	01d8400c	3717	00010100000000
1075273	01d94002	4769	00110000000000
1076561	01e03201	0	00000000000000
1076843	01e05110	0	00000000000000
1077171	01e08c40	0	00000000000000
1077647	01e11044	107	00000000000800
1077672	01e11240	0	00000000000000
1077683	01e11500	0	00000000000000
1077965	01e1c200	0	00000000000000
1078304	01e22408	0	00000000000000
1079048	01e44140	0	00000000000000
1080167	01ea0081	0	00000000000000
1080374	01ec4002	0	00000000000000
1081273	01f40082	4528	00080000000000
1081511	01f88004	0	00000000000000
1083528	020024ab	3350	00008000000000
1087025	020064ac	3381	00008000c10000
1089828	0200a1a5	0	00000000000000
1090439	0200ac91	0	00000000000000
1090457	0200ad09	2720	00002000000000
1090778	0200b4c1	0	00000000000000
1091265	0200c40f	0	00000000000000
1091389	0200c5d0	0	00000000000000
1092264	0200dc18	1303	00000040000000
1092621	0200e6c0	0	00000000000000
1092862	0200f122	5809	04000040180000
1094249	020114c9	0	00000000000000
1105963	02027580	0	00000000000000
1107051	02029445	0	00000000000000
1107398	0202a129	0	00000000000000
1107904	0202b221	0	00000000000000
1107940	0202b421	0	00000000000000
1108240	0202c407	0	00000000000000
1108871	0202e411	0	00000000000000
1108875	0202e421	0	00000000000000
1110756	02032a88	0	00000000000000
1114751	020416c1	0	00000000000000
1115206	02042187	0	00000000000000
1116564	0204428b	0	00000000000000
1118130	02046ac0	200	00000000004000
1118306	02047406	0	00000000000000
1119973	0204a542	2720	00002000000000
1120005	0204a660	2720	00002000000000
1123939	02055083	0	00000000000000
1127365	02062618	0	00000000000000
1128614	02066406	0	00000000000000
1129350	02069181	3161	00004000000000
1129920	0206c481	0	00000000000000
1131863	0207b008	5855	04000800000000
1135260	02084499	3381	00008000c10000
1136929	02087842	5780	04000000000000
1137344	020885d0	0	00000000000000
1137417	02088741	2720	00002000000000
1137478	020888a9	3174	00004000008000
1139932	0208f0c0	5782	04000000004000
1140805	02091099	3174	00004000008000
1142446	02094c84	6266	0a008000c10000
1143207	02098449	0	00000000000000
1143691	0209a00d	159	00000000002000
1144838	020a088d	3186	00004000010000
1146553	020a440d	347	00000000010000
1147189	020a6428	347	00000000010000
1147334	020a7808	5780	04000000000000
1148080	020aa049	0	00000000000000
1148108	020aa0c2	5855	04000800000000
1148316	020ab208	0	00000000000000
1148511	020ac809	0	00000000000000
1152017	020c2381	200	00000000004000
1152197	020c28c8	5864	04000800048000
1153189	020c5803	0	00000000000000
1153528	020c7a00	547	00000000104000
1154747	020ccc40	0	00000000000000
1156396	020d8442	0	00000000000000
1157714	020e3a00	684	00000001100000
1163822	02106a84	200	00000000004000
1165213	021096c0	0	00000000000000
1165347	02109c0c	0	00000000000000
1165634	0210a486	0	00000000000000
1167060	0210f084	5782	04000000004000
1171034	0211ac08	569	00000000200000
1171471	0212001f	0	00000000000000
1174551	02128119	0	00000000000000
1175375	0212a881	0	00000000000000
1178702	02141491	0	00000000000000
1179236	02142588	0	00000000000000
1179892	02144445	0	00000000000000
1184302	02160c0c	6270	0b800000000000
1184790	02163014	5780	04000000000000
1185501	0216a009	0	00000000000000
1186731	02180899	3384	00008000c18000
1188221	02183c04	0	00000000000000
1189174	02187021	0	00000000000000
1189311	02188125	0	00000000000000
1190014	0218a128	5923	04002600008000
1190089	0218a488	0	00000000000000
1192889	021a0c88	6272	0b800000010000
1193180	021a20c1	1479	00000100010000
1193271	021a2481	347	00000000010000
1195431	021c1481	0	00000000000000
1195435	021c1490	6228	09000000000000
1195920	021c440a	6270	0b800000000000
1196508	021ca880	5785	0400000000c000
1196604	021ce004	5782	04000000004000
1199995	022026a2	0	00000000000000
1200388	02203063	0	00000000000000
1203834	02209303	87	00000000000400
1204600	0220ac09	0	00000000000000
1205384	0220d052	1303	00000040000000
1208657	02216181	615	00000000410000
1208701	02216405	615	00000000410000
1209797	0221ac40	1303	00000040000000
1217387	022412c1	0	00000000000000
1217472	022414c2	0	00000000000000
1218250	022430b0	672	00000001000000
1218405	02243a08	0	00000000000000
1219012	02245224	0	00000000000000
1220295	0224a604	672	00000001000000
1221102	02250681	0	00000000000000
1222856	0226048a	5756	02800000000000
1223850	02265082	0	00000000000000
1225816	0228108d	0	00000000000000
1226109	02281807	0	00000000000000
1226270	02281e20	672	00000001000000
1226929	02283610	672	00000001000000
1227760	02286103	0	00000000000000
1228073	02288129	0	00000000000000
1228551	02289121	0	00000000000000
1230300	02293021	0	00000000000000
1232493	022a6108	347	00000000010000
1235133	022c8c08	0	00000000000000
1237437	0230106c	0	00000000000000
1237879	02301c82	0	00000000000000
1238118	02302416	570	00000000200001
1238557	02303610	0	00000000000000
1239182	02305130	0	00000000000000
1239283	02305811	0	00000000000000
1239300	02305884	0	00000000000000
1239412	02306188	615	00000000410000
1240687	0230c124	0	00000000000000
1240743	0230c40a	0	00000000000000
1242336	02317001	0	00000000000000
1245870	023418c0	0	00000000000000
1246034	02342442	0	00000000000000
1246402	02344d00	5756	02800000000000
1246785	02349044	0	00000000000000
1247219	02350c40	5734	02000000000000
1247824	02361220	0	00000000000000
1248678	02380a81	0	00000000000000
1249414	0238480c	5763	02800000410000
1249975	0238c009	0	00000000000000
1251843	023ca080	0	00000000000000
1255445	0240450b	3350	00008000000000
1257075	02407811	0	00000000000000
1257500	024085d0	0	00000000000000
1259861	0240e043	0	00000000000000
1259892	0240e0c2	5780	04000000000000
1261373	02411c0a	6215	08000000000000
1261590	024122c1	0	00000000000000
1266277	02423007	0	00000000000000
1268357	0242a488	0	00000000000000
1272149	024422c8	453	00000000040000
1276423	02458019	3178	0000400000a000
1277977	02464281	0	00000000000000
1279574	0248050b	3555	0000a000000000
1280318	02481518	6242	09002000000000
1283051	0248a1a0	5789	04000000048000
1284369	02492083	3354	00008000008000
1284421	02492209	0	00000000000000
1284485	02492508	3374	00008000c00000
1291916	02501483	0	00000000000000
1292772	025032c0	0	00000000000000
1293834	02507048	5780	04000000000000
1293839	02507084	5780	04000000000000
1294337	02508c0c	0	00000000000000
1296768	02518601	0	00000000000000
1299241	02533004	5780	04000000000000
1300065	02541409	2720	00002000000000
1300889	02548181	246	00000000008000
1300980	02548809	2729	00002000008000
1301125	0254a0c0	5783	04000000008000
1301126	0254a101	2729	00002000008000
1301130	0254a110	5912	04002200008000
1301537	02551420	6215	08000000000000
1301775	02558500	0	00000000000000
1302154	02562220	1648	00000200000000
1302276	02566080	5811	04000100000000
1302442	02570801	0	00000000000000
1303124	02581406	6228	09000000000000
1303363	02582481	3374	00008000c00000
1303454	02583024	5780	04000000000000
1305216	025a2280	0	00000000000000
1306651	0260044b	0	00000000000000
1308369	02603a08	0	00000000000000
1309209	02606290	0	00000000000000
1309949	02609124	0	00000000000000
1309995	02609304	0	00000000000000
1311972	02615003	0	00000000000000
1312363	026190c0	0	00000000000000
1314192	02629201	0	00000000000000
1314259	0262a202	0	00000000000000
1314286	0262aa00	0	00000000000000
1314514	02630409	0	00000000000000
1315163	0264040d	0	00000000000000
1315589	02641484	0	00000000000000
1316623	0264a081	0	00000000000000
1317570	02661050	0	00000000000000
1317593	02661240	0	00000000000000
1317837	02668440	0	00000000000000
1317979	02672400	0	00000000000000
1318228	02680419	610	00000000400000
1318590	02681203	0	00000000000000
1318853	02682412	0	00000000000000
1318881	02682580	610	00000000400000
1320052	02691005	0	00000000000000
1321485	026c4420	5756	02800000000000
1322408	02701051	0	00000000000000
1323934	02711012	0	00000000000000
1324522	02721180	0	00000000000000
1324588	02722180	0	00000000000000
1325225	02741808	0	00000000000000
1325328	02744044	5756	02800000000000
1326351	02790101	610	00000000400000
1331548	02807062	5805	04000040000000
1333247	0280a429	2720	00002000000000
1333605	0280b206	0	00000000000000
1340998	02823288	0	00000000000000
1342219	02828189	3161	00004000000000
1343385	0282d500	1323	00000040180000
1348119	02846282	0	00000000000000
1352222	02862049	1432	00000100000000
1352784	02866028	5811	04000100000000
1355354	02882381	200	00000000004000
1355467	02882682	0	00000000000000
1356719	02886448	3368	00008000810000
1361863	028ae010	5795	04000000180000
1364151	028cb004	5875	04000801046000
1367108	02902780	0	00000000000000
1369369	0290a608	2746	00002000200000
1369786	0290e00a	5780	04000000000000
1371182	02916180	5989	04008100c14000
1371644	0291c801	200	00000000004000
1372894	02924c08	6272	0b800000010000
1375377	02946104	5812	04000100004000
1377586	02980c42	6295	0b80a000000000
1378482	02987200	200	00000000004000
1380513	029c2404	0	00000000000000
1381793	02a01027	87	00000000000400
1382059	02a0150c	1303	00000040000000
1382091	02a01618	0	00000000000000
1382114	02a01710	672	00000001000000
1383579	02a05206	0	00000000000000
1383700	02a05a40	0	00000000000000
1384862	02a0a501	0	00000000000000
1385210	02a0cc01	0	00000000000000
1386199	02a12403	0	00000000000000
1387088	02a1b080	672	00000001000000
1387141	02a1c408	1303	00000040000000
1388981	02a2d004	1303	00000040000000
1390502	02a43009	0	00000000000000
1390831	02a45402	0	00000000000000
1393241	02a81406	0	00000000000000
1393588	02a83102	0	00000000000000
1393975	02a86a00	0	00000000000000
1395807	02ac0409	0	00000000000000
1395991	02ac2081	0	00000000000000
1396081	02ac4120	5756	02800000000000
1397729	02b05014	0	00000000000000
1398768	02b16040	347	00000000010000
1399021	02b20481	347	00000000010000
1399244	02b24003	0	00000000000000
1400224	02b56000	0	00000000000000
1400859	02b88101	0	00000000000000
1405282	02c0ae00	2741	00002000100000
1406974	02c15210	6215	08000000000000
1407074	02c17100	5791	04000000080000
1407291	02c18c08	0	00000000000000
1407486	02c1c300	0	00000000000000
1408858	02c26204	0	00000000000000
1410879	02c43108	5907	0400200004a000
1412629	02c62420	553	00000000180000
1412643	02c62a00	1682	00000200100000
1414693	02c8b008	5907	0400200004a000
1415129	02c92420	3387	00008000c80000
1417147	02d0060a	6284	0b802000000000
1418122	02d05480	6228	09000000000000
1418573	02d0b080	5783	04000000008000
1421524	02dac000	5780	04000000000000
1426004	02e85010	0	00000000000000
1426457	02ec1020	0	00000000000000
1426991	02f06400	610	00000000400000
1428881	03001465	0	00000000000000
1429712	030024e1	0	00000000000000
1430442	030034a1	0	00000000000000
1432135	0300628c	0	00000000000000
1432488	0300704a	1303	00000040000000
1432633	0300780a	1303	00000040000000
1433008	0300850d	0	00000000000000
1434480	0300b02a	2144	00000840002000
1435399	0300dd00	1323	00000040180000
1437469	03013007	159	00000000002000
1437556	03013209	0	00000000000000
1438642	03017048	1303	00000040000000
1439416	0301a025	159	00000000002000
1439621	0301ac40	1303	00000040000000
1439911	0301d003	0	00000000000000
1441212	03021883	0	00000000000000
1442382	03024708	0	00000000000000
1443322	030284d0	0	00000000000000
1444587	03030289	0	00000000000000
1447287	03041492	0	00000000000000
1448025	03043007	159	00000000002000
1448112	03043209	0	00000000000000
1448121	03043224	453	00000000040000
1448560	03044681	0	00000000000000
1448966	03046016	0	00000000000000
1448981	03046045	1459	00000100004000
1449530	03048548	0	00000000000000
1449559	03048650	0	00000000000000
1450092	0304a422	553	00000000180000
1450304	0304c105	200	00000000004000
1451101	03050e10	0	00000000000000
1453070	03061488	0	00000000000000
1453349	03062a04	1860	00000600000000
1454084	0306a006	2362	00000e00000000
1455896	030815c0	0	00000000000000
1456659	03083121	159	00000000002000
1456753	03083610	540	00000000100000
1456996	03084305	200	00000000004000
1457595	03086122	553	00000000180000
1458045	03088445	0	00000000000000
1458069	030884a1	0	00000000000000
1458648	0308a380	477	00000000044000
1458736	0308aa40	1876	00000600044000
1458775	0308b0a0	1977	00000800040000
1458779	0308b104	1980	00000800046000
1459115	0308e030	553	00000000180000
1460110	03092c40	0	00000000000000
1460422	03095082	0	00000000000000
1460866	0309a201	200	00000000004000
1461464	030a0c41	0	00000000000000
1461477	030a0d01	0	00000000000000
1461758	030a2098	2165	00000900000000
1461869	030a2580	0	00000000000000
1462631	030a9404	0	00000000000000
1463364	030bb000	1981	00000800080000
1463487	030c0189	1432	00000100000000
1464005	030c1422	553	00000000180000
1464302	030c2a80	477	00000000044000
1465107	030cb800	1999	000008001c6000
1466708	0310044d	0	00000000000000
1467599	03101889	0	00000000000000
1468244	03103049	0	00000000000000
1469516	03108113	0	00000000000000
1470005	03109124	0	00000000000000
1470799	0310f010	200	00000000004000
1471787	03113401	0	00000000000000
1471964	03114601	0	00000000000000
1473121	03120f00	570	00000000200001
1473497	03122580	0	00000000000000
1473979	03126c00	0	00000000000000
1476065	03144105	1459	00000100004000
1476178	0314480c	0	00000000000000
1477464	03160181	1432	00000100000000
1478577	0318102c	0	00000000000000
1479731	0318a028	1860	00000600000000
1480415	03199080	200	00000000004000
1480483	031a0085	1432	00000100000000
1480926	031a8088	0	00000000000000
1482400	03200784	0	00000000000000
1482656	03200c91	0	00000000000000
1485138	03208321	0	00000000000000
1486267	0320e140	1303	00000040000000
1486895	0321120c	0	00000000000000
1487016	03211c01	0	00000000000000
1487475	03214680	0	00000000000000
1488796	0322180c	1303	00000040000000
1489745	03229102	1303	00000040000000
1491441	03242c20	0	00000000000000
1491826	03246101	0	00000000000000
1492056	03248841	0	00000000000000
1492091	03248c20	0	00000000000000
1492785	03257000	0	00000000000000
1493794	03280429	0	00000000000000
1494672	03284242	0	00000000000000
1495324	0328c088	0	00000000000000
1496173	032a1006	0	00000000000000
1496737	032c0282	0	00000000000000
1497089	032c8009	0	00000000000000
1497157	032c9020	0	00000000000000
1497737	03300588	0	00000000000000
1500155	03322240	0	00000000000000
1500285	03328009	0	00000000000000
1500794	03342005	0	00000000000000
1500972	03348021	0	00000000000000
1501815	03388202	0	00000000000000
1502206	033c1002	0	00000000000000
1502258	033cc000	0	00000000000000
1503155	0340110b	159	00000000002000
1503269	03401309	0	00000000000000
1504576	03404542	0	00000000000000
1505772	03408cc0	0	00000000000000
1506054	0340a098	453	00000000040000
1506153	0340a484	0	00000000000000
1506225	0340ac20	553	00000000180000
1507564	03412888	453	00000000040000
1508282	03419202	0	00000000000000
1509196	0342200b	0	00000000000000
1509387	034228c0	0	00000000000000
1509437	03423082	0	00000000000000
1510846	0343c001	0	00000000000000
1511289	03440a41	0	00000000000000
1511365	03441023	159	00000000002000
1512359	03448430	553	00000000180000
1512901	03451005	159	00000000002000
1513079	03454180	1432	00000100000000
1513588	03462880	0	00000000000000
1514470	034810e0	453	00000000040000
1515164	03485084	0	00000000000000
1515778	03490089	1432	00000100000000
1515877	03490444	0	00000000000000
1517142	034c0640	0	00000000000000
1518048	03500492	0	00000000000000
1518283	03500e02	0	00000000000000
1518980	03504848	0	00000000000000
1520327	03520508	0	00000000000000
1520629	03526800	0	00000000000000
1520784	03530408	0	00000000000000
1520827	03534001	1432	00000100000000
1521363	03548480	0	00000000000000
1521499	03552020	1432	00000100000000
1521564	03560101	1432	00000100000000
1521843	03580811	0	00000000000000
1522030	03583040	0	00000000000000
1522547	035c0810	1648	00000200000000
1524867	03614240	0	00000000000000
1525546	03629010	0	00000000000000
1525626	03630401	0	00000000000000
1525806	03640281	0	00000000000000
1526089	03644088	0	00000000000000
1526217	03648840	0	00000000000000
1526360	03654100	0	00000000000000
1526827	03682088	0	00000000000000
1527746	03701210	0	00000000000000
1528329	037400c0	0	00000000000000
1529300	03800c0d	0	00000000000000
1530405	03802e40	0	00000000000000
1533710	0381200b	159	00000000002000
1535439	03821421	0	00000000000000
1536398	03828e00	602	00000000300001
1538382	03844882	0	00000000000000
1538464	03845410	553	00000000180000
1538710	03848508	0	00000000000000
1538771	03848c04	0	00000000000000
1539156	03850482	0	00000000000000
1539373	03853080	1979	00000800044000
1539899	03862208	1860	00000600000000
1541524	03885410	553	00000000180000
1542040	0388c804	200	00000000004000
1544040	038e0402	553	00000000180000
1544113	038ec000	553	00000000180000
1545107	03903240	200	00000000004000
1545161	03904061	1432	00000100000000
1545489	03907040	200	00000000004000
1546944	03925010	0	00000000000000
1546948	03925100	0	00000000000000
1547431	03941081	200	00000000004000
1547468	03941808	0	00000000000000
1548145	03980450	0	00000000000000
1548168	03980640	0	00000000000000
1548428	03984808	0	00000000000000
1548531	03989010	200	00000000004000
1548545	0398a040	1866	00000600004000
1549827	03a02444	1303	00000040000000
1550787	03a0e020	1303	00000040000000
1551146	03a12c00	1331	00000040200001
1552350	03a42102	0	00000000000000
1552454	03a44801	0	00000000000000
1552491	03a48005	0	00000000000000
1553007	03a80601	0	00000000000000
1553062	03a80c02	0	00000000000000
1553498	03a92200	0	00000000000000
1553643	03aa8080	0	00000000000000
1553859	03b0008a	0	00000000000000
1554699	03b40900	0	00000000000000
1554827	03b80204	0	00000000000000
1555015	03c000c3	0	00000000000000
1555935	03c03210	551	00000000140000
1555981	03c04043	0	00000000000000
1556062	03c04244	0	00000000000000
1558437	03c44500	553	00000000180000
1558467	03c46020	1499	00000100180000
1559256	03c84802	553	00000000180000
1559369	03c8a001	159	00000000002000
1559568	03ca0480	0	00000000000000
1560792	03d80048	1741	00000300000000
1561312	03e04009	0	00000000000000
1561980	03e81001	0	00000000000000
1561993	03e82002	0	00000000000000
1561999	03e82080	0	00000000000000
1567020	04005625	0	00000000000000
1567220	04005a0b	0	00000000000000
1567880	04006784	0	00000000000000
1568014	04006a0e	4024	00020000000000
1569815	040092c3	0	00000000000000
1571091	0400ab81	7	00000000000008
1573481	0400ed08	0	00000000000000
1576251	04013069	67	00000000000200
1576389	0401328c	0	00000000000000
1576469	04013485	845	00000010000200
1577780	0401550a	0	00000000000000
1578592	04017214	0	00000000000000
1579680	04019292	2476	00001000000100
1579766	04019498	771	00000008000200
1580653	0401b508	771	00000008000200
1581692	0401f180	3640	00010000000000
1582318	04020a2d	0	00000000000000
1583399	04021d88	5356	01000000000000
1584305	04023113	844	00000010000020
1584393	04023285	0	00000000000000
1584480	0402348a	0	00000000000000
1584888	0402428b	0	00000000000000
1584900	040242a9	0	00000000000000
1585654	04025223	0	00000000000000
1586630	04027406	0	00000000000000
1586771	040280d9	0	00000000000000
1588480	0402ac41	864	00000012000000
1588658	0402b501	843	00000010000000
1589683	0402f048	0	00000000000000
1589694	0402f102	553	00000000180000
1590703	040312d0	2476	00001000000100
1592526	04036182	0	00000000000000
1593368	04039450	902	00000014000000
1593847	0403c301	0	00000000000000
1593897	0403c640	0	00000000000000
1595824	0404205d	1432	00000100000000
1595837	04042097	0	00000000000000
1597932	0404508e	5442	01020000000000
1597948	040450b8	5442	01020000000000
1598202	04045630	5359	01000000100000
1598490	04046162	4024	00020000000000
1598677	04046582	0	00000000000000
1598802	040469c0	4024	00020000000000
1601827	0404e016	4024	00020000000000
1604487	040548a8	0	00000000000000
1604699	04055222	0	00000000000000
1605439	04058780	1080	00000021000000
1605836	0405a025	0	00000000000000
1606384	0405d500	522	00000000080000
1606769	04060499	0	00000000000000
1607970	040623a0	1082	00000021000080
1608852	040648a1	0	00000000000000
1609357	04066803	0	00000000000000
1612018	04074818	0	00000000000000
1612616	0407c300	0	00000000000000
1615095	04082c98	3409	00008008c00000
1616475	0408504d	0	00000000000000
1616730	04085511	0	00000000000000
1618165	04088887	4386	00040012000000
1618714	04089498	770	00000008000000
1618773	04089650	2720	00002000000000
1620475	0408e211	0	00000000000000
1621073	0409064a	0	00000000000000
1621907	04091b04	2488	00001001000100
1621919	04091c11	843	00000010000000
1622140	04092303	0	00000000000000
1622277	04092690	1080	00000021000000
1622724	040940b1	3487	00008100c00000
1623385	04095c80	0	00000000000000
1623651	04097280	0	00000000000000
1624641	0409b110	3781	0001081d080000
1624939	0409d300	0	00000000000000
1626115	040a1548	5356	01000000000000
1626767	040a2ac0	1053	00000020000000
1627025	040a3a08	0	00000000000000
1628275	040a8449	0	00000000000000
1628915	040aa604	1080	00000021000000
1630271	040b2502	1222	00000036080000
1632614	040c2161	2870	00002100000000
1632698	040c2306	4084	00020620000000
1632765	040c2491	0	00000000000000
1633285	040c40c5	4393	00040100000000
1633764	040c508c	5442	01020000000000
1633854	040c5421	0	00000000000000
1634233	040c801d	4353	00040000000000
1634512	040c8542	2844	0000202c000000
1635092	040ca4c0	1175	0000002c000000
1635496	040cd401	0	00000000000000
1636218	040d1414	833	0000000d000000
1636641	040d40a1	1432	00000100000000
1636935	040d6500	522	00000000080000
1637953	040e1094	5400	01001805000100
1639145	040ec005	0	00000000000000
1639700	040f8021	0	00000000000000
1641890	0410260b	2720	00002000000000
1642575	04103511	2720	00002000000000
1643483	04104c29	3374	00008000c00000
1643982	04105911	0	00000000000000
1643983	04105912	5460	01030000000000
1644276	04106318	4024	00020000000000
1644699	04107380	4024	00020000000000
1646371	0410a548	2720	00002000000000
1647133	0410c80b	4353	00040000000000
1647294	0410ce40	0	00000000000000
1648432	04110a91	0	00000000000000
1649585	04113007	0	00000000000000
1650621	04116244	0	00000000000000
1650703	04116848	3857	00018000800000
1653628	04122298	384	00000000020000
1653761	04122618	569	00000000200000
1653947	04122e08	569	00000000200000
1654518	0412482c	5468	01800000000000
1656507	0412e402	0	00000000000000
1657012	04130c84	2	00000000000002
1657137	04131250	0	00000000000000
1657163	04131418	0	00000000000000
1657527	04133500	0	00000000000000
1657742	04134a02	0	00000000000000
1658009	04138281	0	00000000000000
1660239	04143230	4134	00022000000000
1660294	04143520	2720	00002000000000
1661213	04146444	0	00000000000000
1662583	0414d003	0	00000000000000
1663339	04151320	0	00000000000000
1663867	04154450	0	00000000000000
1666303	0416c0c0	0	00000000000000
1666366	0416f000	0	00000000000000
1667763	0418109c	5460	01030000000000
1667981	041814c4	5356	01000000000000
1668529	04182681	0	00000000000000
1668531	04182684	0	00000000000000
1669694	041860c1	3478	00008100800000
1670076	04188243	4403	00042000000000
1670444	04189038	4272	00032000000000
1670753	0418a288	4024	00020000000000
1671125	0418c902	4508	00070000000000
1671146	0418cc20	0	00000000000000
1671209	0418d808	4173	00030000000000
1671545	0419048c	3374	00008000c00000
1671876	04191206	0	00000000000000
1672432	04194442	3350	00008000000000
1672753	04198218	1796	00000400000000
1674124	041a401a	5468	01800000000000
1674401	041a5c00	5356	01000000000000
1674758	041a9808	0	00000000000000
1675229	041b2014	1842	00000500000000
1675490	041bc200	0	00000000000000
1676075	041c1205	0	00000000000000
1676983	041c8409	2720	00002000000000
1677019	041c8608	2720	00002000000000
1677532	041d0c80	0	00000000000000
1678486	041f0440	0	00000000000000
1679707	04201364	0	00000000000000
1679855	042015d0	0	00000000000000
1679960	04201853	0	00000000000000
1679969	04201869	0	00000000000000
1680077	04201a23	0	00000000000000
1680257	04201e82	0	00000000000000
1681062	04202f80	1080	00000021000000
1681182	042031b0	672	00000001000000
1682427	04205119	0	00000000000000
1685607	0420c0a3	4353	00040000000000
1686138	0420d190	0	00000000000000
1686302	0420e04c	0	00000000000000
1686516	0420f050	0	00000000000000
1686737	042102a9	0	00000000000000
1687528	042112a4	672	00000001000000
1687554	04211344	0	00000000000000
1687557	04211360	0	00000000000000
1687733	042118a8	0	00000000000000
1688087	04212452	1104	00000022000000
1688153	04212618	569	00000000200000
1688344	04212f00	1097	00000021200001
1688401	04213103	0	00000000000000
1688449	04213260	0	00000000000000
1688894	04214780	0	00000000000000
1689244	04215850	0	00000000000000
1690224	04219680	672	00000001000000
1690608	0421c091	0	00000000000000
1692792	04223184	672	00000001000000
1692828	04223308	0	00000000000000
1692834	04223405	0	00000000000000
1694877	0422b014	672	00000001000000
1695440	0423022c	569	00000000200000
1696783	04238380	1080	00000021000000
1698098	0424130c	0	00000000000000
1698632	04242431	0	00000000000000
1700872	0424a083	0	00000000000000
1701347	0424d00a	0	00000000000000
1701690	04250381	0	00000000000000
1702325	04252409	0	00000000000000
1702438	04253042	0	00000000000000
1702588	04254242	0	00000000000000
1702677	04254888	0	00000000000000
1703173	0425a180	1081	00000021000040
1703261	0425c401	0	00000000000000
1704030	0426201a	0	00000000000000
1705943	0428041e	5309	00800000000000
1709221	04289085	0	00000000000000
1710577	04291052	0	00000000000000
1710774	04292013	704	00000002000000
1710879	04292290	1080	00000021000000
1713474	042a9030	672	00000001000000
1713599	042ab080	672	00000001000000
1713937	042b1082	0	00000000000000
1714296	042c0096	5351	00840020000000
1714811	042c110c	0	00000000000000
1715577	042c6180	0	00000000000000
1715867	042c90c0	0	00000000000000
1716543	042d8028	0	00000000000000
1717196	042f0005	0	00000000000000
1718808	04302388	384	00000000020000
1719031	04302a41	0	00000000000000
1719359	04304099	4372	00040000400000
1719531	04304413	0	00000000000000
1719994	04305844	0	00000000000000
1720149	04306320	0	00000000000000
1720282	04307104	0	00000000000000
1720852	0430908a	0	00000000000000
1721165	0430a424	571	00000000200003
1721457	0430c448	0	00000000000000
1721895	0431040d	610	00000000400000
1723842	0432081c	5320	00800000220000
1724456	04323048	0	00000000000000
1726126	04340468	5309	00800000000000
1726315	04340a48	5338	00840000000000
1726718	04342403	0	00000000000000
1726886	0434400d	4353	00040000000000
1727192	04346082	0	00000000000000
1728169	04358022	25	00000000000040
1728455	043608c0	5312	008000000000c0
1728776	04368808	0	00000000000000
1729073	04380213	4353	00040000000000
1729167	0438042a	5309	00800000000000
1729759	04382244	0	00000000000000
1729877	04382e00	0	00000000000000
1730217	04385500	0	00000000000000
1730385	04388181	4353	00040000000000
1730649	0438a801	0	00000000000000
1731140	04394028	610	00000000400000
1731616	043a2012	0	00000000000000
1731756	043a5008	0	00000000000000
1731851	043a9080	0	00000000000000
1732062	043c0109	4353	00040000000000
1734078	04401529	2725	00002000000200
1737107	04405e80	5356	01000000000000
1737484	044068a1	3374	00008000c00000
1737600	04406e20	540	00000000100000
1739747	0440b481	845	00000010000200
1741032	0441031c	0	00000000000000
1741442	04410a52	53	00000000000100
1741614	04410f08	0	00000000000000
1742675	04413121	846	00000010000220
1744164	04418813	868	00000012000224
1744204	04418898	3670	00010008000200
1744301	04418c81	867	00000012000200
1744467	04419482	964	0000001c000200
1747019	04423092	903	00000014000030
1750282	04432013	865	00000012000024
1750851	04436005	1432	00000100000000
1751096	04438809	0	00000000000000
1751413	044400b3	4353	00040000000000
1751692	044404c6	5489	0180000c000000
1752604	04441a41	2720	00002000000000
1753212	044430a4	790	0000000c000000
1753402	0444404d	4393	00040100000000
1753930	044450c1	0	00000000000000
1754073	04445901	0	00000000000000
1754180	04446188	1432	00000100000000
1755148	0444a0a4	792	0000000c0000c0
1755276	0444a821	2720	00002000000000
1755384	0444b900	2795	0000200c180000
1755571	0444c850	4353	00040000000000
1756357	044512c0	53	00000000000100
1756896	04454488	0	00000000000000
1757096	04456808	0	00000000000000
1757365	04459102	817	0000000c080100
1757388	04459480	790	0000000c000000
1757460	0445a808	770	00000008000000
1758911	04466500	553	00000000180000
1759202	04469402	753	00000004180000
1759254	0446a110	1711	000002041800c0
1759632	04471081	0	00000000000000
1760955	0448140d	0	00000000000000
1762428	04484c90	5578	01808000c00000
1762750	044861a0	3922	00018100c00000
1763718	0448a0b0	3694	0001001e000000
1764099	0448c488	0	00000000000000
1765256	04493006	3675	0001001c000000
1766954	044a2242	1648	00000200000000
1767088	044a3030	912	00000014180000
1767197	044a4105	1432	00000100000000
1767417	044a5804	5356	01000000000000
1767457	044a6108	1432	00000100000000
1767774	044a9420	912	00000014180000
1768490	044b9400	907	00000014080000
1768655	044c0223	4403	00042000000000
1769276	044c2092	790	0000000c000000
1769355	044c2405	0	00000000000000
1769647	044c4412	5476	01800000180000
1769770	044c5104	5356	01000000000000
1770321	044cd080	0	00000000000000
1770428	044d020c	0	00000000000000
1770570	044d1022	817	0000000c080100
1773295	04502a41	2720	00002000000000
1773375	0450302a	3825	00012000000000
1774490	04506902	3847	00018000000000
1775282	04509a10	2720	00002000000000
1775873	0450e00a	3640	00010000000000
1776528	04511206	0	00000000000000
1776634	045118c0	3641	00010000000010
1777471	04518608	0	00000000000000
1777483	04518811	0	00000000000000
1778711	04523018	0	00000000000000
1778946	04524828	5468	01800000000000
1779256	0452840a	0	00000000000000
1779776	04530888	0	00000000000000
1780450	04540618	5545	01802000000000
1780837	04541904	5356	01000000000000
1781156	0454401a	5638	01840000000000
1781439	0454600c	1432	00000100000000
1782536	0456001c	5520	01800300000000
1782577	045600c1	1432	00000100000000
1784552	04586808	3861	00018000c00000
1784862	0458a00a	3837	00012200000000
1784895	0458a202	2892	00002200000000
1785368	04592801	3374	00008000c00000
1785548	04599001	0	00000000000000
1785593	045a0016	5507	01800200000000
1786213	045b1001	0	00000000000000
1786804	045ca010	2892	00002200000000
1788410	04602095	724	0000000240000c
1788622	04602492	705	00000002000002
1789614	04605070	0	00000000000000
1790919	0460a340	401	00000000020088
1791080	0460b810	0	00000000000000
1791634	04610305	0	00000000000000
1791640	04610312	0	00000000000000
1791829	046108a8	610	00000000400000
1792692	04615060	0	00000000000000
1793843	04621181	0	00000000000000
1793971	04621a10	0	00000000000000
1794254	04623408	0	00000000000000
1795283	046308c0	708	00000002000044
1796250	04641260	0	00000000000000
1796965	046460c0	0	00000000000000
1796979	04646220	0	00000000000000
1797784	046520c0	25	00000000000040
1797815	04652808	0	00000000000000
1798388	04663020	0	00000000000000
1798746	04680087	4376	00040002000000
1799100	04680909	4372	00040000400000
1799374	04681809	0	00000000000000
1799837	0468440c	5321	00800000400000
1800201	0468840c	0	00000000000000
1800945	04694420	610	00000000400000
1801323	046a1024	0	00000000000000
1801378	046a2005	704	00000002000000
1801871	046c0242	5338	00840000000000
1802402	046d1020	0	00000000000000
1802576	046f0020	0	00000000000000
1802749	04700285	4353	00040000000000
1803222	04701460	0	00000000000000
1804182	04709021	0	00000000000000
1804587	04710841	0	00000000000000
1805554	047300c0	25	00000000000040
1805741	04740221	4353	00040000000000
1806026	04744041	4353	00040000000000
1806060	04744410	5309	00800000000000
1806460	04772000	25	00000000000040
1806891	04784a00	5338	00840000000000
1806961	04788280	4353	00040000000000
1808379	0480109b	67	00000000000200
1810466	048040b5	4435	00048100c00000
1810703	0480444b	3350	00008000000000
1811434	04805390	5442	01020000000000
1811534	04805628	5356	01000000000000
1814277	0480b106	4238	0003081c000230
1815035	0480d244	4024	00020000000000
1816763	0481208b	3352	00008000000200
1817588	04814243	0	00000000000000
1817645	04814381	0	00000000000000
1818103	04815805	0	00000000000000
1818607	04818289	0	00000000000000
1819065	04819412	976	0000001c080200
1819266	0481a288	0	00000000000000
1819561	0481c320	0	00000000000000
1819683	0481d050	3640	00010000000000
1820854	04821498	5356	01000000000000
1822623	04826230	540	00000000100000
1822675	04826504	0	00000000000000
1824944	048320c8	2165	00000900000000
1825454	04835804	0	00000000000000
1826915	0484120b	2720	00002000000000
1826994	04841388	5445	01021000000000
1827242	04841c0a	5412	01002008000000
1827939	04843620	2772	00002001100000
1828139	0484422c	5700	01860000000000
1828776	04846112	4033	00020000180000
1831915	04858881	0	00000000000000
1832190	0486002b	0	00000000000000
1832683	04861013	0	00000000000000
1833124	0486300c	1951	00000800000000
1834656	0488018b	4421	00048000000000
1834881	048804e1	3421	00008012800000
1835637	04881541	2800	00002010000000
1836204	04882849	3565	0000a000800000
1836508	04883640	2720	00002000000000
1838819	0488d108	4173	00030000000000
1839183	04890491	3429	00008012c00000
1839911	04893300	672	00000001000000
1840745	0489e040	3640	00010000000000
1842069	048a6104	1432	00000100000000
1844276	048c4484	5468	01800000000000
1844336	048c4a04	5700	01860000000000
1844563	048c8121	4403	00042000000000
1844752	048c9180	4129	0002180d000100
1844882	048cc081	4353	00040000000000
1845345	048d4102	522	00000000080000
1845435	048d8101	0	00000000000000
1845599	048e0209	0	00000000000000
1845890	048e4030	5505	01800100180000
1846423	04900383	4353	00040000000000
1846479	04900487	3350	00008000000000
1848576	049048c4	5723	01878000800000
1849025	04906310	4024	00020000000000
1849155	049070a0	4173	00030000000000
1850243	0490c0a4	4508	00070000000000
1850855	04910605	0	00000000000000
1851176	04911405	0	00000000000000
1851641	04914188	3922	00018100c00000
1852009	04918203	0	00000000000000
1852112	04918882	3647	00010000000052
1854532	04932402	571	00000000200003
1856385	04949210	4134	00022000000000
1856461	0494a420	2720	00002000000000
1856780	04950980	25	00000000000040
1856801	04951005	0	00000000000000
1857106	04959020	0	00000000000000
1857310	0496080c	5523	01800600000000
1857507	04964009	1432	00000100000000
1857561	04964804	5468	01800000000000
1857868	049800a9	4435	00048100c00000
1857928	04980189	4435	00048100c00000
1858101	04980541	3565	0000a000800000
1858179	04980858	5732	0187a600800000
1858309	04980e08	5545	01802000000000
1858504	04981888	5460	01030000000000
1858730	04982904	4326	00038600c00000
1858983	04984640	5468	01800000000000
1859074	04985120	5460	01030000000000
1859263	04988182	4508	00070000000000
1859594	0498c401	0	00000000000000
1859635	0498e100	4173	00030000000000
1859914	04991600	0	00000000000000
1860947	049c0122	5719	01862600000000
1861357	049c8082	4474	00060000000000
1861656	049e4020	5503	01800100000000
1862492	04a0101e	0	00000000000000
1862955	04a01c44	0	00000000000000
1864659	04a070a0	0	00000000000000
1865920	04a0d003	0	00000000000000
1865960	04a0d210	0	00000000000000
1867803	04a1c021	0	00000000000000
1868501	04a21406	0	00000000000000
1869036	04a24508	5309	00800000000000
1869524	04a29801	0	00000000000000
1871636	04a48019	4353	00040000000000
1871954	04a4a208	0	00000000000000
1872036	04a4c280	4353	00040000000000
1872865	04a61005	0	00000000000000
1872898	04a61140	0	00000000000000
1872903	04a61208	0	00000000000000
1873055	04a64404	5309	00800000000000
1873798	04a80c88	5321	00800000400000
1873975	04a81601	0	00000000000000
1874203	04a82700	1080	00000021000000
1874689	04a88007	4376	00040002000000
1874835	04a884a0	1119	00000023000000
1875104	04a8c440	0	00000000000000
1875263	04a90380	1080	00000021000000
1875828	04aa040a	5309	00800000000000
1877455	04b004a1	610	00000000400000
1877610	04b00988	5347	00840000420000
1878427	04b05011	0	00000000000000
1879179	04b10608	569	00000000200000
1879359	04b12500	622	00000000600003
1879640	04b2010a	5320	00800000220000
1879832	04b21110	0	00000000000000
1881116	04b8008c	5346	00840000400000
1881405	04b82280	0	00000000000000
1883390	04c020c9	3479	00008100800200
1883893	04c03121	2802	00002010000220
1884000	04c03814	3677	0001001c000230
1884049	04c0401b	4421	00048000000000
1884117	04c04107	4421	00048000000000
1884716	04c05818	5429	01010000000000
1884838	04c06160	3918	00018100800000
1885666	04c09409	2725	00002000000200
1885771	04c0a01a	3842	00012208020200
1886732	04c10690	0	00000000000000
1886858	04c10b08	0	00000000000000
1886918	04c11023	846	00000010000220
1887113	04c11a10	53	00000000000100
1887398	04c13420	976	0000001c080200
1887429	04c1402c	3922	00018100c00000
1887468	04c140d0	3918	00018100800000
1887710	04c16021	3487	00008100c00000
1887877	04c18241	0	00000000000000
1889420	04c24881	0	00000000000000
1890314	04c31220	53	00000000000100
1891351	04c42049	2870	00002100000000
1891574	04c430a0	790	0000000c000000
1891607	04c43810	2795	0000200c180000
1892394	04c4c480	0	00000000000000
1895661	04c90809	3374	00008000c00000
1895912	04c94801	3374	00008000c00000
1895990	04c98240	53	00000000000100
1897310	04cd0044	1560	0000010c000100
1898294	04d02061	3608	0000a100800000
1899118	04d08a08	4412	00042200020000
1899613	04d11088	3640	00010000000000
1899684	04d12102	3849	00018000000052
1902130	04da0090	5503	01800100000000
1902273	04dc0110	5675	01842300000000
1903049	04e01610	0	00000000000000
1903638	04e05084	0	00000000000000
1904454	04e11060	0	00000000000000
1905154	04e24042	5309	00800000000000
1905226	04e26400	0	00000000000000
1905944	04e48180	4356	000400000000c0
1907099	04ec0028	5338	00840000000000
1907153	04ec1002	0	00000000000000
1907577	04f02480	611	00000000400002
1908194	04f60008	5309	00800000000000
1908295	04f82200	0	00000000000000
1909303	0500101f	0	00000000000000
1910074	05001e41	0	00000000000000
1911793	05004668	0	00000000000000
1912296	050051c4	4173	00030000000000
1912756	05006132	4183	00030000180000
1913113	05006b04	4024	00020000000000
1914159	05008e50	0	00000000000000
1914603	05009a28	4117	00021000000000
1914934	0500a4c8	0	00000000000000
1915040	0500a88a	4229	00030800020000
1915247	0500b190	4228	00030800000030
1915329	0500b680	0	00000000000000
1915591	0500c384	4024	00020000000000
1916515	0501021b	0	00000000000000
1916674	05010487	0	00000000000000
1916732	05010549	0	00000000000000
1917480	05011612	0	00000000000000
1918340	05013811	15	00000000000020
1919607	05018419	0	00000000000000
1919608	0501841a	569	00000000200000
1919640	0501848c	0	00000000000000
1920013	05019414	0	00000000000000
1920536	0501c490	0	00000000000000
1921996	05021b80	2474	00001000000000
1922184	05022231	7	00000000000008
1922600	05023112	1992	00000800180030
1923063	05024624	0	00000000000000
1924431	05029828	2531	00001800000000
1924604	0502a422	607	00000000380003
1924678	0502aa10	1900	00000600320009
1925077	0502e110	553	00000000180000
1925656	05031089	0	00000000000000
1926485	05037200	0	00000000000000
1927041	05040199	1432	00000100000000
1927072	0504021d	0	00000000000000
1927781	050410a5	0	00000000000000
1927848	05041194	4125	00021800000000
1927883	05041246	4117	00021000000000
1927918	05041305	0	00000000000000
1928282	050420b2	4090	00020800000000
1928670	05042aa0	4024	00020000000000
1928900	05043821	0	00000000000000
1929478	05045089	0	00000000000000
1929596	05045601	0	00000000000000
1929925	05047401	0	00000000000000
1930906	0504b090	4090	00020800000000
1930991	0504c098	4024	00020000000000
1931265	0504e110	4033	00020000180000
1931289	0504e802	4033	00020000180000
1932358	050540a2	0	00000000000000
1932658	05056820	522	00000000080000
1932716	0505808c	2531	00001800000000
1932862	05058881	0	00000000000000
1933080	0505c210	0	00000000000000
1933113	0505d080	0	00000000000000
1933758	05061424	0	00000000000000
1933946	05062242	1860	00000600000000
1933963	05062320	1877	00000600100000
1934835	0506a500	553	00000000180000
1934894	0506c140	0	00000000000000
1936317	0508103c	4259	00031800000000
1936529	05081431	0	00000000000000
1936983	05082309	0	00000000000000
1937474	05083842	4227	00030800000000
1938313	05086205	0	00000000000000
1938447	05086e00	540	00000000100000
1938473	05087090	4173	00030000000000
1938809	05088605	0	00000000000000
1939941	050900d2	3807	00011800000000
1940430	05091103	0	00000000000000
1941027	050944c0	0	00000000000000
1941041	05094620	0	00000000000000
1941182	05096042	3640	00010000000000
1941402	05098604	0	00000000000000
1942027	050a0740	0	00000000000000
1943225	050a8620	540	00000000100000
1944298	050c041c	0	00000000000000
1944496	050c0a09	0	00000000000000
1944784	050c1c01	0	00000000000000
1945115	050c4083	0	00000000000000
1945243	050c4680	0	00000000000000
1945728	050c9a00	4121	00021000100000
1946887	050e4a00	540	00000000100000
1947307	05100299	0	00000000000000
1947855	05100c98	0	00000000000000
1947919	05100e88	0	00000000000000
1947988	051010c6	4174	00030000000010
1948260	05101780	0	00000000000000
1948937	05103031	0	00000000000000
1949374	05104449	0	00000000000000
1949504	05104868	4173	00030000000000
1950310	05108292	4028	00020000020000
1952561	051140c8	3717	00010100000000
1952613	05114281	0	00000000000000
1953572	05120483	0	00000000000000
1953891	05121128	0	00000000000000
1953963	05121481	0	00000000000000
1954170	05122414	571	00000000200003
1954654	05126210	0	00000000000000
1956519	05142228	4073	00020600000000
1956757	051440b0	4070	00020100000000
1956937	05145018	4024	00020000000000
1957061	05147002	4024	00020000000000
1957979	05156400	0	00000000000000
1959493	05182025	1432	00000100000000
1959784	05184031	1432	00000100000000
1959805	05184086	4173	00030000000000
1960061	05186012	4173	00030000000000
1960082	05186101	1432	00000100000000
1960217	05188205	0	00000000000000
1960579	0518e020	4173	00030000000000
1961314	051a0806	1860	00000600000000
1961598	051a6200	0	00000000000000
1962142	051c2102	4073	00020600000000
1962201	051c4021	1432	00000100000000
1962925	0520046c	0	00000000000000
1963438	0520101d	0	00000000000000
1965579	05206e00	0	00000000000000
1966209	05209124	0	00000000000000
1966319	05209828	0	00000000000000
1966438	0520a181	9	0000000000000c
1966584	0520b009	0	00000000000000
1966782	0520c441	0	00000000000000
1967211	05210348	0	00000000000000
1967643	05211444	0	00000000000000
1968290	05215808	0	00000000000000
1968337	05216208	0	00000000000000
1969650	05222260	388	00000000020008
1969733	05222882	391	0000000002000e
1970174	05226802	0	00000000000000
1970231	05228083	9	0000000000000c
1970354	05228604	570	00000000200001
1970458	05229240	0	00000000000000
1971907	05241a01	0	00000000000000
1972235	05244049	0	00000000000000
1972606	05248061	0	00000000000000
1972907	0524a401	0	00000000000000
1972977	0524c202	0	00000000000000
1973031	05250007	0	00000000000000
1973899	05262082	0	00000000000000
1974385	05280198	0	00000000000000
1975384	05284301	0	00000000000000
1975759	05288409	0	00000000000000
1977102	052a6200	0	00000000000000
1977281	052b1010	0	00000000000000
1977453	052c0406	0	00000000000000
1977774	052c6002	0	00000000000000
1977936	052d0401	0	00000000000000
1978166	05300053	0	00000000000000
1978259	05300192	386	00000000020002
1978881	05302038	587	00000000220000
1979860	0530a880	386	00000000020002
1979916	0530c210	0	00000000000000
1980499	05319800	0	00000000000000
1981067	0532a080	386	00000000020002
1981275	05340124	0	00000000000000
1981419	05340c04	0	00000000000000
1981829	05350880	0	00000000000000
1982266	05381084	0	00000000000000
1982461	05385100	0	00000000000000
1982558	0538a004	0	00000000000000
1982660	05391800	0	00000000000000
1983322	0540051a	0	00000000000000
1983352	05400589	0	00000000000000
1983763	05400e41	0	00000000000000
1983880	05401151	15	00000000000020
1984328	054020aa	3649	00010000020000
1984546	05402505	0	00000000000000
1985100	05404185	1432	00000100000000
1986245	0540848c	0	00000000000000
1986319	05408704	0	00000000000000
1986969	0540b208	0	00000000000000
1987107	0540c2c0	0	00000000000000
1987423	054100d4	3720	00010100000034
1987696	05410816	3645	00010000000036
1988272	05412910	3660	00010000080036
1988317	05413082	3643	00010000000030
1988442	05414190	3717	00010100000000
1988453	05414214	0	00000000000000
1988942	05418c80	2	00000000000002
1989951	05422103	17	0000000000002c
1990200	05424038	1432	00000100000000
1990828	05429900	555	00000000180030
1991405	05434220	0	00000000000000
1992123	05441124	0	00000000000000
1992314	0544208a	0	00000000000000
1992438	05442680	0	00000000000000
1992518	05443084	0	00000000000000
1992530	05443180	0	00000000000000
1992850	05446009	1432	00000100000000
1993220	0544a018	1648	00000200000000
1993318	0544c102	553	00000000180000
1993572	054508c0	0	00000000000000
1993933	0545c080	0	00000000000000
1994382	05466001	1432	00000100000000
1994623	0548001d	1432	00000100000000
1994664	0548009c	3717	00010100000000
1995438	05482250	1648	00000200000000
1995640	05484038	3717	00010100000000
1995701	05484188	3717	00010100000000
1996140	05488580	0	00000000000000
1996391	0548c240	0	00000000000000
1996556	05490310	0	00000000000000
1996733	05492012	3658	00010000080000
1996962	05499002	3658	00010000080000
1997249	054a1102	553	00000000180000
1997306	054a2060	1741	00000300000000
1997326	054a2210	1682	00000200100000
1997693	054c0029	1432	00000100000000
1997759	054c0184	1432	00000100000000
1997834	054c0540	0	00000000000000
1997908	054c1014	0	00000000000000
1998280	054d0210	0	00000000000000
1998322	054d2010	1489	00000100080000
1998926	05500a42	1670	00000200020000
1999106	05501308	0	00000000000000
1999163	05501812	3641	00010000000010
1999261	055020c1	1432	00000100000000
1999505	0550401a	3640	00010000000000
2000347	05510062	3641	00010000000010
2000476	05510610	0	00000000000000
2000720	05514210	0	00000000000000
2001051	05520821	0	00000000000000
2001061	05520860	1672	00000200020010
2001171	05522018	1753	00000300020000
2001568	05540026	1648	00000200000000
2001817	05541220	0	00000000000000
2001902	05542820	1648	00000200000000
2001974	05544600	0	00000000000000
2002458	05580206	1648	00000200000000
2002927	0558c200	0	00000000000000
2003267	055c2002	1648	00000200000000
2003276	055c2400	0	00000000000000
2004051	05601c20	0	00000000000000
2004075	05602038	384	00000000020000
2004249	05602901	9	0000000000000c
2004661	05606120	0	00000000000000
2005298	05610444	0	00000000000000
2005715	0561c100	0	00000000000000
2006064	05622804	391	0000000002000e
2006097	05624024	0	00000000000000
2006201	05628090	391	0000000002000e
2007296	05680184	0	00000000000000
2008231	057000a1	0	00000000000000
2008248	05700111	0	00000000000000
2009273	0578a000	0	00000000000000
2009739	05800683	0	00000000000000
2010000	05800c0d	0	00000000000000
2010072	05800d48	0	00000000000000
2011063	05802c03	0	00000000000000
2011098	05802d80	2	00000000000002
2011836	05805029	0	00000000000000
2012113	05806130	4214	00030100180000
2012890	05809121	15	00000000000020
2013182	0580a448	0	00000000000000
2013375	0580c0a1	0	00000000000000
2013482	0580c510	553	00000000180000
2013821	0581020b	0	00000000000000
2014278	0581120c	2474	00001000000000
2014279	05811211	0	00000000000000
2014347	05811604	0	00000000000000
2014864	0581480a	3640	00010000000000
2014924	05815018	3640	00010000000000
2015069	05818023	16	00000000000024
2015345	0581a003	16	00000000000024
2016266	05822086	1976	0000080002003e
2017229	0582aa00	1900	00000600320009
2017278	0582c180	0	00000000000000
2017751	05834500	522	00000000080000
2018196	05840614	0	00000000000000
2018595	05841a20	4121	00021000100000
2018732	05842409	0	00000000000000
2018912	05844032	4033	00020000180000
2018954	05844109	1432	00000100000000
2019027	05844424	0	00000000000000
2019337	05848182	4125	00021800000000
2019628	0584c00c	4024	00020000000000
2019845	05850422	522	00000000080000
2019983	05851410	522	00000000080000
2020062	05852880	1951	00000800000000
2021184	05880443	0	00000000000000
2021371	05880a09	0	00000000000000
2023123	05892900	3793	00010c00080000
2023421	058a0209	0	00000000000000
2024023	058c001c	4133	00021f00000000
2024085	058c0141	1432	00000100000000
2024338	058c2204	4073	00020600000000
2024386	058c4014	4070	00020100000000
2024712	058e0048	2708	00001f00000000
2024743	058e0410	553	00000000180000
2025318	05900e04	570	00000000200001
2025320	05900e10	570	00000000200001
2026012	05904842	4173	00030000000000
2028016	05940411	0	00000000000000
2028136	059410a0	4024	00020000000000
2028704	05974000	1432	00000100000000
2029106	05984201	0	00000000000000
2029599	059c1800	4024	00020000000000
2029938	05a004c8	0	00000000000000
2029939	05a004d0	0	00000000000000
2030219	05a010b0	0	00000000000000
2030323	05a01520	0	00000000000000
2030374	05a01a08	0	00000000000000
2030455	05a02118	587	00000000220000
2030559	05a0280a	587	00000000220000
2030853	05a04824	0	00000000000000
2031030	05a07004	0	00000000000000
2031850	05a13008	0	00000000000000
2032391	05a22420	571	00000000200003
2033558	05a80019	0	00000000000000
2033598	05a800a4	0	00000000000000
2033677	05a80411	0	00000000000000
2033809	05a81204	0	00000000000000
2033947	05a84110	0	00000000000000
2035175	05b14010	0	00000000000000
2035448	05b48080	0	00000000000000
2036233	05c01182	3643	00010000000030
2036298	05c01484	0	00000000000000
2036738	05c04181	1432	00000100000000
2036780	05c04380	0	00000000000000
2037370	05c0a810	3743	000102001a003e
2037737	05c11202	0	00000000000000
2037876	05c14110	3729	00010100080000
2038077	05c20086	397	0000000002003e
2038346	05c22060	1756	0000030002003c
2039237	05c48880	0	00000000000000
2039367	05c52200	0	00000000000000
2039724	05c80884	3640	00010000000000
2040247	05ca0108	1741	00000300000000
2040513	05d0001a	3734	00010200020000
2040655	05d00504	2	00000000000002
2040940	05d05020	3640	00010000000000
2041292	05d28004	1673	00000200020012
2041525	05d80440	0	00000000000000
2042001	05e03010	0	00000000000000
2042861	05f01400	0	00000000000000
2043747	06000cc9	3364	00008000800000
2044628	06001d05	0	00000000000000
2045629	06003243	2720	00002000000000
2045705	06003426	0	00000000000000
2045772	06003584	672	00000001000000
2045784	06003612	2741	00002000100000
2046407	060046c2	5468	01800000000000
2047795	06007083	0	00000000000000
2049146	06009898	2531	00001800000000
2049283	0600a04b	2720	00002000000000
2049469	0600a360	2985	00002600000000
2050072	0600c143	0	00000000000000
2050202	0600c423	0	00000000000000
2050491	0600d02a	0	00000000000000
2050974	0600f804	0	00000000000000
2051263	06010469	3364	00008000800000
2051905	06011213	0	00000000000000
2053263	06014524	3374	00008000c00000
2053471	06014e01	0	00000000000000
2054092	06018185	0	00000000000000
2054230	06018470	0	00000000000000
2054314	06018740	0	00000000000000
2054524	06019094	2564	00001801000000
2054806	0601a281	0	00000000000000
2056486	06021829	0	00000000000000
2057286	06023520	687	00000001180000
2057342	06023b00	684	00000001100000
2057583	06024443	0	00000000000000
2058001	06025520	5361	01000000180000
2058313	06027090	0	00000000000000
2058567	0602840e	569	00000000200000
2059164	0602a222	1897	00000600300001
2060072	06030849	0	00000000000000
2060581	060324c0	0	00000000000000
2060829	06034290	0	00000000000000
2061086	0603800d	0	00000000000000
2062351	06041055	0	00000000000000
2062965	06042229	2720	00002000000000
2063023	06042341	2720	00002000000000
2063444	06043409	2720	00002000000000
2064468	06046c04	0	00000000000000
2064916	06048898	2531	00001800000000
2065349	0604a214	1908	00000601000000
2065881	0604e480	0	00000000000000
2066507	06051281	0	00000000000000
2066750	06052414	672	00000001000000
2067191	06055900	522	00000000080000
2067329	06058105	0	00000000000000
2067443	06058811	0	00000000000000
2067659	0605c084	0	00000000000000
2067688	0605c480	0	00000000000000
2068192	06060c41	0	00000000000000
2069153	0606810c	2683	00001e00000000
2069239	060684c0	0	00000000000000
2069434	0606a802	2373	00000e00180000
2071232	0608180e	5394	01001800000000
2071566	060822a2	0	00000000000000
2072010	06083405	0	00000000000000
2073101	06087804	0	00000000000000
2073453	06088829	2720	00002000000000
2073524	06088a03	2720	00002000000000
2073663	06089106	2531	00001800000000
2073827	0608a00d	0	00000000000000
2074396	0608dc00	553	00000000180000
2074445	0608e408	0	00000000000000
2074756	06090541	3364	00008000800000
2075119	06091502	522	00000000080000
2075666	06094890	3374	00008000c00000
2076530	060a044c	5468	01800000000000
2076751	060a0c11	0	00000000000000
2077116	060a2282	0	00000000000000
2077459	060a4680	5468	01800000000000
2078279	060b0700	672	00000001000000
2079047	060c0892	5537	01801800000000
2079685	060c401c	5503	01800100000000
2079942	060c5402	5361	01000000180000
2080646	060d0508	0	00000000000000
2081189	060e0430	5483	01800001180000
2081299	060e1088	5394	01001800000000
2082415	06100c1a	5614	0180a000200000
2082518	06100ec0	5468	01800000000000
2082526	06100f80	5468	01800000000000
2084288	06105103	0	00000000000000
2084642	06106890	3374	00008000c00000
2085737	0610ba00	2720	00002000000000
2086425	06110701	0	00000000000000
2086539	06110a82	0	00000000000000
2086710	06111301	0	00000000000000
2086900	061121a0	3487	00008100c00000
2087724	06119201	0	00000000000000
2087803	0611a410	570	00000000200001
2088877	06123050	0	00000000000000
2089248	06126204	0	00000000000000
2089658	0612c011	0	00000000000000
2089952	06130b00	1810	00000400200001
2090619	06140682	5468	01800000000000
2091821	06148520	2720	00002000000000
2092459	06152420	0	00000000000000
2092936	06161120	5356	01000000000000
2093011	06162240	1860	00000600000000
2094062	06181a08	5405	01002000000000
2095023	0618a018	2985	00002600000000
2095029	0618a041	2720	00002000000000
2095575	06194101	3487	00008100c00000
2096044	061a2041	1432	00000100000000
2096374	061b1020	0	00000000000000
2096886	061c8014	1860	00000600000000
2097194	061e4001	1432	00000100000000
2098202	062012a1	0	00000000000000
2098295	062014d0	0	00000000000000
2098991	06202c41	0	00000000000000
2099165	06203488	0	00000000000000
2099216	06203904	672	00000001000000
2099513	06204511	610	00000000400000
2101713	06210185	610	00000000400000
2102211	06211290	672	00000001000000
2102438	06212310	690	00000001200001
2102470	06212501	610	00000000400000
2103397	0621c840	0	00000000000000
2103780	06220849	0	00000000000000
2104665	06225044	0	00000000000000
2105358	062302c0	0	00000000000000
2105809	0624001b	0	00000000000000
2106736	06242c10	672	00000001000000
2106938	06244421	0	00000000000000
2107147	06246500	0	00000000000000
2107560	0624c088	0	00000000000000
2107808	06250842	0	00000000000000
2108014	06254084	0	00000000000000
2108323	06260442	5309	00800000000000
2109353	06280e01	0	00000000000000
2109421	06281109	0	00000000000000
2109426	06281114	672	00000001000000
2109705	06282409	610	00000000400000
2109847	06283401	0	00000000000000
2110227	06287080	0	00000000000000
2111014	06292220	672	00000001000000
2111901	062b4008	0	00000000000000
2112075	062c0501	0	00000000000000
2113088	0630082c	5323	00800000600000
2113458	06302007	0	00000000000000
2113694	06303042	0	00000000000000
2113777	06304068	5309	00800000000000
2113804	0630410a	5309	00800000000000
2114251	06308484	0	00000000000000
2114938	06314022	0	00000000000000
2115425	06322042	0	00000000000000
2115429	06322060	0	00000000000000
2115530	06324280	5309	00800000000000
2115978	06340821	0	00000000000000
2117098	06388088	0	00000000000000
2119380	06403023	2720	00002000000000
2119914	06404704	5468	01800000000000
2119926	06404816	5572	01808000000000
2120094	0640501c	5356	01000000000000
2120244	06405608	5356	01000000000000
2120405	06406242	0	00000000000000
2122458	06411019	0	00000000000000
2123095	06414448	3364	00008000800000
2123115	06414604	0	00000000000000
2123389	06418124	0	00000000000000
2123613	0641a011	0	00000000000000
2124595	06422260	1648	00000200000000
2124762	06423440	0	00000000000000
2124988	06424c02	5476	01800000180000
2126168	06440039	2870	00002100000000
2126761	064412a0	5356	01000000000000
2127122	06443108	2720	00002000000000
2127883	0644b400	2744	00002000180000
2128385	06454401	0	00000000000000
2128423	06456020	1489	00000100080000
2129477	064804c2	5572	01808000000000
2130922	0648a801	2720	00002000000000
2130978	0648c120	553	00000000180000
2131551	06498820	522	00000000080000
2131808	064a0c04	5468	01800000000000
2132451	064c0821	2720	00002000000000
2132812	064ca008	2892	00002200000000
2134657	06508980	0	00000000000000
2134957	065100a1	3487	00008100c00000
2135172	06511210	0	00000000000000
2136091	06530810	0	00000000000000
2137525	0658c800	0	00000000000000
2137744	065a4020	5503	01800100000000
2137976	06600093	0	00000000000000
2138677	0660204c	0	00000000000000
2139779	06610046	0	00000000000000
2139780	06610049	0	00000000000000
2139891	06610430	610	00000000400000
2140060	06612044	0	00000000000000
2140763	06626010	0	00000000000000
2140923	06630402	0	00000000000000
2140963	06632100	0	00000000000000
2141288	0664200c	0	00000000000000
2141456	0664800a	0	00000000000000
2142117	06682048	0	00000000000000
2142284	06688042	0	00000000000000
2143757	06780011	610	00000000400000
2143897	067a0400	5309	00800000000000
2144977	068014c8	5356	01000000000000
2145887	06803848	3043	00002800000000
2147136	0680840b	2720	00002000000000
2147542	06809406	0	00000000000000
2147829	0680a888	1951	00000800000000
2148134	0680ca80	0	00000000000000
2148586	06810606	570	00000000200001
2149094	0681220c	1809	00000400200000
2149137	06812424	3400	00008001e00001
2149173	06812809	3374	00008000c00000
2149606	06816102	3357	00008000080000
2150020	0681c005	0	00000000000000
2151772	0682a022	2386	00000e00380001
2152736	06840485	0	00000000000000
2152962	06840c82	5468	01800000000000
2153143	06841604	5362	01000001000000
2153489	06843a00	2772	00002001100000
2153538	068440a4	5503	01800100000000
2153640	06844502	5476	01800000180000
2153854	06847800	553	00000000180000
2154018	06848680	672	00000001000000
2154718	06854300	0	00000000000000
2154817	06858480	672	00000001000000
2157204	0688a009	2720	00002000000000
2157587	06890c80	3396	00008001c00000
2158512	068b0082	2531	00001800000000
2158694	068c0203	2720	00002000000000
2158741	068c0422	5547	01802000180000
2158970	068c3100	3048	00002801180000
2158978	068c400a	5468	01800000000000
2159062	068c6400	553	00000000180000
2159406	068e8800	2695	00001e01180000
2160535	06904288	5468	01800000000000
2160705	06905808	5356	01000000000000
2160781	06907004	0	00000000000000
2162184	06924030	5503	01800100000000
2162528	06940092	5468	01800000000000
2162608	06940406	5468	01800000000000
2163568	06981402	5405	01002000000000
2164123	069c000c	5529	01800700000000
2164237	069cc000	0	00000000000000
2164768	06a0100d	0	00000000000000
2165201	06a02c20	696	00000001600001
2165205	06a02e00	690	00000001200001
2165397	06a0440c	5321	00800000400000
2165587	06a06102	0	00000000000000
2166051	06a0c440	0	00000000000000
2166229	06a10448	0	00000000000000
2166239	06a10501	610	00000000400000
2166249	06a10604	690	00000001200001
2166315	06a1100a	0	00000000000000
2167012	06a23200	672	00000001000000
2167615	06a41a00	672	00000001000000
2167807	06a48081	0	00000000000000
2168157	06a80023	0	00000000000000
2168744	06a90202	0	00000000000000
2169337	06b01005	0	00000000000000
2169403	06b02005	610	00000000400000
2169411	06b02018	620	00000000600000
2169883	06b22200	570	00000000200001
2170841	06c01211	2720	00002000000000
2170892	06c01481	0	00000000000000
2172185	06c10290	0	00000000000000
2172961	06c22208	1648	00000200000000
2173303	06c38004	0	00000000000000
2173884	06c50014	1432	00000100000000
2174035	06c60208	5507	01800200000000
2174087	06c64001	1432	00000100000000
2174721	06c90102	3357	00008000080000
2174883	06ca1020	5361	01000000180000
2175040	06cc4002	5476	01800000180000
2175936	06d40050	5563	01802300000000
2177067	06e40021	0	00000000000000
2177683	070001c5	1432	00000100000000
2177885	070004d2	0	00000000000000
2177995	070006a2	0	00000000000000
2179882	07004641	0	00000000000000
2180074	07005016	0	00000000000000
2181610	0700c083	0	00000000000000
2183073	07014428	0	00000000000000
2183354	070180c1	0	00000000000000
2184390	07021442	0	00000000000000
2185026	07025402	553	00000000180000
2185728	07030502	599	00000000280001
2185785	07030a20	2500	00001400200001
2185850	07031440	0	00000000000000
2186010	07035002	522	00000000080000
2186148	07040033	0	00000000000000
2186799	07041803	0	00000000000000
2187656	07048510	553	00000000180000
2188250	0705200c	2306	00000d00000000
2188499	0705a080	1951	00000800000000
2188568	070600b0	2619	00001900000000
2188915	07064110	1499	00000100180000
2188976	07068006	2683	00001e00000000
2189414	07080415	0	00000000000000
2189736	07081092	2531	00001800000000
2190740	07088822	2687	00001e00180000
2190943	0708c041	0	00000000000000
2191552	0709a001	0	00000000000000
2192336	070c0181	1432	00000100000000
2192658	070c4180	1432	00000100000000
2192684	070c4840	0	00000000000000
2192838	070d0050	2666	00001d00000000
2194341	07105401	0	00000000000000
2194445	07108015	0	00000000000000
2194480	0710808c	0	00000000000000
2194982	07110209	0	00000000000000
2195401	07118440	0	00000000000000
2195617	07120640	0	00000000000000
2195742	07122005	1432	00000100000000
2196180	071400a1	1432	00000100000000
2196261	07140411	0	00000000000000
2196344	07140b00	1860	00000600000000
2196474	07142500	0	00000000000000
2196632	07148240	1860	00000600000000
2196872	07160804	1860	00000600000000
2197028	07180181	1432	00000100000000
2197643	071a0024	1932	00000700000000
2198605	07201890	0	00000000000000
2199678	0720c102	0	00000000000000
2199997	07211202	0	00000000000000
2200160	07214802	0	00000000000000
2200296	0721c400	0	00000000000000
2200838	0722a020	570	00000000200001
2201454	07248050	0	00000000000000
2202839	07300148	0	00000000000000
2203281	07308840	0	00000000000000
2204700	07402188	1432	00000100000000
2206015	0741200a	0	00000000000000
2206130	07414220	0	00000000000000
2206323	07420089	1432	00000100000000
2206763	07428084	0	00000000000000
2206929	07432040	1432	00000100000000
2207288	07442202	1682	00000200100000
2208162	07484044	1432	00000100000000
2208944	07500902	1648	00000200000000
2208982	07501024	0	00000000000000
2210492	07610240	0	00000000000000
2210673	07625000	0	00000000000000
2211442	07800426	570	00000000200001
2211509	07800584	0	00000000000000
2211760	078010a1	0	00000000000000
2212240	07804038	1432	00000100000000
2212265	07804098	1432	00000100000000
2212299	07804182	0	00000000000000
2212609	0780804a	2683	00001e00000000
2213144	07810260	2495	00001400000000
2213461	07814804	0	00000000000000
2214538	07841204	2474	00001000000000
2215150	078800d0	2619	00001900000000
2215576	07888090	2531	00001800000000
2215601	07888420	553	00000000180000
2215771	07898400	522	00000000080000
2215984	078c1040	2531	00001800000000
2216441	07904024	1432	00000100000000
2216848	07925000	0	00000000000000
2217434	07a01018	0	00000000000000
2218053	07a40110	0	00000000000000
2218561	07c00051	1432	00000100000000
2218762	07c01012	553	00000000180000
2219658	07cc0002	1691	00000200180000
2222949	08003389	0	00000000000000
2230535	0800d443	0	00000000000000
2239572	0802018f	0	00000000000000
2241559	080224e8	0	00000000000000
2242539	0802406d	0	00000000000000
2244483	08027821	0	00000000000000
2245287	08028e09	0	00000000000000
2247031	0802d016	4743	00100040000000
2247393	0802e501	0	00000000000000
2247993	0803080f	0	00000000000000
2249348	08033083	844	00000010000020
2249616	08034129	0	00000000000000
2250001	08034c48	1303	00000040000000
2254592	08043309	0	00000000000000
2258722	0804b085	107	00000000000800
2259668	0804e0a4	5074	00320000000000
2259767	0804e4a0	0	00000000000000
2262406	0805500d	0	00000000000000
2266142	08063205	0	00000000000000
2267713	08068a81	0	00000000000000
2268449	0806c80c	0	00000000000000
2269402	08072098	4528	00080000000000
2269477	08072380	4601	00080021000000
2278222	0808e086	5089	00330000000000
2280289	08093085	843	00000010000000
2281223	08096083	3350	00008000000000
2283591	080a0d88	0	00000000000000
2284085	080a1c0a	0	00000000000000
2284359	080a2449	0	00000000000000
2284545	080a2a0c	0	00000000000000
2284876	080a4087	0	00000000000000
2285088	080a4486	0	00000000000000
2285396	080a510a	0	00000000000000
2285416	080a5188	0	00000000000000
2285435	080a5241	0	00000000000000
2288216	080b401a	0	00000000000000
2291960	080c6c40	0	00000000000000
2295217	080e001b	0	00000000000000
2296514	080e6024	4664	00100000000000
2302404	0810704a	5013	00230000000000
2305310	0810dc08	0	00000000000000
2305457	0810e460	0	00000000000000
2305507	0810e890	5089	00330000000000
2310819	081210c5	87	00000000000400
2311942	08123888	0	00000000000000
2312058	0812412c	0	00000000000000
2312139	0812428c	0	00000000000000
2312951	08127280	0	00000000000000
2314280	0812e050	4664	00100000000000
2317168	08141419	0	00000000000000
2318984	08146288	5001	00220000000000
2320012	0814a441	0	00000000000000
2326283	08182509	3374	00008000c00000
2328970	0818d050	5089	00330000000000
2330219	08194409	3374	00008000c00000
2331202	081a0581	0	00000000000000
2331993	081a4181	0	00000000000000
2332261	081a6810	4664	00100000000000
2333117	081b4048	0	00000000000000
2334401	081c4281	5192	00440080000000
2335082	081cc808	5288	00660080000000
2336343	081f8008	0	00000000000000
2338255	082022c9	0	00000000000000
2339009	08203243	0	00000000000000
2339080	08203419	0	00000000000000
2340393	08205468	1303	00000040000000
2340464	08205660	0	00000000000000
2344309	0820f024	1303	00000040000000
2348999	0822044b	0	00000000000000
2349822	0822160c	0	00000000000000
2350253	0822244c	1303	00000040000000
2350456	08222a88	4544	00080000020000
2350640	08223412	1303	00000040000000
2350714	08223a01	0	00000000000000
2354289	08234888	0	00000000000000
2354381	08235840	1303	00000040000000
2355957	08241485	0	00000000000000
2356704	0824300e	0	00000000000000
2361711	08261290	672	00000001000000
2361815	08261c08	0	00000000000000
2365325	08283103	0	00000000000000
2365408	08283450	0	00000000000000
2368605	08292083	704	00000002000000
2370348	082a1828	0	00000000000000
2370915	082a5050	0	00000000000000
2371038	082a7400	0	00000000000000
2371369	082aa280	1080	00000021000000
2372859	082c220c	0	00000000000000
2373181	082c440c	0	00000000000000
2374095	082d1003	0	00000000000000
2376287	083018c1	87	00000000000400
2377830	08305d00	0	00000000000000
2378968	0830a441	0	00000000000000
2379142	0830c049	5193	00440080001000
2379397	0830d808	0	00000000000000
2383022	0832b004	0	00000000000000
2384218	0834108c	0	00000000000000
2384394	08341c40	0	00000000000000
2385491	0834e002	0	00000000000000
2387692	08383030	0	00000000000000
2387731	08383500	0	00000000000000
2388043	08386028	610	00000000400000
2388524	0838c480	0	00000000000000
2389123	083a0007	0	00000000000000
2389163	083a008c	0	00000000000000
2389447	083a2204	0	00000000000000
2390066	083c1280	0	00000000000000
2390069	083c1402	0	00000000000000
2390617	083f4000	0	00000000000000
2392503	08402299	0	00000000000000
2393383	084034a2	964	0000001c000200
2393612	08403d80	964	0000001c000200
2395279	0840688c	3861	00018000c00000
2395386	08406cc0	3364	00008000800000
2397442	0840b085	849	00000010000a20
2398205	0840d203	0	00000000000000
2398283	0840d640	0	00000000000000
2398507	0840e805	0	00000000000000
2398553	0840ec04	0	00000000000000
2401424	08416188	3861	00018000c00000
2401511	08416806	4820	00118000000000
2403789	0842101b	0	00000000000000
2404533	08422491	864	00000012000000
2404951	08423818	0	00000000000000
2406850	0842a444	930	00000016000000
2407491	0843020d	0	00000000000000
2407798	08430a81	0	00000000000000
2410721	08442491	0	00000000000000
2411181	08443c40	790	0000000c000000
2413030	0844a418	770	00000008000000
2414485	08452e00	0	00000000000000
2414830	08455808	0	00000000000000
2416055	08461888	0	00000000000000
2416662	0846600a	0	00000000000000
2420255	08485019	0	00000000000000
2420399	08485508	0	00000000000000
2420576	08486288	0	00000000000000
2420595	08486412	3358	00008000180000
2420617	08486502	3358	00008000180000
2422000	0848d090	4769	00110000000000
2424736	084a21a0	4732	00100016000000
2424936	084a3880	4720	00100014000000
2425186	084a50a0	4664	00100000000000
2426062	084b2044	4732	00100016000000
2426106	084b2840	4732	00100016000000
2427117	084c21c0	4711	0010000c040000
2427160	084c2411	0	00000000000000
2427298	084c3300	551	00000000140000
2427510	084c4890	5277	00540000000000
2427542	084c5006	4664	00100000000000
2431152	08502e01	0	00000000000000
2432181	08506205	0	00000000000000
2433133	0850a085	0	00000000000000
2434649	08512882	4977	00198000000052
2436539	08523202	0	00000000000000
2438818	08542601	0	00000000000000
2440553	08561011	0	00000000000000
2441631	08581418	0	00000000000000
2447782	08606844	0	00000000000000
2448886	0860bc00	0	00000000000000
2450592	08616600	0	00000000000000
2456098	08661404	0	00000000000000
2456375	0866a800	4541	000800000008c0
2457249	08682049	0	00000000000000
2457263	08682086	704	00000002000000
2458657	08692210	0	00000000000000
2458996	086a0281	0	00000000000000
2459080	086a0888	0	00000000000000
2461720	08706402	0	00000000000000
2463006	08721050	0	00000000000000
2463714	08741404	0	00000000000000
2464538	08781801	0	00000000000000
2465076	087b2000	0	00000000000000
2465162	087c2020	0	00000000000000
2473074	0880e403	0	00000000000000
2476146	08816888	5000	00218000c00000
2479993	088248c8	0	00000000000000
2480592	08827404	1303	00000040000000
2483099	08834406	1303	00000040000000
2485554	08842c81	0	00000000000000
2486148	08844843	5193	00440080001000
2486683	0884680c	5001	00220000000000
2486788	08847801	0	00000000000000
2487429	08849441	0	00000000000000
2491701	0886b001	107	00000000000800
2499794	088a5081	0	00000000000000
2500331	088ac420	553	00000000180000
2500496	088b040a	0	00000000000000
2503553	088e1081	0	00000000000000
2503699	088e4084	4664	00100000000000
2511333	08924510	0	00000000000000
2512829	08940509	0	00000000000000
2513522	089430c0	5074	00320000000000
2514834	08957000	5045	00300000000000
2515869	0898048a	3350	00008000000000
2516274	08981608	0	00000000000000
2516373	08982089	3374	00008000c00000
2516680	08984109	5245	00448080c00000
2518659	089b4100	4664	00100000000000
2522287	08a06148	1303	00000040000000
2524483	08a1140a	1303	00000040000000
2524847	08a13408	1303	00000040000000
2525726	08a20099	0	00000000000000
2525823	08a20229	0	00000000000000
2529350	08a45c00	0	00000000000000
2536745	08b0c042	5193	00440080001000
2537527	08b204c0	0	00000000000000
2539667	08ba8040	0	00000000000000
2541171	08c02093	3416	0000801200022c
2546887	08c22450	930	00000016000000
2547012	08c23300	540	00000000100000
2549338	08c42c01	0	00000000000000
2550586	08c53002	4714	0010000c080000
2552374	08c82881	3429	00008012c00000
2552404	08c82c40	3444	0000801e800000
2552451	08c83280	453	00000000040000
2553149	08c8a090	4804	0011001e040000
2554498	08cb2080	4732	00100016000000
2554805	08cc1480	790	0000000c000000
2556493	08d04484	3374	00008000c00000
2558067	08d22480	2	00000000000002
2558721	08d420a0	4840	001800000000c0
2560041	08dc0003	5185	00440000000000
2561540	08e06810	610	00000000400000
2563028	08e27000	0	00000000000000
2570520	090060b1	0	00000000000000
2582901	0902e802	4749	00100040180000
2583931	09034019	0	00000000000000
2585783	09041489	0	00000000000000
2586006	09041c81	0	00000000000000
2587533	09046144	5074	00320000000000
2587624	09046700	540	00000000100000
2587683	09047009	0	00000000000000
2588184	09048a88	5034	002a0000040000
2588562	0904a244	5034	002a0000040000
2588905	0904c604	0	00000000000000
2592169	09065044	4664	00100000000000
2592344	090680a8	4528	00080000000000
2592440	09068488	0	00000000000000
2594538	09081a81	0	00000000000000
2595559	09084485	0	00000000000000
2596800	09088e01	0	00000000000000
2597483	0908c809	0	00000000000000
2598317	09091484	0	00000000000000
2600480	090a3402	553	00000000180000
2600766	090a5402	553	00000000180000
2600780	090a5820	4684	00100000180000
2601190	090aa210	540	00000000100000
2601536	090b0c80	0	00000000000000
2602575	090c1a01	0	00000000000000
2602861	090c3404	0	00000000000000
2602880	090c4007	0	00000000000000
2603067	090c4882	5074	00320000000000
2603861	090d0640	0	00000000000000
2603973	090d1600	0	00000000000000
2604366	090e0284	0	00000000000000
2604742	090e8101	0	00000000000000
2606805	09103203	0	00000000000000
2606843	09103406	0	00000000000000
2606912	091038a0	5090	00330000000010
2609173	0910d021	0	00000000000000
2609292	0910e900	5089	00330000000000
2610973	0911a041	0	00000000000000
2611461	09120813	0	00000000000000
2611643	09121045	0	00000000000000
2611785	09121680	0	00000000000000
2612376	09125101	0	00000000000000
2613931	09140a21	0	00000000000000
2614017	0914102c	5001	00220000000000
2614505	09143900	5074	00320000000000
2614784	09145802	5074	00320000000000
2614828	09146140	5074	00320000000000
2615019	091484c0	0	00000000000000
2617378	09182224	5001	00220000000000
2617822	09185140	5089	00330000000000
2617861	09186012	5089	00330000000000
2617908	09186600	0	00000000000000
2618224	0918a011	0	00000000000000
2618794	09194280	4986	00200000000000
2619089	091a0482	0	00000000000000
2619484	091aa010	4664	00100000000000
2619951	091c2204	5001	00220000000000
2620350	091e0280	0	00000000000000
2620357	091e0420	0	00000000000000
2621482	09201486	0	00000000000000
2624157	09209c40	1303	00000040000000
2625603	09212181	108	00000000000804
2627291	09221803	0	00000000000000
2628686	09231041	107	00000000000800
2629777	092420c2	4528	00080000000000
2629936	09242c01	0	00000000000000
2631610	09260e00	0	00000000000000
2632812	09282051	0	00000000000000
2633649	09288c08	0	00000000000000
2633666	09289021	0	00000000000000
2634682	092a1022	0	00000000000000
2634686	092a1041	0	00000000000000
2634763	092a20a0	0	00000000000000
2637095	093044c0	0	00000000000000
2638576	09321102	0	00000000000000
2639369	09343400	0	00000000000000
2639546	0934a040	4528	00080000000000
2639712	09360090	4528	00080000000000
2640162	09382500	0	00000000000000
2640534	093a0108	0	00000000000000
2640684	093c0401	0	00000000000000
2640777	093e0004	0	00000000000000
2641624	09401095	114	00000000000820
2642091	09402039	0	00000000000000
2645012	0940cc40	0	00000000000000
2646487	09416210	0	00000000000000
2646858	0941a404	2	00000000000002
2646965	0941d400	522	00000000080000
2647038	094200c9	0	00000000000000
2648119	09424448	0	00000000000000
2648189	09424a80	0	00000000000000
2648240	09425208	0	00000000000000
2649139	09432500	523	00000000080002
2650665	09446048	0	00000000000000
2653083	09481809	0	00000000000000
2653210	09482150	4774	00110000040000
2653764	09486804	4769	00110000000000
2654459	09490e00	0	00000000000000
2656227	094e1002	4684	00100000180000
2656671	095008a1	0	00000000000000
2657171	09502610	0	00000000000000
2660063	095600c0	4832	00180000000000
2660261	0958020c	0	00000000000000
2660955	095a5000	4664	00100000000000
2662307	09604803	0	00000000000000
2662852	0960a820	4554	0008000002080e
2664163	09632010	4539	00080000000806
2665401	09684060	0	00000000000000
2665461	09686004	0	00000000000000
2666016	09700061	0	00000000000000
2669686	09805112	5100	00330040180000
2670012	0980680a	5017	00230040000000
2670046	09806a04	5001	00220000000000
2670841	09809c80	0	00000000000000
2673613	0982060c	569	00000000200000
2674291	09823240	0	00000000000000
2674841	09828640	0	00000000000000
2675239	09830281	0	00000000000000
2676834	09844450	0	00000000000000
2677463	0984c210	5003	00220000100000
2679240	09880e01	0	00000000000000
2679776	09884045	0	00000000000000
2680035	09885820	5094	00330000180000
2680242	09888409	0	00000000000000
2681462	098a2240	0	00000000000000
2682366	098cc040	5074	00320000000000
2682522	098e0101	0	00000000000000
2683349	09902013	0	00000000000000
2683677	099040a2	5089	00330000000000
2683749	09904340	5001	00220000000000
2685384	09924021	0	00000000000000
2687030	09989008	5013	00230000000000
2687041	0998a004	5089	00330000000000
2689294	09a0f000	1303	00000040000000
2690916	09a44044	0	00000000000000
2691717	09a84006	0	00000000000000
2692315	09ae1000	0	00000000000000
2693431	09ba0040	0	00000000000000
2694820	09c07080	4769	00110000000000
2696675	09c40580	0	00000000000000
2696782	09c41240	453	00000000040000
2698224	09cc1040	4671	00100000040000
2698788	09d08101	0	00000000000000
2698845	09d0a080	4945	00190000020012
2699196	09d41200	0	00000000000000
2699495	09e000c1	111	0000000000080c
2700214	09e22800	4554	0008000002080e
2700547	09e92000	0	00000000000000
2704901	0a00580b	0	00000000000000
2708015	0a00c449	0	00000000000000
2710544	0a012c88	3374	00008000c00000
2711775	0a017801	0	00000000000000
2714190	0a021486	0	00000000000000
2714273	0a021807	87	00000000000400
2714479	0a022096	0	00000000000000
2715482	0a024780	0	00000000000000
2715572	0a024a0c	0	00000000000000
2715768	0a025403	0	00000000000000
2716650	0a02900b	0	00000000000000
2717506	0a02ec00	1323	00000040180000
2722333	0a047804	0	00000000000000
2722834	0a048e40	0	00000000000000
2723080	0a04a049	0	00000000000000
2724569	0a0524c0	0	00000000000000
2725328	0a059201	0	00000000000000
2726185	0a061680	672	00000001000000
2727838	0a078201	0	00000000000000
2727906	0a07e000	522	00000000080000
2730616	0a085c04	0	00000000000000
2733978	0a09a480	672	00000001000000
2734779	0a0a1888	0	00000000000000
2735390	0a0a6014	0	00000000000000
2738560	0a0d1401	0	00000000000000
2739284	0a0e4c00	553	00000000180000
2741356	0a10308a	0	00000000000000
2743792	0a10d120	0	00000000000000
2745262	0a117040	0	00000000000000
2745602	0a11a408	569	00000000200000
2746871	0a1244c0	0	00000000000000
2747430	0a12a802	570	00000000200001
2749318	0a144c10	0	00000000000000
2749654	0a148881	0	00000000000000
2750860	0a164028	0	00000000000000
2752693	0a188803	0	00000000000000
2752979	0a18e200	0	00000000000000
2753767	0a1a100a	0	00000000000000
2754091	0a1ac004	0	00000000000000
2754409	0a1c0881	0	00000000000000
2754540	0a1c2108	0	00000000000000
2754609	0a1c4082	0	00000000000000
2757274	0a204449	0	00000000000000
2759384	0a20e801	0	00000000000000
2759640	0a210449	0	00000000000000
2761910	0a221884	674	00000001000400
2762721	0a228418	1330	00000040200000
2764649	0a244091	0	00000000000000
2764858	0a245104	0	00000000000000
2766228	0a261081	0	00000000000000
2766346	0a263080	672	00000001000000
2766409	0a264808	0	00000000000000
2767910	0a285082	0	00000000000000
2768028	0a287100	0	00000000000000
2769358	0a2a2090	672	00000001000000
2769526	0a2a8088	0	00000000000000
2770066	0a2c2500	672	00000001000000
2770249	0a2c9002	0	00000000000000
2771543	0a303c00	0	00000000000000
2771769	0a30500c	0	00000000000000
2772029	0a308405	0	00000000000000
2772120	0a308c04	570	00000000200001
2772160	0a309110	87	00000000000400
2772272	0a30c003	0	00000000000000
2773091	0a320809	0	00000000000000
2774684	0a381401	0	00000000000000
2774787	0a38400a	0	00000000000000
2774935	0a388840	0	00000000000000
2775286	0a3c0440	0	00000000000000
2778006	0a405405	0	00000000000000
2778361	0a407201	0	00000000000000
2782294	0a42200e	0	00000000000000
2782917	0a426600	540	00000000100000
2783253	0a42a0a0	0	00000000000000
2783326	0a42c081	0	00000000000000
2783920	0a439008	0	00000000000000
2785264	0a446081	0	00000000000000
2786580	0a461088	0	00000000000000
2790046	0a4b3000	522	00000000080000
2790604	0a4c9080	453	00000000040000
2791796	0a502888	3374	00008000c00000
2792178	0a505c00	0	00000000000000
2793778	0a528440	0	00000000000000
2794321	0a54400c	0	00000000000000
2795209	0a585800	0	00000000000000
2798385	0a621408	0	00000000000000
2798420	0a622044	0	00000000000000
2798475	0a623040	0	00000000000000
2799860	0a6810c0	0	00000000000000
2801047	0a708021	0	00000000000000
2801219	0a711800	0	00000000000000
2804522	0a8061c0	3364	00008000800000
2804597	0a806604	0	00000000000000
2804663	0a80700a	1303	00000040000000
2804693	0a807140	1303	00000040000000
2807022	0a812c80	3396	00008001c00000
2808037	0a82020b	0	00000000000000
2809395	0a828403	0	00000000000000
2811173	0a842809	0	00000000000000
2811996	0a84a801	0	00000000000000
2812026	0a84c012	553	00000000180000
2813105	0a865020	553	00000000180000
2814330	0a883401	0	00000000000000
2814649	0a886024	3374	00008000c00000
2818366	0a904450	3364	00008000800000
2818386	0a904608	0	00000000000000
2818531	0a906048	3364	00008000800000
2818956	0a90c005	0	00000000000000
2821658	0a98c400	0	00000000000000
2822029	0a9c8040	0	00000000000000
2823297	0aa0500c	1303	00000040000000
2824709	0aa21204	674	00000001000400
2824972	0aa29001	87	00000000000400
2827327	0ab04404	610	00000000400000
2830804	0ac2400a	0	00000000000000
2831514	0ac44140	0	00000000000000
2831566	0ac46100	553	00000000180000
2835313	0af11000	0	00000000000000
2836132	0b000e0c	569	00000000200000
2836925	0b002505	0	00000000000000
2838010	0b005482	0	00000000000000
2838646	0b008511	0	00000000000000
2839690	0b00e102	1323	00000040180000
2841428	0b01a204	598	00000000240001
2841652	0b020149	0	00000000000000
2841733	0b0202a8	0	00000000000000
2842705	0b024490	0	00000000000000
2842768	0b024a80	0	00000000000000
2844713	0b042109	0	00000000000000
2844806	0b042510	553	00000000180000
2845126	0b044881	0	00000000000000
2845274	0b046408	0	00000000000000
2845512	0b048a80	453	00000000040000
2846024	0b051401	0	00000000000000
2846287	0b059080	453	00000000040000
2847507	0b081029	0	00000000000000
2847704	0b081c01	0	00000000000000
2847999	0b083c00	553	00000000180000
2849751	0b0a4014	0	00000000000000
2851839	0b103102	0	00000000000000
2852217	0b106801	0	00000000000000
2852566	0b10a210	570	00000000200001
2853229	0b11a002	570	00000000200001
2853586	0b122401	0	00000000000000
2853807	0b12c040	0	00000000000000
2854733	0b16a000	0	00000000000000
2854941	0b180890	0	00000000000000
2855425	0b198200	0	00000000000000
2856235	0b201043	0	00000000000000
2856335	0b201403	0	00000000000000
2856961	0b205060	1303	00000040000000
2857314	0b209018	1303	00000040000000
2857410	0b20a208	569	00000000200000
2858264	0b220700	570	00000000200001
2859224	0b246004	0	00000000000000
2859563	0b265000	0	00000000000000
2860193	0b290202	0	00000000000000
2860332	0b2a0802	0	00000000000000
2860368	0b2a4002	0	00000000000000
2860436	0b2c0088	0	00000000000000
2860517	0b2c8001	0	00000000000000
2860655	0b300211	0	00000000000000
2861008	0b306002	0	00000000000000
2861302	0b320804	570	00000000200001
2862838	0b404424	0	00000000000000
2863283	0b408c08	0	00000000000000
2863415	0b40a810	567	000000001c0000
2863477	0b40c280	0	00000000000000
2863847	0b412201	0	00000000000000
2864344	0b421208	0	00000000000000
2864498	0b424410	553	00000000180000
2864904	0b440450	0	00000000000000
2865169	0b444210	540	00000000100000
2865506	0b460840	0	00000000000000
2866042	0b488011	0	00000000000000
2866137	0b48c400	553	00000000180000
2867429	0b540900	0	00000000000000
2868084	0b604104	0	00000000000000
2868854	0b700088	0	00000000000000
2870373	0b807001	0	00000000000000
2871531	0b820422	1343	00000040380001
2871948	0b82c004	1303	00000040000000
2873277	0b884044	0	00000000000000
2873989	0b90040a	569	00000000200000
2874219	0b903004	0	00000000000000
2876751	0bc04480	0	00000000000000
2876885	0bc0c010	553	00000000180000
2877846	0be80400	0	00000000000000
2879515	0c001c98	771	00000008000200
2883803	0c009215	0	00000000000000
2884605	0c00aa88	4028	00020000020000
2885137	0c00c4a1	0	00000000000000
2885485	0c00d288	4024	00020000000000
2885535	0c00d604	0	00000000000000
2885767	0c00e80c	4173	00030000000000
2887205	0c012087	3415	00008012000224
2888148	0c0144c8	3364	00008000800000
2888708	0c016288	0	00000000000000
2891723	0c022309	0	00000000000000
2892479	0c024431	0	00000000000000
2892746	0c024e80	0	00000000000000
2892835	0c025209	0	00000000000000
2894655	0c03008b	0	00000000000000
2894989	0c03088c	0	00000000000000
2895163	0c0310b0	920	00000015000130
2895621	0c03400b	0	00000000000000
2896023	0c03808a	0	00000000000000
2898441	0c04400f	4353	00040000000000
2899016	0c045188	4024	00020000000000
2899146	0c045c01	0	00000000000000
2899477	0c048087	4353	00040000000000
2900066	0c049418	770	00000008000000
2900441	0c04ba00	4041	00020001100000
2900654	0c04cc02	553	00000000180000
2900976	0c050294	1085	00000021000100
2901024	0c050419	0	00000000000000
2901925	0c054320	0	00000000000000
2902430	0c059204	673	00000001000100
2903790	0c064640	0	00000000000000
2904396	0c06c210	540	00000000100000
2905968	0c081294	4040	00020001000100
2906921	0c083424	988	0000001d000000
2907398	0c084909	4425	00048000c00000
2908007	0c087900	4183	00030000180000
2908835	0c08a2a0	4057	00020021000000
2910707	0c096401	3374	00008000c00000
2912527	0c0a6401	0	00000000000000
2912644	0c0a8203	0	00000000000000
2913050	0c0b0083	864	00000012000000
2913156	0c0b0481	864	00000012000000
2913431	0c0b4480	0	00000000000000
2914127	0c0c1105	0	00000000000000
2914837	0c0c5220	4031	00020000100000
2916048	0c0e0218	0	00000000000000
2916433	0c0e8084	1158	00000025000100
2916570	0c0f0801	0	00000000000000
2917202	0c100983	4421	00048000000000
2918101	0c1022c8	4028	00020000020000
2918258	0c102816	4296	000380002200d3
2918263	0c102825	3374	00008000c00000
2919799	0c108283	4353	00040000000000
2920255	0c109406	0	00000000000000
2920459	0c10a282	4030	00020000020080
2920877	0c10d048	4173	00030000000000
2921524	0c111051	0	00000000000000
2921650	0c111510	0	00000000000000
2921671	0c111814	3641	00010000000010
2922170	0c114805	3374	00008000c00000
2923048	0c12042c	569	00000000200000
2923380	0c121111	0	00000000000000
2923417	0c121241	0	00000000000000
2924844	0c130a01	0	00000000000000
2925241	0c14008e	4474	00060000000000
2925696	0c140e80	0	00000000000000
2926173	0c143180	4024	00020000000000
2926283	0c144184	4474	00060000000000
2926976	0c14c300	4474	00060000000000
2927023	0c150007	0	00000000000000
2927259	0c151042	0	00000000000000
2927536	0c158808	0	00000000000000
2927830	0c1610c0	0	00000000000000
2927859	0c161802	0	00000000000000
2927862	0c161810	0	00000000000000
2928913	0c181580	0	00000000000000
2929837	0c188b00	4474	00060000000000
2929855	0c189012	4173	00030000000000
2931081	0c1a5100	0	00000000000000
2931504	0c1c0842	4474	00060000000000
2931544	0c1c1005	0	00000000000000
2931594	0c1c1440	0	00000000000000
2931874	0c1cc020	4474	00060000000000
2933343	0c2019a0	672	00000001000000
2935179	0c20808d	4353	00040000000000
2936163	0c20c043	4353	00040000000000
2937859	0c216c00	610	00000000400000
2938551	0c22042a	569	00000000200000
2938941	0c221380	672	00000001000000
2939538	0c224c01	0	00000000000000
2941654	0c243024	672	00000001000000
2942180	0c248288	4353	00040000000000
2942557	0c250061	0	00000000000000
2943429	0c262802	1057	000000200000c0
2943732	0c272080	1081	00000021000040
2944036	0c280509	610	00000000400000
2944905	0c284444	0	00000000000000
2946595	0c2a6040	0	00000000000000
2946663	0c2a8840	1104	00000022000000
2946865	0c2c0089	4353	00040000000000
2946875	0c2c00a8	4353	00040000000000
2947221	0c2c4104	4353	00040000000000
2947353	0c2c9020	672	00000001000000
2947481	0c2d4008	0	00000000000000
2947494	0c2d8004	1080	00000021000000
2948566	0c302a80	399	00000000020080
2948895	0c305108	0	00000000000000
2949079	0c308141	4353	00040000000000
2949283	0c309801	0	00000000000000
2949338	0c30a300	594	00000000220081
2949465	0c31000d	610	00000000400000
2950232	0c320b00	594	00000000220081
2950862	0c340608	0	00000000000000
2951735	0c380c40	0	00000000000000
2952206	0c3a0012	0	00000000000000
2952293	0c3a4008	0	00000000000000
2952448	0c3c8100	4353	00040000000000
2953927	0c402251	7	00000000000008
2955014	0c405058	3640	00010000000000
2955243	0c406089	3374	00008000c00000
2955408	0c406a04	0	00000000000000
2956420	0c40ac10	1026	0000001e180202
2956612	0c40c403	0	00000000000000
2957406	0c4110e0	3678	0001001c000330
2958434	0c418c08	771	00000008000200
2958449	0c419014	3678	0001001c000330
2959457	0c422121	866	0000001200002c
2959682	0c424015	0	00000000000000
2959969	0c426011	0	00000000000000
2960342	0c42a041	866	0000001200002c
2960522	0c430051	865	00000012000024
2960827	0c432401	864	00000012000000
2961576	0c44104c	770	00000008000000
2962215	0c444604	0	00000000000000
2962306	0c445102	553	00000000180000
2962566	0c448490	790	0000000c000000
2963489	0c4600c8	0	00000000000000
2964905	0c482148	3873	00018008800000
2966065	0c490418	3409	00008008c00000
2966257	0c492180	3899	0001801ec00000
2966486	0c49c010	3658	00010000080000
2966782	0c4a2003	864	00000012000000
2967810	0c4d1100	817	0000000c080100
2968455	0c500c28	3374	00008000c00000
2968895	0c502884	3864	00018000c200d2
2969720	0c50b800	3641	00010000000010
2969769	0c50c408	0	00000000000000
2969925	0c510302	0	00000000000000
2970097	0c511c00	0	00000000000000
2970182	0c514011	3374	00008000c00000
2970234	0c514808	3861	00018000c00000
2970520	0c520501	0	00000000000000
2970860	0c528120	410	000000000200d2
2971360	0c542082	41	000000000000c0
2972312	0c586004	3861	00018000c00000
2974670	0c610029	610	00000000400000
2975773	0c62c400	0	00000000000000
2976089	0c6408c0	4356	000400000000c0
2976499	0c650240	0	00000000000000
2976578	0c660005	0	00000000000000
2977374	0c694400	610	00000000400000
2980373	0c8024d0	3460	0000803e800200
2980584	0c802c90	3462	0000803fc00202
2981040	0c804416	3350	00008000000000
2981143	0c804690	0	00000000000000
2981481	0c805640	0	00000000000000
2981488	0c80580a	4173	00030000000000
2983688	0c81100e	3670	00010008000200
2984307	0c814310	0	00000000000000
2985244	0c82044a	0	00000000000000
2985836	0c8222c0	1065	00000020020088
2985975	0c823104	918	00000015000030
2987855	0c840c41	0	00000000000000
2988153	0c8420a8	4043	00020008000000
2988447	0c844103	4353	00040000000000
2988638	0c8450c0	4024	00020000000000
2988671	0c845820	4033	00020000180000
2990414	0c872040	1140	00000024000040
2991179	0c88202a	4305	00038008000000
2991435	0c883420	998	0000001d180000
2991469	0c884034	4524	00078000c00000
2991964	0c888502	1267	0000003e180000
2992356	0c890206	1058	00000020000100
2993264	0c8a5010	553	00000000180000
2994000	0c8c8180	4487	0006002d000100
2995037	0c901c40	0	00000000000000
2995225	0c902850	4299	000380008200d0
2996302	0c910601	0	00000000000000
2998542	0c982600	0	00000000000000
2998551	0c982900	4300	00038000c00000
2998561	0c983080	4173	00030000000000
2998857	0c994010	3861	00018000c00000
2999154	0c9e0001	0	00000000000000
2999803	0ca01444	0	00000000000000
3000195	0ca04049	4353	00040000000000
3000274	0ca04248	4353	00040000000000
3001925	0ca24021	0	00000000000000
3002500	0ca41410	672	00000001000000
3002683	0ca46400	0	00000000000000
3002884	0ca54004	0	00000000000000
3003301	0ca81140	0	00000000000000
3003555	0ca88500	1119	00000023000000
3003598	0ca8c020	4353	00040000000000
3004564	0cb0c004	4353	00040000000000
3005801	0cc01504	964	0000001c000200
3006011	0cc02460	3445	0000801e800200
3006370	0cc04c08	3374	00008000c00000
3006373	0cc04c40	3364	00008000800000
3006383	0cc05011	0	00000000000000
3006920	0cc0c180	4444	00050000000000
3007453	0cc18082	3699	0001001e000376
3007648	0cc20301	7	00000000000008
3007981	0cc26008	0	00000000000000
3008078	0cc2a200	549	00000000120088
3008661	0cc46008	0	00000000000000
3008988	0cc64002	553	00000000180000
3009261	0cc81018	3669	00010008000000
3009641	0cc90410	3448	0000801ec80000
3009716	0cca000a	0	00000000000000
3009823	0cca8040	936	00000016000100
3010368	0cd04009	4425	00048000c00000
3011433	0ce02011	724	0000000240000c
3011458	0ce02108	618	00000000420000
3015321	0d006428	0	00000000000000
3015666	0d008321	7	00000000000008
3015894	0d008a11	7	00000000000008
3016250	0d00a10c	4185	00030000220000
3016647	0d00c812	4183	00030000180000
3017019	0d0102d0	0	00000000000000
3017274	0d010a81	0	00000000000000
3018087	0d0150c0	3640	00010000000000
3019228	0d021148	0	00000000000000
3019253	0d021241	0	00000000000000
3019453	0d022184	397	0000000002003e
3019974	0d026101	0	00000000000000
3020888	0d034401	0	00000000000000
3020970	0d038201	0	00000000000000
3021364	0d040708	0	00000000000000
3021706	0d041812	4033	00020000180000
3021803	0d0420b0	4024	00020000000000
3022350	0d046088	4024	00020000000000
3023441	0d060046	0	00000000000000
3023584	0d060803	0	00000000000000
3023897	0d068084	0	00000000000000
3024387	0d080582	0	00000000000000
3024657	0d081112	4183	00030000180000
3024783	0d081888	4173	00030000000000
3025064	0d083104	4173	00030000000000
3025209	0d084290	4024	00020000000000
3025599	0d088441	0	00000000000000
3026519	0d0a008c	0	00000000000000
3026667	0d0a0884	0	00000000000000
3027069	0d0b0104	0	00000000000000
3027632	0d0c8048	4024	00020000000000
3027794	0d0d1200	0	00000000000000
3027946	0d0e8004	0	00000000000000
3028688	0d101d00	0	00000000000000
3028758	0d102124	4186	00030000220013
3030366	0d120025	0	00000000000000
3030594	0d121050	12	00000000000010
3030601	0d1210a0	12	00000000000010
3030896	0d12a100	592	00000000220013
3030941	0d1300a0	13	00000000000012
3031451	0d144480	0	00000000000000
3031625	0d150104	0	00000000000000
3031836	0d170002	0	00000000000000
3031848	0d172000	0	00000000000000
3032479	0d191004	3640	00010000000000
3032653	0d1b0004	0	00000000000000
3033660	0d20240c	569	00000000200000
3034132	0d206090	0	00000000000000
3034385	0d208980	391	0000000002000e
3034696	0d210103	4	00000000000004
3035227	0d220052	390	0000000002000c
3035243	0d220094	391	0000000002000e
3035333	0d220428	569	00000000200000
3035567	0d224009	0	00000000000000
3035851	0d234001	0	00000000000000
3036190	0d242088	0	00000000000000
3036213	0d242404	0	00000000000000
3036881	0d280860	0	00000000000000
3037174	0d288084	0	00000000000000
3037219	0d289004	0	00000000000000
3037654	0d2e0040	0	00000000000000
3038014	0d302900	589	00000000220003
3039345	0d4010a1	15	00000000000020
3039879	0d404144	3640	00010000000000
3040186	0d408031	17	0000000000002c
3040330	0d408610	540	00000000100000
3040539	0d40c00c	3640	00010000000000
3041423	0d421048	0	00000000000000
3041589	0d424210	540	00000000100000
3041610	0d424840	0	00000000000000
3042200	0d442410	553	00000000180000
3042526	0d454400	522	00000000080000
3042667	0d470004	0	00000000000000
3043145	0d488018	3640	00010000000000
3043311	0d491010	3658	00010000080000
3043509	0d4c0024	0	00000000000000
3044347	0d520044	393	00000000020010
3044408	0d522001	0	00000000000000
3044586	0d550001	0	00000000000000
3045006	0d600c40	0	00000000000000
3045318	0d609080	0	00000000000000
3045600	0d630400	2	00000000000002
3045685	0d642002	0	00000000000000
3045979	0d700410	2	00000000000002
3045982	0d700480	2	00000000000002
3045991	0d700840	384	00000000020000
3046691	0d801160	4175	00030000000030
3046983	0d802501	0	00000000000000
3047334	0d804c08	0	00000000000000
3047523	0d808089	0	00000000000000
3047705	0d809003	15	00000000000020
3048062	0d810406	571	00000000200003
3049394	0d840c10	553	00000000180000
3049406	0d841011	0	00000000000000
3050377	0d884044	4173	00030000000000
3051147	0d900844	4177	00030000020010
3051231	0d901402	0	00000000000000
3051324	0d903080	4174	00030000000010
3051366	0d904202	4024	00020000000000
3052018	0d982040	4173	00030000000000
3052055	0d990002	3640	00010000000000
3053497	0dc00111	17	0000000000002c
3054357	0dc48002	553	00000000180000
3054668	0dd04004	3640	00010000000000
3055992	0e00142c	0	00000000000000
3056591	0e002780	672	00000001000000
3056918	0e003620	684	00000001100000
3057308	0e00480b	3350	00008000000000
3057622	0e005504	0	00000000000000
3057770	0e006182	3350	00008000000000
3058263	0e008550	0	00000000000000
3059862	0e01104a	0	00000000000000
3060921	0e018c08	569	00000000200000
3061017	0e01a084	672	00000001000000
3061758	0e021242	0	00000000000000
3061911	0e022068	0	00000000000000
3064314	0e042103	0	00000000000000
3064388	0e042421	0	00000000000000
3064895	0e046c00	553	00000000180000
3065039	0e048422	553	00000000180000
3065277	0e04c00c	0	00000000000000
3065358	0e04e100	553	00000000180000
3068634	0e090c02	3357	00008000080000
3068667	0e091088	0	00000000000000
3068919	0e098220	672	00000001000000
3068947	0e099008	0	00000000000000
3069268	0e0a1c00	687	00000001180000
3069590	0e0b0404	672	00000001000000
3070403	0e0e0820	687	00000001180000
3070816	0e100819	3374	00008000c00000
3070972	0e100e80	0	00000000000000
3071370	0e102822	3360	00008000200001
3071522	0e104092	3350	00008000000000
3071534	0e1040d0	3364	00008000800000
3071935	0e108212	570	00000000200001
3072349	0e1100c1	3364	00008000800000
3072485	0e110881	3374	00008000c00000
3073361	0e128404	570	00000000200001
3073423	0e13000a	569	00000000200000
3073784	0e141090	0	00000000000000
3074877	0e189002	0	00000000000000
3075796	0e200c82	0	00000000000000
3075877	0e201106	0	00000000000000
3076368	0e204094	610	00000000400000
3076881	0e2088c0	0	00000000000000
3076902	0e208c08	569	00000000200000
3077031	0e20a802	570	00000000200001
3077078	0e20c090	0	00000000000000
3077408	0e211300	672	00000001000000
3077524	0e214042	0	00000000000000
3077919	0e220c20	690	00000001200001
3077968	0e221300	672	00000001000000
3078172	0e228028	569	00000000200000
3078352	0e232400	690	00000001200001
3078745	0e243200	672	00000001000000
3079240	0e28008c	610	00000000400000
3079254	0e2800d0	0	00000000000000
3079477	0e281804	672	00000001000000
3079672	0e288044	0	00000000000000
3080020	0e2c000a	0	00000000000000
3080280	0e3002c0	0	00000000000000
3080454	0e301c00	0	00000000000000
3080628	0e30800a	569	00000000200000
3081548	0e400458	3364	00008000800000
3082503	0e404901	3374	00008000c00000
3082533	0e405009	0	00000000000000
3082807	0e408428	0	00000000000000
3083126	0e40e400	553	00000000180000
3083207	0e410182	3350	00008000000000
3083882	0e420901	0	00000000000000
3083907	0e420d00	553	00000000180000
3084455	0e440206	0	00000000000000
3084555	0e440881	0	00000000000000
3084643	0e441600	540	00000000100000
3084832	0e448014	0	00000000000000
3085570	0e484081	3374	00008000c00000
3085846	0e494400	3387	00008000c80000
3086083	0e4c2010	553	00000000180000
3086474	0e502140	3364	00008000800000
3086745	0e510108	3374	00008000c00000
3086909	0e521200	0	00000000000000
3086967	0e532000	0	00000000000000
3087630	0e602420	610	00000000400000
3087633	0e602500	610	00000000400000
3087979	0e62000c	0	00000000000000
3088535	0e704400	610	00000000400000
3088588	0e740002	0	00000000000000
3090304	0e80a102	606	00000000380001
3090377	0e80c088	0	00000000000000
3090529	0e810205	0	00000000000000
3091665	0e834400	522	00000000080000
3092273	0e850102	522	00000000080000
3093819	0e902a00	570	00000000200001
3094221	0e921040	0	00000000000000
3094373	0e942400	0	00000000000000
3095531	0ea48002	0	00000000000000
3095813	0eb00a00	570	00000000200001
3095929	0eb80200	0	00000000000000
3096337	0ec04140	3364	00008000800000
3096726	0ec28004	0	00000000000000
3097321	0ee00480	610	00000000400000
3097584	0f000183	0	00000000000000
3097716	0f000452	0	00000000000000
3097893	0f000a03	0	00000000000000
3098204	0f002023	0	00000000000000
3098929	0f008205	0	00000000000000
3099388	0f01020c	569	00000000200000
3099557	0f011204	0	00000000000000
3100375	0f028840	0	00000000000000
3100458	0f030208	569	00000000200000
3101009	0f048041	0	00000000000000
3102290	0f0cc000	553	00000000180000
3102952	0f111004	0	00000000000000
3103008	0f12000a	569	00000000200000
3103047	0f120280	0	00000000000000
3103589	0f20040c	569	00000000200000
3103884	0f204802	0	00000000000000
3103953	0f208140	0	00000000000000
3104597	0f2c0800	0	00000000000000
3104602	0f2d0000	0	00000000000000
3106544	0f800c01	0	00000000000000
3106624	0f80200a	569	00000000200000
3106735	0f804202	540	00000000100000
3107517	0f900280	0	00000000000000
3107748	0fa02040	0	00000000000000
3110074	100024d9	636	00000000810200
3113632	1000660b	0	00000000000000
3114362	10007684	0	00000000000000
3134857	1002c609	0	00000000000000
3135540	1002f401	0	00000000000000
3143851	1004520b	0	00000000000000
3144799	10047205	200	00000000004000
3145798	1004910d	3166	00004000002000
3146432	1004a40b	2720	00002000000000
3146822	1004b282	0	00000000000000
3149813	10053221	0	00000000000000
3150879	1005700c	0	00000000000000
3152291	1005ea00	200	00000000004000
3152539	10060389	3161	00004000000000
3154639	1006480d	0	00000000000000
3156063	1006a08c	1951	00000800000000
3156393	1006c203	0	00000000000000
3157535	100724c0	1139	00000024000000
3161588	1008418b	1382	00000080000000
3164956	1008a2a1	0	00000000000000
3165763	1008c4c8	0	00000000000000
3172420	100a24d0	1218	00000036010000
3172762	100a32c0	0	00000000000000
3173693	100a6284	0	00000000000000
3178924	100c3205	200	00000000004000
3179695	100c5481	0	00000000000000
3179699	100c5490	0	00000000000000
3179818	100c6098	1432	00000100000000
3181215	100cc540	0	00000000000000
3182719	100d6012	522	00000000080000
3184138	100e2828	2362	00000e00000000
3185103	100f0089	3233	00004100000000
3188338	10103384	200	00000000004000
3188445	10103648	2720	00002000000000
3190370	10106c0c	651	00000000c10000
3191952	1010a087	0	00000000000000
3192177	1010a4c1	0	00000000000000
3192552	1010b460	2720	00002000000000
3196505	10116580	651	00000000c10000
3197071	10118a81	1392	00000080005400
3200003	1012400f	0	00000000000000
3200830	10126301	0	00000000000000
3204458	1014044d	0	00000000000000
3205284	10141618	2720	00002000000000
3205688	1014240d	0	00000000000000
3205783	10142628	2720	00002000000000
3205914	10142a88	0	00000000000000
3206806	10145403	0	00000000000000
3206843	10145602	0	00000000000000
3207729	10149092	246	00000000008000
3208162	1014b180	316	0000000000c000
3209703	10154490	0	00000000000000
3211318	10163011	0	00000000000000
3212128	1016c082	0	00000000000000
3212794	101800cb	1393	00000080008000
3215301	101850a4	0	00000000000000
3216757	1018b880	316	0000000000c000
3218066	10193011	316	0000000000c000
3219740	101a2188	1479	00000100010000
3219901	101a3081	0	00000000000000
3220244	101a6024	1479	00000100010000
3221894	101c1148	2729	00002000008000
3222334	101c401a	1382	00000080000000
3222376	101c40c1	1631	00000180004000
3222946	101c9201	2727	00002000004000
3223021	101ca401	2720	00002000000000
3223141	101ce200	200	00000000004000
3225596	10201487	0	00000000000000
3226894	10203017	0	00000000000000
3228718	1020609a	0	00000000000000
3228993	10206688	0	00000000000000
3230238	102090c5	146	00000000000c00
3230974	1020a609	0	00000000000000
3237764	1022140b	0	00000000000000
3238654	102232c0	0	00000000000000
3243217	1024044b	0	00000000000000
3244755	1024304a	0	00000000000000
3245612	10245805	0	00000000000000
3245618	10245812	0	00000000000000
3245856	10246890	0	00000000000000
3247190	1024d044	0	00000000000000
3248084	102520c4	1061	00000020000840
3248944	10259240	0	00000000000000
3249019	1025a440	1053	00000020000000
3249790	10261604	672	00000001000000
3253307	1028301a	0	00000000000000
3259886	102b3200	672	00000001000000
3260603	102c1049	0	00000000000000
3261775	102ca208	0	00000000000000
3264063	10301207	87	00000000000400
3266865	1030a00d	0	00000000000000
3268506	10313808	0	00000000000000
3269986	10321604	0	00000000000000
3271463	10332088	347	00000000010000
3271514	10333200	0	00000000000000
3271604	10336200	0	00000000000000
3272589	10342620	0	00000000000000
3272609	10342842	41	000000000000c0
3272829	10344308	1383	00000080001000
3273241	10348680	0	00000000000000
3273815	10351880	0	00000000000000
3274348	10361180	0	00000000000000
3275740	10383110	0	00000000000000
3276945	10393001	0	00000000000000
3280597	10402385	7	00000000000008
3281326	10403294	0	00000000000000
3283483	104070b0	0	00000000000000
3285234	1040a5c0	1004	0000001e000200
3288120	104122c1	0	00000000000000
3289213	10415109	0	00000000000000
3294960	1042ac80	931	00000016000002
3295252	1042d009	0	00000000000000
3298040	10441087	3161	00004000000000
3298511	10442036	1724	0000020c0020c0
3299720	10445023	0	00000000000000
3299827	10445320	540	00000000100000
3300099	1044680a	0	00000000000000
3302240	10451700	0	00000000000000
3302307	10452025	1455	00000100002800
3302459	10452680	0	00000000000000
3303147	10458a01	3161	00004000000000
3303271	1045a208	0	00000000000000
3304665	10465280	0	00000000000000
3305092	1046a210	1684	00000200100080
3305751	10479200	3162	00004000000100
3307386	10482688	0	00000000000000
3308582	10486203	0	00000000000000
3308772	10487600	540	00000000100000
3314983	104c1450	2791	0000200c000000
3316579	104d4402	522	00000000080000
3318690	10501e08	2720	00002000000000
3319404	10503c08	2720	00002000000000
3320258	10506424	640	00000000c00000
3322655	10512680	0	00000000000000
3323092	10516101	1515	00000100c00000
3325585	10530809	0	00000000000000
3325771	10533004	12	00000000000010
3326481	1054101c	0	00000000000000
3326801	10542290	37	00000000000080
3327224	105450a0	0	00000000000000
3327727	1054c081	0	00000000000000
3327758	1054c480	0	00000000000000
3329644	10581301	2720	00002000000000
3330258	10585003	0	00000000000000
3330737	1058a410	2720	00002000000000
3331576	105a0608	0	00000000000000
3331705	105a2006	1648	00000200000000
3332301	105c0a08	2892	00002200000000
3332340	105c1084	0	00000000000000
3332705	105d0408	0	00000000000000
3333721	1060104b	0	00000000000000
3335759	10606418	610	00000000400000
3342575	10644218	0	00000000000000
3343529	10651014	107	00000000000800
3345653	106842c0	0	00000000000000
3345770	10685014	0	00000000000000
3347361	106a5400	0	00000000000000
3349094	10701844	0	00000000000000
3349495	10704181	610	00000000400000
3349648	10705021	0	00000000000000
3351503	10740051	0	00000000000000
3356975	10804c89	651	00000000c10000
3358260	10807c08	1303	00000040000000
3360775	1080d025	0	00000000000000
3368255	10825403	0	00000000000000
3369443	1082a209	0	00000000000000
3373401	10842582	1175	0000002c000000
3373411	1084260a	2720	00002000000000
3373776	10843809	2732	0000200000a000
3374154	10844710	540	00000000100000
3374395	10845142	0	00000000000000
3374696	10846520	553	00000000180000
3374766	10847009	0	00000000000000
3376154	1084e204	200	00000000004000
3376160	1084e300	547	00000000104000
3377413	10854d00	522	00000000080000
3377502	10856081	1459	00000100004000
3377534	10856500	522	00000000080000
3379028	10864029	1432	00000100000000
3379169	10864540	0	00000000000000
3380682	1088048b	0	00000000000000
3382902	10885025	0	00000000000000
3383034	10885484	0	00000000000000
3383160	108860b0	1523	00000100c10000
3383345	10887030	553	00000000180000
3384742	1088e808	0	00000000000000
3386023	10895210	200	00000000004000
3386087	10896204	200	00000000004000
3389914	108c3044	2040	0000080c006000
3390225	108c5240	200	00000000004000
3391755	108e4410	553	00000000180000
3399176	10923108	0	00000000000000
3399885	1092a088	0	00000000000000
3402296	1094a801	2735	0000200000c000
3402377	1094c808	1383	00000080001000
3405002	10986c00	651	00000000c10000
3405369	1098b004	200	00000000004000
3406413	109a4050	1479	00000100010000
3407006	109c2021	2871	00002100008000
3407091	109c4044	1631	00000180004000
3407168	109c8009	2865	00002080008000
3409386	10a03182	0	00000000000000
3409550	10a04059	1398	00000080011000
3411489	10a0b090	675	00000001000800
3411862	10a0e402	1303	00000040000000
3416595	10a41016	0	00000000000000
3416734	10a41490	672	00000001000000
3418345	10a55002	0	00000000000000
3419811	10a81640	0	00000000000000
3423681	10b01601	0	00000000000000
3424046	10b0402c	1413	00000080411000
3424172	10b04481	615	00000000410000
3424173	10b04482	0	00000000000000
3424244	10b04c08	615	00000000410000
3424811	10b0c480	0	00000000000000
3425844	10b25010	0	00000000000000
3426427	10b42440	0	00000000000000
3428703	10c0108b	3175	00004000008200
3429748	10c03212	2741	00002000100000
3433937	10c1a280	0	00000000000000
3437022	10c41203	3304	00006000000000
3437423	10c43401	2720	00002000000000
3437734	10c4600a	0	00000000000000
3438526	10c51280	3162	00004000000100
3439180	10c63020	757	00000004180800
3441283	10c8c440	0	00000000000000
3441878	10c9c200	0	00000000000000
3443487	10d00189	1520	00000100c08000
3444513	10d04428	640	00000000c00000
3445649	10d16100	1515	00000100c00000
3446110	10d22c00	2	00000000000002
3446411	10d34002	0	00000000000000
3446910	10d48042	2901	000022000080c0
3446940	10d48402	2720	00002000000000
3447755	10d88401	2720	00002000000000
3448132	10dc0840	2900	00002200008000
3449464	10e05050	0	00000000000000
3449487	10e05240	0	00000000000000
3452969	10ec0500	0	00000000000000
3453027	10ec8040	0	00000000000000
3453618	10f0c008	0	00000000000000
3456357	110026d0	0	00000000000000
3457124	11003981	216	00000000004820
3461036	1100b08c	1951	00000800000000
3465022	1101620a	0	00000000000000
3465588	11018889	0	00000000000000
3466577	1101f010	1320	00000040084000
3468120	11022489	0	00000000000000
3468554	11023882	1952	00000800000030
3470284	11029a01	0	00000000000000
3471826	11032604	570	00000000200001
3473263	11040869	159	00000000002000
3474182	110421c4	2172	00000900004800
3474310	1104248c	0	00000000000000
3474437	110428a4	1957	00000800000800
3474617	11043111	239	00000000006800
3474730	11043821	184	00000000002800
3474755	11043980	1965	00000800004800
3475411	11045481	0	00000000000000
3475438	11045809	0	00000000000000
3476814	1104c086	0	00000000000000
3479822	110624a0	0	00000000000000
3480021	11064109	1432	00000100000000
3480262	11066030	1499	00000100180000
3480263	11066041	1432	00000100000000
3480416	11068211	0	00000000000000
3480694	1106c00a	0	00000000000000
3481312	11079400	522	00000000080000
3482892	110824d0	0	00000000000000
3483514	110842a1	0	00000000000000
3484266	11086a80	200	00000000004000
3484892	110890c8	2531	00001800000000
3486026	11090684	0	00000000000000
3486524	11092242	1796	00000400000000
3490531	110c1412	553	00000000180000
3490906	110c3880	1964	00000800004000
3490994	110c4203	0	00000000000000
3491506	110c9024	2538	00001800002000
3491727	110ce800	564	00000000184000
3492134	110d4220	0	00000000000000
3493682	11100c91	0	00000000000000
3497304	1110e401	0	00000000000000
3499687	11121083	0	00000000000000
3499855	11121a04	0	00000000000000
3500147	11123801	0	00000000000000
3500379	11125005	0	00000000000000
3501365	11134088	1432	00000100000000
3501411	11135010	0	00000000000000
3502240	11141a80	200	00000000004000
3502300	111420a8	1432	00000100000000
3502386	11142430	0	00000000000000
3502507	11143180	200	00000000004000
3502561	11144049	1432	00000100000000
3502596	11144106	0	00000000000000
3502660	11144406	0	00000000000000
3502918	11148031	0	00000000000000
3503416	11150109	1432	00000100000000
3505299	11181a40	200	00000000004000
3506128	11188805	200	00000000004000
3506400	1118d100	200	00000000004000
3507269	111a2011	1432	00000100000000
3507388	111a4404	0	00000000000000
3507667	111c0023	0	00000000000000
3507668	111c0025	1432	00000100000000
3508310	111d4004	1459	00000100004000
3509183	11200c89	0	00000000000000
3509537	11201511	0	00000000000000
3509886	11202207	7	00000000000008
3510051	11202590	2	00000000000002
3510263	1120301a	1303	00000040000000
3511020	112050c1	0	00000000000000
3511282	11206214	0	00000000000000
3512008	11209086	0	00000000000000
3516637	11230601	0	00000000000000
3517005	11239008	1303	00000040000000
3517280	11240458	0	00000000000000
3518016	11243210	0	00000000000000
3518389	11246840	0	00000000000000
3518400	11247040	0	00000000000000
3518804	1124c140	0	00000000000000
3518854	1124e040	0	00000000000000
3518970	11250290	0	00000000000000
3520536	11280a81	0	00000000000000
3520939	11282409	0	00000000000000
3521050	11283030	0	00000000000000
3521055	11283050	0	00000000000000
3521908	1128e001	0	00000000000000
3522273	11293001	0	00000000000000
3522327	11294240	0	00000000000000
3522614	112a0428	0	00000000000000
3522746	112a1401	0	00000000000000
3523158	112b9000	0	00000000000000
3524280	11300618	569	00000000200000
3524430	11300c09	0	00000000000000
3524621	11301502	0	00000000000000
3524777	11302205	0	00000000000000
3525681	1130a500	571	00000000200003
3526078	11311840	0	00000000000000
3526396	1132008a	0	00000000000000
3527161	1134040a	0	00000000000000
3527484	11346020	0	00000000000000
3527721	1136000a	0	00000000000000
3527776	11360810	0	00000000000000
3528652	113ac000	0	00000000000000
3528710	113c0220	0	00000000000000
3528770	113c4400	0	00000000000000
3530202	11402149	1454	00000100002000
3532551	1140a025	187	0000000000282c
3532650	1140a2a0	7	00000000000008
3533149	1140e202	540	00000000100000
3534145	11413060	188	00000000002830
3534811	11419201	0	00000000000000
3535484	11420c88	0	00000000000000
3536631	11429201	0	00000000000000
3536761	1142c082	0	00000000000000
3536843	11430029	1432	00000100000000
3537708	11440688	0	00000000000000
3537755	11440883	0	00000000000000
3537830	11440aa0	0	00000000000000
3538560	1144480a	0	00000000000000
3538564	11444814	0	00000000000000
3539306	11450224	0	00000000000000
3540003	11461028	0	00000000000000
3540128	11463040	107	00000000000800
3540447	11479000	526	00000000080800
3540924	11480c88	0	00000000000000
3541188	11482049	1454	00000100002000
3541495	11484098	1432	00000100000000
3541599	11484501	0	00000000000000
3541817	1148800d	159	00000000002000
3544186	114d8800	529	00000000082000
3545850	11508608	0	00000000000000
3546013	1150a201	0	00000000000000
3546060	1150c00c	0	00000000000000
3546070	1150c041	0	00000000000000
3547846	1154800c	1648	00000200000000
3547960	11550030	1432	00000100000000
3549834	11601809	0	00000000000000
3552259	11640054	107	00000000000800
3552332	11640244	0	00000000000000
3552447	11640c40	0	00000000000000
3552538	11642081	107	00000000000800
3552994	11662020	107	00000000000800
3553328	11681840	0	00000000000000
3553458	11684404	0	00000000000000
3554451	11705020	0	00000000000000
3554696	11720003	0	00000000000000
3556754	11802644	0	00000000000000
3557254	11804151	1459	00000100004000
3557264	11804185	1459	00000100004000
3559180	1180c043	0	00000000000000
3560397	11812604	570	00000000200001
3560817	11816011	1459	00000100004000
3562856	118284c0	0	00000000000000
3563018	1182a084	1961	0000080000083e
3563156	1182e020	1323	00000040180000
3563704	1183a080	1959	00000800000836
3564739	1184402a	0	00000000000000
3564827	11844248	0	00000000000000
3565891	11852840	2225	00000c00006800
3567501	1188200d	1454	00000100002000
3567956	11884811	200	00000000004000
3567971	11884881	200	00000000004000
3568006	11885005	200	00000000004000
3568295	118884a0	0	00000000000000
3569998	118c0540	0	00000000000000
3570555	118e0108	2708	00001f00000000
3571377	1190200d	1432	00000100000000
3572012	11906c00	0	00000000000000
3572254	11909018	0	00000000000000
3573181	11920481	0	00000000000000
3573395	11923008	0	00000000000000
3574198	11948084	200	00000000004000
3574507	11968004	1860	00000600000000
3574832	11982021	1432	00000100000000
3575120	11990088	1432	00000100000000
3576382	11a02640	0	00000000000000
3577322	11a0e400	1303	00000040000000
3578152	11a21404	1303	00000040000000
3578158	11a21500	1303	00000040000000
3580234	11ac0202	0	00000000000000
3580987	11b11800	0	00000000000000
3581162	11b31000	0	00000000000000
3581306	11b60010	0	00000000000000
3581350	11b80108	0	00000000000000
3583248	11c0c102	553	00000000180000
3583740	11c15001	0	00000000000000
3583858	11c1c004	0	00000000000000
3584276	11c24240	0	00000000000000
3585058	11c48500	553	00000000180000
3585260	11c60104	1749	00000300000800
3585334	11c66000	1499	00000100180000
3585894	11c89080	0	00000000000000
3586769	11d05010	0	00000000000000
3586980	11d12080	1434	00000100000012
3587181	11d40104	1741	00000300000000
3587452	11da1000	0	00000000000000
3588027	11e0c040	0	00000000000000
3589556	12000c8d	651	00000000c10000
3589567	12000ca9	651	00000000c10000
3590542	1200208f	0	00000000000000
3590682	12002287	0	00000000000000
3592604	1200501e	1303	00000040000000
3592860	120054c1	0	00000000000000
3593637	120070a4	0	00000000000000
3596790	1200f280	200	00000000004000
3597920	12011681	0	00000000000000
3600676	1201a490	672	00000001000000
3607245	1203a401	0	00000000000000
3608870	12042413	2720	00002000000000
3610344	12047204	200	00000000004000
3610604	12048446	0	00000000000000
3611094	1204a019	2732	0000200000a000
3611178	1204a212	2996	00002600100000
3611228	1204a481	0	00000000000000
3614881	12066202	540	00000000100000
3615278	1206b010	2013	00000801180000
3619414	12088c88	0	00000000000000
3619866	1208ac02	2744	00002000180000
3621305	12093c00	681	00000001080000
3622380	120a04a1	347	00000000010000
3623842	120ab001	0	00000000000000
3623944	120af000	553	00000000180000
3625446	120c3011	2737	0000200000e000
3625831	120c6208	0	00000000000000
3626649	120d2204	1828	00000401004000
3626777	120d6400	522	00000000080000
3627213	120e2240	1860	00000600000000
3627304	120e4801	0	00000000000000
3628483	12101207	87	00000000000400
3628847	12101e10	2720	00002000000000
3629205	12102849	2756	00002000818000
3629266	12102a03	2720	00002000000000
3631098	12109083	269	00000000008400
3631479	1210a908	3002	00002600208000
3632638	12111c01	0	00000000000000
3635521	1212c208	0	00000000000000
3636423	12140588	0	00000000000000
3636504	12140891	316	0000000000c000
3637024	12142822	2991	00002600008000
3637763	12149401	2720	00002000000000
3638992	12168088	0	00000000000000
3640094	12182881	658	00000000c1c000
3641133	12190403	0	00000000000000
3642312	121c0109	2871	00002100008000
3645009	12203604	672	00000001000000
3648079	122114c0	0	00000000000000
3648682	12215088	0	00000000000000
3650620	12227400	1303	00000040000000
3650896	12229600	672	00000001000000
3652268	12241442	0	00000000000000
3652287	12241580	672	00000001000000
3652796	12244604	0	00000000000000
3653842	12254081	0	00000000000000
3658278	122c9001	0	00000000000000
3658495	122e0808	0	00000000000000
3659871	12306022	0	00000000000000
3661382	12324c00	347	00000000010000
3661948	12342102	0	00000000000000
3663316	123c0440	0	00000000000000
3664509	1240160c	0	00000000000000
3664965	124024c1	629	00000000800000
3666266	12406422	553	00000000180000
3667177	1240a091	246	00000000008000
3667670	1240d101	0	00000000000000
3669510	1241b080	246	00000000008000
3669560	1241c401	0	00000000000000
3671284	1242a0c0	0	00000000000000
3672726	1244204c	1751	00000300002000
3672856	12442580	0	00000000000000
3672876	12442821	2732	0000200000a000
3672897	12442908	2902	0000220000a000
3673022	12444083	0	00000000000000
3676555	12488488	0	00000000000000
3678378	124c1480	0	00000000000000
3678471	124c4005	1432	00000100000000
3680554	12509404	0	00000000000000
3680599	1250a0a0	246	00000000008000
3681426	1252040a	0	00000000000000
3684405	12601484	0	00000000000000
3685057	12606009	610	00000000400000
3687117	1264200a	0	00000000000000
3689175	12710009	610	00000000400000
3689411	1272c000	0	00000000000000
3689532	12746000	0	00000000000000
3692335	12805206	0	00000000000000
3693985	1280d018	1303	00000040000000
3697096	12824580	347	00000000010000
3698567	12840486	0	00000000000000
3700004	1284a120	3082	00002e0118a000
3701137	12865080	0	00000000000000
3702700	12886120	1532	00000100d90000
3706324	12904122	0	00000000000000
3706786	12908803	2731	00002000008400
3707512	12915040	200	00000000004000
3707959	12922202	1882	00000600200001
3711362	12a05210	0	00000000000000
3712704	12a21009	0	00000000000000
3714629	12a94002	0	00000000000000
3714641	12a96000	615	00000000410000
3717404	12c06108	1515	00000100c00000
3719915	12c62800	1691	00000200180000
3720104	12c80482	0	00000000000000
3720895	12cc9000	3315	0000600018a000
3722512	12e05800	0	00000000000000
3724443	1300148c	0	00000000000000
3725475	1300410d	1432	00000100000000
3727288	1300a80a	2426	00000e40202000
3727526	1300c405	0	00000000000000
3730549	13023090	1951	00000800000000
3730836	130250a0	0	00000000000000
3733221	13045108	0	00000000000000
3733732	1304c140	200	00000000004000
3736970	13090405	0	00000000000000
3737265	13094480	0	00000000000000
3738715	130d1001	236	00000000006000
3739558	13101604	0	00000000000000
3740263	13107020	0	00000000000000
3740268	13107400	0	00000000000000
3740423	13108520	570	00000000200001
3741570	13121c00	0	00000000000000
3742179	13140c10	0	00000000000000
3743239	13188009	0	00000000000000
3743752	1320001b	0	00000000000000
3743889	13200229	0	00000000000000
3743954	13200382	0	00000000000000
3744044	13200603	0	00000000000000
3744506	13202091	0	00000000000000
3746096	13219020	1303	00000040000000
3746883	13240144	0	00000000000000
3748064	13285100	0	00000000000000
3748426	132b0001	0	00000000000000
3748636	13300091	0	00000000000000
3748823	13301014	0	00000000000000
3748943	13302880	0	00000000000000
3749320	13320401	0	00000000000000
3749998	134004c8	0	00000000000000
3750596	134024a0	0	00000000000000
3750675	1340300c	159	00000000002000
3750725	13403801	159	00000000002000
3751012	13405802	553	00000000180000
3751088	13407001	0	00000000000000
3752154	1342008a	0	00000000000000
3753490	13460041	1432	00000100000000
3754029	13484600	540	00000000100000
3754126	13488820	1695	00000200182000
3755216	13511400	0	00000000000000
3755819	13600241	0	00000000000000
3755822	13600248	0	00000000000000
3756008	13602006	0	00000000000000
3756147	13604900	0	00000000000000
3756421	13620081	0	00000000000000
3756677	13660020	0	00000000000000
3756913	13700500	0	00000000000000
3757177	1380020b	0	00000000000000
3758193	13804482	0	00000000000000
3760621	13848802	2688	00001e00182000
3761058	13880424	0	00000000000000
3761331	13884220	540	00000000100000
3761567	13892008	2309	00000d00002000
3761747	138c000c	2709	00001f00002000
3761796	138c0600	540	00000000100000
3761807	138c0c00	553	00000000180000
3762941	13981800	200	00000000004000
3763274	13a01050	1303	00000040000000
3763494	13a0800a	1330	00000040200000
3764551	13c00881	0	00000000000000
3765242	13c40840	1664	00000200002000
3768623	14003407	845	00000010000200
3770360	1400628a	0	00000000000000
3770852	14007640	0	00000000000000
3771878	140092c1	0	00000000000000
3773074	1400c285	0	00000000000000
3773569	1400d640	0	00000000000000
3774911	14011388	2474	00001000000000
3775012	14011628	0	00000000000000
3775828	14013428	771	00000008000200
3777128	1401840d	67	00000000000200
3777926	1401c01c	0	00000000000000
3778278	1401f200	0	00000000000000
3779325	14021492	902	00000014000000
3780117	140230d0	2067	00000814000030
3780163	14023242	0	00000000000000
3780208	14023490	917	00000015000000
3780844	14025121	0	00000000000000
3782246	1402b0c0	2067	00000814000030
3782272	1402b500	926	00000015180000
3783303	14031608	0	00000000000000
3783791	14034481	0	00000000000000
3784283	14039410	922	00000015080000
3785473	1404140d	0	00000000000000
3785585	14041704	672	00000001000000
3785676	14041a05	0	00000000000000
3785770	1404203c	2462	00000f08000000
3785824	140420e8	2188	00000908000000
3786293	14043092	2035	0000080c000000
3786401	14043504	833	0000000d000000
3788229	1404a092	2101	0000082c0000c0
3788375	1404a884	2109	0000082d0000c0
3788912	14050115	1432	00000100000000
3788978	1405022c	2495	00001400000000
3789368	14051085	0	00000000000000
3789375	14051094	2580	0000180d000100
3789482	14051504	833	0000000d000000
3790049	14054c02	522	00000000080000
3790357	14058580	1191	0000002d000000
3790564	1405b400	837	0000000d080000
3791415	14062094	2199	000009250000c0
3791992	14066408	0	00000000000000
3792037	1406802c	2683	00001e00000000
3792333	1406a090	2096	000008250000c0
3792361	1406a500	1170	00000025180000
3792975	14078280	2493	00001021000100
3792978	14078402	1147	00000024080000
3793005	14079080	2571	00001805000100
3794432	14082189	1515	00000100c00000
3795217	140842c4	0	00000000000000
3795392	14084849	629	00000000800000
3795817	14086112	553	00000000180000
3796793	1408a089	0	00000000000000
3797330	1408e009	0	00000000000000
3798292	14092812	2294	00000c3e080000
3800021	140a2190	2214	00000937000000
3800522	140a6021	1432	00000100000000
3801444	140b4180	1432	00000100000000
3801668	140c00d4	2629	0000192c000100
3802127	140c1052	3141	0000380c000100
3802679	140c4144	1432	00000100000000
3802728	140c4406	0	00000000000000
3802982	140c8026	2703	00001e2c000100
3803058	140c820a	3126	00003600000000
3803510	140d0205	0	00000000000000
3804272	140e2005	1432	00000100000000
3805199	1410090d	640	00000000c00000
3805503	141010a5	0	00000000000000
3805610	14101252	2720	00002000000000
3805951	14101f00	2720	00002000000000
3806115	14102286	37	00000000000080
3806446	14102f00	2747	00002000200001
3806559	14103301	2720	00002000000000
3806957	14104588	640	00000000c00000
3807182	14105043	0	00000000000000
3807344	14105844	0	00000000000000
3807383	1410600b	0	00000000000000
3807633	14107108	0	00000000000000
3808435	1410a0c4	47	000000000000d0
3808761	1410c214	0	00000000000000
3811151	1412060a	569	00000000200000
3811554	14121a20	0	00000000000000
3812017	14124680	0	00000000000000
3812032	14124828	0	00000000000000
3812213	14127080	0	00000000000000
3814432	14144920	0	00000000000000
3815304	14151108	0	00000000000000
3815769	14160601	0	00000000000000
3816330	1418008d	1515	00000100c00000
3817221	14182c08	2757	00002000c00000
3817263	14183180	0	00000000000000
3817615	14186180	1515	00000100c00000
3817845	14188882	0	00000000000000
3818894	141a1005	0	00000000000000
3819378	141c004c	1932	00000700000000
3819510	141c0602	2720	00002000000000
3819550	141c0910	2985	00002600000000
3819628	141c1801	2720	00002000000000
3819982	141d1008	0	00000000000000
3819991	141d2001	1432	00000100000000
3820089	141e0802	1860	00000600000000
3821744	14202582	1105	00000022000002
3822341	14204298	0	00000000000000
3822801	14205441	0	00000000000000
3823145	14207208	0	00000000000000
3824160	1420b500	672	00000001000000
3824320	1420c4c0	0	00000000000000
3825688	14214504	610	00000000400000
3826128	14219011	0	00000000000000
3827642	14225a00	0	00000000000000
3827827	14228281	7	00000000000008
3828122	1422c201	0	00000000000000
3829484	14242064	1057	000000200000c0
3829705	14243120	672	00000001000000
3830063	14246208	0	00000000000000
3830126	1424804a	0	00000000000000
3830137	14248083	0	00000000000000
3830221	14248380	1082	00000021000080
3830576	14250038	0	00000000000000
3830600	14250094	1081	00000021000040
3830641	14250203	0	00000000000000
3830890	14252404	1080	00000021000000
3831448	14262401	0	00000000000000
3832788	14283802	0	00000000000000
3833062	14285300	0	00000000000000
3833297	14288441	704	00000002000000
3833881	14291300	672	00000001000000
3833884	14291404	672	00000001000000
3833894	14291804	672	00000001000000
3835403	142cc001	0	00000000000000
3835438	142d0081	0	00000000000000
3836630	14303082	0	00000000000000
3836778	14304260	0	00000000000000
3837591	14310230	570	00000000200001
3838913	14340841	0	00000000000000
3839303	14350021	0	00000000000000
3841320	14401035	846	00000010000220
3842464	14403700	2741	00002000100000
3842715	14404328	0	00000000000000
3842817	14404609	0	00000000000000
3842900	144048c1	629	00000000800000
3843070	144050e0	0	00000000000000
3843155	14405460	0	00000000000000
3844480	1440b088	771	00000008000200
3844696	1440c818	0	00000000000000
3845871	14413420	976	0000001c080200
3846493	14419082	966	0000001c000330
3846556	1441a050	1006	0000001e000274
3846559	1441a082	1007	0000001e000276
3846608	1441b020	977	0000001c080230
3847349	14421501	843	00000010000000
3847675	14423140	903	00000014000030
3847894	14424882	0	00000000000000
3848940	14434420	522	00000000080000
3849035	14438600	0	00000000000000
3849135	144400aa	770	00000008000000
3849273	1444030c	1648	00000200000000
3849513	14440a28	2892	00002200000000
3849983	14442844	1720	0000020c0000c0
3850412	14446208	0	00000000000000
3851401	14458210	53	00000000000100
3851659	14460901	0	00000000000000
3851769	14462044	1773	000003040000c0
3853359	14484c04	640	00000000c00000
3854954	144a4a00	540	00000000100000
3855547	144c2801	2720	00002000000000
3855576	144c4011	1432	00000100000000
3855835	144d1008	770	00000008000000
3856130	14500189	1515	00000100c00000
3856479	14500c12	2721	00002000000002
3856993	14503201	2720	00002000000000
3857693	1450a060	2896	000022000000d0
3857801	1450c420	0	00000000000000
3858172	14512300	0	00000000000000
3858262	14514802	0	00000000000000
3858333	14518201	0	00000000000000
3858643	14521081	0	00000000000000
3858725	14522202	1654	00000200000080
3858823	14524804	0	00000000000000
3859066	14536000	1432	00000100000000
3859397	14542102	2895	000022000000c0
3860507	14590410	640	00000000c00000
3860848	145d4000	1432	00000100000000
3862836	14610502	705	00000002000002
3863244	1461c800	0	00000000000000
3863504	14621202	0	00000000000000
3863891	14632040	708	00000002000044
3864089	14640640	0	00000000000000
3864323	14644110	0	00000000000000
3864333	14644240	0	00000000000000
3864634	146600c0	41	000000000000c0
3865109	14684006	0	00000000000000
3865310	14690012	704	00000002000000
3865383	14692004	721	00000002400000
3865693	146d4000	0	00000000000000
3865946	14701030	0	00000000000000
3866486	14724008	0	00000000000000
3866738	14780804	610	00000000400000
3868857	1480401d	1515	00000100c00000
3869147	148045c0	629	00000000800000
3869158	14804621	0	00000000000000
3869315	14804c22	553	00000000180000
3869678	14806290	0	00000000000000
3869838	14807410	553	00000000180000
3872283	14814111	1515	00000100c00000
3874846	1482d800	553	00000000180000
3875023	14830680	1080	00000021000000
3875457	1484008d	1432	00000100000000
3875915	14841007	0	00000000000000
3876565	14844488	0	00000000000000
3877311	14850141	1432	00000100000000
3878069	14861410	767	00000005180000
3878411	14870440	1139	00000024000000
3879134	14881608	2720	00002000000000
3879236	14882091	1588	00000112c00000
3879327	14882424	1292	0000003fc00000
3879841	14887100	553	00000000180000
3880390	14890211	0	00000000000000
3881225	148a4005	1432	00000100000000
3881395	148aa004	2418	00000e37000000
3882349	148f0200	2505	00001421000100
3882980	14901418	2720	00002000000000
3883844	14908409	2720	00002000000000
3883972	14909108	2720	00002000000000
3884074	1490b002	2723	00002000000010
3884383	14910a40	1796	00000400000000
3885431	1494002c	1932	00000700000000
3886529	14982022	2985	00002600000000
3887195	149e0800	1860	00000600000000
3887804	14a01288	0	00000000000000
3887955	14a0208a	0	00000000000000
3889941	14a23100	672	00000001000000
3890574	14a420c0	1057	000000200000c0
3890740	14a48088	0	00000000000000
3891177	14a80242	1053	00000020000000
3891898	14ac000c	0	00000000000000
3893031	14b80042	0	00000000000000
3893082	14b81002	0	00000000000000
3894497	14c06088	1515	00000100c00000
3894862	14c0a090	1009	0000001e0002fe
3895013	14c10019	1518	00000100c00200
3896177	14c30440	930	00000016000000
3896731	14c48104	1722	0000020c0001c0
3896864	14c50808	770	00000008000000
3898864	14d40044	1746	000003000000c0
3899549	14e04030	610	00000000400000
3899803	14e11040	0	00000000000000
3900066	14e42002	41	000000000000c0
3901456	15001286	2474	00001000000000
3902153	15002883	17	0000000000002c
3902553	150040ac	1432	00000100000000
3902635	15004216	0	00000000000000
3903060	15005111	0	00000000000000
3903122	1500540a	0	00000000000000
3903330	15006301	0	00000000000000
3903459	15007081	0	00000000000000
3903677	150082a4	2475	00001000000008
3904160	15009620	540	00000000100000
3904612	1500c284	0	00000000000000
3904865	1500f100	553	00000000180000
3905480	15011310	2474	00001000000000
3905989	15014380	0	00000000000000
3906200	15016300	0	00000000000000
3906477	15019084	2532	00001800000030
3906501	15019404	0	00000000000000
3906641	1501c280	0	00000000000000
3906854	1502028a	2474	00001000000000
3907225	15021091	15	00000000000020
3907442	15022089	1432	00000100000000
3907704	1502402a	0	00000000000000
3909067	1503d000	522	00000000080000
3909373	15040621	0	00000000000000
3910635	15048a01	0	00000000000000
3911148	15051208	2474	00001000000000
3911875	15064880	0	00000000000000
3912364	1508044c	0	00000000000000
3913012	15082809	0	00000000000000
3913077	15083028	1951	00000800000000
3913502	1508801a	2683	00001e00000000
3913634	15088460	0	00000000000000
3914145	15090908	2634	00001c00000000
3915114	150b0401	0	00000000000000
3915136	150b1002	2549	00001800080000
3916343	1510081a	1881	00000600200000
3916753	15102068	1932	00000700000000
3917039	15104068	1432	00000100000000
3917713	1510a804	1884	00000600200013
3918070	15111090	12	00000000000010
3918072	151110c0	12	00000000000010
3918762	15124028	1432	00000100000000
3920097	15180c40	0	00000000000000
3920488	15190404	0	00000000000000
3920778	151c2008	1932	00000700000000
3920977	1520020b	0	00000000000000
3921729	15202700	570	00000000200001
3922942	15211480	0	00000000000000
3923229	1521e000	0	00000000000000
3923561	15222401	0	00000000000000
3924288	15244030	0	00000000000000
3924292	15244048	0	00000000000000
3925160	15285010	0	00000000000000
3925299	15290028	0	00000000000000
3925782	15300209	0	00000000000000
3926411	15320201	0	00000000000000
3926457	15322010	571	00000000200003
3926490	15328400	571	00000000200003
3926529	15340048	0	00000000000000
3927390	1540110a	0	00000000000000
3928014	15404828	0	00000000000000
3928160	15406204	0	00000000000000
3928970	15412102	525	00000000080036
3929718	15428408	0	00000000000000
3931286	15490041	1432	00000100000000
3932856	15600085	9	0000000000000c
3933037	15600c80	2	00000000000002
3933221	15604202	0	00000000000000
3933690	15640600	0	00000000000000
3935069	15802a08	1881	00000600200000
3935641	15808411	0	00000000000000
3935781	15809402	553	00000000180000
3935907	1580c101	0	00000000000000
3936070	15810242	2495	00001400000000
3936214	15811088	2531	00001800000000
3936329	15813080	1952	00000800000030
3937185	15834010	1489	00000100080000
3937638	15844a00	540	00000000100000
3937680	15848041	0	00000000000000
3937899	15860018	2708	00001f00000000
3938294	15881408	0	00000000000000
3938480	15887000	553	00000000180000
3939845	15940140	1932	00000700000000
3940759	15a10a00	570	00000000200001
3941705	15c01060	18	00000000000030
3942593	15cc0040	1741	00000300000000
3942595	15cc0100	1761	00000300180000
3942969	15e80008	0	00000000000000
3943132	16000217	0	00000000000000
3943189	160002c9	0	00000000000000
3943386	1600060e	569	00000000200000
3943396	16000629	2720	00002000000000
3945133	16004207	0	00000000000000
3945668	16005805	0	00000000000000
3946856	1600a428	2746	00002000200000
3947506	16010219	0	00000000000000
3948079	16011c02	522	00000000080000
3948260	16012812	2242	00000c00280001
3948528	16014540	629	00000000800000
3948705	16016401	640	00000000c00000
3949047	1601a084	2003	00000801000000
3951106	16030218	2499	00001400200000
3951559	1603c001	0	00000000000000
3951595	16040059	2870	00002100000000
3952518	16043021	2720	00002000000000
3952625	160440c2	0	00000000000000
3952775	16044a01	0	00000000000000
3952996	16048106	2683	00001e00000000
3953737	16052808	2219	00000c00000000
3954251	16062024	2458	00000f01000000
3954456	16068408	0	00000000000000
3955426	16082182	1951	00000800000000
3955568	16083003	2720	00002000000000
3955889	16085180	0	00000000000000
3956936	16098101	0	00000000000000
3958228	160ca004	2390	00000e01000000
3958636	1610020b	2720	00002000000000
3958997	16100e04	570	00000000200001
3959451	16103012	2720	00002000000000
3962211	16152010	1842	00000500000000
3962913	16189080	0	00000000000000
3964350	16203840	0	00000000000000
3964364	1620401c	610	00000000400000
3964868	16208502	570	00000000200001
3965073	1620b004	672	00000001000000
3965455	16211840	0	00000000000000
3965559	16214081	610	00000000400000
3965575	16214202	0	00000000000000
3966122	16224088	0	00000000000000
3966207	16228048	0	00000000000000
3966416	1624000d	0	00000000000000
3966561	162404c0	0	00000000000000
3966840	16244880	0	00000000000000
3967192	16264080	0	00000000000000
3967507	16281804	672	00000001000000
3967719	16288140	0	00000000000000
3968027	162a9000	672	00000001000000
3969216	16380408	610	00000000400000
3969905	16401141	2720	00002000000000
3970037	16401a04	0	00000000000000
3970591	16405108	0	00000000000000
3971245	16410206	0	00000000000000
3972016	16422022	1691	00000200180000
3973581	16484006	0	00000000000000
3973842	16491002	522	00000000080000
3974018	164b0008	1432	00000100000000
3974309	1650040c	640	00000000c00000
3974581	16504120	1515	00000100c00000
3974608	16504820	640	00000000c00000
3974658	16508050	2892	00002200000000
3975159	16580011	2881	00002100c00000
3978281	16809240	3120	00003000000000
3978417	1680c140	0	00000000000000
3978829	16813008	1951	00000800000000
3979160	16820411	0	00000000000000
3979816	16840248	3126	00003600000000
3980003	16842009	2870	00002100000000
3980252	1684a020	3081	00002e01180000
3980897	16884009	1515	00000100c00000
3981850	16902c00	2768	00002000e00001
3981881	16904048	1502	00000100800000
3982600	16991000	0	00000000000000
3982604	169a0001	1432	00000100000000
3983319	16a20003	0	00000000000000
3983417	16a24080	0	00000000000000
3983422	16a25000	0	00000000000000
3983456	16a40005	0	00000000000000
3984289	16c02140	2959	00002300800000
3984533	16c1000a	0	00000000000000
3984859	16c41100	2744	00002000180000
3985385	16e02100	610	00000000400000
3986122	17001340	2474	00001000000000
3986384	17002610	602	00000000300001
3987109	17009041	0	00000000000000
3987277	1700c208	0	00000000000000
3987891	1702000d	1432	00000100000000
3988038	17020502	606	00000000380001
3988193	17022048	2433	00000f00000000
3988327	17025100	553	00000000180000
3989198	17051008	2531	00001800000000
3989867	170880c0	2531	00001800000000
3989965	17090060	2666	00001d00000000
3990370	17100031	1432	00000100000000
3990561	17100a40	1860	00000600000000
3990824	17108041	0	00000000000000
3991117	17122020	1940	00000700200001
3991208	17140204	1860	00000600000000
3991320	17164000	1432	00000100000000
3991467	171a0100	1932	00000700000000
3992518	17280801	0	00000000000000
3992635	17300005	0	00000000000000
3992725	17304001	0	00000000000000
3992761	17310080	0	00000000000000
3992939	17400308	1648	00000200000000
3993218	17404104	1432	00000100000000
3993862	17481008	0	00000000000000
3993959	174c2000	1761	00000300180000
3994930	17810011	1432	00000100000000
3994966	17810240	2495	00001400000000
3995364	17880108	2708	00001f00000000
3995814	17a10001	0	00000000000000
3996054	17c24000	1499	00000100180000
4002924	1800b00d	67	00000000000200
4005388	18011c09	67	00000000000200
4005923	18012e80	1080	00000021000000
4008478	1801e401	0	00000000000000
4008511	1802001f	0	00000000000000
4011017	1802501c	1303	00000040000000
4011018	18025023	0	00000000000000
4014841	1804024b	1383	00000080001000
4017436	18046043	0	00000000000000
4017438	18046046	0	00000000000000
4018353	18049601	0	00000000000000
4018360	18049680	672	00000001000000
4018618	1804aa01	0	00000000000000
4019862	18052188	770	00000008000000
4021297	18060988	0	00000000000000
4021944	18064103	0	00000000000000
4022587	1806a410	1170	00000025180000
4023006	18072028	0	00000000000000
4025262	18083c08	770	00000008000000
4027202	1808ac80	1281	0000003f000000
4030120	180a180c	0	00000000000000
4032543	180c1c08	770	00000008000000
4032592	180c2092	1175	0000002c000000
4032960	180c440a	0	00000000000000
4033078	180c5082	0	00000000000000
4034219	180e0013	0	00000000000000
4041248	1812028a	0	00000000000000
4041786	18121a80	87	00000000000400
4042119	18124083	0	00000000000000
4042673	1812900c	0	00000000000000
4043273	18134011	0	00000000000000
4044764	18146030	0	00000000000000
4045087	18149208	0	00000000000000
4048026	18188448	0	00000000000000
4048074	18188881	1382	00000080000000
4048291	1818c208	1382	00000080000000
4049455	181ac040	0	00000000000000
4057250	18221809	0	00000000000000
4057465	18222680	1080	00000021000000
4060248	18245820	0	00000000000000
4060319	18246c00	0	00000000000000
4061098	18252090	1088	00000021000840
4061140	18253002	0	00000000000000
4062979	18283044	0	00000000000000
4063655	18289280	672	00000001000000
4063804	1828c408	0	00000000000000
4064115	18291408	0	00000000000000
4064204	18293020	672	00000001000000
4067138	18305030	0	00000000000000
4067536	18309408	0	00000000000000
4067683	1830c440	0	00000000000000
4068530	183210c0	87	00000000000400
4068694	18324404	0	00000000000000
4072473	18402a88	0	00000000000000
4072610	18403188	771	00000008000200
4075076	1840e204	0	00000000000000
4076377	18415210	0	00000000000000
4077765	18422304	39	00000000000088
4081018	1844a440	790	0000000c000000
4081102	1844c804	0	00000000000000
4082243	1846c002	553	00000000180000
4083619	18485082	0	00000000000000
4084536	18492600	0	00000000000000
4088399	18512220	0	00000000000000
4088740	18520288	0	00000000000000
4089020	18524088	0	00000000000000
4089661	18542900	41	000000000000c0
4090353	1858100c	0	00000000000000
4090681	1858c080	0	00000000000000
4092354	18605201	0	00000000000000
4092907	1860e008	0	00000000000000
4094470	186420c0	129	000000000008c0
4095500	18689040	0	00000000000000
4096278	18702420	611	00000000400002
4096810	18740480	0	00000000000000
4099565	18804d08	1352	00000040c00000
4101434	1880e880	0	00000000000000
4103601	1882080b	0	00000000000000
4104141	18822601	0	00000000000000
4105103	18830029	0	00000000000000
4105535	18836008	1303	00000040000000
4105646	1883c400	1317	00000040080000
4105778	1884020d	1383	00000080001000
4106720	18844128	1383	00000080001000
4107053	18848089	1383	00000080001000
4108091	1886010c	0	00000000000000
4108437	18864280	0	00000000000000
4112057	188c2005	0	00000000000000
4114318	1890c009	1383	00000080001000
4114674	18911408	0	00000000000000
4115053	18920209	0	00000000000000
4117390	189c8080	1382	00000080000000
4122634	18b03040	0	00000000000000
4122689	18b04410	610	00000000400000
4125179	18c0c140	0	00000000000000
4128048	18ca1400	912	00000014180000
4129381	18da8000	0	00000000000000
4132458	19002aa0	7	00000000000008
4139025	19032003	16	00000000000024
4140854	19048890	107	00000000000800
4141444	19052208	0	00000000000000
4143847	19088409	0	00000000000000
4145121	190a4048	0	00000000000000
4145734	190c2102	553	00000000180000
4146066	190d2200	0	00000000000000
4146406	191002a1	0	00000000000000
4147424	19104884	0	00000000000000
4147575	19106500	0	00000000000000
4148422	19114009	0	00000000000000
4148823	19120a80	0	00000000000000
4149024	19124401	0	00000000000000
4150204	19180218	0	00000000000000
4150335	1918100a	0	00000000000000
4152065	19203420	1303	00000040000000
4152730	19209c00	1303	00000040000000
4153231	19212401	0	00000000000000
4153814	19223004	1308	00000040000800
4154269	19240418	0	00000000000000
4154581	19245800	0	00000000000000
4155688	192a0480	0	00000000000000
4155694	192a0808	0	00000000000000
4156312	19304084	0	00000000000000
4156716	19328040	0	00000000000000
4157650	19401211	0	00000000000000
4157812	19402064	121	0000000000083c
4158070	19404013	0	00000000000000
4159189	19412048	0	00000000000000
4159553	19420288	0	00000000000000
4159691	194210a0	117	00000000000830
4160094	19432800	528	00000000080836
4160873	19461004	107	00000000000800
4161644	194a0084	0	00000000000000
4161670	194a0410	553	00000000180000
4162137	19501012	12	00000000000010
4162159	19501102	12	00000000000010
4163441	196040c0	0	00000000000000
4163838	19628008	0	00000000000000
4165092	19801c80	0	00000000000000
4165236	19802481	0	00000000000000
4165605	1980500a	1303	00000040000000
4165645	19805300	540	00000000100000
4167555	19840308	0	00000000000000
4167931	19848201	0	00000000000000
4168315	19880109	0	00000000000000
4168762	19888440	0	00000000000000
4169139	198c1002	553	00000000180000
4169606	19904044	0	00000000000000
4170114	19941080	0	00000000000000
4170240	19980402	0	00000000000000
4171248	19a41002	0	00000000000000
4171911	19c00c40	0	00000000000000
4172523	19c40024	107	00000000000800
4172579	19c41004	107	00000000000800
4177461	1a00d006	1303	00000040000000
4182241	1a040a88	0	00000000000000
4183073	1a045410	553	00000000180000
4183237	1a048128	0	00000000000000
4183485	1a04a108	0	00000000000000
4183505	1a04a440	0	00000000000000
4184614	1a065002	553	00000000180000
4184615	1a065004	0	00000000000000
4188240	1a0c2108	0	00000000000000
4188691	1a0e2400	687	00000001180000
4189448	1a101c10	0	00000000000000
4192114	1a142102	0	00000000000000
4192398	1a150208	0	00000000000000
4192517	1a160204	0	00000000000000
4192600	1a170002	0	00000000000000
4192638	1a180049	629	00000000800000
4194200	1a201405	0	00000000000000
4194839	1a205140	1303	00000040000000
4195169	1a209003	87	00000000000400
4196681	1a240086	0	00000000000000
4197063	1a244801	0	00000000000000
4197147	1a248408	0	00000000000000
4197194	1a24c010	0	00000000000000
4197409	1a262080	672	00000001000000
4197436	1a268080	672	00000001000000
4197604	1a280488	610	00000000400000
4197727	1a281404	672	00000001000000
4197771	1a282090	694	00000001400000
4200288	1a402013	0	00000000000000
4200368	1a402203	0	00000000000000
4201376	1a40e001	0	00000000000000
4202794	1a440803	0	00000000000000
4203001	1a444014	0	00000000000000
4203081	1a446400	553	00000000180000
4203283	1a454008	0	00000000000000
4203388	1a462002	553	00000000180000
4204329	1a4c1004	0	00000000000000
4205298	1a541004	0	00000000000000
4205377	1a560800	0	00000000000000
4205542	1a5c0040	0	00000000000000
4206372	1a640006	0	00000000000000
4206611	1a682400	610	00000000400000
4211026	1a881402	553	00000000180000
4211671	1a8c4010	553	00000000180000
4214080	1ab01020	87	00000000000400
4214128	1ab0c000	0	00000000000000
4217061	1b006180	0	00000000000000
4217968	1b014401	0	00000000000000
4217999	1b015400	1317	00000040080000
4218342	1b021009	0	00000000000000
4218755	1b031400	1317	00000040080000
4219583	1b066000	553	00000000180000
4219665	1b0800c1	0	00000000000000
4219772	1b080602	540	00000000100000
4220015	1b084201	0	00000000000000
4221016	1b105004	0	00000000000000
4223806	1b421040	0	00000000000000
4224046	1b480084	0	00000000000000
4224138	1b488400	553	00000000180000
4224198	1b50000a	0	00000000000000
4226072	1ba21000	1303	00000040000000
4227968	1c002682	1053	00000020000000
4228301	1c003540	964	0000001c000200
4228681	1c004660	0	00000000000000
4229072	1c005c01	0	00000000000000
4229158	1c006160	629	00000000800000
4230596	1c00d012	553	00000000180000
4230601	1c00d024	0	00000000000000
4230723	1c00f004	0	00000000000000
4231165	1c010a48	0	00000000000000
4231360	1c011424	990	0000001d000200
4231727	1c013810	996	0000001d080230
4231943	1c014b00	0	00000000000000
4232314	1c018c40	1259	0000003e000200
4232488	1c01c0a0	0	00000000000000
4233522	1c023140	903	00000014000030
4233957	1c02808a	0	00000000000000
4234706	1c032404	1249	00000037200003
4235641	1c041c08	770	00000008000000
4235679	1c042062	1177	0000002c0000c0
4235707	1c042109	0	00000000000000
4236530	1c049024	834	0000000d000100
4236604	1c04a060	1177	0000002c0000c0
4239660	1c08a042	1257	0000003e000000
4240066	1c091120	994	0000001d080100
4240216	1c094208	0	00000000000000
4240414	1c0a0091	864	00000012000000
4240732	1c0a3080	917	00000015000000
4241227	1c0c0818	770	00000008000000
4242018	1c100249	0	00000000000000
4242578	1c101c10	0	00000000000000
4242677	1c102218	569	00000000200000
4243170	1c106030	640	00000000c00000
4243572	1c10a480	2	00000000000002
4243598	1c10c003	0	00000000000000
4244265	1c120031	0	00000000000000
4244407	1c120604	570	00000000200001
4244680	1c125002	0	00000000000000
4246315	1c190021	640	00000000c00000
4248557	1c210049	0	00000000000000
4248865	1c212401	721	00000002400000
4249398	1c222048	0	00000000000000
4251401	1c2b0800	1119	00000023000000
4252014	1c308003	0	00000000000000
4252195	1c311400	0	00000000000000
4252603	1c381200	0	00000000000000
4252623	1c384010	610	00000000400000
4252675	1c3a0800	0	00000000000000
4253281	1c401209	0	00000000000000
4254999	1c418090	1011	0000001e000376
4255124	1c4200a1	866	0000001200002c
4255577	1c428280	61	00000000000188
4255846	1c440209	0	00000000000000
4256792	1c480c80	1036	0000001ec00000
4257073	1c488280	53	00000000000100
4257248	1c498100	1019	0000001e080100
4257471	1c4c2004	790	0000000c000000
4259060	1c604024	610	00000000400000
4260503	1c800e08	569	00000000200000
4260812	1c8021c0	1279	0000003e8002fc
4260952	1c803009	67	00000000000200
4261018	1c80400e	0	00000000000000
4261694	1c80a102	1274	0000003e3802ff
4261818	1c80d200	540	00000000100000
4262515	1c820405	864	00000012000000
4262605	1c820c02	1235	00000036380003
4262710	1c822104	1251	000000372000ff
4262849	1c828003	866	0000001200002c
4262947	1c82c080	0	00000000000000
4263357	1c841900	841	0000000d180100
4263465	1c8440c0	0	00000000000000
4263633	1c84e000	553	00000000180000
4264315	1c884840	629	00000000800000
4264422	1c889800	999	0000001d180100
4266737	1ca20808	569	00000000200000
4269083	1d000413	0	00000000000000
4269527	1d001680	0	00000000000000
4271265	1d020031	17	0000000000002c
4272244	1d042102	553	00000000180000
4272738	1d070200	0	00000000000000
4272793	1d0800a8	0	00000000000000
4273522	1d0a4040	0	00000000000000
4273700	1d0e0008	0	00000000000000
4273801	1d100209	0	00000000000000
4273909	1d100904	575	00000000200013
4274107	1d104102	0	00000000000000
4274303	1d110102	575	00000000200013
4275025	1d200811	9	0000000000000c
4275811	1d260020	0	00000000000000
4275921	1d284080	0	00000000000000
4275982	1d2c0040	0	00000000000000
4276799	1d410801	16	00000000000024
4277093	1d444004	0	00000000000000
4278048	1d802204	573	00000000200009
4278497	1d824004	0	00000000000000
4278844	1d8a8000	553	00000000180000
4279013	1d922000	575	00000000200013
4281691	1e014024	640	00000000c00000
4281865	1e01c010	522	00000000080000
4281987	1e020301	0	00000000000000
4282177	1e022042	0	00000000000000
4282430	1e02c200	540	00000000100000
4282937	1e044048	0	00000000000000
4283184	1e051008	0	00000000000000
4283706	1e082410	700	00000001d80000
4283927	1e08c400	553	00000000180000
4286025	1e20b000	672	00000001000000
4286176	1e220042	0	00000000000000
4286278	1e22a000	690	00000001200001
4286630	1e300021	610	00000000400000
4286662	1e300240	0	00000000000000
4286687	1e301002	0	00000000000000
4286976	1e400805	640	00000000c00000
4287638	1e440024	0	00000000000000
4287956	1e500011	640	00000000c00000
4288671	1e802180	697	00000001c00000
4288821	1e808042	0	00000000000000
4289252	1e842100	687	00000001180000
4290026	1ec20001	0	00000000000000
4290651	1f009200	540	00000000100000
4290956	1f040050	0	00000000000000
4291862	1f500800	0	00000000000000
4292033	1f820020	606	00000000380001
4297467	200062a9	0	00000000000000
4298004	20006c8a	0	00000000000000
4298166	20007125	0	00000000000000
4298202	200071a4	0	00000000000000
4298547	20007c24	0	00000000000000
4303445	2000f188	0	00000000000000
4306311	2001341a	67	00000000000200
4307695	20015681	0	00000000000000
4316106	20026429	347	00000000010000
4316384	20027016	0	00000000000000
4319580	2002f401	0	00000000000000
4322505	20036882	0	00000000000000
4324847	20040e89	0	00000000000000
4325149	2004141e	0	00000000000000
4326063	20042607	0	00000000000000
4326738	200434c2	0	00000000000000
4326767	20043588	0	00000000000000
4326798	200436c0	0	00000000000000
4328761	20047019	0	00000000000000
4330714	2004ac09	0	00000000000000
4338147	20063043	0	00000000000000
4339262	20066980	0	00000000000000
4339302	20067060	0	00000000000000
4340208	2006a490	0	00000000000000
4344354	200821aa	246	00000000008000
4347322	20087013	0	00000000000000
4347521	20087a04	200	00000000004000
4349066	2008a462	0	00000000000000
4349357	2008b086	0	00000000000000
4349448	2008b414	0	00000000000000
4349484	2008b700	0	00000000000000
4352155	20092720	0	00000000000000
4353384	20096411	347	00000000010000
4353478	20097003	0	00000000000000
4354838	2009e012	0	00000000000000
4355080	200a02a3	0	00000000000000
4355535	200a0a89	0	00000000000000
4356614	200a2a0a	0	00000000000000
4356720	200a3058	0	00000000000000
4356812	200a3405	0	00000000000000
4357859	200a7028	0	00000000000000
4358650	200aa049	0	00000000000000
4361058	200bc480	0	00000000000000
4361087	200be008	0	00000000000000
4361271	200c02a9	0	00000000000000
4363049	200c380c	467	00000000042000
4363071	200c38c0	500	0000000004c000
4363155	200c40c5	200	00000000004000
4363312	200c440e	0	00000000000000
4365290	200cc888	0	00000000000000
4366231	200d20c2	246	00000000008000
4367449	200e0289	0	00000000000000
4368102	200e2248	0	00000000000000
4368106	200e2282	0	00000000000000
4368111	200e22c0	0	00000000000000
4368145	200e2490	0	00000000000000
4368649	200e7800	0	00000000000000
4371763	20102613	0	00000000000000
4372422	2010348a	0	00000000000000
4376638	2010b881	316	0000000000c000
4380043	20114889	368	00000000011000
4381475	2011a203	0	00000000000000
4382015	2011e480	0	00000000000000
4384060	2012404d	347	00000000010000
4385512	20128c48	0	00000000000000
4386906	2013100d	0	00000000000000
4389765	2014248a	0	00000000000000
4390091	20143188	246	00000000008000
4390098	20143209	0	00000000000000
4392082	2014a441	0	00000000000000
4392358	2014c40c	0	00000000000000
4393897	20156028	0	00000000000000
4397576	20180e84	0	00000000000000
4397607	2018104e	0	00000000000000
4397835	20181485	0	00000000000000
4398078	20181e08	0	00000000000000
4398200	201821a2	246	00000000008000
4398397	20182650	0	00000000000000
4398514	20182a42	0	00000000000000
4399406	20185301	200	00000000004000
4399473	20185830	0	00000000000000
4400302	20189019	246	00000000008000
4400467	20189812	246	00000000008000
4401375	20190407	0	00000000000000
4401385	20190423	0	00000000000000
4401936	20192103	246	00000000008000
4401958	20192182	246	00000000008000
4402399	20195028	0	00000000000000
4402444	20195808	0	00000000000000
4403201	201a0416	0	00000000000000
4403321	201a0816	0	00000000000000
4403877	201a2824	347	00000000010000
4403955	201a3180	0	00000000000000
4405827	201c0c24	0	00000000000000
4406135	201c20e0	246	00000000008000
4406245	201c2803	246	00000000008000
4407043	201ca0c0	316	0000000000c000
4407164	201cd010	200	00000000004000
4407570	201d4081	200	00000000004000
4407645	201d800c	0	00000000000000
4407994	201e1102	0	00000000000000
4408035	201e200a	0	00000000000000
4411042	2020318a	0	00000000000000
4412570	20205843	0	00000000000000
4413240	20207061	0	00000000000000
4415223	2020b025	107	00000000000800
4415293	2020b190	107	00000000000800
4416272	2020e40c	0	00000000000000
4417543	20211688	0	00000000000000
4421621	20221069	0	00000000000000
4423654	20226442	0	00000000000000
4425116	2022e090	0	00000000000000
4425808	20231488	0	00000000000000
4428088	20241628	0	00000000000000
4428156	202418a1	107	00000000000800
4428404	2024220d	0	00000000000000
4429794	2024620a	0	00000000000000
4430510	20249049	0	00000000000000
4434435	20265202	0	00000000000000
4436460	20281191	0	00000000000000
4436716	20281886	0	00000000000000
4438450	20286822	0	00000000000000
4439795	2028d030	0	00000000000000
4439832	2028d440	0	00000000000000
4439878	2028e108	0	00000000000000
4440138	2029040e	0	00000000000000
4440235	20290642	0	00000000000000
4440583	20291680	0	00000000000000
4440777	20292444	347	00000000010000
4441237	20296090	347	00000000010000
4443014	202a5408	0	00000000000000
4444899	202c2109	0	00000000000000
4444994	202c2540	0	00000000000000
4445071	202c3022	0	00000000000000
4445389	202c5280	0	00000000000000
4445402	202c5802	0	00000000000000
4448611	20302229	0	00000000000000
4449914	20306026	0	00000000000000
4450801	20309340	87	00000000000400
4450990	2030a209	0	00000000000000
4452836	20315880	0	00000000000000
4452905	20316c00	347	00000000010000
4453481	20320189	347	00000000010000
4454313	2032300c	0	00000000000000
4454357	20323410	0	00000000000000
4457361	20349084	0	00000000000000
4458423	2036200a	0	00000000000000
4458849	2038008b	0	00000000000000
4459746	20382d00	347	00000000010000
4459843	20384058	347	00000000010000
4460156	20386802	0	00000000000000
4460213	20388083	0	00000000000000
4460947	20392101	347	00000000010000
4461166	2039a001	0	00000000000000
4461271	203a0182	0	00000000000000
4461382	203a0888	347	00000000010000
4467209	20406443	0	00000000000000
4467444	20406c41	0	00000000000000
4470326	2040d441	0	00000000000000
4470673	2040f240	0	00000000000000
4474381	20419881	278	00000000008a20
4474663	2041b101	311	0000000000aa20
4477792	20426023	0	00000000000000
4483236	20443a01	0	00000000000000
4484009	2044608a	0	00000000000000
4486200	20451203	0	00000000000000
4488377	20463005	107	00000000000800
4490131	204804c9	0	00000000000000
4491149	20482096	0	00000000000000
4491280	204822a2	0	00000000000000
4491342	2048244a	0	00000000000000
4491424	20482682	0	00000000000000
4491642	2048308a	246	00000000008000
4492593	204860e0	0	00000000000000
4492628	20486211	0	00000000000000
4499894	204c8460	0	00000000000000
4500610	204d4202	0	00000000000000
4500707	204d8280	456	00000000040100
4501059	204e200a	0	00000000000000
4502692	20501c05	0	00000000000000
4502981	20502483	0	00000000000000
4504078	20505424	0	00000000000000
4504266	20506242	0	00000000000000
4504742	20508588	0	00000000000000
4505441	2050b600	0	00000000000000
4506477	20511803	246	00000000008000
4507621	2051d200	0	00000000000000
4507673	2052008b	0	00000000000000
4508913	20525801	0	00000000000000
4509902	20536008	0	00000000000000
4510482	20540c41	0	00000000000000
4511126	20544288	0	00000000000000
4512762	20564005	0	00000000000000
4513243	2058028c	0	00000000000000
4514005	20582c08	0	00000000000000
4514023	20583022	246	00000000008000
4514040	20583101	246	00000000008000
4514441	20587800	0	00000000000000
4515296	20594180	0	00000000000000
4516248	205c02c0	0	00000000000000
4516500	205c3800	246	00000000008000
4516951	205f4000	0	00000000000000
4519504	206050d0	0	00000000000000
4519952	20607880	0	00000000000000
4521283	2060e210	0	00000000000000
4521975	20611608	0	00000000000000
4523045	2061b080	107	00000000000800
4527302	2064c480	0	00000000000000
4527791	20656100	0	00000000000000
4528341	20665400	0	00000000000000
4528709	2068020d	0	00000000000000
4529762	20684841	0	00000000000000
4531876	206c1041	0	00000000000000
4532336	206e0041	0	00000000000000
4532337	206e0042	0	00000000000000
4532401	206e2004	0	00000000000000
4533113	20701620	0	00000000000000
4534064	20709082	0	00000000000000
4535197	20723100	0	00000000000000
4535743	20741011	0	00000000000000
4536019	20748404	0	00000000000000
4536041	20749008	0	00000000000000
4536069	2074c040	0	00000000000000
4540281	20803c81	67	00000000000200
4540592	20804487	0	00000000000000
4541389	208055a0	0	00000000000000
4542053	20806c22	0	00000000000000
4548297	20817420	0	00000000000000
4549151	2081a409	67	00000000000200
4550079	20820649	0	00000000000000
4552436	20826091	347	00000000010000
4552616	20827005	0	00000000000000
4552624	20827018	0	00000000000000
4557692	20843098	486	00000000048000
4558830	208470c0	200	00000000004000
4563393	20866480	0	00000000000000
4563478	20868109	0	00000000000000
4566015	20882603	0	00000000000000
4566180	20882c18	347	00000000010000
4566243	20883052	291	0000000000a000
4566543	20884186	0	00000000000000
4567212	2088610c	347	00000000010000
4568044	20889301	200	00000000004000
4568415	2088b280	477	00000000044000
4569787	20893420	0	00000000000000
4570292	2089840c	0	00000000000000
4570482	2089a102	291	0000000000a000
4571834	208a4c02	0	00000000000000
4572125	208a8448	0	00000000000000
4573930	208c2c08	0	00000000000000
4574193	208c4890	200	00000000004000
4574821	208cf000	200	00000000004000
4575681	208e2028	0	00000000000000
4577718	2090288a	444	00000000028000
4577986	20903482	0	00000000000000
4578719	20905610	0	00000000000000
4578936	20906602	0	00000000000000
4582746	2092100b	0	00000000000000
4583209	20923088	0	00000000000000
4583263	20924026	0	00000000000000
4584005	2092c0a0	0	00000000000000
4585663	20944064	152	00000000001000
4585927	20946021	0	00000000000000
4586281	2094a003	246	00000000008000
4586377	2094c048	152	00000000001000
4586984	2095a002	249	00000000008040
4587694	2098001e	0	00000000000000
4587963	20980512	0	00000000000000
4588272	20981209	0	00000000000000
4588791	20984242	0	00000000000000
4589473	2098c600	0	00000000000000
4589933	20994810	371	00000000014000
4590114	209a0098	347	00000000010000
4590423	209a3002	0	00000000000000
4591147	209c4120	0	00000000000000
4591150	209c4201	200	00000000004000
4591213	209c8014	200	00000000004000
4593481	20a03428	0	00000000000000
4595226	20a09640	0	00000000000000
4596893	20a13088	0	00000000000000
4597266	20a16401	347	00000000010000
4601066	20a42c80	0	00000000000000
4603695	20a81016	0	00000000000000
4603847	20a81604	0	00000000000000
4604465	20a85420	0	00000000000000
4604597	20a88089	0	00000000000000
4605443	20a94c00	347	00000000010000
4605801	20aa1012	0	00000000000000
4606587	20ac2404	0	00000000000000
4606697	20ac6002	0	00000000000000
4607030	20ae4020	0	00000000000000
4607730	20b01803	87	00000000000400
4609156	20b11402	0	00000000000000
4610522	20b44101	152	00000000001000
4610901	20b64001	0	00000000000000
4611363	20b84500	347	00000000010000
4611727	20ba4400	347	00000000010000
4613473	20c0250c	67	00000000000200
4613518	20c02682	0	00000000000000
4613676	20c02c88	67	00000000000200
4613856	20c03608	0	00000000000000
4614165	20c04489	0	00000000000000
4614754	20c06406	0	00000000000000
4615548	20c09441	67	00000000000200
4615903	20c0b420	67	00000000000200
4616225	20c0e060	0	00000000000000
4619064	20c230a0	117	00000000000830
4619080	20c23240	0	00000000000000
4620308	20c34081	0	00000000000000
4621638	20c44540	0	00000000000000
4622641	20c52480	0	00000000000000
4626552	20cb1008	0	00000000000000
4627138	20cca004	467	00000000042000
4627383	20ce4200	0	00000000000000
4628077	20d01680	0	00000000000000
4628488	20d04124	0	00000000000000
4630344	20d2b000	12	00000000000010
4630623	20d40488	0	00000000000000
4631765	20d88041	246	00000000008000
4631954	20d94100	0	00000000000000
4633516	20e05108	0	00000000000000
4635578	20e41140	107	00000000000800
4636555	20e84440	0	00000000000000
4636801	20e94400	0	00000000000000
4637021	20ec0c00	0	00000000000000
4637714	20f10401	0	00000000000000
4641056	2100360c	0	00000000000000
4642921	210068c4	200	00000000004000
4645008	2100ac44	0	00000000000000
4646124	2100e520	0	00000000000000
4646129	2100e604	0	00000000000000
4648259	2101400f	0	00000000000000
4648517	210144a8	0	00000000000000
4649191	21016c80	0	00000000000000
4650216	2101b081	216	00000000004820
4650524	2101d280	200	00000000004000
4652293	210228c2	396	0000000002003c
4657661	210410c5	215	00000000004800
4658149	210420aa	0	00000000000000
4658351	21042491	0	00000000000000
4659026	2104440b	0	00000000000000
4660361	210490c1	215	00000000004800
4660455	21049488	0	00000000000000
4662886	2105a600	0	00000000000000
4663776	2106210a	0	00000000000000
4663876	21062610	0	00000000000000
4663961	21063090	107	00000000000800
4665679	210804a5	0	00000000000000
4666307	2108121a	0	00000000000000
4666636	21081c28	0	00000000000000
4667427	2108409c	0	00000000000000
4668390	2108802b	159	00000000002000
4669033	21089540	0	00000000000000
4669433	2108c0a8	0	00000000000000
4670602	21092448	0	00000000000000
4671065	21096102	0	00000000000000
4672434	210a2504	0	00000000000000
4672581	210a4025	0	00000000000000
4672663	210a4218	0	00000000000000
4672905	210a6410	0	00000000000000
4672913	210a6804	0	00000000000000
4676061	210d2011	236	00000000006000
4676422	210e0218	0	00000000000000
4676601	210e1480	0	00000000000000
4676866	210ea010	0	00000000000000
4677983	21101303	0	00000000000000
4679270	211044b0	0	00000000000000
4679352	21104825	0	00000000000000
4679577	21105141	200	00000000004000
4679858	21106424	0	00000000000000
4680049	2110808d	0	00000000000000
4680063	211080b1	0	00000000000000
4680722	21109c20	0	00000000000000
4683014	21119480	0	00000000000000
4683182	2111d400	0	00000000000000
4683253	211200c5	0	00000000000000
4684112	21122980	394	00000000020012
4684422	2112500a	0	00000000000000
4684698	21128442	0	00000000000000
4684719	21128602	1	00000000000001
4685241	2113100a	0	00000000000000
4686107	21141083	0	00000000000000
4686428	21142442	0	00000000000000
4686723	21144490	0	00000000000000
4686826	21145101	200	00000000004000
4686862	21145a00	200	00000000004000
4688459	21168404	0	00000000000000
4689302	2118180c	0	00000000000000
4689895	21185202	0	00000000000000
4689959	21186180	200	00000000004000
4690987	21199200	200	00000000004000
4691009	2119c040	200	00000000004000
4691029	211a0026	0	00000000000000
4691234	211a0c80	0	00000000000000
4692898	21200619	0	00000000000000
4692950	21200709	0	00000000000000
4694510	21203c20	0	00000000000000
4695486	21207201	0	00000000000000
4696143	21209424	0	00000000000000
4696244	2120a029	0	00000000000000
4696337	2120a282	388	00000000020008
4696486	2120b180	107	00000000000800
4696655	2120c448	0	00000000000000
4700783	21231240	0	00000000000000
4701707	21241422	0	00000000000000
4702368	21246003	0	00000000000000
4703777	21262104	107	00000000000800
4703893	21265004	0	00000000000000
4704246	21280183	0	00000000000000
4704964	21282288	0	00000000000000
4705102	212830a0	0	00000000000000
4705892	2128c082	0	00000000000000
4707169	212b2400	0	00000000000000
4707730	212c9100	0	00000000000000
4708262	21300483	0	00000000000000
4709053	21304083	0	00000000000000
4709709	2130a220	385	00000000020001
4711315	21341048	0	00000000000000
4711492	21344440	0	00000000000000
4711613	2134a008	0	00000000000000
4711810	21360500	0	00000000000000
4712237	21382808	0	00000000000000
4712424	21389400	0	00000000000000
4712988	2140020f	0	00000000000000
4714135	21401d08	0	00000000000000
4714840	21403908	467	00000000042000
4715114	2140448c	0	00000000000000
4715634	214060e0	0	00000000000000
4717735	21411023	161	00000000002020
4717947	2141200d	159	00000000002000
4718535	21416048	0	00000000000000
4718636	21418091	115	00000000000824
4718825	21419021	185	00000000002820
4718838	21419084	459	00000000040830
4719043	2141e040	0	00000000000000
4720012	214230c0	117	00000000000830
4720026	21423220	0	00000000000000
4721030	21430610	0	00000000000000
4721193	21432202	0	00000000000000
4721469	21440093	0	00000000000000
4722087	21441640	0	00000000000000
4722132	21441a40	453	00000000040000
4722219	21442148	467	00000000042000
4722390	21443090	458	00000000040800
4722661	21445021	0	00000000000000
4723451	21450a01	0	00000000000000
4723700	21456100	0	00000000000000
4724161	21462c00	0	00000000000000
4724265	21468003	0	00000000000000
4724560	21480107	159	00000000002000
4724675	21480309	0	00000000000000
4725284	21482184	453	00000000040000
4725801	21486088	0	00000000000000
4726430	21490403	0	00000000000000
4726576	21491402	0	00000000000000
4727512	214b2010	0	00000000000000
4727856	214c2060	467	00000000042000
4728033	214c8101	159	00000000002000
4729334	21503120	12	00000000000010
4729967	21509042	12	00000000000010
4729996	21509401	0	00000000000000
4730427	21511081	0	00000000000000
4730664	21518084	13	00000000000012
4731089	21522804	394	00000000020012
4731168	21524808	0	00000000000000
4731497	21540141	0	00000000000000
4731691	21541401	0	00000000000000
4731882	21548005	0	00000000000000
4731923	21548240	0	00000000000000
4731969	2154a400	0	00000000000000
4732077	21554001	0	00000000000000
4732281	2158008a	0	00000000000000
4732480	21581048	0	00000000000000
4733032	215a8020	0	00000000000000
4733827	21601405	0	00000000000000
4734425	21604c08	0	00000000000000
4735155	2161040a	0	00000000000000
4735869	21621808	0	00000000000000
4736794	21649004	107	00000000000800
4736923	21654002	0	00000000000000
4737038	21662200	0	00000000000000
4737528	21685800	0	00000000000000
4737600	21688808	0	00000000000000
4737884	216a9000	0	00000000000000
4738524	21708028	384	00000000020000
4740522	21802093	17	0000000000002c
4740612	2180220e	384	00000000020000
4741523	21804708	0	00000000000000
4744145	21811206	0	00000000000000
4744164	21811281	200	00000000004000
4746736	21826c00	0	00000000000000
4748526	218420a4	458	00000000040800
4748826	2184410c	0	00000000000000
4749452	2184a202	0	00000000000000
4751049	2188042c	0	00000000000000
4751140	21880682	0	00000000000000
4751872	218840a4	0	00000000000000
4752179	21887004	200	00000000004000
4752275	21888206	0	00000000000000
4753030	21894082	0	00000000000000
4753344	218a0460	0	00000000000000
4755946	21905090	200	00000000004000
4756405	2190a600	1	00000000000001
4757020	21918401	0	00000000000000
4757848	2194020a	0	00000000000000
4758217	21948006	0	00000000000000
4760535	21a03801	107	00000000000800
4760583	21a04086	0	00000000000000
4761895	21a19200	0	00000000000000
4763370	21a62080	107	00000000000800
4763797	21a84024	0	00000000000000
4764241	21ac000a	0	00000000000000
4764704	21b02101	0	00000000000000
4765237	21b40108	0	00000000000000
4765478	21b8c000	0	00000000000000
4766288	21c02094	515	0000000006083e
4769511	21c80281	0	00000000000000
4769552	21c804a0	0	00000000000000
4769653	21c810c0	453	00000000040000
4769876	21c88041	159	00000000002000
4770247	21cc0090	453	00000000040000
4770264	21cc0240	453	00000000040000
4771151	21d24020	0	00000000000000
4771785	21e01420	0	00000000000000
4771825	21e02088	384	00000000020000
4772760	21f08001	0	00000000000000
4775311	22002d82	0	00000000000000
4776009	22004287	0	00000000000000
4776766	22005207	0	00000000000000
4777250	220061a1	347	00000000010000
4777449	22006660	0	00000000000000
4777822	220078c0	200	00000000004000
4778354	22008899	246	00000000008000
4780320	2200cc48	0	00000000000000
4786232	2202141c	0	00000000000000
4787080	22023181	0	00000000000000
4787454	22024445	347	00000000010000
4788124	22026881	347	00000000010000
4788698	22028c88	0	00000000000000
4789354	2202c418	0	00000000000000
4791177	22039009	0	00000000000000
4791315	2203b200	0	00000000000000
4792504	22041618	0	00000000000000
4793672	220444c2	0	00000000000000
4794118	22045c04	0	00000000000000
4794255	22046418	0	00000000000000
4795149	2204a046	159	00000000002000
4797413	22059440	0	00000000000000
4798399	22062209	0	00000000000000
4798579	22063404	0	00000000000000
4799374	2206c408	0	00000000000000
4799406	2206e004	0	00000000000000
4799558	22070481	0	00000000000000
4801011	22081464	0	00000000000000
4801221	22081c06	0	00000000000000
4801253	22081d40	0	00000000000000
4801332	220820e8	507	00000000058000
4801960	22083a01	200	00000000004000
4802514	2208508c	0	00000000000000
4802583	22085290	200	00000000004000
4802761	22086122	0	00000000000000
4802858	22086700	0	00000000000000
4803446	22088c42	0	00000000000000
4803691	22089c40	0	00000000000000
4804605	220904c1	347	00000000010000
4805193	22092428	347	00000000010000
4805278	22092d00	347	00000000010000
4805293	22093028	493	0000000004a000
4807407	220a5081	0	00000000000000
4807678	220a8501	0	00000000000000
4808259	220b1600	0	00000000000000
4809251	220c1c02	0	00000000000000
4809450	220c2890	500	0000000004c000
4810285	220cc022	0	00000000000000
4814494	22106812	0	00000000000000
4814555	22107028	0	00000000000000
4814693	2210812c	0	00000000000000
4814908	22108611	0	00000000000000
4815435	2210a301	200	00000000004000
4815509	2210a881	316	0000000000c000
4816184	2211040b	0	00000000000000
4818007	22120413	0	00000000000000
4818413	2212140c	0	00000000000000
4818462	22121818	0	00000000000000
4818700	221228c0	347	00000000010000
4819506	2212a880	0	00000000000000
4821172	22143a00	200	00000000004000
4821829	2214a00c	0	00000000000000
4824154	22182a20	0	00000000000000
4825109	22190103	246	00000000008000
4826399	221c0282	0	00000000000000
4826695	221c4204	200	00000000004000
4826859	221d0011	316	0000000000c000
4826932	221d2002	246	00000000008000
4827861	22200d88	347	00000000010000
4828803	22202981	347	00000000010000
4829817	22205c02	0	00000000000000
4830827	2220a007	0	00000000000000
4831357	2220d088	0	00000000000000
4831469	2220f010	0	00000000000000
4831700	22210429	347	00000000010000
4832412	22213003	0	00000000000000
4832801	22216202	0	00000000000000
4836531	22242450	0	00000000000000
4836620	22243014	0	00000000000000
4837947	22256100	0	00000000000000
4841303	222a0881	347	00000000010000
4842880	22300505	347	00000000010000
4843190	223011a0	87	00000000000400
4843903	22306009	347	00000000010000
4843922	22306082	0	00000000000000
4846326	22354004	0	00000000000000
4846374	22360081	0	00000000000000
4846494	22380015	347	00000000010000
4846601	22380301	0	00000000000000
4847275	223a8002	0	00000000000000
4847358	223c0500	0	00000000000000
4847722	22400439	0	00000000000000
4848469	2240141c	0	00000000000000
4850111	22405601	0	00000000000000
4850445	22407420	0	00000000000000
4852949	22414406	0	00000000000000
4853097	22415420	0	00000000000000
4854471	224222a0	0	00000000000000
4855403	2242c101	0	00000000000000
4855553	22430209	0	00000000000000
4856743	2244200d	159	00000000002000
4857701	2244a088	486	00000000048000
4858307	22458011	291	0000000000a000
4858766	22463100	0	00000000000000
4860056	22483180	486	00000000048000
4860234	224844c0	0	00000000000000
4860892	2248d800	0	00000000000000
4861313	22494280	0	00000000000000
4861677	224a0c02	0	00000000000000
4862025	224ae000	0	00000000000000
4863617	22501610	0	00000000000000
4864182	22504e00	0	00000000000000
4864284	22506180	0	00000000000000
4865898	2252c400	0	00000000000000
4866757	22560801	0	00000000000000
4876180	22804903	0	00000000000000
4876560	228060c2	0	00000000000000
4876725	22806c40	347	00000000010000
4876745	22807042	0	00000000000000
4881111	22824421	347	00000000010000
4883692	22846401	0	00000000000000
4885033	22862012	0	00000000000000
4885685	228804e0	347	00000000010000
4885993	22881182	246	00000000008000
4886528	22884284	200	00000000004000
4887203	2288c600	0	00000000000000
4887456	22890c40	347	00000000010000
4887664	22894820	347	00000000010000
4888610	228c0421	0	00000000000000
4888711	228c1022	291	0000000000a000
4888846	228c4006	0	00000000000000
4890330	22904068	347	00000000010000
4890873	22908c04	1	00000000000001
4892053	22924028	347	00000000010000
4892102	22924880	347	00000000010000
4892690	22942408	0	00000000000000
4893034	2295a000	316	0000000000c000
4894025	229c0202	0	00000000000000
4894125	229e0002	0	00000000000000
4894358	22a00419	347	00000000010000
4894759	22a01409	0	00000000000000
4895045	22a02888	347	00000000010000
4895842	22a0a420	1	00000000000001
4897061	22a2a080	0	00000000000000
4897343	22a40482	0	00000000000000
4898123	22a80282	0	00000000000000
4898241	22a8100a	0	00000000000000
4898249	22a81024	0	00000000000000
4898352	22a82410	347	00000000010000
4898539	22a89002	0	00000000000000
4898568	22a8c020	0	00000000000000
4899106	22b00403	0	00000000000000
4899774	22b28008	0	00000000000000
4899824	22b40082	0	00000000000000
4901478	22c06c00	0	00000000000000
4901938	22c0e020	0	00000000000000
4902950	22c26004	0	00000000000000
4904270	22c81408	0	00000000000000
4904816	22cb4000	0	00000000000000
4905377	22d04240	0	00000000000000
4905982	22d80240	0	00000000000000
4908418	23001309	0	00000000000000
4908552	23001690	0	00000000000000
4908693	23001c21	0	00000000000000
4908701	23001c48	0	00000000000000
4911242	2300a1c0	477	00000000044000
4912410	23011282	0	00000000000000
4913131	23016180	200	00000000004000
4913314	23018460	0	00000000000000
4913854	2302042c	0	00000000000000
4914431	23022209	0	00000000000000
4919196	2308020b	0	00000000000000
4919242	230802a4	453	00000000040000
4919381	23080648	0	00000000000000
4919650	23081206	0	00000000000000
4919807	23082049	159	00000000002000
4920132	23084111	200	00000000004000
4920247	23084824	0	00000000000000
4920354	23085a00	200	00000000004000
4920497	23088112	159	00000000002000
4921822	230a4018	0	00000000000000
4922232	230c0250	477	00000000044000
4922371	230c1082	0	00000000000000
4922495	230c4006	0	00000000000000
4923523	231011c0	200	00000000004000
4925660	23122410	1	00000000000001
4926146	23140481	0	00000000000000
4926806	23170002	0	00000000000000
4927629	231b0100	0	00000000000000
4928340	232010e0	0	00000000000000
4928601	23202224	1	00000000000001
4928607	23202248	0	00000000000000
4929041	23205104	0	00000000000000
4929760	23210504	1	00000000000001
4930511	23222801	0	00000000000000
4931344	23248208	0	00000000000000
4931359	23248600	0	00000000000000
4931379	23249100	0	00000000000000
4932565	232c2020	0	00000000000000
4932771	23300442	0	00000000000000
4933019	23304060	0	00000000000000
4933146	23308802	1	00000000000001
4933583	23351000	0	00000000000000
4934414	23401488	0	00000000000000
4934747	23403202	0	00000000000000
4934887	234042c0	0	00000000000000
4935095	23406120	0	00000000000000
4935682	23410209	0	00000000000000
4935736	23410481	0	00000000000000
4935895	23412030	467	00000000042000
4936046	23416200	0	00000000000000
4937361	23449020	467	00000000042000
4938062	23484404	0	00000000000000
4938406	234a1200	0	00000000000000
4939684	23584010	0	00000000000000
4939728	235a0008	0	00000000000000
4940094	23602408	0	00000000000000
4940551	23628040	0	00000000000000
4940641	23640c00	0	00000000000000
4940848	2368c000	0	00000000000000
4941620	23801083	0	00000000000000
4942130	2380408a	0	00000000000000
4942239	23804501	0	00000000000000
4942377	23806003	0	00000000000000
4942850	2380c108	0	00000000000000
4943045	23810441	0	00000000000000
4944302	23840510	0	00000000000000
4945106	23880460	0	00000000000000
4945203	23881044	483	00000000046000
4945604	23892001	236	00000000006000
4946234	23902028	0	00000000000000
4946864	23948100	200	00000000004000
4947399	23a02204	1	00000000000001
4947854	23a24100	0	00000000000000
4948112	23a81004	0	00000000000000
4948831	23c04880	0	00000000000000
4948887	23c080c0	453	00000000040000
4949350	23c50200	453	00000000040000
4949576	23d00108	0	00000000000000
4949607	23d00880	0	00000000000000
4949852	23e09000	0	00000000000000
4952752	2400360c	0	00000000000000
4954029	24005584	0	00000000000000
4954522	24006581	0	00000000000000
4954799	24007128	0	00000000000000
4956835	2400b250	0	00000000000000
4957272	2400c6a0	0	00000000000000
4957545	2400d230	0	00000000000000
4958997	24011492	67	00000000000200
4959084	2401181c	67	00000000000200
4959947	24013c04	67	00000000000200
4961406	24018c03	67	00000000000200
4961736	2401a118	67	00000000000200
4962239	2401d880	0	00000000000000
4964971	24025520	0	00000000000000
4967491	24032209	0	00000000000000
4967727	24034086	0	00000000000000
4967903	24034c08	0	00000000000000
4967967	24035804	0	00000000000000
4968373	2403a120	36	00000000000077
4969361	240410cc	0	00000000000000
4969752	24041c05	0	00000000000000
4969911	240421a1	0	00000000000000
4970481	24043890	0	00000000000000
4970637	24044207	0	00000000000000
4970949	24044a88	0	00000000000000
4971189	24045848	0	00000000000000
4971554	24048099	0	00000000000000
4971747	2404844c	0	00000000000000
4972101	24049221	0	00000000000000
4972122	24049308	0	00000000000000
4972138	24049422	0	00000000000000
4972444	2404ac80	0	00000000000000
4972491	2404b300	0	00000000000000
4972729	2404cc40	0	00000000000000
4972848	2404e410	0	00000000000000
4973039	24050285	0	00000000000000
4973792	24052980	25	00000000000040
4973908	24054061	0	00000000000000
4974111	24055028	0	00000000000000
4974465	24059009	0	00000000000000
4974703	2406002b	0	00000000000000
4975555	24062484	0	00000000000000
4975631	24062e00	0	00000000000000
4978147	24081524	0	00000000000000
4978478	24082198	0	00000000000000
4978884	2408304c	0	00000000000000
4978976	24083320	0	00000000000000
4979693	24085380	0	00000000000000
4980779	24089a08	0	00000000000000
4980924	2408a418	0	00000000000000
4982608	24094640	0	00000000000000
4983079	24099410	0	00000000000000
4984170	240a2890	0	00000000000000
4984589	240a6202	0	00000000000000
4985647	240c001b	0	00000000000000
4985785	240c022a	0	00000000000000
4986307	240c1806	53	00000000000100
4986442	240c21a0	0	00000000000000
4986734	240c420a	0	00000000000000
4986918	240c5480	0	00000000000000
4987182	240c8812	53	00000000000100
4987535	240d0130	53	00000000000100
4987622	240d0602	0	00000000000000
4988067	240e0092	53	00000000000100
4988451	240e4880	0	00000000000000
4988877	241002a5	0	00000000000000
4989131	241006a8	0	00000000000000
4989237	24100907	0	00000000000000
4989899	24101942	12	00000000000010
4990337	2410282c	384	00000000020000
4990381	24102909	0	00000000000000
4990492	24103015	0	00000000000000
4993031	2410e201	0	00000000000000
4993724	24111601	0	00000000000000
4993845	24112105	0	00000000000000
4994131	24114105	0	00000000000000
4994272	24114920	0	00000000000000
4994299	2411500c	0	00000000000000
4994646	24118a80	0	00000000000000
4994720	24119880	12	00000000000010
4994735	2411a022	33	00000000000053
4995267	24120898	384	00000000020000
4995768	24122610	1	00000000000001
4996005	241242c0	0	00000000000000
4996346	2412820a	384	00000000020000
4996613	2412b008	0	00000000000000
4996773	2413010a	0	00000000000000
4997461	24140311	0	00000000000000
4997973	24141a10	0	00000000000000
4999464	24154012	0	00000000000000
4999781	24160414	0	00000000000000
4999944	2416200c	0	00000000000000
5000394	241800d1	0	00000000000000
5000601	24180506	0	00000000000000
5000963	24181441	0	00000000000000
5001053	24182015	0	00000000000000
5001896	24188920	0	00000000000000
5002148	2418e100	0	00000000000000
5002152	2418f000	0	00000000000000
5002505	24193001	0	00000000000000
5002885	241a0812	0	00000000000000
5003064	241a2c00	0	00000000000000
5003395	241c000d	0	00000000000000
5003644	241c1108	0	00000000000000
5003860	241c8024	0	00000000000000
5004040	241d2200	0	00000000000000
5005341	24201823	0	00000000000000
5005980	24202d40	0	00000000000000
5006717	24205025	0	00000000000000
5007332	242081c1	9	0000000000000c
5008359	2420c4a0	0	00000000000000
5008433	2420d003	0	00000000000000
5009247	24211821	0	00000000000000
5009378	24212206	1	00000000000001
5009411	24212380	0	00000000000000
5009748	2421480c	0	00000000000000
5009793	24214c20	0	00000000000000
5010224	24219880	0	00000000000000
5010979	24221209	0	00000000000000
5011008	24221310	0	00000000000000
5011047	24221580	0	00000000000000
5011668	24225420	0	00000000000000
5012376	24230608	0	00000000000000
5013352	24241188	0	00000000000000
5014044	24245402	0	00000000000000
5014561	2424c801	0	00000000000000
5014649	242500c4	25	00000000000040
5014687	24250211	0	00000000000000
5015727	24270021	0	00000000000000
5015967	24280213	0	00000000000000
5016411	24281184	0	00000000000000
5016825	24283500	0	00000000000000
5017733	24290160	0	00000000000000
5017870	24290c08	0	00000000000000
5018056	24294180	0	00000000000000
5018600	242a4050	0	00000000000000
5018855	242b2001	0	00000000000000
5019405	242c8500	0	00000000000000
5019889	243002c1	0	00000000000000
5020367	24301608	0	00000000000000
5021542	2431001c	0	00000000000000
5021826	24312012	27	00000000000043
5021964	24315002	0	00000000000000
5022093	24320007	0	00000000000000
5023036	24341280	0	00000000000000
5023291	24348900	41	000000000000c0
5023573	24370001	0	00000000000000
5023752	24380680	0	00000000000000
5024390	243b0002	0	00000000000000
5026382	24403092	73	00000000000230
5026469	24403418	67	00000000000200
5027240	24405860	0	00000000000000
5027609	244080a9	67	00000000000200
5027927	24408885	72	0000000000022c
5028105	244090b0	80	00000000000330
5028211	24409580	67	00000000000200
5028431	2440a580	68	00000000000202
5028948	24410059	67	00000000000200
5029097	244102a1	0	00000000000000
5029945	24414034	0	00000000000000
5029958	24414062	0	00000000000000
5030416	2441840c	67	00000000000200
5032468	2442b020	18	00000000000030
5033099	2443a001	16	00000000000024
5033455	24440780	0	00000000000000
5033768	244414c0	0	00000000000000
5034280	24444520	0	00000000000000
5034371	24445088	0	00000000000000
5034657	24448805	0	00000000000000
5034758	24449404	0	00000000000000
5034917	2444c880	0	00000000000000
5035159	24450c08	0	00000000000000
5035926	24464802	0	00000000000000
5036059	2446c080	0	00000000000000
5036215	2448006a	0	00000000000000
5036473	24480581	0	00000000000000
5036707	24481051	0	00000000000000
5038147	24490481	0	00000000000000
5038235	24491018	0	00000000000000
5039115	244ac008	0	00000000000000
5039508	244c1240	53	00000000000100
5039833	244d00c0	53	00000000000100
5041202	24504450	0	00000000000000
5041303	24505060	0	00000000000000
5041365	24506042	0	00000000000000
5041591	24508700	0	00000000000000
5042225	24512804	32	00000000000052
5042265	24514050	0	00000000000000
5042414	24519800	12	00000000000010
5042631	24520888	384	00000000020000
5043351	24541018	0	00000000000000
5043899	24564040	0	00000000000000
5044803	245c0410	0	00000000000000
5045379	24600c82	2	00000000000002
5046531	24609208	0	00000000000000
5046674	2460c204	0	00000000000000
5046699	2460c900	0	00000000000000
5047231	24618410	2	00000000000002
5048092	2464040c	0	00000000000000
5048381	24644420	0	00000000000000
5048487	24648c00	0	00000000000000
5048492	24649010	0	00000000000000
5049446	24695000	0	00000000000000
5049643	246c0300	0	00000000000000
5049871	24700380	399	00000000020080
5049951	24700940	403	000000000200c0
5050779	24780808	0	00000000000000
5051193	248004aa	67	00000000000200
5052481	24802614	1	00000000000001
5052710	24803085	70	00000000000220
5052959	248040e1	0	00000000000000
5053157	248044c8	0	00000000000000
5053573	24805850	0	00000000000000
5053752	24806484	0	00000000000000
5056169	24812902	76	00000000000277
5056847	24819006	80	00000000000330
5057151	2482010b	0	00000000000000
5058142	2482410c	0	00000000000000
5060596	24844441	0	00000000000000
5061242	2484c500	0	00000000000000
5061718	24855100	0	00000000000000
5063564	24884094	0	00000000000000
5064185	2488a030	0	00000000000000
5064217	2488a402	0	00000000000000
5064579	24891050	53	00000000000100
5064698	24893040	0	00000000000000
5064751	24894404	0	00000000000000
5065028	248a0414	0	00000000000000
5065337	248a5080	0	00000000000000
5065638	248c0106	53	00000000000100
5065689	248c0290	53	00000000000100
5065738	248c0604	0	00000000000000
5066210	248d1010	53	00000000000100
5066642	24900485	0	00000000000000
5067977	24908c40	0	00000000000000
5068211	2490e100	0	00000000000000
5068293	24910181	0	00000000000000
5068410	24910902	33	00000000000053
5068762	2491c001	0	00000000000000
5068863	24920209	0	00000000000000
5068884	24920288	384	00000000020000
5068924	24920501	0	00000000000000
5069000	2492100a	0	00000000000000
5069536	24940188	0	00000000000000
5069578	24940406	0	00000000000000
5069831	24944022	0	00000000000000
5071037	249a2080	0	00000000000000
5071105	249c0044	0	00000000000000
5071123	249c0180	0	00000000000000
5071213	249d0020	0	00000000000000
5072116	24a02610	1	00000000000001
5072248	24a04016	0	00000000000000
5072301	24a04109	0	00000000000000
5073069	24a1001a	0	00000000000000
5073499	24a15100	0	00000000000000
5073897	24a21802	0	00000000000000
5074351	24a400c1	0	00000000000000
5075656	24a8a040	0	00000000000000
5075665	24a8c004	0	00000000000000
5075768	24a94001	0	00000000000000
5075839	24aa0240	0	00000000000000
5076007	24ac1100	0	00000000000000
5076398	24b020a0	404	000000000200c2
5078047	24c02282	401	00000000020088
5078403	24c04822	0	00000000000000
5078562	24c06410	0	00000000000000
5080228	24c30880	58	00000000000176
5080440	24c40540	0	00000000000000
5080587	24c42041	0	00000000000000
5080681	24c44108	0	00000000000000
5080699	24c44410	0	00000000000000
5080860	24c50030	56	00000000000140
5081070	24c66000	0	00000000000000
5081080	24c68200	60	00000000000180
5082042	24cd0010	53	00000000000100
5082447	24d04024	0	00000000000000
5083457	24e010a0	0	00000000000000
5083694	24e08101	9	0000000000000c
5084105	24e42001	0	00000000000000
5086182	2500284a	384	00000000020000
5086445	25003406	0	00000000000000
5086845	25004614	0	00000000000000
5087323	25006118	0	00000000000000
5087460	25006a02	0	00000000000000
5089121	2501040d	0	00000000000000
5090657	2501c050	0	00000000000000
5091259	25021083	15	00000000000020
5091308	25021203	0	00000000000000
5092037	25026081	0	00000000000000
5092174	25028188	384	00000000020000
5092682	25030428	0	00000000000000
5092965	25034480	0	00000000000000
5092988	25035200	0	00000000000000
5093505	25040921	0	00000000000000
5093560	25040c05	0	00000000000000
5093606	2504100d	0	00000000000000
5093944	25042403	0	00000000000000
5094307	25044910	0	00000000000000
5094801	2504a220	0	00000000000000
5094828	2504b004	0	00000000000000
5096154	25078001	0	00000000000000
5096588	25080a0c	0	00000000000000
5097243	25084144	0	00000000000000
5097261	25084212	0	00000000000000
5097397	25085012	0	00000000000000
5097772	25089048	0	00000000000000
5097806	25089480	0	00000000000000
5098241	25091110	0	00000000000000
5098351	25093400	0	00000000000000
5099148	250b0208	0	00000000000000
5099380	250c0508	0	00000000000000
5100048	2510001d	0	00000000000000
5100363	25100688	0	00000000000000
5100401	25100851	0	00000000000000
5100765	25102015	0	00000000000000
5101340	25106014	0	00000000000000
5101801	2510c0c0	0	00000000000000
5101965	25110242	0	00000000000000
5102085	25111003	0	00000000000000
5102338	25118048	0	00000000000000
5103047	25130880	13	00000000000012
5103874	25162800	0	00000000000000
5104129	25180a80	0	00000000000000
5104582	25194400	0	00000000000000
5105122	25200446	0	00000000000000
5105677	25202142	390	0000000002000c
5105899	2520401a	0	00000000000000
5105921	25204061	0	00000000000000
5106309	252080d0	390	0000000002000c
5106611	2520b010	0	00000000000000
5106963	25211120	0	00000000000000
5107704	25225010	0	00000000000000
5109059	25282012	0	00000000000000
5109350	25290088	0	00000000000000
5109393	25291002	0	00000000000000
5110033	25302024	387	00000000020003
5110265	25309200	0	00000000000000
5110434	25320050	384	00000000020000
5110799	25384010	0	00000000000000
5111834	25403088	0	00000000000000
5111914	25404089	0	00000000000000
5111943	25404122	0	00000000000000
5112989	25412014	20	00000000000036
5113782	25429040	18	00000000000030
5114210	25441801	0	00000000000000
5114437	25448404	0	00000000000000
5114942	254808a0	0	00000000000000
5114966	25480c20	0	00000000000000
5115078	25482220	0	00000000000000
5117193	25602404	2	00000000000002
5117329	25608030	391	0000000002000e
5117442	25610082	5	00000000000006
5117850	25680081	0	00000000000000
5118895	25801c01	0	00000000000000
5119076	25802811	17	0000000000002c
5119118	25802c08	0	00000000000000
5119361	2580480c	0	00000000000000
5119646	25808212	389	00000000020009
5119814	25809208	0	00000000000000
5120178	25810809	0	00000000000000
5121393	25840484	0	00000000000000
5121473	25841009	0	00000000000000
5121533	25841900	0	00000000000000
5121578	25842240	0	00000000000000
5121763	25848808	0	00000000000000
5121973	25860280	0	00000000000000
5122204	25880448	0	00000000000000
5122719	25894004	0	00000000000000
5122988	258c8002	0	00000000000000
5123160	2590040c	0	00000000000000
5123220	25900860	393	00000000020010
5123237	25900a02	385	00000000020001
5124329	25a00540	0	00000000000000
5124879	25a20088	384	00000000020000
5125561	25c00103	17	0000000000002c
5126107	25c10240	0	00000000000000
5126238	25c20500	2	00000000000002
5126828	25d81000	0	00000000000000
5127242	2600030b	0	00000000000000
5128051	26001413	0	00000000000000
5128175	2600181a	0	00000000000000
5128264	26001a28	0	00000000000000
5129048	26004017	0	00000000000000
5129096	260040aa	0	00000000000000
5130051	2600801d	0	00000000000000
5130301	26008494	0	00000000000000
5131014	2600b108	0	00000000000000
5132223	26012222	1	00000000000001
5132754	26016600	0	00000000000000
5134102	26022540	0	00000000000000
5134367	26024428	0	00000000000000
5134737	26028450	0	00000000000000
5135361	26032082	0	00000000000000
5135443	260340a0	0	00000000000000
5135833	26040423	0	00000000000000
5136385	26042105	0	00000000000000
5137950	26058880	0	00000000000000
5138136	26060484	0	00000000000000
5138148	26060580	0	00000000000000
5138275	26061880	0	00000000000000
5138584	26070108	0	00000000000000
5138725	260800b2	0	00000000000000
5139250	260811a0	0	00000000000000
5140205	26088806	0	00000000000000
5140234	26088908	0	00000000000000
5140329	2608a00c	0	00000000000000
5141677	260b0a00	0	00000000000000
5142012	260c1810	0	00000000000000
5142044	260c2090	0	00000000000000
5142224	260c8201	0	00000000000000
5142927	261008a8	0	00000000000000
5143533	26103410	0	00000000000000
5143944	26108061	0	00000000000000
5144050	26108442	0	00000000000000
5144062	26108501	0	00000000000000
5144337	2610c810	0	00000000000000
5144703	26112408	0	00000000000000
5144728	26113080	0	00000000000000
5144783	26114420	0	00000000000000
5144921	2611c040	0	00000000000000
5145923	26142101	0	00000000000000
5145953	26142808	0	00000000000000
5146063	26147000	0	00000000000000
5146102	26148204	0	00000000000000
5146542	26180320	0	00000000000000
5147175	261a1010	0	00000000000000
5147259	261c0048	0	00000000000000
5148140	26202062	0	00000000000000
5148415	26204043	0	00000000000000
5149086	2620a220	1	00000000000001
5149330	26210310	1	00000000000001
5149367	26210520	1	00000000000001
5150028	26221140	0	00000000000000
5151123	26258010	0	00000000000000
5151597	26282220	0	00000000000000
5152857	26310808	0	00000000000000
5153239	26380108	0	00000000000000
5153966	26401214	0	00000000000000
5154129	26402083	0	00000000000000
5154196	26402248	0	00000000000000
5154447	26404122	0	00000000000000
5154781	26408086	0	00000000000000
5155443	26411088	0	00000000000000
5155901	26420482	0	00000000000000
5156150	264240c0	0	00000000000000
5156952	26448808	0	00000000000000
5157013	26450030	0	00000000000000
5157188	26461008	0	00000000000000
5157874	26490810	0	00000000000000
5159522	26600604	0	00000000000000
5159591	26601012	0	00000000000000
5161379	26801890	0	00000000000000
5162658	26810488	0	00000000000000
5162755	26811081	0	00000000000000
5163366	26822011	0	00000000000000
5164680	268802a0	0	00000000000000
5164955	26884081	0	00000000000000
5165425	268c0208	0	00000000000000
5165926	26904084	0	00000000000000
5166294	26921200	0	00000000000000
5166642	26994000	0	00000000000000
5167518	26a40084	0	00000000000000
5168938	26c48100	0	00000000000000
5169756	27000390	0	00000000000000
5170157	27001302	0	00000000000000
5170244	27001980	0	00000000000000
5170421	27002602	1	00000000000001
5170488	2700300a	0	00000000000000
5170495	27003022	0	00000000000000
5172519	27030104	1	00000000000001
5173106	27048240	0	00000000000000
5173725	27082030	0	00000000000000
5174126	270a0081	0	00000000000000
5174561	27100806	1	00000000000001
5174816	27104808	0	00000000000000
5175825	2720200c	0	00000000000000
5175955	27204804	0	00000000000000
5176339	27230020	1	00000000000001
5178007	27500009	0	00000000000000
5178031	275000c0	0	00000000000000
5178143	27520008	0	00000000000000
5178400	27710000	0	00000000000000
5178659	27801180	0	00000000000000
5179463	27883000	0	00000000000000
5179767	27a00120	1	00000000000001
5179842	27a08008	0	00000000000000
5179862	27a10100	1	00000000000001
5180001	27c00804	0	00000000000000
5184264	28005603	0	00000000000000
5187021	2800b109	67	00000000000200
5193686	28021829	0	00000000000000
5196311	2802a092	413	000000000200fe
5201356	28045403	0	00000000000000
5201499	28046094	0	00000000000000
5204812	2805a600	0	00000000000000
5205094	28060291	0	00000000000000
5205763	28062405	0	00000000000000
5205943	2806402c	0	00000000000000
5206266	28066480	0	00000000000000
5207933	28080a89	0	00000000000000
5208229	28081213	0	00000000000000
5209924	28085403	0	00000000000000
5211071	2808a0a2	0	00000000000000
5211538	2808d012	0	00000000000000
5211888	2809040e	0	00000000000000
5212326	28091601	0	00000000000000
5212806	28094421	0	00000000000000
5214210	280a2007	0	00000000000000
5215119	280a9208	0	00000000000000
5215660	280b2810	0	00000000000000
5216457	280c1209	0	00000000000000
5217095	280c4e00	0	00000000000000
5217164	280c6006	0	00000000000000
5218526	280e1440	0	00000000000000
5221471	2810508a	0	00000000000000
5225788	2812180c	0	00000000000000
5226132	2812401a	0	00000000000000
5227260	28132108	0	00000000000000
5228407	28142888	0	00000000000000
5228637	28144428	0	00000000000000
5230133	28161104	0	00000000000000
5230158	28161801	0	00000000000000
5230618	281800c3	0	00000000000000
5230808	28180483	0	00000000000000
5230895	2818080d	0	00000000000000
5231895	28186401	0	00000000000000
5232184	28189201	0	00000000000000
5232244	2818a104	0	00000000000000
5232298	2818c011	0	00000000000000
5233000	281a0105	0	00000000000000
5233151	281a0a80	0	00000000000000
5233296	281a3002	0	00000000000000
5233297	281a3004	0	00000000000000
5233550	281b0404	0	00000000000000
5234300	281d9000	0	00000000000000
5235247	2820104b	0	00000000000000
5236094	28202889	0	00000000000000
5242431	2822d200	0	00000000000000
5244513	28248481	0	00000000000000
5245943	2826c400	0	00000000000000
5246752	28281890	0	00000000000000
5247054	28283480	0	00000000000000
5247191	28284409	0	00000000000000
5248319	28295004	0	00000000000000
5248806	282a3080	0	00000000000000
5249074	282b1002	0	00000000000000
5249899	282e4002	0	00000000000000
5253908	2838020c	0	00000000000000
5254045	28381011	0	00000000000000
5256116	28402096	422	000000000202fe
5261634	28421680	0	00000000000000
5262084	28424284	0	00000000000000
5262630	2842a009	0	00000000000000
5264679	28446201	0	00000000000000
5266171	28465020	0	00000000000000
5266327	28470108	0	00000000000000
5267132	2848200b	0	00000000000000
5267300	2848280a	0	00000000000000
5268961	284a0803	0	00000000000000
5269089	284a2012	0	00000000000000
5269877	284c4202	0	00000000000000
5270273	284e9000	53	00000000000100
5273695	28542804	41	000000000000c0
5273767	28544440	0	00000000000000
5273995	28552020	25	00000000000040
5274480	285820a0	0	00000000000000
5276111	28603208	0	00000000000000
5278164	28632200	0	00000000000000
5278875	2865a000	124	00000000000840
5279539	28689020	0	00000000000000
5279740	286a0404	0	00000000000000
5279961	286d1000	0	00000000000000
5280233	28701108	0	00000000000000
5283049	28803490	67	00000000000200
5283867	28806054	0	00000000000000
5286729	28815048	0	00000000000000
5287597	28820581	0	00000000000000
5287781	28820c81	0	00000000000000
5287791	28820d08	0	00000000000000
5287893	2882120a	0	00000000000000
5288473	28824640	0	00000000000000
5292985	2888044c	0	00000000000000
5293620	28882580	0	00000000000000
5294842	28891480	0	00000000000000
5295393	288a1280	53	00000000000100
5295548	288a4600	0	00000000000000
5295936	288c0411	0	00000000000000
5296226	288c4480	0	00000000000000
5297894	28905404	0	00000000000000
5299202	28920908	384	00000000020000
5299620	28930600	1	00000000000001
5300020	28942408	0	00000000000000
5300402	28960201	0	00000000000000
5300541	2898008a	0	00000000000000
5300641	28980450	0	00000000000000
5302337	28a02508	0	00000000000000
5302607	28a04441	0	00000000000000
5302726	28a05140	0	00000000000000
5305314	28a65000	0	00000000000000
5306248	28ac2080	0	00000000000000
5306694	28b04030	152	00000000001000
5307387	28b84800	0	00000000000000
5308301	28c02421	67	00000000000200
5311757	28c84840	0	00000000000000
5313824	28e04050	0	00000000000000
5316184	29002207	7	00000000000008
5316497	29002a90	511	00000000060008
5317507	29006038	0	00000000000000
5317545	29006105	0	00000000000000
5317567	29006184	0	00000000000000
5317574	29006206	0	00000000000000
5318395	29009411	0	00000000000000
5318766	2900b804	459	00000000040830
5319983	29012418	0	00000000000000
5320922	2901c600	0	00000000000000
5320937	2901d008	0	00000000000000
5322739	2902c440	0	00000000000000
5323707	29040889	0	00000000000000
5324825	29048405	0	00000000000000
5325013	2904a084	458	00000000040800
5325906	29060882	0	00000000000000
5326232	29068808	0	00000000000000
5326764	29080883	0	00000000000000
5327006	29081301	0	00000000000000
5327145	29082062	0	00000000000000
5327983	29088e00	0	00000000000000
5328265	290900a2	0	00000000000000
5328945	290a0805	0	00000000000000
5329098	290a2120	0	00000000000000
5331205	29102c20	3	00000000000003
5332465	29114011	0	00000000000000
5332791	29120442	0	00000000000000
5333500	29140803	0	00000000000000
5334809	29194080	0	00000000000000
5334844	291a0028	0	00000000000000
5336402	29205840	0	00000000000000
5337161	29211005	107	00000000000800
5338058	2922d000	0	00000000000000
5338180	29240007	0	00000000000000
5338864	2926000a	0	00000000000000
5338881	29260081	107	00000000000800
5339215	29280e00	0	00000000000000
5339269	29281500	0	00000000000000
5340319	29303004	0	00000000000000
5340642	29319000	0	00000000000000
5340728	29322020	387	00000000020003
5340779	29334000	0	00000000000000
5341011	29381800	0	00000000000000
5341365	294004c1	0	00000000000000
5343058	29410428	0	00000000000000
5343334	29414401	0	00000000000000
5344420	29441180	458	00000000040800
5344535	29444011	0	00000000000000
5344614	29446080	0	00000000000000
5345605	29490a00	453	00000000040000
5345652	29498040	453	00000000040000
5345937	294e0010	0	00000000000000
5345971	29500045	0	00000000000000
5346225	29501801	0	00000000000000
5346305	29503008	0	00000000000000
5346653	29520084	394	00000000020012
5346655	29520090	394	00000000020012
5346744	29528200	384	00000000020000
5347323	29601028	0	00000000000000
5348330	29704200	0	00000000000000
5349462	29804091	0	00000000000000
5350092	2980a081	116	0000000000082c
5351245	29826008	0	00000000000000
5352382	29880206	0	00000000000000
5352651	29883008	453	00000000040000
5352950	29894008	0	00000000000000
5352999	298a0084	0	00000000000000
5353078	298a4800	0	00000000000000
5353117	298c000c	453	00000000040000
5353241	298d0200	453	00000000040000
5353401	29900442	0	00000000000000
5354766	29a03200	0	00000000000000
5355062	29a14040	0	00000000000000
5355159	29a21100	107	00000000000800
5355957	29c01006	18	00000000000030
5356121	29c04082	0	00000000000000
5356122	29c04084	0	00000000000000
5356419	29c2000a	384	00000000020000
5357140	29e01200	0	00000000000000
5360012	2a006043	0	00000000000000
5360221	2a007018	0	00000000000000
5364309	2a022422	1	00000000000001
5364727	2a025280	0	00000000000000
5365192	2a02c003	0	00000000000000
5365201	2a02c018	0	00000000000000
5365722	2a035200	0	00000000000000
5365774	2a038201	87	00000000000400
5366823	2a043401	0	00000000000000
5368656	2a065008	0	00000000000000
5368886	2a075000	0	00000000000000
5369658	2a08208c	453	00000000040000
5369962	2a084106	0	00000000000000
5370352	2a088203	0	00000000000000
5373816	2a104085	0	00000000000000
5374295	2a108508	0	00000000000000
5376182	2a142804	0	00000000000000
5377039	2a184060	0	00000000000000
5378611	2a203480	0	00000000000000
5379661	2a210c80	0	00000000000000
5379861	2a214500	0	00000000000000
5380251	2a2210c0	87	00000000000400
5381331	2a252200	0	00000000000000
5381842	2a282802	0	00000000000000
5382254	2a2a1100	0	00000000000000
5382434	2a2ca000	0	00000000000000
5382780	2a302090	0	00000000000000
5382945	2a308081	87	00000000000400
5383017	2a30c004	0	00000000000000
5383269	2a330001	87	00000000000400
5383330	2a340401	0	00000000000000
5383542	2a386000	0	00000000000000
5383600	2a3c0200	0	00000000000000
5385385	2a40c404	0	00000000000000
5386024	2a420083	0	00000000000000
5387193	2a449008	453	00000000040000
5387846	2a483200	453	00000000040000
5388423	2a4d0004	453	00000000040000
5389236	2a524800	0	00000000000000
5389483	2a580820	0	00000000000000
5390635	2a681040	0	00000000000000
5390722	2a6c0040	0	00000000000000
5391975	2a8040c1	0	00000000000000
5393317	2a820029	0	00000000000000
5395737	2a8d0002	0	00000000000000
5396153	2a904060	0	00000000000000
5396495	2a920402	1	00000000000001
5399740	2ae80001	0	00000000000000
5401065	2b005c00	0	00000000000000
5401280	2b008442	0	00000000000000
5402142	2b01a400	1	00000000000001
5402328	2b02080a	0	00000000000000
5402709	2b02c010	0	00000000000000
5402768	2b030410	1	00000000000001
5404175	2b088c00	0	00000000000000
5404280	2b090c00	0	00000000000000
5404299	2b092040	453	00000000040000
5404982	2b103040	0	00000000000000
5405108	2b108102	1	00000000000001
5405496	2b140802	0	00000000000000
5406031	2b201404	0	00000000000000
5406198	2b205010	0	00000000000000
5406417	2b214004	0	00000000000000
5406439	2b218400	1	00000000000001
5406938	2b300140	0	00000000000000
5407253	2b400608	0	00000000000000
5407651	2b40c800	0	00000000000000
5407836	2b420880	0	00000000000000
5407999	2b442800	453	00000000040000
5408106	2b480280	453	00000000040000
5408225	2b4c0200	453	00000000040000
5408520	2b604020	0	00000000000000
5409745	2b8a0040	0	00000000000000
5410259	2bc02080	453	00000000040000
5411427	2c001443	67	00000000000200
5412925	2c005049	0	00000000000000
5413219	2c006228	0	00000000000000
5413969	2c009121	70	00000000000220
5413992	2c00920c	0	00000000000000
5417555	2c0230c0	18	00000000000030
5417889	2c026018	0	00000000000000
5417933	2c026500	0	00000000000000
5418347	2c02c090	0	00000000000000
5418835	2c034808	0	00000000000000
5420963	2c05080c	0	00000000000000
5421005	2c050c04	0	00000000000000
5421397	2c060098	0	00000000000000
5421626	2c061500	0	00000000000000
5422104	2c08010b	0	00000000000000
5422635	2c081284	53	00000000000100
5423102	2c084124	0	00000000000000
5423657	2c089208	0	00000000000000
5423733	2c08a410	0	00000000000000
5424011	2c090604	0	00000000000000
5424368	2c098820	53	00000000000100
5425587	2c0c8208	0	00000000000000
5426039	2c100213	0	00000000000000
5426277	2c100889	0	00000000000000
5428330	2c120091	0	00000000000000
5428467	2c120828	384	00000000020000
5428918	2c131008	0	00000000000000
5429227	2c141204	0	00000000000000
5429666	2c160044	41	000000000000c0
5429707	2c160808	0	00000000000000
5430263	2c188084	0	00000000000000
5430307	2c189002	0	00000000000000
5431208	2c200c0a	0	00000000000000
5431500	2c202062	406	000000000200cc
5433110	2c21a008	0	00000000000000
5433327	2c220901	9	0000000000000c
5433545	2c224404	0	00000000000000
5433643	2c228600	1	00000000000001
5433750	2c230802	30	00000000000047
5434805	2c280821	0	00000000000000
5434982	2c283001	0	00000000000000
5436196	2c310202	1	00000000000001
5436713	2c3a0200	0	00000000000000
5436994	2c4004a1	67	00000000000200
5437463	2c40201c	420	00000000020200
5437469	2c40202c	420	00000000020200
5437515	2c40210c	420	00000000020200
5439121	2c42000d	0	00000000000000
5440402	2c450280	53	00000000000100
5440584	2c468001	0	00000000000000
5440638	2c480049	0	00000000000000
5440660	2c4800a1	0	00000000000000
5441469	2c4c0204	53	00000000000100
5441580	2c4e2000	0	00000000000000
5442238	2c514008	0	00000000000000
5442651	2c584080	0	00000000000000
5442676	2c590008	0	00000000000000
5442778	2c6000d0	406	000000000200cc
5443260	2c60a008	384	00000000020000
5443721	2c680101	0	00000000000000
5443805	2c688080	0	00000000000000
5444294	2c800461	67	00000000000200
5446827	2c824102	0	00000000000000
5447728	2c850600	0	00000000000000
5449217	2c902110	411	000000000200d3
5449347	2c906040	0	00000000000000
5449432	2c90a001	0	00000000000000
5450296	2ca01202	0	00000000000000
5450772	2ca20500	3	00000000000003
5450943	2ca42400	0	00000000000000
5451525	2cc00601	0	00000000000000
5451942	2cc10028	67	00000000000200
5452459	2cc90002	53	00000000000100
5452595	2cd02100	410	000000000200d2
5452631	2cd10004	32	00000000000052
5454000	2d004211	0	00000000000000
5454143	2d005028	0	00000000000000
5454196	2d006003	0	00000000000000
5454221	2d006090	0	00000000000000
5454397	2d008409	0	00000000000000
5454948	2d010e00	1	00000000000001
5455195	2d018022	21	00000000000037
5455247	2d018900	21	00000000000037
5455270	2d01a100	21	00000000000037
5455894	2d030401	0	00000000000000
5456179	2d040c01	0	00000000000000
5456768	2d06c000	0	00000000000000
5456857	2d080142	0	00000000000000
5457926	2d100812	395	00000000020013
5459582	2d220014	392	0000000002000f
5459727	2d240044	0	00000000000000
5459816	2d248002	0	00000000000000
5460185	2d328000	387	00000000020003
5460687	2d408014	397	0000000002003e
5460746	2d409002	18	00000000000030
5460836	2d410480	2	00000000000002
5461257	2d480a00	0	00000000000000
5462159	2d804108	0	00000000000000
5464357	2e002284	0	00000000000000
5465233	2e00a404	1	00000000000001
5465328	2e00ca00	0	00000000000000
5465343	2e00e002	0	00000000000000
5465391	2e010085	0	00000000000000
5465406	2e0100c2	0	00000000000000
5465664	2e012084	0	00000000000000
5465866	2e018802	1	00000000000001
5466429	2e028810	1	00000000000001
5466504	2e030102	1	00000000000001
5466747	2e040510	0	00000000000000
5467306	2e060108	0	00000000000000
5467409	2e074000	0	00000000000000
5467477	2e080121	0	00000000000000
5467728	2e082108	0	00000000000000
5468589	2e100b00	1	00000000000001
5468964	2e110088	0	00000000000000
5469379	2e180104	0	00000000000000
5469895	2e204022	0	00000000000000
5470082	2e210006	1	00000000000001
5470703	2e300280	0	00000000000000
5471003	2e400520	0	00000000000000
5471408	2e40d000	0	00000000000000
5471473	2e410900	0	00000000000000
5471724	2e440808	0	00000000000000
5472351	2e680001	0	00000000000000
5472519	2e800418	0	00000000000000
5473063	2e818100	1	00000000000001
5473178	2e828008	0	00000000000000
5473514	2e8c0004	0	00000000000000
5474068	2ec20004	0	00000000000000
5474146	2ee00040	0	00000000000000
5474735	2f010030	1	00000000000001
5475721	2f400060	0	00000000000000
5475906	2f508000	0	00000000000000
5476032	2f804200	0	00000000000000
5477007	30000d89	360	00000000010200
5479215	300040ab	152	00000000001000
5479362	300042a9	152	00000000001000
5483510	3000c688	0	00000000000000
5487045	30016441	347	00000000010000
5490473	30023421	0	00000000000000
5491434	30026601	0	00000000000000
5492894	3002e280	0	00000000000000
5493057	3003020d	0	00000000000000
5494255	30036208	0	00000000000000
5495804	300414c8	0	00000000000000
5497050	3004460c	0	00000000000000
5497082	3004480b	152	00000000001000
5497610	30046488	0	00000000000000
5498387	30049460	0	00000000000000
5498668	3004aa01	200	00000000004000
5498748	3004b840	343	0000000000e800
5501749	30062228	0	00000000000000
5502241	30066044	0	00000000000000
5502567	30069401	0	00000000000000
5504146	3008108d	0	00000000000000
5504616	30082039	378	0000000001a000
5504709	30082183	246	00000000008000
5504720	300821a2	246	00000000008000
5506005	300858a0	0	00000000000000
5507897	3009040d	347	00000000010000
5510552	300a40a2	0	00000000000000
5511922	300c008d	0	00000000000000
5512481	300c1244	212	00000000004100
5512645	300c20a1	246	00000000008000
5512647	300c20a4	0	00000000000000
5512737	300c2444	0	00000000000000
5512892	300c4016	0	00000000000000
5513623	300cc018	0	00000000000000
5513744	300d008a	246	00000000008000
5514287	300e0046	53	00000000000100
5514528	300e1280	53	00000000000100
5514605	300e2600	0	00000000000000
5516612	301028c1	379	0000000001c000
5517444	3010500d	0	00000000000000
5517754	30106214	200	00000000004000
5518900	3010b044	204	00000000004010
5519174	3010d00c	0	00000000000000
5519181	3010d024	0	00000000000000
5519274	3010e208	0	00000000000000
5519561	30110489	347	00000000010000
5520135	30112284	200	00000000004000
5520544	30115021	0	00000000000000
5520570	30115201	200	00000000004000
5522784	3012a003	0	00000000000000
5523999	30140e01	0	00000000000000
5524155	301414c0	0	00000000000000
5524753	30145050	200	00000000004000
5524964	30148206	154	00000000001080
5525952	30160109	0	00000000000000
5526399	30168440	0	00000000000000
5526553	30174200	0	00000000000000
5527140	30181142	246	00000000008000
5527294	30182016	0	00000000000000
5527561	30183500	0	00000000000000
5527858	30185a00	200	00000000004000
5527962	3018804a	246	00000000008000
5529742	301c0290	200	00000000004000
5530172	301ca040	316	0000000000c000
5531402	30201283	87	00000000000400
5532334	30203250	0	00000000000000
5532347	30203310	0	00000000000000
5533018	30205142	0	00000000000000
5534049	30209248	0	00000000000000
5537234	30221248	0	00000000000000
5539033	3024004b	152	00000000001000
5539533	30241045	107	00000000000800
5541122	30251c00	0	00000000000000
5542706	30281430	0	00000000000000
5543222	30284488	347	00000000010000
5544341	30296004	347	00000000010000
5544866	302a4401	347	00000000010000
5544908	302a6200	0	00000000000000
5545242	302c0281	0	00000000000000
5545359	302c1006	0	00000000000000
5546474	30301051	87	00000000000400
5547595	30309804	87	00000000000400
5548683	30322a00	38	00000000000081
5548701	3032400a	0	00000000000000
5550071	30381082	0	00000000000000
5550520	303a0022	0	00000000000000
5550633	303b0010	347	00000000010000
5550712	303c1002	0	00000000000000
5550781	303e0001	0	00000000000000
5553439	30405488	0	00000000000000
5554663	3040a4c0	67	00000000000200
5555070	3040d408	0	00000000000000
5555802	30411481	67	00000000000200
5557604	30421409	0	00000000000000
5559874	30441029	291	0000000000a000
5561050	3044a120	308	0000000000a8c0
5561784	30460089	0	00000000000000
5562354	30470408	0	00000000000000
5562394	30472400	0	00000000000000
5562590	30480289	0	00000000000000
5563107	30481881	246	00000000008000
5563327	30482881	246	00000000008000
5563414	30483500	0	00000000000000
5564592	30492820	291	0000000000a000
5565050	304a1088	0	00000000000000
5565119	304a20c0	0	00000000000000
5568073	3050c240	0	00000000000000
5568953	30521440	0	00000000000000
5569337	30534010	0	00000000000000
5569575	30540c08	0	00000000000000
5570315	30580444	0	00000000000000
5570367	30580888	246	00000000008000
5570550	30584014	0	00000000000000
5572403	30605180	0	00000000000000
5574055	30629080	107	00000000000800
5575931	306c4002	0	00000000000000
5576130	30700448	0	00000000000000
5576265	30701500	0	00000000000000
5576687	30720041	0	00000000000000
5579166	30804072	152	00000000001000
5579408	30804514	347	00000000010000
5588412	30862402	0	00000000000000
5589362	30881284	212	00000000004100
5589586	308822c0	200	00000000004000
5590871	3089200c	370	00000000012000
5591297	308a0602	0	00000000000000
5591469	308a2280	0	00000000000000
5592031	308c0c02	0	00000000000000
5592053	308c1028	291	0000000000a000
5593555	30902a08	0	00000000000000
5593789	30904510	347	00000000010000
5593839	30904a02	152	00000000001000
5594332	3090a401	0	00000000000000
5595386	30924011	347	00000000010000
5596429	30960500	0	00000000000000
5596477	30964400	0	00000000000000
5600213	30a23001	107	00000000000800
5601520	30a80680	0	00000000000000
5601775	30a84600	0	00000000000000
5602174	30ac0005	0	00000000000000
5602988	30b14800	368	00000000011000
5604183	30c0200d	176	00000000002200
5604493	30c04051	0	00000000000000
5605545	30c11208	0	00000000000000
5605678	30c14101	0	00000000000000
5605694	30c14300	0	00000000000000
5606249	30c24208	0	00000000000000
5607034	30c48500	0	00000000000000
5607668	30c82210	0	00000000000000
5607700	30c83040	291	0000000000a000
5607786	30c86004	0	00000000000000
5607990	30c92400	0	00000000000000
5609235	30d48008	246	00000000008000
5610370	30e45000	0	00000000000000
5612334	31002503	0	00000000000000
5612380	31002648	0	00000000000000
5614621	3100a406	3	00000000000003
5615056	3100d440	0	00000000000000
5615128	3100e804	200	00000000004000
5615848	31011a08	0	00000000000000
5617903	31022e00	1	00000000000001
5618948	31030608	0	00000000000000
5619896	310410c4	215	00000000004800
5620368	31044034	0	00000000000000
5620485	31044441	0	00000000000000
5620580	31045021	0	00000000000000
5620938	3104900a	159	00000000002000
5621126	3104c408	0	00000000000000
5621259	31050211	200	00000000004000
5621591	31054808	0	00000000000000
5621889	31060610	0	00000000000000
5623033	31081418	0	00000000000000
5623445	31084083	0	00000000000000
5623817	31088094	200	00000000004000
5624267	31090089	0	00000000000000
5624938	310a0502	0	00000000000000
5625063	310a1600	0	00000000000000
5625091	310a2042	0	00000000000000
5625194	310a4220	0	00000000000000
5625437	310b2400	0	00000000000000
5625450	310b4400	0	00000000000000
5625840	310c4012	0	00000000000000
5625924	310c8003	159	00000000002000
5625941	310c8044	236	00000000006000
5626904	3110140a	0	00000000000000
5627008	3110201a	0	00000000000000
5627131	31102422	3	00000000000003
5627291	31104015	200	00000000004000
5627439	31104520	0	00000000000000
5627588	31106042	0	00000000000000
5629014	31122900	14	00000000000013
5629116	31126200	0	00000000000000
5629486	31140481	0	00000000000000
5629685	31142600	0	00000000000000
5630481	31182140	200	00000000004000
5630703	3118a200	200	00000000004000
5631340	31200407	0	00000000000000
5631976	31202422	3	00000000000003
5632464	31206404	0	00000000000000
5632770	31209801	107	00000000000800
5632861	3120c006	0	00000000000000
5633240	3121200a	0	00000000000000
5634349	31240608	0	00000000000000
5634414	3124100a	0	00000000000000
5634721	31249400	0	00000000000000
5634786	31250201	0	00000000000000
5635302	31282021	0	00000000000000
5635374	3128400a	0	00000000000000
5635753	312a1002	0	00000000000000
5636665	31320021	0	00000000000000
5639078	31410484	2	00000000000002
5639181	314110a0	117	00000000000830
5639948	31426800	0	00000000000000
5640119	31430a00	0	00000000000000
5640570	31444108	0	00000000000000
5640796	31450840	184	00000000002800
5641005	3148002a	159	00000000002000
5641102	314802c0	0	00000000000000
5641172	31480842	159	00000000002000
5641312	31482180	0	00000000000000
5641566	31490041	159	00000000002000
5641763	314a4002	0	00000000000000
5642184	3150100a	0	00000000000000
5642327	31504009	0	00000000000000
5642346	31504082	0	00000000000000
5642478	31508900	13	00000000000012
5644380	31720010	2	00000000000002
5645236	31802212	8	00000000000009
5645303	31802604	1	00000000000001
5647637	318404c0	0	00000000000000
5647715	3184100c	159	00000000002000
5648256	31862100	107	00000000000800
5648584	31881808	159	00000000002000
5648776	31888041	236	00000000006000
5649766	31908201	200	00000000004000
5650099	31940014	200	00000000004000
5650226	31958000	200	00000000004000
5650257	31980028	0	00000000000000
5650380	319a0001	0	00000000000000
5650809	31a04104	0	00000000000000
5651023	31a10408	0	00000000000000
5651535	31aa8000	0	00000000000000
5651543	31ac0040	0	00000000000000
5652237	31c08202	7	00000000000008
5652398	31c14004	0	00000000000000
5653036	31d28000	13	00000000000012
5653225	31e24000	0	00000000000000
5653283	31f40000	0	00000000000000
5654680	32002189	375	00000000018000
5654775	32002381	200	00000000004000
5656260	32007204	200	00000000004000
5659428	3201c402	0	00000000000000
5662328	32040c90	0	00000000000000
5663359	32048481	0	00000000000000
5663553	3204a410	0	00000000000000
5664530	32062022	0	00000000000000
5665767	32082450	347	00000000010000
5666868	32090441	347	00000000010000
5667592	320a2028	347	00000000010000
5668336	320c3800	339	0000000000e000
5668362	320c4090	200	00000000004000
5671325	32120601	0	00000000000000
5671804	32131200	87	00000000000400
5671849	32140007	0	00000000000000
5672238	32144090	200	00000000004000
5672884	32180e00	0	00000000000000
5672944	32181810	316	0000000000c000
5673191	32189020	246	00000000008000
5673505	321c0088	246	00000000008000
5674119	32200d80	347	00000000010000
5674258	32201418	0	00000000000000
5674514	32202803	0	00000000000000
5677432	32260808	0	00000000000000
5678048	3228a020	0	00000000000000
5678646	32300806	88	00000000000401
5678751	32301480	0	00000000000000
5678926	32306020	347	00000000010000
5679168	32320018	347	00000000010000
5681867	32414a00	0	00000000000000
5683928	32485008	0	00000000000000
5684395	324c2040	291	0000000000a000
5685377	32544040	0	00000000000000
5686054	32606100	0	00000000000000
5686873	32710200	0	00000000000000
5687560	32801422	0	00000000000000
5688272	32806440	347	00000000010000
5688694	3280c108	0	00000000000000
5689194	32815400	0	00000000000000
5689863	3282c008	0	00000000000000
5690787	32868100	0	00000000000000
5691759	328d2000	339	0000000000e000
5693378	32a0800a	0	00000000000000
5693790	32a40801	0	00000000000000
5694235	32b80020	347	00000000010000
5694534	32c01c00	0	00000000000000
5694687	32c05100	0	00000000000000
5694692	32c06002	0	00000000000000
5694863	32c10600	0	00000000000000
5695742	32e40400	0	00000000000000
5696590	33002206	1	00000000000001
5696829	3300408a	0	00000000000000
5696844	330040d0	200	00000000004000
5699298	33046080	200	00000000004000
5699384	3304a004	236	00000000006000
5701582	33151000	200	00000000004000
5702811	33281004	0	00000000000000
5703392	33402006	159	00000000002000
5703994	33441100	159	00000000002000
5704114	33480220	0	00000000000000
5704129	33480802	159	00000000002000
5704977	33802404	1	00000000000001
5707260	340010b4	80	00000000000330
5708587	34004298	0	00000000000000
5708969	34005105	0	00000000000000
5709365	34007028	0	00000000000000
5711334	34011103	70	00000000000220
5711537	3401208a	67	00000000000200
5711550	340120c4	74	00000000000274
5713241	34021484	0	00000000000000
5713690	34024206	0	00000000000000
5714687	34031300	53	00000000000100
5714733	34032088	0	00000000000000
5714874	34036200	0	00000000000000
5715122	34040229	0	00000000000000
5715997	34044029	0	00000000000000
5716356	3404801a	0	00000000000000
5716451	34048250	60	00000000000180
5716947	34050488	0	00000000000000
5717623	34061210	53	00000000000100
5717656	34062012	41	000000000000c0
5717970	34070404	0	00000000000000
5718760	3408200d	0	00000000000000
5718805	340820a4	0	00000000000000
5719137	34084218	0	00000000000000
5719371	34086220	0	00000000000000
5719401	34087020	0	00000000000000
5719745	3408a440	0	00000000000000
5719799	3408c0c0	0	00000000000000
5720472	340a00b0	53	00000000000100
5721213	340c02a0	53	00000000000100
5721931	34100039	0	00000000000000
5722537	34101409	0	00000000000000
5722612	34101920	12	00000000000010
5723093	34104814	0	00000000000000
5723112	341048c0	0	00000000000000
5723420	34108442	0	00000000000000
5723535	34109108	0	00000000000000
5723675	3410c0c0	0	00000000000000
5724054	34112102	33	00000000000053
5724604	34122050	47	000000000000d0
5724707	34124300	0	00000000000000
5724761	34128012	49	000000000000d3
5724813	34128810	49	000000000000d3
5724818	34128a00	38	00000000000081
5724936	34131800	12	00000000000010
5725057	34140182	41	000000000000c0
5725288	34142084	41	000000000000c0
5725802	34180019	0	00000000000000
5726108	341820c0	0	00000000000000
5726267	34188044	0	00000000000000
5726421	34191001	0	00000000000000
5726543	341a1004	0	00000000000000
5726565	341a3000	0	00000000000000
5726694	341c2020	0	00000000000000
5726870	34200185	9	0000000000000c
5727276	34201032	0	00000000000000
5727369	342012a0	0	00000000000000
5727504	3420204c	0	00000000000000
5727863	34204230	0	00000000000000
5729414	34221420	0	00000000000000
5729620	34228081	9	0000000000000c
5730770	34280421	0	00000000000000
5730815	34280821	0	00000000000000
5730964	34282204	0	00000000000000
5731375	342a0801	0	00000000000000
5731708	34300241	0	00000000000000
5731915	34302060	41	000000000000c0
5732086	34308082	42	000000000000c2
5732098	34308140	41	000000000000c0
5733212	34400c28	67	00000000000200
5733828	34404182	0	00000000000000
5734628	34410109	67	00000000000200
5734662	34410218	0	00000000000000
5735350	34421005	15	00000000000020
5735744	34430801	16	00000000000024
5735942	34440428	0	00000000000000
5737064	34485200	0	00000000000000
5737160	3448a004	0	00000000000000
5738030	34505040	0	00000000000000
5738093	34508300	37	00000000000080
5738812	34600182	45	000000000000ce
5739531	34629000	0	00000000000000
5740753	34801902	80	00000000000330
5742279	34814108	0	00000000000000
5742892	34826040	0	00000000000000
5742957	34828808	0	00000000000000
5743094	34833000	18	00000000000030
5743166	34840092	63	000000000001c0
5743529	34844220	0	00000000000000
5744008	34880124	53	00000000000100
5744863	348c8004	53	00000000000100
5745100	349008a0	48	000000000000d2
5745230	34902180	48	000000000000d2
5745410	34908402	3	00000000000003
5745692	34925000	0	00000000000000
5745703	34928200	38	00000000000081
5745764	34940208	0	00000000000000
5746366	34a02108	0	00000000000000
5746556	34a08480	2	00000000000002
5746569	34a08c00	3	00000000000003
5747163	34aa0200	0	00000000000000
5747189	34b00003	0	00000000000000
5747265	34b01400	0	00000000000000
5747310	34b10002	27	00000000000043
5747526	34c004c0	67	00000000000200
5747975	34c10201	0	00000000000000
5748257	34c40880	63	000000000001c0
5748971	350000b2	23	0000000000003e
5749847	35002c08	0	00000000000000
5750027	35004284	0	00000000000000
5750056	35004442	0	00000000000000
5750275	35007008	0	00000000000000
5750699	3500c440	0	00000000000000
5750784	350100a1	16	00000000000024
5750805	35010121	16	00000000000024
5750847	35010288	0	00000000000000
5750992	35011120	18	00000000000030
5751444	35020490	2	00000000000002
5751517	35020d00	3	00000000000003
5751698	35024180	0	00000000000000
5752373	35044104	0	00000000000000
5752504	35049010	0	00000000000000
5752629	35053000	0	00000000000000
5752632	35054004	0	00000000000000
5752857	35080111	0	00000000000000
5753738	350d0080	0	00000000000000
5753862	35100230	1	00000000000001
5754520	35121400	0	00000000000000
5755125	35201005	0	00000000000000
5755302	35204140	0	00000000000000
5755933	35280820	0	00000000000000
5755938	35280c00	0	00000000000000
5756135	35304001	0	00000000000000
5756742	35408500	2	00000000000002
5757423	35500410	2	00000000000002
5757535	35540100	0	00000000000000
5757616	35600480	2	00000000000002
5757630	35601001	0	00000000000000
5758014	35801060	18	00000000000030
5758220	35806010	0	00000000000000
5758702	35848080	0	00000000000000
5758788	35880401	0	00000000000000
5758973	35900810	14	00000000000013
5760904	36007040	0	00000000000000
5761240	3600a300	1	00000000000001
5761248	3600a480	0	00000000000000
5761306	3600c110	0	00000000000000
5761887	36019002	0	00000000000000
5762258	36022404	1	00000000000001
5762278	36023002	0	00000000000000
5762374	36026080	0	00000000000000
5762597	36038080	0	00000000000000
5762949	36042808	0	00000000000000
5763745	36082204	0	00000000000000
5763867	36086010	0	00000000000000
5763903	360880c0	0	00000000000000
5764427	36100086	0	00000000000000
5764622	36101024	0	00000000000000
5764893	36108408	0	00000000000000
5765483	36190010	0	00000000000000
5765663	36200428	0	00000000000000
5766477	36250800	0	00000000000000
5766791	36310002	1	00000000000001
5767093	36401028	0	00000000000000
5767167	36402081	0	00000000000000
5767516	36414020	0	00000000000000
5768233	36600280	0	00000000000000
5768622	36801006	0	00000000000000
5768623	36801009	0	00000000000000
5769281	36840c00	0	00000000000000
5769401	36880110	0	00000000000000
5769679	36920008	0	00000000000000
5769899	36a50000	0	00000000000000
5769958	36c00048	0	00000000000000
5770634	37008014	1	00000000000001
5771079	37044002	0	00000000000000
5771214	37081100	0	00000000000000
5771672	37280001	0	00000000000000
5771791	37402004	0	00000000000000
5773115	3800120d	0	00000000000000
5774496	3800460c	0	00000000000000
5774829	38005444	0	00000000000000
5776058	3800a490	68	00000000000202
5776346	3800c4c0	0	00000000000000
5779052	38021818	0	00000000000000
5779570	38024881	0	00000000000000
5780166	3802c600	0	00000000000000
5781689	38042c02	0	00000000000000
5781817	380440c8	152	00000000001000
5782455	3804a220	37	00000000000080
5783288	38060490	0	00000000000000
5784885	3808410c	0	00000000000000
5785140	38086104	0	00000000000000
5786617	380a4420	0	00000000000000
5787266	380c4050	0	00000000000000
5789348	38109a00	87	00000000000400
5789459	3810c108	152	00000000001000
5790797	38140089	152	00000000001000
5791584	3818001c	0	00000000000000
5792266	381a0022	0	00000000000000
5792452	381c0840	0	00000000000000
5793113	38201148	0	00000000000000
5793680	38204441	0	00000000000000
5794355	3820e010	0	00000000000000
5795188	38221300	87	00000000000400
5795936	38242402	0	00000000000000
5796863	38286002	0	00000000000000
5797940	3830c020	152	00000000001000
5799885	38407008	0	00000000000000
5800017	38408409	67	00000000000200
5800892	3841a400	68	00000000000202
5801279	38424011	0	00000000000000
5801422	38428808	0	00000000000000
5802197	38450408	0	00000000000000
5802266	38459000	134	00000000000900
5802722	38482108	0	00000000000000
5803138	384a0500	0	00000000000000
5803187	384a4800	0	00000000000000
5803646	38501480	0	00000000000000
5803746	38504014	0	00000000000000
5804072	38520048	0	00000000000000
5805479	38662000	129	000000000008c0
5807570	3880b200	0	00000000000000
5808619	38824108	0	00000000000000
5809243	38842500	0	00000000000000
5811118	38904c00	0	00000000000000
5812232	38a04208	152	00000000001000
5815505	39002212	8	00000000000009
5815632	39002d00	3	00000000000003
5816211	390084c0	0	00000000000000
5816452	3900c088	0	00000000000000
5819235	39094200	0	00000000000000
5820947	39201280	0	00000000000000
5821758	39288001	0	00000000000000
5822246	39401024	117	00000000000830
5822351	39402440	0	00000000000000
5822721	394200c0	121	0000000000083c
5822943	39448100	107	00000000000800
5823987	39805008	0	00000000000000
5824433	39840900	107	00000000000800
5825228	39c14000	0	00000000000000
5825988	3a001809	0	00000000000000
5826339	3a004029	0	00000000000000
5828838	3a046800	0	00000000000000
5829149	3a062040	0	00000000000000
5829405	3a080a08	0	00000000000000
5829534	3a082404	0	00000000000000
5829559	3a083040	0	00000000000000
5830081	3a0c0a00	0	00000000000000
5830652	3a1080c0	87	00000000000400
5830982	3a131000	87	00000000000400
5832213	3a242200	0	00000000000000
5833389	3a421008	0	00000000000000
5834169	3a700200	0	00000000000000
5834300	3a800403	0	00000000000000
5834926	3a821001	87	00000000000400
5835886	3ac42000	0	00000000000000
5836556	3b010401	0	00000000000000
5836793	3b0400a0	0	00000000000000
5836991	3b081020	0	00000000000000
5837187	3b104020	0	00000000000000
5838268	3c0005c0	67	00000000000200
5839301	3c006208	0	00000000000000
5840572	3c020c80	2	00000000000002
5841316	3c041840	53	00000000000100
5842294	3c086002	0	00000000000000
5842603	3c0a1040	53	00000000000100
5842922	3c100248	0	00000000000000
5842991	3c100811	0	00000000000000
5843071	3c101108	0	00000000000000
5843228	3c104300	0	00000000000000
5843625	3c130020	33	00000000000053
5844001	3c200091	9	0000000000000c
5844747	3c228004	46	000000000000cf
5845187	3c302200	38	00000000000081
5845294	3c400013	72	0000000000022c
5845783	3c408204	61	00000000000188
5845810	3c408c00	68	00000000000202
5846690	3c601010	0	00000000000000
5848216	3ca00802	46	000000000000cf
5848718	3d000320	8	00000000000009
5848963	3d003400	0	00000000000000
5849251	3d013000	18	00000000000030
5849725	3d0c0004	0	00000000000000
5850056	3d210020	6	00000000000007
5850423	3d800440	0	00000000000000
5850755	3e000421	0	00000000000000
5851353	3e020408	0	00000000000000
5851800	3e100180	0	00000000000000
5852282	3e409000	0	00000000000000
