class	pattern_hex	least_mask_hex	multiplicity	cover	maximal
0	00000000000000	0000169b	1625519	0	0
1	00000000000001	2011a602	15972	1	0
2	00000000000002	00322486	12453	1	0
3	00000000000003	20122416	4576	2	0
4	00000000000004	01212087	1233	1	0
5	00000000000006	05210096	647	2	0
6	00000000000007	21a12102	199	3	0
7	00000000000008	0000a3a5	8492	1	0
8	00000000000009	31002216	295	2	0
9	0000000000000c	01202097	2994	2	0
10	0000000000000e	11202096	554	3	0
11	0000000000000f	31202016	162	4	0
12	00000000000010	04123016	8030	1	0
13	00000000000012	05130086	1385	2	0
14	00000000000013	21112016	568	3	0
15	00000000000020	010010b7	3513	1	0
16	00000000000024	01012097	1709	2	0
17	0000000000002c	010020b7	4590	3	0
18	00000000000030	05421016	3338	2	0
19	00000000000034	05430046	368	3	0
20	00000000000036	05430016	756	4	0
21	00000000000037	25010036	343	5	0
22	0000000000003c	114020c6	399	4	0
23	0000000000003e	11402096	802	5	0
24	0000000000003f	31022016	253	6	0
25	00000000000040	04150096	3514	1	0
26	00000000000042	04310886	474	2	0
27	00000000000043	24310016	208	3	0
28	00000000000044	206120c2	167	2	0
29	00000000000046	20612086	405	3	0
30	00000000000047	24212016	199	4	0
31	00000000000050	041308d0	313	2	0
32	00000000000052	04130886	905	3	0
33	00000000000053	24110816	375	4	0
34	00000000000074	204320c2	45	4	0
35	00000000000076	20432086	125	5	0
36	00000000000077	24032016	86	6	0
37	00000000000080	04162282	3511	1	0
38	00000000000081	30122206	223	2	0
39	00000000000088	10402296	715	2	0
40	00000000000089	30a0a202	189	3	0
41	000000000000c0	04162086	7960	2	0
42	000000000000c2	10322092	449	3	0
43	000000000000c3	30302016	197	4	0
44	000000000000cc	306020c2	111	4	0
45	000000000000ce	30222086	224	5	0
46	000000000000cf	34202016	134	6	0
47	000000000000d0	105228c0	332	3	0
48	000000000000d2	10522086	841	4	0
49	000000000000d3	30122016	308	5	0
50	000000000000fc	304220c2	40	6	0
51	000000000000fe	30022096	110	7	0
52	000000000000ff	34022016	66	8	0
53	00000000000100	04409292	15453	1	0
54	00000000000101	24010236	194	2	0
55	00000000000130	24021096	597	3	0
56	00000000000140	24050036	709	2	0
57	00000000000174	24430052	47	5	0
58	00000000000176	24430016	160	6	0
59	00000000000177	2c030016	35	7	0
60	00000000000180	0c460206	484	2	0
61	00000000000188	1c420206	98	3	0
62	00000000000189	34800216	24	4	0
63	000000000001c0	240400b6	1014	3	0
64	000000000001fc	344200d0	26	7	0
65	000000000001fe	34420016	78	8	0
66	000000000001ff	3c020016	18	9	0
67	00000000000200	0000149f	15680	1	0
68	00000000000202	20402496	1174	2	0
69	00000000000203	24002436	407	3	0
70	00000000000220	20003097	1288	2	0
71	00000000000224	20412087	651	3	0
72	0000000000022c	2000a097	1024	4	0
73	00000000000230	200030d6	1086	3	0
74	00000000000274	24012056	146	5	0
75	00000000000276	20412096	307	6	0
76	00000000000277	24012036	119	7	0
77	000000000002fc	34002056	117	7	0
78	000000000002fe	30402096	230	8	0
79	000000000002ff	34002036	76	9	0
80	00000000000330	240010b6	1199	4	0
81	00000000000374	24410056	111	6	0
82	00000000000376	24410036	290	7	0
83	00000000000377	34810016	12	8	0
84	000000000003fc	344000d2	25	8	0
85	000000000003fe	34400036	80	9	0
86	000000000003ff	34808016	6	10	1
87	00000000000400	00101a87	10075	1	0
88	00000000000401	22308124	236	2	0
89	00000000000408	08020297	75	2	0
90	0000000000040c	38220083	1	3	0
91	00000000000410	18121016	108	2	0
92	00000000000420	28021017	18	2	0
93	0000000000042c	28020097	5	4	0
94	00000000000440	38330040	1	2	0
95	00000000000442	38330080	1	3	0
96	00000000000443	38338000	1	4	0
97	00000000000452	38130880	2	4	0
98	00000000000480	18128a80	8	2	0
99	00000000000481	38328200	2	3	0
100	000000000004c0	383200c0	4	3	0
101	000000000004c2	38320082	6	4	0
102	000000000004c3	38328002	6	5	0
103	000000000004d2	38120882	8	5	0
104	000000000004d3	38120016	2	6	1
105	00000000000500	38021282	5	2	1
106	00000000000620	30001097	8	3	0
107	00000000000800	000430b5	19526	1	0
108	00000000000804	012120a5	319	2	0
109	00000000000806	1121a180	145	3	0
110	00000000000807	29232004	6	4	0
111	0000000000080c	012021a5	1017	3	0
112	0000000000080e	112220a4	231	4	0
113	0000000000080f	31a0a100	11	5	0
114	00000000000820	010030b5	1584	2	0
115	00000000000824	0101a8a1	418	3	0
116	0000000000082c	0100a1a5	1324	4	0
117	00000000000830	114010d4	976	3	0
118	00000000000834	114128c0	33	4	0
119	00000000000836	11412884	155	5	0
120	00000000000837	2903a004	8	6	0
121	0000000000083c	114028c4	119	5	0
122	0000000000083e	11402894	298	6	0
123	0000000000083f	39022014	18	7	0
124	00000000000840	10652014	270	2	0
125	00000000000844	206120d0	10	3	0
126	00000000000846	2061a880	45	4	0
127	00000000000874	204320d0	12	5	0
128	00000000000876	20432884	52	6	0
129	000000000008c0	10642034	731	3	0
130	000000000008cc	306020d0	16	5	0
131	000000000008ce	3060a090	38	6	0
132	000000000008fc	304220c4	20	7	0
133	000000000008fe	30422094	68	8	0
134	00000000000900	28461084	116	2	0
135	00000000000930	38421084	8	4	1
136	00000000000940	30458084	15	3	0
137	000000000009c0	38060884	25	4	0
138	00000000000a20	200038a5	123	3	0
139	00000000000a24	20412095	29	4	0
140	00000000000a2c	20402895	81	5	0
141	00000000000a30	30403094	79	4	0
142	00000000000a74	384120c0	3	6	0
143	00000000000a76	3041a084	14	7	0
144	00000000000afc	384020c4	8	8	0
145	00000000000afe	38402094	21	9	0
146	00000000000c00	002091a5	344	2	0
147	00000000000c0c	382200c1	3	4	0
148	00000000000c20	28021095	31	3	0
149	00000000000c24	38030881	1	4	0
150	00000000000c2c	38020885	3	5	1
151	00000000000e20	38001885	3	4	1
152	00000000001000	2000403f	6454	1	0
153	00000000001040	30150016	33	2	0
154	00000000001080	30140216	23	2	0
155	000000000010c0	30140036	113	3	0
156	00000000001200	3000009f	14	2	0
157	00000000001400	20300a83	69	2	0
158	00000000001800	300480a5	45	2	0
159	00000000002000	0004203f	15895	1	0
160	00000000002001	23002816	85	2	0
161	00000000002020	01003037	348	2	0
162	00000000002024	01412017	73	3	0
163	0000000000202c	01402037	178	4	0
164	00000000002030	11403016	194	3	0
165	00000000002034	11c12042	7	4	0
166	00000000002036	11412016	29	5	0
167	00000000002037	3181a002	1	6	0
168	0000000000203c	31402046	9	5	0
169	0000000000203e	31402016	25	6	0
170	0000000000203f	3100a016	7	7	1
171	00000000002040	20452016	13	2	0
172	000000000020c0	20442036	33	3	0
173	00000000002100	200c1036	188	2	0
174	00000000002140	30450016	3	3	0
175	000000000021c0	30440036	5	4	0
176	00000000002200	0000303f	102	2	0
177	00000000002220	2000b017	21	3	0
178	00000000002224	30412007	1	4	0
179	0000000000222c	30402017	2	5	0
180	00000000002230	20403056	19	4	0
181	00000000002276	30412016	2	7	0
182	000000000022fe	30c02016	1	9	0
183	00000000002400	22009017	11	2	0
184	00000000002800	0004b125	996	2	0
185	00000000002820	0100b125	345	3	0
186	00000000002824	01412825	82	4	0
187	0000000000282c	0140a125	139	5	0
188	00000000002830	11403034	125	4	0
189	00000000002834	1141a840	9	5	0
190	00000000002836	1141a804	23	6	0
191	0000000000283c	31402054	16	6	0
192	0000000000283e	31402034	30	7	0
193	00000000002840	30452014	7	3	0
194	000000000028c0	3004a124	22	4	0
195	00000000002900	30441054	17	3	0
196	00000000002a20	2040b015	17	4	0
197	00000000002a30	3040b014	12	5	0
198	00000000003000	2004801f	43	2	0
199	00000000003800	30048125	1	3	1
200	00000000004000	00003a95	51106	1	0
201	00000000004001	21112a04	226	2	0
202	00000000004008	010022d5	249	2	0
203	00000000004009	3180a204	4	3	1
204	00000000004010	1010b094	385	2	0
205	00000000004012	11102894	62	3	0
206	00000000004013	3110a014	18	4	1
207	00000000004040	10152884	11	2	0
208	00000000004080	10142294	117	2	0
209	00000000004081	3090a300	1	3	1
210	000000000040c0	10142894	36	3	0
211	000000000040d2	3010a884	2	5	0
212	00000000004100	30049284	113	2	0
213	00000000004400	00109a85	223	2	0
214	00000000004401	32908a00	1	3	0
215	00000000004800	000430d5	485	2	0
216	00000000004820	010030d5	226	3	0
217	00000000004824	0101a885	49	4	0
218	0000000000482c	0100a895	103	5	0
219	00000000004830	31003094	35	4	0
220	00000000004834	310120d0	4	5	0
221	00000000004836	31012884	10	6	0
222	0000000000483c	310020d4	12	6	0
223	0000000000483e	31002894	14	7	1
224	00000000004840	30052094	6	3	0
225	000000000048c0	300420d4	12	4	0
226	00000000004900	30049094	3	3	1
227	00000000004a20	200030d5	22	4	0
228	00000000004a2c	3000a885	1	6	0
229	00000000004a30	3080b084	1	5	0
230	00000000005000	20044a85	692	2	0
231	00000000005040	30158084	1	3	0
232	00000000005080	30148284	4	3	0
233	000000000050c0	30148884	3	4	0
234	00000000005400	20118a81	7	3	0
235	00000000005800	30048185	4	3	0
236	00000000006000	000c3815	2558	2	0
237	00000000006001	3300a014	20	3	0
238	00000000006100	300c1054	24	3	0
239	00000000006800	0084b105	595	3	0
240	00000000006820	0100b845	116	4	0
241	00000000006824	2181a101	6	5	0
242	0000000000682c	3100a105	9	6	1
243	00000000006830	31003054	32	5	1
244	00000000006840	3085a004	1	4	0
245	000000000068c0	3084a104	1	5	0
246	00000000008000	000420db	15617	1	0
247	00000000008001	2210a812	29	2	0
248	00000000008010	1010b092	277	2	0
249	00000000008040	10152092	147	2	0
250	00000000008050	205120d0	8	3	0
251	00000000008052	1051a082	45	4	0
252	00000000008053	3091a002	1	5	0
253	000000000080c0	101420b2	300	3	0
254	000000000080d0	1050a0d0	18	4	0
255	000000000080d2	1050a882	54	5	0
256	000000000080d3	3090a012	3	6	1
257	00000000008100	200818d2	261	2	0
258	00000000008140	30458082	2	3	0
259	000000000081c0	30c48082	1	4	0
260	00000000008200	000030db	478	2	0
261	00000000008220	200030b3	55	3	0
262	00000000008224	20412093	13	4	0
263	0000000000822c	204020d3	38	5	0
264	00000000008230	204030b2	46	4	0
265	00000000008274	304120c2	1	6	0
266	00000000008276	2041a092	11	7	0
267	000000000082fc	304020d2	2	8	0
268	000000000082fe	30402892	8	9	0
269	00000000008400	00909883	221	2	0
270	00000000008401	32900812	8	3	0
271	00000000008410	30909012	5	3	1
272	00000000008620	30009883	4	4	1
273	00000000008800	000438b1	244	2	0
274	00000000008840	300528a0	9	3	0
275	000000000088c0	3004a0b0	27	4	0
276	00000000008900	304410d0	18	3	0
277	00000000008940	30458880	1	4	0
278	00000000008a20	2000b1a1	58	4	0
279	00000000008a24	204120d1	22	5	0
280	00000000008a2c	204028d1	38	6	0
281	00000000008a30	304030b0	28	5	0
282	00000000008a74	304120d0	2	7	0
283	00000000008a76	30412890	7	8	0
284	00000000008afc	3040a0d0	1	9	0
285	00000000008afe	30c0a090	3	10	1
286	00000000009000	2004888b	277	2	0
287	00000000009040	30158082	2	3	0
288	000000000090c0	30148092	7	4	0
289	00000000009200	3000888b	3	3	1
290	00000000009400	30108883	3	3	0
291	0000000000a000	0005301b	6658	2	0
292	0000000000a001	32802902	7	3	0
293	0000000000a040	20452032	28	3	0
294	0000000000a0c0	20c42052	39	4	0
295	0000000000a100	200c9812	309	3	0
296	0000000000a140	30c50012	4	4	0
297	0000000000a1c0	30c48042	2	5	1
298	0000000000a200	0041301b	265	3	0
299	0000000000a220	20403053	45	4	0
300	0000000000a224	20c1a003	4	5	0
301	0000000000a22c	20c0a103	6	6	0
302	0000000000a230	2041b012	31	5	0
303	0000000000a276	30c12012	3	8	0
304	0000000000a2fe	30c0a102	1	10	1
305	0000000000a400	22809103	22	3	0
306	0000000000a800	00453031	250	3	0
307	0000000000a840	30452030	21	4	0
308	0000000000a8c0	30442070	28	5	0
309	0000000000a900	30449050	21	4	0
310	0000000000a940	30c58100	1	5	1
311	0000000000aa20	2041b011	30	5	0
312	0000000000aa24	20c1a101	4	6	0
313	0000000000aa2c	30c0a101	1	7	1
314	0000000000aa30	30413050	15	6	0
315	0000000000b000	3004003b	65	3	0
316	0000000000c000	000c28d1	3780	2	0
317	0000000000c001	2290a900	12	3	0
318	0000000000c010	1010b0d0	60	3	0
319	0000000000c040	10152890	37	3	0
320	0000000000c052	3011a880	2	5	0
321	0000000000c0c0	101428d0	58	4	0
322	0000000000c0d0	3010a0d0	3	5	0
323	0000000000c0d2	3010a890	4	6	1
324	0000000000c100	300c10d0	41	3	0
325	0000000000c400	02109891	172	3	0
326	0000000000c401	32908900	1	4	1
327	0000000000c800	000438d1	195	3	0
328	0000000000c840	300520d0	13	4	0
329	0000000000c8c0	300421d0	16	5	0
330	0000000000ca20	200038d1	43	5	0
331	0000000000ca24	3001a181	3	6	0
332	0000000000ca2c	3000a891	5	7	1
333	0000000000ca30	3080b180	1	6	1
334	0000000000d000	20148891	42	3	0
335	0000000000d040	30158880	3	4	0
336	0000000000d0c0	301480d0	3	5	1
337	0000000000d400	30118881	2	4	1
338	0000000000d800	30058181	5	4	1
339	0000000000e000	000db011	805	3	0
340	0000000000e001	3280a900	1	4	1
341	0000000000e100	300c9050	33	4	1
342	0000000000e400	32809101	3	4	1
343	0000000000e800	1005b011	105	4	0
344	0000000000e840	3085a100	1	5	0
345	0000000000e8c0	3084a140	2	6	1
346	0000000000ea20	3080b101	1	6	1
347	00000000010000	0002249d	30038	1	0
348	00000000010001	22102524	356	2	0
349	00000000010002	00332c80	154	2	0
350	00000000010003	20322424	59	3	0
351	00000000010040	303120c0	1	2	0
352	00000000010042	20332880	5	3	0
353	00000000010050	301320c0	1	3	0
354	00000000010052	30132084	4	4	0
355	000000000100c0	303020d0	4	3	0
356	000000000100c2	30302884	11	4	0
357	000000000100c3	30b22100	1	5	1
358	000000000100d0	301220d0	3	4	0
359	000000000100d2	30122094	10	5	1
360	00000000010200	2000249d	205	2	0
361	00000000010202	30802d80	3	3	1
362	00000000010400	02330881	52	2	0
363	00000000010401	32b00900	2	3	1
364	00000000010804	202320c1	5	3	0
365	0000000001080c	202228c1	13	4	0
366	00000000010824	30032085	7	4	0
367	0000000001082c	30022095	13	5	1
368	00000000011000	201040ad	412	2	0
369	00000000011400	30310881	1	3	1
370	00000000012000	2008203d	61	2	0
371	00000000014000	200060d5	1766	2	0
372	00000000014400	32100885	1	3	0
373	00000000015000	209040d1	70	3	0
374	00000000016000	22882805	9	3	0
375	00000000018000	200808d9	789	2	0
376	00000000018200	200028d9	25	3	0
377	00000000019000	301000d9	12	3	1
378	0000000001a000	20082859	133	3	0
379	0000000001c000	200821d1	479	3	0
380	0000000001c001	32902900	2	4	1
381	0000000001c0d0	301028d0	1	6	1
382	0000000001c400	32100891	4	4	1
383	0000000001e000	22882901	25	4	1
384	00000000020000	0402228e	9884	1	0
385	00000000020001	21102216	346	2	0
386	00000000020002	05300096	707	2	0
387	00000000020003	21302016	272	3	0
388	00000000020008	05022286	1806	2	0
389	00000000020009	21022216	378	3	0
390	0000000002000c	05202056	592	3	0
391	0000000002000e	05202096	994	4	0
392	0000000002000f	21222016	225	5	0
393	00000000020010	051208c2	462	2	0
394	00000000020012	05120096	907	3	0
395	00000000020013	21102816	408	4	0
396	0000000002003c	054200d2	572	5	0
397	0000000002003e	05420096	994	6	0
398	0000000002003f	25002036	284	7	0
399	00000000020080	04122286	969	2	0
400	00000000020081	2032a202	285	3	0
401	00000000020088	04402296	1150	3	0
402	00000000020089	24002236	142	4	0
403	000000000200c0	043020c6	445	3	0
404	000000000200c2	04302096	708	4	0
405	000000000200c3	20322016	256	5	0
406	000000000200cc	206020d2	193	5	0
407	000000000200ce	20602096	372	6	0
408	000000000200cf	24202036	93	7	0
409	000000000200d0	041220d2	476	4	0
410	000000000200d2	04122096	947	5	0
411	000000000200d3	24100836	305	6	0
412	000000000200fc	204220d2	119	7	0
413	000000000200fe	20422096	246	8	0
414	000000000200ff	24022036	64	9	0
415	00000000020188	0c420216	69	4	0
416	00000000020189	2c020216	5	5	0
417	000000000201fc	2c0200d2	15	8	0
418	000000000201fe	24420096	55	9	0
419	000000000201ff	2c028016	4	10	1
420	00000000020200	2040209e	354	2	0
421	000000000202fc	204020d6	157	8	0
422	000000000202fe	20402896	300	9	0
423	000000000202ff	24802036	20	10	1
424	000000000203fc	244000d6	3	9	0
425	000000000203fe	244000b6	12	10	1
426	00000000020480	28320a80	2	3	1
427	0000000002080c	2120a0d0	63	4	0
428	0000000002080e	2120a980	138	5	0
429	0000000002080f	29222024	9	6	0
430	0000000002083c	210228d0	42	6	0
431	0000000002083e	2102a094	103	7	0
432	0000000002083f	2902a804	3	8	1
433	000000000208cc	206220d0	25	6	0
434	000000000208ce	2062a090	38	7	0
435	000000000208fc	280228d0	13	8	0
436	000000000208fe	20c2a180	30	9	0
437	00000000022000	2140201e	19	2	0
438	0000000002203c	21402056	11	6	0
439	0000000002203e	21402036	26	7	0
440	00000000024000	21102294	26	2	0
441	00000000024001	2110aa04	7	3	1
442	00000000024010	211020d4	15	3	0
443	00000000024012	21102894	16	4	0
444	00000000028000	2010a88a	32	2	0
445	000000000280d0	205020d2	10	5	0
446	000000000280d2	20502892	19	6	0
447	00000000028200	2040a88a	4	3	0
448	000000000282fe	20c0a092	2	10	1
449	00000000030000	201220d8	17	2	0
450	000000000300c0	203220d0	2	4	0
451	000000000300c2	20b22180	1	5	1
452	000000000300d0	201228d0	1	5	1
453	00000000040000	0040329c	14774	1	0
454	00000000040001	2300a224	38	2	0
455	00000000040080	20442294	61	2	0
456	00000000040100	20491284	208	2	0
457	00000000040200	2040309c	50	2	0
458	00000000040800	2004b0a4	403	2	0
459	00000000040830	210030b4	187	4	0
460	00000000040834	214120c4	16	5	0
461	00000000040836	21412094	53	6	0
462	00000000040840	20452094	39	3	0
463	000000000408c0	204420d4	68	4	0
464	00000000040a30	204030d4	63	5	0
465	00000000040a74	284120d0	3	7	0
466	00000000040a76	28412884	10	8	0
467	00000000042000	0144301c	2883	2	0
468	00000000042001	2300a124	5	3	0
469	00000000042100	204c9014	10	3	0
470	00000000042200	2041b00c	1	3	0
471	00000000042800	20443034	202	3	0
472	00000000042830	21403034	81	5	0
473	00000000042834	2141a044	7	6	0
474	00000000042836	2141a014	12	7	0
475	00000000042840	2045a104	2	4	0
476	000000000428c0	2044a124	2	5	0
477	00000000044000	020432c4	2394	2	0
478	00000000044001	2300a214	19	3	0
479	00000000044080	2084a380	1	3	1
480	00000000044100	200c1294	27	3	0
481	00000000044800	200430d4	96	3	0
482	00000000044830	210030d4	55	5	0
483	00000000046000	200c3054	698	3	0
484	00000000046001	2380a104	6	4	1
485	00000000046800	21043054	55	4	0
486	00000000048000	200430d8	778	2	0
487	00000000048100	20499880	31	3	0
488	00000000048200	2001b888	23	3	0
489	00000000048800	204430b0	28	3	0
490	00000000048840	204520b0	18	4	0
491	000000000488c0	204421d0	23	5	0
492	00000000048a30	204031d0	22	6	0
493	0000000004a000	20093058	1016	3	0
494	0000000004a100	204c9050	19	4	1
495	0000000004a200	2041b108	3	4	0
496	0000000004a800	20443150	45	4	0
497	0000000004a840	2045a110	7	5	0
498	0000000004a8c0	20c4a110	4	6	1
499	0000000004aa30	20c1b100	1	7	1
500	0000000004c000	200831d0	235	3	0
501	0000000004c100	208c9090	3	4	1
502	0000000004c800	200438d0	14	4	1
503	0000000004e000	200c3150	157	4	0
504	00000000050000	200820dc	27	2	0
505	00000000052000	2288280c	1	3	0
506	00000000054000	20892884	13	3	0
507	00000000058000	200828d8	46	3	0
508	0000000005a000	22882848	4	4	1
509	0000000005c000	200928d0	21	4	1
510	00000000060000	2040aa88	174	2	0
511	00000000060008	2100a2a4	123	3	0
512	00000000060088	20c0a380	16	4	0
513	00000000060200	284020d8	14	3	0
514	0000000006083c	214020d4	51	7	0
515	0000000006083e	214020b4	92	8	0
516	00000000060afc	284028d0	6	10	0
517	00000000060afe	2840a884	7	11	1
518	00000000062000	2140a10c	15	3	0
519	0000000006283c	21c02150	5	8	0
520	0000000006283e	2140a124	5	9	0
521	00000000064008	21002ad0	19	4	1
522	00000000080000	00057412	14504	1	0
523	00000000080002	0141a412	262	2	0
524	00000000080030	05431012	149	3	0
525	00000000080036	05430032	179	5	0
526	00000000080800	11471010	93	2	0
527	00000000080830	11433010	22	4	0
528	00000000080836	1143a010	27	6	0
529	00000000082000	03412812	229	2	0
530	00000000082030	11413012	7	4	0
531	00000000082036	1141a012	7	6	0
532	00000000082800	11451030	41	3	0
533	00000000082830	11413030	15	5	0
534	00000000082836	1141a120	5	7	0
535	00000000084000	03056810	239	2	0
536	0000000008a000	12413012	57	3	0
537	00000000090000	008b6410	11	2	0
538	000000000c0000	0a41b010	140	2	0
539	000000000c2000	03413030	101	3	0
540	00000000100000	00027612	20652	1	0
541	00000000100008	19402212	67	2	0
542	00000000100080	0c442212	64	2	0
543	00000000100088	18422212	51	3	0
544	00000000100100	04469202	273	2	0
545	00000000100180	0c460212	41	3	0
546	00000000100188	1c420212	6	4	0
547	00000000104000	0200f310	561	2	0
548	00000000120008	0d402212	65	3	0
549	00000000120088	0c402232	44	4	0
550	00000000120188	0cc20212	1	5	1
551	00000000140000	01403330	506	2	0
552	00000000144000	0300b310	34	3	0
553	00000000180000	00047432	35463	2	0
554	00000000180002	0142a412	428	3	0
555	00000000180030	05421032	365	4	0
556	0000000018003e	19402032	101	7	0
557	00000000180800	11461030	179	3	0
558	00000000180830	11423030	50	5	0
559	0000000018083e	19402830	34	8	0
560	00000000182000	03403032	249	3	0
561	00000000182030	11403032	18	5	0
562	00000000182800	11441130	34	4	0
563	00000000182830	11403130	19	6	0
564	00000000184000	03046910	395	3	0
565	00000000190000	008a6430	26	3	0
566	000000001a003e	0d420032	48	8	0
567	000000001c0000	0a40b120	294	3	0
568	000000001c2000	03403830	96	4	0
569	00000000200000	0012ae08	11547	1	0
570	00000000200001	00b0a602	11654	2	0
571	00000000200003	00b2a402	3390	3	0
572	00000000200007	05210036	260	4	0
573	00000000200009	11a02206	120	3	0
574	0000000020000f	15202016	156	5	0
575	00000000200013	0d130006	235	4	0
576	00000000200037	0d030016	30	6	0
577	0000000020003f	1d002016	37	7	0
578	00000000200043	04312016	202	4	0
579	00000000200053	0c130016	103	5	0
580	00000000200081	10b0a202	144	3	0
581	000000002000c3	14302016	150	5	0
582	000000002000d3	1892a002	102	6	0
583	00000000200401	0a128124	102	3	1
584	00000000210000	00322c0c	73	2	0
585	00000000210001	02322414	52	3	0
586	00000000210003	10b22500	1	4	1
587	00000000220000	0430220e	1024	2	0
588	00000000220001	05300216	184	3	0
589	00000000220003	05300126	287	4	0
590	00000000220009	05202216	172	4	0
591	0000000022000f	05202036	184	6	0
592	00000000220013	0d120016	80	5	0
593	0000000022003f	0d020036	27	8	0
594	00000000220081	04302324	130	4	0
595	000000002200c3	04302816	151	6	0
596	000000002200d3	0c120816	71	7	0
597	00000000240000	0b00a20c	6	2	0
598	00000000240001	0b01a204	4	3	0
599	00000000280001	0601a412	354	3	0
600	00000000280003	05012432	212	4	0
601	00000000280037	0d032012	77	7	0
602	00000000300001	0180a612	816	3	0
603	00000000300009	19022212	75	4	0
604	00000000320009	0d020a12	33	5	0
605	00000000340001	0b00a320	3	4	0
606	00000000380001	06022432	619	4	0
607	00000000380003	0500a522	250	5	0
608	0000000038003f	1d002032	72	9	0
609	000000003a003f	0d022032	38	10	0
610	00000000400000	0060248d	18239	1	0
611	00000000400002	00712484	240	2	0
612	00000000400042	04310894	184	3	0
613	000000004000c2	10702980	94	4	0
614	00000000400400	0a310881	2	2	0
615	00000000410000	00202c8d	3357	2	0
616	00000000410002	10312c80	5	3	0
617	00000000410400	12300981	2	3	1
618	00000000420000	0430209c	90	2	0
619	000000004200c2	043021a4	80	5	0
620	00000000600000	0421212c	616	2	0
621	00000000600001	06302124	281	3	0
622	00000000600003	04302524	114	4	0
623	00000000600043	04310924	56	5	0
624	000000006000c3	14300924	30	6	0
625	00000000610000	0230242c	48	3	0
626	00000000610001	02312c04	29	4	0
627	00000000620000	0430212c	15	3	0
628	000000006200c3	04302924	9	7	0
629	00000000800000	1040444d	2800	1	0
630	00000000800050	141108c4	27	3	0
631	000000008000d0	141028c4	39	4	0
632	00000000800200	10400cc9	102	2	0
633	00000000808000	105008c9	8	2	0
634	00000000808200	104028c9	1	3	0
635	00000000810000	100044cd	427	2	0
636	00000000810200	100024cd	8	3	0
637	00000000814000	100068c5	33	3	0
638	00000000818000	100828c9	5	3	0
639	0000000081c000	101828c1	4	4	0
640	00000000c00000	1040448d	8939	2	0
641	00000000c00002	105024a4	177	3	0
642	00000000c00052	14110894	77	5	0
643	00000000c000d2	14102894	73	6	0
644	00000000c00200	10400c8d	359	3	0
645	00000000c00400	1a110881	1	3	1
646	00000000c02000	1048280d	2	3	0
647	00000000c08000	10482889	65	3	0
648	00000000c08052	10d12880	1	6	1
649	00000000c08200	10402899	5	4	0
650	00000000c0a000	10492809	4	4	0
651	00000000c10000	10004c8d	1381	3	0
652	00000000c10002	10902d80	2	4	1
653	00000000c10200	1000249d	20	4	0
654	00000000c14000	10006895	122	4	0
655	00000000c18000	10082899	39	4	0
656	00000000c18200	10802989	2	5	1
657	00000000c1a000	12092809	1	5	0
658	00000000c1c000	10182891	19	5	0
659	00000000c80000	10496410	418	3	0
660	00000000c90000	10896410	13	4	0
661	00000000c94000	12896800	1	5	0
662	00000000d80000	10486430	579	4	0
663	00000000d90000	10886430	20	5	0
664	00000000d94000	10886910	3	6	0
665	00000000e00000	14100c1c	214	3	0
666	00000000e00001	16100c14	92	4	0
667	00000000e00003	14102524	55	5	0
668	00000000e00053	1c112024	12	7	0
669	00000000e000d3	1c102124	9	8	0
670	00000000e10000	12102c0c	5	4	0
671	00000000e10001	12902c04	2	5	0
672	00000001000000	00033684	25748	1	0
673	00000001000100	080b1a80	354	2	0
674	00000001000400	022091a4	106	2	0
675	00000001000800	002330a4	460	2	0
676	00000001000c00	182210a4	1	3	1
677	00000001004000	1001b284	184	2	0
678	00000001010000	020a2494	126	2	0
679	00000001040000	0200b324	149	2	0
680	00000001044000	0200ba84	98	3	0
681	00000001080000	02053c10	990	2	0
682	00000001090000	120b2c00	2	3	0
683	000000010c0000	0a05b800	5	3	0
684	00000001100000	000e3610	1279	2	0
685	00000001100100	0c029320	111	3	0
686	00000001140000	0a04b210	14	3	0
687	00000001180000	02063c10	1547	3	0
688	00000001190000	128a2500	2	4	1
689	000000011c0000	0a04b810	19	4	0
690	00000001200001	0222ae00	1311	3	0
691	00000001280001	0601a430	154	4	0
692	00000001300001	06022630	150	4	0
693	00000001380001	06022d20	164	5	0
694	00000001400000	062021a4	576	2	0
695	00000001410000	02282494	66	3	0
696	00000001600001	06202524	205	4	0
697	00000001c00000	16002494	191	3	0
698	00000001c10000	12082494	22	4	0
699	00000001c80000	16090520	27	4	0
700	00000001d80000	1a882500	25	5	0
701	00000001e00001	16002c24	26	5	0
702	00000001e80001	16012430	33	6	0
703	00000001f80001	1e002430	14	7	0
704	00000002000000	0020a4c3	3568	1	0
705	00000002000002	00612492	379	2	0
706	00000002000004	00612087	535	2	0
707	0000000200000c	00222097	787	3	0
708	00000002000044	04610056	196	3	0
709	00000002000046	04610036	348	4	0
710	000000020000cc	106220c2	70	5	0
711	000000020000ce	10622086	139	6	0
712	00000002000804	006120d1	46	3	0
713	0000000200080c	0060a885	133	4	0
714	00000002000844	106320c0	5	4	0
715	00000002000846	10632880	11	5	0
716	000000020008cc	186020c4	15	6	0
717	000000020008ce	1860a880	17	7	0
718	00000002010000	002824c5	68	2	0
719	000000020200cc	04602056	111	6	0
720	000000020200ce	04602036	191	7	0
721	00000002400000	00612485	1202	2	0
722	00000002400002	00e12580	203	3	0
723	00000002400004	04212095	169	3	0
724	0000000240000c	042021a5	133	4	0
725	00000002400046	046101a4	147	5	0
726	000000024000ce	14602094	41	7	0
727	00000002400804	00612885	21	4	0
728	0000000240080c	08602885	17	5	0
729	00000002400846	18612084	5	6	0
730	000000024008ce	18602884	5	8	0
731	00000002410000	00282c85	36	3	0
732	000000024200ce	046020b4	41	8	0
733	00000004000000	00063416	621	1	0
734	00000004000040	04472006	15	2	0
735	000000040000c0	04462086	62	3	0
736	00000004000100	04469006	281	2	0
737	00000004000140	04470016	82	3	0
738	000000040001c0	04468086	125	4	0
739	00000004000800	10463014	36	2	0
740	00000004000840	10472804	9	3	0
741	000000040008c0	10462884	34	4	0
742	00000004000900	180610c4	24	3	0
743	00000004000940	18470084	6	4	0
744	000000040009c0	18460884	10	5	0
745	00000004080000	00473402	149	2	0
746	00000004080040	04472012	33	3	0
747	00000004080100	04471012	86	3	0
748	00000004080140	04470032	67	4	0
749	00000004080800	10473010	7	3	0
750	00000004080840	10472810	13	4	0
751	00000004080900	18471010	6	4	0
752	00000004080940	18478800	1	5	1
753	00000004180000	000e3412	417	3	0
754	000000041800c0	0c462012	34	5	0
755	00000004180100	04469012	163	4	0
756	000000041801c0	0c460032	39	6	0
757	00000004180800	10463030	21	4	0
758	000000041808c0	18462030	15	6	0
759	00000004180900	18461810	9	5	0
760	00000005000000	00063494	211	2	0
761	00000005000100	0c061034	96	3	0
762	00000005000800	18063014	15	3	0
763	00000005000900	18061094	16	4	0
764	00000005080000	000fb400	63	3	0
765	00000005080100	0c071030	30	4	0
766	00000005080800	18073010	6	4	0
767	00000005180000	000eb410	172	4	0
768	00000005180100	0c061830	60	5	0
769	00000005180800	18063030	15	5	0
770	00000008000000	0004249e	5401	1	0
771	00000008000200	0000b4ca	2030	2	0
772	00000008002000	1044300e	20	2	0
773	00000008002200	1040301e	4	3	0
774	00000008008000	1044209a	56	2	0
775	00000008008200	1040309a	28	3	0
776	0000000800a000	1045201a	39	3	0
777	0000000800a200	1041301a	5	4	0
778	00000008040000	0844301c	109	2	0
779	00000008200200	0401a41a	114	3	0
780	00000008800000	104824c8	61	2	0
781	00000008800200	104024d8	118	3	0
782	00000008808000	104828c8	1	3	0
783	00000008810000	100824d8	4	3	0
784	00000008c00000	1048248c	274	3	0
785	00000008c00200	10402c8c	282	4	0
786	00000008c08000	10482898	3	4	0
787	00000008c10000	10082c8c	15	4	0
788	00000008c10200	10812c88	1	5	1
789	00000008e00200	1401241c	63	5	0
790	0000000c000000	00043496	2282	2	0
791	0000000c000040	04452016	94	3	0
792	0000000c0000c0	04442096	220	4	0
793	0000000c000100	04449016	779	3	0
794	0000000c000140	04450036	288	4	0
795	0000000c0001c0	14440096	134	5	0
796	0000000c000800	10443094	52	3	0
797	0000000c000840	10452884	23	4	0
798	0000000c0008c0	10442894	73	5	0
799	0000000c000900	18441094	34	4	0
800	0000000c000940	18458880	1	5	1
801	0000000c002000	10443016	20	3	0
802	0000000c002040	10452016	7	4	0
803	0000000c002800	10443034	28	4	0
804	0000000c002840	10452814	10	5	0
805	0000000c008000	10443092	38	3	0
806	0000000c008040	10452092	7	4	0
807	0000000c0080c0	104420b2	18	5	0
808	0000000c008800	104430b0	28	4	0
809	0000000c008840	10452890	11	5	0
810	0000000c0088c0	104428b0	22	6	0
811	0000000c00a000	10453042	5	4	0
812	0000000c00a040	10452052	3	5	0
813	0000000c00a800	10453050	6	5	0
814	0000000c00a840	1045a050	6	6	0
815	0000000c080000	000d3412	507	3	0
816	0000000c080040	04452032	80	4	0
817	0000000c080100	04451032	232	4	0
818	0000000c080140	04458032	113	5	0
819	0000000c080800	18453010	6	4	0
820	0000000c080840	18452030	15	5	0
821	0000000c080900	18451810	5	5	0
822	0000000c08a000	10453012	28	5	0
823	0000000c08a040	10452032	12	6	0
824	0000000c08a800	10453030	15	6	0
825	0000000c08a840	1045a030	11	7	0
826	0000000c180000	080c3412	417	4	0
827	0000000c1800c0	0c442032	70	6	0
828	0000000c180100	0c441032	148	5	0
829	0000000c1801c0	1c440032	33	7	0
830	0000000c180800	18443030	15	5	0
831	0000000c1808c0	18442830	18	7	0
832	0000000c180900	18449810	4	6	0
833	0000000d000000	0004b494	604	3	0
834	0000000d000100	0c051034	126	4	0
835	0000000d000800	18043094	46	4	0
836	0000000d000900	18049884	1	5	1
837	0000000d080000	008d3410	179	4	0
838	0000000d080100	0c059030	50	5	0
839	0000000d080800	1805b010	7	5	0
840	0000000d180000	080c3c10	141	5	0
841	0000000d180100	1c041130	35	6	0
842	0000000d180800	1804b810	6	6	0
843	00000010000000	00023487	3131	1	0
844	00000010000020	00023097	1170	2	0
845	00000010000200	00003497	1211	2	0
846	00000010000220	000030b7	2057	3	0
847	00000010000420	08021097	19	3	0
848	00000010000820	00023895	268	3	0
849	00000010000a20	0000b1a5	164	4	0
850	00000010000c20	08029885	19	4	1
851	00000010002000	00083817	36	2	0
852	00000010002220	00403817	18	4	0
853	00000010002a20	0040b125	6	5	0
854	00000010004000	000830d5	26	2	0
855	00000010004a20	0001b885	10	5	0
856	00000010008000	000830b3	96	2	0
857	00000010008220	0000b893	69	4	0
858	00000010008a20	004031d1	70	5	0
859	0000001000a000	00493013	23	3	0
860	0000001000a220	0041b013	7	5	0
861	0000001000aa20	1041b011	3	6	0
862	0000001000c000	000838d1	48	3	0
863	0000001000ca20	1000b891	9	6	1
864	00000012000000	0002a4c3	3081	2	0
865	00000012000024	00432087	414	4	0
866	0000001200002c	00422097	770	5	0
867	00000012000200	0000a5d1	575	3	0
868	00000012000224	040181a5	360	5	0
869	0000001200022c	0040a097	367	6	0
870	00000012000824	00432885	76	5	0
871	0000001200082c	00422895	177	6	0
872	00000012000a24	0041a885	13	6	0
873	00000012000a2c	0840a1a1	18	7	0
874	00000012002000	10482017	2	3	0
875	00000012008000	0008a893	62	3	0
876	00000012008224	0041a093	7	6	0
877	0000001200822c	0040a893	12	7	0
878	00000012008a24	0041a891	12	7	0
879	00000012008a2c	00c0a981	9	8	0
880	0000001200a000	00c9a003	6	4	0
881	0000001200c000	1009a881	4	4	1
882	00000012010000	000a2495	54	3	0
883	00000012800000	104824c1	53	3	0
884	00000012800200	104024d1	51	4	0
885	00000012800224	140128c1	16	6	0
886	0000001280022c	140028c5	23	7	0
887	00000012800a24	184120c1	1	7	0
888	00000012800a2c	184020d1	3	8	0
889	00000012808000	104828c1	1	4	0
890	00000012808a24	104128c1	1	8	0
891	00000012810000	100824c5	5	4	0
892	00000012c00000	10482485	260	4	0
893	00000012c00200	10402c85	180	5	0
894	00000012c00224	14012885	68	7	0
895	00000012c0022c	14002895	62	8	0
896	00000012c00a24	10412885	7	8	0
897	00000012c00a2c	18402095	10	9	0
898	00000012c08000	10482891	5	5	0
899	00000012c08a24	10412891	4	9	0
900	00000012c08a2c	10c02981	1	10	1
901	00000012c10000	10082495	17	5	0
902	00000014000000	0002b4c2	667	2	0
903	00000014000030	04423016	262	4	0
904	00000014000100	044a9082	158	3	0
905	00000014000130	04429092	388	5	0
906	00000014000830	10423094	63	5	0
907	00000014080000	004b3402	126	3	0
908	00000014080030	04433012	45	5	0
909	00000014080100	044b1012	43	4	0
910	00000014080130	04431032	90	6	0
911	00000014080830	18433010	6	6	0
912	00000014180000	004a3412	304	4	0
913	00000014180030	04423032	113	6	0
914	00000014180100	044a9012	69	5	0
915	00000014180130	04c29012	76	7	0
916	00000014180830	18423030	15	7	0
917	00000015000000	000a3494	377	3	0
918	00000015000030	0c023034	64	5	0
919	00000015000100	0c0a1034	64	4	0
920	00000015000130	0c0210b4	103	6	0
921	00000015000830	18023094	26	6	0
922	00000015080000	04033430	101	4	0
923	00000015080030	0c033030	21	6	0
924	00000015080100	0c0b1030	21	5	0
925	00000015080130	0c039810	20	7	0
926	00000015180000	0402b520	176	5	0
927	00000015180030	0c023130	35	7	0
928	00000015180100	0c0a9030	31	6	0
929	00000015180130	1c029030	13	8	1
930	00000016000000	0042a4c2	502	3	0
931	00000016000002	00422496	266	4	0
932	00000016000074	04432046	34	7	0
933	00000016000076	04432016	60	8	0
934	000000160000fc	144220c2	15	9	0
935	000000160000fe	10422096	50	10	0
936	00000016000100	044b0016	132	4	0
937	00000016000174	0c430046	39	8	0
938	00000016000176	04430096	83	9	0
939	000000160001fc	1c4200c4	7	10	0
940	000000160001fe	1c420016	24	11	0
941	00000016000874	18432044	4	8	0
942	00000016000876	1043a880	14	9	0
943	000000160008fc	184220c4	10	10	0
944	000000160008fe	18422094	24	11	0
945	000000160200fc	044220c6	54	10	0
946	000000160200fe	04422096	95	11	0
947	000000160201fc	0cc200c2	2	11	0
948	000000160201fe	0c420096	8	12	0
949	00000016080000	00cb2402	88	4	0
950	00000016080002	04432412	98	5	0
951	00000016080076	04432032	78	9	0
952	00000016080100	044b8012	47	5	0
953	00000016080176	0c430032	50	10	0
954	00000016080876	1843a010	6	10	0
955	00000016180000	00ca2412	144	5	0
956	00000016180002	04c22412	95	6	0
957	000000161800fe	1842a012	27	12	0
958	00000016180100	0c4a0812	24	6	0
959	000000161801fe	1cc20012	6	13	1
960	000000161808fe	18c2a100	2	13	1
961	000000161a00fe	0c422032	35	13	0
962	0000001c000000	00083496	650	3	0
963	0000001c000100	14481016	150	4	0
964	0000001c000200	0000b5d0	1119	4	0
965	0000001c000230	10403096	199	6	0
966	0000001c000330	14401036	280	7	0
967	0000001c000a30	1040b094	54	7	0
968	0000001c002000	10483016	11	4	0
969	0000001c002230	10413016	4	7	0
970	0000001c008000	10483092	36	4	0
971	0000001c008230	104030d2	15	7	0
972	0000001c008a30	1040b890	16	8	1
973	0000001c00a000	10493042	2	5	0
974	0000001c080000	00493412	122	4	0
975	0000001c080100	14491012	34	5	0
976	0000001c080200	00c13412	189	5	0
977	0000001c080230	14413012	38	7	0
978	0000001c080330	14411032	62	8	0
979	0000001c080a30	18413810	7	8	0
980	0000001c08a000	10493012	9	6	0
981	0000001c08a230	10c13012	2	9	0
982	0000001c180000	08483412	123	5	0
983	0000001c180100	1c081032	31	6	0
984	0000001c180200	08c03412	107	6	0
985	0000001c180230	18403812	44	8	0
986	0000001c180330	1c401032	33	9	0
987	0000001c180a30	18c0b100	2	9	1
988	0000001d000000	00883494	338	4	0
989	0000001d000100	1c081094	41	5	0
990	0000001d000200	040034b4	336	5	0
991	0000001d000230	1c003034	49	7	0
992	0000001d000330	1c009884	25	8	0
993	0000001d080000	04093430	82	5	0
994	0000001d080100	1c091030	15	6	0
995	0000001d080200	0401b430	86	6	0
996	0000001d080230	1c013030	15	8	0
997	0000001d080330	1c811900	4	9	1
998	0000001d180000	0c083430	66	6	0
999	0000001d180100	1c089120	12	7	0
1000	0000001d180200	0c00b520	35	7	0
1001	0000001d180230	1c003130	20	9	0
1002	0000001e000000	004885d0	261	4	0
1003	0000001e000100	14480096	65	5	0
1004	0000001e000200	0040a5d0	167	5	0
1005	0000001e000202	00c1a482	175	6	0
1006	0000001e000274	14412046	17	9	0
1007	0000001e000276	14412016	32	10	0
1008	0000001e0002fc	144020c6	29	11	0
1009	0000001e0002fe	14402096	68	12	0
1010	0000001e000374	144100d2	19	10	0
1011	0000001e000376	14410036	49	11	0
1012	0000001e0003fc	1cc000c2	2	12	0
1013	0000001e0003fe	1cc08082	1	13	1
1014	0000001e000a76	1841a090	3	11	0
1015	0000001e000afc	1840a8c0	2	12	0
1016	0000001e000afe	1840a884	6	13	0
1017	0000001e008000	104820d2	24	5	0
1018	0000001e080000	00c9a402	70	5	0
1019	0000001e080100	14490032	32	6	0
1020	0000001e080202	0441a412	76	7	0
1021	0000001e080276	14412032	36	11	0
1022	0000001e080376	14c10112	25	12	0
1023	0000001e08a000	10c92012	2	7	1
1024	0000001e180000	08c8a402	51	6	0
1025	0000001e180100	1cc80012	6	7	0
1026	0000001e180202	0c40a412	33	8	0
1027	0000001e1802fe	1c402032	25	14	0
1028	0000001e800000	104824c4	55	5	0
1029	0000001e800100	144908c0	12	6	0
1030	0000001e800200	104025d0	63	6	0
1031	0000001e800274	14412844	13	10	0
1032	0000001e8002fc	144028c4	26	12	0
1033	0000001e800374	144108d0	13	11	0
1034	0000001e800a74	184128c0	2	11	0
1035	0000001e800afc	184028d0	2	13	0
1036	0000001ec00000	10482494	116	6	0
1037	0000001ec00100	14490884	24	7	0
1038	0000001ec00202	10c02d80	100	8	0
1039	0000001ec00276	14412814	20	12	0
1040	0000001ec002fe	14402894	34	14	0
1041	0000001ec00376	14c10980	16	13	0
1042	0000001ec00a76	18412884	6	13	0
1043	0000001ec00afe	18c02980	1	15	1
1044	0000001ec08000	10492890	3	7	0
1045	0000001ec80000	10c92500	38	7	0
1046	0000001ec80100	14c90810	12	8	0
1047	0000001ec80202	14412430	33	9	0
1048	0000001ec80276	14412830	16	13	0
1049	0000001ec80376	1cc10110	2	14	1
1050	0000001ed80000	18c82410	23	8	0
1051	0000001ed80202	1c402430	10	10	0
1052	0000001ed802fe	1c402130	10	16	1
1053	00000020000000	0002aec0	3824	1	0
1054	00000020000040	04250036	315	2	0
1055	00000020000080	04062286	298	2	0
1056	00000020000088	10a02292	132	3	0
1057	000000200000c0	04242036	556	3	0
1058	00000020000100	0c030252	225	2	0
1059	00000020000180	0c060216	43	3	0
1060	00000020000188	1c020286	8	4	0
1061	00000020000840	102520c4	11	3	0
1062	000000200008c0	1024a0c4	28	4	0
1063	00000020004000	100522c4	12	2	0
1064	00000020004080	1004a2c4	4	3	0
1065	00000020020088	04022296	136	4	0
1066	00000020020188	0c020296	6	5	0
1067	00000020100000	008e2602	82	2	0
1068	00000020100080	0c062212	21	3	0
1069	00000020100100	0c0e0212	15	3	0
1070	00000020100180	0c068212	13	4	0
1071	00000020200001	04012616	263	3	0
1072	00000020200089	14202216	23	5	0
1073	00000020200101	0c030216	26	4	0
1074	00000020200189	1c020216	1	6	0
1075	00000020220089	04a02216	28	6	0
1076	00000020300001	04822612	25	4	0
1077	00000020300089	1c022212	11	6	0
1078	00000020300189	1c820212	2	7	1
1079	00000020320089	0c022232	8	7	0
1080	00000021000000	0006a684	4939	2	0
1081	00000021000040	04252034	299	3	0
1082	00000021000080	04062294	338	3	0
1083	00000021000088	140023a4	141	4	0
1084	000000210000c0	042420b4	347	4	0
1085	00000021000100	080e0a84	331	3	0
1086	00000021000180	0c060294	44	4	0
1087	00000021000188	1c020a84	8	5	1
1088	00000021000840	102520a4	19	4	0
1089	000000210008c0	1024a0a4	36	5	0
1090	00000021004000	10052294	36	3	0
1091	00000021004080	1004a294	10	4	0
1092	00000021020088	040223a4	84	5	0
1093	00000021100000	008e2700	275	3	0
1094	00000021100080	0c062230	48	4	0
1095	00000021100100	0c0e0a10	29	4	0
1096	00000021100180	1c060320	16	5	0
1097	00000021200001	04012724	559	4	0
1098	00000021200089	14a0a300	20	6	0
1099	00000021200101	0c030324	32	5	0
1100	00000021220089	0c022324	17	7	0
1101	00000021300001	0c022720	32	5	0
1102	00000021300089	1c00a320	18	7	0
1103	00000021320089	0c02a320	4	8	1
1104	00000022000000	00282496	1408	2	0
1105	00000022000002	00a2a482	96	3	0
1106	00000022000044	042120c6	95	4	0
1107	00000022000046	04212096	54	5	0
1108	000000220000cc	142020c6	55	6	0
1109	000000220000ce	14202096	44	7	0
1110	00000022000844	182320c0	1	5	0
1111	000000220008cc	182228c0	3	7	0
1112	00000022010000	002a24c4	13	3	0
1113	000000220200cc	042020d6	65	7	0
1114	000000220200ce	042020b6	68	8	0
1115	00000022200003	04212416	92	5	0
1116	00000022200047	04212036	52	7	0
1117	000000222000cf	14a02016	26	9	0
1118	000000222200cf	04a22016	16	10	0
1119	00000023000000	002aac80	547	3	0
1120	00000023000002	0420a5a0	119	4	0
1121	00000023000046	0421a0a4	74	6	0
1122	000000230000ce	1420a1a0	34	8	0
1123	00000023000846	18232880	1	7	0
1124	000000230008ce	182220a4	1	9	1
1125	00000023010000	002b2484	15	4	0
1126	000000230200ce	04a2a180	24	9	0
1127	00000023200003	04232424	92	6	0
1128	00000023200047	0421a124	43	8	0
1129	000000232000cf	1c222014	19	10	0
1130	000000232200cf	0c222124	6	11	0
1131	00000023400000	042820b4	360	4	0
1132	00000023400002	04212494	77	5	0
1133	00000023400046	042121a4	41	7	0
1134	000000234000ce	14a02980	13	9	0
1135	00000023410000	00a92580	9	5	0
1136	000000234200ce	0ca02980	1	10	1
1137	00000023600003	04a12424	28	7	0
1138	00000023600047	14212124	4	9	1
1139	00000024000000	00062496	385	2	0
1140	00000024000040	0c072006	14	3	0
1141	000000240000c0	0c062016	76	4	0
1142	00000024000100	0c0e0016	65	3	0
1143	00000024000140	0c070016	36	4	0
1144	000000240001c0	0c060036	79	5	0
1145	00000024000840	18072044	2	4	0
1146	000000240008c0	180620c4	13	5	0
1147	00000024080000	008f2402	34	3	0
1148	00000024080040	0c072012	10	4	0
1149	00000024080100	0c0f0012	7	4	0
1150	00000024080140	0c070812	13	5	0
1151	00000024180000	008e2412	89	4	0
1152	000000241800c0	0c062032	26	6	0
1153	00000024180100	0c0e0032	16	5	0
1154	000000241801c0	0c860112	15	7	0
1155	00000025000000	000e2494	455	3	0
1156	00000025000040	0c072014	15	4	0
1157	000000250000c0	0c062034	49	5	0
1158	00000025000100	0c0e0094	76	4	0
1159	00000025000140	0c070094	42	5	0
1160	000000250001c0	0c060894	55	6	0
1161	00000025000840	18072014	12	5	0
1162	000000250008c0	18062094	29	6	0
1163	00000025000940	18078880	1	6	0
1164	000000250009c0	18068884	1	7	1
1165	00000025080000	04072430	118	4	0
1166	00000025080040	0c072030	21	5	0
1167	00000025080100	0c0f0030	21	5	0
1168	00000025080140	0c078810	18	6	0
1169	00000025080840	1807a800	3	6	0
1170	00000025180000	008ea500	201	5	0
1171	000000251800c0	0c062130	35	7	0
1172	00000025180100	0c0e8810	22	6	0
1173	000000251801c0	1c068030	14	8	0
1174	000000251808c0	18862900	3	8	1
1175	0000002c000000	0004a496	1046	3	0
1176	0000002c000040	0c052016	60	4	0
1177	0000002c0000c0	18042096	66	5	0
1178	0000002c000100	0c0d0016	83	4	0
1179	0000002c000140	0c050096	55	5	0
1180	0000002c0001c0	1c040036	48	6	0
1181	0000002c000840	180528c0	2	5	0
1182	0000002c0008c0	180428c4	7	6	0
1183	0000002c080000	008d2412	106	4	0
1184	0000002c080040	0c052032	20	5	0
1185	0000002c080100	0c0d0812	14	5	0
1186	0000002c080140	1c050032	11	6	0
1187	0000002c180000	088c2412	73	5	0
1188	0000002c1800c0	1c042032	15	7	0
1189	0000002c180100	1c0c0032	14	6	0
1190	0000002c1801c0	1c840112	6	8	0
1191	0000002d000000	000ca494	872	4	0
1192	0000002d000040	0c052034	48	5	0
1193	0000002d0000c0	1c042034	36	6	0
1194	0000002d000100	0c0d0094	77	5	0
1195	0000002d000140	0c058884	39	6	0
1196	0000002d0001c0	1c040894	22	7	0
1197	0000002d000840	18052884	10	6	0
1198	0000002d0008c0	18042894	15	7	0
1199	0000002d080000	0405a430	209	5	0
1200	0000002d080040	0c052920	31	6	0
1201	0000002d080100	0c0d8810	23	6	0
1202	0000002d080140	1c058030	14	7	0
1203	0000002d180000	088c2d00	125	6	0
1204	0000002d1800c0	1c042130	20	8	0
1205	0000002d180100	1c0c0830	18	7	0
1206	0000002d1801c0	1c848120	2	9	1
1207	00000036000000	000a2496	466	4	0
1208	00000036000002	04022496	70	5	0
1209	00000036000074	0c032052	24	8	0
1210	00000036000076	0c032086	8	9	0
1211	000000360000fc	188220c2	20	10	0
1212	000000360000fe	18022096	12	11	0
1213	00000036000100	0c0a0096	64	5	0
1214	00000036000174	1c0308c0	2	9	0
1215	00000036000176	0c030096	7	10	0
1216	000000360001fc	1c8200c2	1	11	0
1217	000000360001fe	1c020096	5	12	0
1218	00000036010000	008a2cc0	4	5	0
1219	000000360200fc	0c022056	34	11	0
1220	000000360200fe	0c022096	21	12	0
1221	000000360201fe	0c820096	1	13	1
1222	00000036080000	040b2412	26	5	0
1223	00000036080100	0c8b0012	8	6	0
1224	00000036180000	040aa412	56	6	0
1225	00000036180100	1c8a0012	4	7	1
1226	00000036200003	04822416	13	7	0
1227	00000036200077	0c032016	6	11	0
1228	000000362000ff	1c022016	6	13	0
1229	00000036200177	1c030016	2	12	0
1230	000000362001ff	1c820016	1	14	1
1231	000000362200ff	0c022036	7	14	0
1232	00000036280003	04832412	19	8	0
1233	00000036280077	0c032812	13	12	0
1234	00000036280177	1c838002	1	13	1
1235	00000036380003	0c02a412	22	9	0
1236	000000363800ff	1c022812	8	15	0
1237	000000363a00ff	0c822112	4	16	1
1238	00000037000000	008aa484	286	5	0
1239	00000037000002	0402a5a0	177	6	0
1240	00000037000076	0c032094	28	10	0
1241	000000370000fe	1c022094	21	12	0
1242	00000037000100	0c0a0894	55	6	0
1243	00000037000176	1c030884	9	11	1
1244	00000037010000	008b2c80	9	6	0
1245	000000370200fe	0c0220b4	35	13	0
1246	00000037080000	040b2520	64	6	0
1247	00000037080100	1c0b8800	4	7	1
1248	00000037180000	048a2510	86	7	0
1249	00000037200003	0c032414	26	8	0
1250	00000037200077	0c032124	11	12	0
1251	000000372000ff	1c022124	9	14	0
1252	000000372200ff	0c02a124	1	15	1
1253	00000037280003	0483a500	36	9	0
1254	00000037280077	0c03a120	18	13	0
1255	00000037380003	0c822510	23	10	0
1256	000000373800ff	1c02a120	6	16	1
1257	0000003e000000	0008a4c6	279	5	0
1258	0000003e000100	1c080892	12	6	0
1259	0000003e000200	0080a5d0	162	6	0
1260	0000003e000202	0400a496	68	7	0
1261	0000003e000274	1c0120c2	4	10	0
1262	0000003e000276	1c012086	7	11	0
1263	0000003e0002fc	1c0020d2	8	12	0
1264	0000003e0002fe	1c002096	16	13	0
1265	0000003e080000	0409a412	31	6	0
1266	0000003e080100	1c898002	1	7	1
1267	0000003e180000	0c08a412	26	7	0
1268	0000003e200203	0481a406	9	9	0
1269	0000003e200277	1c012016	2	13	0
1270	0000003e2002ff	1c80a006	1	15	0
1271	0000003e280203	0481a412	17	10	0
1272	0000003e280277	1c812012	4	14	0
1273	0000003e380203	0c80a412	8	11	0
1274	0000003e3802ff	1c80a012	2	17	1
1275	0000003e800000	140824c4	55	6	0
1276	0000003e800100	1c0908c0	1	7	0
1277	0000003e800200	140025d0	37	7	0
1278	0000003e800274	1c0120c4	6	11	0
1279	0000003e8002fc	1c0028c4	5	13	0
1280	0000003e810000	10882cc0	1	7	0
1281	0000003f000000	0408a494	106	6	0
1282	0000003f000100	1c098880	3	7	0
1283	0000003f000202	0401a494	68	8	0
1284	0000003f000276	1c01a084	6	12	0
1285	0000003f0002fe	1c00a0a4	11	14	0
1286	0000003f080000	0409a520	28	7	0
1287	0000003f180000	0c88a410	17	8	0
1288	0000003f200203	0c81a404	4	10	0
1289	0000003f280203	0481a520	15	11	0
1290	0000003f280277	1c81a100	1	15	1
1291	0000003f380203	1c80a410	4	12	0
1292	0000003fc00000	14082494	108	8	0
1293	0000003fc00100	1c090884	5	9	1
1294	0000003fc00202	140025a4	57	10	0
1295	0000003fc00276	1c012094	15	14	0
1296	0000003fc002fe	1c0028a4	4	16	1
1297	0000003fc10000	10882d80	3	9	1
1298	0000003fc80000	14092430	29	9	0
1299	0000003fd80000	1c082430	13	10	0
1300	0000003fe00203	1c012424	3	12	0
1301	0000003fe80203	14812d00	8	13	0
1302	0000003ff80203	1c802d00	1	14	1
1303	00000040000000	0000741e	27710	1	0
1304	0000004000000c	19222042	2	3	0
1305	00000040000030	19003016	8	3	0
1306	0000004000003c	19822042	1	5	0
1307	00000040000400	02209164	118	2	0
1308	00000040000800	01203164	486	2	0
1309	00000040000804	19232040	1	3	0
1310	0000004000080c	19222044	5	4	0
1311	00000040000830	1900b804	21	4	0
1312	0000004000083c	1982a040	1	6	1
1313	00000040000c00	18221064	5	3	1
1314	00000040004000	03007054	279	2	0
1315	00000040010000	00226c48	255	2	0
1316	00000040040000	0b00380c	27	2	0
1317	00000040080000	00817412	1157	2	0
1318	00000040080030	19033002	2	4	0
1319	00000040080830	19033010	7	5	0
1320	00000040084000	03017110	70	3	0
1321	00000040090000	02836410	7	3	0
1322	000000400c0000	0b01b010	5	3	0
1323	00000040180000	00807432	3112	3	0
1324	00000040180030	1900b802	11	5	0
1325	00000040180400	1a829002	1	4	1
1326	00000040180830	19023030	16	6	0
1327	00000040184000	03007910	83	4	0
1328	00000040190000	02826430	13	4	0
1329	000000401c0000	0b00b120	8	4	0
1330	00000040200000	0121a40a	1857	2	0
1331	00000040200001	0222a406	995	3	0
1332	00000040200003	01a02506	91	4	0
1333	00000040200007	19232002	1	5	0
1334	0000004020000f	19222006	6	6	0
1335	0000004020003f	19022016	2	8	0
1336	00000040200807	1923a000	1	6	0
1337	0000004020080f	19222024	3	7	1
1338	00000040210000	02222c0c	27	3	0
1339	00000040240000	0b00a128	3	3	0
1340	00000040240001	0b00a124	1	4	0
1341	00000040280001	0301a412	150	4	0
1342	00000040280003	09832402	8	5	0
1343	00000040380001	0282a502	312	5	0
1344	00000040380003	09822412	17	6	0
1345	0000004038003f	1982a002	1	10	1
1346	00000040400000	08a0640c	113	2	0
1347	00000040410000	00a0642c	106	3	0
1348	00000040600000	0a212c08	14	3	0
1349	00000040610000	12212c08	4	4	1
1350	00000040800000	1800644c	80	2	0
1351	00000040810000	1080644c	46	3	0
1352	00000040c00000	18006c0c	72	3	0
1353	00000040c10000	1080641c	56	4	0
1354	00000040c80000	18816410	14	4	0
1355	00000040c90000	10816510	6	5	0
1356	00000040d80000	18806130	25	5	0
1357	00000040d90000	10806530	7	6	0
1358	00000040e00000	1a012c08	3	4	1
1359	00000041000000	0200b524	644	2	0
1360	00000041000400	02219124	20	3	1
1361	00000041000800	08223034	27	3	1
1362	00000041080000	0203bc00	31	3	0
1363	00000041180000	0282b410	68	4	0
1364	00000041200001	02a2a500	72	4	0
1365	00000041210001	12a22c00	2	5	1
1366	00000041280001	0a03ac00	9	5	0
1367	00000041380001	0a02ad00	23	6	0
1368	00000041600001	1aa02c00	2	5	1
1369	00000048000200	0880b448	15	3	0
1370	00000054000000	08823406	7	3	0
1371	00000054000030	18023016	2	5	0
1372	00000054180000	08823412	3	5	0
1373	00000054180030	1882b002	1	7	1
1374	00000055000000	1802b404	3	4	0
1375	00000055080000	18833400	1	5	0
1376	00000055180000	18823500	2	6	1
1377	0000005c000200	1880b440	1	5	0
1378	0000005c180200	1880b402	1	7	1
1379	00000062000000	08a22442	4	3	0
1380	00000062200003	18a22402	1	6	1
1381	00000076000000	1882a440	1	5	1
1382	00000080000000	1008401f	2839	1	0
1383	00000080001000	1000403f	4190	2	0
1384	00000080001040	10358880	6	3	0
1385	00000080001080	18148a80	1	3	0
1386	000000800010c0	10348086	16	4	1
1387	00000080001200	18018889	1	3	1
1388	00000080001400	10308283	13	3	0
1389	00000080001800	18048885	7	3	0
1390	00000080004000	1008c285	301	2	0
1391	00000080005000	10044295	283	3	0
1392	00000080005400	10118a81	1	4	1
1393	00000080008000	1018009b	62	2	0
1394	00000080009000	1010888b	64	3	0
1395	0000008000c000	101c0891	24	3	0
1396	0000008000d000	101480d1	15	4	0
1397	00000080010000	102808c9	32	2	0
1398	00000080011000	103008c9	17	3	0
1399	00000080080000	108d4012	16	2	0
1400	00000080081000	10854032	16	3	0
1401	00000080084000	108d4900	3	3	0
1402	00000080085000	1085c110	2	4	1
1403	00000080100000	108c4212	19	2	0
1404	00000080101000	10844232	16	3	0
1405	00000080104000	108c4310	4	3	0
1406	00000080105000	1084c310	1	4	1
1407	00000080180000	108c4032	35	3	0
1408	00000080181000	10844132	25	4	1
1409	00000080184000	108c4910	3	4	1
1410	00000080400000	1828008d	72	2	0
1411	00000080401000	1820408d	37	3	0
1412	00000080410000	1028408d	86	3	0
1413	00000080411000	10214889	39	4	0
1414	00000080800000	180808c9	42	2	0
1415	00000080801000	180040d9	40	3	0
1416	00000080810000	100848c9	2	3	0
1417	00000080811000	101048c9	2	4	0
1418	00000080814000	101848c1	1	4	0
1419	00000080818000	101808c9	1	4	0
1420	00000080c00000	1808088d	124	3	0
1421	00000080c01000	1800488d	64	4	0
1422	00000080c10000	1008488d	27	4	0
1423	00000080c11000	1010488d	19	5	0
1424	00000080c14000	10184885	8	5	0
1425	00000080c15000	10904981	1	6	1
1426	00000080c18000	10180899	5	5	0
1427	00000088000000	180c001e	45	2	0
1428	00000088001000	1804888c	2	3	1
1429	000000a0000000	102c0096	14	2	0
1430	000000a1000000	182c8880	2	3	1
1431	000000c0001000	18804056	15	3	1
1432	00000100000000	0004605d	43947	1	0
1433	00000100000010	051300d0	70	2	0
1434	00000100000012	05130094	185	3	0
1435	00000100000024	050100b5	261	3	0
1436	0000010000002c	050020b5	346	4	0
1437	00000100000034	05430054	48	4	0
1438	00000100000036	05430034	61	5	0
1439	0000010000003c	154000d4	20	5	0
1440	0000010000003e	154000b4	35	6	0
1441	00000100000040	041501a4	191	2	0
1442	00000100000050	041320c4	24	3	0
1443	00000100000052	04132094	59	4	0
1444	000001000000c0	04162094	142	3	0
1445	000001000000d0	105220d0	9	4	0
1446	000001000000d2	10522094	20	5	0
1447	00000100000800	004420b5	413	2	0
1448	00000100000824	01032095	69	4	0
1449	0000010000082c	010221a5	102	5	0
1450	00000100000834	114120c4	8	5	0
1451	00000100000836	11412094	19	6	0
1452	0000010000083c	114020d4	14	6	0
1453	0000010000083e	114020b4	20	7	0
1454	00000100002000	0045201d	1165	2	0
1455	00000100002800	01442035	134	3	0
1456	00000100002824	01c12045	17	5	0
1457	0000010000282c	11402125	10	6	1
1458	00000100002834	11c12140	1	6	1
1459	00000100004000	000460d5	3405	2	0
1460	00000100004010	111021d0	2	3	1
1461	00000100004040	10152094	4	3	0
1462	000001000040c0	101420d4	4	4	0
1463	00000100004800	010420d5	56	3	0
1464	00000100004824	11012095	5	5	0
1465	0000010000482c	110020d5	6	6	1
1466	00000100006000	010c2055	141	3	0
1467	00000100006800	11042055	20	4	0
1468	00000100008000	000c20b9	559	2	0
1469	00000100008040	10552030	15	3	0
1470	000001000080c0	105420b0	11	4	0
1471	00000100008800	004421d1	33	3	0
1472	0000010000a000	00452059	86	3	0
1473	0000010000a800	10452031	10	4	0
1474	0000010000c000	000d20d1	131	3	0
1475	0000010000c040	101520d0	4	4	0
1476	0000010000c0c0	101421d0	4	5	1
1477	0000010000c800	100520d1	7	4	1
1478	0000010000e000	108d2011	7	4	0
1479	00000100010000	0002609d	1299	2	0
1480	00000100020000	0412209c	69	2	0
1481	00000100020010	051220c4	11	3	0
1482	00000100020012	05122094	25	4	0
1483	0000010002003c	054220c4	7	6	0
1484	0000010002003e	05422094	10	7	0
1485	000001000200d0	041220d4	8	5	0
1486	000001000200d2	041221a4	14	6	0
1487	00000100040000	014c208c	150	2	0
1488	00000100042000	014d200c	47	3	0
1489	00000100080000	03056030	1127	2	0
1490	00000100080036	05432030	29	6	0
1491	00000100080800	11472010	5	3	0
1492	00000100080836	11c32010	2	7	1
1493	00000100082000	11492030	41	3	0
1494	00000100082800	11452030	7	4	0
1495	00000100084000	03056110	50	3	0
1496	0000010008a000	12452030	10	4	0
1497	00000100090000	108b6100	2	3	0
1498	000001000c2000	03452030	17	4	0
1499	00000100180000	03066030	1080	3	0
1500	00000100184000	030c6110	32	4	0
1501	00000100190000	108a6030	6	4	0
1502	00000100800000	104040d9	1357	2	0
1503	00000100800050	141120c4	21	4	0
1504	000001008000d0	141020d4	10	5	0
1505	00000100800200	104020cd	36	3	0
1506	00000100802000	1048204d	1	3	0
1507	00000100808000	104820c9	33	3	0
1508	00000100808200	104020d9	5	4	0
1509	0000010080a000	10492049	2	4	0
1510	0000010080a200	10c12049	1	5	1
1511	00000100810000	100060cd	102	3	0
1512	00000100814000	100860c5	101	4	0
1513	00000100818000	100820d9	17	4	0
1514	0000010081c000	101820d1	4	5	0
1515	00000100c00000	1040601d	3303	3	0
1516	00000100c00052	14112094	40	6	0
1517	00000100c000d2	141021a4	15	7	0
1518	00000100c00200	1040209d	85	4	0
1519	00000100c02000	1048201d	6	4	0
1520	00000100c08000	10482099	134	4	0
1521	00000100c08200	104020b9	9	5	0
1522	00000100c0a000	10492019	11	5	0
1523	00000100c10000	1000609d	380	4	0
1524	00000100c14000	10086095	190	5	0
1525	00000100c18000	100820b9	57	5	0
1526	00000100c1a000	12892009	1	6	1
1527	00000100c1c000	10192091	13	6	0
1528	00000100c80000	10496030	102	4	0
1529	00000100c90000	10896120	2	5	0
1530	00000100c94000	10896110	3	6	0
1531	00000100d80000	10c06130	67	5	0
1532	00000100d90000	10886130	3	6	0
1533	00000100d94000	12886110	1	7	1
1534	00000104000000	044e2084	19	2	0
1535	00000104000040	04472014	18	3	0
1536	000001040000c0	04462094	21	4	0
1537	00000104000100	044f0014	24	3	0
1538	00000104000140	04470034	43	4	0
1539	000001040001c0	14460094	12	5	0
1540	00000104000840	10472014	13	4	0
1541	000001040008c0	10462094	15	5	0
1542	00000104080000	044f2010	9	3	0
1543	00000104080040	04472030	10	4	0
1544	00000104080100	044f0030	10	4	0
1545	00000104080140	04c70110	8	5	0
1546	00000104080840	10472030	5	5	0
1547	00000108000000	0444209c	175	2	0
1548	00000108002000	1045201c	6	3	0
1549	00000108008000	104420b8	21	3	0
1550	0000010800a000	10452038	15	4	0
1551	00000108800000	144800d8	9	3	0
1552	00000108800200	144020cc	20	4	0
1553	00000108808000	104820d8	3	4	0
1554	00000108c00000	1049208c	30	4	0
1555	00000108c00200	1440209c	39	5	0
1556	00000108c08000	10492098	6	5	0
1557	0000010c000000	044c2094	45	3	0
1558	0000010c000040	04452034	46	4	0
1559	0000010c0000c0	044420b4	35	5	0
1560	0000010c000100	044d0034	61	4	0
1561	0000010c000140	044500b4	62	5	0
1562	0000010c0001c0	144400b4	18	6	0
1563	0000010c000840	10452094	5	5	0
1564	0000010c0008c0	104420b4	10	6	0
1565	0000010c002000	104d2014	5	4	0
1566	0000010c002840	10452034	9	6	0
1567	0000010c008000	104c20b0	15	4	0
1568	0000010c008840	104520b0	10	6	0
1569	0000010c0088c0	104420f0	8	7	0
1570	0000010c00a000	104d2050	4	5	0
1571	0000010c00a840	10452150	4	7	0
1572	0000010c080000	044d2030	10	4	0
1573	0000010c080040	04452130	10	5	0
1574	0000010c080100	044d0130	10	5	0
1575	0000010c080140	04c50130	5	6	1
1576	0000010c08a000	104d2030	6	6	0
1577	0000010c08a840	10c52110	2	8	1
1578	00000112000000	004a2095	184	3	0
1579	00000112000024	04032095	87	5	0
1580	0000011200002c	040220b5	77	6	0
1581	00000112000824	00432095	13	6	0
1582	0000011200082c	10422095	9	7	1
1583	00000112010000	100a2095	11	4	1
1584	00000112800000	104820c5	26	4	0
1585	00000112800224	140120c5	19	7	0
1586	0000011280022c	140020d5	13	8	0
1587	00000112808000	104820d1	5	5	0
1588	00000112c00000	10482095	74	5	0
1589	00000112c00224	14012095	40	8	0
1590	00000112c0022c	140020b5	20	9	0
1591	00000112c08000	104820b1	10	6	0
1592	00000116000000	044a2094	57	4	0
1593	00000116000074	04432054	21	8	0
1594	00000116000076	04432034	25	9	0
1595	000001160000fc	144220c4	5	10	0
1596	000001160000fe	14422094	10	11	0
1597	00000116000100	044b0094	22	5	0
1598	00000116000174	144300d0	2	9	0
1599	00000116000176	14c30090	2	10	0
1600	000001160200fc	044220d4	10	11	0
1601	000001160200fe	044220b4	10	12	0
1602	00000116080000	044b2030	10	5	0
1603	00000116080076	04432130	10	10	0
1604	00000116080100	14cb0010	3	6	0
1605	0000011e800000	144820c4	11	6	0
1606	0000011e800100	144900c4	9	7	0
1607	0000011e800274	14412054	15	11	0
1608	0000011e8002fc	144020d4	9	13	0
1609	0000011e800374	144101d0	2	12	0
1610	0000011e808000	104920d0	2	7	0
1611	0000011ec00000	14482094	19	7	0
1612	0000011ec00100	14490094	14	8	0
1613	0000011ec00276	14412034	16	13	0
1614	0000011ec002fe	144020b4	10	15	0
1615	0000011ec00376	14c10190	1	14	1
1616	0000011ec08000	10c92090	2	8	1
1617	0000011ec80000	14492030	6	8	0
1618	0000011ec80100	14c90110	2	9	1
1619	0000011ec80276	14412130	4	14	0
1620	00000140000000	0302601c	127	2	0
1621	00000140004000	03806054	28	3	0
1622	00000140010000	12826018	5	3	0
1623	00000140080000	03816120	12	3	0
1624	00000140084000	03816110	4	4	0
1625	00000140180000	03806130	15	4	0
1626	00000140184000	13806110	1	5	1
1627	00000140810000	12806148	1	4	0
1628	00000140c10000	12806118	2	5	1
1629	00000180000000	100c401d	149	2	0
1630	00000180001000	1004403d	195	3	0
1631	00000180004000	100c4095	98	3	0
1632	00000180005000	10144055	64	4	0
1633	00000180008000	101c0099	16	3	0
1634	00000180009000	101400b9	20	4	0
1635	0000018000c000	101c00d1	8	4	1
1636	00000180080000	108d4120	1	3	0
1637	00000180084000	108d4110	1	4	1
1638	00000180180000	108c4130	1	4	1
1639	00000180810000	100840cd	22	4	0
1640	00000180811000	101040d9	10	5	0
1641	00000180814000	101840d1	7	5	0
1642	00000180815000	109040d1	1	6	1
1643	00000180818000	101800d9	2	5	0
1644	00000180c10000	1008409d	62	5	0
1645	00000180c11000	101040ad	23	6	0
1646	00000180c14000	10184095	10	6	0
1647	00000180c18000	10980099	3	6	1
1648	00000200000000	004a2216	6495	1	0
1649	00000200000008	11402216	118	2	0
1650	00000200000010	11502046	43	2	0
1651	00000200000012	11502016	153	3	0
1652	0000020000003c	11c22042	48	5	0
1653	0000020000003e	11422016	47	6	0
1654	00000200000080	04442216	181	2	0
1655	00000200000088	14402216	33	3	0
1656	000002000000c0	04542016	156	3	0
1657	000002000000d0	14502046	8	4	0
1658	000002000000d2	10d2a002	51	5	0
1659	00000200000100	044e8204	12	2	0
1660	00000200000180	14440216	31	3	0
1661	00000200000800	11462804	11	2	0
1662	0000020000083c	1142a044	3	6	0
1663	0000020000083e	1142a014	5	7	0
1664	00000200002000	014c001e	603	2	0
1665	0000020000203c	11c02046	5	6	0
1666	0000020000203e	1140a016	5	7	0
1667	00000200002800	11442814	35	3	0
1668	0000020000283c	11c0a044	4	7	0
1669	0000020000283e	1140a124	2	8	0
1670	00000200020000	0440221e	470	2	0
1671	00000200020008	05400236	100	3	0
1672	00000200020010	05520052	18	3	0
1673	00000200020012	05520016	59	4	0
1674	0000020002003c	05422046	20	6	0
1675	0000020002003e	05422016	18	7	0
1676	00000200020080	04502216	52	3	0
1677	00000200020088	0440a216	18	4	0
1678	000002000200d0	04522052	15	5	0
1679	000002000200d2	04522016	42	6	0
1680	00000200040000	004ca20c	246	2	0
1681	00000200042000	014c280c	180	3	0
1682	00000200100000	004e2212	1096	2	0
1683	00000200100008	11402232	125	3	0
1684	00000200100080	04462212	49	3	0
1685	00000200100088	10c2a202	22	4	0
1686	00000200100100	04ce8200	9	3	0
1687	00000200100180	14460212	10	4	0
1688	00000200120008	05402232	79	4	0
1689	00000200120088	04422232	14	5	0
1690	00000200140000	01482330	117	3	0
1691	00000200180000	03422032	1022	3	0
1692	0000020018003e	1142a012	86	8	0
1693	00000200180800	11462810	12	4	0
1694	0000020018083e	1142a120	5	9	0
1695	00000200182000	0340a032	293	4	0
1696	0000020018203e	11c02112	6	9	0
1697	00000200182800	11442830	20	5	0
1698	0000020018283e	11c0a120	2	10	1
1699	000002001a003e	05422032	34	9	0
1700	000002001c2000	0340a130	68	5	0
1701	00000200800000	1450084c	3	2	0
1702	000002008000d0	14502844	1	5	0
1703	00000200c00000	1058280c	23	3	0
1704	00000200c000d2	14502814	4	7	0
1705	00000204000000	044e2006	12	2	0
1706	000002040000c0	04462016	47	4	0
1707	00000204000100	044e8006	9	3	0
1708	000002040001c0	04468016	22	5	0
1709	000002040008c0	1046a014	8	5	0
1710	00000204180000	044e2012	33	4	0
1711	000002041800c0	04462032	53	6	0
1712	00000204180100	044e8012	20	5	0
1713	000002041801c0	04c68012	19	7	0
1714	000002041808c0	10c6a010	4	7	0
1715	00000208000000	0444201e	48	2	0
1716	00000208000200	1440201e	10	3	0
1717	00000208002000	1044201e	21	3	0
1718	00000208c00000	1448280c	1	4	0
1719	0000020c000000	044c2016	21	3	0
1720	0000020c0000c0	04442036	62	5	0
1721	0000020c000100	144c0016	18	4	0
1722	0000020c0001c0	14440036	33	6	0
1723	0000020c002000	104c2016	18	4	0
1724	0000020c0020c0	10442036	15	6	0
1725	0000020c0028c0	1044a124	7	7	0
1726	00000216000000	044a2016	31	4	0
1727	000002160000fc	14c22042	2	10	0
1728	000002160000fe	14422016	6	11	0
1729	000002160200fc	04c22046	3	11	0
1730	000002160200fe	0442a016	5	12	0
1731	00000216180000	044a2032	44	6	0
1732	000002161800fe	1442a012	13	13	0
1733	00000216180100	14ca8002	1	7	0
1734	000002161a00fe	04c22112	5	14	0
1735	0000021e000000	14482016	13	5	0
1736	0000021e000100	14c80016	2	6	0
1737	0000021e0002fc	14402056	2	12	0
1738	0000021e0002fe	14402036	9	13	0
1739	0000021e800000	14482844	1	6	0
1740	0000021ec00000	14482814	3	7	0
1741	00000300000000	014a201c	2437	2	0
1742	00000300000010	11502054	33	3	0
1743	00000300000012	11502034	52	4	0
1744	0000030000003c	15402054	20	6	0
1745	0000030000003e	15402034	10	7	0
1746	000003000000c0	04542034	86	4	0
1747	000003000000d0	14522044	5	5	0
1748	000003000000d2	14522014	10	6	0
1749	00000300000800	11462014	12	3	0
1750	0000030000083c	11c22044	2	7	1
1751	00000300002000	1144003c	222	3	0
1752	00000300002800	11442034	20	4	0
1753	00000300020000	0452201c	51	3	0
1754	00000300020010	05520054	11	4	0
1755	00000300020012	05520124	16	5	0
1756	0000030002003c	05422054	10	7	0
1757	0000030002003e	05422034	6	8	0
1758	000003000200d0	04522150	2	6	0
1759	000003000200d2	04522124	4	7	0
1760	00000300042000	014c201c	97	4	0
1761	00000300180000	03462030	318	4	0
1762	0000030018003e	15402130	10	9	0
1763	00000300180800	11462030	6	5	0
1764	00000300182000	11482130	38	5	0
1765	00000300182800	11442130	4	6	1
1766	000003001a003e	05422130	4	10	0
1767	000003001c2000	03442130	13	6	0
1768	00000300800000	1450204c	6	3	0
1769	000003008000d0	14502054	2	6	0
1770	00000300c00000	10d8200c	35	4	0
1771	00000300c000d2	14502124	4	8	0
1772	00000304000000	044e2014	20	3	0
1773	000003040000c0	04462034	25	5	0
1774	00000304000100	144e0014	9	4	0
1775	000003040001c0	14460054	8	6	0
1776	000003040008c0	10c62014	5	6	0
1777	00000304180000	044e2030	16	5	0
1778	000003041800c0	04462130	10	7	0
1779	00000304180100	144e0030	6	6	0
1780	000003041801c0	14c60110	1	8	1
1781	00000308000000	0444203c	36	3	0
1782	00000308002000	1044203c	14	4	0
1783	00000308800000	1448204c	1	4	0
1784	00000308c00000	1448201c	4	5	0
1785	00000308c00200	14c0210c	1	6	0
1786	0000030c000000	044c2034	15	4	0
1787	0000030c0000c0	04442074	20	6	0
1788	0000030c000100	144c0034	10	5	0
1789	0000030c0001c0	14440154	6	7	0
1790	0000030c002000	104c2034	10	5	0
1791	0000030c0028c0	10c42054	3	8	0
1792	00000316000000	044a2054	19	5	0
1793	00000316180000	04ca2110	8	7	0
1794	0000031e800000	14482054	3	7	0
1795	0000031ec00000	14482034	6	8	0
1796	00000400000000	020da202	3280	1	0
1797	00000400000010	05130844	28	2	0
1798	00000400000040	04150036	273	2	0
1799	00000400000050	0413a840	10	3	0
1800	00000400004000	0215a300	324	2	0
1801	00000400004040	1015a014	5	3	0
1802	00000400008000	1015201a	62	2	0
1803	00000400008040	1015a012	4	3	0
1804	0000040000c000	101d2810	30	3	0
1805	0000040000c040	1095a040	3	4	0
1806	00000400010000	101b2808	1	2	0
1807	00000400040000	0205a308	29	2	0
1808	00000400044000	03052214	44	3	0
1809	00000400200000	0301a20a	719	2	0
1810	00000400200001	03012216	1066	3	0
1811	00000400200013	05130016	124	5	0
1812	00000400200053	04132016	63	6	0
1813	00000400204001	03112a04	46	4	0
1814	00000400208000	1211a108	2	3	0
1815	00000400208001	1291a002	1	4	0
1816	00000400210000	12132808	1	3	0
1817	00000400240000	0301a20c	4	3	0
1818	00000400240001	0301a320	1	4	0
1819	00000400244001	0381a204	3	5	1
1820	00000400800000	1411084c	13	2	0
1821	00000400800050	14112844	3	4	0
1822	00000400c00000	1419080c	25	3	0
1823	00000400c18000	12192808	1	5	0
1824	00000400e00000	1411081c	16	4	0
1825	00000400e00001	16110824	8	5	0
1826	00000400e00053	14112814	6	8	0
1827	00000401000000	020fa200	89	2	0
1828	00000401004000	12052a04	16	3	0
1829	00000401044000	028da200	1	4	0
1830	00000401200001	06012324	76	4	0
1831	00000420000000	04012256	252	2	0
1832	00000420004000	100d2244	3	3	0
1833	00000420200001	04012236	68	4	0
1834	00000421000000	04052234	213	3	0
1835	00000421004000	100d2214	13	4	0
1836	00000421200001	0401a324	81	5	0
1837	00000480000000	101d000e	8	2	0
1838	00000480004000	109d8200	1	3	0
1839	00000480008000	101d800a	6	3	0
1840	00000480009000	10958108	1	4	0
1841	0000048000c000	109d8100	1	4	0
1842	00000500000000	0315200c	900	2	0
1843	00000500000010	05132044	15	3	0
1844	00000500000040	04152034	91	3	0
1845	00000500000050	14132050	2	4	0
1846	00000500004000	03152014	79	3	0
1847	00000500008000	101d2018	16	3	0
1848	0000050000c000	101d2050	9	4	0
1849	00000500010000	121b2008	1	3	0
1850	00000500200000	0413202c	84	3	0
1851	00000500200001	06932100	52	4	0
1852	00000500200013	05132014	33	6	0
1853	00000500200053	14132024	4	7	0
1854	00000500800000	1411204c	19	3	0
1855	00000500c00000	1419002c	34	4	0
1856	00000500e00000	1411201c	16	5	0
1857	00000500e00001	16112024	6	6	0
1858	00000500e00053	14112124	1	9	0
1859	00000580008000	109d0108	1	4	0
1860	00000600000000	0204a216	5309	2	0
1861	00000600000008	1180a242	38	3	0
1862	00000600000010	1190a042	62	3	0
1863	00000600000080	04162206	147	3	0
1864	000006000000c0	04162016	257	4	0
1865	000006000000d0	1410a844	8	5	0
1866	00000600004000	0214aa04	679	3	0
1867	00000600004080	1014a214	6	4	0
1868	000006000040c0	1094a044	3	5	0
1869	00000600010000	101a280c	3	3	0
1870	00000600020000	0412284a	52	3	0
1871	00000600020008	05022246	21	4	0
1872	00000600020010	05122046	22	4	0
1873	00000600020080	0412aa40	4	4	0
1874	000006000200d0	0412a844	3	6	0
1875	00000600040000	020ca20c	58	3	0
1876	00000600044000	03042a14	42	4	0
1877	00000600100000	020e2212	431	3	0
1878	00000600104000	11042b10	49	4	0
1879	00000600140000	0304a230	15	4	0
1880	00000600144000	0304a310	24	5	0
1881	00000600200000	0212aa08	852	3	0
1882	00000600200001	0300a216	992	4	0
1883	00000600200009	1180a206	30	5	0
1884	00000600200013	1110a124	151	6	0
1885	00000600200081	14102216	38	5	0
1886	000006002000d3	14102816	45	8	0
1887	00000600204001	0310a214	60	5	0
1888	00000600210000	12922808	1	4	1
1889	00000600220000	0412201e	170	4	0
1890	00000600220001	05120216	56	5	0
1891	00000600220009	05022216	19	6	0
1892	00000600220013	05120816	66	7	0
1893	00000600220081	04122216	18	6	0
1894	000006002200d3	04122816	14	9	0
1895	00000600240000	0300a30c	5	4	0
1896	00000600240001	0300a324	1	5	0
1897	00000600300001	0302a212	136	5	0
1898	00000600300009	1180a302	59	6	0
1899	00000600304001	1300a310	6	6	0
1900	00000600320009	05022232	29	7	0
1901	00000600340001	0380a320	1	6	1
1902	00000600800000	1410284c	7	3	0
1903	000006008000d0	14902844	1	6	0
1904	00000600c00000	1418081c	18	4	0
1905	00000600e00000	1410092c	11	5	0
1906	00000600e00001	16102814	4	6	0
1907	00000600e000d3	14102924	2	10	0
1908	00000601000000	020ea204	55	3	0
1909	00000601004000	1204a214	9	4	0
1910	00000601040000	0204a324	1	4	0
1911	00000601044000	028ca204	1	5	0
1912	00000601100000	020eaa00	57	4	0
1913	00000601200001	0600a324	10	5	0
1914	00000601300001	0602a320	13	6	0
1915	00000620000000	040a2216	35	3	0
1916	00000620000080	04062216	41	4	0
1917	00000620000088	14822242	1	5	0
1918	00000620004000	100ca244	2	4	0
1919	00000620100000	040aa212	22	4	0
1920	00000620100080	04062232	18	5	0
1921	00000620200089	14022216	5	7	0
1922	00000620220089	04822216	1	8	1
1923	00000620300089	14822212	5	8	0
1924	00000621000000	040e2214	31	4	0
1925	00000621000080	04062324	28	5	0
1926	00000621004000	100ca214	7	5	0
1927	00000621100000	040aa320	43	5	0
1928	00000621100080	0406a320	21	6	0
1929	00000680000000	101c001e	20	3	0
1930	00000680001000	1014812c	3	4	0
1931	00000680004000	109c8104	1	4	0
1932	00000700000000	0314201c	1503	3	0
1933	00000700000010	15102054	15	4	0
1934	000007000000c0	04162034	57	5	0
1935	00000700004000	03142054	118	4	0
1936	00000700010000	109a2108	3	4	1
1937	00000700020000	0512204c	5	4	0
1938	00000700020010	05122054	10	5	0
1939	00000700200000	06922108	104	4	0
1940	00000700200001	07102034	60	5	0
1941	00000700200013	15102034	21	7	0
1942	000007002000d3	14122124	1	9	0
1943	00000700220000	0412212c	12	5	0
1944	00000700220013	05122034	10	8	0
1945	00000700800000	1418204c	4	4	0
1946	00000700c00000	1418012c	15	5	0
1947	00000700e00000	1410212c	3	6	0
1948	00000700e00001	16102124	1	7	0
1949	00000700e000d3	14902124	1	11	1
1950	00000780000000	101c012c	2	4	0
1951	00000800000000	0300288e	3798	1	0
1952	00000800000030	05023016	289	3	0
1953	00000800000034	050320c2	6	4	0
1954	00000800000036	05032086	41	5	0
1955	0000080000003c	1180a0c2	23	5	0
1956	0000080000003e	11022096	78	6	0
1957	00000800000800	110428a4	60	2	0
1958	00000800000830	110030b4	57	4	0
1959	00000800000836	1103a880	2	6	0
1960	0000080000083c	1182a0c0	1	6	0
1961	0000080000083e	1102a884	4	7	1
1962	00000800002000	0304300e	246	2	0
1963	00000800002800	11043034	13	3	0
1964	00000800004000	11082894	186	2	0
1965	00000800004800	11042894	64	3	0
1966	00000800004830	110030d4	54	5	0
1967	00000800006000	11083054	75	3	0
1968	00000800006800	11043054	36	4	0
1969	00000800008000	1200309a	164	2	0
1970	0000080000a000	1205300a	12	3	0
1971	0000080000c000	120430d0	18	3	0
1972	0000080000e000	12053840	3	4	0
1973	00000800010000	100a288c	7	2	0
1974	00000800020000	0402209e	60	2	0
1975	0000080002003c	050220c6	18	6	0
1976	0000080002003e	05022096	46	7	0
1977	00000800040000	0300309c	178	2	0
1978	00000800042000	0304301c	94	3	0
1979	00000800044000	030030d4	216	3	0
1980	00000800046000	03043054	77	4	0
1981	00000800080000	03073002	187	2	0
1982	00000800080030	05033012	49	4	0
1983	00000800080800	11073010	6	3	0
1984	00000800082000	03053012	32	3	0
1985	00000800082800	11053030	5	4	0
1986	00000800086000	1109b010	23	4	0
1987	00000800086800	11053110	10	5	0
1988	0000080008a000	12053012	9	4	0
1989	000008000c2000	03053820	4	4	0
1990	000008000c6000	03053810	22	5	0
1991	00000800180000	03063012	422	3	0
1992	00000800180030	05023032	91	5	0
1993	00000800180800	11063030	15	4	0
1994	00000800182000	03043032	103	4	0
1995	00000800182800	11043130	10	5	0
1996	00000800186000	1108b110	44	5	0
1997	00000800186800	11043910	10	6	0
1998	000008001c2000	0304b030	17	5	0
1999	000008001c6000	0304b110	28	6	0
2000	00000800800000	160028c8	5	2	0
2001	00000800c00000	1600288c	7	3	0
2002	00000800c18000	12092888	1	5	1
2003	00000801000000	060030b4	654	2	0
2004	00000801002000	12043824	5	3	0
2005	00000801004000	1200b884	24	3	0
2006	00000801006000	12043814	21	4	0
2007	00000801008000	1200b1a0	19	3	0
2008	0000080100c000	1200b890	68	4	0
2009	00000801010000	128a2880	1	3	1
2010	00000801080000	06013830	124	3	0
2011	0000080108a000	1205b020	2	5	0
2012	0000080108e000	12053810	13	6	0
2013	00000801180000	0602b030	95	4	0
2014	00000801c00000	160028a4	16	4	0
2015	00000804000000	04063016	112	2	0
2016	00000804000800	100630c4	8	3	0
2017	00000804080000	04073012	11	3	0
2018	00000804180000	04063032	38	4	0
2019	00000805000000	04063034	96	3	0
2020	00000805000800	10063094	38	4	0
2021	00000805080000	04073030	34	4	0
2022	00000805080800	1087b000	1	5	0
2023	00000805180000	04063130	68	5	0
2024	00000805180800	1086b100	1	6	0
2025	00000808000000	0405208e	215	2	0
2026	00000808000200	1400209e	153	3	0
2027	00000808002000	1004301e	46	3	0
2028	00000808008000	100420da	130	3	0
2029	00000808008200	1080b08a	1	4	1
2030	0000080800a000	1005301a	28	4	0
2031	00000808800000	140828c8	1	3	0
2032	00000808800200	140028d8	2	4	0
2033	00000808c00000	1408288c	6	4	0
2034	00000808c00200	1401288c	6	5	0
2035	0000080c000000	04053016	113	3	0
2036	0000080c000800	100430e4	1	4	0
2037	0000080c002000	10043036	31	4	0
2038	0000080c004000	100c30c4	1	4	0
2039	0000080c004800	100430d4	6	5	0
2040	0000080c006000	100c3054	6	5	0
2041	0000080c006800	1005b044	2	6	0
2042	0000080c008000	100430b2	32	4	0
2043	0000080c008800	1004b0e0	1	5	0
2044	0000080c00a000	100d3042	1	5	0
2045	0000080c00c000	100c30d0	6	5	0
2046	0000080c00c800	100438d0	11	6	0
2047	0000080c00e000	100d3050	4	6	0
2048	0000080c080000	04053032	28	4	0
2049	0000080c08a000	1005b012	10	6	0
2050	0000080d000000	04053034	114	4	0
2051	0000080d000800	100430b4	6	5	0
2052	0000080d002000	100c3034	6	5	0
2053	0000080d002800	1004b124	4	6	0
2054	0000080d004000	100c3094	6	5	0
2055	0000080d004800	10043194	15	6	0
2056	0000080d006000	100c3114	15	6	0
2057	0000080d006800	1005b014	10	7	0
2058	0000080d008000	100c30b0	6	5	0
2059	0000080d008800	1004b0b0	8	6	0
2060	0000080d00c000	100c3190	15	6	0
2061	0000080d00c800	1004b190	19	7	0
2062	0000080d080000	04053130	56	5	0
2063	0000080d08a000	100d3030	3	7	0
2064	0000080d08e000	100d3110	9	8	0
2065	0000080d08e800	1085b010	2	9	0
2066	00000814000000	040a3016	80	3	0
2067	00000814000030	04023036	139	5	0
2068	00000814080000	040b3012	7	4	0
2069	00000814080030	04033032	18	6	0
2070	00000814180000	040a3032	21	5	0
2071	00000814180030	04823032	21	7	0
2072	00000815000000	040a3034	84	4	0
2073	00000815000030	040230b4	113	6	0
2074	00000815080000	040b3030	21	5	0
2075	00000815080030	0403b120	22	7	0
2076	00000815180000	040a3130	32	6	0
2077	00000815180030	0482b120	12	8	0
2078	0000081c000000	10083096	45	4	0
2079	0000081c000230	10803096	113	7	0
2080	0000081c002000	10883016	1	5	1
2081	0000081c008000	100830d2	13	5	0
2082	0000081c080000	14093012	6	5	0
2083	0000081c080230	14013032	15	8	0
2084	0000081d000000	14083034	49	5	0
2085	0000081d000230	140030b4	79	8	0
2086	0000081d004000	1088b084	1	6	0
2087	0000081d00c000	1088b090	3	7	1
2088	0000081d080000	14093030	15	6	0
2089	0000081d080230	14013130	17	9	0
2090	00000824000000	040e2086	23	3	0
2091	00000824000040	04072086	15	4	0
2092	000008240000c0	04062096	59	5	0
2093	000008240008c0	1006a0c4	1	6	0
2094	00000825000000	040e2884	28	4	0
2095	00000825000040	04072884	13	5	0
2096	000008250000c0	04062894	36	6	0
2097	00000825000840	10072884	5	6	0
2098	000008250008c0	1006a094	8	7	0
2099	0000082c000000	040d2086	29	4	0
2100	0000082c000040	04052096	52	5	0
2101	0000082c0000c0	100420b6	51	6	0
2102	0000082c004000	100c28c4	2	5	0
2103	0000082c008000	100c20b2	26	5	0
2104	0000082c008040	1005a092	4	6	0
2105	0000082c0080c0	108420d2	7	7	0
2106	0000082c00c000	100c28d0	8	6	0
2107	0000082d000000	040d2884	26	5	0
2108	0000082d000040	04052894	36	6	0
2109	0000082d0000c0	14042894	25	7	0
2110	0000082d0008c0	1004a1a4	1	8	0
2111	0000082d004000	100c2894	9	6	0
2112	0000082d004840	1005a884	2	8	0
2113	0000082d0048c0	1084a184	1	9	0
2114	0000082d008000	100ca0b0	7	6	0
2115	0000082d0088c0	1084a1a0	1	9	0
2116	0000082d00c000	100ca190	15	7	0
2117	0000082d00c840	1085a180	2	9	0
2118	0000082d00c8c0	1084a980	1	10	1
2119	00000836000000	040a2096	64	5	0
2120	00000836000074	040320d2	8	9	0
2121	00000836000076	04032096	21	10	0
2122	000008360000fc	140220d2	6	11	0
2123	000008360000fe	14022096	12	12	0
2124	000008360200fc	040220d6	3	12	0
2125	000008360200fe	04022896	13	13	0
2126	00000837000000	040a2894	49	6	0
2127	00000837000076	0403a1a0	21	11	0
2128	000008370000fe	1402a0a4	10	13	0
2129	0000083e000000	14082096	43	6	0
2130	0000083e000274	140120d2	6	11	0
2131	0000083e000276	14012096	17	12	0
2132	0000083e0002fc	148020d2	4	13	0
2133	0000083e0002fe	140020b6	15	14	0
2134	0000083e800000	140828c4	6	7	0
2135	0000083e800274	140128d0	1	12	0
2136	0000083f000000	1408a094	21	7	0
2137	0000083f000276	1401a0a4	11	13	0
2138	0000083f0002fe	1400a1a4	3	15	1
2139	0000083fc00000	14082894	15	9	0
2140	0000083fc00276	14812980	1	15	0
2141	00000840000000	0302300e	105	2	0
2142	00000840000030	11023016	3	4	0
2143	00000840000830	1182b004	1	5	1
2144	00000840002000	0300301e	106	3	0
2145	00000840002030	1100b016	6	5	0
2146	00000840006000	1300b014	16	4	0
2147	0000084000a000	1201b00a	2	4	0
2148	00000840042000	0300b01c	27	4	0
2149	00000840046000	0300b844	12	5	0
2150	00000840080000	0303b002	11	3	0
2151	00000840082000	0301b012	10	4	0
2152	00000840082030	1181b002	1	6	0
2153	00000840086000	1301b010	4	5	0
2154	0000084008a000	1281b002	1	5	0
2155	000008400c2000	0301b120	2	5	0
2156	000008400c6000	0381b010	3	6	0
2157	00000840180000	03023812	32	4	0
2158	00000840180030	11823012	2	6	0
2159	00000840182000	0300b122	24	5	0
2160	00000840182030	1180b012	3	7	1
2161	00000840186000	1300b110	7	6	0
2162	000008401c2000	0300b920	3	6	0
2163	000008401c6000	0380b110	3	7	1
2164	00000841002000	1200b124	1	4	1
2165	00000900000000	0303208c	977	2	0
2166	00000900000034	050320c4	11	5	0
2167	00000900000036	05032094	25	6	0
2168	0000090000003c	150020d4	15	6	0
2169	0000090000003e	150020b4	20	7	0
2170	00000900000800	110420b4	36	3	0
2171	00000900004000	110820d4	68	3	0
2172	00000900004800	110420d4	20	4	0
2173	00000900008000	120420d8	16	3	0
2174	0000090000c000	120c20d0	4	4	0
2175	00000900010000	120a208c	7	3	1
2176	00000900020000	0502209c	15	3	0
2177	0000090002003c	050220d4	10	7	0
2178	0000090002003e	050220b4	10	8	0
2179	00000900040000	0304209c	58	3	0
2180	00000900044000	030420d4	44	4	0
2181	00000900800000	160020cc	18	3	0
2182	00000900c00000	1600209c	21	4	0
2183	00000901000000	06032094	146	3	0
2184	00000901004000	120c2094	5	4	0
2185	00000901008000	120c20b0	4	4	0
2186	0000090100c000	120c2190	7	5	0
2187	00000901c00000	16012094	26	5	0
2188	00000908000000	0405209c	60	3	0
2189	00000908008000	100c20b8	16	4	0
2190	00000908800000	140820cc	6	4	0
2191	00000908800200	140120cc	5	5	0
2192	00000908c00000	1408209c	15	5	0
2193	00000908c00200	1401209c	10	6	0
2194	00000924000000	040e20c4	13	4	0
2195	00000924000040	040720c4	6	5	0
2196	000009240000c0	040620d4	15	6	0
2197	00000925000000	040e2094	36	5	0
2198	00000925000040	04072094	15	6	0
2199	000009250000c0	040620b4	20	7	0
2200	0000092c000000	040d20c4	12	5	0
2201	0000092c000040	040520d4	15	6	0
2202	0000092c0000c0	140420d4	10	7	0
2203	0000092c004000	100c20d4	3	6	0
2204	0000092c008000	108c20e0	1	6	0
2205	0000092c00c000	100c21d0	5	7	0
2206	0000092d000000	040d2094	29	6	0
2207	0000092d000040	040520b4	20	7	0
2208	0000092d0000c0	140420b4	10	8	0
2209	0000092d004000	100c2194	6	7	0
2210	0000092d008000	100d20b0	4	7	0
2211	0000092d00c000	100d2190	4	8	1
2212	00000936000000	040a20d4	21	6	0
2213	00000936000074	140320c4	5	10	0
2214	00000937000000	040a20b4	35	7	0
2215	00000937000076	14032094	10	12	0
2216	0000093e800000	140820d4	14	8	0
2217	0000093fc00000	140820b4	19	10	0
2218	0000093fc00276	140121a4	1	16	1
2219	00000c00000000	03072006	362	2	0
2220	00000c00000034	05032046	27	5	0
2221	00000c00000800	11072804	4	3	0
2222	00000c00002000	0305200e	74	3	0
2223	00000c00002800	11052824	3	4	0
2224	00000c00006000	110d2804	11	4	0
2225	00000c00006800	11052814	14	5	0
2226	00000c0000a000	1205201a	16	4	0
2227	00000c0000e000	1205a140	4	5	0
2228	00000c00042000	0305a00c	15	4	0
2229	00000c00046000	0305a014	13	5	0
2230	00000c00080000	03072012	257	3	0
2231	00000c00080800	11072810	9	4	0
2232	00000c00082000	0305a012	50	4	0
2233	00000c00082800	1105a030	4	5	0
2234	00000c00086000	110d2810	20	5	0
2235	00000c00086800	1105a110	7	6	0
2236	00000c0008a000	1205a012	15	5	0
2237	00000c000c2000	0305a120	5	5	0
2238	00000c000c6000	0305a810	14	6	0
2239	00000c00200000	0403201e	136	3	0
2240	00000c00200001	0601a016	36	4	0
2241	00000c00200037	05032016	30	8	0
2242	00000c00280001	0601a032	98	5	0
2243	00000c00280037	05032812	58	9	0
2244	00000c00800000	16012848	2	3	0
2245	00000c00c00000	16092808	1	4	0
2246	00000c00e00000	1601280c	5	5	0
2247	00000c01000000	06052814	24	3	0
2248	00000c01002000	1205a024	1	4	0
2249	00000c01006000	1205a104	5	5	0
2250	00000c01080000	06052830	78	4	0
2251	00000c0108a000	1205a120	2	6	0
2252	00000c0108e000	1205a110	10	7	0
2253	00000c01200001	0601a124	13	5	0
2254	00000c01280001	0601a130	28	6	0
2255	00000c01c00000	16092804	1	5	0
2256	00000c01c80000	16092810	4	6	0
2257	00000c08000000	0405201e	118	3	0
2258	00000c08000200	1481204a	1	4	0
2259	00000c08002000	1005201e	5	4	0
2260	00000c0800a000	100d201a	14	5	0
2261	00000c08200200	1401201e	11	5	0
2262	00000c08800000	14092848	1	4	0
2263	00000c08c00000	1409280c	5	5	0
2264	00000c24000000	040f2006	5	4	0
2265	00000c24000040	04072016	20	5	0
2266	00000c24080000	040f2012	9	5	0
2267	00000c24080040	04072032	18	6	0
2268	00000c25000000	040f2804	3	5	0
2269	00000c25000040	0407a014	8	6	0
2270	00000c25080000	040f2810	12	6	0
2271	00000c25080040	0407a030	20	7	0
2272	00000c2c000000	040d2016	28	5	0
2273	00000c2c000040	04052036	54	6	0
2274	00000c2c002000	100d2016	3	6	0
2275	00000c2c002040	10852016	1	7	0
2276	00000c2c00a000	108d2042	1	7	0
2277	00000c2c00e000	108da040	1	8	0
2278	00000c2c080000	040d2032	21	6	0
2279	00000c2c080040	04052132	29	7	0
2280	00000c2c08a000	100da012	6	8	0
2281	00000c2d000000	040d2814	11	6	0
2282	00000c2d000040	0405a034	19	7	0
2283	00000c2d006000	108da004	1	8	0
2284	00000c2d080000	040d2830	25	7	0
2285	00000c2d080040	0405a130	22	8	0
2286	00000c2d08e000	108da100	1	10	0
2287	00000c36000000	040b2016	8	6	0
2288	00000c36080000	040b2812	11	7	0
2289	00000c36200077	14032016	2	13	0
2290	00000c36280077	14832012	2	14	0
2291	00000c37000000	048ba004	2	7	0
2292	00000c37080000	048ba100	7	8	0
2293	00000c3e000000	14092016	7	7	0
2294	00000c3e080000	14092032	10	8	0
2295	00000c3e200277	14812016	2	15	0
2296	00000c3e280277	1481a012	2	16	1
2297	00000c3f000000	1489a004	1	8	0
2298	00000c3f080000	1409a120	5	9	0
2299	00000c3fc80000	14892900	1	11	0
2300	00000c40200000	0303a808	4	4	0
2301	00000c40202000	1301a00a	4	5	0
2302	00000c40202001	1301a006	1	6	0
2303	00000c40242001	0301a124	1	7	0
2304	00000c40280001	1303a002	1	6	0
2305	00000c40282001	1381a002	1	7	0
2306	00000d00000000	0307200c	348	3	0
2307	00000d00000034	05832044	12	6	0
2308	00000d00000800	11072014	9	4	0
2309	00000d00002000	1105201c	36	4	0
2310	00000d00002800	11052034	4	5	0
2311	00000d00006000	110d2014	16	5	0
2312	00000d00006800	11052054	8	6	0
2313	00000d0000a000	120d2018	5	5	0
2314	00000d0000e000	128d2040	1	6	0
2315	00000d00042000	030d200c	7	5	0
2316	00000d00046000	030d2014	5	6	0
2317	00000d00080000	030f2010	101	4	0
2318	00000d00080800	11872010	3	5	0
2319	00000d00082000	110d2030	7	5	0
2320	00000d00082800	11852120	1	6	0
2321	00000d00086000	110d2110	9	6	0
2322	00000d00086800	11852110	1	7	1
2323	00000d000c2000	038d2020	1	6	0
2324	00000d000c6000	038d2010	2	7	0
2325	00000d00200000	0503201c	55	4	0
2326	00000d00200001	07012034	15	5	0
2327	00000d00200037	05032124	12	9	0
2328	00000d00280001	07012130	20	6	0
2329	00000d00280037	05832120	9	10	0
2330	00000d00800000	16092044	5	4	0
2331	00000d00c00000	1609200c	5	5	0
2332	00000d00e00000	1601202c	5	6	1
2333	00000d01000000	06052034	26	4	0
2334	00000d01006000	128d2004	1	6	0
2335	00000d01080000	06072030	42	5	0
2336	00000d0108e000	128d2100	1	8	0
2337	00000d01c00000	16092014	4	6	0
2338	00000d01c80000	16092120	4	7	0
2339	00000d08000000	0405203c	50	4	0
2340	00000d08002000	100d201c	5	5	0
2341	00000d0800a000	108d2018	4	6	0
2342	00000d08800000	1409204c	5	5	0
2343	00000d08c00000	1409201c	10	6	0
2344	00000d24000000	040f2044	6	5	0
2345	00000d24000040	04872044	7	6	0
2346	00000d25000000	040f2014	6	6	0
2347	00000d25000040	04072124	8	7	0
2348	00000d25080000	040f2030	11	7	0
2349	00000d25080040	04872110	8	8	0
2350	00000d2c000000	040d2054	15	6	0
2351	00000d2c000040	04852144	11	7	0
2352	00000d2d000000	040d2034	10	7	0
2353	00000d2d000040	04052134	9	8	0
2354	00000d2d006000	108d2104	1	9	1
2355	00000d2d080000	040d2130	10	8	0
2356	00000d2d080040	14052130	4	9	0
2357	00000d36000000	148b2040	1	7	0
2358	00000d37000000	140b2024	2	8	0
2359	00000d37080000	140b2120	3	9	0
2360	00000d3fc00000	14092124	1	11	0
2361	00000d3fc80000	14892120	1	12	1
2362	00000e00000000	0306200e	1110	3	0
2363	00000e0000003c	15002056	26	7	0
2364	00000e00000800	11062814	17	4	0
2365	00000e00002000	0304201e	348	4	0
2366	00000e00002800	1104a034	6	5	0
2367	00000e00006000	110c2814	50	5	0
2368	00000e00006800	1104a054	16	6	0
2369	00000e00020000	0502204e	13	4	0
2370	00000e0002003c	05022056	9	8	0
2371	00000e00042000	0304a01c	58	5	0
2372	00000e00046000	0304a114	34	6	0
2373	00000e00180000	03062812	507	5	0
2374	00000e00180800	1106a030	11	6	0
2375	00000e00182000	0304a032	121	6	0
2376	00000e00182800	1184a030	3	7	0
2377	00000e00186000	110c2910	32	7	0
2378	00000e00186800	1184a110	3	8	1
2379	00000e001c2000	0304a130	13	7	0
2380	00000e001c6000	0304a910	16	8	0
2381	00000e00200000	0600a01e	212	4	0
2382	00000e00200001	0600a126	87	5	0
2383	00000e0020003f	15002036	30	10	0
2384	00000e00220000	0502201e	38	5	0
2385	00000e0022003f	05022036	12	11	0
2386	00000e00380001	0602a122	117	7	0
2387	00000e0038003f	1500a122	39	12	0
2388	00000e003a003f	05822112	8	13	0
2389	00000e00c00000	1608280c	1	5	0
2390	00000e01000000	0604a034	68	4	0
2391	00000e01002000	1204a124	3	5	0
2392	00000e01006000	1204a114	10	6	0
2393	00000e01180000	0606a030	62	6	0
2394	00000e01200001	0600a134	12	6	0
2395	00000e01380001	0602a920	12	8	0
2396	00000e08000000	1404201e	26	4	0
2397	00000e08002000	1004203e	22	5	0
2398	00000e08200200	1480a00e	1	6	0
2399	00000e24000000	040e2016	31	5	0
2400	00000e240000c0	04062036	43	7	0
2401	00000e24180000	040e2032	27	7	0
2402	00000e241800c0	04862112	22	9	0
2403	00000e25000000	040e2814	12	6	0
2404	00000e250000c0	0406a124	11	8	0
2405	00000e25180000	040ea030	23	8	0
2406	00000e251800c0	0486a110	16	10	0
2407	00000e2c000000	140c2016	9	6	0
2408	00000e2c0000c0	14042036	29	8	0
2409	00000e2c002000	100c2036	11	7	0
2410	00000e2c0020c0	10842036	4	9	1
2411	00000e2c006000	108ca044	1	8	0
2412	00000e2d000000	140c2814	9	7	0
2413	00000e2d0000c0	14042834	15	9	0
2414	00000e2d002000	108ca024	1	8	0
2415	00000e2d006000	108ca104	1	9	0
2416	00000e36000000	040aa016	9	7	0
2417	00000e36180000	048a2112	9	9	0
2418	00000e37000000	148aa004	1	8	0
2419	00000e37180000	148aa100	1	10	0
2420	00000e3e000000	14082036	8	8	0
2421	00000e40000000	1302a042	4	4	0
2422	00000e40002000	1300a04a	6	5	0
2423	00000e40006000	1380a140	1	6	0
2424	00000e40200000	0302a00e	23	5	0
2425	00000e40200001	0302a016	7	6	0
2426	00000e40202000	0380a10a	19	6	0
2427	00000e40202001	0300a126	7	7	0
2428	00000e40242000	0300a12c	3	7	0
2429	00000e40242001	0300a924	2	8	1
2430	00000e40380001	0382a102	11	8	0
2431	00000e40382001	1300a122	6	9	0
2432	00000e40386001	1380a900	1	10	1
2433	00000f00000000	0306201c	614	4	0
2434	00000f0000003c	15822044	2	8	0
2435	00000f00000800	11062034	13	5	0
2436	00000f00002000	1104203c	78	5	0
2437	00000f00002800	11842064	3	6	0
2438	00000f00006000	110c2054	26	6	0
2439	00000f00006800	11842054	4	7	1
2440	00000f00020000	0582204c	2	5	0
2441	00000f00042000	030c201c	20	6	0
2442	00000f00046000	030c2054	8	7	0
2443	00000f00180000	030e2030	122	6	0
2444	00000f00180800	11862110	2	7	1
2445	00000f00182000	110c2130	8	7	0
2446	00000f00186000	118c2110	5	8	0
2447	00000f001c2000	038c2030	2	8	0
2448	00000f001c6000	038c2110	1	9	1
2449	00000f00200000	0700212c	47	5	0
2450	00000f00200001	07022124	15	6	0
2451	00000f0020003f	15022124	4	11	0
2452	00000f00220000	0502212c	2	6	0
2453	00000f0022003f	05822124	1	12	1
2454	00000f00380001	07822110	12	8	0
2455	00000f0038003f	15822120	1	13	1
2456	00000f00800000	1608204c	1	5	0
2457	00000f00c00000	1608201c	4	6	0
2458	00000f01000000	06062124	34	5	0
2459	00000f01002000	128c2024	1	6	0
2460	00000f01006000	128c2104	1	7	0
2461	00000f01180000	060e2030	24	7	0
2462	00000f08000000	1404203c	15	5	0
2463	00000f08002000	108c201c	4	6	0
2464	00000f24000000	040e2054	12	6	0
2465	00000f240000c0	14062054	8	8	0
2466	00000f25000000	040e2034	11	7	0
2467	00000f250000c0	04862124	7	9	0
2468	00000f25180000	048e2030	9	9	0
2469	00000f251800c0	14062130	4	11	0
2470	00000f2c000000	140c2054	4	7	0
2471	00000f2c0000c0	14042074	6	9	0
2472	00000f2d000000	140c2034	6	8	0
2473	00000f2d0000c0	14042134	4	10	0
2474	00001000000000	03001296	4292	1	0
2475	00001000000008	15000296	49	2	0
2476	00001000000100	04011236	509	2	0
2477	00001000004000	11019284	327	2	0
2478	00001000020000	05020a8a	15	2	0
2479	00001000020008	05020296	5	3	0
2480	00001000040000	03008b88	109	2	0
2481	00001000044000	03009a90	135	3	0
2482	00001000100000	03049212	524	2	0
2483	00001000100100	04069212	17	3	0
2484	00001000104000	11049310	48	3	0
2485	00001000140000	03049320	9	3	0
2486	00001000144000	03049a10	19	4	0
2487	00001001000000	06009324	444	2	0
2488	00001001000100	040112b4	569	3	0
2489	00001001100000	06069210	30	3	0
2490	00001001100100	040e9210	32	4	0
2491	00001020000100	04050296	131	3	0
2492	00001020000180	14040296	12	4	0
2493	00001021000100	040503a4	177	4	0
2494	00001021000180	140403a4	10	5	0
2495	00001400000000	03058206	1428	2	0
2496	00001400004000	110d0214	42	3	0
2497	00001400040000	030d020c	3	3	0
2498	00001400044000	030d8204	4	4	0
2499	00001400200000	0401832c	270	3	0
2500	00001400200001	05010236	346	4	0
2501	00001401000000	06050324	145	3	0
2502	00001401200001	06018324	23	5	0
2503	00001420000100	04050236	212	4	0
2504	00001420200101	14030216	11	6	0
2505	00001421000100	04058324	163	5	0
2506	00001421200101	04818324	3	7	1
2507	00001600000000	03048216	919	3	0
2508	00001600000008	15808242	3	4	0
2509	00001600004000	110c8214	34	4	0
2510	00001600040000	030c820c	5	4	0
2511	00001600044000	030c8a04	3	5	0
2512	00001600100000	030c8212	440	4	0
2513	00001600104000	118c0b00	21	5	0
2514	00001600140000	030c8320	1	5	0
2515	00001600144000	038c8300	2	6	1
2516	00001600200000	0600832c	104	4	0
2517	00001600200001	07000236	37	5	0
2518	00001600200009	15800216	3	6	0
2519	00001600220000	0582820a	1	5	1
2520	00001600300001	07008322	60	6	0
2521	00001600300009	15808212	5	7	1
2522	00001601000000	06048324	18	4	0
2523	00001601100000	060e8a00	13	5	0
2524	00001620000100	140c0216	13	5	0
2525	00001620000180	14040236	9	6	0
2526	00001620100100	140e0212	3	6	0
2527	00001620100180	14860212	2	7	0
2528	00001621000100	140c0324	15	6	0
2529	00001621000180	14048324	1	7	0
2530	00001621100100	140e8210	6	7	0
2531	00001800000000	0300908e	6655	2	0
2532	00001800000030	05021036	462	4	0
2533	00001800000034	150180c2	7	5	0
2534	00001800000036	05838082	34	6	0
2535	0000180000003c	158000c6	7	6	0
2536	0000180000003e	15008096	20	7	0
2537	00001800000800	110410b4	42	3	0
2538	00001800002000	0304101e	294	3	0
2539	00001800002800	11049124	3	4	0
2540	00001800004000	11089094	191	3	0
2541	00001800004800	110410d4	51	4	0
2542	00001800006000	110c1054	76	4	0
2543	00001800006800	11059014	11	5	0
2544	00001800020000	0502888a	9	3	0
2545	00001800040000	030081ac	85	3	0
2546	00001800042000	0304910c	31	4	0
2547	00001800044000	03049094	67	4	0
2548	00001800046000	030c9014	9	5	0
2549	00001800080000	030f9000	435	3	0
2550	00001800080030	05031812	76	5	0
2551	00001800082000	030d1012	24	4	0
2552	00001800086000	110d1810	24	5	0
2553	00001800086800	11859010	2	6	0
2554	000018000c6000	030d9010	3	6	0
2555	00001800180000	030e1012	624	4	0
2556	00001800180030	05029812	58	6	0
2557	00001800180800	11869100	1	5	0
2558	00001800182000	030c1812	78	5	0
2559	00001800186000	110c9110	32	6	0
2560	00001800186800	11849110	2	7	1
2561	000018001c2000	030c9820	2	6	0
2562	000018001c6000	030c9810	5	7	1
2563	00001800c00000	16090888	3	4	0
2564	00001801000000	060091a4	531	3	0
2565	00001801080000	06051830	144	4	0
2566	00001801180000	06069030	51	5	0
2567	00001801c00000	16890880	1	5	1
2568	00001804000100	04069016	112	4	0
2569	00001804080100	04071032	22	5	0
2570	00001804180100	040e9012	24	6	0
2571	00001805000100	04069094	122	5	0
2572	00001805080100	04079810	42	6	0
2573	00001805180100	040e9030	37	7	0
2574	00001808000000	0405009e	516	3	0
2575	00001808000200	1400109e	92	4	0
2576	00001808800000	140908c8	1	4	0
2577	00001808c00000	1409088c	3	5	1
2578	0000180c000100	04051036	277	5	0
2579	0000180c080100	04059032	48	6	0
2580	0000180d000100	040510b4	217	6	0
2581	0000180d080100	040d1130	58	7	0
2582	00001814000100	040a9016	37	5	0
2583	00001814000130	04031096	17	7	0
2584	00001814080100	040b1812	10	6	0
2585	00001814080130	14831012	2	8	0
2586	00001814180100	048a9012	6	7	0
2587	00001814180130	14829012	1	9	1
2588	00001815000100	040b1094	49	6	0
2589	00001815000130	14039084	4	8	0
2590	00001815080100	140b9010	5	7	0
2591	00001815180100	148a9100	1	8	0
2592	0000181c000100	14081036	58	6	0
2593	0000181c000330	140010b6	32	9	0
2594	0000181c080100	14091032	10	7	0
2595	0000181c080330	14811112	4	10	1
2596	0000181d000100	14081894	42	7	0
2597	0000181d000330	14019890	4	10	1
2598	0000181d080100	14099120	7	8	0
2599	00001824000100	040e8086	22	5	0
2600	00001824000140	04070096	8	6	0
2601	000018240001c0	04068096	8	7	0
2602	00001825000100	040f0884	24	6	0
2603	00001825000140	14070884	11	7	0
2604	000018250001c0	14068094	5	8	0
2605	0000182c000100	040d0096	71	6	0
2606	0000182c000140	040500b6	37	7	0
2607	0000182c0001c0	140400b6	25	8	0
2608	0000182d000100	040d0894	51	7	0
2609	0000182d000140	040581a4	21	8	0
2610	0000182d0001c0	140481a4	5	9	0
2611	00001836000100	148a8082	2	7	0
2612	0000183e000100	14890086	4	8	1
2613	00001840000000	03829108	9	3	0
2614	00001840002000	0380910a	23	4	0
2615	00001840042000	0300912c	2	5	1
2616	00001840082000	13819002	1	5	0
2617	00001840180000	13829002	1	5	0
2618	00001840182000	13809012	4	6	1
2619	00001900000000	040f008c	880	3	0
2620	00001900004000	110c00d4	27	4	0
2621	00001900800000	160900c8	1	4	0
2622	00001900c00000	1609008c	5	5	1
2623	00001901000000	060d0094	54	4	0
2624	00001908000000	040d009c	53	4	0
2625	00001924000100	040f00c4	6	6	0
2626	00001924000140	140700c4	2	7	0
2627	00001925000100	040f0094	21	7	0
2628	00001925000140	14070094	5	8	0
2629	0000192c000100	140c00d4	13	7	0
2630	0000192c000140	140500d4	4	8	0
2631	0000192d000100	040d01a4	24	8	0
2632	0000192d000140	140500b4	7	9	0
2633	0000192d0001c0	148401a4	1	10	1
2634	00001c00000000	0407001e	742	3	0
2635	00001c00000034	15818042	1	6	0
2636	00001c00002000	110d000e	38	4	0
2637	00001c00006000	118d8004	8	5	0
2638	00001c00080000	05058812	367	4	0
2639	00001c00082000	118d8002	12	5	0
2640	00001c00086000	118d8100	9	6	0
2641	00001c00200000	0583800a	114	4	0
2642	00001c00200001	07018016	33	5	0
2643	00001c00200037	15818006	1	9	0
2644	00001c00280001	07018812	51	6	0
2645	00001c00280037	15818012	3	10	1
2646	00001c00c00000	16890808	1	5	1
2647	00001c01000000	06058124	25	4	0
2648	00001c01080000	060d8030	54	5	0
2649	00001c08000000	0405801e	124	4	0
2650	00001c24000100	040f0016	7	6	0
2651	00001c24000140	04078016	9	7	0
2652	00001c24080100	040f8012	10	7	0
2653	00001c24080140	14078012	4	8	0
2654	00001c25000100	048f8004	3	7	0
2655	00001c25000140	14078014	5	8	0
2656	00001c25080100	048f8100	10	8	0
2657	00001c25080140	14878100	1	9	0
2658	00001c2c000100	040d0036	37	7	0
2659	00001c2c000140	04850036	24	8	0
2660	00001c2c080100	040d8812	24	8	0
2661	00001c2c080140	14058032	10	9	0
2662	00001c2d000100	040d8124	12	8	0
2663	00001c2d000140	04858124	6	9	0
2664	00001c2d080100	048d8120	17	9	0
2665	00001c2d080140	14858110	3	10	1
2666	00001d00000000	040f001c	389	4	0
2667	00001d00002000	110d001c	10	5	0
2668	00001d00006000	138d0004	1	6	0
2669	00001d00080000	050f0030	74	5	0
2670	00001d00086000	138d0100	1	7	1
2671	00001d00200000	07830108	15	5	0
2672	00001d01000000	068d0024	17	5	0
2673	00001d01080000	068d0110	15	6	0
2674	00001d08000000	040d012c	34	5	0
2675	00001d24000100	140f0044	5	7	0
2676	00001d25000100	140f0014	4	8	0
2677	00001d25000140	14070124	3	9	0
2678	00001d25080100	140f0030	6	9	0
2679	00001d2c000100	140d0054	10	8	0
2680	00001d2d000100	048d0124	7	9	0
2681	00001d2d000140	14850124	1	10	1
2682	00001d2d080100	140d0130	4	10	1
2683	00001e00000000	030e8808	1194	4	0
2684	00001e00002000	030c0816	156	5	0
2685	00001e00006000	118c8044	25	6	0
2686	00001e00042000	0304812c	5	6	1
2687	00001e00180000	050e0812	417	6	0
2688	00001e00182000	038c8012	41	7	0
2689	00001e00186000	130c8110	9	8	1
2690	00001e00200000	0602812c	107	5	0
2691	00001e00200001	07008126	35	6	0
2692	00001e0020003f	15808016	1	11	1
2693	00001e00380001	07808112	43	8	0
2694	00001e01000000	06048924	35	5	0
2695	00001e01180000	068e8100	21	7	0
2696	00001e08000000	1404003e	39	5	0
2697	00001e24000100	040e8016	12	7	0
2698	00001e240001c0	14060036	6	9	0
2699	00001e24180100	140e0032	8	9	0
2700	00001e241801c0	14868012	2	11	0
2701	00001e25000100	140e8014	5	8	0
2702	00001e25180100	148e0900	4	10	0
2703	00001e2c000100	140c0036	19	8	0
2704	00001e2c0001c0	14040076	19	10	0
2705	00001e2d000100	140c8124	6	9	0
2706	00001e2d0001c0	14848124	1	11	1
2707	00001e40202000	1300812c	2	7	1
2708	00001f00000000	050e001c	355	5	0
2709	00001f00002000	118c002c	14	6	0
2710	00001f00006000	138c0044	3	7	1
2711	00001f00180000	070e0030	47	7	0
2712	00001f00200000	1782000c	2	6	1
2713	00001f01000000	160c0034	10	6	0
2714	00001f01180000	168e0010	3	8	0
2715	00001f08000000	140c003c	11	6	0
2716	00001f24000100	148e0044	2	8	0
2717	00001f25000100	140e0124	2	9	0
2718	00001f2c000100	148c0144	1	9	0
2719	00001f2d000100	148c0114	2	10	1
2720	00002000000000	0000361b	33906	1	0
2721	00002000000002	0450a412	54	2	0
2722	00002000000008	0400a323	100	2	0
2723	00002000000010	14101832	188	2	0
2724	00002000000100	04449242	32	2	0
2725	00002000000200	0000a559	794	2	0
2726	00002000000400	02109213	13	2	0
2727	00002000004000	000c3251	493	2	0
2728	00002000004400	02909301	7	3	0
2729	00002000008000	0010b01b	2788	2	0
2730	00002000008010	10503150	23	3	0
2731	00002000008400	02909013	23	3	0
2732	0000200000a000	0004305b	1269	3	0
2733	0000200000a200	0040b01b	47	4	0
2734	0000200000a800	00443151	71	4	0
2735	0000200000c000	0014b051	429	3	0
2736	0000200000c400	12109811	6	4	1
2737	0000200000e000	000cb811	114	4	0
2738	0000200000e800	1004b051	14	5	0
2739	00002000040000	00443a18	66	2	0
2740	00002000044000	020cb240	3	3	0
2741	00002000100000	000c3612	1321	2	0
2742	00002000100100	04449212	96	3	0
2743	00002000140000	0044b230	60	3	0
2744	00002000180000	02043c12	1220	3	0
2745	0000200018a000	12403812	62	5	0
2746	00002000200000	02102e0a	359	2	0
2747	00002000200001	0210a720	226	3	0
2748	00002000200003	0410ac12	37	4	0
2749	00002000300001	06002e12	29	4	0
2750	00002000380001	0600a432	41	5	0
2751	00002000800000	10482449	308	2	0
2752	00002000800200	10402459	25	3	0
2753	00002000808000	10502849	5	3	0
2754	0000200080a000	10482849	1	4	0
2755	00002000810000	10082c49	40	3	0
2756	00002000818000	10182849	3	4	0
2757	00002000c00000	10482419	610	3	0
2758	00002000c00002	14502430	13	4	0
2759	00002000c00200	10c02419	44	4	0
2760	00002000c08000	10502819	25	4	0
2761	00002000c0a000	10482819	7	5	0
2762	00002000c10000	10102c19	107	4	0
2763	00002000c18000	10182819	11	5	0
2764	00002000c1a000	12882809	1	6	1
2765	00002000c1c000	12982801	1	6	1
2766	00002000d80000	12482c10	36	5	0
2767	00002000e00000	14102438	44	4	0
2768	00002000e00001	16100c30	18	5	0
2769	00002000e00003	14102d20	6	6	0
2770	00002000e10000	10902d08	9	5	0
2771	00002000e10001	12902c10	3	6	1
2772	00002001100000	000cb610	628	3	0
2773	00002001104000	100c3310	36	4	0
2774	00002001140000	0204b320	3	4	0
2775	00002001144000	0204bb00	13	5	0
2776	00002001180000	0204b430	475	4	0
2777	00002001300001	0600a630	39	5	0
2778	00002001380001	0600a530	24	6	0
2779	00002001d80000	16082430	15	6	0
2780	00002001f80001	16002d20	7	8	0
2781	00002008000000	0004bc48	1233	2	0
2782	00002008000200	00409558	387	3	0
2783	0000200800a000	1044301a	53	4	0
2784	0000200800a200	10c0301a	2	5	0
2785	00002008200200	0480a41a	16	4	0
2786	00002008800000	10482c48	15	3	0
2787	00002008800200	14400558	12	4	0
2788	00002008c00000	10c82418	31	4	0
2789	00002008c00200	14402438	13	5	0
2790	00002008e00200	14802518	3	6	1
2791	0000200c000000	000cb442	358	3	0
2792	0000200c000100	04449052	44	4	0
2793	0000200c00a000	10443052	13	5	0
2794	0000200c00a800	10443070	14	6	0
2795	0000200c180000	000c3c12	554	5	0
2796	0000200c180100	04449032	88	6	0
2797	0000200c18a000	10443032	36	7	0
2798	0000200c18a800	10443130	19	8	0
2799	0000200d180000	008c3510	135	6	0
2800	00002010000000	0008b443	454	2	0
2801	00002010000200	00409551	264	3	0
2802	00002010000220	04003073	270	4	0
2803	0000201000a000	00483033	44	4	0
2804	0000201000a220	00c0b013	10	6	0
2805	0000201000aa20	10c0b101	1	7	1
2806	00002012000000	00488551	191	3	0
2807	00002012000200	0040a551	100	4	0
2808	0000201200022c	0440a053	62	7	0
2809	0000201200a000	00c8a013	8	5	1
2810	00002012800000	10c82441	11	4	0
2811	00002012800200	14402451	5	5	0
2812	0000201280022c	14402851	2	8	0
2813	00002012c00000	10c82411	25	5	0
2814	00002012c00200	14402431	11	6	0
2815	00002012c0022c	14c02811	2	9	0
2816	0000201c000000	0008b550	115	4	0
2817	0000201c000100	14481052	14	5	0
2818	0000201c000200	0040b550	122	5	0
2819	0000201c000230	14403052	21	7	0
2820	0000201c000330	14c01052	6	8	0
2821	0000201c00a000	10483052	3	6	0
2822	0000201c180000	00483c12	150	6	0
2823	0000201c180100	14481032	28	7	0
2824	0000201c180200	04403432	121	7	0
2825	0000201c180230	14403032	35	9	0
2826	0000201c180330	14c01032	13	10	0
2827	0000201c18a000	10483812	11	8	0
2828	0000201c18a230	10c0b012	1	11	1
2829	0000201d180000	04083530	51	7	0
2830	0000201d180200	04803530	26	8	0
2831	0000201e000000	0048a452	39	5	0
2832	0000201e000200	00c0a550	37	6	0
2833	0000201e180000	00c8a412	47	7	0
2834	0000201e180202	04c0a412	23	9	0
2835	0000201e800000	14480550	9	6	0
2836	0000201e800200	14402550	6	7	0
2837	0000201ed80000	14482430	12	9	0
2838	0000201ed80202	14c02430	6	11	1
2839	00002020000000	000ca642	113	2	0
2840	00002020100000	008c2612	60	3	0
2841	00002020300001	04802712	9	5	0
2842	00002021100000	008ca700	93	4	0
2843	00002021300001	0480a720	7	6	0
2844	0000202c000000	000ca452	137	4	0
2845	0000202c180000	008c2512	82	6	0
2846	0000202d180000	040c2530	92	7	0
2847	0000203e000000	0088a550	37	6	0
2848	0000203e000200	04808552	13	7	0
2849	0000203e180000	0488a412	14	8	0
2850	0000203e380203	14802512	6	12	1
2851	0000203e800000	14882450	4	7	0
2852	0000203f180000	0488a510	8	9	0
2853	0000203fd80000	14882510	5	11	1
2854	00002040000000	0200855a	161	2	0
2855	00002040180000	02803c12	21	4	0
2856	00002040200000	0280a50a	17	3	0
2857	00002040380001	1280a412	4	6	0
2858	00002041180000	0280b520	13	5	0
2859	00002041380001	1280ad00	1	7	1
2860	00002048000200	1080b40a	2	4	1
2861	00002080000000	1018820b	23	2	0
2862	00002080001000	1014021b	31	3	0
2863	00002080004000	101c8211	6	3	0
2864	00002080005000	10948301	1	4	0
2865	00002080008000	1018880b	41	3	0
2866	00002080009000	1014003b	44	4	0
2867	0000208000c000	101c8811	6	4	0
2868	0000208000d000	10948901	1	5	1
2869	00002080c18000	10980909	1	6	1
2870	00002100000000	04042079	597	2	0
2871	00002100008000	001c2039	187	3	0
2872	0000210000a000	004c2039	115	4	0
2873	0000210000a800	10442151	6	5	0
2874	0000210000c000	029c2011	19	4	0
2875	0000210000e000	108c2111	5	5	0
2876	00002100800000	14082059	83	3	0
2877	00002100800200	14400159	10	4	0
2878	00002100808000	10502059	10	4	0
2879	0000210080a000	10482059	4	5	0
2880	00002100818000	10182059	3	5	0
2881	00002100c00000	14082039	169	4	0
2882	00002100c00200	14402039	8	5	0
2883	00002100c08000	10582019	26	5	0
2884	00002100c0a000	10c82019	7	6	1
2885	00002100c18000	10982019	9	6	0
2886	00002112800000	14482051	4	5	0
2887	0000211280022c	14402151	3	9	0
2888	00002112c00000	14482031	7	6	0
2889	00002112c0022c	14c02111	2	10	1
2890	00002180008000	101c0039	10	4	0
2891	00002180009000	10140159	5	5	1
2892	00002200000000	004c221a	1545	2	0
2893	00002200000080	04442252	170	3	0
2894	00002200000088	14402252	13	4	0
2895	000022000000c0	04542032	110	4	0
2896	000022000000d0	14502052	14	5	0
2897	000022000000d2	14502032	35	6	0
2898	00002200000100	144c0242	7	3	0
2899	00002200000180	14440252	10	4	0
2900	00002200008000	1054201a	271	3	0
2901	000022000080c0	10542032	47	5	0
2902	0000220000a000	1240a01a	61	4	0
2903	00002200020000	0440a328	31	3	0
2904	00002200020080	04502252	37	4	0
2905	00002200020088	04c02252	5	5	0
2906	00002200040000	004ca218	31	3	0
2907	00002200100000	004c2a12	355	3	0
2908	00002200100080	04442232	81	4	0
2909	00002200100088	14402232	29	5	0
2910	00002200100100	144c0212	23	4	0
2911	00002200100180	14440232	24	5	0
2912	00002200120088	04c02232	9	6	0
2913	00002200140000	004ca320	27	4	0
2914	00002200180000	0640a032	246	4	0
2915	0000220018a000	1240a122	66	6	0
2916	00002200800000	14500858	18	3	0
2917	000022008000d0	14502850	4	6	0
2918	00002200808000	12582840	1	4	0
2919	00002200c00000	14502818	47	4	0
2920	00002200c000d2	14502830	6	8	0
2921	00002200c08000	10582818	6	5	0
2922	00002200d80000	16482810	7	6	0
2923	00002208000000	0444203a	165	3	0
2924	00002208000200	1440205a	26	4	0
2925	0000220800a000	1044203a	53	5	0
2926	00002208800000	14482848	1	4	0
2927	00002208800200	14c02848	1	5	0
2928	00002208c00000	14482818	4	5	0
2929	00002208c00200	14c02818	2	6	0
2930	0000220c000000	044c2052	18	4	0
2931	0000220c0000c0	04442072	41	6	0
2932	0000220c000100	144c0052	15	5	0
2933	0000220c0001c0	14440072	16	7	0
2934	0000220c00a000	104c2052	13	6	0
2935	0000220c00a0c0	1044a052	6	8	0
2936	0000220c00a8c0	10c42940	5	9	0
2937	0000220c180000	044c2032	46	6	0
2938	0000220c1800c0	04442132	63	8	0
2939	0000220c180100	144c0032	31	7	0
2940	0000220c1801c0	14448032	19	9	0
2941	0000220c18a000	104c2032	28	8	0
2942	0000220c18a0c0	1044a032	11	10	0
2943	0000220c18a8c0	10c4a110	3	11	1
2944	0000221e000000	14482052	11	6	0
2945	0000221e000100	14c80052	1	7	0
2946	0000221e0002fc	14c02052	7	13	0
2947	0000221e180000	14482032	25	8	0
2948	0000221e180100	14c88012	2	9	1
2949	0000221e1802fe	14c02032	12	16	0
2950	0000221e800000	14482850	2	7	0
2951	0000221ed80000	14482920	4	10	0
2952	00002300000000	04542038	169	3	0
2953	000023000000c0	04542070	30	5	0
2954	00002300008000	10542038	67	4	0
2955	000023000080c0	10542070	9	6	0
2956	0000230000a000	12442038	22	5	0
2957	00002300180000	06442130	29	5	0
2958	0000230018a000	124c2030	8	7	0
2959	00002300800000	14500158	41	4	0
2960	000023008000d0	14502070	5	7	0
2961	00002300808000	10d82048	3	5	0
2962	00002300c00000	14502038	56	5	0
2963	00002300c000d2	14d02030	3	9	1
2964	00002300c08000	10d82018	8	6	1
2965	00002300d80000	16482030	8	7	0
2966	00002308000000	04442078	54	4	0
2967	0000230800a000	10442158	16	6	0
2968	00002308800000	14482058	4	5	0
2969	00002308800200	14402158	3	6	0
2970	00002308c00000	14482038	6	6	0
2971	00002308c00200	14c02118	2	7	1
2972	0000230c000000	044c2070	10	5	0
2973	0000230c0000c0	04442170	10	7	0
2974	0000230c000100	144c0070	6	6	0
2975	0000230c0001c0	14c40070	3	8	1
2976	0000230c00a000	104c2070	5	7	0
2977	0000230c00a8c0	10c42150	1	10	1
2978	0000230c180000	044c2130	10	7	0
2979	0000230c1800c0	04c42130	5	9	0
2980	0000230c180100	144c0130	4	8	1
2981	0000230c18a000	10cc2030	3	9	1
2982	0000231e800000	14482070	6	8	0
2983	0000231e8002fc	14c02150	1	15	1
2984	0000231ed80000	14482130	4	11	1
2985	00002600000000	020ca20a	1413	3	0
2986	00002600000080	1014a212	86	4	0
2987	000026000000c0	14140072	99	5	0
2988	000026000000d0	14102852	6	6	0
2989	00002600004000	0214aa40	66	4	0
2990	00002600004080	1014a250	9	5	0
2991	00002600008000	1014205a	221	4	0
2992	000026000080c0	10942112	8	6	0
2993	0000260000c000	101c2850	57	5	0
2994	0000260000c0c0	1094a110	4	7	1
2995	00002600040000	0204a328	5	4	0
2996	00002600100000	020ca212	71	4	0
2997	00002600200000	0600a21a	197	4	0
2998	00002600200001	06102a12	129	5	0
2999	00002600200081	14102a12	24	6	0
3000	000026002000d3	1410a812	15	9	0
3001	00002600204001	1290a300	2	6	0
3002	00002600208000	1210a10a	10	5	0
3003	00002600208001	1290a012	3	6	0
3004	0000260020c001	1290a900	1	7	1
3005	00002600300001	0600a322	17	6	0
3006	00002600800000	14102858	31	4	0
3007	000026008000d0	14902940	1	7	0
3008	00002600c00000	14180838	32	5	0
3009	00002600c18000	12982808	1	7	1
3010	00002600e00000	14102838	14	6	0
3011	00002600e00001	16102830	6	7	0
3012	00002600e000d3	14902920	1	11	1
3013	00002601100000	06042b20	81	5	0
3014	00002601104000	1204a310	15	6	0
3015	00002601140000	020ca320	1	6	0
3016	00002601144000	028ca300	2	7	0
3017	00002601300001	0600a330	15	7	0
3018	00002620000000	108c2242	11	4	0
3019	00002620000080	14042252	21	5	0
3020	00002620000088	1480a242	1	6	0
3021	00002620004000	108c2340	2	5	0
3022	00002620100000	100c2232	23	5	0
3023	00002620100080	1084a212	17	6	0
3024	00002620300089	14802312	7	9	0
3025	00002621100000	100ca320	25	6	0
3026	00002621100080	14042330	20	7	0
3027	00002621104000	108c2310	5	7	0
3028	00002621300089	1480a320	1	10	1
3029	00002680000000	101c820a	6	4	0
3030	00002680001000	10948308	1	5	0
3031	00002680004000	109c8300	1	5	0
3032	00002680008000	101c801a	19	5	0
3033	00002680009000	1094810a	3	6	1
3034	0000268000c000	109c8900	1	6	1
3035	00002700000000	06142038	136	4	0
3036	000027000000c0	14142070	11	6	0
3037	00002700008000	101c2038	31	5	0
3038	0000270000c000	101c2150	10	6	0
3039	00002700800000	14182058	16	5	0
3040	00002700c00000	14182038	22	6	0
3041	00002700e00000	14902128	5	7	1
3042	00002780008000	109c0128	1	6	1
3043	00002800000000	0600303a	250	2	0
3044	0000280000a000	1204301a	51	4	0
3045	0000280000e000	1204b050	9	5	0
3046	00002800180000	0600b032	80	4	0
3047	0000280018a000	12043032	30	6	0
3048	00002801180000	0600b130	121	5	0
3049	0000280118a000	1204b030	10	7	0
3050	0000280118e000	1204b110	21	8	0
3051	00002808000000	1404301a	64	3	0
3052	00002808000200	1400303a	50	4	0
3053	0000280800a000	1004303a	58	5	0
3054	0000280c000000	14043052	28	4	0
3055	0000280c00a000	100c3052	9	6	0
3056	0000280c00e000	100cb050	7	7	0
3057	0000280c180000	14043032	21	6	0
3058	0000280c18a000	100c3032	20	8	0
3059	0000280d180000	14043130	35	7	0
3060	0000280d18a000	100cb030	6	9	0
3061	0000280d18e000	100cb110	9	10	0
3062	0000280d18e800	1084b110	2	11	1
3063	0000281c000000	14083052	21	5	0
3064	0000281c000230	1400b052	9	8	0
3065	0000281c180000	14083032	15	7	0
3066	0000281c180230	1400b032	14	10	0
3067	0000281d180000	14083130	20	8	0
3068	0000281d180230	1400b130	6	11	1
3069	0000284000a000	1200b01a	9	5	0
3070	0000284018a000	1280b012	3	7	1
3071	00002e00000000	0600a168	214	4	0
3072	00002e0000a000	1204281a	59	6	0
3073	00002e0000e000	1204a940	8	7	0
3074	00002e00180000	06042832	79	6	0
3075	00002e0018a000	1204a032	30	8	0
3076	00002e00200000	0600a11a	32	5	0
3077	00002e00380001	0680a112	19	8	0
3078	00002e00800000	16082848	1	5	0
3079	00002e00c00000	16082818	4	6	0
3080	00002e00e00000	16802908	1	7	1
3081	00002e01180000	0604a130	70	7	0
3082	00002e0118a000	1204a130	7	9	0
3083	00002e0118e000	1204a910	10	10	0
3084	00002e01380001	0680a920	8	9	1
3085	00002e01d80000	16882900	1	9	0
3086	00002e08000000	1404203a	80	5	0
3087	00002e0800a000	100c203a	23	7	0
3088	00002e08200200	1480a10a	1	7	1
3089	00002e08c00000	14882908	1	7	0
3090	00002e2c000000	140c2052	15	7	0
3091	00002e2c0000c0	14042072	24	9	0
3092	00002e2c00a000	108c2052	3	9	0
3093	00002e2c00e000	108ca140	1	10	0
3094	00002e2c180000	140c2032	15	9	0
3095	00002e2c1800c0	14042132	19	11	0
3096	00002e2c18a000	108c2032	9	11	0
3097	00002e2d180000	140c2830	16	10	0
3098	00002e2d1800c0	1404a130	12	12	0
3099	00002e2d18a000	108ca120	1	12	0
3100	00002e2d18e000	108ca110	2	13	1
3101	00002e3e000000	14882052	3	9	0
3102	00002e3e180000	14882112	8	11	0
3103	00002e3f180000	1488a120	1	12	1
3104	00002e4020a000	1280a10a	1	8	1
3105	00002f00000000	060c2038	44	5	0
3106	00002f0000a000	128c2018	4	7	0
3107	00002f0000e000	128c2140	1	8	0
3108	00002f00800000	16882048	1	6	0
3109	00002f00c00000	16082128	4	7	0
3110	00002f01180000	060c2130	14	8	0
3111	00002f0118e000	128c2110	1	11	1
3112	00002f01d80000	16882120	1	10	1
3113	00002f08000000	14042078	20	6	0
3114	00002f0800a000	108c2118	3	8	1
3115	00002f08c00000	14882128	1	8	1
3116	00002f2c000000	140c2070	6	8	0
3117	00002f2c0000c0	14842150	2	10	0
3118	00002f2d180000	140c2130	4	11	0
3119	00002f2d1800c0	14842130	1	13	1
3120	00003000000000	0600921a	151	2	0
3121	00003000000100	14041252	25	3	0
3122	00003000100000	06049212	38	3	0
3123	00003000100100	14041232	29	4	0
3124	00003001100000	06049230	65	4	0
3125	00003001100100	14041330	36	5	0
3126	00003600000000	06048328	89	4	0
3127	00003600100000	060c8212	26	5	0
3128	00003600200000	1680820a	2	5	0
3129	00003600300001	16808212	3	7	0
3130	00003601100000	060c8320	26	6	0
3131	00003620000100	148c0242	3	6	0
3132	00003620000180	14848242	1	7	0
3133	00003620100100	140c0232	8	7	0
3134	00003620100180	14840312	3	8	0
3135	00003621100100	140c8320	8	8	0
3136	00003800000000	0600911a	217	3	0
3137	00003800180000	06049032	78	5	0
3138	00003801180000	06049130	77	6	0
3139	00003808000000	1404103a	102	4	0
3140	00003808000200	1480111a	5	5	1
3141	0000380c000100	14041072	43	6	0
3142	0000380c180100	14041132	32	8	0
3143	0000380d180100	14049130	33	9	0
3144	0000381c000100	14881052	3	7	0
3145	0000381c180100	14881032	9	9	0
3146	0000381d180100	14889120	1	10	1
3147	00003e00000000	0604812a	130	5	0
3148	00003e00180000	060c8112	48	7	0
3149	00003e00200000	1680801a	4	6	0
3150	00003e00380001	16808902	1	9	1
3151	00003e01180000	068c8110	28	8	0
3152	00003e08000000	140c003a	56	6	0
3153	00003e2c000100	140c8052	8	9	0
3154	00003e2c0001c0	14848142	1	11	0
3155	00003e2c180100	140c8032	12	11	0
3156	00003e2c1801c0	14848112	3	13	1
3157	00003e2d180100	148c8110	3	12	1
3158	00003f00000000	160c0038	15	6	0
3159	00003f01180000	168c0110	2	9	1
3160	00003f08000000	140c0138	8	7	1
3161	00004000000000	0000129f	4197	1	0
3162	00004000000100	10441216	77	2	0
3163	00004000000200	0000189f	15	2	0
3164	00004000000400	02001a87	49	2	0
3165	00004000000800	00441895	82	2	0
3166	00004000002000	0004103f	474	2	0
3167	00004000002200	1040101f	2	3	0
3168	00004000002400	02009127	4	3	0
3169	00004000002800	10049125	23	3	0
3170	00004000004000	00049a85	185	2	0
3171	00004000004400	02009a85	17	3	0
3172	00004000004800	10041895	14	3	0
3173	00004000006000	020c9805	23	3	0
3174	00004000008000	0004189b	1006	2	0
3175	00004000008200	0040988b	39	3	0
3176	00004000008400	02809883	7	3	0
3177	00004000008800	00449891	51	3	0
3178	0000400000a000	000d101b	335	3	0
3179	0000400000a200	1041900b	4	4	0
3180	0000400000a400	12819003	1	4	0
3181	0000400000a800	10451051	12	4	0
3182	0000400000c000	000c9891	96	3	0
3183	0000400000c400	12019881	2	4	1
3184	0000400000c800	10049891	8	4	1
3185	0000400000e000	12059011	11	4	0
3186	00004000010000	000b088d	28	2	0
3187	00004000040000	02449288	6	2	0
3188	00004000080000	12471002	9	2	0
3189	0000400008a000	12451012	42	4	0
3190	00004000100000	12461202	3	2	0
3191	00004000100100	104e1210	3	3	0
3192	00004000180000	12461012	14	3	0
3193	00004000c00000	1048088d	1	3	0
3194	00004000c08000	10480899	5	4	0
3195	00004000c0a000	12490809	1	5	1
3196	00004000c18000	12090889	2	5	1
3197	00004004000100	10461016	18	3	0
3198	00004004000900	10461094	9	4	0
3199	00004004080100	104f1002	4	4	0
3200	00004004180100	104e1012	6	5	0
3201	00004008000000	1044108e	14	2	0
3202	00004008002000	1044101e	31	3	0
3203	00004008008000	1044109a	43	3	0
3204	0000400800a000	1045101a	30	4	0
3205	0000400c000100	10441096	20	4	0
3206	0000400c000900	104410d4	15	5	0
3207	0000400c002100	10441036	37	5	0
3208	0000400c002900	10459014	4	6	0
3209	0000400c008100	10449092	47	5	0
3210	0000400c008900	104490d0	11	6	0
3211	0000400c00a100	104d1050	4	6	0
3212	0000400c00a900	10c51050	2	7	0
3213	0000400c08a100	10459012	18	7	0
3214	0000400c08a900	10c59010	2	8	0
3215	00004010000000	00081897	46	2	0
3216	00004010000220	00401897	1	4	0
3217	00004010000820	10429881	1	4	0
3218	00004010008000	00481893	36	3	0
3219	00004010008220	10c09083	1	5	0
3220	00004010008a20	10419881	1	6	1
3221	00004080000000	1008009f	59	2	0
3222	00004080001000	10018a89	90	3	0
3223	00004080001800	100481a5	1	4	1
3224	00004080002000	100c001f	23	3	0
3225	00004080003000	1004003f	19	4	0
3226	00004080004000	100c0a85	14	3	0
3227	00004080005000	10058a81	1	4	1
3228	00004080008000	1008888b	36	3	0
3229	00004080009000	100400db	44	4	0
3230	0000408000a000	100d001b	16	4	0
3231	0000408000b000	10058129	4	5	0
3232	0000408000c000	100d8881	4	4	1
3233	00004100000000	000e009d	290	2	0
3234	00004100000800	10470085	1	3	1
3235	00004100002000	024d000d	35	3	0
3236	00004100008000	024c0099	67	3	0
3237	0000410000a000	02cd0009	36	4	0
3238	00004100010000	100b008d	12	3	1
3239	00004100c00000	1248008d	1	4	0
3240	00004100c08000	10490099	5	5	1
3241	00004108000000	104d008c	1	3	0
3242	00004108002000	10cd000c	1	4	0
3243	00004108008000	104d0098	4	4	0
3244	0000410800a000	10cd0048	2	5	1
3245	00004180000000	100c009d	6	3	0
3246	00004180001000	100400dd	6	4	0
3247	00004180002000	100c012d	10	4	0
3248	00004180008000	100c00b9	15	4	0
3249	00004180009000	100500d9	4	5	1
3250	0000418000a000	100d0059	4	5	0
3251	00004200000000	104e000e	40	2	0
3252	00004200002000	1244001e	43	3	0
3253	00004200100000	12468202	4	3	0
3254	00004200180000	12468012	11	4	0
3255	00004208002000	104c001e	4	4	0
3256	0000420c002100	104c8016	5	6	0
3257	00004300000000	124e000c	2	3	0
3258	00005000000000	1004128e	65	2	0
3259	00005000000100	10041296	7	3	0
3260	00005000040000	020c9288	1	3	0
3261	00005001000000	12069280	1	3	0
3262	00005001000100	100e1284	2	4	0
3263	00005001004000	12049284	11	4	0
3264	00005001004100	100c1294	6	5	0
3265	00005001100000	120e9200	1	4	0
3266	00005400000000	1205020e	3	3	0
3267	00005600000000	1204021e	11	4	0
3268	00005800000000	1006101e	105	3	0
3269	00005800002000	1204101e	45	4	0
3270	00005800004000	120490c4	1	4	0
3271	00005800008000	1204109a	70	4	0
3272	0000580000a000	1205180a	12	5	0
3273	0000580000c000	120c90c0	1	5	0
3274	0000580008a000	120d1012	4	6	0
3275	00005800180000	120e9002	3	5	0
3276	00005801000000	120490a4	9	4	0
3277	00005801002000	12049124	1	5	0
3278	00005801004000	12049094	11	5	0
3279	00005801006000	120c9014	6	6	0
3280	00005801008000	120c90a0	1	5	0
3281	0000580100c000	12049890	14	6	0
3282	0000580108e000	120d9100	3	8	0
3283	00005801180000	120e9800	2	6	0
3284	00005804000100	10061096	3	5	0
3285	00005805000100	100e1094	4	6	0
3286	00005808000000	1004109e	17	4	0
3287	00005808002000	100c101e	8	5	0
3288	00005808008000	10059888	18	5	0
3289	0000580800a000	108d100a	2	6	0
3290	0000580c000100	100410b6	10	6	0
3291	0000580c002100	100c1036	8	7	0
3292	0000580c008100	100c9092	3	7	0
3293	0000580d000100	100c90a4	1	7	0
3294	0000580d004100	100c9094	5	8	0
3295	0000580d00c100	108c9090	2	9	1
3296	00005888000000	100c009e	1	5	0
3297	00005888008000	100d8888	2	6	1
3298	00005c00002000	1205800e	6	5	0
3299	00005c0000a000	12058128	5	6	0
3300	00005c0008a000	128d8002	1	7	0
3301	00005e00000000	1206001e	20	5	0
3302	00005e00002000	1204081e	33	6	0
3303	00005e00180000	128e8002	1	7	0
3304	00006000000000	000c121b	431	2	0
3305	00006000000100	10c41242	3	3	0
3306	00006000000400	12809203	1	3	0
3307	00006000004000	020c9211	25	3	0
3308	0000600000a000	000c105b	771	4	0
3309	0000600000a200	10c0101b	2	5	1
3310	0000600000a400	12809103	1	5	1
3311	0000600000a800	10449051	10	5	0
3312	0000600000e000	028c9101	21	5	0
3313	00006000100000	12441212	16	3	0
3314	00006000100100	104c1212	11	4	0
3315	0000600018a000	12441032	42	6	0
3316	0000600800a000	1044901a	34	5	0
3317	0000600c00a100	104c1052	8	7	0
3318	0000600c00a900	10c41150	2	8	0
3319	0000600c18a100	104c1032	15	9	0
3320	0000600c18a900	10c49110	1	10	1
3321	0000601000a000	10c89003	1	5	1
3322	00006080000000	100c021b	26	3	0
3323	00006080001000	1004821b	11	4	0
3324	0000608000a000	100c003b	31	5	0
3325	0000608000b000	1084801b	7	6	1
3326	0000610000a000	10440159	37	5	0
3327	0000618000a000	108c0059	4	6	1
3328	00006200000000	10cc020a	13	3	0
3329	0000620000a000	1244801a	44	5	0
3330	00006200100000	12448212	14	4	0
3331	0000620018a000	12448032	29	7	0
3332	0000620800a000	10cc001a	6	6	0
3333	0000620c00a100	10cc8042	1	8	0
3334	0000620c18a100	10cc8012	1	10	1
3335	0000630000a000	12cc0048	2	6	1
3336	00007000000000	108c120a	11	3	0
3337	00007000100000	12049212	6	4	0
3338	00007000100100	108c1212	1	5	0
3339	00007001104000	120c9210	5	6	0
3340	00007600000000	12048328	5	5	0
3341	00007600100000	128c8202	1	6	0
3342	0000780000a000	1204901a	34	6	0
3343	0000780018a000	120c1812	11	8	0
3344	0000780118e000	120c9810	6	10	1
3345	0000780800a000	108c101a	4	7	0
3346	0000780c18a100	108c1112	2	11	1
3347	0000784000a000	1280910a	1	7	1
3348	00007e0000a000	1204812a	16	8	0
3349	00007e0018a000	12848902	4	10	1
3350	00008000000000	0000449f	9027	1	0
3351	00008000000002	00512492	98	2	0
3352	00008000000200	0000249f	325	2	0
3353	00008000002000	0048201f	12	2	0
3354	00008000008000	000820bb	174	2	0
3355	00008000008200	0040289b	8	3	0
3356	0000800000a000	0049201b	9	3	0
3357	00008000080000	00496412	319	2	0
3358	00008000180000	00486432	357	3	0
3359	00008000200000	02102c0e	108	2	0
3360	00008000200001	02902c06	92	3	0
3361	00008000200003	04102c16	32	4	0
3362	00008000280001	06012432	26	4	0
3363	00008000380001	0e002c12	11	5	0
3364	00008000800000	004044d9	4869	2	0
3365	00008000800200	004024cd	168	3	0
3366	00008000808000	004828c9	12	3	0
3367	00008000808200	004028d9	3	4	0
3368	00008000810000	000064cd	615	3	0
3369	00008000810200	00012cc9	3	4	0
3370	00008000814000	000868c5	23	4	0
3371	00008000818000	000828d9	9	4	0
3372	0000800081c000	001828d1	4	5	0
3373	00008000840000	0a4028c8	11	3	0
3374	00008000c00000	00404c8d	13235	3	0
3375	00008000c00002	00512c90	226	4	0
3376	00008000c00200	0040249d	453	4	0
3377	00008000c02000	0248280d	1	4	0
3378	00008000c08000	00482899	62	4	0
3379	00008000c08200	00412899	5	5	0
3380	00008000c0a000	00c92809	2	5	0
3381	00008000c10000	0000649d	1564	4	0
3382	00008000c10200	00802c99	4	5	1
3383	00008000c14000	00086895	70	5	0
3384	00008000c18000	00092899	36	5	0
3385	00008000c1c000	00192891	11	6	0
3386	00008000c40000	0a092888	38	4	0
3387	00008000c80000	00496430	455	4	0
3388	00008000c90000	00896430	7	5	0
3389	00008000cc0000	0ac92800	1	5	1
3390	00008000d80000	00c06530	412	5	0
3391	00008000d90000	00886530	8	6	0
3392	00008000e00000	0410252c	224	4	0
3393	00008000e00001	06102524	101	5	0
3394	00008000e00003	04102d24	41	6	0
3395	00008000e10000	02902c0c	2	5	0
3396	00008001c00000	060024b4	254	4	0
3397	00008001c10000	02082c94	19	5	1
3398	00008001c80000	06092430	39	5	0
3399	00008001d80000	0e082430	16	6	0
3400	00008001e00001	06012524	22	6	0
3401	00008001e80001	06012d20	22	7	0
3402	00008001f80001	0e002d20	7	8	0
3403	00008008000000	00092c8a	122	2	0
3404	00008008000200	00c0248e	125	3	0
3405	00008008200200	0401241e	24	4	0
3406	00008008800000	004824cc	87	3	0
3407	00008008800200	00412cc8	115	4	0
3408	00008008810000	00882cc8	1	4	0
3409	00008008c00000	0048249c	256	4	0
3410	00008008c00200	00c12498	198	5	0
3411	00008008c10000	00882d88	3	5	1
3412	00008008e00200	0481242c	26	6	0
3413	00008012000000	00082497	376	3	0
3414	00008012000200	00402497	183	4	0
3415	00008012000224	00412097	128	6	0
3416	0000801200022c	00402897	114	7	0
3417	00008012008000	00092893	24	4	0
3418	00008012008224	00412893	3	7	0
3419	0000801200822c	00c02893	1	8	1
3420	0000801200a000	00c92013	1	5	1
3421	00008012800000	004824c5	143	4	0
3422	00008012800200	004025d1	114	5	0
3423	00008012800224	040128c5	41	7	0
3424	0000801280022c	044028c5	32	8	0
3425	00008012800a24	084128c1	2	8	0
3426	00008012800a2c	084028c5	6	9	0
3427	00008012808000	004828d1	3	5	0
3428	00008012810000	00092cc1	6	5	0
3429	00008012c00000	00482495	428	5	0
3430	00008012c00200	00412c85	241	6	0
3431	00008012c00224	04012895	90	8	0
3432	00008012c0022c	040029a5	60	9	0
3433	00008012c00a24	08412885	6	9	0
3434	00008012c00a2c	08402895	9	10	1
3435	00008012c08000	004828b1	9	6	0
3436	00008012c10000	008824a5	13	6	1
3437	0000801e000000	00482496	81	5	0
3438	0000801e000200	00c124c2	38	6	0
3439	0000801e000202	00c02496	74	7	0
3440	0000801e080000	00c92412	24	6	0
3441	0000801e080202	04412432	24	8	0
3442	0000801e180000	08c82412	13	7	0
3443	0000801e180202	0c402432	6	9	0
3444	0000801e800000	004825d0	84	6	0
3445	0000801e800200	00c025d0	97	7	0
3446	0000801ec00000	00492c84	122	7	0
3447	0000801ec00202	044025a4	115	9	0
3448	0000801ec80000	04492430	35	8	0
3449	0000801ec80202	04412530	26	10	0
3450	0000801ed80000	08c82d00	12	9	0
3451	0000801ed80202	0cc02430	6	11	1
3452	0000803e000000	00882496	105	6	0
3453	0000803e000200	040124c6	20	7	0
3454	0000803e000202	04012496	38	8	0
3455	0000803e080000	04092432	17	7	0
3456	0000803e180000	0c082c12	5	8	0
3457	0000803e200203	04812416	5	10	0
3458	0000803e280203	04812512	5	11	0
3459	0000803e800000	040824d4	65	7	0
3460	0000803e800200	040125d0	32	8	0
3461	0000803fc00000	040824b4	94	9	0
3462	0000803fc00202	048025a4	37	11	0
3463	0000803fc80000	04892430	17	10	0
3464	0000803fd80000	0c882430	6	11	1
3465	0000803fe00203	0c812504	1	13	0
3466	0000803fe80203	0c812520	2	14	1
3467	00008040000000	0080641e	126	2	0
3468	00008040080000	02816412	9	3	0
3469	00008040180000	02806432	16	4	0
3470	00008040800000	0880644c	53	3	0
3471	00008040810000	00806558	26	4	0
3472	00008040c00000	0880642c	34	4	0
3473	00008040c10000	0080652c	26	5	0
3474	00008040c80000	08816520	5	5	0
3475	00008040c90000	02816520	3	6	0
3476	00008040d80000	0a806430	6	6	0
3477	00008040d90000	02806d20	1	7	1
3478	00008100800000	004060cd	1141	3	0
3479	00008100800200	040020dd	43	4	0
3480	00008100808000	004820d9	33	4	0
3481	00008100808200	00c120c9	1	5	0
3482	0000810080a000	00c92049	2	5	0
3483	00008100810000	000860cd	61	4	0
3484	00008100814000	000860d5	40	5	0
3485	00008100818000	001820d9	10	5	0
3486	0000810081c000	009820d1	4	6	0
3487	00008100c00000	0040609d	2820	4	0
3488	00008100c00200	040020bd	71	5	0
3489	00008100c02000	0249200d	1	5	0
3490	00008100c08000	004820b9	94	5	0
3491	00008100c08200	00c12189	1	6	1
3492	00008100c0a000	02492019	4	6	1
3493	00008100c10000	0008609d	212	5	0
3494	00008100c14000	00086195	76	6	0
3495	00008100c18000	001820b9	25	6	0
3496	00008100c1c000	00992181	5	7	1
3497	00008100c80000	06096030	45	5	0
3498	00008100d80000	06086130	15	6	0
3499	00008112800000	004920c5	40	5	0
3500	00008112800224	040120d5	31	8	0
3501	0000811280022c	044020d5	10	9	0
3502	00008112808000	004821d1	5	6	0
3503	00008112c00000	00492095	76	6	0
3504	00008112c00224	040120b5	38	9	0
3505	00008112c0022c	044020b5	11	10	0
3506	00008112c08000	004920b1	6	7	1
3507	00008200000000	0640201e	25	2	0
3508	00008200800000	06482844	2	3	0
3509	00008200c00000	0648280c	11	4	0
3510	00008300800000	0648204c	5	4	0
3511	00008300c00000	0648201c	17	5	0
3512	00008400000000	0611084a	26	2	0
3513	00008400200000	0611080e	7	3	0
3514	00008400200001	06110816	11	4	0
3515	00008400800000	0611084c	13	3	0
3516	00008400c00000	0619080c	19	4	0
3517	00008400e00000	0611081c	10	5	0
3518	00008400e00001	06112814	8	6	0
3519	00008500800000	06192044	6	4	0
3520	00008500c00000	0619200c	16	5	0
3521	00008500e00000	0611202c	2	6	0
3522	00008500e00001	06112124	1	7	0
3523	00008600000000	06102846	8	3	0
3524	00008600200000	0610280e	2	4	0
3525	00008600200001	06102816	5	5	0
3526	00008600800000	0610284c	3	4	0
3527	00008600c00000	0618280c	5	5	0
3528	00008600e00000	0610281c	4	6	0
3529	00008600e00001	06102924	3	7	0
3530	00008700800000	0618204c	2	5	0
3531	00008700c00000	0618201c	7	6	0
3532	00008800000000	0600209e	91	2	0
3533	00008800800000	060128c8	10	3	0
3534	00008800c00000	0601288c	12	4	0
3535	00008801c00000	06012894	22	5	0
3536	00008900800000	060120cc	24	4	0
3537	00008900c00000	0601209c	25	5	0
3538	00008901c00000	060820b4	21	6	0
3539	00008c00000000	0609200e	16	3	0
3540	00008c00080000	06092032	7	4	0
3541	00008c00200000	0601201e	5	4	0
3542	00008c00200001	06812016	1	5	0
3543	00008c00280001	06812112	1	6	1
3544	00008c00800000	06092848	1	4	0
3545	00008c00c00000	0609280c	5	5	0
3546	00008c01c80000	06892900	1	7	0
3547	00008d00800000	0609204c	2	5	0
3548	00008d00c00000	0609201c	8	6	0
3549	00008d01c80000	06892120	1	8	1
3550	00008e00000000	0608201e	10	4	0
3551	00009800000000	0609008e	10	3	0
3552	00009800800000	060908c8	1	4	0
3553	00009800c00000	0609088c	5	5	1
3554	00009c00000000	0689080a	1	4	1
3555	0000a000000000	0018241b	823	2	0
3556	0000a000000002	04502c12	7	3	0
3557	0000a000000200	00c0241b	47	3	0
3558	0000a000008000	0058201b	38	3	0
3559	0000a00000a000	0048281b	15	4	0
3560	0000a000180000	02482c12	31	4	0
3561	0000a000200000	02102c1a	25	3	0
3562	0000a000200001	02902c12	12	4	0
3563	0000a000200003	04902512	5	5	0
3564	0000a000380001	06802432	6	6	0
3565	0000a000800000	00482459	441	3	0
3566	0000a000800200	00c02c49	25	4	0
3567	0000a000808000	00582849	4	4	0
3568	0000a000810000	00182459	39	4	0
3569	0000a000818000	02182849	1	5	0
3570	0000a000c00000	00482c19	699	4	0
3571	0000a000c00002	04502c30	9	5	0
3572	0000a000c00200	04402439	27	5	0
3573	0000a000c08000	00582819	16	5	0
3574	0000a000c0a000	02c82809	1	6	1
3575	0000a000c10000	00182529	62	5	0
3576	0000a000c18000	00982909	5	6	0
3577	0000a000d80000	02c82c10	22	6	0
3578	0000a000e00000	04102c38	27	5	0
3579	0000a000e00001	06102530	10	6	0
3580	0000a000e00003	04902d10	2	7	1
3581	0000a000e10000	02902c18	3	6	1
3582	0000a001d80000	06082c30	9	7	0
3583	0000a001f80001	06802d10	2	9	1
3584	0000a008000000	00c8241a	19	3	0
3585	0000a008000200	0440245a	9	4	0
3586	0000a008200200	0480251a	1	5	1
3587	0000a008800000	00c82c48	10	4	0
3588	0000a008800200	04402558	8	5	0
3589	0000a008c00000	04482438	16	5	0
3590	0000a008c00200	04c02438	6	6	1
3591	0000a012000000	00c82413	49	4	0
3592	0000a012000200	04402453	10	5	0
3593	0000a01200022c	04c02033	8	8	0
3594	0000a012800000	04480551	17	5	0
3595	0000a012800200	04402551	7	6	0
3596	0000a012c00000	04482431	23	6	0
3597	0000a012c00200	04c02431	6	7	1
3598	0000a01e000000	00c82452	6	6	0
3599	0000a01e000200	04402552	5	7	0
3600	0000a01e180000	04482432	10	8	0
3601	0000a01e180202	04c02432	5	10	1
3602	0000a01e800000	00c82550	11	7	0
3603	0000a01e800200	04c02550	4	8	1
3604	0000a01ed80000	04c82430	6	10	1
3605	0000a03e000000	04882452	4	7	0
3606	0000a03e180000	04882432	6	9	1
3607	0000a03e800000	04882550	2	8	1
3608	0000a100800000	04102159	78	4	0
3609	0000a100800200	04402159	4	5	0
3610	0000a100808000	00582059	6	5	0
3611	0000a10080a000	02c82049	1	6	1
3612	0000a100c00000	04182039	119	5	0
3613	0000a100c00200	04c02119	2	6	1
3614	0000a100c08000	00582129	11	6	0
3615	0000a100c18000	02982109	1	7	1
3616	0000a112800000	04482071	5	6	0
3617	0000a112c00000	04c82031	3	7	1
3618	0000a200000000	0640281a	43	3	0
3619	0000a200180000	06482032	15	5	0
3620	0000a200800000	06482848	9	4	0
3621	0000a200c00000	06482818	20	5	0
3622	0000a200d80000	06482830	6	7	0
3623	0000a300800000	06482058	19	5	0
3624	0000a300c00000	06482038	22	6	0
3625	0000a300d80000	06c82030	3	8	1
3626	0000a600000000	0610284a	22	4	0
3627	0000a600200000	0610281a	6	5	0
3628	0000a600200001	06102832	4	6	0
3629	0000a600800000	06102858	11	5	0
3630	0000a600c00000	06182818	10	6	0
3631	0000a600e00000	06102838	6	7	0
3632	0000a600e00001	06902920	1	8	1
3633	0000a700800000	06182058	5	6	0
3634	0000a700c00000	06182128	6	7	0
3635	0000ae00000000	0608281a	9	5	0
3636	0000ae00180000	06882032	6	7	1
3637	0000c000000000	0208009f	2	2	0
3638	0000c000008000	0209088b	6	3	0
3639	0000c000c08000	02490889	1	5	0
3640	00010000000000	0140308e	10215	1	0
3641	00010000000010	04111096	1388	2	0
3642	00010000000012	05110096	215	3	0
3643	00010000000030	05401036	605	3	0
3644	00010000000034	05410056	155	4	0
3645	00010000000036	05410036	210	5	0
3646	00010000000050	041188c4	48	3	0
3647	00010000000052	04118886	147	4	0
3648	00010000002000	0140301e	50	2	0
3649	00010000020000	0450a08a	258	2	0
3650	00010000020010	055000c6	58	3	0
3651	00010000020012	05500096	175	4	0
3652	0001000002003c	054000d6	107	6	0
3653	0001000002003e	054000b6	174	7	0
3654	000100000200d0	0450a0c2	15	5	0
3655	000100000200d2	0450a086	49	6	0
3656	00010000040000	0140309c	223	2	0
3657	00010000042000	0140305c	116	3	0
3658	00010000080000	04017032	1093	2	0
3659	00010000080030	05411032	136	4	0
3660	00010000080036	05412032	115	6	0
3661	00010000180000	04407032	682	3	0
3662	00010000180030	05401132	124	5	0
3663	000100001a003e	0d402032	44	9	0
3664	00010000200000	0c11880a	72	2	0
3665	00010000200013	0d110124	56	5	0
3666	00010000200037	0d012016	16	7	0
3667	00010000200053	0c11a012	10	6	0
3668	00010000280037	0d012032	24	8	0
3669	00010008000000	0448300e	296	2	0
3670	00010008000200	0440301e	569	3	0
3671	00010008020200	0440a08e	56	4	0
3672	00010008040000	0848301c	47	3	0
3673	00010008040200	0840309c	26	4	0
3674	00010008200200	0c81a00a	2	4	0
3675	0001001c000000	04483016	126	4	0
3676	0001001c000100	04489016	225	5	0
3677	0001001c000230	04403036	372	7	0
3678	0001001c000330	04409096	293	8	0
3679	0001001c080000	04493012	34	5	0
3680	0001001c080100	04491032	64	6	0
3681	0001001c080230	04413032	68	8	0
3682	0001001c080330	04419032	64	9	0
3683	0001001c180000	0c483012	21	6	0
3684	0001001c180100	0c481032	21	7	0
3685	0001001c180230	0c403032	35	9	0
3686	0001001c180330	0cc01112	4	10	0
3687	0001001d000000	0c093014	13	5	0
3688	0001001d000100	0c091094	22	6	0
3689	0001001d000230	0c013034	35	8	0
3690	0001001d000330	0c019884	3	9	1
3691	0001001d080000	0c093030	15	6	0
3692	0001001d080100	0c099810	5	7	1
3693	0001001d080230	0c01b030	14	9	0
3694	0001001e000000	0448a086	73	5	0
3695	0001001e000100	04498016	50	6	0
3696	0001001e000274	0441a046	36	10	0
3697	0001001e000276	0441a016	49	11	0
3698	0001001e000374	04c180c2	7	11	0
3699	0001001e000376	04418096	18	12	0
3700	0001001e0202fc	0440a0c6	29	13	0
3701	0001001e0202fe	0440a096	55	14	0
3702	0001001e080000	0449a012	21	6	0
3703	0001001e080100	04498812	18	7	0
3704	0001001e080276	0441a032	35	12	0
3705	0001001e080376	0cc18012	3	13	1
3706	0001001e180000	0c48a012	15	7	0
3707	0001001e1a02fe	0c40a032	13	16	0
3708	0001003e000000	0c09a006	6	6	0
3709	0001003e000100	0c098882	2	7	0
3710	0001003e000274	0c01a8c0	2	11	0
3711	0001003e000276	0c01a086	4	12	0
3712	0001003e080000	0c09a012	3	7	0
3713	0001003f000000	0c09a084	7	7	0
3714	0001003f000100	0c898880	1	8	1
3715	0001003f000276	0c01a1a0	8	13	0
3716	0001003f080000	0c89a010	3	8	0
3717	00010100000000	0140603c	1286	2	0
3718	00010100000010	051120c4	26	3	0
3719	00010100000012	051101a4	47	4	0
3720	00010100000034	05410074	35	5	0
3721	00010100000036	054100b4	30	6	0
3722	00010100020000	054001d8	39	3	0
3723	00010100020010	055000d4	13	4	0
3724	00010100020012	055000b4	19	5	0
3725	0001010002003c	054020d4	11	7	0
3726	0001010002003e	054020b4	10	8	0
3727	00010100040000	0148209c	21	3	0
3728	00010100042000	0149201c	14	4	0
3729	00010100080000	05016130	45	3	0
3730	00010100080036	05412130	5	7	0
3731	00010100180000	05406130	15	4	0
3732	00010200000000	0158200e	307	2	0
3733	00010200002000	0148201e	23	3	0
3734	00010200020000	0450a00e	165	3	0
3735	00010200020010	05500056	55	4	0
3736	00010200020012	05500036	106	5	0
3737	0001020002003c	05402056	54	7	0
3738	0001020002003e	05402036	38	8	0
3739	000102000200d0	0450a844	1	6	0
3740	000102000200d2	0450a016	10	7	0
3741	00010200042000	0148a01c	23	4	0
3742	00010200180000	05482032	55	4	0
3743	000102001a003e	05402132	38	10	0
3744	00010208000000	0448a00e	6	3	0
3745	00010208020200	0440a12c	2	5	0
3746	0001021e000000	0448a016	12	6	0
3747	0001021e0202fe	04c0a016	3	15	0
3748	00010300000000	0158201c	124	3	0
3749	00010300020000	0540203c	47	4	0
3750	00010300020010	05500154	16	5	0
3751	00010300020012	05502034	11	6	0
3752	0001030002003c	05402074	10	8	0
3753	0001030002003e	05402134	4	9	0
3754	00010300042000	01c8201c	8	5	0
3755	00010300180000	05482130	4	5	0
3756	000103001a003e	05c02130	1	11	1
3757	00010400000000	0411a848	186	2	0
3758	00010400000010	05112046	32	3	0
3759	00010400000050	0411a844	2	4	0
3760	00010400200000	0411812c	75	3	0
3761	00010400200013	05110816	77	6	0
3762	00010400200053	04118924	14	7	0
3763	00010500000000	0511204c	56	3	0
3764	00010500000010	05112054	10	4	0
3765	00010500200000	0511012c	12	4	0
3766	00010500200013	05112034	9	7	0
3767	00010800000000	0501208e	124	2	0
3768	00010800000030	05013016	85	4	0
3769	00010800000034	050120c6	18	5	0
3770	00010800000036	05012096	46	6	0
3771	00010800080000	05093012	21	3	0
3772	00010800080030	05013032	35	5	0
3773	00010808000000	0409300e	53	3	0
3774	00010808000200	0401301e	124	4	0
3775	0001081c000000	04093016	49	5	0
3776	0001081c000230	04013036	72	8	0
3777	0001081c080000	04093032	15	6	0
3778	0001081c080230	0401b032	13	9	0
3779	0001081d000000	04093034	36	6	0
3780	0001081d000230	040130b4	41	9	0
3781	0001081d080000	04093130	20	7	0
3782	0001081d080230	0481b110	3	10	1
3783	0001083e000000	0409a086	13	7	0
3784	0001083e000274	0481a0c2	1	12	0
3785	0001083e000276	0401a096	7	13	0
3786	0001083f000000	0409a094	15	8	0
3787	0001083f000276	0401a1a4	2	14	1
3788	00010900000000	0501209c	36	3	0
3789	00010900000034	050120d4	10	6	0
3790	00010900000036	050120b4	10	7	0
3791	00010c00000000	0501204e	67	3	0
3792	00010c00000034	05012056	14	6	0
3793	00010c00080000	05092032	31	4	0
3794	00010c00200000	0501201e	36	4	0
3795	00010c00200037	05012036	18	9	0
3796	00010c00280037	0501a032	16	10	0
3797	00010c08000000	0409a00e	11	4	0
3798	00010c08200200	0481a10a	1	6	1
3799	00010c3e000000	0409a016	3	8	0
3800	00010c3e080000	0409a812	5	9	0
3801	00010c3f000000	0409a124	1	9	0
3802	00010c3f080000	0489a120	1	10	1
3803	00010d00000000	0509201c	33	4	0
3804	00010d00080000	05092130	4	5	0
3805	00010d00200000	0501212c	4	5	0
3806	00010d00200037	05812124	1	10	1
3807	00011800000000	0501101e	331	3	0
3808	00011800000030	05011036	128	5	0
3809	00011800000034	058180c2	1	6	0
3810	00011800000036	050181a4	5	7	0
3811	00011800080000	05091032	35	4	0
3812	00011800080030	05019032	18	6	0
3813	00011808000000	0409101e	66	4	0
3814	00011808000200	0401109e	23	5	0
3815	0001181c000100	04091036	38	7	0
3816	0001181c000330	04811096	4	10	0
3817	0001181c080100	04891032	7	8	0
3818	0001181d000100	04091894	19	8	0
3819	00011900000000	0509009c	24	4	0
3820	00011c00000000	0509001e	42	4	0
3821	00011c00080000	05890112	7	5	0
3822	00011c00200000	0501812c	2	5	0
3823	00011c00200037	05818124	1	10	1
3824	00011d00000000	0589002c	2	5	1
3825	00012000000000	0450301a	112	2	0
3826	00012000000010	04503032	82	3	0
3827	00012008000000	0448301a	38	3	0
3828	00012008000200	0440303a	59	4	0
3829	0001201c000000	04483052	21	5	0
3830	0001201c000100	04489052	5	6	0
3831	0001201c000230	04403072	29	8	0
3832	0001201c000330	04c09052	1	9	0
3833	0001201c180000	04483032	35	7	0
3834	0001201c180100	04489812	9	8	0
3835	0001201c180230	04403132	32	10	0
3836	0001201c180330	04c09112	1	11	1
3837	00012200000000	0458a00a	28	3	0
3838	00012200020000	0450a01a	19	4	0
3839	000122000200d0	0450a052	11	7	0
3840	000122000200d2	0450a122	17	8	0
3841	00012208000000	0448a01a	19	4	0
3842	00012208020200	04c0a01a	6	6	0
3843	0001221e000000	0448a052	9	7	0
3844	0001221e0202fc	04c0a052	1	15	0
3845	0001221e180000	0448a032	17	9	0
3846	0001221e1a02fe	04c0a112	2	18	1
3847	00018000000000	0401409e	1027	2	0
3848	00018000000050	041108d2	25	4	0
3849	00018000000052	04110896	86	5	0
3850	00018000020000	0450208e	15	3	0
3851	000180000200d0	045020c6	8	6	0
3852	000180000200d2	04502096	32	7	0
3853	00018000080000	04096032	101	3	0
3854	00018000180000	04406132	34	4	0
3855	00018000200000	0c11201a	4	3	0
3856	00018000200053	0c112806	4	7	0
3857	00018000800000	0401684c	448	3	0
3858	00018000800050	041128c4	49	5	0
3859	00018000820000	045028c8	8	4	0
3860	000180008200d0	045028c4	22	7	0
3861	00018000c00000	0401681c	1144	4	0
3862	00018000c00052	041109a4	98	7	0
3863	00018000c20000	0450288c	26	5	0
3864	00018000c200d2	04502894	40	9	0
3865	00018000c80000	04096830	92	5	0
3866	00018000d80000	04486830	29	6	0
3867	00018000e00000	0c11082c	8	5	0
3868	00018000e00053	0c112824	3	9	0
3869	00018008000000	0448208e	78	3	0
3870	00018008000200	0441009e	64	4	0
3871	00018008020200	0440209e	34	5	0
3872	00018008200200	0c81201a	1	5	1
3873	00018008800000	044828c8	28	4	0
3874	00018008800200	044108d8	26	5	0
3875	00018008820200	044028cc	16	6	0
3876	00018008840000	084820d8	5	5	0
3877	00018008c00000	0448288c	94	5	0
3878	00018008c00200	0441281c	60	6	0
3879	00018008c20200	0440289c	29	7	0
3880	00018008c40000	0848209c	17	6	0
3881	0001801e000000	04482096	60	6	0
3882	0001801e000100	04490036	42	7	0
3883	0001801e000274	04412056	24	11	0
3884	0001801e000276	04412036	35	12	0
3885	0001801e000374	04410076	9	12	0
3886	0001801e000376	044100b6	13	13	0
3887	0001801e0202fc	044020d6	21	14	0
3888	0001801e0202fe	044020b6	34	15	0
3889	0001801e080000	04492032	15	7	0
3890	0001801e080100	04c90032	12	8	0
3891	0001801e080276	04412132	19	13	0
3892	0001801e180000	0c482032	10	8	0
3893	0001801e1a02fe	0cc02032	5	17	1
3894	0001801e800000	044828c4	39	7	0
3895	0001801e800100	044908d0	15	8	0
3896	0001801e800274	044128c4	31	12	0
3897	0001801e800374	0c4108d0	5	13	0
3898	0001801e8202fc	044029d0	23	15	0
3899	0001801ec00000	04482894	55	8	0
3900	0001801ec00100	04490894	23	9	0
3901	0001801ec00276	04412894	38	14	0
3902	0001801ec00376	0cc10890	2	15	1
3903	0001801ec202fe	04c02990	23	17	0
3904	0001801ec80000	04492830	16	9	0
3905	0001801ec80100	0cc90110	4	10	1
3906	0001801ec80276	04c12910	12	15	0
3907	0001801ed80000	0c482130	10	10	1
3908	0001803e000000	0c092016	12	7	0
3909	0001803e000100	0c090892	3	8	1
3910	0001803e000274	0c0120d2	3	12	0
3911	0001803e000276	0c012096	10	13	0
3912	0001803e080000	0c092032	7	8	0
3913	0001803e800000	0c0920c4	9	8	0
3914	0001803e800274	0c0128c4	5	13	0
3915	0001803fc00000	0c092094	15	10	0
3916	0001803fc00276	0c012894	5	16	1
3917	0001803fc80000	0c892900	1	11	1
3918	00018100800000	0401605c	374	4	0
3919	00018100800050	041121d0	19	6	0
3920	00018100820000	045020cc	5	5	0
3921	000181008200d0	045020d4	7	8	0
3922	00018100c00000	0401603c	639	5	0
3923	00018100c00052	041121a4	24	8	0
3924	00018100c20000	0450209c	10	6	0
3925	00018100c200d2	045020b4	9	10	0
3926	00018100c80000	04096130	21	6	0
3927	00018100d80000	04486130	5	7	0
3928	00018108800000	044820cc	20	5	0
3929	00018108800200	0441205c	15	6	0
3930	00018108820200	044021d8	3	7	0
3931	00018108c00000	0448209c	39	6	0
3932	00018108c00200	0441203c	20	7	0
3933	00018108c20200	04c0218c	3	8	0
3934	0001811e800000	044820d4	25	8	0
3935	0001811e800100	044900d4	7	9	0
3936	0001811e800274	044120d4	19	13	0
3937	0001811e800374	04c101d0	1	14	1
3938	0001811e8202fc	044021f0	2	16	0
3939	0001811ec00000	044820b4	26	9	0
3940	0001811ec00100	04c90094	6	10	1
3941	0001811ec00276	044120b4	14	15	0
3942	0001811ec202fe	04c021a4	1	18	1
3943	0001811ec80000	04492130	4	10	0
3944	0001811ec80276	04c12130	1	16	1
3945	00018200000000	0458200e	7	3	0
3946	00018200020000	0450201e	3	4	0
3947	000182000200d0	04502846	1	7	0
3948	000182000200d2	04502816	6	8	0
3949	00018200800000	04582844	1	4	0
3950	00018200820000	0450284c	1	5	0
3951	000182008200d0	04502854	2	8	0
3952	00018200c00000	0458280c	5	5	0
3953	00018200c20000	0450281c	4	6	0
3954	00018200c200d2	04502924	4	10	0
3955	00018208000000	0448201e	6	4	0
3956	00018208020200	04c0201e	1	6	0
3957	00018208c00000	04c8280c	1	6	0
3958	0001821e000000	04482036	9	7	0
3959	0001821e0202fe	04c02116	1	16	1
3960	00018300800000	0458204c	4	5	0
3961	00018300c00000	0458201c	9	6	0
3962	00018300c20000	0450212c	2	7	0
3963	00018300c200d2	04d02124	1	11	1
3964	00018308800000	04c8204c	1	6	0
3965	00018308c00000	04c8201c	3	7	0
3966	0001831e800000	04c82054	1	9	0
3967	0001831ec00000	04c82124	1	10	1
3968	00018400000000	0411284a	40	3	0
3969	00018400000050	04912842	1	5	0
3970	00018400200000	0411280e	8	4	0
3971	00018400200053	04112816	4	8	0
3972	00018400800000	0411284c	13	4	0
3973	00018400c00000	0419081c	26	5	0
3974	00018400e00000	0411092c	9	6	0
3975	00018400e00053	04112924	1	10	0
3976	00018500800000	0419204c	8	5	0
3977	00018500c00000	0419012c	16	6	0
3978	00018500e00000	0411212c	1	7	0
3979	00018500e00053	04912124	1	11	1
3980	00018808000000	0409208e	7	4	0
3981	00018808000200	0401209e	13	5	0
3982	00018808800000	040928c8	1	5	0
3983	00018808800200	040128d8	2	6	0
3984	00018808c00000	0409288c	5	6	0
3985	00018808c00200	0481288c	3	7	1
3986	0001883e000000	04092096	21	8	0
3987	0001883e000274	040120d6	2	13	0
3988	0001883e000276	040120b6	9	14	1
3989	0001883e800000	040928c4	5	9	0
3990	0001883fc00000	04092894	10	11	0
3991	00018908800000	040920cc	5	6	0
3992	00018908c00000	0409209c	10	7	0
3993	0001893e800000	040920d4	8	10	0
3994	0001893fc00000	040920b4	10	12	0
3995	00018c08000000	0409201e	11	5	0
3996	00018c3e000000	04092036	7	9	0
3997	00018c3e080000	04892032	5	10	1
3998	00019808000000	0409089a	3	5	1
3999	0001a200000000	0458201a	21	4	0
4000	0001a200020000	0450281a	9	5	0
4001	0001a2000200d0	04502152	5	8	0
4002	0001a2000200d2	04502832	6	9	0
4003	0001a200800000	04582848	5	5	0
4004	0001a200820000	04502858	4	6	0
4005	0001a2008200d0	04502950	4	9	0
4006	0001a200c00000	04582818	10	6	0
4007	0001a200c20000	04502838	6	7	0
4008	0001a200c200d2	04d02910	2	11	1
4009	0001a208000000	0448203a	12	5	0
4010	0001a208800000	04482858	2	6	0
4011	0001a208c00000	04c82818	3	7	0
4012	0001a21e000000	04482072	7	8	0
4013	0001a21e0202fc	04c02152	1	16	1
4014	0001a21e180000	04c82032	6	10	1
4015	0001a21e800000	04c82850	2	9	0
4016	0001a300800000	04582058	10	6	0
4017	0001a300820000	04502158	2	7	0
4018	0001a3008200d0	04502170	2	10	1
4019	0001a300c00000	04582038	10	7	0
4020	0001a300c20000	04d02118	2	8	1
4021	0001a308800000	04482158	3	7	0
4022	0001a308c00000	04c82118	2	8	1
4023	0001a31e800000	04c82150	2	10	1
4024	00020000000000	0400321e	10868	1	0
4025	00020000000080	04142286	81	2	0
4026	000200000000c0	04142096	173	3	0
4027	00020000000100	0c041216	48	2	0
4028	00020000020000	0400229e	322	2	0
4029	00020000020008	05002296	149	3	0
4030	00020000020080	04102296	85	3	0
4031	00020000100000	04007232	1240	2	0
4032	00020000100100	0c041a12	19	3	0
4033	00020000180000	04046132	787	3	0
4034	00020000220000	0c102a0a	68	3	0
4035	00020000220001	0d100a06	57	4	0
4036	00020000220009	0d002216	19	5	0
4037	00020000220081	0c10aa02	8	5	0
4038	00020000320009	0d002232	31	6	0
4039	00020001000000	040032b4	189	2	0
4040	00020001000100	0c041294	48	3	0
4041	00020001100000	0c003330	52	3	0
4042	00020001100100	0c049a10	22	4	0
4043	00020008000000	0c04101e	350	2	0
4044	0002000c000000	0c043016	60	3	0
4045	0002000c000100	0c041036	92	4	0
4046	0002000c180000	0c043032	21	5	0
4047	0002000c180100	0c049812	22	6	0
4048	0002000d000000	0c043034	49	4	0
4049	0002000d000100	0c041894	66	5	0
4050	0002000d180000	0c043130	35	6	0
4051	0002000d180100	0c0c1830	22	7	0
4052	00020020000000	04082296	90	2	0
4053	00020020000080	04042296	79	3	0
4054	00020020020088	0400a296	37	5	0
4055	00020020100000	0c082a12	13	3	0
4056	00020020100080	0c042232	9	4	0
4057	00020021000000	040823a4	88	3	0
4058	00020021000080	040422b4	64	4	0
4059	00020021020088	0400a3a4	9	6	1
4060	00020021100000	0c08a320	19	4	0
4061	00020021100080	0c04a320	11	5	0
4062	0002002c000000	0c0c2016	49	4	0
4063	0002002c0000c0	0c042036	77	6	0
4064	0002002c180000	0c0c2032	15	6	0
4065	0002002c1800c0	0c04a812	10	8	0
4066	0002002d000000	0c0c2034	36	5	0
4067	0002002d0000c0	0c0420b4	41	7	0
4068	0002002d180000	0c0c2130	20	7	0
4069	0002002d1800c0	0c84a110	4	9	1
4070	00020100000000	0404603c	632	2	0
4071	000201000000c0	041420b4	20	4	0
4072	00020100180000	040c6130	20	4	0
4073	00020600000000	0404221e	1025	3	0
4074	00020600000080	04142216	24	4	0
4075	000206000000c0	04142036	44	5	0
4076	00020600020000	0500224e	73	4	0
4077	00020600020008	05002256	22	5	0
4078	00020600100000	05042232	91	4	0
4079	00020600220000	04102a0e	101	5	0
4080	00020600220001	05100a16	85	6	0
4081	00020600220009	05002236	19	7	0
4082	00020600220081	0410a324	5	7	0
4083	00020600320009	0500a232	23	8	0
4084	00020620000000	040c2216	17	4	0
4085	00020620000080	04042236	16	5	0
4086	00020621000000	040c2234	15	5	0
4087	00020621000080	0404a324	4	6	0
4088	00020700000000	0414203c	141	4	0
4089	000207000000c0	04142134	4	6	0
4090	00020800000000	0504208e	273	2	0
4091	00020800180000	05043032	56	4	0
4092	00020808000000	0404209e	164	3	0
4093	0002080c000000	04043036	113	4	0
4094	0002080d000000	040430b4	91	5	0
4095	0002082c000000	040c2096	39	5	0
4096	0002082c0000c0	040420b6	71	7	0
4097	0002082d000000	040c2894	25	6	0
4098	0002082d0000c0	040429a4	25	8	0
4099	00020900000000	0504209c	56	3	0
4100	00020908000000	040420bc	33	4	0
4101	0002092c000000	040c20d4	10	6	0
4102	0002092c0000c0	048420d4	4	8	0
4103	0002092d000000	040c20b4	10	7	0
4104	0002092d0000c0	040421b4	4	9	1
4105	00020e00000000	0504201e	193	4	0
4106	00020e00180000	05042132	65	6	0
4107	00020e08000000	0404203e	34	5	0
4108	00020e2c000000	040c2036	27	7	0
4109	00020e2c0000c0	04042076	20	9	0
4110	00020e2d000000	040ca034	13	8	0
4111	00020e2d0000c0	0404a134	3	10	1
4112	00020f00000000	0504203c	64	5	0
4113	00020f00180000	050c2130	5	7	0
4114	00020f08000000	040c203c	11	6	0
4115	00020f2c000000	048c2054	3	8	0
4116	00020f2d000000	040c2134	4	9	0
4117	00021000000000	0404920e	789	2	0
4118	00021000000100	04049216	20	3	0
4119	00021000020000	05008a8a	8	3	0
4120	00021000020008	05800296	6	4	0
4121	00021000100000	05001332	120	3	0
4122	00021001000100	04049294	25	4	0
4123	00021600000000	0504021e	186	4	0
4124	00021600100000	05048232	60	5	0
4125	00021800000000	0504009e	582	3	0
4126	00021800180000	05041132	67	5	0
4127	00021808000000	0404901e	43	4	0
4128	0002180c000100	04049036	49	6	0
4129	0002180d000100	040491a4	33	7	0
4130	00021900000000	050c009c	34	4	0
4131	00021e00000000	0504081e	137	5	0
4132	00021e00180000	050c8032	20	7	0
4133	00021f00000000	050c005c	16	6	1
4134	00022000000000	0400323a	611	2	0
4135	00022000100000	04003332	51	3	0
4136	00022001100000	0400b330	62	4	0
4137	00022600000000	0404223a	289	4	0
4138	00022600000080	04142232	49	5	0
4139	000226000000c0	04142072	56	6	0
4140	00022600020000	0410aa48	2	5	0
4141	00022600020080	04902a42	3	6	0
4142	00022600220000	04102a1a	12	6	0
4143	00022600220081	0410ab20	8	8	0
4144	00022620000000	040c2252	19	5	0
4145	00022620000080	04842252	5	6	0
4146	00022620100000	040c2232	24	6	0
4147	00022620100080	0404a232	11	7	0
4148	00022621100000	040c2330	19	7	0
4149	00022621100080	0484a310	3	8	1
4150	00022700000000	04142158	25	5	0
4151	000227000000c0	04942150	1	7	1
4152	00022808000000	0404303a	84	4	0
4153	0002280c000000	04043072	49	5	0
4154	0002280c180000	04043132	35	7	0
4155	0002280d180000	0404b130	34	8	0
4156	00022e08000000	0404a11a	63	6	0
4157	00022e2c000000	040c2072	19	8	0
4158	00022e2c0000c0	04842152	3	10	0
4159	00022e2c180000	040c2132	19	10	0
4160	00022e2c1800c0	04842132	7	12	1
4161	00022e2d180000	040ca130	10	11	0
4162	00022f08000000	040c2138	8	7	0
4163	00022f2c000000	048c2150	2	9	0
4164	00022f2d180000	048c2130	1	12	1
4165	00023000000000	0404921a	15	3	0
4166	00023000000100	040c9242	5	4	0
4167	00023000100100	040c9212	11	5	0
4168	00023001100100	040c9230	10	6	0
4169	00023808000000	040c901a	28	5	0
4170	0002380c000100	040c9052	6	7	0
4171	0002380c180100	040c9032	12	9	0
4172	0002380d180100	048c9030	5	10	0
4173	00030000000000	0400701e	7650	2	0
4174	00030000000010	04103036	881	3	0
4175	00030000000030	0d001036	209	4	0
4176	00030000020000	0410a08e	218	3	0
4177	00030000020010	051008c6	104	4	0
4178	00030000020012	05100896	150	5	0
4179	0003000002003c	0d0020c6	47	7	0
4180	0003000002003e	0d002096	57	8	0
4181	000300000200d0	0410a0d2	18	6	0
4182	000300000200d2	0410a096	41	7	0
4183	00030000180000	04007132	793	4	0
4184	00030000180030	0d003032	49	6	0
4185	00030000220000	0c10a128	98	4	0
4186	00030000220013	0d100816	82	7	0
4187	0003000022003f	0d002816	11	10	0
4188	000300002200d3	0c10a124	9	9	0
4189	000300003a003f	0d00a812	11	12	0
4190	00030008000000	0c08101e	127	3	0
4191	00030008000200	0c00189a	100	4	0
4192	00030008020200	0c00a09a	11	5	0
4193	0003001c000000	0c083016	49	5	0
4194	0003001c000100	0c081096	41	6	0
4195	0003001c000230	0c003036	72	8	0
4196	0003001c000330	0c801096	4	9	0
4197	0003001c180000	0c083032	15	7	0
4198	0003001c180100	0c881112	6	8	0
4199	0003001c180230	0c00b812	10	10	0
4200	0003001d000000	0c083034	36	6	0
4201	0003001d000100	0c081894	19	7	0
4202	0003001d000230	0c0030b4	39	9	0
4203	0003001d180000	0c083130	20	8	0
4204	0003001d180230	0c80b110	3	11	1
4205	0003003e000000	0c08a086	16	7	0
4206	0003003e0202fc	0c80a0c2	2	15	0
4207	0003003e0202fe	0c80a086	4	16	0
4208	0003003e180000	0c88a012	4	9	0
4209	0003003f000000	0c08a094	15	8	0
4210	00030100000000	050040dc	476	3	0
4211	00030100020000	051001ac	16	4	0
4212	00030100020010	051020d4	10	5	0
4213	00030100020012	051020b4	11	6	0
4214	00030100180000	05086130	6	5	0
4215	00030600000000	0418a00e	262	4	0
4216	00030600020000	0410a84c	30	5	0
4217	00030600020010	05100856	58	6	0
4218	000306000200d0	0490a844	1	8	0
4219	00030600220000	0410a12c	85	6	0
4220	00030600220013	05100836	87	9	0
4221	000306002200d3	0410a816	4	11	0
4222	00030700000000	0518012c	52	5	0
4223	00030700020000	0510205c	7	6	0
4224	00030700020010	05102164	6	7	0
4225	00030700220000	0510203c	8	7	0
4226	00030700220013	05102134	2	10	1
4227	00030800000000	0500301e	335	3	0
4228	00030800000030	05003036	175	5	0
4229	00030800020000	0500209e	64	4	0
4230	0003080002003c	050020d6	44	8	0
4231	0003080002003e	050020b6	63	9	0
4232	00030800180000	05083032	35	5	0
4233	00030800180030	05003132	35	7	0
4234	00030808000000	0408301e	92	4	0
4235	00030808000200	0400303e	95	5	0
4236	00030808020200	0480a09a	4	6	0
4237	0003081c000000	04083036	79	6	0
4238	0003081c000230	04003076	95	9	0
4239	0003081d000000	040830b4	52	7	0
4240	0003081d000230	040031b4	34	10	1
4241	0003083e000000	0408a096	24	8	0
4242	0003083e0202fe	0480a096	2	17	1
4243	0003083f000000	0408a1a4	11	9	0
4244	00030900000000	0508209c	35	4	0
4245	00030900020000	050020bc	20	5	0
4246	0003090002003c	050021e4	7	9	0
4247	0003090002003e	050021b4	5	10	1
4248	00030e00000000	0508201e	136	5	0
4249	00030e00020000	0580204e	7	6	0
4250	00030e0002003c	0500a164	8	10	0
4251	00030e00180000	05082132	32	7	0
4252	00030e00220000	0500a01e	15	7	0
4253	00030e0022003f	0500a126	10	13	0
4254	00030e003a003f	0580a112	4	15	1
4255	00030e08000000	0488a00e	1	6	0
4256	00030e3e000000	0488a016	1	10	0
4257	00030f00000000	0508203c	31	6	0
4258	00030f00180000	05882130	1	8	1
4259	00031800000000	0500103e	470	4	0
4260	00031800000030	050010b6	125	6	0
4261	00031800020000	0580888a	1	5	0
4262	0003180002003e	05808096	1	10	1
4263	00031800180000	05081132	32	6	0
4264	00031800180030	05809032	6	8	1
4265	00031808000000	0408908e	14	5	0
4266	0003181c000100	04089096	10	8	0
4267	0003181c000330	04809096	1	11	1
4268	0003181d000100	04889190	1	9	1
4269	00031900000000	058800ac	2	5	1
4270	00031e00000000	0508812c	16	6	0
4271	00031e00180000	05888112	1	8	1
4272	00032000000000	0410303a	204	3	0
4273	00032000000010	04103072	79	4	0
4274	00032600000000	0418a01a	45	5	0
4275	00032600020000	0410a84a	3	6	0
4276	000326000200d0	0490a842	2	9	0
4277	00032600220000	0410a81a	9	7	0
4278	000326002200d3	0490a812	3	12	1
4279	00032808000000	0408303a	51	5	0
4280	00032808000200	0480305a	13	6	0
4281	0003281c000000	04083072	20	7	0
4282	0003281c000230	0480b052	2	10	0
4283	0003281c180000	04083132	19	9	0
4284	0003281c180230	04803132	6	12	1
4285	0003281d180000	0408b130	11	10	1
4286	00032e08000000	0488a01a	3	7	0
4287	00032e3e180000	0488a122	1	13	1
4288	00033808000000	0488901a	3	6	0
4289	0003381c180100	04889112	2	11	1
4290	00038000000000	0400603e	465	3	0
4291	00038000020000	0410209e	18	4	0
4292	000380000200d0	041028c6	8	7	0
4293	000380000200d2	04102896	23	8	0
4294	00038000180000	04086132	29	5	0
4295	00038000220000	0c10280e	4	5	0
4296	000380002200d3	0c102816	4	10	0
4297	00038000800000	040068cc	201	4	0
4298	00038000820000	041028cc	11	5	0
4299	000380008200d0	041028d4	17	8	0
4300	00038000c00000	0400689c	364	5	0
4301	00038000c20000	0410289c	18	6	0
4302	00038000c200d2	041029a4	16	10	0
4303	00038000d80000	04806930	18	7	0
4304	00038000e20000	0c10281c	6	7	0
4305	00038008000000	0c08201e	17	4	0
4306	00038008020200	0c00209e	8	6	0
4307	00038008800000	0c0820cc	8	5	0
4308	00038008820200	0c8028c8	1	7	0
4309	00038008c00000	0c08209c	16	6	0
4310	00038008c20200	0c802988	1	8	1
4311	0003803e000000	0c082096	28	8	0
4312	0003803e0202fc	0c8020c6	4	16	0
4313	0003803e0202fe	0c002896	6	17	1
4314	0003803e180000	0c882112	4	10	1
4315	0003803e800000	0c0820d4	12	9	0
4316	0003803fc00000	0c0821a4	17	11	0
4317	00038100800000	040060dc	120	5	0
4318	00038100c00000	040060bc	142	6	0
4319	00038100c20000	041021ac	2	7	0
4320	00038100c200d2	049021a4	1	11	1
4321	00038100d80000	04886130	1	8	1
4322	00038600000000	0418201e	13	5	0
4323	00038600220000	0410281e	2	7	0
4324	000386002200d3	04902816	1	12	0
4325	00038600800000	0418284c	5	6	0
4326	00038600c00000	0418281c	9	7	0
4327	00038600e20000	0410292c	2	9	0
4328	00038600e200d3	04902924	1	14	1
4329	00038700c00000	0418212c	4	8	0
4330	00038700e20000	0490212c	1	10	1
4331	00038808000000	0408209e	19	5	0
4332	00038808020200	0480209e	1	7	1
4333	00038808800000	040828cc	3	6	0
4334	00038808c00000	0408289c	10	7	0
4335	0003883e000000	040820b6	29	9	0
4336	0003883e800000	048828d0	2	10	0
4337	0003883fc00000	04882984	3	12	0
4338	00038908800000	048820cc	3	7	0
4339	00038908c00000	040821ac	6	8	0
4340	0003893fc00000	048821a4	1	13	1
4341	00038e08000000	0488201e	1	7	0
4342	00038e3e000000	04882116	1	11	1
4343	0003a600000000	0418205a	25	6	0
4344	0003a600020000	0490284a	1	7	0
4345	0003a6000200d0	04902852	1	10	1
4346	0003a600220000	0490281a	2	8	0
4347	0003a600800000	04182858	8	7	0
4348	0003a600820000	04902948	1	8	0
4349	0003a600c00000	04182838	9	8	0
4350	0003a600e20000	04902928	1	10	1
4351	0003a700800000	04982058	3	8	0
4352	0003a700c00000	04982118	2	9	1
4353	00040000000000	0400029f	14008	1	0
4354	00040000000008	040083a5	132	2	0
4355	00040000000080	04348206	106	2	0
4356	000400000000c0	04348016	393	3	0
4357	00040000000100	044c8282	26	2	0
4358	00040000000180	04448292	11	3	0
4359	00040000000200	0400809f	72	2	0
4360	00040000020000	0430888a	61	2	0
4361	00040000020080	04708a04	20	3	0
4362	00040000020088	0ce00242	1	4	0
4363	000400000200c0	047080d0	43	4	0
4364	000400000200c2	04308886	45	5	0
4365	00040000100000	0444c212	97	2	0
4366	00040000100100	0c4c0212	10	3	0
4367	00040000100180	0cc40212	2	4	0
4368	00040000180000	0444c032	82	3	0
4369	00040000220000	0430812c	16	3	0
4370	00040000220081	04b08a02	1	5	0
4371	000400002200c3	04308924	3	7	1
4372	00040000400000	0420409d	1040	2	0
4373	00040000420000	0c30088c	12	3	0
4374	000400004200c2	0c700884	6	6	0
4375	00040000620000	0c30082c	2	4	0
4376	00040002000000	04280097	195	2	0
4377	0004000200000c	04600097	60	4	0
4378	000400020200cc	0ce000c2	2	7	1
4379	00040002400000	04680095	39	3	0
4380	0004000240000c	0c600885	5	5	0
4381	00040008000000	0444808e	116	2	0
4382	0004000c000100	044c8086	87	4	0
4383	0004000c0001c0	04448096	50	6	0
4384	0004000c180100	0c4c0812	18	6	0
4385	0004000c1801c0	0cc40112	5	8	0
4386	00040012000000	04088097	67	3	0
4387	0004001200022c	04408097	22	7	0
4388	00040020000000	042c8016	84	2	0
4389	00040020000080	04a48282	3	3	0
4390	000400200000c0	04248096	23	4	0
4391	00040021000000	042c8094	43	3	0
4392	00040022000000	04a88086	24	3	0
4393	00040100000000	040400bd	551	2	0
4394	00040200000000	044c820c	19	2	0
4395	00040200000080	04548206	4	3	0
4396	000402000000c0	04548016	17	4	0
4397	00040200000100	044c8206	2	3	0
4398	00040200000180	04448216	2	4	0
4399	00040200020000	04508a0c	1	3	0
4400	00040208000000	0444801e	8	3	0
4401	0004020c000100	044c8016	9	5	0
4402	0004020c0001c0	04448816	5	7	0
4403	00042000000000	0404025b	1127	2	0
4404	00042000000200	04c0801b	6	3	1
4405	00042012000000	04c88013	4	4	0
4406	00042100000000	040c0159	84	3	0
4407	00042200000000	044c820a	80	3	0
4408	00042200000080	04548212	14	4	0
4409	000422000000c0	04548032	28	5	0
4410	00042200000100	04cc8240	1	4	0
4411	00042200000180	04c48242	1	5	0
4412	00042200020000	04d08a08	1	4	0
4413	00042200020080	04d08a02	1	5	0
4414	00042200100100	044c8212	5	5	0
4415	00042200100180	04c48212	2	6	0
4416	00042208000000	044c801a	15	4	0
4417	0004220c000100	044c8052	5	6	0
4418	0004220c0001c0	04c48052	2	8	0
4419	0004220c180100	044c8812	8	8	0
4420	0004220c1801c0	04c48112	1	10	1
4421	00048000000000	0400403f	850	2	0
4422	00048000000200	040000bf	37	3	0
4423	00048000800000	040048cd	287	3	0
4424	00048000800200	044008cd	10	4	0
4425	00048000c00000	0400489d	722	4	0
4426	00048000c00200	0440089d	15	5	0
4427	00048012000000	040800b7	55	4	0
4428	0004801200022c	04400897	10	8	0
4429	00048012800000	044808c5	9	5	0
4430	0004801280022c	0c4008d1	2	9	0
4431	00048012c00000	04480895	22	6	0
4432	00048012c0022c	0cc00981	1	10	1
4433	00048100800000	040040dd	179	4	0
4434	00048100800200	044001d9	2	5	1
4435	00048100c00000	040041ad	296	5	0
4436	00048112800000	044801d1	3	6	0
4437	00048112c00000	04c80191	1	7	1
4438	0004a000000000	0410083b	68	3	0
4439	0004a000800000	04100959	22	4	0
4440	0004a000c00000	04180839	26	5	0
4441	0004a012000000	04c80053	1	5	1
4442	0004a100800000	04180159	19	5	0
4443	0004a100c00000	04580039	12	6	1
4444	00050000000000	0440c096	443	2	0
4445	00050000020000	0450888a	20	3	0
4446	000500000200d0	045088d0	4	6	0
4447	000500000200d2	04508886	15	7	0
4448	00050000180000	0448c812	43	4	0
4449	00050008000000	04c8808a	6	3	0
4450	0005001e000100	04488096	8	7	0
4451	00050200000000	04588124	10	3	0
4452	00050200020000	0450812c	3	4	0
4453	000502000200d2	04508924	2	8	0
4454	00052200000000	04588058	29	4	0
4455	00052200020000	0450881a	5	5	0
4456	000522000200d0	04d08842	1	8	0
4457	000522000200d2	04d08812	1	9	1
4458	00058000000000	0c40401e	109	3	0
4459	00058000020000	0c50088a	2	4	0
4460	000580000200d0	0cd00842	1	7	0
4461	000580000200d2	0c500892	2	8	0
4462	00058000180000	0c484032	13	5	0
4463	00058000800000	0c4040cc	93	4	0
4464	00058000820000	0c5008c8	2	5	0
4465	000580008200d0	0c5008d0	2	8	1
4466	00058000c00000	0c40409c	183	5	0
4467	00058000c20000	0c50088c	6	6	0
4468	00058000d80000	0cc04130	10	7	0
4469	00058008000000	0c48009a	6	4	0
4470	00058008800000	0c4808c8	2	5	0
4471	00058008c00000	0c48088c	3	6	1
4472	0005801e000100	0c480096	9	8	0
4473	0005801e800100	0cc800d0	2	9	1
4474	00060000000000	0404c01e	1929	2	0
4475	00060000000080	04148a82	25	3	0
4476	000600000000c0	04148096	79	4	0
4477	00060000020000	04108a8a	6	3	0
4478	00060000100000	040cc212	82	3	0
4479	00060000180000	040cc032	75	4	0
4480	00060008000000	0c04009e	74	3	0
4481	00060020000100	0c0c0216	8	4	0
4482	00060020100100	0c8c0212	2	5	0
4483	00060021000100	0c0c0a84	6	5	0
4484	0006002c000100	0c0c0096	27	6	0
4485	0006002c0001c0	0c040896	3	8	0
4486	0006002c180100	0c8c0112	6	8	0
4487	0006002d000100	0c0c0894	13	7	0
4488	00060600000000	0414801e	41	4	0
4489	00060600000080	04148216	5	5	0
4490	000606000000c0	04148126	13	6	0
4491	00061000000000	040c828a	4	3	0
4492	00061020000100	040c8286	3	5	0
4493	00061620000100	040c8216	2	7	0
4494	00061808000000	040c808e	10	5	0
4495	0006182c000100	040c8096	9	8	0
4496	0006182c0001c0	04848096	1	10	1
4497	0006182d000100	048c8184	1	9	0
4498	00061e08000000	040c801e	3	7	0
4499	00061e2c000100	048c8016	2	10	0
4500	00061e2d000100	048c8124	1	11	1
4501	00062600000000	0414881a	102	5	0
4502	00062600000080	04948212	4	6	0
4503	000626000000c0	04948112	5	7	1
4504	00063600000000	048c820a	1	6	0
4505	00063620100100	048c8212	1	9	0
4506	00063e08000000	048c801a	2	8	0
4507	00063e2c180100	048c8112	1	13	1
4508	00070000000000	0408c08e	612	3	0
4509	00070000020000	0410888e	14	4	0
4510	000700000200d0	0c9088c0	1	7	0
4511	000700000200d2	0c908882	1	8	1
4512	00070000180000	0480c132	24	5	0
4513	00070000220000	0c90880a	2	5	0
4514	00070008000000	0c08888a	3	4	0
4515	00070600000000	0418812c	15	5	0
4516	00070600220000	0410892c	2	7	0
4517	00072600000000	0418881a	21	6	0
4518	00072600220000	0490890a	1	8	1
4519	00078000000000	0c00409e	213	4	0
4520	00078000020000	0c10088e	2	5	0
4521	00078000180000	0c804132	7	6	0
4522	00078000800000	0c0840cc	129	5	0
4523	00078000820000	0c9008c8	1	6	0
4524	00078000c00000	0c08409c	185	6	0
4525	00078000c20000	0c900988	1	7	1
4526	00078000d80000	0c884130	4	8	1
4527	00078008000000	0c08089a	2	5	1
4528	00080000000000	0025228a	5265	1	0
4529	00080000000002	01312086	107	2	0
4530	00080000000004	01612052	6	2	0
4531	00080000000006	01612016	36	3	0
4532	00080000000040	00352086	123	2	0
4533	00080000000042	00712092	36	3	0
4534	00080000000080	00342286	353	2	0
4535	000800000000c0	00342096	346	3	0
4536	00080000000100	08470a80	1	2	0
4537	00080000000800	012420d4	429	2	0
4538	00080000000804	01612064	30	3	0
4539	00080000000806	01612094	87	4	0
4540	00080000000840	00652094	69	3	0
4541	000800000008c0	006421d0	111	4	0
4542	00080000002000	0145200e	8	2	0
4543	00080000010000	00332888	1	2	1
4544	00080000020000	0030aa88	1960	2	0
4545	00080000020002	01302096	290	3	0
4546	00080000020008	01202296	439	3	0
4547	0008000002000c	016020c6	31	4	0
4548	0008000002000e	01222096	104	5	0
4549	00080000020080	00322292	154	3	0
4550	00080000020088	00422296	122	4	0
4551	000800000200c0	007020d2	35	4	0
4552	000800000200c2	0070a092	84	5	0
4553	0008000002080c	016020d4	80	5	0
4554	0008000002080e	016020b4	145	6	0
4555	00080000040000	0041aa88	533	2	0
4556	00080000040080	0044a294	47	3	0
4557	00080000042000	0145280c	13	3	0
4558	00080000060000	0140229c	69	3	0
4559	00080000060008	014022b4	112	4	0
4560	00080000060088	0840aa90	5	5	1
4561	00080000100000	09062212	41	2	0
4562	00080000100080	0844a212	26	3	0
4563	00080000120008	09402232	35	4	0
4564	00080000120088	08422232	7	5	1
4565	00080000140000	09442230	15	3	0
4566	00080000140080	08c4a300	2	4	0
4567	00080000160008	09402b20	16	5	0
4568	00080000200000	0131220a	75	2	0
4569	00080000200001	01312206	48	3	0
4570	00080000200003	01b1a002	8	4	0
4571	00080000220000	0130212c	280	3	0
4572	00080000220001	01302324	70	4	0
4573	00080000220003	0130a124	41	5	0
4574	00080000220009	01a0a302	19	5	0
4575	00080000220081	08b22202	1	5	0
4576	000800002200c3	08b2a002	1	7	1
4577	00080000320009	09822212	4	6	1
4578	00080000400000	00712888	5	2	0
4579	00080000400042	08712084	5	4	0
4580	00080000420000	08702098	3	3	0
4581	000800004200c2	08702884	6	6	0
4582	00080002000044	006320c2	4	4	0
4583	00080002000046	00632092	13	5	0
4584	00080002000844	086120d0	9	5	0
4585	00080002000846	0861a880	9	6	0
4586	000800020200cc	00e220c2	8	7	0
4587	000800020200ce	00622096	26	8	0
4588	000800020208cc	086028d0	16	8	0
4589	000800020208ce	08622094	21	9	0
4590	00080002400846	08612884	4	7	0
4591	00080008000000	0844201e	26	2	0
4592	00080008040000	0844209c	62	3	0
4593	00080020000000	00252286	16	2	0
4594	00080020000040	00252096	2	3	0
4595	00080020000080	00242296	39	3	0
4596	000800200000c0	002420d6	26	4	0
4597	00080020000840	082720c0	1	4	0
4598	000800200008c0	082620c4	7	5	0
4599	00080020020088	00a22292	26	5	0
4600	00080020100080	08862212	1	4	1
4601	00080021000000	0027a280	17	3	0
4602	00080021000080	08062294	28	4	0
4603	00080021000840	08272084	5	5	0
4604	000800210008c0	08262094	16	6	0
4605	00080021020088	082222a4	6	6	1
4606	000800220200cc	08a220c2	1	8	0
4607	000800220200ce	08222096	6	9	0
4608	00080040000000	09032848	3	2	0
4609	00080040020000	08a2204a	18	3	0
4610	0008004002000c	09a22042	1	5	0
4611	0008004002080c	09a2a040	1	6	1
4612	00080040200000	0903200e	14	3	0
4613	00080040220000	0902201e	47	4	0
4614	0008004022000f	09222016	5	8	0
4615	00080100000000	0143208c	60	2	0
4616	00080100020000	0142209c	21	3	0
4617	00080100040000	0144209c	21	3	0
4618	00080100042000	0145201c	15	4	0
4619	00080200000000	0046220e	283	2	0
4620	00080200000080	0044a216	28	3	0
4621	00080200002000	0144201e	23	3	0
4622	00080200020000	0052aa08	206	3	0
4623	00080200020008	0140a216	34	4	0
4624	00080200040000	0144221c	64	3	0
4625	00080200042000	0144281c	31	4	0
4626	00080200060000	0140a328	5	4	0
4627	00080200060008	0140a324	6	5	0
4628	00080200100000	01442232	36	3	0
4629	00080200100080	00c62212	4	4	0
4630	00080200120008	01422232	23	5	0
4631	00080200140000	01442330	20	4	0
4632	00080200160008	01c0a320	2	6	1
4633	00080300000000	0146201c	39	3	0
4634	00080300020000	0152201c	12	4	0
4635	00080300042000	0144203c	14	5	0
4636	00082200000000	0054a20a	9	3	0
4637	00082200000080	0054a212	10	4	0
4638	00082200100080	00c4a212	2	5	1
4639	00090000000000	0141208e	50	2	0
4640	00090000002000	01c1a00a	1	3	0
4641	00090000020000	0140209e	109	3	0
4642	00090000040000	0141288c	43	3	0
4643	00090000042000	01c1a108	1	4	0
4644	00090000060000	0140289c	77	4	0
4645	00090008020200	0840a88a	1	5	0
4646	00090008040200	0841a888	1	5	0
4647	00090008060200	0840a898	4	6	1
4648	00090100000000	0151202c	10	3	0
4649	00090100020000	0150209c	15	4	0
4650	00090100040000	0141209c	8	4	0
4651	00090100060000	01c020d8	2	5	0
4652	00090200020000	0150201e	34	4	0
4653	00090200022000	01c0a10a	1	5	0
4654	00090200062000	0140a12c	1	6	0
4655	00090300020000	01502158	2	5	0
4656	00098000020000	0850288a	1	4	0
4657	00098000820000	085028c8	1	5	0
4658	00098000c00000	08512888	1	5	0
4659	00098000c20000	0850288c	5	6	0
4660	00098008000200	0841288a	1	5	0
4661	00098008020200	08c0288a	1	6	1
4662	00098008840200	084128c8	1	7	0
4663	00098008c40200	0841288c	5	8	0
4664	00100000000000	01424096	7527	1	0
4665	00100000000010	01521016	439	2	0
4666	00100000000030	01421096	45	3	0
4667	00100000000410	08121096	1	3	1
4668	00100000000800	01461094	114	2	0
4669	00100000000830	01423034	176	4	0
4670	00100000002000	01441036	50	2	0
4671	00100000040000	014c1094	166	2	0
4672	00100000040800	014410d4	145	3	0
4673	00100000042000	014c1034	53	3	0
4674	00100000042800	01443034	63	4	0
4675	00100000080000	01435012	543	2	0
4676	00100000080030	01433012	7	4	0
4677	00100000080800	01473010	21	3	0
4678	00100000080830	01433030	23	5	0
4679	00100000082000	01453012	22	3	0
4680	001000000c0000	094d1010	15	3	0
4681	001000000c0800	09451810	10	4	0
4682	001000000c2000	014d1030	28	4	0
4683	001000000c2800	01453030	18	5	0
4684	00100000180000	01426032	1489	3	0
4685	00100000180030	01423032	21	5	0
4686	00100000180800	01463030	47	4	0
4687	00100000180830	0142b030	28	6	0
4688	00100000182000	01443032	37	4	0
4689	001000001c0000	094c1030	38	4	0
4690	001000001c0800	09443030	19	5	0
4691	001000001c2000	014c3030	28	5	0
4692	001000001c2800	01443130	21	6	0
4693	00100004000000	08063016	59	2	0
4694	00100004000100	08061096	34	3	0
4695	00100004000800	080630c4	34	3	0
4696	00100004000900	08461884	7	4	1
4697	00100004080000	080f3002	10	3	0
4698	00100004080100	084f9000	1	4	0
4699	00100004080800	08473010	6	4	0
4700	00100004180000	08063812	46	4	0
4701	00100004180100	084e1012	3	5	0
4702	00100004180800	08463030	15	5	0
4703	00100005000000	080e3014	15	3	0
4704	00100005000100	080e1094	9	4	1
4705	00100005000800	08063094	36	4	0
4706	00100005080000	080f3010	6	4	0
4707	00100005180000	080e3030	14	5	0
4708	00100005180800	0886b100	1	6	1
4709	0010000c000000	08443016	47	3	0
4710	0010000c000100	084c1016	2	4	0
4711	0010000c040000	084c2094	97	4	0
4712	0010000c040100	084c9880	2	5	1
4713	0010000c040800	08443034	76	5	0
4714	0010000c080000	08453012	13	4	0
4715	0010000c0c0000	084d2030	21	5	0
4716	0010000c0c0800	08453030	14	6	0
4717	0010000c180000	08443032	34	5	0
4718	0010000c1c0000	084c3030	29	6	0
4719	0010000c1c0800	0844b030	13	7	0
4720	00100014000000	080a3016	50	3	0
4721	00100014000030	08023096	42	5	0
4722	00100014000100	080a1096	5	4	1
4723	00100014000830	080238c4	75	6	0
4724	00100014080000	084b3002	7	4	0
4725	00100014080030	08433012	6	6	0
4726	00100014080830	08433810	9	7	0
4727	00100014180000	080a3812	26	5	0
4728	00100014180030	08423032	10	7	0
4729	00100014180830	0842b810	4	8	1
4730	00100015000000	080a3094	29	4	0
4731	00100015000830	08023894	9	7	1
4732	00100016000000	084a2016	82	4	0
4733	00100016080000	084b2012	16	5	0
4734	00100016180000	084a2032	13	6	0
4735	00100024000000	080e2016	28	3	0
4736	00100024000100	080e0096	1	4	1
4737	00100024080000	080f2012	2	4	0
4738	00100024180000	080e2812	7	5	0
4739	00100025000000	080e2094	35	4	0
4740	00100025180000	088ea100	2	6	1
4741	00100036000000	080a2096	40	5	0
4742	00100037000000	080a2894	27	6	1
4743	00100040000000	08025816	267	2	0
4744	00100040000030	09023016	9	4	0
4745	00100040000830	09023814	19	5	0
4746	00100040080000	08037012	47	3	0
4747	00100040080030	09833002	1	5	0
4748	00100040080830	0903b800	2	6	0
4749	00100040180000	08027032	115	4	0
4750	00100040180030	09023812	7	6	0
4751	00100040180830	0982b010	3	7	1
4752	00100054000030	08823016	1	6	1
4753	00100100000000	01426034	650	2	0
4754	00100100040000	014c2094	28	3	0
4755	00100100042000	014d2014	9	4	0
4756	00100100080000	01436030	50	3	0
4757	001001000c2000	014d2030	6	5	0
4758	00100100180000	01446130	39	4	0
4759	00100200000000	014a2016	155	2	0
4760	00100200002000	014c0816	21	3	0
4761	00100200042000	014c2814	23	4	0
4762	00100200180000	014a2032	43	4	0
4763	00100200182000	014c2032	18	5	0
4764	001002001c2000	014c2830	16	6	0
4765	00100300000000	014a2034	81	3	0
4766	00100300042000	014c2034	16	5	0
4767	00100300180000	014e2030	9	5	0
4768	001003001c2000	014c2130	4	7	1
4769	00110000000000	01405036	3364	2	0
4770	00110000000010	01501096	480	3	0
4771	00110000000030	01403096	70	4	0
4772	00110000002000	01483016	35	3	0
4773	00110000002030	01403036	37	5	0
4774	00110000040000	014810d4	287	3	0
4775	00110000040830	014030b4	173	6	0
4776	00110000042000	01483034	66	4	0
4777	00110000042830	01403154	60	7	0
4778	00110000080000	01416032	268	3	0
4779	00110000080030	09413012	6	5	0
4780	00110000082000	01492032	22	4	0
4781	00110000082030	01413032	12	6	0
4782	001100000c0000	09492030	23	4	0
4783	001100000c0830	09413030	15	7	0
4784	001100000c2000	01493030	29	5	0
4785	001100000c2830	0141b030	13	8	0
4786	00110000180000	01407032	466	4	0
4787	00110000180030	09403032	15	6	0
4788	00110000182000	01483032	18	5	0
4789	00110000182030	0140b032	14	7	0
4790	001100001c0000	09482130	38	5	0
4791	001100001c0830	09403130	20	8	0
4792	001100001c2000	01483130	20	6	0
4793	001100001c2830	0140b920	7	9	1
4794	0011001c000000	08483016	22	5	0
4795	0011001c000230	08403096	29	8	0
4796	0011001c040000	08483094	56	6	0
4797	0011001c040a30	08403894	37	10	0
4798	0011001c080000	08493012	6	6	0
4799	0011001c080230	08c13012	2	9	1
4800	0011001c0c0000	08493810	8	7	0
4801	0011001c180000	08483032	11	7	0
4802	0011001c1c0000	0848b810	5	8	1
4803	0011001e000000	0848a086	8	6	0
4804	0011001e040000	0848a1a0	18	7	0
4805	0011001e080000	08c9a002	1	7	0
4806	0011001e180000	08c8a012	3	8	0
4807	00110100000000	014060b4	369	3	0
4808	00110100040000	014820b4	35	4	0
4809	00110100042000	01492054	9	5	0
4810	00110100080000	01496030	12	4	0
4811	001101000c2000	01c92110	2	6	1
4812	00110100180000	01486130	6	5	0
4813	00110200000000	01582016	81	3	0
4814	00110200002000	01482036	24	4	0
4815	00110200042000	0148a124	17	5	0
4816	00110200182000	0148a032	16	6	0
4817	001102001c2000	0148a920	7	7	1
4818	00110300000000	01582034	21	4	0
4819	00110300042000	01c82054	5	6	1
4820	00118000000000	08406036	113	3	0
4821	00118000080000	08416032	11	4	0
4822	00118000180000	08486032	16	5	0
4823	00118000800000	084060d4	94	4	0
4824	00118000c00000	084060b4	170	5	0
4825	00118000c80000	08496030	16	6	0
4826	00118000d80000	08486830	13	7	0
4827	0011801e000000	08482096	28	7	0
4828	0011801e080000	08c92012	3	8	0
4829	0011801e180000	08c82812	1	9	1
4830	0011801e840000	084828c4	9	9	0
4831	0011801ec40000	08482894	20	10	0
4832	00180000000000	01442096	542	2	0
4833	00180000000010	01532042	7	3	0
4834	00180000000012	01532006	47	4	0
4835	00180000000034	014320c2	3	5	0
4836	00180000000036	01432016	16	6	0
4837	00180000000040	08172082	56	3	0
4838	00180000000050	081328c0	4	4	0
4839	00180000000052	08132882	27	5	0
4840	001800000000c0	08162016	179	4	0
4841	00180000000800	01462884	135	3	0
4842	00180000000834	014328c0	14	6	0
4843	00180000000836	01432884	37	7	0
4844	00180000002000	01452016	11	3	0
4845	00180000020010	015220c2	33	4	0
4846	00180000020012	01522086	108	5	0
4847	0018000002003c	014220c6	20	7	0
4848	0018000002003e	01422096	50	8	0
4849	001800000200d0	081228d0	19	6	0
4850	001800000200d2	08122096	65	7	0
4851	0018000002083c	014228c4	49	8	0
4852	0018000002083e	01422894	81	9	0
4853	00180000040800	01442894	139	4	0
4854	00180000042800	01452814	18	5	0
4855	00180000080000	01472012	16	3	0
4856	00180000080036	01c32012	8	7	0
4857	00180000080800	01472810	21	4	0
4858	00180000080836	01c3a100	16	8	0
4859	00180000082000	01452032	12	4	0
4860	001800000c0800	09452030	15	5	0
4861	001800000c2800	0145a030	13	6	0
4862	00180000180000	09062812	29	4	0
4863	00180000180800	0906a810	24	5	0
4864	001800001a003e	09422032	15	10	0
4865	001800001a083e	09422130	20	11	0
4866	001800001c0800	09442130	20	6	0
4867	00180000200013	09132804	5	6	0
4868	00180000220013	09122016	21	7	0
4869	00180004000040	08472006	3	4	0
4870	001800040000c0	08462016	19	5	0
4871	001800040001c0	08460096	1	6	1
4872	00180004000840	08472014	19	5	0
4873	001800040008c0	08462034	55	6	0
4874	00180004080040	08472012	6	5	0
4875	00180004080840	08472030	14	6	0
4876	001800041800c0	08462032	12	7	0
4877	001800041808c0	0846a110	12	8	0
4878	0018000c000040	08452016	10	5	0
4879	0018000c0000c0	08442036	33	6	0
4880	0018000c040840	08452094	30	7	0
4881	0018000c0408c0	08442894	45	8	0
4882	0018000c080040	08452812	7	6	0
4883	0018000c0c0840	0845a810	3	8	0
4884	0018000c1800c0	08c42112	4	8	0
4885	0018000c1c08c0	08c4a120	2	10	1
4886	00180016000074	084320c2	1	9	0
4887	00180016000076	08432016	9	10	0
4888	00180016000874	084320c4	7	10	0
4889	00180016000876	08432094	21	11	0
4890	001800160200fc	084220c6	6	12	0
4891	001800160200fe	08422036	25	13	0
4892	001800160208fc	084220d4	20	13	0
4893	001800160208fe	084220b4	34	14	1
4894	00180016080076	08c32012	1	11	1
4895	00180024000040	08072086	5	5	0
4896	001800240000c0	08062096	19	6	0
4897	00180024000840	080728c0	1	6	0
4898	001800240008c0	080628c4	9	7	0
4899	00180025000840	08072884	10	7	0
4900	001800250008c0	08062894	18	8	1
4901	001800360200fe	08822096	1	14	1
4902	0018004022003f	09822016	1	11	1
4903	00180100000000	015401d0	58	3	0
4904	00180100000010	01532044	4	4	0
4905	00180100000012	01532014	12	5	0
4906	00180100000800	01462094	30	4	0
4907	00180100000834	014320c4	5	7	0
4908	00180100000836	01432094	10	8	0
4909	00180100020010	015220c4	5	5	0
4910	00180100020012	01522094	10	6	0
4911	0018010002083c	014220d4	9	9	0
4912	0018010002083e	014220b4	9	10	1
4913	00180100040800	014420b4	35	5	0
4914	00180100042800	01452034	14	6	0
4915	00180100080800	01472030	6	5	0
4916	001801000c2800	01c52030	3	7	1
4917	00180200000000	01462016	147	3	0
4918	00180200000800	01462814	20	4	0
4919	00180200002000	01442036	32	4	0
4920	00180200020010	01522052	12	5	0
4921	00180200020012	01522016	32	6	0
4922	0018020002003c	01c2a042	1	8	0
4923	0018020002003e	0142a016	3	9	0
4924	0018020002083e	0142a124	1	10	0
4925	00180200042800	0144a034	31	6	0
4926	00180200180000	01462032	14	5	0
4927	00180200180800	01462830	15	6	0
4928	00180200182000	0144a032	16	6	0
4929	001802001a003e	01c2a012	3	11	1
4930	001802001c2800	0144a130	11	8	1
4931	00180300000000	01542034	36	4	0
4932	00180300000800	01462034	15	5	0
4933	00180300020010	01522054	5	6	0
4934	00180300020012	01522124	3	7	0
4935	00180300042800	01442154	9	7	1
4936	00180300180800	01c62030	3	7	1
4937	00190000000010	015120c2	20	4	0
4938	00190000000012	01512016	80	5	0
4939	00190000000034	014120d2	8	6	0
4940	00190000000036	01412096	27	7	0
4941	00190000000052	0851a880	2	6	0
4942	00190000002034	01c1a042	1	7	0
4943	00190000002036	01c12016	2	8	0
4944	00190000020010	015020c6	46	5	0
4945	00190000020012	01502096	125	6	0
4946	0019000002003c	014020d6	23	8	0
4947	0019000002003e	014020b6	50	9	0
4948	001900000200d0	0850a8c0	1	7	0
4949	001900000200d2	0850a882	8	8	0
4950	00190000040834	014128c4	27	8	0
4951	00190000040836	01412894	47	9	0
4952	00190000042836	0141a124	1	10	0
4953	0019000006083c	0140a1d0	43	10	0
4954	0019000006083e	0140a1a4	53	11	0
4955	00190000080036	09412032	10	8	0
4956	00190000082036	01c1a012	2	9	1
4957	001900000c0836	0941a110	10	10	0
4958	001900001a003e	0940a812	9	11	0
4959	001900001e083e	0940a920	6	13	1
4960	0019001e000276	0841a882	1	13	0
4961	0019001e0202fe	08c0a882	1	16	1
4962	0019001e040a74	0841a8c0	1	14	0
4963	0019001e040a76	0841a890	2	15	0
4964	00190100000010	015120c4	7	5	0
4965	00190100000012	01512094	10	6	0
4966	00190100020010	015020d4	7	6	0
4967	00190100020012	015020b4	8	7	0
4968	00190100040834	014121d0	4	9	0
4969	00190100040836	01c12184	2	10	1
4970	0019010006083c	01c021d0	1	11	1
4971	00190200020010	0150a052	13	6	0
4972	00190200020012	0150a016	23	7	0
4973	0019020002203e	01c0a016	1	11	0
4974	0019020006283e	01c0a124	1	13	1
4975	00190300020010	01d02150	1	7	0
4976	00190300020012	01d02124	1	8	1
4977	00198000000052	08512882	1	7	0
4978	001980000200d2	08d02882	1	9	0
4979	00198000800050	085128c0	1	7	0
4980	001980008200d0	08d028c0	1	9	0
4981	00198000c00052	08512884	5	9	0
4982	00198000c200d2	08d02980	1	11	1
4983	0019801e000276	08412892	2	14	0
4984	0019801e840a74	08c128c0	1	16	0
4985	0019801ec40a76	08c12980	1	18	1
4986	00200000000000	08016a88	661	1	0
4987	00200000040000	08013a88	172	2	0
4988	00200001040000	08053284	16	3	0
4989	00200008000000	0805308a	3	2	0
4990	00200008040000	0805308c	18	3	0
4991	00200020000000	080d2282	2	2	0
4992	00200021040000	080d2284	4	4	0
4993	00210000000000	0801708a	150	2	0
4994	00210000040000	0901308c	25	3	0
4995	00210008000000	0809308a	1	3	0
4996	00210008040000	0809308c	6	4	0
4997	00210040000000	0801700e	26	3	0
4998	00218000000000	0809608a	5	3	0
4999	00218000800000	080960c8	4	4	0
5000	00218000c00000	0809608c	19	5	0
5001	00220000000000	08006296	2830	2	0
5002	00220000040000	0800ba88	464	3	0
5003	00220000100000	0800f212	376	3	0
5004	00220000140000	09043230	67	4	0
5005	00220001040000	08043294	36	4	0
5006	00220001140000	080c3a10	7	5	0
5007	00220008000000	0804301e	28	3	0
5008	00220008040000	0804309c	68	4	0
5009	00220020000000	080c2286	9	3	0
5010	00220020040000	080c2ac0	3	4	0
5011	00220020100000	088ca202	1	4	1
5012	00220021040000	080c2a84	13	5	0
5013	00230000000000	0800708e	831	3	0
5014	00230000040000	0900309c	94	4	0
5015	00230008000000	0808308e	5	4	0
5016	00230008040000	0808309c	14	5	0
5017	00230040000000	0800701e	119	4	0
5018	00238000000000	0808601e	37	4	0
5019	00238000800000	080860cc	25	5	0
5020	00238000c00000	0808609c	60	6	0
5021	00238008000000	0888288a	1	5	1
5022	00238040000000	0880605a	3	5	0
5023	00280000000000	08112a88	59	2	0
5024	00280000040000	08052a88	53	3	0
5025	00280000200000	09112a08	2	3	0
5026	00280000200001	0911aa00	2	4	0
5027	00280008040000	0805a888	1	4	0
5028	00290000000000	0811a888	4	3	0
5029	00290000040000	0901a888	1	4	0
5030	002a0000000000	0814228c	178	3	0
5031	002a0000000080	0814a282	4	4	0
5032	002a0000020000	0810aa88	36	4	0
5033	002a0000020008	0900aa82	6	5	0
5034	002a0000040000	08042a8c	95	4	0
5035	002a0000060000	09002a8c	7	5	0
5036	002a0000060008	0900aa84	4	6	1
5037	002a0000100000	0904a212	6	4	0
5038	002a0000140000	0984a210	3	5	0
5039	002a0000220000	0910a20c	3	5	0
5040	002a0000220001	0990a202	2	6	0
5041	002a0008000000	0804a88a	1	4	0
5042	002a0008040000	0804a88c	2	5	1
5043	002b0000020000	0910288a	16	5	0
5044	002b0000060000	0980a888	1	6	1
5045	00300000000000	08056016	351	2	0
5046	00300000040000	090d1084	26	3	0
5047	00300000040800	09053014	16	4	0
5048	00300000080000	08057012	114	3	0
5049	003000000c0000	090d2810	17	4	0
5050	003000000c0800	0905b010	5	5	0
5051	0030000c000000	08053086	4	4	0
5052	0030000c040000	080d30c0	1	5	0
5053	0030000c080000	080d3012	2	5	0
5054	0030000d040000	080d3084	8	6	0
5055	0030000d040800	08053884	2	7	0
5056	0030002c000000	080d2086	5	5	0
5057	0030002c040000	080d28c0	1	6	0
5058	0030002d040000	080d2884	5	7	0
5059	00310000000000	08017086	398	3	0
5060	00310000000010	0811b880	19	4	0
5061	00310000000030	09013086	5	5	0
5062	00310000040000	09092884	31	4	0
5063	00310000040830	09013884	11	7	0
5064	00310000080000	08097012	59	4	0
5065	003100000c0000	0909b010	4	5	0
5066	0031001c000000	08093092	3	6	0
5067	0031001d040000	0809b880	1	8	0
5068	00310040000000	08017016	44	4	0
5069	00310040080000	08817012	41	5	0
5070	00318000000000	08096086	21	4	0
5071	00318000080000	08896012	4	5	0
5072	00318000800000	080968c0	16	5	0
5073	00318000c00000	08096884	26	6	0
5074	00320000000000	08045096	1647	3	0
5075	00320000040000	090c1094	98	4	0
5076	00320000040800	09043054	51	5	0
5077	00320000180000	08047032	300	5	0
5078	003200001c0000	090c3030	31	6	0
5079	003200001c0800	0904b810	8	7	0
5080	0032000c000000	08043096	26	5	0
5081	0032000c040000	080c30c4	6	6	0
5082	0032000c180000	080c3812	7	7	0
5083	0032000d040000	080c3094	25	7	0
5084	0032000d040800	0804b884	5	8	1
5085	0032000d1c0000	088cb010	3	9	1
5086	0032002c000000	080c2096	15	6	0
5087	0032002c040000	080ca8c0	3	7	0
5088	0032002d040000	080c2894	12	8	0
5089	00330000000000	08007096	1685	4	0
5090	00330000000010	0890b082	83	5	0
5091	00330000000030	09003096	21	6	0
5092	00330000040000	09082894	89	5	0
5093	00330000040830	09003894	28	8	0
5094	00330000180000	08087032	134	6	0
5095	003300001c0000	0908b810	9	7	0
5096	0033001c000000	08083096	12	7	0
5097	0033001d040000	0888b880	1	9	1
5098	00330040000000	08007056	170	5	0
5099	00330040000030	0980b006	2	7	0
5100	00330040180000	08807032	77	7	0
5101	00338000000000	08086096	82	5	0
5102	00338000180000	08886032	6	7	0
5103	00338000800000	080860d4	53	6	0
5104	00338000c00000	08086894	51	7	0
5105	00338040000000	08806036	5	6	1
5106	00380000000000	09052086	31	3	0
5107	00380000000040	0815a880	1	4	0
5108	00380000040800	09052884	14	5	0
5109	00390000000010	091128c0	1	5	0
5110	00390000000012	09112882	5	6	0
5111	003a0000000000	09042096	115	4	0
5112	003a00000000c0	0814a086	7	6	0
5113	003a0000040800	09042894	32	6	0
5114	003a0000180000	0984a102	1	6	1
5115	003b0000020010	0910a0d0	5	7	0
5116	003b0000020012	0910a086	12	8	0
5117	00400000000000	0041428b	886	1	0
5118	00400000000200	08418889	1	2	1
5119	00400000000800	00658881	4	2	0
5120	00400000008000	00518889	51	2	0
5121	00400000400000	00614889	55	2	0
5122	00400002400000	08690881	1	3	1
5123	00400008040000	084d0888	1	3	0
5124	00400012000000	08498881	1	3	1
5125	00400080000000	0009428b	305	2	0
5126	00400080001000	0001ca89	232	3	0
5127	00400080001400	00318a81	3	4	0
5128	00400080004000	000d4285	33	3	0
5129	00400080005000	0011ca81	18	4	0
5130	00400080008000	00198889	12	3	0
5131	00400080009000	00158889	1	4	0
5132	0040008000c000	001d8881	2	4	0
5133	00400080010000	002940c9	3	3	0
5134	00400080400000	08290889	15	3	0
5135	00400080401000	08310889	2	4	0
5136	00400080410000	00294889	12	4	0
5137	00400080411000	00314889	1	5	0
5138	00400100000000	0045408d	64	2	0
5139	00400100008000	00550099	15	3	0
5140	00400180000000	000d408d	12	3	0
5141	00400180001000	0015408d	8	4	0
5142	00400180004000	001d4085	8	4	0
5143	00400180005000	00954181	1	5	0
5144	00400180008000	001d0099	2	4	0
5145	00404000000000	00410a8b	49	2	0
5146	00404000002000	004d000f	1	3	0
5147	00404000008000	00458889	12	3	0
5148	0040400000a000	004d001b	5	4	0
5149	00404080000000	00090a8b	8	3	0
5150	00404080001000	00058a89	1	4	0
5151	00404080002000	000d001f	1	4	0
5152	00404080004000	000d8a81	1	4	1
5153	00404080008000	000d009b	4	4	0
5154	00404100000000	004d008d	1	3	0
5155	00404100008000	004d0099	3	4	0
5156	00408000000000	0041488b	51	2	0
5157	00408000008000	0051088b	5	3	0
5158	00408000800000	08c14049	4	3	0
5159	00408000c00000	0041488d	48	4	0
5160	00408000c08000	00510899	6	5	0
5161	00408080000000	0009408f	30	3	0
5162	00408080001000	00914027	8	4	0
5163	00408080008000	0019088b	1	4	0
5164	00408080800000	08894049	1	4	0
5165	00408080801000	08914049	1	5	0
5166	00408080c00000	0809408d	11	5	0
5167	00408080c01000	08114889	1	6	0
5168	00408080c10000	0009488d	5	6	0
5169	00408080c11000	00914889	1	7	0
5170	00408080c14000	00994881	1	7	0
5171	00408080c18000	00990889	1	7	0
5172	00408100800000	004940c9	8	4	0
5173	00408100808000	005900c9	1	5	0
5174	00408100c00000	0049408d	33	5	0
5175	00408100c08000	00590099	2	6	0
5176	00408180810000	00994049	1	6	0
5177	00408180c10000	0019408d	7	7	0
5178	00408180c14000	00994091	2	8	0
5179	0040c000008000	0049088b	1	4	0
5180	0040c000c08000	00c90889	1	6	1
5181	00410000000000	0859c008	1	2	0
5182	00418000000000	08c9400a	1	3	0
5183	00418000800000	08c94048	2	4	0
5184	00418000c00000	08494888	4	5	0
5185	00440000000000	00404a8b	2756	2	0
5186	00440000000800	08448885	2	3	1
5187	00440000008000	0050888b	73	3	0
5188	00440000100000	00c4c212	16	3	0
5189	00440000400000	0068408d	117	3	0
5190	00440002000000	086808c1	1	3	1
5191	00440008040000	084c8888	1	4	1
5192	00440080000000	0008421f	1861	3	0
5193	00440080001000	0000429f	1422	4	0
5194	00440080001400	00b08283	2	5	1
5195	00440080004000	000c4a85	105	4	0
5196	00440080005000	00144a85	41	5	0
5197	00440080008000	0018809b	37	4	0
5198	00440080009000	0014809b	9	5	0
5199	0044008000c000	001c8891	5	5	1
5200	00440080010000	002840d9	15	4	0
5201	00440080011000	00b04059	3	5	0
5202	00440080400000	0828408d	51	4	0
5203	00440080401000	08304889	4	5	0
5204	00440080410000	0028488d	36	5	0
5205	00440080411000	0030488d	12	6	0
5206	00440100000000	0044409d	130	3	0
5207	00440100008000	005400d9	13	4	0
5208	00440180000000	000c409d	47	4	0
5209	00440180001000	0014409d	30	5	0
5210	00440180004000	001c4095	18	5	0
5211	00440180005000	00944185	2	6	1
5212	00440180008000	001c00d9	4	5	1
5213	00442000000000	0054820b	34	3	0
5214	00442000008000	0054801b	63	4	0
5215	00442080000000	001c021b	14	4	0
5216	00442080001000	0094820b	2	5	0
5217	00442080008000	001c081b	19	5	0
5218	00442080009000	0094810b	1	6	1
5219	00442100008000	005c0059	5	5	1
5220	00444000000000	0044009f	46	3	0
5221	00444000002000	004c001f	3	4	0
5222	00444000008000	0044888b	30	4	0
5223	00444080000000	00088a8b	33	4	0
5224	00444080001000	00048a8b	3	5	1
5225	00444080002000	000c003f	4	5	1
5226	00444080008000	000c089b	11	5	1
5227	00444100000000	00cc008d	1	4	0
5228	00444100008000	004c00d9	4	5	1
5229	00446000000000	004c021b	5	4	0
5230	0044600000a000	004c801b	4	6	1
5231	00446080000000	008c820b	1	5	1
5232	00448000000000	0040409f	190	3	0
5233	00448000008000	0058009b	7	4	0
5234	00448000800000	004848c9	39	4	0
5235	00448000808000	005808c9	1	5	0
5236	00448000c00000	0048488d	114	5	0
5237	00448000c08000	00580899	4	6	0
5238	00448080000000	0008409f	138	4	0
5239	00448080001000	0010409f	73	5	0
5240	00448080008000	0018089b	4	5	0
5241	00448080800000	080840d9	22	5	0
5242	00448080801000	081048c9	8	6	0
5243	00448080810000	001848c9	2	6	0
5244	00448080814000	009848c1	1	7	0
5245	00448080c00000	0808409d	45	6	0
5246	00448080c01000	0810488d	12	7	0
5247	00448080c10000	0018488d	16	7	0
5248	00448080c11000	0090482d	6	8	0
5249	00448080c14000	00984885	3	8	0
5250	00448080c18000	00980989	1	8	1
5251	00448100800000	004840d9	23	5	0
5252	00448100808000	005800d9	2	6	0
5253	00448100c00000	0048409d	43	6	0
5254	00448100c08000	00d80099	2	7	1
5255	00448180810000	001840d9	7	7	0
5256	00448180811000	00904159	1	8	0
5257	00448180814000	009840d1	2	8	0
5258	00448180c10000	0018409d	17	8	0
5259	00448180c11000	009040ad	4	9	1
5260	00448180c14000	00984185	2	9	1
5261	0044a000008000	00d8001b	3	5	1
5262	0044c000000000	0048009f	1	4	0
5263	0044c000008000	00c8088b	1	5	1
5264	00450000000000	08588888	7	3	0
5265	00458000000000	08c8401a	5	4	0
5266	00458000800000	08c84058	7	5	0
5267	00458000c00000	08584888	8	6	0
5268	00480000000000	08550888	1	2	0
5269	004c0000000000	08548888	2	3	1
5270	00500000000000	084d4006	39	2	0
5271	00500000080000	08c54012	10	3	0
5272	00510000000000	08c9c040	3	3	0
5273	00518000000000	08c94042	4	4	0
5274	00518000080000	08c94012	1	5	1
5275	00518000800000	08c94050	6	5	0
5276	00518000c00000	08594880	6	6	0
5277	00540000000000	08444096	141	3	0
5278	00540000180000	084cc012	18	5	0
5279	00550000000000	0858c880	21	4	0
5280	00558000000000	08c040d2	24	5	0
5281	00558000800000	08c840d0	17	6	0
5282	00558000c00000	08d04124	10	7	0
5283	00580000000040	08558880	1	4	1
5284	00600080000000	080d4888	10	3	0
5285	00600080001000	08154888	3	4	0
5286	00610080000000	0899c008	1	4	0
5287	00618080c00000	08194888	1	7	0
5288	00660080000000	080c401e	90	5	0
5289	00660080001000	0814488c	36	6	0
5290	00660080100000	088cc202	1	6	0
5291	00670080000000	0818c888	7	6	0
5292	00670080001000	0890c128	2	7	0
5293	00678080000000	0898400e	7	7	0
5294	00678080800000	08984058	5	8	0
5295	00678080c00000	0818488c	8	9	0
5296	00678080c01000	0890412c	1	10	0
5297	00700080000000	081d4880	11	4	0
5298	00700080001000	0895c100	1	5	0
5299	00710080000000	0899c002	1	5	0
5300	00718080c00000	08994880	1	8	0
5301	00760080000000	080c4096	80	6	0
5302	00760080001000	08844056	42	7	0
5303	00760080180000	088c4032	7	8	0
5304	00770080000000	0898c006	19	7	0
5305	00770080001000	0890c124	1	8	0
5306	00778080000000	088840d2	18	8	0
5307	00778080800000	08984064	8	9	0
5308	00778080c00000	089840a4	5	10	0
5309	00800000000000	0420441e	7259	1	0
5310	00800000000002	04300c86	30	2	0
5311	00800000000080	04360212	22	2	0
5312	008000000000c0	04360016	77	3	0
5313	00800000020000	0432084a	32	2	0
5314	00800000020080	04720a80	3	3	0
5315	008000000200c0	047200d0	6	4	0
5316	008000000200c2	04320892	9	5	0
5317	00800000200000	04300c0e	155	2	0
5318	00800000200001	04b00702	144	3	0
5319	00800000200003	04b00c06	7	4	1
5320	00800000220000	0432080e	14	3	0
5321	00800000400000	0420449c	1192	2	0
5322	00800000400002	04700c84	11	3	0
5323	00800000600000	0430052c	54	3	0
5324	00800000600001	06300524	21	4	0
5325	00800001000000	06200e84	268	2	0
5326	00800001200001	06a00f00	13	4	1
5327	00800001400000	06280494	39	3	0
5328	00800002000000	046005d0	65	2	0
5329	00800002000002	04e00486	5	3	0
5330	00800002400000	04680c90	9	3	0
5331	00800020000000	04240496	127	2	0
5332	00800020000080	04a60282	1	3	0
5333	008000200000c0	04260096	1	4	0
5334	00800021000000	042a0e80	67	3	0
5335	00800022000000	04280496	39	3	0
5336	00800023000000	04aa0484	5	4	0
5337	00800023400000	04a80584	3	5	1
5338	00840000000000	04204296	2282	2	0
5339	00840000000080	04340216	60	3	0
5340	008400000000c0	04340056	153	4	0
5341	00840000020000	0430088e	19	3	0
5342	00840000020080	04700a82	8	4	0
5343	008400000200c0	047000d2	13	5	0
5344	008400000200c2	04700886	11	6	0
5345	00840000220000	04b0090a	2	4	0
5346	00840000400000	0428409c	373	3	0
5347	00840000420000	043008ac	9	4	0
5348	008400004200c2	047008a4	3	7	1
5349	00840000620000	0430092c	1	5	1
5350	00840002000000	04680056	22	3	0
5351	00840020000000	042c0036	55	3	0
5352	00840020000080	04240296	5	4	0
5353	008400200000c0	042400d6	5	5	1
5354	00840021000000	04ac0184	3	4	1
5355	00840022000000	04a80096	3	4	1
5356	01000000000000	0400168e	8599	1	0
5357	01000000000010	04121096	99	2	0
5358	01000000000100	04401296	133	2	0
5359	01000000100000	04005632	460	2	0
5360	01000000100100	04461212	22	3	0
5361	01000000180000	04025c12	734	3	0
5362	01000001000000	04041694	268	2	0
5363	01000001100000	040e1610	34	3	0
5364	01000001180000	06021c30	34	4	0
5365	01000004000000	04061416	50	2	0
5366	01000004000100	04461016	66	3	0
5367	01000004180000	040e1412	27	4	0
5368	01000004180100	04461032	27	5	0
5369	01000005000000	04061494	27	3	0
5370	01000005180000	040e1430	8	5	0
5371	01000008000000	0404141e	191	2	0
5372	01000008000200	0400149e	65	3	0
5373	0100000c000000	04041436	122	3	0
5374	0100000c000100	04441036	115	4	0
5375	0100000d000000	040414b4	42	4	0
5376	01000014000000	04021496	63	3	0
5377	01000014000100	044a1016	30	4	0
5378	01000014000130	04421096	7	6	0
5379	01000014180000	044a1412	17	5	0
5380	01000014180100	044a1812	4	6	0
5381	01000015000000	040a1494	16	4	0
5382	01000015180000	048a1510	1	6	1
5383	0100001c000000	04081456	75	4	0
5384	0100001c000200	04401496	45	5	0
5385	0100001d000000	04081c94	13	5	1
5386	01001000000000	0402129a	175	2	0
5387	01001000000100	04021296	25	3	0
5388	01001000100000	06061212	9	3	0
5389	01001000100100	04061a12	9	4	0
5390	01001001000000	06041294	57	3	0
5391	01001001000100	04061294	23	4	0
5392	01001001100000	06061a10	9	4	0
5393	01001001100100	040e1320	5	5	0
5394	01001800000000	0402109e	398	3	0
5395	01001800180000	06061812	13	5	0
5396	01001801000000	06041894	81	4	0
5397	01001801180000	060e1030	10	6	0
5398	01001804000100	04061036	35	5	0
5399	01001804180100	040e1032	8	7	0
5400	01001805000100	040e1094	17	6	0
5401	01001805180100	048e1110	1	8	0
5402	01001814000100	040a1096	12	6	0
5403	01001814000130	04821096	1	8	1
5404	01001814180100	048a1812	1	8	1
5405	01002000000000	0404161a	1758	2	0
5406	01002000000100	04441252	20	3	0
5407	01002000100000	040c1612	139	3	0
5408	01002000100100	04441232	37	4	0
5409	01002000180000	06001c32	140	4	0
5410	01002001100000	040c1630	51	4	0
5411	01002001180000	06041530	34	5	0
5412	01002008000000	0404143a	159	3	0
5413	01002008000200	0440145a	26	4	0
5414	0100200c000000	040c1452	30	4	0
5415	0100200c000100	04441072	26	5	0
5416	0100200c180000	040c1432	43	6	0
5417	0100200c180100	04441132	29	7	0
5418	0100200d180000	048c1430	6	7	0
5419	0100201c000000	04481452	15	5	0
5420	0100201c000200	04401552	7	6	0
5421	0100201c180000	04481432	19	7	0
5422	0100201c180200	04c01432	5	8	1
5423	01003000000000	0604121a	32	3	0
5424	01003000100000	06041232	17	4	0
5425	01003001100000	060c1230	13	5	0
5426	01003800000000	0604103a	57	4	0
5427	01003800180000	06041832	22	6	0
5428	01003801180000	060c1830	8	7	0
5429	01010000000000	0440501e	533	2	0
5430	01010000000010	04501056	52	3	0
5431	01010000180000	04405132	33	4	0
5432	01010008000000	0448101e	27	3	0
5433	01010008000200	0440109e	7	4	0
5434	0101001c000100	04481036	48	6	0
5435	0101001c000330	044010b6	10	9	0
5436	01012000000000	0450105a	76	3	0
5437	01012000000010	04501152	19	4	0
5438	01012008000000	0448105a	11	4	0
5439	0101201c000100	04481152	5	7	0
5440	0101201c000330	04c01152	1	10	1
5441	0101201c180100	04c81032	5	9	1
5442	01020000000000	0400521e	1360	2	0
5443	01020000100000	04045232	59	3	0
5444	01020000180000	04045132	33	4	0
5445	01021000000000	0404121e	40	3	0
5446	01021000000100	04041236	52	4	0
5447	01021001000100	040c1294	24	5	0
5448	01021808000000	0404103e	66	5	0
5449	0102180c000100	04041076	64	7	0
5450	0102180d000100	040c10b4	23	8	0
5451	01022000000000	04101a1a	234	3	0
5452	01023000000000	040c121a	23	4	0
5453	01023000000100	040c1252	6	5	0
5454	01023000100100	040c1232	14	6	0
5455	01023001100100	048c1310	4	7	0
5456	01023808000000	040c103a	18	6	0
5457	0102380c000100	040c1852	5	8	0
5458	0102380c180100	040c1832	7	10	0
5459	0102380d180100	048c1910	1	11	1
5460	01030000000000	0400503e	811	3	0
5461	01030000000010	04101836	34	4	0
5462	01030000180000	04085132	18	5	0
5463	01031808000000	0408109e	13	6	0
5464	0103181c000100	040810b6	21	9	1
5465	01032000000000	0410183a	66	4	0
5466	01032000000010	04901832	5	5	1
5467	01033808000000	0488111a	2	7	1
5468	01800000000000	04004ec8	7033	2	0
5469	01800000000002	04520c84	8	3	0
5470	01800000000080	04160a84	8	3	0
5471	018000000000c0	04160096	20	4	0
5472	01800000000100	044e0282	7	3	0
5473	01800000000180	04460292	1	4	0
5474	01800000020000	0412088e	22	3	0
5475	01800000100000	04064612	395	3	0
5476	01800000180000	040c4432	436	4	0
5477	01800000200000	04120c0e	87	3	0
5478	01800000200001	06020616	51	4	0
5479	01800000300001	06820612	3	5	0
5480	01800000380001	06820c12	2	6	1
5481	01800001000000	06020e84	170	3	0
5482	01800001100000	06060e10	16	4	0
5483	01800001180000	060e0430	20	5	0
5484	01800004000000	04460416	31	3	0
5485	01800004000100	044e0086	8	4	0
5486	018000040001c0	04460096	3	6	0
5487	01800004180000	044e0412	8	5	0
5488	01800008000000	0404049e	113	3	0
5489	0180000c000000	04440456	74	4	0
5490	01800016000000	044a0492	11	5	0
5491	01800016000100	044a0096	2	6	0
5492	01800016180000	04ca0412	2	7	0
5493	01800020000000	04040696	31	3	0
5494	01800020100000	048e0602	1	4	0
5495	01800021000000	040c0694	20	4	0
5496	01800021100000	048e0700	1	5	0
5497	01800024000000	04060496	19	4	0
5498	01800024180000	048e0412	3	6	0
5499	01800025000000	040e0494	11	5	0
5500	0180002c000000	040c0456	40	5	0
5501	0180002d000000	040c0c94	12	6	1
5502	01800036000000	048a0486	6	6	0
5503	01800100000000	0406409c	1118	3	0
5504	018001000000c0	04560094	6	5	0
5505	01800100180000	044e4030	52	5	0
5506	01800104000100	044e0094	7	5	0
5507	01800200000000	0446001e	218	3	0
5508	01800200000080	04560212	6	4	0
5509	018002000000c0	04560016	18	5	0
5510	01800200000100	044e0206	2	4	0
5511	01800200000180	04460216	1	5	0
5512	01800200020000	0452080e	16	4	0
5513	01800200100000	06460212	6	4	0
5514	01800200100100	044e0212	2	5	0
5515	01800200100180	04c60212	1	6	1
5516	01800200180000	064e0012	8	5	0
5517	01800204000100	044e0016	3	5	0
5518	018002040001c0	04c60016	1	7	0
5519	01800204180100	04ce0012	2	7	0
5520	01800300000000	044e001c	92	4	0
5521	018003000000c0	04560150	2	6	0
5522	01800300180000	06ce0010	2	6	0
5523	01800600000000	0416001e	291	4	0
5524	01800600000080	04160216	1	5	0
5525	018006000000c0	04160816	4	6	0
5526	01800600200000	06100a0e	18	5	0
5527	01800600200001	06120816	2	6	0
5528	01800600220000	0412081e	4	6	1
5529	01800700000000	0416012c	40	5	0
5530	01801000000000	040e028a	23	3	0
5531	01801001000000	060c0a84	5	4	0
5532	01801020000100	040e0286	3	5	0
5533	01801600000000	048e020a	17	5	0
5534	01801600100000	060e0212	2	6	0
5535	01801620000100	040e0216	1	7	0
5536	01801620100100	048e0212	1	8	1
5537	01801800000000	0406009e	73	4	0
5538	01801801000000	060c0894	6	5	0
5539	01801824000100	040e0096	7	7	0
5540	01801900000000	040e009c	12	5	0
5541	01801901000000	060e0094	3	6	1
5542	01801e00000000	040e001e	39	6	0
5543	01801e00180000	068e0012	3	8	0
5544	01801e24000100	048e0016	1	9	0
5545	01802000000000	040c061a	722	3	0
5546	01802000100000	044c0612	55	4	0
5547	01802000180000	060c0432	48	5	0
5548	01802000200000	04900e0a	15	4	0
5549	01802000200001	06100e12	11	5	0
5550	01802001100000	060c0720	15	5	0
5551	01802001180000	060c0c30	11	6	1
5552	01802008000000	040c045a	54	4	0
5553	0180200c000000	04440552	13	5	0
5554	0180200c180000	044c0432	16	7	0
5555	01802020000000	048c0642	1	4	0
5556	01802020100000	048c0612	4	5	0
5557	01802021100000	048c0720	1	6	1
5558	0180202c000000	048c0452	3	6	0
5559	0180202c180000	048c0432	5	8	1
5560	01802200000000	0644021a	115	4	0
5561	01802200100000	064c0212	10	5	0
5562	01802200180000	064c0032	12	6	0
5563	01802300000000	064c0058	32	5	0
5564	01802300180000	06cc0110	2	7	1
5565	01802600000000	0614081a	104	5	0
5566	01802600200000	06900a0a	1	6	0
5567	01802700000000	061c0058	9	6	0
5568	01803600000000	068c020a	1	6	0
5569	01803600100000	068c0212	3	7	0
5570	01803e00000000	060c081a	4	7	0
5571	01803e00180000	068c0112	3	9	1
5572	01808000000000	0400449e	996	3	0
5573	01808000000002	04900c86	8	4	0
5574	01808000180000	04484432	74	5	0
5575	01808000200000	04900c0e	7	4	0
5576	01808000200001	06100c16	8	5	0
5577	01808000800000	04004ccc	601	4	0
5578	01808000c00000	0408449c	1056	5	0
5579	01808000c00002	04d00c84	3	6	1
5580	01808000d80000	04884530	51	7	0
5581	01808000e00000	0490052c	10	6	0
5582	01808000e00001	06100c34	6	7	0
5583	01808001c00000	06080c94	17	6	1
5584	01808008000000	0408049e	19	4	0
5585	01808008000200	04c0041e	7	5	0
5586	01808008800000	044804cc	10	5	0
5587	01808008800200	044005d8	4	6	0
5588	01808008c00000	0448049c	22	6	0
5589	01808008c00200	04c00d88	1	7	1
5590	0180801e000000	04480496	12	7	0
5591	0180801e000200	04c004d2	1	8	0
5592	0180801e000202	04c00496	1	9	1
5593	0180801e800000	044805d0	7	8	0
5594	0180801e800200	04c005d0	1	9	1
5595	0180801ec00000	04c80494	7	9	1
5596	0180803e000000	04880496	10	8	1
5597	01808100800000	0618404c	86	5	0
5598	01808100c00000	0608409c	165	6	0
5599	01808100d80000	06884130	5	8	0
5600	01808200000000	0650080e	9	4	0
5601	01808200800000	0650084c	2	5	0
5602	01808200c00000	0650081c	8	6	0
5603	01808300c00000	06d8000c	1	7	0
5604	01808600000000	0618080e	8	5	0
5605	01808600200000	0610081e	2	6	0
5606	01808600200001	06900816	1	7	1
5607	01808600800000	0618084c	2	6	0
5608	01808600c00000	0618081c	8	7	0
5609	01808600e00000	0610092c	1	8	1
5610	01809800000000	06880096	3	5	1
5611	0180a000000000	04180c1a	135	4	0
5612	0180a000000002	04d00c12	1	5	1
5613	0180a000180000	06480c12	19	6	0
5614	0180a000200000	04900c1a	13	5	0
5615	0180a000200001	06100c32	8	6	0
5616	0180a000800000	04100d58	125	5	0
5617	0180a000c00000	04180c38	104	6	0
5618	0180a000d80000	06c80430	6	8	1
5619	0180a000e00000	04900d28	9	7	0
5620	0180a000e00001	06900c30	3	8	1
5621	0180a008000000	0448045a	8	5	0
5622	0180a008800000	04480558	5	6	0
5623	0180a008800200	04c00558	1	7	1
5624	0180a008c00000	04c80518	4	7	1
5625	0180a01e000000	04c80452	3	8	0
5626	0180a01e000200	04c00552	1	9	1
5627	0180a01e180000	04c80512	2	10	1
5628	0180a01e800000	04c80550	1	9	1
5629	0180a200000000	0650081a	22	5	0
5630	0180a200800000	06500858	8	6	0
5631	0180a200c00000	06580818	12	7	0
5632	0180a300800000	06580150	3	7	0
5633	0180a300c00000	06d80018	2	8	1
5634	0180a600000000	0618081a	15	6	0
5635	0180a600200000	0690081a	2	7	1
5636	0180a600800000	06180858	6	7	0
5637	0180a600c00000	06180838	7	8	0
5638	01840000000000	04404296	652	3	0
5639	01840000000080	04540292	7	4	0
5640	018400000000c0	04540096	22	5	0
5641	01840000000100	044c0286	13	4	0
5642	01840000000180	04440296	3	5	0
5643	01840000100000	04444232	47	4	0
5644	01840000180000	044c4032	24	5	0
5645	01840008000000	0444009e	16	4	0
5646	0184000c000100	044c0096	21	6	0
5647	0184000c0001c0	044400b6	9	8	0
5648	01840100000000	0444403c	218	4	0
5649	018401000000c0	045401d0	2	6	0
5650	01840100180000	044c4130	5	6	0
5651	01840108000000	044c009c	12	5	0
5652	0184010c000100	044c00d4	10	7	0
5653	0184010c0001c0	04c401d0	1	9	1
5654	01840200000000	0444021e	34	4	0
5655	01840200000080	04540216	5	5	0
5656	018402000000c0	04540036	17	6	0
5657	01840200000100	044c0216	2	5	0
5658	01840200000180	04c40216	1	6	0
5659	01840208000000	044c001e	4	5	0
5660	0184020c000100	044c0036	9	7	0
5661	0184020c0001c0	04c40036	4	9	0
5662	01840300000000	0454012c	14	5	0
5663	018403000000c0	04d40124	1	7	0
5664	01840308000000	04cc004c	2	6	0
5665	01842200000000	044c021a	100	5	0
5666	01842200000080	04540a12	7	6	0
5667	018422000000c0	04540152	12	7	0
5668	01842200000100	04cc0242	3	6	0
5669	01842200000180	04c40252	1	7	0
5670	01842200100100	04cc0212	3	7	0
5671	01842208000000	044c005a	7	6	0
5672	0184220c000100	04cc0052	2	8	0
5673	0184220c0001c0	04c40152	1	10	1
5674	0184220c180100	04cc0032	5	10	1
5675	01842300000000	04540158	23	6	0
5676	018423000000c0	04d40150	1	8	1
5677	01842308000000	04cc0058	3	7	0
5678	0184230c000100	04cc0150	1	9	1
5679	01858000000000	0440409e	203	5	0
5680	01858000020000	0450089a	2	6	0
5681	018580000200d2	04500896	1	10	1
5682	01858000180000	04c04132	10	7	0
5683	01858000800000	044848c4	39	6	0
5684	01858000820000	045008d8	2	7	0
5685	01858000c00000	0448488c	90	7	0
5686	01858000c20000	04d00988	1	8	1
5687	01858000d80000	04c84830	3	9	0
5688	01858008000000	0448009e	3	6	0
5689	0185801e000100	044800d6	5	10	1
5690	01858100800000	044840cc	75	7	0
5691	01858100c00000	0448409c	92	8	0
5692	01858100d80000	04c84130	1	10	1
5693	01858200000000	0458080e	5	6	0
5694	01858200800000	0458084c	3	7	0
5695	01858200c00000	0458081c	8	8	0
5696	0185a200000000	0458081a	16	7	0
5697	0185a200800000	04580858	5	8	0
5698	0185a200c00000	04580928	6	9	0
5699	0185a300800000	04d80150	1	9	1
5700	01860000000000	0404403e	931	4	0
5701	01860000000080	04140a86	2	5	0
5702	018600000000c0	04140896	7	6	0
5703	01860000100000	040c4232	28	5	0
5704	01860000180000	04844132	14	6	0
5705	01860100000000	040c403c	215	5	0
5706	01860100180000	048c4130	1	7	1
5707	01860600000000	0414081e	56	6	0
5708	01860600000080	04140a16	2	7	0
5709	018606000000c0	04140836	9	8	1
5710	01860700000000	041c012c	5	7	0
5711	01861000000000	040c028e	3	5	0
5712	01861020000100	040c0296	4	7	0
5713	01861600000000	040c021e	2	7	0
5714	01861620000100	048c0216	1	9	0
5715	01861808000000	040c009e	7	7	0
5716	0186182c000100	040c00b6	13	10	0
5717	01861e08000000	040c081e	3	9	0
5718	01861e2c000100	048c0036	3	12	1
5719	01862600000000	04180a1a	72	7	0
5720	01862700000000	049c0118	4	8	1
5721	01878000000000	0408409e	230	6	0
5722	01878000180000	04884132	4	8	1
5723	01878000800000	0410485c	50	7	0
5724	01878000c00000	0410483c	85	8	0
5725	01878100800000	041840cc	45	8	0
5726	01878100c00000	0418409c	52	9	0
5727	01878600000000	0418081e	8	8	0
5728	01878600800000	0498084c	1	9	0
5729	01878600c00000	0418092c	4	10	0
5730	01878700c00000	0498012c	1	11	1
5731	0187a600000000	0418085a	8	9	0
5732	0187a600800000	04980858	2	10	0
5733	0187a600c00000	04980918	2	11	1
5734	02000000000000	002d0c88	611	1	0
5735	02000000010000	002b4488	69	2	0
5736	02000000200000	02310c0a	5	2	0
5737	02000000200001	02b30402	1	3	0
5738	02000000210000	0233040c	5	3	0
5739	02000000210001	02b30c00	1	4	0
5740	02000000400000	00690c88	126	2	0
5741	02000000410000	00390c88	92	3	0
5742	02000000610000	02310c0c	4	4	0
5743	02000001000000	02250e80	12	2	0
5744	02000001010000	022b0c80	2	3	0
5745	02000001410000	02a90c80	1	4	1
5746	02000002000000	00e90482	1	2	0
5747	02000040000000	02a14406	5	2	0
5748	02000040010000	02234448	6	3	0
5749	02000040410000	02a1440c	3	4	0
5750	02400000000000	006d4006	93	2	0
5751	02400000400000	00794088	12	3	0
5752	02400080000000	003d0888	25	3	0
5753	02400080001000	00b54024	3	4	0
5754	02400080410000	00b94024	3	5	0
5755	02400080411000	00b14124	1	6	0
5756	02800000000000	002844ca	2820	2	0
5757	02800000010000	002a44c8	346	3	0
5758	02800000200000	02300c0e	15	3	0
5759	02800000200001	02b00d02	6	4	0
5760	02800000210000	0232042c	10	4	0
5761	02800000210001	02b20d00	1	5	1
5762	02800000400000	0068448c	239	3	0
5763	02800000410000	0038448c	234	4	0
5764	02800000610000	02b00c0c	4	5	1
5765	02800001000000	02260e80	31	3	0
5766	02800001010000	02aa0484	3	4	1
5767	02800002000000	00e804c2	1	3	1
5768	02800020000000	00ac0486	6	3	0
5769	02800040000000	0222440e	28	3	0
5770	02800040010000	0222444c	20	4	0
5771	02800040200000	02a20c0a	1	4	1
5772	02800040410000	02a0442c	5	5	1
5773	02c40000000000	00644096	224	4	0
5774	02c40000400000	00f04124	19	5	0
5775	02c40080000000	002c4096	121	5	0
5776	02c40080001000	00344096	34	6	0
5777	02c40080010000	00b84064	7	6	0
5778	02c40080410000	00b8402c	12	7	0
5779	02c40080411000	00b0412c	1	8	0
5780	04000000000000	0042301e	4617	1	0
5781	04000000002000	0240b00e	34	2	0
5782	04000000004000	020070d4	787	2	0
5783	04000000008000	0054308a	597	2	0
5784	0400000000a000	0241b00a	14	3	0
5785	0400000000c000	0210b0d0	114	3	0
5786	04000000010000	0202688c	54	2	0
5787	04000000040000	0240388c	55	2	0
5788	04000000042000	0240b10c	62	3	0
5789	04000000048000	02403898	216	3	0
5790	0400000004a000	0241b018	40	4	0
5791	04000000080000	02057012	225	2	0
5792	04000000084000	02057810	37	3	0
5793	0400000008a000	0241b012	32	4	0
5794	040000000ca000	0241b120	43	5	0
5795	04000000180000	02047032	552	3	0
5796	04000000184000	0204f110	50	4	0
5797	04000008000000	0044308e	2	2	0
5798	04000008002000	0044301e	8	3	0
5799	04000008008000	0044309a	17	3	0
5800	0400000800a000	0045301a	10	4	0
5801	04000008040000	0044309c	11	3	0
5802	04000008042000	0044b01c	24	4	0
5803	04000008048000	004430b8	46	4	0
5804	0400000804a000	00453058	26	5	0
5805	04000040000000	0200701e	180	2	0
5806	04000040004000	0200f814	16	3	0
5807	04000040080000	0201f012	19	3	0
5808	04000040084000	0281f010	3	4	0
5809	04000040180000	0200f112	49	4	0
5810	04000040184000	0280f110	3	5	1
5811	04000100000000	0042609c	878	2	0
5812	04000100004000	020460d4	88	3	0
5813	04000100008000	005c2098	52	3	0
5814	0400010000c000	021c20d0	8	4	0
5815	04000100010000	020a608c	95	3	0
5816	04000100040000	0245208c	10	3	0
5817	04000100042000	024d200c	5	4	0
5818	04000100048000	02452098	34	4	0
5819	0400010004a000	024d2018	6	5	0
5820	04000100080000	020f6010	30	3	0
5821	04000100084000	02856110	3	4	0
5822	04000100090000	028b6100	1	4	0
5823	040001000ca000	02cd2010	3	6	0
5824	04000100180000	02466030	33	4	0
5825	04000100184000	028c6110	1	5	1
5826	04000100190000	028a6120	1	5	1
5827	04000108040000	004c209c	6	4	0
5828	04000108042000	004d201c	2	5	0
5829	04000108048000	004c20b8	15	5	0
5830	0400010804a000	00cd2018	3	6	0
5831	04000200000000	004e200e	214	2	0
5832	04000200002000	0244201e	24	3	0
5833	04000200042000	0240a12c	22	4	0
5834	04000200180000	02462812	42	4	0
5835	04000208002000	004c201e	4	4	0
5836	04000208042000	004ca80c	2	5	0
5837	04000300000000	004e201c	64	3	0
5838	04000300042000	024c201c	4	5	0
5839	04000300180000	02ce2010	3	5	0
5840	04000308042000	00cc210c	1	6	0
5841	04000400000000	0215a006	11	2	0
5842	04000400004000	0215a804	2	3	0
5843	04000400008000	0215a00a	15	3	0
5844	0400040000c000	021da010	8	4	0
5845	04000400010000	021b2808	1	3	0
5846	04000400200000	0213a808	1	3	0
5847	04000500000000	021f2008	2	3	0
5848	04000500008000	029d2008	1	4	0
5849	04000600000000	0214280e	92	3	0
5850	04000600004000	021ca014	8	4	0
5851	04000600010000	021a280c	2	4	1
5852	04000600200000	0210a12c	6	4	0
5853	04000600200001	0290a124	1	5	1
5854	04000700000000	021e200c	9	4	0
5855	04000800000000	0200b08e	256	2	0
5856	04000800002000	0204301e	32	3	0
5857	04000800008000	0200b09a	117	3	0
5858	0400080000a000	0205b00a	2	4	0
5859	04000800010000	020a288c	7	3	1
5860	04000800040000	0200a1ac	19	3	0
5861	04000800042000	0204b10c	9	4	0
5862	04000800044000	0204b0c4	4	4	0
5863	04000800046000	020cb044	1	5	0
5864	04000800048000	0200b198	77	4	0
5865	0400080004a000	0205b108	6	5	0
5866	0400080004c000	0204b0d0	18	5	0
5867	0400080004e000	020db040	1	6	0
5868	04000800080000	0207b002	2	3	0
5869	0400080008a000	0205b012	7	5	0
5870	04000800180000	0206b012	8	4	0
5871	04000801000000	0202b884	91	3	0
5872	04000801040000	0200b1a4	6	4	0
5873	04000801042000	0204b124	3	5	0
5874	04000801044000	02043894	26	5	0
5875	04000801046000	020cb014	9	6	0
5876	04000801048000	0204b0b0	20	5	0
5877	0400080104c000	0204b190	47	6	0
5878	04000801080000	020fb000	1	4	0
5879	040008010ca000	020db020	1	7	0
5880	040008010ce000	020db010	5	8	0
5881	04000801180000	020eb010	7	5	0
5882	04000840000000	0282b00a	1	3	0
5883	04000840042000	0200b12c	1	5	1
5884	04000900000000	020e208c	11	3	0
5885	04000900040000	020d208c	2	4	0
5886	04000900048000	028c2188	2	5	1
5887	04000901000000	020e2094	10	4	0
5888	04000901044000	028c2184	1	6	1
5889	04000c00000000	020fa008	1	3	0
5890	04000c00002000	020d2016	3	4	0
5891	04000c0000a000	020da00a	1	5	0
5892	04000c0004a000	020da108	1	6	0
5893	04000c00080000	020fa002	1	4	0
5894	04000c0008a000	020da012	2	6	0
5895	04000c010ce000	028da100	1	9	0
5896	04000e00000000	0206a00e	24	4	0
5897	04000e00002000	0204a126	14	5	0
5898	04000e00042000	0204a12c	4	6	0
5899	04000e00180000	020ea012	7	6	0
5900	04000e01000000	028ea004	1	5	0
5901	04000e01042000	020ca124	2	7	0
5902	04000e01046000	028ca104	1	8	0
5903	04000e01180000	028ea100	2	7	0
5904	04002000008000	0054301a	285	3	0
5905	0400200000a000	0240b01a	25	4	0
5906	0400200000c000	0214b050	35	4	0
5907	0400200004a000	0240b128	47	5	0
5908	0400200018a000	02443032	31	6	0
5909	040020001ca000	0244b030	37	7	0
5910	0400200800a000	0044381a	15	5	0
5911	0400200804a000	0044b118	24	6	0
5912	04002200008000	005c201a	143	4	0
5913	0400220000a000	0244a01a	25	5	0
5914	0400220004a000	0244a118	35	6	0
5915	0400220018a000	0244a032	24	7	0
5916	040022001ca000	0244a130	20	8	0
5917	0400220800a000	004c281a	9	6	0
5918	0400220804a000	004ca128	5	7	0
5919	04002300008000	005c2058	19	5	0
5920	0400230004a000	02cc2018	5	7	0
5921	040023001ca000	02cc2110	1	9	1
5922	0400230804a000	00cc2148	1	8	0
5923	04002600008000	0214a01a	69	5	0
5924	0400260000c000	021ca050	14	6	0
5925	04002600208000	0290a10a	2	6	1
5926	04002700008000	029c2108	1	6	1
5927	0400280000a000	0204b01a	13	5	0
5928	0400280004a000	0204b118	15	6	0
5929	0400280004e000	020cb050	3	7	0
5930	0400280018a000	0204b812	17	7	0
5931	040028011ca000	020cb030	5	9	0
5932	040028011ce000	020cb110	7	10	0
5933	0400284000a000	0280b10a	1	6	1
5934	04002e0000a000	020ca01a	7	7	0
5935	04002e0004a000	0204a928	7	8	0
5936	04002e0018a000	020ca812	5	9	0
5937	04002e011ca000	028ca120	1	11	0
5938	04002e011ce000	028ca900	1	12	1
5939	04004000000000	02429888	9	2	0
5940	04004000002000	02449016	3	3	0
5941	04004000008000	0244908a	7	3	0
5942	04004000040000	0244908c	2	3	0
5943	04004000042000	024d9004	1	4	0
5944	04004000048000	02448988	21	4	0
5945	0400400004a000	02459108	3	5	0
5946	0400400008a000	024d9002	1	5	0
5947	040040000ca000	024d9010	3	6	0
5948	04004200042000	0244812c	1	5	1
5949	04005800000000	02069888	5	4	0
5950	04005800002000	020c9016	1	5	0
5951	04005800008000	020c908a	3	5	0
5952	04005800040000	020c908c	1	5	0
5953	04005800042000	0204912c	1	6	1
5954	04005800048000	020c9098	6	6	1
5955	0400600000a000	024c900a	1	5	0
5956	0400600004a000	024c9018	5	6	0
5957	0400600018a000	024c9012	3	7	0
5958	040060001ca000	024c9810	3	8	1
5959	04008000000000	0200609e	271	2	0
5960	04008000008000	0218288a	42	3	0
5961	0400800000a000	02c9200a	1	4	0
5962	04008000080000	02496012	13	3	0
5963	0400800008a000	02c92012	1	5	1
5964	04008000180000	02486032	19	4	0
5965	04008000800000	024068c4	18	3	0
5966	04008000808000	025828c0	1	4	0
5967	04008000810000	020868c8	5	4	0
5968	04008000814000	020868c4	5	5	0
5969	04008000818000	021828c8	1	5	0
5970	04008000848000	024928c0	1	5	0
5971	04008000c00000	0240688c	60	4	0
5972	04008000c08000	02512888	12	5	0
5973	04008000c10000	0208688c	27	5	0
5974	04008000c14000	02086894	21	6	0
5975	04008000c18000	02182898	3	6	0
5976	04008000c1c000	02992880	1	7	1
5977	04008000c40000	02492884	1	5	0
5978	04008000c48000	02482898	5	6	0
5979	04008000c80000	02496810	4	5	0
5980	04008000d80000	02c86810	3	6	0
5981	04008040000000	0280601e	5	3	1
5982	04008100800000	024060d8	57	4	0
5983	04008100808000	025820c8	4	5	0
5984	04008100810000	021860c8	8	5	0
5985	04008100814000	021860c4	14	6	0
5986	04008100c00000	0240609c	137	5	0
5987	04008100c08000	02582098	13	6	0
5988	04008100c10000	0208609c	47	6	0
5989	04008100c14000	02186094	25	7	0
5990	04008100c18000	02982188	1	7	1
5991	04008100c40000	0249208c	1	6	0
5992	04008100c48000	02492098	4	7	1
5993	04008100c80000	02c16030	6	6	0
5994	04008100d80000	02c06130	4	7	0
5995	04008200000000	02d82006	1	3	0
5996	04008200002000	02c82016	1	4	1
5997	0400a200008000	0258280a	6	5	0
5998	0400a200c08000	02d82808	1	7	1
5999	04010000000000	0040701e	402	2	0
6000	04010000008000	0050309a	54	3	0
6001	04010008000000	0048308e	1	3	0
6002	04010008000200	0040309e	3	4	0
6003	04010008002000	0048301e	3	4	0
6004	04010008008000	0048309a	12	4	0
6005	04010008008200	0040b88a	7	5	0
6006	0401000800a000	0049301a	3	5	0
6007	04010008040000	0048309c	8	4	0
6008	04010008040200	0041388c	1	5	0
6009	04010008048000	004830b8	29	5	0
6010	04010008048200	00413898	4	6	1
6011	0401000804a000	00c9b008	1	6	1
6012	04012000008000	0058301a	20	4	0
6013	0401200800a000	00c8301a	4	6	0
6014	04012200008000	00d8a00a	3	5	0
6015	04018000000000	0040609e	75	3	0
6016	04018000008000	0058209a	5	4	0
6017	04018000800000	004168c8	8	4	0
6018	04018000808000	005828c8	1	5	0
6019	04018000c00000	0041688c	39	5	0
6020	04018000c08000	00582898	5	6	0
6021	04018008000000	0048209e	2	4	0
6022	04018008008000	0048289a	8	5	0
6023	04018008c40000	0049288c	1	7	0
6024	04018008c48000	00492898	2	8	1
6025	04018100800000	004160d8	34	5	0
6026	04018100808000	005820d8	3	6	0
6027	04018100c00000	0041609c	80	6	0
6028	04018100c08000	00592098	6	7	0
6029	0401a200008000	00d8201a	3	6	1
6030	04080000000000	0043288a	53	2	0
6031	04080000008000	0054209a	28	3	0
6032	04080000020000	0042209e	23	3	0
6033	04080008000000	0044209e	4	3	0
6034	04080008002000	0045201e	1	4	0
6035	04080008008000	0044289a	12	4	0
6036	0408000800a000	00c5a00a	1	5	0
6037	04080008040000	0044a88c	4	4	0
6038	04080008048000	0044a1a8	18	5	0
6039	0408000804a000	00c5a108	1	6	1
6040	04080100000000	0046209c	39	3	0
6041	04080100008000	005420d8	10	4	0
6042	04080100020000	005220d8	2	4	0
6043	04080108048000	00c520c8	2	6	0
6044	04080200000000	0046201e	27	3	0
6045	04080300000000	0056201c	4	4	0
6046	04082200008000	0054a01a	14	5	0
6047	0408220800a000	00c4a10a	1	7	1
6048	04090000008000	0051a888	1	4	0
6049	04090000028000	00d0a888	1	5	1
6050	04100000000000	00426096	1483	2	0
6051	04100000000010	00523016	61	3	0
6052	04100000008000	00543092	130	3	0
6053	04100000080000	00437012	148	3	0
6054	04100000180000	00427032	274	4	0
6055	04100004000000	00463016	75	3	0
6056	04100004000800	00463054	58	4	0
6057	04100004080000	00473012	21	4	0
6058	04100004080800	0047b010	7	5	0
6059	04100004180000	00463032	30	5	0
6060	04100004180800	0046b810	5	6	0
6061	0410000c000000	00443096	17	4	0
6062	0410000c002000	00443036	36	5	0
6063	0410000c008000	004430b2	60	5	0
6064	0410000c00a000	00453052	6	6	0
6065	0410000c040000	004c2894	21	5	0
6066	0410000c040800	004430b4	26	6	0
6067	0410000c042000	004c3034	31	6	0
6068	0410000c042800	0044b124	19	7	0
6069	0410000c048000	004c28b0	61	6	0
6070	0410000c048800	004430f0	49	7	0
6071	0410000c04a000	004d3050	7	7	0
6072	0410000c04a800	0045b050	4	8	0
6073	0410000c08a000	00453032	28	7	0
6074	0410000c0ca000	004d3030	18	8	0
6075	0410000c0ca800	0045b110	6	9	0
6076	04100014000000	004a3016	55	4	0
6077	04100014000030	00423096	25	6	0
6078	04100014000830	00423894	28	7	1
6079	04100014080000	004b3012	5	5	0
6080	04100014180000	004a3812	7	6	0
6081	04100016000000	004a2096	55	5	0
6082	04100100000000	004260d4	449	3	0
6083	04100100008000	005c20b0	20	4	0
6084	04100100080000	00476030	24	4	0
6085	04100100180000	004c6130	17	5	0
6086	04100104000000	004e2094	27	4	0
6087	04100104080000	00cf2010	2	5	0
6088	0410010c040000	004c20b4	12	6	0
6089	0410010c042000	00cd2044	2	7	0
6090	0410010c048000	004c20f0	18	7	0
6091	0410010c04a000	00cd2050	2	8	0
6092	0410010c0ca000	00cd2110	1	9	1
6093	04100116000000	004b2094	14	6	1
6094	04100200000000	005a2016	44	3	0
6095	04100204000000	004e2016	15	4	0
6096	04100204180000	004e2812	12	6	0
6097	0410020c002000	004c2036	12	6	0
6098	0410020c042000	004ca124	3	7	0
6099	04100216000000	00ca2016	1	6	1
6100	04100300000000	005c2054	18	4	0
6101	04100304000000	00ce2014	5	5	0
6102	04102000008000	00543032	76	4	0
6103	0410200c00a000	0044b052	8	7	0
6104	0410200c04a000	004c3150	11	8	0
6105	0410200c04a800	00c43150	3	9	0
6106	0410200c18a000	0044b032	24	9	0
6107	0410200c1ca000	004cb030	15	10	0
6108	0410200c1ca800	00c4b110	3	11	1
6109	04102200008000	005c2032	35	5	0
6110	0410220c00a000	004ca052	5	8	0
6111	0410220c04a000	00cca050	3	9	0
6112	0410220c18a000	004ca812	10	10	0
6113	0410220c1ca000	00cca110	3	11	1
6114	04102300008000	005c2150	6	6	0
6115	0410230c04a000	00cc2150	1	10	1
6116	0410400c002100	004c9016	1	7	0
6117	0410400c008100	004c9092	2	7	0
6118	0410600c18a100	00cc9012	1	11	1
6119	04110000000000	00407036	899	3	0
6120	04110000000010	00503096	14	4	0
6121	04110000008000	00583092	78	4	0
6122	04110000008010	005030d2	34	5	0
6123	04110000080000	00417032	70	4	0
6124	04110000180000	0040f032	84	5	0
6125	0411001c000000	00483096	8	6	0
6126	0411001c000230	004030d6	8	9	0
6127	0411001c002000	00483036	12	7	0
6128	0411001c002230	00c13016	1	10	1
6129	0411001c008000	004830b2	25	7	0
6130	0411001c008230	00413892	11	10	1
6131	0411001c00a000	00c93042	1	8	0
6132	0411001c040000	004830b4	21	7	0
6133	0411001c048000	004831d0	39	8	0
6134	0411001c08a000	00493812	6	9	0
6135	0411001e000000	0048a096	2	7	0
6136	0411001e008000	0048a892	8	8	0
6137	0411001e048000	00c9a180	2	9	1
6138	04110200000000	00d8a006	1	4	0
6139	04112000008000	00583052	25	5	0
6140	04112000008010	00d0b012	2	6	1
6141	0411201c00a000	00c83052	2	9	0
6142	0411201c18a000	00c83112	5	11	1
6143	04112200008000	00d8a012	4	6	1
6144	04118000000000	004060b6	172	4	0
6145	04118000008000	005820d2	11	5	0
6146	04118000080000	00496032	12	5	0
6147	04118000180000	00c06132	7	6	0
6148	04118000800000	004168d0	32	5	0
6149	04118000808000	005828d0	3	6	0
6150	04118000c00000	00416894	66	6	0
6151	04118000c08000	00592890	6	7	0
6152	04118000c80000	00c96810	3	7	0
6153	04118000d80000	00c86830	3	8	0
6154	0411801e000000	004820d6	5	8	0
6155	0411801e008000	004920d2	10	9	1
6156	04118100800000	004860d4	74	6	0
6157	04118100808000	005821d0	4	7	0
6158	04118100c00000	004860b4	90	7	0
6159	04118100c08000	00d92090	3	8	1
6160	04118100c80000	00c16130	4	8	0
6161	04118100d80000	00c86130	1	9	1
6162	04180000000040	00552016	22	4	0
6163	04180000000052	00532092	11	6	0
6164	041800000000c0	00542096	33	5	0
6165	04180000008040	00552092	28	5	0
6166	041800000080c0	005420d2	31	6	0
6167	041800000200d0	0052a0d0	1	7	0
6168	041800000200d2	00522096	10	8	0
6169	04180004000040	00472016	10	5	0
6170	041800040000c0	00462096	22	6	0
6171	04180004000840	00472884	13	6	0
6172	041800040008c0	00462894	23	7	0
6173	04180004080040	00c72012	2	6	0
6174	0418000c000040	00452096	4	6	0
6175	0418000c0000c0	004420b6	11	7	0
6176	0418000c002040	0045a016	3	7	0
6177	0418000c008040	004520d2	9	7	0
6178	0418000c0080c0	0044a0d2	10	8	0
6179	0418000c040840	0045a094	3	8	0
6180	0418000c0408c0	0044a1a4	2	9	0
6181	0418000c048840	0045a0d0	10	9	0
6182	0418000c0488c0	00c4a0d0	6	10	0
6183	0418000c08a040	00c5a012	2	9	1
6184	04180016000076	00432096	2	11	0
6185	041800160200fe	00c22096	1	14	1
6186	04180100000040	00552094	9	5	0
6187	041801000000c0	00562094	16	6	0
6188	04180100008040	005520d0	4	6	0
6189	041801000080c0	005421d0	4	7	0
6190	041801000200d0	005221d0	1	8	1
6191	04180104000840	00472094	12	7	0
6192	041801040008c0	004620d4	7	8	0
6193	0418010c0488c0	00c421d0	1	11	1
6194	041802000000c0	0054a016	25	6	0
6195	041802040000c0	0046a016	3	7	0
6196	0418020c0020c0	00c4a016	1	9	1
6197	041822000080c0	0054a150	11	8	0
6198	041823000080c0	00d42150	1	9	1
6199	04400000000000	0055c088	6	2	0
6200	04400000008000	005d8088	1	3	0
6201	04410000000000	00d1c108	2	3	0
6202	04440000000000	004cc888	30	3	0
6203	04440000008000	005c8888	2	4	0
6204	04442200008000	00dc8108	1	6	1
6205	04450000000000	0058c888	10	4	0
6206	04480000008000	00558888	1	4	1
6207	04500000000000	0055c880	24	3	0
6208	04500000008000	005d8880	2	4	0
6209	04500000080000	00c5c012	7	4	0
6210	04510000000000	00d1c120	9	4	0
6211	04540000000000	0044c096	85	4	0
6212	04540000008000	00dc8082	1	5	1
6213	04540000180000	00c4c032	9	6	0
6214	04550000000000	00c8c092	26	5	0
6215	08000000000000	0009548a	1133	1	0
6216	08000000004000	021d5200	4	2	0
6217	08000000080000	00455412	113	2	0
6218	08000001000000	008d1680	24	2	0
6219	08000001080000	020f1c00	3	3	0
6220	08000004000000	004f1480	1	2	0
6221	08000008000000	000d1c88	14	2	0
6222	0800000c000000	004d1482	8	3	0
6223	0800000c080000	00cd1402	2	4	0
6224	0800001c000000	00c91482	1	4	0
6225	08000040000000	0081540e	33	2	0
6226	08000040080000	02815412	10	3	0
6227	08004000040000	024d1280	1	3	1
6228	09000000000000	0004541e	3720	2	0
6229	09000000004000	020c5284	26	3	0
6230	09000000100000	000c5612	188	3	0
6231	09000000104000	028c5210	2	4	0
6232	09000000180000	004c5412	218	4	0
6233	09000001000000	008e1680	61	3	0
6234	09000001100000	020e1e00	2	4	0
6235	09000001180000	020e1c10	4	5	0
6236	09000004000000	004e1490	3	3	0
6237	09000008000000	000c148e	22	3	0
6238	0900000c000000	000c1496	19	4	0
6239	0900001c000000	00c81492	1	5	1
6240	09000040000000	0080541e	110	3	0
6241	09000040180000	02805432	17	5	1
6242	09002000000000	00541550	405	3	0
6243	09002000100000	00cc1602	14	4	0
6244	09002000180000	020c1c12	25	5	0
6245	09002001100000	028c1700	2	5	0
6246	09002001180000	028c1c10	2	6	1
6247	09002008000000	004c141a	5	4	0
6248	0900200c000000	00cc1442	2	5	0
6249	0900200c180000	00cc1412	1	7	1
6250	09004000000100	004c1292	1	4	0
6251	0a000000000000	000f4488	650	2	0
6252	0a000000010000	001b0c88	39	3	0
6253	0a000000080000	008d4412	48	3	0
6254	0a000000200000	02130e08	1	3	0
6255	0a000000210000	02930c08	1	4	0
6256	0a000001000000	020d0e80	5	3	0
6257	0a000008000000	004d0c88	3	3	0
6258	0a00000c000000	00cd0482	2	4	0
6259	0a000040000000	0283440a	1	3	0
6260	0a000040010000	02834c08	1	4	0
6261	0a008000000000	00894486	78	3	0
6262	0a008000080000	00c94412	12	4	0
6263	0a008000800000	004944c8	60	4	0
6264	0a008000810000	00994448	14	5	0
6265	0a008000c00000	00494c88	119	5	0
6266	0a008000c10000	00194c88	69	6	0
6267	0a008000c80000	02c94410	4	6	0
6268	0a008040000000	0281440e	2	4	0
6269	0a400000000000	004d420c	47	3	0
6270	0b800000000000	000c441e	2498	4	0
6271	0b800000004000	029c4280	3	5	0
6272	0b800000010000	001a4498	192	5	0
6273	0b800000100000	008c4612	63	5	0
6274	0b800000180000	008c4432	97	6	0
6275	0b800000200000	02920c0a	2	5	0
6276	0b800000210000	02920c0c	3	6	1
6277	0b800001000000	020e0c84	13	5	1
6278	0b800004000000	00ce0482	1	5	0
6279	0b800008000000	004c049a	8	5	0
6280	0b80000c000000	004c0496	5	6	0
6281	0b80002c000000	008c0496	1	7	1
6282	0b800040000000	0282440e	10	5	0
6283	0b800040010000	02824c0c	3	6	1
6284	0b802000000000	009c050a	142	5	0
6285	0b802000100000	02cc0602	1	6	0
6286	0b802000180000	02cc0412	3	7	1
6287	0b808000000000	00484496	360	5	0
6288	0b808000180000	00c84432	15	7	0
6289	0b808000800000	004844d8	153	6	0
6290	0b808000810000	00184cc8	111	7	0
6291	0b808000c00000	0058448c	197	7	0
6292	0b808000c10000	0088449c	162	8	0
6293	0b808000d80000	02c84430	6	9	1
6294	0b808040000000	0280441e	15	6	1
6295	0b80a000000000	02500c1a	25	6	0
6296	0b80a000800000	00d80550	9	7	0
6297	0b80a000810000	02980c48	1	8	0
6298	0b80a000c00000	02580c18	12	8	0
6299	0b80a000c10000	02980c18	3	9	1
6300	0bc40000000000	004c4216	62	6	0
6301	0bc40000100000	00c44232	6	7	0
6302	0c000000000000	0045500e	166	2	0
6303	0c000000004000	02155804	21	3	0
6304	0c000000008000	00551888	16	3	0
6305	0c00000000c000	021d1880	1	4	0
6306	0c000000080000	02455012	31	3	0
6307	0c000000084000	028d5100	1	4	0
6308	0c010000000000	00495098	28	3	0
6309	0c010000008000	00591888	1	4	0
6310	0c100000000000	00455016	89	3	0
6311	0c100000008000	005d1012	7	4	0
6312	0c100000080000	004d5012	20	4	0
6313	0c10400c002100	004d1016	1	8	0
6314	0c10400c008100	004d1092	1	8	0
6315	0c110000000000	00495016	58	4	0
6316	0c110000080000	00c15032	7	5	0
6317	0d000000000000	0044501e	775	3	0
6318	0d000000004000	020c5094	71	4	0
6319	0d000000008000	005c108a	17	4	0
6320	0d00000000c000	021c1890	2	5	1
6321	0d000000180000	020c5812	72	5	0
6322	0d000000184000	028c5110	2	6	1
6323	0d000040000000	0280501e	5	4	1
6324	0d002000008000	005c101a	20	5	0
6325	0d004000000000	02441096	2	4	0
6326	0d004000002000	024c1016	3	5	0
6327	0d004000008000	024c1092	2	5	0
6328	0d004008008000	004c109a	1	6	0
6329	0d005800000000	020c1096	1	6	1
6330	0d00600018a000	02cc1012	1	9	1
6331	0d010000000000	0048509a	55	4	0
6332	0d100000000000	00445036	280	4	0
6333	0d100000008000	005c1092	6	5	0
6334	0d100000180000	004c5032	32	6	0
6335	0d102000008000	00dc1012	2	6	1
6336	0d104004000100	004e1092	1	7	0
6337	0d10400c000100	004c1096	1	8	0
6338	0d10400c002100	00cc1016	1	9	1
6339	0d10400c008100	00cc1092	1	9	1
6340	0d110000000000	00485096	123	5	0
6341	0d110000008000	00d81092	1	6	1
6342	0d110000180000	00c05132	6	7	0
6343	0e000000000000	005b0888	21	3	0
6344	0e000000004000	029d4800	1	4	0
6345	0e000000008000	021d0888	2	4	0
6346	0e000000080000	024d4012	5	4	0
6347	0e000100000000	005f4008	23	4	0
6348	0e000100004000	029d4080	2	5	0
6349	0e000100080000	02cd4010	3	5	0
6350	0e008000000000	02994082	3	4	0
6351	0e008000080000	02c94012	1	5	1
6352	0e008000c00000	02d94800	1	6	0
6353	0e008100800000	02d94040	1	6	0
6354	0e008100c00000	02d94008	4	7	0
6355	0e100000000000	00d74002	2	4	0
6356	0e100000080000	00cf4002	1	5	0
6357	0e100100000000	005f4080	5	5	0
6358	0e400000000000	005d400a	5	4	0
6359	0e400000008000	005d0888	1	5	1
6360	0e400100000000	005d400c	11	5	0
6361	0e418000000000	00d9400a	1	6	0
6362	0e418000c00000	00594888	1	8	0
6363	0e418100c00000	00d94028	3	9	0
6364	0e500000000000	00454096	28	5	0
6365	0e500000080000	00c54112	4	6	0
6366	0e500100000000	005d4084	30	6	0
6367	0e500100080000	00cd4110	2	7	1
6368	0e518000000000	00c94092	7	7	0
6369	0e518000c00000	00d94880	1	9	0
6370	0e518100800000	00d94050	3	9	0
6371	0e518100c00000	00d14124	6	10	0
6372	0f800000000000	004e4888	185	5	0
6373	0f800000004000	021c4884	6	6	0
6374	0f800000008000	025c0888	2	6	1
6375	0f800000010000	021a4888	2	6	0
6376	0f800000180000	028c4032	14	7	0
6377	0f800100000000	005e400c	86	6	0
6378	0f800100004000	029c4084	7	7	0
6379	0f800100010000	029a4088	2	7	0
6380	0f800100180000	02cc4110	2	8	1
6381	0f800200000000	025e0808	1	6	1
6382	0f804000000000	024c0096	1	6	1
6383	0f808000000000	02484096	42	6	0
6384	0f808000800000	02d84840	1	7	0
6385	0f808000c00000	02584888	6	8	0
6386	0f808000c10000	02984824	5	9	0
6387	0f808100800000	02d04150	5	8	0
6388	0f808100c00000	02d84024	9	9	0
6389	0f808100c10000	0290412c	6	10	0
6390	0f900000000000	004e4016	26	6	0
6391	0f900000180000	00ce4012	2	8	0
6392	0f900100000000	005e4084	21	7	0
6393	0fc40000000000	004c401e	28	7	0
6394	0fc40100000000	005c408c	24	8	0
6395	0fc58000000000	00c8409a	8	9	0
6396	0fc58000c00000	00d84888	2	11	0
6397	0fc58100800000	00d04158	2	11	0
6398	0fc58100c00000	00d0412c	7	12	0
6399	0fd40000000000	004c4096	70	8	0
6400	0fd40000180000	00c44132	6	10	1
6401	0fd40100000000	005c4094	48	9	0
6402	0fd58000000000	00c84096	26	10	0
6403	0fd58000c00000	00d84824	2	12	0
6404	0fd58100800000	00d04170	8	12	0
6405	0fd58100c00000	00d840a4	4	13	0
6406	10000000000000	0002328e	2907	1	0
6407	10000000100000	0002f212	305	2	0
6408	10000001000000	00063294	68	2	0
6409	10000001100000	000eb210	4	3	0
6410	10000020000000	000a2296	23	2	0
6411	10000021000000	000e2294	21	3	0
6412	10000040000000	0102601e	74	2	0
6413	10000100000000	0102609c	184	2	0
6414	10000140000000	0182602c	9	3	0
6415	10000400000000	001f2208	62	2	0
6416	10000500000000	011b200c	7	3	0
6417	10000600000000	001e2206	206	3	0
6418	10000600100000	010a2a12	32	4	0
6419	10000620000000	000e2216	2	4	0
6420	10000620100000	008e2212	2	5	1
6421	10000700000000	011a201c	19	4	0
6422	10000800000000	0102308e	178	2	0
6423	10000840000000	0102380e	3	3	0
6424	10000900000000	010a209c	28	3	0
6425	10000c00000000	010f200a	3	3	0
6426	10000d00000000	010f200c	6	4	0
6427	10000e00000000	010a201e	28	4	0
6428	10000f00000000	010e201c	15	5	0
6429	10001000000000	01029a88	91	2	0
6430	10001000100000	010e1212	8	3	0
6431	10001800000000	01069888	15	3	0
6432	10080000000000	00062a8c	150	2	0
6433	10080000000080	00162286	12	3	0
6434	10080000020000	0012aa88	86	3	0
6435	10080000020008	01022296	20	4	0
6436	10080020000080	00062296	4	4	0
6437	10080100000000	0113208c	11	3	0
6438	10080100020000	0112209c	8	4	1
6439	10080400000000	01072206	44	3	0
6440	10080400200000	0113220c	5	4	0
6441	10080400200001	0113a204	4	5	0
6442	10080500000000	0117200c	6	4	0
6443	10080600000000	0016aa08	114	4	0
6444	10080600020000	01122a48	6	5	0
6445	10080600100000	0106a212	9	5	0
6446	10080600220000	01122a0a	19	6	0
6447	10080600220001	0112a212	6	7	0
6448	10080700000000	0116201c	15	5	0
6449	10080800000000	0103a888	25	3	0
6450	10080800020000	0102a88a	9	4	1
6451	10080900000000	0106209c	18	4	0
6452	10080c00000000	0107a808	1	4	0
6453	10080e00000000	0106201e	8	5	0
6454	10100000000000	01025096	1358	2	0
6455	10100000000010	01121096	120	3	0
6456	10100000080000	01076012	45	3	0
6457	10100000180000	01066032	148	4	0
6458	10100040000000	01027016	89	3	0
6459	10100040080000	01037012	18	4	0
6460	10100040180000	01027032	38	5	0
6461	10100100000000	010260d4	336	3	0
6462	10100100080000	010f6010	10	4	0
6463	10100100180000	010e6030	12	5	0
6464	10100140000000	01826054	11	4	0
6465	10100400000000	011b2006	17	3	0
6466	10100500000000	011f2004	7	4	0
6467	10100600000000	011a2016	71	4	0
6468	10100700000000	011e2014	20	5	0
6469	10100800000000	01063016	220	3	0
6470	10100800000030	01023096	30	5	0
6471	10100800000800	01063094	58	4	0
6472	10100800000830	010230d4	42	6	0
6473	10100800080000	01073012	17	4	0
6474	10100800080800	0107b010	4	5	0
6475	10100800180000	01063812	45	5	0
6476	10100800180800	0106b810	5	6	0
6477	10100840000030	01823016	2	6	0
6478	10100900000000	010a20d4	42	4	0
6479	10100c00000000	010f2006	4	4	0
6480	10100c00080000	010f2012	10	5	0
6481	10100d00000000	010f2014	6	5	0
6482	10100d00080000	018f2100	1	6	0
6483	10100e00000000	010e2016	26	5	0
6484	10100e00180000	010e2032	23	7	0
6485	10100f00000000	018e2014	6	6	0
6486	10100f00180000	018e2110	2	8	1
6487	10101800000000	010a1096	15	4	0
6488	10180000000000	01162086	24	3	0
6489	10180000000010	0113a0c0	1	4	0
6490	10180000000012	01132884	9	5	0
6491	10180000020010	011228d0	8	5	0
6492	10180000020012	01122096	28	6	0
6493	10180100000000	01162094	21	4	0
6494	10180400000000	01172006	12	4	0
6495	10180500000000	01172014	5	5	0
6496	10180600000000	01162016	48	5	0
6497	10180700000000	01162054	10	6	0
6498	10180800000000	01062096	26	4	0
6499	10180800000800	01062894	39	5	0
6500	10180900000800	010620d4	12	6	1
6501	10180c00000000	01072016	1	5	0
6502	10180e00000000	0106a016	3	6	0
6503	10180e00180000	0186a102	1	8	1
6504	10200000000000	0001720e	943	2	0
6505	10200000004000	00017294	796	3	0
6506	10200000040000	0001ba88	106	3	0
6507	10200000044000	000d32c0	125	4	0
6508	10200001040000	000d32a0	1	4	0
6509	10200001044000	00053294	24	5	0
6510	10200020000000	000d2286	4	3	0
6511	10200021044000	000da284	6	6	0
6512	10200100000000	0105601c	50	3	0
6513	10200400000000	001da208	72	3	0
6514	10200400004000	009da200	39	4	0
6515	10200400040000	01092a0c	24	4	0
6516	10200400044000	010d2214	26	5	0
6517	10200500000000	011d200c	6	4	0
6518	10200800000000	0105308a	2	3	0
6519	10200800002000	0105300e	5	4	0
6520	10200800040000	0105308c	11	4	0
6521	10200800042000	0105301c	22	5	0
6522	10200900040000	010d208c	6	5	0
6523	10200c00002000	010d200e	5	5	0
6524	10200c00042000	010d280c	9	6	0
6525	10200d00042000	010d201c	5	7	0
6526	10201000000000	0105120e	27	3	0
6527	10201000040000	01019a88	31	4	0
6528	10201000044000	01051294	51	5	0
6529	10201400000000	018d0206	2	4	0
6530	10201800000000	010d108a	1	4	0
6531	10201800040000	010d108c	4	5	0
6532	10210000000000	0101608e	189	3	0
6533	10210040000000	0101700e	37	4	0
6534	10210100000000	0109601c	47	4	0
6535	10210140000000	01816148	1	5	0
6536	10210400000000	0119280a	9	4	0
6537	10210500000000	01992108	1	5	0
6538	10210800000000	0101308e	11	4	0
6539	10210800002000	0109300e	5	5	0
6540	10210800040000	0101388c	28	5	0
6541	10210800042000	0109380c	7	6	0
6542	10211800040000	01099888	1	6	1
6543	10220000000000	0000721e	3528	3	0
6544	10220000004000	000072d4	1635	4	0
6545	10220000040000	0004329c	277	4	0
6546	10220000044000	0004b2c4	210	5	0
6547	10220000100000	00047232	349	4	0
6548	10220000104000	0004f310	136	5	0
6549	10220000140000	01043330	26	5	0
6550	10220000144000	01043b10	30	6	0
6551	10220001040000	000c32a4	6	5	0
6552	10220001044000	0004b294	31	6	0
6553	10220020000000	000c2296	14	4	0
6554	10220020044000	008ca2c0	1	6	0
6555	10220021040000	008c23a0	1	6	0
6556	10220021044000	008c2384	5	7	0
6557	10220100000000	0104605c	134	4	0
6558	10220600000000	001c2216	219	5	0
6559	10220600004000	009ca204	63	6	0
6560	10220600040000	0108a324	42	6	0
6561	10220600044000	010c2254	23	7	0
6562	10220600100000	010c2232	22	6	0
6563	10220600140000	010c2330	10	7	0
6564	10220600144000	010ca310	9	8	0
6565	10220620000000	008c2216	2	6	0
6566	10220700000000	011c201c	17	6	0
6567	10220800000000	0104308e	17	4	0
6568	10220800002000	0104301e	25	5	0
6569	10220800040000	0104309c	49	5	0
6570	10220800042000	0104381c	48	6	0
6571	10220900040000	010c209c	15	6	0
6572	10220e00002000	010c201e	19	7	0
6573	10220e00042000	010c284c	22	8	0
6574	10220f00042000	018c201c	7	9	0
6575	10221000000000	01041296	58	4	0
6576	10221000040000	0104928c	45	5	0
6577	10221000044000	01049294	44	6	0
6578	10221000100000	010c1a12	9	5	0
6579	10221000140000	010c9320	2	6	0
6580	10221000144000	018c9210	3	7	1
6581	10221600000000	018c0216	2	6	1
6582	10221800000000	010c108e	5	5	0
6583	10221800002000	010c101e	4	6	0
6584	10221800040000	010c109c	10	6	0
6585	10221800042000	018c9108	1	7	1
6586	10222000000000	000c321a	47	4	0
6587	10222000004000	001c3250	19	5	0
6588	10222000040000	000cb218	4	5	0
6589	10222000044000	008cb240	1	6	0
6590	10222000100000	000c3a12	9	5	0
6591	10222001144000	008cb210	2	8	1
6592	10222600000000	001ca20a	12	6	0
6593	10222600004000	009ca210	4	7	0
6594	10230000000000	0100509e	856	4	0
6595	10230040000000	0100701e	116	5	0
6596	10230100000000	0108605c	124	5	0
6597	10230140000000	0180606c	5	6	0
6598	10230600000000	0118201e	34	6	0
6599	10230700000000	0118212c	5	7	0
6600	10230800000000	0100309e	39	5	0
6601	10230800002000	0108301e	15	6	0
6602	10230800040000	0100389c	61	6	0
6603	10230800042000	0108b01c	14	7	0
6604	10231800000000	0188908a	1	6	0
6605	10280000000000	0011aa88	46	3	0
6606	10280000004000	0015aa80	26	4	0
6607	10280000040000	0005aa88	21	4	0
6608	10280000044000	01052294	24	5	0
6609	10280100000000	0115208c	6	4	0
6610	10280400000000	0105220e	56	4	0
6611	10280400004000	01152214	21	5	0
6612	10280400040000	01052a0c	11	5	0
6613	10280400044000	0105a214	9	6	0
6614	10280400200000	0111a20c	3	5	0
6615	10280400200001	0191a202	1	6	0
6616	10280500000000	0115202c	3	5	0
6617	10280800000000	0105208e	5	4	0
6618	10280800040000	0105288c	9	5	0
6619	10290000000000	0111288a	5	4	0
6620	102a0000000000	0014a28a	97	4	0
6621	102a0000000080	0014a286	5	5	0
6622	102a0000004000	01142294	25	5	0
6623	102a0000004080	0094a380	2	6	1
6624	102a0000020000	0100aa8a	43	5	0
6625	102a0000020008	01802296	7	6	1
6626	102a0000024000	0110a294	15	6	0
6627	102a0000040000	0104229c	42	5	0
6628	102a0000044000	010422d4	31	6	0
6629	102a0000060000	0100aa8c	6	6	1
6630	102a0020000080	00842296	1	6	1
6631	102a0100000000	0114209c	15	5	0
6632	102a0600000000	0104221e	145	6	0
6633	102a0600004000	01142254	31	7	0
6634	102a0600020000	0190a242	1	7	0
6635	102a0600040000	0104a324	7	7	0
6636	102a0600044000	0184a244	3	8	1
6637	102a0600100000	01842312	5	7	0
6638	102a0600140000	0184a320	1	8	1
6639	102a0600220000	0190a20a	3	8	0
6640	102a0600220001	0110a324	5	9	0
6641	102a0700000000	0114212c	5	7	0
6642	102a0800000000	0104209e	14	5	0
6643	102a0800040000	0104a09c	18	6	0
6644	102a0e00002000	0184a00e	2	8	0
6645	102a0e00042000	0104a12c	1	9	0
6646	102b0000020000	0110a08e	14	6	0
6647	102b0600220000	0110a12c	1	9	0
6648	10300000000000	01055016	152	3	0
6649	10300000004000	01055094	256	4	0
6650	10300000080000	01056812	51	4	0
6651	10300000084000	01057110	39	5	0
6652	10300100000000	010560a4	27	4	0
6653	10300100004000	01056094	80	5	0
6654	10300100080000	010d6030	5	5	0
6655	10300100084000	010d6110	4	6	0
6656	10300400000000	011d2006	12	4	0
6657	10300400004000	011d2804	14	5	0
6658	10300500000000	011d2024	5	5	0
6659	10300500004000	011d2014	10	6	0
6660	10300800000000	01053086	17	4	0
6661	10300800002000	01053016	9	5	0
6662	10300800040000	010d28a0	3	5	0
6663	10300800040800	010530a4	7	6	0
6664	10300800042000	010d3024	2	6	0
6665	10300800042800	0105b024	1	7	0
6666	10300800044000	010d2884	18	6	0
6667	10300800044800	01053094	21	7	0
6668	10300800046000	010d3014	11	7	0
6669	10300800046800	0105b014	7	8	0
6670	10300800082000	0105b012	10	6	0
6671	103008000c2000	010d3030	5	7	0
6672	103008000c6000	010d3110	10	8	0
6673	103008000c6800	0185b010	3	9	0
6674	10300900040000	010d20a4	5	6	0
6675	10300900044000	010d2094	10	7	0
6676	10300c00002000	010d2016	7	6	0
6677	10300c00042000	010da024	1	7	0
6678	10300c00046000	010da014	6	8	0
6679	10300c00082000	010d2812	8	7	0
6680	10300c000c2000	018da020	1	8	0
6681	10300c000c6000	018da010	3	9	0
6682	10300d00042000	018d2024	1	8	0
6683	10300d00046000	018d2044	2	9	0
6684	10301800000000	010d1086	4	5	0
6685	10301800002000	010d1016	1	6	0
6686	10301800044000	010d9084	4	7	0
6687	10310000000000	01016096	225	4	0
6688	10310000000010	01113016	20	5	0
6689	10310000004000	01017094	302	5	0
6690	10310000004010	01113094	26	6	0
6691	10310000080000	01096812	29	5	0
6692	10310000084000	01097110	19	6	0
6693	10310040000000	01017016	33	5	0
6694	10310040004000	01017054	22	6	0
6695	10310040080000	01017812	23	6	0
6696	10310040084000	01817110	7	7	0
6697	10310100000000	010960a4	32	5	0
6698	10310100004000	01096094	64	6	0
6699	10310100080000	01896030	2	6	0
6700	10310100084000	01896110	1	7	1
6701	10310140000000	01816064	2	6	0
6702	10310400000000	0119a006	8	5	0
6703	10310400004000	0199a004	5	6	0
6704	10310800000000	01092096	20	5	0
6705	10310800000030	01013096	10	7	0
6706	10310800002000	01093016	4	6	0
6707	10310800040000	010930a4	7	6	0
6708	10310800044000	01093094	27	7	0
6709	10310800044830	0101b884	5	10	0
6710	10310800046000	0189b004	2	8	0
6711	10310800082000	01093812	6	7	0
6712	103108000c6000	0189b010	2	9	0
6713	10320000000000	01044896	779	4	0
6714	10320000004000	010450d4	681	5	0
6715	10320000180000	01047032	120	6	0
6716	10320000184000	01047910	46	7	0
6717	10320100000000	010460b4	84	5	0
6718	10320100004000	010460d4	118	6	0
6719	10320100180000	010c6130	4	7	0
6720	10320100184000	018c6110	1	8	1
6721	10320600000000	011c0816	56	6	0
6722	10320600004000	011c2814	33	7	0
6723	10320700000000	011c2034	11	7	0
6724	10320700004000	011c2054	10	8	0
6725	10320800000000	01043096	64	5	0
6726	10320800002000	01043036	32	6	0
6727	10320800040000	010c28a4	18	6	0
6728	10320800040800	010430b4	20	7	0
6729	10320800042000	010c3034	10	7	0
6730	10320800042800	0104b124	3	8	0
6731	10320800044000	010c2894	46	7	0
6732	10320800044800	010430d4	35	8	0
6733	10320800046000	010c3054	25	8	0
6734	10320800046800	0104b054	12	9	0
6735	10320800182000	0104b112	24	8	0
6736	103208001c2000	010c3130	9	9	0
6737	103208001c2800	0184b120	1	10	0
6738	103208001c6000	010c3910	10	10	0
6739	103208001c6800	0184b110	2	11	1
6740	10320900040000	010c20b4	10	7	0
6741	10320900044000	010c20d4	10	8	0
6742	10320e00002000	010c2036	21	8	0
6743	10320e00042000	010ca124	3	9	0
6744	10320e00046000	010ca814	10	10	0
6745	10320e00182000	010ca032	12	10	0
6746	10320e001c2000	018ca120	2	11	0
6747	10320e001c6000	018ca110	3	12	1
6748	10320f00042000	018c2064	2	10	0
6749	10320f00046000	018c2114	2	11	1
6750	10321800000000	01049096	20	6	0
6751	10321800002000	010c1816	4	7	0
6752	10321800040000	010c90a4	2	7	0
6753	10321800044000	010c9094	11	8	1
6754	10321800182000	018c9012	2	9	1
6755	10330000000000	01005896	964	5	0
6756	10330000000010	01103056	82	6	0
6757	10330000004000	010070d4	652	6	0
6758	10330000004010	011030d4	48	7	0
6759	10330000180000	01087032	59	7	0
6760	10330000184000	01087910	17	8	0
6761	10330040000000	01007036	97	6	0
6762	10330040004000	01007854	33	7	0
6763	10330040180000	0100f032	33	8	0
6764	10330040184000	01807910	4	9	1
6765	10330100000000	010860b4	79	6	0
6766	10330100004000	010860d4	73	7	0
6767	10330100180000	01886130	1	8	1
6768	10330140000000	01806074	3	7	1
6769	10330600000000	01182816	28	7	0
6770	10330600004000	0198a014	10	8	1
6771	10330700000000	01982124	1	8	1
6772	10330800000000	010820b6	62	6	0
6773	10330800000030	010030b6	28	8	0
6774	10330800002000	01083036	19	7	0
6775	10330800040000	010830b4	25	7	0
6776	10330800040830	0100b1a4	2	10	0
6777	10330800042000	0108b124	3	8	0
6778	10330800044000	010830d4	45	8	0
6779	10330800044830	0100b894	11	11	1
6780	10330800046000	0188b014	7	9	0
6781	10330800182000	0108b812	9	9	0
6782	103308001c2000	0188b120	1	10	0
6783	103308001c6000	0188b110	2	11	1
6784	10330840002030	0180b016	1	10	1
6785	10331800000000	01089096	6	7	1
6786	10380000000000	01152086	10	4	0
6787	10380000004000	01152884	11	5	0
6788	10380100000000	011520a4	3	5	0
6789	10380100004000	01152094	9	6	0
6790	10380400000000	01152016	11	5	0
6791	10380400004000	0115a014	13	6	0
6792	10380800000000	01052096	9	5	0
6793	10380800044800	0105a094	8	8	0
6794	10390000000012	0111a882	2	7	0
6795	10390000004012	0111a884	2	8	0
6796	103a0000000000	01142096	39	5	0
6797	103a0000004000	01142894	25	6	0
6798	103a0100000000	011420b4	8	6	0
6799	103a0100004000	011420d4	10	7	0
6800	103a0600000000	01142036	41	7	0
6801	103a0600004000	0114a054	16	8	0
6802	103a0700000000	01942124	1	8	0
6803	103a0700004000	01942150	1	9	1
6804	103a0800000000	010420b6	29	6	0
6805	103a0800040800	0104a1a4	3	8	0
6806	103a0800044800	0104a0d4	13	9	1
6807	103a0e00002000	0184a016	2	9	0
6808	103a0e00042800	0184a124	1	11	1
6809	103b0000020010	0190a0c2	1	8	0
6810	103b0000020012	0110a096	7	9	0
6811	103b0000024010	0190a0d0	2	9	0
6812	103b0000024012	0190a884	2	10	1
6813	103b0600220013	0190a124	1	13	1
6814	10600080000000	0099c202	1	4	0
6815	10600080004000	009dc200	1	5	0
6816	10600080005000	0095c300	1	6	1
6817	10660080000000	008cc206	11	6	0
6818	10660080001000	0090c324	11	7	0
6819	10660080004000	009cc204	6	7	0
6820	10660080100000	008cc212	1	7	0
6821	14000000000000	0002609e	566	2	0
6822	14000000010000	000a688c	39	3	0
6823	14000040000000	0002701e	20	3	0
6824	14000100000000	0006609c	72	3	0
6825	14000100010000	000a609c	55	4	0
6826	14000400000000	001f2808	2	3	0
6827	14000500000000	001f200c	2	4	0
6828	14000600000000	001e200e	19	4	0
6829	14000700000000	009e200c	3	5	0
6830	14000800000000	0006301e	120	3	0
6831	14000900000000	000e209c	14	4	0
6832	14000e00000000	000e201e	2	5	0
6833	14080000000000	0013a888	21	3	0
6834	14080000020000	0012a88a	4	4	1
6835	14080100000000	00962188	1	4	1
6836	14080600000000	0016a80c	2	5	0
6837	14080800000000	0006209e	5	4	0
6838	14100000000000	00027096	1115	3	0
6839	14100000000010	00123096	11	4	1
6840	14100000010000	000a6894	28	4	0
6841	14100000080000	00077012	34	4	0
6842	14100000180000	00067032	95	5	0
6843	14100040000000	00027816	19	4	0
6844	14100040080000	00837012	6	5	0
6845	14100040180000	00827032	11	6	0
6846	14100100000000	00076094	130	4	0
6847	14100100010000	000b6094	66	5	0
6848	14100100080000	008f6010	3	5	0
6849	14100100180000	008e6030	3	6	0
6850	14100400000000	001fa004	3	4	0
6851	14100600000000	001e2016	14	5	0
6852	14100804000000	00063096	37	5	0
6853	14100804080000	008f3002	1	6	0
6854	14100804180000	000eb012	5	7	0
6855	14100805000000	000e3094	29	6	0
6856	14100805000800	0006b094	5	7	1
6857	14100805180000	008eb100	1	8	1
6858	14100814000000	000a3096	18	6	0
6859	14100815000000	008ab084	1	7	1
6860	14100824000000	000e2096	24	6	0
6861	14100825000000	000ea094	13	7	0
6862	14100836000000	008a2096	1	8	1
6863	14100925000000	008e2184	3	8	1
6864	14100e24000000	008e2016	1	8	0
6865	14180000000040	0017a084	3	5	0
6866	141800000000c0	00162096	15	6	0
6867	141808240000c0	0006a096	2	9	1
6868	14200000000000	0005601e	111	3	0
6869	14200000008000	0015308a	21	4	0
6870	14200100000000	000d608c	36	4	0
6871	14200100008000	001d2098	3	5	0
6872	14200400008000	001da808	3	5	0
6873	14200500008000	009d2108	1	6	1
6874	14200808000000	0005308e	2	5	0
6875	14200808002000	000d300e	1	6	0
6876	14200808008000	0005309a	6	6	0
6877	1420080800a000	000d301a	2	7	0
6878	14200808040000	0005b08c	2	6	0
6879	14200808042000	000db00c	1	7	0
6880	14200808048000	0005b888	11	7	0
6881	1420080804a000	008db008	1	8	0
6882	14210000000000	0001708e	94	4	0
6883	14210000008000	0011b888	7	5	0
6884	14210040000000	0081700e	8	5	0
6885	14210808008000	0009309a	3	7	0
6886	14210808048000	0009b888	1	8	1
6887	14218000000000	0009608e	13	5	0
6888	14218000008000	0019288a	1	6	0
6889	14218000c10000	0009688c	5	8	0
6890	14218000c18000	00992888	1	9	1
6891	14218100810000	001960c8	3	8	0
6892	14218100c10000	0019608c	15	9	0
6893	14220000000000	0004609e	464	4	0
6894	14220000008000	0014309a	48	5	0
6895	14220100000000	000c609c	86	5	0
6896	14220100008000	001c20d8	5	6	0
6897	14220600000000	001c201e	5	6	0
6898	14220700000000	009c210c	1	7	0
6899	14220808000000	0004309e	9	6	0
6900	14220808002000	000c301e	5	7	0
6901	14220808008000	0004b09a	18	7	0
6902	14220808040000	0004b88c	11	7	0
6903	14220808042000	008cb00c	1	8	0
6904	14220808048000	000c30b8	24	8	0
6905	14222000008000	0014b01a	32	6	0
6906	14222600008000	001ca01a	12	8	0
6907	1422280800a000	000cb01a	5	9	0
6908	1422280804a000	008cb108	1	10	1
6909	14230000000000	0000709e	352	5	0
6910	14230000008000	0010b88a	30	6	0
6911	14230040000000	0080701e	26	6	0
6912	14230808000000	0008309e	2	7	0
6913	14230808008000	0008389a	6	8	0
6914	14232000008000	0098301a	6	7	0
6915	14238000000000	0008609e	52	6	0
6916	14238000008000	0098218a	2	7	1
6917	14238000810000	001868c8	5	8	0
6918	14238000c10000	0018688c	19	9	0
6919	14238100810000	001860cc	16	9	0
6920	14238100c10000	0018609c	26	10	0
6921	14280000008000	0015a888	1	5	0
6922	142a0000000000	0014a08e	2	5	0
6923	142a0000008000	0014a09a	9	6	0
6924	142a0600000000	0014a12c	1	7	1
6925	14300000000000	00056096	130	4	0
6926	14300000004000	00057094	165	5	0
6927	14300000008000	00153092	17	5	0
6928	1430000000c000	0015b090	26	6	0
6929	14300000080000	00057032	43	5	0
6930	14300000084000	000d7110	22	6	0
6931	14300100000000	000d60a4	19	5	0
6932	14300100004000	000d6094	45	6	0
6933	1430010000c000	009d2090	2	7	0
6934	14300100080000	008d6030	2	6	0
6935	14300100084000	008d6110	1	7	1
6936	14300400000000	009d2006	1	5	0
6937	14300400008000	009d2012	2	6	0
6938	1430040000c000	009da100	1	7	0
6939	1430080c000000	00053096	4	7	0
6940	1430080c002000	000d3016	3	8	0
6941	1430080c008000	0005b092	10	8	0
6942	1430080c044000	000d30c4	1	9	0
6943	1430080c04c000	000d30d0	2	10	0
6944	1430080c08a000	000db012	3	10	0
6945	1430080d040000	000d30a4	1	9	0
6946	1430080d044000	000d3094	5	10	0
6947	1430080d048000	000db0a0	1	10	0
6948	1430080d04c000	000d3890	8	11	0
6949	1430082c000000	000d2096	3	8	0
6950	1430082c008000	000d2892	6	9	0
6951	1430082d04c000	008da180	1	12	1
6952	14310000000000	00017096	107	5	0
6953	14310000004000	0001f884	131	6	0
6954	14310000008000	00193092	6	6	0
6955	1431000000c000	00193890	5	7	0
6956	14310000080000	0009f012	14	6	0
6957	14310000084000	00897110	5	7	0
6958	14310040000000	00817016	12	6	0
6959	14310040004000	0081f104	1	7	0
6960	14310040080000	00817032	11	7	0
6961	1431081c000000	00093096	2	9	0
6962	1431081c008000	00893092	2	10	0
6963	14318000000000	00096096	35	6	0
6964	14318000080000	00896032	3	7	0
6965	14318000814000	001968c0	4	9	0
6966	14318000c10000	001968a0	4	9	0
6967	14318000c14000	00196884	8	10	0
6968	14318100810000	008960e0	2	9	0
6969	14318100814000	001960d0	6	10	0
6970	14318100c10000	008960a4	10	10	0
6971	14318100c14000	00896094	8	11	0
6972	14320000000000	000460b6	545	5	0
6973	14320000004000	000470d4	391	6	0
6974	14320000008000	001430d2	51	6	0
6975	1432000000c000	0014b0d0	40	7	0
6976	14320000180000	0004f032	82	7	0
6977	14320000184000	000c7910	19	8	0
6978	14320100000000	000c60b4	46	6	0
6979	14320100004000	000c60d4	52	7	0
6980	14320100008000	009c21a0	1	7	0
6981	1432010000c000	001c21d0	4	8	1
6982	14320100180000	008c6130	1	8	1
6983	14320600000000	001c2816	9	7	0
6984	14320600004000	009ca104	1	8	0
6985	14320700000000	009c2124	1	8	1
6986	1432080c000000	000430b6	17	8	0
6987	1432080c002000	000c3036	12	9	0
6988	1432080c008000	000c30b2	22	9	0
6989	1432080c044000	000c30d4	4	10	0
6990	1432080c04c000	000c38d0	7	11	0
6991	1432080d040000	000c30b4	5	10	0
6992	1432080d044000	000c3194	10	11	0
6993	1432080d046000	008cb104	1	12	1
6994	1432080d048000	000cb0b0	6	11	0
6995	1432080d04c000	000cb190	9	12	1
6996	1432082c000000	000c20b6	12	9	0
6997	1432082c008000	000ca892	10	10	1
6998	1432082d044000	008ca184	1	12	1
6999	14320e2c002000	008ca016	1	12	1
7000	14322000008000	001c3032	24	7	0
7001	1432200000c000	001cb050	15	8	0
7002	14322600008000	009c2112	7	9	0
7003	1432260000c000	009ca900	1	10	1
7004	1432280c00a000	008c3052	1	11	0
7005	1432280c18a000	008c3112	5	13	1
7006	14330000000000	000070b6	421	6	0
7007	14330000004000	0000f894	254	7	0
7008	14330000008000	001830b2	19	7	0
7009	1433000000c000	001838d0	14	8	1
7010	14330000180000	0008f812	24	8	0
7011	14330000184000	00887910	4	9	1
7012	14330040000000	00807036	29	7	0
7013	14330040004000	0080f114	1	8	1
7014	14330040180000	00807132	11	9	1
7015	1433081c000000	000830d6	7	10	0
7016	1433081c008000	008830d2	6	11	1
7017	14332000008000	0098b012	3	8	1
7018	14338000000000	000860b6	96	7	0
7019	14338000180000	00886132	2	9	1
7020	14338000810000	008868e0	3	9	0
7021	14338000814000	001868c4	12	10	0
7022	14338000c10000	001868a4	12	10	0
7023	14338000c14000	00186894	11	11	0
7024	14338100810000	008860e4	12	10	0
7025	14338100814000	001860d4	12	11	0
7026	14338100c10000	001861a4	14	11	0
7027	14338100c14000	00886194	5	12	1
7028	143a00000000c0	0014a096	4	8	0
7029	143a00000080c0	0094a092	3	9	1
7030	14600080000000	009dc008	1	5	0
7031	14600080001000	0095c108	1	6	0
7032	14610080000000	0099c108	1	6	0
7033	14660080000000	001cc00e	17	7	0
7034	14660080001000	0084c12c	15	8	0
7035	14670080000000	0098c01a	10	8	0
7036	14670080001000	0090c12a	2	9	0
7037	14700080000000	009dc002	2	6	0
7038	14700080001000	0095c006	3	7	0
7039	14700080004000	009dc004	4	7	0
7040	14710080000000	0099c082	2	7	0
7041	14710080001000	0091c124	1	8	0
7042	14760080000000	000cc096	26	8	0
7043	14760080001000	0084c096	22	9	0
7044	14760080004000	001cc884	14	9	0
7045	14760080180000	008cc112	2	10	1
7046	14770080000000	0098c016	13	9	0
7047	14770080001000	0090c126	3	10	0
7048	18000000000000	00175208	3	2	0
7049	18200000000000	0015520c	28	3	0
7050	18200000004000	001d5204	13	4	0
7051	19000000000000	000e5288	53	3	0
7052	19000000100000	00865212	4	4	0
7053	19220000000000	00045296	117	5	0
7054	19220000004000	001c5214	30	6	0
7055	19220000100000	00845232	11	6	0
7056	19220000104000	008c5310	1	7	1
7057	1a600080000000	009d4202	2	6	0
7058	1a600080004000	009d4300	1	7	0
7059	1b800000000000	009e4202	3	5	0
7060	1be60080000000	008c4216	19	10	0
7061	1be60080001000	00944216	5	11	0
7062	1be60080004000	009c4380	1	11	0
7063	1c000000000000	00135888	12	3	0
7064	1c100000000000	001f5004	15	4	0
7065	1c100000080000	008f5002	1	5	0
7066	1c200000000000	0015580c	23	4	0
7067	1c200000008000	001d1888	1	5	0
7068	1c210000000000	00195888	15	5	0
7069	1c300000000000	000d5016	31	5	0
7070	1c300000004000	001d5014	17	6	0
7071	1c300000080000	00855032	7	6	0
7072	1c310000000000	00895016	23	6	0
7073	1c310000004000	00995050	6	7	0
7074	1d000000000000	000e500e	86	4	0
7075	1d100000000000	00065096	130	5	0
7076	1d100000180000	00865032	7	7	0
7077	1d220000000000	0004509e	92	6	0
7078	1d220000008000	009c108a	1	7	0
7079	1d230000000000	0018508e	63	7	0
7080	1d320000000000	00045896	130	7	0
7081	1d320000004000	001c5054	43	8	0
7082	1d320000008000	009c1092	1	8	1
7083	1d320000180000	00845132	9	9	0
7084	1d330000000000	00185096	90	8	0
7085	1d330000004000	009051d0	15	9	1
7086	1d330000180000	00885132	1	10	1
7087	1e000000000000	001f0888	1	4	0
7088	1e000100000000	009f4008	1	5	0
7089	1e100000000000	009f4002	1	5	0
7090	1e600080000000	001d4888	2	7	0
7091	1e600180000000	009d4028	3	8	0
7092	1e600180001000	00954128	1	9	0
7093	1e700080000000	008d4016	8	8	0
7094	1e700080001000	00954026	1	9	0
7095	1e700180000000	009d4024	3	9	0
7096	1e700180001000	00954124	1	10	0
7097	1e700180004000	009d4104	2	10	0
7098	1e718180c10000	00994124	1	14	0
7099	1f800000000000	001e400e	12	6	0
7100	1f800000010000	009a4888	2	7	0
7101	1f800100000000	001e408c	9	7	0
7102	1f800100010000	0092412c	4	8	0
7103	1f900000000000	000e4096	21	7	0
7104	1f900100000000	00964124	9	8	0
7105	1f900100010000	009a4124	1	9	0
7106	1fe60080000000	000c409e	22	11	0
7107	1fe60080001000	0094401e	8	12	0
7108	1fe60180000000	009c402c	10	12	0
7109	1fe60180001000	0094412c	2	13	0
7110	1fe78080000000	0098402e	6	13	0
7111	1fe78080001000	0090412e	1	14	0
7112	1fe78080c11000	0090492c	1	17	1
7113	1fe78180c10000	0098412c	2	17	0
7114	1ff60080000000	000c4896	40	12	0
7115	1ff60080001000	008440b6	18	13	0
7116	1ff60080004000	009c4884	3	13	0
7117	1ff60180000000	008c41a4	10	13	0
7118	1ff60180001000	00944134	3	14	1
7119	1ff60180004000	009c4094	6	14	1
7120	1ff78080000000	00984036	10	14	0
7121	1ff78080001000	00904136	1	15	1
7122	1ff78080c10000	00984924	1	17	0
7123	1ff78180c10000	009841a4	1	18	1
