[     0.0s] running gentourng 9 ...
[     0.1s] gentourng gave 191536 iso-class representatives (expected A000568(9)=191536)
[     0.2s] computing det(I+S) for all classes (batched numpy float64)...
[     0.4s] float->int rounding: max |residual| = 9.095e-12 (must be << 0.5)
[     0.4s] computing H(T) for all classes (batched bitmask DP)...
[    16.5s] H DP done
[    16.5s] computing local transitivity for all classes (vectorized)...
[    18.9s] verification: exact Bareiss on 1000 random classes...
[    19.0s]   1000/1000 random-class dets match exactly
[    19.0s] verification: scalar H on 50 random classes...
[    19.1s]   50/50 H values match scalar DP
[    19.1s] verification: scalar local transitivity on 60 random classes...
[    19.1s]   60/60 local-transitivity flags match scalar check

==============================================================================
n=9 HADAMARD-DETERMINANT CENSUS  (all 191536 iso classes)
==============================================================================

[1] d-SPECTRUM at n=9   (d = det(I+S)/256;  27 distinct values)
        d |  #classes
        1 |        30
        2 |      1248
        3 |      2880
        4 |     11648
        5 |      7440
        6 |     24384
        7 |      9956
        8 |     27072
        9 |     13064
       10 |     18176
       11 |      5120
       12 |     26112
       13 |      3392
       14 |      8192
       15 |      6144
       16 |      7512
       17 |      1280
       18 |      6912
       19 |      1054
       20 |      3216
       21 |      1792
       22 |       512
       24 |      3328
       26 |       512
       27 |        88
       30 |       256
       32 |       216
    total classes = 191536
    parity check: all d odd? False
    missing d values in [1, 32]: [23, 25, 28, 29, 31]

[2] CEILING at n=9 (n == 1 mod 4, no DRT exists)
    DRT/odd-n bound (n+1)^((n-1)/2) = 10^4 = 10000  -> NOT attained
    tournament Barba number B_t(9) = max det(I+S) = 8192  (d = 32)
    ratio to bound: 8192/10000 = 0.8192
    number of classes attaining max: 216
    --- maximizer #1: class index 11262 (gentourng order) ---
        det(I+S) = 8192 (exact Bareiss verified), d = 32
        score sequence = (3, 3, 3, 3, 3, 3, 3, 7, 8)   regular = False
        H(T) = 189
        SS^T diag = [8] (always n-1=8)
        SS^T off-diag histogram = {-1: 14, 1: 56, 7: 2}
        ||SS^T - (9I-J)||_F^2 = 352   (0 would mean DRT; impossible at n=9)
        SS^T =
            8   7  -1  -1  -1  -1  -1  -1  -1
            7   8   1   1   1   1   1   1   1
           -1   1   8   1   1   1   1   1   1
           -1   1   1   8   1   1   1   1   1
           -1   1   1   1   8   1   1   1   1
           -1   1   1   1   1   8   1   1   1
           -1   1   1   1   1   1   8   1   1
           -1   1   1   1   1   1   1   8   1
           -1   1   1   1   1   1   1   1   8
        upper-triangle arc bits (gentourng line) = 111111111111111110100110101101110111
    --- maximizer #2: class index 27347 (gentourng order) ---
        det(I+S) = 8192 (exact Bareiss verified), d = 32
        score sequence = (2, 3, 3, 4, 4, 4, 5, 5, 6)   regular = False
        H(T) = 2079
        SS^T diag = [8] (always n-1=8)
        SS^T off-diag histogram = {-5: 2, -3: 4, -1: 36, 1: 28, 3: 2}
        ||SS^T - (9I-J)||_F^2 = 192   (0 would mean DRT; impossible at n=9)
        SS^T =
            8  -1  -1  -1  -3   1   1  -1   1
           -1   8   1   1  -5  -1  -1   1  -1
           -1   1   8   1   3  -1  -1   1  -1
           -1   1   1   8  -1  -1  -1   1  -1
           -3  -5   3  -1   8   1   1  -1  -3
            1  -1  -1  -1   1   8   1  -1   1
            1  -1  -1  -1   1   1   8  -1   1
           -1   1   1   1  -1  -1  -1   8  -1
            1  -1  -1  -1  -3   1   1  -1   8
        upper-triangle arc bits (gentourng line) = 111010111110110111101110101101111111
    --- maximizer #3: class index 27371 (gentourng order) ---
        det(I+S) = 8192 (exact Bareiss verified), d = 32
        score sequence = (3, 3, 3, 3, 4, 4, 5, 5, 6)   regular = False
        H(T) = 2275
        SS^T diag = [8] (always n-1=8)
        SS^T off-diag histogram = {-5: 2, -3: 6, -1: 34, 1: 30}
        ||SS^T - (9I-J)||_F^2 = 176   (0 would mean DRT; impossible at n=9)
        SS^T =
            8  -1  -1  -1  -5   1   1  -1  -1
           -1   8   1   1  -3  -1  -1   1   1
           -1   1   8   1   1  -1  -1   1   1
           -1   1   1   8   1  -1  -1   1   1
           -5  -3   1   1   8  -1  -1  -3  -3
            1  -1  -1  -1  -1   8   1  -1  -1
            1  -1  -1  -1  -1   1   8  -1  -1
           -1   1   1   1  -3  -1  -1   8   1
           -1   1   1   1  -3  -1  -1   1   8
        upper-triangle arc bits (gentourng line) = 111010111110110111101110101100111111
    --- maximizer #4: class index 27477 (gentourng order) ---
        det(I+S) = 8192 (exact Bareiss verified), d = 32
        score sequence = (0, 4, 4, 4, 4, 4, 5, 5, 6)   regular = False
        H(T) = 579
        SS^T diag = [8] (always n-1=8)
        SS^T off-diag histogram = {-3: 4, -1: 26, 1: 38, 3: 2, 5: 2}
        ||SS^T - (9I-J)||_F^2 = 272   (0 would mean DRT; impossible at n=9)
        SS^T =
            8   1  -1  -1  -1  -1  -1  -1  -1
            1   8   3  -1  -1  -1  -1  -1  -1
           -1   3   8   5   1   1   1  -3  -3
           -1  -1   5   8   1   1   1   1   1
           -1  -1   1   1   8   1   1   1   1
           -1  -1   1   1   1   8   1   1   1
           -1  -1   1   1   1   1   8   1   1
           -1  -1  -3   1   1   1   1   8   1
           -1  -1  -3   1   1   1   1   1   8
        upper-triangle arc bits (gentourng line) = 111010011110101111111110111101111111
    --- maximizer #5: class index 27480 (gentourng order) ---
        det(I+S) = 8192 (exact Bareiss verified), d = 32
        score sequence = (1, 4, 4, 4, 4, 4, 5, 5, 5)   regular = False
        H(T) = 2019
        SS^T diag = [8] (always n-1=8)
        SS^T off-diag histogram = {-5: 2, -3: 4, -1: 36, 1: 28, 3: 2}
        ||SS^T - (9I-J)||_F^2 = 192   (0 would mean DRT; impossible at n=9)
        SS^T =
            8   1  -3  -1  -1  -1  -1  -1   1
            1   8   1  -1  -1  -1  -1  -1   1
           -3   1   8   3  -1  -1  -1  -5  -3
           -1  -1   3   8   1   1   1   1  -1
           -1  -1  -1   1   8   1   1   1  -1
           -1  -1  -1   1   1   8   1   1  -1
           -1  -1  -1   1   1   1   8   1  -1
           -1  -1  -5   1   1   1   1   8  -1
            1   1  -3  -1  -1  -1  -1  -1   8
        upper-triangle arc bits (gentourng line) = 111010011110101111110110111101111111
    --- maximizer #6: class index 29075 (gentourng order) ---
        det(I+S) = 8192 (exact Bareiss verified), d = 32
        score sequence = (2, 3, 3, 4, 4, 4, 4, 5, 7)   regular = False
        H(T) = 1535
        SS^T diag = [8] (always n-1=8)
        SS^T off-diag histogram = {-5: 2, -3: 2, -1: 34, 1: 30, 3: 4}
        ||SS^T - (9I-J)||_F^2 = 224   (0 would mean DRT; impossible at n=9)
        SS^T =
            8   1  -1  -1  -1   1  -1   1  -1
            1   8  -1   3  -5  -3   3   1  -1
           -1  -1   8   1   1  -1   1  -1   1
           -1   3   1   8   1  -1   1  -1   1
           -1  -5   1   1   8  -1   1  -1   1
            1  -3  -1  -1  -1   8  -1   1  -1
           -1   3   1   1   1  -1   8  -1   1
            1   1  -1  -1  -1   1  -1   8  -1
           -1  -1   1   1   1  -1   1  -1   8
        upper-triangle arc bits (gentourng line) = 111011111110101111010111011011110111
    --- maximizer #7: class index 29093 (gentourng order) ---
        det(I+S) = 8192 (exact Bareiss verified), d = 32
        score sequence = (3, 3, 3, 4, 4, 4, 4, 4, 7)   regular = False
        H(T) = 1809
        SS^T diag = [8] (always n-1=8)
        SS^T off-diag histogram = {-7: 2, -1: 40, 1: 30}
        ||SS^T - (9I-J)||_F^2 = 192   (0 would mean DRT; impossible at n=9)
        SS^T =
            8  -1  -1  -1  -1   1  -1   1   1
           -1   8   1   1  -7  -1   1  -1  -1
           -1   1   8   1   1  -1   1  -1  -1
           -1   1   1   8   1  -1   1  -1  -1
           -1  -7   1   1   8  -1   1  -1  -1
            1  -1  -1  -1  -1   8  -1   1   1
           -1   1   1   1   1  -1   8  -1  -1
            1  -1  -1  -1  -1   1  -1   8   1
            1  -1  -1  -1  -1   1  -1   1   8
        upper-triangle arc bits (gentourng line) = 111011111110100111010111011011110111
    --- maximizer #8: class index 30061 (gentourng order) ---
        det(I+S) = 8192 (exact Bareiss verified), d = 32
        score sequence = (1, 3, 3, 3, 4, 5, 5, 6, 6)   regular = False
        H(T) = 1111
        SS^T diag = [8] (always n-1=8)
        SS^T off-diag histogram = {-3: 2, -1: 32, 1: 32, 3: 4, 5: 2}
        ||SS^T - (9I-J)||_F^2 = 272   (0 would mean DRT; impossible at n=9)
        SS^T =
            8   1   1  -1  -1  -1  -1  -1  -1
            1   8   1   3  -1  -1  -1  -1  -1
            1   1   8   3  -1  -1  -1  -1  -1
           -1   3   3   8   5   1   1  -3   1
           -1  -1  -1   5   8   1   1   1   1
           -1  -1  -1   1   1   8   1   1   1
           -1  -1  -1   1   1   1   8   1   1
           -1  -1  -1  -3   1   1   1   8   1
           -1  -1  -1   1   1   1   1   1   8
        upper-triangle arc bits (gentourng line) = 111011011111011110101111111111110111
    --- maximizer #9: class index 30077 (gentourng order) ---
        det(I+S) = 8192 (exact Bareiss verified), d = 32
        score sequence = (2, 3, 3, 3, 4, 4, 5, 6, 6)   regular = False
        H(T) = 1719
        SS^T diag = [8] (always n-1=8)
        SS^T off-diag histogram = {-5: 2, -3: 2, -1: 34, 1: 30, 3: 4}
        ||SS^T - (9I-J)||_F^2 = 224   (0 would mean DRT; impossible at n=9)
        SS^T =
            8   1   1  -3  -1  -1  -1  -1   1
            1   8   1   1  -1  -1  -1  -1   1
            1   1   8   1  -1  -1  -1  -1   1
           -3   1   1   8   3   3  -1  -5   1
           -1  -1  -1   3   8   1   1   1  -1
           -1  -1  -1   3   1   8   1   1  -1
           -1  -1  -1  -1   1   1   8   1  -1
           -1  -1  -1  -5   1   1   1   8  -1
            1   1   1   1  -1  -1  -1  -1   8
        upper-triangle arc bits (gentourng line) = 111011011111011110101111101111110111
    --- maximizer #10: class index 30969 (gentourng order) ---
        det(I+S) = 8192 (exact Bareiss verified), d = 32
        score sequence = (3, 3, 3, 3, 3, 3, 4, 7, 7)   regular = False
        H(T) = 711
        SS^T diag = [8] (always n-1=8)
        SS^T off-diag histogram = {-3: 6, -1: 16, 1: 48, 5: 2}
        ||SS^T - (9I-J)||_F^2 = 288   (0 would mean DRT; impossible at n=9)
        SS^T =
            8   5  -3  -3  -1   1   1  -3   1
            5   8   1   1  -1   1   1   1   1
           -3   1   8   1  -1   1   1   1   1
           -3   1   1   8  -1   1   1   1   1
           -1  -1  -1  -1   8  -1  -1  -1  -1
            1   1   1   1  -1   8   1   1   1
            1   1   1   1  -1   1   8   1   1
           -3   1   1   1  -1   1   1   8   1
            1   1   1   1  -1   1   1   1   8
        upper-triangle arc bits (gentourng line) = 111011111111111110100110101101110111
    --- maximizer #11: class index 32443 (gentourng order) ---
        det(I+S) = 8192 (exact Bareiss verified), d = 32
        score sequence = (3, 3, 3, 3, 3, 4, 4, 6, 7)   regular = False
        H(T) = 1155
        SS^T diag = [8] (always n-1=8)
        SS^T off-diag histogram = {-5: 2, -3: 2, -1: 30, 1: 34, 3: 4}
        ||SS^T - (9I-J)||_F^2 = 240   (0 would mean DRT; impossible at n=9)
        SS^T =
            8   3  -5  -1  -3  -1   1  -1   3
            3   8   1   1  -1   1  -1   1   1
           -5   1   8   1  -1   1  -1   1   1
           -1   1   1   8  -1   1  -1   1   1
           -3  -1  -1  -1   8  -1   1  -1  -1
           -1   1   1   1  -1   8  -1   1   1
            1  -1  -1  -1   1  -1   8  -1  -1
           -1   1   1   1  -1   1  -1   8   1
            3   1   1   1  -1   1  -1   1   8
        upper-triangle arc bits (gentourng line) = 111010111111111110100110101101110111
    --- maximizer #12: class index 32638 (gentourng order) ---
        det(I+S) = 8192 (exact Bareiss verified), d = 32
        score sequence = (0, 4, 4, 4, 4, 4, 4, 5, 7)   regular = False
        H(T) = 423
        SS^T diag = [8] (always n-1=8)
        SS^T off-diag histogram = {-5: 2, -1: 20, 1: 44, 3: 6}
        ||SS^T - (9I-J)||_F^2 = 304   (0 would mean DRT; impossible at n=9)
        SS^T =
            8   1  -1  -1  -1  -1  -1  -1  -1
            1   8   3   3  -1   3  -1  -1  -5
           -1   3   8   1   1   1   1   1   1
           -1   3   1   8   1   1   1   1   1
           -1  -1   1   1   8   1   1   1   1
           -1   3   1   1   1   8   1   1   1
           -1  -1   1   1   1   1   8   1   1
           -1  -1   1   1   1   1   1   8   1
           -1  -5   1   1   1   1   1   1   8
        upper-triangle arc bits (gentourng line) = 111010011111111110101110111101111111
    --- maximizer #13: class index 32640 (gentourng order) ---
        det(I+S) = 8192 (exact Bareiss verified), d = 32
        score sequence = (1, 4, 4, 4, 4, 4, 4, 5, 6)   regular = False
        H(T) = 2151
        SS^T diag = [8] (always n-1=8)
        SS^T off-diag histogram = {-5: 2, -3: 6, -1: 26, 1: 38}
        ||SS^T - (9I-J)||_F^2 = 208   (0 would mean DRT; impossible at n=9)
        SS^T =
            8  -1  -1  -1  -1  -1  -1  -1   1
           -1   8   1   1  -3   1  -3  -3  -5
           -1   1   8   1   1   1   1   1  -1
           -1   1   1   8   1   1   1   1  -1
           -1  -3   1   1   8   1   1   1  -1
           -1   1   1   1   1   8   1   1  -1
           -1  -3   1   1   1   1   8   1  -1
           -1  -3   1   1   1   1   1   8  -1
            1  -5  -1  -1  -1  -1  -1  -1   8
        upper-triangle arc bits (gentourng line) = 111010011111110110101110111101111111
    --- maximizer #14: class index 32662 (gentourng order) ---
        det(I+S) = 8192 (exact Bareiss verified), d = 32
        score sequence = (3, 3, 3, 3, 4, 4, 4, 5, 7)   regular = False
        H(T) = 1521
        SS^T diag = [8] (always n-1=8)
        SS^T off-diag histogram = {-3: 6, -1: 36, 1: 28, 5: 2}
        ||SS^T - (9I-J)||_F^2 = 208   (0 would mean DRT; impossible at n=9)
        SS^T =
            8   1  -3  -3  -1  -3  -1  -1   5
            1   8   1   1  -1   1  -1  -1   1
           -3   1   8   1  -1   1  -1  -1   1
           -3   1   1   8  -1   1  -1  -1   1
           -1  -1  -1  -1   8  -1   1   1  -1
           -3   1   1   1  -1   8  -1  -1   1
           -1  -1  -1  -1   1  -1   8   1  -1
           -1  -1  -1  -1   1  -1   1   8  -1
            5   1   1   1  -1   1  -1  -1   8
        upper-triangle arc bits (gentourng line) = 111010011111111110100110101101110111
    --- maximizer #15: class index 32790 (gentourng order) ---
        det(I+S) = 8192 (exact Bareiss verified), d = 32
        score sequence = (1, 3, 3, 4, 4, 4, 5, 6, 6)   regular = False
        H(T) = 1161
        SS^T diag = [8] (always n-1=8)
        SS^T off-diag histogram = {-3: 2, -1: 36, 1: 28, 3: 4, 5: 2}
        ||SS^T - (9I-J)||_F^2 = 256   (0 would mean DRT; impossible at n=9)
        SS^T =
            8   1   1  -3  -1  -1   1  -1  -1
            1   8   1   5  -1  -1   1  -1  -1
            1   1   8   1  -1  -1   1  -1  -1
           -3   5   1   8   3  -1   1  -1   3
           -1  -1  -1   3   8   1  -1   1   1
           -1  -1  -1  -1   1   8  -1   1   1
            1   1   1   1  -1  -1   8  -1  -1
           -1  -1  -1  -1   1   1  -1   8   1
           -1  -1  -1   3   1   1  -1   1   8
        upper-triangle arc bits (gentourng line) = 111011011111011110101110111111110111
    --- maximizer #16: class index 32806 (gentourng order) ---
        det(I+S) = 8192 (exact Bareiss verified), d = 32
        score sequence = (2, 3, 3, 3, 4, 4, 5, 6, 6)   regular = False
        H(T) = 1599
        SS^T diag = [8] (always n-1=8)
        SS^T off-diag histogram = {-5: 2, -3: 2, -1: 34, 1: 30, 3: 4}
        ||SS^T - (9I-J)||_F^2 = 224   (0 would mean DRT; impossible at n=9)
        SS^T =
            8   1   1  -5  -1  -1   1  -1   1
            1   8   1   3  -1  -1   1  -1   1
            1   1   8  -1  -1  -1   1  -1   1
           -5   3  -1   8   1   1  -1  -3   3
           -1  -1  -1   1   8   1  -1   1  -1
           -1  -1  -1   1   1   8  -1   1  -1
            1   1   1  -1  -1  -1   8  -1   1
           -1  -1  -1  -3   1   1  -1   8  -1
            1   1   1   3  -1  -1   1  -1   8
        upper-triangle arc bits (gentourng line) = 111011011111011110101110101111110111
    --- maximizer #17: class index 39508 (gentourng order) ---
        det(I+S) = 8192 (exact Bareiss verified), d = 32
        score sequence = (1, 3, 3, 4, 4, 5, 5, 5, 6)   regular = False
        H(T) = 1431
        SS^T diag = [8] (always n-1=8)
        SS^T off-diag histogram = {-3: 4, -1: 34, 1: 30, 3: 2, 5: 2}
        ||SS^T - (9I-J)||_F^2 = 240   (0 would mean DRT; impossible at n=9)
        SS^T =
            8  -1  -1  -1  -3   1   1   1   1
           -1   8   1   1  -1  -1  -1  -1  -1
           -1   1   8   1  -1  -1  -1  -1  -1
           -1   1   1   8   3  -1  -1  -1  -1
           -3  -1  -1   3   8   5   1   1  -3
            1  -1  -1  -1   5   8   1   1   1
            1  -1  -1  -1   1   1   8   1   1
            1  -1  -1  -1   1   1   1   8   1
            1  -1  -1  -1  -3   1   1   1   8
        upper-triangle arc bits (gentourng line) = 111001011111011110110111011111111111
    --- maximizer #18: class index 39522 (gentourng order) ---
        det(I+S) = 8192 (exact Bareiss verified), d = 32
        score sequence = (2, 3, 3, 4, 4, 4, 5, 5, 6)   regular = False
        H(T) = 2073
        SS^T diag = [8] (always n-1=8)
        SS^T off-diag histogram = {-5: 2, -3: 4, -1: 36, 1: 28, 3: 2}
        ||SS^T - (9I-J)||_F^2 = 192   (0 would mean DRT; impossible at n=9)
        SS^T =
            8  -1  -1  -1  -5   1   1   1  -1
           -1   8   1   1  -3  -1  -1  -1   1
           -1   1   8   1   1  -1  -1  -1   1
           -1   1   1   8   1  -1  -1  -1   1
           -5  -3   1   1   8   3  -1  -1  -3
            1  -1  -1  -1   3   8   1   1  -1
            1  -1  -1  -1  -1   1   8   1  -1
            1  -1  -1  -1  -1   1   1   8  -1
           -1   1   1   1  -3  -1  -1  -1   8
        upper-triangle arc bits (gentourng line) = 111001011111011110110111011110111111
    --- maximizer #19: class index 45140 (gentourng order) ---
        det(I+S) = 8192 (exact Bareiss verified), d = 32
        score sequence = (2, 2, 2, 4, 4, 4, 5, 6, 7)   regular = False
        H(T) = 889
        SS^T diag = [8] (always n-1=8)
        SS^T off-diag histogram = {-3: 2, -1: 24, 1: 40, 3: 4, 5: 2}
        ||SS^T - (9I-J)||_F^2 = 304   (0 would mean DRT; impossible at n=9)
        SS^T =
            8   1   3  -1  -1  -1  -1  -1  -1
            1   8   3  -1  -1  -1  -1  -1  -1
            3   3   8   5   1   1  -3   1   1
           -1  -1   5   8   1   1   1   1   1
           -1  -1   1   1   8   1   1   1   1
           -1  -1   1   1   1   8   1   1   1
           -1  -1  -3   1   1   1   8   1   1
           -1  -1   1   1   1   1   1   8   1
           -1  -1   1   1   1   1   1   1   8
        upper-triangle arc bits (gentourng line) = 111101111101011111111111101101111101
    --- maximizer #20: class index 45481 (gentourng order) ---
        det(I+S) = 8192 (exact Bareiss verified), d = 32
        score sequence = (2, 2, 3, 4, 4, 4, 5, 5, 7)   regular = False
        H(T) = 1299
        SS^T diag = [8] (always n-1=8)
        SS^T off-diag histogram = {-5: 2, -1: 32, 1: 32, 3: 6}
        ||SS^T - (9I-J)||_F^2 = 256   (0 would mean DRT; impossible at n=9)
        SS^T =
            8   1   1  -1  -1  -1  -1   1  -1
            1   8   1  -1  -1  -1  -1   1  -1
            1   1   8   3   3  -1  -5   1   3
           -1  -1   3   8   1   1   1  -1   1
           -1  -1   3   1   8   1   1  -1   1
           -1  -1  -1   1   1   8   1  -1   1
           -1  -1  -5   1   1   1   8  -1   1
            1   1   1  -1  -1  -1  -1   8  -1
           -1  -1   3   1   1   1   1  -1   8
        upper-triangle arc bits (gentourng line) = 111101111101011111101111101101111101
    --- maximizer #21: class index 45518 (gentourng order) ---
        det(I+S) = 8192 (exact Bareiss verified), d = 32
        score sequence = (2, 2, 3, 4, 4, 4, 5, 5, 7)   regular = False
        H(T) = 1363
        SS^T diag = [8] (always n-1=8)
        SS^T off-diag histogram = {-3: 2, -1: 36, 1: 28, 3: 4, 5: 2}
        ||SS^T - (9I-J)||_F^2 = 256   (0 would mean DRT; impossible at n=9)
        SS^T =
            8   1   1  -1  -1  -1  -1   1  -1
            1   8   1  -1  -1  -1  -1   1  -1
            1   1   8   3  -1  -1  -1   1  -1
           -1  -1   3   8   5   1  -3   3   1
           -1  -1  -1   5   8   1   1  -1   1
           -1  -1  -1   1   1   8   1  -1   1
           -1  -1  -1  -3   1   1   8  -1   1
            1   1   1   3  -1  -1  -1   8  -1
           -1  -1  -1   1   1   1   1  -1   8
        upper-triangle arc bits (gentourng line) = 111101111101011111110111011101111101
    --- maximizer #22: class index 45591 (gentourng order) ---
        det(I+S) = 8192 (exact Bareiss verified), d = 32
        score sequence = (2, 2, 2, 4, 4, 5, 5, 5, 7)   regular = False
        H(T) = 1091
        SS^T diag = [8] (always n-1=8)
        SS^T off-diag histogram = {-1: 34, 1: 30, 3: 6, 5: 2}
        ||SS^T - (9I-J)||_F^2 = 288   (0 would mean DRT; impossible at n=9)
        SS^T =
            8   1   1   1  -1  -1  -1  -1  -1
            1   8   1   1  -1  -1  -1  -1  -1
            1   1   8   5  -1  -1  -1  -1  -1
            1   1   5   8   3   3  -1  -1   3
           -1  -1  -1   3   8   1   1   1   1
           -1  -1  -1   3   1   8   1   1   1
           -1  -1  -1  -1   1   1   8   1   1
           -1  -1  -1  -1   1   1   1   8   1
           -1  -1  -1   3   1   1   1   1   8
        upper-triangle arc bits (gentourng line) = 111101111101101111011111111110111101
    --- maximizer #23: class index 45816 (gentourng order) ---
        det(I+S) = 8192 (exact Bareiss verified), d = 32
        score sequence = (2, 2, 3, 4, 4, 4, 5, 5, 7)   regular = False
        H(T) = 1299
        SS^T diag = [8] (always n-1=8)
        SS^T off-diag histogram = {-3: 2, -1: 36, 1: 28, 3: 4, 5: 2}
        ||SS^T - (9I-J)||_F^2 = 256   (0 would mean DRT; impossible at n=9)
        SS^T =
            8   1   1  -1  -1  -1  -1   1  -1
            1   8   1   3  -1  -1  -1   1  -1
            1   1   8   3  -1  -1  -1   1  -1
           -1   3   3   8   1   1  -3  -1   5
           -1  -1  -1   1   8   1   1  -1   1
           -1  -1  -1   1   1   8   1  -1   1
           -1  -1  -1  -3   1   1   8  -1   1
            1   1   1  -1  -1  -1  -1   8  -1
           -1  -1  -1   5   1   1   1  -1   8
        upper-triangle arc bits (gentourng line) = 111101111101101111011111011110111101
    --- maximizer #24: class index 46247 (gentourng order) ---
        det(I+S) = 8192 (exact Bareiss verified), d = 32
        score sequence = (2, 2, 3, 4, 4, 4, 5, 5, 7)   regular = False
        H(T) = 1241
        SS^T diag = [8] (always n-1=8)
        SS^T off-diag histogram = {-3: 2, -1: 36, 1: 28, 3: 4, 5: 2}
        ||SS^T - (9I-J)||_F^2 = 256   (0 would mean DRT; impossible at n=9)
        SS^T =
            8   1   1  -1  -1  -1  -1   1  -1
            1   8   5  -1  -1  -1  -1   1  -1
            1   5   8   3  -1  -1  -1  -3   3
           -1  -1   3   8   1   1   1  -1   1
           -1  -1  -1   1   8   1   1  -1   1
           -1  -1  -1   1   1   8   1  -1   1
           -1  -1  -1   1   1   1   8  -1   1
            1   1  -3  -1  -1  -1  -1   8  -1
           -1  -1   3   1   1   1   1  -1   8
        upper-triangle arc bits (gentourng line) = 111101111101101111101110111110111101
    --- maximizer #25: class index 46755 (gentourng order) ---
        det(I+S) = 8192 (exact Bareiss verified), d = 32
        score sequence = (2, 2, 3, 4, 4, 4, 5, 5, 7)   regular = False
        H(T) = 1305
        SS^T diag = [8] (always n-1=8)
        SS^T off-diag histogram = {-1: 38, 1: 32, 7: 2}
        ||SS^T - (9I-J)||_F^2 = 256   (0 would mean DRT; impossible at n=9)
        SS^T =
            8   1   1  -1  -1  -1  -1   1  -1
            1   8   1  -1  -1  -1  -1   1  -1
            1   1   8   7  -1  -1  -1   1  -1
           -1  -1   7   8   1   1   1  -1   1
           -1  -1  -1   1   8   1   1  -1   1
           -1  -1  -1   1   1   8   1  -1   1
           -1  -1  -1   1   1   1   8  -1   1
            1   1   1  -1  -1  -1  -1   8  -1
           -1  -1  -1   1   1   1   1  -1   8
        upper-triangle arc bits (gentourng line) = 111101111101110111101111011011111101
    --- maximizer #26: class index 48944 (gentourng order) ---
        det(I+S) = 8192 (exact Bareiss verified), d = 32
        score sequence = (2, 3, 3, 4, 4, 4, 4, 5, 7)   regular = False
        H(T) = 1511
        SS^T diag = [8] (always n-1=8)
        SS^T off-diag histogram = {-5: 2, -3: 2, -1: 34, 1: 30, 3: 4}
        ||SS^T - (9I-J)||_F^2 = 224   (0 would mean DRT; impossible at n=9)
        SS^T =
            8   1  -1  -1  -1  -1   1   1  -1
            1   8   3  -1  -1  -1   1   1  -1
           -1   3   8   1   1  -3  -5   3   1
           -1  -1   1   8   1   1  -1  -1   1
           -1  -1   1   1   8   1  -1  -1   1
           -1  -1  -3   1   1   8  -1  -1   1
            1   1  -5  -1  -1  -1   8   1  -1
            1   1   3  -1  -1  -1   1   8  -1
           -1  -1   1   1   1   1  -1  -1   8
        upper-triangle arc bits (gentourng line) = 111101111101011111001111101101111101
    --- maximizer #27: class index 49978 (gentourng order) ---
        det(I+S) = 8192 (exact Bareiss verified), d = 32
        score sequence = (2, 3, 3, 4, 4, 4, 4, 6, 6)   regular = False
        H(T) = 1837
        SS^T diag = [8] (always n-1=8)
        SS^T off-diag histogram = {-5: 2, -3: 6, -1: 26, 1: 38}
        ||SS^T - (9I-J)||_F^2 = 208   (0 would mean DRT; impossible at n=9)
        SS^T =
            8   1  -3   1  -3  -5   1  -1  -3
            1   8   1   1   1  -1   1  -1   1
           -3   1   8   1   1  -1   1  -1   1
            1   1   1   8   1  -1   1  -1   1
           -3   1   1   1   8  -1   1  -1   1
           -5  -1  -1  -1  -1   8  -1   1  -1
            1   1   1   1   1  -1   8  -1   1
           -1  -1  -1  -1  -1   1  -1   8  -1
           -3   1   1   1   1  -1   1  -1   8
        upper-triangle arc bits (gentourng line) = 111101011101111111010111011011110111
    --- maximizer #28: class index 49996 (gentourng order) ---
        det(I+S) = 8192 (exact Bareiss verified), d = 32
        score sequence = (3, 3, 3, 4, 4, 4, 4, 5, 6)   regular = False
        H(T) = 2379
        SS^T diag = [8] (always n-1=8)
        SS^T off-diag histogram = {-5: 2, -3: 6, -1: 38, 1: 26}
        ||SS^T - (9I-J)||_F^2 = 160   (0 would mean DRT; impossible at n=9)
        SS^T =
            8  -1  -1  -1  -5  -3  -1  -3  -3
           -1   8   1   1   1  -1   1  -1  -1
           -1   1   8   1   1  -1   1  -1  -1
           -1   1   1   8   1  -1   1  -1  -1
           -5   1   1   1   8  -1   1  -1  -1
           -3  -1  -1  -1  -1   8  -1   1   1
           -1   1   1   1   1  -1   8  -1  -1
           -3  -1  -1  -1  -1   1  -1   8   1
           -3  -1  -1  -1  -1   1  -1   1   8
        upper-triangle arc bits (gentourng line) = 111101001101111111010111011011110111
    --- maximizer #29: class index 50083 (gentourng order) ---
        det(I+S) = 8192 (exact Bareiss verified), d = 32
        score sequence = (2, 3, 3, 4, 4, 4, 4, 5, 7)   regular = False
        H(T) = 1575
        SS^T diag = [8] (always n-1=8)
        SS^T off-diag histogram = {-3: 4, -1: 38, 1: 26, 3: 2, 5: 2}
        ||SS^T - (9I-J)||_F^2 = 224   (0 would mean DRT; impossible at n=9)
        SS^T =
            8   1  -1  -1  -1  -1   1   1  -1
            1   8  -1  -1  -1  -1   1   1  -1
           -1  -1   8   5   1  -3  -1   3  -3
           -1  -1   5   8   1   1  -1  -1   1
           -1  -1   1   1   8   1  -1  -1   1
           -1  -1  -3   1   1   8  -1  -1   1
            1   1  -1  -1  -1  -1   8   1  -1
            1   1   3  -1  -1  -1   1   8  -1
           -1  -1  -3   1   1   1  -1  -1   8
        upper-triangle arc bits (gentourng line) = 111101111101110111001111011011111101
    --- maximizer #30: class index 50102 (gentourng order) ---
        det(I+S) = 8192 (exact Bareiss verified), d = 32
        score sequence = (3, 3, 3, 3, 4, 4, 4, 5, 7)   regular = False
        H(T) = 1647
        SS^T diag = [8] (always n-1=8)
        SS^T off-diag histogram = {-5: 2, -3: 4, -1: 32, 1: 32, 3: 2}
        ||SS^T - (9I-J)||_F^2 = 208   (0 would mean DRT; impossible at n=9)
        SS^T =
            8   1  -3  -1  -1  -1   1   1   1
            1   8   1  -1  -1  -1   1   1   1
           -3   1   8   3  -1  -5   1   1  -3
           -1  -1   3   8   1   1  -1  -1  -1
           -1  -1  -1   1   8   1  -1  -1  -1
           -1  -1  -5   1   1   8  -1  -1  -1
            1   1   1  -1  -1  -1   8   1   1
            1   1   1  -1  -1  -1   1   8   1
            1   1  -3  -1  -1  -1   1   1   8
        upper-triangle arc bits (gentourng line) = 111101111101110111000111011011111101
    --- maximizer #31: class index 53100 (gentourng order) ---
        det(I+S) = 8192 (exact Bareiss verified), d = 32
        score sequence = (2, 3, 3, 4, 4, 4, 4, 5, 7)   regular = False
        H(T) = 1517
        SS^T diag = [8] (always n-1=8)
        SS^T off-diag histogram = {-3: 4, -1: 38, 1: 26, 3: 2, 5: 2}
        ||SS^T - (9I-J)||_F^2 = 224   (0 would mean DRT; impossible at n=9)
        SS^T =
            8  -1   1   1  -1  -1  -1   1  -1
           -1   8  -1  -1  -3   1   1  -1   1
            1  -1   8   1   3  -1  -1   1  -1
            1  -1   1   8  -1  -1  -1   1  -1
           -1  -3   3  -1   8   5  -3  -1   1
           -1   1  -1  -1   5   8   1  -1   1
           -1   1  -1  -1  -3   1   8  -1   1
            1  -1   1   1  -1  -1  -1   8  -1
           -1   1  -1  -1   1   1   1  -1   8
        upper-triangle arc bits (gentourng line) = 111110111100110111101110101101111111
    --- maximizer #32: class index 53930 (gentourng order) ---
        det(I+S) = 8192 (exact Bareiss verified), d = 32
        score sequence = (3, 3, 3, 3, 4, 4, 4, 4, 8)   regular = False
        H(T) = 657
        SS^T diag = [8] (always n-1=8)
        SS^T off-diag histogram = {-5: 2, -1: 32, 1: 32, 3: 6}
        ||SS^T - (9I-J)||_F^2 = 256   (0 would mean DRT; impossible at n=9)
        SS^T =
            8  -1   1   1   1  -1   1  -1  -1
           -1   8  -1  -1  -5   1  -1   1   1
            1  -1   8   1   1  -1   1  -1  -1
            1  -1   1   8   1  -1   1  -1  -1
            1  -5   1   1   8   3   1   3   3
           -1   1  -1  -1   3   8  -1   1   1
            1  -1   1   1   1  -1   8  -1  -1
           -1   1  -1  -1   3   1  -1   8   1
           -1   1  -1  -1   3   1  -1   1   8
        upper-triangle arc bits (gentourng line) = 111111111100100111010111011011110111
    --- maximizer #33: class index 55904 (gentourng order) ---
        det(I+S) = 8192 (exact Bareiss verified), d = 32
        score sequence = (3, 3, 3, 3, 3, 3, 4, 6, 8)   regular = False
        H(T) = 423
        SS^T diag = [8] (always n-1=8)
        SS^T off-diag histogram = {-1: 30, 1: 34, 3: 6, 5: 2}
        ||SS^T - (9I-J)||_F^2 = 304   (0 would mean DRT; impossible at n=9)
        SS^T =
            8   5  -1  -1   1  -1  -1  -1  -1
            5   8  -1  -1   1   3   3  -1   3
           -1  -1   8   1  -1   1   1   1   1
           -1  -1   1   8  -1   1   1   1   1
            1   1  -1  -1   8  -1  -1  -1  -1
           -1   3   1   1  -1   8   1   1   1
           -1   3   1   1  -1   1   8   1   1
           -1  -1   1   1  -1   1   1   8   1
           -1   3   1   1  -1   1   1   1   8
        upper-triangle arc bits (gentourng line) = 111111111101111110100110101101110111
    --- maximizer #34: class index 57581 (gentourng order) ---
        det(I+S) = 8192 (exact Bareiss verified), d = 32
        score sequence = (3, 3, 3, 3, 3, 4, 4, 5, 8)   regular = False
        H(T) = 579
        SS^T diag = [8] (always n-1=8)
        SS^T off-diag histogram = {-3: 2, -1: 32, 1: 32, 3: 4, 5: 2}
        ||SS^T - (9I-J)||_F^2 = 272   (0 would mean DRT; impossible at n=9)
        SS^T =
            8  -1   1   1   3  -1  -1  -1  -1
           -1   8  -1  -1  -3   1   1   1   1
            1  -1   8   1  -1  -1  -1  -1  -1
            1  -1   1   8   3  -1  -1  -1  -1
            3  -3  -1   3   8   1   1   1   5
           -1   1  -1  -1   1   8   1   1   1
           -1   1  -1  -1   1   1   8   1   1
           -1   1  -1  -1   1   1   1   8   1
           -1   1  -1  -1   5   1   1   1   8
        upper-triangle arc bits (gentourng line) = 111111111101000110101110111111110101
    --- maximizer #35: class index 57626 (gentourng order) ---
        det(I+S) = 8192 (exact Bareiss verified), d = 32
        score sequence = (3, 3, 3, 4, 4, 4, 4, 4, 7)   regular = False
        H(T) = 1809
        SS^T diag = [8] (always n-1=8)
        SS^T off-diag histogram = {-5: 2, -3: 4, -1: 36, 1: 28, 3: 2}
        ||SS^T - (9I-J)||_F^2 = 192   (0 would mean DRT; impossible at n=9)
        SS^T =
            8   1   1  -1  -1  -1  -1  -1   1
            1   8   1  -1  -1  -1  -1  -1   1
            1   1   8  -1  -1  -1  -1  -5   1
           -1  -1  -1   8   1   1   1  -3  -1
           -1  -1  -1   1   8   1   1  -3  -1
           -1  -1  -1   1   1   8   1   1  -1
           -1  -1  -1   1   1   1   8   1  -1
           -1  -1  -5  -3  -3   1   1   8   3
            1   1   1  -1  -1  -1  -1   3   8
        upper-triangle arc bits (gentourng line) = 111111011101000110100110111110111111
    --- maximizer #36: class index 57676 (gentourng order) ---
        det(I+S) = 8192 (exact Bareiss verified), d = 32
        score sequence = (0, 4, 4, 4, 4, 4, 4, 4, 8)   regular = False
        H(T) = 189
        SS^T diag = [8] (always n-1=8)
        SS^T off-diag histogram = {-7: 2, 1: 70}
        ||SS^T - (9I-J)||_F^2 = 352   (0 would mean DRT; impossible at n=9)
        SS^T =
            8   1   1   1   1   1   1   1  -7
            1   8   1   1   1   1   1   1   1
            1   1   8   1   1   1   1   1   1
            1   1   1   8   1   1   1   1   1
            1   1   1   1   8   1   1   1   1
            1   1   1   1   1   8   1   1   1
            1   1   1   1   1   1   8   1   1
            1   1   1   1   1   1   1   8   1
           -7   1   1   1   1   1   1   1   8
        upper-triangle arc bits (gentourng line) = 111111111101001110101110111101111111
    --- maximizer #37: class index 57677 (gentourng order) ---
        det(I+S) = 8192 (exact Bareiss verified), d = 32
        score sequence = (1, 4, 4, 4, 4, 4, 4, 4, 7)   regular = False
        H(T) = 2205
        SS^T diag = [8] (always n-1=8)
        SS^T off-diag histogram = {-7: 2, -1: 28, 1: 42}
        ||SS^T - (9I-J)||_F^2 = 240   (0 would mean DRT; impossible at n=9)
        SS^T =
            8  -1  -1  -1  -1  -1  -1  -1  -7
           -1   8   1   1   1   1   1   1  -1
           -1   1   8   1   1   1   1   1  -1
           -1   1   1   8   1   1   1   1  -1
           -1   1   1   1   8   1   1   1  -1
           -1   1   1   1   1   8   1   1  -1
           -1   1   1   1   1   1   8   1  -1
           -1   1   1   1   1   1   1   8  -1
           -7  -1  -1  -1  -1  -1  -1  -1   8
        upper-triangle arc bits (gentourng line) = 111111101101001110101110111101111111
    --- maximizer #38: class index 57678 (gentourng order) ---
        det(I+S) = 8192 (exact Bareiss verified), d = 32
        score sequence = (1, 3, 4, 4, 4, 4, 4, 4, 8)   regular = False
        H(T) = 423
        SS^T diag = [8] (always n-1=8)
        SS^T off-diag histogram = {-5: 2, -1: 20, 1: 44, 3: 6}
        ||SS^T - (9I-J)||_F^2 = 304   (0 would mean DRT; impossible at n=9)
        SS^T =
            8  -1   1   1   1   1   1   1  -5
           -1   8  -1  -1  -1  -1  -1  -1   1
            1  -1   8   1   1   1   1   1  -1
            1  -1   1   8   1   1   1   1  -1
            1  -1   1   1   8   1   1   1   3
            1  -1   1   1   1   8   1   1  -1
            1  -1   1   1   1   1   8   1   3
            1  -1   1   1   1   1   1   8   3
           -5   1  -1  -1   3  -1   3   3   8
        upper-triangle arc bits (gentourng line) = 111111111101000110101110111101111111
    --- maximizer #39: class index 57679 (gentourng order) ---
        det(I+S) = 8192 (exact Bareiss verified), d = 32
        score sequence = (2, 3, 4, 4, 4, 4, 4, 4, 7)   regular = False
        H(T) = 2151
        SS^T diag = [8] (always n-1=8)
        SS^T off-diag histogram = {-5: 2, -3: 6, -1: 26, 1: 38}
        ||SS^T - (9I-J)||_F^2 = 208   (0 would mean DRT; impossible at n=9)
        SS^T =
            8   1  -1  -1  -1  -1  -1  -1  -5
            1   8  -1  -1  -1  -1  -1  -1  -1
           -1  -1   8   1   1   1   1   1  -3
           -1  -1   1   8   1   1   1   1  -3
           -1  -1   1   1   8   1   1   1   1
           -1  -1   1   1   1   8   1   1  -3
           -1  -1   1   1   1   1   8   1   1
           -1  -1   1   1   1   1   1   8   1
           -5  -1  -3  -3   1  -3   1   1   8
        upper-triangle arc bits (gentourng line) = 111111101101000110101110111101111111
    --- maximizer #40: class index 57680 (gentourng order) ---
        det(I+S) = 8192 (exact Bareiss verified), d = 32
        score sequence = (2, 3, 3, 4, 4, 4, 4, 4, 8)   regular = False
        H(T) = 579
        SS^T diag = [8] (always n-1=8)
        SS^T off-diag histogram = {-3: 4, -1: 26, 1: 38, 3: 2, 5: 2}
        ||SS^T - (9I-J)||_F^2 = 272   (0 would mean DRT; impossible at n=9)
        SS^T =
            8  -1  -1   1   1   1   1   1  -3
           -1   8   1  -1  -1  -1  -1  -1   3
           -1   1   8  -1  -1  -1  -1  -1  -1
            1  -1  -1   8   1   1   1   1  -3
            1  -1  -1   1   8   1   1   1   1
            1  -1  -1   1   1   8   1   1   1
            1  -1  -1   1   1   1   8   1   1
            1  -1  -1   1   1   1   1   8   5
           -3   3  -1  -3   1   1   1   5   8
        upper-triangle arc bits (gentourng line) = 111111111101000110100110111101111111
    --- maximizer #41: class index 57681 (gentourng order) ---
        det(I+S) = 8192 (exact Bareiss verified), d = 32
        score sequence = (3, 3, 3, 4, 4, 4, 4, 4, 7)   regular = False
        H(T) = 2019
        SS^T diag = [8] (always n-1=8)
        SS^T off-diag histogram = {-5: 2, -3: 4, -1: 36, 1: 28, 3: 2}
        ||SS^T - (9I-J)||_F^2 = 192   (0 would mean DRT; impossible at n=9)
        SS^T =
            8   1   1  -1  -1  -1  -1  -1  -3
            1   8   1  -1  -1  -1  -1  -1   1
            1   1   8  -1  -1  -1  -1  -1  -3
           -1  -1  -1   8   1   1   1   1  -5
           -1  -1  -1   1   8   1   1   1  -1
           -1  -1  -1   1   1   8   1   1  -1
           -1  -1  -1   1   1   1   8   1  -1
           -1  -1  -1   1   1   1   1   8   3
           -3   1  -3  -5  -1  -1  -1   3   8
        upper-triangle arc bits (gentourng line) = 111111101101000110100110111101111111
    --- maximizer #42: class index 57682 (gentourng order) ---
        det(I+S) = 8192 (exact Bareiss verified), d = 32
        score sequence = (3, 3, 3, 3, 4, 4, 4, 4, 8)   regular = False
        H(T) = 657
        SS^T diag = [8] (always n-1=8)
        SS^T off-diag histogram = {-3: 2, -1: 36, 1: 28, 3: 4, 5: 2}
        ||SS^T - (9I-J)||_F^2 = 256   (0 would mean DRT; impossible at n=9)
        SS^T =
            8  -1  -1  -1   1   1   1   1  -1
           -1   8   1   1  -1  -1  -1  -1   5
           -1   1   8   1  -1  -1  -1  -1   1
           -1   1   1   8  -1  -1  -1  -1  -3
            1  -1  -1  -1   8   1   1   1  -1
            1  -1  -1  -1   1   8   1   1  -1
            1  -1  -1  -1   1   1   8   1   3
            1  -1  -1  -1   1   1   1   8   3
           -1   5   1  -3  -1  -1   3   3   8
        upper-triangle arc bits (gentourng line) = 111111111101000110100110101101111111
    --- maximizer #43: class index 57683 (gentourng order) ---
        det(I+S) = 8192 (exact Bareiss verified), d = 32
        score sequence = (3, 3, 3, 3, 4, 4, 4, 4, 8)   regular = False
        H(T) = 657
        SS^T diag = [8] (always n-1=8)
        SS^T off-diag histogram = {-1: 38, 1: 32, 7: 2}
        ||SS^T - (9I-J)||_F^2 = 256   (0 would mean DRT; impossible at n=9)
        SS^T =
            8  -1  -1   1  -1   1   1   1  -1
           -1   8   1  -1   1  -1  -1  -1   1
           -1   1   8  -1   1  -1  -1  -1   1
            1  -1  -1   8  -1   1   1   1  -1
           -1   1   1  -1   8  -1  -1  -1   1
            1  -1  -1   1  -1   8   1   1  -1
            1  -1  -1   1  -1   1   8   1  -1
            1  -1  -1   1  -1   1   1   8   7
           -1   1   1  -1   1  -1  -1   7   8
        upper-triangle arc bits (gentourng line) = 111111111101000110100110111100111111
    --- maximizer #44: class index 57684 (gentourng order) ---
        det(I+S) = 8192 (exact Bareiss verified), d = 32
        score sequence = (3, 3, 3, 3, 4, 4, 4, 4, 8)   regular = False
        H(T) = 657
        SS^T diag = [8] (always n-1=8)
        SS^T off-diag histogram = {-5: 2, -1: 32, 1: 32, 3: 6}
        ||SS^T - (9I-J)||_F^2 = 256   (0 would mean DRT; impossible at n=9)
        SS^T =
            8  -1   1  -1  -1   1   1   1  -1
           -1   8  -1   1   1  -1  -1  -1   1
            1  -1   8  -1  -1   1   1   1   3
           -1   1  -1   8   1  -1  -1  -1   1
           -1   1  -1   1   8  -1  -1  -1   1
            1  -1   1  -1  -1   8   1   1  -5
            1  -1   1  -1  -1   1   8   1   3
            1  -1   1  -1  -1   1   1   8   3
           -1   1   3   1   1  -5   3   3   8
        upper-triangle arc bits (gentourng line) = 111111111101000110101110101100111111
    --- maximizer #45: class index 62301 (gentourng order) ---
        det(I+S) = 8192 (exact Bareiss verified), d = 32
        score sequence = (1, 3, 3, 4, 4, 5, 5, 5, 6)   regular = False
        H(T) = 1437
        SS^T diag = [8] (always n-1=8)
        SS^T off-diag histogram = {-3: 4, -1: 34, 1: 30, 3: 2, 5: 2}
        ||SS^T - (9I-J)||_F^2 = 240   (0 would mean DRT; impossible at n=9)
        SS^T =
            8  -1   1   1  -1  -1  -1  -1  -1
           -1   8  -1  -1   1   1   1   1   1
            1  -1   8   1  -1  -1  -1  -1  -1
            1  -1   1   8   3  -1  -1  -1  -1
           -1   1  -1   3   8   1   5  -3  -3
           -1   1  -1  -1   1   8   1   1   1
           -1   1  -1  -1   5   1   8   1   1
           -1   1  -1  -1  -3   1   1   8   1
           -1   1  -1  -1  -3   1   1   1   8
        upper-triangle arc bits (gentourng line) = 111101011101011110110111011111111111
    --- maximizer #46: class index 62315 (gentourng order) ---
        det(I+S) = 8192 (exact Bareiss verified), d = 32
        score sequence = (2, 3, 3, 4, 4, 4, 5, 5, 6)   regular = False
        H(T) = 2079
        SS^T diag = [8] (always n-1=8)
        SS^T off-diag histogram = {-5: 2, -3: 4, -1: 36, 1: 28, 3: 2}
        ||SS^T - (9I-J)||_F^2 = 192   (0 would mean DRT; impossible at n=9)
        SS^T =
            8  -1   1   1  -3  -1  -1  -1   1
           -1   8  -1  -1  -1   1   1   1  -1
            1  -1   8   1   1  -1  -1  -1   1
            1  -1   1   8   1  -1  -1  -1   1
           -3  -1   1   1   8  -1   3  -5  -3
           -1   1  -1  -1  -1   8   1   1  -1
           -1   1  -1  -1   3   1   8   1  -1
           -1   1  -1  -1  -5   1   1   8  -1
            1  -1   1   1  -3  -1  -1  -1   8
        upper-triangle arc bits (gentourng line) = 111101011101011110110111011110111111
    --- maximizer #47: class index 62510 (gentourng order) ---
        det(I+S) = 8192 (exact Bareiss verified), d = 32
        score sequence = (2, 2, 3, 4, 4, 4, 5, 5, 7)   regular = False
        H(T) = 1161
        SS^T diag = [8] (always n-1=8)
        SS^T off-diag histogram = {-3: 2, -1: 36, 1: 28, 3: 4, 5: 2}
        ||SS^T - (9I-J)||_F^2 = 256   (0 would mean DRT; impossible at n=9)
        SS^T =
            8   1   3  -1  -1   1  -1   1  -1
            1   8  -1  -1  -1   1  -1   1  -1
            3  -1   8   1   1  -1  -3   3   5
           -1  -1   1   8   1  -1   1  -1   1
           -1  -1   1   1   8  -1   1  -1   1
            1   1  -1  -1  -1   8  -1   1  -1
           -1  -1  -3   1   1  -1   8  -1   1
            1   1   3  -1  -1   1  -1   8  -1
           -1  -1   5   1   1  -1   1  -1   8
        upper-triangle arc bits (gentourng line) = 111101111101011110101111101101111101
    --- maximizer #48: class index 63355 (gentourng order) ---
        det(I+S) = 8192 (exact Bareiss verified), d = 32
        score sequence = (2, 2, 3, 4, 4, 4, 5, 5, 7)   regular = False
        H(T) = 1103
        SS^T diag = [8] (always n-1=8)
        SS^T off-diag histogram = {-3: 2, -1: 36, 1: 28, 3: 4, 5: 2}
        ||SS^T - (9I-J)||_F^2 = 256   (0 would mean DRT; impossible at n=9)
        SS^T =
            8   1   3  -1  -1   1  -1   1  -1
            1   8   3  -1  -1   1  -1   1  -1
            3   3   8   1  -3  -1   1  -1   5
           -1  -1   1   8   1  -1   1  -1   1
           -1  -1  -3   1   8  -1   1  -1   1
            1   1  -1  -1  -1   8  -1   1  -1
           -1  -1   1   1   1  -1   8  -1   1
            1   1  -1  -1  -1   1  -1   8  -1
           -1  -1   5   1   1  -1   1  -1   8
        upper-triangle arc bits (gentourng line) = 111101111101101110101110111110111101
    --- maximizer #49: class index 63665 (gentourng order) ---
        det(I+S) = 8192 (exact Bareiss verified), d = 32
        score sequence = (2, 2, 2, 4, 4, 5, 5, 5, 7)   regular = False
        H(T) = 883
        SS^T diag = [8] (always n-1=8)
        SS^T off-diag histogram = {-1: 34, 1: 30, 3: 6, 5: 2}
        ||SS^T - (9I-J)||_F^2 = 288   (0 would mean DRT; impossible at n=9)
        SS^T =
            8   1   5  -1  -1   1  -1  -1  -1
            1   8   1  -1  -1   1  -1  -1  -1
            5   1   8   3  -1   1   3   3  -1
           -1  -1   3   8   1  -1   1   1   1
           -1  -1  -1   1   8  -1   1   1   1
            1   1   1  -1  -1   8  -1  -1  -1
           -1  -1   3   1   1  -1   8   1   1
           -1  -1   3   1   1  -1   1   8   1
           -1  -1  -1   1   1  -1   1   1   8
        upper-triangle arc bits (gentourng line) = 111101111101110110111111011011111101
    --- maximizer #50: class index 63897 (gentourng order) ---
        det(I+S) = 8192 (exact Bareiss verified), d = 32
        score sequence = (2, 2, 3, 4, 4, 4, 5, 5, 7)   regular = False
        H(T) = 1167
        SS^T diag = [8] (always n-1=8)
        SS^T off-diag histogram = {-3: 2, -1: 36, 1: 28, 3: 4, 5: 2}
        ||SS^T - (9I-J)||_F^2 = 256   (0 would mean DRT; impossible at n=9)
        SS^T =
            8   1   3  -1  -1   1  -1   1  -1
            1   8  -1  -1  -1   1  -1   1  -1
            3  -1   8   5  -3  -1   1   3   1
           -1  -1   5   8   1  -1   1  -1   1
           -1  -1  -3   1   8  -1   1  -1   1
            1   1  -1  -1  -1   8  -1   1  -1
           -1  -1   1   1   1  -1   8  -1   1
            1   1   3  -1  -1   1  -1   8  -1
           -1  -1   1   1   1  -1   1  -1   8
        upper-triangle arc bits (gentourng line) = 111101111101110110101111011011111101
    --- maximizer #51: class index 66952 (gentourng order) ---
        det(I+S) = 8192 (exact Bareiss verified), d = 32
        score sequence = (2, 2, 2, 4, 4, 4, 4, 7, 7)   regular = False
        H(T) = 567
        SS^T diag = [8] (always n-1=8)
        SS^T off-diag histogram = {-1: 22, 1: 42, 3: 6, 5: 2}
        ||SS^T - (9I-J)||_F^2 = 336   (0 would mean DRT; impossible at n=9)
        SS^T =
            8   5  -1  -1  -1  -1  -1  -1  -1
            5   8   3   3   3  -1  -1  -1  -1
           -1   3   8   1   1   1   1   1   1
           -1   3   1   8   1   1   1   1   1
           -1   3   1   1   8   1   1   1   1
           -1  -1   1   1   1   8   1   1   1
           -1  -1   1   1   1   1   8   1   1
           -1  -1   1   1   1   1   1   8   1
           -1  -1   1   1   1   1   1   1   8
        upper-triangle arc bits (gentourng line) = 111101111111111101011111101101111101
    --- maximizer #52: class index 67138 (gentourng order) ---
        det(I+S) = 8192 (exact Bareiss verified), d = 32
        score sequence = (2, 2, 3, 4, 4, 4, 4, 6, 7)   regular = False
        H(T) = 1121
        SS^T diag = [8] (always n-1=8)
        SS^T off-diag histogram = {-3: 4, -1: 26, 1: 38, 3: 2, 5: 2}
        ||SS^T - (9I-J)||_F^2 = 272   (0 would mean DRT; impossible at n=9)
        SS^T =
            8   3  -1  -1  -1  -1  -1   1  -1
            3   8   1   1   5  -3  -3  -1   1
           -1   1   8   1   1   1   1  -1   1
           -1   1   1   8   1   1   1  -1   1
           -1   5   1   1   8   1   1  -1   1
           -1  -3   1   1   1   8   1  -1   1
           -1  -3   1   1   1   1   8  -1   1
            1  -1  -1  -1  -1  -1  -1   8  -1
           -1   1   1   1   1   1   1  -1   8
        upper-triangle arc bits (gentourng line) = 111101111111101101011111101101111101
    --- maximizer #53: class index 67980 (gentourng order) ---
        det(I+S) = 8192 (exact Bareiss verified), d = 32
        score sequence = (2, 2, 2, 4, 4, 4, 4, 6, 8)   regular = False
        H(T) = 333
        SS^T diag = [8] (always n-1=8)
        SS^T off-diag histogram = {-3: 6, 1: 64, 5: 2}
        ||SS^T - (9I-J)||_F^2 = 352   (0 would mean DRT; impossible at n=9)
        SS^T =
            8   5   1   1   1   1  -3  -3  -3
            5   8   1   1   1   1   1   1   1
            1   1   8   1   1   1   1   1   1
            1   1   1   8   1   1   1   1   1
            1   1   1   1   8   1   1   1   1
            1   1   1   1   1   8   1   1   1
           -3   1   1   1   1   1   8   1   1
           -3   1   1   1   1   1   1   8   1
           -3   1   1   1   1   1   1   1   8
        upper-triangle arc bits (gentourng line) = 111111111110111101011111101101111101
    --- maximizer #54: class index 68129 (gentourng order) ---
        det(I+S) = 8192 (exact Bareiss verified), d = 32
        score sequence = (2, 2, 3, 4, 4, 4, 4, 6, 7)   regular = False
        H(T) = 1155
        SS^T diag = [8] (always n-1=8)
        SS^T off-diag histogram = {-5: 2, -3: 2, -1: 22, 1: 42, 3: 4}
        ||SS^T - (9I-J)||_F^2 = 272   (0 would mean DRT; impossible at n=9)
        SS^T =
            8   3  -1  -1   3  -1  -5  -3  -1
            3   8   1   1   1   1   1  -1   1
           -1   1   8   1   1   1   1  -1   1
           -1   1   1   8   1   1   1  -1   1
            3   1   1   1   8   1   1  -1   1
           -1   1   1   1   1   8   1  -1   1
           -5   1   1   1   1   1   8  -1   1
           -3  -1  -1  -1  -1  -1  -1   8  -1
           -1   1   1   1   1   1   1  -1   8
        upper-triangle arc bits (gentourng line) = 111111011110111101011111101101111101
    --- maximizer #55: class index 69023 (gentourng order) ---
        det(I+S) = 8192 (exact Bareiss verified), d = 32
        score sequence = (2, 2, 2, 4, 4, 4, 5, 6, 7)   regular = False
        H(T) = 675
        SS^T diag = [8] (always n-1=8)
        SS^T off-diag histogram = {-1: 26, 1: 44, 7: 2}
        ||SS^T - (9I-J)||_F^2 = 304   (0 would mean DRT; impossible at n=9)
        SS^T =
            8   7  -1  -1  -1   1  -1  -1  -1
            7   8   1   1   1  -1   1   1   1
           -1   1   8   1   1  -1   1   1   1
           -1   1   1   8   1  -1   1   1   1
           -1   1   1   1   8  -1   1   1   1
            1  -1  -1  -1  -1   8  -1  -1  -1
           -1   1   1   1   1  -1   8   1   1
           -1   1   1   1   1  -1   1   8   1
           -1   1   1   1   1  -1   1   1   8
        upper-triangle arc bits (gentourng line) = 111101111110111101011111101101111101
    --- maximizer #56: class index 69174 (gentourng order) ---
        det(I+S) = 8192 (exact Bareiss verified), d = 32
        score sequence = (2, 2, 3, 4, 4, 4, 5, 6, 6)   regular = False
        H(T) = 1365
        SS^T diag = [8] (always n-1=8)
        SS^T off-diag histogram = {-3: 6, -1: 28, 1: 36, 5: 2}
        ||SS^T - (9I-J)||_F^2 = 240   (0 would mean DRT; impossible at n=9)
        SS^T =
            8   5  -3  -3   1  -1  -3  -1   1
            5   8   1   1   1  -1   1  -1   1
           -3   1   8   1   1  -1   1  -1   1
           -3   1   1   8   1  -1   1  -1   1
            1   1   1   1   8  -1   1  -1   1
           -1  -1  -1  -1  -1   8  -1   1  -1
           -3   1   1   1   1  -1   8  -1   1
           -1  -1  -1  -1  -1   1  -1   8  -1
            1   1   1   1   1  -1   1  -1   8
        upper-triangle arc bits (gentourng line) = 111101011110111101011111101101111101
    --- maximizer #57: class index 69211 (gentourng order) ---
        det(I+S) = 8192 (exact Bareiss verified), d = 32
        score sequence = (2, 2, 3, 4, 4, 4, 5, 5, 7)   regular = False
        H(T) = 1097
        SS^T diag = [8] (always n-1=8)
        SS^T off-diag histogram = {-3: 2, -1: 36, 1: 28, 3: 4, 5: 2}
        ||SS^T - (9I-J)||_F^2 = 256   (0 would mean DRT; impossible at n=9)
        SS^T =
            8   5  -1  -1  -1   1  -1   1  -1
            5   8  -1  -1   3  -3  -1   1   3
           -1  -1   8   1   1  -1   1  -1   1
           -1  -1   1   8   1  -1   1  -1   1
           -1   3   1   1   8  -1   1  -1   1
            1  -3  -1  -1  -1   8  -1   1  -1
           -1  -1   1   1   1  -1   8  -1   1
            1   1  -1  -1  -1   1  -1   8  -1
           -1   3   1   1   1  -1   1  -1   8
        upper-triangle arc bits (gentourng line) = 111101111110101101011111101101111101
    --- maximizer #58: class index 73404 (gentourng order) ---
        det(I+S) = 8192 (exact Bareiss verified), d = 32
        score sequence = (1, 3, 3, 3, 3, 5, 5, 6, 7)   regular = False
        H(T) = 675
        SS^T diag = [8] (always n-1=8)
        SS^T off-diag histogram = {-3: 4, -1: 14, 1: 50, 3: 2, 5: 2}
        ||SS^T - (9I-J)||_F^2 = 320   (0 would mean DRT; impossible at n=9)
        SS^T =
            8   3  -1  -1  -1  -1  -1  -1  -1
            3   8   5   1   1  -3   1   1  -3
           -1   5   8   1   1   1   1   1   1
           -1   1   1   8   1   1   1   1   1
           -1   1   1   1   8   1   1   1   1
           -1  -3   1   1   1   8   1   1   1
           -1   1   1   1   1   1   8   1   1
           -1   1   1   1   1   1   1   8   1
           -1  -3   1   1   1   1   1   1   8
        upper-triangle arc bits (gentourng line) = 110101111111111111101110111110101111
    --- maximizer #59: class index 73415 (gentourng order) ---
        det(I+S) = 8192 (exact Bareiss verified), d = 32
        score sequence = (2, 3, 3, 3, 3, 5, 5, 6, 6)   regular = False
        H(T) = 1721
        SS^T diag = [8] (always n-1=8)
        SS^T off-diag histogram = {-5: 2, -3: 2, -1: 30, 1: 34, 3: 4}
        ||SS^T - (9I-J)||_F^2 = 240   (0 would mean DRT; impossible at n=9)
        SS^T =
            8   1  -1  -1  -1  -1  -1  -1   1
            1   8   3  -1   3  -5  -1  -1  -3
           -1   3   8   1   1   1   1   1  -1
           -1  -1   1   8   1   1   1   1  -1
           -1   3   1   1   8   1   1   1  -1
           -1  -5   1   1   1   8   1   1  -1
           -1  -1   1   1   1   1   8   1  -1
           -1  -1   1   1   1   1   1   8  -1
            1  -3  -1  -1  -1  -1  -1  -1   8
        upper-triangle arc bits (gentourng line) = 110101111111110111101110111110101111
    --- maximizer #60: class index 77535 (gentourng order) ---
        det(I+S) = 8192 (exact Bareiss verified), d = 32
        score sequence = (1, 3, 3, 3, 3, 5, 6, 6, 6)   regular = False
        H(T) = 877
        SS^T diag = [8] (always n-1=8)
        SS^T off-diag histogram = {-1: 30, 1: 34, 3: 6, 5: 2}
        ||SS^T - (9I-J)||_F^2 = 304   (0 would mean DRT; impossible at n=9)
        SS^T =
            8   1   1  -1  -1  -1  -1  -1  -1
            1   8   5  -1  -1  -1  -1  -1  -1
            1   5   8   3   3  -1  -1   3  -1
           -1  -1   3   8   1   1   1   1   1
           -1  -1   3   1   8   1   1   1   1
           -1  -1  -1   1   1   8   1   1   1
           -1  -1  -1   1   1   1   8   1   1
           -1  -1   3   1   1   1   1   8   1
           -1  -1  -1   1   1   1   1   1   8
        upper-triangle arc bits (gentourng line) = 110110111110111111111111011110101111
    --- maximizer #61: class index 77547 (gentourng order) ---
        det(I+S) = 8192 (exact Bareiss verified), d = 32
        score sequence = (2, 3, 3, 3, 3, 5, 5, 6, 6)   regular = False
        H(T) = 1655
        SS^T diag = [8] (always n-1=8)
        SS^T off-diag histogram = {-3: 4, -1: 34, 1: 30, 3: 2, 5: 2}
        ||SS^T - (9I-J)||_F^2 = 240   (0 would mean DRT; impossible at n=9)
        SS^T =
            8   1  -1  -1  -1  -1  -1  -1   1
            1   8   3  -1  -1  -1  -1  -1   1
           -1   3   8   1   5  -3  -3   1  -1
           -1  -1   1   8   1   1   1   1  -1
           -1  -1   5   1   8   1   1   1  -1
           -1  -1  -3   1   1   8   1   1  -1
           -1  -1  -3   1   1   1   8   1  -1
           -1  -1   1   1   1   1   1   8  -1
            1   1  -1  -1  -1  -1  -1  -1   8
        upper-triangle arc bits (gentourng line) = 110110111110111111110111011110101111
    --- maximizer #62: class index 79826 (gentourng order) ---
        det(I+S) = 8192 (exact Bareiss verified), d = 32
        score sequence = (0, 4, 4, 4, 4, 5, 5, 5, 5)   regular = False
        H(T) = 657
        SS^T diag = [8] (always n-1=8)
        SS^T off-diag histogram = {-3: 2, -1: 36, 1: 28, 3: 4, 5: 2}
        ||SS^T - (9I-J)||_F^2 = 256   (0 would mean DRT; impossible at n=9)
        SS^T =
            8   1   1   1  -1  -1  -1  -1  -1
            1   8   1   1  -1  -1  -1  -1  -1
            1   1   8   1   3  -1  -1  -1  -1
            1   1   1   8   3  -1  -1  -1  -1
           -1  -1   3   3   8   5   1  -3   1
           -1  -1  -1  -1   5   8   1   1   1
           -1  -1  -1  -1   1   1   8   1   1
           -1  -1  -1  -1  -3   1   1   8   1
           -1  -1  -1  -1   1   1   1   1   8
        upper-triangle arc bits (gentourng line) = 110110011110101111011111011111111111
    --- maximizer #63: class index 79831 (gentourng order) ---
        det(I+S) = 8192 (exact Bareiss verified), d = 32
        score sequence = (1, 3, 4, 4, 4, 5, 5, 5, 5)   regular = False
        H(T) = 1521
        SS^T diag = [8] (always n-1=8)
        SS^T off-diag histogram = {-5: 2, -3: 4, -1: 32, 1: 32, 3: 2}
        ||SS^T - (9I-J)||_F^2 = 208   (0 would mean DRT; impossible at n=9)
        SS^T =
            8   1   1   1  -3  -1  -1  -1   1
            1   8   1   1  -3  -1  -1  -1   1
            1   1   8   1   1  -1  -1  -1   1
            1   1   1   8   1  -1  -1  -1   1
           -3  -3   1   1   8   3  -1  -5   1
           -1  -1  -1  -1   3   8   1   1  -1
           -1  -1  -1  -1  -1   1   8   1  -1
           -1  -1  -1  -1  -5   1   1   8  -1
            1   1   1   1   1  -1  -1  -1   8
        upper-triangle arc bits (gentourng line) = 110110011110101111011111011110111111
    --- maximizer #64: class index 82946 (gentourng order) ---
        det(I+S) = 8192 (exact Bareiss verified), d = 32
        score sequence = (1, 3, 3, 3, 4, 4, 6, 6, 6)   regular = False
        H(T) = 971
        SS^T diag = [8] (always n-1=8)
        SS^T off-diag histogram = {-1: 34, 1: 30, 3: 6, 5: 2}
        ||SS^T - (9I-J)||_F^2 = 288   (0 would mean DRT; impossible at n=9)
        SS^T =
            8   1   1   1   1  -1  -1  -1  -1
            1   8   1   1   1  -1  -1  -1  -1
            1   1   8   1   1  -1  -1  -1  -1
            1   1   1   8   5  -1  -1  -1  -1
            1   1   1   5   8   3   3  -1   3
           -1  -1  -1  -1   3   8   1   1   1
           -1  -1  -1  -1   3   1   8   1   1
           -1  -1  -1  -1  -1   1   1   8   1
           -1  -1  -1  -1   3   1   1   1   8
        upper-triangle arc bits (gentourng line) = 110111011111011110101111111111110111
    --- maximizer #65: class index 82963 (gentourng order) ---
        det(I+S) = 8192 (exact Bareiss verified), d = 32
        score sequence = (2, 3, 3, 3, 3, 4, 6, 6, 6)   regular = False
        H(T) = 1311
        SS^T diag = [8] (always n-1=8)
        SS^T off-diag histogram = {-3: 2, -1: 36, 1: 28, 3: 4, 5: 2}
        ||SS^T - (9I-J)||_F^2 = 256   (0 would mean DRT; impossible at n=9)
        SS^T =
            8   1   1   1  -1  -1  -1  -1   1
            1   8   1   1  -1  -1  -1  -1   1
            1   1   8   1  -1  -1  -1  -1   1
            1   1   1   8   3  -1  -1  -1   1
           -1  -1  -1   3   8   5   1  -3   3
           -1  -1  -1  -1   5   8   1   1  -1
           -1  -1  -1  -1   1   1   8   1  -1
           -1  -1  -1  -1  -3   1   1   8  -1
            1   1   1   1   3  -1  -1  -1   8
        upper-triangle arc bits (gentourng line) = 110111011111011110101111111110110111
    --- maximizer #66: class index 99231 (gentourng order) ---
        det(I+S) = 8192 (exact Bareiss verified), d = 32
        score sequence = (0, 4, 4, 4, 4, 5, 5, 5, 5)   regular = False
        H(T) = 657
        SS^T diag = [8] (always n-1=8)
        SS^T off-diag histogram = {-3: 2, -1: 36, 1: 28, 3: 4, 5: 2}
        ||SS^T - (9I-J)||_F^2 = 256   (0 would mean DRT; impossible at n=9)
        SS^T =
            8  -1  -1  -1  -1   1   1   1   1
           -1   8   1   1  -3  -1  -1  -1  -1
           -1   1   8   1   1  -1  -1  -1  -1
           -1   1   1   8   5  -1  -1  -1  -1
           -1  -3   1   5   8   3   3  -1  -1
            1  -1  -1  -1   3   8   1   1   1
            1  -1  -1  -1   3   1   8   1   1
            1  -1  -1  -1  -1   1   1   8   1
            1  -1  -1  -1  -1   1   1   1   8
        upper-triangle arc bits (gentourng line) = 110010011110101111011111011111111111
    --- maximizer #67: class index 99236 (gentourng order) ---
        det(I+S) = 8192 (exact Bareiss verified), d = 32
        score sequence = (1, 4, 4, 4, 4, 4, 5, 5, 5)   regular = False
        H(T) = 1809
        SS^T diag = [8] (always n-1=8)
        SS^T off-diag histogram = {-5: 2, -3: 4, -1: 36, 1: 28, 3: 2}
        ||SS^T - (9I-J)||_F^2 = 192   (0 would mean DRT; impossible at n=9)
        SS^T =
            8  -1  -1  -1  -3   1   1   1  -1
           -1   8   1   1  -5  -1  -1  -1   1
           -1   1   8   1  -1  -1  -1  -1   1
           -1   1   1   8   3  -1  -1  -1   1
           -3  -5  -1   3   8   1   1  -3  -1
            1  -1  -1  -1   1   8   1   1  -1
            1  -1  -1  -1   1   1   8   1  -1
            1  -1  -1  -1  -3   1   1   8  -1
           -1   1   1   1  -1  -1  -1  -1   8
        upper-triangle arc bits (gentourng line) = 110010011110101111011111011110111111
    --- maximizer #68: class index 100701 (gentourng order) ---
        det(I+S) = 8192 (exact Bareiss verified), d = 32
        score sequence = (2, 3, 3, 4, 4, 4, 5, 5, 6)   regular = False
        H(T) = 1915
        SS^T diag = [8] (always n-1=8)
        SS^T off-diag histogram = {-5: 2, -3: 4, -1: 36, 1: 28, 3: 2}
        ||SS^T - (9I-J)||_F^2 = 192   (0 would mean DRT; impossible at n=9)
        SS^T =
            8  -3  -1  -1  -1   1  -1   1  -1
           -3   8   3  -5  -1  -3  -1   1  -1
           -1   3   8   1   1  -1   1  -1   1
           -1  -5   1   8   1  -1   1  -1   1
           -1  -1   1   1   8  -1   1  -1   1
            1  -3  -1  -1  -1   8  -1   1  -1
           -1  -1   1   1   1  -1   8  -1   1
            1   1  -1  -1  -1   1  -1   8  -1
           -1  -1   1   1   1  -1   1  -1   8
        upper-triangle arc bits (gentourng line) = 110010111110101111111110101101110111
    --- maximizer #69: class index 100720 (gentourng order) ---
        det(I+S) = 8192 (exact Bareiss verified), d = 32
        score sequence = (3, 3, 3, 4, 4, 4, 4, 5, 6)   regular = False
        H(T) = 2325
        SS^T diag = [8] (always n-1=8)
        SS^T off-diag histogram = {-5: 2, -3: 6, -1: 38, 1: 26}
        ||SS^T - (9I-J)||_F^2 = 160   (0 would mean DRT; impossible at n=9)
        SS^T =
            8  -5  -1  -1  -1   1  -1   1   1
           -5   8   1  -3  -3  -1  -3  -1  -1
           -1   1   8   1   1  -1   1  -1  -1
           -1  -3   1   8   1  -1   1  -1  -1
           -1  -3   1   1   8  -1   1  -1  -1
            1  -1  -1  -1  -1   8  -1   1   1
           -1  -3   1   1   1  -1   8  -1  -1
            1  -1  -1  -1  -1   1  -1   8   1
            1  -1  -1  -1  -1   1  -1   1   8
        upper-triangle arc bits (gentourng line) = 110010111110100111111110101101110111
    --- maximizer #70: class index 102995 (gentourng order) ---
        det(I+S) = 8192 (exact Bareiss verified), d = 32
        score sequence = (1, 3, 3, 3, 4, 5, 5, 6, 6)   regular = False
        H(T) = 1047
        SS^T diag = [8] (always n-1=8)
        SS^T off-diag histogram = {-1: 34, 1: 36, 7: 2}
        ||SS^T - (9I-J)||_F^2 = 272   (0 would mean DRT; impossible at n=9)
        SS^T =
            8  -1  -1  -1   1   1   1   1   1
           -1   8   1   1  -1  -1  -1  -1  -1
           -1   1   8   1  -1  -1  -1  -1  -1
           -1   1   1   8   7  -1  -1  -1  -1
            1  -1  -1   7   8   1   1   1   1
            1  -1  -1  -1   1   8   1   1   1
            1  -1  -1  -1   1   1   8   1   1
            1  -1  -1  -1   1   1   1   8   1
            1  -1  -1  -1   1   1   1   1   8
        upper-triangle arc bits (gentourng line) = 110011011111011110101111111111110111
    --- maximizer #71: class index 103011 (gentourng order) ---
        det(I+S) = 8192 (exact Bareiss verified), d = 32
        score sequence = (2, 3, 3, 3, 4, 5, 5, 5, 6)   regular = False
        H(T) = 1923
        SS^T diag = [8] (always n-1=8)
        SS^T off-diag histogram = {-3: 6, -1: 36, 1: 28, 5: 2}
        ||SS^T - (9I-J)||_F^2 = 208   (0 would mean DRT; impossible at n=9)
        SS^T =
            8  -1  -1  -3   1   1   1   1  -1
           -1   8   1  -1  -1  -1  -1  -1   1
           -1   1   8  -1  -1  -1  -1  -1   1
           -3  -1  -1   8   5   1  -3  -3  -1
            1  -1  -1   5   8   1   1   1  -1
            1  -1  -1   1   1   8   1   1  -1
            1  -1  -1  -3   1   1   8   1  -1
            1  -1  -1  -3   1   1   1   8  -1
           -1   1   1  -1  -1  -1  -1  -1   8
        upper-triangle arc bits (gentourng line) = 110011011111011110101111101111110111
    --- maximizer #72: class index 103012 (gentourng order) ---
        det(I+S) = 8192 (exact Bareiss verified), d = 32
        score sequence = (2, 3, 3, 3, 4, 4, 5, 6, 6)   regular = False
        H(T) = 1655
        SS^T diag = [8] (always n-1=8)
        SS^T off-diag histogram = {-3: 4, -1: 38, 1: 26, 3: 2, 5: 2}
        ||SS^T - (9I-J)||_F^2 = 224   (0 would mean DRT; impossible at n=9)
        SS^T =
            8  -1  -1  -1  -1   1   1   1  -1
           -1   8   1   1  -3  -1  -1  -1   1
           -1   1   8   1  -3  -1  -1  -1   1
           -1   1   1   8   5  -1  -1  -1   1
           -1  -3  -3   5   8   3  -1  -1   1
            1  -1  -1  -1   3   8   1   1  -1
            1  -1  -1  -1  -1   1   8   1  -1
            1  -1  -1  -1  -1   1   1   8  -1
           -1   1   1   1   1  -1  -1  -1   8
        upper-triangle arc bits (gentourng line) = 110011011111011110101111111110110111
    --- maximizer #73: class index 105846 (gentourng order) ---
        det(I+S) = 8192 (exact Bareiss verified), d = 32
        score sequence = (2, 3, 3, 4, 4, 4, 4, 5, 7)   regular = False
        H(T) = 1379
        SS^T diag = [8] (always n-1=8)
        SS^T off-diag histogram = {-5: 2, -3: 2, -1: 34, 1: 30, 3: 4}
        ||SS^T - (9I-J)||_F^2 = 224   (0 would mean DRT; impossible at n=9)
        SS^T =
            8   1  -5  -1  -1   1  -1   1  -1
            1   8   3  -1  -1   1  -1   1  -1
           -5   3   8  -3   1  -1   1   3   1
           -1  -1  -3   8   1  -1   1  -1   1
           -1  -1   1   1   8  -1   1  -1   1
            1   1  -1  -1  -1   8  -1   1  -1
           -1  -1   1   1   1  -1   8  -1   1
            1   1   3  -1  -1   1  -1   8  -1
           -1  -1   1   1   1  -1   1  -1   8
        upper-triangle arc bits (gentourng line) = 110010111111111110101110101101110111
    --- maximizer #74: class index 105861 (gentourng order) ---
        det(I+S) = 8192 (exact Bareiss verified), d = 32
        score sequence = (3, 3, 3, 3, 4, 4, 4, 5, 7)   regular = False
        H(T) = 1521
        SS^T diag = [8] (always n-1=8)
        SS^T off-diag histogram = {-7: 2, -1: 36, 1: 34}
        ||SS^T - (9I-J)||_F^2 = 208   (0 would mean DRT; impossible at n=9)
        SS^T =
            8   1  -7  -1  -1   1  -1   1   1
            1   8   1  -1  -1   1  -1   1   1
           -7   1   8  -1  -1   1  -1   1   1
           -1  -1  -1   8   1  -1   1  -1  -1
           -1  -1  -1   1   8  -1   1  -1  -1
            1   1   1  -1  -1   8  -1   1   1
           -1  -1  -1   1   1  -1   8  -1  -1
            1   1   1  -1  -1   1  -1   8   1
            1   1   1  -1  -1   1  -1   1   8
        upper-triangle arc bits (gentourng line) = 110010111111111110100110101101110111
    --- maximizer #75: class index 106130 (gentourng order) ---
        det(I+S) = 8192 (exact Bareiss verified), d = 32
        score sequence = (1, 3, 3, 4, 4, 5, 5, 5, 6)   regular = False
        H(T) = 1241
        SS^T diag = [8] (always n-1=8)
        SS^T off-diag histogram = {-3: 4, -1: 34, 1: 30, 3: 2, 5: 2}
        ||SS^T - (9I-J)||_F^2 = 240   (0 would mean DRT; impossible at n=9)
        SS^T =
            8  -1  -1  -3   1   1  -1   1   1
           -1   8   1   3  -1  -1   1  -1  -1
           -1   1   8  -1  -1  -1   1  -1  -1
           -3   3  -1   8   5  -3  -1   1   1
            1  -1  -1   5   8   1  -1   1   1
            1  -1  -1  -3   1   8  -1   1   1
           -1   1   1  -1  -1  -1   8  -1  -1
            1  -1  -1   1   1   1  -1   8   1
            1  -1  -1   1   1   1  -1   1   8
        upper-triangle arc bits (gentourng line) = 110011011111011110101110111111110111
    --- maximizer #76: class index 106146 (gentourng order) ---
        det(I+S) = 8192 (exact Bareiss verified), d = 32
        score sequence = (2, 3, 3, 4, 4, 4, 5, 5, 6)   regular = False
        H(T) = 1947
        SS^T diag = [8] (always n-1=8)
        SS^T off-diag histogram = {-5: 2, -3: 4, -1: 36, 1: 28, 3: 2}
        ||SS^T - (9I-J)||_F^2 = 192   (0 would mean DRT; impossible at n=9)
        SS^T =
            8  -1  -1  -5   1   1  -1   1  -1
           -1   8   1   1  -1  -1   1  -1   1
           -1   1   8  -3  -1  -1   1  -1   1
           -5   1  -3   8   3  -1  -3  -1   1
            1  -1  -1   3   8   1  -1   1  -1
            1  -1  -1  -1   1   8  -1   1  -1
           -1   1   1  -3  -1  -1   8  -1   1
            1  -1  -1  -1   1   1  -1   8  -1
           -1   1   1   1  -1  -1   1  -1   8
        upper-triangle arc bits (gentourng line) = 110011011111011110101110101111110111
    --- maximizer #77: class index 114037 (gentourng order) ---
        det(I+S) = 8192 (exact Bareiss verified), d = 32
        score sequence = (2, 2, 3, 4, 4, 5, 5, 5, 6)   regular = False
        H(T) = 1719
        SS^T diag = [8] (always n-1=8)
        SS^T off-diag histogram = {-5: 2, -3: 2, -1: 34, 1: 30, 3: 4}
        ||SS^T - (9I-J)||_F^2 = 224   (0 would mean DRT; impossible at n=9)
        SS^T =
            8  -1  -1  -1   1   1   1  -1   1
           -1   8   1   1  -5  -1  -1   1  -1
           -1   1   8   1  -1  -1  -1   1  -1
           -1   1   1   8   3  -1  -1   1  -1
            1  -5  -1   3   8   1  -3   3   1
            1  -1  -1  -1   1   8   1  -1   1
            1  -1  -1  -1  -3   1   8  -1   1
           -1   1   1   1   3  -1  -1   8  -1
            1  -1  -1  -1   1   1   1  -1   8
        upper-triangle arc bits (gentourng line) = 110011111110011111110101111101101101
    --- maximizer #78: class index 114378 (gentourng order) ---
        det(I+S) = 8192 (exact Bareiss verified), d = 32
        score sequence = (1, 3, 3, 4, 4, 5, 5, 5, 6)   regular = False
        H(T) = 1365
        SS^T diag = [8] (always n-1=8)
        SS^T off-diag histogram = {-5: 2, -3: 2, -1: 30, 1: 34, 3: 4}
        ||SS^T - (9I-J)||_F^2 = 240   (0 would mean DRT; impossible at n=9)
        SS^T =
            8  -1  -1  -3   1   3   3  -1  -5
           -1   8   1  -1  -1   1   1   1   1
           -1   1   8  -1  -1   1   1   1   1
           -3  -1  -1   8   1  -1  -1  -1  -1
            1  -1  -1   1   8  -1  -1  -1  -1
            3   1   1  -1  -1   8   1   1   1
            3   1   1  -1  -1   1   8   1   1
           -1   1   1  -1  -1   1   1   8   1
           -5   1   1  -1  -1   1   1   1   8
        upper-triangle arc bits (gentourng line) = 110011111110101111011101101101111111
    --- maximizer #79: class index 114386 (gentourng order) ---
        det(I+S) = 8192 (exact Bareiss verified), d = 32
        score sequence = (2, 3, 3, 4, 4, 5, 5, 5, 5)   regular = False
        H(T) = 2275
        SS^T diag = [8] (always n-1=8)
        SS^T off-diag histogram = {-5: 2, -3: 6, -1: 34, 1: 30}
        ||SS^T - (9I-J)||_F^2 = 176   (0 would mean DRT; impossible at n=9)
        SS^T =
            8  -3  -3  -1  -1   1   1  -3  -5
           -3   8   1  -1  -1   1   1   1  -1
           -3   1   8  -1  -1   1   1   1  -1
           -1  -1  -1   8   1  -1  -1  -1   1
           -1  -1  -1   1   8  -1  -1  -1   1
            1   1   1  -1  -1   8   1   1  -1
            1   1   1  -1  -1   1   8   1  -1
           -3   1   1  -1  -1   1   1   8  -1
           -5  -1  -1   1   1  -1  -1  -1   8
        upper-triangle arc bits (gentourng line) = 110011101110101111011101101101111111
    --- maximizer #80: class index 114403 (gentourng order) ---
        det(I+S) = 8192 (exact Bareiss verified), d = 32
        score sequence = (2, 2, 3, 4, 4, 5, 5, 5, 6)   regular = False
        H(T) = 1655
        SS^T diag = [8] (always n-1=8)
        SS^T off-diag histogram = {-3: 4, -1: 38, 1: 26, 3: 2, 5: 2}
        ||SS^T - (9I-J)||_F^2 = 224   (0 would mean DRT; impossible at n=9)
        SS^T =
            8  -1  -1  -1   1   1   1  -1   1
           -1   8   1   1  -1  -1  -1   1  -1
           -1   1   8   1  -1  -1  -1   1  -1
           -1   1   1   8   3  -1  -1   1  -1
            1  -1  -1   3   8  -3  -3  -1   5
            1  -1  -1  -1  -3   8   1  -1   1
            1  -1  -1  -1  -3   1   8  -1   1
           -1   1   1   1  -1  -1  -1   8  -1
            1  -1  -1  -1   5   1   1  -1   8
        upper-triangle arc bits (gentourng line) = 110011111110101111011101111101110101
    --- maximizer #81: class index 115594 (gentourng order) ---
        det(I+S) = 8192 (exact Bareiss verified), d = 32
        score sequence = (2, 2, 2, 4, 5, 5, 5, 5, 6)   regular = False
        H(T) = 1311
        SS^T diag = [8] (always n-1=8)
        SS^T off-diag histogram = {-3: 2, -1: 36, 1: 28, 3: 4, 5: 2}
        ||SS^T - (9I-J)||_F^2 = 256   (0 would mean DRT; impossible at n=9)
        SS^T =
            8  -1  -1  -1   3   1   1   1   1
           -1   8   1   1  -3  -1  -1  -1  -1
           -1   1   8   1   1  -1  -1  -1  -1
           -1   1   1   8   5  -1  -1  -1  -1
            3  -3   1   5   8  -1   3  -1  -1
            1  -1  -1  -1  -1   8   1   1   1
            1  -1  -1  -1   3   1   8   1   1
            1  -1  -1  -1  -1   1   1   8   1
            1  -1  -1  -1  -1   1   1   1   8
        upper-triangle arc bits (gentourng line) = 110011111110110111101101111111011101
    --- maximizer #82: class index 115954 (gentourng order) ---
        det(I+S) = 8192 (exact Bareiss verified), d = 32
        score sequence = (2, 2, 3, 4, 4, 5, 5, 5, 6)   regular = False
        H(T) = 1661
        SS^T diag = [8] (always n-1=8)
        SS^T off-diag histogram = {-5: 2, -3: 2, -1: 34, 1: 30, 3: 4}
        ||SS^T - (9I-J)||_F^2 = 224   (0 would mean DRT; impossible at n=9)
        SS^T =
            8  -1  -1  -1   1   1   1  -1   1
           -1   8   1   1  -5  -1  -1   1  -1
           -1   1   8   1   3  -1  -1   1  -1
           -1   1   1   8   3  -1  -1   1  -1
            1  -5   3   3   8  -3   1  -1   1
            1  -1  -1  -1  -3   8   1  -1   1
            1  -1  -1  -1   1   1   8  -1   1
           -1   1   1   1  -1  -1  -1   8  -1
            1  -1  -1  -1   1   1   1  -1   8
        upper-triangle arc bits (gentourng line) = 110011111110110111101101111101011101
    --- maximizer #83: class index 117038 (gentourng order) ---
        det(I+S) = 8192 (exact Bareiss verified), d = 32
        score sequence = (1, 3, 4, 4, 4, 5, 5, 5, 5)   regular = False
        H(T) = 1647
        SS^T diag = [8] (always n-1=8)
        SS^T off-diag histogram = {-5: 2, -3: 4, -1: 32, 1: 32, 3: 2}
        ||SS^T - (9I-J)||_F^2 = 208   (0 would mean DRT; impossible at n=9)
        SS^T =
            8  -3   1  -5  -1   1   3   1  -3
           -3   8   1  -1  -1   1  -1   1   1
            1   1   8  -1  -1   1  -1   1   1
           -5  -1  -1   8   1  -1   1  -1  -1
           -1  -1  -1   1   8  -1   1  -1  -1
            1   1   1  -1  -1   8  -1   1   1
            3  -1  -1   1   1  -1   8  -1  -1
            1   1   1  -1  -1   1  -1   8   1
           -3   1   1  -1  -1   1  -1   1   8
        upper-triangle arc bits (gentourng line) = 110010111110101111011101101101111111
    --- maximizer #84: class index 117046 (gentourng order) ---
        det(I+S) = 8192 (exact Bareiss verified), d = 32
        score sequence = (2, 3, 4, 4, 4, 4, 5, 5, 5)   regular = False
        H(T) = 2387
        SS^T diag = [8] (always n-1=8)
        SS^T off-diag histogram = {-5: 2, -3: 6, -1: 38, 1: 26}
        ||SS^T - (9I-J)||_F^2 = 160   (0 would mean DRT; impossible at n=9)
        SS^T =
            8  -5  -1  -3  -3  -1   1  -1  -3
           -5   8   1  -1  -1   1  -1   1  -1
           -1   1   8  -1  -1   1  -1   1  -1
           -3  -1  -1   8   1  -1   1  -1   1
           -3  -1  -1   1   8  -1   1  -1   1
           -1   1   1  -1  -1   8  -1   1  -1
            1  -1  -1   1   1  -1   8  -1   1
           -1   1   1  -1  -1   1  -1   8  -1
           -3  -1  -1   1   1  -1   1  -1   8
        upper-triangle arc bits (gentourng line) = 110010101110101111011101101101111111
    --- maximizer #85: class index 121266 (gentourng order) ---
        det(I+S) = 8192 (exact Bareiss verified), d = 32
        score sequence = (2, 2, 3, 4, 4, 5, 5, 5, 6)   regular = False
        H(T) = 1737
        SS^T diag = [8] (always n-1=8)
        SS^T off-diag histogram = {-5: 2, -3: 2, -1: 34, 1: 30, 3: 4}
        ||SS^T - (9I-J)||_F^2 = 224   (0 would mean DRT; impossible at n=9)
        SS^T =
            8  -1  -1  -1   1   1   1  -1   1
           -1   8   1  -3  -1  -1  -1   1  -1
           -1   1   8   1  -1  -1  -1   1  -1
           -1  -3   1   8   3   3  -5   1  -1
            1  -1  -1   3   8   1   1  -1   1
            1  -1  -1   3   1   8   1  -1   1
            1  -1  -1  -5   1   1   8  -1   1
           -1   1   1   1  -1  -1  -1   8  -1
            1  -1  -1  -1   1   1   1  -1   8
        upper-triangle arc bits (gentourng line) = 110101111101011111110111011101111101
    --- maximizer #86: class index 121373 (gentourng order) ---
        det(I+S) = 8192 (exact Bareiss verified), d = 32
        score sequence = (2, 2, 2, 4, 4, 5, 5, 6, 6)   regular = False
        H(T) = 1197
        SS^T diag = [8] (always n-1=8)
        SS^T off-diag histogram = {-3: 4, -1: 26, 1: 38, 3: 2, 5: 2}
        ||SS^T - (9I-J)||_F^2 = 272   (0 would mean DRT; impossible at n=9)
        SS^T =
            8  -1  -1   1   1   1   1   1   1
           -1   8   1  -1  -1  -1  -1  -1  -1
           -1   1   8   3  -1  -1  -1  -1  -1
            1  -1   3   8   1   5  -3  -3   1
            1  -1  -1   1   8   1   1   1   1
            1  -1  -1   5   1   8   1   1   1
            1  -1  -1  -3   1   1   8   1   1
            1  -1  -1  -3   1   1   1   8   1
            1  -1  -1   1   1   1   1   1   8
        upper-triangle arc bits (gentourng line) = 110101111101101111011111111110111101
    --- maximizer #87: class index 121595 (gentourng order) ---
        det(I+S) = 8192 (exact Bareiss verified), d = 32
        score sequence = (2, 2, 3, 4, 4, 5, 5, 5, 6)   regular = False
        H(T) = 1673
        SS^T diag = [8] (always n-1=8)
        SS^T off-diag histogram = {-5: 2, -3: 2, -1: 34, 1: 30, 3: 4}
        ||SS^T - (9I-J)||_F^2 = 224   (0 would mean DRT; impossible at n=9)
        SS^T =
            8  -1  -1  -1   1   1   1  -1   1
           -1   8   1   1  -1  -1  -1   1  -1
           -1   1   8   1  -1  -1  -1   1  -1
           -1   1   1   8  -1   3  -5  -3   3
            1  -1  -1  -1   8   1   1  -1   1
            1  -1  -1   3   1   8   1  -1   1
            1  -1  -1  -5   1   1   8  -1   1
           -1   1   1  -3  -1  -1  -1   8  -1
            1  -1  -1   3   1   1   1  -1   8
        upper-triangle arc bits (gentourng line) = 110101111101101111011111011110111101
    --- maximizer #88: class index 122312 (gentourng order) ---
        det(I+S) = 8192 (exact Bareiss verified), d = 32
        score sequence = (1, 3, 3, 3, 4, 5, 5, 6, 6)   regular = False
        H(T) = 1173
        SS^T diag = [8] (always n-1=8)
        SS^T off-diag histogram = {-5: 2, -1: 28, 1: 36, 3: 6}
        ||SS^T - (9I-J)||_F^2 = 272   (0 would mean DRT; impossible at n=9)
        SS^T =
            8   1  -1  -1   1  -1  -1  -1  -1
            1   8   3  -1   1  -1   3   3  -5
           -1   3   8   1  -1   1   1   1   1
           -1  -1   1   8  -1   1   1   1   1
            1   1  -1  -1   8  -1  -1  -1  -1
           -1  -1   1   1  -1   8   1   1   1
           -1   3   1   1  -1   1   8   1   1
           -1   3   1   1  -1   1   1   8   1
           -1  -5   1   1  -1   1   1   1   8
        upper-triangle arc bits (gentourng line) = 110101111101111111101110111110101111
    --- maximizer #89: class index 122323 (gentourng order) ---
        det(I+S) = 8192 (exact Bareiss verified), d = 32
        score sequence = (2, 3, 3, 3, 4, 5, 5, 5, 6)   regular = False
        H(T) = 1985
        SS^T diag = [8] (always n-1=8)
        SS^T off-diag histogram = {-5: 2, -3: 4, -1: 32, 1: 32, 3: 2}
        ||SS^T - (9I-J)||_F^2 = 208   (0 would mean DRT; impossible at n=9)
        SS^T =
            8  -1  -1  -1   1  -1  -1  -1   1
           -1   8   1  -3   3  -3   1   1  -5
           -1   1   8   1  -1   1   1   1  -1
           -1  -3   1   8  -1   1   1   1  -1
            1   3  -1  -1   8  -1  -1  -1   1
           -1  -3   1   1  -1   8   1   1  -1
           -1   1   1   1  -1   1   8   1  -1
           -1   1   1   1  -1   1   1   8  -1
            1  -5  -1  -1   1  -1  -1  -1   8
        upper-triangle arc bits (gentourng line) = 110101111101110111101110111110101111
    --- maximizer #90: class index 122648 (gentourng order) ---
        det(I+S) = 8192 (exact Bareiss verified), d = 32
        score sequence = (2, 2, 3, 4, 4, 5, 5, 5, 6)   regular = False
        H(T) = 1679
        SS^T diag = [8] (always n-1=8)
        SS^T off-diag histogram = {-3: 4, -1: 38, 1: 26, 3: 2, 5: 2}
        ||SS^T - (9I-J)||_F^2 = 224   (0 would mean DRT; impossible at n=9)
        SS^T =
            8  -1  -1  -1   1   1   1  -1   1
           -1   8   1  -3  -1  -1  -1   1  -1
           -1   1   8   5  -1  -1  -1   1  -1
           -1  -3   5   8  -1   3  -1  -3  -1
            1  -1  -1  -1   8   1   1  -1   1
            1  -1  -1   3   1   8   1  -1   1
            1  -1  -1  -1   1   1   8  -1   1
           -1   1   1  -3  -1  -1  -1   8  -1
            1  -1  -1  -1   1   1   1  -1   8
        upper-triangle arc bits (gentourng line) = 110101111101110111101111011011111101
    --- maximizer #91: class index 125951 (gentourng order) ---
        det(I+S) = 8192 (exact Bareiss verified), d = 32
        score sequence = (2, 3, 3, 4, 4, 4, 5, 5, 6)   regular = False
        H(T) = 2073
        SS^T diag = [8] (always n-1=8)
        SS^T off-diag histogram = {-5: 2, -3: 4, -1: 36, 1: 28, 3: 2}
        ||SS^T - (9I-J)||_F^2 = 192   (0 would mean DRT; impossible at n=9)
        SS^T =
            8  -1  -1  -3   1   1  -1  -1   1
           -1   8   1  -1  -1  -1   1   1  -1
           -1   1   8  -1  -1  -1   1   1  -1
           -3  -1  -1   8   1   1  -5   3  -3
            1  -1  -1   1   8   1  -1  -1   1
            1  -1  -1   1   1   8  -1  -1   1
           -1   1   1  -5  -1  -1   8   1  -1
           -1   1   1   3  -1  -1   1   8  -1
            1  -1  -1  -3   1   1  -1  -1   8
        upper-triangle arc bits (gentourng line) = 110101111101011111110110011101111101
    --- maximizer #92: class index 126374 (gentourng order) ---
        det(I+S) = 8192 (exact Bareiss verified), d = 32
        score sequence = (2, 3, 3, 4, 4, 4, 5, 5, 6)   regular = False
        H(T) = 2015
        SS^T diag = [8] (always n-1=8)
        SS^T off-diag histogram = {-5: 2, -3: 4, -1: 36, 1: 28, 3: 2}
        ||SS^T - (9I-J)||_F^2 = 192   (0 would mean DRT; impossible at n=9)
        SS^T =
            8  -1  -1  -3   1   1  -1  -1   1
           -1   8   1  -1  -1  -1   1   1  -1
           -1   1   8   3  -1  -1   1   1  -1
           -3  -1   3   8  -3   1  -5  -1   1
            1  -1  -1  -3   8   1  -1  -1   1
            1  -1  -1   1   1   8  -1  -1   1
           -1   1   1  -5  -1  -1   8   1  -1
           -1   1   1  -1  -1  -1   1   8  -1
            1  -1  -1   1   1   1  -1  -1   8
        upper-triangle arc bits (gentourng line) = 110101111101101111011110011110111101
    --- maximizer #93: class index 129968 (gentourng order) ---
        det(I+S) = 8192 (exact Bareiss verified), d = 32
        score sequence = (0, 4, 4, 4, 4, 5, 5, 5, 5)   regular = False
        H(T) = 657
        SS^T diag = [8] (always n-1=8)
        SS^T off-diag histogram = {-1: 38, 1: 32, 7: 2}
        ||SS^T - (9I-J)||_F^2 = 256   (0 would mean DRT; impossible at n=9)
        SS^T =
            8  -1   1   1   1  -1  -1  -1  -1
           -1   8  -1  -1  -1   1   1   1   1
            1  -1   8   1   1  -1  -1  -1  -1
            1  -1   1   8   1  -1  -1  -1  -1
            1  -1   1   1   8   7  -1  -1  -1
           -1   1  -1  -1   7   8   1   1   1
           -1   1  -1  -1  -1   1   8   1   1
           -1   1  -1  -1  -1   1   1   8   1
           -1   1  -1  -1  -1   1   1   1   8
        upper-triangle arc bits (gentourng line) = 110110011100101111011111011111111111
    --- maximizer #94: class index 129971 (gentourng order) ---
        det(I+S) = 8192 (exact Bareiss verified), d = 32
        score sequence = (1, 4, 4, 4, 4, 4, 5, 5, 5)   regular = False
        H(T) = 1809
        SS^T diag = [8] (always n-1=8)
        SS^T off-diag histogram = {-3: 6, -1: 40, 1: 24, 5: 2}
        ||SS^T - (9I-J)||_F^2 = 192   (0 would mean DRT; impossible at n=9)
        SS^T =
            8  -1   1   1  -1  -1  -1  -1   1
           -1   8  -1  -1  -3   1   1   1  -1
            1  -1   8   1  -1  -1  -1  -1   1
            1  -1   1   8  -1  -1  -1  -1   1
           -1  -3  -1  -1   8   5  -3  -3  -1
           -1   1  -1  -1   5   8   1   1  -1
           -1   1  -1  -1  -3   1   8   1  -1
           -1   1  -1  -1  -3   1   1   8  -1
            1  -1   1   1  -1  -1  -1  -1   8
        upper-triangle arc bits (gentourng line) = 110110011100101111011111011110111111
    --- maximizer #95: class index 129972 (gentourng order) ---
        det(I+S) = 8192 (exact Bareiss verified), d = 32
        score sequence = (1, 3, 4, 4, 4, 5, 5, 5, 5)   regular = False
        H(T) = 1521
        SS^T diag = [8] (always n-1=8)
        SS^T off-diag histogram = {-3: 6, -1: 36, 1: 28, 5: 2}
        ||SS^T - (9I-J)||_F^2 = 208   (0 would mean DRT; impossible at n=9)
        SS^T =
            8  -1   1   1   1  -3  -1  -1   1
           -1   8  -1  -1  -1  -1   1   1  -1
            1  -1   8   1   1  -3  -1  -1   1
            1  -1   1   8   1  -3  -1  -1   1
            1  -1   1   1   8   5  -1  -1   1
           -3  -1  -3  -3   5   8  -1  -1   1
           -1   1  -1  -1  -1  -1   8   1  -1
           -1   1  -1  -1  -1  -1   1   8  -1
            1  -1   1   1   1   1  -1  -1   8
        upper-triangle arc bits (gentourng line) = 110110011100101111011111011111110111
    --- maximizer #96: class index 132479 (gentourng order) ---
        det(I+S) = 8192 (exact Bareiss verified), d = 32
        score sequence = (1, 3, 3, 3, 4, 5, 5, 6, 6)   regular = False
        H(T) = 1053
        SS^T diag = [8] (always n-1=8)
        SS^T off-diag histogram = {-3: 2, -1: 32, 1: 32, 3: 4, 5: 2}
        ||SS^T - (9I-J)||_F^2 = 272   (0 would mean DRT; impossible at n=9)
        SS^T =
            8  -1   1   1   3  -1  -1  -1  -1
           -1   8  -1  -1   1   1   1   1   1
            1  -1   8   1  -1  -1  -1  -1  -1
            1  -1   1   8   3  -1  -1  -1  -1
            3   1  -1   3   8   1   5  -3   1
           -1   1  -1  -1   1   8   1   1   1
           -1   1  -1  -1   5   1   8   1   1
           -1   1  -1  -1  -3   1   1   8   1
           -1   1  -1  -1   1   1   1   1   8
        upper-triangle arc bits (gentourng line) = 110111011101011110101111111111110111
    --- maximizer #97: class index 132496 (gentourng order) ---
        det(I+S) = 8192 (exact Bareiss verified), d = 32
        score sequence = (2, 3, 3, 3, 4, 4, 5, 6, 6)   regular = False
        H(T) = 1661
        SS^T diag = [8] (always n-1=8)
        SS^T off-diag histogram = {-5: 2, -3: 2, -1: 34, 1: 30, 3: 4}
        ||SS^T - (9I-J)||_F^2 = 224   (0 would mean DRT; impossible at n=9)
        SS^T =
            8  -1   1   1   1  -1  -1  -1   1
           -1   8  -1  -1  -1   1   1   1  -1
            1  -1   8   1  -3  -1  -1  -1   1
            1  -1   1   8   1  -1  -1  -1   1
            1  -1  -3   1   8   3   3  -5   1
           -1   1  -1  -1   3   8   1   1  -1
           -1   1  -1  -1   3   1   8   1  -1
           -1   1  -1  -1  -5   1   1   8  -1
            1  -1   1   1   1  -1  -1  -1   8
        upper-triangle arc bits (gentourng line) = 110111011101011110101111111110110111
    --- maximizer #98: class index 134295 (gentourng order) ---
        det(I+S) = 8192 (exact Bareiss verified), d = 32
        score sequence = (2, 3, 3, 4, 4, 4, 5, 5, 6)   regular = False
        H(T) = 2011
        SS^T diag = [8] (always n-1=8)
        SS^T off-diag histogram = {-5: 2, -3: 4, -1: 36, 1: 28, 3: 2}
        ||SS^T - (9I-J)||_F^2 = 192   (0 would mean DRT; impossible at n=9)
        SS^T =
            8   1  -5  -1  -1   1  -1   1  -1
            1   8  -1  -1  -1   1  -1   1  -1
           -5  -1   8   1   1  -1  -3   3  -3
           -1  -1   1   8   1  -1   1  -1   1
           -1  -1   1   1   8  -1   1  -1   1
            1   1  -1  -1  -1   8  -1   1  -1
           -1  -1  -3   1   1  -1   8  -1   1
            1   1   3  -1  -1   1  -1   8  -1
           -1  -1  -3   1   1  -1   1  -1   8
        upper-triangle arc bits (gentourng line) = 110110101101011110101111111101110111
    --- maximizer #99: class index 134313 (gentourng order) ---
        det(I+S) = 8192 (exact Bareiss verified), d = 32
        score sequence = (3, 3, 3, 3, 4, 4, 5, 5, 6)   regular = False
        H(T) = 2219
        SS^T diag = [8] (always n-1=8)
        SS^T off-diag histogram = {-5: 2, -3: 6, -1: 34, 1: 30}
        ||SS^T - (9I-J)||_F^2 = 176   (0 would mean DRT; impossible at n=9)
        SS^T =
            8   1  -3  -1  -1   1  -1   1   1
            1   8  -3  -1  -1   1  -1   1   1
           -3  -3   8  -1  -1   1  -5   1  -3
           -1  -1  -1   8   1  -1   1  -1  -1
           -1  -1  -1   1   8  -1   1  -1  -1
            1   1   1  -1  -1   8  -1   1   1
           -1  -1  -5   1   1  -1   8  -1  -1
            1   1   1  -1  -1   1  -1   8   1
            1   1  -3  -1  -1   1  -1   1   8
        upper-triangle arc bits (gentourng line) = 110110101101011110100111111101110111
    --- maximizer #100: class index 137680 (gentourng order) ---
        det(I+S) = 8192 (exact Bareiss verified), d = 32
        score sequence = (1, 3, 3, 3, 4, 5, 5, 5, 7)   regular = False
        H(T) = 849
        SS^T diag = [8] (always n-1=8)
        SS^T off-diag histogram = {-3: 6, -1: 16, 1: 48, 5: 2}
        ||SS^T - (9I-J)||_F^2 = 288   (0 would mean DRT; impossible at n=9)
        SS^T =
            8   1   1  -1   5  -3   1  -3  -3
            1   8   1  -1   1   1   1   1   1
            1   1   8  -1   1   1   1   1   1
           -1  -1  -1   8  -1  -1  -1  -1  -1
            5   1   1  -1   8   1   1   1   1
           -3   1   1  -1   1   8   1   1   1
            1   1   1  -1   1   1   8   1   1
           -3   1   1  -1   1   1   1   8   1
           -3   1   1  -1   1   1   1   1   8
        upper-triangle arc bits (gentourng line) = 110111111101101111011101011111110111
    --- maximizer #101: class index 137693 (gentourng order) ---
        det(I+S) = 8192 (exact Bareiss verified), d = 32
        score sequence = (2, 3, 3, 3, 4, 5, 5, 5, 6)   regular = False
        H(T) = 1993
        SS^T diag = [8] (always n-1=8)
        SS^T off-diag histogram = {-5: 2, -3: 4, -1: 32, 1: 32, 3: 2}
        ||SS^T - (9I-J)||_F^2 = 208   (0 would mean DRT; impossible at n=9)
        SS^T =
            8  -1  -1  -3   3  -1  -1  -5  -3
           -1   8   1  -1   1   1   1   1  -1
           -1   1   8  -1   1   1   1   1  -1
           -3  -1  -1   8  -1  -1  -1  -1   1
            3   1   1  -1   8   1   1   1  -1
           -1   1   1  -1   1   8   1   1  -1
           -1   1   1  -1   1   1   8   1  -1
           -5   1   1  -1   1   1   1   8  -1
           -3  -1  -1   1  -1  -1  -1  -1   8
        upper-triangle arc bits (gentourng line) = 110111101101101111011101011111110111
    --- maximizer #102: class index 139527 (gentourng order) ---
        det(I+S) = 8192 (exact Bareiss verified), d = 32
        score sequence = (1, 3, 3, 4, 4, 5, 5, 5, 6)   regular = False
        H(T) = 1245
        SS^T diag = [8] (always n-1=8)
        SS^T off-diag histogram = {-5: 2, -3: 2, -1: 30, 1: 34, 3: 4}
        ||SS^T - (9I-J)||_F^2 = 240   (0 would mean DRT; impossible at n=9)
        SS^T =
            8  -1   3  -3   3  -5   1  -1  -1
           -1   8   1  -1   1   1  -1   1   1
            3   1   8  -1   1   1  -1   1   1
           -3  -1  -1   8  -1  -1   1  -1  -1
            3   1   1  -1   8   1  -1   1   1
           -5   1   1  -1   1   8  -1   1   1
            1  -1  -1   1  -1  -1   8  -1  -1
           -1   1   1  -1   1   1  -1   8   1
           -1   1   1  -1   1   1  -1   1   8
        upper-triangle arc bits (gentourng line) = 110110111101101111011101011111110111
    --- maximizer #103: class index 139540 (gentourng order) ---
        det(I+S) = 8192 (exact Bareiss verified), d = 32
        score sequence = (2, 3, 3, 4, 4, 5, 5, 5, 5)   regular = False
        H(T) = 2219
        SS^T diag = [8] (always n-1=8)
        SS^T off-diag histogram = {-5: 2, -3: 6, -1: 34, 1: 30}
        ||SS^T - (9I-J)||_F^2 = 176   (0 would mean DRT; impossible at n=9)
        SS^T =
            8  -3   1  -5   1  -3  -1  -3  -1
           -3   8   1  -1   1   1  -1   1  -1
            1   1   8  -1   1   1  -1   1  -1
           -5  -1  -1   8  -1  -1   1  -1   1
            1   1   1  -1   8   1  -1   1  -1
           -3   1   1  -1   1   8  -1   1  -1
           -1  -1  -1   1  -1  -1   8  -1   1
           -3   1   1  -1   1   1  -1   8  -1
           -1  -1  -1   1  -1  -1   1  -1   8
        upper-triangle arc bits (gentourng line) = 110110101101101111011101011111110111
    --- maximizer #104: class index 139915 (gentourng order) ---
        det(I+S) = 8192 (exact Bareiss verified), d = 32
        score sequence = (0, 4, 4, 4, 4, 5, 5, 5, 5)   regular = False
        H(T) = 657
        SS^T diag = [8] (always n-1=8)
        SS^T off-diag histogram = {-5: 2, -1: 32, 1: 32, 3: 6}
        ||SS^T - (9I-J)||_F^2 = 256   (0 would mean DRT; impossible at n=9)
        SS^T =
            8   1   1  -1   1  -5  -1  -1  -1
            1   8   1  -1   1   3  -1  -1  -1
            1   1   8  -1   1   3  -1  -1  -1
           -1  -1  -1   8  -1   1   1   1   1
            1   1   1  -1   8   3  -1  -1  -1
           -5   3   3   1   3   8   1   1   1
           -1  -1  -1   1  -1   1   8   1   1
           -1  -1  -1   1  -1   1   1   8   1
           -1  -1  -1   1  -1   1   1   1   8
        upper-triangle arc bits (gentourng line) = 110110011101101111011101011111111111
    --- maximizer #105: class index 139919 (gentourng order) ---
        det(I+S) = 8192 (exact Bareiss verified), d = 32
        score sequence = (1, 3, 4, 4, 4, 5, 5, 5, 5)   regular = False
        H(T) = 1521
        SS^T diag = [8] (always n-1=8)
        SS^T off-diag histogram = {-7: 2, -1: 36, 1: 34}
        ||SS^T - (9I-J)||_F^2 = 208   (0 would mean DRT; impossible at n=9)
        SS^T =
            8   1   1  -1   1  -7  -1  -1   1
            1   8   1  -1   1   1  -1  -1   1
            1   1   8  -1   1   1  -1  -1   1
           -1  -1  -1   8  -1  -1   1   1  -1
            1   1   1  -1   8   1  -1  -1   1
           -7   1   1  -1   1   8  -1  -1   1
           -1  -1  -1   1  -1  -1   8   1  -1
           -1  -1  -1   1  -1  -1   1   8  -1
            1   1   1  -1   1   1  -1  -1   8
        upper-triangle arc bits (gentourng line) = 110110011101101111011101011111110111
    --- maximizer #106: class index 139926 (gentourng order) ---
        det(I+S) = 8192 (exact Bareiss verified), d = 32
        score sequence = (2, 3, 4, 4, 4, 4, 5, 5, 5)   regular = False
        H(T) = 2325
        SS^T diag = [8] (always n-1=8)
        SS^T off-diag histogram = {-5: 2, -3: 6, -1: 38, 1: 26}
        ||SS^T - (9I-J)||_F^2 = 160   (0 would mean DRT; impossible at n=9)
        SS^T =
            8  -1  -1  -3  -1  -5  -3  -3   1
           -1   8   1  -1   1   1  -1  -1  -1
           -1   1   8  -1   1   1  -1  -1  -1
           -3  -1  -1   8  -1  -1   1   1   1
           -1   1   1  -1   8   1  -1  -1  -1
           -5   1   1  -1   1   8  -1  -1  -1
           -3  -1  -1   1  -1  -1   8   1   1
           -3  -1  -1   1  -1  -1   1   8   1
            1  -1  -1   1  -1  -1   1   1   8
        upper-triangle arc bits (gentourng line) = 110110001101101111011101011111110111
    --- maximizer #107: class index 140488 (gentourng order) ---
        det(I+S) = 8192 (exact Bareiss verified), d = 32
        score sequence = (3, 3, 3, 3, 4, 4, 4, 5, 7)   regular = False
        H(T) = 1521
        SS^T diag = [8] (always n-1=8)
        SS^T off-diag histogram = {-5: 2, -3: 4, -1: 32, 1: 32, 3: 2}
        ||SS^T - (9I-J)||_F^2 = 208   (0 would mean DRT; impossible at n=9)
        SS^T =
            8  -1  -1   1   1  -1   1   1   1
           -1   8   1  -5  -1   1  -1  -1  -1
           -1   1   8  -1  -1   1  -1  -1  -1
            1  -5  -1   8  -3   3  -3   1   1
            1  -1  -1  -3   8  -1   1   1   1
           -1   1   1   3  -1   8  -1  -1  -1
            1  -1  -1  -3   1  -1   8   1   1
            1  -1  -1   1   1  -1   1   8   1
            1  -1  -1   1   1  -1   1   1   8
        upper-triangle arc bits (gentourng line) = 110111111101001111010101111100111101
    --- maximizer #108: class index 143169 (gentourng order) ---
        det(I+S) = 8192 (exact Bareiss verified), d = 32
        score sequence = (0, 1, 5, 5, 5, 5, 5, 5, 5)   regular = False
        H(T) = 189
        SS^T diag = [8] (always n-1=8)
        SS^T off-diag histogram = {-1: 14, 1: 56, 7: 2}
        ||SS^T - (9I-J)||_F^2 = 352   (0 would mean DRT; impossible at n=9)
        SS^T =
            8   1   1   1   1   1   1   1  -1
            1   8   1   1   1   1   1   1  -1
            1   1   8   1   1   1   1   1  -1
            1   1   1   8   1   1   1   1  -1
            1   1   1   1   8   1   1   1  -1
            1   1   1   1   1   8   1   1  -1
            1   1   1   1   1   1   8   1  -1
            1   1   1   1   1   1   1   8   7
           -1  -1  -1  -1  -1  -1  -1   7   8
        upper-triangle arc bits (gentourng line) = 110100111101011110111110111111111111
    --- maximizer #109: class index 143170 (gentourng order) ---
        det(I+S) = 8192 (exact Bareiss verified), d = 32
        score sequence = (0, 2, 4, 5, 5, 5, 5, 5, 5)   regular = False
        H(T) = 423
        SS^T diag = [8] (always n-1=8)
        SS^T off-diag histogram = {-1: 30, 1: 34, 3: 6, 5: 2}
        ||SS^T - (9I-J)||_F^2 = 304   (0 would mean DRT; impossible at n=9)
        SS^T =
            8  -1  -1  -1  -1  -1  -1   1   1
           -1   8   1   1   1   1   1  -1  -1
           -1   1   8   1   1   1   1  -1  -1
           -1   1   1   8   1   1   1   3  -1
           -1   1   1   1   8   1   1  -1  -1
           -1   1   1   1   1   8   1   3  -1
           -1   1   1   1   1   1   8   3  -1
            1  -1  -1   3  -1   3   3   8   5
            1  -1  -1  -1  -1  -1  -1   5   8
        upper-triangle arc bits (gentourng line) = 110100011101011110111110111111111111
    --- maximizer #110: class index 143174 (gentourng order) ---
        det(I+S) = 8192 (exact Bareiss verified), d = 32
        score sequence = (1, 1, 4, 5, 5, 5, 5, 5, 5)   regular = False
        H(T) = 711
        SS^T diag = [8] (always n-1=8)
        SS^T off-diag histogram = {-3: 6, -1: 16, 1: 48, 5: 2}
        ||SS^T - (9I-J)||_F^2 = 288   (0 would mean DRT; impossible at n=9)
        SS^T =
            8  -1  -1  -1  -1  -1  -1  -1  -1
           -1   8   1   1   1   1   1  -3   1
           -1   1   8   1   1   1   1  -3   1
           -1   1   1   8   1   1   1   1   1
           -1   1   1   1   8   1   1  -3   1
           -1   1   1   1   1   8   1   1   1
           -1   1   1   1   1   1   8   1   1
           -1  -3  -3   1  -3   1   1   8   5
           -1   1   1   1   1   1   1   5   8
        upper-triangle arc bits (gentourng line) = 110100011101011110111110111111111110
    --- maximizer #111: class index 143175 (gentourng order) ---
        det(I+S) = 8192 (exact Bareiss verified), d = 32
        score sequence = (0, 3, 4, 4, 5, 5, 5, 5, 5)   regular = False
        H(T) = 579
        SS^T diag = [8] (always n-1=8)
        SS^T off-diag histogram = {-3: 2, -1: 32, 1: 32, 3: 4, 5: 2}
        ||SS^T - (9I-J)||_F^2 = 272   (0 would mean DRT; impossible at n=9)
        SS^T =
            8   1  -1  -1  -1  -1  -1   3   1
            1   8  -1  -1  -1  -1  -1  -1   1
           -1  -1   8   1   1   1   1  -3  -1
           -1  -1   1   8   1   1   1   1  -1
           -1  -1   1   1   8   1   1   1  -1
           -1  -1   1   1   1   8   1   1  -1
           -1  -1   1   1   1   1   8   5  -1
            3  -1  -3   1   1   1   5   8   3
            1   1  -1  -1  -1  -1  -1   3   8
        upper-triangle arc bits (gentourng line) = 110100011101001110111110111111111111
    --- maximizer #112: class index 143183 (gentourng order) ---
        det(I+S) = 8192 (exact Bareiss verified), d = 32
        score sequence = (1, 2, 4, 4, 5, 5, 5, 5, 5)   regular = False
        H(T) = 1155
        SS^T diag = [8] (always n-1=8)
        SS^T off-diag histogram = {-5: 2, -3: 2, -1: 30, 1: 34, 3: 4}
        ||SS^T - (9I-J)||_F^2 = 240   (0 would mean DRT; impossible at n=9)
        SS^T =
            8   1  -1  -1  -1  -1  -1   1  -1
            1   8  -1  -1  -1  -1  -1  -3  -1
           -1  -1   8   1   1   1   1  -5   1
           -1  -1   1   8   1   1   1  -1   1
           -1  -1   1   1   8   1   1  -1   1
           -1  -1   1   1   1   8   1  -1   1
           -1  -1   1   1   1   1   8   3   1
            1  -3  -5  -1  -1  -1   3   8   3
           -1  -1   1   1   1   1   1   3   8
        upper-triangle arc bits (gentourng line) = 110100011101001110111110111111111110
    --- maximizer #113: class index 145805 (gentourng order) ---
        det(I+S) = 8192 (exact Bareiss verified), d = 32
        score sequence = (1, 3, 3, 3, 4, 5, 5, 6, 6)   regular = False
        H(T) = 989
        SS^T diag = [8] (always n-1=8)
        SS^T off-diag histogram = {-3: 2, -1: 32, 1: 32, 3: 4, 5: 2}
        ||SS^T - (9I-J)||_F^2 = 272   (0 would mean DRT; impossible at n=9)
        SS^T =
            8   1  -3  -1  -1  -1  -1  -1  -1
            1   8   5  -1  -1  -1  -1  -1  -1
           -3   5   8   3  -1  -1   3  -1  -1
           -1  -1   3   8   1   1   1   1   1
           -1  -1  -1   1   8   1   1   1   1
           -1  -1  -1   1   1   8   1   1   1
           -1  -1   3   1   1   1   8   1   1
           -1  -1  -1   1   1   1   1   8   1
           -1  -1  -1   1   1   1   1   1   8
        upper-triangle arc bits (gentourng line) = 110001011101111111111111011011110111
    --- maximizer #114: class index 145820 (gentourng order) ---
        det(I+S) = 8192 (exact Bareiss verified), d = 32
        score sequence = (2, 3, 3, 3, 4, 5, 5, 5, 6)   regular = False
        H(T) = 1865
        SS^T diag = [8] (always n-1=8)
        SS^T off-diag histogram = {-5: 2, -3: 4, -1: 32, 1: 32, 3: 2}
        ||SS^T - (9I-J)||_F^2 = 208   (0 would mean DRT; impossible at n=9)
        SS^T =
            8   1  -5  -1  -1  -1  -1  -1   1
            1   8   3  -1  -1  -1  -1  -1   1
           -5   3   8   1  -3   1   1  -3  -1
           -1  -1   1   8   1   1   1   1  -1
           -1  -1  -3   1   8   1   1   1  -1
           -1  -1   1   1   1   8   1   1  -1
           -1  -1   1   1   1   1   8   1  -1
           -1  -1  -3   1   1   1   1   8  -1
            1   1  -1  -1  -1  -1  -1  -1   8
        upper-triangle arc bits (gentourng line) = 110001011101111111110111011011110111
    --- maximizer #115: class index 148403 (gentourng order) ---
        det(I+S) = 8192 (exact Bareiss verified), d = 32
        score sequence = (1, 3, 3, 4, 4, 5, 5, 5, 6)   regular = False
        H(T) = 1247
        SS^T diag = [8] (always n-1=8)
        SS^T off-diag histogram = {-5: 2, -3: 2, -1: 30, 1: 34, 3: 4}
        ||SS^T - (9I-J)||_F^2 = 240   (0 would mean DRT; impossible at n=9)
        SS^T =
            8   1  -5  -1  -1  -1   1  -1  -1
            1   8   3  -1  -1  -1   1  -1  -1
           -5   3   8   1   1  -3   3   1   1
           -1  -1   1   8   1   1  -1   1   1
           -1  -1   1   1   8   1  -1   1   1
           -1  -1  -3   1   1   8  -1   1   1
            1   1   3  -1  -1  -1   8  -1  -1
           -1  -1   1   1   1   1  -1   8   1
           -1  -1   1   1   1   1  -1   1   8
        upper-triangle arc bits (gentourng line) = 110001011101111111011111011011110111
    --- maximizer #116: class index 148418 (gentourng order) ---
        det(I+S) = 8192 (exact Bareiss verified), d = 32
        score sequence = (2, 3, 3, 4, 4, 4, 5, 5, 6)   regular = False
        H(T) = 1953
        SS^T diag = [8] (always n-1=8)
        SS^T off-diag histogram = {-7: 2, -1: 40, 1: 30}
        ||SS^T - (9I-J)||_F^2 = 192   (0 would mean DRT; impossible at n=9)
        SS^T =
            8   1  -7  -1  -1  -1   1  -1   1
            1   8   1  -1  -1  -1   1  -1   1
           -7   1   8  -1  -1  -1   1  -1   1
           -1  -1  -1   8   1   1  -1   1  -1
           -1  -1  -1   1   8   1  -1   1  -1
           -1  -1  -1   1   1   8  -1   1  -1
            1   1   1  -1  -1  -1   8  -1   1
           -1  -1  -1   1   1   1  -1   8  -1
            1   1   1  -1  -1  -1   1  -1   8
        upper-triangle arc bits (gentourng line) = 110001011101111111010111011011110111
    --- maximizer #117: class index 150240 (gentourng order) ---
        det(I+S) = 8192 (exact Bareiss verified), d = 32
        score sequence = (2, 2, 2, 4, 4, 5, 5, 5, 7)   regular = False
        H(T) = 1173
        SS^T diag = [8] (always n-1=8)
        SS^T off-diag histogram = {-1: 34, 1: 30, 3: 6, 5: 2}
        ||SS^T - (9I-J)||_F^2 = 288   (0 would mean DRT; impossible at n=9)
        SS^T =
            8   1   1   1  -1  -1  -1  -1  -1
            1   8   1   1   3  -1  -1  -1  -1
            1   1   8   1   3  -1  -1  -1  -1
            1   1   1   8   3  -1  -1  -1  -1
           -1   3   3   3   8   5   1   1   1
           -1  -1  -1  -1   5   8   1   1   1
           -1  -1  -1  -1   1   1   8   1   1
           -1  -1  -1  -1   1   1   1   8   1
           -1  -1  -1  -1   1   1   1   1   8
        upper-triangle arc bits (gentourng line) = 111101111011011111110111011111111101
    --- maximizer #118: class index 150583 (gentourng order) ---
        det(I+S) = 8192 (exact Bareiss verified), d = 32
        score sequence = (2, 2, 3, 3, 4, 5, 5, 5, 7)   regular = False
        H(T) = 1243
        SS^T diag = [8] (always n-1=8)
        SS^T off-diag histogram = {-3: 2, -1: 32, 1: 32, 3: 4, 5: 2}
        ||SS^T - (9I-J)||_F^2 = 272   (0 would mean DRT; impossible at n=9)
        SS^T =
            8   1   1   1  -3  -1  -1   1  -1
            1   8   1   1   1  -1  -1   1  -1
            1   1   8   1   1  -1  -1   1  -1
            1   1   1   8   5  -1  -1   1  -1
           -3   1   1   5   8   3  -1   1   3
           -1  -1  -1  -1   3   8   1  -1   1
           -1  -1  -1  -1  -1   1   8  -1   1
            1   1   1   1   1  -1  -1   8  -1
           -1  -1  -1  -1   3   1   1  -1   8
        upper-triangle arc bits (gentourng line) = 111101111011011111110111011101111101
    --- maximizer #119: class index 151794 (gentourng order) ---
        det(I+S) = 8192 (exact Bareiss verified), d = 32
        score sequence = (3, 3, 3, 4, 4, 4, 4, 4, 7)   regular = False
        H(T) = 1809
        SS^T diag = [8] (always n-1=8)
        SS^T off-diag histogram = {-3: 6, -1: 40, 1: 24, 5: 2}
        ||SS^T - (9I-J)||_F^2 = 192   (0 would mean DRT; impossible at n=9)
        SS^T =
            8  -1  -1  -1  -1  -1   1   1   1
           -1   8   1   1   1  -3  -1  -1  -1
           -1   1   8   1   1  -3  -1  -1  -1
           -1   1   1   8   1  -3  -1  -1  -1
           -1   1   1   1   8   5  -1  -1  -1
           -1  -3  -3  -3   5   8  -1  -1  -1
            1  -1  -1  -1  -1  -1   8   1   1
            1  -1  -1  -1  -1  -1   1   8   1
            1  -1  -1  -1  -1  -1   1   1   8
        upper-triangle arc bits (gentourng line) = 111101111011001111010111001111111101
    --- maximizer #120: class index 153677 (gentourng order) ---
        det(I+S) = 8192 (exact Bareiss verified), d = 32
        score sequence = (1, 3, 3, 3, 3, 5, 5, 5, 8)   regular = False
        H(T) = 333
        SS^T diag = [8] (always n-1=8)
        SS^T off-diag histogram = {-5: 2, -1: 8, 1: 56, 3: 6}
        ||SS^T - (9I-J)||_F^2 = 352   (0 would mean DRT; impossible at n=9)
        SS^T =
            8   3   3   3  -1  -1  -1  -1  -5
            3   8   1   1   1   1   1   1   1
            3   1   8   1   1   1   1   1   1
            3   1   1   8   1   1   1   1   1
           -1   1   1   1   8   1   1   1   1
           -1   1   1   1   1   8   1   1   1
           -1   1   1   1   1   1   8   1   1
           -1   1   1   1   1   1   1   8   1
           -5   1   1   1   1   1   1   1   8
        upper-triangle arc bits (gentourng line) = 111111111010111111101110111110101111
    --- maximizer #121: class index 153681 (gentourng order) ---
        det(I+S) = 8192 (exact Bareiss verified), d = 32
        score sequence = (2, 3, 3, 3, 3, 5, 5, 5, 7)   regular = False
        H(T) = 1647
        SS^T diag = [8] (always n-1=8)
        SS^T off-diag histogram = {-5: 2, -3: 6, -1: 14, 1: 50}
        ||SS^T - (9I-J)||_F^2 = 256   (0 would mean DRT; impossible at n=9)
        SS^T =
            8   1   1   1   1  -3  -3  -3  -5
            1   8   1   1   1   1   1   1  -1
            1   1   8   1   1   1   1   1  -1
            1   1   1   8   1   1   1   1  -1
            1   1   1   1   8   1   1   1  -1
           -3   1   1   1   1   8   1   1  -1
           -3   1   1   1   1   1   8   1  -1
           -3   1   1   1   1   1   1   8  -1
           -5  -1  -1  -1  -1  -1  -1  -1   8
        upper-triangle arc bits (gentourng line) = 111111101010111111101110111110101111
    --- maximizer #122: class index 155121 (gentourng order) ---
        det(I+S) = 8192 (exact Bareiss verified), d = 32
        score sequence = (3, 3, 3, 3, 4, 4, 4, 4, 8)   regular = False
        H(T) = 657
        SS^T diag = [8] (always n-1=8)
        SS^T off-diag histogram = {-3: 2, -1: 36, 1: 28, 3: 4, 5: 2}
        ||SS^T - (9I-J)||_F^2 = 256   (0 would mean DRT; impossible at n=9)
        SS^T =
            8  -1   1   1   1   1  -1  -1  -1
           -1   8  -1  -1  -1  -1   1   1   1
            1  -1   8   1   1  -3  -1  -1  -1
            1  -1   1   8   1   1  -1  -1  -1
            1  -1   1   1   8   5  -1  -1  -1
            1  -1  -3   1   5   8  -1   3   3
           -1   1  -1  -1  -1  -1   8   1   1
           -1   1  -1  -1  -1   3   1   8   1
           -1   1  -1  -1  -1   3   1   1   8
        upper-triangle arc bits (gentourng line) = 111111111010100111001110101111111101
    --- maximizer #123: class index 155864 (gentourng order) ---
        det(I+S) = 8192 (exact Bareiss verified), d = 32
        score sequence = (2, 2, 2, 3, 5, 5, 5, 5, 7)   regular = False
        H(T) = 939
        SS^T diag = [8] (always n-1=8)
        SS^T off-diag histogram = {-1: 30, 1: 34, 3: 6, 5: 2}
        ||SS^T - (9I-J)||_F^2 = 304   (0 would mean DRT; impossible at n=9)
        SS^T =
            8   1   1   1   1   1  -1  -1  -1
            1   8   1   1   1   1  -1  -1  -1
            1   1   8   1   1   1  -1  -1  -1
            1   1   1   8   1   1  -1  -1  -1
            1   1   1   1   8   5  -1  -1  -1
            1   1   1   1   5   8   3   3   3
           -1  -1  -1  -1  -1   3   8   1   1
           -1  -1  -1  -1  -1   3   1   8   1
           -1  -1  -1  -1  -1   3   1   1   8
        upper-triangle arc bits (gentourng line) = 111011111011011111110111011111111101
    --- maximizer #124: class index 156657 (gentourng order) ---
        det(I+S) = 8192 (exact Bareiss verified), d = 32
        score sequence = (2, 2, 2, 4, 5, 5, 5, 5, 6)   regular = False
        H(T) = 1449
        SS^T diag = [8] (always n-1=8)
        SS^T off-diag histogram = {-1: 38, 1: 32, 7: 2}
        ||SS^T - (9I-J)||_F^2 = 256   (0 would mean DRT; impossible at n=9)
        SS^T =
            8  -1  -1  -1  -1   1   1   1   1
           -1   8   1   1   1  -1  -1  -1  -1
           -1   1   8   1   1  -1  -1  -1  -1
           -1   1   1   8   1  -1  -1  -1  -1
           -1   1   1   1   8   7  -1  -1  -1
            1  -1  -1  -1   7   8   1   1   1
            1  -1  -1  -1  -1   1   8   1   1
            1  -1  -1  -1  -1   1   1   8   1
            1  -1  -1  -1  -1   1   1   1   8
        upper-triangle arc bits (gentourng line) = 111001111011011111110111011111111101
    --- maximizer #125: class index 157041 (gentourng order) ---
        det(I+S) = 8192 (exact Bareiss verified), d = 32
        score sequence = (2, 2, 3, 4, 4, 5, 5, 5, 6)   regular = False
        H(T) = 1787
        SS^T diag = [8] (always n-1=8)
        SS^T off-diag histogram = {-3: 4, -1: 38, 1: 26, 3: 2, 5: 2}
        ||SS^T - (9I-J)||_F^2 = 224   (0 would mean DRT; impossible at n=9)
        SS^T =
            8  -1  -1  -1  -3   1   1  -1   1
           -1   8   1   1  -1  -1  -1   1  -1
           -1   1   8   1  -1  -1  -1   1  -1
           -1   1   1   8   3  -1  -1   1  -1
           -3  -1  -1   3   8   5  -3  -1   1
            1  -1  -1  -1   5   8   1  -1   1
            1  -1  -1  -1  -3   1   8  -1   1
           -1   1   1   1  -1  -1  -1   8  -1
            1  -1  -1  -1   1   1   1  -1   8
        upper-triangle arc bits (gentourng line) = 111001111011011111110111011101111101
    --- maximizer #126: class index 157152 (gentourng order) ---
        det(I+S) = 8192 (exact Bareiss verified), d = 32
        score sequence = (2, 2, 3, 3, 5, 5, 5, 5, 6)   regular = False
        H(T) = 1655
        SS^T diag = [8] (always n-1=8)
        SS^T off-diag histogram = {-3: 4, -1: 34, 1: 30, 3: 2, 5: 2}
        ||SS^T - (9I-J)||_F^2 = 240   (0 would mean DRT; impossible at n=9)
        SS^T =
            8  -1  -1  -1  -1  -1   1  -1   1
           -1   8   1   1   1  -3  -1   1  -1
           -1   1   8   1   1  -3  -1   1  -1
           -1   1   1   8   1   1  -1   1  -1
           -1   1   1   1   8   5  -1   1  -1
           -1  -3  -3   1   5   8  -1   1   3
            1  -1  -1  -1  -1  -1   8  -1   1
           -1   1   1   1   1   1  -1   8  -1
            1  -1  -1  -1  -1   3   1  -1   8
        upper-triangle arc bits (gentourng line) = 111001111011011111110111011111101101
    --- maximizer #127: class index 159548 (gentourng order) ---
        det(I+S) = 8192 (exact Bareiss verified), d = 32
        score sequence = (2, 2, 3, 3, 4, 5, 5, 5, 7)   regular = False
        H(T) = 1111
        SS^T diag = [8] (always n-1=8)
        SS^T off-diag histogram = {-3: 2, -1: 32, 1: 32, 3: 4, 5: 2}
        ||SS^T - (9I-J)||_F^2 = 272   (0 would mean DRT; impossible at n=9)
        SS^T =
            8  -1   1   1   1   1   1  -1  -1
           -1   8  -1  -1  -1  -1   3   1   1
            1  -1   8   1   1   1  -3  -1  -1
            1  -1   1   8   1   1   1  -1  -1
            1  -1   1   1   8   1   1  -1  -1
            1  -1   1   1   1   8   5  -1  -1
            1   3  -3   1   1   5   8  -1   3
           -1   1  -1  -1  -1  -1  -1   8   1
           -1   1  -1  -1  -1  -1   3   1   8
        upper-triangle arc bits (gentourng line) = 111011111010011111101111101111101110
    --- maximizer #128: class index 159578 (gentourng order) ---
        det(I+S) = 8192 (exact Bareiss verified), d = 32
        score sequence = (2, 2, 3, 3, 4, 5, 5, 5, 7)   regular = False
        H(T) = 1053
        SS^T diag = [8] (always n-1=8)
        SS^T off-diag histogram = {-3: 2, -1: 32, 1: 32, 3: 4, 5: 2}
        ||SS^T - (9I-J)||_F^2 = 272   (0 would mean DRT; impossible at n=9)
        SS^T =
            8  -1   1   1   1   1  -1   1  -1
           -1   8  -1  -1  -1  -1   1  -1   1
            1  -1   8   1   1  -3  -1   1  -1
            1  -1   1   8   1   5  -1   1  -1
            1  -1   1   1   8   1  -1   1  -1
            1  -1  -3   5   1   8   3   1   3
           -1   1  -1  -1  -1   3   8  -1   1
            1  -1   1   1   1   1  -1   8  -1
           -1   1  -1  -1  -1   3   1  -1   8
        upper-triangle arc bits (gentourng line) = 111011111010011111110111011111101101
    --- maximizer #129: class index 160077 (gentourng order) ---
        det(I+S) = 8192 (exact Bareiss verified), d = 32
        score sequence = (2, 2, 2, 4, 4, 5, 5, 5, 7)   regular = False
        H(T) = 971
        SS^T diag = [8] (always n-1=8)
        SS^T off-diag histogram = {-1: 34, 1: 30, 3: 6, 5: 2}
        ||SS^T - (9I-J)||_F^2 = 288   (0 would mean DRT; impossible at n=9)
        SS^T =
            8  -1   1   1   1   3  -1  -1  -1
           -1   8  -1  -1  -1   1   1   1   1
            1  -1   8   1   1  -1  -1  -1  -1
            1  -1   1   8   1   3  -1  -1  -1
            1  -1   1   1   8   3  -1  -1  -1
            3   1  -1   3   3   8   1   1   5
           -1   1  -1  -1  -1   1   8   1   1
           -1   1  -1  -1  -1   1   1   8   1
           -1   1  -1  -1  -1   5   1   1   8
        upper-triangle arc bits (gentourng line) = 111011111010110111101110111111111101
    --- maximizer #130: class index 160123 (gentourng order) ---
        det(I+S) = 8192 (exact Bareiss verified), d = 32
        score sequence = (1, 3, 3, 3, 4, 5, 5, 6, 6)   regular = False
        H(T) = 1053
        SS^T diag = [8] (always n-1=8)
        SS^T off-diag histogram = {-5: 2, -1: 28, 1: 36, 3: 6}
        ||SS^T - (9I-J)||_F^2 = 272   (0 would mean DRT; impossible at n=9)
        SS^T =
            8   1   1  -1  -1  -1  -1  -1  -1
            1   8   1  -1  -1  -1  -1  -1  -1
            1   1   8   3   3  -1   3  -5  -1
           -1  -1   3   8   1   1   1   1   1
           -1  -1   3   1   8   1   1   1   1
           -1  -1  -1   1   1   8   1   1   1
           -1  -1   3   1   1   1   8   1   1
           -1  -1  -5   1   1   1   1   8   1
           -1  -1  -1   1   1   1   1   1   8
        upper-triangle arc bits (gentourng line) = 111011011010101111111110111111110111
    --- maximizer #131: class index 160138 (gentourng order) ---
        det(I+S) = 8192 (exact Bareiss verified), d = 32
        score sequence = (2, 3, 3, 3, 4, 5, 5, 5, 6)   regular = False
        H(T) = 1929
        SS^T diag = [8] (always n-1=8)
        SS^T off-diag histogram = {-7: 2, -1: 36, 1: 34}
        ||SS^T - (9I-J)||_F^2 = 208   (0 would mean DRT; impossible at n=9)
        SS^T =
            8   1  -1  -1  -1  -1  -1  -1   1
            1   8  -1  -1  -1  -1  -1  -1   1
           -1  -1   8   1   1   1   1  -7  -1
           -1  -1   1   8   1   1   1   1  -1
           -1  -1   1   1   8   1   1   1  -1
           -1  -1   1   1   1   8   1   1  -1
           -1  -1   1   1   1   1   8   1  -1
           -1  -1  -7   1   1   1   1   8  -1
            1   1  -1  -1  -1  -1  -1  -1   8
        upper-triangle arc bits (gentourng line) = 111011011010101111110110111111110111
    --- maximizer #132: class index 160175 (gentourng order) ---
        det(I+S) = 8192 (exact Bareiss verified), d = 32
        score sequence = (2, 3, 3, 3, 4, 5, 5, 5, 6)   regular = False
        H(T) = 1865
        SS^T diag = [8] (always n-1=8)
        SS^T off-diag histogram = {-5: 2, -3: 4, -1: 32, 1: 32, 3: 2}
        ||SS^T - (9I-J)||_F^2 = 208   (0 would mean DRT; impossible at n=9)
        SS^T =
            8  -1   1  -1  -1  -1  -1  -1   1
           -1   8  -1   1   1   1   1   1  -1
            1  -1   8  -1  -1  -1  -1  -5   1
           -1   1  -1   8   1   1   1  -3  -1
           -1   1  -1   1   8   1   1   1  -1
           -1   1  -1   1   1   8   1  -3  -1
           -1   1  -1   1   1   1   8   1  -1
           -1   1  -5  -3   1  -3   1   8   3
            1  -1   1  -1  -1  -1  -1   3   8
        upper-triangle arc bits (gentourng line) = 111011011010111111100110111111110111
    --- maximizer #133: class index 160212 (gentourng order) ---
        det(I+S) = 8192 (exact Bareiss verified), d = 32
        score sequence = (2, 3, 3, 3, 4, 4, 5, 5, 7)   regular = False
        H(T) = 1247
        SS^T diag = [8] (always n-1=8)
        SS^T off-diag histogram = {-5: 2, -3: 2, -1: 30, 1: 34, 3: 4}
        ||SS^T - (9I-J)||_F^2 = 240   (0 would mean DRT; impossible at n=9)
        SS^T =
            8  -1  -1   1   1   1   1   1  -1
           -1   8   1  -1  -1  -1  -1   3   1
           -1   1   8  -1  -1  -1  -1  -5   1
            1  -1  -1   8   1   1   1   1  -1
            1  -1  -1   1   8   1   1  -3  -1
            1  -1  -1   1   1   8   1   1  -1
            1  -1  -1   1   1   1   8   1  -1
            1   3  -5   1  -3   1   1   8   3
           -1   1   1  -1  -1  -1  -1   3   8
        upper-triangle arc bits (gentourng line) = 111011111010101111100110111111110111
    --- maximizer #134: class index 160249 (gentourng order) ---
        det(I+S) = 8192 (exact Bareiss verified), d = 32
        score sequence = (2, 3, 3, 3, 4, 5, 5, 5, 6)   regular = False
        H(T) = 1923
        SS^T diag = [8] (always n-1=8)
        SS^T off-diag histogram = {-3: 6, -1: 36, 1: 28, 5: 2}
        ||SS^T - (9I-J)||_F^2 = 208   (0 would mean DRT; impossible at n=9)
        SS^T =
            8  -1  -1   1  -1  -1  -1  -1   1
           -1   8   1  -1   1   1   1  -3  -1
           -1   1   8  -1   1   1   1  -3  -1
            1  -1  -1   8  -1  -1  -1  -1   1
           -1   1   1  -1   8   1   1   1  -1
           -1   1   1  -1   1   8   1  -3  -1
           -1   1   1  -1   1   1   8   5  -1
           -1  -3  -3  -1   1  -3   5   8  -1
            1  -1  -1   1  -1  -1  -1  -1   8
        upper-triangle arc bits (gentourng line) = 111011011010111111110110011111110111
    --- maximizer #135: class index 160286 (gentourng order) ---
        det(I+S) = 8192 (exact Bareiss verified), d = 32
        score sequence = (2, 3, 3, 3, 4, 4, 5, 5, 7)   regular = False
        H(T) = 1305
        SS^T diag = [8] (always n-1=8)
        SS^T off-diag histogram = {-3: 4, -1: 34, 1: 30, 3: 2, 5: 2}
        ||SS^T - (9I-J)||_F^2 = 240   (0 would mean DRT; impossible at n=9)
        SS^T =
            8  -1   1  -1   1   1   1   1  -1
           -1   8  -1   1  -1  -1  -1  -1   1
            1  -1   8  -1   1   1   1  -3  -1
           -1   1  -1   8  -1  -1  -1   3   1
            1  -1   1  -1   8   1   1  -3  -1
            1  -1   1  -1   1   8   1   1  -1
            1  -1   1  -1   1   1   8   5  -1
            1  -1  -3   3  -3   1   5   8  -1
           -1   1  -1   1  -1  -1  -1  -1   8
        upper-triangle arc bits (gentourng line) = 111011111010101111110110011111110111
    --- maximizer #136: class index 160324 (gentourng order) ---
        det(I+S) = 8192 (exact Bareiss verified), d = 32
        score sequence = (2, 3, 3, 3, 4, 4, 5, 5, 7)   regular = False
        H(T) = 1241
        SS^T diag = [8] (always n-1=8)
        SS^T off-diag histogram = {-3: 4, -1: 34, 1: 30, 3: 2, 5: 2}
        ||SS^T - (9I-J)||_F^2 = 240   (0 would mean DRT; impossible at n=9)
        SS^T =
            8   1  -1  -1   1   1   1   1  -1
            1   8  -1  -1   1   1   1   1  -1
           -1  -1   8   1  -1  -1  -1  -1   1
           -1  -1   1   8  -1  -1  -1  -1   1
            1   1  -1  -1   8   1   1  -3  -1
            1   1  -1  -1   1   8   1  -3  -1
            1   1  -1  -1   1   1   8   5  -1
            1   1  -1  -1  -3  -3   5   8   3
           -1  -1   1   1  -1  -1  -1   3   8
        upper-triangle arc bits (gentourng line) = 111011111010111111100110011111110111
    --- maximizer #137: class index 160361 (gentourng order) ---
        det(I+S) = 8192 (exact Bareiss verified), d = 32
        score sequence = (2, 3, 3, 3, 4, 5, 5, 5, 6)   regular = False
        H(T) = 1985
        SS^T diag = [8] (always n-1=8)
        SS^T off-diag histogram = {-5: 2, -3: 4, -1: 32, 1: 32, 3: 2}
        ||SS^T - (9I-J)||_F^2 = 208   (0 would mean DRT; impossible at n=9)
        SS^T =
            8  -1  -1  -1   1  -1  -1  -5   1
           -1   8   1   1  -1   1   1   1  -1
           -1   1   8   1  -1   1   1  -3  -1
           -1   1   1   8  -1   1   1   1  -1
            1  -1  -1  -1   8  -1  -1   3   1
           -1   1   1   1  -1   8   1  -3  -1
           -1   1   1   1  -1   1   8   1  -1
           -5   1  -3   1   3  -3   1   8  -1
            1  -1  -1  -1   1  -1  -1  -1   8
        upper-triangle arc bits (gentourng line) = 111011011010111111110110111101110111
    --- maximizer #138: class index 160398 (gentourng order) ---
        det(I+S) = 8192 (exact Bareiss verified), d = 32
        score sequence = (2, 3, 3, 3, 4, 4, 5, 5, 7)   regular = False
        H(T) = 1437
        SS^T diag = [8] (always n-1=8)
        SS^T off-diag histogram = {-3: 4, -1: 34, 1: 30, 3: 2, 5: 2}
        ||SS^T - (9I-J)||_F^2 = 240   (0 would mean DRT; impossible at n=9)
        SS^T =
            8  -1   1   1  -1   1   1  -3  -1
           -1   8  -1  -1   1  -1  -1   3   1
            1  -1   8   1  -1   1   1  -3  -1
            1  -1   1   8  -1   1   1   5  -1
           -1   1  -1  -1   8  -1  -1  -1   1
            1  -1   1   1  -1   8   1   1  -1
            1  -1   1   1  -1   1   8   1  -1
           -3   3  -3   5  -1   1   1   8  -1
           -1   1  -1  -1   1  -1  -1  -1   8
        upper-triangle arc bits (gentourng line) = 111011111010101111110110111101110111
    --- maximizer #139: class index 160435 (gentourng order) ---
        det(I+S) = 8192 (exact Bareiss verified), d = 32
        score sequence = (2, 3, 3, 3, 4, 4, 5, 5, 7)   regular = False
        H(T) = 1373
        SS^T diag = [8] (always n-1=8)
        SS^T off-diag histogram = {-3: 4, -1: 34, 1: 30, 3: 2, 5: 2}
        ||SS^T - (9I-J)||_F^2 = 240   (0 would mean DRT; impossible at n=9)
        SS^T =
            8   1  -1   1  -1   1   1  -3  -1
            1   8  -1   1  -1   1   1   5  -1
           -1  -1   8  -1   1  -1  -1  -1   1
            1   1  -1   8  -1   1   1   1  -1
           -1  -1   1  -1   8  -1  -1  -1   1
            1   1  -1   1  -1   8   1  -3  -1
            1   1  -1   1  -1   1   8   1  -1
           -3   5  -1   1  -1  -3   1   8   3
           -1  -1   1  -1   1  -1  -1   3   8
        upper-triangle arc bits (gentourng line) = 111011111010111111100110111101110111
    --- maximizer #140: class index 160472 (gentourng order) ---
        det(I+S) = 8192 (exact Bareiss verified), d = 32
        score sequence = (2, 3, 3, 3, 4, 4, 5, 5, 7)   regular = False
        H(T) = 1431
        SS^T diag = [8] (always n-1=8)
        SS^T off-diag histogram = {-3: 4, -1: 34, 1: 30, 3: 2, 5: 2}
        ||SS^T - (9I-J)||_F^2 = 240   (0 would mean DRT; impossible at n=9)
        SS^T =
            8   1   1  -1  -1   1   1  -3  -1
            1   8   1  -1  -1   1   1   1  -1
            1   1   8  -1  -1   1   1   1  -1
           -1  -1  -1   8   1  -1  -1   3   1
           -1  -1  -1   1   8  -1  -1  -1   1
            1   1   1  -1  -1   8   1  -3  -1
            1   1   1  -1  -1   1   8   5  -1
           -3   1   1   3  -1  -3   5   8  -1
           -1  -1  -1   1   1  -1  -1  -1   8
        upper-triangle arc bits (gentourng line) = 111011111010111111110110011101110111
    --- maximizer #141: class index 160489 (gentourng order) ---
        det(I+S) = 8192 (exact Bareiss verified), d = 32
        score sequence = (0, 3, 3, 3, 5, 5, 5, 5, 7)   regular = False
        H(T) = 333
        SS^T diag = [8] (always n-1=8)
        SS^T off-diag histogram = {-5: 2, -1: 8, 1: 56, 3: 6}
        ||SS^T - (9I-J)||_F^2 = 352   (0 would mean DRT; impossible at n=9)
        SS^T =
            8   1   1   1   1   1   1   1  -5
            1   8   1   1   1   1   1   1  -1
            1   1   8   1   1   1   1   1  -1
            1   1   1   8   1   1   1   1  -1
            1   1   1   1   8   1   1   1  -1
            1   1   1   1   1   8   1   1   3
            1   1   1   1   1   1   8   1   3
            1   1   1   1   1   1   1   8   3
           -5  -1  -1  -1  -1   3   3   3   8
        upper-triangle arc bits (gentourng line) = 111011111010111111101110111111101111
    --- maximizer #142: class index 160490 (gentourng order) ---
        det(I+S) = 8192 (exact Bareiss verified), d = 32
        score sequence = (1, 3, 3, 3, 5, 5, 5, 5, 6)   regular = False
        H(T) = 1647
        SS^T diag = [8] (always n-1=8)
        SS^T off-diag histogram = {-5: 2, -3: 6, -1: 14, 1: 50}
        ||SS^T - (9I-J)||_F^2 = 256   (0 would mean DRT; impossible at n=9)
        SS^T =
            8  -1  -1  -1  -1  -1  -1  -1  -5
           -1   8   1   1   1   1   1   1  -3
           -1   1   8   1   1   1   1   1  -3
           -1   1   1   8   1   1   1   1  -3
           -1   1   1   1   8   1   1   1   1
           -1   1   1   1   1   8   1   1   1
           -1   1   1   1   1   1   8   1   1
           -1   1   1   1   1   1   1   8   1
           -5  -3  -3  -3   1   1   1   1   8
        upper-triangle arc bits (gentourng line) = 111011101010111111101110111111101111
    --- maximizer #143: class index 160491 (gentourng order) ---
        det(I+S) = 8192 (exact Bareiss verified), d = 32
        score sequence = (1, 3, 3, 3, 4, 5, 5, 5, 7)   regular = False
        H(T) = 849
        SS^T diag = [8] (always n-1=8)
        SS^T off-diag histogram = {-3: 6, -1: 16, 1: 48, 5: 2}
        ||SS^T - (9I-J)||_F^2 = 288   (0 would mean DRT; impossible at n=9)
        SS^T =
            8  -1   1   1   1   1   1   1  -3
           -1   8  -1  -1  -1  -1  -1  -1  -1
            1  -1   8   1   1   1   1   1  -3
            1  -1   1   8   1   1   1   1   1
            1  -1   1   1   8   1   1   1  -3
            1  -1   1   1   1   8   1   1   5
            1  -1   1   1   1   1   8   1   1
            1  -1   1   1   1   1   1   8   1
           -3  -1  -3   1  -3   5   1   1   8
        upper-triangle arc bits (gentourng line) = 111011111010110111101110111111101111
    --- maximizer #144: class index 160492 (gentourng order) ---
        det(I+S) = 8192 (exact Bareiss verified), d = 32
        score sequence = (1, 3, 3, 3, 4, 5, 5, 5, 7)   regular = False
        H(T) = 963
        SS^T diag = [8] (always n-1=8)
        SS^T off-diag histogram = {-7: 2, -1: 16, 1: 54}
        ||SS^T - (9I-J)||_F^2 = 288   (0 would mean DRT; impossible at n=9)
        SS^T =
            8   1   1   1  -1   1   1   1  -7
            1   8   1   1  -1   1   1   1   1
            1   1   8   1  -1   1   1   1   1
            1   1   1   8  -1   1   1   1   1
           -1  -1  -1  -1   8  -1  -1  -1  -1
            1   1   1   1  -1   8   1   1   1
            1   1   1   1  -1   1   8   1   1
            1   1   1   1  -1   1   1   8   1
           -7   1   1   1  -1   1   1   1   8
        upper-triangle arc bits (gentourng line) = 111011111010111111101110111110101111
    --- maximizer #145: class index 160493 (gentourng order) ---
        det(I+S) = 8192 (exact Bareiss verified), d = 32
        score sequence = (1, 2, 3, 3, 5, 5, 5, 5, 7)   regular = False
        H(T) = 675
        SS^T diag = [8] (always n-1=8)
        SS^T off-diag histogram = {-3: 4, -1: 14, 1: 50, 3: 2, 5: 2}
        ||SS^T - (9I-J)||_F^2 = 320   (0 would mean DRT; impossible at n=9)
        SS^T =
            8   1   1   1   1  -1   1   1  -3
            1   8   1   1   1  -1   1   1  -3
            1   1   8   1   1  -1   1   1   1
            1   1   1   8   1  -1   1   1   1
            1   1   1   1   8  -1   1   1   1
           -1  -1  -1  -1  -1   8  -1  -1   3
            1   1   1   1   1  -1   8   1   1
            1   1   1   1   1  -1   1   8   5
           -3  -3   1   1   1   3   1   5   8
        upper-triangle arc bits (gentourng line) = 111011111010111111101110111111100111
    --- maximizer #146: class index 160494 (gentourng order) ---
        det(I+S) = 8192 (exact Bareiss verified), d = 32
        score sequence = (2, 3, 3, 3, 4, 5, 5, 5, 6)   regular = False
        H(T) = 1993
        SS^T diag = [8] (always n-1=8)
        SS^T off-diag histogram = {-5: 2, -3: 4, -1: 32, 1: 32, 3: 2}
        ||SS^T - (9I-J)||_F^2 = 208   (0 would mean DRT; impossible at n=9)
        SS^T =
            8   1  -1  -1  -1  -1  -1  -1  -3
            1   8  -1  -1  -1  -1  -1  -1  -3
           -1  -1   8   1   1   1   1   1  -5
           -1  -1   1   8   1   1   1   1  -1
           -1  -1   1   1   8   1   1   1  -1
           -1  -1   1   1   1   8   1   1   3
           -1  -1   1   1   1   1   8   1  -1
           -1  -1   1   1   1   1   1   8  -1
           -3  -3  -5  -1  -1   3  -1  -1   8
        upper-triangle arc bits (gentourng line) = 111011101010110111101110111111101111
    --- maximizer #147: class index 160495 (gentourng order) ---
        det(I+S) = 8192 (exact Bareiss verified), d = 32
        score sequence = (2, 3, 3, 3, 4, 4, 5, 5, 7)   regular = False
        H(T) = 1245
        SS^T diag = [8] (always n-1=8)
        SS^T off-diag histogram = {-5: 2, -3: 2, -1: 30, 1: 34, 3: 4}
        ||SS^T - (9I-J)||_F^2 = 240   (0 would mean DRT; impossible at n=9)
        SS^T =
            8  -1  -1   1   1   1   1   1  -1
           -1   8   1  -1  -1  -1  -1  -1   1
           -1   1   8  -1  -1  -1  -1  -1  -3
            1  -1  -1   8   1   1   1   1  -1
            1  -1  -1   1   8   1   1   1  -5
            1  -1  -1   1   1   8   1   1   3
            1  -1  -1   1   1   1   8   1  -1
            1  -1  -1   1   1   1   1   8   3
           -1   1  -3  -1  -5   3  -1   3   8
        upper-triangle arc bits (gentourng line) = 111011111010110111100110111111101111
    --- maximizer #148: class index 160496 (gentourng order) ---
        det(I+S) = 8192 (exact Bareiss verified), d = 32
        score sequence = (2, 3, 3, 3, 4, 5, 5, 5, 6)   regular = False
        H(T) = 2043
        SS^T diag = [8] (always n-1=8)
        SS^T off-diag histogram = {-7: 2, -1: 36, 1: 34}
        ||SS^T - (9I-J)||_F^2 = 208   (0 would mean DRT; impossible at n=9)
        SS^T =
            8  -1  -1  -1   1  -1  -1  -1  -7
           -1   8   1   1  -1   1   1   1  -1
           -1   1   8   1  -1   1   1   1  -1
           -1   1   1   8  -1   1   1   1  -1
            1  -1  -1  -1   8  -1  -1  -1   1
           -1   1   1   1  -1   8   1   1  -1
           -1   1   1   1  -1   1   8   1  -1
           -1   1   1   1  -1   1   1   8  -1
           -7  -1  -1  -1   1  -1  -1  -1   8
        upper-triangle arc bits (gentourng line) = 111011101010111111101110111110101111
    --- maximizer #149: class index 160497 (gentourng order) ---
        det(I+S) = 8192 (exact Bareiss verified), d = 32
        score sequence = (2, 3, 3, 3, 4, 4, 5, 5, 7)   regular = False
        H(T) = 1365
        SS^T diag = [8] (always n-1=8)
        SS^T off-diag histogram = {-5: 2, -3: 2, -1: 30, 1: 34, 3: 4}
        ||SS^T - (9I-J)||_F^2 = 240   (0 would mean DRT; impossible at n=9)
        SS^T =
            8  -1   1   1  -1   1   1   1  -5
           -1   8  -1  -1   1  -1  -1  -1   1
            1  -1   8   1  -1   1   1   1  -1
            1  -1   1   8  -1   1   1   1   3
           -1   1  -1  -1   8  -1  -1  -1  -3
            1  -1   1   1  -1   8   1   1   3
            1  -1   1   1  -1   1   8   1  -1
            1  -1   1   1  -1   1   1   8  -1
           -5   1  -1   3  -3   3  -1  -1   8
        upper-triangle arc bits (gentourng line) = 111011111010110111101110111110101111
    --- maximizer #150: class index 160498 (gentourng order) ---
        det(I+S) = 8192 (exact Bareiss verified), d = 32
        score sequence = (2, 2, 3, 3, 5, 5, 5, 5, 6)   regular = False
        H(T) = 1721
        SS^T diag = [8] (always n-1=8)
        SS^T off-diag histogram = {-5: 2, -3: 2, -1: 30, 1: 34, 3: 4}
        ||SS^T - (9I-J)||_F^2 = 240   (0 would mean DRT; impossible at n=9)
        SS^T =
            8  -1  -1  -1  -1   1  -1  -1  -3
           -1   8   1   1   1  -1   1   1  -5
           -1   1   8   1   1  -1   1   1  -1
           -1   1   1   8   1  -1   1   1  -1
           -1   1   1   1   8  -1   1   1   3
            1  -1  -1  -1  -1   8  -1  -1   1
           -1   1   1   1   1  -1   8   1  -1
           -1   1   1   1   1  -1   1   8   3
           -3  -5  -1  -1   3   1  -1   3   8
        upper-triangle arc bits (gentourng line) = 111011101010111111101110111111100111
    --- maximizer #151: class index 160499 (gentourng order) ---
        det(I+S) = 8192 (exact Bareiss verified), d = 32
        score sequence = (2, 2, 3, 3, 4, 5, 5, 5, 7)   regular = False
        H(T) = 989
        SS^T diag = [8] (always n-1=8)
        SS^T off-diag histogram = {-3: 2, -1: 32, 1: 32, 3: 4, 5: 2}
        ||SS^T - (9I-J)||_F^2 = 272   (0 would mean DRT; impossible at n=9)
        SS^T =
            8  -1   1   1   1  -1   1   1  -1
           -1   8  -1  -1  -1   1  -1  -1  -3
            1  -1   8   1   1  -1   1   1  -1
            1  -1   1   8   1  -1   1   1   3
            1  -1   1   1   8  -1   1   1  -1
           -1   1  -1  -1  -1   8  -1  -1   5
            1  -1   1   1   1  -1   8   1  -1
            1  -1   1   1   1  -1   1   8   3
           -1  -3  -1   3  -1   5  -1   3   8
        upper-triangle arc bits (gentourng line) = 111011111010110111101110111111100111
    --- maximizer #152: class index 160500 (gentourng order) ---
        det(I+S) = 8192 (exact Bareiss verified), d = 32
        score sequence = (2, 2, 3, 3, 4, 5, 5, 5, 7)   regular = False
        H(T) = 1047
        SS^T diag = [8] (always n-1=8)
        SS^T off-diag histogram = {-1: 34, 1: 36, 7: 2}
        ||SS^T - (9I-J)||_F^2 = 272   (0 would mean DRT; impossible at n=9)
        SS^T =
            8   1  -1   1   1  -1   1   1  -1
            1   8  -1   1   1  -1   1   1  -1
           -1  -1   8  -1  -1   1  -1  -1   1
            1   1  -1   8   1  -1   1   1  -1
            1   1  -1   1   8  -1   1   1  -1
           -1  -1   1  -1  -1   8  -1  -1   1
            1   1  -1   1   1  -1   8   1  -1
            1   1  -1   1   1  -1   1   8   7
           -1  -1   1  -1  -1   1  -1   7   8
        upper-triangle arc bits (gentourng line) = 111011111010111111100110111111100111
    --- maximizer #153: class index 160501 (gentourng order) ---
        det(I+S) = 8192 (exact Bareiss verified), d = 32
        score sequence = (2, 2, 3, 3, 4, 5, 5, 5, 7)   regular = False
        H(T) = 1053
        SS^T diag = [8] (always n-1=8)
        SS^T off-diag histogram = {-5: 2, -1: 28, 1: 36, 3: 6}
        ||SS^T - (9I-J)||_F^2 = 272   (0 would mean DRT; impossible at n=9)
        SS^T =
            8   1   1  -1   1  -1   1   1  -1
            1   8   1  -1   1  -1   1   1  -5
            1   1   8  -1   1  -1   1   1   3
           -1  -1  -1   8  -1   1  -1  -1   1
            1   1   1  -1   8  -1   1   1  -1
           -1  -1  -1   1  -1   8  -1  -1   1
            1   1   1  -1   1  -1   8   1   3
            1   1   1  -1   1  -1   1   8   3
           -1  -5   3   1  -1   1   3   3   8
        upper-triangle arc bits (gentourng line) = 111011111010111111101110101111100111
    --- maximizer #154: class index 160502 (gentourng order) ---
        det(I+S) = 8192 (exact Bareiss verified), d = 32
        score sequence = (2, 2, 3, 3, 4, 5, 5, 5, 7)   regular = False
        H(T) = 1173
        SS^T diag = [8] (always n-1=8)
        SS^T off-diag histogram = {-5: 2, -1: 28, 1: 36, 3: 6}
        ||SS^T - (9I-J)||_F^2 = 272   (0 would mean DRT; impossible at n=9)
        SS^T =
            8   1   1   1  -1  -1   1   1  -5
            1   8   1   1  -1  -1   1   1  -1
            1   1   8   1  -1  -1   1   1   3
            1   1   1   8  -1  -1   1   1   3
           -1  -1  -1  -1   8   1  -1  -1   1
           -1  -1  -1  -1   1   8  -1  -1   1
            1   1   1   1  -1  -1   8   1  -1
            1   1   1   1  -1  -1   1   8   3
           -5  -1   3   3   1   1  -1   3   8
        upper-triangle arc bits (gentourng line) = 111011111010111111101110111110100111
    --- maximizer #155: class index 160503 (gentourng order) ---
        det(I+S) = 8192 (exact Bareiss verified), d = 32
        score sequence = (2, 2, 2, 3, 5, 5, 5, 5, 7)   regular = False
        H(T) = 877
        SS^T diag = [8] (always n-1=8)
        SS^T off-diag histogram = {-1: 30, 1: 34, 3: 6, 5: 2}
        ||SS^T - (9I-J)||_F^2 = 304   (0 would mean DRT; impossible at n=9)
        SS^T =
            8   1   1   1   1  -1  -1   1  -1
            1   8   1   1   1  -1  -1   1  -1
            1   1   8   1   1  -1  -1   1   3
            1   1   1   8   1  -1  -1   1  -1
            1   1   1   1   8  -1  -1   1   3
           -1  -1  -1  -1  -1   8   1  -1   5
           -1  -1  -1  -1  -1   1   8  -1   1
            1   1   1   1   1  -1  -1   8   3
           -1  -1   3  -1   3   5   1   3   8
        upper-triangle arc bits (gentourng line) = 111011111010111111101110111111100101
    --- maximizer #156: class index 162228 (gentourng order) ---
        det(I+S) = 8192 (exact Bareiss verified), d = 32
        score sequence = (1, 3, 3, 4, 4, 5, 5, 5, 6)   regular = False
        H(T) = 1305
        SS^T diag = [8] (always n-1=8)
        SS^T off-diag histogram = {-3: 4, -1: 34, 1: 30, 3: 2, 5: 2}
        ||SS^T - (9I-J)||_F^2 = 240   (0 would mean DRT; impossible at n=9)
        SS^T =
            8   1  -1  -1  -1  -1   1  -1  -1
            1   8  -1  -1  -1  -1   1  -1  -1
           -1  -1   8   5   1  -3   3  -3   1
           -1  -1   5   8   1   1  -1   1   1
           -1  -1   1   1   8   1  -1   1   1
           -1  -1  -3   1   1   8  -1   1   1
            1   1   3  -1  -1  -1   8  -1  -1
           -1  -1  -3   1   1   1  -1   8   1
           -1  -1   1   1   1   1  -1   1   8
        upper-triangle arc bits (gentourng line) = 111011011010101111011110111111110111
    --- maximizer #157: class index 162243 (gentourng order) ---
        det(I+S) = 8192 (exact Bareiss verified), d = 32
        score sequence = (2, 3, 3, 4, 4, 4, 5, 5, 6)   regular = False
        H(T) = 2011
        SS^T diag = [8] (always n-1=8)
        SS^T off-diag histogram = {-5: 2, -3: 4, -1: 36, 1: 28, 3: 2}
        ||SS^T - (9I-J)||_F^2 = 192   (0 would mean DRT; impossible at n=9)
        SS^T =
            8   1  -3  -1  -1  -1   1  -1   1
            1   8  -3  -1  -1  -1   1  -1   1
           -3  -3   8   3  -1  -1   1  -5   1
           -1  -1   3   8   1   1  -1   1  -1
           -1  -1  -1   1   8   1  -1   1  -1
           -1  -1  -1   1   1   8  -1   1  -1
            1   1   1  -1  -1  -1   8  -1   1
           -1  -1  -5   1   1   1  -1   8  -1
            1   1   1  -1  -1  -1   1  -1   8
        upper-triangle arc bits (gentourng line) = 111011011010101111010110111111110111
    --- maximizer #158: class index 164607 (gentourng order) ---
        det(I+S) = 8192 (exact Bareiss verified), d = 32
        score sequence = (1, 3, 3, 3, 4, 4, 6, 6, 6)   regular = False
        H(T) = 1173
        SS^T diag = [8] (always n-1=8)
        SS^T off-diag histogram = {-1: 34, 1: 30, 3: 6, 5: 2}
        ||SS^T - (9I-J)||_F^2 = 288   (0 would mean DRT; impossible at n=9)
        SS^T =
            8   1   1   1   1  -1  -1  -1  -1
            1   8   1   1   1  -1  -1  -1  -1
            1   1   8   1   1  -1  -1  -1  -1
            1   1   1   8   5  -1  -1  -1  -1
            1   1   1   5   8   3   3   3  -1
           -1  -1  -1  -1   3   8   1   1   1
           -1  -1  -1  -1   3   1   8   1   1
           -1  -1  -1  -1   3   1   1   8   1
           -1  -1  -1  -1  -1   1   1   1   8
        upper-triangle arc bits (gentourng line) = 101101111111101111011111101111101111
    --- maximizer #159: class index 164608 (gentourng order) ---
        det(I+S) = 8192 (exact Bareiss verified), d = 32
        score sequence = (1, 3, 3, 3, 3, 5, 6, 6, 6)   regular = False
        H(T) = 939
        SS^T diag = [8] (always n-1=8)
        SS^T off-diag histogram = {-1: 30, 1: 34, 3: 6, 5: 2}
        ||SS^T - (9I-J)||_F^2 = 304   (0 would mean DRT; impossible at n=9)
        SS^T =
            8   1   1   3  -1  -1  -1  -1  -1
            1   8   1   3  -1  -1  -1  -1  -1
            1   1   8   3  -1  -1  -1  -1  -1
            3   3   3   8   5   1   1   1   1
           -1  -1  -1   5   8   1   1   1   1
           -1  -1  -1   1   1   8   1   1   1
           -1  -1  -1   1   1   1   8   1   1
           -1  -1  -1   1   1   1   1   8   1
           -1  -1  -1   1   1   1   1   1   8
        upper-triangle arc bits (gentourng line) = 101101111111101111011111111110101111
    --- maximizer #160: class index 164613 (gentourng order) ---
        det(I+S) = 8192 (exact Bareiss verified), d = 32
        score sequence = (2, 3, 3, 3, 3, 4, 6, 6, 6)   regular = False
        H(T) = 1449
        SS^T diag = [8] (always n-1=8)
        SS^T off-diag histogram = {-1: 38, 1: 32, 7: 2}
        ||SS^T - (9I-J)||_F^2 = 256   (0 would mean DRT; impossible at n=9)
        SS^T =
            8   1   1   1  -1  -1  -1  -1   1
            1   8   1   1  -1  -1  -1  -1   1
            1   1   8   1  -1  -1  -1  -1   1
            1   1   1   8   7  -1  -1  -1   1
           -1  -1  -1   7   8   1   1   1  -1
           -1  -1  -1  -1   1   8   1   1  -1
           -1  -1  -1  -1   1   1   8   1  -1
           -1  -1  -1  -1   1   1   1   8  -1
            1   1   1   1  -1  -1  -1  -1   8
        upper-triangle arc bits (gentourng line) = 101101111111101111011111101110101111
    --- maximizer #161: class index 169172 (gentourng order) ---
        det(I+S) = 8192 (exact Bareiss verified), d = 32
        score sequence = (1, 3, 3, 3, 4, 4, 6, 6, 6)   regular = False
        H(T) = 1091
        SS^T diag = [8] (always n-1=8)
        SS^T off-diag histogram = {-1: 34, 1: 30, 3: 6, 5: 2}
        ||SS^T - (9I-J)||_F^2 = 288   (0 would mean DRT; impossible at n=9)
        SS^T =
            8   1   1   1   1   3  -1  -1  -1
            1   8   1   1   1  -1  -1  -1  -1
            1   1   8   1   1  -1  -1  -1  -1
            1   1   1   8   1   3  -1  -1  -1
            1   1   1   1   8   3  -1  -1  -1
            3  -1  -1   3   3   8   5   1   1
           -1  -1  -1  -1  -1   5   8   1   1
           -1  -1  -1  -1  -1   1   1   8   1
           -1  -1  -1  -1  -1   1   1   1   8
        upper-triangle arc bits (gentourng line) = 101011111111101111011111101101111111
    --- maximizer #162: class index 169190 (gentourng order) ---
        det(I+S) = 8192 (exact Bareiss verified), d = 32
        score sequence = (2, 2, 3, 3, 4, 4, 6, 6, 6)   regular = False
        H(T) = 1197
        SS^T diag = [8] (always n-1=8)
        SS^T off-diag histogram = {-3: 4, -1: 26, 1: 38, 3: 2, 5: 2}
        ||SS^T - (9I-J)||_F^2 = 272   (0 would mean DRT; impossible at n=9)
        SS^T =
            8   1   1   1   1   1  -1  -1   1
            1   8   1   1   1  -3  -1  -1   1
            1   1   8   1   1  -3  -1  -1   1
            1   1   1   8   1   5  -1  -1   1
            1   1   1   1   8   1  -1  -1   1
            1  -3  -3   5   1   8   3  -1   1
           -1  -1  -1  -1  -1   3   8   1  -1
           -1  -1  -1  -1  -1  -1   1   8  -1
            1   1   1   1   1   1  -1  -1   8
        upper-triangle arc bits (gentourng line) = 101011111111101111011111101101110111
    --- maximizer #163: class index 171099 (gentourng order) ---
        det(I+S) = 8192 (exact Bareiss verified), d = 32
        score sequence = (1, 3, 3, 4, 4, 4, 5, 6, 6)   regular = False
        H(T) = 1363
        SS^T diag = [8] (always n-1=8)
        SS^T off-diag histogram = {-3: 2, -1: 36, 1: 28, 3: 4, 5: 2}
        ||SS^T - (9I-J)||_F^2 = 256   (0 would mean DRT; impossible at n=9)
        SS^T =
            8  -1  -1  -1  -1   3   1   1   1
           -1   8   1   1   1  -3  -1  -1  -1
           -1   1   8   1   1   1  -1  -1  -1
           -1   1   1   8   1   1  -1  -1  -1
           -1   1   1   1   8   5  -1  -1  -1
            3  -3   1   1   5   8   3  -1  -1
            1  -1  -1  -1  -1   3   8   1   1
            1  -1  -1  -1  -1  -1   1   8   1
            1  -1  -1  -1  -1  -1   1   1   8
        upper-triangle arc bits (gentourng line) = 101001111111101111011111101101111111
    --- maximizer #164: class index 171117 (gentourng order) ---
        det(I+S) = 8192 (exact Bareiss verified), d = 32
        score sequence = (2, 3, 3, 3, 4, 4, 5, 6, 6)   regular = False
        H(T) = 1737
        SS^T diag = [8] (always n-1=8)
        SS^T off-diag histogram = {-5: 2, -3: 2, -1: 34, 1: 30, 3: 4}
        ||SS^T - (9I-J)||_F^2 = 224   (0 would mean DRT; impossible at n=9)
        SS^T =
            8  -1  -1  -1  -1   1   1   1  -1
           -1   8   1   1   1  -5  -1  -1   1
           -1   1   8   1   1  -1  -1  -1   1
           -1   1   1   8   1   3  -1  -1   1
           -1   1   1   1   8   3  -1  -1   1
            1  -5  -1   3   3   8   1  -3  -1
            1  -1  -1  -1  -1   1   8   1  -1
            1  -1  -1  -1  -1  -3   1   8  -1
           -1   1   1   1   1  -1  -1  -1   8
        upper-triangle arc bits (gentourng line) = 101001111111101111011111101101110111
    --- maximizer #165: class index 176329 (gentourng order) ---
        det(I+S) = 8192 (exact Bareiss verified), d = 32
        score sequence = (1, 3, 3, 4, 4, 4, 5, 6, 6)   regular = False
        H(T) = 1299
        SS^T diag = [8] (always n-1=8)
        SS^T off-diag histogram = {-3: 2, -1: 36, 1: 28, 3: 4, 5: 2}
        ||SS^T - (9I-J)||_F^2 = 256   (0 would mean DRT; impossible at n=9)
        SS^T =
            8  -1   1   1   1   5  -1  -1  -1
           -1   8  -1  -1  -1  -1   1   1   1
            1  -1   8   1   1  -3  -1  -1  -1
            1  -1   1   8   1   1  -1  -1  -1
            1  -1   1   1   8   1  -1  -1  -1
            5  -1  -3   1   1   8   3   3  -1
           -1   1  -1  -1  -1   3   8   1   1
           -1   1  -1  -1  -1   3   1   8   1
           -1   1  -1  -1  -1  -1   1   1   8
        upper-triangle arc bits (gentourng line) = 101011111110101111011111101101111111
    --- maximizer #166: class index 176347 (gentourng order) ---
        det(I+S) = 8192 (exact Bareiss verified), d = 32
        score sequence = (2, 3, 3, 3, 4, 4, 5, 6, 6)   regular = False
        H(T) = 1673
        SS^T diag = [8] (always n-1=8)
        SS^T off-diag histogram = {-5: 2, -3: 2, -1: 34, 1: 30, 3: 4}
        ||SS^T - (9I-J)||_F^2 = 224   (0 would mean DRT; impossible at n=9)
        SS^T =
            8  -1   1   1   1   3  -1  -1   1
           -1   8  -1  -1  -1  -3   1   1  -1
            1  -1   8   1   1  -5  -1  -1   1
            1  -1   1   8   1   3  -1  -1   1
            1  -1   1   1   8  -1  -1  -1   1
            3  -3  -5   3  -1   8   1   1  -1
           -1   1  -1  -1  -1   1   8   1  -1
           -1   1  -1  -1  -1   1   1   8  -1
            1  -1   1   1   1  -1  -1  -1   8
        upper-triangle arc bits (gentourng line) = 101011111110101111011111101101110111
    --- maximizer #167: class index 180130 (gentourng order) ---
        det(I+S) = 8192 (exact Bareiss verified), d = 32
        score sequence = (2, 2, 2, 4, 4, 4, 5, 6, 7)   regular = False
        H(T) = 825
        SS^T diag = [8] (always n-1=8)
        SS^T off-diag histogram = {-5: 2, -1: 20, 1: 44, 3: 6}
        ||SS^T - (9I-J)||_F^2 = 304   (0 would mean DRT; impossible at n=9)
        SS^T =
            8   1  -1  -1  -1  -1  -1  -1  -1
            1   8   3   3  -1   3  -5  -1  -1
           -1   3   8   1   1   1   1   1   1
           -1   3   1   8   1   1   1   1   1
           -1  -1   1   1   8   1   1   1   1
           -1   3   1   1   1   8   1   1   1
           -1  -5   1   1   1   1   8   1   1
           -1  -1   1   1   1   1   1   8   1
           -1  -1   1   1   1   1   1   1   8
        upper-triangle arc bits (gentourng line) = 101010111111111110111111101101111101
    --- maximizer #168: class index 180415 (gentourng order) ---
        det(I+S) = 8192 (exact Bareiss verified), d = 32
        score sequence = (1, 3, 3, 4, 4, 4, 5, 6, 6)   regular = False
        H(T) = 1299
        SS^T diag = [8] (always n-1=8)
        SS^T off-diag histogram = {-5: 2, -1: 32, 1: 32, 3: 6}
        ||SS^T - (9I-J)||_F^2 = 256   (0 would mean DRT; impossible at n=9)
        SS^T =
            8  -1  -1  -1  -1  -1   1   1   1
           -1   8   1   1   1   1  -5  -1  -1
           -1   1   8   1   1   1   3  -1  -1
           -1   1   1   8   1   1  -1  -1  -1
           -1   1   1   1   8   1   3  -1  -1
           -1   1   1   1   1   8   3  -1  -1
            1  -5   3  -1   3   3   8   1   1
            1  -1  -1  -1  -1  -1   1   8   1
            1  -1  -1  -1  -1  -1   1   1   8
        upper-triangle arc bits (gentourng line) = 101010111111101110111111101101111111
    --- maximizer #169: class index 180438 (gentourng order) ---
        det(I+S) = 8192 (exact Bareiss verified), d = 32
        score sequence = (2, 2, 3, 4, 4, 4, 5, 6, 6)   regular = False
        H(T) = 1503
        SS^T diag = [8] (always n-1=8)
        SS^T off-diag histogram = {-7: 2, -1: 28, 1: 42}
        ||SS^T - (9I-J)||_F^2 = 240   (0 would mean DRT; impossible at n=9)
        SS^T =
            8  -1  -1  -1  -1  -1  -1   1  -1
           -1   8   1   1   1   1  -7  -1   1
           -1   1   8   1   1   1   1  -1   1
           -1   1   1   8   1   1   1  -1   1
           -1   1   1   1   8   1   1  -1   1
           -1   1   1   1   1   8   1  -1   1
           -1  -7   1   1   1   1   8  -1   1
            1  -1  -1  -1  -1  -1  -1   8  -1
           -1   1   1   1   1   1   1  -1   8
        upper-triangle arc bits (gentourng line) = 101010111111101110111111101101111101
    --- maximizer #170: class index 180902 (gentourng order) ---
        det(I+S) = 8192 (exact Bareiss verified), d = 32
        score sequence = (1, 3, 3, 4, 4, 4, 5, 6, 6)   regular = False
        H(T) = 1241
        SS^T diag = [8] (always n-1=8)
        SS^T off-diag histogram = {-3: 2, -1: 36, 1: 28, 3: 4, 5: 2}
        ||SS^T - (9I-J)||_F^2 = 256   (0 would mean DRT; impossible at n=9)
        SS^T =
            8  -1   1   1   1   1   3  -1  -1
           -1   8  -1  -1  -1  -1  -3   1   1
            1  -1   8   1   1   1  -1  -1  -1
            1  -1   1   8   1   1  -1  -1  -1
            1  -1   1   1   8   1  -1  -1  -1
            1  -1   1   1   1   8   3  -1  -1
            3  -3  -1  -1  -1   3   8   5   1
           -1   1  -1  -1  -1  -1   5   8   1
           -1   1  -1  -1  -1  -1   1   1   8
        upper-triangle arc bits (gentourng line) = 101011111111001110111111101101111111
    --- maximizer #171: class index 180925 (gentourng order) ---
        det(I+S) = 8192 (exact Bareiss verified), d = 32
        score sequence = (2, 2, 3, 4, 4, 4, 5, 6, 6)   regular = False
        H(T) = 1445
        SS^T diag = [8] (always n-1=8)
        SS^T off-diag histogram = {-5: 2, -3: 4, -1: 24, 1: 40, 3: 2}
        ||SS^T - (9I-J)||_F^2 = 240   (0 would mean DRT; impossible at n=9)
        SS^T =
            8  -1   1   1   1   1   1  -1   1
           -1   8  -1  -1  -1  -1  -5   1  -1
            1  -1   8   1   1   1  -3  -1   1
            1  -1   1   8   1   1   1  -1   1
            1  -1   1   1   8   1  -3  -1   1
            1  -1   1   1   1   8   1  -1   1
            1  -5  -3   1  -3   1   8   3   1
           -1   1  -1  -1  -1  -1   3   8  -1
            1  -1   1   1   1   1   1  -1   8
        upper-triangle arc bits (gentourng line) = 101011111111001110111111101101111101
    --- maximizer #172: class index 181013 (gentourng order) ---
        det(I+S) = 8192 (exact Bareiss verified), d = 32
        score sequence = (1, 3, 3, 3, 4, 5, 5, 6, 6)   regular = False
        H(T) = 1243
        SS^T diag = [8] (always n-1=8)
        SS^T off-diag histogram = {-3: 2, -1: 32, 1: 32, 3: 4, 5: 2}
        ||SS^T - (9I-J)||_F^2 = 272   (0 would mean DRT; impossible at n=9)
        SS^T =
            8  -1  -1  -1   1   1   1   1   1
           -1   8   1   1  -1  -1  -1  -1  -1
           -1   1   8   1   3  -1  -1  -1  -1
           -1   1   1   8   3  -1  -1  -1  -1
            1  -1   3   3   8   1   1   5  -3
            1  -1  -1  -1   1   8   1   1   1
            1  -1  -1  -1   1   1   8   1   1
            1  -1  -1  -1   5   1   1   8   1
            1  -1  -1  -1  -3   1   1   1   8
        upper-triangle arc bits (gentourng line) = 101011011111011110111111101111101111
    --- maximizer #173: class index 181027 (gentourng order) ---
        det(I+S) = 8192 (exact Bareiss verified), d = 32
        score sequence = (2, 3, 3, 3, 4, 4, 5, 6, 6)   regular = False
        H(T) = 1787
        SS^T diag = [8] (always n-1=8)
        SS^T off-diag histogram = {-3: 4, -1: 38, 1: 26, 3: 2, 5: 2}
        ||SS^T - (9I-J)||_F^2 = 224   (0 would mean DRT; impossible at n=9)
        SS^T =
            8  -1  -1  -1  -1   1   1   1  -1
           -1   8   1   1  -3  -1  -1  -1   1
           -1   1   8   1   1  -1  -1  -1   1
           -1   1   1   8   5  -1  -1  -1   1
           -1  -3   1   5   8  -1  -1   3  -3
            1  -1  -1  -1  -1   8   1   1  -1
            1  -1  -1  -1  -1   1   8   1  -1
            1  -1  -1  -1   3   1   1   8  -1
           -1   1   1   1  -3  -1  -1  -1   8
        upper-triangle arc bits (gentourng line) = 101011011111011110111111101110101111
    --- maximizer #174: class index 181461 (gentourng order) ---
        det(I+S) = 8192 (exact Bareiss verified), d = 32
        score sequence = (1, 3, 3, 4, 4, 4, 5, 6, 6)   regular = False
        H(T) = 1305
        SS^T diag = [8] (always n-1=8)
        SS^T off-diag histogram = {-1: 38, 1: 32, 7: 2}
        ||SS^T - (9I-J)||_F^2 = 256   (0 would mean DRT; impossible at n=9)
        SS^T =
            8   1  -1   1   1   1  -1  -1  -1
            1   8  -1   1   1   1  -1  -1  -1
           -1  -1   8  -1  -1  -1   1   1   1
            1   1  -1   8   1   1  -1  -1  -1
            1   1  -1   1   8   1  -1  -1  -1
            1   1  -1   1   1   8   7  -1  -1
           -1  -1   1  -1  -1   7   8   1   1
           -1  -1   1  -1  -1  -1   1   8   1
           -1  -1   1  -1  -1  -1   1   1   8
        upper-triangle arc bits (gentourng line) = 101011111111101110011111101101111111
    --- maximizer #175: class index 181479 (gentourng order) ---
        det(I+S) = 8192 (exact Bareiss verified), d = 32
        score sequence = (2, 3, 3, 3, 4, 4, 5, 6, 6)   regular = False
        H(T) = 1679
        SS^T diag = [8] (always n-1=8)
        SS^T off-diag histogram = {-3: 4, -1: 38, 1: 26, 3: 2, 5: 2}
        ||SS^T - (9I-J)||_F^2 = 224   (0 would mean DRT; impossible at n=9)
        SS^T =
            8   1  -1   1   1  -1  -1  -1   1
            1   8  -1   1   1  -1  -1  -1   1
           -1  -1   8  -1  -1  -3   1   1  -1
            1   1  -1   8   1   3  -1  -1   1
            1   1  -1   1   8  -1  -1  -1   1
           -1  -1  -3   3  -1   8   5  -3  -1
           -1  -1   1  -1  -1   5   8   1  -1
           -1  -1   1  -1  -1  -3   1   8  -1
            1   1  -1   1   1  -1  -1  -1   8
        upper-triangle arc bits (gentourng line) = 101011111111101110011111101101110111
    --- maximizer #176: class index 181484 (gentourng order) ---
        det(I+S) = 8192 (exact Bareiss verified), d = 32
        score sequence = (2, 2, 3, 4, 4, 4, 5, 6, 6)   regular = False
        H(T) = 1509
        SS^T diag = [8] (always n-1=8)
        SS^T off-diag histogram = {-3: 6, -1: 28, 1: 36, 5: 2}
        ||SS^T - (9I-J)||_F^2 = 240   (0 would mean DRT; impossible at n=9)
        SS^T =
            8   1  -1   1   1   1  -3  -1   1
            1   8  -1   1   1   1  -3  -1   1
           -1  -1   8  -1  -1  -1  -1   1  -1
            1   1  -1   8   1   1   1  -1   1
            1   1  -1   1   8   1  -3  -1   1
            1   1  -1   1   1   8   5  -1   1
           -3  -3  -1   1  -3   5   8  -1   1
           -1  -1   1  -1  -1  -1  -1   8  -1
            1   1  -1   1   1   1   1  -1   8
        upper-triangle arc bits (gentourng line) = 101011111111101110011111101101111101
    --- maximizer #177: class index 181790 (gentourng order) ---
        det(I+S) = 8192 (exact Bareiss verified), d = 32
        score sequence = (2, 2, 3, 4, 4, 4, 5, 6, 6)   regular = False
        H(T) = 1445
        SS^T diag = [8] (always n-1=8)
        SS^T off-diag histogram = {-5: 2, -3: 4, -1: 24, 1: 40, 3: 2}
        ||SS^T - (9I-J)||_F^2 = 240   (0 would mean DRT; impossible at n=9)
        SS^T =
            8   3  -1  -1  -1  -1  -1   1  -1
            3   8   1   1  -3   1  -3  -5   1
           -1   1   8   1   1   1   1  -1   1
           -1   1   1   8   1   1   1  -1   1
           -1  -3   1   1   8   1   1  -1   1
           -1   1   1   1   1   8   1  -1   1
           -1  -3   1   1   1   1   8  -1   1
            1  -5  -1  -1  -1  -1  -1   8  -1
           -1   1   1   1   1   1   1  -1   8
        upper-triangle arc bits (gentourng line) = 101011011111101110111110111110111101
    --- maximizer #178: class index 181914 (gentourng order) ---
        det(I+S) = 8192 (exact Bareiss verified), d = 32
        score sequence = (1, 3, 3, 3, 4, 4, 6, 6, 6)   regular = False
        H(T) = 883
        SS^T diag = [8] (always n-1=8)
        SS^T off-diag histogram = {-1: 34, 1: 30, 3: 6, 5: 2}
        ||SS^T - (9I-J)||_F^2 = 288   (0 would mean DRT; impossible at n=9)
        SS^T =
            8   1   1  -1   1   1   3  -1  -1
            1   8   1  -1   1   1  -1  -1  -1
            1   1   8  -1   1   1   3  -1  -1
           -1  -1  -1   8  -1  -1   1   1   1
            1   1   1  -1   8   1  -1  -1  -1
            1   1   1  -1   1   8   3  -1  -1
            3  -1   3   1  -1   3   8   1   5
           -1  -1  -1   1  -1  -1   1   8   1
           -1  -1  -1   1  -1  -1   5   1   8
        upper-triangle arc bits (gentourng line) = 101011111111101110111110101101111111
    --- maximizer #179: class index 181937 (gentourng order) ---
        det(I+S) = 8192 (exact Bareiss verified), d = 32
        score sequence = (2, 2, 3, 3, 4, 4, 6, 6, 6)   regular = False
        H(T) = 1053
        SS^T diag = [8] (always n-1=8)
        SS^T off-diag histogram = {-3: 4, -1: 26, 1: 38, 3: 2, 5: 2}
        ||SS^T - (9I-J)||_F^2 = 272   (0 would mean DRT; impossible at n=9)
        SS^T =
            8   1   1  -1   1   1   1  -1   1
            1   8   1  -1   1   1  -3  -1   1
            1   1   8  -1   1   1   1  -1   1
           -1  -1  -1   8  -1  -1   3   1  -1
            1   1   1  -1   8   1  -3  -1   1
            1   1   1  -1   1   8   1  -1   1
            1  -3   1   3  -3   1   8  -1   5
           -1  -1  -1   1  -1  -1  -1   8  -1
            1   1   1  -1   1   1   5  -1   8
        upper-triangle arc bits (gentourng line) = 101011111111101110111110101101111101
    --- maximizer #180: class index 182332 (gentourng order) ---
        det(I+S) = 8192 (exact Bareiss verified), d = 32
        score sequence = (2, 2, 3, 4, 4, 4, 5, 6, 6)   regular = False
        H(T) = 1509
        SS^T diag = [8] (always n-1=8)
        SS^T off-diag histogram = {-3: 6, -1: 28, 1: 36, 5: 2}
        ||SS^T - (9I-J)||_F^2 = 240   (0 would mean DRT; impossible at n=9)
        SS^T =
            8  -1  -1  -1  -1  -1  -1   1  -1
           -1   8   1   5  -3   1  -3  -1  -3
           -1   1   8   1   1   1   1  -1   1
           -1   5   1   8   1   1   1  -1   1
           -1  -3   1   1   8   1   1  -1   1
           -1   1   1   1   1   8   1  -1   1
           -1  -3   1   1   1   1   8  -1   1
            1  -1  -1  -1  -1  -1  -1   8  -1
           -1  -3   1   1   1   1   1  -1   8
        upper-triangle arc bits (gentourng line) = 101011101111101110111111011011111101
    --- maximizer #181: class index 182845 (gentourng order) ---
        det(I+S) = 8192 (exact Bareiss verified), d = 32
        score sequence = (1, 3, 4, 4, 4, 4, 5, 5, 6)   regular = False
        H(T) = 1511
        SS^T diag = [8] (always n-1=8)
        SS^T off-diag histogram = {-5: 2, -3: 2, -1: 34, 1: 30, 3: 4}
        ||SS^T - (9I-J)||_F^2 = 224   (0 would mean DRT; impossible at n=9)
        SS^T =
            8   1  -1  -1  -1  -1   3   1   1
            1   8  -1  -1  -1  -1  -5   1   1
           -1  -1   8   1   1   1   1  -1  -1
           -1  -1   1   8   1   1  -3  -1  -1
           -1  -1   1   1   8   1   1  -1  -1
           -1  -1   1   1   1   8   1  -1  -1
            3  -5   1  -3   1   1   8   3  -1
            1   1  -1  -1  -1  -1   3   8   1
            1   1  -1  -1  -1  -1  -1   1   8
        upper-triangle arc bits (gentourng line) = 101010111111001110111111101101111111
    --- maximizer #182: class index 182868 (gentourng order) ---
        det(I+S) = 8192 (exact Bareiss verified), d = 32
        score sequence = (2, 3, 3, 4, 4, 4, 5, 5, 6)   regular = False
        H(T) = 1983
        SS^T diag = [8] (always n-1=8)
        SS^T off-diag histogram = {-7: 2, -1: 40, 1: 30}
        ||SS^T - (9I-J)||_F^2 = 192   (0 would mean DRT; impossible at n=9)
        SS^T =
            8   1  -1  -1  -1  -1   1   1  -1
            1   8  -1  -1  -1  -1  -7   1  -1
           -1  -1   8   1   1   1  -1  -1   1
           -1  -1   1   8   1   1  -1  -1   1
           -1  -1   1   1   8   1  -1  -1   1
           -1  -1   1   1   1   8  -1  -1   1
            1  -7  -1  -1  -1  -1   8   1  -1
            1   1  -1  -1  -1  -1   1   8  -1
           -1  -1   1   1   1   1  -1  -1   8
        upper-triangle arc bits (gentourng line) = 101010111111001110111111101101111101
    --- maximizer #183: class index 182882 (gentourng order) ---
        det(I+S) = 8192 (exact Bareiss verified), d = 32
        score sequence = (3, 3, 3, 4, 4, 4, 4, 5, 6)   regular = False
        H(T) = 2387
        SS^T diag = [8] (always n-1=8)
        SS^T off-diag histogram = {-5: 2, -3: 6, -1: 38, 1: 26}
        ||SS^T - (9I-J)||_F^2 = 160   (0 would mean DRT; impossible at n=9)
        SS^T =
            8  -1  -1  -1  -1  -1   1   1   1
           -1   8  -3   1  -3  -3  -5  -1  -1
           -1  -3   8   1   1   1  -1  -1  -1
           -1   1   1   8   1   1  -1  -1  -1
           -1  -3   1   1   8   1  -1  -1  -1
           -1  -3   1   1   1   8  -1  -1  -1
            1  -5  -1  -1  -1  -1   8   1   1
            1  -1  -1  -1  -1  -1   1   8   1
            1  -1  -1  -1  -1  -1   1   1   8
        upper-triangle arc bits (gentourng line) = 101010111111000110111111101101111101
    --- maximizer #184: class index 183678 (gentourng order) ---
        det(I+S) = 8192 (exact Bareiss verified), d = 32
        score sequence = (1, 3, 4, 4, 4, 4, 5, 5, 6)   regular = False
        H(T) = 1575
        SS^T diag = [8] (always n-1=8)
        SS^T off-diag histogram = {-3: 4, -1: 38, 1: 26, 3: 2, 5: 2}
        ||SS^T - (9I-J)||_F^2 = 224   (0 would mean DRT; impossible at n=9)
        SS^T =
            8  -1   1  -1  -1  -1  -1   1   1
           -1   8  -1   1   1   1  -3  -1  -1
            1  -1   8  -1  -1  -1   3   1   1
           -1   1  -1   8   1   1  -3  -1  -1
           -1   1  -1   1   8   1   1  -1  -1
           -1   1  -1   1   1   8   5  -1  -1
           -1  -3   3  -3   1   5   8  -1  -1
            1  -1   1  -1  -1  -1  -1   8   1
            1  -1   1  -1  -1  -1  -1   1   8
        upper-triangle arc bits (gentourng line) = 101010111111101110011111101101111111
    --- maximizer #185: class index 183701 (gentourng order) ---
        det(I+S) = 8192 (exact Bareiss verified), d = 32
        score sequence = (2, 3, 3, 4, 4, 4, 5, 5, 6)   regular = False
        H(T) = 2047
        SS^T diag = [8] (always n-1=8)
        SS^T off-diag histogram = {-5: 2, -3: 4, -1: 36, 1: 28, 3: 2}
        ||SS^T - (9I-J)||_F^2 = 192   (0 would mean DRT; impossible at n=9)
        SS^T =
            8  -1   1  -1  -1  -1  -3   1  -1
           -1   8  -1   1   1   1  -5  -1   1
            1  -1   8  -1  -1  -1   1   1  -1
           -1   1  -1   8   1   1  -1  -1   1
           -1   1  -1   1   8   1  -1  -1   1
           -1   1  -1   1   1   8   3  -1   1
           -3  -5   1  -1  -1   3   8  -3  -1
            1  -1   1  -1  -1  -1  -3   8  -1
           -1   1  -1   1   1   1  -1  -1   8
        upper-triangle arc bits (gentourng line) = 101010111111101110011111101101111101
    --- maximizer #186: class index 184253 (gentourng order) ---
        det(I+S) = 8192 (exact Bareiss verified), d = 32
        score sequence = (1, 3, 4, 4, 4, 4, 5, 5, 6)   regular = False
        H(T) = 1517
        SS^T diag = [8] (always n-1=8)
        SS^T off-diag histogram = {-3: 4, -1: 38, 1: 26, 3: 2, 5: 2}
        ||SS^T - (9I-J)||_F^2 = 224   (0 would mean DRT; impossible at n=9)
        SS^T =
            8  -1  -1   1   1   1   1  -1  -1
           -1   8   1  -1  -1  -1  -1   1   1
           -1   1   8  -1  -1  -1  -1   1   1
            1  -1  -1   8   1   1  -3  -1  -1
            1  -1  -1   1   8   1  -3  -1  -1
            1  -1  -1   1   1   8   5  -1  -1
            1  -1  -1  -3  -3   5   8   3  -1
           -1   1   1  -1  -1  -1   3   8   1
           -1   1   1  -1  -1  -1  -1   1   8
        upper-triangle arc bits (gentourng line) = 101011111111001110011111101101111111
    --- maximizer #187: class index 184276 (gentourng order) ---
        det(I+S) = 8192 (exact Bareiss verified), d = 32
        score sequence = (2, 3, 3, 4, 4, 4, 5, 5, 6)   regular = False
        H(T) = 1989
        SS^T diag = [8] (always n-1=8)
        SS^T off-diag histogram = {-5: 2, -3: 4, -1: 36, 1: 28, 3: 2}
        ||SS^T - (9I-J)||_F^2 = 192   (0 would mean DRT; impossible at n=9)
        SS^T =
            8  -1  -1   1   1   1  -1  -1   1
           -1   8   1  -1  -1  -1  -3   1  -1
           -1   1   8  -1  -1  -1  -3   1  -1
            1  -1  -1   8   1   1  -1  -1   1
            1  -1  -1   1   8   1  -5  -1   1
            1  -1  -1   1   1   8   3  -1   1
           -1  -3  -3  -1  -5   3   8   1  -1
           -1   1   1  -1  -1  -1   1   8  -1
            1  -1  -1   1   1   1  -1  -1   8
        upper-triangle arc bits (gentourng line) = 101011111111001110011111101101111101
    --- maximizer #188: class index 184588 (gentourng order) ---
        det(I+S) = 8192 (exact Bareiss verified), d = 32
        score sequence = (2, 3, 3, 4, 4, 4, 5, 5, 6)   regular = False
        H(T) = 1989
        SS^T diag = [8] (always n-1=8)
        SS^T off-diag histogram = {-5: 2, -3: 4, -1: 36, 1: 28, 3: 2}
        ||SS^T - (9I-J)||_F^2 = 192   (0 would mean DRT; impossible at n=9)
        SS^T =
            8   1  -1  -1  -1  -1   1   1  -1
            1   8  -1   3  -5  -1  -3  -3  -1
           -1  -1   8   1   1   1  -1  -1   1
           -1   3   1   8   1   1  -1  -1   1
           -1  -5   1   1   8   1  -1  -1   1
           -1  -1   1   1   1   8  -1  -1   1
            1  -3  -1  -1  -1  -1   8   1  -1
            1  -3  -1  -1  -1  -1   1   8  -1
           -1  -1   1   1   1   1  -1  -1   8
        upper-triangle arc bits (gentourng line) = 101011011111001110111110111110111101
    --- maximizer #189: class index 184762 (gentourng order) ---
        det(I+S) = 8192 (exact Bareiss verified), d = 32
        score sequence = (1, 3, 3, 4, 4, 4, 5, 6, 6)   regular = False
        H(T) = 1103
        SS^T diag = [8] (always n-1=8)
        SS^T off-diag histogram = {-3: 2, -1: 36, 1: 28, 3: 4, 5: 2}
        ||SS^T - (9I-J)||_F^2 = 256   (0 would mean DRT; impossible at n=9)
        SS^T =
            8  -1   1  -1   1   1   5  -1  -1
           -1   8  -1   1  -1  -1  -1   1   1
            1  -1   8  -1   1   1   1  -1  -1
           -1   1  -1   8  -1  -1  -1   1   1
            1  -1   1  -1   8   1  -3  -1  -1
            1  -1   1  -1   1   8   1  -1  -1
            5  -1   1  -1  -3   1   8   3   3
           -1   1  -1   1  -1  -1   3   8   1
           -1   1  -1   1  -1  -1   3   1   8
        upper-triangle arc bits (gentourng line) = 101011111111001110111110101101111111
    --- maximizer #190: class index 184785 (gentourng order) ---
        det(I+S) = 8192 (exact Bareiss verified), d = 32
        score sequence = (2, 3, 3, 3, 4, 4, 5, 6, 6)   regular = False
        H(T) = 1541
        SS^T diag = [8] (always n-1=8)
        SS^T off-diag histogram = {-5: 2, -3: 2, -1: 34, 1: 30, 3: 4}
        ||SS^T - (9I-J)||_F^2 = 224   (0 would mean DRT; impossible at n=9)
        SS^T =
            8  -1   1  -1   1   1   3  -1   1
           -1   8  -1   1  -1  -1  -3   1  -1
            1  -1   8  -1   1   1  -1  -1   1
           -1   1  -1   8  -1  -1   1   1  -1
            1  -1   1  -1   8   1  -5  -1   1
            1  -1   1  -1   1   8  -1  -1   1
            3  -3  -1   1  -5  -1   8   1   3
           -1   1  -1   1  -1  -1   1   8  -1
            1  -1   1  -1   1   1   3  -1   8
        upper-triangle arc bits (gentourng line) = 101011111111001110111110101101111101
    --- maximizer #191: class index 185486 (gentourng order) ---
        det(I+S) = 8192 (exact Bareiss verified), d = 32
        score sequence = (1, 3, 3, 4, 4, 4, 5, 6, 6)   regular = False
        H(T) = 1167
        SS^T diag = [8] (always n-1=8)
        SS^T off-diag histogram = {-3: 2, -1: 36, 1: 28, 3: 4, 5: 2}
        ||SS^T - (9I-J)||_F^2 = 256   (0 would mean DRT; impossible at n=9)
        SS^T =
            8   1  -1  -1   1   1   1  -1  -1
            1   8  -1  -1   1   1   1  -1  -1
           -1  -1   8   1  -1  -1   3   1   1
           -1  -1   1   8  -1  -1  -1   1   1
            1   1  -1  -1   8   1  -3  -1  -1
            1   1  -1  -1   1   8   5  -1  -1
            1   1   3  -1  -3   5   8  -1   3
           -1  -1   1   1  -1  -1  -1   8   1
           -1  -1   1   1  -1  -1   3   1   8
        upper-triangle arc bits (gentourng line) = 101011111111101110011110101101111111
    --- maximizer #192: class index 185509 (gentourng order) ---
        det(I+S) = 8192 (exact Bareiss verified), d = 32
        score sequence = (2, 3, 3, 3, 4, 4, 5, 6, 6)   regular = False
        H(T) = 1605
        SS^T diag = [8] (always n-1=8)
        SS^T off-diag histogram = {-5: 2, -3: 2, -1: 34, 1: 30, 3: 4}
        ||SS^T - (9I-J)||_F^2 = 224   (0 would mean DRT; impossible at n=9)
        SS^T =
            8   1  -1  -1   1   1  -1  -1   1
            1   8  -1  -1   1   1  -1  -1   1
           -1  -1   8   1  -1  -1   1   1  -1
           -1  -1   1   8  -1  -1   1   1  -1
            1   1  -1  -1   8   1  -5  -1   1
            1   1  -1  -1   1   8   3  -1   1
           -1  -1   1   1  -5   3   8  -3   3
           -1  -1   1   1  -1  -1  -3   8  -1
            1   1  -1  -1   1   1   3  -1   8
        upper-triangle arc bits (gentourng line) = 101011111111101110011110101101111101
    --- maximizer #193: class index 185676 (gentourng order) ---
        det(I+S) = 8192 (exact Bareiss verified), d = 32
        score sequence = (1, 2, 4, 4, 4, 4, 5, 6, 6)   regular = False
        H(T) = 1121
        SS^T diag = [8] (always n-1=8)
        SS^T off-diag histogram = {-3: 4, -1: 26, 1: 38, 3: 2, 5: 2}
        ||SS^T - (9I-J)||_F^2 = 272   (0 would mean DRT; impossible at n=9)
        SS^T =
            8  -1  -1  -1  -1  -1  -1  -1   1
           -1   8   1   1   1   1   1  -3  -1
           -1   1   8   1   1   1   1   1  -1
           -1   1   1   8   1   1   1  -3  -1
           -1   1   1   1   8   1   1   5  -1
           -1   1   1   1   1   8   1   1  -1
           -1   1   1   1   1   1   8   1  -1
           -1  -3   1  -3   5   1   1   8   3
            1  -1  -1  -1  -1  -1  -1   3   8
        upper-triangle arc bits (gentourng line) = 101011011111011110111111101011111111
    --- maximizer #194: class index 185681 (gentourng order) ---
        det(I+S) = 8192 (exact Bareiss verified), d = 32
        score sequence = (0, 2, 4, 4, 4, 4, 6, 6, 6)   regular = False
        H(T) = 333
        SS^T diag = [8] (always n-1=8)
        SS^T off-diag histogram = {-3: 6, 1: 64, 5: 2}
        ||SS^T - (9I-J)||_F^2 = 352   (0 would mean DRT; impossible at n=9)
        SS^T =
            8   1   1   1   1   1   1   1  -3
            1   8   1   1   1   1   1   1  -3
            1   1   8   1   1   1   1   1  -3
            1   1   1   8   1   1   1   1   1
            1   1   1   1   8   1   1   1   1
            1   1   1   1   1   8   1   1   1
            1   1   1   1   1   1   8   1   1
            1   1   1   1   1   1   1   8   5
           -3  -3  -3   1   1   1   1   5   8
        upper-triangle arc bits (gentourng line) = 101011111111011110111111011011111111
    --- maximizer #195: class index 185682 (gentourng order) ---
        det(I+S) = 8192 (exact Bareiss verified), d = 32
        score sequence = (1, 2, 4, 4, 4, 4, 5, 6, 6)   regular = False
        H(T) = 1155
        SS^T diag = [8] (always n-1=8)
        SS^T off-diag histogram = {-5: 2, -3: 2, -1: 22, 1: 42, 3: 4}
        ||SS^T - (9I-J)||_F^2 = 272   (0 would mean DRT; impossible at n=9)
        SS^T =
            8  -1  -1  -1  -1  -1  -1  -1  -3
           -1   8   1   1   1   1   1   1  -5
           -1   1   8   1   1   1   1   1  -1
           -1   1   1   8   1   1   1   1  -1
           -1   1   1   1   8   1   1   1   3
           -1   1   1   1   1   8   1   1  -1
           -1   1   1   1   1   1   8   1  -1
           -1   1   1   1   1   1   1   8   3
           -3  -5  -1  -1   3  -1  -1   3   8
        upper-triangle arc bits (gentourng line) = 101011101111011110111111011011111111
    --- maximizer #196: class index 185683 (gentourng order) ---
        det(I+S) = 8192 (exact Bareiss verified), d = 32
        score sequence = (1, 2, 3, 4, 4, 4, 6, 6, 6)   regular = False
        H(T) = 675
        SS^T diag = [8] (always n-1=8)
        SS^T off-diag histogram = {-1: 26, 1: 44, 7: 2}
        ||SS^T - (9I-J)||_F^2 = 304   (0 would mean DRT; impossible at n=9)
        SS^T =
            8   1   1  -1   1   1   1   1  -1
            1   8   1  -1   1   1   1   1  -1
            1   1   8  -1   1   1   1   1  -1
           -1  -1  -1   8  -1  -1  -1  -1   1
            1   1   1  -1   8   1   1   1  -1
            1   1   1  -1   1   8   1   1  -1
            1   1   1  -1   1   1   8   1  -1
            1   1   1  -1   1   1   1   8   7
           -1  -1  -1   1  -1  -1  -1   7   8
        upper-triangle arc bits (gentourng line) = 101011111111011110111111001011111111
    --- maximizer #197: class index 185684 (gentourng order) ---
        det(I+S) = 8192 (exact Bareiss verified), d = 32
        score sequence = (1, 2, 3, 4, 4, 4, 6, 6, 6)   regular = False
        H(T) = 825
        SS^T diag = [8] (always n-1=8)
        SS^T off-diag histogram = {-5: 2, -1: 20, 1: 44, 3: 6}
        ||SS^T - (9I-J)||_F^2 = 304   (0 would mean DRT; impossible at n=9)
        SS^T =
            8   1   1   1  -1   1   1   1  -5
            1   8   1   1  -1   1   1   1  -1
            1   1   8   1  -1   1   1   1  -1
            1   1   1   8  -1   1   1   1   3
           -1  -1  -1  -1   8  -1  -1  -1   1
            1   1   1   1  -1   8   1   1  -1
            1   1   1   1  -1   1   8   1   3
            1   1   1   1  -1   1   1   8   3
           -5  -1  -1   3   1  -1   3   3   8
        upper-triangle arc bits (gentourng line) = 101011111111011110111111011010111111
    --- maximizer #198: class index 185685 (gentourng order) ---
        det(I+S) = 8192 (exact Bareiss verified), d = 32
        score sequence = (1, 1, 4, 4, 4, 4, 6, 6, 6)   regular = False
        H(T) = 567
        SS^T diag = [8] (always n-1=8)
        SS^T off-diag histogram = {-1: 22, 1: 42, 3: 6, 5: 2}
        ||SS^T - (9I-J)||_F^2 = 336   (0 would mean DRT; impossible at n=9)
        SS^T =
            8   1   1   1   1   1   1  -1  -1
            1   8   1   1   1   1   1  -1  -1
            1   1   8   1   1   1   1  -1  -1
            1   1   1   8   1   1   1  -1  -1
            1   1   1   1   8   1   1  -1   3
            1   1   1   1   1   8   1  -1   3
            1   1   1   1   1   1   8  -1   3
           -1  -1  -1  -1  -1  -1  -1   8   5
           -1  -1  -1  -1   3   3   3   5   8
        upper-triangle arc bits (gentourng line) = 101011111111011110111111011011111110
    --- maximizer #199: class index 185690 (gentourng order) ---
        det(I+S) = 8192 (exact Bareiss verified), d = 32
        score sequence = (1, 2, 3, 4, 4, 4, 6, 6, 6)   regular = False
        H(T) = 889
        SS^T diag = [8] (always n-1=8)
        SS^T off-diag histogram = {-3: 2, -1: 24, 1: 40, 3: 4, 5: 2}
        ||SS^T - (9I-J)||_F^2 = 304   (0 would mean DRT; impossible at n=9)
        SS^T =
            8   1   1   1  -1   1   1  -3  -1
            1   8   1   1  -1   1   1   1  -1
            1   1   8   1  -1   1   1   1  -1
            1   1   1   8  -1   1   1   1  -1
           -1  -1  -1  -1   8  -1  -1   3   1
            1   1   1   1  -1   8   1   1  -1
            1   1   1   1  -1   1   8   5  -1
           -3   1   1   1   3   1   5   8   3
           -1  -1  -1  -1   1  -1  -1   3   8
        upper-triangle arc bits (gentourng line) = 101011111111011110111111101001111111
    --- maximizer #200: class index 185699 (gentourng order) ---
        det(I+S) = 8192 (exact Bareiss verified), d = 32
        score sequence = (1, 3, 4, 4, 4, 4, 5, 5, 6)   regular = False
        H(T) = 1535
        SS^T diag = [8] (always n-1=8)
        SS^T off-diag histogram = {-5: 2, -3: 2, -1: 34, 1: 30, 3: 4}
        ||SS^T - (9I-J)||_F^2 = 224   (0 would mean DRT; impossible at n=9)
        SS^T =
            8   1  -1  -1  -1  -1  -1   1   1
            1   8  -1  -1  -1  -1  -1  -3   1
           -1  -1   8   1   1   1   1  -1  -1
           -1  -1   1   8   1   1   1  -5  -1
           -1  -1   1   1   8   1   1   3  -1
           -1  -1   1   1   1   8   1  -1  -1
           -1  -1   1   1   1   1   8   3  -1
            1  -3  -1  -5   3  -1   3   8   1
            1   1  -1  -1  -1  -1  -1   1   8
        upper-triangle arc bits (gentourng line) = 101011011111001110111111101011111111
    --- maximizer #201: class index 185728 (gentourng order) ---
        det(I+S) = 8192 (exact Bareiss verified), d = 32
        score sequence = (2, 2, 4, 4, 4, 4, 5, 5, 6)   regular = False
        H(T) = 1837
        SS^T diag = [8] (always n-1=8)
        SS^T off-diag histogram = {-5: 2, -3: 6, -1: 26, 1: 38}
        ||SS^T - (9I-J)||_F^2 = 208   (0 would mean DRT; impossible at n=9)
        SS^T =
            8   1  -1  -1  -1  -1  -1  -1  -1
            1   8  -1  -1  -1  -1  -1  -5  -1
           -1  -1   8   1   1   1   1  -3   1
           -1  -1   1   8   1   1   1  -3   1
           -1  -1   1   1   8   1   1   1   1
           -1  -1   1   1   1   8   1  -3   1
           -1  -1   1   1   1   1   8   1   1
           -1  -5  -3  -3   1  -3   1   8   1
           -1  -1   1   1   1   1   1   1   8
        upper-triangle arc bits (gentourng line) = 101011011111001110111111101011111110
    --- maximizer #202: class index 185752 (gentourng order) ---
        det(I+S) = 8192 (exact Bareiss verified), d = 32
        score sequence = (1, 3, 3, 4, 4, 4, 5, 6, 6)   regular = False
        H(T) = 1097
        SS^T diag = [8] (always n-1=8)
        SS^T off-diag histogram = {-3: 2, -1: 36, 1: 28, 3: 4, 5: 2}
        ||SS^T - (9I-J)||_F^2 = 256   (0 would mean DRT; impossible at n=9)
        SS^T =
            8  -1  -1   1  -1  -1  -1   1   1
           -1   8   1  -1   1   1   1  -1  -1
           -1   1   8  -1   1   1   1   3  -1
            1  -1  -1   8  -1  -1  -1  -3   1
           -1   1   1  -1   8   1   1   3  -1
           -1   1   1  -1   1   8   1  -1  -1
           -1   1   1  -1   1   1   8  -1  -1
            1  -1   3  -3   3  -1  -1   8   5
            1  -1  -1   1  -1  -1  -1   5   8
        upper-triangle arc bits (gentourng line) = 101011011111011110111111001011111111
    --- maximizer #203: class index 185765 (gentourng order) ---
        det(I+S) = 8192 (exact Bareiss verified), d = 32
        score sequence = (2, 3, 3, 4, 4, 4, 5, 5, 6)   regular = False
        H(T) = 2047
        SS^T diag = [8] (always n-1=8)
        SS^T off-diag histogram = {-5: 2, -3: 4, -1: 36, 1: 28, 3: 2}
        ||SS^T - (9I-J)||_F^2 = 192   (0 would mean DRT; impossible at n=9)
        SS^T =
            8  -1  -3   3  -3  -1  -1   1  -5
           -1   8  -1   1  -1   1   1  -1   1
           -3  -1   8  -1   1  -1  -1   1  -1
            3   1  -1   8  -1   1   1  -1   1
           -3  -1   1  -1   8  -1  -1   1  -1
           -1   1  -1   1  -1   8   1  -1   1
           -1   1  -1   1  -1   1   8  -1   1
            1  -1   1  -1   1  -1  -1   8  -1
           -5   1  -1   1  -1   1   1  -1   8
        upper-triangle arc bits (gentourng line) = 101011011111011110110111011010111111
    --- maximizer #204: class index 185781 (gentourng order) ---
        det(I+S) = 8192 (exact Bareiss verified), d = 32
        score sequence = (2, 2, 3, 4, 4, 4, 5, 6, 6)   regular = False
        H(T) = 1365
        SS^T diag = [8] (always n-1=8)
        SS^T off-diag histogram = {-3: 6, -1: 28, 1: 36, 5: 2}
        ||SS^T - (9I-J)||_F^2 = 240   (0 would mean DRT; impossible at n=9)
        SS^T =
            8  -1  -1   1  -1  -1  -1  -1  -1
           -1   8   1  -1   1   1   1  -3   1
           -1   1   8  -1   1   1   1   1   1
            1  -1  -1   8  -1  -1  -1  -1  -1
           -1   1   1  -1   8   1   1   1   1
           -1   1   1  -1   1   8   1  -3   1
           -1   1   1  -1   1   1   8  -3   1
           -1  -3   1  -1   1  -3  -3   8   5
           -1   1   1  -1   1   1   1   5   8
        upper-triangle arc bits (gentourng line) = 101011011111011110111111001011111110
    --- maximizer #205: class index 185801 (gentourng order) ---
        det(I+S) = 8192 (exact Bareiss verified), d = 32
        score sequence = (0, 4, 4, 4, 4, 5, 5, 5, 5)   regular = False
        H(T) = 657
        SS^T diag = [8] (always n-1=8)
        SS^T off-diag histogram = {-5: 2, -1: 32, 1: 32, 3: 6}
        ||SS^T - (9I-J)||_F^2 = 256   (0 would mean DRT; impossible at n=9)
        SS^T =
            8   1   1   1  -1  -1  -1  -1  -1
            1   8   1   1  -1  -1  -1  -1  -1
            1   1   8   1  -1  -1  -1  -1  -1
            1   1   1   8   3   3   3  -5  -1
           -1  -1  -1   3   8   1   1   1   1
           -1  -1  -1   3   1   8   1   1   1
           -1  -1  -1   3   1   1   8   1   1
           -1  -1  -1  -5   1   1   1   8   1
           -1  -1  -1  -1   1   1   1   1   8
        upper-triangle arc bits (gentourng line) = 101011011111001110101111111011111111
    --- maximizer #206: class index 185803 (gentourng order) ---
        det(I+S) = 8192 (exact Bareiss verified), d = 32
        score sequence = (1, 4, 4, 4, 4, 4, 5, 5, 5)   regular = False
        H(T) = 1809
        SS^T diag = [8] (always n-1=8)
        SS^T off-diag histogram = {-7: 2, -1: 40, 1: 30}
        ||SS^T - (9I-J)||_F^2 = 192   (0 would mean DRT; impossible at n=9)
        SS^T =
            8   1   1  -1  -1  -1  -1  -1   1
            1   8   1  -1  -1  -1  -1  -1   1
            1   1   8  -1  -1  -1  -1  -1   1
           -1  -1  -1   8   1   1   1  -7  -1
           -1  -1  -1   1   8   1   1   1  -1
           -1  -1  -1   1   1   8   1   1  -1
           -1  -1  -1   1   1   1   8   1  -1
           -1  -1  -1  -7   1   1   1   8  -1
            1   1   1  -1  -1  -1  -1  -1   8
        upper-triangle arc bits (gentourng line) = 101011011111001110101111101011111111
    --- maximizer #207: class index 185814 (gentourng order) ---
        det(I+S) = 8192 (exact Bareiss verified), d = 32
        score sequence = (2, 3, 4, 4, 4, 4, 5, 5, 5)   regular = False
        H(T) = 2379
        SS^T diag = [8] (always n-1=8)
        SS^T off-diag histogram = {-5: 2, -3: 6, -1: 38, 1: 26}
        ||SS^T - (9I-J)||_F^2 = 160   (0 would mean DRT; impossible at n=9)
        SS^T =
            8   1   1  -1  -1  -1  -1  -3  -1
            1   8   1  -1  -1  -1  -1  -3  -1
            1   1   8  -1  -1  -1  -1  -3  -1
           -1  -1  -1   8   1   1   1  -5   1
           -1  -1  -1   1   8   1   1  -1   1
           -1  -1  -1   1   1   8   1  -1   1
           -1  -1  -1   1   1   1   8  -1   1
           -3  -3  -3  -5  -1  -1  -1   8  -1
           -1  -1  -1   1   1   1   1  -1   8
        upper-triangle arc bits (gentourng line) = 101011011111001110101111101011111110
    --- maximizer #208: class index 185840 (gentourng order) ---
        det(I+S) = 8192 (exact Bareiss verified), d = 32
        score sequence = (1, 3, 4, 4, 4, 4, 5, 5, 6)   regular = False
        H(T) = 1379
        SS^T diag = [8] (always n-1=8)
        SS^T off-diag histogram = {-5: 2, -3: 2, -1: 34, 1: 30, 3: 4}
        ||SS^T - (9I-J)||_F^2 = 224   (0 would mean DRT; impossible at n=9)
        SS^T =
            8   1  -1   1  -1  -1  -1   3   1
            1   8  -1   1  -1  -1  -1  -1   1
           -1  -1   8  -1   1   1   1   1  -1
            1   1  -1   8  -1  -1  -1  -5   1
           -1  -1   1  -1   8   1   1   1  -1
           -1  -1   1  -1   1   8   1  -3  -1
           -1  -1   1  -1   1   1   8   1  -1
            3  -1   1  -5   1  -3   1   8   3
            1   1  -1   1  -1  -1  -1   3   8
        upper-triangle arc bits (gentourng line) = 101011011111001110111111001011111111
    --- maximizer #209: class index 185869 (gentourng order) ---
        det(I+S) = 8192 (exact Bareiss verified), d = 32
        score sequence = (2, 3, 3, 4, 4, 4, 5, 5, 6)   regular = False
        H(T) = 1915
        SS^T diag = [8] (always n-1=8)
        SS^T off-diag histogram = {-5: 2, -3: 4, -1: 36, 1: 28, 3: 2}
        ||SS^T - (9I-J)||_F^2 = 192   (0 would mean DRT; impossible at n=9)
        SS^T =
            8   1  -1   1  -1  -1  -1   1  -1
            1   8  -1   1  -1  -1  -1  -3  -1
           -1  -1   8  -1   1   1   1  -1   1
            1   1  -1   8  -1  -1  -1  -3  -1
           -1  -1   1  -1   8   1   1  -1   1
           -1  -1   1  -1   1   8   1  -5   1
           -1  -1   1  -1   1   1   8  -1   1
            1  -3  -1  -3  -1  -5  -1   8   3
           -1  -1   1  -1   1   1   1   3   8
        upper-triangle arc bits (gentourng line) = 101011011111001110111111001011111110
    --- maximizer #210: class index 186338 (gentourng order) ---
        det(I+S) = 8192 (exact Bareiss verified), d = 32
        score sequence = (2, 2, 3, 4, 4, 5, 5, 5, 6)   regular = False
        H(T) = 1599
        SS^T diag = [8] (always n-1=8)
        SS^T off-diag histogram = {-5: 2, -3: 2, -1: 34, 1: 30, 3: 4}
        ||SS^T - (9I-J)||_F^2 = 224   (0 would mean DRT; impossible at n=9)
        SS^T =
            8  -3  -1  -1  -1   1  -1   1  -1
           -3   8   3  -1  -1   1  -5   1   3
           -1   3   8   1   1  -1   1  -1   1
           -1  -1   1   8   1  -1   1  -1   1
           -1  -1   1   1   8  -1   1  -1   1
            1   1  -1  -1  -1   8  -1   1  -1
           -1  -5   1   1   1  -1   8  -1   1
            1   1  -1  -1  -1   1  -1   8  -1
           -1   3   1   1   1  -1   1  -1   8
        upper-triangle arc bits (gentourng line) = 101010111110101110111111101101111101
    --- maximizer #211: class index 187543 (gentourng order) ---
        det(I+S) = 8192 (exact Bareiss verified), d = 32
        score sequence = (1, 3, 3, 4, 4, 5, 5, 5, 6)   regular = False
        H(T) = 1373
        SS^T diag = [8] (always n-1=8)
        SS^T off-diag histogram = {-3: 4, -1: 34, 1: 30, 3: 2, 5: 2}
        ||SS^T - (9I-J)||_F^2 = 240   (0 would mean DRT; impossible at n=9)
        SS^T =
            8  -1  -1   1   1   3  -1  -1  -1
           -1   8   1  -1  -1   1   1   1   1
           -1   1   8  -1  -1  -3   1   1   1
            1  -1  -1   8   1  -1  -1  -1  -1
            1  -1  -1   1   8  -1  -1  -1  -1
            3   1  -3  -1  -1   8   5   1  -3
           -1   1   1  -1  -1   5   8   1   1
           -1   1   1  -1  -1   1   1   8   1
           -1   1   1  -1  -1  -3   1   1   8
        upper-triangle arc bits (gentourng line) = 101011111110101110011111101101111111
    --- maximizer #212: class index 187561 (gentourng order) ---
        det(I+S) = 8192 (exact Bareiss verified), d = 32
        score sequence = (2, 3, 3, 4, 4, 4, 5, 5, 6)   regular = False
        H(T) = 2015
        SS^T diag = [8] (always n-1=8)
        SS^T off-diag histogram = {-5: 2, -3: 4, -1: 36, 1: 28, 3: 2}
        ||SS^T - (9I-J)||_F^2 = 192   (0 would mean DRT; impossible at n=9)
        SS^T =
            8  -1  -1   1   1   1  -1  -1   1
           -1   8   1  -1  -1  -1   1   1  -1
           -1   1   8  -1  -1  -5   1   1  -1
            1  -1  -1   8   1   1  -1  -1   1
            1  -1  -1   1   8  -3  -1  -1   1
            1  -1  -5   1  -3   8   3  -1  -3
           -1   1   1  -1  -1   3   8   1  -1
           -1   1   1  -1  -1  -1   1   8  -1
            1  -1  -1   1   1  -3  -1  -1   8
        upper-triangle arc bits (gentourng line) = 101011111110101110011111101101110111
    --- maximizer #213: class index 187939 (gentourng order) ---
        det(I+S) = 8192 (exact Bareiss verified), d = 32
        score sequence = (2, 2, 3, 4, 4, 5, 5, 5, 6)   regular = False
        H(T) = 1541
        SS^T diag = [8] (always n-1=8)
        SS^T off-diag histogram = {-5: 2, -3: 2, -1: 34, 1: 30, 3: 4}
        ||SS^T - (9I-J)||_F^2 = 224   (0 would mean DRT; impossible at n=9)
        SS^T =
            8   1  -1  -1  -1   1  -1   1  -1
            1   8   3  -1  -5   1  -1  -3   3
           -1   3   8   1   1  -1   1  -1   1
           -1  -1   1   8   1  -1   1  -1   1
           -1  -5   1   1   8  -1   1  -1   1
            1   1  -1  -1  -1   8  -1   1  -1
           -1  -1   1   1   1  -1   8  -1   1
            1  -3  -1  -1  -1   1  -1   8  -1
           -1   3   1   1   1  -1   1  -1   8
        upper-triangle arc bits (gentourng line) = 101011011110101110111110111110111101
    --- maximizer #214: class index 188325 (gentourng order) ---
        det(I+S) = 8192 (exact Bareiss verified), d = 32
        score sequence = (2, 2, 2, 4, 4, 5, 5, 6, 6)   regular = False
        H(T) = 1053
        SS^T diag = [8] (always n-1=8)
        SS^T off-diag histogram = {-3: 4, -1: 26, 1: 38, 3: 2, 5: 2}
        ||SS^T - (9I-J)||_F^2 = 272   (0 would mean DRT; impossible at n=9)
        SS^T =
            8  -1  -1  -1  -1   1  -1  -1  -1
           -1   8   5   1  -3   3   1   1  -3
           -1   5   8   1   1  -1   1   1   1
           -1   1   1   8   1  -1   1   1   1
           -1  -3   1   1   8  -1   1   1   1
            1   3  -1  -1  -1   8  -1  -1  -1
           -1   1   1   1   1  -1   8   1   1
           -1   1   1   1   1  -1   1   8   1
           -1  -3   1   1   1  -1   1   1   8
        upper-triangle arc bits (gentourng line) = 101011101110111110111111011011111101
    --- maximizer #215: class index 188525 (gentourng order) ---
        det(I+S) = 8192 (exact Bareiss verified), d = 32
        score sequence = (2, 2, 3, 4, 4, 5, 5, 5, 6)   regular = False
        H(T) = 1605
        SS^T diag = [8] (always n-1=8)
        SS^T off-diag histogram = {-5: 2, -3: 2, -1: 34, 1: 30, 3: 4}
        ||SS^T - (9I-J)||_F^2 = 224   (0 would mean DRT; impossible at n=9)
        SS^T =
            8  -3  -1  -1  -1   1  -1   1  -1
           -3   8   3   3  -5   1  -1   1  -1
           -1   3   8   1   1  -1   1  -1   1
           -1   3   1   8   1  -1   1  -1   1
           -1  -5   1   1   8  -1   1  -1   1
            1   1  -1  -1  -1   8  -1   1  -1
           -1  -1   1   1   1  -1   8  -1   1
            1   1  -1  -1  -1   1  -1   8  -1
           -1  -1   1   1   1  -1   1  -1   8
        upper-triangle arc bits (gentourng line) = 101011101110101110111111011011111101
    --- maximizer #216: class index 189551 (gentourng order) ---
        det(I+S) = 8192 (exact Bareiss verified), d = 32
        score sequence = (2, 3, 3, 4, 4, 4, 5, 5, 6)   regular = False
        H(T) = 1947
        SS^T diag = [8] (always n-1=8)
        SS^T off-diag histogram = {-5: 2, -3: 4, -1: 36, 1: 28, 3: 2}
        ||SS^T - (9I-J)||_F^2 = 192   (0 would mean DRT; impossible at n=9)
        SS^T =
            8  -1  -1  -1  -1   1   1   1  -1
           -1   8   1  -3  -3  -1  -5   3   1
           -1   1   8   1   1  -1  -1  -1   1
           -1  -3   1   8   1  -1  -1  -1   1
           -1  -3   1   1   8  -1  -1  -1   1
            1  -1  -1  -1  -1   8   1   1  -1
            1  -5  -1  -1  -1   1   8   1  -1
            1   3  -1  -1  -1   1   1   8  -1
           -1   1   1   1   1  -1  -1  -1   8
        upper-triangle arc bits (gentourng line) = 101010111110001110111111101101111101

[2b] EXACT S-SPECTRA OF THE 216 MAXIMIZERS
     (charpoly of S is invariant under switching = DSD similarity,
      iso, and reversal; distinct charpolys lower-bound the number of
      switching classes among the maximizers)
     distinct S-charpolys among maximizers: 1
     p(x) = 1x^9 + 36x^7 + 462x^5 + 2548x^3 + 5145x^1
        216 classes, first/last index: 11262/189551

[3] FLOOR at n=9
    classes with d = 1: 30
    locally transitive classes: 30
    per-class set equality (d=1 <=> locally transitive): True
[    19.5s] verification: exact Bareiss on ALL d=1 classes...
    exact Bareiss verified det(I+S)=256 on all 30 floor classes
    score sequences of d=1 classes: [((0, 1, 2, 3, 4, 5, 6, 7, 8), 1), ((1, 1, 2, 3, 4, 5, 6, 7, 7), 1), ((1, 2, 2, 3, 4, 5, 6, 6, 7), 2), ((1, 2, 3, 3, 4, 5, 5, 6, 7), 2), ((1, 2, 3, 4, 4, 4, 5, 6, 7), 1), ((2, 2, 2, 3, 4, 5, 6, 6, 6), 1), ((2, 2, 3, 3, 4, 5, 5, 6, 6), 3), ((2, 2, 3, 4, 4, 4, 5, 6, 6), 1), ((2, 3, 3, 3, 4, 5, 5, 5, 6), 3), ((2, 3, 3, 4, 4, 4, 5, 5, 6), 4), ((2, 3, 4, 4, 4, 4, 4, 5, 6), 1), ((3, 3, 3, 3, 4, 5, 5, 5, 5), 1), ((3, 3, 3, 4, 4, 4, 5, 5, 5), 4), ((3, 3, 4, 4, 4, 4, 4, 5, 5), 3), ((3, 4, 4, 4, 4, 4, 4, 4, 5), 1), ((4, 4, 4, 4, 4, 4, 4, 4, 4), 1)]

[4] d vs H ACROSS ALL 191536 CLASSES
    Pearson r(d, H) = 0.002503
    H range: [1, 3357]
    H-maximizer classes (1): [(26294, 19)]  (class, d)
    d of H-maximizer class(es): [19]
      H-maximizer class 26294: H=3357, d=19, det=4864, scores=(4, 4, 4, 4, 4, 4, 4, 4, 4), regular=True
    H of d-maximizer class(es): [189, 333, 423, 567, 579, 657, 675, 711, 825, 849, 877, 883, 889, 939, 963, 971, 989, 1047, 1053, 1091, 1097, 1103, 1111, 1121, 1155, 1161, 1167, 1173, 1197, 1241, 1243, 1245, 1247, 1299, 1305, 1311, 1363, 1365, 1373, 1379, 1431, 1437, 1445, 1449, 1503, 1509, 1511, 1517, 1521, 1535, 1541, 1575, 1599, 1605, 1647, 1655, 1661, 1673, 1679, 1719, 1721, 1737, 1787, 1809, 1837, 1865, 1915, 1923, 1929, 1947, 1953, 1983, 1985, 1989, 1993, 2011, 2015, 2019, 2043, 2047, 2073, 2079, 2151, 2205, 2219, 2275, 2325, 2379, 2387]
    H-minimizer: H = 1 on 1 class(es), d values [1]
    mean d per class = 10.2186, mean H per class = 1411.9919
    Redei check: all H odd = True

[5] MONTE CARLO LABELED AVERAGE at n=9 (200000 samples)
    identity under test: E[det(I+S)] = I(n) over labeled tournaments,
    i.e. E[d] = I(9)/2^8 = 2620/256 = 10.234375
    I(9) (involution number) = 2620
    Monte Carlo mean d   = 10.2475  +- 0.0106 (SEM)
    Monte Carlo mean det = 2623.37  +- 2.72 (SEM)
    z-score of mean det vs I(9)=2620: +1.24
    sample d range: [1, 32]

[    19.7s] ALL DONE

Summary line: B_t(9)=8192 (d=32, 216 classes, 1 distinct S-spectra), floor d=1 on 30 classes = loc-trans count 30 (set-equal: True), Pearson(d,H)=0.0025, MC mean det=2623.4+-2.7 vs I(9)=2620, distinct d values=27
