LRC14 FULL PHYSICAL LIFT-FIBRE / COMMON-SIMPLEX AUDIT
p=13 R=4826809 S=371293 inv7=4137265
source_address=110 source_residue=6
fixed_skeleton=(0, 0, 0, 1, 6, 1)
common_I=(960117507257/1930018885886,324519717452867/652346383429468) length=1/652346383429468
active_residues=(0, 1, 2, 3, 4, 5, 6, 9, 10, 11, 12)
good_addresses=3346 residue_counts=((0, 304), (1, 305), (2, 304), (3, 305), (4, 304), (5, 305), (6, 304), (9, 301), (10, 304), (11, 305), (12, 305))
whole_I_targets=3346 min_wall_slacks=(rail_left=82675509840/2197,rail_right=12211300179540/371293,present_left=10051258140/2197,present_right=9961158781035/371293)
all_nonzero_quotient_lifts=4455516
terminal_survivors=3042 delta_counts=((3, 301), (4, 304), (5, 305), (6, 305), (7, 304), (8, 305), (9, 304), (10, 305), (11, 304), (12, 305))
canonical_least_lift_failures=((1, 7, 111, True, False), (2, 14, 112, True, False), (3, 21, 113, True, False), (4, 28, 114, True, False), (5, 35, 115, True, False), (6, 42, 116, True, False), (7, 49, 117, True, False), (8, 56, 118, True, False), (9, 63, 119, True, False), (10, 70, 120, True, False), (11, 77, 121, True, False), (12, 84, 122, True, False))
restricted_packet_nerve=Delta^3345;terminal_nonzero_lift_cone=Delta^3042
lift_graph=complete_directed_11_partite vertices=3346 edges=10177910 scc=1 diameter_le_2=True
triangle_K=(0, -1, -2, 0) steps=(-1, -1, 2) nodes=(110, 689654, 1379198, 110)
cycle11_K=(0, 2, 4, 5, 8, 10, 11, 12, 9, 6, 3, 0) steps=(2, 2, 1, 3, 2, 1, 1, -3, -3, -3, -3) data=((0, 110, 6, 5, 12), (2, 3447831, 10, 7, 3), (4, 2068743, 1, 9, 7), (5, 1379199, 3, 10, 9), (8, 4137376, 9, 0, 2), (10, 2758288, 0, 2, 6), (11, 2068744, 2, 3, 8), (12, 1379200, 4, 4, 10), (9, 3447832, 11, 1, 4), (6, 689655, 5, 11, 11), (3, 2758287, 12, 8, 5)) repeatable=True
following_atom_excluded=True cycle_midpoint_hits=(False, False, False, False, False, True, False, False, False, False, False)
SURVIVOR_ROWS_BEGIN
k=2 delta=4 target=3447831 residue=10 carry=7 root=3 common_I=(960117507257/1930018885886,324519717452867/652346383429468) next_full_lifts=3042
k=3 delta=6 target=2758287 residue=12 carry=8 root=5 common_I=(960117507257/1930018885886,324519717452867/652346383429468) next_full_lifts=3041
k=4 delta=8 target=2068743 residue=1 carry=9 root=7 common_I=(960117507257/1930018885886,324519717452867/652346383429468) next_full_lifts=3041
k=5 delta=10 target=1379199 residue=3 carry=10 root=9 common_I=(960117507257/1930018885886,324519717452867/652346383429468) next_full_lifts=3041
k=6 delta=12 target=689655 residue=5 carry=11 root=11 common_I=(960117507257/1930018885886,324519717452867/652346383429468) next_full_lifts=3041
k=8 delta=3 target=4137376 residue=9 carry=0 root=2 common_I=(960117507257/1930018885886,324519717452867/652346383429468) next_full_lifts=3045
k=9 delta=5 target=3447832 residue=11 carry=1 root=4 common_I=(960117507257/1930018885886,324519717452867/652346383429468) next_full_lifts=3041
k=10 delta=7 target=2758288 residue=0 carry=2 root=6 common_I=(960117507257/1930018885886,324519717452867/652346383429468) next_full_lifts=3042
k=11 delta=9 target=2068744 residue=2 carry=3 root=8 common_I=(960117507257/1930018885886,324519717452867/652346383429468) next_full_lifts=3042
k=12 delta=11 target=1379200 residue=4 carry=4 root=10 common_I=(960117507257/1930018885886,324519717452867/652346383429468) next_full_lifts=3042
k=15 delta=4 target=4137377 residue=10 carry=7 root=3 common_I=(960117507257/1930018885886,324519717452867/652346383429468) next_full_lifts=3042
k=16 delta=6 target=3447833 residue=12 carry=8 root=5 common_I=(960117507257/1930018885886,324519717452867/652346383429468) next_full_lifts=3041
k=17 delta=8 target=2758289 residue=1 carry=9 root=7 common_I=(960117507257/1930018885886,324519717452867/652346383429468) next_full_lifts=3041
k=18 delta=10 target=2068745 residue=3 carry=10 root=9 common_I=(960117507257/1930018885886,324519717452867/652346383429468) next_full_lifts=3041
k=19 delta=12 target=1379201 residue=5 carry=11 root=11 common_I=(960117507257/1930018885886,324519717452867/652346383429468) next_full_lifts=3041
k=334 delta=5 target=1379246 residue=11 carry=1 root=4 common_I=(960117507257/1930018885886,324519717452867/652346383429468) next_full_lifts=3041
k=335 delta=7 target=689702 residue=0 carry=2 root=6 common_I=(960117507257/1930018885886,324519717452867/652346383429468) next_full_lifts=3042
k=336 delta=9 target=158 residue=2 carry=3 root=8 common_I=(960117507257/1930018885886,324519717452867/652346383429468) next_full_lifts=3042
k=337 delta=11 target=4137423 residue=4 carry=4 root=10 common_I=(960117507257/1930018885886,324519717452867/652346383429468) next_full_lifts=3042
k=340 delta=4 target=2068791 residue=10 carry=7 root=3 common_I=(960117507257/1930018885886,324519717452867/652346383429468) next_full_lifts=3042
k=341 delta=6 target=1379247 residue=12 carry=8 root=5 common_I=(960117507257/1930018885886,324519717452867/652346383429468) next_full_lifts=3041
k=342 delta=8 target=689703 residue=1 carry=9 root=7 common_I=(960117507257/1930018885886,324519717452867/652346383429468) next_full_lifts=3041
k=343 delta=10 target=159 residue=3 carry=10 root=9 common_I=(960117507257/1930018885886,324519717452867/652346383429468) next_full_lifts=3041
k=344 delta=12 target=4137424 residue=5 carry=11 root=11 common_I=(960117507257/1930018885886,324519717452867/652346383429468) next_full_lifts=3041
k=346 delta=3 target=2758336 residue=9 carry=0 root=2 common_I=(960117507257/1930018885886,324519717452867/652346383429468) next_full_lifts=3045
k=347 delta=5 target=2068792 residue=11 carry=1 root=4 common_I=(960117507257/1930018885886,324519717452867/652346383429468) next_full_lifts=3041
k=348 delta=7 target=1379248 residue=0 carry=2 root=6 common_I=(960117507257/1930018885886,324519717452867/652346383429468) next_full_lifts=3042
k=349 delta=9 target=689704 residue=2 carry=3 root=8 common_I=(960117507257/1930018885886,324519717452867/652346383429468) next_full_lifts=3042
k=350 delta=11 target=160 residue=4 carry=4 root=10 common_I=(960117507257/1930018885886,324519717452867/652346383429468) next_full_lifts=3042
k=353 delta=4 target=2758337 residue=10 carry=7 root=3 common_I=(960117507257/1930018885886,324519717452867/652346383429468) next_full_lifts=3042
k=354 delta=6 target=2068793 residue=12 carry=8 root=5 common_I=(960117507257/1930018885886,324519717452867/652346383429468) next_full_lifts=3041
k=355 delta=8 target=1379249 residue=1 carry=9 root=7 common_I=(960117507257/1930018885886,324519717452867/652346383429468) next_full_lifts=3041
k=356 delta=10 target=689705 residue=3 carry=10 root=9 common_I=(960117507257/1930018885886,324519717452867/652346383429468) next_full_lifts=3041
k=357 delta=12 target=161 residue=5 carry=11 root=11 common_I=(960117507257/1930018885886,324519717452867/652346383429468) next_full_lifts=3041
k=359 delta=3 target=3447882 residue=9 carry=0 root=2 common_I=(960117507257/1930018885886,324519717452867/652346383429468) next_full_lifts=3045
k=360 delta=5 target=2758338 residue=11 carry=1 root=4 common_I=(960117507257/1930018885886,324519717452867/652346383429468) next_full_lifts=3041
k=361 delta=7 target=2068794 residue=0 carry=2 root=6 common_I=(960117507257/1930018885886,324519717452867/652346383429468) next_full_lifts=3042
k=362 delta=9 target=1379250 residue=2 carry=3 root=8 common_I=(960117507257/1930018885886,324519717452867/652346383429468) next_full_lifts=3042
k=363 delta=11 target=689706 residue=4 carry=4 root=10 common_I=(960117507257/1930018885886,324519717452867/652346383429468) next_full_lifts=3042
k=366 delta=4 target=3447883 residue=10 carry=7 root=3 common_I=(960117507257/1930018885886,324519717452867/652346383429468) next_full_lifts=3042
k=367 delta=6 target=2758339 residue=12 carry=8 root=5 common_I=(960117507257/1930018885886,324519717452867/652346383429468) next_full_lifts=3041
k=368 delta=8 target=2068795 residue=1 carry=9 root=7 common_I=(960117507257/1930018885886,324519717452867/652346383429468) next_full_lifts=3041
k=369 delta=10 target=1379251 residue=3 carry=10 root=9 common_I=(960117507257/1930018885886,324519717452867/652346383429468) next_full_lifts=3041
k=370 delta=12 target=689707 residue=5 carry=11 root=11 common_I=(960117507257/1930018885886,324519717452867/652346383429468) next_full_lifts=3041
k=372 delta=3 target=4137428 residue=9 carry=0 root=2 common_I=(960117507257/1930018885886,324519717452867/652346383429468) next_full_lifts=3045
k=373 delta=5 target=3447884 residue=11 carry=1 root=4 common_I=(960117507257/1930018885886,324519717452867/652346383429468) next_full_lifts=3041
k=374 delta=7 target=2758340 residue=0 carry=2 root=6 common_I=(960117507257/1930018885886,324519717452867/652346383429468) next_full_lifts=3042
k=375 delta=9 target=2068796 residue=2 carry=3 root=8 common_I=(960117507257/1930018885886,324519717452867/652346383429468) next_full_lifts=3042
k=376 delta=11 target=1379252 residue=4 carry=4 root=10 common_I=(960117507257/1930018885886,324519717452867/652346383429468) next_full_lifts=3042
k=379 delta=4 target=4137429 residue=10 carry=7 root=3 common_I=(960117507257/1930018885886,324519717452867/652346383429468) next_full_lifts=3042
k=380 delta=6 target=3447885 residue=12 carry=8 root=5 common_I=(960117507257/1930018885886,324519717452867/652346383429468) next_full_lifts=3041
k=381 delta=8 target=2758341 residue=1 carry=9 root=7 common_I=(960117507257/1930018885886,324519717452867/652346383429468) next_full_lifts=3041
k=382 delta=10 target=2068797 residue=3 carry=10 root=9 common_I=(960117507257/1930018885886,324519717452867/652346383429468) next_full_lifts=3041
k=383 delta=12 target=1379253 residue=5 carry=11 root=11 common_I=(960117507257/1930018885886,324519717452867/652346383429468) next_full_lifts=3041
k=385 delta=3 target=165 residue=9 carry=0 root=2 common_I=(960117507257/1930018885886,324519717452867/652346383429468) next_full_lifts=3045
k=386 delta=5 target=4137430 residue=11 carry=1 root=4 common_I=(960117507257/1930018885886,324519717452867/652346383429468) next_full_lifts=3041
k=387 delta=7 target=3447886 residue=0 carry=2 root=6 common_I=(960117507257/1930018885886,324519717452867/652346383429468) next_full_lifts=3042
k=388 delta=9 target=2758342 residue=2 carry=3 root=8 common_I=(960117507257/1930018885886,324519717452867/652346383429468) next_full_lifts=3042
k=389 delta=11 target=2068798 residue=4 carry=4 root=10 common_I=(960117507257/1930018885886,324519717452867/652346383429468) next_full_lifts=3042
k=392 delta=4 target=166 residue=10 carry=7 root=3 common_I=(960117507257/1930018885886,324519717452867/652346383429468) next_full_lifts=3042
k=393 delta=6 target=4137431 residue=12 carry=8 root=5 common_I=(960117507257/1930018885886,324519717452867/652346383429468) next_full_lifts=3041
k=394 delta=8 target=3447887 residue=1 carry=9 root=7 common_I=(960117507257/1930018885886,324519717452867/652346383429468) next_full_lifts=3041
k=395 delta=10 target=2758343 residue=3 carry=10 root=9 common_I=(960117507257/1930018885886,324519717452867/652346383429468) next_full_lifts=3041
k=396 delta=12 target=2068799 residue=5 carry=11 root=11 common_I=(960117507257/1930018885886,324519717452867/652346383429468) next_full_lifts=3041
k=398 delta=3 target=689711 residue=9 carry=0 root=2 common_I=(960117507257/1930018885886,324519717452867/652346383429468) next_full_lifts=3045
k=399 delta=5 target=167 residue=11 carry=1 root=4 common_I=(960117507257/1930018885886,324519717452867/652346383429468) next_full_lifts=3041
k=400 delta=7 target=4137432 residue=0 carry=2 root=6 common_I=(960117507257/1930018885886,324519717452867/652346383429468) next_full_lifts=3042
k=401 delta=9 target=3447888 residue=2 carry=3 root=8 common_I=(960117507257/1930018885886,324519717452867/652346383429468) next_full_lifts=3042
k=402 delta=11 target=2758344 residue=4 carry=4 root=10 common_I=(960117507257/1930018885886,324519717452867/652346383429468) next_full_lifts=3042
k=405 delta=4 target=689712 residue=10 carry=7 root=3 common_I=(960117507257/1930018885886,324519717452867/652346383429468) next_full_lifts=3042
k=406 delta=6 target=168 residue=12 carry=8 root=5 common_I=(960117507257/1930018885886,324519717452867/652346383429468) next_full_lifts=3041
k=407 delta=8 target=4137433 residue=1 carry=9 root=7 common_I=(960117507257/1930018885886,324519717452867/652346383429468) next_full_lifts=3041
k=408 delta=10 target=3447889 residue=3 carry=10 root=9 common_I=(960117507257/1930018885886,324519717452867/652346383429468) next_full_lifts=3041
k=409 delta=12 target=2758345 residue=5 carry=11 root=11 common_I=(960117507257/1930018885886,324519717452867/652346383429468) next_full_lifts=3041
k=411 delta=3 target=1379257 residue=9 carry=0 root=2 common_I=(960117507257/1930018885886,324519717452867/652346383429468) next_full_lifts=3045
k=412 delta=5 target=689713 residue=11 carry=1 root=4 common_I=(960117507257/1930018885886,324519717452867/652346383429468) next_full_lifts=3041
k=413 delta=7 target=169 residue=0 carry=2 root=6 common_I=(960117507257/1930018885886,324519717452867/652346383429468) next_full_lifts=3042
k=414 delta=9 target=4137434 residue=2 carry=3 root=8 common_I=(960117507257/1930018885886,324519717452867/652346383429468) next_full_lifts=3042
k=415 delta=11 target=3447890 residue=4 carry=4 root=10 common_I=(960117507257/1930018885886,324519717452867/652346383429468) next_full_lifts=3042
k=418 delta=4 target=1379258 residue=10 carry=7 root=3 common_I=(960117507257/1930018885886,324519717452867/652346383429468) next_full_lifts=3042
k=419 delta=6 target=689714 residue=12 carry=8 root=5 common_I=(960117507257/1930018885886,324519717452867/652346383429468) next_full_lifts=3041
k=420 delta=8 target=170 residue=1 carry=9 root=7 common_I=(960117507257/1930018885886,324519717452867/652346383429468) next_full_lifts=3041
k=421 delta=10 target=4137435 residue=3 carry=10 root=9 common_I=(960117507257/1930018885886,324519717452867/652346383429468) next_full_lifts=3041
k=422 delta=12 target=3447891 residue=5 carry=11 root=11 common_I=(960117507257/1930018885886,324519717452867/652346383429468) next_full_lifts=3041
k=424 delta=3 target=2068803 residue=9 carry=0 root=2 common_I=(960117507257/1930018885886,324519717452867/652346383429468) next_full_lifts=3045
k=425 delta=5 target=1379259 residue=11 carry=1 root=4 common_I=(960117507257/1930018885886,324519717452867/652346383429468) next_full_lifts=3041
k=426 delta=7 target=689715 residue=0 carry=2 root=6 common_I=(960117507257/1930018885886,324519717452867/652346383429468) next_full_lifts=3042
k=427 delta=9 target=171 residue=2 carry=3 root=8 common_I=(960117507257/1930018885886,324519717452867/652346383429468) next_full_lifts=3042
k=428 delta=11 target=4137436 residue=4 carry=4 root=10 common_I=(960117507257/1930018885886,324519717452867/652346383429468) next_full_lifts=3042
k=431 delta=4 target=2068804 residue=10 carry=7 root=3 common_I=(960117507257/1930018885886,324519717452867/652346383429468) next_full_lifts=3042
k=432 delta=6 target=1379260 residue=12 carry=8 root=5 common_I=(960117507257/1930018885886,324519717452867/652346383429468) next_full_lifts=3041
k=433 delta=8 target=689716 residue=1 carry=9 root=7 common_I=(960117507257/1930018885886,324519717452867/652346383429468) next_full_lifts=3041
k=434 delta=10 target=172 residue=3 carry=10 root=9 common_I=(960117507257/1930018885886,324519717452867/652346383429468) next_full_lifts=3041
k=435 delta=12 target=4137437 residue=5 carry=11 root=11 common_I=(960117507257/1930018885886,324519717452867/652346383429468) next_full_lifts=3041
k=437 delta=3 target=2758349 residue=9 carry=0 root=2 common_I=(960117507257/1930018885886,324519717452867/652346383429468) next_full_lifts=3045
k=438 delta=5 target=2068805 residue=11 carry=1 root=4 common_I=(960117507257/1930018885886,324519717452867/652346383429468) next_full_lifts=3041
k=439 delta=7 target=1379261 residue=0 carry=2 root=6 common_I=(960117507257/1930018885886,324519717452867/652346383429468) next_full_lifts=3042
k=440 delta=9 target=689717 residue=2 carry=3 root=8 common_I=(960117507257/1930018885886,324519717452867/652346383429468) next_full_lifts=3042
k=441 delta=11 target=173 residue=4 carry=4 root=10 common_I=(960117507257/1930018885886,324519717452867/652346383429468) next_full_lifts=3042
k=444 delta=4 target=2758350 residue=10 carry=7 root=3 common_I=(960117507257/1930018885886,324519717452867/652346383429468) next_full_lifts=3042
k=445 delta=6 target=2068806 residue=12 carry=8 root=5 common_I=(960117507257/1930018885886,324519717452867/652346383429468) next_full_lifts=3041
k=446 delta=8 target=1379262 residue=1 carry=9 root=7 common_I=(960117507257/1930018885886,324519717452867/652346383429468) next_full_lifts=3041
k=447 delta=10 target=689718 residue=3 carry=10 root=9 common_I=(960117507257/1930018885886,324519717452867/652346383429468) next_full_lifts=3041
k=448 delta=12 target=174 residue=5 carry=11 root=11 common_I=(960117507257/1930018885886,324519717452867/652346383429468) next_full_lifts=3041
k=450 delta=3 target=3447895 residue=9 carry=0 root=2 common_I=(960117507257/1930018885886,324519717452867/652346383429468) next_full_lifts=3045
k=451 delta=5 target=2758351 residue=11 carry=1 root=4 common_I=(960117507257/1930018885886,324519717452867/652346383429468) next_full_lifts=3041
k=452 delta=7 target=2068807 residue=0 carry=2 root=6 common_I=(960117507257/1930018885886,324519717452867/652346383429468) next_full_lifts=3042
k=453 delta=9 target=1379263 residue=2 carry=3 root=8 common_I=(960117507257/1930018885886,324519717452867/652346383429468) next_full_lifts=3042
k=454 delta=11 target=689719 residue=4 carry=4 root=10 common_I=(960117507257/1930018885886,324519717452867/652346383429468) next_full_lifts=3042
k=457 delta=4 target=3447896 residue=10 carry=7 root=3 common_I=(960117507257/1930018885886,324519717452867/652346383429468) next_full_lifts=3042
k=458 delta=6 target=2758352 residue=12 carry=8 root=5 common_I=(960117507257/1930018885886,324519717452867/652346383429468) next_full_lifts=3041
k=459 delta=8 target=2068808 residue=1 carry=9 root=7 common_I=(960117507257/1930018885886,324519717452867/652346383429468) next_full_lifts=3041
k=460 delta=10 target=1379264 residue=3 carry=10 root=9 common_I=(960117507257/1930018885886,324519717452867/652346383429468) next_full_lifts=3041
k=461 delta=12 target=689720 residue=5 carry=11 root=11 common_I=(960117507257/1930018885886,324519717452867/652346383429468) next_full_lifts=3041
k=463 delta=3 target=4137441 residue=9 carry=0 root=2 common_I=(960117507257/1930018885886,324519717452867/652346383429468) next_full_lifts=3045
k=464 delta=5 target=3447897 residue=11 carry=1 root=4 common_I=(960117507257/1930018885886,324519717452867/652346383429468) next_full_lifts=3041
k=465 delta=7 target=2758353 residue=0 carry=2 root=6 common_I=(960117507257/1930018885886,324519717452867/652346383429468) next_full_lifts=3042
k=466 delta=9 target=2068809 residue=2 carry=3 root=8 common_I=(960117507257/1930018885886,324519717452867/652346383429468) next_full_lifts=3042
k=467 delta=11 target=1379265 residue=4 carry=4 root=10 common_I=(960117507257/1930018885886,324519717452867/652346383429468) next_full_lifts=3042
k=470 delta=4 target=4137442 residue=10 carry=7 root=3 common_I=(960117507257/1930018885886,324519717452867/652346383429468) next_full_lifts=3042
k=471 delta=6 target=3447898 residue=12 carry=8 root=5 common_I=(960117507257/1930018885886,324519717452867/652346383429468) next_full_lifts=3041
k=472 delta=8 target=2758354 residue=1 carry=9 root=7 common_I=(960117507257/1930018885886,324519717452867/652346383429468) next_full_lifts=3041
k=473 delta=10 target=2068810 residue=3 carry=10 root=9 common_I=(960117507257/1930018885886,324519717452867/652346383429468) next_full_lifts=3041
k=474 delta=12 target=1379266 residue=5 carry=11 root=11 common_I=(960117507257/1930018885886,324519717452867/652346383429468) next_full_lifts=3041
k=476 delta=3 target=178 residue=9 carry=0 root=2 common_I=(960117507257/1930018885886,324519717452867/652346383429468) next_full_lifts=3045
k=477 delta=5 target=4137443 residue=11 carry=1 root=4 common_I=(960117507257/1930018885886,324519717452867/652346383429468) next_full_lifts=3041
k=478 delta=7 target=3447899 residue=0 carry=2 root=6 common_I=(960117507257/1930018885886,324519717452867/652346383429468) next_full_lifts=3042
k=479 delta=9 target=2758355 residue=2 carry=3 root=8 common_I=(960117507257/1930018885886,324519717452867/652346383429468) next_full_lifts=3042
k=480 delta=11 target=2068811 residue=4 carry=4 root=10 common_I=(960117507257/1930018885886,324519717452867/652346383429468) next_full_lifts=3042
k=483 delta=4 target=179 residue=10 carry=7 root=3 common_I=(960117507257/1930018885886,324519717452867/652346383429468) next_full_lifts=3042
k=484 delta=6 target=4137444 residue=12 carry=8 root=5 common_I=(960117507257/1930018885886,324519717452867/652346383429468) next_full_lifts=3041
k=485 delta=8 target=3447900 residue=1 carry=9 root=7 common_I=(960117507257/1930018885886,324519717452867/652346383429468) next_full_lifts=3041
k=486 delta=10 target=2758356 residue=3 carry=10 root=9 common_I=(960117507257/1930018885886,324519717452867/652346383429468) next_full_lifts=3041
k=487 delta=12 target=2068812 residue=5 carry=11 root=11 common_I=(960117507257/1930018885886,324519717452867/652346383429468) next_full_lifts=3041
k=489 delta=3 target=689724 residue=9 carry=0 root=2 common_I=(960117507257/1930018885886,324519717452867/652346383429468) next_full_lifts=3045
k=490 delta=5 target=180 residue=11 carry=1 root=4 common_I=(960117507257/1930018885886,324519717452867/652346383429468) next_full_lifts=3041
k=491 delta=7 target=4137445 residue=0 carry=2 root=6 common_I=(960117507257/1930018885886,324519717452867/652346383429468) next_full_lifts=3042
k=492 delta=9 target=3447901 residue=2 carry=3 root=8 common_I=(960117507257/1930018885886,324519717452867/652346383429468) next_full_lifts=3042
k=493 delta=11 target=2758357 residue=4 carry=4 root=10 common_I=(960117507257/1930018885886,324519717452867/652346383429468) next_full_lifts=3042
k=496 delta=4 target=689725 residue=10 carry=7 root=3 common_I=(960117507257/1930018885886,324519717452867/652346383429468) next_full_lifts=3042
k=497 delta=6 target=181 residue=12 carry=8 root=5 common_I=(960117507257/1930018885886,324519717452867/652346383429468) next_full_lifts=3041
k=498 delta=8 target=4137446 residue=1 carry=9 root=7 common_I=(960117507257/1930018885886,324519717452867/652346383429468) next_full_lifts=3041
k=499 delta=10 target=3447902 residue=3 carry=10 root=9 common_I=(960117507257/1930018885886,324519717452867/652346383429468) next_full_lifts=3041
k=500 delta=12 target=2758358 residue=5 carry=11 root=11 common_I=(960117507257/1930018885886,324519717452867/652346383429468) next_full_lifts=3041
k=502 delta=3 target=1379270 residue=9 carry=0 root=2 common_I=(960117507257/1930018885886,324519717452867/652346383429468) next_full_lifts=3045
k=503 delta=5 target=689726 residue=11 carry=1 root=4 common_I=(960117507257/1930018885886,324519717452867/652346383429468) next_full_lifts=3041
k=504 delta=7 target=182 residue=0 carry=2 root=6 common_I=(960117507257/1930018885886,324519717452867/652346383429468) next_full_lifts=3042
k=505 delta=9 target=4137447 residue=2 carry=3 root=8 common_I=(960117507257/1930018885886,324519717452867/652346383429468) next_full_lifts=3042
k=506 delta=11 target=3447903 residue=4 carry=4 root=10 common_I=(960117507257/1930018885886,324519717452867/652346383429468) next_full_lifts=3042
k=509 delta=4 target=1379271 residue=10 carry=7 root=3 common_I=(960117507257/1930018885886,324519717452867/652346383429468) next_full_lifts=3042
k=510 delta=6 target=689727 residue=12 carry=8 root=5 common_I=(960117507257/1930018885886,324519717452867/652346383429468) next_full_lifts=3041
k=511 delta=8 target=183 residue=1 carry=9 root=7 common_I=(960117507257/1930018885886,324519717452867/652346383429468) next_full_lifts=3041
k=512 delta=10 target=4137448 residue=3 carry=10 root=9 common_I=(960117507257/1930018885886,324519717452867/652346383429468) next_full_lifts=3041
k=513 delta=12 target=3447904 residue=5 carry=11 root=11 common_I=(960117507257/1930018885886,324519717452867/652346383429468) next_full_lifts=3041
k=515 delta=3 target=2068816 residue=9 carry=0 root=2 common_I=(960117507257/1930018885886,324519717452867/652346383429468) next_full_lifts=3045
k=516 delta=5 target=1379272 residue=11 carry=1 root=4 common_I=(960117507257/1930018885886,324519717452867/652346383429468) next_full_lifts=3041
k=517 delta=7 target=689728 residue=0 carry=2 root=6 common_I=(960117507257/1930018885886,324519717452867/652346383429468) next_full_lifts=3042
k=518 delta=9 target=184 residue=2 carry=3 root=8 common_I=(960117507257/1930018885886,324519717452867/652346383429468) next_full_lifts=3042
k=519 delta=11 target=4137449 residue=4 carry=4 root=10 common_I=(960117507257/1930018885886,324519717452867/652346383429468) next_full_lifts=3042
k=522 delta=4 target=2068817 residue=10 carry=7 root=3 common_I=(960117507257/1930018885886,324519717452867/652346383429468) next_full_lifts=3042
k=523 delta=6 target=1379273 residue=12 carry=8 root=5 common_I=(960117507257/1930018885886,324519717452867/652346383429468) next_full_lifts=3041
k=524 delta=8 target=689729 residue=1 carry=9 root=7 common_I=(960117507257/1930018885886,324519717452867/652346383429468) next_full_lifts=3041
k=525 delta=10 target=185 residue=3 carry=10 root=9 common_I=(960117507257/1930018885886,324519717452867/652346383429468) next_full_lifts=3041
k=526 delta=12 target=4137450 residue=5 carry=11 root=11 common_I=(960117507257/1930018885886,324519717452867/652346383429468) next_full_lifts=3041
k=528 delta=3 target=2758362 residue=9 carry=0 root=2 common_I=(960117507257/1930018885886,324519717452867/652346383429468) next_full_lifts=3045
k=529 delta=5 target=2068818 residue=11 carry=1 root=4 common_I=(960117507257/1930018885886,324519717452867/652346383429468) next_full_lifts=3041
k=530 delta=7 target=1379274 residue=0 carry=2 root=6 common_I=(960117507257/1930018885886,324519717452867/652346383429468) next_full_lifts=3042
k=531 delta=9 target=689730 residue=2 carry=3 root=8 common_I=(960117507257/1930018885886,324519717452867/652346383429468) next_full_lifts=3042
k=532 delta=11 target=186 residue=4 carry=4 root=10 common_I=(960117507257/1930018885886,324519717452867/652346383429468) next_full_lifts=3042
k=535 delta=4 target=2758363 residue=10 carry=7 root=3 common_I=(960117507257/1930018885886,324519717452867/652346383429468) next_full_lifts=3042
k=536 delta=6 target=2068819 residue=12 carry=8 root=5 common_I=(960117507257/1930018885886,324519717452867/652346383429468) next_full_lifts=3041
k=537 delta=8 target=1379275 residue=1 carry=9 root=7 common_I=(960117507257/1930018885886,324519717452867/652346383429468) next_full_lifts=3041
k=538 delta=10 target=689731 residue=3 carry=10 root=9 common_I=(960117507257/1930018885886,324519717452867/652346383429468) next_full_lifts=3041
k=539 delta=12 target=187 residue=5 carry=11 root=11 common_I=(960117507257/1930018885886,324519717452867/652346383429468) next_full_lifts=3041
k=541 delta=3 target=3447908 residue=9 carry=0 root=2 common_I=(960117507257/1930018885886,324519717452867/652346383429468) next_full_lifts=3045
k=542 delta=5 target=2758364 residue=11 carry=1 root=4 common_I=(960117507257/1930018885886,324519717452867/652346383429468) next_full_lifts=3041
k=543 delta=7 target=2068820 residue=0 carry=2 root=6 common_I=(960117507257/1930018885886,324519717452867/652346383429468) next_full_lifts=3042
k=544 delta=9 target=1379276 residue=2 carry=3 root=8 common_I=(960117507257/1930018885886,324519717452867/652346383429468) next_full_lifts=3042
k=545 delta=11 target=689732 residue=4 carry=4 root=10 common_I=(960117507257/1930018885886,324519717452867/652346383429468) next_full_lifts=3042
k=548 delta=4 target=3447909 residue=10 carry=7 root=3 common_I=(960117507257/1930018885886,324519717452867/652346383429468) next_full_lifts=3042
k=549 delta=6 target=2758365 residue=12 carry=8 root=5 common_I=(960117507257/1930018885886,324519717452867/652346383429468) next_full_lifts=3041
k=550 delta=8 target=2068821 residue=1 carry=9 root=7 common_I=(960117507257/1930018885886,324519717452867/652346383429468) next_full_lifts=3041
k=551 delta=10 target=1379277 residue=3 carry=10 root=9 common_I=(960117507257/1930018885886,324519717452867/652346383429468) next_full_lifts=3041
k=552 delta=12 target=689733 residue=5 carry=11 root=11 common_I=(960117507257/1930018885886,324519717452867/652346383429468) next_full_lifts=3041
k=554 delta=3 target=4137454 residue=9 carry=0 root=2 common_I=(960117507257/1930018885886,324519717452867/652346383429468) next_full_lifts=3045
k=555 delta=5 target=3447910 residue=11 carry=1 root=4 common_I=(960117507257/1930018885886,324519717452867/652346383429468) next_full_lifts=3041
k=556 delta=7 target=2758366 residue=0 carry=2 root=6 common_I=(960117507257/1930018885886,324519717452867/652346383429468) next_full_lifts=3042
k=557 delta=9 target=2068822 residue=2 carry=3 root=8 common_I=(960117507257/1930018885886,324519717452867/652346383429468) next_full_lifts=3042
k=558 delta=11 target=1379278 residue=4 carry=4 root=10 common_I=(960117507257/1930018885886,324519717452867/652346383429468) next_full_lifts=3042
k=561 delta=4 target=4137455 residue=10 carry=7 root=3 common_I=(960117507257/1930018885886,324519717452867/652346383429468) next_full_lifts=3042
k=562 delta=6 target=3447911 residue=12 carry=8 root=5 common_I=(960117507257/1930018885886,324519717452867/652346383429468) next_full_lifts=3041
k=563 delta=8 target=2758367 residue=1 carry=9 root=7 common_I=(960117507257/1930018885886,324519717452867/652346383429468) next_full_lifts=3041
k=564 delta=10 target=2068823 residue=3 carry=10 root=9 common_I=(960117507257/1930018885886,324519717452867/652346383429468) next_full_lifts=3041
k=565 delta=12 target=1379279 residue=5 carry=11 root=11 common_I=(960117507257/1930018885886,324519717452867/652346383429468) next_full_lifts=3041
k=567 delta=3 target=191 residue=9 carry=0 root=2 common_I=(960117507257/1930018885886,324519717452867/652346383429468) next_full_lifts=3045
k=568 delta=5 target=4137456 residue=11 carry=1 root=4 common_I=(960117507257/1930018885886,324519717452867/652346383429468) next_full_lifts=3041
k=569 delta=7 target=3447912 residue=0 carry=2 root=6 common_I=(960117507257/1930018885886,324519717452867/652346383429468) next_full_lifts=3042
k=570 delta=9 target=2758368 residue=2 carry=3 root=8 common_I=(960117507257/1930018885886,324519717452867/652346383429468) next_full_lifts=3042
k=571 delta=11 target=2068824 residue=4 carry=4 root=10 common_I=(960117507257/1930018885886,324519717452867/652346383429468) next_full_lifts=3042
k=574 delta=4 target=192 residue=10 carry=7 root=3 common_I=(960117507257/1930018885886,324519717452867/652346383429468) next_full_lifts=3042
k=575 delta=6 target=4137457 residue=12 carry=8 root=5 common_I=(960117507257/1930018885886,324519717452867/652346383429468) next_full_lifts=3041
k=576 delta=8 target=3447913 residue=1 carry=9 root=7 common_I=(960117507257/1930018885886,324519717452867/652346383429468) next_full_lifts=3041
k=577 delta=10 target=2758369 residue=3 carry=10 root=9 common_I=(960117507257/1930018885886,324519717452867/652346383429468) next_full_lifts=3041
k=578 delta=12 target=2068825 residue=5 carry=11 root=11 common_I=(960117507257/1930018885886,324519717452867/652346383429468) next_full_lifts=3041
k=580 delta=3 target=689737 residue=9 carry=0 root=2 common_I=(960117507257/1930018885886,324519717452867/652346383429468) next_full_lifts=3045
k=581 delta=5 target=193 residue=11 carry=1 root=4 common_I=(960117507257/1930018885886,324519717452867/652346383429468) next_full_lifts=3041
k=582 delta=7 target=4137458 residue=0 carry=2 root=6 common_I=(960117507257/1930018885886,324519717452867/652346383429468) next_full_lifts=3042
k=583 delta=9 target=3447914 residue=2 carry=3 root=8 common_I=(960117507257/1930018885886,324519717452867/652346383429468) next_full_lifts=3042
k=584 delta=11 target=2758370 residue=4 carry=4 root=10 common_I=(960117507257/1930018885886,324519717452867/652346383429468) next_full_lifts=3042
k=587 delta=4 target=689738 residue=10 carry=7 root=3 common_I=(960117507257/1930018885886,324519717452867/652346383429468) next_full_lifts=3042
k=588 delta=6 target=194 residue=12 carry=8 root=5 common_I=(960117507257/1930018885886,324519717452867/652346383429468) next_full_lifts=3041
k=589 delta=8 target=4137459 residue=1 carry=9 root=7 common_I=(960117507257/1930018885886,324519717452867/652346383429468) next_full_lifts=3041
k=590 delta=10 target=3447915 residue=3 carry=10 root=9 common_I=(960117507257/1930018885886,324519717452867/652346383429468) next_full_lifts=3041
k=591 delta=12 target=2758371 residue=5 carry=11 root=11 common_I=(960117507257/1930018885886,324519717452867/652346383429468) next_full_lifts=3041
k=593 delta=3 target=1379283 residue=9 carry=0 root=2 common_I=(960117507257/1930018885886,324519717452867/652346383429468) next_full_lifts=3045
k=594 delta=5 target=689739 residue=11 carry=1 root=4 common_I=(960117507257/1930018885886,324519717452867/652346383429468) next_full_lifts=3041
k=595 delta=7 target=195 residue=0 carry=2 root=6 common_I=(960117507257/1930018885886,324519717452867/652346383429468) next_full_lifts=3042
k=596 delta=9 target=4137460 residue=2 carry=3 root=8 common_I=(960117507257/1930018885886,324519717452867/652346383429468) next_full_lifts=3042
k=597 delta=11 target=3447916 residue=4 carry=4 root=10 common_I=(960117507257/1930018885886,324519717452867/652346383429468) next_full_lifts=3042
k=600 delta=4 target=1379284 residue=10 carry=7 root=3 common_I=(960117507257/1930018885886,324519717452867/652346383429468) next_full_lifts=3042
k=601 delta=6 target=689740 residue=12 carry=8 root=5 common_I=(960117507257/1930018885886,324519717452867/652346383429468) next_full_lifts=3041
k=602 delta=8 target=196 residue=1 carry=9 root=7 common_I=(960117507257/1930018885886,324519717452867/652346383429468) next_full_lifts=3041
k=603 delta=10 target=4137461 residue=3 carry=10 root=9 common_I=(960117507257/1930018885886,324519717452867/652346383429468) next_full_lifts=3041
k=604 delta=12 target=3447917 residue=5 carry=11 root=11 common_I=(960117507257/1930018885886,324519717452867/652346383429468) next_full_lifts=3041
k=606 delta=3 target=2068829 residue=9 carry=0 root=2 common_I=(960117507257/1930018885886,324519717452867/652346383429468) next_full_lifts=3045
k=607 delta=5 target=1379285 residue=11 carry=1 root=4 common_I=(960117507257/1930018885886,324519717452867/652346383429468) next_full_lifts=3041
k=608 delta=7 target=689741 residue=0 carry=2 root=6 common_I=(960117507257/1930018885886,324519717452867/652346383429468) next_full_lifts=3042
k=609 delta=9 target=197 residue=2 carry=3 root=8 common_I=(960117507257/1930018885886,324519717452867/652346383429468) next_full_lifts=3042
k=610 delta=11 target=4137462 residue=4 carry=4 root=10 common_I=(960117507257/1930018885886,324519717452867/652346383429468) next_full_lifts=3042
k=613 delta=4 target=2068830 residue=10 carry=7 root=3 common_I=(960117507257/1930018885886,324519717452867/652346383429468) next_full_lifts=3042
k=614 delta=6 target=1379286 residue=12 carry=8 root=5 common_I=(960117507257/1930018885886,324519717452867/652346383429468) next_full_lifts=3041
k=615 delta=8 target=689742 residue=1 carry=9 root=7 common_I=(960117507257/1930018885886,324519717452867/652346383429468) next_full_lifts=3041
k=616 delta=10 target=198 residue=3 carry=10 root=9 common_I=(960117507257/1930018885886,324519717452867/652346383429468) next_full_lifts=3041
k=617 delta=12 target=4137463 residue=5 carry=11 root=11 common_I=(960117507257/1930018885886,324519717452867/652346383429468) next_full_lifts=3041
k=619 delta=3 target=2758375 residue=9 carry=0 root=2 common_I=(960117507257/1930018885886,324519717452867/652346383429468) next_full_lifts=3045
k=620 delta=5 target=2068831 residue=11 carry=1 root=4 common_I=(960117507257/1930018885886,324519717452867/652346383429468) next_full_lifts=3041
k=621 delta=7 target=1379287 residue=0 carry=2 root=6 common_I=(960117507257/1930018885886,324519717452867/652346383429468) next_full_lifts=3042
k=622 delta=9 target=689743 residue=2 carry=3 root=8 common_I=(960117507257/1930018885886,324519717452867/652346383429468) next_full_lifts=3042
k=623 delta=11 target=199 residue=4 carry=4 root=10 common_I=(960117507257/1930018885886,324519717452867/652346383429468) next_full_lifts=3042
k=626 delta=4 target=2758376 residue=10 carry=7 root=3 common_I=(960117507257/1930018885886,324519717452867/652346383429468) next_full_lifts=3042
k=627 delta=6 target=2068832 residue=12 carry=8 root=5 common_I=(960117507257/1930018885886,324519717452867/652346383429468) next_full_lifts=3041
k=628 delta=8 target=1379288 residue=1 carry=9 root=7 common_I=(960117507257/1930018885886,324519717452867/652346383429468) next_full_lifts=3041
k=629 delta=10 target=689744 residue=3 carry=10 root=9 common_I=(960117507257/1930018885886,324519717452867/652346383429468) next_full_lifts=3041
k=630 delta=12 target=200 residue=5 carry=11 root=11 common_I=(960117507257/1930018885886,324519717452867/652346383429468) next_full_lifts=3041
k=632 delta=3 target=3447921 residue=9 carry=0 root=2 common_I=(960117507257/1930018885886,324519717452867/652346383429468) next_full_lifts=3045
k=633 delta=5 target=2758377 residue=11 carry=1 root=4 common_I=(960117507257/1930018885886,324519717452867/652346383429468) next_full_lifts=3041
k=634 delta=7 target=2068833 residue=0 carry=2 root=6 common_I=(960117507257/1930018885886,324519717452867/652346383429468) next_full_lifts=3042
k=635 delta=9 target=1379289 residue=2 carry=3 root=8 common_I=(960117507257/1930018885886,324519717452867/652346383429468) next_full_lifts=3042
k=636 delta=11 target=689745 residue=4 carry=4 root=10 common_I=(960117507257/1930018885886,324519717452867/652346383429468) next_full_lifts=3042
k=639 delta=4 target=3447922 residue=10 carry=7 root=3 common_I=(960117507257/1930018885886,324519717452867/652346383429468) next_full_lifts=3042
k=640 delta=6 target=2758378 residue=12 carry=8 root=5 common_I=(960117507257/1930018885886,324519717452867/652346383429468) next_full_lifts=3041
k=641 delta=8 target=2068834 residue=1 carry=9 root=7 common_I=(960117507257/1930018885886,324519717452867/652346383429468) next_full_lifts=3041
k=642 delta=10 target=1379290 residue=3 carry=10 root=9 common_I=(960117507257/1930018885886,324519717452867/652346383429468) next_full_lifts=3041
k=643 delta=12 target=689746 residue=5 carry=11 root=11 common_I=(960117507257/1930018885886,324519717452867/652346383429468) next_full_lifts=3041
k=645 delta=3 target=4137467 residue=9 carry=0 root=2 common_I=(960117507257/1930018885886,324519717452867/652346383429468) next_full_lifts=3045
k=646 delta=5 target=3447923 residue=11 carry=1 root=4 common_I=(960117507257/1930018885886,324519717452867/652346383429468) next_full_lifts=3041
k=647 delta=7 target=2758379 residue=0 carry=2 root=6 common_I=(960117507257/1930018885886,324519717452867/652346383429468) next_full_lifts=3042
k=648 delta=9 target=2068835 residue=2 carry=3 root=8 common_I=(960117507257/1930018885886,324519717452867/652346383429468) next_full_lifts=3042
k=649 delta=11 target=1379291 residue=4 carry=4 root=10 common_I=(960117507257/1930018885886,324519717452867/652346383429468) next_full_lifts=3042
k=652 delta=4 target=4137468 residue=10 carry=7 root=3 common_I=(960117507257/1930018885886,324519717452867/652346383429468) next_full_lifts=3042
k=653 delta=6 target=3447924 residue=12 carry=8 root=5 common_I=(960117507257/1930018885886,324519717452867/652346383429468) next_full_lifts=3041
k=654 delta=8 target=2758380 residue=1 carry=9 root=7 common_I=(960117507257/1930018885886,324519717452867/652346383429468) next_full_lifts=3041
k=655 delta=10 target=2068836 residue=3 carry=10 root=9 common_I=(960117507257/1930018885886,324519717452867/652346383429468) next_full_lifts=3041
k=656 delta=12 target=1379292 residue=5 carry=11 root=11 common_I=(960117507257/1930018885886,324519717452867/652346383429468) next_full_lifts=3041
k=658 delta=3 target=204 residue=9 carry=0 root=2 common_I=(960117507257/1930018885886,324519717452867/652346383429468) next_full_lifts=3045
k=659 delta=5 target=4137469 residue=11 carry=1 root=4 common_I=(960117507257/1930018885886,324519717452867/652346383429468) next_full_lifts=3041
k=660 delta=7 target=3447925 residue=0 carry=2 root=6 common_I=(960117507257/1930018885886,324519717452867/652346383429468) next_full_lifts=3042
k=661 delta=9 target=2758381 residue=2 carry=3 root=8 common_I=(960117507257/1930018885886,324519717452867/652346383429468) next_full_lifts=3042
k=662 delta=11 target=2068837 residue=4 carry=4 root=10 common_I=(960117507257/1930018885886,324519717452867/652346383429468) next_full_lifts=3042
k=665 delta=4 target=205 residue=10 carry=7 root=3 common_I=(960117507257/1930018885886,324519717452867/652346383429468) next_full_lifts=3042
k=666 delta=6 target=4137470 residue=12 carry=8 root=5 common_I=(960117507257/1930018885886,324519717452867/652346383429468) next_full_lifts=3041
k=667 delta=8 target=3447926 residue=1 carry=9 root=7 common_I=(960117507257/1930018885886,324519717452867/652346383429468) next_full_lifts=3041
k=668 delta=10 target=2758382 residue=3 carry=10 root=9 common_I=(960117507257/1930018885886,324519717452867/652346383429468) next_full_lifts=3041
k=669 delta=12 target=2068838 residue=5 carry=11 root=11 common_I=(960117507257/1930018885886,324519717452867/652346383429468) next_full_lifts=3041
k=671 delta=3 target=689750 residue=9 carry=0 root=2 common_I=(960117507257/1930018885886,324519717452867/652346383429468) next_full_lifts=3045
k=672 delta=5 target=206 residue=11 carry=1 root=4 common_I=(960117507257/1930018885886,324519717452867/652346383429468) next_full_lifts=3041
k=673 delta=7 target=4137471 residue=0 carry=2 root=6 common_I=(960117507257/1930018885886,324519717452867/652346383429468) next_full_lifts=3042
k=674 delta=9 target=3447927 residue=2 carry=3 root=8 common_I=(960117507257/1930018885886,324519717452867/652346383429468) next_full_lifts=3042
k=675 delta=11 target=2758383 residue=4 carry=4 root=10 common_I=(960117507257/1930018885886,324519717452867/652346383429468) next_full_lifts=3042
k=678 delta=4 target=689751 residue=10 carry=7 root=3 common_I=(960117507257/1930018885886,324519717452867/652346383429468) next_full_lifts=3042
k=679 delta=6 target=207 residue=12 carry=8 root=5 common_I=(960117507257/1930018885886,324519717452867/652346383429468) next_full_lifts=3041
k=680 delta=8 target=4137472 residue=1 carry=9 root=7 common_I=(960117507257/1930018885886,324519717452867/652346383429468) next_full_lifts=3041
k=681 delta=10 target=3447928 residue=3 carry=10 root=9 common_I=(960117507257/1930018885886,324519717452867/652346383429468) next_full_lifts=3041
k=682 delta=12 target=2758384 residue=5 carry=11 root=11 common_I=(960117507257/1930018885886,324519717452867/652346383429468) next_full_lifts=3041
k=684 delta=3 target=1379296 residue=9 carry=0 root=2 common_I=(960117507257/1930018885886,324519717452867/652346383429468) next_full_lifts=3045
k=685 delta=5 target=689752 residue=11 carry=1 root=4 common_I=(960117507257/1930018885886,324519717452867/652346383429468) next_full_lifts=3041
k=686 delta=7 target=208 residue=0 carry=2 root=6 common_I=(960117507257/1930018885886,324519717452867/652346383429468) next_full_lifts=3042
k=687 delta=9 target=4137473 residue=2 carry=3 root=8 common_I=(960117507257/1930018885886,324519717452867/652346383429468) next_full_lifts=3042
k=688 delta=11 target=3447929 residue=4 carry=4 root=10 common_I=(960117507257/1930018885886,324519717452867/652346383429468) next_full_lifts=3042
k=691 delta=4 target=1379297 residue=10 carry=7 root=3 common_I=(960117507257/1930018885886,324519717452867/652346383429468) next_full_lifts=3042
k=692 delta=6 target=689753 residue=12 carry=8 root=5 common_I=(960117507257/1930018885886,324519717452867/652346383429468) next_full_lifts=3041
k=693 delta=8 target=209 residue=1 carry=9 root=7 common_I=(960117507257/1930018885886,324519717452867/652346383429468) next_full_lifts=3041
k=694 delta=10 target=4137474 residue=3 carry=10 root=9 common_I=(960117507257/1930018885886,324519717452867/652346383429468) next_full_lifts=3041
k=695 delta=12 target=3447930 residue=5 carry=11 root=11 common_I=(960117507257/1930018885886,324519717452867/652346383429468) next_full_lifts=3041
k=697 delta=3 target=2068842 residue=9 carry=0 root=2 common_I=(960117507257/1930018885886,324519717452867/652346383429468) next_full_lifts=3045
k=698 delta=5 target=1379298 residue=11 carry=1 root=4 common_I=(960117507257/1930018885886,324519717452867/652346383429468) next_full_lifts=3041
k=699 delta=7 target=689754 residue=0 carry=2 root=6 common_I=(960117507257/1930018885886,324519717452867/652346383429468) next_full_lifts=3042
k=700 delta=9 target=210 residue=2 carry=3 root=8 common_I=(960117507257/1930018885886,324519717452867/652346383429468) next_full_lifts=3042
k=701 delta=11 target=4137475 residue=4 carry=4 root=10 common_I=(960117507257/1930018885886,324519717452867/652346383429468) next_full_lifts=3042
k=704 delta=4 target=2068843 residue=10 carry=7 root=3 common_I=(960117507257/1930018885886,324519717452867/652346383429468) next_full_lifts=3042
k=705 delta=6 target=1379299 residue=12 carry=8 root=5 common_I=(960117507257/1930018885886,324519717452867/652346383429468) next_full_lifts=3041
k=706 delta=8 target=689755 residue=1 carry=9 root=7 common_I=(960117507257/1930018885886,324519717452867/652346383429468) next_full_lifts=3041
k=707 delta=10 target=211 residue=3 carry=10 root=9 common_I=(960117507257/1930018885886,324519717452867/652346383429468) next_full_lifts=3041
k=708 delta=12 target=4137476 residue=5 carry=11 root=11 common_I=(960117507257/1930018885886,324519717452867/652346383429468) next_full_lifts=3041
k=710 delta=3 target=2758388 residue=9 carry=0 root=2 common_I=(960117507257/1930018885886,324519717452867/652346383429468) next_full_lifts=3045
k=711 delta=5 target=2068844 residue=11 carry=1 root=4 common_I=(960117507257/1930018885886,324519717452867/652346383429468) next_full_lifts=3041
k=712 delta=7 target=1379300 residue=0 carry=2 root=6 common_I=(960117507257/1930018885886,324519717452867/652346383429468) next_full_lifts=3042
k=713 delta=9 target=689756 residue=2 carry=3 root=8 common_I=(960117507257/1930018885886,324519717452867/652346383429468) next_full_lifts=3042
k=714 delta=11 target=212 residue=4 carry=4 root=10 common_I=(960117507257/1930018885886,324519717452867/652346383429468) next_full_lifts=3042
k=717 delta=4 target=2758389 residue=10 carry=7 root=3 common_I=(960117507257/1930018885886,324519717452867/652346383429468) next_full_lifts=3042
k=718 delta=6 target=2068845 residue=12 carry=8 root=5 common_I=(960117507257/1930018885886,324519717452867/652346383429468) next_full_lifts=3041
k=719 delta=8 target=1379301 residue=1 carry=9 root=7 common_I=(960117507257/1930018885886,324519717452867/652346383429468) next_full_lifts=3041
k=720 delta=10 target=689757 residue=3 carry=10 root=9 common_I=(960117507257/1930018885886,324519717452867/652346383429468) next_full_lifts=3041
k=721 delta=12 target=213 residue=5 carry=11 root=11 common_I=(960117507257/1930018885886,324519717452867/652346383429468) next_full_lifts=3041
k=723 delta=3 target=3447934 residue=9 carry=0 root=2 common_I=(960117507257/1930018885886,324519717452867/652346383429468) next_full_lifts=3045
k=724 delta=5 target=2758390 residue=11 carry=1 root=4 common_I=(960117507257/1930018885886,324519717452867/652346383429468) next_full_lifts=3041
k=725 delta=7 target=2068846 residue=0 carry=2 root=6 common_I=(960117507257/1930018885886,324519717452867/652346383429468) next_full_lifts=3042
k=726 delta=9 target=1379302 residue=2 carry=3 root=8 common_I=(960117507257/1930018885886,324519717452867/652346383429468) next_full_lifts=3042
k=727 delta=11 target=689758 residue=4 carry=4 root=10 common_I=(960117507257/1930018885886,324519717452867/652346383429468) next_full_lifts=3042
k=730 delta=4 target=3447935 residue=10 carry=7 root=3 common_I=(960117507257/1930018885886,324519717452867/652346383429468) next_full_lifts=3042
k=731 delta=6 target=2758391 residue=12 carry=8 root=5 common_I=(960117507257/1930018885886,324519717452867/652346383429468) next_full_lifts=3041
k=732 delta=8 target=2068847 residue=1 carry=9 root=7 common_I=(960117507257/1930018885886,324519717452867/652346383429468) next_full_lifts=3041
k=733 delta=10 target=1379303 residue=3 carry=10 root=9 common_I=(960117507257/1930018885886,324519717452867/652346383429468) next_full_lifts=3041
k=734 delta=12 target=689759 residue=5 carry=11 root=11 common_I=(960117507257/1930018885886,324519717452867/652346383429468) next_full_lifts=3041
k=736 delta=3 target=4137480 residue=9 carry=0 root=2 common_I=(960117507257/1930018885886,324519717452867/652346383429468) next_full_lifts=3045
k=737 delta=5 target=3447936 residue=11 carry=1 root=4 common_I=(960117507257/1930018885886,324519717452867/652346383429468) next_full_lifts=3041
k=738 delta=7 target=2758392 residue=0 carry=2 root=6 common_I=(960117507257/1930018885886,324519717452867/652346383429468) next_full_lifts=3042
k=739 delta=9 target=2068848 residue=2 carry=3 root=8 common_I=(960117507257/1930018885886,324519717452867/652346383429468) next_full_lifts=3042
k=740 delta=11 target=1379304 residue=4 carry=4 root=10 common_I=(960117507257/1930018885886,324519717452867/652346383429468) next_full_lifts=3042
k=743 delta=4 target=4137481 residue=10 carry=7 root=3 common_I=(960117507257/1930018885886,324519717452867/652346383429468) next_full_lifts=3042
k=744 delta=6 target=3447937 residue=12 carry=8 root=5 common_I=(960117507257/1930018885886,324519717452867/652346383429468) next_full_lifts=3041
k=745 delta=8 target=2758393 residue=1 carry=9 root=7 common_I=(960117507257/1930018885886,324519717452867/652346383429468) next_full_lifts=3041
k=746 delta=10 target=2068849 residue=3 carry=10 root=9 common_I=(960117507257/1930018885886,324519717452867/652346383429468) next_full_lifts=3041
k=747 delta=12 target=1379305 residue=5 carry=11 root=11 common_I=(960117507257/1930018885886,324519717452867/652346383429468) next_full_lifts=3041
k=749 delta=3 target=217 residue=9 carry=0 root=2 common_I=(960117507257/1930018885886,324519717452867/652346383429468) next_full_lifts=3045
k=750 delta=5 target=4137482 residue=11 carry=1 root=4 common_I=(960117507257/1930018885886,324519717452867/652346383429468) next_full_lifts=3041
k=751 delta=7 target=3447938 residue=0 carry=2 root=6 common_I=(960117507257/1930018885886,324519717452867/652346383429468) next_full_lifts=3042
k=752 delta=9 target=2758394 residue=2 carry=3 root=8 common_I=(960117507257/1930018885886,324519717452867/652346383429468) next_full_lifts=3042
k=753 delta=11 target=2068850 residue=4 carry=4 root=10 common_I=(960117507257/1930018885886,324519717452867/652346383429468) next_full_lifts=3042
k=756 delta=4 target=218 residue=10 carry=7 root=3 common_I=(960117507257/1930018885886,324519717452867/652346383429468) next_full_lifts=3042
k=757 delta=6 target=4137483 residue=12 carry=8 root=5 common_I=(960117507257/1930018885886,324519717452867/652346383429468) next_full_lifts=3041
k=758 delta=8 target=3447939 residue=1 carry=9 root=7 common_I=(960117507257/1930018885886,324519717452867/652346383429468) next_full_lifts=3041
k=759 delta=10 target=2758395 residue=3 carry=10 root=9 common_I=(960117507257/1930018885886,324519717452867/652346383429468) next_full_lifts=3041
k=760 delta=12 target=2068851 residue=5 carry=11 root=11 common_I=(960117507257/1930018885886,324519717452867/652346383429468) next_full_lifts=3041
k=762 delta=3 target=689763 residue=9 carry=0 root=2 common_I=(960117507257/1930018885886,324519717452867/652346383429468) next_full_lifts=3045
k=763 delta=5 target=219 residue=11 carry=1 root=4 common_I=(960117507257/1930018885886,324519717452867/652346383429468) next_full_lifts=3041
k=764 delta=7 target=4137484 residue=0 carry=2 root=6 common_I=(960117507257/1930018885886,324519717452867/652346383429468) next_full_lifts=3042
k=765 delta=9 target=3447940 residue=2 carry=3 root=8 common_I=(960117507257/1930018885886,324519717452867/652346383429468) next_full_lifts=3042
k=766 delta=11 target=2758396 residue=4 carry=4 root=10 common_I=(960117507257/1930018885886,324519717452867/652346383429468) next_full_lifts=3042
k=769 delta=4 target=689764 residue=10 carry=7 root=3 common_I=(960117507257/1930018885886,324519717452867/652346383429468) next_full_lifts=3042
k=770 delta=6 target=220 residue=12 carry=8 root=5 common_I=(960117507257/1930018885886,324519717452867/652346383429468) next_full_lifts=3041
k=771 delta=8 target=4137485 residue=1 carry=9 root=7 common_I=(960117507257/1930018885886,324519717452867/652346383429468) next_full_lifts=3041
k=772 delta=10 target=3447941 residue=3 carry=10 root=9 common_I=(960117507257/1930018885886,324519717452867/652346383429468) next_full_lifts=3041
k=773 delta=12 target=2758397 residue=5 carry=11 root=11 common_I=(960117507257/1930018885886,324519717452867/652346383429468) next_full_lifts=3041
k=775 delta=3 target=1379309 residue=9 carry=0 root=2 common_I=(960117507257/1930018885886,324519717452867/652346383429468) next_full_lifts=3045
k=776 delta=5 target=689765 residue=11 carry=1 root=4 common_I=(960117507257/1930018885886,324519717452867/652346383429468) next_full_lifts=3041
k=777 delta=7 target=221 residue=0 carry=2 root=6 common_I=(960117507257/1930018885886,324519717452867/652346383429468) next_full_lifts=3042
k=778 delta=9 target=4137486 residue=2 carry=3 root=8 common_I=(960117507257/1930018885886,324519717452867/652346383429468) next_full_lifts=3042
k=779 delta=11 target=3447942 residue=4 carry=4 root=10 common_I=(960117507257/1930018885886,324519717452867/652346383429468) next_full_lifts=3042
k=782 delta=4 target=1379310 residue=10 carry=7 root=3 common_I=(960117507257/1930018885886,324519717452867/652346383429468) next_full_lifts=3042
k=783 delta=6 target=689766 residue=12 carry=8 root=5 common_I=(960117507257/1930018885886,324519717452867/652346383429468) next_full_lifts=3041
k=784 delta=8 target=222 residue=1 carry=9 root=7 common_I=(960117507257/1930018885886,324519717452867/652346383429468) next_full_lifts=3041
k=785 delta=10 target=4137487 residue=3 carry=10 root=9 common_I=(960117507257/1930018885886,324519717452867/652346383429468) next_full_lifts=3041
k=786 delta=12 target=3447943 residue=5 carry=11 root=11 common_I=(960117507257/1930018885886,324519717452867/652346383429468) next_full_lifts=3041
k=788 delta=3 target=2068855 residue=9 carry=0 root=2 common_I=(960117507257/1930018885886,324519717452867/652346383429468) next_full_lifts=3045
k=789 delta=5 target=1379311 residue=11 carry=1 root=4 common_I=(960117507257/1930018885886,324519717452867/652346383429468) next_full_lifts=3041
k=790 delta=7 target=689767 residue=0 carry=2 root=6 common_I=(960117507257/1930018885886,324519717452867/652346383429468) next_full_lifts=3042
k=791 delta=9 target=223 residue=2 carry=3 root=8 common_I=(960117507257/1930018885886,324519717452867/652346383429468) next_full_lifts=3042
k=792 delta=11 target=4137488 residue=4 carry=4 root=10 common_I=(960117507257/1930018885886,324519717452867/652346383429468) next_full_lifts=3042
k=795 delta=4 target=2068856 residue=10 carry=7 root=3 common_I=(960117507257/1930018885886,324519717452867/652346383429468) next_full_lifts=3042
k=796 delta=6 target=1379312 residue=12 carry=8 root=5 common_I=(960117507257/1930018885886,324519717452867/652346383429468) next_full_lifts=3041
k=797 delta=8 target=689768 residue=1 carry=9 root=7 common_I=(960117507257/1930018885886,324519717452867/652346383429468) next_full_lifts=3041
k=798 delta=10 target=224 residue=3 carry=10 root=9 common_I=(960117507257/1930018885886,324519717452867/652346383429468) next_full_lifts=3041
k=799 delta=12 target=4137489 residue=5 carry=11 root=11 common_I=(960117507257/1930018885886,324519717452867/652346383429468) next_full_lifts=3041
k=801 delta=3 target=2758401 residue=9 carry=0 root=2 common_I=(960117507257/1930018885886,324519717452867/652346383429468) next_full_lifts=3045
k=802 delta=5 target=2068857 residue=11 carry=1 root=4 common_I=(960117507257/1930018885886,324519717452867/652346383429468) next_full_lifts=3041
k=803 delta=7 target=1379313 residue=0 carry=2 root=6 common_I=(960117507257/1930018885886,324519717452867/652346383429468) next_full_lifts=3042
k=804 delta=9 target=689769 residue=2 carry=3 root=8 common_I=(960117507257/1930018885886,324519717452867/652346383429468) next_full_lifts=3042
k=805 delta=11 target=225 residue=4 carry=4 root=10 common_I=(960117507257/1930018885886,324519717452867/652346383429468) next_full_lifts=3042
k=808 delta=4 target=2758402 residue=10 carry=7 root=3 common_I=(960117507257/1930018885886,324519717452867/652346383429468) next_full_lifts=3042
k=809 delta=6 target=2068858 residue=12 carry=8 root=5 common_I=(960117507257/1930018885886,324519717452867/652346383429468) next_full_lifts=3041
k=810 delta=8 target=1379314 residue=1 carry=9 root=7 common_I=(960117507257/1930018885886,324519717452867/652346383429468) next_full_lifts=3041
k=811 delta=10 target=689770 residue=3 carry=10 root=9 common_I=(960117507257/1930018885886,324519717452867/652346383429468) next_full_lifts=3041
k=812 delta=12 target=226 residue=5 carry=11 root=11 common_I=(960117507257/1930018885886,324519717452867/652346383429468) next_full_lifts=3041
k=814 delta=3 target=3447947 residue=9 carry=0 root=2 common_I=(960117507257/1930018885886,324519717452867/652346383429468) next_full_lifts=3045
k=815 delta=5 target=2758403 residue=11 carry=1 root=4 common_I=(960117507257/1930018885886,324519717452867/652346383429468) next_full_lifts=3041
k=816 delta=7 target=2068859 residue=0 carry=2 root=6 common_I=(960117507257/1930018885886,324519717452867/652346383429468) next_full_lifts=3042
k=817 delta=9 target=1379315 residue=2 carry=3 root=8 common_I=(960117507257/1930018885886,324519717452867/652346383429468) next_full_lifts=3042
k=818 delta=11 target=689771 residue=4 carry=4 root=10 common_I=(960117507257/1930018885886,324519717452867/652346383429468) next_full_lifts=3042
k=821 delta=4 target=3447948 residue=10 carry=7 root=3 common_I=(960117507257/1930018885886,324519717452867/652346383429468) next_full_lifts=3042
k=822 delta=6 target=2758404 residue=12 carry=8 root=5 common_I=(960117507257/1930018885886,324519717452867/652346383429468) next_full_lifts=3041
k=823 delta=8 target=2068860 residue=1 carry=9 root=7 common_I=(960117507257/1930018885886,324519717452867/652346383429468) next_full_lifts=3041
k=824 delta=10 target=1379316 residue=3 carry=10 root=9 common_I=(960117507257/1930018885886,324519717452867/652346383429468) next_full_lifts=3041
k=825 delta=12 target=689772 residue=5 carry=11 root=11 common_I=(960117507257/1930018885886,324519717452867/652346383429468) next_full_lifts=3041
k=827 delta=3 target=4137493 residue=9 carry=0 root=2 common_I=(960117507257/1930018885886,324519717452867/652346383429468) next_full_lifts=3045
k=828 delta=5 target=3447949 residue=11 carry=1 root=4 common_I=(960117507257/1930018885886,324519717452867/652346383429468) next_full_lifts=3041
k=829 delta=7 target=2758405 residue=0 carry=2 root=6 common_I=(960117507257/1930018885886,324519717452867/652346383429468) next_full_lifts=3042
k=830 delta=9 target=2068861 residue=2 carry=3 root=8 common_I=(960117507257/1930018885886,324519717452867/652346383429468) next_full_lifts=3042
k=831 delta=11 target=1379317 residue=4 carry=4 root=10 common_I=(960117507257/1930018885886,324519717452867/652346383429468) next_full_lifts=3042
k=834 delta=4 target=4137494 residue=10 carry=7 root=3 common_I=(960117507257/1930018885886,324519717452867/652346383429468) next_full_lifts=3042
k=835 delta=6 target=3447950 residue=12 carry=8 root=5 common_I=(960117507257/1930018885886,324519717452867/652346383429468) next_full_lifts=3041
k=836 delta=8 target=2758406 residue=1 carry=9 root=7 common_I=(960117507257/1930018885886,324519717452867/652346383429468) next_full_lifts=3041
k=837 delta=10 target=2068862 residue=3 carry=10 root=9 common_I=(960117507257/1930018885886,324519717452867/652346383429468) next_full_lifts=3041
k=838 delta=12 target=1379318 residue=5 carry=11 root=11 common_I=(960117507257/1930018885886,324519717452867/652346383429468) next_full_lifts=3041
k=840 delta=3 target=230 residue=9 carry=0 root=2 common_I=(960117507257/1930018885886,324519717452867/652346383429468) next_full_lifts=3045
k=841 delta=5 target=4137495 residue=11 carry=1 root=4 common_I=(960117507257/1930018885886,324519717452867/652346383429468) next_full_lifts=3041
k=842 delta=7 target=3447951 residue=0 carry=2 root=6 common_I=(960117507257/1930018885886,324519717452867/652346383429468) next_full_lifts=3042
k=843 delta=9 target=2758407 residue=2 carry=3 root=8 common_I=(960117507257/1930018885886,324519717452867/652346383429468) next_full_lifts=3042
k=844 delta=11 target=2068863 residue=4 carry=4 root=10 common_I=(960117507257/1930018885886,324519717452867/652346383429468) next_full_lifts=3042
k=847 delta=4 target=231 residue=10 carry=7 root=3 common_I=(960117507257/1930018885886,324519717452867/652346383429468) next_full_lifts=3042
k=848 delta=6 target=4137496 residue=12 carry=8 root=5 common_I=(960117507257/1930018885886,324519717452867/652346383429468) next_full_lifts=3041
k=849 delta=8 target=3447952 residue=1 carry=9 root=7 common_I=(960117507257/1930018885886,324519717452867/652346383429468) next_full_lifts=3041
k=850 delta=10 target=2758408 residue=3 carry=10 root=9 common_I=(960117507257/1930018885886,324519717452867/652346383429468) next_full_lifts=3041
k=851 delta=12 target=2068864 residue=5 carry=11 root=11 common_I=(960117507257/1930018885886,324519717452867/652346383429468) next_full_lifts=3041
k=853 delta=3 target=689776 residue=9 carry=0 root=2 common_I=(960117507257/1930018885886,324519717452867/652346383429468) next_full_lifts=3045
k=854 delta=5 target=232 residue=11 carry=1 root=4 common_I=(960117507257/1930018885886,324519717452867/652346383429468) next_full_lifts=3041
k=855 delta=7 target=4137497 residue=0 carry=2 root=6 common_I=(960117507257/1930018885886,324519717452867/652346383429468) next_full_lifts=3042
k=856 delta=9 target=3447953 residue=2 carry=3 root=8 common_I=(960117507257/1930018885886,324519717452867/652346383429468) next_full_lifts=3042
k=857 delta=11 target=2758409 residue=4 carry=4 root=10 common_I=(960117507257/1930018885886,324519717452867/652346383429468) next_full_lifts=3042
k=860 delta=4 target=689777 residue=10 carry=7 root=3 common_I=(960117507257/1930018885886,324519717452867/652346383429468) next_full_lifts=3042
k=861 delta=6 target=233 residue=12 carry=8 root=5 common_I=(960117507257/1930018885886,324519717452867/652346383429468) next_full_lifts=3041
k=862 delta=8 target=4137498 residue=1 carry=9 root=7 common_I=(960117507257/1930018885886,324519717452867/652346383429468) next_full_lifts=3041
k=863 delta=10 target=3447954 residue=3 carry=10 root=9 common_I=(960117507257/1930018885886,324519717452867/652346383429468) next_full_lifts=3041
k=864 delta=12 target=2758410 residue=5 carry=11 root=11 common_I=(960117507257/1930018885886,324519717452867/652346383429468) next_full_lifts=3041
k=866 delta=3 target=1379322 residue=9 carry=0 root=2 common_I=(960117507257/1930018885886,324519717452867/652346383429468) next_full_lifts=3045
k=867 delta=5 target=689778 residue=11 carry=1 root=4 common_I=(960117507257/1930018885886,324519717452867/652346383429468) next_full_lifts=3041
k=868 delta=7 target=234 residue=0 carry=2 root=6 common_I=(960117507257/1930018885886,324519717452867/652346383429468) next_full_lifts=3042
k=869 delta=9 target=4137499 residue=2 carry=3 root=8 common_I=(960117507257/1930018885886,324519717452867/652346383429468) next_full_lifts=3042
k=870 delta=11 target=3447955 residue=4 carry=4 root=10 common_I=(960117507257/1930018885886,324519717452867/652346383429468) next_full_lifts=3042
k=873 delta=4 target=1379323 residue=10 carry=7 root=3 common_I=(960117507257/1930018885886,324519717452867/652346383429468) next_full_lifts=3042
k=874 delta=6 target=689779 residue=12 carry=8 root=5 common_I=(960117507257/1930018885886,324519717452867/652346383429468) next_full_lifts=3041
k=875 delta=8 target=235 residue=1 carry=9 root=7 common_I=(960117507257/1930018885886,324519717452867/652346383429468) next_full_lifts=3041
k=876 delta=10 target=4137500 residue=3 carry=10 root=9 common_I=(960117507257/1930018885886,324519717452867/652346383429468) next_full_lifts=3041
k=877 delta=12 target=3447956 residue=5 carry=11 root=11 common_I=(960117507257/1930018885886,324519717452867/652346383429468) next_full_lifts=3041
k=879 delta=3 target=2068868 residue=9 carry=0 root=2 common_I=(960117507257/1930018885886,324519717452867/652346383429468) next_full_lifts=3045
k=880 delta=5 target=1379324 residue=11 carry=1 root=4 common_I=(960117507257/1930018885886,324519717452867/652346383429468) next_full_lifts=3041
k=881 delta=7 target=689780 residue=0 carry=2 root=6 common_I=(960117507257/1930018885886,324519717452867/652346383429468) next_full_lifts=3042
k=882 delta=9 target=236 residue=2 carry=3 root=8 common_I=(960117507257/1930018885886,324519717452867/652346383429468) next_full_lifts=3042
k=883 delta=11 target=4137501 residue=4 carry=4 root=10 common_I=(960117507257/1930018885886,324519717452867/652346383429468) next_full_lifts=3042
k=886 delta=4 target=2068869 residue=10 carry=7 root=3 common_I=(960117507257/1930018885886,324519717452867/652346383429468) next_full_lifts=3042
k=887 delta=6 target=1379325 residue=12 carry=8 root=5 common_I=(960117507257/1930018885886,324519717452867/652346383429468) next_full_lifts=3041
k=888 delta=8 target=689781 residue=1 carry=9 root=7 common_I=(960117507257/1930018885886,324519717452867/652346383429468) next_full_lifts=3041
k=889 delta=10 target=237 residue=3 carry=10 root=9 common_I=(960117507257/1930018885886,324519717452867/652346383429468) next_full_lifts=3041
k=890 delta=12 target=4137502 residue=5 carry=11 root=11 common_I=(960117507257/1930018885886,324519717452867/652346383429468) next_full_lifts=3041
k=892 delta=3 target=2758414 residue=9 carry=0 root=2 common_I=(960117507257/1930018885886,324519717452867/652346383429468) next_full_lifts=3045
k=893 delta=5 target=2068870 residue=11 carry=1 root=4 common_I=(960117507257/1930018885886,324519717452867/652346383429468) next_full_lifts=3041
k=894 delta=7 target=1379326 residue=0 carry=2 root=6 common_I=(960117507257/1930018885886,324519717452867/652346383429468) next_full_lifts=3042
k=895 delta=9 target=689782 residue=2 carry=3 root=8 common_I=(960117507257/1930018885886,324519717452867/652346383429468) next_full_lifts=3042
k=896 delta=11 target=238 residue=4 carry=4 root=10 common_I=(960117507257/1930018885886,324519717452867/652346383429468) next_full_lifts=3042
k=899 delta=4 target=2758415 residue=10 carry=7 root=3 common_I=(960117507257/1930018885886,324519717452867/652346383429468) next_full_lifts=3042
k=900 delta=6 target=2068871 residue=12 carry=8 root=5 common_I=(960117507257/1930018885886,324519717452867/652346383429468) next_full_lifts=3041
k=901 delta=8 target=1379327 residue=1 carry=9 root=7 common_I=(960117507257/1930018885886,324519717452867/652346383429468) next_full_lifts=3041
k=902 delta=10 target=689783 residue=3 carry=10 root=9 common_I=(960117507257/1930018885886,324519717452867/652346383429468) next_full_lifts=3041
k=903 delta=12 target=239 residue=5 carry=11 root=11 common_I=(960117507257/1930018885886,324519717452867/652346383429468) next_full_lifts=3041
k=905 delta=3 target=3447960 residue=9 carry=0 root=2 common_I=(960117507257/1930018885886,324519717452867/652346383429468) next_full_lifts=3045
k=906 delta=5 target=2758416 residue=11 carry=1 root=4 common_I=(960117507257/1930018885886,324519717452867/652346383429468) next_full_lifts=3041
k=907 delta=7 target=2068872 residue=0 carry=2 root=6 common_I=(960117507257/1930018885886,324519717452867/652346383429468) next_full_lifts=3042
k=908 delta=9 target=1379328 residue=2 carry=3 root=8 common_I=(960117507257/1930018885886,324519717452867/652346383429468) next_full_lifts=3042
k=909 delta=11 target=689784 residue=4 carry=4 root=10 common_I=(960117507257/1930018885886,324519717452867/652346383429468) next_full_lifts=3042
k=912 delta=4 target=3447961 residue=10 carry=7 root=3 common_I=(960117507257/1930018885886,324519717452867/652346383429468) next_full_lifts=3042
k=913 delta=6 target=2758417 residue=12 carry=8 root=5 common_I=(960117507257/1930018885886,324519717452867/652346383429468) next_full_lifts=3041
k=914 delta=8 target=2068873 residue=1 carry=9 root=7 common_I=(960117507257/1930018885886,324519717452867/652346383429468) next_full_lifts=3041
k=915 delta=10 target=1379329 residue=3 carry=10 root=9 common_I=(960117507257/1930018885886,324519717452867/652346383429468) next_full_lifts=3041
k=916 delta=12 target=689785 residue=5 carry=11 root=11 common_I=(960117507257/1930018885886,324519717452867/652346383429468) next_full_lifts=3041
k=918 delta=3 target=4137506 residue=9 carry=0 root=2 common_I=(960117507257/1930018885886,324519717452867/652346383429468) next_full_lifts=3045
k=919 delta=5 target=3447962 residue=11 carry=1 root=4 common_I=(960117507257/1930018885886,324519717452867/652346383429468) next_full_lifts=3041
k=920 delta=7 target=2758418 residue=0 carry=2 root=6 common_I=(960117507257/1930018885886,324519717452867/652346383429468) next_full_lifts=3042
k=921 delta=9 target=2068874 residue=2 carry=3 root=8 common_I=(960117507257/1930018885886,324519717452867/652346383429468) next_full_lifts=3042
k=922 delta=11 target=1379330 residue=4 carry=4 root=10 common_I=(960117507257/1930018885886,324519717452867/652346383429468) next_full_lifts=3042
k=925 delta=4 target=4137507 residue=10 carry=7 root=3 common_I=(960117507257/1930018885886,324519717452867/652346383429468) next_full_lifts=3042
k=926 delta=6 target=3447963 residue=12 carry=8 root=5 common_I=(960117507257/1930018885886,324519717452867/652346383429468) next_full_lifts=3041
k=927 delta=8 target=2758419 residue=1 carry=9 root=7 common_I=(960117507257/1930018885886,324519717452867/652346383429468) next_full_lifts=3041
k=928 delta=10 target=2068875 residue=3 carry=10 root=9 common_I=(960117507257/1930018885886,324519717452867/652346383429468) next_full_lifts=3041
k=929 delta=12 target=1379331 residue=5 carry=11 root=11 common_I=(960117507257/1930018885886,324519717452867/652346383429468) next_full_lifts=3041
k=931 delta=3 target=243 residue=9 carry=0 root=2 common_I=(960117507257/1930018885886,324519717452867/652346383429468) next_full_lifts=3045
k=932 delta=5 target=4137508 residue=11 carry=1 root=4 common_I=(960117507257/1930018885886,324519717452867/652346383429468) next_full_lifts=3041
k=933 delta=7 target=3447964 residue=0 carry=2 root=6 common_I=(960117507257/1930018885886,324519717452867/652346383429468) next_full_lifts=3042
k=934 delta=9 target=2758420 residue=2 carry=3 root=8 common_I=(960117507257/1930018885886,324519717452867/652346383429468) next_full_lifts=3042
k=935 delta=11 target=2068876 residue=4 carry=4 root=10 common_I=(960117507257/1930018885886,324519717452867/652346383429468) next_full_lifts=3042
k=938 delta=4 target=244 residue=10 carry=7 root=3 common_I=(960117507257/1930018885886,324519717452867/652346383429468) next_full_lifts=3042
k=939 delta=6 target=4137509 residue=12 carry=8 root=5 common_I=(960117507257/1930018885886,324519717452867/652346383429468) next_full_lifts=3041
k=940 delta=8 target=3447965 residue=1 carry=9 root=7 common_I=(960117507257/1930018885886,324519717452867/652346383429468) next_full_lifts=3041
k=941 delta=10 target=2758421 residue=3 carry=10 root=9 common_I=(960117507257/1930018885886,324519717452867/652346383429468) next_full_lifts=3041
k=942 delta=12 target=2068877 residue=5 carry=11 root=11 common_I=(960117507257/1930018885886,324519717452867/652346383429468) next_full_lifts=3041
k=944 delta=3 target=689789 residue=9 carry=0 root=2 common_I=(960117507257/1930018885886,324519717452867/652346383429468) next_full_lifts=3045
k=945 delta=5 target=245 residue=11 carry=1 root=4 common_I=(960117507257/1930018885886,324519717452867/652346383429468) next_full_lifts=3041
k=946 delta=7 target=4137510 residue=0 carry=2 root=6 common_I=(960117507257/1930018885886,324519717452867/652346383429468) next_full_lifts=3042
k=947 delta=9 target=3447966 residue=2 carry=3 root=8 common_I=(960117507257/1930018885886,324519717452867/652346383429468) next_full_lifts=3042
k=948 delta=11 target=2758422 residue=4 carry=4 root=10 common_I=(960117507257/1930018885886,324519717452867/652346383429468) next_full_lifts=3042
k=951 delta=4 target=689790 residue=10 carry=7 root=3 common_I=(960117507257/1930018885886,324519717452867/652346383429468) next_full_lifts=3042
k=952 delta=6 target=246 residue=12 carry=8 root=5 common_I=(960117507257/1930018885886,324519717452867/652346383429468) next_full_lifts=3041
k=953 delta=8 target=4137511 residue=1 carry=9 root=7 common_I=(960117507257/1930018885886,324519717452867/652346383429468) next_full_lifts=3041
k=954 delta=10 target=3447967 residue=3 carry=10 root=9 common_I=(960117507257/1930018885886,324519717452867/652346383429468) next_full_lifts=3041
k=955 delta=12 target=2758423 residue=5 carry=11 root=11 common_I=(960117507257/1930018885886,324519717452867/652346383429468) next_full_lifts=3041
k=957 delta=3 target=1379335 residue=9 carry=0 root=2 common_I=(960117507257/1930018885886,324519717452867/652346383429468) next_full_lifts=3045
k=958 delta=5 target=689791 residue=11 carry=1 root=4 common_I=(960117507257/1930018885886,324519717452867/652346383429468) next_full_lifts=3041
k=959 delta=7 target=247 residue=0 carry=2 root=6 common_I=(960117507257/1930018885886,324519717452867/652346383429468) next_full_lifts=3042
k=960 delta=9 target=4137512 residue=2 carry=3 root=8 common_I=(960117507257/1930018885886,324519717452867/652346383429468) next_full_lifts=3042
k=961 delta=11 target=3447968 residue=4 carry=4 root=10 common_I=(960117507257/1930018885886,324519717452867/652346383429468) next_full_lifts=3042
k=964 delta=4 target=1379336 residue=10 carry=7 root=3 common_I=(960117507257/1930018885886,324519717452867/652346383429468) next_full_lifts=3042
k=965 delta=6 target=689792 residue=12 carry=8 root=5 common_I=(960117507257/1930018885886,324519717452867/652346383429468) next_full_lifts=3041
k=966 delta=8 target=248 residue=1 carry=9 root=7 common_I=(960117507257/1930018885886,324519717452867/652346383429468) next_full_lifts=3041
k=967 delta=10 target=4137513 residue=3 carry=10 root=9 common_I=(960117507257/1930018885886,324519717452867/652346383429468) next_full_lifts=3041
k=968 delta=12 target=3447969 residue=5 carry=11 root=11 common_I=(960117507257/1930018885886,324519717452867/652346383429468) next_full_lifts=3041
k=970 delta=3 target=2068881 residue=9 carry=0 root=2 common_I=(960117507257/1930018885886,324519717452867/652346383429468) next_full_lifts=3045
k=971 delta=5 target=1379337 residue=11 carry=1 root=4 common_I=(960117507257/1930018885886,324519717452867/652346383429468) next_full_lifts=3041
k=972 delta=7 target=689793 residue=0 carry=2 root=6 common_I=(960117507257/1930018885886,324519717452867/652346383429468) next_full_lifts=3042
k=973 delta=9 target=249 residue=2 carry=3 root=8 common_I=(960117507257/1930018885886,324519717452867/652346383429468) next_full_lifts=3042
k=974 delta=11 target=4137514 residue=4 carry=4 root=10 common_I=(960117507257/1930018885886,324519717452867/652346383429468) next_full_lifts=3042
k=977 delta=4 target=2068882 residue=10 carry=7 root=3 common_I=(960117507257/1930018885886,324519717452867/652346383429468) next_full_lifts=3042
k=978 delta=6 target=1379338 residue=12 carry=8 root=5 common_I=(960117507257/1930018885886,324519717452867/652346383429468) next_full_lifts=3041
k=979 delta=8 target=689794 residue=1 carry=9 root=7 common_I=(960117507257/1930018885886,324519717452867/652346383429468) next_full_lifts=3041
k=980 delta=10 target=250 residue=3 carry=10 root=9 common_I=(960117507257/1930018885886,324519717452867/652346383429468) next_full_lifts=3041
k=981 delta=12 target=4137515 residue=5 carry=11 root=11 common_I=(960117507257/1930018885886,324519717452867/652346383429468) next_full_lifts=3041
k=983 delta=3 target=2758427 residue=9 carry=0 root=2 common_I=(960117507257/1930018885886,324519717452867/652346383429468) next_full_lifts=3045
k=984 delta=5 target=2068883 residue=11 carry=1 root=4 common_I=(960117507257/1930018885886,324519717452867/652346383429468) next_full_lifts=3041
k=985 delta=7 target=1379339 residue=0 carry=2 root=6 common_I=(960117507257/1930018885886,324519717452867/652346383429468) next_full_lifts=3042
k=986 delta=9 target=689795 residue=2 carry=3 root=8 common_I=(960117507257/1930018885886,324519717452867/652346383429468) next_full_lifts=3042
k=987 delta=11 target=251 residue=4 carry=4 root=10 common_I=(960117507257/1930018885886,324519717452867/652346383429468) next_full_lifts=3042
k=990 delta=4 target=2758428 residue=10 carry=7 root=3 common_I=(960117507257/1930018885886,324519717452867/652346383429468) next_full_lifts=3042
k=991 delta=6 target=2068884 residue=12 carry=8 root=5 common_I=(960117507257/1930018885886,324519717452867/652346383429468) next_full_lifts=3041
k=992 delta=8 target=1379340 residue=1 carry=9 root=7 common_I=(960117507257/1930018885886,324519717452867/652346383429468) next_full_lifts=3041
k=993 delta=10 target=689796 residue=3 carry=10 root=9 common_I=(960117507257/1930018885886,324519717452867/652346383429468) next_full_lifts=3041
k=994 delta=12 target=252 residue=5 carry=11 root=11 common_I=(960117507257/1930018885886,324519717452867/652346383429468) next_full_lifts=3041
k=996 delta=3 target=3447973 residue=9 carry=0 root=2 common_I=(960117507257/1930018885886,324519717452867/652346383429468) next_full_lifts=3045
k=997 delta=5 target=2758429 residue=11 carry=1 root=4 common_I=(960117507257/1930018885886,324519717452867/652346383429468) next_full_lifts=3041
k=998 delta=7 target=2068885 residue=0 carry=2 root=6 common_I=(960117507257/1930018885886,324519717452867/652346383429468) next_full_lifts=3042
k=999 delta=9 target=1379341 residue=2 carry=3 root=8 common_I=(960117507257/1930018885886,324519717452867/652346383429468) next_full_lifts=3042
k=1000 delta=11 target=689797 residue=4 carry=4 root=10 common_I=(960117507257/1930018885886,324519717452867/652346383429468) next_full_lifts=3042
k=1003 delta=4 target=3447974 residue=10 carry=7 root=3 common_I=(960117507257/1930018885886,324519717452867/652346383429468) next_full_lifts=3042
k=1004 delta=6 target=2758430 residue=12 carry=8 root=5 common_I=(960117507257/1930018885886,324519717452867/652346383429468) next_full_lifts=3041
k=1005 delta=8 target=2068886 residue=1 carry=9 root=7 common_I=(960117507257/1930018885886,324519717452867/652346383429468) next_full_lifts=3041
k=1006 delta=10 target=1379342 residue=3 carry=10 root=9 common_I=(960117507257/1930018885886,324519717452867/652346383429468) next_full_lifts=3041
k=1007 delta=12 target=689798 residue=5 carry=11 root=11 common_I=(960117507257/1930018885886,324519717452867/652346383429468) next_full_lifts=3041
k=1009 delta=3 target=4137519 residue=9 carry=0 root=2 common_I=(960117507257/1930018885886,324519717452867/652346383429468) next_full_lifts=3045
k=1010 delta=5 target=3447975 residue=11 carry=1 root=4 common_I=(960117507257/1930018885886,324519717452867/652346383429468) next_full_lifts=3041
k=1011 delta=7 target=2758431 residue=0 carry=2 root=6 common_I=(960117507257/1930018885886,324519717452867/652346383429468) next_full_lifts=3042
k=1012 delta=9 target=2068887 residue=2 carry=3 root=8 common_I=(960117507257/1930018885886,324519717452867/652346383429468) next_full_lifts=3042
k=1013 delta=11 target=1379343 residue=4 carry=4 root=10 common_I=(960117507257/1930018885886,324519717452867/652346383429468) next_full_lifts=3042
k=1016 delta=4 target=4137520 residue=10 carry=7 root=3 common_I=(960117507257/1930018885886,324519717452867/652346383429468) next_full_lifts=3042
k=1017 delta=6 target=3447976 residue=12 carry=8 root=5 common_I=(960117507257/1930018885886,324519717452867/652346383429468) next_full_lifts=3041
k=1018 delta=8 target=2758432 residue=1 carry=9 root=7 common_I=(960117507257/1930018885886,324519717452867/652346383429468) next_full_lifts=3041
k=1019 delta=10 target=2068888 residue=3 carry=10 root=9 common_I=(960117507257/1930018885886,324519717452867/652346383429468) next_full_lifts=3041
k=1020 delta=12 target=1379344 residue=5 carry=11 root=11 common_I=(960117507257/1930018885886,324519717452867/652346383429468) next_full_lifts=3041
k=1022 delta=3 target=256 residue=9 carry=0 root=2 common_I=(960117507257/1930018885886,324519717452867/652346383429468) next_full_lifts=3045
k=1023 delta=5 target=4137521 residue=11 carry=1 root=4 common_I=(960117507257/1930018885886,324519717452867/652346383429468) next_full_lifts=3041
k=1024 delta=7 target=3447977 residue=0 carry=2 root=6 common_I=(960117507257/1930018885886,324519717452867/652346383429468) next_full_lifts=3042
k=1025 delta=9 target=2758433 residue=2 carry=3 root=8 common_I=(960117507257/1930018885886,324519717452867/652346383429468) next_full_lifts=3042
k=1026 delta=11 target=2068889 residue=4 carry=4 root=10 common_I=(960117507257/1930018885886,324519717452867/652346383429468) next_full_lifts=3042
k=1029 delta=4 target=257 residue=10 carry=7 root=3 common_I=(960117507257/1930018885886,324519717452867/652346383429468) next_full_lifts=3042
k=1030 delta=6 target=4137522 residue=12 carry=8 root=5 common_I=(960117507257/1930018885886,324519717452867/652346383429468) next_full_lifts=3041
k=1031 delta=8 target=3447978 residue=1 carry=9 root=7 common_I=(960117507257/1930018885886,324519717452867/652346383429468) next_full_lifts=3041
k=1032 delta=10 target=2758434 residue=3 carry=10 root=9 common_I=(960117507257/1930018885886,324519717452867/652346383429468) next_full_lifts=3041
k=1033 delta=12 target=2068890 residue=5 carry=11 root=11 common_I=(960117507257/1930018885886,324519717452867/652346383429468) next_full_lifts=3041
k=1035 delta=3 target=689802 residue=9 carry=0 root=2 common_I=(960117507257/1930018885886,324519717452867/652346383429468) next_full_lifts=3045
k=1036 delta=5 target=258 residue=11 carry=1 root=4 common_I=(960117507257/1930018885886,324519717452867/652346383429468) next_full_lifts=3041
k=1037 delta=7 target=4137523 residue=0 carry=2 root=6 common_I=(960117507257/1930018885886,324519717452867/652346383429468) next_full_lifts=3042
k=1038 delta=9 target=3447979 residue=2 carry=3 root=8 common_I=(960117507257/1930018885886,324519717452867/652346383429468) next_full_lifts=3042
k=1039 delta=11 target=2758435 residue=4 carry=4 root=10 common_I=(960117507257/1930018885886,324519717452867/652346383429468) next_full_lifts=3042
k=1042 delta=4 target=689803 residue=10 carry=7 root=3 common_I=(960117507257/1930018885886,324519717452867/652346383429468) next_full_lifts=3042
k=1043 delta=6 target=259 residue=12 carry=8 root=5 common_I=(960117507257/1930018885886,324519717452867/652346383429468) next_full_lifts=3041
k=1044 delta=8 target=4137524 residue=1 carry=9 root=7 common_I=(960117507257/1930018885886,324519717452867/652346383429468) next_full_lifts=3041
k=1045 delta=10 target=3447980 residue=3 carry=10 root=9 common_I=(960117507257/1930018885886,324519717452867/652346383429468) next_full_lifts=3041
k=1046 delta=12 target=2758436 residue=5 carry=11 root=11 common_I=(960117507257/1930018885886,324519717452867/652346383429468) next_full_lifts=3041
k=1048 delta=3 target=1379348 residue=9 carry=0 root=2 common_I=(960117507257/1930018885886,324519717452867/652346383429468) next_full_lifts=3045
k=1049 delta=5 target=689804 residue=11 carry=1 root=4 common_I=(960117507257/1930018885886,324519717452867/652346383429468) next_full_lifts=3041
k=1050 delta=7 target=260 residue=0 carry=2 root=6 common_I=(960117507257/1930018885886,324519717452867/652346383429468) next_full_lifts=3042
k=1051 delta=9 target=4137525 residue=2 carry=3 root=8 common_I=(960117507257/1930018885886,324519717452867/652346383429468) next_full_lifts=3042
k=1052 delta=11 target=3447981 residue=4 carry=4 root=10 common_I=(960117507257/1930018885886,324519717452867/652346383429468) next_full_lifts=3042
k=1055 delta=4 target=1379349 residue=10 carry=7 root=3 common_I=(960117507257/1930018885886,324519717452867/652346383429468) next_full_lifts=3042
k=1056 delta=6 target=689805 residue=12 carry=8 root=5 common_I=(960117507257/1930018885886,324519717452867/652346383429468) next_full_lifts=3041
k=1057 delta=8 target=261 residue=1 carry=9 root=7 common_I=(960117507257/1930018885886,324519717452867/652346383429468) next_full_lifts=3041
k=1058 delta=10 target=4137526 residue=3 carry=10 root=9 common_I=(960117507257/1930018885886,324519717452867/652346383429468) next_full_lifts=3041
k=1059 delta=12 target=3447982 residue=5 carry=11 root=11 common_I=(960117507257/1930018885886,324519717452867/652346383429468) next_full_lifts=3041
k=1061 delta=3 target=2068894 residue=9 carry=0 root=2 common_I=(960117507257/1930018885886,324519717452867/652346383429468) next_full_lifts=3045
k=1062 delta=5 target=1379350 residue=11 carry=1 root=4 common_I=(960117507257/1930018885886,324519717452867/652346383429468) next_full_lifts=3041
k=1063 delta=7 target=689806 residue=0 carry=2 root=6 common_I=(960117507257/1930018885886,324519717452867/652346383429468) next_full_lifts=3042
k=1064 delta=9 target=262 residue=2 carry=3 root=8 common_I=(960117507257/1930018885886,324519717452867/652346383429468) next_full_lifts=3042
k=1065 delta=11 target=4137527 residue=4 carry=4 root=10 common_I=(960117507257/1930018885886,324519717452867/652346383429468) next_full_lifts=3042
k=1068 delta=4 target=2068895 residue=10 carry=7 root=3 common_I=(960117507257/1930018885886,324519717452867/652346383429468) next_full_lifts=3042
k=1069 delta=6 target=1379351 residue=12 carry=8 root=5 common_I=(960117507257/1930018885886,324519717452867/652346383429468) next_full_lifts=3041
k=1070 delta=8 target=689807 residue=1 carry=9 root=7 common_I=(960117507257/1930018885886,324519717452867/652346383429468) next_full_lifts=3041
k=1071 delta=10 target=263 residue=3 carry=10 root=9 common_I=(960117507257/1930018885886,324519717452867/652346383429468) next_full_lifts=3041
k=1072 delta=12 target=4137528 residue=5 carry=11 root=11 common_I=(960117507257/1930018885886,324519717452867/652346383429468) next_full_lifts=3041
k=1074 delta=3 target=2758440 residue=9 carry=0 root=2 common_I=(960117507257/1930018885886,324519717452867/652346383429468) next_full_lifts=3045
k=1075 delta=5 target=2068896 residue=11 carry=1 root=4 common_I=(960117507257/1930018885886,324519717452867/652346383429468) next_full_lifts=3041
k=1076 delta=7 target=1379352 residue=0 carry=2 root=6 common_I=(960117507257/1930018885886,324519717452867/652346383429468) next_full_lifts=3042
k=1077 delta=9 target=689808 residue=2 carry=3 root=8 common_I=(960117507257/1930018885886,324519717452867/652346383429468) next_full_lifts=3042
k=1078 delta=11 target=264 residue=4 carry=4 root=10 common_I=(960117507257/1930018885886,324519717452867/652346383429468) next_full_lifts=3042
k=1081 delta=4 target=2758441 residue=10 carry=7 root=3 common_I=(960117507257/1930018885886,324519717452867/652346383429468) next_full_lifts=3042
k=1082 delta=6 target=2068897 residue=12 carry=8 root=5 common_I=(960117507257/1930018885886,324519717452867/652346383429468) next_full_lifts=3041
k=1083 delta=8 target=1379353 residue=1 carry=9 root=7 common_I=(960117507257/1930018885886,324519717452867/652346383429468) next_full_lifts=3041
k=1084 delta=10 target=689809 residue=3 carry=10 root=9 common_I=(960117507257/1930018885886,324519717452867/652346383429468) next_full_lifts=3041
k=1085 delta=12 target=265 residue=5 carry=11 root=11 common_I=(960117507257/1930018885886,324519717452867/652346383429468) next_full_lifts=3041
k=1087 delta=3 target=3447986 residue=9 carry=0 root=2 common_I=(960117507257/1930018885886,324519717452867/652346383429468) next_full_lifts=3045
k=1088 delta=5 target=2758442 residue=11 carry=1 root=4 common_I=(960117507257/1930018885886,324519717452867/652346383429468) next_full_lifts=3041
k=1089 delta=7 target=2068898 residue=0 carry=2 root=6 common_I=(960117507257/1930018885886,324519717452867/652346383429468) next_full_lifts=3042
k=1090 delta=9 target=1379354 residue=2 carry=3 root=8 common_I=(960117507257/1930018885886,324519717452867/652346383429468) next_full_lifts=3042
k=1091 delta=11 target=689810 residue=4 carry=4 root=10 common_I=(960117507257/1930018885886,324519717452867/652346383429468) next_full_lifts=3042
k=1094 delta=4 target=3447987 residue=10 carry=7 root=3 common_I=(960117507257/1930018885886,324519717452867/652346383429468) next_full_lifts=3042
k=1095 delta=6 target=2758443 residue=12 carry=8 root=5 common_I=(960117507257/1930018885886,324519717452867/652346383429468) next_full_lifts=3041
k=1096 delta=8 target=2068899 residue=1 carry=9 root=7 common_I=(960117507257/1930018885886,324519717452867/652346383429468) next_full_lifts=3041
k=1097 delta=10 target=1379355 residue=3 carry=10 root=9 common_I=(960117507257/1930018885886,324519717452867/652346383429468) next_full_lifts=3041
k=1098 delta=12 target=689811 residue=5 carry=11 root=11 common_I=(960117507257/1930018885886,324519717452867/652346383429468) next_full_lifts=3041
k=1100 delta=3 target=4137532 residue=9 carry=0 root=2 common_I=(960117507257/1930018885886,324519717452867/652346383429468) next_full_lifts=3045
k=1101 delta=5 target=3447988 residue=11 carry=1 root=4 common_I=(960117507257/1930018885886,324519717452867/652346383429468) next_full_lifts=3041
k=1102 delta=7 target=2758444 residue=0 carry=2 root=6 common_I=(960117507257/1930018885886,324519717452867/652346383429468) next_full_lifts=3042
k=1103 delta=9 target=2068900 residue=2 carry=3 root=8 common_I=(960117507257/1930018885886,324519717452867/652346383429468) next_full_lifts=3042
k=1104 delta=11 target=1379356 residue=4 carry=4 root=10 common_I=(960117507257/1930018885886,324519717452867/652346383429468) next_full_lifts=3042
k=1107 delta=4 target=4137533 residue=10 carry=7 root=3 common_I=(960117507257/1930018885886,324519717452867/652346383429468) next_full_lifts=3042
k=1108 delta=6 target=3447989 residue=12 carry=8 root=5 common_I=(960117507257/1930018885886,324519717452867/652346383429468) next_full_lifts=3041
k=1109 delta=8 target=2758445 residue=1 carry=9 root=7 common_I=(960117507257/1930018885886,324519717452867/652346383429468) next_full_lifts=3041
k=1110 delta=10 target=2068901 residue=3 carry=10 root=9 common_I=(960117507257/1930018885886,324519717452867/652346383429468) next_full_lifts=3041
k=1111 delta=12 target=1379357 residue=5 carry=11 root=11 common_I=(960117507257/1930018885886,324519717452867/652346383429468) next_full_lifts=3041
k=1113 delta=3 target=269 residue=9 carry=0 root=2 common_I=(960117507257/1930018885886,324519717452867/652346383429468) next_full_lifts=3045
k=1114 delta=5 target=4137534 residue=11 carry=1 root=4 common_I=(960117507257/1930018885886,324519717452867/652346383429468) next_full_lifts=3041
k=1115 delta=7 target=3447990 residue=0 carry=2 root=6 common_I=(960117507257/1930018885886,324519717452867/652346383429468) next_full_lifts=3042
k=1116 delta=9 target=2758446 residue=2 carry=3 root=8 common_I=(960117507257/1930018885886,324519717452867/652346383429468) next_full_lifts=3042
k=1117 delta=11 target=2068902 residue=4 carry=4 root=10 common_I=(960117507257/1930018885886,324519717452867/652346383429468) next_full_lifts=3042
k=1120 delta=4 target=270 residue=10 carry=7 root=3 common_I=(960117507257/1930018885886,324519717452867/652346383429468) next_full_lifts=3042
k=1121 delta=6 target=4137535 residue=12 carry=8 root=5 common_I=(960117507257/1930018885886,324519717452867/652346383429468) next_full_lifts=3041
k=1122 delta=8 target=3447991 residue=1 carry=9 root=7 common_I=(960117507257/1930018885886,324519717452867/652346383429468) next_full_lifts=3041
k=1123 delta=10 target=2758447 residue=3 carry=10 root=9 common_I=(960117507257/1930018885886,324519717452867/652346383429468) next_full_lifts=3041
k=1124 delta=12 target=2068903 residue=5 carry=11 root=11 common_I=(960117507257/1930018885886,324519717452867/652346383429468) next_full_lifts=3041
k=1126 delta=3 target=689815 residue=9 carry=0 root=2 common_I=(960117507257/1930018885886,324519717452867/652346383429468) next_full_lifts=3045
k=1127 delta=5 target=271 residue=11 carry=1 root=4 common_I=(960117507257/1930018885886,324519717452867/652346383429468) next_full_lifts=3041
k=1128 delta=7 target=4137536 residue=0 carry=2 root=6 common_I=(960117507257/1930018885886,324519717452867/652346383429468) next_full_lifts=3042
k=1129 delta=9 target=3447992 residue=2 carry=3 root=8 common_I=(960117507257/1930018885886,324519717452867/652346383429468) next_full_lifts=3042
k=1130 delta=11 target=2758448 residue=4 carry=4 root=10 common_I=(960117507257/1930018885886,324519717452867/652346383429468) next_full_lifts=3042
k=1133 delta=4 target=689816 residue=10 carry=7 root=3 common_I=(960117507257/1930018885886,324519717452867/652346383429468) next_full_lifts=3042
k=1134 delta=6 target=272 residue=12 carry=8 root=5 common_I=(960117507257/1930018885886,324519717452867/652346383429468) next_full_lifts=3041
k=1135 delta=8 target=4137537 residue=1 carry=9 root=7 common_I=(960117507257/1930018885886,324519717452867/652346383429468) next_full_lifts=3041
k=1136 delta=10 target=3447993 residue=3 carry=10 root=9 common_I=(960117507257/1930018885886,324519717452867/652346383429468) next_full_lifts=3041
k=1137 delta=12 target=2758449 residue=5 carry=11 root=11 common_I=(960117507257/1930018885886,324519717452867/652346383429468) next_full_lifts=3041
k=1139 delta=3 target=1379361 residue=9 carry=0 root=2 common_I=(960117507257/1930018885886,324519717452867/652346383429468) next_full_lifts=3045
k=1140 delta=5 target=689817 residue=11 carry=1 root=4 common_I=(960117507257/1930018885886,324519717452867/652346383429468) next_full_lifts=3041
k=1141 delta=7 target=273 residue=0 carry=2 root=6 common_I=(960117507257/1930018885886,324519717452867/652346383429468) next_full_lifts=3042
k=1142 delta=9 target=4137538 residue=2 carry=3 root=8 common_I=(960117507257/1930018885886,324519717452867/652346383429468) next_full_lifts=3042
k=1143 delta=11 target=3447994 residue=4 carry=4 root=10 common_I=(960117507257/1930018885886,324519717452867/652346383429468) next_full_lifts=3042
k=1146 delta=4 target=1379362 residue=10 carry=7 root=3 common_I=(960117507257/1930018885886,324519717452867/652346383429468) next_full_lifts=3042
k=1147 delta=6 target=689818 residue=12 carry=8 root=5 common_I=(960117507257/1930018885886,324519717452867/652346383429468) next_full_lifts=3041
k=1148 delta=8 target=274 residue=1 carry=9 root=7 common_I=(960117507257/1930018885886,324519717452867/652346383429468) next_full_lifts=3041
k=1149 delta=10 target=4137539 residue=3 carry=10 root=9 common_I=(960117507257/1930018885886,324519717452867/652346383429468) next_full_lifts=3041
k=1150 delta=12 target=3447995 residue=5 carry=11 root=11 common_I=(960117507257/1930018885886,324519717452867/652346383429468) next_full_lifts=3041
k=1152 delta=3 target=2068907 residue=9 carry=0 root=2 common_I=(960117507257/1930018885886,324519717452867/652346383429468) next_full_lifts=3045
k=1153 delta=5 target=1379363 residue=11 carry=1 root=4 common_I=(960117507257/1930018885886,324519717452867/652346383429468) next_full_lifts=3041
k=1154 delta=7 target=689819 residue=0 carry=2 root=6 common_I=(960117507257/1930018885886,324519717452867/652346383429468) next_full_lifts=3042
k=1155 delta=9 target=275 residue=2 carry=3 root=8 common_I=(960117507257/1930018885886,324519717452867/652346383429468) next_full_lifts=3042
k=1156 delta=11 target=4137540 residue=4 carry=4 root=10 common_I=(960117507257/1930018885886,324519717452867/652346383429468) next_full_lifts=3042
k=1159 delta=4 target=2068908 residue=10 carry=7 root=3 common_I=(960117507257/1930018885886,324519717452867/652346383429468) next_full_lifts=3042
k=1160 delta=6 target=1379364 residue=12 carry=8 root=5 common_I=(960117507257/1930018885886,324519717452867/652346383429468) next_full_lifts=3041
k=1161 delta=8 target=689820 residue=1 carry=9 root=7 common_I=(960117507257/1930018885886,324519717452867/652346383429468) next_full_lifts=3041
k=1162 delta=10 target=276 residue=3 carry=10 root=9 common_I=(960117507257/1930018885886,324519717452867/652346383429468) next_full_lifts=3041
k=1163 delta=12 target=4137541 residue=5 carry=11 root=11 common_I=(960117507257/1930018885886,324519717452867/652346383429468) next_full_lifts=3041
k=1165 delta=3 target=2758453 residue=9 carry=0 root=2 common_I=(960117507257/1930018885886,324519717452867/652346383429468) next_full_lifts=3045
k=1166 delta=5 target=2068909 residue=11 carry=1 root=4 common_I=(960117507257/1930018885886,324519717452867/652346383429468) next_full_lifts=3041
k=1167 delta=7 target=1379365 residue=0 carry=2 root=6 common_I=(960117507257/1930018885886,324519717452867/652346383429468) next_full_lifts=3042
k=1168 delta=9 target=689821 residue=2 carry=3 root=8 common_I=(960117507257/1930018885886,324519717452867/652346383429468) next_full_lifts=3042
k=1169 delta=11 target=277 residue=4 carry=4 root=10 common_I=(960117507257/1930018885886,324519717452867/652346383429468) next_full_lifts=3042
k=1172 delta=4 target=2758454 residue=10 carry=7 root=3 common_I=(960117507257/1930018885886,324519717452867/652346383429468) next_full_lifts=3042
k=1173 delta=6 target=2068910 residue=12 carry=8 root=5 common_I=(960117507257/1930018885886,324519717452867/652346383429468) next_full_lifts=3041
k=1174 delta=8 target=1379366 residue=1 carry=9 root=7 common_I=(960117507257/1930018885886,324519717452867/652346383429468) next_full_lifts=3041
k=1175 delta=10 target=689822 residue=3 carry=10 root=9 common_I=(960117507257/1930018885886,324519717452867/652346383429468) next_full_lifts=3041
k=1176 delta=12 target=278 residue=5 carry=11 root=11 common_I=(960117507257/1930018885886,324519717452867/652346383429468) next_full_lifts=3041
k=1178 delta=3 target=3447999 residue=9 carry=0 root=2 common_I=(960117507257/1930018885886,324519717452867/652346383429468) next_full_lifts=3045
k=1179 delta=5 target=2758455 residue=11 carry=1 root=4 common_I=(960117507257/1930018885886,324519717452867/652346383429468) next_full_lifts=3041
k=1180 delta=7 target=2068911 residue=0 carry=2 root=6 common_I=(960117507257/1930018885886,324519717452867/652346383429468) next_full_lifts=3042
k=1181 delta=9 target=1379367 residue=2 carry=3 root=8 common_I=(960117507257/1930018885886,324519717452867/652346383429468) next_full_lifts=3042
k=1182 delta=11 target=689823 residue=4 carry=4 root=10 common_I=(960117507257/1930018885886,324519717452867/652346383429468) next_full_lifts=3042
k=1185 delta=4 target=3448000 residue=10 carry=7 root=3 common_I=(960117507257/1930018885886,324519717452867/652346383429468) next_full_lifts=3042
k=1186 delta=6 target=2758456 residue=12 carry=8 root=5 common_I=(960117507257/1930018885886,324519717452867/652346383429468) next_full_lifts=3041
k=1187 delta=8 target=2068912 residue=1 carry=9 root=7 common_I=(960117507257/1930018885886,324519717452867/652346383429468) next_full_lifts=3041
k=1188 delta=10 target=1379368 residue=3 carry=10 root=9 common_I=(960117507257/1930018885886,324519717452867/652346383429468) next_full_lifts=3041
k=1189 delta=12 target=689824 residue=5 carry=11 root=11 common_I=(960117507257/1930018885886,324519717452867/652346383429468) next_full_lifts=3041
k=1191 delta=3 target=4137545 residue=9 carry=0 root=2 common_I=(960117507257/1930018885886,324519717452867/652346383429468) next_full_lifts=3045
k=1192 delta=5 target=3448001 residue=11 carry=1 root=4 common_I=(960117507257/1930018885886,324519717452867/652346383429468) next_full_lifts=3041
k=1193 delta=7 target=2758457 residue=0 carry=2 root=6 common_I=(960117507257/1930018885886,324519717452867/652346383429468) next_full_lifts=3042
k=1194 delta=9 target=2068913 residue=2 carry=3 root=8 common_I=(960117507257/1930018885886,324519717452867/652346383429468) next_full_lifts=3042
k=1195 delta=11 target=1379369 residue=4 carry=4 root=10 common_I=(960117507257/1930018885886,324519717452867/652346383429468) next_full_lifts=3042
k=1198 delta=4 target=4137546 residue=10 carry=7 root=3 common_I=(960117507257/1930018885886,324519717452867/652346383429468) next_full_lifts=3042
k=1199 delta=6 target=3448002 residue=12 carry=8 root=5 common_I=(960117507257/1930018885886,324519717452867/652346383429468) next_full_lifts=3041
k=1200 delta=8 target=2758458 residue=1 carry=9 root=7 common_I=(960117507257/1930018885886,324519717452867/652346383429468) next_full_lifts=3041
k=1201 delta=10 target=2068914 residue=3 carry=10 root=9 common_I=(960117507257/1930018885886,324519717452867/652346383429468) next_full_lifts=3041
k=1202 delta=12 target=1379370 residue=5 carry=11 root=11 common_I=(960117507257/1930018885886,324519717452867/652346383429468) next_full_lifts=3041
k=1204 delta=3 target=282 residue=9 carry=0 root=2 common_I=(960117507257/1930018885886,324519717452867/652346383429468) next_full_lifts=3045
k=1205 delta=5 target=4137547 residue=11 carry=1 root=4 common_I=(960117507257/1930018885886,324519717452867/652346383429468) next_full_lifts=3041
k=1206 delta=7 target=3448003 residue=0 carry=2 root=6 common_I=(960117507257/1930018885886,324519717452867/652346383429468) next_full_lifts=3042
k=1207 delta=9 target=2758459 residue=2 carry=3 root=8 common_I=(960117507257/1930018885886,324519717452867/652346383429468) next_full_lifts=3042
k=1208 delta=11 target=2068915 residue=4 carry=4 root=10 common_I=(960117507257/1930018885886,324519717452867/652346383429468) next_full_lifts=3042
k=1211 delta=4 target=283 residue=10 carry=7 root=3 common_I=(960117507257/1930018885886,324519717452867/652346383429468) next_full_lifts=3042
k=1212 delta=6 target=4137548 residue=12 carry=8 root=5 common_I=(960117507257/1930018885886,324519717452867/652346383429468) next_full_lifts=3041
k=1213 delta=8 target=3448004 residue=1 carry=9 root=7 common_I=(960117507257/1930018885886,324519717452867/652346383429468) next_full_lifts=3041
k=1214 delta=10 target=2758460 residue=3 carry=10 root=9 common_I=(960117507257/1930018885886,324519717452867/652346383429468) next_full_lifts=3041
k=1215 delta=12 target=2068916 residue=5 carry=11 root=11 common_I=(960117507257/1930018885886,324519717452867/652346383429468) next_full_lifts=3041
k=1217 delta=3 target=689828 residue=9 carry=0 root=2 common_I=(960117507257/1930018885886,324519717452867/652346383429468) next_full_lifts=3045
k=1218 delta=5 target=284 residue=11 carry=1 root=4 common_I=(960117507257/1930018885886,324519717452867/652346383429468) next_full_lifts=3041
k=1219 delta=7 target=4137549 residue=0 carry=2 root=6 common_I=(960117507257/1930018885886,324519717452867/652346383429468) next_full_lifts=3042
k=1220 delta=9 target=3448005 residue=2 carry=3 root=8 common_I=(960117507257/1930018885886,324519717452867/652346383429468) next_full_lifts=3042
k=1221 delta=11 target=2758461 residue=4 carry=4 root=10 common_I=(960117507257/1930018885886,324519717452867/652346383429468) next_full_lifts=3042
k=1224 delta=4 target=689829 residue=10 carry=7 root=3 common_I=(960117507257/1930018885886,324519717452867/652346383429468) next_full_lifts=3042
k=1225 delta=6 target=285 residue=12 carry=8 root=5 common_I=(960117507257/1930018885886,324519717452867/652346383429468) next_full_lifts=3041
k=1226 delta=8 target=4137550 residue=1 carry=9 root=7 common_I=(960117507257/1930018885886,324519717452867/652346383429468) next_full_lifts=3041
k=1227 delta=10 target=3448006 residue=3 carry=10 root=9 common_I=(960117507257/1930018885886,324519717452867/652346383429468) next_full_lifts=3041
k=1228 delta=12 target=2758462 residue=5 carry=11 root=11 common_I=(960117507257/1930018885886,324519717452867/652346383429468) next_full_lifts=3041
k=1230 delta=3 target=1379374 residue=9 carry=0 root=2 common_I=(960117507257/1930018885886,324519717452867/652346383429468) next_full_lifts=3045
k=1231 delta=5 target=689830 residue=11 carry=1 root=4 common_I=(960117507257/1930018885886,324519717452867/652346383429468) next_full_lifts=3041
k=1232 delta=7 target=286 residue=0 carry=2 root=6 common_I=(960117507257/1930018885886,324519717452867/652346383429468) next_full_lifts=3042
k=1233 delta=9 target=4137551 residue=2 carry=3 root=8 common_I=(960117507257/1930018885886,324519717452867/652346383429468) next_full_lifts=3042
k=1234 delta=11 target=3448007 residue=4 carry=4 root=10 common_I=(960117507257/1930018885886,324519717452867/652346383429468) next_full_lifts=3042
k=1237 delta=4 target=1379375 residue=10 carry=7 root=3 common_I=(960117507257/1930018885886,324519717452867/652346383429468) next_full_lifts=3042
k=1238 delta=6 target=689831 residue=12 carry=8 root=5 common_I=(960117507257/1930018885886,324519717452867/652346383429468) next_full_lifts=3041
k=1239 delta=8 target=287 residue=1 carry=9 root=7 common_I=(960117507257/1930018885886,324519717452867/652346383429468) next_full_lifts=3041
k=1240 delta=10 target=4137552 residue=3 carry=10 root=9 common_I=(960117507257/1930018885886,324519717452867/652346383429468) next_full_lifts=3041
k=1241 delta=12 target=3448008 residue=5 carry=11 root=11 common_I=(960117507257/1930018885886,324519717452867/652346383429468) next_full_lifts=3041
k=1243 delta=3 target=2068920 residue=9 carry=0 root=2 common_I=(960117507257/1930018885886,324519717452867/652346383429468) next_full_lifts=3045
k=1244 delta=5 target=1379376 residue=11 carry=1 root=4 common_I=(960117507257/1930018885886,324519717452867/652346383429468) next_full_lifts=3041
k=1245 delta=7 target=689832 residue=0 carry=2 root=6 common_I=(960117507257/1930018885886,324519717452867/652346383429468) next_full_lifts=3042
k=1246 delta=9 target=288 residue=2 carry=3 root=8 common_I=(960117507257/1930018885886,324519717452867/652346383429468) next_full_lifts=3042
k=1247 delta=11 target=4137553 residue=4 carry=4 root=10 common_I=(960117507257/1930018885886,324519717452867/652346383429468) next_full_lifts=3042
k=1250 delta=4 target=2068921 residue=10 carry=7 root=3 common_I=(960117507257/1930018885886,324519717452867/652346383429468) next_full_lifts=3042
k=1251 delta=6 target=1379377 residue=12 carry=8 root=5 common_I=(960117507257/1930018885886,324519717452867/652346383429468) next_full_lifts=3041
k=1252 delta=8 target=689833 residue=1 carry=9 root=7 common_I=(960117507257/1930018885886,324519717452867/652346383429468) next_full_lifts=3041
k=1253 delta=10 target=289 residue=3 carry=10 root=9 common_I=(960117507257/1930018885886,324519717452867/652346383429468) next_full_lifts=3041
k=1254 delta=12 target=4137554 residue=5 carry=11 root=11 common_I=(960117507257/1930018885886,324519717452867/652346383429468) next_full_lifts=3041
k=1256 delta=3 target=2758466 residue=9 carry=0 root=2 common_I=(960117507257/1930018885886,324519717452867/652346383429468) next_full_lifts=3045
k=1257 delta=5 target=2068922 residue=11 carry=1 root=4 common_I=(960117507257/1930018885886,324519717452867/652346383429468) next_full_lifts=3041
k=1258 delta=7 target=1379378 residue=0 carry=2 root=6 common_I=(960117507257/1930018885886,324519717452867/652346383429468) next_full_lifts=3042
k=1259 delta=9 target=689834 residue=2 carry=3 root=8 common_I=(960117507257/1930018885886,324519717452867/652346383429468) next_full_lifts=3042
k=1260 delta=11 target=290 residue=4 carry=4 root=10 common_I=(960117507257/1930018885886,324519717452867/652346383429468) next_full_lifts=3042
k=1263 delta=4 target=2758467 residue=10 carry=7 root=3 common_I=(960117507257/1930018885886,324519717452867/652346383429468) next_full_lifts=3042
k=1264 delta=6 target=2068923 residue=12 carry=8 root=5 common_I=(960117507257/1930018885886,324519717452867/652346383429468) next_full_lifts=3041
k=1265 delta=8 target=1379379 residue=1 carry=9 root=7 common_I=(960117507257/1930018885886,324519717452867/652346383429468) next_full_lifts=3041
k=1266 delta=10 target=689835 residue=3 carry=10 root=9 common_I=(960117507257/1930018885886,324519717452867/652346383429468) next_full_lifts=3041
k=1267 delta=12 target=291 residue=5 carry=11 root=11 common_I=(960117507257/1930018885886,324519717452867/652346383429468) next_full_lifts=3041
k=1269 delta=3 target=3448012 residue=9 carry=0 root=2 common_I=(960117507257/1930018885886,324519717452867/652346383429468) next_full_lifts=3045
k=1270 delta=5 target=2758468 residue=11 carry=1 root=4 common_I=(960117507257/1930018885886,324519717452867/652346383429468) next_full_lifts=3041
k=1271 delta=7 target=2068924 residue=0 carry=2 root=6 common_I=(960117507257/1930018885886,324519717452867/652346383429468) next_full_lifts=3042
k=1272 delta=9 target=1379380 residue=2 carry=3 root=8 common_I=(960117507257/1930018885886,324519717452867/652346383429468) next_full_lifts=3042
k=1273 delta=11 target=689836 residue=4 carry=4 root=10 common_I=(960117507257/1930018885886,324519717452867/652346383429468) next_full_lifts=3042
k=1276 delta=4 target=3448013 residue=10 carry=7 root=3 common_I=(960117507257/1930018885886,324519717452867/652346383429468) next_full_lifts=3042
k=1277 delta=6 target=2758469 residue=12 carry=8 root=5 common_I=(960117507257/1930018885886,324519717452867/652346383429468) next_full_lifts=3041
k=1278 delta=8 target=2068925 residue=1 carry=9 root=7 common_I=(960117507257/1930018885886,324519717452867/652346383429468) next_full_lifts=3041
k=1279 delta=10 target=1379381 residue=3 carry=10 root=9 common_I=(960117507257/1930018885886,324519717452867/652346383429468) next_full_lifts=3041
k=1280 delta=12 target=689837 residue=5 carry=11 root=11 common_I=(960117507257/1930018885886,324519717452867/652346383429468) next_full_lifts=3041
k=1282 delta=3 target=4137558 residue=9 carry=0 root=2 common_I=(960117507257/1930018885886,324519717452867/652346383429468) next_full_lifts=3045
k=1283 delta=5 target=3448014 residue=11 carry=1 root=4 common_I=(960117507257/1930018885886,324519717452867/652346383429468) next_full_lifts=3041
k=1284 delta=7 target=2758470 residue=0 carry=2 root=6 common_I=(960117507257/1930018885886,324519717452867/652346383429468) next_full_lifts=3042
k=1285 delta=9 target=2068926 residue=2 carry=3 root=8 common_I=(960117507257/1930018885886,324519717452867/652346383429468) next_full_lifts=3042
k=1286 delta=11 target=1379382 residue=4 carry=4 root=10 common_I=(960117507257/1930018885886,324519717452867/652346383429468) next_full_lifts=3042
k=1289 delta=4 target=4137559 residue=10 carry=7 root=3 common_I=(960117507257/1930018885886,324519717452867/652346383429468) next_full_lifts=3042
k=1290 delta=6 target=3448015 residue=12 carry=8 root=5 common_I=(960117507257/1930018885886,324519717452867/652346383429468) next_full_lifts=3041
k=1291 delta=8 target=2758471 residue=1 carry=9 root=7 common_I=(960117507257/1930018885886,324519717452867/652346383429468) next_full_lifts=3041
k=1292 delta=10 target=2068927 residue=3 carry=10 root=9 common_I=(960117507257/1930018885886,324519717452867/652346383429468) next_full_lifts=3041
k=1293 delta=12 target=1379383 residue=5 carry=11 root=11 common_I=(960117507257/1930018885886,324519717452867/652346383429468) next_full_lifts=3041
k=1295 delta=3 target=295 residue=9 carry=0 root=2 common_I=(960117507257/1930018885886,324519717452867/652346383429468) next_full_lifts=3045
k=1296 delta=5 target=4137560 residue=11 carry=1 root=4 common_I=(960117507257/1930018885886,324519717452867/652346383429468) next_full_lifts=3041
k=1297 delta=7 target=3448016 residue=0 carry=2 root=6 common_I=(960117507257/1930018885886,324519717452867/652346383429468) next_full_lifts=3042
k=1298 delta=9 target=2758472 residue=2 carry=3 root=8 common_I=(960117507257/1930018885886,324519717452867/652346383429468) next_full_lifts=3042
k=1299 delta=11 target=2068928 residue=4 carry=4 root=10 common_I=(960117507257/1930018885886,324519717452867/652346383429468) next_full_lifts=3042
k=1302 delta=4 target=296 residue=10 carry=7 root=3 common_I=(960117507257/1930018885886,324519717452867/652346383429468) next_full_lifts=3042
k=1303 delta=6 target=4137561 residue=12 carry=8 root=5 common_I=(960117507257/1930018885886,324519717452867/652346383429468) next_full_lifts=3041
k=1304 delta=8 target=3448017 residue=1 carry=9 root=7 common_I=(960117507257/1930018885886,324519717452867/652346383429468) next_full_lifts=3041
k=1305 delta=10 target=2758473 residue=3 carry=10 root=9 common_I=(960117507257/1930018885886,324519717452867/652346383429468) next_full_lifts=3041
k=1306 delta=12 target=2068929 residue=5 carry=11 root=11 common_I=(960117507257/1930018885886,324519717452867/652346383429468) next_full_lifts=3041
k=1308 delta=3 target=689841 residue=9 carry=0 root=2 common_I=(960117507257/1930018885886,324519717452867/652346383429468) next_full_lifts=3045
k=1309 delta=5 target=297 residue=11 carry=1 root=4 common_I=(960117507257/1930018885886,324519717452867/652346383429468) next_full_lifts=3041
k=1310 delta=7 target=4137562 residue=0 carry=2 root=6 common_I=(960117507257/1930018885886,324519717452867/652346383429468) next_full_lifts=3042
k=1311 delta=9 target=3448018 residue=2 carry=3 root=8 common_I=(960117507257/1930018885886,324519717452867/652346383429468) next_full_lifts=3042
k=1312 delta=11 target=2758474 residue=4 carry=4 root=10 common_I=(960117507257/1930018885886,324519717452867/652346383429468) next_full_lifts=3042
k=1315 delta=4 target=689842 residue=10 carry=7 root=3 common_I=(960117507257/1930018885886,324519717452867/652346383429468) next_full_lifts=3042
k=1316 delta=6 target=298 residue=12 carry=8 root=5 common_I=(960117507257/1930018885886,324519717452867/652346383429468) next_full_lifts=3041
k=1317 delta=8 target=4137563 residue=1 carry=9 root=7 common_I=(960117507257/1930018885886,324519717452867/652346383429468) next_full_lifts=3041
k=1318 delta=10 target=3448019 residue=3 carry=10 root=9 common_I=(960117507257/1930018885886,324519717452867/652346383429468) next_full_lifts=3041
k=1319 delta=12 target=2758475 residue=5 carry=11 root=11 common_I=(960117507257/1930018885886,324519717452867/652346383429468) next_full_lifts=3041
k=1321 delta=3 target=1379387 residue=9 carry=0 root=2 common_I=(960117507257/1930018885886,324519717452867/652346383429468) next_full_lifts=3045
k=1322 delta=5 target=689843 residue=11 carry=1 root=4 common_I=(960117507257/1930018885886,324519717452867/652346383429468) next_full_lifts=3041
k=1323 delta=7 target=299 residue=0 carry=2 root=6 common_I=(960117507257/1930018885886,324519717452867/652346383429468) next_full_lifts=3042
k=1324 delta=9 target=4137564 residue=2 carry=3 root=8 common_I=(960117507257/1930018885886,324519717452867/652346383429468) next_full_lifts=3042
k=1325 delta=11 target=3448020 residue=4 carry=4 root=10 common_I=(960117507257/1930018885886,324519717452867/652346383429468) next_full_lifts=3042
k=1328 delta=4 target=1379388 residue=10 carry=7 root=3 common_I=(960117507257/1930018885886,324519717452867/652346383429468) next_full_lifts=3042
k=1329 delta=6 target=689844 residue=12 carry=8 root=5 common_I=(960117507257/1930018885886,324519717452867/652346383429468) next_full_lifts=3041
k=1330 delta=8 target=300 residue=1 carry=9 root=7 common_I=(960117507257/1930018885886,324519717452867/652346383429468) next_full_lifts=3041
k=1331 delta=10 target=4137565 residue=3 carry=10 root=9 common_I=(960117507257/1930018885886,324519717452867/652346383429468) next_full_lifts=3041
k=1332 delta=12 target=3448021 residue=5 carry=11 root=11 common_I=(960117507257/1930018885886,324519717452867/652346383429468) next_full_lifts=3041
k=1334 delta=3 target=2068933 residue=9 carry=0 root=2 common_I=(960117507257/1930018885886,324519717452867/652346383429468) next_full_lifts=3045
k=1335 delta=5 target=1379389 residue=11 carry=1 root=4 common_I=(960117507257/1930018885886,324519717452867/652346383429468) next_full_lifts=3041
k=1336 delta=7 target=689845 residue=0 carry=2 root=6 common_I=(960117507257/1930018885886,324519717452867/652346383429468) next_full_lifts=3042
k=1337 delta=9 target=301 residue=2 carry=3 root=8 common_I=(960117507257/1930018885886,324519717452867/652346383429468) next_full_lifts=3042
k=1338 delta=11 target=4137566 residue=4 carry=4 root=10 common_I=(960117507257/1930018885886,324519717452867/652346383429468) next_full_lifts=3042
k=1341 delta=4 target=2068934 residue=10 carry=7 root=3 common_I=(960117507257/1930018885886,324519717452867/652346383429468) next_full_lifts=3042
k=1342 delta=6 target=1379390 residue=12 carry=8 root=5 common_I=(960117507257/1930018885886,324519717452867/652346383429468) next_full_lifts=3041
k=1343 delta=8 target=689846 residue=1 carry=9 root=7 common_I=(960117507257/1930018885886,324519717452867/652346383429468) next_full_lifts=3041
k=1344 delta=10 target=302 residue=3 carry=10 root=9 common_I=(960117507257/1930018885886,324519717452867/652346383429468) next_full_lifts=3041
k=1345 delta=12 target=4137567 residue=5 carry=11 root=11 common_I=(960117507257/1930018885886,324519717452867/652346383429468) next_full_lifts=3041
k=1347 delta=3 target=2758479 residue=9 carry=0 root=2 common_I=(960117507257/1930018885886,324519717452867/652346383429468) next_full_lifts=3045
k=1348 delta=5 target=2068935 residue=11 carry=1 root=4 common_I=(960117507257/1930018885886,324519717452867/652346383429468) next_full_lifts=3041
k=1349 delta=7 target=1379391 residue=0 carry=2 root=6 common_I=(960117507257/1930018885886,324519717452867/652346383429468) next_full_lifts=3042
k=1350 delta=9 target=689847 residue=2 carry=3 root=8 common_I=(960117507257/1930018885886,324519717452867/652346383429468) next_full_lifts=3042
k=1351 delta=11 target=303 residue=4 carry=4 root=10 common_I=(960117507257/1930018885886,324519717452867/652346383429468) next_full_lifts=3042
k=1354 delta=4 target=2758480 residue=10 carry=7 root=3 common_I=(960117507257/1930018885886,324519717452867/652346383429468) next_full_lifts=3042
k=1355 delta=6 target=2068936 residue=12 carry=8 root=5 common_I=(960117507257/1930018885886,324519717452867/652346383429468) next_full_lifts=3041
k=1356 delta=8 target=1379392 residue=1 carry=9 root=7 common_I=(960117507257/1930018885886,324519717452867/652346383429468) next_full_lifts=3041
k=1357 delta=10 target=689848 residue=3 carry=10 root=9 common_I=(960117507257/1930018885886,324519717452867/652346383429468) next_full_lifts=3041
k=1358 delta=12 target=304 residue=5 carry=11 root=11 common_I=(960117507257/1930018885886,324519717452867/652346383429468) next_full_lifts=3041
k=1360 delta=3 target=3448025 residue=9 carry=0 root=2 common_I=(960117507257/1930018885886,324519717452867/652346383429468) next_full_lifts=3045
k=1361 delta=5 target=2758481 residue=11 carry=1 root=4 common_I=(960117507257/1930018885886,324519717452867/652346383429468) next_full_lifts=3041
k=1362 delta=7 target=2068937 residue=0 carry=2 root=6 common_I=(960117507257/1930018885886,324519717452867/652346383429468) next_full_lifts=3042
k=1363 delta=9 target=1379393 residue=2 carry=3 root=8 common_I=(960117507257/1930018885886,324519717452867/652346383429468) next_full_lifts=3042
k=1364 delta=11 target=689849 residue=4 carry=4 root=10 common_I=(960117507257/1930018885886,324519717452867/652346383429468) next_full_lifts=3042
k=1367 delta=4 target=3448026 residue=10 carry=7 root=3 common_I=(960117507257/1930018885886,324519717452867/652346383429468) next_full_lifts=3042
k=1368 delta=6 target=2758482 residue=12 carry=8 root=5 common_I=(960117507257/1930018885886,324519717452867/652346383429468) next_full_lifts=3041
k=1369 delta=8 target=2068938 residue=1 carry=9 root=7 common_I=(960117507257/1930018885886,324519717452867/652346383429468) next_full_lifts=3041
k=1370 delta=10 target=1379394 residue=3 carry=10 root=9 common_I=(960117507257/1930018885886,324519717452867/652346383429468) next_full_lifts=3041
k=1371 delta=12 target=689850 residue=5 carry=11 root=11 common_I=(960117507257/1930018885886,324519717452867/652346383429468) next_full_lifts=3041
k=1373 delta=3 target=4137571 residue=9 carry=0 root=2 common_I=(960117507257/1930018885886,324519717452867/652346383429468) next_full_lifts=3045
k=1374 delta=5 target=3448027 residue=11 carry=1 root=4 common_I=(960117507257/1930018885886,324519717452867/652346383429468) next_full_lifts=3041
k=1375 delta=7 target=2758483 residue=0 carry=2 root=6 common_I=(960117507257/1930018885886,324519717452867/652346383429468) next_full_lifts=3042
k=1376 delta=9 target=2068939 residue=2 carry=3 root=8 common_I=(960117507257/1930018885886,324519717452867/652346383429468) next_full_lifts=3042
k=1377 delta=11 target=1379395 residue=4 carry=4 root=10 common_I=(960117507257/1930018885886,324519717452867/652346383429468) next_full_lifts=3042
k=1380 delta=4 target=4137572 residue=10 carry=7 root=3 common_I=(960117507257/1930018885886,324519717452867/652346383429468) next_full_lifts=3042
k=1381 delta=6 target=3448028 residue=12 carry=8 root=5 common_I=(960117507257/1930018885886,324519717452867/652346383429468) next_full_lifts=3041
k=1382 delta=8 target=2758484 residue=1 carry=9 root=7 common_I=(960117507257/1930018885886,324519717452867/652346383429468) next_full_lifts=3041
k=1383 delta=10 target=2068940 residue=3 carry=10 root=9 common_I=(960117507257/1930018885886,324519717452867/652346383429468) next_full_lifts=3041
k=1384 delta=12 target=1379396 residue=5 carry=11 root=11 common_I=(960117507257/1930018885886,324519717452867/652346383429468) next_full_lifts=3041
k=1386 delta=3 target=308 residue=9 carry=0 root=2 common_I=(960117507257/1930018885886,324519717452867/652346383429468) next_full_lifts=3045
k=1387 delta=5 target=4137573 residue=11 carry=1 root=4 common_I=(960117507257/1930018885886,324519717452867/652346383429468) next_full_lifts=3041
k=1388 delta=7 target=3448029 residue=0 carry=2 root=6 common_I=(960117507257/1930018885886,324519717452867/652346383429468) next_full_lifts=3042
k=1389 delta=9 target=2758485 residue=2 carry=3 root=8 common_I=(960117507257/1930018885886,324519717452867/652346383429468) next_full_lifts=3042
k=1390 delta=11 target=2068941 residue=4 carry=4 root=10 common_I=(960117507257/1930018885886,324519717452867/652346383429468) next_full_lifts=3042
k=1393 delta=4 target=309 residue=10 carry=7 root=3 common_I=(960117507257/1930018885886,324519717452867/652346383429468) next_full_lifts=3042
k=1394 delta=6 target=4137574 residue=12 carry=8 root=5 common_I=(960117507257/1930018885886,324519717452867/652346383429468) next_full_lifts=3041
k=1395 delta=8 target=3448030 residue=1 carry=9 root=7 common_I=(960117507257/1930018885886,324519717452867/652346383429468) next_full_lifts=3041
k=1396 delta=10 target=2758486 residue=3 carry=10 root=9 common_I=(960117507257/1930018885886,324519717452867/652346383429468) next_full_lifts=3041
k=1397 delta=12 target=2068942 residue=5 carry=11 root=11 common_I=(960117507257/1930018885886,324519717452867/652346383429468) next_full_lifts=3041
k=1399 delta=3 target=689854 residue=9 carry=0 root=2 common_I=(960117507257/1930018885886,324519717452867/652346383429468) next_full_lifts=3045
k=1400 delta=5 target=310 residue=11 carry=1 root=4 common_I=(960117507257/1930018885886,324519717452867/652346383429468) next_full_lifts=3041
k=1401 delta=7 target=4137575 residue=0 carry=2 root=6 common_I=(960117507257/1930018885886,324519717452867/652346383429468) next_full_lifts=3042
k=1402 delta=9 target=3448031 residue=2 carry=3 root=8 common_I=(960117507257/1930018885886,324519717452867/652346383429468) next_full_lifts=3042
k=1403 delta=11 target=2758487 residue=4 carry=4 root=10 common_I=(960117507257/1930018885886,324519717452867/652346383429468) next_full_lifts=3042
k=1406 delta=4 target=689855 residue=10 carry=7 root=3 common_I=(960117507257/1930018885886,324519717452867/652346383429468) next_full_lifts=3042
k=1407 delta=6 target=311 residue=12 carry=8 root=5 common_I=(960117507257/1930018885886,324519717452867/652346383429468) next_full_lifts=3041
k=1408 delta=8 target=4137576 residue=1 carry=9 root=7 common_I=(960117507257/1930018885886,324519717452867/652346383429468) next_full_lifts=3041
k=1409 delta=10 target=3448032 residue=3 carry=10 root=9 common_I=(960117507257/1930018885886,324519717452867/652346383429468) next_full_lifts=3041
k=1410 delta=12 target=2758488 residue=5 carry=11 root=11 common_I=(960117507257/1930018885886,324519717452867/652346383429468) next_full_lifts=3041
k=1412 delta=3 target=1379400 residue=9 carry=0 root=2 common_I=(960117507257/1930018885886,324519717452867/652346383429468) next_full_lifts=3045
k=1413 delta=5 target=689856 residue=11 carry=1 root=4 common_I=(960117507257/1930018885886,324519717452867/652346383429468) next_full_lifts=3041
k=1414 delta=7 target=312 residue=0 carry=2 root=6 common_I=(960117507257/1930018885886,324519717452867/652346383429468) next_full_lifts=3042
k=1415 delta=9 target=4137577 residue=2 carry=3 root=8 common_I=(960117507257/1930018885886,324519717452867/652346383429468) next_full_lifts=3042
k=1416 delta=11 target=3448033 residue=4 carry=4 root=10 common_I=(960117507257/1930018885886,324519717452867/652346383429468) next_full_lifts=3042
k=1419 delta=4 target=1379401 residue=10 carry=7 root=3 common_I=(960117507257/1930018885886,324519717452867/652346383429468) next_full_lifts=3042
k=1420 delta=6 target=689857 residue=12 carry=8 root=5 common_I=(960117507257/1930018885886,324519717452867/652346383429468) next_full_lifts=3041
k=1421 delta=8 target=313 residue=1 carry=9 root=7 common_I=(960117507257/1930018885886,324519717452867/652346383429468) next_full_lifts=3041
k=1422 delta=10 target=4137578 residue=3 carry=10 root=9 common_I=(960117507257/1930018885886,324519717452867/652346383429468) next_full_lifts=3041
k=1423 delta=12 target=3448034 residue=5 carry=11 root=11 common_I=(960117507257/1930018885886,324519717452867/652346383429468) next_full_lifts=3041
k=1425 delta=3 target=2068946 residue=9 carry=0 root=2 common_I=(960117507257/1930018885886,324519717452867/652346383429468) next_full_lifts=3045
k=1426 delta=5 target=1379402 residue=11 carry=1 root=4 common_I=(960117507257/1930018885886,324519717452867/652346383429468) next_full_lifts=3041
k=1427 delta=7 target=689858 residue=0 carry=2 root=6 common_I=(960117507257/1930018885886,324519717452867/652346383429468) next_full_lifts=3042
k=1428 delta=9 target=314 residue=2 carry=3 root=8 common_I=(960117507257/1930018885886,324519717452867/652346383429468) next_full_lifts=3042
k=1429 delta=11 target=4137579 residue=4 carry=4 root=10 common_I=(960117507257/1930018885886,324519717452867/652346383429468) next_full_lifts=3042
k=1432 delta=4 target=2068947 residue=10 carry=7 root=3 common_I=(960117507257/1930018885886,324519717452867/652346383429468) next_full_lifts=3042
k=1433 delta=6 target=1379403 residue=12 carry=8 root=5 common_I=(960117507257/1930018885886,324519717452867/652346383429468) next_full_lifts=3041
k=1434 delta=8 target=689859 residue=1 carry=9 root=7 common_I=(960117507257/1930018885886,324519717452867/652346383429468) next_full_lifts=3041
k=1435 delta=10 target=315 residue=3 carry=10 root=9 common_I=(960117507257/1930018885886,324519717452867/652346383429468) next_full_lifts=3041
k=1436 delta=12 target=4137580 residue=5 carry=11 root=11 common_I=(960117507257/1930018885886,324519717452867/652346383429468) next_full_lifts=3041
k=1438 delta=3 target=2758492 residue=9 carry=0 root=2 common_I=(960117507257/1930018885886,324519717452867/652346383429468) next_full_lifts=3045
k=1439 delta=5 target=2068948 residue=11 carry=1 root=4 common_I=(960117507257/1930018885886,324519717452867/652346383429468) next_full_lifts=3041
k=1440 delta=7 target=1379404 residue=0 carry=2 root=6 common_I=(960117507257/1930018885886,324519717452867/652346383429468) next_full_lifts=3042
k=1441 delta=9 target=689860 residue=2 carry=3 root=8 common_I=(960117507257/1930018885886,324519717452867/652346383429468) next_full_lifts=3042
k=1442 delta=11 target=316 residue=4 carry=4 root=10 common_I=(960117507257/1930018885886,324519717452867/652346383429468) next_full_lifts=3042
k=1445 delta=4 target=2758493 residue=10 carry=7 root=3 common_I=(960117507257/1930018885886,324519717452867/652346383429468) next_full_lifts=3042
k=1446 delta=6 target=2068949 residue=12 carry=8 root=5 common_I=(960117507257/1930018885886,324519717452867/652346383429468) next_full_lifts=3041
k=1447 delta=8 target=1379405 residue=1 carry=9 root=7 common_I=(960117507257/1930018885886,324519717452867/652346383429468) next_full_lifts=3041
k=1448 delta=10 target=689861 residue=3 carry=10 root=9 common_I=(960117507257/1930018885886,324519717452867/652346383429468) next_full_lifts=3041
k=1449 delta=12 target=317 residue=5 carry=11 root=11 common_I=(960117507257/1930018885886,324519717452867/652346383429468) next_full_lifts=3041
k=1451 delta=3 target=3448038 residue=9 carry=0 root=2 common_I=(960117507257/1930018885886,324519717452867/652346383429468) next_full_lifts=3045
k=1452 delta=5 target=2758494 residue=11 carry=1 root=4 common_I=(960117507257/1930018885886,324519717452867/652346383429468) next_full_lifts=3041
k=1453 delta=7 target=2068950 residue=0 carry=2 root=6 common_I=(960117507257/1930018885886,324519717452867/652346383429468) next_full_lifts=3042
k=1454 delta=9 target=1379406 residue=2 carry=3 root=8 common_I=(960117507257/1930018885886,324519717452867/652346383429468) next_full_lifts=3042
k=1455 delta=11 target=689862 residue=4 carry=4 root=10 common_I=(960117507257/1930018885886,324519717452867/652346383429468) next_full_lifts=3042
k=1458 delta=4 target=3448039 residue=10 carry=7 root=3 common_I=(960117507257/1930018885886,324519717452867/652346383429468) next_full_lifts=3042
k=1459 delta=6 target=2758495 residue=12 carry=8 root=5 common_I=(960117507257/1930018885886,324519717452867/652346383429468) next_full_lifts=3041
k=1460 delta=8 target=2068951 residue=1 carry=9 root=7 common_I=(960117507257/1930018885886,324519717452867/652346383429468) next_full_lifts=3041
k=1461 delta=10 target=1379407 residue=3 carry=10 root=9 common_I=(960117507257/1930018885886,324519717452867/652346383429468) next_full_lifts=3041
k=1462 delta=12 target=689863 residue=5 carry=11 root=11 common_I=(960117507257/1930018885886,324519717452867/652346383429468) next_full_lifts=3041
k=1464 delta=3 target=4137584 residue=9 carry=0 root=2 common_I=(960117507257/1930018885886,324519717452867/652346383429468) next_full_lifts=3045
k=1465 delta=5 target=3448040 residue=11 carry=1 root=4 common_I=(960117507257/1930018885886,324519717452867/652346383429468) next_full_lifts=3041
k=1466 delta=7 target=2758496 residue=0 carry=2 root=6 common_I=(960117507257/1930018885886,324519717452867/652346383429468) next_full_lifts=3042
k=1467 delta=9 target=2068952 residue=2 carry=3 root=8 common_I=(960117507257/1930018885886,324519717452867/652346383429468) next_full_lifts=3042
k=1468 delta=11 target=1379408 residue=4 carry=4 root=10 common_I=(960117507257/1930018885886,324519717452867/652346383429468) next_full_lifts=3042
k=1471 delta=4 target=4137585 residue=10 carry=7 root=3 common_I=(960117507257/1930018885886,324519717452867/652346383429468) next_full_lifts=3042
k=1472 delta=6 target=3448041 residue=12 carry=8 root=5 common_I=(960117507257/1930018885886,324519717452867/652346383429468) next_full_lifts=3041
k=1473 delta=8 target=2758497 residue=1 carry=9 root=7 common_I=(960117507257/1930018885886,324519717452867/652346383429468) next_full_lifts=3041
k=1474 delta=10 target=2068953 residue=3 carry=10 root=9 common_I=(960117507257/1930018885886,324519717452867/652346383429468) next_full_lifts=3041
k=1475 delta=12 target=1379409 residue=5 carry=11 root=11 common_I=(960117507257/1930018885886,324519717452867/652346383429468) next_full_lifts=3041
k=1477 delta=3 target=321 residue=9 carry=0 root=2 common_I=(960117507257/1930018885886,324519717452867/652346383429468) next_full_lifts=3045
k=1478 delta=5 target=4137586 residue=11 carry=1 root=4 common_I=(960117507257/1930018885886,324519717452867/652346383429468) next_full_lifts=3041
k=1479 delta=7 target=3448042 residue=0 carry=2 root=6 common_I=(960117507257/1930018885886,324519717452867/652346383429468) next_full_lifts=3042
k=1480 delta=9 target=2758498 residue=2 carry=3 root=8 common_I=(960117507257/1930018885886,324519717452867/652346383429468) next_full_lifts=3042
k=1481 delta=11 target=2068954 residue=4 carry=4 root=10 common_I=(960117507257/1930018885886,324519717452867/652346383429468) next_full_lifts=3042
k=1484 delta=4 target=322 residue=10 carry=7 root=3 common_I=(960117507257/1930018885886,324519717452867/652346383429468) next_full_lifts=3042
k=1485 delta=6 target=4137587 residue=12 carry=8 root=5 common_I=(960117507257/1930018885886,324519717452867/652346383429468) next_full_lifts=3041
k=1486 delta=8 target=3448043 residue=1 carry=9 root=7 common_I=(960117507257/1930018885886,324519717452867/652346383429468) next_full_lifts=3041
k=1487 delta=10 target=2758499 residue=3 carry=10 root=9 common_I=(960117507257/1930018885886,324519717452867/652346383429468) next_full_lifts=3041
k=1488 delta=12 target=2068955 residue=5 carry=11 root=11 common_I=(960117507257/1930018885886,324519717452867/652346383429468) next_full_lifts=3041
k=1490 delta=3 target=689867 residue=9 carry=0 root=2 common_I=(960117507257/1930018885886,324519717452867/652346383429468) next_full_lifts=3045
k=1491 delta=5 target=323 residue=11 carry=1 root=4 common_I=(960117507257/1930018885886,324519717452867/652346383429468) next_full_lifts=3041
k=1492 delta=7 target=4137588 residue=0 carry=2 root=6 common_I=(960117507257/1930018885886,324519717452867/652346383429468) next_full_lifts=3042
k=1493 delta=9 target=3448044 residue=2 carry=3 root=8 common_I=(960117507257/1930018885886,324519717452867/652346383429468) next_full_lifts=3042
k=1494 delta=11 target=2758500 residue=4 carry=4 root=10 common_I=(960117507257/1930018885886,324519717452867/652346383429468) next_full_lifts=3042
k=1497 delta=4 target=689868 residue=10 carry=7 root=3 common_I=(960117507257/1930018885886,324519717452867/652346383429468) next_full_lifts=3042
k=1498 delta=6 target=324 residue=12 carry=8 root=5 common_I=(960117507257/1930018885886,324519717452867/652346383429468) next_full_lifts=3041
k=1499 delta=8 target=4137589 residue=1 carry=9 root=7 common_I=(960117507257/1930018885886,324519717452867/652346383429468) next_full_lifts=3041
k=1500 delta=10 target=3448045 residue=3 carry=10 root=9 common_I=(960117507257/1930018885886,324519717452867/652346383429468) next_full_lifts=3041
k=1501 delta=12 target=2758501 residue=5 carry=11 root=11 common_I=(960117507257/1930018885886,324519717452867/652346383429468) next_full_lifts=3041
k=1503 delta=3 target=1379413 residue=9 carry=0 root=2 common_I=(960117507257/1930018885886,324519717452867/652346383429468) next_full_lifts=3045
k=1504 delta=5 target=689869 residue=11 carry=1 root=4 common_I=(960117507257/1930018885886,324519717452867/652346383429468) next_full_lifts=3041
k=1505 delta=7 target=325 residue=0 carry=2 root=6 common_I=(960117507257/1930018885886,324519717452867/652346383429468) next_full_lifts=3042
k=1506 delta=9 target=4137590 residue=2 carry=3 root=8 common_I=(960117507257/1930018885886,324519717452867/652346383429468) next_full_lifts=3042
k=1507 delta=11 target=3448046 residue=4 carry=4 root=10 common_I=(960117507257/1930018885886,324519717452867/652346383429468) next_full_lifts=3042
k=1510 delta=4 target=1379414 residue=10 carry=7 root=3 common_I=(960117507257/1930018885886,324519717452867/652346383429468) next_full_lifts=3042
k=1511 delta=6 target=689870 residue=12 carry=8 root=5 common_I=(960117507257/1930018885886,324519717452867/652346383429468) next_full_lifts=3041
k=1512 delta=8 target=326 residue=1 carry=9 root=7 common_I=(960117507257/1930018885886,324519717452867/652346383429468) next_full_lifts=3041
k=1513 delta=10 target=4137591 residue=3 carry=10 root=9 common_I=(960117507257/1930018885886,324519717452867/652346383429468) next_full_lifts=3041
k=1514 delta=12 target=3448047 residue=5 carry=11 root=11 common_I=(960117507257/1930018885886,324519717452867/652346383429468) next_full_lifts=3041
k=1516 delta=3 target=2068959 residue=9 carry=0 root=2 common_I=(960117507257/1930018885886,324519717452867/652346383429468) next_full_lifts=3045
k=1517 delta=5 target=1379415 residue=11 carry=1 root=4 common_I=(960117507257/1930018885886,324519717452867/652346383429468) next_full_lifts=3041
k=1518 delta=7 target=689871 residue=0 carry=2 root=6 common_I=(960117507257/1930018885886,324519717452867/652346383429468) next_full_lifts=3042
k=1519 delta=9 target=327 residue=2 carry=3 root=8 common_I=(960117507257/1930018885886,324519717452867/652346383429468) next_full_lifts=3042
k=1520 delta=11 target=4137592 residue=4 carry=4 root=10 common_I=(960117507257/1930018885886,324519717452867/652346383429468) next_full_lifts=3042
k=1523 delta=4 target=2068960 residue=10 carry=7 root=3 common_I=(960117507257/1930018885886,324519717452867/652346383429468) next_full_lifts=3042
k=1524 delta=6 target=1379416 residue=12 carry=8 root=5 common_I=(960117507257/1930018885886,324519717452867/652346383429468) next_full_lifts=3041
k=1525 delta=8 target=689872 residue=1 carry=9 root=7 common_I=(960117507257/1930018885886,324519717452867/652346383429468) next_full_lifts=3041
k=1526 delta=10 target=328 residue=3 carry=10 root=9 common_I=(960117507257/1930018885886,324519717452867/652346383429468) next_full_lifts=3041
k=1527 delta=12 target=4137593 residue=5 carry=11 root=11 common_I=(960117507257/1930018885886,324519717452867/652346383429468) next_full_lifts=3041
k=1529 delta=3 target=2758505 residue=9 carry=0 root=2 common_I=(960117507257/1930018885886,324519717452867/652346383429468) next_full_lifts=3045
k=1530 delta=5 target=2068961 residue=11 carry=1 root=4 common_I=(960117507257/1930018885886,324519717452867/652346383429468) next_full_lifts=3041
k=1531 delta=7 target=1379417 residue=0 carry=2 root=6 common_I=(960117507257/1930018885886,324519717452867/652346383429468) next_full_lifts=3042
k=1532 delta=9 target=689873 residue=2 carry=3 root=8 common_I=(960117507257/1930018885886,324519717452867/652346383429468) next_full_lifts=3042
k=1533 delta=11 target=329 residue=4 carry=4 root=10 common_I=(960117507257/1930018885886,324519717452867/652346383429468) next_full_lifts=3042
k=1536 delta=4 target=2758506 residue=10 carry=7 root=3 common_I=(960117507257/1930018885886,324519717452867/652346383429468) next_full_lifts=3042
k=1537 delta=6 target=2068962 residue=12 carry=8 root=5 common_I=(960117507257/1930018885886,324519717452867/652346383429468) next_full_lifts=3041
k=1538 delta=8 target=1379418 residue=1 carry=9 root=7 common_I=(960117507257/1930018885886,324519717452867/652346383429468) next_full_lifts=3041
k=1539 delta=10 target=689874 residue=3 carry=10 root=9 common_I=(960117507257/1930018885886,324519717452867/652346383429468) next_full_lifts=3041
k=1540 delta=12 target=330 residue=5 carry=11 root=11 common_I=(960117507257/1930018885886,324519717452867/652346383429468) next_full_lifts=3041
k=1542 delta=3 target=3448051 residue=9 carry=0 root=2 common_I=(960117507257/1930018885886,324519717452867/652346383429468) next_full_lifts=3045
k=1543 delta=5 target=2758507 residue=11 carry=1 root=4 common_I=(960117507257/1930018885886,324519717452867/652346383429468) next_full_lifts=3041
k=1544 delta=7 target=2068963 residue=0 carry=2 root=6 common_I=(960117507257/1930018885886,324519717452867/652346383429468) next_full_lifts=3042
k=1545 delta=9 target=1379419 residue=2 carry=3 root=8 common_I=(960117507257/1930018885886,324519717452867/652346383429468) next_full_lifts=3042
k=1546 delta=11 target=689875 residue=4 carry=4 root=10 common_I=(960117507257/1930018885886,324519717452867/652346383429468) next_full_lifts=3042
k=1549 delta=4 target=3448052 residue=10 carry=7 root=3 common_I=(960117507257/1930018885886,324519717452867/652346383429468) next_full_lifts=3042
k=1550 delta=6 target=2758508 residue=12 carry=8 root=5 common_I=(960117507257/1930018885886,324519717452867/652346383429468) next_full_lifts=3041
k=1551 delta=8 target=2068964 residue=1 carry=9 root=7 common_I=(960117507257/1930018885886,324519717452867/652346383429468) next_full_lifts=3041
k=1552 delta=10 target=1379420 residue=3 carry=10 root=9 common_I=(960117507257/1930018885886,324519717452867/652346383429468) next_full_lifts=3041
k=1553 delta=12 target=689876 residue=5 carry=11 root=11 common_I=(960117507257/1930018885886,324519717452867/652346383429468) next_full_lifts=3041
k=1555 delta=3 target=4137597 residue=9 carry=0 root=2 common_I=(960117507257/1930018885886,324519717452867/652346383429468) next_full_lifts=3045
k=1556 delta=5 target=3448053 residue=11 carry=1 root=4 common_I=(960117507257/1930018885886,324519717452867/652346383429468) next_full_lifts=3041
k=1557 delta=7 target=2758509 residue=0 carry=2 root=6 common_I=(960117507257/1930018885886,324519717452867/652346383429468) next_full_lifts=3042
k=1558 delta=9 target=2068965 residue=2 carry=3 root=8 common_I=(960117507257/1930018885886,324519717452867/652346383429468) next_full_lifts=3042
k=1559 delta=11 target=1379421 residue=4 carry=4 root=10 common_I=(960117507257/1930018885886,324519717452867/652346383429468) next_full_lifts=3042
k=1562 delta=4 target=4137598 residue=10 carry=7 root=3 common_I=(960117507257/1930018885886,324519717452867/652346383429468) next_full_lifts=3042
k=1563 delta=6 target=3448054 residue=12 carry=8 root=5 common_I=(960117507257/1930018885886,324519717452867/652346383429468) next_full_lifts=3041
k=1564 delta=8 target=2758510 residue=1 carry=9 root=7 common_I=(960117507257/1930018885886,324519717452867/652346383429468) next_full_lifts=3041
k=1565 delta=10 target=2068966 residue=3 carry=10 root=9 common_I=(960117507257/1930018885886,324519717452867/652346383429468) next_full_lifts=3041
k=1566 delta=12 target=1379422 residue=5 carry=11 root=11 common_I=(960117507257/1930018885886,324519717452867/652346383429468) next_full_lifts=3041
k=1568 delta=3 target=334 residue=9 carry=0 root=2 common_I=(960117507257/1930018885886,324519717452867/652346383429468) next_full_lifts=3045
k=1569 delta=5 target=4137599 residue=11 carry=1 root=4 common_I=(960117507257/1930018885886,324519717452867/652346383429468) next_full_lifts=3041
k=1570 delta=7 target=3448055 residue=0 carry=2 root=6 common_I=(960117507257/1930018885886,324519717452867/652346383429468) next_full_lifts=3042
k=1571 delta=9 target=2758511 residue=2 carry=3 root=8 common_I=(960117507257/1930018885886,324519717452867/652346383429468) next_full_lifts=3042
k=1572 delta=11 target=2068967 residue=4 carry=4 root=10 common_I=(960117507257/1930018885886,324519717452867/652346383429468) next_full_lifts=3042
k=1575 delta=4 target=335 residue=10 carry=7 root=3 common_I=(960117507257/1930018885886,324519717452867/652346383429468) next_full_lifts=3042
k=1576 delta=6 target=4137600 residue=12 carry=8 root=5 common_I=(960117507257/1930018885886,324519717452867/652346383429468) next_full_lifts=3041
k=1577 delta=8 target=3448056 residue=1 carry=9 root=7 common_I=(960117507257/1930018885886,324519717452867/652346383429468) next_full_lifts=3041
k=1578 delta=10 target=2758512 residue=3 carry=10 root=9 common_I=(960117507257/1930018885886,324519717452867/652346383429468) next_full_lifts=3041
k=1579 delta=12 target=2068968 residue=5 carry=11 root=11 common_I=(960117507257/1930018885886,324519717452867/652346383429468) next_full_lifts=3041
k=1581 delta=3 target=689880 residue=9 carry=0 root=2 common_I=(960117507257/1930018885886,324519717452867/652346383429468) next_full_lifts=3045
k=1582 delta=5 target=336 residue=11 carry=1 root=4 common_I=(960117507257/1930018885886,324519717452867/652346383429468) next_full_lifts=3041
k=1583 delta=7 target=4137601 residue=0 carry=2 root=6 common_I=(960117507257/1930018885886,324519717452867/652346383429468) next_full_lifts=3042
k=1584 delta=9 target=3448057 residue=2 carry=3 root=8 common_I=(960117507257/1930018885886,324519717452867/652346383429468) next_full_lifts=3042
k=1585 delta=11 target=2758513 residue=4 carry=4 root=10 common_I=(960117507257/1930018885886,324519717452867/652346383429468) next_full_lifts=3042
k=1588 delta=4 target=689881 residue=10 carry=7 root=3 common_I=(960117507257/1930018885886,324519717452867/652346383429468) next_full_lifts=3042
k=1589 delta=6 target=337 residue=12 carry=8 root=5 common_I=(960117507257/1930018885886,324519717452867/652346383429468) next_full_lifts=3041
k=1590 delta=8 target=4137602 residue=1 carry=9 root=7 common_I=(960117507257/1930018885886,324519717452867/652346383429468) next_full_lifts=3041
k=1591 delta=10 target=3448058 residue=3 carry=10 root=9 common_I=(960117507257/1930018885886,324519717452867/652346383429468) next_full_lifts=3041
k=1592 delta=12 target=2758514 residue=5 carry=11 root=11 common_I=(960117507257/1930018885886,324519717452867/652346383429468) next_full_lifts=3041
k=1594 delta=3 target=1379426 residue=9 carry=0 root=2 common_I=(960117507257/1930018885886,324519717452867/652346383429468) next_full_lifts=3045
k=1595 delta=5 target=689882 residue=11 carry=1 root=4 common_I=(960117507257/1930018885886,324519717452867/652346383429468) next_full_lifts=3041
k=1596 delta=7 target=338 residue=0 carry=2 root=6 common_I=(960117507257/1930018885886,324519717452867/652346383429468) next_full_lifts=3042
k=1597 delta=9 target=4137603 residue=2 carry=3 root=8 common_I=(960117507257/1930018885886,324519717452867/652346383429468) next_full_lifts=3042
k=1598 delta=11 target=3448059 residue=4 carry=4 root=10 common_I=(960117507257/1930018885886,324519717452867/652346383429468) next_full_lifts=3042
k=1601 delta=4 target=1379427 residue=10 carry=7 root=3 common_I=(960117507257/1930018885886,324519717452867/652346383429468) next_full_lifts=3042
k=1602 delta=6 target=689883 residue=12 carry=8 root=5 common_I=(960117507257/1930018885886,324519717452867/652346383429468) next_full_lifts=3041
k=1603 delta=8 target=339 residue=1 carry=9 root=7 common_I=(960117507257/1930018885886,324519717452867/652346383429468) next_full_lifts=3041
k=1604 delta=10 target=4137604 residue=3 carry=10 root=9 common_I=(960117507257/1930018885886,324519717452867/652346383429468) next_full_lifts=3041
k=1605 delta=12 target=3448060 residue=5 carry=11 root=11 common_I=(960117507257/1930018885886,324519717452867/652346383429468) next_full_lifts=3041
k=1607 delta=3 target=2068972 residue=9 carry=0 root=2 common_I=(960117507257/1930018885886,324519717452867/652346383429468) next_full_lifts=3045
k=1608 delta=5 target=1379428 residue=11 carry=1 root=4 common_I=(960117507257/1930018885886,324519717452867/652346383429468) next_full_lifts=3041
k=1609 delta=7 target=689884 residue=0 carry=2 root=6 common_I=(960117507257/1930018885886,324519717452867/652346383429468) next_full_lifts=3042
k=1610 delta=9 target=340 residue=2 carry=3 root=8 common_I=(960117507257/1930018885886,324519717452867/652346383429468) next_full_lifts=3042
k=1611 delta=11 target=4137605 residue=4 carry=4 root=10 common_I=(960117507257/1930018885886,324519717452867/652346383429468) next_full_lifts=3042
k=1614 delta=4 target=2068973 residue=10 carry=7 root=3 common_I=(960117507257/1930018885886,324519717452867/652346383429468) next_full_lifts=3042
k=1615 delta=6 target=1379429 residue=12 carry=8 root=5 common_I=(960117507257/1930018885886,324519717452867/652346383429468) next_full_lifts=3041
k=1616 delta=8 target=689885 residue=1 carry=9 root=7 common_I=(960117507257/1930018885886,324519717452867/652346383429468) next_full_lifts=3041
k=1617 delta=10 target=341 residue=3 carry=10 root=9 common_I=(960117507257/1930018885886,324519717452867/652346383429468) next_full_lifts=3041
k=1618 delta=12 target=4137606 residue=5 carry=11 root=11 common_I=(960117507257/1930018885886,324519717452867/652346383429468) next_full_lifts=3041
k=1620 delta=3 target=2758518 residue=9 carry=0 root=2 common_I=(960117507257/1930018885886,324519717452867/652346383429468) next_full_lifts=3045
k=1621 delta=5 target=2068974 residue=11 carry=1 root=4 common_I=(960117507257/1930018885886,324519717452867/652346383429468) next_full_lifts=3041
k=1622 delta=7 target=1379430 residue=0 carry=2 root=6 common_I=(960117507257/1930018885886,324519717452867/652346383429468) next_full_lifts=3042
k=1623 delta=9 target=689886 residue=2 carry=3 root=8 common_I=(960117507257/1930018885886,324519717452867/652346383429468) next_full_lifts=3042
k=1624 delta=11 target=342 residue=4 carry=4 root=10 common_I=(960117507257/1930018885886,324519717452867/652346383429468) next_full_lifts=3042
k=1627 delta=4 target=2758519 residue=10 carry=7 root=3 common_I=(960117507257/1930018885886,324519717452867/652346383429468) next_full_lifts=3042
k=1628 delta=6 target=2068975 residue=12 carry=8 root=5 common_I=(960117507257/1930018885886,324519717452867/652346383429468) next_full_lifts=3041
k=1629 delta=8 target=1379431 residue=1 carry=9 root=7 common_I=(960117507257/1930018885886,324519717452867/652346383429468) next_full_lifts=3041
k=1630 delta=10 target=689887 residue=3 carry=10 root=9 common_I=(960117507257/1930018885886,324519717452867/652346383429468) next_full_lifts=3041
k=1631 delta=12 target=343 residue=5 carry=11 root=11 common_I=(960117507257/1930018885886,324519717452867/652346383429468) next_full_lifts=3041
k=1633 delta=3 target=3448064 residue=9 carry=0 root=2 common_I=(960117507257/1930018885886,324519717452867/652346383429468) next_full_lifts=3045
k=1634 delta=5 target=2758520 residue=11 carry=1 root=4 common_I=(960117507257/1930018885886,324519717452867/652346383429468) next_full_lifts=3041
k=1635 delta=7 target=2068976 residue=0 carry=2 root=6 common_I=(960117507257/1930018885886,324519717452867/652346383429468) next_full_lifts=3042
k=1636 delta=9 target=1379432 residue=2 carry=3 root=8 common_I=(960117507257/1930018885886,324519717452867/652346383429468) next_full_lifts=3042
k=1637 delta=11 target=689888 residue=4 carry=4 root=10 common_I=(960117507257/1930018885886,324519717452867/652346383429468) next_full_lifts=3042
k=1640 delta=4 target=3448065 residue=10 carry=7 root=3 common_I=(960117507257/1930018885886,324519717452867/652346383429468) next_full_lifts=3042
k=1641 delta=6 target=2758521 residue=12 carry=8 root=5 common_I=(960117507257/1930018885886,324519717452867/652346383429468) next_full_lifts=3041
k=1642 delta=8 target=2068977 residue=1 carry=9 root=7 common_I=(960117507257/1930018885886,324519717452867/652346383429468) next_full_lifts=3041
k=1643 delta=10 target=1379433 residue=3 carry=10 root=9 common_I=(960117507257/1930018885886,324519717452867/652346383429468) next_full_lifts=3041
k=1644 delta=12 target=689889 residue=5 carry=11 root=11 common_I=(960117507257/1930018885886,324519717452867/652346383429468) next_full_lifts=3041
k=1646 delta=3 target=4137610 residue=9 carry=0 root=2 common_I=(960117507257/1930018885886,324519717452867/652346383429468) next_full_lifts=3045
k=1647 delta=5 target=3448066 residue=11 carry=1 root=4 common_I=(960117507257/1930018885886,324519717452867/652346383429468) next_full_lifts=3041
k=1648 delta=7 target=2758522 residue=0 carry=2 root=6 common_I=(960117507257/1930018885886,324519717452867/652346383429468) next_full_lifts=3042
k=1649 delta=9 target=2068978 residue=2 carry=3 root=8 common_I=(960117507257/1930018885886,324519717452867/652346383429468) next_full_lifts=3042
k=1650 delta=11 target=1379434 residue=4 carry=4 root=10 common_I=(960117507257/1930018885886,324519717452867/652346383429468) next_full_lifts=3042
k=1653 delta=4 target=4137611 residue=10 carry=7 root=3 common_I=(960117507257/1930018885886,324519717452867/652346383429468) next_full_lifts=3042
k=1654 delta=6 target=3448067 residue=12 carry=8 root=5 common_I=(960117507257/1930018885886,324519717452867/652346383429468) next_full_lifts=3041
k=1655 delta=8 target=2758523 residue=1 carry=9 root=7 common_I=(960117507257/1930018885886,324519717452867/652346383429468) next_full_lifts=3041
k=1656 delta=10 target=2068979 residue=3 carry=10 root=9 common_I=(960117507257/1930018885886,324519717452867/652346383429468) next_full_lifts=3041
k=1657 delta=12 target=1379435 residue=5 carry=11 root=11 common_I=(960117507257/1930018885886,324519717452867/652346383429468) next_full_lifts=3041
k=1659 delta=3 target=347 residue=9 carry=0 root=2 common_I=(960117507257/1930018885886,324519717452867/652346383429468) next_full_lifts=3045
k=1660 delta=5 target=4137612 residue=11 carry=1 root=4 common_I=(960117507257/1930018885886,324519717452867/652346383429468) next_full_lifts=3041
k=1661 delta=7 target=3448068 residue=0 carry=2 root=6 common_I=(960117507257/1930018885886,324519717452867/652346383429468) next_full_lifts=3042
k=1662 delta=9 target=2758524 residue=2 carry=3 root=8 common_I=(960117507257/1930018885886,324519717452867/652346383429468) next_full_lifts=3042
k=1663 delta=11 target=2068980 residue=4 carry=4 root=10 common_I=(960117507257/1930018885886,324519717452867/652346383429468) next_full_lifts=3042
k=1666 delta=4 target=348 residue=10 carry=7 root=3 common_I=(960117507257/1930018885886,324519717452867/652346383429468) next_full_lifts=3042
k=1667 delta=6 target=4137613 residue=12 carry=8 root=5 common_I=(960117507257/1930018885886,324519717452867/652346383429468) next_full_lifts=3041
k=1668 delta=8 target=3448069 residue=1 carry=9 root=7 common_I=(960117507257/1930018885886,324519717452867/652346383429468) next_full_lifts=3041
k=1669 delta=10 target=2758525 residue=3 carry=10 root=9 common_I=(960117507257/1930018885886,324519717452867/652346383429468) next_full_lifts=3041
k=1670 delta=12 target=2068981 residue=5 carry=11 root=11 common_I=(960117507257/1930018885886,324519717452867/652346383429468) next_full_lifts=3041
k=1672 delta=3 target=689893 residue=9 carry=0 root=2 common_I=(960117507257/1930018885886,324519717452867/652346383429468) next_full_lifts=3045
k=1673 delta=5 target=349 residue=11 carry=1 root=4 common_I=(960117507257/1930018885886,324519717452867/652346383429468) next_full_lifts=3041
k=1674 delta=7 target=4137614 residue=0 carry=2 root=6 common_I=(960117507257/1930018885886,324519717452867/652346383429468) next_full_lifts=3042
k=1675 delta=9 target=3448070 residue=2 carry=3 root=8 common_I=(960117507257/1930018885886,324519717452867/652346383429468) next_full_lifts=3042
k=1676 delta=11 target=2758526 residue=4 carry=4 root=10 common_I=(960117507257/1930018885886,324519717452867/652346383429468) next_full_lifts=3042
k=1679 delta=4 target=689894 residue=10 carry=7 root=3 common_I=(960117507257/1930018885886,324519717452867/652346383429468) next_full_lifts=3042
k=1680 delta=6 target=350 residue=12 carry=8 root=5 common_I=(960117507257/1930018885886,324519717452867/652346383429468) next_full_lifts=3041
k=1681 delta=8 target=4137615 residue=1 carry=9 root=7 common_I=(960117507257/1930018885886,324519717452867/652346383429468) next_full_lifts=3041
k=1682 delta=10 target=3448071 residue=3 carry=10 root=9 common_I=(960117507257/1930018885886,324519717452867/652346383429468) next_full_lifts=3041
k=1683 delta=12 target=2758527 residue=5 carry=11 root=11 common_I=(960117507257/1930018885886,324519717452867/652346383429468) next_full_lifts=3041
k=1685 delta=3 target=1379439 residue=9 carry=0 root=2 common_I=(960117507257/1930018885886,324519717452867/652346383429468) next_full_lifts=3045
k=1686 delta=5 target=689895 residue=11 carry=1 root=4 common_I=(960117507257/1930018885886,324519717452867/652346383429468) next_full_lifts=3041
k=1687 delta=7 target=351 residue=0 carry=2 root=6 common_I=(960117507257/1930018885886,324519717452867/652346383429468) next_full_lifts=3042
k=1688 delta=9 target=4137616 residue=2 carry=3 root=8 common_I=(960117507257/1930018885886,324519717452867/652346383429468) next_full_lifts=3042
k=1689 delta=11 target=3448072 residue=4 carry=4 root=10 common_I=(960117507257/1930018885886,324519717452867/652346383429468) next_full_lifts=3042
k=1692 delta=4 target=1379440 residue=10 carry=7 root=3 common_I=(960117507257/1930018885886,324519717452867/652346383429468) next_full_lifts=3042
k=1693 delta=6 target=689896 residue=12 carry=8 root=5 common_I=(960117507257/1930018885886,324519717452867/652346383429468) next_full_lifts=3041
k=1694 delta=8 target=352 residue=1 carry=9 root=7 common_I=(960117507257/1930018885886,324519717452867/652346383429468) next_full_lifts=3041
k=1695 delta=10 target=4137617 residue=3 carry=10 root=9 common_I=(960117507257/1930018885886,324519717452867/652346383429468) next_full_lifts=3041
k=1696 delta=12 target=3448073 residue=5 carry=11 root=11 common_I=(960117507257/1930018885886,324519717452867/652346383429468) next_full_lifts=3041
k=1698 delta=3 target=2068985 residue=9 carry=0 root=2 common_I=(960117507257/1930018885886,324519717452867/652346383429468) next_full_lifts=3045
k=1699 delta=5 target=1379441 residue=11 carry=1 root=4 common_I=(960117507257/1930018885886,324519717452867/652346383429468) next_full_lifts=3041
k=1700 delta=7 target=689897 residue=0 carry=2 root=6 common_I=(960117507257/1930018885886,324519717452867/652346383429468) next_full_lifts=3042
k=1701 delta=9 target=353 residue=2 carry=3 root=8 common_I=(960117507257/1930018885886,324519717452867/652346383429468) next_full_lifts=3042
k=1702 delta=11 target=4137618 residue=4 carry=4 root=10 common_I=(960117507257/1930018885886,324519717452867/652346383429468) next_full_lifts=3042
k=1705 delta=4 target=2068986 residue=10 carry=7 root=3 common_I=(960117507257/1930018885886,324519717452867/652346383429468) next_full_lifts=3042
k=1706 delta=6 target=1379442 residue=12 carry=8 root=5 common_I=(960117507257/1930018885886,324519717452867/652346383429468) next_full_lifts=3041
k=1707 delta=8 target=689898 residue=1 carry=9 root=7 common_I=(960117507257/1930018885886,324519717452867/652346383429468) next_full_lifts=3041
k=1708 delta=10 target=354 residue=3 carry=10 root=9 common_I=(960117507257/1930018885886,324519717452867/652346383429468) next_full_lifts=3041
k=1709 delta=12 target=4137619 residue=5 carry=11 root=11 common_I=(960117507257/1930018885886,324519717452867/652346383429468) next_full_lifts=3041
k=1711 delta=3 target=2758531 residue=9 carry=0 root=2 common_I=(960117507257/1930018885886,324519717452867/652346383429468) next_full_lifts=3045
k=1712 delta=5 target=2068987 residue=11 carry=1 root=4 common_I=(960117507257/1930018885886,324519717452867/652346383429468) next_full_lifts=3041
k=1713 delta=7 target=1379443 residue=0 carry=2 root=6 common_I=(960117507257/1930018885886,324519717452867/652346383429468) next_full_lifts=3042
k=1714 delta=9 target=689899 residue=2 carry=3 root=8 common_I=(960117507257/1930018885886,324519717452867/652346383429468) next_full_lifts=3042
k=1715 delta=11 target=355 residue=4 carry=4 root=10 common_I=(960117507257/1930018885886,324519717452867/652346383429468) next_full_lifts=3042
k=1718 delta=4 target=2758532 residue=10 carry=7 root=3 common_I=(960117507257/1930018885886,324519717452867/652346383429468) next_full_lifts=3042
k=1719 delta=6 target=2068988 residue=12 carry=8 root=5 common_I=(960117507257/1930018885886,324519717452867/652346383429468) next_full_lifts=3041
k=1720 delta=8 target=1379444 residue=1 carry=9 root=7 common_I=(960117507257/1930018885886,324519717452867/652346383429468) next_full_lifts=3041
k=1721 delta=10 target=689900 residue=3 carry=10 root=9 common_I=(960117507257/1930018885886,324519717452867/652346383429468) next_full_lifts=3041
k=1722 delta=12 target=356 residue=5 carry=11 root=11 common_I=(960117507257/1930018885886,324519717452867/652346383429468) next_full_lifts=3041
k=1724 delta=3 target=3448077 residue=9 carry=0 root=2 common_I=(960117507257/1930018885886,324519717452867/652346383429468) next_full_lifts=3045
k=1725 delta=5 target=2758533 residue=11 carry=1 root=4 common_I=(960117507257/1930018885886,324519717452867/652346383429468) next_full_lifts=3041
k=1726 delta=7 target=2068989 residue=0 carry=2 root=6 common_I=(960117507257/1930018885886,324519717452867/652346383429468) next_full_lifts=3042
k=1727 delta=9 target=1379445 residue=2 carry=3 root=8 common_I=(960117507257/1930018885886,324519717452867/652346383429468) next_full_lifts=3042
k=1728 delta=11 target=689901 residue=4 carry=4 root=10 common_I=(960117507257/1930018885886,324519717452867/652346383429468) next_full_lifts=3042
k=1731 delta=4 target=3448078 residue=10 carry=7 root=3 common_I=(960117507257/1930018885886,324519717452867/652346383429468) next_full_lifts=3042
k=1732 delta=6 target=2758534 residue=12 carry=8 root=5 common_I=(960117507257/1930018885886,324519717452867/652346383429468) next_full_lifts=3041
k=1733 delta=8 target=2068990 residue=1 carry=9 root=7 common_I=(960117507257/1930018885886,324519717452867/652346383429468) next_full_lifts=3041
k=1734 delta=10 target=1379446 residue=3 carry=10 root=9 common_I=(960117507257/1930018885886,324519717452867/652346383429468) next_full_lifts=3041
k=1735 delta=12 target=689902 residue=5 carry=11 root=11 common_I=(960117507257/1930018885886,324519717452867/652346383429468) next_full_lifts=3041
k=1737 delta=3 target=4137623 residue=9 carry=0 root=2 common_I=(960117507257/1930018885886,324519717452867/652346383429468) next_full_lifts=3045
k=1738 delta=5 target=3448079 residue=11 carry=1 root=4 common_I=(960117507257/1930018885886,324519717452867/652346383429468) next_full_lifts=3041
k=1739 delta=7 target=2758535 residue=0 carry=2 root=6 common_I=(960117507257/1930018885886,324519717452867/652346383429468) next_full_lifts=3042
k=1740 delta=9 target=2068991 residue=2 carry=3 root=8 common_I=(960117507257/1930018885886,324519717452867/652346383429468) next_full_lifts=3042
k=1741 delta=11 target=1379447 residue=4 carry=4 root=10 common_I=(960117507257/1930018885886,324519717452867/652346383429468) next_full_lifts=3042
k=1744 delta=4 target=4137624 residue=10 carry=7 root=3 common_I=(960117507257/1930018885886,324519717452867/652346383429468) next_full_lifts=3042
k=1745 delta=6 target=3448080 residue=12 carry=8 root=5 common_I=(960117507257/1930018885886,324519717452867/652346383429468) next_full_lifts=3041
k=1746 delta=8 target=2758536 residue=1 carry=9 root=7 common_I=(960117507257/1930018885886,324519717452867/652346383429468) next_full_lifts=3041
k=1747 delta=10 target=2068992 residue=3 carry=10 root=9 common_I=(960117507257/1930018885886,324519717452867/652346383429468) next_full_lifts=3041
k=1748 delta=12 target=1379448 residue=5 carry=11 root=11 common_I=(960117507257/1930018885886,324519717452867/652346383429468) next_full_lifts=3041
k=1750 delta=3 target=360 residue=9 carry=0 root=2 common_I=(960117507257/1930018885886,324519717452867/652346383429468) next_full_lifts=3045
k=1751 delta=5 target=4137625 residue=11 carry=1 root=4 common_I=(960117507257/1930018885886,324519717452867/652346383429468) next_full_lifts=3041
k=1752 delta=7 target=3448081 residue=0 carry=2 root=6 common_I=(960117507257/1930018885886,324519717452867/652346383429468) next_full_lifts=3042
k=1753 delta=9 target=2758537 residue=2 carry=3 root=8 common_I=(960117507257/1930018885886,324519717452867/652346383429468) next_full_lifts=3042
k=1754 delta=11 target=2068993 residue=4 carry=4 root=10 common_I=(960117507257/1930018885886,324519717452867/652346383429468) next_full_lifts=3042
k=1757 delta=4 target=361 residue=10 carry=7 root=3 common_I=(960117507257/1930018885886,324519717452867/652346383429468) next_full_lifts=3042
k=1758 delta=6 target=4137626 residue=12 carry=8 root=5 common_I=(960117507257/1930018885886,324519717452867/652346383429468) next_full_lifts=3041
k=1759 delta=8 target=3448082 residue=1 carry=9 root=7 common_I=(960117507257/1930018885886,324519717452867/652346383429468) next_full_lifts=3041
k=1760 delta=10 target=2758538 residue=3 carry=10 root=9 common_I=(960117507257/1930018885886,324519717452867/652346383429468) next_full_lifts=3041
k=1761 delta=12 target=2068994 residue=5 carry=11 root=11 common_I=(960117507257/1930018885886,324519717452867/652346383429468) next_full_lifts=3041
k=1763 delta=3 target=689906 residue=9 carry=0 root=2 common_I=(960117507257/1930018885886,324519717452867/652346383429468) next_full_lifts=3045
k=1764 delta=5 target=362 residue=11 carry=1 root=4 common_I=(960117507257/1930018885886,324519717452867/652346383429468) next_full_lifts=3041
k=1765 delta=7 target=4137627 residue=0 carry=2 root=6 common_I=(960117507257/1930018885886,324519717452867/652346383429468) next_full_lifts=3042
k=1766 delta=9 target=3448083 residue=2 carry=3 root=8 common_I=(960117507257/1930018885886,324519717452867/652346383429468) next_full_lifts=3042
k=1767 delta=11 target=2758539 residue=4 carry=4 root=10 common_I=(960117507257/1930018885886,324519717452867/652346383429468) next_full_lifts=3042
k=1770 delta=4 target=689907 residue=10 carry=7 root=3 common_I=(960117507257/1930018885886,324519717452867/652346383429468) next_full_lifts=3042
k=1771 delta=6 target=363 residue=12 carry=8 root=5 common_I=(960117507257/1930018885886,324519717452867/652346383429468) next_full_lifts=3041
k=1772 delta=8 target=4137628 residue=1 carry=9 root=7 common_I=(960117507257/1930018885886,324519717452867/652346383429468) next_full_lifts=3041
k=1773 delta=10 target=3448084 residue=3 carry=10 root=9 common_I=(960117507257/1930018885886,324519717452867/652346383429468) next_full_lifts=3041
k=1774 delta=12 target=2758540 residue=5 carry=11 root=11 common_I=(960117507257/1930018885886,324519717452867/652346383429468) next_full_lifts=3041
k=1776 delta=3 target=1379452 residue=9 carry=0 root=2 common_I=(960117507257/1930018885886,324519717452867/652346383429468) next_full_lifts=3045
k=1777 delta=5 target=689908 residue=11 carry=1 root=4 common_I=(960117507257/1930018885886,324519717452867/652346383429468) next_full_lifts=3041
k=1778 delta=7 target=364 residue=0 carry=2 root=6 common_I=(960117507257/1930018885886,324519717452867/652346383429468) next_full_lifts=3042
k=1779 delta=9 target=4137629 residue=2 carry=3 root=8 common_I=(960117507257/1930018885886,324519717452867/652346383429468) next_full_lifts=3042
k=1780 delta=11 target=3448085 residue=4 carry=4 root=10 common_I=(960117507257/1930018885886,324519717452867/652346383429468) next_full_lifts=3042
k=1783 delta=4 target=1379453 residue=10 carry=7 root=3 common_I=(960117507257/1930018885886,324519717452867/652346383429468) next_full_lifts=3042
k=1784 delta=6 target=689909 residue=12 carry=8 root=5 common_I=(960117507257/1930018885886,324519717452867/652346383429468) next_full_lifts=3041
k=1785 delta=8 target=365 residue=1 carry=9 root=7 common_I=(960117507257/1930018885886,324519717452867/652346383429468) next_full_lifts=3041
k=1786 delta=10 target=4137630 residue=3 carry=10 root=9 common_I=(960117507257/1930018885886,324519717452867/652346383429468) next_full_lifts=3041
k=1787 delta=12 target=3448086 residue=5 carry=11 root=11 common_I=(960117507257/1930018885886,324519717452867/652346383429468) next_full_lifts=3041
k=1789 delta=3 target=2068998 residue=9 carry=0 root=2 common_I=(960117507257/1930018885886,324519717452867/652346383429468) next_full_lifts=3045
k=1790 delta=5 target=1379454 residue=11 carry=1 root=4 common_I=(960117507257/1930018885886,324519717452867/652346383429468) next_full_lifts=3041
k=1791 delta=7 target=689910 residue=0 carry=2 root=6 common_I=(960117507257/1930018885886,324519717452867/652346383429468) next_full_lifts=3042
k=1792 delta=9 target=366 residue=2 carry=3 root=8 common_I=(960117507257/1930018885886,324519717452867/652346383429468) next_full_lifts=3042
k=1793 delta=11 target=4137631 residue=4 carry=4 root=10 common_I=(960117507257/1930018885886,324519717452867/652346383429468) next_full_lifts=3042
k=1796 delta=4 target=2068999 residue=10 carry=7 root=3 common_I=(960117507257/1930018885886,324519717452867/652346383429468) next_full_lifts=3042
k=1797 delta=6 target=1379455 residue=12 carry=8 root=5 common_I=(960117507257/1930018885886,324519717452867/652346383429468) next_full_lifts=3041
k=1798 delta=8 target=689911 residue=1 carry=9 root=7 common_I=(960117507257/1930018885886,324519717452867/652346383429468) next_full_lifts=3041
k=1799 delta=10 target=367 residue=3 carry=10 root=9 common_I=(960117507257/1930018885886,324519717452867/652346383429468) next_full_lifts=3041
k=1800 delta=12 target=4137632 residue=5 carry=11 root=11 common_I=(960117507257/1930018885886,324519717452867/652346383429468) next_full_lifts=3041
k=1802 delta=3 target=2758544 residue=9 carry=0 root=2 common_I=(960117507257/1930018885886,324519717452867/652346383429468) next_full_lifts=3045
k=1803 delta=5 target=2069000 residue=11 carry=1 root=4 common_I=(960117507257/1930018885886,324519717452867/652346383429468) next_full_lifts=3041
k=1804 delta=7 target=1379456 residue=0 carry=2 root=6 common_I=(960117507257/1930018885886,324519717452867/652346383429468) next_full_lifts=3042
k=1805 delta=9 target=689912 residue=2 carry=3 root=8 common_I=(960117507257/1930018885886,324519717452867/652346383429468) next_full_lifts=3042
k=1806 delta=11 target=368 residue=4 carry=4 root=10 common_I=(960117507257/1930018885886,324519717452867/652346383429468) next_full_lifts=3042
k=1809 delta=4 target=2758545 residue=10 carry=7 root=3 common_I=(960117507257/1930018885886,324519717452867/652346383429468) next_full_lifts=3042
k=1810 delta=6 target=2069001 residue=12 carry=8 root=5 common_I=(960117507257/1930018885886,324519717452867/652346383429468) next_full_lifts=3041
k=1811 delta=8 target=1379457 residue=1 carry=9 root=7 common_I=(960117507257/1930018885886,324519717452867/652346383429468) next_full_lifts=3041
k=1812 delta=10 target=689913 residue=3 carry=10 root=9 common_I=(960117507257/1930018885886,324519717452867/652346383429468) next_full_lifts=3041
k=1813 delta=12 target=369 residue=5 carry=11 root=11 common_I=(960117507257/1930018885886,324519717452867/652346383429468) next_full_lifts=3041
k=1815 delta=3 target=3448090 residue=9 carry=0 root=2 common_I=(960117507257/1930018885886,324519717452867/652346383429468) next_full_lifts=3045
k=1816 delta=5 target=2758546 residue=11 carry=1 root=4 common_I=(960117507257/1930018885886,324519717452867/652346383429468) next_full_lifts=3041
k=1817 delta=7 target=2069002 residue=0 carry=2 root=6 common_I=(960117507257/1930018885886,324519717452867/652346383429468) next_full_lifts=3042
k=1818 delta=9 target=1379458 residue=2 carry=3 root=8 common_I=(960117507257/1930018885886,324519717452867/652346383429468) next_full_lifts=3042
k=1819 delta=11 target=689914 residue=4 carry=4 root=10 common_I=(960117507257/1930018885886,324519717452867/652346383429468) next_full_lifts=3042
k=1822 delta=4 target=3448091 residue=10 carry=7 root=3 common_I=(960117507257/1930018885886,324519717452867/652346383429468) next_full_lifts=3042
k=1823 delta=6 target=2758547 residue=12 carry=8 root=5 common_I=(960117507257/1930018885886,324519717452867/652346383429468) next_full_lifts=3041
k=1824 delta=8 target=2069003 residue=1 carry=9 root=7 common_I=(960117507257/1930018885886,324519717452867/652346383429468) next_full_lifts=3041
k=1825 delta=10 target=1379459 residue=3 carry=10 root=9 common_I=(960117507257/1930018885886,324519717452867/652346383429468) next_full_lifts=3041
k=1826 delta=12 target=689915 residue=5 carry=11 root=11 common_I=(960117507257/1930018885886,324519717452867/652346383429468) next_full_lifts=3041
k=1828 delta=3 target=4137636 residue=9 carry=0 root=2 common_I=(960117507257/1930018885886,324519717452867/652346383429468) next_full_lifts=3045
k=1829 delta=5 target=3448092 residue=11 carry=1 root=4 common_I=(960117507257/1930018885886,324519717452867/652346383429468) next_full_lifts=3041
k=1830 delta=7 target=2758548 residue=0 carry=2 root=6 common_I=(960117507257/1930018885886,324519717452867/652346383429468) next_full_lifts=3042
k=1831 delta=9 target=2069004 residue=2 carry=3 root=8 common_I=(960117507257/1930018885886,324519717452867/652346383429468) next_full_lifts=3042
k=1832 delta=11 target=1379460 residue=4 carry=4 root=10 common_I=(960117507257/1930018885886,324519717452867/652346383429468) next_full_lifts=3042
k=1835 delta=4 target=4137637 residue=10 carry=7 root=3 common_I=(960117507257/1930018885886,324519717452867/652346383429468) next_full_lifts=3042
k=1836 delta=6 target=3448093 residue=12 carry=8 root=5 common_I=(960117507257/1930018885886,324519717452867/652346383429468) next_full_lifts=3041
k=1837 delta=8 target=2758549 residue=1 carry=9 root=7 common_I=(960117507257/1930018885886,324519717452867/652346383429468) next_full_lifts=3041
k=1838 delta=10 target=2069005 residue=3 carry=10 root=9 common_I=(960117507257/1930018885886,324519717452867/652346383429468) next_full_lifts=3041
k=1839 delta=12 target=1379461 residue=5 carry=11 root=11 common_I=(960117507257/1930018885886,324519717452867/652346383429468) next_full_lifts=3041
k=1841 delta=3 target=373 residue=9 carry=0 root=2 common_I=(960117507257/1930018885886,324519717452867/652346383429468) next_full_lifts=3045
k=1842 delta=5 target=4137638 residue=11 carry=1 root=4 common_I=(960117507257/1930018885886,324519717452867/652346383429468) next_full_lifts=3041
k=1843 delta=7 target=3448094 residue=0 carry=2 root=6 common_I=(960117507257/1930018885886,324519717452867/652346383429468) next_full_lifts=3042
k=1844 delta=9 target=2758550 residue=2 carry=3 root=8 common_I=(960117507257/1930018885886,324519717452867/652346383429468) next_full_lifts=3042
k=1845 delta=11 target=2069006 residue=4 carry=4 root=10 common_I=(960117507257/1930018885886,324519717452867/652346383429468) next_full_lifts=3042
k=1848 delta=4 target=374 residue=10 carry=7 root=3 common_I=(960117507257/1930018885886,324519717452867/652346383429468) next_full_lifts=3042
k=1849 delta=6 target=4137639 residue=12 carry=8 root=5 common_I=(960117507257/1930018885886,324519717452867/652346383429468) next_full_lifts=3041
k=1850 delta=8 target=3448095 residue=1 carry=9 root=7 common_I=(960117507257/1930018885886,324519717452867/652346383429468) next_full_lifts=3041
k=1851 delta=10 target=2758551 residue=3 carry=10 root=9 common_I=(960117507257/1930018885886,324519717452867/652346383429468) next_full_lifts=3041
k=1852 delta=12 target=2069007 residue=5 carry=11 root=11 common_I=(960117507257/1930018885886,324519717452867/652346383429468) next_full_lifts=3041
k=1854 delta=3 target=689919 residue=9 carry=0 root=2 common_I=(960117507257/1930018885886,324519717452867/652346383429468) next_full_lifts=3045
k=1855 delta=5 target=375 residue=11 carry=1 root=4 common_I=(960117507257/1930018885886,324519717452867/652346383429468) next_full_lifts=3041
k=1856 delta=7 target=4137640 residue=0 carry=2 root=6 common_I=(960117507257/1930018885886,324519717452867/652346383429468) next_full_lifts=3042
k=1857 delta=9 target=3448096 residue=2 carry=3 root=8 common_I=(960117507257/1930018885886,324519717452867/652346383429468) next_full_lifts=3042
k=1858 delta=11 target=2758552 residue=4 carry=4 root=10 common_I=(960117507257/1930018885886,324519717452867/652346383429468) next_full_lifts=3042
k=1861 delta=4 target=689920 residue=10 carry=7 root=3 common_I=(960117507257/1930018885886,324519717452867/652346383429468) next_full_lifts=3042
k=1862 delta=6 target=376 residue=12 carry=8 root=5 common_I=(960117507257/1930018885886,324519717452867/652346383429468) next_full_lifts=3041
k=1863 delta=8 target=4137641 residue=1 carry=9 root=7 common_I=(960117507257/1930018885886,324519717452867/652346383429468) next_full_lifts=3041
k=1864 delta=10 target=3448097 residue=3 carry=10 root=9 common_I=(960117507257/1930018885886,324519717452867/652346383429468) next_full_lifts=3041
k=1865 delta=12 target=2758553 residue=5 carry=11 root=11 common_I=(960117507257/1930018885886,324519717452867/652346383429468) next_full_lifts=3041
k=1867 delta=3 target=1379465 residue=9 carry=0 root=2 common_I=(960117507257/1930018885886,324519717452867/652346383429468) next_full_lifts=3045
k=1868 delta=5 target=689921 residue=11 carry=1 root=4 common_I=(960117507257/1930018885886,324519717452867/652346383429468) next_full_lifts=3041
k=1869 delta=7 target=377 residue=0 carry=2 root=6 common_I=(960117507257/1930018885886,324519717452867/652346383429468) next_full_lifts=3042
k=1870 delta=9 target=4137642 residue=2 carry=3 root=8 common_I=(960117507257/1930018885886,324519717452867/652346383429468) next_full_lifts=3042
k=1871 delta=11 target=3448098 residue=4 carry=4 root=10 common_I=(960117507257/1930018885886,324519717452867/652346383429468) next_full_lifts=3042
k=1874 delta=4 target=1379466 residue=10 carry=7 root=3 common_I=(960117507257/1930018885886,324519717452867/652346383429468) next_full_lifts=3042
k=1875 delta=6 target=689922 residue=12 carry=8 root=5 common_I=(960117507257/1930018885886,324519717452867/652346383429468) next_full_lifts=3041
k=1876 delta=8 target=378 residue=1 carry=9 root=7 common_I=(960117507257/1930018885886,324519717452867/652346383429468) next_full_lifts=3041
k=1877 delta=10 target=4137643 residue=3 carry=10 root=9 common_I=(960117507257/1930018885886,324519717452867/652346383429468) next_full_lifts=3041
k=1878 delta=12 target=3448099 residue=5 carry=11 root=11 common_I=(960117507257/1930018885886,324519717452867/652346383429468) next_full_lifts=3041
k=1880 delta=3 target=2069011 residue=9 carry=0 root=2 common_I=(960117507257/1930018885886,324519717452867/652346383429468) next_full_lifts=3045
k=1881 delta=5 target=1379467 residue=11 carry=1 root=4 common_I=(960117507257/1930018885886,324519717452867/652346383429468) next_full_lifts=3041
k=1882 delta=7 target=689923 residue=0 carry=2 root=6 common_I=(960117507257/1930018885886,324519717452867/652346383429468) next_full_lifts=3042
k=1883 delta=9 target=379 residue=2 carry=3 root=8 common_I=(960117507257/1930018885886,324519717452867/652346383429468) next_full_lifts=3042
k=1884 delta=11 target=4137644 residue=4 carry=4 root=10 common_I=(960117507257/1930018885886,324519717452867/652346383429468) next_full_lifts=3042
k=1887 delta=4 target=2069012 residue=10 carry=7 root=3 common_I=(960117507257/1930018885886,324519717452867/652346383429468) next_full_lifts=3042
k=1888 delta=6 target=1379468 residue=12 carry=8 root=5 common_I=(960117507257/1930018885886,324519717452867/652346383429468) next_full_lifts=3041
k=1889 delta=8 target=689924 residue=1 carry=9 root=7 common_I=(960117507257/1930018885886,324519717452867/652346383429468) next_full_lifts=3041
k=1890 delta=10 target=380 residue=3 carry=10 root=9 common_I=(960117507257/1930018885886,324519717452867/652346383429468) next_full_lifts=3041
k=1891 delta=12 target=4137645 residue=5 carry=11 root=11 common_I=(960117507257/1930018885886,324519717452867/652346383429468) next_full_lifts=3041
k=1893 delta=3 target=2758557 residue=9 carry=0 root=2 common_I=(960117507257/1930018885886,324519717452867/652346383429468) next_full_lifts=3045
k=1894 delta=5 target=2069013 residue=11 carry=1 root=4 common_I=(960117507257/1930018885886,324519717452867/652346383429468) next_full_lifts=3041
k=1895 delta=7 target=1379469 residue=0 carry=2 root=6 common_I=(960117507257/1930018885886,324519717452867/652346383429468) next_full_lifts=3042
k=1896 delta=9 target=689925 residue=2 carry=3 root=8 common_I=(960117507257/1930018885886,324519717452867/652346383429468) next_full_lifts=3042
k=1897 delta=11 target=381 residue=4 carry=4 root=10 common_I=(960117507257/1930018885886,324519717452867/652346383429468) next_full_lifts=3042
k=1900 delta=4 target=2758558 residue=10 carry=7 root=3 common_I=(960117507257/1930018885886,324519717452867/652346383429468) next_full_lifts=3042
k=1901 delta=6 target=2069014 residue=12 carry=8 root=5 common_I=(960117507257/1930018885886,324519717452867/652346383429468) next_full_lifts=3041
k=1902 delta=8 target=1379470 residue=1 carry=9 root=7 common_I=(960117507257/1930018885886,324519717452867/652346383429468) next_full_lifts=3041
k=1903 delta=10 target=689926 residue=3 carry=10 root=9 common_I=(960117507257/1930018885886,324519717452867/652346383429468) next_full_lifts=3041
k=1904 delta=12 target=382 residue=5 carry=11 root=11 common_I=(960117507257/1930018885886,324519717452867/652346383429468) next_full_lifts=3041
k=1906 delta=3 target=3448103 residue=9 carry=0 root=2 common_I=(960117507257/1930018885886,324519717452867/652346383429468) next_full_lifts=3045
k=1907 delta=5 target=2758559 residue=11 carry=1 root=4 common_I=(960117507257/1930018885886,324519717452867/652346383429468) next_full_lifts=3041
k=1908 delta=7 target=2069015 residue=0 carry=2 root=6 common_I=(960117507257/1930018885886,324519717452867/652346383429468) next_full_lifts=3042
k=1909 delta=9 target=1379471 residue=2 carry=3 root=8 common_I=(960117507257/1930018885886,324519717452867/652346383429468) next_full_lifts=3042
k=1910 delta=11 target=689927 residue=4 carry=4 root=10 common_I=(960117507257/1930018885886,324519717452867/652346383429468) next_full_lifts=3042
k=1913 delta=4 target=3448104 residue=10 carry=7 root=3 common_I=(960117507257/1930018885886,324519717452867/652346383429468) next_full_lifts=3042
k=1914 delta=6 target=2758560 residue=12 carry=8 root=5 common_I=(960117507257/1930018885886,324519717452867/652346383429468) next_full_lifts=3041
k=1915 delta=8 target=2069016 residue=1 carry=9 root=7 common_I=(960117507257/1930018885886,324519717452867/652346383429468) next_full_lifts=3041
k=1916 delta=10 target=1379472 residue=3 carry=10 root=9 common_I=(960117507257/1930018885886,324519717452867/652346383429468) next_full_lifts=3041
k=1917 delta=12 target=689928 residue=5 carry=11 root=11 common_I=(960117507257/1930018885886,324519717452867/652346383429468) next_full_lifts=3041
k=1919 delta=3 target=4137649 residue=9 carry=0 root=2 common_I=(960117507257/1930018885886,324519717452867/652346383429468) next_full_lifts=3045
k=1920 delta=5 target=3448105 residue=11 carry=1 root=4 common_I=(960117507257/1930018885886,324519717452867/652346383429468) next_full_lifts=3041
k=1921 delta=7 target=2758561 residue=0 carry=2 root=6 common_I=(960117507257/1930018885886,324519717452867/652346383429468) next_full_lifts=3042
k=1922 delta=9 target=2069017 residue=2 carry=3 root=8 common_I=(960117507257/1930018885886,324519717452867/652346383429468) next_full_lifts=3042
k=1923 delta=11 target=1379473 residue=4 carry=4 root=10 common_I=(960117507257/1930018885886,324519717452867/652346383429468) next_full_lifts=3042
k=1926 delta=4 target=4137650 residue=10 carry=7 root=3 common_I=(960117507257/1930018885886,324519717452867/652346383429468) next_full_lifts=3042
k=1927 delta=6 target=3448106 residue=12 carry=8 root=5 common_I=(960117507257/1930018885886,324519717452867/652346383429468) next_full_lifts=3041
k=1928 delta=8 target=2758562 residue=1 carry=9 root=7 common_I=(960117507257/1930018885886,324519717452867/652346383429468) next_full_lifts=3041
k=1929 delta=10 target=2069018 residue=3 carry=10 root=9 common_I=(960117507257/1930018885886,324519717452867/652346383429468) next_full_lifts=3041
k=1930 delta=12 target=1379474 residue=5 carry=11 root=11 common_I=(960117507257/1930018885886,324519717452867/652346383429468) next_full_lifts=3041
k=1932 delta=3 target=386 residue=9 carry=0 root=2 common_I=(960117507257/1930018885886,324519717452867/652346383429468) next_full_lifts=3045
k=1933 delta=5 target=4137651 residue=11 carry=1 root=4 common_I=(960117507257/1930018885886,324519717452867/652346383429468) next_full_lifts=3041
k=1934 delta=7 target=3448107 residue=0 carry=2 root=6 common_I=(960117507257/1930018885886,324519717452867/652346383429468) next_full_lifts=3042
k=1935 delta=9 target=2758563 residue=2 carry=3 root=8 common_I=(960117507257/1930018885886,324519717452867/652346383429468) next_full_lifts=3042
k=1936 delta=11 target=2069019 residue=4 carry=4 root=10 common_I=(960117507257/1930018885886,324519717452867/652346383429468) next_full_lifts=3042
k=1939 delta=4 target=387 residue=10 carry=7 root=3 common_I=(960117507257/1930018885886,324519717452867/652346383429468) next_full_lifts=3042
k=1940 delta=6 target=4137652 residue=12 carry=8 root=5 common_I=(960117507257/1930018885886,324519717452867/652346383429468) next_full_lifts=3041
k=1941 delta=8 target=3448108 residue=1 carry=9 root=7 common_I=(960117507257/1930018885886,324519717452867/652346383429468) next_full_lifts=3041
k=1942 delta=10 target=2758564 residue=3 carry=10 root=9 common_I=(960117507257/1930018885886,324519717452867/652346383429468) next_full_lifts=3041
k=1943 delta=12 target=2069020 residue=5 carry=11 root=11 common_I=(960117507257/1930018885886,324519717452867/652346383429468) next_full_lifts=3041
k=1945 delta=3 target=689932 residue=9 carry=0 root=2 common_I=(960117507257/1930018885886,324519717452867/652346383429468) next_full_lifts=3045
k=1946 delta=5 target=388 residue=11 carry=1 root=4 common_I=(960117507257/1930018885886,324519717452867/652346383429468) next_full_lifts=3041
k=1947 delta=7 target=4137653 residue=0 carry=2 root=6 common_I=(960117507257/1930018885886,324519717452867/652346383429468) next_full_lifts=3042
k=1948 delta=9 target=3448109 residue=2 carry=3 root=8 common_I=(960117507257/1930018885886,324519717452867/652346383429468) next_full_lifts=3042
k=1949 delta=11 target=2758565 residue=4 carry=4 root=10 common_I=(960117507257/1930018885886,324519717452867/652346383429468) next_full_lifts=3042
k=1952 delta=4 target=689933 residue=10 carry=7 root=3 common_I=(960117507257/1930018885886,324519717452867/652346383429468) next_full_lifts=3042
k=1953 delta=6 target=389 residue=12 carry=8 root=5 common_I=(960117507257/1930018885886,324519717452867/652346383429468) next_full_lifts=3041
k=1954 delta=8 target=4137654 residue=1 carry=9 root=7 common_I=(960117507257/1930018885886,324519717452867/652346383429468) next_full_lifts=3041
k=1955 delta=10 target=3448110 residue=3 carry=10 root=9 common_I=(960117507257/1930018885886,324519717452867/652346383429468) next_full_lifts=3041
k=1956 delta=12 target=2758566 residue=5 carry=11 root=11 common_I=(960117507257/1930018885886,324519717452867/652346383429468) next_full_lifts=3041
k=1958 delta=3 target=1379478 residue=9 carry=0 root=2 common_I=(960117507257/1930018885886,324519717452867/652346383429468) next_full_lifts=3045
k=1959 delta=5 target=689934 residue=11 carry=1 root=4 common_I=(960117507257/1930018885886,324519717452867/652346383429468) next_full_lifts=3041
k=1960 delta=7 target=390 residue=0 carry=2 root=6 common_I=(960117507257/1930018885886,324519717452867/652346383429468) next_full_lifts=3042
k=1961 delta=9 target=4137655 residue=2 carry=3 root=8 common_I=(960117507257/1930018885886,324519717452867/652346383429468) next_full_lifts=3042
k=1962 delta=11 target=3448111 residue=4 carry=4 root=10 common_I=(960117507257/1930018885886,324519717452867/652346383429468) next_full_lifts=3042
k=1965 delta=4 target=1379479 residue=10 carry=7 root=3 common_I=(960117507257/1930018885886,324519717452867/652346383429468) next_full_lifts=3042
k=1966 delta=6 target=689935 residue=12 carry=8 root=5 common_I=(960117507257/1930018885886,324519717452867/652346383429468) next_full_lifts=3041
k=1967 delta=8 target=391 residue=1 carry=9 root=7 common_I=(960117507257/1930018885886,324519717452867/652346383429468) next_full_lifts=3041
k=1968 delta=10 target=4137656 residue=3 carry=10 root=9 common_I=(960117507257/1930018885886,324519717452867/652346383429468) next_full_lifts=3041
k=1969 delta=12 target=3448112 residue=5 carry=11 root=11 common_I=(960117507257/1930018885886,324519717452867/652346383429468) next_full_lifts=3041
k=1971 delta=3 target=2069024 residue=9 carry=0 root=2 common_I=(960117507257/1930018885886,324519717452867/652346383429468) next_full_lifts=3045
k=1972 delta=5 target=1379480 residue=11 carry=1 root=4 common_I=(960117507257/1930018885886,324519717452867/652346383429468) next_full_lifts=3041
k=1973 delta=7 target=689936 residue=0 carry=2 root=6 common_I=(960117507257/1930018885886,324519717452867/652346383429468) next_full_lifts=3042
k=1974 delta=9 target=392 residue=2 carry=3 root=8 common_I=(960117507257/1930018885886,324519717452867/652346383429468) next_full_lifts=3042
k=1975 delta=11 target=4137657 residue=4 carry=4 root=10 common_I=(960117507257/1930018885886,324519717452867/652346383429468) next_full_lifts=3042
k=1978 delta=4 target=2069025 residue=10 carry=7 root=3 common_I=(960117507257/1930018885886,324519717452867/652346383429468) next_full_lifts=3042
k=1979 delta=6 target=1379481 residue=12 carry=8 root=5 common_I=(960117507257/1930018885886,324519717452867/652346383429468) next_full_lifts=3041
k=1980 delta=8 target=689937 residue=1 carry=9 root=7 common_I=(960117507257/1930018885886,324519717452867/652346383429468) next_full_lifts=3041
k=1981 delta=10 target=393 residue=3 carry=10 root=9 common_I=(960117507257/1930018885886,324519717452867/652346383429468) next_full_lifts=3041
k=1982 delta=12 target=4137658 residue=5 carry=11 root=11 common_I=(960117507257/1930018885886,324519717452867/652346383429468) next_full_lifts=3041
k=1984 delta=3 target=2758570 residue=9 carry=0 root=2 common_I=(960117507257/1930018885886,324519717452867/652346383429468) next_full_lifts=3045
k=1985 delta=5 target=2069026 residue=11 carry=1 root=4 common_I=(960117507257/1930018885886,324519717452867/652346383429468) next_full_lifts=3041
k=1986 delta=7 target=1379482 residue=0 carry=2 root=6 common_I=(960117507257/1930018885886,324519717452867/652346383429468) next_full_lifts=3042
k=1987 delta=9 target=689938 residue=2 carry=3 root=8 common_I=(960117507257/1930018885886,324519717452867/652346383429468) next_full_lifts=3042
k=1988 delta=11 target=394 residue=4 carry=4 root=10 common_I=(960117507257/1930018885886,324519717452867/652346383429468) next_full_lifts=3042
k=1991 delta=4 target=2758571 residue=10 carry=7 root=3 common_I=(960117507257/1930018885886,324519717452867/652346383429468) next_full_lifts=3042
k=1992 delta=6 target=2069027 residue=12 carry=8 root=5 common_I=(960117507257/1930018885886,324519717452867/652346383429468) next_full_lifts=3041
k=1993 delta=8 target=1379483 residue=1 carry=9 root=7 common_I=(960117507257/1930018885886,324519717452867/652346383429468) next_full_lifts=3041
k=1994 delta=10 target=689939 residue=3 carry=10 root=9 common_I=(960117507257/1930018885886,324519717452867/652346383429468) next_full_lifts=3041
k=1995 delta=12 target=395 residue=5 carry=11 root=11 common_I=(960117507257/1930018885886,324519717452867/652346383429468) next_full_lifts=3041
k=1997 delta=3 target=3448116 residue=9 carry=0 root=2 common_I=(960117507257/1930018885886,324519717452867/652346383429468) next_full_lifts=3045
k=1998 delta=5 target=2758572 residue=11 carry=1 root=4 common_I=(960117507257/1930018885886,324519717452867/652346383429468) next_full_lifts=3041
k=1999 delta=7 target=2069028 residue=0 carry=2 root=6 common_I=(960117507257/1930018885886,324519717452867/652346383429468) next_full_lifts=3042
k=2000 delta=9 target=1379484 residue=2 carry=3 root=8 common_I=(960117507257/1930018885886,324519717452867/652346383429468) next_full_lifts=3042
k=2001 delta=11 target=689940 residue=4 carry=4 root=10 common_I=(960117507257/1930018885886,324519717452867/652346383429468) next_full_lifts=3042
k=2004 delta=4 target=3448117 residue=10 carry=7 root=3 common_I=(960117507257/1930018885886,324519717452867/652346383429468) next_full_lifts=3042
k=2005 delta=6 target=2758573 residue=12 carry=8 root=5 common_I=(960117507257/1930018885886,324519717452867/652346383429468) next_full_lifts=3041
k=2006 delta=8 target=2069029 residue=1 carry=9 root=7 common_I=(960117507257/1930018885886,324519717452867/652346383429468) next_full_lifts=3041
k=2007 delta=10 target=1379485 residue=3 carry=10 root=9 common_I=(960117507257/1930018885886,324519717452867/652346383429468) next_full_lifts=3041
k=2008 delta=12 target=689941 residue=5 carry=11 root=11 common_I=(960117507257/1930018885886,324519717452867/652346383429468) next_full_lifts=3041
k=2010 delta=3 target=4137662 residue=9 carry=0 root=2 common_I=(960117507257/1930018885886,324519717452867/652346383429468) next_full_lifts=3045
k=2011 delta=5 target=3448118 residue=11 carry=1 root=4 common_I=(960117507257/1930018885886,324519717452867/652346383429468) next_full_lifts=3041
k=2012 delta=7 target=2758574 residue=0 carry=2 root=6 common_I=(960117507257/1930018885886,324519717452867/652346383429468) next_full_lifts=3042
k=2013 delta=9 target=2069030 residue=2 carry=3 root=8 common_I=(960117507257/1930018885886,324519717452867/652346383429468) next_full_lifts=3042
k=2014 delta=11 target=1379486 residue=4 carry=4 root=10 common_I=(960117507257/1930018885886,324519717452867/652346383429468) next_full_lifts=3042
k=2017 delta=4 target=4137663 residue=10 carry=7 root=3 common_I=(960117507257/1930018885886,324519717452867/652346383429468) next_full_lifts=3042
k=2018 delta=6 target=3448119 residue=12 carry=8 root=5 common_I=(960117507257/1930018885886,324519717452867/652346383429468) next_full_lifts=3041
k=2019 delta=8 target=2758575 residue=1 carry=9 root=7 common_I=(960117507257/1930018885886,324519717452867/652346383429468) next_full_lifts=3041
k=2020 delta=10 target=2069031 residue=3 carry=10 root=9 common_I=(960117507257/1930018885886,324519717452867/652346383429468) next_full_lifts=3041
k=2021 delta=12 target=1379487 residue=5 carry=11 root=11 common_I=(960117507257/1930018885886,324519717452867/652346383429468) next_full_lifts=3041
k=2023 delta=3 target=399 residue=9 carry=0 root=2 common_I=(960117507257/1930018885886,324519717452867/652346383429468) next_full_lifts=3045
k=2024 delta=5 target=4137664 residue=11 carry=1 root=4 common_I=(960117507257/1930018885886,324519717452867/652346383429468) next_full_lifts=3041
k=2025 delta=7 target=3448120 residue=0 carry=2 root=6 common_I=(960117507257/1930018885886,324519717452867/652346383429468) next_full_lifts=3042
k=2026 delta=9 target=2758576 residue=2 carry=3 root=8 common_I=(960117507257/1930018885886,324519717452867/652346383429468) next_full_lifts=3042
k=2027 delta=11 target=2069032 residue=4 carry=4 root=10 common_I=(960117507257/1930018885886,324519717452867/652346383429468) next_full_lifts=3042
k=2030 delta=4 target=400 residue=10 carry=7 root=3 common_I=(960117507257/1930018885886,324519717452867/652346383429468) next_full_lifts=3042
k=2031 delta=6 target=4137665 residue=12 carry=8 root=5 common_I=(960117507257/1930018885886,324519717452867/652346383429468) next_full_lifts=3041
k=2032 delta=8 target=3448121 residue=1 carry=9 root=7 common_I=(960117507257/1930018885886,324519717452867/652346383429468) next_full_lifts=3041
k=2033 delta=10 target=2758577 residue=3 carry=10 root=9 common_I=(960117507257/1930018885886,324519717452867/652346383429468) next_full_lifts=3041
k=2034 delta=12 target=2069033 residue=5 carry=11 root=11 common_I=(960117507257/1930018885886,324519717452867/652346383429468) next_full_lifts=3041
k=2036 delta=3 target=689945 residue=9 carry=0 root=2 common_I=(960117507257/1930018885886,324519717452867/652346383429468) next_full_lifts=3045
k=2037 delta=5 target=401 residue=11 carry=1 root=4 common_I=(960117507257/1930018885886,324519717452867/652346383429468) next_full_lifts=3041
k=2038 delta=7 target=4137666 residue=0 carry=2 root=6 common_I=(960117507257/1930018885886,324519717452867/652346383429468) next_full_lifts=3042
k=2039 delta=9 target=3448122 residue=2 carry=3 root=8 common_I=(960117507257/1930018885886,324519717452867/652346383429468) next_full_lifts=3042
k=2040 delta=11 target=2758578 residue=4 carry=4 root=10 common_I=(960117507257/1930018885886,324519717452867/652346383429468) next_full_lifts=3042
k=2043 delta=4 target=689946 residue=10 carry=7 root=3 common_I=(960117507257/1930018885886,324519717452867/652346383429468) next_full_lifts=3042
k=2044 delta=6 target=402 residue=12 carry=8 root=5 common_I=(960117507257/1930018885886,324519717452867/652346383429468) next_full_lifts=3041
k=2045 delta=8 target=4137667 residue=1 carry=9 root=7 common_I=(960117507257/1930018885886,324519717452867/652346383429468) next_full_lifts=3041
k=2046 delta=10 target=3448123 residue=3 carry=10 root=9 common_I=(960117507257/1930018885886,324519717452867/652346383429468) next_full_lifts=3041
k=2047 delta=12 target=2758579 residue=5 carry=11 root=11 common_I=(960117507257/1930018885886,324519717452867/652346383429468) next_full_lifts=3041
k=2049 delta=3 target=1379491 residue=9 carry=0 root=2 common_I=(960117507257/1930018885886,324519717452867/652346383429468) next_full_lifts=3045
k=2050 delta=5 target=689947 residue=11 carry=1 root=4 common_I=(960117507257/1930018885886,324519717452867/652346383429468) next_full_lifts=3041
k=2051 delta=7 target=403 residue=0 carry=2 root=6 common_I=(960117507257/1930018885886,324519717452867/652346383429468) next_full_lifts=3042
k=2052 delta=9 target=4137668 residue=2 carry=3 root=8 common_I=(960117507257/1930018885886,324519717452867/652346383429468) next_full_lifts=3042
k=2053 delta=11 target=3448124 residue=4 carry=4 root=10 common_I=(960117507257/1930018885886,324519717452867/652346383429468) next_full_lifts=3042
k=2056 delta=4 target=1379492 residue=10 carry=7 root=3 common_I=(960117507257/1930018885886,324519717452867/652346383429468) next_full_lifts=3042
k=2057 delta=6 target=689948 residue=12 carry=8 root=5 common_I=(960117507257/1930018885886,324519717452867/652346383429468) next_full_lifts=3041
k=2058 delta=8 target=404 residue=1 carry=9 root=7 common_I=(960117507257/1930018885886,324519717452867/652346383429468) next_full_lifts=3041
k=2059 delta=10 target=4137669 residue=3 carry=10 root=9 common_I=(960117507257/1930018885886,324519717452867/652346383429468) next_full_lifts=3041
k=2060 delta=12 target=3448125 residue=5 carry=11 root=11 common_I=(960117507257/1930018885886,324519717452867/652346383429468) next_full_lifts=3041
k=2062 delta=3 target=2069037 residue=9 carry=0 root=2 common_I=(960117507257/1930018885886,324519717452867/652346383429468) next_full_lifts=3045
k=2063 delta=5 target=1379493 residue=11 carry=1 root=4 common_I=(960117507257/1930018885886,324519717452867/652346383429468) next_full_lifts=3041
k=2064 delta=7 target=689949 residue=0 carry=2 root=6 common_I=(960117507257/1930018885886,324519717452867/652346383429468) next_full_lifts=3042
k=2065 delta=9 target=405 residue=2 carry=3 root=8 common_I=(960117507257/1930018885886,324519717452867/652346383429468) next_full_lifts=3042
k=2066 delta=11 target=4137670 residue=4 carry=4 root=10 common_I=(960117507257/1930018885886,324519717452867/652346383429468) next_full_lifts=3042
k=2069 delta=4 target=2069038 residue=10 carry=7 root=3 common_I=(960117507257/1930018885886,324519717452867/652346383429468) next_full_lifts=3042
k=2070 delta=6 target=1379494 residue=12 carry=8 root=5 common_I=(960117507257/1930018885886,324519717452867/652346383429468) next_full_lifts=3041
k=2071 delta=8 target=689950 residue=1 carry=9 root=7 common_I=(960117507257/1930018885886,324519717452867/652346383429468) next_full_lifts=3041
k=2072 delta=10 target=406 residue=3 carry=10 root=9 common_I=(960117507257/1930018885886,324519717452867/652346383429468) next_full_lifts=3041
k=2073 delta=12 target=4137671 residue=5 carry=11 root=11 common_I=(960117507257/1930018885886,324519717452867/652346383429468) next_full_lifts=3041
k=2075 delta=3 target=2758583 residue=9 carry=0 root=2 common_I=(960117507257/1930018885886,324519717452867/652346383429468) next_full_lifts=3045
k=2076 delta=5 target=2069039 residue=11 carry=1 root=4 common_I=(960117507257/1930018885886,324519717452867/652346383429468) next_full_lifts=3041
k=2077 delta=7 target=1379495 residue=0 carry=2 root=6 common_I=(960117507257/1930018885886,324519717452867/652346383429468) next_full_lifts=3042
k=2078 delta=9 target=689951 residue=2 carry=3 root=8 common_I=(960117507257/1930018885886,324519717452867/652346383429468) next_full_lifts=3042
k=2079 delta=11 target=407 residue=4 carry=4 root=10 common_I=(960117507257/1930018885886,324519717452867/652346383429468) next_full_lifts=3042
k=2082 delta=4 target=2758584 residue=10 carry=7 root=3 common_I=(960117507257/1930018885886,324519717452867/652346383429468) next_full_lifts=3042
k=2083 delta=6 target=2069040 residue=12 carry=8 root=5 common_I=(960117507257/1930018885886,324519717452867/652346383429468) next_full_lifts=3041
k=2084 delta=8 target=1379496 residue=1 carry=9 root=7 common_I=(960117507257/1930018885886,324519717452867/652346383429468) next_full_lifts=3041
k=2085 delta=10 target=689952 residue=3 carry=10 root=9 common_I=(960117507257/1930018885886,324519717452867/652346383429468) next_full_lifts=3041
k=2086 delta=12 target=408 residue=5 carry=11 root=11 common_I=(960117507257/1930018885886,324519717452867/652346383429468) next_full_lifts=3041
k=2088 delta=3 target=3448129 residue=9 carry=0 root=2 common_I=(960117507257/1930018885886,324519717452867/652346383429468) next_full_lifts=3045
k=2089 delta=5 target=2758585 residue=11 carry=1 root=4 common_I=(960117507257/1930018885886,324519717452867/652346383429468) next_full_lifts=3041
k=2090 delta=7 target=2069041 residue=0 carry=2 root=6 common_I=(960117507257/1930018885886,324519717452867/652346383429468) next_full_lifts=3042
k=2091 delta=9 target=1379497 residue=2 carry=3 root=8 common_I=(960117507257/1930018885886,324519717452867/652346383429468) next_full_lifts=3042
k=2092 delta=11 target=689953 residue=4 carry=4 root=10 common_I=(960117507257/1930018885886,324519717452867/652346383429468) next_full_lifts=3042
k=2095 delta=4 target=3448130 residue=10 carry=7 root=3 common_I=(960117507257/1930018885886,324519717452867/652346383429468) next_full_lifts=3042
k=2096 delta=6 target=2758586 residue=12 carry=8 root=5 common_I=(960117507257/1930018885886,324519717452867/652346383429468) next_full_lifts=3041
k=2097 delta=8 target=2069042 residue=1 carry=9 root=7 common_I=(960117507257/1930018885886,324519717452867/652346383429468) next_full_lifts=3041
k=2098 delta=10 target=1379498 residue=3 carry=10 root=9 common_I=(960117507257/1930018885886,324519717452867/652346383429468) next_full_lifts=3041
k=2099 delta=12 target=689954 residue=5 carry=11 root=11 common_I=(960117507257/1930018885886,324519717452867/652346383429468) next_full_lifts=3041
k=2101 delta=3 target=4137675 residue=9 carry=0 root=2 common_I=(960117507257/1930018885886,324519717452867/652346383429468) next_full_lifts=3045
k=2102 delta=5 target=3448131 residue=11 carry=1 root=4 common_I=(960117507257/1930018885886,324519717452867/652346383429468) next_full_lifts=3041
k=2103 delta=7 target=2758587 residue=0 carry=2 root=6 common_I=(960117507257/1930018885886,324519717452867/652346383429468) next_full_lifts=3042
k=2104 delta=9 target=2069043 residue=2 carry=3 root=8 common_I=(960117507257/1930018885886,324519717452867/652346383429468) next_full_lifts=3042
k=2105 delta=11 target=1379499 residue=4 carry=4 root=10 common_I=(960117507257/1930018885886,324519717452867/652346383429468) next_full_lifts=3042
k=2108 delta=4 target=4137676 residue=10 carry=7 root=3 common_I=(960117507257/1930018885886,324519717452867/652346383429468) next_full_lifts=3042
k=2109 delta=6 target=3448132 residue=12 carry=8 root=5 common_I=(960117507257/1930018885886,324519717452867/652346383429468) next_full_lifts=3041
k=2110 delta=8 target=2758588 residue=1 carry=9 root=7 common_I=(960117507257/1930018885886,324519717452867/652346383429468) next_full_lifts=3041
k=2111 delta=10 target=2069044 residue=3 carry=10 root=9 common_I=(960117507257/1930018885886,324519717452867/652346383429468) next_full_lifts=3041
k=2112 delta=12 target=1379500 residue=5 carry=11 root=11 common_I=(960117507257/1930018885886,324519717452867/652346383429468) next_full_lifts=3041
k=2114 delta=3 target=412 residue=9 carry=0 root=2 common_I=(960117507257/1930018885886,324519717452867/652346383429468) next_full_lifts=3045
k=2115 delta=5 target=4137677 residue=11 carry=1 root=4 common_I=(960117507257/1930018885886,324519717452867/652346383429468) next_full_lifts=3041
k=2116 delta=7 target=3448133 residue=0 carry=2 root=6 common_I=(960117507257/1930018885886,324519717452867/652346383429468) next_full_lifts=3042
k=2117 delta=9 target=2758589 residue=2 carry=3 root=8 common_I=(960117507257/1930018885886,324519717452867/652346383429468) next_full_lifts=3042
k=2118 delta=11 target=2069045 residue=4 carry=4 root=10 common_I=(960117507257/1930018885886,324519717452867/652346383429468) next_full_lifts=3042
k=2121 delta=4 target=413 residue=10 carry=7 root=3 common_I=(960117507257/1930018885886,324519717452867/652346383429468) next_full_lifts=3042
k=2122 delta=6 target=4137678 residue=12 carry=8 root=5 common_I=(960117507257/1930018885886,324519717452867/652346383429468) next_full_lifts=3041
k=2123 delta=8 target=3448134 residue=1 carry=9 root=7 common_I=(960117507257/1930018885886,324519717452867/652346383429468) next_full_lifts=3041
k=2124 delta=10 target=2758590 residue=3 carry=10 root=9 common_I=(960117507257/1930018885886,324519717452867/652346383429468) next_full_lifts=3041
k=2125 delta=12 target=2069046 residue=5 carry=11 root=11 common_I=(960117507257/1930018885886,324519717452867/652346383429468) next_full_lifts=3041
k=2127 delta=3 target=689958 residue=9 carry=0 root=2 common_I=(960117507257/1930018885886,324519717452867/652346383429468) next_full_lifts=3045
k=2128 delta=5 target=414 residue=11 carry=1 root=4 common_I=(960117507257/1930018885886,324519717452867/652346383429468) next_full_lifts=3041
k=2129 delta=7 target=4137679 residue=0 carry=2 root=6 common_I=(960117507257/1930018885886,324519717452867/652346383429468) next_full_lifts=3042
k=2130 delta=9 target=3448135 residue=2 carry=3 root=8 common_I=(960117507257/1930018885886,324519717452867/652346383429468) next_full_lifts=3042
k=2131 delta=11 target=2758591 residue=4 carry=4 root=10 common_I=(960117507257/1930018885886,324519717452867/652346383429468) next_full_lifts=3042
k=2134 delta=4 target=689959 residue=10 carry=7 root=3 common_I=(960117507257/1930018885886,324519717452867/652346383429468) next_full_lifts=3042
k=2135 delta=6 target=415 residue=12 carry=8 root=5 common_I=(960117507257/1930018885886,324519717452867/652346383429468) next_full_lifts=3041
k=2136 delta=8 target=4137680 residue=1 carry=9 root=7 common_I=(960117507257/1930018885886,324519717452867/652346383429468) next_full_lifts=3041
k=2137 delta=10 target=3448136 residue=3 carry=10 root=9 common_I=(960117507257/1930018885886,324519717452867/652346383429468) next_full_lifts=3041
k=2138 delta=12 target=2758592 residue=5 carry=11 root=11 common_I=(960117507257/1930018885886,324519717452867/652346383429468) next_full_lifts=3041
k=2140 delta=3 target=1379504 residue=9 carry=0 root=2 common_I=(960117507257/1930018885886,324519717452867/652346383429468) next_full_lifts=3045
k=2141 delta=5 target=689960 residue=11 carry=1 root=4 common_I=(960117507257/1930018885886,324519717452867/652346383429468) next_full_lifts=3041
k=2142 delta=7 target=416 residue=0 carry=2 root=6 common_I=(960117507257/1930018885886,324519717452867/652346383429468) next_full_lifts=3042
k=2143 delta=9 target=4137681 residue=2 carry=3 root=8 common_I=(960117507257/1930018885886,324519717452867/652346383429468) next_full_lifts=3042
k=2144 delta=11 target=3448137 residue=4 carry=4 root=10 common_I=(960117507257/1930018885886,324519717452867/652346383429468) next_full_lifts=3042
k=2147 delta=4 target=1379505 residue=10 carry=7 root=3 common_I=(960117507257/1930018885886,324519717452867/652346383429468) next_full_lifts=3042
k=2148 delta=6 target=689961 residue=12 carry=8 root=5 common_I=(960117507257/1930018885886,324519717452867/652346383429468) next_full_lifts=3041
k=2149 delta=8 target=417 residue=1 carry=9 root=7 common_I=(960117507257/1930018885886,324519717452867/652346383429468) next_full_lifts=3041
k=2150 delta=10 target=4137682 residue=3 carry=10 root=9 common_I=(960117507257/1930018885886,324519717452867/652346383429468) next_full_lifts=3041
k=2151 delta=12 target=3448138 residue=5 carry=11 root=11 common_I=(960117507257/1930018885886,324519717452867/652346383429468) next_full_lifts=3041
k=2153 delta=3 target=2069050 residue=9 carry=0 root=2 common_I=(960117507257/1930018885886,324519717452867/652346383429468) next_full_lifts=3045
k=2154 delta=5 target=1379506 residue=11 carry=1 root=4 common_I=(960117507257/1930018885886,324519717452867/652346383429468) next_full_lifts=3041
k=2155 delta=7 target=689962 residue=0 carry=2 root=6 common_I=(960117507257/1930018885886,324519717452867/652346383429468) next_full_lifts=3042
k=2156 delta=9 target=418 residue=2 carry=3 root=8 common_I=(960117507257/1930018885886,324519717452867/652346383429468) next_full_lifts=3042
k=2157 delta=11 target=4137683 residue=4 carry=4 root=10 common_I=(960117507257/1930018885886,324519717452867/652346383429468) next_full_lifts=3042
k=2160 delta=4 target=2069051 residue=10 carry=7 root=3 common_I=(960117507257/1930018885886,324519717452867/652346383429468) next_full_lifts=3042
k=2161 delta=6 target=1379507 residue=12 carry=8 root=5 common_I=(960117507257/1930018885886,324519717452867/652346383429468) next_full_lifts=3041
k=2162 delta=8 target=689963 residue=1 carry=9 root=7 common_I=(960117507257/1930018885886,324519717452867/652346383429468) next_full_lifts=3041
k=2163 delta=10 target=419 residue=3 carry=10 root=9 common_I=(960117507257/1930018885886,324519717452867/652346383429468) next_full_lifts=3041
k=2164 delta=12 target=4137684 residue=5 carry=11 root=11 common_I=(960117507257/1930018885886,324519717452867/652346383429468) next_full_lifts=3041
k=2166 delta=3 target=2758596 residue=9 carry=0 root=2 common_I=(960117507257/1930018885886,324519717452867/652346383429468) next_full_lifts=3045
k=2167 delta=5 target=2069052 residue=11 carry=1 root=4 common_I=(960117507257/1930018885886,324519717452867/652346383429468) next_full_lifts=3041
k=2168 delta=7 target=1379508 residue=0 carry=2 root=6 common_I=(960117507257/1930018885886,324519717452867/652346383429468) next_full_lifts=3042
k=2169 delta=9 target=689964 residue=2 carry=3 root=8 common_I=(960117507257/1930018885886,324519717452867/652346383429468) next_full_lifts=3042
k=2170 delta=11 target=420 residue=4 carry=4 root=10 common_I=(960117507257/1930018885886,324519717452867/652346383429468) next_full_lifts=3042
k=2173 delta=4 target=2758597 residue=10 carry=7 root=3 common_I=(960117507257/1930018885886,324519717452867/652346383429468) next_full_lifts=3042
k=2174 delta=6 target=2069053 residue=12 carry=8 root=5 common_I=(960117507257/1930018885886,324519717452867/652346383429468) next_full_lifts=3041
k=2175 delta=8 target=1379509 residue=1 carry=9 root=7 common_I=(960117507257/1930018885886,324519717452867/652346383429468) next_full_lifts=3041
k=2176 delta=10 target=689965 residue=3 carry=10 root=9 common_I=(960117507257/1930018885886,324519717452867/652346383429468) next_full_lifts=3041
k=2177 delta=12 target=421 residue=5 carry=11 root=11 common_I=(960117507257/1930018885886,324519717452867/652346383429468) next_full_lifts=3041
k=2179 delta=3 target=3448142 residue=9 carry=0 root=2 common_I=(960117507257/1930018885886,324519717452867/652346383429468) next_full_lifts=3045
k=2180 delta=5 target=2758598 residue=11 carry=1 root=4 common_I=(960117507257/1930018885886,324519717452867/652346383429468) next_full_lifts=3041
k=2181 delta=7 target=2069054 residue=0 carry=2 root=6 common_I=(960117507257/1930018885886,324519717452867/652346383429468) next_full_lifts=3042
k=2182 delta=9 target=1379510 residue=2 carry=3 root=8 common_I=(960117507257/1930018885886,324519717452867/652346383429468) next_full_lifts=3042
k=2183 delta=11 target=689966 residue=4 carry=4 root=10 common_I=(960117507257/1930018885886,324519717452867/652346383429468) next_full_lifts=3042
k=2186 delta=4 target=3448143 residue=10 carry=7 root=3 common_I=(960117507257/1930018885886,324519717452867/652346383429468) next_full_lifts=3042
k=2187 delta=6 target=2758599 residue=12 carry=8 root=5 common_I=(960117507257/1930018885886,324519717452867/652346383429468) next_full_lifts=3041
k=2188 delta=8 target=2069055 residue=1 carry=9 root=7 common_I=(960117507257/1930018885886,324519717452867/652346383429468) next_full_lifts=3041
k=2189 delta=10 target=1379511 residue=3 carry=10 root=9 common_I=(960117507257/1930018885886,324519717452867/652346383429468) next_full_lifts=3041
k=2190 delta=12 target=689967 residue=5 carry=11 root=11 common_I=(960117507257/1930018885886,324519717452867/652346383429468) next_full_lifts=3041
k=2192 delta=3 target=4137688 residue=9 carry=0 root=2 common_I=(960117507257/1930018885886,324519717452867/652346383429468) next_full_lifts=3045
k=2193 delta=5 target=3448144 residue=11 carry=1 root=4 common_I=(960117507257/1930018885886,324519717452867/652346383429468) next_full_lifts=3041
k=2194 delta=7 target=2758600 residue=0 carry=2 root=6 common_I=(960117507257/1930018885886,324519717452867/652346383429468) next_full_lifts=3042
k=2195 delta=9 target=2069056 residue=2 carry=3 root=8 common_I=(960117507257/1930018885886,324519717452867/652346383429468) next_full_lifts=3042
k=2196 delta=11 target=1379512 residue=4 carry=4 root=10 common_I=(960117507257/1930018885886,324519717452867/652346383429468) next_full_lifts=3042
k=2199 delta=4 target=4137689 residue=10 carry=7 root=3 common_I=(960117507257/1930018885886,324519717452867/652346383429468) next_full_lifts=3042
k=2200 delta=6 target=3448145 residue=12 carry=8 root=5 common_I=(960117507257/1930018885886,324519717452867/652346383429468) next_full_lifts=3041
k=2201 delta=8 target=2758601 residue=1 carry=9 root=7 common_I=(960117507257/1930018885886,324519717452867/652346383429468) next_full_lifts=3041
k=2202 delta=10 target=2069057 residue=3 carry=10 root=9 common_I=(960117507257/1930018885886,324519717452867/652346383429468) next_full_lifts=3041
k=2203 delta=12 target=1379513 residue=5 carry=11 root=11 common_I=(960117507257/1930018885886,324519717452867/652346383429468) next_full_lifts=3041
k=2205 delta=3 target=425 residue=9 carry=0 root=2 common_I=(960117507257/1930018885886,324519717452867/652346383429468) next_full_lifts=3045
k=2206 delta=5 target=4137690 residue=11 carry=1 root=4 common_I=(960117507257/1930018885886,324519717452867/652346383429468) next_full_lifts=3041
k=2207 delta=7 target=3448146 residue=0 carry=2 root=6 common_I=(960117507257/1930018885886,324519717452867/652346383429468) next_full_lifts=3042
k=2208 delta=9 target=2758602 residue=2 carry=3 root=8 common_I=(960117507257/1930018885886,324519717452867/652346383429468) next_full_lifts=3042
k=2209 delta=11 target=2069058 residue=4 carry=4 root=10 common_I=(960117507257/1930018885886,324519717452867/652346383429468) next_full_lifts=3042
k=2212 delta=4 target=426 residue=10 carry=7 root=3 common_I=(960117507257/1930018885886,324519717452867/652346383429468) next_full_lifts=3042
k=2213 delta=6 target=4137691 residue=12 carry=8 root=5 common_I=(960117507257/1930018885886,324519717452867/652346383429468) next_full_lifts=3041
k=2214 delta=8 target=3448147 residue=1 carry=9 root=7 common_I=(960117507257/1930018885886,324519717452867/652346383429468) next_full_lifts=3041
k=2215 delta=10 target=2758603 residue=3 carry=10 root=9 common_I=(960117507257/1930018885886,324519717452867/652346383429468) next_full_lifts=3041
k=2216 delta=12 target=2069059 residue=5 carry=11 root=11 common_I=(960117507257/1930018885886,324519717452867/652346383429468) next_full_lifts=3041
k=2531 delta=5 target=2069104 residue=11 carry=1 root=4 common_I=(960117507257/1930018885886,324519717452867/652346383429468) next_full_lifts=3041
k=2532 delta=7 target=1379560 residue=0 carry=2 root=6 common_I=(960117507257/1930018885886,324519717452867/652346383429468) next_full_lifts=3042
k=2533 delta=9 target=690016 residue=2 carry=3 root=8 common_I=(960117507257/1930018885886,324519717452867/652346383429468) next_full_lifts=3042
k=2534 delta=11 target=472 residue=4 carry=4 root=10 common_I=(960117507257/1930018885886,324519717452867/652346383429468) next_full_lifts=3042
k=2537 delta=4 target=2758649 residue=10 carry=7 root=3 common_I=(960117507257/1930018885886,324519717452867/652346383429468) next_full_lifts=3042
k=2538 delta=6 target=2069105 residue=12 carry=8 root=5 common_I=(960117507257/1930018885886,324519717452867/652346383429468) next_full_lifts=3041
k=2539 delta=8 target=1379561 residue=1 carry=9 root=7 common_I=(960117507257/1930018885886,324519717452867/652346383429468) next_full_lifts=3041
k=2540 delta=10 target=690017 residue=3 carry=10 root=9 common_I=(960117507257/1930018885886,324519717452867/652346383429468) next_full_lifts=3041
k=2541 delta=12 target=473 residue=5 carry=11 root=11 common_I=(960117507257/1930018885886,324519717452867/652346383429468) next_full_lifts=3041
k=2543 delta=3 target=3448194 residue=9 carry=0 root=2 common_I=(960117507257/1930018885886,324519717452867/652346383429468) next_full_lifts=3045
k=2544 delta=5 target=2758650 residue=11 carry=1 root=4 common_I=(960117507257/1930018885886,324519717452867/652346383429468) next_full_lifts=3041
k=2545 delta=7 target=2069106 residue=0 carry=2 root=6 common_I=(960117507257/1930018885886,324519717452867/652346383429468) next_full_lifts=3042
k=2546 delta=9 target=1379562 residue=2 carry=3 root=8 common_I=(960117507257/1930018885886,324519717452867/652346383429468) next_full_lifts=3042
k=2547 delta=11 target=690018 residue=4 carry=4 root=10 common_I=(960117507257/1930018885886,324519717452867/652346383429468) next_full_lifts=3042
k=2550 delta=4 target=3448195 residue=10 carry=7 root=3 common_I=(960117507257/1930018885886,324519717452867/652346383429468) next_full_lifts=3042
k=2551 delta=6 target=2758651 residue=12 carry=8 root=5 common_I=(960117507257/1930018885886,324519717452867/652346383429468) next_full_lifts=3041
k=2552 delta=8 target=2069107 residue=1 carry=9 root=7 common_I=(960117507257/1930018885886,324519717452867/652346383429468) next_full_lifts=3041
k=2553 delta=10 target=1379563 residue=3 carry=10 root=9 common_I=(960117507257/1930018885886,324519717452867/652346383429468) next_full_lifts=3041
k=2554 delta=12 target=690019 residue=5 carry=11 root=11 common_I=(960117507257/1930018885886,324519717452867/652346383429468) next_full_lifts=3041
k=2556 delta=3 target=4137740 residue=9 carry=0 root=2 common_I=(960117507257/1930018885886,324519717452867/652346383429468) next_full_lifts=3045
k=2557 delta=5 target=3448196 residue=11 carry=1 root=4 common_I=(960117507257/1930018885886,324519717452867/652346383429468) next_full_lifts=3041
k=2558 delta=7 target=2758652 residue=0 carry=2 root=6 common_I=(960117507257/1930018885886,324519717452867/652346383429468) next_full_lifts=3042
k=2559 delta=9 target=2069108 residue=2 carry=3 root=8 common_I=(960117507257/1930018885886,324519717452867/652346383429468) next_full_lifts=3042
k=2560 delta=11 target=1379564 residue=4 carry=4 root=10 common_I=(960117507257/1930018885886,324519717452867/652346383429468) next_full_lifts=3042
k=2563 delta=4 target=4137741 residue=10 carry=7 root=3 common_I=(960117507257/1930018885886,324519717452867/652346383429468) next_full_lifts=3042
k=2564 delta=6 target=3448197 residue=12 carry=8 root=5 common_I=(960117507257/1930018885886,324519717452867/652346383429468) next_full_lifts=3041
k=2565 delta=8 target=2758653 residue=1 carry=9 root=7 common_I=(960117507257/1930018885886,324519717452867/652346383429468) next_full_lifts=3041
k=2566 delta=10 target=2069109 residue=3 carry=10 root=9 common_I=(960117507257/1930018885886,324519717452867/652346383429468) next_full_lifts=3041
k=2567 delta=12 target=1379565 residue=5 carry=11 root=11 common_I=(960117507257/1930018885886,324519717452867/652346383429468) next_full_lifts=3041
k=2569 delta=3 target=477 residue=9 carry=0 root=2 common_I=(960117507257/1930018885886,324519717452867/652346383429468) next_full_lifts=3045
k=2570 delta=5 target=4137742 residue=11 carry=1 root=4 common_I=(960117507257/1930018885886,324519717452867/652346383429468) next_full_lifts=3041
k=2571 delta=7 target=3448198 residue=0 carry=2 root=6 common_I=(960117507257/1930018885886,324519717452867/652346383429468) next_full_lifts=3042
k=2572 delta=9 target=2758654 residue=2 carry=3 root=8 common_I=(960117507257/1930018885886,324519717452867/652346383429468) next_full_lifts=3042
k=2573 delta=11 target=2069110 residue=4 carry=4 root=10 common_I=(960117507257/1930018885886,324519717452867/652346383429468) next_full_lifts=3042
k=2576 delta=4 target=478 residue=10 carry=7 root=3 common_I=(960117507257/1930018885886,324519717452867/652346383429468) next_full_lifts=3042
k=2577 delta=6 target=4137743 residue=12 carry=8 root=5 common_I=(960117507257/1930018885886,324519717452867/652346383429468) next_full_lifts=3041
k=2578 delta=8 target=3448199 residue=1 carry=9 root=7 common_I=(960117507257/1930018885886,324519717452867/652346383429468) next_full_lifts=3041
k=2579 delta=10 target=2758655 residue=3 carry=10 root=9 common_I=(960117507257/1930018885886,324519717452867/652346383429468) next_full_lifts=3041
k=2580 delta=12 target=2069111 residue=5 carry=11 root=11 common_I=(960117507257/1930018885886,324519717452867/652346383429468) next_full_lifts=3041
k=2582 delta=3 target=690023 residue=9 carry=0 root=2 common_I=(960117507257/1930018885886,324519717452867/652346383429468) next_full_lifts=3045
k=2583 delta=5 target=479 residue=11 carry=1 root=4 common_I=(960117507257/1930018885886,324519717452867/652346383429468) next_full_lifts=3041
k=2584 delta=7 target=4137744 residue=0 carry=2 root=6 common_I=(960117507257/1930018885886,324519717452867/652346383429468) next_full_lifts=3042
k=2585 delta=9 target=3448200 residue=2 carry=3 root=8 common_I=(960117507257/1930018885886,324519717452867/652346383429468) next_full_lifts=3042
k=2586 delta=11 target=2758656 residue=4 carry=4 root=10 common_I=(960117507257/1930018885886,324519717452867/652346383429468) next_full_lifts=3042
k=2589 delta=4 target=690024 residue=10 carry=7 root=3 common_I=(960117507257/1930018885886,324519717452867/652346383429468) next_full_lifts=3042
k=2590 delta=6 target=480 residue=12 carry=8 root=5 common_I=(960117507257/1930018885886,324519717452867/652346383429468) next_full_lifts=3041
k=2591 delta=8 target=4137745 residue=1 carry=9 root=7 common_I=(960117507257/1930018885886,324519717452867/652346383429468) next_full_lifts=3041
k=2592 delta=10 target=3448201 residue=3 carry=10 root=9 common_I=(960117507257/1930018885886,324519717452867/652346383429468) next_full_lifts=3041
k=2593 delta=12 target=2758657 residue=5 carry=11 root=11 common_I=(960117507257/1930018885886,324519717452867/652346383429468) next_full_lifts=3041
k=2595 delta=3 target=1379569 residue=9 carry=0 root=2 common_I=(960117507257/1930018885886,324519717452867/652346383429468) next_full_lifts=3045
k=2596 delta=5 target=690025 residue=11 carry=1 root=4 common_I=(960117507257/1930018885886,324519717452867/652346383429468) next_full_lifts=3041
k=2597 delta=7 target=481 residue=0 carry=2 root=6 common_I=(960117507257/1930018885886,324519717452867/652346383429468) next_full_lifts=3042
k=2598 delta=9 target=4137746 residue=2 carry=3 root=8 common_I=(960117507257/1930018885886,324519717452867/652346383429468) next_full_lifts=3042
k=2599 delta=11 target=3448202 residue=4 carry=4 root=10 common_I=(960117507257/1930018885886,324519717452867/652346383429468) next_full_lifts=3042
k=2602 delta=4 target=1379570 residue=10 carry=7 root=3 common_I=(960117507257/1930018885886,324519717452867/652346383429468) next_full_lifts=3042
k=2603 delta=6 target=690026 residue=12 carry=8 root=5 common_I=(960117507257/1930018885886,324519717452867/652346383429468) next_full_lifts=3041
k=2604 delta=8 target=482 residue=1 carry=9 root=7 common_I=(960117507257/1930018885886,324519717452867/652346383429468) next_full_lifts=3041
k=2605 delta=10 target=4137747 residue=3 carry=10 root=9 common_I=(960117507257/1930018885886,324519717452867/652346383429468) next_full_lifts=3041
k=2606 delta=12 target=3448203 residue=5 carry=11 root=11 common_I=(960117507257/1930018885886,324519717452867/652346383429468) next_full_lifts=3041
k=2608 delta=3 target=2069115 residue=9 carry=0 root=2 common_I=(960117507257/1930018885886,324519717452867/652346383429468) next_full_lifts=3045
k=2609 delta=5 target=1379571 residue=11 carry=1 root=4 common_I=(960117507257/1930018885886,324519717452867/652346383429468) next_full_lifts=3041
k=2610 delta=7 target=690027 residue=0 carry=2 root=6 common_I=(960117507257/1930018885886,324519717452867/652346383429468) next_full_lifts=3042
k=2611 delta=9 target=483 residue=2 carry=3 root=8 common_I=(960117507257/1930018885886,324519717452867/652346383429468) next_full_lifts=3042
k=2612 delta=11 target=4137748 residue=4 carry=4 root=10 common_I=(960117507257/1930018885886,324519717452867/652346383429468) next_full_lifts=3042
k=2615 delta=4 target=2069116 residue=10 carry=7 root=3 common_I=(960117507257/1930018885886,324519717452867/652346383429468) next_full_lifts=3042
k=2616 delta=6 target=1379572 residue=12 carry=8 root=5 common_I=(960117507257/1930018885886,324519717452867/652346383429468) next_full_lifts=3041
k=2617 delta=8 target=690028 residue=1 carry=9 root=7 common_I=(960117507257/1930018885886,324519717452867/652346383429468) next_full_lifts=3041
k=2618 delta=10 target=484 residue=3 carry=10 root=9 common_I=(960117507257/1930018885886,324519717452867/652346383429468) next_full_lifts=3041
k=2619 delta=12 target=4137749 residue=5 carry=11 root=11 common_I=(960117507257/1930018885886,324519717452867/652346383429468) next_full_lifts=3041
k=2621 delta=3 target=2758661 residue=9 carry=0 root=2 common_I=(960117507257/1930018885886,324519717452867/652346383429468) next_full_lifts=3045
k=2622 delta=5 target=2069117 residue=11 carry=1 root=4 common_I=(960117507257/1930018885886,324519717452867/652346383429468) next_full_lifts=3041
k=2623 delta=7 target=1379573 residue=0 carry=2 root=6 common_I=(960117507257/1930018885886,324519717452867/652346383429468) next_full_lifts=3042
k=2624 delta=9 target=690029 residue=2 carry=3 root=8 common_I=(960117507257/1930018885886,324519717452867/652346383429468) next_full_lifts=3042
k=2625 delta=11 target=485 residue=4 carry=4 root=10 common_I=(960117507257/1930018885886,324519717452867/652346383429468) next_full_lifts=3042
k=2628 delta=4 target=2758662 residue=10 carry=7 root=3 common_I=(960117507257/1930018885886,324519717452867/652346383429468) next_full_lifts=3042
k=2629 delta=6 target=2069118 residue=12 carry=8 root=5 common_I=(960117507257/1930018885886,324519717452867/652346383429468) next_full_lifts=3041
k=2630 delta=8 target=1379574 residue=1 carry=9 root=7 common_I=(960117507257/1930018885886,324519717452867/652346383429468) next_full_lifts=3041
k=2631 delta=10 target=690030 residue=3 carry=10 root=9 common_I=(960117507257/1930018885886,324519717452867/652346383429468) next_full_lifts=3041
k=2632 delta=12 target=486 residue=5 carry=11 root=11 common_I=(960117507257/1930018885886,324519717452867/652346383429468) next_full_lifts=3041
k=2634 delta=3 target=3448207 residue=9 carry=0 root=2 common_I=(960117507257/1930018885886,324519717452867/652346383429468) next_full_lifts=3045
k=2635 delta=5 target=2758663 residue=11 carry=1 root=4 common_I=(960117507257/1930018885886,324519717452867/652346383429468) next_full_lifts=3041
k=2636 delta=7 target=2069119 residue=0 carry=2 root=6 common_I=(960117507257/1930018885886,324519717452867/652346383429468) next_full_lifts=3042
k=2637 delta=9 target=1379575 residue=2 carry=3 root=8 common_I=(960117507257/1930018885886,324519717452867/652346383429468) next_full_lifts=3042
k=2638 delta=11 target=690031 residue=4 carry=4 root=10 common_I=(960117507257/1930018885886,324519717452867/652346383429468) next_full_lifts=3042
k=2641 delta=4 target=3448208 residue=10 carry=7 root=3 common_I=(960117507257/1930018885886,324519717452867/652346383429468) next_full_lifts=3042
k=2642 delta=6 target=2758664 residue=12 carry=8 root=5 common_I=(960117507257/1930018885886,324519717452867/652346383429468) next_full_lifts=3041
k=2643 delta=8 target=2069120 residue=1 carry=9 root=7 common_I=(960117507257/1930018885886,324519717452867/652346383429468) next_full_lifts=3041
k=2644 delta=10 target=1379576 residue=3 carry=10 root=9 common_I=(960117507257/1930018885886,324519717452867/652346383429468) next_full_lifts=3041
k=2645 delta=12 target=690032 residue=5 carry=11 root=11 common_I=(960117507257/1930018885886,324519717452867/652346383429468) next_full_lifts=3041
k=2647 delta=3 target=4137753 residue=9 carry=0 root=2 common_I=(960117507257/1930018885886,324519717452867/652346383429468) next_full_lifts=3045
k=2648 delta=5 target=3448209 residue=11 carry=1 root=4 common_I=(960117507257/1930018885886,324519717452867/652346383429468) next_full_lifts=3041
k=2649 delta=7 target=2758665 residue=0 carry=2 root=6 common_I=(960117507257/1930018885886,324519717452867/652346383429468) next_full_lifts=3042
k=2650 delta=9 target=2069121 residue=2 carry=3 root=8 common_I=(960117507257/1930018885886,324519717452867/652346383429468) next_full_lifts=3042
k=2651 delta=11 target=1379577 residue=4 carry=4 root=10 common_I=(960117507257/1930018885886,324519717452867/652346383429468) next_full_lifts=3042
k=2654 delta=4 target=4137754 residue=10 carry=7 root=3 common_I=(960117507257/1930018885886,324519717452867/652346383429468) next_full_lifts=3042
k=2655 delta=6 target=3448210 residue=12 carry=8 root=5 common_I=(960117507257/1930018885886,324519717452867/652346383429468) next_full_lifts=3041
k=2656 delta=8 target=2758666 residue=1 carry=9 root=7 common_I=(960117507257/1930018885886,324519717452867/652346383429468) next_full_lifts=3041
k=2657 delta=10 target=2069122 residue=3 carry=10 root=9 common_I=(960117507257/1930018885886,324519717452867/652346383429468) next_full_lifts=3041
k=2658 delta=12 target=1379578 residue=5 carry=11 root=11 common_I=(960117507257/1930018885886,324519717452867/652346383429468) next_full_lifts=3041
k=2660 delta=3 target=490 residue=9 carry=0 root=2 common_I=(960117507257/1930018885886,324519717452867/652346383429468) next_full_lifts=3045
k=2661 delta=5 target=4137755 residue=11 carry=1 root=4 common_I=(960117507257/1930018885886,324519717452867/652346383429468) next_full_lifts=3041
k=2662 delta=7 target=3448211 residue=0 carry=2 root=6 common_I=(960117507257/1930018885886,324519717452867/652346383429468) next_full_lifts=3042
k=2663 delta=9 target=2758667 residue=2 carry=3 root=8 common_I=(960117507257/1930018885886,324519717452867/652346383429468) next_full_lifts=3042
k=2664 delta=11 target=2069123 residue=4 carry=4 root=10 common_I=(960117507257/1930018885886,324519717452867/652346383429468) next_full_lifts=3042
k=2667 delta=4 target=491 residue=10 carry=7 root=3 common_I=(960117507257/1930018885886,324519717452867/652346383429468) next_full_lifts=3042
k=2668 delta=6 target=4137756 residue=12 carry=8 root=5 common_I=(960117507257/1930018885886,324519717452867/652346383429468) next_full_lifts=3041
k=2669 delta=8 target=3448212 residue=1 carry=9 root=7 common_I=(960117507257/1930018885886,324519717452867/652346383429468) next_full_lifts=3041
k=2670 delta=10 target=2758668 residue=3 carry=10 root=9 common_I=(960117507257/1930018885886,324519717452867/652346383429468) next_full_lifts=3041
k=2671 delta=12 target=2069124 residue=5 carry=11 root=11 common_I=(960117507257/1930018885886,324519717452867/652346383429468) next_full_lifts=3041
k=2673 delta=3 target=690036 residue=9 carry=0 root=2 common_I=(960117507257/1930018885886,324519717452867/652346383429468) next_full_lifts=3045
k=2674 delta=5 target=492 residue=11 carry=1 root=4 common_I=(960117507257/1930018885886,324519717452867/652346383429468) next_full_lifts=3041
k=2675 delta=7 target=4137757 residue=0 carry=2 root=6 common_I=(960117507257/1930018885886,324519717452867/652346383429468) next_full_lifts=3042
k=2676 delta=9 target=3448213 residue=2 carry=3 root=8 common_I=(960117507257/1930018885886,324519717452867/652346383429468) next_full_lifts=3042
k=2677 delta=11 target=2758669 residue=4 carry=4 root=10 common_I=(960117507257/1930018885886,324519717452867/652346383429468) next_full_lifts=3042
k=2680 delta=4 target=690037 residue=10 carry=7 root=3 common_I=(960117507257/1930018885886,324519717452867/652346383429468) next_full_lifts=3042
k=2681 delta=6 target=493 residue=12 carry=8 root=5 common_I=(960117507257/1930018885886,324519717452867/652346383429468) next_full_lifts=3041
k=2682 delta=8 target=4137758 residue=1 carry=9 root=7 common_I=(960117507257/1930018885886,324519717452867/652346383429468) next_full_lifts=3041
k=2683 delta=10 target=3448214 residue=3 carry=10 root=9 common_I=(960117507257/1930018885886,324519717452867/652346383429468) next_full_lifts=3041
k=2684 delta=12 target=2758670 residue=5 carry=11 root=11 common_I=(960117507257/1930018885886,324519717452867/652346383429468) next_full_lifts=3041
k=2686 delta=3 target=1379582 residue=9 carry=0 root=2 common_I=(960117507257/1930018885886,324519717452867/652346383429468) next_full_lifts=3045
k=2687 delta=5 target=690038 residue=11 carry=1 root=4 common_I=(960117507257/1930018885886,324519717452867/652346383429468) next_full_lifts=3041
k=2688 delta=7 target=494 residue=0 carry=2 root=6 common_I=(960117507257/1930018885886,324519717452867/652346383429468) next_full_lifts=3042
k=2689 delta=9 target=4137759 residue=2 carry=3 root=8 common_I=(960117507257/1930018885886,324519717452867/652346383429468) next_full_lifts=3042
k=2690 delta=11 target=3448215 residue=4 carry=4 root=10 common_I=(960117507257/1930018885886,324519717452867/652346383429468) next_full_lifts=3042
k=2693 delta=4 target=1379583 residue=10 carry=7 root=3 common_I=(960117507257/1930018885886,324519717452867/652346383429468) next_full_lifts=3042
k=2694 delta=6 target=690039 residue=12 carry=8 root=5 common_I=(960117507257/1930018885886,324519717452867/652346383429468) next_full_lifts=3041
k=2695 delta=8 target=495 residue=1 carry=9 root=7 common_I=(960117507257/1930018885886,324519717452867/652346383429468) next_full_lifts=3041
k=2696 delta=10 target=4137760 residue=3 carry=10 root=9 common_I=(960117507257/1930018885886,324519717452867/652346383429468) next_full_lifts=3041
k=2697 delta=12 target=3448216 residue=5 carry=11 root=11 common_I=(960117507257/1930018885886,324519717452867/652346383429468) next_full_lifts=3041
k=2699 delta=3 target=2069128 residue=9 carry=0 root=2 common_I=(960117507257/1930018885886,324519717452867/652346383429468) next_full_lifts=3045
k=2700 delta=5 target=1379584 residue=11 carry=1 root=4 common_I=(960117507257/1930018885886,324519717452867/652346383429468) next_full_lifts=3041
k=2701 delta=7 target=690040 residue=0 carry=2 root=6 common_I=(960117507257/1930018885886,324519717452867/652346383429468) next_full_lifts=3042
k=2702 delta=9 target=496 residue=2 carry=3 root=8 common_I=(960117507257/1930018885886,324519717452867/652346383429468) next_full_lifts=3042
k=2703 delta=11 target=4137761 residue=4 carry=4 root=10 common_I=(960117507257/1930018885886,324519717452867/652346383429468) next_full_lifts=3042
k=2706 delta=4 target=2069129 residue=10 carry=7 root=3 common_I=(960117507257/1930018885886,324519717452867/652346383429468) next_full_lifts=3042
k=2707 delta=6 target=1379585 residue=12 carry=8 root=5 common_I=(960117507257/1930018885886,324519717452867/652346383429468) next_full_lifts=3041
k=2708 delta=8 target=690041 residue=1 carry=9 root=7 common_I=(960117507257/1930018885886,324519717452867/652346383429468) next_full_lifts=3041
k=2709 delta=10 target=497 residue=3 carry=10 root=9 common_I=(960117507257/1930018885886,324519717452867/652346383429468) next_full_lifts=3041
k=2710 delta=12 target=4137762 residue=5 carry=11 root=11 common_I=(960117507257/1930018885886,324519717452867/652346383429468) next_full_lifts=3041
k=2712 delta=3 target=2758674 residue=9 carry=0 root=2 common_I=(960117507257/1930018885886,324519717452867/652346383429468) next_full_lifts=3045
k=2713 delta=5 target=2069130 residue=11 carry=1 root=4 common_I=(960117507257/1930018885886,324519717452867/652346383429468) next_full_lifts=3041
k=2714 delta=7 target=1379586 residue=0 carry=2 root=6 common_I=(960117507257/1930018885886,324519717452867/652346383429468) next_full_lifts=3042
k=2715 delta=9 target=690042 residue=2 carry=3 root=8 common_I=(960117507257/1930018885886,324519717452867/652346383429468) next_full_lifts=3042
k=2716 delta=11 target=498 residue=4 carry=4 root=10 common_I=(960117507257/1930018885886,324519717452867/652346383429468) next_full_lifts=3042
k=2719 delta=4 target=2758675 residue=10 carry=7 root=3 common_I=(960117507257/1930018885886,324519717452867/652346383429468) next_full_lifts=3042
k=2720 delta=6 target=2069131 residue=12 carry=8 root=5 common_I=(960117507257/1930018885886,324519717452867/652346383429468) next_full_lifts=3041
k=2721 delta=8 target=1379587 residue=1 carry=9 root=7 common_I=(960117507257/1930018885886,324519717452867/652346383429468) next_full_lifts=3041
k=2722 delta=10 target=690043 residue=3 carry=10 root=9 common_I=(960117507257/1930018885886,324519717452867/652346383429468) next_full_lifts=3041
k=2723 delta=12 target=499 residue=5 carry=11 root=11 common_I=(960117507257/1930018885886,324519717452867/652346383429468) next_full_lifts=3041
k=2725 delta=3 target=3448220 residue=9 carry=0 root=2 common_I=(960117507257/1930018885886,324519717452867/652346383429468) next_full_lifts=3045
k=2726 delta=5 target=2758676 residue=11 carry=1 root=4 common_I=(960117507257/1930018885886,324519717452867/652346383429468) next_full_lifts=3041
k=2727 delta=7 target=2069132 residue=0 carry=2 root=6 common_I=(960117507257/1930018885886,324519717452867/652346383429468) next_full_lifts=3042
k=2728 delta=9 target=1379588 residue=2 carry=3 root=8 common_I=(960117507257/1930018885886,324519717452867/652346383429468) next_full_lifts=3042
k=2729 delta=11 target=690044 residue=4 carry=4 root=10 common_I=(960117507257/1930018885886,324519717452867/652346383429468) next_full_lifts=3042
k=2732 delta=4 target=3448221 residue=10 carry=7 root=3 common_I=(960117507257/1930018885886,324519717452867/652346383429468) next_full_lifts=3042
k=2733 delta=6 target=2758677 residue=12 carry=8 root=5 common_I=(960117507257/1930018885886,324519717452867/652346383429468) next_full_lifts=3041
k=2734 delta=8 target=2069133 residue=1 carry=9 root=7 common_I=(960117507257/1930018885886,324519717452867/652346383429468) next_full_lifts=3041
k=2735 delta=10 target=1379589 residue=3 carry=10 root=9 common_I=(960117507257/1930018885886,324519717452867/652346383429468) next_full_lifts=3041
k=2736 delta=12 target=690045 residue=5 carry=11 root=11 common_I=(960117507257/1930018885886,324519717452867/652346383429468) next_full_lifts=3041
k=2738 delta=3 target=4137766 residue=9 carry=0 root=2 common_I=(960117507257/1930018885886,324519717452867/652346383429468) next_full_lifts=3045
k=2739 delta=5 target=3448222 residue=11 carry=1 root=4 common_I=(960117507257/1930018885886,324519717452867/652346383429468) next_full_lifts=3041
k=2740 delta=7 target=2758678 residue=0 carry=2 root=6 common_I=(960117507257/1930018885886,324519717452867/652346383429468) next_full_lifts=3042
k=2741 delta=9 target=2069134 residue=2 carry=3 root=8 common_I=(960117507257/1930018885886,324519717452867/652346383429468) next_full_lifts=3042
k=2742 delta=11 target=1379590 residue=4 carry=4 root=10 common_I=(960117507257/1930018885886,324519717452867/652346383429468) next_full_lifts=3042
k=2745 delta=4 target=4137767 residue=10 carry=7 root=3 common_I=(960117507257/1930018885886,324519717452867/652346383429468) next_full_lifts=3042
k=2746 delta=6 target=3448223 residue=12 carry=8 root=5 common_I=(960117507257/1930018885886,324519717452867/652346383429468) next_full_lifts=3041
k=2747 delta=8 target=2758679 residue=1 carry=9 root=7 common_I=(960117507257/1930018885886,324519717452867/652346383429468) next_full_lifts=3041
k=2748 delta=10 target=2069135 residue=3 carry=10 root=9 common_I=(960117507257/1930018885886,324519717452867/652346383429468) next_full_lifts=3041
k=2749 delta=12 target=1379591 residue=5 carry=11 root=11 common_I=(960117507257/1930018885886,324519717452867/652346383429468) next_full_lifts=3041
k=2751 delta=3 target=503 residue=9 carry=0 root=2 common_I=(960117507257/1930018885886,324519717452867/652346383429468) next_full_lifts=3045
k=2752 delta=5 target=4137768 residue=11 carry=1 root=4 common_I=(960117507257/1930018885886,324519717452867/652346383429468) next_full_lifts=3041
k=2753 delta=7 target=3448224 residue=0 carry=2 root=6 common_I=(960117507257/1930018885886,324519717452867/652346383429468) next_full_lifts=3042
k=2754 delta=9 target=2758680 residue=2 carry=3 root=8 common_I=(960117507257/1930018885886,324519717452867/652346383429468) next_full_lifts=3042
k=2755 delta=11 target=2069136 residue=4 carry=4 root=10 common_I=(960117507257/1930018885886,324519717452867/652346383429468) next_full_lifts=3042
k=2758 delta=4 target=504 residue=10 carry=7 root=3 common_I=(960117507257/1930018885886,324519717452867/652346383429468) next_full_lifts=3042
k=2759 delta=6 target=4137769 residue=12 carry=8 root=5 common_I=(960117507257/1930018885886,324519717452867/652346383429468) next_full_lifts=3041
k=2760 delta=8 target=3448225 residue=1 carry=9 root=7 common_I=(960117507257/1930018885886,324519717452867/652346383429468) next_full_lifts=3041
k=2761 delta=10 target=2758681 residue=3 carry=10 root=9 common_I=(960117507257/1930018885886,324519717452867/652346383429468) next_full_lifts=3041
k=2762 delta=12 target=2069137 residue=5 carry=11 root=11 common_I=(960117507257/1930018885886,324519717452867/652346383429468) next_full_lifts=3041
k=2764 delta=3 target=690049 residue=9 carry=0 root=2 common_I=(960117507257/1930018885886,324519717452867/652346383429468) next_full_lifts=3045
k=2765 delta=5 target=505 residue=11 carry=1 root=4 common_I=(960117507257/1930018885886,324519717452867/652346383429468) next_full_lifts=3041
k=2766 delta=7 target=4137770 residue=0 carry=2 root=6 common_I=(960117507257/1930018885886,324519717452867/652346383429468) next_full_lifts=3042
k=2767 delta=9 target=3448226 residue=2 carry=3 root=8 common_I=(960117507257/1930018885886,324519717452867/652346383429468) next_full_lifts=3042
k=2768 delta=11 target=2758682 residue=4 carry=4 root=10 common_I=(960117507257/1930018885886,324519717452867/652346383429468) next_full_lifts=3042
k=2771 delta=4 target=690050 residue=10 carry=7 root=3 common_I=(960117507257/1930018885886,324519717452867/652346383429468) next_full_lifts=3042
k=2772 delta=6 target=506 residue=12 carry=8 root=5 common_I=(960117507257/1930018885886,324519717452867/652346383429468) next_full_lifts=3041
k=2773 delta=8 target=4137771 residue=1 carry=9 root=7 common_I=(960117507257/1930018885886,324519717452867/652346383429468) next_full_lifts=3041
k=2774 delta=10 target=3448227 residue=3 carry=10 root=9 common_I=(960117507257/1930018885886,324519717452867/652346383429468) next_full_lifts=3041
k=2775 delta=12 target=2758683 residue=5 carry=11 root=11 common_I=(960117507257/1930018885886,324519717452867/652346383429468) next_full_lifts=3041
k=2777 delta=3 target=1379595 residue=9 carry=0 root=2 common_I=(960117507257/1930018885886,324519717452867/652346383429468) next_full_lifts=3045
k=2778 delta=5 target=690051 residue=11 carry=1 root=4 common_I=(960117507257/1930018885886,324519717452867/652346383429468) next_full_lifts=3041
k=2779 delta=7 target=507 residue=0 carry=2 root=6 common_I=(960117507257/1930018885886,324519717452867/652346383429468) next_full_lifts=3042
k=2780 delta=9 target=4137772 residue=2 carry=3 root=8 common_I=(960117507257/1930018885886,324519717452867/652346383429468) next_full_lifts=3042
k=2781 delta=11 target=3448228 residue=4 carry=4 root=10 common_I=(960117507257/1930018885886,324519717452867/652346383429468) next_full_lifts=3042
k=2784 delta=4 target=1379596 residue=10 carry=7 root=3 common_I=(960117507257/1930018885886,324519717452867/652346383429468) next_full_lifts=3042
k=2785 delta=6 target=690052 residue=12 carry=8 root=5 common_I=(960117507257/1930018885886,324519717452867/652346383429468) next_full_lifts=3041
k=2786 delta=8 target=508 residue=1 carry=9 root=7 common_I=(960117507257/1930018885886,324519717452867/652346383429468) next_full_lifts=3041
k=2787 delta=10 target=4137773 residue=3 carry=10 root=9 common_I=(960117507257/1930018885886,324519717452867/652346383429468) next_full_lifts=3041
k=2788 delta=12 target=3448229 residue=5 carry=11 root=11 common_I=(960117507257/1930018885886,324519717452867/652346383429468) next_full_lifts=3041
k=2790 delta=3 target=2069141 residue=9 carry=0 root=2 common_I=(960117507257/1930018885886,324519717452867/652346383429468) next_full_lifts=3045
k=2791 delta=5 target=1379597 residue=11 carry=1 root=4 common_I=(960117507257/1930018885886,324519717452867/652346383429468) next_full_lifts=3041
k=2792 delta=7 target=690053 residue=0 carry=2 root=6 common_I=(960117507257/1930018885886,324519717452867/652346383429468) next_full_lifts=3042
k=2793 delta=9 target=509 residue=2 carry=3 root=8 common_I=(960117507257/1930018885886,324519717452867/652346383429468) next_full_lifts=3042
k=2794 delta=11 target=4137774 residue=4 carry=4 root=10 common_I=(960117507257/1930018885886,324519717452867/652346383429468) next_full_lifts=3042
k=2797 delta=4 target=2069142 residue=10 carry=7 root=3 common_I=(960117507257/1930018885886,324519717452867/652346383429468) next_full_lifts=3042
k=2798 delta=6 target=1379598 residue=12 carry=8 root=5 common_I=(960117507257/1930018885886,324519717452867/652346383429468) next_full_lifts=3041
k=2799 delta=8 target=690054 residue=1 carry=9 root=7 common_I=(960117507257/1930018885886,324519717452867/652346383429468) next_full_lifts=3041
k=2800 delta=10 target=510 residue=3 carry=10 root=9 common_I=(960117507257/1930018885886,324519717452867/652346383429468) next_full_lifts=3041
k=2801 delta=12 target=4137775 residue=5 carry=11 root=11 common_I=(960117507257/1930018885886,324519717452867/652346383429468) next_full_lifts=3041
k=2803 delta=3 target=2758687 residue=9 carry=0 root=2 common_I=(960117507257/1930018885886,324519717452867/652346383429468) next_full_lifts=3045
k=2804 delta=5 target=2069143 residue=11 carry=1 root=4 common_I=(960117507257/1930018885886,324519717452867/652346383429468) next_full_lifts=3041
k=2805 delta=7 target=1379599 residue=0 carry=2 root=6 common_I=(960117507257/1930018885886,324519717452867/652346383429468) next_full_lifts=3042
k=2806 delta=9 target=690055 residue=2 carry=3 root=8 common_I=(960117507257/1930018885886,324519717452867/652346383429468) next_full_lifts=3042
k=2807 delta=11 target=511 residue=4 carry=4 root=10 common_I=(960117507257/1930018885886,324519717452867/652346383429468) next_full_lifts=3042
k=2810 delta=4 target=2758688 residue=10 carry=7 root=3 common_I=(960117507257/1930018885886,324519717452867/652346383429468) next_full_lifts=3042
k=2811 delta=6 target=2069144 residue=12 carry=8 root=5 common_I=(960117507257/1930018885886,324519717452867/652346383429468) next_full_lifts=3041
k=2812 delta=8 target=1379600 residue=1 carry=9 root=7 common_I=(960117507257/1930018885886,324519717452867/652346383429468) next_full_lifts=3041
k=2813 delta=10 target=690056 residue=3 carry=10 root=9 common_I=(960117507257/1930018885886,324519717452867/652346383429468) next_full_lifts=3041
k=2814 delta=12 target=512 residue=5 carry=11 root=11 common_I=(960117507257/1930018885886,324519717452867/652346383429468) next_full_lifts=3041
k=2816 delta=3 target=3448233 residue=9 carry=0 root=2 common_I=(960117507257/1930018885886,324519717452867/652346383429468) next_full_lifts=3045
k=2817 delta=5 target=2758689 residue=11 carry=1 root=4 common_I=(960117507257/1930018885886,324519717452867/652346383429468) next_full_lifts=3041
k=2818 delta=7 target=2069145 residue=0 carry=2 root=6 common_I=(960117507257/1930018885886,324519717452867/652346383429468) next_full_lifts=3042
k=2819 delta=9 target=1379601 residue=2 carry=3 root=8 common_I=(960117507257/1930018885886,324519717452867/652346383429468) next_full_lifts=3042
k=2820 delta=11 target=690057 residue=4 carry=4 root=10 common_I=(960117507257/1930018885886,324519717452867/652346383429468) next_full_lifts=3042
k=2823 delta=4 target=3448234 residue=10 carry=7 root=3 common_I=(960117507257/1930018885886,324519717452867/652346383429468) next_full_lifts=3042
k=2824 delta=6 target=2758690 residue=12 carry=8 root=5 common_I=(960117507257/1930018885886,324519717452867/652346383429468) next_full_lifts=3041
k=2825 delta=8 target=2069146 residue=1 carry=9 root=7 common_I=(960117507257/1930018885886,324519717452867/652346383429468) next_full_lifts=3041
k=2826 delta=10 target=1379602 residue=3 carry=10 root=9 common_I=(960117507257/1930018885886,324519717452867/652346383429468) next_full_lifts=3041
k=2827 delta=12 target=690058 residue=5 carry=11 root=11 common_I=(960117507257/1930018885886,324519717452867/652346383429468) next_full_lifts=3041
k=2829 delta=3 target=4137779 residue=9 carry=0 root=2 common_I=(960117507257/1930018885886,324519717452867/652346383429468) next_full_lifts=3045
k=2830 delta=5 target=3448235 residue=11 carry=1 root=4 common_I=(960117507257/1930018885886,324519717452867/652346383429468) next_full_lifts=3041
k=2831 delta=7 target=2758691 residue=0 carry=2 root=6 common_I=(960117507257/1930018885886,324519717452867/652346383429468) next_full_lifts=3042
k=2832 delta=9 target=2069147 residue=2 carry=3 root=8 common_I=(960117507257/1930018885886,324519717452867/652346383429468) next_full_lifts=3042
k=2833 delta=11 target=1379603 residue=4 carry=4 root=10 common_I=(960117507257/1930018885886,324519717452867/652346383429468) next_full_lifts=3042
k=2836 delta=4 target=4137780 residue=10 carry=7 root=3 common_I=(960117507257/1930018885886,324519717452867/652346383429468) next_full_lifts=3042
k=2837 delta=6 target=3448236 residue=12 carry=8 root=5 common_I=(960117507257/1930018885886,324519717452867/652346383429468) next_full_lifts=3041
k=2838 delta=8 target=2758692 residue=1 carry=9 root=7 common_I=(960117507257/1930018885886,324519717452867/652346383429468) next_full_lifts=3041
k=2839 delta=10 target=2069148 residue=3 carry=10 root=9 common_I=(960117507257/1930018885886,324519717452867/652346383429468) next_full_lifts=3041
k=2840 delta=12 target=1379604 residue=5 carry=11 root=11 common_I=(960117507257/1930018885886,324519717452867/652346383429468) next_full_lifts=3041
k=2842 delta=3 target=516 residue=9 carry=0 root=2 common_I=(960117507257/1930018885886,324519717452867/652346383429468) next_full_lifts=3045
k=2843 delta=5 target=4137781 residue=11 carry=1 root=4 common_I=(960117507257/1930018885886,324519717452867/652346383429468) next_full_lifts=3041
k=2844 delta=7 target=3448237 residue=0 carry=2 root=6 common_I=(960117507257/1930018885886,324519717452867/652346383429468) next_full_lifts=3042
k=2845 delta=9 target=2758693 residue=2 carry=3 root=8 common_I=(960117507257/1930018885886,324519717452867/652346383429468) next_full_lifts=3042
k=2846 delta=11 target=2069149 residue=4 carry=4 root=10 common_I=(960117507257/1930018885886,324519717452867/652346383429468) next_full_lifts=3042
k=2849 delta=4 target=517 residue=10 carry=7 root=3 common_I=(960117507257/1930018885886,324519717452867/652346383429468) next_full_lifts=3042
k=2850 delta=6 target=4137782 residue=12 carry=8 root=5 common_I=(960117507257/1930018885886,324519717452867/652346383429468) next_full_lifts=3041
k=2851 delta=8 target=3448238 residue=1 carry=9 root=7 common_I=(960117507257/1930018885886,324519717452867/652346383429468) next_full_lifts=3041
k=2852 delta=10 target=2758694 residue=3 carry=10 root=9 common_I=(960117507257/1930018885886,324519717452867/652346383429468) next_full_lifts=3041
k=2853 delta=12 target=2069150 residue=5 carry=11 root=11 common_I=(960117507257/1930018885886,324519717452867/652346383429468) next_full_lifts=3041
k=2855 delta=3 target=690062 residue=9 carry=0 root=2 common_I=(960117507257/1930018885886,324519717452867/652346383429468) next_full_lifts=3045
k=2856 delta=5 target=518 residue=11 carry=1 root=4 common_I=(960117507257/1930018885886,324519717452867/652346383429468) next_full_lifts=3041
k=2857 delta=7 target=4137783 residue=0 carry=2 root=6 common_I=(960117507257/1930018885886,324519717452867/652346383429468) next_full_lifts=3042
k=2858 delta=9 target=3448239 residue=2 carry=3 root=8 common_I=(960117507257/1930018885886,324519717452867/652346383429468) next_full_lifts=3042
k=2859 delta=11 target=2758695 residue=4 carry=4 root=10 common_I=(960117507257/1930018885886,324519717452867/652346383429468) next_full_lifts=3042
k=2862 delta=4 target=690063 residue=10 carry=7 root=3 common_I=(960117507257/1930018885886,324519717452867/652346383429468) next_full_lifts=3042
k=2863 delta=6 target=519 residue=12 carry=8 root=5 common_I=(960117507257/1930018885886,324519717452867/652346383429468) next_full_lifts=3041
k=2864 delta=8 target=4137784 residue=1 carry=9 root=7 common_I=(960117507257/1930018885886,324519717452867/652346383429468) next_full_lifts=3041
k=2865 delta=10 target=3448240 residue=3 carry=10 root=9 common_I=(960117507257/1930018885886,324519717452867/652346383429468) next_full_lifts=3041
k=2866 delta=12 target=2758696 residue=5 carry=11 root=11 common_I=(960117507257/1930018885886,324519717452867/652346383429468) next_full_lifts=3041
k=2868 delta=3 target=1379608 residue=9 carry=0 root=2 common_I=(960117507257/1930018885886,324519717452867/652346383429468) next_full_lifts=3045
k=2869 delta=5 target=690064 residue=11 carry=1 root=4 common_I=(960117507257/1930018885886,324519717452867/652346383429468) next_full_lifts=3041
k=2870 delta=7 target=520 residue=0 carry=2 root=6 common_I=(960117507257/1930018885886,324519717452867/652346383429468) next_full_lifts=3042
k=2871 delta=9 target=4137785 residue=2 carry=3 root=8 common_I=(960117507257/1930018885886,324519717452867/652346383429468) next_full_lifts=3042
k=2872 delta=11 target=3448241 residue=4 carry=4 root=10 common_I=(960117507257/1930018885886,324519717452867/652346383429468) next_full_lifts=3042
k=2875 delta=4 target=1379609 residue=10 carry=7 root=3 common_I=(960117507257/1930018885886,324519717452867/652346383429468) next_full_lifts=3042
k=2876 delta=6 target=690065 residue=12 carry=8 root=5 common_I=(960117507257/1930018885886,324519717452867/652346383429468) next_full_lifts=3041
k=2877 delta=8 target=521 residue=1 carry=9 root=7 common_I=(960117507257/1930018885886,324519717452867/652346383429468) next_full_lifts=3041
k=2878 delta=10 target=4137786 residue=3 carry=10 root=9 common_I=(960117507257/1930018885886,324519717452867/652346383429468) next_full_lifts=3041
k=2879 delta=12 target=3448242 residue=5 carry=11 root=11 common_I=(960117507257/1930018885886,324519717452867/652346383429468) next_full_lifts=3041
k=2881 delta=3 target=2069154 residue=9 carry=0 root=2 common_I=(960117507257/1930018885886,324519717452867/652346383429468) next_full_lifts=3045
k=2882 delta=5 target=1379610 residue=11 carry=1 root=4 common_I=(960117507257/1930018885886,324519717452867/652346383429468) next_full_lifts=3041
k=2883 delta=7 target=690066 residue=0 carry=2 root=6 common_I=(960117507257/1930018885886,324519717452867/652346383429468) next_full_lifts=3042
k=2884 delta=9 target=522 residue=2 carry=3 root=8 common_I=(960117507257/1930018885886,324519717452867/652346383429468) next_full_lifts=3042
k=2885 delta=11 target=4137787 residue=4 carry=4 root=10 common_I=(960117507257/1930018885886,324519717452867/652346383429468) next_full_lifts=3042
k=2888 delta=4 target=2069155 residue=10 carry=7 root=3 common_I=(960117507257/1930018885886,324519717452867/652346383429468) next_full_lifts=3042
k=2889 delta=6 target=1379611 residue=12 carry=8 root=5 common_I=(960117507257/1930018885886,324519717452867/652346383429468) next_full_lifts=3041
k=2890 delta=8 target=690067 residue=1 carry=9 root=7 common_I=(960117507257/1930018885886,324519717452867/652346383429468) next_full_lifts=3041
k=2891 delta=10 target=523 residue=3 carry=10 root=9 common_I=(960117507257/1930018885886,324519717452867/652346383429468) next_full_lifts=3041
k=2892 delta=12 target=4137788 residue=5 carry=11 root=11 common_I=(960117507257/1930018885886,324519717452867/652346383429468) next_full_lifts=3041
k=2894 delta=3 target=2758700 residue=9 carry=0 root=2 common_I=(960117507257/1930018885886,324519717452867/652346383429468) next_full_lifts=3045
k=2895 delta=5 target=2069156 residue=11 carry=1 root=4 common_I=(960117507257/1930018885886,324519717452867/652346383429468) next_full_lifts=3041
k=2896 delta=7 target=1379612 residue=0 carry=2 root=6 common_I=(960117507257/1930018885886,324519717452867/652346383429468) next_full_lifts=3042
k=2897 delta=9 target=690068 residue=2 carry=3 root=8 common_I=(960117507257/1930018885886,324519717452867/652346383429468) next_full_lifts=3042
k=2898 delta=11 target=524 residue=4 carry=4 root=10 common_I=(960117507257/1930018885886,324519717452867/652346383429468) next_full_lifts=3042
k=2901 delta=4 target=2758701 residue=10 carry=7 root=3 common_I=(960117507257/1930018885886,324519717452867/652346383429468) next_full_lifts=3042
k=2902 delta=6 target=2069157 residue=12 carry=8 root=5 common_I=(960117507257/1930018885886,324519717452867/652346383429468) next_full_lifts=3041
k=2903 delta=8 target=1379613 residue=1 carry=9 root=7 common_I=(960117507257/1930018885886,324519717452867/652346383429468) next_full_lifts=3041
k=2904 delta=10 target=690069 residue=3 carry=10 root=9 common_I=(960117507257/1930018885886,324519717452867/652346383429468) next_full_lifts=3041
k=2905 delta=12 target=525 residue=5 carry=11 root=11 common_I=(960117507257/1930018885886,324519717452867/652346383429468) next_full_lifts=3041
k=2907 delta=3 target=3448246 residue=9 carry=0 root=2 common_I=(960117507257/1930018885886,324519717452867/652346383429468) next_full_lifts=3045
k=2908 delta=5 target=2758702 residue=11 carry=1 root=4 common_I=(960117507257/1930018885886,324519717452867/652346383429468) next_full_lifts=3041
k=2909 delta=7 target=2069158 residue=0 carry=2 root=6 common_I=(960117507257/1930018885886,324519717452867/652346383429468) next_full_lifts=3042
k=2910 delta=9 target=1379614 residue=2 carry=3 root=8 common_I=(960117507257/1930018885886,324519717452867/652346383429468) next_full_lifts=3042
k=2911 delta=11 target=690070 residue=4 carry=4 root=10 common_I=(960117507257/1930018885886,324519717452867/652346383429468) next_full_lifts=3042
k=2914 delta=4 target=3448247 residue=10 carry=7 root=3 common_I=(960117507257/1930018885886,324519717452867/652346383429468) next_full_lifts=3042
k=2915 delta=6 target=2758703 residue=12 carry=8 root=5 common_I=(960117507257/1930018885886,324519717452867/652346383429468) next_full_lifts=3041
k=2916 delta=8 target=2069159 residue=1 carry=9 root=7 common_I=(960117507257/1930018885886,324519717452867/652346383429468) next_full_lifts=3041
k=2917 delta=10 target=1379615 residue=3 carry=10 root=9 common_I=(960117507257/1930018885886,324519717452867/652346383429468) next_full_lifts=3041
k=2918 delta=12 target=690071 residue=5 carry=11 root=11 common_I=(960117507257/1930018885886,324519717452867/652346383429468) next_full_lifts=3041
k=2920 delta=3 target=4137792 residue=9 carry=0 root=2 common_I=(960117507257/1930018885886,324519717452867/652346383429468) next_full_lifts=3045
k=2921 delta=5 target=3448248 residue=11 carry=1 root=4 common_I=(960117507257/1930018885886,324519717452867/652346383429468) next_full_lifts=3041
k=2922 delta=7 target=2758704 residue=0 carry=2 root=6 common_I=(960117507257/1930018885886,324519717452867/652346383429468) next_full_lifts=3042
k=2923 delta=9 target=2069160 residue=2 carry=3 root=8 common_I=(960117507257/1930018885886,324519717452867/652346383429468) next_full_lifts=3042
k=2924 delta=11 target=1379616 residue=4 carry=4 root=10 common_I=(960117507257/1930018885886,324519717452867/652346383429468) next_full_lifts=3042
k=2927 delta=4 target=4137793 residue=10 carry=7 root=3 common_I=(960117507257/1930018885886,324519717452867/652346383429468) next_full_lifts=3042
k=2928 delta=6 target=3448249 residue=12 carry=8 root=5 common_I=(960117507257/1930018885886,324519717452867/652346383429468) next_full_lifts=3041
k=2929 delta=8 target=2758705 residue=1 carry=9 root=7 common_I=(960117507257/1930018885886,324519717452867/652346383429468) next_full_lifts=3041
k=2930 delta=10 target=2069161 residue=3 carry=10 root=9 common_I=(960117507257/1930018885886,324519717452867/652346383429468) next_full_lifts=3041
k=2931 delta=12 target=1379617 residue=5 carry=11 root=11 common_I=(960117507257/1930018885886,324519717452867/652346383429468) next_full_lifts=3041
k=2933 delta=3 target=529 residue=9 carry=0 root=2 common_I=(960117507257/1930018885886,324519717452867/652346383429468) next_full_lifts=3045
k=2934 delta=5 target=4137794 residue=11 carry=1 root=4 common_I=(960117507257/1930018885886,324519717452867/652346383429468) next_full_lifts=3041
k=2935 delta=7 target=3448250 residue=0 carry=2 root=6 common_I=(960117507257/1930018885886,324519717452867/652346383429468) next_full_lifts=3042
k=2936 delta=9 target=2758706 residue=2 carry=3 root=8 common_I=(960117507257/1930018885886,324519717452867/652346383429468) next_full_lifts=3042
k=2937 delta=11 target=2069162 residue=4 carry=4 root=10 common_I=(960117507257/1930018885886,324519717452867/652346383429468) next_full_lifts=3042
k=2940 delta=4 target=530 residue=10 carry=7 root=3 common_I=(960117507257/1930018885886,324519717452867/652346383429468) next_full_lifts=3042
k=2941 delta=6 target=4137795 residue=12 carry=8 root=5 common_I=(960117507257/1930018885886,324519717452867/652346383429468) next_full_lifts=3041
k=2942 delta=8 target=3448251 residue=1 carry=9 root=7 common_I=(960117507257/1930018885886,324519717452867/652346383429468) next_full_lifts=3041
k=2943 delta=10 target=2758707 residue=3 carry=10 root=9 common_I=(960117507257/1930018885886,324519717452867/652346383429468) next_full_lifts=3041
k=2944 delta=12 target=2069163 residue=5 carry=11 root=11 common_I=(960117507257/1930018885886,324519717452867/652346383429468) next_full_lifts=3041
k=2946 delta=3 target=690075 residue=9 carry=0 root=2 common_I=(960117507257/1930018885886,324519717452867/652346383429468) next_full_lifts=3045
k=2947 delta=5 target=531 residue=11 carry=1 root=4 common_I=(960117507257/1930018885886,324519717452867/652346383429468) next_full_lifts=3041
k=2948 delta=7 target=4137796 residue=0 carry=2 root=6 common_I=(960117507257/1930018885886,324519717452867/652346383429468) next_full_lifts=3042
k=2949 delta=9 target=3448252 residue=2 carry=3 root=8 common_I=(960117507257/1930018885886,324519717452867/652346383429468) next_full_lifts=3042
k=2950 delta=11 target=2758708 residue=4 carry=4 root=10 common_I=(960117507257/1930018885886,324519717452867/652346383429468) next_full_lifts=3042
k=2953 delta=4 target=690076 residue=10 carry=7 root=3 common_I=(960117507257/1930018885886,324519717452867/652346383429468) next_full_lifts=3042
k=2954 delta=6 target=532 residue=12 carry=8 root=5 common_I=(960117507257/1930018885886,324519717452867/652346383429468) next_full_lifts=3041
k=2955 delta=8 target=4137797 residue=1 carry=9 root=7 common_I=(960117507257/1930018885886,324519717452867/652346383429468) next_full_lifts=3041
k=2956 delta=10 target=3448253 residue=3 carry=10 root=9 common_I=(960117507257/1930018885886,324519717452867/652346383429468) next_full_lifts=3041
k=2957 delta=12 target=2758709 residue=5 carry=11 root=11 common_I=(960117507257/1930018885886,324519717452867/652346383429468) next_full_lifts=3041
k=2959 delta=3 target=1379621 residue=9 carry=0 root=2 common_I=(960117507257/1930018885886,324519717452867/652346383429468) next_full_lifts=3045
k=2960 delta=5 target=690077 residue=11 carry=1 root=4 common_I=(960117507257/1930018885886,324519717452867/652346383429468) next_full_lifts=3041
k=2961 delta=7 target=533 residue=0 carry=2 root=6 common_I=(960117507257/1930018885886,324519717452867/652346383429468) next_full_lifts=3042
k=2962 delta=9 target=4137798 residue=2 carry=3 root=8 common_I=(960117507257/1930018885886,324519717452867/652346383429468) next_full_lifts=3042
k=2963 delta=11 target=3448254 residue=4 carry=4 root=10 common_I=(960117507257/1930018885886,324519717452867/652346383429468) next_full_lifts=3042
k=2966 delta=4 target=1379622 residue=10 carry=7 root=3 common_I=(960117507257/1930018885886,324519717452867/652346383429468) next_full_lifts=3042
k=2967 delta=6 target=690078 residue=12 carry=8 root=5 common_I=(960117507257/1930018885886,324519717452867/652346383429468) next_full_lifts=3041
k=2968 delta=8 target=534 residue=1 carry=9 root=7 common_I=(960117507257/1930018885886,324519717452867/652346383429468) next_full_lifts=3041
k=2969 delta=10 target=4137799 residue=3 carry=10 root=9 common_I=(960117507257/1930018885886,324519717452867/652346383429468) next_full_lifts=3041
k=2970 delta=12 target=3448255 residue=5 carry=11 root=11 common_I=(960117507257/1930018885886,324519717452867/652346383429468) next_full_lifts=3041
k=2972 delta=3 target=2069167 residue=9 carry=0 root=2 common_I=(960117507257/1930018885886,324519717452867/652346383429468) next_full_lifts=3045
k=2973 delta=5 target=1379623 residue=11 carry=1 root=4 common_I=(960117507257/1930018885886,324519717452867/652346383429468) next_full_lifts=3041
k=2974 delta=7 target=690079 residue=0 carry=2 root=6 common_I=(960117507257/1930018885886,324519717452867/652346383429468) next_full_lifts=3042
k=2975 delta=9 target=535 residue=2 carry=3 root=8 common_I=(960117507257/1930018885886,324519717452867/652346383429468) next_full_lifts=3042
k=2976 delta=11 target=4137800 residue=4 carry=4 root=10 common_I=(960117507257/1930018885886,324519717452867/652346383429468) next_full_lifts=3042
k=2979 delta=4 target=2069168 residue=10 carry=7 root=3 common_I=(960117507257/1930018885886,324519717452867/652346383429468) next_full_lifts=3042
k=2980 delta=6 target=1379624 residue=12 carry=8 root=5 common_I=(960117507257/1930018885886,324519717452867/652346383429468) next_full_lifts=3041
k=2981 delta=8 target=690080 residue=1 carry=9 root=7 common_I=(960117507257/1930018885886,324519717452867/652346383429468) next_full_lifts=3041
k=2982 delta=10 target=536 residue=3 carry=10 root=9 common_I=(960117507257/1930018885886,324519717452867/652346383429468) next_full_lifts=3041
k=2983 delta=12 target=4137801 residue=5 carry=11 root=11 common_I=(960117507257/1930018885886,324519717452867/652346383429468) next_full_lifts=3041
k=2985 delta=3 target=2758713 residue=9 carry=0 root=2 common_I=(960117507257/1930018885886,324519717452867/652346383429468) next_full_lifts=3045
k=2986 delta=5 target=2069169 residue=11 carry=1 root=4 common_I=(960117507257/1930018885886,324519717452867/652346383429468) next_full_lifts=3041
k=2987 delta=7 target=1379625 residue=0 carry=2 root=6 common_I=(960117507257/1930018885886,324519717452867/652346383429468) next_full_lifts=3042
k=2988 delta=9 target=690081 residue=2 carry=3 root=8 common_I=(960117507257/1930018885886,324519717452867/652346383429468) next_full_lifts=3042
k=2989 delta=11 target=537 residue=4 carry=4 root=10 common_I=(960117507257/1930018885886,324519717452867/652346383429468) next_full_lifts=3042
k=2992 delta=4 target=2758714 residue=10 carry=7 root=3 common_I=(960117507257/1930018885886,324519717452867/652346383429468) next_full_lifts=3042
k=2993 delta=6 target=2069170 residue=12 carry=8 root=5 common_I=(960117507257/1930018885886,324519717452867/652346383429468) next_full_lifts=3041
k=2994 delta=8 target=1379626 residue=1 carry=9 root=7 common_I=(960117507257/1930018885886,324519717452867/652346383429468) next_full_lifts=3041
k=2995 delta=10 target=690082 residue=3 carry=10 root=9 common_I=(960117507257/1930018885886,324519717452867/652346383429468) next_full_lifts=3041
k=2996 delta=12 target=538 residue=5 carry=11 root=11 common_I=(960117507257/1930018885886,324519717452867/652346383429468) next_full_lifts=3041
k=2998 delta=3 target=3448259 residue=9 carry=0 root=2 common_I=(960117507257/1930018885886,324519717452867/652346383429468) next_full_lifts=3045
k=2999 delta=5 target=2758715 residue=11 carry=1 root=4 common_I=(960117507257/1930018885886,324519717452867/652346383429468) next_full_lifts=3041
k=3000 delta=7 target=2069171 residue=0 carry=2 root=6 common_I=(960117507257/1930018885886,324519717452867/652346383429468) next_full_lifts=3042
k=3001 delta=9 target=1379627 residue=2 carry=3 root=8 common_I=(960117507257/1930018885886,324519717452867/652346383429468) next_full_lifts=3042
k=3002 delta=11 target=690083 residue=4 carry=4 root=10 common_I=(960117507257/1930018885886,324519717452867/652346383429468) next_full_lifts=3042
k=3005 delta=4 target=3448260 residue=10 carry=7 root=3 common_I=(960117507257/1930018885886,324519717452867/652346383429468) next_full_lifts=3042
k=3006 delta=6 target=2758716 residue=12 carry=8 root=5 common_I=(960117507257/1930018885886,324519717452867/652346383429468) next_full_lifts=3041
k=3007 delta=8 target=2069172 residue=1 carry=9 root=7 common_I=(960117507257/1930018885886,324519717452867/652346383429468) next_full_lifts=3041
k=3008 delta=10 target=1379628 residue=3 carry=10 root=9 common_I=(960117507257/1930018885886,324519717452867/652346383429468) next_full_lifts=3041
k=3009 delta=12 target=690084 residue=5 carry=11 root=11 common_I=(960117507257/1930018885886,324519717452867/652346383429468) next_full_lifts=3041
k=3011 delta=3 target=4137805 residue=9 carry=0 root=2 common_I=(960117507257/1930018885886,324519717452867/652346383429468) next_full_lifts=3045
k=3012 delta=5 target=3448261 residue=11 carry=1 root=4 common_I=(960117507257/1930018885886,324519717452867/652346383429468) next_full_lifts=3041
k=3013 delta=7 target=2758717 residue=0 carry=2 root=6 common_I=(960117507257/1930018885886,324519717452867/652346383429468) next_full_lifts=3042
k=3014 delta=9 target=2069173 residue=2 carry=3 root=8 common_I=(960117507257/1930018885886,324519717452867/652346383429468) next_full_lifts=3042
k=3015 delta=11 target=1379629 residue=4 carry=4 root=10 common_I=(960117507257/1930018885886,324519717452867/652346383429468) next_full_lifts=3042
k=3018 delta=4 target=4137806 residue=10 carry=7 root=3 common_I=(960117507257/1930018885886,324519717452867/652346383429468) next_full_lifts=3042
k=3019 delta=6 target=3448262 residue=12 carry=8 root=5 common_I=(960117507257/1930018885886,324519717452867/652346383429468) next_full_lifts=3041
k=3020 delta=8 target=2758718 residue=1 carry=9 root=7 common_I=(960117507257/1930018885886,324519717452867/652346383429468) next_full_lifts=3041
k=3021 delta=10 target=2069174 residue=3 carry=10 root=9 common_I=(960117507257/1930018885886,324519717452867/652346383429468) next_full_lifts=3041
k=3022 delta=12 target=1379630 residue=5 carry=11 root=11 common_I=(960117507257/1930018885886,324519717452867/652346383429468) next_full_lifts=3041
k=3024 delta=3 target=542 residue=9 carry=0 root=2 common_I=(960117507257/1930018885886,324519717452867/652346383429468) next_full_lifts=3045
k=3025 delta=5 target=4137807 residue=11 carry=1 root=4 common_I=(960117507257/1930018885886,324519717452867/652346383429468) next_full_lifts=3041
k=3026 delta=7 target=3448263 residue=0 carry=2 root=6 common_I=(960117507257/1930018885886,324519717452867/652346383429468) next_full_lifts=3042
k=3027 delta=9 target=2758719 residue=2 carry=3 root=8 common_I=(960117507257/1930018885886,324519717452867/652346383429468) next_full_lifts=3042
k=3028 delta=11 target=2069175 residue=4 carry=4 root=10 common_I=(960117507257/1930018885886,324519717452867/652346383429468) next_full_lifts=3042
k=3031 delta=4 target=543 residue=10 carry=7 root=3 common_I=(960117507257/1930018885886,324519717452867/652346383429468) next_full_lifts=3042
k=3032 delta=6 target=4137808 residue=12 carry=8 root=5 common_I=(960117507257/1930018885886,324519717452867/652346383429468) next_full_lifts=3041
k=3033 delta=8 target=3448264 residue=1 carry=9 root=7 common_I=(960117507257/1930018885886,324519717452867/652346383429468) next_full_lifts=3041
k=3034 delta=10 target=2758720 residue=3 carry=10 root=9 common_I=(960117507257/1930018885886,324519717452867/652346383429468) next_full_lifts=3041
k=3035 delta=12 target=2069176 residue=5 carry=11 root=11 common_I=(960117507257/1930018885886,324519717452867/652346383429468) next_full_lifts=3041
k=3037 delta=3 target=690088 residue=9 carry=0 root=2 common_I=(960117507257/1930018885886,324519717452867/652346383429468) next_full_lifts=3045
k=3038 delta=5 target=544 residue=11 carry=1 root=4 common_I=(960117507257/1930018885886,324519717452867/652346383429468) next_full_lifts=3041
k=3039 delta=7 target=4137809 residue=0 carry=2 root=6 common_I=(960117507257/1930018885886,324519717452867/652346383429468) next_full_lifts=3042
k=3040 delta=9 target=3448265 residue=2 carry=3 root=8 common_I=(960117507257/1930018885886,324519717452867/652346383429468) next_full_lifts=3042
k=3041 delta=11 target=2758721 residue=4 carry=4 root=10 common_I=(960117507257/1930018885886,324519717452867/652346383429468) next_full_lifts=3042
k=3044 delta=4 target=690089 residue=10 carry=7 root=3 common_I=(960117507257/1930018885886,324519717452867/652346383429468) next_full_lifts=3042
k=3045 delta=6 target=545 residue=12 carry=8 root=5 common_I=(960117507257/1930018885886,324519717452867/652346383429468) next_full_lifts=3041
k=3046 delta=8 target=4137810 residue=1 carry=9 root=7 common_I=(960117507257/1930018885886,324519717452867/652346383429468) next_full_lifts=3041
k=3047 delta=10 target=3448266 residue=3 carry=10 root=9 common_I=(960117507257/1930018885886,324519717452867/652346383429468) next_full_lifts=3041
k=3048 delta=12 target=2758722 residue=5 carry=11 root=11 common_I=(960117507257/1930018885886,324519717452867/652346383429468) next_full_lifts=3041
k=3050 delta=3 target=1379634 residue=9 carry=0 root=2 common_I=(960117507257/1930018885886,324519717452867/652346383429468) next_full_lifts=3045
k=3051 delta=5 target=690090 residue=11 carry=1 root=4 common_I=(960117507257/1930018885886,324519717452867/652346383429468) next_full_lifts=3041
k=3052 delta=7 target=546 residue=0 carry=2 root=6 common_I=(960117507257/1930018885886,324519717452867/652346383429468) next_full_lifts=3042
k=3053 delta=9 target=4137811 residue=2 carry=3 root=8 common_I=(960117507257/1930018885886,324519717452867/652346383429468) next_full_lifts=3042
k=3054 delta=11 target=3448267 residue=4 carry=4 root=10 common_I=(960117507257/1930018885886,324519717452867/652346383429468) next_full_lifts=3042
k=3057 delta=4 target=1379635 residue=10 carry=7 root=3 common_I=(960117507257/1930018885886,324519717452867/652346383429468) next_full_lifts=3042
k=3058 delta=6 target=690091 residue=12 carry=8 root=5 common_I=(960117507257/1930018885886,324519717452867/652346383429468) next_full_lifts=3041
k=3059 delta=8 target=547 residue=1 carry=9 root=7 common_I=(960117507257/1930018885886,324519717452867/652346383429468) next_full_lifts=3041
k=3060 delta=10 target=4137812 residue=3 carry=10 root=9 common_I=(960117507257/1930018885886,324519717452867/652346383429468) next_full_lifts=3041
k=3061 delta=12 target=3448268 residue=5 carry=11 root=11 common_I=(960117507257/1930018885886,324519717452867/652346383429468) next_full_lifts=3041
k=3063 delta=3 target=2069180 residue=9 carry=0 root=2 common_I=(960117507257/1930018885886,324519717452867/652346383429468) next_full_lifts=3045
k=3064 delta=5 target=1379636 residue=11 carry=1 root=4 common_I=(960117507257/1930018885886,324519717452867/652346383429468) next_full_lifts=3041
k=3065 delta=7 target=690092 residue=0 carry=2 root=6 common_I=(960117507257/1930018885886,324519717452867/652346383429468) next_full_lifts=3042
k=3066 delta=9 target=548 residue=2 carry=3 root=8 common_I=(960117507257/1930018885886,324519717452867/652346383429468) next_full_lifts=3042
k=3067 delta=11 target=4137813 residue=4 carry=4 root=10 common_I=(960117507257/1930018885886,324519717452867/652346383429468) next_full_lifts=3042
k=3070 delta=4 target=2069181 residue=10 carry=7 root=3 common_I=(960117507257/1930018885886,324519717452867/652346383429468) next_full_lifts=3042
k=3071 delta=6 target=1379637 residue=12 carry=8 root=5 common_I=(960117507257/1930018885886,324519717452867/652346383429468) next_full_lifts=3041
k=3072 delta=8 target=690093 residue=1 carry=9 root=7 common_I=(960117507257/1930018885886,324519717452867/652346383429468) next_full_lifts=3041
k=3073 delta=10 target=549 residue=3 carry=10 root=9 common_I=(960117507257/1930018885886,324519717452867/652346383429468) next_full_lifts=3041
k=3074 delta=12 target=4137814 residue=5 carry=11 root=11 common_I=(960117507257/1930018885886,324519717452867/652346383429468) next_full_lifts=3041
k=3076 delta=3 target=2758726 residue=9 carry=0 root=2 common_I=(960117507257/1930018885886,324519717452867/652346383429468) next_full_lifts=3045
k=3077 delta=5 target=2069182 residue=11 carry=1 root=4 common_I=(960117507257/1930018885886,324519717452867/652346383429468) next_full_lifts=3041
k=3078 delta=7 target=1379638 residue=0 carry=2 root=6 common_I=(960117507257/1930018885886,324519717452867/652346383429468) next_full_lifts=3042
k=3079 delta=9 target=690094 residue=2 carry=3 root=8 common_I=(960117507257/1930018885886,324519717452867/652346383429468) next_full_lifts=3042
k=3080 delta=11 target=550 residue=4 carry=4 root=10 common_I=(960117507257/1930018885886,324519717452867/652346383429468) next_full_lifts=3042
k=3083 delta=4 target=2758727 residue=10 carry=7 root=3 common_I=(960117507257/1930018885886,324519717452867/652346383429468) next_full_lifts=3042
k=3084 delta=6 target=2069183 residue=12 carry=8 root=5 common_I=(960117507257/1930018885886,324519717452867/652346383429468) next_full_lifts=3041
k=3085 delta=8 target=1379639 residue=1 carry=9 root=7 common_I=(960117507257/1930018885886,324519717452867/652346383429468) next_full_lifts=3041
k=3086 delta=10 target=690095 residue=3 carry=10 root=9 common_I=(960117507257/1930018885886,324519717452867/652346383429468) next_full_lifts=3041
k=3087 delta=12 target=551 residue=5 carry=11 root=11 common_I=(960117507257/1930018885886,324519717452867/652346383429468) next_full_lifts=3041
k=3089 delta=3 target=3448272 residue=9 carry=0 root=2 common_I=(960117507257/1930018885886,324519717452867/652346383429468) next_full_lifts=3045
k=3090 delta=5 target=2758728 residue=11 carry=1 root=4 common_I=(960117507257/1930018885886,324519717452867/652346383429468) next_full_lifts=3041
k=3091 delta=7 target=2069184 residue=0 carry=2 root=6 common_I=(960117507257/1930018885886,324519717452867/652346383429468) next_full_lifts=3042
k=3092 delta=9 target=1379640 residue=2 carry=3 root=8 common_I=(960117507257/1930018885886,324519717452867/652346383429468) next_full_lifts=3042
k=3093 delta=11 target=690096 residue=4 carry=4 root=10 common_I=(960117507257/1930018885886,324519717452867/652346383429468) next_full_lifts=3042
k=3096 delta=4 target=3448273 residue=10 carry=7 root=3 common_I=(960117507257/1930018885886,324519717452867/652346383429468) next_full_lifts=3042
k=3097 delta=6 target=2758729 residue=12 carry=8 root=5 common_I=(960117507257/1930018885886,324519717452867/652346383429468) next_full_lifts=3041
k=3098 delta=8 target=2069185 residue=1 carry=9 root=7 common_I=(960117507257/1930018885886,324519717452867/652346383429468) next_full_lifts=3041
k=3099 delta=10 target=1379641 residue=3 carry=10 root=9 common_I=(960117507257/1930018885886,324519717452867/652346383429468) next_full_lifts=3041
k=3100 delta=12 target=690097 residue=5 carry=11 root=11 common_I=(960117507257/1930018885886,324519717452867/652346383429468) next_full_lifts=3041
k=3102 delta=3 target=4137818 residue=9 carry=0 root=2 common_I=(960117507257/1930018885886,324519717452867/652346383429468) next_full_lifts=3045
k=3103 delta=5 target=3448274 residue=11 carry=1 root=4 common_I=(960117507257/1930018885886,324519717452867/652346383429468) next_full_lifts=3041
k=3104 delta=7 target=2758730 residue=0 carry=2 root=6 common_I=(960117507257/1930018885886,324519717452867/652346383429468) next_full_lifts=3042
k=3105 delta=9 target=2069186 residue=2 carry=3 root=8 common_I=(960117507257/1930018885886,324519717452867/652346383429468) next_full_lifts=3042
k=3106 delta=11 target=1379642 residue=4 carry=4 root=10 common_I=(960117507257/1930018885886,324519717452867/652346383429468) next_full_lifts=3042
k=3109 delta=4 target=4137819 residue=10 carry=7 root=3 common_I=(960117507257/1930018885886,324519717452867/652346383429468) next_full_lifts=3042
k=3110 delta=6 target=3448275 residue=12 carry=8 root=5 common_I=(960117507257/1930018885886,324519717452867/652346383429468) next_full_lifts=3041
k=3111 delta=8 target=2758731 residue=1 carry=9 root=7 common_I=(960117507257/1930018885886,324519717452867/652346383429468) next_full_lifts=3041
k=3112 delta=10 target=2069187 residue=3 carry=10 root=9 common_I=(960117507257/1930018885886,324519717452867/652346383429468) next_full_lifts=3041
k=3113 delta=12 target=1379643 residue=5 carry=11 root=11 common_I=(960117507257/1930018885886,324519717452867/652346383429468) next_full_lifts=3041
k=3115 delta=3 target=555 residue=9 carry=0 root=2 common_I=(960117507257/1930018885886,324519717452867/652346383429468) next_full_lifts=3045
k=3116 delta=5 target=4137820 residue=11 carry=1 root=4 common_I=(960117507257/1930018885886,324519717452867/652346383429468) next_full_lifts=3041
k=3117 delta=7 target=3448276 residue=0 carry=2 root=6 common_I=(960117507257/1930018885886,324519717452867/652346383429468) next_full_lifts=3042
k=3118 delta=9 target=2758732 residue=2 carry=3 root=8 common_I=(960117507257/1930018885886,324519717452867/652346383429468) next_full_lifts=3042
k=3119 delta=11 target=2069188 residue=4 carry=4 root=10 common_I=(960117507257/1930018885886,324519717452867/652346383429468) next_full_lifts=3042
k=3122 delta=4 target=556 residue=10 carry=7 root=3 common_I=(960117507257/1930018885886,324519717452867/652346383429468) next_full_lifts=3042
k=3123 delta=6 target=4137821 residue=12 carry=8 root=5 common_I=(960117507257/1930018885886,324519717452867/652346383429468) next_full_lifts=3041
k=3124 delta=8 target=3448277 residue=1 carry=9 root=7 common_I=(960117507257/1930018885886,324519717452867/652346383429468) next_full_lifts=3041
k=3125 delta=10 target=2758733 residue=3 carry=10 root=9 common_I=(960117507257/1930018885886,324519717452867/652346383429468) next_full_lifts=3041
k=3126 delta=12 target=2069189 residue=5 carry=11 root=11 common_I=(960117507257/1930018885886,324519717452867/652346383429468) next_full_lifts=3041
k=3128 delta=3 target=690101 residue=9 carry=0 root=2 common_I=(960117507257/1930018885886,324519717452867/652346383429468) next_full_lifts=3045
k=3129 delta=5 target=557 residue=11 carry=1 root=4 common_I=(960117507257/1930018885886,324519717452867/652346383429468) next_full_lifts=3041
k=3130 delta=7 target=4137822 residue=0 carry=2 root=6 common_I=(960117507257/1930018885886,324519717452867/652346383429468) next_full_lifts=3042
k=3131 delta=9 target=3448278 residue=2 carry=3 root=8 common_I=(960117507257/1930018885886,324519717452867/652346383429468) next_full_lifts=3042
k=3132 delta=11 target=2758734 residue=4 carry=4 root=10 common_I=(960117507257/1930018885886,324519717452867/652346383429468) next_full_lifts=3042
k=3135 delta=4 target=690102 residue=10 carry=7 root=3 common_I=(960117507257/1930018885886,324519717452867/652346383429468) next_full_lifts=3042
k=3136 delta=6 target=558 residue=12 carry=8 root=5 common_I=(960117507257/1930018885886,324519717452867/652346383429468) next_full_lifts=3041
k=3137 delta=8 target=4137823 residue=1 carry=9 root=7 common_I=(960117507257/1930018885886,324519717452867/652346383429468) next_full_lifts=3041
k=3138 delta=10 target=3448279 residue=3 carry=10 root=9 common_I=(960117507257/1930018885886,324519717452867/652346383429468) next_full_lifts=3041
k=3139 delta=12 target=2758735 residue=5 carry=11 root=11 common_I=(960117507257/1930018885886,324519717452867/652346383429468) next_full_lifts=3041
k=3141 delta=3 target=1379647 residue=9 carry=0 root=2 common_I=(960117507257/1930018885886,324519717452867/652346383429468) next_full_lifts=3045
k=3142 delta=5 target=690103 residue=11 carry=1 root=4 common_I=(960117507257/1930018885886,324519717452867/652346383429468) next_full_lifts=3041
k=3143 delta=7 target=559 residue=0 carry=2 root=6 common_I=(960117507257/1930018885886,324519717452867/652346383429468) next_full_lifts=3042
k=3144 delta=9 target=4137824 residue=2 carry=3 root=8 common_I=(960117507257/1930018885886,324519717452867/652346383429468) next_full_lifts=3042
k=3145 delta=11 target=3448280 residue=4 carry=4 root=10 common_I=(960117507257/1930018885886,324519717452867/652346383429468) next_full_lifts=3042
k=3148 delta=4 target=1379648 residue=10 carry=7 root=3 common_I=(960117507257/1930018885886,324519717452867/652346383429468) next_full_lifts=3042
k=3149 delta=6 target=690104 residue=12 carry=8 root=5 common_I=(960117507257/1930018885886,324519717452867/652346383429468) next_full_lifts=3041
k=3150 delta=8 target=560 residue=1 carry=9 root=7 common_I=(960117507257/1930018885886,324519717452867/652346383429468) next_full_lifts=3041
k=3151 delta=10 target=4137825 residue=3 carry=10 root=9 common_I=(960117507257/1930018885886,324519717452867/652346383429468) next_full_lifts=3041
k=3152 delta=12 target=3448281 residue=5 carry=11 root=11 common_I=(960117507257/1930018885886,324519717452867/652346383429468) next_full_lifts=3041
k=3154 delta=3 target=2069193 residue=9 carry=0 root=2 common_I=(960117507257/1930018885886,324519717452867/652346383429468) next_full_lifts=3045
k=3155 delta=5 target=1379649 residue=11 carry=1 root=4 common_I=(960117507257/1930018885886,324519717452867/652346383429468) next_full_lifts=3041
k=3156 delta=7 target=690105 residue=0 carry=2 root=6 common_I=(960117507257/1930018885886,324519717452867/652346383429468) next_full_lifts=3042
k=3157 delta=9 target=561 residue=2 carry=3 root=8 common_I=(960117507257/1930018885886,324519717452867/652346383429468) next_full_lifts=3042
k=3158 delta=11 target=4137826 residue=4 carry=4 root=10 common_I=(960117507257/1930018885886,324519717452867/652346383429468) next_full_lifts=3042
k=3161 delta=4 target=2069194 residue=10 carry=7 root=3 common_I=(960117507257/1930018885886,324519717452867/652346383429468) next_full_lifts=3042
k=3162 delta=6 target=1379650 residue=12 carry=8 root=5 common_I=(960117507257/1930018885886,324519717452867/652346383429468) next_full_lifts=3041
k=3163 delta=8 target=690106 residue=1 carry=9 root=7 common_I=(960117507257/1930018885886,324519717452867/652346383429468) next_full_lifts=3041
k=3164 delta=10 target=562 residue=3 carry=10 root=9 common_I=(960117507257/1930018885886,324519717452867/652346383429468) next_full_lifts=3041
k=3165 delta=12 target=4137827 residue=5 carry=11 root=11 common_I=(960117507257/1930018885886,324519717452867/652346383429468) next_full_lifts=3041
k=3167 delta=3 target=2758739 residue=9 carry=0 root=2 common_I=(960117507257/1930018885886,324519717452867/652346383429468) next_full_lifts=3045
k=3168 delta=5 target=2069195 residue=11 carry=1 root=4 common_I=(960117507257/1930018885886,324519717452867/652346383429468) next_full_lifts=3041
k=3169 delta=7 target=1379651 residue=0 carry=2 root=6 common_I=(960117507257/1930018885886,324519717452867/652346383429468) next_full_lifts=3042
k=3170 delta=9 target=690107 residue=2 carry=3 root=8 common_I=(960117507257/1930018885886,324519717452867/652346383429468) next_full_lifts=3042
k=3171 delta=11 target=563 residue=4 carry=4 root=10 common_I=(960117507257/1930018885886,324519717452867/652346383429468) next_full_lifts=3042
k=3174 delta=4 target=2758740 residue=10 carry=7 root=3 common_I=(960117507257/1930018885886,324519717452867/652346383429468) next_full_lifts=3042
k=3175 delta=6 target=2069196 residue=12 carry=8 root=5 common_I=(960117507257/1930018885886,324519717452867/652346383429468) next_full_lifts=3041
k=3176 delta=8 target=1379652 residue=1 carry=9 root=7 common_I=(960117507257/1930018885886,324519717452867/652346383429468) next_full_lifts=3041
k=3177 delta=10 target=690108 residue=3 carry=10 root=9 common_I=(960117507257/1930018885886,324519717452867/652346383429468) next_full_lifts=3041
k=3178 delta=12 target=564 residue=5 carry=11 root=11 common_I=(960117507257/1930018885886,324519717452867/652346383429468) next_full_lifts=3041
k=3180 delta=3 target=3448285 residue=9 carry=0 root=2 common_I=(960117507257/1930018885886,324519717452867/652346383429468) next_full_lifts=3045
k=3181 delta=5 target=2758741 residue=11 carry=1 root=4 common_I=(960117507257/1930018885886,324519717452867/652346383429468) next_full_lifts=3041
k=3182 delta=7 target=2069197 residue=0 carry=2 root=6 common_I=(960117507257/1930018885886,324519717452867/652346383429468) next_full_lifts=3042
k=3183 delta=9 target=1379653 residue=2 carry=3 root=8 common_I=(960117507257/1930018885886,324519717452867/652346383429468) next_full_lifts=3042
k=3184 delta=11 target=690109 residue=4 carry=4 root=10 common_I=(960117507257/1930018885886,324519717452867/652346383429468) next_full_lifts=3042
k=3187 delta=4 target=3448286 residue=10 carry=7 root=3 common_I=(960117507257/1930018885886,324519717452867/652346383429468) next_full_lifts=3042
k=3188 delta=6 target=2758742 residue=12 carry=8 root=5 common_I=(960117507257/1930018885886,324519717452867/652346383429468) next_full_lifts=3041
k=3189 delta=8 target=2069198 residue=1 carry=9 root=7 common_I=(960117507257/1930018885886,324519717452867/652346383429468) next_full_lifts=3041
k=3190 delta=10 target=1379654 residue=3 carry=10 root=9 common_I=(960117507257/1930018885886,324519717452867/652346383429468) next_full_lifts=3041
k=3191 delta=12 target=690110 residue=5 carry=11 root=11 common_I=(960117507257/1930018885886,324519717452867/652346383429468) next_full_lifts=3041
k=3193 delta=3 target=4137831 residue=9 carry=0 root=2 common_I=(960117507257/1930018885886,324519717452867/652346383429468) next_full_lifts=3045
k=3194 delta=5 target=3448287 residue=11 carry=1 root=4 common_I=(960117507257/1930018885886,324519717452867/652346383429468) next_full_lifts=3041
k=3195 delta=7 target=2758743 residue=0 carry=2 root=6 common_I=(960117507257/1930018885886,324519717452867/652346383429468) next_full_lifts=3042
k=3196 delta=9 target=2069199 residue=2 carry=3 root=8 common_I=(960117507257/1930018885886,324519717452867/652346383429468) next_full_lifts=3042
k=3197 delta=11 target=1379655 residue=4 carry=4 root=10 common_I=(960117507257/1930018885886,324519717452867/652346383429468) next_full_lifts=3042
k=3200 delta=4 target=4137832 residue=10 carry=7 root=3 common_I=(960117507257/1930018885886,324519717452867/652346383429468) next_full_lifts=3042
k=3201 delta=6 target=3448288 residue=12 carry=8 root=5 common_I=(960117507257/1930018885886,324519717452867/652346383429468) next_full_lifts=3041
k=3202 delta=8 target=2758744 residue=1 carry=9 root=7 common_I=(960117507257/1930018885886,324519717452867/652346383429468) next_full_lifts=3041
k=3203 delta=10 target=2069200 residue=3 carry=10 root=9 common_I=(960117507257/1930018885886,324519717452867/652346383429468) next_full_lifts=3041
k=3204 delta=12 target=1379656 residue=5 carry=11 root=11 common_I=(960117507257/1930018885886,324519717452867/652346383429468) next_full_lifts=3041
k=3206 delta=3 target=568 residue=9 carry=0 root=2 common_I=(960117507257/1930018885886,324519717452867/652346383429468) next_full_lifts=3045
k=3207 delta=5 target=4137833 residue=11 carry=1 root=4 common_I=(960117507257/1930018885886,324519717452867/652346383429468) next_full_lifts=3041
k=3208 delta=7 target=3448289 residue=0 carry=2 root=6 common_I=(960117507257/1930018885886,324519717452867/652346383429468) next_full_lifts=3042
k=3209 delta=9 target=2758745 residue=2 carry=3 root=8 common_I=(960117507257/1930018885886,324519717452867/652346383429468) next_full_lifts=3042
k=3210 delta=11 target=2069201 residue=4 carry=4 root=10 common_I=(960117507257/1930018885886,324519717452867/652346383429468) next_full_lifts=3042
k=3213 delta=4 target=569 residue=10 carry=7 root=3 common_I=(960117507257/1930018885886,324519717452867/652346383429468) next_full_lifts=3042
k=3214 delta=6 target=4137834 residue=12 carry=8 root=5 common_I=(960117507257/1930018885886,324519717452867/652346383429468) next_full_lifts=3041
k=3215 delta=8 target=3448290 residue=1 carry=9 root=7 common_I=(960117507257/1930018885886,324519717452867/652346383429468) next_full_lifts=3041
k=3216 delta=10 target=2758746 residue=3 carry=10 root=9 common_I=(960117507257/1930018885886,324519717452867/652346383429468) next_full_lifts=3041
k=3217 delta=12 target=2069202 residue=5 carry=11 root=11 common_I=(960117507257/1930018885886,324519717452867/652346383429468) next_full_lifts=3041
k=3219 delta=3 target=690114 residue=9 carry=0 root=2 common_I=(960117507257/1930018885886,324519717452867/652346383429468) next_full_lifts=3045
k=3220 delta=5 target=570 residue=11 carry=1 root=4 common_I=(960117507257/1930018885886,324519717452867/652346383429468) next_full_lifts=3041
k=3221 delta=7 target=4137835 residue=0 carry=2 root=6 common_I=(960117507257/1930018885886,324519717452867/652346383429468) next_full_lifts=3042
k=3222 delta=9 target=3448291 residue=2 carry=3 root=8 common_I=(960117507257/1930018885886,324519717452867/652346383429468) next_full_lifts=3042
k=3223 delta=11 target=2758747 residue=4 carry=4 root=10 common_I=(960117507257/1930018885886,324519717452867/652346383429468) next_full_lifts=3042
k=3226 delta=4 target=690115 residue=10 carry=7 root=3 common_I=(960117507257/1930018885886,324519717452867/652346383429468) next_full_lifts=3042
k=3227 delta=6 target=571 residue=12 carry=8 root=5 common_I=(960117507257/1930018885886,324519717452867/652346383429468) next_full_lifts=3041
k=3228 delta=8 target=4137836 residue=1 carry=9 root=7 common_I=(960117507257/1930018885886,324519717452867/652346383429468) next_full_lifts=3041
k=3229 delta=10 target=3448292 residue=3 carry=10 root=9 common_I=(960117507257/1930018885886,324519717452867/652346383429468) next_full_lifts=3041
k=3230 delta=12 target=2758748 residue=5 carry=11 root=11 common_I=(960117507257/1930018885886,324519717452867/652346383429468) next_full_lifts=3041
k=28174 delta=6 target=693679 residue=12 carry=8 root=5 common_I=(960117507257/1930018885886,324519717452867/652346383429468) next_full_lifts=3041
k=28175 delta=8 target=4135 residue=1 carry=9 root=7 common_I=(960117507257/1930018885886,324519717452867/652346383429468) next_full_lifts=3041
k=28176 delta=10 target=4141400 residue=3 carry=10 root=9 common_I=(960117507257/1930018885886,324519717452867/652346383429468) next_full_lifts=3041
k=28177 delta=12 target=3451856 residue=5 carry=11 root=11 common_I=(960117507257/1930018885886,324519717452867/652346383429468) next_full_lifts=3041
k=28179 delta=3 target=2072768 residue=9 carry=0 root=2 common_I=(960117507257/1930018885886,324519717452867/652346383429468) next_full_lifts=3045
k=28180 delta=5 target=1383224 residue=11 carry=1 root=4 common_I=(960117507257/1930018885886,324519717452867/652346383429468) next_full_lifts=3041
k=28181 delta=7 target=693680 residue=0 carry=2 root=6 common_I=(960117507257/1930018885886,324519717452867/652346383429468) next_full_lifts=3042
k=28182 delta=9 target=4136 residue=2 carry=3 root=8 common_I=(960117507257/1930018885886,324519717452867/652346383429468) next_full_lifts=3042
k=28183 delta=11 target=4141401 residue=4 carry=4 root=10 common_I=(960117507257/1930018885886,324519717452867/652346383429468) next_full_lifts=3042
k=28186 delta=4 target=2072769 residue=10 carry=7 root=3 common_I=(960117507257/1930018885886,324519717452867/652346383429468) next_full_lifts=3042
k=28187 delta=6 target=1383225 residue=12 carry=8 root=5 common_I=(960117507257/1930018885886,324519717452867/652346383429468) next_full_lifts=3041
k=28188 delta=8 target=693681 residue=1 carry=9 root=7 common_I=(960117507257/1930018885886,324519717452867/652346383429468) next_full_lifts=3041
k=28189 delta=10 target=4137 residue=3 carry=10 root=9 common_I=(960117507257/1930018885886,324519717452867/652346383429468) next_full_lifts=3041
k=28190 delta=12 target=4141402 residue=5 carry=11 root=11 common_I=(960117507257/1930018885886,324519717452867/652346383429468) next_full_lifts=3041
k=28192 delta=3 target=2762314 residue=9 carry=0 root=2 common_I=(960117507257/1930018885886,324519717452867/652346383429468) next_full_lifts=3045
k=28193 delta=5 target=2072770 residue=11 carry=1 root=4 common_I=(960117507257/1930018885886,324519717452867/652346383429468) next_full_lifts=3041
k=28194 delta=7 target=1383226 residue=0 carry=2 root=6 common_I=(960117507257/1930018885886,324519717452867/652346383429468) next_full_lifts=3042
k=28195 delta=9 target=693682 residue=2 carry=3 root=8 common_I=(960117507257/1930018885886,324519717452867/652346383429468) next_full_lifts=3042
k=28196 delta=11 target=4138 residue=4 carry=4 root=10 common_I=(960117507257/1930018885886,324519717452867/652346383429468) next_full_lifts=3042
k=28199 delta=4 target=2762315 residue=10 carry=7 root=3 common_I=(960117507257/1930018885886,324519717452867/652346383429468) next_full_lifts=3042
k=28200 delta=6 target=2072771 residue=12 carry=8 root=5 common_I=(960117507257/1930018885886,324519717452867/652346383429468) next_full_lifts=3041
k=28201 delta=8 target=1383227 residue=1 carry=9 root=7 common_I=(960117507257/1930018885886,324519717452867/652346383429468) next_full_lifts=3041
k=28202 delta=10 target=693683 residue=3 carry=10 root=9 common_I=(960117507257/1930018885886,324519717452867/652346383429468) next_full_lifts=3041
k=28203 delta=12 target=4139 residue=5 carry=11 root=11 common_I=(960117507257/1930018885886,324519717452867/652346383429468) next_full_lifts=3041
k=28205 delta=3 target=3451860 residue=9 carry=0 root=2 common_I=(960117507257/1930018885886,324519717452867/652346383429468) next_full_lifts=3045
k=28206 delta=5 target=2762316 residue=11 carry=1 root=4 common_I=(960117507257/1930018885886,324519717452867/652346383429468) next_full_lifts=3041
k=28207 delta=7 target=2072772 residue=0 carry=2 root=6 common_I=(960117507257/1930018885886,324519717452867/652346383429468) next_full_lifts=3042
k=28208 delta=9 target=1383228 residue=2 carry=3 root=8 common_I=(960117507257/1930018885886,324519717452867/652346383429468) next_full_lifts=3042
k=28209 delta=11 target=693684 residue=4 carry=4 root=10 common_I=(960117507257/1930018885886,324519717452867/652346383429468) next_full_lifts=3042
k=28212 delta=4 target=3451861 residue=10 carry=7 root=3 common_I=(960117507257/1930018885886,324519717452867/652346383429468) next_full_lifts=3042
k=28213 delta=6 target=2762317 residue=12 carry=8 root=5 common_I=(960117507257/1930018885886,324519717452867/652346383429468) next_full_lifts=3041
k=28214 delta=8 target=2072773 residue=1 carry=9 root=7 common_I=(960117507257/1930018885886,324519717452867/652346383429468) next_full_lifts=3041
k=28215 delta=10 target=1383229 residue=3 carry=10 root=9 common_I=(960117507257/1930018885886,324519717452867/652346383429468) next_full_lifts=3041
k=28216 delta=12 target=693685 residue=5 carry=11 root=11 common_I=(960117507257/1930018885886,324519717452867/652346383429468) next_full_lifts=3041
k=28218 delta=3 target=4141406 residue=9 carry=0 root=2 common_I=(960117507257/1930018885886,324519717452867/652346383429468) next_full_lifts=3045
k=28219 delta=5 target=3451862 residue=11 carry=1 root=4 common_I=(960117507257/1930018885886,324519717452867/652346383429468) next_full_lifts=3041
k=28220 delta=7 target=2762318 residue=0 carry=2 root=6 common_I=(960117507257/1930018885886,324519717452867/652346383429468) next_full_lifts=3042
k=28221 delta=9 target=2072774 residue=2 carry=3 root=8 common_I=(960117507257/1930018885886,324519717452867/652346383429468) next_full_lifts=3042
k=28222 delta=11 target=1383230 residue=4 carry=4 root=10 common_I=(960117507257/1930018885886,324519717452867/652346383429468) next_full_lifts=3042
k=28225 delta=4 target=4141407 residue=10 carry=7 root=3 common_I=(960117507257/1930018885886,324519717452867/652346383429468) next_full_lifts=3042
k=28226 delta=6 target=3451863 residue=12 carry=8 root=5 common_I=(960117507257/1930018885886,324519717452867/652346383429468) next_full_lifts=3041
k=28227 delta=8 target=2762319 residue=1 carry=9 root=7 common_I=(960117507257/1930018885886,324519717452867/652346383429468) next_full_lifts=3041
k=28228 delta=10 target=2072775 residue=3 carry=10 root=9 common_I=(960117507257/1930018885886,324519717452867/652346383429468) next_full_lifts=3041
k=28229 delta=12 target=1383231 residue=5 carry=11 root=11 common_I=(960117507257/1930018885886,324519717452867/652346383429468) next_full_lifts=3041
k=28231 delta=3 target=4143 residue=9 carry=0 root=2 common_I=(960117507257/1930018885886,324519717452867/652346383429468) next_full_lifts=3045
k=28232 delta=5 target=4141408 residue=11 carry=1 root=4 common_I=(960117507257/1930018885886,324519717452867/652346383429468) next_full_lifts=3041
k=28233 delta=7 target=3451864 residue=0 carry=2 root=6 common_I=(960117507257/1930018885886,324519717452867/652346383429468) next_full_lifts=3042
k=28234 delta=9 target=2762320 residue=2 carry=3 root=8 common_I=(960117507257/1930018885886,324519717452867/652346383429468) next_full_lifts=3042
k=28235 delta=11 target=2072776 residue=4 carry=4 root=10 common_I=(960117507257/1930018885886,324519717452867/652346383429468) next_full_lifts=3042
k=28238 delta=4 target=4144 residue=10 carry=7 root=3 common_I=(960117507257/1930018885886,324519717452867/652346383429468) next_full_lifts=3042
k=28239 delta=6 target=4141409 residue=12 carry=8 root=5 common_I=(960117507257/1930018885886,324519717452867/652346383429468) next_full_lifts=3041
k=28240 delta=8 target=3451865 residue=1 carry=9 root=7 common_I=(960117507257/1930018885886,324519717452867/652346383429468) next_full_lifts=3041
k=28241 delta=10 target=2762321 residue=3 carry=10 root=9 common_I=(960117507257/1930018885886,324519717452867/652346383429468) next_full_lifts=3041
k=28242 delta=12 target=2072777 residue=5 carry=11 root=11 common_I=(960117507257/1930018885886,324519717452867/652346383429468) next_full_lifts=3041
k=28244 delta=3 target=693689 residue=9 carry=0 root=2 common_I=(960117507257/1930018885886,324519717452867/652346383429468) next_full_lifts=3045
k=28245 delta=5 target=4145 residue=11 carry=1 root=4 common_I=(960117507257/1930018885886,324519717452867/652346383429468) next_full_lifts=3041
k=28246 delta=7 target=4141410 residue=0 carry=2 root=6 common_I=(960117507257/1930018885886,324519717452867/652346383429468) next_full_lifts=3042
k=28247 delta=9 target=3451866 residue=2 carry=3 root=8 common_I=(960117507257/1930018885886,324519717452867/652346383429468) next_full_lifts=3042
k=28248 delta=11 target=2762322 residue=4 carry=4 root=10 common_I=(960117507257/1930018885886,324519717452867/652346383429468) next_full_lifts=3042
k=28251 delta=4 target=693690 residue=10 carry=7 root=3 common_I=(960117507257/1930018885886,324519717452867/652346383429468) next_full_lifts=3042
k=28252 delta=6 target=4146 residue=12 carry=8 root=5 common_I=(960117507257/1930018885886,324519717452867/652346383429468) next_full_lifts=3041
k=28253 delta=8 target=4141411 residue=1 carry=9 root=7 common_I=(960117507257/1930018885886,324519717452867/652346383429468) next_full_lifts=3041
k=28254 delta=10 target=3451867 residue=3 carry=10 root=9 common_I=(960117507257/1930018885886,324519717452867/652346383429468) next_full_lifts=3041
k=28255 delta=12 target=2762323 residue=5 carry=11 root=11 common_I=(960117507257/1930018885886,324519717452867/652346383429468) next_full_lifts=3041
k=28257 delta=3 target=1383235 residue=9 carry=0 root=2 common_I=(960117507257/1930018885886,324519717452867/652346383429468) next_full_lifts=3045
k=28258 delta=5 target=693691 residue=11 carry=1 root=4 common_I=(960117507257/1930018885886,324519717452867/652346383429468) next_full_lifts=3041
k=28259 delta=7 target=4147 residue=0 carry=2 root=6 common_I=(960117507257/1930018885886,324519717452867/652346383429468) next_full_lifts=3042
k=28260 delta=9 target=4141412 residue=2 carry=3 root=8 common_I=(960117507257/1930018885886,324519717452867/652346383429468) next_full_lifts=3042
k=28261 delta=11 target=3451868 residue=4 carry=4 root=10 common_I=(960117507257/1930018885886,324519717452867/652346383429468) next_full_lifts=3042
k=28264 delta=4 target=1383236 residue=10 carry=7 root=3 common_I=(960117507257/1930018885886,324519717452867/652346383429468) next_full_lifts=3042
k=28265 delta=6 target=693692 residue=12 carry=8 root=5 common_I=(960117507257/1930018885886,324519717452867/652346383429468) next_full_lifts=3041
k=28266 delta=8 target=4148 residue=1 carry=9 root=7 common_I=(960117507257/1930018885886,324519717452867/652346383429468) next_full_lifts=3041
k=28267 delta=10 target=4141413 residue=3 carry=10 root=9 common_I=(960117507257/1930018885886,324519717452867/652346383429468) next_full_lifts=3041
k=28268 delta=12 target=3451869 residue=5 carry=11 root=11 common_I=(960117507257/1930018885886,324519717452867/652346383429468) next_full_lifts=3041
k=28270 delta=3 target=2072781 residue=9 carry=0 root=2 common_I=(960117507257/1930018885886,324519717452867/652346383429468) next_full_lifts=3045
k=28271 delta=5 target=1383237 residue=11 carry=1 root=4 common_I=(960117507257/1930018885886,324519717452867/652346383429468) next_full_lifts=3041
k=28272 delta=7 target=693693 residue=0 carry=2 root=6 common_I=(960117507257/1930018885886,324519717452867/652346383429468) next_full_lifts=3042
k=28273 delta=9 target=4149 residue=2 carry=3 root=8 common_I=(960117507257/1930018885886,324519717452867/652346383429468) next_full_lifts=3042
k=28274 delta=11 target=4141414 residue=4 carry=4 root=10 common_I=(960117507257/1930018885886,324519717452867/652346383429468) next_full_lifts=3042
k=28277 delta=4 target=2072782 residue=10 carry=7 root=3 common_I=(960117507257/1930018885886,324519717452867/652346383429468) next_full_lifts=3042
k=28278 delta=6 target=1383238 residue=12 carry=8 root=5 common_I=(960117507257/1930018885886,324519717452867/652346383429468) next_full_lifts=3041
k=28279 delta=8 target=693694 residue=1 carry=9 root=7 common_I=(960117507257/1930018885886,324519717452867/652346383429468) next_full_lifts=3041
k=28280 delta=10 target=4150 residue=3 carry=10 root=9 common_I=(960117507257/1930018885886,324519717452867/652346383429468) next_full_lifts=3041
k=28281 delta=12 target=4141415 residue=5 carry=11 root=11 common_I=(960117507257/1930018885886,324519717452867/652346383429468) next_full_lifts=3041
k=28283 delta=3 target=2762327 residue=9 carry=0 root=2 common_I=(960117507257/1930018885886,324519717452867/652346383429468) next_full_lifts=3045
k=28284 delta=5 target=2072783 residue=11 carry=1 root=4 common_I=(960117507257/1930018885886,324519717452867/652346383429468) next_full_lifts=3041
k=28285 delta=7 target=1383239 residue=0 carry=2 root=6 common_I=(960117507257/1930018885886,324519717452867/652346383429468) next_full_lifts=3042
k=28286 delta=9 target=693695 residue=2 carry=3 root=8 common_I=(960117507257/1930018885886,324519717452867/652346383429468) next_full_lifts=3042
k=28287 delta=11 target=4151 residue=4 carry=4 root=10 common_I=(960117507257/1930018885886,324519717452867/652346383429468) next_full_lifts=3042
k=28290 delta=4 target=2762328 residue=10 carry=7 root=3 common_I=(960117507257/1930018885886,324519717452867/652346383429468) next_full_lifts=3042
k=28291 delta=6 target=2072784 residue=12 carry=8 root=5 common_I=(960117507257/1930018885886,324519717452867/652346383429468) next_full_lifts=3041
k=28292 delta=8 target=1383240 residue=1 carry=9 root=7 common_I=(960117507257/1930018885886,324519717452867/652346383429468) next_full_lifts=3041
k=28293 delta=10 target=693696 residue=3 carry=10 root=9 common_I=(960117507257/1930018885886,324519717452867/652346383429468) next_full_lifts=3041
k=28294 delta=12 target=4152 residue=5 carry=11 root=11 common_I=(960117507257/1930018885886,324519717452867/652346383429468) next_full_lifts=3041
k=28296 delta=3 target=3451873 residue=9 carry=0 root=2 common_I=(960117507257/1930018885886,324519717452867/652346383429468) next_full_lifts=3045
k=28297 delta=5 target=2762329 residue=11 carry=1 root=4 common_I=(960117507257/1930018885886,324519717452867/652346383429468) next_full_lifts=3041
k=28298 delta=7 target=2072785 residue=0 carry=2 root=6 common_I=(960117507257/1930018885886,324519717452867/652346383429468) next_full_lifts=3042
k=28299 delta=9 target=1383241 residue=2 carry=3 root=8 common_I=(960117507257/1930018885886,324519717452867/652346383429468) next_full_lifts=3042
k=28300 delta=11 target=693697 residue=4 carry=4 root=10 common_I=(960117507257/1930018885886,324519717452867/652346383429468) next_full_lifts=3042
k=28303 delta=4 target=3451874 residue=10 carry=7 root=3 common_I=(960117507257/1930018885886,324519717452867/652346383429468) next_full_lifts=3042
k=28304 delta=6 target=2762330 residue=12 carry=8 root=5 common_I=(960117507257/1930018885886,324519717452867/652346383429468) next_full_lifts=3041
k=28305 delta=8 target=2072786 residue=1 carry=9 root=7 common_I=(960117507257/1930018885886,324519717452867/652346383429468) next_full_lifts=3041
k=28306 delta=10 target=1383242 residue=3 carry=10 root=9 common_I=(960117507257/1930018885886,324519717452867/652346383429468) next_full_lifts=3041
k=28307 delta=12 target=693698 residue=5 carry=11 root=11 common_I=(960117507257/1930018885886,324519717452867/652346383429468) next_full_lifts=3041
k=28309 delta=3 target=4141419 residue=9 carry=0 root=2 common_I=(960117507257/1930018885886,324519717452867/652346383429468) next_full_lifts=3045
k=28310 delta=5 target=3451875 residue=11 carry=1 root=4 common_I=(960117507257/1930018885886,324519717452867/652346383429468) next_full_lifts=3041
k=28311 delta=7 target=2762331 residue=0 carry=2 root=6 common_I=(960117507257/1930018885886,324519717452867/652346383429468) next_full_lifts=3042
k=28312 delta=9 target=2072787 residue=2 carry=3 root=8 common_I=(960117507257/1930018885886,324519717452867/652346383429468) next_full_lifts=3042
k=28313 delta=11 target=1383243 residue=4 carry=4 root=10 common_I=(960117507257/1930018885886,324519717452867/652346383429468) next_full_lifts=3042
k=28316 delta=4 target=4141420 residue=10 carry=7 root=3 common_I=(960117507257/1930018885886,324519717452867/652346383429468) next_full_lifts=3042
k=28317 delta=6 target=3451876 residue=12 carry=8 root=5 common_I=(960117507257/1930018885886,324519717452867/652346383429468) next_full_lifts=3041
k=28318 delta=8 target=2762332 residue=1 carry=9 root=7 common_I=(960117507257/1930018885886,324519717452867/652346383429468) next_full_lifts=3041
k=28319 delta=10 target=2072788 residue=3 carry=10 root=9 common_I=(960117507257/1930018885886,324519717452867/652346383429468) next_full_lifts=3041
k=28320 delta=12 target=1383244 residue=5 carry=11 root=11 common_I=(960117507257/1930018885886,324519717452867/652346383429468) next_full_lifts=3041
k=28322 delta=3 target=4156 residue=9 carry=0 root=2 common_I=(960117507257/1930018885886,324519717452867/652346383429468) next_full_lifts=3045
k=28323 delta=5 target=4141421 residue=11 carry=1 root=4 common_I=(960117507257/1930018885886,324519717452867/652346383429468) next_full_lifts=3041
k=28324 delta=7 target=3451877 residue=0 carry=2 root=6 common_I=(960117507257/1930018885886,324519717452867/652346383429468) next_full_lifts=3042
k=28325 delta=9 target=2762333 residue=2 carry=3 root=8 common_I=(960117507257/1930018885886,324519717452867/652346383429468) next_full_lifts=3042
k=28326 delta=11 target=2072789 residue=4 carry=4 root=10 common_I=(960117507257/1930018885886,324519717452867/652346383429468) next_full_lifts=3042
k=28329 delta=4 target=4157 residue=10 carry=7 root=3 common_I=(960117507257/1930018885886,324519717452867/652346383429468) next_full_lifts=3042
k=28330 delta=6 target=4141422 residue=12 carry=8 root=5 common_I=(960117507257/1930018885886,324519717452867/652346383429468) next_full_lifts=3041
k=28331 delta=8 target=3451878 residue=1 carry=9 root=7 common_I=(960117507257/1930018885886,324519717452867/652346383429468) next_full_lifts=3041
k=28332 delta=10 target=2762334 residue=3 carry=10 root=9 common_I=(960117507257/1930018885886,324519717452867/652346383429468) next_full_lifts=3041
k=28333 delta=12 target=2072790 residue=5 carry=11 root=11 common_I=(960117507257/1930018885886,324519717452867/652346383429468) next_full_lifts=3041
k=28335 delta=3 target=693702 residue=9 carry=0 root=2 common_I=(960117507257/1930018885886,324519717452867/652346383429468) next_full_lifts=3045
k=28336 delta=5 target=4158 residue=11 carry=1 root=4 common_I=(960117507257/1930018885886,324519717452867/652346383429468) next_full_lifts=3041
k=28337 delta=7 target=4141423 residue=0 carry=2 root=6 common_I=(960117507257/1930018885886,324519717452867/652346383429468) next_full_lifts=3042
k=28338 delta=9 target=3451879 residue=2 carry=3 root=8 common_I=(960117507257/1930018885886,324519717452867/652346383429468) next_full_lifts=3042
k=28339 delta=11 target=2762335 residue=4 carry=4 root=10 common_I=(960117507257/1930018885886,324519717452867/652346383429468) next_full_lifts=3042
k=28342 delta=4 target=693703 residue=10 carry=7 root=3 common_I=(960117507257/1930018885886,324519717452867/652346383429468) next_full_lifts=3042
k=28343 delta=6 target=4159 residue=12 carry=8 root=5 common_I=(960117507257/1930018885886,324519717452867/652346383429468) next_full_lifts=3041
k=28344 delta=8 target=4141424 residue=1 carry=9 root=7 common_I=(960117507257/1930018885886,324519717452867/652346383429468) next_full_lifts=3041
k=28345 delta=10 target=3451880 residue=3 carry=10 root=9 common_I=(960117507257/1930018885886,324519717452867/652346383429468) next_full_lifts=3041
k=28346 delta=12 target=2762336 residue=5 carry=11 root=11 common_I=(960117507257/1930018885886,324519717452867/652346383429468) next_full_lifts=3041
k=28348 delta=3 target=1383248 residue=9 carry=0 root=2 common_I=(960117507257/1930018885886,324519717452867/652346383429468) next_full_lifts=3045
k=28349 delta=5 target=693704 residue=11 carry=1 root=4 common_I=(960117507257/1930018885886,324519717452867/652346383429468) next_full_lifts=3041
k=28350 delta=7 target=4160 residue=0 carry=2 root=6 common_I=(960117507257/1930018885886,324519717452867/652346383429468) next_full_lifts=3042
k=28351 delta=9 target=4141425 residue=2 carry=3 root=8 common_I=(960117507257/1930018885886,324519717452867/652346383429468) next_full_lifts=3042
k=28352 delta=11 target=3451881 residue=4 carry=4 root=10 common_I=(960117507257/1930018885886,324519717452867/652346383429468) next_full_lifts=3042
k=28355 delta=4 target=1383249 residue=10 carry=7 root=3 common_I=(960117507257/1930018885886,324519717452867/652346383429468) next_full_lifts=3042
k=28356 delta=6 target=693705 residue=12 carry=8 root=5 common_I=(960117507257/1930018885886,324519717452867/652346383429468) next_full_lifts=3041
k=28357 delta=8 target=4161 residue=1 carry=9 root=7 common_I=(960117507257/1930018885886,324519717452867/652346383429468) next_full_lifts=3041
k=28358 delta=10 target=4141426 residue=3 carry=10 root=9 common_I=(960117507257/1930018885886,324519717452867/652346383429468) next_full_lifts=3041
k=28359 delta=12 target=3451882 residue=5 carry=11 root=11 common_I=(960117507257/1930018885886,324519717452867/652346383429468) next_full_lifts=3041
k=28361 delta=3 target=2072794 residue=9 carry=0 root=2 common_I=(960117507257/1930018885886,324519717452867/652346383429468) next_full_lifts=3045
k=28362 delta=5 target=1383250 residue=11 carry=1 root=4 common_I=(960117507257/1930018885886,324519717452867/652346383429468) next_full_lifts=3041
k=28363 delta=7 target=693706 residue=0 carry=2 root=6 common_I=(960117507257/1930018885886,324519717452867/652346383429468) next_full_lifts=3042
k=28364 delta=9 target=4162 residue=2 carry=3 root=8 common_I=(960117507257/1930018885886,324519717452867/652346383429468) next_full_lifts=3042
k=28365 delta=11 target=4141427 residue=4 carry=4 root=10 common_I=(960117507257/1930018885886,324519717452867/652346383429468) next_full_lifts=3042
k=28368 delta=4 target=2072795 residue=10 carry=7 root=3 common_I=(960117507257/1930018885886,324519717452867/652346383429468) next_full_lifts=3042
k=28369 delta=6 target=1383251 residue=12 carry=8 root=5 common_I=(960117507257/1930018885886,324519717452867/652346383429468) next_full_lifts=3041
k=28370 delta=8 target=693707 residue=1 carry=9 root=7 common_I=(960117507257/1930018885886,324519717452867/652346383429468) next_full_lifts=3041
k=28371 delta=10 target=4163 residue=3 carry=10 root=9 common_I=(960117507257/1930018885886,324519717452867/652346383429468) next_full_lifts=3041
k=28372 delta=12 target=4141428 residue=5 carry=11 root=11 common_I=(960117507257/1930018885886,324519717452867/652346383429468) next_full_lifts=3041
k=28374 delta=3 target=2762340 residue=9 carry=0 root=2 common_I=(960117507257/1930018885886,324519717452867/652346383429468) next_full_lifts=3045
k=28375 delta=5 target=2072796 residue=11 carry=1 root=4 common_I=(960117507257/1930018885886,324519717452867/652346383429468) next_full_lifts=3041
k=28376 delta=7 target=1383252 residue=0 carry=2 root=6 common_I=(960117507257/1930018885886,324519717452867/652346383429468) next_full_lifts=3042
k=28377 delta=9 target=693708 residue=2 carry=3 root=8 common_I=(960117507257/1930018885886,324519717452867/652346383429468) next_full_lifts=3042
k=28378 delta=11 target=4164 residue=4 carry=4 root=10 common_I=(960117507257/1930018885886,324519717452867/652346383429468) next_full_lifts=3042
k=28381 delta=4 target=2762341 residue=10 carry=7 root=3 common_I=(960117507257/1930018885886,324519717452867/652346383429468) next_full_lifts=3042
k=28382 delta=6 target=2072797 residue=12 carry=8 root=5 common_I=(960117507257/1930018885886,324519717452867/652346383429468) next_full_lifts=3041
k=28383 delta=8 target=1383253 residue=1 carry=9 root=7 common_I=(960117507257/1930018885886,324519717452867/652346383429468) next_full_lifts=3041
k=28384 delta=10 target=693709 residue=3 carry=10 root=9 common_I=(960117507257/1930018885886,324519717452867/652346383429468) next_full_lifts=3041
k=28385 delta=12 target=4165 residue=5 carry=11 root=11 common_I=(960117507257/1930018885886,324519717452867/652346383429468) next_full_lifts=3041
k=28387 delta=3 target=3451886 residue=9 carry=0 root=2 common_I=(960117507257/1930018885886,324519717452867/652346383429468) next_full_lifts=3045
k=28388 delta=5 target=2762342 residue=11 carry=1 root=4 common_I=(960117507257/1930018885886,324519717452867/652346383429468) next_full_lifts=3041
k=28389 delta=7 target=2072798 residue=0 carry=2 root=6 common_I=(960117507257/1930018885886,324519717452867/652346383429468) next_full_lifts=3042
k=28390 delta=9 target=1383254 residue=2 carry=3 root=8 common_I=(960117507257/1930018885886,324519717452867/652346383429468) next_full_lifts=3042
k=28391 delta=11 target=693710 residue=4 carry=4 root=10 common_I=(960117507257/1930018885886,324519717452867/652346383429468) next_full_lifts=3042
k=28394 delta=4 target=3451887 residue=10 carry=7 root=3 common_I=(960117507257/1930018885886,324519717452867/652346383429468) next_full_lifts=3042
k=28395 delta=6 target=2762343 residue=12 carry=8 root=5 common_I=(960117507257/1930018885886,324519717452867/652346383429468) next_full_lifts=3041
k=28396 delta=8 target=2072799 residue=1 carry=9 root=7 common_I=(960117507257/1930018885886,324519717452867/652346383429468) next_full_lifts=3041
k=28397 delta=10 target=1383255 residue=3 carry=10 root=9 common_I=(960117507257/1930018885886,324519717452867/652346383429468) next_full_lifts=3041
k=28398 delta=12 target=693711 residue=5 carry=11 root=11 common_I=(960117507257/1930018885886,324519717452867/652346383429468) next_full_lifts=3041
k=28400 delta=3 target=4141432 residue=9 carry=0 root=2 common_I=(960117507257/1930018885886,324519717452867/652346383429468) next_full_lifts=3045
k=28401 delta=5 target=3451888 residue=11 carry=1 root=4 common_I=(960117507257/1930018885886,324519717452867/652346383429468) next_full_lifts=3041
k=28402 delta=7 target=2762344 residue=0 carry=2 root=6 common_I=(960117507257/1930018885886,324519717452867/652346383429468) next_full_lifts=3042
k=28403 delta=9 target=2072800 residue=2 carry=3 root=8 common_I=(960117507257/1930018885886,324519717452867/652346383429468) next_full_lifts=3042
k=28404 delta=11 target=1383256 residue=4 carry=4 root=10 common_I=(960117507257/1930018885886,324519717452867/652346383429468) next_full_lifts=3042
k=28407 delta=4 target=4141433 residue=10 carry=7 root=3 common_I=(960117507257/1930018885886,324519717452867/652346383429468) next_full_lifts=3042
k=28408 delta=6 target=3451889 residue=12 carry=8 root=5 common_I=(960117507257/1930018885886,324519717452867/652346383429468) next_full_lifts=3041
k=28409 delta=8 target=2762345 residue=1 carry=9 root=7 common_I=(960117507257/1930018885886,324519717452867/652346383429468) next_full_lifts=3041
k=28410 delta=10 target=2072801 residue=3 carry=10 root=9 common_I=(960117507257/1930018885886,324519717452867/652346383429468) next_full_lifts=3041
k=28411 delta=12 target=1383257 residue=5 carry=11 root=11 common_I=(960117507257/1930018885886,324519717452867/652346383429468) next_full_lifts=3041
k=28413 delta=3 target=4169 residue=9 carry=0 root=2 common_I=(960117507257/1930018885886,324519717452867/652346383429468) next_full_lifts=3045
k=28414 delta=5 target=4141434 residue=11 carry=1 root=4 common_I=(960117507257/1930018885886,324519717452867/652346383429468) next_full_lifts=3041
k=28415 delta=7 target=3451890 residue=0 carry=2 root=6 common_I=(960117507257/1930018885886,324519717452867/652346383429468) next_full_lifts=3042
k=28416 delta=9 target=2762346 residue=2 carry=3 root=8 common_I=(960117507257/1930018885886,324519717452867/652346383429468) next_full_lifts=3042
k=28417 delta=11 target=2072802 residue=4 carry=4 root=10 common_I=(960117507257/1930018885886,324519717452867/652346383429468) next_full_lifts=3042
k=28420 delta=4 target=4170 residue=10 carry=7 root=3 common_I=(960117507257/1930018885886,324519717452867/652346383429468) next_full_lifts=3042
k=28421 delta=6 target=4141435 residue=12 carry=8 root=5 common_I=(960117507257/1930018885886,324519717452867/652346383429468) next_full_lifts=3041
k=28422 delta=8 target=3451891 residue=1 carry=9 root=7 common_I=(960117507257/1930018885886,324519717452867/652346383429468) next_full_lifts=3041
k=28423 delta=10 target=2762347 residue=3 carry=10 root=9 common_I=(960117507257/1930018885886,324519717452867/652346383429468) next_full_lifts=3041
k=28424 delta=12 target=2072803 residue=5 carry=11 root=11 common_I=(960117507257/1930018885886,324519717452867/652346383429468) next_full_lifts=3041
k=28426 delta=3 target=693715 residue=9 carry=0 root=2 common_I=(960117507257/1930018885886,324519717452867/652346383429468) next_full_lifts=3045
k=28427 delta=5 target=4171 residue=11 carry=1 root=4 common_I=(960117507257/1930018885886,324519717452867/652346383429468) next_full_lifts=3041
k=28428 delta=7 target=4141436 residue=0 carry=2 root=6 common_I=(960117507257/1930018885886,324519717452867/652346383429468) next_full_lifts=3042
k=28429 delta=9 target=3451892 residue=2 carry=3 root=8 common_I=(960117507257/1930018885886,324519717452867/652346383429468) next_full_lifts=3042
k=28430 delta=11 target=2762348 residue=4 carry=4 root=10 common_I=(960117507257/1930018885886,324519717452867/652346383429468) next_full_lifts=3042
k=28433 delta=4 target=693716 residue=10 carry=7 root=3 common_I=(960117507257/1930018885886,324519717452867/652346383429468) next_full_lifts=3042
k=28434 delta=6 target=4172 residue=12 carry=8 root=5 common_I=(960117507257/1930018885886,324519717452867/652346383429468) next_full_lifts=3041
k=28435 delta=8 target=4141437 residue=1 carry=9 root=7 common_I=(960117507257/1930018885886,324519717452867/652346383429468) next_full_lifts=3041
k=28436 delta=10 target=3451893 residue=3 carry=10 root=9 common_I=(960117507257/1930018885886,324519717452867/652346383429468) next_full_lifts=3041
k=28437 delta=12 target=2762349 residue=5 carry=11 root=11 common_I=(960117507257/1930018885886,324519717452867/652346383429468) next_full_lifts=3041
k=28439 delta=3 target=1383261 residue=9 carry=0 root=2 common_I=(960117507257/1930018885886,324519717452867/652346383429468) next_full_lifts=3045
k=28440 delta=5 target=693717 residue=11 carry=1 root=4 common_I=(960117507257/1930018885886,324519717452867/652346383429468) next_full_lifts=3041
k=28441 delta=7 target=4173 residue=0 carry=2 root=6 common_I=(960117507257/1930018885886,324519717452867/652346383429468) next_full_lifts=3042
k=28442 delta=9 target=4141438 residue=2 carry=3 root=8 common_I=(960117507257/1930018885886,324519717452867/652346383429468) next_full_lifts=3042
k=28443 delta=11 target=3451894 residue=4 carry=4 root=10 common_I=(960117507257/1930018885886,324519717452867/652346383429468) next_full_lifts=3042
k=28446 delta=4 target=1383262 residue=10 carry=7 root=3 common_I=(960117507257/1930018885886,324519717452867/652346383429468) next_full_lifts=3042
k=28447 delta=6 target=693718 residue=12 carry=8 root=5 common_I=(960117507257/1930018885886,324519717452867/652346383429468) next_full_lifts=3041
k=28448 delta=8 target=4174 residue=1 carry=9 root=7 common_I=(960117507257/1930018885886,324519717452867/652346383429468) next_full_lifts=3041
k=28449 delta=10 target=4141439 residue=3 carry=10 root=9 common_I=(960117507257/1930018885886,324519717452867/652346383429468) next_full_lifts=3041
k=28450 delta=12 target=3451895 residue=5 carry=11 root=11 common_I=(960117507257/1930018885886,324519717452867/652346383429468) next_full_lifts=3041
k=28452 delta=3 target=2072807 residue=9 carry=0 root=2 common_I=(960117507257/1930018885886,324519717452867/652346383429468) next_full_lifts=3045
k=28453 delta=5 target=1383263 residue=11 carry=1 root=4 common_I=(960117507257/1930018885886,324519717452867/652346383429468) next_full_lifts=3041
k=28454 delta=7 target=693719 residue=0 carry=2 root=6 common_I=(960117507257/1930018885886,324519717452867/652346383429468) next_full_lifts=3042
k=28455 delta=9 target=4175 residue=2 carry=3 root=8 common_I=(960117507257/1930018885886,324519717452867/652346383429468) next_full_lifts=3042
k=28456 delta=11 target=4141440 residue=4 carry=4 root=10 common_I=(960117507257/1930018885886,324519717452867/652346383429468) next_full_lifts=3042
k=28459 delta=4 target=2072808 residue=10 carry=7 root=3 common_I=(960117507257/1930018885886,324519717452867/652346383429468) next_full_lifts=3042
k=28460 delta=6 target=1383264 residue=12 carry=8 root=5 common_I=(960117507257/1930018885886,324519717452867/652346383429468) next_full_lifts=3041
k=28461 delta=8 target=693720 residue=1 carry=9 root=7 common_I=(960117507257/1930018885886,324519717452867/652346383429468) next_full_lifts=3041
k=28462 delta=10 target=4176 residue=3 carry=10 root=9 common_I=(960117507257/1930018885886,324519717452867/652346383429468) next_full_lifts=3041
k=28463 delta=12 target=4141441 residue=5 carry=11 root=11 common_I=(960117507257/1930018885886,324519717452867/652346383429468) next_full_lifts=3041
k=28465 delta=3 target=2762353 residue=9 carry=0 root=2 common_I=(960117507257/1930018885886,324519717452867/652346383429468) next_full_lifts=3045
k=28466 delta=5 target=2072809 residue=11 carry=1 root=4 common_I=(960117507257/1930018885886,324519717452867/652346383429468) next_full_lifts=3041
k=28467 delta=7 target=1383265 residue=0 carry=2 root=6 common_I=(960117507257/1930018885886,324519717452867/652346383429468) next_full_lifts=3042
k=28468 delta=9 target=693721 residue=2 carry=3 root=8 common_I=(960117507257/1930018885886,324519717452867/652346383429468) next_full_lifts=3042
k=28469 delta=11 target=4177 residue=4 carry=4 root=10 common_I=(960117507257/1930018885886,324519717452867/652346383429468) next_full_lifts=3042
k=28472 delta=4 target=2762354 residue=10 carry=7 root=3 common_I=(960117507257/1930018885886,324519717452867/652346383429468) next_full_lifts=3042
k=28473 delta=6 target=2072810 residue=12 carry=8 root=5 common_I=(960117507257/1930018885886,324519717452867/652346383429468) next_full_lifts=3041
k=28474 delta=8 target=1383266 residue=1 carry=9 root=7 common_I=(960117507257/1930018885886,324519717452867/652346383429468) next_full_lifts=3041
k=28475 delta=10 target=693722 residue=3 carry=10 root=9 common_I=(960117507257/1930018885886,324519717452867/652346383429468) next_full_lifts=3041
k=28476 delta=12 target=4178 residue=5 carry=11 root=11 common_I=(960117507257/1930018885886,324519717452867/652346383429468) next_full_lifts=3041
k=28478 delta=3 target=3451899 residue=9 carry=0 root=2 common_I=(960117507257/1930018885886,324519717452867/652346383429468) next_full_lifts=3045
k=28479 delta=5 target=2762355 residue=11 carry=1 root=4 common_I=(960117507257/1930018885886,324519717452867/652346383429468) next_full_lifts=3041
k=28480 delta=7 target=2072811 residue=0 carry=2 root=6 common_I=(960117507257/1930018885886,324519717452867/652346383429468) next_full_lifts=3042
k=28481 delta=9 target=1383267 residue=2 carry=3 root=8 common_I=(960117507257/1930018885886,324519717452867/652346383429468) next_full_lifts=3042
k=28482 delta=11 target=693723 residue=4 carry=4 root=10 common_I=(960117507257/1930018885886,324519717452867/652346383429468) next_full_lifts=3042
k=28485 delta=4 target=3451900 residue=10 carry=7 root=3 common_I=(960117507257/1930018885886,324519717452867/652346383429468) next_full_lifts=3042
k=28486 delta=6 target=2762356 residue=12 carry=8 root=5 common_I=(960117507257/1930018885886,324519717452867/652346383429468) next_full_lifts=3041
k=28487 delta=8 target=2072812 residue=1 carry=9 root=7 common_I=(960117507257/1930018885886,324519717452867/652346383429468) next_full_lifts=3041
k=28488 delta=10 target=1383268 residue=3 carry=10 root=9 common_I=(960117507257/1930018885886,324519717452867/652346383429468) next_full_lifts=3041
k=28489 delta=12 target=693724 residue=5 carry=11 root=11 common_I=(960117507257/1930018885886,324519717452867/652346383429468) next_full_lifts=3041
k=28491 delta=3 target=4141445 residue=9 carry=0 root=2 common_I=(960117507257/1930018885886,324519717452867/652346383429468) next_full_lifts=3045
k=28492 delta=5 target=3451901 residue=11 carry=1 root=4 common_I=(960117507257/1930018885886,324519717452867/652346383429468) next_full_lifts=3041
k=28493 delta=7 target=2762357 residue=0 carry=2 root=6 common_I=(960117507257/1930018885886,324519717452867/652346383429468) next_full_lifts=3042
k=28494 delta=9 target=2072813 residue=2 carry=3 root=8 common_I=(960117507257/1930018885886,324519717452867/652346383429468) next_full_lifts=3042
k=28495 delta=11 target=1383269 residue=4 carry=4 root=10 common_I=(960117507257/1930018885886,324519717452867/652346383429468) next_full_lifts=3042
k=28498 delta=4 target=4141446 residue=10 carry=7 root=3 common_I=(960117507257/1930018885886,324519717452867/652346383429468) next_full_lifts=3042
k=28499 delta=6 target=3451902 residue=12 carry=8 root=5 common_I=(960117507257/1930018885886,324519717452867/652346383429468) next_full_lifts=3041
k=28500 delta=8 target=2762358 residue=1 carry=9 root=7 common_I=(960117507257/1930018885886,324519717452867/652346383429468) next_full_lifts=3041
k=28501 delta=10 target=2072814 residue=3 carry=10 root=9 common_I=(960117507257/1930018885886,324519717452867/652346383429468) next_full_lifts=3041
k=28502 delta=12 target=1383270 residue=5 carry=11 root=11 common_I=(960117507257/1930018885886,324519717452867/652346383429468) next_full_lifts=3041
k=28504 delta=3 target=4182 residue=9 carry=0 root=2 common_I=(960117507257/1930018885886,324519717452867/652346383429468) next_full_lifts=3045
k=28505 delta=5 target=4141447 residue=11 carry=1 root=4 common_I=(960117507257/1930018885886,324519717452867/652346383429468) next_full_lifts=3041
k=28506 delta=7 target=3451903 residue=0 carry=2 root=6 common_I=(960117507257/1930018885886,324519717452867/652346383429468) next_full_lifts=3042
k=28507 delta=9 target=2762359 residue=2 carry=3 root=8 common_I=(960117507257/1930018885886,324519717452867/652346383429468) next_full_lifts=3042
k=28508 delta=11 target=2072815 residue=4 carry=4 root=10 common_I=(960117507257/1930018885886,324519717452867/652346383429468) next_full_lifts=3042
k=28511 delta=4 target=4183 residue=10 carry=7 root=3 common_I=(960117507257/1930018885886,324519717452867/652346383429468) next_full_lifts=3042
k=28512 delta=6 target=4141448 residue=12 carry=8 root=5 common_I=(960117507257/1930018885886,324519717452867/652346383429468) next_full_lifts=3041
k=28513 delta=8 target=3451904 residue=1 carry=9 root=7 common_I=(960117507257/1930018885886,324519717452867/652346383429468) next_full_lifts=3041
k=28514 delta=10 target=2762360 residue=3 carry=10 root=9 common_I=(960117507257/1930018885886,324519717452867/652346383429468) next_full_lifts=3041
k=28515 delta=12 target=2072816 residue=5 carry=11 root=11 common_I=(960117507257/1930018885886,324519717452867/652346383429468) next_full_lifts=3041
k=28517 delta=3 target=693728 residue=9 carry=0 root=2 common_I=(960117507257/1930018885886,324519717452867/652346383429468) next_full_lifts=3045
k=28518 delta=5 target=4184 residue=11 carry=1 root=4 common_I=(960117507257/1930018885886,324519717452867/652346383429468) next_full_lifts=3041
k=28519 delta=7 target=4141449 residue=0 carry=2 root=6 common_I=(960117507257/1930018885886,324519717452867/652346383429468) next_full_lifts=3042
k=28520 delta=9 target=3451905 residue=2 carry=3 root=8 common_I=(960117507257/1930018885886,324519717452867/652346383429468) next_full_lifts=3042
k=28521 delta=11 target=2762361 residue=4 carry=4 root=10 common_I=(960117507257/1930018885886,324519717452867/652346383429468) next_full_lifts=3042
k=28524 delta=4 target=693729 residue=10 carry=7 root=3 common_I=(960117507257/1930018885886,324519717452867/652346383429468) next_full_lifts=3042
k=28525 delta=6 target=4185 residue=12 carry=8 root=5 common_I=(960117507257/1930018885886,324519717452867/652346383429468) next_full_lifts=3041
k=28526 delta=8 target=4141450 residue=1 carry=9 root=7 common_I=(960117507257/1930018885886,324519717452867/652346383429468) next_full_lifts=3041
k=28527 delta=10 target=3451906 residue=3 carry=10 root=9 common_I=(960117507257/1930018885886,324519717452867/652346383429468) next_full_lifts=3041
k=28528 delta=12 target=2762362 residue=5 carry=11 root=11 common_I=(960117507257/1930018885886,324519717452867/652346383429468) next_full_lifts=3041
k=28530 delta=3 target=1383274 residue=9 carry=0 root=2 common_I=(960117507257/1930018885886,324519717452867/652346383429468) next_full_lifts=3045
k=28531 delta=5 target=693730 residue=11 carry=1 root=4 common_I=(960117507257/1930018885886,324519717452867/652346383429468) next_full_lifts=3041
k=28532 delta=7 target=4186 residue=0 carry=2 root=6 common_I=(960117507257/1930018885886,324519717452867/652346383429468) next_full_lifts=3042
k=28533 delta=9 target=4141451 residue=2 carry=3 root=8 common_I=(960117507257/1930018885886,324519717452867/652346383429468) next_full_lifts=3042
k=28534 delta=11 target=3451907 residue=4 carry=4 root=10 common_I=(960117507257/1930018885886,324519717452867/652346383429468) next_full_lifts=3042
k=28537 delta=4 target=1383275 residue=10 carry=7 root=3 common_I=(960117507257/1930018885886,324519717452867/652346383429468) next_full_lifts=3042
k=28538 delta=6 target=693731 residue=12 carry=8 root=5 common_I=(960117507257/1930018885886,324519717452867/652346383429468) next_full_lifts=3041
k=28539 delta=8 target=4187 residue=1 carry=9 root=7 common_I=(960117507257/1930018885886,324519717452867/652346383429468) next_full_lifts=3041
k=28540 delta=10 target=4141452 residue=3 carry=10 root=9 common_I=(960117507257/1930018885886,324519717452867/652346383429468) next_full_lifts=3041
k=28541 delta=12 target=3451908 residue=5 carry=11 root=11 common_I=(960117507257/1930018885886,324519717452867/652346383429468) next_full_lifts=3041
k=28543 delta=3 target=2072820 residue=9 carry=0 root=2 common_I=(960117507257/1930018885886,324519717452867/652346383429468) next_full_lifts=3045
k=28544 delta=5 target=1383276 residue=11 carry=1 root=4 common_I=(960117507257/1930018885886,324519717452867/652346383429468) next_full_lifts=3041
k=28545 delta=7 target=693732 residue=0 carry=2 root=6 common_I=(960117507257/1930018885886,324519717452867/652346383429468) next_full_lifts=3042
k=28546 delta=9 target=4188 residue=2 carry=3 root=8 common_I=(960117507257/1930018885886,324519717452867/652346383429468) next_full_lifts=3042
k=28547 delta=11 target=4141453 residue=4 carry=4 root=10 common_I=(960117507257/1930018885886,324519717452867/652346383429468) next_full_lifts=3042
k=28550 delta=4 target=2072821 residue=10 carry=7 root=3 common_I=(960117507257/1930018885886,324519717452867/652346383429468) next_full_lifts=3042
k=28551 delta=6 target=1383277 residue=12 carry=8 root=5 common_I=(960117507257/1930018885886,324519717452867/652346383429468) next_full_lifts=3041
k=28552 delta=8 target=693733 residue=1 carry=9 root=7 common_I=(960117507257/1930018885886,324519717452867/652346383429468) next_full_lifts=3041
k=28553 delta=10 target=4189 residue=3 carry=10 root=9 common_I=(960117507257/1930018885886,324519717452867/652346383429468) next_full_lifts=3041
k=28554 delta=12 target=4141454 residue=5 carry=11 root=11 common_I=(960117507257/1930018885886,324519717452867/652346383429468) next_full_lifts=3041
k=28556 delta=3 target=2762366 residue=9 carry=0 root=2 common_I=(960117507257/1930018885886,324519717452867/652346383429468) next_full_lifts=3045
k=28557 delta=5 target=2072822 residue=11 carry=1 root=4 common_I=(960117507257/1930018885886,324519717452867/652346383429468) next_full_lifts=3041
k=28558 delta=7 target=1383278 residue=0 carry=2 root=6 common_I=(960117507257/1930018885886,324519717452867/652346383429468) next_full_lifts=3042
k=28559 delta=9 target=693734 residue=2 carry=3 root=8 common_I=(960117507257/1930018885886,324519717452867/652346383429468) next_full_lifts=3042
k=28560 delta=11 target=4190 residue=4 carry=4 root=10 common_I=(960117507257/1930018885886,324519717452867/652346383429468) next_full_lifts=3042
k=28563 delta=4 target=2762367 residue=10 carry=7 root=3 common_I=(960117507257/1930018885886,324519717452867/652346383429468) next_full_lifts=3042
k=28564 delta=6 target=2072823 residue=12 carry=8 root=5 common_I=(960117507257/1930018885886,324519717452867/652346383429468) next_full_lifts=3041
k=28565 delta=8 target=1383279 residue=1 carry=9 root=7 common_I=(960117507257/1930018885886,324519717452867/652346383429468) next_full_lifts=3041
k=28566 delta=10 target=693735 residue=3 carry=10 root=9 common_I=(960117507257/1930018885886,324519717452867/652346383429468) next_full_lifts=3041
k=28567 delta=12 target=4191 residue=5 carry=11 root=11 common_I=(960117507257/1930018885886,324519717452867/652346383429468) next_full_lifts=3041
k=28569 delta=3 target=3451912 residue=9 carry=0 root=2 common_I=(960117507257/1930018885886,324519717452867/652346383429468) next_full_lifts=3045
k=28570 delta=5 target=2762368 residue=11 carry=1 root=4 common_I=(960117507257/1930018885886,324519717452867/652346383429468) next_full_lifts=3041
k=28571 delta=7 target=2072824 residue=0 carry=2 root=6 common_I=(960117507257/1930018885886,324519717452867/652346383429468) next_full_lifts=3042
k=28572 delta=9 target=1383280 residue=2 carry=3 root=8 common_I=(960117507257/1930018885886,324519717452867/652346383429468) next_full_lifts=3042
k=28573 delta=11 target=693736 residue=4 carry=4 root=10 common_I=(960117507257/1930018885886,324519717452867/652346383429468) next_full_lifts=3042
k=28576 delta=4 target=3451913 residue=10 carry=7 root=3 common_I=(960117507257/1930018885886,324519717452867/652346383429468) next_full_lifts=3042
k=28577 delta=6 target=2762369 residue=12 carry=8 root=5 common_I=(960117507257/1930018885886,324519717452867/652346383429468) next_full_lifts=3041
k=28578 delta=8 target=2072825 residue=1 carry=9 root=7 common_I=(960117507257/1930018885886,324519717452867/652346383429468) next_full_lifts=3041
k=28579 delta=10 target=1383281 residue=3 carry=10 root=9 common_I=(960117507257/1930018885886,324519717452867/652346383429468) next_full_lifts=3041
k=28580 delta=12 target=693737 residue=5 carry=11 root=11 common_I=(960117507257/1930018885886,324519717452867/652346383429468) next_full_lifts=3041
k=28895 delta=5 target=693782 residue=11 carry=1 root=4 common_I=(960117507257/1930018885886,324519717452867/652346383429468) next_full_lifts=3041
k=28896 delta=7 target=4238 residue=0 carry=2 root=6 common_I=(960117507257/1930018885886,324519717452867/652346383429468) next_full_lifts=3042
k=28897 delta=9 target=4141503 residue=2 carry=3 root=8 common_I=(960117507257/1930018885886,324519717452867/652346383429468) next_full_lifts=3042
k=28898 delta=11 target=3451959 residue=4 carry=4 root=10 common_I=(960117507257/1930018885886,324519717452867/652346383429468) next_full_lifts=3042
k=28901 delta=4 target=1383327 residue=10 carry=7 root=3 common_I=(960117507257/1930018885886,324519717452867/652346383429468) next_full_lifts=3042
k=28902 delta=6 target=693783 residue=12 carry=8 root=5 common_I=(960117507257/1930018885886,324519717452867/652346383429468) next_full_lifts=3041
k=28903 delta=8 target=4239 residue=1 carry=9 root=7 common_I=(960117507257/1930018885886,324519717452867/652346383429468) next_full_lifts=3041
k=28904 delta=10 target=4141504 residue=3 carry=10 root=9 common_I=(960117507257/1930018885886,324519717452867/652346383429468) next_full_lifts=3041
k=28905 delta=12 target=3451960 residue=5 carry=11 root=11 common_I=(960117507257/1930018885886,324519717452867/652346383429468) next_full_lifts=3041
k=28907 delta=3 target=2072872 residue=9 carry=0 root=2 common_I=(960117507257/1930018885886,324519717452867/652346383429468) next_full_lifts=3045
k=28908 delta=5 target=1383328 residue=11 carry=1 root=4 common_I=(960117507257/1930018885886,324519717452867/652346383429468) next_full_lifts=3041
k=28909 delta=7 target=693784 residue=0 carry=2 root=6 common_I=(960117507257/1930018885886,324519717452867/652346383429468) next_full_lifts=3042
k=28910 delta=9 target=4240 residue=2 carry=3 root=8 common_I=(960117507257/1930018885886,324519717452867/652346383429468) next_full_lifts=3042
k=28911 delta=11 target=4141505 residue=4 carry=4 root=10 common_I=(960117507257/1930018885886,324519717452867/652346383429468) next_full_lifts=3042
k=28914 delta=4 target=2072873 residue=10 carry=7 root=3 common_I=(960117507257/1930018885886,324519717452867/652346383429468) next_full_lifts=3042
k=28915 delta=6 target=1383329 residue=12 carry=8 root=5 common_I=(960117507257/1930018885886,324519717452867/652346383429468) next_full_lifts=3041
k=28916 delta=8 target=693785 residue=1 carry=9 root=7 common_I=(960117507257/1930018885886,324519717452867/652346383429468) next_full_lifts=3041
k=28917 delta=10 target=4241 residue=3 carry=10 root=9 common_I=(960117507257/1930018885886,324519717452867/652346383429468) next_full_lifts=3041
k=28918 delta=12 target=4141506 residue=5 carry=11 root=11 common_I=(960117507257/1930018885886,324519717452867/652346383429468) next_full_lifts=3041
k=28920 delta=3 target=2762418 residue=9 carry=0 root=2 common_I=(960117507257/1930018885886,324519717452867/652346383429468) next_full_lifts=3045
k=28921 delta=5 target=2072874 residue=11 carry=1 root=4 common_I=(960117507257/1930018885886,324519717452867/652346383429468) next_full_lifts=3041
k=28922 delta=7 target=1383330 residue=0 carry=2 root=6 common_I=(960117507257/1930018885886,324519717452867/652346383429468) next_full_lifts=3042
k=28923 delta=9 target=693786 residue=2 carry=3 root=8 common_I=(960117507257/1930018885886,324519717452867/652346383429468) next_full_lifts=3042
k=28924 delta=11 target=4242 residue=4 carry=4 root=10 common_I=(960117507257/1930018885886,324519717452867/652346383429468) next_full_lifts=3042
k=28927 delta=4 target=2762419 residue=10 carry=7 root=3 common_I=(960117507257/1930018885886,324519717452867/652346383429468) next_full_lifts=3042
k=28928 delta=6 target=2072875 residue=12 carry=8 root=5 common_I=(960117507257/1930018885886,324519717452867/652346383429468) next_full_lifts=3041
k=28929 delta=8 target=1383331 residue=1 carry=9 root=7 common_I=(960117507257/1930018885886,324519717452867/652346383429468) next_full_lifts=3041
k=28930 delta=10 target=693787 residue=3 carry=10 root=9 common_I=(960117507257/1930018885886,324519717452867/652346383429468) next_full_lifts=3041
k=28931 delta=12 target=4243 residue=5 carry=11 root=11 common_I=(960117507257/1930018885886,324519717452867/652346383429468) next_full_lifts=3041
k=28933 delta=3 target=3451964 residue=9 carry=0 root=2 common_I=(960117507257/1930018885886,324519717452867/652346383429468) next_full_lifts=3045
k=28934 delta=5 target=2762420 residue=11 carry=1 root=4 common_I=(960117507257/1930018885886,324519717452867/652346383429468) next_full_lifts=3041
k=28935 delta=7 target=2072876 residue=0 carry=2 root=6 common_I=(960117507257/1930018885886,324519717452867/652346383429468) next_full_lifts=3042
k=28936 delta=9 target=1383332 residue=2 carry=3 root=8 common_I=(960117507257/1930018885886,324519717452867/652346383429468) next_full_lifts=3042
k=28937 delta=11 target=693788 residue=4 carry=4 root=10 common_I=(960117507257/1930018885886,324519717452867/652346383429468) next_full_lifts=3042
k=28940 delta=4 target=3451965 residue=10 carry=7 root=3 common_I=(960117507257/1930018885886,324519717452867/652346383429468) next_full_lifts=3042
k=28941 delta=6 target=2762421 residue=12 carry=8 root=5 common_I=(960117507257/1930018885886,324519717452867/652346383429468) next_full_lifts=3041
k=28942 delta=8 target=2072877 residue=1 carry=9 root=7 common_I=(960117507257/1930018885886,324519717452867/652346383429468) next_full_lifts=3041
k=28943 delta=10 target=1383333 residue=3 carry=10 root=9 common_I=(960117507257/1930018885886,324519717452867/652346383429468) next_full_lifts=3041
k=28944 delta=12 target=693789 residue=5 carry=11 root=11 common_I=(960117507257/1930018885886,324519717452867/652346383429468) next_full_lifts=3041
k=28946 delta=3 target=4141510 residue=9 carry=0 root=2 common_I=(960117507257/1930018885886,324519717452867/652346383429468) next_full_lifts=3045
k=28947 delta=5 target=3451966 residue=11 carry=1 root=4 common_I=(960117507257/1930018885886,324519717452867/652346383429468) next_full_lifts=3041
k=28948 delta=7 target=2762422 residue=0 carry=2 root=6 common_I=(960117507257/1930018885886,324519717452867/652346383429468) next_full_lifts=3042
k=28949 delta=9 target=2072878 residue=2 carry=3 root=8 common_I=(960117507257/1930018885886,324519717452867/652346383429468) next_full_lifts=3042
k=28950 delta=11 target=1383334 residue=4 carry=4 root=10 common_I=(960117507257/1930018885886,324519717452867/652346383429468) next_full_lifts=3042
k=28953 delta=4 target=4141511 residue=10 carry=7 root=3 common_I=(960117507257/1930018885886,324519717452867/652346383429468) next_full_lifts=3042
k=28954 delta=6 target=3451967 residue=12 carry=8 root=5 common_I=(960117507257/1930018885886,324519717452867/652346383429468) next_full_lifts=3041
k=28955 delta=8 target=2762423 residue=1 carry=9 root=7 common_I=(960117507257/1930018885886,324519717452867/652346383429468) next_full_lifts=3041
k=28956 delta=10 target=2072879 residue=3 carry=10 root=9 common_I=(960117507257/1930018885886,324519717452867/652346383429468) next_full_lifts=3041
k=28957 delta=12 target=1383335 residue=5 carry=11 root=11 common_I=(960117507257/1930018885886,324519717452867/652346383429468) next_full_lifts=3041
k=28959 delta=3 target=4247 residue=9 carry=0 root=2 common_I=(960117507257/1930018885886,324519717452867/652346383429468) next_full_lifts=3045
k=28960 delta=5 target=4141512 residue=11 carry=1 root=4 common_I=(960117507257/1930018885886,324519717452867/652346383429468) next_full_lifts=3041
k=28961 delta=7 target=3451968 residue=0 carry=2 root=6 common_I=(960117507257/1930018885886,324519717452867/652346383429468) next_full_lifts=3042
k=28962 delta=9 target=2762424 residue=2 carry=3 root=8 common_I=(960117507257/1930018885886,324519717452867/652346383429468) next_full_lifts=3042
k=28963 delta=11 target=2072880 residue=4 carry=4 root=10 common_I=(960117507257/1930018885886,324519717452867/652346383429468) next_full_lifts=3042
k=28966 delta=4 target=4248 residue=10 carry=7 root=3 common_I=(960117507257/1930018885886,324519717452867/652346383429468) next_full_lifts=3042
k=28967 delta=6 target=4141513 residue=12 carry=8 root=5 common_I=(960117507257/1930018885886,324519717452867/652346383429468) next_full_lifts=3041
k=28968 delta=8 target=3451969 residue=1 carry=9 root=7 common_I=(960117507257/1930018885886,324519717452867/652346383429468) next_full_lifts=3041
k=28969 delta=10 target=2762425 residue=3 carry=10 root=9 common_I=(960117507257/1930018885886,324519717452867/652346383429468) next_full_lifts=3041
k=28970 delta=12 target=2072881 residue=5 carry=11 root=11 common_I=(960117507257/1930018885886,324519717452867/652346383429468) next_full_lifts=3041
k=28972 delta=3 target=693793 residue=9 carry=0 root=2 common_I=(960117507257/1930018885886,324519717452867/652346383429468) next_full_lifts=3045
k=28973 delta=5 target=4249 residue=11 carry=1 root=4 common_I=(960117507257/1930018885886,324519717452867/652346383429468) next_full_lifts=3041
k=28974 delta=7 target=4141514 residue=0 carry=2 root=6 common_I=(960117507257/1930018885886,324519717452867/652346383429468) next_full_lifts=3042
k=28975 delta=9 target=3451970 residue=2 carry=3 root=8 common_I=(960117507257/1930018885886,324519717452867/652346383429468) next_full_lifts=3042
k=28976 delta=11 target=2762426 residue=4 carry=4 root=10 common_I=(960117507257/1930018885886,324519717452867/652346383429468) next_full_lifts=3042
k=28979 delta=4 target=693794 residue=10 carry=7 root=3 common_I=(960117507257/1930018885886,324519717452867/652346383429468) next_full_lifts=3042
k=28980 delta=6 target=4250 residue=12 carry=8 root=5 common_I=(960117507257/1930018885886,324519717452867/652346383429468) next_full_lifts=3041
k=28981 delta=8 target=4141515 residue=1 carry=9 root=7 common_I=(960117507257/1930018885886,324519717452867/652346383429468) next_full_lifts=3041
k=28982 delta=10 target=3451971 residue=3 carry=10 root=9 common_I=(960117507257/1930018885886,324519717452867/652346383429468) next_full_lifts=3041
k=28983 delta=12 target=2762427 residue=5 carry=11 root=11 common_I=(960117507257/1930018885886,324519717452867/652346383429468) next_full_lifts=3041
k=28985 delta=3 target=1383339 residue=9 carry=0 root=2 common_I=(960117507257/1930018885886,324519717452867/652346383429468) next_full_lifts=3045
k=28986 delta=5 target=693795 residue=11 carry=1 root=4 common_I=(960117507257/1930018885886,324519717452867/652346383429468) next_full_lifts=3041
k=4825960 delta=5 target=1379077 residue=11 carry=1 root=4 common_I=(960117507257/1930018885886,324519717452867/652346383429468) next_full_lifts=3041
k=4825961 delta=7 target=689533 residue=0 carry=2 root=6 common_I=(960117507257/1930018885886,324519717452867/652346383429468) next_full_lifts=3042
k=4825962 delta=9 target=4826798 residue=2 carry=3 root=8 common_I=(960117507257/1930018885886,324519717452867/652346383429468) next_full_lifts=3042
k=4825963 delta=11 target=4137254 residue=4 carry=4 root=10 common_I=(960117507257/1930018885886,324519717452867/652346383429468) next_full_lifts=3042
k=4825966 delta=4 target=2068622 residue=10 carry=7 root=3 common_I=(960117507257/1930018885886,324519717452867/652346383429468) next_full_lifts=3042
k=4825967 delta=6 target=1379078 residue=12 carry=8 root=5 common_I=(960117507257/1930018885886,324519717452867/652346383429468) next_full_lifts=3041
k=4825968 delta=8 target=689534 residue=1 carry=9 root=7 common_I=(960117507257/1930018885886,324519717452867/652346383429468) next_full_lifts=3041
k=4825969 delta=10 target=4826799 residue=3 carry=10 root=9 common_I=(960117507257/1930018885886,324519717452867/652346383429468) next_full_lifts=3041
k=4825970 delta=12 target=4137255 residue=5 carry=11 root=11 common_I=(960117507257/1930018885886,324519717452867/652346383429468) next_full_lifts=3041
k=4825972 delta=3 target=2758167 residue=9 carry=0 root=2 common_I=(960117507257/1930018885886,324519717452867/652346383429468) next_full_lifts=3045
k=4825973 delta=5 target=2068623 residue=11 carry=1 root=4 common_I=(960117507257/1930018885886,324519717452867/652346383429468) next_full_lifts=3041
k=4825974 delta=7 target=1379079 residue=0 carry=2 root=6 common_I=(960117507257/1930018885886,324519717452867/652346383429468) next_full_lifts=3042
k=4825975 delta=9 target=689535 residue=2 carry=3 root=8 common_I=(960117507257/1930018885886,324519717452867/652346383429468) next_full_lifts=3042
k=4825976 delta=11 target=4826800 residue=4 carry=4 root=10 common_I=(960117507257/1930018885886,324519717452867/652346383429468) next_full_lifts=3042
k=4825979 delta=4 target=2758168 residue=10 carry=7 root=3 common_I=(960117507257/1930018885886,324519717452867/652346383429468) next_full_lifts=3042
k=4825980 delta=6 target=2068624 residue=12 carry=8 root=5 common_I=(960117507257/1930018885886,324519717452867/652346383429468) next_full_lifts=3041
k=4825981 delta=8 target=1379080 residue=1 carry=9 root=7 common_I=(960117507257/1930018885886,324519717452867/652346383429468) next_full_lifts=3041
k=4825982 delta=10 target=689536 residue=3 carry=10 root=9 common_I=(960117507257/1930018885886,324519717452867/652346383429468) next_full_lifts=3041
k=4825983 delta=12 target=4826801 residue=5 carry=11 root=11 common_I=(960117507257/1930018885886,324519717452867/652346383429468) next_full_lifts=3041
k=4825985 delta=3 target=3447713 residue=9 carry=0 root=2 common_I=(960117507257/1930018885886,324519717452867/652346383429468) next_full_lifts=3045
k=4825986 delta=5 target=2758169 residue=11 carry=1 root=4 common_I=(960117507257/1930018885886,324519717452867/652346383429468) next_full_lifts=3041
k=4825987 delta=7 target=2068625 residue=0 carry=2 root=6 common_I=(960117507257/1930018885886,324519717452867/652346383429468) next_full_lifts=3042
k=4825988 delta=9 target=1379081 residue=2 carry=3 root=8 common_I=(960117507257/1930018885886,324519717452867/652346383429468) next_full_lifts=3042
k=4825989 delta=11 target=689537 residue=4 carry=4 root=10 common_I=(960117507257/1930018885886,324519717452867/652346383429468) next_full_lifts=3042
k=4825992 delta=4 target=3447714 residue=10 carry=7 root=3 common_I=(960117507257/1930018885886,324519717452867/652346383429468) next_full_lifts=3042
k=4825993 delta=6 target=2758170 residue=12 carry=8 root=5 common_I=(960117507257/1930018885886,324519717452867/652346383429468) next_full_lifts=3041
k=4825994 delta=8 target=2068626 residue=1 carry=9 root=7 common_I=(960117507257/1930018885886,324519717452867/652346383429468) next_full_lifts=3041
k=4825995 delta=10 target=1379082 residue=3 carry=10 root=9 common_I=(960117507257/1930018885886,324519717452867/652346383429468) next_full_lifts=3041
k=4825996 delta=12 target=689538 residue=5 carry=11 root=11 common_I=(960117507257/1930018885886,324519717452867/652346383429468) next_full_lifts=3041
k=4825998 delta=3 target=4137259 residue=9 carry=0 root=2 common_I=(960117507257/1930018885886,324519717452867/652346383429468) next_full_lifts=3045
k=4825999 delta=5 target=3447715 residue=11 carry=1 root=4 common_I=(960117507257/1930018885886,324519717452867/652346383429468) next_full_lifts=3041
k=4826000 delta=7 target=2758171 residue=0 carry=2 root=6 common_I=(960117507257/1930018885886,324519717452867/652346383429468) next_full_lifts=3042
k=4826001 delta=9 target=2068627 residue=2 carry=3 root=8 common_I=(960117507257/1930018885886,324519717452867/652346383429468) next_full_lifts=3042
k=4826002 delta=11 target=1379083 residue=4 carry=4 root=10 common_I=(960117507257/1930018885886,324519717452867/652346383429468) next_full_lifts=3042
k=4826005 delta=4 target=4137260 residue=10 carry=7 root=3 common_I=(960117507257/1930018885886,324519717452867/652346383429468) next_full_lifts=3042
k=4826006 delta=6 target=3447716 residue=12 carry=8 root=5 common_I=(960117507257/1930018885886,324519717452867/652346383429468) next_full_lifts=3041
k=4826007 delta=8 target=2758172 residue=1 carry=9 root=7 common_I=(960117507257/1930018885886,324519717452867/652346383429468) next_full_lifts=3041
k=4826008 delta=10 target=2068628 residue=3 carry=10 root=9 common_I=(960117507257/1930018885886,324519717452867/652346383429468) next_full_lifts=3041
k=4826009 delta=12 target=1379084 residue=5 carry=11 root=11 common_I=(960117507257/1930018885886,324519717452867/652346383429468) next_full_lifts=3041
k=4826011 delta=3 target=4826805 residue=9 carry=0 root=2 common_I=(960117507257/1930018885886,324519717452867/652346383429468) next_full_lifts=3045
k=4826012 delta=5 target=4137261 residue=11 carry=1 root=4 common_I=(960117507257/1930018885886,324519717452867/652346383429468) next_full_lifts=3041
k=4826013 delta=7 target=3447717 residue=0 carry=2 root=6 common_I=(960117507257/1930018885886,324519717452867/652346383429468) next_full_lifts=3042
k=4826014 delta=9 target=2758173 residue=2 carry=3 root=8 common_I=(960117507257/1930018885886,324519717452867/652346383429468) next_full_lifts=3042
k=4826015 delta=11 target=2068629 residue=4 carry=4 root=10 common_I=(960117507257/1930018885886,324519717452867/652346383429468) next_full_lifts=3042
k=4826018 delta=4 target=4826806 residue=10 carry=7 root=3 common_I=(960117507257/1930018885886,324519717452867/652346383429468) next_full_lifts=3042
k=4826019 delta=6 target=4137262 residue=12 carry=8 root=5 common_I=(960117507257/1930018885886,324519717452867/652346383429468) next_full_lifts=3041
k=4826020 delta=8 target=3447718 residue=1 carry=9 root=7 common_I=(960117507257/1930018885886,324519717452867/652346383429468) next_full_lifts=3041
k=4826021 delta=10 target=2758174 residue=3 carry=10 root=9 common_I=(960117507257/1930018885886,324519717452867/652346383429468) next_full_lifts=3041
k=4826022 delta=12 target=2068630 residue=5 carry=11 root=11 common_I=(960117507257/1930018885886,324519717452867/652346383429468) next_full_lifts=3041
k=4826024 delta=3 target=689542 residue=9 carry=0 root=2 common_I=(960117507257/1930018885886,324519717452867/652346383429468) next_full_lifts=3045
k=4826025 delta=5 target=4826807 residue=11 carry=1 root=4 common_I=(960117507257/1930018885886,324519717452867/652346383429468) next_full_lifts=3041
k=4826026 delta=7 target=4137263 residue=0 carry=2 root=6 common_I=(960117507257/1930018885886,324519717452867/652346383429468) next_full_lifts=3042
k=4826027 delta=9 target=3447719 residue=2 carry=3 root=8 common_I=(960117507257/1930018885886,324519717452867/652346383429468) next_full_lifts=3042
k=4826028 delta=11 target=2758175 residue=4 carry=4 root=10 common_I=(960117507257/1930018885886,324519717452867/652346383429468) next_full_lifts=3042
k=4826031 delta=4 target=689543 residue=10 carry=7 root=3 common_I=(960117507257/1930018885886,324519717452867/652346383429468) next_full_lifts=3042
k=4826032 delta=6 target=4826808 residue=12 carry=8 root=5 common_I=(960117507257/1930018885886,324519717452867/652346383429468) next_full_lifts=3041
k=4826033 delta=8 target=4137264 residue=1 carry=9 root=7 common_I=(960117507257/1930018885886,324519717452867/652346383429468) next_full_lifts=3041
k=4826034 delta=10 target=3447720 residue=3 carry=10 root=9 common_I=(960117507257/1930018885886,324519717452867/652346383429468) next_full_lifts=3041
k=4826035 delta=12 target=2758176 residue=5 carry=11 root=11 common_I=(960117507257/1930018885886,324519717452867/652346383429468) next_full_lifts=3041
k=4826037 delta=3 target=1379088 residue=9 carry=0 root=2 common_I=(960117507257/1930018885886,324519717452867/652346383429468) next_full_lifts=3045
k=4826038 delta=5 target=689544 residue=11 carry=1 root=4 common_I=(960117507257/1930018885886,324519717452867/652346383429468) next_full_lifts=3041
k=4826039 delta=7 target=0 residue=0 carry=2 root=6 common_I=(960117507257/1930018885886,324519717452867/652346383429468) next_full_lifts=3042
k=4826040 delta=9 target=4137265 residue=2 carry=3 root=8 common_I=(960117507257/1930018885886,324519717452867/652346383429468) next_full_lifts=3042
k=4826041 delta=11 target=3447721 residue=4 carry=4 root=10 common_I=(960117507257/1930018885886,324519717452867/652346383429468) next_full_lifts=3042
k=4826044 delta=4 target=1379089 residue=10 carry=7 root=3 common_I=(960117507257/1930018885886,324519717452867/652346383429468) next_full_lifts=3042
k=4826045 delta=6 target=689545 residue=12 carry=8 root=5 common_I=(960117507257/1930018885886,324519717452867/652346383429468) next_full_lifts=3041
k=4826046 delta=8 target=1 residue=1 carry=9 root=7 common_I=(960117507257/1930018885886,324519717452867/652346383429468) next_full_lifts=3041
k=4826047 delta=10 target=4137266 residue=3 carry=10 root=9 common_I=(960117507257/1930018885886,324519717452867/652346383429468) next_full_lifts=3041
k=4826048 delta=12 target=3447722 residue=5 carry=11 root=11 common_I=(960117507257/1930018885886,324519717452867/652346383429468) next_full_lifts=3041
k=4826050 delta=3 target=2068634 residue=9 carry=0 root=2 common_I=(960117507257/1930018885886,324519717452867/652346383429468) next_full_lifts=3045
k=4826051 delta=5 target=1379090 residue=11 carry=1 root=4 common_I=(960117507257/1930018885886,324519717452867/652346383429468) next_full_lifts=3041
k=4826052 delta=7 target=689546 residue=0 carry=2 root=6 common_I=(960117507257/1930018885886,324519717452867/652346383429468) next_full_lifts=3042
k=4826053 delta=9 target=2 residue=2 carry=3 root=8 common_I=(960117507257/1930018885886,324519717452867/652346383429468) next_full_lifts=3042
k=4826054 delta=11 target=4137267 residue=4 carry=4 root=10 common_I=(960117507257/1930018885886,324519717452867/652346383429468) next_full_lifts=3042
k=4826057 delta=4 target=2068635 residue=10 carry=7 root=3 common_I=(960117507257/1930018885886,324519717452867/652346383429468) next_full_lifts=3042
k=4826058 delta=6 target=1379091 residue=12 carry=8 root=5 common_I=(960117507257/1930018885886,324519717452867/652346383429468) next_full_lifts=3041
k=4826059 delta=8 target=689547 residue=1 carry=9 root=7 common_I=(960117507257/1930018885886,324519717452867/652346383429468) next_full_lifts=3041
k=4826060 delta=10 target=3 residue=3 carry=10 root=9 common_I=(960117507257/1930018885886,324519717452867/652346383429468) next_full_lifts=3041
k=4826061 delta=12 target=4137268 residue=5 carry=11 root=11 common_I=(960117507257/1930018885886,324519717452867/652346383429468) next_full_lifts=3041
k=4826063 delta=3 target=2758180 residue=9 carry=0 root=2 common_I=(960117507257/1930018885886,324519717452867/652346383429468) next_full_lifts=3045
k=4826064 delta=5 target=2068636 residue=11 carry=1 root=4 common_I=(960117507257/1930018885886,324519717452867/652346383429468) next_full_lifts=3041
k=4826065 delta=7 target=1379092 residue=0 carry=2 root=6 common_I=(960117507257/1930018885886,324519717452867/652346383429468) next_full_lifts=3042
k=4826066 delta=9 target=689548 residue=2 carry=3 root=8 common_I=(960117507257/1930018885886,324519717452867/652346383429468) next_full_lifts=3042
k=4826067 delta=11 target=4 residue=4 carry=4 root=10 common_I=(960117507257/1930018885886,324519717452867/652346383429468) next_full_lifts=3042
k=4826070 delta=4 target=2758181 residue=10 carry=7 root=3 common_I=(960117507257/1930018885886,324519717452867/652346383429468) next_full_lifts=3042
k=4826071 delta=6 target=2068637 residue=12 carry=8 root=5 common_I=(960117507257/1930018885886,324519717452867/652346383429468) next_full_lifts=3041
k=4826072 delta=8 target=1379093 residue=1 carry=9 root=7 common_I=(960117507257/1930018885886,324519717452867/652346383429468) next_full_lifts=3041
k=4826073 delta=10 target=689549 residue=3 carry=10 root=9 common_I=(960117507257/1930018885886,324519717452867/652346383429468) next_full_lifts=3041
k=4826074 delta=12 target=5 residue=5 carry=11 root=11 common_I=(960117507257/1930018885886,324519717452867/652346383429468) next_full_lifts=3041
k=4826076 delta=3 target=3447726 residue=9 carry=0 root=2 common_I=(960117507257/1930018885886,324519717452867/652346383429468) next_full_lifts=3045
k=4826077 delta=5 target=2758182 residue=11 carry=1 root=4 common_I=(960117507257/1930018885886,324519717452867/652346383429468) next_full_lifts=3041
k=4826078 delta=7 target=2068638 residue=0 carry=2 root=6 common_I=(960117507257/1930018885886,324519717452867/652346383429468) next_full_lifts=3042
k=4826079 delta=9 target=1379094 residue=2 carry=3 root=8 common_I=(960117507257/1930018885886,324519717452867/652346383429468) next_full_lifts=3042
k=4826080 delta=11 target=689550 residue=4 carry=4 root=10 common_I=(960117507257/1930018885886,324519717452867/652346383429468) next_full_lifts=3042
k=4826083 delta=4 target=3447727 residue=10 carry=7 root=3 common_I=(960117507257/1930018885886,324519717452867/652346383429468) next_full_lifts=3042
k=4826084 delta=6 target=2758183 residue=12 carry=8 root=5 common_I=(960117507257/1930018885886,324519717452867/652346383429468) next_full_lifts=3041
k=4826085 delta=8 target=2068639 residue=1 carry=9 root=7 common_I=(960117507257/1930018885886,324519717452867/652346383429468) next_full_lifts=3041
k=4826086 delta=10 target=1379095 residue=3 carry=10 root=9 common_I=(960117507257/1930018885886,324519717452867/652346383429468) next_full_lifts=3041
k=4826087 delta=12 target=689551 residue=5 carry=11 root=11 common_I=(960117507257/1930018885886,324519717452867/652346383429468) next_full_lifts=3041
k=4826089 delta=3 target=4137272 residue=9 carry=0 root=2 common_I=(960117507257/1930018885886,324519717452867/652346383429468) next_full_lifts=3045
k=4826090 delta=5 target=3447728 residue=11 carry=1 root=4 common_I=(960117507257/1930018885886,324519717452867/652346383429468) next_full_lifts=3041
k=4826091 delta=7 target=2758184 residue=0 carry=2 root=6 common_I=(960117507257/1930018885886,324519717452867/652346383429468) next_full_lifts=3042
k=4826092 delta=9 target=2068640 residue=2 carry=3 root=8 common_I=(960117507257/1930018885886,324519717452867/652346383429468) next_full_lifts=3042
k=4826093 delta=11 target=1379096 residue=4 carry=4 root=10 common_I=(960117507257/1930018885886,324519717452867/652346383429468) next_full_lifts=3042
k=4826096 delta=4 target=4137273 residue=10 carry=7 root=3 common_I=(960117507257/1930018885886,324519717452867/652346383429468) next_full_lifts=3042
k=4826097 delta=6 target=3447729 residue=12 carry=8 root=5 common_I=(960117507257/1930018885886,324519717452867/652346383429468) next_full_lifts=3041
k=4826098 delta=8 target=2758185 residue=1 carry=9 root=7 common_I=(960117507257/1930018885886,324519717452867/652346383429468) next_full_lifts=3041
k=4826099 delta=10 target=2068641 residue=3 carry=10 root=9 common_I=(960117507257/1930018885886,324519717452867/652346383429468) next_full_lifts=3041
k=4826100 delta=12 target=1379097 residue=5 carry=11 root=11 common_I=(960117507257/1930018885886,324519717452867/652346383429468) next_full_lifts=3041
k=4826102 delta=3 target=9 residue=9 carry=0 root=2 common_I=(960117507257/1930018885886,324519717452867/652346383429468) next_full_lifts=3045
k=4826103 delta=5 target=4137274 residue=11 carry=1 root=4 common_I=(960117507257/1930018885886,324519717452867/652346383429468) next_full_lifts=3041
k=4826104 delta=7 target=3447730 residue=0 carry=2 root=6 common_I=(960117507257/1930018885886,324519717452867/652346383429468) next_full_lifts=3042
k=4826105 delta=9 target=2758186 residue=2 carry=3 root=8 common_I=(960117507257/1930018885886,324519717452867/652346383429468) next_full_lifts=3042
k=4826106 delta=11 target=2068642 residue=4 carry=4 root=10 common_I=(960117507257/1930018885886,324519717452867/652346383429468) next_full_lifts=3042
k=4826109 delta=4 target=10 residue=10 carry=7 root=3 common_I=(960117507257/1930018885886,324519717452867/652346383429468) next_full_lifts=3042
k=4826110 delta=6 target=4137275 residue=12 carry=8 root=5 common_I=(960117507257/1930018885886,324519717452867/652346383429468) next_full_lifts=3041
k=4826111 delta=8 target=3447731 residue=1 carry=9 root=7 common_I=(960117507257/1930018885886,324519717452867/652346383429468) next_full_lifts=3041
k=4826112 delta=10 target=2758187 residue=3 carry=10 root=9 common_I=(960117507257/1930018885886,324519717452867/652346383429468) next_full_lifts=3041
k=4826113 delta=12 target=2068643 residue=5 carry=11 root=11 common_I=(960117507257/1930018885886,324519717452867/652346383429468) next_full_lifts=3041
k=4826115 delta=3 target=689555 residue=9 carry=0 root=2 common_I=(960117507257/1930018885886,324519717452867/652346383429468) next_full_lifts=3045
k=4826116 delta=5 target=11 residue=11 carry=1 root=4 common_I=(960117507257/1930018885886,324519717452867/652346383429468) next_full_lifts=3041
k=4826117 delta=7 target=4137276 residue=0 carry=2 root=6 common_I=(960117507257/1930018885886,324519717452867/652346383429468) next_full_lifts=3042
k=4826118 delta=9 target=3447732 residue=2 carry=3 root=8 common_I=(960117507257/1930018885886,324519717452867/652346383429468) next_full_lifts=3042
k=4826119 delta=11 target=2758188 residue=4 carry=4 root=10 common_I=(960117507257/1930018885886,324519717452867/652346383429468) next_full_lifts=3042
k=4826122 delta=4 target=689556 residue=10 carry=7 root=3 common_I=(960117507257/1930018885886,324519717452867/652346383429468) next_full_lifts=3042
k=4826123 delta=6 target=12 residue=12 carry=8 root=5 common_I=(960117507257/1930018885886,324519717452867/652346383429468) next_full_lifts=3041
k=4826124 delta=8 target=4137277 residue=1 carry=9 root=7 common_I=(960117507257/1930018885886,324519717452867/652346383429468) next_full_lifts=3041
k=4826125 delta=10 target=3447733 residue=3 carry=10 root=9 common_I=(960117507257/1930018885886,324519717452867/652346383429468) next_full_lifts=3041
k=4826126 delta=12 target=2758189 residue=5 carry=11 root=11 common_I=(960117507257/1930018885886,324519717452867/652346383429468) next_full_lifts=3041
k=4826128 delta=3 target=1379101 residue=9 carry=0 root=2 common_I=(960117507257/1930018885886,324519717452867/652346383429468) next_full_lifts=3045
k=4826129 delta=5 target=689557 residue=11 carry=1 root=4 common_I=(960117507257/1930018885886,324519717452867/652346383429468) next_full_lifts=3041
k=4826130 delta=7 target=13 residue=0 carry=2 root=6 common_I=(960117507257/1930018885886,324519717452867/652346383429468) next_full_lifts=3042
k=4826131 delta=9 target=4137278 residue=2 carry=3 root=8 common_I=(960117507257/1930018885886,324519717452867/652346383429468) next_full_lifts=3042
k=4826132 delta=11 target=3447734 residue=4 carry=4 root=10 common_I=(960117507257/1930018885886,324519717452867/652346383429468) next_full_lifts=3042
k=4826135 delta=4 target=1379102 residue=10 carry=7 root=3 common_I=(960117507257/1930018885886,324519717452867/652346383429468) next_full_lifts=3042
k=4826136 delta=6 target=689558 residue=12 carry=8 root=5 common_I=(960117507257/1930018885886,324519717452867/652346383429468) next_full_lifts=3041
k=4826137 delta=8 target=14 residue=1 carry=9 root=7 common_I=(960117507257/1930018885886,324519717452867/652346383429468) next_full_lifts=3041
k=4826138 delta=10 target=4137279 residue=3 carry=10 root=9 common_I=(960117507257/1930018885886,324519717452867/652346383429468) next_full_lifts=3041
k=4826139 delta=12 target=3447735 residue=5 carry=11 root=11 common_I=(960117507257/1930018885886,324519717452867/652346383429468) next_full_lifts=3041
k=4826141 delta=3 target=2068647 residue=9 carry=0 root=2 common_I=(960117507257/1930018885886,324519717452867/652346383429468) next_full_lifts=3045
k=4826142 delta=5 target=1379103 residue=11 carry=1 root=4 common_I=(960117507257/1930018885886,324519717452867/652346383429468) next_full_lifts=3041
k=4826143 delta=7 target=689559 residue=0 carry=2 root=6 common_I=(960117507257/1930018885886,324519717452867/652346383429468) next_full_lifts=3042
k=4826144 delta=9 target=15 residue=2 carry=3 root=8 common_I=(960117507257/1930018885886,324519717452867/652346383429468) next_full_lifts=3042
k=4826145 delta=11 target=4137280 residue=4 carry=4 root=10 common_I=(960117507257/1930018885886,324519717452867/652346383429468) next_full_lifts=3042
k=4826148 delta=4 target=2068648 residue=10 carry=7 root=3 common_I=(960117507257/1930018885886,324519717452867/652346383429468) next_full_lifts=3042
k=4826149 delta=6 target=1379104 residue=12 carry=8 root=5 common_I=(960117507257/1930018885886,324519717452867/652346383429468) next_full_lifts=3041
k=4826150 delta=8 target=689560 residue=1 carry=9 root=7 common_I=(960117507257/1930018885886,324519717452867/652346383429468) next_full_lifts=3041
k=4826151 delta=10 target=16 residue=3 carry=10 root=9 common_I=(960117507257/1930018885886,324519717452867/652346383429468) next_full_lifts=3041
k=4826152 delta=12 target=4137281 residue=5 carry=11 root=11 common_I=(960117507257/1930018885886,324519717452867/652346383429468) next_full_lifts=3041
k=4826154 delta=3 target=2758193 residue=9 carry=0 root=2 common_I=(960117507257/1930018885886,324519717452867/652346383429468) next_full_lifts=3045
k=4826155 delta=5 target=2068649 residue=11 carry=1 root=4 common_I=(960117507257/1930018885886,324519717452867/652346383429468) next_full_lifts=3041
k=4826156 delta=7 target=1379105 residue=0 carry=2 root=6 common_I=(960117507257/1930018885886,324519717452867/652346383429468) next_full_lifts=3042
k=4826157 delta=9 target=689561 residue=2 carry=3 root=8 common_I=(960117507257/1930018885886,324519717452867/652346383429468) next_full_lifts=3042
k=4826158 delta=11 target=17 residue=4 carry=4 root=10 common_I=(960117507257/1930018885886,324519717452867/652346383429468) next_full_lifts=3042
k=4826161 delta=4 target=2758194 residue=10 carry=7 root=3 common_I=(960117507257/1930018885886,324519717452867/652346383429468) next_full_lifts=3042
k=4826162 delta=6 target=2068650 residue=12 carry=8 root=5 common_I=(960117507257/1930018885886,324519717452867/652346383429468) next_full_lifts=3041
k=4826163 delta=8 target=1379106 residue=1 carry=9 root=7 common_I=(960117507257/1930018885886,324519717452867/652346383429468) next_full_lifts=3041
k=4826164 delta=10 target=689562 residue=3 carry=10 root=9 common_I=(960117507257/1930018885886,324519717452867/652346383429468) next_full_lifts=3041
k=4826165 delta=12 target=18 residue=5 carry=11 root=11 common_I=(960117507257/1930018885886,324519717452867/652346383429468) next_full_lifts=3041
k=4826167 delta=3 target=3447739 residue=9 carry=0 root=2 common_I=(960117507257/1930018885886,324519717452867/652346383429468) next_full_lifts=3045
k=4826168 delta=5 target=2758195 residue=11 carry=1 root=4 common_I=(960117507257/1930018885886,324519717452867/652346383429468) next_full_lifts=3041
k=4826169 delta=7 target=2068651 residue=0 carry=2 root=6 common_I=(960117507257/1930018885886,324519717452867/652346383429468) next_full_lifts=3042
k=4826170 delta=9 target=1379107 residue=2 carry=3 root=8 common_I=(960117507257/1930018885886,324519717452867/652346383429468) next_full_lifts=3042
k=4826171 delta=11 target=689563 residue=4 carry=4 root=10 common_I=(960117507257/1930018885886,324519717452867/652346383429468) next_full_lifts=3042
k=4826174 delta=4 target=3447740 residue=10 carry=7 root=3 common_I=(960117507257/1930018885886,324519717452867/652346383429468) next_full_lifts=3042
k=4826175 delta=6 target=2758196 residue=12 carry=8 root=5 common_I=(960117507257/1930018885886,324519717452867/652346383429468) next_full_lifts=3041
k=4826176 delta=8 target=2068652 residue=1 carry=9 root=7 common_I=(960117507257/1930018885886,324519717452867/652346383429468) next_full_lifts=3041
k=4826177 delta=10 target=1379108 residue=3 carry=10 root=9 common_I=(960117507257/1930018885886,324519717452867/652346383429468) next_full_lifts=3041
k=4826178 delta=12 target=689564 residue=5 carry=11 root=11 common_I=(960117507257/1930018885886,324519717452867/652346383429468) next_full_lifts=3041
k=4826180 delta=3 target=4137285 residue=9 carry=0 root=2 common_I=(960117507257/1930018885886,324519717452867/652346383429468) next_full_lifts=3045
k=4826181 delta=5 target=3447741 residue=11 carry=1 root=4 common_I=(960117507257/1930018885886,324519717452867/652346383429468) next_full_lifts=3041
k=4826182 delta=7 target=2758197 residue=0 carry=2 root=6 common_I=(960117507257/1930018885886,324519717452867/652346383429468) next_full_lifts=3042
k=4826183 delta=9 target=2068653 residue=2 carry=3 root=8 common_I=(960117507257/1930018885886,324519717452867/652346383429468) next_full_lifts=3042
k=4826184 delta=11 target=1379109 residue=4 carry=4 root=10 common_I=(960117507257/1930018885886,324519717452867/652346383429468) next_full_lifts=3042
k=4826187 delta=4 target=4137286 residue=10 carry=7 root=3 common_I=(960117507257/1930018885886,324519717452867/652346383429468) next_full_lifts=3042
k=4826188 delta=6 target=3447742 residue=12 carry=8 root=5 common_I=(960117507257/1930018885886,324519717452867/652346383429468) next_full_lifts=3041
k=4826189 delta=8 target=2758198 residue=1 carry=9 root=7 common_I=(960117507257/1930018885886,324519717452867/652346383429468) next_full_lifts=3041
k=4826190 delta=10 target=2068654 residue=3 carry=10 root=9 common_I=(960117507257/1930018885886,324519717452867/652346383429468) next_full_lifts=3041
k=4826191 delta=12 target=1379110 residue=5 carry=11 root=11 common_I=(960117507257/1930018885886,324519717452867/652346383429468) next_full_lifts=3041
k=4826193 delta=3 target=22 residue=9 carry=0 root=2 common_I=(960117507257/1930018885886,324519717452867/652346383429468) next_full_lifts=3045
k=4826194 delta=5 target=4137287 residue=11 carry=1 root=4 common_I=(960117507257/1930018885886,324519717452867/652346383429468) next_full_lifts=3041
k=4826195 delta=7 target=3447743 residue=0 carry=2 root=6 common_I=(960117507257/1930018885886,324519717452867/652346383429468) next_full_lifts=3042
k=4826196 delta=9 target=2758199 residue=2 carry=3 root=8 common_I=(960117507257/1930018885886,324519717452867/652346383429468) next_full_lifts=3042
k=4826197 delta=11 target=2068655 residue=4 carry=4 root=10 common_I=(960117507257/1930018885886,324519717452867/652346383429468) next_full_lifts=3042
k=4826200 delta=4 target=23 residue=10 carry=7 root=3 common_I=(960117507257/1930018885886,324519717452867/652346383429468) next_full_lifts=3042
k=4826201 delta=6 target=4137288 residue=12 carry=8 root=5 common_I=(960117507257/1930018885886,324519717452867/652346383429468) next_full_lifts=3041
k=4826202 delta=8 target=3447744 residue=1 carry=9 root=7 common_I=(960117507257/1930018885886,324519717452867/652346383429468) next_full_lifts=3041
k=4826203 delta=10 target=2758200 residue=3 carry=10 root=9 common_I=(960117507257/1930018885886,324519717452867/652346383429468) next_full_lifts=3041
k=4826204 delta=12 target=2068656 residue=5 carry=11 root=11 common_I=(960117507257/1930018885886,324519717452867/652346383429468) next_full_lifts=3041
k=4826206 delta=3 target=689568 residue=9 carry=0 root=2 common_I=(960117507257/1930018885886,324519717452867/652346383429468) next_full_lifts=3045
k=4826207 delta=5 target=24 residue=11 carry=1 root=4 common_I=(960117507257/1930018885886,324519717452867/652346383429468) next_full_lifts=3041
k=4826208 delta=7 target=4137289 residue=0 carry=2 root=6 common_I=(960117507257/1930018885886,324519717452867/652346383429468) next_full_lifts=3042
k=4826209 delta=9 target=3447745 residue=2 carry=3 root=8 common_I=(960117507257/1930018885886,324519717452867/652346383429468) next_full_lifts=3042
k=4826210 delta=11 target=2758201 residue=4 carry=4 root=10 common_I=(960117507257/1930018885886,324519717452867/652346383429468) next_full_lifts=3042
k=4826213 delta=4 target=689569 residue=10 carry=7 root=3 common_I=(960117507257/1930018885886,324519717452867/652346383429468) next_full_lifts=3042
k=4826214 delta=6 target=25 residue=12 carry=8 root=5 common_I=(960117507257/1930018885886,324519717452867/652346383429468) next_full_lifts=3041
k=4826215 delta=8 target=4137290 residue=1 carry=9 root=7 common_I=(960117507257/1930018885886,324519717452867/652346383429468) next_full_lifts=3041
k=4826216 delta=10 target=3447746 residue=3 carry=10 root=9 common_I=(960117507257/1930018885886,324519717452867/652346383429468) next_full_lifts=3041
k=4826217 delta=12 target=2758202 residue=5 carry=11 root=11 common_I=(960117507257/1930018885886,324519717452867/652346383429468) next_full_lifts=3041
k=4826219 delta=3 target=1379114 residue=9 carry=0 root=2 common_I=(960117507257/1930018885886,324519717452867/652346383429468) next_full_lifts=3045
k=4826220 delta=5 target=689570 residue=11 carry=1 root=4 common_I=(960117507257/1930018885886,324519717452867/652346383429468) next_full_lifts=3041
k=4826221 delta=7 target=26 residue=0 carry=2 root=6 common_I=(960117507257/1930018885886,324519717452867/652346383429468) next_full_lifts=3042
k=4826222 delta=9 target=4137291 residue=2 carry=3 root=8 common_I=(960117507257/1930018885886,324519717452867/652346383429468) next_full_lifts=3042
k=4826223 delta=11 target=3447747 residue=4 carry=4 root=10 common_I=(960117507257/1930018885886,324519717452867/652346383429468) next_full_lifts=3042
k=4826226 delta=4 target=1379115 residue=10 carry=7 root=3 common_I=(960117507257/1930018885886,324519717452867/652346383429468) next_full_lifts=3042
k=4826227 delta=6 target=689571 residue=12 carry=8 root=5 common_I=(960117507257/1930018885886,324519717452867/652346383429468) next_full_lifts=3041
k=4826228 delta=8 target=27 residue=1 carry=9 root=7 common_I=(960117507257/1930018885886,324519717452867/652346383429468) next_full_lifts=3041
k=4826229 delta=10 target=4137292 residue=3 carry=10 root=9 common_I=(960117507257/1930018885886,324519717452867/652346383429468) next_full_lifts=3041
k=4826230 delta=12 target=3447748 residue=5 carry=11 root=11 common_I=(960117507257/1930018885886,324519717452867/652346383429468) next_full_lifts=3041
k=4826232 delta=3 target=2068660 residue=9 carry=0 root=2 common_I=(960117507257/1930018885886,324519717452867/652346383429468) next_full_lifts=3045
k=4826233 delta=5 target=1379116 residue=11 carry=1 root=4 common_I=(960117507257/1930018885886,324519717452867/652346383429468) next_full_lifts=3041
k=4826234 delta=7 target=689572 residue=0 carry=2 root=6 common_I=(960117507257/1930018885886,324519717452867/652346383429468) next_full_lifts=3042
k=4826235 delta=9 target=28 residue=2 carry=3 root=8 common_I=(960117507257/1930018885886,324519717452867/652346383429468) next_full_lifts=3042
k=4826236 delta=11 target=4137293 residue=4 carry=4 root=10 common_I=(960117507257/1930018885886,324519717452867/652346383429468) next_full_lifts=3042
k=4826239 delta=4 target=2068661 residue=10 carry=7 root=3 common_I=(960117507257/1930018885886,324519717452867/652346383429468) next_full_lifts=3042
k=4826240 delta=6 target=1379117 residue=12 carry=8 root=5 common_I=(960117507257/1930018885886,324519717452867/652346383429468) next_full_lifts=3041
k=4826241 delta=8 target=689573 residue=1 carry=9 root=7 common_I=(960117507257/1930018885886,324519717452867/652346383429468) next_full_lifts=3041
k=4826242 delta=10 target=29 residue=3 carry=10 root=9 common_I=(960117507257/1930018885886,324519717452867/652346383429468) next_full_lifts=3041
k=4826243 delta=12 target=4137294 residue=5 carry=11 root=11 common_I=(960117507257/1930018885886,324519717452867/652346383429468) next_full_lifts=3041
k=4826245 delta=3 target=2758206 residue=9 carry=0 root=2 common_I=(960117507257/1930018885886,324519717452867/652346383429468) next_full_lifts=3045
k=4826246 delta=5 target=2068662 residue=11 carry=1 root=4 common_I=(960117507257/1930018885886,324519717452867/652346383429468) next_full_lifts=3041
k=4826247 delta=7 target=1379118 residue=0 carry=2 root=6 common_I=(960117507257/1930018885886,324519717452867/652346383429468) next_full_lifts=3042
k=4826248 delta=9 target=689574 residue=2 carry=3 root=8 common_I=(960117507257/1930018885886,324519717452867/652346383429468) next_full_lifts=3042
k=4826249 delta=11 target=30 residue=4 carry=4 root=10 common_I=(960117507257/1930018885886,324519717452867/652346383429468) next_full_lifts=3042
k=4826252 delta=4 target=2758207 residue=10 carry=7 root=3 common_I=(960117507257/1930018885886,324519717452867/652346383429468) next_full_lifts=3042
k=4826253 delta=6 target=2068663 residue=12 carry=8 root=5 common_I=(960117507257/1930018885886,324519717452867/652346383429468) next_full_lifts=3041
k=4826254 delta=8 target=1379119 residue=1 carry=9 root=7 common_I=(960117507257/1930018885886,324519717452867/652346383429468) next_full_lifts=3041
k=4826255 delta=10 target=689575 residue=3 carry=10 root=9 common_I=(960117507257/1930018885886,324519717452867/652346383429468) next_full_lifts=3041
k=4826256 delta=12 target=31 residue=5 carry=11 root=11 common_I=(960117507257/1930018885886,324519717452867/652346383429468) next_full_lifts=3041
k=4826258 delta=3 target=3447752 residue=9 carry=0 root=2 common_I=(960117507257/1930018885886,324519717452867/652346383429468) next_full_lifts=3045
k=4826259 delta=5 target=2758208 residue=11 carry=1 root=4 common_I=(960117507257/1930018885886,324519717452867/652346383429468) next_full_lifts=3041
k=4826260 delta=7 target=2068664 residue=0 carry=2 root=6 common_I=(960117507257/1930018885886,324519717452867/652346383429468) next_full_lifts=3042
k=4826261 delta=9 target=1379120 residue=2 carry=3 root=8 common_I=(960117507257/1930018885886,324519717452867/652346383429468) next_full_lifts=3042
k=4826262 delta=11 target=689576 residue=4 carry=4 root=10 common_I=(960117507257/1930018885886,324519717452867/652346383429468) next_full_lifts=3042
k=4826265 delta=4 target=3447753 residue=10 carry=7 root=3 common_I=(960117507257/1930018885886,324519717452867/652346383429468) next_full_lifts=3042
k=4826266 delta=6 target=2758209 residue=12 carry=8 root=5 common_I=(960117507257/1930018885886,324519717452867/652346383429468) next_full_lifts=3041
k=4826267 delta=8 target=2068665 residue=1 carry=9 root=7 common_I=(960117507257/1930018885886,324519717452867/652346383429468) next_full_lifts=3041
k=4826268 delta=10 target=1379121 residue=3 carry=10 root=9 common_I=(960117507257/1930018885886,324519717452867/652346383429468) next_full_lifts=3041
k=4826269 delta=12 target=689577 residue=5 carry=11 root=11 common_I=(960117507257/1930018885886,324519717452867/652346383429468) next_full_lifts=3041
k=4826271 delta=3 target=4137298 residue=9 carry=0 root=2 common_I=(960117507257/1930018885886,324519717452867/652346383429468) next_full_lifts=3045
k=4826272 delta=5 target=3447754 residue=11 carry=1 root=4 common_I=(960117507257/1930018885886,324519717452867/652346383429468) next_full_lifts=3041
k=4826273 delta=7 target=2758210 residue=0 carry=2 root=6 common_I=(960117507257/1930018885886,324519717452867/652346383429468) next_full_lifts=3042
k=4826274 delta=9 target=2068666 residue=2 carry=3 root=8 common_I=(960117507257/1930018885886,324519717452867/652346383429468) next_full_lifts=3042
k=4826275 delta=11 target=1379122 residue=4 carry=4 root=10 common_I=(960117507257/1930018885886,324519717452867/652346383429468) next_full_lifts=3042
k=4826278 delta=4 target=4137299 residue=10 carry=7 root=3 common_I=(960117507257/1930018885886,324519717452867/652346383429468) next_full_lifts=3042
k=4826279 delta=6 target=3447755 residue=12 carry=8 root=5 common_I=(960117507257/1930018885886,324519717452867/652346383429468) next_full_lifts=3041
k=4826280 delta=8 target=2758211 residue=1 carry=9 root=7 common_I=(960117507257/1930018885886,324519717452867/652346383429468) next_full_lifts=3041
k=4826281 delta=10 target=2068667 residue=3 carry=10 root=9 common_I=(960117507257/1930018885886,324519717452867/652346383429468) next_full_lifts=3041
k=4826282 delta=12 target=1379123 residue=5 carry=11 root=11 common_I=(960117507257/1930018885886,324519717452867/652346383429468) next_full_lifts=3041
k=4826284 delta=3 target=35 residue=9 carry=0 root=2 common_I=(960117507257/1930018885886,324519717452867/652346383429468) next_full_lifts=3045
k=4826285 delta=5 target=4137300 residue=11 carry=1 root=4 common_I=(960117507257/1930018885886,324519717452867/652346383429468) next_full_lifts=3041
k=4826286 delta=7 target=3447756 residue=0 carry=2 root=6 common_I=(960117507257/1930018885886,324519717452867/652346383429468) next_full_lifts=3042
k=4826287 delta=9 target=2758212 residue=2 carry=3 root=8 common_I=(960117507257/1930018885886,324519717452867/652346383429468) next_full_lifts=3042
k=4826288 delta=11 target=2068668 residue=4 carry=4 root=10 common_I=(960117507257/1930018885886,324519717452867/652346383429468) next_full_lifts=3042
k=4826291 delta=4 target=36 residue=10 carry=7 root=3 common_I=(960117507257/1930018885886,324519717452867/652346383429468) next_full_lifts=3042
k=4826292 delta=6 target=4137301 residue=12 carry=8 root=5 common_I=(960117507257/1930018885886,324519717452867/652346383429468) next_full_lifts=3041
k=4826293 delta=8 target=3447757 residue=1 carry=9 root=7 common_I=(960117507257/1930018885886,324519717452867/652346383429468) next_full_lifts=3041
k=4826294 delta=10 target=2758213 residue=3 carry=10 root=9 common_I=(960117507257/1930018885886,324519717452867/652346383429468) next_full_lifts=3041
k=4826295 delta=12 target=2068669 residue=5 carry=11 root=11 common_I=(960117507257/1930018885886,324519717452867/652346383429468) next_full_lifts=3041
k=4826297 delta=3 target=689581 residue=9 carry=0 root=2 common_I=(960117507257/1930018885886,324519717452867/652346383429468) next_full_lifts=3045
k=4826298 delta=5 target=37 residue=11 carry=1 root=4 common_I=(960117507257/1930018885886,324519717452867/652346383429468) next_full_lifts=3041
k=4826299 delta=7 target=4137302 residue=0 carry=2 root=6 common_I=(960117507257/1930018885886,324519717452867/652346383429468) next_full_lifts=3042
k=4826300 delta=9 target=3447758 residue=2 carry=3 root=8 common_I=(960117507257/1930018885886,324519717452867/652346383429468) next_full_lifts=3042
k=4826301 delta=11 target=2758214 residue=4 carry=4 root=10 common_I=(960117507257/1930018885886,324519717452867/652346383429468) next_full_lifts=3042
k=4826304 delta=4 target=689582 residue=10 carry=7 root=3 common_I=(960117507257/1930018885886,324519717452867/652346383429468) next_full_lifts=3042
k=4826305 delta=6 target=38 residue=12 carry=8 root=5 common_I=(960117507257/1930018885886,324519717452867/652346383429468) next_full_lifts=3041
k=4826306 delta=8 target=4137303 residue=1 carry=9 root=7 common_I=(960117507257/1930018885886,324519717452867/652346383429468) next_full_lifts=3041
k=4826307 delta=10 target=3447759 residue=3 carry=10 root=9 common_I=(960117507257/1930018885886,324519717452867/652346383429468) next_full_lifts=3041
k=4826308 delta=12 target=2758215 residue=5 carry=11 root=11 common_I=(960117507257/1930018885886,324519717452867/652346383429468) next_full_lifts=3041
k=4826310 delta=3 target=1379127 residue=9 carry=0 root=2 common_I=(960117507257/1930018885886,324519717452867/652346383429468) next_full_lifts=3045
k=4826311 delta=5 target=689583 residue=11 carry=1 root=4 common_I=(960117507257/1930018885886,324519717452867/652346383429468) next_full_lifts=3041
k=4826312 delta=7 target=39 residue=0 carry=2 root=6 common_I=(960117507257/1930018885886,324519717452867/652346383429468) next_full_lifts=3042
k=4826313 delta=9 target=4137304 residue=2 carry=3 root=8 common_I=(960117507257/1930018885886,324519717452867/652346383429468) next_full_lifts=3042
k=4826314 delta=11 target=3447760 residue=4 carry=4 root=10 common_I=(960117507257/1930018885886,324519717452867/652346383429468) next_full_lifts=3042
k=4826317 delta=4 target=1379128 residue=10 carry=7 root=3 common_I=(960117507257/1930018885886,324519717452867/652346383429468) next_full_lifts=3042
k=4826318 delta=6 target=689584 residue=12 carry=8 root=5 common_I=(960117507257/1930018885886,324519717452867/652346383429468) next_full_lifts=3041
k=4826319 delta=8 target=40 residue=1 carry=9 root=7 common_I=(960117507257/1930018885886,324519717452867/652346383429468) next_full_lifts=3041
k=4826320 delta=10 target=4137305 residue=3 carry=10 root=9 common_I=(960117507257/1930018885886,324519717452867/652346383429468) next_full_lifts=3041
k=4826321 delta=12 target=3447761 residue=5 carry=11 root=11 common_I=(960117507257/1930018885886,324519717452867/652346383429468) next_full_lifts=3041
k=4826323 delta=3 target=2068673 residue=9 carry=0 root=2 common_I=(960117507257/1930018885886,324519717452867/652346383429468) next_full_lifts=3045
k=4826324 delta=5 target=1379129 residue=11 carry=1 root=4 common_I=(960117507257/1930018885886,324519717452867/652346383429468) next_full_lifts=3041
k=4826325 delta=7 target=689585 residue=0 carry=2 root=6 common_I=(960117507257/1930018885886,324519717452867/652346383429468) next_full_lifts=3042
k=4826326 delta=9 target=41 residue=2 carry=3 root=8 common_I=(960117507257/1930018885886,324519717452867/652346383429468) next_full_lifts=3042
k=4826327 delta=11 target=4137306 residue=4 carry=4 root=10 common_I=(960117507257/1930018885886,324519717452867/652346383429468) next_full_lifts=3042
k=4826330 delta=4 target=2068674 residue=10 carry=7 root=3 common_I=(960117507257/1930018885886,324519717452867/652346383429468) next_full_lifts=3042
k=4826331 delta=6 target=1379130 residue=12 carry=8 root=5 common_I=(960117507257/1930018885886,324519717452867/652346383429468) next_full_lifts=3041
k=4826332 delta=8 target=689586 residue=1 carry=9 root=7 common_I=(960117507257/1930018885886,324519717452867/652346383429468) next_full_lifts=3041
k=4826333 delta=10 target=42 residue=3 carry=10 root=9 common_I=(960117507257/1930018885886,324519717452867/652346383429468) next_full_lifts=3041
k=4826334 delta=12 target=4137307 residue=5 carry=11 root=11 common_I=(960117507257/1930018885886,324519717452867/652346383429468) next_full_lifts=3041
k=4826336 delta=3 target=2758219 residue=9 carry=0 root=2 common_I=(960117507257/1930018885886,324519717452867/652346383429468) next_full_lifts=3045
k=4826337 delta=5 target=2068675 residue=11 carry=1 root=4 common_I=(960117507257/1930018885886,324519717452867/652346383429468) next_full_lifts=3041
k=4826338 delta=7 target=1379131 residue=0 carry=2 root=6 common_I=(960117507257/1930018885886,324519717452867/652346383429468) next_full_lifts=3042
k=4826339 delta=9 target=689587 residue=2 carry=3 root=8 common_I=(960117507257/1930018885886,324519717452867/652346383429468) next_full_lifts=3042
k=4826340 delta=11 target=43 residue=4 carry=4 root=10 common_I=(960117507257/1930018885886,324519717452867/652346383429468) next_full_lifts=3042
k=4826343 delta=4 target=2758220 residue=10 carry=7 root=3 common_I=(960117507257/1930018885886,324519717452867/652346383429468) next_full_lifts=3042
k=4826344 delta=6 target=2068676 residue=12 carry=8 root=5 common_I=(960117507257/1930018885886,324519717452867/652346383429468) next_full_lifts=3041
k=4826345 delta=8 target=1379132 residue=1 carry=9 root=7 common_I=(960117507257/1930018885886,324519717452867/652346383429468) next_full_lifts=3041
k=4826346 delta=10 target=689588 residue=3 carry=10 root=9 common_I=(960117507257/1930018885886,324519717452867/652346383429468) next_full_lifts=3041
k=4826347 delta=12 target=44 residue=5 carry=11 root=11 common_I=(960117507257/1930018885886,324519717452867/652346383429468) next_full_lifts=3041
k=4826349 delta=3 target=3447765 residue=9 carry=0 root=2 common_I=(960117507257/1930018885886,324519717452867/652346383429468) next_full_lifts=3045
k=4826350 delta=5 target=2758221 residue=11 carry=1 root=4 common_I=(960117507257/1930018885886,324519717452867/652346383429468) next_full_lifts=3041
k=4826351 delta=7 target=2068677 residue=0 carry=2 root=6 common_I=(960117507257/1930018885886,324519717452867/652346383429468) next_full_lifts=3042
k=4826352 delta=9 target=1379133 residue=2 carry=3 root=8 common_I=(960117507257/1930018885886,324519717452867/652346383429468) next_full_lifts=3042
k=4826353 delta=11 target=689589 residue=4 carry=4 root=10 common_I=(960117507257/1930018885886,324519717452867/652346383429468) next_full_lifts=3042
k=4826356 delta=4 target=3447766 residue=10 carry=7 root=3 common_I=(960117507257/1930018885886,324519717452867/652346383429468) next_full_lifts=3042
k=4826357 delta=6 target=2758222 residue=12 carry=8 root=5 common_I=(960117507257/1930018885886,324519717452867/652346383429468) next_full_lifts=3041
k=4826358 delta=8 target=2068678 residue=1 carry=9 root=7 common_I=(960117507257/1930018885886,324519717452867/652346383429468) next_full_lifts=3041
k=4826359 delta=10 target=1379134 residue=3 carry=10 root=9 common_I=(960117507257/1930018885886,324519717452867/652346383429468) next_full_lifts=3041
k=4826360 delta=12 target=689590 residue=5 carry=11 root=11 common_I=(960117507257/1930018885886,324519717452867/652346383429468) next_full_lifts=3041
k=4826362 delta=3 target=4137311 residue=9 carry=0 root=2 common_I=(960117507257/1930018885886,324519717452867/652346383429468) next_full_lifts=3045
k=4826363 delta=5 target=3447767 residue=11 carry=1 root=4 common_I=(960117507257/1930018885886,324519717452867/652346383429468) next_full_lifts=3041
k=4826364 delta=7 target=2758223 residue=0 carry=2 root=6 common_I=(960117507257/1930018885886,324519717452867/652346383429468) next_full_lifts=3042
k=4826365 delta=9 target=2068679 residue=2 carry=3 root=8 common_I=(960117507257/1930018885886,324519717452867/652346383429468) next_full_lifts=3042
k=4826366 delta=11 target=1379135 residue=4 carry=4 root=10 common_I=(960117507257/1930018885886,324519717452867/652346383429468) next_full_lifts=3042
k=4826369 delta=4 target=4137312 residue=10 carry=7 root=3 common_I=(960117507257/1930018885886,324519717452867/652346383429468) next_full_lifts=3042
k=4826370 delta=6 target=3447768 residue=12 carry=8 root=5 common_I=(960117507257/1930018885886,324519717452867/652346383429468) next_full_lifts=3041
k=4826371 delta=8 target=2758224 residue=1 carry=9 root=7 common_I=(960117507257/1930018885886,324519717452867/652346383429468) next_full_lifts=3041
k=4826372 delta=10 target=2068680 residue=3 carry=10 root=9 common_I=(960117507257/1930018885886,324519717452867/652346383429468) next_full_lifts=3041
k=4826373 delta=12 target=1379136 residue=5 carry=11 root=11 common_I=(960117507257/1930018885886,324519717452867/652346383429468) next_full_lifts=3041
k=4826375 delta=3 target=48 residue=9 carry=0 root=2 common_I=(960117507257/1930018885886,324519717452867/652346383429468) next_full_lifts=3045
k=4826376 delta=5 target=4137313 residue=11 carry=1 root=4 common_I=(960117507257/1930018885886,324519717452867/652346383429468) next_full_lifts=3041
k=4826377 delta=7 target=3447769 residue=0 carry=2 root=6 common_I=(960117507257/1930018885886,324519717452867/652346383429468) next_full_lifts=3042
k=4826378 delta=9 target=2758225 residue=2 carry=3 root=8 common_I=(960117507257/1930018885886,324519717452867/652346383429468) next_full_lifts=3042
k=4826379 delta=11 target=2068681 residue=4 carry=4 root=10 common_I=(960117507257/1930018885886,324519717452867/652346383429468) next_full_lifts=3042
k=4826382 delta=4 target=49 residue=10 carry=7 root=3 common_I=(960117507257/1930018885886,324519717452867/652346383429468) next_full_lifts=3042
k=4826383 delta=6 target=4137314 residue=12 carry=8 root=5 common_I=(960117507257/1930018885886,324519717452867/652346383429468) next_full_lifts=3041
k=4826384 delta=8 target=3447770 residue=1 carry=9 root=7 common_I=(960117507257/1930018885886,324519717452867/652346383429468) next_full_lifts=3041
k=4826385 delta=10 target=2758226 residue=3 carry=10 root=9 common_I=(960117507257/1930018885886,324519717452867/652346383429468) next_full_lifts=3041
k=4826386 delta=12 target=2068682 residue=5 carry=11 root=11 common_I=(960117507257/1930018885886,324519717452867/652346383429468) next_full_lifts=3041
k=4826388 delta=3 target=689594 residue=9 carry=0 root=2 common_I=(960117507257/1930018885886,324519717452867/652346383429468) next_full_lifts=3045
k=4826389 delta=5 target=50 residue=11 carry=1 root=4 common_I=(960117507257/1930018885886,324519717452867/652346383429468) next_full_lifts=3041
k=4826390 delta=7 target=4137315 residue=0 carry=2 root=6 common_I=(960117507257/1930018885886,324519717452867/652346383429468) next_full_lifts=3042
k=4826391 delta=9 target=3447771 residue=2 carry=3 root=8 common_I=(960117507257/1930018885886,324519717452867/652346383429468) next_full_lifts=3042
k=4826392 delta=11 target=2758227 residue=4 carry=4 root=10 common_I=(960117507257/1930018885886,324519717452867/652346383429468) next_full_lifts=3042
k=4826395 delta=4 target=689595 residue=10 carry=7 root=3 common_I=(960117507257/1930018885886,324519717452867/652346383429468) next_full_lifts=3042
k=4826396 delta=6 target=51 residue=12 carry=8 root=5 common_I=(960117507257/1930018885886,324519717452867/652346383429468) next_full_lifts=3041
k=4826397 delta=8 target=4137316 residue=1 carry=9 root=7 common_I=(960117507257/1930018885886,324519717452867/652346383429468) next_full_lifts=3041
k=4826398 delta=10 target=3447772 residue=3 carry=10 root=9 common_I=(960117507257/1930018885886,324519717452867/652346383429468) next_full_lifts=3041
k=4826399 delta=12 target=2758228 residue=5 carry=11 root=11 common_I=(960117507257/1930018885886,324519717452867/652346383429468) next_full_lifts=3041
k=4826401 delta=3 target=1379140 residue=9 carry=0 root=2 common_I=(960117507257/1930018885886,324519717452867/652346383429468) next_full_lifts=3045
k=4826402 delta=5 target=689596 residue=11 carry=1 root=4 common_I=(960117507257/1930018885886,324519717452867/652346383429468) next_full_lifts=3041
k=4826403 delta=7 target=52 residue=0 carry=2 root=6 common_I=(960117507257/1930018885886,324519717452867/652346383429468) next_full_lifts=3042
k=4826404 delta=9 target=4137317 residue=2 carry=3 root=8 common_I=(960117507257/1930018885886,324519717452867/652346383429468) next_full_lifts=3042
k=4826405 delta=11 target=3447773 residue=4 carry=4 root=10 common_I=(960117507257/1930018885886,324519717452867/652346383429468) next_full_lifts=3042
k=4826408 delta=4 target=1379141 residue=10 carry=7 root=3 common_I=(960117507257/1930018885886,324519717452867/652346383429468) next_full_lifts=3042
k=4826409 delta=6 target=689597 residue=12 carry=8 root=5 common_I=(960117507257/1930018885886,324519717452867/652346383429468) next_full_lifts=3041
k=4826410 delta=8 target=53 residue=1 carry=9 root=7 common_I=(960117507257/1930018885886,324519717452867/652346383429468) next_full_lifts=3041
k=4826411 delta=10 target=4137318 residue=3 carry=10 root=9 common_I=(960117507257/1930018885886,324519717452867/652346383429468) next_full_lifts=3041
k=4826412 delta=12 target=3447774 residue=5 carry=11 root=11 common_I=(960117507257/1930018885886,324519717452867/652346383429468) next_full_lifts=3041
k=4826414 delta=3 target=2068686 residue=9 carry=0 root=2 common_I=(960117507257/1930018885886,324519717452867/652346383429468) next_full_lifts=3045
k=4826415 delta=5 target=1379142 residue=11 carry=1 root=4 common_I=(960117507257/1930018885886,324519717452867/652346383429468) next_full_lifts=3041
k=4826416 delta=7 target=689598 residue=0 carry=2 root=6 common_I=(960117507257/1930018885886,324519717452867/652346383429468) next_full_lifts=3042
k=4826417 delta=9 target=54 residue=2 carry=3 root=8 common_I=(960117507257/1930018885886,324519717452867/652346383429468) next_full_lifts=3042
k=4826418 delta=11 target=4137319 residue=4 carry=4 root=10 common_I=(960117507257/1930018885886,324519717452867/652346383429468) next_full_lifts=3042
k=4826421 delta=4 target=2068687 residue=10 carry=7 root=3 common_I=(960117507257/1930018885886,324519717452867/652346383429468) next_full_lifts=3042
k=4826422 delta=6 target=1379143 residue=12 carry=8 root=5 common_I=(960117507257/1930018885886,324519717452867/652346383429468) next_full_lifts=3041
k=4826423 delta=8 target=689599 residue=1 carry=9 root=7 common_I=(960117507257/1930018885886,324519717452867/652346383429468) next_full_lifts=3041
k=4826424 delta=10 target=55 residue=3 carry=10 root=9 common_I=(960117507257/1930018885886,324519717452867/652346383429468) next_full_lifts=3041
k=4826425 delta=12 target=4137320 residue=5 carry=11 root=11 common_I=(960117507257/1930018885886,324519717452867/652346383429468) next_full_lifts=3041
k=4826427 delta=3 target=2758232 residue=9 carry=0 root=2 common_I=(960117507257/1930018885886,324519717452867/652346383429468) next_full_lifts=3045
k=4826428 delta=5 target=2068688 residue=11 carry=1 root=4 common_I=(960117507257/1930018885886,324519717452867/652346383429468) next_full_lifts=3041
k=4826429 delta=7 target=1379144 residue=0 carry=2 root=6 common_I=(960117507257/1930018885886,324519717452867/652346383429468) next_full_lifts=3042
k=4826430 delta=9 target=689600 residue=2 carry=3 root=8 common_I=(960117507257/1930018885886,324519717452867/652346383429468) next_full_lifts=3042
k=4826431 delta=11 target=56 residue=4 carry=4 root=10 common_I=(960117507257/1930018885886,324519717452867/652346383429468) next_full_lifts=3042
k=4826434 delta=4 target=2758233 residue=10 carry=7 root=3 common_I=(960117507257/1930018885886,324519717452867/652346383429468) next_full_lifts=3042
k=4826435 delta=6 target=2068689 residue=12 carry=8 root=5 common_I=(960117507257/1930018885886,324519717452867/652346383429468) next_full_lifts=3041
k=4826436 delta=8 target=1379145 residue=1 carry=9 root=7 common_I=(960117507257/1930018885886,324519717452867/652346383429468) next_full_lifts=3041
k=4826437 delta=10 target=689601 residue=3 carry=10 root=9 common_I=(960117507257/1930018885886,324519717452867/652346383429468) next_full_lifts=3041
k=4826438 delta=12 target=57 residue=5 carry=11 root=11 common_I=(960117507257/1930018885886,324519717452867/652346383429468) next_full_lifts=3041
k=4826440 delta=3 target=3447778 residue=9 carry=0 root=2 common_I=(960117507257/1930018885886,324519717452867/652346383429468) next_full_lifts=3045
k=4826441 delta=5 target=2758234 residue=11 carry=1 root=4 common_I=(960117507257/1930018885886,324519717452867/652346383429468) next_full_lifts=3041
k=4826442 delta=7 target=2068690 residue=0 carry=2 root=6 common_I=(960117507257/1930018885886,324519717452867/652346383429468) next_full_lifts=3042
k=4826443 delta=9 target=1379146 residue=2 carry=3 root=8 common_I=(960117507257/1930018885886,324519717452867/652346383429468) next_full_lifts=3042
k=4826444 delta=11 target=689602 residue=4 carry=4 root=10 common_I=(960117507257/1930018885886,324519717452867/652346383429468) next_full_lifts=3042
k=4826447 delta=4 target=3447779 residue=10 carry=7 root=3 common_I=(960117507257/1930018885886,324519717452867/652346383429468) next_full_lifts=3042
k=4826448 delta=6 target=2758235 residue=12 carry=8 root=5 common_I=(960117507257/1930018885886,324519717452867/652346383429468) next_full_lifts=3041
k=4826449 delta=8 target=2068691 residue=1 carry=9 root=7 common_I=(960117507257/1930018885886,324519717452867/652346383429468) next_full_lifts=3041
k=4826450 delta=10 target=1379147 residue=3 carry=10 root=9 common_I=(960117507257/1930018885886,324519717452867/652346383429468) next_full_lifts=3041
k=4826451 delta=12 target=689603 residue=5 carry=11 root=11 common_I=(960117507257/1930018885886,324519717452867/652346383429468) next_full_lifts=3041
k=4826453 delta=3 target=4137324 residue=9 carry=0 root=2 common_I=(960117507257/1930018885886,324519717452867/652346383429468) next_full_lifts=3045
k=4826454 delta=5 target=3447780 residue=11 carry=1 root=4 common_I=(960117507257/1930018885886,324519717452867/652346383429468) next_full_lifts=3041
k=4826455 delta=7 target=2758236 residue=0 carry=2 root=6 common_I=(960117507257/1930018885886,324519717452867/652346383429468) next_full_lifts=3042
k=4826456 delta=9 target=2068692 residue=2 carry=3 root=8 common_I=(960117507257/1930018885886,324519717452867/652346383429468) next_full_lifts=3042
k=4826457 delta=11 target=1379148 residue=4 carry=4 root=10 common_I=(960117507257/1930018885886,324519717452867/652346383429468) next_full_lifts=3042
k=4826460 delta=4 target=4137325 residue=10 carry=7 root=3 common_I=(960117507257/1930018885886,324519717452867/652346383429468) next_full_lifts=3042
k=4826461 delta=6 target=3447781 residue=12 carry=8 root=5 common_I=(960117507257/1930018885886,324519717452867/652346383429468) next_full_lifts=3041
k=4826462 delta=8 target=2758237 residue=1 carry=9 root=7 common_I=(960117507257/1930018885886,324519717452867/652346383429468) next_full_lifts=3041
k=4826463 delta=10 target=2068693 residue=3 carry=10 root=9 common_I=(960117507257/1930018885886,324519717452867/652346383429468) next_full_lifts=3041
k=4826464 delta=12 target=1379149 residue=5 carry=11 root=11 common_I=(960117507257/1930018885886,324519717452867/652346383429468) next_full_lifts=3041
k=4826466 delta=3 target=61 residue=9 carry=0 root=2 common_I=(960117507257/1930018885886,324519717452867/652346383429468) next_full_lifts=3045
k=4826467 delta=5 target=4137326 residue=11 carry=1 root=4 common_I=(960117507257/1930018885886,324519717452867/652346383429468) next_full_lifts=3041
k=4826468 delta=7 target=3447782 residue=0 carry=2 root=6 common_I=(960117507257/1930018885886,324519717452867/652346383429468) next_full_lifts=3042
k=4826469 delta=9 target=2758238 residue=2 carry=3 root=8 common_I=(960117507257/1930018885886,324519717452867/652346383429468) next_full_lifts=3042
k=4826470 delta=11 target=2068694 residue=4 carry=4 root=10 common_I=(960117507257/1930018885886,324519717452867/652346383429468) next_full_lifts=3042
k=4826473 delta=4 target=62 residue=10 carry=7 root=3 common_I=(960117507257/1930018885886,324519717452867/652346383429468) next_full_lifts=3042
k=4826474 delta=6 target=4137327 residue=12 carry=8 root=5 common_I=(960117507257/1930018885886,324519717452867/652346383429468) next_full_lifts=3041
k=4826475 delta=8 target=3447783 residue=1 carry=9 root=7 common_I=(960117507257/1930018885886,324519717452867/652346383429468) next_full_lifts=3041
k=4826476 delta=10 target=2758239 residue=3 carry=10 root=9 common_I=(960117507257/1930018885886,324519717452867/652346383429468) next_full_lifts=3041
k=4826477 delta=12 target=2068695 residue=5 carry=11 root=11 common_I=(960117507257/1930018885886,324519717452867/652346383429468) next_full_lifts=3041
k=4826479 delta=3 target=689607 residue=9 carry=0 root=2 common_I=(960117507257/1930018885886,324519717452867/652346383429468) next_full_lifts=3045
k=4826480 delta=5 target=63 residue=11 carry=1 root=4 common_I=(960117507257/1930018885886,324519717452867/652346383429468) next_full_lifts=3041
k=4826481 delta=7 target=4137328 residue=0 carry=2 root=6 common_I=(960117507257/1930018885886,324519717452867/652346383429468) next_full_lifts=3042
k=4826482 delta=9 target=3447784 residue=2 carry=3 root=8 common_I=(960117507257/1930018885886,324519717452867/652346383429468) next_full_lifts=3042
k=4826483 delta=11 target=2758240 residue=4 carry=4 root=10 common_I=(960117507257/1930018885886,324519717452867/652346383429468) next_full_lifts=3042
k=4826486 delta=4 target=689608 residue=10 carry=7 root=3 common_I=(960117507257/1930018885886,324519717452867/652346383429468) next_full_lifts=3042
k=4826487 delta=6 target=64 residue=12 carry=8 root=5 common_I=(960117507257/1930018885886,324519717452867/652346383429468) next_full_lifts=3041
k=4826488 delta=8 target=4137329 residue=1 carry=9 root=7 common_I=(960117507257/1930018885886,324519717452867/652346383429468) next_full_lifts=3041
k=4826489 delta=10 target=3447785 residue=3 carry=10 root=9 common_I=(960117507257/1930018885886,324519717452867/652346383429468) next_full_lifts=3041
k=4826490 delta=12 target=2758241 residue=5 carry=11 root=11 common_I=(960117507257/1930018885886,324519717452867/652346383429468) next_full_lifts=3041
k=4826492 delta=3 target=1379153 residue=9 carry=0 root=2 common_I=(960117507257/1930018885886,324519717452867/652346383429468) next_full_lifts=3045
k=4826493 delta=5 target=689609 residue=11 carry=1 root=4 common_I=(960117507257/1930018885886,324519717452867/652346383429468) next_full_lifts=3041
k=4826494 delta=7 target=65 residue=0 carry=2 root=6 common_I=(960117507257/1930018885886,324519717452867/652346383429468) next_full_lifts=3042
k=4826495 delta=9 target=4137330 residue=2 carry=3 root=8 common_I=(960117507257/1930018885886,324519717452867/652346383429468) next_full_lifts=3042
k=4826496 delta=11 target=3447786 residue=4 carry=4 root=10 common_I=(960117507257/1930018885886,324519717452867/652346383429468) next_full_lifts=3042
k=4826499 delta=4 target=1379154 residue=10 carry=7 root=3 common_I=(960117507257/1930018885886,324519717452867/652346383429468) next_full_lifts=3042
k=4826500 delta=6 target=689610 residue=12 carry=8 root=5 common_I=(960117507257/1930018885886,324519717452867/652346383429468) next_full_lifts=3041
k=4826501 delta=8 target=66 residue=1 carry=9 root=7 common_I=(960117507257/1930018885886,324519717452867/652346383429468) next_full_lifts=3041
k=4826502 delta=10 target=4137331 residue=3 carry=10 root=9 common_I=(960117507257/1930018885886,324519717452867/652346383429468) next_full_lifts=3041
k=4826503 delta=12 target=3447787 residue=5 carry=11 root=11 common_I=(960117507257/1930018885886,324519717452867/652346383429468) next_full_lifts=3041
k=4826505 delta=3 target=2068699 residue=9 carry=0 root=2 common_I=(960117507257/1930018885886,324519717452867/652346383429468) next_full_lifts=3045
k=4826506 delta=5 target=1379155 residue=11 carry=1 root=4 common_I=(960117507257/1930018885886,324519717452867/652346383429468) next_full_lifts=3041
k=4826507 delta=7 target=689611 residue=0 carry=2 root=6 common_I=(960117507257/1930018885886,324519717452867/652346383429468) next_full_lifts=3042
k=4826508 delta=9 target=67 residue=2 carry=3 root=8 common_I=(960117507257/1930018885886,324519717452867/652346383429468) next_full_lifts=3042
k=4826509 delta=11 target=4137332 residue=4 carry=4 root=10 common_I=(960117507257/1930018885886,324519717452867/652346383429468) next_full_lifts=3042
k=4826512 delta=4 target=2068700 residue=10 carry=7 root=3 common_I=(960117507257/1930018885886,324519717452867/652346383429468) next_full_lifts=3042
k=4826513 delta=6 target=1379156 residue=12 carry=8 root=5 common_I=(960117507257/1930018885886,324519717452867/652346383429468) next_full_lifts=3041
k=4826514 delta=8 target=689612 residue=1 carry=9 root=7 common_I=(960117507257/1930018885886,324519717452867/652346383429468) next_full_lifts=3041
k=4826515 delta=10 target=68 residue=3 carry=10 root=9 common_I=(960117507257/1930018885886,324519717452867/652346383429468) next_full_lifts=3041
k=4826516 delta=12 target=4137333 residue=5 carry=11 root=11 common_I=(960117507257/1930018885886,324519717452867/652346383429468) next_full_lifts=3041
k=4826518 delta=3 target=2758245 residue=9 carry=0 root=2 common_I=(960117507257/1930018885886,324519717452867/652346383429468) next_full_lifts=3045
k=4826519 delta=5 target=2068701 residue=11 carry=1 root=4 common_I=(960117507257/1930018885886,324519717452867/652346383429468) next_full_lifts=3041
k=4826520 delta=7 target=1379157 residue=0 carry=2 root=6 common_I=(960117507257/1930018885886,324519717452867/652346383429468) next_full_lifts=3042
k=4826521 delta=9 target=689613 residue=2 carry=3 root=8 common_I=(960117507257/1930018885886,324519717452867/652346383429468) next_full_lifts=3042
k=4826522 delta=11 target=69 residue=4 carry=4 root=10 common_I=(960117507257/1930018885886,324519717452867/652346383429468) next_full_lifts=3042
k=4826525 delta=4 target=2758246 residue=10 carry=7 root=3 common_I=(960117507257/1930018885886,324519717452867/652346383429468) next_full_lifts=3042
k=4826526 delta=6 target=2068702 residue=12 carry=8 root=5 common_I=(960117507257/1930018885886,324519717452867/652346383429468) next_full_lifts=3041
k=4826527 delta=8 target=1379158 residue=1 carry=9 root=7 common_I=(960117507257/1930018885886,324519717452867/652346383429468) next_full_lifts=3041
k=4826528 delta=10 target=689614 residue=3 carry=10 root=9 common_I=(960117507257/1930018885886,324519717452867/652346383429468) next_full_lifts=3041
k=4826529 delta=12 target=70 residue=5 carry=11 root=11 common_I=(960117507257/1930018885886,324519717452867/652346383429468) next_full_lifts=3041
k=4826531 delta=3 target=3447791 residue=9 carry=0 root=2 common_I=(960117507257/1930018885886,324519717452867/652346383429468) next_full_lifts=3045
k=4826532 delta=5 target=2758247 residue=11 carry=1 root=4 common_I=(960117507257/1930018885886,324519717452867/652346383429468) next_full_lifts=3041
k=4826533 delta=7 target=2068703 residue=0 carry=2 root=6 common_I=(960117507257/1930018885886,324519717452867/652346383429468) next_full_lifts=3042
k=4826534 delta=9 target=1379159 residue=2 carry=3 root=8 common_I=(960117507257/1930018885886,324519717452867/652346383429468) next_full_lifts=3042
k=4826535 delta=11 target=689615 residue=4 carry=4 root=10 common_I=(960117507257/1930018885886,324519717452867/652346383429468) next_full_lifts=3042
k=4826538 delta=4 target=3447792 residue=10 carry=7 root=3 common_I=(960117507257/1930018885886,324519717452867/652346383429468) next_full_lifts=3042
k=4826539 delta=6 target=2758248 residue=12 carry=8 root=5 common_I=(960117507257/1930018885886,324519717452867/652346383429468) next_full_lifts=3041
k=4826540 delta=8 target=2068704 residue=1 carry=9 root=7 common_I=(960117507257/1930018885886,324519717452867/652346383429468) next_full_lifts=3041
k=4826541 delta=10 target=1379160 residue=3 carry=10 root=9 common_I=(960117507257/1930018885886,324519717452867/652346383429468) next_full_lifts=3041
k=4826542 delta=12 target=689616 residue=5 carry=11 root=11 common_I=(960117507257/1930018885886,324519717452867/652346383429468) next_full_lifts=3041
k=4826544 delta=3 target=4137337 residue=9 carry=0 root=2 common_I=(960117507257/1930018885886,324519717452867/652346383429468) next_full_lifts=3045
k=4826545 delta=5 target=3447793 residue=11 carry=1 root=4 common_I=(960117507257/1930018885886,324519717452867/652346383429468) next_full_lifts=3041
k=4826546 delta=7 target=2758249 residue=0 carry=2 root=6 common_I=(960117507257/1930018885886,324519717452867/652346383429468) next_full_lifts=3042
k=4826547 delta=9 target=2068705 residue=2 carry=3 root=8 common_I=(960117507257/1930018885886,324519717452867/652346383429468) next_full_lifts=3042
k=4826548 delta=11 target=1379161 residue=4 carry=4 root=10 common_I=(960117507257/1930018885886,324519717452867/652346383429468) next_full_lifts=3042
k=4826551 delta=4 target=4137338 residue=10 carry=7 root=3 common_I=(960117507257/1930018885886,324519717452867/652346383429468) next_full_lifts=3042
k=4826552 delta=6 target=3447794 residue=12 carry=8 root=5 common_I=(960117507257/1930018885886,324519717452867/652346383429468) next_full_lifts=3041
k=4826553 delta=8 target=2758250 residue=1 carry=9 root=7 common_I=(960117507257/1930018885886,324519717452867/652346383429468) next_full_lifts=3041
k=4826554 delta=10 target=2068706 residue=3 carry=10 root=9 common_I=(960117507257/1930018885886,324519717452867/652346383429468) next_full_lifts=3041
k=4826555 delta=12 target=1379162 residue=5 carry=11 root=11 common_I=(960117507257/1930018885886,324519717452867/652346383429468) next_full_lifts=3041
k=4826557 delta=3 target=74 residue=9 carry=0 root=2 common_I=(960117507257/1930018885886,324519717452867/652346383429468) next_full_lifts=3045
k=4826558 delta=5 target=4137339 residue=11 carry=1 root=4 common_I=(960117507257/1930018885886,324519717452867/652346383429468) next_full_lifts=3041
k=4826559 delta=7 target=3447795 residue=0 carry=2 root=6 common_I=(960117507257/1930018885886,324519717452867/652346383429468) next_full_lifts=3042
k=4826560 delta=9 target=2758251 residue=2 carry=3 root=8 common_I=(960117507257/1930018885886,324519717452867/652346383429468) next_full_lifts=3042
k=4826561 delta=11 target=2068707 residue=4 carry=4 root=10 common_I=(960117507257/1930018885886,324519717452867/652346383429468) next_full_lifts=3042
k=4826564 delta=4 target=75 residue=10 carry=7 root=3 common_I=(960117507257/1930018885886,324519717452867/652346383429468) next_full_lifts=3042
k=4826565 delta=6 target=4137340 residue=12 carry=8 root=5 common_I=(960117507257/1930018885886,324519717452867/652346383429468) next_full_lifts=3041
k=4826566 delta=8 target=3447796 residue=1 carry=9 root=7 common_I=(960117507257/1930018885886,324519717452867/652346383429468) next_full_lifts=3041
k=4826567 delta=10 target=2758252 residue=3 carry=10 root=9 common_I=(960117507257/1930018885886,324519717452867/652346383429468) next_full_lifts=3041
k=4826568 delta=12 target=2068708 residue=5 carry=11 root=11 common_I=(960117507257/1930018885886,324519717452867/652346383429468) next_full_lifts=3041
k=4826570 delta=3 target=689620 residue=9 carry=0 root=2 common_I=(960117507257/1930018885886,324519717452867/652346383429468) next_full_lifts=3045
k=4826571 delta=5 target=76 residue=11 carry=1 root=4 common_I=(960117507257/1930018885886,324519717452867/652346383429468) next_full_lifts=3041
k=4826572 delta=7 target=4137341 residue=0 carry=2 root=6 common_I=(960117507257/1930018885886,324519717452867/652346383429468) next_full_lifts=3042
k=4826573 delta=9 target=3447797 residue=2 carry=3 root=8 common_I=(960117507257/1930018885886,324519717452867/652346383429468) next_full_lifts=3042
k=4826574 delta=11 target=2758253 residue=4 carry=4 root=10 common_I=(960117507257/1930018885886,324519717452867/652346383429468) next_full_lifts=3042
k=4826577 delta=4 target=689621 residue=10 carry=7 root=3 common_I=(960117507257/1930018885886,324519717452867/652346383429468) next_full_lifts=3042
k=4826578 delta=6 target=77 residue=12 carry=8 root=5 common_I=(960117507257/1930018885886,324519717452867/652346383429468) next_full_lifts=3041
k=4826579 delta=8 target=4137342 residue=1 carry=9 root=7 common_I=(960117507257/1930018885886,324519717452867/652346383429468) next_full_lifts=3041
k=4826580 delta=10 target=3447798 residue=3 carry=10 root=9 common_I=(960117507257/1930018885886,324519717452867/652346383429468) next_full_lifts=3041
k=4826581 delta=12 target=2758254 residue=5 carry=11 root=11 common_I=(960117507257/1930018885886,324519717452867/652346383429468) next_full_lifts=3041
k=4826583 delta=3 target=1379166 residue=9 carry=0 root=2 common_I=(960117507257/1930018885886,324519717452867/652346383429468) next_full_lifts=3045
k=4826584 delta=5 target=689622 residue=11 carry=1 root=4 common_I=(960117507257/1930018885886,324519717452867/652346383429468) next_full_lifts=3041
k=4826585 delta=7 target=78 residue=0 carry=2 root=6 common_I=(960117507257/1930018885886,324519717452867/652346383429468) next_full_lifts=3042
k=4826586 delta=9 target=4137343 residue=2 carry=3 root=8 common_I=(960117507257/1930018885886,324519717452867/652346383429468) next_full_lifts=3042
k=4826587 delta=11 target=3447799 residue=4 carry=4 root=10 common_I=(960117507257/1930018885886,324519717452867/652346383429468) next_full_lifts=3042
k=4826590 delta=4 target=1379167 residue=10 carry=7 root=3 common_I=(960117507257/1930018885886,324519717452867/652346383429468) next_full_lifts=3042
k=4826591 delta=6 target=689623 residue=12 carry=8 root=5 common_I=(960117507257/1930018885886,324519717452867/652346383429468) next_full_lifts=3041
k=4826592 delta=8 target=79 residue=1 carry=9 root=7 common_I=(960117507257/1930018885886,324519717452867/652346383429468) next_full_lifts=3041
k=4826593 delta=10 target=4137344 residue=3 carry=10 root=9 common_I=(960117507257/1930018885886,324519717452867/652346383429468) next_full_lifts=3041
k=4826594 delta=12 target=3447800 residue=5 carry=11 root=11 common_I=(960117507257/1930018885886,324519717452867/652346383429468) next_full_lifts=3041
k=4826596 delta=3 target=2068712 residue=9 carry=0 root=2 common_I=(960117507257/1930018885886,324519717452867/652346383429468) next_full_lifts=3045
k=4826597 delta=5 target=1379168 residue=11 carry=1 root=4 common_I=(960117507257/1930018885886,324519717452867/652346383429468) next_full_lifts=3041
k=4826598 delta=7 target=689624 residue=0 carry=2 root=6 common_I=(960117507257/1930018885886,324519717452867/652346383429468) next_full_lifts=3042
k=4826599 delta=9 target=80 residue=2 carry=3 root=8 common_I=(960117507257/1930018885886,324519717452867/652346383429468) next_full_lifts=3042
k=4826600 delta=11 target=4137345 residue=4 carry=4 root=10 common_I=(960117507257/1930018885886,324519717452867/652346383429468) next_full_lifts=3042
k=4826603 delta=4 target=2068713 residue=10 carry=7 root=3 common_I=(960117507257/1930018885886,324519717452867/652346383429468) next_full_lifts=3042
k=4826604 delta=6 target=1379169 residue=12 carry=8 root=5 common_I=(960117507257/1930018885886,324519717452867/652346383429468) next_full_lifts=3041
k=4826605 delta=8 target=689625 residue=1 carry=9 root=7 common_I=(960117507257/1930018885886,324519717452867/652346383429468) next_full_lifts=3041
k=4826606 delta=10 target=81 residue=3 carry=10 root=9 common_I=(960117507257/1930018885886,324519717452867/652346383429468) next_full_lifts=3041
k=4826607 delta=12 target=4137346 residue=5 carry=11 root=11 common_I=(960117507257/1930018885886,324519717452867/652346383429468) next_full_lifts=3041
k=4826609 delta=3 target=2758258 residue=9 carry=0 root=2 common_I=(960117507257/1930018885886,324519717452867/652346383429468) next_full_lifts=3045
k=4826610 delta=5 target=2068714 residue=11 carry=1 root=4 common_I=(960117507257/1930018885886,324519717452867/652346383429468) next_full_lifts=3041
k=4826611 delta=7 target=1379170 residue=0 carry=2 root=6 common_I=(960117507257/1930018885886,324519717452867/652346383429468) next_full_lifts=3042
k=4826612 delta=9 target=689626 residue=2 carry=3 root=8 common_I=(960117507257/1930018885886,324519717452867/652346383429468) next_full_lifts=3042
k=4826613 delta=11 target=82 residue=4 carry=4 root=10 common_I=(960117507257/1930018885886,324519717452867/652346383429468) next_full_lifts=3042
k=4826616 delta=4 target=2758259 residue=10 carry=7 root=3 common_I=(960117507257/1930018885886,324519717452867/652346383429468) next_full_lifts=3042
k=4826617 delta=6 target=2068715 residue=12 carry=8 root=5 common_I=(960117507257/1930018885886,324519717452867/652346383429468) next_full_lifts=3041
k=4826618 delta=8 target=1379171 residue=1 carry=9 root=7 common_I=(960117507257/1930018885886,324519717452867/652346383429468) next_full_lifts=3041
k=4826619 delta=10 target=689627 residue=3 carry=10 root=9 common_I=(960117507257/1930018885886,324519717452867/652346383429468) next_full_lifts=3041
k=4826620 delta=12 target=83 residue=5 carry=11 root=11 common_I=(960117507257/1930018885886,324519717452867/652346383429468) next_full_lifts=3041
k=4826622 delta=3 target=3447804 residue=9 carry=0 root=2 common_I=(960117507257/1930018885886,324519717452867/652346383429468) next_full_lifts=3045
k=4826623 delta=5 target=2758260 residue=11 carry=1 root=4 common_I=(960117507257/1930018885886,324519717452867/652346383429468) next_full_lifts=3041
k=4826624 delta=7 target=2068716 residue=0 carry=2 root=6 common_I=(960117507257/1930018885886,324519717452867/652346383429468) next_full_lifts=3042
k=4826625 delta=9 target=1379172 residue=2 carry=3 root=8 common_I=(960117507257/1930018885886,324519717452867/652346383429468) next_full_lifts=3042
k=4826626 delta=11 target=689628 residue=4 carry=4 root=10 common_I=(960117507257/1930018885886,324519717452867/652346383429468) next_full_lifts=3042
k=4826629 delta=4 target=3447805 residue=10 carry=7 root=3 common_I=(960117507257/1930018885886,324519717452867/652346383429468) next_full_lifts=3042
k=4826630 delta=6 target=2758261 residue=12 carry=8 root=5 common_I=(960117507257/1930018885886,324519717452867/652346383429468) next_full_lifts=3041
k=4826631 delta=8 target=2068717 residue=1 carry=9 root=7 common_I=(960117507257/1930018885886,324519717452867/652346383429468) next_full_lifts=3041
k=4826632 delta=10 target=1379173 residue=3 carry=10 root=9 common_I=(960117507257/1930018885886,324519717452867/652346383429468) next_full_lifts=3041
k=4826633 delta=12 target=689629 residue=5 carry=11 root=11 common_I=(960117507257/1930018885886,324519717452867/652346383429468) next_full_lifts=3041
k=4826635 delta=3 target=4137350 residue=9 carry=0 root=2 common_I=(960117507257/1930018885886,324519717452867/652346383429468) next_full_lifts=3045
k=4826636 delta=5 target=3447806 residue=11 carry=1 root=4 common_I=(960117507257/1930018885886,324519717452867/652346383429468) next_full_lifts=3041
k=4826637 delta=7 target=2758262 residue=0 carry=2 root=6 common_I=(960117507257/1930018885886,324519717452867/652346383429468) next_full_lifts=3042
k=4826638 delta=9 target=2068718 residue=2 carry=3 root=8 common_I=(960117507257/1930018885886,324519717452867/652346383429468) next_full_lifts=3042
k=4826639 delta=11 target=1379174 residue=4 carry=4 root=10 common_I=(960117507257/1930018885886,324519717452867/652346383429468) next_full_lifts=3042
k=4826642 delta=4 target=4137351 residue=10 carry=7 root=3 common_I=(960117507257/1930018885886,324519717452867/652346383429468) next_full_lifts=3042
k=4826643 delta=6 target=3447807 residue=12 carry=8 root=5 common_I=(960117507257/1930018885886,324519717452867/652346383429468) next_full_lifts=3041
k=4826644 delta=8 target=2758263 residue=1 carry=9 root=7 common_I=(960117507257/1930018885886,324519717452867/652346383429468) next_full_lifts=3041
k=4826645 delta=10 target=2068719 residue=3 carry=10 root=9 common_I=(960117507257/1930018885886,324519717452867/652346383429468) next_full_lifts=3041
k=4826646 delta=12 target=1379175 residue=5 carry=11 root=11 common_I=(960117507257/1930018885886,324519717452867/652346383429468) next_full_lifts=3041
k=4826648 delta=3 target=87 residue=9 carry=0 root=2 common_I=(960117507257/1930018885886,324519717452867/652346383429468) next_full_lifts=3045
k=4826649 delta=5 target=4137352 residue=11 carry=1 root=4 common_I=(960117507257/1930018885886,324519717452867/652346383429468) next_full_lifts=3041
k=4826650 delta=7 target=3447808 residue=0 carry=2 root=6 common_I=(960117507257/1930018885886,324519717452867/652346383429468) next_full_lifts=3042
k=4826651 delta=9 target=2758264 residue=2 carry=3 root=8 common_I=(960117507257/1930018885886,324519717452867/652346383429468) next_full_lifts=3042
k=4826652 delta=11 target=2068720 residue=4 carry=4 root=10 common_I=(960117507257/1930018885886,324519717452867/652346383429468) next_full_lifts=3042
k=4826655 delta=4 target=88 residue=10 carry=7 root=3 common_I=(960117507257/1930018885886,324519717452867/652346383429468) next_full_lifts=3042
k=4826656 delta=6 target=4137353 residue=12 carry=8 root=5 common_I=(960117507257/1930018885886,324519717452867/652346383429468) next_full_lifts=3041
k=4826657 delta=8 target=3447809 residue=1 carry=9 root=7 common_I=(960117507257/1930018885886,324519717452867/652346383429468) next_full_lifts=3041
k=4826658 delta=10 target=2758265 residue=3 carry=10 root=9 common_I=(960117507257/1930018885886,324519717452867/652346383429468) next_full_lifts=3041
k=4826659 delta=12 target=2068721 residue=5 carry=11 root=11 common_I=(960117507257/1930018885886,324519717452867/652346383429468) next_full_lifts=3041
k=4826661 delta=3 target=689633 residue=9 carry=0 root=2 common_I=(960117507257/1930018885886,324519717452867/652346383429468) next_full_lifts=3045
k=4826662 delta=5 target=89 residue=11 carry=1 root=4 common_I=(960117507257/1930018885886,324519717452867/652346383429468) next_full_lifts=3041
k=4826663 delta=7 target=4137354 residue=0 carry=2 root=6 common_I=(960117507257/1930018885886,324519717452867/652346383429468) next_full_lifts=3042
k=4826664 delta=9 target=3447810 residue=2 carry=3 root=8 common_I=(960117507257/1930018885886,324519717452867/652346383429468) next_full_lifts=3042
k=4826665 delta=11 target=2758266 residue=4 carry=4 root=10 common_I=(960117507257/1930018885886,324519717452867/652346383429468) next_full_lifts=3042
k=4826668 delta=4 target=689634 residue=10 carry=7 root=3 common_I=(960117507257/1930018885886,324519717452867/652346383429468) next_full_lifts=3042
k=4826669 delta=6 target=90 residue=12 carry=8 root=5 common_I=(960117507257/1930018885886,324519717452867/652346383429468) next_full_lifts=3041
k=4826670 delta=8 target=4137355 residue=1 carry=9 root=7 common_I=(960117507257/1930018885886,324519717452867/652346383429468) next_full_lifts=3041
k=4826671 delta=10 target=3447811 residue=3 carry=10 root=9 common_I=(960117507257/1930018885886,324519717452867/652346383429468) next_full_lifts=3041
k=4826672 delta=12 target=2758267 residue=5 carry=11 root=11 common_I=(960117507257/1930018885886,324519717452867/652346383429468) next_full_lifts=3041
k=4826674 delta=3 target=1379179 residue=9 carry=0 root=2 common_I=(960117507257/1930018885886,324519717452867/652346383429468) next_full_lifts=3045
k=4826675 delta=5 target=689635 residue=11 carry=1 root=4 common_I=(960117507257/1930018885886,324519717452867/652346383429468) next_full_lifts=3041
k=4826676 delta=7 target=91 residue=0 carry=2 root=6 common_I=(960117507257/1930018885886,324519717452867/652346383429468) next_full_lifts=3042
k=4826677 delta=9 target=4137356 residue=2 carry=3 root=8 common_I=(960117507257/1930018885886,324519717452867/652346383429468) next_full_lifts=3042
k=4826678 delta=11 target=3447812 residue=4 carry=4 root=10 common_I=(960117507257/1930018885886,324519717452867/652346383429468) next_full_lifts=3042
k=4826681 delta=4 target=1379180 residue=10 carry=7 root=3 common_I=(960117507257/1930018885886,324519717452867/652346383429468) next_full_lifts=3042
k=4826682 delta=6 target=689636 residue=12 carry=8 root=5 common_I=(960117507257/1930018885886,324519717452867/652346383429468) next_full_lifts=3041
k=4826683 delta=8 target=92 residue=1 carry=9 root=7 common_I=(960117507257/1930018885886,324519717452867/652346383429468) next_full_lifts=3041
k=4826684 delta=10 target=4137357 residue=3 carry=10 root=9 common_I=(960117507257/1930018885886,324519717452867/652346383429468) next_full_lifts=3041
k=4826685 delta=12 target=3447813 residue=5 carry=11 root=11 common_I=(960117507257/1930018885886,324519717452867/652346383429468) next_full_lifts=3041
k=4826687 delta=3 target=2068725 residue=9 carry=0 root=2 common_I=(960117507257/1930018885886,324519717452867/652346383429468) next_full_lifts=3045
k=4826688 delta=5 target=1379181 residue=11 carry=1 root=4 common_I=(960117507257/1930018885886,324519717452867/652346383429468) next_full_lifts=3041
k=4826689 delta=7 target=689637 residue=0 carry=2 root=6 common_I=(960117507257/1930018885886,324519717452867/652346383429468) next_full_lifts=3042
k=4826690 delta=9 target=93 residue=2 carry=3 root=8 common_I=(960117507257/1930018885886,324519717452867/652346383429468) next_full_lifts=3042
k=4826691 delta=11 target=4137358 residue=4 carry=4 root=10 common_I=(960117507257/1930018885886,324519717452867/652346383429468) next_full_lifts=3042
k=4826694 delta=4 target=2068726 residue=10 carry=7 root=3 common_I=(960117507257/1930018885886,324519717452867/652346383429468) next_full_lifts=3042
k=4826695 delta=6 target=1379182 residue=12 carry=8 root=5 common_I=(960117507257/1930018885886,324519717452867/652346383429468) next_full_lifts=3041
k=4826696 delta=8 target=689638 residue=1 carry=9 root=7 common_I=(960117507257/1930018885886,324519717452867/652346383429468) next_full_lifts=3041
k=4826697 delta=10 target=94 residue=3 carry=10 root=9 common_I=(960117507257/1930018885886,324519717452867/652346383429468) next_full_lifts=3041
k=4826698 delta=12 target=4137359 residue=5 carry=11 root=11 common_I=(960117507257/1930018885886,324519717452867/652346383429468) next_full_lifts=3041
k=4826700 delta=3 target=2758271 residue=9 carry=0 root=2 common_I=(960117507257/1930018885886,324519717452867/652346383429468) next_full_lifts=3045
k=4826701 delta=5 target=2068727 residue=11 carry=1 root=4 common_I=(960117507257/1930018885886,324519717452867/652346383429468) next_full_lifts=3041
k=4826702 delta=7 target=1379183 residue=0 carry=2 root=6 common_I=(960117507257/1930018885886,324519717452867/652346383429468) next_full_lifts=3042
k=4826703 delta=9 target=689639 residue=2 carry=3 root=8 common_I=(960117507257/1930018885886,324519717452867/652346383429468) next_full_lifts=3042
k=4826704 delta=11 target=95 residue=4 carry=4 root=10 common_I=(960117507257/1930018885886,324519717452867/652346383429468) next_full_lifts=3042
k=4826707 delta=4 target=2758272 residue=10 carry=7 root=3 common_I=(960117507257/1930018885886,324519717452867/652346383429468) next_full_lifts=3042
k=4826708 delta=6 target=2068728 residue=12 carry=8 root=5 common_I=(960117507257/1930018885886,324519717452867/652346383429468) next_full_lifts=3041
k=4826709 delta=8 target=1379184 residue=1 carry=9 root=7 common_I=(960117507257/1930018885886,324519717452867/652346383429468) next_full_lifts=3041
k=4826710 delta=10 target=689640 residue=3 carry=10 root=9 common_I=(960117507257/1930018885886,324519717452867/652346383429468) next_full_lifts=3041
k=4826711 delta=12 target=96 residue=5 carry=11 root=11 common_I=(960117507257/1930018885886,324519717452867/652346383429468) next_full_lifts=3041
k=4826713 delta=3 target=3447817 residue=9 carry=0 root=2 common_I=(960117507257/1930018885886,324519717452867/652346383429468) next_full_lifts=3045
k=4826714 delta=5 target=2758273 residue=11 carry=1 root=4 common_I=(960117507257/1930018885886,324519717452867/652346383429468) next_full_lifts=3041
k=4826715 delta=7 target=2068729 residue=0 carry=2 root=6 common_I=(960117507257/1930018885886,324519717452867/652346383429468) next_full_lifts=3042
k=4826716 delta=9 target=1379185 residue=2 carry=3 root=8 common_I=(960117507257/1930018885886,324519717452867/652346383429468) next_full_lifts=3042
k=4826717 delta=11 target=689641 residue=4 carry=4 root=10 common_I=(960117507257/1930018885886,324519717452867/652346383429468) next_full_lifts=3042
k=4826720 delta=4 target=3447818 residue=10 carry=7 root=3 common_I=(960117507257/1930018885886,324519717452867/652346383429468) next_full_lifts=3042
k=4826721 delta=6 target=2758274 residue=12 carry=8 root=5 common_I=(960117507257/1930018885886,324519717452867/652346383429468) next_full_lifts=3041
k=4826722 delta=8 target=2068730 residue=1 carry=9 root=7 common_I=(960117507257/1930018885886,324519717452867/652346383429468) next_full_lifts=3041
k=4826723 delta=10 target=1379186 residue=3 carry=10 root=9 common_I=(960117507257/1930018885886,324519717452867/652346383429468) next_full_lifts=3041
k=4826724 delta=12 target=689642 residue=5 carry=11 root=11 common_I=(960117507257/1930018885886,324519717452867/652346383429468) next_full_lifts=3041
k=4826726 delta=3 target=4137363 residue=9 carry=0 root=2 common_I=(960117507257/1930018885886,324519717452867/652346383429468) next_full_lifts=3045
k=4826727 delta=5 target=3447819 residue=11 carry=1 root=4 common_I=(960117507257/1930018885886,324519717452867/652346383429468) next_full_lifts=3041
k=4826728 delta=7 target=2758275 residue=0 carry=2 root=6 common_I=(960117507257/1930018885886,324519717452867/652346383429468) next_full_lifts=3042
k=4826729 delta=9 target=2068731 residue=2 carry=3 root=8 common_I=(960117507257/1930018885886,324519717452867/652346383429468) next_full_lifts=3042
k=4826730 delta=11 target=1379187 residue=4 carry=4 root=10 common_I=(960117507257/1930018885886,324519717452867/652346383429468) next_full_lifts=3042
k=4826733 delta=4 target=4137364 residue=10 carry=7 root=3 common_I=(960117507257/1930018885886,324519717452867/652346383429468) next_full_lifts=3042
k=4826734 delta=6 target=3447820 residue=12 carry=8 root=5 common_I=(960117507257/1930018885886,324519717452867/652346383429468) next_full_lifts=3041
k=4826735 delta=8 target=2758276 residue=1 carry=9 root=7 common_I=(960117507257/1930018885886,324519717452867/652346383429468) next_full_lifts=3041
k=4826736 delta=10 target=2068732 residue=3 carry=10 root=9 common_I=(960117507257/1930018885886,324519717452867/652346383429468) next_full_lifts=3041
k=4826737 delta=12 target=1379188 residue=5 carry=11 root=11 common_I=(960117507257/1930018885886,324519717452867/652346383429468) next_full_lifts=3041
k=4826739 delta=3 target=100 residue=9 carry=0 root=2 common_I=(960117507257/1930018885886,324519717452867/652346383429468) next_full_lifts=3045
k=4826740 delta=5 target=4137365 residue=11 carry=1 root=4 common_I=(960117507257/1930018885886,324519717452867/652346383429468) next_full_lifts=3041
k=4826741 delta=7 target=3447821 residue=0 carry=2 root=6 common_I=(960117507257/1930018885886,324519717452867/652346383429468) next_full_lifts=3042
k=4826742 delta=9 target=2758277 residue=2 carry=3 root=8 common_I=(960117507257/1930018885886,324519717452867/652346383429468) next_full_lifts=3042
k=4826743 delta=11 target=2068733 residue=4 carry=4 root=10 common_I=(960117507257/1930018885886,324519717452867/652346383429468) next_full_lifts=3042
k=4826746 delta=4 target=101 residue=10 carry=7 root=3 common_I=(960117507257/1930018885886,324519717452867/652346383429468) next_full_lifts=3042
k=4826747 delta=6 target=4137366 residue=12 carry=8 root=5 common_I=(960117507257/1930018885886,324519717452867/652346383429468) next_full_lifts=3041
k=4826748 delta=8 target=3447822 residue=1 carry=9 root=7 common_I=(960117507257/1930018885886,324519717452867/652346383429468) next_full_lifts=3041
k=4826749 delta=10 target=2758278 residue=3 carry=10 root=9 common_I=(960117507257/1930018885886,324519717452867/652346383429468) next_full_lifts=3041
k=4826750 delta=12 target=2068734 residue=5 carry=11 root=11 common_I=(960117507257/1930018885886,324519717452867/652346383429468) next_full_lifts=3041
k=4826752 delta=3 target=689646 residue=9 carry=0 root=2 common_I=(960117507257/1930018885886,324519717452867/652346383429468) next_full_lifts=3045
k=4826753 delta=5 target=102 residue=11 carry=1 root=4 common_I=(960117507257/1930018885886,324519717452867/652346383429468) next_full_lifts=3041
k=4826754 delta=7 target=4137367 residue=0 carry=2 root=6 common_I=(960117507257/1930018885886,324519717452867/652346383429468) next_full_lifts=3042
k=4826755 delta=9 target=3447823 residue=2 carry=3 root=8 common_I=(960117507257/1930018885886,324519717452867/652346383429468) next_full_lifts=3042
k=4826756 delta=11 target=2758279 residue=4 carry=4 root=10 common_I=(960117507257/1930018885886,324519717452867/652346383429468) next_full_lifts=3042
k=4826759 delta=4 target=689647 residue=10 carry=7 root=3 common_I=(960117507257/1930018885886,324519717452867/652346383429468) next_full_lifts=3042
k=4826760 delta=6 target=103 residue=12 carry=8 root=5 common_I=(960117507257/1930018885886,324519717452867/652346383429468) next_full_lifts=3041
k=4826761 delta=8 target=4137368 residue=1 carry=9 root=7 common_I=(960117507257/1930018885886,324519717452867/652346383429468) next_full_lifts=3041
k=4826762 delta=10 target=3447824 residue=3 carry=10 root=9 common_I=(960117507257/1930018885886,324519717452867/652346383429468) next_full_lifts=3041
k=4826763 delta=12 target=2758280 residue=5 carry=11 root=11 common_I=(960117507257/1930018885886,324519717452867/652346383429468) next_full_lifts=3041
k=4826765 delta=3 target=1379192 residue=9 carry=0 root=2 common_I=(960117507257/1930018885886,324519717452867/652346383429468) next_full_lifts=3045
k=4826766 delta=5 target=689648 residue=11 carry=1 root=4 common_I=(960117507257/1930018885886,324519717452867/652346383429468) next_full_lifts=3041
k=4826767 delta=7 target=104 residue=0 carry=2 root=6 common_I=(960117507257/1930018885886,324519717452867/652346383429468) next_full_lifts=3042
k=4826768 delta=9 target=4137369 residue=2 carry=3 root=8 common_I=(960117507257/1930018885886,324519717452867/652346383429468) next_full_lifts=3042
k=4826769 delta=11 target=3447825 residue=4 carry=4 root=10 common_I=(960117507257/1930018885886,324519717452867/652346383429468) next_full_lifts=3042
k=4826772 delta=4 target=1379193 residue=10 carry=7 root=3 common_I=(960117507257/1930018885886,324519717452867/652346383429468) next_full_lifts=3042
k=4826773 delta=6 target=689649 residue=12 carry=8 root=5 common_I=(960117507257/1930018885886,324519717452867/652346383429468) next_full_lifts=3041
k=4826774 delta=8 target=105 residue=1 carry=9 root=7 common_I=(960117507257/1930018885886,324519717452867/652346383429468) next_full_lifts=3041
k=4826775 delta=10 target=4137370 residue=3 carry=10 root=9 common_I=(960117507257/1930018885886,324519717452867/652346383429468) next_full_lifts=3041
k=4826776 delta=12 target=3447826 residue=5 carry=11 root=11 common_I=(960117507257/1930018885886,324519717452867/652346383429468) next_full_lifts=3041
k=4826778 delta=3 target=2068738 residue=9 carry=0 root=2 common_I=(960117507257/1930018885886,324519717452867/652346383429468) next_full_lifts=3045
k=4826779 delta=5 target=1379194 residue=11 carry=1 root=4 common_I=(960117507257/1930018885886,324519717452867/652346383429468) next_full_lifts=3041
k=4826780 delta=7 target=689650 residue=0 carry=2 root=6 common_I=(960117507257/1930018885886,324519717452867/652346383429468) next_full_lifts=3042
k=4826781 delta=9 target=106 residue=2 carry=3 root=8 common_I=(960117507257/1930018885886,324519717452867/652346383429468) next_full_lifts=3042
k=4826782 delta=11 target=4137371 residue=4 carry=4 root=10 common_I=(960117507257/1930018885886,324519717452867/652346383429468) next_full_lifts=3042
k=4826785 delta=4 target=2068739 residue=10 carry=7 root=3 common_I=(960117507257/1930018885886,324519717452867/652346383429468) next_full_lifts=3042
k=4826786 delta=6 target=1379195 residue=12 carry=8 root=5 common_I=(960117507257/1930018885886,324519717452867/652346383429468) next_full_lifts=3041
k=4826787 delta=8 target=689651 residue=1 carry=9 root=7 common_I=(960117507257/1930018885886,324519717452867/652346383429468) next_full_lifts=3041
k=4826788 delta=10 target=107 residue=3 carry=10 root=9 common_I=(960117507257/1930018885886,324519717452867/652346383429468) next_full_lifts=3041
k=4826789 delta=12 target=4137372 residue=5 carry=11 root=11 common_I=(960117507257/1930018885886,324519717452867/652346383429468) next_full_lifts=3041
k=4826791 delta=3 target=2758284 residue=9 carry=0 root=2 common_I=(960117507257/1930018885886,324519717452867/652346383429468) next_full_lifts=3045
k=4826792 delta=5 target=2068740 residue=11 carry=1 root=4 common_I=(960117507257/1930018885886,324519717452867/652346383429468) next_full_lifts=3041
k=4826793 delta=7 target=1379196 residue=0 carry=2 root=6 common_I=(960117507257/1930018885886,324519717452867/652346383429468) next_full_lifts=3042
k=4826794 delta=9 target=689652 residue=2 carry=3 root=8 common_I=(960117507257/1930018885886,324519717452867/652346383429468) next_full_lifts=3042
k=4826795 delta=11 target=108 residue=4 carry=4 root=10 common_I=(960117507257/1930018885886,324519717452867/652346383429468) next_full_lifts=3042
k=4826798 delta=4 target=2758285 residue=10 carry=7 root=3 common_I=(960117507257/1930018885886,324519717452867/652346383429468) next_full_lifts=3042
k=4826799 delta=6 target=2068741 residue=12 carry=8 root=5 common_I=(960117507257/1930018885886,324519717452867/652346383429468) next_full_lifts=3041
k=4826800 delta=8 target=1379197 residue=1 carry=9 root=7 common_I=(960117507257/1930018885886,324519717452867/652346383429468) next_full_lifts=3041
k=4826801 delta=10 target=689653 residue=3 carry=10 root=9 common_I=(960117507257/1930018885886,324519717452867/652346383429468) next_full_lifts=3041
k=4826802 delta=12 target=109 residue=5 carry=11 root=11 common_I=(960117507257/1930018885886,324519717452867/652346383429468) next_full_lifts=3041
k=4826804 delta=3 target=3447830 residue=9 carry=0 root=2 common_I=(960117507257/1930018885886,324519717452867/652346383429468) next_full_lifts=3045
k=4826805 delta=5 target=2758286 residue=11 carry=1 root=4 common_I=(960117507257/1930018885886,324519717452867/652346383429468) next_full_lifts=3041
k=4826806 delta=7 target=2068742 residue=0 carry=2 root=6 common_I=(960117507257/1930018885886,324519717452867/652346383429468) next_full_lifts=3042
k=4826807 delta=9 target=1379198 residue=2 carry=3 root=8 common_I=(960117507257/1930018885886,324519717452867/652346383429468) next_full_lifts=3042
k=4826808 delta=11 target=689654 residue=4 carry=4 root=10 common_I=(960117507257/1930018885886,324519717452867/652346383429468) next_full_lifts=3042
SURVIVOR_ROWS_END
scope=fixed_skeleton_support_only;no_target_action;no_semantic_endpoint
ALL CHECKS PASSED
