a	b	c	denominator	E0_numerator	E1_numerator	E2_numerator	mass_numerator	raw_carriers
1	2	4	336	0	0	0	0	0
1	2	5	420	0	0	0	0	0
1	2	7	588	0	0	0	0	0
1	2	8	672	0	0	0	0	0
1	2	10	840	0	0	0	0	0
1	2	11	924	0	0	0	0	0
1	2	13	1092	0	0	0	0	0
1	2	14	1176	0	0	0	0	0
1	2	16	1344	0	0	0	0	0
1	2	17	1428	0	0	0	0	0
1	2	19	1596	0	0	0	0	0
1	2	20	1680	0	0	0	0	0
1	2	22	1848	0	0	0	0	0
1	2	23	1932	0	0	0	0	0
1	2	25	2100	0	0	0	0	0
1	2	26	2184	0	0	0	0	0
1	2	28	2352	0	0	0	0	0
1	2	29	2436	0	0	0	0	0
1	2	31	2604	0	0	0	0	0
1	2	32	2688	0	0	0	0	0
1	2	34	2856	0	0	0	0	0
1	2	35	2940	0	0	0	0	0
1	2	37	3108	0	0	0	0	0
1	2	38	3192	0	0	0	0	0
1	2	40	3360	0	0	0	0	0
1	2	41	3444	0	0	0	0	0
1	2	43	3612	0	0	0	0	0
1	2	44	3696	0	0	0	0	0
1	2	46	3864	0	0	0	0	0
1	2	47	3948	0	0	0	0	0
1	2	49	4116	0	0	0	0	0
1	2	50	4200	0	0	0	0	0
1	2	52	4368	0	0	0	0	0
1	2	53	4452	0	0	0	0	0
1	2	55	4620	0	0	0	0	0
1	2	56	4704	0	0	0	0	0
1	2	58	4872	0	0	0	0	0
1	2	59	4956	0	0	0	0	0
1	2	61	5124	0	0	0	0	0
1	2	62	5208	0	0	0	0	0
1	4	5	840	78	96	30	30	2
1	4	7	1176	0	0	0	0	0
1	4	8	1344	0	0	0	0	0
1	4	10	1680	84	120	60	60	2
1	4	11	1848	0	0	0	0	0
1	4	13	2184	0	0	0	0	0
1	4	14	2352	0	0	0	0	0
1	4	16	2688	0	0	0	0	0
1	4	17	2856	0	0	0	0	0
1	4	19	3192	0	0	0	0	0
1	4	20	3360	96	144	120	96	2
1	4	22	3696	0	0	0	0	0
1	4	23	3864	0	0	0	0	0
1	4	25	4200	102	144	144	102	2
1	4	26	4368	0	0	0	0	0
1	4	28	4704	0	0	0	0	0
1	4	29	4872	0	0	0	0	0
1	4	31	5208	0	0	0	0	0
1	4	32	5376	144	24	144	24	2
1	4	34	5712	0	0	0	0	0
1	4	35	5880	114	144	144	114	2
1	4	37	6216	144	48	144	48	2
1	4	38	6384	0	0	0	0	0
1	4	40	6720	120	144	144	120	2
1	4	41	6888	0	0	0	0	0
1	4	43	7224	0	0	0	0	0
1	4	44	7392	0	0	0	0	0
1	4	46	7728	0	0	0	0	0
1	4	47	7896	144	96	144	96	2
1	4	49	8232	0	0	0	0	0
1	4	50	8400	132	144	144	132	2
1	4	52	8736	144	120	144	120	2
1	4	53	8904	0	0	0	0	0
1	4	55	9240	138	144	144	138	2
1	4	56	9408	0	0	0	0	0
1	4	58	9744	0	0	0	0	0
1	4	59	9912	0	0	0	0	0
1	4	61	10248	0	0	0	0	0
1	4	62	10416	144	144	144	144	2
1	5	7	1470	48	180	168	48	2
1	5	8	1680	0	0	0	0	0
1	5	10	2100	0	0	0	0	0
1	5	11	2310	180	180	180	180	2
1	5	13	2730	0	0	0	0	0
1	5	14	2940	6	180	180	6	2
1	5	16	3360	0	0	0	0	0
1	5	17	3570	0	0	0	0	0
1	5	19	3990	180	120	180	120	2
1	5	20	4200	0	0	0	0	0
1	5	22	4620	180	180	180	180	2
1	5	23	4830	180	60	180	60	2
1	5	25	5250	120	180	180	120	2
1	5	26	5460	180	180	180	180	2
1	5	28	5880	0	0	0	0	0
1	5	29	6090	180	180	180	180	2
1	5	31	6510	0	0	0	0	0
1	5	32	6720	78	180	180	78	2
1	5	34	7140	180	180	180	180	2
1	5	35	7350	0	0	0	0	0
1	5	37	7770	180	180	180	180	2
1	5	38	7980	180	150	180	150	2
1	5	40	8400	180	180	180	180	2
1	5	41	8610	180	180	180	180	2
1	5	43	9030	180	180	180	180	2
1	5	44	9240	180	180	180	180	2
1	5	46	9660	180	30	180	30	2
1	5	47	9870	180	180	180	180	2
1	5	49	10290	180	180	180	180	2
1	5	50	10500	150	180	180	150	2
1	5	52	10920	180	180	180	180	2
1	5	53	11130	180	180	180	180	2
1	5	55	11550	180	180	180	180	2
1	5	56	11760	180	180	180	180	2
1	5	58	12180	180	180	180	180	2
1	5	59	12390	180	180	180	180	2
1	5	61	12810	360	300	360	300	4
1	5	62	13020	180	180	180	180	2
1	7	8	2352	186	252	252	186	2
1	7	10	2940	0	0	0	0	0
1	7	11	3234	0	0	0	0	0
1	7	13	3822	252	252	252	252	2
1	7	14	4116	0	0	0	0	0
1	7	16	4704	246	252	252	246	2
1	7	17	4998	0	0	0	0	0
1	7	19	5586	48	252	252	48	2
1	7	20	5880	0	0	0	0	0
1	7	22	6468	0	0	0	0	0
1	7	23	6762	120	252	252	120	2
1	7	25	7350	0	0	0	0	0
1	7	26	7644	252	252	252	252	2
1	7	28	8232	42	252	252	42	2
1	7	29	8526	252	252	252	252	2
1	7	31	9114	252	252	252	252	2
1	7	32	9408	252	252	252	252	2
1	7	34	9996	252	252	252	252	2
1	7	35	10290	168	252	252	168	2
1	7	37	10878	252	252	252	252	2
1	7	38	11172	0	0	0	0	0
1	7	40	11760	252	252	252	252	2
1	7	41	12054	192	252	252	192	2
1	7	43	12642	228	252	252	228	2
1	7	44	12936	252	252	252	252	2
1	7	46	13524	144	504	504	144	4
1	7	47	13818	252	252	252	252	2
1	7	49	14406	252	252	252	252	2
1	7	50	14700	252	252	252	252	2
1	7	52	15288	252	252	252	252	2
1	7	53	15582	252	252	252	252	2
1	7	55	16170	252	252	252	252	2
1	7	56	16464	252	252	252	252	2
1	7	58	17052	252	252	252	252	2
1	7	59	17346	504	504	504	504	4
1	7	61	17934	252	252	252	252	2
1	7	62	18228	402	504	504	402	4
1	8	10	3360	156	288	288	156	2
1	8	11	3696	0	0	0	0	0
1	8	13	4368	0	0	0	0	0
1	8	14	4704	228	288	288	228	2
1	8	16	5376	0	0	0	0	0
1	8	17	5712	288	288	288	288	2
1	8	19	6384	0	0	0	0	0
1	8	20	6720	168	288	288	168	2
1	8	22	7392	0	0	0	0	0
1	8	23	7728	0	0	0	0	0
1	8	25	8400	6	288	288	6	2
1	8	26	8736	0	0	0	0	0
1	8	28	9408	288	288	288	288	2
1	8	29	9744	0	0	0	0	0
1	8	31	10416	288	288	288	288	2
1	8	32	10752	48	288	288	48	2
1	8	34	11424	288	288	288	288	2
1	8	35	11760	288	288	288	288	2
1	8	37	12432	288	288	288	288	2
1	8	38	12768	288	288	288	288	2
1	8	40	13440	192	288	288	192	2
1	8	41	13776	288	288	288	288	2
1	8	43	14448	0	0	0	0	0
1	8	44	14784	288	288	288	288	2
1	8	46	15456	132	288	288	132	2
1	8	47	15792	288	288	288	288	2
1	8	49	16464	288	288	288	288	2
1	8	50	16800	204	288	288	204	2
1	8	52	17472	288	288	288	288	2
1	8	53	17808	180	576	576	180	4
1	8	55	18480	288	288	288	288	2
1	8	56	18816	288	288	288	288	2
1	8	58	19488	288	288	288	288	2
1	8	59	19824	288	288	288	288	2
1	8	61	20496	288	288	288	288	2
1	8	62	20832	288	288	288	288	2
1	10	11	4620	504	720	690	504	4
1	10	13	5460	0	0	0	0	0
1	10	14	5880	96	360	360	96	2
1	10	16	6720	132	360	360	132	2
1	10	17	7140	0	0	0	0	0
1	10	19	7980	714	600	720	600	4
1	10	20	8400	0	0	0	0	0
1	10	22	9240	600	720	720	600	4
1	10	23	9660	258	120	360	120	2
1	10	25	10500	210	360	360	210	2
1	10	26	10920	360	360	360	360	2
1	10	28	11760	12	360	360	12	2
1	10	29	12180	30	360	360	30	2
1	10	31	13020	0	0	0	0	0
1	10	32	13440	84	360	360	84	2
1	10	34	14280	360	360	360	360	2
1	10	35	14700	360	360	360	360	2
1	10	37	15540	360	360	360	360	2
1	10	38	15960	720	660	720	660	4
1	10	40	16800	120	720	720	120	4
1	10	41	17220	720	720	720	720	4
1	10	43	18060	360	360	360	360	2
1	10	44	18480	660	720	720	660	4
1	10	46	19320	696	420	720	420	4
1	10	47	19740	360	360	360	360	2
1	10	49	20580	720	720	720	720	4
1	10	50	21000	240	360	360	240	2
1	10	52	21840	720	720	720	720	4
1	10	53	22260	402	720	720	402	4
1	10	55	23100	690	720	720	690	4
1	10	56	23520	372	720	720	372	4
1	10	58	24360	360	360	360	360	2
1	10	59	24780	678	720	720	678	4
1	10	61	25620	714	600	720	594	4
1	10	62	26040	480	720	720	480	4
1	11	13	6006	360	792	792	360	4
1	11	14	6468	0	0	0	0	0
1	11	16	7392	66	396	396	66	2
1	11	17	7854	84	396	396	84	2
1	11	19	8778	0	0	0	0	0
1	11	20	9240	612	792	792	612	4
1	11	22	10164	0	0	0	0	0
1	11	23	10626	792	792	792	792	4
1	11	25	11550	228	396	396	228	2
1	11	26	12012	330	396	396	330	2
1	11	28	12936	396	396	396	396	2
1	11	29	13398	132	396	396	132	2
1	11	31	14322	168	396	396	168	2
1	11	32	14784	0	0	0	0	0
1	11	34	15708	0	0	0	0	0
1	11	35	16170	240	396	396	240	2
1	11	37	17094	276	396	396	276	2
1	11	38	17556	396	396	396	396	2
1	11	40	18480	642	792	792	642	4
1	11	41	18942	396	396	396	396	2
1	11	43	19866	792	792	792	792	4
1	11	44	20328	132	792	792	132	4
1	11	46	21252	792	792	792	792	4
1	11	47	21714	372	396	396	372	2
1	11	49	22638	636	792	792	636	4
1	11	50	23100	654	792	792	654	4
1	11	52	24024	396	396	396	396	2
1	11	53	24486	792	792	792	792	4
1	11	55	25410	528	792	792	528	4
1	11	56	25872	792	792	792	792	4
1	11	58	26796	462	792	792	462	4
1	11	59	27258	792	792	792	792	4
1	11	61	28182	396	396	396	396	2
1	11	62	28644	534	792	792	534	4
1	13	14	7644	720	936	936	720	4
1	13	16	8736	0	0	0	0	0
1	13	17	9282	204	468	468	204	2
1	13	19	10374	0	0	0	0	0
1	13	20	10920	6	468	468	6	2
1	13	22	12012	294	468	468	294	2
1	13	23	12558	0	0	0	0	0
1	13	25	13650	936	936	936	936	4
1	13	26	14196	0	0	0	0	0
1	13	28	15288	870	936	936	870	4
1	13	29	15834	168	468	468	168	2
1	13	31	16926	372	468	468	372	2
1	13	32	17472	468	468	468	468	2
1	13	34	18564	174	468	468	174	2
1	13	35	19110	444	468	468	444	2
1	13	37	20202	0	0	0	0	0
1	13	38	20748	0	0	0	0	0
1	13	40	21840	30	468	468	30	2
1	13	41	22386	48	468	468	48	2
1	13	43	23478	468	468	468	468	2
1	13	44	24024	354	468	468	354	2
1	13	46	25116	468	468	468	468	2
1	13	47	25662	708	936	936	708	4
1	13	49	26754	468	468	468	468	2
1	13	50	27300	936	936	936	936	4
1	13	52	28392	156	936	936	156	4
1	13	53	28938	936	936	936	936	4
1	13	55	30030	384	468	468	384	2
1	13	56	30576	936	936	936	936	4
1	13	58	31668	570	936	936	570	4
1	13	59	32214	588	936	936	588	4
1	13	61	33306	936	936	936	936	4
1	13	62	33852	468	468	468	468	2
1	14	16	9408	576	1008	1008	576	4
1	14	17	9996	0	0	0	0	0
1	14	19	11172	174	504	504	174	2
1	14	20	11760	0	0	0	0	0
1	14	22	12936	0	0	0	0	0
1	14	23	13524	246	504	504	246	2
1	14	25	14700	0	0	0	0	0
1	14	26	15288	888	1008	1008	888	4
1	14	28	16464	0	0	0	0	0
1	14	29	17052	1008	1008	1008	1008	4
1	14	31	18228	138	504	504	138	2
1	14	32	18816	648	1008	1008	648	4
1	14	34	19992	504	504	504	504	2
1	14	35	20580	294	504	504	294	2
1	14	37	21756	504	504	504	504	2
1	14	38	22344	96	504	504	96	2
1	14	40	23520	132	504	504	132	2
1	14	41	24108	0	0	0	0	0
1	14	43	25284	0	0	0	0	0
1	14	44	25872	204	504	504	204	2
1	14	46	27048	240	504	504	240	2
1	14	47	27636	504	504	504	504	2
1	14	49	28812	504	504	504	504	2
1	14	50	29400	504	504	504	504	2
1	14	52	30576	1008	1008	1008	1008	4
1	14	53	31164	504	504	504	504	2
1	14	55	32340	1008	1008	1008	1008	4
1	14	56	32928	168	1008	1008	168	4
1	14	58	34104	1008	1008	1008	1008	4
1	14	59	34692	390	504	504	390	2
1	14	61	35868	1008	1008	1008	1008	4
1	14	62	36456	528	1008	1008	528	4
1	16	17	11424	936	1152	1152	936	4
1	16	19	12768	0	0	0	0	0
1	16	20	13440	312	576	576	312	2
1	16	22	14784	0	0	0	0	0
1	16	23	15456	114	576	576	114	2
1	16	25	16800	150	576	576	150	2
1	16	26	17472	0	0	0	0	0
1	16	28	18816	576	1152	1152	576	4
1	16	29	19488	0	0	0	0	0
1	16	31	20832	1152	1152	1152	1152	4
1	16	32	21504	0	0	0	0	0
1	16	34	22848	1140	1152	1152	1140	4
1	16	35	23520	78	576	576	78	2
1	16	37	24864	648	1152	1152	648	4
1	16	38	25536	576	576	576	576	2
1	16	40	26880	336	576	576	336	2
1	16	41	27552	576	576	576	576	2
1	16	43	28896	138	576	576	138	2
1	16	44	29568	408	576	576	408	2
1	16	46	30912	0	0	0	0	0
1	16	47	31584	0	0	0	0	0
1	16	49	32928	0	0	0	0	0
1	16	50	33600	12	576	576	12	2
1	16	52	34944	552	576	576	552	2
1	16	53	35616	318	576	576	318	2
1	16	55	36960	576	576	576	576	2
1	16	56	37632	576	576	576	576	2
1	16	58	38976	576	576	576	576	2
1	16	59	39648	1086	1152	1152	1086	4
1	16	61	40992	546	576	576	546	2
1	16	62	41664	1152	1152	1152	1152	4
1	17	19	13566	792	1224	1224	792	4
1	17	20	14280	0	0	0	0	0
1	17	22	15708	282	612	612	282	2
1	17	23	16422	0	0	0	0	0
1	17	25	17850	84	612	612	84	2
1	17	26	18564	102	612	612	102	2
1	17	28	19992	0	0	0	0	0
1	17	29	20706	408	612	612	408	2
1	17	31	22134	0	0	0	0	0
1	17	32	22848	1158	1224	1224	1158	4
1	17	34	24276	0	0	0	0	0
1	17	35	24990	1224	1224	1224	1224	4
1	17	37	26418	48	612	612	48	2
1	17	38	27132	930	1224	1224	930	4
1	17	40	28560	606	612	612	606	2
1	17	41	29274	456	612	612	456	2
1	17	43	30702	612	612	612	612	2
1	17	44	31416	258	612	612	258	2
1	17	46	32844	546	612	612	546	2
1	17	47	33558	60	612	612	60	2
1	17	49	34986	96	612	612	96	2
1	17	50	35700	0	0	0	0	0
1	17	52	37128	0	0	0	0	0
1	17	53	37842	168	612	612	168	2
1	17	55	39270	204	612	612	204	2
1	17	56	39984	612	612	612	612	2
1	17	58	41412	510	612	612	510	2
1	17	59	42126	612	612	612	612	2
1	17	61	43554	840	1224	1224	840	4
1	17	62	44268	612	612	612	612	2
1	19	20	15960	1518	2052	1848	1518	6
1	19	22	17556	0	0	0	0	0
1	19	23	18354	504	1368	1368	504	4
1	19	25	19950	372	684	600	372	2
1	19	26	20748	222	684	684	222	2
1	19	28	22344	6	684	684	6	2
1	19	29	23142	24	684	684	24	2
1	19	31	24738	312	684	684	312	2
1	19	32	25536	498	114	684	114	2
1	19	34	27132	900	1368	1368	900	4
1	19	35	27930	384	684	684	384	2
1	19	37	29526	2040	1596	2052	1596	6
1	19	38	30324	0	0	0	0	0
1	19	40	31920	1758	2052	2052	1758	6
1	19	41	32718	0	0	0	0	0
1	19	43	34314	960	1368	1368	960	4
1	19	44	35112	546	684	684	546	2
1	19	46	36708	498	684	684	498	2
1	19	47	37506	1368	1140	1368	1140	4
1	19	49	39102	300	684	684	300	2
1	19	50	39900	1086	1368	1368	1086	4
1	19	52	41496	786	1254	1368	672	4
1	19	53	42294	372	684	684	372	2
1	19	55	43890	408	684	684	408	2
1	19	56	44688	0	0	0	0	0
1	19	58	46284	0	0	0	0	0
1	19	59	47082	0	0	0	0	0
1	19	61	48678	516	684	684	516	2
1	19	62	49476	966	1368	1368	966	4
1	20	22	18480	1092	2160	2160	1092	6
1	20	23	19320	102	240	720	102	2
1	20	25	21000	390	720	720	390	2
1	20	26	21840	492	720	720	492	2
1	20	28	23520	192	720	720	192	2
1	20	29	24360	0	0	0	0	0
1	20	31	26040	0	0	0	0	0
1	20	32	26880	264	720	720	264	2
1	20	34	28560	636	720	720	636	2
1	20	35	29400	720	1440	1440	720	4
1	20	37	31080	354	720	720	354	2
1	20	38	31920	1800	2040	2160	1800	6
1	20	40	33600	0	0	0	0	0
1	20	41	34440	2160	2160	2160	2160	6
1	20	43	36120	0	0	0	0	0
1	20	44	36960	1200	1440	1440	1200	4
1	20	46	38640	516	720	720	516	2
1	20	47	39480	648	1440	1440	648	4
1	20	49	41160	1440	1440	1440	1440	4
1	20	50	42000	420	720	720	420	2
1	20	52	43680	1344	1440	1440	1344	4
1	20	53	44520	864	1440	1440	864	4
1	20	55	46200	510	720	720	510	2
1	20	56	47040	744	1440	1440	744	4
1	20	58	48720	60	720	720	60	2
1	20	59	49560	78	720	720	78	2
1	20	61	51240	114	480	720	114	2
1	20	62	52080	132	720	720	132	2
1	22	23	21252	1842	2376	2376	1842	6
1	22	25	23100	6	792	792	6	2
1	22	26	24024	720	1584	1584	720	4
1	22	28	25872	732	792	792	732	2
1	22	29	26796	330	792	792	330	2
1	22	31	28644	0	0	0	0	0
1	22	32	29568	132	792	792	132	2
1	22	34	31416	168	792	792	168	2
1	22	35	32340	0	0	0	0	0
1	22	37	34188	474	792	792	474	2
1	22	38	35112	792	792	792	792	2
1	22	40	36960	1224	1584	1584	1224	4
1	22	41	37884	294	792	792	294	2
1	22	43	39732	2376	2376	2376	2376	6
1	22	44	40656	0	0	0	0	0
1	22	46	42504	2136	2376	2376	2136	6
1	22	47	43428	0	0	0	0	0
1	22	49	45276	1230	1584	1584	1230	4
1	22	50	46200	456	792	792	456	2
1	22	52	48048	660	792	792	660	2
1	22	53	48972	1470	1584	1584	1470	4
1	22	55	50820	462	792	792	462	2
1	22	56	51744	1584	1584	1584	1584	4
1	22	58	53592	864	1584	1584	864	4
1	22	59	54516	900	1584	1584	900	4
1	22	61	56364	858	1584	1584	858	4
1	22	62	57288	336	792	792	336	2
1	23	25	24150	1440	3312	2784	1440	8
1	23	26	25116	0	0	0	0	0
1	23	28	27048	576	1656	1656	576	4
1	23	29	28014	828	828	828	828	2
1	23	31	29946	300	828	828	300	2
1	23	32	30912	828	138	384	138	2
1	23	34	32844	102	828	828	102	2
1	23	35	33810	120	828	828	120	2
1	23	37	35742	828	276	444	276	2
1	23	38	36708	426	828	828	426	2
1	23	40	38640	828	828	828	828	2
1	23	41	39606	1044	1656	1656	1044	4
1	23	43	41538	264	828	828	264	2
1	23	44	42504	2190	2484	2484	2190	6
1	23	46	44436	0	0	0	0	0
1	23	47	45402	3312	3036	3048	3036	8
1	23	49	47334	0	0	0	0	0
1	23	50	48300	1470	1656	1656	1470	4
1	23	52	50232	1188	1518	1452	1050	4
1	23	53	51198	972	1656	1656	972	4
1	23	55	53130	1392	1656	1656	1392	4
1	23	56	54096	582	828	828	582	2
1	23	58	56028	1656	1656	1656	1656	4
1	23	59	56994	432	1656	1656	432	4
1	23	61	58926	1164	1656	1656	1164	4
1	23	62	59892	1620	2484	2400	1620	6
1	25	26	27300	2664	3600	3600	2664	8
1	25	28	29400	0	0	0	0	0
1	25	29	30450	936	1800	1800	936	4
1	25	31	32550	900	900	900	900	2
1	25	32	33600	438	900	900	438	2
1	25	34	35700	780	1800	1800	780	4
1	25	35	36750	240	900	900	240	2
1	25	37	38850	300	1800	1800	300	4
1	25	38	39900	336	1650	1800	336	4
1	25	40	42000	330	900	900	330	2
1	25	41	43050	1032	1800	1800	1032	4
1	25	43	45150	684	1800	1800	684	4
1	25	44	46200	900	900	900	900	2
1	25	46	48300	1506	1800	1800	1506	4
1	25	47	49350	204	900	900	204	2
1	25	49	51450	3600	3600	3600	3600	8
1	25	50	52500	0	0	0	0	0
1	25	52	54600	3060	3600	3600	3060	8
1	25	53	55650	564	900	900	564	2
1	25	55	57750	1500	1800	1800	1500	4
1	25	56	58800	1266	1800	1800	1266	4
1	25	58	60900	972	1800	1800	972	4
1	25	59	61950	1236	1800	1800	1236	4
1	25	61	64050	624	900	900	624	2
1	25	62	65100	1800	1800	1800	1800	4
1	26	28	30576	1872	3744	3744	1872	8
1	26	29	31668	0	0	0	0	0
1	26	31	33852	792	1872	1872	792	4
1	26	32	34944	876	936	936	876	2
1	26	34	37128	408	936	936	408	2
1	26	35	38220	768	1872	1872	768	4
1	26	37	40404	210	936	936	210	2
1	26	38	41496	480	936	936	480	2
1	26	40	43680	528	1872	1872	528	4
1	26	41	44772	282	936	936	282	2
1	26	43	46956	1056	1872	1872	1056	4
1	26	44	48048	588	936	936	588	2
1	26	46	50232	936	936	936	936	2
1	26	47	51324	1368	1872	1872	1368	4
1	26	49	53508	174	936	936	174	2
1	26	50	54600	3096	3744	3744	3096	8
1	26	52	56784	0	0	0	0	0
1	26	53	57876	3744	3744	3744	3744	8
1	26	55	60060	534	936	936	534	2
1	26	56	61152	1872	2808	2808	1872	6
1	26	58	63336	1272	1872	1872	1272	4
1	26	59	64428	1290	1872	1872	1290	4
1	26	61	66612	1116	1872	1872	1116	4
1	26	62	67704	744	936	936	744	2
1	28	29	34104	3096	4032	4032	3096	8
1	28	31	36456	0	0	0	0	0
1	28	32	37632	1152	2016	2016	1152	4
1	28	34	39984	780	1008	1008	780	2
1	28	35	41160	546	1008	1008	546	2
1	28	37	43512	744	2016	2016	744	4
1	28	38	44688	348	1008	1008	348	2
1	28	40	47040	888	1008	1008	888	2
1	28	41	48216	150	1008	1008	150	2
1	28	43	50568	186	1008	1008	186	2
1	28	44	51744	960	1008	1008	960	2
1	28	46	54096	492	1008	1008	492	2
1	28	47	55272	1104	2016	2016	1104	4
1	28	49	57624	1008	2016	2016	1008	4
1	28	50	58800	1008	1008	1008	1008	2
1	28	52	61152	1872	3024	3024	1872	6
1	28	53	62328	114	1008	1008	114	2
1	28	55	64680	4032	4032	4032	4032	8
1	28	56	65856	0	0	0	0	0
1	28	58	68208	3600	4032	4032	3600	8
1	28	59	69384	474	1008	1008	474	2
1	28	61	71736	1770	2016	2016	1770	4
1	28	62	72912	1284	2016	2016	1284	4
1	29	31	37758	2304	4176	4176	2304	8
1	29	32	38976	0	0	0	0	0
1	29	34	41412	1008	2088	2088	1008	4
1	29	35	42630	732	1044	1044	732	2
1	29	37	45066	516	1044	1044	516	2
1	29	38	46284	732	2088	2088	732	4
1	29	40	48720	318	1044	1044	318	2
1	29	41	49938	1044	1044	1044	1044	2
1	29	43	52374	120	1044	1044	120	2
1	29	44	53592	138	1044	1044	138	2
1	29	46	56028	1044	1044	1044	1044	2
1	29	47	57246	444	1044	1044	444	2
1	29	49	59682	1128	2088	2088	1128	4
1	29	50	60900	828	2088	2088	828	4
1	29	52	63336	1038	1044	1044	1038	2
1	29	53	64554	1680	2088	2088	1680	4
1	29	55	66990	84	1044	1044	84	2
1	29	56	68208	3636	4176	4176	3636	8
1	29	58	70644	0	0	0	0	0
1	29	59	71862	4176	4176	4176	4176	8
1	29	61	74298	444	1044	1044	444	2
1	29	62	75516	2304	3132	3132	2304	6
1	31	32	41664	3528	4464	4464	3528	8
1	31	34	44268	0	0	0	0	0
1	31	35	45570	1368	2232	2232	1368	4
1	31	37	48174	636	1116	1116	636	2
1	31	38	49476	720	2232	2232	720	4
1	31	40	52080	858	1116	1116	858	2
1	31	41	53382	456	1116	1116	456	2
1	31	43	55986	1116	1116	1116	1116	2
1	31	44	57288	258	1116	1116	258	2
1	31	46	59892	336	2232	2232	336	4
1	31	47	61194	372	2232	2232	372	4
1	31	49	63798	348	1116	1116	348	2
1	31	50	65100	1146	2232	2232	1146	4
1	31	52	67704	654	1116	1116	654	2
1	31	53	69006	1176	2232	2232	1176	4
1	31	55	71610	1332	2232	2232	1332	4
1	31	56	72912	978	1116	1116	978	2
1	31	58	75516	2304	3348	3348	2304	6
1	31	59	76818	24	1116	1116	24	2
1	31	61	79422	4464	4464	4464	4464	8
1	31	62	80724	0	0	0	0	0
1	32	34	45696	2748	5760	4812	2748	10
1	32	35	47040	0	0	0	0	0
1	32	37	49728	1224	2304	2304	1224	4
1	32	38	51072	1008	2112	1380	816	4
1	32	40	53760	624	1152	1152	624	2
1	32	41	55104	978	1152	1152	978	2
1	32	43	57792	426	1152	1152	426	2
1	32	44	59136	1056	2304	2304	1056	4
1	32	46	61824	1380	1344	1428	420	4
1	32	47	63168	498	1152	1152	498	2
1	32	49	65856	564	2304	2304	564	4
1	32	50	67200	300	1152	1152	300	2
1	32	52	69888	1320	2304	2304	1320	4
1	32	53	71232	606	1152	1152	606	2
1	32	55	73920	1152	1152	1152	1152	2
1	32	56	75264	1152	2304	2304	1152	4
1	32	58	77952	948	1152	1152	948	2
1	32	59	79296	1950	2304	2304	1950	4
1	32	61	81984	750	768	366	366	2
1	32	62	83328	4176	4608	4608	4176	8
1	34	35	49980	4614	6120	6120	4614	10
1	34	37	52836	186	408	1224	186	2
1	34	38	54264	1584	2448	2448	1584	4
1	34	40	57120	1152	2448	2448	1152	4
1	34	41	58548	936	2448	2448	936	4
1	34	43	61404	1218	1224	1224	1218	2
1	34	44	62832	564	1224	1224	564	2
1	34	46	65688	1032	2448	2448	1032	4
1	34	47	67116	900	2040	2448	900	4
1	34	49	69972	906	1224	1224	906	2
1	34	50	71400	840	2448	2448	840	4
1	34	52	74256	912	2244	2448	912	4
1	34	53	75684	978	1224	1224	978	2
1	34	55	78540	1188	2448	2448	1188	4
1	34	56	79968	1392	2448	2448	1392	4
1	34	58	82824	816	1224	1224	816	2
1	34	59	84252	1224	1224	1224	1224	2
1	34	61	87108	1656	2448	2448	1656	4
1	34	62	88536	1944	2448	2448	1944	4
1	35	37	54390	3288	6300	6300	3288	10
1	35	38	55860	138	1050	1260	138	2
1	35	40	58800	1440	2520	2520	1440	4
1	35	41	60270	1224	2520	2520	1224	4
1	35	43	63210	792	2520	2520	792	4
1	35	44	64680	1260	1260	1260	1260	2
1	35	46	67620	534	1260	1260	534	2
1	35	47	69090	1020	2520	2520	1020	4
1	35	49	72030	1260	2520	2520	1260	4
1	35	50	73500	1110	1260	1260	1110	2
1	35	52	76440	528	2520	2520	528	4
1	35	53	77910	564	2520	2520	564	4
1	35	55	80850	1200	1260	1260	1200	2
1	35	56	82320	1512	2520	2520	1512	4
1	35	58	85260	1416	2520	2520	1416	4
1	35	59	86730	768	1260	1260	768	2
1	35	61	89670	1260	1260	1260	1260	2
1	35	62	91140	1476	2520	2520	1476	4
1	37	38	59052	5832	7770	7116	5610	12
1	37	40	62160	42	1332	1332	42	2
1	37	41	63714	1860	3996	3996	1860	6
1	37	43	66822	1368	2664	2664	1368	4
1	37	44	68376	1152	2664	2664	1152	4
1	37	46	71484	2658	1554	1884	1554	4
1	37	47	73038	672	1332	1332	672	2
1	37	49	76146	996	2664	2664	996	4
1	37	50	77700	474	1332	1332	474	2
1	37	52	80808	1332	1332	1332	1332	2
1	37	53	82362	1800	3996	3300	1800	6
1	37	55	85470	372	2664	2664	372	4
1	37	56	87024	408	2664	2664	408	4
1	37	58	90132	1698	2664	2664	1698	4
1	37	59	91686	1332	1332	1332	1332	2
1	37	61	94794	1932	3552	3396	1488	6
1	37	62	96348	1464	2664	2664	1464	4
1	38	40	63840	3888	8208	8040	3888	12
1	38	41	65436	0	0	0	0	0
1	38	43	68628	1656	2736	2736	1656	4
1	38	44	70224	1440	2736	2736	1440	4
1	38	46	73416	1008	2736	2736	1008	4
1	38	47	75012	2556	2280	2736	2274	4
1	38	49	78204	642	1368	1368	642	2
1	38	50	79800	984	2736	2736	984	4
1	38	52	82992	2088	3876	4104	1860	6
1	38	53	84588	1368	1368	1368	1368	2
1	38	55	87780	1500	2736	2736	1500	4
1	38	56	89376	528	2736	2736	528	4
1	38	58	92568	600	2736	2736	600	4
1	38	59	94164	1644	2736	2736	1644	4
1	38	61	97356	1368	1368	1368	1368	2
1	38	62	98952	2448	4104	4104	2448	6
1	40	41	68880	6480	8640	8640	6480	12
1	40	43	72240	0	0	0	0	0
1	40	44	73920	2184	4320	4320	2184	6
1	40	46	77280	1584	2880	2880	1584	4
1	40	47	78960	1368	2880	2880	1368	4
1	40	49	82320	2196	2880	2880	2196	4
1	40	50	84000	780	1440	1440	780	2
1	40	52	87360	1296	2880	2880	1296	4
1	40	53	89040	912	2880	2880	912	4
1	40	55	92400	1320	2880	2880	1320	4
1	40	56	94080	2496	4320	4320	2496	6
1	40	58	97440	924	1440	1440	924	2
1	40	59	99120	876	2880	2880	876	4
1	40	61	102480	948	2880	2880	948	4
1	40	62	104160	996	1440	1440	996	2
1	41	43	74046	4536	8856	8856	4536	12
1	41	44	75768	0	0	0	0	0
1	41	46	79212	1872	2952	2952	1872	4
1	41	47	80934	1632	2952	2952	1632	4
1	41	49	84378	1224	2952	2952	1224	4
1	41	50	86100	2016	2952	2952	2016	4
1	41	52	89544	750	1476	1476	750	2
1	41	53	91266	1620	2952	2952	1620	4
1	41	55	94710	1356	2952	2952	1356	4
1	41	56	96432	1308	2952	2952	1308	4
1	41	58	99876	2490	4428	4428	2490	6
1	41	59	101598	1128	1476	1476	1128	2
1	41	61	105042	564	2952	2952	564	4
1	41	62	106764	600	2952	2952	600	4
1	43	44	79464	7128	9288	9288	7128	12
1	43	46	83076	0	0	0	0	0
1	43	47	84882	2508	4644	4644	2508	6
1	43	49	88494	1608	3096	3096	1608	4
1	43	50	90300	1584	3096	3096	1584	4
1	43	52	93912	1686	4644	4644	1686	6
1	43	53	95718	936	3096	3096	936	4
1	43	55	99330	2268	3096	3096	2268	4
1	43	56	101136	690	1548	1548	690	2
1	43	58	104748	1284	3096	3096	1284	4
1	43	59	106554	2448	4644	4644	2448	6
1	43	61	110166	1536	1548	1548	1536	2
1	43	62	111972	1842	3096	3096	1842	4
1	44	46	85008	5184	9504	9504	5184	12
1	44	47	86856	0	0	0	0	0
1	44	49	90552	2088	3168	3168	2088	4
1	44	50	92400	1536	3168	3168	1536	4
1	44	52	96096	1440	3168	3168	1440	4
1	44	53	97944	1626	4752	4752	1626	6
1	44	55	101640	858	1584	1584	858	2
1	44	56	103488	2592	3168	3168	2592	4
1	44	58	107184	816	3168	3168	816	4
1	44	59	109032	1272	3168	3168	1272	4
1	44	61	112728	2814	4752	4752	2814	6
1	44	62	114576	1584	1584	1584	1584	2
1	46	47	90804	8610	11040	10218	8058	14
1	46	49	94668	0	0	0	0	0
1	46	50	96600	2880	6624	6624	2880	8
1	46	52	100464	2016	3036	1968	1740	4
1	46	53	102396	1800	3312	3312	1800	4
1	46	55	106260	1506	4968	4968	1506	6
1	46	56	108192	1152	3312	3312	1152	4
1	46	58	112056	3192	3312	3312	3192	4
1	46	59	113988	798	1656	1656	798	2
1	46	61	117852	1248	3312	3312	1248	4
1	46	62	119784	1800	4968	3684	1800	6
1	47	49	96726	5880	11844	11328	5880	14
1	47	50	98700	0	0	0	0	0
1	47	52	102648	2406	5076	5076	2406	6
1	47	53	104622	2088	3384	2964	2088	4
1	47	55	108570	1656	3384	3384	1656	4
1	47	56	110544	1446	5076	5076	1446	6
1	47	58	114492	1008	3384	3384	1008	4
1	47	59	116466	3384	3384	3384	3384	4
1	47	61	120414	2460	2820	3156	1896	4
1	47	62	122388	1236	3384	3384	1236	4
1	49	50	102900	9366	12348	12348	9366	14
1	49	52	107016	222	1470	1764	222	2
1	49	53	109074	3312	7056	7056	3312	8
1	49	55	113190	2232	3528	3528	2232	4
1	49	56	115248	2016	3528	3528	2016	4
1	49	58	119364	1584	3528	3528	1584	4
1	49	59	121422	1368	3528	3528	1368	4
1	49	61	125538	3528	3528	3528	3528	4
1	49	62	127596	1476	3528	3528	1476	4
1	50	52	109200	6636	12600	12600	6636	14
1	50	53	111300	174	1800	1800	174	2
1	50	55	115500	2730	5400	5400	2730	6
1	50	56	117600	2304	3600	3600	2304	4
1	50	58	121800	1872	3600	3600	1872	4
1	50	59	123900	1656	3600	3600	1656	4
1	50	61	128100	1224	3600	3600	1224	4
1	50	62	130200	3480	3600	3600	3480	4
1	52	53	115752	11088	14976	14694	11088	16
1	52	55	120120	78	1872	1872	78	2
1	52	56	122304	3744	7488	7488	3744	8
1	52	58	126672	2448	3744	3744	2448	4
1	52	59	128856	2232	3744	3744	2232	4
1	52	61	133224	3414	4992	5574	3048	6
1	52	62	135408	1584	3744	3744	1584	4
1	53	55	122430	7488	15264	15264	7488	16
1	53	56	124656	30	1908	1908	30	2
1	53	58	129108	3054	5724	5724	3054	6
1	53	59	131334	2520	3816	3816	2520	4
1	53	61	135786	2088	3816	3816	2088	4
1	53	62	138012	3354	5724	5724	3354	6
1	55	56	129360	11952	15840	15840	11952	16
1	55	58	133980	0	0	0	0	0
1	55	59	136290	4176	7920	7920	4176	8
1	55	61	140910	2664	3960	3960	2664	4
1	55	62	143220	2448	3960	3960	2448	4
1	56	58	136416	8352	16128	16128	8352	16
1	56	59	138768	0	0	0	0	0
1	56	61	143472	3384	8064	8064	3384	8
1	56	62	145824	2736	4032	4032	2736	4
1	58	59	143724	12816	16704	16704	12816	16
1	58	61	148596	0	0	0	0	0
1	58	62	151032	4608	8352	8352	4608	8
1	59	61	151158	9216	16992	16992	9216	16
1	59	62	153636	0	0	0	0	0
1	61	62	158844	14802	19764	19056	14802	18
2	4	5	1680	0	0	0	0	0
2	4	7	2352	0	0	0	0	0
2	4	11	3696	0	0	0	0	0
2	4	13	4368	0	0	0	0	0
2	4	17	5712	0	0	0	0	0
2	4	19	6384	0	0	0	0	0
2	4	23	7728	0	0	0	0	0
2	4	25	8400	0	0	0	0	0
2	4	29	9744	0	0	0	0	0
2	4	31	10416	0	0	0	0	0
2	4	35	11760	0	0	0	0	0
2	4	37	12432	0	0	0	0	0
2	4	41	13776	0	0	0	0	0
2	4	43	14448	0	0	0	0	0
2	4	47	15792	0	0	0	0	0
2	4	49	16464	0	0	0	0	0
2	4	53	17808	0	0	0	0	0
2	4	55	18480	0	0	0	0	0
2	4	59	19824	0	0	0	0	0
2	4	61	20496	0	0	0	0	0
2	5	7	2940	264	360	294	264	2
2	5	8	3360	300	60	336	60	2
2	5	10	4200	0	0	0	0	0
2	5	11	4620	0	0	0	0	0
2	5	13	5460	0	0	0	0	0
2	5	14	5880	348	360	360	348	2
2	5	16	6720	0	0	0	0	0
2	5	17	7140	0	0	0	0	0
2	5	19	7980	0	0	0	0	0
2	5	20	8400	60	360	360	60	2
2	5	22	9240	360	360	360	360	2
2	5	23	9660	360	150	360	150	2
2	5	25	10500	0	0	0	0	0
2	5	26	10920	0	0	0	0	0
2	5	28	11760	360	360	360	360	2
2	5	29	12180	360	360	360	360	2
2	5	31	13020	360	30	360	30	2
2	5	32	13440	0	0	0	0	0
2	5	34	14280	228	360	360	228	2
2	5	35	14700	360	360	360	360	2
2	5	37	15540	360	360	360	360	2
2	5	38	15960	360	240	360	240	2
2	5	40	16800	0	0	0	0	0
2	5	41	17220	312	360	360	312	2
2	5	43	18060	360	360	360	360	2
2	5	44	18480	360	360	360	360	2
2	5	46	19320	360	120	360	120	2
2	5	47	19740	24	360	360	24	2
2	5	49	20580	360	360	360	360	2
2	5	50	21000	360	360	360	360	2
2	5	52	21840	360	360	360	360	2
2	5	53	22260	360	330	360	330	2
2	5	55	23100	360	360	360	360	2
2	5	56	23520	360	360	360	360	2
2	5	58	24360	360	360	360	360	2
2	5	59	24780	360	360	360	360	2
2	5	61	25620	552	570	720	402	4
2	5	62	26040	360	360	360	360	2
2	7	8	4704	0	0	0	0	0
2	7	10	5880	276	336	504	276	2
2	7	11	6468	312	504	504	312	2
2	7	13	7644	0	0	0	0	0
2	7	14	8232	0	0	0	0	0
2	7	16	9408	504	504	504	504	2
2	7	17	9996	24	504	504	24	2
2	7	19	11172	0	0	0	0	0
2	7	20	11760	300	420	504	300	2
2	7	22	12936	372	504	504	372	2
2	7	23	13524	0	0	0	0	0
2	7	25	14700	312	462	504	312	2
2	7	26	15288	504	504	504	504	2
2	7	28	16464	84	504	504	84	2
2	7	29	17052	0	0	0	0	0
2	7	31	18228	504	504	504	504	2
2	7	32	18816	504	504	504	504	2
2	7	34	19992	0	0	0	0	0
2	7	35	20580	336	504	504	336	2
2	7	37	21756	504	504	504	504	2
2	7	38	22344	504	504	504	504	2
2	7	40	23520	348	504	504	348	2
2	7	41	24108	504	504	504	504	2
2	7	43	25284	504	504	504	504	2
2	7	44	25872	492	504	504	492	2
2	7	46	27048	504	504	504	504	2
2	7	47	27636	504	504	504	504	2
2	7	49	28812	504	504	504	504	2
2	7	50	29400	576	1008	1008	576	4
2	7	52	30576	504	504	504	504	2
2	7	53	31164	504	504	504	504	2
2	7	55	32340	888	1008	1008	888	4
2	7	56	32928	504	504	504	504	2
2	7	58	34104	504	504	504	504	2
2	7	59	34692	504	504	504	504	2
2	7	61	35868	768	1008	1008	768	4
2	7	62	36456	504	504	504	504	2
2	8	11	7392	0	0	0	0	0
2	8	13	8736	0	0	0	0	0
2	8	17	11424	576	48	204	48	2
2	8	19	12768	0	0	0	0	0
2	8	23	15456	0	0	0	0	0
2	8	25	16800	348	528	300	300	2
2	8	29	19488	0	0	0	0	0
2	8	31	20832	0	0	0	0	0
2	8	35	23520	372	576	420	372	2
2	8	37	24864	576	240	444	240	2
2	8	41	27552	0	0	0	0	0
2	8	43	28896	0	0	0	0	0
2	8	47	31584	576	336	564	336	2
2	8	49	32928	0	0	0	0	0
2	8	53	35616	12	576	576	12	2
2	8	55	36960	420	576	576	420	2
2	8	59	39648	576	48	576	48	2
2	8	61	40992	0	0	0	0	0
2	10	11	9240	588	660	528	528	2
2	10	13	10920	0	0	0	0	0
2	10	17	14280	0	0	0	0	0
2	10	19	15960	720	420	720	420	2
2	10	23	19320	720	300	720	300	2
2	10	25	21000	420	720	720	420	2
2	10	29	24360	720	720	720	720	2
2	10	31	26040	720	60	720	60	2
2	10	35	29400	0	0	0	0	0
2	10	37	31080	720	720	720	720	2
2	10	41	34440	720	720	720	720	2
2	10	43	36120	564	720	720	564	2
2	10	47	39480	720	720	720	720	2
2	10	49	41160	720	720	720	720	2
2	10	53	44520	804	1380	1440	744	4
2	10	55	46200	720	720	720	720	2
2	10	59	49560	720	720	720	720	2
2	10	61	51240	1428	1140	1440	1128	4
2	11	13	12012	1224	1584	1584	1224	4
2	11	14	12936	228	792	792	228	2
2	11	16	14784	132	792	792	132	2
2	11	17	15708	168	66	792	66	2
2	11	19	17556	408	792	792	408	2
2	11	20	18480	1572	1452	1584	1452	4
2	11	22	20328	0	0	0	0	0
2	11	23	21252	792	792	792	792	2
2	11	25	23100	120	792	792	120	2
2	11	26	24024	1452	1584	1584	1452	4
2	11	28	25872	60	792	792	60	2
2	11	29	26796	264	792	792	264	2
2	11	31	28644	0	0	0	0	0
2	11	32	29568	708	792	792	708	2
2	11	34	31416	780	792	792	780	2
2	11	35	32340	0	0	0	0	0
2	11	37	34188	552	330	792	330	2
2	11	38	35112	420	792	792	420	2
2	11	40	36960	1584	1584	1584	1584	4
2	11	41	37884	696	792	792	696	2
2	11	43	39732	792	792	792	792	2
2	11	44	40656	132	792	792	132	2
2	11	46	42504	1584	1584	1584	1584	4
2	11	47	43428	1536	1254	1584	1254	4
2	11	49	45276	792	792	792	792	2
2	11	50	46200	792	792	792	792	2
2	11	52	48048	1584	1584	1584	1584	4
2	11	53	48972	1584	1584	1584	1584	4
2	11	55	50820	1056	1584	1584	1056	4
2	11	56	51744	792	792	792	792	2
2	11	58	53592	924	1584	1584	924	4
2	11	59	54516	1584	1584	1584	1584	4
2	11	61	56364	792	792	792	792	2
2	11	62	57288	1236	1584	1584	1236	4
2	13	14	15288	804	936	936	804	2
2	13	16	17472	204	936	936	204	2
2	13	17	18564	1152	1872	1872	1152	4
2	13	19	20748	0	0	0	0	0
2	13	20	21840	12	936	936	12	2
2	13	22	24024	1512	1872	1872	1512	4
2	13	23	25116	456	936	936	456	2
2	13	25	27300	936	936	936	936	2
2	13	26	28392	0	0	0	0	0
2	13	28	30576	1872	1872	1872	1872	4
2	13	29	31668	168	936	936	168	2
2	13	31	33852	744	936	936	744	2
2	13	32	34944	0	0	0	0	0
2	13	34	37128	1284	1872	1872	1284	4
2	13	35	38220	0	0	0	0	0
2	13	37	40404	0	0	0	0	0
2	13	38	41496	660	936	936	660	2
2	13	40	43680	732	936	936	732	2
2	13	41	44772	96	936	936	96	2
2	13	43	46956	168	936	936	168	2
2	13	44	48048	1644	1872	1872	1644	4
2	13	46	50232	444	936	936	444	2
2	13	47	51324	936	936	936	936	2
2	13	49	53508	888	936	936	888	2
2	13	50	54600	1872	1872	1872	1872	4
2	13	52	56784	312	1872	1872	312	4
2	13	53	57876	936	936	936	936	2
2	13	55	60060	1704	1872	1872	1704	4
2	13	56	61152	1872	1872	1872	1872	4
2	13	58	63336	936	936	936	936	2
2	13	59	64428	936	936	936	936	2
2	13	61	66612	1872	1872	1872	1872	4
2	13	62	67704	1872	1872	1872	1872	4
2	14	17	19992	0	0	0	0	0
2	14	19	22344	348	1008	1008	348	2
2	14	23	27048	492	1008	1008	492	2
2	14	25	29400	0	0	0	0	0
2	14	29	34104	1008	1008	1008	1008	2
2	14	31	36456	948	1008	1008	948	2
2	14	35	41160	588	1008	1008	588	2
2	14	37	43512	1008	1008	1008	1008	2
2	14	41	48216	636	1008	1008	636	2
2	14	43	50568	708	1008	1008	708	2
2	14	47	55272	1008	1008	1008	1008	2
2	14	49	57624	1008	1008	1008	1008	2
2	14	53	62328	1008	1008	1008	1008	2
2	14	55	64680	1008	1008	1008	1008	2
2	14	59	69384	1728	2016	2016	1728	4
2	14	61	71736	1020	2016	2016	1020	4
2	16	17	22848	1020	1152	1152	1020	2
2	16	19	25536	0	0	0	0	0
2	16	23	30912	228	1152	1152	228	2
2	16	25	33600	300	1152	1152	300	2
2	16	29	38976	0	0	0	0	0
2	16	31	41664	1152	1152	1152	1152	2
2	16	35	47040	996	1152	1152	996	2
2	16	37	49728	1068	1152	1152	1068	2
2	16	41	55104	1152	1152	1152	1152	2
2	16	43	57792	276	1152	1152	276	2
2	16	47	63168	1092	1152	1152	1092	2
2	16	49	65856	1152	1152	1152	1152	2
2	16	53	71232	936	2304	2304	936	4
2	16	55	73920	1152	1152	1152	1152	2
2	16	59	79296	1152	1152	1152	1152	2
2	16	61	81984	1152	1152	1152	1152	2
2	17	19	27132	2712	3162	2562	2202	6
2	17	20	28560	156	1224	1224	156	2
2	17	22	31416	564	1224	1224	564	2
2	17	23	32844	0	0	0	0	0
2	17	25	35700	1008	2448	2448	1008	4
2	17	26	37128	1080	2448	2448	1080	4
2	17	28	39984	0	0	0	0	0
2	17	29	41412	816	1224	1224	816	2
2	17	31	44268	552	1224	1224	552	2
2	17	32	45696	2448	2448	2448	2448	4
2	17	34	48552	0	0	0	0	0
2	17	35	49980	1224	1224	1224	1224	2
2	17	37	52836	264	1224	1224	264	2
2	17	38	54264	3084	3264	2676	2676	6
2	17	40	57120	0	0	0	0	0
2	17	41	58548	912	1224	1224	912	2
2	17	43	61404	0	0	0	0	0
2	17	44	62832	1740	2448	2448	1740	4
2	17	46	65688	1512	1632	1500	696	4
2	17	47	67116	120	1224	1224	120	2
2	17	49	69972	192	1224	294	192	2
2	17	50	71400	1068	1224	1224	1068	2
2	17	52	74256	1140	1224	1224	1140	2
2	17	53	75684	0	0	0	0	0
2	17	55	78540	408	1224	1224	408	2
2	17	56	79968	780	1224	1224	780	2
2	17	58	82824	2244	2448	2448	2244	4
2	17	59	84252	552	1224	1224	552	2
2	17	61	87108	1224	1224	1224	1224	2
2	17	62	88536	492	1224	1224	492	2
2	19	20	31920	2304	2508	2208	2076	4
2	19	22	35112	132	1368	1368	132	2
2	19	23	36708	2184	4104	3702	2184	6
2	19	25	39900	0	0	0	0	0
2	19	26	41496	444	1368	1368	444	2
2	19	28	44688	864	2736	2736	864	4
2	19	29	46284	936	2736	2736	936	4
2	19	31	49476	624	1368	1368	624	2
2	19	32	51072	0	0	0	0	0
2	19	34	54264	2604	2736	2736	2604	4
2	19	35	55860	600	1368	1368	600	2
2	19	37	59052	2736	1938	2736	1938	4
2	19	38	60648	0	0	0	0	0
2	19	40	63840	4104	4104	4104	4104	6
2	19	41	65436	312	1368	1368	312	2
2	19	43	68628	1920	2736	2736	1920	4
2	19	44	70224	0	0	0	0	0
2	19	46	73416	2364	2736	2736	2364	4
2	19	47	75012	1392	2166	2736	822	4
2	19	49	78204	600	1368	1368	600	2
2	19	50	79800	1668	2736	2736	1668	4
2	19	52	82992	1572	2736	2736	1572	4
2	19	53	84588	744	1368	1368	744	2
2	19	55	87780	0	0	0	0	0
2	19	56	89376	1020	1368	1368	1020	2
2	19	58	92568	1092	1368	1368	1092	2
2	19	59	94164	0	0	0	0	0
2	19	61	97356	24	1368	1368	24	2
2	19	62	98952	1932	2736	2736	1932	4
2	20	23	38640	876	600	1380	600	2
2	20	25	42000	780	1440	1440	780	2
2	20	29	48720	420	1440	1440	420	2
2	20	31	52080	492	120	1440	120	2
2	20	35	58800	1140	1440	1440	1140	2
2	20	37	62160	1380	1440	1440	1380	2
2	20	41	68880	2880	2880	2880	2880	4
2	20	43	72240	1092	1440	1440	1092	2
2	20	47	78960	1296	2880	2880	1296	4
2	20	49	82320	2880	2880	2880	2880	4
2	20	53	89040	1884	2760	2880	1764	4
2	20	55	92400	2460	2880	2880	2460	4
2	20	59	99120	2436	2880	2880	2436	4
2	20	61	102480	2508	2280	2880	1908	4
2	22	23	42504	2736	3168	3168	2736	4
2	22	25	46200	852	1452	1584	852	2
2	22	29	53592	660	1584	1584	660	2
2	22	31	57288	732	1584	1584	732	2
2	22	35	64680	876	1584	1584	876	2
2	22	37	68376	948	1584	1584	948	2
2	22	41	75768	1428	1584	1584	1428	2
2	22	43	79464	3168	3168	3168	3168	4
2	22	47	86856	1140	1584	1584	1140	2
2	22	49	90552	2460	3168	3168	2460	4
2	22	53	97944	3168	3168	3168	3168	4
2	22	55	101640	1848	3168	3168	1848	4
2	22	59	109032	3156	3168	3168	3156	4
2	22	61	112728	2016	4752	4752	2016	6
2	23	25	48300	4896	6486	5718	4758	8
2	23	26	50232	84	1656	1656	84	2
2	23	28	54096	1152	3312	3312	1152	4
2	23	29	56028	0	0	0	0	0
2	23	31	59892	1872	3312	3312	1872	4
2	23	32	61824	804	1656	1656	804	2
2	23	34	65688	204	1656	1656	204	2
2	23	35	67620	1152	3312	2706	1152	4
2	23	37	71484	984	1656	1656	984	2
2	23	38	73416	2376	3312	3312	2376	4
2	23	40	77280	924	1656	1200	924	2
2	23	41	79212	2088	3312	3312	2088	4
2	23	43	83076	696	1656	1656	696	2
2	23	44	85008	4968	4968	4968	4968	6
2	23	46	88872	0	0	0	0	0
2	23	47	90804	3312	3312	3312	3312	4
2	23	49	94668	408	1656	1656	408	2
2	23	50	96600	5544	6624	6468	5544	8
2	23	52	100464	852	1656	1656	852	2
2	23	53	102396	1944	3312	3312	1944	4
2	23	55	106260	2736	4968	4962	2736	6
2	23	56	108192	2820	3312	3312	2820	4
2	23	58	112056	1716	3312	3312	1716	4
2	23	59	113988	2424	1794	3312	906	4
2	23	61	117852	1656	1656	1656	1656	2
2	23	62	119784	2028	3312	3312	2028	4
2	25	26	54600	3168	3600	3600	3168	4
2	25	28	58800	60	1800	1800	60	2
2	25	29	60900	3744	7200	7200	3744	8
2	25	31	65100	336	150	1800	150	2
2	25	32	67200	876	1800	1800	876	2
2	25	34	71400	780	1800	1800	780	2
2	25	35	73500	1800	3600	3600	1800	4
2	25	37	77700	1440	3600	3600	1440	4
2	25	38	79800	1512	3000	3600	1284	4
2	25	40	84000	2160	3600	3600	2160	4
2	25	41	86100	1032	1800	1800	1032	2
2	25	43	90300	1368	3600	3600	1368	4
2	25	44	92400	804	1800	1800	804	2
2	25	46	96600	5688	6000	7200	5412	8
2	25	47	98700	744	1800	1800	744	2
2	25	49	102900	3600	3600	3600	3600	4
2	25	50	105000	0	0	0	0	0
2	25	52	109200	7200	7200	7200	7200	8
2	25	53	111300	2256	3450	3600	2106	4
2	25	55	115500	3000	3600	3600	3000	4
2	25	56	117600	732	1800	1800	732	2
2	25	58	121800	3744	5400	5400	3744	6
2	25	59	123900	3312	5400	5400	3312	6
2	25	61	128100	2664	2850	3600	2298	4
2	25	62	130200	1800	1800	1800	1800	2
2	26	29	63336	804	1872	1872	804	2
2	26	31	67704	1584	3744	3744	1584	4
2	26	35	76440	1356	1872	1872	1356	2
2	26	37	80808	420	1872	1872	420	2
2	26	41	89544	564	1872	1872	564	2
2	26	43	93912	1644	1872	1872	1644	2
2	26	47	102648	2736	3744	3744	2736	4
2	26	49	107016	1536	3744	3744	1536	4
2	26	53	115752	3744	3744	3744	3744	4
2	26	55	120120	1236	1872	1872	1236	2
2	26	59	128856	2580	3744	3744	2580	4
2	26	61	133224	3660	3744	3744	3660	4
2	28	29	68208	3600	4032	4032	3600	4
2	28	31	72912	780	2016	2016	780	2
2	28	35	82320	1092	2016	2016	1092	2
2	28	37	87024	1668	2016	2016	1668	2
2	28	41	96432	300	2016	2016	300	2
2	28	43	101136	372	2016	2016	372	2
2	28	47	110544	2016	2016	2016	2016	2
2	28	49	115248	2016	4032	4032	2016	4
2	28	53	124656	1632	4032	4032	1632	4
2	28	55	129360	4032	4032	4032	4032	4
2	28	59	138768	1284	2016	2016	1284	2
2	28	61	143472	3540	4032	4032	3540	4
2	29	31	75516	6624	8352	8352	6624	8
2	29	32	77952	12	2088	2088	12	2
2	29	34	82824	2016	4176	4176	2016	4
2	29	35	85260	0	0	0	0	0
2	29	37	90132	2736	4176	4176	2736	4
2	29	38	92568	732	2088	2088	732	2
2	29	40	97440	636	2088	2088	636	2
2	29	41	99876	2088	2088	2088	2088	2
2	29	43	104748	1656	4176	4176	1656	4
2	29	44	107184	1728	4176	4176	1728	4
2	29	46	112056	2088	2088	2088	2088	2
2	29	47	114492	936	4176	4176	936	4
2	29	49	119364	1128	2088	2088	1128	2
2	29	50	121800	3744	6264	6264	3744	6
2	29	52	126672	564	2088	2088	564	2
2	29	53	129108	3360	4176	4176	3360	4
2	29	55	133980	840	2088	2088	840	2
2	29	56	136416	8352	8352	8352	8352	8
2	29	58	141288	0	0	0	0	0
2	29	59	143724	4176	4176	4176	4176	4
2	29	61	148596	2616	4176	4176	2616	4
2	29	62	151032	7704	8352	8352	7704	8
2	31	32	83328	4032	4464	4464	4032	4
2	31	34	88536	0	0	0	0	0
2	31	35	91140	5496	11160	9138	5496	10
2	31	37	96348	0	0	0	0	0
2	31	38	98952	1440	4464	4464	1440	4
2	31	40	104160	708	2232	2232	708	2
2	31	41	106764	2664	4464	4464	2664	4
2	31	43	111972	2232	2232	2232	2232	2
2	31	44	114576	864	4464	4464	864	4
2	31	46	119784	1512	4464	4464	1512	4
2	31	47	122388	1584	4464	4464	1584	4
2	31	49	127596	1224	4464	4464	1224	4
2	31	50	130200	2232	2232	2232	2232	2
2	31	52	135408	3456	4464	4464	3456	4
2	31	53	138012	1176	2232	2232	1176	2
2	31	55	143220	2664	4464	4464	2664	4
2	31	56	145824	444	2232	2232	444	2
2	31	58	151032	7848	8928	8928	7848	8
2	31	59	153636	3120	2418	2586	1074	4
2	31	61	158844	4464	4464	4464	4464	4
2	31	62	161448	0	0	0	0	0
2	32	35	94080	732	2304	2304	732	2
2	32	37	99456	2448	4608	4608	2448	4
2	32	41	110208	2292	2304	2304	2292	2
2	32	43	115584	852	2304	2304	852	2
2	32	47	126336	492	2304	2304	492	2
2	32	49	131712	624	4608	4608	624	4
2	32	53	142464	1212	2304	2304	1212	2
2	32	55	147840	2304	2304	2304	2304	2
2	32	59	158592	3900	4608	4608	3900	4
2	32	61	163968	1824	4608	4608	1824	4
2	34	35	99960	4464	4896	4896	4464	4
2	34	37	105672	708	2448	2448	708	2
2	34	41	117096	1872	4896	4896	1872	4
2	34	43	122808	2448	2448	2448	2448	2
2	34	47	134232	732	2448	2448	732	2
2	34	49	139944	804	2448	2448	804	2
2	34	53	151368	948	2448	2448	948	2
2	34	55	157080	1020	2448	2448	1020	2
2	34	59	168504	2448	2448	2448	2448	2
2	34	61	174216	3312	4896	4896	3312	4
2	35	37	108780	9768	12600	12600	9768	10
2	35	38	111720	1452	1680	2520	1452	2
2	35	40	117600	2880	5040	5040	2880	4
2	35	41	120540	0	0	0	0	0
2	35	43	126420	3720	7560	7560	3720	6
2	35	44	129360	1152	5040	5040	1152	4
2	35	46	135240	1632	3360	5040	1632	4
2	35	47	138180	2112	2520	2520	2112	2
2	35	49	144060	2520	5040	5040	2520	4
2	35	50	147000	1380	2520	2520	1380	2
2	35	52	152880	3684	7560	7560	3684	6
2	35	53	155820	3792	7350	7560	3792	6
2	35	55	161700	1560	2520	2520	1560	2
2	35	56	164640	3024	5040	5040	3024	4
2	35	58	170520	2508	2520	2520	2508	2
2	35	59	173460	2568	5040	5040	2568	4
2	35	61	179340	2376	3990	5040	2376	4
2	35	62	182280	5604	10080	10080	5604	8
2	37	38	118104	6924	7104	6468	6036	6
2	37	40	124320	1428	2664	2664	1428	2
2	37	41	127428	7776	15984	14550	7776	12
2	37	43	133644	0	0	0	0	0
2	37	44	136752	2304	5328	5328	2304	4
2	37	46	142968	4104	6216	6708	2328	6
2	37	47	146076	3528	5328	5328	3528	4
2	37	49	152292	3168	5328	4134	3168	4
2	37	50	155400	2400	5328	5328	2400	4
2	37	52	161616	1356	2664	2664	1356	2
2	37	53	164724	2448	5328	5328	2448	4
2	37	55	170940	3552	7992	7992	3552	6
2	37	56	174048	3660	7992	7992	3660	6
2	37	58	180264	2808	5328	5328	2808	4
2	37	59	183372	1608	2664	2664	1608	2
2	37	61	189588	3192	5328	5328	3192	4
2	37	62	192696	2388	2664	2664	2388	2
2	38	41	130872	660	2736	2736	660	2
2	38	43	137256	3312	5472	5472	3312	4
2	38	47	150024	5460	4332	4992	4332	4
2	38	49	156408	1284	2736	2736	1284	2
2	38	53	169176	1428	2736	2736	1428	2
2	38	55	175560	1992	5472	5376	1992	4
2	38	59	188328	2280	2964	5472	864	4
2	38	61	194712	1716	2736	2736	1716	2
2	40	41	137760	7572	8640	8640	7572	6
2	40	43	144480	636	2880	2880	636	2
2	40	47	157920	2736	5760	5760	2736	4
2	40	49	164640	5400	5760	5760	5400	4
2	40	53	178080	3168	5520	5760	3168	4
2	40	55	184800	1800	5760	5760	1800	4
2	40	59	198240	1248	5760	5760	1248	4
2	40	61	204960	1392	4560	5760	1392	4
2	41	43	148092	13608	17712	17712	13608	12
2	41	44	151536	1380	2952	2952	1380	2
2	41	46	158424	3744	5904	5904	3744	4
2	41	47	161868	312	1722	2952	312	2
2	41	49	168756	5016	8856	8856	5016	6
2	41	50	172200	4452	8856	8856	4452	6
2	41	52	179088	1500	2952	2952	1500	2
2	41	53	182532	3744	5904	5904	3744	4
2	41	55	189420	3384	5904	5904	3384	4
2	41	56	192864	1608	5904	5904	1608	4
2	41	58	199752	4032	8856	8856	4032	6
2	41	59	203196	3336	5904	5904	3336	4
2	41	61	210084	2304	5904	5904	2304	4
2	41	62	213528	2376	5904	5904	2376	4
2	43	44	158928	8220	9288	9288	8220	6
2	43	46	166152	1356	3096	3096	1356	2
2	43	47	169764	10368	18576	18576	10368	12
2	43	49	176988	120	3096	3096	120	2
2	43	50	180600	3168	6192	6192	3168	4
2	43	52	187824	4548	9288	9288	4548	6
2	43	53	191436	4488	9288	9288	4488	6
2	43	55	198660	4032	6192	6192	4032	4
2	43	56	202272	1752	6192	6192	1752	4
2	43	58	209496	2064	6192	6192	2064	4
2	43	59	213108	3312	6192	6192	3312	4
2	43	61	220332	3096	3096	3096	3096	2
2	43	62	223944	4608	9288	9288	4608	6
2	44	47	173712	588	3168	3168	588	2
2	44	49	181104	4176	6336	6336	4176	4
2	44	53	195888	4968	6336	6336	4968	4
2	44	55	203280	1716	3168	3168	1716	2
2	44	59	218064	3384	6336	6336	3384	4
2	44	61	225456	4092	6336	6336	4092	4
2	46	47	181608	11376	11868	11064	9996	8
2	46	49	189336	564	3312	3312	564	2
2	46	53	204792	3600	6624	6624	3600	4
2	46	55	212520	4752	6624	6624	4752	4
2	46	59	227976	5628	6900	8040	2796	6
2	46	61	235704	4176	6624	6624	4176	4
2	47	49	193452	17976	23688	22362	17976	14
2	47	50	197400	1308	3384	3384	1308	2
2	47	52	205296	4812	10152	10152	4812	6
2	47	53	209244	0	0	0	0	0
2	47	55	217140	6624	13536	13536	6624	8
2	47	56	221088	4740	10152	10152	4740	6
2	47	58	228984	2016	6768	6768	2016	4
2	47	59	232932	4344	6768	6768	4344	4
2	47	61	240828	4248	6768	6768	4248	4
2	47	62	244776	2976	6768	6768	2976	4
2	49	50	205800	12240	14112	14112	12240	8
2	49	52	214032	1284	3528	3528	1284	2
2	49	53	218148	13272	24696	24696	13272	14
2	49	55	226380	0	0	0	0	0
2	49	56	230496	4032	7056	7056	4032	4
2	49	58	238728	4836	10584	10584	4836	6
2	49	59	242844	5784	10584	10584	5784	6
2	49	61	251076	4296	7056	7056	4296	4
2	49	62	255192	1812	3528	3528	1812	2
2	50	53	222600	2544	6900	7200	2544	4
2	50	55	231000	5460	10800	10800	5460	6
2	50	59	247800	4884	10800	10800	4884	6
2	50	61	256200	3084	9300	10800	3084	6
2	52	53	231504	13104	14976	14976	13104	8
2	52	55	240240	2496	7488	7488	2496	4
2	52	59	257712	4464	7488	7488	4464	4
2	52	61	266448	4980	11232	11232	4980	6
2	53	55	244860	23040	30528	30342	23040	16
2	53	56	249312	1236	3816	3816	1236	2
2	53	58	258216	6108	11448	11448	6108	6
2	53	59	262668	672	318	3816	318	2
2	53	61	271572	8352	15264	15264	8352	8
2	53	62	276024	5028	11448	11448	5028	6
2	55	56	258720	13968	15840	15840	13968	8
2	55	58	267960	1212	3960	3960	1212	2
2	55	59	272580	16704	31680	31680	16704	16
2	55	61	281820	480	2310	3960	480	2
2	55	62	286440	4896	7920	7920	4896	4
2	56	59	277536	2400	8064	8064	2400	4
2	56	61	286944	6768	16128	16128	6768	8
2	58	59	287448	14832	16704	16704	14832	8
2	58	61	297192	2352	8352	8352	2352	4
2	59	61	302316	28632	36462	34350	26862	18
2	59	62	307272	1164	4248	4248	1164	2
2	61	62	317688	15696	17568	17568	15696	8
4	5	7	5880	0	0	0	0	0
4	5	8	6720	0	0	0	0	0
4	5	10	8400	0	0	0	0	0
4	5	11	9240	0	0	0	0	0
4	5	13	10920	624	720	720	624	2
4	5	14	11760	720	720	720	720	2
4	5	16	13440	720	120	720	120	2
4	5	17	14280	0	0	0	0	0
4	5	19	15960	0	0	0	0	0
4	5	20	16800	0	0	0	0	0
4	5	22	18480	0	0	0	0	0
4	5	23	19320	0	0	0	0	0
4	5	25	21000	480	720	720	480	2
4	5	26	21840	720	720	720	720	2
4	5	28	23520	720	720	720	720	2
4	5	29	24360	720	720	720	720	2
4	5	31	26040	720	210	720	210	2
4	5	32	26880	0	0	0	0	0
4	5	34	28560	0	0	0	0	0
4	5	35	29400	0	0	0	0	0
4	5	37	31080	336	720	720	336	2
4	5	38	31920	720	720	720	720	2
4	5	40	33600	720	720	720	720	2
4	5	41	34440	720	720	720	720	2
4	5	43	36120	720	720	720	720	2
4	5	44	36960	720	720	720	720	2
4	5	46	38640	720	300	720	300	2
4	5	47	39480	0	0	0	0	0
4	5	49	41160	192	720	720	192	2
4	5	50	42000	600	720	720	600	2
4	5	52	43680	720	720	720	720	2
4	5	53	44520	720	720	720	720	2
4	5	55	46200	720	720	720	720	2
4	5	56	47040	720	720	720	720	2
4	5	58	48720	720	720	720	720	2
4	5	59	49560	720	720	720	720	2
4	5	61	51240	768	1110	1440	438	4
4	5	62	52080	1176	780	1440	516	4
4	7	8	9408	0	0	0	0	0
4	7	10	11760	888	588	1008	588	2
4	7	11	12936	1584	1722	1338	1290	4
4	7	13	15288	0	0	0	0	0
4	7	14	16464	0	0	0	0	0
4	7	16	18816	1008	168	480	168	2
4	7	17	19992	48	1008	510	48	2
4	7	19	22344	0	0	0	0	0
4	7	20	23520	1008	672	1008	672	2
4	7	22	25872	1752	1932	1668	1668	4
4	7	23	27048	816	1008	1008	816	2
4	7	25	29400	0	0	0	0	0
4	7	26	30576	0	0	0	0	0
4	7	28	32928	168	1008	840	168	2
4	7	29	34104	912	42	1008	42	2
4	7	31	36456	1008	1008	1008	1008	2
4	7	32	37632	1008	1008	1008	1008	2
4	7	34	39984	1008	1008	1008	1008	2
4	7	35	41160	672	1008	1008	672	2
4	7	37	43512	0	0	0	0	0
4	7	38	44688	1008	588	1008	588	2
4	7	40	47040	1008	840	1008	840	2
4	7	41	48216	1008	1008	1008	1008	2
4	7	43	50568	2016	1050	2016	1050	4
4	7	44	51744	1992	2016	2016	1992	4
4	7	46	54096	1008	1008	1008	1008	2
4	7	47	55272	528	1008	1008	528	2
4	7	49	57624	2016	1008	2016	1008	4
4	7	50	58800	1416	1932	2016	1332	4
4	7	52	61152	1008	1008	1008	1008	2
4	7	53	62328	1008	1008	1008	1008	2
4	7	55	64680	2016	2016	2016	2016	4
4	7	56	65856	1008	1008	1008	1008	2
4	7	58	68208	984	1008	1008	984	2
4	7	59	69384	1392	1302	2016	678	4
4	7	61	71736	1536	2016	2016	1536	4
4	7	62	72912	1008	1008	1008	1008	2
4	8	11	14784	0	0	0	0	0
4	8	13	17472	0	0	0	0	0
4	8	17	22848	0	0	0	0	0
4	8	19	25536	0	0	0	0	0
4	8	23	30912	0	0	0	0	0
4	8	25	33600	0	0	0	0	0
4	8	29	38976	0	0	0	0	0
4	8	31	41664	0	0	0	0	0
4	8	35	47040	0	0	0	0	0
4	8	37	49728	0	0	0	0	0
4	8	41	55104	0	0	0	0	0
4	8	43	57792	0	0	0	0	0
4	8	47	63168	0	0	0	0	0
4	8	49	65856	0	0	0	0	0
4	8	53	71232	0	0	0	0	0
4	8	55	73920	0	0	0	0	0
4	8	59	79296	0	0	0	0	0
4	8	61	81984	0	0	0	0	0
4	10	11	18480	0	0	0	0	0
4	10	13	21840	312	1440	1092	312	2
4	10	17	28560	0	0	0	0	0
4	10	19	31920	0	0	0	0	0
4	10	23	38640	1440	660	1440	660	2
4	10	25	42000	0	0	0	0	0
4	10	29	48720	1440	1440	1440	1440	2
4	10	31	52080	1440	420	1440	420	2
4	10	35	58800	1440	1440	1440	1440	2
4	10	37	62160	1440	1440	1440	1440	2
4	10	41	68880	984	1440	1440	984	2
4	10	43	72240	1440	1440	1440	1440	2
4	10	47	78960	408	1440	1440	408	2
4	10	49	82320	1440	1440	1440	1440	2
4	10	53	89040	1440	1020	1440	1020	2
4	10	55	92400	1320	1440	1440	1320	2
4	10	59	99120	1440	1440	1440	1440	2
4	10	61	102480	2184	2220	2880	1524	4
4	11	13	24024	1392	1518	1326	1326	2
4	11	14	25872	1128	1584	1584	1128	2
4	11	16	29568	0	0	0	0	0
4	11	17	31416	0	0	0	0	0
4	11	19	35112	2304	3168	3168	2304	4
4	11	20	36960	1584	1056	1584	1056	2
4	11	22	40656	0	0	0	0	0
4	11	23	42504	0	0	0	0	0
4	11	25	46200	240	1584	1584	240	2
4	11	26	48048	3168	3168	3168	3168	4
4	11	28	51744	1464	1584	1584	1464	2
4	11	29	53592	0	0	0	0	0
4	11	31	57288	1344	1584	1584	1344	2
4	11	32	59136	1416	1584	1584	1416	2
4	11	34	62832	1560	132	1584	132	2
4	11	35	64680	1584	1584	1584	1584	2
4	11	37	68376	96	1584	1584	96	2
4	11	38	70224	2424	3168	3168	2424	4
4	11	40	73920	3168	2904	3168	2904	4
4	11	41	75768	0	0	0	0	0
4	11	43	79464	1200	1584	1584	1200	2
4	11	44	81312	528	3168	3168	528	4
4	11	46	85008	1584	1584	1584	1584	2
4	11	47	86856	3168	2442	3168	2442	4
4	11	49	90552	1584	1584	1584	1584	2
4	11	50	92400	1584	1584	1584	1584	2
4	11	52	96096	3168	3168	3168	3168	4
4	11	53	97944	1584	1584	1584	1584	2
4	11	55	101640	1056	1584	1584	1056	2
4	11	56	103488	1584	1584	1584	1584	2
4	11	58	107184	2184	3168	3168	2184	4
4	11	59	109032	3168	3168	3168	3168	4
4	11	61	112728	1584	1584	1584	1584	2
4	11	62	114576	1584	1584	1584	1584	2
4	13	14	30576	0	0	0	0	0
4	13	16	34944	408	312	1872	312	2
4	13	17	37128	3312	3744	3744	3312	4
4	13	19	41496	0	0	0	0	0
4	13	20	43680	0	0	0	0	0
4	13	22	48048	3720	3588	3744	3588	4
4	13	23	50232	912	1872	1872	912	2
4	13	25	54600	0	0	0	0	0
4	13	26	56784	0	0	0	0	0
4	13	28	61152	1872	1872	1872	1872	2
4	13	29	63336	2016	3744	3744	2016	4
4	13	31	67704	0	0	0	0	0
4	13	32	69888	1560	1872	1872	1560	2
4	13	34	74256	3744	3744	3744	3744	4
4	13	35	76440	0	0	0	0	0
4	13	37	80808	1248	1872	1872	1248	2
4	13	38	82992	1320	1092	1872	1092	2
4	13	40	87360	1464	1872	1872	1464	2
4	13	41	89544	1536	1872	1872	1536	2
4	13	43	93912	336	78	1872	78	2
4	13	44	96096	3744	3744	3744	3744	4
4	13	46	100464	2760	3744	3744	2760	4
4	13	47	102648	624	1872	1872	624	2
4	13	49	107016	3648	3354	3744	3354	4
4	13	50	109200	1872	1872	1872	1872	2
4	13	52	113568	624	3744	3744	624	4
4	13	53	115752	1392	1872	1872	1392	2
4	13	55	120120	1872	1872	1872	1872	2
4	13	56	122304	3744	3744	3744	3744	4
4	13	58	126672	1872	1872	1872	1872	2
4	13	59	128856	1872	1872	1872	1872	2
4	13	61	133224	3744	3744	3744	3744	4
4	13	62	135408	1872	1872	1872	1872	2
4	14	17	39984	552	2016	2016	552	2
4	14	19	44688	0	0	0	0	0
4	14	23	54096	0	0	0	0	0
4	14	25	58800	1128	1428	2016	1128	2
4	14	29	68208	0	0	0	0	0
4	14	31	72912	2016	2016	2016	2016	2
4	14	35	82320	1176	1596	2016	1176	2
4	14	37	87024	2016	2016	2016	2016	2
4	14	41	96432	2016	2016	2016	2016	2
4	14	43	101136	2016	2016	2016	2016	2
4	14	47	110544	2016	2016	2016	2016	2
4	14	49	115248	2016	2016	2016	2016	2
4	14	53	124656	2016	2016	2016	2016	2
4	14	55	129360	2880	3948	4032	2880	4
4	14	59	138768	2016	2016	2016	2016	2
4	14	61	143472	3048	4032	4032	3048	4
4	16	17	45696	2040	672	408	408	2
4	16	19	51072	0	0	0	0	0
4	16	23	61824	456	2304	552	456	2
4	16	25	67200	1272	1632	600	600	2
4	16	29	77952	2304	96	696	96	2
4	16	31	83328	0	0	0	0	0
4	16	35	94080	1320	1824	840	840	2
4	16	37	99456	2136	1056	888	888	2
4	16	41	110208	0	0	0	0	0
4	16	43	115584	552	2304	1032	552	2
4	16	47	126336	2184	1248	1128	1128	2
4	16	49	131712	2304	480	1176	480	2
4	16	53	142464	600	2304	1272	600	2
4	16	55	147840	1416	2208	1320	1320	2
4	16	59	158592	2304	672	1416	672	2
4	16	61	163968	0	0	0	0	0
4	17	19	54264	4176	3774	3246	3054	4
4	17	20	57120	312	1632	2448	312	2
4	17	22	62832	1128	2244	924	924	2
4	17	23	65688	0	0	0	0	0
4	17	25	71400	4368	7344	5946	4368	6
4	17	26	74256	4176	4896	4896	4176	4
4	17	28	79968	0	0	0	0	0
4	17	29	82824	0	0	0	0	0
4	17	31	88536	1104	2448	2448	1104	2
4	17	32	91392	2448	2448	2448	2448	2
4	17	34	97104	0	0	0	0	0
4	17	35	99960	2448	510	1470	510	2
4	17	37	105672	2736	4896	4896	2736	4
4	17	38	108528	7344	6324	6492	6324	6
4	17	40	114240	1752	2448	2448	1752	2
4	17	41	117096	2304	4794	4170	2202	4
4	17	43	122808	0	0	0	0	0
4	17	44	125664	3480	4896	4296	3480	4
4	17	46	131376	840	2448	2448	840	2
4	17	47	134232	240	2448	1974	240	2
4	17	49	139944	2064	2448	2448	2064	2
4	17	50	142800	4584	4896	4896	4584	4
4	17	52	148512	4728	4896	4896	4728	4
4	17	53	151368	2352	2448	2448	2352	2
4	17	55	157080	0	0	0	0	0
4	17	56	159936	1560	2448	2448	1560	2
4	17	58	165648	2448	2448	2448	2448	2
4	17	59	168504	1104	2448	2448	1104	2
4	17	61	174216	1920	2448	2448	1920	2
4	17	62	177072	3432	4896	4896	3432	4
4	19	20	63840	2472	1824	1560	1560	2
4	19	22	70224	1872	5244	5472	1872	4
4	19	23	73416	6720	8208	7266	6720	6
4	19	25	79800	0	0	0	0	0
4	19	26	82992	888	2736	2028	888	2
4	19	28	89376	1704	2736	2736	1704	2
4	19	29	92568	1872	5472	4998	1872	4
4	19	31	98952	0	0	0	0	0
4	19	32	102144	0	0	0	0	0
4	19	34	108528	7944	5700	8124	5700	6
4	19	35	111720	3744	5472	5472	3744	4
4	19	37	118104	2736	1254	2736	1254	2
4	19	38	121296	0	0	0	0	0
4	19	40	127680	5472	5016	5472	5016	4
4	19	41	130872	624	2736	2736	624	2
4	19	43	137256	2832	5472	5472	2832	4
4	19	44	140448	1848	2736	2736	1848	2
4	19	46	146832	7464	8208	8208	7464	6
4	19	47	150024	2448	5472	5472	2448	4
4	19	49	156408	1200	2736	2736	1200	2
4	19	50	159600	600	2736	2736	600	2
4	19	52	165984	3144	5472	5472	3144	4
4	19	53	169176	0	0	0	0	0
4	19	55	175560	1968	2736	2736	1968	2
4	19	56	178752	4776	5472	5472	4776	4
4	19	58	185136	4920	5472	5472	4920	4
4	19	59	188328	2256	2736	2736	2256	2
4	19	61	194712	48	2736	2736	48	2
4	19	62	197904	2736	2736	2736	2736	2
4	20	23	77280	2424	1320	2208	1320	2
4	20	25	84000	1560	2880	2400	1560	2
4	20	29	97440	2184	2880	2784	2184	2
4	20	31	104160	2328	840	2880	840	2
4	20	35	117600	2880	3480	5760	1200	4
4	20	37	124320	2880	2880	2880	2880	2
4	20	41	137760	2880	2760	2880	2760	2
4	20	43	144480	4032	3000	5760	1968	4
4	20	47	157920	2472	2880	2880	2472	2
4	20	49	164640	3144	5160	5760	2544	4
4	20	53	178080	3768	4920	5760	2928	4
4	20	55	184800	2880	2880	2880	2880	2
4	20	59	198240	2880	2880	2880	2880	2
4	20	61	204960	5016	4440	5760	3696	4
4	22	23	85008	2904	3168	3036	2904	2
4	22	25	92400	1032	3168	3168	1032	2
4	22	29	107184	1320	3168	3168	1320	2
4	22	31	114576	456	3168	3168	456	2
4	22	35	129360	744	3168	3168	744	2
4	22	37	136752	1896	1452	3168	1452	2
4	22	41	151536	2184	3168	3168	2184	2
4	22	43	158928	3168	3168	3168	3168	2
4	22	47	173712	5448	4884	6336	4884	4
4	22	49	181104	3576	6336	6336	3576	4
4	22	53	195888	6336	6336	6336	6336	4
4	22	55	203280	3696	6336	6336	3696	4
4	22	59	218064	6336	6336	6336	6336	4
4	22	61	225456	3432	6336	6336	3432	4
4	23	25	96600	5904	6624	6624	5904	4
4	23	26	100464	2016	6624	6624	2016	4
4	23	28	108192	1992	3312	3312	1992	2
4	23	29	112056	2400	138	1914	138	2
4	23	31	119784	7488	13248	11982	7488	8
4	23	32	123648	1608	3312	3312	1608	2
4	23	34	131376	408	3312	3312	408	2
4	23	35	135240	480	690	3312	480	2
4	23	37	142968	1968	3312	3312	1968	2
4	23	38	146832	8064	8556	9936	8064	6
4	23	40	154560	3360	6072	5952	2808	4
4	23	41	158424	3840	6486	6018	3840	4
4	23	43	166152	4464	6624	6624	4464	4
4	23	44	170016	6624	6624	6624	6624	4
4	23	46	177744	0	0	0	0	0
4	23	47	181608	3312	3312	3312	3312	2
4	23	49	189336	4128	4002	6546	1506	4
4	23	50	193200	13248	12972	13236	12972	8
4	23	52	200928	2040	3312	3312	2040	2
4	23	53	204792	3120	3312	3312	3120	2
4	23	55	212520	3168	6624	6624	3168	4
4	23	56	216384	5640	6624	6624	5640	4
4	23	58	224112	120	3312	3312	120	2
4	23	59	227976	6048	7590	9936	3702	6
4	23	61	235704	1680	3312	3312	1680	2
4	23	62	239568	7368	9936	9936	7368	6
4	25	26	109200	3336	3600	3600	3336	2
4	25	28	117600	576	7200	6456	576	4
4	25	29	121800	11520	14400	13758	11520	8
4	25	31	130200	2352	1050	3162	1050	2
4	25	32	134400	1752	3600	3600	1752	2
4	25	34	142800	4464	7200	7200	4464	4
4	25	35	147000	3600	7200	7200	3600	4
4	25	37	155400	96	1650	3600	96	2
4	25	38	159600	168	3600	3600	168	2
4	25	40	168000	4320	6600	7200	4320	4
4	25	41	172200	5472	7200	7200	5472	4
4	25	43	180600	4080	7200	7200	4080	4
4	25	44	184800	3552	7200	7200	3552	4
4	25	46	193200	14232	12300	14400	12300	8
4	25	47	197400	1488	3600	3600	1488	2
4	25	49	205800	3600	3600	3600	3600	2
4	25	50	210000	0	0	0	0	0
4	25	52	218400	7200	7200	7200	7200	4
4	25	53	222600	4176	7200	7200	4176	4
4	25	55	231000	3600	3600	3600	3600	2
4	25	56	235200	2136	3600	3600	2136	2
4	25	58	243600	13104	14400	14400	13104	8
4	25	59	247800	3936	7200	7200	3936	4
4	25	61	256200	6912	9150	10800	5262	6
4	25	62	260400	2904	300	3600	300	2
4	26	29	126672	1272	3744	3744	1272	2
4	26	31	135408	2424	3744	3744	2424	2
4	26	35	152880	696	3744	3744	696	2
4	26	37	161616	840	3744	3744	840	2
4	26	41	179088	1248	7332	7488	1248	4
4	26	43	187824	1272	3744	3744	1272	2
4	26	47	205296	3576	3744	3744	3576	2
4	26	49	214032	2736	6708	7488	2736	4
4	26	53	231504	3744	3744	3744	3744	2
4	26	55	240240	6216	7488	7488	6216	4
4	26	59	257712	4488	7488	7488	4488	4
4	26	61	266448	7488	7488	7488	7488	4
4	28	29	136416	3768	4032	4032	3768	2
4	28	31	145824	2904	4032	4032	2904	2
4	28	35	164640	2184	4032	4032	2184	2
4	28	37	174048	4008	4032	4032	4008	2
4	28	41	192864	2880	8064	8064	2880	4
4	28	43	202272	3168	8064	8064	3168	4
4	28	47	221088	4032	4032	4032	4032	2
4	28	49	230496	4032	8064	8064	4032	4
4	28	53	249312	4152	8064	8064	4152	4
4	28	55	258720	4032	4032	4032	4032	2
4	28	59	277536	5472	8064	8064	5472	4
4	28	61	286944	5064	8064	8064	5064	4
4	29	31	151032	7632	8352	8352	7632	4
4	29	32	155904	720	8352	8352	720	4
4	29	34	165648	2856	4176	4176	2856	2
4	29	35	170520	2256	3306	4176	2256	2
4	29	37	180264	10992	20880	16926	10992	10
4	29	38	185136	4608	8352	8352	4608	4
4	29	40	194880	3552	7656	8352	3552	4
4	29	41	199752	0	0	0	0	0
4	29	43	209496	3312	8352	8352	3312	4
4	29	44	214368	3456	8352	8352	3456	4
4	29	46	224112	2712	1740	276	276	2
4	29	47	228984	4560	8352	8352	4560	4
4	29	49	238728	6192	8352	8352	6192	4
4	29	50	243600	13680	16356	16704	13680	8
4	29	52	253344	3936	8352	8352	3936	4
4	29	53	258216	5712	7134	4494	4494	4
4	29	55	267960	4032	8178	8352	4032	4
4	29	56	272832	8352	8352	8352	8352	4
4	29	58	282576	0	0	0	0	0
4	29	59	287448	4176	4176	4176	4176	2
4	29	61	297192	4896	8352	8352	4896	4
4	29	62	302064	20880	17052	17076	17052	10
4	31	32	166656	4200	4464	4464	4200	2
4	31	34	177072	2328	4464	4464	2328	2
4	31	35	182280	17376	21390	19326	16446	10
4	31	37	192696	2208	4464	4464	2208	2
4	31	38	197904	2616	4464	4464	2616	2
4	31	40	208320	3840	8184	6144	3096	4
4	31	41	213528	5328	8928	8928	5328	4
4	31	43	223944	0	0	0	0	0
4	31	44	229152	4080	8928	8928	4080	4
4	31	46	239568	7224	13392	13392	7224	6
4	31	47	244776	7440	13392	13392	7440	6
4	31	49	255192	4800	8928	8928	4800	4
4	31	50	260400	2472	4092	2100	2100	2
4	31	52	270816	6912	8928	8928	6912	4
4	31	53	276024	2352	4464	4464	2352	2
4	31	55	286440	6336	8742	6774	6150	4
4	31	56	291648	4128	8928	8928	4128	4
4	31	58	302064	17856	17856	17856	17856	8
4	31	59	307272	5904	8928	8928	5904	4
4	31	61	317688	4464	4464	4464	4464	2
4	31	62	322896	0	0	0	0	0
4	32	35	188160	3144	4608	4608	3144	2
4	32	37	198912	3288	4608	4608	3288	2
4	32	41	220416	4608	4608	4608	4608	2
4	32	43	231168	2736	9216	9216	2736	4
4	32	47	252672	3336	4608	4608	3336	2
4	32	49	263424	3600	9216	9216	3600	4
4	32	53	284928	4176	9216	9216	4176	4
4	32	55	295680	4608	4608	4608	4608	2
4	32	59	317184	4776	9216	9216	4776	4
4	32	61	327936	4920	9216	9216	4920	4
4	34	35	199920	8928	5916	5316	5052	4
4	34	37	211344	1752	4896	4896	1752	2
4	34	41	234192	3744	9588	5388	3540	4
4	34	43	245616	6072	5100	5412	1380	4
4	34	47	268464	1464	4896	4896	1464	2
4	34	49	279888	2208	8772	5484	1188	4
4	34	53	302736	888	4896	4896	888	2
4	34	55	314160	2064	9792	9792	2064	4
4	34	59	337008	2328	4896	4896	2328	2
4	34	61	348432	4488	4896	4896	4488	2
4	35	37	217560	13200	12390	11190	10470	6
4	35	38	223440	2568	5040	5040	2568	2
4	35	40	235200	5760	9240	6240	4920	4
4	35	41	241080	2112	5040	5040	2112	2
4	35	43	252840	15552	30240	26352	15552	12
4	35	44	258720	4656	10080	10056	4656	4
4	35	46	270480	5616	7140	10080	4236	4
4	35	47	276360	0	0	0	0	0
4	35	49	288120	5040	10080	10080	5040	4
4	35	50	294000	7200	10080	10080	7200	4
4	35	52	305760	5136	10080	10080	5136	4
4	35	53	311640	5280	10080	10080	5280	4
4	35	55	323400	7920	10080	10080	7920	4
4	35	56	329280	6048	10080	10080	6048	4
4	35	58	341040	1992	5040	5040	1992	2
4	35	59	346920	7488	10080	10080	7488	4
4	35	61	358680	7296	12810	15120	5466	6
4	35	62	364560	20280	20580	25200	18420	10
4	37	38	236208	9792	8436	7836	7572	4
4	37	40	248640	5376	9768	10656	5376	4
4	37	41	254856	24624	31746	29346	24402	12
4	37	43	267288	2064	5328	5328	2064	2
4	37	44	273504	4608	10656	8232	4608	4
4	37	46	285936	4896	10656	10656	4896	4
4	37	47	292152	7056	10656	10656	7056	4
4	37	49	304584	816	1110	5328	816	2
4	37	50	310800	6480	10212	10656	6480	4
4	37	52	323232	3408	10656	10656	3408	4
4	37	53	329448	10032	15984	15984	10032	6
4	37	55	341880	5520	10656	10656	5520	4
4	37	56	348096	5640	10656	10656	5640	4
4	37	58	360528	11064	21312	21312	11064	8
4	37	59	366744	4416	6882	10656	4416	4
4	37	61	379176	8016	10656	10656	8016	4
4	37	62	385392	1752	5328	5328	1752	2
4	38	41	261744	1992	5472	5472	1992	2
4	38	43	274512	6624	10944	9084	6624	4
4	38	47	300048	6888	8436	9420	4380	4
4	38	49	312816	2568	5472	5472	2568	2
4	38	53	338352	3696	10944	9924	3696	4
4	38	55	351120	984	5472	5472	984	2
4	38	59	376656	1536	10944	10944	1536	4
4	38	61	389424	1416	5472	5472	1416	2
4	40	41	275520	10656	11280	10680	10416	4
4	40	43	288960	5496	11760	16080	4464	6
4	40	47	315840	5472	11520	11400	5472	4
4	40	49	329280	11496	10320	11520	10320	4
4	40	53	356160	8664	15600	17280	7392	6
4	40	55	369600	8640	11520	11520	8640	4
4	40	59	396480	8616	17280	17280	8616	6
4	40	61	409920	9048	14640	17280	7584	6
4	41	43	296184	15792	17712	17712	15792	6
4	41	44	303072	5856	11808	11808	5856	4
4	41	46	316848	7488	11808	11808	7488	4
4	41	47	323736	1968	5904	5904	1968	2
4	41	49	337512	20736	35424	35424	20736	12
4	41	50	344400	5040	11808	11808	5040	4
4	41	52	358176	3984	11808	11808	3984	4
4	41	53	365064	48	4182	5904	48	2
4	41	55	378840	6768	11808	11808	6768	4
4	41	56	385728	4224	11808	11808	4224	4
4	41	58	399504	7320	11808	11808	7320	4
4	41	59	406392	5904	5904	5904	5904	2
4	41	61	420168	10272	17712	17712	10272	6
4	41	62	427056	10488	17712	17712	10488	6
4	43	44	317856	11520	12384	12384	11520	4
4	43	46	332304	3048	6192	6192	3048	2
4	43	47	339528	32928	40506	37434	30090	14
4	43	49	353976	1920	6192	6192	1920	2
4	43	50	361200	6336	12384	12384	6336	4
4	43	52	375648	6288	12384	12384	6288	4
4	43	53	382872	8976	18576	18576	8976	6
4	43	55	397320	0	0	0	0	0
4	43	56	404544	4512	12384	12384	4512	4
4	43	58	418992	7488	12384	12384	7488	4
4	43	59	426216	13248	24768	24768	13248	8
4	43	61	440664	6192	6192	6192	6192	2
4	43	62	447888	7368	12384	12384	7368	4
4	44	47	347424	5880	16104	19008	5880	6
4	44	49	362208	8352	12672	12672	8352	4
4	44	53	391776	11952	12672	12672	11952	4
4	44	55	406560	6864	12408	12672	6864	4
4	44	59	436128	10800	12672	12672	10800	4
4	44	61	450912	10368	19008	19008	10368	6
4	46	47	363216	12384	13248	13248	12384	4
4	46	49	378672	9096	13248	16188	4980	6
4	46	53	409584	7200	13248	13248	7200	4
4	46	55	425040	11064	19596	16548	10788	6
4	46	59	455952	9816	8556	10164	5124	4
4	46	61	471408	6672	13248	13248	6672	4
4	47	49	386904	23616	25662	24126	22206	8
4	47	50	394800	3288	6768	6768	3288	2
4	47	52	410592	9216	13536	13536	9216	4
4	47	53	418488	1824	6768	6768	1824	2
4	47	55	434280	26544	47376	44898	26544	14
4	47	56	442176	7104	13536	13536	7104	4
4	47	58	457968	6216	20304	20304	6216	6
4	47	59	465864	0	0	0	0	0
4	47	61	481656	8496	13536	13536	8496	4
4	47	62	489552	7632	13536	13536	7632	4
4	49	50	411600	13248	14112	14112	13248	4
4	49	52	428064	6816	14112	14112	6816	4
4	49	53	436296	42624	54390	49968	40566	16
4	49	55	452760	1776	7056	7056	1776	2
4	49	56	460992	8064	14112	14112	8064	4
4	49	58	477456	5328	14112	14112	5328	4
4	49	59	485688	11568	21168	21168	11568	6
4	49	61	502152	0	0	0	0	0
4	49	62	510384	13968	14700	15972	7500	6
4	50	53	445200	9480	19500	21396	8844	6
4	50	55	462000	10080	14400	14400	10080	4
4	50	59	495600	12120	21600	21600	12120	6
4	50	61	512400	9528	18300	21600	8796	6
4	52	53	463008	14112	14976	14976	14112	4
4	52	55	480480	6648	22464	22464	6648	6
4	52	59	515424	8928	14976	14976	8928	4
4	52	61	532896	12240	14976	14976	12240	4
4	53	55	489720	27072	30528	30528	27072	8
4	53	56	498624	7296	15264	15264	7296	4
4	53	58	516432	10944	15264	15264	10944	4
4	53	59	525336	6384	9858	13650	3906	4
4	53	61	543144	33408	61056	59646	33408	16
4	53	62	552048	5472	15264	15264	5472	4
4	55	56	517440	14976	15840	15840	14976	4
4	55	58	535920	4512	15840	15840	4512	4
4	55	59	545160	49536	63360	63360	49536	16
4	55	61	563640	6288	12210	15840	5922	4
4	55	62	572880	10824	16500	23760	10452	6
4	56	59	555072	7032	24192	24192	7032	6
4	56	61	573888	11808	16128	16128	11808	4
4	58	59	574896	15840	16704	16704	15840	4
4	58	61	594384	10248	25056	25056	10248	6
4	59	61	604632	30528	33984	33984	30528	8
4	59	62	614544	12024	17700	19596	5700	6
4	61	62	635376	16704	17568	17568	16704	4
5	7	8	11760	0	0	0	0	0
5	7	10	14700	0	0	0	0	0
5	7	11	16170	0	0	0	0	0
5	7	13	19110	120	1260	1260	120	2
5	7	14	20580	0	0	0	0	0
5	7	16	23520	0	0	0	0	0
5	7	17	24990	1740	2520	2076	1740	4
5	7	19	27930	2520	1932	2172	1932	4
5	7	20	29400	1260	210	960	210	2
5	7	22	32340	0	0	0	0	0
5	7	23	33810	1260	1176	1260	1176	2
5	7	25	36750	1260	840	1260	840	2
5	7	26	38220	0	0	0	0	0
5	7	28	41160	210	1260	1260	210	2
5	7	29	42630	1260	168	1260	168	2
5	7	31	45570	0	0	0	0	0
5	7	32	47040	1260	1260	1260	1260	2
5	7	34	49980	1590	2520	2520	1590	4
5	7	35	51450	840	1260	1260	840	2
5	7	37	54390	1260	1176	1260	1176	2
5	7	38	55860	2520	1974	2520	1974	4
5	7	40	58800	1260	1260	1260	1260	2
5	7	41	60270	0	0	0	0	0
5	7	43	63210	300	1260	1260	300	2
5	7	44	64680	1260	1260	1260	1260	2
5	7	46	67620	1260	1260	1260	1260	2
5	7	47	69090	1260	1260	1260	1260	2
5	7	49	72030	1260	1260	1260	1260	2
5	7	50	73500	1260	1050	1260	1050	2
5	7	52	76440	1950	1974	2520	1404	4
5	7	53	77910	2460	2520	2520	2460	4
5	7	55	80850	2520	2520	2520	2520	4
5	7	56	82320	2520	1260	2520	1260	4
5	7	58	85260	1650	1554	2520	684	4
5	7	59	86730	1260	1260	1260	1260	2
5	7	61	89670	1260	1260	1260	1260	2
5	7	62	91140	1260	1260	1260	1260	2
5	8	10	16800	0	0	0	0	0
5	8	11	18480	1290	960	1440	960	2
5	8	13	21840	2490	2688	2298	2298	4
5	8	14	23520	300	1440	924	300	2
5	8	16	26880	0	0	0	0	0
5	8	17	28560	150	1440	1440	150	2
5	8	19	31920	0	0	0	0	0
5	8	20	33600	840	240	1440	240	2
5	8	22	36960	1440	1200	1440	1200	2
5	8	23	38640	0	0	0	0	0
5	8	25	42000	1440	960	1440	960	2
5	8	26	43680	2820	2880	2880	2820	4
5	8	28	47040	1440	1440	1440	1440	2
5	8	29	48720	0	0	0	0	0
5	8	31	52080	1410	480	1440	480	2
5	8	32	53760	240	1440	1440	240	2
5	8	34	57120	0	0	0	0	0
5	8	35	58800	1440	1440	1440	1440	2
5	8	37	62160	2880	2112	2880	2112	4
5	8	38	63840	1440	1440	1440	1440	2
5	8	40	67200	960	1440	1440	960	2
5	8	41	68880	1650	2880	2880	1650	4
5	8	43	72240	1440	1440	1440	1440	2
5	8	44	73920	1440	1440	1440	1440	2
5	8	46	77280	1440	1440	1440	1440	2
5	8	47	78960	330	1440	1440	330	2
5	8	49	82320	1440	384	1440	384	2
5	8	50	84000	2880	2640	2880	2640	4
5	8	52	87360	2880	2880	2880	2880	4
5	8	53	89040	2730	2400	2880	2250	4
5	8	55	92400	1440	1440	1440	1440	2
5	8	56	94080	1440	1440	1440	1440	2
5	8	58	97440	1440	1440	1440	1440	2
5	8	59	99120	1440	1440	1440	1440	2
5	8	61	102480	2880	1536	2880	1536	4
5	8	62	104160	3300	2592	4320	1572	6
5	10	11	23100	0	0	0	0	0
5	10	13	27300	0	0	0	0	0
5	10	14	29400	0	0	0	0	0
5	10	16	33600	0	0	0	0	0
5	10	17	35700	0	0	0	0	0
5	10	19	39900	0	0	0	0	0
5	10	22	46200	0	0	0	0	0
5	10	23	48300	0	0	0	0	0
5	10	26	54600	0	0	0	0	0
5	10	28	58800	0	0	0	0	0
5	10	29	60900	0	0	0	0	0
5	10	31	65100	0	0	0	0	0
5	10	32	67200	0	0	0	0	0
5	10	34	71400	0	0	0	0	0
5	10	37	77700	0	0	0	0	0
5	10	38	79800	0	0	0	0	0
5	10	41	86100	0	0	0	0	0
5	10	43	90300	0	0	0	0	0
5	10	44	92400	0	0	0	0	0
5	10	46	96600	0	0	0	0	0
5	10	47	98700	0	0	0	0	0
5	10	49	102900	0	0	0	0	0
5	10	52	109200	0	0	0	0	0
5	10	53	111300	0	0	0	0	0
5	10	56	117600	0	0	0	0	0
5	10	58	121800	0	0	0	0	0
5	10	59	123900	0	0	0	0	0
5	10	61	128100	0	0	0	0	0
5	10	62	130200	0	0	0	0	0
5	11	13	30030	0	0	0	0	0
5	11	14	32340	150	1980	1980	150	2
5	11	16	36960	3570	3960	3900	3570	4
5	11	17	39270	3660	2640	3960	2640	4
5	11	19	43890	600	1056	1980	600	2
5	11	20	46200	0	0	0	0	0
5	11	22	50820	0	0	0	0	0
5	11	23	53130	120	1980	1980	120	2
5	11	25	57750	1980	1320	1980	1320	2
5	11	26	60060	0	0	0	0	0
5	11	28	64680	0	0	0	0	0
5	11	29	66990	240	1980	1980	240	2
5	11	31	71610	2400	3960	3960	2400	4
5	11	32	73920	3960	3960	3960	3960	4
5	11	34	78540	3960	2310	3960	2310	4
5	11	35	80850	1980	1980	1980	1980	2
5	11	37	85470	960	1848	1980	960	2
5	11	38	87780	210	1122	1980	210	2
5	11	40	92400	1980	1980	1980	1980	2
5	11	41	94710	1980	1980	1980	1980	2
5	11	43	99330	0	0	0	0	0
5	11	44	101640	330	1980	1980	330	2
5	11	46	106260	1980	1980	1980	1980	2
5	11	47	108570	3000	3960	3960	3000	4
5	11	49	113190	3960	3960	3960	3960	4
5	11	50	115500	3960	3630	3960	3630	4
5	11	52	120120	1980	1980	1980	1980	2
5	11	53	122430	1980	1980	1980	1980	2
5	11	55	127050	2640	3960	3960	2640	4
5	11	56	129360	2550	3894	3960	2550	4
5	11	58	133980	1980	1980	1980	1980	2
5	11	59	136290	2400	2640	3960	1080	4
5	11	61	140910	1980	1980	1980	1980	2
5	11	62	143220	1980	1980	1980	1980	2
5	13	14	38220	0	0	0	0	0
5	13	16	43680	2700	2886	4680	2316	4
5	13	17	46410	0	0	0	0	0
5	13	19	51870	780	2340	2340	780	2
5	13	20	54600	870	390	2340	390	2
5	13	22	60060	210	2340	2340	210	2
5	13	23	62790	3900	4680	4680	3900	4
5	13	25	68250	60	1560	2340	60	2
5	13	26	70980	0	0	0	0	0
5	13	28	76440	750	78	2340	78	2
5	13	29	79170	0	0	0	0	0
5	13	31	84630	4680	4680	4680	4680	4
5	13	32	87360	2340	2340	2340	2340	2
5	13	34	92820	0	0	0	0	0
5	13	35	95550	2340	2340	2340	2340	2
5	13	37	101010	300	2340	2340	300	2
5	13	38	103740	2730	4680	4680	2730	4
5	13	40	109200	2340	2340	2340	2340	2
5	13	41	111930	660	2340	2340	660	2
5	13	43	117390	2340	2340	2340	2340	2
5	13	44	120120	0	0	0	0	0
5	13	46	125580	4290	4680	4680	4290	4
5	13	47	128310	4680	4680	4680	4680	4
5	13	49	133770	960	2340	2340	960	2
5	13	50	136500	2340	2340	2340	2340	2
5	13	52	141960	390	2340	2340	390	2
5	13	53	144690	2340	2340	2340	2340	2
5	13	55	150150	4680	4680	4680	4680	4
5	13	56	152880	2340	2340	2340	2340	2
5	13	58	158340	2340	2340	2340	2340	2
5	13	59	161070	2340	2340	2340	2340	2
5	13	61	166530	3120	4680	4680	3120	4
5	13	62	169260	4680	4680	4680	4680	4
5	14	16	47040	0	0	0	0	0
5	14	17	49980	1110	2520	2520	1110	2
5	14	19	55860	5940	6384	5154	4764	6
5	14	20	58800	2220	420	120	120	2
5	14	22	64680	0	0	0	0	0
5	14	23	67620	5010	4872	5040	4872	4
5	14	25	73500	1830	1680	2520	1680	2
5	14	26	76440	240	2520	2520	240	2
5	14	28	82320	0	0	0	0	0
5	14	29	85260	510	336	2520	336	2
5	14	31	91140	1950	2520	2520	1950	2
5	14	32	94080	0	0	0	0	0
5	14	34	99960	3480	5040	5040	3480	4
5	14	35	102900	1470	2520	2520	1470	2
5	14	37	108780	390	2352	222	222	2
5	14	38	111720	6360	6468	5268	5268	6
5	14	40	117600	2520	2520	2520	2520	2
5	14	41	120540	330	2520	2520	330	2
5	14	43	126420	510	2520	2520	510	2
5	14	44	129360	2520	2520	2520	2520	2
5	14	46	135240	5040	5040	5040	5040	4
5	14	47	138180	30	2520	2520	30	2
5	14	49	144060	2520	2520	2520	2520	2
5	14	50	147000	4920	4620	5040	4620	4
5	14	52	152880	1740	1428	2520	1428	2
5	14	53	155820	4350	5040	5040	4350	4
5	14	55	161700	2520	2520	2520	2520	2
5	14	56	164640	1260	5040	5376	840	6
5	14	58	170520	4800	3108	2868	2868	4
5	14	59	173460	2520	2520	2520	2520	2
5	14	61	179340	5040	5040	5040	5040	4
5	14	62	182280	2520	2520	2520	2520	2
5	16	17	57120	0	0	0	0	0
5	16	19	63840	210	2880	2880	210	2
5	16	20	67200	0	0	0	0	0
5	16	22	73920	4320	5280	5760	4320	4
5	16	23	77280	0	0	0	0	0
5	16	25	84000	2010	1920	1050	1050	2
5	16	26	87360	5400	8640	6852	5400	6
5	16	28	94080	600	2880	2880	600	2
5	16	29	97440	1110	2880	2880	1110	2
5	16	31	104160	30	960	2880	30	2
5	16	32	107520	0	0	0	0	0
5	16	34	114240	300	2880	2880	300	2
5	16	35	117600	2880	2880	2880	2880	2
5	16	37	124320	8640	7104	7314	7104	6
5	16	38	127680	1500	2880	1596	1500	2
5	16	40	134400	1680	2880	2880	1680	2
5	16	41	137760	3810	5760	5760	3810	4
5	16	43	144480	0	0	0	0	0
5	16	44	147840	4920	5760	5760	4920	4
5	16	46	154560	2880	2880	2880	2880	2
5	16	47	157920	210	2880	2880	210	2
5	16	49	164640	3270	3648	4938	1158	4
5	16	50	168000	5460	5280	4980	4980	4
5	16	52	174720	5640	5760	5760	5640	4
5	16	53	178080	330	1920	2880	330	2
5	16	55	184800	5070	5760	5760	5070	4
5	16	56	188160	2880	2880	2880	2880	2
5	16	58	194880	780	2880	2880	780	2
5	16	59	198240	5760	5760	5760	5760	4
5	16	61	204960	5760	3072	5442	3072	4
5	16	62	208320	5700	4704	5484	4644	4
5	17	19	67830	0	0	0	0	0
5	17	20	71400	2910	510	1200	510	2
5	17	22	78540	7560	8670	7440	7050	6
5	17	23	82110	240	3060	3060	240	2
5	17	25	89250	840	2040	3060	840	2
5	17	26	92820	930	3060	3060	930	2
5	17	28	99960	690	3060	3060	690	2
5	17	29	103530	6120	6120	6120	6120	4
5	17	31	110670	3060	1020	1860	1020	2
5	17	32	114240	0	0	0	0	0
5	17	34	121380	0	0	0	0	0
5	17	35	124950	540	6120	5160	540	4
5	17	37	132090	4560	6120	6120	4560	4
5	17	38	135660	330	3060	3060	330	2
5	17	40	142800	3060	3060	3060	3060	2
5	17	41	146370	0	0	0	0	0
5	17	43	153510	4260	6120	6120	4260	4
5	17	44	157080	8250	9180	8760	8250	6
5	17	46	164220	210	3060	2760	210	2
5	17	47	167790	3060	3060	3060	3060	2
5	17	49	174930	60	3060	3060	60	2
5	17	50	178500	3210	5610	6120	3210	4
5	17	52	185640	3390	6120	6120	3390	4
5	17	53	189210	3480	5100	6120	2460	4
5	17	55	196350	5340	6120	6120	5340	4
5	17	56	199920	0	0	0	0	0
5	17	58	207060	6120	6120	6120	6120	4
5	17	59	210630	5700	6120	6120	5700	4
5	17	61	217770	1560	3060	3060	1560	2
5	17	62	221340	6120	3570	6120	3570	4
5	19	20	79800	3090	570	240	240	2
5	19	22	87780	1590	3420	3420	1590	2
5	19	23	91770	2100	1596	276	276	2
5	19	25	99750	3420	2280	2400	2280	2
5	19	26	103740	1110	2622	312	312	2
5	19	28	111720	5940	6840	6840	5940	4
5	19	29	115710	7140	13680	9972	7140	8
5	19	31	123690	300	3420	3420	300	2
5	19	32	127680	3420	1482	3072	1482	2
5	19	34	135660	0	0	0	0	0
5	19	35	139650	2760	3420	3420	2760	2
5	19	37	147630	420	3420	3420	420	2
5	19	38	151620	0	0	0	0	0
5	19	40	159600	690	3420	3420	690	2
5	19	41	163590	2460	3420	3420	2460	2
5	19	43	171570	13680	10716	10776	10716	8
5	19	44	175560	4890	6840	6840	4890	4
5	19	46	183540	2880	4902	3972	942	4
5	19	47	187530	1320	3420	3420	1320	2
5	19	49	195510	4680	5928	4008	3768	4
5	19	50	199500	6840	6270	6840	6270	4
5	19	52	207480	510	3420	624	510	2
5	19	53	211470	0	0	0	0	0
5	19	55	219450	3300	3420	3420	3300	2
5	19	56	223440	6810	6840	6840	6810	4
5	19	58	231420	7050	10260	10260	7050	6
5	19	59	235410	3720	6840	6840	3720	4
5	19	61	243390	3900	6840	6840	3900	4
5	19	62	247380	150	3420	3420	150	2
5	20	22	92400	2940	1320	660	660	2
5	20	23	96600	930	3360	690	690	2
5	20	26	109200	0	0	0	0	0
5	20	28	117600	960	3480	840	840	2
5	20	29	121800	3600	480	870	480	2
5	20	31	130200	0	0	0	0	0
5	20	32	134400	3000	1560	960	960	2
5	20	34	142800	3600	600	1020	600	2
5	20	37	155400	3030	1680	1110	1110	2
5	20	38	159600	1020	3600	1140	1020	2
5	20	41	172200	30	3600	1230	30	2
5	20	43	180600	1050	3600	1290	1050	2
5	20	44	184800	3600	840	1320	840	2
5	20	46	193200	60	3600	1380	60	2
5	20	47	197400	3090	1920	1410	1410	2
5	20	49	205800	3600	960	1470	960	2
5	20	52	218400	3120	2040	1560	1560	2
5	20	53	222600	1110	3600	1590	1110	2
5	20	56	235200	3720	3720	3360	240	4
5	20	58	243600	1140	3600	1740	1140	2
5	20	59	247800	3600	1200	1770	1200	2
5	20	61	256200	3750	3840	3660	390	4
5	20	62	260400	3180	2280	1860	1860	2
5	22	23	106260	3630	1848	1518	1518	2
5	22	25	115500	3390	2640	3750	2640	2
5	22	26	120120	2640	3036	1716	1716	2
5	22	28	129360	300	3960	3960	300	2
5	22	29	133980	1650	3960	1914	1650	2
5	22	31	143220	1410	3960	3960	1410	2
5	22	32	147840	9300	15840	13992	9300	8
5	22	34	157080	9000	8580	11880	7980	6
5	22	35	161700	1770	3960	3960	1770	2
5	22	37	170940	0	0	0	0	0
5	22	38	175560	1200	3960	3960	1200	2
5	22	40	184800	1380	3960	3960	1380	2
5	22	41	189420	3960	3960	3960	3960	2
5	22	43	198660	4350	4488	6798	918	4
5	22	44	203280	0	0	0	0	0
5	22	46	212520	4200	5676	6996	1956	4
5	22	47	217140	5970	7920	7920	5970	4
5	22	49	226380	15840	14784	15114	14784	8
5	22	50	231000	7920	7260	7920	7260	4
5	22	52	240240	5760	7920	7392	5760	4
5	22	53	244860	4680	7920	7920	4680	4
5	22	55	254100	4620	7920	7590	4620	4
5	22	56	258720	1140	3960	3960	1140	2
5	22	58	267960	5760	11880	11748	5760	6
5	22	59	272580	3090	1320	3960	1320	2
5	22	61	281820	330	3960	3960	330	2
5	22	62	286440	4800	7920	7920	4800	4
5	23	25	120750	3480	2760	2100	2100	2
5	23	26	125580	3780	8280	8280	3780	4
5	23	28	135240	13290	16422	14772	13152	8
5	23	29	140070	1740	4140	4140	1740	2
5	23	31	149730	1500	4140	2604	1500	2
5	23	32	154560	330	4140	4140	330	2
5	23	34	164220	3540	6762	6996	3132	4
5	23	35	169050	3120	4140	4140	3120	2
5	23	37	178710	780	4140	4140	780	2
5	23	38	183540	0	0	0	0	0
5	23	40	193200	2730	4140	4140	2730	2
5	23	41	198030	12360	11868	12420	11868	6
5	23	43	207690	6720	8280	8280	6720	4
5	23	44	212520	4710	5106	7836	1536	4
5	23	46	222180	0	0	0	0	0
5	23	47	227010	5400	6624	12228	2904	6
5	23	49	236670	3540	4140	4140	3540	2
5	23	50	241500	5250	7590	8280	4560	4
5	23	52	251160	3420	8280	8280	3420	4
5	23	53	255990	6120	8280	8280	6120	4
5	23	55	265650	8280	8280	8280	8280	4
5	23	56	270480	14940	16560	16560	14940	8
5	23	58	280140	5550	8280	8280	5550	4
5	23	59	284970	1920	4140	4140	1920	2
5	23	61	294630	2940	2208	4140	2208	2
5	23	62	299460	5580	12420	12420	5580	6
5	25	26	136500	4170	3450	3120	3120	2
5	25	28	147000	3240	4650	6720	1560	4
5	25	29	152250	3180	4500	3480	3180	2
5	25	31	162750	3780	6000	7440	1920	4
5	25	32	168000	2190	4500	3840	2190	2
5	25	34	178500	4500	2850	4080	2850	2
5	25	37	194250	4500	4200	4440	4200	2
5	25	38	199500	4710	7050	9000	2760	4
5	25	41	215250	4500	3900	4500	3900	2
5	25	43	225750	5940	5100	9000	3360	4
5	25	44	231000	4500	4500	4500	4500	2
5	25	46	241500	6270	6450	9000	3720	4
5	25	47	246750	6660	4800	9000	3840	4
5	25	49	257250	5280	7800	9000	4080	4
5	25	52	273000	4500	4500	4500	4500	2
5	25	53	278250	6060	7500	9000	4560	4
5	25	56	294000	5070	8850	9000	4920	4
5	25	58	304500	8610	5550	9000	5160	4
5	25	59	309750	4500	4500	4500	4500	2
5	25	61	320250	7620	6900	9000	5520	4
5	25	62	325500	8970	5250	9000	5250	4
5	26	28	152880	4020	4524	3864	3864	2
5	26	29	158340	330	4680	4680	330	2
5	26	31	169260	15450	18720	18318	15450	8
5	26	32	174720	5400	9360	9360	5400	4
5	26	34	185640	2040	4680	4680	2040	2
5	26	35	191100	4650	4680	4680	4650	2
5	26	37	202020	1050	4680	4680	1050	2
5	26	38	207480	1560	4680	4680	1560	2
5	26	40	218400	1800	9360	9360	1800	4
5	26	41	223860	0	0	0	0	0
5	26	43	234780	4680	4680	4680	4680	2
5	26	44	240240	3360	5772	9360	1512	4
5	26	46	251160	7800	9360	9360	7800	4
5	26	47	256620	18510	16536	18720	16536	8
5	26	49	267540	2130	4680	4680	2130	2
5	26	50	273000	5760	13260	14040	4980	6
5	26	52	283920	0	0	0	0	0
5	26	53	289380	5070	9360	9360	5070	4
5	26	55	300300	8610	9360	9360	8610	4
5	26	56	305760	6180	9360	9360	6180	4
5	26	58	316680	3360	4680	4680	3360	2
5	26	59	322140	8640	14040	14040	8640	6
5	26	61	333060	6630	9360	9360	6630	4
5	26	62	338520	17640	18720	18720	17640	8
5	28	29	170520	4710	5040	5040	4710	2
5	28	31	182280	4320	10080	10080	4320	4
5	28	32	188160	3720	5040	5040	3720	2
5	28	34	199920	2220	5040	5040	2220	2
5	28	35	205800	2730	5040	5040	2730	2
5	28	37	217560	3300	7392	5262	612	4
5	28	38	223440	13680	25200	20388	13680	10
5	28	40	235200	4440	5040	5040	4440	2
5	28	41	241080	750	5040	5040	750	2
5	28	43	252840	930	672	5040	672	2
5	28	44	258720	4800	5040	5040	4800	2
5	28	46	270480	15780	17304	20160	15504	8
5	28	47	276360	1290	5040	5040	1290	2
5	28	49	288120	9030	10080	10374	5040	6
5	28	50	294000	5100	13440	10380	4260	6
5	28	52	305760	5520	10080	10080	5520	4
5	28	53	311640	8130	10080	10080	8130	4
5	28	55	323400	6120	15120	15120	6120	6
5	28	56	329280	0	0	0	0	0
5	28	58	341040	6060	10080	10080	6060	4
5	28	59	346920	4470	5040	5040	4470	2
5	28	61	358680	25200	20496	20526	20496	10
5	28	62	364560	6120	8232	5412	4272	4
5	29	31	188790	4560	5220	5220	4560	2
5	29	32	194880	2550	5220	5220	2550	2
5	29	34	207060	20340	24186	21696	18426	10
5	29	35	213150	5220	5220	5220	5220	2
5	29	37	225330	3900	10092	10440	3900	4
5	29	38	231420	7020	10440	10440	7020	4
5	29	40	243600	2340	10440	10440	2340	4
5	29	41	249690	2100	9744	6204	1404	4
5	29	43	261870	600	5220	5220	600	2
5	29	44	267960	690	1218	5220	690	2
5	29	46	280140	870	5220	5220	870	2
5	29	47	286230	8820	8352	11568	3948	6
5	29	49	298410	9180	15660	15660	9180	6
5	29	50	304500	6240	9570	10440	6240	4
5	29	52	316680	5220	5220	5220	5220	2
5	29	53	322770	20880	20880	20880	20880	8
5	29	55	334950	6300	10440	10440	6300	4
5	29	56	341040	5730	10440	10440	5730	4
5	29	58	353220	0	0	0	0	0
5	29	59	359310	6000	10440	10440	6000	4
5	29	61	371490	7380	8004	6684	4944	4
5	29	62	377580	5430	10440	10440	5430	4
5	31	32	208320	5250	5580	5580	5250	2
5	31	34	221340	5400	6510	7620	1320	4
5	31	35	227850	4260	5580	5580	4260	2
5	31	37	240870	5940	11160	11160	5940	4
5	31	38	247380	4020	11160	11160	4020	4
5	31	40	260400	5580	5580	5580	5580	2
5	31	41	266910	16380	27900	24780	16380	10
5	31	43	279930	2040	5580	5580	2040	2
5	31	44	286440	1320	11160	11160	1320	4
5	31	46	299460	210	2418	5580	210	2
5	31	47	305970	300	5580	5580	300	2
5	31	49	318990	2220	9672	11160	2220	4
5	31	50	325500	6600	10230	8580	5670	4
5	31	52	338520	18540	22320	22320	18540	8
5	31	53	345030	5580	5580	5580	5580	2
5	31	55	358050	7080	11160	11160	7080	4
5	31	56	364560	9210	11160	11160	9210	4
5	31	58	377580	9000	16740	14640	9000	6
5	31	59	384090	8220	7440	9120	4500	4
5	31	61	397110	5880	11160	11160	5880	4
5	31	62	403620	0	0	0	0	0
5	32	34	228480	5100	5760	5760	5100	2
5	32	35	235200	4350	5760	5760	4350	2
5	32	37	248640	23040	28416	25926	22656	10
5	32	38	255360	5880	9024	8724	3384	4
5	32	40	268800	3120	5760	5760	3120	2
5	32	41	275520	2370	5760	5760	2370	2
5	32	43	288960	2130	5760	5760	2130	2
5	32	44	295680	8760	17280	17280	8760	6
5	32	46	309120	4800	11520	11520	4800	4
5	32	47	315840	0	0	0	0	0
5	32	49	329280	150	5760	5760	150	2
5	32	50	336000	5520	10560	11520	5520	4
5	32	52	349440	10800	17280	17280	10800	6
5	32	53	356160	3540	11520	11520	3540	4
5	32	55	369600	6000	11520	10050	6000	4
5	32	56	376320	10320	17088	15888	10128	6
5	32	58	389760	7980	7104	10284	3564	4
5	32	59	396480	23040	23040	23040	23040	8
5	32	61	409920	5760	5760	5760	5760	2
5	32	62	416640	5820	11520	11520	5820	4
5	34	35	249900	5790	6120	6120	5790	2
5	34	37	264180	3030	6120	6120	3030	2
5	34	38	271320	4800	6120	6120	4800	2
5	34	40	285600	5820	6120	6120	5820	2
5	34	41	292740	3810	6120	6120	3810	2
5	34	43	307020	7560	12240	12240	7560	4
5	34	44	314160	19380	36720	30816	19380	12
5	34	46	328440	3480	12240	11364	3480	4
5	34	47	335580	4920	12240	12240	4920	4
5	34	49	349860	0	0	0	0	0
5	34	50	357000	8640	17340	17940	7620	6
5	34	52	371280	9000	15708	18168	6348	6
5	34	53	378420	3630	4080	1590	1590	2
5	34	55	392700	6360	12240	12240	6360	4
5	34	56	399840	5280	6324	12240	1584	4
5	34	58	414120	21240	24480	24480	21240	8
5	34	59	421260	10290	12240	12240	10290	4
5	34	61	435540	6180	12240	12240	6180	4
5	34	62	442680	12240	7140	7980	7140	4
5	35	37	271950	5640	6300	6300	5640	2
5	35	38	279300	4320	12600	12600	4320	4
5	35	41	301350	4860	12600	12600	4860	4
5	35	43	316050	5220	12600	12600	5220	4
5	35	44	323400	5400	12600	12600	5400	4
5	35	46	338100	5760	12600	12600	5760	4
5	35	47	345450	6300	6300	6300	6300	2
5	35	49	360150	6300	12600	12600	6300	4
5	35	52	382200	6840	12600	12600	6840	4
5	35	53	389550	7020	12600	12600	7020	4
5	35	56	411600	7560	12600	12600	7560	4
5	35	58	426300	6690	12600	12600	6690	4
5	35	59	433650	8100	12600	12600	8100	4
5	35	61	448350	8220	12600	12600	8220	4
5	35	62	455700	8640	12600	12600	8640	4
5	37	38	295260	6330	6660	6660	6330	2
5	37	40	310800	4830	6660	6660	4830	2
5	37	41	318570	5340	6660	6660	5340	2
5	37	43	334110	7200	19980	16932	7200	6
5	37	44	341880	4350	6660	6660	4350	2
5	37	46	357420	2850	6660	6660	2850	2
5	37	47	365190	22620	39960	37248	22620	12
5	37	49	380730	9180	13320	13320	9180	4
5	37	50	388500	9210	18870	19980	8610	6
5	37	52	404040	0	0	0	0	0
5	37	53	411810	1500	13320	13320	1500	4
5	37	55	427350	8040	19980	17940	8040	6
5	37	56	435120	5820	13320	13320	5820	4
5	37	58	450660	2400	13320	13320	2400	4
5	37	59	458430	3180	6660	4956	3180	2
5	37	61	473970	11700	19980	19980	11700	6
5	37	62	481740	11880	19980	19980	11880	6
5	38	40	319200	6180	6840	6840	6180	2
5	38	41	327180	5400	13680	13680	5400	4
5	38	43	343140	32370	41040	38586	32370	12
5	38	44	351120	3180	6840	6840	3180	2
5	38	46	367080	4200	6840	6840	4200	2
5	38	47	375060	6060	13680	13680	6060	4
5	38	49	391020	5160	13680	13680	5160	4
5	38	50	399000	13080	12540	11940	11940	4
5	38	52	414960	2220	6840	6840	2220	2
5	38	53	422940	0	0	0	0	0
5	38	55	438900	9720	20520	20520	9720	6
5	38	56	446880	13680	27360	27360	13680	8
5	38	58	462840	14280	27360	27360	14280	8
5	38	59	470820	10440	20520	20520	10440	6
5	38	61	486780	3030	6840	6222	3030	2
5	38	62	494760	3720	13680	13680	3720	4
5	40	41	344400	6870	7200	7200	6870	2
5	40	43	361200	4860	14400	14400	4860	4
5	40	44	369600	5880	7200	7200	5880	2
5	40	46	386400	5400	14400	14400	5400	4
5	40	47	394800	5580	14400	14400	5580	4
5	40	49	411600	5940	14400	14400	5940	4
5	40	52	436800	6600	7200	7200	6600	2
5	40	53	445200	6660	14400	14400	6660	4
5	40	56	470400	7200	14400	14400	7200	4
5	40	58	487200	7200	7200	7200	7200	2
5	40	59	495600	7740	14400	14400	7740	4
5	40	61	512400	8100	14400	14400	8100	4
5	40	62	520800	7200	7200	7200	7200	2
5	41	43	370230	6720	7380	7380	6720	2
5	41	44	378840	8670	22140	21624	8670	6
5	41	46	396060	35610	44280	44076	35610	12
5	41	47	404670	7020	14760	14760	7020	4
5	41	49	421890	4740	7380	7380	4740	2
5	41	50	430500	14730	13530	14760	13530	4
5	41	52	447720	9180	11562	14760	7932	4
5	41	53	456330	4740	12300	14760	4740	4
5	41	55	473550	9960	22140	22140	9960	6
5	41	56	482160	1590	246	7380	246	2
5	41	58	499380	6060	14760	14760	6060	4
5	41	59	507990	2460	14760	14760	2460	4
5	41	61	525210	16440	29520	29520	16440	8
5	41	62	533820	16710	29520	29520	16710	8
5	43	44	397320	14400	9546	8796	8466	4
5	43	46	415380	5940	15480	15480	5940	4
5	43	47	424410	11160	11868	8868	7548	4
5	43	49	442470	3660	7740	7740	3660	2
5	43	50	451500	9570	20640	16680	8280	6
5	43	52	469560	7440	15480	15480	7440	4
5	43	53	478590	29340	54180	47712	29340	14
5	43	55	496650	15480	15480	15480	15480	4
5	43	56	505680	10260	15222	15480	10260	4
5	43	58	523740	1110	1806	7740	1110	2
5	43	59	532770	6180	15480	15480	6180	4
5	43	61	550830	13380	23220	23220	13380	6
5	43	62	559860	1680	15480	15480	1680	4
5	44	46	425040	13680	11352	9852	9192	4
5	44	47	434280	3990	7920	7920	3990	2
5	44	49	452760	43020	53328	49578	40908	14
5	44	50	462000	11880	14520	15840	11880	4
5	44	52	480480	7440	23760	18024	7440	6
5	44	53	489720	8640	15840	15840	8640	4
5	44	55	508200	8580	15840	15840	8580	4
5	44	56	517440	6240	15840	15840	6240	4
5	44	58	535920	10800	15840	15840	10800	4
5	44	59	545160	870	2640	7920	870	2
5	44	61	563640	2310	7920	7920	2310	2
5	44	62	572880	8160	15840	15840	8160	4
5	46	47	454020	15480	12696	11946	11616	4
5	46	49	473340	9690	24840	24840	9690	6
5	46	50	483000	12240	15180	12180	10860	4
5	46	52	502320	7560	16560	16560	7560	4
5	46	53	511980	9000	16560	12414	9000	4
5	46	55	531300	15660	16560	16560	15660	4
5	46	56	540960	33120	57960	54048	33120	14
5	46	58	560280	4440	16560	16560	4440	4
5	46	59	569940	3990	8280	8280	3990	2
5	46	61	589260	390	4416	8280	390	2
5	46	62	598920	11280	16560	16560	11280	4
5	47	49	483630	14760	14664	13164	12504	4
5	47	50	493500	10650	22560	17520	9240	6
5	47	52	513240	51090	64014	56376	47424	16
5	47	53	523110	10080	25380	25380	10080	6
5	47	55	542850	10320	25380	22200	10320	6
5	47	56	552720	12270	8742	9132	4092	4
5	47	58	572460	5040	16920	14028	5040	4
5	47	59	582330	10260	16920	16920	10260	4
5	47	61	602070	6420	16920	16920	6420	4
5	47	62	611940	150	5358	8460	150	2
5	49	50	514500	16560	16170	15420	15090	4
5	49	52	535080	4470	8820	8820	4470	2
5	49	53	545370	13320	17640	15816	13320	4
5	49	55	565950	12420	17640	17640	12420	4
5	49	56	576240	10080	17640	16212	10080	4
5	49	58	596820	9180	17640	17640	9180	4
5	49	59	607110	37380	70560	63540	37380	16
5	49	61	627690	7620	17640	17640	7620	4
5	49	62	637980	6540	17640	17640	6540	4
5	50	52	546000	15840	18000	16800	15840	4
5	50	53	556500	13530	24000	25950	11940	6
5	50	56	588000	15180	26700	26400	14880	6
5	50	58	609000	13680	29100	35400	11940	8
5	50	59	619500	13470	27000	26850	13470	6
5	50	61	640500	14760	31800	36000	12930	8
5	50	62	651000	15120	28500	36000	13260	8
5	52	53	578760	17640	18720	18720	17640	4
5	52	55	600600	11670	28080	24330	11670	6
5	52	56	611520	14400	18720	18720	14400	4
5	52	58	633360	11220	28080	28080	11220	6
5	52	59	644280	12750	28080	28080	12750	6
5	52	61	666120	13650	14352	15582	9282	4
5	52	62	677040	41700	74880	71844	41700	16
5	53	55	612150	16920	19080	19080	16920	4
5	53	56	623280	7020	19080	19080	7020	4
5	53	58	645540	59730	76320	73740	59730	16
5	53	59	656670	11340	12720	16620	7800	4
5	53	61	678930	12720	28620	28620	12720	6
5	53	62	690060	10200	19080	19080	10200	4
5	55	56	646800	18720	19800	19800	18720	4
5	55	58	669900	14550	29700	29700	14550	6
5	55	59	681450	15480	19800	19800	15480	4
5	55	61	704550	16920	29700	29700	16920	6
5	55	62	716100	14790	26070	29700	14790	6
5	56	58	682080	18000	20160	20160	18000	4
5	56	59	693840	11730	30240	30240	11730	6
5	56	61	717360	69120	86016	81006	64416	18
5	56	62	729120	8640	20160	20160	8640	4
5	58	59	718620	19800	20880	20880	19800	4
5	58	61	742980	7560	20880	20880	7560	4
5	58	62	755160	16560	20880	20880	16560	4
5	59	61	755790	19080	21240	21240	19080	4
5	59	62	768180	18390	19116	24960	10950	6
5	61	62	794220	20880	21960	21960	20880	4
7	8	10	23520	0	0	0	0	0
7	8	11	25872	1218	1920	1122	1122	2
7	8	13	30576	0	0	0	0	0
7	8	14	32928	0	0	0	0	0
7	8	16	37632	0	0	0	0	0
7	8	17	39984	0	0	0	0	0
7	8	19	44688	462	2016	2016	462	2
7	8	20	47040	1176	2016	2016	1176	2
7	8	22	51744	3444	4032	4032	3444	4
7	8	23	54096	4032	3648	4032	3648	4
7	8	25	58800	2016	1920	2016	1920	2
7	8	26	61152	2016	1392	2016	1392	2
7	8	28	65856	2016	336	2016	336	2
7	8	29	68208	0	0	0	0	0
7	8	31	72912	0	0	0	0	0
7	8	32	75264	336	2016	2016	336	2
7	8	34	79968	2016	2016	2016	2016	2
7	8	35	82320	2016	1344	2016	1344	2
7	8	37	87024	0	0	0	0	0
7	8	38	89376	0	0	0	0	0
7	8	40	94080	1344	2016	2016	1344	2
7	8	41	96432	2016	2016	2016	2016	2
7	8	43	101136	2562	4032	4032	2562	4
7	8	44	103488	3864	4032	4032	3864	4
7	8	46	108192	4032	4032	4032	4032	4
7	8	47	110544	4032	3072	4032	3072	4
7	8	49	115248	2016	2016	2016	2016	2
7	8	50	117600	2016	2016	2016	2016	2
7	8	52	122304	2016	1776	2016	1776	2
7	8	53	124656	2016	1248	2016	1248	2
7	8	55	129360	4032	2208	4032	2208	4
7	8	56	131712	2016	2016	2016	2016	2
7	8	58	136416	2100	3984	4032	2052	4
7	8	59	138768	2814	2784	4032	1566	4
7	8	61	143472	2016	2016	2016	2016	2
7	8	62	145824	2016	2016	2016	2016	2
7	10	11	32340	0	0	0	0	0
7	10	13	38220	4032	2160	4314	2160	4
7	10	14	41160	0	0	0	0	0
7	10	16	47040	0	0	0	0	0
7	10	17	49980	4746	5040	4866	4746	4
7	10	19	55860	1302	2520	2520	1302	2
7	10	20	58800	0	0	0	0	0
7	10	22	64680	1680	1020	2520	1020	2
7	10	23	67620	0	0	0	0	0
7	10	25	73500	1470	2520	2520	1470	2
7	10	26	76440	2520	2520	2520	2520	2
7	10	28	82320	2520	420	2520	420	2
7	10	29	85260	798	2520	2520	798	2
7	10	31	91140	1050	120	2520	120	2
7	10	32	94080	2520	2520	2520	2520	2
7	10	34	99960	5040	5040	5040	5040	4
7	10	35	102900	2520	1680	2520	1680	2
7	10	37	108780	0	0	0	0	0
7	10	38	111720	3864	5040	5040	3864	4
7	10	40	117600	420	2520	2520	420	2
7	10	41	120540	0	0	0	0	0
7	10	43	126420	5040	3120	5040	3120	4
7	10	44	129360	2100	780	2520	780	2
7	10	46	135240	2352	2520	2520	2352	2
7	10	47	138180	5040	5040	5040	5040	4
7	10	49	144060	2520	2520	2520	2520	2
7	10	50	147000	1680	2520	2520	1680	2
7	10	52	152880	2520	2520	2520	2520	2
7	10	53	155820	2520	2520	2520	2520	2
7	10	55	161700	4830	5040	5040	4830	4
7	10	56	164640	2520	2520	2520	2520	2
7	10	58	170520	2856	3300	5040	1116	4
7	10	59	173460	2982	5040	5040	2982	4
7	10	61	179340	2520	2520	2520	2520	2
7	10	62	182280	2520	2520	2520	2520	2
7	11	13	42042	84	2112	2772	84	2
7	11	14	45276	0	0	0	0	0
7	11	16	51744	1050	858	2772	858	2
7	11	17	54978	1176	2772	2772	1176	2
7	11	19	61446	0	0	0	0	0
7	11	20	64680	966	726	2772	726	2
7	11	22	71148	0	0	0	0	0
7	11	23	74382	1344	2772	2772	1344	2
7	11	25	80850	4956	5544	5544	4956	4
7	11	26	84084	0	0	0	0	0
7	11	28	90552	798	462	2772	462	2
7	11	29	93786	5544	5544	5544	5544	4
7	11	31	100254	2772	2772	2772	2772	2
7	11	32	103488	714	330	2772	330	2
7	11	34	109956	966	2772	2772	966	2
7	11	35	113190	2772	1848	2772	1848	2
7	11	37	119658	5544	4092	5544	4092	4
7	11	38	122892	2058	2772	2772	2058	2
7	11	40	129360	546	66	2772	66	2
7	11	41	132594	5544	3036	5544	3036	4
7	11	43	139062	0	0	0	0	0
7	11	44	142296	462	2772	2772	462	2
7	11	46	148764	4074	5544	5544	4074	4
7	11	47	151998	0	0	0	0	0
7	11	49	158466	2772	2772	2772	2772	2
7	11	50	161700	5544	5544	5544	5544	4
7	11	52	168168	2772	2772	2772	2772	2
7	11	53	171402	2772	2772	2772	2772	2
7	11	55	177870	1848	2772	2772	1848	2
7	11	56	181104	2772	2772	2772	2772	2
7	11	58	187572	5544	5544	5544	5544	4
7	11	59	190806	2772	2772	2772	2772	2
7	11	61	197274	2772	2772	2772	2772	2
7	11	62	200508	5544	5544	5544	5544	4
7	13	14	53508	0	0	0	0	0
7	13	16	61152	0	0	0	0	0
7	13	17	64974	840	1248	3276	840	2
7	13	19	72618	6132	4992	6552	4992	4
7	13	20	76440	8064	8502	7032	6738	6
7	13	22	84084	1470	3276	3276	1470	2
7	13	23	87906	420	3276	3276	420	2
7	13	25	95550	1848	2028	600	600	2
7	13	26	99372	0	0	0	0	0
7	13	28	107016	2226	546	3276	546	2
7	13	29	110838	3276	2964	3276	2964	2
7	13	31	118482	1428	3276	3276	1428	2
7	13	32	122304	0	0	0	0	0
7	13	34	129948	42	858	3276	42	2
7	13	35	133770	3276	4368	4116	2184	4
7	13	37	141414	3276	3276	3276	3276	2
7	13	38	145236	6552	5070	6552	5070	4
7	13	40	152880	8526	8814	7512	7512	6
7	13	41	156702	5376	6552	6552	5376	4
7	13	43	164346	2352	3276	3276	2352	2
7	13	44	168168	1302	3276	3276	1302	2
7	13	46	175812	0	0	0	0	0
7	13	47	179634	3276	624	3276	624	2
7	13	49	187278	3276	3276	3276	3276	2
7	13	50	191100	5334	5694	4476	4476	4
7	13	52	198744	1092	5070	6552	1092	4
7	13	53	202566	1848	3120	3276	1848	2
7	13	55	210210	5376	5772	4596	4596	4
7	13	56	214032	3276	3276	3276	3276	2
7	13	58	221676	6552	6552	6552	6552	4
7	13	59	225498	6552	6552	6552	6552	4
7	13	61	233142	6552	6552	6552	6552	4
7	13	62	236964	4494	6552	6552	4494	4
7	14	16	65856	0	0	0	0	0
7	14	17	69972	0	0	0	0	0
7	14	19	78204	0	0	0	0	0
7	14	20	82320	0	0	0	0	0
7	14	22	90552	0	0	0	0	0
7	14	23	94668	0	0	0	0	0
7	14	25	102900	0	0	0	0	0
7	14	26	107016	0	0	0	0	0
7	14	29	119364	0	0	0	0	0
7	14	31	127596	0	0	0	0	0
7	14	32	131712	0	0	0	0	0
7	14	34	139944	0	0	0	0	0
7	14	37	152292	0	0	0	0	0
7	14	38	156408	0	0	0	0	0
7	14	40	164640	0	0	0	0	0
7	14	41	168756	0	0	0	0	0
7	14	43	176988	0	0	0	0	0
7	14	44	181104	0	0	0	0	0
7	14	46	189336	0	0	0	0	0
7	14	47	193452	0	0	0	0	0
7	14	50	205800	0	0	0	0	0
7	14	52	214032	0	0	0	0	0
7	14	53	218148	0	0	0	0	0
7	14	55	226380	0	0	0	0	0
7	14	58	238728	0	0	0	0	0
7	14	59	242844	0	0	0	0	0
7	14	61	251076	0	0	0	0	0
7	14	62	255192	0	0	0	0	0
7	16	17	79968	42	4032	4032	42	2
7	16	19	89376	1470	4032	4032	1470	2
7	16	20	94080	0	0	0	0	0
7	16	22	103488	2520	8064	5748	2520	4
7	16	23	108192	10332	11328	9858	9564	6
7	16	25	117600	8022	7872	8064	7872	4
7	16	26	122304	2940	2784	4032	2784	2
7	16	28	131712	840	672	4032	672	2
7	16	29	136416	2730	4032	4032	2730	2
7	16	31	145824	1806	4032	4032	1806	2
7	16	32	150528	0	0	0	0	0
7	16	34	159936	1596	4032	2652	1596	2
7	16	35	164640	4032	2688	2730	2688	2
7	16	37	174048	0	0	0	0	0
7	16	38	178752	924	4032	4032	924	2
7	16	40	188160	2352	4032	4032	2352	2
7	16	41	192864	0	0	0	0	0
7	16	43	202272	1554	4032	4032	1554	2
7	16	44	206976	6888	8064	8064	6888	4
7	16	46	216384	11172	12096	11652	11172	6
7	16	47	221088	8064	6144	7698	6144	4
7	16	49	230496	4032	4032	4032	4032	2
7	16	50	235200	8064	8064	8064	8064	4
7	16	52	244608	7896	7584	8064	7584	4
7	16	53	249312	2814	2496	4032	2496	2
7	16	55	258720	714	384	4032	384	2
7	16	56	263424	4032	4032	4032	4032	2
7	16	58	272832	7476	7968	8064	7380	4
7	16	59	277536	5838	5568	8064	3342	4
7	16	61	286944	3234	4032	4032	3234	2
7	16	62	291648	1596	4032	4032	1596	2
7	17	19	94962	420	2244	4284	420	2
7	17	20	99960	5796	6834	8568	5796	4
7	17	22	109956	210	4284	4284	210	2
7	17	23	114954	4284	2040	2208	2040	2
7	17	25	124950	2352	2652	4284	2352	2
7	17	26	129948	2478	4284	4284	2478	2
7	17	28	139944	4284	714	2688	714	2
7	17	29	144942	1092	3876	4284	1092	2
7	17	31	154938	9492	17136	11916	9492	8
7	17	32	159936	2058	4284	4284	2058	2
7	17	34	169932	0	0	0	0	0
7	17	35	174930	4284	5712	4704	2856	4
7	17	37	184926	2688	2040	444	444	2
7	17	38	189924	0	0	0	0	0
7	17	40	199920	6762	7242	8568	6762	4
7	17	41	204918	17136	12240	12996	12240	8
7	17	43	214914	1092	4284	4284	1092	2
7	17	44	219912	42	4284	4224	42	2
7	17	46	229908	8568	6222	8568	6222	4
7	17	47	234906	1596	4284	4284	1596	2
7	17	49	244902	4284	8568	8568	4284	4
7	17	50	249900	6846	7446	8568	6846	4
7	17	52	259896	7098	8568	8568	7098	4
7	17	53	264894	2940	4284	4284	2940	2
7	17	55	274890	2604	3264	4284	2604	2
7	17	56	279888	4284	4284	4284	4284	2
7	17	58	289884	42	4284	4284	42	2
7	17	59	294882	7392	8568	8568	7392	4
7	17	61	304878	8568	8568	8568	8568	4
7	17	62	309876	9114	12852	12852	9114	6
7	19	20	111720	210	2850	4788	210	2
7	19	22	122892	4578	1938	2904	1938	2
7	19	23	128478	1176	2280	4788	1176	2
7	19	25	139650	1428	4560	1200	1200	2
7	19	26	145236	15330	17670	14256	13848	8
7	19	28	156408	4788	798	1344	798	2
7	19	29	161994	0	0	0	0	0
7	19	31	173166	13524	9804	13668	9804	6
7	19	32	178752	546	4788	4788	546	2
7	19	34	189924	2562	4788	4788	2562	2
7	19	35	195510	4788	3192	4620	3192	2
7	19	37	206682	2352	4788	4788	2352	2
7	19	38	212268	0	0	0	0	0
7	19	40	223440	0	0	0	0	0
7	19	41	229026	6300	8436	9576	6300	4
7	19	43	240198	1344	4788	4788	1344	2
7	19	44	245784	9576	6270	9576	6270	4
7	19	46	256956	4074	4788	4788	4074	2
7	19	47	262542	8400	9576	9576	8400	4
7	19	49	273714	4788	4788	4788	4788	2
7	19	50	279300	462	4788	2400	462	2
7	19	52	290472	16884	18582	16860	16314	8
7	19	53	296058	5796	7752	7332	3972	4
7	19	55	307230	6468	5244	7428	2136	4
7	19	56	312816	4788	9576	9576	4788	4
7	19	58	323988	3234	4788	4788	3234	2
7	19	59	329574	2184	4788	4788	2184	2
7	19	61	340746	7224	9576	9576	7224	4
7	19	62	346332	9576	9576	9576	9576	4
7	20	22	129360	588	2040	5040	588	2
7	20	23	135240	2478	4080	1518	1518	2
7	20	25	147000	0	0	0	0	0
7	20	26	152880	8064	10080	10080	8064	4
7	20	28	164640	3696	840	4200	840	2
7	20	29	170520	2058	5040	5040	2058	2
7	20	31	182280	2310	5040	5040	2310	2
7	20	32	188160	4200	5040	4800	4200	2
7	20	34	199920	12516	20160	17364	12516	8
7	20	35	205800	5040	6720	7350	3360	4
7	20	37	217560	714	5040	5040	714	2
7	20	38	223440	2604	5040	5040	2604	2
7	20	40	235200	0	0	0	0	0
7	20	41	241080	0	0	0	0	0
7	20	43	252840	10080	6240	10080	6240	4
7	20	44	258720	3360	5040	5040	3360	2
7	20	46	270480	2436	5040	3036	2436	2
7	20	47	276360	20160	17760	18222	17760	8
7	20	49	288120	5040	10080	10080	5040	4
7	20	50	294000	2940	5040	5040	2940	2
7	20	52	305760	9408	10080	10080	9408	4
7	20	53	311640	0	0	0	0	0
7	20	55	323400	8610	10080	10080	8610	4
7	20	56	329280	5040	5040	5040	5040	2
7	20	58	341040	10584	11520	13908	6984	6
7	20	59	346920	6762	6960	8934	3642	4
7	20	61	358680	1974	5040	5040	1974	2
7	20	62	364560	7140	10080	10080	7140	4
7	22	23	148764	0	0	0	0	0
7	22	25	161700	4788	11088	10194	4788	4
7	22	26	168168	168	5544	5544	168	2
7	22	28	181104	5124	924	2856	924	2
7	22	29	187572	18354	21648	19440	17826	8
7	22	31	200508	5502	5544	5544	5502	2
7	22	32	206976	2100	5544	5544	2100	2
7	22	34	219912	2352	5544	5544	2352	2
7	22	35	226380	5544	3696	5544	3696	2
7	22	37	239316	16170	13728	16632	13728	6
7	22	38	245784	5544	3036	3876	3036	2
7	22	40	258720	1932	5544	5544	1932	2
7	22	41	265188	8778	6072	11088	6072	4
7	22	43	278124	0	0	0	0	0
7	22	44	284592	0	0	0	0	0
7	22	46	297528	2688	5544	5544	2688	2
7	22	47	303996	6594	6600	10338	2106	4
7	22	49	316932	5544	11088	10542	5544	4
7	22	50	323400	9912	11088	11088	9912	4
7	22	52	336336	1092	5544	5544	1092	2
7	22	53	342804	9114	11088	11088	9114	4
7	22	55	355740	3234	5544	5544	3234	2
7	22	56	362208	5544	11088	11088	5544	4
7	22	58	375144	20664	22176	22176	20664	8
7	22	59	381612	210	5544	5544	210	2
7	22	61	394548	7770	11088	11088	7770	4
7	22	62	401016	11088	11088	11088	11088	4
7	23	25	169050	0	0	0	0	0
7	23	26	175812	2058	5796	5796	2058	2
7	23	28	189336	2310	966	5712	966	2
7	23	29	196098	4284	11592	11592	4284	4
7	23	31	209622	336	5796	5796	336	2
7	23	32	216384	12558	12282	17388	11022	6
7	23	34	229908	5796	1518	4080	1518	2
7	23	35	236670	5796	3864	4200	3864	2
7	23	37	250194	15540	23184	21828	15540	8
7	23	38	256956	1218	5796	5796	1218	2
7	23	40	270480	7056	5934	11592	5136	4
7	23	41	277242	3948	5796	5796	3948	2
7	23	43	290766	4284	11040	11592	4284	4
7	23	44	297528	0	0	0	0	0
7	23	46	311052	0	0	0	0	0
7	23	47	317814	2940	5796	5796	2940	2
7	23	49	331338	5796	5796	5796	5796	2
7	23	50	338100	2730	5796	5796	2730	2
7	23	52	351624	7014	8970	11592	4392	4
7	23	53	358386	23184	22908	23184	22908	8
7	23	55	371910	2184	5796	5796	2184	2
7	23	56	378672	5796	5796	5796	5796	2
7	23	58	392196	10122	11592	11592	10122	4
7	23	59	398958	6552	11592	11592	6552	4
7	23	61	412482	11592	11592	11592	11592	4
7	23	62	419244	0	0	0	0	0
7	25	26	191100	0	0	0	0	0
7	25	28	205800	3738	1050	4368	1050	2
7	25	29	213150	0	0	0	0	0
7	25	31	227850	2352	6300	6300	2352	2
7	25	32	235200	21378	25200	23892	21378	8
7	25	34	249900	1554	6300	5304	1554	2
7	25	35	257250	4620	4200	6300	4200	2
7	25	37	271950	3696	6300	6300	3696	2
7	25	38	279300	3822	6300	6300	3822	2
7	25	40	294000	5250	6300	6300	5250	2
7	25	41	301350	672	6300	6300	672	2
7	25	43	316050	24444	19800	25200	19800	8
7	25	44	323400	3990	6300	6300	3990	2
7	25	46	338100	1302	750	6300	750	2
7	25	47	345450	6132	6300	6300	6132	2
7	25	49	360150	6300	12600	12600	6300	4
7	25	50	367500	0	0	0	0	0
7	25	52	382200	3234	6300	6300	3234	2
7	25	53	389550	11844	18900	18900	11844	6
7	25	55	404250	4200	6300	6300	4200	2
7	25	56	411600	6300	12600	12600	6300	4
7	25	58	426300	9114	8250	12600	4764	4
7	25	59	433650	12600	12600	12600	12600	4
7	25	61	448350	840	6300	6300	840	2
7	25	62	455700	12348	16350	18900	11604	6
7	26	28	214032	6552	2184	6720	1092	4
7	26	29	221676	5754	5928	6552	5754	2
7	26	31	236964	4242	2496	186	186	2
7	26	32	244608	2604	6552	5568	2604	2
7	26	34	259896	4536	10452	6756	1884	4
7	26	35	267540	6552	4368	6090	4368	2
7	26	37	282828	4704	11856	6774	3456	4
7	26	38	290472	15624	16692	19656	15624	6
7	26	40	305760	18648	32760	26448	18648	10
7	26	41	313404	3738	6552	6552	3738	2
7	26	43	328692	6552	5928	6552	5928	2
7	26	44	336336	2940	6552	6552	2940	2
7	26	46	351624	5208	7332	13104	1620	4
7	26	47	359268	966	1248	6552	966	2
7	26	49	374556	6552	6552	6552	6552	2
7	26	50	382200	3696	6552	6552	3696	2
7	26	52	397488	0	0	0	0	0
7	26	53	405132	3486	6552	6552	3486	2
7	26	55	420420	8064	13104	13104	8064	4
7	26	56	428064	6552	13104	13104	6552	4
7	26	58	443352	13104	13104	13104	13104	4
7	26	59	450996	32760	26520	26562	26520	10
7	26	61	466284	11634	13104	13104	11634	4
7	26	62	473928	14616	12168	13476	7128	6
7	28	29	238728	6594	1680	1218	1218	2
7	28	31	255192	7812	7392	2604	1302	4
7	28	32	263424	5208	3192	1344	1344	2
7	28	34	279888	6636	1848	1428	1428	2
7	28	37	304584	5250	3360	1554	1554	2
7	28	38	312816	2436	6216	1596	1596	2
7	28	40	329280	3864	4872	1680	1680	2
7	28	41	337512	8106	7728	3444	1722	4
7	28	43	353976	2478	6384	1806	1806	2
7	28	44	362208	6720	2184	1848	1848	2
7	28	46	378672	8148	7896	3864	1932	4
7	28	47	386904	5334	3696	1974	1974	2
7	28	50	411600	3948	5208	2100	2100	2
7	28	52	428064	5376	3864	2184	2184	2
7	28	53	436296	2562	6720	2226	2226	2
7	28	55	452760	3990	5376	2310	2310	2
7	28	58	477456	2604	6888	2436	2436	2
7	28	59	485688	6846	2688	2478	2478	2
7	28	61	502152	8274	8400	5124	2562	4
7	28	62	510384	5460	4200	2604	2604	2
7	29	31	264306	7476	3132	8928	2208	4
7	29	32	272832	6552	14616	14616	6552	4
7	29	34	289884	6468	11658	9348	3510	4
7	29	35	298410	5712	4872	7308	4872	2
7	29	37	315462	3612	5916	2220	2220	2
7	29	38	323988	7308	7308	7308	7308	2
7	29	40	341040	2688	14616	9708	2688	4
7	29	41	349566	2940	7308	7308	2940	2
7	29	43	366618	22428	36540	31812	22428	10
7	29	44	375144	21966	24012	29232	20910	8
7	29	46	392196	3570	7308	7308	3570	2
7	29	47	400722	1344	7308	7308	1344	2
7	29	49	417774	7308	7308	7308	7308	2
7	29	50	426300	0	0	0	0	0
7	29	52	443352	7308	7308	7308	7308	2
7	29	53	451878	3864	7308	7308	3864	2
7	29	55	468930	12012	14616	14616	12012	4
7	29	56	477456	7308	14616	14616	7308	4
7	29	58	494508	0	0	0	0	0
7	29	59	503034	10752	7656	10848	3792	4
7	29	61	520086	8820	18444	21924	8820	6
7	29	62	528612	11130	9222	11028	5736	4
7	31	32	291648	7644	11346	10884	3366	4
7	31	34	309876	9324	15624	15624	9324	4
7	31	35	318990	7812	10416	11172	5208	4
7	31	37	337218	7812	7812	7812	7812	2
7	31	38	346332	35994	42408	35352	31530	12
7	31	40	364560	5544	15624	15624	5544	4
7	31	41	373674	3192	7812	3936	3192	2
7	31	43	391902	1680	7812	7812	1680	2
7	31	44	401016	8904	15438	12036	8904	4
7	31	46	419244	3234	7812	7812	3234	2
7	31	47	428358	10668	17112	12888	4344	6
7	31	49	446586	7812	15624	15624	7812	4
7	31	50	455700	3360	10974	15624	3360	4
7	31	52	473928	0	0	0	0	0
7	31	53	483042	8820	15252	15624	8820	4
7	31	55	501270	31248	31248	31248	31248	8
7	31	56	510384	7812	7812	7812	7812	2
7	31	58	528612	4746	7812	7812	4746	2
7	31	59	537726	16380	23436	23436	16380	6
7	31	61	555954	15120	13392	21480	8796	6
7	31	62	565068	0	0	0	0	0
7	32	34	319872	7224	12864	11940	3960	4
7	32	35	329280	8064	10752	9114	5376	4
7	32	37	348096	6804	14592	12282	5268	4
7	32	38	357504	2940	8064	8064	2940	2
7	32	40	376320	8736	13632	12624	8736	4
7	32	41	385728	2730	8064	8064	2730	2
7	32	43	404544	2982	8064	4902	2982	2
7	32	44	413952	5040	16128	16128	5040	4
7	32	46	432768	26628	48384	38880	26628	12
7	32	47	442176	12852	12288	9474	9012	4
7	32	49	460992	8064	16128	13650	8064	4
7	32	50	470400	26124	30144	32256	26124	8
7	32	52	489216	7056	15168	16128	7056	4
7	32	53	498624	0	0	0	0	0
7	32	55	517440	5460	14208	16128	5460	4
7	32	56	526848	8064	16128	16128	8064	4
7	32	58	545664	7392	15936	9804	7200	4
7	32	59	555072	18648	11520	16560	5976	6
7	32	61	573888	7602	8064	8064	7602	2
7	32	62	583296	11676	10176	15132	5724	4
7	34	35	349860	8568	11424	13818	5712	4
7	34	37	369852	4830	8568	8568	4830	2
7	34	38	379848	7560	16116	14268	6540	4
7	34	40	399840	11592	17136	17136	11592	4
7	34	41	409836	40530	49368	43128	38490	12
7	34	43	429828	3234	8568	8568	3234	2
7	34	44	439824	4368	17136	15168	4368	4
7	34	46	459816	16296	12444	11604	11604	4
7	34	47	469812	2562	8568	7050	2562	2
7	34	49	489804	8568	8568	8568	8568	2
7	34	50	499800	5880	17136	16068	5880	4
7	34	52	519792	4956	8568	8568	4956	2
7	34	53	529788	8568	8568	8568	8568	2
7	34	55	549780	0	0	0	0	0
7	34	56	559776	8568	8568	8568	8568	2
7	34	58	579768	2184	8568	8568	2184	2
7	34	59	589764	8736	17136	12462	8736	4
7	34	61	609756	42126	35904	42840	35904	10
7	34	62	619752	18984	34272	34272	18984	8
7	35	37	380730	7896	7140	6216	6216	2
7	35	38	391020	9576	13650	12768	6384	4
7	35	40	411600	10080	9030	13440	6720	4
7	35	41	421890	8988	15540	13776	6888	4
7	35	43	442470	10836	10920	14448	7224	4
7	35	44	452760	7602	8610	7392	7392	2
7	35	46	473340	11592	12810	15456	7728	4
7	35	47	483630	11844	10500	15792	7896	4
7	35	50	514500	12600	12390	16800	8400	4
7	35	52	535080	9786	16590	17472	8736	4
7	35	53	545370	12264	14280	17640	8904	4
7	35	55	565950	13860	9660	17640	9240	4
7	35	58	596820	14616	11550	17640	9744	4
7	35	59	607110	14868	18060	26460	9912	6
7	35	61	627690	14448	13440	17640	10248	4
7	35	62	637980	15624	11130	17640	10416	4
7	37	38	413364	8904	17538	17076	7794	4
7	37	40	435120	3234	9324	9324	3234	2
7	37	41	445998	9660	16428	17688	9660	4
7	37	43	467754	7812	18648	18648	7812	4
7	37	44	478632	45066	55722	51552	44844	12
7	37	46	500388	14910	27972	27972	14910	6
7	37	47	511266	7644	18648	18648	7644	4
7	37	49	533022	9324	9324	9324	9324	2
7	37	50	543900	15372	22422	24648	9822	6
7	37	52	565656	1848	18648	18648	1848	4
7	37	53	576534	1932	9324	9324	1932	2
7	37	55	598290	14364	18648	15924	14364	4
7	37	56	609168	9324	18648	18648	9324	4
7	37	58	630924	0	0	0	0	0
7	37	59	641802	3612	18648	18648	3612	4
7	37	61	663558	18144	15984	25968	10776	6
7	37	62	674436	9324	9324	9324	9324	2
7	38	40	446880	9072	19152	18456	9072	4
7	38	41	458052	11088	19152	19152	11088	4
7	38	43	480396	7476	19152	19122	7476	4
7	38	44	491568	17136	12540	15648	12120	4
7	38	46	513912	8232	19152	19152	8232	4
7	38	47	525084	7308	19152	19152	7308	4
7	38	49	547428	9576	19152	19152	9576	4
7	38	50	558600	2856	9576	9576	2856	2
7	38	52	580944	35700	57456	55056	35700	12
7	38	53	592116	3822	9576	9576	3822	2
7	38	55	614460	1722	9576	9576	1722	2
7	38	56	625632	9576	9576	9576	9576	2
7	38	58	647976	9912	19152	19152	9912	4
7	38	59	659148	2226	456	9576	456	2
7	38	61	681492	11424	19152	17994	11424	4
7	38	62	692664	38136	40812	47880	36276	10
7	40	41	482160	9828	20160	20160	9828	4
7	40	43	505680	13860	12480	17562	10506	4
7	40	44	517440	9408	20160	20160	9408	4
7	40	46	540960	4956	10080	10080	4956	2
7	40	47	552720	54684	65760	58860	49884	14
7	40	49	576240	10080	20160	18606	10080	4
7	40	50	588000	10920	20160	20160	10920	4
7	40	52	611520	18312	30240	30240	18312	6
7	40	53	623280	4620	20160	20160	4620	4
7	40	55	646800	6300	20160	20160	6300	4
7	40	56	658560	10080	20160	20160	10080	4
7	40	58	682080	12348	23040	20508	7584	6
7	40	59	693840	7896	13920	10434	1656	4
7	40	61	717360	1554	1920	10080	1554	2
7	40	62	729120	12768	20160	20160	12768	4
7	41	43	518322	9996	20664	20664	9996	4
7	41	44	530376	7308	20418	11388	7062	4
7	41	46	554484	10752	20664	20664	10752	4
7	41	47	566538	13356	20664	20664	13356	4
7	41	49	590646	10332	20664	20664	10332	4
7	41	50	602700	11172	14514	11532	5022	4
7	41	52	626808	16338	26322	30648	13218	6
7	41	53	638862	20664	20172	20508	20172	4
7	41	55	662970	40572	72324	63312	40572	14
7	41	56	675024	10332	10332	10332	10332	2
7	41	58	699132	3192	20664	20664	3192	4
7	41	59	711186	6132	10332	10332	6132	2
7	41	61	735294	7476	15744	11796	2556	4
7	41	62	747348	1218	2706	10332	1218	2
7	43	44	556248	10374	10836	10836	10374	2
7	43	46	581532	10080	21672	21672	10080	4
7	43	47	594174	9156	21672	21672	9156	4
7	43	49	619458	10836	21672	21672	10836	4
7	43	50	632100	59976	73014	68016	57138	14
7	43	52	657384	21630	20382	21672	20382	4
7	43	53	670026	16296	28380	32508	15024	6
7	43	55	695310	12348	20124	24972	8448	6
7	43	56	707952	10836	21672	21672	10836	4
7	43	58	733236	22680	43344	43344	22680	8
7	43	59	745878	12180	21672	21672	12180	4
7	43	61	771162	2100	21672	21672	2100	4
7	43	62	783804	7644	21672	21672	7644	4
7	44	46	595056	10164	11088	11088	10164	2
7	44	47	607992	14112	13200	14754	5934	4
7	44	49	633864	11088	22176	22176	11088	4
7	44	50	646800	9576	22176	22176	9576	4
7	44	52	672672	7728	22176	22176	7728	4
7	44	53	685608	16086	33264	33264	16086	6
7	44	55	711480	12012	22176	22176	12012	4
7	44	56	724416	11088	22176	22176	11088	4
7	44	58	750288	45864	77616	71052	45864	14
7	44	59	763224	2982	11088	11088	2982	2
7	44	61	789096	8232	22176	22176	8232	4
7	44	62	802032	19656	22176	22176	19656	4
7	46	47	635628	11676	23184	23184	11676	4
7	46	49	662676	11592	23184	23184	11592	4
7	46	50	676200	9744	11592	11592	9744	2
7	46	52	703248	18228	28152	19080	11604	6
7	46	53	716772	71274	87768	77184	66306	16
7	46	55	743820	16674	12696	13242	6186	4
7	46	56	757344	11592	23184	23184	11592	4
7	46	58	784392	8568	23184	23184	8568	4
7	46	59	797916	9408	23184	23184	9408	4
7	46	61	824964	22722	23184	23184	22722	4
7	46	62	838488	4872	23184	23184	4872	4
7	47	49	677082	11844	23688	23688	11844	4
7	47	50	690900	15624	20586	23688	15624	4
7	47	52	718536	9534	11844	11844	9534	2
7	47	53	732354	6132	11844	11844	6132	2
7	47	55	759990	16212	32712	35532	16212	6
7	47	56	773808	11844	23688	23688	11844	4
7	47	58	801444	9996	23688	23688	9996	4
7	47	59	815262	19488	35532	35532	19488	6
7	47	61	842898	51828	94752	82044	51828	16
7	47	62	856716	8064	23688	23688	8064	4
7	49	50	720300	12600	21462	24696	12600	4
7	49	52	749112	13104	24696	24696	13104	4
7	49	53	763518	13356	24108	24696	13356	4
7	49	55	792330	13860	34104	37044	13860	6
7	49	58	835548	14616	24402	24696	14616	4
7	49	59	849954	14868	24696	24696	14868	4
7	49	61	878766	15372	24696	24696	15372	4
7	49	62	893172	15624	24696	24696	15624	4
7	50	52	764400	12768	25200	25200	12768	4
7	50	53	779100	11844	25200	25200	11844	4
7	50	55	808500	11760	25200	25200	11760	4
7	50	56	823200	12600	25200	25200	12600	4
7	50	58	852600	16632	16500	23388	12804	4
7	50	59	867300	23940	25200	25200	23940	4
7	50	61	896700	7980	25200	25200	7980	4
7	50	62	911400	14112	32700	36732	14112	6
7	52	53	810264	12936	26208	26208	12936	4
7	52	55	840840	14616	26208	26208	14616	4
7	52	56	856128	13104	26208	26208	13104	4
7	52	58	886704	20664	26208	26208	20664	4
7	52	59	901992	83370	104832	99864	83370	16
7	52	61	932568	10836	26208	26208	10836	4
7	52	62	947856	18144	20904	26208	16284	4
7	53	55	857010	12516	26712	26712	12516	4
7	53	56	872592	13356	26712	26712	13356	4
7	53	58	903756	16086	39750	40068	16086	6
7	53	59	919338	22176	40068	35916	22176	6
7	53	61	950502	14028	26712	26712	14028	4
7	53	62	966084	19614	21306	23028	14208	4
7	55	56	905520	13860	27720	27720	13860	4
7	55	58	937860	18606	32010	38856	15126	6
7	55	59	954030	16044	41580	41580	16044	6
7	55	61	986370	16884	27720	27720	16884	4
7	55	62	1002540	96516	119130	110412	90906	18
7	56	58	954912	14616	28224	28224	14616	4
7	56	59	971376	14868	28224	28224	14868	4
7	56	61	1004304	15372	28224	28224	15372	4
7	56	62	1020768	15624	28224	28224	15624	4
7	58	59	1006068	14196	29232	29232	14196	4
7	58	61	1040172	24990	43848	43848	24990	6
7	58	62	1057224	14952	29232	29232	14952	4
7	59	61	1058106	28728	47436	45336	16692	8
7	59	62	1075452	16380	29736	29736	16380	4
7	61	62	1111908	30240	50142	49092	18894	8
8	10	11	36960	336	2580	1716	336	2
8	10	13	43680	1968	2880	2028	1968	2
8	10	17	57120	2544	300	2652	300	2
8	10	19	63840	0	0	0	0	0
8	10	23	77280	48	2880	2880	48	2
8	10	25	84000	1680	2880	2880	1680	2
8	10	29	97440	2880	2460	2880	2460	2
8	10	31	104160	2880	1140	2880	1140	2
8	10	35	117600	0	0	0	0	0
8	10	37	124320	1392	2880	2880	1392	2
8	10	41	137760	2880	2880	2880	2880	2
8	10	43	144480	2880	2880	2880	2880	2
8	10	47	157920	2880	660	2880	660	2
8	10	49	164640	1104	2880	2880	1104	2
8	10	53	178080	2880	2880	2880	2880	2
8	10	55	184800	2880	2880	2880	2880	2
8	10	59	198240	2880	2820	2880	2820	2
8	10	61	204960	3696	4380	5760	2316	4
8	11	13	48048	2784	462	78	78	2
8	11	14	51744	5184	3168	5604	3168	4
8	11	16	59136	0	0	0	0	0
8	11	17	62832	0	0	0	0	0
8	11	19	70224	7776	7986	6450	6258	6
8	11	20	73920	0	0	0	0	0
8	11	22	81312	0	0	0	0	0
8	11	23	85008	2208	1518	3168	1518	2
8	11	25	92400	480	2838	150	150	2
8	11	26	96096	3168	3036	3168	3036	2
8	11	28	103488	3168	3168	3168	3168	2
8	11	29	107184	2400	3168	3168	2400	2
8	11	31	114576	2688	3168	3168	2688	2
8	11	32	118272	4320	1056	3360	720	4
8	11	34	125664	1776	3168	3168	1776	2
8	11	35	129360	0	0	0	0	0
8	11	37	136752	3168	2442	3168	2442	2
8	11	38	140448	8016	8052	6564	6564	6
8	11	40	147840	3168	2112	3168	2112	2
8	11	41	151536	0	0	0	0	0
8	11	43	158928	5568	6336	6336	5568	4
8	11	44	162624	1056	6072	3432	792	4
8	11	46	170016	2832	1452	3168	1452	2
8	11	47	173712	6336	4818	6336	4818	4
8	11	49	181104	0	0	0	0	0
8	11	50	184800	3168	3168	3168	3168	2
8	11	52	192192	6336	6336	6336	6336	4
8	11	53	195888	3168	3168	3168	3168	2
8	11	55	203280	4224	3630	6336	2574	4
8	11	56	206976	3168	3168	3168	3168	2
8	11	58	214368	3168	3168	3168	3168	2
8	11	59	218064	3168	3168	3168	3168	2
8	11	61	225456	6336	3894	6336	3894	4
8	11	62	229152	6336	6336	6336	6336	4
8	13	14	61152	528	2964	3744	528	2
8	13	16	69888	0	0	0	0	0
8	13	17	74256	6624	5148	4284	4284	4
8	13	19	82992	1920	3744	3744	1920	2
8	13	20	87360	2064	2184	3744	2064	2
8	13	22	96096	3744	2652	3744	2652	2
8	13	23	100464	1824	2886	966	966	2
8	13	25	109200	2112	2262	3744	2112	2
8	13	26	113568	0	0	0	0	0
8	13	28	122304	0	0	0	0	0
8	13	29	126672	7776	11232	8706	7776	6
8	13	31	135408	0	0	0	0	0
8	13	32	139776	3120	624	3744	624	2
8	13	34	148512	11232	8580	8916	8580	6
8	13	35	152880	2208	2418	3744	2208	2
8	13	37	161616	0	0	0	0	0
8	13	38	165984	1968	3744	3744	1968	2
8	13	40	174720	5184	4992	5424	3936	4
8	13	41	179088	3072	3744	3744	3072	2
8	13	43	187824	3360	3744	3744	3360	2
8	13	44	192192	7488	7176	7488	7176	4
8	13	46	200928	5520	7488	5676	5520	4
8	13	47	205296	0	0	0	0	0
8	13	49	214032	7488	6162	7488	6162	4
8	13	50	218400	2352	2652	3744	2352	2
8	13	52	227136	1248	7488	5928	1248	4
8	13	53	231504	6528	7488	7488	6528	4
8	13	55	240240	2400	2730	3744	2400	2
8	13	56	244608	3744	3744	3744	3744	2
8	13	58	253344	7488	7488	7488	7488	4
8	13	59	257712	7488	4134	7488	4134	4
8	13	61	266448	3744	3744	3744	3744	2
8	13	62	270816	3408	3744	3744	3408	2
8	14	17	79968	1104	3948	1020	1020	2
8	14	19	89376	2064	924	4032	924	2
8	14	23	108192	2640	4032	4032	2640	2
8	14	25	117600	240	4032	4032	240	2
8	14	29	136416	2832	1092	4032	1092	2
8	14	31	145824	4032	3948	4032	3948	2
8	14	35	164640	2352	4032	4032	2352	2
8	14	37	174048	0	0	0	0	0
8	14	41	192864	4032	4032	4032	4032	2
8	14	43	202272	8064	5124	6612	5124	4
8	14	47	221088	2064	4032	4032	2064	2
8	14	49	230496	8064	4032	6972	4032	4
8	14	53	249312	4032	4032	4032	4032	2
8	14	55	258720	7248	8064	7332	7248	4
8	14	59	277536	9840	6048	11604	3792	6
8	14	61	286944	6096	8064	7692	6096	4
8	16	17	91392	0	0	0	0	0
8	16	19	102144	0	0	0	0	0
8	16	23	123648	0	0	0	0	0
8	16	25	134400	0	0	0	0	0
8	16	29	155904	0	0	0	0	0
8	16	31	166656	0	0	0	0	0
8	16	35	188160	0	0	0	0	0
8	16	37	198912	0	0	0	0	0
8	16	41	220416	0	0	0	0	0
8	16	43	231168	0	0	0	0	0
8	16	47	252672	0	0	0	0	0
8	16	49	263424	0	0	0	0	0
8	16	53	284928	0	0	0	0	0
8	16	55	295680	0	0	0	0	0
8	16	59	317184	0	0	0	0	0
8	16	61	327936	0	0	0	0	0
8	17	19	108528	4512	2550	2166	2166	2
8	17	20	114240	2640	2856	600	600	2
8	17	22	125664	912	4896	4896	912	2
8	17	23	131376	2400	4896	4896	2400	2
8	17	25	142800	15648	17136	13392	13200	8
8	17	26	148512	9744	9588	9792	9588	4
8	17	28	159936	3120	4896	4896	3120	2
8	17	29	165648	1920	4182	4896	1920	2
8	17	31	177072	2208	4896	3534	2208	2
8	17	32	182784	4896	816	3648	816	2
8	17	34	194208	0	0	0	0	0
8	17	35	199920	2784	3162	1050	1050	2
8	17	37	211344	5472	9792	9114	5472	4
8	17	38	217056	9792	7548	9228	7548	4
8	17	40	228480	6336	6528	6096	4464	4
8	17	41	234192	960	714	4896	714	2
8	17	43	245616	0	0	0	0	0
8	17	44	251328	4896	4488	4896	4488	2
8	17	46	262752	2352	4896	4896	2352	2
8	17	47	268464	3840	4896	4896	3840	2
8	17	49	279888	9024	9792	9792	9024	4
8	17	50	285600	16992	18156	16188	15564	8
8	17	52	297024	9792	9792	9792	9792	4
8	17	53	302736	9600	9282	9792	9282	4
8	17	55	314160	7872	8466	6546	6546	4
8	17	56	319872	6912	9792	9792	6912	4
8	17	58	331296	1392	4896	4896	1392	2
8	17	59	337008	192	4794	4896	192	2
8	17	61	348432	3840	4896	4896	3840	2
8	17	62	354144	6864	9792	9792	6864	4
8	19	20	127680	912	3192	5472	912	2
8	19	22	140448	7776	9348	10944	7776	4
8	19	23	146832	10080	9690	8922	8826	4
8	19	25	159600	5472	114	1650	114	2
8	19	26	165984	1104	5472	5472	1104	2
8	19	28	178752	1392	5472	1848	1392	2
8	19	29	185136	3552	5472	4350	3552	2
8	19	31	197904	1824	5358	5472	1824	2
8	19	32	204288	5472	912	2112	912	2
8	19	34	217056	10944	7068	10572	7068	4
8	19	35	223440	14016	21888	18504	14016	8
8	19	37	236208	3360	5472	5472	3360	2
8	19	38	242592	0	0	0	0	0
8	19	40	255360	5472	3648	5472	3648	2
8	19	41	261744	1248	5472	5472	1248	2
8	19	43	274512	192	1482	5472	192	2
8	19	44	280896	9168	10488	10944	9168	4
8	19	46	293664	21888	18924	19452	18924	8
8	19	47	300048	4896	10944	10944	4896	4
8	19	49	312816	384	5472	3234	384	2
8	19	50	319200	2544	5472	5472	2544	2
8	19	52	331968	5472	5472	5472	5472	2
8	19	53	338352	9120	8778	8970	6954	4
8	19	55	351120	9408	10944	10944	9408	4
8	19	56	357504	5520	10944	9168	5520	4
8	19	58	370272	9840	10944	10944	9840	4
8	19	59	376656	9984	10944	10944	9984	4
8	19	61	389424	4800	5472	5472	4800	2
8	19	62	395808	912	5472	5472	912	2
8	20	23	154560	5520	2760	3864	2760	2
8	20	25	168000	3120	120	4200	120	2
8	20	29	194880	5712	4920	4872	4872	2
8	20	31	208320	5760	2280	5208	2280	2
8	20	35	235200	4560	5760	5760	4560	2
8	20	37	248640	5760	4440	5760	4440	2
8	20	41	275520	3408	5760	5760	3408	2
8	20	43	288960	5760	5760	5760	5760	2
8	20	47	315840	8016	7080	11520	3576	4
8	20	49	329280	5232	5760	5760	5232	2
8	20	53	356160	6864	9240	11520	4584	4
8	20	55	369600	9840	6600	11520	4920	4
8	20	59	396480	5760	5640	5760	5640	2
8	20	61	409920	8688	8760	11520	5928	4
8	22	23	170016	1104	3036	6336	1104	2
8	22	25	184800	2064	6336	5100	2064	2
8	22	29	214368	624	6336	6336	624	2
8	22	31	229152	5184	12672	12660	5184	4
8	22	35	258720	4848	6336	6336	4848	2
8	22	37	273504	1776	4884	6336	1776	2
8	22	41	303072	4704	7260	12672	1260	4
8	22	43	317856	3984	6336	6336	3984	2
8	22	47	347424	12672	9636	12672	9636	4
8	22	49	362208	5520	6336	6336	5520	2
8	22	53	391776	6384	12012	12672	5724	4
8	22	55	406560	3696	6336	6336	3696	2
8	22	59	436128	12672	12672	12672	12672	4
8	22	61	450912	12672	7788	12672	7788	4
8	23	25	193200	6240	5934	5550	5550	2
8	23	26	200928	3696	6348	6624	3696	2
8	23	28	216384	1968	6624	6624	1968	2
8	23	29	224112	6144	1794	4002	1794	2
8	23	31	239568	22560	26358	24150	22422	8
8	23	32	247296	3216	1104	6624	1104	2
8	23	34	262752	1488	6624	6624	1488	2
8	23	35	270480	1632	6624	6624	1632	2
8	23	37	285936	3936	6624	6624	3936	2
8	23	38	293664	19344	16836	19872	16836	6
8	23	40	309120	6960	8832	12144	4752	4
8	23	41	316848	3840	6624	6624	3840	2
8	23	43	332304	8928	13248	13248	8928	4
8	23	44	340032	6624	6072	6624	6072	2
8	23	46	355488	0	0	0	0	0
8	23	47	363216	0	0	0	0	0
8	23	49	378672	9216	15594	19872	4938	6
8	23	50	386400	13248	13248	13248	13248	4
8	23	52	401856	10704	13248	13248	10704	4
8	23	53	409584	2208	6624	6624	2208	2
8	23	55	425040	12960	19872	19872	12960	6
8	23	56	432768	7248	13248	13248	7248	4
8	23	58	448224	9552	6900	13248	3204	4
8	23	59	455952	9024	13248	13248	9024	4
8	23	61	471408	0	0	0	0	0
8	23	62	479136	25392	26496	26496	25392	8
8	25	26	218400	624	7200	4524	624	2
8	25	28	235200	4272	7200	4872	4272	2
8	25	29	243600	13536	14400	14400	13536	4
8	25	31	260400	3360	7200	7200	3360	2
8	25	32	268800	4848	1200	5568	1200	2
8	25	34	285600	16080	16500	21600	15060	6
8	25	35	294000	5280	7200	7200	5280	2
8	25	37	310800	1536	7200	7200	1536	2
8	25	38	319200	1680	7200	7200	1680	2
8	25	40	336000	8640	9600	7440	5040	4
8	25	41	344400	21024	36000	28980	21024	10
8	25	43	361200	6432	7200	7200	6432	2
8	25	44	369600	5760	13800	14400	5760	4
8	25	46	386400	14400	14400	14400	14400	4
8	25	47	394800	9984	8850	14400	4626	4
8	25	49	411600	0	0	0	0	0
8	25	50	420000	0	0	0	0	0
8	25	52	436800	7200	7200	7200	7200	2
8	25	53	445200	8352	14400	14400	8352	4
8	25	55	462000	4800	7200	7200	4800	2
8	25	56	470400	9216	14400	14400	9216	4
8	25	58	487200	36000	29100	29148	29100	10
8	25	59	495600	5376	10050	7554	1026	4
8	25	61	512400	8640	14400	14400	8640	4
8	25	62	520800	10320	9300	14400	5220	4
8	26	29	253344	7776	14976	14976	7776	4
8	26	31	270816	816	7488	7488	816	2
8	26	35	305760	1392	7488	7488	1392	2
8	26	37	323232	4368	7488	7488	4368	2
8	26	41	358176	5184	14976	14976	5184	4
8	26	43	375648	3072	9516	14976	2556	4
8	26	47	410592	3120	7488	7488	3120	2
8	26	49	428064	12912	12324	14976	12324	4
8	26	53	463008	4656	7488	7488	4656	2
8	26	55	480480	7728	14976	14976	7728	4
8	26	59	515424	8352	8268	14976	7644	4
8	26	61	532896	14976	14976	14976	14976	4
8	28	29	272832	2304	10248	16128	2304	4
8	28	31	291648	7152	7896	8064	7152	2
8	28	35	329280	4368	5208	8064	4368	2
8	28	37	348096	8064	8064	8064	8064	2
8	28	41	385728	7248	8064	8064	7248	2
8	28	43	404544	7536	8064	8064	7536	2
8	28	47	442176	8064	8064	8064	8064	2
8	28	49	460992	8064	10920	16128	8064	4
8	28	53	498624	8064	8064	8064	8064	2
8	28	55	517440	9792	13944	16128	9792	4
8	28	59	555072	9840	11256	16128	9840	4
8	28	61	573888	11520	16128	16128	11520	4
8	29	31	302064	7968	8352	8352	7968	2
8	29	32	311808	8160	2784	10848	1440	4
8	29	34	331296	0	0	0	0	0
8	29	35	341040	3840	8352	8352	3840	2
8	29	37	360528	34272	39846	36294	32358	10
8	29	38	370272	9216	12876	16704	9216	4
8	29	40	389760	7248	5568	8352	5568	2
8	29	41	399504	1344	8352	8352	1344	2
8	29	43	418992	5664	8352	8352	5664	2
8	29	44	428736	7584	16008	16704	7584	4
8	29	46	448224	10176	12180	11940	5652	4
8	29	47	457968	8256	8352	8352	8256	2
8	29	49	477456	12384	16704	16704	12384	4
8	29	50	487200	33072	30972	33408	30972	8
8	29	52	506688	7200	16704	16704	7200	4
8	29	53	516432	2400	174	8352	174	2
8	29	55	535920	11712	9570	12642	4578	4
8	29	56	545664	8352	8352	8352	8352	2
8	29	58	565152	0	0	0	0	0
8	29	59	574896	5280	8352	8352	5280	2
8	29	61	594384	18144	25056	25056	18144	6
8	29	62	604128	16704	16704	16704	16704	4
8	31	32	333312	10080	2976	9888	2448	4
8	31	34	354144	4656	8928	8928	4656	2
8	31	35	364560	23808	21018	18906	18042	6
8	31	37	385392	8160	15810	13146	7938	4
8	31	38	395808	5232	4836	1140	1140	2
8	31	40	416640	10368	11904	13488	7392	4
8	31	41	427056	10656	15438	10158	8238	4
8	31	43	447888	1248	8928	8928	1248	2
8	31	44	458304	6144	17112	10248	5400	4
8	31	46	479136	27408	30876	35712	27132	8
8	31	47	489552	30144	53568	42480	30144	12
8	31	49	510384	4800	8928	8928	4800	2
8	31	50	520800	10560	15252	14628	7956	4
8	31	52	541632	9120	17856	17856	9120	4
8	31	53	552048	13632	9114	14970	4890	4
8	31	55	572880	1632	1302	8928	1302	2
8	31	56	583296	10032	17856	17856	10032	4
8	31	58	604128	17856	17856	17856	17856	4
8	31	59	614544	11808	17856	17856	11808	4
8	31	61	635376	5856	8928	8928	5856	2
8	31	62	645792	0	0	0	0	0
8	32	35	376320	4944	5952	1680	1680	2
8	32	37	397824	6576	4416	1776	1776	2
8	32	41	440832	10992	10560	3936	3120	4
8	32	43	462336	3408	7872	2064	2064	2
8	32	47	505344	6672	4800	2256	2256	2
8	32	49	526848	8544	12480	4704	2592	4
8	32	53	569856	12720	8448	5088	2736	4
8	32	55	591360	5136	6720	2640	2640	2
8	32	59	634368	8736	12864	5664	3168	4
8	32	61	655872	11184	11328	5856	4080	4
8	34	35	399840	10464	13260	12732	4140	4
8	34	37	422688	10368	19584	19584	10368	4
8	34	41	468384	9504	16932	13236	6852	4
8	34	43	491232	2352	9792	9792	2352	2
8	34	47	536928	3840	19584	13740	3840	4
8	34	49	559776	7776	19584	19584	7776	4
8	34	53	605472	8928	18564	19584	8928	4
8	34	55	628320	2112	19584	19584	2112	4
8	34	59	674016	5280	19584	19584	5280	4
8	34	61	696864	6288	9792	9792	6288	2
8	35	37	435120	18720	14910	13854	13470	4
8	35	38	446880	12960	20160	20160	12960	4
8	35	40	470400	11520	13440	14160	8160	4
8	35	41	482160	9120	20160	17706	9120	4
8	35	43	505680	48768	59010	52704	47298	12
8	35	44	517440	7296	19320	20160	7296	4
8	35	46	540960	4272	10080	4692	4272	2
8	35	47	552720	8160	12390	18822	3366	4
8	35	49	576240	10080	20160	15078	10080	4
8	35	50	588000	14400	20160	20160	14400	4
8	35	52	611520	6240	20160	15384	6240	4
8	35	53	623280	5280	10080	10080	5280	2
8	35	55	646800	15840	20160	20160	15840	4
8	35	56	658560	12096	20160	20160	12096	4
8	35	58	682080	11328	20160	20160	11328	4
8	35	59	693840	96	3990	10080	96	2
8	35	61	717360	12192	20160	20160	12192	4
8	35	62	729120	49584	43260	50400	43260	10
8	37	38	472416	11520	16428	15900	6636	4
8	37	40	497280	9744	7104	8880	7104	2
8	37	41	509712	28992	29082	26970	26106	6
8	37	43	534576	4800	10656	10656	4800	2
8	37	44	547008	9888	20424	16728	9000	4
8	37	46	571872	9792	21312	21312	9792	4
8	37	47	584304	14112	21312	17142	14112	4
8	37	49	609168	7968	14430	21312	4734	4
8	37	50	621600	3792	10656	6900	3792	2
8	37	52	646464	8832	21312	21312	8832	4
8	37	53	658896	40512	63936	60594	40512	12
8	37	55	683760	10656	10656	10656	10656	2
8	37	56	696192	11280	21312	18384	11280	4
8	37	58	721056	40848	43068	53280	37020	10
8	37	59	733488	10848	21090	21312	10848	4
8	37	61	758352	0	0	0	0	0
8	37	62	770784	11712	21312	21312	11712	4
8	38	41	523488	3984	10944	10944	3984	2
8	38	43	549024	11232	20292	17652	9636	4
8	38	47	600096	10368	21888	21888	10368	4
8	38	49	625632	6240	21888	18588	6240	4
8	38	53	676704	1680	10944	10944	1680	2
8	38	55	702240	8640	21888	19524	8640	4
8	38	59	753312	7776	21888	21888	7776	4
8	38	61	778848	3648	21888	21888	3648	4
8	40	41	551040	11904	19920	15744	8784	4
8	40	43	577920	13824	14640	16512	9696	4
8	40	47	631680	14976	14160	18048	10464	4
8	40	49	658560	14928	18960	18816	10848	4
8	40	53	712320	16176	18480	20352	11616	4
8	40	55	739200	17520	24720	31680	12240	6
8	40	59	792960	19872	24000	33984	13968	6
8	40	61	819840	18672	17520	23040	13152	4
8	41	43	592368	22176	21894	20838	20454	4
8	41	44	606144	10368	22632	13656	9384	4
8	41	46	633696	16080	29028	33276	16080	6
8	41	47	647472	5280	11808	11808	5280	2
8	41	49	675024	65376	78474	71388	61194	14
8	41	50	688800	20496	35424	35424	20496	6
8	41	52	716352	9984	23616	22728	9984	4
8	41	53	730128	7584	18942	23616	7584	4
8	41	55	757680	13536	23616	23358	13536	4
8	41	56	771456	13824	23616	23616	13824	4
8	41	58	799008	2832	11808	11808	2832	2
8	41	59	812784	23616	13038	14286	13038	4
8	41	61	840336	20544	35424	35424	20544	6
8	41	62	854112	19584	23616	23616	19584	4
8	43	44	635712	14736	36120	35592	13704	6
8	43	46	664608	15552	24768	24768	15552	4
8	43	47	679056	43776	43602	39996	37842	8
8	43	49	707952	11040	24768	24768	11040	4
8	43	50	722400	17328	33540	37068	17328	6
8	43	52	751296	8544	24768	24768	8544	4
8	43	53	765744	17568	24768	24768	17568	4
8	43	55	794640	7392	21414	24768	7392	4
8	43	56	809088	14400	24768	24768	14400	4
8	43	58	837984	14976	24768	24768	14976	4
8	43	59	852432	52128	86688	78906	52128	14
8	43	61	881328	18624	15222	17142	9078	4
8	43	62	895776	2352	12384	12384	2352	2
8	44	47	694848	18144	19272	25080	17016	4
8	44	49	724416	14640	38016	38016	14640	6
8	44	53	783552	25296	24024	25344	24024	4
8	44	55	813120	13728	25344	25344	13728	4
8	44	59	872256	24816	25344	25344	24816	4
8	44	61	901824	17808	28248	38016	16344	6
8	46	47	726432	14688	26496	26496	14688	4
8	46	49	757344	17280	17940	19716	9636	4
8	46	53	819168	11040	26496	26496	11040	4
8	46	55	850080	12960	26496	26496	12960	4
8	46	59	911904	25344	31740	34284	17340	6
8	46	61	942816	9312	26496	21300	9312	4
8	47	49	773808	25632	27072	27072	25632	4
8	47	50	789600	13824	23124	16836	9876	4
8	47	52	821184	13728	27072	27072	13728	4
8	47	53	836976	12000	27072	27072	12000	4
8	47	55	868560	84768	104622	93096	81102	16
8	47	56	884352	15552	27072	27072	15552	4
8	47	58	915936	19824	40608	40608	19824	6
8	47	59	931728	7008	26790	27072	7008	4
8	47	61	963312	17088	34122	40608	17088	6
8	47	62	979104	30528	54144	54144	30528	8
8	49	50	823200	15072	28224	28224	15072	4
8	49	52	856128	12960	28224	23784	12960	4
8	49	53	872592	50688	54978	52194	49218	8
8	49	55	905520	18528	16170	19722	8298	4
8	49	56	921984	16128	28224	28224	16128	4
8	49	58	954912	22704	42336	42336	22704	6
8	49	59	971376	21024	28224	28224	21024	4
8	49	61	1004304	6816	28224	28224	6816	4
8	49	62	1020768	21072	42336	42336	21072	6
8	50	53	890400	15552	28800	28800	15552	4
8	50	55	924000	13440	28800	28800	13440	4
8	50	59	991200	16608	28500	26436	16308	4
8	50	61	1024800	26448	36300	41244	21324	6
8	52	53	926016	18480	44928	44928	18480	6
8	52	55	960960	20736	29952	29952	20736	4
8	52	59	1030848	17040	44928	44928	17040	6
8	52	61	1065792	28512	29952	29952	28512	4
8	53	55	979440	29088	30528	30528	29088	4
8	53	56	997248	17280	30528	29712	17280	4
8	53	58	1032864	20400	31164	40620	13788	6
8	53	59	1050672	23520	37842	41106	14706	8
8	53	61	1086288	106272	130062	117828	98958	18
8	53	62	1104096	25920	50244	41688	15108	8
8	55	56	1034880	19056	47520	43440	19056	6
8	55	58	1071840	31344	32340	30456	17076	6
8	55	59	1090320	57600	63360	63360	57600	8
8	55	61	1127280	17184	35310	47520	17184	6
8	55	62	1145760	21648	36300	44700	16812	6
8	56	59	1110144	19008	32256	32256	19008	4
8	56	61	1147776	19584	32256	32256	19584	4
8	58	59	1149792	19632	50112	50112	19632	6
8	58	61	1188768	18144	33408	33408	18144	4
8	59	61	1209264	32544	33984	33984	32544	4
8	59	62	1229088	20736	33984	33984	20736	4
8	61	62	1270752	22224	52704	52704	22224	6
10	11	13	60060	0	0	0	0	0
10	11	14	64680	300	2904	2940	300	2
10	11	16	73920	7140	4752	4032	3972	4
10	11	17	78540	3960	1650	3570	1650	2
10	11	19	87780	0	0	0	0	0
10	11	20	92400	0	0	0	0	0
10	11	22	101640	0	0	0	0	0
10	11	23	106260	240	3960	966	240	2
10	11	25	115500	0	0	0	0	0
10	11	26	120120	780	3432	3960	780	2
10	11	28	129360	2820	3960	3960	2820	2
10	11	29	133980	4320	7920	7920	4320	4
10	11	31	143220	8760	11880	9222	8760	6
10	11	32	147840	11880	8844	9264	8844	6
10	11	34	157080	7920	5280	7920	5280	4
10	11	35	161700	3960	3960	3960	3960	2
10	11	37	170940	3960	2838	3960	2838	2
10	11	38	175560	3960	2112	3960	2112	2
10	11	40	184800	7260	1320	5640	1320	4
10	11	41	189420	0	0	0	0	0
10	11	43	198660	0	0	0	0	0
10	11	44	203280	660	3960	3960	660	2
10	11	46	212520	3960	3960	3960	3960	2
10	11	47	217140	6000	7854	5934	5934	4
10	11	49	226380	3960	3960	3960	3960	2
10	11	50	231000	3960	2640	3960	2640	2
10	11	52	240240	0	0	0	0	0
10	11	53	244860	600	3960	3960	600	2
10	11	55	254100	5280	7590	6270	4950	4
10	11	56	258720	7620	4092	6312	3792	4
10	11	58	267960	3960	3960	3960	3960	2
10	11	59	272580	4800	7920	7920	4800	4
10	11	61	281820	7920	7920	7920	7920	4
10	11	62	286440	7920	7920	7920	7920	4
10	13	14	76440	1500	3432	4620	1500	2
10	13	16	87360	7920	5616	8616	5616	4
10	13	17	92820	0	0	0	0	0
10	13	19	103740	1560	4602	1482	1482	2
10	13	20	109200	0	0	0	0	0
10	13	22	120120	420	4680	4680	420	2
10	13	23	125580	12480	12714	11154	11154	6
10	13	25	136500	3480	2730	4680	2730	2
10	13	26	141960	0	0	0	0	0
10	13	28	152880	660	4524	4680	660	2
10	13	29	158340	0	0	0	0	0
10	13	31	169260	9360	5538	7098	5538	4
10	13	32	174720	9360	5772	9360	5772	4
10	13	34	185640	2580	1560	4680	1560	2
10	13	35	191100	240	4680	4680	240	2
10	13	37	202020	5280	9360	9360	5280	4
10	13	38	207480	5460	9360	7644	5460	4
10	13	40	218400	4680	780	4680	780	2
10	13	41	223860	4680	4290	4680	4290	2
10	13	43	234780	1680	390	4680	390	2
10	13	44	240240	4380	4680	4680	4380	2
10	13	46	251160	13260	13728	12948	12948	6
10	13	47	256620	4680	4602	4680	4602	2
10	13	49	267540	0	0	0	0	0
10	13	50	273000	9300	6240	8580	6240	4
10	13	52	283920	780	4680	4680	780	2
10	13	53	289380	9360	9360	9360	9360	4
10	13	55	300300	9360	8970	9360	8970	4
10	13	56	305760	4680	156	4680	156	2
10	13	58	316680	8220	5304	9204	4164	4
10	13	59	322140	3720	1950	4680	1950	2
10	13	61	333060	6240	9360	9360	6240	4
10	13	62	338520	9360	9360	9360	9360	4
10	14	17	99960	6120	9492	6120	5532	4
10	14	19	111720	9300	7560	6840	6780	4
10	14	23	135240	5040	3612	5040	3612	2
10	14	25	147000	5040	2940	5040	2940	2
10	14	29	170520	4380	1596	5040	1596	2
10	14	31	182280	3900	924	5040	924	2
10	14	35	205800	2940	5040	3360	2940	2
10	14	37	217560	4980	3612	3552	3552	2
10	14	41	241080	660	5040	5040	660	2
10	14	43	252840	1860	5040	5040	1860	2
10	14	47	276360	4260	5040	5040	4260	2
10	14	49	288120	5040	5040	5040	5040	2
10	14	53	311640	8700	10080	10080	8700	4
10	14	55	323400	10080	9660	10080	9660	4
10	14	59	346920	10080	5964	10080	5964	4
10	14	61	358680	5040	5040	5040	5040	2
10	16	17	114240	1740	5760	5100	1740	2
10	16	19	127680	420	5664	5700	420	2
10	16	23	154560	5340	96	3036	96	2
10	16	25	168000	5700	3360	3300	3300	2
10	16	29	194880	2220	480	5760	480	2
10	16	31	208320	4260	2400	5760	2400	2
10	16	35	235200	5760	5760	5760	5760	2
10	16	37	248640	11520	8544	10644	8544	4
10	16	41	275520	7620	11520	11172	7620	4
10	16	43	288960	4740	5760	5760	4740	2
10	16	47	315840	2100	5760	5760	2100	2
10	16	49	329280	6540	7968	11520	2988	4
10	16	53	356160	9780	9120	11520	7380	4
10	16	55	369600	6780	11040	11520	6300	4
10	16	59	396480	5760	5760	5760	5760	2
10	16	61	409920	11520	7392	11520	7392	4
10	17	19	135660	5640	1734	1254	1254	2
10	17	20	142800	0	0	0	0	0
10	17	22	157080	11460	10200	9420	9420	4
10	17	23	164220	4320	12240	12240	4320	4
10	17	25	178500	4200	3570	1650	1650	2
10	17	26	185640	1860	6120	3900	1860	2
10	17	28	199920	6120	6120	12240	4944	4
10	17	29	207060	12240	6630	10470	6630	4
10	17	31	221340	2760	5406	2046	2046	2
10	17	32	228480	420	6120	6120	420	2
10	17	34	242760	0	0	0	0	0
10	17	35	249900	5160	6120	6120	5160	2
10	17	37	264180	16560	24480	20232	16560	8
10	17	38	271320	6780	6528	8628	1068	4
10	17	40	285600	6120	1020	6000	1020	2
10	17	41	292740	0	0	0	0	0
10	17	43	307020	6120	4794	6120	4794	2
10	17	44	314160	24480	19584	21264	19584	8
10	17	46	328440	4620	6120	6120	4620	2
10	17	47	335580	0	0	0	0	0
10	17	49	349860	6000	6120	6120	6000	2
10	17	50	357000	11460	8160	9420	7380	4
10	17	52	371280	6780	12240	12240	6780	4
10	17	53	378420	6960	12240	12240	6960	4
10	17	55	392700	7320	11730	12240	6810	4
10	17	56	399840	10020	12036	9816	9816	4
10	17	58	414120	12240	12240	12240	12240	4
10	17	59	421260	11400	12240	12240	11400	4
10	17	61	435540	600	3162	6120	600	2
10	17	62	442680	11880	14280	16332	7800	6
10	19	20	159600	0	0	0	0	0
10	19	22	175560	3180	6840	4092	3180	2
10	19	23	183540	5880	3306	2346	2346	2
10	19	25	199500	2040	3990	6840	2040	2
10	19	26	207480	3900	5928	6840	3900	2
10	19	28	223440	18720	13680	18888	13680	6
10	19	29	231420	23400	25878	22032	21918	8
10	19	31	247380	5400	13680	13680	5400	4
10	19	32	255360	3300	6840	6840	3300	2
10	19	34	271320	300	6840	6840	300	2
10	19	35	279300	3000	6840	3570	3000	2
10	19	37	295260	840	6840	6840	840	2
10	19	38	303240	0	0	0	0	0
10	19	40	319200	8220	2280	10920	2280	4
10	19	41	327180	6480	11514	11022	6234	4
10	19	43	343140	13680	12198	13680	12198	4
10	19	44	351120	9780	13680	13680	9780	4
10	19	46	367080	7620	10032	11532	3972	4
10	19	47	375060	120	6840	4794	120	2
10	19	49	391020	0	0	0	0	0
10	19	50	399000	7500	9120	13680	5220	4
10	19	52	414960	11220	12084	12144	9624	4
10	19	53	422940	6240	6840	6840	6240	2
10	19	55	438900	13440	13110	13680	13110	4
10	19	56	446880	13680	13680	13680	13680	4
10	19	58	462840	25980	27360	26436	25980	8
10	19	59	470820	14280	20520	20520	14280	6
10	19	61	486780	7800	13680	13680	7800	4
10	19	62	494760	6180	6840	6840	6180	2
10	20	23	193200	0	0	0	0	0
10	20	29	243600	0	0	0	0	0
10	20	31	260400	0	0	0	0	0
10	20	37	310800	0	0	0	0	0
10	20	41	344400	0	0	0	0	0
10	20	43	361200	0	0	0	0	0
10	20	47	394800	0	0	0	0	0
10	20	49	411600	0	0	0	0	0
10	20	53	445200	0	0	0	0	0
10	20	59	495600	0	0	0	0	0
10	20	61	512400	0	0	0	0	0
10	22	23	212520	2220	7920	5520	2220	2
10	22	25	231000	7620	4620	6000	4620	2
10	22	29	267960	2460	7920	7920	2460	2
10	22	31	286440	9000	15840	15360	9000	4
10	22	35	323400	6900	7920	7920	6900	2
10	22	37	341880	3900	5676	7920	3900	2
10	22	41	378840	7920	7260	7920	7260	2
10	22	43	397320	6600	8580	15840	1440	4
10	22	47	434280	11940	15840	15840	11940	4
10	22	49	452760	15840	15840	15840	15840	4
10	22	53	489720	7620	7920	7920	7620	2
10	22	55	508200	9240	15180	15840	9240	4
10	22	59	545160	10740	11220	15840	6120	4
10	22	61	563640	6540	7920	7920	6540	2
10	23	25	241500	7800	4830	4350	4350	2
10	23	26	251160	12600	15456	16560	12600	4
10	23	28	270480	15780	16284	15504	15504	4
10	23	29	280140	3480	8280	7482	3480	2
10	23	31	299460	6360	7314	5394	5394	2
10	23	32	309120	7200	10212	8472	852	4
10	23	34	328440	3540	8280	8280	3540	2
10	23	35	338100	3720	8280	8280	3720	2
10	23	37	357420	6480	12282	14718	6480	4
10	23	38	367080	7680	8832	14892	612	4
10	23	40	386400	12600	2760	8520	1620	4
10	23	41	396060	16560	13938	16560	13938	4
10	23	43	415380	25320	41400	32580	25320	10
10	23	44	425040	9720	18216	24216	4476	6
10	23	46	444360	0	0	0	0	0
10	23	47	454020	7560	16560	16560	7560	4
10	23	49	473340	2040	8280	8280	2040	2
10	23	50	483000	10500	11040	16560	7740	4
10	23	52	502320	15060	16560	16560	15060	4
10	23	53	511980	0	0	0	0	0
10	23	55	531300	8880	15870	16560	8190	4
10	23	56	540960	41400	33120	33456	33120	10
10	23	58	560280	11100	16560	16560	11100	4
10	23	59	569940	1320	7314	354	354	2
10	23	61	589260	6720	8280	8280	6720	2
10	23	62	598920	9300	16560	16560	9300	4
10	25	26	273000	2460	9000	5460	2460	2
10	25	28	294000	6180	8700	5880	5880	2
10	25	29	304500	8040	7050	6090	6090	2
10	25	31	325500	8400	3750	6510	3750	2
10	25	32	336000	7920	11100	13440	3120	4
10	25	34	357000	4740	9000	7140	4740	2
10	25	37	388500	9000	6450	7770	6450	2
10	25	38	399000	9000	4800	7980	4800	2
10	25	41	430500	5160	9000	8610	5160	2
10	25	43	451500	8880	9000	9000	8880	2
10	25	44	462000	9000	7500	9000	7500	2
10	25	46	483000	10860	13200	18000	6060	4
10	25	47	493500	12720	11550	18000	6270	4
10	25	49	514500	7440	9000	9000	7440	2
10	25	52	546000	9420	15900	18000	7320	4
10	25	53	556500	11280	14250	18000	7530	4
10	25	56	588000	16560	9300	18000	8160	4
10	25	58	609000	9000	9000	9000	9000	2
10	25	59	619500	9840	16950	18000	8790	4
10	25	61	640500	13560	13650	18000	9210	4
10	25	62	651000	15420	12000	18000	9420	4
10	26	29	316680	660	9360	9360	660	2
10	26	31	338520	17940	18720	18720	17940	4
10	26	35	382200	9360	9360	9360	9360	2
10	26	37	404040	2940	9360	9360	2940	2
10	26	41	447720	3660	8580	9360	3660	2
10	26	43	469560	9360	9360	9360	9360	2
10	26	47	513240	18720	18564	18720	18564	4
10	26	49	535080	4260	9360	9360	4260	2
10	26	53	578760	8280	18720	18720	8280	4
10	26	55	600600	18720	17940	18720	17940	4
10	26	59	644280	10380	17628	18720	9288	4
10	26	61	666120	13260	18720	18720	13260	4
10	28	29	341040	3540	3192	10080	3192	2
10	28	31	364560	8640	11928	20160	8268	4
10	28	35	411600	5460	10080	10080	5460	2
10	28	37	435120	4080	17304	10524	1224	4
10	28	41	482160	3180	10080	10080	3180	2
10	28	43	505680	3540	10080	10080	3540	2
10	28	47	552720	2640	19992	20160	2640	4
10	28	49	576240	10080	20160	20160	10080	4
10	28	53	623280	16260	20160	20160	16260	4
10	28	55	646800	10380	28560	20820	9540	6
10	28	59	693840	19020	11928	10788	10788	4
10	28	61	717360	20160	20160	20160	20160	4
10	29	31	377580	9960	9222	8742	8742	2
10	29	32	389760	5100	10440	10440	5100	2
10	29	34	414120	28080	24360	21900	21120	6
10	29	35	426300	5400	20880	14430	5400	4
10	29	37	450660	8520	10440	10434	8520	2
10	29	38	462840	28080	27144	41760	25116	8
10	29	40	487200	11940	3480	15000	3240	4
10	29	41	499380	7560	20880	20880	7560	4
10	29	43	523740	7080	10440	10440	7080	2
10	29	44	535920	7260	3828	10440	3828	2
10	29	46	560280	9360	20184	20880	9360	4
10	29	47	572460	13200	13398	15798	5718	4
10	29	49	596820	36720	62640	48816	36720	12
10	29	50	609000	15420	13920	11940	8460	4
10	29	52	633360	5340	10440	10440	5340	2
10	29	53	645540	20880	20880	20880	20880	4
10	29	55	669900	13440	20010	20880	13440	4
10	29	56	682080	13320	30972	27264	12972	6
10	29	58	706440	0	0	0	0	0
10	29	59	718620	1560	1914	10440	1560	2
10	29	61	742980	20160	26274	27834	15114	6
10	29	62	755160	12960	31320	31320	12960	6
10	31	32	416640	2940	11160	4800	2940	2
10	31	34	442680	11640	14880	16260	4500	4
10	31	35	455700	10200	11160	11130	10200	2
10	31	37	481740	11880	16554	22320	11880	4
10	31	38	494760	4020	11160	11160	4020	2
10	31	40	520800	14700	3720	13800	3720	4
10	31	41	533820	54000	62496	53496	49536	12
10	31	43	559860	14040	12090	17610	5010	4
10	31	44	572880	6840	20460	22320	6840	4
10	31	46	598920	7140	5208	11160	5208	2
10	31	47	611940	7320	11160	11160	7320	2
10	31	49	637980	8640	22320	22320	8640	4
10	31	50	651000	16500	14880	18660	12780	4
10	31	52	677040	44220	42036	44640	42036	8
10	31	53	690060	5880	11160	11160	5880	2
10	31	55	716100	11640	21390	14790	10710	4
10	31	56	729120	18420	22320	22320	18420	4
10	31	58	755160	12960	33480	33480	12960	6
10	31	59	768180	20880	26970	31170	14370	6
10	31	61	794220	600	3162	11160	600	2
10	31	62	807240	0	0	0	0	0
10	32	35	470400	10380	11520	11520	10380	2
10	32	37	497280	31320	28608	26148	25368	6
10	32	41	551040	13680	23040	23040	13680	4
10	32	43	577920	1740	11520	11520	1740	2
10	32	47	631680	3300	11520	11520	3300	2
10	32	49	658560	14880	15936	15636	7776	4
10	32	53	712320	4560	18240	23040	4560	4
10	32	55	739200	18720	22080	23040	18720	4
10	32	59	792960	23040	23040	23040	23040	4
10	32	61	819840	23040	14784	16644	14784	4
10	34	35	499800	7200	24480	16440	7200	4
10	34	37	528360	15480	24480	24480	15480	4
10	34	41	585480	2580	12240	12240	2580	2
10	34	43	614040	15120	21828	24480	15120	4
10	34	47	671160	10380	12240	12240	10380	2
10	34	49	699720	3180	12240	12240	3180	2
10	34	53	756840	15360	19380	18600	10260	4
10	34	55	785400	19440	23460	18840	18420	4
10	34	59	842520	20580	24480	24480	20580	4
10	34	61	871080	7320	24276	24480	7320	4
10	35	37	543900	12120	12600	12600	12120	2
10	35	38	558600	8940	12600	12600	8940	2
10	35	41	602700	10320	11550	12600	10320	2
10	35	43	632100	10680	12600	12600	10680	2
10	35	44	646800	10800	17220	25200	10800	4
10	35	46	676200	11520	24360	25200	11520	4
10	35	47	690900	12600	12600	12600	12600	2
10	35	49	720300	12600	17430	25200	12600	4
10	35	52	764400	12600	12600	12600	12600	2
10	35	53	779100	12600	12600	12600	12600	2
10	35	56	823200	15120	24780	25200	15120	4
10	35	58	852600	12600	12600	12600	12600	2
10	35	59	867300	16080	17850	25200	16080	4
10	35	61	896700	16920	24990	25200	16920	4
10	35	62	911400	15780	25200	25200	15780	4
10	37	38	590520	16920	14208	13548	4488	4
10	37	40	621600	9660	2220	6960	2220	2
10	37	41	637140	23040	16206	13566	12606	4
10	37	43	668220	8640	26640	26640	8640	4
10	37	44	683760	9840	18204	11616	1404	4
10	37	46	714840	8880	19536	26640	8880	4
10	37	47	730380	73680	86580	73866	67020	14
10	37	49	761460	18360	26640	26640	18360	4
10	37	50	777000	19440	26640	26520	10560	6
10	37	52	808080	6780	10212	13320	6780	2
10	37	53	823620	19440	39072	40278	11592	8
10	37	55	854700	16320	25530	22890	15210	4
10	37	56	870240	17460	26640	23400	6600	6
10	37	58	901320	19380	39960	39960	19380	6
10	37	59	916860	8520	26640	26640	8520	4
10	37	61	947940	16680	26418	26640	16458	4
10	37	62	963480	23760	39960	37428	23760	6
10	38	41	654360	10800	23028	27360	10800	4
10	38	43	686280	48180	42408	36648	35868	8
10	38	47	750120	7080	27360	22704	7080	4
10	38	49	782040	16200	22116	14856	10956	4
10	38	53	845880	13440	15276	23856	4536	4
10	38	55	877800	15780	38760	28680	14640	6
10	38	59	941640	14760	27360	27360	14760	4
10	38	61	973560	16320	27132	25392	16092	4
10	40	41	688800	17400	16320	4920	4920	4
10	40	43	722400	19800	12480	5160	3780	4
10	40	47	789600	9780	7440	2820	2820	2
10	40	49	823200	13560	19920	5880	4680	4
10	40	53	890400	20220	13440	6360	4860	4
10	40	59	991200	13800	20400	7080	5400	4
10	40	61	1024800	17880	18240	7320	7320	4
10	41	43	740460	27720	19434	18114	17634	4
10	41	44	757680	14640	27060	29280	13320	4
10	41	46	792120	52500	50184	44424	43644	8
10	41	47	809340	14040	29274	29520	14040	4
10	41	49	843780	22320	23862	18582	16662	4
10	41	50	861000	17700	19680	27060	12780	4
10	41	52	895440	7500	11316	4056	4056	2
10	41	53	912660	16200	23370	29520	14610	4
10	41	55	947100	18240	41820	33810	17010	6
10	41	56	964320	6540	14268	14760	6540	2
10	41	58	998760	18180	31488	33552	11568	6
10	41	59	1015980	10800	29520	29520	10800	4
10	41	61	1050420	64200	103320	93318	64200	14
10	41	62	1067640	58260	63960	73800	56400	10
10	43	44	794640	23460	34056	21816	11076	6
10	43	46	830760	24540	45408	46440	24540	6
10	43	47	848820	27360	23478	20838	19878	4
10	43	49	884940	12960	21414	30960	12960	4
10	43	50	903000	20880	20640	21180	15720	4
10	43	52	939120	19380	42828	46440	19380	6
10	43	53	957180	96840	114552	99978	87552	16
10	43	55	993300	23040	45150	46440	21750	6
10	43	56	1011360	6900	14964	6384	6384	2
10	43	58	1047480	6420	15480	15480	6420	2
10	43	59	1065540	24000	33798	37686	19398	6
10	43	61	1101660	24840	30960	30960	24840	4
10	43	62	1119720	25200	51600	39888	14880	8
10	44	47	868560	20160	31680	31680	20160	4
10	44	49	905520	56820	57288	52848	50748	8
10	44	53	979440	17280	31680	31680	17280	4
10	44	55	1016400	17160	30360	23100	15840	4
10	44	59	1090320	12720	22440	31680	9180	4
10	44	61	1127280	6720	31680	23892	6720	4
10	46	47	908040	26700	29808	40248	17568	6
10	46	49	946680	12360	33120	33024	12360	4
10	46	53	1023960	20520	30084	25464	17484	4
10	46	55	1062600	33060	31740	33120	31740	4
10	46	59	1139880	10920	33120	26472	10920	4
10	46	61	1178520	12480	25116	33120	11016	4
10	47	49	967260	32040	27354	26034	25554	4
10	47	50	987000	22320	22560	22020	16380	4
10	47	52	1026480	61140	63732	60432	57192	8
10	47	53	1046220	10800	33840	33840	10800	4
10	47	55	1085700	26640	32430	27150	25230	4
10	47	56	1105440	10200	33276	33840	10200	4
10	47	58	1144920	34560	36096	33624	19896	6
10	47	59	1164660	20520	33840	33840	20520	4
10	47	61	1204140	26400	38634	45186	26034	6
10	47	62	1223880	6180	16920	16920	6180	2
10	49	50	1029000	23040	23520	28740	17160	4
10	49	52	1070160	8940	17640	17640	8940	2
10	49	53	1090740	31680	32046	29406	28446	4
10	49	55	1131900	24240	51450	52920	24240	6
10	49	56	1152480	33180	35280	37800	20160	6
10	49	58	1193640	36720	70560	70560	36720	8
10	49	59	1214220	114120	139062	127080	112062	16
10	49	61	1255380	11880	35280	35280	11880	4
10	49	62	1275960	19620	41160	49044	19620	6
10	50	53	1113000	24480	28500	25440	18120	4
10	50	59	1239000	30300	37200	42480	21120	6
10	50	61	1281000	27360	27300	29280	20040	4
10	52	53	1157520	23520	34008	33348	20088	4
10	52	55	1201200	28440	35880	37440	28440	4
10	52	59	1288560	31380	53976	53724	31380	6
10	52	61	1332240	23040	37440	37440	23040	4
10	53	55	1224300	36360	36570	35250	34770	4
10	53	56	1246560	29460	57240	57240	29460	6
10	53	58	1291080	69780	76320	74292	69780	8
10	53	59	1313340	31920	43884	50550	23070	6
10	53	61	1357860	30960	38160	37014	30960	4
10	53	62	1380120	22680	57240	57240	22680	6
10	55	56	1293600	31380	58740	58080	30720	6
10	55	58	1339800	27420	42240	58080	25680	6
10	55	59	1362900	36000	39600	39270	36000	4
10	55	61	1409100	28200	45210	59400	26370	6
10	55	62	1432200	29580	59400	59400	29580	6
10	56	59	1387680	15360	40320	40320	15360	4
10	56	61	1434720	89280	86352	81372	74832	10
10	58	59	1437240	27000	41760	41760	27000	4
10	58	61	1485960	28140	52548	44688	18048	6
10	59	61	1511580	40680	42480	42480	40680	4
10	59	62	1536360	30960	28320	30540	17940	4
10	61	62	1588440	27480	43920	43920	27480	4
11	13	14	84084	1650	3666	168	168	2
11	13	16	96096	0	0	0	0	0
11	13	17	102102	1320	5148	1632	1320	2
11	13	19	114114	5148	1560	1824	1560	2
11	13	20	120120	0	0	0	0	0
11	13	22	132132	0	0	0	0	0
11	13	23	138138	0	0	0	0	0
11	13	25	150150	1056	4056	5148	1056	2
11	13	26	156156	0	0	0	0	0
11	13	28	168168	726	4758	336	336	2
11	13	29	174174	3696	5148	5148	3696	2
11	13	31	186186	6336	10296	10296	6336	4
11	13	32	192192	2442	5148	5148	2442	2
11	13	34	204204	4752	10296	8412	4752	4
11	13	35	210210	12672	20592	14076	12672	8
11	13	37	222222	20592	13104	14292	13104	8
11	13	38	228228	10296	5694	8796	5694	4
11	13	40	240240	5148	4290	5148	4290	2
11	13	41	246246	10296	8580	10296	8580	4
11	13	43	258258	10296	6864	10296	6864	4
11	13	44	264264	9966	1716	5676	1386	4
11	13	46	276276	0	0	0	0	0
11	13	47	282282	5148	5148	5148	5148	2
11	13	49	294294	5148	5148	5148	5148	2
11	13	50	300300	0	0	0	0	0
11	13	52	312312	1716	10296	10140	1716	4
11	13	53	318318	8052	9204	10236	6960	4
11	13	55	330330	10296	6864	10296	6864	4
11	13	56	336336	8646	6630	10296	4980	4
11	13	58	348348	8712	7098	5844	5514	4
11	13	59	354354	5016	2184	5148	2184	2
11	13	61	366366	4488	1560	5148	1560	2
11	13	62	372372	5214	10296	10296	5214	4
11	14	16	103488	2244	4452	5544	2244	2
11	14	17	109956	9504	7056	10338	7056	4
11	14	19	122892	0	0	0	0	0
11	14	20	129360	3036	3108	600	600	2
11	14	22	142296	0	0	0	0	0
11	14	23	148764	5478	2688	2622	2622	2
11	14	25	161700	18216	18648	14688	14688	8
11	14	26	168168	4224	3444	5544	3444	2
11	14	28	181104	0	0	0	0	0
11	14	29	187572	5940	11088	8850	5940	4
11	14	31	200508	0	0	0	0	0
11	14	32	206976	1716	5544	5544	1716	2
11	14	34	219912	11088	7476	11088	7476	4
11	14	35	226380	6468	5544	6594	3234	4
11	14	37	239316	2706	5544	5544	2706	2
11	14	38	245784	5544	4116	5544	4116	2
11	14	40	258720	4752	8988	6744	2652	4
11	14	41	265188	7194	11088	11088	7194	4
11	14	43	278124	5544	5376	5544	5376	2
11	14	44	284592	7788	1848	10560	1848	4
11	14	46	297528	11088	8148	10788	8148	4
11	14	47	303996	0	0	0	0	0
11	14	49	316932	5544	5544	5544	5544	2
11	14	50	323400	19800	20244	18132	17868	8
11	14	52	336336	9372	9660	11088	7944	4
11	14	53	342804	0	0	0	0	0
11	14	55	355740	9042	7392	7194	5346	4
11	14	56	362208	1848	11088	11088	1848	4
11	14	58	375144	11088	11088	11088	11088	4
11	14	59	381612	11088	11088	11088	11088	4
11	14	61	394548	4686	2856	5544	2856	2
11	14	62	401016	5544	5544	5544	5544	2
11	16	17	125664	0	0	0	0	0
11	16	19	140448	8316	12288	8892	7932	4
11	16	20	147840	3432	3552	6336	3432	2
11	16	22	162624	0	0	0	0	0
11	16	23	170016	3102	6336	6336	3102	2
11	16	25	184800	3498	3648	6336	3498	2
11	16	26	192192	924	6336	3900	924	2
11	16	28	206976	6336	12672	12672	6336	4
11	16	29	214368	6336	4800	6336	4800	2
11	16	31	229152	5610	5376	4650	4650	2
11	16	32	236544	0	0	0	0	0
11	16	34	251328	6204	3552	6336	3552	2
11	16	35	258720	3630	3840	6336	3630	2
11	16	37	273504	330	6336	2442	330	2
11	16	38	280896	17424	25344	20880	17424	8
11	16	40	295680	7392	9216	8976	6336	4
11	16	41	303072	5940	10560	9042	3828	4
11	16	43	317856	25344	19584	21846	19584	8
11	16	44	325248	10824	2112	9240	2112	4
11	16	46	340032	3036	6336	6336	3036	2
11	16	47	347424	3234	6336	6336	3234	2
11	16	49	362208	0	0	0	0	0
11	16	50	369600	9504	10464	12672	9504	4
11	16	52	384384	6072	6336	6336	6072	2
11	16	53	391776	12672	12672	12672	12672	4
11	16	55	406560	10230	8448	12672	8118	4
11	16	56	413952	6336	6336	6336	6336	2
11	16	58	428736	12672	12672	12672	12672	4
11	16	59	436128	0	0	0	0	0
11	16	61	450912	8646	12672	12672	8646	4
11	16	62	458304	12672	12672	12672	12672	4
11	17	19	149226	2508	6732	6384	2508	2
11	17	20	157080	0	0	0	0	0
11	17	22	172788	0	0	0	0	0
11	17	23	180642	12804	11424	13464	11424	4
11	17	25	196350	0	0	0	0	0
11	17	26	204204	6732	1326	2184	1326	2
11	17	28	219912	22968	24480	20520	20520	8
11	17	29	227766	2640	6528	2436	2436	2
11	17	31	243474	2112	2856	6732	2112	2
11	17	32	251328	5082	3162	6732	3162	2
11	17	34	267036	0	0	0	0	0
11	17	35	274890	5676	6732	5880	5676	2
11	17	37	290598	13464	7140	12948	7140	4
11	17	38	298452	7920	13464	13464	7920	4
11	17	40	314160	0	0	0	0	0
11	17	41	322014	10824	8364	13464	8364	4
11	17	43	337722	5412	6732	6732	5412	2
11	17	44	345576	6798	2244	13464	1188	4
11	17	46	361284	13464	12750	13464	12750	4
11	17	47	369138	6204	6732	6732	6204	2
11	17	49	384846	9504	10812	13464	9504	4
11	17	50	392700	3102	102	6732	102	2
11	17	52	408408	3498	6732	6732	3498	2
11	17	53	416262	10428	7752	11184	4716	4
11	17	55	431970	13464	8976	11352	8976	4
11	17	56	439824	25410	26418	24900	24900	8
11	17	58	455532	11484	16014	18336	7302	6
11	17	59	463386	6996	13464	11688	6996	4
11	17	61	479094	14124	20196	20196	14124	6
11	17	62	486948	858	2346	6732	858	2
11	19	20	175560	3102	2622	7440	2622	2
11	19	22	193116	0	0	0	0	0
11	19	23	201894	1848	7524	2760	1848	2
11	19	25	219450	6336	15048	15048	6336	4
11	19	26	228228	0	0	0	0	0
11	19	28	245784	2838	2166	7524	2166	2
11	19	29	254562	3036	7524	7524	3036	2
11	19	31	272118	7524	3192	3720	3192	2
11	19	32	280896	9108	9462	15048	8340	4
11	19	34	298452	1254	7524	7524	1254	2
11	19	35	307230	528	7524	7140	528	2
11	19	37	324786	8316	15048	15048	8316	4
11	19	38	333564	0	0	0	0	0
11	19	40	351120	9504	9006	15048	8544	4
11	19	41	359898	22176	30096	27492	22176	8
11	19	43	377454	5808	7524	7524	5808	2
11	19	44	386232	9834	2508	12804	2508	4
11	19	46	403788	0	0	0	0	0
11	19	47	412566	8580	11400	15048	8580	4
11	19	49	430122	30096	27132	28452	27132	8
11	19	50	438900	6270	7524	7524	6270	2
11	19	52	456456	2046	798	7524	798	2
11	19	53	465234	15048	13452	15048	13452	4
11	19	55	482790	9240	10032	15048	6732	4
11	19	56	491568	9438	8094	15048	8094	4
11	19	58	509124	9834	15048	15048	9834	4
11	19	59	517902	13464	18240	22128	9132	6
11	19	61	535458	15048	9804	15048	9804	4
11	19	62	544236	11550	10146	14964	6648	4
11	20	22	203280	0	0	0	0	0
11	20	23	212520	2046	3840	7920	2046	2
11	20	25	231000	4290	6240	7920	4290	2
11	20	26	240240	1716	1560	7920	1560	2
11	20	28	258720	5808	5640	7920	5640	2
11	20	29	267960	21780	16560	22278	16560	6
11	20	31	286440	27720	30480	27000	26520	8
11	20	32	295680	9504	15840	15024	9504	4
11	20	34	314160	3300	7920	7920	3300	2
11	20	35	323400	7920	15840	15840	7920	4
11	20	37	341880	4818	7920	7920	4818	2
11	20	38	351120	2244	7920	5244	2244	2
11	20	40	369600	0	0	0	0	0
11	20	41	378840	1914	7920	7920	1914	2
11	20	43	397320	8316	13920	13854	6396	4
11	20	44	406560	7920	1320	7920	1320	2
11	20	46	425040	8052	11640	15840	8052	4
11	20	47	434280	5874	7920	7920	5874	2
11	20	49	452760	0	0	0	0	0
11	20	50	462000	9240	15840	14820	9240	4
11	20	52	480480	6864	7920	7920	6864	2
11	20	53	489720	1518	1200	7920	1200	2
11	20	55	508200	13530	10560	15510	10560	4
11	20	56	517440	15576	15240	15840	15240	4
11	20	58	535920	15840	15840	15840	15840	4
11	20	59	545160	15840	9600	15840	9600	4
11	20	61	563640	15840	15840	15840	15840	4
11	20	62	572880	30756	31680	31680	30756	8
11	22	23	233772	0	0	0	0	0
11	22	25	254100	0	0	0	0	0
11	22	26	264264	0	0	0	0	0
11	22	28	284592	0	0	0	0	0
11	22	29	294756	0	0	0	0	0
11	22	31	315084	0	0	0	0	0
11	22	32	325248	0	0	0	0	0
11	22	34	345576	0	0	0	0	0
11	22	35	355740	0	0	0	0	0
11	22	37	376068	0	0	0	0	0
11	22	38	386232	0	0	0	0	0
11	22	40	406560	0	0	0	0	0
11	22	41	416724	0	0	0	0	0
11	22	43	437052	0	0	0	0	0
11	22	46	467544	0	0	0	0	0
11	22	47	477708	0	0	0	0	0
11	22	49	498036	0	0	0	0	0
11	22	50	508200	0	0	0	0	0
11	22	52	528528	0	0	0	0	0
11	22	53	538692	0	0	0	0	0
11	22	56	569184	0	0	0	0	0
11	22	58	589512	0	0	0	0	0
11	22	59	599676	0	0	0	0	0
11	22	61	620004	0	0	0	0	0
11	22	62	630168	0	0	0	0	0
11	23	25	265650	3036	9108	6900	3036	2
11	23	26	276276	8778	5658	7176	5658	2
11	23	28	297528	6402	690	5376	690	2
11	23	29	308154	3036	15732	9804	828	4
11	23	31	329406	4224	9108	9108	4224	2
11	23	32	340032	7920	18216	18216	7920	4
11	23	34	361284	37290	41400	34668	33150	10
11	23	35	371910	26004	21804	27324	21804	6
11	23	37	393162	9900	13524	18216	9900	4
11	23	38	403788	5610	9108	9108	5610	2
11	23	40	425040	2310	7590	9108	2310	2
11	23	41	435666	9636	14076	16980	8532	4
11	23	43	456918	9108	8832	9108	8832	2
11	23	44	467544	15444	3036	10164	2574	4
11	23	46	488796	0	0	0	0	0
11	23	47	499422	1848	9108	9024	1848	2
11	23	49	520674	4092	9108	9108	4092	2
11	23	50	531300	9504	18216	18216	9504	4
11	23	52	552552	18216	15870	18216	15870	4
11	23	53	563178	9108	9108	9108	9108	2
11	23	55	584430	12540	12144	18216	9504	4
11	23	56	595056	0	0	0	0	0
11	23	58	616308	1254	9108	1392	1254	2
11	23	59	626934	6072	9108	9108	6072	2
11	23	61	648186	17424	22908	27324	13008	6
11	23	62	658812	13002	14214	18216	9000	4
11	25	26	300300	3630	9900	9900	3630	2
11	25	28	323400	18546	19800	28536	16194	6
11	25	29	334950	6072	1200	6612	1200	2
11	25	31	358050	6468	9900	7068	6468	2
11	25	32	369600	2046	9900	7296	2046	2
11	25	34	392700	9900	9750	9900	9750	2
11	25	35	404250	7260	9900	9900	7260	2
11	25	37	427350	4884	9900	9900	4884	2
11	25	38	438900	5082	9900	9900	5082	2
11	25	40	462000	11880	19800	19800	11880	4
11	25	41	473550	9900	8700	9900	8700	2
11	25	43	496650	1452	9900	9900	1452	2
11	25	44	508200	9042	1650	9900	1650	2
11	25	46	531300	10560	18750	19800	10560	4
11	25	47	542850	33000	49500	42420	33000	10
11	25	49	565950	10824	19800	12840	10824	4
11	25	50	577500	0	0	0	0	0
11	25	52	600600	11088	19800	19800	11088	4
11	25	53	612150	5280	7800	3180	3180	2
11	25	55	635250	16500	13200	13200	9900	4
11	25	56	646800	18546	19800	19800	18546	4
11	25	58	669900	0	0	0	0	0
11	25	59	681450	23760	16200	23340	10260	6
11	25	61	704550	49500	42600	43260	42600	10
11	25	62	716100	19404	25350	29700	15054	6
11	26	28	336336	3300	10296	6888	3300	2
11	26	29	348348	7920	20592	20592	7920	4
11	26	31	372372	3894	10296	10296	3894	2
11	26	32	384384	9636	4836	7872	4836	2
11	26	34	408408	2640	10296	10296	2640	2
11	26	35	420420	13068	20592	20592	13068	4
11	26	37	444444	43230	48360	42876	40110	10
11	26	38	456456	10296	10296	10296	10296	2
11	26	40	480480	10296	8580	10296	8580	2
11	26	41	492492	38808	29952	40974	29952	8
11	26	43	516516	16236	13728	20592	13398	4
11	26	44	528528	14916	3432	13728	3432	4
11	26	46	552552	10296	9204	10296	9204	2
11	26	47	564564	11352	19968	13962	10728	4
11	26	49	588588	15840	20592	20592	15840	4
11	26	50	600600	9768	10452	20592	2268	4
11	26	52	624624	0	0	0	0	0
11	26	53	636636	11880	18408	20592	11880	4
11	26	55	660660	11550	13728	20592	8118	4
11	26	56	672672	1452	10296	10296	1452	2
11	26	58	696696	7392	10296	10296	7392	2
11	26	59	708708	0	0	0	0	0
11	26	61	732732	7062	10296	10296	7062	2
11	26	62	744744	12672	20592	20592	12672	4
11	28	29	375144	3894	11088	10614	3894	2
11	28	31	401016	5214	9408	3534	3534	2
11	28	32	413952	4488	11088	11088	4488	2
11	28	34	439824	23892	26040	33264	22872	6
11	28	35	452760	6006	11088	11088	6006	2
11	28	37	478632	11088	7728	10434	7728	2
11	28	38	491568	9504	19320	15420	8364	4
11	28	40	517440	6072	11088	11088	6072	2
11	28	41	530376	4422	11088	11088	4422	2
11	28	43	556248	12408	19152	15990	9720	4
11	28	44	569184	17424	3696	12408	3168	4
11	28	46	595056	18216	16296	12468	12336	4
11	28	47	607992	11088	10416	11088	10416	2
11	28	49	633864	11088	22176	22176	11088	4
11	28	50	646800	39600	66528	51552	39600	12
11	28	52	672672	9504	19320	22176	9504	4
11	28	53	685608	4026	11088	11088	4026	2
11	28	55	711480	19008	14784	17358	13662	4
11	28	56	724416	0	0	0	0	0
11	28	58	750288	11880	22176	22176	11880	4
11	28	59	763224	22176	22176	22176	22176	4
11	28	61	789096	0	0	0	0	0
11	28	62	802032	4884	11088	7068	4884	2
11	29	31	415338	5412	2436	9300	2436	2
11	29	32	428736	8382	11484	9600	8382	2
11	29	34	455532	6006	11310	11484	6006	2
11	29	35	468930	9636	18444	13164	5112	4
11	29	37	495726	9504	19488	16368	9060	4
11	29	38	509124	3432	22968	16500	3432	4
11	29	40	535920	55440	62640	53136	49176	12
11	29	41	549318	12936	17748	16896	9108	4
11	29	43	576114	13728	15312	17160	6072	4
11	29	44	589512	13926	3828	17292	3828	4
11	29	46	616308	4686	11484	11484	4686	2
11	29	47	629706	44748	39672	45936	39672	8
11	29	49	656502	2508	11484	11484	2508	2
11	29	50	669900	17424	18966	13884	13422	4
11	29	52	696696	6798	11484	11484	6798	2
11	29	53	710094	13068	22968	22968	13068	4
11	29	55	736890	17952	15312	14124	10296	4
11	29	56	750288	12408	22968	22968	12408	4
11	29	58	777084	0	0	0	0	0
11	29	59	790482	12672	22968	22968	12672	4
11	29	61	817278	20064	22968	22968	20064	4
11	29	62	830676	0	0	0	0	0
11	31	32	458304	5082	3162	10752	3162	2
11	31	34	486948	10956	18972	15132	5562	4
11	31	35	501270	9504	19716	18156	9504	4
11	31	37	529914	14256	26784	30768	7932	6
11	31	38	544236	13464	13578	18660	4800	4
11	31	40	572880	34056	34596	49104	31656	8
11	31	41	587202	2244	12276	12276	2244	2
11	31	43	615846	15444	24552	24552	15444	4
11	31	44	630168	16962	4092	15972	4092	4
11	31	46	658812	11088	24552	24552	11088	4
11	31	47	673134	11484	23808	24552	11484	4
11	31	49	701778	5676	12276	12276	5676	2
11	31	50	716100	18216	20274	24552	18216	4
11	31	52	744744	6072	13578	24552	2952	4
11	31	53	759066	46728	73656	62460	46728	12
11	31	55	787710	19140	16368	21516	15048	4
11	31	56	802032	21780	16740	33960	9678	6
11	31	58	830676	15840	24552	17148	15840	4
11	31	59	844998	7656	12276	12276	7656	2
11	31	61	873642	13332	24552	24552	13332	4
11	31	62	887964	0	0	0	0	0
11	32	34	502656	9504	19776	18996	9504	4
11	32	35	517440	13926	25344	31572	6576	6
11	32	37	547008	3498	12672	12672	3498	2
11	32	38	561792	16632	25344	25344	16632	4
11	32	40	591360	6864	12672	12672	6864	2
11	32	41	606144	7986	12672	12672	7986	2
11	32	43	635712	62568	72576	63072	59112	12
11	32	44	650496	11616	4224	20856	2376	4
11	32	46	680064	6204	12672	12672	6204	2
11	32	47	694848	12672	12672	12672	12672	2
11	32	49	724416	12672	12672	12672	12672	2
11	32	50	739200	8448	25344	17772	8448	4
11	32	52	768768	14520	22080	22344	11256	4
11	32	53	783552	50226	48000	50688	48000	8
11	32	55	813120	20592	16896	18282	14058	4
11	32	56	827904	12672	25344	25344	12672	4
11	32	58	857472	23100	25344	25344	23100	4
11	32	59	872256	10164	18048	25344	7686	4
11	32	61	901824	24552	23040	36690	15846	6
11	32	62	916608	15048	25344	18996	15048	4
11	34	35	549780	4422	13464	4830	4422	2
11	34	37	581196	22572	14280	18570	13026	4
11	34	38	596904	5016	13464	13464	5016	2
11	34	40	628320	5412	13464	8880	5412	2
11	34	41	644028	7524	16728	26928	7524	4
11	34	43	675444	11088	26928	26928	11088	4
11	34	44	691152	15972	4488	19536	4488	4
11	34	46	722568	40656	45288	53856	40380	8
11	34	47	738276	16566	20400	23898	10038	4
11	34	49	769692	9768	26928	20226	9768	4
11	34	50	785400	13464	13464	13464	13464	2
11	34	52	816816	13464	13464	13464	13464	2
11	34	53	832524	7062	13464	13464	7062	2
11	34	55	863940	18150	17952	25674	13662	4
11	34	56	879648	53856	80784	74016	53856	12
11	34	58	911064	18744	18564	21468	10380	4
11	34	59	926772	17424	26928	26928	17424	4
11	34	61	958188	15444	26928	26928	15444	4
11	34	62	973896	4224	13464	13464	4224	2
11	35	37	598290	4092	13860	5772	4092	2
11	35	38	614460	9834	10290	13860	9834	2
11	35	40	646800	5610	13860	13860	5610	2
11	35	41	662970	27060	17220	20256	17220	4
11	35	43	695310	5280	13860	13860	5280	2
11	35	44	711480	9174	2310	10560	2310	2
11	35	46	743820	69696	81690	73656	68226	12
11	35	47	759990	3828	27720	25140	3828	4
11	35	49	792330	13860	22260	27720	13860	4
11	35	50	808500	19800	14070	21660	7800	4
11	35	52	840840	12276	27720	27720	12276	4
11	35	53	857010	12672	27720	27720	12672	4
11	35	55	889350	21780	18480	22440	17160	4
11	35	56	905520	16632	27720	27720	16632	4
11	35	58	937860	2706	13860	13860	2706	2
11	35	59	954030	67584	58380	69300	58380	10
11	35	61	986370	13992	27720	27720	13992	4
11	35	62	1002540	15312	27720	27720	15312	4
11	37	38	649572	10296	25530	15564	6522	4
11	37	40	683760	11088	29304	29304	11088	4
11	37	41	700854	3432	14652	7872	3432	2
11	37	43	735042	12144	14208	14652	12144	2
11	37	44	752136	11748	4884	23100	2772	4
11	37	46	786324	19008	29304	29304	19008	4
11	37	47	803418	6468	14652	14652	6468	2
11	37	49	837606	29304	23532	24060	23532	4
11	37	50	854700	2442	14652	14652	2442	2
11	37	52	888888	47190	54834	58608	47190	8
11	37	53	905982	14388	16872	29280	8028	4
11	37	55	940170	23364	29304	30624	13596	6
11	37	56	957264	17358	28194	29304	16248	4
11	37	58	991452	16368	29304	29304	16368	4
11	37	59	1008546	61512	102564	86004	61512	14
11	37	61	1042734	6468	22200	29304	6468	4
11	37	62	1059828	29304	19758	26556	19758	4
11	38	40	702240	6204	15048	15048	6204	2
11	38	41	719796	21054	45144	38706	21054	6
11	38	43	754908	3102	15048	9030	3102	2
11	38	44	772464	21384	5016	14784	4356	4
11	38	46	807576	3696	15048	15048	3696	2
11	38	47	825132	12408	30096	24918	12408	4
11	38	49	860244	84810	99408	86946	78882	14
11	38	50	877800	12672	30096	30096	12672	4
11	38	52	912912	14124	15048	15048	14124	2
11	38	53	930468	29370	26904	26178	26178	4
11	38	55	965580	21450	20064	26598	16434	4
11	38	56	983136	16896	30096	30096	16896	4
11	38	58	1018248	17688	20748	30096	11772	4
11	38	59	1035804	22242	21432	27438	13578	4
11	38	61	1070916	30096	19608	27858	19608	4
11	38	62	1088472	27456	20292	17652	17652	4
11	40	41	757680	5874	15840	15840	5874	2
11	40	43	794640	19008	27840	19194	15168	4
11	40	44	813120	9240	2640	10824	2640	2
11	40	46	850080	13728	31680	27156	13728	4
11	40	47	868560	2442	15840	11562	2442	2
11	40	49	905520	5676	31680	31680	5676	4
11	40	50	924000	8580	15840	15840	8580	2
11	40	52	960960	17952	31680	31680	17952	4
11	40	53	979440	13794	15840	15840	13794	2
11	40	55	1016400	24090	31680	35970	15180	6
11	40	56	1034880	15840	30480	31680	15840	4
11	40	58	1071840	60192	66000	79200	56364	10
11	40	59	1090320	28050	19200	30354	19200	4
11	40	61	1127280	28446	31680	30846	28446	4
11	40	62	1145760	69828	110880	99288	69828	14
11	41	43	814506	25872	33948	20880	11112	6
11	41	44	833448	20724	5412	19536	5412	4
11	41	46	871332	27654	28044	32796	13392	6
11	41	47	890274	12672	32472	32472	12672	4
11	41	49	928158	12540	22632	13524	2700	4
11	41	50	947100	18942	48708	48708	18942	6
11	41	52	984984	101376	118080	100524	89568	16
11	41	53	1003926	16236	16236	16236	16236	2
11	41	55	1041810	26532	32472	31416	15708	6
11	41	56	1060752	4224	32472	32472	4224	4
11	41	58	1098636	29238	31980	32244	18384	6
11	41	59	1117578	20196	32472	32472	20196	4
11	41	61	1155462	23628	39852	22824	14772	6
11	41	62	1174404	11220	32472	32472	11220	4
11	43	44	874104	23364	5676	15312	4950	4
11	43	46	913836	17754	49278	51084	17202	6
11	43	47	933702	21780	22188	19284	9912	4
11	43	49	973434	22572	34056	34056	22572	4
11	43	50	993300	19206	24768	36456	9060	6
11	43	52	1033032	22242	35862	39492	17250	6
11	43	53	1052898	11220	26832	18444	3996	4
11	43	55	1092630	24948	22704	24288	18612	4
11	43	56	1112496	28512	47472	53544	18234	8
11	43	58	1152228	34056	19866	24684	19866	4
11	43	59	1172094	8052	31476	19860	5472	4
11	43	61	1211826	12540	34056	34056	12540	4
11	43	62	1231692	17094	50826	37032	16836	6
11	44	46	935088	20856	20064	6072	6072	4
11	44	47	955416	12012	26400	6204	3564	4
11	44	49	996072	16500	24288	6468	5940	4
11	44	50	1016400	26136	11616	6600	3564	4
11	44	52	1057056	12144	26664	6864	3960	4
11	44	53	1077384	24618	16368	6996	6138	4
11	44	56	1138368	21120	21120	7392	7392	4
11	44	58	1179024	24684	16896	7656	6732	4
11	44	59	1199352	16764	24816	7788	6732	4
11	44	61	1240008	21252	21648	8052	8052	4
11	44	62	1260336	12408	27192	8184	4752	4
11	46	47	998844	23892	23736	23010	11196	4
11	46	49	1041348	12342	18216	18216	12342	2
11	46	50	1062600	31152	38088	41532	20940	6
11	46	52	1105104	33264	31740	36432	31080	4
11	46	53	1126356	27390	46920	41838	19662	6
11	46	55	1168860	26136	24288	28446	20064	4
11	46	56	1190112	23760	31188	23928	18516	4
11	46	58	1232616	6072	36432	36432	6072	4
11	46	59	1253868	9240	33672	24234	6480	4
11	46	61	1296372	23826	45816	47778	21264	6
11	46	62	1317624	33264	46368	36072	24984	6
11	47	49	1063986	24156	25944	24492	12876	4
11	47	50	1085700	32472	67962	74448	32472	8
11	47	52	1129128	29238	47094	43464	20496	6
11	47	53	1150842	24288	40044	48036	23016	6
11	47	55	1194270	26532	24816	25212	19008	4
11	47	56	1215984	37158	35814	37224	35814	4
11	47	58	1259412	120384	145230	130464	116718	16
11	47	59	1281126	15180	37224	37224	15180	4
11	47	61	1324554	8580	36096	25932	7452	4
11	47	62	1346268	23760	37224	37224	23760	4
11	49	50	1131900	32934	47334	46608	22056	6
11	49	52	1177176	27654	58212	58212	27654	6
11	49	53	1199814	29172	49980	40392	20940	6
11	49	55	1245090	27060	25872	32604	20592	4
11	49	56	1267728	36498	38808	41580	22176	6
11	49	58	1313004	16500	38808	38808	16500	4
11	49	59	1335642	32736	55272	48012	29796	6
11	49	61	1380918	15840	38808	38808	15840	4
11	49	62	1403556	23430	57918	48480	23136	6
11	50	52	1201200	31020	45000	29160	16620	6
11	50	53	1224300	10230	19800	19800	10230	2
11	50	55	1270500	27720	26400	29370	21120	4
11	50	56	1293600	39600	77700	79200	39600	8
11	50	58	1339800	26136	35700	29892	22236	4
11	50	59	1362900	29304	24000	35022	21162	4
11	50	61	1409100	139854	167400	145518	129054	18
11	50	62	1432200	25872	50700	55596	25872	6
11	52	53	1273272	27720	32448	31722	18984	4
11	52	55	1321320	33990	41184	39072	21516	6
11	52	56	1345344	24288	35256	32352	18360	4
11	52	58	1393392	15840	41184	41184	15840	4
11	52	59	1417416	27324	38064	32982	24204	4
11	52	61	1465464	23760	61776	61776	23760	6
11	52	62	1489488	23364	52416	54204	23052	6
11	53	55	1346730	28908	27984	33528	21912	4
11	53	56	1371216	19140	41976	41976	19140	4
11	53	58	1420188	30822	58830	52308	26688	6
11	53	59	1444674	23760	62964	62964	23760	6
11	53	61	1493646	25740	40704	34896	24468	4
11	53	62	1518132	46728	83952	83952	46728	8
11	55	56	1422960	37290	38940	44352	23628	6
11	55	58	1473780	32010	51810	45936	24354	6
11	55	59	1499190	36300	44880	46728	25212	6
11	55	61	1550010	32076	33000	32208	24024	4
11	55	62	1575420	35310	50820	49104	26796	6
11	56	58	1500576	38148	62160	60708	33780	6
11	56	59	1526448	34452	44352	44352	34452	4
11	56	61	1578192	29700	43008	39378	28356	4
11	56	62	1604064	31944	29904	29244	17496	4
11	58	59	1580964	38082	65424	50580	34602	6
11	58	61	1634556	38808	91872	91872	38808	8
11	58	62	1661352	30888	45588	42684	30540	4
11	59	61	1662738	29964	45312	43860	28548	4
11	59	62	1689996	17424	46728	46728	17424	4
11	61	62	1747284	41646	72102	71376	41280	6
13	14	16	122304	2652	4956	1056	1056	2
13	14	17	129948	0	0	0	0	0
13	14	19	145236	3354	6552	6042	3354	2
13	14	20	152880	9360	12516	9360	8772	4
13	14	22	168168	6240	2940	6552	2940	2
13	14	23	175812	4290	840	6552	840	2
13	14	25	191100	6552	168	1650	168	2
13	14	26	198744	0	0	0	0	0
13	14	28	214032	0	0	0	0	0
13	14	29	221676	0	0	0	0	0
13	14	31	236964	6552	2856	4650	2856	2
13	14	32	244608	2028	6552	2112	2028	2
13	14	34	259896	2496	5964	6552	2496	2
13	14	35	267540	3822	6552	6552	3822	2
13	14	37	282828	7488	13104	13104	7488	4
13	14	38	290472	9984	13104	13104	9984	4
13	14	40	305760	18720	26208	21744	18720	8
13	14	41	313404	26208	19152	21960	19152	8
13	14	43	328692	13104	11256	13104	11256	4
13	14	44	336336	13104	9156	13104	9156	4
13	14	46	351624	6552	6552	6552	6552	2
13	14	47	359268	6552	5712	6552	5712	2
13	14	49	374556	13104	6552	9786	6552	4
13	14	50	382200	10296	9492	13104	6996	4
13	14	52	397488	11076	2184	13104	2184	4
13	14	53	405132	3666	168	6552	168	2
13	14	55	420420	0	0	0	0	0
13	14	56	428064	2184	13104	10248	2184	4
13	14	58	443352	5928	6552	6552	5928	2
13	14	59	450996	6552	6552	6552	6552	2
13	14	61	466284	13104	13104	13104	13104	4
13	14	62	473928	13104	8988	13104	8988	4
13	16	17	148512	3354	7296	3162	3162	2
13	16	19	165984	13104	10368	14214	10368	4
13	16	20	174720	4056	6816	7488	4056	2
13	16	22	192192	156	7488	4092	156	2
13	16	23	200928	0	0	0	0	0
13	16	25	218400	7488	1536	2550	1536	2
13	16	26	227136	0	0	0	0	0
13	16	28	244608	5928	5088	7488	5088	2
13	16	29	253344	26208	27072	23328	23328	8
13	16	31	270816	3354	7296	3162	3162	2
13	16	32	279552	0	0	0	0	0
13	16	34	297024	10296	14976	13812	10296	4
13	16	35	305760	0	0	0	0	0
13	16	37	323232	4758	3648	7488	3648	2
13	16	38	331968	14976	11424	14976	11424	4
13	16	40	349440	4368	7488	7488	4368	2
13	16	41	358176	7488	6144	7488	6144	2
13	16	43	375648	7488	6720	7488	6720	2
13	16	44	384384	5304	7488	7488	5304	2
13	16	46	401856	9360	9696	14976	7980	4
13	16	47	410592	7488	7488	7488	7488	2
13	16	49	428064	11778	14976	14976	11778	4
13	16	50	436800	4524	7488	7488	4524	2
13	16	52	454272	14664	2496	12792	2496	4
13	16	53	463008	14976	13056	14976	13056	4
13	16	55	480480	2418	768	7488	768	2
13	16	56	489216	14976	11520	13200	11520	4
13	16	58	506688	28860	29472	28380	28380	8
13	16	59	515424	9750	14976	14976	9750	4
13	16	61	532896	0	0	0	0	0
13	16	62	541632	10452	14304	13812	9780	4
13	17	19	176358	0	0	0	0	0
13	17	20	185640	3198	2958	7956	2958	2
13	17	22	204204	0	0	0	0	0
13	17	23	213486	1716	5304	7956	1716	2
13	17	25	232050	2184	7956	3000	2184	2
13	17	26	241332	0	0	0	0	0
13	17	28	259896	2886	2550	7956	2550	2
13	17	29	269178	7956	2856	3480	2856	2
13	17	31	287742	6084	15708	15912	6084	4
13	17	32	297024	2730	2346	7956	2346	2
13	17	34	315588	0	0	0	0	0
13	17	35	324870	11232	15912	15912	11232	4
13	17	37	343434	4992	7956	7956	4992	2
13	17	38	352716	0	0	0	0	0
13	17	40	371280	11700	10404	20712	3774	6
13	17	41	380562	10608	15912	15912	10608	4
13	17	43	399126	24336	31824	29028	24336	8
13	17	44	408408	8892	9690	15912	8364	4
13	17	46	426972	7956	7956	7956	7956	2
13	17	47	436254	31824	26928	29508	26928	8
13	17	49	454818	15912	12648	15912	12648	4
13	17	50	464100	9828	19482	21912	5442	6
13	17	52	482664	9906	2652	15912	2652	4
13	17	53	491946	15912	8160	15912	8160	4
13	17	55	510510	15912	15912	15912	15912	4
13	17	56	519792	1794	1122	7956	1122	2
13	17	58	538356	13494	9690	14916	7272	4
13	17	59	547638	15912	15708	15912	15708	4
13	17	61	566202	12012	14892	15276	10992	4
13	17	62	575484	7566	7956	7956	7566	2
13	19	20	207480	0	0	0	0	0
13	19	22	228228	1950	8892	3432	1950	2
13	19	23	238602	4368	8892	8892	4368	2
13	19	25	259350	22932	15732	23784	15732	6
13	19	26	269724	0	0	0	0	0
13	19	28	290472	2262	7638	8892	2262	2
13	19	29	300846	2496	3192	8892	2496	2
13	19	31	321594	0	0	0	0	0
13	19	32	331968	31824	34086	30456	30342	8
13	19	34	352716	6942	4902	8892	4902	2
13	19	35	363090	1716	8436	8892	1716	2
13	19	37	383838	8736	5928	5772	5772	2
13	19	38	394212	0	0	0	0	0
13	19	40	414960	8346	8892	8892	8346	2
13	19	41	425334	17784	11400	17784	11400	4
13	19	43	446082	14664	12084	17784	12084	4
13	19	44	456456	0	0	0	0	0
13	19	46	477204	13182	17784	17784	13182	4
13	19	47	487578	13572	16416	25116	7644	6
13	19	49	508326	11232	21432	25428	5988	6
13	19	50	518700	17784	17670	17784	17670	4
13	19	52	539448	13494	2964	17004	2964	4
13	19	53	549822	10452	17784	17784	10452	4
13	19	55	570570	10920	17784	17784	10920	4
13	19	56	580944	8970	17784	17784	8970	4
13	19	58	601692	546	1938	8892	546	2
13	19	59	612066	15132	15960	17784	13308	4
13	19	61	632814	8892	8892	8892	8892	2
13	19	62	643188	6942	8892	8892	6942	2
13	20	22	240240	5460	840	5676	840	2
13	20	23	251160	13572	18720	15294	13572	4
13	20	25	273000	5070	9360	9360	5070	2
13	20	26	283920	0	0	0	0	0
13	20	28	305760	9360	9360	18720	8184	4
13	20	29	316680	6006	8400	5046	5046	2
13	20	31	338520	3198	9360	7998	3198	2
13	20	32	349440	11232	18720	18720	11232	4
13	20	34	371280	1716	9360	5916	1716	2
13	20	35	382200	9360	9360	18720	7890	4
13	20	37	404040	18330	10560	18720	10560	4
13	20	38	414960	9204	9360	9360	9204	2
13	20	40	436800	0	0	0	0	0
13	20	41	447720	8814	7680	7134	7134	2
13	20	43	469560	2730	9360	9360	2730	2
13	20	44	480480	9360	8760	9360	8760	2
13	20	46	502320	30108	46800	36360	30108	10
13	20	47	513240	1482	8160	282	282	2
13	20	49	535080	12636	14880	9654	8796	4
13	20	50	546000	10920	13560	9660	5760	4
13	20	52	567840	17472	3120	9672	1872	4
13	20	53	578760	46800	35280	37620	35280	10
13	20	55	600600	6630	9360	9360	6630	2
13	20	56	611520	9048	9360	9360	9048	2
13	20	58	633360	16692	16440	18720	14412	4
13	20	59	644280	0	0	0	0	0
13	20	61	666120	9750	18720	18720	9750	4
13	20	62	677040	11076	18720	18720	11076	4
13	22	23	276276	5070	6864	10296	5070	2
13	22	25	300300	7800	7920	11346	3162	4
13	22	26	312312	0	0	0	0	0
13	22	28	336336	7332	8844	5880	5880	2
13	22	29	348348	7566	7392	10296	7392	2
13	22	31	372372	28548	22968	29706	22968	6
13	22	32	384384	10296	4884	9408	4884	2
13	22	34	408408	10296	9372	9996	9372	2
13	22	35	420420	43134	46728	39702	38382	10
13	22	37	444444	14508	20592	20592	14508	4
13	22	38	456456	3120	10296	10296	3120	2
13	22	40	480480	5772	6204	1680	1680	2
13	22	41	492492	6006	10296	10296	6006	2
13	22	43	516516	14040	20592	20592	14040	4
13	22	44	528528	0	0	0	0	0
13	22	46	552552	4992	8580	10296	4992	2
13	22	47	564564	9360	20592	20592	9360	4
13	22	49	588588	8970	10296	10290	8970	2
13	22	50	600600	14040	16764	12396	10212	4
13	22	52	624624	12324	3432	20592	3432	4
13	22	53	636636	0	0	0	0	0
13	22	55	660660	12012	16896	12606	8316	4
13	22	56	672672	16848	17292	20592	16512	4
13	22	58	696696	20280	19932	20592	19932	4
13	22	59	708708	15054	12936	20592	7398	4
13	22	61	732732	0	0	0	0	0
13	22	62	744744	30888	20724	30888	20724	6
13	23	25	313950	5772	6072	10764	5772	2
13	23	26	326508	0	0	0	0	0
13	23	28	351624	3198	9246	1680	1680	2
13	23	29	364182	11232	21528	21528	11232	4
13	23	31	389298	1716	4692	10764	1716	2
13	23	32	401856	10764	8970	9984	8970	2
13	23	34	426972	5694	10764	10764	5694	2
13	23	35	439530	8580	16560	12864	8028	4
13	23	37	464646	10764	7176	10764	7176	2
13	23	38	477204	3354	10764	10764	3354	2
13	23	40	502320	16380	17250	21528	16380	4
13	23	41	514878	2964	6900	10764	2964	2
13	23	43	539994	1248	10764	9804	1248	2
13	23	44	552552	14976	21528	21528	14976	4
13	23	46	577668	0	0	0	0	0
13	23	47	590226	15132	14352	21480	7956	4
13	23	49	615342	37128	53820	45996	37128	10
13	23	50	627900	16926	17526	21528	16926	4
13	23	52	653016	20670	3588	13884	3588	4
13	23	53	665574	9048	10764	10764	9048	2
13	23	55	690690	16848	17664	21528	16848	4
13	23	56	703248	1014	10764	3360	1014	2
13	23	58	728364	11700	21528	21528	11700	4
13	23	59	740922	53820	45540	46596	45540	10
13	23	61	766038	17316	30912	32292	15936	6
13	23	62	778596	0	0	0	0	0
13	25	26	354900	0	0	0	0	0
13	25	28	382200	11310	7950	9744	7950	2
13	25	29	395850	4992	11700	10092	4992	2
13	25	31	423150	2184	11700	8184	2184	2
13	25	32	436800	1326	5550	11700	1326	2
13	25	34	464100	6162	10650	11700	6162	2
13	25	35	477750	11700	16500	23400	11700	4
13	25	37	505050	42588	30600	44868	30600	8
13	25	38	518700	56160	61200	49236	47160	12
13	25	40	546000	14040	23400	23400	14040	4
13	25	41	559650	7956	23400	23400	7956	4
13	25	43	586950	17316	24300	16344	6516	6
13	25	44	600600	1950	11700	11700	1950	2
13	25	46	627900	14664	15150	23400	9144	4
13	25	47	641550	11700	11700	11700	11700	2
13	25	49	668850	5304	11100	4704	4704	2
13	25	50	682500	0	0	0	0	0
13	25	52	709800	22074	3900	12324	2574	4
13	25	53	723450	15756	18300	23400	15756	4
13	25	55	750750	19500	12900	23400	12900	4
13	25	56	764400	23400	21750	23400	21750	4
13	25	58	791700	15834	23400	23400	15834	4
13	25	59	805350	7644	11700	11700	7644	2
13	25	61	832650	9204	11700	11700	9204	2
13	25	62	846300	1794	10650	744	744	2
13	26	28	397488	0	0	0	0	0
13	26	29	411684	0	0	0	0	0
13	26	31	440076	0	0	0	0	0
13	26	32	454272	0	0	0	0	0
13	26	34	482664	0	0	0	0	0
13	26	35	496860	0	0	0	0	0
13	26	37	525252	0	0	0	0	0
13	26	38	539448	0	0	0	0	0
13	26	40	567840	0	0	0	0	0
13	26	41	582036	0	0	0	0	0
13	26	43	610428	0	0	0	0	0
13	26	44	624624	0	0	0	0	0
13	26	46	653016	0	0	0	0	0
13	26	47	667212	0	0	0	0	0
13	26	49	695604	0	0	0	0	0
13	26	50	709800	0	0	0	0	0
13	26	53	752388	0	0	0	0	0
13	26	55	780780	0	0	0	0	0
13	26	56	794976	0	0	0	0	0
13	26	58	823368	0	0	0	0	0
13	26	59	837564	0	0	0	0	0
13	26	61	865956	0	0	0	0	0
13	26	62	880152	0	0	0	0	0
13	28	29	443352	5694	11760	4350	4350	2
13	28	31	473928	11232	18480	15150	3840	4
13	28	32	489216	5304	13104	10176	5304	2
13	28	34	519792	12324	7224	10812	7224	2
13	28	35	535080	7098	13104	13104	7098	2
13	28	37	565656	14040	26208	26208	14040	4
13	28	38	580944	6708	13104	13104	6708	2
13	28	40	611520	18720	26208	26208	18720	4
13	28	41	626808	64584	71568	61206	57528	12
13	28	43	657384	49608	40320	52416	40320	8
13	28	44	672672	20592	18312	26208	17688	4
13	28	46	703248	10608	26208	20004	10608	4
13	28	47	718536	18720	24528	26208	18720	4
13	28	49	749112	13104	20832	26208	13104	4
13	28	50	764400	13884	18816	26208	13716	4
13	28	52	794976	23088	4368	16536	4368	4
13	28	53	810264	18252	22848	21054	14892	4
13	28	55	840840	5226	13104	13104	5226	2
13	28	56	856128	0	0	0	0	0
13	28	58	886704	4836	13104	8700	4836	2
13	28	59	901992	17784	36288	39312	15096	6
13	28	61	932568	15522	37632	30234	15522	6
13	28	62	947856	25428	17976	17196	17196	4
13	29	31	490854	6396	13572	13572	6396	2
13	29	32	506688	27534	31146	40584	25998	6
13	29	34	538356	10920	7656	19284	720	4
13	29	35	554190	14352	19140	19452	6348	4
13	29	37	585858	3588	27144	19788	3588	4
13	29	38	601692	13572	9570	12768	9570	2
13	29	40	633360	15912	16878	27144	13992	4
13	29	41	649194	7644	13572	13572	7644	2
13	29	43	680862	12948	16008	27144	7272	4
13	29	44	696696	13416	16530	27144	11304	4
13	29	46	728364	8892	27144	27144	8892	4
13	29	47	744198	19188	27144	27144	19188	4
13	29	49	775866	13572	12876	13572	12876	2
13	29	50	791700	3198	13398	13572	3198	2
13	29	52	823368	18330	4524	22308	4524	4
13	29	53	839202	19188	34800	26928	13272	6
13	29	55	870870	53352	81432	68148	53352	12
13	29	56	886704	16848	15486	27144	14160	4
13	29	58	918372	0	0	0	0	0
13	29	59	934206	18252	26796	18528	17904	4
13	29	61	965874	7176	25404	18696	5436	4
13	29	62	981708	19578	27144	27144	19578	4
13	31	32	541632	7098	12090	14508	7098	2
13	31	34	575484	14040	29016	29016	14040	4
13	31	35	592410	10140	9300	21648	900	4
13	31	37	626262	11076	24180	22056	11076	4
13	31	38	643188	10686	10230	14508	10230	2
13	31	40	677040	2418	14508	14508	2418	2
13	31	41	693966	19344	15996	19428	6324	4
13	31	43	727818	12792	17112	29016	12276	4
13	31	44	744744	73008	82584	72288	68544	12
13	31	46	778596	14508	14508	14508	14508	2
13	31	47	795522	14508	12648	14508	12648	2
13	31	49	829374	56628	51336	58032	51336	8
13	31	50	846300	16068	21018	29016	11268	4
13	31	52	880152	21918	4836	20748	4836	4
13	31	53	897078	7644	14880	29016	2556	4
13	31	55	930930	23712	26412	21108	21108	4
13	31	56	947856	8346	14508	14508	8346	2
13	31	58	981708	20124	39990	33300	16590	6
13	31	59	998634	24648	29016	29016	24648	4
13	31	61	1032486	20124	29016	29016	20124	4
13	31	62	1049412	0	0	0	0	0
13	32	34	594048	6708	14976	14976	6708	2
13	32	35	611520	3666	14976	13650	3666	2
13	32	37	646464	9360	22272	29952	9360	4
13	32	38	663936	39312	40320	59748	36348	8
13	32	40	698880	8112	14976	14976	8112	2
13	32	41	716352	22854	28800	29736	10080	6
13	32	43	751296	13182	13440	14976	13182	2
13	32	44	768768	13728	26304	24744	10080	4
13	32	46	803712	15756	27456	21324	13260	4
13	32	47	821184	11856	29952	25410	11856	4
13	32	49	856128	8034	14976	14976	8034	2
13	32	50	873600	14976	14976	14976	14976	2
13	32	52	908544	17160	4992	26520	4680	4
13	32	53	926016	26130	26112	22290	22290	4
13	32	55	960960	21060	27264	27186	18372	4
13	32	56	978432	14976	27840	29952	14976	4
13	32	58	1013376	61776	89856	80784	61776	12
13	32	59	1030848	19656	29952	29952	19656	4
13	32	61	1065792	12948	19968	29952	8190	4
13	32	62	1083264	19968	28608	29952	19968	4
13	34	35	649740	7410	15912	15912	7410	2
13	34	37	686868	16848	23664	25458	9078	4
13	34	38	705432	5928	15912	9804	5928	2
13	34	40	742560	21528	16932	16152	6636	4
13	34	41	761124	9984	17544	31824	8262	4
13	34	43	798252	23478	47736	39306	23478	6
13	34	44	816816	16848	27948	23568	15000	4
13	34	46	853944	25584	36516	35784	15924	6
13	34	47	872508	89466	101592	84234	79674	14
13	34	49	909636	30966	25296	24438	24438	4
13	34	50	928200	20280	23052	24612	11508	4
13	34	52	965328	20748	5304	24960	5304	4
13	34	53	983892	31824	16320	25134	16320	4
13	34	55	1021020	76284	62424	77838	62424	10
13	34	56	1039584	21684	29580	30360	19440	4
13	34	58	1076712	28704	19380	16260	16260	4
13	34	59	1095276	28938	31416	31824	28938	4
13	34	61	1132404	19344	29784	31824	19344	4
13	34	62	1150968	12168	31824	31824	12168	4
13	35	37	707070	9204	2100	10212	2100	2
13	35	38	726180	12324	27930	26868	12324	4
13	35	40	764400	18720	17430	24060	7680	4
13	35	41	783510	19188	26880	17364	13308	4
13	35	43	821730	16848	28140	24636	15816	4
13	35	44	840840	47736	51660	65520	46680	8
13	35	46	879060	4056	32760	29076	4056	4
13	35	47	898170	32760	24780	25404	24780	4
13	35	49	936390	16380	31920	32760	16380	4
13	35	50	955500	23400	32760	32760	23400	4
13	35	52	993720	27612	5460	15600	3978	4
13	35	53	1012830	12948	16380	14628	12948	2
13	35	55	1051050	25740	29820	32760	25740	4
13	35	56	1070160	19656	32760	32760	19656	4
13	35	58	1108380	32760	19950	27516	19950	4
13	35	59	1127490	3588	32760	32760	3588	4
13	35	61	1165710	70824	114660	95076	70824	14
13	35	62	1184820	28158	22470	17868	17868	4
13	37	38	767676	8814	2886	11856	2886	2
13	37	40	808080	22932	27750	19716	16050	4
13	37	41	828282	16848	28416	26664	16848	4
13	37	43	868686	33852	23532	27120	23532	4
13	37	44	888888	11700	30414	34632	11700	4
13	37	46	929292	18096	31746	31668	15210	4
13	37	47	949494	16380	26196	34632	16380	4
13	37	49	989898	2652	17316	17316	2652	2
13	37	50	1010100	99294	114552	99264	92634	14
13	37	52	1050504	17628	5772	29172	5148	4
13	37	53	1070706	9048	17316	17316	9048	2
13	37	55	1111110	20124	28416	20616	13908	4
13	37	56	1131312	10842	17316	17316	10842	2
13	37	58	1171716	13884	34632	34632	13884	4
13	37	59	1191918	20904	31080	30768	17352	4
13	37	61	1232322	84552	75036	86580	75036	10
13	37	62	1252524	8112	23754	34632	8112	4
13	38	40	829920	16848	28500	27624	16848	4
13	38	41	850668	30420	22800	27870	21318	4
13	38	43	892164	11700	24168	35568	11700	4
13	38	44	912912	3900	17784	17784	3900	2
13	38	46	954408	8736	17784	17784	8736	2
13	38	47	975156	23400	23712	21450	11544	4
13	38	49	1016652	23946	25080	29838	13458	4
13	38	50	1037400	55536	64296	71136	55536	8
13	38	52	1078896	27924	5928	21216	5928	4
13	38	53	1099644	19656	35568	35568	19656	4
13	38	55	1141140	16224	29184	35568	16224	4
13	38	56	1161888	29016	47652	49344	23316	6
13	38	58	1203384	22776	34428	35568	21636	4
13	38	59	1224132	18096	31920	35568	18096	4
13	38	61	1265628	23400	35568	35568	23400	4
13	38	62	1286376	12480	17784	17784	12480	2
13	40	41	895440	8034	15360	4674	4674	2
13	40	43	939120	14820	35520	34458	14820	4
13	40	44	960960	10920	17520	18720	10920	2
13	40	46	1004640	29796	56160	50412	29796	6
13	40	47	1026480	6162	18720	17202	6162	2
13	40	49	1070160	14352	37440	36654	14352	4
13	40	50	1092000	10140	18720	18720	10140	2
13	40	52	1135680	29952	6240	16224	4680	4
13	40	53	1157520	118872	136800	116178	105912	16
13	40	55	1201200	17160	37440	37440	17160	4
13	40	56	1223040	18720	37440	37440	18720	4
13	40	58	1266720	18564	51600	44052	18564	6
13	40	59	1288560	23322	36960	37440	22842	4
13	40	61	1332240	29952	53760	54642	27552	6
13	40	62	1354080	19344	35760	37440	19344	4
13	41	43	962598	7644	17220	5676	5676	2
13	41	44	984984	24726	41328	49284	19800	6
13	41	46	1029756	10140	24846	38376	10140	4
13	41	47	1052142	16224	19188	19188	16224	2
13	41	49	1096914	13416	19188	19188	13416	2
13	41	50	1119300	19656	38376	38376	19656	4
13	41	52	1164072	26754	6396	26052	6396	4
13	41	53	1186458	27768	57564	54276	27768	6
13	41	55	1231230	4524	38376	38376	4524	4
13	41	56	1253616	70668	76752	95940	65964	10
13	41	58	1298388	24882	33702	36588	20208	4
13	41	59	1320774	15132	38376	38376	15132	4
13	41	61	1365546	11856	19188	19188	11856	2
13	41	62	1387932	41262	56088	49536	20598	8
13	43	44	1033032	9438	20124	20124	9438	2
13	43	46	1079988	26364	26058	27852	12564	4
13	43	47	1103466	6864	20124	7896	6864	2
13	43	49	1150422	27456	48504	56712	25104	6
13	43	50	1173900	9750	20124	20124	9750	2
13	43	52	1220856	30342	6708	21840	6708	4
13	43	53	1244334	13260	31476	40248	13260	4
13	43	55	1291290	38688	22188	29364	22188	4
13	43	56	1314768	130104	151704	133548	120816	16
13	43	58	1361724	9048	38958	24996	7758	4
13	43	59	1385202	31356	25284	39948	23568	4
13	43	61	1432158	22464	40248	40248	22464	4
13	43	62	1455636	26208	40248	40248	26208	4
13	44	46	1105104	10140	20592	20592	10140	2
13	44	47	1129128	19656	41184	41184	19656	4
13	44	49	1177176	6474	20592	9114	6474	2
13	44	50	1201200	15600	41184	41184	15600	4
13	44	52	1249248	23088	6864	30264	6864	4
13	44	53	1273272	14820	35904	25998	9540	4
13	44	55	1321320	11154	20592	20592	11154	2
13	44	56	1345344	22152	55176	51600	22152	6
13	44	58	1393392	21528	39864	41184	21528	4
13	44	59	1417416	41184	25872	31566	25872	4
13	44	61	1465464	24414	41184	41184	24414	4
13	44	62	1489488	87828	90288	123552	78900	12
13	46	47	1180452	20592	28704	39858	16926	4
13	46	49	1230684	36504	86112	73044	36504	8
13	46	50	1255800	19344	56304	49956	19068	6
13	46	52	1306032	28392	7176	27456	7176	4
13	46	53	1331148	5694	21528	11766	5694	2
13	46	55	1381380	24336	43056	33738	24336	4
13	46	56	1406496	6396	21528	21528	6396	2
13	46	58	1456728	22464	43056	43056	22464	4
13	46	59	1481844	141336	167256	150408	136368	16
13	46	61	1532076	27144	40296	35070	24384	4
13	46	62	1557192	24960	43056	43056	24960	4
13	47	49	1257438	10452	21996	21996	10452	2
13	47	50	1283100	26598	65706	51792	26598	6
13	47	52	1334424	17940	7332	34476	6084	4
13	47	53	1360086	30108	34404	34716	20520	4
13	47	55	1411410	5304	21996	13200	5304	2
13	47	56	1437072	34086	65988	65988	34086	6
13	47	58	1488396	16380	43992	43992	16380	4
13	47	59	1514058	32916	61476	65988	32916	6
13	47	61	1565382	33072	29328	31512	18408	4
13	47	62	1591044	43992	43992	43992	43992	4
13	49	50	1337700	33228	24990	24132	12354	4
13	49	52	1391208	23244	7644	32916	7644	4
13	49	53	1417962	31356	27636	24204	13128	4
13	49	55	1471470	22464	45864	45864	22464	4
13	49	56	1498224	43134	45864	47208	26208	6
13	49	58	1551732	45786	44394	45864	44394	4
13	49	59	1578486	18876	32928	17700	5940	4
13	49	61	1631994	17628	45864	45864	17628	4
13	49	62	1658748	164346	194040	168096	151998	18
13	50	52	1419600	34632	7800	17472	6084	4
13	50	53	1446900	31824	46800	38982	31824	4
13	50	55	1501500	35490	32400	49110	18360	6
13	50	56	1528800	43056	43500	46800	42720	4
13	50	58	1583400	29952	50400	49236	15852	6
13	50	59	1610700	25272	70200	59190	25272	6
13	50	61	1665300	18096	35400	20496	6696	4
13	50	62	1692600	15288	46800	36420	15288	4
13	52	53	1504776	33852	23088	8268	8268	4
13	52	55	1561560	36972	18096	8580	6786	4
13	52	56	1589952	28704	28704	8736	8736	4
13	52	58	1646736	34008	23712	9048	9048	4
13	52	59	1675128	23556	34320	9204	9204	4
13	52	61	1731912	28860	29328	9516	9516	4
13	52	62	1760304	42744	38064	14508	7800	6
13	53	55	1591590	47424	47700	54888	29616	6
13	53	56	1620528	29562	53106	69096	22842	6
13	53	58	1678404	49530	40068	45684	22752	6
13	53	59	1707342	40404	74412	74412	40404	6
13	53	61	1765218	41184	87132	71568	29100	8
13	53	62	1794156	18876	49608	49608	18876	4
13	55	56	1681680	36660	33990	33132	19170	4
13	55	58	1741740	53352	101310	102960	53352	8
13	55	59	1771770	42900	57420	36360	23100	6
13	55	61	1831830	30888	77220	69780	30888	6
13	55	62	1861860	50544	66000	83472	33786	8
13	56	58	1773408	35880	36624	34908	20088	4
13	56	59	1803984	33072	47040	49926	29178	4
13	56	61	1865136	47190	65856	61566	34422	6
13	56	62	1895712	34788	76272	78624	34788	6
13	58	59	1868412	51558	66120	65262	36246	6
13	58	61	1931748	27300	54288	48738	27300	4
13	58	62	1963416	53664	52200	60624	34416	6
13	59	61	1965054	39780	41772	40056	26328	4
13	59	62	1997268	47736	110448	110448	47736	8
13	61	62	2064972	41184	44286	43428	28374	4
14	16	17	159936	84	3552	6324	84	2
14	16	19	178752	2940	6816	7068	2940	2
14	16	23	216384	15540	13248	12756	12660	4
14	16	25	235200	16044	6336	13164	6336	4
14	16	29	272832	5460	1632	8064	1632	2
14	16	31	291648	84	8064	6324	84	2
14	16	35	329280	8064	4704	7140	4704	2
14	16	37	348096	420	7968	8064	420	2
14	16	41	385728	6132	8064	8064	6132	2
14	16	43	404544	11172	16128	16128	11172	4
14	16	47	442176	16128	12192	16128	12192	4
14	16	49	460992	8064	8064	8064	8064	2
14	16	53	498624	8988	12576	16128	5436	4
14	16	55	517440	14196	10464	16128	8532	4
14	16	59	555072	11676	11616	16128	7164	4
14	16	61	573888	6468	8064	8064	6468	2
14	17	19	189924	0	0	0	0	0
14	17	20	199920	15120	12240	16368	12240	4
14	17	22	219912	5544	13464	17136	5544	4
14	17	23	229908	1848	8568	3174	1848	2
14	17	25	249900	0	0	0	0	0
14	17	26	259896	4956	8568	5772	4956	2
14	17	28	279888	0	0	0	0	0
14	17	29	289884	6888	6018	8568	6018	2
14	17	31	309876	30744	31824	28296	28296	8
14	17	32	319872	4116	8568	8568	4116	2
14	17	34	339864	0	0	0	0	0
14	17	35	349860	8568	9996	13398	4998	4
14	17	37	369852	0	0	0	0	0
14	17	38	379848	5628	4488	8568	4488	2
14	17	40	399840	17136	13668	17136	13668	4
14	17	41	409836	17136	13974	17136	13974	4
14	17	43	429828	10752	10302	14502	3918	4
14	17	44	439824	5964	8568	8568	5964	2
14	17	46	459816	9156	11016	17136	4668	4
14	17	47	469812	16128	11628	23622	6252	6
14	17	49	489804	8568	8568	8568	8568	2
14	17	50	499800	10164	13872	15468	6900	4
14	17	52	519792	14196	17136	17136	14196	4
14	17	53	529788	14448	17136	17136	14448	4
14	17	55	549780	6384	8568	8568	6384	2
14	17	56	559776	11676	2856	17136	2856	4
14	17	58	579768	14532	16320	16572	13716	4
14	17	59	589764	0	0	0	0	0
14	17	61	609756	17136	8670	17136	8670	4
14	17	62	619752	33852	34272	34260	33852	8
14	19	20	223440	5124	5244	9576	5124	2
14	19	22	245784	2100	5928	9576	2100	2
14	19	23	256956	8232	1482	138	138	2
14	19	25	279300	5208	5358	9576	5208	2
14	19	26	290472	18564	16872	16284	16284	4
14	19	28	312816	0	0	0	0	0
14	19	29	323988	6216	3534	174	174	2
14	19	31	346332	19152	11628	17574	11628	4
14	19	32	357504	8064	18924	19152	8064	4
14	19	34	379848	5124	9576	8772	5124	2
14	19	35	391020	9576	11172	9786	5586	4
14	19	37	413364	14112	19152	19152	14112	4
14	19	38	424536	0	0	0	0	0
14	19	40	446880	5460	5700	9576	5460	2
14	19	41	458052	11424	13680	9822	6288	4
14	19	43	480396	0	0	0	0	0
14	19	44	491568	10164	13452	17232	4464	4
14	19	46	513912	11592	14136	17580	8004	4
14	19	47	525084	31416	47880	37188	31416	10
14	19	49	547428	9576	19152	18102	9576	4
14	19	50	558600	14784	15048	18276	14328	4
14	19	52	580944	47880	35568	38088	35568	10
14	19	53	592116	12432	14934	18798	8214	4
14	19	55	614460	18648	18468	28722	11922	6
14	19	56	625632	15540	3192	19152	3192	4
14	19	58	647976	14112	11856	9924	6816	4
14	19	59	659148	6720	9576	9576	6720	2
14	19	61	681492	4872	114	9576	114	2
14	19	62	692664	28728	19608	28728	19608	6
14	20	23	270480	1428	10080	6348	1428	2
14	20	25	294000	5460	10080	10080	5460	2
14	20	29	341040	4116	10080	10080	4116	2
14	20	31	364560	4620	2760	10080	2760	2
14	20	35	411600	7980	5880	10080	5880	2
14	20	37	435120	1428	10080	10080	1428	2
14	20	41	482160	10164	11400	20160	1404	4
14	20	43	505680	20160	13800	20160	13800	4
14	20	47	552720	20160	18600	20160	18600	4
14	20	49	576240	10080	10080	10080	10080	2
14	20	53	623280	14448	12360	20160	11268	4
14	20	55	646800	17220	20160	20160	17220	4
14	20	59	693840	13524	20160	20160	13524	4
14	20	61	717360	11676	18600	20160	10116	4
14	22	23	297528	5460	11088	7176	5460	2
14	22	25	323400	16632	22176	18888	16632	4
14	22	29	375144	21588	20724	20136	20136	4
14	22	31	401016	11088	8580	9672	8580	2
14	22	35	452760	11088	6468	10920	6468	2
14	22	37	478632	22176	16500	22176	16500	4
14	22	41	530376	22176	14388	22176	14388	4
14	22	43	556248	10500	2244	11088	2244	2
14	22	47	607992	11256	11220	22176	2232	4
14	22	49	633864	11088	11088	11088	11088	2
14	22	53	685608	11088	11088	11088	11088	2
14	22	55	711480	6468	11088	11088	6468	2
14	22	59	763224	8652	11088	11088	8652	2
14	22	61	789096	11088	11088	11088	11088	2
14	23	25	338100	11256	9108	13542	2286	4
14	23	26	351624	4116	11592	11592	4116	2
14	23	28	378672	0	0	0	0	0
14	23	29	392196	7224	11592	9570	7224	2
14	23	31	419244	9576	16008	14010	3090	4
14	23	32	432768	32256	26496	33744	26496	6
14	23	34	459816	11592	4416	8364	4416	2
14	23	35	473340	11592	6762	8610	6762	2
14	23	37	500388	49728	53820	46764	45588	10
14	23	38	513912	9576	13800	20940	9348	4
14	23	40	540960	12936	14628	21432	5976	4
14	23	41	554484	840	11592	10086	840	2
14	23	43	581532	13272	18216	14946	11496	4
14	23	44	595056	5124	8556	11592	5124	2
14	23	46	622104	0	0	0	0	0
14	23	47	635628	17472	23184	23184	17472	4
14	23	49	662676	11592	23184	15414	11592	4
14	23	50	676200	5460	11592	11592	5460	2
14	23	52	703248	13104	23184	23184	13104	4
14	23	53	716772	23184	23184	23184	23184	4
14	23	55	743820	840	11592	4290	840	2
14	23	56	757344	23184	3864	15960	3864	4
14	23	58	784392	20244	23184	23184	20244	4
14	23	59	797916	22848	22494	23184	22494	4
14	23	61	824964	12768	17526	23184	12768	4
14	23	62	838488	20076	16008	16428	12900	4
14	25	26	382200	6972	1200	7332	1200	2
14	25	28	411600	0	0	0	0	0
14	25	29	426300	11928	13500	15906	3978	4
14	25	31	455700	14112	25200	25200	14112	4
14	25	32	470400	34272	28800	25272	25272	6
14	25	34	499800	8988	12600	9588	8988	2
14	25	35	514500	12600	14700	16590	7350	4
14	25	37	543900	7392	12600	12600	7392	2
14	25	38	558600	11760	15000	23316	6516	4
14	25	40	588000	15120	15900	13800	5820	4
14	25	41	602700	19320	24300	28836	7668	6
14	25	43	632100	25200	21450	25200	21450	4
14	25	44	646800	20580	21900	25200	20580	4
14	25	46	676200	4956	10200	12600	4956	2
14	25	47	690900	5208	12600	5358	5208	2
14	25	49	720300	12600	12600	12600	12600	2
14	25	50	735000	0	0	0	0	0
14	25	52	764400	19068	12900	18528	6768	4
14	25	53	779100	47376	75600	58032	47376	12
14	25	55	808500	21000	22650	25200	21000	4
14	25	56	823200	25200	6300	26880	4200	6
14	25	58	852600	18228	15600	19212	8628	4
14	25	59	867300	13776	24450	19326	13026	4
14	25	61	896700	1680	12600	1830	1680	2
14	25	62	911400	15624	25200	25200	15624	4
14	26	29	443352	12684	9204	11136	9204	2
14	26	31	473928	6132	13104	11904	6132	2
14	26	35	535080	13104	15288	14784	7644	4
14	26	37	565656	17640	14976	26208	13200	4
14	26	41	626808	19656	26208	26208	19656	4
14	26	43	657384	7980	13104	13104	7980	2
14	26	47	718536	10164	4524	13104	4524	2
14	26	49	749112	13104	13104	13104	13104	2
14	26	53	810264	6972	9516	13104	6972	2
14	26	55	840840	19656	21372	15744	14820	4
14	26	59	901992	26208	26208	26208	26208	4
14	26	61	932568	23268	26208	26208	23268	4
14	28	29	477456	0	0	0	0	0
14	28	31	510384	0	0	0	0	0
14	28	37	609168	0	0	0	0	0
14	28	41	675024	0	0	0	0	0
14	28	43	707952	0	0	0	0	0
14	28	47	773808	0	0	0	0	0
14	28	53	872592	0	0	0	0	0
14	28	55	905520	0	0	0	0	0
14	28	59	971376	0	0	0	0	0
14	28	61	1004304	0	0	0	0	0
14	29	31	528612	13944	6438	5766	5766	2
14	29	32	545664	13104	28884	17280	12756	4
14	29	34	579768	9408	15312	26652	7164	4
14	29	35	596820	13776	8526	12390	8526	2
14	29	37	630924	13272	24012	21498	8226	4
14	29	38	647976	18564	17400	18492	6732	4
14	29	40	682080	10080	29232	29232	10080	4
14	29	41	699132	17640	29232	29232	17640	4
14	29	43	733236	73584	81432	70848	67320	12
14	29	44	750288	55440	45936	58464	45936	8
14	29	46	784392	20160	26448	29232	20160	4
14	29	47	801444	13608	22098	29232	13608	4
14	29	49	835548	14616	29232	23730	14616	4
14	29	50	852600	4620	13920	14616	4620	2
14	29	52	886704	15036	24708	29232	15036	4
14	29	53	903756	18984	17922	29232	11034	4
14	29	55	937860	20496	26274	24846	17538	4
14	29	56	954912	20748	4872	25032	4872	4
14	29	58	989016	0	0	0	0	0
14	29	59	1006068	6888	13746	6018	6018	2
14	29	61	1040172	21168	41586	40578	18906	6
14	29	62	1057224	32256	20880	40764	13908	6
14	31	32	583296	7644	15624	12480	7644	2
14	31	34	619752	37296	37944	60132	32400	8
14	31	35	637980	15624	18228	23394	9114	4
14	31	37	674436	19824	18042	19536	6618	4
14	31	38	692664	43344	39432	36492	35904	6
14	31	40	729120	11088	31248	21144	11088	4
14	31	41	747348	13944	28086	24726	10782	4
14	31	43	783804	9240	15624	15624	9240	2
14	31	44	802032	15624	11532	15624	11532	2
14	31	46	838488	6468	15624	15624	6468	2
14	31	47	856716	16968	28830	26058	16968	4
14	31	49	893172	15624	15624	15624	15624	2
14	31	50	911400	12600	31248	31248	12600	4
14	31	52	947856	19488	15996	27168	4824	4
14	31	53	966084	21168	26970	27390	19578	4
14	31	55	1002540	31248	31248	31248	31248	4
14	31	56	1020768	24612	5208	23352	5208	4
14	31	58	1057224	32256	33480	36504	18864	6
14	31	59	1075452	65520	93744	83736	65520	12
14	31	61	1111908	22848	23622	31248	15894	4
14	31	62	1130136	0	0	0	0	0
14	32	35	658560	16128	18816	21588	9408	4
14	32	37	696192	2100	7872	16128	2100	2
14	32	41	771456	1932	16128	16128	1932	2
14	32	43	809088	7140	16128	16128	7140	2
14	32	47	884352	31332	24384	23460	23460	4
14	32	49	921984	16128	16128	16128	16128	2
14	32	53	997248	9660	9024	16128	9024	2
14	32	55	1034880	7392	20928	32256	6732	4
14	32	59	1110144	23772	23232	25332	14748	4
14	32	61	1147776	10500	16128	16128	10500	2
14	34	35	699720	17136	19992	17976	9996	4
14	34	37	739704	12264	25500	18024	3492	4
14	34	41	819672	60900	50184	43128	42540	8
14	34	43	859656	21168	20604	18168	7500	4
14	34	47	939624	24612	17340	18264	7680	4
14	34	49	979608	17136	34272	26544	17136	4
14	34	53	1059576	10164	17136	17136	10164	2
14	34	55	1099560	9492	10812	17136	9492	2
14	34	59	1179528	25704	30396	28464	21828	4
14	34	61	1219512	51408	34476	45984	34476	6
14	35	37	761460	16968	11550	10878	10878	2
14	35	38	782040	19152	26880	22344	11172	4
14	35	40	823200	20160	22260	23520	11760	4
14	35	41	843780	20664	19950	24108	12054	4
14	35	43	884940	14952	15330	12642	12642	2
14	35	44	905520	17556	13020	12936	12936	2
14	35	46	946680	22764	26040	27048	13524	4
14	35	47	967260	23688	23730	27636	13818	4
14	35	50	1029000	15540	16800	14700	14700	2
14	35	52	1070160	20748	29820	30576	15288	4
14	35	53	1090740	23352	27510	31164	15582	4
14	35	55	1131900	27720	22890	32340	16170	4
14	35	58	1193640	18732	33600	34104	17052	4
14	35	59	1214220	21336	31290	34692	17346	4
14	35	61	1255380	26544	26670	35280	17934	4
14	35	62	1275960	29148	24360	35280	18228	4
14	37	38	826728	9576	37296	37296	9576	4
14	37	40	870240	6468	18648	18648	6468	2
14	37	41	891996	17304	14874	13530	13530	2
14	37	43	935508	15624	37296	29226	15624	4
14	37	44	957264	66948	58608	51552	50964	8
14	37	46	1000776	55440	61272	74592	55164	8
14	37	47	1022532	21168	28194	34158	21168	4
14	37	49	1066044	18648	18648	18648	18648	2
14	37	50	1087800	19152	36408	37296	19152	4
14	37	52	1131312	26208	50616	58512	17160	8
14	37	53	1153068	15960	37296	36138	15960	4
14	37	55	1196580	20496	33522	32178	16722	4
14	37	56	1218336	21000	6216	32424	6216	4
14	37	58	1261848	18480	23088	37296	8388	4
14	37	59	1283604	27888	51726	55944	27534	6
14	37	61	1327116	24696	37296	37296	24696	4
14	37	62	1348872	37296	19536	23484	19536	4
14	38	41	916104	22176	31236	38304	22176	4
14	38	43	960792	7896	38304	30504	7896	4
14	38	47	1050168	31332	57456	50712	31332	6
14	38	49	1094856	19152	38304	23856	19152	4
14	38	53	1184232	38220	34200	38232	17064	6
14	38	55	1228920	26880	24852	24432	13428	4
14	38	59	1318296	9156	14820	19152	9156	2
14	38	61	1362984	28728	35340	35256	25764	4
14	40	41	964320	11424	15360	32460	3060	4
14	40	43	1011360	34776	27600	33060	26004	4
14	40	47	1105440	72996	67680	60624	60036	8
14	40	49	1152480	20160	40320	34860	20160	4
14	40	53	1246560	5712	40320	36060	5712	4
14	40	55	1293600	30660	60480	56820	30660	6
14	40	59	1387680	27552	29040	27948	16272	4
14	40	61	1434720	8988	17040	20160	8988	2
14	41	43	1036644	21168	25584	37950	18462	4
14	41	44	1060752	28728	35916	27264	23316	4
14	41	46	1108968	13692	16728	20664	13692	2
14	41	47	1133076	26712	38130	41328	26712	4
14	41	49	1181292	20664	41328	40362	20664	4
14	41	50	1205400	18816	33456	23964	10944	4
14	41	52	1253616	18648	41328	41328	18648	4
14	41	53	1277724	25536	35670	37518	19878	4
14	41	55	1325940	133560	153504	132690	121752	16
14	41	56	1350048	29820	6888	29064	6888	4
14	41	58	1398264	14616	41328	41328	14616	4
14	41	59	1422372	17472	29766	41328	17472	4
14	41	61	1470588	17304	41328	41328	17304	4
14	41	62	1494696	17808	28536	41328	11484	4
14	43	44	1112496	10164	15996	4488	4488	2
14	43	46	1163064	20160	43344	37956	20160	4
14	43	47	1188348	23352	50826	63930	23352	6
14	43	49	1238916	21672	43344	26670	21672	4
14	43	50	1264200	79044	77400	70344	69756	8
14	43	52	1314768	30744	37152	61752	20604	6
14	43	53	1340052	22512	43344	43344	22512	4
14	43	55	1390620	24696	43344	43344	24696	4
14	43	56	1415904	33684	7224	25536	7224	4
14	43	58	1466472	81144	89784	108360	77316	10
14	43	59	1491756	16296	21672	21672	16296	2
14	43	61	1542324	34272	76110	60912	23694	8
14	43	62	1567608	18816	43344	43344	18816	4
14	44	47	1215984	35868	30096	49248	15564	6
14	44	49	1267728	22176	44352	32172	22176	4
14	44	53	1371216	31248	44352	44352	31248	4
14	44	55	1422960	12012	22176	22176	12012	2
14	44	59	1526448	8400	44352	34212	8400	4
14	44	61	1578192	28224	44352	44352	28224	4
14	46	47	1271256	11676	23184	23184	11676	2
14	46	49	1325352	23184	46368	43176	23184	4
14	46	53	1433544	85092	86388	80712	78744	8
14	46	55	1487640	13272	46368	36384	13272	4
14	46	59	1595832	24696	44988	46368	24696	4
14	46	61	1649928	46368	46368	46368	46368	4
14	47	49	1354164	23688	47376	47376	23688	4
14	47	50	1381800	23016	38352	44988	19116	4
14	47	52	1437072	8484	23688	9048	8484	2
14	47	53	1464708	45024	52734	46584	27534	6
14	47	55	1519980	24360	47376	47376	24360	4
14	47	56	1547616	41412	11844	38472	7896	6
14	47	58	1602888	16464	45120	47376	16464	4
14	47	59	1630524	35784	47376	47376	35784	4
14	47	61	1685796	169680	197964	168846	154452	18
14	47	62	1713432	46368	57528	81852	25908	8
14	49	50	1440600	25200	39984	49392	25200	4
14	49	52	1498224	26208	49392	49392	26208	4
14	49	53	1527036	26712	30282	49392	26712	4
14	49	55	1584660	27720	40278	49392	27720	4
14	49	58	1671096	29232	55272	74088	29232	6
14	49	59	1699908	29736	35574	49392	29736	4
14	49	61	1757532	30744	45570	49392	30744	4
14	49	62	1786344	31248	49392	49392	31248	4
14	50	53	1558200	47376	100800	92136	47376	8
14	50	55	1617000	17640	45300	50400	17640	4
14	50	59	1734600	50316	48900	50400	48900	4
14	50	61	1793400	8904	50400	50400	8904	4
14	52	53	1620528	39396	46800	53052	14748	6
14	52	55	1681680	29232	52416	52416	29232	4
14	52	59	1803984	116928	110448	99864	96336	10
14	52	61	1865136	44268	78624	78624	44268	6
14	53	55	1714020	52416	73776	81786	29202	8
14	53	56	1745184	38472	8904	26880	8904	4
14	53	58	1807512	48384	83952	61776	25488	8
14	53	59	1838676	28224	53424	53424	28224	4
14	53	61	1901004	52080	36252	50868	26172	6
14	53	62	1932168	36372	63600	76116	36372	6
14	55	56	1811040	42756	13860	49224	9240	6
14	55	58	1875720	39312	55440	51036	39312	4
14	55	59	1908060	52080	63030	59334	31950	6
14	55	61	1972740	33768	55440	55440	33768	4
14	55	62	2005080	124488	121440	112176	107328	10
14	56	59	1942752	27384	38976	9912	9912	4
14	56	61	2008608	33096	33600	10248	10248	4
14	58	59	2012136	42588	66468	65544	21360	6
14	58	61	2080344	45276	68904	86280	42348	6
14	59	61	2116212	57792	69738	67890	38322	6
14	59	62	2150904	65520	118944	118944	65520	8
14	61	62	2223816	60480	103944	88272	41448	8
16	17	19	217056	960	9282	3306	960	2
16	17	20	228480	7968	5304	3480	3480	2
16	17	22	251328	1824	5916	9372	1824	2
16	17	23	262752	4800	9078	9792	4800	2
16	17	25	285600	19200	16524	16242	16140	4
16	17	26	297024	19488	8568	16500	8568	4
16	17	28	319872	8448	9792	9960	2208	4
16	17	29	331296	2496	9792	5046	2496	2
16	17	31	354144	0	0	0	0	0
16	17	32	365568	0	0	0	0	0
16	17	34	388416	0	0	0	0	0
16	17	35	399840	1536	8466	210	210	2
16	17	37	422688	8832	9792	9546	8832	2
16	17	38	434112	9792	5100	9792	5100	2
16	17	40	456960	11424	11424	16752	7344	4
16	17	41	468384	3264	7446	9792	3264	2
16	17	43	491232	6528	9792	9792	6528	2
16	17	44	502656	8160	9792	9792	8160	2
16	17	46	525504	14496	19584	19584	14496	4
16	17	47	536928	17472	19584	19584	17472	4
16	17	49	559776	33600	48960	38196	33600	10
16	17	50	571200	48960	34476	38376	34476	10
16	17	52	594048	19584	19176	19584	19176	4
16	17	53	605472	19584	16626	19584	16626	4
16	17	55	628320	19584	11526	19584	11526	4
16	17	56	639744	9792	9792	9792	9792	2
16	17	58	662592	9888	18156	19584	8460	4
16	17	59	674016	16896	17034	19584	14346	4
16	17	61	696864	16704	14790	19584	12678	4
16	17	62	708288	17760	13668	19584	13668	4
16	19	20	255360	5856	5928	840	840	2
16	19	22	280896	26016	16644	27576	16644	6
16	19	23	293664	10752	6954	6762	6762	2
16	19	25	319200	5952	6042	1050	1050	2
16	19	26	331968	9792	18924	21888	9792	4
16	19	28	357504	8160	8664	5880	5880	2
16	19	29	370272	0	0	0	0	0
16	19	31	395808	12672	8208	21888	8208	4
16	19	32	408576	0	0	0	0	0
16	19	34	434112	10944	4332	9996	4332	2
16	19	35	446880	47040	48564	40998	40884	10
16	19	37	472416	6720	10944	10944	6720	2
16	19	38	485184	0	0	0	0	0
16	19	40	510720	13824	12768	12624	8064	4
16	19	41	523488	0	0	0	0	0
16	19	43	549024	3072	9006	10944	3072	2
16	19	44	561792	21888	18696	21888	18696	4
16	19	46	587328	21888	19380	21888	19380	4
16	19	47	600096	9600	10944	10944	9600	2
16	19	49	625632	16320	15618	21234	14850	4
16	19	50	638400	22464	17784	23544	7416	6
16	19	52	663936	9696	10944	10944	9696	2
16	19	53	676704	18240	12198	21888	12198	4
16	19	55	702240	17472	15048	13254	10632	4
16	19	56	715008	14976	21888	21888	14976	4
16	19	58	740544	15648	13908	21888	13908	4
16	19	59	753312	19968	21888	21888	19968	4
16	19	61	778848	20544	21888	21888	20544	4
16	19	62	791616	11424	21660	21888	11196	4
16	20	23	309120	2976	11520	7176	2976	2
16	20	25	336000	6240	11520	7800	6240	2
16	20	29	389760	11520	7800	9048	7800	2
16	20	31	416640	11520	5160	9672	5160	2
16	20	35	470400	2400	11520	10920	2400	2
16	20	37	497280	5664	11520	11520	5664	2
16	20	41	551040	11520	11520	11520	11520	2
16	20	43	577920	11520	9480	11520	9480	2
16	20	47	631680	13344	15720	23040	6024	4
16	20	49	658560	16608	13080	23040	6648	4
16	20	53	712320	11520	11520	11520	11520	2
16	20	55	739200	11520	11520	11520	11520	2
16	20	59	792960	12768	20040	23040	9768	4
16	20	61	819840	16032	17400	23040	10392	4
16	22	23	340032	7584	6204	11868	6204	2
16	22	25	369600	4224	15840	12972	396	4
16	22	29	428736	9216	25344	22764	9216	4
16	22	31	458304	10368	23892	11160	8916	4
16	22	35	517440	9696	1716	12180	1716	2
16	22	37	547008	10272	8052	12672	8052	2
16	22	41	606144	5376	14916	25344	2916	4
16	22	43	635712	20640	25344	25344	20640	4
16	22	47	694848	25344	19140	25344	19140	4
16	22	49	724416	2976	12672	12672	2976	2
16	22	53	783552	10944	25344	25344	10944	4
16	22	55	813120	14784	16764	25344	11484	4
16	22	59	872256	13152	23892	25344	11700	4
16	22	61	901824	25344	17292	25344	17292	4
16	23	25	386400	12480	1518	750	750	2
16	23	26	401856	7392	1932	9516	1932	2
16	23	28	432768	13248	13248	26496	12072	4
16	23	29	448224	13248	5106	8178	5106	2
16	23	31	479136	36288	28980	25524	25524	6
16	23	32	494592	0	0	0	0	0
16	23	34	525504	12672	26220	26496	12672	4
16	23	35	540960	13248	13248	26496	11778	4
16	23	37	571872	7872	6486	1110	1110	2
16	23	38	587328	26496	20148	26496	20148	4
16	23	40	618240	13248	7728	11280	7728	2
16	23	41	633696	20736	26496	26496	20736	4
16	23	43	664608	17856	22218	14538	13578	4
16	23	44	680064	8544	13248	12408	8544	2
16	23	46	710976	0	0	0	0	0
16	23	47	726432	15936	13524	26496	3654	4
16	23	49	757344	14592	24702	14718	12798	4
16	23	50	772800	13248	11868	13248	11868	2
16	23	52	803712	13248	12696	13248	12696	2
16	23	53	819168	384	13248	6042	384	2
16	23	55	850080	51840	79488	60912	51840	12
16	23	56	865536	17280	26496	19632	17280	4
16	23	58	896448	27648	28152	33108	16056	6
16	23	59	911904	24192	34776	33222	19224	6
16	23	61	942816	22656	20010	20202	16170	4
16	23	62	958272	79488	59340	61920	59340	12
16	25	26	436800	7968	14400	8268	7968	2
16	25	28	470400	4512	11400	14400	4512	2
16	25	29	487200	27072	15300	13572	13572	4
16	25	31	520800	6720	14400	14400	6720	2
16	25	32	537600	0	0	0	0	0
16	25	34	571200	50592	35700	53280	35700	8
16	25	35	588000	14400	18600	16710	6150	4
16	25	37	621600	21888	18000	31716	8016	6
16	25	38	638400	17760	17700	20100	6660	4
16	25	40	672000	17280	16800	20400	11280	4
16	25	41	688800	72576	77400	65094	63576	12
16	25	43	722400	4800	14400	6450	4800	2
16	25	44	739200	12864	24600	21000	12600	4
16	25	46	772800	14400	11100	14400	11100	2
16	25	47	789600	15936	25200	17502	13086	4
16	25	49	823200	16896	16350	28800	4446	4
16	25	50	840000	0	0	0	0	0
16	25	52	873600	8736	14400	14400	8736	2
16	25	53	890400	16704	28650	17898	16554	4
16	25	55	924000	24000	28800	28800	24000	4
16	25	56	940800	16224	28800	28800	16224	4
16	25	58	974400	28800	28800	28800	28800	4
16	25	59	991200	1344	14400	3894	1344	2
16	25	61	1024800	28416	28050	28800	28050	4
16	25	62	1041600	20640	28800	28800	20640	4
16	26	29	506688	28704	42276	29592	26052	6
16	26	31	541632	1632	14976	13020	1632	2
16	26	35	611520	10944	23556	17916	10944	4
16	26	37	646464	8736	2964	14976	2964	2
16	26	41	716352	10368	29952	18420	10368	4
16	26	43	751296	11520	29952	29952	11520	4
16	26	47	821184	2208	14976	14976	2208	2
16	26	49	856128	29952	23556	29952	23556	4
16	26	53	926016	24288	29952	29952	24288	4
16	26	55	960960	9024	24180	29952	9024	4
16	26	59	1030848	28704	19500	29952	19500	4
16	26	61	1065792	14976	14196	14976	14196	2
16	28	29	545664	11328	22344	16704	7848	4
16	28	31	583296	29952	12096	17856	12096	4
16	28	35	658560	8736	16128	15960	8736	2
16	28	37	696192	25344	20160	36696	7968	6
16	28	41	771456	16128	12264	16128	12264	2
16	28	43	809088	31200	22344	21288	21288	4
16	28	47	884352	14976	17304	32256	9336	4
16	28	49	921984	28896	32256	38136	16128	6
16	28	53	997248	32256	17976	22488	17976	4
16	28	55	1034880	26592	28392	22728	22728	4
16	28	59	1110144	38016	28224	39336	19680	6
16	28	61	1147776	27072	44352	39576	23040	6
16	29	31	604128	18432	17400	20982	6774	4
16	29	32	623616	0	0	0	0	0
16	29	34	662592	8736	16704	13260	8736	2
16	29	35	682080	20736	33408	33408	20736	4
16	29	37	721056	46656	41586	38514	38130	6
16	29	38	740544	14400	25404	25140	10524	4
16	29	40	779520	16704	9744	15600	9744	2
16	29	41	799008	24768	25056	41796	11022	6
16	29	43	837984	18624	25056	22638	13230	4
16	29	44	857472	7584	16704	16704	7584	2
16	29	46	896448	20832	24708	26916	12132	4
16	29	47	915936	16704	15834	16704	15834	2
16	29	49	954912	24768	31146	23466	22506	4
16	29	50	974400	33408	31668	33408	31668	4
16	29	52	1013376	29280	32712	33408	29280	4
16	29	53	1032864	16320	21054	33408	6462	4
16	29	55	1071840	6720	16704	7590	6720	2
16	29	56	1091328	20736	33408	29136	20736	4
16	29	58	1130304	0	0	0	0	0
16	29	59	1149792	10560	16704	16704	10560	2
16	29	61	1188768	72576	100224	88776	72576	12
16	29	62	1208256	33408	18444	25260	18444	4
16	31	32	666624	0	0	0	0	0
16	31	34	708288	13248	24924	26112	11004	4
16	31	35	729120	33984	25482	23940	23754	4
16	31	37	770784	16896	11346	15762	11346	2
16	31	38	791616	9120	17856	16188	9120	2
16	31	40	833280	20736	20832	28176	13296	4
16	31	41	854112	19968	24552	24990	13086	4
16	31	43	895776	14400	24738	35712	14400	4
16	31	44	916608	23040	30504	35712	23040	4
16	31	46	958272	67968	58032	71424	58032	8
16	31	47	979104	102336	111786	92010	89130	14
16	31	49	1020768	25920	35712	35712	25920	4
16	31	50	1041600	18432	35712	35712	18432	4
16	31	52	1083264	10176	34968	18168	9432	4
16	31	53	1104096	33984	40176	40752	20592	6
16	31	55	1145760	15936	23622	35712	7686	4
16	31	56	1166592	17856	17856	17856	17856	2
16	31	58	1208256	17856	17856	17856	17856	2
16	31	59	1229088	23616	35712	28122	23616	4
16	31	61	1270752	15360	24366	16104	4014	4
16	31	62	1291584	0	0	0	0	0
16	32	35	752640	0	0	0	0	0
16	32	37	795648	0	0	0	0	0
16	32	41	881664	0	0	0	0	0
16	32	43	924672	0	0	0	0	0
16	32	47	1010688	0	0	0	0	0
16	32	49	1053696	0	0	0	0	0
16	32	53	1139712	0	0	0	0	0
16	32	55	1182720	0	0	0	0	0
16	32	59	1268736	0	0	0	0	0
16	32	61	1311744	0	0	0	0	0
16	34	35	799680	12864	30804	21684	4500	4
16	34	37	845376	20736	39168	28020	20736	4
16	34	41	936768	6816	6324	19584	6324	2
16	34	43	982464	5376	39168	29388	5376	4
16	34	47	1073856	14400	39168	39168	14400	4
16	34	49	1119552	34080	58752	50340	34080	6
16	34	53	1210944	33888	33252	39168	33252	4
16	34	55	1256640	29952	54672	55008	21744	8
16	34	59	1348032	6528	34068	39168	6528	4
16	34	61	1393728	13056	29580	39168	13056	4
16	35	37	870240	24576	42840	41472	14286	6
16	35	38	893760	51840	55440	79404	48876	8
16	35	40	940800	14880	11760	19920	11760	2
16	35	41	964320	12480	20160	13530	12480	2
16	35	43	1011360	72768	61740	54252	53868	8
16	35	44	1034880	25344	34440	23592	19464	4
16	35	46	1081920	9888	20160	20160	9888	2
16	35	47	1105440	14976	30450	40320	14976	4
16	35	49	1152480	34944	40320	48384	20160	6
16	35	50	1176000	17760	18060	20160	17760	2
16	35	52	1223040	16512	39480	37320	16512	4
16	35	53	1246560	10560	20160	20160	10560	2
16	35	55	1293600	31680	40320	33690	31680	4
16	35	56	1317120	24192	40320	38640	24192	4
16	35	58	1364160	21312	40320	40320	21312	4
16	35	59	1387680	15168	29190	40320	10566	4
16	35	61	1434720	30336	36330	35166	26346	4
16	35	62	1458240	60480	42420	55572	42420	6
16	37	38	944832	14976	42624	42624	14976	4
16	37	40	994560	21504	24864	35952	13104	4
16	37	41	1019424	40896	34410	32874	32682	4
16	37	43	1069152	25920	42624	42624	25920	4
16	37	44	1094016	15744	36408	37416	15744	4
16	37	46	1143744	14496	16428	21312	14496	2
16	37	47	1168608	18816	38406	34566	14598	4
16	37	49	1218336	28608	42624	60558	18318	6
16	37	50	1243200	31584	21756	22812	10716	4
16	37	52	1292928	23040	41736	27240	22152	4
16	37	53	1317792	137664	154290	127224	121458	16
16	37	55	1367520	42624	25086	27582	25086	4
16	37	56	1392384	21312	21312	21312	21312	2
16	37	58	1442112	102528	87912	106476	87912	10
16	37	59	1466976	31104	37074	37950	28626	4
16	37	61	1516704	14784	32190	42624	12222	4
16	37	62	1541568	38016	50616	63936	34968	6
16	38	41	1046976	7968	21888	12300	7968	2
16	38	43	1098048	5856	8436	21888	5856	2
16	38	47	1200192	20736	43776	35988	20736	4
16	38	49	1251264	8448	43776	28356	8448	4
16	38	53	1353408	32928	55860	44784	23124	6
16	38	55	1404480	33408	38532	43776	33408	4
16	38	59	1506624	36768	65664	61476	36768	6
16	38	61	1557696	16704	43776	43776	16704	4
16	40	41	1102080	26496	27120	27552	16656	4
16	40	43	1155840	18528	18960	14448	14448	2
16	40	47	1263360	29952	31440	31584	18672	4
16	40	49	1317120	31104	26160	32928	19344	4
16	40	53	1424640	31008	35760	35616	20688	4
16	40	55	1478400	34560	30480	36960	21360	4
16	40	59	1585920	28704	40080	39648	22704	4
16	40	61	1639680	34656	34800	40992	23376	4
16	41	43	1184736	25536	39606	38838	17910	4
16	41	44	1212288	22080	40344	31800	15192	4
16	41	46	1267392	17856	47232	47232	17856	4
16	41	47	1294944	34176	25338	28410	12282	4
16	41	49	1350048	86592	81180	73692	73308	8
16	41	50	1377600	79968	83148	116364	73068	10
16	41	52	1432704	25344	46248	47232	25344	4
16	41	53	1460256	30144	53136	70446	22830	6
16	41	55	1515360	31104	38130	43086	31104	4
16	41	56	1542912	27648	47232	47232	27648	4
16	41	58	1598016	34176	30012	29532	16956	4
16	41	59	1625568	34944	30750	34590	18462	4
16	41	61	1680672	38592	47232	45210	38592	4
16	41	62	1708224	46080	72816	75504	31824	8
16	43	44	1271424	17856	42312	49536	17856	4
16	43	46	1329216	31104	43860	49536	31104	4
16	43	47	1358112	47808	44634	43098	42906	4
16	43	49	1415904	15744	24768	23226	15744	2
16	43	50	1444800	24000	39732	48468	18900	4
16	43	52	1502592	21120	48504	36312	20088	4
16	43	53	1531488	31104	38184	45438	30846	4
16	43	55	1589280	18816	68370	57126	18816	6
16	43	56	1618176	28800	49536	32496	28800	4
16	43	58	1675968	33504	70692	57540	29892	6
16	43	59	1704864	165312	188856	168090	156024	16
16	43	61	1762656	33024	37410	33186	20898	4
16	43	62	1791552	34944	34572	33324	19980	4
16	44	47	1389696	44352	38280	44520	36456	4
16	44	49	1448832	18624	50688	45336	18624	4
16	44	53	1567104	36864	57024	72312	29208	6
16	44	55	1626240	27456	29832	47784	18216	4
16	44	59	1744512	50688	47784	49416	47784	4
16	44	61	1803648	44352	34584	50232	34104	4
16	46	47	1452864	19968	15456	39468	5868	4
16	46	49	1514688	44448	64308	61776	29748	6
16	46	53	1638336	14016	52992	41124	14016	4
16	46	55	1700160	51840	105984	92592	51840	8
16	46	59	1823808	32256	49956	52992	32256	4
16	46	61	1885632	6528	52992	52992	6528	4
16	47	49	1547616	33216	62040	60000	29550	6
16	47	50	1579200	40800	67680	64644	30084	6
16	47	52	1642368	19392	53016	54144	19392	4
16	47	53	1673952	41472	30174	42654	26526	4
16	47	55	1737120	100416	101802	95724	93930	8
16	47	56	1768704	29952	81216	56496	29952	6
16	47	58	1831872	29568	50196	54144	27828	4
16	47	59	1863456	20352	78114	66534	20352	6
16	47	61	1926624	23232	54144	54144	23232	4
16	47	62	1958208	114144	121260	162432	105216	12
16	49	50	1646400	18048	45276	20400	6876	4
16	49	52	1712256	42048	55272	45384	40872	4
16	49	53	1745184	54720	56154	54618	54426	4
16	49	55	1811040	54912	54684	46044	25884	6
16	49	56	1843968	32256	56448	42000	32256	4
16	49	58	1909824	41472	56448	56448	41472	4
16	49	59	1942752	42240	69090	84672	42240	6
16	49	61	2008608	33216	77616	84672	33216	6
16	49	62	2041536	23616	56448	56448	23616	4
16	50	53	1780800	31104	57600	56148	31104	4
16	50	55	1848000	20160	57600	57600	20160	4
16	50	59	1982400	25632	70500	58308	9732	6
16	50	61	2049600	38112	79200	58332	32412	6
16	52	53	1852032	24864	63336	88464	23592	6
16	52	55	1921920	33312	71136	89856	31992	6
16	52	59	2061696	32736	68952	89856	31320	6
16	52	61	2131584	59808	58344	59904	58344	4
16	53	55	1958880	39552	70914	91584	39552	6
16	53	56	1994496	35040	91584	69456	35040	6
16	53	58	2065728	14208	56604	32016	9756	4
16	53	59	2101344	36288	61056	61056	36288	4
16	53	61	2172576	137664	131652	120132	116676	10
16	53	62	2208192	49632	45792	70356	30816	6
16	55	56	2069760	35712	63360	51504	35712	4
16	55	58	2143680	46272	40260	42468	23652	4
16	55	59	2180640	61632	63360	63360	61632	4
16	55	61	2254560	54528	73260	64620	44460	6
16	55	62	2291520	12288	62700	38688	11628	4
16	56	59	2220288	38016	46704	64512	38016	4
16	56	61	2295552	39168	58128	64512	39168	4
16	58	59	2299584	23040	66816	66816	23040	4
16	58	61	2377536	72576	133632	130236	72576	8
16	59	61	2418528	73728	104430	102318	42222	8
16	59	62	2458176	41472	67968	67968	41472	4
16	61	62	2541504	59232	73200	72876	27756	6
17	19	20	271320	1938	11058	4560	1938	2
17	19	22	298452	9690	6954	5016	5016	2
17	19	23	312018	5712	7296	1380	1380	2
17	19	25	339150	3468	11628	7800	3468	2
17	19	26	352716	6630	11628	8112	6630	2
17	19	28	379848	11628	7410	8736	7410	2
17	19	29	393414	11628	4560	9048	4560	2
17	19	31	420546	3876	11628	7068	3876	2
17	19	32	434112	11628	798	1920	798	2
17	19	34	461244	0	0	0	0	0
17	19	35	474810	12444	5244	19608	1044	4
17	19	37	501942	2856	7296	11628	2856	2
17	19	38	515508	0	0	0	0	0
17	19	40	542640	0	0	0	0	0
17	19	41	556206	6936	11628	11628	6936	2
17	19	43	583338	8976	11628	11628	8976	2
17	19	44	596904	12342	17784	21660	8808	4
17	19	46	624036	21420	21204	24876	7740	6
17	19	47	637602	17544	23256	23256	17544	4
17	19	49	664734	21012	23256	23256	21012	4
17	19	50	678300	12240	23256	23256	12240	4
17	19	52	705432	19074	23256	23256	19074	4
17	19	53	718998	43656	58140	49692	43656	10
17	19	55	746130	58140	45828	49812	45828	10
17	19	56	759696	23256	20634	23256	20634	4
17	19	58	786828	23256	14934	23256	14934	4
17	19	59	800394	34884	23712	34884	23712	6
17	19	61	827526	23256	22344	23256	22344	4
17	19	62	841092	22644	27360	26976	15120	6
17	20	22	314160	7140	12240	7260	7140	2
17	20	23	328440	29478	19680	31284	19680	6
17	20	25	357000	6630	11760	6150	6150	2
17	20	26	371280	0	0	0	0	0
17	20	28	399840	12240	21720	24480	12240	4
17	20	29	414120	3570	12240	9570	3570	2
17	20	31	442680	12240	480	2418	480	2
17	20	32	456960	14688	10080	24480	10080	4
17	20	34	485520	0	0	0	0	0
17	20	35	499800	12240	15600	14970	5280	4
17	20	37	528360	53958	55440	48678	48198	10
17	20	38	542640	15504	13560	21588	4788	4
17	20	40	571200	0	0	0	0	0
17	20	41	585480	11628	19680	15438	10398	4
17	20	43	614040	714	12240	3354	714	2
17	20	44	628320	20400	24480	24480	20400	4
17	20	46	656880	24480	21480	24480	21480	4
17	20	47	671160	4794	11280	12240	4794	2
17	20	49	699720	13362	22320	24294	11442	4
17	20	50	714000	14280	17880	24480	12780	4
17	20	52	742560	12240	12240	12240	12240	2
17	20	53	756840	24480	13920	24480	13920	4
17	20	55	785400	20910	14640	24480	14640	4
17	20	56	799680	12240	24480	24480	12240	4
17	20	58	828240	13260	24480	24480	13260	4
17	20	59	842520	17850	16080	24480	16080	4
17	20	61	871080	18462	21840	24480	15822	4
17	20	62	885360	23052	18840	24480	17412	4
17	22	23	361284	10404	25608	20700	10404	4
17	22	25	392700	7242	7392	13464	7242	2
17	22	26	408408	3264	7788	13464	3264	2
17	22	28	439824	25908	37356	24552	22872	6
17	22	29	455532	0	0	0	0	0
17	22	31	486948	6222	11616	13464	6222	2
17	22	32	502656	5100	12012	3648	3648	2
17	22	34	534072	0	0	0	0	0
17	22	35	549780	10608	19008	14514	8496	4
17	22	37	581196	17238	14520	17682	4830	4
17	22	38	596904	26112	15840	26928	15840	4
17	22	40	628320	12240	21120	18024	12108	4
17	22	41	644028	17136	26928	26928	17136	4
17	22	43	675444	13464	10824	13464	10824	2
17	22	44	691152	0	0	0	0	0
17	22	46	722568	22848	26928	26928	22848	4
17	22	47	738276	13464	12408	13464	12408	2
17	22	49	769692	1734	13200	1470	1470	2
17	22	50	785400	7752	8052	13464	7752	2
17	22	52	816816	16116	20460	26928	9648	4
17	22	53	832524	29376	24552	32970	15474	6
17	22	55	863940	15708	21648	26928	15708	4
17	22	56	879648	53856	80784	61920	53856	12
17	22	58	911064	23256	19140	26928	18732	4
17	22	59	926772	15402	26928	26928	15402	4
17	22	61	958188	80784	59136	62640	59136	12
17	22	62	973896	19176	24420	26928	16668	4
17	23	25	410550	10812	11592	15276	4464	4
17	23	26	426972	3570	13938	3432	3432	2
17	23	28	459816	0	0	0	0	0
17	23	29	476238	37332	28980	39288	28980	6
17	23	31	509082	11628	28152	25980	11628	4
17	23	32	525504	11118	12558	9600	9600	2
17	23	34	558348	0	0	0	0	0
17	23	35	574770	7752	8004	1680	1680	2
17	23	37	607614	12648	1104	11100	1104	2
17	23	38	624036	11526	9246	14076	9246	2
17	23	40	656880	70992	74382	61428	60918	12
17	23	41	673302	17952	16836	19488	6636	4
17	23	43	706146	4692	19596	26976	4692	4
17	23	44	722568	9078	14076	14076	9078	2
17	23	46	755412	0	0	0	0	0
17	23	47	771834	24072	21252	28152	21252	4
17	23	49	804678	28152	22080	28152	22080	4
17	23	50	821100	22134	22494	16476	16476	4
17	23	52	853944	102	14076	6864	102	2
17	23	53	870366	26316	31464	35148	15552	6
17	23	55	903210	17748	22632	16716	12228	4
17	23	56	919632	22542	19182	28152	19182	4
17	23	58	952476	41514	28290	42228	28290	6
17	23	59	968898	17136	36432	42228	13272	6
17	23	61	1001742	26928	26496	42228	18096	6
17	23	62	1018164	25806	28152	28152	25806	4
17	25	26	464100	0	0	0	0	0
17	25	28	499800	6222	5550	15300	5550	2
17	25	29	517650	2244	15300	9744	2244	2
17	25	31	553350	16728	15900	20508	6228	4
17	25	32	571200	17748	18900	30600	16980	4
17	25	34	606900	0	0	0	0	0
17	25	35	624750	15300	30300	30600	15300	4
17	25	37	660450	11832	15300	12432	11832	2
17	25	38	678300	12138	1650	12768	1650	2
17	25	40	714000	18360	19800	30600	17400	4
17	25	41	731850	4488	15300	6888	4488	2
17	25	43	767550	24480	30600	30600	24480	4
17	25	44	785400	27540	19800	37476	11334	6
17	25	46	821100	3162	13650	15300	3162	2
17	25	47	838950	14076	30600	30600	14076	4
17	25	49	874650	19380	21900	23532	10680	4
17	25	50	892500	0	0	0	0	0
17	25	52	928200	20298	19050	30600	19050	4
17	25	53	946050	24480	21600	45900	11280	6
17	25	55	981750	25500	30600	30600	25500	4
17	25	56	999600	19584	18750	30600	18240	4
17	25	58	1035300	1122	15300	4872	1122	2
17	25	59	1053150	64872	91800	76068	64872	12
17	25	61	1088850	23664	35100	35724	22464	6
17	25	62	1106700	34272	29700	30924	18072	6
17	26	28	519792	13056	19500	15120	5832	4
17	26	29	538356	6834	15912	10266	6834	2
17	26	31	575484	17748	12168	29490	12168	4
17	26	32	594048	6324	14196	15912	6324	2
17	26	34	631176	0	0	0	0	0
17	26	35	649740	56202	40872	59544	40872	8
17	26	37	686868	15912	9984	15912	9984	2
17	26	38	705432	13464	23088	22980	12372	4
17	26	40	742560	21828	18408	19992	8568	4
17	26	41	761124	30702	21216	20094	20094	4
17	26	43	798252	82008	87048	75342	73584	12
17	26	44	816816	7140	13260	4488	4488	2
17	26	46	853944	12648	30108	20604	12648	4
17	26	47	872508	26826	31824	31824	26826	4
17	26	49	909636	21624	16224	31824	8982	4
17	26	50	928200	19176	18876	31824	18876	4
17	26	52	965328	0	0	0	0	0
17	26	53	983892	20094	24648	25770	12918	4
17	26	55	1021020	15300	31824	31824	15300	4
17	26	56	1039584	5100	15912	15912	5100	2
17	26	58	1076712	33048	33696	42612	23496	6
17	26	59	1095276	27642	31824	31824	27642	4
17	26	61	1132404	0	0	0	0	0
17	26	62	1150968	31416	31044	31824	31044	4
17	28	29	579768	13464	30912	34272	13464	4
17	28	31	619752	34170	49056	36108	31818	6
17	28	32	639744	12648	8232	15168	8232	2
17	28	34	679728	0	0	0	0	0
17	28	35	699720	9282	17136	13650	9282	2
17	28	37	739704	14076	23856	25350	12396	4
17	28	38	759696	17340	26040	23256	9108	4
17	28	40	799680	24480	34272	34272	24480	4
17	28	41	819672	9690	17136	17136	9690	2
17	28	43	859656	16320	21504	33906	10386	4
17	28	44	879648	26928	29064	34272	26928	4
17	28	46	919632	17136	15288	17136	15288	2
17	28	47	939624	24378	23520	23622	13626	4
17	28	49	979608	30702	34272	45150	17136	6
17	28	50	999600	3876	17136	11100	3876	2
17	28	52	1039584	30192	28392	24312	24312	4
17	28	53	1059576	34272	28896	34272	28896	4
17	28	55	1099560	28254	29904	34272	28254	4
17	28	56	1119552	0	0	0	0	0
17	28	58	1159536	12036	17136	17136	12036	2
17	28	59	1179528	8058	14784	17136	8058	2
17	28	61	1219512	21522	30576	30678	17826	4
17	28	62	1239504	75888	102816	90864	75888	12
17	29	31	641886	15300	20880	35496	15300	4
17	29	32	662592	33048	14616	20736	14616	4
17	29	34	704004	0	0	0	0	0
17	29	35	724710	3876	17748	8400	3876	2
17	29	37	766122	10404	35496	23520	10404	4
17	29	38	786828	19584	25752	26868	11058	4
17	29	40	828240	11118	2958	16320	2958	2
17	29	41	848946	65484	52200	69972	52200	8
17	29	43	890358	17748	11832	17544	11832	2
17	29	44	911064	17748	14790	17748	14790	2
17	29	46	952476	93024	100224	89208	86760	12
17	29	47	973182	13668	24360	35496	13668	4
17	29	49	1014594	31212	28188	47256	16248	6
17	29	50	1035300	19788	25926	35496	13788	4
17	29	52	1076712	5304	29406	35496	5304	4
17	29	53	1097418	6528	17748	8268	6528	2
17	29	55	1138830	35496	21228	26328	21228	4
17	29	56	1159536	29478	35496	35496	29478	4
17	29	58	1200948	0	0	0	0	0
17	29	59	1221654	30396	23316	35496	23316	4
17	29	61	1263066	25092	35496	35496	25092	4
17	29	62	1283772	34884	45066	42300	26706	6
17	31	32	708288	3570	14322	18972	3570	2
17	31	34	752556	0	0	0	0	0
17	31	35	774690	18972	18972	37452	16032	4
17	31	37	818958	24480	37944	37944	24480	4
17	31	38	841092	2550	18972	16872	2550	2
17	31	40	885360	18972	13578	17760	13578	2
17	31	41	907494	10608	3720	18204	3720	2
17	31	43	951762	37944	26412	27228	26412	4
17	31	44	973896	15912	37944	37944	15912	4
17	31	46	1018164	22848	25482	20076	10386	4
17	31	47	1040298	14892	36456	27996	14892	4
17	31	49	1084566	18972	18972	37944	14856	4
17	31	50	1106700	37944	19902	28572	19902	4
17	31	52	1150968	17646	46500	39192	16344	6
17	31	53	1173102	18972	18228	18972	18228	2
17	31	55	1217370	3468	18972	18972	3468	2
17	31	56	1239504	34170	37944	37944	34170	4
17	31	58	1283772	31926	37944	37944	31926	4
17	31	59	1305906	15096	27528	17700	4680	4
17	31	61	1350174	36720	47616	47520	27420	6
17	31	62	1372308	0	0	0	0	0
17	32	34	776832	0	0	0	0	0
17	32	35	799680	15300	24960	29874	12228	4
17	32	37	845376	15096	29952	27354	13176	4
17	32	38	868224	18564	12864	17556	12864	2
17	32	40	913920	10608	19584	18480	10608	2
17	32	41	936768	14688	26112	39168	14688	4
17	32	43	982464	24480	32640	39168	24480	4
17	32	44	1005312	11832	16320	19584	11832	2
17	32	46	1051008	30600	28992	39168	27564	4
17	32	47	1073856	74664	64512	78336	64512	8
17	32	49	1119552	114546	125184	105090	102642	14
17	32	50	1142400	35292	58752	49668	35292	6
17	32	52	1188096	17136	39168	39168	17136	4
17	32	53	1210944	30600	39168	39168	30600	4
17	32	55	1256640	23256	39168	39168	23256	4
17	32	56	1279488	35088	46272	55632	26688	6
17	32	58	1325184	39168	19776	22020	19776	4
17	32	59	1348032	19992	33792	22062	14616	4
17	32	61	1393728	46512	36864	50328	24624	6
17	32	62	1416576	5916	19584	13020	5916	2
17	34	35	849660	0	0	0	0	0
17	34	37	898212	0	0	0	0	0
17	34	38	922488	0	0	0	0	0
17	34	40	971040	0	0	0	0	0
17	34	41	995316	0	0	0	0	0
17	34	43	1043868	0	0	0	0	0
17	34	44	1068144	0	0	0	0	0
17	34	46	1116696	0	0	0	0	0
17	34	47	1140972	0	0	0	0	0
17	34	49	1189524	0	0	0	0	0
17	34	50	1213800	0	0	0	0	0
17	34	52	1262352	0	0	0	0	0
17	34	53	1286628	0	0	0	0	0
17	34	55	1335180	0	0	0	0	0
17	34	56	1359456	0	0	0	0	0
17	34	58	1408008	0	0	0	0	0
17	34	59	1432284	0	0	0	0	0
17	34	61	1480836	0	0	0	0	0
17	34	62	1505112	0	0	0	0	0
17	35	37	924630	12036	21420	12876	12036	2
17	35	38	949620	35598	28980	35100	9396	6
17	35	40	999600	15810	15330	21420	15330	2
17	35	41	1024590	13668	25620	42576	13176	4
17	35	43	1074570	9588	5460	21420	5460	2
17	35	44	1099560	4182	21420	15312	4182	2
17	35	46	1149540	27642	28770	33564	13572	4
17	35	47	1174530	29580	49140	26496	14460	6
17	35	49	1224510	21420	42840	42840	21420	4
17	35	50	1249500	30600	42840	42840	30600	4
17	35	52	1299480	138312	152250	123120	119202	16
17	35	53	1324470	100776	81060	104124	81060	10
17	35	55	1374450	33660	42840	42840	33660	4
17	35	56	1399440	25704	38010	42840	25704	4
17	35	58	1449420	16932	42840	36732	16932	4
17	35	59	1474410	40392	52500	57528	28632	6
17	35	61	1524390	5916	41160	42840	5916	4
17	35	62	1549380	19074	60270	48792	19074	6
17	37	38	1003884	17340	35964	34044	15786	4
17	37	40	1056720	59976	65268	90012	57576	8
17	37	41	1083138	17748	45288	45288	17748	4
17	37	43	1135974	17544	40848	35544	13104	4
17	37	44	1162392	9078	6438	22644	6438	2
17	37	46	1215228	39066	41292	42516	16812	6
17	37	47	1241646	9996	40404	24900	5112	4
17	37	49	1294482	18360	35520	45288	18360	4
17	37	50	1320900	31824	36186	45288	31824	4
17	37	52	1373736	33150	49284	65256	28476	6
17	37	53	1400154	30192	35076	38544	19980	4
17	37	55	1452990	20604	36408	45288	20604	4
17	37	56	1479408	21216	27750	45288	17856	4
17	37	58	1532244	42228	54834	62316	29130	6
17	37	59	1558662	38556	49284	67932	26124	6
17	37	61	1611498	39780	67932	63588	39780	6
17	37	62	1637916	26316	45288	45288	26316	4
17	38	40	1085280	16320	36708	25440	6516	4
17	38	41	1112412	24072	37392	39738	15462	4
17	38	43	1166676	19584	46512	46512	19584	4
17	38	44	1193808	33048	39444	29856	25980	4
17	38	46	1248072	34272	24852	25392	13020	4
17	38	47	1275204	30600	46512	46512	30600	4
17	38	49	1329468	18972	46512	46512	18972	4
17	38	50	1356600	40800	47880	46656	20952	6
17	38	52	1410864	17952	25764	46512	15768	4
17	38	53	1437996	43554	69768	63366	43554	6
17	38	55	1492260	153000	171000	144504	137952	16
17	38	56	1519392	46308	41268	41064	41064	4
17	38	58	1573656	46512	29868	41700	29868	4
17	38	59	1600788	130254	98040	135042	98040	12
17	38	61	1655052	42126	44688	46512	42126	4
17	38	62	1682184	24072	42180	46512	24072	4
17	40	41	1170960	19584	39360	48960	19584	4
17	40	43	1228080	6834	24480	18834	6834	2
17	40	44	1256640	17136	48960	40056	17136	4
17	40	46	1313760	70992	79200	97920	70716	8
17	40	47	1342320	21828	43680	45066	21546	4
17	40	49	1399440	33048	45120	33594	29208	4
17	40	50	1428000	26520	29040	46380	17820	4
17	40	52	1485120	16728	24480	18408	16728	2
17	40	53	1513680	39780	27840	43242	26106	4
17	40	55	1570800	37230	37440	54570	20910	6
17	40	56	1599360	24480	48960	48960	24480	4
17	40	58	1656480	41616	61920	54876	30096	6
17	40	59	1685040	19176	48960	45366	19176	4
17	40	61	1742160	28968	43680	35826	23688	4
17	40	62	1770720	35496	60960	60492	34296	6
17	41	43	1258782	21420	34932	50184	21420	4
17	41	44	1288056	30600	50184	50184	30600	4
17	41	46	1346604	8058	8610	25092	8058	2
17	41	47	1375878	49164	37884	42576	37884	4
17	41	49	1434426	19380	49692	43320	19380	4
17	41	50	1463700	37230	29766	31092	16812	4
17	41	52	1522248	24072	48462	48804	24072	4
17	41	53	1551522	4692	50184	49260	4692	4
17	41	55	1610070	35904	33456	36300	19176	4
17	41	56	1639344	43350	59286	71016	29910	6
17	41	58	1697892	167688	188928	165828	155880	16
17	41	59	1727166	37536	61500	75276	37536	6
17	41	61	1785714	36108	61008	62628	34140	6
17	41	62	1814988	41004	69372	57624	35100	6
17	43	44	1350888	31824	26574	32208	15456	4
17	43	46	1412292	14484	35346	52632	14484	4
17	43	47	1442994	7548	9804	26316	7548	2
17	43	49	1504398	44064	63468	45720	28584	6
17	43	50	1535100	22644	52632	52632	22644	4
17	43	52	1596504	91086	97266	130848	84846	10
17	43	53	1627206	28764	51600	52632	28764	4
17	43	55	1688610	41412	61404	75072	30192	6
17	43	56	1719312	10608	52632	35052	10608	4
17	43	58	1780716	52632	48246	49980	48246	4
17	43	59	1811418	37332	60888	66792	33720	6
17	43	61	1872822	42432	28896	34404	18696	4
17	43	62	1903524	52632	29670	41196	29670	4
17	44	46	1445136	20808	53856	53856	20808	4
17	44	47	1476552	22848	51744	46950	20736	4
17	44	49	1539384	16932	49632	35454	12708	4
17	44	50	1570800	40596	44352	54156	14988	6
17	44	52	1633632	30192	40920	49080	20520	4
17	44	53	1665048	17952	41712	53856	17952	4
17	44	55	1727880	29172	35904	53856	23562	4
17	44	56	1759296	53856	107712	92160	53856	8
17	44	58	1822128	37944	60720	68820	33456	6
17	44	59	1853544	33048	53856	42150	33048	4
17	44	61	1916376	195942	221232	187344	174822	18
17	44	62	1947792	34476	75768	53712	29460	6
17	46	47	1543668	26826	68448	58278	24618	6
17	46	49	1609356	49572	44160	50790	42222	4
17	46	50	1642200	21624	56304	51252	21624	4
17	46	52	1707888	22848	42780	30336	9324	4
17	46	53	1740732	39168	35880	43734	22314	4
17	46	55	1806420	34272	65688	84456	34272	6
17	46	56	1839264	36720	49956	44616	33024	4
17	46	58	1904952	113016	116196	167556	100488	12
17	46	59	1937796	41004	49680	83562	29382	6
17	46	61	2003484	56304	38640	46086	38640	4
17	46	62	2036328	23256	56304	56304	23256	4
17	47	49	1644342	25908	12972	39936	7092	4
17	47	50	1677900	49062	70782	55764	34062	6
17	47	52	1745016	26316	55554	57528	26316	4
17	47	53	1778574	37536	64296	82968	30540	6
17	47	55	1845690	36720	50196	45924	34080	4
17	47	56	1879248	21624	57528	55644	21624	4
17	47	58	1946364	34272	52734	57528	34272	4
17	47	59	1979922	55488	37788	47172	37788	4
17	47	61	2047038	50592	65988	61188	40284	6
17	47	62	2080596	14382	80934	61248	9024	6
17	49	50	1749300	24888	15288	43188	7488	4
17	49	52	1819272	46512	84966	87432	31230	8
17	49	53	1854258	36720	50568	48432	36084	4
17	49	55	1924230	51204	65856	54408	36684	6
17	49	56	1959216	46410	59976	64260	34272	6
17	49	58	2029188	45390	63504	65544	23928	6
17	49	59	2064174	49164	70560	95628	20352	8
17	49	61	2134146	45084	45276	46092	30384	4
17	49	62	2169132	43962	46158	51564	30144	4
17	50	52	1856400	36720	50700	49632	36720	4
17	50	53	1892100	48960	94800	84342	34722	8
17	50	55	1963500	21420	61200	59970	21420	4
17	50	56	1999200	42024	41700	46392	23544	4
17	50	58	2070600	17544	61200	46956	17544	4
17	50	59	2106300	64872	122400	113394	64872	8
17	50	61	2177700	23664	61200	61200	23664	4
17	50	62	2213400	67728	81600	93660	41028	8
17	52	53	1967784	22848	49296	20352	8496	4
17	52	55	2042040	52530	74880	81138	44418	6
17	52	56	2079168	26112	63648	63648	26112	4
17	52	58	2153424	41004	67392	67476	22596	6
17	52	59	2190552	25092	63648	63648	25092	4
17	52	61	2264808	23460	56784	40974	16596	4
17	52	62	2301936	35496	62088	63648	35496	4
17	53	55	2081310	21828	52152	23100	9108	4
17	53	56	2119152	49572	64872	55956	49572	4
17	53	58	2194836	30804	55014	64872	29412	4
17	53	59	2232678	54264	83952	84696	49812	6
17	53	61	2308362	43248	68052	90492	31536	6
17	53	62	2346204	64770	63282	64872	63282	4
17	55	56	2199120	31926	79530	92856	31926	6
17	55	58	2277660	62322	67650	74280	33786	6
17	55	59	2316930	19788	58080	29028	10548	4
17	55	61	2395470	49572	67320	61476	49572	4
17	55	62	2434740	25908	67320	67320	25908	4
17	56	58	2319072	26928	68544	68544	26928	4
17	56	59	2359056	50388	45024	47370	27378	4
17	56	61	2439024	18768	61152	32208	11376	4
17	56	62	2479008	75888	137088	132204	75888	8
17	58	59	2443308	48858	77256	86214	43986	6
17	58	61	2526132	42840	70992	70992	42840	4
17	58	62	2567544	47328	90132	71364	30972	6
17	59	61	2569686	34476	90624	104424	34476	6
17	59	62	2611812	42636	55578	63636	32220	4
17	61	62	2700348	51510	79422	94008	32910	6
19	20	22	351120	7980	6360	660	660	2
19	20	23	367080	6726	13440	6486	6486	2
19	20	25	399000	7410	9120	2850	2850	2
19	20	26	414960	2964	7800	13680	2964	2
19	20	28	446880	13680	27240	23928	13680	4
19	20	29	462840	27930	37920	25164	24810	6
19	20	31	494760	24738	10800	25026	10800	4
19	20	32	510720	11400	6600	13680	6600	2
19	20	34	542640	21888	16560	27144	5388	6
19	20	35	558600	10830	12720	9870	9870	2
19	20	37	590520	13110	1680	1110	1110	2
19	20	38	606480	0	0	0	0	0
19	20	40	638400	0	0	0	0	0
19	20	41	654360	114	13680	4674	114	2
19	20	43	686280	8778	13680	13680	8778	2
19	20	44	702240	22800	19560	15000	15000	4
19	20	46	734160	20520	20160	40332	8400	6
19	20	47	750120	15846	18960	26934	14166	4
19	20	49	782040	6042	11040	13680	6042	2
19	20	50	798000	15960	24480	19380	13680	4
19	20	52	829920	11856	13680	13680	11856	2
19	20	53	845880	16302	26160	27360	16302	4
19	20	55	877800	23370	27360	27360	23370	4
19	20	56	893760	27360	41040	41040	27360	6
19	20	58	925680	57228	82080	63072	57228	12
19	20	59	941640	82080	58080	63216	58080	12
19	20	61	973560	41040	29280	41040	29280	6
19	20	62	989520	27360	26040	27360	26040	4
19	22	23	403788	4218	7392	15042	4218	2
19	22	25	438900	37050	26400	39348	26400	6
19	22	26	456456	3648	15048	8268	3648	2
19	22	28	491568	4332	14916	4200	4200	2
19	22	29	509124	14250	6072	11658	6072	2
19	22	31	544236	6954	15048	9858	6954	2
19	22	32	561792	17784	27852	30096	17784	4
19	22	34	596904	19152	14256	30096	14256	4
19	22	35	614460	15048	1056	2310	1056	2
19	22	37	649572	28842	16632	17316	15378	4
19	22	38	667128	0	0	0	0	0
19	22	40	702240	20292	17160	21048	8280	4
19	22	41	719796	77862	79464	67038	67038	12
19	22	43	754908	17328	21384	17886	12606	4
19	22	44	772464	0	0	0	0	0
19	22	46	807576	15960	20064	29676	13716	4
19	22	47	825132	1254	15048	3102	1254	2
19	22	49	860244	26562	30096	30096	26562	4
19	22	50	877800	30096	27588	30096	27588	4
19	22	52	912912	9348	7788	15048	7788	2
19	22	53	930468	9690	15048	15048	9690	2
19	22	55	965580	17556	29568	23298	17028	4
19	22	56	983136	20520	39468	38496	14844	6
19	22	58	1018248	30096	19668	30096	19668	4
19	22	59	1035804	26790	20064	30096	20064	4
19	22	61	1070916	28728	28512	45144	19506	6
19	22	62	1088472	24624	34848	45144	17628	6
19	23	25	458850	3648	15732	4200	3648	2
19	23	26	477204	13566	10902	8736	8736	2
19	23	28	513912	6270	5934	15732	5934	2
19	23	29	532266	17784	26496	23040	6468	6
19	23	31	568974	7296	11040	2604	2604	2
19	23	32	587328	16872	13248	18420	8346	4
19	23	34	624036	15732	690	2856	690	2
19	23	35	642390	7068	15732	11760	7068	2
19	23	37	679098	7752	13524	15732	7752	2
19	23	38	697452	0	0	0	0	0
19	23	40	734160	5586	5106	15732	5106	2
19	23	41	752514	10716	15732	15732	10716	2
19	23	43	789222	22572	32292	37404	11256	6
19	23	44	807576	5928	20562	30516	5400	4
19	23	46	844284	0	0	0	0	0
19	23	47	862638	22116	21804	23628	12456	4
19	23	49	899346	24396	31464	31464	24396	4
19	23	50	917700	0	0	0	0	0
19	23	52	954408	20634	18216	31464	18216	4
19	23	53	972762	29412	47196	47196	29412	6
19	23	55	1009470	19836	31464	31464	19836	4
19	23	56	1027824	26676	25668	47196	16206	6
19	23	58	1064532	25878	16698	25476	11112	4
19	23	59	1082886	27816	31464	31464	27816	4
19	23	61	1119594	69540	94392	78300	69540	12
19	23	62	1137948	22458	29946	20940	20940	4
19	25	26	518700	15732	27900	33324	15732	4
19	25	28	558600	2166	16950	10416	2166	2
19	25	29	578550	10488	17100	10788	10488	2
19	25	31	618450	57000	38400	59868	38400	8
19	25	32	638400	0	0	0	0	0
19	25	34	678300	19608	16200	24036	9558	4
19	25	35	698250	17100	34200	33060	17100	4
19	25	37	738150	3648	17100	7548	3648	2
19	25	38	758100	0	0	0	0	0
19	25	40	798000	14250	11850	17100	11850	2
19	25	41	817950	5016	6000	17100	5016	2
19	25	43	857850	24396	17700	21156	7896	4
19	25	44	877800	90174	93600	81924	81174	12
19	25	46	917700	23028	19050	34200	8676	4
19	25	47	937650	3876	12900	17100	3876	2
19	25	49	977550	29640	26700	34200	26700	4
19	25	50	997500	0	0	0	0	0
19	25	52	1037400	14364	32250	34200	14364	4
19	25	53	1057350	34200	28500	34200	28500	4
19	25	55	1097250	28500	29400	23700	23700	4
19	25	56	1117200	570	17100	6720	570	2
19	25	58	1157100	23256	24450	34200	19776	4
19	25	59	1177050	23484	24900	34200	23484	4
19	25	61	1216950	42408	32400	46644	23508	6
19	25	62	1236900	51186	37050	51300	37050	6
19	26	28	580944	17784	17784	35568	16608	4
19	26	29	601692	7638	13728	17784	7638	2
19	26	31	643188	0	0	0	0	0
19	26	32	663936	37164	50700	37368	34512	6
19	26	34	705432	17328	7332	13260	7332	2
19	26	35	726180	17784	17784	35568	16314	4
19	26	37	767676	10374	17784	14430	10374	2
19	26	38	788424	0	0	0	0	0
19	26	40	829920	6612	16692	5520	5520	2
19	26	41	850668	6954	17784	17784	6954	2
19	26	43	892164	23256	35568	35568	23256	4
19	26	44	912912	17784	14196	17160	14196	2
19	26	46	954408	35568	26364	35568	26364	4
19	26	47	975156	25194	20280	24270	9906	4
19	26	49	1016652	17784	17784	35568	15726	4
19	26	50	1037400	31464	53352	53352	31464	6
19	26	52	1078896	0	0	0	0	0
19	26	53	1099644	32034	20904	35568	20904	4
19	26	55	1141140	35568	21840	25374	21840	4
19	26	56	1161888	23484	35568	43296	21132	6
19	26	58	1203384	6384	17784	17784	6384	2
19	26	59	1224132	0	0	0	0	0
19	26	61	1265628	24624	48984	49110	20256	6
19	26	62	1286376	22344	31668	31548	18444	4
19	28	29	647976	0	0	0	0	0
19	28	31	692664	7410	19152	15810	7410	2
19	28	32	715008	21888	16128	35472	16128	4
19	28	34	759696	20064	18144	25068	11160	4
19	28	35	782040	20748	19152	23940	10374	4
19	28	37	826728	68286	52080	72936	52080	8
19	28	38	849072	0	0	0	0	0
19	28	40	893760	10488	19152	19152	10488	2
19	28	41	916104	19152	11424	17466	11424	2
19	28	43	960792	19152	14784	18318	14784	2
19	28	44	983136	30096	16464	19416	12120	4
19	28	46	1027824	15504	26040	12144	3240	4
19	28	47	1050168	112176	117600	97194	95712	14
19	28	49	1094856	23142	38304	38598	19152	6
19	28	50	1117200	11856	37464	19452	11016	4
19	28	52	1161888	35568	57456	47352	35568	6
19	28	53	1184232	25080	24864	38304	15858	4
19	28	55	1228920	26790	25872	28722	14358	4
19	28	56	1251264	0	0	0	0	0
19	28	58	1295952	26220	32088	34116	20004	4
19	28	59	1318296	34998	48384	53526	31284	6
19	28	61	1362984	9804	33600	38304	9804	4
19	28	62	1385328	23256	38304	38304	23256	4
19	29	31	717402	17100	39672	22320	17100	4
19	29	32	740544	3306	14442	19836	3306	2
19	29	34	786828	3990	19836	9384	3990	2
19	29	35	809970	10716	11136	19836	10716	2
19	29	37	856254	21204	39324	39672	21204	4
19	29	38	879396	0	0	0	0	0
19	29	40	925680	28044	31146	39672	28044	4
19	29	41	948822	39672	26100	27708	26100	4
19	29	43	995106	22116	8700	31704	4572	4
19	29	44	1018248	22800	29232	31980	16362	4
19	29	46	1064532	19836	16878	19836	16878	2
19	29	47	1087674	33288	59508	59508	33288	6
19	29	49	1133958	5928	19836	9408	5928	2
19	29	50	1157100	30096	31494	39672	30096	4
19	29	52	1203384	21888	39672	39672	21888	4
19	29	53	1226526	6612	30624	39672	6612	4
19	29	55	1272810	34200	45936	54852	28632	6
19	29	56	1295952	28158	32190	35292	20676	4
19	29	58	1342236	0	0	0	0	0
19	29	59	1365378	27588	28884	31164	16800	4
19	29	61	1411662	29640	29928	39672	20124	4
19	29	62	1434804	34998	39672	39672	34998	4
19	31	32	791616	19152	42408	39252	19152	4
19	31	34	841092	39672	20088	26928	20088	4
19	31	35	865830	18012	29016	23304	8712	4
19	31	37	915306	2508	21204	17760	2508	2
19	31	38	940044	0	0	0	0	0
19	31	40	989520	29412	33294	21600	20298	4
19	31	41	1014258	15732	42408	30552	15732	4
19	31	43	1063734	78660	64728	84252	64728	8
19	31	44	1088472	20976	10416	34932	4608	4
19	31	46	1137948	26790	28830	35556	13212	4
19	31	47	1162686	31464	40176	57072	21048	6
19	31	49	1212162	24396	36828	36492	20304	4
19	31	50	1236900	126540	135222	114816	113334	14
19	31	52	1286376	28044	32178	37428	21804	4
19	31	53	1311114	30780	53940	58944	21108	6
19	31	55	1360590	14136	33852	20460	5580	4
19	31	56	1385328	4218	21018	21204	4218	2
19	31	58	1434804	24168	42408	34428	24168	4
19	31	59	1459542	42408	28272	34656	28272	4
19	31	61	1509018	36708	29388	42408	29388	4
19	31	62	1533756	0	0	0	0	0
19	32	34	868224	6612	11712	21888	6612	2
19	32	35	893760	53352	81792	53598	47592	8
19	32	37	944832	17214	13440	21534	13440	2
19	32	38	970368	0	0	0	0	0
19	32	40	1021440	23712	26304	33120	16272	4
19	32	41	1046976	21888	15744	20418	15744	2
19	32	43	1098048	30096	36864	57492	17040	6
19	32	44	1123584	33288	65664	65664	33288	6
19	32	46	1174656	15048	43776	33204	15048	4
19	32	47	1200192	23712	35712	33450	21024	4
19	32	49	1251264	15504	42240	25710	13968	4
19	32	50	1276800	27360	32064	38388	22260	4
19	32	52	1327872	37848	41280	43776	37848	4
19	32	53	1353408	28614	33792	39378	18630	4
19	32	55	1404480	21888	21120	21888	21120	2
19	32	56	1430016	26448	51840	48144	26256	6
19	32	58	1481088	5244	21888	14268	5244	2
19	32	59	1506624	40242	39936	36402	36402	4
19	32	61	1557696	43776	41088	43776	41088	4
19	32	62	1583232	38304	44736	48612	17376	6
19	34	35	949620	21660	27744	31500	10530	4
19	34	37	1003884	15048	25704	46512	15048	4
19	34	38	1031016	0	0	0	0	0
19	34	40	1085280	22116	16116	21360	16116	2
19	34	41	1112412	27360	37128	46512	27360	4
19	34	43	1166676	28728	27336	24546	14856	4
19	34	44	1193808	19380	47940	51528	16476	6
19	34	46	1248072	25992	31620	40092	22956	4
19	34	47	1275204	36252	35088	46512	33150	4
19	34	49	1329468	106134	79968	110958	79968	10
19	34	50	1356600	45600	24480	37356	24480	4
19	34	52	1410864	46284	38148	37920	37920	4
19	34	53	1437996	153102	165648	135000	132702	16
19	34	55	1492260	45828	69768	62022	45828	6
19	34	56	1519392	32832	23460	43752	15024	4
19	34	58	1573656	27816	33252	46512	19116	4
19	34	59	1600788	25308	46512	46512	25308	4
19	34	61	1655052	40356	69768	69768	40356	6
19	34	62	1682184	47424	39576	53580	28044	6
19	35	37	1033410	16644	11760	20424	11760	2
19	35	38	1061340	0	0	0	0	0
19	35	40	1117200	27360	30240	47880	25440	4
19	35	41	1145130	33288	71820	71820	33288	6
19	35	43	1200990	4332	23940	16512	4332	2
19	35	44	1228920	25308	31290	40836	23196	4
19	35	46	1284780	18696	14280	41604	4896	4
19	35	47	1312710	32148	42000	30144	26268	4
19	35	49	1368570	23940	47880	47880	23940	4
19	35	50	1396500	34200	29190	26340	15510	4
19	35	52	1452360	22800	30450	47880	20304	4
19	35	53	1480290	23484	31080	47880	16488	4
19	35	55	1536150	37620	32340	31200	22080	4
19	35	56	1564080	37506	47880	50568	28728	6
19	35	58	1619940	34770	64050	70152	27114	6
19	35	59	1647870	27588	47880	46596	27588	4
19	35	61	1703730	60876	27720	50292	19056	6
19	35	62	1731660	7296	42630	47880	7296	4
19	37	38	1121988	0	0	0	0	0
19	37	40	1181040	23940	28860	42108	21906	4
19	37	41	1210566	23028	42624	28752	21648	4
19	37	43	1269618	14820	26196	50592	10692	4
19	37	44	1299144	21318	17094	25308	17094	2
19	37	46	1358196	10488	46842	29172	6714	4
19	37	47	1387722	17556	16428	45048	5148	4
19	37	49	1446774	26904	43956	41772	25128	4
19	37	50	1476300	37506	29748	33708	17748	4
19	37	52	1535352	27360	41514	50616	27360	4
19	37	53	1564878	37620	48396	50616	37620	4
19	37	55	1623930	119472	99012	124332	99012	10
19	37	56	1653456	169518	186258	157680	153312	16
19	37	58	1712508	41610	75924	75924	41610	6
19	37	59	1742034	32148	50616	50616	32148	4
19	37	61	1801086	58824	38628	40680	21528	6
19	37	62	1830612	39330	51726	56556	17754	6
19	38	40	1212960	0	0	0	0	0
19	38	41	1243284	0	0	0	0	0
19	38	43	1303932	0	0	0	0	0
19	38	44	1334256	0	0	0	0	0
19	38	46	1394904	0	0	0	0	0
19	38	47	1425228	0	0	0	0	0
19	38	49	1485876	0	0	0	0	0
19	38	50	1516200	0	0	0	0	0
19	38	52	1576848	0	0	0	0	0
19	38	53	1607172	0	0	0	0	0
19	38	55	1667820	0	0	0	0	0
19	38	56	1698144	0	0	0	0	0
19	38	58	1758792	0	0	0	0	0
19	38	59	1789116	0	0	0	0	0
19	38	61	1849764	0	0	0	0	0
19	38	62	1880088	0	0	0	0	0
19	40	41	1308720	6954	27360	19434	6954	2
19	40	43	1372560	30894	66240	64512	21864	6
19	40	44	1404480	15960	27360	17160	15960	2
19	40	46	1468320	30096	30480	45300	16572	4
19	40	47	1500240	22800	51360	37794	19440	4
19	40	49	1564080	40242	32640	34122	18162	4
19	40	50	1596000	29640	40080	51060	27540	4
19	40	52	1659840	31008	41520	52008	20088	4
19	40	53	1691760	30096	54720	54720	30096	4
19	40	55	1755600	41610	82080	82080	41610	6
19	40	56	1787520	27360	54720	54720	27360	4
19	40	58	1851360	57456	109440	90216	57456	8
19	40	59	1883280	185934	205920	181050	172974	16
19	40	61	1947120	153786	120480	160590	120480	12
19	40	62	1979040	49476	52080	54720	49476	4
19	41	43	1406874	23940	56088	38364	23940	4
19	41	44	1439592	77976	87084	112176	76920	8
19	41	46	1505028	25992	56088	56088	25992	4
19	41	47	1537746	37392	38868	34404	20172	4
19	41	49	1603182	15276	21156	52152	5868	4
19	41	50	1635900	33516	34194	48444	19716	4
19	41	52	1701336	4674	28044	25584	4674	2
19	41	53	1734054	25992	46740	56088	25992	4
19	41	55	1799490	41724	48216	56088	41724	4
19	41	56	1832208	56088	48954	50892	48954	4
19	41	58	1897644	55518	29766	41964	29766	4
19	41	59	1930362	38988	50184	84132	29208	6
19	41	61	1995798	37620	56580	67572	20784	6
19	41	62	2028516	30552	56088	53340	30552	4
19	43	44	1509816	25992	58824	48948	25992	4
19	43	46	1578444	36936	39216	38244	21714	4
19	43	47	1612758	28044	58824	58824	28044	4
19	43	49	1681386	57684	45924	51168	45924	4
19	43	50	1715700	14250	6450	26400	6450	2
19	43	52	1784328	41610	88236	88236	41610	6
19	43	53	1818642	44688	34572	33708	20436	4
19	43	55	1887270	11172	58824	39972	11172	4
19	43	56	1921584	39672	69660	88236	32190	6
19	43	58	1990212	62130	51084	56556	27828	6
19	43	59	2024526	25080	42828	58824	25080	4
19	43	61	2093154	47652	59340	75660	38136	6
19	43	62	2127468	217512	241746	205092	194550	18
19	44	46	1615152	26448	55704	43620	21960	4
19	44	47	1650264	17556	56496	39966	13860	4
19	44	49	1720488	25308	60192	52734	25308	4
19	44	50	1755600	100092	105864	147684	93192	10
19	44	52	1825824	34656	64944	88584	27480	6
19	44	53	1860936	34200	87648	83520	31560	6
19	44	55	1931160	32604	48048	60126	32604	4
19	44	56	1966272	36480	48840	46560	25128	4
19	44	58	2036496	50616	39336	56892	37740	4
19	44	59	2071608	40242	64944	72582	34962	6
19	44	61	2141832	45258	45408	48030	30474	4
19	44	62	2176944	64068	58608	61344	32616	6
19	46	47	1725276	20634	23736	31464	20634	2
19	46	49	1798692	41610	94392	94392	41610	6
19	46	50	1835400	24168	49956	33000	11196	4
19	46	52	1908816	47880	59340	48624	44292	4
19	46	53	1945524	29412	62928	62928	29412	4
19	46	55	2018940	36594	61272	67218	23898	6
19	46	56	2055648	44004	43332	49944	24408	4
19	46	58	2129064	35568	94392	91812	35568	6
19	46	59	2165772	32718	65688	92310	26700	6
19	46	61	2239188	69768	125856	113436	69768	8
19	46	62	2275896	46056	44436	46128	27564	4
19	47	49	1837794	39444	64296	70368	31212	6
19	47	50	1875300	37278	54144	69096	20076	6
19	47	52	1950312	13110	8742	31200	8742	2
19	47	53	1987818	33288	61476	59496	33288	4
19	47	55	2062830	36252	63168	64296	36252	4
19	47	56	2100336	125172	128592	189636	111060	12
19	47	58	2175348	33516	64296	64296	33516	4
19	47	59	2212854	47652	46812	47724	30168	4
19	47	61	2287866	15048	92496	70152	11100	6
19	47	62	2325372	64296	45402	53724	45402	4
19	49	50	1955100	29412	67032	52716	29412	4
19	49	52	2033304	45144	50862	53040	29544	4
19	49	53	2072406	12540	9996	33516	9996	2
19	49	55	2150610	56088	101724	76932	33156	8
19	49	56	2189712	38304	58506	67032	38304	4
19	49	58	2267916	31692	56154	67032	28908	4
19	49	59	2307018	27588	67032	56172	27588	4
19	49	61	2385222	64752	46452	56940	46452	4
19	49	62	2424324	53238	80850	85632	45054	6
19	50	52	2074800	31464	68400	68400	31464	4
19	50	53	2114700	60876	57000	64410	54834	4
19	50	55	2194500	47880	42000	48840	27750	4
19	50	56	2234400	18240	68400	52008	18240	4
19	50	58	2314200	27816	83100	91716	27816	6
19	50	59	2354100	50616	68400	57918	50616	4
19	50	61	2433900	64410	64800	62748	38808	6
19	50	62	2473800	142728	153300	205200	133800	12
19	52	53	2199288	42294	77376	86448	38160	6
19	52	55	2282280	36480	69888	68898	36480	4
19	52	56	2323776	35568	70824	71136	35568	4
19	52	58	2406768	49704	50856	56100	30564	4
19	52	59	2448264	24852	64896	46542	18612	4
19	52	61	2531256	46968	62400	62286	38232	4
19	52	62	2572752	53124	78000	93084	48288	6
19	53	55	2326170	11400	12720	36252	11400	2
19	53	56	2368464	62928	112890	90648	40032	8
19	53	58	2453052	31236	72504	62700	31236	4
19	53	59	2495346	59052	84588	85104	45600	6
19	53	61	2579934	51528	77592	95196	47868	6
19	53	62	2622228	76494	70596	71964	43236	6
19	55	56	2457840	36024	14520	51060	11160	4
19	55	58	2545620	56886	86790	89820	45750	6
19	55	59	2589510	49248	64020	61692	47832	4
19	55	61	2677290	72504	104280	109644	51048	8
19	55	62	2721180	44916	57750	68124	33012	4
19	56	58	2591904	49248	64176	63012	48900	4
19	56	59	2636592	71136	100128	112008	49194	8
19	56	61	2725968	38532	71904	76608	38532	4
19	56	62	2770656	44460	88704	92604	36060	6
19	58	59	2730756	33744	57768	19824	12168	4
19	58	61	2823324	77406	75168	97278	53616	6
19	58	62	2869608	49704	81084	107988	35940	6
19	59	61	2872002	32604	60888	22692	12780	4
19	59	62	2919084	79344	127794	135204	51072	8
19	61	62	3018036	47994	116022	99816	47994	6
20	22	23	425040	4440	13332	1932	1932	2
20	22	25	462000	3480	8580	14700	3480	2
20	22	29	535920	16560	31548	28020	16560	4
20	22	31	572880	33720	44484	31464	30684	6
20	22	35	646800	29640	15840	30540	15840	4
20	22	37	683760	14520	9636	15840	9636	2
20	22	41	757680	9240	3828	15840	3828	2
20	22	43	794640	8160	16764	31680	2484	4
20	22	47	868560	23880	27588	19788	19788	4
20	22	49	905520	15840	12540	15840	12540	2
20	22	53	979440	5160	15840	15840	5160	2
20	22	55	1016400	18480	27060	20460	13860	4
20	22	59	1090320	21480	31680	31680	21480	4
20	22	61	1127280	28920	31680	31680	28920	4
20	23	25	483000	5520	8970	16560	5520	2
20	23	26	502320	41160	30084	43704	30084	6
20	23	28	540960	31560	16560	15120	15000	4
20	23	29	560280	6960	12558	2958	2958	2
20	23	31	598920	16080	11454	10974	10974	2
20	23	32	618240	17760	19872	19968	7272	4
20	23	34	656880	20880	31188	33120	20880	4
20	23	35	676200	21600	16560	33120	16560	4
20	23	37	714840	0	0	0	0	0
20	23	38	734160	20160	29808	37080	8292	6
20	23	40	772800	0	0	0	0	0
20	23	41	792120	16560	9798	16560	9798	2
20	23	43	830760	87360	89286	77286	77286	12
20	23	44	850080	14640	27600	21048	13320	4
20	23	46	888720	0	0	0	0	0
20	23	47	908040	15120	33120	33120	15120	4
20	23	49	946680	0	0	0	0	0
20	23	50	966000	19320	19320	33120	12420	4
20	23	52	1004640	33120	30912	33120	30912	4
20	23	53	1023960	10560	8970	16560	8970	2
20	23	55	1062600	14640	16560	16560	14640	2
20	23	56	1081920	49680	33120	38832	33120	6
20	23	58	1120560	22200	33120	22476	22200	4
20	23	59	1139880	27120	28014	27534	22014	4
20	23	61	1178520	30000	23046	33120	23046	4
20	23	62	1197840	27360	38088	49680	23568	6
20	25	26	546000	11640	16500	10140	10140	2
20	25	28	588000	15720	13200	10920	10920	2
20	25	29	609000	17760	11550	11310	11310	2
20	25	31	651000	18000	8250	12090	8250	2
20	25	32	672000	17160	6600	12480	6600	2
20	25	34	714000	17280	21300	26520	6060	4
20	25	37	777000	8880	18000	14430	8880	2
20	25	38	798000	10920	18000	14820	10920	2
20	25	41	861000	17040	16950	15990	15990	2
20	25	43	903000	18000	13650	16770	13650	2
20	25	44	924000	18000	12000	17160	12000	2
20	25	46	966000	20040	26700	35880	10740	4
20	25	47	987000	22080	25050	36000	11130	4
20	25	49	1029000	26160	21750	36000	11910	4
20	25	52	1092000	14280	18000	18000	14280	2
20	25	53	1113000	16320	18000	18000	16320	2
20	25	56	1176000	18000	17400	18000	17400	2
20	25	58	1218000	19320	32100	36000	15420	4
20	25	59	1239000	21360	30450	36000	15810	4
20	25	61	1281000	25440	27150	36000	16590	4
20	25	62	1302000	27480	25500	36000	16980	4
20	26	29	633360	1320	14196	14268	1320	2
20	26	31	677040	35880	21528	20088	19968	4
20	26	35	764400	23880	18720	24180	9060	4
20	26	37	808080	20160	37440	36924	20160	4
20	26	41	895440	15720	13260	18720	13260	2
20	26	43	939120	8040	5460	18720	5460	2
20	26	47	1026480	18720	13884	18720	13884	2
20	26	49	1070160	3480	17004	18720	3480	2
20	26	53	1157520	35280	56160	45708	35280	6
20	26	55	1201200	37440	31980	37440	31980	4
20	26	59	1288560	14160	27300	37440	10620	4
20	26	61	1332240	30960	38220	46956	27300	6
20	28	29	682080	13800	8232	15312	8232	2
20	28	31	729120	15600	27048	22320	9648	4
20	28	35	823200	21840	20160	25200	10920	4
20	28	37	870240	26520	34440	46176	11520	6
20	28	41	964320	34560	25200	48192	11400	6
20	28	43	1011360	28920	21336	28416	9936	4
20	28	47	1105440	13680	40320	29184	13680	4
20	28	49	1152480	20160	40320	29568	20160	4
20	28	53	1246560	32520	38136	30336	30336	4
20	28	55	1293600	36600	34440	30720	30720	4
20	28	59	1387680	40320	27048	31488	27048	4
20	28	61	1434720	40320	23352	31872	23352	4
20	29	31	755160	19920	2262	1302	1302	2
20	29	32	779520	15360	25056	27600	11880	4
20	29	34	828240	40200	27144	25704	25584	4
20	29	35	852600	19200	20880	31170	14640	4
20	29	37	901320	37440	22968	18648	18648	4
20	29	38	925680	74760	58116	80064	58116	8
20	29	40	974400	0	0	0	0	0
20	29	41	998760	15120	41760	41760	15120	4
20	29	43	1047480	26640	24360	22686	14286	4
20	29	44	1071840	12840	20880	20880	12840	2
20	29	46	1120560	15240	14964	20880	14964	2
20	29	47	1144920	5520	20880	9870	5520	2
20	29	49	1193640	124560	130674	110274	109074	14
20	29	50	1218000	20880	12180	20880	12180	2
20	29	52	1266720	10680	20880	20880	10680	2
20	29	53	1291080	20880	18618	20880	18618	2
20	29	55	1339800	21840	35670	23190	15750	4
20	29	56	1364160	19200	41064	37344	18504	4
20	29	58	1412880	0	0	0	0	0
20	29	59	1437240	9840	14442	20880	9840	2
20	29	61	1485960	38880	57594	65202	25308	8
20	29	62	1510320	25920	43152	54780	23112	6
20	31	32	833280	14280	18600	10560	10560	2
20	31	34	885360	13200	23808	36720	5652	4
20	31	35	911400	42480	22320	20160	20160	4
20	31	37	963480	16080	10974	21534	10974	2
20	31	38	989520	24480	44268	44640	24480	4
20	31	40	1041600	0	0	0	0	0
20	31	41	1067640	81360	65844	57924	57924	8
20	31	43	1119720	35280	45756	47088	19470	6
20	31	44	1145760	33840	37200	44640	33840	4
20	31	46	1197840	26880	33108	37500	16668	4
20	31	47	1223880	36000	33666	25986	25026	4
20	31	49	1275960	39360	66960	66960	39360	6
20	31	50	1302000	29640	26040	38820	20340	4
20	31	52	1354080	44640	41664	44640	41664	4
20	31	53	1380120	13440	37014	21624	5814	4
20	31	55	1432200	36480	38130	44640	36480	4
20	31	56	1458240	36840	43896	36096	36096	4
20	31	58	1510320	25920	41664	58908	21084	6
20	31	59	1536360	40080	42780	49242	27660	6
20	31	61	1588440	31920	17484	42450	10530	4
20	31	62	1614480	0	0	0	0	0
20	32	35	940800	43200	23040	30240	23040	4
20	32	37	994560	44520	33408	31968	31848	4
20	32	41	1102080	27360	46080	33864	27360	4
20	32	43	1155840	18720	46080	34392	18720	4
20	32	47	1263360	39600	27648	58488	14568	6
20	32	49	1317120	41040	38016	59016	22296	6
20	32	53	1424640	34680	58560	60072	28320	6
20	32	55	1478400	30720	39360	37560	24120	4
20	32	59	1585920	46080	25536	38616	25536	4
20	32	61	1639680	46080	32064	39144	32064	4
20	34	35	999600	24480	24480	46740	21540	4
20	34	37	1056720	61920	93024	63996	57024	8
20	34	41	1170960	5280	41820	36780	5280	4
20	34	43	1228080	25200	39984	30156	21384	4
20	34	47	1342320	26400	10608	38580	6660	4
20	34	49	1399440	27480	48960	55428	23364	6
20	34	53	1513680	27360	48960	48960	27360	4
20	34	55	1570800	32280	66300	48240	25140	6
20	34	59	1685040	41160	48960	42180	41160	4
20	34	61	1742160	9600	36924	48960	9600	4
20	35	37	1087800	40800	35280	47730	16560	6
20	35	38	1117200	35160	45360	49020	17280	6
20	35	41	1205400	24000	17850	23370	17850	2
20	35	43	1264200	46080	35280	30960	30960	4
20	35	44	1293600	36720	42000	31680	28320	4
20	35	46	1352400	25320	50820	57300	18420	6
20	35	47	1381800	48960	30240	57450	17760	6
20	35	49	1440600	43680	50400	57750	25200	6
20	35	52	1528800	25200	21840	25200	21840	2
20	35	53	1558200	50400	30030	33150	30030	4
20	35	56	1646400	39480	50400	58800	30240	6
20	35	58	1705200	56880	35280	59100	25080	6
20	35	59	1734600	57600	45360	59250	32160	6
20	35	61	1793400	43920	65520	59550	33840	6
20	35	62	1822800	34560	72660	59700	31620	6
20	37	38	1181040	8520	13764	26640	8520	2
20	37	40	1243200	0	0	0	0	0
20	37	41	1274280	51120	34632	32472	32472	4
20	37	43	1336440	39360	79920	79920	39360	6
20	37	44	1367520	16320	44400	45912	16320	4
20	37	46	1429680	29520	39516	42924	24276	4
20	37	47	1460760	98640	86580	78660	78660	8
20	37	49	1522920	30000	45288	31638	26088	4
20	37	50	1554000	31080	31080	48540	19980	4
20	37	52	1616160	15240	26640	26640	15240	2
20	37	53	1647240	44640	44178	36498	35538	4
20	37	55	1709400	27600	45510	50730	27600	4
20	37	56	1740480	34920	53280	56880	18240	6
20	37	58	1802640	28920	47508	53280	23148	4
20	37	59	1833720	34800	57276	64254	29694	6
20	37	61	1895880	41760	73038	74874	34878	6
20	37	62	1926960	45480	53280	48588	45480	4
20	38	41	1308720	26640	41952	35724	24552	4
20	38	43	1372560	53160	44916	43356	43356	4
20	38	47	1500240	9120	54720	36948	9120	4
20	38	49	1564080	24000	14592	45588	6948	4
20	38	53	1691760	29400	59964	65532	28764	6
20	38	55	1755600	46800	46740	54720	46140	4
20	38	59	1883280	58200	109440	88704	58200	8
20	38	61	1947120	30960	54720	54720	30960	4
20	40	41	1377600	0	0	0	0	0
20	40	43	1444800	0	0	0	0	0
20	40	47	1579200	0	0	0	0	0
20	40	49	1646400	0	0	0	0	0
20	40	53	1780800	0	0	0	0	0
20	40	59	1982400	0	0	0	0	0
20	40	61	2049600	0	0	0	0	0
20	41	43	1480920	36960	41574	33024	19494	4
20	41	44	1515360	34680	78720	59616	25440	6
20	41	46	1584240	57480	50676	49116	49116	4
20	41	47	1618680	38160	33456	29802	20202	4
20	41	49	1687560	54720	46002	42162	41682	4
20	41	50	1722000	40320	34440	38220	25920	4
20	41	52	1790880	18240	55104	56040	18240	4
20	41	53	1825320	44400	75030	79128	33270	6
20	41	55	1894200	36480	79950	53280	27870	6
20	41	56	1928640	47280	59040	39600	17760	6
20	41	58	1997520	36000	59040	59040	36000	4
20	41	59	2031960	49200	88560	88560	49200	6
20	41	61	2100840	218160	239358	200304	191838	18
20	41	62	2135280	166200	132348	174012	132348	12
20	43	44	1589280	29040	51600	40200	18720	4
20	43	46	1661520	96360	99588	148956	88080	10
20	43	47	1697640	59760	46698	44778	44538	4
20	43	49	1769880	45600	37410	32928	21090	4
20	43	50	1806000	43320	54180	60360	21720	6
20	43	52	1878240	33840	88752	70272	29712	6
20	43	53	1914360	115920	109908	101988	101988	8
20	43	55	1986600	30240	52890	61920	30240	4
20	43	56	2022720	50160	61920	63888	20232	6
20	43	58	2094960	34080	55212	61920	33732	4
20	43	59	2131080	53280	55986	48306	47346	4
20	43	61	2203320	60240	58824	61704	36504	6
20	43	62	2239440	51120	49536	74940	33060	6
20	44	47	1737120	40320	63360	54240	40320	4
20	44	49	1811040	61800	56760	55200	55200	4
20	44	53	1958880	26160	59928	57120	26160	4
20	44	55	2032800	34320	54120	58080	34320	4
20	44	59	2180640	47400	57024	91680	33240	6
20	44	61	2254560	41160	64680	90240	26520	6
20	46	47	1816080	31680	66240	66240	31680	4
20	46	49	1893360	14640	66240	50172	14640	4
20	46	53	2047920	19200	24288	60468	8388	4
20	46	55	2125200	50400	89700	80640	40740	6
20	46	59	2279760	17640	89148	64272	7428	6
20	46	61	2357040	33240	79212	87468	33240	6
20	47	49	1934520	43920	49632	51774	28974	4
20	47	50	1974000	44640	39480	47940	30540	4
20	47	52	2052960	66120	63168	61608	61608	4
20	47	53	2092440	49200	101520	101520	49200	6
20	47	55	2171400	63360	57810	53970	53490	4
20	47	56	2210880	25440	66552	63744	25440	4
20	47	58	2289840	49800	44556	50196	26676	4
20	47	59	2329320	52320	71346	81984	41346	6
20	47	61	2408280	34080	62886	56166	29286	4
20	47	62	2447760	36480	63732	67680	36480	4
20	49	50	2058000	46080	41160	40200	28080	4
20	49	52	2140320	25680	65856	64920	25680	4
20	49	53	2181480	68400	58506	56586	56346	4
20	49	55	2263800	45120	85260	74190	34830	6
20	49	56	2304960	40320	69384	70560	40320	4
20	49	58	2387280	140400	147588	209460	127872	12
20	49	59	2428440	160320	146412	131802	130332	10
20	49	61	2510760	59040	72030	79710	25230	6
20	49	62	2551920	39600	70560	70560	39600	4
20	50	53	2226000	48960	55500	44520	33060	4
20	50	59	2478000	46560	60900	49560	35460	4
20	50	61	2562000	54120	54300	51240	36420	4
20	52	53	2315040	35280	74880	70512	35280	4
20	52	55	2402400	66960	63960	71760	61680	4
20	52	59	2577120	45960	80496	111696	40296	6
20	52	61	2664480	46080	74880	74880	46080	4
20	53	55	2448600	59520	103350	85680	48390	6
20	53	56	2493120	58920	76320	112272	54552	6
20	53	58	2582160	74760	76320	75396	74760	4
20	53	59	2626680	55440	55650	60888	35970	4
20	53	61	2715720	72000	70914	67074	66594	4
20	53	62	2760240	63840	78864	84876	32676	6
20	55	56	2587200	51000	79200	96720	39240	6
20	55	58	2679600	54840	110220	108780	54840	6
20	55	59	2725800	77040	71610	69690	69450	4
20	55	61	2818200	63360	55110	70710	50550	4
20	55	62	2864400	57600	102960	142440	44580	8
20	56	59	2775360	74880	122304	122376	48336	8
20	56	61	2869440	114480	87024	82104	80544	6
20	58	59	2874480	13560	14268	41760	13560	2
20	58	61	2971920	80640	111360	131832	60108	8
20	59	61	3023160	67440	100536	98112	61422	6
20	59	62	3072720	83640	97704	105420	59460	6
20	61	62	3176880	39840	62220	19344	14220	4
22	23	25	531300	6072	15594	3450	3450	2
22	23	26	552552	22176	16560	13728	5172	4
22	23	28	595056	16500	5244	10920	5244	2
22	23	29	616308	13464	17112	24654	6702	4
22	23	31	658812	8448	14214	18216	8448	2
22	23	32	680064	15840	32844	33384	15840	4
22	23	34	722568	51612	41400	39024	38364	6
22	23	35	743820	36432	24012	34806	24012	4
22	23	37	786324	14520	8970	18216	8970	2
22	23	38	807576	16896	23736	26652	11196	4
22	23	40	850080	12012	18216	15600	12012	2
22	23	41	871332	18216	12558	15990	12558	2
22	23	43	913836	0	0	0	0	0
22	23	44	935088	0	0	0	0	0
22	23	46	977592	0	0	0	0	0
22	23	47	998844	0	0	0	0	0
22	23	49	1041348	26400	22494	29094	12462	4
22	23	50	1062600	19008	36432	25116	19008	4
22	23	52	1105104	18348	29532	36432	11448	4
22	23	53	1126356	28512	28152	54648	14298	6
22	23	55	1168860	23232	21252	36432	15642	4
22	23	56	1190112	25476	14352	36432	8640	4
22	23	58	1232616	29040	31464	31092	24624	4
22	23	59	1253868	44352	33120	39456	22824	6
22	23	61	1296372	21912	33258	36432	21912	4
22	23	62	1317624	26004	36432	36432	26004	4
22	25	26	600600	7260	17400	13260	7260	2
22	25	28	646800	61776	39600	64992	39600	8
22	25	29	669900	8448	12450	19800	8448	2
22	25	31	716100	14784	26850	8184	2034	4
22	25	32	739200	17424	35700	13824	13524	4
22	25	34	785400	24684	24000	20400	9084	4
22	25	35	808500	19800	24450	26880	9930	4
22	25	37	854700	26928	21600	39600	21600	4
22	25	38	877800	27720	38400	39600	27720	4
22	25	40	924000	23760	39300	26760	23460	4
22	25	41	947100	0	0	0	0	0
22	25	43	993300	32736	33150	49212	15948	6
22	25	44	1016400	0	0	0	0	0
22	25	46	1062600	34056	15000	20076	14076	4
22	25	47	1085700	118008	119850	99786	99258	14
22	25	49	1131900	27192	22350	39600	13374	4
22	25	50	1155000	0	0	0	0	0
22	25	52	1201200	22176	39600	39600	22176	4
22	25	53	1224300	0	0	0	0	0
22	25	55	1270500	33000	23100	33990	23100	4
22	25	56	1293600	56892	39600	59400	39600	6
22	25	58	1339800	26796	17400	39600	9396	4
22	25	59	1362900	29040	28950	35022	18390	4
22	25	61	1409100	59400	43350	50214	43350	6
22	25	62	1432200	38808	40800	39972	23208	6
22	26	29	696696	15840	34632	35496	15840	4
22	26	31	744744	22968	41028	36960	22968	4
22	26	35	840840	52272	74880	46632	44784	8
22	26	37	888888	74448	55380	48120	47460	8
22	26	41	984984	41184	32604	41184	32604	4
22	26	43	1033032	40524	28080	41184	28080	4
22	26	47	1129128	34716	18720	41184	18720	4
22	26	49	1177176	24288	33696	21768	16932	4
22	26	53	1273272	29304	33072	30768	23436	4
22	26	55	1321320	36432	24024	31152	22572	4
22	26	59	1417416	15180	9516	20592	9516	2
22	26	61	1465464	17160	28860	41184	11304	4
22	28	29	750288	22968	43176	22968	21792	4
22	28	31	802032	4884	22176	7068	4884	2
22	28	35	905520	24024	22176	24276	12012	4
22	28	37	957264	10956	22176	20868	10956	2
22	28	41	1060752	26928	44352	44352	26928	4
22	28	43	1112496	18876	16296	22176	16296	2
22	28	47	1215984	14916	4200	22176	4200	2
22	28	49	1267728	22176	44352	44352	22176	4
22	28	53	1371216	10560	27048	44352	7380	4
22	28	55	1422960	34716	25872	25476	16236	4
22	28	59	1526448	44352	39480	44352	39480	4
22	28	61	1578192	14916	11256	22176	11256	2
22	29	31	830676	8976	15486	22968	8976	2
22	29	32	857472	37224	27144	18432	18432	4
22	29	34	911064	12936	24360	36720	5796	4
22	29	35	937860	22968	22968	45936	21498	4
22	29	37	991452	0	0	0	0	0
22	29	38	1018248	14256	33408	45936	14256	4
22	29	40	1071840	83952	66468	58896	58548	8
22	29	41	1098636	12936	22968	20418	12936	2
22	29	43	1152228	4488	22968	10578	4488	2
22	29	44	1179024	0	0	0	0	0
22	29	46	1232616	24288	24360	45876	10764	4
22	29	47	1259412	45936	39498	45936	39498	4
22	29	49	1313004	22968	22968	45936	20910	4
22	29	50	1339800	27456	36192	35268	17712	4
22	29	52	1393392	36432	45936	45936	36432	4
22	29	53	1420188	26136	45936	36006	26136	4
22	29	55	1473780	24816	26796	45936	15246	4
22	29	56	1500576	43692	29580	50304	24984	6
22	29	58	1554168	0	0	0	0	0
22	29	59	1580964	48312	68904	68904	48312	6
22	29	61	1634556	40128	27318	45936	27318	4
22	29	62	1661352	29436	24360	45936	11340	4
22	31	32	916608	18480	33852	28800	10224	4
22	31	34	973896	16368	29760	36996	16164	4
22	31	35	1002540	22440	3162	1050	1050	2
22	31	37	1059828	15048	49104	23976	15048	4
22	31	38	1088472	33924	44640	49176	17736	6
22	31	40	1145760	88572	71052	95016	71052	8
22	31	41	1174404	37488	47988	30456	19446	6
22	31	43	1231692	30888	49104	36678	30888	4
22	31	44	1260336	0	0	0	0	0
22	31	46	1317624	22176	49104	49104	22176	4
22	31	47	1346268	34056	27528	25962	19080	4
22	31	49	1403556	11616	43338	23520	5850	4
22	31	50	1432200	23496	38688	49104	14796	4
22	31	52	1489488	21384	45012	49104	21384	4
22	31	53	1518132	164208	171864	140184	139656	16
22	31	55	1575420	34584	28644	44682	24354	4
22	31	56	1604064	31944	31620	49104	17496	4
22	31	58	1661352	27984	43152	40908	22032	4
22	31	59	1689996	25080	41106	26322	17082	4
22	31	61	1747284	51216	39060	56058	36156	6
22	31	62	1775928	0	0	0	0	0
22	32	35	1034880	16104	39360	29964	16104	4
22	32	37	1094016	8448	43776	28416	6336	4
22	32	41	1212288	46068	38976	43056	15336	6
22	32	43	1271424	93456	77184	69264	69264	8
22	32	47	1389696	38148	27456	31548	14916	4
22	32	49	1448832	13596	5952	25344	5952	2
22	32	53	1567104	76032	47232	66588	47232	6
22	32	55	1626240	39468	29568	41844	28908	4
22	32	59	1744512	14784	26112	50688	5580	4
22	32	61	1803648	34848	50688	50688	34848	4
22	34	35	1099560	19536	35496	38688	13212	4
22	34	37	1162392	50688	29376	37296	29376	4
22	34	41	1288056	37224	34272	53856	32304	4
22	34	43	1350888	22176	53856	53856	22176	4
22	34	47	1476552	25344	53856	42720	25344	4
22	34	49	1539384	32472	38352	43392	29004	4
22	34	53	1665048	41052	35700	35832	22896	4
22	34	55	1727880	42768	31416	36168	24948	4
22	34	59	1853544	42108	57528	63768	35028	6
22	34	61	1916376	58476	107712	84600	58476	8
22	35	37	1196580	36696	32550	26196	13806	4
22	35	38	1228920	8580	14280	27720	8580	2
22	35	40	1293600	31680	55020	55440	31680	4
22	35	41	1325940	33792	29400	42234	16362	4
22	35	43	1390620	52008	39060	50940	17676	6
22	35	44	1422960	0	0	0	0	0
22	35	46	1487640	102960	88200	80280	80280	8
22	35	47	1519980	34584	52920	76026	25842	6
22	35	49	1584660	48048	55440	54180	27720	6
22	35	50	1617000	39600	49560	37020	33720	4
22	35	52	1681680	46728	50820	55440	46728	4
22	35	53	1714020	52800	83160	83160	52800	6
22	35	55	1778700	43560	32340	33330	21780	4
22	35	56	1811040	33264	55440	47544	33264	4
22	35	58	1875720	47652	40320	80844	27120	6
22	35	59	1908060	83160	59220	76326	59220	6
22	35	61	1972740	16896	47670	27816	9126	4
22	35	62	2005080	43560	39480	54876	37236	4
22	37	38	1299144	31680	42624	58608	31680	4
22	37	40	1367520	22176	58164	58344	22176	4
22	37	41	1401708	37752	37074	31980	16218	4
22	37	43	1470084	27984	21534	27606	21534	2
22	37	44	1504272	0	0	0	0	0
22	37	46	1572648	38016	58608	47244	38016	4
22	37	47	1606836	36960	41070	35790	19422	4
22	37	49	1675212	37488	41736	48414	24390	4
22	37	50	1709400	24552	58608	40404	24552	4
22	37	52	1777776	134772	107004	141864	107004	10
22	37	53	1811964	58872	54612	61740	28476	6
22	37	55	1880340	36168	34188	55374	23958	4
22	37	56	1914528	41976	77256	77688	33540	6
22	37	58	1982904	41976	38184	56796	37260	4
22	37	59	2017092	202224	218226	189432	186018	16
22	37	61	2085468	46200	73482	87522	37050	6
22	37	62	2119656	57816	66600	82788	40944	6
22	38	41	1439592	80784	117420	86760	77820	8
22	38	43	1509816	21648	50616	47640	20052	4
22	38	47	1650264	34056	40128	49272	28812	4
22	38	49	1720488	112464	99864	91944	91944	8
22	38	53	1860936	60192	49476	51720	49476	4
22	38	55	1931160	41052	35112	52536	28512	4
22	38	59	2071608	57024	73872	68328	40608	6
22	38	61	2141832	60192	42180	54984	42180	4
22	40	41	1515360	34584	33360	42996	13428	4
22	40	43	1589280	50556	53040	62640	23832	6
22	40	47	1737120	22704	57840	52548	22704	4
22	40	49	1811040	5808	55920	53436	5808	4
22	40	53	1958880	38544	10560	46308	10560	4
22	40	55	2032800	47520	36960	46860	33660	4
22	40	59	2180640	63360	42960	57876	42960	4
22	40	61	2254560	63360	57840	58764	57840	4
22	41	43	1629012	44352	30504	41502	21966	4
22	41	44	1666896	0	0	0	0	0
22	41	46	1742664	40524	70848	78840	29208	6
22	41	47	1780548	52800	97416	97416	52800	6
22	41	49	1856316	39864	46986	42762	21906	4
22	41	50	1894200	38016	62976	74472	31128	6
22	41	52	1969968	121968	112176	104256	104256	8
22	41	53	2007852	64944	38376	48054	38376	4
22	41	55	2083620	48312	37884	44022	30492	4
22	41	56	2121504	46860	71832	67296	23736	6
22	41	58	2197272	58476	67896	90936	39336	6
22	41	59	2235156	40392	64944	59730	40392	4
22	41	61	2310924	38280	55842	45282	29178	4
22	41	62	2348808	27984	60024	64944	27984	4
22	43	44	1748208	0	0	0	0	0
22	43	46	1827672	37356	59856	76008	27696	6
22	43	47	1867404	58872	65016	72972	38490	6
22	43	49	1946868	45144	68112	58458	45144	4
22	43	50	1986600	38412	58824	72012	21864	6
22	43	52	2066064	53064	62436	51216	47388	4
22	43	53	2105796	40920	52374	47094	25182	4
22	43	55	2185260	53592	59598	70356	27852	6
22	43	56	2224992	54780	68112	94536	38316	6
22	43	58	2304456	50028	44376	53196	27324	4
22	43	59	2344188	50952	91074	68040	39858	6
22	43	61	2423652	43560	62178	68112	43560	4
22	43	62	2463384	60060	75336	102168	60060	6
22	44	47	1910832	0	0	0	0	0
22	44	49	1992144	0	0	0	0	0
22	44	53	2154768	0	0	0	0	0
22	44	59	2398704	0	0	0	0	0
22	44	61	2480016	0	0	0	0	0
22	46	47	1997688	14520	72864	54480	14520	4
22	46	49	2082696	72204	49680	57600	24336	6
22	46	53	2252712	58476	74244	68232	40512	6
22	46	55	2337720	52272	42504	57552	37092	4
22	46	59	2507736	62304	74244	71832	27252	6
22	46	61	2592744	67980	91356	93528	53340	6
22	47	49	2127972	62304	86292	60156	36924	6
22	47	50	2171400	121836	130848	181596	114936	10
22	47	52	2258256	57024	98700	104304	39276	8
22	47	53	2301684	31152	69090	55968	25794	4
22	47	55	2388540	53064	43428	54714	37554	4
22	47	56	2431968	57816	98136	77544	44280	6
22	47	58	2518824	169620	151152	134652	134652	10
22	47	59	2562252	39600	66270	74448	39600	4
22	47	61	2649108	43032	64014	56622	32598	4
22	47	62	2692536	47520	74448	72564	47520	4
22	49	50	2263800	57024	97608	108708	39492	8
22	49	52	2354352	52272	77616	70320	52272	4
22	49	53	2399628	53064	54096	57570	35130	4
22	49	55	2490180	55176	67914	86988	33396	6
22	49	56	2535456	44352	77616	77616	44352	4
22	49	58	2626008	27456	68208	77616	27456	4
22	49	59	2671284	44880	64974	56640	32238	4
22	49	61	2761836	66000	116424	116424	66000	6
22	49	62	2807112	63888	79968	89148	33312	6
22	50	53	2448600	29832	65100	39432	15732	4
22	50	55	2541000	60060	69300	80520	34320	6
22	50	59	2725800	81444	72000	73584	40320	6
22	50	61	2818200	181500	167400	152400	150900	10
22	52	53	2546544	44352	67704	82368	44352	4
22	52	55	2642640	53328	48048	68244	36828	4
22	52	59	2834832	30624	24960	70212	12924	4
22	52	61	2930928	71940	106704	121896	38556	8
22	53	55	2693460	57816	48972	65406	40326	4
22	53	56	2742432	57420	83952	84288	27528	6
22	53	58	2840376	49104	82680	83952	49104	4
22	53	59	2889348	71544	104940	124308	35610	8
22	53	61	2987292	72600	106848	109938	60834	6
22	53	62	3036264	173448	188256	251856	164520	12
22	55	56	2845920	61644	96360	77616	39864	6
22	55	58	2947560	71412	81840	80388	41712	6
22	55	59	2998380	76296	74580	81774	42636	6
22	55	61	3100020	64152	65670	56364	44022	4
22	55	62	3150840	64944	62040	57288	44484	4
22	56	59	3052896	79992	78960	87540	76452	4
22	56	61	3156384	27984	30912	78756	14076	4
22	58	59	3161928	48312	91872	91872	48312	4
22	58	61	3269112	76692	100572	137808	75228	6
22	59	61	3325476	79728	127086	117000	66630	6
22	59	62	3379992	73524	103368	95316	36708	6
22	61	62	3494568	53724	137616	144936	53724	6
23	25	26	627900	1794	13650	11544	1794	2
23	25	28	676200	14904	39450	13104	12954	4
23	25	29	700350	13800	27900	8700	1800	4
23	25	31	748650	15456	13800	8556	8556	2
23	25	32	772800	16284	15900	31104	3996	4
23	25	34	821100	10902	20700	17952	10902	2
23	25	35	845250	20700	41400	25200	20700	4
23	25	37	893550	41400	22500	26640	22500	4
23	25	38	917700	20700	12750	20064	12750	2
23	25	40	966000	24840	25950	31740	12840	4
23	25	41	990150	21804	22200	38904	9504	4
23	25	43	1038450	27324	33600	20124	19524	4
23	25	44	1062600	18906	2850	1056	1056	2
23	25	46	1110900	0	0	0	0	0
23	25	47	1135050	22908	10500	41400	4860	4
23	25	49	1183350	5520	11400	20700	5520	2
23	25	50	1207500	0	0	0	0	0
23	25	52	1255800	0	0	0	0	0
23	25	53	1279950	38916	45000	45504	25116	6
23	25	55	1328250	34500	28200	31260	21600	4
23	25	56	1352400	14214	20700	20700	14214	2
23	25	58	1400700	37260	41100	42792	23610	6
23	25	59	1424850	23184	36600	41400	23184	4
23	25	61	1473150	29256	41400	41400	29256	4
23	25	62	1497300	52164	40500	58512	30564	6
23	26	28	703248	14628	15132	8232	8232	2
23	26	29	728364	67896	44928	71466	44928	8
23	26	31	778596	10074	14352	21528	10074	2
23	26	32	803712	4692	21528	6720	4692	2
23	26	34	853944	20976	11388	18564	11388	2
23	26	35	879060	15594	16224	10290	10290	2
23	26	37	929292	21528	10608	17094	10608	2
23	26	38	954408	29808	24336	43056	24336	4
23	26	40	1004640	31464	42276	43056	31464	4
23	26	41	1029756	21528	14664	18942	14664	2
23	26	43	1079988	20838	2496	1806	1806	2
23	26	44	1105104	42780	29952	30768	29676	4
23	26	46	1155336	0	0	0	0	0
23	26	47	1180452	31464	24024	23502	17262	4
23	26	49	1230684	130824	132600	112866	112728	14
23	26	50	1255800	12144	21528	21528	12144	2
23	26	52	1306032	0	0	0	0	0
23	26	53	1331148	24840	39624	23754	21408	4
23	26	55	1381380	2622	21216	2310	2310	2
23	26	56	1406496	33120	32448	37992	29412	4
23	26	58	1456728	62376	44928	64584	44928	6
23	26	59	1481844	45540	64584	55446	45540	6
23	26	61	1532076	36294	23712	34338	16950	4
23	26	62	1557192	9384	17940	21528	9384	2
23	28	29	784392	18216	21840	30318	9480	4
23	28	31	838488	19872	23856	28272	11574	4
23	28	32	865536	26496	46200	41808	26496	4
23	28	34	919632	6348	12264	23184	6348	2
23	28	35	946680	12558	12768	23184	12558	2
23	28	37	1000776	61272	85680	56706	54216	8
23	28	38	1027824	12144	37464	15504	3240	4
23	28	40	1081920	33120	18816	26304	15816	4
23	28	41	1108968	23184	1680	3198	1680	2
23	28	43	1163064	15870	21504	14190	14190	2
23	28	44	1190112	14352	22008	23184	14352	2
23	28	46	1244208	0	0	0	0	0
23	28	47	1271256	46368	34944	46368	34944	4
23	28	49	1325352	23184	40656	46368	23184	4
23	28	50	1352400	41400	47376	51984	29136	6
23	28	52	1406496	40848	26208	46368	26208	4
23	28	53	1433544	20700	46368	36222	20700	4
23	28	55	1487640	33948	33936	41334	31260	4
23	28	56	1514688	0	0	0	0	0
23	28	58	1568784	43332	40488	37452	37452	4
23	28	59	1595832	39882	46368	46368	39882	4
23	28	61	1649928	0	0	0	0	0
23	28	62	1676976	32016	40152	43644	27180	4
23	29	31	868434	9384	24012	15996	9384	2
23	29	32	896448	4002	24012	11136	4002	2
23	29	34	952476	28980	44022	48024	28980	4
23	29	35	980490	82248	61248	87084	61248	8
23	29	37	1036518	38088	35496	46656	18600	6
23	29	38	1064532	14904	48024	23256	14904	4
23	29	40	1120560	24012	1218	3840	1218	2
23	29	41	1148574	19320	33060	11316	4356	4
23	29	43	1204602	30636	48024	48024	30636	4
23	29	44	1232616	31464	18792	48024	18792	4
23	29	46	1288644	0	0	0	0	0
23	29	47	1316658	16008	24012	16356	16008	2
23	29	49	1372686	20148	14268	48024	4860	4
23	29	50	1400700	35466	27492	37212	17892	4
23	29	52	1456728	160494	164952	133488	133350	16
23	29	53	1484742	42504	39324	48024	39324	4
23	29	55	1540770	9660	33060	48024	9660	4
23	29	56	1568784	33672	26274	48024	16200	4
23	29	58	1624812	0	0	0	0	0
23	29	59	1652826	44988	32712	29676	29676	4
23	29	61	1708854	48024	43500	48024	43500	4
23	29	62	1736868	47196	54288	69600	37038	6
23	31	32	958272	28980	30132	51336	28212	4
23	31	34	1018164	42228	32364	23256	23256	4
23	31	35	1048110	10212	41292	21000	3888	4
23	31	37	1108002	15732	35712	51336	15732	4
23	31	38	1137948	25668	186	5016	186	2
23	31	40	1197840	29808	31248	51336	28848	4
23	31	41	1227786	30360	27156	41412	14364	4
23	31	43	1287678	15180	25668	23736	15180	2
23	31	44	1317624	25392	34410	42564	24336	4
23	31	46	1377516	0	0	0	0	0
23	31	47	1407462	11040	20832	6204	6204	2
23	31	49	1467354	17940	47616	28020	14220	4
23	31	50	1497300	18768	16368	51336	4968	4
23	31	52	1557192	42228	46872	71304	28518	6
23	31	53	1587138	40572	51336	51336	40572	4
23	31	55	1647030	16284	25668	21120	16284	2
23	31	56	1676976	36570	56544	54024	32808	6
23	31	58	1736868	6072	44826	47940	6072	4
23	31	59	1766814	30636	46872	77004	22080	6
23	31	61	1826706	55476	77004	77004	55476	6
23	31	62	1856652	0	0	0	0	0
23	32	34	1051008	31464	25344	48732	25344	4
23	32	35	1081920	22632	34560	28806	10728	4
23	32	37	1143744	0	0	0	0	0
23	32	38	1174656	13524	26496	24852	13524	2
23	32	40	1236480	28704	32256	29136	16992	4
23	32	41	1267392	95910	77952	102858	77952	8
23	32	43	1329216	42918	44160	57456	22680	6
23	32	44	1360128	39744	43584	31680	30336	4
23	32	46	1421952	0	0	0	0	0
23	32	47	1452864	39744	42624	71886	23718	6
23	32	49	1514688	32982	37248	46194	21078	4
23	32	50	1545600	17664	41664	19200	6336	4
23	32	52	1607424	30360	40128	52992	17496	4
23	32	53	1638336	35604	36480	47802	31380	4
23	32	55	1700160	180366	188928	157464	157326	16
23	32	56	1731072	26496	50496	52992	26496	4
23	32	58	1792896	32016	38208	52992	21924	4
23	32	59	1823808	42918	28032	32568	17958	4
23	32	61	1885632	32568	45312	51018	32202	4
23	32	62	1916544	58236	105984	82008	58236	8
23	34	35	1149540	0	0	0	0	0
23	34	37	1215228	27876	33456	38628	13446	4
23	34	38	1248072	17112	28968	49248	8676	4
23	34	40	1313760	76176	107712	77352	71280	8
23	34	41	1346604	42918	46512	60624	23484	6
23	34	43	1412292	56166	20808	34056	20808	4
23	34	44	1445136	41400	46308	56304	41400	4
23	34	46	1510824	0	0	0	0	0
23	34	47	1543668	38088	56304	56304	38088	4
23	34	49	1609356	15042	28152	28152	15042	2
23	34	50	1642200	50232	57528	67752	30732	6
23	34	52	1707888	36432	37536	50928	31332	4
23	34	53	1740732	27600	37536	56304	20286	4
23	34	55	1806420	44712	47328	56304	44712	4
23	34	56	1839264	10212	28152	10416	10212	2
23	34	58	1904952	57960	84456	84456	57960	6
23	34	59	1937796	56304	31824	39126	31824	4
23	34	61	2003484	42366	42432	49746	28494	4
23	34	62	2036328	56304	51612	56304	51612	4
23	35	37	1250970	30636	55020	30636	27696	4
23	35	38	1284780	54648	32760	41040	32760	4
23	35	40	1352400	33120	57960	57300	33120	4
23	35	41	1386210	4416	28980	18696	4416	2
23	35	43	1453830	25944	38220	48588	25944	4
23	35	44	1487640	19044	47670	57960	19044	4
23	35	46	1555260	0	0	0	0	0
23	35	47	1589070	128892	96180	137352	96180	10
23	35	49	1656690	28980	57960	47208	28980	4
23	35	50	1690500	41400	36120	39180	26070	4
23	35	52	1758120	16698	6090	28980	6090	2
23	35	53	1791930	46092	29820	35340	17952	4
23	35	55	1859550	45540	36960	35580	24540	4
23	35	56	1893360	58926	57960	61236	34776	6
23	35	58	1960980	200238	212730	182736	181128	16
23	35	59	1994790	16008	51240	29028	9288	4
23	35	61	2062410	40020	69720	65280	40020	6
23	35	62	2096220	45126	61530	64692	22062	6
23	37	38	1358196	33120	61272	43776	33120	4
23	37	40	1429680	25116	21756	46956	8316	4
23	37	41	1465422	35604	60828	61272	35604	4
23	37	43	1536906	42504	28860	40956	21636	4
23	37	44	1572648	11040	59718	35904	9486	4
23	37	46	1644132	0	0	0	0	0
23	37	47	1679874	28980	61272	41916	28980	4
23	37	49	1751358	33396	61272	68916	29280	6
23	37	50	1787100	30636	23754	30636	23754	2
23	37	52	1858584	61272	49506	51852	49506	4
23	37	53	1894326	16008	7104	30636	7104	2
23	37	55	1965810	60168	91908	91908	60168	6
23	37	56	2001552	61272	61272	91908	56568	6
23	37	58	2073036	49404	45288	70320	22986	6
23	37	59	2108778	61272	41736	54708	41736	4
23	37	61	2180262	61272	43068	45276	43068	4
23	37	62	2216004	41400	61272	61272	41400	4
23	38	40	1468320	14352	57456	31704	13212	4
23	38	41	1505028	47886	61104	38844	24630	6
23	38	43	1578444	18768	35112	60618	15930	4
23	38	44	1615152	56304	24624	41184	24624	4
23	38	46	1688568	0	0	0	0	0
23	38	47	1725276	61272	50616	63612	33090	6
23	38	49	1798692	48852	48792	62928	45618	4
23	38	50	1835400	36984	39216	56964	29916	4
23	38	52	1908816	28152	62928	44880	28152	4
23	38	53	1945524	167256	117648	175464	117648	12
23	38	55	2018940	62238	39672	54894	39672	4
23	38	56	2055648	43332	44004	55320	24408	4
23	38	58	2129064	52992	75240	85752	41820	6
23	38	59	2165772	62928	55632	56598	55632	4
23	38	61	2239188	235980	252624	209670	205428	18
23	38	62	2275896	48024	48108	57876	38724	4
23	40	41	1584240	38778	74880	49938	23544	6
23	40	43	1661520	91080	130080	98748	88680	8
23	40	44	1700160	30912	39360	57144	18504	4
23	40	46	1777440	0	0	0	0	0
23	40	47	1816080	48852	30240	54834	30240	4
23	40	49	1893360	37260	72960	61932	29100	6
23	40	50	1932000	35880	54720	43620	28440	4
23	40	52	2009280	60168	99360	99360	60168	6
23	40	53	2047920	50370	40800	44250	24930	4
23	40	55	2125200	49680	62400	49290	45840	4
23	40	56	2163840	33120	66240	58992	33120	4
23	40	58	2241120	46368	47760	59916	39756	4
23	40	59	2279760	33672	55200	65334	33672	4
23	40	61	2357040	44298	69600	79050	27096	6
23	40	62	2395680	53268	70320	79992	30576	6
23	41	43	1703058	42504	59040	64392	27024	6
23	41	44	1742664	29808	47232	67896	29808	4
23	41	46	1821876	0	0	0	0	0
23	41	47	1861482	28428	61500	44664	22032	4
23	41	49	1940694	45540	59532	67896	45540	4
23	41	50	1980300	15456	60270	31200	7830	4
23	41	52	2059512	39606	52152	63276	26568	4
23	41	53	2099118	52992	42804	71076	21828	6
23	41	55	2178330	14628	9348	33948	9348	2
23	41	56	2217936	45540	47478	60828	40164	4
23	41	58	2297148	31740	55842	67896	26172	4
23	41	59	2336754	187128	144648	197388	144648	12
23	41	61	2415966	67896	40836	52980	40836	4
23	41	62	2455572	67896	48462	53292	48462	4
23	43	44	1827672	17940	45924	69396	15300	4
23	43	46	1910748	0	0	0	0	0
23	43	47	1952286	46092	68112	88056	35376	6
23	43	49	2035362	60168	106812	106812	60168	6
23	43	50	2076900	48024	55986	71208	48024	4
23	43	52	2159976	43884	43860	62436	37926	4
23	43	53	2201514	11868	71208	49596	11868	4
23	43	55	2284590	70380	69660	83124	48192	6
23	43	56	2326128	13938	10578	35604	10578	2
23	43	58	2409204	81834	86430	77472	27654	8
23	43	59	2450742	43884	71208	71208	43884	4
23	43	61	2533818	52164	78948	106812	41844	6
23	43	62	2575356	58788	91332	103200	49242	6
23	44	46	1955184	0	0	0	0	0
23	44	47	1997688	41538	77088	70836	31668	6
23	44	49	2082696	49818	72864	92880	35412	6
23	44	50	2125200	43056	41712	63132	36468	4
23	44	52	2210208	66240	100056	89160	37128	8
23	44	53	2252712	51336	50160	55830	34440	4
23	44	55	2337720	39468	68112	51942	35244	4
23	44	56	2380224	46920	72864	107472	35160	6
23	44	58	2465232	37812	94512	74016	35964	6
23	44	59	2507736	44712	64416	72864	44712	4
23	44	61	2592744	62790	80256	109296	62790	6
23	44	62	2635248	59616	115104	97416	49848	8
23	46	47	2088492	0	0	0	0	0
23	46	49	2177364	0	0	0	0	0
23	46	50	2221800	0	0	0	0	0
23	46	52	2310672	0	0	0	0	0
23	46	53	2355108	0	0	0	0	0
23	46	55	2443980	0	0	0	0	0
23	46	56	2488416	0	0	0	0	0
23	46	58	2577288	0	0	0	0	0
23	46	59	2621724	0	0	0	0	0
23	46	61	2710596	0	0	0	0	0
23	46	62	2755032	0	0	0	0	0
23	47	49	2224698	29256	72192	53508	23616	4
23	47	50	2270100	51336	61194	37800	34698	4
23	47	52	2360904	41400	77832	69492	41400	4
23	47	53	2406306	76452	63732	70080	63732	4
23	47	55	2497110	45540	76140	82452	29184	6
23	47	56	2542512	62100	74166	62436	58434	4
23	47	58	2633316	42504	14664	58404	13968	4
23	47	59	2678718	16284	76704	48828	15156	4
23	47	61	2769522	60720	97572	113700	51204	6
23	47	62	2814924	47748	59502	75372	32868	4
23	49	50	2366700	47610	70560	87144	26148	6
23	49	52	2461368	146556	148176	231552	129708	12
23	49	53	2508702	53268	88200	111168	42456	6
23	49	55	2603370	43608	68208	54780	30672	4
23	49	56	2650704	46368	81144	81144	46368	4
23	49	58	2745372	71070	72324	73980	39204	6
23	49	59	2792706	41124	17052	62520	14220	4
23	49	61	2887374	44712	73500	81144	44712	4
23	49	62	2934708	12696	81144	63636	12696	4
23	50	52	2511600	18768	82800	61680	18768	4
23	50	53	2559900	56442	90000	90114	28842	6
23	50	55	2656500	38640	69000	81330	33030	4
23	50	56	2704800	58236	86700	89784	33708	6
23	50	58	2801400	68448	88500	81768	33300	6
23	50	59	2849700	42642	85200	105810	36624	6
23	50	61	2946300	51336	82800	82800	51336	4
23	50	62	2994600	73416	81000	79344	44568	6
23	52	53	2662296	46368	86112	70086	46368	4
23	52	55	2762760	26772	81120	56100	21780	4
23	52	56	2812992	49128	107952	95472	45072	6
23	52	58	2913456	168912	179712	254604	156384	12
23	52	59	2963688	45540	86112	83058	45540	4
23	52	61	3064152	102120	99216	100518	38910	8
23	52	62	3114384	63204	61464	69468	38556	4
23	53	55	2815890	48852	87768	87768	48852	4
23	53	56	2867088	57408	66144	73452	40608	4
23	53	58	2969484	54786	89358	114876	47130	6
23	53	59	3020682	69552	132924	130248	54924	8
23	53	61	3123078	38364	22260	70968	14940	4
23	53	62	3174276	75210	131652	131652	75210	6
23	55	56	2975280	54786	104610	113412	49410	6
23	55	58	3081540	41814	92730	118920	41118	6
23	55	59	3134670	53820	89760	91080	53820	4
23	55	61	3240930	68448	64020	64572	41388	4
23	55	62	3294060	36984	25080	75300	15408	4
23	56	58	3137568	72864	145488	140760	61104	8
23	56	59	3191664	75210	139104	139104	75210	6
23	56	61	3299856	19596	92736	76746	19596	4
23	56	62	3353952	84732	104832	123612	64272	6
23	58	59	3305652	71898	103704	106080	44640	6
23	58	61	3417708	86940	87000	95970	84378	4
23	58	62	3473736	56304	108576	113532	43428	6
23	59	61	3476634	60168	123192	146556	58704	6
23	59	62	3533628	55752	89562	83076	47610	4
23	61	62	3653412	55476	101016	101016	55476	4
25	26	28	764400	3300	22620	6888	3300	2
25	26	29	791700	22200	24336	21576	8784	4
25	26	31	846300	44850	19656	17856	17706	4
25	26	32	873600	22800	28236	26496	9936	4
25	26	34	928200	6000	12324	23400	6000	2
25	26	35	955500	10650	17160	23400	10650	2
25	26	37	1010100	31500	46800	44934	31500	4
25	26	38	1037400	63600	86112	57828	56112	8
25	26	40	1092000	44700	28080	46680	28080	4
25	26	41	1119300	35100	15912	46800	15912	4
25	26	43	1173900	22200	31200	37590	15750	4
25	26	44	1201200	35700	40092	59832	20520	6
25	26	46	1255800	39000	33696	26496	25896	4
25	26	47	1283100	26850	35256	34962	15306	4
25	26	49	1337700	0	0	0	0	0
25	26	50	1365000	0	0	0	0	0
25	26	52	1419600	0	0	0	0	0
25	26	53	1446900	1950	23400	4134	1950	2
25	26	55	1501500	30450	39000	41550	22650	4
25	26	56	1528800	39300	24180	41880	16680	4
25	26	58	1583400	46800	31668	37668	31668	4
25	26	59	1610700	25950	38688	46800	17838	4
25	26	61	1665300	36600	51480	51558	31608	6
25	26	62	1692600	29400	31200	46800	24876	4
25	28	29	852600	15600	26208	33408	11958	4
25	28	31	911400	81000	56448	85278	56448	8
25	28	32	940800	28800	49224	28800	27624	4
25	28	34	999600	11100	17976	3876	3876	2
25	28	35	1029000	13650	18480	25200	13650	2
25	28	37	1087800	22800	34272	30192	12384	4
25	28	38	1117200	46500	28224	24624	24324	4
25	28	40	1176000	36000	30240	50400	30240	4
25	28	41	1205400	30600	26544	40206	17694	4
25	28	43	1264200	15150	25200	25200	15150	2
25	28	44	1293600	39600	50400	50400	39600	4
25	28	46	1352400	29100	37464	41400	16164	4
25	28	47	1381800	23250	3360	1410	1410	2
25	28	49	1440600	45150	50400	32256	25200	6
25	28	50	1470000	0	0	0	0	0
25	28	52	1528800	27600	38136	50400	15336	4
25	28	53	1558200	171000	173376	142776	142776	16
25	28	55	1617000	26400	42000	26850	18000	4
25	28	56	1646400	0	0	0	0	0
25	28	58	1705200	52200	52416	62784	36516	6
25	28	59	1734600	3450	23520	1770	1770	2
25	28	61	1793400	29700	57792	52230	24324	6
25	28	62	1822800	74100	56448	75600	56448	6
25	29	31	943950	3900	24360	11904	3900	2
25	29	32	974400	23400	27840	30324	14490	4
25	29	34	1035300	50250	25056	23256	23106	4
25	29	35	1065750	21900	26100	39540	14940	4
25	29	37	1126650	17400	38976	12876	4176	4
25	29	38	1157100	28800	34626	32376	15576	4
25	29	40	1218000	26400	31320	38100	21570	4
25	29	41	1248450	23100	39672	34932	14400	4
25	29	43	1309350	35400	24708	39000	18000	4
25	29	44	1339800	47700	39672	56196	25422	6
25	29	46	1400700	25350	2958	2208	2208	2
25	29	47	1431150	20100	45936	32304	19404	4
25	29	49	1492050	44400	40368	32568	32568	4
25	29	50	1522500	0	0	0	0	0
25	29	52	1583400	35250	9744	46068	9744	4
25	29	53	1613850	30600	56376	72552	20856	6
25	29	55	1674750	25200	43500	52200	25200	4
25	29	56	1705200	11400	34278	52200	10728	4
25	29	58	1766100	0	0	0	0	0
25	29	59	1796550	35100	50460	52200	35100	4
25	29	61	1857450	39300	39324	49524	26424	4
25	29	62	1887900	1050	26100	8184	1050	2
25	31	32	1041600	19950	21390	13440	13440	2
25	31	34	1106700	10200	42408	22848	4806	4
25	31	35	1139250	25800	27900	39660	18360	4
25	31	37	1204350	96600	74400	102420	74400	8
25	31	38	1236900	36900	52638	55800	36900	4
25	31	40	1302000	24000	33480	44700	19350	4
25	31	41	1334550	51900	34596	30996	30696	4
25	31	43	1399650	10200	24924	7224	7224	2
25	31	44	1432200	27900	2046	3696	2046	2
25	31	46	1497300	37800	24552	55800	24552	4
25	31	47	1529850	38700	55800	55800	38700	4
25	31	49	1594950	23700	50964	44364	18864	4
25	31	50	1627500	0	0	0	0	0
25	31	52	1692600	29550	41664	55800	18576	4
25	31	53	1725150	35700	11532	50160	10260	4
25	31	55	1790250	49800	46500	55800	46500	4
25	31	56	1822800	192600	198648	168048	168048	16
25	31	58	1887900	21300	55800	37644	21300	4
25	31	59	1920450	7500	46128	52680	7500	4
25	31	61	1985550	72900	37944	58644	27144	6
25	31	62	2018100	0	0	0	0	0
25	32	34	1142400	34200	57408	52260	34200	4
25	32	35	1176000	28800	28800	57600	27330	4
25	32	37	1243200	55650	31104	29304	29154	4
25	32	38	1276800	16800	29568	49248	8820	4
25	32	40	1344000	15600	24000	28800	15600	2
25	32	41	1377600	81000	109440	79230	75240	8
25	32	43	1444800	28800	1536	4386	1536	2
25	32	44	1478400	26400	33792	55464	13464	4
25	32	46	1545600	15600	48192	20976	6192	4
25	32	47	1579200	27000	48768	57600	27000	4
25	32	49	1646400	28800	28800	57600	26742	4
25	32	50	1680000	0	0	0	0	0
25	32	52	1747200	49800	46272	38472	38472	4
25	32	53	1780800	24000	54912	47562	21312	4
25	32	55	1848000	57600	48000	57600	48000	4
25	32	56	1881600	57600	69312	73728	38160	8
25	32	58	1948800	30600	57600	49332	30600	4
25	32	59	1982400	35100	63744	63618	27804	6
25	32	61	2049600	49650	57600	57600	49650	4
25	32	62	2083200	54300	41280	57600	41280	4
25	34	35	1249500	36900	30600	56010	30600	4
25	34	37	1320900	24000	41616	38814	17064	4
25	34	38	1356600	18600	49164	35844	18600	4
25	34	40	1428000	37200	36720	36120	17820	4
25	34	41	1463700	30600	408	5658	408	2
25	34	43	1535100	131400	94248	139788	94248	10
25	34	44	1570800	57300	41616	38016	37716	4
25	34	46	1642200	39600	56100	81936	29328	6
25	34	47	1677900	58650	28152	48930	28152	4
25	34	49	1749300	54900	52632	72936	32460	6
25	34	50	1785000	0	0	0	0	0
25	34	52	1856400	9300	30600	11544	9300	2
25	34	53	1892100	42450	41208	51270	28170	4
25	34	55	1963500	61200	51000	52050	51000	4
25	34	56	1999200	41700	42024	57144	23544	4
25	34	58	2070600	38400	52836	38604	30036	4
25	34	59	2106300	214200	224400	194616	193800	16
25	34	61	2177700	24600	61200	54390	24600	4
25	34	62	2213400	31800	52428	59988	31428	4
25	35	37	1359750	42600	52500	57720	20700	6
25	35	38	1396500	53100	44100	34200	34200	4
25	35	41	1506750	55800	44100	63960	23700	6
25	35	43	1580250	57600	37800	67080	20400	6
25	35	44	1617000	62850	25200	39600	25200	4
25	35	46	1690500	32250	52710	41400	21960	4
25	35	47	1727250	23400	63000	42300	23400	4
25	35	49	1800750	31500	63000	43260	31500	4
25	35	52	1911000	50250	75600	75480	34200	6
25	35	53	1947750	47700	57120	44220	41820	4
25	35	56	2058000	64050	63000	76440	37800	6
25	35	58	2131500	70950	56700	76920	39600	6
25	35	59	2168250	63000	43260	45660	43260	4
25	35	61	2241750	63000	37800	46140	37800	4
25	35	62	2278500	74700	44100	77880	33150	6
25	37	38	1476300	0	0	0	0	0
25	37	40	1554000	63000	39960	48960	39960	4
25	37	41	1592850	21900	43068	54948	21900	4
25	37	43	1670550	11100	62604	38184	10656	4
25	37	44	1709400	41400	66600	66600	41400	4
25	37	46	1787100	63900	61050	54828	35928	6
25	37	47	1825950	62700	49284	45684	45384	4
25	37	49	1903650	149100	114996	159072	114996	10
25	37	50	1942500	0	0	0	0	0
25	37	52	2020200	29700	59718	66600	29700	4
25	37	53	2059050	36900	66600	56832	36900	4
25	37	55	2136750	30300	55500	62340	30300	4
25	37	56	2175600	31200	17760	62868	10368	4
25	37	58	2253300	63150	56832	67992	25332	6
25	37	59	2292150	64500	51948	68016	37416	6
25	37	61	2369850	29400	47064	18300	9864	4
25	37	62	2408700	253050	267732	223968	221082	18
25	38	40	1596000	46500	69540	62160	26640	6
25	38	41	1635900	29100	47424	51660	21474	4
25	38	43	1715700	66450	45144	43344	43194	4
25	38	44	1755600	97200	133836	101664	94236	8
25	38	46	1835400	42000	36480	55452	21852	4
25	38	47	1875300	41400	64752	93420	30912	6
25	38	49	1955100	46800	68400	68400	46800	4
25	38	50	1995000	0	0	0	0	0
25	38	52	2074800	62700	62928	102600	57396	6
25	38	53	2114700	54150	36480	45330	22230	4
25	38	55	2194500	35400	57000	59610	35400	4
25	38	56	2234400	46800	56544	45960	35244	4
25	38	58	2314200	60600	59052	51252	51252	4
25	38	59	2354100	26400	68400	51546	26400	4
25	38	61	2433900	79200	56088	80316	43338	6
25	38	62	2473800	76800	136800	136800	76800	8
25	40	41	1722000	41400	70080	44280	39480	4
25	40	43	1806000	30600	72000	46440	30600	4
25	40	44	1848000	33600	58800	47520	27000	4
25	40	46	1932000	64800	31680	49680	31680	4
25	40	47	1974000	62850	48960	86010	29010	6
25	40	49	2058000	65550	61920	88170	38520	6
25	40	52	2184000	57600	64560	53160	50160	4
25	40	53	2226000	54150	87840	89490	42840	6
25	40	56	2352000	45600	73200	90480	37200	6
25	40	58	2436000	75600	80640	110280	33840	8
25	40	59	2478000	72000	40320	55470	40320	4
25	40	61	2562000	72000	50880	56130	50880	4
25	40	62	2604000	77400	70560	92460	51060	6
25	41	43	1851150	44100	73308	73800	44100	4
25	41	44	1894200	17700	46740	70692	15588	4
25	41	46	1980300	71850	53136	51336	51186	4
25	41	47	2023350	54000	27060	36660	19260	4
25	41	49	2109450	15900	67404	34104	9504	4
25	41	50	2152500	0	0	0	0	0
25	41	52	2238600	47850	78228	68724	37728	6
25	41	53	2281650	71100	79704	69336	46992	6
25	41	55	2367750	54000	98400	84420	41700	6
25	41	56	2410800	53250	79458	79176	45888	6
25	41	58	2496900	28200	22632	71700	10800	4
25	41	59	2539950	79200	147600	147600	79200	8
25	41	61	2626050	66000	65928	58128	58128	4
25	41	62	2669100	43350	66666	73800	36216	4
25	43	44	1986600	52350	69660	68796	36510	6
25	43	46	2076900	65550	72756	68448	37656	6
25	43	47	2122050	49500	65532	77400	49500	4
25	43	49	2212350	30300	70692	57516	30300	4
25	43	50	2257500	0	0	0	0	0
25	43	52	2347800	12000	77400	54300	12000	4
25	43	53	2392950	73500	62952	59052	59052	4
25	43	55	2483250	48300	103200	62460	35400	6
25	43	56	2528400	49650	56760	69612	33912	4
25	43	58	2618700	79200	47988	92988	31638	6
25	43	59	2663850	26700	25284	76224	11124	4
25	43	61	2754150	214200	170280	227172	170280	12
25	43	62	2799300	48300	59082	77400	31932	4
25	44	46	2125200	26400	38544	69684	15084	4
25	44	47	2171400	124950	188496	127986	115446	10
25	44	49	2263800	77250	61248	59298	59298	4
25	44	50	2310000	0	0	0	0	0
25	44	52	2402400	62400	83952	77040	45240	6
25	44	53	2448600	49500	60720	56454	41670	4
25	44	55	2541000	42900	66000	47850	29700	4
25	44	56	2587200	79200	158400	158400	79200	8
25	44	58	2679600	68400	60192	87900	35400	6
25	44	59	2725800	67650	83952	111816	48180	6
25	44	61	2818200	44100	79200	74370	44100	4
25	44	62	2864400	59400	73920	104124	48048	6
25	46	47	2270100	24900	73968	58038	24900	4
25	46	49	2366700	44250	82800	116610	33960	6
25	46	50	2415000	0	0	0	0	0
25	46	52	2511600	50400	61824	59808	43524	4
25	46	53	2559900	28200	63480	77970	28200	4
25	46	55	2656500	46800	69000	82800	46800	4
25	46	56	2704800	78900	69828	65928	65928	4
25	46	58	2801400	56400	70656	106824	44220	6
25	46	59	2849700	68250	87768	124200	68250	6
25	46	61	2946300	58350	98808	94146	57246	6
25	46	62	2994600	93600	110676	111072	59472	8
25	47	49	2418150	40200	50196	72876	26676	4
25	47	50	2467500	0	0	0	0	0
25	47	52	2566200	82650	67962	66012	66012	4
25	47	53	2615550	79200	169200	169200	79200	8
25	47	55	2714250	60300	70500	84600	60300	4
25	47	56	2763600	54900	67398	65184	44148	4
25	47	58	2862300	16800	84600	52896	16800	4
25	47	59	2911650	71700	101520	91152	55620	6
25	47	61	3010350	23700	31020	84600	11988	4
25	47	62	3059700	35100	84318	84600	35100	4
25	49	50	2572500	0	0	0	0	0
25	49	52	2675400	53100	66738	64272	44988	4
25	49	53	2726850	57900	95256	91800	49668	6
25	49	55	2829750	86700	73500	80400	73500	4
25	49	56	2881200	50400	88200	81060	50400	4
25	49	58	2984100	64800	51744	53148	40398	4
25	49	59	3035550	84300	77028	73128	73128	4
25	49	61	3138450	12900	88200	68988	12900	4
25	49	62	3189900	22200	34104	88200	12528	4
25	50	52	2730000	0	0	0	0	0
25	50	53	2782500	0	0	0	0	0
25	50	56	2940000	0	0	0	0	0
25	50	58	3045000	0	0	0	0	0
25	50	59	3097500	0	0	0	0	0
25	50	61	3202500	0	0	0	0	0
25	50	62	3255000	0	0	0	0	0
25	52	53	2893800	27300	89232	57876	22932	4
25	52	55	3003000	64800	78000	55440	49200	4
25	52	56	3057600	78600	89232	77616	34032	6
25	52	58	3166800	77100	110136	90648	46836	6
25	52	59	3221400	51600	74256	88926	40626	4
25	52	61	3330600	36600	93600	80106	36600	4
25	52	62	3385200	89700	84552	80652	80652	4
25	53	55	3060750	61800	111300	91260	45900	6
25	53	56	3116400	180900	190800	277488	166788	12
25	53	58	3227700	93450	82362	80412	80412	4
25	53	59	3283350	70800	65508	51684	40908	4
25	53	61	3394650	58500	95400	95400	58500	4
25	53	62	3450300	75450	116070	96804	48420	6
25	55	56	3234000	65850	126720	132600	64200	6
25	55	58	3349500	81150	102960	133800	63750	6
25	55	59	3407250	74100	91080	134400	56400	6
25	55	61	3522750	70200	116820	172200	51900	8
25	55	62	3580500	55050	106590	136200	55050	6
25	56	58	3410400	65700	104832	107412	37812	6
25	56	59	3469200	48150	124320	83676	21270	6
25	56	61	3586800	98850	90048	88098	88098	4
25	56	62	3645600	205200	225792	300732	196272	12
25	58	59	3593100	61200	104400	104400	61200	4
25	58	61	3714900	75600	67512	71598	49848	4
25	58	62	3775800	28200	104400	77124	28200	4
25	59	61	3778950	63900	104784	106200	63900	4
25	59	62	3840900	41700	106200	94764	41700	4
25	61	62	3971100	88350	117486	116652	55752	6
26	28	29	886704	4836	25368	8700	4836	2
26	28	31	947856	26832	22176	34224	12888	4
26	28	35	1070160	14196	21336	26208	14196	2
26	28	37	1131312	28080	48552	49740	28080	4
26	28	41	1253616	97344	75768	69996	68280	8
26	28	43	1314768	52416	41328	52416	41328	4
26	28	47	1437072	24180	17976	26208	17976	2
26	28	49	1498224	46956	52416	47376	26208	6
26	28	53	1620528	13884	6888	26208	6888	2
26	28	55	1681680	14352	27552	52416	7092	4
26	28	59	1803984	29016	52416	43908	29016	4
26	28	61	1865136	50388	46536	44508	44508	4
26	29	31	981708	12792	24882	20274	12792	2
26	29	32	1013376	87984	62640	92616	62640	8
26	29	34	1076712	30576	28536	33048	12420	4
26	29	35	1108380	16224	41760	13440	3870	4
26	29	37	1171716	15912	29232	54288	15912	4
26	29	38	1203384	13884	27144	15276	13884	2
26	29	40	1266720	40092	52200	44880	16632	6
26	29	41	1298388	39312	33408	54288	33408	4
26	29	43	1361724	34632	36366	38184	18894	4
26	29	44	1393392	42120	43848	31680	31680	4
26	29	46	1456728	44148	72384	81432	44148	6
26	29	47	1488396	38376	54288	42090	38376	4
26	29	49	1551732	27144	174	7350	174	2
26	29	50	1583400	43212	36192	57588	24180	6
26	29	52	1646736	0	0	0	0	0
26	29	53	1678404	37128	36192	48450	24426	4
26	29	55	1741740	187200	190008	160056	160056	16
26	29	56	1773408	35880	35844	54288	20088	4
26	29	58	1836744	0	0	0	0	0
26	29	59	1868412	49296	64728	69624	40392	6
26	29	61	1931748	624	27144	9150	624	2
26	29	62	1963416	39156	54288	54288	39156	4
26	31	32	1083264	40404	45012	39360	15048	6
26	31	34	1150968	28080	51336	52476	28080	4
26	31	35	1184820	15600	15810	29016	15600	2
26	31	37	1252524	23088	22134	16206	16206	2
26	31	38	1286376	8268	14880	29016	8268	2
26	31	40	1354080	42900	55800	40536	24672	6
26	31	41	1387932	9672	26970	7626	7626	2
26	31	43	1455636	32136	37944	37014	20790	4
26	31	44	1489488	108576	88908	81792	81420	8
26	31	46	1557192	43212	32736	28704	17916	4
26	31	47	1591044	0	0	0	0	0
26	31	49	1658748	86736	50220	75378	50220	6
26	31	50	1692600	25584	45384	46716	25584	4
26	31	52	1760304	0	0	0	0	0
26	31	53	1794156	26208	47058	58032	26208	4
26	31	55	1861860	50544	64728	72576	40686	6
26	31	56	1895712	71136	42408	59256	26496	6
26	31	58	1963416	37440	55056	58032	37440	4
26	31	59	1997268	49920	61380	64050	32988	6
26	31	61	2064972	40248	58032	50610	40248	4
26	31	62	2098824	0	0	0	0	0
26	32	35	1223040	8112	46080	31920	7920	4
26	32	37	1292928	20904	44736	37500	18684	4
26	32	41	1432704	31200	36864	45204	21024	4
26	32	43	1502592	56316	23040	45948	23040	4
26	32	47	1642368	41184	27648	59904	27648	4
26	32	49	1712256	43056	59904	59904	43056	4
26	32	53	1852032	59904	48576	49668	48576	4
26	32	55	1921920	42276	9984	50412	9984	4
26	32	59	2061696	39312	59904	59904	39312	4
26	32	61	2131584	6396	23232	29952	6396	2
26	34	35	1299480	38376	63444	57864	38376	4
26	34	37	1373736	20592	63648	42624	20592	4
26	34	41	1522248	37440	63648	47232	37440	4
26	34	43	1596504	91728	122400	91512	86832	8
26	34	47	1745016	119808	101592	94104	94104	8
26	34	49	1819272	63648	48960	51816	48960	4
26	34	53	1967784	63648	36720	53448	36720	4
26	34	55	2042040	95472	62424	86088	62424	6
26	34	59	2190552	63648	55284	63648	55284	4
26	34	61	2264808	47892	52224	46464	36468	4
26	35	37	1414140	47736	20580	32982	16446	4
26	35	38	1452360	12324	32760	25764	12324	2
26	35	40	1528800	37440	62580	37440	34500	4
26	35	41	1567020	36816	73080	50472	22746	6
26	35	43	1643460	27768	5250	258	258	2
26	35	44	1681680	141336	103320	150552	103320	10
26	35	46	1758120	39468	52920	87408	27600	6
26	35	47	1796340	50544	63000	76752	34374	6
26	35	49	1872780	65520	65520	74340	32760	8
26	35	50	1911000	46800	65520	54060	46800	4
26	35	52	1987440	0	0	0	0	0
26	35	53	2025660	12792	29190	9222	9222	2
26	35	55	2102100	51480	34440	33090	21960	4
26	35	56	2140320	39312	65520	65520	39312	4
26	35	58	2216760	47892	41160	57468	26892	4
26	35	59	2254980	58032	75600	110832	32544	8
26	35	61	2331420	248664	259560	214854	213384	18
26	35	62	2369640	47580	47040	47616	29100	4
26	37	38	1535352	33072	41736	47880	18252	4
26	37	40	1616160	58968	50616	40320	40320	4
26	37	41	1656564	32136	4218	1722	1722	2
26	37	43	1737372	50544	61272	77976	30786	6
26	37	44	1777776	49608	55944	69264	49608	4
26	37	46	1858584	40248	74592	81000	28704	6
26	37	47	1898988	52416	25752	36606	19512	4
26	37	49	1979796	28080	69264	49038	28080	4
26	37	50	2020200	131040	114552	107064	107064	8
26	37	52	2101008	0	0	0	0	0
26	37	53	2141412	42744	46842	36858	20322	4
26	37	55	2222220	53352	57498	69264	53352	4
26	37	56	2262624	54288	69264	69264	54288	4
26	37	58	2343432	34320	47064	69264	26316	4
26	37	59	2383836	28704	50838	19824	10278	4
26	37	61	2464644	103896	75924	97446	75924	6
26	37	62	2505048	56004	77256	103116	42240	6
26	38	41	1701336	67392	43776	53136	43776	4
26	38	43	1784328	49608	46512	70656	44448	4
26	38	47	1950312	62556	68400	72792	41808	6
26	38	49	2033304	58032	80712	74376	38652	6
26	38	53	2199288	39312	71136	71136	39312	4
26	38	55	2282280	41184	71136	61968	41184	4
26	38	59	2448264	51480	55632	53976	41436	4
26	38	61	2531256	46800	42408	71136	39480	4
26	40	41	1790880	34320	56160	49200	21600	4
26	40	43	1878240	44460	71760	52920	17976	6
26	40	47	2052960	18096	63120	24816	6336	4
26	40	49	2140320	55068	57840	75468	33912	6
26	40	53	2315040	170508	138000	121308	121308	10
26	40	55	2402400	90480	80640	85620	25260	8
26	40	59	2577120	38064	18240	67884	13284	4
26	40	61	2664480	39936	73200	68916	39936	4
26	41	43	1925196	54600	44526	31476	22374	4
26	41	44	1969968	27144	61992	76752	27144	4
26	41	46	2059512	26832	57072	62940	26832	4
26	41	47	2104284	69264	35424	54144	35424	4
26	41	49	2193828	78312	56088	70128	30816	6
26	41	50	2238600	39312	76752	76752	39312	4
26	41	52	2328144	0	0	0	0	0
26	41	53	2372916	55224	76752	66678	55224	4
26	41	55	2462460	61776	110946	84672	32256	8
26	41	56	2507232	205920	153504	218016	153504	12
26	41	58	2596776	40248	76752	59604	40248	4
26	41	59	2641548	59592	81180	76608	45612	6
26	41	61	2731092	87984	63468	62532	36324	6
26	41	62	2775864	62556	40344	55860	34020	4
26	43	44	2066064	48672	79980	80496	48672	4
26	43	46	2159976	13416	59856	70332	13416	4
26	43	47	2206932	55848	49794	37788	25146	4
26	43	49	2300844	38064	47472	72294	24246	4
26	43	50	2347800	73788	49536	88848	28788	6
26	43	52	2441712	0	0	0	0	0
26	43	53	2488668	78000	75852	78408	45900	6
26	43	55	2582580	80496	49536	62358	49536	4
26	43	56	2629536	184548	155316	138624	138624	10
26	43	58	2723448	58812	105264	82008	47460	6
26	43	59	2770404	86424	74304	82728	43416	6
26	43	61	2864316	89856	160992	160992	89856	8
26	43	62	2911272	60060	111456	100212	57168	6
26	44	47	2258256	39312	82368	82368	39312	4
26	44	49	2354352	36816	74448	61764	29160	4
26	44	53	2546544	9984	77880	63444	9984	4
26	44	55	2642640	44616	64680	45804	26928	4
26	44	59	2834832	60996	56760	65964	35388	4
26	44	61	2930928	34944	23232	77052	13716	4
26	46	47	2360904	60684	94392	93816	46020	6
26	46	49	2461368	139308	207000	144912	131028	10
26	46	53	2662296	38064	81420	67224	33372	4
26	46	55	2762760	55224	60720	68136	48324	4
26	46	59	2963688	198588	173604	156912	156912	10
26	46	61	3064152	75972	105984	108936	62448	6
26	47	49	2514876	63648	56118	54870	31782	4
26	47	50	2566200	89856	102648	119292	39456	8
26	47	52	2668848	0	0	0	0	0
26	47	53	2720172	47736	71346	87984	47736	4
26	47	55	2822820	58344	61194	52140	31554	4
26	47	56	2874144	63648	87984	79944	63648	4
26	47	58	2976792	70980	91368	131976	70980	6
26	47	59	3028116	48984	68808	86826	36594	4
26	47	61	3130764	66456	72756	101526	42180	6
26	47	62	3182088	67392	90240	107976	55764	6
26	49	50	2675400	31512	43512	79764	18612	4
26	49	52	2782416	0	0	0	0	0
26	49	53	2835924	86424	98784	82116	56730	6
26	49	55	2942940	89856	183456	183456	89856	8
26	49	56	2996448	52416	91728	74424	52416	4
26	49	58	3103464	67392	87024	109896	54108	6
26	49	59	3156972	59904	97020	106044	35502	6
26	49	61	3263988	71448	100548	102342	61158	6
26	49	62	3317496	247104	204624	176544	176544	12
26	50	53	2893800	57096	62400	74784	47796	4
26	50	55	3003000	70980	104400	95640	57780	6
26	50	59	3221400	105924	108000	130344	44352	8
26	50	61	3330600	40560	93600	79008	40560	4
26	52	53	3009552	0	0	0	0	0
26	52	55	3123120	0	0	0	0	0
26	52	59	3350256	0	0	0	0	0
26	52	61	3463824	0	0	0	0	0
26	53	55	3183180	70512	69006	50160	40302	4
26	53	56	3241056	65676	115116	93072	45852	6
26	53	58	3356808	81588	76320	126864	50268	6
26	53	59	3414684	80808	144690	98460	76674	6
26	53	61	3530436	73944	63600	69738	49458	4
26	53	62	3588312	56628	110664	114468	46452	6
26	55	56	3363360	70668	102960	97176	35688	6
26	55	58	3483480	199368	213840	301968	186840	12
26	55	59	3543540	103272	81180	104580	52164	6
26	55	61	3663660	85800	115170	97722	46530	6
26	55	62	3723720	101088	155760	129972	70812	8
26	56	59	3607968	87204	124992	137376	69504	6
26	56	61	3730272	101088	141456	148308	71028	8
26	58	59	3736824	101088	140244	153408	71244	8
26	58	61	3863496	42588	145812	105528	25536	6
26	59	61	3930108	107328	106200	134280	75312	6
26	59	62	3994536	93444	164256	119952	92028	6
26	61	62	4129944	69264	112728	114192	69264	4
28	29	31	1057224	13776	18618	3162	3162	2
28	29	32	1091328	18984	21576	11328	11328	2
28	29	34	1159536	35280	50112	26928	26928	4
28	29	35	1193640	29232	15834	21210	15834	2
28	29	37	1261848	31248	26448	45438	18894	4
28	29	38	1295952	29904	15312	45876	8244	4
28	29	40	1364160	20160	41760	56832	20160	4
28	29	41	1398264	35280	55506	57522	35280	4
28	29	43	1466472	109872	86826	81684	79770	8
28	29	44	1500576	58464	45936	58464	45936	4
28	29	46	1568784	26208	48372	33924	19308	4
28	29	47	1602888	48384	22272	34026	19584	4
28	29	49	1671096	42672	52374	79926	29232	6
28	29	50	1705200	52416	37584	80364	22296	6
28	29	52	1773408	58464	25056	38904	25056	4
28	29	53	1807512	44688	39846	47994	26070	4
28	29	55	1875720	29232	1914	5610	1914	2
28	29	56	1909824	0	0	0	0	0
28	29	58	1978032	0	0	0	0	0
28	29	59	2012136	0	0	0	0	0
28	29	61	2080344	31920	56202	55950	31920	4
28	29	62	2114448	57456	64728	62712	34488	6
28	31	32	1166592	23520	35712	38352	15336	4
28	31	34	1239504	102816	75888	108156	75888	8
28	31	35	1275960	31248	33852	39060	16926	4
28	31	37	1348872	8400	31062	8214	8214	2
28	31	38	1385328	61320	42408	42408	41232	4
28	31	40	1458240	19320	27528	15600	15600	2
28	31	41	1494696	23184	37944	62496	23184	4
28	31	43	1567608	46368	40176	62496	40176	4
28	31	44	1604064	31248	19344	28248	19344	2
28	31	46	1676976	64680	50964	59400	24120	6
28	31	47	1713432	43344	23808	53526	22464	4
28	31	49	1786344	62496	31248	42126	31248	4
28	31	50	1822800	56448	85188	93744	56448	6
28	31	52	1895712	38472	58032	69672	30984	6
28	31	53	1932168	31248	930	7314	930	2
28	31	55	2005080	62496	30132	52698	30132	4
28	31	56	2041536	0	0	0	0	0
28	31	58	2114448	45528	38688	58740	25812	4
28	31	59	2150904	221760	225432	197208	197208	16
28	31	61	2223816	38640	52266	55038	36810	4
28	31	62	2260272	0	0	0	0	0
28	32	35	1317120	32256	34944	40320	17472	4
28	32	37	1392384	38976	31872	42624	16776	4
28	32	41	1542912	24192	64512	47232	24192	4
28	32	43	1618176	40320	64512	49536	40320	4
28	32	47	1768704	64512	46080	51432	46080	4
28	32	49	1843968	64512	32256	52248	32256	4
28	32	53	1994496	40992	49344	53880	27000	4
28	32	55	2069760	51576	71424	86952	37056	6
28	32	59	2220288	67536	51840	88584	34872	6
28	32	61	2295552	69552	38016	89400	26760	6
28	34	35	1399440	34272	37128	42840	18564	4
28	34	37	1479408	5208	34068	16428	5208	2
28	34	41	1639344	67368	50184	50184	49008	4
28	34	43	1719312	47040	44064	45408	24804	4
28	34	47	1879248	66528	57528	68112	38208	6
28	34	49	1959216	48384	34272	68544	34272	4
28	34	53	2119152	52416	68544	68544	52416	4
28	34	55	2199120	55608	36516	49452	23580	4
28	34	59	2359056	21000	7548	34272	7548	2
28	34	61	2439024	68544	40392	61356	40392	4
28	35	37	1522920	37296	38010	40404	20202	4
28	35	38	1564080	38304	35700	41496	20748	4
28	35	40	1646400	26040	31080	21840	21840	2
28	35	41	1687560	28896	28770	22386	22386	2
28	35	43	1769880	34608	24150	23478	23478	2
28	35	44	1811040	37464	55440	48048	24024	4
28	35	46	1893360	43176	52500	50232	25116	4
28	35	47	1934520	46032	50190	51324	25662	4
28	35	50	2058000	50400	43260	54600	27300	4
28	35	52	2140320	52416	38640	56784	28392	4
28	35	53	2181480	53424	36330	57876	28938	4
28	35	55	2263800	33600	31710	30030	30030	2
28	35	58	2387280	42168	60060	63336	31668	4
28	35	59	2428440	45024	57750	64428	32214	4
28	35	61	2510760	50736	53130	66612	33306	4
28	35	62	2551920	53592	50820	67704	33852	4
28	37	38	1653456	47544	87912	106284	47544	6
28	37	40	1740480	32928	53280	36480	16056	4
28	37	41	1783992	38640	35964	61158	25542	4
28	37	43	1871016	33600	47952	58710	31158	4
28	37	44	1914528	73416	58608	58608	57432	4
28	37	46	2001552	162288	122544	173160	122544	10
28	37	47	2045064	0	0	0	0	0
28	37	49	2132088	74592	66822	65520	37296	6
28	37	50	2175600	62496	87468	90792	37068	8
28	37	52	2262624	61488	65712	54456	52608	4
28	37	53	2306136	56112	56166	105438	37332	6
28	37	55	2393160	26880	58386	22440	10674	4
28	37	56	2436672	0	0	0	0	0
28	37	58	2523696	62496	58608	108348	38616	6
28	37	59	2567208	40992	56832	74592	27450	4
28	37	61	2654232	49392	74592	74592	49392	4
28	37	62	2697744	61320	39072	57756	34236	4
28	38	41	1832208	44184	84816	49692	24336	6
28	38	43	1921584	8736	61332	51600	8736	4
28	38	47	2100336	124824	179208	117780	112512	10
28	38	49	2189712	70392	68628	80640	38304	6
28	38	53	2368464	57624	91656	57384	34368	6
28	38	55	2457840	75600	75240	85824	52572	6
28	38	59	2636592	63168	80712	59544	28968	6
28	38	61	2725968	57624	10032	59532	10032	4
28	40	41	1928640	41664	45600	59040	22968	4
28	40	43	2022720	76608	51840	61920	51840	4
28	40	47	2210880	79464	67440	66264	66264	4
28	40	49	2304960	54600	72240	107688	40320	6
28	40	53	2493120	51240	86400	109896	44880	6
28	40	55	2587200	60480	80640	70680	60480	4
28	40	59	2775360	50400	80640	72888	50400	4
28	40	61	2869440	47712	67440	73992	40392	4
28	41	43	2073288	39984	4182	2838	2838	2
28	41	44	2121504	71568	64944	53856	53856	4
28	41	46	2217936	13272	20172	41328	13272	2
28	41	47	2266152	57792	69372	83064	32412	6
28	41	49	2362584	82656	82656	116886	41328	8
28	41	50	2410800	76440	73800	89928	40536	6
28	41	52	2507232	74760	76752	123984	69456	6
28	41	53	2555448	38304	82656	62634	38304	4
28	41	55	2651880	190176	156210	139746	139746	10
28	41	56	2700096	0	0	0	0	0
28	41	58	2796528	67368	118572	123984	67368	6
28	41	59	2844744	42000	67650	74958	42000	4
28	41	61	2941176	92736	97170	126576	57528	8
28	41	62	2989392	66360	70848	123204	44412	6
28	43	44	2224992	43008	68112	53328	26496	4
28	43	46	2326128	54600	70692	102960	39456	6
28	43	47	2376696	84336	69402	80568	37896	6
28	43	49	2477832	78624	43344	63504	43344	4
28	43	50	2528400	85512	74820	73644	73644	4
28	43	52	2629536	39312	76368	86688	39312	4
28	43	53	2680104	67536	60372	92094	32820	6
28	43	55	2781240	49392	86688	86688	49392	4
28	43	56	2831808	0	0	0	0	0
28	43	58	2932944	233856	179568	248544	179568	12
28	43	59	2983512	81312	86430	90072	53448	6
28	43	61	3084648	69552	54696	64938	48138	4
28	43	62	3135216	49392	86688	70500	49392	4
28	44	47	2431968	44688	55704	73680	26640	4
28	44	49	2535456	65520	44352	74928	44352	4
28	44	53	2742432	62496	39600	77424	39600	4
28	44	55	2845920	48048	47256	78672	26928	4
28	44	59	3052896	33264	88704	81168	33264	4
28	44	61	3156384	44688	77880	82416	41760	4
28	46	47	2542512	58464	92736	92736	58464	4
28	46	49	2650704	56616	83076	100380	46368	6
28	46	53	2867088	91560	82524	81348	81348	4
28	46	55	2975280	19488	88044	44880	14796	4
28	46	59	3191664	77616	79764	92736	76908	4
28	46	61	3299856	69552	104880	96144	58236	6
28	47	49	2708328	94752	94752	115920	47376	8
28	47	50	2763600	31920	45120	85476	19620	4
28	47	52	2874144	45696	83472	69528	34416	4
28	47	53	2929416	67200	46248	69954	37026	4
28	47	55	3039960	95424	64578	98856	58200	6
28	47	56	3095232	0	0	0	0	0
28	47	58	3205776	56448	94752	76956	56448	4
28	47	59	3261048	80304	99828	102600	60834	6
28	47	61	3371592	256032	206424	178200	178200	12
28	47	62	3426864	78624	149460	137028	60552	8
28	49	50	2881200	74424	112896	90300	50400	6
28	49	52	2996448	104832	141120	104832	52416	8
28	49	53	3054072	95760	56448	53424	53424	4
28	49	55	3169320	84336	84672	99330	55440	6
28	49	58	3342192	110040	127008	116928	58464	8
28	49	59	3399816	102144	91728	106554	59472	6
28	49	61	3515064	86352	119952	110166	61488	6
28	49	62	3572688	76608	134064	111804	62496	6
28	50	53	3116400	184464	284400	184752	166464	12
28	50	55	3234000	70560	83100	100800	70560	4
28	50	59	3469200	75600	108900	107040	60000	6
28	50	61	3586800	26712	135000	88464	14412	6
28	52	53	3241056	39984	84552	93120	39984	4
28	52	55	3363360	86520	80184	99936	50544	6
28	52	59	3607968	150192	110448	103392	103392	6
28	52	61	3730272	88536	153192	105120	84480	6
28	53	55	3428040	80976	90630	122358	44406	6
28	53	56	3490368	0	0	0	0	0
28	53	58	3615024	82656	148188	159048	66756	8
28	53	59	3677352	112896	213696	213696	112896	8
28	53	61	3802008	104160	111936	123696	73314	6
28	53	62	3864336	73584	73776	91740	61848	4
28	55	56	3622080	0	0	0	0	0
28	55	58	3751440	74424	124080	113796	61248	6
28	55	59	3816120	111216	87450	127656	75576	6
28	55	61	3945480	74256	120780	140352	62910	6
28	55	62	4010160	159264	122760	115704	115704	6
28	56	59	3885504	0	0	0	0	0
28	56	61	4017216	0	0	0	0	0
28	58	59	4024272	42840	152424	112272	26484	6
28	58	61	4160688	99960	156252	124344	81660	6
28	59	61	4232424	89712	99828	142734	55374	6
28	59	62	4301808	238896	263376	352788	229968	12
28	61	62	4447632	92736	183732	196632	78828	8
29	31	32	1208256	9744	44640	26112	6210	4
29	31	34	1283772	45936	31248	27744	15744	4
29	31	35	1321530	7656	32364	8400	7656	2
29	31	37	1397046	43500	40548	27084	19320	4
29	31	38	1434804	31146	16554	25080	16554	2
29	31	40	1510320	25404	24924	56160	10044	4
29	31	41	1548078	59160	49476	57072	22392	6
29	31	43	1623594	26100	64728	49536	26100	4
29	31	44	1661352	41760	64728	50316	41760	4
29	31	46	1736868	64728	44640	51132	44640	4
29	31	47	1774626	64728	30132	51540	30132	4
29	31	49	1850142	29928	37572	64704	15228	4
29	31	50	1887900	73080	50220	64764	33342	6
29	31	52	1963416	48894	25296	57948	25296	4
29	31	53	2001174	36540	64728	45084	36540	4
29	31	55	2076690	64728	39060	45564	39060	4
29	31	56	2114448	0	0	0	0	0
29	31	58	2189964	0	0	0	0	0
29	31	59	2227722	33060	17484	64728	10404	4
29	31	61	2303238	10788	48732	62376	10788	4
29	31	62	2340996	0	0	0	0	0
29	32	34	1325184	35148	65664	48096	19212	6
29	32	35	1364160	110664	82944	116358	82944	8
29	32	37	1442112	42804	66048	43956	42036	4
29	32	38	1481088	12180	27840	6612	6612	2
29	32	40	1559040	18096	33408	27120	18096	2
29	32	41	1598016	44544	44160	31488	21888	4
29	32	43	1675968	27144	42624	66816	27144	4
29	32	44	1714944	50112	43776	66816	43776	4
29	32	46	1792896	70992	47232	64872	30180	6
29	32	47	1831872	31320	66816	43992	31320	4
29	32	49	1909824	48024	38784	54096	28170	4
29	32	50	1948800	27144	66816	54708	27144	4
29	32	52	2026752	62640	91968	100224	62640	6
29	32	53	2065728	69774	31488	67134	30270	6
29	32	55	2143680	28362	5376	330	330	2
29	32	56	2182656	59856	58752	95376	39360	6
29	32	58	2260608	0	0	0	0	0
29	32	59	2299584	55332	63360	67170	22692	6
29	32	61	2377536	256998	261120	217446	217446	18
29	32	62	2416512	34800	56256	59820	32940	4
29	34	35	1449420	28188	46920	36966	20436	4
29	34	37	1532244	37584	32232	52590	22488	4
29	34	38	1573656	64032	40392	59052	22992	6
29	34	40	1656480	23664	54876	43896	23664	4
29	34	41	1697892	49242	102408	87156	49242	6
29	34	43	1780716	36714	56712	36120	22434	4
29	34	44	1822128	27840	51612	14784	8460	4
29	34	46	1904952	107184	137088	105768	102288	8
29	34	47	1946364	38280	50184	49314	29304	4
29	34	49	2029188	45240	51816	41160	26064	4
29	34	50	2070600	54984	31008	50196	30708	4
29	34	52	2153424	81432	51612	61704	32472	6
29	34	53	2194836	33234	4488	2226	2226	2
29	34	55	2277660	32016	55488	60906	32016	4
29	34	56	2319072	70992	58956	70992	58956	4
29	34	58	2401896	0	0	0	0	0
29	34	59	2443308	66816	83232	80100	43560	6
29	34	61	2526132	65598	50184	70992	50184	4
29	34	62	2567544	41760	62628	70992	41760	4
29	35	37	1577310	28884	47880	44844	19224	4
29	35	38	1619940	15312	57960	23712	6282	4
29	35	40	1705200	41760	31080	48480	21510	4
29	35	41	1747830	151380	107100	159672	107100	10
29	35	43	1833090	44892	70140	44892	41952	4
29	35	44	1875720	53418	44310	42240	24648	4
29	35	46	1960980	58638	95760	109620	58638	6
29	35	47	2003610	11136	36120	10716	10716	2
29	35	49	2088870	36540	47460	64176	36540	4
29	35	50	2131500	52200	37800	73080	37800	4
29	35	52	2216760	35670	3990	3120	3120	2
29	35	53	2259390	45588	55860	46428	28368	4
29	35	55	2344650	57420	73080	73080	57420	4
29	35	56	2387280	74298	60690	95004	43848	6
29	35	58	2472540	0	0	0	0	0
29	35	59	2515170	66120	62580	73080	62580	4
29	35	61	2600430	29580	22260	73080	10548	4
29	35	62	2643060	45762	55650	73080	28332	4
29	37	38	1712508	49068	70596	42408	42408	4
29	37	40	1802640	43848	45288	77256	42888	4
29	37	41	1847706	10788	63492	42312	10788	4
29	37	43	1937838	54636	63048	64944	26664	6
29	37	44	1982904	16356	47508	65028	15300	4
29	37	46	2073036	77082	34632	51336	34632	4
29	37	47	2118102	29232	54612	77256	29232	4
29	37	49	2208234	56724	50172	50568	29640	4
29	37	50	2253300	38628	2886	4800	2886	2
29	37	52	2343432	36888	52170	69828	35640	4
29	37	53	2388498	25752	62160	23532	10656	4
29	37	55	2478630	44892	69708	77256	44892	4
29	37	56	2523696	62814	70374	77928	45264	6
29	37	58	2613828	0	0	0	0	0
29	37	59	2658894	29580	75480	54204	29580	4
29	37	61	2749026	46284	64380	57828	33408	4
29	37	62	2794092	27840	24864	77256	10728	4
29	38	40	1851360	53940	95760	114144	53940	6
29	38	41	1897644	26448	52440	61566	26448	4
29	38	43	1990212	35844	53808	60372	24750	4
29	38	44	2036496	35844	85272	68184	33072	6
29	38	46	2129064	53592	75240	92664	33996	6
29	38	47	2175348	198186	133608	210102	133608	12
29	38	49	2267916	39672	2280	5586	2280	2
29	38	50	2314200	87696	59964	59472	30240	6
29	38	52	2406768	76908	43776	67440	43776	4
29	38	53	2453052	88914	59736	74016	37476	6
29	38	55	2545620	79344	38304	59802	38304	4
29	38	56	2591904	34800	56316	17472	11772	4
29	38	58	2684472	0	0	0	0	0
29	38	59	2730756	79344	53352	61266	53352	4
29	38	61	2823324	64554	49704	61998	44946	4
29	38	62	2869608	79344	69996	72780	69996	4
29	40	41	1997520	56202	72000	66666	31110	6
29	40	43	2094960	35496	63360	83520	35496	4
29	40	44	2143680	58464	64800	83520	58464	4
29	40	46	2241120	26448	40800	79488	16236	4
29	40	47	2289840	41760	960	7050	960	2
29	40	49	2387280	139722	197280	134382	128202	10
29	40	50	2436000	45240	44880	73800	25740	4
29	40	52	2533440	66816	32640	49560	29160	4
29	40	53	2582160	58464	89280	106632	42144	6
29	40	55	2679600	62640	68640	83520	62640	4
29	40	56	2728320	83520	97680	114000	49536	8
29	40	58	2825760	0	0	0	0	0
29	40	59	2874480	49764	68160	80346	36666	4
29	40	61	2971920	68904	79680	66282	65064	4
29	40	62	3020640	23664	73680	34224	13824	4
29	41	43	2147334	68208	69864	83076	34992	6
29	41	44	2197272	81432	56088	66528	56088	4
29	41	46	2297148	40542	246	7728	246	2
29	41	47	2347086	16356	81180	39480	12420	4
29	41	49	2446962	45240	63468	63384	35892	4
29	41	50	2496900	73080	88560	122604	42216	8
29	41	52	2596776	60552	85608	85608	60552	4
29	41	53	2646714	223416	162360	237996	162360	12
29	41	55	2746590	68904	118572	99468	50208	8
29	41	56	2796528	72036	77982	66324	64410	4
29	41	58	2896404	0	0	0	0	0
29	41	59	2946342	62988	62976	62628	40356	4
29	41	61	3046218	55332	85608	78672	55332	4
29	41	62	3096156	71166	87822	96024	39864	6
29	43	44	2304456	0	0	0	0	0
29	43	46	2409204	78300	72756	61272	61272	4
29	43	47	2461578	57420	89784	74220	57420	4
29	43	49	2566326	46632	89784	99780	42516	6
29	43	50	2618700	11832	80754	62400	11832	4
29	43	52	2723448	95178	72498	74844	38304	6
29	43	53	2775822	63336	43860	69060	34956	4
29	43	55	2880570	43848	89784	69972	43848	4
29	43	56	2932944	86826	89784	134676	82122	6
29	43	58	3037692	0	0	0	0	0
29	43	59	3090066	74472	129000	134676	74472	6
29	43	61	3194814	89784	78432	82956	78432	4
29	43	62	3247188	48720	86430	73164	48720	4
29	44	46	2465232	72732	96888	80868	41832	6
29	44	47	2518824	36540	91872	76110	36540	4
29	44	49	2626008	36192	79200	65046	33552	4
29	44	50	2679600	83520	47520	68400	47520	4
29	44	52	2786784	70992	72864	91872	67560	4
29	44	53	2840376	69078	69168	118440	45360	6
29	44	55	2947560	49764	53328	85866	32274	4
29	44	56	3001152	45936	83688	91872	45936	4
29	44	58	3108336	0	0	0	0	0
29	44	59	3161928	248472	193248	264456	193248	12
29	44	61	3269112	86478	110880	114012	62856	6
29	44	62	3322704	85260	110616	129816	48564	8
29	46	47	2633316	62814	92184	92016	46254	6
29	46	49	2745372	30972	81696	68898	30972	4
29	46	50	2801400	17400	69000	86124	17400	4
29	46	52	2913456	175392	267996	167184	155244	12
29	46	53	2969484	69774	133032	144072	69774	6
29	46	55	3081540	94830	77280	99504	48348	6
29	46	56	3137568	81432	119232	100440	56592	6
29	46	58	3249624	0	0	0	0	0
29	46	59	3305652	58464	96048	78114	58464	4
29	46	61	3417708	77430	97152	115368	39732	6
29	46	62	3473736	97440	105984	90432	60744	6
29	47	49	2805054	65076	147204	132240	65076	6
29	47	50	2862300	50112	98136	73800	50112	4
29	47	52	2976792	84390	91086	86508	52284	6
29	47	53	3034038	33756	75012	85956	33756	4
29	47	55	3148530	89436	128028	110016	38676	8
29	47	56	3205776	17400	98136	59136	17400	4
29	47	58	3320268	0	0	0	0	0
29	47	59	3377514	87348	128592	107832	45612	8
29	47	61	3492006	81432	130284	108360	64512	6
29	47	62	3549252	107706	118158	142068	68046	8
29	49	50	2984100	66816	77616	102312	66816	4
29	49	52	3103464	27492	60564	102312	24372	4
29	49	53	3163146	81432	136416	130932	57324	8
29	49	55	3282510	78648	45276	68316	43956	4
29	49	56	3342192	79170	102312	95508	58464	6
29	49	58	3461556	0	0	0	0	0
29	49	59	3521238	12876	99960	79476	12876	4
29	49	61	3640602	112752	119952	149244	68856	8
29	49	62	3700284	91002	125244	131508	73044	6
29	50	52	3166800	43152	78900	95472	40968	4
29	50	53	3227700	105444	101400	140286	52020	8
29	50	55	3349500	79170	102600	156600	79170	6
29	50	56	3410400	97788	86700	112680	54216	6
29	50	58	3532200	0	0	0	0	0
29	50	59	3593100	56202	122400	123870	56202	6
29	50	61	3714900	102312	100800	133452	72312	6
29	50	62	3775800	77952	107100	124368	61032	6
29	52	53	3356808	87696	144144	143646	60666	8
29	52	55	3483480	203580	308880	207576	186732	12
29	52	56	3546816	64032	58656	88896	40176	4
29	52	58	3673488	0	0	0	0	0
29	52	59	3736824	97788	152880	131940	50334	8
29	52	61	3863496	77082	108576	129684	61476	6
29	52	62	3926832	95700	128544	104880	75648	6
29	53	55	3550470	61944	122112	148392	53364	6
29	53	56	3615024	107358	97308	107748	56592	6
29	53	58	3744132	0	0	0	0	0
29	53	59	3808686	108924	94764	102768	94764	4
29	53	61	3937794	54288	111300	143172	44772	6
29	53	62	4002348	68904	97626	110664	68904	4
29	55	56	3751440	49590	96360	142092	24054	6
29	55	58	3885420	0	0	0	0	0
29	55	59	3952410	95700	120780	116892	73752	6
29	55	61	4086390	125280	229680	229680	125280	8
29	55	62	4153380	71166	140580	166788	63726	6
29	56	58	3956064	0	0	0	0	0
29	56	59	4024272	76212	88032	81420	62802	4
29	56	61	4160688	98136	151872	189858	81414	8
29	56	62	4228896	79344	89040	90768	67812	4
29	58	59	4167996	0	0	0	0	0
29	58	61	4309284	0	0	0	0	0
29	58	62	4379928	0	0	0	0	0
29	59	61	4383582	112404	109032	90036	47784	6
29	59	62	4455444	106662	150804	117396	73548	6
29	61	62	4606476	53766	129930	170520	53022	6
31	32	34	1416576	10788	32064	7140	7140	2
31	32	35	1458240	51336	38400	23520	19242	4
31	32	37	1541568	22320	69504	37296	22320	4
31	32	38	1583232	62496	47232	38304	38304	4
31	32	40	1666560	38688	38976	50400	22608	4
31	32	41	1708224	39990	31872	58098	24246	4
31	32	43	1791552	39432	44928	44742	24840	4
31	32	44	1833216	54312	51648	72672	24168	6
31	32	46	1916544	57660	105024	92676	57660	6
31	32	47	1958208	110670	137088	106956	104910	8
31	32	49	2041536	70494	51840	71424	51840	4
31	32	50	2083200	60264	36864	71424	36864	4
31	32	52	2166528	61752	28416	46632	28416	4
31	32	53	2208192	34968	49152	64650	27018	4
31	32	55	2291520	62496	54144	101454	33126	6
31	32	56	2333184	35712	71424	52176	35712	4
31	32	58	2416512	58032	81792	64944	32688	6
31	32	59	2458176	62496	41856	62970	36090	4
31	32	61	2541504	0	0	0	0	0
31	32	62	2583168	0	0	0	0	0
31	34	35	1549380	32736	46512	31920	15192	4
31	34	37	1637916	148614	99552	155160	99552	10
31	34	38	1682184	68448	52428	59832	28584	6
31	34	40	1770720	25296	58548	16320	7956	4
31	34	41	1814988	42036	39576	54612	20142	4
31	34	43	1903524	54870	46104	31992	25086	4
31	34	44	1947792	71052	31824	58608	31824	4
31	34	46	2036328	58032	51408	75888	51408	4
31	34	47	2080596	35712	52632	75888	35712	4
31	34	49	2169132	60264	84048	78516	39456	6
31	34	50	2213400	67704	77112	66300	32472	6
31	34	52	2301936	64728	65892	55104	54732	4
31	34	53	2346204	44826	60792	48336	29730	4
31	34	55	2434740	65658	57936	80178	41010	6
31	34	56	2479008	75888	106284	113832	75888	6
31	34	58	2567544	75888	63852	66828	63852	4
31	34	59	2611812	0	0	0	0	0
31	34	61	2700348	73656	60384	111390	46842	6
31	34	62	2744616	0	0	0	0	0
31	35	37	1686090	15252	59220	25752	7272	4
31	35	38	1731660	42408	76650	42408	40938	4
31	35	40	1822800	44640	39480	52980	29250	4
31	35	41	1868370	30876	79800	64152	25416	6
31	35	43	1959510	34968	53340	11868	10188	4
31	35	44	2005080	15438	14910	39060	14910	2
31	35	46	2096220	67890	74340	63480	31932	6
31	35	47	2141790	56172	49980	36660	28032	4
31	35	49	2232930	67704	57120	93744	39060	6
31	35	50	2278500	55800	34440	64200	29790	4
31	35	52	2369640	65844	73080	97092	46110	6
31	35	53	2415210	54312	38220	66408	29952	4
31	35	55	2506350	98580	50400	72720	33660	6
31	35	56	2551920	61194	78120	73332	46872	6
31	35	58	2643060	33666	6090	696	696	2
31	35	59	2688630	65472	72240	59592	59592	4
31	35	61	2779770	75888	93240	76392	56568	6
31	35	62	2825340	0	0	0	0	0
31	37	38	1830612	68262	67932	56544	29988	6
31	37	40	1926960	10416	63714	44160	10416	4
31	37	41	1975134	47244	90576	59004	29040	6
31	37	43	2071482	172980	126540	182688	126540	10
31	37	44	2119656	51336	60162	44880	30216	4
31	37	46	2216004	32178	91020	72756	29736	6
31	37	47	2264178	64728	70596	97128	41196	6
31	37	49	2360526	23064	69708	25284	10188	4
31	37	50	2408700	72726	111666	123876	72726	6
31	37	52	2505048	60264	45288	82584	45288	4
31	37	53	2553222	82584	37296	61644	37296	4
31	37	55	2649570	58404	58164	46860	33984	4
31	37	56	2697744	38874	5106	2688	2688	2
31	37	58	2794092	82584	53280	63564	53280	4
31	37	59	2842266	69564	123876	115152	69564	6
31	37	61	2938614	75144	71484	82584	71484	4
31	37	62	2986788	0	0	0	0	0
31	38	40	1979040	55800	77976	48960	48960	4
31	38	41	2028516	38874	26904	23370	23370	2
31	38	43	2127468	62682	122664	105876	62682	6
31	38	44	2176944	59148	71592	63000	24036	6
31	38	46	2275896	26040	41496	79488	16380	4
31	38	47	2325372	84630	39672	57528	39672	4
31	38	49	2424324	49290	81168	88050	43584	6
31	38	50	2473800	145080	199728	136716	132768	10
31	38	52	2572752	32736	64068	19968	11988	4
31	38	53	2622228	66402	61560	88314	28824	6
31	38	55	2721180	41478	4560	3630	3630	2
31	38	56	2770656	68820	66804	93216	48456	6
31	38	58	2869608	44640	71364	84816	44640	4
31	38	59	2919084	58776	62472	52392	36432	4
31	38	61	3018036	56358	91656	93966	36600	6
31	38	62	3067512	0	0	0	0	0
31	40	41	2135280	59148	89280	63468	59148	4
31	40	43	2239440	27528	54240	74310	27270	4
31	40	44	2291520	67704	112320	130728	67704	6
31	40	46	2395680	59520	56400	44160	26640	4
31	40	47	2447760	58032	87360	60912	56112	4
31	40	49	2551920	225246	157920	239466	157920	12
31	40	50	2604000	48360	55920	77400	35460	4
31	40	52	2708160	40176	89280	76152	40176	4
31	40	53	2760240	44640	3360	5406	3360	2
31	40	55	2864400	67890	87840	99510	38130	6
31	40	56	2916480	77376	79200	117216	53520	6
31	40	58	3020640	20832	81840	36192	13392	4
31	40	59	3072720	100440	80160	91368	60120	6
31	40	61	3176880	72354	55200	66234	40194	4
31	40	62	3228960	0	0	0	0	0
31	41	43	2295426	31248	57564	91512	31248	4
31	41	44	2348808	40176	91512	69696	40176	4
31	41	46	2455572	16368	82656	41952	13662	4
31	41	47	2508954	71796	72816	84672	43752	6
31	41	49	2615718	61380	91512	76332	61380	4
31	41	50	2669100	62496	67896	91512	62496	4
31	41	52	2775864	45756	2706	6240	2706	2
31	41	53	2829246	50220	80196	91512	50220	4
31	41	55	2936010	70680	40836	66216	40176	4
31	41	56	2989392	80538	116604	103548	40440	8
31	41	58	3096156	50592	79704	67332	42966	4
31	41	59	3149538	91512	77736	82572	77736	4
31	41	61	3256302	30504	75768	30012	14760	4
31	41	62	3309684	0	0	0	0	0
31	43	44	2463384	70122	77400	79728	33690	6
31	43	46	2575356	91512	65016	76176	65016	4
31	43	47	2631342	40548	77400	58092	27648	4
31	43	49	2743314	11532	81012	64680	11532	4
31	43	50	2799300	47988	1290	7800	1290	2
31	43	52	2911272	51336	95976	73008	51336	4
31	43	53	2967258	53940	101136	104244	52908	6
31	43	55	3079230	252216	188856	269172	188856	12
31	43	56	3135216	74586	143964	132936	74586	6
31	43	58	3247188	112902	80496	148176	56178	8
31	43	59	3303174	91512	111456	101088	66228	6
31	43	61	3415146	84072	130032	117528	45888	8
31	43	62	3471132	0	0	0	0	0
31	44	46	2635248	69192	44352	77832	44352	4
31	44	47	2692536	69006	104016	103494	50256	6
31	44	49	2807112	46686	528	8526	528	2
31	44	50	2864400	47988	70488	108504	17688	6
31	44	52	2978976	87792	91872	147312	82488	6
31	44	53	3036264	184140	272976	170712	162492	12
31	44	55	3150840	53196	65472	91014	42966	4
31	44	56	3208128	59520	52800	87072	34992	4
31	44	58	3322704	100440	96888	79032	52620	6
31	44	59	3379992	73470	125136	119196	63756	6
31	44	61	3494568	62496	98208	80214	62496	4
31	44	62	3551856	0	0	0	0	0
31	46	47	2814924	0	0	0	0	0
31	46	49	2934708	70494	113712	113076	55116	6
31	46	50	2994600	49848	68172	88200	33948	4
31	46	52	3114384	93744	56304	78624	56304	4
31	46	53	3174276	79236	81144	102672	75738	4
31	46	55	3294060	80538	101016	106776	61770	6
31	46	56	3353952	56544	86112	77208	46332	4
31	46	58	3473736	126480	86112	131904	55272	8
31	46	59	3533628	115134	124200	143022	52776	8
31	46	61	3653412	279000	221904	297576	221904	12
31	46	62	3713304	0	0	0	0	0
31	47	49	2998506	68076	87984	51156	51156	4
31	47	50	3059700	92628	89394	77400	77118	4
31	47	52	3182088	27156	61476	103620	24660	4
31	47	53	3243282	79608	67116	68988	42948	4
31	47	55	3365670	17484	104904	62040	17484	4
31	47	56	3426864	60264	64296	104904	57576	4
31	47	58	3549252	99324	120132	113004	70842	6
31	47	59	3610446	55800	104904	85728	55800	4
31	47	61	3732834	89652	151152	157356	89652	6
31	47	62	3794028	0	0	0	0	0
31	49	50	3189900	95976	112896	140484	54552	8
31	49	52	3317496	50220	94962	109368	50220	4
31	49	53	3381294	79608	164052	150072	79608	6
31	49	55	3508890	64728	107604	106824	40620	6
31	49	56	3572688	102858	90258	117180	62496	6
31	49	58	3700284	30690	137592	85308	13344	6
31	49	59	3764082	97464	102312	101244	58788	6
31	49	61	3891678	82584	93492	125472	54804	6
31	49	62	3955476	0	0	0	0	0
31	50	52	3385200	102672	122400	146016	46512	8
31	50	53	3450300	70866	110400	103500	40020	6
31	50	55	3580500	84630	155400	167400	84630	6
31	50	56	3645600	214272	316800	212400	196272	12
31	50	58	3775800	78864	55200	86772	45108	4
31	50	59	3840900	128712	97200	149832	58506	8
31	50	61	3971100	85932	120600	156816	66732	6
31	50	62	4036200	0	0	0	0	0
31	52	53	3588312	84630	110448	174096	84630	6
31	52	55	3723720	121644	146640	133602	66204	8
31	52	56	3791424	76632	116064	154800	60168	6
31	52	58	3926832	95604	101400	119892	64092	6
31	52	59	3994536	60822	121680	139782	53976	6
31	52	61	4129944	113646	96720	117324	75516	6
31	52	62	4197648	0	0	0	0	0
31	53	55	3795330	81468	96672	118296	81468	4
31	53	56	3864336	49662	100488	143820	24798	6
31	53	58	4002348	97278	135468	97440	62928	6
31	53	59	4071354	106764	83952	113664	45960	6
31	53	61	4209366	122388	144372	149040	66420	8
31	53	62	4278372	0	0	0	0	0
31	55	56	4010160	102486	136620	135972	79638	6
31	55	58	4153380	71424	103290	122760	71424	4
31	55	59	4224990	102300	142560	139968	83820	6
31	55	61	4368210	120900	106260	114816	106260	4
31	55	62	4439820	0	0	0	0	0
31	56	58	4228896	65844	85680	152484	28608	6
31	56	59	4301808	244404	360864	256680	230292	12
31	56	61	4447632	104904	194880	146952	66600	8
31	56	62	4520544	0	0	0	0	0
31	58	59	4455444	63054	160080	134820	57036	6
31	58	61	4606476	131502	103008	121824	67140	6
31	58	62	4681992	0	0	0	0	0
31	59	61	4685898	76632	71508	108300	51012	4
31	59	62	4762716	0	0	0	0	0
31	61	62	4924164	0	0	0	0	0
32	34	35	1599360	17664	56304	18480	5220	4
32	34	37	1690752	30720	41616	56832	22356	4
32	34	41	1873536	55488	32232	53436	23868	4
32	34	43	1964928	55104	57732	76320	24708	6
32	34	47	2147712	64704	115260	102588	64704	6
32	34	49	2239104	133632	181356	121260	119148	10
32	34	53	2421888	78336	61200	78336	61200	4
32	34	55	2513280	68928	46512	78336	46512	4
32	34	59	2696064	58560	99144	90144	47304	6
32	34	61	2787456	92160	67320	91872	53304	6
32	35	37	1740480	33024	80220	62382	26076	6
32	35	38	1787520	159168	108780	166176	108780	10
32	35	40	1881600	46080	43680	51600	27600	4
32	35	41	1928640	33792	56910	12792	10062	4
32	35	43	2022720	79872	59220	60372	58452	4
32	35	44	2069760	39936	60480	43296	23976	4
32	35	46	2163840	52992	77700	52992	50052	4
32	35	47	2210880	62208	55440	80640	55440	4
32	35	49	2304960	40320	57960	80640	40320	4
32	35	50	2352000	93120	55440	71700	32400	6
32	35	52	2446080	64320	75600	74016	38736	6
32	35	53	2493120	92928	59220	88020	39636	6
32	35	55	2587200	63360	36120	69690	34200	4
32	35	56	2634240	96768	80640	88704	48384	8
32	35	58	2728320	82944	113820	120960	82944	6
32	35	59	2775360	59904	75600	117102	38694	6
32	35	61	2869440	40320	2730	6954	2730	2
32	35	62	2916480	80640	47880	73428	47880	4
32	37	38	1889664	29952	55944	75240	29952	4
32	37	40	1989120	48384	46176	48624	28848	4
32	37	41	2038848	49536	38184	65994	30666	4
32	37	43	2138304	51840	80142	81582	51840	4
32	37	44	2188032	64704	64824	71544	32568	6
32	37	46	2287488	41856	23088	68844	15084	4
32	37	47	2337216	21504	73482	25944	9738	4
32	37	49	2436672	57216	62382	51744	34350	4
32	37	50	2486400	86400	76812	78624	54432	6
32	37	52	2585856	40704	73704	54912	29160	4
32	37	53	2635584	197760	155622	140262	140262	10
32	37	55	2735040	66048	38184	64734	37854	4
32	37	56	2784768	93312	76368	82944	50688	6
32	37	58	2884224	127872	87912	118308	87912	6
32	37	59	2933952	42624	1554	8850	1554	2
32	37	61	3033408	80256	104118	113796	40518	8
32	37	62	3083136	102528	112332	106980	49248	8
32	38	41	2093952	7872	43776	17220	7872	2
32	38	43	2196096	58368	38760	61836	26892	4
32	38	47	2400384	36096	60192	71412	33588	4
32	38	49	2502528	58944	95988	93168	45288	6
32	38	53	2706816	64512	49248	87552	49248	4
32	38	55	2808960	74688	95760	71496	42768	6
32	38	59	3013248	71424	87552	78468	71424	4
32	38	61	3115392	76992	131328	123420	76992	6
32	40	41	2204160	35904	35760	25584	25584	2
32	40	43	2311680	44544	67680	53664	28944	4
32	40	47	2526720	59904	66000	58656	35088	4
32	40	49	2634240	62208	60720	61152	36336	4
32	40	53	2849280	66816	48480	66144	37152	4
32	40	55	2956800	42240	84960	68640	35280	4
32	40	59	3171840	60096	74640	73632	42576	4
32	40	61	3279360	66624	69360	76128	43824	4
32	41	43	2369472	32256	94464	58824	32256	4
32	41	44	2424576	36096	70848	64392	31176	4
32	41	46	2534784	75072	121032	139452	75072	6
32	41	47	2589888	58368	64944	56400	31554	4
32	41	49	2700096	93696	78228	78690	77460	4
32	41	50	2755200	239424	170724	254796	170724	12
32	41	52	2865408	61248	88560	106008	51888	6
32	41	53	2920512	51840	94464	72354	51840	4
32	41	55	3030720	0	0	0	0	0
32	41	56	3085824	107328	94464	142848	59760	8
32	41	58	3196032	96768	97416	97344	67740	6
32	41	59	3251136	29184	79950	31152	14670	4
32	41	61	3361344	90240	75030	130680	58104	6
32	41	62	3416448	92160	129888	140604	60540	8
32	43	44	2542848	75072	75336	143688	69000	6
32	43	46	2658432	70464	83592	89700	42312	6
32	43	47	2716224	110592	92880	117498	47124	8
32	43	49	2831808	75648	86946	95400	47784	6
32	43	50	2889600	31872	47472	96036	20772	4
32	43	52	3005184	52992	85656	99072	52992	4
32	43	53	3062976	41856	7998	318	318	2
32	43	55	3178560	72576	80496	99072	72576	4
32	43	56	3236352	95808	49536	78096	49536	4
32	43	58	3351936	87552	130032	143148	60060	8
32	43	59	3409728	269568	207432	179784	179784	12
32	43	61	3525312	74880	85140	114810	44052	6
32	43	62	3583104	64512	99072	81156	64512	4
32	44	47	2779392	96768	69696	81216	69696	4
32	44	49	2897664	55872	107448	85848	32208	6
32	44	53	3134208	47232	101376	87576	47232	4
32	44	55	3252480	54912	71544	88968	48312	4
32	44	59	3489024	80640	90552	142440	57984	6
32	44	61	3607296	100416	69696	93144	69696	4
32	46	47	2905728	61440	53544	79500	33804	4
32	46	49	3029376	73728	142140	119436	52776	8
32	46	53	3276672	19968	104052	50880	18036	4
32	46	55	3400320	203904	297804	193104	183756	12
32	46	59	3647616	90048	122544	99720	64944	6
32	46	61	3771264	85248	164220	123552	52128	8
32	47	49	3095232	52608	5358	3822	3822	2
32	47	50	3158400	78336	128028	145644	57672	8
32	47	52	3284736	58176	101520	119040	40080	6
32	47	53	3347904	99072	60912	83952	60912	4
32	47	55	3474240	155520	106596	99684	99684	6
32	47	56	3537408	121920	108288	140544	67776	8
32	47	58	3663744	78336	135360	131400	60852	6
32	47	59	3726912	119808	96726	102996	70740	6
32	47	61	3853248	130560	135360	124782	52032	8
32	47	62	3916416	330816	237444	350868	237444	14
32	49	50	3292800	62976	87612	61800	37692	4
32	49	52	3424512	100224	97608	86112	84936	4
32	49	53	3490368	122112	153762	122112	60372	8
32	49	55	3622080	103680	86436	133668	54948	6
32	49	56	3687936	106176	101136	120960	64512	6
32	49	58	3819648	82944	59976	102036	59976	4
32	49	59	3885504	103296	80262	114504	44616	6
32	49	61	4017216	62208	112896	94146	62208	4
32	49	62	4083072	97728	162876	169344	97728	6
32	50	53	3561600	108288	127500	140916	66240	8
32	50	55	3696000	87360	172800	159420	87360	6
32	50	59	3964800	27072	145800	102912	17772	6
32	50	61	4099200	95616	99300	115200	94884	4
32	52	53	3704064	87360	179712	113328	87360	6
32	52	55	3843840	48000	93288	106104	48000	4
32	52	59	4123392	97728	138528	119376	79320	6
32	52	61	4263168	85248	112632	171048	68712	6
32	53	55	3917760	135936	145008	137952	59616	8
32	53	56	3988992	122112	122112	194688	65664	8
32	53	58	4131456	66048	102396	80040	46332	4
32	53	59	4202688	72576	122112	122112	72576	4
32	53	61	4345152	176256	131652	124740	124740	6
32	53	62	4416384	128832	106848	141408	76896	6
32	55	56	4139520	108480	113520	111744	71088	6
32	55	58	4287360	44160	58080	115212	29196	4
32	55	59	4361280	141696	144210	167082	83922	8
32	55	61	4509120	74496	68640	107646	48510	4
32	55	62	4583040	67584	110220	90024	51084	4
32	56	59	4440576	128832	120960	121776	76032	6
32	56	61	4591104	110784	153216	125904	78336	6
32	58	59	4599168	124416	148248	194964	60696	8
32	58	61	4755072	266112	388368	282960	253584	12
32	59	61	4837056	123264	180894	182052	74766	8
32	59	62	4916352	125568	179124	174732	76512	8
32	61	62	5083008	75456	94428	171420	34908	6
34	35	37	1849260	31008	63000	14208	9378	4
34	35	38	1899240	52224	55440	33744	25344	4
34	35	40	1999200	80580	57540	61680	28800	6
34	35	41	2049180	50184	84210	50184	48714	4
34	35	43	2149140	41208	49980	63468	23922	4
34	35	44	2199120	56508	82320	67848	33360	6
34	35	46	2299080	42024	24360	72924	15804	4
34	35	47	2349060	46104	57960	57786	33714	4
34	35	49	2449020	42840	69300	85680	42840	4
34	35	50	2499000	61200	84000	85680	61200	4
34	35	52	2598960	199716	153720	139656	139236	10
34	35	53	2648940	128112	81900	115890	81900	6
34	35	55	2748900	67320	41580	85680	41580	4
34	35	56	2798880	87108	85680	69048	51408	6
34	35	58	2898840	42432	59640	80772	33732	4
34	35	59	2948820	75888	109830	128160	53388	8
34	35	61	3048780	80784	90720	150096	36864	8
34	35	62	3098760	73644	79800	67764	67764	4
34	37	38	2007768	26112	46176	68400	21780	4
34	37	40	2113440	181356	128316	189288	128316	10
34	37	41	2166276	35496	81252	63468	35496	4
34	37	43	2271948	17952	74592	26832	8406	4
34	37	44	2324784	66300	35520	60864	29448	4
34	37	46	2430456	53040	67488	44160	29952	4
34	37	47	2483292	34272	90576	60912	34272	4
34	37	49	2588964	70992	63936	90576	63936	4
34	37	50	2641800	52224	70152	62988	38124	4
34	37	52	2747472	94452	111444	104880	43836	8
34	37	53	2800308	50184	69264	90576	50184	4
34	37	55	2905980	52632	90576	69378	52632	4
34	37	56	2958816	107712	71928	89640	52140	6
34	37	58	3064488	78336	123432	107280	54888	8
34	37	59	3117324	66912	66822	66552	43158	4
34	37	61	3222996	76704	90576	82254	76704	4
34	37	62	3275832	101388	162504	181152	101388	8
34	38	41	2224824	73644	54948	90528	28380	6
34	38	43	2333352	39168	67032	87792	39168	4
34	38	47	2550408	61200	89148	91632	61200	4
34	38	49	2658936	79764	137028	123600	79764	6
34	38	53	2875992	166464	220248	156624	154152	10
34	38	55	2984520	218076	173508	159024	159024	10
34	38	59	3201576	139536	97128	129840	97128	6
34	38	61	3310104	130764	80712	131088	80712	6
34	40	41	2341920	57324	64560	94956	33756	6
34	40	43	2456160	18768	80640	35088	11808	4
34	40	47	2684640	65484	88320	79416	31080	6
34	40	49	2798880	54876	118080	80556	38796	6
34	40	53	3027360	94452	54720	83940	54720	4
34	40	55	3141600	73440	57600	97920	57600	4
34	40	59	3370080	107508	72000	116928	60780	6
34	40	61	3484320	111180	77520	119232	59256	6
34	41	43	2517564	59976	55104	54696	33480	4
34	41	44	2576112	61200	93972	94800	61200	4
34	41	46	2693208	69360	42312	69780	32652	4
34	41	47	2751756	64056	75522	51888	39210	4
34	41	49	2868852	73848	76998	100662	48420	6
34	41	50	2927400	31416	48216	96684	20916	4
34	41	52	3044496	98328	94464	83928	46932	6
34	41	53	3103044	75888	132594	123264	52026	8
34	41	55	3220140	26112	88314	33000	14058	4
34	41	56	3278688	83232	132348	124560	62676	8
34	41	58	3395784	274176	206640	179712	179712	12
34	41	59	3454332	95064	71586	110634	41064	6
34	41	61	3571428	50184	1230	10614	1230	2
34	41	62	3629976	54672	86592	68448	40896	4
34	43	44	2701776	72216	77400	44352	44352	4
34	43	46	2824584	37536	78432	77748	37536	4
34	43	47	2885988	44472	67596	82908	32346	4
34	43	49	3008796	55488	74304	75270	41814	4
34	43	50	3070200	90780	139320	157764	90780	6
34	43	52	3193008	269076	197628	286752	197628	12
34	43	53	3254412	62016	100620	120846	52476	6
34	43	55	3377220	88536	94686	108072	66534	6
34	43	56	3438624	73236	126936	109080	61368	6
34	43	58	3561432	82008	108360	140328	64464	6
34	43	59	3622836	0	0	0	0	0
34	43	61	3745644	47328	75594	20496	17658	4
34	43	62	3807048	105264	61920	86484	61920	4
34	44	47	2953104	102816	123552	117588	45792	8
34	44	49	3078768	25296	93720	30576	11304	4
34	44	53	3330096	103836	102960	95832	62568	6
34	44	55	3455760	58344	83688	84876	58344	4
34	44	59	3707088	60384	91872	87132	50616	4
34	44	61	3832752	296208	231264	204336	204336	12
34	46	47	3087336	79560	76176	108192	73920	4
34	46	49	3218712	107712	79488	91728	79488	4
34	46	53	3481464	107508	115644	102096	59256	6
34	46	55	3612840	124644	132480	132408	55092	8
34	46	59	3875592	90576	129168	137016	68772	6
34	46	61	4006968	110160	109296	139752	78420	6
34	47	49	3288684	102000	80370	94962	38460	6
34	47	50	3355800	58752	94752	115056	58752	4
34	47	52	3490032	101796	107724	172584	96492	6
34	47	53	3557148	95064	98418	118584	67992	6
34	47	55	3691380	51000	8178	1650	1650	2
34	47	56	3758496	126480	148896	128424	51180	8
34	47	58	3892728	62832	95880	88500	56916	4
34	47	59	3959844	115056	74448	93990	74448	4
34	47	61	4094076	115464	75294	107304	44472	6
34	47	62	4161192	78336	159048	186480	66804	8
34	49	50	3498600	72624	57624	88476	39924	4
34	49	52	3638544	93024	147588	157392	67740	8
34	49	53	3708516	56712	6762	3498	3498	2
34	49	55	3848460	110160	70560	95040	70560	4
34	49	56	3918432	112812	119952	128520	68544	6
34	49	58	4058376	122196	123480	116352	85740	6
34	49	59	4128348	107304	160524	121218	59382	8
34	49	61	4268292	117504	116424	150012	83784	6
34	49	62	4338264	80988	138768	135864	72756	6
34	50	53	3784200	97920	165600	150240	68664	8
34	50	55	3927000	92820	183600	116640	92820	6
34	50	59	4212600	246024	349200	241344	228024	12
34	50	61	4355400	134640	137100	163680	83268	8
34	52	53	3935568	74256	97032	66144	43992	4
34	52	55	4084080	62424	127296	111828	62424	4
34	52	59	4381104	103836	190944	178980	103836	6
34	52	61	4529616	21216	127296	76128	21216	4
34	53	55	4162620	112608	125610	105930	54732	6
34	53	56	4238304	116280	115116	104832	101652	4
34	53	58	4389672	44472	59784	121596	30204	4
34	53	59	4465356	79968	135468	175320	65454	6
34	53	61	4616724	153408	164088	136152	73104	8
34	53	62	4692408	158916	143736	194700	78984	8
34	55	56	4398240	93024	134640	108864	93024	4
34	55	58	4555320	139536	183480	190164	81072	8
34	55	59	4633860	115056	140580	117588	61266	6
34	55	61	4790940	121584	106590	155160	78048	6
34	55	62	4869480	77724	146520	146184	59244	6
34	56	59	4718112	99756	119616	140760	53736	6
34	56	61	4878048	77724	147168	153456	53196	6
34	58	59	4886616	100368	91872	129048	86208	4
34	58	61	5052264	85680	141984	141984	85680	4
34	59	61	5139372	157488	125316	132126	93492	6
34	59	62	5223624	76500	97704	180516	36696	6
34	61	62	5400696	146880	206424	200028	109308	8
35	37	38	2066820	9240	63048	47424	9240	4
35	37	40	2175600	58800	53280	49920	31050	4
35	37	41	2229990	16800	38184	8364	8364	2
35	37	43	2338770	33180	66600	50052	22968	4
35	37	44	2393160	91770	58608	58608	57138	4
35	37	46	2501940	60480	55056	45816	28386	4
35	37	47	2556330	90720	64380	84036	41436	6
35	37	49	2665110	86100	80808	99540	46620	6
35	37	50	2719500	53760	66600	56820	32670	4
35	37	52	2828280	50400	93240	79068	50400	4
35	37	53	2882670	69300	93240	79692	69300	4
35	37	55	2991450	93240	73260	80940	73260	4
35	37	56	3045840	93240	55944	81564	55944	4
35	37	58	3154620	67830	114552	109260	50430	6
35	37	59	3209010	90300	66600	105276	38856	6
35	37	61	3317790	61740	99900	100560	39000	6
35	37	62	3372180	103740	69486	97956	55836	6
35	38	40	2234400	57120	54720	48000	28620	4
35	38	41	2290260	219240	139536	227706	139536	12
35	38	43	2401980	94080	61104	75594	37992	6
35	38	44	2457840	26880	79344	23232	10692	4
35	38	46	2569560	70560	78888	76032	30540	6
35	38	47	2625420	81480	75696	66834	27672	6
35	38	49	2737140	90930	47880	79338	47880	4
35	38	50	2793000	75600	68400	95760	68400	4
35	38	52	2904720	92820	71136	71136	68196	4
35	38	53	2960580	91980	97584	93174	49572	6
35	38	55	3072300	55440	75240	95760	55440	4
35	38	56	3128160	95340	97356	110376	57456	6
35	38	58	3239880	104160	63156	97992	52236	6
35	38	59	3295740	74550	93936	103902	60126	6
35	38	61	3407460	84420	80256	110832	44766	6
35	38	62	3463320	99960	80940	122280	41136	6
35	40	41	2410800	40320	98400	59040	40320	4
35	40	43	2528400	60480	99840	61920	59520	4
35	40	44	2587200	70560	93600	63360	63360	4
35	40	46	2704800	90720	76320	66240	66240	4
35	40	47	2763600	99330	67680	67680	66210	4
35	40	49	2881200	100590	50400	70560	50400	4
35	40	52	3057600	57120	79440	74880	39960	4
35	40	53	3116400	64050	106560	125610	46560	6
35	40	56	3292800	87360	102480	129360	60480	6
35	40	58	3410400	102900	93360	130380	63360	6
35	40	59	3469200	104580	84960	130890	58710	6
35	40	61	3586800	107100	67680	131910	48570	6
35	40	62	3645600	113820	109440	164040	48960	8
35	41	43	2591610	32340	64452	81588	32340	4
35	41	44	2651880	15960	85608	46464	15714	4
35	41	46	2772420	100590	47232	44712	44502	4
35	41	47	2832690	252420	175152	265752	175152	12
35	41	49	2953230	103320	89544	86940	51660	6
35	41	50	3013500	72030	119310	70800	42510	6
35	41	52	3134040	69090	77982	59280	43752	4
35	41	53	3194310	24360	92496	33708	13536	4
35	41	55	3314850	100380	81180	80700	78240	4
35	41	56	3375120	78120	61992	103320	61992	4
35	41	58	3495660	108360	178596	206640	108360	8
35	41	59	3555930	86520	107748	93456	45684	6
35	41	61	3676470	106680	85116	110952	72732	6
35	41	62	3736740	93240	101844	143172	64950	6
35	43	44	2781240	65520	53664	75300	42534	4
35	43	46	2907660	68040	56760	63480	38070	4
35	43	47	2970870	10500	81528	68808	10500	4
35	43	49	3097290	108360	93912	80640	54180	6
35	43	50	3160500	106890	77400	77400	75930	4
35	43	52	3286920	25620	62436	96612	24372	4
35	43	53	3350130	107520	81528	109512	59532	6
35	43	55	3476550	73500	136740	83820	50280	6
35	43	56	3539760	75390	110166	111720	65016	6
35	43	58	3666180	90930	122292	85500	52992	6
35	43	59	3729390	46200	79980	21948	17820	4
35	43	61	3855810	111300	71208	107616	42936	6
35	43	62	3919020	51450	6450	3720	3720	2
35	44	46	2975280	87780	160248	88044	81708	6
35	44	47	3039960	57330	87648	109698	32784	6
35	44	49	3169320	110880	70224	108360	55440	6
35	44	50	3234000	53760	79200	84540	47160	4
35	44	52	3363360	100800	180840	218424	100800	8
35	44	53	3428040	284550	211728	303378	211728	12
35	44	55	3557400	60060	87120	82830	57420	4
35	44	56	3622080	110880	133056	148512	66528	8
35	44	58	3751440	107940	91872	89196	88932	4
35	44	59	3816120	59220	110880	99690	59220	4
35	44	61	3945480	54390	5808	4758	4758	2
35	44	62	4010160	21840	106392	46128	17352	4
35	46	47	3178140	93450	168360	147636	93450	6
35	46	49	3313380	115920	115920	144690	57960	8
35	46	50	3381000	50400	82800	115920	50400	4
35	46	52	3516240	61740	127236	100776	40080	6
35	46	53	3583860	114450	87768	87768	86298	4
35	46	55	3719100	83160	91080	115920	83160	4
35	46	56	3786720	115920	90804	122472	69552	6
35	46	58	3921960	232680	327612	220320	212532	12
35	46	59	3989580	57960	4416	6726	4416	2
35	46	61	4124820	73080	106536	115920	73080	4
35	46	62	4192440	99960	90252	138612	51936	6
35	47	49	3385410	118440	118440	127260	59220	8
35	47	50	3454500	113400	84600	97200	84600	4
35	47	52	3592680	119280	74730	120996	65136	6
35	47	53	3661770	17220	106032	67416	17220	4
35	47	55	3799950	75180	149460	82980	49800	6
35	47	56	3869040	118440	142128	156744	71064	8
35	47	58	4007220	59220	3666	7656	3666	2
35	47	59	4076310	352380	247596	374232	247596	14
35	47	61	4214490	115500	100956	98016	98016	4
35	47	62	4283580	126000	116748	132876	85674	6
35	49	50	3601500	87150	142590	109200	63000	6
35	49	52	3745560	96810	139650	113568	65520	6
35	49	53	3817590	84420	105840	66780	66780	4
35	49	55	3961650	95760	97020	69300	69300	4
35	49	58	4177740	125790	114660	126672	73080	6
35	49	59	4249770	118440	129360	128856	74340	6
35	49	61	4393830	129780	188160	153720	76860	8
35	49	62	4465860	145110	158760	156240	78120	8
35	50	52	3822000	93240	55800	93600	55800	4
35	50	53	3895500	82950	128400	154230	70200	6
35	50	56	4116000	115920	75600	100800	75600	4
35	50	58	4263000	110040	104400	166020	68280	6
35	50	59	4336500	75600	126000	103710	75600	4
35	50	61	4483500	74550	147600	168090	65400	6
35	50	62	4557000	115920	124200	168780	84720	6
35	52	53	4051320	0	0	0	0	0
35	52	55	4204200	84630	165360	138270	75240	6
35	52	56	4280640	100800	78624	115584	78624	4
35	52	58	4433520	66780	90792	159480	30936	6
35	52	59	4509960	129570	109824	108354	108354	4
35	52	61	4662840	268380	376272	267192	251532	12
35	52	62	4739280	132720	110760	150336	91536	6
35	53	55	4285050	92400	146280	127380	63780	6
35	53	56	4362960	106050	135786	159516	80136	6
35	53	58	4518780	133140	114798	148212	83532	6
35	53	59	4596690	70560	139284	157632	61584	6
35	53	61	4752510	112560	200340	189192	112560	6
35	53	62	4830420	18480	128154	92256	18480	4
35	55	56	4527600	98070	140910	178080	83160	6
35	55	58	4689300	124740	124410	114540	110550	4
35	55	59	4770150	93240	144540	230640	61380	8
35	55	61	4931850	101640	120780	164460	68700	6
35	55	62	5012700	137130	119130	117660	117660	4
35	56	58	4774560	146160	173376	175392	87696	8
35	56	59	4856880	148680	208992	178416	89208	8
35	56	61	5021520	138600	153888	156282	92232	6
35	56	62	5103840	140700	139104	158844	93744	6
35	58	59	5030340	118440	254736	292320	118440	8
35	58	61	5200860	74970	178176	154332	64356	6
35	58	62	5286120	51240	66120	135204	35244	4
35	59	61	5290530	126000	162132	297360	126000	8
35	59	62	5377260	181440	144432	165108	94548	8
35	61	62	5559540	139440	170922	200364	89826	8
37	38	40	2362080	23088	76608	24000	9180	4
37	38	41	2421132	46176	68400	45264	26568	4
37	38	43	2539236	81030	93936	80238	44244	6
37	38	44	2598288	83028	92796	74712	35772	6
37	38	46	2716392	93240	36936	66240	36936	4
37	38	47	2775444	51060	60648	79524	32166	4
37	38	49	2893548	73260	80712	88248	35412	6
37	38	50	2952600	48840	29640	88716	20340	4
37	38	52	3070704	114552	74100	86184	48888	6
37	38	53	3129756	46620	75240	101232	46620	4
37	38	55	3247860	98790	151392	138522	98790	6
37	38	56	3306912	202020	278844	177840	177168	12
37	38	58	3425016	140304	83220	140556	83220	6
37	38	59	3484068	90354	64296	101232	64296	4
37	38	61	3602172	116994	98496	92340	73188	6
37	38	62	3661224	86136	42864	77028	42864	4
37	40	41	2548560	36408	72000	75666	35928	4
37	40	43	2672880	247752	164160	257358	164160	12
37	40	44	2735040	80808	77520	97632	45552	6
37	40	46	2859360	46176	75840	15456	15456	4
37	40	47	2921520	86802	153600	84882	80562	6
37	40	49	3045840	47064	83520	57624	32184	4
37	40	50	3108000	57720	74880	67980	43560	4
37	40	52	3232320	85248	77760	106560	77760	4
37	40	53	3294480	77256	104640	80136	75336	4
37	40	55	3418800	81030	104640	108720	56550	6
37	40	56	3480960	92352	113520	123840	63360	6
37	40	58	3605280	130980	122400	143412	53136	8
37	40	59	3667440	66600	87840	106560	66600	4
37	40	61	3791760	111666	73920	109122	63042	6
37	40	62	3853920	98124	105120	100152	59832	6
37	41	43	2739702	15540	86100	48504	15540	4
37	41	44	2803416	89022	101844	100548	59220	6
37	41	46	2930844	78588	101844	71208	71208	4
37	41	47	2994558	82140	68388	53016	41304	4
37	41	49	3121986	20424	95940	34692	12060	4
37	41	50	3185700	109002	56088	77400	56088	4
37	41	52	3313128	64602	62730	122004	24042	6
37	41	53	3376842	102120	92496	76320	36192	6
37	41	55	3504270	86136	97416	139752	57756	6
37	41	56	3567984	51504	75030	95604	50832	4
37	41	58	3695412	98346	100122	100548	57498	6
37	41	59	3759126	135864	97416	149484	65568	8
37	41	61	3886554	87912	137268	118296	67740	6
37	41	62	3950268	79698	82902	75144	53376	4
37	43	44	2940168	50616	71208	113244	50616	4
37	43	46	3073812	28638	120486	71208	10320	6
37	43	47	3140634	70152	75852	60348	38160	4
37	43	49	3274278	282828	202272	298008	202272	12
37	43	50	3341100	98790	86430	94200	49134	6
37	43	52	3474744	87246	86688	119676	48288	6
37	43	53	3541566	123432	86172	103068	56448	6
37	43	55	3675210	43512	88752	24420	17712	4
37	43	56	3742032	85248	60888	81312	47790	4
37	43	58	3875676	87912	71208	114552	71208	4
37	43	59	3942498	103896	143964	168432	70620	8
37	43	61	4076142	105672	115068	94428	48912	6
37	43	62	4142964	130314	202788	229104	130314	8
37	44	46	3145296	99012	78936	89148	44304	6
37	44	47	3213672	74592	62832	69936	43074	4
37	44	49	3350424	80142	97152	118686	58020	6
37	44	50	3418800	106560	93456	82800	82800	4
37	44	52	3555552	106560	224928	189960	106560	8
37	44	53	3623928	82584	79728	69960	51534	4
37	44	55	3760680	63492	90288	78738	51876	4
37	44	56	3829056	117216	128040	139392	67080	8
37	44	58	3965808	55056	80256	18096	18096	4
37	44	59	4034184	239982	330000	223416	218334	12
37	44	61	4170936	88578	102960	134418	54120	6
37	44	62	4239312	152292	114048	157392	69924	8
37	46	47	3359748	80142	111504	92214	41352	6
37	46	49	3502716	48840	96048	76440	39456	4
37	46	50	3574200	53280	122544	86400	53280	4
37	46	52	3717168	105672	154008	115248	56268	8
37	46	53	3788652	95238	98256	112788	45948	6
37	46	55	3931620	316794	241224	337926	241224	12
37	46	56	4003104	122544	207000	243960	122544	8
37	46	58	4146072	106560	137448	132264	81444	6
37	46	59	4217556	91686	115920	163224	66552	6
37	46	61	4360524	77256	122544	101166	77256	4
37	46	62	4432008	120768	82800	112236	82800	4
37	47	49	3578862	87912	140436	165504	63804	8
37	47	50	3651900	82584	87984	125208	82584	4
37	47	52	3797976	16872	106314	69888	16872	4
37	47	53	3871014	67932	125208	106848	67932	4
37	47	55	4017090	133200	107160	118044	80748	6
37	47	56	4090128	50172	46812	114348	27324	4
37	47	58	4236204	101010	187812	121068	101010	6
37	47	59	4309242	135864	144384	161724	78336	8
37	47	61	4455318	69264	106032	125208	69264	4
37	47	62	4528356	96570	111672	145932	62448	6
37	49	50	3807300	114552	204918	247536	114552	8
37	49	52	3959592	125208	95256	108576	95256	4
37	49	53	4035738	45732	99372	102792	45732	4
37	49	55	4188030	30636	153468	102960	17700	6
37	49	56	4264176	122766	130536	109536	74592	6
37	49	58	4416468	108114	146412	142524	85476	6
37	49	59	4492614	125208	97608	158724	65040	6
37	49	61	4644906	391164	282828	416256	282828	14
37	49	62	4721052	65268	4998	7440	4998	2
37	50	52	4040400	116772	122700	197160	111468	6
37	50	53	4118100	128094	100200	125748	68694	6
37	50	55	4273500	101010	126600	141840	83010	6
37	50	56	4351200	60384	95700	118944	49968	4
37	50	58	4506600	66600	92700	160560	31452	6
37	50	59	4584300	79920	119400	133200	79920	4
37	50	61	4739700	66600	4200	8418	4200	2
37	50	62	4817400	277944	381600	271584	259944	12
37	52	53	4282824	104118	156624	138966	80316	6
37	52	55	4444440	117216	187200	148428	59184	8
37	52	56	4525248	106560	108576	138528	102864	4
37	52	58	4686864	127872	86112	112752	86112	4
37	52	59	4767672	69264	2496	10266	2496	2
37	52	61	4929288	75924	138528	125994	75924	4
37	52	62	5010096	104784	185640	165312	68868	8
37	53	55	4529910	134976	111936	137916	72648	6
37	53	56	4612272	122544	194298	153288	89010	8
37	53	58	4776996	67710	1590	11136	1590	2
37	53	59	4859358	111888	116388	87084	87084	4
37	53	61	5024082	41292	177444	96624	19668	6
37	53	62	5106444	121212	165996	162108	96090	6
37	55	56	4786320	0	0	0	0	0
37	55	58	4957260	133200	168300	205500	97704	8
37	55	59	5042730	105228	146520	121068	105228	4
37	55	61	5213670	73260	147180	180924	67404	6
37	55	62	5299140	152958	144540	153612	105342	6
37	56	58	5047392	140748	153216	125628	81288	6
37	56	59	5134416	138528	173376	216648	74808	8
37	56	61	5308464	118770	173376	150720	98640	6
37	56	62	5395488	51504	67872	141924	36252	4
37	58	59	5317788	115662	174000	189828	99654	6
37	58	61	5498052	169386	252648	217800	98850	10
37	58	62	5588184	109224	142680	164304	64956	6
37	59	61	5592846	133200	314352	169356	133200	8
37	59	62	5684532	198246	169920	136620	132402	6
37	61	62	5877228	141192	325008	287496	141192	8
38	40	41	2617440	18240	83520	39360	13680	4
38	40	43	2745120	93024	122160	97008	40884	8
38	40	47	3000480	95532	69360	115632	48600	6
38	40	49	3128160	77292	96000	93528	37896	6
38	40	53	3383520	60192	90720	109440	60192	4
38	40	55	3511200	83220	148320	149700	83220	6
38	40	59	3766560	303468	227520	202896	202668	12
38	40	61	3894240	217284	120720	188496	120720	8
38	41	43	2813748	51072	67896	81114	40986	4
38	41	44	2879184	262656	177120	272832	177120	12
38	41	46	3010056	51984	103320	84456	51984	4
38	41	47	3075492	18696	48954	11562	11562	2
38	41	49	3206364	62472	59532	89964	36306	4
38	41	50	3271800	82992	72816	45600	43632	4
38	41	52	3402672	82308	126936	86040	58200	6
38	41	53	3468108	90288	82656	112176	82656	4
38	41	55	3598980	61104	90282	83478	45594	4
38	41	56	3664416	139536	133332	120936	62784	8
38	41	58	3795288	112176	59040	89844	59040	4
38	41	59	3860724	87552	126936	134676	65166	6
38	41	61	3991596	72504	94464	112176	72504	4
38	41	62	4057032	109212	90528	117012	69780	6
38	43	44	3019632	84816	123840	136704	50520	8
38	43	46	3156888	99636	93912	116196	58392	6
38	43	47	3225516	56088	88236	111558	56088	4
38	43	49	3362772	88920	93654	98808	44544	6
38	43	50	3431400	93480	95976	103824	44976	6
38	43	52	3568656	83220	154800	158040	83220	6
38	43	53	3637284	41952	93138	25440	17442	4
38	43	55	3774540	79800	136482	122184	67674	6
38	43	56	3843168	147744	139836	100800	52284	8
38	43	58	3980424	83904	82560	57072	48816	4
38	43	59	4049052	59736	94170	95286	59736	4
38	43	61	4186308	95304	121776	113094	53832	6
38	43	62	4254936	328092	253872	229248	229020	12
38	44	47	3300528	25536	101376	36096	14184	4
38	44	49	3440976	101460	174504	101724	95388	6
38	44	53	3721872	102828	153648	125700	55572	8
38	44	55	3862320	65208	91872	76692	49104	4
38	44	59	4143216	93024	76032	120384	76032	4
38	44	61	4283664	117648	117216	148032	84156	6
38	46	47	3450552	120612	87492	102648	52848	6
38	46	49	3597384	83220	160632	161712	83220	6
38	46	53	3891048	117648	241776	205392	117648	8
38	46	55	4037880	71136	125856	109128	71136	4
38	46	59	4331544	103740	188784	122400	103740	6
38	46	61	4478376	262884	357420	248832	242736	12
38	47	49	3675588	83448	72192	71736	48024	4
38	47	50	3750600	74556	118440	112296	45228	6
38	47	52	3900624	97812	109980	118584	49452	6
38	47	53	3975636	99864	99828	124080	56964	6
38	47	55	4125660	107160	97854	134202	68214	6
38	47	56	4200672	372096	257184	394488	257184	14
38	47	58	4350696	134064	219960	257184	134064	8
38	47	59	4425708	123120	143538	125892	87588	6
38	47	61	4575732	84816	165816	207648	69078	8
38	47	62	4650744	127224	138744	144648	92256	6
38	49	50	3910200	97128	128184	93600	91248	4
38	49	52	4066608	71136	129948	71136	67020	4
38	49	53	4144812	66120	78204	112572	45450	4
38	49	55	4301220	94392	102312	134064	94392	4
38	49	56	4379424	153216	134064	151368	76608	8
38	49	58	4535832	44232	62328	133500	31356	4
38	49	59	4614036	71136	109368	134064	71136	4
38	49	61	4770444	134064	88200	111318	88200	4
38	49	62	4848648	106476	119952	183096	77088	6
38	50	53	4229400	131328	100800	114480	100800	4
38	50	55	4389000	103740	133500	131760	71340	6
38	50	59	4708200	102372	152700	166104	87672	6
38	50	61	4867800	144780	132900	138672	81216	6
38	52	53	4398576	105336	78624	118296	78624	4
38	52	55	4564560	139764	99528	138456	79860	6
38	52	59	4896528	20976	131352	82128	20976	4
38	52	61	5062512	120384	177840	145800	93864	6
38	53	55	4652340	138624	92538	127050	52764	6
38	53	56	4736928	106704	172356	215568	84564	8
38	53	58	4906104	52896	119568	113916	52896	4
38	53	59	4990692	134064	91584	118944	91584	4
38	53	61	5159868	65208	9858	2562	2562	2
38	53	62	5244456	127452	156456	181872	101736	6
38	55	56	4915680	103284	140580	149832	59268	6
38	55	58	5091240	129732	154440	167112	98760	6
38	55	59	5179020	71592	8250	4602	4602	2
38	55	61	5354580	126312	146190	171864	102552	6
38	55	62	5442360	77292	102960	189072	38976	6
38	56	59	5273184	127452	173376	157320	100872	6
38	56	61	5451936	115596	130368	160056	63624	6
38	58	59	5461512	106020	164952	154392	64608	6
38	58	61	5646648	116508	169128	197928	97476	6
38	59	61	5744004	150480	161778	119682	70476	6
38	59	62	5838168	168264	210984	212772	105768	8
38	61	62	6036072	120384	152256	111600	105744	4
40	41	43	2961840	53760	77736	13416	13416	4
40	41	44	3030720	96240	89544	70488	34464	6
40	41	46	3168480	129360	129888	105984	55560	8
40	41	47	3237360	116160	82410	102930	52704	6
40	41	49	3375120	117120	79704	81144	78744	4
40	41	50	3444000	82320	95940	96900	35160	6
40	41	52	3581760	86640	107256	118944	63024	6
40	41	53	3650640	93600	92250	111192	47352	6
40	41	55	3788400	60960	88560	88410	54810	4
40	41	56	3857280	128160	102336	109440	69120	6
40	41	58	3995040	72000	103320	118080	72000	4
40	41	59	4063920	98400	163590	164454	98400	6
40	41	61	4201680	330240	250920	227880	226920	12
40	41	62	4270560	234480	133332	205128	133332	8
40	43	44	3178560	48000	86688	68640	36648	4
40	43	46	3323040	293760	204336	305076	204336	12
40	43	47	3395280	100320	120744	119448	69618	6
40	43	49	3539760	38400	101910	27048	16470	4
40	43	50	3612000	70080	67080	99000	43380	4
40	43	52	3756480	101280	112488	88920	47616	6
40	43	53	3828720	179520	114810	112890	108570	6
40	43	55	3973200	117600	94170	185760	94170	6
40	43	56	4045440	138000	123840	164160	76080	8
40	43	58	4189920	114000	126936	108924	67896	6
40	43	59	4262160	121920	99072	100506	97152	4
40	43	61	4406640	137280	118938	136584	76104	6
40	43	62	4478880	132480	111456	153432	81456	6
40	44	47	3474240	100800	120384	157920	55128	8
40	44	49	3622080	146640	82368	164640	59256	8
40	44	53	3917760	78480	125664	115752	46680	6
40	44	55	4065600	102960	96360	118800	44880	6
40	44	59	4361280	77760	126720	112920	77760	4
40	44	61	4509120	109200	190080	124848	109200	6
40	46	47	3632160	63360	120888	98136	63360	4
40	46	49	3786720	19200	109020	61152	19200	4
40	46	53	4095840	111360	103500	123480	53256	6
40	46	55	4250400	127680	100740	116400	55920	6
40	46	59	4559520	100800	188508	166464	74028	8
40	46	61	4714080	103680	86112	132480	86112	4
40	47	49	3869040	67680	67680	135360	65622	4
40	47	50	3948000	89280	73320	99780	58260	4
40	47	52	4105920	139680	122952	91416	65232	6
40	47	53	4184880	98400	177660	180252	98400	6
40	47	55	4342800	134400	101520	102960	100560	4
40	47	56	4421760	155520	135360	155520	85488	8
40	47	58	4579680	43680	63168	134148	31500	4
40	47	59	4658640	102240	76704	90624	58464	4
40	47	61	4816560	48000	109698	32208	22338	4
40	47	62	4895520	138000	121824	136872	75504	6
40	49	50	4116000	92160	76440	96060	59820	4
40	49	52	4280640	77040	128184	136704	54384	6
40	49	53	4362960	116160	115248	121158	63888	6
40	49	55	4527600	101280	170520	158400	56430	8
40	49	56	4609920	161280	141120	151200	80640	8
40	49	58	4774560	411840	292824	437184	292824	14
40	49	59	4856880	205440	146412	140652	140172	6
40	49	61	5021520	163680	181398	169014	77244	8
40	49	62	5103840	158400	246960	282240	158400	8
40	50	53	4452000	98160	129300	124020	53880	6
40	50	59	4956000	96720	114900	92040	67620	4
40	50	61	5124000	104880	108300	95160	69180	4
40	52	53	4630080	132720	219336	138648	127416	6
40	52	55	4804800	207600	113880	143880	113880	6
40	52	59	5154240	65760	110760	132936	58680	4
40	52	61	5328960	123840	192504	228816	101232	8
40	53	55	4897200	74880	114480	152640	74880	4
40	53	56	4986240	131280	132288	135408	80688	6
40	53	58	5164320	168240	187620	167844	95736	8
40	53	59	5253360	146880	167586	137706	89640	6
40	53	61	5431440	151680	125928	127194	124968	4
40	53	62	5520480	77040	104940	190152	39468	6
40	55	56	5174400	142320	137280	122640	80880	6
40	55	58	5359200	157440	185460	177480	68280	8
40	55	59	5451600	207360	142560	205320	97530	8
40	55	61	5636400	146880	102960	131760	102960	4
40	55	62	5728800	135120	222420	135000	119940	6
40	56	59	5550720	150960	162960	147264	90480	6
40	56	61	5738880	175440	240240	175680	104880	8
40	58	59	5748960	121680	149292	172728	71412	6
40	58	61	5943840	161280	217152	211620	110820	8
40	59	61	6046320	83040	8142	6222	6222	2
40	59	62	6145440	167040	221604	223200	115044	8
40	61	62	6353760	124560	188856	166284	76980	6
41	43	44	3258024	28536	99072	29568	12798	4
41	43	46	3406116	66174	143964	85008	44760	6
41	43	47	3480162	36408	103716	27636	15768	4
41	43	49	3628254	77244	93396	53508	43704	4
41	43	50	3702300	95940	119196	88200	88200	4
41	43	52	3850392	126690	68112	91728	68112	4
41	43	53	3924438	169248	131580	106848	63684	8
41	43	55	4072530	137268	145512	165108	72252	8
41	43	56	4146576	49692	49020	124620	28188	4
41	43	58	4294668	69864	99072	87828	54126	4
41	43	59	4368714	100860	75336	98160	53388	4
41	43	61	4516806	81180	126936	114708	81180	4
41	43	62	4590852	111930	190404	125964	111930	6
41	44	46	3485328	95940	88440	114540	46608	6
41	44	47	3561096	309960	218592	321846	218592	12
41	44	49	3712632	116358	117744	128448	76788	6
41	44	50	3788400	49200	100056	22800	19368	4
41	44	52	3939936	116112	188760	116376	110040	6
41	44	53	4015704	77736	98736	59784	46584	4
41	44	55	4167240	105534	102432	118470	46596	6
41	44	56	4243008	124968	101112	194832	101112	6
41	44	58	4394544	159900	114048	175824	75948	8
41	44	59	4470312	121278	119328	126540	72174	6
41	44	61	4621848	101598	146256	159372	81756	6
41	44	62	4697616	141204	171072	182868	85764	8
41	46	47	3722964	88806	118128	133950	62892	6
41	46	49	3881388	124230	92184	134928	58668	6
41	46	50	3960600	143664	94668	111096	69768	6
41	46	52	4119024	123984	162288	168480	67824	8
41	46	53	4198236	108978	105984	122592	57156	6
41	46	55	4356660	109962	107088	129276	54852	6
41	46	56	4435872	33456	121164	38976	18828	4
41	46	58	4594296	64944	95220	161856	31188	6
41	46	59	4673508	144648	266616	231372	144648	8
41	46	61	4831932	78720	109848	73200	52776	4
41	46	62	4911144	142680	134136	114204	75096	6
41	47	49	3965766	67896	106032	138180	43752	6
41	47	50	4046700	15744	106878	74400	15744	4
41	47	52	4208568	73800	98136	138744	73800	4
41	47	53	4289502	388188	262260	407136	262260	14
41	47	55	4451370	115620	121260	132732	80088	6
41	47	56	4532304	72816	104904	102144	57870	4
41	47	58	4694172	142926	130284	109968	74196	6
41	47	59	4775106	46248	114492	33276	21996	4
41	47	61	4936974	115620	182172	178272	69372	8
41	47	62	5017908	109224	91368	138744	91368	4
41	49	50	4218900	143418	121716	100200	71532	6
41	49	52	4387656	97416	69384	108516	64710	4
41	49	53	4472034	30012	128772	47064	20016	4
41	49	55	4640790	102828	147000	147180	83532	6
41	49	56	4725168	111930	129066	145992	82656	6
41	49	58	4893924	126936	119364	135720	70902	6
41	49	59	4978302	167280	130536	201996	81948	8
41	49	61	5147058	76260	118188	114780	65088	4
41	49	62	5231436	143172	155232	137796	85614	6
41	50	52	4477200	109224	117000	78624	78624	4
41	50	53	4563300	52152	112200	111642	52152	4
41	50	55	4735500	111930	141600	117810	62880	6
41	50	56	4821600	83148	185400	115248	63048	6
41	50	58	4993800	73800	170700	133980	57336	6
41	50	59	5079900	432468	311400	459288	311400	14
41	50	61	5252100	112176	147600	122478	112176	4
41	50	62	5338200	190896	181800	154524	77496	8
41	52	53	4745832	125706	128544	147348	82650	6
41	52	55	4924920	116358	116688	227094	108768	6
41	52	56	5014464	153504	295776	254496	153504	8
41	52	58	5193552	141696	132912	121104	121104	4
41	52	59	5283096	114882	154128	170208	96162	6
41	52	61	5462184	160638	146640	127260	97932	6
41	52	62	5551728	51168	70512	153504	37404	4
41	53	55	5019630	76752	156456	116820	76752	4
41	53	56	5110896	217218	121794	152544	121794	6
41	53	58	5293428	162360	263622	308460	162360	8
41	53	59	5384694	41328	188892	106200	22884	6
41	53	61	5567226	118080	139284	166800	79284	6
41	53	62	5658492	113406	170130	178668	100758	6
41	55	56	5303760	162360	162360	313560	148248	8
41	55	58	5493180	94464	162360	141984	94464	4
41	55	59	5587890	191880	146520	183840	90852	8
41	55	61	5777310	180072	144540	152256	111084	6
41	55	62	5872020	31734	201960	149544	29424	6
41	56	58	5593056	155964	134736	226728	128820	6
41	56	59	5689488	132840	233856	207792	98568	8
41	56	61	5882352	83394	162624	198312	76008	6
41	56	62	5978784	153504	108864	138384	108864	4
41	58	59	5892684	141942	177480	191808	110436	6
41	58	61	6092436	165312	249168	219600	104760	8
41	58	62	6192312	147600	213324	254448	107424	8
41	59	61	6197478	176136	136644	168336	96012	6
41	59	62	6299076	171216	229392	225504	126612	8
41	61	62	6512604	76998	366	14880	366	2
43	44	46	3655344	45408	107712	24288	18216	4
43	44	47	3734808	93912	90816	48504	48504	4
43	44	49	3893736	103974	115104	110838	58038	6
43	44	50	3973200	117132	124872	125700	71496	6
43	44	52	4132128	105264	128304	97344	97344	4
43	44	53	4211592	135966	74448	99216	74448	4
43	44	55	4370520	73788	82896	116820	51678	4
43	44	56	4449984	116616	116952	144720	81768	6
43	44	58	4608912	63984	41712	124836	30924	4
43	44	59	4688376	69144	106128	105990	67032	4
43	44	61	4847304	134934	163152	173556	74742	8
43	44	62	4926768	145512	112728	144780	79248	6
43	46	47	3904572	75078	111504	127182	45984	6
43	46	49	4070724	343656	248400	356682	248400	12
43	46	50	4153800	152736	145728	144000	64128	8
43	46	52	4319952	75852	147108	40248	17340	6
43	46	53	4403028	135966	91632	147528	71676	6
43	46	55	4569180	94944	102120	60720	54648	4
43	46	56	4652256	85140	146280	132720	55236	6
43	46	58	4818408	140352	115644	213624	115644	6
43	46	59	4901484	138030	87768	126078	87768	4
43	46	61	5067636	172344	187128	144936	77478	8
43	46	62	5150712	134160	173604	184824	84204	8
43	47	49	4159218	38700	154536	77616	16140	6
43	47	50	4244100	134934	137334	108600	67134	6
43	47	52	4413864	135966	126900	149508	91038	6
43	47	53	4498746	93396	103212	82680	58428	4
43	47	55	4668510	42312	124080	34980	20880	4
43	47	56	4753392	123840	120978	117780	70152	6
43	47	58	4923156	139578	76140	114840	76140	4
43	47	59	5008038	95460	107724	67260	57672	4
43	47	61	5177802	171828	138744	220620	83844	8
43	47	62	5262684	130290	163842	164268	93204	6
43	49	50	4424700	92622	153468	143400	79164	6
43	49	52	4601688	29928	130536	49920	21402	4
43	49	53	4690182	117648	121716	140088	68844	6
43	49	55	4867170	428796	298116	450024	298116	14
43	49	56	4955664	86688	112896	151704	86688	4
43	49	58	5132652	97008	116424	94656	64962	4
43	49	59	5221146	80496	151704	121068	80496	4
43	49	61	5398134	71208	180516	57096	24756	6
43	49	62	5486628	204336	176694	129456	77622	8
43	50	52	4695600	135708	96900	159768	73080	6
43	50	53	4785900	105264	154800	110664	105264	4
43	50	55	4966500	108360	79800	105600	65610	4
43	50	56	5056800	111456	214500	187056	91404	8
43	50	58	5237400	135192	171000	106140	75024	6
43	50	59	5327700	112230	139200	155988	65148	6
43	50	61	5508300	170280	304200	266796	170280	8
43	50	62	5598600	50568	71400	154800	37548	4
43	52	53	4977336	166152	175968	175536	78342	8
43	52	55	5165160	96750	159120	134616	59934	6
43	52	56	5259072	160992	307008	157248	146016	8
43	52	58	5446896	147060	135096	127824	74676	6
43	52	59	5540808	117648	116688	87792	75150	4
43	52	61	5728632	522966	351312	552954	351312	16
43	52	62	5822544	179052	157248	247524	90288	8
43	53	55	5264490	113520	182532	161244	93804	6
43	53	56	5360208	137514	141828	135072	77844	6
43	53	58	5551644	41022	194616	110664	24168	6
43	53	59	5647362	194016	175536	204444	104340	8
43	53	61	5838798	131064	159636	185256	111984	6
43	53	62	5934516	102168	164088	147516	102168	4
43	55	56	5562480	131322	150810	183924	101622	6
43	55	58	5761140	237102	138270	170520	138270	6
43	55	59	5860470	91332	168960	179304	74832	6
43	55	61	6059130	31476	164340	71736	30816	4
43	55	62	6158460	188856	295020	338748	188856	8
43	56	58	5865888	179568	334656	289572	179568	8
43	56	59	5967024	111714	184128	192888	109026	6
43	56	61	6169296	127194	183456	211860	105600	6
43	56	62	6270432	223428	185472	149172	148836	6
43	58	59	6180132	170538	148944	244836	142926	6
43	58	61	6389628	130032	235944	263634	110634	8
43	58	62	6494376	154800	262740	201888	121044	8
43	59	61	6499794	219816	174168	202032	112248	8
43	59	62	6606348	222912	197886	174096	105006	8
43	61	62	6830292	164088	281088	229092	126888	8
44	46	47	3995376	17952	108192	65424	17952	4
44	46	49	4165392	103752	107364	139356	57660	6
44	46	53	4505424	116952	129168	164448	83244	6
44	46	55	4675440	101112	78936	115764	67716	4
44	46	59	5015472	170808	155664	188208	91320	8
44	46	61	5185488	80784	115920	145728	80784	4
44	47	49	4255944	80256	172584	100842	56850	6
44	47	50	4342800	401016	264516	414648	264516	14
44	47	52	4516512	120648	117312	153072	80880	6
44	47	53	4603368	40128	128592	35616	20106	4
44	47	55	4777080	106128	80652	113718	72006	4
44	47	56	4863936	145200	127464	91728	54960	6
44	47	58	5037648	217272	148332	147528	142260	6
44	47	59	5124504	148368	123234	223344	123234	6
44	47	61	5298216	82368	148896	122976	82368	4
44	47	62	5385072	156816	169200	196836	85956	8
44	49	50	4527600	114048	166992	206916	82512	8
44	49	52	4708704	142560	141120	203352	81384	8
44	49	53	4799256	138864	124950	168222	88488	6
44	49	55	4980360	109296	84084	109626	73722	4
44	49	56	5070912	88704	127008	152544	88704	4
44	49	58	5252016	113784	158760	169476	95400	6
44	49	59	5342568	68112	181986	58410	24600	6
44	49	61	5523672	132000	213444	216354	132000	6
44	49	62	5614224	75240	107604	191448	39156	6
44	50	53	4897200	26400	136800	63600	26100	4
44	50	55	5082000	110880	85800	107580	71280	4
44	50	59	5451600	114840	138600	169824	73740	6
44	50	61	5636400	300960	176400	163380	160560	8
44	52	53	5093088	199584	127296	152640	73440	8
44	52	55	5285280	114048	89232	97680	65736	4
44	52	59	5669664	151008	118872	167088	70728	6
44	52	61	5861856	79992	194376	149712	66720	6
44	53	55	5386920	119856	136422	154110	67188	6
44	53	56	5484864	81576	143736	185136	65472	6
44	53	58	5680752	152064	224508	192876	110460	8
44	53	59	5778696	151536	227370	150150	86664	8
44	53	61	5974584	152592	146280	150426	88728	6
44	53	62	6072528	547800	373332	579588	373332	16
44	55	56	5691840	138072	149160	144144	72336	6
44	55	58	5895120	108768	141900	99528	76428	4
44	55	59	5996760	117744	138270	101244	81774	4
44	55	61	6200040	127248	131010	104676	84018	4
44	55	62	6301680	129888	127380	106392	84876	4
44	56	59	6105792	247368	146832	179832	146832	6
44	56	61	6312768	156024	134064	185328	79896	6
44	58	59	6323856	193248	354960	307812	193248	8
44	58	61	6538224	133056	102312	162504	102312	4
44	59	61	6650952	227568	286740	213630	114996	10
44	59	62	6759984	180048	212400	240396	89232	8
44	61	62	6989136	190080	209352	255468	117924	8
46	47	49	4449396	35328	125208	36456	18126	4
46	47	50	4540200	87216	115056	62400	51120	4
46	47	52	4721808	133860	146076	108264	73212	6
46	47	53	4812612	190992	167226	167904	87156	8
46	47	55	4994220	87768	155382	114840	87768	4
46	47	56	5085024	147384	125208	116928	116928	4
46	47	58	5266632	155112	98136	149988	62988	6
46	47	59	5357436	157872	191196	172044	78036	8
46	47	61	5539044	136896	117594	164208	75336	6
46	47	62	5629848	73692	108288	191664	38352	6
46	49	50	4733400	95220	147000	130344	57588	6
46	49	52	4922736	442428	300468	457416	300468	14
46	49	53	5017404	98808	165228	168912	90708	6
46	49	55	5206740	64032	124656	26400	26400	4
46	49	56	5301408	92736	154644	135072	92736	4
46	49	58	5490744	169188	132888	92916	58920	6
46	49	59	5585412	117576	142002	163980	66246	6
46	49	61	5774748	165048	139062	243432	139062	6
46	49	62	5869416	155112	183456	220968	78492	8
46	50	53	5119800	155664	180000	206064	92664	8
46	50	55	5313000	193200	136800	210840	85980	8
46	50	59	5699400	158700	140700	167760	90600	6
46	50	61	5892600	102672	142200	165600	102672	4
46	52	53	5324592	162288	187200	195888	93084	8
46	52	55	5525520	45540	196248	97020	23388	6
46	52	59	5927376	182160	329472	178416	167184	8
46	52	61	6128304	161736	238056	173220	98088	8
46	53	55	5631780	97704	139284	167298	97704	4
46	53	56	5734176	152352	210516	205776	97212	8
46	53	58	5938968	167532	232776	139548	137004	6
46	53	59	6041364	127512	89040	126024	78552	4
46	53	61	6246156	120888	159318	182196	72210	6
46	53	62	6348552	150420	240408	244356	150420	6
46	55	56	5950560	190716	154440	126672	98136	6
46	55	58	6163080	83628	149160	209148	68664	6
46	55	59	6269340	145728	259710	214626	115638	8
46	55	61	6481860	137448	164340	184776	92238	6
46	55	62	6588120	172776	126720	187116	80220	6
46	56	59	6383328	150420	247968	249912	150420	6
46	56	61	6599712	27600	162960	90768	27600	4
46	58	59	6611304	178848	263088	203904	103680	8
46	58	61	6835416	268548	164604	199104	164604	6
46	59	61	6953268	188784	214524	253986	121074	8
46	59	62	7067256	238464	253464	187488	123768	8
46	61	62	7306824	221904	344040	393984	221904	8
47	49	50	4836300	29328	134064	55200	23742	4
47	49	52	5029752	153690	122010	125424	69252	6
47	49	53	5126478	62040	129948	27348	26172	4
47	49	55	5319930	144384	150528	104940	67944	6
47	49	56	5416656	94752	165522	122976	94752	4
47	49	58	5610108	216294	162582	130152	130152	6
47	49	59	5706834	159048	173460	137352	93780	6
47	49	61	5900286	152844	162288	157380	99684	6
47	49	62	5997012	131694	115542	198228	75840	6
47	50	52	5132400	147768	217500	142944	81168	8
47	50	53	5231100	463890	319200	479556	319200	14
47	50	55	5428500	197400	165600	190080	88710	8
47	50	56	5527200	79524	185700	53424	24324	6
47	50	58	5724600	199656	168000	185832	84108	8
47	50	59	5823300	146358	164400	115758	75558	6
47	50	61	6020700	127746	148800	174636	74676	6
47	50	62	6119400	173712	147300	253800	147300	6
47	52	53	5440344	142128	217152	190800	87840	8
47	52	55	5645640	168918	172848	159264	118374	6
47	52	56	5748288	175968	149760	241536	99408	8
47	52	58	5953584	91368	131040	171852	91368	4
47	52	59	6056232	162432	210912	242136	98712	8
47	52	61	6261528	152562	132912	177288	86484	6
47	52	62	6364176	58656	146328	38688	29016	4
47	53	55	5754210	108288	177444	144456	66948	6
47	53	56	5858832	39762	196842	118944	26088	6
47	53	58	6068076	186120	232776	212976	110952	8
47	53	59	6172698	567384	379056	593532	379056	16
47	53	61	6381942	209244	225144	193248	102396	8
47	53	62	6486564	169764	160590	162936	95988	6
47	55	56	6079920	104904	106920	186120	103560	4
47	55	58	6297060	148614	271590	148944	141024	6
47	55	59	6405630	31020	165660	77880	31020	4
47	55	61	6622770	160176	209880	178704	123216	6
47	55	62	6731340	194580	223740	194928	99732	8
47	56	58	6411552	196272	211680	186528	94956	8
47	56	59	6522096	102366	184128	189624	81534	6
47	56	61	6743184	206424	364896	206424	192312	8
47	56	62	6853728	133668	169680	204864	96672	6
47	58	59	6755028	138744	99528	128856	84582	4
47	58	61	6984012	155946	201840	146034	92424	6
47	58	62	7098504	263952	204624	187488	116640	8
47	59	61	7104426	192888	250632	240096	125592	8
47	59	62	7220892	279462	173814	209064	173814	6
47	61	62	7465668	201630	281088	179304	173082	6
49	50	52	5350800	72912	127200	23712	23712	4
49	50	53	5453700	165522	145200	96354	64992	6
49	50	55	5659500	205800	222000	142560	94170	8
49	50	56	5762400	176400	201600	201600	100800	8
49	50	58	5968200	145824	158700	173652	83532	6
49	50	59	6071100	144354	256800	141954	136554	6
49	50	61	6276900	181692	165000	234972	84228	8
49	50	62	6379800	98784	191400	170004	73860	6
49	52	53	5671848	65856	138528	117024	65232	4
49	52	55	5885880	557424	359424	574518	359424	16
49	52	56	5992896	183456	209664	204288	104832	8
49	52	58	6206928	54096	156936	40368	27576	4
49	52	59	6313944	191982	142272	284658	112248	8
49	52	61	6527976	171696	173472	117486	80592	6
49	52	62	6634992	204624	351936	200724	189648	8
49	53	55	5999070	38808	195252	122760	26724	6
49	53	56	6108144	132006	175854	200340	106848	6
49	53	58	6326292	109368	186666	139896	109368	4
49	53	59	6435366	197568	233412	140892	81576	8
49	53	61	6653514	69384	149460	34404	31860	4
49	53	62	6762588	246666	193026	159216	159216	6
49	55	56	6338640	153762	182490	192192	110880	6
49	55	58	6565020	30576	165990	80736	30576	4
49	55	59	6678210	175812	260700	165696	98592	8
49	55	61	6904590	619752	425040	648612	425040	16
49	55	62	7017780	192276	181830	186744	120996	6
49	56	58	6684384	186396	173040	192444	116928	6
49	56	59	6799632	197274	166656	195762	118944	6
49	56	61	7030128	215208	243264	245952	122976	8
49	56	62	7145376	218736	237888	249984	124992	8
49	58	59	7042476	264894	203232	265854	99006	10
49	58	61	7281204	104958	193488	219432	92760	6
49	58	62	7400568	275184	200448	165168	108720	8
49	59	61	7406742	224616	291696	259860	100644	10
49	59	62	7528164	163758	145494	225348	97752	6
49	61	62	7783356	185514	202764	165168	109860	6
50	52	53	5787600	44100	193128	104940	25068	6
50	52	55	6006000	112800	131040	100320	73800	4
50	52	59	6442800	223200	172224	250068	108504	8
50	52	61	6661200	205200	205920	234876	121476	8
50	53	55	6121500	127800	144690	190410	81780	6
50	53	56	6232800	583200	381600	601080	381600	16
50	53	58	6455400	248100	198432	218244	129804	8
50	53	59	6566700	67200	154866	35400	31266	4
50	53	61	6789300	117000	183486	164700	117000	4
50	53	62	6900600	134100	202248	141732	83220	6
50	55	56	6468000	189600	198000	211680	88860	8
50	55	58	6699000	200100	191400	158340	107880	6
50	55	59	6814500	117000	197670	148680	117000	4
50	55	61	7045500	166200	289410	166530	158610	6
50	55	62	7161000	198300	265320	169260	166620	6
50	56	59	6938400	58500	235872	99828	29940	6
50	56	61	7173600	295200	216048	258912	120012	10
50	58	59	7186200	122400	169128	199272	122400	4
50	58	61	7429800	212100	152772	212280	117792	6
50	59	61	7557900	217800	256650	229542	134250	8
50	59	62	7681800	125100	225144	188040	88284	6
50	61	62	7942200	259500	294264	320412	129888	10
52	53	55	6366360	62400	164088	36960	29646	4
52	53	56	6482112	161928	184440	119952	80520	6
52	53	58	6713616	198120	190164	143724	106776	6
52	53	59	6829368	148512	188574	190806	108444	6
52	53	61	7060872	206544	145326	212646	117360	6
52	53	62	7176624	110448	190164	156240	110448	4
52	55	56	6726720	102024	172920	205968	81120	6
52	55	58	6966960	636480	427680	655932	427680	16
52	55	59	7087080	197808	209550	172398	128508	6
52	55	61	7327320	102960	229350	60390	33000	6
52	55	62	7447440	202176	284460	237252	144864	8
52	56	59	7215936	247104	233520	220896	134304	8
52	56	61	7460544	202176	201600	310368	133656	8
52	58	59	7473648	202176	246732	288864	143772	8
52	58	61	7726992	45864	241860	147132	35772	6
52	59	61	7860216	132912	220542	166896	132912	4
52	59	62	7989072	191256	194700	220596	134796	6
52	61	62	8259888	211536	294996	252948	139620	8
53	55	56	6856080	63918	235950	86688	29928	6
53	55	58	7100940	186348	286770	183048	113088	8
53	55	59	7223370	99216	231000	61596	32556	6
53	55	61	7468230	220692	173580	109800	82632	6
53	55	62	7590660	257262	205920	263376	123336	8
53	56	58	7230048	192708	175728	151380	94596	6
53	56	59	7354704	663984	451584	684222	451584	16
53	56	61	7604016	143418	219072	238608	135120	6
53	56	62	7728672	124020	230160	52452	33972	6
53	58	59	7617372	233094	295800	314568	127152	10
53	58	61	7875588	240408	242208	262056	139794	8
53	58	62	8004696	279840	217152	273972	142944	8
53	59	61	8011374	116388	209568	230424	100104	6
53	59	62	8142708	39432	199656	83328	39078	4
53	61	62	8418732	141192	232410	176328	141192	4
55	56	58	7502880	116820	233520	55332	33492	6
55	56	59	7632240	147510	227136	145494	89718	6
55	56	61	7890960	296670	260736	180072	140766	8
55	56	62	8020320	300960	243600	214272	144600	8
55	58	59	7904820	125730	215760	211128	95802	6
55	58	61	8172780	720720	501120	742530	501120	16
55	58	62	8306760	307560	294060	306792	144996	10
55	59	61	8313690	38940	200364	86376	38940	4
55	59	62	8449980	257400	288864	227664	138456	8
55	61	62	8736420	237600	298656	295620	160740	8
56	58	59	8048544	43344	238380	155052	36732	6
56	58	61	8321376	239904	303108	172752	110736	8
56	59	61	8464848	179424	214170	222888	120306	6
56	59	62	8603616	749952	526752	772548	526752	16
56	61	62	8895264	185472	333792	293136	152652	8
58	59	61	8767164	98136	280014	77958	40080	6
58	59	62	8910888	252300	213816	126108	103944	6
58	61	62	9212952	151380	262056	195300	104532	6
59	61	62	9371796	64782	285846	136152	42456	6
