procgen_gates_20260925.out -- lane: cycle gates, exponential sums and equidistribution
session collatz-procgen-20260922, 2026-09-25; produced by procgen_gates_20260925_run.py
parts: A = DP certification, counting identity, census with SHEET/DRIFT controls;
       B = full residue statistics and spectra for p <= 30 (q=3), p <= 24 (q=5);
       C = heuristics (naive vs perigee-refined), bound hierarchy, archimedean limit law;
       D = switching (Weyl-type) bound: carries modulo small primes, certificate at the gate modulus.
  part A: exit 0, 50 s, [mem] end: peak 353 MB
  part B: exit 0, 661 s, [mem] end: peak 420 MB
  part C: exit 0, 170 s, [mem] end: peak 229 MB
  part D: exit 0, 211 s, [mem] end: peak 249 MB

####################################################################################################
# PART A: procgen_gates_20260925_expsum.py
####################################################################################################
====================================================================================================
A1. Float DP for S(h) = sum_w e(h c_w/|G|): certification
====================================================================================================
  DP vs brute-force enumeration: 896 (clock, h) pairs, q in {3,5}, p <= 12, max |diff| = 5.74e-13
  float DP vs 40-digit mpmath DP: 63 pairs up to p = 84, max |diff|/C(p,a) = 1.77e-17

====================================================================================================
A3/A4 census runs
====================================================================================================
  q = 3: 860 clocks (p <= 40) by the orbit-range method; 859 of them also by the residue join, identical counts and points on all 859.   [11.6s]
  q = 5: 860 clocks (p <= 40) by the orbit-range method; 755 of them also by the residue join, identical counts and points on all 755.   [19.4s]

====================================================================================================
A2. Counting identity N = (1/M) sum_{h mod M} S(h)
====================================================================================================
  exact (image of Z[zeta_M] in F_l, l prime = 1 mod M): 164 clocks with M <= 20000, q in {3,5},
  largest M = 19171: (1/M) sum_h S(h) equals the census count on every clock.
  float: 236 clocks with M <= 200000, max |(1/M) sum_h Re S(h) - N| = 4.15e-15

====================================================================================================
A3 (q = 3; SHEET control on the side 3^a > 2^p): census N(p,a) = #{w : |2^p - 3^a| divides c_w} versus the main term C(p,a)/|G|
====================================================================================================
  distinct integral cycles found (all p <= 40):
    clock (1,1), G = -1, q-adic q^a > 2^p (negative for qx+1 = positive cycle of qx-1): [-1]
    clock (1,0), G = 1, dyadic 2^p > q^a (positive cycle of qx+1): [0]
    clock (2,1), G = 1, dyadic 2^p > q^a (positive cycle of qx+1): [1, 2]
    clock (3,2), G = -1, q-adic q^a > 2^p (negative for qx+1 = positive cycle of qx-1): [-10, -7, -5]
    clock (11,7), G = -139, q-adic q^a > 2^p (negative for qx+1 = positive cycle of qx-1): [-136, -91, -82, -68, -61, -55, -41, -37, -34, -25, -17]
  every N(p,a) equals the sum over these cycles of (period) at the multiples of their clock: 0 exceptions.

  per-period totals (a = 0 and forced clocks included in N; main term excludes a = 0):
    p | N dyadic main dyadic | N q-adic main q-adic | sporadic necklaces (|G| > 1, primitive)
    1 |        1      0.0000 |        1      1.0000 | 
    2 |        3      2.0000 |        1      0.2000 | 
    3 |        1      0.6000 |        4      3.0526 | 
    4 |        3      1.1648 |        1      0.3790 | 
    5 |        1      2.6072 |        1      0.1068 | 
    6 |        3      0.9116 |        4      0.9174 | 
    7 |        1      1.3237 |        1      0.1947 | 
    8 |        3      5.0972 |        1      0.0635 | 
    9 |        1      1.0232 |        4      0.4101 | 
   10 |        3      1.4317 |        1      0.1119 | 
   11 |        1      0.8880 |       12      2.4140 | (11,7) min -17
   12 |        3      1.0913 |        4      0.2162 | 
   13 |        1      1.6010 |        1      0.0683 | 
   14 |        3      0.9534 |        1      0.6328 | 
   15 |        1      1.1463 |        4      0.1247 | 
   16 |        3      2.1117 |        1      0.0434 | 
   17 |        1      1.0012 |        1      0.2858 | 
   18 |        3      1.2032 |        4      0.0761 | 
   19 |        1      0.9255 |        1      7.0727 | 
   20 |        3      1.0389 |        1      0.1537 | 
   21 |        1      1.2827 |        4      0.0483 | 
   22 |        3      0.9623 |       12      0.5622 | 
   23 |        1      1.0718 |        1      0.0903 | 
   24 |        3      1.4543 |        4      0.0315 | 
   25 |        1      0.9912 |        1      0.2281 | 
   26 |        3      1.1049 |        1      0.0559 | 
   27 |        1      2.6070 |        4      0.0210 | 
   28 |        3      1.0151 |        1      0.1191 | 
   29 |        1      1.1464 |        1      0.0359 | 
   30 |        3      0.9689 |        4      0.6313 | 
   32 |        3      1.2187 |        1      0.0237 | 
   34 |        3      1.0563 |        1      0.0429 | 
   36 |        3      1.0036 |        4      0.0976 | 
   38 |        3      0.9746 |        1      1.2913 | 
   40 |        3      1.1146 |        1      0.0182 | 
  sum over p <= 40 of the word-level main term: dyadic 51.668, q-adic 21.189

  the 16 clocks with the largest main term C/|G| (word level) and the necklace-level term L/|G|:
     (p,a)              G     C/|G|    L/|G|    N
  (19, 12)          -7153    7.0443   0.3708    0
    (8, 5)             13    4.3077   0.5385    0
    (3, 2)             -1    3.0000   1.0000    3
   (11, 7)           -139    2.3741   0.2158   11
    (5, 3)              5    2.0000   0.4000    0
    (2, 1)              1    2.0000   1.0000    2
  (27, 17)        5077565    1.6615   0.0615    0
  (38, 24)    -7551629537    1.2805   0.0337    0
  (16, 10)           6487    1.2345   0.0766    0
    (1, 1)             -1    1.0000   1.0000    1
    (6, 4)            -17    0.8824   0.1176    3
    (4, 2)              7    0.8571   0.1429    2
   (13, 8)           1631    0.7891   0.0607    0
    (7, 4)             47    0.7447   0.1064    0
   (10, 6)            295    0.7119   0.0678    0
  (30, 19)      -88519643    0.6171   0.0206    0

====================================================================================================
A4 (q = 5; DRIFT control): census N(p,a) = #{w : |2^p - 5^a| divides c_w} versus the main term C(p,a)/|G|
====================================================================================================
  distinct integral cycles found (all p <= 40):
    clock (1,0), G = 1, dyadic 2^p > q^a (positive cycle of qx+1): [0]
    clock (2,1), G = -1, q-adic q^a > 2^p (negative for qx+1 = positive cycle of qx-1): [-2, -1]
    clock (5,2), G = 7, dyadic 2^p > q^a (positive cycle of qx+1): [1, 2, 3, 4, 8]
    clock (7,3), G = 3, dyadic 2^p > q^a (positive cycle of qx+1): [13, 26, 33, 52, 83, 104, 208]
    clock (7,3), G = 3, dyadic 2^p > q^a (positive cycle of qx+1): [17, 27, 34, 43, 54, 68, 108]
  every N(p,a) equals the sum over these cycles of (period) at the multiples of their clock: 0 exceptions.

  per-period totals (a = 0 and forced clocks included in N; main term excludes a = 0):
    p | N dyadic main dyadic | N q-adic main q-adic | sporadic necklaces (|G| > 1, primitive)
    1 |        1      0.0000 |        0      0.3333 | 
    2 |        1      0.0000 |        2      2.0476 | 
    3 |        1      1.0000 |        0      0.1850 | 
    4 |        1      0.3636 |        2      0.7050 | 
    5 |        6      1.6138 |        0      0.1163 | (5,2) min 1
    6 |        1      0.4863 |        2      0.3566 | 
    7 |       15     11.9275 |        0      0.0779 | (7,3) min 13, (7,3) min 17
    8 |        1      0.5806 |        2      0.2111 | 
    9 |        1      0.3087 |        0      1.1693 | 
   10 |        6      0.7147 |        2      0.1360 | 
   11 |        1      0.3503 |        0      0.4678 | 
   12 |        1      1.0328 |        2      0.0922 | 
   13 |        1      0.3951 |        0      0.2592 | 
   14 |       15      4.1998 |        2      0.0648 | 
   15 |        6      0.4533 |        0      0.1628 | 
   16 |        1      0.2691 |        2      0.9553 | 
   17 |        1      0.5475 |        0      0.1093 | 
   18 |        1      0.2968 |        2      0.3747 | 
   19 |        1      0.7637 |        0      0.0764 | 
   20 |        6      0.3296 |        2      0.2110 | 
   21 |       15      2.2570 |        0      0.0549 | 
   22 |        1      0.3738 |        2      0.1350 | 
   23 |        1      0.2352 |        0      0.8711 | 
   24 |        1      0.4449 |        2      0.0922 | 
   25 |        6      0.2563 |        0      0.3218 | 
   26 |        1      0.6011 |        2      0.0655 | 
   27 |        1      0.2821 |        0      0.1806 | 
   28 |       15      1.4445 |        2      0.0477 | 
   29 |        1      0.3170 |        0      0.1163 | 
   30 |        6      0.2072 |        2      0.8502 | 
   32 |        1      0.2242 |        2      0.2872 | 
   34 |        1      0.2451 |        2      0.1593 | 
   36 |        1      0.2733 |        2      0.1025 | 
   38 |        1      0.3177 |        2      0.0708 | 
   40 |        6      0.4081 |        2      0.0509 | 
  sum over p <= 40 of the word-level main term: dyadic 35.781, q-adic 12.841

  the 16 clocks with the largest main term C/|G| (word level) and the necklace-level term L/|G|:
     (p,a)              G     C/|G|    L/|G|    N
    (7, 3)              3   11.6667   1.6667   14
   (14, 6)            759    3.9565   0.2793   14
   (21, 9)         144027    2.0408   0.0972   14
    (2, 1)             -1    2.0000   1.0000    2
    (5, 2)              7    1.4286   0.2857    5
  (28, 12)       24294831    1.2522   0.0447   14
    (9, 4)           -113    1.1150   0.1239    0
    (3, 1)              3    1.0000   0.3333    0
   (16, 7)         -12589    0.9087   0.0568    0
  (37, 16)   -15148937153    0.8499   0.0230    0
  (35, 15)     3842160243    0.8453   0.0242   14
  (23, 10)       -1377017    0.8308   0.0361    0
   (12, 5)            971    0.8157   0.0680    0
  (30, 13)     -146961301    0.8149   0.0272    0
    (4, 2)             -9    0.6667   0.1111    2
   (19, 8)         133663    0.5655   0.0298    0

====================================================================================================
A5. Rotation law and the transport identity for S(h)
====================================================================================================
  c_(Rw) = c_w/2 (w_0 = 0) or (q c_w + G)/2 (w_0 = 1): exact on all 65476 words, q in {3,5}, p <= 14.
  S(h) = sum_w e(2^-j q^(k_j(w)) h c_w / M), k_j(w) = #ones among the first j letters: 2160 checks,
  max |difference| = 2.04e-12.  (So S(2^-j q^k h) = sum over words with k ones in their LAST j letters of
  e(h c/M) + the rest: a large archimedean coefficient at h is transported to the frequencies 2^-j q^k h.)

####################################################################################################
# PART B: procgen_gates_20260925_stats.py
####################################################################################################
==================================================================================================================================
B1 (q = 3): per-clock statistics, p <= 30, clocks with C(p,a) >= 50 printed (s = sign of G: + dyadic, - 3-adic)
  amp = max(2^p, q^a)/|G| (distance to the critical line); Coll-C = excess coincident pairs;
  C(C-1)/M = its uniform-model mean; lam.d = #{|x|>=1/2, ||x|| <= d}/(2 d C); elig = share of words
  whose rational cycle has least point >= 1; maxS/C = max_{h!=0}|S(h)|/C (FFT) or max over Sigma_3
  (dp); mU/rt = max over h outside Sigma_3 (FFT) or over 1000 random h (dp), divided by sqrt(C ln M);
  Estr = share of the energy sum_{h!=0}|S(h)|^2 carried by Sigma_3.
==================================================================================================================================
   (p,a)s           M          C   N       C/M      amp  Coll-C   C(C-1)/M      D*  x<1   lam.1 lam.01 lam.003 elig |S1|/C  maxS/C  mU/rt  Estr
  (8, 3)+         229         56   0     0.245     1.12         4      13.45  0.1326  0.750  0.54  0.00  0.00  0.000                            
  (8, 4)+         175         70   2       0.4     1.46         8       27.6  0.0429  0.229  1.00  1.43  4.76  0.029                            
  (8, 5)+          13         56   0      4.31     19.7       230      236.9  0.1058  0.000  0.80  0.00  0.00  1.000                            
  (9, 3)+         485         84   0     0.173     1.06         0      14.38  0.1673  0.857  0.42  0.60  1.98  0.000                            
  (9, 4)+         431        126   0     0.292     1.19        18      36.54  0.0782  0.532  0.83  0.40  1.32  0.000                            
  (9, 5)+         269        126   0     0.468      1.9        28      58.55  0.0428  0.032  0.95  0.00  0.00  0.714                            
  (9, 6)-         217         84   3     0.387     3.36        12      32.13  0.1248  0.000  1.01  3.57  5.95  1.000                            
 (10, 3)+         997        120   0      0.12     1.03         0      14.32  0.2235  0.900  0.29  0.42  0.00  0.000                            
 (10, 4)+         943        210   0     0.223     1.09        16      46.54  0.0836  0.662  0.55  0.71  0.79  0.000  0.112  0.3608  0.93  0.322
 (10, 5)+         781        252   2     0.323     1.31        28      80.99  0.0256  0.250  0.91  0.79  1.98  0.008  0.034  0.2048  0.89  0.371
 (10, 6)+         295        210   0     0.712     3.47       130      148.8  0.0299  0.000  1.05  0.24  0.00  1.000  0.022  0.2846  1.18  0.615
 (10, 7)-        1163        120   0     0.103     1.88         0      12.28  0.0559  0.000  1.12  1.25  0.00  1.000                            
 (11, 2)+        2039         55   0     0.027        1         0      1.457  0.4708  0.982  0.00  0.00  0.00  0.000                            
 (11, 3)+        2021        165   0    0.0816     1.01         0      13.39  0.2764  0.921  0.18  0.00  0.00  0.000                            
 (11, 4)+        1967        330   0     0.168     1.04         6       55.2  0.1128  0.764  0.52  0.61  1.52  0.000  0.163  0.3954  1.10  0.240
 (11, 5)+        1805        462   0     0.256     1.13        58        118  0.0418  0.470  0.85  0.97  1.44  0.000  0.036  0.2601  1.22  0.273
 (11, 6)+        1319        462   0      0.35     1.55        70      161.5  0.0289  0.069  0.93  0.87  1.44  0.333  0.033  0.2608  1.53  0.273
 (11, 7)-         139        330  11      2.37     15.7       740      781.1  0.0493  0.000  1.03  2.42  5.56  1.000  0.019  0.1548   nan  1.000
 (11, 8)-        4513        165   0    0.0366     1.45         0      5.996  0.0449  0.000  1.09  0.00  0.00  1.000                            
 (11, 9)-       17635         55   0   0.00312     1.12         0     0.1684  0.1640  0.000  0.45  0.91  0.00  1.000                            
 (12, 2)+        4087         66   0    0.0161        1         0       1.05  0.4987  0.985  0.00  0.00  0.00  0.000                            
 (12, 3)+        4069        220   0    0.0541     1.01         0      11.84  0.3203  0.936  0.11  0.00  0.00  0.000  0.349  0.4841  1.28  0.185
 (12, 4)+        4015        495   0     0.123     1.02         4       60.9  0.1597  0.822  0.40  0.51  0.34  0.000  0.205  0.4176  1.24  0.189
 (12, 5)+        3853        792   0     0.206     1.06        50      162.6  0.0600  0.596  0.68  0.82  1.05  0.000  0.088  0.3126  1.52  0.231
 (12, 6)+        3367        924   2     0.274     1.22       110      253.3  0.0168  0.259  0.97  0.70  1.62  0.002  0.022  0.2005  1.45  0.225
 (12, 7)+        1909        792   0     0.415     2.15       266      328.2  0.0175  0.000  1.06  1.26  0.84  1.000  0.009  0.2797  2.00  0.305
 (12, 8)-        2465        495   3     0.201     2.66        28       99.2  0.0389  0.000  0.96  1.62  2.36  1.000  0.023  0.2429  1.57  0.218
 (12, 9)-       15587        220   0    0.0141     1.26         0      3.091  0.0328  0.000  0.95  1.14  0.76  1.000  0.039  0.4491  1.91  0.109
(12, 10)-       54953         66   0    0.0012     1.07         0    0.07807  0.2124  0.000  0.76  0.76  2.53  1.000                            
 (13, 2)+        8183         78   0   0.00953        1         0      0.734  0.5211  0.987  0.00  0.00  0.00  0.000                            
 (13, 3)+        8165        286   0     0.035        1         0      9.983  0.3571  0.948  0.09  0.00  0.00  0.000  0.384  0.4878  1.52  0.153
 (13, 4)+        8111        715   0    0.0882     1.01         2      62.94  0.2052  0.859  0.30  0.21  0.00  0.000  0.243  0.4338  1.54  0.157
 (13, 5)+        7949       1287   0     0.162     1.03        48      208.2  0.0871  0.691  0.58  0.66  0.91  0.000  0.130  0.3482  1.73  0.179
 (13, 6)+        7463       1716   0      0.23      1.1       166      394.3  0.0325  0.431  0.85  0.90  1.17  0.000  0.037  0.2302  1.97  0.205
 (13, 7)+        6005       1716   0     0.286     1.36       238      490.1  0.0129  0.101  0.99  0.55  0.87  0.129  0.015  0.2441  2.39  0.162
 (13, 8)+        1631       1287   0     0.789     5.02       838       1015  0.0205  0.000  1.00  0.97  1.42  1.000  0.037  0.1805  1.87  0.346
 (13, 9)-       11491        715   0    0.0622     1.71         6      44.43  0.0283  0.000  1.03  0.91  0.47  1.000  0.016  0.2677  2.03  0.102
(13, 10)-       50857        286   0   0.00562     1.16         0      1.603  0.0585  0.000  0.79  0.52  0.00  1.000  0.107  0.5096  2.21  0.065
(13, 11)-      168955         78   0  0.000462     1.05         0    0.03555  0.2430  0.000  1.15  0.00  0.00  1.000                            
 (14, 2)+       16375         91   0   0.00556        1         0     0.5002  0.5403  0.989  0.00  0.00  0.00  0.000                            
 (14, 3)+       16357        364   0    0.0223        1         0      8.078  0.3890  0.956  0.07  0.00  0.00  0.000  0.416  0.4914  1.75  0.124
 (14, 4)+       16303       1001   0    0.0614        1         0       61.4  0.2466  0.884  0.24  0.10  0.17  0.000  0.277  0.4457  1.99  0.136
 (14, 5)+       16141       2002   0     0.124     1.02        30      248.2  0.1210  0.756  0.48  0.55  0.67  0.000  0.165  0.3742  2.08  0.145
 (14, 6)+       15655       3003   0     0.192     1.05       208      575.9  0.0432  0.547  0.72  0.65  1.00  0.000  0.073  0.2771  2.53  0.173
 (14, 7)+       14197       3432   2     0.242     1.15       420      829.4  0.0143  0.264  0.97  0.96  0.97  0.001  0.017  0.2000  2.54  0.157
 (14, 8)+        9823       3003   0     0.306     1.67       694      917.7  0.0075  0.016  1.02  0.93  0.89  0.772  0.007  0.2593  3.03  0.182
 (14, 9)-        3299       2002   0     0.607     5.97      1036       1214  0.0116  0.000  1.01  1.37  1.17  1.000  0.011  0.1626  2.08  0.218
(14, 10)-       42665       1001   0    0.0235     1.38         0      23.46  0.0270  0.000  0.99  0.80  0.17  1.000  0.020  0.2854  2.61  0.077
(14, 11)-      160763        364   0   0.00226      1.1         0     0.8219  0.0878  0.000  0.65  0.55  0.46  1.000  0.151  0.5526  2.51  0.037
(14, 12)-      515057         91   0  0.000177     1.03         0     0.0159  0.2858  0.000  1.54  0.00  0.00  1.000                            
 (15, 2)+       32759        105   0   0.00321        1         0     0.3333  0.5585  0.990  0.00  0.00  0.00  0.000                            
 (15, 3)+       32741        455   0    0.0139        1         0      6.309  0.4147  0.963  0.05  0.00  0.00  0.000  0.445  0.4936  1.99  0.097
 (15, 4)+       32687       1365   0    0.0418        1         0      56.96  0.2816  0.904  0.19  0.07  0.24  0.000  0.309  0.4551  2.48  0.117
 (15, 5)+       32525       3003   0    0.0923     1.01        18      277.2  0.1610  0.800  0.40  0.30  0.11  0.000  0.198  0.3942  2.57  0.122
 (15, 6)+       32039       5005   0     0.156     1.02       232      781.7  0.0704  0.634  0.63  0.71  0.83  0.000  0.108  0.3119  2.99  0.143
 (15, 7)+       30581       6435   0      0.21     1.07       554       1354  0.0201  0.404  0.84  0.86  1.04  0.000  0.037  0.2086  3.24  0.154
 (15, 8)+       26207       6435   0     0.246     1.25       830       1580  0.0073  0.128  1.00  0.87  0.67  0.042  0.011  0.2312  3.92  0.130
 (15, 9)+       13085       5005   0     0.382      2.5      1530       1914  0.0094  0.000  1.04  0.88  0.80  1.000  0.007  0.2062  2.91  0.180
(15, 10)-       26281       3003   3     0.114     2.25       112        343  0.0102  0.000  0.94  1.15  1.22  1.000  0.006  0.2333  3.20  0.095
(15, 11)-      144379       1365   0   0.00945     1.23         0       12.9  0.0244  0.000  0.95  1.14  1.71  1.000  0.029  0.3361  3.38  0.054
(15, 12)-      498673        455   0  0.000912     1.07         0     0.4142  0.1206  0.000  0.76  0.66  0.37  1.000  0.182  0.5864  2.82  0.020
(15, 13)-     1561555        105   0  6.72e-05     1.02         0   0.006993  0.3225  0.000  1.71  0.00  0.00  1.000                            
 (16, 2)+       65527        120   0   0.00183        1         0     0.2179  0.5799  0.992  0.00  0.00  0.00  0.000                            
 (16, 3)+       65509        560   0   0.00855        1         0      4.779  0.4385  0.968  0.04  0.00  0.00  0.000  0.472  0.4958  2.23  0.074
 (16, 4)+       65455       1820   0    0.0278        1         0      50.58  0.3140  0.919  0.16  0.05  0.09  0.000  0.339  0.4625  3.01  0.099
 (16, 5)+       65293       4368   0    0.0669        1         6      292.1  0.1981  0.832  0.34  0.21  0.23  0.000  0.229  0.4101  3.28  0.107
 (16, 6)+       64807       8008   0     0.124     1.01       186      989.4  0.0981  0.700  0.54  0.59  0.65  0.000  0.138  0.3390  3.53  0.120
 (16, 7)+       63349      11440   0     0.181     1.03       786       2066  0.0371  0.509  0.75  0.75  0.77  0.000  0.065  0.2506  4.28  0.139
 (16, 8)+       58975      12870   2     0.218     1.11      1382       2808  0.0136  0.267  0.96  0.99  0.98  0.000  0.018  0.1978  4.46  0.133
 (16, 9)+       45853      11440   0     0.249     1.43      1878       2854  0.0090  0.040  0.98  1.02  0.93  0.455  0.009  0.2421  5.00  0.112
(16, 10)+        6487       8008   0      1.23     10.1     10010       9884  0.0102  0.000  0.98  0.91  1.06  1.000  0.008  0.1456  3.10  0.267
(16, 11)-      111611       4368   0    0.0391     1.59        16      170.9  0.0075  0.000  1.03  0.96  0.84  1.000  0.011  0.2608  3.67  0.056
(16, 12)-      465905       1820   0   0.00391     1.14         0      7.106  0.0379  0.000  0.87  0.85  0.82  1.000  0.066  0.3972  4.14  0.035
(16, 13)-     1528787        560   0  0.000366     1.04         0     0.2048  0.1432  0.000  0.81  0.54  0.89  1.000  0.210  0.6182  1.37     dp
(16, 14)-     4717433        120   0  2.54e-05     1.01         0   0.003027  0.3511  0.000  2.00  0.00  0.00  1.000                            
 (17, 2)+      131063        136   0   0.00104        1         0     0.1401  0.5986  0.993  0.00  0.00  0.00  0.000                            
 (17, 3)+      131045        680   0   0.00519        1         0      3.523  0.4611  0.972  0.04  0.00  0.00  0.000  0.497  0.4973  2.47  0.055
 (17, 4)+      130991       2380   0    0.0182        1         0      43.22  0.3423  0.931  0.13  0.04  0.07  0.000  0.367  0.4686  3.56  0.081
 (17, 5)+      130829       6188   0    0.0473        1         2      292.6  0.2304  0.858  0.28  0.15  0.30  0.000  0.257  0.4229  4.11  0.093
 (17, 6)+      130343      12376   0    0.0949     1.01       120       1175  0.1320  0.748  0.46  0.41  0.28  0.000  0.167  0.3608  4.33  0.102
 (17, 7)+      128885      19448   0     0.151     1.02       984       2934  0.0621  0.589  0.67  0.72  0.68  0.000  0.093  0.2836  5.28  0.121
 (17, 8)+      124511      24310   0     0.195     1.05      1988       4746  0.0141  0.385  0.85  0.87  1.03  0.000  0.037  0.1930  5.47  0.125
 (17, 9)+      111389      24310   0     0.218     1.18      2952       5305  0.0043  0.149  0.99  0.95  0.93  0.013  0.010  0.2206  6.61  0.097
(17, 10)+       72023      19448   0      0.27     1.82      4242       5251  0.0027  0.003  1.00  0.97  0.97  0.957  0.003  0.2162  5.44  0.126
(17, 11)-       46075      12376   0     0.269     3.84      2606       3324  0.0032  0.000  1.01  0.96  1.02  1.000  0.001  0.1624  4.49  0.102
(17, 12)-      400369       6188   0    0.0155     1.33         6      95.62  0.0147  0.000  1.00  1.12  0.70  1.000  0.018  0.2783  4.65  0.044
(17, 13)-     1463251       2380   0   0.00163     1.09         0      3.869  0.0408  0.000  0.78  0.82  0.77  1.000  0.094  0.4454  2.57     dp
(17, 14)-     4651897        680   0  0.000146     1.03         0    0.09925  0.1742  0.000  0.97  0.22  0.49  1.000  0.236  0.6446  1.32     dp
(17, 15)-    14217835        136   0  9.57e-06     1.01         0   0.001291  0.3762  0.000  2.13  1.10  0.00  1.000                            
 (18, 2)+      262135        153   0  0.000584        1         0    0.08872  0.6149  0.993  0.00  0.00  0.00  0.000                            
 (18, 3)+      262117        816   0   0.00311        1         0      2.537  0.4805  0.975  0.03  0.00  0.00  0.000  0.519  0.5191  2.74  0.040
 (18, 4)+      262063       3060   0    0.0117        1         0      35.72  0.3668  0.940  0.11  0.03  0.05  0.000  0.393  0.4735  4.15  0.065
 (18, 5)+      261901       8568   0    0.0327        1         6      280.3  0.2593  0.879  0.24  0.13  0.23  0.000  0.285  0.4335  5.16  0.081
 (18, 6)+      261415      18564   0     0.071        1        74       1318  0.1647  0.785  0.40  0.31  0.31  0.000  0.194  0.3788  5.65  0.089
 (18, 7)+      259957      31824   0     0.122     1.01       946       3896  0.0853  0.653  0.59  0.63  0.71  0.000  0.120  0.3105  6.25  0.104
 (18, 8)+      255583      43758   0     0.171     1.03      3068       7492  0.0340  0.479  0.77  0.77  0.79  0.000  0.060  0.2304  7.38  0.117
 (18, 9)+      242461      48620   2     0.201     1.08      4636       9749  0.0113  0.269  0.94  0.96  1.02  0.000  0.020  0.1948  7.87  0.100
(18, 10)+      203095      43758   0     0.215     1.29      6182       9428  0.0046  0.064  1.00  1.00  0.90  0.223  0.006  0.2281  8.53  0.086
(18, 11)+       84997      31824   0     0.374     3.08      9288  1.191e+04  0.0024  0.000  1.00  1.03  0.89  1.000  0.004  0.1696  4.56  0.112
(18, 12)-      269297      18564   3    0.0689     1.97       482       1280  0.0040  0.000  1.00  0.95  1.10  1.000  0.002  0.2226  6.64  0.048
(18, 13)-     1332179       8568   0   0.00643      1.2         0       55.1  0.0153  0.000  0.97  1.09  1.09  1.000  0.023  0.2937  2.19     dp
(18, 14)-     4520825       3060   0  0.000677     1.06         0      2.071  0.0715  0.000  0.81  0.82  0.60  1.000  0.118  0.4846  2.37     dp
(18, 15)-    14086763        816   0  5.79e-05     1.02         0    0.04721  0.2027  0.000  1.18  0.18  0.00  1.000  0.261  0.6661  1.26     dp
(18, 16)-    42784577        153   0  3.58e-06     1.01         0  0.0005436  0.4001  0.000  2.29  2.61  0.00  1.000                            
 (19, 2)+      524279        171   0  0.000326        1         0    0.05545  0.6294  0.994  0.00  0.00  0.00  0.000                            
 (19, 3)+      524261        969   0   0.00185        1         0      1.789  0.4974  0.978  0.03  0.00  0.00  0.000  0.540  0.5399  3.00  0.028
 (19, 4)+      524207       3876   0   0.00739        1         0      28.65  0.3884  0.947  0.09  0.03  0.04  0.000  0.417  0.4777  4.77  0.051
 (19, 5)+      524045      11628   0    0.0222        1         0        258  0.2872  0.895  0.20  0.10  0.17  0.000  0.311  0.4423  6.33  0.069
 (19, 6)+      523559      27132   0    0.0518        1        48       1406  0.1933  0.815  0.35  0.24  0.31  0.000  0.220  0.3938  7.23  0.079
 (19, 7)+      522101      50388   0    0.0965        1       732       4863  0.1121  0.702  0.52  0.50  0.43  0.000  0.145  0.3329  7.65  0.090
 (19, 8)+      517727      75582   0     0.146     1.01      3936  1.103e+04  0.0558  0.553  0.70  0.73  0.70  0.000  0.084  0.2613  9.39  0.105
 (19, 9)+      504605      92378   0     0.183     1.04      7368  1.691e+04  0.0155  0.371  0.86  0.84  0.83  0.000  0.036  0.1810  9.39  0.104
(19, 10)+      465239      92378   0     0.199     1.13     10236  1.834e+04  0.0054  0.167  0.98  0.95  0.91  0.004  0.010  0.2117 11.40  0.080
(19, 11)+      347141      75582   0     0.218     1.51     12866  1.646e+04  0.0019  0.014  1.01  1.02  0.98  0.737  0.004  0.2127  9.41  0.094
(19, 12)-        7153      50388   0      7.04     74.3    350578  3.549e+05  0.0049  0.000  1.01  1.02  1.00  1.000  0.002  0.0421  2.45  0.274
(19, 13)-     1070035      27132   0    0.0254     1.49        96      687.9  0.0040  0.000  1.01  1.03  1.08  1.000  0.005  0.2509  3.53     dp
(19, 14)-     4258681      11628   0   0.00273     1.12         0      31.75  0.0232  0.000  0.92  1.04  1.29  1.000  0.046  0.3185  1.58     dp
(19, 15)-    13824619       3876   0   0.00028     1.04         0      1.086  0.0902  0.000  0.82  0.72  1.03  1.000  0.143  0.5176  1.59     dp
(19, 16)-    42522433        969   0  2.28e-05     1.01         0    0.02206  0.2330  0.000  1.38  0.15  0.17  1.000  0.285  0.6840  1.65     dp
(19, 17)-   128615875        171   0  1.33e-06        1         0   0.000226  0.4236  0.000  2.40  4.97  0.00  1.000                            
 (20, 2)+     1048567        190   0  0.000181        1         0    0.03425  0.6428  0.995  0.00  0.00  0.00  0.000                            
 (20, 3)+     1048549       1140   0   0.00109        1         0      1.238  0.5126  0.981  0.02  0.00  0.00  0.000  0.559  0.5591  3.38  0.019
 (20, 4)+     1048495       4845   0   0.00462        1         0      22.38  0.4080  0.954  0.08  0.02  0.03  0.000  0.440  0.4811  5.43  0.039
 (20, 5)+     1048333      15504   0    0.0148        1         0      229.3  0.3122  0.908  0.17  0.08  0.14  0.000  0.335  0.4498  7.62  0.057
 (20, 6)+     1047847      38760   0     0.037        1        38       1434  0.2203  0.839  0.30  0.19  0.28  0.000  0.245  0.4065  9.08  0.069
 (20, 7)+     1046389      77520   0    0.0741        1       540       5743  0.1404  0.742  0.46  0.40  0.38  0.000  0.169  0.3519  9.77  0.078
 (20, 8)+     1042015     125970   0     0.121     1.01      4188  1.523e+04  0.0762  0.614  0.62  0.65  0.67  0.000  0.106  0.2874 11.50  0.093
 (20, 9)+     1028893     167960   0     0.163     1.02     11294  2.742e+04  0.0327  0.455  0.78  0.78  0.78  0.000  0.057  0.2147 12.89  0.101
(20, 10)+      989527     184756   2     0.187     1.06     16564   3.45e+04  0.0096  0.270  0.93  0.93  0.96  0.000  0.021  0.1914 14.04  0.084
(20, 11)+      871429     167960   0     0.193      1.2     20710  3.237e+04  0.0037  0.086  1.00  1.01  0.97  0.093  0.006  0.2168 14.80  0.071
(20, 12)+      517135     125970   0     0.244     2.03     24764  3.069e+04  0.0009  0.000  1.00  0.99  0.95  1.000  0.001  0.1619  9.09  0.094
(20, 13)-      545747      77520   0     0.142     2.92      7524  1.101e+04  0.0018  0.000  1.00  0.99  0.93  1.000  0.004  0.1610  9.50  0.053
(20, 14)-     3734393      38760   0    0.0104     1.28        32      402.3  0.0082  0.000  1.00  1.00  0.86  1.000  0.012  0.2690  1.40     dp
(20, 15)-    13300331      15504   0   0.00117     1.08         0      18.07  0.0264  0.000  0.83  0.82  0.81  1.000  0.067  0.3653  4.00     dp
(20, 16)-    41998145       4845   0  0.000115     1.02         0     0.5588  0.1158  0.000  0.88  0.52  0.48  1.000  0.167  0.5483  1.22     dp
(20, 17)-   128091587       1140   0   8.9e-06     1.01         0    0.01014  0.2596  0.000  1.56  0.53  0.15  1.000  0.309  0.6991  1.11     dp
(20, 18)-   386371913        190   0  4.92e-07        1         0  9.294e-05  0.4444  0.000  2.53  7.11  2.63  1.000                            
 (21, 2)+     2097143        210   0    0.0001        1         0    0.02093  0.6549  0.995  0.00  0.00  0.00  0.000  0.706  0.7056  1.29     dp
 (21, 3)+     2097125       1330   0  0.000634        1         0     0.8429  0.5291  0.983  0.02  0.00  0.00  0.000  0.577  0.5769  1.62     dp
 (21, 4)+     2097071       5985   0   0.00285        1         0      17.08  0.4276  0.959  0.07  0.02  0.03  0.000  0.461  0.4841  4.89     dp
 (21, 5)+     2096909      20349   0    0.0097        1         0      197.5  0.3347  0.919  0.15  0.07  0.11  0.000  0.358  0.4561  1.88     dp
 (21, 6)+     2096423      54264   0    0.0259        1        22       1405  0.2454  0.859  0.27  0.16  0.24  0.000  0.268  0.4173  1.60     dp
 (21, 7)+     2094965     116280   0    0.0555        1       408       6454  0.1662  0.774  0.41  0.32  0.36  0.000  0.192  0.3681  2.21     dp
 (21, 8)+     2090591     203490   0    0.0973        1      3886  1.981e+04  0.0980  0.664  0.56  0.55  0.49  0.000  0.128  0.3097  3.91     dp
 (21, 9)+     2077469     293930   0     0.141     1.01     15214  4.159e+04  0.0513  0.524  0.72  0.74  0.74  0.000  0.077  0.2435  1.94     dp
(21, 10)+     2038103     352716   0     0.173     1.03     27512  6.104e+04  0.0169  0.360  0.86  0.85  0.84  0.000  0.036  0.1718  1.28     dp
(21, 11)+     1920005     352716   0     0.184     1.09     35592   6.48e+04  0.0072  0.180  0.98  0.98  0.99  0.001  0.012  0.2041  1.68     dp
(21, 12)+     1565711     293930   0     0.188     1.34     41062  5.518e+04  0.0022  0.031  1.00  0.99  1.00  0.470  0.003  0.2060  4.35     dp
(21, 13)+      502829     203490   0     0.405     4.17     70362  8.235e+04  0.0014  0.000  1.00  1.01  1.03  1.000  0.001  0.1578 10.12  0.075
(21, 14)-     2685817     116280   3    0.0433     1.78      1802       5034  0.0021  0.000  1.00  1.01  1.02  1.000  0.002  0.2124 14.19  0.032
(21, 15)-    12251755      54264   0   0.00443     1.17         6      240.3  0.0114  0.000  0.97  0.97  0.94  1.000  0.019  0.2839  2.81     dp
(21, 16)-    40949569      20349   0  0.000497     1.05         0      10.11  0.0479  0.000  0.83  0.75  0.82  1.000  0.085  0.4049  1.72     dp
(21, 17)-   127043011       5985   0  4.71e-05     1.02         0     0.2819  0.1393  0.000  0.98  0.44  0.61  1.000  0.189  0.5751  1.36     dp
(21, 18)-   385323337       1330   0  3.45e-06     1.01         0   0.004587  0.2828  0.000  1.70  1.05  0.25  1.000  0.332  0.7121  1.32     dp
(21, 19)-  1160164315        210   0  1.81e-07        1         0  3.783e-05  0.4629  0.000  2.64  8.57  6.35  1.000  0.515  0.8195  0.93     dp
 (22, 2)+     4194295        231   0  5.51e-05        1         0    0.01267  0.6657  0.996  0.00  0.00  0.00  0.000  0.718  0.7177  1.55     dp
 (22, 3)+     4194277       1540   0  0.000367        1         0     0.5651  0.5446  0.984  0.02  0.00  0.00  0.000  0.593  0.5933  1.27     dp
 (22, 4)+     4194223       7315   0   0.00174        1         0      12.76  0.4453  0.963  0.06  0.01  0.02  0.000  0.480  0.4866  1.88     dp
 (22, 5)+     4194061      26334   0   0.00628        1         0      165.3  0.3549  0.928  0.13  0.06  0.09  0.000  0.380  0.4615  1.44     dp
 (22, 6)+     4193575      74613   0    0.0178        1         6       1328  0.2691  0.875  0.24  0.14  0.21  0.000  0.291  0.4266  1.48     dp
 (22, 7)+     4192117     170544   0    0.0407        1       270       6938  0.1907  0.801  0.36  0.27  0.33  0.000  0.214  0.3821  3.10     dp
 (22, 8)+     4187743     319770   0    0.0764        1      3358  2.442e+04  0.1227  0.704  0.50  0.46  0.45  0.000  0.150  0.3290  2.46     dp
 (22, 9)+     4174621     497420   0     0.119        1     17946  5.927e+04  0.0695  0.582  0.65  0.67  0.67  0.000  0.096  0.2684  2.92     dp
(22, 10)+     4135255     646646   0     0.156     1.01     42446  1.011e+05  0.0318  0.436  0.79  0.79  0.79  0.000  0.054  0.2022  1.92     dp
(22, 11)+     4017157     705432   2     0.176     1.04     60782  1.239e+05  0.0082  0.271  0.92  0.93  0.95  0.000  0.022  0.1878  3.11     dp
(22, 12)+     3662863     646646   0     0.177     1.15     71288  1.142e+05  0.0042  0.106  0.99  0.99  0.99  0.035  0.007  0.2074  3.18     dp
(22, 13)+     2599981     497420   0     0.191     1.61     78888  9.516e+04  0.0009  0.005  1.00  1.00  1.00  0.899  0.002  0.1739 17.96  0.077
(22, 14)-      588665     319770  11     0.543     8.13    162354  1.737e+05  0.0023  0.000  1.00  1.03  1.06  1.000  0.001  0.1041 10.59  0.075
(22, 15)-    10154603     170544   0    0.0168     1.41       576       2864  0.0024  0.000  1.01  1.01  0.99  1.000  0.005  0.2401  8.32     dp
(22, 16)-    38852417      74613   0   0.00192     1.11         0      143.3  0.0164  0.000  0.94  0.91  1.03  1.000  0.034  0.2976  2.75     dp
(22, 17)-   124945859      26334   0  0.000211     1.03         0       5.55  0.0647  0.000  0.85  0.75  0.89  1.000  0.104  0.4393  1.97     dp
(22, 18)-   383226185       7315   0  1.91e-05     1.01         0     0.1396  0.1630  0.000  1.11  0.31  0.25  1.000  0.211  0.5981  3.87     dp
(22, 19)-  1158067163       1540   0  1.33e-06        1         0   0.002047  0.3043  0.000  1.82  1.95  0.32  1.000  0.353  0.7235  1.46     dp
(22, 20)-  3482590097        231   0  6.63e-08        1         0  1.526e-05  0.4794  0.000  2.75  9.96 12.27  1.000  0.532  0.8272  1.02     dp
 (23, 2)+     8388599        253   0  3.02e-05        1         0     0.0076  0.6755  0.996  0.00  0.00  0.00  0.000  0.729  0.7288  1.00     dp
 (23, 3)+     8388581       1771   0  0.000211        1         0     0.3737  0.5595  0.986  0.01  0.00  0.00  0.000  0.609  0.6085  3.11     dp
 (23, 4)+     8388527       8855   0   0.00106        1         0      9.346  0.4612  0.967  0.05  0.01  0.02  0.000  0.499  0.4989  1.35     dp
 (23, 5)+     8388365      33649   0   0.00401        1         0        135  0.3730  0.936  0.12  0.05  0.08  0.000  0.400  0.4662  1.60     dp
 (23, 6)+     8387879     100947   0     0.012        1         2       1215  0.2914  0.889  0.21  0.12  0.18  0.000  0.313  0.4346  1.58     dp
 (23, 7)+     8386421     245157   0    0.0292        1       194       7167  0.2139  0.824  0.32  0.23  0.29  0.000  0.236  0.3943  1.37     dp
 (23, 8)+     8382047     490314   0    0.0585        1      2584  2.868e+04  0.1459  0.738  0.45  0.39  0.40  0.000  0.170  0.3458  1.60     dp
 (23, 9)+     8368925     817190   0    0.0976        1     18638   7.98e+04  0.0880  0.630  0.59  0.59  0.55  0.000  0.116  0.2902  4.91     dp
(23, 10)+     8329559    1144066   0     0.137     1.01     58938  1.571e+05  0.0480  0.500  0.73  0.75  0.75  0.000  0.071  0.2289  2.26     dp
(23, 11)+     8211461    1352078   0     0.165     1.02    101796  2.226e+05  0.0181  0.351  0.86  0.86  0.85  0.000  0.036  0.1715  2.24     dp
(23, 12)+     7857167    1352078   0     0.172     1.07    125682  2.327e+05  0.0069  0.191  0.96  0.96  0.95  0.000  0.013  0.1975  5.76     dp
(23, 13)+     6794285    1144066   0     0.168     1.23    138578  1.926e+05  0.0027  0.050  1.00  1.00  1.00  0.257  0.004  0.1991  2.64     dp
(23, 14)+     3605639     817190   0     0.227     2.33    147772  1.852e+05  0.0003  0.000  1.00  1.01  0.99  1.000  0.000  0.1606 15.41  0.064
(23, 15)-     5960299     490314   0    0.0823     2.41     25286  4.033e+04  0.0010  0.000  1.00  1.02  1.02  1.000  0.000  0.1591 20.92  0.033
(23, 16)-    34658113     245157   0   0.00707     1.24       162       1734  0.0059  0.000  1.00  1.01  0.98  1.000  0.009  0.2586  1.45     dp
(23, 17)-   120751555     100947   0  0.000836     1.07         0      84.39  0.0200  0.000  0.87  0.86  0.72  1.000  0.051  0.3107  1.93     dp
(23, 18)-   379031881      33649   0  8.88e-05     1.02         0      2.987  0.0834  0.000  0.88  0.69  0.70  1.000  0.124  0.4697  3.20     dp
(23, 19)-  1153872859       8855   0  7.67e-06     1.01         0    0.06795  0.1874  0.000  1.24  0.41  0.23  1.000  0.232  0.6180  1.01     dp
(23, 20)-  3478395793       1771   0  5.09e-07        1         0  0.0009012  0.3236  0.000  1.94  3.05  0.94  1.000  0.374  0.7358  1.97     dp
(23, 21)- 10451964595        253   0  2.42e-08        1         0    6.1e-06  0.4944  0.000  2.85 11.26 17.79  1.000  0.549  0.8344  1.19     dp
 (24, 2)+    16777207        276   0  1.65e-05        1         0   0.004524  0.6844  0.996  0.00  0.00  0.00  0.000  0.739  0.7390  0.89     dp
 (24, 3)+    16777189       2024   0  0.000121        1         0     0.2441  0.5737  0.987  0.01  0.00  0.00  0.000  0.623  0.6227  1.96     dp
 (24, 4)+    16777135      10626   0  0.000633        1         0      6.729  0.4755  0.970  0.05  0.01  0.02  0.000  0.516  0.5161  2.27     dp
 (24, 5)+    16776973      42504   0   0.00253        1         0      107.7  0.3896  0.942  0.10  0.04  0.07  0.000  0.419  0.4702  1.50     dp
 (24, 6)+    16776487     134596   0   0.00802        1         2       1080  0.3117  0.901  0.19  0.10  0.15  0.000  0.333  0.4416  2.77     dp
 (24, 7)+    16775029     346104   0    0.0206        1        94       7141  0.2358  0.843  0.29  0.20  0.26  0.000  0.257  0.4049  2.11     dp
 (24, 8)+    16770655     735471   0    0.0439        1      1962  3.225e+04  0.1678  0.767  0.41  0.33  0.37  0.000  0.191  0.3605  2.34     dp
 (24, 9)+    16757533    1307504   0     0.078        1     17444   1.02e+05  0.1093  0.671  0.54  0.51  0.50  0.000  0.135  0.3093  2.09     dp
(24, 10)+    16718167    1961256   0     0.117        1     74190  2.301e+05  0.0643  0.555  0.67  0.68  0.69  0.000  0.088  0.2526  1.66     dp
(24, 11)+    16600069    2496144   0      0.15     1.01    158848  3.753e+05  0.0312  0.420  0.80  0.80  0.81  0.000  0.051  0.1920  1.58     dp
(24, 12)+    16245775    2704156   2     0.166     1.03    223880  4.501e+05  0.0089  0.272  0.91  0.91  0.91  0.000  0.023  0.1844  2.50     dp
(24, 13)+    15182893    2496144   0     0.164     1.11    247002  4.104e+05  0.0044  0.123  0.99  0.99  0.98  0.012  0.008  0.1996  1.08     dp
(24, 14)+    11994247    1961256   0     0.164      1.4    256964  3.207e+05  0.0012  0.015  1.00  1.00  1.01  0.680  0.002  0.1765  5.11     dp
(24, 15)+     2428309    1307504   0     0.538     6.91    662522   7.04e+05  0.0005  0.000  1.00  1.00  0.98  1.000  0.000  0.1091 20.64  0.072
(24, 16)-    26269505     735471   3     0.028     1.64      7630  2.059e+04  0.0008  0.000  1.00  1.01  1.01  1.000  0.001  0.2031  1.84     dp
(24, 17)-   112362947     346104   0   0.00308     1.15        28       1066  0.0087  0.000  0.98  0.98  0.98  1.000  0.016  0.2736  2.46     dp
(24, 18)-   370643273     134596   0  0.000363     1.05         0      48.88  0.0349  0.000  0.86  0.81  0.81  1.000  0.065  0.3444  1.48     dp
(24, 19)-  1145484251      42504   0  3.71e-05     1.01         0      1.577  0.1029  0.000  0.93  0.59  0.62  1.000  0.144  0.4980  1.91     dp
(24, 20)-  3470007185      10626   0  3.06e-06        1         0    0.03254  0.2098  0.000  1.36  0.72  0.24  1.000  0.253  0.6354  1.41     dp
(24, 21)- 10443575987       2024   0  1.94e-07        1         0  0.0003921  0.3434  0.000  2.05  4.10  2.06  1.000  0.393  0.7472  1.14     dp
(24, 22)- 31364282393        276   0   8.8e-09        1         0   2.42e-06  0.5080  0.000  2.93 12.50 21.74  1.000  0.565  0.8410  0.76     dp
 (25, 2)+    33554423        300   0  8.94e-06        1         0   0.002673  0.6925  0.997  0.00  0.00  0.00  0.000  0.749  0.7486  0.82     dp
 (25, 3)+    33554405       2300   0  6.85e-05        1         0     0.1576  0.5866  0.988  0.01  0.00  0.00  0.000  0.636  0.6359  1.15     dp
 (25, 4)+    33554351      12650   0  0.000377        1         0      4.769  0.4885  0.973  0.04  0.01  0.01  0.000  0.532  0.5322  1.41     dp
 (25, 5)+    33554189      53130   0   0.00158        1         0      84.12  0.4065  0.948  0.09  0.03  0.06  0.000  0.438  0.4737  2.64     dp
 (25, 6)+    33553703     177100   0   0.00528        1         0      934.7  0.3302  0.911  0.17  0.09  0.13  0.000  0.353  0.4477  1.97     dp
 (25, 7)+    33552245     480700   0    0.0143        1        56       6887  0.2564  0.859  0.26  0.17  0.23  0.000  0.277  0.4141  6.81     dp
 (25, 8)+    33547871    1081575   0    0.0322        1      1420  3.487e+04  0.1892  0.791  0.37  0.29  0.33  0.000  0.211  0.3735  3.05     dp
 (25, 9)+    33534749    2042975   0    0.0609        1     15108  1.245e+05  0.1302  0.705  0.49  0.44  0.45  0.000  0.154  0.3263  6.88     dp
(25, 10)+    33495383    3268760   0    0.0976        1     82818   3.19e+05  0.0806  0.601  0.62  0.61  0.60  0.000  0.106  0.2737  1.85     dp
(25, 11)+    33377285    4457400   0     0.134     1.01    227866  5.953e+05  0.0455  0.480  0.74  0.76  0.76  0.000  0.067  0.2170  1.49     dp
(25, 12)+    33022991    5200300   0     0.157     1.02    376958  8.189e+05  0.0189  0.344  0.86  0.86  0.85  0.000  0.036  0.1707  1.67     dp
(25, 13)+    31960109    5200300   0     0.163     1.05    456662  8.462e+05  0.0063  0.200  0.95  0.95  0.95  0.000  0.015  0.1918  1.41     dp
(25, 14)+    28771463    4457400   0     0.155     1.17    474884  6.906e+05  0.0026  0.067  1.00  1.00  1.00  0.124  0.004  0.1928  4.07     dp
(25, 15)+    19205525    3268760   0      0.17     1.75    467960  5.563e+05  0.0005  0.001  1.00  1.01  1.02  0.975  0.001  0.1543  3.63     dp
(25, 16)-     9492289    2042975   0     0.215     4.53    369668  4.397e+05  0.0006  0.000  1.00  1.01  1.02  1.000  0.000  0.1219  2.42     dp
(25, 17)-    95585731    1081575   0    0.0113     1.35      3164  1.224e+04  0.0026  0.000  1.01  1.01  1.02  1.000  0.004  0.2296  2.37     dp
(25, 18)-   353866057     480700   0   0.00136     1.09         6        653  0.0131  0.000  0.94  0.94  0.95  1.000  0.028  0.2869  1.78     dp
(25, 19)-  1128707035     177100   0  0.000157     1.03         0      27.79  0.0486  0.000  0.87  0.80  0.79  1.000  0.081  0.3779  1.74     dp
(25, 20)-  3453229969      53130   0  1.54e-05     1.01         0     0.8174  0.1222  0.000  1.01  0.50  0.48  1.000  0.163  0.5245  1.26     dp
(25, 21)- 10426798771      12650   0  1.21e-06        1         0    0.01535  0.2305  0.000  1.47  1.15  0.30  1.000  0.273  0.6514  1.53     dp
(25, 22)- 31347505177       2300   0  7.34e-08        1         0  0.0001687  0.3624  0.000  2.16  5.17  4.20  1.000  0.412  0.7577  1.25     dp
(25, 23)- 94109624395        300   0  3.19e-09        1         0  9.531e-07  0.5213  0.000  3.02 13.67 25.56  1.000  0.579  0.8472  0.65     dp
 (26, 2)+    67108855        325   0  4.84e-06        1         0   0.001569  0.6999  0.997  0.00  0.00  0.00  0.000  0.757  0.7574  1.10     dp
 (26, 3)+    67108837       2600   0  3.87e-05        1         0     0.1007  0.5985  0.989  0.01  0.00  0.00  0.000  0.648  0.6483  2.96     dp
 (26, 4)+    67108783      14950   0  0.000223        1         0       3.33  0.5007  0.975  0.04  0.01  0.01  0.000  0.547  0.5473  2.03     dp
 (26, 5)+    67108621      65780   0   0.00098        1         0      64.48  0.4222  0.952  0.08  0.03  0.05  0.000  0.455  0.4767  1.92     dp
 (26, 6)+    67108135     230230   0   0.00343        1         0      789.9  0.3472  0.919  0.15  0.07  0.12  0.000  0.371  0.4530  2.86     dp
 (26, 7)+    67106677     657800   0    0.0098        1        44       6448  0.2762  0.873  0.23  0.15  0.20  0.000  0.296  0.4223  2.54     dp
 (26, 8)+    67102303    1562275   0    0.0233        1       978  3.637e+04  0.2095  0.812  0.34  0.25  0.30  0.000  0.230  0.3849  1.56     dp
 (26, 9)+    67089181    3124550   0    0.0466        1     12300  1.455e+05  0.1502  0.735  0.45  0.39  0.41  0.000  0.172  0.3414  1.47     dp
(26, 10)+    67049815    5311735   0    0.0792        1     84242  4.208e+05  0.0989  0.642  0.57  0.55  0.54  0.000  0.123  0.2925  2.26     dp
(26, 11)+    66931717    7726160   0     0.115        1    297676  8.919e+05  0.0601  0.532  0.69  0.70  0.69  0.000  0.082  0.2394  1.86     dp
(26, 12)+    66577423    9657700   0     0.145     1.01    597200  1.401e+06  0.0308  0.407  0.81  0.81  0.81  0.000  0.050  0.1836 10.22     dp
(26, 13)+    65514541   10400600   2     0.159     1.02    825674  1.651e+06  0.0104  0.273  0.91  0.91  0.91  0.000  0.024  0.1810  1.27     dp
(26, 14)+    62325895    9657700   0     0.155     1.08    882536  1.497e+06  0.0049  0.137  0.98  0.98  0.99  0.004  0.009  0.1929  4.45     dp
(26, 15)+    52759957    7726160   0     0.146     1.27    881744  1.131e+06  0.0015  0.028  1.00  1.00  1.00  0.446  0.003  0.1756  1.39     dp
(26, 16)+    24062143    5311735   0     0.221     2.79    954994  1.173e+06  0.0003  0.000  1.00  1.01  1.01  1.000  0.000  0.1509  1.95     dp
(26, 17)-    62031299    3124550   0    0.0504     2.08     94770  1.574e+05  0.0003  0.000  1.00  1.00  1.00  1.000  0.000  0.1571  1.82     dp
(26, 18)-   320311625    1562275   0   0.00488     1.21      1430       7620  0.0049  0.000  0.99  0.99  0.99  1.000  0.008  0.2481  2.97     dp
(26, 19)-  1095152603     657800   0  0.000601     1.06         0      395.1  0.0155  0.000  0.90  0.89  0.91  1.000  0.041  0.2992  1.55     dp
(26, 20)-  3419675537     230230   0  6.73e-05     1.02         0       15.5  0.0637  0.000  0.88  0.76  0.76  1.000  0.097  0.4098  7.36     dp
(26, 21)- 10393244339      65780   0  6.33e-06     1.01         0     0.4163  0.1416  0.000  1.10  0.47  0.40  1.000  0.181  0.5481  2.18     dp
(26, 22)- 31313950745      14950   0  4.77e-07        1         0   0.007137  0.2499  0.000  1.58  1.72  0.55  1.000  0.292  0.6662  1.33     dp
(26, 23)- 94076069963       2600   0  2.76e-08        1         0  7.183e-05  0.3800  0.000  2.26  6.13  6.73  1.000  0.429  0.7674  1.01     dp
(26, 24)- 282362427617        325   0  1.15e-09        1         0  3.729e-07  0.5349  0.000  3.09 14.77 29.23  1.000  0.593  0.8528  0.79     dp
 (27, 2)+   134217719        351   0  2.62e-06        1         0  0.0009153  0.7068  0.997  0.00  0.00  0.00   0.766  0.7657  1.22     dp
 (27, 3)+   134217701       2925   0  2.18e-05        1         0    0.06372  0.6094  0.990  0.01  0.00  0.00   0.660  0.6598  1.41     dp
 (27, 4)+   134217647      17550   0  0.000131        1         0      2.295  0.5144  0.977  0.03  0.01  0.01   0.562  0.5616  2.68     dp
 (27, 5)+   134217485      80730   0  0.000601        1         0      48.56  0.4366  0.957  0.07  0.02  0.04   0.471  0.4794  1.37     dp
 (27, 6)+   134216999     296010   0   0.00221        1         0      652.8  0.3629  0.927  0.13  0.06  0.10   0.389  0.4577  1.15     dp
 (27, 7)+   134215541     888030   0   0.00662        1        14       5876  0.2946  0.885  0.21  0.13  0.18   0.315  0.4295  2.46     dp
 (27, 8)+   134211167    2220075   0    0.0165        1       694  3.672e+04  0.2287  0.830  0.31  0.22  0.28   0.248  0.3951  1.44     dp
 (27, 9)+   134198045    4686825   0    0.0349        1      9680  1.637e+05  0.1695  0.761  0.41  0.34  0.38   0.190  0.3548  4.87     dp
(27, 10)+   134158679    8436285   0    0.0629        1     79492  5.305e+05  0.1178  0.676  0.53  0.49  0.49   0.140  0.3094  3.38     dp
(27, 11)+   134040581   13037895   0    0.0973        1    353666  1.268e+06  0.0748  0.577  0.64  0.64  0.63   0.098  0.2597  4.32     dp
(27, 12)+   133686287   17383860   0      0.13        1    877442  2.261e+06  0.0436  0.463  0.76  0.76  0.77   0.063  0.2070  1.09     dp
(27, 13)+   132623405   20058300   0     0.151     1.01   1405978  3.034e+06  0.0197  0.338  0.86  0.86  0.86   0.036  0.1695  1.61     dp
(27, 14)+   129434759   20058300   0     0.155     1.04   1675314  3.108e+06  0.0058  0.207  0.94  0.94  0.94  0.000  0.016  0.1867  3.37     dp
(27, 15)+   119868821   17383860   0     0.145     1.12   1661508  2.521e+06  0.0031  0.084  0.99  1.00  1.00  0.054  0.005  0.1870  5.04     dp
(27, 16)+    91171007   13037895   0     0.143     1.47   1556298  1.864e+06  0.0004  0.007  1.00  1.00  1.00  0.831  0.001  0.1480  1.01     dp
(27, 17)+     5077565    8436285   0      1.66     26.4  13516412  1.402e+07  0.0003  0.000  1.00  1.00  1.00   0.000  0.0400 29.54  0.024
(27, 18)-   253202761    4686825   3    0.0185     1.53     35356  8.675e+04  0.0006  0.000  1.00  1.00  1.01   0.001  0.1947  2.99     dp
(27, 19)-  1028043739    2220075   0   0.00216     1.13       838       4794  0.0078  0.000  0.98  0.98  0.98   0.014  0.2631  1.15     dp
(27, 20)-  3352566673     888030   0  0.000265     1.04         0      235.2  0.0268  0.000  0.89  0.86  0.85   0.052  0.3111  1.44     dp
(27, 21)- 10326135475     296010   0  2.87e-05     1.01         0      8.485  0.0797  0.000  0.92  0.67  0.67   0.113  0.4396  1.27     dp
(27, 22)- 31246841881      80730   0  2.58e-06        1         0     0.2086  0.1614  0.000  1.19  0.60  0.36   0.199  0.5691  1.72     dp
(27, 23)- 94008961099      17550   0  1.87e-07        1         0   0.003276  0.2682  0.000  1.68  2.38  1.13   0.310  0.6795  1.44     dp
(27, 24)- 282295318753       2925   0  1.04e-08        1         0   3.03e-05  0.3961  0.000  2.35  7.09  9.34   0.446  0.7763  0.83     dp
(27, 25)- 847154391715        351   0  4.14e-10        1         0   1.45e-07  0.5475  0.000  3.16 15.81 32.76   0.606  0.8581  0.85     dp
 (28, 2)+   268435447        378   0  1.41e-06        1         0  0.0005309  0.7133  0.997  0.00  0.00  0.00   0.773  0.7735  0.90     dp
 (28, 3)+   268435429       3276   0  1.22e-05        1         0    0.03997  0.6195  0.991  0.01  0.00  0.00   0.671  0.6707  2.34     dp
 (28, 4)+   268435375      20475   0  7.63e-05        1         0      1.562  0.5271  0.979  0.03  0.00  0.01   0.575  0.5750  1.64     dp
 (28, 5)+   268435213      98280   0  0.000366        1         0      35.98  0.4499  0.960  0.07  0.02  0.04   0.487  0.4865  2.39     dp
 (28, 6)+   268434727     376740   0    0.0014        1         0      528.7  0.3774  0.933  0.12  0.06  0.09   0.406  0.4618  1.69     dp
 (28, 7)+   268433269    1184040   0   0.00441        1         2       5223  0.3116  0.895  0.19  0.11  0.16   0.332  0.4359  1.63     dp
 (28, 8)+   268428895    3108105   0    0.0116        1       428  3.599e+04  0.2469  0.846  0.28  0.19  0.25   0.266  0.4041  1.73     dp
 (28, 9)+   268415773    6906900   0    0.0257        1      7544  1.777e+05  0.1883  0.783  0.38  0.30  0.34   0.208  0.3668  2.16     dp
(28, 10)+   268376407   13123110   0    0.0489        1     70604  6.417e+05  0.1361  0.706  0.49  0.43  0.45   0.157  0.3245  1.36     dp
(28, 11)+   268258309   21474180   0    0.0801        1    385694  1.719e+06  0.0907  0.616  0.60  0.58  0.57   0.114  0.2780  4.55     dp
(28, 12)+   267904015   30421755   0     0.114        1   1186080  3.455e+06  0.0569  0.512  0.71  0.71  0.70   0.078  0.2283  2.71     dp
(28, 13)+   266841133   37442160   0      0.14     1.01   2251138  5.254e+06  0.0306  0.397  0.81  0.82  0.82   0.048  0.1767  6.32     dp
(28, 14)+   263652487   40116600   2     0.152     1.02   3047342  6.104e+06  0.0117  0.273  0.90  0.90  0.90  0.000  0.025  0.1779  1.76     dp
(28, 15)+   254086549   37442160   0     0.147     1.06   3220390  5.517e+06  0.0049  0.149  0.97  0.97  0.97  0.001  0.010  0.1871  1.64     dp
(28, 16)+   225388735   30421755   0     0.135     1.19   3067582  4.106e+06  0.0019  0.043  1.00  1.00  1.00  0.260  0.003  0.1734  4.80     dp
(28, 17)+   139295293   21474180   0     0.154     1.93   2767046  3.311e+06  0.0002  0.000  1.00  1.00  1.00  0.999  0.000  0.1524  2.36     dp
(28, 18)-   118985033   13123110   0      0.11     3.26   1147554  1.447e+06  0.0002  0.000  1.00  1.00  0.99   0.000  0.1274  5.74     dp
(28, 19)-   893826011    6906900   0   0.00773      1.3     17124  5.337e+04  0.0026  0.000  1.00  1.00  1.01   0.004  0.2197  4.22     dp
(28, 20)-  3218348945    3108105   0  0.000966     1.08       738       3002  0.0106  0.000  0.95  0.95  0.94   0.024  0.2762  4.10     dp
(28, 21)- 10191917747    1184040   0  0.000116     1.03         0      137.6  0.0384  0.000  0.89  0.83  0.83   0.065  0.3309  1.62     dp
(28, 22)- 31112624153     376740   0  1.21e-05     1.01         0      4.562  0.0960  0.000  0.97  0.61  0.60   0.130  0.4664  1.51     dp
(28, 23)- 93874743371      98280   0  1.05e-06        1         0     0.1029  0.1801  0.000  1.28  0.86  0.39   0.217  0.5880  2.01     dp
(28, 24)- 282161101025      20475   0  7.26e-08        1         0   0.001486  0.2848  0.000  1.77  3.06  2.09   0.328  0.6917  1.68     dp
(28, 25)- 847020173987       3276   0  3.87e-09        1         0  1.267e-05  0.4116  0.000  2.44  8.06 11.96   0.462  0.7846  0.88     dp
(28, 26)- 2541597392873        378   0  1.49e-10        1         0  5.607e-08  0.5591  0.000  3.23 16.80 36.16   0.618  0.8631  0.74     dp
 (29, 2)+   536870903        406   0  7.56e-07        1         0  0.0003063  0.7203  0.998  0.00  0.00  0.00   0.781  0.7807  1.36     dp
 (29, 3)+   536870885       3654   0  6.81e-06        1         0    0.02486  0.6291  0.992  0.01  0.00  0.00   0.681  0.6808  0.94     dp
 (29, 4)+   536870831      23751   0  4.42e-05        1         0      1.051  0.5389  0.981  0.03  0.00  0.01   0.588  0.5876  1.45     dp
 (29, 5)+   536870669     118755   0  0.000221        1         0      26.27  0.4621  0.964  0.06  0.02  0.03   0.501  0.5011  1.97     dp
 (29, 6)+   536870183     475020   0  0.000885        1         0      420.3  0.3919  0.939  0.11  0.05  0.08   0.422  0.4655  2.19     dp
 (29, 7)+   536868725    1560780   0   0.00291        1         0       4537  0.3274  0.904  0.18  0.10  0.14   0.349  0.4416  1.16     dp
 (29, 8)+   536864351    4292145   0   0.00799        1       218  3.432e+04  0.2647  0.859  0.26  0.17  0.22   0.284  0.4122  1.22     dp
 (29, 9)+   536851229   10015005   0    0.0187        1      5458  1.868e+05  0.2062  0.802  0.35  0.27  0.31   0.225  0.3776  2.19     dp
(29, 10)+   536811863   20030010   0    0.0373        1     59674  7.474e+05  0.1536  0.733  0.45  0.39  0.41   0.174  0.3382  2.05     dp
(29, 11)+   536693765   34597290   0    0.0645        1    391462   2.23e+06  0.1078  0.650  0.55  0.52  0.53   0.129  0.2946  1.20     dp
(29, 12)+   536339471   51895935   0    0.0968        1   1473902  5.021e+06  0.0701  0.555  0.66  0.65  0.65   0.092  0.2477  3.19     dp
(29, 13)+   535276589   67863915   0     0.127        1   3373120  8.604e+06  0.0422  0.449  0.76  0.77  0.77   0.061  0.1986  2.15     dp
(29, 14)+   532087943   77558760   0     0.146     1.01   5256116  1.131e+07  0.0204  0.333  0.86  0.86  0.86   0.036  0.1681  2.59     dp
(29, 15)+   522522005   77558760   0     0.148     1.03   6204396  1.151e+07  0.0061  0.214  0.94  0.94  0.94  0.000  0.017  0.1822  2.64     dp
(29, 16)+   493824191   67863915   0     0.137     1.09   5968472  9.326e+06  0.0035  0.099  0.99  0.99  0.99  0.022  0.006  0.1819  2.89     dp
(29, 17)+   407730749   51895935   0     0.127     1.32   5418934  6.605e+06  0.0009  0.016  1.00  1.00  1.00  0.618  0.002  0.1508  1.56     dp
(29, 18)+   149450423   34597290   0     0.231     3.59   6902028  8.009e+06  0.0001  0.000  1.00  1.00  1.00  1.000  0.000  0.1275  5.23     dp
(29, 19)-   625390555   20030010   0     0.032     1.86    382512  6.415e+05  0.0004  0.000  1.00  1.00  1.00   0.001  0.1550  1.62     dp
(29, 20)-  2949913489   10015005   0    0.0034     1.18     10412    3.4e+04  0.0044  0.000  0.99  1.00  0.99   0.007  0.2380  6.89     dp
(29, 21)-  9923482291    4292145   0  0.000433     1.05       774       1856  0.0130  0.000  0.92  0.90  0.92   0.034  0.2883  4.74     dp
(29, 22)- 30844188697    1560780   0  5.06e-05     1.02         0      78.98  0.0511  0.000  0.90  0.79  0.80   0.079  0.3625  1.98     dp
(29, 23)- 93606307915     475020   0  5.07e-06     1.01         0      2.411  0.1122  0.000  1.03  0.58  0.52   0.146  0.4907  1.21     dp
(29, 24)- 281892665569     118755   0  4.21e-07        1         0    0.05003  0.1979  0.000  1.36  1.21  0.47   0.235  0.6051  1.32     dp
(29, 25)- 846751738531      23751   0   2.8e-08        1         0  0.0006662  0.3003  0.000  1.87  3.75  3.34   0.345  0.7037  1.29     dp
(29, 26)- 2541328957417       3654   0  1.44e-09        1         0  5.252e-06  0.4259  0.000  2.52  8.98 14.50   0.477  0.7923  1.41     dp
(29, 27)- 7625060614075        406   0  5.32e-11        1         0  2.156e-08  0.5698  0.000  3.29 17.73 39.41   0.630  0.8677  0.68     dp
 (30, 2)+  1073741815        435   0  4.05e-07        1         0  0.0001758  0.7277  0.998  0.00  0.00  0.00   0.788  0.7875  0.94     dp
 (30, 3)+  1073741797       4060   0  3.78e-06        1         0    0.01535  0.6381  0.992  0.01  0.00  0.00   0.690  0.6904  1.38     dp
 (30, 4)+  1073741743      27405   0  2.55e-05        1         0     0.6994  0.5508  0.982  0.02  0.00  0.01   0.600  0.5995  1.62     dp
 (30, 5)+  1073741581     142506   0  0.000133        1         0      18.91  0.4734  0.966  0.05  0.02  0.03   0.515  0.5149  1.49     dp
 (30, 6)+  1073741095     593775   0  0.000553        1         0      328.4  0.4059  0.944  0.10  0.04  0.07   0.437  0.4688  4.58     dp
 (30, 7)+  1073739637    2035800   0    0.0019        1         4       3860  0.3420  0.912  0.16  0.09  0.13   0.365  0.4467  1.61     dp
 (30, 8)+  1073735263    5852925   0   0.00545        1        90   3.19e+04  0.2814  0.871  0.23  0.15  0.20   0.300  0.4195 11.37     dp
 (30, 9)+  1073722141   14307150   0    0.0133        1      3676  1.906e+05  0.2234  0.820  0.32  0.24  0.29   0.242  0.3873  2.46     dp
(30, 10)+  1073682775   30045015   0     0.028        1     48872  8.408e+05  0.1709  0.756  0.42  0.35  0.38   0.190  0.3505  1.20     dp
(30, 11)+  1073564677   54627300   0    0.0509        1    372722   2.78e+06  0.1245  0.681  0.52  0.47  0.49   0.145  0.3096  3.13     dp
(30, 12)+  1073210383   86493225   0    0.0806        1   1700968  6.971e+06  0.0841  0.593  0.62  0.60  0.60   0.106  0.2654  1.94     dp
(30, 13)+  1072147501  119759850   0     0.112        1   4682814  1.338e+07  0.0542  0.495  0.72  0.72  0.71   0.074  0.2187  7.66     dp
(30, 14)+  1068958855  145422675   0     0.136        1   8526210  1.978e+07  0.0304  0.387  0.81  0.82  0.82   0.047  0.1708  0.99     dp
(30, 15)+  1059392917  155117520   2     0.146     1.01  11335774  2.271e+07  0.0129  0.274  0.90  0.90  0.90  0.000  0.026  0.1749  1.36     dp
(30, 16)+  1030695103  145422675   0     0.141     1.04  11890228  2.052e+07  0.0047  0.160  0.96  0.96  0.96  0.000  0.011  0.1821  1.56     dp
(30, 17)+   944601661  119759850   0     0.127     1.14  10866188  1.518e+07  0.0021  0.058  1.00  1.00  1.00  0.137  0.003  0.1706  1.77     dp
(30, 18)+   686321335   86493225   0     0.126     1.56   9292812   1.09e+07  0.0004  0.003  1.00  1.00  1.00  0.925  0.001  0.1488  1.52     dp
(30, 19)-    88519643   54627300   0     0.617     13.1  32353048  3.371e+07  0.0000  0.000  1.00  1.00  1.00   0.000  0.0471  3.17     dp
(30, 20)-  2413042577   30045015   3    0.0125     1.44    168808  3.741e+05  0.0006  0.000  1.00  1.01  1.00   0.002  0.1872  3.41     dp
(30, 21)-  9386611379   14307150   0   0.00152     1.11      8220  2.181e+04  0.0069  0.000  0.98  0.99  0.98   0.013  0.2529  6.03     dp
(30, 22)- 30307317785    5852925   0  0.000193     1.04       832       1130  0.0221  0.000  0.90  0.88  0.88   0.044  0.2996  3.94     dp
(30, 23)- 93069437003    2035800   0  2.19e-05     1.01         0      44.53  0.0643  0.000  0.92  0.73  0.73   0.093  0.3914  2.17     dp
(30, 24)- 281355794657     593775   0  2.11e-06        1         0      1.253  0.1285  0.000  1.10  0.63  0.48   0.162  0.5127  1.38     dp
(30, 25)- 846214867619     142506   0  1.68e-07        1         0      0.024  0.2149  0.000  1.44  1.63  0.77   0.251  0.6206  2.02     dp
(30, 26)- 2540792086505      27405   0  1.08e-08        1         0  0.0002956  0.3151  0.000  1.95  4.43  4.83   0.361  0.7148  1.58     dp
(30, 27)- 7624523743163       4060   0  5.32e-10        1         0  2.161e-06  0.4392  0.000  2.60  9.85 17.08   0.491  0.7995  1.05     dp
(30, 28)- 22875718713137        435   0   1.9e-11        1         0  8.253e-09  0.5799  0.000  3.34 18.62 42.53   0.640  0.8720  0.87     dp
  perigee bounds checked (q = 3) on every clock with computed perigees: 'none' (least point < 1 forced) 156 clocks, 'all' (least point >= 1 forced) 147, transition 60 (computed).

B2 (q = 3): spectrum structure where the whole spectrum was computed (FFT for M <= 2^20; blocked DP for
  amp >= 1.5 and M <= 2^23), C >= 200
  top frequencies h (folded to [1, M/2]) written h = u 2^-j q^k mod M with |u| minimal; median |u| of 40 random h for scale
  (14,9) M=3299 C=2002 amp=5.97 rand|u|~13: h=1249 |S|/C=0.163 u=-1,j=14,k=4; h=1512 |S|/C=0.133 u=+56,j=0,k=3; h=448 |S|/C=0.108 u=-1,j=14,k=5; h=1008 |S|/C=0.104 u=+63,j=10,k=9
  (16,5) M=65293 C=4368 amp=1 rand|u|~559: h=21764 |S|/C=0.410 u=-1,j=16,k=4; h=1 |S|/C=0.229 u=+1,j=0,k=0; h=21765 |S|/C=0.177 u=+1,j=15,k=4; h=14510 |S|/C=0.168 u=+1,j=14,k=3
  (16,6) M=64807 C=8008 amp=1.01 rand|u|~474: h=21602 |S|/C=0.339 u=-1,j=16,k=5; h=7201 |S|/C=0.172 u=+1,j=15,k=4; h=14402 |S|/C=0.167 u=+1,j=14,k=4; h=28803 |S|/C=0.139 u=-1,j=16,k=4
  (16,7) M=63349 C=11440 amp=1.03 rand|u|~352: h=21116 |S|/C=0.251 u=-1,j=16,k=6; h=7039 |S|/C=0.176 u=+1,j=15,k=5; h=14078 |S|/C=0.143 u=+1,j=14,k=5; h=28155 |S|/C=0.138 u=-1,j=16,k=5
  (16,8) M=58975 C=12870 amp=1.11 rand|u|~288: h=8737 |S|/C=0.198 u=-1,j=16,k=5; h=6553 |S|/C=0.148 u=+1,j=15,k=6; h=19658 |S|/C=0.146 u=-1,j=16,k=7; h=26211 |S|/C=0.131 u=-1,j=16,k=6
  (16,9) M=45853 C=11440 amp=1.43 rand|u|~247: h=6793 |S|/C=0.242 u=-1,j=16,k=6; h=19247 |S|/C=0.153 u=+5,j=16,k=5; h=3821 |S|/C=0.143 u=-1085,j=0,k=4; h=13020 |S|/C=0.125 u=+1,j=16,k=5
  (16,10) M=6487 C=8008 amp=10.1 rand|u|~52: h=614 |S|/C=0.146 u=+1,j=16,k=5; h=1862 |S|/C=0.103 u=-125,j=1,k=8; h=1664 |S|/C=0.085 u=-13,j=1,k=5; h=1753 |S|/C=0.082 u=-1,j=15,k=4
  (16,11) M=111611 C=4368 amp=1.59 rand|u|~516: h=31692 |S|/C=0.261 u=-1,j=16,k=7; h=10564 |S|/C=0.212 u=-1,j=16,k=6; h=51155 |S|/C=0.189 u=-931,j=6,k=11; h=46849 |S|/C=0.183 u=-5,j=16,k=7
  (17,11) M=46075 C=12376 amp=3.84 rand|u|~153: h=20857 |S|/C=0.162 u=+1,j=17,k=6; h=16496 |S|/C=0.142 u=+1,j=17,k=7; h=9599 |S|/C=0.132 u=-467,j=2,k=7; h=18718 |S|/C=0.106 u=+1,j=5,k=0
  (18,11) M=84997 C=31824 amp=3.08 rand|u|~332: h=19238 |S|/C=0.170 u=-1,j=18,k=6; h=3148 |S|/C=0.124 u=-1,j=18,k=8; h=26700 |S|/C=0.086 u=-13,j=18,k=5; h=27283 |S|/C=0.083 u=+1,j=18,k=7
  (19,12) M=7153 C=50388 amp=74.3 rand|u|~29: h=2187 |S|/C=0.042 u=+1,j=0,k=7; h=1897 |S|/C=0.038 u=-1,j=19,k=5; h=148 |S|/C=0.034 u=-1,j=2,k=8; h=1240 |S|/C=0.032 u=-73,j=0,k=4
  (20,4) M=1048495 C=4845 amp=1 rand|u|~6907: h=349498 |S|/C=0.481 u=-1,j=20,k=3; h=1 |S|/C=0.440 u=+1,j=0,k=0; h=196593 |S|/C=0.408 u=+1,j=4,k=1; h=2 |S|/C=0.397 u=+1,j=19,k=4
  (20,5) M=1048333 C=15504 amp=1 rand|u|~7503: h=349444 |S|/C=0.450 u=-1,j=20,k=4; h=1 |S|/C=0.335 u=+1,j=0,k=0; h=2 |S|/C=0.282 u=+1,j=19,k=5; h=65521 |S|/C=0.278 u=+1,j=4,k=1
  (20,6) M=1047847 C=38760 amp=1 rand|u|~5352: h=349282 |S|/C=0.406 u=-1,j=20,k=5; h=1 |S|/C=0.245 u=+1,j=0,k=0; h=2 |S|/C=0.188 u=+1,j=19,k=6; h=349283 |S|/C=0.184 u=+1,j=19,k=5
  (20,7) M=1046389 C=77520 amp=1 rand|u|~5232: h=348796 |S|/C=0.352 u=-1,j=20,k=6; h=1 |S|/C=0.169 u=+1,j=0,k=0; h=116265 |S|/C=0.158 u=-1,j=18,k=5; h=465062 |S|/C=0.156 u=+1,j=19,k=5
  (20,8) M=1042015 C=125970 amp=1.01 rand|u|~4341: h=347338 |S|/C=0.287 u=-1,j=20,k=7; h=463118 |S|/C=0.163 u=+1,j=19,k=6; h=115779 |S|/C=0.145 u=-1,j=18,k=6; h=231559 |S|/C=0.136 u=+1,j=20,k=6
  (20,9) M=1028893 C=167960 amp=1.02 rand|u|~3780: h=342964 |S|/C=0.215 u=-1,j=20,k=8; h=457286 |S|/C=0.155 u=+1,j=19,k=7; h=266750 |S|/C=0.151 u=-1,j=20,k=6; h=228643 |S|/C=0.133 u=+1,j=20,k=7
  (20,10) M=989527 C=184756 amp=1.06 rand|u|~3850: h=256544 |S|/C=0.191 u=-1,j=20,k=7; h=329842 |S|/C=0.136 u=-1,j=20,k=9; h=439790 |S|/C=0.128 u=+1,j=19,k=8; h=219895 |S|/C=0.122 u=+1,j=20,k=8
  (20,11) M=871429 C=167960 amp=1.2 rand|u|~2731: h=225926 |S|/C=0.217 u=-1,j=20,k=8; h=86067 |S|/C=0.134 u=-5,j=20,k=7; h=365785 |S|/C=0.117 u=-1,j=20,k=7; h=168548 |S|/C=0.112 u=+1,j=20,k=6
  (20,12) M=517135 C=125970 amp=2.03 rand|u|~1774: h=134072 |S|/C=0.162 u=-1,j=20,k=9; h=100022 |S|/C=0.158 u=+1,j=20,k=7; h=217069 |S|/C=0.101 u=-1,j=20,k=8; h=215473 |S|/C=0.093 u=+10483,j=5,k=7
  (20,13) M=545747 C=77520 amp=2.92 rand|u|~1746: h=105556 |S|/C=0.161 u=-1,j=20,k=8; h=229079 |S|/C=0.152 u=+1,j=20,k=9; h=250134 |S|/C=0.124 u=+5523,j=3,k=13; h=85273 |S|/C=0.103 u=+1,j=5,k=0
  (21,13) M=502829 C=203490 amp=4.17 rand|u|~1179: h=202787 |S|/C=0.158 u=-1,j=21,k=8; h=200028 |S|/C=0.085 u=+1,j=20,k=7; h=79149 |S|/C=0.081 u=-1655,j=13,k=13; h=208305 |S|/C=0.069 u=-13,j=21,k=7
  (22,14) M=588665 C=319770 amp=8.13 rand|u|~1445: h=118702 |S|/C=0.104 u=+1,j=22,k=9; h=167606 |S|/C=0.068 u=+1117,j=2,k=11; h=235789 |S|/C=0.065 u=+1,j=22,k=8; h=274818 |S|/C=0.057 u=+1,j=22,k=7
  (23,14) M=3605639 C=817190 amp=2.33 rand|u|~8981: h=1439288 |S|/C=0.161 u=+1,j=23,k=9; h=1468964 |S|/C=0.111 u=-1,j=23,k=11; h=712225 |S|/C=0.082 u=+1,j=23,k=10; h=1444234 |S|/C=0.080 u=-1,j=22,k=8
  (23,15) M=5960299 C=490314 amp=2.41 rand|u|~12432: h=2379214 |S|/C=0.159 u=-1,j=23,k=10; h=1177343 |S|/C=0.154 u=-1,j=23,k=11; h=1241729 |S|/C=0.118 u=-45239,j=4,k=12; h=558778 |S|/C=0.102 u=-1,j=5,k=0
  (24,15) M=2428309 C=1307504 amp=6.91 rand|u|~5660: h=729492 |S|/C=0.109 u=-1,j=24,k=10; h=786952 |S|/C=0.069 u=+18431,j=4,k=10; h=486328 |S|/C=0.069 u=-1,j=23,k=9; h=1094238 |S|/C=0.061 u=-18431,j=3,k=9
  (27,17) M=5077565 C=8436285 amp=26.4 rand|u|~10625: h=2503570 |S|/C=0.040 u=-5,j=27,k=9; h=1294383 |S|/C=0.030 u=-37,j=27,k=5; h=500714 |S|/C=0.029 u=-1,j=27,k=9; h=1502142 |S|/C=0.027 u=-1,j=27,k=10

B2b (q = 3): multi-scale structure.  Energy share E_U of sum_(h!=0)|S(h)|^2 on Sigma_U and the share
  of frequencies in Sigma_U (clocks with FFT, C >= 2000); mU30 = max outside Sigma_30 / sqrt(C ln M)
     (p,a)     amp    E_1    E_3   E_10   E_30 |S_30|/(M/2)   mU30
   (14, 5)    1.02  0.144  0.145  0.220  0.338     1.18e-01   1.97
   (14, 6)    1.05  0.171  0.173  0.243  0.358     1.47e-01   1.82
   (14, 7)    1.15  0.155  0.157  0.229  0.392     1.82e-01   2.16
   (14, 8)    1.67  0.173  0.182  0.281  0.440     2.88e-01   3.03
   (14, 9)    5.97  0.212  0.218  0.334  0.711     6.62e-01   2.08
   (15, 5)    1.01  0.121  0.122  0.174  0.267     6.54e-02   2.57
   (15, 6)    1.02  0.142  0.143  0.196  0.292     7.70e-02   2.41
   (15, 7)    1.07  0.153  0.154  0.225  0.320     9.12e-02   2.37
   (15, 8)    1.25  0.127  0.130  0.201  0.323     1.20e-01   3.31
   (15, 9)     2.5  0.177  0.180  0.264  0.413     2.56e-01   2.91
  (15, 10)    2.25  0.091  0.095  0.148  0.302     1.46e-01   3.20
   (16, 5)       1  0.105  0.107  0.147  0.218     3.46e-02   3.28
   (16, 6)    1.01  0.119  0.120  0.168  0.237     3.93e-02   3.25
   (16, 7)    1.03  0.139  0.139  0.187  0.271     4.70e-02   2.94
   (16, 8)    1.11  0.129  0.133  0.190  0.270     5.62e-02   3.45
   (16, 9)    1.43  0.112  0.112  0.182  0.283     8.06e-02   4.67
  (16, 10)    10.1  0.266  0.267  0.346  0.634     4.66e-01   3.10
  (16, 11)    1.59  0.056  0.056  0.080  0.160     3.96e-02   3.67
   (17, 4)       1  0.078  0.081  0.111  0.163     1.53e-02   3.26
   (17, 5)       1  0.092  0.093  0.127  0.185     1.83e-02   4.10
   (17, 6)    1.01  0.102  0.102  0.142  0.200     2.08e-02   4.33
   (17, 7)    1.02  0.121  0.121  0.164  0.223     2.44e-02   3.93
   (17, 8)    1.05  0.125  0.125  0.171  0.237     2.83e-02   3.84
   (17, 9)    1.18  0.096  0.097  0.143  0.226     3.51e-02   5.21
  (17, 10)    1.82  0.126  0.126  0.173  0.255     5.95e-02   5.44
  (17, 11)    3.84  0.101  0.102  0.143  0.280     9.16e-02   4.49
  (17, 12)    1.33  0.044  0.044  0.057  0.094     1.26e-02   4.65
   (18, 4)       1  0.062  0.065  0.089  0.131     8.08e-03   3.77
   (18, 5)       1  0.079  0.081  0.109  0.156     9.61e-03   5.02
   (18, 6)       1  0.089  0.089  0.123  0.174     1.12e-02   5.65
   (18, 7)    1.01  0.104  0.104  0.142  0.191     1.28e-02   5.38
   (18, 8)    1.03  0.117  0.117  0.155  0.210     1.45e-02   4.78
   (18, 9)    1.08  0.100  0.100  0.141  0.194     1.70e-02   5.59
  (18, 10)    1.29  0.086  0.086  0.128  0.192     2.22e-02   7.44
  (18, 11)    3.08  0.112  0.112  0.150  0.220     5.64e-02   4.00
  (18, 12)    1.97  0.047  0.048  0.066  0.127     1.97e-02   6.64
   (19, 4)       1  0.048  0.051  0.071  0.104     4.25e-03   4.33
   (19, 5)       1  0.067  0.069  0.092  0.132     5.05e-03   6.06
   (19, 6)       1  0.078  0.079  0.106  0.150     5.86e-03   7.23
   (19, 7)       1  0.090  0.090  0.123  0.166     6.68e-03   7.32
   (19, 8)    1.01  0.105  0.105  0.140  0.182     7.55e-03   6.45
   (19, 9)    1.04  0.104  0.104  0.139  0.182     8.58e-03   6.31
  (19, 10)    1.13  0.080  0.080  0.117  0.169     1.02e-02   8.42
  (19, 11)    1.51  0.094  0.094  0.128  0.176     1.49e-02   9.41
  (19, 12)    74.3  0.250  0.274  0.421  0.656     5.87e-01   2.45
   (20, 4)       1  0.036  0.039  0.055  0.082     2.23e-03   4.91
   (20, 5)       1  0.055  0.057  0.076  0.109     2.65e-03   7.21
   (20, 6)       1  0.068  0.069  0.092  0.130     3.07e-03   9.08
   (20, 7)       1  0.078  0.078  0.107  0.146     3.50e-03   9.77
   (20, 8)    1.01  0.092  0.093  0.124  0.161     3.93e-03   8.99
   (20, 9)    1.02  0.101  0.101  0.132  0.170     4.41e-03   7.87
  (20, 10)    1.06  0.084  0.084  0.118  0.158     5.03e-03   9.22
  (20, 11)     1.2  0.071  0.071  0.104  0.153     6.22e-03  12.10
  (20, 12)    2.03  0.094  0.094  0.122  0.158     1.13e-02   9.09
  (20, 13)    2.92  0.053  0.053  0.066  0.125     1.15e-02   9.50
  (21, 13)    4.17  0.075  0.075  0.095  0.139     1.31e-02  10.12
  (21, 14)    1.78  0.032  0.032  0.041  0.071     2.62e-03  14.19
  (22, 13)    1.61  0.077  0.077  0.100  0.130     2.65e-03  17.96
  (22, 14)    8.13  0.074  0.075  0.087  0.131     1.25e-02  10.59
  (23, 14)    2.33  0.063  0.064  0.081  0.104     2.13e-03  15.07
  (23, 15)    2.41  0.033  0.033  0.042  0.073     1.37e-03  20.92
  (24, 15)    6.91  0.072  0.072  0.086  0.121     3.50e-03  20.64
  (27, 17)    26.4  0.024  0.024  0.052  0.072     2.10e-03  21.84

B2c (q = 3): clocks without FFT (M > 2^23, C >= 200): Sigma_3 max and the random-h maximum, with the
  (u, j, k) form of both argmaxes; typical |u| for a random h is ~ M/(2(p+1)(a+1))
  (16,13) M=1528787 C=560 amp=1.04: Sigma_3 max 0.6182 C at u=+1,j=9,k=6; random max 5.2 sqrt(C) (rms 1.01 sqrt(C)) at u=-49,j=15,k=6 (typical 3212)
  (17,13) M=1463251 C=2380 amp=1.09: Sigma_3 max 0.4454 C at u=+1,j=2,k=0; random max 9.7 sqrt(C) (rms 1.03 sqrt(C)) at u=+11,j=6,k=1 (typical 2903)
  (17,14) M=4651897 C=680 amp=1.03: Sigma_3 max 0.6446 C at u=+1,j=10,k=7; random max 5.2 sqrt(C) (rms 1.01 sqrt(C)) at u=+9013,j=17,k=4 (typical 8615)
  (18,13) M=1332179 C=8568 amp=1.2: Sigma_3 max 0.2937 C at u=-1,j=18,k=9; random max 8.2 sqrt(C) (rms 1.00 sqrt(C)) at u=-7531,j=0,k=6 (typical 2504)
  (18,14) M=4520825 C=3060 amp=1.06: Sigma_3 max 0.4846 C at u=-1,j=2,k=0; random max 9.3 sqrt(C) (rms 0.97 sqrt(C)) at u=-19,j=7,k=1 (typical 7931)
  (18,15) M=14086763 C=816 amp=1.02: Sigma_3 max 0.6661 C at u=+1,j=11,k=8; random max 5.1 sqrt(C) (rms 0.98 sqrt(C)) at u=+85,j=8,k=1 (typical 23169)
  (19,13) M=1070035 C=27132 amp=1.49: Sigma_3 max 0.2509 C at u=-1,j=19,k=9; random max 13.1 sqrt(C) (rms 1.06 sqrt(C)) at u=-1819,j=13,k=12 (typical 1911)
  (19,14) M=4258681 C=11628 amp=1.12: Sigma_3 max 0.3185 C at u=-1,j=2,k=0; random max 6.2 sqrt(C) (rms 0.97 sqrt(C)) at u=-89,j=7,k=0 (typical 7098)
  (19,15) M=13824619 C=3876 amp=1.04: Sigma_3 max 0.5176 C at u=+1,j=2,k=0; random max 6.5 sqrt(C) (rms 0.93 sqrt(C)) at u=-41413,j=19,k=3 (typical 21601)
  (19,16) M=42522433 C=969 amp=1.01: Sigma_3 max 0.6840 C at u=+1,j=12,k=9; random max 6.9 sqrt(C) (rms 1.04 sqrt(C)) at u=-19427,j=11,k=0 (typical 62533)
  (20,14) M=3734393 C=38760 amp=1.28: Sigma_3 max 0.2690 C at u=+1,j=20,k=10; random max 5.5 sqrt(C) (rms 0.89 sqrt(C)) at u=-11311,j=8,k=9 (typical 5928)
  (20,15) M=13300331 C=15504 amp=1.08: Sigma_3 max 0.3653 C at u=+1,j=2,k=0; random max 16.2 sqrt(C) (rms 1.13 sqrt(C)) at u=+11,j=11,k=3 (typical 19792)
  (20,16) M=41998145 C=4845 amp=1.02: Sigma_3 max 0.5483 C at u=+1,j=13,k=9; random max 5.1 sqrt(C) (rms 0.96 sqrt(C)) at u=-11351,j=19,k=2 (typical 58821)
  (20,17) M=128091587 C=1140 amp=1.01: Sigma_3 max 0.6991 C at u=+1,j=13,k=10; random max 4.8 sqrt(C) (rms 1.00 sqrt(C)) at u=+496303,j=11,k=12 (typical 169433)
  (21,2) M=2097143 C=210 amp=1: Sigma_3 max 0.7056 C at u=+1,j=0,k=0; random max 4.9 sqrt(C) (rms 1.01 sqrt(C)) at u=-73,j=10,k=1 (typical 15887)
  (21,3) M=2097125 C=1330 amp=1: Sigma_3 max 0.5769 C at u=+1,j=0,k=0; random max 6.2 sqrt(C) (rms 0.98 sqrt(C)) at u=+29,j=2,k=0 (typical 11915)
  (21,4) M=2097071 C=5985 amp=1: Sigma_3 max 0.4841 C at u=+1,j=21,k=3; random max 18.7 sqrt(C) (rms 1.17 sqrt(C)) at u=+13,j=6,k=0 (typical 9532)
  (21,5) M=2096909 C=20349 amp=1: Sigma_3 max 0.4561 C at u=+1,j=21,k=4; random max 7.2 sqrt(C) (rms 0.91 sqrt(C)) at u=-155,j=18,k=2 (typical 7943)
  (21,6) M=2096423 C=54264 amp=1: Sigma_3 max 0.4173 C at u=+1,j=21,k=5; random max 6.1 sqrt(C) (rms 0.93 sqrt(C)) at u=+283,j=18,k=3 (typical 6807)
  (21,7) M=2094965 C=116280 amp=1: Sigma_3 max 0.3681 C at u=+1,j=21,k=6; random max 8.4 sqrt(C) (rms 0.91 sqrt(C)) at u=-943,j=20,k=3 (typical 5952)
  (21,8) M=2090591 C=203490 amp=1: Sigma_3 max 0.3097 C at u=+1,j=21,k=7; random max 14.9 sqrt(C) (rms 1.05 sqrt(C)) at u=+121,j=21,k=5 (typical 5279)
  (21,9) M=2077469 C=293930 amp=1.01: Sigma_3 max 0.2435 C at u=+1,j=21,k=8; random max 7.4 sqrt(C) (rms 0.90 sqrt(C)) at u=-101,j=21,k=3 (typical 4722)
  (21,10) M=2038103 C=352716 amp=1.03: Sigma_3 max 0.1718 C at u=+1,j=21,k=7; random max 4.9 sqrt(C) (rms 0.78 sqrt(C)) at u=+203,j=21,k=3 (typical 4211)
  (21,11) M=1920005 C=352716 amp=1.09: Sigma_3 max 0.2041 C at u=+1,j=21,k=8; random max 6.4 sqrt(C) (rms 0.83 sqrt(C)) at u=-4469,j=21,k=3 (typical 3636)
  (21,12) M=1565711 C=293930 amp=1.34: Sigma_3 max 0.2060 C at u=+1,j=21,k=9; random max 16.4 sqrt(C) (rms 1.00 sqrt(C)) at u=+295,j=20,k=4 (typical 2737)
  (21,15) M=12251755 C=54264 amp=1.17: Sigma_3 max 0.2839 C at u=+1,j=21,k=11; random max 11.3 sqrt(C) (rms 1.01 sqrt(C)) at u=+30991,j=6,k=15 (typical 17403)
  (21,16) M=40949569 C=20349 amp=1.05: Sigma_3 max 0.4049 C at u=-1,j=2,k=0; random max 7.2 sqrt(C) (rms 0.93 sqrt(C)) at u=-56411,j=21,k=4 (typical 54745)
  (21,17) M=127043011 C=5985 amp=1.02: Sigma_3 max 0.5751 C at u=-1,j=14,k=10; random max 5.9 sqrt(C) (rms 0.94 sqrt(C)) at u=+293353,j=4,k=8 (typical 160408)
  (21,18) M=385323337 C=1330 amp=1.01: Sigma_3 max 0.7121 C at u=-1,j=14,k=11; random max 5.9 sqrt(C) (rms 1.03 sqrt(C)) at u=+1092143,j=12,k=11 (typical 460913)
  (21,19) M=1160164315 C=210 amp=1: Sigma_3 max 0.8195 C at u=+1,j=2,k=0; random max 4.2 sqrt(C) (rms 1.03 sqrt(C)) at u=-576493,j=17,k=18 (typical 1318369)
  (22,2) M=4194295 C=231 amp=1: Sigma_3 max 0.7177 C at u=+1,j=0,k=0; random max 6.1 sqrt(C) (rms 1.01 sqrt(C)) at u=-259,j=11,k=1 (typical 30393)
  (22,3) M=4194277 C=1540 amp=1: Sigma_3 max 0.5933 C at u=+1,j=0,k=0; random max 4.9 sqrt(C) (rms 0.97 sqrt(C)) at u=-4141,j=16,k=1 (typical 22795)
  (22,4) M=4194223 C=7315 amp=1: Sigma_3 max 0.4866 C at u=-1,j=22,k=3; random max 7.3 sqrt(C) (rms 0.97 sqrt(C)) at u=-51775,j=13,k=3 (typical 18236)
  (22,5) M=4194061 C=26334 amp=1: Sigma_3 max 0.4615 C at u=-1,j=22,k=4; random max 5.6 sqrt(C) (rms 0.94 sqrt(C)) at u=-2027,j=11,k=0 (typical 15196)
  (22,6) M=4193575 C=74613 amp=1: Sigma_3 max 0.4266 C at u=-1,j=22,k=5; random max 5.8 sqrt(C) (rms 0.86 sqrt(C)) at u=-871,j=11,k=0 (typical 13024)
  (22,7) M=4192117 C=170544 amp=1: Sigma_3 max 0.3821 C at u=-1,j=22,k=6; random max 12.1 sqrt(C) (rms 1.04 sqrt(C)) at u=-11,j=17,k=3 (typical 11392)
  (22,8) M=4187743 C=319770 amp=1: Sigma_3 max 0.3290 C at u=-1,j=22,k=7; random max 9.6 sqrt(C) (rms 0.93 sqrt(C)) at u=+5319,j=6,k=8 (typical 10115)
  (22,9) M=4174621 C=497420 amp=1: Sigma_3 max 0.2684 C at u=-1,j=22,k=8; random max 11.4 sqrt(C) (rms 0.86 sqrt(C)) at u=+16307,j=21,k=8 (typical 9075)
  (22,10) M=4135255 C=646646 amp=1.01: Sigma_3 max 0.2022 C at u=-1,j=22,k=9; random max 7.5 sqrt(C) (rms 0.79 sqrt(C)) at u=+431,j=15,k=1 (typical 8172)
  (22,11) M=4017157 C=705432 amp=1.04: Sigma_3 max 0.1878 C at u=+1,j=22,k=8; random max 12.1 sqrt(C) (rms 0.95 sqrt(C)) at u=+2645,j=22,k=3 (typical 7277)
  (22,12) M=3662863 C=646646 amp=1.15: Sigma_3 max 0.2074 C at u=+1,j=22,k=9; random max 12.4 sqrt(C) (rms 0.96 sqrt(C)) at u=+31,j=13,k=2 (typical 6125)
  (22,15) M=10154603 C=170544 amp=1.41: Sigma_3 max 0.2401 C at u=-1,j=22,k=11; random max 33.4 sqrt(C) (rms 1.46 sqrt(C)) at u=+1,j=22,k=8 (typical 13797)
  (22,16) M=38852417 C=74613 amp=1.11: Sigma_3 max 0.2976 C at u=-1,j=22,k=12; random max 11.5 sqrt(C) (rms 1.02 sqrt(C)) at u=+6953,j=22,k=5 (typical 49683)
  (22,17) M=124945859 C=26334 amp=1.03: Sigma_3 max 0.4393 C at u=+1,j=2,k=0; random max 8.5 sqrt(C) (rms 1.01 sqrt(C)) at u=+1009,j=22,k=2 (typical 150901)
  (22,18) M=383226185 C=7315 amp=1.01: Sigma_3 max 0.5981 C at u=-1,j=15,k=11; random max 17.2 sqrt(C) (rms 1.14 sqrt(C)) at u=-607891,j=15,k=8 (typical 438474)
  (22,19) M=1158067163 C=1540 amp=1: Sigma_3 max 0.7235 C at u=-1,j=15,k=12; random max 6.7 sqrt(C) (rms 1.07 sqrt(C)) at u=+790399,j=18,k=19 (typical 1258769)
  (22,20) M=3482590097 C=231 amp=1: Sigma_3 max 0.8272 C at u=-1,j=2,k=0; random max 4.8 sqrt(C) (rms 0.99 sqrt(C)) at u=+442273,j=4,k=16 (typical 3605166)
  (23,2) M=8388599 C=253 amp=1: Sigma_3 max 0.7288 C at u=+1,j=0,k=0; random max 4.0 sqrt(C) (rms 0.97 sqrt(C)) at u=+8479,j=23,k=1 (typical 58254)
  (23,3) M=8388581 C=1771 amp=1: Sigma_3 max 0.6085 C at u=+1,j=0,k=0; random max 12.4 sqrt(C) (rms 1.08 sqrt(C)) at u=+67,j=3,k=0 (typical 43691)
  (23,4) M=8388527 C=8855 amp=1: Sigma_3 max 0.4989 C at u=+1,j=0,k=0; random max 5.4 sqrt(C) (rms 0.93 sqrt(C)) at u=+32747,j=17,k=0 (typical 34952)
  (23,5) M=8388365 C=33649 amp=1: Sigma_3 max 0.4662 C at u=+1,j=23,k=4; random max 6.4 sqrt(C) (rms 0.98 sqrt(C)) at u=-65521,j=18,k=2 (typical 29126)
  (23,6) M=8387879 C=100947 amp=1: Sigma_3 max 0.4346 C at u=+1,j=23,k=5; random max 6.3 sqrt(C) (rms 0.88 sqrt(C)) at u=-3691,j=23,k=3 (typical 24964)
  (23,7) M=8386421 C=245157 amp=1: Sigma_3 max 0.3943 C at u=+1,j=23,k=6; random max 5.5 sqrt(C) (rms 0.90 sqrt(C)) at u=+69025,j=4,k=3 (typical 21840)
  (23,8) M=8382047 C=490314 amp=1: Sigma_3 max 0.3458 C at u=+1,j=23,k=7; random max 6.4 sqrt(C) (rms 0.91 sqrt(C)) at u=-33059,j=23,k=2 (typical 19403)
  (23,9) M=8368925 C=817190 amp=1: Sigma_3 max 0.2902 C at u=+1,j=23,k=8; random max 19.6 sqrt(C) (rms 1.05 sqrt(C)) at u=-34439,j=7,k=2 (typical 17435)
  (23,10) M=8329559 C=1144066 amp=1.01: Sigma_3 max 0.2289 C at u=+1,j=23,k=9; random max 9.0 sqrt(C) (rms 0.92 sqrt(C)) at u=+38900,j=0,k=6 (typical 15776)
  (23,11) M=8211461 C=1352078 amp=1.02: Sigma_3 max 0.1715 C at u=-1,j=23,k=8; random max 9.0 sqrt(C) (rms 0.97 sqrt(C)) at u=+715,j=23,k=5 (typical 14256)
  (23,12) M=7857167 C=1352078 amp=1.07: Sigma_3 max 0.1975 C at u=-1,j=23,k=9; random max 22.9 sqrt(C) (rms 1.23 sqrt(C)) at u=+85,j=23,k=7 (typical 12592)
  (23,13) M=6794285 C=1144066 amp=1.23: Sigma_3 max 0.1991 C at u=-1,j=23,k=10; random max 10.5 sqrt(C) (rms 0.92 sqrt(C)) at u=+1397,j=22,k=4 (typical 10111)
  (23,16) M=34658113 C=245157 amp=1.24: Sigma_3 max 0.2586 C at u=-1,j=23,k=12; random max 6.0 sqrt(C) (rms 0.93 sqrt(C)) at u=+2495,j=23,k=5 (typical 42473)
  (23,17) M=120751555 C=100947 amp=1.07: Sigma_3 max 0.3107 C at u=-1,j=23,k=13; random max 8.3 sqrt(C) (rms 0.98 sqrt(C)) at u=-397589,j=2,k=5 (typical 139759)
  (23,18) M=379031881 C=33649 amp=1.02: Sigma_3 max 0.4697 C at u=-1,j=2,k=0; random max 14.2 sqrt(C) (rms 1.02 sqrt(C)) at u=-1703939,j=13,k=13 (typical 415605)
  (23,19) M=1153872859 C=8855 amp=1.01: Sigma_3 max 0.6180 C at u=-1,j=16,k=12; random max 4.6 sqrt(C) (rms 0.96 sqrt(C)) at u=-11407,j=15,k=3 (typical 1201951)
  (23,20) M=3478395793 C=1771 amp=1: Sigma_3 max 0.7358 C at u=-1,j=2,k=0; random max 9.2 sqrt(C) (rms 1.06 sqrt(C)) at u=+60233,j=18,k=5 (typical 3450789)
  (23,21) M=10451964595 C=253 amp=1: Sigma_3 max 0.8344 C at u=+1,j=2,k=0; random max 5.7 sqrt(C) (rms 1.01 sqrt(C)) at u=-114361,j=21,k=6 (typical 9897694)
  (24,2) M=16777207 C=276 amp=1: Sigma_3 max 0.7390 C at u=+1,j=0,k=0; random max 3.6 sqrt(C) (rms 1.02 sqrt(C)) at u=-5059,j=11,k=0 (typical 111848)
  (24,3) M=16777189 C=2024 amp=1: Sigma_3 max 0.6227 C at u=+1,j=0,k=0; random max 8.0 sqrt(C) (rms 1.00 sqrt(C)) at u=-773,j=24,k=2 (typical 83886)
  (24,4) M=16777135 C=10626 amp=1: Sigma_3 max 0.5161 C at u=+1,j=0,k=0; random max 9.3 sqrt(C) (rms 0.96 sqrt(C)) at u=+509,j=9,k=0 (typical 67109)
  (24,5) M=16776973 C=42504 amp=1: Sigma_3 max 0.4702 C at u=-1,j=24,k=4; random max 6.1 sqrt(C) (rms 0.94 sqrt(C)) at u=-817,j=9,k=0 (typical 55923)
  (24,6) M=16776487 C=134596 amp=1: Sigma_3 max 0.4416 C at u=-1,j=24,k=5; random max 11.3 sqrt(C) (rms 1.00 sqrt(C)) at u=-503,j=23,k=4 (typical 47933)
  (24,7) M=16775029 C=346104 amp=1: Sigma_3 max 0.4049 C at u=-1,j=24,k=6; random max 8.6 sqrt(C) (rms 0.89 sqrt(C)) at u=-3691,j=24,k=3 (typical 41938)
  (24,8) M=16770655 C=735471 amp=1: Sigma_3 max 0.3605 C at u=-1,j=24,k=7; random max 9.6 sqrt(C) (rms 0.93 sqrt(C)) at u=-17,j=17,k=3 (typical 37268)
  (24,9) M=16757533 C=1307504 amp=1: Sigma_3 max 0.3093 C at u=-1,j=24,k=8; random max 8.5 sqrt(C) (rms 0.88 sqrt(C)) at u=+1993,j=23,k=3 (typical 33515)
  (24,10) M=16718167 C=1961256 amp=1: Sigma_3 max 0.2526 C at u=-1,j=24,k=9; random max 6.8 sqrt(C) (rms 0.83 sqrt(C)) at u=-2939,j=23,k=3 (typical 30397)
  (24,11) M=16600069 C=2496144 amp=1.01: Sigma_3 max 0.1920 C at u=-1,j=24,k=10; random max 6.4 sqrt(C) (rms 0.81 sqrt(C)) at u=+105503,j=24,k=2 (typical 27667)
  (24,12) M=16245775 C=2704156 amp=1.03: Sigma_3 max 0.1844 C at u=+1,j=24,k=9; random max 10.2 sqrt(C) (rms 1.01 sqrt(C)) at u=+395,j=24,k=7 (typical 24994)
  (24,13) M=15182893 C=2496144 amp=1.11: Sigma_3 max 0.1996 C at u=+1,j=24,k=10; random max 4.4 sqrt(C) (rms 0.77 sqrt(C)) at u=-6947,j=8,k=3 (typical 21690)
  (24,14) M=11994247 C=1961256 amp=1.4: Sigma_3 max 0.1765 C at u=+1,j=24,k=11; random max 20.6 sqrt(C) (rms 1.25 sqrt(C)) at u=-1727,j=24,k=5 (typical 15992)
  (24,16) M=26269505 C=735471 amp=1.64: Sigma_3 max 0.2031 C at u=-1,j=24,k=12; random max 7.6 sqrt(C) (rms 0.93 sqrt(C)) at u=-9019,j=21,k=15 (typical 30905)
  (24,17) M=112362947 C=346104 amp=1.15: Sigma_3 max 0.2736 C at u=-1,j=24,k=13; random max 10.6 sqrt(C) (rms 0.93 sqrt(C)) at u=+14035,j=24,k=4 (typical 124848)
  (24,18) M=370643273 C=134596 amp=1.05: Sigma_3 max 0.3444 C at u=-1,j=2,k=0; random max 6.6 sqrt(C) (rms 0.90 sqrt(C)) at u=-838613,j=17,k=6 (typical 390151)
  (24,19) M=1145484251 C=42504 amp=1.01: Sigma_3 max 0.4980 C at u=-1,j=16,k=11; random max 8.7 sqrt(C) (rms 1.04 sqrt(C)) at u=-3958525,j=2,k=9 (typical 1145484)
  (24,20) M=3470007185 C=10626 amp=1: Sigma_3 max 0.6354 C at u=-1,j=17,k=13; random max 6.6 sqrt(C) (rms 0.97 sqrt(C)) at u=+122782,j=0,k=14 (typical 3304769)
  (24,21) M=10443575987 C=2024 amp=1: Sigma_3 max 0.7472 C at u=+1,j=2,k=0; random max 5.5 sqrt(C) (rms 1.03 sqrt(C)) at u=+14640067,j=22,k=13 (typical 9494160)
  (24,22) M=31364282393 C=276 amp=1: Sigma_3 max 0.8410 C at u=-1,j=2,k=0; random max 3.7 sqrt(C) (rms 1.01 sqrt(C)) at u=+23407729,j=5,k=12 (typical 27273289)
  (25,2) M=33554423 C=300 amp=1: Sigma_3 max 0.7486 C at u=+1,j=0,k=0; random max 3.4 sqrt(C) (rms 0.97 sqrt(C)) at u=-528913,j=24,k=1 (typical 215092)
  (25,3) M=33554405 C=2300 amp=1: Sigma_3 max 0.6359 C at u=+1,j=0,k=0; random max 4.8 sqrt(C) (rms 0.99 sqrt(C)) at u=+901121,j=25,k=2 (typical 161319)
  (25,4) M=33554351 C=12650 amp=1: Sigma_3 max 0.5322 C at u=+1,j=0,k=0; random max 5.9 sqrt(C) (rms 0.95 sqrt(C)) at u=-32971,j=25,k=2 (typical 129055)
  (25,5) M=33554189 C=53130 amp=1: Sigma_3 max 0.4737 C at u=+1,j=25,k=4; random max 11.0 sqrt(C) (rms 1.00 sqrt(C)) at u=-46027,j=9,k=5 (typical 107545)
  (25,6) M=33553703 C=177100 amp=1: Sigma_3 max 0.4477 C at u=+1,j=25,k=5; random max 8.2 sqrt(C) (rms 0.89 sqrt(C)) at u=-414461,j=14,k=3 (typical 92181)
  (25,7) M=33552245 C=480700 amp=1: Sigma_3 max 0.4141 C at u=+1,j=25,k=6; random max 28.4 sqrt(C) (rms 1.32 sqrt(C)) at u=+1,j=2,k=2 (typical 80654)
  (25,8) M=33547871 C=1081575 amp=1: Sigma_3 max 0.3735 C at u=+1,j=25,k=7; random max 12.7 sqrt(C) (rms 1.00 sqrt(C)) at u=+457,j=24,k=5 (typical 71683)
  (25,9) M=33534749 C=2042975 amp=1: Sigma_3 max 0.3263 C at u=+1,j=25,k=8; random max 28.6 sqrt(C) (rms 1.21 sqrt(C)) at u=+47,j=25,k=4 (typical 64490)
  (25,10) M=33495383 C=3268760 amp=1: Sigma_3 max 0.2737 C at u=+1,j=25,k=9; random max 7.7 sqrt(C) (rms 0.86 sqrt(C)) at u=-58327,j=25,k=2 (typical 58558)
  (25,11) M=33377285 C=4457400 amp=1.01: Sigma_3 max 0.2170 C at u=+1,j=25,k=10; random max 6.2 sqrt(C) (rms 0.78 sqrt(C)) at u=+71047,j=21,k=10 (typical 53489)
  (25,12) M=33022991 C=5200300 amp=1.02: Sigma_3 max 0.1707 C at u=+1,j=25,k=9; random max 6.9 sqrt(C) (rms 0.80 sqrt(C)) at u=+1223,j=24,k=6 (typical 48851)
  (25,13) M=31960109 C=5200300 amp=1.05: Sigma_3 max 0.1918 C at u=+1,j=25,k=10; random max 5.9 sqrt(C) (rms 0.80 sqrt(C)) at u=+3793,j=12,k=9 (typical 43901)
  (25,14) M=28771463 C=4457400 amp=1.17: Sigma_3 max 0.1928 C at u=+1,j=25,k=11; random max 16.8 sqrt(C) (rms 0.95 sqrt(C)) at u=+313,j=25,k=7 (typical 36886)
  (25,15) M=19205525 C=3268760 amp=1.75: Sigma_3 max 0.1543 C at u=+1,j=25,k=10; random max 14.9 sqrt(C) (rms 0.89 sqrt(C)) at u=-95,j=12,k=1 (typical 23084)
  (25,16) M=9492289 C=2042975 amp=4.53: Sigma_3 max 0.1219 C at u=-1,j=25,k=11; random max 9.7 sqrt(C) (rms 0.89 sqrt(C)) at u=+3925,j=19,k=1 (typical 10738)
  (25,17) M=95585731 C=1081575 amp=1.35: Sigma_3 max 0.2296 C at u=-1,j=25,k=13; random max 10.2 sqrt(C) (rms 0.96 sqrt(C)) at u=+7253,j=25,k=6 (typical 102122)
  (25,18) M=353866057 C=480700 amp=1.09: Sigma_3 max 0.2869 C at u=-1,j=25,k=14; random max 7.9 sqrt(C) (rms 0.92 sqrt(C)) at u=+1164091,j=4,k=1 (typical 358164)
  (25,19) M=1128707035 C=177100 amp=1.03: Sigma_3 max 0.3779 C at u=+1,j=2,k=0; random max 7.9 sqrt(C) (rms 1.06 sqrt(C)) at u=-340481,j=24,k=17 (typical 1085295)
  (25,20) M=3453229969 C=53130 amp=1.01: Sigma_3 max 0.5245 C at u=-1,j=17,k=12; random max 5.9 sqrt(C) (rms 0.93 sqrt(C)) at u=-15457387,j=21,k=0 (typical 3162299)
  (25,21) M=10426798771 C=12650 amp=1: Sigma_3 max 0.6514 C at u=-1,j=17,k=13; random max 7.3 sqrt(C) (rms 1.04 sqrt(C)) at u=-1153583,j=25,k=7 (typical 9114335)
  (25,22) M=31347505177 C=2300 amp=1: Sigma_3 max 0.7577 C at u=-1,j=2,k=0; random max 6.1 sqrt(C) (rms 1.03 sqrt(C)) at u=-5461081,j=0,k=15 (typical 26210289)
  (25,23) M=94109624395 C=300 amp=1: Sigma_3 max 0.8472 C at u=+1,j=2,k=0; random max 3.3 sqrt(C) (rms 0.97 sqrt(C)) at u=+45822023,j=10,k=1 (typical 75408353)
  (26,2) M=67108855 C=325 amp=1: Sigma_3 max 0.7574 C at u=+1,j=0,k=0; random max 4.7 sqrt(C) (rms 0.97 sqrt(C)) at u=-67,j=7,k=2 (typical 414252)
  (26,3) M=67108837 C=2600 amp=1: Sigma_3 max 0.6483 C at u=+1,j=0,k=0; random max 12.6 sqrt(C) (rms 1.03 sqrt(C)) at u=-107,j=8,k=0 (typical 310689)
  (26,4) M=67108783 C=14950 amp=1: Sigma_3 max 0.5473 C at u=+1,j=0,k=0; random max 8.6 sqrt(C) (rms 1.04 sqrt(C)) at u=+103555,j=2,k=3 (typical 248551)
  (26,5) M=67108621 C=65780 amp=1: Sigma_3 max 0.4767 C at u=-1,j=26,k=4; random max 8.1 sqrt(C) (rms 0.96 sqrt(C)) at u=-276799,j=19,k=4 (typical 207125)
  (26,6) M=67108135 C=230230 amp=1: Sigma_3 max 0.4530 C at u=-1,j=26,k=5; random max 12.1 sqrt(C) (rms 1.13 sqrt(C)) at u=-4093,j=12,k=0 (typical 177535)
  (26,7) M=67106677 C=657800 amp=1: Sigma_3 max 0.4223 C at u=-1,j=26,k=6; random max 10.8 sqrt(C) (rms 0.99 sqrt(C)) at u=-239,j=8,k=0 (typical 155340)
  (26,8) M=67102303 C=1562275 amp=1: Sigma_3 max 0.3849 C at u=-1,j=26,k=7; random max 6.6 sqrt(C) (rms 0.88 sqrt(C)) at u=+11117,j=26,k=4 (typical 138071)
  (26,9) M=67089181 C=3124550 amp=1: Sigma_3 max 0.3414 C at u=-1,j=26,k=8; random max 6.2 sqrt(C) (rms 0.85 sqrt(C)) at u=+29743,j=26,k=4 (typical 124239)
  (26,10) M=67049815 C=5311735 amp=1: Sigma_3 max 0.2925 C at u=-1,j=26,k=9; random max 9.6 sqrt(C) (rms 0.80 sqrt(C)) at u=+1045,j=11,k=0 (typical 112878)
  (26,11) M=66931717 C=7726160 amp=1: Sigma_3 max 0.2394 C at u=-1,j=26,k=10; random max 7.9 sqrt(C) (rms 0.83 sqrt(C)) at u=+18409,j=26,k=5 (typical 103290)
  (26,12) M=66577423 C=9657700 amp=1.01: Sigma_3 max 0.1836 C at u=-1,j=26,k=11; random max 43.4 sqrt(C) (rms 1.56 sqrt(C)) at u=-43,j=25,k=7 (typical 94840)
  (26,13) M=65514541 C=10400600 amp=1.02: Sigma_3 max 0.1810 C at u=+1,j=26,k=10; random max 5.4 sqrt(C) (rms 0.77 sqrt(C)) at u=-4555,j=23,k=4 (typical 86659)
  (26,14) M=62325895 C=9657700 amp=1.08: Sigma_3 max 0.1929 C at u=+1,j=26,k=11; random max 18.8 sqrt(C) (rms 1.05 sqrt(C)) at u=-4061,j=25,k=5 (typical 76946)
  (26,15) M=52759957 C=7726160 amp=1.27: Sigma_3 max 0.1756 C at u=+1,j=26,k=12; random max 5.8 sqrt(C) (rms 0.83 sqrt(C)) at u=+75059,j=4,k=2 (typical 61065)
  (26,16) M=24062143 C=5311735 amp=2.79: Sigma_3 max 0.1509 C at u=-1,j=26,k=11; random max 8.0 sqrt(C) (rms 0.87 sqrt(C)) at u=+137867,j=14,k=4 (typical 26211)
  (26,17) M=62031299 C=3124550 amp=2.08: Sigma_3 max 0.1571 C at u=+1,j=26,k=12; random max 7.7 sqrt(C) (rms 0.83 sqrt(C)) at u=-8981,j=26,k=5 (typical 63818)
  (26,18) M=320311625 C=1562275 amp=1.21: Sigma_3 max 0.2481 C at u=-1,j=26,k=14; random max 13.1 sqrt(C) (rms 1.05 sqrt(C)) at u=+5621,j=26,k=7 (typical 312195)
  (26,19) M=1095152603 C=657800 amp=1.06: Sigma_3 max 0.2992 C at u=-1,j=26,k=15; random max 7.1 sqrt(C) (rms 0.90 sqrt(C)) at u=-837329,j=2,k=19 (typical 1014030)
  (26,20) M=3419675537 C=230230 amp=1.02: Sigma_3 max 0.4098 C at u=+1,j=18,k=12; random max 34.5 sqrt(C) (rms 1.47 sqrt(C)) at u=+15587,j=23,k=5 (typical 3015587)
  (26,21) M=10393244339 C=65780 amp=1.01: Sigma_3 max 0.5481 C at u=+1,j=18,k=13; random max 10.5 sqrt(C) (rms 1.11 sqrt(C)) at u=-296647,j=26,k=6 (typical 8748522)
  (26,22) M=31313950745 C=14950 amp=1: Sigma_3 max 0.6662 C at u=+1,j=18,k=14; random max 6.5 sqrt(C) (rms 0.95 sqrt(C)) at u=-643009,j=26,k=4 (typical 25212521)
  (26,23) M=94076069963 C=2600 amp=1: Sigma_3 max 0.7674 C at u=+1,j=2,k=0; random max 5.1 sqrt(C) (rms 1.01 sqrt(C)) at u=-27457583,j=18,k=13 (typical 72589560)
  (26,24) M=282362427617 C=325 amp=1: Sigma_3 max 0.8528 C at u=-1,j=2,k=0; random max 4.1 sqrt(C) (rms 0.98 sqrt(C)) at u=+107462813,j=16,k=20 (typical 209157354)
  (27,2) M=134217719 C=351 amp=1: Sigma_3 max 0.7657 C at u=+1,j=0,k=0; random max 5.3 sqrt(C) (rms 1.01 sqrt(C)) at u=+4627,j=4,k=0 (typical 798915)
  (27,3) M=134217701 C=2925 amp=1: Sigma_3 max 0.6598 C at u=+1,j=0,k=0; random max 6.1 sqrt(C) (rms 0.99 sqrt(C)) at u=-1656885,j=12,k=3 (typical 599186)
  (27,4) M=134217647 C=17550 amp=1: Sigma_3 max 0.5616 C at u=+1,j=0,k=0; random max 11.6 sqrt(C) (rms 1.06 sqrt(C)) at u=+40951,j=16,k=0 (typical 479349)
  (27,5) M=134217485 C=80730 amp=1: Sigma_3 max 0.4794 C at u=+1,j=27,k=4; random max 5.9 sqrt(C) (rms 0.88 sqrt(C)) at u=+19549,j=27,k=3 (typical 399457)
  (27,6) M=134216999 C=296010 amp=1: Sigma_3 max 0.4577 C at u=+1,j=27,k=5; random max 5.0 sqrt(C) (rms 0.89 sqrt(C)) at u=-377285,j=23,k=6 (typical 342390)
  (27,7) M=134215541 C=888030 amp=1: Sigma_3 max 0.4295 C at u=+1,j=27,k=6; random max 10.6 sqrt(C) (rms 0.97 sqrt(C)) at u=+1447,j=16,k=0 (typical 299588)
  (27,8) M=134211167 C=2220075 amp=1: Sigma_3 max 0.3951 C at u=+1,j=27,k=7; random max 6.2 sqrt(C) (rms 0.80 sqrt(C)) at u=+40481,j=27,k=2 (typical 266292)
  (27,9) M=134198045 C=4686825 amp=1: Sigma_3 max 0.3548 C at u=+1,j=27,k=8; random max 21.1 sqrt(C) (rms 1.12 sqrt(C)) at u=+1048171,j=21,k=0 (typical 239639)
  (27,10) M=134158679 C=8436285 amp=1: Sigma_3 max 0.3094 C at u=+1,j=27,k=9; random max 14.6 sqrt(C) (rms 0.91 sqrt(C)) at u=+1011035,j=9,k=7 (typical 217790)
  (27,11) M=134040581 C=13037895 amp=1: Sigma_3 max 0.2597 C at u=+1,j=27,k=10; random max 18.7 sqrt(C) (rms 0.95 sqrt(C)) at u=+1631,j=27,k=6 (typical 199465)
  (27,12) M=133686287 C=17383860 amp=1: Sigma_3 max 0.2070 C at u=+1,j=27,k=11; random max 4.7 sqrt(C) (rms 0.77 sqrt(C)) at u=-1439143,j=20,k=10 (typical 183635)
  (27,13) M=132623405 C=20058300 amp=1.01: Sigma_3 max 0.1695 C at u=+1,j=27,k=10; random max 7.0 sqrt(C) (rms 0.78 sqrt(C)) at u=-397525,j=14,k=5 (typical 169163)
  (27,14) M=129434759 C=20058300 amp=1.04: Sigma_3 max 0.1867 C at u=+1,j=27,k=11; random max 14.6 sqrt(C) (rms 0.93 sqrt(C)) at u=-172477,j=20,k=0 (typical 154089)
  (27,15) M=119868821 C=17383860 amp=1.12: Sigma_3 max 0.1870 C at u=+1,j=27,k=12; random max 21.8 sqrt(C) (rms 1.11 sqrt(C)) at u=-1219,j=27,k=7 (typical 133782)
  (27,16) M=91171007 C=13037895 amp=1.47: Sigma_3 max 0.1480 C at u=+1,j=27,k=11; random max 4.3 sqrt(C) (rms 0.81 sqrt(C)) at u=+36071,j=27,k=5 (typical 95768)
  (27,18) M=253202761 C=4686825 amp=1.53: Sigma_3 max 0.1947 C at u=-1,j=27,k=14; random max 13.2 sqrt(C) (rms 1.02 sqrt(C)) at u=+387239,j=9,k=16 (typical 237973)
  (27,19) M=1028043739 C=2220075 amp=1.13: Sigma_3 max 0.2631 C at u=-1,j=27,k=15; random max 5.2 sqrt(C) (rms 0.83 sqrt(C)) at u=-664027,j=16,k=17 (typical 917896)
  (27,20) M=3352566673 C=888030 amp=1.04: Sigma_3 max 0.3111 C at u=-1,j=27,k=16; random max 6.7 sqrt(C) (rms 0.85 sqrt(C)) at u=-5428685,j=0,k=17 (typical 2850822)
  (27,21) M=10326135475 C=296010 amp=1.01: Sigma_3 max 0.4396 C at u=+1,j=19,k=13; random max 6.1 sqrt(C) (rms 0.92 sqrt(C)) at u=+8840605,j=2,k=5 (typical 8381603)
  (27,22) M=31246841881 C=80730 amp=1: Sigma_3 max 0.5691 C at u=+1,j=19,k=14; random max 8.5 sqrt(C) (rms 0.97 sqrt(C)) at u=+306528101,j=22,k=6 (typical 24259970)
  (27,23) M=94008961099 C=17550 amp=1: Sigma_3 max 0.6795 C at u=+1,j=19,k=15; random max 7.2 sqrt(C) (rms 0.97 sqrt(C)) at u=-73281847,j=18,k=0 (typical 69947144)
  (27,24) M=282295318753 C=2925 amp=1: Sigma_3 max 0.7763 C at u=-1,j=2,k=0; random max 4.3 sqrt(C) (rms 0.99 sqrt(C)) at u=-5108287,j=19,k=2 (typical 201639513)
  (27,25) M=847154391715 C=351 amp=1: Sigma_3 max 0.8581 C at u=+1,j=2,k=0; random max 4.5 sqrt(C) (rms 0.93 sqrt(C)) at u=+1223841593,j=17,k=22 (typical 581836807)
  (28,2) M=268435447 C=378 amp=1: Sigma_3 max 0.7735 C at u=+1,j=0,k=0; random max 4.0 sqrt(C) (rms 1.01 sqrt(C)) at u=-134659,j=23,k=1 (typical 1542732)
  (28,3) M=268435429 C=3276 amp=1: Sigma_3 max 0.6707 C at u=+1,j=0,k=0; random max 10.3 sqrt(C) (rms 1.09 sqrt(C)) at u=+4117,j=9,k=0 (typical 1157049)
  (28,4) M=268435375 C=20475 amp=1: Sigma_3 max 0.5750 C at u=+1,j=0,k=0; random max 7.2 sqrt(C) (rms 0.95 sqrt(C)) at u=-12233,j=28,k=3 (typical 925639)
  (28,5) M=268435213 C=98280 amp=1: Sigma_3 max 0.4865 C at u=+1,j=0,k=0; random max 10.5 sqrt(C) (rms 0.98 sqrt(C)) at u=-115,j=17,k=5 (typical 771366)
  (28,6) M=268434727 C=376740 amp=1: Sigma_3 max 0.4618 C at u=-1,j=28,k=5; random max 7.4 sqrt(C) (rms 0.92 sqrt(C)) at u=+1102429,j=16,k=4 (typical 661169)
  (28,7) M=268433269 C=1184040 amp=1: Sigma_3 max 0.4359 C at u=-1,j=28,k=6; random max 7.2 sqrt(C) (rms 0.92 sqrt(C)) at u=+64051,j=23,k=1 (typical 578520)
  (28,8) M=268428895 C=3108105 amp=1: Sigma_3 max 0.4041 C at u=-1,j=28,k=7; random max 7.6 sqrt(C) (rms 0.87 sqrt(C)) at u=+6947,j=19,k=1 (typical 514232)
  (28,9) M=268415773 C=6906900 amp=1: Sigma_3 max 0.3668 C at u=-1,j=28,k=8; random max 9.5 sqrt(C) (rms 0.95 sqrt(C)) at u=-1380739,j=2,k=1 (typical 462786)
  (28,10) M=268376407 C=13123110 amp=1: Sigma_3 max 0.3245 C at u=-1,j=28,k=9; random max 6.0 sqrt(C) (rms 0.83 sqrt(C)) at u=+112501,j=21,k=1 (typical 420653)
  (28,11) M=268258309 C=21474180 amp=1: Sigma_3 max 0.2780 C at u=-1,j=28,k=10; random max 20.0 sqrt(C) (rms 1.16 sqrt(C)) at u=-3354485,j=16,k=0 (typical 385429)
  (28,12) M=267904015 C=30421755 amp=1: Sigma_3 max 0.2283 C at u=-1,j=28,k=11; random max 11.9 sqrt(C) (rms 0.93 sqrt(C)) at u=-154319,j=28,k=3 (typical 355310)
  (28,13) M=266841133 C=37442160 amp=1.01: Sigma_3 max 0.1767 C at u=-1,j=28,k=12; random max 27.8 sqrt(C) (rms 1.33 sqrt(C)) at u=+277,j=28,k=8 (typical 328622)
  (28,14) M=263652487 C=40116600 amp=1.02: Sigma_3 max 0.1779 C at u=-1,j=28,k=11; random max 7.8 sqrt(C) (rms 0.79 sqrt(C)) at u=+275671,j=23,k=2 (typical 303049)
  (28,15) M=254086549 C=37442160 amp=1.06: Sigma_3 max 0.1871 C at u=-1,j=28,k=12; random max 7.2 sqrt(C) (rms 0.75 sqrt(C)) at u=-3301,j=16,k=1 (typical 273800)
  (28,16) M=225388735 C=30421755 amp=1.19: Sigma_3 max 0.1734 C at u=-1,j=28,k=13; random max 21.0 sqrt(C) (rms 1.07 sqrt(C)) at u=-71,j=27,k=10 (typical 228589)
  (28,17) M=139295293 C=21474180 amp=1.93: Sigma_3 max 0.1524 C at u=+1,j=28,k=12; random max 10.2 sqrt(C) (rms 0.95 sqrt(C)) at u=-310687,j=25,k=14 (typical 133425)
  (28,18) M=118985033 C=13123110 amp=3.26: Sigma_3 max 0.1274 C at u=-1,j=28,k=13; random max 24.7 sqrt(C) (rms 1.25 sqrt(C)) at u=+649973,j=20,k=11 (typical 107972)
  (28,19) M=893826011 C=6906900 amp=1.3: Sigma_3 max 0.2197 C at u=+1,j=28,k=15; random max 19.2 sqrt(C) (rms 1.08 sqrt(C)) at u=+977563,j=3,k=6 (typical 770540)
  (28,20) M=3218348945 C=3108105 amp=1.08: Sigma_3 max 0.2762 C at u=+1,j=28,k=16; random max 19.2 sqrt(C) (rms 1.13 sqrt(C)) at u=+428017,j=21,k=2 (typical 2642323)
  (28,21) M=10191917747 C=1184040 amp=1.03: Sigma_3 max 0.3309 C at u=-1,j=20,k=13; random max 7.8 sqrt(C) (rms 0.93 sqrt(C)) at u=-835837,j=28,k=4 (typical 7987396)
  (28,22) M=31112624153 C=376740 amp=1.01: Sigma_3 max 0.4664 C at u=-1,j=20,k=14; random max 7.4 sqrt(C) (rms 0.96 sqrt(C)) at u=+98974777,j=12,k=5 (typical 23322807)
  (28,23) M=93874743371 C=98280 amp=1: Sigma_3 max 0.5880 C at u=-1,j=20,k=15; random max 10.1 sqrt(C) (rms 1.03 sqrt(C)) at u=+278716049,j=24,k=17 (typical 67438752)
  (28,24) M=282161101025 C=20475 amp=1: Sigma_3 max 0.6917 C at u=-1,j=2,k=0; random max 8.6 sqrt(C) (rms 1.02 sqrt(C)) at u=+68660939,j=20,k=6 (typical 194593863)
  (28,25) M=847020173987 C=3276 amp=1: Sigma_3 max 0.7846 C at u=+1,j=2,k=0; random max 4.6 sqrt(C) (rms 1.03 sqrt(C)) at u=+3212985505,j=7,k=20 (typical 561684466)
  (28,26) M=2541597392873 C=378 amp=1: Sigma_3 max 0.8631 C at u=-1,j=2,k=0; random max 3.9 sqrt(C) (rms 1.00 sqrt(C)) at u=+5395799257,j=2,k=25 (typical 1622986841)
  (29,2) M=536870903 C=406 amp=1: Sigma_3 max 0.7807 C at u=+1,j=0,k=0; random max 6.1 sqrt(C) (rms 1.02 sqrt(C)) at u=+661,j=18,k=2 (typical 2982616)
  (29,3) M=536870885 C=3654 amp=1: Sigma_3 max 0.6808 C at u=+1,j=0,k=0; random max 4.2 sqrt(C) (rms 0.98 sqrt(C)) at u=+1047113,j=26,k=1 (typical 2236962)
  (29,4) M=536870831 C=23751 amp=1: Sigma_3 max 0.5876 C at u=+1,j=0,k=0; random max 6.5 sqrt(C) (rms 1.00 sqrt(C)) at u=+25319,j=17,k=0 (typical 1789569)
  (29,5) M=536870669 C=118755 amp=1: Sigma_3 max 0.5011 C at u=+1,j=0,k=0; random max 8.8 sqrt(C) (rms 1.01 sqrt(C)) at u=+72677,j=27,k=2 (typical 1491307)
  (29,6) M=536870183 C=475020 amp=1: Sigma_3 max 0.4655 C at u=+1,j=29,k=5; random max 9.8 sqrt(C) (rms 1.00 sqrt(C)) at u=-2424805,j=23,k=1 (typical 1278262)
  (29,7) M=536868725 C=1560780 amp=1: Sigma_3 max 0.4416 C at u=+1,j=29,k=6; random max 5.2 sqrt(C) (rms 0.82 sqrt(C)) at u=-42827,j=20,k=0 (typical 1118477)
  (29,8) M=536864351 C=4292145 amp=1: Sigma_3 max 0.4122 C at u=+1,j=29,k=7; random max 5.5 sqrt(C) (rms 0.81 sqrt(C)) at u=+3719087,j=18,k=0 (typical 994193)
  (29,9) M=536851229 C=10015005 amp=1: Sigma_3 max 0.3776 C at u=+1,j=29,k=8; random max 9.8 sqrt(C) (rms 0.79 sqrt(C)) at u=+100157,j=29,k=3 (typical 894752)
  (29,10) M=536811863 C=20030010 amp=1: Sigma_3 max 0.3382 C at u=+1,j=29,k=9; random max 9.2 sqrt(C) (rms 0.93 sqrt(C)) at u=-1943739,j=8,k=10 (typical 813351)
  (29,11) M=536693765 C=34597290 amp=1: Sigma_3 max 0.2946 C at u=+1,j=29,k=10; random max 5.4 sqrt(C) (rms 0.78 sqrt(C)) at u=-74689,j=17,k=0 (typical 745408)
  (29,12) M=536339471 C=51895935 amp=1: Sigma_3 max 0.2477 C at u=+1,j=29,k=11; random max 14.3 sqrt(C) (rms 0.93 sqrt(C)) at u=+227,j=22,k=5 (typical 687615)
  (29,13) M=535276589 C=67863915 amp=1: Sigma_3 max 0.1986 C at u=+1,j=29,k=12; random max 9.6 sqrt(C) (rms 0.91 sqrt(C)) at u=+235495,j=29,k=2 (typical 637234)
  (29,14) M=532087943 C=77558760 amp=1.01: Sigma_3 max 0.1681 C at u=+1,j=29,k=11; random max 11.6 sqrt(C) (rms 0.85 sqrt(C)) at u=-25139,j=29,k=5 (typical 591209)
  (29,15) M=522522005 C=77558760 amp=1.03: Sigma_3 max 0.1822 C at u=+1,j=29,k=12; random max 11.8 sqrt(C) (rms 0.90 sqrt(C)) at u=+1666201,j=15,k=1 (typical 544294)
  (29,16) M=493824191 C=67863915 amp=1.09: Sigma_3 max 0.1819 C at u=+1,j=29,k=13; random max 12.9 sqrt(C) (rms 1.05 sqrt(C)) at u=+238355,j=5,k=5 (typical 484141)
  (29,17) M=407730749 C=51895935 amp=1.32: Sigma_3 max 0.1508 C at u=+1,j=29,k=14; random max 6.9 sqrt(C) (rms 0.85 sqrt(C)) at u=+1703549,j=4,k=13 (typical 377528)
  (29,18) M=149450423 C=34597290 amp=3.59: Sigma_3 max 0.1275 C at u=-1,j=29,k=13; random max 22.7 sqrt(C) (rms 0.99 sqrt(C)) at u=-175,j=29,k=7 (typical 131097)
  (29,19) M=625390555 C=20030010 amp=1.86: Sigma_3 max 0.1550 C at u=+1,j=29,k=14; random max 7.3 sqrt(C) (rms 0.83 sqrt(C)) at u=-242407,j=23,k=17 (typical 521159)
  (29,20) M=2949913489 C=10015005 amp=1.18: Sigma_3 max 0.2380 C at u=+1,j=29,k=16; random max 32.2 sqrt(C) (rms 1.38 sqrt(C)) at u=+15991,j=29,k=7 (typical 2341201)
  (29,21) M=9923482291 C=4292145 amp=1.05: Sigma_3 max 0.2883 C at u=+1,j=29,k=17; random max 22.7 sqrt(C) (rms 1.17 sqrt(C)) at u=+47024291,j=12,k=12 (typical 7517790)
  (29,22) M=30844188697 C=1560780 amp=1.02: Sigma_3 max 0.3625 C at u=+1,j=21,k=14; random max 9.7 sqrt(C) (rms 0.99 sqrt(C)) at u=+25453945,j=29,k=4 (typical 22350861)
  (29,23) M=93606307915 C=475020 amp=1.01: Sigma_3 max 0.4907 C at u=+1,j=21,k=15; random max 6.1 sqrt(C) (rms 0.91 sqrt(C)) at u=-47848319,j=15,k=9 (typical 65004380)
  (29,24) M=281892665569 C=118755 amp=1: Sigma_3 max 0.6051 C at u=+1,j=21,k=16; random max 6.8 sqrt(C) (rms 0.98 sqrt(C)) at u=-94266623,j=20,k=24 (typical 187928444)
  (29,25) M=846751738531 C=23751 amp=1: Sigma_3 max 0.7037 C at u=+1,j=2,k=0; random max 6.7 sqrt(C) (rms 0.97 sqrt(C)) at u=+825763043,j=27,k=10 (typical 542789576)
  (29,26) M=2541328957417 C=3654 amp=1: Sigma_3 max 0.7923 C at u=-1,j=2,k=0; random max 7.6 sqrt(C) (rms 1.03 sqrt(C)) at u=-1593809807,j=11,k=24 (typical 1568721579)
  (29,27) M=7625060614075 C=406 amp=1: Sigma_3 max 0.8677 C at u=+1,j=2,k=0; random max 3.7 sqrt(C) (rms 0.99 sqrt(C)) at u=-3330547583,j=25,k=18 (typical 4538726556)
  (30,2) M=1073741815 C=435 amp=1: Sigma_3 max 0.7875 C at u=+1,j=0,k=0; random max 4.3 sqrt(C) (rms 0.99 sqrt(C)) at u=-8753,j=11,k=0 (typical 5772805)
  (30,3) M=1073741797 C=4060 amp=1: Sigma_3 max 0.6904 C at u=+1,j=0,k=0; random max 6.3 sqrt(C) (rms 0.99 sqrt(C)) at u=-4556779,j=4,k=3 (typical 4329604)
  (30,4) M=1073741743 C=27405 amp=1: Sigma_3 max 0.5995 C at u=+1,j=0,k=0; random max 7.4 sqrt(C) (rms 0.95 sqrt(C)) at u=+8333,j=20,k=1 (typical 3463683)
  (30,5) M=1073741581 C=142506 amp=1: Sigma_3 max 0.5149 C at u=+1,j=0,k=0; random max 6.8 sqrt(C) (rms 1.02 sqrt(C)) at u=-29671,j=29,k=2 (typical 2886402)
  (30,6) M=1073741095 C=593775 amp=1: Sigma_3 max 0.4688 C at u=-1,j=30,k=5; random max 20.9 sqrt(C) (rms 1.13 sqrt(C)) at u=+13484023,j=17,k=3 (typical 2474058)
  (30,7) M=1073739637 C=2035800 amp=1: Sigma_3 max 0.4467 C at u=-1,j=30,k=6; random max 7.3 sqrt(C) (rms 0.95 sqrt(C)) at u=-3145753,j=28,k=4 (typical 2164798)
  (30,8) M=1073735263 C=5852925 amp=1: Sigma_3 max 0.4195 C at u=-1,j=30,k=7; random max 51.8 sqrt(C) (rms 1.94 sqrt(C)) at u=+59,j=28,k=6 (typical 1924257)
  (30,9) M=1073722141 C=14307150 amp=1: Sigma_3 max 0.3873 C at u=-1,j=30,k=8; random max 11.2 sqrt(C) (rms 0.92 sqrt(C)) at u=+2891,j=13,k=0 (typical 1731810)
  (30,10) M=1073682775 C=30045015 amp=1: Sigma_3 max 0.3505 C at u=-1,j=30,k=9; random max 5.5 sqrt(C) (rms 0.72 sqrt(C)) at u=-301207,j=30,k=3 (typical 1574315)
  (30,11) M=1073564677 C=54627300 amp=1: Sigma_3 max 0.3096 C at u=-1,j=30,k=10; random max 14.3 sqrt(C) (rms 0.87 sqrt(C)) at u=+27989,j=18,k=0 (typical 1442963)
  (30,12) M=1073210383 C=86493225 amp=1: Sigma_3 max 0.2654 C at u=-1,j=30,k=11; random max 8.8 sqrt(C) (rms 0.85 sqrt(C)) at u=+11863149,j=3,k=12 (typical 1331527)
  (30,13) M=1072147501 C=119759850 amp=1: Sigma_3 max 0.2187 C at u=-1,j=30,k=12; random max 34.9 sqrt(C) (rms 1.38 sqrt(C)) at u=-4457,j=30,k=7 (typical 1235193)
  (30,14) M=1068958855 C=145422675 amp=1: Sigma_3 max 0.1708 C at u=-1,j=30,k=13; random max 4.5 sqrt(C) (rms 0.71 sqrt(C)) at u=+334505,j=0,k=6 (typical 1149418)
  (30,15) M=1059392917 C=155117520 amp=1.01: Sigma_3 max 0.1749 C at u=-1,j=30,k=12; random max 6.2 sqrt(C) (rms 0.78 sqrt(C)) at u=-206743,j=21,k=0 (typical 1067936)
  (30,16) M=1030695103 C=145422675 amp=1.04: Sigma_3 max 0.1821 C at u=-1,j=30,k=13; random max 7.1 sqrt(C) (rms 0.78 sqrt(C)) at u=+32671,j=9,k=1 (typical 977889)
  (30,17) M=944601661 C=119759850 amp=1.14: Sigma_3 max 0.1706 C at u=-1,j=30,k=14; random max 8.0 sqrt(C) (rms 0.86 sqrt(C)) at u=-547481,j=15,k=2 (typical 846417)
  (30,18) M=686321335 C=86493225 amp=1.56: Sigma_3 max 0.1488 C at u=+1,j=30,k=13; random max 6.9 sqrt(C) (rms 0.81 sqrt(C)) at u=+423605,j=6,k=15 (typical 582616)
  (30,19) M=88519643 C=54627300 amp=13.1: Sigma_3 max 0.0471 C at u=+1,j=30,k=13; random max 13.5 sqrt(C) (rms 0.99 sqrt(C)) at u=+39317,j=26,k=1 (typical 71387)
  (30,20) M=2413042577 C=30045015 amp=1.44: Sigma_3 max 0.1872 C at u=+1,j=30,k=16; random max 15.9 sqrt(C) (rms 1.00 sqrt(C)) at u=-25663,j=29,k=7 (typical 1853335)
  (30,21) M=9386611379 C=14307150 amp=1.11: Sigma_3 max 0.2529 C at u=+1,j=30,k=17; random max 28.9 sqrt(C) (rms 1.35 sqrt(C)) at u=-142967,j=30,k=6 (typical 6881680)
  (30,22) M=30307317785 C=5852925 amp=1.04: Sigma_3 max 0.2996 C at u=+1,j=30,k=18; random max 19.3 sqrt(C) (rms 1.10 sqrt(C)) at u=+1136539,j=29,k=5 (typical 21253379)
  (30,23) M=93069437003 C=2035800 amp=1.01: Sigma_3 max 0.3914 C at u=+1,j=22,k=15; random max 10.9 sqrt(C) (rms 0.87 sqrt(C)) at u=-34151897,j=22,k=8 (typical 62546665)
  (30,24) M=281355794657 C=593775 amp=1: Sigma_3 max 0.5127 C at u=+1,j=22,k=16; random max 7.1 sqrt(C) (rms 0.93 sqrt(C)) at u=+318605221,j=22,k=24 (typical 181519868)
  (30,25) M=846214867619 C=142506 amp=1: Sigma_3 max 0.6206 C at u=+1,j=22,k=17; random max 10.6 sqrt(C) (rms 1.14 sqrt(C)) at u=+89567,j=28,k=12 (typical 524947188)
  (30,26) M=2540792086505 C=27405 amp=1: Sigma_3 max 0.7148 C at u=-1,j=2,k=0; random max 8.4 sqrt(C) (rms 0.99 sqrt(C)) at u=+1559571937,j=26,k=2 (typical 1517796945)
  (30,27) M=7624523743163 C=4060 amp=1: Sigma_3 max 0.7995 C at u=+1,j=2,k=0; random max 5.7 sqrt(C) (rms 0.99 sqrt(C)) at u=+2032188601,j=1,k=24 (typical 4392006764)
  (30,28) M=22875718713137 C=435 amp=1: Sigma_3 max 0.8720 C at u=-1,j=2,k=0; random max 4.8 sqrt(C) (rms 1.02 sqrt(C)) at u=+68468499187,j=5,k=23 (typical 12722869140)

B3 (q = 3): aggregates by distance to the critical line (clocks with C >= 200)
         amp bin    #  med maxS/C  med |S1|/C  med Estr  med mU/rt   med D* top-1 |u|<=3  sum(Coll-C)  sum C(C-1)/M
  [ 1.00,   1.05)  221      0.4467      0.2514     0.102      3.547   0.2203    44/44         70521942   164209121.1
  [ 1.05,    1.5)   69      0.2380      0.0146     0.109      3.242   0.0090    27/27         35196122    50480025.9
  [ 1.50,      3)   25      0.2031      0.0018     0.094      5.444   0.0018    17/17         14309428    17240344.0
  [ 3.00,     10)   11      0.1578      0.0012     0.107      4.525   0.0023     8/8           9328386    10873918.4
  [10.00,  1e+09)    5      0.0471      0.0021     0.271        nan   0.0049     3/4          46230788    48093979.6
==================================================================================================================================
B1 (q = 5): per-clock statistics, p <= 24, clocks with C(p,a) >= 50 printed (s = sign of G: + dyadic, - 5-adic)
  amp = max(2^p, q^a)/|G| (distance to the critical line); Coll-C = excess coincident pairs;
  C(C-1)/M = its uniform-model mean; lam.d = #{|x|>=1/2, ||x|| <= d}/(2 d C); elig = share of words
  whose rational cycle has least point >= 1; maxS/C = max_{h!=0}|S(h)|/C (FFT) or max over Sigma_3
  (dp); mU/rt = max over h outside Sigma_3 (FFT) or over 1000 random h (dp), divided by sqrt(C ln M);
  Estr = share of the energy sum_{h!=0}|S(h)|^2 carried by Sigma_3.
==================================================================================================================================
   (p,a)s           M          C   N       C/M      amp  Coll-C   C(C-1)/M      D*  x<1   lam.1 lam.01 lam.003 elig |S1|/C  maxS/C  mU/rt  Estr
  (8, 3)+         131         56   0     0.427     1.95        18      23.51  0.0938  0.304  0.89  0.00  0.00  0.000                            
  (8, 4)-         369         70   2      0.19     1.69         2      13.09  0.0881  0.214  1.00  2.14  4.76  0.029                            
  (8, 5)-        2869         56   0    0.0195     1.09         0      1.074  0.2249  0.750  0.62  2.68  5.95  0.000                            
  (9, 3)+         387         84   0     0.217     1.32         8      18.02  0.1218  0.607  0.42  1.79  3.97  0.000                            
  (9, 4)-         113        126   0      1.12     5.53       120      139.4  0.0849  0.000  1.35  0.79  0.00  1.000                            
  (9, 5)-        2613        126   0    0.0482      1.2         0      6.028  0.1635  0.556  0.87  0.79  0.00  0.000                            
  (9, 6)-       15113         84   0   0.00556     1.03         0     0.4613  0.2956  0.857  0.42  0.60  0.00  0.000                            
 (10, 3)+         899        120   0     0.133     1.14        10      15.88  0.1751  0.750  0.50  0.00  0.00  0.000                            
 (10, 4)+         399        210   5     0.526     2.57       130        110  0.0373  0.086  0.93  1.90  4.76  0.143  0.024  0.2340  1.39  0.381
 (10, 5)-        2101        252   2      0.12     1.49         2      30.11  0.0342  0.218  1.03  1.19  1.98  0.008  0.059  0.2568  1.20  0.201
 (10, 6)-       14601        210   0    0.0144     1.07         0      3.006  0.1886  0.667  0.76  1.67  3.17  0.000  0.285  0.5421  1.49  0.106
 (10, 7)-       77101        120   0   0.00156     1.01         0     0.1852  0.3122  0.900  0.29  0.42  0.00  0.000                            
 (11, 2)+        2023         55   0    0.0272     1.01         0      1.468  0.4528  0.964  0.00  0.00  0.00  0.000                            
 (11, 3)+        1923        165   0    0.0858     1.07         0      14.07  0.2254  0.824  0.39  0.00  0.00  0.000                            
 (11, 4)+        1423        330   0     0.232     1.44        58       76.3  0.0352  0.394  0.83  1.06  1.01  0.000  0.071  0.2328  1.26  0.246
 (11, 5)-        1077        462   0     0.429      2.9       120      197.8  0.0506  0.004  1.02  1.41  0.72  0.952  0.043  0.1678  0.87  0.390
 (11, 6)-       13577        462   0     0.034     1.15         0      15.69  0.1177  0.481  0.84  0.76  0.36  0.000  0.150  0.3725  1.50  0.098
 (11, 7)-       76077        330   0   0.00434     1.03         0      1.427  0.2539  0.770  0.56  0.91  0.00  0.000  0.360  0.6106  1.96  0.052
 (11, 8)-      388577        165   0  0.000425     1.01         0    0.06964  0.3167  0.921  0.24  0.30  0.00  0.000                            
 (11, 9)-     1951077         55   0  2.82e-05        1         0   0.001522  0.3336  0.982  0.09  0.00  0.00  0.000                            
 (12, 2)+        4071         66   0    0.0162     1.01         0      1.054  0.4819  0.970  0.00  0.00  0.00  0.000                            
 (12, 3)+        3971        220   0    0.0554     1.03         0      12.13  0.2717  0.864  0.30  0.45  0.00  0.000  0.301  0.3599  1.19  0.143
 (12, 4)+        3471        495   0     0.143     1.18        54      70.45  0.1103  0.574  0.71  0.51  0.34  0.000  0.150  0.2946  1.36  0.154
 (12, 5)+         971        792   0     0.816     4.22       610      645.2  0.0165  0.000  0.98  1.01  1.05  1.000  0.005  0.1792  0.96  0.486
 (12, 6)-       11529        924   2    0.0801     1.36        10      73.97  0.0269  0.227  1.03  1.08  1.08  0.002  0.037  0.2459  1.65  0.095
 (12, 7)-       74029        792   0    0.0107     1.06         0      8.463  0.1605  0.601  0.78  0.88  1.47  0.000  0.234  0.4724  2.29  0.061
 (12, 8)-      386529        495   0   0.00128     1.01         0     0.6326  0.2760  0.824  0.41  0.61  0.67  0.000  0.413  0.6597  2.60  0.023
 (12, 9)-     1949029        220   0  0.000113        1         0    0.02472  0.3203  0.936  0.20  0.00  0.00  0.000  0.571  0.7920  1.08     dp
(12, 10)-     9761529         66   0  6.76e-06        1         0  0.0004395  0.3334  0.985  0.08  0.00  0.00  0.000                            
 (13, 2)+        8167         78   0   0.00955        1         0     0.7354  0.5089  0.974  0.00  0.00  0.00  0.000                            
 (13, 3)+        8067        286   0    0.0355     1.02         0       10.1  0.3085  0.892  0.21  0.00  0.00  0.000  0.343  0.3564  1.40  0.121
 (13, 4)+        7567        715   0    0.0945     1.08        24      67.47  0.1302  0.691  0.61  0.63  0.47  0.000  0.167  0.3163  1.60  0.110
 (13, 5)+        5067       1287   0     0.254     1.62       288      326.6  0.0245  0.224  0.90  1.01  0.78  0.000  0.045  0.2066  1.42  0.171
 (13, 6)-        7433       1716   0     0.231      2.1       382      395.9  0.0246  0.036  1.11  1.43  1.55  0.553  0.026  0.1691  1.68  0.118
 (13, 7)-       69933       1716   0    0.0245     1.12         0      42.08  0.1031  0.432  0.92  0.99  1.36  0.000  0.128  0.3301  2.39  0.061
 (13, 8)-      382433       1287   0   0.00337     1.02         0      4.328  0.2128  0.695  0.64  0.78  0.39  0.000  0.302  0.5415  3.09  0.032
 (13, 9)-     1944933        715   0  0.000368        1         0     0.2625  0.2899  0.860  0.34  0.42  0.47  0.000  0.457  0.6972  2.07     dp
(13, 10)-     9757433        286   0  2.93e-05        1         0   0.008354  0.3231  0.948  0.17  0.00  0.00  0.000  0.601  0.8104  1.37     dp
(13, 11)-    48819933         78   0   1.6e-06        1         0   0.000123  0.3334  0.987  0.06  0.00  0.00  0.000                            
 (14, 2)+       16359         91   0   0.00556        1         0     0.5006  0.5366  0.978  0.00  0.00  0.00  0.000                            
 (14, 3)+       16259        364   0    0.0224     1.01         0      8.127  0.3486  0.909  0.15  0.00  0.00  0.000  0.382  0.3816  1.59  0.104
 (14, 4)+       15759       1001   0    0.0635     1.04        12      63.52  0.1820  0.754  0.47  0.50  0.83  0.000  0.213  0.3275  1.62  0.085
 (14, 5)+       13259       2002   0     0.151     1.24       178      302.1  0.0464  0.428  0.73  0.95  1.08  0.000  0.092  0.2304  1.70  0.104
 (14, 6)+         759       3003  14      3.96     21.6     11396  1.188e+04  0.0110  0.000  1.03  0.97  1.39  1.000  0.004  0.0577  1.05  0.500
 (14, 7)-       61741       3432   2    0.0556     1.27        40      190.7  0.0443  0.233  1.10  1.14  1.31  0.001  0.064  0.2391  2.18  0.056
 (14, 8)-      374241       3003   0   0.00802     1.04         0      24.09  0.1397  0.549  0.81  0.68  0.61  0.000  0.200  0.4211  3.64  0.039
 (14, 9)-     1936741       2002   0   0.00103     1.01         0      2.068  0.2402  0.756  0.51  0.72  0.83  0.000  0.353  0.5940  1.41     dp
(14, 10)-     9749241       1001   0  0.000103        1         0     0.1027  0.2999  0.886  0.29  0.20  0.17  0.000  0.493  0.7270  1.18     dp
(14, 11)-    48811741        364   0  7.46e-06        1         0   0.002707  0.3252  0.956  0.15  0.00  0.00  0.000  0.627  0.8256  1.89     dp
(14, 12)-   244124241         91   0  3.73e-07        1         0  3.355e-05  0.3418  0.989  0.05  0.00  0.00  0.000                            
 (15, 2)+       32743        105   0   0.00321        1         0     0.3335  0.5601  0.981  0.00  0.00  0.00  0.000                            
 (15, 3)+       32643        455   0    0.0139        1         0      6.328  0.3828  0.923  0.11  0.00  0.00  0.000  0.416  0.4164  1.78  0.086
 (15, 4)+       32143       1365   0    0.0425     1.02         2      57.92  0.2169  0.799  0.38  0.48  0.61  0.000  0.252  0.3333  2.01  0.074
 (15, 5)+       29643       3003   0     0.101     1.11       172      304.1  0.0924  0.554  0.70  0.83  0.94  0.000  0.126  0.2645  2.06  0.070
 (15, 6)+       17143       5005   5     0.292     1.91      1360       1461  0.0193  0.109  0.97  0.88  1.13  0.026  0.028  0.1631  2.54  0.095
 (15, 7)-       45357       6435   0     0.142     1.72       578      912.8  0.0157  0.064  1.04  1.03  1.04  0.242  0.025  0.1695  1.94  0.056
 (15, 8)-      357857       6435   0     0.018     1.09         2      115.7  0.0899  0.400  0.93  0.90  1.14  0.000  0.119  0.3001  3.96  0.039
 (15, 9)-     1920357       5005   0   0.00261     1.02         0      13.04  0.1835  0.637  0.70  0.79  0.57  0.000  0.260  0.4879  1.97     dp
(15, 10)-     9732857       3003   0  0.000309        1         0     0.9262  0.2612  0.801  0.44  0.52  0.67  0.000  0.396  0.6356  1.35     dp
(15, 11)-    48795357       1365   0   2.8e-05        1         0    0.03816  0.3064  0.905  0.26  0.11  0.12  0.000  0.525  0.7513  1.78     dp
(15, 12)-   244107857        455   0  1.86e-06        1         0  0.0008462  0.3268  0.963  0.13  0.00  0.00  0.000  0.650  0.8384  1.10     dp
(15, 13)-  1220670357        105   0   8.6e-08        1         0  8.946e-06  0.3551  0.990  0.05  0.00  0.00  0.000                            
 (16, 2)+       65511        120   0   0.00183        1         0      0.218  0.5804  0.983  0.00  0.00  0.00  0.000                            
 (16, 3)+       65411        560   0   0.00856        1         0      4.786  0.4114  0.934  0.09  0.09  0.00  0.000  0.448  0.4477  1.97  0.069
 (16, 4)+       64911       1820   0     0.028     1.01         2         51  0.2566  0.832  0.29  0.16  0.09  0.000  0.289  0.3363  2.48  0.067
 (16, 5)+       62411       4368   0      0.07     1.05        88      305.6  0.1239  0.643  0.59  0.56  0.53  0.000  0.156  0.2852  2.50  0.057
 (16, 6)+       49911       8008   0      0.16     1.31       964       1285  0.0200  0.301  0.89  0.89  0.62  0.000  0.045  0.1922  2.50  0.078
 (16, 7)-       12589      11440   0     0.909     6.21      9638  1.039e+04  0.0062  0.000  0.99  0.89  0.84  1.000  0.006  0.0719  1.70  0.096
 (16, 8)-      325089      12870   2    0.0396      1.2       120      509.5  0.0466  0.237  1.03  1.11  1.10  0.000  0.064  0.2333  3.79  0.038
 (16, 9)-     1887589      11440   0   0.00606     1.03         0      69.33  0.1248  0.508  0.83  0.80  0.80  0.000  0.178  0.3819  1.43     dp
(16, 10)-     9700089       8008   0  0.000826     1.01         0       6.61  0.2140  0.700  0.59  0.79  0.83  0.000  0.308  0.5407  1.29     dp
(16, 11)-    48762589       4368   0  8.96e-05        1         0     0.3912  0.2761  0.834  0.38  0.35  0.46  0.000  0.433  0.6695  1.35     dp
(16, 12)-   244075089       1820   0  7.46e-06        1         0    0.01356  0.3114  0.919  0.23  0.08  0.09  0.000  0.553  0.7714  0.98     dp
(16, 13)-  1220637589        560   0  4.59e-07        1         0  0.0002565  0.3280  0.968  0.12  0.00  0.00  0.000  0.670  0.8494  1.15     dp
(16, 14)-  6103450089        120   0  1.97e-08        1         0   2.34e-06  0.3682  0.992  0.04  0.00  0.00  0.000                            
 (17, 2)+      131047        136   0   0.00104        1         0     0.1401  0.5981  0.985  0.00  0.00  0.00  0.000                            
 (17, 3)+      130947        680   0   0.00519        1         0      3.526  0.4354  0.943  0.07  0.07  0.00  0.000  0.476  0.4760  2.16  0.053
 (17, 4)+      130447       2380   0    0.0182        1         2       43.4  0.2918  0.856  0.24  0.08  0.07  0.000  0.323  0.3373  2.99  0.060
 (17, 5)+      127947       6188   0    0.0484     1.02        72      299.2  0.1621  0.702  0.51  0.67  0.92  0.000  0.191  0.2996  3.00  0.049
 (17, 6)+      115447      12376   0     0.107     1.14       940       1327  0.0586  0.439  0.76  0.67  0.61  0.000  0.090  0.2166  3.18  0.050
 (17, 7)+       52947      19448   0     0.367     2.48      6784       7143  0.0036  0.032  1.00  1.04  0.97  0.454  0.005  0.1101  2.85  0.084
 (17, 8)-      259553      24310   0    0.0937      1.5      1390       2277  0.0063  0.086  1.00  1.00  1.05  0.087  0.012  0.1723  3.50  0.037
 (17, 9)-     1822053      24310   0    0.0133     1.07        26      324.3  0.0815  0.375  0.93  0.91  0.94  0.000  0.112  0.2790  2.32     dp
(17, 10)-     9634553      19448   0   0.00202     1.01         0      39.26  0.1637  0.590  0.74  0.82  0.81  0.000  0.230  0.4453  1.13     dp
(17, 11)-    48697053      12376   0  0.000254        1         0      3.145  0.2368  0.748  0.52  0.64  0.77  0.000  0.350  0.5838  1.30     dp
(17, 12)-   244009553       6188   0  2.54e-05        1         0     0.1569  0.2865  0.859  0.34  0.26  0.27  0.000  0.466  0.6976  1.32     dp
(17, 13)-  1220572053       2380   0  1.95e-06        1         0   0.004639  0.3153  0.931  0.20  0.06  0.07  0.000  0.578  0.7885  1.33     dp
(17, 14)-  6103384553        680   0  1.11e-07        1         0  7.565e-05  0.3289  0.972  0.10  0.00  0.00  0.000  0.688  0.8589  1.40     dp
(17, 15)- 30517447053        136   0  4.46e-09        1         0  6.016e-07  0.3794  0.993  0.04  0.00  0.00  0.000                            
 (18, 2)+      262119        153   0  0.000584        1         0    0.08872  0.6136  0.987  0.00  0.00  0.00  0.000                            
 (18, 3)+      262019        816   0   0.00311        1         0      2.538  0.4562  0.950  0.06  0.06  0.00  0.000  0.502  0.5015  2.34  0.039
 (18, 4)+      261519       3060   0    0.0117        1         0      35.79  0.3230  0.875  0.20  0.10  0.05  0.000  0.354  0.3543  3.52  0.051
 (18, 5)+      259019       8568   0    0.0331     1.01        32      283.4  0.1930  0.747  0.43  0.43  0.49  0.000  0.223  0.3092  3.82  0.044
 (18, 6)+      246519      18564   0    0.0753     1.06       738       1398  0.0860  0.538  0.71  0.72  0.70  0.000  0.117  0.2444  4.00  0.040
 (18, 7)+      184019      31824   0     0.173     1.42      4738       5503  0.0122  0.196  0.95  0.95  0.99  0.000  0.028  0.1664  3.63  0.055
 (18, 8)-      128481      43758   0     0.341     3.04     12404   1.49e+04  0.0061  0.000  0.98  0.93  0.91  1.000  0.008  0.0830  3.10  0.050
 (18, 9)-     1690981      48620   2    0.0288     1.16       310       1398  0.0446  0.238  0.99  0.99  1.00  0.000  0.063  0.2271  1.00     dp
(18, 10)-     9503481      43758   0    0.0046     1.03         0      201.5  0.1159  0.475  0.86  0.85  0.83  0.000  0.163  0.3521  2.10     dp
(18, 11)-    48565981      31824   0  0.000655     1.01         0      20.85  0.1927  0.653  0.65  0.81  0.85  0.000  0.275  0.4971  2.40     dp
(18, 12)-   243878481      18564   0  7.61e-05        1         0      1.413  0.2540  0.786  0.45  0.49  0.63  0.000  0.386  0.6198  1.24     dp
(18, 13)-  1220440981       8568   0  7.02e-06        1         0    0.06014  0.2945  0.879  0.30  0.19  0.21  0.000  0.495  0.7214  1.12     dp
(18, 14)-  6103253481       3060   0  5.01e-07        1         0   0.001534  0.3183  0.940  0.18  0.05  0.05  0.000  0.601  0.8031  0.98     dp
(18, 15)- 30517315981        816   0  2.67e-08        1         0  2.179e-05  0.3297  0.975  0.09  0.00  0.00  0.000  0.704  0.8673  1.07     dp
(18, 16)- 152587628481        153   0     1e-09        1         0  1.524e-07  0.3893  0.993  0.03  0.00  0.00  0.000                            
 (19, 2)+      524263        171   0  0.000326        1         0    0.05545  0.6274  0.988  0.00  0.00  0.00  0.000                            
 (19, 3)+      524163        969   0   0.00185        1         0       1.79  0.4799  0.956  0.05  0.05  0.00  0.000  0.525  0.5248  2.55  0.028
 (19, 4)+      523663       3876   0    0.0074        1         0      28.68  0.3505  0.891  0.17  0.12  0.04  0.000  0.383  0.3833  4.06  0.042
 (19, 5)+      521163      11628   0    0.0223     1.01        28      259.4  0.2265  0.782  0.36  0.28  0.23  0.000  0.255  0.3157  4.87  0.041
 (19, 6)+      508663      27132   0    0.0533     1.03       500       1447  0.1190  0.610  0.61  0.57  0.55  0.000  0.147  0.2641  4.98  0.035
 (19, 7)+      446163      50388   0     0.113     1.18      4092       5691  0.0355  0.339  0.83  0.84  0.86  0.000  0.065  0.1807  4.84  0.039
 (19, 8)+      133663      75582   0     0.565     3.92     37496  4.274e+04  0.0051  0.000  1.01  1.01  1.08  0.995  0.007  0.0709  3.77  0.058
 (19, 9)-     1428837      92378   0    0.0647     1.37      3132       5972  0.0109  0.105  1.01  1.03  1.04  0.028  0.020  0.1718  1.90     dp
(19, 10)-     9241337      92378   0      0.01     1.06       100      923.4  0.0759  0.357  0.93  0.92  0.93  0.000  0.107  0.2660  3.88     dp
(19, 11)-    48303837      75582   0   0.00156     1.01         0      118.3  0.1489  0.552  0.77  0.83  0.84  0.000  0.208  0.4115  1.58     dp
(19, 12)-   243616337      50388   0  0.000207        1         0      10.42  0.2157  0.702  0.57  0.69  0.83  0.000  0.313  0.5404  1.53     dp
(19, 13)-  1220178837      27132   0  2.22e-05        1         0     0.6033  0.2667  0.816  0.41  0.39  0.45  0.000  0.418  0.6503  2.41     dp
(19, 14)-  6102991337      11628   0  1.91e-06        1         0    0.02215  0.3008  0.895  0.27  0.15  0.17  0.000  0.521  0.7417  2.21     dp
(19, 15)- 30517053837       3876   0  1.27e-07        1         0  0.0004922  0.3207  0.947  0.16  0.04  0.04  0.000  0.621  0.8157  0.92     dp
(19, 16)- 152587366337        969   0  6.35e-09        1         0  6.147e-06  0.3302  0.978  0.08  0.00  0.00  0.000  0.719  0.8746  0.84     dp
(19, 17)- 762938928837        171   0  2.24e-10        1         0   3.81e-08  0.3979  0.994  0.03  0.00  0.00  0.000                            
 (20, 2)+     1048551        190   0  0.000181        1         0    0.03425  0.6397  0.989  0.00  0.00  0.00  0.000                            
 (20, 3)+     1048451       1140   0   0.00109        1         0      1.238  0.5015  0.961  0.04  0.04  0.00  0.000  0.546  0.5459  2.85  0.020
 (20, 4)+     1047951       4845   0   0.00462        1         0       22.4  0.3749  0.904  0.14  0.10  0.10  0.000  0.410  0.4100  4.62  0.034
 (20, 5)+     1045451      15504   0    0.0148        1        22      229.9  0.2570  0.810  0.31  0.22  0.15  0.000  0.285  0.3201  6.03  0.038
 (20, 6)+     1032951      38760   0    0.0375     1.02       342       1454  0.1469  0.664  0.54  0.55  0.51  0.000  0.176  0.2789  6.13  0.031
 (20, 7)+      970451      77520   0    0.0799     1.08      3922       6192  0.0620  0.444  0.78  0.81  0.85  0.000  0.090  0.2064  6.31  0.031
 (20, 8)+      657951     125970   5     0.191     1.59     21968  2.412e+04  0.0090  0.117  0.97  0.98  0.99  0.004  0.019  0.1361  5.41  0.039
 (20, 9)-      904549     167960   0     0.186     2.16     25718  3.119e+04  0.0037  0.012  1.01  0.99  0.97  0.757  0.007  0.1011  5.97  0.028
(20, 10)-     8717049     184756   2    0.0212     1.12      1038       3916  0.0425  0.238  0.99  1.00  1.01  0.000  0.060  0.2216  1.68     dp
(20, 11)-    47779549     167960   0   0.00352     1.02        16      590.4  0.1078  0.448  0.87  0.86  0.88  0.000  0.151  0.3290  2.25     dp
(20, 12)-   243092049     125970   0  0.000518        1         0      65.28  0.1758  0.613  0.69  0.81  0.84  0.000  0.249  0.4612  2.31     dp
(20, 13)-  1219654549      77520   0  6.36e-05        1         0      4.927  0.2340  0.742  0.51  0.58  0.68  0.000  0.348  0.5772  1.82     dp
(20, 14)-  6102467049      38760   0  6.35e-06        1         0     0.2462  0.2769  0.839  0.36  0.31  0.37  0.000  0.447  0.6764  1.06     dp
(20, 15)- 30516529549      15504   0  5.08e-07        1         0   0.007876  0.3057  0.908  0.24  0.12  0.14  0.000  0.544  0.7592  1.31     dp
(20, 16)- 152586842049       4845   0  3.18e-08        1         0  0.0001538  0.3226  0.954  0.14  0.03  0.03  0.000  0.639  0.8267  1.15     dp
(20, 17)- 762938404549       1140   0  1.49e-09        1         0  1.702e-06  0.3307  0.981  0.07  0.00  0.00  0.000  0.732  0.8812  0.67     dp
(20, 18)- 3814696217049        190   0  4.98e-11        1         0  9.414e-09  0.4055  0.995  0.03  0.00  0.00  0.000                            
 (21, 2)+     2097127        210   0    0.0001        1         0    0.02093  0.6511  0.990  0.00  0.00  0.00  0.000  0.703  0.7027  1.20     dp
 (21, 3)+     2097027       1330   0  0.000634        1         0     0.8429  0.5208  0.965  0.03  0.04  0.00  0.000  0.565  0.5653  2.28     dp
 (21, 4)+     2096527       5985   0   0.00285        1         0      17.08  0.3964  0.915  0.12  0.09  0.08  0.000  0.434  0.4345  1.51     dp
 (21, 5)+     2094027      20349   0   0.00972        1        14      197.7  0.2834  0.832  0.27  0.19  0.15  0.000  0.313  0.3232  2.43     dp
 (21, 6)+     2081527      54264   0    0.0261     1.01       286       1415  0.1772  0.707  0.47  0.42  0.43  0.000  0.204  0.2898  2.85     dp
 (21, 7)+     2019027     116280   0    0.0576     1.04      3020       6697  0.0876  0.524  0.69  0.68  0.69  0.000  0.115  0.2300  1.52     dp
 (21, 8)+     1706527     203490   0     0.119     1.23     19014  2.426e+04  0.0164  0.255  0.89  0.88  0.87  0.000  0.042  0.1627  3.13     dp
 (21, 9)+      144027     293930  14      2.04     14.6    588098  5.998e+05  0.0009  0.000  1.00  1.01  1.03  1.000  0.000  0.0387  4.91  0.057
(21, 10)-     7668473     352716   0     0.046     1.27      8352  1.622e+04  0.0145  0.121  1.03  1.05  1.05  0.008  0.025  0.1717  7.74     dp
(21, 11)-    46730973     352716   0   0.00755     1.04       388       2662  0.0721  0.342  0.93  0.94  0.94  0.000  0.102  0.2583  1.95     dp
(21, 12)-   242043473     293930   0   0.00121     1.01        12      356.9  0.1371  0.520  0.79  0.84  0.84  0.000  0.191  0.3842  1.74     dp
(21, 13)-  1218605973     203490   0  0.000167        1         0      33.98  0.1983  0.663  0.62  0.73  0.81  0.000  0.284  0.5038  1.17     dp
(21, 14)-  6101418473     116280   0  1.91e-05        1         0      2.216  0.2484  0.775  0.46  0.49  0.56  0.000  0.379  0.6089  2.63     dp
(21, 15)- 30515480973      54264   0  1.78e-06        1         0    0.09649  0.2852  0.859  0.33  0.25  0.29  0.000  0.473  0.6990  1.45     dp
(21, 16)- 152585793473      20349   0  1.33e-07        1         0   0.002714  0.3097  0.919  0.22  0.10  0.11  0.000  0.565  0.7744  2.68     dp
(21, 17)- 762937355973       5985   0  7.84e-09        1         0  4.694e-05  0.3241  0.959  0.13  0.03  0.03  0.000  0.656  0.8365  1.19     dp
(21, 18)- 3814695168473       1330   0  3.49e-10        1         0  4.634e-07  0.3329  0.983  0.07  0.00  0.00  0.000  0.744  0.8871  0.83     dp
(21, 19)- 19073484230973        210   0   1.1e-11        1         0  2.301e-09  0.4122  0.995  0.02  0.00  0.00  0.000  0.831  0.9289  0.70     dp
 (22, 2)+     4194279        231   0  5.51e-05        1         0    0.01267  0.6623  0.991  0.00  0.00  0.00  0.000  0.715  0.7151  1.78     dp
 (22, 3)+     4194179       1540   0  0.000367        1         0     0.5651  0.5381  0.968  0.03  0.03  0.00  0.000  0.583  0.5831  1.14     dp
 (22, 4)+     4193679       7315   0   0.00174        1         0      12.76  0.4157  0.924  0.11  0.09  0.07  0.000  0.457  0.4571  1.78     dp
 (22, 5)+     4191179      26334   0   0.00628        1         2      165.5  0.3088  0.851  0.23  0.18  0.14  0.000  0.339  0.3391  1.45     dp
 (22, 6)+     4178679      74613   0    0.0179        1       180       1332  0.2057  0.742  0.41  0.35  0.31  0.000  0.232  0.2981  1.19     dp
 (22, 7)+     4116179     170544   0    0.0414     1.02      2610       7066  0.1137  0.585  0.63  0.67  0.66  0.000  0.141  0.2483  2.39     dp
 (22, 8)+     3803679     319770   0    0.0841      1.1     19160  2.688e+04  0.0441  0.362  0.81  0.81  0.76  0.000  0.068  0.1732  2.36     dp
 (22, 9)+     2241179     497420   0     0.222     1.87     98286  1.104e+05  0.0080  0.059  0.99  0.97  0.95  0.122  0.012  0.1047  8.96  0.030
(22, 10)-     5571321     646646   0     0.116     1.75     59752  7.505e+04  0.0049  0.029  1.01  1.01  1.02  0.449  0.009  0.1100 10.68  0.019
(22, 11)-    44633821     705432   2    0.0158     1.09      2928  1.115e+04  0.0428  0.237  0.99  0.97  0.96  0.000  0.061  0.2170  1.47     dp
(22, 12)-   239946321     646646   0   0.00269     1.02       116       1743  0.1016  0.425  0.87  0.89  0.87  0.000  0.141  0.3104  1.04     dp
(22, 13)-  1216508821     497420   0  0.000409        1        12      203.4  0.1624  0.579  0.72  0.82  0.83  0.000  0.228  0.4316  1.39     dp
(22, 14)-  6099321321     319770   0  5.24e-05        1         0      16.76  0.2168  0.704  0.56  0.64  0.73  0.000  0.317  0.5406  2.07     dp
(22, 15)- 30513383821     170544   0  5.59e-06        1         0     0.9532  0.2601  0.802  0.42  0.41  0.48  0.000  0.407  0.6364  1.38     dp
(22, 16)- 152583696321      74613   0  4.89e-07        1         0    0.03649  0.2919  0.876  0.30  0.21  0.25  0.000  0.496  0.7187  2.43     dp
(22, 17)- 762935258821      26334   0  3.45e-08        1         0  0.0009089  0.3130  0.928  0.20  0.08  0.09  0.000  0.584  0.7878  1.13     dp
(22, 18)- 3814693071321       7315   0  1.92e-09        1         0  1.403e-05  0.3254  0.963  0.12  0.02  0.02  0.000  0.671  0.8451  0.88     dp
(22, 19)- 19073482133821       1540   0  8.07e-11        1         0  1.243e-07  0.3422  0.984  0.06  0.00  0.00  0.000  0.755  0.8924  0.78     dp
(22, 20)- 95367427446321        231   0  2.42e-12        1         0  5.571e-10  0.4183  0.996  0.02  0.00  0.00  0.000  0.838  0.9320  0.81     dp
 (23, 2)+     8388583        253   0  3.02e-05        1         0     0.0076  0.6725  0.992  0.00  0.00  0.00   0.726  0.7265  1.23     dp
 (23, 3)+     8388483       1771   0  0.000211        1         0     0.3737  0.5538  0.971  0.03  0.03  0.00   0.600  0.5995  2.01     dp
 (23, 4)+     8387983       8855   0   0.00106        1         0      9.347  0.4330  0.932  0.09  0.08  0.06   0.478  0.4780  1.14     dp
 (23, 5)+     8385483      33649   0   0.00401        1         0        135  0.3318  0.867  0.21  0.16  0.13   0.364  0.3636  1.43     dp
 (23, 6)+     8372983     100947   0    0.0121        1       116       1217  0.2323  0.770  0.36  0.29  0.28   0.258  0.3044  1.25     dp
 (23, 7)+     8310483     245157   0    0.0295     1.01      2048       7232  0.1399  0.634  0.56  0.55  0.57   0.166  0.2627  1.69     dp
 (23, 8)+     7997983     490314   0    0.0613     1.05     17324  3.006e+04  0.0650  0.446  0.76  0.76  0.76   0.090  0.1988  1.19     dp
 (23, 9)+     6435483     817190   0     0.127      1.3     86842  1.038e+05  0.0090  0.184  0.94  0.95  0.95  0.000  0.024  0.1425  1.46     dp
(23, 10)-     1377017    1144066   0     0.831     7.09    905430  9.505e+05  0.0009  0.000  1.00  1.01  1.01   0.001  0.0444  8.95  0.027
(23, 11)-    40439517    1352078   0    0.0334     1.21     22424  4.521e+04  0.0205  0.134  1.03  1.04  1.03  0.002  0.031  0.1718  2.70     dp
(23, 12)-   235752017    1352078   0   0.00574     1.04      1324       7754  0.0697  0.330  0.93  0.92  0.91   0.098  0.2515  1.10     dp
(23, 13)-  1212314517    1144066   0  0.000944     1.01        76       1080  0.1278  0.493  0.80  0.85  0.86   0.178  0.3618  1.39     dp
(23, 14)-  6095127017     817190   0  0.000134        1        12      109.6  0.1838  0.628  0.66  0.76  0.82   0.261  0.4729  0.98     dp
(23, 15)- 30509189517     490314   0  1.61e-05        1         0       7.88  0.2319  0.738  0.51  0.56  0.64   0.347  0.5728  1.14     dp
(23, 16)- 152579502017     245157   0  1.61e-06        1         0     0.3939  0.2698  0.824  0.38  0.35  0.41   0.433  0.6605  1.15     dp
(23, 17)- 762931064517     100947   0  1.32e-07        1         0    0.01336  0.2974  0.889  0.27  0.18  0.21   0.518  0.7360  2.18     dp
(23, 18)- 3814688877017      33649   0  8.82e-09        1         0  0.0002968  0.3157  0.936  0.18  0.07  0.08   0.602  0.7997  1.19     dp
(23, 19)- 19073477939517       8855   0  4.64e-10        1         0  4.111e-06  0.3264  0.967  0.11  0.02  0.02   0.685  0.8529  0.80     dp
(23, 20)- 95367423252017       1771   0  1.86e-11        1         0  3.287e-08  0.3518  0.986  0.06  0.00  0.00   0.765  0.8972  1.01     dp
(23, 21)- 476837149814517        253   0  5.31e-13        1         0  1.337e-10  0.4248  0.996  0.02  0.00  0.00   0.844  0.9348  0.60     dp
 (24, 2)+    16777191        276   0  1.65e-05        1         0   0.004524  0.6817  0.993  0.00  0.00  0.00   0.737  0.7370  1.03     dp
 (24, 3)+    16777091       2024   0  0.000121        1         0     0.2441  0.5681  0.974  0.02  0.02  0.00   0.615  0.6147  1.32     dp
 (24, 4)+    16776591      10626   0  0.000633        1         0       6.73  0.4516  0.938  0.08  0.07  0.05   0.497  0.4974  1.43     dp
 (24, 5)+    16774091      42504   0   0.00253        1         2      107.7  0.3528  0.881  0.18  0.14  0.12   0.386  0.3864  1.51     dp
 (24, 6)+    16761591     134596   0   0.00803        1       120       1081  0.2558  0.795  0.32  0.26  0.25   0.283  0.3093  1.35     dp
 (24, 7)+    16699091     346104   0    0.0207        1      1654       7173  0.1663  0.675  0.50  0.45  0.44   0.191  0.2741  2.51     dp
 (24, 8)+    16386591     735471   0    0.0449     1.02     15432  3.301e+04  0.0900  0.512  0.69  0.69  0.67   0.114  0.2195  1.38     dp
 (24, 9)+    14824091    1307504   0    0.0882     1.13     88532  1.153e+05  0.0283  0.291  0.86  0.85  0.87   0.050  0.1580  1.66     dp
(24, 10)+     7011591    1961256   0      0.28     2.39    504236  5.486e+05  0.0018  0.019  1.00  1.00  1.01  0.552  0.004  0.0690 14.66  0.027
(24, 11)-    32050909    2496144   0    0.0779     1.52    144746  1.944e+05  0.0046  0.046  1.00  0.99  0.99  0.224  0.007  0.1185  0.91     dp
(24, 12)-   227363409    2704156   2    0.0119     1.07      9842  3.216e+04  0.0438  0.237  0.98  0.96  0.95  0.000  0.062  0.2131  3.33     dp
(24, 13)-  1203925909    2496144   0   0.00207     1.01       644       5175  0.0963  0.407  0.88  0.89  0.88   0.134  0.2951  1.91     dp
(24, 14)-  6086738409    1961256   0  0.000322        1        80        632  0.1513  0.550  0.74  0.83  0.84   0.211  0.4068  1.56     dp
(24, 15)- 30500800909    1307504   0  4.29e-05        1        12      56.05  0.2020  0.669  0.60  0.68  0.75   0.292  0.5092  2.51     dp
(24, 16)- 152571113409     735471   0  4.82e-06        1         0      3.545  0.2446  0.767  0.47  0.48  0.55   0.374  0.6010  2.04     dp
(24, 17)- 762922675909     346104   0  4.54e-07        1         0      0.157  0.2778  0.843  0.35  0.30  0.35   0.457  0.6817  1.36     dp
(24, 18)- 3814680488409     134596   0  3.53e-08        1         0   0.004749  0.3020  0.901  0.25  0.15  0.17   0.538  0.7512  1.84     dp
(24, 19)- 19073469550909      42504   0  2.23e-09        1         0  9.472e-05  0.3179  0.942  0.17  0.06  0.07   0.618  0.8102  0.97     dp
(24, 20)- 95367414863409      10626   0  1.11e-10        1         0  1.184e-06  0.3273  0.970  0.10  0.01  0.02   0.697  0.8599  0.84     dp
(24, 21)- 476837141425909       2024   0  4.24e-12        1         0  8.587e-09  0.3606  0.987  0.05  0.00  0.00   0.775  0.9016  0.74     dp
(24, 22)- 2384185774238409        276   0  1.16e-13        1         0  3.183e-11  0.4331  0.996  0.02  0.00  0.00   0.850  0.9373  0.55     dp
  perigee bounds checked (q = 5) on every clock with computed perigees: 'none' (least point < 1 forced) 219 clocks, 'all' (least point >= 1 forced) 6, transition 32 (computed).

B2 (q = 5): spectrum structure where the whole spectrum was computed (FFT for M <= 2^20; blocked DP for
  amp >= 1.5 and M <= 2^23), C >= 200
  top frequencies h (folded to [1, M/2]) written h = u 2^-j q^k mod M with |u| minimal; median |u| of 40 random h for scale
  (14,6) M=759 C=3003 amp=21.6 rand|u|~6: h=93 |S|/C=0.058 u=-3,j=3,k=1; h=378 |S|/C=0.053 u=-3,j=1,k=0; h=17 |S|/C=0.052 u=-1,j=14,k=2; h=187 |S|/C=0.050 u=-11,j=2,k=0
  (16,5) M=62411 C=4368 amp=1.05 rand|u|~373: h=12482 |S|/C=0.285 u=-1,j=16,k=4; h=22468 |S|/C=0.186 u=+1,j=16,k=3; h=15603 |S|/C=0.173 u=+1,j=2,k=0; h=1 |S|/C=0.156 u=+1,j=0,k=0
  (16,6) M=49911 C=8008 amp=1.31 rand|u|~257: h=17968 |S|/C=0.192 u=+1,j=16,k=4; h=9982 |S|/C=0.168 u=-1,j=16,k=5; h=12478 |S|/C=0.114 u=+1,j=2,k=0; h=22460 |S|/C=0.092 u=-559,j=3,k=3
  (16,7) M=12589 C=11440 amp=6.21 rand|u|~82: h=6083 |S|/C=0.072 u=-3,j=16,k=3; h=5942 |S|/C=0.057 u=-1,j=16,k=4; h=4532 |S|/C=0.051 u=-1,j=16,k=5; h=3997 |S|/C=0.049 u=+89,j=0,k=7
  (16,8) M=325089 C=12870 amp=1.2 rand|u|~1911: h=117032 |S|/C=0.233 u=-1,j=16,k=6; h=65018 |S|/C=0.185 u=+1,j=16,k=7; h=162544 |S|/C=0.179 u=-1,j=1,k=0; h=153442 |S|/C=0.168 u=-1,j=16,k=5
  (18,8) M=128481 C=43758 amp=3.04 rand|u|~655: h=48720 |S|/C=0.083 u=+3,j=18,k=4; h=20557 |S|/C=0.082 u=+1,j=18,k=6; h=47281 |S|/C=0.075 u=-1,j=18,k=5; h=13362 |S|/C=0.064 u=-3,j=18,k=5
  (19,8) M=133663 C=75582 amp=3.92 rand|u|~558: h=8354 |S|/C=0.071 u=+1,j=4,k=0; h=4177 |S|/C=0.056 u=+1,j=5,k=0; h=55136 |S|/C=0.047 u=-1497,j=8,k=3; h=56389 |S|/C=0.047 u=-1,j=6,k=1
  (20,4) M=1047951 C=4845 amp=1 rand|u|~6076: h=1 |S|/C=0.410 u=+1,j=0,k=0; h=261988 |S|/C=0.387 u=+1,j=2,k=0; h=2 |S|/C=0.360 u=+1,j=19,k=4; h=523975 |S|/C=0.348 u=-1,j=1,k=0
  (20,5) M=1045451 C=15504 amp=1 rand|u|~6372: h=209090 |S|/C=0.320 u=-1,j=20,k=4; h=1 |S|/C=0.285 u=+1,j=0,k=0; h=261363 |S|/C=0.262 u=+1,j=2,k=0; h=2 |S|/C=0.229 u=+1,j=19,k=5
  (20,6) M=1032951 C=38760 amp=1.02 rand|u|~6698: h=206590 |S|/C=0.279 u=-1,j=20,k=5; h=1 |S|/C=0.176 u=+1,j=0,k=0; h=41318 |S|/C=0.172 u=-1,j=20,k=4; h=258238 |S|/C=0.163 u=+1,j=2,k=0
  (20,7) M=970451 C=77520 amp=1.08 rand|u|~3794: h=194090 |S|/C=0.206 u=-1,j=20,k=6; h=38818 |S|/C=0.183 u=-1,j=20,k=5; h=242613 |S|/C=0.100 u=+1,j=2,k=0; h=1 |S|/C=0.090 u=+1,j=0,k=0
  (20,8) M=657951 C=125970 amp=1.59 rand|u|~2319: h=26318 |S|/C=0.136 u=-1,j=20,k=6; h=131590 |S|/C=0.079 u=-1,j=20,k=7; h=164488 |S|/C=0.070 u=+1,j=2,k=0; h=52636 |S|/C=0.058 u=-1,j=19,k=6
  (20,9) M=904549 C=167960 amp=2.16 rand|u|~3754: h=36182 |S|/C=0.101 u=+1,j=20,k=7; h=140386 |S|/C=0.087 u=-3,j=20,k=5; h=369056 |S|/C=0.087 u=+1,j=20,k=6; h=202619 |S|/C=0.064 u=+3,j=20,k=6
  (21,9) M=144027 C=293930 amp=14.6 rand|u|~440: h=20279 |S|/C=0.039 u=-1,j=21,k=5; h=45346 |S|/C=0.031 u=+1613,j=14,k=3; h=61324 |S|/C=0.027 u=+1,j=8,k=0; h=42758 |S|/C=0.026 u=-1,j=6,k=0
  (23,10) M=1377017 C=1144066 amp=7.09 rand|u|~3183: h=145413 |S|/C=0.044 u=+3,j=23,k=6; h=304486 |S|/C=0.036 u=+3,j=23,k=5; h=668371 |S|/C=0.031 u=-53,j=23,k=4; h=242355 |S|/C=0.028 u=+1,j=23,k=7

B2b (q = 5): multi-scale structure.  Energy share E_U of sum_(h!=0)|S(h)|^2 on Sigma_U and the share
  of frequencies in Sigma_U (clocks with FFT, C >= 2000); mU30 = max outside Sigma_30 / sqrt(C ln M)
     (p,a)     amp    E_1    E_3   E_10   E_30 |S_30|/(M/2)   mU30
   (14, 5)    1.24  0.086  0.104  0.161  0.287     1.68e-01   1.70
   (14, 6)    21.6  0.218  0.500  0.761  0.990     9.55e-01   0.32
   (14, 7)    1.27  0.042  0.056  0.070  0.121     5.01e-02   2.18
   (14, 8)    1.04  0.022  0.039  0.048  0.068     9.29e-03   3.64
   (15, 5)    1.11  0.060  0.070  0.109  0.172     8.18e-02   2.06
   (15, 6)    1.91  0.085  0.095  0.120  0.283     1.51e-01   2.54
   (15, 7)    1.72  0.039  0.056  0.083  0.152     7.25e-02   1.87
   (15, 8)    1.09  0.026  0.039  0.048  0.069     1.03e-02   3.96
   (16, 5)    1.05  0.052  0.057  0.089  0.129     4.20e-02   2.50
   (16, 6)    1.31  0.070  0.078  0.115  0.170     6.12e-02   2.50
   (16, 7)    6.21  0.039  0.096  0.161  0.367     2.75e-01   1.70
   (16, 8)     1.2  0.028  0.038  0.046  0.068     1.21e-02   3.79
   (17, 4)       1  0.050  0.060  0.074  0.104     1.78e-02   2.29
   (17, 5)    1.02  0.044  0.049  0.072  0.105     2.17e-02   3.00
   (17, 6)    1.14  0.044  0.050  0.077  0.111     2.80e-02   3.18
   (17, 7)    2.48  0.075  0.084  0.097  0.172     6.96e-02   2.85
   (17, 8)     1.5  0.026  0.037  0.048  0.075     1.58e-02   3.50
   (18, 4)       1  0.041  0.051  0.062  0.087     9.35e-03   2.57
   (18, 5)    1.01  0.039  0.044  0.059  0.084     1.13e-02   3.56
   (18, 6)    1.06  0.035  0.040  0.061  0.083     1.35e-02   4.00
   (18, 7)    1.42  0.050  0.055  0.076  0.108     2.04e-02   3.63
   (18, 8)    3.04  0.028  0.050  0.063  0.105     3.40e-02   3.10
   (19, 4)       1  0.033  0.042  0.051  0.071     4.91e-03   2.98
   (19, 5)    1.01  0.036  0.041  0.052  0.071     5.90e-03   4.18
   (19, 6)    1.03  0.031  0.035  0.050  0.069     7.03e-03   4.98
   (19, 7)    1.18  0.035  0.039  0.058  0.079     9.15e-03   4.84
   (19, 8)    3.92  0.054  0.058  0.069  0.112     3.40e-02   3.77
   (20, 4)       1  0.025  0.034  0.041  0.057     2.57e-03   3.50
   (20, 5)       1  0.031  0.038  0.045  0.062     3.08e-03   4.86
   (20, 6)    1.02  0.028  0.031  0.042  0.059     3.63e-03   6.13
   (20, 7)    1.08  0.027  0.031  0.045  0.061     4.41e-03   6.31
   (20, 8)    1.59  0.036  0.039  0.053  0.077     7.31e-03   5.41
   (20, 9)    2.16  0.018  0.028  0.037  0.057     5.90e-03   5.97
   (21, 9)    14.6  0.053  0.057  0.078  0.121     3.72e-02   4.91
   (22, 9)    1.87  0.027  0.030  0.037  0.057     2.60e-03   8.96
  (22, 10)    1.75  0.013  0.019  0.024  0.034     1.15e-03  10.68
  (23, 10)    7.09  0.007  0.027  0.035  0.049     4.85e-03   8.95
  (24, 10)    2.39  0.024  0.027  0.031  0.045     9.90e-04  14.66

B2c (q = 5): clocks without FFT (M > 2^23, C >= 200): Sigma_3 max and the random-h maximum, with the
  (u, j, k) form of both argmaxes; typical |u| for a random h is ~ M/(2(p+1)(a+1))
  (12,9) M=1949029 C=220 amp=1: Sigma_3 max 0.7920 C at u=+1,j=12,k=8; random max 4.1 sqrt(C) (rms 0.99 sqrt(C)) at u=+731,j=6,k=0 (typical 7496)
  (13,9) M=1944933 C=715 amp=1: Sigma_3 max 0.6972 C at u=-1,j=13,k=8; random max 7.9 sqrt(C) (rms 1.08 sqrt(C)) at u=+67,j=13,k=5 (typical 6946)
  (13,10) M=9757433 C=286 amp=1: Sigma_3 max 0.8104 C at u=-1,j=13,k=9; random max 5.5 sqrt(C) (rms 1.02 sqrt(C)) at u=-279,j=11,k=4 (typical 31680)
  (14,9) M=1936741 C=2002 amp=1.01: Sigma_3 max 0.5940 C at u=-1,j=14,k=8; random max 5.4 sqrt(C) (rms 0.97 sqrt(C)) at u=-10829,j=13,k=6 (typical 6456)
  (14,10) M=9749241 C=1001 amp=1: Sigma_3 max 0.7270 C at u=-1,j=14,k=9; random max 4.8 sqrt(C) (rms 0.94 sqrt(C)) at u=+5189,j=6,k=8 (typical 29543)
  (14,11) M=48811741 C=364 amp=1: Sigma_3 max 0.8256 C at u=-1,j=14,k=10; random max 8.0 sqrt(C) (rms 1.00 sqrt(C)) at u=-24787,j=7,k=10 (typical 135588)
  (15,9) M=1920357 C=5005 amp=1.02: Sigma_3 max 0.4879 C at u=+1,j=15,k=8; random max 7.5 sqrt(C) (rms 0.99 sqrt(C)) at u=+2159,j=10,k=1 (typical 6001)
  (15,10) M=9732857 C=3003 amp=1: Sigma_3 max 0.6356 C at u=+1,j=15,k=9; random max 5.4 sqrt(C) (rms 0.98 sqrt(C)) at u=-317,j=15,k=5 (typical 27650)
  (15,11) M=48795357 C=1365 amp=1: Sigma_3 max 0.7513 C at u=+1,j=15,k=10; random max 7.5 sqrt(C) (rms 0.98 sqrt(C)) at u=-17161,j=15,k=3 (typical 127071)
  (15,12) M=244107857 C=455 amp=1: Sigma_3 max 0.8384 C at u=+1,j=15,k=11; random max 4.8 sqrt(C) (rms 1.03 sqrt(C)) at u=+3337409,j=8,k=8 (typical 586798)
  (16,9) M=1887589 C=11440 amp=1.03: Sigma_3 max 0.3819 C at u=+1,j=16,k=8; random max 5.4 sqrt(C) (rms 0.97 sqrt(C)) at u=-1107,j=13,k=2 (typical 5552)
  (16,10) M=9700089 C=8008 amp=1.01: Sigma_3 max 0.5407 C at u=+1,j=16,k=9; random max 5.2 sqrt(C) (rms 0.96 sqrt(C)) at u=+134077,j=8,k=8 (typical 25936)
  (16,11) M=48762589 C=4368 amp=1: Sigma_3 max 0.6695 C at u=+1,j=16,k=10; random max 5.7 sqrt(C) (rms 0.99 sqrt(C)) at u=+263,j=11,k=4 (typical 119516)
  (16,12) M=244075089 C=1820 amp=1: Sigma_3 max 0.7714 C at u=+1,j=16,k=11; random max 4.3 sqrt(C) (rms 0.94 sqrt(C)) at u=-759851,j=9,k=4 (typical 552206)
  (16,13) M=1220637589 C=560 amp=1: Sigma_3 max 0.8494 C at u=+1,j=16,k=12; random max 5.2 sqrt(C) (rms 1.00 sqrt(C)) at u=-830173,j=16,k=3 (typical 2564365)
  (17,9) M=1822053 C=24310 amp=1.07: Sigma_3 max 0.2790 C at u=-1,j=17,k=8; random max 8.8 sqrt(C) (rms 0.98 sqrt(C)) at u=+119,j=8,k=0 (typical 5061)
  (17,10) M=9634553 C=19448 amp=1.01: Sigma_3 max 0.4453 C at u=-1,j=17,k=9; random max 4.5 sqrt(C) (rms 0.87 sqrt(C)) at u=+10621,j=5,k=10 (typical 24330)
  (17,11) M=48697053 C=12376 amp=1: Sigma_3 max 0.5838 C at u=-1,j=17,k=10; random max 5.5 sqrt(C) (rms 0.92 sqrt(C)) at u=+24369,j=16,k=9 (typical 112725)
  (17,12) M=244009553 C=6188 amp=1: Sigma_3 max 0.6976 C at u=-1,j=17,k=11; random max 5.8 sqrt(C) (rms 0.98 sqrt(C)) at u=+9819,j=17,k=5 (typical 521388)
  (17,13) M=1220572053 C=2380 amp=1: Sigma_3 max 0.7885 C at u=-1,j=17,k=12; random max 6.1 sqrt(C) (rms 1.00 sqrt(C)) at u=-6330173,j=17,k=5 (typical 2421770)
  (17,14) M=6103384553 C=680 amp=1: Sigma_3 max 0.8589 C at u=-1,j=17,k=13; random max 6.6 sqrt(C) (rms 0.99 sqrt(C)) at u=-29026837,j=8,k=10 (typical 11302564)
  (18,9) M=1690981 C=48620 amp=1.16: Sigma_3 max 0.2271 C at u=+1,j=18,k=7; random max 3.8 sqrt(C) (rms 0.88 sqrt(C)) at u=+1679,j=12,k=7 (typical 4450)
  (18,10) M=9503481 C=43758 amp=1.03: Sigma_3 max 0.3521 C at u=-1,j=18,k=9; random max 8.4 sqrt(C) (rms 0.94 sqrt(C)) at u=-619,j=8,k=0 (typical 22736)
  (18,11) M=48565981 C=31824 amp=1.01: Sigma_3 max 0.4971 C at u=-1,j=18,k=10; random max 10.1 sqrt(C) (rms 1.04 sqrt(C)) at u=+433,j=10,k=2 (typical 106504)
  (18,12) M=243878481 C=18564 amp=1: Sigma_3 max 0.6198 C at u=-1,j=18,k=11; random max 5.5 sqrt(C) (rms 0.97 sqrt(C)) at u=-766051,j=4,k=2 (typical 493681)
  (18,13) M=1220440981 C=8568 amp=1: Sigma_3 max 0.7214 C at u=-1,j=18,k=12; random max 5.1 sqrt(C) (rms 0.97 sqrt(C)) at u=+885437,j=3,k=1 (typical 2294062)
  (18,14) M=6103253481 C=3060 amp=1: Sigma_3 max 0.8031 C at u=-1,j=18,k=13; random max 4.7 sqrt(C) (rms 0.98 sqrt(C)) at u=-5684799,j=14,k=1 (typical 10707462)
  (18,15) M=30517315981 C=816 amp=1: Sigma_3 max 0.8673 C at u=-1,j=18,k=14; random max 5.3 sqrt(C) (rms 1.00 sqrt(C)) at u=-97197017,j=15,k=1 (typical 50192954)
  (19,9) M=1428837 C=92378 amp=1.37: Sigma_3 max 0.1718 C at u=+1,j=19,k=7; random max 7.1 sqrt(C) (rms 0.97 sqrt(C)) at u=-39,j=9,k=0 (typical 3572)
  (19,10) M=9241337 C=92378 amp=1.06: Sigma_3 max 0.2660 C at u=+1,j=19,k=8; random max 15.5 sqrt(C) (rms 1.08 sqrt(C)) at u=-13537,j=11,k=6 (typical 21003)
  (19,11) M=48303837 C=75582 amp=1.01: Sigma_3 max 0.4115 C at u=+1,j=19,k=10; random max 6.6 sqrt(C) (rms 1.00 sqrt(C)) at u=-4059,j=8,k=0 (typical 100633)
  (19,12) M=243616337 C=50388 amp=1: Sigma_3 max 0.5404 C at u=+1,j=19,k=11; random max 6.7 sqrt(C) (rms 1.00 sqrt(C)) at u=-78269,j=19,k=4 (typical 468493)
  (19,13) M=1220178837 C=27132 amp=1: Sigma_3 max 0.6503 C at u=+1,j=19,k=12; random max 11.0 sqrt(C) (rms 1.10 sqrt(C)) at u=+44027,j=9,k=0 (typical 2178891)
  (19,14) M=6102991337 C=11628 amp=1: Sigma_3 max 0.7417 C at u=+1,j=19,k=13; random max 10.5 sqrt(C) (rms 1.10 sqrt(C)) at u=-2452997,j=10,k=2 (typical 10171652)
  (19,15) M=30517053837 C=3876 amp=1: Sigma_3 max 0.8157 C at u=+1,j=19,k=14; random max 4.5 sqrt(C) (rms 0.97 sqrt(C)) at u=+5643231,j=18,k=4 (typical 47682897)
  (19,16) M=152587366337 C=969 amp=1: Sigma_3 max 0.8746 C at u=+1,j=19,k=15; random max 4.3 sqrt(C) (rms 0.95 sqrt(C)) at u=+57282183,j=14,k=8 (typical 224393186)
  (20,10) M=8717049 C=184756 amp=1.12: Sigma_3 max 0.2216 C at u=+1,j=20,k=8; random max 6.7 sqrt(C) (rms 0.98 sqrt(C)) at u=-69,j=6,k=0 (typical 18868)
  (20,11) M=47779549 C=167960 amp=1.02: Sigma_3 max 0.3290 C at u=+1,j=20,k=10; random max 9.5 sqrt(C) (rms 0.96 sqrt(C)) at u=-151687,j=10,k=4 (typical 94801)
  (20,12) M=243092049 C=125970 amp=1: Sigma_3 max 0.4612 C at u=+1,j=20,k=11; random max 10.2 sqrt(C) (rms 1.03 sqrt(C)) at u=+379843,j=3,k=0 (typical 445224)
  (20,13) M=1219654549 C=77520 amp=1: Sigma_3 max 0.5772 C at u=+1,j=20,k=12; random max 8.3 sqrt(C) (rms 1.02 sqrt(C)) at u=+811427,j=20,k=1 (typical 2074242)
  (20,14) M=6102467049 C=38760 amp=1: Sigma_3 max 0.6764 C at u=+1,j=20,k=13; random max 5.0 sqrt(C) (rms 1.00 sqrt(C)) at u=-2252337,j=3,k=14 (typical 9686456)
  (20,15) M=30516529549 C=15504 amp=1: Sigma_3 max 0.7592 C at u=+1,j=20,k=14; random max 6.5 sqrt(C) (rms 0.96 sqrt(C)) at u=-23289481,j=2,k=7 (typical 45411502)
  (20,16) M=152586842049 C=4845 amp=1: Sigma_3 max 0.8267 C at u=+1,j=20,k=15; random max 5.8 sqrt(C) (rms 0.97 sqrt(C)) at u=-475153,j=13,k=2 (typical 213707062)
  (20,17) M=762938404549 C=1140 amp=1: Sigma_3 max 0.8812 C at u=+1,j=20,k=16; random max 3.5 sqrt(C) (rms 0.95 sqrt(C)) at u=-2237208089,j=18,k=2 (typical 1009177784)
  (21,2) M=2097127 C=210 amp=1: Sigma_3 max 0.7027 C at u=+1,j=0,k=0; random max 4.6 sqrt(C) (rms 0.96 sqrt(C)) at u=-19,j=4,k=0 (typical 15887)
  (21,3) M=2097027 C=1330 amp=1: Sigma_3 max 0.5653 C at u=+1,j=0,k=0; random max 8.7 sqrt(C) (rms 1.02 sqrt(C)) at u=-153,j=9,k=0 (typical 11915)
  (21,4) M=2096527 C=5985 amp=1: Sigma_3 max 0.4345 C at u=+1,j=0,k=0; random max 5.7 sqrt(C) (rms 0.96 sqrt(C)) at u=-641,j=21,k=2 (typical 9530)
  (21,5) M=2094027 C=20349 amp=1: Sigma_3 max 0.3232 C at u=+1,j=21,k=4; random max 9.3 sqrt(C) (rms 1.00 sqrt(C)) at u=-23,j=7,k=0 (typical 7932)
  (21,6) M=2081527 C=54264 amp=1.01: Sigma_3 max 0.2898 C at u=+1,j=21,k=5; random max 10.9 sqrt(C) (rms 1.01 sqrt(C)) at u=-19311,j=15,k=4 (typical 6758)
  (21,7) M=2019027 C=116280 amp=1.04: Sigma_3 max 0.2300 C at u=+1,j=21,k=6; random max 5.8 sqrt(C) (rms 0.98 sqrt(C)) at u=-15323,j=1,k=1 (typical 5736)
  (21,8) M=1706527 C=203490 amp=1.23: Sigma_3 max 0.1627 C at u=+1,j=21,k=6; random max 11.8 sqrt(C) (rms 1.05 sqrt(C)) at u=-11,j=20,k=4 (typical 4309)
  (21,10) M=7668473 C=352716 amp=1.27: Sigma_3 max 0.1717 C at u=-1,j=21,k=8; random max 30.8 sqrt(C) (rms 1.38 sqrt(C)) at u=+1,j=15,k=6 (typical 15844)
  (21,11) M=46730973 C=352716 amp=1.04: Sigma_3 max 0.2583 C at u=-1,j=21,k=9; random max 8.2 sqrt(C) (rms 0.91 sqrt(C)) at u=-74647,j=10,k=1 (typical 88506)
  (21,12) M=242043473 C=293930 amp=1.01: Sigma_3 max 0.3842 C at u=-1,j=21,k=11; random max 7.6 sqrt(C) (rms 0.93 sqrt(C)) at u=-273587,j=13,k=0 (typical 423153)
  (21,13) M=1218605973 C=203490 amp=1: Sigma_3 max 0.5038 C at u=-1,j=21,k=12; random max 5.3 sqrt(C) (rms 0.95 sqrt(C)) at u=+1482923,j=14,k=9 (typical 1978256)
  (21,14) M=6101418473 C=116280 amp=1: Sigma_3 max 0.6089 C at u=-1,j=21,k=13; random max 12.5 sqrt(C) (rms 1.03 sqrt(C)) at u=-2789007,j=1,k=7 (typical 9244573)
  (21,15) M=30515480973 C=54264 amp=1: Sigma_3 max 0.6990 C at u=-1,j=21,k=14; random max 7.1 sqrt(C) (rms 0.97 sqrt(C)) at u=-163009881,j=18,k=15 (typical 43345854)
  (21,16) M=152585793473 C=20349 amp=1: Sigma_3 max 0.7744 C at u=-1,j=21,k=15; random max 13.6 sqrt(C) (rms 1.14 sqrt(C)) at u=+102101,j=18,k=6 (typical 203991703)
  (21,17) M=762937355973 C=5985 amp=1: Sigma_3 max 0.8365 C at u=-1,j=21,k=16; random max 6.2 sqrt(C) (rms 1.06 sqrt(C)) at u=+930663017,j=11,k=5 (typical 963304742)
  (21,18) M=3814695168473 C=1330 amp=1: Sigma_3 max 0.8871 C at u=-1,j=21,k=17; random max 4.5 sqrt(C) (rms 0.98 sqrt(C)) at u=+3671110527,j=14,k=0 (typical 4563032498)
  (21,19) M=19073484230973 C=210 amp=1: Sigma_3 max 0.9289 C at u=-1,j=21,k=18; random max 3.8 sqrt(C) (rms 1.02 sqrt(C)) at u=-88354100657,j=6,k=5 (typical 21674413899)
  (22,2) M=4194279 C=231 amp=1: Sigma_3 max 0.7151 C at u=+1,j=0,k=0; random max 7.0 sqrt(C) (rms 1.01 sqrt(C)) at u=-17,j=21,k=2 (typical 30393)
  (22,3) M=4194179 C=1540 amp=1: Sigma_3 max 0.5831 C at u=+1,j=0,k=0; random max 4.4 sqrt(C) (rms 0.99 sqrt(C)) at u=-3595,j=2,k=3 (typical 22794)
  (22,4) M=4193679 C=7315 amp=1: Sigma_3 max 0.4571 C at u=+1,j=0,k=0; random max 7.0 sqrt(C) (rms 1.08 sqrt(C)) at u=+343,j=11,k=0 (typical 18233)
  (22,5) M=4191179 C=26334 amp=1: Sigma_3 max 0.3391 C at u=+1,j=0,k=0; random max 5.6 sqrt(C) (rms 0.97 sqrt(C)) at u=-57,j=18,k=3 (typical 15185)
  (22,6) M=4178679 C=74613 amp=1: Sigma_3 max 0.2981 C at u=+1,j=22,k=5; random max 4.7 sqrt(C) (rms 0.90 sqrt(C)) at u=-8359,j=1,k=1 (typical 12977)
  (22,7) M=4116179 C=170544 amp=1.02: Sigma_3 max 0.2483 C at u=+1,j=22,k=6; random max 9.3 sqrt(C) (rms 0.96 sqrt(C)) at u=+22529,j=6,k=7 (typical 11185)
  (22,8) M=3803679 C=319770 amp=1.1: Sigma_3 max 0.1732 C at u=+1,j=22,k=7; random max 9.2 sqrt(C) (rms 1.05 sqrt(C)) at u=-61,j=9,k=0 (typical 9188)
  (22,11) M=44633821 C=705432 amp=1.09: Sigma_3 max 0.2170 C at u=-1,j=22,k=9; random max 6.2 sqrt(C) (rms 0.92 sqrt(C)) at u=+263,j=16,k=4 (typical 80858)
  (22,12) M=239946321 C=646646 amp=1.02: Sigma_3 max 0.3104 C at u=-1,j=22,k=11; random max 4.6 sqrt(C) (rms 0.88 sqrt(C)) at u=+5047,j=21,k=5 (typical 401248)
  (22,13) M=1216508821 C=497420 amp=1: Sigma_3 max 0.4316 C at u=-1,j=22,k=12; random max 6.4 sqrt(C) (rms 0.94 sqrt(C)) at u=+1191523,j=16,k=1 (typical 1888989)
  (22,14) M=6099321321 C=319770 amp=1: Sigma_3 max 0.5406 C at u=-1,j=22,k=13; random max 9.8 sqrt(C) (rms 0.99 sqrt(C)) at u=+41857441,j=13,k=10 (typical 8839596)
  (22,15) M=30513383821 C=170544 amp=1: Sigma_3 max 0.6364 C at u=-1,j=22,k=14; random max 6.8 sqrt(C) (rms 0.99 sqrt(C)) at u=+252039,j=17,k=2 (typical 41458402)
  (22,16) M=152583696321 C=74613 amp=1: Sigma_3 max 0.7187 C at u=-1,j=22,k=15; random max 12.3 sqrt(C) (rms 0.99 sqrt(C)) at u=+488490793,j=15,k=3 (typical 195119816)
  (22,17) M=762935258821 C=26334 amp=1: Sigma_3 max 0.7878 C at u=-1,j=22,k=16; random max 5.9 sqrt(C) (rms 0.96 sqrt(C)) at u=+1317101731,j=4,k=6 (typical 921419395)
  (22,18) M=3814693071321 C=7315 amp=1: Sigma_3 max 0.8451 C at u=-1,j=22,k=17; random max 4.8 sqrt(C) (rms 0.98 sqrt(C)) at u=+15139905301,j=16,k=10 (typical 4364637381)
  (22,19) M=19073482133821 C=1540 amp=1: Sigma_3 max 0.8924 C at u=-1,j=22,k=18; random max 4.3 sqrt(C) (rms 1.01 sqrt(C)) at u=+11605118309,j=6,k=6 (typical 20732045798)
  (22,20) M=95367427446321 C=231 amp=1: Sigma_3 max 0.9320 C at u=-1,j=22,k=19; random max 4.6 sqrt(C) (rms 0.98 sqrt(C)) at u=+25641667139,j=10,k=20 (typical 98724044975)
  (23,2) M=8388583 C=253 amp=1: Sigma_3 max 0.7265 C at u=+1,j=0,k=0; random max 4.9 sqrt(C) (rms 0.99 sqrt(C)) at u=+259,j=4,k=0 (typical 58254)
  (23,3) M=8388483 C=1771 amp=1: Sigma_3 max 0.5995 C at u=+1,j=0,k=0; random max 8.0 sqrt(C) (rms 1.05 sqrt(C)) at u=+27,j=11,k=1 (typical 43690)
  (23,4) M=8387983 C=8855 amp=1: Sigma_3 max 0.4780 C at u=+1,j=0,k=0; random max 4.5 sqrt(C) (rms 0.91 sqrt(C)) at u=+1047,j=16,k=1 (typical 34950)
  (23,5) M=8385483 C=33649 amp=1: Sigma_3 max 0.3636 C at u=+1,j=0,k=0; random max 5.7 sqrt(C) (rms 0.97 sqrt(C)) at u=+27,j=9,k=1 (typical 29116)
  (23,6) M=8372983 C=100947 amp=1: Sigma_3 max 0.3044 C at u=-1,j=23,k=5; random max 5.0 sqrt(C) (rms 0.94 sqrt(C)) at u=+229,j=23,k=4 (typical 24920)
  (23,7) M=8310483 C=245157 amp=1.01: Sigma_3 max 0.2627 C at u=-1,j=23,k=6; random max 6.7 sqrt(C) (rms 0.94 sqrt(C)) at u=-71,j=21,k=5 (typical 21642)
  (23,8) M=7997983 C=490314 amp=1.05: Sigma_3 max 0.1988 C at u=-1,j=23,k=7; random max 4.7 sqrt(C) (rms 0.93 sqrt(C)) at u=+62641,j=19,k=3 (typical 18514)
  (23,9) M=6435483 C=817190 amp=1.3: Sigma_3 max 0.1425 C at u=+1,j=23,k=7; random max 5.8 sqrt(C) (rms 0.95 sqrt(C)) at u=-513,j=11,k=0 (typical 13407)
  (23,11) M=40439517 C=1352078 amp=1.21: Sigma_3 max 0.1718 C at u=-1,j=23,k=9; random max 11.3 sqrt(C) (rms 1.00 sqrt(C)) at u=-12937,j=8,k=2 (typical 70207)
  (23,12) M=235752017 C=1352078 amp=1.04: Sigma_3 max 0.2515 C at u=-1,j=23,k=10; random max 4.8 sqrt(C) (rms 0.96 sqrt(C)) at u=-8061,j=12,k=1 (typical 377808)
  (23,13) M=1212314517 C=1144066 amp=1.01: Sigma_3 max 0.3618 C at u=+1,j=23,k=12; random max 6.4 sqrt(C) (rms 0.97 sqrt(C)) at u=+843427,j=15,k=0 (typical 1804039)
  (23,14) M=6095127017 C=817190 amp=1: Sigma_3 max 0.4729 C at u=+1,j=23,k=13; random max 4.6 sqrt(C) (rms 0.94 sqrt(C)) at u=-1975529,j=21,k=1 (typical 8465454)
  (23,15) M=30509189517 C=490314 amp=1: Sigma_3 max 0.5728 C at u=+1,j=23,k=14; random max 5.6 sqrt(C) (rms 0.96 sqrt(C)) at u=+163441817,j=19,k=9 (typical 39725507)
  (23,16) M=152579502017 C=245157 amp=1: Sigma_3 max 0.6605 C at u=+1,j=23,k=15; random max 5.8 sqrt(C) (rms 1.01 sqrt(C)) at u=+205534567,j=16,k=14 (typical 186984684)
  (23,17) M=762931064517 C=100947 amp=1: Sigma_3 max 0.7360 C at u=+1,j=23,k=16; random max 11.4 sqrt(C) (rms 1.12 sqrt(C)) at u=-28172009,j=23,k=6 (typical 883022065)
  (23,18) M=3814688877017 C=33649 amp=1: Sigma_3 max 0.7997 C at u=+1,j=23,k=17; random max 6.4 sqrt(C) (rms 1.04 sqrt(C)) at u=+21512534454,j=0,k=18 (typical 4182772891)
  (23,19) M=19073477939517 C=8855 amp=1: Sigma_3 max 0.8529 C at u=+1,j=23,k=18; random max 4.4 sqrt(C) (rms 0.96 sqrt(C)) at u=-3908301531,j=20,k=4 (typical 19868206187)
  (23,20) M=95367423252017 C=1771 amp=1: Sigma_3 max 0.8972 C at u=+1,j=23,k=19; random max 5.7 sqrt(C) (rms 1.03 sqrt(C)) at u=-251566418479,j=16,k=16 (typical 94610538940)
  (23,21) M=476837149814517 C=253 amp=1: Sigma_3 max 0.9348 C at u=+1,j=23,k=20; random max 3.5 sqrt(C) (rms 0.99 sqrt(C)) at u=+79943856923,j=7,k=1 (typical 451550331264)
  (24,2) M=16777191 C=276 amp=1: Sigma_3 max 0.7370 C at u=+1,j=0,k=0; random max 4.2 sqrt(C) (rms 0.99 sqrt(C)) at u=+6129,j=15,k=0 (typical 111848)
  (24,3) M=16777091 C=2024 amp=1: Sigma_3 max 0.6147 C at u=+1,j=0,k=0; random max 5.4 sqrt(C) (rms 1.01 sqrt(C)) at u=-1061,j=3,k=0 (typical 83885)
  (24,4) M=16776591 C=10626 amp=1: Sigma_3 max 0.4974 C at u=+1,j=0,k=0; random max 5.8 sqrt(C) (rms 1.00 sqrt(C)) at u=-134779,j=8,k=2 (typical 67106)
  (24,5) M=16774091 C=42504 amp=1: Sigma_3 max 0.3864 C at u=+1,j=0,k=0; random max 6.2 sqrt(C) (rms 0.94 sqrt(C)) at u=+771,j=23,k=3 (typical 55914)
  (24,6) M=16761591 C=134596 amp=1: Sigma_3 max 0.3093 C at u=-1,j=24,k=5; random max 5.5 sqrt(C) (rms 0.93 sqrt(C)) at u=+1321,j=13,k=0 (typical 47890)
  (24,7) M=16699091 C=346104 amp=1: Sigma_3 max 0.2741 C at u=-1,j=24,k=6; random max 10.3 sqrt(C) (rms 0.99 sqrt(C)) at u=+673,j=12,k=0 (typical 41748)
  (24,8) M=16386591 C=735471 amp=1.02: Sigma_3 max 0.2195 C at u=-1,j=24,k=7; random max 5.6 sqrt(C) (rms 0.93 sqrt(C)) at u=-8361,j=21,k=2 (typical 36415)
  (24,9) M=14824091 C=1307504 amp=1.13: Sigma_3 max 0.1580 C at u=-1,j=24,k=7; random max 6.7 sqrt(C) (rms 0.94 sqrt(C)) at u=-1733,j=16,k=1 (typical 29648)
  (24,11) M=32050909 C=2496144 amp=1.52: Sigma_3 max 0.1185 C at u=+1,j=24,k=9; random max 3.8 sqrt(C) (rms 0.86 sqrt(C)) at u=-142003,j=4,k=10 (typical 53418)
  (24,12) M=227363409 C=2704156 amp=1.07: Sigma_3 max 0.2131 C at u=+1,j=24,k=10; random max 14.6 sqrt(C) (rms 1.04 sqrt(C)) at u=-483,j=23,k=6 (typical 349790)
  (24,13) M=1203925909 C=2496144 amp=1.01: Sigma_3 max 0.2951 C at u=+1,j=24,k=12; random max 8.7 sqrt(C) (rms 0.98 sqrt(C)) at u=-27999,j=16,k=1 (typical 1719894)
  (24,14) M=6086738409 C=1961256 amp=1: Sigma_3 max 0.4068 C at u=+1,j=24,k=13; random max 7.4 sqrt(C) (rms 0.94 sqrt(C)) at u=-399277,j=24,k=5 (typical 8115651)
  (24,15) M=30500800909 C=1307504 amp=1: Sigma_3 max 0.5092 C at u=+1,j=24,k=14; random max 12.3 sqrt(C) (rms 1.02 sqrt(C)) at u=+75502009,j=11,k=12 (typical 38126001)
  (24,16) M=152571113409 C=735471 amp=1: Sigma_3 max 0.6010 C at u=+1,j=24,k=15; random max 10.3 sqrt(C) (rms 1.00 sqrt(C)) at u=-99464641,j=24,k=3 (typical 179495428)
  (24,17) M=762922675909 C=346104 amp=1: Sigma_3 max 0.6817 C at u=+1,j=24,k=16; random max 7.1 sqrt(C) (rms 1.02 sqrt(C)) at u=+356150233,j=5,k=7 (typical 847691862)
  (24,18) M=3814680488409 C=134596 amp=1: Sigma_3 max 0.7512 C at u=+1,j=24,k=17; random max 9.9 sqrt(C) (rms 0.96 sqrt(C)) at u=-774417213,j=4,k=9 (typical 4015453146)
  (24,19) M=19073469550909 C=42504 amp=1: Sigma_3 max 0.8102 C at u=+1,j=24,k=18; random max 5.4 sqrt(C) (rms 1.04 sqrt(C)) at u=-10803293779,j=15,k=9 (typical 19073469551)
  (24,20) M=95367414863409 C=10626 amp=1: Sigma_3 max 0.8599 C at u=+1,j=24,k=19; random max 4.8 sqrt(C) (rms 0.93 sqrt(C)) at u=-95447972441,j=23,k=8 (typical 90826109394)
  (24,21) M=476837141425909 C=2024 amp=1: Sigma_3 max 0.9016 C at u=+1,j=24,k=20; random max 4.3 sqrt(C) (rms 0.97 sqrt(C)) at u=+892472639023,j=2,k=11 (typical 433488310387)
  (24,22) M=2384185774238409 C=276 amp=1: Sigma_3 max 0.9373 C at u=+1,j=24,k=21; random max 3.2 sqrt(C) (rms 0.99 sqrt(C)) at u=+11708667286613,j=2,k=14 (typical 2073205021077)

B3 (q = 5): aggregates by distance to the critical line (clocks with C >= 200)
         amp bin    #  med maxS/C  med |S1|/C  med Estr  med mU/rt   med D* top-1 |u|<=3  sum(Coll-C)  sum C(C-1)/M
  [ 1.00,   1.05)  129      0.5653      0.4133     0.047      2.722   0.2918    26/26            46514      122279.8
  [ 1.05,    1.5)   34      0.2316      0.0667     0.061      2.290   0.0444    21/21           277842      411024.0
  [ 1.50,      3)   14      0.1496      0.0157     0.056      2.853   0.0085    12/13           865738      996579.1
  [ 3.00,     10)    5      0.0719      0.0055     0.058      3.103   0.0061     5/5            965578     1019204.1
  [10.00,  1e+09)    2      0.0482      0.0022     0.278      2.981   0.0059     2/2            599494      611727.2

B4: uniform-model baseline (C iid uniform residues mod M, same C and M as the clock)
  (16,10) M=6487 C=8008: max|S|/sqrt(C ln M) = 0.984 (3 draws), D* = 0.00776, Coll-C = 9937 (mean C(C-1)/M = 9884)
  (18,11) M=84997 C=31824: max|S|/sqrt(C ln M) = 0.989 (3 draws), D* = 0.00596, Coll-C = 11941 (mean C(C-1)/M = 11915)
  (19,12) M=7153 C=50388: max|S|/sqrt(C ln M) = 0.968 (3 draws), D* = 0.00447, Coll-C = 354690 (mean C(C-1)/M = 354942)
  (20,12) M=517135 C=125970: max|S|/sqrt(C ln M) = 1.029 (3 draws), D* = 0.00195, Coll-C = 30878 (mean C(C-1)/M = 30685)
  (21,13) M=502829 C=203490: max|S|/sqrt(C ln M) = 1.006 (3 draws), D* = 0.00216, Coll-C = 82445 (mean C(C-1)/M = 82350)
  (22,14) M=588665 C=319770: max|S|/sqrt(C ln M) = 0.951 (3 draws), D* = 0.00185, Coll-C = 173305 (mean C(C-1)/M = 173702)

####################################################################################################
# PART C: procgen_gates_20260925_heuristic.py
####################################################################################################
==============================================================================================================
C1. Heuristic expected numbers of sporadic integral necklaces (primitive words, a >= 1, |G| > 1)
==============================================================================================================
  Monte Carlo eligibility validated on 36 transition clocks 20 <= p <= 30 (2000 samples): max |exact - MC| = 0.019, mean 0.0029

  q = 3: cumulative expectations up to P (dyadic = positive cycles of 3x+1; 3-adic = positive cycles of 3x-1)   [89.4s, 10133 MC clocks]
       P | naive dyadic  refined dyadic | naive q-adic  refined q-adic
      11 |       2.2267          1.1604 |       0.5437          0.5437
      20 |       2.9411          1.4453 |       1.0236          1.0236
      30 |       3.4399          1.6224 |       1.0952          1.0952
      40 |       3.7506          1.6888 |       1.1453          1.1453
     100 |       4.7188          1.8000 |       1.2066          1.2066
     300 |       5.8160          1.8053 |       1.2098          1.2098
    1000 |       7.0188          1.8053 |       1.2098          1.2098
    4000 |       8.4047          1.8053 |       1.2098          1.2098
  refined = exact eligible counts (p <= 30), the proven classes 'none'/'all', and Monte Carlo on the
  transition band next to the critical line (p <= 1000; each band stops after two consecutive clocks
  with no eligible sample).  Transition clocks outside the sampled band carry naive weight dyadic
  2.0399, q-adic 0.0000; they are counted as 0 (their Monte Carlo share is 0 at the
  band edge and the eligible share decreases away from the critical line).
  naive dyadic sum minus ln P: P=100: +0.114, P=300: +0.112, P=1000: +0.111, P=4000: +0.111

  q = 5: cumulative expectations up to P (dyadic = positive cycles of 5x+1; 5-adic = positive cycles of 5x-1)   [60.0s, 7579 MC clocks]
       P | naive dyadic  refined dyadic | naive q-adic  refined q-adic
      11 |       2.7233          1.9574 |       0.8100          0.1610
      20 |       3.2879          2.3446 |       0.9544          0.2564
      30 |       3.5544          2.5113 |       1.0610          0.3418
      40 |       3.6607          2.5592 |       1.1167          0.3864
     100 |       3.9245          2.7051 |       1.3466          0.5974
     300 |       4.0285          2.7703 |       1.4007          0.6465
    1000 |       4.0323          2.7723 |       1.4075          0.6531
    4000 |       4.0323          2.7723 |       1.4075          0.6531
  refined = exact eligible counts (p <= 30), the proven classes 'none'/'all', and Monte Carlo on the
  transition band next to the critical line (p <= 1000; each band stops after two consecutive clocks
  with no eligible sample).  Transition clocks outside the sampled band carry naive weight dyadic
  0.0097, q-adic 0.0001; they are counted as 0 (their Monte Carlo share is 0 at the
  band edge and the eligible share decreases away from the critical line).
  naive dyadic sum minus ln P: P=100: -0.681, P=300: -1.675, P=1000: -2.875, P=4000: -4.262

  per-period refined contributions (q = 3), p <= 30: dyadic / 3-adic (necklace level)
   1:0.000/0.000  2:0.000/0.000  3:0.000/0.000  4:0.000/0.091  5:0.400/0.020  6:0.000/0.123  7:0.106/0.028  8:0.538/0.007  9:0.037/0.044  10:0.068/0.011
   11:0.011/0.219  12:0.035/0.017  13:0.064/0.005  14:0.017/0.045  15:0.026/0.008  16:0.084/0.003  17:0.015/0.017  18:0.023/0.004  19:0.008/0.372  20:0.013/0.008
   21:0.023/0.002  22:0.008/0.026  23:0.012/0.004  24:0.027/0.001  25:0.007/0.009  26:0.011/0.002  27:0.066/0.001  28:0.007/0.004  29:0.011/0.001  30:0.004/0.021

==============================================================================================================
C2. Census (part A, p <= 40) against the expectations (Poisson model, sporadic necklaces)
==============================================================================================================
  q = 3   dyadic: observed 0; naive mean 3.751: P(X<=0) = 0.024, P(X>=0) = 1.000;  refined mean 1.689: P(X<=0) = 0.185, P(X>=0) = 1.000
  q = 3   3-adic: observed 1; naive mean 1.145: P(X<=1) = 0.682, P(X>=1) = 0.682;  refined mean 1.145: P(X<=1) = 0.682, P(X>=1) = 0.682
  q = 5   dyadic: observed 3; naive mean 3.661: P(X<=3) = 0.502, P(X>=3) = 0.708;  refined mean 2.559: P(X<=3) = 0.745, P(X>=3) = 0.471
  q = 5   5-adic: observed 0; naive mean 1.117: P(X<=0) = 0.327, P(X>=0) = 1.000;  refined mean 0.386: P(X<=0) = 0.679, P(X>=0) = 1.000

==============================================================================================================
C3. Bound hierarchy (log2 values).  N(p,a) = number of integral words on the clock.
  size   = log2((c_max - c_min)/|G| + 1)   [injectivity of w -> x_w + range of c_w]
  perig  = log2(p * (1/|2^(p/a) - 3|/2 + 1))  [distinct odd least points <= 1/|2^(p/a)-3|; Belaga 2003]
  sqrtC  = log2 sqrt(C)   [no second-moment (Parseval) bound can certify less than ~ sqrt(C - C^2/M)]
  main   = log2 C/|G|
==============================================================================================================
           (p,a)   log2|G|    log2 C     sqrtC      size   perig      main
        (19, 12)     12.80     15.62      7.81     13.19   11.46      2.82
        (27, 17)     22.28     23.01     11.50     14.67   10.97      0.73
        (46, 29)     40.66     40.67     20.34     22.30   13.12      0.01
        (65, 41)     58.54     58.46     29.23     30.44   15.24     -0.08
        (84, 53)     75.10     76.32     38.16     39.91   18.44      1.22
       (149, 94)    142.26    137.66     68.83     61.73   17.93     -4.59
      (485, 306)    475.07    455.99    228.00    188.93   24.53    -19.07
     (1054, 665)   1039.52    995.96    497.98    403.48   31.32    -43.56
       (100, 55)    100.00     95.63     47.82     32.17    7.61     -4.37
       (100, 60)     99.95     93.47     46.74     35.15    8.59     -6.48
     (1000, 550)   1000.00    987.47    493.74    321.73   10.93    -12.53
     (1000, 620)   1000.00    952.78    476.39    362.68   13.22    -47.22
  (24727, 15601)  24711.25  23481.98  11740.99   9141.75   41.68  -1229.27
  (50508, 31867)  50490.93  47972.27  23986.13  18658.07   45.07  -2518.66

==============================================================================================================
C4. Archimedean part of the spectrum: S(h)/C at fixed theta = a/p (normalised DP) and the limit series
  dyadic (theta < log_3 2): x_w ~ Y = sum_n 3^n 2^(-D_n), D_n = position of the (n+1)-th one from the end;
  3-adic (theta > log_3 2): |x_w| ~ Z = sum_n 2^(sigma_n)/3^(n+1), sigma_n = position of the n-th one;
  letters iid Bernoulli(theta) in the limit; Monte Carlo with 2*10^5 samples, 160 terms (s.e. ~ 0.002).
==============================================================================================================
  theta = 0.30:
     p =   50:  S(1)/C = +0.1276+0.2061i   S(2)/C = +0.1165+0.1623i   S(3)/C = +0.1009+0.0666i
     p =  100:  S(1)/C = +0.1390+0.2005i   S(2)/C = +0.1286+0.1594i   S(3)/C = +0.1090+0.0665i
     p =  200:  S(1)/C = +0.1445+0.1980i   S(2)/C = +0.1344+0.1581i   S(3)/C = +0.1130+0.0664i
     p =  400:  S(1)/C = +0.1472+0.1967i   S(2)/C = +0.1372+0.1574i   S(3)/C = +0.1150+0.0664i
     p =  800:  S(1)/C = +0.1486+0.1961i   S(2)/C = +0.1386+0.1571i   S(3)/C = +0.1160+0.0664i
     limit series (MC): E e(Y) = +0.1483+0.1923i   E e(2Y) = +0.1385+0.1581i   E e(3Y) = +0.1170+0.0680i
     limit law: P(Y < 1) = 0.785;  P(Y mod 1 < 0.05) = 0.1908, P(Y mod 1 > 0.95) = 0.0178 (uniform: 0.05 each)
     |S(1)/C at p = 800  -  E e(Y)| = 0.0038
  theta = 0.45:
     p =   50:  S(1)/C = -0.0134+0.0692i   S(2)/C = -0.0026+0.0451i   S(3)/C = +0.0111+0.0219i
     p =  100:  S(1)/C = -0.0065+0.0655i   S(2)/C = +0.0023+0.0439i   S(3)/C = +0.0131+0.0207i
     p =  200:  S(1)/C = -0.0021+0.0677i   S(2)/C = +0.0057+0.0462i   S(3)/C = +0.0154+0.0214i
     p =  400:  S(1)/C = +0.0000+0.0688i   S(2)/C = +0.0074+0.0473i   S(3)/C = +0.0165+0.0218i
     p =  800:  S(1)/C = +0.0011+0.0694i   S(2)/C = +0.0083+0.0479i   S(3)/C = +0.0170+0.0220i
     limit series (MC): E e(Y) = +0.0055+0.0677i   E e(2Y) = +0.0096+0.0505i   E e(3Y) = +0.0178+0.0206i
     limit law: P(Y < 1) = 0.424;  P(Y mod 1 < 0.05) = 0.0696, P(Y mod 1 > 0.95) = 0.0379 (uniform: 0.05 each)
     |S(1)/C at p = 800  -  E e(Y)| = 0.0047
  theta = 0.55:
     p =   50:  S(1)/C = -0.0063+0.0000i   S(2)/C = -0.0026-0.0004i   S(3)/C = -0.0012+0.0001i
     p =  100:  S(1)/C = -0.0088+0.0083i   S(2)/C = -0.0037+0.0048i   S(3)/C = -0.0003+0.0029i
     p =  200:  S(1)/C = -0.0080+0.0114i   S(2)/C = -0.0031+0.0070i   S(3)/C = +0.0005+0.0039i
     p =  400:  S(1)/C = -0.0076+0.0128i   S(2)/C = -0.0028+0.0080i   S(3)/C = +0.0009+0.0043i
     p =  800:  S(1)/C = -0.0073+0.0135i   S(2)/C = -0.0026+0.0085i   S(3)/C = +0.0012+0.0045i
     limit series (MC): E e(Y) = -0.0081+0.0128i   E e(2Y) = -0.0015+0.0063i   E e(3Y) = -0.0010+0.0041i
     limit law: P(Y < 1) = 0.152;  P(Y mod 1 < 0.05) = 0.0517, P(Y mod 1 > 0.95) = 0.0461 (uniform: 0.05 each)
     |S(1)/C at p = 800  -  E e(Y)| = 0.0010
  theta = 0.75:
     p =   50:  S(1)/C = +0.0111+0.0863i   S(2)/C = -0.0016+0.0480i   S(3)/C = -0.0035+0.0383i
     p =  100:  S(1)/C = +0.0221+0.0768i   S(2)/C = +0.0093+0.0461i   S(3)/C = +0.0076+0.0384i
     p =  200:  S(1)/C = +0.0316+0.0791i   S(2)/C = +0.0166+0.0497i   S(3)/C = +0.0146+0.0424i
     p =  400:  S(1)/C = +0.0361+0.0802i   S(2)/C = +0.0201+0.0514i   S(3)/C = +0.0181+0.0442i
     p =  800:  S(1)/C = +0.0383+0.0807i   S(2)/C = +0.0219+0.0522i   S(3)/C = +0.0197+0.0450i
     limit series (MC): E e(Y) = +0.0439+0.0799i   E e(2Y) = +0.0238+0.0527i   E e(3Y) = +0.0210+0.0436i
     limit law: P(Z < 1.05) = 0.0403 (Z >= 1 always); P(Z mod 1 < 0.05) = 0.0845, P(Z mod 1 > 0.95) = 0.0377 (uniform: 0.05 each)
     |S(1)/C at p = 800  -  E e(Y)| = 0.0056
  theta = 0.90:
     p =   50:  S(1)/C = +0.4391+0.2203i   S(2)/C = +0.3564+0.2036i   S(3)/C = +0.3489+0.1967i
     p =  100:  S(1)/C = +0.4485+0.2066i   S(2)/C = +0.3719+0.1901i   S(3)/C = +0.3650+0.1832i
     p =  200:  S(1)/C = +0.4533+0.2002i   S(2)/C = +0.3795+0.1840i   S(3)/C = +0.3728+0.1772i
     p =  400:  S(1)/C = +0.4557+0.1972i   S(2)/C = +0.3832+0.1811i   S(3)/C = +0.3767+0.1744i
     p =  800:  S(1)/C = +0.4569+0.1957i   S(2)/C = +0.3851+0.1797i   S(3)/C = +0.3786+0.1730i
     limit series (MC): E e(Y) = +0.4590+0.1926i   E e(2Y) = +0.3883+0.1789i   E e(3Y) = +0.3830+0.1722i
     limit law: P(Z < 1.05) = 0.3898 (Z >= 1 always); P(Z mod 1 < 0.05) = 0.4345, P(Z mod 1 > 0.95) = 0.0062 (uniform: 0.05 each)
     |S(1)/C at p = 800  -  E e(Y)| = 0.0037

  near-critical clocks (amp = max(2^p,3^a)/|G|): |S(h)|/C for h = 1, 2, 3 (normalised DP)
     (19,12) amp =      74.3:  |S(1)|/C = 2.064e-03  |S(2)|/C = 4.692e-03  |S(3)|/C = 8.136e-03   (1/sqrt(C) = 2^-7.8)
     (27,17) amp =      26.4:  |S(1)|/C = 2.310e-04  |S(2)|/C = 5.848e-04  |S(3)|/C = 2.112e-04   (1/sqrt(C) = 2^-11.5)
     (46,29) amp =      40.5:  |S(1)|/C = 4.312e-07  |S(2)|/C = 3.184e-07  |S(3)|/C = 1.368e-07   (1/sqrt(C) = 2^-20.3)
     (65,41) amp =      87.7:  |S(1)|/C = 2.594e-09  |S(2)|/C = 1.403e-09  |S(3)|/C = 3.220e-10   (1/sqrt(C) = 2^-29.2)
     (84,53) amp =       479:  |S(1)|/C = 9.418e-12  |S(2)|/C = 5.953e-12  |S(3)|/C = 6.473e-12   (1/sqrt(C) = 2^-38.2)
     (149,94) amp =       107:  |S(1)|/C = 3.981e-10  |S(2)|/C = 1.763e-11  |S(3)|/C = 6.140e-12   (1/sqrt(C) = 2^-68.8)   [40-digit DP: 3.98136e-10]
     (485,306) amp =       979:  |S(1)|/C = 1.326e-13  |S(2)|/C = 5.572e-15  |S(3)|/C = 7.888e-15   (1/sqrt(C) = 2^-228.0)   [40-digit DP: 1.32598e-13]
     (1054,665) amp =  2.29e+04:  |S(1)|/C = 4.856e-17  |S(2)|/C = 1.187e-17  |S(3)|/C = 6.507e-18   (1/sqrt(C) = 2^-498.0)   [40-digit DP: 4.85568e-17]

####################################################################################################
# PART D: procgen_gates_20260925_switching.py
####################################################################################################
==============================================================================================================
D1. Carries modulo small primes l (exact residue counts): n_0 l / C and max_r |n_r l / C - 1|, with the
    proven switching bound max_{h != 0} |S_l(h)|/C <= E cos(pi/l)^K (K = number of mixed pairs)
==============================================================================================================
   q     (p,a)     l  l|G   n_0 l/C    max dev  max|S_l|/C      bound
   3  (19, 12)    23  yes  1.014706  2.227e-02   4.547e-03  9.596e-01
   3  (19, 12)     7   no  0.996348  8.851e-03   1.674e-03  6.377e-01
   3  (19, 12)    11   no  1.002024  7.482e-03   1.287e-03  8.344e-01
   3  (27, 17)     5  yes  0.981693  1.831e-02   5.976e-03  2.813e-01
   3  (27, 17)    71  yes  0.968011  3.199e-02   1.278e-03  9.939e-01
   3  (27, 17)     7   no  0.999922  2.269e-04   5.469e-05  5.269e-01
   3  (27, 17)    11   no  0.999578  4.225e-04   5.780e-05  7.727e-01
   3  (38, 24)    23  yes  0.999895  1.048e-04   1.716e-05  9.187e-01
   3  (38, 24)   131  yes  1.000489  4.887e-04   2.089e-05  9.974e-01
   3  (38, 24)   311  yes  0.999184  8.160e-04   3.077e-05  9.995e-01
   3  (38, 24)     7   no  1.000000  4.565e-06   1.116e-06  3.969e-01
   3  (38, 24)    11   no  0.999998  4.652e-06   1.108e-06  6.894e-01
   3  (46, 29)     7   no  1.000000  3.087e-07   6.005e-08  3.280e-01
   3  (46, 29)    11   no  1.000000  2.689e-07   6.055e-08  6.385e-01
   3  (65, 41)    19  yes  1.000000  2.112e-09   4.594e-10  8.128e-01
   3  (65, 41)    29  yes  1.000000  5.742e-09   5.208e-10  9.150e-01
   3  (65, 41)     7   no  1.000000  2.833e-10   5.465e-11  2.143e-01
   3  (65, 41)    11   no  1.000000  1.995e-10   5.365e-11  5.380e-01
   3  (84, 53)    11  yes  1.000000  2.181e-13   2.968e-14  4.446e-01
   3  (84, 53)   467  yes  1.000000  5.659e-11   1.343e-12  9.996e-01
   3  (84, 53)     7   no  1.000000  4.743e-13   9.643e-14  1.334e-01
   3  (84, 53)    13   no  1.000000  1.918e-11   6.890e-12  5.600e-01
   3 (149, 94)     7  yes  1.000000  2.261e-23   4.749e-24  2.930e-02
   3 (149, 94)    11   no  1.000000  4.004e-24   1.093e-24  2.415e-01
   3 (149, 94)    13   no  1.000000  1.225e-19   2.139e-20  3.620e-01
   3  (40, 20)     5  yes  1.000626  6.262e-04   2.048e-04  1.276e-01
   3  (40, 20)     7  yes  1.000003  2.913e-06   5.013e-07  3.529e-01
   3  (40, 20)    11  yes  1.000001  1.303e-06   2.052e-07  6.572e-01
   3  (40, 20)    71  yes  1.000117  1.418e-04   1.400e-05  9.900e-01
   3  (40, 20)   181  yes  1.000219  2.188e-04   1.462e-05  9.985e-01
   3  (40, 20)    13   no  1.000000  2.369e-06   8.177e-07  7.407e-01
   3  (40, 20)   101   no  1.000034  1.329e-04   1.487e-05  9.951e-01
   3  (60, 30)     7  yes  1.000000  1.571e-09   2.863e-10  2.124e-01
   3  (60, 30)    11  yes  1.000000  4.216e-10   6.891e-11  5.357e-01
   3  (60, 30)    13  yes  1.000000  6.944e-09   1.358e-09  6.399e-01
   3  (60, 30)    31  yes  1.000000  4.071e-08   3.629e-09  9.246e-01
   3  (60, 30)    37  yes  1.000000  8.189e-10   7.438e-11  9.465e-01
   3  (60, 30)    61  yes  1.000000  2.903e-09   2.528e-10  9.800e-01
   3  (60, 30)    71  yes  1.000000  3.233e-07   3.666e-08  9.852e-01
   3  (60, 30)   181  yes  1.000000  2.395e-07   1.903e-08  9.977e-01
   3  (60, 30)   601  yes  1.000000  1.535e-07   8.206e-09  9.998e-01
   3  (60, 30)   101   no  1.000000  2.164e-07   2.076e-08  9.926e-01
   5  (28, 12)    11  yes  1.000185  1.855e-04   3.139e-05  7.475e-01
   5  (28, 12)    23  yes  1.000116  1.648e-04   3.473e-05  9.358e-01
   5  (28, 12)     7   no  1.076666  7.667e-02   1.797e-02  4.855e-01
   5  (28, 12)    13   no  1.000848  8.478e-04   1.148e-04  8.121e-01
   5  (35, 15)    31  yes  0.999886  1.136e-04   1.185e-05  9.569e-01
   5  (35, 15)    71  yes  0.999276  7.241e-04   3.633e-05  9.916e-01
   5  (35, 15)   311  yes  1.003405  3.405e-03   5.674e-05  9.996e-01
   5  (35, 15)     7   no  0.988733  1.291e-02   5.575e-03  4.185e-01
   5  (35, 15)    11   no  1.000004  8.281e-06   1.950e-06  7.041e-01
   5  (37, 16)     7  yes  1.019830  1.983e-02   3.963e-03  3.974e-01
   5  (37, 16)    89  yes  0.999276  7.243e-04   5.084e-05  9.944e-01
   5  (37, 16)    11   no  1.000005  5.166e-06   1.223e-06  6.896e-01
   5  (37, 16)    13   no  1.000008  1.691e-05   2.671e-06  7.666e-01
   5  (40, 17)     7   no  0.994622  6.172e-03   2.660e-03  3.610e-01
   5  (40, 17)    11   no  0.999999  1.007e-06   2.503e-07  6.634e-01
   5  (60, 26)    67  yes  1.000000  4.827e-08   2.743e-09  9.837e-01
   5  (60, 26)   199  yes  1.000000  6.050e-08   3.150e-09  9.981e-01
   5  (60, 26)   227  yes  1.000000  2.515e-08   1.077e-09  9.986e-01
   5  (60, 26)     7   no  1.000623  6.226e-04   1.463e-04  2.182e-01
   5  (60, 26)    11   no  1.000000  3.067e-10   6.435e-11  5.416e-01
  coarse moduli (all words, p <= 14): c_w = w_0 mod 2, and c_w = 2^(s_{a-1}) != 0 mod q; so the carries are
  never equidistributed mod 2 or mod q (the Tao-type coarse irregularity), while every modulus coprime to 2q
  is reached at the proven exponential rate.

==============================================================================================================
D2. Switching certificate at the gate modulus M = |G|: |S(h)|/C <= B_M(h) (checked), on structured h =
    u 2^-j 3^k and on random h.  typical(B) = median over 200 random h; sqrt-scale = C^(-1/2)
==============================================================================================================
  (16,10) M = 6487: structured max |S|/C = 1.456e-01 (B = 5.596e-01);  random: median |S|/C = 5.26e-03, median B = 1.86e-01, max B = 5.48e-01;  sqrt-scale 2^-6.5 = 1.12e-02
  (19,12) M = 7153: structured max |S|/C = 1.885e-02 (B = 3.391e-01);  random: median |S|/C = 2.13e-03, median B = 1.57e-01, max B = 4.43e-01;  sqrt-scale 2^-7.8 = 4.45e-03
  (24,15) M = 2428309: structured max |S|/C = 2.791e-02 (B = 2.379e-01);  random: median |S|/C = 3.23e-04, median B = 8.65e-02, max B = 2.26e-01;  sqrt-scale 2^-10.2 = 8.75e-04
  (27,17) M = 5077565: structured max |S|/C = 1.105e-02 (B = 3.448e-01);  random: median |S|/C = 1.19e-04, median B = 7.21e-02, max B = 2.58e-01;  sqrt-scale 2^-11.5 = 3.44e-04
  (46,29) M = 1738366812781: structured max |S|/C = 2.690e-04 (B = 7.813e-02);  random: median |S|/C = 1.90e-07, median B = 1.05e-02, max B = 3.91e-02;  sqrt-scale 2^-20.3 = 7.56e-07
  (65,41) M = 420491770248316829: structured max |S|/C = 2.563e-05 (B = 5.220e-02);  random: median |S|/C = 2.26e-10, median B = 1.87e-03, max B = 7.67e-03;  sqrt-scale 2^-29.2 = 1.59e-09
  (84,53) M = 40432553845953101497907: structured max |S|/C = 1.570e-06 (B = 1.793e-02);  random: median |S|/C = 3.00e-13, median B = 2.75e-04, max B = 1.63e-03;  sqrt-scale 2^-38.2 = 3.26e-12

==============================================================================================================
D3. The dense divisor regime against published data: primitive cycles of T_d(y) = y/2, (3y+d)/2 for the
    eleven d of Belaga-Mignotte 2006 table (20).  A primitive T_d-cycle with clock (p,a) is a word with
    (G/d) | c_w and gcd(c_w/(G/d), d) = 1, so it lives on a clock with d | G.  Per clock: the exact count
    (perigee-window enumeration, all clocks p <= 250 with d | G > 0) and the equidistribution
    prediction L(p,a) (d/G) prod_(l|d)(1-1/l); a/p measures the distance to the critical line log_3 2.
==============================================================================================================
  d =  7463: exact total  162 | Belaga-Mignotte omega(d) =  162 [MATCH] | equidistribution prediction   237.3 (23 clocks p <= 250, 0 skipped windows; family 13,6 extended to p <= 600: +0)
      (13,6) a/p=0.462: 126 vs 124.0;  (26,12) a/p=0.462: 23 vs 39.1;  (39,18) a/p=0.462: 6 vs 20.4;  (52,24) a/p=0.462: 5 vs 12.8;  (65,30) a/p=0.462: 1 vs 8.8;  (78,36) a/p=0.462: 1 vs 6.4
  d = 18359: exact total  164 | Belaga-Mignotte omega(d) =  164 [MATCH] | equidistribution prediction   196.4 (10 clocks p <= 250, 0 skipped windows; family 24,13 extended to p <= 600: +0)
      (24,13) a/p=0.542: 112 vs 114.3;  (48,26) a/p=0.542: 23 vs 34.1;  (72,39) a/p=0.542: 14 vs 17.0;  (96,52) a/p=0.542: 5 vs 10.1;  (120,65) a/p=0.542: 2 vs 6.7;  (144,78) a/p=0.542: 5 vs 4.7
  d =  7727: exact total  198 | Belaga-Mignotte omega(d) =  198 [MATCH] | equidistribution prediction   192.4 (13 clocks p <= 250, 0 skipped windows; family 18,11 extended to p <= 600: +0)
      (18,11) a/p=0.611: 162 vs 160.7;  (36,22) a/p=0.611: 28 vs 21.8;  (54,33) a/p=0.611: 5 vs 6.0;  (72,44) a/p=0.611: 2 vs 2.2;  (90,55) a/p=0.611: 0 vs 0.9;  (108,66) a/p=0.611: 1 vs 0.4
  d = 15655: exact total  207 | Belaga-Mignotte omega(d) =  207 [MATCH] | equidistribution prediction   273.8 (33 clocks p <= 250, 0 skipped windows; family 14,6 extended to p <= 600: +0)
      (14,6) a/p=0.429: 160 vs 162.5;  (28,12) a/p=0.429: 34 vs 48.7;  (42,18) a/p=0.429: 11 vs 23.0;  (56,24) a/p=0.429: 1 vs 13.0;  (70,30) a/p=0.429: 1 vs 8.0;  (84,36) a/p=0.429: 0 vs 5.3
  d = 10289: exact total  214 | Belaga-Mignotte omega(d) =  214 [MATCH] | equidistribution prediction   218.0 (14 clocks p <= 250, 0 skipped windows; family 17,10 extended to p <= 600: +0)
      (17,10) a/p=0.588: 166 vs 163.4;  (34,20) a/p=0.588: 26 vs 30.8;  (51,30) a/p=0.588: 10 vs 11.3;  (68,40) a/p=0.588: 7 vs 5.3;  (85,50) a/p=0.588: 3 vs 2.9;  (102,60) a/p=0.588: 1 vs 1.6
  d =  9823: exact total  241 | Belaga-Mignotte omega(d) =  241 [MATCH] | equidistribution prediction   263.2 (17 clocks p <= 250, 0 skipped windows; family 14,8 extended to p <= 600: +0)
      (14,8) a/p=0.571: 183 vs 178.7;  (28,16) a/p=0.571: 28 vs 39.9;  (42,24) a/p=0.571: 18 vs 16.9;  (56,32) a/p=0.571: 5 vs 9.2;  (70,40) a/p=0.571: 3 vs 5.6;  (84,48) a/p=0.571: 1 vs 3.7
  d = 17021: exact total  257 | Belaga-Mignotte omega(d) =  258 [differs by +1] | equidistribution prediction   252.3 (3 clocks p <= 250, 0 skipped windows; family 65,41 extended to p <= 600: +0)
      (65,41) a/p=0.631: 254 vs 247.4;  (130,82) a/p=0.631: 3 vs 4.7
  d = 14197: exact total  329 | Belaga-Mignotte omega(d) =  329 [MATCH] | equidistribution prediction   490.5 (17 clocks p <= 250, 0 skipped windows; family 14,7 extended to p <= 600: +0)
      (14,7) a/p=0.500: 245 vs 245.0;  (28,14) a/p=0.500: 43 vs 77.1;  (42,21) a/p=0.500: 21 vs 41.5;  (56,28) a/p=0.500: 12 vs 26.9;  (70,35) a/p=0.500: 4 vs 19.3;  (84,42) a/p=0.500: 2 vs 14.7
  d = 13085: exact total  335 | Belaga-Mignotte omega(d) =  335 [MATCH] | equidistribution prediction   338.4 (23 clocks p <= 250, 0 skipped windows; family 15,9 extended to p <= 600: +0)
      (15,9) a/p=0.600: 277 vs 266.3;  (30,18) a/p=0.600: 34 vs 44.0;  (45,27) a/p=0.600: 17 vs 14.5;  (60,36) a/p=0.600: 3 vs 6.3;  (75,45) a/p=0.600: 0 vs 3.1;  (90,54) a/p=0.600: 0 vs 1.7
  d =  6487: exact total  534 | Belaga-Mignotte omega(d) =  534 [MATCH] | equidistribution prediction   528.1 (18 clocks p <= 250, 0 skipped windows; family 16,10 extended to p <= 600: +0)
      (16,10) a/p=0.625: 456 vs 457.8;  (32,20) a/p=0.625: 59 vs 52.2;  (48,30) a/p=0.625: 12 vs 12.0;  (64,40) a/p=0.625: 5 vs 3.7;  (80,50) a/p=0.625: 1 vs 1.3;  (96,60) a/p=0.625: 1 vs 0.5
  d = 14303: exact total  943 | Belaga-Mignotte omega(d) =  944 [differs by +1] | equidistribution prediction   955.6 (9 clocks p <= 250, 0 skipped windows; family 27,17 extended to p <= 600: +0)
      (27,17) a/p=0.630: 843 vs 880.1;  (54,34) a/p=0.630: 76 vs 63.7;  (81,51) a/p=0.630: 20 vs 9.4;  (108,68) a/p=0.630: 3 vs 1.9;  (135,85) a/p=0.630: 1 vs 0.4
  9 of 11 totals reproduce the published omega(d).
