======================================================================
SC MAXIMIZER — FIXED COMPLEMENTARY PAIR ANALYSIS (n=6)
======================================================================

  Total regular n=6 tournaments: 2640

  H=41: 720 tournaments
    Has invol anti-aut: 720/720
    comp_both (complement pairs both cyclic): {2: 720}
    alpha_2 (from full I.P.): {2: 720}
    Full IP: {(1, 16, 2): 720}

  H=43: 1440 tournaments
    Has invol anti-aut: 0/1440
    comp_both (complement pairs both cyclic): {1: 1440}
    alpha_2 (from full I.P.): {1: 1440}
    Full IP: {(1, 19, 1): 1440}

  H=45: 480 tournaments
    Has invol anti-aut: 480/480
    comp_both (complement pairs both cyclic): {1: 240, 4: 240}
    alpha_2 (from full I.P.): {1: 240, 4: 240}
    Full IP: {(1, 14, 4): 240, (1, 20, 1): 240}

  ===== THEOREM STRUCTURE =====
  comp_both -> alpha_2 -> H mapping:
  comp_both=1: 1680 tours, H={43: 1440, 45: 240}, alpha_2={1: 1680}, anti_aut=240/1680
  comp_both=2: 720 tours, H={41: 720}, alpha_2={2: 720}, anti_aut=720/720
  comp_both=4: 240 tours, H={45: 240}, alpha_2={4: 240}, anti_aut=240/240

  Does comp_both determine alpha_2?
  bits=280: comp_both=2, alpha_2=2, H=41, IP=(1, 16, 2)
  bits=284: comp_both=2, alpha_2=2, H=41, IP=(1, 16, 2)
  bits=344: comp_both=1, alpha_2=1, H=43, IP=(1, 19, 1)
  bits=345: comp_both=1, alpha_2=1, H=43, IP=(1, 19, 1)
  bits=401: comp_both=2, alpha_2=2, H=41, IP=(1, 16, 2)
  bits=404: comp_both=1, alpha_2=1, H=43, IP=(1, 19, 1)
  bits=405: comp_both=1, alpha_2=1, H=43, IP=(1, 19, 1)
  bits=408: comp_both=4, alpha_2=4, H=45, IP=(1, 14, 4)
  bits=409: comp_both=4, alpha_2=4, H=45, IP=(1, 14, 4)
  bits=412: comp_both=2, alpha_2=2, H=41, IP=(1, 16, 2)
  bits=465: comp_both=2, alpha_2=2, H=41, IP=(1, 16, 2)
  bits=473: comp_both=2, alpha_2=2, H=41, IP=(1, 16, 2)
  bits=792: comp_both=2, alpha_2=2, H=41, IP=(1, 16, 2)
  bits=794: comp_both=2, alpha_2=2, H=41, IP=(1, 16, 2)
  bits=824: comp_both=1, alpha_2=1, H=43, IP=(1, 19, 1)
  bits=825: comp_both=1, alpha_2=1, H=43, IP=(1, 19, 1)
  bits=913: comp_both=2, alpha_2=2, H=41, IP=(1, 16, 2)
  bits=914: comp_both=1, alpha_2=1, H=43, IP=(1, 19, 1)
  bits=915: comp_both=1, alpha_2=1, H=43, IP=(1, 19, 1)
  bits=920: comp_both=4, alpha_2=4, H=45, IP=(1, 14, 4)
  bits=921: comp_both=4, alpha_2=4, H=45, IP=(1, 14, 4)
  bits=922: comp_both=2, alpha_2=2, H=41, IP=(1, 16, 2)
  bits=945: comp_both=2, alpha_2=2, H=41, IP=(1, 16, 2)
  bits=953: comp_both=2, alpha_2=2, H=41, IP=(1, 16, 2)
  bits=1298: comp_both=1, alpha_2=1, H=43, IP=(1, 19, 1)
  bits=1300: comp_both=1, alpha_2=1, H=43, IP=(1, 19, 1)
  bits=1302: comp_both=1, alpha_2=1, H=43, IP=(1, 19, 1)
  bits=1304: comp_both=1, alpha_2=1, H=43, IP=(1, 19, 1)
  bits=1306: comp_both=1, alpha_2=1, H=43, IP=(1, 19, 1)
  bits=1308: comp_both=1, alpha_2=1, H=43, IP=(1, 19, 1)
  bits=1329: comp_both=1, alpha_2=1, H=43, IP=(1, 19, 1)
  bits=1332: comp_both=1, alpha_2=1, H=45, IP=(1, 20, 1)
  bits=1333: comp_both=1, alpha_2=1, H=43, IP=(1, 19, 1)
  bits=1336: comp_both=1, alpha_2=1, H=43, IP=(1, 19, 1)
  bits=1337: comp_both=1, alpha_2=1, H=45, IP=(1, 20, 1)
  bits=1340: comp_both=1, alpha_2=1, H=43, IP=(1, 19, 1)
  bits=1361: comp_both=1, alpha_2=1, H=43, IP=(1, 19, 1)
  bits=1362: comp_both=1, alpha_2=1, H=43, IP=(1, 19, 1)
  bits=1363: comp_both=1, alpha_2=1, H=45, IP=(1, 20, 1)
  bits=1368: comp_both=1, alpha_2=1, H=45, IP=(1, 20, 1)
  bits=1369: comp_both=1, alpha_2=1, H=43, IP=(1, 19, 1)
  bits=1370: comp_both=1, alpha_2=1, H=43, IP=(1, 19, 1)
  bits=1393: comp_both=1, alpha_2=1, H=43, IP=(1, 19, 1)
  bits=1401: comp_both=1, alpha_2=1, H=43, IP=(1, 19, 1)
  bits=1425: comp_both=1, alpha_2=1, H=43, IP=(1, 19, 1)
  bits=1426: comp_both=1, alpha_2=1, H=45, IP=(1, 20, 1)
  bits=1427: comp_both=1, alpha_2=1, H=43, IP=(1, 19, 1)
  bits=1428: comp_both=1, alpha_2=1, H=43, IP=(1, 19, 1)
  bits=1429: comp_both=1, alpha_2=1, H=45, IP=(1, 20, 1)
  bits=1430: comp_both=1, alpha_2=1, H=43, IP=(1, 19, 1)
  bits=1457: comp_both=1, alpha_2=1, H=43, IP=(1, 19, 1)
  bits=1461: comp_both=1, alpha_2=1, H=43, IP=(1, 19, 1)
  bits=1489: comp_both=1, alpha_2=1, H=43, IP=(1, 19, 1)
  bits=1491: comp_both=1, alpha_2=1, H=43, IP=(1, 19, 1)
  bits=1810: comp_both=2, alpha_2=2, H=41, IP=(1, 16, 2)
  bits=1818: comp_both=2, alpha_2=2, H=41, IP=(1, 16, 2)
  bits=1841: comp_both=2, alpha_2=2, H=41, IP=(1, 16, 2)
  bits=1842: comp_both=4, alpha_2=4, H=45, IP=(1, 14, 4)
  bits=1843: comp_both=4, alpha_2=4, H=45, IP=(1, 14, 4)
  bits=1848: comp_both=1, alpha_2=1, H=43, IP=(1, 19, 1)
  bits=1849: comp_both=1, alpha_2=1, H=43, IP=(1, 19, 1)
  bits=1850: comp_both=2, alpha_2=2, H=41, IP=(1, 16, 2)
  bits=1938: comp_both=1, alpha_2=1, H=43, IP=(1, 19, 1)
  bits=1939: comp_both=1, alpha_2=1, H=43, IP=(1, 19, 1)
  bits=1969: comp_both=2, alpha_2=2, H=41, IP=(1, 16, 2)
  bits=1971: comp_both=2, alpha_2=2, H=41, IP=(1, 16, 2)
  bits=2104: comp_both=2, alpha_2=2, H=41, IP=(1, 16, 2)
  bits=2108: comp_both=2, alpha_2=2, H=41, IP=(1, 16, 2)
  bits=2136: comp_both=1, alpha_2=1, H=43, IP=(1, 19, 1)
  bits=2138: comp_both=1, alpha_2=1, H=43, IP=(1, 19, 1)
  bits=2168: comp_both=2, alpha_2=2, H=41, IP=(1, 16, 2)
  bits=2169: comp_both=2, alpha_2=2, H=41, IP=(1, 16, 2)
  bits=2194: comp_both=1, alpha_2=1, H=43, IP=(1, 19, 1)
  bits=2196: comp_both=1, alpha_2=1, H=45, IP=(1, 20, 1)
  bits=2198: comp_both=1, alpha_2=1, H=43, IP=(1, 19, 1)
  bits=2200: comp_both=1, alpha_2=1, H=43, IP=(1, 19, 1)
  bits=2202: comp_both=1, alpha_2=1, H=45, IP=(1, 20, 1)
  bits=2204: comp_both=1, alpha_2=1, H=43, IP=(1, 19, 1)
  bits=2225: comp_both=1, alpha_2=1, H=43, IP=(1, 19, 1)
  bits=2228: comp_both=1, alpha_2=1, H=43, IP=(1, 19, 1)
  bits=2229: comp_both=1, alpha_2=1, H=43, IP=(1, 19, 1)
  bits=2232: comp_both=1, alpha_2=1, H=43, IP=(1, 19, 1)
  bits=2233: comp_both=1, alpha_2=1, H=43, IP=(1, 19, 1)
  bits=2236: comp_both=1, alpha_2=1, H=43, IP=(1, 19, 1)
  bits=2257: comp_both=4, alpha_2=4, H=45, IP=(1, 14, 4)
  bits=2258: comp_both=2, alpha_2=2, H=41, IP=(1, 16, 2)
  bits=2259: comp_both=4, alpha_2=4, H=45, IP=(1, 14, 4)
  bits=2264: comp_both=1, alpha_2=1, H=43, IP=(1, 19, 1)
  bits=2265: comp_both=2, alpha_2=2, H=41, IP=(1, 16, 2)
  bits=2266: comp_both=1, alpha_2=1, H=43, IP=(1, 19, 1)
  bits=2289: comp_both=2, alpha_2=2, H=41, IP=(1, 16, 2)
  bits=2297: comp_both=2, alpha_2=2, H=41, IP=(1, 16, 2)
  bits=2314: comp_both=1, alpha_2=1, H=43, IP=(1, 19, 1)
  bits=2316: comp_both=4, alpha_2=4, H=45, IP=(1, 14, 4)
  bits=2318: comp_both=2, alpha_2=2, H=41, IP=(1, 16, 2)
  bits=2328: comp_both=2, alpha_2=2, H=41, IP=(1, 16, 2)
  bits=2330: comp_both=1, alpha_2=1, H=43, IP=(1, 19, 1)
  bits=2332: comp_both=4, alpha_2=4, H=45, IP=(1, 14, 4)
  bits=2345: comp_both=1, alpha_2=1, H=43, IP=(1, 19, 1)
  bits=2348: comp_both=4, alpha_2=4, H=45, IP=(1, 14, 4)
  bits=2349: comp_both=2, alpha_2=2, H=41, IP=(1, 16, 2)
  bits=2360: comp_both=2, alpha_2=2, H=41, IP=(1, 16, 2)
  bits=2361: comp_both=1, alpha_2=1, H=43, IP=(1, 19, 1)
  bits=2364: comp_both=4, alpha_2=4, H=45, IP=(1, 14, 4)
  bits=2377: comp_both=1, alpha_2=1, H=45, IP=(1, 20, 1)
  bits=2378: comp_both=1, alpha_2=1, H=43, IP=(1, 19, 1)
  bits=2379: comp_both=1, alpha_2=1, H=43, IP=(1, 19, 1)
  bits=2392: comp_both=1, alpha_2=1, H=43, IP=(1, 19, 1)
  bits=2393: comp_both=1, alpha_2=1, H=43, IP=(1, 19, 1)
  bits=2394: comp_both=1, alpha_2=1, H=45, IP=(1, 20, 1)
  bits=2409: comp_both=1, alpha_2=1, H=43, IP=(1, 19, 1)
  bits=2425: comp_both=1, alpha_2=1, H=43, IP=(1, 19, 1)
  bits=2435: comp_both=2, alpha_2=2, H=41, IP=(1, 16, 2)
  bits=2437: comp_both=1, alpha_2=1, H=43, IP=(1, 19, 1)
  bits=2438: comp_both=2, alpha_2=2, H=41, IP=(1, 16, 2)
  bits=2439: comp_both=2, alpha_2=2, H=41, IP=(1, 16, 2)
  bits=2441: comp_both=1, alpha_2=1, H=43, IP=(1, 19, 1)
  bits=2442: comp_both=1, alpha_2=1, H=43, IP=(1, 19, 1)
  bits=2443: comp_both=1, alpha_2=1, H=43, IP=(1, 19, 1)
  bits=2444: comp_both=2, alpha_2=2, H=41, IP=(1, 16, 2)
  bits=2445: comp_both=1, alpha_2=1, H=43, IP=(1, 19, 1)
  bits=2446: comp_both=2, alpha_2=2, H=41, IP=(1, 16, 2)
  bits=2449: comp_both=2, alpha_2=2, H=41, IP=(1, 16, 2)
  bits=2450: comp_both=1, alpha_2=1, H=43, IP=(1, 19, 1)
  bits=2451: comp_both=2, alpha_2=2, H=41, IP=(1, 16, 2)
  bits=2452: comp_both=1, alpha_2=1, H=43, IP=(1, 19, 1)
  bits=2453: comp_both=1, alpha_2=1, H=43, IP=(1, 19, 1)
  bits=2454: comp_both=1, alpha_2=1, H=43, IP=(1, 19, 1)
  bits=2456: comp_both=2, alpha_2=2, H=41, IP=(1, 16, 2)
  bits=2457: comp_both=2, alpha_2=2, H=41, IP=(1, 16, 2)
  bits=2458: comp_both=1, alpha_2=1, H=43, IP=(1, 19, 1)
  bits=2460: comp_both=2, alpha_2=2, H=41, IP=(1, 16, 2)
  bits=2469: comp_both=1, alpha_2=1, H=43, IP=(1, 19, 1)
  bits=2473: comp_both=1, alpha_2=1, H=45, IP=(1, 20, 1)
  bits=2477: comp_both=1, alpha_2=1, H=43, IP=(1, 19, 1)
  bits=2481: comp_both=1, alpha_2=1, H=43, IP=(1, 19, 1)
  bits=2485: comp_both=1, alpha_2=1, H=45, IP=(1, 20, 1)
  bits=2489: comp_both=1, alpha_2=1, H=43, IP=(1, 19, 1)
  bits=2499: comp_both=2, alpha_2=2, H=41, IP=(1, 16, 2)
  bits=2505: comp_both=1, alpha_2=1, H=43, IP=(1, 19, 1)
  bits=2507: comp_both=1, alpha_2=1, H=43, IP=(1, 19, 1)
  bits=2513: comp_both=4, alpha_2=4, H=45, IP=(1, 14, 4)
  bits=2515: comp_both=4, alpha_2=4, H=45, IP=(1, 14, 4)
  bits=2521: comp_both=2, alpha_2=2, H=41, IP=(1, 16, 2)
  bits=2616: comp_both=1, alpha_2=1, H=43, IP=(1, 19, 1)
  bits=2618: comp_both=1, alpha_2=1, H=43, IP=(1, 19, 1)
  bits=2706: comp_both=1, alpha_2=1, H=43, IP=(1, 19, 1)
  bits=2714: comp_both=1, alpha_2=1, H=43, IP=(1, 19, 1)
  bits=2737: comp_both=1, alpha_2=1, H=43, IP=(1, 19, 1)
  bits=2738: comp_both=1, alpha_2=1, H=43, IP=(1, 19, 1)
  bits=2739: comp_both=1, alpha_2=1, H=45, IP=(1, 20, 1)
  bits=2744: comp_both=1, alpha_2=1, H=45, IP=(1, 20, 1)
  bits=2745: comp_both=1, alpha_2=1, H=43, IP=(1, 19, 1)
  bits=2746: comp_both=1, alpha_2=1, H=43, IP=(1, 19, 1)
  bits=2826: comp_both=1, alpha_2=1, H=43, IP=(1, 19, 1)
  bits=2842: comp_both=1, alpha_2=1, H=43, IP=(1, 19, 1)
  bits=2857: comp_both=1, alpha_2=1, H=43, IP=(1, 19, 1)
  bits=2858: comp_both=1, alpha_2=1, H=45, IP=(1, 20, 1)
  bits=2859: comp_both=1, alpha_2=1, H=43, IP=(1, 19, 1)
  bits=2872: comp_both=1, alpha_2=1, H=43, IP=(1, 19, 1)
  bits=2873: comp_both=1, alpha_2=1, H=45, IP=(1, 20, 1)
  bits=2874: comp_both=1, alpha_2=1, H=43, IP=(1, 19, 1)
  bits=2947: comp_both=1, alpha_2=1, H=43, IP=(1, 19, 1)
  bits=2954: comp_both=1, alpha_2=1, H=43, IP=(1, 19, 1)
  bits=2955: comp_both=1, alpha_2=1, H=45, IP=(1, 20, 1)
  bits=2962: comp_both=1, alpha_2=1, H=45, IP=(1, 20, 1)
  bits=2963: comp_both=1, alpha_2=1, H=43, IP=(1, 19, 1)
  bits=2970: comp_both=1, alpha_2=1, H=43, IP=(1, 19, 1)
  bits=2979: comp_both=1, alpha_2=1, H=43, IP=(1, 19, 1)
  bits=2985: comp_both=1, alpha_2=1, H=43, IP=(1, 19, 1)
  bits=2987: comp_both=1, alpha_2=1, H=43, IP=(1, 19, 1)
  bits=2993: comp_both=1, alpha_2=1, H=43, IP=(1, 19, 1)
  bits=2995: comp_both=1, alpha_2=1, H=43, IP=(1, 19, 1)
  bits=3001: comp_both=1, alpha_2=1, H=43, IP=(1, 19, 1)
  bits=3122: comp_both=2, alpha_2=2, H=41, IP=(1, 16, 2)
  bits=3124: comp_both=1, alpha_2=1, H=43, IP=(1, 19, 1)
  bits=3126: comp_both=1, alpha_2=1, H=43, IP=(1, 19, 1)
  bits=3128: comp_both=4, alpha_2=4, H=45, IP=(1, 14, 4)
  bits=3130: comp_both=4, alpha_2=4, H=45, IP=(1, 14, 4)
  bits=3132: comp_both=2, alpha_2=2, H=41, IP=(1, 16, 2)
  bits=3154: comp_both=2, alpha_2=2, H=41, IP=(1, 16, 2)
  bits=3162: comp_both=2, alpha_2=2, H=41, IP=(1, 16, 2)
  bits=3185: comp_both=1, alpha_2=1, H=43, IP=(1, 19, 1)
  bits=3186: comp_both=2, alpha_2=2, H=41, IP=(1, 16, 2)
  bits=3187: comp_both=1, alpha_2=1, H=43, IP=(1, 19, 1)
  bits=3192: comp_both=4, alpha_2=4, H=45, IP=(1, 14, 4)
  bits=3193: comp_both=2, alpha_2=2, H=41, IP=(1, 16, 2)
  bits=3194: comp_both=4, alpha_2=4, H=45, IP=(1, 14, 4)
  bits=3218: comp_both=1, alpha_2=1, H=43, IP=(1, 19, 1)
  bits=3222: comp_both=1, alpha_2=1, H=43, IP=(1, 19, 1)
  bits=3249: comp_both=1, alpha_2=1, H=45, IP=(1, 20, 1)
  bits=3250: comp_both=1, alpha_2=1, H=43, IP=(1, 19, 1)
  bits=3251: comp_both=1, alpha_2=1, H=43, IP=(1, 19, 1)
  bits=3252: comp_both=1, alpha_2=1, H=43, IP=(1, 19, 1)
  bits=3253: comp_both=1, alpha_2=1, H=43, IP=(1, 19, 1)
  bits=3254: comp_both=1, alpha_2=1, H=45, IP=(1, 20, 1)
  bits=3282: comp_both=2, alpha_2=2, H=41, IP=(1, 16, 2)
  bits=3283: comp_both=2, alpha_2=2, H=41, IP=(1, 16, 2)
  bits=3313: comp_both=1, alpha_2=1, H=43, IP=(1, 19, 1)
  bits=3315: comp_both=1, alpha_2=1, H=43, IP=(1, 19, 1)
  bits=3334: comp_both=1, alpha_2=1, H=43, IP=(1, 19, 1)
  bits=3338: comp_both=1, alpha_2=1, H=45, IP=(1, 20, 1)
  bits=3342: comp_both=1, alpha_2=1, H=43, IP=(1, 19, 1)
  bits=3346: comp_both=1, alpha_2=1, H=43, IP=(1, 19, 1)
  bits=3350: comp_both=1, alpha_2=1, H=45, IP=(1, 20, 1)
  bits=3354: comp_both=1, alpha_2=1, H=43, IP=(1, 19, 1)
  bits=3363: comp_both=2, alpha_2=2, H=41, IP=(1, 16, 2)
  bits=3365: comp_both=2, alpha_2=2, H=41, IP=(1, 16, 2)
  bits=3366: comp_both=1, alpha_2=1, H=43, IP=(1, 19, 1)
  bits=3367: comp_both=2, alpha_2=2, H=41, IP=(1, 16, 2)
  bits=3369: comp_both=1, alpha_2=1, H=43, IP=(1, 19, 1)
  bits=3370: comp_both=1, alpha_2=1, H=43, IP=(1, 19, 1)
  bits=3371: comp_both=1, alpha_2=1, H=43, IP=(1, 19, 1)
  bits=3372: comp_both=2, alpha_2=2, H=41, IP=(1, 16, 2)
  bits=3373: comp_both=2, alpha_2=2, H=41, IP=(1, 16, 2)
  bits=3374: comp_both=1, alpha_2=1, H=43, IP=(1, 19, 1)
  bits=3377: comp_both=1, alpha_2=1, H=43, IP=(1, 19, 1)
  bits=3378: comp_both=2, alpha_2=2, H=41, IP=(1, 16, 2)
  bits=3379: comp_both=2, alpha_2=2, H=41, IP=(1, 16, 2)
  bits=3380: comp_both=1, alpha_2=1, H=43, IP=(1, 19, 1)
  bits=3381: comp_both=1, alpha_2=1, H=43, IP=(1, 19, 1)
  bits=3382: comp_both=1, alpha_2=1, H=43, IP=(1, 19, 1)
  bits=3384: comp_both=2, alpha_2=2, H=41, IP=(1, 16, 2)
  bits=3385: comp_both=1, alpha_2=1, H=43, IP=(1, 19, 1)
  bits=3386: comp_both=2, alpha_2=2, H=41, IP=(1, 16, 2)
  bits=3388: comp_both=2, alpha_2=2, H=41, IP=(1, 16, 2)
  bits=3395: comp_both=1, alpha_2=1, H=43, IP=(1, 19, 1)
  bits=3402: comp_both=1, alpha_2=1, H=43, IP=(1, 19, 1)
  bits=3403: comp_both=1, alpha_2=1, H=43, IP=(1, 19, 1)
  bits=3410: comp_both=1, alpha_2=1, H=43, IP=(1, 19, 1)
  bits=3411: comp_both=1, alpha_2=1, H=43, IP=(1, 19, 1)
  bits=3418: comp_both=1, alpha_2=1, H=43, IP=(1, 19, 1)
  bits=3427: comp_both=1, alpha_2=1, H=43, IP=(1, 19, 1)
  bits=3433: comp_both=1, alpha_2=1, H=43, IP=(1, 19, 1)
  bits=3435: comp_both=1, alpha_2=1, H=45, IP=(1, 20, 1)
  bits=3441: comp_both=1, alpha_2=1, H=45, IP=(1, 20, 1)
  bits=3443: comp_both=1, alpha_2=1, H=43, IP=(1, 19, 1)
  bits=3449: comp_both=1, alpha_2=1, H=43, IP=(1, 19, 1)
  bits=3459: comp_both=4, alpha_2=4, H=45, IP=(1, 14, 4)
  bits=3462: comp_both=2, alpha_2=2, H=41, IP=(1, 16, 2)
  bits=3463: comp_both=4, alpha_2=4, H=45, IP=(1, 14, 4)
  bits=3474: comp_both=1, alpha_2=1, H=43, IP=(1, 19, 1)
  bits=3475: comp_both=2, alpha_2=2, H=41, IP=(1, 16, 2)
  bits=3478: comp_both=1, alpha_2=1, H=43, IP=(1, 19, 1)
  bits=3491: comp_both=4, alpha_2=4, H=45, IP=(1, 14, 4)
  bits=3493: comp_both=2, alpha_2=2, H=41, IP=(1, 16, 2)
  bits=3495: comp_both=4, alpha_2=4, H=45, IP=(1, 14, 4)
  bits=3505: comp_both=1, alpha_2=1, H=43, IP=(1, 19, 1)
  bits=3507: comp_both=2, alpha_2=2, H=41, IP=(1, 16, 2)
  bits=3509: comp_both=1, alpha_2=1, H=43, IP=(1, 19, 1)
  bits=3523: comp_both=2, alpha_2=2, H=41, IP=(1, 16, 2)
  bits=3539: comp_both=2, alpha_2=2, H=41, IP=(1, 16, 2)
  bits=3634: comp_both=2, alpha_2=2, H=41, IP=(1, 16, 2)
  bits=3642: comp_both=2, alpha_2=2, H=41, IP=(1, 16, 2)
  bits=3762: comp_both=1, alpha_2=1, H=43, IP=(1, 19, 1)
  bits=3763: comp_both=1, alpha_2=1, H=43, IP=(1, 19, 1)
  bits=3875: comp_both=2, alpha_2=2, H=41, IP=(1, 16, 2)
  bits=3882: comp_both=1, alpha_2=1, H=43, IP=(1, 19, 1)
  bits=3883: comp_both=1, alpha_2=1, H=43, IP=(1, 19, 1)
  bits=3890: comp_both=4, alpha_2=4, H=45, IP=(1, 14, 4)
  bits=3891: comp_both=4, alpha_2=4, H=45, IP=(1, 14, 4)
  bits=3898: comp_both=2, alpha_2=2, H=41, IP=(1, 16, 2)
  bits=4003: comp_both=2, alpha_2=2, H=41, IP=(1, 16, 2)
  bits=4019: comp_both=2, alpha_2=2, H=41, IP=(1, 16, 2)
  bits=4372: comp_both=2, alpha_2=2, H=41, IP=(1, 16, 2)
  bits=4380: comp_both=2, alpha_2=2, H=41, IP=(1, 16, 2)
  bits=4433: comp_both=2, alpha_2=2, H=41, IP=(1, 16, 2)
  bits=4436: comp_both=4, alpha_2=4, H=45, IP=(1, 14, 4)
  bits=4437: comp_both=4, alpha_2=4, H=45, IP=(1, 14, 4)
  bits=4440: comp_both=1, alpha_2=1, H=43, IP=(1, 19, 1)
  bits=4441: comp_both=1, alpha_2=1, H=43, IP=(1, 19, 1)
  bits=4444: comp_both=2, alpha_2=2, H=41, IP=(1, 16, 2)
  bits=4500: comp_both=1, alpha_2=1, H=43, IP=(1, 19, 1)
  bits=4501: comp_both=1, alpha_2=1, H=43, IP=(1, 19, 1)
  bits=4561: comp_both=2, alpha_2=2, H=41, IP=(1, 16, 2)
  bits=4565: comp_both=2, alpha_2=2, H=41, IP=(1, 16, 2)
  bits=4882: comp_both=1, alpha_2=1, H=43, IP=(1, 19, 1)
  bits=4884: comp_both=1, alpha_2=1, H=43, IP=(1, 19, 1)
  bits=4886: comp_both=1, alpha_2=1, H=43, IP=(1, 19, 1)
  bits=4888: comp_both=1, alpha_2=1, H=43, IP=(1, 19, 1)
  bits=4890: comp_both=1, alpha_2=1, H=43, IP=(1, 19, 1)
  bits=4892: comp_both=1, alpha_2=1, H=43, IP=(1, 19, 1)
  bits=4913: comp_both=1, alpha_2=1, H=43, IP=(1, 19, 1)
  bits=4916: comp_both=1, alpha_2=1, H=43, IP=(1, 19, 1)
  bits=4917: comp_both=1, alpha_2=1, H=45, IP=(1, 20, 1)
  bits=4920: comp_both=1, alpha_2=1, H=45, IP=(1, 20, 1)
  bits=4921: comp_both=1, alpha_2=1, H=43, IP=(1, 19, 1)
  bits=4924: comp_both=1, alpha_2=1, H=43, IP=(1, 19, 1)
  bits=4945: comp_both=1, alpha_2=1, H=43, IP=(1, 19, 1)
  bits=4946: comp_both=1, alpha_2=1, H=45, IP=(1, 20, 1)
  bits=4947: comp_both=1, alpha_2=1, H=43, IP=(1, 19, 1)
  bits=4952: comp_both=1, alpha_2=1, H=43, IP=(1, 19, 1)
  bits=4953: comp_both=1, alpha_2=1, H=45, IP=(1, 20, 1)
  bits=4954: comp_both=1, alpha_2=1, H=43, IP=(1, 19, 1)
  bits=4977: comp_both=1, alpha_2=1, H=43, IP=(1, 19, 1)
  bits=4985: comp_both=1, alpha_2=1, H=43, IP=(1, 19, 1)
  bits=5009: comp_both=1, alpha_2=1, H=43, IP=(1, 19, 1)
  bits=5010: comp_both=1, alpha_2=1, H=43, IP=(1, 19, 1)
  bits=5011: comp_both=1, alpha_2=1, H=45, IP=(1, 20, 1)
  bits=5012: comp_both=1, alpha_2=1, H=45, IP=(1, 20, 1)
  bits=5013: comp_both=1, alpha_2=1, H=43, IP=(1, 19, 1)
  bits=5014: comp_both=1, alpha_2=1, H=43, IP=(1, 19, 1)
  bits=5041: comp_both=1, alpha_2=1, H=43, IP=(1, 19, 1)
  bits=5045: comp_both=1, alpha_2=1, H=43, IP=(1, 19, 1)
  bits=5073: comp_both=1, alpha_2=1, H=43, IP=(1, 19, 1)
  bits=5075: comp_both=1, alpha_2=1, H=43, IP=(1, 19, 1)
  bits=5396: comp_both=2, alpha_2=2, H=41, IP=(1, 16, 2)
  bits=5398: comp_both=2, alpha_2=2, H=41, IP=(1, 16, 2)
  bits=5428: comp_both=1, alpha_2=1, H=43, IP=(1, 19, 1)
  bits=5429: comp_both=1, alpha_2=1, H=43, IP=(1, 19, 1)
  bits=5457: comp_both=2, alpha_2=2, H=41, IP=(1, 16, 2)
  bits=5458: comp_both=1, alpha_2=1, H=43, IP=(1, 19, 1)
  bits=5459: comp_both=1, alpha_2=1, H=43, IP=(1, 19, 1)
  bits=5460: comp_both=4, alpha_2=4, H=45, IP=(1, 14, 4)
  bits=5461: comp_both=4, alpha_2=4, H=45, IP=(1, 14, 4)
  bits=5462: comp_both=2, alpha_2=2, H=41, IP=(1, 16, 2)
  bits=5489: comp_both=2, alpha_2=2, H=41, IP=(1, 16, 2)
  bits=5493: comp_both=2, alpha_2=2, H=41, IP=(1, 16, 2)
  bits=5906: comp_both=2, alpha_2=2, H=41, IP=(1, 16, 2)
  bits=5910: comp_both=2, alpha_2=2, H=41, IP=(1, 16, 2)
  bits=5937: comp_both=2, alpha_2=2, H=41, IP=(1, 16, 2)
  bits=5938: comp_both=4, alpha_2=4, H=45, IP=(1, 14, 4)
  bits=5939: comp_both=4, alpha_2=4, H=45, IP=(1, 14, 4)
  bits=5940: comp_both=1, alpha_2=1, H=43, IP=(1, 19, 1)
  bits=5941: comp_both=1, alpha_2=1, H=43, IP=(1, 19, 1)
  bits=5942: comp_both=2, alpha_2=2, H=41, IP=(1, 16, 2)
  bits=5970: comp_both=1, alpha_2=1, H=43, IP=(1, 19, 1)
  bits=5971: comp_both=1, alpha_2=1, H=43, IP=(1, 19, 1)
  bits=6001: comp_both=2, alpha_2=2, H=41, IP=(1, 16, 2)
  bits=6003: comp_both=2, alpha_2=2, H=41, IP=(1, 16, 2)
  bits=6196: comp_both=2, alpha_2=2, H=41, IP=(1, 16, 2)
  bits=6204: comp_both=2, alpha_2=2, H=41, IP=(1, 16, 2)
  bits=6226: comp_both=1, alpha_2=1, H=43, IP=(1, 19, 1)
  bits=6228: comp_both=1, alpha_2=1, H=43, IP=(1, 19, 1)
  bits=6230: comp_both=1, alpha_2=1, H=45, IP=(1, 20, 1)
  bits=6232: comp_both=1, alpha_2=1, H=45, IP=(1, 20, 1)
  bits=6234: comp_both=1, alpha_2=1, H=43, IP=(1, 19, 1)
  bits=6236: comp_both=1, alpha_2=1, H=43, IP=(1, 19, 1)
  bits=6257: comp_both=1, alpha_2=1, H=43, IP=(1, 19, 1)
  bits=6260: comp_both=1, alpha_2=1, H=43, IP=(1, 19, 1)
  bits=6261: comp_both=1, alpha_2=1, H=43, IP=(1, 19, 1)
  bits=6264: comp_both=1, alpha_2=1, H=43, IP=(1, 19, 1)
  bits=6265: comp_both=1, alpha_2=1, H=43, IP=(1, 19, 1)
  bits=6268: comp_both=1, alpha_2=1, H=43, IP=(1, 19, 1)
  bits=6292: comp_both=1, alpha_2=1, H=43, IP=(1, 19, 1)
  bits=6294: comp_both=1, alpha_2=1, H=43, IP=(1, 19, 1)
  bits=6324: comp_both=2, alpha_2=2, H=41, IP=(1, 16, 2)
  bits=6325: comp_both=2, alpha_2=2, H=41, IP=(1, 16, 2)
  bits=6353: comp_both=4, alpha_2=4, H=45, IP=(1, 14, 4)
  bits=6354: comp_both=2, alpha_2=2, H=41, IP=(1, 16, 2)
  bits=6355: comp_both=4, alpha_2=4, H=45, IP=(1, 14, 4)
  bits=6356: comp_both=1, alpha_2=1, H=43, IP=(1, 19, 1)
  bits=6357: comp_both=2, alpha_2=2, H=41, IP=(1, 16, 2)
  bits=6358: comp_both=1, alpha_2=1, H=43, IP=(1, 19, 1)
  bits=6385: comp_both=2, alpha_2=2, H=41, IP=(1, 16, 2)
  bits=6389: comp_both=2, alpha_2=2, H=41, IP=(1, 16, 2)
  bits=6406: comp_both=1, alpha_2=1, H=43, IP=(1, 19, 1)
  bits=6412: comp_both=4, alpha_2=4, H=45, IP=(1, 14, 4)
  bits=6414: comp_both=2, alpha_2=2, H=41, IP=(1, 16, 2)
  bits=6420: comp_both=2, alpha_2=2, H=41, IP=(1, 16, 2)
  bits=6422: comp_both=1, alpha_2=1, H=43, IP=(1, 19, 1)
  bits=6428: comp_both=4, alpha_2=4, H=45, IP=(1, 14, 4)
  bits=6437: comp_both=1, alpha_2=1, H=43, IP=(1, 19, 1)
  bits=6444: comp_both=4, alpha_2=4, H=45, IP=(1, 14, 4)
  bits=6445: comp_both=2, alpha_2=2, H=41, IP=(1, 16, 2)
  bits=6452: comp_both=2, alpha_2=2, H=41, IP=(1, 16, 2)
  bits=6453: comp_both=1, alpha_2=1, H=43, IP=(1, 19, 1)
  bits=6460: comp_both=4, alpha_2=4, H=45, IP=(1, 14, 4)
  bits=6467: comp_both=2, alpha_2=2, H=41, IP=(1, 16, 2)
  bits=6469: comp_both=1, alpha_2=1, H=43, IP=(1, 19, 1)
  bits=6470: comp_both=1, alpha_2=1, H=43, IP=(1, 19, 1)
  bits=6471: comp_both=1, alpha_2=1, H=43, IP=(1, 19, 1)
  bits=6473: comp_both=1, alpha_2=1, H=43, IP=(1, 19, 1)
  bits=6474: comp_both=2, alpha_2=2, H=41, IP=(1, 16, 2)
  bits=6475: comp_both=2, alpha_2=2, H=41, IP=(1, 16, 2)
  bits=6476: comp_both=2, alpha_2=2, H=41, IP=(1, 16, 2)
  bits=6477: comp_both=1, alpha_2=1, H=43, IP=(1, 19, 1)
  bits=6478: comp_both=2, alpha_2=2, H=41, IP=(1, 16, 2)
  bits=6481: comp_both=2, alpha_2=2, H=41, IP=(1, 16, 2)
  bits=6482: comp_both=1, alpha_2=1, H=43, IP=(1, 19, 1)
  bits=6483: comp_both=2, alpha_2=2, H=41, IP=(1, 16, 2)
  bits=6484: comp_both=2, alpha_2=2, H=41, IP=(1, 16, 2)
  bits=6485: comp_both=2, alpha_2=2, H=41, IP=(1, 16, 2)
  bits=6486: comp_both=1, alpha_2=1, H=43, IP=(1, 19, 1)
  bits=6488: comp_both=1, alpha_2=1, H=43, IP=(1, 19, 1)
  bits=6489: comp_both=1, alpha_2=1, H=43, IP=(1, 19, 1)
  bits=6490: comp_both=1, alpha_2=1, H=43, IP=(1, 19, 1)
  bits=6492: comp_both=2, alpha_2=2, H=41, IP=(1, 16, 2)
  bits=6501: comp_both=1, alpha_2=1, H=45, IP=(1, 20, 1)
  bits=6505: comp_both=1, alpha_2=1, H=43, IP=(1, 19, 1)
  bits=6509: comp_both=1, alpha_2=1, H=43, IP=(1, 19, 1)
  bits=6513: comp_both=1, alpha_2=1, H=43, IP=(1, 19, 1)
  bits=6517: comp_both=1, alpha_2=1, H=43, IP=(1, 19, 1)
  bits=6521: comp_both=1, alpha_2=1, H=45, IP=(1, 20, 1)
  bits=6533: comp_both=1, alpha_2=1, H=45, IP=(1, 20, 1)
  bits=6534: comp_both=1, alpha_2=1, H=43, IP=(1, 19, 1)
  bits=6535: comp_both=1, alpha_2=1, H=43, IP=(1, 19, 1)
  bits=6548: comp_both=1, alpha_2=1, H=43, IP=(1, 19, 1)
  bits=6549: comp_both=1, alpha_2=1, H=43, IP=(1, 19, 1)
  bits=6550: comp_both=1, alpha_2=1, H=45, IP=(1, 20, 1)
  bits=6565: comp_both=1, alpha_2=1, H=43, IP=(1, 19, 1)
  bits=6581: comp_both=1, alpha_2=1, H=43, IP=(1, 19, 1)
  bits=6595: comp_both=2, alpha_2=2, H=41, IP=(1, 16, 2)
  bits=6597: comp_both=1, alpha_2=1, H=43, IP=(1, 19, 1)
  bits=6599: comp_both=1, alpha_2=1, H=43, IP=(1, 19, 1)
  bits=6609: comp_both=4, alpha_2=4, H=45, IP=(1, 14, 4)
  bits=6611: comp_both=4, alpha_2=4, H=45, IP=(1, 14, 4)
  bits=6613: comp_both=2, alpha_2=2, H=41, IP=(1, 16, 2)
  bits=6706: comp_both=2, alpha_2=2, H=41, IP=(1, 16, 2)
  bits=6708: comp_both=4, alpha_2=4, H=45, IP=(1, 14, 4)
  bits=6710: comp_both=4, alpha_2=4, H=45, IP=(1, 14, 4)
  bits=6712: comp_both=1, alpha_2=1, H=43, IP=(1, 19, 1)
  bits=6714: comp_both=1, alpha_2=1, H=43, IP=(1, 19, 1)
  bits=6716: comp_both=2, alpha_2=2, H=41, IP=(1, 16, 2)
  bits=6738: comp_both=1, alpha_2=1, H=43, IP=(1, 19, 1)
  bits=6746: comp_both=1, alpha_2=1, H=43, IP=(1, 19, 1)
  bits=6769: comp_both=1, alpha_2=1, H=45, IP=(1, 20, 1)
  bits=6770: comp_both=1, alpha_2=1, H=43, IP=(1, 19, 1)
  bits=6771: comp_both=1, alpha_2=1, H=43, IP=(1, 19, 1)
  bits=6776: comp_both=1, alpha_2=1, H=43, IP=(1, 19, 1)
  bits=6777: comp_both=1, alpha_2=1, H=43, IP=(1, 19, 1)
  bits=6778: comp_both=1, alpha_2=1, H=45, IP=(1, 20, 1)
  bits=6802: comp_both=2, alpha_2=2, H=41, IP=(1, 16, 2)
  bits=6806: comp_both=2, alpha_2=2, H=41, IP=(1, 16, 2)
  bits=6833: comp_both=1, alpha_2=1, H=43, IP=(1, 19, 1)
  bits=6834: comp_both=2, alpha_2=2, H=41, IP=(1, 16, 2)
  bits=6835: comp_both=1, alpha_2=1, H=43, IP=(1, 19, 1)
  bits=6836: comp_both=4, alpha_2=4, H=45, IP=(1, 14, 4)
  bits=6837: comp_both=2, alpha_2=2, H=41, IP=(1, 16, 2)
  bits=6838: comp_both=4, alpha_2=4, H=45, IP=(1, 14, 4)
  bits=6866: comp_both=2, alpha_2=2, H=41, IP=(1, 16, 2)
  bits=6867: comp_both=2, alpha_2=2, H=41, IP=(1, 16, 2)
  bits=6897: comp_both=1, alpha_2=1, H=43, IP=(1, 19, 1)
  bits=6899: comp_both=1, alpha_2=1, H=43, IP=(1, 19, 1)
  bits=6918: comp_both=1, alpha_2=1, H=45, IP=(1, 20, 1)
  bits=6922: comp_both=1, alpha_2=1, H=43, IP=(1, 19, 1)
  bits=6926: comp_both=1, alpha_2=1, H=43, IP=(1, 19, 1)
  bits=6930: comp_both=1, alpha_2=1, H=43, IP=(1, 19, 1)
  bits=6934: comp_both=1, alpha_2=1, H=43, IP=(1, 19, 1)
  bits=6938: comp_both=1, alpha_2=1, H=45, IP=(1, 20, 1)
  bits=6947: comp_both=2, alpha_2=2, H=41, IP=(1, 16, 2)
  bits=6949: comp_both=1, alpha_2=1, H=43, IP=(1, 19, 1)
  bits=6950: comp_both=1, alpha_2=1, H=43, IP=(1, 19, 1)
  bits=6951: comp_both=1, alpha_2=1, H=43, IP=(1, 19, 1)
  bits=6953: comp_both=2, alpha_2=2, H=41, IP=(1, 16, 2)
  bits=6954: comp_both=1, alpha_2=1, H=43, IP=(1, 19, 1)
  bits=6955: comp_both=2, alpha_2=2, H=41, IP=(1, 16, 2)
  bits=6956: comp_both=2, alpha_2=2, H=41, IP=(1, 16, 2)
  bits=6957: comp_both=2, alpha_2=2, H=41, IP=(1, 16, 2)
  bits=6958: comp_both=1, alpha_2=1, H=43, IP=(1, 19, 1)
  bits=6961: comp_both=1, alpha_2=1, H=43, IP=(1, 19, 1)
  bits=6962: comp_both=2, alpha_2=2, H=41, IP=(1, 16, 2)
  bits=6963: comp_both=2, alpha_2=2, H=41, IP=(1, 16, 2)
  bits=6964: comp_both=2, alpha_2=2, H=41, IP=(1, 16, 2)
  bits=6965: comp_both=1, alpha_2=1, H=43, IP=(1, 19, 1)
  bits=6966: comp_both=2, alpha_2=2, H=41, IP=(1, 16, 2)
  bits=6968: comp_both=1, alpha_2=1, H=43, IP=(1, 19, 1)
  bits=6969: comp_both=1, alpha_2=1, H=43, IP=(1, 19, 1)
  bits=6970: comp_both=1, alpha_2=1, H=43, IP=(1, 19, 1)
  bits=6972: comp_both=2, alpha_2=2, H=41, IP=(1, 16, 2)
  bits=6979: comp_both=4, alpha_2=4, H=45, IP=(1, 14, 4)
  bits=6986: comp_both=2, alpha_2=2, H=41, IP=(1, 16, 2)
  bits=6987: comp_both=4, alpha_2=4, H=45, IP=(1, 14, 4)
  bits=6994: comp_both=1, alpha_2=1, H=43, IP=(1, 19, 1)
  bits=6995: comp_both=2, alpha_2=2, H=41, IP=(1, 16, 2)
  bits=7002: comp_both=1, alpha_2=1, H=43, IP=(1, 19, 1)
  bits=7011: comp_both=4, alpha_2=4, H=45, IP=(1, 14, 4)
  bits=7017: comp_both=2, alpha_2=2, H=41, IP=(1, 16, 2)
  bits=7019: comp_both=4, alpha_2=4, H=45, IP=(1, 14, 4)
  bits=7025: comp_both=1, alpha_2=1, H=43, IP=(1, 19, 1)
  bits=7027: comp_both=2, alpha_2=2, H=41, IP=(1, 16, 2)
  bits=7033: comp_both=1, alpha_2=1, H=43, IP=(1, 19, 1)
  bits=7043: comp_both=1, alpha_2=1, H=43, IP=(1, 19, 1)
  bits=7046: comp_both=1, alpha_2=1, H=43, IP=(1, 19, 1)
  bits=7047: comp_both=1, alpha_2=1, H=43, IP=(1, 19, 1)
  bits=7058: comp_both=1, alpha_2=1, H=43, IP=(1, 19, 1)
  bits=7059: comp_both=1, alpha_2=1, H=43, IP=(1, 19, 1)
  bits=7062: comp_both=1, alpha_2=1, H=43, IP=(1, 19, 1)
  bits=7075: comp_both=1, alpha_2=1, H=43, IP=(1, 19, 1)
  bits=7077: comp_both=1, alpha_2=1, H=43, IP=(1, 19, 1)
  bits=7079: comp_both=1, alpha_2=1, H=45, IP=(1, 20, 1)
  bits=7089: comp_both=1, alpha_2=1, H=45, IP=(1, 20, 1)
  bits=7091: comp_both=1, alpha_2=1, H=43, IP=(1, 19, 1)
  bits=7093: comp_both=1, alpha_2=1, H=43, IP=(1, 19, 1)
  bits=7107: comp_both=2, alpha_2=2, H=41, IP=(1, 16, 2)
  bits=7123: comp_both=2, alpha_2=2, H=41, IP=(1, 16, 2)
  bits=7220: comp_both=1, alpha_2=1, H=43, IP=(1, 19, 1)
  bits=7222: comp_both=1, alpha_2=1, H=43, IP=(1, 19, 1)
  bits=7250: comp_both=1, alpha_2=1, H=43, IP=(1, 19, 1)
  bits=7254: comp_both=1, alpha_2=1, H=43, IP=(1, 19, 1)
  bits=7281: comp_both=1, alpha_2=1, H=43, IP=(1, 19, 1)
  bits=7282: comp_both=1, alpha_2=1, H=43, IP=(1, 19, 1)
  bits=7283: comp_both=1, alpha_2=1, H=45, IP=(1, 20, 1)
  bits=7284: comp_both=1, alpha_2=1, H=45, IP=(1, 20, 1)
  bits=7285: comp_both=1, alpha_2=1, H=43, IP=(1, 19, 1)
  bits=7286: comp_both=1, alpha_2=1, H=43, IP=(1, 19, 1)
  bits=7430: comp_both=1, alpha_2=1, H=43, IP=(1, 19, 1)
  bits=7446: comp_both=1, alpha_2=1, H=43, IP=(1, 19, 1)
  bits=7461: comp_both=1, alpha_2=1, H=43, IP=(1, 19, 1)
  bits=7462: comp_both=1, alpha_2=1, H=45, IP=(1, 20, 1)
  bits=7463: comp_both=1, alpha_2=1, H=43, IP=(1, 19, 1)
  bits=7476: comp_both=1, alpha_2=1, H=43, IP=(1, 19, 1)
  bits=7477: comp_both=1, alpha_2=1, H=45, IP=(1, 20, 1)
  bits=7478: comp_both=1, alpha_2=1, H=43, IP=(1, 19, 1)
  bits=7491: comp_both=1, alpha_2=1, H=43, IP=(1, 19, 1)
  bits=7494: comp_both=1, alpha_2=1, H=43, IP=(1, 19, 1)
  bits=7495: comp_both=1, alpha_2=1, H=45, IP=(1, 20, 1)
  bits=7506: comp_both=1, alpha_2=1, H=45, IP=(1, 20, 1)
  bits=7507: comp_both=1, alpha_2=1, H=43, IP=(1, 19, 1)
  bits=7510: comp_both=1, alpha_2=1, H=43, IP=(1, 19, 1)
  bits=7523: comp_both=1, alpha_2=1, H=43, IP=(1, 19, 1)
  bits=7525: comp_both=1, alpha_2=1, H=43, IP=(1, 19, 1)
  bits=7527: comp_both=1, alpha_2=1, H=43, IP=(1, 19, 1)
  bits=7537: comp_both=1, alpha_2=1, H=43, IP=(1, 19, 1)
  bits=7539: comp_both=1, alpha_2=1, H=43, IP=(1, 19, 1)
  bits=7541: comp_both=1, alpha_2=1, H=43, IP=(1, 19, 1)
  bits=7730: comp_both=2, alpha_2=2, H=41, IP=(1, 16, 2)
  bits=7734: comp_both=2, alpha_2=2, H=41, IP=(1, 16, 2)
  bits=7794: comp_both=1, alpha_2=1, H=43, IP=(1, 19, 1)
  bits=7795: comp_both=1, alpha_2=1, H=43, IP=(1, 19, 1)
  bits=7971: comp_both=2, alpha_2=2, H=41, IP=(1, 16, 2)
  bits=7974: comp_both=1, alpha_2=1, H=43, IP=(1, 19, 1)
  bits=7975: comp_both=1, alpha_2=1, H=43, IP=(1, 19, 1)
  bits=7986: comp_both=4, alpha_2=4, H=45, IP=(1, 14, 4)
  bits=7987: comp_both=4, alpha_2=4, H=45, IP=(1, 14, 4)
  bits=7990: comp_both=2, alpha_2=2, H=41, IP=(1, 16, 2)
  bits=8035: comp_both=2, alpha_2=2, H=41, IP=(1, 16, 2)
  bits=8051: comp_both=2, alpha_2=2, H=41, IP=(1, 16, 2)
  bits=8280: comp_both=1, alpha_2=1, H=43, IP=(1, 19, 1)
  bits=8284: comp_both=1, alpha_2=1, H=43, IP=(1, 19, 1)
  bits=8340: comp_both=1, alpha_2=1, H=43, IP=(1, 19, 1)
  bits=8348: comp_both=1, alpha_2=1, H=43, IP=(1, 19, 1)
  bits=8401: comp_both=1, alpha_2=1, H=43, IP=(1, 19, 1)
  bits=8404: comp_both=1, alpha_2=1, H=43, IP=(1, 19, 1)
  bits=8405: comp_both=1, alpha_2=1, H=45, IP=(1, 20, 1)
  bits=8408: comp_both=1, alpha_2=1, H=45, IP=(1, 20, 1)
  bits=8409: comp_both=1, alpha_2=1, H=43, IP=(1, 19, 1)
  bits=8412: comp_both=1, alpha_2=1, H=43, IP=(1, 19, 1)
  bits=8460: comp_both=1, alpha_2=1, H=43, IP=(1, 19, 1)
  bits=8476: comp_both=1, alpha_2=1, H=43, IP=(1, 19, 1)
  bits=8521: comp_both=1, alpha_2=1, H=43, IP=(1, 19, 1)
  bits=8524: comp_both=1, alpha_2=1, H=45, IP=(1, 20, 1)
  bits=8525: comp_both=1, alpha_2=1, H=43, IP=(1, 19, 1)
  bits=8536: comp_both=1, alpha_2=1, H=43, IP=(1, 19, 1)
  bits=8537: comp_both=1, alpha_2=1, H=45, IP=(1, 20, 1)
  bits=8540: comp_both=1, alpha_2=1, H=43, IP=(1, 19, 1)
  bits=8581: comp_both=1, alpha_2=1, H=43, IP=(1, 19, 1)
  bits=8588: comp_both=1, alpha_2=1, H=43, IP=(1, 19, 1)
  bits=8589: comp_both=1, alpha_2=1, H=45, IP=(1, 20, 1)
  bits=8596: comp_both=1, alpha_2=1, H=45, IP=(1, 20, 1)
  bits=8597: comp_both=1, alpha_2=1, H=43, IP=(1, 19, 1)
  bits=8604: comp_both=1, alpha_2=1, H=43, IP=(1, 19, 1)
  bits=8645: comp_both=1, alpha_2=1, H=43, IP=(1, 19, 1)
  bits=8649: comp_both=1, alpha_2=1, H=43, IP=(1, 19, 1)
  bits=8653: comp_both=1, alpha_2=1, H=43, IP=(1, 19, 1)
  bits=8657: comp_both=1, alpha_2=1, H=43, IP=(1, 19, 1)
  bits=8661: comp_both=1, alpha_2=1, H=43, IP=(1, 19, 1)
  bits=8665: comp_both=1, alpha_2=1, H=43, IP=(1, 19, 1)
  bits=8760: comp_both=1, alpha_2=1, H=43, IP=(1, 19, 1)
  bits=8764: comp_both=1, alpha_2=1, H=43, IP=(1, 19, 1)
  bits=8792: comp_both=2, alpha_2=2, H=41, IP=(1, 16, 2)
  bits=8794: comp_both=2, alpha_2=2, H=41, IP=(1, 16, 2)
  bits=8824: comp_both=2, alpha_2=2, H=41, IP=(1, 16, 2)
  bits=8825: comp_both=2, alpha_2=2, H=41, IP=(1, 16, 2)
  bits=8850: comp_both=1, alpha_2=1, H=45, IP=(1, 20, 1)
  bits=8852: comp_both=1, alpha_2=1, H=43, IP=(1, 19, 1)
  bits=8854: comp_both=1, alpha_2=1, H=43, IP=(1, 19, 1)
  bits=8856: comp_both=1, alpha_2=1, H=43, IP=(1, 19, 1)
  bits=8858: comp_both=1, alpha_2=1, H=43, IP=(1, 19, 1)
  bits=8860: comp_both=1, alpha_2=1, H=45, IP=(1, 20, 1)
  bits=8881: comp_both=4, alpha_2=4, H=45, IP=(1, 14, 4)
  bits=8884: comp_both=2, alpha_2=2, H=41, IP=(1, 16, 2)
  bits=8885: comp_both=4, alpha_2=4, H=45, IP=(1, 14, 4)
  bits=8888: comp_both=1, alpha_2=1, H=43, IP=(1, 19, 1)
  bits=8889: comp_both=2, alpha_2=2, H=41, IP=(1, 16, 2)
  bits=8892: comp_both=1, alpha_2=1, H=43, IP=(1, 19, 1)
  bits=8913: comp_both=1, alpha_2=1, H=43, IP=(1, 19, 1)
  bits=8914: comp_both=1, alpha_2=1, H=43, IP=(1, 19, 1)
  bits=8915: comp_both=1, alpha_2=1, H=43, IP=(1, 19, 1)
  bits=8920: comp_both=1, alpha_2=1, H=43, IP=(1, 19, 1)
  bits=8921: comp_both=1, alpha_2=1, H=43, IP=(1, 19, 1)
  bits=8922: comp_both=1, alpha_2=1, H=43, IP=(1, 19, 1)
  bits=8945: comp_both=2, alpha_2=2, H=41, IP=(1, 16, 2)
  bits=8953: comp_both=2, alpha_2=2, H=41, IP=(1, 16, 2)
  bits=8970: comp_both=4, alpha_2=4, H=45, IP=(1, 14, 4)
  bits=8972: comp_both=1, alpha_2=1, H=43, IP=(1, 19, 1)
  bits=8974: comp_both=2, alpha_2=2, H=41, IP=(1, 16, 2)
  bits=8984: comp_both=2, alpha_2=2, H=41, IP=(1, 16, 2)
  bits=8986: comp_both=4, alpha_2=4, H=45, IP=(1, 14, 4)
  bits=8988: comp_both=1, alpha_2=1, H=43, IP=(1, 19, 1)
  bits=9001: comp_both=1, alpha_2=1, H=45, IP=(1, 20, 1)
  bits=9004: comp_both=1, alpha_2=1, H=43, IP=(1, 19, 1)
  bits=9005: comp_both=1, alpha_2=1, H=43, IP=(1, 19, 1)
  bits=9016: comp_both=1, alpha_2=1, H=43, IP=(1, 19, 1)
  bits=9017: comp_both=1, alpha_2=1, H=43, IP=(1, 19, 1)
  bits=9020: comp_both=1, alpha_2=1, H=45, IP=(1, 20, 1)
  bits=9033: comp_both=1, alpha_2=1, H=43, IP=(1, 19, 1)
  bits=9034: comp_both=4, alpha_2=4, H=45, IP=(1, 14, 4)
  bits=9035: comp_both=2, alpha_2=2, H=41, IP=(1, 16, 2)
  bits=9048: comp_both=2, alpha_2=2, H=41, IP=(1, 16, 2)
  bits=9049: comp_both=1, alpha_2=1, H=43, IP=(1, 19, 1)
  bits=9050: comp_both=4, alpha_2=4, H=45, IP=(1, 14, 4)
  bits=9065: comp_both=1, alpha_2=1, H=43, IP=(1, 19, 1)
  bits=9081: comp_both=1, alpha_2=1, H=43, IP=(1, 19, 1)
  bits=9091: comp_both=1, alpha_2=1, H=43, IP=(1, 19, 1)
  bits=9093: comp_both=2, alpha_2=2, H=41, IP=(1, 16, 2)
  bits=9094: comp_both=2, alpha_2=2, H=41, IP=(1, 16, 2)
  bits=9095: comp_both=2, alpha_2=2, H=41, IP=(1, 16, 2)
  bits=9097: comp_both=1, alpha_2=1, H=43, IP=(1, 19, 1)
  bits=9098: comp_both=2, alpha_2=2, H=41, IP=(1, 16, 2)
  bits=9099: comp_both=1, alpha_2=1, H=43, IP=(1, 19, 1)
  bits=9100: comp_both=1, alpha_2=1, H=43, IP=(1, 19, 1)
  bits=9101: comp_both=1, alpha_2=1, H=43, IP=(1, 19, 1)
  bits=9102: comp_both=2, alpha_2=2, H=41, IP=(1, 16, 2)
  bits=9105: comp_both=2, alpha_2=2, H=41, IP=(1, 16, 2)
  bits=9106: comp_both=1, alpha_2=1, H=43, IP=(1, 19, 1)
  bits=9107: comp_both=1, alpha_2=1, H=43, IP=(1, 19, 1)
  bits=9108: comp_both=1, alpha_2=1, H=43, IP=(1, 19, 1)
  bits=9109: comp_both=2, alpha_2=2, H=41, IP=(1, 16, 2)
  bits=9110: comp_both=1, alpha_2=1, H=43, IP=(1, 19, 1)
  bits=9112: comp_both=2, alpha_2=2, H=41, IP=(1, 16, 2)
  bits=9113: comp_both=2, alpha_2=2, H=41, IP=(1, 16, 2)
  bits=9114: comp_both=2, alpha_2=2, H=41, IP=(1, 16, 2)
  bits=9116: comp_both=1, alpha_2=1, H=43, IP=(1, 19, 1)
  bits=9125: comp_both=2, alpha_2=2, H=41, IP=(1, 16, 2)
  bits=9129: comp_both=1, alpha_2=1, H=43, IP=(1, 19, 1)
  bits=9133: comp_both=1, alpha_2=1, H=43, IP=(1, 19, 1)
  bits=9137: comp_both=4, alpha_2=4, H=45, IP=(1, 14, 4)
  bits=9141: comp_both=4, alpha_2=4, H=45, IP=(1, 14, 4)
  bits=9145: comp_both=2, alpha_2=2, H=41, IP=(1, 16, 2)
  bits=9155: comp_both=1, alpha_2=1, H=43, IP=(1, 19, 1)
  bits=9161: comp_both=1, alpha_2=1, H=45, IP=(1, 20, 1)
  bits=9163: comp_both=1, alpha_2=1, H=43, IP=(1, 19, 1)
  bits=9169: comp_both=1, alpha_2=1, H=43, IP=(1, 19, 1)
  bits=9171: comp_both=1, alpha_2=1, H=45, IP=(1, 20, 1)
  bits=9177: comp_both=1, alpha_2=1, H=43, IP=(1, 19, 1)
  bits=9268: comp_both=1, alpha_2=1, H=43, IP=(1, 19, 1)
  bits=9276: comp_both=1, alpha_2=1, H=43, IP=(1, 19, 1)
  bits=9298: comp_both=4, alpha_2=4, H=45, IP=(1, 14, 4)
  bits=9300: comp_both=2, alpha_2=2, H=41, IP=(1, 16, 2)
  bits=9302: comp_both=4, alpha_2=4, H=45, IP=(1, 14, 4)
  bits=9304: comp_both=1, alpha_2=1, H=43, IP=(1, 19, 1)
  bits=9306: comp_both=2, alpha_2=2, H=41, IP=(1, 16, 2)
  bits=9308: comp_both=1, alpha_2=1, H=43, IP=(1, 19, 1)
  bits=9329: comp_both=1, alpha_2=1, H=45, IP=(1, 20, 1)
  bits=9332: comp_both=1, alpha_2=1, H=43, IP=(1, 19, 1)
  bits=9333: comp_both=1, alpha_2=1, H=43, IP=(1, 19, 1)
  bits=9336: comp_both=1, alpha_2=1, H=43, IP=(1, 19, 1)
  bits=9337: comp_both=1, alpha_2=1, H=43, IP=(1, 19, 1)
  bits=9340: comp_both=1, alpha_2=1, H=45, IP=(1, 20, 1)
  bits=9364: comp_both=2, alpha_2=2, H=41, IP=(1, 16, 2)
  bits=9366: comp_both=2, alpha_2=2, H=41, IP=(1, 16, 2)
  bits=9396: comp_both=2, alpha_2=2, H=41, IP=(1, 16, 2)
  bits=9397: comp_both=2, alpha_2=2, H=41, IP=(1, 16, 2)
  bits=9425: comp_both=1, alpha_2=1, H=43, IP=(1, 19, 1)
  bits=9426: comp_both=4, alpha_2=4, H=45, IP=(1, 14, 4)
  bits=9427: comp_both=2, alpha_2=2, H=41, IP=(1, 16, 2)
  bits=9428: comp_both=2, alpha_2=2, H=41, IP=(1, 16, 2)
  bits=9429: comp_both=1, alpha_2=1, H=43, IP=(1, 19, 1)
  bits=9430: comp_both=4, alpha_2=4, H=45, IP=(1, 14, 4)
  bits=9457: comp_both=1, alpha_2=1, H=43, IP=(1, 19, 1)
  bits=9461: comp_both=1, alpha_2=1, H=43, IP=(1, 19, 1)
  bits=9478: comp_both=1, alpha_2=1, H=45, IP=(1, 20, 1)
  bits=9484: comp_both=1, alpha_2=1, H=43, IP=(1, 19, 1)
  bits=9486: comp_both=1, alpha_2=1, H=43, IP=(1, 19, 1)
  bits=9492: comp_both=1, alpha_2=1, H=43, IP=(1, 19, 1)
  bits=9494: comp_both=1, alpha_2=1, H=43, IP=(1, 19, 1)
  bits=9500: comp_both=1, alpha_2=1, H=45, IP=(1, 20, 1)
  bits=9509: comp_both=4, alpha_2=4, H=45, IP=(1, 14, 4)
  bits=9516: comp_both=2, alpha_2=2, H=41, IP=(1, 16, 2)
  bits=9517: comp_both=4, alpha_2=4, H=45, IP=(1, 14, 4)
  bits=9524: comp_both=1, alpha_2=1, H=43, IP=(1, 19, 1)
  bits=9525: comp_both=2, alpha_2=2, H=41, IP=(1, 16, 2)
  bits=9532: comp_both=1, alpha_2=1, H=43, IP=(1, 19, 1)
  bits=9539: comp_both=1, alpha_2=1, H=43, IP=(1, 19, 1)
  bits=9541: comp_both=2, alpha_2=2, H=41, IP=(1, 16, 2)
  bits=9542: comp_both=1, alpha_2=1, H=43, IP=(1, 19, 1)
  bits=9543: comp_both=1, alpha_2=1, H=43, IP=(1, 19, 1)
  bits=9545: comp_both=2, alpha_2=2, H=41, IP=(1, 16, 2)
  bits=9546: comp_both=2, alpha_2=2, H=41, IP=(1, 16, 2)
  bits=9547: comp_both=2, alpha_2=2, H=41, IP=(1, 16, 2)
  bits=9548: comp_both=1, alpha_2=1, H=43, IP=(1, 19, 1)
  bits=9549: comp_both=2, alpha_2=2, H=41, IP=(1, 16, 2)
  bits=9550: comp_both=1, alpha_2=1, H=43, IP=(1, 19, 1)
  bits=9553: comp_both=1, alpha_2=1, H=43, IP=(1, 19, 1)
  bits=9554: comp_both=2, alpha_2=2, H=41, IP=(1, 16, 2)
  bits=9555: comp_both=1, alpha_2=1, H=43, IP=(1, 19, 1)
  bits=9556: comp_both=2, alpha_2=2, H=41, IP=(1, 16, 2)
  bits=9557: comp_both=2, alpha_2=2, H=41, IP=(1, 16, 2)
  bits=9558: comp_both=2, alpha_2=2, H=41, IP=(1, 16, 2)
  bits=9560: comp_both=1, alpha_2=1, H=43, IP=(1, 19, 1)
  bits=9561: comp_both=1, alpha_2=1, H=43, IP=(1, 19, 1)
  bits=9562: comp_both=2, alpha_2=2, H=41, IP=(1, 16, 2)
  bits=9564: comp_both=1, alpha_2=1, H=43, IP=(1, 19, 1)
  bits=9573: comp_both=4, alpha_2=4, H=45, IP=(1, 14, 4)
  bits=9577: comp_both=2, alpha_2=2, H=41, IP=(1, 16, 2)
  bits=9581: comp_both=4, alpha_2=4, H=45, IP=(1, 14, 4)
  bits=9585: comp_both=1, alpha_2=1, H=43, IP=(1, 19, 1)
  bits=9589: comp_both=2, alpha_2=2, H=41, IP=(1, 16, 2)
  bits=9593: comp_both=1, alpha_2=1, H=43, IP=(1, 19, 1)
  bits=9605: comp_both=1, alpha_2=1, H=43, IP=(1, 19, 1)
  bits=9606: comp_both=1, alpha_2=1, H=43, IP=(1, 19, 1)
  bits=9607: comp_both=1, alpha_2=1, H=43, IP=(1, 19, 1)
  bits=9620: comp_both=1, alpha_2=1, H=43, IP=(1, 19, 1)
  bits=9621: comp_both=1, alpha_2=1, H=43, IP=(1, 19, 1)
  bits=9622: comp_both=1, alpha_2=1, H=43, IP=(1, 19, 1)
  bits=9637: comp_both=2, alpha_2=2, H=41, IP=(1, 16, 2)
  bits=9653: comp_both=2, alpha_2=2, H=41, IP=(1, 16, 2)
  bits=9667: comp_both=1, alpha_2=1, H=43, IP=(1, 19, 1)
  bits=9669: comp_both=1, alpha_2=1, H=43, IP=(1, 19, 1)
  bits=9671: comp_both=1, alpha_2=1, H=45, IP=(1, 20, 1)
  bits=9681: comp_both=1, alpha_2=1, H=45, IP=(1, 20, 1)
  bits=9683: comp_both=1, alpha_2=1, H=43, IP=(1, 19, 1)
  bits=9685: comp_both=1, alpha_2=1, H=43, IP=(1, 19, 1)
  bits=9778: comp_both=1, alpha_2=1, H=43, IP=(1, 19, 1)
  bits=9780: comp_both=1, alpha_2=1, H=43, IP=(1, 19, 1)
  bits=9782: comp_both=1, alpha_2=1, H=45, IP=(1, 20, 1)
  bits=9784: comp_both=1, alpha_2=1, H=45, IP=(1, 20, 1)
  bits=9786: comp_both=1, alpha_2=1, H=43, IP=(1, 19, 1)
  bits=9788: comp_both=1, alpha_2=1, H=43, IP=(1, 19, 1)
  bits=9810: comp_both=2, alpha_2=2, H=41, IP=(1, 16, 2)
  bits=9818: comp_both=2, alpha_2=2, H=41, IP=(1, 16, 2)
  bits=9841: comp_both=1, alpha_2=1, H=43, IP=(1, 19, 1)
  bits=9842: comp_both=1, alpha_2=1, H=43, IP=(1, 19, 1)
  bits=9843: comp_both=1, alpha_2=1, H=43, IP=(1, 19, 1)
  bits=9848: comp_both=1, alpha_2=1, H=43, IP=(1, 19, 1)
  bits=9849: comp_both=1, alpha_2=1, H=43, IP=(1, 19, 1)
  bits=9850: comp_both=1, alpha_2=1, H=43, IP=(1, 19, 1)
  bits=9874: comp_both=1, alpha_2=1, H=43, IP=(1, 19, 1)
  bits=9878: comp_both=1, alpha_2=1, H=43, IP=(1, 19, 1)
  bits=9905: comp_both=4, alpha_2=4, H=45, IP=(1, 14, 4)
  bits=9906: comp_both=1, alpha_2=1, H=43, IP=(1, 19, 1)
  bits=9907: comp_both=2, alpha_2=2, H=41, IP=(1, 16, 2)
  bits=9908: comp_both=2, alpha_2=2, H=41, IP=(1, 16, 2)
  bits=9909: comp_both=4, alpha_2=4, H=45, IP=(1, 14, 4)
  bits=9910: comp_both=1, alpha_2=1, H=43, IP=(1, 19, 1)
  bits=9938: comp_both=2, alpha_2=2, H=41, IP=(1, 16, 2)
  bits=9939: comp_both=2, alpha_2=2, H=41, IP=(1, 16, 2)
  bits=9969: comp_both=2, alpha_2=2, H=41, IP=(1, 16, 2)
  bits=9971: comp_both=2, alpha_2=2, H=41, IP=(1, 16, 2)
  bits=9990: comp_both=1, alpha_2=1, H=43, IP=(1, 19, 1)
  bits=9994: comp_both=4, alpha_2=4, H=45, IP=(1, 14, 4)
  bits=9998: comp_both=2, alpha_2=2, H=41, IP=(1, 16, 2)
  bits=10002: comp_both=2, alpha_2=2, H=41, IP=(1, 16, 2)
  bits=10006: comp_both=1, alpha_2=1, H=43, IP=(1, 19, 1)
  bits=10010: comp_both=4, alpha_2=4, H=45, IP=(1, 14, 4)
  bits=10019: comp_both=1, alpha_2=1, H=43, IP=(1, 19, 1)
  bits=10021: comp_both=2, alpha_2=2, H=41, IP=(1, 16, 2)
  bits=10022: comp_both=1, alpha_2=1, H=43, IP=(1, 19, 1)
  bits=10023: comp_both=1, alpha_2=1, H=43, IP=(1, 19, 1)
  bits=10025: comp_both=1, alpha_2=1, H=43, IP=(1, 19, 1)
  bits=10026: comp_both=2, alpha_2=2, H=41, IP=(1, 16, 2)
  bits=10027: comp_both=1, alpha_2=1, H=43, IP=(1, 19, 1)
  bits=10028: comp_both=2, alpha_2=2, H=41, IP=(1, 16, 2)
  bits=10029: comp_both=2, alpha_2=2, H=41, IP=(1, 16, 2)
  bits=10030: comp_both=2, alpha_2=2, H=41, IP=(1, 16, 2)
  bits=10033: comp_both=2, alpha_2=2, H=41, IP=(1, 16, 2)
  bits=10034: comp_both=2, alpha_2=2, H=41, IP=(1, 16, 2)
  bits=10035: comp_both=2, alpha_2=2, H=41, IP=(1, 16, 2)
  bits=10036: comp_both=1, alpha_2=1, H=43, IP=(1, 19, 1)
  bits=10037: comp_both=2, alpha_2=2, H=41, IP=(1, 16, 2)
  bits=10038: comp_both=1, alpha_2=1, H=43, IP=(1, 19, 1)
  bits=10040: comp_both=1, alpha_2=1, H=43, IP=(1, 19, 1)
  bits=10041: comp_both=1, alpha_2=1, H=43, IP=(1, 19, 1)
  bits=10042: comp_both=2, alpha_2=2, H=41, IP=(1, 16, 2)
  bits=10044: comp_both=1, alpha_2=1, H=43, IP=(1, 19, 1)
  bits=10051: comp_both=1, alpha_2=1, H=43, IP=(1, 19, 1)
  bits=10058: comp_both=4, alpha_2=4, H=45, IP=(1, 14, 4)
  bits=10059: comp_both=2, alpha_2=2, H=41, IP=(1, 16, 2)
  bits=10066: comp_both=2, alpha_2=2, H=41, IP=(1, 16, 2)
  bits=10067: comp_both=1, alpha_2=1, H=43, IP=(1, 19, 1)
  bits=10074: comp_both=4, alpha_2=4, H=45, IP=(1, 14, 4)
  bits=10083: comp_both=1, alpha_2=1, H=45, IP=(1, 20, 1)
  bits=10089: comp_both=1, alpha_2=1, H=43, IP=(1, 19, 1)
  bits=10091: comp_both=1, alpha_2=1, H=43, IP=(1, 19, 1)
  bits=10097: comp_both=1, alpha_2=1, H=43, IP=(1, 19, 1)
  bits=10099: comp_both=1, alpha_2=1, H=43, IP=(1, 19, 1)
  bits=10105: comp_both=1, alpha_2=1, H=45, IP=(1, 20, 1)
  bits=10115: comp_both=1, alpha_2=1, H=45, IP=(1, 20, 1)
  bits=10118: comp_both=1, alpha_2=1, H=43, IP=(1, 19, 1)
  bits=10119: comp_both=1, alpha_2=1, H=43, IP=(1, 19, 1)
  bits=10130: comp_both=1, alpha_2=1, H=43, IP=(1, 19, 1)
  bits=10131: comp_both=1, alpha_2=1, H=43, IP=(1, 19, 1)
  bits=10134: comp_both=1, alpha_2=1, H=45, IP=(1, 20, 1)
  bits=10147: comp_both=1, alpha_2=1, H=43, IP=(1, 19, 1)
  bits=10149: comp_both=2, alpha_2=2, H=41, IP=(1, 16, 2)
  bits=10151: comp_both=1, alpha_2=1, H=43, IP=(1, 19, 1)
  bits=10161: comp_both=4, alpha_2=4, H=45, IP=(1, 14, 4)
  bits=10163: comp_both=2, alpha_2=2, H=41, IP=(1, 16, 2)
  bits=10165: comp_both=4, alpha_2=4, H=45, IP=(1, 14, 4)
  bits=10179: comp_both=1, alpha_2=1, H=43, IP=(1, 19, 1)
  bits=10195: comp_both=1, alpha_2=1, H=43, IP=(1, 19, 1)
  bits=10284: comp_both=1, alpha_2=1, H=43, IP=(1, 19, 1)
  bits=10300: comp_both=1, alpha_2=1, H=43, IP=(1, 19, 1)
  bits=10314: comp_both=1, alpha_2=1, H=45, IP=(1, 20, 1)
  bits=10316: comp_both=1, alpha_2=1, H=43, IP=(1, 19, 1)
  bits=10318: comp_both=1, alpha_2=1, H=43, IP=(1, 19, 1)
  bits=10328: comp_both=1, alpha_2=1, H=43, IP=(1, 19, 1)
  bits=10330: comp_both=1, alpha_2=1, H=43, IP=(1, 19, 1)
  bits=10332: comp_both=1, alpha_2=1, H=45, IP=(1, 20, 1)
  bits=10345: comp_both=4, alpha_2=4, H=45, IP=(1, 14, 4)
  bits=10348: comp_both=1, alpha_2=1, H=43, IP=(1, 19, 1)
  bits=10349: comp_both=2, alpha_2=2, H=41, IP=(1, 16, 2)
  bits=10360: comp_both=2, alpha_2=2, H=41, IP=(1, 16, 2)
  bits=10361: comp_both=4, alpha_2=4, H=45, IP=(1, 14, 4)
  bits=10364: comp_both=1, alpha_2=1, H=43, IP=(1, 19, 1)
  bits=10374: comp_both=4, alpha_2=4, H=45, IP=(1, 14, 4)
  bits=10380: comp_both=2, alpha_2=2, H=41, IP=(1, 16, 2)
  bits=10382: comp_both=4, alpha_2=4, H=45, IP=(1, 14, 4)
  bits=10388: comp_both=1, alpha_2=1, H=43, IP=(1, 19, 1)
  bits=10390: comp_both=2, alpha_2=2, H=41, IP=(1, 16, 2)
  bits=10396: comp_both=1, alpha_2=1, H=43, IP=(1, 19, 1)
  bits=10405: comp_both=1, alpha_2=1, H=45, IP=(1, 20, 1)
  bits=10412: comp_both=1, alpha_2=1, H=43, IP=(1, 19, 1)
  bits=10413: comp_both=1, alpha_2=1, H=43, IP=(1, 19, 1)
  bits=10420: comp_both=1, alpha_2=1, H=43, IP=(1, 19, 1)
  bits=10421: comp_both=1, alpha_2=1, H=43, IP=(1, 19, 1)
  bits=10428: comp_both=1, alpha_2=1, H=45, IP=(1, 20, 1)
  bits=10435: comp_both=1, alpha_2=1, H=43, IP=(1, 19, 1)
  bits=10437: comp_both=1, alpha_2=1, H=43, IP=(1, 19, 1)
  bits=10438: comp_both=2, alpha_2=2, H=41, IP=(1, 16, 2)
  bits=10439: comp_both=1, alpha_2=1, H=43, IP=(1, 19, 1)
  bits=10441: comp_both=2, alpha_2=2, H=41, IP=(1, 16, 2)
  bits=10442: comp_both=1, alpha_2=1, H=43, IP=(1, 19, 1)
  bits=10443: comp_both=1, alpha_2=1, H=43, IP=(1, 19, 1)
  bits=10444: comp_both=2, alpha_2=2, H=41, IP=(1, 16, 2)
  bits=10445: comp_both=2, alpha_2=2, H=41, IP=(1, 16, 2)
  bits=10446: comp_both=2, alpha_2=2, H=41, IP=(1, 16, 2)
  bits=10449: comp_both=2, alpha_2=2, H=41, IP=(1, 16, 2)
  bits=10450: comp_both=2, alpha_2=2, H=41, IP=(1, 16, 2)
  bits=10451: comp_both=2, alpha_2=2, H=41, IP=(1, 16, 2)
  bits=10452: comp_both=1, alpha_2=1, H=43, IP=(1, 19, 1)
  bits=10453: comp_both=1, alpha_2=1, H=43, IP=(1, 19, 1)
  bits=10454: comp_both=2, alpha_2=2, H=41, IP=(1, 16, 2)
  bits=10456: comp_both=1, alpha_2=1, H=43, IP=(1, 19, 1)
  bits=10457: comp_both=2, alpha_2=2, H=41, IP=(1, 16, 2)
  bits=10458: comp_both=1, alpha_2=1, H=43, IP=(1, 19, 1)
  bits=10460: comp_both=1, alpha_2=1, H=43, IP=(1, 19, 1)
  bits=10469: comp_both=1, alpha_2=1, H=43, IP=(1, 19, 1)
  bits=10473: comp_both=4, alpha_2=4, H=45, IP=(1, 14, 4)
  bits=10477: comp_both=2, alpha_2=2, H=41, IP=(1, 16, 2)
  bits=10481: comp_both=2, alpha_2=2, H=41, IP=(1, 16, 2)
  bits=10485: comp_both=1, alpha_2=1, H=43, IP=(1, 19, 1)
  bits=10489: comp_both=4, alpha_2=4, H=45, IP=(1, 14, 4)
  bits=10508: comp_both=2, alpha_2=2, H=41, IP=(1, 16, 2)
  bits=10510: comp_both=2, alpha_2=2, H=41, IP=(1, 16, 2)
  bits=10540: comp_both=2, alpha_2=2, H=41, IP=(1, 16, 2)
  bits=10541: comp_both=2, alpha_2=2, H=41, IP=(1, 16, 2)
  bits=10569: comp_both=1, alpha_2=1, H=43, IP=(1, 19, 1)
  bits=10570: comp_both=1, alpha_2=1, H=43, IP=(1, 19, 1)
  bits=10571: comp_both=1, alpha_2=1, H=43, IP=(1, 19, 1)
  bits=10572: comp_both=1, alpha_2=1, H=43, IP=(1, 19, 1)
  bits=10573: comp_both=1, alpha_2=1, H=43, IP=(1, 19, 1)
  bits=10574: comp_both=1, alpha_2=1, H=43, IP=(1, 19, 1)
  bits=10601: comp_both=2, alpha_2=2, H=41, IP=(1, 16, 2)
  bits=10605: comp_both=2, alpha_2=2, H=41, IP=(1, 16, 2)
  bits=10629: comp_both=1, alpha_2=1, H=43, IP=(1, 19, 1)
  bits=10630: comp_both=4, alpha_2=4, H=45, IP=(1, 14, 4)
  bits=10631: comp_both=2, alpha_2=2, H=41, IP=(1, 16, 2)
  bits=10636: comp_both=2, alpha_2=2, H=41, IP=(1, 16, 2)
  bits=10637: comp_both=1, alpha_2=1, H=43, IP=(1, 19, 1)
  bits=10638: comp_both=4, alpha_2=4, H=45, IP=(1, 14, 4)
  bits=10661: comp_both=1, alpha_2=1, H=43, IP=(1, 19, 1)
  bits=10669: comp_both=1, alpha_2=1, H=43, IP=(1, 19, 1)
  bits=10691: comp_both=1, alpha_2=1, H=43, IP=(1, 19, 1)
  bits=10693: comp_both=1, alpha_2=1, H=45, IP=(1, 20, 1)
  bits=10695: comp_both=1, alpha_2=1, H=43, IP=(1, 19, 1)
  bits=10697: comp_both=1, alpha_2=1, H=43, IP=(1, 19, 1)
  bits=10699: comp_both=1, alpha_2=1, H=45, IP=(1, 20, 1)
  bits=10701: comp_both=1, alpha_2=1, H=43, IP=(1, 19, 1)
  bits=10794: comp_both=1, alpha_2=1, H=43, IP=(1, 19, 1)
  bits=10796: comp_both=1, alpha_2=1, H=45, IP=(1, 20, 1)
  bits=10798: comp_both=1, alpha_2=1, H=43, IP=(1, 19, 1)
  bits=10808: comp_both=1, alpha_2=1, H=43, IP=(1, 19, 1)
  bits=10810: comp_both=1, alpha_2=1, H=45, IP=(1, 20, 1)
  bits=10812: comp_both=1, alpha_2=1, H=43, IP=(1, 19, 1)
  bits=10826: comp_both=1, alpha_2=1, H=43, IP=(1, 19, 1)
  bits=10842: comp_both=1, alpha_2=1, H=43, IP=(1, 19, 1)
  bits=10857: comp_both=4, alpha_2=4, H=45, IP=(1, 14, 4)
  bits=10858: comp_both=1, alpha_2=1, H=43, IP=(1, 19, 1)
  bits=10859: comp_both=2, alpha_2=2, H=41, IP=(1, 16, 2)
  bits=10872: comp_both=2, alpha_2=2, H=41, IP=(1, 16, 2)
  bits=10873: comp_both=4, alpha_2=4, H=45, IP=(1, 14, 4)
  bits=10874: comp_both=1, alpha_2=1, H=43, IP=(1, 19, 1)
  bits=10886: comp_both=4, alpha_2=4, H=45, IP=(1, 14, 4)
  bits=10890: comp_both=2, alpha_2=2, H=41, IP=(1, 16, 2)
  bits=10894: comp_both=4, alpha_2=4, H=45, IP=(1, 14, 4)
  bits=10898: comp_both=1, alpha_2=1, H=43, IP=(1, 19, 1)
  bits=10902: comp_both=2, alpha_2=2, H=41, IP=(1, 16, 2)
  bits=10906: comp_both=1, alpha_2=1, H=43, IP=(1, 19, 1)
  bits=10915: comp_both=1, alpha_2=1, H=43, IP=(1, 19, 1)
  bits=10917: comp_both=1, alpha_2=1, H=43, IP=(1, 19, 1)
  bits=10918: comp_both=2, alpha_2=2, H=41, IP=(1, 16, 2)
  bits=10919: comp_both=1, alpha_2=1, H=43, IP=(1, 19, 1)
  bits=10921: comp_both=2, alpha_2=2, H=41, IP=(1, 16, 2)
  bits=10922: comp_both=2, alpha_2=2, H=41, IP=(1, 16, 2)
  bits=10923: comp_both=2, alpha_2=2, H=41, IP=(1, 16, 2)
  bits=10924: comp_both=1, alpha_2=1, H=43, IP=(1, 19, 1)
  bits=10925: comp_both=1, alpha_2=1, H=43, IP=(1, 19, 1)
  bits=10926: comp_both=2, alpha_2=2, H=41, IP=(1, 16, 2)
  bits=10929: comp_both=2, alpha_2=2, H=41, IP=(1, 16, 2)
  bits=10930: comp_both=1, alpha_2=1, H=43, IP=(1, 19, 1)
  bits=10931: comp_both=1, alpha_2=1, H=43, IP=(1, 19, 1)
  bits=10932: comp_both=2, alpha_2=2, H=41, IP=(1, 16, 2)
  bits=10933: comp_both=2, alpha_2=2, H=41, IP=(1, 16, 2)
  bits=10934: comp_both=2, alpha_2=2, H=41, IP=(1, 16, 2)
  bits=10936: comp_both=1, alpha_2=1, H=43, IP=(1, 19, 1)
  bits=10937: comp_both=2, alpha_2=2, H=41, IP=(1, 16, 2)
  bits=10938: comp_both=1, alpha_2=1, H=43, IP=(1, 19, 1)
  bits=10940: comp_both=1, alpha_2=1, H=43, IP=(1, 19, 1)
  bits=10947: comp_both=1, alpha_2=1, H=45, IP=(1, 20, 1)
  bits=10954: comp_both=1, alpha_2=1, H=43, IP=(1, 19, 1)
  bits=10955: comp_both=1, alpha_2=1, H=43, IP=(1, 19, 1)
  bits=10962: comp_both=1, alpha_2=1, H=43, IP=(1, 19, 1)
  bits=10963: comp_both=1, alpha_2=1, H=43, IP=(1, 19, 1)
  bits=10970: comp_both=1, alpha_2=1, H=45, IP=(1, 20, 1)
  bits=10979: comp_both=1, alpha_2=1, H=43, IP=(1, 19, 1)
  bits=10985: comp_both=4, alpha_2=4, H=45, IP=(1, 14, 4)
  bits=10987: comp_both=2, alpha_2=2, H=41, IP=(1, 16, 2)
  bits=10993: comp_both=2, alpha_2=2, H=41, IP=(1, 16, 2)
  bits=10995: comp_both=1, alpha_2=1, H=43, IP=(1, 19, 1)
  bits=11001: comp_both=4, alpha_2=4, H=45, IP=(1, 14, 4)
  bits=11018: comp_both=2, alpha_2=2, H=41, IP=(1, 16, 2)
  bits=11022: comp_both=2, alpha_2=2, H=41, IP=(1, 16, 2)
  bits=11049: comp_both=1, alpha_2=1, H=43, IP=(1, 19, 1)
  bits=11050: comp_both=1, alpha_2=1, H=43, IP=(1, 19, 1)
  bits=11051: comp_both=1, alpha_2=1, H=43, IP=(1, 19, 1)
  bits=11052: comp_both=1, alpha_2=1, H=43, IP=(1, 19, 1)
  bits=11053: comp_both=1, alpha_2=1, H=43, IP=(1, 19, 1)
  bits=11054: comp_both=1, alpha_2=1, H=43, IP=(1, 19, 1)
  bits=11082: comp_both=2, alpha_2=2, H=41, IP=(1, 16, 2)
  bits=11083: comp_both=2, alpha_2=2, H=41, IP=(1, 16, 2)
  bits=11113: comp_both=2, alpha_2=2, H=41, IP=(1, 16, 2)
  bits=11115: comp_both=2, alpha_2=2, H=41, IP=(1, 16, 2)
  bits=11139: comp_both=1, alpha_2=1, H=43, IP=(1, 19, 1)
  bits=11142: comp_both=4, alpha_2=4, H=45, IP=(1, 14, 4)
  bits=11143: comp_both=2, alpha_2=2, H=41, IP=(1, 16, 2)
  bits=11146: comp_both=2, alpha_2=2, H=41, IP=(1, 16, 2)
  bits=11147: comp_both=1, alpha_2=1, H=43, IP=(1, 19, 1)
  bits=11150: comp_both=4, alpha_2=4, H=45, IP=(1, 14, 4)
  bits=11171: comp_both=1, alpha_2=1, H=45, IP=(1, 20, 1)
  bits=11173: comp_both=1, alpha_2=1, H=43, IP=(1, 19, 1)
  bits=11175: comp_both=1, alpha_2=1, H=43, IP=(1, 19, 1)
  bits=11177: comp_both=1, alpha_2=1, H=43, IP=(1, 19, 1)
  bits=11179: comp_both=1, alpha_2=1, H=43, IP=(1, 19, 1)
  bits=11181: comp_both=1, alpha_2=1, H=45, IP=(1, 20, 1)
  bits=11203: comp_both=1, alpha_2=1, H=43, IP=(1, 19, 1)
  bits=11211: comp_both=1, alpha_2=1, H=43, IP=(1, 19, 1)
  bits=11302: comp_both=1, alpha_2=1, H=43, IP=(1, 19, 1)
  bits=11308: comp_both=1, alpha_2=1, H=43, IP=(1, 19, 1)
  bits=11310: comp_both=1, alpha_2=1, H=45, IP=(1, 20, 1)
  bits=11316: comp_both=1, alpha_2=1, H=45, IP=(1, 20, 1)
  bits=11318: comp_both=1, alpha_2=1, H=43, IP=(1, 19, 1)
  bits=11324: comp_both=1, alpha_2=1, H=43, IP=(1, 19, 1)
  bits=11334: comp_both=2, alpha_2=2, H=41, IP=(1, 16, 2)
  bits=11338: comp_both=1, alpha_2=1, H=43, IP=(1, 19, 1)
  bits=11342: comp_both=1, alpha_2=1, H=43, IP=(1, 19, 1)
  bits=11346: comp_both=4, alpha_2=4, H=45, IP=(1, 14, 4)
  bits=11350: comp_both=4, alpha_2=4, H=45, IP=(1, 14, 4)
  bits=11354: comp_both=2, alpha_2=2, H=41, IP=(1, 16, 2)
  bits=11363: comp_both=1, alpha_2=1, H=43, IP=(1, 19, 1)
  bits=11365: comp_both=2, alpha_2=2, H=41, IP=(1, 16, 2)
  bits=11366: comp_both=2, alpha_2=2, H=41, IP=(1, 16, 2)
  bits=11367: comp_both=2, alpha_2=2, H=41, IP=(1, 16, 2)
  bits=11369: comp_both=2, alpha_2=2, H=41, IP=(1, 16, 2)
  bits=11370: comp_both=1, alpha_2=1, H=43, IP=(1, 19, 1)
  bits=11371: comp_both=1, alpha_2=1, H=43, IP=(1, 19, 1)
  bits=11372: comp_both=1, alpha_2=1, H=43, IP=(1, 19, 1)
  bits=11373: comp_both=2, alpha_2=2, H=41, IP=(1, 16, 2)
  bits=11374: comp_both=1, alpha_2=1, H=43, IP=(1, 19, 1)
  bits=11377: comp_both=1, alpha_2=1, H=43, IP=(1, 19, 1)
  bits=11378: comp_both=2, alpha_2=2, H=41, IP=(1, 16, 2)
  bits=11379: comp_both=1, alpha_2=1, H=43, IP=(1, 19, 1)
  bits=11380: comp_both=1, alpha_2=1, H=43, IP=(1, 19, 1)
  bits=11381: comp_both=1, alpha_2=1, H=43, IP=(1, 19, 1)
  bits=11382: comp_both=2, alpha_2=2, H=41, IP=(1, 16, 2)
  bits=11384: comp_both=2, alpha_2=2, H=41, IP=(1, 16, 2)
  bits=11385: comp_both=2, alpha_2=2, H=41, IP=(1, 16, 2)
  bits=11386: comp_both=2, alpha_2=2, H=41, IP=(1, 16, 2)
  bits=11388: comp_both=1, alpha_2=1, H=43, IP=(1, 19, 1)
  bits=11398: comp_both=2, alpha_2=2, H=41, IP=(1, 16, 2)
  bits=11414: comp_both=2, alpha_2=2, H=41, IP=(1, 16, 2)
  bits=11429: comp_both=1, alpha_2=1, H=43, IP=(1, 19, 1)
  bits=11430: comp_both=1, alpha_2=1, H=43, IP=(1, 19, 1)
  bits=11431: comp_both=1, alpha_2=1, H=43, IP=(1, 19, 1)
  bits=11444: comp_both=1, alpha_2=1, H=43, IP=(1, 19, 1)
  bits=11445: comp_both=1, alpha_2=1, H=43, IP=(1, 19, 1)
  bits=11446: comp_both=1, alpha_2=1, H=43, IP=(1, 19, 1)
  bits=11459: comp_both=1, alpha_2=1, H=43, IP=(1, 19, 1)
  bits=11462: comp_both=2, alpha_2=2, H=41, IP=(1, 16, 2)
  bits=11463: comp_both=1, alpha_2=1, H=43, IP=(1, 19, 1)
  bits=11474: comp_both=4, alpha_2=4, H=45, IP=(1, 14, 4)
  bits=11475: comp_both=2, alpha_2=2, H=41, IP=(1, 16, 2)
  bits=11478: comp_both=4, alpha_2=4, H=45, IP=(1, 14, 4)
  bits=11491: comp_both=1, alpha_2=1, H=45, IP=(1, 20, 1)
  bits=11493: comp_both=1, alpha_2=1, H=43, IP=(1, 19, 1)
  bits=11495: comp_both=1, alpha_2=1, H=43, IP=(1, 19, 1)
  bits=11505: comp_both=1, alpha_2=1, H=43, IP=(1, 19, 1)
  bits=11507: comp_both=1, alpha_2=1, H=43, IP=(1, 19, 1)
  bits=11509: comp_both=1, alpha_2=1, H=45, IP=(1, 20, 1)
  bits=11526: comp_both=1, alpha_2=1, H=43, IP=(1, 19, 1)
  bits=11534: comp_both=1, alpha_2=1, H=43, IP=(1, 19, 1)
  bits=11557: comp_both=4, alpha_2=4, H=45, IP=(1, 14, 4)
  bits=11558: comp_both=1, alpha_2=1, H=43, IP=(1, 19, 1)
  bits=11559: comp_both=2, alpha_2=2, H=41, IP=(1, 16, 2)
  bits=11564: comp_both=2, alpha_2=2, H=41, IP=(1, 16, 2)
  bits=11565: comp_both=4, alpha_2=4, H=45, IP=(1, 14, 4)
  bits=11566: comp_both=1, alpha_2=1, H=43, IP=(1, 19, 1)
  bits=11587: comp_both=1, alpha_2=1, H=45, IP=(1, 20, 1)
  bits=11590: comp_both=1, alpha_2=1, H=43, IP=(1, 19, 1)
  bits=11591: comp_both=1, alpha_2=1, H=43, IP=(1, 19, 1)
  bits=11594: comp_both=1, alpha_2=1, H=43, IP=(1, 19, 1)
  bits=11595: comp_both=1, alpha_2=1, H=43, IP=(1, 19, 1)
  bits=11598: comp_both=1, alpha_2=1, H=45, IP=(1, 20, 1)
  bits=11619: comp_both=1, alpha_2=1, H=43, IP=(1, 19, 1)
  bits=11621: comp_both=4, alpha_2=4, H=45, IP=(1, 14, 4)
  bits=11623: comp_both=2, alpha_2=2, H=41, IP=(1, 16, 2)
  bits=11625: comp_both=2, alpha_2=2, H=41, IP=(1, 16, 2)
  bits=11627: comp_both=1, alpha_2=1, H=43, IP=(1, 19, 1)
  bits=11629: comp_both=4, alpha_2=4, H=45, IP=(1, 14, 4)
  bits=11654: comp_both=2, alpha_2=2, H=41, IP=(1, 16, 2)
  bits=11655: comp_both=2, alpha_2=2, H=41, IP=(1, 16, 2)
  bits=11685: comp_both=2, alpha_2=2, H=41, IP=(1, 16, 2)
  bits=11687: comp_both=2, alpha_2=2, H=41, IP=(1, 16, 2)
  bits=11715: comp_both=1, alpha_2=1, H=43, IP=(1, 19, 1)
  bits=11719: comp_both=1, alpha_2=1, H=43, IP=(1, 19, 1)
  bits=11814: comp_both=1, alpha_2=1, H=43, IP=(1, 19, 1)
  bits=11818: comp_both=1, alpha_2=1, H=43, IP=(1, 19, 1)
  bits=11822: comp_both=1, alpha_2=1, H=43, IP=(1, 19, 1)
  bits=11826: comp_both=1, alpha_2=1, H=43, IP=(1, 19, 1)
  bits=11830: comp_both=1, alpha_2=1, H=43, IP=(1, 19, 1)
  bits=11834: comp_both=1, alpha_2=1, H=43, IP=(1, 19, 1)
  bits=11875: comp_both=1, alpha_2=1, H=43, IP=(1, 19, 1)
  bits=11882: comp_both=1, alpha_2=1, H=45, IP=(1, 20, 1)
  bits=11883: comp_both=1, alpha_2=1, H=43, IP=(1, 19, 1)
  bits=11890: comp_both=1, alpha_2=1, H=43, IP=(1, 19, 1)
  bits=11891: comp_both=1, alpha_2=1, H=45, IP=(1, 20, 1)
  bits=11898: comp_both=1, alpha_2=1, H=43, IP=(1, 19, 1)
  bits=11939: comp_both=1, alpha_2=1, H=43, IP=(1, 19, 1)
  bits=11942: comp_both=1, alpha_2=1, H=43, IP=(1, 19, 1)
  bits=11943: comp_both=1, alpha_2=1, H=45, IP=(1, 20, 1)
  bits=11954: comp_both=1, alpha_2=1, H=45, IP=(1, 20, 1)
  bits=11955: comp_both=1, alpha_2=1, H=43, IP=(1, 19, 1)
  bits=11958: comp_both=1, alpha_2=1, H=43, IP=(1, 19, 1)
  bits=12003: comp_both=1, alpha_2=1, H=43, IP=(1, 19, 1)
  bits=12019: comp_both=1, alpha_2=1, H=43, IP=(1, 19, 1)
  bits=12067: comp_both=1, alpha_2=1, H=43, IP=(1, 19, 1)
  bits=12070: comp_both=1, alpha_2=1, H=45, IP=(1, 20, 1)
  bits=12071: comp_both=1, alpha_2=1, H=43, IP=(1, 19, 1)
  bits=12074: comp_both=1, alpha_2=1, H=43, IP=(1, 19, 1)
  bits=12075: comp_both=1, alpha_2=1, H=45, IP=(1, 20, 1)
  bits=12078: comp_both=1, alpha_2=1, H=43, IP=(1, 19, 1)
  bits=12131: comp_both=1, alpha_2=1, H=43, IP=(1, 19, 1)
  bits=12139: comp_both=1, alpha_2=1, H=43, IP=(1, 19, 1)
  bits=12195: comp_both=1, alpha_2=1, H=43, IP=(1, 19, 1)
  bits=12199: comp_both=1, alpha_2=1, H=43, IP=(1, 19, 1)
  bits=12372: comp_both=2, alpha_2=2, H=41, IP=(1, 16, 2)
  bits=12380: comp_both=2, alpha_2=2, H=41, IP=(1, 16, 2)
  bits=12500: comp_both=1, alpha_2=1, H=43, IP=(1, 19, 1)
  bits=12501: comp_both=1, alpha_2=1, H=43, IP=(1, 19, 1)
  bits=12613: comp_both=2, alpha_2=2, H=41, IP=(1, 16, 2)
  bits=12620: comp_both=1, alpha_2=1, H=43, IP=(1, 19, 1)
  bits=12621: comp_both=1, alpha_2=1, H=43, IP=(1, 19, 1)
  bits=12628: comp_both=4, alpha_2=4, H=45, IP=(1, 14, 4)
  bits=12629: comp_both=4, alpha_2=4, H=45, IP=(1, 14, 4)
  bits=12636: comp_both=2, alpha_2=2, H=41, IP=(1, 16, 2)
  bits=12741: comp_both=2, alpha_2=2, H=41, IP=(1, 16, 2)
  bits=12757: comp_both=2, alpha_2=2, H=41, IP=(1, 16, 2)
  bits=12852: comp_both=2, alpha_2=2, H=41, IP=(1, 16, 2)
  bits=12860: comp_both=2, alpha_2=2, H=41, IP=(1, 16, 2)
  bits=12882: comp_both=1, alpha_2=1, H=43, IP=(1, 19, 1)
  bits=12884: comp_both=2, alpha_2=2, H=41, IP=(1, 16, 2)
  bits=12886: comp_both=1, alpha_2=1, H=43, IP=(1, 19, 1)
  bits=12888: comp_both=4, alpha_2=4, H=45, IP=(1, 14, 4)
  bits=12890: comp_both=2, alpha_2=2, H=41, IP=(1, 16, 2)
  bits=12892: comp_both=4, alpha_2=4, H=45, IP=(1, 14, 4)
  bits=12913: comp_both=1, alpha_2=1, H=43, IP=(1, 19, 1)
  bits=12916: comp_both=2, alpha_2=2, H=41, IP=(1, 16, 2)
  bits=12917: comp_both=1, alpha_2=1, H=43, IP=(1, 19, 1)
  bits=12920: comp_both=4, alpha_2=4, H=45, IP=(1, 14, 4)
  bits=12921: comp_both=2, alpha_2=2, H=41, IP=(1, 16, 2)
  bits=12924: comp_both=4, alpha_2=4, H=45, IP=(1, 14, 4)
  bits=12948: comp_both=1, alpha_2=1, H=43, IP=(1, 19, 1)
  bits=12950: comp_both=1, alpha_2=1, H=43, IP=(1, 19, 1)
  bits=12980: comp_both=2, alpha_2=2, H=41, IP=(1, 16, 2)
  bits=12981: comp_both=2, alpha_2=2, H=41, IP=(1, 16, 2)
  bits=13009: comp_both=1, alpha_2=1, H=45, IP=(1, 20, 1)
  bits=13010: comp_both=1, alpha_2=1, H=43, IP=(1, 19, 1)
  bits=13011: comp_both=1, alpha_2=1, H=43, IP=(1, 19, 1)
  bits=13012: comp_both=1, alpha_2=1, H=43, IP=(1, 19, 1)
  bits=13013: comp_both=1, alpha_2=1, H=43, IP=(1, 19, 1)
  bits=13014: comp_both=1, alpha_2=1, H=45, IP=(1, 20, 1)
  bits=13041: comp_both=1, alpha_2=1, H=43, IP=(1, 19, 1)
  bits=13045: comp_both=1, alpha_2=1, H=43, IP=(1, 19, 1)
  bits=13062: comp_both=1, alpha_2=1, H=43, IP=(1, 19, 1)
  bits=13068: comp_both=1, alpha_2=1, H=45, IP=(1, 20, 1)
  bits=13070: comp_both=1, alpha_2=1, H=43, IP=(1, 19, 1)
  bits=13076: comp_both=1, alpha_2=1, H=43, IP=(1, 19, 1)
  bits=13078: comp_both=1, alpha_2=1, H=45, IP=(1, 20, 1)
  bits=13084: comp_both=1, alpha_2=1, H=43, IP=(1, 19, 1)
  bits=13093: comp_both=1, alpha_2=1, H=43, IP=(1, 19, 1)
  bits=13100: comp_both=1, alpha_2=1, H=43, IP=(1, 19, 1)
  bits=13101: comp_both=1, alpha_2=1, H=43, IP=(1, 19, 1)
  bits=13108: comp_both=1, alpha_2=1, H=43, IP=(1, 19, 1)
  bits=13109: comp_both=1, alpha_2=1, H=43, IP=(1, 19, 1)
  bits=13116: comp_both=1, alpha_2=1, H=43, IP=(1, 19, 1)
  bits=13123: comp_both=2, alpha_2=2, H=41, IP=(1, 16, 2)
  bits=13125: comp_both=2, alpha_2=2, H=41, IP=(1, 16, 2)
  bits=13126: comp_both=1, alpha_2=1, H=43, IP=(1, 19, 1)
  bits=13127: comp_both=2, alpha_2=2, H=41, IP=(1, 16, 2)
  bits=13129: comp_both=1, alpha_2=1, H=43, IP=(1, 19, 1)
  bits=13130: comp_both=2, alpha_2=2, H=41, IP=(1, 16, 2)
  bits=13131: comp_both=2, alpha_2=2, H=41, IP=(1, 16, 2)
  bits=13132: comp_both=1, alpha_2=1, H=43, IP=(1, 19, 1)
  bits=13133: comp_both=1, alpha_2=1, H=43, IP=(1, 19, 1)
  bits=13134: comp_both=1, alpha_2=1, H=43, IP=(1, 19, 1)
  bits=13137: comp_both=1, alpha_2=1, H=43, IP=(1, 19, 1)
  bits=13138: comp_both=1, alpha_2=1, H=43, IP=(1, 19, 1)
  bits=13139: comp_both=1, alpha_2=1, H=43, IP=(1, 19, 1)
  bits=13140: comp_both=2, alpha_2=2, H=41, IP=(1, 16, 2)
  bits=13141: comp_both=2, alpha_2=2, H=41, IP=(1, 16, 2)
  bits=13142: comp_both=1, alpha_2=1, H=43, IP=(1, 19, 1)
  bits=13144: comp_both=2, alpha_2=2, H=41, IP=(1, 16, 2)
  bits=13145: comp_both=1, alpha_2=1, H=43, IP=(1, 19, 1)
  bits=13146: comp_both=2, alpha_2=2, H=41, IP=(1, 16, 2)
  bits=13148: comp_both=2, alpha_2=2, H=41, IP=(1, 16, 2)
  bits=13157: comp_both=1, alpha_2=1, H=43, IP=(1, 19, 1)
  bits=13161: comp_both=1, alpha_2=1, H=43, IP=(1, 19, 1)
  bits=13165: comp_both=1, alpha_2=1, H=45, IP=(1, 20, 1)
  bits=13169: comp_both=1, alpha_2=1, H=45, IP=(1, 20, 1)
  bits=13173: comp_both=1, alpha_2=1, H=43, IP=(1, 19, 1)
  bits=13177: comp_both=1, alpha_2=1, H=43, IP=(1, 19, 1)
  bits=13189: comp_both=4, alpha_2=4, H=45, IP=(1, 14, 4)
  bits=13190: comp_both=2, alpha_2=2, H=41, IP=(1, 16, 2)
  bits=13191: comp_both=4, alpha_2=4, H=45, IP=(1, 14, 4)
  bits=13204: comp_both=1, alpha_2=1, H=43, IP=(1, 19, 1)
  bits=13205: comp_both=2, alpha_2=2, H=41, IP=(1, 16, 2)
  bits=13206: comp_both=1, alpha_2=1, H=43, IP=(1, 19, 1)
  bits=13221: comp_both=2, alpha_2=2, H=41, IP=(1, 16, 2)
  bits=13237: comp_both=2, alpha_2=2, H=41, IP=(1, 16, 2)
  bits=13251: comp_both=2, alpha_2=2, H=41, IP=(1, 16, 2)
  bits=13253: comp_both=4, alpha_2=4, H=45, IP=(1, 14, 4)
  bits=13255: comp_both=4, alpha_2=4, H=45, IP=(1, 14, 4)
  bits=13265: comp_both=1, alpha_2=1, H=43, IP=(1, 19, 1)
  bits=13267: comp_both=1, alpha_2=1, H=43, IP=(1, 19, 1)
  bits=13269: comp_both=2, alpha_2=2, H=41, IP=(1, 16, 2)
  bits=13396: comp_both=2, alpha_2=2, H=41, IP=(1, 16, 2)
  bits=13398: comp_both=2, alpha_2=2, H=41, IP=(1, 16, 2)
  bits=13428: comp_both=1, alpha_2=1, H=43, IP=(1, 19, 1)
  bits=13429: comp_both=1, alpha_2=1, H=43, IP=(1, 19, 1)
  bits=13637: comp_both=2, alpha_2=2, H=41, IP=(1, 16, 2)
  bits=13638: comp_both=1, alpha_2=1, H=43, IP=(1, 19, 1)
  bits=13639: comp_both=1, alpha_2=1, H=43, IP=(1, 19, 1)
  bits=13652: comp_both=4, alpha_2=4, H=45, IP=(1, 14, 4)
  bits=13653: comp_both=4, alpha_2=4, H=45, IP=(1, 14, 4)
  bits=13654: comp_both=2, alpha_2=2, H=41, IP=(1, 16, 2)
  bits=13669: comp_both=2, alpha_2=2, H=41, IP=(1, 16, 2)
  bits=13685: comp_both=2, alpha_2=2, H=41, IP=(1, 16, 2)
  bits=13876: comp_both=1, alpha_2=1, H=43, IP=(1, 19, 1)
  bits=13878: comp_both=1, alpha_2=1, H=43, IP=(1, 19, 1)
  bits=13906: comp_both=1, alpha_2=1, H=43, IP=(1, 19, 1)
  bits=13910: comp_both=1, alpha_2=1, H=43, IP=(1, 19, 1)
  bits=13937: comp_both=1, alpha_2=1, H=43, IP=(1, 19, 1)
  bits=13938: comp_both=1, alpha_2=1, H=45, IP=(1, 20, 1)
  bits=13939: comp_both=1, alpha_2=1, H=43, IP=(1, 19, 1)
  bits=13940: comp_both=1, alpha_2=1, H=43, IP=(1, 19, 1)
  bits=13941: comp_both=1, alpha_2=1, H=45, IP=(1, 20, 1)
  bits=13942: comp_both=1, alpha_2=1, H=43, IP=(1, 19, 1)
  bits=14086: comp_both=1, alpha_2=1, H=43, IP=(1, 19, 1)
  bits=14102: comp_both=1, alpha_2=1, H=43, IP=(1, 19, 1)
  bits=14117: comp_both=1, alpha_2=1, H=43, IP=(1, 19, 1)
  bits=14118: comp_both=1, alpha_2=1, H=43, IP=(1, 19, 1)
  bits=14119: comp_both=1, alpha_2=1, H=45, IP=(1, 20, 1)
  bits=14132: comp_both=1, alpha_2=1, H=45, IP=(1, 20, 1)
  bits=14133: comp_both=1, alpha_2=1, H=43, IP=(1, 19, 1)
  bits=14134: comp_both=1, alpha_2=1, H=43, IP=(1, 19, 1)
  bits=14147: comp_both=1, alpha_2=1, H=43, IP=(1, 19, 1)
  bits=14150: comp_both=1, alpha_2=1, H=45, IP=(1, 20, 1)
  bits=14151: comp_both=1, alpha_2=1, H=43, IP=(1, 19, 1)
  bits=14162: comp_both=1, alpha_2=1, H=43, IP=(1, 19, 1)
  bits=14163: comp_both=1, alpha_2=1, H=45, IP=(1, 20, 1)
  bits=14166: comp_both=1, alpha_2=1, H=43, IP=(1, 19, 1)
  bits=14179: comp_both=1, alpha_2=1, H=43, IP=(1, 19, 1)
  bits=14181: comp_both=1, alpha_2=1, H=43, IP=(1, 19, 1)
  bits=14183: comp_both=1, alpha_2=1, H=43, IP=(1, 19, 1)
  bits=14193: comp_both=1, alpha_2=1, H=43, IP=(1, 19, 1)
  bits=14195: comp_both=1, alpha_2=1, H=43, IP=(1, 19, 1)
  bits=14197: comp_both=1, alpha_2=1, H=43, IP=(1, 19, 1)
  bits=14406: comp_both=1, alpha_2=1, H=43, IP=(1, 19, 1)
  bits=14412: comp_both=1, alpha_2=1, H=43, IP=(1, 19, 1)
  bits=14414: comp_both=1, alpha_2=1, H=43, IP=(1, 19, 1)
  bits=14420: comp_both=1, alpha_2=1, H=43, IP=(1, 19, 1)
  bits=14422: comp_both=1, alpha_2=1, H=43, IP=(1, 19, 1)
  bits=14428: comp_both=1, alpha_2=1, H=43, IP=(1, 19, 1)
  bits=14437: comp_both=1, alpha_2=1, H=43, IP=(1, 19, 1)
  bits=14444: comp_both=1, alpha_2=1, H=45, IP=(1, 20, 1)
  bits=14445: comp_both=1, alpha_2=1, H=43, IP=(1, 19, 1)
  bits=14452: comp_both=1, alpha_2=1, H=43, IP=(1, 19, 1)
  bits=14453: comp_both=1, alpha_2=1, H=45, IP=(1, 20, 1)
  bits=14460: comp_both=1, alpha_2=1, H=43, IP=(1, 19, 1)
  bits=14533: comp_both=1, alpha_2=1, H=43, IP=(1, 19, 1)
  bits=14534: comp_both=1, alpha_2=1, H=43, IP=(1, 19, 1)
  bits=14535: comp_both=1, alpha_2=1, H=45, IP=(1, 20, 1)
  bits=14548: comp_both=1, alpha_2=1, H=45, IP=(1, 20, 1)
  bits=14549: comp_both=1, alpha_2=1, H=43, IP=(1, 19, 1)
  bits=14550: comp_both=1, alpha_2=1, H=43, IP=(1, 19, 1)
  bits=14565: comp_both=1, alpha_2=1, H=43, IP=(1, 19, 1)
  bits=14581: comp_both=1, alpha_2=1, H=43, IP=(1, 19, 1)
  bits=14661: comp_both=1, alpha_2=1, H=43, IP=(1, 19, 1)
  bits=14662: comp_both=1, alpha_2=1, H=45, IP=(1, 20, 1)
  bits=14663: comp_both=1, alpha_2=1, H=43, IP=(1, 19, 1)
  bits=14668: comp_both=1, alpha_2=1, H=43, IP=(1, 19, 1)
  bits=14669: comp_both=1, alpha_2=1, H=45, IP=(1, 20, 1)
  bits=14670: comp_both=1, alpha_2=1, H=43, IP=(1, 19, 1)
  bits=14693: comp_both=1, alpha_2=1, H=43, IP=(1, 19, 1)
  bits=14701: comp_both=1, alpha_2=1, H=43, IP=(1, 19, 1)
  bits=14789: comp_both=1, alpha_2=1, H=43, IP=(1, 19, 1)
  bits=14791: comp_both=1, alpha_2=1, H=43, IP=(1, 19, 1)
  bits=14886: comp_both=2, alpha_2=2, H=41, IP=(1, 16, 2)
  bits=14892: comp_both=1, alpha_2=1, H=43, IP=(1, 19, 1)
  bits=14894: comp_both=1, alpha_2=1, H=43, IP=(1, 19, 1)
  bits=14900: comp_both=4, alpha_2=4, H=45, IP=(1, 14, 4)
  bits=14902: comp_both=4, alpha_2=4, H=45, IP=(1, 14, 4)
  bits=14908: comp_both=2, alpha_2=2, H=41, IP=(1, 16, 2)
  bits=14918: comp_both=1, alpha_2=1, H=43, IP=(1, 19, 1)
  bits=14922: comp_both=1, alpha_2=1, H=43, IP=(1, 19, 1)
  bits=14926: comp_both=1, alpha_2=1, H=45, IP=(1, 20, 1)
  bits=14930: comp_both=1, alpha_2=1, H=45, IP=(1, 20, 1)
  bits=14934: comp_both=1, alpha_2=1, H=43, IP=(1, 19, 1)
  bits=14938: comp_both=1, alpha_2=1, H=43, IP=(1, 19, 1)
  bits=14947: comp_both=2, alpha_2=2, H=41, IP=(1, 16, 2)
  bits=14949: comp_both=1, alpha_2=1, H=43, IP=(1, 19, 1)
  bits=14950: comp_both=2, alpha_2=2, H=41, IP=(1, 16, 2)
  bits=14951: comp_both=2, alpha_2=2, H=41, IP=(1, 16, 2)
  bits=14953: comp_both=2, alpha_2=2, H=41, IP=(1, 16, 2)
  bits=14954: comp_both=1, alpha_2=1, H=43, IP=(1, 19, 1)
  bits=14955: comp_both=2, alpha_2=2, H=41, IP=(1, 16, 2)
  bits=14956: comp_both=1, alpha_2=1, H=43, IP=(1, 19, 1)
  bits=14957: comp_both=1, alpha_2=1, H=43, IP=(1, 19, 1)
  bits=14958: comp_both=1, alpha_2=1, H=43, IP=(1, 19, 1)
  bits=14961: comp_both=1, alpha_2=1, H=43, IP=(1, 19, 1)
  bits=14962: comp_both=1, alpha_2=1, H=43, IP=(1, 19, 1)
  bits=14963: comp_both=1, alpha_2=1, H=43, IP=(1, 19, 1)
  bits=14964: comp_both=2, alpha_2=2, H=41, IP=(1, 16, 2)
  bits=14965: comp_both=1, alpha_2=1, H=43, IP=(1, 19, 1)
  bits=14966: comp_both=2, alpha_2=2, H=41, IP=(1, 16, 2)
  bits=14968: comp_both=2, alpha_2=2, H=41, IP=(1, 16, 2)
  bits=14969: comp_both=2, alpha_2=2, H=41, IP=(1, 16, 2)
  bits=14970: comp_both=1, alpha_2=1, H=43, IP=(1, 19, 1)
  bits=14972: comp_both=2, alpha_2=2, H=41, IP=(1, 16, 2)
  bits=14982: comp_both=2, alpha_2=2, H=41, IP=(1, 16, 2)
  bits=14998: comp_both=2, alpha_2=2, H=41, IP=(1, 16, 2)
  bits=15013: comp_both=1, alpha_2=1, H=43, IP=(1, 19, 1)
  bits=15014: comp_both=2, alpha_2=2, H=41, IP=(1, 16, 2)
  bits=15015: comp_both=1, alpha_2=1, H=43, IP=(1, 19, 1)
  bits=15028: comp_both=4, alpha_2=4, H=45, IP=(1, 14, 4)
  bits=15029: comp_both=2, alpha_2=2, H=41, IP=(1, 16, 2)
  bits=15030: comp_both=4, alpha_2=4, H=45, IP=(1, 14, 4)
  bits=15043: comp_both=1, alpha_2=1, H=43, IP=(1, 19, 1)
  bits=15046: comp_both=1, alpha_2=1, H=43, IP=(1, 19, 1)
  bits=15047: comp_both=1, alpha_2=1, H=43, IP=(1, 19, 1)
  bits=15058: comp_both=1, alpha_2=1, H=43, IP=(1, 19, 1)
  bits=15059: comp_both=1, alpha_2=1, H=43, IP=(1, 19, 1)
  bits=15062: comp_both=1, alpha_2=1, H=43, IP=(1, 19, 1)
  bits=15075: comp_both=1, alpha_2=1, H=43, IP=(1, 19, 1)
  bits=15077: comp_both=1, alpha_2=1, H=45, IP=(1, 20, 1)
  bits=15079: comp_both=1, alpha_2=1, H=43, IP=(1, 19, 1)
  bits=15089: comp_both=1, alpha_2=1, H=43, IP=(1, 19, 1)
  bits=15091: comp_both=1, alpha_2=1, H=45, IP=(1, 20, 1)
  bits=15093: comp_both=1, alpha_2=1, H=43, IP=(1, 19, 1)
  bits=15110: comp_both=1, alpha_2=1, H=43, IP=(1, 19, 1)
  bits=15118: comp_both=1, alpha_2=1, H=43, IP=(1, 19, 1)
  bits=15141: comp_both=1, alpha_2=1, H=45, IP=(1, 20, 1)
  bits=15142: comp_both=1, alpha_2=1, H=43, IP=(1, 19, 1)
  bits=15143: comp_both=1, alpha_2=1, H=43, IP=(1, 19, 1)
  bits=15148: comp_both=1, alpha_2=1, H=43, IP=(1, 19, 1)
  bits=15149: comp_both=1, alpha_2=1, H=43, IP=(1, 19, 1)
  bits=15150: comp_both=1, alpha_2=1, H=45, IP=(1, 20, 1)
  bits=15171: comp_both=4, alpha_2=4, H=45, IP=(1, 14, 4)
  bits=15174: comp_both=1, alpha_2=1, H=43, IP=(1, 19, 1)
  bits=15175: comp_both=2, alpha_2=2, H=41, IP=(1, 16, 2)
  bits=15178: comp_both=2, alpha_2=2, H=41, IP=(1, 16, 2)
  bits=15179: comp_both=4, alpha_2=4, H=45, IP=(1, 14, 4)
  bits=15182: comp_both=1, alpha_2=1, H=43, IP=(1, 19, 1)
  bits=15203: comp_both=4, alpha_2=4, H=45, IP=(1, 14, 4)
  bits=15205: comp_both=1, alpha_2=1, H=43, IP=(1, 19, 1)
  bits=15207: comp_both=2, alpha_2=2, H=41, IP=(1, 16, 2)
  bits=15209: comp_both=2, alpha_2=2, H=41, IP=(1, 16, 2)
  bits=15211: comp_both=4, alpha_2=4, H=45, IP=(1, 14, 4)
  bits=15213: comp_both=1, alpha_2=1, H=43, IP=(1, 19, 1)
  bits=15238: comp_both=2, alpha_2=2, H=41, IP=(1, 16, 2)
  bits=15239: comp_both=2, alpha_2=2, H=41, IP=(1, 16, 2)
  bits=15269: comp_both=1, alpha_2=1, H=43, IP=(1, 19, 1)
  bits=15271: comp_both=1, alpha_2=1, H=43, IP=(1, 19, 1)
  bits=15299: comp_both=2, alpha_2=2, H=41, IP=(1, 16, 2)
  bits=15303: comp_both=2, alpha_2=2, H=41, IP=(1, 16, 2)
  bits=15430: comp_both=2, alpha_2=2, H=41, IP=(1, 16, 2)
  bits=15446: comp_both=2, alpha_2=2, H=41, IP=(1, 16, 2)
  bits=15461: comp_both=2, alpha_2=2, H=41, IP=(1, 16, 2)
  bits=15462: comp_both=4, alpha_2=4, H=45, IP=(1, 14, 4)
  bits=15463: comp_both=4, alpha_2=4, H=45, IP=(1, 14, 4)
  bits=15476: comp_both=1, alpha_2=1, H=43, IP=(1, 19, 1)
  bits=15477: comp_both=1, alpha_2=1, H=43, IP=(1, 19, 1)
  bits=15478: comp_both=2, alpha_2=2, H=41, IP=(1, 16, 2)
  bits=15686: comp_both=1, alpha_2=1, H=43, IP=(1, 19, 1)
  bits=15687: comp_both=1, alpha_2=1, H=43, IP=(1, 19, 1)
  bits=15717: comp_both=2, alpha_2=2, H=41, IP=(1, 16, 2)
  bits=15719: comp_both=2, alpha_2=2, H=41, IP=(1, 16, 2)
  bits=15910: comp_both=2, alpha_2=2, H=41, IP=(1, 16, 2)
  bits=15926: comp_both=2, alpha_2=2, H=41, IP=(1, 16, 2)
  bits=15971: comp_both=2, alpha_2=2, H=41, IP=(1, 16, 2)
  bits=15974: comp_both=4, alpha_2=4, H=45, IP=(1, 14, 4)
  bits=15975: comp_both=4, alpha_2=4, H=45, IP=(1, 14, 4)
  bits=15986: comp_both=1, alpha_2=1, H=43, IP=(1, 19, 1)
  bits=15987: comp_both=1, alpha_2=1, H=43, IP=(1, 19, 1)
  bits=15990: comp_both=2, alpha_2=2, H=41, IP=(1, 16, 2)
  bits=16166: comp_both=1, alpha_2=1, H=43, IP=(1, 19, 1)
  bits=16167: comp_both=1, alpha_2=1, H=43, IP=(1, 19, 1)
  bits=16227: comp_both=2, alpha_2=2, H=41, IP=(1, 16, 2)
  bits=16231: comp_both=2, alpha_2=2, H=41, IP=(1, 16, 2)
  bits=16536: comp_both=2, alpha_2=2, H=41, IP=(1, 16, 2)
  bits=16540: comp_both=2, alpha_2=2, H=41, IP=(1, 16, 2)
  bits=16600: comp_both=1, alpha_2=1, H=43, IP=(1, 19, 1)
  bits=16601: comp_both=1, alpha_2=1, H=43, IP=(1, 19, 1)
  bits=16777: comp_both=2, alpha_2=2, H=41, IP=(1, 16, 2)
  bits=16780: comp_both=1, alpha_2=1, H=43, IP=(1, 19, 1)
  bits=16781: comp_both=1, alpha_2=1, H=43, IP=(1, 19, 1)
  bits=16792: comp_both=4, alpha_2=4, H=45, IP=(1, 14, 4)
  bits=16793: comp_both=4, alpha_2=4, H=45, IP=(1, 14, 4)
  bits=16796: comp_both=2, alpha_2=2, H=41, IP=(1, 16, 2)
  bits=16841: comp_both=2, alpha_2=2, H=41, IP=(1, 16, 2)
  bits=16857: comp_both=2, alpha_2=2, H=41, IP=(1, 16, 2)
  bits=17048: comp_both=2, alpha_2=2, H=41, IP=(1, 16, 2)
  bits=17050: comp_both=2, alpha_2=2, H=41, IP=(1, 16, 2)
  bits=17080: comp_both=1, alpha_2=1, H=43, IP=(1, 19, 1)
  bits=17081: comp_both=1, alpha_2=1, H=43, IP=(1, 19, 1)
  bits=17289: comp_both=2, alpha_2=2, H=41, IP=(1, 16, 2)
  bits=17290: comp_both=1, alpha_2=1, H=43, IP=(1, 19, 1)
  bits=17291: comp_both=1, alpha_2=1, H=43, IP=(1, 19, 1)
  bits=17304: comp_both=4, alpha_2=4, H=45, IP=(1, 14, 4)
  bits=17305: comp_both=4, alpha_2=4, H=45, IP=(1, 14, 4)
  bits=17306: comp_both=2, alpha_2=2, H=41, IP=(1, 16, 2)
  bits=17321: comp_both=2, alpha_2=2, H=41, IP=(1, 16, 2)
  bits=17337: comp_both=2, alpha_2=2, H=41, IP=(1, 16, 2)
  bits=17464: comp_both=2, alpha_2=2, H=41, IP=(1, 16, 2)
  bits=17468: comp_both=2, alpha_2=2, H=41, IP=(1, 16, 2)
  bits=17496: comp_both=1, alpha_2=1, H=43, IP=(1, 19, 1)
  bits=17498: comp_both=1, alpha_2=1, H=43, IP=(1, 19, 1)
  bits=17528: comp_both=2, alpha_2=2, H=41, IP=(1, 16, 2)
  bits=17529: comp_both=2, alpha_2=2, H=41, IP=(1, 16, 2)
  bits=17554: comp_both=1, alpha_2=1, H=43, IP=(1, 19, 1)
  bits=17556: comp_both=4, alpha_2=4, H=45, IP=(1, 14, 4)
  bits=17558: comp_both=2, alpha_2=2, H=41, IP=(1, 16, 2)
  bits=17560: comp_both=2, alpha_2=2, H=41, IP=(1, 16, 2)
  bits=17562: comp_both=1, alpha_2=1, H=43, IP=(1, 19, 1)
  bits=17564: comp_both=4, alpha_2=4, H=45, IP=(1, 14, 4)
  bits=17585: comp_both=1, alpha_2=1, H=43, IP=(1, 19, 1)
  bits=17588: comp_both=4, alpha_2=4, H=45, IP=(1, 14, 4)
  bits=17589: comp_both=2, alpha_2=2, H=41, IP=(1, 16, 2)
  bits=17592: comp_both=2, alpha_2=2, H=41, IP=(1, 16, 2)
  bits=17593: comp_both=1, alpha_2=1, H=43, IP=(1, 19, 1)
  bits=17596: comp_both=4, alpha_2=4, H=45, IP=(1, 14, 4)
  bits=17617: comp_both=1, alpha_2=1, H=45, IP=(1, 20, 1)
  bits=17618: comp_both=1, alpha_2=1, H=43, IP=(1, 19, 1)
  bits=17619: comp_both=1, alpha_2=1, H=43, IP=(1, 19, 1)
  bits=17624: comp_both=1, alpha_2=1, H=43, IP=(1, 19, 1)
  bits=17625: comp_both=1, alpha_2=1, H=43, IP=(1, 19, 1)
  bits=17626: comp_both=1, alpha_2=1, H=45, IP=(1, 20, 1)
  bits=17649: comp_both=1, alpha_2=1, H=43, IP=(1, 19, 1)
  bits=17657: comp_both=1, alpha_2=1, H=43, IP=(1, 19, 1)
  bits=17674: comp_both=1, alpha_2=1, H=43, IP=(1, 19, 1)
  bits=17676: comp_both=1, alpha_2=1, H=45, IP=(1, 20, 1)
  bits=17678: comp_both=1, alpha_2=1, H=43, IP=(1, 19, 1)
  bits=17688: comp_both=1, alpha_2=1, H=43, IP=(1, 19, 1)
  bits=17690: comp_both=1, alpha_2=1, H=45, IP=(1, 20, 1)
  bits=17692: comp_both=1, alpha_2=1, H=43, IP=(1, 19, 1)
  bits=17705: comp_both=1, alpha_2=1, H=43, IP=(1, 19, 1)
  bits=17708: comp_both=1, alpha_2=1, H=43, IP=(1, 19, 1)
  bits=17709: comp_both=1, alpha_2=1, H=43, IP=(1, 19, 1)
  bits=17720: comp_both=1, alpha_2=1, H=43, IP=(1, 19, 1)
  bits=17721: comp_both=1, alpha_2=1, H=43, IP=(1, 19, 1)
  bits=17724: comp_both=1, alpha_2=1, H=43, IP=(1, 19, 1)
  bits=17737: comp_both=4, alpha_2=4, H=45, IP=(1, 14, 4)
  bits=17738: comp_both=2, alpha_2=2, H=41, IP=(1, 16, 2)
  bits=17739: comp_both=4, alpha_2=4, H=45, IP=(1, 14, 4)
  bits=17752: comp_both=1, alpha_2=1, H=43, IP=(1, 19, 1)
  bits=17753: comp_both=2, alpha_2=2, H=41, IP=(1, 16, 2)
  bits=17754: comp_both=1, alpha_2=1, H=43, IP=(1, 19, 1)
  bits=17769: comp_both=2, alpha_2=2, H=41, IP=(1, 16, 2)
  bits=17785: comp_both=2, alpha_2=2, H=41, IP=(1, 16, 2)
  bits=17795: comp_both=2, alpha_2=2, H=41, IP=(1, 16, 2)
  bits=17797: comp_both=1, alpha_2=1, H=43, IP=(1, 19, 1)
  bits=17798: comp_both=2, alpha_2=2, H=41, IP=(1, 16, 2)
  bits=17799: comp_both=2, alpha_2=2, H=41, IP=(1, 16, 2)
  bits=17801: comp_both=2, alpha_2=2, H=41, IP=(1, 16, 2)
  bits=17802: comp_both=1, alpha_2=1, H=43, IP=(1, 19, 1)
  bits=17803: comp_both=2, alpha_2=2, H=41, IP=(1, 16, 2)
  bits=17804: comp_both=1, alpha_2=1, H=43, IP=(1, 19, 1)
  bits=17805: comp_both=1, alpha_2=1, H=43, IP=(1, 19, 1)
  bits=17806: comp_both=1, alpha_2=1, H=43, IP=(1, 19, 1)
  bits=17809: comp_both=1, alpha_2=1, H=43, IP=(1, 19, 1)
  bits=17810: comp_both=1, alpha_2=1, H=43, IP=(1, 19, 1)
  bits=17811: comp_both=1, alpha_2=1, H=43, IP=(1, 19, 1)
  bits=17812: comp_both=2, alpha_2=2, H=41, IP=(1, 16, 2)
  bits=17813: comp_both=1, alpha_2=1, H=43, IP=(1, 19, 1)
  bits=17814: comp_both=2, alpha_2=2, H=41, IP=(1, 16, 2)
  bits=17816: comp_both=2, alpha_2=2, H=41, IP=(1, 16, 2)
  bits=17817: comp_both=2, alpha_2=2, H=41, IP=(1, 16, 2)
  bits=17818: comp_both=1, alpha_2=1, H=43, IP=(1, 19, 1)
  bits=17820: comp_both=2, alpha_2=2, H=41, IP=(1, 16, 2)
  bits=17829: comp_both=1, alpha_2=1, H=43, IP=(1, 19, 1)
  bits=17833: comp_both=1, alpha_2=1, H=43, IP=(1, 19, 1)
  bits=17837: comp_both=1, alpha_2=1, H=45, IP=(1, 20, 1)
  bits=17841: comp_both=1, alpha_2=1, H=45, IP=(1, 20, 1)
  bits=17845: comp_both=1, alpha_2=1, H=43, IP=(1, 19, 1)
  bits=17849: comp_both=1, alpha_2=1, H=43, IP=(1, 19, 1)
  bits=17859: comp_both=2, alpha_2=2, H=41, IP=(1, 16, 2)
  bits=17865: comp_both=4, alpha_2=4, H=45, IP=(1, 14, 4)
  bits=17867: comp_both=4, alpha_2=4, H=45, IP=(1, 14, 4)
  bits=17873: comp_both=1, alpha_2=1, H=43, IP=(1, 19, 1)
  bits=17875: comp_both=1, alpha_2=1, H=43, IP=(1, 19, 1)
  bits=17881: comp_both=2, alpha_2=2, H=41, IP=(1, 16, 2)
  bits=17976: comp_both=1, alpha_2=1, H=43, IP=(1, 19, 1)
  bits=17978: comp_both=1, alpha_2=1, H=43, IP=(1, 19, 1)
  bits=18066: comp_both=1, alpha_2=1, H=43, IP=(1, 19, 1)
  bits=18074: comp_both=1, alpha_2=1, H=43, IP=(1, 19, 1)
  bits=18097: comp_both=1, alpha_2=1, H=43, IP=(1, 19, 1)
  bits=18098: comp_both=1, alpha_2=1, H=45, IP=(1, 20, 1)
  bits=18099: comp_both=1, alpha_2=1, H=43, IP=(1, 19, 1)
  bits=18104: comp_both=1, alpha_2=1, H=43, IP=(1, 19, 1)
  bits=18105: comp_both=1, alpha_2=1, H=45, IP=(1, 20, 1)
  bits=18106: comp_both=1, alpha_2=1, H=43, IP=(1, 19, 1)
  bits=18186: comp_both=1, alpha_2=1, H=43, IP=(1, 19, 1)
  bits=18202: comp_both=1, alpha_2=1, H=43, IP=(1, 19, 1)
  bits=18217: comp_both=1, alpha_2=1, H=43, IP=(1, 19, 1)
  bits=18218: comp_both=1, alpha_2=1, H=43, IP=(1, 19, 1)
  bits=18219: comp_both=1, alpha_2=1, H=45, IP=(1, 20, 1)
  bits=18232: comp_both=1, alpha_2=1, H=45, IP=(1, 20, 1)
  bits=18233: comp_both=1, alpha_2=1, H=43, IP=(1, 19, 1)
  bits=18234: comp_both=1, alpha_2=1, H=43, IP=(1, 19, 1)
  bits=18307: comp_both=1, alpha_2=1, H=43, IP=(1, 19, 1)
  bits=18314: comp_both=1, alpha_2=1, H=45, IP=(1, 20, 1)
  bits=18315: comp_both=1, alpha_2=1, H=43, IP=(1, 19, 1)
  bits=18322: comp_both=1, alpha_2=1, H=43, IP=(1, 19, 1)
  bits=18323: comp_both=1, alpha_2=1, H=45, IP=(1, 20, 1)
  bits=18330: comp_both=1, alpha_2=1, H=43, IP=(1, 19, 1)
  bits=18339: comp_both=1, alpha_2=1, H=43, IP=(1, 19, 1)
  bits=18345: comp_both=1, alpha_2=1, H=43, IP=(1, 19, 1)
  bits=18347: comp_both=1, alpha_2=1, H=43, IP=(1, 19, 1)
  bits=18353: comp_both=1, alpha_2=1, H=43, IP=(1, 19, 1)
  bits=18355: comp_both=1, alpha_2=1, H=43, IP=(1, 19, 1)
  bits=18361: comp_both=1, alpha_2=1, H=43, IP=(1, 19, 1)
  bits=18570: comp_both=1, alpha_2=1, H=43, IP=(1, 19, 1)
  bits=18572: comp_both=1, alpha_2=1, H=43, IP=(1, 19, 1)
  bits=18574: comp_both=1, alpha_2=1, H=43, IP=(1, 19, 1)
  bits=18584: comp_both=1, alpha_2=1, H=43, IP=(1, 19, 1)
  bits=18586: comp_both=1, alpha_2=1, H=43, IP=(1, 19, 1)
  bits=18588: comp_both=1, alpha_2=1, H=43, IP=(1, 19, 1)
  bits=18601: comp_both=1, alpha_2=1, H=43, IP=(1, 19, 1)
  bits=18604: comp_both=1, alpha_2=1, H=45, IP=(1, 20, 1)
  bits=18605: comp_both=1, alpha_2=1, H=43, IP=(1, 19, 1)
  bits=18616: comp_both=1, alpha_2=1, H=43, IP=(1, 19, 1)
  bits=18617: comp_both=1, alpha_2=1, H=45, IP=(1, 20, 1)
  bits=18620: comp_both=1, alpha_2=1, H=43, IP=(1, 19, 1)
  bits=18633: comp_both=1, alpha_2=1, H=43, IP=(1, 19, 1)
  bits=18634: comp_both=1, alpha_2=1, H=43, IP=(1, 19, 1)
  bits=18635: comp_both=1, alpha_2=1, H=45, IP=(1, 20, 1)
  bits=18648: comp_both=1, alpha_2=1, H=45, IP=(1, 20, 1)
  bits=18649: comp_both=1, alpha_2=1, H=43, IP=(1, 19, 1)
  bits=18650: comp_both=1, alpha_2=1, H=43, IP=(1, 19, 1)
  bits=18665: comp_both=1, alpha_2=1, H=43, IP=(1, 19, 1)
  bits=18681: comp_both=1, alpha_2=1, H=43, IP=(1, 19, 1)
  bits=18825: comp_both=1, alpha_2=1, H=43, IP=(1, 19, 1)
  bits=18826: comp_both=1, alpha_2=1, H=45, IP=(1, 20, 1)
  bits=18827: comp_both=1, alpha_2=1, H=43, IP=(1, 19, 1)
  bits=18828: comp_both=1, alpha_2=1, H=43, IP=(1, 19, 1)
  bits=18829: comp_both=1, alpha_2=1, H=45, IP=(1, 20, 1)
  bits=18830: comp_both=1, alpha_2=1, H=43, IP=(1, 19, 1)
  bits=18857: comp_both=1, alpha_2=1, H=43, IP=(1, 19, 1)
  bits=18861: comp_both=1, alpha_2=1, H=43, IP=(1, 19, 1)
  bits=18889: comp_both=1, alpha_2=1, H=43, IP=(1, 19, 1)
  bits=18891: comp_both=1, alpha_2=1, H=43, IP=(1, 19, 1)
  bits=19082: comp_both=2, alpha_2=2, H=41, IP=(1, 16, 2)
  bits=19098: comp_both=2, alpha_2=2, H=41, IP=(1, 16, 2)
  bits=19113: comp_both=2, alpha_2=2, H=41, IP=(1, 16, 2)
  bits=19114: comp_both=4, alpha_2=4, H=45, IP=(1, 14, 4)
  bits=19115: comp_both=4, alpha_2=4, H=45, IP=(1, 14, 4)
  bits=19128: comp_both=1, alpha_2=1, H=43, IP=(1, 19, 1)
  bits=19129: comp_both=1, alpha_2=1, H=43, IP=(1, 19, 1)
  bits=19130: comp_both=2, alpha_2=2, H=41, IP=(1, 16, 2)
  bits=19338: comp_both=1, alpha_2=1, H=43, IP=(1, 19, 1)
  bits=19339: comp_both=1, alpha_2=1, H=43, IP=(1, 19, 1)
  bits=19369: comp_both=2, alpha_2=2, H=41, IP=(1, 16, 2)
  bits=19371: comp_both=2, alpha_2=2, H=41, IP=(1, 16, 2)
  bits=19498: comp_both=2, alpha_2=2, H=41, IP=(1, 16, 2)
  bits=19500: comp_both=1, alpha_2=1, H=43, IP=(1, 19, 1)
  bits=19502: comp_both=1, alpha_2=1, H=43, IP=(1, 19, 1)
  bits=19512: comp_both=4, alpha_2=4, H=45, IP=(1, 14, 4)
  bits=19514: comp_both=4, alpha_2=4, H=45, IP=(1, 14, 4)
  bits=19516: comp_both=2, alpha_2=2, H=41, IP=(1, 16, 2)
  bits=19530: comp_both=2, alpha_2=2, H=41, IP=(1, 16, 2)
  bits=19546: comp_both=2, alpha_2=2, H=41, IP=(1, 16, 2)
  bits=19561: comp_both=1, alpha_2=1, H=43, IP=(1, 19, 1)
  bits=19562: comp_both=2, alpha_2=2, H=41, IP=(1, 16, 2)
  bits=19563: comp_both=1, alpha_2=1, H=43, IP=(1, 19, 1)
  bits=19576: comp_both=4, alpha_2=4, H=45, IP=(1, 14, 4)
  bits=19577: comp_both=2, alpha_2=2, H=41, IP=(1, 16, 2)
  bits=19578: comp_both=4, alpha_2=4, H=45, IP=(1, 14, 4)
  bits=19590: comp_both=1, alpha_2=1, H=43, IP=(1, 19, 1)
  bits=19594: comp_both=1, alpha_2=1, H=43, IP=(1, 19, 1)
  bits=19598: comp_both=1, alpha_2=1, H=45, IP=(1, 20, 1)
  bits=19602: comp_both=1, alpha_2=1, H=45, IP=(1, 20, 1)
  bits=19606: comp_both=1, alpha_2=1, H=43, IP=(1, 19, 1)
  bits=19610: comp_both=1, alpha_2=1, H=43, IP=(1, 19, 1)
  bits=19619: comp_both=2, alpha_2=2, H=41, IP=(1, 16, 2)
  bits=19621: comp_both=2, alpha_2=2, H=41, IP=(1, 16, 2)
  bits=19622: comp_both=1, alpha_2=1, H=43, IP=(1, 19, 1)
  bits=19623: comp_both=2, alpha_2=2, H=41, IP=(1, 16, 2)
  bits=19625: comp_both=1, alpha_2=1, H=43, IP=(1, 19, 1)
  bits=19626: comp_both=2, alpha_2=2, H=41, IP=(1, 16, 2)
  bits=19627: comp_both=2, alpha_2=2, H=41, IP=(1, 16, 2)
  bits=19628: comp_both=1, alpha_2=1, H=43, IP=(1, 19, 1)
  bits=19629: comp_both=1, alpha_2=1, H=43, IP=(1, 19, 1)
  bits=19630: comp_both=1, alpha_2=1, H=43, IP=(1, 19, 1)
  bits=19633: comp_both=1, alpha_2=1, H=43, IP=(1, 19, 1)
  bits=19634: comp_both=1, alpha_2=1, H=43, IP=(1, 19, 1)
  bits=19635: comp_both=1, alpha_2=1, H=43, IP=(1, 19, 1)
  bits=19636: comp_both=2, alpha_2=2, H=41, IP=(1, 16, 2)
  bits=19637: comp_both=2, alpha_2=2, H=41, IP=(1, 16, 2)
  bits=19638: comp_both=1, alpha_2=1, H=43, IP=(1, 19, 1)
  bits=19640: comp_both=2, alpha_2=2, H=41, IP=(1, 16, 2)
  bits=19641: comp_both=1, alpha_2=1, H=43, IP=(1, 19, 1)
  bits=19642: comp_both=2, alpha_2=2, H=41, IP=(1, 16, 2)
  bits=19644: comp_both=2, alpha_2=2, H=41, IP=(1, 16, 2)
  bits=19651: comp_both=1, alpha_2=1, H=43, IP=(1, 19, 1)
  bits=19658: comp_both=1, alpha_2=1, H=43, IP=(1, 19, 1)
  bits=19659: comp_both=1, alpha_2=1, H=43, IP=(1, 19, 1)
  bits=19666: comp_both=1, alpha_2=1, H=43, IP=(1, 19, 1)
  bits=19667: comp_both=1, alpha_2=1, H=43, IP=(1, 19, 1)
  bits=19674: comp_both=1, alpha_2=1, H=43, IP=(1, 19, 1)
  bits=19683: comp_both=1, alpha_2=1, H=43, IP=(1, 19, 1)
  bits=19689: comp_both=1, alpha_2=1, H=45, IP=(1, 20, 1)
  bits=19691: comp_both=1, alpha_2=1, H=43, IP=(1, 19, 1)
  bits=19697: comp_both=1, alpha_2=1, H=43, IP=(1, 19, 1)
  bits=19699: comp_both=1, alpha_2=1, H=45, IP=(1, 20, 1)
  bits=19705: comp_both=1, alpha_2=1, H=43, IP=(1, 19, 1)
  bits=19722: comp_both=1, alpha_2=1, H=43, IP=(1, 19, 1)
  bits=19726: comp_both=1, alpha_2=1, H=43, IP=(1, 19, 1)
  bits=19753: comp_both=1, alpha_2=1, H=45, IP=(1, 20, 1)
  bits=19754: comp_both=1, alpha_2=1, H=43, IP=(1, 19, 1)
  bits=19755: comp_both=1, alpha_2=1, H=43, IP=(1, 19, 1)
  bits=19756: comp_both=1, alpha_2=1, H=43, IP=(1, 19, 1)
  bits=19757: comp_both=1, alpha_2=1, H=43, IP=(1, 19, 1)
  bits=19758: comp_both=1, alpha_2=1, H=45, IP=(1, 20, 1)
  bits=19786: comp_both=2, alpha_2=2, H=41, IP=(1, 16, 2)
  bits=19787: comp_both=2, alpha_2=2, H=41, IP=(1, 16, 2)
  bits=19817: comp_both=1, alpha_2=1, H=43, IP=(1, 19, 1)
  bits=19819: comp_both=1, alpha_2=1, H=43, IP=(1, 19, 1)
  bits=19843: comp_both=4, alpha_2=4, H=45, IP=(1, 14, 4)
  bits=19846: comp_both=2, alpha_2=2, H=41, IP=(1, 16, 2)
  bits=19847: comp_both=4, alpha_2=4, H=45, IP=(1, 14, 4)
  bits=19850: comp_both=1, alpha_2=1, H=43, IP=(1, 19, 1)
  bits=19851: comp_both=2, alpha_2=2, H=41, IP=(1, 16, 2)
  bits=19854: comp_both=1, alpha_2=1, H=43, IP=(1, 19, 1)
  bits=19875: comp_both=4, alpha_2=4, H=45, IP=(1, 14, 4)
  bits=19877: comp_both=2, alpha_2=2, H=41, IP=(1, 16, 2)
  bits=19879: comp_both=4, alpha_2=4, H=45, IP=(1, 14, 4)
  bits=19881: comp_both=1, alpha_2=1, H=43, IP=(1, 19, 1)
  bits=19883: comp_both=2, alpha_2=2, H=41, IP=(1, 16, 2)
  bits=19885: comp_both=1, alpha_2=1, H=43, IP=(1, 19, 1)
  bits=19907: comp_both=2, alpha_2=2, H=41, IP=(1, 16, 2)
  bits=19915: comp_both=2, alpha_2=2, H=41, IP=(1, 16, 2)
  bits=20010: comp_both=2, alpha_2=2, H=41, IP=(1, 16, 2)
  bits=20026: comp_both=2, alpha_2=2, H=41, IP=(1, 16, 2)
  bits=20131: comp_both=2, alpha_2=2, H=41, IP=(1, 16, 2)
  bits=20138: comp_both=4, alpha_2=4, H=45, IP=(1, 14, 4)
  bits=20139: comp_both=4, alpha_2=4, H=45, IP=(1, 14, 4)
  bits=20146: comp_both=1, alpha_2=1, H=43, IP=(1, 19, 1)
  bits=20147: comp_both=1, alpha_2=1, H=43, IP=(1, 19, 1)
  bits=20154: comp_both=2, alpha_2=2, H=41, IP=(1, 16, 2)
  bits=20266: comp_both=1, alpha_2=1, H=43, IP=(1, 19, 1)
  bits=20267: comp_both=1, alpha_2=1, H=43, IP=(1, 19, 1)
  bits=20387: comp_both=2, alpha_2=2, H=41, IP=(1, 16, 2)
  bits=20395: comp_both=2, alpha_2=2, H=41, IP=(1, 16, 2)
  bits=20568: comp_both=1, alpha_2=1, H=43, IP=(1, 19, 1)
  bits=20572: comp_both=1, alpha_2=1, H=43, IP=(1, 19, 1)
  bits=20628: comp_both=1, alpha_2=1, H=43, IP=(1, 19, 1)
  bits=20636: comp_both=1, alpha_2=1, H=43, IP=(1, 19, 1)
  bits=20689: comp_both=1, alpha_2=1, H=43, IP=(1, 19, 1)
  bits=20692: comp_both=1, alpha_2=1, H=45, IP=(1, 20, 1)
  bits=20693: comp_both=1, alpha_2=1, H=43, IP=(1, 19, 1)
  bits=20696: comp_both=1, alpha_2=1, H=43, IP=(1, 19, 1)
  bits=20697: comp_both=1, alpha_2=1, H=45, IP=(1, 20, 1)
  bits=20700: comp_both=1, alpha_2=1, H=43, IP=(1, 19, 1)
  bits=20748: comp_both=1, alpha_2=1, H=43, IP=(1, 19, 1)
  bits=20764: comp_both=1, alpha_2=1, H=43, IP=(1, 19, 1)
  bits=20809: comp_both=1, alpha_2=1, H=43, IP=(1, 19, 1)
  bits=20812: comp_both=1, alpha_2=1, H=43, IP=(1, 19, 1)
  bits=20813: comp_both=1, alpha_2=1, H=45, IP=(1, 20, 1)
  bits=20824: comp_both=1, alpha_2=1, H=45, IP=(1, 20, 1)
  bits=20825: comp_both=1, alpha_2=1, H=43, IP=(1, 19, 1)
  bits=20828: comp_both=1, alpha_2=1, H=43, IP=(1, 19, 1)
  bits=20869: comp_both=1, alpha_2=1, H=43, IP=(1, 19, 1)
  bits=20876: comp_both=1, alpha_2=1, H=45, IP=(1, 20, 1)
  bits=20877: comp_both=1, alpha_2=1, H=43, IP=(1, 19, 1)
  bits=20884: comp_both=1, alpha_2=1, H=43, IP=(1, 19, 1)
  bits=20885: comp_both=1, alpha_2=1, H=45, IP=(1, 20, 1)
  bits=20892: comp_both=1, alpha_2=1, H=43, IP=(1, 19, 1)
  bits=20933: comp_both=1, alpha_2=1, H=43, IP=(1, 19, 1)
  bits=20937: comp_both=1, alpha_2=1, H=43, IP=(1, 19, 1)
  bits=20941: comp_both=1, alpha_2=1, H=43, IP=(1, 19, 1)
  bits=20945: comp_both=1, alpha_2=1, H=43, IP=(1, 19, 1)
  bits=20949: comp_both=1, alpha_2=1, H=43, IP=(1, 19, 1)
  bits=20953: comp_both=1, alpha_2=1, H=43, IP=(1, 19, 1)
  bits=21048: comp_both=1, alpha_2=1, H=43, IP=(1, 19, 1)
  bits=21052: comp_both=1, alpha_2=1, H=43, IP=(1, 19, 1)
  bits=21080: comp_both=2, alpha_2=2, H=41, IP=(1, 16, 2)
  bits=21082: comp_both=2, alpha_2=2, H=41, IP=(1, 16, 2)
  bits=21112: comp_both=2, alpha_2=2, H=41, IP=(1, 16, 2)
  bits=21113: comp_both=2, alpha_2=2, H=41, IP=(1, 16, 2)
  bits=21138: comp_both=4, alpha_2=4, H=45, IP=(1, 14, 4)
  bits=21140: comp_both=1, alpha_2=1, H=43, IP=(1, 19, 1)
  bits=21142: comp_both=2, alpha_2=2, H=41, IP=(1, 16, 2)
  bits=21144: comp_both=2, alpha_2=2, H=41, IP=(1, 16, 2)
  bits=21146: comp_both=4, alpha_2=4, H=45, IP=(1, 14, 4)
  bits=21148: comp_both=1, alpha_2=1, H=43, IP=(1, 19, 1)
  bits=21169: comp_both=1, alpha_2=1, H=45, IP=(1, 20, 1)
  bits=21172: comp_both=1, alpha_2=1, H=43, IP=(1, 19, 1)
  bits=21173: comp_both=1, alpha_2=1, H=43, IP=(1, 19, 1)
  bits=21176: comp_both=1, alpha_2=1, H=43, IP=(1, 19, 1)
  bits=21177: comp_both=1, alpha_2=1, H=43, IP=(1, 19, 1)
  bits=21180: comp_both=1, alpha_2=1, H=45, IP=(1, 20, 1)
  bits=21201: comp_both=1, alpha_2=1, H=43, IP=(1, 19, 1)
  bits=21202: comp_both=4, alpha_2=4, H=45, IP=(1, 14, 4)
  bits=21203: comp_both=2, alpha_2=2, H=41, IP=(1, 16, 2)
  bits=21208: comp_both=2, alpha_2=2, H=41, IP=(1, 16, 2)
  bits=21209: comp_both=1, alpha_2=1, H=43, IP=(1, 19, 1)
  bits=21210: comp_both=4, alpha_2=4, H=45, IP=(1, 14, 4)
  bits=21233: comp_both=1, alpha_2=1, H=43, IP=(1, 19, 1)
  bits=21241: comp_both=1, alpha_2=1, H=43, IP=(1, 19, 1)
  bits=21258: comp_both=1, alpha_2=1, H=45, IP=(1, 20, 1)
  bits=21260: comp_both=1, alpha_2=1, H=43, IP=(1, 19, 1)
  bits=21262: comp_both=1, alpha_2=1, H=43, IP=(1, 19, 1)
  bits=21272: comp_both=1, alpha_2=1, H=43, IP=(1, 19, 1)
  bits=21274: comp_both=1, alpha_2=1, H=43, IP=(1, 19, 1)
  bits=21276: comp_both=1, alpha_2=1, H=45, IP=(1, 20, 1)
  bits=21289: comp_both=4, alpha_2=4, H=45, IP=(1, 14, 4)
  bits=21292: comp_both=2, alpha_2=2, H=41, IP=(1, 16, 2)
  bits=21293: comp_both=4, alpha_2=4, H=45, IP=(1, 14, 4)
  bits=21304: comp_both=1, alpha_2=1, H=43, IP=(1, 19, 1)
  bits=21305: comp_both=2, alpha_2=2, H=41, IP=(1, 16, 2)
  bits=21308: comp_both=1, alpha_2=1, H=43, IP=(1, 19, 1)
  bits=21321: comp_both=1, alpha_2=1, H=43, IP=(1, 19, 1)
  bits=21322: comp_both=1, alpha_2=1, H=43, IP=(1, 19, 1)
  bits=21323: comp_both=1, alpha_2=1, H=43, IP=(1, 19, 1)
  bits=21336: comp_both=1, alpha_2=1, H=43, IP=(1, 19, 1)
  bits=21337: comp_both=1, alpha_2=1, H=43, IP=(1, 19, 1)
  bits=21338: comp_both=1, alpha_2=1, H=43, IP=(1, 19, 1)
  bits=21353: comp_both=2, alpha_2=2, H=41, IP=(1, 16, 2)
  bits=21369: comp_both=2, alpha_2=2, H=41, IP=(1, 16, 2)
  bits=21379: comp_both=1, alpha_2=1, H=43, IP=(1, 19, 1)
  bits=21381: comp_both=2, alpha_2=2, H=41, IP=(1, 16, 2)
  bits=21382: comp_both=2, alpha_2=2, H=41, IP=(1, 16, 2)
  bits=21383: comp_both=2, alpha_2=2, H=41, IP=(1, 16, 2)
  bits=21385: comp_both=2, alpha_2=2, H=41, IP=(1, 16, 2)
  bits=21386: comp_both=1, alpha_2=1, H=43, IP=(1, 19, 1)
  bits=21387: comp_both=1, alpha_2=1, H=43, IP=(1, 19, 1)
  bits=21388: comp_both=1, alpha_2=1, H=43, IP=(1, 19, 1)
  bits=21389: comp_both=2, alpha_2=2, H=41, IP=(1, 16, 2)
  bits=21390: comp_both=1, alpha_2=1, H=43, IP=(1, 19, 1)
  bits=21393: comp_both=1, alpha_2=1, H=43, IP=(1, 19, 1)
  bits=21394: comp_both=2, alpha_2=2, H=41, IP=(1, 16, 2)
  bits=21395: comp_both=1, alpha_2=1, H=43, IP=(1, 19, 1)
  bits=21396: comp_both=1, alpha_2=1, H=43, IP=(1, 19, 1)
  bits=21397: comp_both=1, alpha_2=1, H=43, IP=(1, 19, 1)
  bits=21398: comp_both=2, alpha_2=2, H=41, IP=(1, 16, 2)
  bits=21400: comp_both=2, alpha_2=2, H=41, IP=(1, 16, 2)
  bits=21401: comp_both=2, alpha_2=2, H=41, IP=(1, 16, 2)
  bits=21402: comp_both=2, alpha_2=2, H=41, IP=(1, 16, 2)
  bits=21404: comp_both=1, alpha_2=1, H=43, IP=(1, 19, 1)
  bits=21413: comp_both=2, alpha_2=2, H=41, IP=(1, 16, 2)
  bits=21417: comp_both=4, alpha_2=4, H=45, IP=(1, 14, 4)
  bits=21421: comp_both=4, alpha_2=4, H=45, IP=(1, 14, 4)
  bits=21425: comp_both=1, alpha_2=1, H=43, IP=(1, 19, 1)
  bits=21429: comp_both=1, alpha_2=1, H=43, IP=(1, 19, 1)
  bits=21433: comp_both=2, alpha_2=2, H=41, IP=(1, 16, 2)
  bits=21443: comp_both=1, alpha_2=1, H=43, IP=(1, 19, 1)
  bits=21449: comp_both=1, alpha_2=1, H=43, IP=(1, 19, 1)
  bits=21451: comp_both=1, alpha_2=1, H=45, IP=(1, 20, 1)
  bits=21457: comp_both=1, alpha_2=1, H=45, IP=(1, 20, 1)
  bits=21459: comp_both=1, alpha_2=1, H=43, IP=(1, 19, 1)
  bits=21465: comp_both=1, alpha_2=1, H=43, IP=(1, 19, 1)
  bits=21556: comp_both=1, alpha_2=1, H=43, IP=(1, 19, 1)
  bits=21564: comp_both=1, alpha_2=1, H=43, IP=(1, 19, 1)
  bits=21586: comp_both=1, alpha_2=1, H=45, IP=(1, 20, 1)
  bits=21588: comp_both=1, alpha_2=1, H=43, IP=(1, 19, 1)
  bits=21590: comp_both=1, alpha_2=1, H=43, IP=(1, 19, 1)
  bits=21592: comp_both=1, alpha_2=1, H=43, IP=(1, 19, 1)
  bits=21594: comp_both=1, alpha_2=1, H=43, IP=(1, 19, 1)
  bits=21596: comp_both=1, alpha_2=1, H=45, IP=(1, 20, 1)
  bits=21617: comp_both=4, alpha_2=4, H=45, IP=(1, 14, 4)
  bits=21620: comp_both=1, alpha_2=1, H=43, IP=(1, 19, 1)
  bits=21621: comp_both=2, alpha_2=2, H=41, IP=(1, 16, 2)
  bits=21624: comp_both=2, alpha_2=2, H=41, IP=(1, 16, 2)
  bits=21625: comp_both=4, alpha_2=4, H=45, IP=(1, 14, 4)
  bits=21628: comp_both=1, alpha_2=1, H=43, IP=(1, 19, 1)
  bits=21652: comp_both=2, alpha_2=2, H=41, IP=(1, 16, 2)
  bits=21654: comp_both=2, alpha_2=2, H=41, IP=(1, 16, 2)
  bits=21684: comp_both=2, alpha_2=2, H=41, IP=(1, 16, 2)
  bits=21685: comp_both=2, alpha_2=2, H=41, IP=(1, 16, 2)
  bits=21713: comp_both=1, alpha_2=1, H=43, IP=(1, 19, 1)
  bits=21714: comp_both=1, alpha_2=1, H=43, IP=(1, 19, 1)
  bits=21715: comp_both=1, alpha_2=1, H=43, IP=(1, 19, 1)
  bits=21716: comp_both=1, alpha_2=1, H=43, IP=(1, 19, 1)
  bits=21717: comp_both=1, alpha_2=1, H=43, IP=(1, 19, 1)
  bits=21718: comp_both=1, alpha_2=1, H=43, IP=(1, 19, 1)
  bits=21745: comp_both=2, alpha_2=2, H=41, IP=(1, 16, 2)
  bits=21749: comp_both=2, alpha_2=2, H=41, IP=(1, 16, 2)
  bits=21766: comp_both=4, alpha_2=4, H=45, IP=(1, 14, 4)
  bits=21772: comp_both=1, alpha_2=1, H=43, IP=(1, 19, 1)
  bits=21774: comp_both=2, alpha_2=2, H=41, IP=(1, 16, 2)
  bits=21780: comp_both=2, alpha_2=2, H=41, IP=(1, 16, 2)
  bits=21782: comp_both=4, alpha_2=4, H=45, IP=(1, 14, 4)
  bits=21788: comp_both=1, alpha_2=1, H=43, IP=(1, 19, 1)
  bits=21797: comp_both=1, alpha_2=1, H=45, IP=(1, 20, 1)
  bits=21804: comp_both=1, alpha_2=1, H=43, IP=(1, 19, 1)
  bits=21805: comp_both=1, alpha_2=1, H=43, IP=(1, 19, 1)
  bits=21812: comp_both=1, alpha_2=1, H=43, IP=(1, 19, 1)
  bits=21813: comp_both=1, alpha_2=1, H=43, IP=(1, 19, 1)
  bits=21820: comp_both=1, alpha_2=1, H=45, IP=(1, 20, 1)
  bits=21827: comp_both=1, alpha_2=1, H=43, IP=(1, 19, 1)
  bits=21829: comp_both=1, alpha_2=1, H=43, IP=(1, 19, 1)
  bits=21830: comp_both=2, alpha_2=2, H=41, IP=(1, 16, 2)
  bits=21831: comp_both=1, alpha_2=1, H=43, IP=(1, 19, 1)
  bits=21833: comp_both=2, alpha_2=2, H=41, IP=(1, 16, 2)
  bits=21834: comp_both=2, alpha_2=2, H=41, IP=(1, 16, 2)
  bits=21835: comp_both=2, alpha_2=2, H=41, IP=(1, 16, 2)
  bits=21836: comp_both=1, alpha_2=1, H=43, IP=(1, 19, 1)
  bits=21837: comp_both=1, alpha_2=1, H=43, IP=(1, 19, 1)
  bits=21838: comp_both=2, alpha_2=2, H=41, IP=(1, 16, 2)
  bits=21841: comp_both=2, alpha_2=2, H=41, IP=(1, 16, 2)
  bits=21842: comp_both=1, alpha_2=1, H=43, IP=(1, 19, 1)
  bits=21843: comp_both=1, alpha_2=1, H=43, IP=(1, 19, 1)
  bits=21844: comp_both=2, alpha_2=2, H=41, IP=(1, 16, 2)
  bits=21845: comp_both=2, alpha_2=2, H=41, IP=(1, 16, 2)
  bits=21846: comp_both=2, alpha_2=2, H=41, IP=(1, 16, 2)
  bits=21848: comp_both=1, alpha_2=1, H=43, IP=(1, 19, 1)
  bits=21849: comp_both=2, alpha_2=2, H=41, IP=(1, 16, 2)
  bits=21850: comp_both=1, alpha_2=1, H=43, IP=(1, 19, 1)
  bits=21852: comp_both=1, alpha_2=1, H=43, IP=(1, 19, 1)
  bits=21861: comp_both=1, alpha_2=1, H=43, IP=(1, 19, 1)
  bits=21865: comp_both=2, alpha_2=2, H=41, IP=(1, 16, 2)
  bits=21869: comp_both=1, alpha_2=1, H=43, IP=(1, 19, 1)
  bits=21873: comp_both=4, alpha_2=4, H=45, IP=(1, 14, 4)
  bits=21877: comp_both=2, alpha_2=2, H=41, IP=(1, 16, 2)
  bits=21881: comp_both=4, alpha_2=4, H=45, IP=(1, 14, 4)
  bits=21893: comp_both=1, alpha_2=1, H=43, IP=(1, 19, 1)
  bits=21894: comp_both=4, alpha_2=4, H=45, IP=(1, 14, 4)
  bits=21895: comp_both=2, alpha_2=2, H=41, IP=(1, 16, 2)
  bits=21908: comp_both=2, alpha_2=2, H=41, IP=(1, 16, 2)
  bits=21909: comp_both=1, alpha_2=1, H=43, IP=(1, 19, 1)
  bits=21910: comp_both=4, alpha_2=4, H=45, IP=(1, 14, 4)
  bits=21925: comp_both=1, alpha_2=1, H=43, IP=(1, 19, 1)
  bits=21941: comp_both=1, alpha_2=1, H=43, IP=(1, 19, 1)
  bits=21955: comp_both=1, alpha_2=1, H=43, IP=(1, 19, 1)
  bits=21957: comp_both=1, alpha_2=1, H=45, IP=(1, 20, 1)
  bits=21959: comp_both=1, alpha_2=1, H=43, IP=(1, 19, 1)
  bits=21969: comp_both=1, alpha_2=1, H=43, IP=(1, 19, 1)
  bits=21971: comp_both=1, alpha_2=1, H=45, IP=(1, 20, 1)
  bits=21973: comp_both=1, alpha_2=1, H=43, IP=(1, 19, 1)
  bits=22066: comp_both=1, alpha_2=1, H=43, IP=(1, 19, 1)
  bits=22068: comp_both=1, alpha_2=1, H=45, IP=(1, 20, 1)
  bits=22070: comp_both=1, alpha_2=1, H=43, IP=(1, 19, 1)
  bits=22072: comp_both=1, alpha_2=1, H=43, IP=(1, 19, 1)
  bits=22074: comp_both=1, alpha_2=1, H=45, IP=(1, 20, 1)
  bits=22076: comp_both=1, alpha_2=1, H=43, IP=(1, 19, 1)
  bits=22098: comp_both=1, alpha_2=1, H=43, IP=(1, 19, 1)
  bits=22106: comp_both=1, alpha_2=1, H=43, IP=(1, 19, 1)
  bits=22129: comp_both=4, alpha_2=4, H=45, IP=(1, 14, 4)
  bits=22130: comp_both=1, alpha_2=1, H=43, IP=(1, 19, 1)
  bits=22131: comp_both=2, alpha_2=2, H=41, IP=(1, 16, 2)
  bits=22136: comp_both=2, alpha_2=2, H=41, IP=(1, 16, 2)
  bits=22137: comp_both=4, alpha_2=4, H=45, IP=(1, 14, 4)
  bits=22138: comp_both=1, alpha_2=1, H=43, IP=(1, 19, 1)
  bits=22162: comp_both=2, alpha_2=2, H=41, IP=(1, 16, 2)
  bits=22166: comp_both=2, alpha_2=2, H=41, IP=(1, 16, 2)
  bits=22193: comp_both=1, alpha_2=1, H=43, IP=(1, 19, 1)
  bits=22194: comp_both=1, alpha_2=1, H=43, IP=(1, 19, 1)
  bits=22195: comp_both=1, alpha_2=1, H=43, IP=(1, 19, 1)
  bits=22196: comp_both=1, alpha_2=1, H=43, IP=(1, 19, 1)
  bits=22197: comp_both=1, alpha_2=1, H=43, IP=(1, 19, 1)
  bits=22198: comp_both=1, alpha_2=1, H=43, IP=(1, 19, 1)
  bits=22226: comp_both=2, alpha_2=2, H=41, IP=(1, 16, 2)
  bits=22227: comp_both=2, alpha_2=2, H=41, IP=(1, 16, 2)
  bits=22257: comp_both=2, alpha_2=2, H=41, IP=(1, 16, 2)
  bits=22259: comp_both=2, alpha_2=2, H=41, IP=(1, 16, 2)
  bits=22278: comp_both=4, alpha_2=4, H=45, IP=(1, 14, 4)
  bits=22282: comp_both=1, alpha_2=1, H=43, IP=(1, 19, 1)
  bits=22286: comp_both=2, alpha_2=2, H=41, IP=(1, 16, 2)
  bits=22290: comp_both=2, alpha_2=2, H=41, IP=(1, 16, 2)
  bits=22294: comp_both=4, alpha_2=4, H=45, IP=(1, 14, 4)
  bits=22298: comp_both=1, alpha_2=1, H=43, IP=(1, 19, 1)
  bits=22307: comp_both=1, alpha_2=1, H=43, IP=(1, 19, 1)
  bits=22309: comp_both=1, alpha_2=1, H=43, IP=(1, 19, 1)
  bits=22310: comp_both=2, alpha_2=2, H=41, IP=(1, 16, 2)
  bits=22311: comp_both=1, alpha_2=1, H=43, IP=(1, 19, 1)
  bits=22313: comp_both=2, alpha_2=2, H=41, IP=(1, 16, 2)
  bits=22314: comp_both=1, alpha_2=1, H=43, IP=(1, 19, 1)
  bits=22315: comp_both=1, alpha_2=1, H=43, IP=(1, 19, 1)
  bits=22316: comp_both=2, alpha_2=2, H=41, IP=(1, 16, 2)
  bits=22317: comp_both=2, alpha_2=2, H=41, IP=(1, 16, 2)
  bits=22318: comp_both=2, alpha_2=2, H=41, IP=(1, 16, 2)
  bits=22321: comp_both=2, alpha_2=2, H=41, IP=(1, 16, 2)
  bits=22322: comp_both=2, alpha_2=2, H=41, IP=(1, 16, 2)
  bits=22323: comp_both=2, alpha_2=2, H=41, IP=(1, 16, 2)
  bits=22324: comp_both=1, alpha_2=1, H=43, IP=(1, 19, 1)
  bits=22325: comp_both=1, alpha_2=1, H=43, IP=(1, 19, 1)
  bits=22326: comp_both=2, alpha_2=2, H=41, IP=(1, 16, 2)
  bits=22328: comp_both=1, alpha_2=1, H=43, IP=(1, 19, 1)
  bits=22329: comp_both=2, alpha_2=2, H=41, IP=(1, 16, 2)
  bits=22330: comp_both=1, alpha_2=1, H=43, IP=(1, 19, 1)
  bits=22332: comp_both=1, alpha_2=1, H=43, IP=(1, 19, 1)
  bits=22339: comp_both=1, alpha_2=1, H=45, IP=(1, 20, 1)
  bits=22346: comp_both=1, alpha_2=1, H=43, IP=(1, 19, 1)
  bits=22347: comp_both=1, alpha_2=1, H=43, IP=(1, 19, 1)
  bits=22354: comp_both=1, alpha_2=1, H=43, IP=(1, 19, 1)
  bits=22355: comp_both=1, alpha_2=1, H=43, IP=(1, 19, 1)
  bits=22362: comp_both=1, alpha_2=1, H=45, IP=(1, 20, 1)
  bits=22371: comp_both=1, alpha_2=1, H=43, IP=(1, 19, 1)
  bits=22377: comp_both=2, alpha_2=2, H=41, IP=(1, 16, 2)
  bits=22379: comp_both=1, alpha_2=1, H=43, IP=(1, 19, 1)
  bits=22385: comp_both=4, alpha_2=4, H=45, IP=(1, 14, 4)
  bits=22387: comp_both=2, alpha_2=2, H=41, IP=(1, 16, 2)
  bits=22393: comp_both=4, alpha_2=4, H=45, IP=(1, 14, 4)
  bits=22403: comp_both=1, alpha_2=1, H=43, IP=(1, 19, 1)
  bits=22406: comp_both=4, alpha_2=4, H=45, IP=(1, 14, 4)
  bits=22407: comp_both=2, alpha_2=2, H=41, IP=(1, 16, 2)
  bits=22418: comp_both=2, alpha_2=2, H=41, IP=(1, 16, 2)
  bits=22419: comp_both=1, alpha_2=1, H=43, IP=(1, 19, 1)
  bits=22422: comp_both=4, alpha_2=4, H=45, IP=(1, 14, 4)
  bits=22435: comp_both=1, alpha_2=1, H=45, IP=(1, 20, 1)
  bits=22437: comp_both=1, alpha_2=1, H=43, IP=(1, 19, 1)
  bits=22439: comp_both=1, alpha_2=1, H=43, IP=(1, 19, 1)
  bits=22449: comp_both=1, alpha_2=1, H=43, IP=(1, 19, 1)
  bits=22451: comp_both=1, alpha_2=1, H=43, IP=(1, 19, 1)
  bits=22453: comp_both=1, alpha_2=1, H=45, IP=(1, 20, 1)
  bits=22467: comp_both=1, alpha_2=1, H=43, IP=(1, 19, 1)
  bits=22483: comp_both=1, alpha_2=1, H=43, IP=(1, 19, 1)
  bits=22572: comp_both=1, alpha_2=1, H=43, IP=(1, 19, 1)
  bits=22588: comp_both=1, alpha_2=1, H=43, IP=(1, 19, 1)
  bits=22602: comp_both=4, alpha_2=4, H=45, IP=(1, 14, 4)
  bits=22604: comp_both=2, alpha_2=2, H=41, IP=(1, 16, 2)
  bits=22606: comp_both=4, alpha_2=4, H=45, IP=(1, 14, 4)
  bits=22616: comp_both=1, alpha_2=1, H=43, IP=(1, 19, 1)
  bits=22618: comp_both=2, alpha_2=2, H=41, IP=(1, 16, 2)
  bits=22620: comp_both=1, alpha_2=1, H=43, IP=(1, 19, 1)
  bits=22633: comp_both=1, alpha_2=1, H=45, IP=(1, 20, 1)
  bits=22636: comp_both=1, alpha_2=1, H=43, IP=(1, 19, 1)
  bits=22637: comp_both=1, alpha_2=1, H=43, IP=(1, 19, 1)
  bits=22648: comp_both=1, alpha_2=1, H=43, IP=(1, 19, 1)
  bits=22649: comp_both=1, alpha_2=1, H=43, IP=(1, 19, 1)
  bits=22652: comp_both=1, alpha_2=1, H=45, IP=(1, 20, 1)
  bits=22662: comp_both=1, alpha_2=1, H=45, IP=(1, 20, 1)
  bits=22668: comp_both=1, alpha_2=1, H=43, IP=(1, 19, 1)
  bits=22670: comp_both=1, alpha_2=1, H=43, IP=(1, 19, 1)
  bits=22676: comp_both=1, alpha_2=1, H=43, IP=(1, 19, 1)
  bits=22678: comp_both=1, alpha_2=1, H=43, IP=(1, 19, 1)
  bits=22684: comp_both=1, alpha_2=1, H=45, IP=(1, 20, 1)
  bits=22693: comp_both=4, alpha_2=4, H=45, IP=(1, 14, 4)
  bits=22700: comp_both=1, alpha_2=1, H=43, IP=(1, 19, 1)
  bits=22701: comp_both=2, alpha_2=2, H=41, IP=(1, 16, 2)
  bits=22708: comp_both=2, alpha_2=2, H=41, IP=(1, 16, 2)
  bits=22709: comp_both=4, alpha_2=4, H=45, IP=(1, 14, 4)
  bits=22716: comp_both=1, alpha_2=1, H=43, IP=(1, 19, 1)
  bits=22723: comp_both=1, alpha_2=1, H=43, IP=(1, 19, 1)
  bits=22725: comp_both=2, alpha_2=2, H=41, IP=(1, 16, 2)
  bits=22726: comp_both=1, alpha_2=1, H=43, IP=(1, 19, 1)
  bits=22727: comp_both=1, alpha_2=1, H=43, IP=(1, 19, 1)
  bits=22729: comp_both=1, alpha_2=1, H=43, IP=(1, 19, 1)
  bits=22730: comp_both=2, alpha_2=2, H=41, IP=(1, 16, 2)
  bits=22731: comp_both=1, alpha_2=1, H=43, IP=(1, 19, 1)
  bits=22732: comp_both=2, alpha_2=2, H=41, IP=(1, 16, 2)
  bits=22733: comp_both=2, alpha_2=2, H=41, IP=(1, 16, 2)
  bits=22734: comp_both=2, alpha_2=2, H=41, IP=(1, 16, 2)
  bits=22737: comp_both=2, alpha_2=2, H=41, IP=(1, 16, 2)
  bits=22738: comp_both=2, alpha_2=2, H=41, IP=(1, 16, 2)
  bits=22739: comp_both=2, alpha_2=2, H=41, IP=(1, 16, 2)
  bits=22740: comp_both=1, alpha_2=1, H=43, IP=(1, 19, 1)
  bits=22741: comp_both=2, alpha_2=2, H=41, IP=(1, 16, 2)
  bits=22742: comp_both=1, alpha_2=1, H=43, IP=(1, 19, 1)
  bits=22744: comp_both=1, alpha_2=1, H=43, IP=(1, 19, 1)
  bits=22745: comp_both=1, alpha_2=1, H=43, IP=(1, 19, 1)
  bits=22746: comp_both=2, alpha_2=2, H=41, IP=(1, 16, 2)
  bits=22748: comp_both=1, alpha_2=1, H=43, IP=(1, 19, 1)
  bits=22757: comp_both=4, alpha_2=4, H=45, IP=(1, 14, 4)
  bits=22761: comp_both=1, alpha_2=1, H=43, IP=(1, 19, 1)
  bits=22765: comp_both=2, alpha_2=2, H=41, IP=(1, 16, 2)
  bits=22769: comp_both=2, alpha_2=2, H=41, IP=(1, 16, 2)
  bits=22773: comp_both=4, alpha_2=4, H=45, IP=(1, 14, 4)
  bits=22777: comp_both=1, alpha_2=1, H=43, IP=(1, 19, 1)
  bits=22796: comp_both=2, alpha_2=2, H=41, IP=(1, 16, 2)
  bits=22798: comp_both=2, alpha_2=2, H=41, IP=(1, 16, 2)
  bits=22828: comp_both=2, alpha_2=2, H=41, IP=(1, 16, 2)
  bits=22829: comp_both=2, alpha_2=2, H=41, IP=(1, 16, 2)
  bits=22857: comp_both=1, alpha_2=1, H=43, IP=(1, 19, 1)
  bits=22858: comp_both=4, alpha_2=4, H=45, IP=(1, 14, 4)
  bits=22859: comp_both=2, alpha_2=2, H=41, IP=(1, 16, 2)
  bits=22860: comp_both=2, alpha_2=2, H=41, IP=(1, 16, 2)
  bits=22861: comp_both=1, alpha_2=1, H=43, IP=(1, 19, 1)
  bits=22862: comp_both=4, alpha_2=4, H=45, IP=(1, 14, 4)
  bits=22889: comp_both=1, alpha_2=1, H=43, IP=(1, 19, 1)
  bits=22893: comp_both=1, alpha_2=1, H=43, IP=(1, 19, 1)
  bits=22917: comp_both=1, alpha_2=1, H=43, IP=(1, 19, 1)
  bits=22918: comp_both=1, alpha_2=1, H=43, IP=(1, 19, 1)
  bits=22919: comp_both=1, alpha_2=1, H=43, IP=(1, 19, 1)
  bits=22924: comp_both=1, alpha_2=1, H=43, IP=(1, 19, 1)
  bits=22925: comp_both=1, alpha_2=1, H=43, IP=(1, 19, 1)
  bits=22926: comp_both=1, alpha_2=1, H=43, IP=(1, 19, 1)
  bits=22949: comp_both=2, alpha_2=2, H=41, IP=(1, 16, 2)
  bits=22957: comp_both=2, alpha_2=2, H=41, IP=(1, 16, 2)
  bits=22979: comp_both=1, alpha_2=1, H=43, IP=(1, 19, 1)
  bits=22981: comp_both=1, alpha_2=1, H=43, IP=(1, 19, 1)
  bits=22983: comp_both=1, alpha_2=1, H=45, IP=(1, 20, 1)
  bits=22985: comp_both=1, alpha_2=1, H=45, IP=(1, 20, 1)
  bits=22987: comp_both=1, alpha_2=1, H=43, IP=(1, 19, 1)
  bits=22989: comp_both=1, alpha_2=1, H=43, IP=(1, 19, 1)
  bits=23082: comp_both=1, alpha_2=1, H=43, IP=(1, 19, 1)
  bits=23084: comp_both=1, alpha_2=1, H=43, IP=(1, 19, 1)
  bits=23086: comp_both=1, alpha_2=1, H=45, IP=(1, 20, 1)
  bits=23096: comp_both=1, alpha_2=1, H=45, IP=(1, 20, 1)
  bits=23098: comp_both=1, alpha_2=1, H=43, IP=(1, 19, 1)
  bits=23100: comp_both=1, alpha_2=1, H=43, IP=(1, 19, 1)
  bits=23114: comp_both=2, alpha_2=2, H=41, IP=(1, 16, 2)
  bits=23130: comp_both=2, alpha_2=2, H=41, IP=(1, 16, 2)
  bits=23145: comp_both=1, alpha_2=1, H=43, IP=(1, 19, 1)
  bits=23146: comp_both=1, alpha_2=1, H=43, IP=(1, 19, 1)
  bits=23147: comp_both=1, alpha_2=1, H=43, IP=(1, 19, 1)
  bits=23160: comp_both=1, alpha_2=1, H=43, IP=(1, 19, 1)
  bits=23161: comp_both=1, alpha_2=1, H=43, IP=(1, 19, 1)
  bits=23162: comp_both=1, alpha_2=1, H=43, IP=(1, 19, 1)
  bits=23174: comp_both=1, alpha_2=1, H=43, IP=(1, 19, 1)
  bits=23178: comp_both=2, alpha_2=2, H=41, IP=(1, 16, 2)
  bits=23182: comp_both=1, alpha_2=1, H=43, IP=(1, 19, 1)
  bits=23186: comp_both=4, alpha_2=4, H=45, IP=(1, 14, 4)
  bits=23190: comp_both=2, alpha_2=2, H=41, IP=(1, 16, 2)
  bits=23194: comp_both=4, alpha_2=4, H=45, IP=(1, 14, 4)
  bits=23203: comp_both=1, alpha_2=1, H=43, IP=(1, 19, 1)
  bits=23205: comp_both=2, alpha_2=2, H=41, IP=(1, 16, 2)
  bits=23206: comp_both=1, alpha_2=1, H=43, IP=(1, 19, 1)
  bits=23207: comp_both=1, alpha_2=1, H=43, IP=(1, 19, 1)
  bits=23209: comp_both=2, alpha_2=2, H=41, IP=(1, 16, 2)
  bits=23210: comp_both=2, alpha_2=2, H=41, IP=(1, 16, 2)
  bits=23211: comp_both=2, alpha_2=2, H=41, IP=(1, 16, 2)
  bits=23212: comp_both=1, alpha_2=1, H=43, IP=(1, 19, 1)
  bits=23213: comp_both=2, alpha_2=2, H=41, IP=(1, 16, 2)
  bits=23214: comp_both=1, alpha_2=1, H=43, IP=(1, 19, 1)
  bits=23217: comp_both=1, alpha_2=1, H=43, IP=(1, 19, 1)
  bits=23218: comp_both=2, alpha_2=2, H=41, IP=(1, 16, 2)
  bits=23219: comp_both=1, alpha_2=1, H=43, IP=(1, 19, 1)
  bits=23220: comp_both=2, alpha_2=2, H=41, IP=(1, 16, 2)
  bits=23221: comp_both=2, alpha_2=2, H=41, IP=(1, 16, 2)
  bits=23222: comp_both=2, alpha_2=2, H=41, IP=(1, 16, 2)
  bits=23224: comp_both=1, alpha_2=1, H=43, IP=(1, 19, 1)
  bits=23225: comp_both=1, alpha_2=1, H=43, IP=(1, 19, 1)
  bits=23226: comp_both=2, alpha_2=2, H=41, IP=(1, 16, 2)
  bits=23228: comp_both=1, alpha_2=1, H=43, IP=(1, 19, 1)
  bits=23235: comp_both=1, alpha_2=1, H=43, IP=(1, 19, 1)
  bits=23242: comp_both=2, alpha_2=2, H=41, IP=(1, 16, 2)
  bits=23243: comp_both=1, alpha_2=1, H=43, IP=(1, 19, 1)
  bits=23250: comp_both=4, alpha_2=4, H=45, IP=(1, 14, 4)
  bits=23251: comp_both=2, alpha_2=2, H=41, IP=(1, 16, 2)
  bits=23258: comp_both=4, alpha_2=4, H=45, IP=(1, 14, 4)
  bits=23267: comp_both=1, alpha_2=1, H=45, IP=(1, 20, 1)
  bits=23273: comp_both=1, alpha_2=1, H=43, IP=(1, 19, 1)
  bits=23275: comp_both=1, alpha_2=1, H=43, IP=(1, 19, 1)
  bits=23281: comp_both=1, alpha_2=1, H=43, IP=(1, 19, 1)
  bits=23283: comp_both=1, alpha_2=1, H=43, IP=(1, 19, 1)
  bits=23289: comp_both=1, alpha_2=1, H=45, IP=(1, 20, 1)
  bits=23306: comp_both=1, alpha_2=1, H=43, IP=(1, 19, 1)
  bits=23310: comp_both=1, alpha_2=1, H=43, IP=(1, 19, 1)
  bits=23337: comp_both=4, alpha_2=4, H=45, IP=(1, 14, 4)
  bits=23338: comp_both=1, alpha_2=1, H=43, IP=(1, 19, 1)
  bits=23339: comp_both=2, alpha_2=2, H=41, IP=(1, 16, 2)
  bits=23340: comp_both=2, alpha_2=2, H=41, IP=(1, 16, 2)
  bits=23341: comp_both=4, alpha_2=4, H=45, IP=(1, 14, 4)
  bits=23342: comp_both=1, alpha_2=1, H=43, IP=(1, 19, 1)
  bits=23370: comp_both=2, alpha_2=2, H=41, IP=(1, 16, 2)
  bits=23371: comp_both=2, alpha_2=2, H=41, IP=(1, 16, 2)
  bits=23401: comp_both=2, alpha_2=2, H=41, IP=(1, 16, 2)
  bits=23403: comp_both=2, alpha_2=2, H=41, IP=(1, 16, 2)
  bits=23427: comp_both=1, alpha_2=1, H=45, IP=(1, 20, 1)
  bits=23430: comp_both=1, alpha_2=1, H=43, IP=(1, 19, 1)
  bits=23431: comp_both=1, alpha_2=1, H=43, IP=(1, 19, 1)
  bits=23434: comp_both=1, alpha_2=1, H=43, IP=(1, 19, 1)
  bits=23435: comp_both=1, alpha_2=1, H=43, IP=(1, 19, 1)
  bits=23438: comp_both=1, alpha_2=1, H=45, IP=(1, 20, 1)
  bits=23459: comp_both=1, alpha_2=1, H=43, IP=(1, 19, 1)
  bits=23461: comp_both=2, alpha_2=2, H=41, IP=(1, 16, 2)
  bits=23463: comp_both=1, alpha_2=1, H=43, IP=(1, 19, 1)
  bits=23465: comp_both=4, alpha_2=4, H=45, IP=(1, 14, 4)
  bits=23467: comp_both=2, alpha_2=2, H=41, IP=(1, 16, 2)
  bits=23469: comp_both=4, alpha_2=4, H=45, IP=(1, 14, 4)
  bits=23491: comp_both=1, alpha_2=1, H=43, IP=(1, 19, 1)
  bits=23499: comp_both=1, alpha_2=1, H=43, IP=(1, 19, 1)
  bits=23590: comp_both=1, alpha_2=1, H=43, IP=(1, 19, 1)
  bits=23596: comp_both=1, alpha_2=1, H=45, IP=(1, 20, 1)
  bits=23598: comp_both=1, alpha_2=1, H=43, IP=(1, 19, 1)
  bits=23604: comp_both=1, alpha_2=1, H=43, IP=(1, 19, 1)
  bits=23606: comp_both=1, alpha_2=1, H=45, IP=(1, 20, 1)
  bits=23612: comp_both=1, alpha_2=1, H=43, IP=(1, 19, 1)
  bits=23622: comp_both=2, alpha_2=2, H=41, IP=(1, 16, 2)
  bits=23626: comp_both=4, alpha_2=4, H=45, IP=(1, 14, 4)
  bits=23630: comp_both=4, alpha_2=4, H=45, IP=(1, 14, 4)
  bits=23634: comp_both=1, alpha_2=1, H=43, IP=(1, 19, 1)
  bits=23638: comp_both=1, alpha_2=1, H=43, IP=(1, 19, 1)
  bits=23642: comp_both=2, alpha_2=2, H=41, IP=(1, 16, 2)
  bits=23651: comp_both=1, alpha_2=1, H=43, IP=(1, 19, 1)
  bits=23653: comp_both=2, alpha_2=2, H=41, IP=(1, 16, 2)
  bits=23654: comp_both=2, alpha_2=2, H=41, IP=(1, 16, 2)
  bits=23655: comp_both=2, alpha_2=2, H=41, IP=(1, 16, 2)
  bits=23657: comp_both=1, alpha_2=1, H=43, IP=(1, 19, 1)
  bits=23658: comp_both=2, alpha_2=2, H=41, IP=(1, 16, 2)
  bits=23659: comp_both=1, alpha_2=1, H=43, IP=(1, 19, 1)
  bits=23660: comp_both=1, alpha_2=1, H=43, IP=(1, 19, 1)
  bits=23661: comp_both=1, alpha_2=1, H=43, IP=(1, 19, 1)
  bits=23662: comp_both=2, alpha_2=2, H=41, IP=(1, 16, 2)
  bits=23665: comp_both=2, alpha_2=2, H=41, IP=(1, 16, 2)
  bits=23666: comp_both=1, alpha_2=1, H=43, IP=(1, 19, 1)
  bits=23667: comp_both=1, alpha_2=1, H=43, IP=(1, 19, 1)
  bits=23668: comp_both=1, alpha_2=1, H=43, IP=(1, 19, 1)
  bits=23669: comp_both=2, alpha_2=2, H=41, IP=(1, 16, 2)
  bits=23670: comp_both=1, alpha_2=1, H=43, IP=(1, 19, 1)
  bits=23672: comp_both=2, alpha_2=2, H=41, IP=(1, 16, 2)
  bits=23673: comp_both=2, alpha_2=2, H=41, IP=(1, 16, 2)
  bits=23674: comp_both=2, alpha_2=2, H=41, IP=(1, 16, 2)
  bits=23676: comp_both=1, alpha_2=1, H=43, IP=(1, 19, 1)
  bits=23686: comp_both=1, alpha_2=1, H=43, IP=(1, 19, 1)
  bits=23702: comp_both=1, alpha_2=1, H=43, IP=(1, 19, 1)
  bits=23717: comp_both=4, alpha_2=4, H=45, IP=(1, 14, 4)
  bits=23718: comp_both=1, alpha_2=1, H=43, IP=(1, 19, 1)
  bits=23719: comp_both=2, alpha_2=2, H=41, IP=(1, 16, 2)
  bits=23732: comp_both=2, alpha_2=2, H=41, IP=(1, 16, 2)
  bits=23733: comp_both=4, alpha_2=4, H=45, IP=(1, 14, 4)
  bits=23734: comp_both=1, alpha_2=1, H=43, IP=(1, 19, 1)
  bits=23747: comp_both=1, alpha_2=1, H=45, IP=(1, 20, 1)
  bits=23750: comp_both=1, alpha_2=1, H=43, IP=(1, 19, 1)
  bits=23751: comp_both=1, alpha_2=1, H=43, IP=(1, 19, 1)
  bits=23762: comp_both=1, alpha_2=1, H=43, IP=(1, 19, 1)
  bits=23763: comp_both=1, alpha_2=1, H=43, IP=(1, 19, 1)
  bits=23766: comp_both=1, alpha_2=1, H=45, IP=(1, 20, 1)
  bits=23779: comp_both=1, alpha_2=1, H=43, IP=(1, 19, 1)
  bits=23781: comp_both=4, alpha_2=4, H=45, IP=(1, 14, 4)
  bits=23783: comp_both=2, alpha_2=2, H=41, IP=(1, 16, 2)
  bits=23793: comp_both=2, alpha_2=2, H=41, IP=(1, 16, 2)
  bits=23795: comp_both=1, alpha_2=1, H=43, IP=(1, 19, 1)
  bits=23797: comp_both=4, alpha_2=4, H=45, IP=(1, 14, 4)
  bits=23814: comp_both=2, alpha_2=2, H=41, IP=(1, 16, 2)
  bits=23822: comp_both=2, alpha_2=2, H=41, IP=(1, 16, 2)
  bits=23845: comp_both=1, alpha_2=1, H=43, IP=(1, 19, 1)
  bits=23846: comp_both=1, alpha_2=1, H=43, IP=(1, 19, 1)
  bits=23847: comp_both=1, alpha_2=1, H=43, IP=(1, 19, 1)
  bits=23852: comp_both=1, alpha_2=1, H=43, IP=(1, 19, 1)
  bits=23853: comp_both=1, alpha_2=1, H=43, IP=(1, 19, 1)
  bits=23854: comp_both=1, alpha_2=1, H=43, IP=(1, 19, 1)
  bits=23875: comp_both=1, alpha_2=1, H=43, IP=(1, 19, 1)
  bits=23878: comp_both=2, alpha_2=2, H=41, IP=(1, 16, 2)
  bits=23879: comp_both=1, alpha_2=1, H=43, IP=(1, 19, 1)
  bits=23882: comp_both=4, alpha_2=4, H=45, IP=(1, 14, 4)
  bits=23883: comp_both=2, alpha_2=2, H=41, IP=(1, 16, 2)
  bits=23886: comp_both=4, alpha_2=4, H=45, IP=(1, 14, 4)
  bits=23907: comp_both=1, alpha_2=1, H=45, IP=(1, 20, 1)
  bits=23909: comp_both=1, alpha_2=1, H=43, IP=(1, 19, 1)
  bits=23911: comp_both=1, alpha_2=1, H=43, IP=(1, 19, 1)
  bits=23913: comp_both=1, alpha_2=1, H=43, IP=(1, 19, 1)
  bits=23915: comp_both=1, alpha_2=1, H=43, IP=(1, 19, 1)
  bits=23917: comp_both=1, alpha_2=1, H=45, IP=(1, 20, 1)
  bits=23942: comp_both=2, alpha_2=2, H=41, IP=(1, 16, 2)
  bits=23943: comp_both=2, alpha_2=2, H=41, IP=(1, 16, 2)
  bits=23973: comp_both=2, alpha_2=2, H=41, IP=(1, 16, 2)
  bits=23975: comp_both=2, alpha_2=2, H=41, IP=(1, 16, 2)
  bits=24003: comp_both=1, alpha_2=1, H=43, IP=(1, 19, 1)
  bits=24007: comp_both=1, alpha_2=1, H=43, IP=(1, 19, 1)
  bits=24102: comp_both=1, alpha_2=1, H=43, IP=(1, 19, 1)
  bits=24106: comp_both=1, alpha_2=1, H=43, IP=(1, 19, 1)
  bits=24110: comp_both=1, alpha_2=1, H=43, IP=(1, 19, 1)
  bits=24114: comp_both=1, alpha_2=1, H=43, IP=(1, 19, 1)
  bits=24118: comp_both=1, alpha_2=1, H=43, IP=(1, 19, 1)
  bits=24122: comp_both=1, alpha_2=1, H=43, IP=(1, 19, 1)
  bits=24163: comp_both=1, alpha_2=1, H=43, IP=(1, 19, 1)
  bits=24170: comp_both=1, alpha_2=1, H=43, IP=(1, 19, 1)
  bits=24171: comp_both=1, alpha_2=1, H=45, IP=(1, 20, 1)
  bits=24178: comp_both=1, alpha_2=1, H=45, IP=(1, 20, 1)
  bits=24179: comp_both=1, alpha_2=1, H=43, IP=(1, 19, 1)
  bits=24186: comp_both=1, alpha_2=1, H=43, IP=(1, 19, 1)
  bits=24227: comp_both=1, alpha_2=1, H=43, IP=(1, 19, 1)
  bits=24230: comp_both=1, alpha_2=1, H=45, IP=(1, 20, 1)
  bits=24231: comp_both=1, alpha_2=1, H=43, IP=(1, 19, 1)
  bits=24242: comp_both=1, alpha_2=1, H=43, IP=(1, 19, 1)
  bits=24243: comp_both=1, alpha_2=1, H=45, IP=(1, 20, 1)
  bits=24246: comp_both=1, alpha_2=1, H=43, IP=(1, 19, 1)
  bits=24291: comp_both=1, alpha_2=1, H=43, IP=(1, 19, 1)
  bits=24307: comp_both=1, alpha_2=1, H=43, IP=(1, 19, 1)
  bits=24355: comp_both=1, alpha_2=1, H=43, IP=(1, 19, 1)
  bits=24358: comp_both=1, alpha_2=1, H=43, IP=(1, 19, 1)
  bits=24359: comp_both=1, alpha_2=1, H=45, IP=(1, 20, 1)
  bits=24362: comp_both=1, alpha_2=1, H=45, IP=(1, 20, 1)
  bits=24363: comp_both=1, alpha_2=1, H=43, IP=(1, 19, 1)
  bits=24366: comp_both=1, alpha_2=1, H=43, IP=(1, 19, 1)
  bits=24419: comp_both=1, alpha_2=1, H=43, IP=(1, 19, 1)
  bits=24427: comp_both=1, alpha_2=1, H=43, IP=(1, 19, 1)
  bits=24483: comp_both=1, alpha_2=1, H=43, IP=(1, 19, 1)
  bits=24487: comp_both=1, alpha_2=1, H=43, IP=(1, 19, 1)
  bits=24716: comp_both=2, alpha_2=2, H=41, IP=(1, 16, 2)
  bits=24732: comp_both=2, alpha_2=2, H=41, IP=(1, 16, 2)
  bits=24777: comp_both=2, alpha_2=2, H=41, IP=(1, 16, 2)
  bits=24780: comp_both=4, alpha_2=4, H=45, IP=(1, 14, 4)
  bits=24781: comp_both=4, alpha_2=4, H=45, IP=(1, 14, 4)
  bits=24792: comp_both=1, alpha_2=1, H=43, IP=(1, 19, 1)
  bits=24793: comp_both=1, alpha_2=1, H=43, IP=(1, 19, 1)
  bits=24796: comp_both=2, alpha_2=2, H=41, IP=(1, 16, 2)
  bits=24972: comp_both=1, alpha_2=1, H=43, IP=(1, 19, 1)
  bits=24973: comp_both=1, alpha_2=1, H=43, IP=(1, 19, 1)
  bits=25033: comp_both=2, alpha_2=2, H=41, IP=(1, 16, 2)
  bits=25037: comp_both=2, alpha_2=2, H=41, IP=(1, 16, 2)
  bits=25226: comp_both=1, alpha_2=1, H=43, IP=(1, 19, 1)
  bits=25228: comp_both=1, alpha_2=1, H=43, IP=(1, 19, 1)
  bits=25230: comp_both=1, alpha_2=1, H=43, IP=(1, 19, 1)
  bits=25240: comp_both=1, alpha_2=1, H=43, IP=(1, 19, 1)
  bits=25242: comp_both=1, alpha_2=1, H=43, IP=(1, 19, 1)
  bits=25244: comp_both=1, alpha_2=1, H=43, IP=(1, 19, 1)
  bits=25257: comp_both=1, alpha_2=1, H=43, IP=(1, 19, 1)
  bits=25260: comp_both=1, alpha_2=1, H=43, IP=(1, 19, 1)
  bits=25261: comp_both=1, alpha_2=1, H=45, IP=(1, 20, 1)
  bits=25272: comp_both=1, alpha_2=1, H=45, IP=(1, 20, 1)
  bits=25273: comp_both=1, alpha_2=1, H=43, IP=(1, 19, 1)
  bits=25276: comp_both=1, alpha_2=1, H=43, IP=(1, 19, 1)
  bits=25289: comp_both=1, alpha_2=1, H=43, IP=(1, 19, 1)
  bits=25290: comp_both=1, alpha_2=1, H=45, IP=(1, 20, 1)
  bits=25291: comp_both=1, alpha_2=1, H=43, IP=(1, 19, 1)
  bits=25304: comp_both=1, alpha_2=1, H=43, IP=(1, 19, 1)
  bits=25305: comp_both=1, alpha_2=1, H=45, IP=(1, 20, 1)
  bits=25306: comp_both=1, alpha_2=1, H=43, IP=(1, 19, 1)
  bits=25321: comp_both=1, alpha_2=1, H=43, IP=(1, 19, 1)
  bits=25337: comp_both=1, alpha_2=1, H=43, IP=(1, 19, 1)
  bits=25481: comp_both=1, alpha_2=1, H=43, IP=(1, 19, 1)
  bits=25482: comp_both=1, alpha_2=1, H=43, IP=(1, 19, 1)
  bits=25483: comp_both=1, alpha_2=1, H=45, IP=(1, 20, 1)
  bits=25484: comp_both=1, alpha_2=1, H=45, IP=(1, 20, 1)
  bits=25485: comp_both=1, alpha_2=1, H=43, IP=(1, 19, 1)
  bits=25486: comp_both=1, alpha_2=1, H=43, IP=(1, 19, 1)
  bits=25513: comp_both=1, alpha_2=1, H=43, IP=(1, 19, 1)
  bits=25517: comp_both=1, alpha_2=1, H=43, IP=(1, 19, 1)
  bits=25545: comp_both=1, alpha_2=1, H=43, IP=(1, 19, 1)
  bits=25547: comp_both=1, alpha_2=1, H=43, IP=(1, 19, 1)
  bits=25644: comp_both=2, alpha_2=2, H=41, IP=(1, 16, 2)
  bits=25660: comp_both=2, alpha_2=2, H=41, IP=(1, 16, 2)
  bits=25674: comp_both=1, alpha_2=1, H=43, IP=(1, 19, 1)
  bits=25676: comp_both=1, alpha_2=1, H=43, IP=(1, 19, 1)
  bits=25678: comp_both=1, alpha_2=1, H=45, IP=(1, 20, 1)
  bits=25688: comp_both=1, alpha_2=1, H=45, IP=(1, 20, 1)
  bits=25690: comp_both=1, alpha_2=1, H=43, IP=(1, 19, 1)
  bits=25692: comp_both=1, alpha_2=1, H=43, IP=(1, 19, 1)
  bits=25705: comp_both=1, alpha_2=1, H=43, IP=(1, 19, 1)
  bits=25708: comp_both=1, alpha_2=1, H=43, IP=(1, 19, 1)
  bits=25709: comp_both=1, alpha_2=1, H=43, IP=(1, 19, 1)
  bits=25720: comp_both=1, alpha_2=1, H=43, IP=(1, 19, 1)
  bits=25721: comp_both=1, alpha_2=1, H=43, IP=(1, 19, 1)
  bits=25724: comp_both=1, alpha_2=1, H=43, IP=(1, 19, 1)
  bits=25734: comp_both=1, alpha_2=1, H=43, IP=(1, 19, 1)
  bits=25740: comp_both=2, alpha_2=2, H=41, IP=(1, 16, 2)
  bits=25742: comp_both=1, alpha_2=1, H=43, IP=(1, 19, 1)
  bits=25748: comp_both=4, alpha_2=4, H=45, IP=(1, 14, 4)
  bits=25750: comp_both=2, alpha_2=2, H=41, IP=(1, 16, 2)
  bits=25756: comp_both=4, alpha_2=4, H=45, IP=(1, 14, 4)
  bits=25765: comp_both=1, alpha_2=1, H=43, IP=(1, 19, 1)
  bits=25772: comp_both=2, alpha_2=2, H=41, IP=(1, 16, 2)
  bits=25773: comp_both=1, alpha_2=1, H=43, IP=(1, 19, 1)
  bits=25780: comp_both=4, alpha_2=4, H=45, IP=(1, 14, 4)
  bits=25781: comp_both=2, alpha_2=2, H=41, IP=(1, 16, 2)
  bits=25788: comp_both=4, alpha_2=4, H=45, IP=(1, 14, 4)
  bits=25795: comp_both=2, alpha_2=2, H=41, IP=(1, 16, 2)
  bits=25797: comp_both=1, alpha_2=1, H=43, IP=(1, 19, 1)
  bits=25798: comp_both=1, alpha_2=1, H=43, IP=(1, 19, 1)
  bits=25799: comp_both=1, alpha_2=1, H=43, IP=(1, 19, 1)
  bits=25801: comp_both=2, alpha_2=2, H=41, IP=(1, 16, 2)
  bits=25802: comp_both=1, alpha_2=1, H=43, IP=(1, 19, 1)
  bits=25803: comp_both=2, alpha_2=2, H=41, IP=(1, 16, 2)
  bits=25804: comp_both=2, alpha_2=2, H=41, IP=(1, 16, 2)
  bits=25805: comp_both=2, alpha_2=2, H=41, IP=(1, 16, 2)
  bits=25806: comp_both=1, alpha_2=1, H=43, IP=(1, 19, 1)
  bits=25809: comp_both=1, alpha_2=1, H=43, IP=(1, 19, 1)
  bits=25810: comp_both=2, alpha_2=2, H=41, IP=(1, 16, 2)
  bits=25811: comp_both=2, alpha_2=2, H=41, IP=(1, 16, 2)
  bits=25812: comp_both=2, alpha_2=2, H=41, IP=(1, 16, 2)
  bits=25813: comp_both=1, alpha_2=1, H=43, IP=(1, 19, 1)
  bits=25814: comp_both=2, alpha_2=2, H=41, IP=(1, 16, 2)
  bits=25816: comp_both=1, alpha_2=1, H=43, IP=(1, 19, 1)
  bits=25817: comp_both=1, alpha_2=1, H=43, IP=(1, 19, 1)
  bits=25818: comp_both=1, alpha_2=1, H=43, IP=(1, 19, 1)
  bits=25820: comp_both=2, alpha_2=2, H=41, IP=(1, 16, 2)
  bits=25829: comp_both=1, alpha_2=1, H=45, IP=(1, 20, 1)
  bits=25833: comp_both=1, alpha_2=1, H=43, IP=(1, 19, 1)
  bits=25837: comp_both=1, alpha_2=1, H=43, IP=(1, 19, 1)
  bits=25841: comp_both=1, alpha_2=1, H=43, IP=(1, 19, 1)
  bits=25845: comp_both=1, alpha_2=1, H=43, IP=(1, 19, 1)
  bits=25849: comp_both=1, alpha_2=1, H=45, IP=(1, 20, 1)
  bits=25868: comp_both=1, alpha_2=1, H=43, IP=(1, 19, 1)
  bits=25870: comp_both=1, alpha_2=1, H=43, IP=(1, 19, 1)
  bits=25900: comp_both=2, alpha_2=2, H=41, IP=(1, 16, 2)
  bits=25901: comp_both=2, alpha_2=2, H=41, IP=(1, 16, 2)
  bits=25929: comp_both=4, alpha_2=4, H=45, IP=(1, 14, 4)
  bits=25930: comp_both=2, alpha_2=2, H=41, IP=(1, 16, 2)
  bits=25931: comp_both=4, alpha_2=4, H=45, IP=(1, 14, 4)
  bits=25932: comp_both=1, alpha_2=1, H=43, IP=(1, 19, 1)
  bits=25933: comp_both=2, alpha_2=2, H=41, IP=(1, 16, 2)
  bits=25934: comp_both=1, alpha_2=1, H=43, IP=(1, 19, 1)
  bits=25961: comp_both=2, alpha_2=2, H=41, IP=(1, 16, 2)
  bits=25965: comp_both=2, alpha_2=2, H=41, IP=(1, 16, 2)
  bits=25989: comp_both=1, alpha_2=1, H=45, IP=(1, 20, 1)
  bits=25990: comp_both=1, alpha_2=1, H=43, IP=(1, 19, 1)
  bits=25991: comp_both=1, alpha_2=1, H=43, IP=(1, 19, 1)
  bits=25996: comp_both=1, alpha_2=1, H=43, IP=(1, 19, 1)
  bits=25997: comp_both=1, alpha_2=1, H=43, IP=(1, 19, 1)
  bits=25998: comp_both=1, alpha_2=1, H=45, IP=(1, 20, 1)
  bits=26021: comp_both=1, alpha_2=1, H=43, IP=(1, 19, 1)
  bits=26029: comp_both=1, alpha_2=1, H=43, IP=(1, 19, 1)
  bits=26051: comp_both=2, alpha_2=2, H=41, IP=(1, 16, 2)
  bits=26053: comp_both=1, alpha_2=1, H=43, IP=(1, 19, 1)
  bits=26055: comp_both=1, alpha_2=1, H=43, IP=(1, 19, 1)
  bits=26057: comp_both=4, alpha_2=4, H=45, IP=(1, 14, 4)
  bits=26059: comp_both=4, alpha_2=4, H=45, IP=(1, 14, 4)
  bits=26061: comp_both=2, alpha_2=2, H=41, IP=(1, 16, 2)
  bits=26154: comp_both=2, alpha_2=2, H=41, IP=(1, 16, 2)
  bits=26156: comp_both=4, alpha_2=4, H=45, IP=(1, 14, 4)
  bits=26158: comp_both=4, alpha_2=4, H=45, IP=(1, 14, 4)
  bits=26168: comp_both=1, alpha_2=1, H=43, IP=(1, 19, 1)
  bits=26170: comp_both=1, alpha_2=1, H=43, IP=(1, 19, 1)
  bits=26172: comp_both=2, alpha_2=2, H=41, IP=(1, 16, 2)
  bits=26186: comp_both=1, alpha_2=1, H=43, IP=(1, 19, 1)
  bits=26202: comp_both=1, alpha_2=1, H=43, IP=(1, 19, 1)
  bits=26217: comp_both=1, alpha_2=1, H=45, IP=(1, 20, 1)
  bits=26218: comp_both=1, alpha_2=1, H=43, IP=(1, 19, 1)
  bits=26219: comp_both=1, alpha_2=1, H=43, IP=(1, 19, 1)
  bits=26232: comp_both=1, alpha_2=1, H=43, IP=(1, 19, 1)
  bits=26233: comp_both=1, alpha_2=1, H=43, IP=(1, 19, 1)
  bits=26234: comp_both=1, alpha_2=1, H=45, IP=(1, 20, 1)
  bits=26246: comp_both=1, alpha_2=1, H=45, IP=(1, 20, 1)
  bits=26250: comp_both=1, alpha_2=1, H=43, IP=(1, 19, 1)
  bits=26254: comp_both=1, alpha_2=1, H=43, IP=(1, 19, 1)
  bits=26258: comp_both=1, alpha_2=1, H=43, IP=(1, 19, 1)
  bits=26262: comp_both=1, alpha_2=1, H=43, IP=(1, 19, 1)
  bits=26266: comp_both=1, alpha_2=1, H=45, IP=(1, 20, 1)
  bits=26275: comp_both=2, alpha_2=2, H=41, IP=(1, 16, 2)
  bits=26277: comp_both=1, alpha_2=1, H=43, IP=(1, 19, 1)
  bits=26278: comp_both=1, alpha_2=1, H=43, IP=(1, 19, 1)
  bits=26279: comp_both=1, alpha_2=1, H=43, IP=(1, 19, 1)
  bits=26281: comp_both=1, alpha_2=1, H=43, IP=(1, 19, 1)
  bits=26282: comp_both=2, alpha_2=2, H=41, IP=(1, 16, 2)
  bits=26283: comp_both=2, alpha_2=2, H=41, IP=(1, 16, 2)
  bits=26284: comp_both=2, alpha_2=2, H=41, IP=(1, 16, 2)
  bits=26285: comp_both=1, alpha_2=1, H=43, IP=(1, 19, 1)
  bits=26286: comp_both=2, alpha_2=2, H=41, IP=(1, 16, 2)
  bits=26289: comp_both=2, alpha_2=2, H=41, IP=(1, 16, 2)
  bits=26290: comp_both=1, alpha_2=1, H=43, IP=(1, 19, 1)
  bits=26291: comp_both=2, alpha_2=2, H=41, IP=(1, 16, 2)
  bits=26292: comp_both=2, alpha_2=2, H=41, IP=(1, 16, 2)
  bits=26293: comp_both=2, alpha_2=2, H=41, IP=(1, 16, 2)
  bits=26294: comp_both=1, alpha_2=1, H=43, IP=(1, 19, 1)
  bits=26296: comp_both=1, alpha_2=1, H=43, IP=(1, 19, 1)
  bits=26297: comp_both=1, alpha_2=1, H=43, IP=(1, 19, 1)
  bits=26298: comp_both=1, alpha_2=1, H=43, IP=(1, 19, 1)
  bits=26300: comp_both=2, alpha_2=2, H=41, IP=(1, 16, 2)
  bits=26307: comp_both=4, alpha_2=4, H=45, IP=(1, 14, 4)
  bits=26314: comp_both=1, alpha_2=1, H=43, IP=(1, 19, 1)
  bits=26315: comp_both=2, alpha_2=2, H=41, IP=(1, 16, 2)
  bits=26322: comp_both=2, alpha_2=2, H=41, IP=(1, 16, 2)
  bits=26323: comp_both=4, alpha_2=4, H=45, IP=(1, 14, 4)
  bits=26330: comp_both=1, alpha_2=1, H=43, IP=(1, 19, 1)
  bits=26339: comp_both=4, alpha_2=4, H=45, IP=(1, 14, 4)
  bits=26345: comp_both=1, alpha_2=1, H=43, IP=(1, 19, 1)
  bits=26347: comp_both=2, alpha_2=2, H=41, IP=(1, 16, 2)
  bits=26353: comp_both=2, alpha_2=2, H=41, IP=(1, 16, 2)
  bits=26355: comp_both=4, alpha_2=4, H=45, IP=(1, 14, 4)
  bits=26361: comp_both=1, alpha_2=1, H=43, IP=(1, 19, 1)
  bits=26378: comp_both=2, alpha_2=2, H=41, IP=(1, 16, 2)
  bits=26382: comp_both=2, alpha_2=2, H=41, IP=(1, 16, 2)
  bits=26409: comp_both=1, alpha_2=1, H=43, IP=(1, 19, 1)
  bits=26410: comp_both=2, alpha_2=2, H=41, IP=(1, 16, 2)
  bits=26411: comp_both=1, alpha_2=1, H=43, IP=(1, 19, 1)
  bits=26412: comp_both=4, alpha_2=4, H=45, IP=(1, 14, 4)
  bits=26413: comp_both=2, alpha_2=2, H=41, IP=(1, 16, 2)
  bits=26414: comp_both=4, alpha_2=4, H=45, IP=(1, 14, 4)
  bits=26442: comp_both=2, alpha_2=2, H=41, IP=(1, 16, 2)
  bits=26443: comp_both=2, alpha_2=2, H=41, IP=(1, 16, 2)
  bits=26473: comp_both=1, alpha_2=1, H=43, IP=(1, 19, 1)
  bits=26475: comp_both=1, alpha_2=1, H=43, IP=(1, 19, 1)
  bits=26499: comp_both=1, alpha_2=1, H=43, IP=(1, 19, 1)
  bits=26502: comp_both=1, alpha_2=1, H=43, IP=(1, 19, 1)
  bits=26503: comp_both=1, alpha_2=1, H=43, IP=(1, 19, 1)
  bits=26506: comp_both=1, alpha_2=1, H=43, IP=(1, 19, 1)
  bits=26507: comp_both=1, alpha_2=1, H=43, IP=(1, 19, 1)
  bits=26510: comp_both=1, alpha_2=1, H=43, IP=(1, 19, 1)
  bits=26531: comp_both=1, alpha_2=1, H=43, IP=(1, 19, 1)
  bits=26533: comp_both=1, alpha_2=1, H=43, IP=(1, 19, 1)
  bits=26535: comp_both=1, alpha_2=1, H=45, IP=(1, 20, 1)
  bits=26537: comp_both=1, alpha_2=1, H=45, IP=(1, 20, 1)
  bits=26539: comp_both=1, alpha_2=1, H=43, IP=(1, 19, 1)
  bits=26541: comp_both=1, alpha_2=1, H=43, IP=(1, 19, 1)
  bits=26563: comp_both=2, alpha_2=2, H=41, IP=(1, 16, 2)
  bits=26571: comp_both=2, alpha_2=2, H=41, IP=(1, 16, 2)
  bits=26764: comp_both=2, alpha_2=2, H=41, IP=(1, 16, 2)
  bits=26766: comp_both=2, alpha_2=2, H=41, IP=(1, 16, 2)
  bits=26796: comp_both=1, alpha_2=1, H=43, IP=(1, 19, 1)
  bits=26797: comp_both=1, alpha_2=1, H=43, IP=(1, 19, 1)
  bits=26825: comp_both=2, alpha_2=2, H=41, IP=(1, 16, 2)
  bits=26826: comp_both=1, alpha_2=1, H=43, IP=(1, 19, 1)
  bits=26827: comp_both=1, alpha_2=1, H=43, IP=(1, 19, 1)
  bits=26828: comp_both=4, alpha_2=4, H=45, IP=(1, 14, 4)
  bits=26829: comp_both=4, alpha_2=4, H=45, IP=(1, 14, 4)
  bits=26830: comp_both=2, alpha_2=2, H=41, IP=(1, 16, 2)
  bits=26857: comp_both=2, alpha_2=2, H=41, IP=(1, 16, 2)
  bits=26861: comp_both=2, alpha_2=2, H=41, IP=(1, 16, 2)
  bits=27274: comp_both=2, alpha_2=2, H=41, IP=(1, 16, 2)
  bits=27278: comp_both=2, alpha_2=2, H=41, IP=(1, 16, 2)
  bits=27305: comp_both=2, alpha_2=2, H=41, IP=(1, 16, 2)
  bits=27306: comp_both=4, alpha_2=4, H=45, IP=(1, 14, 4)
  bits=27307: comp_both=4, alpha_2=4, H=45, IP=(1, 14, 4)
  bits=27308: comp_both=1, alpha_2=1, H=43, IP=(1, 19, 1)
  bits=27309: comp_both=1, alpha_2=1, H=43, IP=(1, 19, 1)
  bits=27310: comp_both=2, alpha_2=2, H=41, IP=(1, 16, 2)
  bits=27338: comp_both=1, alpha_2=1, H=43, IP=(1, 19, 1)
  bits=27339: comp_both=1, alpha_2=1, H=43, IP=(1, 19, 1)
  bits=27369: comp_both=2, alpha_2=2, H=41, IP=(1, 16, 2)
  bits=27371: comp_both=2, alpha_2=2, H=41, IP=(1, 16, 2)
  bits=27692: comp_both=1, alpha_2=1, H=43, IP=(1, 19, 1)
  bits=27694: comp_both=1, alpha_2=1, H=43, IP=(1, 19, 1)
  bits=27722: comp_both=1, alpha_2=1, H=43, IP=(1, 19, 1)
  bits=27726: comp_both=1, alpha_2=1, H=43, IP=(1, 19, 1)
  bits=27753: comp_both=1, alpha_2=1, H=43, IP=(1, 19, 1)
  bits=27754: comp_both=1, alpha_2=1, H=43, IP=(1, 19, 1)
  bits=27755: comp_both=1, alpha_2=1, H=45, IP=(1, 20, 1)
  bits=27756: comp_both=1, alpha_2=1, H=45, IP=(1, 20, 1)
  bits=27757: comp_both=1, alpha_2=1, H=43, IP=(1, 19, 1)
  bits=27758: comp_both=1, alpha_2=1, H=43, IP=(1, 19, 1)
  bits=27782: comp_both=1, alpha_2=1, H=43, IP=(1, 19, 1)
  bits=27790: comp_both=1, alpha_2=1, H=43, IP=(1, 19, 1)
  bits=27813: comp_both=1, alpha_2=1, H=43, IP=(1, 19, 1)
  bits=27814: comp_both=1, alpha_2=1, H=45, IP=(1, 20, 1)
  bits=27815: comp_both=1, alpha_2=1, H=43, IP=(1, 19, 1)
  bits=27820: comp_both=1, alpha_2=1, H=43, IP=(1, 19, 1)
  bits=27821: comp_both=1, alpha_2=1, H=45, IP=(1, 20, 1)
  bits=27822: comp_both=1, alpha_2=1, H=43, IP=(1, 19, 1)
  bits=27843: comp_both=1, alpha_2=1, H=43, IP=(1, 19, 1)
  bits=27846: comp_both=1, alpha_2=1, H=43, IP=(1, 19, 1)
  bits=27847: comp_both=1, alpha_2=1, H=45, IP=(1, 20, 1)
  bits=27850: comp_both=1, alpha_2=1, H=45, IP=(1, 20, 1)
  bits=27851: comp_both=1, alpha_2=1, H=43, IP=(1, 19, 1)
  bits=27854: comp_both=1, alpha_2=1, H=43, IP=(1, 19, 1)
  bits=27875: comp_both=1, alpha_2=1, H=43, IP=(1, 19, 1)
  bits=27877: comp_both=1, alpha_2=1, H=43, IP=(1, 19, 1)
  bits=27879: comp_both=1, alpha_2=1, H=43, IP=(1, 19, 1)
  bits=27881: comp_both=1, alpha_2=1, H=43, IP=(1, 19, 1)
  bits=27883: comp_both=1, alpha_2=1, H=43, IP=(1, 19, 1)
  bits=27885: comp_both=1, alpha_2=1, H=43, IP=(1, 19, 1)
  bits=28202: comp_both=2, alpha_2=2, H=41, IP=(1, 16, 2)
  bits=28206: comp_both=2, alpha_2=2, H=41, IP=(1, 16, 2)
  bits=28266: comp_both=1, alpha_2=1, H=43, IP=(1, 19, 1)
  bits=28267: comp_both=1, alpha_2=1, H=43, IP=(1, 19, 1)
  bits=28323: comp_both=2, alpha_2=2, H=41, IP=(1, 16, 2)
  bits=28326: comp_both=1, alpha_2=1, H=43, IP=(1, 19, 1)
  bits=28327: comp_both=1, alpha_2=1, H=43, IP=(1, 19, 1)
  bits=28330: comp_both=4, alpha_2=4, H=45, IP=(1, 14, 4)
  bits=28331: comp_both=4, alpha_2=4, H=45, IP=(1, 14, 4)
  bits=28334: comp_both=2, alpha_2=2, H=41, IP=(1, 16, 2)
  bits=28387: comp_both=2, alpha_2=2, H=41, IP=(1, 16, 2)
  bits=28395: comp_both=2, alpha_2=2, H=41, IP=(1, 16, 2)
  bits=28748: comp_both=2, alpha_2=2, H=41, IP=(1, 16, 2)
  bits=28764: comp_both=2, alpha_2=2, H=41, IP=(1, 16, 2)
  bits=28869: comp_both=2, alpha_2=2, H=41, IP=(1, 16, 2)
  bits=28876: comp_both=4, alpha_2=4, H=45, IP=(1, 14, 4)
  bits=28877: comp_both=4, alpha_2=4, H=45, IP=(1, 14, 4)
  bits=28884: comp_both=1, alpha_2=1, H=43, IP=(1, 19, 1)
  bits=28885: comp_both=1, alpha_2=1, H=43, IP=(1, 19, 1)
  bits=28892: comp_both=2, alpha_2=2, H=41, IP=(1, 16, 2)
  bits=29004: comp_both=1, alpha_2=1, H=43, IP=(1, 19, 1)
  bits=29005: comp_both=1, alpha_2=1, H=43, IP=(1, 19, 1)
  bits=29125: comp_both=2, alpha_2=2, H=41, IP=(1, 16, 2)
  bits=29133: comp_both=2, alpha_2=2, H=41, IP=(1, 16, 2)
  bits=29228: comp_both=2, alpha_2=2, H=41, IP=(1, 16, 2)
  bits=29244: comp_both=2, alpha_2=2, H=41, IP=(1, 16, 2)
  bits=29258: comp_both=1, alpha_2=1, H=43, IP=(1, 19, 1)
  bits=29260: comp_both=2, alpha_2=2, H=41, IP=(1, 16, 2)
  bits=29262: comp_both=1, alpha_2=1, H=43, IP=(1, 19, 1)
  bits=29272: comp_both=4, alpha_2=4, H=45, IP=(1, 14, 4)
  bits=29274: comp_both=2, alpha_2=2, H=41, IP=(1, 16, 2)
  bits=29276: comp_both=4, alpha_2=4, H=45, IP=(1, 14, 4)
  bits=29289: comp_both=1, alpha_2=1, H=43, IP=(1, 19, 1)
  bits=29292: comp_both=2, alpha_2=2, H=41, IP=(1, 16, 2)
  bits=29293: comp_both=1, alpha_2=1, H=43, IP=(1, 19, 1)
  bits=29304: comp_both=4, alpha_2=4, H=45, IP=(1, 14, 4)
  bits=29305: comp_both=2, alpha_2=2, H=41, IP=(1, 16, 2)
  bits=29308: comp_both=4, alpha_2=4, H=45, IP=(1, 14, 4)
  bits=29318: comp_both=1, alpha_2=1, H=43, IP=(1, 19, 1)
  bits=29324: comp_both=1, alpha_2=1, H=43, IP=(1, 19, 1)
  bits=29326: comp_both=1, alpha_2=1, H=45, IP=(1, 20, 1)
  bits=29332: comp_both=1, alpha_2=1, H=45, IP=(1, 20, 1)
  bits=29334: comp_both=1, alpha_2=1, H=43, IP=(1, 19, 1)
  bits=29340: comp_both=1, alpha_2=1, H=43, IP=(1, 19, 1)
  bits=29349: comp_both=1, alpha_2=1, H=43, IP=(1, 19, 1)
  bits=29356: comp_both=1, alpha_2=1, H=43, IP=(1, 19, 1)
  bits=29357: comp_both=1, alpha_2=1, H=43, IP=(1, 19, 1)
  bits=29364: comp_both=1, alpha_2=1, H=43, IP=(1, 19, 1)
  bits=29365: comp_both=1, alpha_2=1, H=43, IP=(1, 19, 1)
  bits=29372: comp_both=1, alpha_2=1, H=43, IP=(1, 19, 1)
  bits=29379: comp_both=2, alpha_2=2, H=41, IP=(1, 16, 2)
  bits=29381: comp_both=2, alpha_2=2, H=41, IP=(1, 16, 2)
  bits=29382: comp_both=1, alpha_2=1, H=43, IP=(1, 19, 1)
  bits=29383: comp_both=2, alpha_2=2, H=41, IP=(1, 16, 2)
  bits=29385: comp_both=1, alpha_2=1, H=43, IP=(1, 19, 1)
  bits=29386: comp_both=1, alpha_2=1, H=43, IP=(1, 19, 1)
  bits=29387: comp_both=1, alpha_2=1, H=43, IP=(1, 19, 1)
  bits=29388: comp_both=2, alpha_2=2, H=41, IP=(1, 16, 2)
  bits=29389: comp_both=2, alpha_2=2, H=41, IP=(1, 16, 2)
  bits=29390: comp_both=1, alpha_2=1, H=43, IP=(1, 19, 1)
  bits=29393: comp_both=1, alpha_2=1, H=43, IP=(1, 19, 1)
  bits=29394: comp_both=2, alpha_2=2, H=41, IP=(1, 16, 2)
  bits=29395: comp_both=2, alpha_2=2, H=41, IP=(1, 16, 2)
  bits=29396: comp_both=1, alpha_2=1, H=43, IP=(1, 19, 1)
  bits=29397: comp_both=1, alpha_2=1, H=43, IP=(1, 19, 1)
  bits=29398: comp_both=1, alpha_2=1, H=43, IP=(1, 19, 1)
  bits=29400: comp_both=2, alpha_2=2, H=41, IP=(1, 16, 2)
  bits=29401: comp_both=1, alpha_2=1, H=43, IP=(1, 19, 1)
  bits=29402: comp_both=2, alpha_2=2, H=41, IP=(1, 16, 2)
  bits=29404: comp_both=2, alpha_2=2, H=41, IP=(1, 16, 2)
  bits=29413: comp_both=1, alpha_2=1, H=43, IP=(1, 19, 1)
  bits=29417: comp_both=1, alpha_2=1, H=45, IP=(1, 20, 1)
  bits=29421: comp_both=1, alpha_2=1, H=43, IP=(1, 19, 1)
  bits=29425: comp_both=1, alpha_2=1, H=43, IP=(1, 19, 1)
  bits=29429: comp_both=1, alpha_2=1, H=45, IP=(1, 20, 1)
  bits=29433: comp_both=1, alpha_2=1, H=43, IP=(1, 19, 1)
  bits=29452: comp_both=1, alpha_2=1, H=43, IP=(1, 19, 1)
  bits=29454: comp_both=1, alpha_2=1, H=43, IP=(1, 19, 1)
  bits=29484: comp_both=2, alpha_2=2, H=41, IP=(1, 16, 2)
  bits=29485: comp_both=2, alpha_2=2, H=41, IP=(1, 16, 2)
  bits=29513: comp_both=1, alpha_2=1, H=45, IP=(1, 20, 1)
  bits=29514: comp_both=1, alpha_2=1, H=43, IP=(1, 19, 1)
  bits=29515: comp_both=1, alpha_2=1, H=43, IP=(1, 19, 1)
  bits=29516: comp_both=1, alpha_2=1, H=43, IP=(1, 19, 1)
  bits=29517: comp_both=1, alpha_2=1, H=43, IP=(1, 19, 1)
  bits=29518: comp_both=1, alpha_2=1, H=45, IP=(1, 20, 1)
  bits=29545: comp_both=1, alpha_2=1, H=43, IP=(1, 19, 1)
  bits=29549: comp_both=1, alpha_2=1, H=43, IP=(1, 19, 1)
  bits=29573: comp_both=4, alpha_2=4, H=45, IP=(1, 14, 4)
  bits=29574: comp_both=2, alpha_2=2, H=41, IP=(1, 16, 2)
  bits=29575: comp_both=4, alpha_2=4, H=45, IP=(1, 14, 4)
  bits=29580: comp_both=1, alpha_2=1, H=43, IP=(1, 19, 1)
  bits=29581: comp_both=2, alpha_2=2, H=41, IP=(1, 16, 2)
  bits=29582: comp_both=1, alpha_2=1, H=43, IP=(1, 19, 1)
  bits=29605: comp_both=2, alpha_2=2, H=41, IP=(1, 16, 2)
  bits=29613: comp_both=2, alpha_2=2, H=41, IP=(1, 16, 2)
  bits=29635: comp_both=2, alpha_2=2, H=41, IP=(1, 16, 2)
  bits=29637: comp_both=4, alpha_2=4, H=45, IP=(1, 14, 4)
  bits=29639: comp_both=4, alpha_2=4, H=45, IP=(1, 14, 4)
  bits=29641: comp_both=1, alpha_2=1, H=43, IP=(1, 19, 1)
  bits=29643: comp_both=1, alpha_2=1, H=43, IP=(1, 19, 1)
  bits=29645: comp_both=2, alpha_2=2, H=41, IP=(1, 16, 2)
  bits=29766: comp_both=1, alpha_2=1, H=43, IP=(1, 19, 1)
  bits=29772: comp_both=1, alpha_2=1, H=43, IP=(1, 19, 1)
  bits=29774: comp_both=1, alpha_2=1, H=43, IP=(1, 19, 1)
  bits=29780: comp_both=1, alpha_2=1, H=43, IP=(1, 19, 1)
  bits=29782: comp_both=1, alpha_2=1, H=43, IP=(1, 19, 1)
  bits=29788: comp_both=1, alpha_2=1, H=43, IP=(1, 19, 1)
  bits=29797: comp_both=1, alpha_2=1, H=43, IP=(1, 19, 1)
  bits=29804: comp_both=1, alpha_2=1, H=43, IP=(1, 19, 1)
  bits=29805: comp_both=1, alpha_2=1, H=45, IP=(1, 20, 1)
  bits=29812: comp_both=1, alpha_2=1, H=45, IP=(1, 20, 1)
  bits=29813: comp_both=1, alpha_2=1, H=43, IP=(1, 19, 1)
  bits=29820: comp_both=1, alpha_2=1, H=43, IP=(1, 19, 1)
  bits=29893: comp_both=1, alpha_2=1, H=43, IP=(1, 19, 1)
  bits=29894: comp_both=1, alpha_2=1, H=45, IP=(1, 20, 1)
  bits=29895: comp_both=1, alpha_2=1, H=43, IP=(1, 19, 1)
  bits=29908: comp_both=1, alpha_2=1, H=43, IP=(1, 19, 1)
  bits=29909: comp_both=1, alpha_2=1, H=45, IP=(1, 20, 1)
  bits=29910: comp_both=1, alpha_2=1, H=43, IP=(1, 19, 1)
  bits=29925: comp_both=1, alpha_2=1, H=43, IP=(1, 19, 1)
  bits=29941: comp_both=1, alpha_2=1, H=43, IP=(1, 19, 1)
  bits=30021: comp_both=1, alpha_2=1, H=43, IP=(1, 19, 1)
  bits=30022: comp_both=1, alpha_2=1, H=43, IP=(1, 19, 1)
  bits=30023: comp_both=1, alpha_2=1, H=45, IP=(1, 20, 1)
  bits=30028: comp_both=1, alpha_2=1, H=45, IP=(1, 20, 1)
  bits=30029: comp_both=1, alpha_2=1, H=43, IP=(1, 19, 1)
  bits=30030: comp_both=1, alpha_2=1, H=43, IP=(1, 19, 1)
  bits=30053: comp_both=1, alpha_2=1, H=43, IP=(1, 19, 1)
  bits=30061: comp_both=1, alpha_2=1, H=43, IP=(1, 19, 1)
  bits=30149: comp_both=1, alpha_2=1, H=43, IP=(1, 19, 1)
  bits=30151: comp_both=1, alpha_2=1, H=43, IP=(1, 19, 1)
  bits=30246: comp_both=2, alpha_2=2, H=41, IP=(1, 16, 2)
  bits=30252: comp_both=4, alpha_2=4, H=45, IP=(1, 14, 4)
  bits=30254: comp_both=4, alpha_2=4, H=45, IP=(1, 14, 4)
  bits=30260: comp_both=1, alpha_2=1, H=43, IP=(1, 19, 1)
  bits=30262: comp_both=1, alpha_2=1, H=43, IP=(1, 19, 1)
  bits=30268: comp_both=2, alpha_2=2, H=41, IP=(1, 16, 2)
  bits=30278: comp_both=1, alpha_2=1, H=43, IP=(1, 19, 1)
  bits=30282: comp_both=1, alpha_2=1, H=45, IP=(1, 20, 1)
  bits=30286: comp_both=1, alpha_2=1, H=43, IP=(1, 19, 1)
  bits=30290: comp_both=1, alpha_2=1, H=43, IP=(1, 19, 1)
  bits=30294: comp_both=1, alpha_2=1, H=45, IP=(1, 20, 1)
  bits=30298: comp_both=1, alpha_2=1, H=43, IP=(1, 19, 1)
  bits=30307: comp_both=2, alpha_2=2, H=41, IP=(1, 16, 2)
  bits=30309: comp_both=1, alpha_2=1, H=43, IP=(1, 19, 1)
  bits=30310: comp_both=2, alpha_2=2, H=41, IP=(1, 16, 2)
  bits=30311: comp_both=2, alpha_2=2, H=41, IP=(1, 16, 2)
  bits=30313: comp_both=1, alpha_2=1, H=43, IP=(1, 19, 1)
  bits=30314: comp_both=1, alpha_2=1, H=43, IP=(1, 19, 1)
  bits=30315: comp_both=1, alpha_2=1, H=43, IP=(1, 19, 1)
  bits=30316: comp_both=2, alpha_2=2, H=41, IP=(1, 16, 2)
  bits=30317: comp_both=1, alpha_2=1, H=43, IP=(1, 19, 1)
  bits=30318: comp_both=2, alpha_2=2, H=41, IP=(1, 16, 2)
  bits=30321: comp_both=2, alpha_2=2, H=41, IP=(1, 16, 2)
  bits=30322: comp_both=1, alpha_2=1, H=43, IP=(1, 19, 1)
  bits=30323: comp_both=2, alpha_2=2, H=41, IP=(1, 16, 2)
  bits=30324: comp_both=1, alpha_2=1, H=43, IP=(1, 19, 1)
  bits=30325: comp_both=1, alpha_2=1, H=43, IP=(1, 19, 1)
  bits=30326: comp_both=1, alpha_2=1, H=43, IP=(1, 19, 1)
  bits=30328: comp_both=2, alpha_2=2, H=41, IP=(1, 16, 2)
  bits=30329: comp_both=2, alpha_2=2, H=41, IP=(1, 16, 2)
  bits=30330: comp_both=1, alpha_2=1, H=43, IP=(1, 19, 1)
  bits=30332: comp_both=2, alpha_2=2, H=41, IP=(1, 16, 2)
  bits=30342: comp_both=1, alpha_2=1, H=43, IP=(1, 19, 1)
  bits=30358: comp_both=1, alpha_2=1, H=43, IP=(1, 19, 1)
  bits=30373: comp_both=1, alpha_2=1, H=45, IP=(1, 20, 1)
  bits=30374: comp_both=1, alpha_2=1, H=43, IP=(1, 19, 1)
  bits=30375: comp_both=1, alpha_2=1, H=43, IP=(1, 19, 1)
  bits=30388: comp_both=1, alpha_2=1, H=43, IP=(1, 19, 1)
  bits=30389: comp_both=1, alpha_2=1, H=43, IP=(1, 19, 1)
  bits=30390: comp_both=1, alpha_2=1, H=45, IP=(1, 20, 1)
  bits=30403: comp_both=4, alpha_2=4, H=45, IP=(1, 14, 4)
  bits=30406: comp_both=1, alpha_2=1, H=43, IP=(1, 19, 1)
  bits=30407: comp_both=2, alpha_2=2, H=41, IP=(1, 16, 2)
  bits=30418: comp_both=2, alpha_2=2, H=41, IP=(1, 16, 2)
  bits=30419: comp_both=4, alpha_2=4, H=45, IP=(1, 14, 4)
  bits=30422: comp_both=1, alpha_2=1, H=43, IP=(1, 19, 1)
  bits=30435: comp_both=4, alpha_2=4, H=45, IP=(1, 14, 4)
  bits=30437: comp_both=1, alpha_2=1, H=43, IP=(1, 19, 1)
  bits=30439: comp_both=2, alpha_2=2, H=41, IP=(1, 16, 2)
  bits=30449: comp_both=2, alpha_2=2, H=41, IP=(1, 16, 2)
  bits=30451: comp_both=4, alpha_2=4, H=45, IP=(1, 14, 4)
  bits=30453: comp_both=1, alpha_2=1, H=43, IP=(1, 19, 1)
  bits=30470: comp_both=2, alpha_2=2, H=41, IP=(1, 16, 2)
  bits=30478: comp_both=2, alpha_2=2, H=41, IP=(1, 16, 2)
  bits=30501: comp_both=1, alpha_2=1, H=43, IP=(1, 19, 1)
  bits=30502: comp_both=2, alpha_2=2, H=41, IP=(1, 16, 2)
  bits=30503: comp_both=1, alpha_2=1, H=43, IP=(1, 19, 1)
  bits=30508: comp_both=4, alpha_2=4, H=45, IP=(1, 14, 4)
  bits=30509: comp_both=2, alpha_2=2, H=41, IP=(1, 16, 2)
  bits=30510: comp_both=4, alpha_2=4, H=45, IP=(1, 14, 4)
  bits=30531: comp_both=1, alpha_2=1, H=43, IP=(1, 19, 1)
  bits=30534: comp_both=1, alpha_2=1, H=43, IP=(1, 19, 1)
  bits=30535: comp_both=1, alpha_2=1, H=43, IP=(1, 19, 1)
  bits=30538: comp_both=1, alpha_2=1, H=43, IP=(1, 19, 1)
  bits=30539: comp_both=1, alpha_2=1, H=43, IP=(1, 19, 1)
  bits=30542: comp_both=1, alpha_2=1, H=43, IP=(1, 19, 1)
  bits=30563: comp_both=1, alpha_2=1, H=43, IP=(1, 19, 1)
  bits=30565: comp_both=1, alpha_2=1, H=45, IP=(1, 20, 1)
  bits=30567: comp_both=1, alpha_2=1, H=43, IP=(1, 19, 1)
  bits=30569: comp_both=1, alpha_2=1, H=43, IP=(1, 19, 1)
  bits=30571: comp_both=1, alpha_2=1, H=45, IP=(1, 20, 1)
  bits=30573: comp_both=1, alpha_2=1, H=43, IP=(1, 19, 1)
  bits=30598: comp_both=2, alpha_2=2, H=41, IP=(1, 16, 2)
  bits=30599: comp_both=2, alpha_2=2, H=41, IP=(1, 16, 2)
  bits=30629: comp_both=1, alpha_2=1, H=43, IP=(1, 19, 1)
  bits=30631: comp_both=1, alpha_2=1, H=43, IP=(1, 19, 1)
  bits=30659: comp_both=2, alpha_2=2, H=41, IP=(1, 16, 2)
  bits=30663: comp_both=2, alpha_2=2, H=41, IP=(1, 16, 2)
  bits=30796: comp_both=2, alpha_2=2, H=41, IP=(1, 16, 2)
  bits=30798: comp_both=2, alpha_2=2, H=41, IP=(1, 16, 2)
  bits=30828: comp_both=1, alpha_2=1, H=43, IP=(1, 19, 1)
  bits=30829: comp_both=1, alpha_2=1, H=43, IP=(1, 19, 1)
  bits=30917: comp_both=2, alpha_2=2, H=41, IP=(1, 16, 2)
  bits=30918: comp_both=1, alpha_2=1, H=43, IP=(1, 19, 1)
  bits=30919: comp_both=1, alpha_2=1, H=43, IP=(1, 19, 1)
  bits=30924: comp_both=4, alpha_2=4, H=45, IP=(1, 14, 4)
  bits=30925: comp_both=4, alpha_2=4, H=45, IP=(1, 14, 4)
  bits=30926: comp_both=2, alpha_2=2, H=41, IP=(1, 16, 2)
  bits=30949: comp_both=2, alpha_2=2, H=41, IP=(1, 16, 2)
  bits=30957: comp_both=2, alpha_2=2, H=41, IP=(1, 16, 2)
  bits=31276: comp_both=1, alpha_2=1, H=43, IP=(1, 19, 1)
  bits=31278: comp_both=1, alpha_2=1, H=43, IP=(1, 19, 1)
  bits=31306: comp_both=1, alpha_2=1, H=43, IP=(1, 19, 1)
  bits=31310: comp_both=1, alpha_2=1, H=43, IP=(1, 19, 1)
  bits=31337: comp_both=1, alpha_2=1, H=43, IP=(1, 19, 1)
  bits=31338: comp_both=1, alpha_2=1, H=45, IP=(1, 20, 1)
  bits=31339: comp_both=1, alpha_2=1, H=43, IP=(1, 19, 1)
  bits=31340: comp_both=1, alpha_2=1, H=43, IP=(1, 19, 1)
  bits=31341: comp_both=1, alpha_2=1, H=45, IP=(1, 20, 1)
  bits=31342: comp_both=1, alpha_2=1, H=43, IP=(1, 19, 1)
  bits=31366: comp_both=1, alpha_2=1, H=43, IP=(1, 19, 1)
  bits=31374: comp_both=1, alpha_2=1, H=43, IP=(1, 19, 1)
  bits=31397: comp_both=1, alpha_2=1, H=43, IP=(1, 19, 1)
  bits=31398: comp_both=1, alpha_2=1, H=43, IP=(1, 19, 1)
  bits=31399: comp_both=1, alpha_2=1, H=45, IP=(1, 20, 1)
  bits=31404: comp_both=1, alpha_2=1, H=45, IP=(1, 20, 1)
  bits=31405: comp_both=1, alpha_2=1, H=43, IP=(1, 19, 1)
  bits=31406: comp_both=1, alpha_2=1, H=43, IP=(1, 19, 1)
  bits=31427: comp_both=1, alpha_2=1, H=43, IP=(1, 19, 1)
  bits=31430: comp_both=1, alpha_2=1, H=45, IP=(1, 20, 1)
  bits=31431: comp_both=1, alpha_2=1, H=43, IP=(1, 19, 1)
  bits=31434: comp_both=1, alpha_2=1, H=43, IP=(1, 19, 1)
  bits=31435: comp_both=1, alpha_2=1, H=45, IP=(1, 20, 1)
  bits=31438: comp_both=1, alpha_2=1, H=43, IP=(1, 19, 1)
  bits=31459: comp_both=1, alpha_2=1, H=43, IP=(1, 19, 1)
  bits=31461: comp_both=1, alpha_2=1, H=43, IP=(1, 19, 1)
  bits=31463: comp_both=1, alpha_2=1, H=43, IP=(1, 19, 1)
  bits=31465: comp_both=1, alpha_2=1, H=43, IP=(1, 19, 1)
  bits=31467: comp_both=1, alpha_2=1, H=43, IP=(1, 19, 1)
  bits=31469: comp_both=1, alpha_2=1, H=43, IP=(1, 19, 1)
  bits=31814: comp_both=2, alpha_2=2, H=41, IP=(1, 16, 2)
  bits=31822: comp_both=2, alpha_2=2, H=41, IP=(1, 16, 2)
  bits=31845: comp_both=2, alpha_2=2, H=41, IP=(1, 16, 2)
  bits=31846: comp_both=4, alpha_2=4, H=45, IP=(1, 14, 4)
  bits=31847: comp_both=4, alpha_2=4, H=45, IP=(1, 14, 4)
  bits=31852: comp_both=1, alpha_2=1, H=43, IP=(1, 19, 1)
  bits=31853: comp_both=1, alpha_2=1, H=43, IP=(1, 19, 1)
  bits=31854: comp_both=2, alpha_2=2, H=41, IP=(1, 16, 2)
  bits=31942: comp_both=1, alpha_2=1, H=43, IP=(1, 19, 1)
  bits=31943: comp_both=1, alpha_2=1, H=43, IP=(1, 19, 1)
  bits=31973: comp_both=2, alpha_2=2, H=41, IP=(1, 16, 2)
  bits=31975: comp_both=2, alpha_2=2, H=41, IP=(1, 16, 2)
  bits=32294: comp_both=2, alpha_2=2, H=41, IP=(1, 16, 2)
  bits=32302: comp_both=2, alpha_2=2, H=41, IP=(1, 16, 2)
  bits=32355: comp_both=2, alpha_2=2, H=41, IP=(1, 16, 2)
  bits=32358: comp_both=4, alpha_2=4, H=45, IP=(1, 14, 4)
  bits=32359: comp_both=4, alpha_2=4, H=45, IP=(1, 14, 4)
  bits=32362: comp_both=1, alpha_2=1, H=43, IP=(1, 19, 1)
  bits=32363: comp_both=1, alpha_2=1, H=43, IP=(1, 19, 1)
  bits=32366: comp_both=2, alpha_2=2, H=41, IP=(1, 16, 2)
  bits=32422: comp_both=1, alpha_2=1, H=43, IP=(1, 19, 1)
  bits=32423: comp_both=1, alpha_2=1, H=43, IP=(1, 19, 1)
  bits=32483: comp_both=2, alpha_2=2, H=41, IP=(1, 16, 2)
  bits=32487: comp_both=2, alpha_2=2, H=41, IP=(1, 16, 2)

  Sample of (comp_both, alpha_2, H) tuples:
  H=41: comp_both=2, alpha_2=2
  H=41: comp_both=2, alpha_2=2
  H=41: comp_both=2, alpha_2=2
  H=43: comp_both=1, alpha_2=1
  H=43: comp_both=1, alpha_2=1
  H=43: comp_both=1, alpha_2=1
  H=45: comp_both=4, alpha_2=4
  H=45: comp_both=4, alpha_2=4
  H=45: comp_both=4, alpha_2=4

  ===== EXPLICIT ANALYSIS OF H=45 TOURNAMENTS =====

  bits=408, H=45:
    Directed cycles by length: {3: 8, 5: 6}
    Total directed cycles: 14
    Vertex-disjoint cycle pairs: 4
      {0, 2, 4} (3-cycle) + {1, 3, 5} (3-cycle)
      {0, 2, 5} (3-cycle) + {1, 3, 4} (3-cycle)
      {0, 3, 4} (3-cycle) + {1, 2, 5} (3-cycle)
      {0, 3, 5} (3-cycle) + {1, 2, 4} (3-cycle)

  bits=344, H=43:
    Directed cycles by length: {3: 8, 5: 11}
    Total: 19, disjoint pairs: 1

  bits=280, H=41:
    Directed cycles by length: {3: 8, 5: 8}
    Total: 16, disjoint pairs: 2
