FINITE-EXACT: exact maximum E over full seven-state word profiles, not physical realizability.
GLOBAL [1,21553171200,210,[64,60,46,36,29,44,17],159]
GLOBAL [2,5388292800,270,[72,58,64,51,66,45,8],58]
GLOBAL [3,26941464000,192,[66,45,64,24,58,51,20],107]
GLOBAL [4,10776585600,239,[72,58,46,51,32,48,27],206]
GLOBAL [5,32329756800,197,[90,48,33,46,34,32,3],108]
GLOBAL [6,16164878400,224,[90,48,58,51,44,23,6],113]
CONDITIONED [16704,[6,12],133,[6,12,58,64,36,9,1],11]
BOUNDARY [16704,4,3,308,[12,16],188,172,[12,16,72,58,64,9,9]]
PROFILE_SHA256 935f3f687b6d7c89cc099e536f536238fd753bcc4c1747906d213cef387ca93f
BASELINE_SET_SHA256 a25d83f0eeb630bb82e84cdfac4e3cf7312f892f6c426d6affd5239a064e4b58
MAXIMUM [1,6,[1,1,1,1,1,1,1],8]
MAXIMUM [2,10,[2,2,2,2,2,1,1],8]
MAXIMUM [3,12,[3,3,3,3,1,1,1],8]
MAXIMUM [4,16,[4,4,4,4,2,1,1],8]
MAXIMUM [5,10,[5,5,1,1,1,1,1],8]
MAXIMUM [6,20,[6,6,6,3,2,2,1],10]
MAXIMUM [7,0,[1,1,1,1,1,1,1],8]
MAXIMUM [8,26,[8,8,8,4,1,1,2],10]
MAXIMUM [9,27,[9,9,9,3,1,1,1],8]
MAXIMUM [10,20,[10,10,1,1,1,1,1],11]
MAXIMUM [11,12,[11,1,1,1,1,1,1],8]
MAXIMUM [12,31,[12,12,6,4,4,3,1],12]
MAXIMUM [13,1,[1,1,1,1,1,1,1],8]
MAXIMUM [14,0,[1,1,1,1,1,1,1],8]
MAXIMUM [15,30,[15,15,1,1,1,1,1],8]
MAXIMUM [16,38,[16,16,8,2,2,1,1],15]
MAXIMUM [17,18,[17,1,1,1,1,1,1],8]
MAXIMUM [18,44,[18,18,9,6,2,2,1],14]
MAXIMUM [19,2,[1,1,1,1,1,1,1],8]
MAXIMUM [20,28,[20,10,2,2,2,1,1],17]
MAXIMUM [21,0,[1,1,1,1,1,1,1],8]
MAXIMUM [22,24,[22,1,1,1,1,1,1],9]
MAXIMUM [23,24,[23,1,1,1,1,1,1],8]
MAXIMUM [24,52,[24,24,8,3,3,2,2],13]
MAXIMUM [25,25,[25,5,1,1,1,1,1],8]
MAXIMUM [26,2,[1,1,1,1,1,1,1],8]
MAXIMUM [27,36,[27,9,9,3,1,1,1],10]
MAXIMUM [28,0,[1,1,1,1,1,1,1],8]
MAXIMUM [29,30,[29,1,1,1,1,1,1],8]
MAXIMUM [30,60,[30,30,2,2,2,3,3],11]
MAXIMUM [31,4,[1,1,1,1,1,1,1],8]
MAXIMUM [32,48,[32,16,4,4,2,1,1],13]
MAXIMUM [33,33,[33,3,3,3,1,1,1],9]
MAXIMUM [34,34,[34,2,2,2,2,1,1],9]
MAXIMUM [35,0,[1,1,1,1,1,1,1],8]
MAXIMUM [36,61,[36,18,12,9,4,4,1],14]
MAXIMUM [37,5,[1,1,1,1,1,1,1],8]
MAXIMUM [38,4,[1,1,1,1,1,1,1],8]
MAXIMUM [39,3,[1,1,1,1,1,1,1],8]
MAXIMUM [40,44,[40,5,4,4,1,1,1],15]
MAXIMUM [41,1,[1,1,1,1,1,1,1],8]
MAXIMUM [42,0,[1,1,1,1,1,1,1],8]
MAXIMUM [43,6,[1,1,1,1,1,1,1],8]
MAXIMUM [44,46,[44,2,2,2,2,1,1],18]
MAXIMUM [45,51,[45,5,3,3,3,1,1],16]
MAXIMUM [46,46,[46,2,2,2,2,1,1],9]
MAXIMUM [47,2,[1,1,1,1,1,1,1],8]
MAXIMUM [48,74,[48,24,16,3,3,2,2],16]
MAXIMUM [49,0,[1,1,1,1,1,1,1],8]
MAXIMUM [50,50,[50,5,1,1,1,1,1],9]
MAXIMUM [51,51,[51,3,3,3,1,1,1],9]
MAXIMUM [52,4,[1,1,1,1,1,1,1],8]
MAXIMUM [53,3,[1,1,1,1,1,1,1],8]
MAXIMUM [54,63,[54,18,6,9,1,1,1],15]
MAXIMUM [55,8,[11,5,5,1,1,1,1],10]
MAXIMUM [56,0,[1,1,1,1,1,1,1],8]
MAXIMUM [57,6,[1,1,1,1,1,1,1],8]
MAXIMUM [58,58,[58,2,2,2,2,1,1],9]
MAXIMUM [59,4,[1,1,1,1,1,1,1],8]
MAXIMUM [60,84,[60,30,4,4,4,3,3],11]
MAXIMUM [61,2,[1,1,1,1,1,1,1],8]
MAXIMUM [62,6,[2,2,2,2,2,1,1],8]
MAXIMUM [63,0,[1,1,1,1,1,1,1],8]
MAXIMUM [64,74,[64,8,8,4,1,1,2],16]
MAXIMUM [65,5,[1,1,1,1,1,1,1],8]
MAXIMUM [66,66,[66,3,3,3,1,1,1],13]
MAXIMUM [67,3,[1,1,1,1,1,1,1],8]
MAXIMUM [68,34,[34,4,4,4,4,1,1],9]
MAXIMUM [69,22,[23,3,3,3,3,1,1],8]
MAXIMUM [70,0,[1,1,1,1,1,1,1],8]
MAXIMUM [71,6,[1,1,1,1,1,1,1],8]
MAXIMUM [72,100,[72,24,9,9,8,2,2],16]
MAXIMUM [73,4,[1,1,1,1,1,1,1],8]
MAXIMUM [74,8,[2,2,2,2,2,1,1],8]
MAXIMUM [75,24,[25,5,3,3,3,3,1],17]
MAXIMUM [76,6,[2,2,2,2,2,1,1],22]
MAXIMUM [77,0,[1,1,1,1,1,1,1],8]
MAXIMUM [78,6,[1,1,1,1,1,1,1],8]
MAXIMUM [79,5,[1,1,1,1,1,1,1],8]
MAXIMUM [80,36,[40,8,1,1,2,4,4],30]
MAXIMUM [81,30,[27,9,9,1,1,1,3],11]
MAXIMUM [82,2,[1,1,1,1,1,1,1],8]
MAXIMUM [83,1,[1,1,1,1,1,1,1],8]
MAXIMUM [84,0,[1,1,1,1,1,1,1],8]
MAXIMUM [85,14,[17,5,5,1,1,1,1],10]
MAXIMUM [86,10,[2,2,2,2,2,1,1],8]
MAXIMUM [87,28,[29,3,3,3,3,1,1],8]
MAXIMUM [88,88,[88,4,4,4,2,1,1],9]
MAXIMUM [89,2,[1,1,1,1,1,1,1],8]
MAXIMUM [90,92,[90,6,6,3,2,2,1],13]
MAXIMUM [91,0,[1,1,1,1,1,1,1],8]
MAXIMUM [92,46,[46,4,4,4,4,1,1],9]
MAXIMUM [93,9,[3,3,3,3,1,1,1],8]
MAXIMUM [94,4,[1,1,1,1,1,1,1],8]
MAXIMUM [95,5,[5,5,1,1,1,1,1],8]
MAXIMUM [96,71,[48,32,12,6,4,3,1],28]
MAXIMUM [97,1,[1,1,1,1,1,1,1],8]
MAXIMUM [98,0,[1,1,1,1,1,1,1],8]
MAXIMUM [99,33,[33,9,9,9,1,1,1],9]
MAXIMUM [100,40,[50,1,1,1,1,1,5],11]
MAXIMUM [101,4,[1,1,1,1,1,1,1],8]
MAXIMUM [102,50,[51,6,6,6,2,2,1],9]
MAXIMUM [103,2,[1,1,1,1,1,1,1],8]
MAXIMUM [104,6,[2,2,2,2,2,1,1],50]
MAXIMUM [105,0,[1,1,1,1,1,1,1],8]
MAXIMUM [106,6,[1,1,1,1,1,1,1],8]
MAXIMUM [107,5,[1,1,1,1,1,1,1],8]
MAXIMUM [108,72,[54,36,12,9,1,1,1],14]
MAXIMUM [109,3,[1,1,1,1,1,1,1],8]
MAXIMUM [110,16,[11,5,5,1,1,1,1],22]
MAXIMUM [111,9,[3,3,3,3,1,1,1],8]
MAXIMUM [112,0,[1,1,1,1,1,1,1],8]
MAXIMUM [113,6,[1,1,1,1,1,1,1],8]
MAXIMUM [114,12,[2,2,2,2,2,3,3],8]
MAXIMUM [115,16,[23,5,5,1,1,1,1],10]
MAXIMUM [116,56,[58,4,4,4,4,1,1],9]
MAXIMUM [117,6,[3,3,3,3,1,1,1],17]
MAXIMUM [118,6,[2,2,2,2,2,1,1],8]
MAXIMUM [119,0,[1,1,1,1,1,1,1],8]
MAXIMUM [120,78,[60,30,8,8,8,3,3],24]
MAXIMUM [121,9,[11,1,1,1,1,1,1],8]
MAXIMUM [122,4,[1,1,1,1,1,1,1],8]
MAXIMUM [123,3,[1,1,1,1,1,1,1],8]
MAXIMUM [124,10,[4,4,4,4,1,1,2],8]
MAXIMUM [125,10,[25,5,1,1,1,1,1],10]
MAXIMUM [126,0,[1,1,1,1,1,1,1],8]
MAXIMUM [127,6,[1,1,1,1,1,1,1],8]
MAXIMUM [128,70,[64,16,8,2,4,1,1],15]
MAXIMUM [129,12,[3,3,3,3,1,1,1],8]
MAXIMUM [130,10,[2,2,2,2,2,5,5],8]
MAXIMUM [131,2,[1,1,1,1,1,1,1],8]
MAXIMUM [132,60,[66,6,3,3,2,2,2],13]
MAXIMUM [133,0,[1,1,1,1,1,1,1],8]
MAXIMUM [134,6,[1,1,1,1,1,1,1],8]
MAXIMUM [135,39,[45,9,3,3,1,1,1],29]
MAXIMUM [136,30,[17,8,8,8,1,1,1],15]
MAXIMUM [137,3,[1,1,1,1,1,1,1],8]
MAXIMUM [138,41,[46,6,6,6,3,1,2],8]
MAXIMUM [139,1,[1,1,1,1,1,1,1],8]
MAXIMUM [140,0,[1,1,1,1,1,1,1],8]
MAXIMUM [141,6,[1,1,1,1,1,1,1],8]
MAXIMUM [142,10,[2,2,2,2,2,1,1],8]
MAXIMUM [143,5,[11,1,1,1,1,1,1],8]
MAXIMUM [144,106,[72,48,16,9,9,2,2],25]
MAXIMUM [145,18,[29,5,5,1,1,1,1],10]
MAXIMUM [146,6,[2,2,2,2,2,1,1],8]
MAXIMUM [147,0,[1,1,1,1,1,1,1],8]
MAXIMUM [148,14,[4,4,4,4,1,1,2],8]
MAXIMUM [149,5,[1,1,1,1,1,1,1],8]
MAXIMUM [150,46,[50,15,3,3,3,1,1],18]
MAXIMUM [151,3,[1,1,1,1,1,1,1],8]
MAXIMUM [152,10,[4,4,4,4,1,1,2],17]
MAXIMUM [153,45,[51,9,9,9,1,1,1],10]
MAXIMUM [154,0,[1,1,1,1,1,1,1],8]
MAXIMUM [155,10,[5,5,1,1,1,1,1],8]
MAXIMUM [156,12,[2,2,2,2,2,3,3],8]
MAXIMUM [157,4,[1,1,1,1,1,1,1],8]
MAXIMUM [158,8,[2,2,2,2,2,1,1],8]
MAXIMUM [159,6,[3,3,3,3,1,1,1],8]
MAXIMUM [160,44,[20,16,16,10,2,1,1],36]
MAXIMUM [161,0,[1,1,1,1,1,1,1],8]
MAXIMUM [162,51,[54,18,9,1,1,1,6],11]
MAXIMUM [163,5,[1,1,1,1,1,1,1],8]
MAXIMUM [164,4,[1,1,1,1,1,1,1],8]
MAXIMUM [165,24,[11,15,15,1,1,1,1],13]
MAXIMUM [166,2,[1,1,1,1,1,1,1],8]
MAXIMUM [167,1,[1,1,1,1,1,1,1],8]
MAXIMUM [168,0,[1,1,1,1,1,1,1],8]
MAXIMUM [169,6,[1,1,1,1,1,1,1],8]
MAXIMUM [170,27,[17,10,10,2,2,2,1],15]
MAXIMUM [171,12,[3,3,3,3,1,1,1],17]
MAXIMUM [172,16,[4,4,4,4,2,1,1],8]
MAXIMUM [173,2,[1,1,1,1,1,1,1],8]
MAXIMUM [174,52,[58,6,6,6,3,2,1],8]
MAXIMUM [175,0,[1,1,1,1,1,1,1],8]
MAXIMUM [176,74,[88,4,4,4,1,1,2],10]
MAXIMUM [177,9,[3,3,3,3,1,1,1],8]
MAXIMUM [178,4,[1,1,1,1,1,1,1],8]
MAXIMUM [179,3,[1,1,1,1,1,1,1],8]
MAXIMUM [180,91,[90,12,12,4,4,3,1],19]
MAXIMUM [181,1,[1,1,1,1,1,1,1],8]
MAXIMUM [182,0,[1,1,1,1,1,1,1],8]
MAXIMUM [183,6,[1,1,1,1,1,1,1],8]
MAXIMUM [184,41,[23,8,8,8,2,2,1],16]
MAXIMUM [185,10,[5,5,1,1,1,1,1],8]
MAXIMUM [186,14,[6,6,6,2,2,1,1],8]
MAXIMUM [187,15,[17,11,1,1,1,1,1],9]
MAXIMUM [188,6,[2,2,2,2,2,1,1],22]
MAXIMUM [189,0,[1,1,1,1,1,1,1],8]
MAXIMUM [190,10,[5,5,1,1,1,1,1],11]
MAXIMUM [191,5,[1,1,1,1,1,1,1],8]
MAXIMUM [192,84,[64,24,24,3,3,2,2],20]
MAXIMUM [193,3,[1,1,1,1,1,1,1],8]
MAXIMUM [194,2,[1,1,1,1,1,1,1],8]
MAXIMUM [195,13,[3,3,3,3,5,5,1],27]
MAXIMUM [196,0,[1,1,1,1,1,1,1],8]
MAXIMUM [197,6,[1,1,1,1,1,1,1],8]
MAXIMUM [198,66,[66,9,9,9,2,2,2],12]
MAXIMUM [199,4,[1,1,1,1,1,1,1],8]
MAXIMUM [200,45,[25,20,4,4,4,2,1],23]
MAXIMUM [201,6,[3,3,3,3,1,1,1],8]
MAXIMUM [202,6,[2,2,2,2,2,1,1],8]
MAXIMUM [203,0,[1,1,1,1,1,1,1],8]
MAXIMUM [204,43,[51,12,12,4,4,1,6],10]
MAXIMUM [205,5,[1,1,1,1,1,1,1],8]
MAXIMUM [206,4,[1,1,1,1,1,1,1],8]
MAXIMUM [207,37,[23,9,9,9,1,1,3],11]
MAXIMUM [208,10,[4,4,4,4,1,1,2],31]
MAXIMUM [209,4,[11,1,1,1,1,1,1],8]
MAXIMUM [210,0,[1,1,1,1,1,1,1],8]
MAXIMUM [211,6,[1,1,1,1,1,1,1],8]
MAXIMUM [212,10,[2,2,2,2,2,1,1],22]
MAXIMUM [213,12,[3,3,3,3,1,1,1],8]
MAXIMUM [214,8,[2,2,2,2,2,1,1],8]
MAXIMUM [215,10,[5,5,1,1,1,1,1],8]
MAXIMUM [216,90,[72,27,24,9,2,2,2],17]
MAXIMUM [217,0,[1,1,1,1,1,1,1],8]
MAXIMUM [218,6,[1,1,1,1,1,1,1],8]
MAXIMUM [219,9,[3,3,3,3,1,1,1],8]
MAXIMUM [220,32,[22,10,10,1,1,1,1],27]
MAXIMUM [221,5,[17,1,1,1,1,1,1],8]
MAXIMUM [222,15,[6,6,6,3,1,1,1],8]
MAXIMUM [223,1,[1,1,1,1,1,1,1],8]
MAXIMUM [224,0,[1,1,1,1,1,1,1],8]
MAXIMUM [225,44,[25,15,9,9,9,1,1],14]
MAXIMUM [226,10,[2,2,2,2,2,1,1],8]
MAXIMUM [227,4,[1,1,1,1,1,1,1],8]
MAXIMUM [228,18,[4,4,4,4,6,1,1],36]
MAXIMUM [229,2,[1,1,1,1,1,1,1],8]
MAXIMUM [230,31,[23,10,10,2,2,2,1],15]
MAXIMUM [231,0,[1,1,1,1,1,1,1],8]
MAXIMUM [232,50,[29,8,8,8,4,1,2],13]
MAXIMUM [233,5,[1,1,1,1,1,1,1],8]
MAXIMUM [234,12,[3,3,3,3,1,1,1],62]
MAXIMUM [235,5,[5,5,1,1,1,1,1],8]
MAXIMUM [236,10,[4,4,4,4,1,1,2],8]
MAXIMUM [237,9,[3,3,3,3,1,1,1],8]
MAXIMUM [238,0,[1,1,1,1,1,1,1],8]
MAXIMUM [239,6,[1,1,1,1,1,1,1],8]
MAXIMUM [240,88,[30,30,16,16,8,3,3],46]
MAXIMUM [241,4,[1,1,1,1,1,1,1],8]
MAXIMUM [242,17,[11,2,2,2,2,2,1],13]
MAXIMUM [243,24,[27,3,3,3,1,1,1],13]
MAXIMUM [244,6,[2,2,2,2,2,1,1],22]
MAXIMUM [245,0,[1,1,1,1,1,1,1],8]
MAXIMUM [246,6,[1,1,1,1,1,1,1],8]
MAXIMUM [247,5,[1,1,1,1,1,1,1],8]
MAXIMUM [248,16,[8,8,8,1,1,1,1],8]
MAXIMUM [249,3,[1,1,1,1,1,1,1],8]
MAXIMUM [250,20,[25,5,1,1,1,1,1],16]
MAXIMUM [251,1,[1,1,1,1,1,1,1],8]
MAXIMUM [252,0,[1,1,1,1,1,1,1],8]
MAXIMUM [253,22,[23,11,1,1,1,1,1],9]
MAXIMUM [254,10,[2,2,2,2,2,1,1],8]
MAXIMUM [255,38,[17,15,15,3,3,1,1],16]
MAXIMUM [256,48,[32,16,4,4,2,1,1],21]
MAXIMUM [257,2,[1,1,1,1,1,1,1],8]
MAXIMUM [258,20,[6,6,6,3,2,2,1],10]
MAXIMUM [259,0,[1,1,1,1,1,1,1],8]
MAXIMUM [260,18,[4,4,4,4,5,5,2],42]
MAXIMUM [261,47,[29,9,9,9,3,1,1],11]
MAXIMUM [262,4,[1,1,1,1,1,1,1],8]
MAXIMUM [263,3,[1,1,1,1,1,1,1],8]
MAXIMUM [264,79,[88,12,12,6,4,3,1],19]
MAXIMUM [265,5,[5,5,1,1,1,1,1],8]
MAXIMUM [266,0,[1,1,1,1,1,1,1],8]
MAXIMUM [267,6,[1,1,1,1,1,1,1],8]
MAXIMUM [268,10,[2,2,2,2,2,1,1],22]
MAXIMUM [269,4,[1,1,1,1,1,1,1],8]
MAXIMUM [270,72,[30,18,18,27,2,2,5],39]
MAXIMUM [271,2,[1,1,1,1,1,1,1],8]
MAXIMUM [272,50,[34,16,16,2,2,1,1],19]
MAXIMUM [273,0,[1,1,1,1,1,1,1],8]
MAXIMUM [274,6,[1,1,1,1,1,1,1],8]
MAXIMUM [275,19,[25,11,1,1,1,1,5],9]
MAXIMUM [276,30,[12,12,23,3,3,1,1],19]
MAXIMUM [277,3,[1,1,1,1,1,1,1],8]
MAXIMUM [278,2,[1,1,1,1,1,1,1],8]
MAXIMUM [279,18,[9,9,9,3,1,1,1],10]
MAXIMUM [280,0,[1,1,1,1,1,1,1],8]
MAXIMUM [281,6,[1,1,1,1,1,1,1],8]
MAXIMUM [282,12,[2,2,2,2,2,3,3],8]
MAXIMUM [283,4,[1,1,1,1,1,1,1],8]
MAXIMUM [284,16,[4,4,4,4,2,1,1],8]
MAXIMUM [285,14,[5,5,3,3,3,3,1],16]
MAXIMUM [286,9,[11,2,2,2,2,2,1],13]
MAXIMUM [287,0,[1,1,1,1,1,1,1],8]
MAXIMUM [288,85,[36,32,18,8,8,9,3],60]
MAXIMUM [289,14,[17,1,1,1,1,1,1],8]
MAXIMUM [290,36,[29,10,10,1,1,1,1],19]
MAXIMUM [291,3,[1,1,1,1,1,1,1],8]
MAXIMUM [292,10,[4,4,4,4,1,1,2],8]
MAXIMUM [293,1,[1,1,1,1,1,1,1],8]
MAXIMUM [294,0,[1,1,1,1,1,1,1],8]
MAXIMUM [295,10,[5,5,1,1,1,1,1],8]
MAXIMUM [296,22,[8,8,8,2,2,1,1],10]
MAXIMUM [297,42,[33,27,3,3,1,1,1],12]
MAXIMUM [298,8,[2,2,2,2,2,1,1],8]
MAXIMUM [299,5,[23,1,1,1,1,1,1],8]
MAXIMUM [300,48,[20,30,6,6,3,2,1],57]
MAXIMUM [301,0,[1,1,1,1,1,1,1],8]
MAXIMUM [302,6,[1,1,1,1,1,1,1],8]
MAXIMUM [303,9,[3,3,3,3,1,1,1],8]
MAXIMUM [304,16,[8,8,8,1,1,1,1],13]
MAXIMUM [305,5,[5,5,1,1,1,1,1],8]
MAXIMUM [306,51,[34,18,18,6,3,1,2],17]
MAXIMUM [307,1,[1,1,1,1,1,1,1],8]
MAXIMUM [308,0,[1,1,1,1,1,1,1],8]
MAXIMUM [309,6,[1,1,1,1,1,1,1],8]
MAXIMUM [310,18,[10,10,2,2,2,1,1],8]
MAXIMUM [311,4,[1,1,1,1,1,1,1],8]
MAXIMUM [312,18,[4,4,4,4,6,1,1],122]
MAXIMUM [313,2,[1,1,1,1,1,1,1],8]
MAXIMUM [314,6,[2,2,2,2,2,1,1],8]
MAXIMUM [315,0,[1,1,1,1,1,1,1],8]
MAXIMUM [316,14,[4,4,4,4,1,1,2],8]
MAXIMUM [317,5,[1,1,1,1,1,1,1],8]
MAXIMUM [318,12,[3,3,3,3,1,1,1],17]
MAXIMUM [319,24,[29,11,1,1,1,1,1],9]
MAXIMUM [320,58,[40,32,4,4,1,1,2],17]
MAXIMUM [321,9,[3,3,3,3,1,1,1],8]
MAXIMUM [322,0,[1,1,1,1,1,1,1],8]
MAXIMUM [323,10,[17,1,1,1,1,1,1],8]
MAXIMUM [324,48,[36,9,9,2,2,2,3],33]
MAXIMUM [325,10,[5,5,1,1,1,1,1],10]
MAXIMUM [326,8,[2,2,2,2,2,1,1],8]
MAXIMUM [327,6,[3,3,3,3,1,1,1],8]
MAXIMUM [328,6,[2,2,2,2,2,1,1],50]
MAXIMUM [329,0,[1,1,1,1,1,1,1],8]
MAXIMUM [330,48,[22,15,15,1,1,1,1],32]
MAXIMUM [331,5,[1,1,1,1,1,1,1],8]
MAXIMUM [332,4,[1,1,1,1,1,1,1],8]
MAXIMUM [333,21,[9,9,9,1,1,1,3],8]
MAXIMUM [334,2,[1,1,1,1,1,1,1],8]
MAXIMUM [335,5,[5,5,1,1,1,1,1],8]
MAXIMUM [336,0,[1,1,1,1,1,1,1],8]
MAXIMUM [337,6,[1,1,1,1,1,1,1],8]
MAXIMUM [338,10,[2,2,2,2,2,1,1],8]
MAXIMUM [339,12,[3,3,3,3,1,1,1],8]
MAXIMUM [340,43,[34,20,4,4,4,5,1],9]
MAXIMUM [341,8,[11,1,1,1,1,1,1],8]
MAXIMUM [342,24,[6,6,9,9,2,2,2],32]
MAXIMUM [343,0,[1,1,1,1,1,1,1],8]
MAXIMUM [344,26,[8,8,8,4,1,1,2],10]
MAXIMUM [345,46,[23,15,15,3,3,1,1],10]
MAXIMUM [346,4,[1,1,1,1,1,1,1],8]
MAXIMUM [347,3,[1,1,1,1,1,1,1],8]
MAXIMUM [348,39,[12,12,29,6,4,4,3],20]
MAXIMUM [349,1,[1,1,1,1,1,1,1],8]
MAXIMUM [350,0,[1,1,1,1,1,1,1],8]
MAXIMUM [351,15,[9,9,9,1,1,1,3],11]
MAXIMUM [352,74,[44,16,16,8,2,1,1],26]
MAXIMUM [353,4,[1,1,1,1,1,1,1],8]
MAXIMUM [354,14,[6,6,6,2,2,1,1],8]
MAXIMUM [355,10,[5,5,1,1,1,1,1],8]
MAXIMUM [356,6,[2,2,2,2,2,1,1],22]
MAXIMUM [357,0,[1,1,1,1,1,1,1],8]
MAXIMUM [358,6,[1,1,1,1,1,1,1],8]
MAXIMUM [359,5,[1,1,1,1,1,1,1],8]
MAXIMUM [360,96,[45,24,24,10,8,3,2],43]
MAXIMUM [361,3,[1,1,1,1,1,1,1],8]
MAXIMUM [362,2,[1,1,1,1,1,1,1],8]
MAXIMUM [363,21,[33,3,3,3,1,1,1],9]
MAXIMUM [364,0,[1,1,1,1,1,1,1],8]
MAXIMUM [365,10,[5,5,1,1,1,1,1],8]
MAXIMUM [366,12,[2,2,2,2,2,3,3],8]
MAXIMUM [367,4,[1,1,1,1,1,1,1],8]
MAXIMUM [368,70,[46,16,16,4,4,1,1],15]
MAXIMUM [369,6,[3,3,3,3,1,1,1],17]
MAXIMUM [370,18,[10,10,2,2,2,1,1],9]
MAXIMUM [371,0,[1,1,1,1,1,1,1],8]
MAXIMUM [372,22,[12,12,4,4,1,1,2],11]
MAXIMUM [373,5,[1,1,1,1,1,1,1],8]
MAXIMUM [374,30,[17,22,1,1,1,1,1],11]
MAXIMUM [375,30,[25,15,1,1,1,1,1],10]
MAXIMUM [376,10,[4,4,4,4,1,1,2],17]
MAXIMUM [377,5,[29,1,1,1,1,1,1],8]
MAXIMUM [378,0,[1,1,1,1,1,1,1],8]
MAXIMUM [379,6,[1,1,1,1,1,1,1],8]
MAXIMUM [380,18,[10,10,2,2,2,1,1],25]
MAXIMUM [381,12,[3,3,3,3,1,1,1],8]
MAXIMUM [382,8,[2,2,2,2,2,1,1],8]
MAXIMUM [383,2,[1,1,1,1,1,1,1],8]
MAXIMUM [384,74,[48,24,16,3,3,2,2],33]
MAXIMUM [385,0,[1,1,1,1,1,1,1],8]
MAXIMUM [386,6,[1,1,1,1,1,1,1],8]
MAXIMUM [387,27,[9,9,9,3,1,1,1],8]
MAXIMUM [388,4,[1,1,1,1,1,1,1],8]
MAXIMUM [389,3,[1,1,1,1,1,1,1],8]
MAXIMUM [390,23,[5,5,6,6,6,3,1],56]
MAXIMUM [391,26,[23,17,1,1,1,1,1],9]
MAXIMUM [392,0,[1,1,1,1,1,1,1],8]
MAXIMUM [393,6,[1,1,1,1,1,1,1],8]
MAXIMUM [394,10,[2,2,2,2,2,1,1],8]
MAXIMUM [395,10,[5,5,1,1,1,1,1],8]
MAXIMUM [396,76,[44,18,18,9,4,4,3],35]
MAXIMUM [397,2,[1,1,1,1,1,1,1],8]
MAXIMUM [398,6,[2,2,2,2,2,1,1],8]
MAXIMUM [399,0,[1,1,1,1,1,1,1],8]
MAXIMUM [400,50,[50,5,1,1,1,1,1],23]
MAXIMUM [401,5,[1,1,1,1,1,1,1],8]
MAXIMUM [402,12,[3,3,3,3,1,1,1],17]
MAXIMUM [403,3,[1,1,1,1,1,1,1],8]
MAXIMUM [404,10,[4,4,4,4,1,1,2],8]
MAXIMUM [405,60,[45,27,3,3,1,1,1],10]
MAXIMUM [406,0,[1,1,1,1,1,1,1],8]
MAXIMUM [407,13,[11,1,1,1,1,1,1],8]
MAXIMUM [408,82,[51,24,24,8,2,2,3],12]
MAXIMUM [409,4,[1,1,1,1,1,1,1],8]
MAXIMUM [410,10,[2,2,2,2,2,5,5],8]
MAXIMUM [411,6,[3,3,3,3,1,1,1],8]
MAXIMUM [412,6,[2,2,2,2,2,1,1],22]
MAXIMUM [413,0,[1,1,1,1,1,1,1],8]
MAXIMUM [414,65,[46,18,18,9,1,2,6],13]
MAXIMUM [415,5,[1,1,1,1,1,1,1],8]
MAXIMUM [416,16,[8,8,8,1,1,1,1],18]
MAXIMUM [417,3,[1,1,1,1,1,1,1],8]
MAXIMUM [418,8,[11,1,1,1,1,1,1],9]
MAXIMUM [419,1,[1,1,1,1,1,1,1],8]
MAXIMUM [420,0,[1,1,1,1,1,1,1],8]
MAXIMUM [421,6,[1,1,1,1,1,1,1],8]
MAXIMUM [422,10,[2,2,2,2,2,1,1],8]
MAXIMUM [423,12,[3,3,3,3,1,1,1],17]
MAXIMUM [424,16,[4,4,4,4,2,1,1],20]
MAXIMUM [425,27,[25,17,5,1,1,1,1],14]
MAXIMUM [426,20,[6,6,6,3,2,2,1],10]
MAXIMUM [427,0,[1,1,1,1,1,1,1],8]
MAXIMUM [428,14,[4,4,4,4,1,1,2],8]
MAXIMUM [429,13,[11,3,3,3,3,1,1],12]
MAXIMUM [430,20,[10,10,1,1,1,1,1],11]
MAXIMUM [431,3,[1,1,1,1,1,1,1],8]
MAXIMUM [432,97,[54,48,12,4,4,3,1],70]
MAXIMUM [433,1,[1,1,1,1,1,1,1],8]
MAXIMUM [434,0,[1,1,1,1,1,1,1],8]
MAXIMUM [435,54,[29,15,15,1,1,1,1],10]
MAXIMUM [436,10,[2,2,2,2,2,1,1],22]
MAXIMUM [437,10,[23,1,1,1,1,1,1],8]
MAXIMUM [438,14,[6,6,6,2,2,1,1],8]
MAXIMUM [439,2,[1,1,1,1,1,1,1],8]
MAXIMUM [440,52,[44,20,10,2,2,1,1],30]
MAXIMUM [441,0,[1,1,1,1,1,1,1],8]
MAXIMUM [442,10,[17,1,1,1,1,1,1],9]
MAXIMUM [443,5,[1,1,1,1,1,1,1],8]
MAXIMUM [444,24,[12,12,3,3,1,1,1],10]
MAXIMUM [445,5,[5,5,1,1,1,1,1],8]
MAXIMUM [446,2,[1,1,1,1,1,1,1],8]
MAXIMUM [447,9,[3,3,3,3,1,1,1],8]
MAXIMUM [448,0,[1,1,1,1,1,1,1],8]
MAXIMUM [449,6,[1,1,1,1,1,1,1],8]
MAXIMUM [450,72,[30,30,9,9,2,2,2],46]
MAXIMUM [451,5,[11,1,1,1,1,1,1],8]
MAXIMUM [452,16,[4,4,4,4,2,1,1],8]
MAXIMUM [453,6,[3,3,3,3,1,1,1],8]
MAXIMUM [454,6,[2,2,2,2,2,1,1],8]
MAXIMUM [455,0,[1,1,1,1,1,1,1],8]
MAXIMUM [456,30,[8,8,8,12,1,1,2],27]
MAXIMUM [457,5,[1,1,1,1,1,1,1],8]
MAXIMUM [458,4,[1,1,1,1,1,1,1],8]
MAXIMUM [459,66,[51,27,9,9,1,1,1],12]
MAXIMUM [460,52,[46,20,5,4,4,4,1],12]
MAXIMUM [461,1,[1,1,1,1,1,1,1],8]
MAXIMUM [462,0,[1,1,1,1,1,1,1],8]
MAXIMUM [463,6,[1,1,1,1,1,1,1],8]
MAXIMUM [464,86,[58,16,16,8,2,1,1],16]
MAXIMUM [465,24,[15,15,3,3,1,1,1],14]
MAXIMUM [466,8,[2,2,2,2,2,1,1],8]
MAXIMUM [467,2,[1,1,1,1,1,1,1],8]
MAXIMUM [468,24,[6,6,9,9,2,2,2],77]
MAXIMUM [469,0,[1,1,1,1,1,1,1],8]
MAXIMUM [470,10,[5,5,1,1,1,1,1],11]
MAXIMUM [471,9,[3,3,3,3,1,1,1],8]
MAXIMUM [472,16,[8,8,8,1,1,1,1],8]
MAXIMUM [473,12,[11,1,1,1,1,1,1],8]
MAXIMUM [474,15,[6,6,6,3,1,1,1],8]
MAXIMUM [475,10,[25,5,1,1,1,1,1],10]
MAXIMUM [476,0,[1,1,1,1,1,1,1],8]
MAXIMUM [477,15,[9,9,9,1,1,1,3],8]
MAXIMUM [478,10,[2,2,2,2,2,1,1],8]
MAXIMUM [479,4,[1,1,1,1,1,1,1],8]
MAXIMUM [480,116,[60,32,30,16,4,3,3],35]
MAXIMUM [481,2,[1,1,1,1,1,1,1],8]
MAXIMUM [482,6,[2,2,2,2,2,1,1],8]
MAXIMUM [483,0,[1,1,1,1,1,1,1],8]
MAXIMUM [484,32,[22,4,4,4,4,1,1],13]
MAXIMUM [485,5,[1,1,1,1,1,1,1],8]
MAXIMUM [486,48,[54,3,3,6,2,2,2],19]
MAXIMUM [487,3,[1,1,1,1,1,1,1],8]
MAXIMUM [488,10,[4,4,4,4,1,1,2],17]
MAXIMUM [489,9,[3,3,3,3,1,1,1],8]
MAXIMUM [490,0,[1,1,1,1,1,1,1],8]
MAXIMUM [491,6,[1,1,1,1,1,1,1],8]
MAXIMUM [492,12,[2,2,2,2,2,3,3],8]
MAXIMUM [493,34,[29,17,1,1,1,1,1],9]
MAXIMUM [494,8,[2,2,2,2,2,1,1],8]
MAXIMUM [495,55,[33,45,5,3,3,1,1],10]
MAXIMUM [496,22,[16,16,2,2,2,1,1],18]
MAXIMUM [497,0,[1,1,1,1,1,1,1],8]
MAXIMUM [498,6,[1,1,1,1,1,1,1],8]
MAXIMUM [499,5,[1,1,1,1,1,1,1],8]
MAXIMUM [500,35,[50,5,1,1,1,1,1],12]
MAXIMUM [501,3,[1,1,1,1,1,1,1],8]
MAXIMUM [502,2,[1,1,1,1,1,1,1],8]
MAXIMUM [503,1,[1,1,1,1,1,1,1],8]
MAXIMUM [504,0,[1,1,1,1,1,1,1],8]
MAXIMUM [505,10,[5,5,1,1,1,1,1],8]
MAXIMUM [506,43,[23,22,2,2,2,2,1],16]
MAXIMUM [507,12,[3,3,3,3,1,1,1],8]
MAXIMUM [508,16,[4,4,4,4,2,1,1],8]
MAXIMUM [509,2,[1,1,1,1,1,1,1],8]
MAXIMUM [510,70,[34,30,30,3,3,2,2],30]
MAXIMUM [511,0,[1,1,1,1,1,1,1],8]
MAXIMUM [512,74,[64,8,8,4,1,1,2],16]
MAXIMUM [513,27,[9,9,9,3,1,1,1],12]
MAXIMUM [514,4,[1,1,1,1,1,1,1],8]
MAXIMUM [515,5,[5,5,1,1,1,1,1],8]
MAXIMUM [516,31,[12,12,6,4,4,3,1],12]
MAXIMUM [517,4,[11,1,1,1,1,1,1],8]
MAXIMUM [518,0,[1,1,1,1,1,1,1],8]
MAXIMUM [519,6,[1,1,1,1,1,1,1],8]
MAXIMUM [520,30,[8,8,8,10,10,1,1],24]
MAXIMUM [521,4,[1,1,1,1,1,1,1],8]
MAXIMUM [522,84,[58,18,18,9,6,2,1],16]
MAXIMUM [523,2,[1,1,1,1,1,1,1],8]
MAXIMUM [524,6,[2,2,2,2,2,1,1],22]
MAXIMUM [525,0,[1,1,1,1,1,1,1],8]
MAXIMUM [526,6,[1,1,1,1,1,1,1],8]
MAXIMUM [527,14,[17,1,1,1,1,1,1],8]
MAXIMUM [528,92,[66,24,8,8,3,3,2],40]
MAXIMUM [529,19,[23,1,1,1,1,1,1],8]
MAXIMUM [530,10,[5,5,1,1,1,1,1],11]
MAXIMUM [531,18,[9,9,9,3,1,1,1],10]
MAXIMUM [532,0,[1,1,1,1,1,1,1],8]
MAXIMUM [533,6,[1,1,1,1,1,1,1],8]
MAXIMUM [534,12,[2,2,2,2,2,3,3],8]
MAXIMUM [535,10,[5,5,1,1,1,1,1],8]
MAXIMUM [536,16,[4,4,4,4,2,1,1],20]
MAXIMUM [537,6,[3,3,3,3,1,1,1],8]
MAXIMUM [538,6,[2,2,2,2,2,1,1],8]
MAXIMUM [539,0,[1,1,1,1,1,1,1],8]
MAXIMUM [540,115,[60,36,54,9,4,4,1],20]
MAXIMUM [541,5,[1,1,1,1,1,1,1],8]
MAXIMUM [542,4,[1,1,1,1,1,1,1],8]
MAXIMUM [543,3,[1,1,1,1,1,1,1],8]
MAXIMUM [544,50,[34,32,4,4,4,1,1],21]
MAXIMUM [545,5,[5,5,1,1,1,1,1],8]
MAXIMUM [546,0,[1,1,1,1,1,1,1],8]
MAXIMUM [547,6,[1,1,1,1,1,1,1],8]
MAXIMUM [548,10,[2,2,2,2,2,1,1],22]
MAXIMUM [549,12,[3,3,3,3,1,1,1],17]
MAXIMUM [550,38,[25,11,2,2,2,2,5],13]
MAXIMUM [551,10,[29,1,1,1,1,1,1],8]
MAXIMUM [552,54,[24,24,23,3,3,2,2],23]
MAXIMUM [553,0,[1,1,1,1,1,1,1],8]
MAXIMUM [554,6,[1,1,1,1,1,1,1],8]
MAXIMUM [555,27,[15,15,3,3,1,1,1],8]
MAXIMUM [556,4,[1,1,1,1,1,1,1],8]
MAXIMUM [557,3,[1,1,1,1,1,1,1],8]
MAXIMUM [558,27,[18,18,6,3,1,2,2],14]
MAXIMUM [559,1,[1,1,1,1,1,1,1],8]
MAXIMUM [560,0,[1,1,1,1,1,1,1],8]
MAXIMUM [561,45,[51,33,1,1,1,3,3],12]
MAXIMUM [562,10,[2,2,2,2,2,1,1],8]
MAXIMUM [563,4,[1,1,1,1,1,1,1],8]
MAXIMUM [564,18,[4,4,4,4,6,1,1],36]
MAXIMUM [565,10,[5,5,1,1,1,1,1],8]
MAXIMUM [566,6,[2,2,2,2,2,1,1],8]
MAXIMUM [567,0,[1,1,1,1,1,1,1],8]
MAXIMUM [568,26,[8,8,8,4,1,1,2],10]
MAXIMUM [569,5,[1,1,1,1,1,1,1],8]
MAXIMUM [570,28,[10,10,3,3,3,3,1],56]
MAXIMUM [571,3,[1,1,1,1,1,1,1],8]
MAXIMUM [572,16,[11,4,4,4,4,1,2],17]
MAXIMUM [573,9,[3,3,3,3,1,1,1],8]
MAXIMUM [574,0,[1,1,1,1,1,1,1],8]
MAXIMUM [575,34,[25,23,5,1,1,1,1],10]
MAXIMUM [576,140,[72,64,16,9,9,2,12],33]
MAXIMUM [577,4,[1,1,1,1,1,1,1],8]
MAXIMUM [578,26,[34,2,2,2,2,1,1],8]
MAXIMUM [579,6,[3,3,3,3,1,1,1],8]
MAXIMUM [580,60,[58,20,10,2,2,1,1],15]
MAXIMUM [581,0,[1,1,1,1,1,1,1],8]
MAXIMUM [582,6,[1,1,1,1,1,1,1],8]
MAXIMUM [583,9,[11,1,1,1,1,1,1],8]
MAXIMUM [584,16,[8,8,8,1,1,1,1],8]
MAXIMUM [585,28,[9,9,9,15,5,1,1],16]
MAXIMUM [586,2,[1,1,1,1,1,1,1],8]
MAXIMUM [587,1,[1,1,1,1,1,1,1],8]
MAXIMUM [588,0,[1,1,1,1,1,1,1],8]
MAXIMUM [589,6,[1,1,1,1,1,1,1],8]
MAXIMUM [590,18,[10,10,2,2,2,1,1],8]
MAXIMUM [591,12,[3,3,3,3,1,1,1],8]
MAXIMUM [592,32,[16,16,4,4,2,1,1],11]
MAXIMUM [593,2,[1,1,1,1,1,1,1],8]
MAXIMUM [594,84,[66,27,6,9,2,2,2],19]
MAXIMUM [595,0,[1,1,1,1,1,1,1],8]
MAXIMUM [596,14,[4,4,4,4,1,1,2],8]
MAXIMUM [597,9,[3,3,3,3,1,1,1],8]
MAXIMUM [598,10,[23,1,1,1,1,1,1],9]
MAXIMUM [599,3,[1,1,1,1,1,1,1],8]
MAXIMUM [600,72,[40,25,12,12,3,3,1],32]
MAXIMUM [601,1,[1,1,1,1,1,1,1],8]
MAXIMUM [602,0,[1,1,1,1,1,1,1],8]
MAXIMUM [603,15,[9,9,9,1,1,1,3],8]
MAXIMUM [604,10,[2,2,2,2,2,1,1],22]
MAXIMUM [605,11,[5,5,11,1,1,1,1],9]
MAXIMUM [606,14,[6,6,6,2,2,1,1],8]
MAXIMUM [607,2,[1,1,1,1,1,1,1],8]
MAXIMUM [608,22,[16,16,2,2,2,1,1],33]
MAXIMUM [609,0,[1,1,1,1,1,1,1],8]
MAXIMUM [610,10,[5,5,1,1,1,1,1],11]
MAXIMUM [611,5,[1,1,1,1,1,1,1],8]
MAXIMUM [612,50,[36,17,12,3,3,1,1],48]
MAXIMUM [613,3,[1,1,1,1,1,1,1],8]
MAXIMUM [614,2,[1,1,1,1,1,1,1],8]
MAXIMUM [615,13,[3,3,3,3,5,5,1],27]
MAXIMUM [616,0,[1,1,1,1,1,1,1],8]
MAXIMUM [617,6,[1,1,1,1,1,1,1],8]
MAXIMUM [618,12,[2,2,2,2,2,3,3],8]
MAXIMUM [619,4,[1,1,1,1,1,1,1],8]
MAXIMUM [620,25,[20,4,4,4,2,5,1],10]
MAXIMUM [621,27,[27,23,3,3,3,1,1],13]
MAXIMUM [622,6,[2,2,2,2,2,1,1],8]
MAXIMUM [623,0,[1,1,1,1,1,1,1],8]
MAXIMUM [624,30,[8,8,8,12,1,1,2],71]
MAXIMUM [625,15,[25,1,1,1,1,1,5],8]
MAXIMUM [626,4,[1,1,1,1,1,1,1],8]
MAXIMUM [627,12,[11,1,1,1,1,1,1],9]
MAXIMUM [628,10,[4,4,4,4,1,1,2],8]
MAXIMUM [629,13,[17,1,1,1,1,1,1],8]
MAXIMUM [630,0,[1,1,1,1,1,1,1],8]
MAXIMUM [631,6,[1,1,1,1,1,1,1],8]
MAXIMUM [632,22,[8,8,8,2,2,1,1],10]
MAXIMUM [633,12,[3,3,3,3,1,1,1],8]
MAXIMUM [634,8,[2,2,2,2,2,1,1],8]
MAXIMUM [635,10,[5,5,1,1,1,1,1],8]
MAXIMUM [636,20,[6,6,6,3,2,2,1],34]
MAXIMUM [637,0,[1,1,1,1,1,1,1],8]
MAXIMUM [638,48,[29,22,1,1,1,1,1],14]
MAXIMUM [639,27,[9,9,9,3,1,1,1],8]
MAXIMUM [640,68,[64,40,1,1,2,4,4],19]
MAXIMUM [641,3,[1,1,1,1,1,1,1],8]
MAXIMUM [642,15,[6,6,6,3,1,1,1],8]
MAXIMUM [643,1,[1,1,1,1,1,1,1],8]
MAXIMUM [644,0,[1,1,1,1,1,1,1],8]
MAXIMUM [645,30,[15,15,1,1,1,1,1],8]
MAXIMUM [646,19,[17,2,2,2,2,2,1],13]
MAXIMUM [647,4,[1,1,1,1,1,1,1],8]
MAXIMUM [648,93,[72,18,27,4,4,6,1],37]
MAXIMUM [649,8,[11,1,1,1,1,1,1],8]
MAXIMUM [650,19,[10,25,2,2,2,2,1],19]
MAXIMUM [651,0,[1,1,1,1,1,1,1],8]
MAXIMUM [652,14,[4,4,4,4,1,1,2],8]
MAXIMUM [653,5,[1,1,1,1,1,1,1],8]
MAXIMUM [654,12,[3,3,3,3,1,1,1],17]
MAXIMUM [655,5,[5,5,1,1,1,1,1],8]
MAXIMUM [656,10,[4,4,4,4,1,1,2],31]
MAXIMUM [657,18,[9,9,9,3,1,1,1],10]
MAXIMUM [658,0,[1,1,1,1,1,1,1],8]
MAXIMUM [659,6,[1,1,1,1,1,1,1],8]
MAXIMUM [660,96,[44,30,30,2,2,3,3],28]
MAXIMUM [661,4,[1,1,1,1,1,1,1],8]
MAXIMUM [662,8,[2,2,2,2,2,1,1],8]
MAXIMUM [663,13,[17,3,3,3,3,1,1],12]
MAXIMUM [664,6,[2,2,2,2,2,1,1],50]
MAXIMUM [665,0,[1,1,1,1,1,1,1],8]
MAXIMUM [666,33,[18,18,9,1,1,1,3],10]
MAXIMUM [667,44,[29,23,1,1,1,1,1],9]
MAXIMUM [668,4,[1,1,1,1,1,1,1],8]
MAXIMUM [669,3,[1,1,1,1,1,1,1],8]
MAXIMUM [670,10,[5,5,1,1,1,1,1],11]
MAXIMUM [671,4,[11,1,1,1,1,1,1],8]
MAXIMUM [672,0,[1,1,1,1,1,1,1],8]
MAXIMUM [673,6,[1,1,1,1,1,1,1],8]
MAXIMUM [674,10,[2,2,2,2,2,1,1],8]
MAXIMUM [675,57,[45,27,3,3,1,1,1],15]
MAXIMUM [676,16,[4,4,4,4,2,1,1],8]
MAXIMUM [677,2,[1,1,1,1,1,1,1],8]
MAXIMUM [678,20,[6,6,6,3,2,2,1],10]
MAXIMUM [679,0,[1,1,1,1,1,1,1],8]
MAXIMUM [680,42,[40,8,17,4,4,1,2],18]
MAXIMUM [681,9,[3,3,3,3,1,1,1],8]
MAXIMUM [682,16,[22,1,1,1,1,1,1],8]
MAXIMUM [683,3,[1,1,1,1,1,1,1],8]
MAXIMUM [684,37,[12,12,18,4,4,3,1],30]
MAXIMUM [685,5,[5,5,1,1,1,1,1],8]
MAXIMUM [686,0,[1,1,1,1,1,1,1],8]
MAXIMUM [687,6,[1,1,1,1,1,1,1],8]
MAXIMUM [688,38,[16,16,8,2,2,1,1],15]
MAXIMUM [689,4,[1,1,1,1,1,1,1],8]
MAXIMUM [690,86,[46,30,30,2,2,3,3],13]
MAXIMUM [691,2,[1,1,1,1,1,1,1],8]
MAXIMUM [692,6,[2,2,2,2,2,1,1],22]
MAXIMUM [693,0,[1,1,1,1,1,1,1],8]
MAXIMUM [694,6,[1,1,1,1,1,1,1],8]
MAXIMUM [695,5,[1,1,1,1,1,1,1],8]
MAXIMUM [696,68,[24,24,58,8,3,3,2],20]
MAXIMUM [697,5,[17,1,1,1,1,1,1],8]
MAXIMUM [698,2,[1,1,1,1,1,1,1],8]
MAXIMUM [699,9,[3,3,3,3,1,1,1],8]
MAXIMUM [700,0,[1,1,1,1,1,1,1],8]
MAXIMUM [701,6,[1,1,1,1,1,1,1],8]
MAXIMUM [702,30,[9,9,9,2,2,2,3],23]
MAXIMUM [703,4,[1,1,1,1,1,1,1],8]
MAXIMUM [704,88,[88,4,4,4,2,1,1],19]
MAXIMUM [705,14,[5,5,3,3,3,3,1],16]
MAXIMUM [706,6,[2,2,2,2,2,1,1],8]
MAXIMUM [707,0,[1,1,1,1,1,1,1],8]
MAXIMUM [708,22,[12,12,4,4,1,1,2],11]
MAXIMUM [709,5,[1,1,1,1,1,1,1],8]
MAXIMUM [710,20,[10,10,1,1,1,1,1],11]
MAXIMUM [711,21,[9,9,9,1,1,1,3],8]
MAXIMUM [712,10,[4,4,4,4,1,1,2],17]
MAXIMUM [713,14,[23,1,1,1,1,1,1],8]
MAXIMUM [714,0,[1,1,1,1,1,1,1],8]
MAXIMUM [715,17,[11,5,5,1,1,1,1],10]
MAXIMUM [716,10,[2,2,2,2,2,1,1],22]
MAXIMUM [717,12,[3,3,3,3,1,1,1],8]
MAXIMUM [718,8,[2,2,2,2,2,1,1],8]
MAXIMUM [719,2,[1,1,1,1,1,1,1],8]
MAXIMUM [720,136,[90,48,16,6,3,2,1],43]
MAXIMUM [721,0,[1,1,1,1,1,1,1],8]
MAXIMUM [722,6,[1,1,1,1,1,1,1],8]
MAXIMUM [723,9,[3,3,3,3,1,1,1],8]
MAXIMUM [724,4,[1,1,1,1,1,1,1],8]
MAXIMUM [725,37,[25,29,5,1,1,1,1],9]
MAXIMUM [726,42,[33,6,6,6,1,1,1],12]
MAXIMUM [727,1,[1,1,1,1,1,1,1],8]
MAXIMUM [728,0,[1,1,1,1,1,1,1],8]
MAXIMUM [729,15,[9,9,9,1,1,1,3],11]
MAXIMUM [730,18,[10,10,2,2,2,1,1],8]
MAXIMUM [731,18,[17,1,1,1,1,1,1],8]
MAXIMUM [732,18,[4,4,4,4,6,1,1],36]
MAXIMUM [733,2,[1,1,1,1,1,1,1],8]
MAXIMUM [734,6,[2,2,2,2,2,1,1],8]
MAXIMUM [735,0,[1,1,1,1,1,1,1],8]
MAXIMUM [736,74,[46,32,8,8,4,1,1],13]
MAXIMUM [737,9,[11,1,1,1,1,1,1],8]
MAXIMUM [738,12,[3,3,3,3,1,1,1],62]
MAXIMUM [739,3,[1,1,1,1,1,1,1],8]
MAXIMUM [740,26,[20,5,4,4,4,1,2],20]
MAXIMUM [741,9,[3,3,3,3,1,1,1],8]
MAXIMUM [742,0,[1,1,1,1,1,1,1],8]
MAXIMUM [743,6,[1,1,1,1,1,1,1],8]
MAXIMUM [744,40,[24,24,8,2,2,3,3],10]
MAXIMUM [745,10,[5,5,1,1,1,1,1],8]
MAXIMUM [746,8,[2,2,2,2,2,1,1],8]
MAXIMUM [747,6,[3,3,3,3,1,1,1],17]
MAXIMUM [748,58,[34,44,2,2,2,1,1],17]
MAXIMUM [749,0,[1,1,1,1,1,1,1],8]
MAXIMUM [750,60,[50,15,1,1,1,1,1],16]
MAXIMUM [751,5,[1,1,1,1,1,1,1],8]
MAXIMUM [752,16,[8,8,8,1,1,1,1],13]
MAXIMUM [753,3,[1,1,1,1,1,1,1],8]
MAXIMUM [754,10,[29,1,1,1,1,1,1],9]
MAXIMUM [755,5,[5,5,1,1,1,1,1],8]
MAXIMUM [756,0,[1,1,1,1,1,1,1],8]
MAXIMUM [757,6,[1,1,1,1,1,1,1],8]
MAXIMUM [758,10,[2,2,2,2,2,1,1],8]
MAXIMUM [759,39,[33,23,3,3,3,1,1],9]
MAXIMUM [760,25,[20,4,4,4,2,5,1],37]
MAXIMUM [761,2,[1,1,1,1,1,1,1],8]
MAXIMUM [762,20,[6,6,6,3,2,2,1],10]
MAXIMUM [763,0,[1,1,1,1,1,1,1],8]
MAXIMUM [764,14,[4,4,4,4,1,1,2],8]
MAXIMUM [765,81,[51,45,9,3,1,1,1],18]
MAXIMUM [766,4,[1,1,1,1,1,1,1],8]
MAXIMUM [767,3,[1,1,1,1,1,1,1],8]
MAXIMUM [768,71,[48,32,12,6,4,3,1],45]
MAXIMUM [769,1,[1,1,1,1,1,1,1],8]
MAXIMUM [770,0,[1,1,1,1,1,1,1],8]
MAXIMUM [771,6,[1,1,1,1,1,1,1],8]
MAXIMUM [772,10,[2,2,2,2,2,1,1],22]
MAXIMUM [773,4,[1,1,1,1,1,1,1],8]
MAXIMUM [774,44,[18,18,9,6,2,2,1],14]
MAXIMUM [775,20,[25,5,1,1,1,1,1],10]
MAXIMUM [776,6,[2,2,2,2,2,1,1],50]
MAXIMUM [777,0,[1,1,1,1,1,1,1],8]
MAXIMUM [778,6,[1,1,1,1,1,1,1],8]
MAXIMUM [779,5,[1,1,1,1,1,1,1],8]
MAXIMUM [780,40,[10,10,12,12,3,3,1],58]
MAXIMUM [781,12,[11,1,1,1,1,1,1],8]
MAXIMUM [782,52,[46,34,1,1,2,2,2],10]
MAXIMUM [783,40,[27,9,9,29,3,1,1],13]
MAXIMUM [784,0,[1,1,1,1,1,1,1],8]
MAXIMUM [785,10,[5,5,1,1,1,1,1],8]
MAXIMUM [786,12,[2,2,2,2,2,3,3],8]
MAXIMUM [787,4,[1,1,1,1,1,1,1],8]
MAXIMUM [788,16,[4,4,4,4,2,1,1],8]
MAXIMUM [789,6,[3,3,3,3,1,1,1],8]
MAXIMUM [790,18,[10,10,2,2,2,1,1],9]
MAXIMUM [791,0,[1,1,1,1,1,1,1],8]
MAXIMUM [792,121,[88,36,18,12,9,4,1],26]
MAXIMUM [793,5,[1,1,1,1,1,1,1],8]
MAXIMUM [794,4,[1,1,1,1,1,1,1],8]
MAXIMUM [795,15,[15,15,1,1,1,1,1],8]
MAXIMUM [796,10,[4,4,4,4,1,1,2],8]
MAXIMUM [797,1,[1,1,1,1,1,1,1],8]
MAXIMUM [798,0,[1,1,1,1,1,1,1],8]
MAXIMUM [799,10,[17,1,1,1,1,1,1],8]
MAXIMUM [800,52,[16,16,25,8,10,2,1],68]
MAXIMUM [801,12,[3,3,3,3,1,1,1],17]
MAXIMUM [802,8,[2,2,2,2,2,1,1],8]
MAXIMUM [803,8,[11,1,1,1,1,1,1],8]
MAXIMUM [804,20,[6,6,6,3,2,2,1],34]
MAXIMUM [805,0,[1,1,1,1,1,1,1],8]
MAXIMUM [806,6,[1,1,1,1,1,1,1],8]
MAXIMUM [807,9,[3,3,3,3,1,1,1],8]
MAXIMUM [808,16,[8,8,8,1,1,1,1],8]
MAXIMUM [809,3,[1,1,1,1,1,1,1],8]
MAXIMUM [810,75,[90,6,6,3,1,2,2],32]
MAXIMUM [811,1,[1,1,1,1,1,1,1],8]
MAXIMUM [812,0,[1,1,1,1,1,1,1],8]
MAXIMUM [813,6,[1,1,1,1,1,1,1],8]
MAXIMUM [814,24,[22,2,2,2,2,1,1],9]
MAXIMUM [815,10,[5,5,1,1,1,1,1],8]
MAXIMUM [816,86,[51,48,16,4,4,6,3],33]
MAXIMUM [817,2,[1,1,1,1,1,1,1],8]
MAXIMUM [818,6,[2,2,2,2,2,1,1],8]
MAXIMUM [819,0,[1,1,1,1,1,1,1],8]
MAXIMUM [820,18,[4,4,4,4,5,5,2],42]
MAXIMUM [821,5,[1,1,1,1,1,1,1],8]
MAXIMUM [822,12,[3,3,3,3,1,1,1],17]
MAXIMUM [823,3,[1,1,1,1,1,1,1],8]
MAXIMUM [824,10,[4,4,4,4,1,1,2],17]
MAXIMUM [825,30,[33,25,3,3,3,5,1],15]
MAXIMUM [826,0,[1,1,1,1,1,1,1],8]
MAXIMUM [827,6,[1,1,1,1,1,1,1],8]
MAXIMUM [828,66,[36,23,9,9,2,2,3],21]
MAXIMUM [829,4,[1,1,1,1,1,1,1],8]
MAXIMUM [830,10,[2,2,2,2,2,5,5],8]
MAXIMUM [831,6,[3,3,3,3,1,1,1],8]
MAXIMUM [832,22,[16,16,2,2,2,1,1],44]
MAXIMUM [833,0,[1,1,1,1,1,1,1],8]
MAXIMUM [834,6,[1,1,1,1,1,1,1],8]
MAXIMUM [835,5,[1,1,1,1,1,1,1],8]
MAXIMUM [836,16,[22,1,1,1,1,1,1],9]
MAXIMUM [837,30,[27,9,9,1,1,1,3],11]
MAXIMUM [838,2,[1,1,1,1,1,1,1],8]
MAXIMUM [839,1,[1,1,1,1,1,1,1],8]
MAXIMUM [840,0,[1,1,1,1,1,1,1],8]
MAXIMUM [841,30,[29,1,1,1,1,1,1],8]
MAXIMUM [842,10,[2,2,2,2,2,1,1],8]
MAXIMUM [843,12,[3,3,3,3,1,1,1],8]
MAXIMUM [844,16,[4,4,4,4,2,1,1],8]
MAXIMUM [845,10,[5,5,1,1,1,1,1],8]
MAXIMUM [846,24,[6,6,9,9,2,2,2],32]
MAXIMUM [847,0,[1,1,1,1,1,1,1],8]
MAXIMUM [848,26,[8,8,8,4,1,1,2],21]
MAXIMUM [849,9,[3,3,3,3,1,1,1],8]
MAXIMUM [850,49,[50,17,5,1,1,1,1],17]
MAXIMUM [851,19,[23,1,1,1,1,1,1],8]
MAXIMUM [852,31,[12,12,6,4,4,3,1],12]
MAXIMUM [853,1,[1,1,1,1,1,1,1],8]
MAXIMUM [854,0,[1,1,1,1,1,1,1],8]
MAXIMUM [855,36,[15,15,9,9,1,1,1],9]
MAXIMUM [856,22,[8,8,8,2,2,1,1],10]
MAXIMUM [857,4,[1,1,1,1,1,1,1],8]
MAXIMUM [858,23,[11,6,6,6,2,2,1],24]
MAXIMUM [859,2,[1,1,1,1,1,1,1],8]
MAXIMUM [860,28,[20,10,2,2,2,1,1],17]
MAXIMUM [861,0,[1,1,1,1,1,1,1],8]
MAXIMUM [862,6,[1,1,1,1,1,1,1],8]
MAXIMUM [863,5,[1,1,1,1,1,1,1],8]
MAXIMUM [864,92,[54,24,36,8,8,9,1],51]
MAXIMUM [865,5,[5,5,1,1,1,1,1],8]
MAXIMUM [866,2,[1,1,1,1,1,1,1],8]
MAXIMUM [867,36,[51,3,3,3,1,1,1],9]
MAXIMUM [868,0,[1,1,1,1,1,1,1],8]
MAXIMUM [869,13,[11,1,1,1,1,1,1],8]
MAXIMUM [870,108,[58,30,30,2,2,3,3],15]
MAXIMUM [871,4,[1,1,1,1,1,1,1],8]
MAXIMUM [872,16,[4,4,4,4,2,1,1],20]
MAXIMUM [873,6,[3,3,3,3,1,1,1],17]
MAXIMUM [874,19,[23,2,2,2,2,2,1],13]
MAXIMUM [875,0,[1,1,1,1,1,1,1],8]
MAXIMUM [876,22,[12,12,4,4,1,1,2],11]
MAXIMUM [877,5,[1,1,1,1,1,1,1],8]
MAXIMUM [878,4,[1,1,1,1,1,1,1],8]
MAXIMUM [879,3,[1,1,1,1,1,1,1],8]
MAXIMUM [880,74,[88,20,5,4,4,1,2],19]
MAXIMUM [881,1,[1,1,1,1,1,1,1],8]
MAXIMUM [882,0,[1,1,1,1,1,1,1],8]
MAXIMUM [883,6,[1,1,1,1,1,1,1],8]
MAXIMUM [884,19,[17,2,2,2,2,2,1],37]
MAXIMUM [885,24,[15,15,3,3,1,1,1],14]
MAXIMUM [886,8,[2,2,2,2,2,1,1],8]
MAXIMUM [887,2,[1,1,1,1,1,1,1],8]
MAXIMUM [888,42,[24,24,3,3,2,2,2],12]
MAXIMUM [889,0,[1,1,1,1,1,1,1],8]
MAXIMUM [890,10,[5,5,1,1,1,1,1],11]
MAXIMUM [891,31,[9,9,9,11,3,1,1],25]
MAXIMUM [892,4,[1,1,1,1,1,1,1],8]
MAXIMUM [893,3,[1,1,1,1,1,1,1],8]
MAXIMUM [894,15,[6,6,6,3,1,1,1],8]
MAXIMUM [895,5,[5,5,1,1,1,1,1],8]
MAXIMUM [896,0,[1,1,1,1,1,1,1],8]
MAXIMUM [897,15,[23,1,1,1,1,1,1],8]
MAXIMUM [898,10,[2,2,2,2,2,1,1],8]
MAXIMUM [899,20,[29,1,1,1,1,1,1],8]
MAXIMUM [900,96,[60,30,9,9,4,4,4],47]
MAXIMUM [901,9,[17,1,1,1,1,1,1],8]
MAXIMUM [902,9,[11,2,2,2,2,2,1],13]
MAXIMUM [903,0,[1,1,1,1,1,1,1],8]
MAXIMUM [904,26,[8,8,8,4,1,1,2],10]
MAXIMUM [905,5,[1,1,1,1,1,1,1],8]
MAXIMUM [906,12,[3,3,3,3,1,1,1],17]
MAXIMUM [907,3,[1,1,1,1,1,1,1],8]
MAXIMUM [908,10,[4,4,4,4,1,1,2],8]
MAXIMUM [909,18,[9,9,9,3,1,1,1],10]
MAXIMUM [910,0,[1,1,1,1,1,1,1],8]
MAXIMUM [911,6,[1,1,1,1,1,1,1],8]
MAXIMUM [912,48,[16,16,24,2,2,3,3],21]
MAXIMUM [913,5,[11,1,1,1,1,1,1],8]
MAXIMUM [914,8,[2,2,2,2,2,1,1],8]
MAXIMUM [915,14,[5,5,3,3,3,3,1],16]
MAXIMUM [916,6,[2,2,2,2,2,1,1],22]
MAXIMUM [917,0,[1,1,1,1,1,1,1],8]
MAXIMUM [918,57,[54,51,1,1,2,6,6],23]
MAXIMUM [919,5,[1,1,1,1,1,1,1],8]
MAXIMUM [920,42,[40,23,8,1,2,4,4],27]
MAXIMUM [921,3,[1,1,1,1,1,1,1],8]
MAXIMUM [922,2,[1,1,1,1,1,1,1],8]
MAXIMUM [923,1,[1,1,1,1,1,1,1],8]
MAXIMUM [924,0,[1,1,1,1,1,1,1],8]
MAXIMUM [925,25,[25,5,1,1,1,1,1],8]
MAXIMUM [926,10,[2,2,2,2,2,1,1],8]
MAXIMUM [927,12,[3,3,3,3,1,1,1],17]
MAXIMUM [928,88,[58,32,16,4,4,1,1],16]
MAXIMUM [929,2,[1,1,1,1,1,1,1],8]
MAXIMUM [930,42,[30,30,3,3,2,2,2],15]
MAXIMUM [931,0,[1,1,1,1,1,1,1],8]
MAXIMUM [932,14,[4,4,4,4,1,1,2],8]
MAXIMUM [933,9,[3,3,3,3,1,1,1],8]
MAXIMUM [934,4,[1,1,1,1,1,1,1],8]
MAXIMUM [935,16,[11,17,5,5,1,1,1],11]
MAXIMUM [936,37,[12,12,18,4,4,3,1],104]
MAXIMUM [937,1,[1,1,1,1,1,1,1],8]
MAXIMUM [938,0,[1,1,1,1,1,1,1],8]
MAXIMUM [939,6,[1,1,1,1,1,1,1],8]
MAXIMUM [940,18,[10,10,2,2,2,1,1],25]
MAXIMUM [941,4,[1,1,1,1,1,1,1],8]
MAXIMUM [942,14,[6,6,6,2,2,1,1],8]
MAXIMUM [943,5,[23,1,1,1,1,1,1],8]
MAXIMUM [944,22,[16,16,2,2,2,1,1],18]
MAXIMUM [945,0,[1,1,1,1,1,1,1],8]
MAXIMUM [946,24,[22,1,1,1,1,1,1],9]
MAXIMUM [947,5,[1,1,1,1,1,1,1],8]
MAXIMUM [948,24,[12,12,3,3,1,1,1],10]
MAXIMUM [949,3,[1,1,1,1,1,1,1],8]
MAXIMUM [950,20,[25,5,1,1,1,1,1],16]
MAXIMUM [951,9,[3,3,3,3,1,1,1],8]
MAXIMUM [952,0,[1,1,1,1,1,1,1],8]
MAXIMUM [953,6,[1,1,1,1,1,1,1],8]
MAXIMUM [954,30,[9,9,9,2,2,2,3],13]
MAXIMUM [955,10,[5,5,1,1,1,1,1],8]
MAXIMUM [956,16,[4,4,4,4,2,1,1],8]
MAXIMUM [957,41,[33,29,3,3,3,1,1],11]
MAXIMUM [958,6,[2,2,2,2,2,1,1],8]
MAXIMUM [959,0,[1,1,1,1,1,1,1],8]
MAXIMUM [960,126,[64,60,30,8,8,3,3],34]
MAXIMUM [961,5,[1,1,1,1,1,1,1],8]
MAXIMUM [962,4,[1,1,1,1,1,1,1],8]
MAXIMUM [963,21,[9,9,9,1,1,1,3],8]
MAXIMUM [964,10,[4,4,4,4,1,1,2],8]
MAXIMUM [965,5,[5,5,1,1,1,1,1],8]
MAXIMUM [966,0,[1,1,1,1,1,1,1],8]
MAXIMUM [967,6,[1,1,1,1,1,1,1],8]
MAXIMUM [968,58,[44,8,8,8,2,1,1],10]
MAXIMUM [969,26,[17,3,3,3,3,1,1],12]
MAXIMUM [970,10,[2,2,2,2,2,5,5],8]
MAXIMUM [971,2,[1,1,1,1,1,1,1],8]
MAXIMUM [972,42,[27,6,6,9,2,2,2],72]
MAXIMUM [973,0,[1,1,1,1,1,1,1],8]
MAXIMUM [974,6,[1,1,1,1,1,1,1],8]
MAXIMUM [975,28,[15,25,3,3,3,1,1],15]
MAXIMUM [976,16,[8,8,8,1,1,1,1],13]
MAXIMUM [977,3,[1,1,1,1,1,1,1],8]
MAXIMUM [978,15,[6,6,6,3,1,1,1],8]
MAXIMUM [979,4,[11,1,1,1,1,1,1],8]
MAXIMUM [980,0,[1,1,1,1,1,1,1],8]
MAXIMUM [981,15,[9,9,9,1,1,1,3],8]
MAXIMUM [982,10,[2,2,2,2,2,1,1],8]
MAXIMUM [983,4,[1,1,1,1,1,1,1],8]
MAXIMUM [984,18,[4,4,4,4,6,1,1],122]
MAXIMUM [985,10,[5,5,1,1,1,1,1],8]
MAXIMUM [986,66,[58,34,2,2,2,1,1],11]
MAXIMUM [987,0,[1,1,1,1,1,1,1],8]
MAXIMUM [988,14,[4,4,4,4,1,1,2],8]
MAXIMUM [989,24,[23,1,1,1,1,1,1],8]
MAXIMUM [990,110,[66,45,10,3,3,1,1],19]
MAXIMUM [991,3,[1,1,1,1,1,1,1],8]
MAXIMUM [992,26,[32,4,4,4,1,1,2],18]
MAXIMUM [993,9,[3,3,3,3,1,1,1],8]
MAXIMUM [994,0,[1,1,1,1,1,1,1],8]
MAXIMUM [995,10,[5,5,1,1,1,1,1],8]
MAXIMUM [996,12,[2,2,2,2,2,3,3],8]
MAXIMUM [997,4,[1,1,1,1,1,1,1],8]
MAXIMUM [998,8,[2,2,2,2,2,1,1],8]
MAXIMUM [999,24,[27,3,3,3,1,1,1],13]
MAXIMUM [1000,29,[20,25,2,2,2,2,1],66]
MAXIMUM [1001,0,[1,1,1,1,1,1,1],8]
MAXIMUM [1002,6,[1,1,1,1,1,1,1],8]
MAXIMUM [1003,14,[17,1,1,1,1,1,1],8]
MAXIMUM [1004,4,[1,1,1,1,1,1,1],8]
MAXIMUM [1005,15,[15,15,1,1,1,1,1],8]
MAXIMUM [1006,2,[1,1,1,1,1,1,1],8]
MAXIMUM [1007,1,[1,1,1,1,1,1,1],8]
MAXIMUM [1008,0,[1,1,1,1,1,1,1],8]
MAXIMUM [1009,6,[1,1,1,1,1,1,1],8]
MAXIMUM [1010,18,[10,10,2,2,2,1,1],8]
MAXIMUM [1011,12,[3,3,3,3,1,1,1],8]
MAXIMUM [1012,82,[46,44,4,4,4,1,1],13]
MAXIMUM [1013,2,[1,1,1,1,1,1,1],8]
MAXIMUM [1014,20,[6,6,6,3,2,2,1],10]
MAXIMUM [1015,0,[1,1,1,1,1,1,1],8]
MAXIMUM [1016,26,[8,8,8,4,1,1,2],10]
MAXIMUM [1017,27,[9,9,9,3,1,1,1],8]
MAXIMUM [1018,4,[1,1,1,1,1,1,1],8]
MAXIMUM [1019,3,[1,1,1,1,1,1,1],8]
MAXIMUM [1020,74,[60,34,12,4,4,1,1],25]
MAXIMUM [1021,1,[1,1,1,1,1,1,1],8]
MAXIMUM [1022,0,[1,1,1,1,1,1,1],8]
MAXIMUM [1023,24,[33,1,1,1,3,3,3],9]
MAXIMUM [1024,70,[64,16,8,2,4,1,1],15]
MAXIMUM [1025,10,[5,5,1,1,1,1,1],10]
MAXIMUM [1026,53,[18,18,27,6,2,2,1],20]
MAXIMUM [1027,2,[1,1,1,1,1,1,1],8]
MAXIMUM [1028,6,[2,2,2,2,2,1,1],22]
MAXIMUM [1029,0,[1,1,1,1,1,1,1],8]
MAXIMUM [1030,10,[5,5,1,1,1,1,1],11]
MAXIMUM [1031,5,[1,1,1,1,1,1,1],8]
MAXIMUM [1032,52,[24,24,8,3,3,2,2],13]
MAXIMUM [1033,3,[1,1,1,1,1,1,1],8]
MAXIMUM [1034,8,[11,1,1,1,1,1,1],9]
MAXIMUM [1035,55,[45,23,9,3,3,1,1],17]
MAXIMUM [1036,0,[1,1,1,1,1,1,1],8]
MAXIMUM [1037,10,[17,1,1,1,1,1,1],8]
MAXIMUM [1038,12,[2,2,2,2,2,3,3],8]
MAXIMUM [1039,4,[1,1,1,1,1,1,1],8]
MAXIMUM [1040,41,[16,16,20,4,2,5,1],19]
MAXIMUM [1041,6,[3,3,3,3,1,1,1],8]
MAXIMUM [1042,6,[2,2,2,2,2,1,1],8]
MAXIMUM [1043,0,[1,1,1,1,1,1,1],8]
MAXIMUM [1044,85,[36,29,18,12,9,4,4],23]
MAXIMUM [1045,9,[11,1,1,1,1,1,1],8]
MAXIMUM [1046,4,[1,1,1,1,1,1,1],8]
MAXIMUM [1047,3,[1,1,1,1,1,1,1],8]
MAXIMUM [1048,10,[4,4,4,4,1,1,2],17]
MAXIMUM [1049,1,[1,1,1,1,1,1,1],8]
MAXIMUM [1050,0,[1,1,1,1,1,1,1],8]
MAXIMUM [1051,6,[1,1,1,1,1,1,1],8]
MAXIMUM [1052,10,[2,2,2,2,2,1,1],22]
MAXIMUM [1053,21,[27,3,3,3,1,1,1],13]
MAXIMUM [1054,26,[34,2,2,2,2,1,1],8]
MAXIMUM [1055,10,[5,5,1,1,1,1,1],8]
MAXIMUM [1056,104,[66,48,16,3,3,2,2],31]
MAXIMUM [1057,0,[1,1,1,1,1,1,1],8]
MAXIMUM [1058,38,[46,1,1,2,2,2,2],9]
MAXIMUM [1059,9,[3,3,3,3,1,1,1],8]
MAXIMUM [1060,20,[10,10,1,1,1,1,1],14]
MAXIMUM [1061,3,[1,1,1,1,1,1,1],8]
MAXIMUM [1062,27,[18,18,6,3,1,2,2],14]
MAXIMUM [1063,1,[1,1,1,1,1,1,1],8]
MAXIMUM [1064,0,[1,1,1,1,1,1,1],8]
MAXIMUM [1065,30,[15,15,1,1,1,1,1],8]
MAXIMUM [1066,10,[2,2,2,2,2,1,1],8]
MAXIMUM [1067,5,[11,1,1,1,1,1,1],8]
MAXIMUM [1068,18,[4,4,4,4,6,1,1],36]
MAXIMUM [1069,2,[1,1,1,1,1,1,1],8]
MAXIMUM [1070,18,[10,10,2,2,2,1,1],9]
MAXIMUM [1071,0,[1,1,1,1,1,1,1],8]
MAXIMUM [1072,26,[8,8,8,4,1,1,2],21]
MAXIMUM [1073,25,[29,1,1,1,1,1,1],8]
MAXIMUM [1074,12,[3,3,3,3,1,1,1],17]
MAXIMUM [1075,25,[25,5,1,1,1,1,1],8]
MAXIMUM [1076,10,[4,4,4,4,1,1,2],8]
MAXIMUM [1077,9,[3,3,3,3,1,1,1],8]
MAXIMUM [1078,0,[1,1,1,1,1,1,1],8]
MAXIMUM [1079,6,[1,1,1,1,1,1,1],8]
MAXIMUM [1080,120,[72,30,9,9,8,8,10],51]
MAXIMUM [1081,10,[23,1,1,1,1,1,1],8]
MAXIMUM [1082,8,[2,2,2,2,2,1,1],8]
MAXIMUM [1083,6,[3,3,3,3,1,1,1],8]
MAXIMUM [1084,6,[2,2,2,2,2,1,1],22]
MAXIMUM [1085,0,[1,1,1,1,1,1,1],8]
MAXIMUM [1086,6,[1,1,1,1,1,1,1],8]
MAXIMUM [1087,5,[1,1,1,1,1,1,1],8]
MAXIMUM [1088,62,[64,17,8,8,1,1,2],21]
MAXIMUM [1089,30,[11,9,9,9,1,1,3],15]
MAXIMUM [1090,10,[5,5,1,1,1,1,1],11]
MAXIMUM [1091,1,[1,1,1,1,1,1,1],8]
MAXIMUM [1092,0,[1,1,1,1,1,1,1],8]
MAXIMUM [1093,6,[1,1,1,1,1,1,1],8]
MAXIMUM [1094,10,[2,2,2,2,2,1,1],8]
MAXIMUM [1095,24,[15,15,3,3,1,1,1],14]
MAXIMUM [1096,16,[4,4,4,4,2,1,1],20]
MAXIMUM [1097,2,[1,1,1,1,1,1,1],8]
MAXIMUM [1098,24,[6,6,9,9,2,2,2],32]
MAXIMUM [1099,0,[1,1,1,1,1,1,1],8]
MAXIMUM [1100,57,[50,11,5,1,1,1,1],15]
MAXIMUM [1101,9,[3,3,3,3,1,1,1],8]
MAXIMUM [1102,20,[29,1,1,1,1,1,1],9]
MAXIMUM [1103,3,[1,1,1,1,1,1,1],8]
MAXIMUM [1104,79,[48,46,12,6,4,3,1],33]
MAXIMUM [1105,17,[17,5,5,1,1,1,1],8]
MAXIMUM [1106,0,[1,1,1,1,1,1,1],8]
MAXIMUM [1107,15,[9,9,9,1,1,1,3],11]
MAXIMUM [1108,10,[2,2,2,2,2,1,1],22]
MAXIMUM [1109,4,[1,1,1,1,1,1,1],8]
MAXIMUM [1110,48,[30,30,2,2,2,3,3],9]
MAXIMUM [1111,8,[11,1,1,1,1,1,1],8]
MAXIMUM [1112,6,[2,2,2,2,2,1,1],50]
MAXIMUM [1113,0,[1,1,1,1,1,1,1],8]
MAXIMUM [1114,6,[1,1,1,1,1,1,1],8]
MAXIMUM [1115,5,[1,1,1,1,1,1,1],8]
MAXIMUM [1116,36,[36,12,3,3,1,1,1],19]
MAXIMUM [1117,3,[1,1,1,1,1,1,1],8]
MAXIMUM [1118,2,[1,1,1,1,1,1,1],8]
MAXIMUM [1119,9,[3,3,3,3,1,1,1],8]
MAXIMUM [1120,0,[1,1,1,1,1,1,1],8]
MAXIMUM [1121,6,[1,1,1,1,1,1,1],8]
MAXIMUM [1122,90,[51,66,2,2,2,3,3],13]
MAXIMUM [1123,4,[1,1,1,1,1,1,1],8]
MAXIMUM [1124,16,[4,4,4,4,2,1,1],8]
MAXIMUM [1125,38,[45,25,3,3,3,1,1],12]
MAXIMUM [1126,6,[2,2,2,2,2,1,1],8]
MAXIMUM [1127,0,[1,1,1,1,1,1,1],8]
MAXIMUM [1128,30,[8,8,8,12,1,1,2],27]
MAXIMUM [1129,5,[1,1,1,1,1,1,1],8]
MAXIMUM [1130,20,[10,10,1,1,1,1,1],11]
MAXIMUM [1131,15,[29,1,1,1,1,1,1],8]
MAXIMUM [1132,10,[4,4,4,4,1,1,2],8]
MAXIMUM [1133,4,[11,1,1,1,1,1,1],8]
MAXIMUM [1134,0,[1,1,1,1,1,1,1],8]
MAXIMUM [1135,10,[5,5,1,1,1,1,1],8]
MAXIMUM [1136,38,[16,16,8,2,2,1,1],15]
MAXIMUM [1137,12,[3,3,3,3,1,1,1],8]
MAXIMUM [1138,8,[2,2,2,2,2,1,1],8]
MAXIMUM [1139,9,[17,1,1,1,1,1,1],8]
MAXIMUM [1140,48,[20,30,6,6,3,2,1],39]
MAXIMUM [1141,0,[1,1,1,1,1,1,1],8]
MAXIMUM [1142,6,[1,1,1,1,1,1,1],8]
MAXIMUM [1143,27,[9,9,9,3,1,1,1],8]
MAXIMUM [1144,28,[22,8,8,8,1,1,1],16]
MAXIMUM [1145,5,[5,5,1,1,1,1,1],8]
MAXIMUM [1146,15,[6,6,6,3,1,1,1],8]
MAXIMUM [1147,1,[1,1,1,1,1,1,1],8]
MAXIMUM [1148,0,[1,1,1,1,1,1,1],8]
MAXIMUM [1149,6,[1,1,1,1,1,1,1],8]
MAXIMUM [1150,59,[50,23,1,1,1,1,5],13]
MAXIMUM [1151,4,[1,1,1,1,1,1,1],8]
MAXIMUM [1152,122,[72,32,48,9,9,2,2],37]
MAXIMUM [1153,2,[1,1,1,1,1,1,1],8]
MAXIMUM [1154,6,[2,2,2,2,2,1,1],8]
MAXIMUM [1155,0,[1,1,1,1,1,1,1],8]
MAXIMUM [1156,18,[17,4,4,4,4,1,2],17]
MAXIMUM [1157,5,[1,1,1,1,1,1,1],8]
MAXIMUM [1158,12,[3,3,3,3,1,1,1],17]
MAXIMUM [1159,3,[1,1,1,1,1,1,1],8]
MAXIMUM [1160,52,[40,29,5,4,4,1,1],27]
MAXIMUM [1161,36,[27,9,9,3,1,1,1],10]
MAXIMUM [1162,0,[1,1,1,1,1,1,1],8]
MAXIMUM [1163,6,[1,1,1,1,1,1,1],8]
MAXIMUM [1164,12,[2,2,2,2,2,3,3],8]
MAXIMUM [1165,10,[5,5,1,1,1,1,1],8]
MAXIMUM [1166,17,[11,2,2,2,2,2,1],13]
MAXIMUM [1167,6,[3,3,3,3,1,1,1],8]
MAXIMUM [1168,22,[16,16,2,2,2,1,1],18]
MAXIMUM [1169,0,[1,1,1,1,1,1,1],8]
MAXIMUM [1170,54,[15,15,18,18,2,2,2],22]
MAXIMUM [1171,5,[1,1,1,1,1,1,1],8]
MAXIMUM [1172,4,[1,1,1,1,1,1,1],8]
MAXIMUM [1173,55,[51,23,1,1,3,3,3],9]
MAXIMUM [1174,2,[1,1,1,1,1,1,1],8]
MAXIMUM [1175,10,[25,5,1,1,1,1,1],10]
MAXIMUM [1176,0,[1,1,1,1,1,1,1],8]
MAXIMUM [1177,13,[11,1,1,1,1,1,1],8]
MAXIMUM [1178,10,[2,2,2,2,2,1,1],8]
MAXIMUM [1179,12,[3,3,3,3,1,1,1],17]
MAXIMUM [1180,25,[20,4,4,4,2,5,1],10]
MAXIMUM [1181,2,[1,1,1,1,1,1,1],8]
MAXIMUM [1182,20,[6,6,6,3,2,2,1],10]
MAXIMUM [1183,0,[1,1,1,1,1,1,1],8]
MAXIMUM [1184,42,[32,8,8,4,1,1,2],23]
MAXIMUM [1185,27,[15,15,3,3,1,1,1],8]
MAXIMUM [1186,4,[1,1,1,1,1,1,1],8]
MAXIMUM [1187,3,[1,1,1,1,1,1,1],8]
MAXIMUM [1188,100,[54,33,12,12,4,4,1],21]
MAXIMUM [1189,5,[29,1,1,1,1,1,1],8]
MAXIMUM [1190,0,[1,1,1,1,1,1,1],8]
MAXIMUM [1191,6,[1,1,1,1,1,1,1],8]
MAXIMUM [1192,22,[8,8,8,2,2,1,1],10]
MAXIMUM [1193,4,[1,1,1,1,1,1,1],8]
MAXIMUM [1194,14,[6,6,6,2,2,1,1],8]
MAXIMUM [1195,10,[5,5,1,1,1,1,1],8]
MAXIMUM [1196,19,[23,2,2,2,2,2,1],37]
MAXIMUM [1197,0,[1,1,1,1,1,1,1],8]
MAXIMUM [1198,6,[1,1,1,1,1,1,1],8]
MAXIMUM [1199,9,[11,1,1,1,1,1,1],8]
MAXIMUM [1200,68,[24,24,10,10,8,3,3],103]
MAXIMUM [1201,3,[1,1,1,1,1,1,1],8]
MAXIMUM [1202,2,[1,1,1,1,1,1,1],8]
MAXIMUM [1203,9,[3,3,3,3,1,1,1],8]
MAXIMUM [1204,0,[1,1,1,1,1,1,1],8]
MAXIMUM [1205,10,[5,5,1,1,1,1,1],8]
MAXIMUM [1206,30,[9,9,9,2,2,2,3],13]
MAXIMUM [1207,18,[17,1,1,1,1,1,1],8]
MAXIMUM [1208,16,[4,4,4,4,2,1,1],20]
MAXIMUM [1209,6,[3,3,3,3,1,1,1],8]
MAXIMUM [1210,21,[10,10,11,2,2,2,1],15]
MAXIMUM [1211,0,[1,1,1,1,1,1,1],8]
MAXIMUM [1212,22,[12,12,4,4,1,1,2],11]
MAXIMUM [1213,5,[1,1,1,1,1,1,1],8]
MAXIMUM [1214,4,[1,1,1,1,1,1,1],8]
MAXIMUM [1215,37,[27,9,9,15,5,1,1],25]
MAXIMUM [1216,26,[32,4,4,4,1,1,2],32]
MAXIMUM [1217,1,[1,1,1,1,1,1,1],8]
MAXIMUM [1218,0,[1,1,1,1,1,1,1],8]
MAXIMUM [1219,15,[23,1,1,1,1,1,1],8]
MAXIMUM [1220,18,[10,10,2,2,2,1,1],25]
MAXIMUM [1221,33,[33,3,3,3,1,1,1],8]
MAXIMUM [1222,8,[2,2,2,2,2,1,1],8]
MAXIMUM [1223,2,[1,1,1,1,1,1,1],8]
MAXIMUM [1224,100,[72,34,24,9,9,2,2],22]
MAXIMUM [1225,0,[1,1,1,1,1,1,1],8]
MAXIMUM [1226,6,[1,1,1,1,1,1,1],8]
MAXIMUM [1227,9,[3,3,3,3,1,1,1],8]
MAXIMUM [1228,4,[1,1,1,1,1,1,1],8]
MAXIMUM [1229,3,[1,1,1,1,1,1,1],8]
MAXIMUM [1230,23,[5,5,6,6,6,3,1],56]
MAXIMUM [1231,1,[1,1,1,1,1,1,1],8]
MAXIMUM [1232,0,[1,1,1,1,1,1,1],8]
MAXIMUM [1233,15,[9,9,9,1,1,1,3],8]
MAXIMUM [1234,10,[2,2,2,2,2,1,1],8]
MAXIMUM [1235,10,[5,5,1,1,1,1,1],8]
MAXIMUM [1236,18,[4,4,4,4,6,1,1],36]
MAXIMUM [1237,2,[1,1,1,1,1,1,1],8]
MAXIMUM [1238,6,[2,2,2,2,2,1,1],8]
MAXIMUM [1239,0,[1,1,1,1,1,1,1],8]
MAXIMUM [1240,38,[40,8,4,4,1,1,2],17]
MAXIMUM [1241,14,[17,1,1,1,1,1,1],8]
MAXIMUM [1242,54,[54,23,3,6,6,1,2],31]
MAXIMUM [1243,12,[11,1,1,1,1,1,1],8]
MAXIMUM [1244,10,[4,4,4,4,1,1,2],8]
MAXIMUM [1245,13,[3,3,3,3,5,5,1],27]
MAXIMUM [1246,0,[1,1,1,1,1,1,1],8]
MAXIMUM [1247,30,[29,1,1,1,1,1,1],8]
MAXIMUM [1248,48,[16,16,24,2,2,3,3],31]
MAXIMUM [1249,4,[1,1,1,1,1,1,1],8]
MAXIMUM [1250,30,[25,2,2,2,2,2,5],9]
MAXIMUM [1251,6,[3,3,3,3,1,1,1],17]
MAXIMUM [1252,6,[2,2,2,2,2,1,1],22]
MAXIMUM [1253,0,[1,1,1,1,1,1,1],8]
MAXIMUM [1254,24,[22,1,1,1,1,1,1],11]
MAXIMUM [1255,5,[1,1,1,1,1,1,1],8]
MAXIMUM [1256,16,[8,8,8,1,1,1,1],8]
MAXIMUM [1257,3,[1,1,1,1,1,1,1],8]
MAXIMUM [1258,26,[34,1,1,2,2,2,2],9]
MAXIMUM [1259,1,[1,1,1,1,1,1,1],8]
MAXIMUM [1260,0,[1,1,1,1,1,1,1],8]
MAXIMUM [1261,6,[1,1,1,1,1,1,1],8]
MAXIMUM [1262,10,[2,2,2,2,2,1,1],8]
MAXIMUM [1263,12,[3,3,3,3,1,1,1],8]
MAXIMUM [1264,32,[16,16,4,4,2,1,1],11]
MAXIMUM [1265,19,[11,5,5,23,1,1,1],15]
MAXIMUM [1266,20,[6,6,6,3,2,2,1],10]
MAXIMUM [1267,0,[1,1,1,1,1,1,1],8]
MAXIMUM [1268,14,[4,4,4,4,1,1,2],8]
MAXIMUM [1269,27,[9,9,9,3,1,1,1],12]
MAXIMUM [1270,20,[10,10,1,1,1,1,1],11]
MAXIMUM [1271,3,[1,1,1,1,1,1,1],8]
MAXIMUM [1272,31,[12,12,6,4,4,3,1],40]
MAXIMUM [1273,1,[1,1,1,1,1,1,1],8]
MAXIMUM [1274,0,[1,1,1,1,1,1,1],8]
MAXIMUM [1275,56,[51,25,15,1,1,3,3],14]
MAXIMUM [1276,94,[58,44,2,2,2,1,1],20]
MAXIMUM [1277,4,[1,1,1,1,1,1,1],8]
MAXIMUM [1278,44,[18,18,9,6,2,2,1],14]
MAXIMUM [1279,2,[1,1,1,1,1,1,1],8]
MAXIMUM [1280,44,[20,16,16,10,2,1,1],48]
MAXIMUM [1281,0,[1,1,1,1,1,1,1],8]
MAXIMUM [1282,6,[1,1,1,1,1,1,1],8]
MAXIMUM [1283,5,[1,1,1,1,1,1,1],8]
MAXIMUM [1284,24,[12,12,3,3,1,1,1],10]
MAXIMUM [1285,5,[5,5,1,1,1,1,1],8]
MAXIMUM [1286,2,[1,1,1,1,1,1,1],8]
MAXIMUM [1287,30,[33,9,9,9,1,1,1],12]
MAXIMUM [1288,0,[1,1,1,1,1,1,1],8]
MAXIMUM [1289,6,[1,1,1,1,1,1,1],8]
MAXIMUM [1290,60,[30,30,2,2,2,3,3],11]
MAXIMUM [1291,4,[1,1,1,1,1,1,1],8]
MAXIMUM [1292,34,[34,4,4,4,4,1,1],8]
MAXIMUM [1293,6,[3,3,3,3,1,1,1],8]
MAXIMUM [1294,6,[2,2,2,2,2,1,1],8]
MAXIMUM [1295,0,[1,1,1,1,1,1,1],8]
MAXIMUM [1296,87,[36,54,8,8,12,9,1],56]
MAXIMUM [1297,5,[1,1,1,1,1,1,1],8]
MAXIMUM [1298,16,[22,1,1,1,1,1,1],8]
MAXIMUM [1299,3,[1,1,1,1,1,1,1],8]
MAXIMUM [1300,36,[20,25,4,4,4,1,2],15]
MAXIMUM [1301,1,[1,1,1,1,1,1,1],8]
MAXIMUM [1302,0,[1,1,1,1,1,1,1],8]
MAXIMUM [1303,6,[1,1,1,1,1,1,1],8]
MAXIMUM [1304,22,[8,8,8,2,2,1,1],10]
MAXIMUM [1305,67,[45,29,5,3,3,3,1],17]
MAXIMUM [1306,8,[2,2,2,2,2,1,1],8]
MAXIMUM [1307,2,[1,1,1,1,1,1,1],8]
MAXIMUM [1308,20,[6,6,6,3,2,2,1],34]
MAXIMUM [1309,0,[1,1,1,1,1,1,1],8]
MAXIMUM [1310,10,[5,5,1,1,1,1,1],11]
MAXIMUM [1311,28,[23,3,3,3,3,1,1],8]
MAXIMUM [1312,16,[8,8,8,1,1,1,1],18]
MAXIMUM [1313,3,[1,1,1,1,1,1,1],8]
MAXIMUM [1314,27,[18,18,6,3,1,2,2],14]
MAXIMUM [1315,5,[5,5,1,1,1,1,1],8]
MAXIMUM [1316,0,[1,1,1,1,1,1,1],8]
MAXIMUM [1317,6,[1,1,1,1,1,1,1],8]
MAXIMUM [1318,10,[2,2,2,2,2,1,1],8]
MAXIMUM [1319,4,[1,1,1,1,1,1,1],8]
MAXIMUM [1320,156,[88,60,30,4,4,3,3],16]
MAXIMUM [1321,2,[1,1,1,1,1,1,1],8]
MAXIMUM [1322,6,[2,2,2,2,2,1,1],8]
MAXIMUM [1323,0,[1,1,1,1,1,1,1],8]
MAXIMUM [1324,14,[4,4,4,4,1,1,2],8]
MAXIMUM [1325,15,[25,1,1,1,1,1,5],8]
MAXIMUM [1326,26,[17,3,3,3,3,1,1],38]
MAXIMUM [1327,3,[1,1,1,1,1,1,1],8]
MAXIMUM [1328,10,[4,4,4,4,1,1,2],31]
MAXIMUM [1329,9,[3,3,3,3,1,1,1],8]
MAXIMUM [1330,0,[1,1,1,1,1,1,1],8]
MAXIMUM [1331,13,[11,1,1,1,1,1,1],8]
MAXIMUM [1332,48,[36,9,9,2,2,2,3],18]
MAXIMUM [1333,4,[1,1,1,1,1,1,1],8]
MAXIMUM [1334,86,[58,46,2,2,2,1,1],14]
MAXIMUM [1335,14,[5,5,3,3,3,3,1],16]
MAXIMUM [1336,6,[2,2,2,2,2,1,1],50]
MAXIMUM [1337,0,[1,1,1,1,1,1,1],8]
MAXIMUM [1338,6,[1,1,1,1,1,1,1],8]
MAXIMUM [1339,5,[1,1,1,1,1,1,1],8]
MAXIMUM [1340,20,[10,10,1,1,1,1,1],14]
MAXIMUM [1341,21,[9,9,9,1,1,1,3],8]
MAXIMUM [1342,8,[11,1,1,1,1,1,1],9]
MAXIMUM [1343,13,[17,1,1,1,1,1,1],8]
MAXIMUM [1344,0,[1,1,1,1,1,1,1],8]
MAXIMUM [1345,10,[5,5,1,1,1,1,1],8]
MAXIMUM [1346,10,[2,2,2,2,2,1,1],8]
MAXIMUM [1347,12,[3,3,3,3,1,1,1],8]
MAXIMUM [1348,16,[4,4,4,4,2,1,1],8]
MAXIMUM [1349,2,[1,1,1,1,1,1,1],8]
MAXIMUM [1350,92,[90,6,6,3,2,2,1],20]
MAXIMUM [1351,0,[1,1,1,1,1,1,1],8]
MAXIMUM [1352,26,[8,8,8,4,1,1,2],10]
MAXIMUM [1353,13,[11,3,3,3,3,1,1],12]
MAXIMUM [1354,4,[1,1,1,1,1,1,1],8]
MAXIMUM [1355,5,[5,5,1,1,1,1,1],8]
MAXIMUM [1356,31,[12,12,6,4,4,3,1],12]
MAXIMUM [1357,14,[23,1,1,1,1,1,1],8]
MAXIMUM [1358,0,[1,1,1,1,1,1,1],8]
MAXIMUM [1359,15,[9,9,9,1,1,1,3],8]
MAXIMUM [1360,55,[16,16,17,8,10,10,1],35]
MAXIMUM [1361,4,[1,1,1,1,1,1,1],8]
MAXIMUM [1362,14,[6,6,6,2,2,1,1],8]
MAXIMUM [1363,10,[29,1,1,1,1,1,1],8]
MAXIMUM [1364,30,[44,2,2,2,2,1,1],17]
MAXIMUM [1365,0,[1,1,1,1,1,1,1],8]
MAXIMUM [1366,6,[1,1,1,1,1,1,1],8]
MAXIMUM [1367,5,[1,1,1,1,1,1,1],8]
MAXIMUM [1368,56,[24,36,8,8,3,3,2],40]
MAXIMUM [1369,3,[1,1,1,1,1,1,1],8]
MAXIMUM [1370,10,[5,5,1,1,1,1,1],11]
MAXIMUM [1371,9,[3,3,3,3,1,1,1],8]
MAXIMUM [1372,0,[1,1,1,1,1,1,1],8]
MAXIMUM [1373,6,[1,1,1,1,1,1,1],8]
MAXIMUM [1374,12,[2,2,2,2,2,3,3],8]
MAXIMUM [1375,11,[5,5,11,1,1,1,1],13]
MAXIMUM [1376,48,[32,16,4,4,2,1,1],13]
MAXIMUM [1377,31,[27,17,3,3,3,1,1],21]
MAXIMUM [1378,6,[2,2,2,2,2,1,1],8]
MAXIMUM [1379,0,[1,1,1,1,1,1,1],8]
MAXIMUM [1380,96,[60,46,30,4,4,3,3],17]
MAXIMUM [1381,5,[1,1,1,1,1,1,1],8]
MAXIMUM [1382,4,[1,1,1,1,1,1,1],8]
MAXIMUM [1383,3,[1,1,1,1,1,1,1],8]
MAXIMUM [1384,10,[4,4,4,4,1,1,2],17]
MAXIMUM [1385,5,[5,5,1,1,1,1,1],8]
MAXIMUM [1386,0,[1,1,1,1,1,1,1],8]
MAXIMUM [1387,6,[1,1,1,1,1,1,1],8]
MAXIMUM [1388,10,[2,2,2,2,2,1,1],22]
MAXIMUM [1389,12,[3,3,3,3,1,1,1],8]
MAXIMUM [1390,10,[2,2,2,2,2,5,5],8]
MAXIMUM [1391,2,[1,1,1,1,1,1,1],8]
MAXIMUM [1392,106,[48,58,24,16,3,3,2],15]
MAXIMUM [1393,0,[1,1,1,1,1,1,1],8]
MAXIMUM [1394,10,[17,1,1,1,1,1,1],9]
MAXIMUM [1395,39,[45,9,3,3,1,1,1],18]
MAXIMUM [1396,4,[1,1,1,1,1,1,1],8]
MAXIMUM [1397,12,[11,1,1,1,1,1,1],8]
MAXIMUM [1398,15,[6,6,6,3,1,1,1],8]
MAXIMUM [1399,1,[1,1,1,1,1,1,1],8]
MAXIMUM [1400,0,[1,1,1,1,1,1,1],8]
MAXIMUM [1401,6,[1,1,1,1,1,1,1],8]
MAXIMUM [1402,10,[2,2,2,2,2,1,1],8]
MAXIMUM [1403,10,[23,1,1,1,1,1,1],8]
MAXIMUM [1404,57,[18,18,27,4,4,4,3],38]
MAXIMUM [1405,10,[5,5,1,1,1,1,1],8]
MAXIMUM [1406,6,[2,2,2,2,2,1,1],8]
MAXIMUM [1407,0,[1,1,1,1,1,1,1],8]
MAXIMUM [1408,92,[64,22,8,8,4,1,1],37]
MAXIMUM [1409,5,[1,1,1,1,1,1,1],8]
MAXIMUM [1410,28,[10,10,3,3,3,3,1],56]
MAXIMUM [1411,5,[17,1,1,1,1,1,1],8]
MAXIMUM [1412,10,[4,4,4,4,1,1,2],8]
MAXIMUM [1413,18,[9,9,9,3,1,1,1],10]
MAXIMUM [1414,0,[1,1,1,1,1,1,1],8]
MAXIMUM [1415,10,[5,5,1,1,1,1,1],8]
MAXIMUM [1416,40,[24,24,8,2,2,3,3],10]
MAXIMUM [1417,4,[1,1,1,1,1,1,1],8]
MAXIMUM [1418,8,[2,2,2,2,2,1,1],8]
MAXIMUM [1419,33,[33,3,3,3,1,1,1],9]
MAXIMUM [1420,28,[20,10,2,2,2,1,1],17]
MAXIMUM [1421,0,[1,1,1,1,1,1,1],8]
MAXIMUM [1422,33,[18,18,9,1,1,1,3],10]
MAXIMUM [1423,5,[1,1,1,1,1,1,1],8]
MAXIMUM [1424,16,[8,8,8,1,1,1,1],13]
MAXIMUM [1425,30,[25,15,1,1,1,1,1],10]
MAXIMUM [1426,28,[46,1,1,2,2,2,2],8]
MAXIMUM [1427,1,[1,1,1,1,1,1,1],8]
MAXIMUM [1428,0,[1,1,1,1,1,1,1],8]
MAXIMUM [1429,6,[1,1,1,1,1,1,1],8]
MAXIMUM [1430,32,[22,10,10,2,2,1,1],13]
MAXIMUM [1431,21,[27,3,3,3,1,1,1],13]
MAXIMUM [1432,16,[4,4,4,4,2,1,1],20]
MAXIMUM [1433,2,[1,1,1,1,1,1,1],8]
MAXIMUM [1434,20,[6,6,6,3,2,2,1],10]
MAXIMUM [1435,0,[1,1,1,1,1,1,1],8]
MAXIMUM [1436,14,[4,4,4,4,1,1,2],8]
MAXIMUM [1437,9,[3,3,3,3,1,1,1],8]
MAXIMUM [1438,4,[1,1,1,1,1,1,1],8]
MAXIMUM [1439,3,[1,1,1,1,1,1,1],8]
MAXIMUM [1440,131,[90,48,32,12,4,3,1],30]
MAXIMUM [1441,4,[11,1,1,1,1,1,1],8]
MAXIMUM [1442,0,[1,1,1,1,1,1,1],8]
MAXIMUM [1443,6,[1,1,1,1,1,1,1],8]
MAXIMUM [1444,10,[2,2,2,2,2,1,1],22]
MAXIMUM [1445,24,[17,5,5,1,1,1,1],10]
MAXIMUM [1446,14,[6,6,6,2,2,1,1],8]
MAXIMUM [1447,2,[1,1,1,1,1,1,1],8]
MAXIMUM [1448,6,[2,2,2,2,2,1,1],50]
MAXIMUM [1449,0,[1,1,1,1,1,1,1],8]
MAXIMUM [1450,74,[50,29,5,1,1,1,1],13]
MAXIMUM [1451,5,[1,1,1,1,1,1,1],8]
MAXIMUM [1452,72,[66,12,3,3,2,2,2],13]
MAXIMUM [1453,3,[1,1,1,1,1,1,1],8]
MAXIMUM [1454,2,[1,1,1,1,1,1,1],8]
MAXIMUM [1455,13,[3,3,3,3,5,5,1],27]
MAXIMUM [1456,0,[1,1,1,1,1,1,1],8]
MAXIMUM [1457,6,[1,1,1,1,1,1,1],8]
MAXIMUM [1458,30,[9,9,9,2,2,2,3],23]
MAXIMUM [1459,4,[1,1,1,1,1,1,1],8]
MAXIMUM [1460,25,[20,4,4,4,2,5,1],10]
MAXIMUM [1461,6,[3,3,3,3,1,1,1],8]
MAXIMUM [1462,34,[34,2,2,2,2,1,1],9]
MAXIMUM [1463,0,[1,1,1,1,1,1,1],8]
MAXIMUM [1464,30,[8,8,8,12,1,1,2],27]
MAXIMUM [1465,5,[1,1,1,1,1,1,1],8]
MAXIMUM [1466,4,[1,1,1,1,1,1,1],8]
MAXIMUM [1467,21,[9,9,9,1,1,1,3],8]
MAXIMUM [1468,10,[4,4,4,4,1,1,2],8]
MAXIMUM [1469,1,[1,1,1,1,1,1,1],8]
MAXIMUM [1470,0,[1,1,1,1,1,1,1],8]
MAXIMUM [1471,6,[1,1,1,1,1,1,1],8]
MAXIMUM [1472,89,[64,23,16,8,2,4,1],32]
MAXIMUM [1473,12,[3,3,3,3,1,1,1],8]
MAXIMUM [1474,17,[11,2,2,2,2,2,1],13]
MAXIMUM [1475,20,[25,5,1,1,1,1,1],10]
MAXIMUM [1476,24,[6,6,9,9,2,2,2],77]
MAXIMUM [1477,0,[1,1,1,1,1,1,1],8]
MAXIMUM [1478,6,[1,1,1,1,1,1,1],8]
MAXIMUM [1479,71,[51,29,3,3,3,1,1],10]
MAXIMUM [1480,36,[40,8,1,1,2,4,4],19]
MAXIMUM [1481,3,[1,1,1,1,1,1,1],8]
MAXIMUM [1482,15,[6,6,6,3,1,1,1],8]
MAXIMUM [1483,1,[1,1,1,1,1,1,1],8]
MAXIMUM [1484,0,[1,1,1,1,1,1,1],8]
MAXIMUM [1485,51,[33,15,15,9,1,1,1],17]
MAXIMUM [1486,10,[2,2,2,2,2,1,1],8]
MAXIMUM [1487,4,[1,1,1,1,1,1,1],8]
MAXIMUM [1488,50,[48,16,4,4,6,1,1],26]
MAXIMUM [1489,2,[1,1,1,1,1,1,1],8]
MAXIMUM [1490,18,[10,10,2,2,2,1,1],9]
MAXIMUM [1491,0,[1,1,1,1,1,1,1],8]
MAXIMUM [1492,14,[4,4,4,4,1,1,2],8]
MAXIMUM [1493,5,[1,1,1,1,1,1,1],8]
MAXIMUM [1494,12,[3,3,3,3,1,1,1],62]
MAXIMUM [1495,21,[23,5,5,1,1,1,1],8]
MAXIMUM [1496,82,[88,34,4,4,4,1,1],10]
MAXIMUM [1497,9,[3,3,3,3,1,1,1],8]
MAXIMUM [1498,0,[1,1,1,1,1,1,1],8]
MAXIMUM [1499,6,[1,1,1,1,1,1,1],8]
MAXIMUM [1500,60,[30,30,2,2,2,3,3],23]
MAXIMUM [1501,4,[1,1,1,1,1,1,1],8]
MAXIMUM [1502,8,[2,2,2,2,2,1,1],8]
MAXIMUM [1503,6,[3,3,3,3,1,1,1],17]
MAXIMUM [1504,22,[16,16,2,2,2,1,1],33]
MAXIMUM [1505,0,[1,1,1,1,1,1,1],8]
MAXIMUM [1506,6,[1,1,1,1,1,1,1],8]
MAXIMUM [1507,9,[11,1,1,1,1,1,1],8]
MAXIMUM [1508,20,[29,1,1,1,1,1,1],9]
MAXIMUM [1509,3,[1,1,1,1,1,1,1],8]
MAXIMUM [1510,10,[5,5,1,1,1,1,1],11]
MAXIMUM [1511,1,[1,1,1,1,1,1,1],8]
MAXIMUM [1512,0,[1,1,1,1,1,1,1],8]
MAXIMUM [1513,10,[17,1,1,1,1,1,1],8]
MAXIMUM [1514,10,[2,2,2,2,2,1,1],8]
MAXIMUM [1515,24,[15,15,3,3,1,1,1],14]
MAXIMUM [1516,16,[4,4,4,4,2,1,1],8]
MAXIMUM [1517,2,[1,1,1,1,1,1,1],8]
MAXIMUM [1518,72,[66,46,6,3,3,2,2],20]
MAXIMUM [1519,0,[1,1,1,1,1,1,1],8]
MAXIMUM [1520,38,[40,8,4,4,1,1,2],25]
MAXIMUM [1521,27,[9,9,9,3,1,1,1],8]
MAXIMUM [1522,4,[1,1,1,1,1,1,1],8]
MAXIMUM [1523,3,[1,1,1,1,1,1,1],8]
MAXIMUM [1524,31,[12,12,6,4,4,3,1],12]
MAXIMUM [1525,10,[25,5,1,1,1,1,1],10]
MAXIMUM [1526,0,[1,1,1,1,1,1,1],8]
MAXIMUM [1527,6,[1,1,1,1,1,1,1],8]
MAXIMUM [1528,22,[8,8,8,2,2,1,1],10]
MAXIMUM [1529,5,[11,1,1,1,1,1,1],8]
MAXIMUM [1530,98,[90,51,6,6,2,2,1],32]
MAXIMUM [1531,2,[1,1,1,1,1,1,1],8]
MAXIMUM [1532,6,[2,2,2,2,2,1,1],22]
MAXIMUM [1533,0,[1,1,1,1,1,1,1],8]
MAXIMUM [1534,6,[1,1,1,1,1,1,1],8]
MAXIMUM [1535,5,[1,1,1,1,1,1,1],8]
MAXIMUM [1536,84,[64,24,24,3,3,2,2],20]
MAXIMUM [1537,15,[29,1,1,1,1,1,1],8]
MAXIMUM [1538,2,[1,1,1,1,1,1,1],8]
MAXIMUM [1539,36,[27,9,9,3,1,1,1],10]
MAXIMUM [1540,0,[1,1,1,1,1,1,1],8]
MAXIMUM [1541,15,[23,1,1,1,1,1,1],8]
MAXIMUM [1542,12,[2,2,2,2,2,3,3],8]
MAXIMUM [1543,4,[1,1,1,1,1,1,1],8]
MAXIMUM [1544,16,[4,4,4,4,2,1,1],20]
MAXIMUM [1545,14,[5,5,3,3,3,3,1],16]
MAXIMUM [1546,6,[2,2,2,2,2,1,1],8]
MAXIMUM [1547,0,[1,1,1,1,1,1,1],8]
MAXIMUM [1548,61,[36,18,12,9,4,4,1],14]
MAXIMUM [1549,5,[1,1,1,1,1,1,1],8]
MAXIMUM [1550,35,[50,5,1,1,1,1,1],10]
MAXIMUM [1551,12,[11,1,1,1,1,1,1],9]
MAXIMUM [1552,10,[4,4,4,4,1,1,2],31]
MAXIMUM [1553,1,[1,1,1,1,1,1,1],8]
MAXIMUM [1554,0,[1,1,1,1,1,1,1],8]
MAXIMUM [1555,10,[5,5,1,1,1,1,1],8]
MAXIMUM [1556,10,[2,2,2,2,2,1,1],22]
MAXIMUM [1557,12,[3,3,3,3,1,1,1],17]
MAXIMUM [1558,8,[2,2,2,2,2,1,1],8]
MAXIMUM [1559,2,[1,1,1,1,1,1,1],8]
MAXIMUM [1560,60,[20,24,30,6,3,2,1],36]
MAXIMUM [1561,0,[1,1,1,1,1,1,1],8]
MAXIMUM [1562,24,[22,1,1,1,1,1,1],9]
MAXIMUM [1563,9,[3,3,3,3,1,1,1],8]
MAXIMUM [1564,24,[17,23,1,1,1,1,1],14]
MAXIMUM [1565,5,[5,5,1,1,1,1,1],8]
MAXIMUM [1566,71,[54,18,29,6,9,1,1],27]
MAXIMUM [1567,1,[1,1,1,1,1,1,1],8]
MAXIMUM [1568,0,[1,1,1,1,1,1,1],8]
MAXIMUM [1569,6,[1,1,1,1,1,1,1],8]
MAXIMUM [1570,18,[10,10,2,2,2,1,1],8]
MAXIMUM [1571,4,[1,1,1,1,1,1,1],8]
MAXIMUM [1572,18,[4,4,4,4,6,1,1],36]
MAXIMUM [1573,8,[11,1,1,1,1,1,1],8]
MAXIMUM [1574,6,[2,2,2,2,2,1,1],8]
MAXIMUM [1575,0,[1,1,1,1,1,1,1],8]
MAXIMUM [1576,26,[8,8,8,4,1,1,2],10]
MAXIMUM [1577,5,[1,1,1,1,1,1,1],8]
MAXIMUM [1578,12,[3,3,3,3,1,1,1],17]
MAXIMUM [1579,3,[1,1,1,1,1,1,1],8]
MAXIMUM [1580,26,[20,5,4,4,4,1,2],20]
MAXIMUM [1581,36,[51,3,3,3,1,1,1],9]
MAXIMUM [1582,0,[1,1,1,1,1,1,1],8]
MAXIMUM [1583,6,[1,1,1,1,1,1,1],8]
MAXIMUM [1584,144,[72,44,16,16,9,9,6],29]
MAXIMUM [1585,10,[5,5,1,1,1,1,1],8]
MAXIMUM [1586,8,[2,2,2,2,2,1,1],8]
MAXIMUM [1587,9,[23,3,3,3,3,1,1],8]
MAXIMUM [1588,6,[2,2,2,2,2,1,1],22]
MAXIMUM [1589,0,[1,1,1,1,1,1,1],8]
MAXIMUM [1590,30,[15,15,1,1,1,1,1],11]
MAXIMUM [1591,5,[1,1,1,1,1,1,1],8]
MAXIMUM [1592,16,[8,8,8,1,1,1,1],8]
MAXIMUM [1593,30,[27,9,9,1,1,1,3],11]
MAXIMUM [1594,2,[1,1,1,1,1,1,1],8]
MAXIMUM [1595,12,[29,11,5,5,1,1,1],15]
MAXIMUM [1596,0,[1,1,1,1,1,1,1],8]
MAXIMUM [1597,6,[1,1,1,1,1,1,1],8]
MAXIMUM [1598,19,[17,2,2,2,2,2,1],13]
MAXIMUM [1599,12,[3,3,3,3,1,1,1],8]
MAXIMUM [1600,77,[32,25,16,20,4,2,1],43]
MAXIMUM [1601,2,[1,1,1,1,1,1,1],8]
MAXIMUM [1602,24,[6,6,9,9,2,2,2],32]
MAXIMUM [1603,0,[1,1,1,1,1,1,1],8]
MAXIMUM [1604,14,[4,4,4,4,1,1,2],8]
MAXIMUM [1605,27,[15,15,3,3,1,1,1],8]
MAXIMUM [1606,16,[22,1,1,1,1,1,1],8]
MAXIMUM [1607,3,[1,1,1,1,1,1,1],8]
MAXIMUM [1608,31,[12,12,6,4,4,3,1],40]
MAXIMUM [1609,1,[1,1,1,1,1,1,1],8]
MAXIMUM [1610,0,[1,1,1,1,1,1,1],8]
MAXIMUM [1611,15,[9,9,9,1,1,1,3],8]
MAXIMUM [1612,10,[2,2,2,2,2,1,1],22]
MAXIMUM [1613,4,[1,1,1,1,1,1,1],8]
MAXIMUM [1614,14,[6,6,6,2,2,1,1],8]
MAXIMUM [1615,17,[17,5,5,1,1,1,1],10]
MAXIMUM [1616,22,[16,16,2,2,2,1,1],18]
MAXIMUM [1617,0,[1,1,1,1,1,1,1],8]
MAXIMUM [1618,6,[1,1,1,1,1,1,1],8]
MAXIMUM [1619,5,[1,1,1,1,1,1,1],8]
MAXIMUM [1620,88,[54,36,10,10,12,9,1],126]
MAXIMUM [1621,3,[1,1,1,1,1,1,1],8]
MAXIMUM [1622,2,[1,1,1,1,1,1,1],8]
MAXIMUM [1623,9,[3,3,3,3,1,1,1],8]
MAXIMUM [1624,0,[1,1,1,1,1,1,1],8]
MAXIMUM [1625,25,[25,5,1,1,1,1,1],8]
MAXIMUM [1626,12,[2,2,2,2,2,3,3],8]
MAXIMUM [1627,4,[1,1,1,1,1,1,1],8]
MAXIMUM [1628,44,[44,4,4,4,2,1,1],10]
MAXIMUM [1629,6,[3,3,3,3,1,1,1],17]
MAXIMUM [1630,18,[10,10,2,2,2,1,1],9]
MAXIMUM [1631,0,[1,1,1,1,1,1,1],8]
MAXIMUM [1632,67,[32,51,8,8,12,3,6],30]
MAXIMUM [1633,24,[23,1,1,1,1,1,1],8]
MAXIMUM [1634,4,[1,1,1,1,1,1,1],8]
MAXIMUM [1635,15,[15,15,1,1,1,1,1],8]
MAXIMUM [1636,10,[4,4,4,4,1,1,2],8]
MAXIMUM [1637,1,[1,1,1,1,1,1,1],8]
MAXIMUM [1638,0,[1,1,1,1,1,1,1],8]
MAXIMUM [1639,13,[11,1,1,1,1,1,1],8]
MAXIMUM [1640,30,[8,8,8,10,10,1,1],24]
MAXIMUM [1641,12,[3,3,3,3,1,1,1],8]
MAXIMUM [1642,8,[2,2,2,2,2,1,1],8]
MAXIMUM [1643,2,[1,1,1,1,1,1,1],8]
MAXIMUM [1644,20,[6,6,6,3,2,2,1],34]
MAXIMUM [1645,0,[1,1,1,1,1,1,1],8]
MAXIMUM [1646,6,[1,1,1,1,1,1,1],8]
MAXIMUM [1647,27,[9,9,9,3,1,1,1],12]
MAXIMUM [1648,16,[8,8,8,1,1,1,1],13]
MAXIMUM [1649,5,[17,1,1,1,1,1,1],8]
MAXIMUM [1650,60,[33,25,5,6,6,6,1],31]
MAXIMUM [1651,1,[1,1,1,1,1,1,1],8]
MAXIMUM [1652,0,[1,1,1,1,1,1,1],8]
MAXIMUM [1653,30,[29,1,1,1,1,1,1],8]
MAXIMUM [1654,10,[2,2,2,2,2,1,1],8]
MAXIMUM [1655,10,[5,5,1,1,1,1,1],8]
MAXIMUM [1656,120,[72,46,18,9,4,6,1],25]
MAXIMUM [1657,2,[1,1,1,1,1,1,1],8]
MAXIMUM [1658,6,[2,2,2,2,2,1,1],8]
MAXIMUM [1659,0,[1,1,1,1,1,1,1],8]
MAXIMUM [1660,18,[4,4,4,4,5,5,2],42]
MAXIMUM [1661,9,[11,1,1,1,1,1,1],8]
MAXIMUM [1662,12,[3,3,3,3,1,1,1],17]
MAXIMUM [1663,3,[1,1,1,1,1,1,1],8]
MAXIMUM [1664,26,[32,4,4,4,1,1,2],32]
MAXIMUM [1665,42,[45,9,3,3,1,1,1],15]
MAXIMUM [1666,0,[1,1,1,1,1,1,1],8]
MAXIMUM [1667,6,[1,1,1,1,1,1,1],8]
MAXIMUM [1668,12,[2,2,2,2,2,3,3],8]
MAXIMUM [1669,4,[1,1,1,1,1,1,1],8]
MAXIMUM [1670,10,[2,2,2,2,2,5,5],8]
MAXIMUM [1671,6,[3,3,3,3,1,1,1],8]
MAXIMUM [1672,30,[44,2,2,2,2,1,1],41]
MAXIMUM [1673,0,[1,1,1,1,1,1,1],8]
MAXIMUM [1674,51,[54,18,9,1,1,1,6],11]
MAXIMUM [1675,15,[25,1,1,1,1,1,5],8]
MAXIMUM [1676,4,[1,1,1,1,1,1,1],8]
MAXIMUM [1677,3,[1,1,1,1,1,1,1],8]
MAXIMUM [1678,2,[1,1,1,1,1,1,1],8]
MAXIMUM [1679,14,[23,1,1,1,1,1,1],8]
MAXIMUM [1680,0,[1,1,1,1,1,1,1],8]
MAXIMUM [1681,6,[1,1,1,1,1,1,1],8]
MAXIMUM [1682,58,[58,2,2,2,2,1,1],9]
MAXIMUM [1683,47,[33,17,3,3,3,1,1],22]
MAXIMUM [1684,16,[4,4,4,4,2,1,1],8]
MAXIMUM [1685,10,[5,5,1,1,1,1,1],8]
MAXIMUM [1686,20,[6,6,6,3,2,2,1],10]
MAXIMUM [1687,0,[1,1,1,1,1,1,1],8]
MAXIMUM [1688,26,[8,8,8,4,1,1,2],10]
MAXIMUM [1689,9,[3,3,3,3,1,1,1],8]
MAXIMUM [1690,20,[10,10,1,1,1,1,1],11]
MAXIMUM [1691,3,[1,1,1,1,1,1,1],8]
MAXIMUM [1692,37,[12,12,18,4,4,3,1],30]
MAXIMUM [1693,1,[1,1,1,1,1,1,1],8]
MAXIMUM [1694,0,[1,1,1,1,1,1,1],8]
MAXIMUM [1695,30,[15,15,1,1,1,1,1],8]
MAXIMUM [1696,38,[16,16,8,2,2,1,1],24]
MAXIMUM [1697,4,[1,1,1,1,1,1,1],8]
MAXIMUM [1698,14,[6,6,6,2,2,1,1],8]
MAXIMUM [1699,2,[1,1,1,1,1,1,1],8]
MAXIMUM [1700,57,[34,20,25,2,2,2,1],33]
MAXIMUM [1701,0,[1,1,1,1,1,1,1],8]
MAXIMUM [1702,38,[46,1,1,2,2,2,2],9]
MAXIMUM [1703,5,[1,1,1,1,1,1,1],8]
MAXIMUM [1704,52,[24,24,8,3,3,2,2],13]
MAXIMUM [1705,14,[11,5,5,1,1,1,1],8]
MAXIMUM [1706,2,[1,1,1,1,1,1,1],8]
MAXIMUM [1707,9,[3,3,3,3,1,1,1],8]
MAXIMUM [1708,0,[1,1,1,1,1,1,1],8]
MAXIMUM [1709,6,[1,1,1,1,1,1,1],8]
MAXIMUM [1710,72,[30,30,9,9,2,2,2],18]
MAXIMUM [1711,20,[29,1,1,1,1,1,1],8]
MAXIMUM [1712,32,[16,16,4,4,2,1,1],11]
MAXIMUM [1713,6,[3,3,3,3,1,1,1],8]
MAXIMUM [1714,6,[2,2,2,2,2,1,1],8]
MAXIMUM [1715,0,[1,1,1,1,1,1,1],8]
MAXIMUM [1716,40,[22,12,12,4,4,1,1],24]
MAXIMUM [1717,14,[17,1,1,1,1,1,1],8]
MAXIMUM [1718,4,[1,1,1,1,1,1,1],8]
MAXIMUM [1719,21,[9,9,9,1,1,1,3],8]
MAXIMUM [1720,44,[40,5,4,4,1,1,1],15]
MAXIMUM [1721,1,[1,1,1,1,1,1,1],8]
MAXIMUM [1722,0,[1,1,1,1,1,1,1],8]
MAXIMUM [1723,6,[1,1,1,1,1,1,1],8]
MAXIMUM [1724,10,[2,2,2,2,2,1,1],22]
MAXIMUM [1725,30,[15,15,23,3,3,1,1],12]
MAXIMUM [1726,8,[2,2,2,2,2,1,1],8]
MAXIMUM [1727,8,[11,1,1,1,1,1,1],8]
MAXIMUM [1728,122,[48,72,27,16,9,2,2],30]
MAXIMUM [1729,0,[1,1,1,1,1,1,1],8]
MAXIMUM [1730,10,[5,5,1,1,1,1,1],11]
MAXIMUM [1731,9,[3,3,3,3,1,1,1],8]
MAXIMUM [1732,4,[1,1,1,1,1,1,1],8]
MAXIMUM [1733,3,[1,1,1,1,1,1,1],8]
MAXIMUM [1734,39,[34,6,6,6,3,1,2],10]
MAXIMUM [1735,5,[5,5,1,1,1,1,1],8]
MAXIMUM [1736,0,[1,1,1,1,1,1,1],8]
MAXIMUM [1737,15,[9,9,9,1,1,1,3],8]
MAXIMUM [1738,24,[22,2,2,2,2,1,1],9]
MAXIMUM [1739,4,[1,1,1,1,1,1,1],8]
MAXIMUM [1740,122,[60,58,30,4,4,3,3],15]
MAXIMUM [1741,2,[1,1,1,1,1,1,1],8]
MAXIMUM [1742,6,[2,2,2,2,2,1,1],8]
MAXIMUM [1743,0,[1,1,1,1,1,1,1],8]
MAXIMUM [1744,26,[8,8,8,4,1,1,2],21]
MAXIMUM [1745,5,[1,1,1,1,1,1,1],8]
MAXIMUM [1746,12,[3,3,3,3,1,1,1],62]
MAXIMUM [1747,3,[1,1,1,1,1,1,1],8]
MAXIMUM [1748,36,[46,4,4,4,4,1,1],8]
MAXIMUM [1749,21,[33,3,3,3,1,1,1],9]
MAXIMUM [1750,0,[1,1,1,1,1,1,1],8]
MAXIMUM [1751,10,[17,1,1,1,1,1,1],8]
MAXIMUM [1752,40,[24,24,8,2,2,3,3],10]
MAXIMUM [1753,4,[1,1,1,1,1,1,1],8]
MAXIMUM [1754,8,[2,2,2,2,2,1,1],8]
MAXIMUM [1755,42,[27,45,3,3,1,1,1],15]
MAXIMUM [1756,6,[2,2,2,2,2,1,1],22]
MAXIMUM [1757,0,[1,1,1,1,1,1,1],8]
MAXIMUM [1758,6,[1,1,1,1,1,1,1],8]
MAXIMUM [1759,5,[1,1,1,1,1,1,1],8]
MAXIMUM [1760,48,[40,22,8,1,1,4,4],37]
MAXIMUM [1761,3,[1,1,1,1,1,1,1],8]
MAXIMUM [1762,2,[1,1,1,1,1,1,1],8]
MAXIMUM [1763,1,[1,1,1,1,1,1,1],8]
MAXIMUM [1764,0,[1,1,1,1,1,1,1],8]
MAXIMUM [1765,10,[5,5,1,1,1,1,1],8]
MAXIMUM [1766,10,[2,2,2,2,2,1,1],8]
MAXIMUM [1767,12,[3,3,3,3,1,1,1],8]
MAXIMUM [1768,34,[34,4,4,4,4,1,1],17]
MAXIMUM [1769,10,[29,1,1,1,1,1,1],8]
MAXIMUM [1770,42,[30,30,3,3,2,2,2],15]
MAXIMUM [1771,0,[1,1,1,1,1,1,1],8]
MAXIMUM [1772,14,[4,4,4,4,1,1,2],8]
MAXIMUM [1773,27,[9,9,9,3,1,1,1],8]
MAXIMUM [1774,4,[1,1,1,1,1,1,1],8]
MAXIMUM [1775,25,[25,5,1,1,1,1,1],8]
MAXIMUM [1776,55,[48,12,6,4,4,3,1],36]
MAXIMUM [1777,1,[1,1,1,1,1,1,1],8]
MAXIMUM [1778,0,[1,1,1,1,1,1,1],8]
MAXIMUM [1779,6,[1,1,1,1,1,1,1],8]
MAXIMUM [1780,18,[10,10,2,2,2,1,1],25]
MAXIMUM [1781,4,[1,1,1,1,1,1,1],8]
MAXIMUM [1782,62,[18,18,27,11,6,2,2],52]
MAXIMUM [1783,2,[1,1,1,1,1,1,1],8]
MAXIMUM [1784,6,[2,2,2,2,2,1,1],50]
MAXIMUM [1785,0,[1,1,1,1,1,1,1],8]
MAXIMUM [1786,6,[1,1,1,1,1,1,1],8]
MAXIMUM [1787,5,[1,1,1,1,1,1,1],8]
MAXIMUM [1788,24,[12,12,3,3,1,1,1],10]
MAXIMUM [1789,3,[1,1,1,1,1,1,1],8]
MAXIMUM [1790,10,[5,5,1,1,1,1,1],11]
MAXIMUM [1791,18,[9,9,9,3,1,1,1],10]
MAXIMUM [1792,0,[1,1,1,1,1,1,1],8]
MAXIMUM [1793,13,[11,1,1,1,1,1,1],8]
MAXIMUM [1794,30,[23,2,2,2,2,2,3],9]
MAXIMUM [1795,10,[5,5,1,1,1,1,1],8]
MAXIMUM [1796,16,[4,4,4,4,2,1,1],8]
MAXIMUM [1797,6,[3,3,3,3,1,1,1],8]
MAXIMUM [1798,38,[58,2,2,2,2,1,1],8]
MAXIMUM [1799,0,[1,1,1,1,1,1,1],8]
MAXIMUM [1800,105,[60,36,18,8,8,9,1],69]
MAXIMUM [1801,5,[1,1,1,1,1,1,1],8]
MAXIMUM [1802,18,[17,1,1,1,1,1,1],9]
MAXIMUM [1803,3,[1,1,1,1,1,1,1],8]
MAXIMUM [1804,16,[11,4,4,4,4,1,2],17]
MAXIMUM [1805,5,[5,5,1,1,1,1,1],8]
MAXIMUM [1806,0,[1,1,1,1,1,1,1],8]
MAXIMUM [1807,6,[1,1,1,1,1,1,1],8]
MAXIMUM [1808,38,[16,16,8,2,2,1,1],15]
MAXIMUM [1809,21,[27,3,3,3,1,1,1],13]
MAXIMUM [1810,10,[2,2,2,2,2,5,5],8]
MAXIMUM [1811,2,[1,1,1,1,1,1,1],8]
MAXIMUM [1812,20,[6,6,6,3,2,2,1],34]
MAXIMUM [1813,0,[1,1,1,1,1,1,1],8]
MAXIMUM [1814,6,[1,1,1,1,1,1,1],8]
MAXIMUM [1815,31,[15,15,11,3,3,1,1],14]
MAXIMUM [1816,16,[8,8,8,1,1,1,1],8]
MAXIMUM [1817,19,[23,1,1,1,1,1,1],8]
MAXIMUM [1818,27,[18,18,6,3,1,2,2],14]
MAXIMUM [1819,13,[17,1,1,1,1,1,1],8]
MAXIMUM [1820,0,[1,1,1,1,1,1,1],8]
MAXIMUM [1821,6,[1,1,1,1,1,1,1],8]
MAXIMUM [1822,10,[2,2,2,2,2,1,1],8]
MAXIMUM [1823,4,[1,1,1,1,1,1,1],8]
MAXIMUM [1824,66,[32,48,4,4,6,1,1],29]
MAXIMUM [1825,20,[25,5,1,1,1,1,1],10]
MAXIMUM [1826,9,[11,2,2,2,2,2,1],13]
MAXIMUM [1827,0,[1,1,1,1,1,1,1],8]
MAXIMUM [1828,14,[4,4,4,4,1,1,2],8]
MAXIMUM [1829,5,[1,1,1,1,1,1,1],8]
MAXIMUM [1830,28,[10,10,3,3,3,3,1],56]
MAXIMUM [1831,3,[1,1,1,1,1,1,1],8]
MAXIMUM [1832,10,[4,4,4,4,1,1,2],17]
MAXIMUM [1833,9,[3,3,3,3,1,1,1],8]
MAXIMUM [1834,0,[1,1,1,1,1,1,1],8]
MAXIMUM [1835,10,[5,5,1,1,1,1,1],8]
MAXIMUM [1836,90,[51,36,9,9,2,2,2],14]
MAXIMUM [1837,5,[11,1,1,1,1,1,1],8]
MAXIMUM [1838,8,[2,2,2,2,2,1,1],8]
MAXIMUM [1839,6,[3,3,3,3,1,1,1],8]
MAXIMUM [1840,57,[20,23,16,16,10,2,1],45]
MAXIMUM [1841,0,[1,1,1,1,1,1,1],8]
MAXIMUM [1842,6,[1,1,1,1,1,1,1],8]
MAXIMUM [1843,5,[1,1,1,1,1,1,1],8]
MAXIMUM [1844,4,[1,1,1,1,1,1,1],8]
MAXIMUM [1845,28,[9,9,9,15,5,1,1],16]
MAXIMUM [1846,2,[1,1,1,1,1,1,1],8]
MAXIMUM [1847,1,[1,1,1,1,1,1,1],8]
MAXIMUM [1848,0,[1,1,1,1,1,1,1],8]
MAXIMUM [1849,6,[1,1,1,1,1,1,1],8]
MAXIMUM [1850,40,[50,1,1,1,1,1,5],10]
MAXIMUM [1851,12,[3,3,3,3,1,1,1],8]
MAXIMUM [1852,16,[4,4,4,4,2,1,1],8]
MAXIMUM [1853,9,[17,1,1,1,1,1,1],8]
MAXIMUM [1854,24,[6,6,9,9,2,2,2],32]
MAXIMUM [1855,0,[1,1,1,1,1,1,1],8]
MAXIMUM [1856,98,[64,29,8,8,4,1,2],23]
MAXIMUM [1857,9,[3,3,3,3,1,1,1],8]
MAXIMUM [1858,4,[1,1,1,1,1,1,1],8]
MAXIMUM [1859,12,[11,1,1,1,1,1,1],8]
MAXIMUM [1860,55,[60,12,6,4,4,3,1],18]
MAXIMUM [1861,1,[1,1,1,1,1,1,1],8]
MAXIMUM [1862,0,[1,1,1,1,1,1,1],8]
MAXIMUM [1863,24,[23,9,9,9,1,1,3],17]
MAXIMUM [1864,22,[8,8,8,2,2,1,1],10]
MAXIMUM [1865,10,[5,5,1,1,1,1,1],8]
MAXIMUM [1866,14,[6,6,6,2,2,1,1],8]
MAXIMUM [1867,2,[1,1,1,1,1,1,1],8]
MAXIMUM [1868,6,[2,2,2,2,2,1,1],22]
MAXIMUM [1869,0,[1,1,1,1,1,1,1],8]
MAXIMUM [1870,32,[22,17,5,5,1,1,1],27]
MAXIMUM [1871,5,[1,1,1,1,1,1,1],8]
MAXIMUM [1872,56,[24,36,8,8,3,3,2],107]
MAXIMUM [1873,3,[1,1,1,1,1,1,1],8]
MAXIMUM [1874,2,[1,1,1,1,1,1,1],8]
MAXIMUM [1875,18,[25,3,3,3,3,5,1],16]
MAXIMUM [1876,0,[1,1,1,1,1,1,1],8]
MAXIMUM [1877,6,[1,1,1,1,1,1,1],8]
MAXIMUM [1878,12,[2,2,2,2,2,3,3],8]
MAXIMUM [1879,4,[1,1,1,1,1,1,1],8]
MAXIMUM [1880,25,[20,4,4,4,2,5,1],37]
MAXIMUM [1881,33,[33,3,3,3,1,1,1],15]
MAXIMUM [1882,6,[2,2,2,2,2,1,1],8]
MAXIMUM [1883,0,[1,1,1,1,1,1,1],8]
MAXIMUM [1884,22,[12,12,4,4,1,1,2],11]
MAXIMUM [1885,25,[29,1,1,1,1,1,1],8]
MAXIMUM [1886,10,[23,1,1,1,1,1,1],9]
MAXIMUM [1887,39,[51,1,1,1,3,3,3],8]
MAXIMUM [1888,26,[32,4,4,4,1,1,2],18]
MAXIMUM [1889,1,[1,1,1,1,1,1,1],8]
MAXIMUM [1890,0,[1,1,1,1,1,1,1],8]
MAXIMUM [1891,6,[1,1,1,1,1,1,1],8]
MAXIMUM [1892,46,[44,2,2,2,2,1,1],18]
MAXIMUM [1893,12,[3,3,3,3,1,1,1],8]
MAXIMUM [1894,8,[2,2,2,2,2,1,1],8]
MAXIMUM [1895,10,[5,5,1,1,1,1,1],8]
MAXIMUM [1896,42,[24,24,3,3,2,2,2],12]
MAXIMUM [1897,0,[1,1,1,1,1,1,1],8]
MAXIMUM [1898,6,[1,1,1,1,1,1,1],8]
MAXIMUM [1899,27,[9,9,9,3,1,1,1],8]
MAXIMUM [1900,35,[50,5,1,1,1,1,1],12]
MAXIMUM [1901,3,[1,1,1,1,1,1,1],8]
MAXIMUM [1902,15,[6,6,6,3,1,1,1],8]
MAXIMUM [1903,4,[11,1,1,1,1,1,1],8]
MAXIMUM [1904,0,[1,1,1,1,1,1,1],8]
MAXIMUM [1905,30,[15,15,1,1,1,1,1],8]
MAXIMUM [1906,10,[2,2,2,2,2,1,1],8]
MAXIMUM [1907,4,[1,1,1,1,1,1,1],8]
MAXIMUM [1908,48,[18,18,9,4,4,4,3],30]
MAXIMUM [1909,5,[23,1,1,1,1,1,1],8]
MAXIMUM [1910,18,[10,10,2,2,2,1,1],9]
MAXIMUM [1911,0,[1,1,1,1,1,1,1],8]
MAXIMUM [1912,26,[8,8,8,4,1,1,2],10]
MAXIMUM [1913,5,[1,1,1,1,1,1,1],8]
MAXIMUM [1914,82,[66,29,3,3,3,1,1],22]
MAXIMUM [1915,5,[5,5,1,1,1,1,1],8]
MAXIMUM [1916,10,[4,4,4,4,1,1,2],8]
MAXIMUM [1917,36,[27,9,9,3,1,1,1],10]
MAXIMUM [1918,0,[1,1,1,1,1,1,1],8]
MAXIMUM [1919,6,[1,1,1,1,1,1,1],8]
MAXIMUM [1920,120,[64,30,60,16,8,3,3],37]
MAXIMUM [1921,18,[17,1,1,1,1,1,1],8]
MAXIMUM [1922,8,[2,2,2,2,2,1,1],8]
MAXIMUM [1923,6,[3,3,3,3,1,1,1],8]
MAXIMUM [1924,6,[2,2,2,2,2,1,1],22]
MAXIMUM [1925,0,[1,1,1,1,1,1,1],8]
MAXIMUM [1926,33,[18,18,9,1,1,1,3],10]
MAXIMUM [1927,5,[1,1,1,1,1,1,1],8]
MAXIMUM [1928,16,[8,8,8,1,1,1,1],8]
MAXIMUM [1929,3,[1,1,1,1,1,1,1],8]
MAXIMUM [1930,10,[5,5,1,1,1,1,1],11]
MAXIMUM [1931,1,[1,1,1,1,1,1,1],8]
MAXIMUM [1932,0,[1,1,1,1,1,1,1],8]
MAXIMUM [1933,6,[1,1,1,1,1,1,1],8]
MAXIMUM [1934,10,[2,2,2,2,2,1,1],8]
MAXIMUM [1935,51,[45,5,3,3,3,1,1],16]
MAXIMUM [1936,88,[88,4,4,4,2,1,1],11]
MAXIMUM [1937,2,[1,1,1,1,1,1,1],8]
MAXIMUM [1938,48,[34,6,6,6,3,2,1],13]
MAXIMUM [1939,0,[1,1,1,1,1,1,1],8]
MAXIMUM [1940,18,[4,4,4,4,5,5,2],42]
MAXIMUM [1941,9,[3,3,3,3,1,1,1],8]
MAXIMUM [1942,4,[1,1,1,1,1,1,1],8]
MAXIMUM [1943,15,[29,1,1,1,1,1,1],8]
MAXIMUM [1944,73,[54,12,12,4,4,3,1],96]
MAXIMUM [1945,5,[5,5,1,1,1,1,1],8]
MAXIMUM [1946,0,[1,1,1,1,1,1,1],8]
MAXIMUM [1947,24,[33,1,1,1,3,3,3],9]
MAXIMUM [1948,10,[2,2,2,2,2,1,1],22]
MAXIMUM [1949,4,[1,1,1,1,1,1,1],8]
MAXIMUM [1950,53,[25,30,6,6,2,2,3],14]
MAXIMUM [1951,2,[1,1,1,1,1,1,1],8]
MAXIMUM [1952,22,[16,16,2,2,2,1,1],33]
MAXIMUM [1953,0,[1,1,1,1,1,1,1],8]
MAXIMUM [1954,6,[1,1,1,1,1,1,1],8]
MAXIMUM [1955,33,[23,17,1,1,1,1,1],9]
MAXIMUM [1956,24,[12,12,3,3,1,1,1],10]
MAXIMUM [1957,3,[1,1,1,1,1,1,1],8]
MAXIMUM [1958,8,[11,1,1,1,1,1,1],9]
MAXIMUM [1959,9,[3,3,3,3,1,1,1],8]
MAXIMUM [1960,0,[1,1,1,1,1,1,1],8]
MAXIMUM [1961,6,[1,1,1,1,1,1,1],8]
MAXIMUM [1962,30,[9,9,9,2,2,2,3],13]
MAXIMUM [1963,4,[1,1,1,1,1,1,1],8]
MAXIMUM [1964,16,[4,4,4,4,2,1,1],8]
MAXIMUM [1965,14,[5,5,3,3,3,3,1],16]
MAXIMUM [1966,6,[2,2,2,2,2,1,1],8]
MAXIMUM [1967,0,[1,1,1,1,1,1,1],8]
MAXIMUM [1968,30,[8,8,8,12,1,1,2],71]
MAXIMUM [1969,9,[11,1,1,1,1,1,1],8]
MAXIMUM [1970,20,[10,10,1,1,1,1,1],11]
MAXIMUM [1971,30,[27,9,9,1,1,1,3],11]
MAXIMUM [1972,42,[34,29,4,4,4,4,1],17]
MAXIMUM [1973,1,[1,1,1,1,1,1,1],8]
MAXIMUM [1974,0,[1,1,1,1,1,1,1],8]
MAXIMUM [1975,25,[25,5,1,1,1,1,1],8]
MAXIMUM [1976,22,[8,8,8,2,2,1,1],10]
MAXIMUM [1977,12,[3,3,3,3,1,1,1],8]
MAXIMUM [1978,46,[46,2,2,2,2,1,1],9]
MAXIMUM [1979,2,[1,1,1,1,1,1,1],8]
MAXIMUM [1980,132,[90,66,3,3,2,2,2],22]
MAXIMUM [1981,0,[1,1,1,1,1,1,1],8]
MAXIMUM [1982,6,[1,1,1,1,1,1,1],8]
MAXIMUM [1983,9,[3,3,3,3,1,1,1],8]
MAXIMUM [1984,48,[64,8,8,1,1,1,2],10]
MAXIMUM [1985,5,[5,5,1,1,1,1,1],8]
MAXIMUM [1986,15,[6,6,6,3,1,1,1],8]
MAXIMUM [1987,1,[1,1,1,1,1,1,1],8]
MAXIMUM [1988,0,[1,1,1,1,1,1,1],8]
MAXIMUM [1989,36,[51,9,9,9,1,1,1],8]
MAXIMUM [1990,18,[10,10,2,2,2,1,1],8]
MAXIMUM [1991,5,[11,1,1,1,1,1,1],8]
MAXIMUM [1992,18,[4,4,4,4,6,1,1],122]
MAXIMUM [1993,2,[1,1,1,1,1,1,1],8]
MAXIMUM [1994,6,[2,2,2,2,2,1,1],8]
MAXIMUM [1995,0,[1,1,1,1,1,1,1],8]
MAXIMUM [1996,14,[4,4,4,4,1,1,2],8]
MAXIMUM [1997,5,[1,1,1,1,1,1,1],8]
MAXIMUM [1998,48,[54,3,3,6,2,2,2],19]
MAXIMUM [1999,3,[1,1,1,1,1,1,1],8]
MAXIMUM [2000,54,[40,25,4,4,1,1,1],13]
MAXIMUM [2001,26,[23,29,3,3,3,3,1],9]
MAXIMUM [2002,0,[1,1,1,1,1,1,1],8]
MAXIMUM [2003,6,[1,1,1,1,1,1,1],8]
MAXIMUM [2004,12,[2,2,2,2,2,3,3],8]
MAXIMUM [2005,10,[5,5,1,1,1,1,1],8]
MAXIMUM [2006,26,[34,2,2,2,2,1,1],8]
MAXIMUM [2007,6,[3,3,3,3,1,1,1],17]
MAXIMUM [2008,6,[2,2,2,2,2,1,1],50]
MAXIMUM [2009,0,[1,1,1,1,1,1,1],8]
MAXIMUM [2010,30,[15,15,1,1,1,1,1],11]
MAXIMUM [2011,5,[1,1,1,1,1,1,1],8]
MAXIMUM [2012,4,[1,1,1,1,1,1,1],8]
MAXIMUM [2013,12,[11,1,1,1,1,1,1],9]
MAXIMUM [2014,2,[1,1,1,1,1,1,1],8]
MAXIMUM [2015,5,[5,5,1,1,1,1,1],8]
MAXIMUM [2016,0,[1,1,1,1,1,1,1],8]
MAXIMUM [2017,6,[1,1,1,1,1,1,1],8]
MAXIMUM [2018,10,[2,2,2,2,2,1,1],8]
MAXIMUM [2019,12,[3,3,3,3,1,1,1],8]
MAXIMUM [2020,25,[20,4,4,4,2,5,1],10]
MAXIMUM [2021,2,[1,1,1,1,1,1,1],8]
MAXIMUM [2022,20,[6,6,6,3,2,2,1],10]
MAXIMUM [2023,0,[1,1,1,1,1,1,1],8]
MAXIMUM [2024,106,[88,46,4,4,4,1,1],14]
MAXIMUM [2025,46,[15,25,9,9,9,1,1],44]
MAXIMUM [2026,4,[1,1,1,1,1,1,1],8]
MAXIMUM [2027,3,[1,1,1,1,1,1,1],8]
MAXIMUM [2028,31,[12,12,6,4,4,3,1],12]
MAXIMUM [2029,1,[1,1,1,1,1,1,1],8]
MAXIMUM [2030,0,[1,1,1,1,1,1,1],8]
MAXIMUM [2031,6,[1,1,1,1,1,1,1],8]
MAXIMUM [2032,38,[16,16,8,2,2,1,1],15]
MAXIMUM [2033,4,[1,1,1,1,1,1,1],8]
MAXIMUM [2034,44,[18,18,9,6,2,2,1],14]
MAXIMUM [2035,16,[11,5,5,1,1,1,1],10]
MAXIMUM [2036,6,[2,2,2,2,2,1,1],22]
MAXIMUM [2037,0,[1,1,1,1,1,1,1],8]
MAXIMUM [2038,6,[1,1,1,1,1,1,1],8]
MAXIMUM [2039,5,[1,1,1,1,1,1,1],8]
MAXIMUM [2040,80,[24,24,34,10,15,8,3],73]
MAXIMUM [2041,3,[1,1,1,1,1,1,1],8]
MAXIMUM [2042,2,[1,1,1,1,1,1,1],8]
MAXIMUM [2043,18,[9,9,9,3,1,1,1],10]
MAXIMUM [2044,0,[1,1,1,1,1,1,1],8]
MAXIMUM [2045,10,[5,5,1,1,1,1,1],8]
MAXIMUM [2046,48,[66,2,2,2,3,3,3],9]
MAXIMUM [2047,10,[23,1,1,1,1,1,1],8]
MAXIMUM [2048,48,[32,16,4,4,2,1,1],21]
MAXIMUM [2049,6,[3,3,3,3,1,1,1],8]
MAXIMUM [2050,19,[10,25,2,2,2,2,1],19]
MAXIMUM [2051,0,[1,1,1,1,1,1,1],8]
MAXIMUM [2052,79,[36,54,12,9,4,4,1],16]
MAXIMUM [2053,5,[1,1,1,1,1,1,1],8]
MAXIMUM [2054,4,[1,1,1,1,1,1,1],8]
MAXIMUM [2055,15,[15,15,1,1,1,1,1],8]
MAXIMUM [2056,10,[4,4,4,4,1,1,2],17]
MAXIMUM [2057,16,[17,11,1,1,1,1,1],9]
MAXIMUM [2058,0,[1,1,1,1,1,1,1],8]
MAXIMUM [2059,30,[29,1,1,1,1,1,1],8]
MAXIMUM [2060,18,[10,10,2,2,2,1,1],25]
MAXIMUM [2061,12,[3,3,3,3,1,1,1],17]
MAXIMUM [2062,8,[2,2,2,2,2,1,1],8]
MAXIMUM [2063,2,[1,1,1,1,1,1,1],8]
MAXIMUM [2064,74,[48,24,16,3,3,2,2],16]
MAXIMUM [2065,0,[1,1,1,1,1,1,1],8]
MAXIMUM [2066,6,[1,1,1,1,1,1,1],8]
MAXIMUM [2067,9,[3,3,3,3,1,1,1],8]
MAXIMUM [2068,16,[22,1,1,1,1,1,1],9]
MAXIMUM [2069,3,[1,1,1,1,1,1,1],8]
MAXIMUM [2070,101,[90,46,6,6,3,1,2],11]
MAXIMUM [2071,1,[1,1,1,1,1,1,1],8]
MAXIMUM [2072,0,[1,1,1,1,1,1,1],8]
MAXIMUM [2073,6,[1,1,1,1,1,1,1],8]
MAXIMUM [2074,19,[17,2,2,2,2,2,1],13]
MAXIMUM [2075,10,[5,5,1,1,1,1,1],10]
MAXIMUM [2076,18,[4,4,4,4,6,1,1],36]
MAXIMUM [2077,2,[1,1,1,1,1,1,1],8]
MAXIMUM [2078,6,[2,2,2,2,2,1,1],8]
MAXIMUM [2079,0,[1,1,1,1,1,1,1],8]
MAXIMUM [2080,54,[32,40,4,4,1,1,2],15]
MAXIMUM [2081,5,[1,1,1,1,1,1,1],8]
MAXIMUM [2082,12,[3,3,3,3,1,1,1],17]
MAXIMUM [2083,3,[1,1,1,1,1,1,1],8]
MAXIMUM [2084,10,[4,4,4,4,1,1,2],8]
MAXIMUM [2085,13,[3,3,3,3,5,5,1],27]
MAXIMUM [2086,0,[1,1,1,1,1,1,1],8]
MAXIMUM [2087,6,[1,1,1,1,1,1,1],8]
MAXIMUM [2088,148,[72,58,24,9,9,8,2],19]
MAXIMUM [2089,4,[1,1,1,1,1,1,1],8]
MAXIMUM [2090,18,[11,2,2,2,2,2,5],9]
MAXIMUM [2091,13,[17,3,3,3,3,1,1],12]
MAXIMUM [2092,6,[2,2,2,2,2,1,1],22]
MAXIMUM [2093,0,[1,1,1,1,1,1,1],8]
MAXIMUM [2094,6,[1,1,1,1,1,1,1],8]
MAXIMUM [2095,5,[1,1,1,1,1,1,1],8]
MAXIMUM [2096,16,[8,8,8,1,1,1,1],13]
MAXIMUM [2097,21,[9,9,9,1,1,1,3],8]
MAXIMUM [2098,2,[1,1,1,1,1,1,1],8]
MAXIMUM [2099,1,[1,1,1,1,1,1,1],8]
MAXIMUM [2100,0,[1,1,1,1,1,1,1],8]
MAXIMUM [2101,13,[11,1,1,1,1,1,1],8]
MAXIMUM [2102,10,[2,2,2,2,2,1,1],8]
MAXIMUM [2103,12,[3,3,3,3,1,1,1],8]
MAXIMUM [2104,16,[4,4,4,4,2,1,1],20]
MAXIMUM [2105,10,[5,5,1,1,1,1,1],8]
MAXIMUM [2106,42,[27,6,6,9,2,2,2],32]
MAXIMUM [2107,0,[1,1,1,1,1,1,1],8]
MAXIMUM [2108,18,[17,4,4,4,4,1,2],17]
MAXIMUM [2109,9,[3,3,3,3,1,1,1],8]
MAXIMUM [2110,20,[10,10,1,1,1,1,1],11]
MAXIMUM [2111,3,[1,1,1,1,1,1,1],8]
MAXIMUM [2112,98,[48,33,32,12,6,4,1],44]
MAXIMUM [2113,1,[1,1,1,1,1,1,1],8]
MAXIMUM [2114,0,[1,1,1,1,1,1,1],8]
MAXIMUM [2115,36,[15,15,9,9,1,1,1],9]
MAXIMUM [2116,29,[23,2,2,2,2,2,1],37]
MAXIMUM [2117,20,[29,1,1,1,1,1,1],8]
MAXIMUM [2118,14,[6,6,6,2,2,1,1],8]
MAXIMUM [2119,2,[1,1,1,1,1,1,1],8]
MAXIMUM [2120,28,[20,10,2,2,2,1,1],29]
MAXIMUM [2121,0,[1,1,1,1,1,1,1],8]
MAXIMUM [2122,6,[1,1,1,1,1,1,1],8]
MAXIMUM [2123,9,[11,1,1,1,1,1,1],8]
MAXIMUM [2124,36,[36,12,3,3,1,1,1],19]
MAXIMUM [2125,27,[25,17,5,1,1,1,1],9]
MAXIMUM [2126,2,[1,1,1,1,1,1,1],8]
MAXIMUM [2127,9,[3,3,3,3,1,1,1],8]
MAXIMUM [2128,0,[1,1,1,1,1,1,1],8]
MAXIMUM [2129,6,[1,1,1,1,1,1,1],8]
MAXIMUM [2130,60,[30,30,2,2,2,3,3],11]
MAXIMUM [2131,4,[1,1,1,1,1,1,1],8]
MAXIMUM [2132,16,[4,4,4,4,2,1,1],8]
MAXIMUM [2133,24,[27,3,3,3,1,1,1],13]
MAXIMUM [2134,9,[11,2,2,2,2,2,1],13]
MAXIMUM [2135,0,[1,1,1,1,1,1,1],8]
MAXIMUM [2136,30,[8,8,8,12,1,1,2],27]
MAXIMUM [2137,5,[1,1,1,1,1,1,1],8]
MAXIMUM [2138,4,[1,1,1,1,1,1,1],8]
MAXIMUM [2139,19,[23,1,1,1,1,1,1],8]
MAXIMUM [2140,26,[20,5,4,4,4,1,2],20]
MAXIMUM [2141,1,[1,1,1,1,1,1,1],8]
MAXIMUM [2142,0,[1,1,1,1,1,1,1],8]
MAXIMUM [2143,6,[1,1,1,1,1,1,1],8]
MAXIMUM [2144,38,[16,16,8,2,2,1,1],24]
MAXIMUM [2145,45,[33,15,15,3,1,1,1],13]
MAXIMUM [2146,48,[58,2,2,2,2,1,1],9]
MAXIMUM [2147,2,[1,1,1,1,1,1,1],8]
MAXIMUM [2148,20,[6,6,6,3,2,2,1],34]
MAXIMUM [2149,0,[1,1,1,1,1,1,1],8]
MAXIMUM [2150,50,[50,5,1,1,1,1,1],9]
MAXIMUM [2151,27,[9,9,9,3,1,1,1],8]
MAXIMUM [2152,16,[8,8,8,1,1,1,1],8]
MAXIMUM [2153,3,[1,1,1,1,1,1,1],8]
MAXIMUM [2154,15,[6,6,6,3,1,1,1],8]
MAXIMUM [2155,5,[5,5,1,1,1,1,1],8]
MAXIMUM [2156,0,[1,1,1,1,1,1,1],8]
MAXIMUM [2157,6,[1,1,1,1,1,1,1],8]
MAXIMUM [2158,10,[2,2,2,2,2,1,1],8]
MAXIMUM [2159,18,[17,1,1,1,1,1,1],8]
MAXIMUM [2160,157,[60,72,18,27,16,16,1],26]
MAXIMUM [2161,2,[1,1,1,1,1,1,1],8]
MAXIMUM [2162,19,[23,2,2,2,2,2,1],13]
MAXIMUM [2163,0,[1,1,1,1,1,1,1],8]
MAXIMUM [2164,14,[4,4,4,4,1,1,2],8]
MAXIMUM [2165,5,[1,1,1,1,1,1,1],8]
MAXIMUM [2166,12,[3,3,3,3,1,1,1],17]
MAXIMUM [2167,12,[11,1,1,1,1,1,1],8]
MAXIMUM [2168,10,[4,4,4,4,1,1,2],17]
MAXIMUM [2169,18,[9,9,9,3,1,1,1],10]
MAXIMUM [2170,0,[1,1,1,1,1,1,1],8]
MAXIMUM [2171,6,[1,1,1,1,1,1,1],8]
MAXIMUM [2172,12,[2,2,2,2,2,3,3],8]
MAXIMUM [2173,4,[1,1,1,1,1,1,1],8]
MAXIMUM [2174,8,[2,2,2,2,2,1,1],8]
MAXIMUM [2175,32,[25,29,5,3,3,3,3],17]
MAXIMUM [2176,50,[34,16,16,2,2,1,1],43]
MAXIMUM [2177,0,[1,1,1,1,1,1,1],8]
MAXIMUM [2178,51,[22,18,18,9,1,1,3],19]
MAXIMUM [2179,5,[1,1,1,1,1,1,1],8]
MAXIMUM [2180,20,[10,10,1,1,1,1,1],14]
MAXIMUM [2181,3,[1,1,1,1,1,1,1],8]
MAXIMUM [2182,2,[1,1,1,1,1,1,1],8]
MAXIMUM [2183,1,[1,1,1,1,1,1,1],8]
MAXIMUM [2184,0,[1,1,1,1,1,1,1],8]
MAXIMUM [2185,19,[23,5,5,1,1,1,1],10]
MAXIMUM [2186,10,[2,2,2,2,2,1,1],8]
MAXIMUM [2187,21,[27,3,3,3,1,1,1],13]
MAXIMUM [2188,16,[4,4,4,4,2,1,1],8]
MAXIMUM [2189,8,[11,1,1,1,1,1,1],8]
MAXIMUM [2190,42,[30,30,3,3,2,2,2],15]
MAXIMUM [2191,0,[1,1,1,1,1,1,1],8]
MAXIMUM [2192,26,[8,8,8,4,1,1,2],21]
MAXIMUM [2193,51,[51,3,3,3,1,1,1],9]
MAXIMUM [2194,4,[1,1,1,1,1,1,1],8]
MAXIMUM [2195,5,[5,5,1,1,1,1,1],8]
MAXIMUM [2196,37,[12,12,18,4,4,3,1],30]
MAXIMUM [2197,1,[1,1,1,1,1,1,1],8]
MAXIMUM [2198,0,[1,1,1,1,1,1,1],8]
MAXIMUM [2199,6,[1,1,1,1,1,1,1],8]
MAXIMUM [2200,72,[44,25,8,8,8,10,1],23]
MAXIMUM [2201,4,[1,1,1,1,1,1,1],8]
MAXIMUM [2202,14,[6,6,6,2,2,1,1],8]
MAXIMUM [2203,2,[1,1,1,1,1,1,1],8]
MAXIMUM [2204,38,[58,2,2,2,2,1,1],18]
MAXIMUM [2205,0,[1,1,1,1,1,1,1],8]
MAXIMUM [2206,6,[1,1,1,1,1,1,1],8]
MAXIMUM [2207,5,[1,1,1,1,1,1,1],8]
MAXIMUM [2208,58,[24,24,46,8,3,3,2],50]
MAXIMUM [2209,3,[1,1,1,1,1,1,1],8]
MAXIMUM [2210,34,[34,5,5,2,2,2,2],12]
MAXIMUM [2211,21,[33,3,3,3,1,1,1],9]
MAXIMUM [2212,0,[1,1,1,1,1,1,1],8]
MAXIMUM [2213,6,[1,1,1,1,1,1,1],8]
MAXIMUM [2214,30,[9,9,9,2,2,2,3],23]
MAXIMUM [2215,10,[5,5,1,1,1,1,1],8]
MAXIMUM [2216,16,[4,4,4,4,2,1,1],20]
MAXIMUM [2217,6,[3,3,3,3,1,1,1],8]
MAXIMUM [2218,6,[2,2,2,2,2,1,1],8]
MAXIMUM [2219,0,[1,1,1,1,1,1,1],8]
MAXIMUM [2220,66,[60,30,4,4,4,3,3],14]
MAXIMUM [2221,5,[1,1,1,1,1,1,1],8]
MAXIMUM [2222,16,[22,1,1,1,1,1,1],8]
MAXIMUM [2223,21,[9,9,9,1,1,1,3],8]
MAXIMUM [2224,10,[4,4,4,4,1,1,2],31]
MAXIMUM [2225,10,[25,5,1,1,1,1,1],10]
MAXIMUM [2226,0,[1,1,1,1,1,1,1],8]
MAXIMUM [2227,10,[17,1,1,1,1,1,1],8]
MAXIMUM [2228,10,[2,2,2,2,2,1,1],22]
MAXIMUM [2229,12,[3,3,3,3,1,1,1],8]
MAXIMUM [2230,10,[2,2,2,2,2,5,5],8]
MAXIMUM [2231,5,[23,1,1,1,1,1,1],8]
MAXIMUM [2232,72,[72,24,9,9,2,2,2],10]
MAXIMUM [2233,0,[1,1,1,1,1,1,1],8]
MAXIMUM [2234,6,[1,1,1,1,1,1,1],8]
MAXIMUM [2235,27,[15,15,3,3,1,1,1],8]
MAXIMUM [2236,4,[1,1,1,1,1,1,1],8]
MAXIMUM [2237,3,[1,1,1,1,1,1,1],8]
MAXIMUM [2238,15,[6,6,6,3,1,1,1],8]
MAXIMUM [2239,1,[1,1,1,1,1,1,1],8]
MAXIMUM [2240,0,[1,1,1,1,1,1,1],8]
MAXIMUM [2241,15,[9,9,9,1,1,1,3],11]
MAXIMUM [2242,10,[2,2,2,2,2,1,1],8]
MAXIMUM [2243,4,[1,1,1,1,1,1,1],8]
MAXIMUM [2244,82,[51,44,4,4,6,6,3],33]
MAXIMUM [2245,10,[5,5,1,1,1,1,1],8]
MAXIMUM [2246,6,[2,2,2,2,2,1,1],8]
MAXIMUM [2247,0,[1,1,1,1,1,1,1],8]
MAXIMUM [2248,26,[8,8,8,4,1,1,2],10]
MAXIMUM [2249,5,[1,1,1,1,1,1,1],8]
MAXIMUM [2250,76,[45,50,3,3,3,1,1],12]
MAXIMUM [2251,3,[1,1,1,1,1,1,1],8]
MAXIMUM [2252,10,[4,4,4,4,1,1,2],8]
MAXIMUM [2253,9,[3,3,3,3,1,1,1],8]
MAXIMUM [2254,0,[1,1,1,1,1,1,1],8]
MAXIMUM [2255,17,[11,5,5,1,1,1,1],10]
MAXIMUM [2256,48,[16,16,24,2,2,3,3],21]
MAXIMUM [2257,4,[1,1,1,1,1,1,1],8]
MAXIMUM [2258,8,[2,2,2,2,2,1,1],8]
MAXIMUM [2259,6,[3,3,3,3,1,1,1],17]
MAXIMUM [2260,28,[20,10,2,2,2,1,1],17]
MAXIMUM [2261,0,[1,1,1,1,1,1,1],8]
MAXIMUM [2262,30,[29,1,1,1,1,1,1],9]
MAXIMUM [2263,5,[1,1,1,1,1,1,1],8]
MAXIMUM [2264,16,[8,8,8,1,1,1,1],8]
MAXIMUM [2265,15,[15,15,1,1,1,1,1],8]
MAXIMUM [2266,8,[11,1,1,1,1,1,1],9]
MAXIMUM [2267,1,[1,1,1,1,1,1,1],8]
MAXIMUM [2268,0,[1,1,1,1,1,1,1],8]
MAXIMUM [2269,6,[1,1,1,1,1,1,1],8]
MAXIMUM [2270,18,[10,10,2,2,2,1,1],8]
MAXIMUM [2271,12,[3,3,3,3,1,1,1],8]
MAXIMUM [2272,48,[32,16,4,4,2,1,1],13]
MAXIMUM [2273,2,[1,1,1,1,1,1,1],8]
MAXIMUM [2274,20,[6,6,6,3,2,2,1],10]
MAXIMUM [2275,0,[1,1,1,1,1,1,1],8]
MAXIMUM [2276,14,[4,4,4,4,1,1,2],8]
MAXIMUM [2277,50,[23,9,9,9,11,3,1],16]
MAXIMUM [2278,18,[17,1,1,1,1,1,1],9]
MAXIMUM [2279,3,[1,1,1,1,1,1,1],8]
MAXIMUM [2280,63,[40,12,12,6,4,3,1],43]
MAXIMUM [2281,1,[1,1,1,1,1,1,1],8]
MAXIMUM [2282,0,[1,1,1,1,1,1,1],8]
MAXIMUM [2283,6,[1,1,1,1,1,1,1],8]
MAXIMUM [2284,10,[2,2,2,2,2,1,1],22]
MAXIMUM [2285,10,[5,5,1,1,1,1,1],8]
MAXIMUM [2286,44,[18,18,9,6,2,2,1],14]
MAXIMUM [2287,2,[1,1,1,1,1,1,1],8]
MAXIMUM [2288,46,[44,16,16,2,2,1,1],15]
MAXIMUM [2289,0,[1,1,1,1,1,1,1],8]
MAXIMUM [2290,10,[5,5,1,1,1,1,1],11]
MAXIMUM [2291,25,[29,1,1,1,1,1,1],8]
MAXIMUM [2292,24,[12,12,3,3,1,1,1],10]
MAXIMUM [2293,3,[1,1,1,1,1,1,1],8]
MAXIMUM [2294,2,[1,1,1,1,1,1,1],8]
MAXIMUM [2295,87,[45,51,27,3,1,1,1],15]
MAXIMUM [2296,0,[1,1,1,1,1,1,1],8]
MAXIMUM [2297,6,[1,1,1,1,1,1,1],8]
MAXIMUM [2298,12,[2,2,2,2,2,3,3],8]
MAXIMUM [2299,5,[11,1,1,1,1,1,1],8]
MAXIMUM [2300,83,[46,25,20,4,4,4,1],17]
MAXIMUM [2301,6,[3,3,3,3,1,1,1],8]
MAXIMUM [2302,6,[2,2,2,2,2,1,1],8]
MAXIMUM [2303,0,[1,1,1,1,1,1,1],8]
MAXIMUM [2304,117,[64,36,18,8,8,9,3],61]
MAXIMUM [2305,5,[1,1,1,1,1,1,1],8]
MAXIMUM [2306,4,[1,1,1,1,1,1,1],8]
MAXIMUM [2307,3,[1,1,1,1,1,1,1],8]
MAXIMUM [2308,10,[4,4,4,4,1,1,2],8]
MAXIMUM [2309,1,[1,1,1,1,1,1,1],8]
MAXIMUM [2310,0,[1,1,1,1,1,1,1],8]
MAXIMUM [2311,6,[1,1,1,1,1,1,1],8]
MAXIMUM [2312,31,[17,8,8,8,2,2,1],19]
MAXIMUM [2313,12,[3,3,3,3,1,1,1],17]
MAXIMUM [2314,8,[2,2,2,2,2,1,1],8]
MAXIMUM [2315,10,[5,5,1,1,1,1,1],8]
MAXIMUM [2316,20,[6,6,6,3,2,2,1],34]
MAXIMUM [2317,0,[1,1,1,1,1,1,1],8]
MAXIMUM [2318,6,[1,1,1,1,1,1,1],8]
MAXIMUM [2319,9,[3,3,3,3,1,1,1],8]
MAXIMUM [2320,52,[40,29,8,1,2,4,4],29]
MAXIMUM [2321,12,[11,1,1,1,1,1,1],8]
MAXIMUM [2322,63,[54,18,6,9,1,1,1],15]
MAXIMUM [2323,14,[23,1,1,1,1,1,1],8]
MAXIMUM [2324,0,[1,1,1,1,1,1,1],8]
MAXIMUM [2325,35,[25,15,1,1,1,1,1],10]
MAXIMUM [2326,10,[2,2,2,2,2,1,1],8]
MAXIMUM [2327,4,[1,1,1,1,1,1,1],8]
MAXIMUM [2328,18,[4,4,4,4,6,1,1],122]
MAXIMUM [2329,9,[17,1,1,1,1,1,1],8]
MAXIMUM [2330,18,[10,10,2,2,2,1,1],9]
MAXIMUM [2331,0,[1,1,1,1,1,1,1],8]
MAXIMUM [2332,32,[22,4,4,4,4,1,1],13]
MAXIMUM [2333,5,[1,1,1,1,1,1,1],8]
MAXIMUM [2334,12,[3,3,3,3,1,1,1],17]
MAXIMUM [2335,5,[5,5,1,1,1,1,1],8]
MAXIMUM [2336,26,[32,4,4,4,1,1,2],18]
MAXIMUM [2337,9,[3,3,3,3,1,1,1],8]
MAXIMUM [2338,0,[1,1,1,1,1,1,1],8]
MAXIMUM [2339,6,[1,1,1,1,1,1,1],8]
MAXIMUM [2340,76,[30,36,9,9,10,2,2],48]
MAXIMUM [2341,4,[1,1,1,1,1,1,1],8]
MAXIMUM [2342,8,[2,2,2,2,2,1,1],8]
MAXIMUM [2343,33,[33,3,3,3,1,1,1],9]
MAXIMUM [2344,6,[2,2,2,2,2,1,1],50]
MAXIMUM [2345,0,[1,1,1,1,1,1,1],8]
MAXIMUM [2346,59,[46,51,1,2,6,6,6],13]
MAXIMUM [2347,5,[1,1,1,1,1,1,1],8]
MAXIMUM [2348,4,[1,1,1,1,1,1,1],8]
MAXIMUM [2349,42,[27,29,9,9,1,1,3],17]
MAXIMUM [2350,20,[25,5,1,1,1,1,1],16]
MAXIMUM [2351,1,[1,1,1,1,1,1,1],8]
MAXIMUM [2352,0,[1,1,1,1,1,1,1],8]
MAXIMUM [2353,6,[1,1,1,1,1,1,1],8]
MAXIMUM [2354,24,[22,2,2,2,2,1,1],9]
MAXIMUM [2355,24,[15,15,3,3,1,1,1],14]
MAXIMUM [2356,16,[4,4,4,4,2,1,1],8]
MAXIMUM [2357,2,[1,1,1,1,1,1,1],8]
MAXIMUM [2358,24,[6,6,9,9,2,2,2],32]
MAXIMUM [2359,0,[1,1,1,1,1,1,1],8]
MAXIMUM [2360,38,[40,8,4,4,1,1,2],17]
MAXIMUM [2361,9,[3,3,3,3,1,1,1],8]
MAXIMUM [2362,4,[1,1,1,1,1,1,1],8]
MAXIMUM [2363,5,[17,1,1,1,1,1,1],8]
MAXIMUM [2364,31,[12,12,6,4,4,3,1],12]
MAXIMUM [2365,8,[11,5,5,1,1,1,1],10]
MAXIMUM [2366,0,[1,1,1,1,1,1,1],8]
MAXIMUM [2367,15,[9,9,9,1,1,1,3],8]
MAXIMUM [2368,70,[64,16,8,2,4,1,1],15]
MAXIMUM [2369,10,[23,1,1,1,1,1,1],8]
MAXIMUM [2370,48,[30,30,2,2,2,3,3],9]
MAXIMUM [2371,2,[1,1,1,1,1,1,1],8]
MAXIMUM [2372,6,[2,2,2,2,2,1,1],22]
MAXIMUM [2373,0,[1,1,1,1,1,1,1],8]
MAXIMUM [2374,6,[1,1,1,1,1,1,1],8]
MAXIMUM [2375,15,[25,1,1,1,1,1,5],8]
MAXIMUM [2376,114,[66,54,8,8,8,3,3],45]
MAXIMUM [2377,3,[1,1,1,1,1,1,1],8]
MAXIMUM [2378,10,[29,1,1,1,1,1,1],9]
MAXIMUM [2379,9,[3,3,3,3,1,1,1],8]
MAXIMUM [2380,0,[1,1,1,1,1,1,1],8]
MAXIMUM [2381,6,[1,1,1,1,1,1,1],8]
MAXIMUM [2382,12,[2,2,2,2,2,3,3],8]
MAXIMUM [2383,4,[1,1,1,1,1,1,1],8]
MAXIMUM [2384,32,[16,16,4,4,2,1,1],11]
MAXIMUM [2385,28,[45,5,3,3,3,1,1],13]
MAXIMUM [2386,6,[2,2,2,2,2,1,1],8]
MAXIMUM [2387,0,[1,1,1,1,1,1,1],8]
MAXIMUM [2388,22,[12,12,4,4,1,1,2],11]
MAXIMUM [2389,5,[1,1,1,1,1,1,1],8]
MAXIMUM [2390,20,[10,10,1,1,1,1,1],11]
MAXIMUM [2391,3,[1,1,1,1,1,1,1],8]
MAXIMUM [2392,36,[46,4,4,4,4,1,1],17]
MAXIMUM [2393,1,[1,1,1,1,1,1,1],8]
MAXIMUM [2394,0,[1,1,1,1,1,1,1],8]
MAXIMUM [2395,10,[5,5,1,1,1,1,1],8]
MAXIMUM [2396,10,[2,2,2,2,2,1,1],22]
MAXIMUM [2397,26,[17,3,3,3,3,1,1],12]
MAXIMUM [2398,17,[11,2,2,2,2,2,1],13]
MAXIMUM [2399,2,[1,1,1,1,1,1,1],8]
MAXIMUM [2400,92,[48,20,30,16,6,3,1],65]
MAXIMUM [2401,0,[1,1,1,1,1,1,1],8]
MAXIMUM [2402,6,[1,1,1,1,1,1,1],8]
MAXIMUM [2403,27,[9,9,9,3,1,1,1],12]
MAXIMUM [2404,4,[1,1,1,1,1,1,1],8]
MAXIMUM [2405,5,[5,5,1,1,1,1,1],8]
MAXIMUM [2406,15,[6,6,6,3,1,1,1],8]
MAXIMUM [2407,5,[29,1,1,1,1,1,1],8]
MAXIMUM [2408,0,[1,1,1,1,1,1,1],8]
MAXIMUM [2409,24,[33,1,1,1,3,3,3],9]
MAXIMUM [2410,18,[10,10,2,2,2,1,1],8]
MAXIMUM [2411,4,[1,1,1,1,1,1,1],8]
MAXIMUM [2412,48,[18,18,9,4,4,4,3],30]
MAXIMUM [2413,2,[1,1,1,1,1,1,1],8]
MAXIMUM [2414,34,[34,2,2,2,2,1,1],9]
MAXIMUM [2415,0,[1,1,1,1,1,1,1],8]
MAXIMUM [2416,26,[8,8,8,4,1,1,2],21]
MAXIMUM [2417,5,[1,1,1,1,1,1,1],8]
MAXIMUM [2418,12,[3,3,3,3,1,1,1],17]
MAXIMUM [2419,3,[1,1,1,1,1,1,1],8]
MAXIMUM [2420,32,[20,11,5,4,4,4,2],32]
MAXIMUM [2421,18,[9,9,9,3,1,1,1],10]
MAXIMUM [2422,0,[1,1,1,1,1,1,1],8]
MAXIMUM [2423,6,[1,1,1,1,1,1,1],8]
MAXIMUM [2424,40,[24,24,8,2,2,3,3],10]
MAXIMUM [2425,10,[5,5,1,1,1,1,1],10]
MAXIMUM [2426,8,[2,2,2,2,2,1,1],8]
MAXIMUM [2427,6,[3,3,3,3,1,1,1],8]
MAXIMUM [2428,6,[2,2,2,2,2,1,1],22]
MAXIMUM [2429,0,[1,1,1,1,1,1,1],8]
MAXIMUM [2430,65,[54,18,30,9,5,2,2],38]
MAXIMUM [2431,18,[17,11,1,1,1,1,1],9]
MAXIMUM [2432,48,[64,8,8,1,1,1,2],10]
MAXIMUM [2433,3,[1,1,1,1,1,1,1],8]
MAXIMUM [2434,2,[1,1,1,1,1,1,1],8]
MAXIMUM [2435,5,[5,5,1,1,1,1,1],8]
MAXIMUM [2436,0,[1,1,1,1,1,1,1],8]
MAXIMUM [2437,6,[1,1,1,1,1,1,1],8]
MAXIMUM [2438,29,[23,2,2,2,2,2,1],13]
MAXIMUM [2439,12,[3,3,3,3,1,1,1],17]
MAXIMUM [2440,25,[20,4,4,4,2,5,1],37]
MAXIMUM [2441,2,[1,1,1,1,1,1,1],8]
MAXIMUM [2442,60,[66,6,3,3,2,2,2],9]
MAXIMUM [2443,0,[1,1,1,1,1,1,1],8]
MAXIMUM [2444,14,[4,4,4,4,1,1,2],8]
MAXIMUM [2445,27,[15,15,3,3,1,1,1],8]
MAXIMUM [2446,4,[1,1,1,1,1,1,1],8]
MAXIMUM [2447,3,[1,1,1,1,1,1,1],8]
MAXIMUM [2448,83,[48,34,12,18,4,3,1],81]
MAXIMUM [2449,1,[1,1,1,1,1,1,1],8]
MAXIMUM [2450,0,[1,1,1,1,1,1,1],8]
MAXIMUM [2451,6,[1,1,1,1,1,1,1],8]
MAXIMUM [2452,10,[2,2,2,2,2,1,1],22]
MAXIMUM [2453,5,[11,1,1,1,1,1,1],8]
MAXIMUM [2454,14,[6,6,6,2,2,1,1],8]
MAXIMUM [2455,10,[5,5,1,1,1,1,1],8]
MAXIMUM [2456,6,[2,2,2,2,2,1,1],50]
MAXIMUM [2457,0,[1,1,1,1,1,1,1],8]
MAXIMUM [2458,6,[1,1,1,1,1,1,1],8]
MAXIMUM [2459,5,[1,1,1,1,1,1,1],8]
MAXIMUM [2460,40,[10,10,12,12,3,3,1],58]
MAXIMUM [2461,19,[23,1,1,1,1,1,1],8]
MAXIMUM [2462,2,[1,1,1,1,1,1,1],8]
MAXIMUM [2463,9,[3,3,3,3,1,1,1],8]
MAXIMUM [2464,0,[1,1,1,1,1,1,1],8]
MAXIMUM [2465,38,[29,17,5,5,1,1,1],10]
MAXIMUM [2466,30,[9,9,9,2,2,2,3],13]
MAXIMUM [2467,4,[1,1,1,1,1,1,1],8]
MAXIMUM [2468,16,[4,4,4,4,2,1,1],8]
MAXIMUM [2469,6,[3,3,3,3,1,1,1],8]
MAXIMUM [2470,18,[10,10,2,2,2,1,1],9]
MAXIMUM [2471,0,[1,1,1,1,1,1,1],8]
MAXIMUM [2472,30,[8,8,8,12,1,1,2],27]
MAXIMUM [2473,5,[1,1,1,1,1,1,1],8]
MAXIMUM [2474,4,[1,1,1,1,1,1,1],8]
MAXIMUM [2475,57,[25,11,9,9,9,15,1],30]
MAXIMUM [2476,10,[4,4,4,4,1,1,2],8]
MAXIMUM [2477,1,[1,1,1,1,1,1,1],8]
MAXIMUM [2478,0,[1,1,1,1,1,1,1],8]
MAXIMUM [2479,6,[1,1,1,1,1,1,1],8]
MAXIMUM [2480,46,[16,16,8,10,10,1,1],29]
MAXIMUM [2481,12,[3,3,3,3,1,1,1],8]
MAXIMUM [2482,26,[34,2,2,2,2,1,1],8]
MAXIMUM [2483,2,[1,1,1,1,1,1,1],8]
MAXIMUM [2484,54,[27,23,6,6,6,2,2],127]
MAXIMUM [2485,0,[1,1,1,1,1,1,1],8]
MAXIMUM [2486,24,[22,1,1,1,1,1,1],9]
MAXIMUM [2487,9,[3,3,3,3,1,1,1],8]
MAXIMUM [2488,16,[8,8,8,1,1,1,1],8]
MAXIMUM [2490,23,[5,5,6,6,6,3,1],56]
MAXIMUM [2492,0,[1,1,1,1,1,1,1],8]
MAXIMUM [2493,15,[9,9,9,1,1,1,3],8]
MAXIMUM [2494,58,[58,2,2,2,2,1,1],9]
MAXIMUM [2495,10,[5,5,1,1,1,1,1],8]
MAXIMUM [2496,66,[32,48,4,4,6,1,1],48]
MAXIMUM [2498,6,[2,2,2,2,2,1,1],8]
MAXIMUM [2499,0,[1,1,1,1,1,1,1],8]
MAXIMUM [2500,50,[50,5,1,1,1,1,1],9]
MAXIMUM [2502,12,[3,3,3,3,1,1,1],62]
MAXIMUM [2504,10,[4,4,4,4,1,1,2],17]
MAXIMUM [2505,13,[3,3,3,3,5,5,1],27]
MAXIMUM [2506,0,[1,1,1,1,1,1,1],8]
MAXIMUM [2508,48,[44,2,2,2,2,3,3],10]
MAXIMUM [2510,10,[2,2,2,2,2,5,5],8]
MAXIMUM [2511,24,[27,3,3,3,1,1,1],13]
MAXIMUM [2512,22,[16,16,2,2,2,1,1],18]
MAXIMUM [2514,6,[1,1,1,1,1,1,1],8]
MAXIMUM [2515,5,[1,1,1,1,1,1,1],8]
MAXIMUM [2516,18,[17,1,1,1,1,1,1],9]
MAXIMUM [2517,3,[1,1,1,1,1,1,1],8]
MAXIMUM [2518,2,[1,1,1,1,1,1,1],8]
MAXIMUM [2520,0,[1,1,1,1,1,1,1],8]
MAXIMUM [2522,10,[2,2,2,2,2,1,1],8]
MAXIMUM [2523,28,[29,3,3,3,3,1,1],8]
MAXIMUM [2524,16,[4,4,4,4,2,1,1],8]
MAXIMUM [2525,20,[25,5,1,1,1,1,1],10]
MAXIMUM [2526,20,[6,6,6,3,2,2,1],10]
MAXIMUM [2528,42,[32,8,8,4,1,1,2],23]
MAXIMUM [2529,27,[9,9,9,3,1,1,1],8]
MAXIMUM [2530,38,[22,10,10,23,1,1,1],24]
MAXIMUM [2532,31,[12,12,6,4,4,3,1],12]
MAXIMUM [2533,13,[17,1,1,1,1,1,1],8]
MAXIMUM [2534,0,[1,1,1,1,1,1,1],8]
MAXIMUM [2535,30,[15,15,1,1,1,1,1],8]
MAXIMUM [2536,22,[8,8,8,2,2,1,1],10]
MAXIMUM [2538,53,[18,18,27,6,2,2,1],20]
MAXIMUM [2540,28,[20,10,2,2,2,1,1],17]
MAXIMUM [2541,0,[1,1,1,1,1,1,1],8]
MAXIMUM [2542,6,[1,1,1,1,1,1,1],8]
MAXIMUM [2544,52,[24,24,8,3,3,2,2],27]
MAXIMUM [2545,5,[5,5,1,1,1,1,1],8]
MAXIMUM [2546,2,[1,1,1,1,1,1,1],8]
MAXIMUM [2547,18,[9,9,9,3,1,1,1],10]
MAXIMUM [2548,0,[1,1,1,1,1,1,1],8]
MAXIMUM [2550,102,[51,30,30,2,2,2,3],23]
MAXIMUM [2552,128,[88,58,4,4,4,1,1],12]
MAXIMUM [2553,9,[23,3,3,3,3,1,1],8]
MAXIMUM [2554,6,[2,2,2,2,2,1,1],8]
MAXIMUM [2555,0,[1,1,1,1,1,1,1],8]
MAXIMUM [2556,61,[36,18,12,9,4,4,1],14]
MAXIMUM [2558,4,[1,1,1,1,1,1,1],8]
MAXIMUM [2559,3,[1,1,1,1,1,1,1],8]
MAXIMUM [2560,58,[40,32,4,4,1,1,2],17]
MAXIMUM [2562,0,[1,1,1,1,1,1,1],8]
MAXIMUM [2564,10,[2,2,2,2,2,1,1],22]
MAXIMUM [2565,57,[45,27,3,3,1,1,1],14]
MAXIMUM [2566,8,[2,2,2,2,2,1,1],8]
MAXIMUM [2568,42,[24,24,3,3,2,2,2],12]
MAXIMUM [2570,10,[5,5,1,1,1,1,1],11]
MAXIMUM [2571,9,[3,3,3,3,1,1,1],8]
MAXIMUM [2572,4,[1,1,1,1,1,1,1],8]
MAXIMUM [2574,54,[33,18,18,6,1,2,2],14]
MAXIMUM [2575,10,[25,5,1,1,1,1,1],10]
MAXIMUM [2576,0,[1,1,1,1,1,1,1],8]
MAXIMUM [2577,6,[1,1,1,1,1,1,1],8]
MAXIMUM [2578,10,[2,2,2,2,2,1,1],8]
MAXIMUM [2580,84,[60,30,4,4,4,3,3],11]
MAXIMUM [2582,6,[2,2,2,2,2,1,1],8]
MAXIMUM [2583,0,[1,1,1,1,1,1,1],8]
MAXIMUM [2584,30,[8,8,8,17,4,1,2],17]
MAXIMUM [2585,9,[11,1,1,1,1,1,1],8]
MAXIMUM [2586,12,[3,3,3,3,1,1,1],17]
MAXIMUM [2588,10,[4,4,4,4,1,1,2],8]
MAXIMUM [2589,9,[3,3,3,3,1,1,1],8]
MAXIMUM [2590,0,[1,1,1,1,1,1,1],8]
MAXIMUM [2592,108,[72,16,16,9,9,2,3],75]
MAXIMUM [2594,8,[2,2,2,2,2,1,1],8]
MAXIMUM [2595,14,[5,5,3,3,3,3,1],16]
MAXIMUM [2596,30,[44,2,2,2,2,1,1],17]
MAXIMUM [2598,6,[1,1,1,1,1,1,1],8]
MAXIMUM [2599,24,[23,1,1,1,1,1,1],8]
MAXIMUM [2600,36,[40,8,1,1,2,4,4],22]
MAXIMUM [2601,57,[51,9,9,9,1,1,1],8]
MAXIMUM [2602,2,[1,1,1,1,1,1,1],8]
MAXIMUM [2604,0,[1,1,1,1,1,1,1],8]
MAXIMUM [2605,10,[5,5,1,1,1,1,1],8]
MAXIMUM [2606,10,[2,2,2,2,2,1,1],8]
MAXIMUM [2607,33,[33,3,3,3,1,1,1],8]
MAXIMUM [2608,32,[16,16,4,4,2,1,1],11]
MAXIMUM [2610,124,[90,58,6,6,3,2,1],13]
MAXIMUM [2612,14,[4,4,4,4,1,1,2],8]
MAXIMUM [2613,9,[3,3,3,3,1,1,1],8]
MAXIMUM [2614,4,[1,1,1,1,1,1,1],8]
MAXIMUM [2615,5,[5,5,1,1,1,1,1],8]
MAXIMUM [2616,31,[12,12,6,4,4,3,1],40]
MAXIMUM [2618,0,[1,1,1,1,1,1,1],8]
MAXIMUM [2619,15,[9,9,9,1,1,1,3],11]
MAXIMUM [2620,18,[10,10,2,2,2,1,1],25]
MAXIMUM [2622,52,[46,6,6,6,2,1,1],9]
MAXIMUM [2624,22,[16,16,2,2,2,1,1],44]
MAXIMUM [2625,0,[1,1,1,1,1,1,1],8]
MAXIMUM [2626,6,[1,1,1,1,1,1,1],8]
MAXIMUM [2628,36,[36,12,3,3,1,1,1],19]
MAXIMUM [2630,10,[5,5,1,1,1,1,1],11]
MAXIMUM [2631,9,[3,3,3,3,1,1,1],8]
MAXIMUM [2632,0,[1,1,1,1,1,1,1],8]
MAXIMUM [2634,12,[2,2,2,2,2,3,3],8]
MAXIMUM [2635,24,[17,5,5,1,1,1,1],10]
MAXIMUM [2636,16,[4,4,4,4,2,1,1],8]
MAXIMUM [2637,6,[3,3,3,3,1,1,1],17]
MAXIMUM [2638,6,[2,2,2,2,2,1,1],8]
MAXIMUM [2640,126,[88,60,30,4,4,3,3],27]
MAXIMUM [2642,4,[1,1,1,1,1,1,1],8]
MAXIMUM [2643,3,[1,1,1,1,1,1,1],8]
MAXIMUM [2644,10,[4,4,4,4,1,1,2],8]
MAXIMUM [2645,18,[23,5,5,1,1,1,1],8]
MAXIMUM [2646,0,[1,1,1,1,1,1,1],8]
MAXIMUM [2648,22,[8,8,8,2,2,1,1],10]
MAXIMUM [2649,12,[3,3,3,3,1,1,1],8]
MAXIMUM [2650,30,[25,2,2,2,2,2,5],9]
MAXIMUM [2652,48,[34,6,6,6,3,2,1],30]
MAXIMUM [2654,6,[1,1,1,1,1,1,1],8]
MAXIMUM [2655,39,[45,9,3,3,1,1,1],18]
MAXIMUM [2656,16,[8,8,8,1,1,1,1],18]
MAXIMUM [2658,15,[6,6,6,3,1,1,1],8]
MAXIMUM [2660,0,[1,1,1,1,1,1,1],8]
MAXIMUM [2661,6,[1,1,1,1,1,1,1],8]
MAXIMUM [2662,24,[22,2,2,2,2,1,1],9]
MAXIMUM [2664,84,[72,18,9,4,4,6,1],26]
MAXIMUM [2665,10,[5,5,1,1,1,1,1],8]
MAXIMUM [2666,6,[2,2,2,2,2,1,1],8]
MAXIMUM [2667,0,[1,1,1,1,1,1,1],8]
MAXIMUM [2668,70,[46,29,4,4,4,4,1],16]
MAXIMUM [2670,28,[10,10,3,3,3,3,1],56]
MAXIMUM [2672,10,[4,4,4,4,1,1,2],31]
MAXIMUM [2673,48,[27,33,9,9,1,1,1],12]
MAXIMUM [2674,0,[1,1,1,1,1,1,1],8]
MAXIMUM [2675,25,[25,5,1,1,1,1,1],8]
MAXIMUM [2676,12,[2,2,2,2,2,3,3],8]
MAXIMUM [2678,8,[2,2,2,2,2,1,1],8]
MAXIMUM [2679,6,[3,3,3,3,1,1,1],8]
MAXIMUM [2680,28,[20,10,2,2,2,1,1],29]
MAXIMUM [2682,33,[18,18,9,1,1,1,3],10]
MAXIMUM [2684,16,[22,1,1,1,1,1,1],9]
MAXIMUM [2685,15,[15,15,1,1,1,1,1],8]
MAXIMUM [2686,26,[34,1,1,2,2,2,2],9]
MAXIMUM [2688,0,[1,1,1,1,1,1,1],8]
MAXIMUM [2690,18,[10,10,2,2,2,1,1],8]
MAXIMUM [2691,18,[23,3,3,3,3,1,1],17]
MAXIMUM [2692,16,[4,4,4,4,2,1,1],8]
MAXIMUM [2694,20,[6,6,6,3,2,2,1],10]
MAXIMUM [2695,0,[1,1,1,1,1,1,1],8]
MAXIMUM [2696,26,[8,8,8,4,1,1,2],10]
MAXIMUM [2697,29,[29,3,3,3,3,1,1],8]
MAXIMUM [2698,4,[1,1,1,1,1,1,1],8]
MAXIMUM [2700,99,[54,20,25,12,12,4,3],80]
MAXIMUM [2702,0,[1,1,1,1,1,1,1],8]
MAXIMUM [2703,27,[51,1,1,1,3,3,3],9]
MAXIMUM [2704,38,[16,16,8,2,2,1,1],15]
MAXIMUM [2705,10,[5,5,1,1,1,1,1],8]
MAXIMUM [2706,23,[11,6,6,6,2,2,1],24]
MAXIMUM [2708,6,[2,2,2,2,2,1,1],22]
MAXIMUM [2709,0,[1,1,1,1,1,1,1],8]
MAXIMUM [2710,10,[5,5,1,1,1,1,1],11]
MAXIMUM [2712,52,[24,24,8,3,3,2,2],13]
MAXIMUM [2714,28,[46,1,1,2,2,2,2],8]
MAXIMUM [2715,13,[3,3,3,3,5,5,1],27]
MAXIMUM [2716,0,[1,1,1,1,1,1,1],8]
MAXIMUM [2718,30,[9,9,9,2,2,2,3],13]
MAXIMUM [2720,75,[32,34,16,20,4,5,1],31]
MAXIMUM [2721,6,[3,3,3,3,1,1,1],8]
MAXIMUM [2722,6,[2,2,2,2,2,1,1],8]
MAXIMUM [2724,22,[12,12,4,4,1,1,2],11]
MAXIMUM [2725,15,[25,1,1,1,1,1,5],8]
MAXIMUM [2726,20,[29,1,1,1,1,1,1],9]
MAXIMUM [2727,30,[27,9,9,1,1,1,3],11]
MAXIMUM [2728,58,[88,4,4,4,1,1,2],8]
MAXIMUM [2730,0,[1,1,1,1,1,1,1],8]
MAXIMUM [2732,10,[2,2,2,2,2,1,1],22]
MAXIMUM [2733,12,[3,3,3,3,1,1,1],8]
MAXIMUM [2734,8,[2,2,2,2,2,1,1],8]
MAXIMUM [2735,10,[5,5,1,1,1,1,1],8]
MAXIMUM [2736,104,[48,72,16,9,9,2,2],15]
MAXIMUM [2738,6,[1,1,1,1,1,1,1],8]
MAXIMUM [2739,13,[11,3,3,3,3,1,1],12]
MAXIMUM [2740,20,[10,10,1,1,1,1,1],14]
MAXIMUM [2742,15,[6,6,6,3,1,1,1],8]
MAXIMUM [2744,0,[1,1,1,1,1,1,1],8]
MAXIMUM [2745,36,[15,15,9,9,1,1,1],9]
MAXIMUM [2746,10,[2,2,2,2,2,1,1],8]
MAXIMUM [2748,18,[4,4,4,4,6,1,1],36]
MAXIMUM [2750,22,[10,25,11,2,2,2,2],25]
MAXIMUM [2751,0,[1,1,1,1,1,1,1],8]
MAXIMUM [2752,74,[64,8,8,4,1,1,2],16]
MAXIMUM [2754,62,[54,17,3,6,6,1,2],42]
MAXIMUM [2755,17,[29,5,5,1,1,1,1],8]
MAXIMUM [2756,10,[4,4,4,4,1,1,2],8]
MAXIMUM [2757,9,[3,3,3,3,1,1,1],8]
MAXIMUM [2758,0,[1,1,1,1,1,1,1],8]
MAXIMUM [2760,86,[30,30,46,8,8,3,3],49]
MAXIMUM [2762,8,[2,2,2,2,2,1,1],8]
MAXIMUM [2763,6,[3,3,3,3,1,1,1],17]
MAXIMUM [2764,6,[2,2,2,2,2,1,1],22]
MAXIMUM [2765,0,[1,1,1,1,1,1,1],8]
MAXIMUM [2766,6,[1,1,1,1,1,1,1],8]
MAXIMUM [2768,16,[8,8,8,1,1,1,1],13]
MAXIMUM [2769,3,[1,1,1,1,1,1,1],8]
MAXIMUM [2770,10,[5,5,1,1,1,1,1],11]
MAXIMUM [2772,0,[1,1,1,1,1,1,1],8]
MAXIMUM [2774,10,[2,2,2,2,2,1,1],8]
MAXIMUM [2775,24,[15,15,3,3,1,1,1],20]
MAXIMUM [2776,16,[4,4,4,4,2,1,1],20]
MAXIMUM [2778,20,[6,6,6,3,2,2,1],10]
MAXIMUM [2780,18,[4,4,4,4,5,5,2],42]
MAXIMUM [2781,27,[9,9,9,3,1,1,1],12]
MAXIMUM [2782,4,[1,1,1,1,1,1,1],8]
MAXIMUM [2783,28,[23,11,1,1,1,1,1],9]
MAXIMUM [2784,79,[48,32,12,29,6,4,3],30]
MAXIMUM [2785,5,[5,5,1,1,1,1,1],8]
MAXIMUM [2786,0,[1,1,1,1,1,1,1],8]
MAXIMUM [2787,6,[1,1,1,1,1,1,1],8]
MAXIMUM [2788,19,[17,2,2,2,2,2,1],37]
MAXIMUM [2790,63,[30,18,18,9,2,2,5],25]
MAXIMUM [2792,6,[2,2,2,2,2,1,1],50]
MAXIMUM [2793,0,[1,1,1,1,1,1,1],8]
MAXIMUM [2794,24,[22,1,1,1,1,1,1],9]
MAXIMUM [2795,5,[1,1,1,1,1,1,1],8]
MAXIMUM [2796,24,[12,12,3,3,1,1,1],10]
MAXIMUM [2798,2,[1,1,1,1,1,1,1],8]
MAXIMUM [2799,18,[9,9,9,3,1,1,1],10]
MAXIMUM [2800,0,[1,1,1,1,1,1,1],8]
MAXIMUM [2802,12,[2,2,2,2,2,3,3],8]
MAXIMUM [2804,16,[4,4,4,4,2,1,1],8]
MAXIMUM [2805,48,[33,17,5,5,3,3,3],24]
MAXIMUM [2806,19,[23,2,2,2,2,2,1],13]
MAXIMUM [2808,87,[36,54,8,8,12,9,1],28]
MAXIMUM [2810,20,[10,10,1,1,1,1,1],11]
MAXIMUM [2811,3,[1,1,1,1,1,1,1],8]
MAXIMUM [2812,10,[4,4,4,4,1,1,2],8]
MAXIMUM [2814,0,[1,1,1,1,1,1,1],8]
MAXIMUM [2815,10,[5,5,1,1,1,1,1],8]
MAXIMUM [2816,106,[64,44,16,8,2,1,1],20]
MAXIMUM [2817,12,[3,3,3,3,1,1,1],17]
MAXIMUM [2818,8,[2,2,2,2,2,1,1],8]
MAXIMUM [2820,48,[20,30,6,6,3,2,1],39]
MAXIMUM [2822,10,[17,1,1,1,1,1,1],9]
MAXIMUM [2823,9,[3,3,3,3,1,1,1],8]
MAXIMUM [2824,16,[8,8,8,1,1,1,1],8]
MAXIMUM [2825,25,[25,5,1,1,1,1,1],8]
MAXIMUM [2826,27,[18,18,6,3,1,2,2],14]
MAXIMUM [2828,0,[1,1,1,1,1,1,1],8]
MAXIMUM [2829,15,[23,1,1,1,1,1,1],8]
MAXIMUM [2830,18,[10,10,2,2,2,1,1],8]
MAXIMUM [2832,50,[48,16,4,4,6,1,1],26]
MAXIMUM [2834,6,[2,2,2,2,2,1,1],8]
MAXIMUM [2835,0,[1,1,1,1,1,1,1],8]
MAXIMUM [2836,14,[4,4,4,4,1,1,2],8]
MAXIMUM [2838,66,[66,3,3,3,1,1,1],13]
MAXIMUM [2840,44,[40,5,4,4,1,1,1],15]
MAXIMUM [2841,9,[3,3,3,3,1,1,1],8]
MAXIMUM [2842,0,[1,1,1,1,1,1,1],8]
MAXIMUM [2844,48,[36,9,9,2,2,2,3],18]
MAXIMUM [2845,10,[5,5,1,1,1,1,1],8]
MAXIMUM [2846,8,[2,2,2,2,2,1,1],8]
MAXIMUM [2847,6,[3,3,3,3,1,1,1],8]
MAXIMUM [2848,22,[16,16,2,2,2,1,1],33]
MAXIMUM [2850,60,[50,15,1,1,1,1,1],16]
MAXIMUM [2852,10,[23,1,1,1,1,1,1],9]
MAXIMUM [2853,21,[9,9,9,1,1,1,3],8]
MAXIMUM [2854,2,[1,1,1,1,1,1,1],8]
MAXIMUM [2855,5,[5,5,1,1,1,1,1],8]
MAXIMUM [2856,0,[1,1,1,1,1,1,1],8]
MAXIMUM [2858,10,[2,2,2,2,2,1,1],8]
MAXIMUM [2859,12,[3,3,3,3,1,1,1],8]
MAXIMUM [2860,53,[44,20,4,4,2,5,1],15]
MAXIMUM [2862,42,[27,6,6,9,2,2,2],32]
MAXIMUM [2864,26,[8,8,8,4,1,1,2],21]
MAXIMUM [2865,27,[15,15,3,3,1,1,1],8]
MAXIMUM [2866,4,[1,1,1,1,1,1,1],8]
MAXIMUM [2868,31,[12,12,6,4,4,3,1],12]
MAXIMUM [2870,0,[1,1,1,1,1,1,1],8]
MAXIMUM [2871,57,[29,33,9,9,9,1,1],10]
MAXIMUM [2872,22,[8,8,8,2,2,1,1],10]
MAXIMUM [2873,18,[17,1,1,1,1,1,1],8]
MAXIMUM [2874,14,[6,6,6,2,2,1,1],8]
MAXIMUM [2875,23,[25,5,23,1,1,1,1],13]
MAXIMUM [2876,6,[2,2,2,2,2,1,1],22]
MAXIMUM [2877,0,[1,1,1,1,1,1,1],8]
MAXIMUM [2878,6,[1,1,1,1,1,1,1],8]
MAXIMUM [2880,128,[45,64,24,24,10,3,2],82]
MAXIMUM [2882,8,[11,1,1,1,1,1,1],9]
MAXIMUM [2883,9,[3,3,3,3,1,1,1],8]
MAXIMUM [2884,0,[1,1,1,1,1,1,1],8]
MAXIMUM [2885,10,[5,5,1,1,1,1,1],8]
MAXIMUM [2886,12,[2,2,2,2,2,3,3],8]
MAXIMUM [2888,16,[4,4,4,4,2,1,1],20]
MAXIMUM [2889,24,[27,3,3,3,1,1,1],13]
MAXIMUM [2890,46,[34,10,10,2,2,1,1],14]
MAXIMUM [2892,22,[12,12,4,4,1,1,2],11]
MAXIMUM [2894,4,[1,1,1,1,1,1,1],8]
MAXIMUM [2895,15,[15,15,1,1,1,1,1],8]
MAXIMUM [2896,10,[4,4,4,4,1,1,2],31]
MAXIMUM [2898,0,[1,1,1,1,1,1,1],8]
MAXIMUM [2900,72,[58,25,10,2,2,2,1],33]
MAXIMUM [2901,12,[3,3,3,3,1,1,1],8]
MAXIMUM [2902,8,[2,2,2,2,2,1,1],8]
MAXIMUM [2904,72,[66,24,3,3,2,2,2],18]
MAXIMUM [2905,0,[1,1,1,1,1,1,1],8]
MAXIMUM [2906,6,[1,1,1,1,1,1,1],8]
MAXIMUM [2907,69,[51,9,9,9,1,1,1],8]
MAXIMUM [2908,4,[1,1,1,1,1,1,1],8]
MAXIMUM [2910,23,[5,5,6,6,6,3,1],56]
MAXIMUM [2912,0,[1,1,1,1,1,1,1],8]
MAXIMUM [2913,6,[1,1,1,1,1,1,1],8]
MAXIMUM [2914,10,[2,2,2,2,2,1,1],8]
MAXIMUM [2915,11,[5,5,11,1,1,1,1],9]
MAXIMUM [2916,57,[18,18,27,4,4,4,3],38]
MAXIMUM [2918,6,[2,2,2,2,2,1,1],8]
MAXIMUM [2919,0,[1,1,1,1,1,1,1],8]
MAXIMUM [2920,38,[40,8,4,4,1,1,2],17]
MAXIMUM [2921,24,[23,1,1,1,1,1,1],8]
MAXIMUM [2922,12,[3,3,3,3,1,1,1],17]
MAXIMUM [2924,34,[34,4,4,4,4,1,1],9]
MAXIMUM [2925,46,[45,25,3,3,3,1,1],12]
MAXIMUM [2926,0,[1,1,1,1,1,1,1],8]
MAXIMUM [2928,48,[16,16,24,2,2,3,3],21]
MAXIMUM [2929,20,[29,1,1,1,1,1,1],8]
MAXIMUM [2930,10,[2,2,2,2,2,5,5],8]
MAXIMUM [2931,6,[3,3,3,3,1,1,1],8]
MAXIMUM [2932,6,[2,2,2,2,2,1,1],22]
MAXIMUM [2934,33,[18,18,9,1,1,1,3],10]
MAXIMUM [2935,5,[1,1,1,1,1,1,1],8]
MAXIMUM [2936,16,[8,8,8,1,1,1,1],8]
MAXIMUM [2937,12,[11,1,1,1,1,1,1],9]
MAXIMUM [2938,2,[1,1,1,1,1,1,1],8]
MAXIMUM [2940,0,[1,1,1,1,1,1,1],8]
MAXIMUM [2942,10,[2,2,2,2,2,1,1],8]
MAXIMUM [2943,21,[27,3,3,3,1,1,1],13]
MAXIMUM [2944,86,[46,32,16,4,4,1,1],27]
MAXIMUM [2945,10,[5,5,1,1,1,1,1],8]
MAXIMUM [2946,20,[6,6,6,3,2,2,1],10]
MAXIMUM [2948,32,[22,4,4,4,4,1,1],13]
MAXIMUM [2949,9,[3,3,3,3,1,1,1],8]
MAXIMUM [2950,35,[50,5,1,1,1,1,1],10]
MAXIMUM [2952,37,[12,12,18,4,4,3,1],104]
MAXIMUM [2954,0,[1,1,1,1,1,1,1],8]
MAXIMUM [2955,30,[15,15,1,1,1,1,1],8]
MAXIMUM [2956,10,[2,2,2,2,2,1,1],22]
MAXIMUM [2958,90,[58,51,6,6,6,2,1],13]
MAXIMUM [2960,44,[20,16,16,10,2,1,1],22]
MAXIMUM [2961,0,[1,1,1,1,1,1,1],8]
MAXIMUM [2962,6,[1,1,1,1,1,1,1],8]
MAXIMUM [2964,24,[12,12,3,3,1,1,1],10]
MAXIMUM [2965,5,[5,5,1,1,1,1,1],8]
MAXIMUM [2966,2,[1,1,1,1,1,1,1],8]
MAXIMUM [2967,22,[23,3,3,3,3,1,1],8]
MAXIMUM [2968,0,[1,1,1,1,1,1,1],8]
MAXIMUM [2970,88,[66,30,9,9,10,2,2],52]
MAXIMUM [2972,16,[4,4,4,4,2,1,1],8]
MAXIMUM [2973,6,[3,3,3,3,1,1,1],8]
MAXIMUM [2974,6,[2,2,2,2,2,1,1],8]
MAXIMUM [2975,0,[1,1,1,1,1,1,1],8]
MAXIMUM [2976,46,[32,8,8,12,1,1,2],90]
MAXIMUM [2978,4,[1,1,1,1,1,1,1],8]
MAXIMUM [2979,21,[9,9,9,1,1,1,3],8]
MAXIMUM [2980,26,[20,5,4,4,4,1,2],20]
MAXIMUM [2982,0,[1,1,1,1,1,1,1],8]
MAXIMUM [2984,22,[8,8,8,2,2,1,1],10]
MAXIMUM [2985,24,[15,15,3,3,1,1,1],14]
MAXIMUM [2986,8,[2,2,2,2,2,1,1],8]
MAXIMUM [2988,24,[6,6,9,9,2,2,2],77]
MAXIMUM [2990,42,[46,5,5,2,2,2,2],12]
MAXIMUM [2991,9,[3,3,3,3,1,1,1],8]
MAXIMUM [2992,42,[17,22,8,8,8,1,1],46]
MAXIMUM [2994,15,[6,6,6,3,1,1,1],8]
MAXIMUM [2995,5,[5,5,1,1,1,1,1],8]
MAXIMUM [2996,0,[1,1,1,1,1,1,1],8]
MAXIMUM [2997,15,[9,9,9,1,1,1,3],11]
MAXIMUM [2998,10,[2,2,2,2,2,1,1],8]
MAXIMUM [3000,84,[60,30,4,4,4,3,3],22]
MAXIMUM [3002,6,[2,2,2,2,2,1,1],8]
MAXIMUM [3003,0,[1,1,1,1,1,1,1],8]
MAXIMUM [3004,14,[4,4,4,4,1,1,2],8]
MAXIMUM [3005,5,[1,1,1,1,1,1,1],8]
MAXIMUM [3006,12,[3,3,3,3,1,1,1],62]
MAXIMUM [3008,26,[32,4,4,4,1,1,2],32]
MAXIMUM [3009,36,[51,3,3,3,1,1,1],9]
MAXIMUM [3010,0,[1,1,1,1,1,1,1],8]
MAXIMUM [3012,12,[2,2,2,2,2,3,3],8]
MAXIMUM [3014,17,[11,2,2,2,2,2,1],13]
MAXIMUM [3015,28,[45,5,3,3,3,1,1],13]
MAXIMUM [3016,38,[58,2,2,2,2,1,1],37]
MAXIMUM [3018,6,[1,1,1,1,1,1,1],8]
MAXIMUM [3020,20,[10,10,1,1,1,1,1],14]
MAXIMUM [3021,3,[1,1,1,1,1,1,1],8]
MAXIMUM [3022,2,[1,1,1,1,1,1,1],8]
MAXIMUM [3024,0,[1,1,1,1,1,1,1],8]
MAXIMUM [3025,32,[25,11,5,1,1,1,1],10]
MAXIMUM [3026,19,[17,2,2,2,2,2,1],13]
MAXIMUM [3027,12,[3,3,3,3,1,1,1],8]
MAXIMUM [3028,16,[4,4,4,4,2,1,1],8]
MAXIMUM [3030,42,[30,30,3,3,2,2,2],15]
MAXIMUM [3032,26,[8,8,8,4,1,1,2],10]
MAXIMUM [3033,27,[9,9,9,3,1,1,1],8]
MAXIMUM [3034,4,[1,1,1,1,1,1,1],8]
MAXIMUM [3035,5,[5,5,1,1,1,1,1],8]
MAXIMUM [3036,82,[33,46,12,12,6,4,1],17]
MAXIMUM [3038,0,[1,1,1,1,1,1,1],8]
MAXIMUM [3039,6,[1,1,1,1,1,1,1],8]
MAXIMUM [3040,46,[16,16,8,10,10,1,1],55]
MAXIMUM [3042,44,[18,18,9,6,2,2,1],14]
MAXIMUM [3044,6,[2,2,2,2,2,1,1],22]
MAXIMUM [3045,0,[1,1,1,1,1,1,1],8]
MAXIMUM [3046,6,[1,1,1,1,1,1,1],8]
MAXIMUM [3048,52,[24,24,8,3,3,2,2],13]
MAXIMUM [3050,20,[25,5,1,1,1,1,1],16]
MAXIMUM [3051,36,[27,9,9,3,1,1,1],10]
MAXIMUM [3052,0,[1,1,1,1,1,1,1],8]
MAXIMUM [3054,12,[2,2,2,2,2,3,3],8]
MAXIMUM [3055,10,[5,5,1,1,1,1,1],8]
MAXIMUM [3056,32,[16,16,4,4,2,1,1],11]
MAXIMUM [3057,6,[3,3,3,3,1,1,1],8]
MAXIMUM [3058,9,[11,2,2,2,2,2,1],13]
MAXIMUM [3060,115,[60,36,51,18,4,4,1],27]
MAXIMUM [3062,4,[1,1,1,1,1,1,1],8]
MAXIMUM [3063,3,[1,1,1,1,1,1,1],8]
MAXIMUM [3064,10,[4,4,4,4,1,1,2],17]
MAXIMUM [3065,5,[5,5,1,1,1,1,1],8]
MAXIMUM [3066,0,[1,1,1,1,1,1,1],8]
MAXIMUM [3068,10,[2,2,2,2,2,1,1],22]
MAXIMUM [3069,33,[33,3,3,3,1,1,1],14]
MAXIMUM [3070,10,[2,2,2,2,2,5,5],8]
MAXIMUM [3072,74,[48,24,16,3,3,2,2],33]
MAXIMUM [3074,30,[29,1,1,1,1,1,1],9]
MAXIMUM [3075,28,[15,25,3,3,3,1,1],15]
MAXIMUM [3076,4,[1,1,1,1,1,1,1],8]
MAXIMUM [3078,63,[54,18,6,9,1,1,1],15]
MAXIMUM [3080,0,[1,1,1,1,1,1,1],8]
MAXIMUM [3081,6,[1,1,1,1,1,1,1],8]
MAXIMUM [3082,29,[23,2,2,2,2,2,1],13]
MAXIMUM [3084,18,[4,4,4,4,6,1,1],36]
MAXIMUM [3085,10,[5,5,1,1,1,1,1],8]
MAXIMUM [3086,6,[2,2,2,2,2,1,1],8]
MAXIMUM [3087,0,[1,1,1,1,1,1,1],8]
MAXIMUM [3088,26,[8,8,8,4,1,1,2],21]
MAXIMUM [3090,28,[10,10,3,3,3,3,1],56]
MAXIMUM [3092,10,[4,4,4,4,1,1,2],8]
MAXIMUM [3093,9,[3,3,3,3,1,1,1],8]
MAXIMUM [3094,0,[1,1,1,1,1,1,1],8]
MAXIMUM [3095,10,[5,5,1,1,1,1,1],8]
MAXIMUM [3096,100,[72,24,9,9,8,2,2],16]
MAXIMUM [3098,8,[2,2,2,2,2,1,1],8]
MAXIMUM [3099,6,[3,3,3,3,1,1,1],8]
MAXIMUM [3100,29,[20,25,2,2,2,2,1],35]
MAXIMUM [3102,24,[22,1,1,1,1,1,1],11]
MAXIMUM [3103,25,[29,1,1,1,1,1,1],8]
MAXIMUM [3104,16,[8,8,8,1,1,1,1],18]
MAXIMUM [3105,53,[23,27,9,9,15,5,1],34]
MAXIMUM [3106,2,[1,1,1,1,1,1,1],8]
MAXIMUM [3108,0,[1,1,1,1,1,1,1],8]
MAXIMUM [3110,18,[10,10,2,2,2,1,1],8]
MAXIMUM [3111,26,[17,3,3,3,3,1,1],12]
MAXIMUM [3112,16,[4,4,4,4,2,1,1],20]
MAXIMUM [3114,24,[6,6,9,9,2,2,2],32]
MAXIMUM [3115,0,[1,1,1,1,1,1,1],8]
MAXIMUM [3116,14,[4,4,4,4,1,1,2],8]
MAXIMUM [3117,9,[3,3,3,3,1,1,1],8]
MAXIMUM [3118,4,[1,1,1,1,1,1,1],8]
MAXIMUM [3120,87,[40,48,12,6,4,3,1],25]
MAXIMUM [3122,0,[1,1,1,1,1,1,1],8]
MAXIMUM [3123,15,[9,9,9,1,1,1,3],8]
MAXIMUM [3124,46,[44,2,2,2,2,1,1],18]
MAXIMUM [3125,10,[5,5,1,1,1,1,1],10]
MAXIMUM [3126,14,[6,6,6,2,2,1,1],8]
MAXIMUM [3128,47,[34,23,2,2,2,2,1],62]
MAXIMUM [3129,0,[1,1,1,1,1,1,1],8]
MAXIMUM [3130,10,[5,5,1,1,1,1,1],11]
MAXIMUM [3132,88,[54,36,29,12,9,1,1],28]
MAXIMUM [3134,2,[1,1,1,1,1,1,1],8]
MAXIMUM [3135,25,[33,3,3,3,5,5,1],22]
MAXIMUM [3136,0,[1,1,1,1,1,1,1],8]
MAXIMUM [3138,12,[2,2,2,2,2,3,3],8]
MAXIMUM [3140,25,[20,4,4,4,2,5,1],10]
MAXIMUM [3141,6,[3,3,3,3,1,1,1],17]
MAXIMUM [3142,6,[2,2,2,2,2,1,1],8]
MAXIMUM [3144,30,[8,8,8,12,1,1,2],27]
MAXIMUM [3145,14,[17,1,1,1,1,1,1],8]
MAXIMUM [3146,16,[22,1,1,1,1,1,1],8]
MAXIMUM [3147,3,[1,1,1,1,1,1,1],8]
MAXIMUM [3148,10,[4,4,4,4,1,1,2],8]
MAXIMUM [3150,0,[1,1,1,1,1,1,1],8]
MAXIMUM [3152,38,[16,16,8,2,2,1,1],15]
MAXIMUM [3153,12,[3,3,3,3,1,1,1],8]
MAXIMUM [3154,8,[2,2,2,2,2,1,1],8]
MAXIMUM [3155,10,[5,5,1,1,1,1,1],8]
MAXIMUM [3156,20,[6,6,6,3,2,2,1],34]
MAXIMUM [3158,6,[1,1,1,1,1,1,1],8]
MAXIMUM [3159,27,[9,9,9,3,1,1,1],12]
MAXIMUM [3160,36,[40,8,1,1,2,4,4],19]
MAXIMUM [3162,39,[34,6,6,6,3,1,2],10]
MAXIMUM [3164,0,[1,1,1,1,1,1,1],8]
MAXIMUM [3165,30,[15,15,1,1,1,1,1],8]
MAXIMUM [3166,10,[2,2,2,2,2,1,1],8]
MAXIMUM [3168,144,[72,44,32,18,16,9,3],40]
MAXIMUM [3170,18,[10,10,2,2,2,1,1],9]
MAXIMUM [3171,0,[1,1,1,1,1,1,1],8]
MAXIMUM [3172,14,[4,4,4,4,1,1,2],8]
MAXIMUM [3174,18,[23,3,3,3,3,1,1],28]
MAXIMUM [3175,25,[25,5,1,1,1,1,1],8]
MAXIMUM [3176,10,[4,4,4,4,1,1,2],17]
MAXIMUM [3177,18,[9,9,9,3,1,1,1],10]
MAXIMUM [3178,0,[1,1,1,1,1,1,1],8]
MAXIMUM [3180,60,[30,30,2,2,2,3,3],13]
MAXIMUM [3182,8,[2,2,2,2,2,1,1],8]
MAXIMUM [3183,6,[3,3,3,3,1,1,1],8]
MAXIMUM [3184,22,[16,16,2,2,2,1,1],18]
MAXIMUM [3185,0,[1,1,1,1,1,1,1],8]
MAXIMUM [3186,51,[54,18,9,1,1,1,6],11]
MAXIMUM [3188,4,[1,1,1,1,1,1,1],8]
MAXIMUM [3189,3,[1,1,1,1,1,1,1],8]
MAXIMUM [3190,24,[29,11,5,5,1,1,1],56]
MAXIMUM [3192,0,[1,1,1,1,1,1,1],8]
MAXIMUM [3194,10,[2,2,2,2,2,1,1],8]
MAXIMUM [3195,51,[45,5,3,3,3,1,1],16]
MAXIMUM [3196,34,[34,4,4,4,4,1,1],8]
MAXIMUM [3198,20,[6,6,6,3,2,2,1],10]
MAXIMUM [3200,93,[64,25,8,8,4,5,2],37]
MAXIMUM [3201,13,[11,3,3,3,3,1,1],12]
MAXIMUM [3202,4,[1,1,1,1,1,1,1],8]
MAXIMUM [3204,37,[12,12,18,4,4,3,1],30]
MAXIMUM [3205,5,[5,5,1,1,1,1,1],8]
MAXIMUM [3206,0,[1,1,1,1,1,1,1],8]
MAXIMUM [3207,6,[1,1,1,1,1,1,1],8]
MAXIMUM [3208,22,[8,8,8,2,2,1,1],10]
MAXIMUM [3210,48,[30,30,2,2,2,3,3],9]
MAXIMUM [3212,30,[44,2,2,2,2,1,1],17]
MAXIMUM [3213,0,[1,1,1,1,1,1,1],8]
MAXIMUM [3214,6,[1,1,1,1,1,1,1],8]
MAXIMUM [3215,5,[1,1,1,1,1,1,1],8]
MAXIMUM [3216,52,[24,24,8,3,3,2,2],27]
MAXIMUM [3218,2,[1,1,1,1,1,1,1],8]
MAXIMUM [3219,13,[29,3,3,3,3,1,1],12]
MAXIMUM [3220,0,[1,1,1,1,1,1,1],8]
MAXIMUM [3222,30,[9,9,9,2,2,2,3],13]
MAXIMUM [3224,16,[4,4,4,4,2,1,1],20]
MAXIMUM [3225,24,[25,5,3,3,3,3,1],17]
MAXIMUM [3226,6,[2,2,2,2,2,1,1],8]
MAXIMUM [3228,22,[12,12,4,4,1,1,2],11]
MAXIMUM [3230,34,[17,10,10,1,1,1,1],19]
MAXIMUM [3231,21,[9,9,9,1,1,1,3],8]
MAXIMUM [3232,26,[32,4,4,4,1,1,2],18]
MAXIMUM [3234,0,[1,1,1,1,1,1,1],8]
MAXIMUM [3235,10,[5,5,1,1,1,1,1],8]
MAXIMUM [3236,10,[2,2,2,2,2,1,1],22]
MAXIMUM [3237,12,[3,3,3,3,1,1,1],8]
MAXIMUM [3238,8,[2,2,2,2,2,1,1],8]
MAXIMUM [3240,106,[72,27,20,30,9,2,2],118]
MAXIMUM [3242,6,[1,1,1,1,1,1,1],8]
MAXIMUM [3243,28,[23,3,3,3,3,1,1],8]
MAXIMUM [3244,4,[1,1,1,1,1,1,1],8]
MAXIMUM [3245,14,[11,5,5,1,1,1,1],8]
MAXIMUM [3246,15,[6,6,6,3,1,1,1],8]
MAXIMUM [3248,0,[1,1,1,1,1,1,1],8]
MAXIMUM [3249,15,[9,9,9,1,1,1,3],8]
MAXIMUM [3250,40,[50,1,1,1,1,1,5],10]
MAXIMUM [3252,18,[4,4,4,4,6,1,1],36]
MAXIMUM [3254,6,[2,2,2,2,2,1,1],8]
MAXIMUM [3255,0,[1,1,1,1,1,1,1],8]
MAXIMUM [3256,74,[88,4,4,4,1,1,2],10]
MAXIMUM [3258,12,[3,3,3,3,1,1,1],62]
MAXIMUM [3260,26,[20,5,4,4,4,1,2],20]
MAXIMUM [3261,9,[3,3,3,3,1,1,1],8]
MAXIMUM [3262,0,[1,1,1,1,1,1,1],8]
MAXIMUM [3264,122,[64,51,16,24,2,3,12],40]
MAXIMUM [3265,10,[5,5,1,1,1,1,1],8]
MAXIMUM [3266,46,[46,2,2,2,2,1,1],9]
MAXIMUM [3267,51,[33,27,3,3,1,1,1],13]
MAXIMUM [3268,6,[2,2,2,2,2,1,1],22]
MAXIMUM [3270,30,[15,15,1,1,1,1,1],11]
MAXIMUM [3272,16,[8,8,8,1,1,1,1],8]
MAXIMUM [3273,3,[1,1,1,1,1,1,1],8]
MAXIMUM [3274,2,[1,1,1,1,1,1,1],8]
MAXIMUM [3275,10,[25,5,1,1,1,1,1],10]
MAXIMUM [3276,0,[1,1,1,1,1,1,1],8]
MAXIMUM [3277,30,[29,1,1,1,1,1,1],8]
MAXIMUM [3278,24,[22,2,2,2,2,1,1],9]
MAXIMUM [3279,12,[3,3,3,3,1,1,1],8]
MAXIMUM [3280,41,[16,16,20,4,2,5,1],19]
MAXIMUM [3282,20,[6,6,6,3,2,2,1],10]
MAXIMUM [3284,14,[4,4,4,4,1,1,2],8]
MAXIMUM [3285,39,[45,9,3,3,1,1,1],18]
MAXIMUM [3286,4,[1,1,1,1,1,1,1],8]
MAXIMUM [3288,31,[12,12,6,4,4,3,1],40]
MAXIMUM [3289,17,[23,11,1,1,1,1,1],9]
MAXIMUM [3290,0,[1,1,1,1,1,1,1],8]
MAXIMUM [3291,6,[1,1,1,1,1,1,1],8]
MAXIMUM [3292,10,[2,2,2,2,2,1,1],22]
MAXIMUM [3294,53,[18,18,27,6,2,2,1],20]
MAXIMUM [3295,10,[5,5,1,1,1,1,1],8]
MAXIMUM [3296,22,[16,16,2,2,2,1,1],33]
MAXIMUM [3297,0,[1,1,1,1,1,1,1],8]
MAXIMUM [3298,10,[17,1,1,1,1,1,1],9]
MAXIMUM [3300,88,[66,10,10,12,3,3,2],35]
MAXIMUM [3302,2,[1,1,1,1,1,1,1],8]
MAXIMUM [3303,18,[9,9,9,3,1,1,1],10]
MAXIMUM [3304,0,[1,1,1,1,1,1,1],8]
MAXIMUM [3305,10,[5,5,1,1,1,1,1],8]
MAXIMUM [3306,60,[58,2,2,2,2,3,3],9]
MAXIMUM [3308,16,[4,4,4,4,2,1,1],8]
MAXIMUM [3309,6,[3,3,3,3,1,1,1],8]
MAXIMUM [3310,18,[10,10,2,2,2,1,1],9]
MAXIMUM [3312,95,[46,36,18,8,8,9,3],91]
MAXIMUM [3314,4,[1,1,1,1,1,1,1],8]
MAXIMUM [3315,51,[51,15,15,1,1,1,3],8]
MAXIMUM [3316,10,[4,4,4,4,1,1,2],8]
MAXIMUM [3318,0,[1,1,1,1,1,1,1],8]
MAXIMUM [3320,30,[8,8,8,10,10,1,1],24]
MAXIMUM [3321,21,[27,3,3,3,1,1,1],13]
MAXIMUM [3322,17,[11,2,2,2,2,2,1],13]
MAXIMUM [3324,20,[6,6,6,3,2,2,1],34]
MAXIMUM [3325,0,[1,1,1,1,1,1,1],8]
MAXIMUM [3326,6,[1,1,1,1,1,1,1],8]
MAXIMUM [3327,9,[3,3,3,3,1,1,1],8]
MAXIMUM [3328,48,[64,8,8,1,1,1,2],10]
MAXIMUM [3330,75,[90,6,6,3,1,2,2],10]
MAXIMUM [3332,0,[1,1,1,1,1,1,1],8]
MAXIMUM [3333,24,[33,1,1,1,3,3,3],9]
MAXIMUM [3334,10,[2,2,2,2,2,1,1],8]
MAXIMUM [3335,32,[29,23,5,5,1,1,1],11]
MAXIMUM [3336,18,[4,4,4,4,6,1,1],122]
MAXIMUM [3338,6,[2,2,2,2,2,1,1],8]
MAXIMUM [3339,0,[1,1,1,1,1,1,1],8]
MAXIMUM [3340,18,[4,4,4,4,5,5,2],42]
MAXIMUM [3342,12,[3,3,3,3,1,1,1],17]
MAXIMUM [3344,58,[88,4,4,4,1,1,2],8]
MAXIMUM [3345,13,[3,3,3,3,5,5,1],27]
MAXIMUM [3346,0,[1,1,1,1,1,1,1],8]
MAXIMUM [3348,48,[36,9,9,2,2,2,3],33]
MAXIMUM [3350,30,[25,2,2,2,2,2,5],9]
MAXIMUM [3351,6,[3,3,3,3,1,1,1],8]
MAXIMUM [3352,6,[2,2,2,2,2,1,1],50]
MAXIMUM [3354,6,[1,1,1,1,1,1,1],8]
MAXIMUM [3355,9,[11,1,1,1,1,1,1],8]
MAXIMUM [3356,4,[1,1,1,1,1,1,1],8]
MAXIMUM [3357,21,[9,9,9,1,1,1,3],8]
MAXIMUM [3358,28,[46,1,1,2,2,2,2],8]
MAXIMUM [3360,0,[1,1,1,1,1,1,1],8]
MAXIMUM [3362,10,[2,2,2,2,2,1,1],8]
MAXIMUM [3363,12,[3,3,3,3,1,1,1],8]
MAXIMUM [3364,56,[58,4,4,4,4,1,1],9]
MAXIMUM [3365,10,[5,5,1,1,1,1,1],8]
MAXIMUM [3366,94,[66,34,6,9,9,2,2],26]
MAXIMUM [3368,26,[8,8,8,4,1,1,2],10]
MAXIMUM [3369,9,[3,3,3,3,1,1,1],8]
MAXIMUM [3370,20,[10,10,1,1,1,1,1],11]
MAXIMUM [3372,31,[12,12,6,4,4,3,1],12]
MAXIMUM [3374,0,[1,1,1,1,1,1,1],8]
MAXIMUM [3375,44,[25,15,9,9,9,1,1],19]
MAXIMUM [3376,38,[16,16,8,2,2,1,1],15]
MAXIMUM [3378,14,[6,6,6,2,2,1,1],8]
MAXIMUM [3380,28,[20,10,2,2,2,1,1],17]
MAXIMUM [3381,0,[1,1,1,1,1,1,1],8]
MAXIMUM [3382,6,[1,1,1,1,1,1,1],8]
MAXIMUM [3384,56,[24,36,8,8,3,3,2],40]
MAXIMUM [3385,5,[5,5,1,1,1,1,1],8]
MAXIMUM [3386,2,[1,1,1,1,1,1,1],8]
MAXIMUM [3387,9,[3,3,3,3,1,1,1],8]
MAXIMUM [3388,0,[1,1,1,1,1,1,1],8]
MAXIMUM [3390,60,[30,30,2,2,2,3,3],11]
MAXIMUM [3392,48,[32,16,4,4,2,1,1],21]
MAXIMUM [3393,14,[29,3,3,3,3,1,1],17]
MAXIMUM [3394,6,[2,2,2,2,2,1,1],8]
MAXIMUM [3395,0,[1,1,1,1,1,1,1],8]
MAXIMUM [3396,22,[12,12,4,4,1,1,2],11]
MAXIMUM [3398,4,[1,1,1,1,1,1,1],8]
MAXIMUM [3399,12,[11,1,1,1,1,1,1],9]
MAXIMUM [3400,66,[40,34,4,4,4,1,1],22]
MAXIMUM [3402,0,[1,1,1,1,1,1,1],8]
MAXIMUM [3404,29,[23,2,2,2,2,2,1],37]
MAXIMUM [3405,24,[15,15,3,3,1,1,1],14]
MAXIMUM [3406,8,[2,2,2,2,2,1,1],8]
MAXIMUM [3408,74,[48,24,16,3,3,2,2],16]
MAXIMUM [3410,28,[22,5,5,1,1,1,1],12]
MAXIMUM [3411,27,[9,9,9,3,1,1,1],8]
MAXIMUM [3412,4,[1,1,1,1,1,1,1],8]
MAXIMUM [3414,15,[6,6,6,3,1,1,1],8]
MAXIMUM [3415,5,[5,5,1,1,1,1,1],8]
MAXIMUM [3416,0,[1,1,1,1,1,1,1],8]
MAXIMUM [3417,27,[51,1,1,1,3,3,3],9]
MAXIMUM [3418,10,[2,2,2,2,2,1,1],8]
MAXIMUM [3420,96,[60,30,9,9,4,4,4],34]
MAXIMUM [3422,38,[58,2,2,2,2,1,1],8]
MAXIMUM [3423,0,[1,1,1,1,1,1,1],8]
MAXIMUM [3424,42,[32,8,8,4,1,1,2],23]
MAXIMUM [3425,15,[25,1,1,1,1,1,5],8]
MAXIMUM [3426,12,[3,3,3,3,1,1,1],17]
MAXIMUM [3427,19,[23,1,1,1,1,1,1],8]
MAXIMUM [3428,10,[4,4,4,4,1,1,2],8]
MAXIMUM [3429,36,[27,9,9,3,1,1,1],10]
MAXIMUM [3430,0,[1,1,1,1,1,1,1],8]
MAXIMUM [3432,68,[44,24,8,8,2,3,3],24]
MAXIMUM [3434,26,[34,2,2,2,2,1,1],8]
MAXIMUM [3435,14,[5,5,3,3,3,3,1],16]
MAXIMUM [3436,6,[2,2,2,2,2,1,1],22]
MAXIMUM [3438,33,[18,18,9,1,1,1,3],10]
MAXIMUM [3440,36,[40,8,1,1,2,4,4],30]
MAXIMUM [3441,3,[1,1,1,1,1,1,1],8]
MAXIMUM [3442,2,[1,1,1,1,1,1,1],8]
MAXIMUM [3444,0,[1,1,1,1,1,1,1],8]
MAXIMUM [3445,10,[5,5,1,1,1,1,1],8]
MAXIMUM [3446,10,[2,2,2,2,2,1,1],8]
MAXIMUM [3447,12,[3,3,3,3,1,1,1],17]
MAXIMUM [3448,16,[4,4,4,4,2,1,1],20]
MAXIMUM [3450,54,[30,30,46,3,3,2,2],37]
MAXIMUM [3452,14,[4,4,4,4,1,1,2],8]
MAXIMUM [3453,9,[3,3,3,3,1,1,1],8]
MAXIMUM [3454,16,[22,1,1,1,1,1,1],8]
MAXIMUM [3455,5,[5,5,1,1,1,1,1],8]
MAXIMUM [3456,113,[54,48,32,12,4,3,1],72]
MAXIMUM [3458,0,[1,1,1,1,1,1,1],8]
MAXIMUM [3459,6,[1,1,1,1,1,1,1],8]
MAXIMUM [3460,18,[10,10,2,2,2,1,1],25]
MAXIMUM [3462,14,[6,6,6,2,2,1,1],8]
MAXIMUM [3464,6,[2,2,2,2,2,1,1],50]
MAXIMUM [3465,0,[1,1,1,1,1,1,1],8]
MAXIMUM [3466,6,[1,1,1,1,1,1,1],8]
MAXIMUM [3468,38,[17,12,12,3,3,1,1],24]
MAXIMUM [3470,10,[5,5,1,1,1,1,1],11]
MAXIMUM [3471,9,[3,3,3,3,1,1,1],8]
MAXIMUM [3472,0,[1,1,1,1,1,1,1],8]
MAXIMUM [3474,30,[9,9,9,2,2,2,3],13]
MAXIMUM [3475,10,[5,5,1,1,1,1,1],10]
MAXIMUM [3476,44,[44,4,4,4,2,1,1],10]
MAXIMUM [3477,6,[3,3,3,3,1,1,1],8]
MAXIMUM [3478,6,[2,2,2,2,2,1,1],8]
MAXIMUM [3480,96,[60,58,30,8,8,3,3],46]
MAXIMUM [3482,4,[1,1,1,1,1,1,1],8]
MAXIMUM [3483,30,[27,9,9,1,1,1,3],11]
MAXIMUM [3484,10,[4,4,4,4,1,1,2],8]
MAXIMUM [3485,17,[17,5,5,1,1,1,1],8]
MAXIMUM [3486,0,[1,1,1,1,1,1,1],8]
MAXIMUM [3488,38,[16,16,8,2,2,1,1],24]
MAXIMUM [3489,12,[3,3,3,3,1,1,1],8]
MAXIMUM [3490,10,[2,2,2,2,2,5,5],8]
MAXIMUM [3492,24,[6,6,9,9,2,2,2],77]
MAXIMUM [3494,6,[1,1,1,1,1,1,1],8]
MAXIMUM [3495,27,[15,15,3,3,1,1,1],8]
MAXIMUM [3496,22,[23,8,8,8,1,1,1],15]
MAXIMUM [3498,42,[33,6,6,6,1,1,1],12]
MAXIMUM [3500,0,[1,1,1,1,1,1,1],8]
MAXIMUM [3501,15,[9,9,9,1,1,1,3],8]
MAXIMUM [3502,19,[17,2,2,2,2,2,1],13]
MAXIMUM [3504,50,[48,16,4,4,6,1,1],26]
MAXIMUM [3505,10,[5,5,1,1,1,1,1],8]
MAXIMUM [3506,6,[2,2,2,2,2,1,1],8]
MAXIMUM [3507,0,[1,1,1,1,1,1,1],8]
MAXIMUM [3508,14,[4,4,4,4,1,1,2],8]
MAXIMUM [3509,29,[29,11,1,1,1,1,1],9]
MAXIMUM [3510,64,[54,10,10,3,3,6,2],82]
MAXIMUM [3512,10,[4,4,4,4,1,1,2],17]
MAXIMUM [3513,9,[3,3,3,3,1,1,1],8]
MAXIMUM [3514,0,[1,1,1,1,1,1,1],8]
MAXIMUM [3515,10,[5,5,1,1,1,1,1],8]
MAXIMUM [3516,12,[2,2,2,2,2,3,3],8]
MAXIMUM [3518,8,[2,2,2,2,2,1,1],8]
MAXIMUM [3519,16,[17,23,3,3,3,3,1],29]
MAXIMUM [3520,68,[44,20,16,16,10,1,1],53]
MAXIMUM [3522,6,[1,1,1,1,1,1,1],8]
MAXIMUM [3524,4,[1,1,1,1,1,1,1],8]
MAXIMUM [3525,30,[25,15,1,1,1,1,1],10]
MAXIMUM [3526,2,[1,1,1,1,1,1,1],8]
MAXIMUM [3528,0,[1,1,1,1,1,1,1],8]
MAXIMUM [3530,18,[10,10,2,2,2,1,1],8]
MAXIMUM [3531,33,[33,3,3,3,1,1,1],8]
MAXIMUM [3532,16,[4,4,4,4,2,1,1],8]
MAXIMUM [3534,20,[6,6,6,3,2,2,1],10]
MAXIMUM [3535,0,[1,1,1,1,1,1,1],8]
MAXIMUM [3536,30,[8,8,8,17,4,1,2],38]
MAXIMUM [3537,27,[9,9,9,3,1,1,1],12]
MAXIMUM [3538,20,[29,1,1,1,1,1,1],9]
MAXIMUM [3540,55,[60,12,6,4,4,3,1],18]
MAXIMUM [3542,0,[1,1,1,1,1,1,1],8]
MAXIMUM [3543,6,[1,1,1,1,1,1,1],8]
MAXIMUM [3544,22,[8,8,8,2,2,1,1],10]
MAXIMUM [3545,10,[5,5,1,1,1,1,1],8]
MAXIMUM [3546,44,[18,18,9,6,2,2,1],14]
MAXIMUM [3548,6,[2,2,2,2,2,1,1],22]
MAXIMUM [3549,0,[1,1,1,1,1,1,1],8]
MAXIMUM [3550,50,[50,5,1,1,1,1,1],9]
MAXIMUM [3552,52,[24,24,8,3,3,2,2],33]
MAXIMUM [3554,2,[1,1,1,1,1,1,1],8]
MAXIMUM [3555,42,[45,9,3,3,1,1,1],15]
MAXIMUM [3556,0,[1,1,1,1,1,1,1],8]
MAXIMUM [3558,12,[2,2,2,2,2,3,3],8]
MAXIMUM [3560,25,[20,4,4,4,2,5,1],37]
MAXIMUM [3561,6,[3,3,3,3,1,1,1],8]
MAXIMUM [3562,6,[2,2,2,2,2,1,1],8]
MAXIMUM [3564,95,[36,54,22,12,9,4,1],46]
MAXIMUM [3565,24,[23,1,1,1,1,1,1],8]
MAXIMUM [3566,4,[1,1,1,1,1,1,1],8]
MAXIMUM [3567,15,[29,1,1,1,1,1,1],8]
MAXIMUM [3568,10,[4,4,4,4,1,1,2],31]
MAXIMUM [3570,0,[1,1,1,1,1,1,1],8]
MAXIMUM [3572,10,[2,2,2,2,2,1,1],22]
MAXIMUM [3573,12,[3,3,3,3,1,1,1],17]
MAXIMUM [3574,8,[2,2,2,2,2,1,1],8]
MAXIMUM [3575,26,[25,11,5,1,1,1,1],14]
MAXIMUM [3576,42,[24,24,3,3,2,2,2],12]
MAXIMUM [3578,6,[1,1,1,1,1,1,1],8]
MAXIMUM [3579,9,[3,3,3,3,1,1,1],8]
MAXIMUM [3580,20,[10,10,1,1,1,1,1],14]
MAXIMUM [3582,27,[18,18,6,3,1,2,2],14]
MAXIMUM [3584,0,[1,1,1,1,1,1,1],8]
MAXIMUM [3585,30,[15,15,1,1,1,1,1],8]
MAXIMUM [3586,24,[22,2,2,2,2,1,1],9]
MAXIMUM [3588,54,[46,4,4,4,4,1,1],32]
MAXIMUM [3590,18,[10,10,2,2,2,1,1],9]
MAXIMUM [3591,0,[1,1,1,1,1,1,1],8]
MAXIMUM [3592,26,[8,8,8,4,1,1,2],10]
MAXIMUM [3594,12,[3,3,3,3,1,1,1],17]
MAXIMUM [3595,5,[5,5,1,1,1,1,1],8]
MAXIMUM [3596,18,[29,4,4,4,4,1,2],13]
MAXIMUM [3597,21,[33,3,3,3,1,1,1],9]
MAXIMUM [3598,0,[1,1,1,1,1,1,1],8]
MAXIMUM [3600,141,[72,30,16,16,25,9,9],41]
MAXIMUM [3602,8,[2,2,2,2,2,1,1],8]
MAXIMUM [3603,6,[3,3,3,3,1,1,1],8]
MAXIMUM [3604,34,[34,2,2,2,2,1,1],19]
MAXIMUM [3605,0,[1,1,1,1,1,1,1],8]
MAXIMUM [3606,6,[1,1,1,1,1,1,1],8]
MAXIMUM [3608,28,[22,8,8,8,1,1,1],16]
MAXIMUM [3609,21,[9,9,9,1,1,1,3],8]
MAXIMUM [3610,10,[5,5,1,1,1,1,1],11]
MAXIMUM [3612,0,[1,1,1,1,1,1,1],8]
MAXIMUM [3614,10,[2,2,2,2,2,1,1],8]
MAXIMUM [3615,24,[15,15,3,3,1,1,1],14]
MAXIMUM [3616,48,[32,16,4,4,2,1,1],13]
MAXIMUM [3618,42,[27,6,6,9,2,2,2],32]
MAXIMUM [3620,18,[4,4,4,4,5,5,2],42]
MAXIMUM [3621,51,[51,3,3,3,1,1,1],9]
MAXIMUM [3622,4,[1,1,1,1,1,1,1],8]
MAXIMUM [3624,31,[12,12,6,4,4,3,1],40]
MAXIMUM [3625,14,[25,29,5,1,1,1,1],14]
MAXIMUM [3626,0,[1,1,1,1,1,1,1],8]
MAXIMUM [3627,15,[9,9,9,1,1,1,3],8]
MAXIMUM [3628,10,[2,2,2,2,2,1,1],22]
MAXIMUM [3630,57,[30,30,33,2,2,2,3],26]
MAXIMUM [3632,22,[16,16,2,2,2,1,1],18]
MAXIMUM [3633,0,[1,1,1,1,1,1,1],8]
MAXIMUM [3634,38,[46,1,1,2,2,2,2],9]
MAXIMUM [3635,5,[1,1,1,1,1,1,1],8]
MAXIMUM [3636,36,[36,12,3,3,1,1,1],19]
MAXIMUM [3638,26,[34,1,1,2,2,2,2],9]
MAXIMUM [3639,9,[3,3,3,3,1,1,1],8]
MAXIMUM [3640,0,[1,1,1,1,1,1,1],8]
MAXIMUM [3642,12,[2,2,2,2,2,3,3],8]
MAXIMUM [3644,16,[4,4,4,4,2,1,1],8]
MAXIMUM [3645,42,[27,45,3,3,1,1,1],15]
MAXIMUM [3646,6,[2,2,2,2,2,1,1],8]
MAXIMUM [3648,78,[64,8,8,12,1,1,2],40]
MAXIMUM [3650,35,[50,5,1,1,1,1,1],10]
MAXIMUM [3651,3,[1,1,1,1,1,1,1],8]
MAXIMUM [3652,16,[11,4,4,4,4,1,2],17]
MAXIMUM [3654,0,[1,1,1,1,1,1,1],8]
MAXIMUM [3655,14,[17,5,5,1,1,1,1],10]
MAXIMUM [3656,22,[8,8,8,2,2,1,1],10]
MAXIMUM [3657,18,[23,3,3,3,3,1,1],8]
MAXIMUM [3658,8,[2,2,2,2,2,1,1],8]
MAXIMUM [3660,48,[20,30,6,6,3,2,1],39]
MAXIMUM [3662,6,[1,1,1,1,1,1,1],8]
MAXIMUM [3663,31,[9,9,9,11,3,1,1],15]
MAXIMUM [3664,16,[8,8,8,1,1,1,1],13]
MAXIMUM [3665,5,[5,5,1,1,1,1,1],8]
MAXIMUM [3666,15,[6,6,6,3,1,1,1],8]
MAXIMUM [3668,0,[1,1,1,1,1,1,1],8]
MAXIMUM [3669,6,[1,1,1,1,1,1,1],8]
MAXIMUM [3670,18,[10,10,2,2,2,1,1],8]
MAXIMUM [3672,129,[72,51,18,27,4,8,8],20]
MAXIMUM [3674,9,[11,2,2,2,2,2,1],13]
MAXIMUM [3675,0,[1,1,1,1,1,1,1],8]
MAXIMUM [3676,14,[4,4,4,4,1,1,2],8]
MAXIMUM [3678,12,[3,3,3,3,1,1,1],17]
MAXIMUM [3680,84,[40,46,32,4,4,1,1],16]
MAXIMUM [3681,18,[9,9,9,3,1,1,1],10]
MAXIMUM [3682,0,[1,1,1,1,1,1,1],8]
MAXIMUM [3683,30,[29,1,1,1,1,1,1],8]
MAXIMUM [3684,12,[2,2,2,2,2,3,3],8]
MAXIMUM [3685,11,[5,5,11,1,1,1,1],9]
MAXIMUM [3686,8,[2,2,2,2,2,1,1],8]
MAXIMUM [3687,6,[3,3,3,3,1,1,1],8]
MAXIMUM [3688,6,[2,2,2,2,2,1,1],50]
MAXIMUM [3690,54,[15,15,18,18,2,2,2],22]
MAXIMUM [3692,4,[1,1,1,1,1,1,1],8]
MAXIMUM [3693,3,[1,1,1,1,1,1,1],8]
MAXIMUM [3694,2,[1,1,1,1,1,1,1],8]
MAXIMUM [3695,5,[5,5,1,1,1,1,1],8]
MAXIMUM [3696,0,[1,1,1,1,1,1,1],8]
MAXIMUM [3698,10,[2,2,2,2,2,1,1],8]
MAXIMUM [3699,21,[27,3,3,3,1,1,1],13]
MAXIMUM [3700,45,[25,20,4,4,4,2,1],10]
MAXIMUM [3702,20,[6,6,6,3,2,2,1],10]
MAXIMUM [3704,26,[8,8,8,4,1,1,2],10]
MAXIMUM [3705,27,[15,15,3,3,1,1,1],8]
MAXIMUM [3706,18,[17,1,1,1,1,1,1],9]
MAXIMUM [3708,37,[12,12,18,4,4,3,1],30]
MAXIMUM [3710,0,[1,1,1,1,1,1,1],8]
MAXIMUM [3711,6,[1,1,1,1,1,1,1],8]
MAXIMUM [3712,118,[58,64,16,8,4,1,1],19]
MAXIMUM [3714,14,[6,6,6,2,2,1,1],8]
MAXIMUM [3715,10,[5,5,1,1,1,1,1],8]
MAXIMUM [3716,6,[2,2,2,2,2,1,1],22]
MAXIMUM [3717,0,[1,1,1,1,1,1,1],8]
MAXIMUM [3718,24,[22,1,1,1,1,1,1],9]
MAXIMUM [3720,68,[24,24,10,10,8,3,3],53]
MAXIMUM [3722,2,[1,1,1,1,1,1,1],8]
MAXIMUM [3723,36,[51,3,3,3,1,1,1],9]
MAXIMUM [3724,0,[1,1,1,1,1,1,1],8]
MAXIMUM [3725,25,[25,5,1,1,1,1,1],8]
MAXIMUM [3726,48,[23,9,9,9,2,2,3],58]
MAXIMUM [3728,32,[16,16,4,4,2,1,1],11]
MAXIMUM [3729,33,[33,3,3,3,1,1,1],9]
MAXIMUM [3730,18,[10,10,2,2,2,1,1],9]
MAXIMUM [3732,22,[12,12,4,4,1,1,2],11]
MAXIMUM [3734,4,[1,1,1,1,1,1,1],8]
MAXIMUM [3735,28,[9,9,9,15,5,1,1],16]
MAXIMUM [3736,10,[4,4,4,4,1,1,2],17]
MAXIMUM [3738,0,[1,1,1,1,1,1,1],8]
MAXIMUM [3740,63,[44,17,10,10,2,2,1],36]
MAXIMUM [3741,28,[29,3,3,3,3,1,1],8]
MAXIMUM [3742,8,[2,2,2,2,2,1,1],8]
MAXIMUM [3744,104,[48,72,16,9,9,2,2],18]
MAXIMUM [3745,0,[1,1,1,1,1,1,1],8]
MAXIMUM [3746,6,[1,1,1,1,1,1,1],8]
MAXIMUM [3747,9,[3,3,3,3,1,1,1],8]
MAXIMUM [3748,4,[1,1,1,1,1,1,1],8]
MAXIMUM [3750,33,[25,5,6,6,6,3,1],26]
MAXIMUM [3752,0,[1,1,1,1,1,1,1],8]
MAXIMUM [3753,15,[9,9,9,1,1,1,3],11]
MAXIMUM [3754,10,[2,2,2,2,2,1,1],8]
MAXIMUM [3755,10,[5,5,1,1,1,1,1],8]
MAXIMUM [3756,18,[4,4,4,4,6,1,1],36]
MAXIMUM [3758,6,[2,2,2,2,2,1,1],8]
MAXIMUM [3759,0,[1,1,1,1,1,1,1],8]
MAXIMUM [3760,38,[40,8,4,4,1,1,2],25]
MAXIMUM [3762,66,[66,3,3,3,1,1,1],28]
MAXIMUM [3764,10,[4,4,4,4,1,1,2],8]
MAXIMUM [3765,13,[3,3,3,3,5,5,1],27]
MAXIMUM [3766,0,[1,1,1,1,1,1,1],8]
MAXIMUM [3768,40,[24,24,8,2,2,3,3],10]
MAXIMUM [3770,50,[58,2,2,2,2,5,5],9]
MAXIMUM [3771,6,[3,3,3,3,1,1,1],17]
MAXIMUM [3772,19,[23,2,2,2,2,2,1],37]
MAXIMUM [3774,27,[51,1,1,1,3,3,3],10]
MAXIMUM [3775,15,[25,1,1,1,1,1,5],8]
MAXIMUM [3776,48,[64,8,8,1,1,1,2],10]
MAXIMUM [3777,3,[1,1,1,1,1,1,1],8]
MAXIMUM [3778,2,[1,1,1,1,1,1,1],8]
MAXIMUM [3780,0,[1,1,1,1,1,1,1],8]
MAXIMUM [3782,10,[2,2,2,2,2,1,1],8]
MAXIMUM [3783,12,[3,3,3,3,1,1,1],8]
MAXIMUM [3784,88,[88,4,4,4,2,1,1],9]
MAXIMUM [3785,10,[5,5,1,1,1,1,1],8]
MAXIMUM [3786,20,[6,6,6,3,2,2,1],10]
MAXIMUM [3788,14,[4,4,4,4,1,1,2],8]
MAXIMUM [3789,27,[9,9,9,3,1,1,1],8]
MAXIMUM [3790,20,[10,10,1,1,1,1,1],11]
MAXIMUM [3792,55,[48,12,6,4,4,3,1],36]
MAXIMUM [3794,0,[1,1,1,1,1,1,1],8]
MAXIMUM [3795,57,[33,15,15,23,1,1,3],19]
MAXIMUM [3796,10,[2,2,2,2,2,1,1],22]
MAXIMUM [3798,44,[18,18,9,6,2,2,1],14]
MAXIMUM [3800,29,[20,25,2,2,2,2,1],66]
MAXIMUM [3801,0,[1,1,1,1,1,1,1],8]
MAXIMUM [3802,6,[1,1,1,1,1,1,1],8]
MAXIMUM [3804,24,[12,12,3,3,1,1,1],10]
MAXIMUM [3805,5,[5,5,1,1,1,1,1],8]
MAXIMUM [3806,8,[11,1,1,1,1,1,1],9]
MAXIMUM [3807,36,[27,9,9,3,1,1,1],10]
MAXIMUM [3808,0,[1,1,1,1,1,1,1],8]
MAXIMUM [3810,60,[30,30,2,2,2,3,3],11]
MAXIMUM [3812,16,[4,4,4,4,2,1,1],8]
MAXIMUM [3813,6,[3,3,3,3,1,1,1],8]
MAXIMUM [3814,6,[2,2,2,2,2,1,1],8]
MAXIMUM [3815,0,[1,1,1,1,1,1,1],8]
MAXIMUM [3816,69,[36,18,8,8,8,9,3],42]
MAXIMUM [3818,10,[23,1,1,1,1,1,1],9]
MAXIMUM [3819,3,[1,1,1,1,1,1,1],8]
MAXIMUM [3820,26,[20,5,4,4,4,1,2],20]
MAXIMUM [3822,0,[1,1,1,1,1,1,1],8]
MAXIMUM [3824,38,[16,16,8,2,2,1,1],15]
MAXIMUM [3825,65,[45,17,5,3,3,3,1],35]
MAXIMUM [3826,8,[2,2,2,2,2,1,1],8]
MAXIMUM [3828,92,[66,58,6,3,3,2,2],16]
MAXIMUM [3830,10,[5,5,1,1,1,1,1],11]
MAXIMUM [3831,9,[3,3,3,3,1,1,1],8]
MAXIMUM [3832,16,[8,8,8,1,1,1,1],8]
MAXIMUM [3834,63,[54,18,6,9,1,1,1],15]
MAXIMUM [3835,5,[5,5,1,1,1,1,1],8]
MAXIMUM [3836,0,[1,1,1,1,1,1,1],8]
MAXIMUM [3837,6,[1,1,1,1,1,1,1],8]
MAXIMUM [3838,10,[2,2,2,2,2,1,1],8]
MAXIMUM [3840,116,[60,32,30,16,4,3,3],53]
MAXIMUM [3842,34,[34,2,2,2,2,1,1],9]
MAXIMUM [3843,0,[1,1,1,1,1,1,1],8]
MAXIMUM [3844,14,[4,4,4,4,1,1,2],8]
MAXIMUM [3845,5,[1,1,1,1,1,1,1],8]
MAXIMUM [3846,12,[3,3,3,3,1,1,1],17]
MAXIMUM [3848,10,[4,4,4,4,1,1,2],17]
MAXIMUM [3849,9,[3,3,3,3,1,1,1],8]
MAXIMUM [3850,0,[1,1,1,1,1,1,1],8]
MAXIMUM [3852,48,[36,9,9,2,2,2,3],18]
MAXIMUM [3854,8,[2,2,2,2,2,1,1],8]
MAXIMUM [3855,14,[5,5,3,3,3,3,1],16]
MAXIMUM [3856,22,[16,16,2,2,2,1,1],18]
MAXIMUM [3858,6,[1,1,1,1,1,1,1],8]
MAXIMUM [3860,20,[10,10,1,1,1,1,1],14]
MAXIMUM [3861,39,[27,11,9,9,1,1,3],24]
MAXIMUM [3862,2,[1,1,1,1,1,1,1],8]
MAXIMUM [3864,0,[1,1,1,1,1,1,1],8]
MAXIMUM [3865,10,[5,5,1,1,1,1,1],8]
MAXIMUM [3866,10,[2,2,2,2,2,1,1],8]
MAXIMUM [3867,12,[3,3,3,3,1,1,1],8]
MAXIMUM [3868,16,[4,4,4,4,2,1,1],8]
MAXIMUM [3870,92,[90,6,6,3,2,2,1],13]
MAXIMUM [3872,74,[88,4,4,4,1,1,2],21]
MAXIMUM [3873,9,[3,3,3,3,1,1,1],8]
MAXIMUM [3874,4,[1,1,1,1,1,1,1],8]
MAXIMUM [3875,25,[25,5,1,1,1,1,1],8]
MAXIMUM [3876,53,[34,12,12,6,4,3,1],18]
MAXIMUM [3878,0,[1,1,1,1,1,1,1],8]
MAXIMUM [3879,15,[9,9,9,1,1,1,3],8]
MAXIMUM [3880,30,[8,8,8,10,10,1,1],24]
MAXIMUM [3882,14,[6,6,6,2,2,1,1],8]
MAXIMUM [3884,6,[2,2,2,2,2,1,1],22]
MAXIMUM [3885,0,[1,1,1,1,1,1,1],8]
MAXIMUM [3886,30,[29,1,1,1,1,1,1],9]
MAXIMUM [3887,24,[23,1,1,1,1,1,1],8]
MAXIMUM [3888,92,[54,24,36,8,8,9,1],43]
MAXIMUM [3890,10,[5,5,1,1,1,1,1],11]
MAXIMUM [3891,9,[3,3,3,3,1,1,1],8]
MAXIMUM [3892,0,[1,1,1,1,1,1,1],8]
MAXIMUM [3894,48,[66,2,2,2,3,3,3],9]
MAXIMUM [3895,10,[5,5,1,1,1,1,1],8]
MAXIMUM [3896,16,[4,4,4,4,2,1,1],20]
MAXIMUM [3897,6,[3,3,3,3,1,1,1],17]
MAXIMUM [3898,6,[2,2,2,2,2,1,1],8]
MAXIMUM [3900,66,[60,30,4,4,4,3,3],24]
MAXIMUM [3902,4,[1,1,1,1,1,1,1],8]
MAXIMUM [3903,3,[1,1,1,1,1,1,1],8]
MAXIMUM [3904,26,[32,4,4,4,1,1,2],32]
MAXIMUM [3905,8,[11,5,5,1,1,1,1],10]
MAXIMUM [3906,0,[1,1,1,1,1,1,1],8]
MAXIMUM [3908,10,[2,2,2,2,2,1,1],22]
MAXIMUM [3909,12,[3,3,3,3,1,1,1],8]
MAXIMUM [3910,66,[46,34,2,2,2,5,5],11]
MAXIMUM [3912,42,[24,24,3,3,2,2,2],12]
MAXIMUM [3914,6,[1,1,1,1,1,1,1],8]
MAXIMUM [3915,59,[45,29,9,3,3,1,1],38]
MAXIMUM [3916,16,[22,1,1,1,1,1,1],9]
MAXIMUM [3918,15,[6,6,6,3,1,1,1],8]
MAXIMUM [3920,0,[1,1,1,1,1,1,1],8]
MAXIMUM [3921,6,[1,1,1,1,1,1,1],8]
MAXIMUM [3922,10,[2,2,2,2,2,1,1],8]
MAXIMUM [3924,48,[18,18,9,4,4,4,3],30]
MAXIMUM [3925,20,[25,5,1,1,1,1,1],10]
MAXIMUM [3926,6,[2,2,2,2,2,1,1],8]
MAXIMUM [3927,0,[1,1,1,1,1,1,1],8]
MAXIMUM [3928,26,[8,8,8,4,1,1,2],10]
MAXIMUM [3930,28,[10,10,3,3,3,3,1],56]
MAXIMUM [3932,10,[4,4,4,4,1,1,2],8]
MAXIMUM [3933,31,[23,9,9,9,3,1,1],13]
MAXIMUM [3934,0,[1,1,1,1,1,1,1],8]
MAXIMUM [3935,10,[5,5,1,1,1,1,1],8]
MAXIMUM [3936,48,[16,16,24,2,2,3,3],31]
MAXIMUM [3938,17,[11,2,2,2,2,2,1],13]
MAXIMUM [3939,6,[3,3,3,3,1,1,1],8]
MAXIMUM [3940,28,[20,10,2,2,2,1,1],17]
MAXIMUM [3942,51,[54,18,9,1,1,1,6],11]
MAXIMUM [3944,46,[29,17,8,8,8,1,1],23]
MAXIMUM [3945,15,[15,15,1,1,1,1,1],8]
MAXIMUM [3946,2,[1,1,1,1,1,1,1],8]
MAXIMUM [3948,0,[1,1,1,1,1,1,1],8]
MAXIMUM [3950,40,[50,1,1,1,1,1,5],10]
MAXIMUM [3951,12,[3,3,3,3,1,1,1],17]
MAXIMUM [3952,32,[16,16,4,4,2,1,1],11]
MAXIMUM [3954,20,[6,6,6,3,2,2,1],10]
MAXIMUM [3955,0,[1,1,1,1,1,1,1],8]
MAXIMUM [3956,46,[46,4,4,4,4,1,1],9]
MAXIMUM [3957,9,[3,3,3,3,1,1,1],8]
MAXIMUM [3958,4,[1,1,1,1,1,1,1],8]
MAXIMUM [3960,139,[90,88,12,12,4,3,1],30]
MAXIMUM [3962,0,[1,1,1,1,1,1,1],8]
MAXIMUM [3963,6,[1,1,1,1,1,1,1],8]
MAXIMUM [3964,10,[2,2,2,2,2,1,1],22]
MAXIMUM [3965,10,[5,5,1,1,1,1,1],8]
MAXIMUM [3966,14,[6,6,6,2,2,1,1],8]
MAXIMUM [3968,22,[16,16,2,2,2,1,1],44]
MAXIMUM [3969,0,[1,1,1,1,1,1,1],8]
MAXIMUM [3970,10,[5,5,1,1,1,1,1],11]
MAXIMUM [3972,24,[12,12,3,3,1,1,1],10]
MAXIMUM [3974,2,[1,1,1,1,1,1,1],8]
MAXIMUM [3975,18,[25,3,3,3,3,5,1],16]
MAXIMUM [3976,0,[1,1,1,1,1,1,1],8]
MAXIMUM [3978,72,[51,9,9,9,2,2,2],13]
MAXIMUM [3980,25,[20,4,4,4,2,5,1],10]
MAXIMUM [3981,6,[3,3,3,3,1,1,1],8]
MAXIMUM [3982,9,[11,2,2,2,2,2,1],13]
MAXIMUM [3984,30,[8,8,8,12,1,1,2],71]
MAXIMUM [3985,5,[1,1,1,1,1,1,1],8]
MAXIMUM [3986,4,[1,1,1,1,1,1,1],8]
MAXIMUM [3987,21,[9,9,9,1,1,1,3],8]
MAXIMUM [3988,10,[4,4,4,4,1,1,2],8]
MAXIMUM [3990,0,[1,1,1,1,1,1,1],8]
MAXIMUM [3992,22,[8,8,8,2,2,1,1],10]
MAXIMUM [3993,33,[33,3,3,3,1,1,1],8]
MAXIMUM [3994,8,[2,2,2,2,2,1,1],8]
MAXIMUM [3995,17,[17,5,5,1,1,1,1],10]
MAXIMUM [3996,42,[27,6,6,9,2,2,2],72]
MAXIMUM [3998,6,[1,1,1,1,1,1,1],8]
MAXIMUM [3999,9,[3,3,3,3,1,1,1],8]
MAXIMUM [4000,36,[40,8,1,1,2,4,4],44]
MAXIMUM [4002,49,[46,29,6,6,6,3,2],18]
MAXIMUM [4004,0,[1,1,1,1,1,1,1],8]
MAXIMUM [4005,36,[15,15,9,9,1,1,1],9]
MAXIMUM [4006,10,[2,2,2,2,2,1,1],8]
MAXIMUM [4008,18,[4,4,4,4,6,1,1],122]
MAXIMUM [4010,18,[10,10,2,2,2,1,1],9]
MAXIMUM [4011,0,[1,1,1,1,1,1,1],8]
MAXIMUM [4012,18,[17,4,4,4,4,1,2],17]
MAXIMUM [4014,12,[3,3,3,3,1,1,1],62]
MAXIMUM [4015,14,[11,5,5,1,1,1,1],8]
MAXIMUM [4016,10,[4,4,4,4,1,1,2],31]
MAXIMUM [4017,9,[3,3,3,3,1,1,1],8]
MAXIMUM [4018,0,[1,1,1,1,1,1,1],8]
MAXIMUM [4020,60,[30,30,2,2,2,3,3],13]
MAXIMUM [4022,8,[2,2,2,2,2,1,1],8]
MAXIMUM [4023,24,[27,3,3,3,1,1,1],13]
MAXIMUM [4024,6,[2,2,2,2,2,1,1],50]
MAXIMUM [4025,0,[1,1,1,1,1,1,1],8]
MAXIMUM [4026,24,[22,1,1,1,1,1,1],11]
MAXIMUM [4028,4,[1,1,1,1,1,1,1],8]
MAXIMUM [4029,39,[51,1,1,1,3,3,3],8]
MAXIMUM [4030,10,[5,5,1,1,1,1,1],11]
MAXIMUM [4032,0,[1,1,1,1,1,1,1],8]
MAXIMUM [4034,10,[2,2,2,2,2,1,1],8]
MAXIMUM [4035,24,[15,15,3,3,1,1,1],14]
MAXIMUM [4036,16,[4,4,4,4,2,1,1],8]
MAXIMUM [4038,20,[6,6,6,3,2,2,1],10]
MAXIMUM [4040,38,[40,8,4,4,1,1,2],17]
MAXIMUM [4041,27,[9,9,9,3,1,1,1],8]
MAXIMUM [4042,4,[1,1,1,1,1,1,1],8]
MAXIMUM [4044,31,[12,12,6,4,4,3,1],12]
MAXIMUM [4045,5,[5,5,1,1,1,1,1],8]
MAXIMUM [4046,0,[1,1,1,1,1,1,1],8]
MAXIMUM [4047,6,[1,1,1,1,1,1,1],8]
MAXIMUM [4048,93,[44,23,16,16,8,2,1],38]
MAXIMUM [4050,92,[25,30,18,18,27,2,2],48]
MAXIMUM [4052,6,[2,2,2,2,2,1,1],22]
MAXIMUM [4053,0,[1,1,1,1,1,1,1],8]
MAXIMUM [4054,6,[1,1,1,1,1,1,1],8]
MAXIMUM [4055,5,[1,1,1,1,1,1,1],8]
MAXIMUM [4056,52,[24,24,8,3,3,2,2],13]
MAXIMUM [4058,2,[1,1,1,1,1,1,1],8]
MAXIMUM [4059,30,[33,9,9,9,1,1,1],12]
MAXIMUM [4060,0,[1,1,1,1,1,1,1],8]
MAXIMUM [4062,12,[2,2,2,2,2,3,3],8]
MAXIMUM [4064,48,[32,16,4,4,2,1,1],13]
MAXIMUM [4065,14,[5,5,3,3,3,3,1],16]
MAXIMUM [4066,6,[2,2,2,2,2,1,1],8]
MAXIMUM [4068,61,[36,18,12,9,4,4,1],14]
MAXIMUM [4070,32,[22,10,10,1,1,1,1],13]
MAXIMUM [4071,19,[23,1,1,1,1,1,1],8]
MAXIMUM [4072,10,[4,4,4,4,1,1,2],17]
MAXIMUM [4074,0,[1,1,1,1,1,1,1],8]
MAXIMUM [4075,25,[25,5,1,1,1,1,1],8]
MAXIMUM [4076,10,[2,2,2,2,2,1,1],22]
MAXIMUM [4077,21,[27,3,3,3,1,1,1],13]
MAXIMUM [4078,8,[2,2,2,2,2,1,1],8]
MAXIMUM [4080,119,[48,51,20,30,16,6,1],86]
MAXIMUM [4082,6,[1,1,1,1,1,1,1],8]
MAXIMUM [4083,9,[3,3,3,3,1,1,1],8]
MAXIMUM [4084,4,[1,1,1,1,1,1,1],8]
MAXIMUM [4085,5,[5,5,1,1,1,1,1],8]
MAXIMUM [4086,27,[18,18,6,3,1,2,2],14]
MAXIMUM [4088,0,[1,1,1,1,1,1,1],8]
MAXIMUM [4089,30,[29,1,1,1,1,1,1],8]
MAXIMUM [4090,18,[10,10,2,2,2,1,1],8]
MAXIMUM [4092,46,[44,4,4,4,6,1,1],32]
MAXIMUM [4094,19,[23,2,2,2,2,2,1],13]
MAXIMUM [4095,0,[1,1,1,1,1,1,1],8]
MAXIMUM [4096,74,[64,8,8,4,1,1,2],16]
MAXIMUM [4098,12,[3,3,3,3,1,1,1],17]
MAXIMUM [4100,36,[20,25,4,4,4,1,2],15]
MAXIMUM [4101,9,[3,3,3,3,1,1,1],8]
MAXIMUM [4102,0,[1,1,1,1,1,1,1],8]
MAXIMUM [4104,100,[72,24,9,9,8,2,2],25]
MAXIMUM [4105,10,[5,5,1,1,1,1,1],8]
MAXIMUM [4106,8,[2,2,2,2,2,1,1],8]
MAXIMUM [4107,6,[3,3,3,3,1,1,1],8]
MAXIMUM [4108,6,[2,2,2,2,2,1,1],22]
MAXIMUM [4110,30,[15,15,1,1,1,1,1],11]
MAXIMUM [4112,16,[8,8,8,1,1,1,1],13]
MAXIMUM [4113,21,[9,9,9,1,1,1,3],8]
MAXIMUM [4114,32,[34,11,1,2,2,2,2],14]
MAXIMUM [4115,5,[5,5,1,1,1,1,1],8]
MAXIMUM [4116,0,[1,1,1,1,1,1,1],8]
MAXIMUM [4118,58,[58,2,2,2,2,1,1],9]
MAXIMUM [4119,12,[3,3,3,3,1,1,1],8]
MAXIMUM [4120,25,[20,4,4,4,2,5,1],37]
MAXIMUM [4122,24,[6,6,9,9,2,2,2],32]
MAXIMUM [4124,14,[4,4,4,4,1,1,2],8]
MAXIMUM [4125,32,[15,25,11,3,3,3,1],26]
MAXIMUM [4126,4,[1,1,1,1,1,1,1],8]
MAXIMUM [4128,71,[48,32,12,6,4,3,1],28]
MAXIMUM [4130,0,[1,1,1,1,1,1,1],8]
MAXIMUM [4131,36,[51,9,9,9,1,1,1],11]
MAXIMUM [4132,10,[2,2,2,2,2,1,1],22]
MAXIMUM [4134,14,[6,6,6,2,2,1,1],8]
MAXIMUM [4135,10,[5,5,1,1,1,1,1],8]
MAXIMUM [4136,30,[44,2,2,2,2,1,1],41]
MAXIMUM [4137,0,[1,1,1,1,1,1,1],8]
MAXIMUM [4138,6,[1,1,1,1,1,1,1],8]
MAXIMUM [4140,78,[45,36,12,23,3,1,1],46]
MAXIMUM [4142,2,[1,1,1,1,1,1,1],8]
MAXIMUM [4143,9,[3,3,3,3,1,1,1],8]
MAXIMUM [4144,0,[1,1,1,1,1,1,1],8]
MAXIMUM [4145,10,[5,5,1,1,1,1,1],8]
MAXIMUM [4146,12,[2,2,2,2,2,3,3],8]
MAXIMUM [4148,34,[34,4,4,4,4,1,1],8]
MAXIMUM [4149,6,[3,3,3,3,1,1,1],17]
MAXIMUM [4150,19,[10,25,2,2,2,2,1],19]
MAXIMUM [4152,30,[8,8,8,12,1,1,2],27]
MAXIMUM [4154,4,[1,1,1,1,1,1,1],8]
MAXIMUM [4155,15,[15,15,1,1,1,1,1],8]
MAXIMUM [4156,10,[4,4,4,4,1,1,2],8]
MAXIMUM [4158,0,[1,1,1,1,1,1,1],8]
MAXIMUM [4160,78,[64,16,8,10,20,1,1],31]
MAXIMUM [4161,12,[3,3,3,3,1,1,1],8]
MAXIMUM [4162,8,[2,2,2,2,2,1,1],8]
MAXIMUM [4164,20,[6,6,6,3,2,2,1],34]
MAXIMUM [4165,0,[1,1,1,1,1,1,1],8]
MAXIMUM [4166,6,[1,1,1,1,1,1,1],8]
MAXIMUM [4167,27,[9,9,9,3,1,1,1],8]
MAXIMUM [4168,16,[8,8,8,1,1,1,1],8]
MAXIMUM [4170,23,[5,5,6,6,6,3,1],56]
MAXIMUM [4172,0,[1,1,1,1,1,1,1],8]
MAXIMUM [4173,6,[1,1,1,1,1,1,1],8]
MAXIMUM [4174,10,[2,2,2,2,2,1,1],8]
MAXIMUM [4175,10,[5,5,1,1,1,1,1],10]
MAXIMUM [4176,146,[72,58,48,16,9,9,2],17]
MAXIMUM [4178,6,[2,2,2,2,2,1,1],8]
MAXIMUM [4179,0,[1,1,1,1,1,1,1],8]
MAXIMUM [4180,36,[22,4,4,4,4,5,5],10]
MAXIMUM [4182,26,[17,3,3,3,3,1,1],38]
MAXIMUM [4184,10,[4,4,4,4,1,1,2],17]
MAXIMUM [4185,60,[45,27,3,3,1,1,1],10]
MAXIMUM [4186,0,[1,1,1,1,1,1,1],8]
MAXIMUM [4188,12,[2,2,2,2,2,3,3],8]
MAXIMUM [4190,10,[2,2,2,2,2,5,5],8]
MAXIMUM [4191,33,[33,3,3,3,1,1,1],9]
MAXIMUM [4192,22,[16,16,2,2,2,1,1],33]
MAXIMUM [4194,33,[18,18,9,1,1,1,3],10]
MAXIMUM [4195,5,[1,1,1,1,1,1,1],8]
MAXIMUM [4196,4,[1,1,1,1,1,1,1],8]
MAXIMUM [4197,3,[1,1,1,1,1,1,1],8]
MAXIMUM [4198,2,[1,1,1,1,1,1,1],8]
MAXIMUM [4200,0,[1,1,1,1,1,1,1],8]
MAXIMUM [4202,24,[22,2,2,2,2,1,1],9]
MAXIMUM [4203,12,[3,3,3,3,1,1,1],17]
MAXIMUM [4204,16,[4,4,4,4,2,1,1],8]
MAXIMUM [4205,18,[29,5,5,1,1,1,1],10]
MAXIMUM [4206,20,[6,6,6,3,2,2,1],10]
MAXIMUM [4208,26,[8,8,8,4,1,1,2],21]
MAXIMUM [4209,28,[23,3,3,3,3,1,1],8]
MAXIMUM [4210,20,[10,10,1,1,1,1,1],11]
MAXIMUM [4212,73,[54,12,12,4,4,3,1],33]
MAXIMUM [4214,0,[1,1,1,1,1,1,1],8]
MAXIMUM [4215,30,[15,15,1,1,1,1,1],8]
MAXIMUM [4216,31,[17,8,8,8,2,2,1],19]
MAXIMUM [4218,14,[6,6,6,2,2,1,1],8]
MAXIMUM [4220,28,[20,10,2,2,2,1,1],17]
MAXIMUM [4221,0,[1,1,1,1,1,1,1],8]
MAXIMUM [4222,6,[1,1,1,1,1,1,1],8]
MAXIMUM [4224,124,[66,64,24,8,3,3,2],39]
MAXIMUM [4225,25,[25,5,1,1,1,1,1],8]
MAXIMUM [4226,2,[1,1,1,1,1,1,1],8]
MAXIMUM [4227,9,[3,3,3,3,1,1,1],8]
MAXIMUM [4228,0,[1,1,1,1,1,1,1],8]
MAXIMUM [4230,72,[30,30,9,9,2,2,2],18]
MAXIMUM [4232,54,[46,4,4,4,4,1,1],18]
MAXIMUM [4233,13,[17,3,3,3,3,1,1],12]
MAXIMUM [4234,38,[58,2,2,2,2,1,1],8]
MAXIMUM [4235,0,[1,1,1,1,1,1,1],8]
MAXIMUM [4236,22,[12,12,4,4,1,1,2],11]
MAXIMUM [4238,4,[1,1,1,1,1,1,1],8]
MAXIMUM [4239,30,[27,9,9,1,1,1,3],11]
MAXIMUM [4240,44,[40,5,4,4,1,1,1],18]
MAXIMUM [4242,0,[1,1,1,1,1,1,1],8]
MAXIMUM [4244,10,[2,2,2,2,2,1,1],22]
MAXIMUM [4245,24,[15,15,3,3,1,1,1],14]
MAXIMUM [4246,17,[11,2,2,2,2,2,1],13]
MAXIMUM [4248,72,[72,24,9,9,2,2,2],10]
MAXIMUM [4250,54,[50,17,5,1,1,1,1],10]
MAXIMUM [4251,9,[3,3,3,3,1,1,1],8]
MAXIMUM [4252,4,[1,1,1,1,1,1,1],8]
MAXIMUM [4254,15,[6,6,6,3,1,1,1],8]
MAXIMUM [4255,18,[23,5,5,1,1,1,1],8]
MAXIMUM [4256,0,[1,1,1,1,1,1,1],8]
MAXIMUM [4257,33,[33,9,9,9,1,1,1],9]
MAXIMUM [4258,10,[2,2,2,2,2,1,1],8]
MAXIMUM [4260,84,[60,30,4,4,4,3,3],11]
MAXIMUM [4262,6,[2,2,2,2,2,1,1],8]
MAXIMUM [4263,0,[1,1,1,1,1,1,1],8]
MAXIMUM [4264,26,[8,8,8,4,1,1,2],10]
MAXIMUM [4265,5,[1,1,1,1,1,1,1],8]
MAXIMUM [4266,48,[54,3,3,6,2,2,2],19]
MAXIMUM [4268,16,[11,4,4,4,4,1,2],17]
MAXIMUM [4269,9,[3,3,3,3,1,1,1],8]
MAXIMUM [4270,0,[1,1,1,1,1,1,1],8]
MAXIMUM [4272,48,[16,16,24,2,2,3,3],21]
MAXIMUM [4274,8,[2,2,2,2,2,1,1],8]
MAXIMUM [4275,38,[45,25,3,3,3,1,1],12]
MAXIMUM [4276,6,[2,2,2,2,2,1,1],22]
MAXIMUM [4278,38,[46,1,1,2,2,2,2],9]
MAXIMUM [4280,36,[40,8,1,1,2,4,4],19]
MAXIMUM [4281,3,[1,1,1,1,1,1,1],8]
MAXIMUM [4282,2,[1,1,1,1,1,1,1],8]
MAXIMUM [4284,0,[1,1,1,1,1,1,1],8]
MAXIMUM [4285,10,[5,5,1,1,1,1,1],8]
MAXIMUM [4286,10,[2,2,2,2,2,1,1],8]
MAXIMUM [4287,12,[3,3,3,3,1,1,1],8]
MAXIMUM [4288,48,[32,16,4,4,2,1,1],21]
MAXIMUM [4290,78,[66,30,10,3,3,2,2],17]
MAXIMUM [4292,38,[29,4,4,4,4,1,2],13]
MAXIMUM [4293,27,[9,9,9,3,1,1,1],12]
MAXIMUM [4294,4,[1,1,1,1,1,1,1],8]
MAXIMUM [4295,5,[5,5,1,1,1,1,1],8]
MAXIMUM [4296,31,[12,12,6,4,4,3,1],40]
MAXIMUM [4298,0,[1,1,1,1,1,1,1],8]
MAXIMUM [4299,6,[1,1,1,1,1,1,1],8]
MAXIMUM [4300,40,[50,1,1,1,1,1,5],11]
MAXIMUM [4301,25,[17,23,11,1,1,1,1],9]
MAXIMUM [4302,44,[18,18,9,6,2,2,1],14]
MAXIMUM [4304,22,[16,16,2,2,2,1,1],18]
MAXIMUM [4305,0,[1,1,1,1,1,1,1],8]
MAXIMUM [4306,6,[1,1,1,1,1,1,1],8]
MAXIMUM [4308,24,[12,12,3,3,1,1,1],10]
MAXIMUM [4310,10,[5,5,1,1,1,1,1],11]
MAXIMUM [4311,18,[9,9,9,3,1,1,1],10]
MAXIMUM [4312,0,[1,1,1,1,1,1,1],8]
MAXIMUM [4314,12,[2,2,2,2,2,3,3],8]
MAXIMUM [4315,10,[5,5,1,1,1,1,1],8]
MAXIMUM [4316,16,[4,4,4,4,2,1,1],8]
MAXIMUM [4317,6,[3,3,3,3,1,1,1],8]
MAXIMUM [4318,34,[34,2,2,2,2,1,1],9]
MAXIMUM [4320,139,[60,36,54,32,8,9,1],46]
MAXIMUM [4321,25,[29,1,1,1,1,1,1],8]
MAXIMUM [4322,4,[1,1,1,1,1,1,1],8]
MAXIMUM [4323,12,[11,1,1,1,1,1,1],9]
MAXIMUM [4324,36,[46,4,4,4,4,1,1],8]
MAXIMUM [4325,10,[25,5,1,1,1,1,1],10]
MAXIMUM [4326,0,[1,1,1,1,1,1,1],8]
MAXIMUM [4328,22,[8,8,8,2,2,1,1],10]
MAXIMUM [4329,12,[3,3,3,3,1,1,1],17]
MAXIMUM [4330,10,[2,2,2,2,2,5,5],8]
MAXIMUM [4332,20,[6,6,6,3,2,2,1],34]
MAXIMUM [4334,24,[22,1,1,1,1,1,1],9]
MAXIMUM [4335,69,[51,15,15,3,1,1,1],11]
MAXIMUM [4336,16,[8,8,8,1,1,1,1],13]
MAXIMUM [4338,27,[18,18,6,3,1,2,2],14]
MAXIMUM [4340,0,[1,1,1,1,1,1,1],8]
MAXIMUM [4341,6,[1,1,1,1,1,1,1],8]
MAXIMUM [4342,10,[2,2,2,2,2,1,1],8]
MAXIMUM [4344,18,[4,4,4,4,6,1,1],122]
MAXIMUM [4345,16,[11,5,5,1,1,1,1],10]
MAXIMUM [4346,6,[2,2,2,2,2,1,1],8]
MAXIMUM [4347,0,[1,1,1,1,1,1,1],8]
MAXIMUM [4348,14,[4,4,4,4,1,1,2],8]
MAXIMUM [4350,62,[50,29,15,3,3,3,1],29]
MAXIMUM [4352,50,[34,32,4,4,4,1,1],37]
MAXIMUM [4353,9,[3,3,3,3,1,1,1],8]
MAXIMUM [4354,0,[1,1,1,1,1,1,1],8]
MAXIMUM [4355,10,[5,5,1,1,1,1,1],8]
MAXIMUM [4356,84,[44,36,9,9,2,2,3],17]
MAXIMUM [4358,8,[2,2,2,2,2,1,1],8]
MAXIMUM [4359,6,[3,3,3,3,1,1,1],8]
MAXIMUM [4360,28,[20,10,2,2,2,1,1],29]
MAXIMUM [4362,6,[1,1,1,1,1,1,1],8]
MAXIMUM [4364,4,[1,1,1,1,1,1,1],8]
MAXIMUM [4365,28,[9,9,9,15,5,1,1],16]
MAXIMUM [4366,2,[1,1,1,1,1,1,1],8]
MAXIMUM [4368,0,[1,1,1,1,1,1,1],8]
MAXIMUM [4370,37,[23,10,10,2,2,2,1],15]
MAXIMUM [4371,12,[3,3,3,3,1,1,1],8]
MAXIMUM [4372,16,[4,4,4,4,2,1,1],8]
MAXIMUM [4374,42,[27,6,6,9,2,2,2],32]
MAXIMUM [4375,0,[1,1,1,1,1,1,1],8]
MAXIMUM [4376,26,[8,8,8,4,1,1,2],10]
MAXIMUM [4377,9,[3,3,3,3,1,1,1],8]
MAXIMUM [4378,16,[22,1,1,1,1,1,1],8]
MAXIMUM [4380,55,[60,12,6,4,4,3,1],18]
MAXIMUM [4382,0,[1,1,1,1,1,1,1],8]
MAXIMUM [4383,15,[9,9,9,1,1,1,3],8]
MAXIMUM [4384,38,[16,16,8,2,2,1,1],24]
MAXIMUM [4385,10,[5,5,1,1,1,1,1],8]
MAXIMUM [4386,50,[51,6,6,6,2,2,1],9]
MAXIMUM [4388,6,[2,2,2,2,2,1,1],22]
MAXIMUM [4389,0,[1,1,1,1,1,1,1],8]
MAXIMUM [4390,10,[5,5,1,1,1,1,1],11]
MAXIMUM [4392,56,[24,36,8,8,3,3,2],40]
MAXIMUM [4394,2,[1,1,1,1,1,1,1],8]
MAXIMUM [4395,13,[3,3,3,3,5,5,1],27]
MAXIMUM [4396,0,[1,1,1,1,1,1,1],8]
MAXIMUM [4398,12,[2,2,2,2,2,3,3],8]
MAXIMUM [4400,117,[88,25,20,4,4,2,1],13]
MAXIMUM [4401,24,[27,3,3,3,1,1,1],13]
MAXIMUM [4402,6,[2,2,2,2,2,1,1],8]
MAXIMUM [4404,22,[12,12,4,4,1,1,2],11]
MAXIMUM [4405,5,[1,1,1,1,1,1,1],8]
MAXIMUM [4406,4,[1,1,1,1,1,1,1],8]
MAXIMUM [4407,3,[1,1,1,1,1,1,1],8]
MAXIMUM [4408,18,[29,4,4,4,4,1,2],31]
MAXIMUM [4410,0,[1,1,1,1,1,1,1],8]
MAXIMUM [4412,10,[2,2,2,2,2,1,1],22]
MAXIMUM [4413,12,[3,3,3,3,1,1,1],8]
MAXIMUM [4414,8,[2,2,2,2,2,1,1],8]
MAXIMUM [4415,10,[5,5,1,1,1,1,1],8]
MAXIMUM [4416,86,[48,24,46,16,3,3,2],41]
MAXIMUM [4418,6,[1,1,1,1,1,1,1],8]
MAXIMUM [4419,27,[9,9,9,3,1,1,1],8]
MAXIMUM [4420,34,[17,10,10,1,1,1,1],27]
MAXIMUM [4422,42,[33,6,6,6,1,1,1],12]
MAXIMUM [4424,0,[1,1,1,1,1,1,1],8]
MAXIMUM [4425,35,[25,15,1,1,1,1,1],10]
MAXIMUM [4426,10,[2,2,2,2,2,1,1],8]
MAXIMUM [4428,57,[18,18,27,4,4,4,3],38]
MAXIMUM [4430,18,[10,10,2,2,2,1,1],9]
MAXIMUM [4431,0,[1,1,1,1,1,1,1],8]
MAXIMUM [4432,26,[8,8,8,4,1,1,2],21]
MAXIMUM [4434,12,[3,3,3,3,1,1,1],17]
MAXIMUM [4435,5,[5,5,1,1,1,1,1],8]
MAXIMUM [4436,10,[4,4,4,4,1,1,2],8]
MAXIMUM [4437,49,[51,9,9,9,29,1,1],13]
MAXIMUM [4438,0,[1,1,1,1,1,1,1],8]
MAXIMUM [4440,72,[30,30,8,8,8,3,3],27]
MAXIMUM [4442,8,[2,2,2,2,2,1,1],8]
MAXIMUM [4443,6,[3,3,3,3,1,1,1],8]
MAXIMUM [4444,30,[44,2,2,2,2,1,1],17]
MAXIMUM [4445,0,[1,1,1,1,1,1,1],8]
MAXIMUM [4446,33,[18,18,9,1,1,1,3],10]
MAXIMUM [4448,16,[8,8,8,1,1,1,1],18]
MAXIMUM [4449,3,[1,1,1,1,1,1,1],8]
MAXIMUM [4450,20,[25,5,1,1,1,1,1],16]
MAXIMUM [4452,0,[1,1,1,1,1,1,1],8]
MAXIMUM [4454,19,[17,2,2,2,2,2,1],13]
MAXIMUM [4455,78,[45,33,27,3,1,1,1],13]
MAXIMUM [4456,16,[4,4,4,4,2,1,1],20]
MAXIMUM [4458,20,[6,6,6,3,2,2,1],10]
MAXIMUM [4460,18,[4,4,4,4,5,5,2],42]
MAXIMUM [4461,9,[3,3,3,3,1,1,1],8]
MAXIMUM [4462,10,[23,1,1,1,1,1,1],9]
MAXIMUM [4464,61,[48,12,18,4,4,3,1],92]
MAXIMUM [4465,5,[5,5,1,1,1,1,1],8]
MAXIMUM [4466,0,[1,1,1,1,1,1,1],8]
MAXIMUM [4467,6,[1,1,1,1,1,1,1],8]
MAXIMUM [4468,10,[2,2,2,2,2,1,1],22]
MAXIMUM [4470,48,[30,30,2,2,2,3,3],9]
MAXIMUM [4472,6,[2,2,2,2,2,1,1],50]
MAXIMUM [4473,0,[1,1,1,1,1,1,1],8]
MAXIMUM [4474,6,[1,1,1,1,1,1,1],8]
MAXIMUM [4475,15,[25,1,1,1,1,1,5],8]
MAXIMUM [4476,24,[12,12,3,3,1,1,1],10]
MAXIMUM [4478,2,[1,1,1,1,1,1,1],8]
MAXIMUM [4479,9,[3,3,3,3,1,1,1],8]
MAXIMUM [4480,0,[1,1,1,1,1,1,1],8]
MAXIMUM [4482,30,[9,9,9,2,2,2,3],23]
MAXIMUM [4484,16,[4,4,4,4,2,1,1],8]
MAXIMUM [4485,17,[5,5,23,3,3,3,3],16]
MAXIMUM [4486,6,[2,2,2,2,2,1,1],8]
MAXIMUM [4488,103,[88,51,12,12,4,1,6],19]
MAXIMUM [4490,20,[10,10,1,1,1,1,1],11]
MAXIMUM [4491,21,[9,9,9,1,1,1,3],8]
MAXIMUM [4492,10,[4,4,4,4,1,1,2],8]
MAXIMUM [4494,0,[1,1,1,1,1,1,1],8]
MAXIMUM [4495,34,[29,5,5,1,1,1,1],8]
MAXIMUM [4496,38,[16,16,8,2,2,1,1],15]
MAXIMUM [4497,12,[3,3,3,3,1,1,1],8]
MAXIMUM [4498,8,[2,2,2,2,2,1,1],8]
MAXIMUM [4500,92,[90,6,6,3,2,2,1],38]
MAXIMUM [4502,6,[1,1,1,1,1,1,1],8]
MAXIMUM [4503,9,[3,3,3,3,1,1,1],8]
MAXIMUM [4504,16,[8,8,8,1,1,1,1],8]
MAXIMUM [4505,7,[17,5,5,1,1,1,1],10]
MAXIMUM [4506,15,[6,6,6,3,1,1,1],8]
MAXIMUM [4508,0,[1,1,1,1,1,1,1],8]
MAXIMUM [4509,15,[9,9,9,1,1,1,3],11]
MAXIMUM [4510,32,[22,10,10,2,2,1,1],13]
MAXIMUM [4512,66,[32,48,4,4,6,1,1],29]
MAXIMUM [4514,6,[2,2,2,2,2,1,1],8]
MAXIMUM [4515,0,[1,1,1,1,1,1,1],8]
MAXIMUM [4516,14,[4,4,4,4,1,1,2],8]
MAXIMUM [4518,12,[3,3,3,3,1,1,1],62]
MAXIMUM [4520,44,[40,5,4,4,1,1,1],15]
MAXIMUM [4521,21,[33,3,3,3,1,1,1],9]
MAXIMUM [4522,0,[1,1,1,1,1,1,1],8]
MAXIMUM [4524,60,[58,2,2,2,2,3,3],9]
MAXIMUM [4525,10,[5,5,1,1,1,1,1],10]
MAXIMUM [4526,8,[2,2,2,2,2,1,1],8]
MAXIMUM [4527,6,[3,3,3,3,1,1,1],17]
MAXIMUM [4528,22,[16,16,2,2,2,1,1],18]
MAXIMUM [4530,30,[15,15,1,1,1,1,1],11]
MAXIMUM [4532,16,[22,1,1,1,1,1,1],9]
MAXIMUM [4533,3,[1,1,1,1,1,1,1],8]
MAXIMUM [4534,2,[1,1,1,1,1,1,1],8]
MAXIMUM [4535,5,[5,5,1,1,1,1,1],8]
MAXIMUM [4536,0,[1,1,1,1,1,1,1],8]
MAXIMUM [4538,10,[2,2,2,2,2,1,1],8]
MAXIMUM [4539,26,[17,3,3,3,3,1,1],12]
MAXIMUM [4540,25,[20,4,4,4,2,5,1],10]
MAXIMUM [4542,20,[6,6,6,3,2,2,1],10]
MAXIMUM [4544,74,[64,8,8,4,1,1,2],16]
MAXIMUM [4545,39,[45,9,3,3,1,1,1],18]
MAXIMUM [4546,4,[1,1,1,1,1,1,1],8]
MAXIMUM [4548,31,[12,12,6,4,4,3,1],12]
MAXIMUM [4550,0,[1,1,1,1,1,1,1],8]
MAXIMUM [4551,6,[1,1,1,1,1,1,1],8]
MAXIMUM [4552,22,[8,8,8,2,2,1,1],10]
MAXIMUM [4554,91,[46,18,18,11,9,6,2],27]
MAXIMUM [4555,10,[5,5,1,1,1,1,1],8]
MAXIMUM [4556,34,[34,2,2,2,2,1,1],19]
MAXIMUM [4557,0,[1,1,1,1,1,1,1],8]
MAXIMUM [4558,6,[1,1,1,1,1,1,1],8]
MAXIMUM [4560,68,[24,24,10,10,8,3,3],101]
MAXIMUM [4562,2,[1,1,1,1,1,1,1],8]
MAXIMUM [4563,36,[27,9,9,3,1,1,1],10]
MAXIMUM [4564,0,[1,1,1,1,1,1,1],8]
MAXIMUM [4565,17,[11,5,5,1,1,1,1],10]
MAXIMUM [4566,12,[2,2,2,2,2,3,3],8]
MAXIMUM [4568,16,[4,4,4,4,2,1,1],20]
MAXIMUM [4569,6,[3,3,3,3,1,1,1],8]
MAXIMUM [4570,18,[10,10,2,2,2,1,1],9]
MAXIMUM [4572,61,[36,18,12,9,4,4,1],14]
MAXIMUM [4574,4,[1,1,1,1,1,1,1],8]
MAXIMUM [4575,30,[25,15,1,1,1,1,1],10]
MAXIMUM [4576,58,[88,4,4,4,1,1,2],9]
MAXIMUM [4578,0,[1,1,1,1,1,1,1],8]
MAXIMUM [4580,18,[10,10,2,2,2,1,1],25]
MAXIMUM [4581,12,[3,3,3,3,1,1,1],17]
MAXIMUM [4582,48,[58,2,2,2,2,1,1],9]
MAXIMUM [4584,42,[24,24,3,3,2,2,2],12]
MAXIMUM [4585,0,[1,1,1,1,1,1,1],8]
MAXIMUM [4586,6,[1,1,1,1,1,1,1],8]
MAXIMUM [4587,13,[11,3,3,3,3,1,1],12]
MAXIMUM [4588,4,[1,1,1,1,1,1,1],8]
MAXIMUM [4590,99,[90,34,6,6,3,1,2],25]
MAXIMUM [4592,0,[1,1,1,1,1,1,1],8]
MAXIMUM [4593,6,[1,1,1,1,1,1,1],8]
MAXIMUM [4594,10,[2,2,2,2,2,1,1],8]
MAXIMUM [4595,10,[5,5,1,1,1,1,1],8]
MAXIMUM [4596,18,[4,4,4,4,6,1,1],36]
MAXIMUM [4598,9,[11,2,2,2,2,2,1],13]
MAXIMUM [4599,0,[1,1,1,1,1,1,1],8]
MAXIMUM [4600,77,[46,25,8,8,8,4,5],27]
MAXIMUM [4602,12,[3,3,3,3,1,1,1],17]
MAXIMUM [4604,10,[4,4,4,4,1,1,2],8]
MAXIMUM [4605,13,[3,3,3,3,5,5,1],27]
MAXIMUM [4606,0,[1,1,1,1,1,1,1],8]
MAXIMUM [4608,140,[72,64,16,9,9,2,12],33]
MAXIMUM [4610,10,[2,2,2,2,2,5,5],8]
MAXIMUM [4611,14,[29,3,3,3,3,1,1],8]
MAXIMUM [4612,6,[2,2,2,2,2,1,1],22]
MAXIMUM [4614,6,[1,1,1,1,1,1,1],8]
MAXIMUM [4615,5,[1,1,1,1,1,1,1],8]
MAXIMUM [4616,16,[8,8,8,1,1,1,1],8]
MAXIMUM [4617,30,[27,9,9,1,1,1,3],11]
MAXIMUM [4618,2,[1,1,1,1,1,1,1],8]
MAXIMUM [4620,0,[1,1,1,1,1,1,1],8]
MAXIMUM [4622,10,[2,2,2,2,2,1,1],8]
MAXIMUM [4623,18,[23,3,3,3,3,1,1],8]
MAXIMUM [4624,50,[34,16,16,4,4,1,1],12]
MAXIMUM [4625,20,[25,5,1,1,1,1,1],10]
MAXIMUM [4626,24,[6,6,9,9,2,2,2],32]
MAXIMUM [4628,14,[4,4,4,4,1,1,2],8]
MAXIMUM [4629,9,[3,3,3,3,1,1,1],8]
MAXIMUM [4630,20,[10,10,1,1,1,1,1],11]
MAXIMUM [4632,31,[12,12,6,4,4,3,1],40]
MAXIMUM [4634,0,[1,1,1,1,1,1,1],8]
MAXIMUM [4635,36,[15,15,9,9,1,1,1],9]
MAXIMUM [4636,10,[2,2,2,2,2,1,1],22]
MAXIMUM [4638,14,[6,6,6,2,2,1,1],8]
MAXIMUM [4640,76,[58,20,16,16,10,1,1],31]
MAXIMUM [4641,0,[1,1,1,1,1,1,1],8]
MAXIMUM [4642,24,[22,1,1,1,1,1,1],9]
MAXIMUM [4644,72,[54,36,12,9,1,1,1],14]
MAXIMUM [4645,5,[5,5,1,1,1,1,1],8]
MAXIMUM [4646,28,[46,1,1,2,2,2,2],8]
MAXIMUM [4647,9,[3,3,3,3,1,1,1],8]
MAXIMUM [4648,0,[1,1,1,1,1,1,1],8]
MAXIMUM [4650,60,[30,30,2,2,2,3,3],21]
MAXIMUM [4652,16,[4,4,4,4,2,1,1],8]
MAXIMUM [4653,33,[33,3,3,3,1,1,1],15]
MAXIMUM [4654,6,[2,2,2,2,2,1,1],8]
MAXIMUM [4655,0,[1,1,1,1,1,1,1],8]
MAXIMUM [4656,30,[8,8,8,12,1,1,2],71]
MAXIMUM [4658,18,[17,1,1,1,1,1,1],9]
MAXIMUM [4659,3,[1,1,1,1,1,1,1],8]
MAXIMUM [4660,26,[20,5,4,4,4,1,2],20]
MAXIMUM [4662,0,[1,1,1,1,1,1,1],8]
MAXIMUM [4664,58,[44,8,8,8,2,1,1],10]
MAXIMUM [4665,24,[15,15,3,3,1,1,1],14]
MAXIMUM [4666,8,[2,2,2,2,2,1,1],8]
MAXIMUM [4668,20,[6,6,6,3,2,2,1],34]
MAXIMUM [4670,10,[5,5,1,1,1,1,1],11]
MAXIMUM [4671,27,[9,9,9,3,1,1,1],12]
MAXIMUM [4672,48,[64,8,8,1,1,1,2],10]
MAXIMUM [4674,15,[6,6,6,3,1,1,1],8]
MAXIMUM [4675,25,[17,25,11,5,1,1,1],14]
MAXIMUM [4676,0,[1,1,1,1,1,1,1],8]
MAXIMUM [4677,6,[1,1,1,1,1,1,1],8]
MAXIMUM [4678,10,[2,2,2,2,2,1,1],8]
MAXIMUM [4680,132,[60,72,18,9,8,8,1],22]
MAXIMUM [4682,6,[2,2,2,2,2,1,1],8]
MAXIMUM [4683,0,[1,1,1,1,1,1,1],8]
MAXIMUM [4684,14,[4,4,4,4,1,1,2],8]
MAXIMUM [4685,5,[1,1,1,1,1,1,1],8]
MAXIMUM [4686,66,[66,3,3,3,1,1,1],13]
MAXIMUM [4688,10,[4,4,4,4,1,1,2],31]
MAXIMUM [4689,18,[9,9,9,3,1,1,1],10]
MAXIMUM [4690,0,[1,1,1,1,1,1,1],8]
MAXIMUM [4692,72,[51,23,2,2,3,3,3],15]
MAXIMUM [4694,8,[2,2,2,2,2,1,1],8]
MAXIMUM [4695,14,[5,5,3,3,3,3,1],16]
MAXIMUM [4696,6,[2,2,2,2,2,1,1],50]
MAXIMUM [4698,75,[54,29,18,9,1,1,6],20]
MAXIMUM [4700,35,[50,5,1,1,1,1,1],12]
MAXIMUM [4701,3,[1,1,1,1,1,1,1],8]
MAXIMUM [4702,2,[1,1,1,1,1,1,1],8]
MAXIMUM [4704,0,[1,1,1,1,1,1,1],8]
MAXIMUM [4705,10,[5,5,1,1,1,1,1],8]
MAXIMUM [4706,10,[2,2,2,2,2,1,1],8]
MAXIMUM [4707,12,[3,3,3,3,1,1,1],17]
MAXIMUM [4708,44,[44,4,4,4,2,1,1],10]
MAXIMUM [4710,42,[30,30,3,3,2,2,2],15]
MAXIMUM [4712,26,[8,8,8,4,1,1,2],10]
MAXIMUM [4713,9,[3,3,3,3,1,1,1],8]
MAXIMUM [4714,4,[1,1,1,1,1,1,1],8]
MAXIMUM [4715,21,[23,5,5,1,1,1,1],8]
MAXIMUM [4716,37,[12,12,18,4,4,3,1],30]
MAXIMUM [4718,0,[1,1,1,1,1,1,1],8]
MAXIMUM [4719,24,[33,1,1,1,3,3,3],9]
MAXIMUM [4720,46,[16,16,8,10,10,1,1],29]
MAXIMUM [4722,14,[6,6,6,2,2,1,1],8]
MAXIMUM [4724,6,[2,2,2,2,2,1,1],22]
MAXIMUM [4725,0,[1,1,1,1,1,1,1],8]
MAXIMUM [4726,10,[17,1,1,1,1,1,1],9]
MAXIMUM [4728,52,[24,24,8,3,3,2,2],13]
MAXIMUM [4730,16,[11,5,5,1,1,1,1],22]
MAXIMUM [4731,9,[3,3,3,3,1,1,1],8]
MAXIMUM [4732,0,[1,1,1,1,1,1,1],8]
MAXIMUM [4734,30,[9,9,9,2,2,2,3],13]
MAXIMUM [4735,10,[5,5,1,1,1,1,1],8]
MAXIMUM [4736,48,[32,16,4,4,2,1,1],21]
MAXIMUM [4737,6,[3,3,3,3,1,1,1],8]
MAXIMUM [4738,19,[23,2,2,2,2,2,1],13]
MAXIMUM [4740,66,[60,30,4,4,4,3,3],14]
MAXIMUM [4742,4,[1,1,1,1,1,1,1],8]
MAXIMUM [4743,57,[51,9,9,9,1,1,1],8]
MAXIMUM [4744,10,[4,4,4,4,1,1,2],17]
MAXIMUM [4745,5,[5,5,1,1,1,1,1],8]
MAXIMUM [4746,0,[1,1,1,1,1,1,1],8]
MAXIMUM [4748,10,[2,2,2,2,2,1,1],22]
MAXIMUM [4749,12,[3,3,3,3,1,1,1],8]
MAXIMUM [4750,30,[25,2,2,2,2,2,5],9]
MAXIMUM [4752,136,[66,72,27,16,16,9,2],52]
MAXIMUM [4754,6,[1,1,1,1,1,1,1],8]
MAXIMUM [4755,27,[15,15,3,3,1,1,1],8]
MAXIMUM [4756,20,[29,1,1,1,1,1,1],9]
MAXIMUM [4758,15,[6,6,6,3,1,1,1],8]
MAXIMUM [4760,0,[1,1,1,1,1,1,1],8]
MAXIMUM [4761,24,[23,9,9,9,1,1,3],11]
MAXIMUM [4762,10,[2,2,2,2,2,1,1],8]
MAXIMUM [4764,18,[4,4,4,4,6,1,1],36]
MAXIMUM [4765,10,[5,5,1,1,1,1,1],8]
MAXIMUM [4766,6,[2,2,2,2,2,1,1],8]
MAXIMUM [4767,0,[1,1,1,1,1,1,1],8]
MAXIMUM [4768,42,[32,8,8,4,1,1,2],23]
MAXIMUM [4770,56,[45,10,3,3,3,1,1],25]
MAXIMUM [4772,10,[4,4,4,4,1,1,2],8]
MAXIMUM [4773,9,[3,3,3,3,1,1,1],8]
MAXIMUM [4774,0,[1,1,1,1,1,1,1],8]
MAXIMUM [4775,25,[25,5,1,1,1,1,1],8]
MAXIMUM [4776,40,[24,24,8,2,2,3,3],10]
MAXIMUM [4778,8,[2,2,2,2,2,1,1],8]
MAXIMUM [4779,24,[27,3,3,3,1,1,1],13]
MAXIMUM [4780,28,[20,10,2,2,2,1,1],17]
MAXIMUM [4782,6,[1,1,1,1,1,1,1],8]
MAXIMUM [4784,22,[23,8,8,8,1,1,1],30]
MAXIMUM [4785,36,[29,11,15,15,1,1,1],21]
MAXIMUM [4786,2,[1,1,1,1,1,1,1],8]
MAXIMUM [4788,0,[1,1,1,1,1,1,1],8]
MAXIMUM [4790,18,[10,10,2,2,2,1,1],8]
MAXIMUM [4791,12,[3,3,3,3,1,1,1],8]
MAXIMUM [4792,16,[4,4,4,4,2,1,1],20]
MAXIMUM [4794,48,[34,6,6,6,3,2,1],13]
MAXIMUM [4795,0,[1,1,1,1,1,1,1],8]
MAXIMUM [4796,32,[22,4,4,4,4,1,1],13]
MAXIMUM [4797,27,[9,9,9,3,1,1,1],8]
MAXIMUM [4798,4,[1,1,1,1,1,1,1],8]
MAXIMUM [4800,97,[48,32,20,25,12,6,3],89]
MAXIMUM [4802,0,[1,1,1,1,1,1,1],8]
MAXIMUM [4803,6,[1,1,1,1,1,1,1],8]
MAXIMUM [4804,10,[2,2,2,2,2,1,1],22]
MAXIMUM [4805,10,[5,5,1,1,1,1,1],8]
MAXIMUM [4806,53,[18,18,27,6,2,2,1],20]
MAXIMUM [4808,6,[2,2,2,2,2,1,1],50]
MAXIMUM [4809,0,[1,1,1,1,1,1,1],8]
MAXIMUM [4810,10,[5,5,1,1,1,1,1],11]
MAXIMUM [4812,24,[12,12,3,3,1,1,1],10]
MAXIMUM [4814,10,[29,1,1,1,1,1,1],9]
MAXIMUM [4815,42,[45,9,3,3,1,1,1],15]
MAXIMUM [4816,0,[1,1,1,1,1,1,1],8]
MAXIMUM [4818,48,[66,2,2,2,3,3,3],9]
MAXIMUM [4820,25,[20,4,4,4,2,5,1],10]
MAXIMUM [4821,6,[3,3,3,3,1,1,1],8]
MAXIMUM [4822,6,[2,2,2,2,2,1,1],8]
MAXIMUM [4824,69,[36,18,8,8,8,9,3],42]
MAXIMUM [4825,15,[25,1,1,1,1,1,5],8]
MAXIMUM [4826,4,[1,1,1,1,1,1,1],8]
MAXIMUM [4827,3,[1,1,1,1,1,1,1],8]
MAXIMUM [4828,34,[34,4,4,4,4,1,1],9]
MAXIMUM [4830,0,[1,1,1,1,1,1,1],8]
MAXIMUM [4832,38,[16,16,8,2,2,1,1],24]
MAXIMUM [4833,21,[27,3,3,3,1,1,1],13]
MAXIMUM [4834,8,[2,2,2,2,2,1,1],8]
MAXIMUM [4835,10,[5,5,1,1,1,1,1],8]
MAXIMUM [4836,20,[6,6,6,3,2,2,1],34]
MAXIMUM [4838,6,[1,1,1,1,1,1,1],8]
MAXIMUM [4839,9,[3,3,3,3,1,1,1],8]
MAXIMUM [4840,48,[40,22,8,1,1,4,4],31]
MAXIMUM [4842,27,[18,18,6,3,1,2,2],14]
MAXIMUM [4844,0,[1,1,1,1,1,1,1],8]
MAXIMUM [4845,51,[51,15,15,1,1,1,3],10]
MAXIMUM [4846,10,[2,2,2,2,2,1,1],8]
MAXIMUM [4848,50,[48,16,4,4,6,1,1],26]
MAXIMUM [4850,19,[10,25,2,2,2,2,1],19]
MAXIMUM [4851,0,[1,1,1,1,1,1,1],8]
MAXIMUM [4852,14,[4,4,4,4,1,1,2],8]
MAXIMUM [4854,12,[3,3,3,3,1,1,1],17]
MAXIMUM [4855,5,[5,5,1,1,1,1,1],8]
MAXIMUM [4856,10,[4,4,4,4,1,1,2],17]
MAXIMUM [4857,9,[3,3,3,3,1,1,1],8]
MAXIMUM [4858,0,[1,1,1,1,1,1,1],8]
MAXIMUM [4860,76,[30,36,9,9,10,2,2],73]
MAXIMUM [4862,35,[34,11,2,2,2,2,1],14]
MAXIMUM [4863,6,[3,3,3,3,1,1,1],8]
MAXIMUM [4864,22,[16,16,2,2,2,1,1],44]
MAXIMUM [4865,0,[1,1,1,1,1,1,1],8]
MAXIMUM [4866,6,[1,1,1,1,1,1,1],8]
MAXIMUM [4868,4,[1,1,1,1,1,1,1],8]
MAXIMUM [4869,21,[9,9,9,1,1,1,3],8]
MAXIMUM [4870,10,[5,5,1,1,1,1,1],11]
MAXIMUM [4872,0,[1,1,1,1,1,1,1],8]
MAXIMUM [4874,10,[2,2,2,2,2,1,1],8]
MAXIMUM [4875,24,[15,15,3,3,1,1,1],20]
MAXIMUM [4876,54,[46,4,4,4,4,1,1],9]
MAXIMUM [4878,24,[6,6,9,9,2,2,2],32]
MAXIMUM [4880,38,[40,8,4,4,1,1,2],25]
MAXIMUM [4881,9,[3,3,3,3,1,1,1],8]
MAXIMUM [4882,4,[1,1,1,1,1,1,1],8]
MAXIMUM [4884,58,[33,12,12,6,4,4,1],14]
MAXIMUM [4885,5,[5,5,1,1,1,1,1],8]
MAXIMUM [4886,0,[1,1,1,1,1,1,1],8]
MAXIMUM [4887,15,[9,9,9,1,1,1,3],11]
MAXIMUM [4888,22,[8,8,8,2,2,1,1],10]
MAXIMUM [4890,48,[30,30,2,2,2,3,3],9]
MAXIMUM [4892,6,[2,2,2,2,2,1,1],22]
MAXIMUM [4893,0,[1,1,1,1,1,1,1],8]
MAXIMUM [4894,6,[1,1,1,1,1,1,1],8]
MAXIMUM [4895,9,[11,1,1,1,1,1,1],8]
MAXIMUM [4896,70,[24,36,17,8,8,3,6],157]
MAXIMUM [4898,2,[1,1,1,1,1,1,1],8]
MAXIMUM [4899,22,[23,3,3,3,3,1,1],8]
MAXIMUM [4900,0,[1,1,1,1,1,1,1],8]
MAXIMUM [4901,30,[29,1,1,1,1,1,1],8]
MAXIMUM [4902,12,[2,2,2,2,2,3,3],8]
MAXIMUM [4904,16,[4,4,4,4,2,1,1],20]
MAXIMUM [4905,28,[45,5,3,3,3,1,1],13]
MAXIMUM [4906,9,[11,2,2,2,2,2,1],13]
MAXIMUM [4908,22,[12,12,4,4,1,1,2],11]
MAXIMUM [4910,20,[10,10,1,1,1,1,1],11]
MAXIMUM [4911,3,[1,1,1,1,1,1,1],8]
MAXIMUM [4912,10,[4,4,4,4,1,1,2],31]
MAXIMUM [4914,0,[1,1,1,1,1,1,1],8]
MAXIMUM [4915,10,[5,5,1,1,1,1,1],8]
MAXIMUM [4916,10,[2,2,2,2,2,1,1],22]
MAXIMUM [4917,33,[33,3,3,3,1,1,1],8]
MAXIMUM [4918,8,[2,2,2,2,2,1,1],8]
MAXIMUM [4920,60,[20,24,30,6,3,2,1],36]
MAXIMUM [4922,38,[46,1,1,2,2,2,2],9]
MAXIMUM [4923,27,[9,9,9,3,1,1,1],8]
MAXIMUM [4924,4,[1,1,1,1,1,1,1],8]
MAXIMUM [4925,25,[25,5,1,1,1,1,1],8]
MAXIMUM [4926,15,[6,6,6,3,1,1,1],8]
MAXIMUM [4928,0,[1,1,1,1,1,1,1],8]
MAXIMUM [4929,6,[1,1,1,1,1,1,1],8]
MAXIMUM [4930,75,[58,17,10,10,2,2,1],17]
MAXIMUM [4932,48,[18,18,9,4,4,4,3],30]
MAXIMUM [4934,6,[2,2,2,2,2,1,1],8]
MAXIMUM [4935,0,[1,1,1,1,1,1,1],8]
MAXIMUM [4936,26,[8,8,8,4,1,1,2],10]
MAXIMUM [4938,12,[3,3,3,3,1,1,1],17]
MAXIMUM [4940,26,[20,5,4,4,4,1,2],20]
MAXIMUM [4941,36,[27,9,9,3,1,1,1],10]
MAXIMUM [4942,0,[1,1,1,1,1,1,1],8]
MAXIMUM [4944,48,[16,16,24,2,2,3,3],21]
MAXIMUM [4945,16,[23,5,5,1,1,1,1],10]
MAXIMUM [4946,8,[2,2,2,2,2,1,1],8]
MAXIMUM [4947,13,[17,3,3,3,3,1,1],12]
MAXIMUM [4948,6,[2,2,2,2,2,1,1],22]
MAXIMUM [4950,84,[50,33,15,9,9,1,1],111]
MAXIMUM [4952,16,[8,8,8,1,1,1,1],8]
MAXIMUM [4953,3,[1,1,1,1,1,1,1],8]
MAXIMUM [4954,2,[1,1,1,1,1,1,1],8]
MAXIMUM [4955,5,[5,5,1,1,1,1,1],8]
MAXIMUM [4956,0,[1,1,1,1,1,1,1],8]
MAXIMUM [4958,10,[2,2,2,2,2,1,1],8]
MAXIMUM [4959,28,[29,3,3,3,3,1,1],17]
MAXIMUM [4960,57,[32,16,20,4,2,5,1],24]
MAXIMUM [4962,20,[6,6,6,3,2,2,1],10]
MAXIMUM [4964,18,[17,4,4,4,4,1,2],17]
MAXIMUM [4965,27,[15,15,3,3,1,1,1],8]
MAXIMUM [4966,4,[1,1,1,1,1,1,1],8]
MAXIMUM [4968,97,[54,46,12,12,4,3,1],62]
MAXIMUM [4970,0,[1,1,1,1,1,1,1],8]
MAXIMUM [4971,6,[1,1,1,1,1,1,1],8]
MAXIMUM [4972,46,[44,2,2,2,2,1,1],18]
MAXIMUM [4974,14,[6,6,6,2,2,1,1],8]
MAXIMUM [4975,20,[25,5,1,1,1,1,1],10]
MAXIMUM [4976,22,[16,16,2,2,2,1,1],18]
MAXIMUM [4977,0,[1,1,1,1,1,1,1],8]
MAXIMUM [4980,40,[10,10,12,12,3,3,1],58]
MAXIMUM [4983,21,[33,3,3,3,1,1,1],9]
MAXIMUM [4984,0,[1,1,1,1,1,1,1],8]
MAXIMUM [4985,10,[5,5,1,1,1,1,1],8]
MAXIMUM [4986,30,[9,9,9,2,2,2,3],13]
MAXIMUM [4988,56,[58,4,4,4,4,1,1],9]
MAXIMUM [4989,6,[3,3,3,3,1,1,1],8]
MAXIMUM [4990,18,[10,10,2,2,2,1,1],9]
MAXIMUM [4992,78,[64,8,8,12,1,1,2],40]
MAXIMUM [4995,37,[27,9,9,15,5,1,1],25]
MAXIMUM [4996,10,[4,4,4,4,1,1,2],8]
MAXIMUM [4998,0,[1,1,1,1,1,1,1],8]
MAXIMUM [5000,40,[50,1,1,1,1,1,5],21]
MAXIMUM [5001,12,[3,3,3,3,1,1,1],8]
MAXIMUM [5004,24,[6,6,9,9,2,2,2],77]
MAXIMUM [5005,0,[1,1,1,1,1,1,1],8]
MAXIMUM [5007,9,[3,3,3,3,1,1,1],8]
MAXIMUM [5008,16,[8,8,8,1,1,1,1],13]
MAXIMUM [5010,23,[5,5,6,6,6,3,1],56]
MAXIMUM [5012,0,[1,1,1,1,1,1,1],8]
MAXIMUM [5013,15,[9,9,9,1,1,1,3],8]
MAXIMUM [5014,29,[23,2,2,2,2,2,1],13]
MAXIMUM [5015,24,[17,5,5,1,1,1,1],10]
MAXIMUM [5016,90,[88,4,4,4,6,1,1],22]
MAXIMUM [5019,0,[1,1,1,1,1,1,1],8]
MAXIMUM [5020,18,[4,4,4,4,5,5,2],42]
MAXIMUM [5022,48,[54,3,3,6,2,2,2],19]
MAXIMUM [5024,26,[32,4,4,4,1,1,2],18]
MAXIMUM [5025,18,[25,3,3,3,3,5,1],16]
MAXIMUM [5028,12,[2,2,2,2,2,3,3],8]
MAXIMUM [5030,10,[2,2,2,2,2,5,5],8]
MAXIMUM [5031,6,[3,3,3,3,1,1,1],17]
MAXIMUM [5032,34,[34,2,2,2,2,1,1],38]
MAXIMUM [5034,6,[1,1,1,1,1,1,1],8]
MAXIMUM [5035,5,[1,1,1,1,1,1,1],8]
MAXIMUM [5036,4,[1,1,1,1,1,1,1],8]
MAXIMUM [5037,19,[23,1,1,1,1,1,1],8]
MAXIMUM [5040,0,[1,1,1,1,1,1,1],8]
MAXIMUM [5043,12,[3,3,3,3,1,1,1],8]
MAXIMUM [5044,16,[4,4,4,4,2,1,1],8]
MAXIMUM [5045,10,[5,5,1,1,1,1,1],8]
MAXIMUM [5046,52,[58,6,6,6,3,2,1],8]
MAXIMUM [5048,26,[8,8,8,4,1,1,2],10]
MAXIMUM [5049,73,[51,9,9,9,11,1,1],20]
MAXIMUM [5050,35,[50,5,1,1,1,1,1],10]
MAXIMUM [5052,31,[12,12,6,4,4,3,1],12]
MAXIMUM [5055,30,[15,15,1,1,1,1,1],8]
MAXIMUM [5056,70,[64,16,8,2,4,1,1],15]
MAXIMUM [5058,44,[18,18,9,6,2,2,1],14]
MAXIMUM [5060,65,[44,20,23,10,2,2,1],31]
MAXIMUM [5061,0,[1,1,1,1,1,1,1],8]
MAXIMUM [5064,52,[24,24,8,3,3,2,2],13]
MAXIMUM [5065,5,[5,5,1,1,1,1,1],8]
MAXIMUM [5067,18,[9,9,9,3,1,1,1],10]
MAXIMUM [5068,0,[1,1,1,1,1,1,1],8]
MAXIMUM [5070,60,[30,30,2,2,2,3,3],11]
MAXIMUM [5072,32,[16,16,4,4,2,1,1],11]
MAXIMUM [5073,6,[3,3,3,3,1,1,1],8]
MAXIMUM [5075,0,[1,1,1,1,1,1,1],8]
MAXIMUM [5076,79,[36,54,12,9,4,4,1],16]
MAXIMUM [5079,3,[1,1,1,1,1,1,1],8]
MAXIMUM [5080,44,[40,5,4,4,1,1,1],15]
MAXIMUM [5082,0,[1,1,1,1,1,1,1],8]
MAXIMUM [5084,10,[2,2,2,2,2,1,1],22]
MAXIMUM [5085,51,[45,5,3,3,3,1,1],16]
MAXIMUM [5088,74,[48,24,16,3,3,2,2],25]
MAXIMUM [5090,10,[5,5,1,1,1,1,1],11]
MAXIMUM [5091,9,[3,3,3,3,1,1,1],8]
MAXIMUM [5092,4,[1,1,1,1,1,1,1],8]
MAXIMUM [5094,27,[18,18,6,3,1,2,2],14]
MAXIMUM [5095,5,[5,5,1,1,1,1,1],8]
MAXIMUM [5096,0,[1,1,1,1,1,1,1],8]
MAXIMUM [5097,6,[1,1,1,1,1,1,1],8]
MAXIMUM [5100,120,[60,51,30,4,4,4,3],27]
MAXIMUM [5103,0,[1,1,1,1,1,1,1],8]
MAXIMUM [5104,98,[88,29,4,4,4,1,2],20]
MAXIMUM [5105,5,[1,1,1,1,1,1,1],8]
MAXIMUM [5106,18,[23,3,3,3,3,1,1],28]
MAXIMUM [5108,10,[4,4,4,4,1,1,2],8]
MAXIMUM [5109,9,[3,3,3,3,1,1,1],8]
MAXIMUM [5110,0,[1,1,1,1,1,1,1],8]
MAXIMUM [5112,100,[72,24,9,9,8,2,2],16]
MAXIMUM [5115,41,[33,5,5,3,3,3,1],15]
MAXIMUM [5116,6,[2,2,2,2,2,1,1],22]
MAXIMUM [5118,6,[1,1,1,1,1,1,1],8]
MAXIMUM [5120,68,[64,40,1,1,2,4,4],19]
MAXIMUM [5121,21,[9,9,9,1,1,1,3],8]
MAXIMUM [5124,0,[1,1,1,1,1,1,1],8]
MAXIMUM [5125,25,[25,5,1,1,1,1,1],8]
MAXIMUM [5127,12,[3,3,3,3,1,1,1],8]
MAXIMUM [5128,16,[4,4,4,4,2,1,1],20]
MAXIMUM [5130,92,[90,6,6,3,2,2,1],20]
MAXIMUM [5132,14,[4,4,4,4,1,1,2],8]
MAXIMUM [5133,29,[29,3,3,3,3,1,1],8]
MAXIMUM [5135,5,[5,5,1,1,1,1,1],8]
MAXIMUM [5136,55,[48,12,6,4,4,3,1],36]
MAXIMUM [5139,15,[9,9,9,1,1,1,3],8]
MAXIMUM [5140,18,[10,10,2,2,2,1,1],25]
MAXIMUM [5142,14,[6,6,6,2,2,1,1],8]
MAXIMUM [5144,6,[2,2,2,2,2,1,1],50]
MAXIMUM [5145,0,[1,1,1,1,1,1,1],8]
MAXIMUM [5148,84,[66,36,3,3,2,2,2],20]
MAXIMUM [5150,20,[25,5,1,1,1,1,1],16]
MAXIMUM [5151,36,[51,3,3,3,1,1,1],9]
MAXIMUM [5152,0,[1,1,1,1,1,1,1],8]
MAXIMUM [5154,12,[2,2,2,2,2,3,3],8]
MAXIMUM [5155,10,[5,5,1,1,1,1,1],8]
MAXIMUM [5156,16,[4,4,4,4,2,1,1],8]
MAXIMUM [5157,24,[27,3,3,3,1,1,1],13]
MAXIMUM [5160,78,[60,30,8,8,8,3,3],24]
MAXIMUM [5163,3,[1,1,1,1,1,1,1],8]
MAXIMUM [5164,10,[4,4,4,4,1,1,2],8]
MAXIMUM [5165,5,[5,5,1,1,1,1,1],8]
MAXIMUM [5166,0,[1,1,1,1,1,1,1],8]
MAXIMUM [5168,47,[16,16,17,8,2,2,1],25]
MAXIMUM [5169,12,[3,3,3,3,1,1,1],8]
MAXIMUM [5170,18,[11,2,2,2,2,2,5],9]
MAXIMUM [5172,20,[6,6,6,3,2,2,1],34]
MAXIMUM [5175,65,[23,15,25,9,9,9,1],35]
MAXIMUM [5176,16,[8,8,8,1,1,1,1],8]
MAXIMUM [5178,15,[6,6,6,3,1,1,1],8]
MAXIMUM [5180,0,[1,1,1,1,1,1,1],8]
MAXIMUM [5181,24,[33,1,1,1,3,3,3],9]
MAXIMUM [5184,131,[72,32,48,27,9,2,2],68]
MAXIMUM [5185,17,[17,5,5,1,1,1,1],10]
MAXIMUM [5187,0,[1,1,1,1,1,1,1],8]
MAXIMUM [5188,14,[4,4,4,4,1,1,2],8]
MAXIMUM [5190,28,[10,10,3,3,3,3,1],56]
MAXIMUM [5192,58,[88,4,4,4,1,1,2],8]
MAXIMUM [5193,18,[9,9,9,3,1,1,1],10]
MAXIMUM [5195,10,[5,5,1,1,1,1,1],8]
MAXIMUM [5196,12,[2,2,2,2,2,3,3],8]
MAXIMUM [5198,46,[46,2,2,2,2,1,1],9]
MAXIMUM [5199,6,[3,3,3,3,1,1,1],8]
MAXIMUM [5200,45,[20,16,16,25,2,2,1],40]
MAXIMUM [5202,54,[51,18,18,9,1,1,1],10]
MAXIMUM [5204,4,[1,1,1,1,1,1,1],8]
MAXIMUM [5205,15,[15,15,1,1,1,1,1],8]
MAXIMUM [5208,0,[1,1,1,1,1,1,1],8]
MAXIMUM [5210,18,[10,10,2,2,2,1,1],8]
MAXIMUM [5211,21,[27,3,3,3,1,1,1],13]
MAXIMUM [5212,16,[4,4,4,4,2,1,1],8]
MAXIMUM [5214,60,[66,6,3,3,2,2,2],9]
MAXIMUM [5215,0,[1,1,1,1,1,1,1],8]
MAXIMUM [5216,42,[32,8,8,4,1,1,2],23]
MAXIMUM [5217,9,[3,3,3,3,1,1,1],8]
MAXIMUM [5220,99,[90,12,12,29,4,4,3],20]
MAXIMUM [5223,6,[1,1,1,1,1,1,1],8]
MAXIMUM [5224,22,[8,8,8,2,2,1,1],10]
MAXIMUM [5225,11,[5,5,11,1,1,1,1],13]
MAXIMUM [5226,14,[6,6,6,2,2,1,1],8]
MAXIMUM [5228,6,[2,2,2,2,2,1,1],22]
MAXIMUM [5229,0,[1,1,1,1,1,1,1],8]
MAXIMUM [5230,10,[5,5,1,1,1,1,1],11]
MAXIMUM [5232,52,[24,24,8,3,3,2,2],27]
MAXIMUM [5235,13,[3,3,3,3,5,5,1],27]
MAXIMUM [5236,0,[1,1,1,1,1,1,1],8]
MAXIMUM [5238,30,[9,9,9,2,2,2,3],23]
MAXIMUM [5240,25,[20,4,4,4,2,5,1],37]
MAXIMUM [5241,6,[3,3,3,3,1,1,1],8]
MAXIMUM [5244,54,[46,12,12,4,4,1,1],9]
MAXIMUM [5245,5,[1,1,1,1,1,1,1],8]
MAXIMUM [5247,30,[11,9,9,9,1,1,3],15]
MAXIMUM [5248,26,[32,4,4,4,1,1,2],32]
MAXIMUM [5250,0,[1,1,1,1,1,1,1],8]
MAXIMUM [5252,10,[2,2,2,2,2,1,1],22]
MAXIMUM [5253,26,[17,3,3,3,3,1,1],12]
MAXIMUM [5255,10,[5,5,1,1,1,1,1],8]
MAXIMUM [5256,72,[72,24,9,9,2,2,2],10]
MAXIMUM [5258,24,[22,1,1,1,1,1,1],9]
MAXIMUM [5259,9,[3,3,3,3,1,1,1],8]
MAXIMUM [5260,20,[10,10,1,1,1,1,1],14]
MAXIMUM [5262,15,[6,6,6,3,1,1,1],8]
MAXIMUM [5264,0,[1,1,1,1,1,1,1],8]
MAXIMUM [5265,36,[15,15,9,9,1,1,1],11]
MAXIMUM [5268,18,[4,4,4,4,6,1,1],36]
MAXIMUM [5270,46,[34,10,10,2,2,1,1],14]
MAXIMUM [5271,0,[1,1,1,1,1,1,1],8]
MAXIMUM [5272,26,[8,8,8,4,1,1,2],10]
MAXIMUM [5274,12,[3,3,3,3,1,1,1],62]
MAXIMUM [5275,25,[25,5,1,1,1,1,1],8]
MAXIMUM [5276,10,[4,4,4,4,1,1,2],8]
MAXIMUM [5277,9,[3,3,3,3,1,1,1],8]
MAXIMUM [5280,120,[44,30,30,16,16,3,3],77]
MAXIMUM [5283,6,[3,3,3,3,1,1,1],17]
MAXIMUM [5284,6,[2,2,2,2,2,1,1],22]
MAXIMUM [5285,0,[1,1,1,1,1,1,1],8]
MAXIMUM [5286,6,[1,1,1,1,1,1,1],8]
MAXIMUM [5288,16,[8,8,8,1,1,1,1],8]
MAXIMUM [5289,3,[1,1,1,1,1,1,1],8]
MAXIMUM [5290,36,[46,5,5,2,2,2,2],11]
MAXIMUM [5292,0,[1,1,1,1,1,1,1],8]
MAXIMUM [5295,24,[15,15,3,3,1,1,1],14]
MAXIMUM [5296,32,[16,16,4,4,2,1,1],11]
MAXIMUM [5298,20,[6,6,6,3,2,2,1],10]
MAXIMUM [5300,50,[50,5,1,1,1,1,1],9]
MAXIMUM [5301,27,[9,9,9,3,1,1,1],8]
MAXIMUM [5304,53,[34,12,12,6,4,3,1],48]
MAXIMUM [5305,5,[5,5,1,1,1,1,1],8]
MAXIMUM [5307,30,[29,1,1,1,1,1,1],8]
MAXIMUM [5308,10,[2,2,2,2,2,1,1],22]
MAXIMUM [5310,63,[30,18,18,9,2,2,5],25]
MAXIMUM [5312,22,[16,16,2,2,2,1,1],44]
MAXIMUM [5313,0,[1,1,1,1,1,1,1],8]
MAXIMUM [5315,5,[1,1,1,1,1,1,1],8]
MAXIMUM [5316,24,[12,12,3,3,1,1,1],10]
MAXIMUM [5319,36,[27,9,9,3,1,1,1],10]
MAXIMUM [5320,0,[1,1,1,1,1,1,1],8]
MAXIMUM [5322,12,[2,2,2,2,2,3,3],8]
MAXIMUM [5324,44,[44,4,4,4,2,1,1],10]
MAXIMUM [5325,24,[25,5,3,3,3,3,1],17]
MAXIMUM [5328,69,[36,18,8,8,8,9,3],100]
MAXIMUM [5330,20,[10,10,1,1,1,1,1],11]
MAXIMUM [5331,3,[1,1,1,1,1,1,1],8]
MAXIMUM [5332,10,[4,4,4,4,1,1,2],8]
MAXIMUM [5334,0,[1,1,1,1,1,1,1],8]
MAXIMUM [5335,17,[11,5,5,1,1,1,1],10]
MAXIMUM [5336,89,[58,23,8,8,8,2,1],18]
MAXIMUM [5337,12,[3,3,3,3,1,1,1],17]
MAXIMUM [5340,48,[20,30,6,6,3,2,1],39]
MAXIMUM [5343,9,[3,3,3,3,1,1,1],8]
MAXIMUM [5344,16,[8,8,8,1,1,1,1],18]
MAXIMUM [5345,5,[5,5,1,1,1,1,1],8]
MAXIMUM [5346,84,[54,33,6,6,1,1,2],23]
MAXIMUM [5348,0,[1,1,1,1,1,1,1],8]
MAXIMUM [5349,6,[1,1,1,1,1,1,1],8]
MAXIMUM [5350,40,[50,1,1,1,1,1,5],10]
MAXIMUM [5352,18,[4,4,4,4,6,1,1],122]
MAXIMUM [5355,0,[1,1,1,1,1,1,1],8]
MAXIMUM [5356,14,[4,4,4,4,1,1,2],8]
MAXIMUM [5358,12,[3,3,3,3,1,1,1],17]
MAXIMUM [5360,44,[40,5,4,4,1,1,1],18]
MAXIMUM [5361,9,[3,3,3,3,1,1,1],8]
MAXIMUM [5364,48,[36,9,9,2,2,2,3],18]
MAXIMUM [5365,26,[29,5,5,1,1,1,1],8]
MAXIMUM [5367,6,[3,3,3,3,1,1,1],8]
MAXIMUM [5368,30,[44,2,2,2,2,1,1],41]
MAXIMUM [5370,30,[15,15,1,1,1,1,1],11]
MAXIMUM [5372,18,[17,1,1,1,1,1,1],9]
MAXIMUM [5373,30,[27,9,9,1,1,1,3],11]
MAXIMUM [5375,10,[25,5,1,1,1,1,1],10]
MAXIMUM [5376,0,[1,1,1,1,1,1,1],8]
MAXIMUM [5379,33,[33,3,3,3,1,1,1],8]
MAXIMUM [5380,25,[20,4,4,4,2,5,1],10]
MAXIMUM [5382,36,[23,6,6,6,9,2,2],51]
MAXIMUM [5384,26,[8,8,8,4,1,1,2],10]
MAXIMUM [5385,27,[15,15,3,3,1,1,1],8]
MAXIMUM [5388,31,[12,12,6,4,4,3,1],12]
MAXIMUM [5390,0,[1,1,1,1,1,1,1],8]
MAXIMUM [5391,15,[9,9,9,1,1,1,3],8]
MAXIMUM [5392,38,[16,16,8,2,2,1,1],15]
MAXIMUM [5394,54,[58,6,6,6,2,1,1],9]
MAXIMUM [5395,10,[5,5,1,1,1,1,1],8]
MAXIMUM [5396,6,[2,2,2,2,2,1,1],22]
MAXIMUM [5397,0,[1,1,1,1,1,1,1],8]
MAXIMUM [5400,112,[54,40,24,36,9,1,4],171]
MAXIMUM [5403,9,[3,3,3,3,1,1,1],8]
MAXIMUM [5404,0,[1,1,1,1,1,1,1],8]
MAXIMUM [5405,19,[23,5,5,1,1,1,1],10]
MAXIMUM [5406,54,[51,2,2,2,3,3,3],10]
MAXIMUM [5408,48,[32,16,4,4,2,1,1],13]
MAXIMUM [5409,6,[3,3,3,3,1,1,1],17]
MAXIMUM [5410,18,[10,10,2,2,2,1,1],9]
MAXIMUM [5412,40,[22,12,12,4,4,1,1],24]
MAXIMUM [5415,15,[15,15,1,1,1,1,1],8]
MAXIMUM [5416,10,[4,4,4,4,1,1,2],17]
MAXIMUM [5418,0,[1,1,1,1,1,1,1],8]
MAXIMUM [5420,18,[10,10,2,2,2,1,1],25]
MAXIMUM [5421,12,[3,3,3,3,1,1,1],8]
MAXIMUM [5424,74,[48,24,16,3,3,2,2],16]
MAXIMUM [5425,0,[1,1,1,1,1,1,1],8]
MAXIMUM [5427,27,[9,9,9,3,1,1,1],12]
MAXIMUM [5428,10,[23,1,1,1,1,1,1],9]
MAXIMUM [5430,23,[5,5,6,6,6,3,1],56]
MAXIMUM [5432,0,[1,1,1,1,1,1,1],8]
MAXIMUM [5433,6,[1,1,1,1,1,1,1],8]
MAXIMUM [5435,10,[5,5,1,1,1,1,1],8]
MAXIMUM [5436,48,[18,18,9,4,4,4,3],30]
MAXIMUM [5439,0,[1,1,1,1,1,1,1],8]
MAXIMUM [5440,90,[64,40,17,4,4,1,2],20]
MAXIMUM [5442,12,[3,3,3,3,1,1,1],17]
MAXIMUM [5444,10,[4,4,4,4,1,1,2],8]
MAXIMUM [5445,54,[45,33,9,3,1,1,1],15]
MAXIMUM [5448,40,[24,24,8,2,2,3,3],10]
MAXIMUM [5450,30,[25,2,2,2,2,2,5],9]
MAXIMUM [5451,9,[23,3,3,3,3,1,1],8]
MAXIMUM [5452,38,[58,2,2,2,2,1,1],18]
MAXIMUM [5454,51,[54,18,9,1,1,1,6],11]
MAXIMUM [5455,5,[1,1,1,1,1,1,1],8]
MAXIMUM [5456,28,[22,8,8,8,1,1,1],31]
MAXIMUM [5457,39,[51,1,1,1,3,3,3],8]
MAXIMUM [5460,0,[1,1,1,1,1,1,1],8]
MAXIMUM [5463,12,[3,3,3,3,1,1,1],17]
MAXIMUM [5464,16,[4,4,4,4,2,1,1],20]
MAXIMUM [5465,10,[5,5,1,1,1,1,1],8]
MAXIMUM [5466,20,[6,6,6,3,2,2,1],10]
MAXIMUM [5468,14,[4,4,4,4,1,1,2],8]
MAXIMUM [5469,9,[3,3,3,3,1,1,1],8]
MAXIMUM [5470,20,[10,10,1,1,1,1,1],11]
MAXIMUM [5472,77,[48,32,12,18,4,3,1],66]
MAXIMUM [5475,35,[25,15,1,1,1,1,1],10]
MAXIMUM [5476,10,[2,2,2,2,2,1,1],22]
MAXIMUM [5478,23,[11,6,6,6,2,2,1],24]
MAXIMUM [5480,28,[20,10,2,2,2,1,1],29]
MAXIMUM [5481,0,[1,1,1,1,1,1,1],8]
MAXIMUM [5484,24,[12,12,3,3,1,1,1],10]
MAXIMUM [5485,5,[5,5,1,1,1,1,1],8]
MAXIMUM [5487,9,[3,3,3,3,1,1,1],8]
MAXIMUM [5488,0,[1,1,1,1,1,1,1],8]
MAXIMUM [5490,72,[30,30,9,9,2,2,2],18]
MAXIMUM [5492,16,[4,4,4,4,2,1,1],8]
MAXIMUM [5493,6,[3,3,3,3,1,1,1],8]
MAXIMUM [5495,0,[1,1,1,1,1,1,1],8]
MAXIMUM [5496,30,[8,8,8,12,1,1,2],27]
MAXIMUM [5499,21,[9,9,9,1,1,1,3],8]
MAXIMUM [5500,42,[20,25,11,4,4,4,2],27]
MAXIMUM [5502,0,[1,1,1,1,1,1,1],8]
MAXIMUM [5504,70,[64,16,8,2,4,1,1],15]
MAXIMUM [5505,24,[15,15,3,3,1,1,1],14]
MAXIMUM [5508,70,[34,27,6,6,9,2,2],97]
MAXIMUM [5510,34,[29,5,5,1,1,1,1],17]
MAXIMUM [5511,13,[11,3,3,3,3,1,1],12]
MAXIMUM [5512,16,[8,8,8,1,1,1,1],8]
MAXIMUM [5514,15,[6,6,6,3,1,1,1],8]
MAXIMUM [5515,5,[5,5,1,1,1,1,1],8]
MAXIMUM [5516,0,[1,1,1,1,1,1,1],8]
MAXIMUM [5517,15,[9,9,9,1,1,1,3],8]
MAXIMUM [5520,136,[60,46,30,16,16,3,3],30]
MAXIMUM [5523,0,[1,1,1,1,1,1,1],8]
MAXIMUM [5524,14,[4,4,4,4,1,1,2],8]
MAXIMUM [5525,24,[25,17,1,1,1,1,5],9]
MAXIMUM [5526,12,[3,3,3,3,1,1,1],62]
MAXIMUM [5528,10,[4,4,4,4,1,1,2],17]
MAXIMUM [5529,9,[3,3,3,3,1,1,1],8]
MAXIMUM [5530,0,[1,1,1,1,1,1,1],8]
MAXIMUM [5532,12,[2,2,2,2,2,3,3],8]
MAXIMUM [5535,42,[27,45,3,3,1,1,1],15]
MAXIMUM [5536,22,[16,16,2,2,2,1,1],33]
MAXIMUM [5538,6,[1,1,1,1,1,1,1],8]
MAXIMUM [5540,20,[10,10,1,1,1,1,1],14]
MAXIMUM [5541,3,[1,1,1,1,1,1,1],8]
MAXIMUM [5544,0,[1,1,1,1,1,1,1],8]
MAXIMUM [5545,10,[5,5,1,1,1,1,1],8]
MAXIMUM [5547,12,[3,3,3,3,1,1,1],8]
MAXIMUM [5548,16,[4,4,4,4,2,1,1],8]
MAXIMUM [5550,42,[30,30,3,3,2,2,2],21]
MAXIMUM [5552,26,[8,8,8,4,1,1,2],21]
MAXIMUM [5553,27,[9,9,9,3,1,1,1],8]
MAXIMUM [5555,14,[11,5,5,1,1,1,1],8]
MAXIMUM [5556,31,[12,12,6,4,4,3,1],12]
MAXIMUM [5559,27,[51,1,1,1,3,3,3],9]
MAXIMUM [5560,30,[8,8,8,10,10,1,1],24]
MAXIMUM [5562,53,[18,18,27,6,2,2,1],20]
MAXIMUM [5564,6,[2,2,2,2,2,1,1],22]
MAXIMUM [5565,0,[1,1,1,1,1,1,1],8]
MAXIMUM [5566,56,[46,22,1,1,2,2,2],13]
MAXIMUM [5568,100,[64,24,24,58,3,3,2],37]
MAXIMUM [5570,10,[5,5,1,1,1,1,1],11]
MAXIMUM [5571,18,[9,9,9,3,1,1,1],10]
MAXIMUM [5572,0,[1,1,1,1,1,1,1],8]
MAXIMUM [5574,12,[2,2,2,2,2,3,3],8]
MAXIMUM [5575,10,[5,5,1,1,1,1,1],10]
MAXIMUM [5576,34,[34,4,4,4,4,1,1],17]
MAXIMUM [5577,33,[33,3,3,3,1,1,1],9]
MAXIMUM [5580,97,[60,36,18,9,4,4,1],24]
MAXIMUM [5583,3,[1,1,1,1,1,1,1],8]
MAXIMUM [5584,10,[4,4,4,4,1,1,2],31]
MAXIMUM [5585,5,[5,5,1,1,1,1,1],8]
MAXIMUM [5586,0,[1,1,1,1,1,1,1],8]
MAXIMUM [5588,46,[44,2,2,2,2,1,1],18]
MAXIMUM [5589,27,[27,23,3,3,3,1,1],14]
MAXIMUM [5590,10,[2,2,2,2,2,5,5],8]
MAXIMUM [5592,42,[24,24,3,3,2,2,2],12]
MAXIMUM [5595,27,[15,15,3,3,1,1,1],8]
MAXIMUM [5596,4,[1,1,1,1,1,1,1],8]
MAXIMUM [5598,27,[18,18,6,3,1,2,2],14]
MAXIMUM [5600,0,[1,1,1,1,1,1,1],8]
MAXIMUM [5601,6,[1,1,1,1,1,1,1],8]
MAXIMUM [5604,18,[4,4,4,4,6,1,1],36]
MAXIMUM [5605,10,[5,5,1,1,1,1,1],8]
MAXIMUM [5607,0,[1,1,1,1,1,1,1],8]
MAXIMUM [5608,26,[8,8,8,4,1,1,2],10]
MAXIMUM [5610,96,[66,17,10,10,3,3,3],44]
MAXIMUM [5612,36,[46,4,4,4,4,1,1],8]
MAXIMUM [5613,9,[3,3,3,3,1,1,1],8]
MAXIMUM [5615,10,[5,5,1,1,1,1,1],8]
MAXIMUM [5616,108,[72,16,16,9,9,2,3],45]
MAXIMUM [5619,6,[3,3,3,3,1,1,1],8]
MAXIMUM [5620,28,[20,10,2,2,2,1,1],17]
MAXIMUM [5622,6,[1,1,1,1,1,1,1],8]
MAXIMUM [5624,16,[8,8,8,1,1,1,1],8]
MAXIMUM [5625,48,[25,9,9,9,15,1,1],12]
MAXIMUM [5628,0,[1,1,1,1,1,1,1],8]
MAXIMUM [5630,18,[10,10,2,2,2,1,1],8]
MAXIMUM [5631,12,[3,3,3,3,1,1,1],8]
MAXIMUM [5632,88,[88,4,4,4,2,1,1],19]
MAXIMUM [5634,24,[6,6,9,9,2,2,2],32]
MAXIMUM [5635,0,[1,1,1,1,1,1,1],8]
MAXIMUM [5636,14,[4,4,4,4,1,1,2],8]
MAXIMUM [5637,9,[3,3,3,3,1,1,1],8]
MAXIMUM [5640,63,[40,12,12,6,4,3,1],43]
MAXIMUM [5643,33,[33,9,9,9,1,1,1],12]
MAXIMUM [5644,19,[17,2,2,2,2,2,1],37]
MAXIMUM [5645,10,[5,5,1,1,1,1,1],8]
MAXIMUM [5646,14,[6,6,6,2,2,1,1],8]
MAXIMUM [5648,22,[16,16,2,2,2,1,1],18]
MAXIMUM [5649,0,[1,1,1,1,1,1,1],8]
MAXIMUM [5650,50,[50,5,1,1,1,1,1],9]
MAXIMUM [5652,36,[36,12,3,3,1,1,1],19]
MAXIMUM [5655,17,[29,3,3,3,3,5,5],8]
MAXIMUM [5656,0,[1,1,1,1,1,1,1],8]
MAXIMUM [5658,30,[23,2,2,2,2,2,3],9]
MAXIMUM [5660,25,[20,4,4,4,2,5,1],10]
MAXIMUM [5661,13,[17,3,3,3,3,1,1],27]
MAXIMUM [5664,46,[32,8,8,12,1,1,2],90]
MAXIMUM [5665,9,[11,1,1,1,1,1,1],8]
MAXIMUM [5667,3,[1,1,1,1,1,1,1],8]
MAXIMUM [5668,10,[4,4,4,4,1,1,2],8]
MAXIMUM [5670,0,[1,1,1,1,1,1,1],8]
MAXIMUM [5672,22,[8,8,8,2,2,1,1],10]
MAXIMUM [5673,12,[3,3,3,3,1,1,1],8]
MAXIMUM [5675,20,[25,5,1,1,1,1,1],10]
MAXIMUM [5676,60,[66,6,3,3,2,2,2],13]
MAXIMUM [5679,27,[9,9,9,3,1,1,1],8]
MAXIMUM [5680,36,[40,8,1,1,2,4,4],30]
MAXIMUM [5682,15,[6,6,6,3,1,1,1],8]
MAXIMUM [5684,0,[1,1,1,1,1,1,1],8]
MAXIMUM [5685,30,[15,15,1,1,1,1,1],8]
MAXIMUM [5688,84,[72,18,9,4,4,6,1],26]
MAXIMUM [5690,18,[10,10,2,2,2,1,1],9]
MAXIMUM [5691,0,[1,1,1,1,1,1,1],8]
MAXIMUM [5692,14,[4,4,4,4,1,1,2],8]
MAXIMUM [5694,12,[3,3,3,3,1,1,1],17]
MAXIMUM [5695,7,[17,5,5,1,1,1,1],10]
MAXIMUM [5696,26,[32,4,4,4,1,1,2],32]
MAXIMUM [5697,36,[27,9,9,3,1,1,1],10]
MAXIMUM [5700,60,[30,30,2,2,2,3,3],23]
MAXIMUM [5703,6,[3,3,3,3,1,1,1],8]
MAXIMUM [5704,19,[23,2,2,2,2,2,1],84]
MAXIMUM [5705,0,[1,1,1,1,1,1,1],8]
MAXIMUM [5706,33,[18,18,9,1,1,1,3],10]
MAXIMUM [5708,4,[1,1,1,1,1,1,1],8]
MAXIMUM [5709,12,[11,1,1,1,1,1,1],9]
MAXIMUM [5710,10,[5,5,1,1,1,1,1],11]
MAXIMUM [5712,0,[1,1,1,1,1,1,1],8]
MAXIMUM [5715,51,[45,5,3,3,3,1,1],16]
MAXIMUM [5716,16,[4,4,4,4,2,1,1],8]
MAXIMUM [5718,20,[6,6,6,3,2,2,1],10]
MAXIMUM [5720,78,[88,4,4,4,5,5,2],36]
MAXIMUM [5721,9,[3,3,3,3,1,1,1],8]
MAXIMUM [5724,73,[54,12,12,4,4,3,1],33]
MAXIMUM [5725,10,[25,5,1,1,1,1,1],10]
MAXIMUM [5727,15,[23,1,1,1,1,1,1],8]
MAXIMUM [5728,38,[16,16,8,2,2,1,1],24]
MAXIMUM [5730,48,[30,30,2,2,2,3,3],9]
MAXIMUM [5732,6,[2,2,2,2,2,1,1],22]
MAXIMUM [5733,0,[1,1,1,1,1,1,1],8]
MAXIMUM [5735,5,[1,1,1,1,1,1,1],8]
MAXIMUM [5736,52,[24,24,8,3,3,2,2],13]
MAXIMUM [5739,9,[3,3,3,3,1,1,1],8]
MAXIMUM [5740,0,[1,1,1,1,1,1,1],8]
MAXIMUM [5742,114,[58,66,9,9,18,2,2],15]
MAXIMUM [5744,32,[16,16,4,4,2,1,1],11]
MAXIMUM [5745,14,[5,5,3,3,3,3,1],16]
MAXIMUM [5746,34,[34,2,2,2,2,1,1],9]
MAXIMUM [5748,22,[12,12,4,4,1,1,2],11]
MAXIMUM [5750,41,[50,23,5,1,1,1,1],17]
MAXIMUM [5751,30,[27,9,9,1,1,1,3],11]
MAXIMUM [5752,10,[4,4,4,4,1,1,2],17]
MAXIMUM [5754,0,[1,1,1,1,1,1,1],8]
MAXIMUM [5755,10,[5,5,1,1,1,1,1],8]
MAXIMUM [5756,10,[2,2,2,2,2,1,1],22]
MAXIMUM [5757,12,[3,3,3,3,1,1,1],8]
MAXIMUM [5760,136,[90,48,16,6,3,2,1],65]
MAXIMUM [5763,51,[51,3,3,3,1,1,1],9]
MAXIMUM [5764,16,[22,1,1,1,1,1,1],9]
MAXIMUM [5765,5,[5,5,1,1,1,1,1],8]
MAXIMUM [5766,15,[6,6,6,3,1,1,1],8]
MAXIMUM [5768,0,[1,1,1,1,1,1,1],8]
MAXIMUM [5769,15,[9,9,9,1,1,1,3],8]
MAXIMUM [5770,18,[10,10,2,2,2,1,1],8]
MAXIMUM [5772,18,[4,4,4,4,6,1,1],36]
MAXIMUM [5775,0,[1,1,1,1,1,1,1],8]
MAXIMUM [5776,26,[8,8,8,4,1,1,2],21]
MAXIMUM [5778,48,[54,3,3,6,2,2,2],19]
MAXIMUM [5780,50,[34,20,5,4,4,4,1],14]
MAXIMUM [5781,9,[3,3,3,3,1,1,1],8]
MAXIMUM [5784,40,[24,24,8,2,2,3,3],10]
MAXIMUM [5785,10,[5,5,1,1,1,1,1],8]
MAXIMUM [5787,6,[3,3,3,3,1,1,1],17]
MAXIMUM [5788,6,[2,2,2,2,2,1,1],22]
MAXIMUM [5790,30,[15,15,1,1,1,1,1],11]
MAXIMUM [5792,16,[8,8,8,1,1,1,1],18]
MAXIMUM [5793,3,[1,1,1,1,1,1,1],8]
MAXIMUM [5795,5,[5,5,1,1,1,1,1],8]
MAXIMUM [5796,0,[1,1,1,1,1,1,1],8]
MAXIMUM [5799,12,[3,3,3,3,1,1,1],8]
MAXIMUM [5800,85,[58,25,20,4,4,4,1],25]
MAXIMUM [5802,20,[6,6,6,3,2,2,1],10]
MAXIMUM [5804,14,[4,4,4,4,1,1,2],8]
MAXIMUM [5805,39,[45,9,3,3,1,1,1],29]
MAXIMUM [5808,82,[48,33,12,6,4,4,1],38]
MAXIMUM [5810,0,[1,1,1,1,1,1,1],8]
MAXIMUM [5811,6,[1,1,1,1,1,1,1],8]
MAXIMUM [5812,10,[2,2,2,2,2,1,1],22]
MAXIMUM [5814,78,[51,18,18,9,2,2,2],16]
MAXIMUM [5815,10,[5,5,1,1,1,1,1],8]
MAXIMUM [5816,6,[2,2,2,2,2,1,1],50]
MAXIMUM [5817,0,[1,1,1,1,1,1,1],8]
MAXIMUM [5820,40,[10,10,12,12,3,3,1],58]
MAXIMUM [5823,18,[9,9,9,3,1,1,1],10]
MAXIMUM [5824,0,[1,1,1,1,1,1,1],8]
MAXIMUM [5825,25,[25,5,1,1,1,1,1],8]
MAXIMUM [5826,12,[2,2,2,2,2,3,3],8]
MAXIMUM [5828,16,[4,4,4,4,2,1,1],8]
MAXIMUM [5829,14,[29,3,3,3,3,1,1],8]
MAXIMUM [5830,21,[10,10,11,2,2,2,1],15]
MAXIMUM [5832,87,[36,54,8,8,12,9,1],28]
MAXIMUM [5835,15,[15,15,1,1,1,1,1],8]
MAXIMUM [5836,10,[4,4,4,4,1,1,2],8]
MAXIMUM [5838,0,[1,1,1,1,1,1,1],8]
MAXIMUM [5840,46,[16,16,8,10,10,1,1],29]
MAXIMUM [5841,33,[33,3,3,3,1,1,1],14]
MAXIMUM [5842,46,[46,2,2,2,2,1,1],9]
MAXIMUM [5844,20,[6,6,6,3,2,2,1],34]
MAXIMUM [5845,0,[1,1,1,1,1,1,1],8]
MAXIMUM [5847,9,[3,3,3,3,1,1,1],8]
MAXIMUM [5848,30,[17,8,8,8,1,1,1],15]
MAXIMUM [5850,75,[90,6,6,3,1,2,2],16]
MAXIMUM [5852,0,[1,1,1,1,1,1,1],8]
MAXIMUM [5853,6,[1,1,1,1,1,1,1],8]
MAXIMUM [5855,10,[5,5,1,1,1,1,1],8]
MAXIMUM [5856,66,[32,48,4,4,6,1,1],29]
MAXIMUM [5859,0,[1,1,1,1,1,1,1],8]
MAXIMUM [5860,18,[4,4,4,4,5,5,2],42]
MAXIMUM [5862,12,[3,3,3,3,1,1,1],17]
MAXIMUM [5864,10,[4,4,4,4,1,1,2],17]
MAXIMUM [5865,53,[51,23,3,3,3,5,5],11]
MAXIMUM [5868,48,[36,9,9,2,2,2,3],18]
MAXIMUM [5870,10,[2,2,2,2,2,5,5],8]
MAXIMUM [5871,6,[3,3,3,3,1,1,1],8]
MAXIMUM [5872,22,[16,16,2,2,2,1,1],18]
MAXIMUM [5874,24,[22,1,1,1,1,1,1],11]
MAXIMUM [5875,15,[25,1,1,1,1,1,5],8]
MAXIMUM [5876,4,[1,1,1,1,1,1,1],8]
MAXIMUM [5877,21,[9,9,9,1,1,1,3],8]
MAXIMUM [5880,0,[1,1,1,1,1,1,1],8]
MAXIMUM [5883,12,[3,3,3,3,1,1,1],8]
MAXIMUM [5884,16,[4,4,4,4,2,1,1],8]
MAXIMUM [5885,16,[11,5,5,1,1,1,1],10]
MAXIMUM [5886,42,[27,6,6,9,2,2,2],32]
MAXIMUM [5888,106,[64,46,8,8,4,1,1],15]
MAXIMUM [5889,9,[3,3,3,3,1,1,1],8]
MAXIMUM [5890,20,[10,10,1,1,1,1,1],11]
MAXIMUM [5892,31,[12,12,6,4,4,3,1],12]
MAXIMUM [5895,36,[15,15,9,9,1,1,1],9]
MAXIMUM [5896,58,[44,8,8,8,2,1,1],10]
MAXIMUM [5898,14,[6,6,6,2,2,1,1],8]
MAXIMUM [5900,29,[20,25,2,2,2,2,1],35]
MAXIMUM [5901,0,[1,1,1,1,1,1,1],8]
MAXIMUM [5904,56,[24,36,8,8,3,3,2],107]
MAXIMUM [5905,5,[5,5,1,1,1,1,1],8]
MAXIMUM [5907,21,[33,3,3,3,1,1,1],9]
MAXIMUM [5908,0,[1,1,1,1,1,1,1],8]
MAXIMUM [5910,60,[30,30,2,2,2,3,3],11]
MAXIMUM [5912,16,[4,4,4,4,2,1,1],20]
MAXIMUM [5913,24,[27,3,3,3,1,1,1],13]
MAXIMUM [5915,0,[1,1,1,1,1,1,1],8]
MAXIMUM [5916,67,[29,51,12,12,4,4,6],15]
MAXIMUM [5919,3,[1,1,1,1,1,1,1],8]
MAXIMUM [5920,58,[40,32,4,4,1,1,2],12]
MAXIMUM [5922,0,[1,1,1,1,1,1,1],8]
MAXIMUM [5924,10,[2,2,2,2,2,1,1],22]
MAXIMUM [5925,24,[15,15,3,3,1,1,1],20]
MAXIMUM [5928,42,[24,24,3,3,2,2,2],12]
MAXIMUM [5930,10,[5,5,1,1,1,1,1],11]
MAXIMUM [5931,27,[9,9,9,3,1,1,1],8]
MAXIMUM [5932,4,[1,1,1,1,1,1,1],8]
MAXIMUM [5934,41,[46,6,6,6,3,1,2],8]
MAXIMUM [5935,5,[5,5,1,1,1,1,1],8]
MAXIMUM [5936,0,[1,1,1,1,1,1,1],8]
MAXIMUM [5937,6,[1,1,1,1,1,1,1],8]
MAXIMUM [5940,133,[60,44,30,27,9,4,4],44]
MAXIMUM [5943,0,[1,1,1,1,1,1,1],8]
MAXIMUM [5944,26,[8,8,8,4,1,1,2],10]
MAXIMUM [5945,25,[29,1,1,1,1,1,1],8]
MAXIMUM [5946,12,[3,3,3,3,1,1,1],17]
MAXIMUM [5948,10,[4,4,4,4,1,1,2],8]
MAXIMUM [5949,18,[9,9,9,3,1,1,1],10]
MAXIMUM [5950,0,[1,1,1,1,1,1,1],8]
MAXIMUM [5952,80,[64,16,24,2,3,3,4],33]
MAXIMUM [5955,14,[5,5,3,3,3,3,1],16]
MAXIMUM [5956,6,[2,2,2,2,2,1,1],22]
MAXIMUM [5958,33,[18,18,9,1,1,1,3],10]
MAXIMUM [5960,36,[40,8,1,1,2,4,4],19]
MAXIMUM [5961,3,[1,1,1,1,1,1,1],8]
MAXIMUM [5964,0,[1,1,1,1,1,1,1],8]
MAXIMUM [5965,10,[5,5,1,1,1,1,1],8]
MAXIMUM [5967,35,[17,27,3,3,3,1,1],21]
MAXIMUM [5968,32,[16,16,4,4,2,1,1],11]
MAXIMUM [5970,42,[30,30,3,3,2,2,2],15]
MAXIMUM [5972,14,[4,4,4,4,1,1,2],8]
MAXIMUM [5973,13,[11,3,3,3,3,1,1],12]
MAXIMUM [5975,25,[25,5,1,1,1,1,1],8]
MAXIMUM [5976,37,[12,12,18,4,4,3,1],104]
MAXIMUM [5979,6,[1,1,1,1,1,1,1],8]
MAXIMUM [5980,37,[23,10,10,2,2,2,1],44]
MAXIMUM [5982,14,[6,6,6,2,2,1,1],8]
MAXIMUM [5984,74,[34,44,16,16,2,1,1],33]
MAXIMUM [5985,0,[1,1,1,1,1,1,1],8]
MAXIMUM [5988,24,[12,12,3,3,1,1,1],10]
MAXIMUM [5990,10,[5,5,1,1,1,1,1],11]
MAXIMUM [5991,9,[3,3,3,3,1,1,1],8]
MAXIMUM [5992,0,[1,1,1,1,1,1,1],8]
MAXIMUM [5994,30,[9,9,9,2,2,2,3],23]
MAXIMUM [5995,11,[5,5,11,1,1,1,1],9]
MAXIMUM [5996,16,[4,4,4,4,2,1,1],8]
MAXIMUM [5997,6,[3,3,3,3,1,1,1],8]
MAXIMUM [6000,78,[60,30,8,8,8,3,3],56]
MAXIMUM [6003,49,[23,29,9,9,9,1,3],15]
MAXIMUM [6004,10,[4,4,4,4,1,1,2],8]
MAXIMUM [6005,5,[5,5,1,1,1,1,1],8]
MAXIMUM [6006,0,[1,1,1,1,1,1,1],8]
MAXIMUM [6008,22,[8,8,8,2,2,1,1],10]
MAXIMUM [6009,12,[3,3,3,3,1,1,1],8]
MAXIMUM [6010,10,[2,2,2,2,2,5,5],8]
MAXIMUM [6012,24,[6,6,9,9,2,2,2],77]
MAXIMUM [6015,27,[15,15,3,3,1,1,1],8]
MAXIMUM [6016,48,[64,8,8,1,1,1,2],10]
MAXIMUM [6018,39,[34,6,6,6,3,1,2],10]
MAXIMUM [6020,0,[1,1,1,1,1,1,1],8]
MAXIMUM [6021,15,[9,9,9,1,1,1,3],11]
MAXIMUM [6024,18,[4,4,4,4,6,1,1],122]
MAXIMUM [6025,20,[25,5,1,1,1,1,1],10]
MAXIMUM [6027,0,[1,1,1,1,1,1,1],8]
MAXIMUM [6028,32,[22,4,4,4,4,1,1],13]
MAXIMUM [6030,56,[45,10,3,3,3,1,1],25]
MAXIMUM [6032,18,[29,4,4,4,4,1,2],59]
MAXIMUM [6033,9,[3,3,3,3,1,1,1],8]
MAXIMUM [6035,14,[17,5,5,1,1,1,1],10]
MAXIMUM [6036,12,[2,2,2,2,2,3,3],8]
MAXIMUM [6039,33,[33,3,3,3,1,1,1],15]
MAXIMUM [6040,28,[20,10,2,2,2,1,1],29]
MAXIMUM [6042,6,[1,1,1,1,1,1,1],8]
MAXIMUM [6044,4,[1,1,1,1,1,1,1],8]
MAXIMUM [6045,15,[15,15,1,1,1,1,1],8]
MAXIMUM [6048,0,[1,1,1,1,1,1,1],8]
MAXIMUM [6050,44,[50,11,1,1,1,1,5],15]
MAXIMUM [6051,12,[3,3,3,3,1,1,1],8]
MAXIMUM [6052,34,[34,4,4,4,4,1,1],8]
MAXIMUM [6054,20,[6,6,6,3,2,2,1],10]
MAXIMUM [6055,0,[1,1,1,1,1,1,1],8]
MAXIMUM [6056,26,[8,8,8,4,1,1,2],10]
MAXIMUM [6057,27,[9,9,9,3,1,1,1],8]
MAXIMUM [6060,55,[60,12,6,4,4,3,1],18]
MAXIMUM [6063,6,[1,1,1,1,1,1,1],8]
MAXIMUM [6064,38,[16,16,8,2,2,1,1],15]
MAXIMUM [6065,10,[5,5,1,1,1,1,1],8]
MAXIMUM [6066,44,[18,18,9,6,2,2,1],14]
MAXIMUM [6068,6,[2,2,2,2,2,1,1],22]
MAXIMUM [6069,0,[1,1,1,1,1,1,1],8]
MAXIMUM [6070,10,[5,5,1,1,1,1,1],11]
MAXIMUM [6072,98,[66,24,46,8,8,3,3],17]
MAXIMUM [6075,60,[45,27,3,3,1,1,1],12]
MAXIMUM [6076,0,[1,1,1,1,1,1,1],8]
MAXIMUM [6078,12,[2,2,2,2,2,3,3],8]
MAXIMUM [6080,57,[32,16,20,4,2,5,1],39]
MAXIMUM [6081,6,[3,3,3,3,1,1,1],8]
MAXIMUM [6084,61,[36,18,12,9,4,4,1],14]
MAXIMUM [6085,5,[1,1,1,1,1,1,1],8]
MAXIMUM [6087,3,[1,1,1,1,1,1,1],8]
MAXIMUM [6088,10,[4,4,4,4,1,1,2],17]
MAXIMUM [6090,0,[1,1,1,1,1,1,1],8]
MAXIMUM [6092,10,[2,2,2,2,2,1,1],22]
MAXIMUM [6093,12,[3,3,3,3,1,1,1],17]
MAXIMUM [6095,13,[5,5,23,1,1,1,1],10]
MAXIMUM [6096,74,[48,24,16,3,3,2,2],16]
MAXIMUM [6099,9,[3,3,3,3,1,1,1],8]
MAXIMUM [6100,35,[50,5,1,1,1,1,1],12]
MAXIMUM [6102,63,[54,18,6,9,1,1,1],15]
MAXIMUM [6104,0,[1,1,1,1,1,1,1],8]
MAXIMUM [6105,48,[33,15,15,1,1,1,3],13]
MAXIMUM [6108,18,[4,4,4,4,6,1,1],36]
MAXIMUM [6110,18,[10,10,2,2,2,1,1],9]
MAXIMUM [6111,0,[1,1,1,1,1,1,1],8]
MAXIMUM [6112,42,[32,8,8,4,1,1,2],23]
MAXIMUM [6114,12,[3,3,3,3,1,1,1],17]
MAXIMUM [6115,5,[5,5,1,1,1,1,1],8]
MAXIMUM [6116,16,[11,4,4,4,4,1,2],17]
MAXIMUM [6117,9,[3,3,3,3,1,1,1],8]
MAXIMUM [6120,156,[72,51,30,9,8,8,10],44]
MAXIMUM [6123,6,[3,3,3,3,1,1,1],8]
MAXIMUM [6124,6,[2,2,2,2,2,1,1],22]
MAXIMUM [6125,0,[1,1,1,1,1,1,1],8]
MAXIMUM [6126,6,[1,1,1,1,1,1,1],8]
MAXIMUM [6128,16,[8,8,8,1,1,1,1],13]
MAXIMUM [6129,30,[27,9,9,1,1,1,3],11]
MAXIMUM [6130,10,[5,5,1,1,1,1,1],11]
MAXIMUM [6132,0,[1,1,1,1,1,1,1],8]
MAXIMUM [6135,24,[15,15,3,3,1,1,1],14]
MAXIMUM [6136,16,[4,4,4,4,2,1,1],20]
MAXIMUM [6138,66,[66,6,9,9,2,2,2],15]
MAXIMUM [6140,18,[4,4,4,4,5,5,2],42]
MAXIMUM [6141,28,[23,3,3,3,3,1,1],8]
MAXIMUM [6144,71,[48,32,12,6,4,3,1],45]
MAXIMUM [6145,5,[5,5,1,1,1,1,1],8]
MAXIMUM [6147,15,[9,9,9,1,1,1,3],8]
MAXIMUM [6148,58,[58,2,2,2,2,1,1],19]
MAXIMUM [6150,53,[25,30,6,6,2,2,3],14]
MAXIMUM [6152,6,[2,2,2,2,2,1,1],50]
MAXIMUM [6153,0,[1,1,1,1,1,1,1],8]
MAXIMUM [6155,5,[1,1,1,1,1,1,1],8]
MAXIMUM [6156,72,[54,36,12,9,1,1,1],14]
MAXIMUM [6159,9,[3,3,3,3,1,1,1],8]
MAXIMUM [6160,0,[1,1,1,1,1,1,1],8]
MAXIMUM [6162,12,[2,2,2,2,2,3,3],8]
MAXIMUM [6164,54,[46,4,4,4,4,1,1],9]
MAXIMUM [6165,28,[45,5,3,3,3,1,1],13]
MAXIMUM [6168,30,[8,8,8,12,1,1,2],27]
MAXIMUM [6170,20,[10,10,1,1,1,1,1],11]
MAXIMUM [6171,48,[51,11,1,1,3,3,3],11]
MAXIMUM [6172,10,[4,4,4,4,1,1,2],8]
MAXIMUM [6174,0,[1,1,1,1,1,1,1],8]
MAXIMUM [6175,25,[25,5,1,1,1,1,1],8]
MAXIMUM [6176,38,[16,16,8,2,2,1,1],24]
MAXIMUM [6177,28,[29,3,3,3,3,1,1],8]
MAXIMUM [6180,48,[20,30,6,6,3,2,1],39]
MAXIMUM [6183,27,[9,9,9,3,1,1,1],12]
MAXIMUM [6184,16,[8,8,8,1,1,1,1],8]
MAXIMUM [6185,5,[5,5,1,1,1,1,1],8]
MAXIMUM [6186,15,[6,6,6,3,1,1,1],8]
MAXIMUM [6188,0,[1,1,1,1,1,1,1],8]
MAXIMUM [6189,6,[1,1,1,1,1,1,1],8]
MAXIMUM [6190,18,[10,10,2,2,2,1,1],8]
MAXIMUM [6192,106,[72,48,16,9,9,2,2],25]
MAXIMUM [6195,0,[1,1,1,1,1,1,1],8]
MAXIMUM [6196,14,[4,4,4,4,1,1,2],8]
MAXIMUM [6198,12,[3,3,3,3,1,1,1],17]
MAXIMUM [6200,54,[40,25,4,4,1,1,1],13]
MAXIMUM [6201,18,[9,9,9,3,1,1,1],10]
MAXIMUM [6204,48,[44,2,2,2,2,3,3],10]
MAXIMUM [6205,24,[17,5,5,1,1,1,1],10]
MAXIMUM [6206,48,[58,2,2,2,2,1,1],9]
MAXIMUM [6207,6,[3,3,3,3,1,1,1],8]
MAXIMUM [6208,22,[16,16,2,2,2,1,1],44]
MAXIMUM [6210,97,[46,54,18,30,9,5,2],45]
MAXIMUM [6212,4,[1,1,1,1,1,1,1],8]
MAXIMUM [6213,3,[1,1,1,1,1,1,1],8]
MAXIMUM [6215,8,[11,5,5,1,1,1,1],10]
MAXIMUM [6216,0,[1,1,1,1,1,1,1],8]
MAXIMUM [6219,12,[3,3,3,3,1,1,1],17]
MAXIMUM [6220,25,[20,4,4,4,2,5,1],10]
MAXIMUM [6222,48,[34,6,6,6,3,2,1],13]
MAXIMUM [6224,26,[8,8,8,4,1,1,2],21]
MAXIMUM [6225,28,[15,25,3,3,3,1,1],15]
MAXIMUM [6228,37,[12,12,18,4,4,3,1],30]
MAXIMUM [6230,0,[1,1,1,1,1,1,1],8]
MAXIMUM [6231,6,[1,1,1,1,1,1,1],8]
MAXIMUM [6232,22,[8,8,8,2,2,1,1],10]
MAXIMUM [6234,14,[6,6,6,2,2,1,1],8]
MAXIMUM [6235,18,[29,5,5,1,1,1,1],10]
MAXIMUM [6236,6,[2,2,2,2,2,1,1],22]
MAXIMUM [6237,0,[1,1,1,1,1,1,1],8]
MAXIMUM [6240,68,[24,24,10,10,8,3,3],107]
MAXIMUM [6243,9,[3,3,3,3,1,1,1],8]
MAXIMUM [6244,0,[1,1,1,1,1,1,1],8]
MAXIMUM [6245,10,[5,5,1,1,1,1,1],8]
MAXIMUM [6246,30,[9,9,9,2,2,2,3],13]
MAXIMUM [6248,88,[88,4,4,4,2,1,1],9]
MAXIMUM [6249,6,[3,3,3,3,1,1,1],8]
MAXIMUM [6250,19,[10,25,2,2,2,2,1],19]
MAXIMUM [6252,22,[12,12,4,4,1,1,2],11]
MAXIMUM [6255,28,[9,9,9,15,5,1,1],16]
MAXIMUM [6256,58,[46,34,4,4,4,1,1],25]
MAXIMUM [6258,0,[1,1,1,1,1,1,1],8]
MAXIMUM [6260,18,[10,10,2,2,2,1,1],25]
MAXIMUM [6261,12,[3,3,3,3,1,1,1],8]
MAXIMUM [6264,122,[72,58,27,24,9,2,2],27]
MAXIMUM [6265,0,[1,1,1,1,1,1,1],8]
MAXIMUM [6267,9,[3,3,3,3,1,1,1],8]
MAXIMUM [6268,4,[1,1,1,1,1,1,1],8]
MAXIMUM [6270,50,[33,5,5,6,6,6,1],68]
MAXIMUM [6272,0,[1,1,1,1,1,1,1],8]
MAXIMUM [6273,36,[51,9,9,9,1,1,1],8]
MAXIMUM [6275,10,[5,5,1,1,1,1,1],10]
MAXIMUM [6276,18,[4,4,4,4,6,1,1],36]
MAXIMUM [6279,0,[1,1,1,1,1,1,1],8]
MAXIMUM [6280,38,[40,8,4,4,1,1,2],17]
MAXIMUM [6282,12,[3,3,3,3,1,1,1],62]
MAXIMUM [6284,10,[4,4,4,4,1,1,2],8]
MAXIMUM [6285,13,[3,3,3,3,5,5,1],27]
MAXIMUM [6288,48,[16,16,24,2,2,3,3],21]
MAXIMUM [6290,28,[34,2,2,2,2,5,5],8]
MAXIMUM [6291,24,[27,3,3,3,1,1,1],13]
MAXIMUM [6292,30,[44,2,2,2,2,1,1],17]
MAXIMUM [6294,6,[1,1,1,1,1,1,1],8]
MAXIMUM [6295,5,[1,1,1,1,1,1,1],8]
MAXIMUM [6296,16,[8,8,8,1,1,1,1],8]
MAXIMUM [6297,3,[1,1,1,1,1,1,1],8]
MAXIMUM [6300,0,[1,1,1,1,1,1,1],8]
MAXIMUM [6302,29,[23,2,2,2,2,2,1],13]
MAXIMUM [6303,33,[33,3,3,3,1,1,1],8]
MAXIMUM [6304,48,[32,16,4,4,2,1,1],13]
MAXIMUM [6305,10,[5,5,1,1,1,1,1],8]
MAXIMUM [6306,20,[6,6,6,3,2,2,1],10]
MAXIMUM [6308,14,[4,4,4,4,1,1,2],8]
MAXIMUM [6309,27,[9,9,9,3,1,1,1],8]
MAXIMUM [6310,20,[10,10,1,1,1,1,1],11]
MAXIMUM [6312,31,[12,12,6,4,4,3,1],40]
MAXIMUM [6315,30,[15,15,1,1,1,1,1],8]
MAXIMUM [6316,10,[2,2,2,2,2,1,1],22]
MAXIMUM [6318,53,[18,18,27,6,2,2,1],20]
MAXIMUM [6320,44,[20,16,16,10,2,1,1],22]
MAXIMUM [6321,0,[1,1,1,1,1,1,1],8]
MAXIMUM [6322,30,[29,1,1,1,1,1,1],9]
MAXIMUM [6324,38,[17,12,12,3,3,1,1],24]
MAXIMUM [6325,50,[25,23,11,5,1,1,1],12]
MAXIMUM [6327,18,[9,9,9,3,1,1,1],10]
MAXIMUM [6328,0,[1,1,1,1,1,1,1],8]
MAXIMUM [6330,60,[30,30,2,2,2,3,3],11]
MAXIMUM [6332,16,[4,4,4,4,2,1,1],8]
MAXIMUM [6333,6,[3,3,3,3,1,1,1],8]
MAXIMUM [6335,0,[1,1,1,1,1,1,1],8]
MAXIMUM [6336,135,[64,36,33,18,8,8,9],109]
MAXIMUM [6339,3,[1,1,1,1,1,1,1],8]
MAXIMUM [6340,26,[20,5,4,4,4,1,2],20]
MAXIMUM [6342,0,[1,1,1,1,1,1,1],8]
MAXIMUM [6344,22,[8,8,8,2,2,1,1],10]
MAXIMUM [6345,57,[45,27,3,3,1,1,1],14]
MAXIMUM [6348,33,[23,6,6,6,3,2,2],35]
MAXIMUM [6350,50,[50,5,1,1,1,1,1],9]
MAXIMUM [6351,29,[29,3,3,3,3,1,1],8]
MAXIMUM [6352,16,[8,8,8,1,1,1,1],13]
MAXIMUM [6354,27,[18,18,6,3,1,2,2],14]
MAXIMUM [6355,5,[5,5,1,1,1,1,1],8]
MAXIMUM [6356,0,[1,1,1,1,1,1,1],8]
MAXIMUM [6357,6,[1,1,1,1,1,1,1],8]
MAXIMUM [6358,33,[22,17,2,2,2,2,1],16]
MAXIMUM [6360,84,[60,30,4,4,4,3,3],17]
MAXIMUM [6363,0,[1,1,1,1,1,1,1],8]
MAXIMUM [6364,14,[4,4,4,4,1,1,2],8]
MAXIMUM [6365,5,[1,1,1,1,1,1,1],8]
MAXIMUM [6366,12,[3,3,3,3,1,1,1],17]
MAXIMUM [6368,26,[32,4,4,4,1,1,2],18]
MAXIMUM [6369,21,[33,3,3,3,1,1,1],9]
MAXIMUM [6370,0,[1,1,1,1,1,1,1],8]
MAXIMUM [6372,48,[36,9,9,2,2,2,3],33]
MAXIMUM [6375,31,[25,17,5,3,3,3,3],26]
MAXIMUM [6376,6,[2,2,2,2,2,1,1],50]
MAXIMUM [6378,6,[1,1,1,1,1,1,1],8]
MAXIMUM [6380,48,[29,22,10,10,1,1,1],56]
MAXIMUM [6381,21,[9,9,9,1,1,1,3],8]
MAXIMUM [6384,0,[1,1,1,1,1,1,1],8]
MAXIMUM [6385,10,[5,5,1,1,1,1,1],8]
MAXIMUM [6387,12,[3,3,3,3,1,1,1],8]
MAXIMUM [6388,16,[4,4,4,4,2,1,1],8]
MAXIMUM [6390,92,[90,6,6,3,2,2,1],13]
MAXIMUM [6392,30,[8,8,8,17,4,1,2],17]
MAXIMUM [6393,9,[3,3,3,3,1,1,1],8]
MAXIMUM [6395,5,[5,5,1,1,1,1,1],8]
MAXIMUM [6396,31,[12,12,6,4,4,3,1],12]
MAXIMUM [6399,15,[9,9,9,1,1,1,3],11]
MAXIMUM [6400,84,[64,16,25,8,10,4,1],33]
MAXIMUM [6402,23,[11,6,6,6,2,2,1],24]
MAXIMUM [6404,6,[2,2,2,2,2,1,1],22]
MAXIMUM [6405,0,[1,1,1,1,1,1,1],8]
MAXIMUM [6408,56,[24,36,8,8,3,3,2],40]
MAXIMUM [6410,10,[5,5,1,1,1,1,1],11]
MAXIMUM [6411,9,[3,3,3,3,1,1,1],8]
MAXIMUM [6412,0,[1,1,1,1,1,1,1],8]
MAXIMUM [6414,12,[2,2,2,2,2,3,3],8]
MAXIMUM [6415,10,[5,5,1,1,1,1,1],8]
MAXIMUM [6416,32,[16,16,4,4,2,1,1],11]
MAXIMUM [6417,9,[23,3,3,3,3,1,1],17]
MAXIMUM [6420,66,[60,30,4,4,4,3,3],14]
MAXIMUM [6423,3,[1,1,1,1,1,1,1],8]
MAXIMUM [6424,58,[88,4,4,4,1,1,2],8]
MAXIMUM [6425,10,[25,5,1,1,1,1,1],10]
MAXIMUM [6426,0,[1,1,1,1,1,1,1],8]
MAXIMUM [6428,10,[2,2,2,2,2,1,1],22]
MAXIMUM [6429,12,[3,3,3,3,1,1,1],8]
MAXIMUM [6430,10,[2,2,2,2,2,5,5],8]
MAXIMUM [6432,74,[48,24,16,3,3,2,2],25]
MAXIMUM [6435,43,[45,9,11,3,3,1,1],30]
MAXIMUM [6436,4,[1,1,1,1,1,1,1],8]
MAXIMUM [6438,23,[29,6,6,6,3,1,1],16]
MAXIMUM [6440,0,[1,1,1,1,1,1,1],8]
MAXIMUM [6441,6,[1,1,1,1,1,1,1],8]
MAXIMUM [6444,48,[18,18,9,4,4,4,3],30]
MAXIMUM [6445,10,[5,5,1,1,1,1,1],8]
MAXIMUM [6447,0,[1,1,1,1,1,1,1],8]
MAXIMUM [6448,26,[8,8,8,4,1,1,2],21]
MAXIMUM [6450,46,[50,15,3,3,3,1,1],18]
MAXIMUM [6452,10,[4,4,4,4,1,1,2],8]
MAXIMUM [6453,36,[27,9,9,3,1,1,1],10]
MAXIMUM [6455,10,[5,5,1,1,1,1,1],8]
MAXIMUM [6456,40,[24,24,8,2,2,3,3],10]
MAXIMUM [6459,6,[3,3,3,3,1,1,1],8]
MAXIMUM [6460,56,[34,20,10,2,2,1,1],19]
MAXIMUM [6462,33,[18,18,9,1,1,1,3],10]
MAXIMUM [6464,48,[64,8,8,1,1,1,2],10]
MAXIMUM [6465,15,[15,15,1,1,1,1,1],8]
MAXIMUM [6468,0,[1,1,1,1,1,1,1],8]
MAXIMUM [6470,18,[10,10,2,2,2,1,1],8]
MAXIMUM [6471,12,[3,3,3,3,1,1,1],17]
MAXIMUM [6472,16,[4,4,4,4,2,1,1],20]
MAXIMUM [6474,20,[6,6,6,3,2,2,1],10]
MAXIMUM [6475,0,[1,1,1,1,1,1,1],8]
MAXIMUM [6476,14,[4,4,4,4,1,1,2],8]
MAXIMUM [6477,51,[51,3,3,3,1,1,1],9]
MAXIMUM [6480,129,[54,40,48,12,4,3,1],78]
MAXIMUM [6483,6,[1,1,1,1,1,1,1],8]
MAXIMUM [6484,10,[2,2,2,2,2,1,1],22]
MAXIMUM [6485,10,[5,5,1,1,1,1,1],8]
MAXIMUM [6486,52,[46,6,6,6,2,1,1],9]
MAXIMUM [6488,6,[2,2,2,2,2,1,1],50]
MAXIMUM [6489,0,[1,1,1,1,1,1,1],8]
MAXIMUM [6490,28,[22,5,5,1,1,1,1],12]
MAXIMUM [6492,24,[12,12,3,3,1,1,1],10]
MAXIMUM [6495,13,[3,3,3,3,5,5,1],27]
MAXIMUM [6496,0,[1,1,1,1,1,1,1],8]
MAXIMUM [6498,30,[9,9,9,2,2,2,3],13]
MAXIMUM [6500,45,[25,20,4,4,4,2,1],10]
MAXIMUM [6501,33,[33,3,3,3,1,1,1],9]
MAXIMUM [6504,30,[8,8,8,12,1,1,2],27]
MAXIMUM [6505,5,[1,1,1,1,1,1,1],8]
MAXIMUM [6507,30,[27,9,9,1,1,1,3],11]
MAXIMUM [6508,10,[4,4,4,4,1,1,2],8]
MAXIMUM [6510,0,[1,1,1,1,1,1,1],8]
MAXIMUM [6512,74,[44,16,16,8,2,1,1],16]
MAXIMUM [6513,12,[3,3,3,3,1,1,1],8]
MAXIMUM [6515,10,[5,5,1,1,1,1,1],8]
MAXIMUM [6516,24,[6,6,9,9,2,2,2],77]
MAXIMUM [6519,9,[3,3,3,3,1,1,1],8]
MAXIMUM [6520,36,[40,8,1,1,2,4,4],19]
MAXIMUM [6522,15,[6,6,6,3,1,1,1],8]
MAXIMUM [6524,0,[1,1,1,1,1,1,1],8]
MAXIMUM [6525,68,[29,25,15,9,9,9,1],18]
MAXIMUM [6528,102,[51,32,48,4,4,6,3],62]
MAXIMUM [6530,18,[10,10,2,2,2,1,1],9]
MAXIMUM [6531,0,[1,1,1,1,1,1,1],8]
MAXIMUM [6532,46,[46,4,4,4,4,1,1],9]
MAXIMUM [6534,102,[66,54,3,3,2,2,2],14]
MAXIMUM [6535,5,[5,5,1,1,1,1,1],8]
MAXIMUM [6536,10,[4,4,4,4,1,1,2],17]
MAXIMUM [6537,9,[3,3,3,3,1,1,1],8]
MAXIMUM [6540,60,[30,30,2,2,2,3,3],13]
MAXIMUM [6543,6,[3,3,3,3,1,1,1],17]
MAXIMUM [6544,22,[16,16,2,2,2,1,1],18]
MAXIMUM [6545,0,[1,1,1,1,1,1,1],8]
MAXIMUM [6546,6,[1,1,1,1,1,1,1],8]
MAXIMUM [6548,4,[1,1,1,1,1,1,1],8]
MAXIMUM [6549,3,[1,1,1,1,1,1,1],8]
MAXIMUM [6550,20,[25,5,1,1,1,1,1],16]
MAXIMUM [6552,0,[1,1,1,1,1,1,1],8]
MAXIMUM [6554,58,[58,2,2,2,2,1,1],9]
MAXIMUM [6555,30,[15,15,23,3,3,1,1],11]
MAXIMUM [6556,44,[44,4,4,4,2,1,1],10]
MAXIMUM [6558,20,[6,6,6,3,2,2,1],10]
MAXIMUM [6560,54,[32,40,4,4,1,1,2],15]
MAXIMUM [6561,27,[9,9,9,3,1,1,1],12]
MAXIMUM [6564,31,[12,12,6,4,4,3,1],12]
MAXIMUM [6565,5,[5,5,1,1,1,1,1],8]
MAXIMUM [6567,24,[33,1,1,1,3,3,3],9]
MAXIMUM [6568,22,[8,8,8,2,2,1,1],10]
MAXIMUM [6570,63,[30,18,18,9,2,2,5],25]
MAXIMUM [6572,6,[2,2,2,2,2,1,1],22]
MAXIMUM [6573,0,[1,1,1,1,1,1,1],8]
MAXIMUM [6575,15,[25,1,1,1,1,1,5],8]
MAXIMUM [6576,52,[24,24,8,3,3,2,2],27]
MAXIMUM [6579,45,[51,9,9,9,1,1,1],10]
MAXIMUM [6580,0,[1,1,1,1,1,1,1],8]
MAXIMUM [6582,12,[2,2,2,2,2,3,3],8]
MAXIMUM [6584,16,[4,4,4,4,2,1,1],20]
MAXIMUM [6585,14,[5,5,3,3,3,3,1],16]
MAXIMUM [6588,79,[36,54,12,9,4,4,1],16]
MAXIMUM [6590,20,[10,10,1,1,1,1,1],11]
MAXIMUM [6591,3,[1,1,1,1,1,1,1],8]
MAXIMUM [6592,26,[32,4,4,4,1,1,2],32]
MAXIMUM [6594,0,[1,1,1,1,1,1,1],8]
MAXIMUM [6595,10,[5,5,1,1,1,1,1],8]
MAXIMUM [6596,19,[17,2,2,2,2,2,1],37]
MAXIMUM [6597,12,[3,3,3,3,1,1,1],17]
MAXIMUM [6600,94,[66,20,24,10,3,3,2],68]
MAXIMUM [6603,9,[3,3,3,3,1,1,1],8]
MAXIMUM [6604,4,[1,1,1,1,1,1,1],8]
MAXIMUM [6605,5,[5,5,1,1,1,1,1],8]
MAXIMUM [6606,27,[18,18,6,3,1,2,2],14]
MAXIMUM [6608,0,[1,1,1,1,1,1,1],8]
MAXIMUM [6609,6,[1,1,1,1,1,1,1],8]
MAXIMUM [6610,18,[10,10,2,2,2,1,1],8]
MAXIMUM [6612,56,[58,4,4,4,4,1,1],32]
MAXIMUM [6615,0,[1,1,1,1,1,1,1],8]
MAXIMUM [6616,26,[8,8,8,4,1,1,2],10]
MAXIMUM [6618,12,[3,3,3,3,1,1,1],17]
MAXIMUM [6620,26,[20,5,4,4,4,1,2],20]
MAXIMUM [6621,9,[3,3,3,3,1,1,1],8]
MAXIMUM [6624,126,[72,23,16,16,9,9,3],60]
MAXIMUM [6625,10,[5,5,1,1,1,1,1],10]
MAXIMUM [6627,6,[3,3,3,3,1,1,1],8]
MAXIMUM [6628,6,[2,2,2,2,2,1,1],22]
MAXIMUM [6630,51,[51,15,15,1,1,1,3],16]
MAXIMUM [6632,16,[8,8,8,1,1,1,1],8]
MAXIMUM [6633,30,[11,9,9,9,1,1,3],15]
MAXIMUM [6635,5,[5,5,1,1,1,1,1],8]
MAXIMUM [6636,0,[1,1,1,1,1,1,1],8]
MAXIMUM [6639,12,[3,3,3,3,1,1,1],8]
MAXIMUM [6640,41,[16,16,20,4,2,5,1],19]
MAXIMUM [6642,42,[27,6,6,9,2,2,2],32]
MAXIMUM [6644,32,[22,4,4,4,4,1,1],13]
MAXIMUM [6645,27,[15,15,3,3,1,1,1],8]
MAXIMUM [6648,31,[12,12,6,4,4,3,1],40]
MAXIMUM [6650,0,[1,1,1,1,1,1,1],8]
MAXIMUM [6651,15,[9,9,9,1,1,1,3],8]
MAXIMUM [6652,10,[2,2,2,2,2,1,1],22]
MAXIMUM [6654,14,[6,6,6,2,2,1,1],8]
MAXIMUM [6655,16,[11,5,5,1,1,1,1],10]
MAXIMUM [6656,22,[16,16,2,2,2,1,1],44]
MAXIMUM [6657,0,[1,1,1,1,1,1,1],8]
MAXIMUM [6660,72,[45,36,12,3,1,1,1],21]
MAXIMUM [6663,9,[3,3,3,3,1,1,1],8]
MAXIMUM [6664,0,[1,1,1,1,1,1,1],8]
MAXIMUM [6665,10,[5,5,1,1,1,1,1],8]
MAXIMUM [6666,48,[66,2,2,2,3,3,3],9]
MAXIMUM [6668,16,[4,4,4,4,2,1,1],8]
MAXIMUM [6669,24,[27,3,3,3,1,1,1],13]
MAXIMUM [6670,63,[58,23,10,10,2,2,1],16]
MAXIMUM [6672,30,[8,8,8,12,1,1,2],71]
MAXIMUM [6675,30,[25,15,1,1,1,1,1],10]
MAXIMUM [6676,10,[4,4,4,4,1,1,2],8]
MAXIMUM [6678,0,[1,1,1,1,1,1,1],8]
MAXIMUM [6680,30,[8,8,8,10,10,1,1],24]
MAXIMUM [6681,26,[17,3,3,3,3,1,1],12]
MAXIMUM [6684,20,[6,6,6,3,2,2,1],34]
MAXIMUM [6685,0,[1,1,1,1,1,1,1],8]
MAXIMUM [6687,27,[9,9,9,3,1,1,1],8]
MAXIMUM [6688,28,[22,8,8,8,1,1,1],46]
MAXIMUM [6690,23,[5,5,6,6,6,3,1],56]
MAXIMUM [6692,0,[1,1,1,1,1,1,1],8]
MAXIMUM [6693,15,[23,1,1,1,1,1,1],8]
MAXIMUM [6695,10,[5,5,1,1,1,1,1],8]
MAXIMUM [6696,93,[72,18,27,4,4,6,1],37]
MAXIMUM [6699,0,[1,1,1,1,1,1,1],8]
MAXIMUM [6700,50,[50,5,1,1,1,1,1],9]
MAXIMUM [6702,12,[3,3,3,3,1,1,1],17]
MAXIMUM [6704,10,[4,4,4,4,1,1,2],31]
MAXIMUM [6705,42,[45,9,3,3,1,1,1],15]
MAXIMUM [6708,12,[2,2,2,2,2,3,3],8]
MAXIMUM [6710,18,[11,2,2,2,2,2,5],9]
MAXIMUM [6711,6,[3,3,3,3,1,1,1],8]
MAXIMUM [6712,6,[2,2,2,2,2,1,1],50]
MAXIMUM [6714,33,[18,18,9,1,1,1,3],10]
MAXIMUM [6715,14,[17,1,1,1,1,1,1],8]
MAXIMUM [6716,10,[23,1,1,1,1,1,1],9]
MAXIMUM [6717,3,[1,1,1,1,1,1,1],8]
MAXIMUM [6720,0,[1,1,1,1,1,1,1],8]
MAXIMUM [6723,21,[27,3,3,3,1,1,1],13]
MAXIMUM [6724,16,[4,4,4,4,2,1,1],8]
MAXIMUM [6725,20,[25,5,1,1,1,1,1],10]
MAXIMUM [6726,20,[6,6,6,3,2,2,1],10]
MAXIMUM [6728,50,[29,8,8,8,4,1,2],13]
MAXIMUM [6729,9,[3,3,3,3,1,1,1],8]
MAXIMUM [6730,20,[10,10,1,1,1,1,1],11]
MAXIMUM [6732,86,[33,34,12,12,18,4,1],38]
MAXIMUM [6735,30,[15,15,1,1,1,1,1],8]
MAXIMUM [6736,38,[16,16,8,2,2,1,1],15]
MAXIMUM [6738,14,[6,6,6,2,2,1,1],8]
MAXIMUM [6740,28,[20,10,2,2,2,1,1],17]
MAXIMUM [6741,0,[1,1,1,1,1,1,1],8]
MAXIMUM [6744,52,[24,24,8,3,3,2,2],13]
MAXIMUM [6745,5,[5,5,1,1,1,1,1],8]
MAXIMUM [6747,9,[3,3,3,3,1,1,1],8]
MAXIMUM [6748,0,[1,1,1,1,1,1,1],8]
MAXIMUM [6750,72,[30,30,9,9,2,2,2],68]
MAXIMUM [6752,48,[32,16,4,4,2,1,1],13]
MAXIMUM [6753,6,[3,3,3,3,1,1,1],8]
MAXIMUM [6755,0,[1,1,1,1,1,1,1],8]
MAXIMUM [6756,22,[12,12,4,4,1,1,2],11]
MAXIMUM [6759,21,[9,9,9,1,1,1,3],8]
MAXIMUM [6760,44,[40,5,4,4,1,1,1],15]
MAXIMUM [6762,0,[1,1,1,1,1,1,1],8]
MAXIMUM [6764,10,[2,2,2,2,2,1,1],22]
MAXIMUM [6765,45,[33,15,15,3,1,1,1],13]
MAXIMUM [6768,104,[48,72,16,9,9,2,2],15]
MAXIMUM [6770,10,[5,5,1,1,1,1,1],11]
MAXIMUM [6771,9,[3,3,3,3,1,1,1],8]
MAXIMUM [6772,4,[1,1,1,1,1,1,1],8]
MAXIMUM [6774,15,[6,6,6,3,1,1,1],8]
MAXIMUM [6775,10,[25,5,1,1,1,1,1],10]
MAXIMUM [6776,0,[1,1,1,1,1,1,1],8]
MAXIMUM [6777,15,[9,9,9,1,1,1,3],11]
MAXIMUM [6780,84,[60,30,4,4,4,3,3],11]
MAXIMUM [6783,0,[1,1,1,1,1,1,1],8]
MAXIMUM [6784,74,[64,8,8,4,1,1,2],16]
MAXIMUM [6785,24,[23,1,1,1,1,1,1],8]
MAXIMUM [6786,28,[29,3,3,3,3,1,1],105]
MAXIMUM [6788,10,[4,4,4,4,1,1,2],8]
MAXIMUM [6789,9,[3,3,3,3,1,1,1],8]
MAXIMUM [6790,0,[1,1,1,1,1,1,1],8]
MAXIMUM [6792,40,[24,24,8,2,2,3,3],10]
MAXIMUM [6795,28,[45,5,3,3,3,1,1],13]
MAXIMUM [6796,6,[2,2,2,2,2,1,1],22]
MAXIMUM [6798,24,[22,1,1,1,1,1,1],11]
MAXIMUM [6800,50,[40,17,8,1,2,4,4],33]
MAXIMUM [6801,3,[1,1,1,1,1,1,1],8]
MAXIMUM [6804,0,[1,1,1,1,1,1,1],8]
MAXIMUM [6805,10,[5,5,1,1,1,1,1],8]
MAXIMUM [6807,12,[3,3,3,3,1,1,1],8]
MAXIMUM [6808,54,[46,4,4,4,4,1,1],18]
MAXIMUM [6810,42,[30,30,3,3,2,2,2],15]
MAXIMUM [6812,14,[4,4,4,4,1,1,2],8]
MAXIMUM [6813,27,[9,9,9,3,1,1,1],8]
MAXIMUM [6815,17,[29,5,5,1,1,1,1],8]
MAXIMUM [6816,71,[48,32,12,6,4,3,1],28]
MAXIMUM [6819,6,[1,1,1,1,1,1,1],8]
MAXIMUM [6820,54,[44,10,10,2,2,1,1],19]
MAXIMUM [6822,44,[18,18,9,6,2,2,1],14]
MAXIMUM [6824,6,[2,2,2,2,2,1,1],50]
MAXIMUM [6825,0,[1,1,1,1,1,1,1],8]
MAXIMUM [6828,24,[12,12,3,3,1,1,1],10]
MAXIMUM [6830,10,[5,5,1,1,1,1,1],11]
MAXIMUM [6831,61,[27,33,23,9,9,1,1],17]
MAXIMUM [6832,0,[1,1,1,1,1,1,1],8]
MAXIMUM [6834,54,[51,2,2,2,3,3,3],10]
MAXIMUM [6835,10,[5,5,1,1,1,1,1],8]
MAXIMUM [6836,16,[4,4,4,4,2,1,1],8]
MAXIMUM [6837,6,[3,3,3,3,1,1,1],8]
MAXIMUM [6840,105,[60,36,18,8,8,9,1],46]
MAXIMUM [6843,3,[1,1,1,1,1,1,1],8]
MAXIMUM [6844,18,[29,4,4,4,4,1,2],13]
MAXIMUM [6845,5,[5,5,1,1,1,1,1],8]
MAXIMUM [6846,0,[1,1,1,1,1,1,1],8]
MAXIMUM [6848,70,[64,16,8,2,4,1,1],15]
MAXIMUM [6849,12,[3,3,3,3,1,1,1],17]
MAXIMUM [6850,30,[25,2,2,2,2,2,5],9]
MAXIMUM [6852,20,[6,6,6,3,2,2,1],34]
MAXIMUM [6855,27,[15,15,3,3,1,1,1],8]
MAXIMUM [6856,16,[8,8,8,1,1,1,1],8]
MAXIMUM [6858,63,[54,18,6,9,1,1,1],15]
MAXIMUM [6860,0,[1,1,1,1,1,1,1],8]
MAXIMUM [6861,6,[1,1,1,1,1,1,1],8]
MAXIMUM [6864,90,[88,4,4,4,6,1,1],28]
MAXIMUM [6865,10,[5,5,1,1,1,1,1],8]
MAXIMUM [6867,0,[1,1,1,1,1,1,1],8]
MAXIMUM [6868,18,[17,4,4,4,4,1,2],17]
MAXIMUM [6870,28,[10,10,3,3,3,3,1],56]
MAXIMUM [6872,10,[4,4,4,4,1,1,2],17]
MAXIMUM [6873,13,[29,3,3,3,3,1,1],12]
MAXIMUM [6875,32,[25,11,5,1,1,1,1],10]
MAXIMUM [6876,48,[36,9,9,2,2,2,3],18]
MAXIMUM [6879,6,[3,3,3,3,1,1,1],8]
MAXIMUM [6880,44,[20,16,16,10,2,1,1],36]
MAXIMUM [6882,6,[1,1,1,1,1,1,1],8]
MAXIMUM [6884,4,[1,1,1,1,1,1,1],8]
MAXIMUM [6885,68,[51,27,9,9,5,5,1],24]
MAXIMUM [6888,0,[1,1,1,1,1,1,1],8]
MAXIMUM [6890,18,[10,10,2,2,2,1,1],8]
MAXIMUM [6891,12,[3,3,3,3,1,1,1],8]
MAXIMUM [6892,16,[4,4,4,4,2,1,1],8]
MAXIMUM [6894,24,[6,6,9,9,2,2,2],32]
MAXIMUM [6895,0,[1,1,1,1,1,1,1],8]
MAXIMUM [6896,26,[8,8,8,4,1,1,2],21]
MAXIMUM [6897,13,[11,3,3,3,3,1,1],12]
MAXIMUM [6900,81,[46,20,25,12,12,6,3],30]
MAXIMUM [6903,15,[9,9,9,1,1,1,3],8]
MAXIMUM [6904,22,[8,8,8,2,2,1,1],10]
MAXIMUM [6905,10,[5,5,1,1,1,1,1],8]
MAXIMUM [6906,14,[6,6,6,2,2,1,1],8]
MAXIMUM [6908,30,[44,2,2,2,2,1,1],17]
MAXIMUM [6909,0,[1,1,1,1,1,1,1],8]
MAXIMUM [6910,10,[5,5,1,1,1,1,1],11]
MAXIMUM [6912,124,[54,64,24,36,8,9,1],47]
MAXIMUM [6915,13,[3,3,3,3,5,5,1],27]
MAXIMUM [6916,0,[1,1,1,1,1,1,1],8]
MAXIMUM [6918,12,[2,2,2,2,2,3,3],8]
MAXIMUM [6920,25,[20,4,4,4,2,5,1],37]
MAXIMUM [6921,6,[3,3,3,3,1,1,1],17]
MAXIMUM [6924,22,[12,12,4,4,1,1,2],11]
MAXIMUM [6925,15,[25,1,1,1,1,1,5],8]
MAXIMUM [6927,3,[1,1,1,1,1,1,1],8]
MAXIMUM [6928,10,[4,4,4,4,1,1,2],31]
MAXIMUM [6930,0,[1,1,1,1,1,1,1],8]
MAXIMUM [6932,10,[2,2,2,2,2,1,1],22]
MAXIMUM [6933,12,[3,3,3,3,1,1,1],8]
MAXIMUM [6935,10,[5,5,1,1,1,1,1],8]
MAXIMUM [6936,70,[34,24,24,3,3,2,2],25]
MAXIMUM [6939,27,[9,9,9,3,1,1,1],12]
MAXIMUM [6940,20,[10,10,1,1,1,1,1],14]
MAXIMUM [6942,15,[6,6,6,3,1,1,1],8]
MAXIMUM [6944,0,[1,1,1,1,1,1,1],8]
MAXIMUM [6945,30,[15,15,1,1,1,1,1],8]
MAXIMUM [6948,48,[18,18,9,4,4,4,3],30]
MAXIMUM [6950,19,[10,25,2,2,2,2,1],19]
MAXIMUM [6951,0,[1,1,1,1,1,1,1],8]
MAXIMUM [6952,74,[88,4,4,4,1,1,2],10]
MAXIMUM [6954,12,[3,3,3,3,1,1,1],17]
MAXIMUM [6955,5,[5,5,1,1,1,1,1],8]
MAXIMUM [6956,10,[4,4,4,4,1,1,2],8]
MAXIMUM [6957,18,[9,9,9,3,1,1,1],10]
MAXIMUM [6960,132,[58,30,30,16,16,3,3],37]
MAXIMUM [6963,33,[33,3,3,3,1,1,1],9]
MAXIMUM [6964,6,[2,2,2,2,2,1,1],22]
MAXIMUM [6965,0,[1,1,1,1,1,1,1],8]
MAXIMUM [6966,51,[54,18,9,1,1,1,6],11]
MAXIMUM [6968,16,[8,8,8,1,1,1,1],8]
MAXIMUM [6969,19,[23,1,1,1,1,1,1],8]
MAXIMUM [6970,34,[34,5,5,2,2,2,2],12]
MAXIMUM [6972,0,[1,1,1,1,1,1,1],8]
MAXIMUM [6975,51,[45,5,3,3,3,1,1],20]
MAXIMUM [6976,48,[32,16,4,4,2,1,1],21]
MAXIMUM [6978,20,[6,6,6,3,2,2,1],10]
MAXIMUM [6980,18,[4,4,4,4,5,5,2],42]
MAXIMUM [6981,9,[3,3,3,3,1,1,1],8]
MAXIMUM [6984,37,[12,12,18,4,4,3,1],104]
MAXIMUM [6985,8,[11,5,5,1,1,1,1],10]
MAXIMUM [6987,27,[51,1,1,1,3,3,3],9]
MAXIMUM [6988,10,[2,2,2,2,2,1,1],22]
MAXIMUM [6990,48,[30,30,2,2,2,3,3],9]
MAXIMUM [6992,35,[23,16,16,2,2,2,1],31]
MAXIMUM [6993,0,[1,1,1,1,1,1,1],8]
MAXIMUM [6995,5,[1,1,1,1,1,1,1],8]
MAXIMUM [6996,72,[66,12,3,3,2,2,2],13]
MAXIMUM [6999,9,[3,3,3,3,1,1,1],8]
MAXIMUM [7000,0,[1,1,1,1,1,1,1],8]
MAXIMUM [7002,30,[9,9,9,2,2,2,3],13]
MAXIMUM [7004,34,[34,4,4,4,4,1,1],8]
MAXIMUM [7005,14,[5,5,3,3,3,3,1],16]
MAXIMUM [7008,46,[32,8,8,12,1,1,2],90]
MAXIMUM [7010,20,[10,10,1,1,1,1,1],11]
MAXIMUM [7011,21,[9,9,9,1,1,1,3],8]
MAXIMUM [7012,10,[4,4,4,4,1,1,2],8]
MAXIMUM [7014,0,[1,1,1,1,1,1,1],8]
MAXIMUM [7015,19,[23,5,5,1,1,1,1],10]
MAXIMUM [7016,22,[8,8,8,2,2,1,1],10]
MAXIMUM [7017,12,[3,3,3,3,1,1,1],8]
MAXIMUM [7018,57,[58,11,2,2,2,2,1],17]
MAXIMUM [7020,92,[90,6,6,3,2,2,1],52]
MAXIMUM [7023,9,[3,3,3,3,1,1,1],8]
MAXIMUM [7024,16,[8,8,8,1,1,1,1],13]
MAXIMUM [7025,25,[25,5,1,1,1,1,1],8]
MAXIMUM [7026,15,[6,6,6,3,1,1,1],8]
MAXIMUM [7028,0,[1,1,1,1,1,1,1],8]
MAXIMUM [7029,33,[33,9,9,9,1,1,1],9]
MAXIMUM [7030,18,[10,10,2,2,2,1,1],8]
MAXIMUM [7032,18,[4,4,4,4,6,1,1],122]
MAXIMUM [7035,0,[1,1,1,1,1,1,1],8]
MAXIMUM [7036,14,[4,4,4,4,1,1,2],8]
MAXIMUM [7038,32,[17,23,3,3,3,3,1],216]
MAXIMUM [7040,74,[88,20,5,4,4,1,2],31]
MAXIMUM [7041,9,[3,3,3,3,1,1,1],8]
MAXIMUM [7044,12,[2,2,2,2,2,3,3],8]
MAXIMUM [7045,10,[5,5,1,1,1,1,1],8]
MAXIMUM [7047,32,[27,29,3,3,3,1,1],14]
MAXIMUM [7048,6,[2,2,2,2,2,1,1],50]
MAXIMUM [7050,60,[50,15,1,1,1,1,1],16]
MAXIMUM [7052,4,[1,1,1,1,1,1,1],8]
MAXIMUM [7053,3,[1,1,1,1,1,1,1],8]
MAXIMUM [7055,17,[17,5,5,1,1,1,1],8]
MAXIMUM [7056,0,[1,1,1,1,1,1,1],8]
MAXIMUM [7059,12,[3,3,3,3,1,1,1],8]
MAXIMUM [7060,25,[20,4,4,4,2,5,1],10]
MAXIMUM [7062,60,[66,6,3,3,2,2,2],9]
MAXIMUM [7064,26,[8,8,8,4,1,1,2],10]
MAXIMUM [7065,39,[45,9,3,3,1,1,1],18]
MAXIMUM [7068,31,[12,12,6,4,4,3,1],12]
MAXIMUM [7070,0,[1,1,1,1,1,1,1],8]
MAXIMUM [7071,6,[1,1,1,1,1,1,1],8]
MAXIMUM [7072,47,[16,16,17,8,2,2,1],46]
MAXIMUM [7074,53,[18,18,27,6,2,2,1],20]
MAXIMUM [7075,20,[25,5,1,1,1,1,1],10]
MAXIMUM [7076,38,[58,2,2,2,2,1,1],18]
MAXIMUM [7077,0,[1,1,1,1,1,1,1],8]
MAXIMUM [7080,68,[24,24,10,10,8,3,3],53]
MAXIMUM [7083,18,[9,9,9,3,1,1,1],10]
MAXIMUM [7084,0,[1,1,1,1,1,1,1],8]
MAXIMUM [7085,10,[5,5,1,1,1,1,1],8]
MAXIMUM [7086,12,[2,2,2,2,2,3,3],8]
MAXIMUM [7088,32,[16,16,4,4,2,1,1],11]
MAXIMUM [7089,13,[17,3,3,3,3,1,1],12]
MAXIMUM [7090,18,[10,10,2,2,2,1,1],9]
MAXIMUM [7092,61,[36,18,12,9,4,4,1],14]
MAXIMUM [7095,24,[11,15,15,1,1,1,1],13]
MAXIMUM [7096,10,[4,4,4,4,1,1,2],17]
MAXIMUM [7098,0,[1,1,1,1,1,1,1],8]
MAXIMUM [7100,40,[50,1,1,1,1,1,5],11]
MAXIMUM [7101,21,[27,3,3,3,1,1,1],13]
MAXIMUM [7104,74,[48,24,16,3,3,2,2],33]
MAXIMUM [7105,0,[1,1,1,1,1,1,1],8]
MAXIMUM [7107,28,[23,3,3,3,3,1,1],8]
MAXIMUM [7108,4,[1,1,1,1,1,1,1],8]
MAXIMUM [7110,75,[90,6,6,3,1,2,2],10]
MAXIMUM [7112,0,[1,1,1,1,1,1,1],8]
MAXIMUM [7113,6,[1,1,1,1,1,1,1],8]
MAXIMUM [7115,10,[5,5,1,1,1,1,1],8]
MAXIMUM [7116,18,[4,4,4,4,6,1,1],36]
MAXIMUM [7119,0,[1,1,1,1,1,1,1],8]
MAXIMUM [7120,38,[40,8,4,4,1,1,2],25]
MAXIMUM [7122,12,[3,3,3,3,1,1,1],17]
MAXIMUM [7124,10,[4,4,4,4,1,1,2],8]
MAXIMUM [7125,18,[25,3,3,3,3,5,1],16]
MAXIMUM [7128,128,[72,44,9,9,8,8,6],53]
MAXIMUM [7130,48,[46,2,2,2,2,5,5],9]
MAXIMUM [7131,6,[3,3,3,3,1,1,1],8]
MAXIMUM [7132,6,[2,2,2,2,2,1,1],22]
MAXIMUM [7134,30,[29,1,1,1,1,1,1],9]
MAXIMUM [7135,5,[1,1,1,1,1,1,1],8]
MAXIMUM [7136,16,[8,8,8,1,1,1,1],18]
MAXIMUM [7137,21,[9,9,9,1,1,1,3],8]
MAXIMUM [7140,0,[1,1,1,1,1,1,1],8]
MAXIMUM [7143,12,[3,3,3,3,1,1,1],8]
MAXIMUM [7144,16,[4,4,4,4,2,1,1],20]
MAXIMUM [7145,10,[5,5,1,1,1,1,1],8]
MAXIMUM [7146,24,[6,6,9,9,2,2,2],32]
MAXIMUM [7148,14,[4,4,4,4,1,1,2],8]
MAXIMUM [7149,9,[3,3,3,3,1,1,1],8]
MAXIMUM [7150,36,[50,5,11,1,1,1,1],16]
MAXIMUM [7152,55,[48,12,6,4,4,3,1],36]
MAXIMUM [7155,36,[15,15,9,9,1,1,1],11]
MAXIMUM [7156,10,[2,2,2,2,2,1,1],22]
MAXIMUM [7158,14,[6,6,6,2,2,1,1],8]
MAXIMUM [7160,28,[20,10,2,2,2,1,1],29]
MAXIMUM [7161,0,[1,1,1,1,1,1,1],8]
MAXIMUM [7164,36,[36,12,3,3,1,1,1],19]
MAXIMUM [7165,5,[5,5,1,1,1,1,1],8]
MAXIMUM [7167,9,[3,3,3,3,1,1,1],8]
MAXIMUM [7168,0,[1,1,1,1,1,1,1],8]
MAXIMUM [7170,60,[30,30,2,2,2,3,3],11]
MAXIMUM [7172,44,[44,4,4,4,2,1,1],10]
MAXIMUM [7173,6,[3,3,3,3,1,1,1],17]
MAXIMUM [7175,0,[1,1,1,1,1,1,1],8]
MAXIMUM [7176,62,[46,8,8,8,12,1,1],23]
MAXIMUM [7179,3,[1,1,1,1,1,1,1],8]
MAXIMUM [7180,26,[20,5,4,4,4,1,2],20]
MAXIMUM [7182,0,[1,1,1,1,1,1,1],8]
MAXIMUM [7184,38,[16,16,8,2,2,1,1],15]
MAXIMUM [7185,24,[15,15,3,3,1,1,1],14]
MAXIMUM [7188,20,[6,6,6,3,2,2,1],34]
MAXIMUM [7190,10,[5,5,1,1,1,1,1],11]
MAXIMUM [7191,69,[51,9,9,9,1,1,1],8]
MAXIMUM [7192,32,[29,8,8,8,1,1,1],12]
MAXIMUM [7194,42,[33,6,6,6,1,1,1],12]
MAXIMUM [7195,5,[5,5,1,1,1,1,1],8]
MAXIMUM [7196,0,[1,1,1,1,1,1,1],8]
MAXIMUM [7197,6,[1,1,1,1,1,1,1],8]
MAXIMUM [7200,164,[60,72,32,18,16,9,1],36]
MAXIMUM [7203,0,[1,1,1,1,1,1,1],8]
MAXIMUM [7204,14,[4,4,4,4,1,1,2],8]
MAXIMUM [7205,9,[11,1,1,1,1,1,1],8]
MAXIMUM [7206,12,[3,3,3,3,1,1,1],17]
MAXIMUM [7208,34,[34,4,4,4,4,1,1],18]
MAXIMUM [7209,36,[27,9,9,3,1,1,1],10]
MAXIMUM [7210,0,[1,1,1,1,1,1,1],8]
MAXIMUM [7212,12,[2,2,2,2,2,3,3],8]
MAXIMUM [7215,14,[5,5,3,3,3,3,1],16]
MAXIMUM [7216,46,[44,16,16,2,2,1,1],15]
MAXIMUM [7218,33,[18,18,9,1,1,1,3],10]
MAXIMUM [7220,20,[10,10,1,1,1,1,1],14]
MAXIMUM [7221,15,[29,1,1,1,1,1,1],8]
MAXIMUM [7224,0,[1,1,1,1,1,1,1],8]
MAXIMUM [7225,29,[25,17,5,1,1,1,1],10]
MAXIMUM [7227,33,[33,3,3,3,1,1,1],14]
MAXIMUM [7228,16,[4,4,4,4,2,1,1],8]
MAXIMUM [7230,42,[30,30,3,3,2,2,2],15]
MAXIMUM [7232,74,[64,8,8,4,1,1,2],16]
MAXIMUM [7233,9,[3,3,3,3,1,1,1],8]
MAXIMUM [7235,5,[5,5,1,1,1,1,1],8]
MAXIMUM [7236,73,[54,12,12,4,4,3,1],33]
MAXIMUM [7239,6,[1,1,1,1,1,1,1],8]
MAXIMUM [7240,30,[8,8,8,10,10,1,1],24]
MAXIMUM [7242,50,[51,6,6,6,2,2,1],9]
MAXIMUM [7244,6,[2,2,2,2,2,1,1],22]
MAXIMUM [7245,0,[1,1,1,1,1,1,1],8]
MAXIMUM [7248,52,[24,24,8,3,3,2,2],27]
MAXIMUM [7250,28,[25,29,5,1,1,1,1],35]
MAXIMUM [7251,9,[3,3,3,3,1,1,1],8]
MAXIMUM [7252,0,[1,1,1,1,1,1,1],8]
MAXIMUM [7254,30,[9,9,9,2,2,2,3],13]
MAXIMUM [7255,10,[5,5,1,1,1,1,1],8]
MAXIMUM [7256,16,[4,4,4,4,2,1,1],20]
MAXIMUM [7257,6,[3,3,3,3,1,1,1],8]
MAXIMUM [7260,84,[60,33,30,4,4,4,3],53]
MAXIMUM [7263,30,[27,9,9,1,1,1,3],11]
MAXIMUM [7264,26,[32,4,4,4,1,1,2],18]
MAXIMUM [7265,5,[5,5,1,1,1,1,1],8]
MAXIMUM [7266,0,[1,1,1,1,1,1,1],8]
MAXIMUM [7268,29,[23,2,2,2,2,2,1],37]
MAXIMUM [7269,12,[3,3,3,3,1,1,1],8]
MAXIMUM [7270,10,[2,2,2,2,2,5,5],8]
MAXIMUM [7272,72,[72,24,9,9,2,2,2],10]
MAXIMUM [7275,28,[15,25,3,3,3,1,1],15]
MAXIMUM [7276,18,[17,1,1,1,1,1,1],9]
MAXIMUM [7278,15,[6,6,6,3,1,1,1],8]
MAXIMUM [7280,0,[1,1,1,1,1,1,1],8]
MAXIMUM [7281,15,[9,9,9,1,1,1,3],8]
MAXIMUM [7284,18,[4,4,4,4,6,1,1],36]
MAXIMUM [7285,10,[5,5,1,1,1,1,1],8]
MAXIMUM [7287,0,[1,1,1,1,1,1,1],8]
MAXIMUM [7288,26,[8,8,8,4,1,1,2],10]
MAXIMUM [7290,64,[54,10,10,3,3,6,2],82]
MAXIMUM [7292,10,[4,4,4,4,1,1,2],8]
MAXIMUM [7293,48,[51,33,3,3,1,1,1],11]
MAXIMUM [7295,10,[5,5,1,1,1,1,1],8]
MAXIMUM [7296,80,[64,16,24,2,3,3,4],33]
MAXIMUM [7299,6,[3,3,3,3,1,1,1],17]
MAXIMUM [7300,29,[20,25,2,2,2,2,1],35]
MAXIMUM [7302,6,[1,1,1,1,1,1,1],8]
MAXIMUM [7304,28,[22,8,8,8,1,1,1],16]
MAXIMUM [7305,15,[15,15,1,1,1,1,1],8]
MAXIMUM [7308,0,[1,1,1,1,1,1,1],8]
MAXIMUM [7310,27,[17,10,10,2,2,2,1],15]
MAXIMUM [7311,12,[3,3,3,3,1,1,1],8]
MAXIMUM [7312,32,[16,16,4,4,2,1,1],11]
MAXIMUM [7314,33,[23,6,6,6,3,2,2],16]
MAXIMUM [7315,0,[1,1,1,1,1,1,1],8]
MAXIMUM [7316,14,[4,4,4,4,1,1,2],8]
MAXIMUM [7317,27,[9,9,9,3,1,1,1],12]
MAXIMUM [7320,63,[40,12,12,6,4,3,1],43]
MAXIMUM [7323,6,[1,1,1,1,1,1,1],8]
MAXIMUM [7324,10,[2,2,2,2,2,1,1],22]
MAXIMUM [7325,10,[5,5,1,1,1,1,1],10]
MAXIMUM [7326,53,[18,18,11,9,6,2,2],35]
MAXIMUM [7328,22,[16,16,2,2,2,1,1],33]
MAXIMUM [7329,0,[1,1,1,1,1,1,1],8]
MAXIMUM [7330,10,[5,5,1,1,1,1,1],11]
MAXIMUM [7332,24,[12,12,3,3,1,1,1],10]
MAXIMUM [7335,42,[45,9,3,3,1,1,1],15]
MAXIMUM [7336,0,[1,1,1,1,1,1,1],8]
MAXIMUM [7338,12,[2,2,2,2,2,3,3],8]
MAXIMUM [7340,25,[20,4,4,4,2,5,1],10]
MAXIMUM [7341,6,[3,3,3,3,1,1,1],8]
MAXIMUM [7344,91,[36,54,8,8,12,17,9],92]
MAXIMUM [7345,5,[1,1,1,1,1,1,1],8]
MAXIMUM [7347,3,[1,1,1,1,1,1,1],8]
MAXIMUM [7348,16,[11,4,4,4,4,1,2],17]
MAXIMUM [7350,0,[1,1,1,1,1,1,1],8]
MAXIMUM [7352,22,[8,8,8,2,2,1,1],10]
MAXIMUM [7353,12,[3,3,3,3,1,1,1],17]
MAXIMUM [7355,10,[5,5,1,1,1,1,1],8]
MAXIMUM [7356,20,[6,6,6,3,2,2,1],34]
MAXIMUM [7359,13,[11,3,3,3,3,1,1],12]
MAXIMUM [7360,74,[64,40,23,1,2,4,4],23]
MAXIMUM [7362,27,[18,18,6,3,1,2,2],14]
MAXIMUM [7364,0,[1,1,1,1,1,1,1],8]
MAXIMUM [7365,30,[15,15,1,1,1,1,1],8]
MAXIMUM [7366,58,[58,2,2,2,2,1,1],9]
MAXIMUM [7368,18,[4,4,4,4,6,1,1],122]
MAXIMUM [7370,21,[10,10,11,2,2,2,1],15]
MAXIMUM [7371,0,[1,1,1,1,1,1,1],8]
MAXIMUM [7372,14,[4,4,4,4,1,1,2],8]
MAXIMUM [7374,12,[3,3,3,3,1,1,1],17]
MAXIMUM [7375,25,[25,5,1,1,1,1,1],8]
MAXIMUM [7376,10,[4,4,4,4,1,1,2],31]
MAXIMUM [7377,9,[3,3,3,3,1,1,1],8]
MAXIMUM [7380,76,[30,36,9,9,10,2,2],48]
MAXIMUM [7383,9,[23,3,3,3,3,1,1],8]
MAXIMUM [7384,6,[2,2,2,2,2,1,1],50]
MAXIMUM [7385,0,[1,1,1,1,1,1,1],8]
MAXIMUM [7386,6,[1,1,1,1,1,1,1],8]
MAXIMUM [7388,4,[1,1,1,1,1,1,1],8]
MAXIMUM [7389,21,[9,9,9,1,1,1,3],8]
MAXIMUM [7390,10,[5,5,1,1,1,1,1],11]
MAXIMUM [7392,0,[1,1,1,1,1,1,1],8]
MAXIMUM [7395,54,[29,17,15,15,3,3,1],22]
MAXIMUM [7396,16,[4,4,4,4,2,1,1],8]
MAXIMUM [7398,42,[27,6,6,9,2,2,2],32]
MAXIMUM [7400,50,[50,5,1,1,1,1,1],17]
MAXIMUM [7401,9,[3,3,3,3,1,1,1],8]
MAXIMUM [7404,31,[12,12,6,4,4,3,1],12]
MAXIMUM [7405,5,[5,5,1,1,1,1,1],8]
MAXIMUM [7407,15,[9,9,9,1,1,1,3],8]
MAXIMUM [7408,38,[16,16,8,2,2,1,1],15]
MAXIMUM [7410,48,[30,30,2,2,2,3,3],9]
MAXIMUM [7412,34,[34,2,2,2,2,1,1],19]
MAXIMUM [7413,0,[1,1,1,1,1,1,1],8]
MAXIMUM [7415,5,[1,1,1,1,1,1,1],8]
MAXIMUM [7416,56,[24,36,8,8,3,3,2],40]
MAXIMUM [7419,9,[3,3,3,3,1,1,1],8]
MAXIMUM [7420,0,[1,1,1,1,1,1,1],8]
MAXIMUM [7422,12,[2,2,2,2,2,3,3],8]
MAXIMUM [7424,88,[58,32,16,4,4,1,1],26]
MAXIMUM [7425,69,[33,27,45,3,1,1,1],28]
MAXIMUM [7428,22,[12,12,4,4,1,1,2],11]
MAXIMUM [7430,20,[10,10,1,1,1,1,1],11]
MAXIMUM [7431,3,[1,1,1,1,1,1,1],8]
MAXIMUM [7432,10,[4,4,4,4,1,1,2],17]
MAXIMUM [7434,0,[1,1,1,1,1,1,1],8]
MAXIMUM [7435,10,[5,5,1,1,1,1,1],8]
MAXIMUM [7436,46,[44,2,2,2,2,1,1],18]
MAXIMUM [7437,12,[3,3,3,3,1,1,1],8]
MAXIMUM [7440,92,[48,20,30,16,6,3,1],43]
MAXIMUM [7443,27,[9,9,9,3,1,1,1],8]
MAXIMUM [7444,4,[1,1,1,1,1,1,1],8]
MAXIMUM [7445,5,[5,5,1,1,1,1,1],8]
MAXIMUM [7446,39,[34,6,6,6,3,1,2],10]
MAXIMUM [7448,0,[1,1,1,1,1,1,1],8]
MAXIMUM [7449,6,[1,1,1,1,1,1,1],8]
MAXIMUM [7450,40,[50,1,1,1,1,1,5],10]
MAXIMUM [7452,93,[46,18,18,27,4,4,3],58]
MAXIMUM [7455,0,[1,1,1,1,1,1,1],8]
MAXIMUM [7456,42,[32,8,8,4,1,1,2],23]
MAXIMUM [7458,66,[66,3,3,3,1,1,1],13]
MAXIMUM [7460,26,[20,5,4,4,4,1,2],20]
MAXIMUM [7464,40,[24,24,8,2,2,3,3],10]
MAXIMUM [7465,10,[5,5,1,1,1,1,1],8]
MAXIMUM [7468,6,[2,2,2,2,2,1,1],22]
MAXIMUM [7470,54,[15,15,18,18,2,2,2],22]
MAXIMUM [7472,16,[8,8,8,1,1,1,1],13]
MAXIMUM [7475,23,[23,25,5,1,1,1,1],11]
MAXIMUM [7476,0,[1,1,1,1,1,1,1],8]
MAXIMUM [7480,115,[88,34,20,4,4,5,1],12]
MAXIMUM [7482,52,[58,6,6,6,3,2,1],8]
MAXIMUM [7484,14,[4,4,4,4,1,1,2],8]
MAXIMUM [7485,27,[15,15,3,3,1,1,1],8]
MAXIMUM [7488,77,[48,32,12,18,4,3,1],113]
MAXIMUM [7490,0,[1,1,1,1,1,1,1],8]
MAXIMUM [7492,10,[2,2,2,2,2,1,1],22]
MAXIMUM [7494,14,[6,6,6,2,2,1,1],8]
MAXIMUM [7495,10,[5,5,1,1,1,1,1],8]
MAXIMUM [7496,6,[2,2,2,2,2,1,1],50]
MAXIMUM [7500,46,[50,15,3,3,3,1,1],51]
MAXIMUM [7504,0,[1,1,1,1,1,1,1],8]
MAXIMUM [7505,10,[5,5,1,1,1,1,1],8]
MAXIMUM [7506,30,[9,9,9,2,2,2,3],23]
MAXIMUM [7508,16,[4,4,4,4,2,1,1],8]
MAXIMUM [7510,18,[10,10,2,2,2,1,1],9]
MAXIMUM [7512,30,[8,8,8,12,1,1,2],27]
MAXIMUM [7515,28,[9,9,9,15,5,1,1],16]
MAXIMUM [7516,10,[4,4,4,4,1,1,2],8]
MAXIMUM [7518,0,[1,1,1,1,1,1,1],8]
MAXIMUM [7520,46,[16,16,8,10,10,1,1],55]
MAXIMUM [7524,66,[66,6,9,9,2,2,2],22]
MAXIMUM [7525,0,[1,1,1,1,1,1,1],8]
MAXIMUM [7528,16,[8,8,8,1,1,1,1],8]
MAXIMUM [7530,23,[5,5,6,6,6,3,1],56]
MAXIMUM [7532,0,[1,1,1,1,1,1,1],8]
MAXIMUM [7535,11,[5,5,11,1,1,1,1],9]
MAXIMUM [7536,50,[48,16,4,4,6,1,1],26]
MAXIMUM [7540,42,[29,4,4,4,4,5,10],9]
MAXIMUM [7542,12,[3,3,3,3,1,1,1],62]
MAXIMUM [7544,36,[46,4,4,4,4,1,1],17]
MAXIMUM [7545,13,[3,3,3,3,5,5,1],27]
MAXIMUM [7548,54,[51,2,2,2,3,3,3],10]
MAXIMUM [7550,30,[25,2,2,2,2,2,5],9]
MAXIMUM [7552,22,[16,16,2,2,2,1,1],44]
MAXIMUM [7554,6,[1,1,1,1,1,1,1],8]
MAXIMUM [7555,5,[1,1,1,1,1,1,1],8]
MAXIMUM [7556,4,[1,1,1,1,1,1,1],8]
MAXIMUM [7560,0,[1,1,1,1,1,1,1],8]
MAXIMUM [7564,16,[4,4,4,4,2,1,1],8]
MAXIMUM [7565,17,[17,5,5,1,1,1,1],10]
MAXIMUM [7566,20,[6,6,6,3,2,2,1],10]
MAXIMUM [7568,74,[88,4,4,4,1,1,2],10]
MAXIMUM [7570,20,[10,10,1,1,1,1,1],11]
MAXIMUM [7572,31,[12,12,6,4,4,3,1],12]
MAXIMUM [7575,35,[25,15,1,1,1,1,1],10]
MAXIMUM [7576,22,[8,8,8,2,2,1,1],10]
MAXIMUM [7578,44,[18,18,9,6,2,2,1],14]
MAXIMUM [7580,28,[20,10,2,2,2,1,1],17]
MAXIMUM [7584,52,[24,24,8,3,3,2,2],33]
MAXIMUM [7585,5,[5,5,1,1,1,1,1],8]
MAXIMUM [7588,0,[1,1,1,1,1,1,1],8]
MAXIMUM [7590,99,[66,30,46,15,2,2,3],35]
MAXIMUM [7592,16,[4,4,4,4,2,1,1],20]
MAXIMUM [7595,0,[1,1,1,1,1,1,1],8]
MAXIMUM [7596,61,[36,18,12,9,4,4,1],14]
MAXIMUM [7600,54,[40,25,4,4,1,1,1],13]
MAXIMUM [7602,0,[1,1,1,1,1,1,1],8]
MAXIMUM [7604,10,[2,2,2,2,2,1,1],22]
MAXIMUM [7605,51,[45,5,3,3,3,1,1],16]
MAXIMUM [7608,42,[24,24,3,3,2,2,2],12]
MAXIMUM [7610,10,[5,5,1,1,1,1,1],11]
MAXIMUM [7612,16,[22,1,1,1,1,1,1],9]
MAXIMUM [7614,63,[54,18,6,9,1,1,1],15]
MAXIMUM [7615,5,[5,5,1,1,1,1,1],8]
MAXIMUM [7616,0,[1,1,1,1,1,1,1],8]
MAXIMUM [7620,84,[60,30,4,4,4,3,3],11]
MAXIMUM [7624,26,[8,8,8,4,1,1,2],10]
MAXIMUM [7625,15,[25,1,1,1,1,1,5],8]
MAXIMUM [7626,12,[3,3,3,3,1,1,1],17]
MAXIMUM [7628,10,[4,4,4,4,1,1,2],8]
MAXIMUM [7630,0,[1,1,1,1,1,1,1],8]
MAXIMUM [7632,108,[72,16,16,9,9,2,3],27]
MAXIMUM [7635,14,[5,5,3,3,3,3,1],16]
MAXIMUM [7636,19,[23,2,2,2,2,2,1],37]
MAXIMUM [7638,6,[1,1,1,1,1,1,1],8]
MAXIMUM [7640,36,[40,8,1,1,2,4,4],19]
MAXIMUM [7644,0,[1,1,1,1,1,1,1],8]
MAXIMUM [7645,17,[11,5,5,1,1,1,1],10]
MAXIMUM [7648,48,[32,16,4,4,2,1,1],13]
MAXIMUM [7650,120,[90,34,6,6,3,2,1],21]
MAXIMUM [7652,14,[4,4,4,4,1,1,2],8]
MAXIMUM [7655,5,[5,5,1,1,1,1,1],8]
MAXIMUM [7656,87,[88,12,12,29,6,4,3],23]
MAXIMUM [7660,18,[10,10,2,2,2,1,1],25]
MAXIMUM [7662,14,[6,6,6,2,2,1,1],8]
MAXIMUM [7664,22,[16,16,2,2,2,1,1],18]
MAXIMUM [7665,0,[1,1,1,1,1,1,1],8]
MAXIMUM [7668,72,[54,36,12,9,1,1,1],14]
MAXIMUM [7670,10,[5,5,1,1,1,1,1],11]
MAXIMUM [7672,0,[1,1,1,1,1,1,1],8]
MAXIMUM [7674,12,[2,2,2,2,2,3,3],8]
MAXIMUM [7675,10,[5,5,1,1,1,1,1],10]
MAXIMUM [7676,16,[4,4,4,4,2,1,1],8]
MAXIMUM [7680,126,[64,60,30,8,8,3,3],34]
MAXIMUM [7684,34,[34,4,4,4,4,1,1],9]
MAXIMUM [7685,9,[29,5,5,1,1,1,1],10]
MAXIMUM [7686,0,[1,1,1,1,1,1,1],8]
MAXIMUM [7688,22,[8,8,8,2,2,1,1],10]
MAXIMUM [7690,10,[2,2,2,2,2,5,5],8]
MAXIMUM [7692,20,[6,6,6,3,2,2,1],34]
MAXIMUM [7695,39,[45,9,3,3,1,1,1],29]
MAXIMUM [7696,16,[8,8,8,1,1,1,1],13]
MAXIMUM [7698,15,[6,6,6,3,1,1,1],8]
MAXIMUM [7700,0,[1,1,1,1,1,1,1],8]
MAXIMUM [7704,84,[72,18,9,4,4,6,1],26]
MAXIMUM [7705,13,[5,5,23,1,1,1,1],10]
MAXIMUM [7708,14,[4,4,4,4,1,1,2],8]
MAXIMUM [7710,28,[10,10,3,3,3,3,1],56]
MAXIMUM [7712,26,[32,4,4,4,1,1,2],18]
MAXIMUM [7715,10,[5,5,1,1,1,1,1],8]
MAXIMUM [7716,12,[2,2,2,2,2,3,3],8]
MAXIMUM [7720,28,[20,10,2,2,2,1,1],29]
MAXIMUM [7722,69,[54,22,18,9,1,1,6],23]
MAXIMUM [7724,4,[1,1,1,1,1,1,1],8]
MAXIMUM [7725,30,[25,15,1,1,1,1,1],10]
MAXIMUM [7728,0,[1,1,1,1,1,1,1],8]
MAXIMUM [7730,18,[10,10,2,2,2,1,1],8]
MAXIMUM [7732,16,[4,4,4,4,2,1,1],8]
MAXIMUM [7734,20,[6,6,6,3,2,2,1],10]
MAXIMUM [7735,0,[1,1,1,1,1,1,1],8]
MAXIMUM [7736,26,[8,8,8,4,1,1,2],10]
MAXIMUM [7740,91,[90,12,12,4,4,3,1],19]
MAXIMUM [7744,106,[64,44,16,8,2,1,1],20]
MAXIMUM [7745,10,[5,5,1,1,1,1,1],8]
MAXIMUM [7746,14,[6,6,6,2,2,1,1],8]
MAXIMUM [7748,6,[2,2,2,2,2,1,1],22]
MAXIMUM [7750,50,[50,5,1,1,1,1,1],9]
MAXIMUM [7752,66,[24,24,34,8,3,3,2],26]
MAXIMUM [7755,25,[33,3,3,3,5,5,1],22]
MAXIMUM [7756,0,[1,1,1,1,1,1,1],8]
MAXIMUM [7758,30,[9,9,9,2,2,2,3],13]
MAXIMUM [7760,41,[16,16,20,4,2,5,1],19]
MAXIMUM [7764,22,[12,12,4,4,1,1,2],11]
MAXIMUM [7765,5,[1,1,1,1,1,1,1],8]
MAXIMUM [7768,10,[4,4,4,4,1,1,2],17]
MAXIMUM [7770,0,[1,1,1,1,1,1,1],8]
MAXIMUM [7772,58,[58,2,2,2,2,1,1],19]
MAXIMUM [7774,46,[46,2,2,2,2,1,1],9]
MAXIMUM [7775,20,[25,5,1,1,1,1,1],10]
MAXIMUM [7776,122,[48,72,27,16,9,2,2],27]
MAXIMUM [7780,20,[10,10,1,1,1,1,1],14]
MAXIMUM [7782,15,[6,6,6,3,1,1,1],8]
MAXIMUM [7784,0,[1,1,1,1,1,1,1],8]
MAXIMUM [7785,36,[15,15,9,9,1,1,1],9]
MAXIMUM [7788,46,[44,4,4,4,6,1,1],32]
MAXIMUM [7790,18,[10,10,2,2,2,1,1],9]
MAXIMUM [7792,26,[8,8,8,4,1,1,2],21]
MAXIMUM [7794,12,[3,3,3,3,1,1,1],62]
MAXIMUM [7795,5,[5,5,1,1,1,1,1],8]
MAXIMUM [7796,10,[4,4,4,4,1,1,2],8]
MAXIMUM [7800,72,[30,30,8,8,8,3,3],44]
MAXIMUM [7804,6,[2,2,2,2,2,1,1],22]
MAXIMUM [7805,0,[1,1,1,1,1,1,1],8]
MAXIMUM [7806,6,[1,1,1,1,1,1,1],8]
MAXIMUM [7808,48,[64,8,8,1,1,1,2],10]
MAXIMUM [7810,16,[11,5,5,1,1,1,1],22]
MAXIMUM [7812,0,[1,1,1,1,1,1,1],8]
MAXIMUM [7815,24,[15,15,3,3,1,1,1],14]
MAXIMUM [7816,16,[4,4,4,4,2,1,1],20]
MAXIMUM [7818,20,[6,6,6,3,2,2,1],10]
MAXIMUM [7820,52,[46,17,4,4,4,4,5],10]
MAXIMUM [7824,55,[48,12,6,4,4,3,1],36]
MAXIMUM [7825,10,[25,5,1,1,1,1,1],10]
MAXIMUM [7828,10,[2,2,2,2,2,1,1],22]
MAXIMUM [7830,112,[58,30,18,18,27,2,5],49]
MAXIMUM [7832,30,[44,2,2,2,2,1,1],41]
MAXIMUM [7835,5,[1,1,1,1,1,1,1],8]
MAXIMUM [7836,24,[12,12,3,3,1,1,1],10]
MAXIMUM [7840,0,[1,1,1,1,1,1,1],8]
MAXIMUM [7842,12,[2,2,2,2,2,3,3],8]
MAXIMUM [7844,16,[4,4,4,4,2,1,1],8]
MAXIMUM [7845,14,[5,5,3,3,3,3,1],16]
MAXIMUM [7848,69,[36,18,8,8,8,9,3],42]
MAXIMUM [7850,35,[50,5,1,1,1,1,1],10]
MAXIMUM [7852,10,[4,4,4,4,1,1,2],8]
MAXIMUM [7854,0,[1,1,1,1,1,1,1],8]
MAXIMUM [7855,10,[5,5,1,1,1,1,1],8]
MAXIMUM [7856,38,[16,16,8,2,2,1,1],15]
MAXIMUM [7860,48,[20,30,6,6,3,2,1],39]
MAXIMUM [7864,16,[8,8,8,1,1,1,1],8]
MAXIMUM [7865,14,[11,5,5,1,1,1,1],8]
MAXIMUM [7866,53,[46,18,18,6,3,1,2],13]
MAXIMUM [7868,0,[1,1,1,1,1,1,1],8]
MAXIMUM [7870,18,[10,10,2,2,2,1,1],8]
MAXIMUM [7872,66,[32,48,4,4,6,1,1],48]
MAXIMUM [7875,0,[1,1,1,1,1,1,1],8]
MAXIMUM [7876,32,[22,4,4,4,4,1,1],13]
MAXIMUM [7878,12,[3,3,3,3,1,1,1],17]
MAXIMUM [7880,44,[40,5,4,4,1,1,1],15]
MAXIMUM [7884,48,[36,9,9,2,2,2,3],33]
MAXIMUM [7885,10,[5,5,1,1,1,1,1],8]
MAXIMUM [7888,82,[58,34,16,16,2,1,1],19]
MAXIMUM [7890,30,[15,15,1,1,1,1,1],11]
MAXIMUM [7892,4,[1,1,1,1,1,1,1],8]
MAXIMUM [7895,5,[5,5,1,1,1,1,1],8]
MAXIMUM [7896,0,[1,1,1,1,1,1,1],8]
MAXIMUM [7900,45,[25,20,4,4,4,2,1],10]
MAXIMUM [7902,24,[6,6,9,9,2,2,2],32]
MAXIMUM [7904,42,[32,8,8,4,1,1,2],23]
MAXIMUM [7905,69,[51,15,15,3,1,1,1],11]
MAXIMUM [7908,31,[12,12,6,4,4,3,1],12]
MAXIMUM [7910,0,[1,1,1,1,1,1,1],8]
MAXIMUM [7912,41,[23,8,8,8,2,2,1],16]
MAXIMUM [7914,14,[6,6,6,2,2,1,1],8]
MAXIMUM [7915,10,[5,5,1,1,1,1,1],8]
MAXIMUM [7916,6,[2,2,2,2,2,1,1],22]
MAXIMUM [7920,136,[66,45,24,10,8,8,3],109]
MAXIMUM [7924,0,[1,1,1,1,1,1,1],8]
MAXIMUM [7925,25,[25,5,1,1,1,1,1],8]
MAXIMUM [7926,12,[2,2,2,2,2,3,3],8]
MAXIMUM [7928,16,[4,4,4,4,2,1,1],20]
MAXIMUM [7930,18,[10,10,2,2,2,1,1],9]
MAXIMUM [7932,22,[12,12,4,4,1,1,2],11]
MAXIMUM [7935,31,[23,15,15,1,1,1,1],10]
MAXIMUM [7936,26,[32,4,4,4,1,1,2],32]
MAXIMUM [7938,0,[1,1,1,1,1,1,1],8]
MAXIMUM [7940,18,[10,10,2,2,2,1,1],25]
MAXIMUM [7944,42,[24,24,3,3,2,2,2],12]
MAXIMUM [7945,0,[1,1,1,1,1,1,1],8]
MAXIMUM [7948,4,[1,1,1,1,1,1,1],8]
MAXIMUM [7950,33,[25,5,6,6,6,3,1],26]
MAXIMUM [7952,0,[1,1,1,1,1,1,1],8]
MAXIMUM [7955,10,[5,5,1,1,1,1,1],8]
MAXIMUM [7956,84,[51,18,18,9,4,4,4],20]
MAXIMUM [7960,38,[40,8,4,4,1,1,2],17]
MAXIMUM [7962,12,[3,3,3,3,1,1,1],17]
MAXIMUM [7964,16,[11,4,4,4,4,1,2],17]
MAXIMUM [7965,60,[45,27,3,3,1,1,1],10]
MAXIMUM [7968,48,[16,16,24,2,2,3,3],31]
MAXIMUM [7970,10,[2,2,2,2,2,5,5],8]
MAXIMUM [7972,6,[2,2,2,2,2,1,1],22]
MAXIMUM [7974,33,[18,18,9,1,1,1,3],10]
MAXIMUM [7975,39,[29,25,11,1,1,1,5],10]
MAXIMUM [7976,16,[8,8,8,1,1,1,1],8]
MAXIMUM [7980,0,[1,1,1,1,1,1,1],8]
MAXIMUM [7984,32,[16,16,4,4,2,1,1],11]
MAXIMUM [7985,10,[5,5,1,1,1,1,1],8]
MAXIMUM [7986,60,[66,6,3,3,2,2,2],9]
MAXIMUM [7988,14,[4,4,4,4,1,1,2],8]
MAXIMUM [7990,34,[17,10,10,1,1,1,1],19]
MAXIMUM [7992,73,[54,12,12,4,4,3,1],96]
MAXIMUM [7995,30,[15,15,1,1,1,1,1],8]
MAXIMUM [7996,10,[2,2,2,2,2,1,1],22]
MAXIMUM [7998,14,[6,6,6,2,2,1,1],8]
MAXIMUM [8000,45,[20,16,16,25,2,2,1],89]
MAXIMUM [8004,46,[29,12,12,23,3,3,1],40]
MAXIMUM [8005,5,[5,5,1,1,1,1,1],8]
MAXIMUM [8008,0,[1,1,1,1,1,1,1],8]
MAXIMUM [8010,72,[30,30,9,9,2,2,2],18]
MAXIMUM [8012,16,[4,4,4,4,2,1,1],8]
MAXIMUM [8015,0,[1,1,1,1,1,1,1],8]
MAXIMUM [8016,30,[8,8,8,12,1,1,2],71]
MAXIMUM [8020,26,[20,5,4,4,4,1,2],20]
MAXIMUM [8022,0,[1,1,1,1,1,1,1],8]
MAXIMUM [8024,31,[17,8,8,8,2,2,1],19]
MAXIMUM [8025,24,[15,15,3,3,1,1,1],20]
MAXIMUM [8028,24,[6,6,9,9,2,2,2],77]
MAXIMUM [8030,28,[22,5,5,1,1,1,1],12]
MAXIMUM [8032,16,[8,8,8,1,1,1,1],18]
MAXIMUM [8034,15,[6,6,6,3,1,1,1],8]
MAXIMUM [8035,5,[5,5,1,1,1,1,1],8]
MAXIMUM [8036,0,[1,1,1,1,1,1,1],8]
MAXIMUM [8040,84,[60,30,4,4,4,3,3],17]
MAXIMUM [8044,14,[4,4,4,4,1,1,2],8]
MAXIMUM [8045,5,[1,1,1,1,1,1,1],8]
MAXIMUM [8046,48,[54,3,3,6,2,2,2],19]
MAXIMUM [8048,10,[4,4,4,4,1,1,2],31]
MAXIMUM [8050,0,[1,1,1,1,1,1,1],8]
MAXIMUM [8052,48,[44,2,2,2,2,3,3],10]
MAXIMUM [8055,28,[45,5,3,3,3,1,1],13]
MAXIMUM [8056,6,[2,2,2,2,2,1,1],50]
MAXIMUM [8058,27,[51,1,1,1,3,3,3],10]
MAXIMUM [8060,20,[10,10,1,1,1,1,1],14]
MAXIMUM [8064,0,[1,1,1,1,1,1,1],8]
MAXIMUM [8065,10,[5,5,1,1,1,1,1],8]
MAXIMUM [8068,16,[4,4,4,4,2,1,1],8]
MAXIMUM [8070,42,[30,30,3,3,2,2,2],15]
MAXIMUM [8072,26,[8,8,8,4,1,1,2],10]
MAXIMUM [8075,27,[25,17,5,1,1,1,1],9]
MAXIMUM [8076,31,[12,12,6,4,4,3,1],12]
MAXIMUM [8080,46,[16,16,8,10,10,1,1],29]
MAXIMUM [8082,44,[18,18,9,6,2,2,1],14]
MAXIMUM [8084,6,[2,2,2,2,2,1,1],22]
MAXIMUM [8085,0,[1,1,1,1,1,1,1],8]
MAXIMUM [8088,52,[24,24,8,3,3,2,2],13]
MAXIMUM [8090,10,[5,5,1,1,1,1,1],11]
MAXIMUM [8092,0,[1,1,1,1,1,1,1],8]
MAXIMUM [8094,12,[2,2,2,2,2,3,3],8]
MAXIMUM [8095,10,[5,5,1,1,1,1,1],8]
MAXIMUM [8096,126,[88,46,4,4,4,1,1],21]
MAXIMUM [8100,115,[60,36,54,9,4,4,1],36]
MAXIMUM [8104,10,[4,4,4,4,1,1,2],17]
MAXIMUM [8105,5,[5,5,1,1,1,1,1],8]
MAXIMUM [8106,0,[1,1,1,1,1,1,1],8]
MAXIMUM [8108,10,[2,2,2,2,2,1,1],22]
MAXIMUM [8110,10,[2,2,2,2,2,5,5],8]
MAXIMUM [8112,74,[48,24,16,3,3,2,2],16]
MAXIMUM [8115,27,[15,15,3,3,1,1,1],8]
MAXIMUM [8116,4,[1,1,1,1,1,1,1],8]
MAXIMUM [8118,54,[33,18,18,6,1,2,2],14]
MAXIMUM [8120,0,[1,1,1,1,1,1,1],8]
MAXIMUM [8124,18,[4,4,4,4,6,1,1],36]
MAXIMUM [8125,20,[25,5,1,1,1,1,1],10]
MAXIMUM [8128,74,[64,8,8,4,1,1,2],16]
MAXIMUM [8130,28,[10,10,3,3,3,3,1],56]
MAXIMUM [8132,10,[4,4,4,4,1,1,2],8]
MAXIMUM [8135,10,[5,5,1,1,1,1,1],8]
MAXIMUM [8136,100,[72,24,9,9,8,2,2],16]
MAXIMUM [8140,52,[44,20,10,2,2,1,1],16]
MAXIMUM [8142,38,[46,1,1,2,2,2,2],9]
MAXIMUM [8144,16,[8,8,8,1,1,1,1],13]
MAXIMUM [8145,28,[9,9,9,15,5,1,1],16]
MAXIMUM [8148,0,[1,1,1,1,1,1,1],8]
MAXIMUM [8150,40,[50,1,1,1,1,1,5],10]
MAXIMUM [8152,16,[4,4,4,4,2,1,1],20]
MAXIMUM [8154,42,[27,6,6,9,2,2,2],32]
MAXIMUM [8155,0,[1,1,1,1,1,1,1],8]
MAXIMUM [8156,14,[4,4,4,4,1,1,2],8]
MAXIMUM [8160,114,[48,60,34,32,4,1,1],48]
MAXIMUM [8164,10,[2,2,2,2,2,1,1],22]
MAXIMUM [8165,16,[23,5,5,1,1,1,1],10]
MAXIMUM [8166,14,[6,6,6,2,2,1,1],8]
MAXIMUM [8168,6,[2,2,2,2,2,1,1],50]
MAXIMUM [8170,10,[5,5,1,1,1,1,1],11]
MAXIMUM [8172,36,[36,12,3,3,1,1,1],19]
MAXIMUM [8175,18,[25,3,3,3,3,5,1],16]
MAXIMUM [8176,0,[1,1,1,1,1,1,1],8]
MAXIMUM [8178,60,[58,2,2,2,2,3,3],9]
MAXIMUM [8180,25,[20,4,4,4,2,5,1],10]
MAXIMUM [8184,82,[88,12,12,4,1,1,2],14]
MAXIMUM [8185,5,[1,1,1,1,1,1,1],8]
MAXIMUM [8188,36,[46,4,4,4,4,1,1],8]
MAXIMUM [8190,0,[1,1,1,1,1,1,1],8]
MAXIMUM [8192,70,[64,16,8,2,4,1,1],15]
MAXIMUM [8195,16,[11,5,5,1,1,1,1],10]
MAXIMUM [8196,20,[6,6,6,3,2,2,1],34]
MAXIMUM [8200,36,[40,8,1,1,2,4,4],22]
MAXIMUM [8202,15,[6,6,6,3,1,1,1],8]
MAXIMUM [8204,0,[1,1,1,1,1,1,1],8]
MAXIMUM [8205,30,[15,15,1,1,1,1,1],8]
MAXIMUM [8208,115,[72,48,27,16,9,2,2],39]
MAXIMUM [8210,18,[10,10,2,2,2,1,1],9]
MAXIMUM [8212,14,[4,4,4,4,1,1,2],8]
MAXIMUM [8214,12,[3,3,3,3,1,1,1],17]
MAXIMUM [8215,5,[5,5,1,1,1,1,1],8]
MAXIMUM [8216,10,[4,4,4,4,1,1,2],17]
MAXIMUM [8220,60,[30,30,2,2,2,3,3],13]
MAXIMUM [8224,22,[16,16,2,2,2,1,1],33]
MAXIMUM [8225,0,[1,1,1,1,1,1,1],8]
MAXIMUM [8226,33,[18,18,9,1,1,1,3],10]
MAXIMUM [8228,30,[17,22,1,1,1,1,1],14]
MAXIMUM [8230,10,[5,5,1,1,1,1,1],11]
MAXIMUM [8232,0,[1,1,1,1,1,1,1],8]
MAXIMUM [8235,57,[45,27,3,3,1,1,1],14]
MAXIMUM [8236,56,[58,4,4,4,4,1,1],9]
MAXIMUM [8238,20,[6,6,6,3,2,2,1],10]
MAXIMUM [8240,38,[40,8,4,4,1,1,2],25]
MAXIMUM [8244,37,[12,12,18,4,4,3,1],30]
MAXIMUM [8245,17,[17,5,5,1,1,1,1],8]
MAXIMUM [8248,22,[8,8,8,2,2,1,1],10]
MAXIMUM [8250,62,[25,30,33,6,6,2,2],47]
MAXIMUM [8252,6,[2,2,2,2,2,1,1],22]
MAXIMUM [8255,5,[1,1,1,1,1,1,1],8]
MAXIMUM [8256,84,[64,24,24,3,3,2,2],20]
MAXIMUM [8260,0,[1,1,1,1,1,1,1],8]
MAXIMUM [8262,72,[51,9,9,9,2,2,2],20]
MAXIMUM [8264,16,[4,4,4,4,2,1,1],20]
MAXIMUM [8265,22,[29,5,5,3,3,3,3],16]
MAXIMUM [8268,22,[12,12,4,4,1,1,2],11]
MAXIMUM [8270,20,[10,10,1,1,1,1,1],11]
MAXIMUM [8272,58,[88,4,4,4,1,1,2],8]
MAXIMUM [8274,0,[1,1,1,1,1,1,1],8]
MAXIMUM [8275,25,[25,5,1,1,1,1,1],8]
MAXIMUM [8276,10,[2,2,2,2,2,1,1],22]
MAXIMUM [8280,117,[90,24,23,6,3,2,2],70]
MAXIMUM [8284,4,[1,1,1,1,1,1,1],8]
MAXIMUM [8285,5,[5,5,1,1,1,1,1],8]
MAXIMUM [8286,15,[6,6,6,3,1,1,1],8]
MAXIMUM [8288,0,[1,1,1,1,1,1,1],8]
MAXIMUM [8290,18,[10,10,2,2,2,1,1],8]
MAXIMUM [8292,18,[4,4,4,4,6,1,1],36]
MAXIMUM [8295,0,[1,1,1,1,1,1,1],8]
MAXIMUM [8296,30,[8,8,8,17,4,1,2],17]
MAXIMUM [8298,12,[3,3,3,3,1,1,1],62]
MAXIMUM [8300,36,[20,25,4,4,4,1,2],15]
MAXIMUM [8304,48,[16,16,24,2,2,3,3],21]
MAXIMUM [8305,11,[5,5,11,1,1,1,1],9]
MAXIMUM [8308,6,[2,2,2,2,2,1,1],22]
MAXIMUM [8310,30,[15,15,1,1,1,1,1],11]
MAXIMUM [8312,16,[8,8,8,1,1,1,1],8]
MAXIMUM [8315,5,[5,5,1,1,1,1,1],8]
MAXIMUM [8316,0,[1,1,1,1,1,1,1],8]
MAXIMUM [8320,57,[32,16,20,4,2,5,1],39]
MAXIMUM [8322,20,[6,6,6,3,2,2,1],10]
MAXIMUM [8324,14,[4,4,4,4,1,1,2],8]
MAXIMUM [8325,46,[15,25,9,9,9,1,1],29]
MAXIMUM [8328,31,[12,12,6,4,4,3,1],40]
MAXIMUM [8330,0,[1,1,1,1,1,1,1],8]
MAXIMUM [8332,10,[2,2,2,2,2,1,1],22]
MAXIMUM [8334,44,[18,18,9,6,2,2,1],14]
MAXIMUM [8335,10,[5,5,1,1,1,1,1],8]
MAXIMUM [8336,22,[16,16,2,2,2,1,1],18]
MAXIMUM [8340,40,[10,10,12,12,3,3,1],58]
MAXIMUM [8344,0,[1,1,1,1,1,1,1],8]
MAXIMUM [8345,10,[5,5,1,1,1,1,1],8]
MAXIMUM [8346,12,[2,2,2,2,2,3,3],8]
MAXIMUM [8348,16,[4,4,4,4,2,1,1],8]
MAXIMUM [8350,19,[10,25,2,2,2,2,1],19]
MAXIMUM [8352,109,[36,29,32,18,8,12,9],59]
MAXIMUM [8355,15,[15,15,1,1,1,1,1],8]
MAXIMUM [8356,10,[4,4,4,4,1,1,2],8]
MAXIMUM [8358,0,[1,1,1,1,1,1,1],8]
MAXIMUM [8360,62,[44,8,8,8,10,1,1],27]
MAXIMUM [8364,48,[34,6,6,6,3,2,1],30]
MAXIMUM [8365,0,[1,1,1,1,1,1,1],8]
MAXIMUM [8368,16,[8,8,8,1,1,1,1],13]
MAXIMUM [8370,75,[90,6,6,3,1,2,2],32]
MAXIMUM [8372,0,[1,1,1,1,1,1,1],8]
MAXIMUM [8375,10,[5,5,1,1,1,1,1],10]
MAXIMUM [8376,18,[4,4,4,4,6,1,1],122]
MAXIMUM [8380,18,[4,4,4,4,5,5,2],42]
MAXIMUM [8382,66,[66,3,3,3,1,1,1],13]
MAXIMUM [8384,26,[32,4,4,4,1,1,2],32]
MAXIMUM [8385,13,[3,3,3,3,5,5,1],27]
MAXIMUM [8388,48,[36,9,9,2,2,2,3],18]
MAXIMUM [8390,10,[2,2,2,2,2,5,5],8]
MAXIMUM [8392,6,[2,2,2,2,2,1,1],50]
MAXIMUM [8394,6,[1,1,1,1,1,1,1],8]
MAXIMUM [8395,24,[23,1,1,1,1,1,1],8]
MAXIMUM [8396,4,[1,1,1,1,1,1,1],8]
MAXIMUM [8400,0,[1,1,1,1,1,1,1],8]
MAXIMUM [8404,44,[44,4,4,4,2,1,1],10]
MAXIMUM [8405,10,[5,5,1,1,1,1,1],8]
MAXIMUM [8406,24,[6,6,9,9,2,2,2],32]
MAXIMUM [8408,26,[8,8,8,4,1,1,2],10]
MAXIMUM [8410,36,[29,10,10,1,1,1,1],19]
MAXIMUM [8412,31,[12,12,6,4,4,3,1],12]
MAXIMUM [8415,69,[51,33,15,15,1,1,1],22]
MAXIMUM [8416,38,[16,16,8,2,2,1,1],24]
MAXIMUM [8418,52,[46,6,6,6,2,1,1],9]
MAXIMUM [8420,28,[20,10,2,2,2,1,1],17]
MAXIMUM [8424,92,[54,24,36,8,8,9,1],22]
MAXIMUM [8425,25,[25,5,1,1,1,1,1],8]
MAXIMUM [8428,0,[1,1,1,1,1,1,1],8]
MAXIMUM [8430,60,[30,30,2,2,2,3,3],11]
MAXIMUM [8432,50,[34,16,16,4,4,1,1],12]
MAXIMUM [8435,0,[1,1,1,1,1,1,1],8]
MAXIMUM [8436,22,[12,12,4,4,1,1,2],11]
MAXIMUM [8440,44,[40,5,4,4,1,1,1],15]
MAXIMUM [8442,0,[1,1,1,1,1,1,1],8]
MAXIMUM [8444,10,[2,2,2,2,2,1,1],22]
MAXIMUM [8445,24,[15,15,3,3,1,1,1],14]
MAXIMUM [8448,104,[66,48,16,3,3,2,2],38]
MAXIMUM [8450,50,[50,5,1,1,1,1,1],9]
MAXIMUM [8452,4,[1,1,1,1,1,1,1],8]
MAXIMUM [8454,15,[6,6,6,3,1,1,1],8]
MAXIMUM [8455,5,[5,5,1,1,1,1,1],8]
MAXIMUM [8456,0,[1,1,1,1,1,1,1],8]
MAXIMUM [8460,96,[60,30,9,9,4,4,4],34]
MAXIMUM [8464,58,[46,8,8,8,4,1,1],16]
MAXIMUM [8465,5,[1,1,1,1,1,1,1],8]
MAXIMUM [8466,26,[17,3,3,3,3,1,1],38]
MAXIMUM [8468,18,[29,4,4,4,4,1,2],13]
MAXIMUM [8470,0,[1,1,1,1,1,1,1],8]
MAXIMUM [8472,40,[24,24,8,2,2,3,3],10]
MAXIMUM [8475,24,[25,5,3,3,3,3,1],17]
MAXIMUM [8476,6,[2,2,2,2,2,1,1],22]
MAXIMUM [8478,51,[54,18,9,1,1,1,6],11]
MAXIMUM [8480,36,[40,8,1,1,2,4,4],41]
MAXIMUM [8484,0,[1,1,1,1,1,1,1],8]
MAXIMUM [8485,10,[5,5,1,1,1,1,1],8]
MAXIMUM [8488,16,[4,4,4,4,2,1,1],20]
MAXIMUM [8490,42,[30,30,3,3,2,2,2],15]
MAXIMUM [8492,32,[22,4,4,4,4,1,1],13]
MAXIMUM [8495,5,[5,5,1,1,1,1,1],8]
MAXIMUM [8496,61,[48,12,18,4,4,3,1],92]
MAXIMUM [8500,49,[50,17,1,1,1,1,5],13]
MAXIMUM [8502,14,[6,6,6,2,2,1,1],8]
MAXIMUM [8504,6,[2,2,2,2,2,1,1],50]
MAXIMUM [8505,0,[1,1,1,1,1,1,1],8]
MAXIMUM [8508,24,[12,12,3,3,1,1,1],10]
MAXIMUM [8510,36,[46,5,5,2,2,2,2],11]
MAXIMUM [8512,0,[1,1,1,1,1,1,1],8]
MAXIMUM [8514,66,[66,9,9,9,2,2,2],12]
MAXIMUM [8515,10,[5,5,1,1,1,1,1],8]
MAXIMUM [8516,16,[4,4,4,4,2,1,1],8]
MAXIMUM [8520,78,[60,30,8,8,8,3,3],24]
MAXIMUM [8524,10,[4,4,4,4,1,1,2],8]
MAXIMUM [8525,13,[25,11,5,1,1,1,1],14]
MAXIMUM [8526,0,[1,1,1,1,1,1,1],8]
MAXIMUM [8528,38,[16,16,8,2,2,1,1],15]
MAXIMUM [8530,10,[2,2,2,2,2,5,5],8]
MAXIMUM [8532,42,[27,6,6,9,2,2,2],72]
MAXIMUM [8535,27,[15,15,3,3,1,1,1],8]
MAXIMUM [8536,28,[22,8,8,8,1,1,1],16]
MAXIMUM [8538,15,[6,6,6,3,1,1,1],8]
MAXIMUM [8540,0,[1,1,1,1,1,1,1],8]
MAXIMUM [8544,66,[32,48,4,4,6,1,1],29]
MAXIMUM [8545,10,[5,5,1,1,1,1,1],8]
MAXIMUM [8548,14,[4,4,4,4,1,1,2],8]
MAXIMUM [8550,76,[45,50,3,3,3,1,1],12]
MAXIMUM [8552,10,[4,4,4,4,1,1,2],17]
MAXIMUM [8555,34,[29,5,5,1,1,1,1],8]
MAXIMUM [8556,30,[23,2,2,2,2,2,3],9]
MAXIMUM [8560,44,[20,16,16,10,2,1,1],22]
MAXIMUM [8562,6,[1,1,1,1,1,1,1],8]
MAXIMUM [8564,4,[1,1,1,1,1,1,1],8]
MAXIMUM [8565,15,[15,15,1,1,1,1,1],8]
MAXIMUM [8568,0,[1,1,1,1,1,1,1],8]
MAXIMUM [8570,18,[10,10,2,2,2,1,1],8]
MAXIMUM [8572,16,[4,4,4,4,2,1,1],8]
MAXIMUM [8574,20,[6,6,6,3,2,2,1],10]
MAXIMUM [8575,0,[1,1,1,1,1,1,1],8]
MAXIMUM [8576,74,[64,8,8,4,1,1,2],16]
MAXIMUM [8580,82,[60,33,12,6,4,4,1],24]
MAXIMUM [8584,70,[58,8,8,8,2,1,1],10]
MAXIMUM [8585,24,[17,5,5,1,1,1,1],10]
MAXIMUM [8586,53,[18,18,27,6,2,2,1],20]
MAXIMUM [8588,6,[2,2,2,2,2,1,1],22]
MAXIMUM [8590,10,[5,5,1,1,1,1,1],11]
MAXIMUM [8592,52,[24,24,8,3,3,2,2],27]
MAXIMUM [8595,42,[45,9,3,3,1,1,1],15]
MAXIMUM [8596,0,[1,1,1,1,1,1,1],8]
MAXIMUM [8598,12,[2,2,2,2,2,3,3],8]
MAXIMUM [8600,45,[25,20,4,4,4,2,1],23]
MAXIMUM [8602,50,[34,23,11,2,2,2,2],17]
MAXIMUM [8604,61,[36,18,12,9,4,4,1],14]
MAXIMUM [8605,5,[1,1,1,1,1,1,1],8]
MAXIMUM [8608,26,[32,4,4,4,1,1,2],18]
MAXIMUM [8610,0,[1,1,1,1,1,1,1],8]
MAXIMUM [8612,10,[2,2,2,2,2,1,1],22]
MAXIMUM [8615,10,[5,5,1,1,1,1,1],8]
MAXIMUM [8616,42,[24,24,3,3,2,2,2],12]
MAXIMUM [8620,20,[10,10,1,1,1,1,1],14]
MAXIMUM [8622,27,[18,18,6,3,1,2,2],14]
MAXIMUM [8624,0,[1,1,1,1,1,1,1],8]
MAXIMUM [8625,44,[25,15,23,1,1,1,1],14]
MAXIMUM [8628,18,[4,4,4,4,6,1,1],36]
MAXIMUM [8630,18,[10,10,2,2,2,1,1],9]
MAXIMUM [8632,26,[8,8,8,4,1,1,2],10]
MAXIMUM [8634,12,[3,3,3,3,1,1,1],17]
MAXIMUM [8635,14,[11,5,5,1,1,1,1],8]
MAXIMUM [8636,34,[34,4,4,4,4,1,1],9]
MAXIMUM [8640,168,[72,64,30,16,9,9,20],55]
MAXIMUM [8644,6,[2,2,2,2,2,1,1],22]
MAXIMUM [8645,0,[1,1,1,1,1,1,1],8]
MAXIMUM [8646,24,[22,1,1,1,1,1,1],11]
MAXIMUM [8648,22,[23,8,8,8,1,1,1],15]
MAXIMUM [8650,20,[25,5,1,1,1,1,1],16]
MAXIMUM [8652,0,[1,1,1,1,1,1,1],8]
MAXIMUM [8655,24,[15,15,3,3,1,1,1],14]
MAXIMUM [8656,32,[16,16,4,4,2,1,1],11]
MAXIMUM [8658,24,[6,6,9,9,2,2,2],32]
MAXIMUM [8660,18,[4,4,4,4,5,5,2],42]
MAXIMUM [8664,31,[12,12,6,4,4,3,1],40]
MAXIMUM [8665,5,[5,5,1,1,1,1,1],8]
MAXIMUM [8668,46,[44,2,2,2,2,1,1],18]
MAXIMUM [8670,84,[51,30,30,2,2,2,3],14]
MAXIMUM [8672,22,[16,16,2,2,2,1,1],33]
MAXIMUM [8675,15,[25,1,1,1,1,1,5],8]
MAXIMUM [8676,36,[36,12,3,3,1,1,1],19]
MAXIMUM [8680,0,[1,1,1,1,1,1,1],8]
MAXIMUM [8682,12,[2,2,2,2,2,3,3],8]
MAXIMUM [8684,16,[4,4,4,4,2,1,1],8]
MAXIMUM [8685,28,[45,5,3,3,3,1,1],13]
MAXIMUM [8688,30,[8,8,8,12,1,1,2],71]
MAXIMUM [8690,32,[22,10,10,1,1,1,1],13]
MAXIMUM [8692,10,[4,4,4,4,1,1,2],8]
MAXIMUM [8694,0,[1,1,1,1,1,1,1],8]
MAXIMUM [8695,10,[5,5,1,1,1,1,1],8]
MAXIMUM [8696,22,[8,8,8,2,2,1,1],10]
MAXIMUM [8700,80,[58,20,30,6,6,3,1],27]
MAXIMUM [8704,62,[64,17,8,8,1,1,2],21]
MAXIMUM [8705,5,[5,5,1,1,1,1,1],8]
MAXIMUM [8706,15,[6,6,6,3,1,1,1],8]
MAXIMUM [8708,0,[1,1,1,1,1,1,1],8]
MAXIMUM [8710,18,[10,10,2,2,2,1,1],8]
MAXIMUM [8712,120,[88,18,36,9,4,4,3],25]
MAXIMUM [8715,0,[1,1,1,1,1,1,1],8]
MAXIMUM [8716,14,[4,4,4,4,1,1,2],8]
MAXIMUM [8718,12,[3,3,3,3,1,1,1],17]
MAXIMUM [8720,44,[40,5,4,4,1,1,1],18]
MAXIMUM [8721,63,[51,27,9,9,1,1,1],12]
MAXIMUM [8724,12,[2,2,2,2,2,3,3],8]
MAXIMUM [8725,10,[5,5,1,1,1,1,1],10]
MAXIMUM [8728,6,[2,2,2,2,2,1,1],50]
MAXIMUM [8730,54,[15,15,18,18,2,2,2],22]
MAXIMUM [8732,4,[1,1,1,1,1,1,1],8]
MAXIMUM [8735,5,[5,5,1,1,1,1,1],8]
MAXIMUM [8736,0,[1,1,1,1,1,1,1],8]
MAXIMUM [8740,63,[46,20,4,4,4,5,1],11]
MAXIMUM [8742,20,[6,6,6,3,2,2,1],10]
MAXIMUM [8744,26,[8,8,8,4,1,1,2],10]
MAXIMUM [8745,31,[15,15,11,3,3,1,1],14]
MAXIMUM [8748,73,[54,12,12,4,4,3,1],33]
MAXIMUM [8750,0,[1,1,1,1,1,1,1],8]
MAXIMUM [8752,38,[16,16,8,2,2,1,1],15]
MAXIMUM [8754,14,[6,6,6,2,2,1,1],8]
MAXIMUM [8755,17,[17,5,5,1,1,1,1],10]
MAXIMUM [8756,30,[44,2,2,2,2,1,1],17]
MAXIMUM [8760,68,[24,24,10,10,8,3,3],53]
MAXIMUM [8764,0,[1,1,1,1,1,1,1],8]
MAXIMUM [8765,10,[5,5,1,1,1,1,1],8]
MAXIMUM [8766,30,[9,9,9,2,2,2,3],13]
MAXIMUM [8768,48,[32,16,4,4,2,1,1],21]
MAXIMUM [8770,18,[10,10,2,2,2,1,1],9]
MAXIMUM [8772,43,[51,12,12,4,4,1,6],10]
MAXIMUM [8775,57,[25,27,9,9,15,1,1],19]
MAXIMUM [8776,10,[4,4,4,4,1,1,2],17]
MAXIMUM [8778,0,[1,1,1,1,1,1,1],8]
MAXIMUM [8780,18,[10,10,2,2,2,1,1],25]
MAXIMUM [8784,104,[48,72,16,9,9,2,2],15]
MAXIMUM [8785,0,[1,1,1,1,1,1,1],8]
MAXIMUM [8788,4,[1,1,1,1,1,1,1],8]
MAXIMUM [8790,23,[5,5,6,6,6,3,1],56]
MAXIMUM [8792,0,[1,1,1,1,1,1,1],8]
MAXIMUM [8795,10,[5,5,1,1,1,1,1],8]
MAXIMUM [8796,18,[4,4,4,4,6,1,1],36]
MAXIMUM [8800,93,[88,25,4,4,4,5,2],38]
MAXIMUM [8802,48,[54,3,3,6,2,2,2],19]
MAXIMUM [8804,10,[4,4,4,4,1,1,2],8]
MAXIMUM [8805,13,[3,3,3,3,5,5,1],27]
MAXIMUM [8808,40,[24,24,8,2,2,3,3],10]
MAXIMUM [8810,10,[2,2,2,2,2,5,5],8]
MAXIMUM [8812,6,[2,2,2,2,2,1,1],22]
MAXIMUM [8814,6,[1,1,1,1,1,1,1],8]
MAXIMUM [8815,5,[1,1,1,1,1,1,1],8]
MAXIMUM [8816,32,[29,8,8,8,1,1,1],22]
MAXIMUM [8820,0,[1,1,1,1,1,1,1],8]
MAXIMUM [8824,16,[4,4,4,4,2,1,1],20]
MAXIMUM [8825,20,[25,5,1,1,1,1,1],10]
MAXIMUM [8826,20,[6,6,6,3,2,2,1],10]
MAXIMUM [8828,14,[4,4,4,4,1,1,2],8]
MAXIMUM [8830,20,[10,10,1,1,1,1,1],11]
MAXIMUM [8832,95,[48,46,32,12,6,3,1],43]
MAXIMUM [8835,30,[15,15,1,1,1,1,1],8]
MAXIMUM [8836,10,[2,2,2,2,2,1,1],22]
MAXIMUM [8838,44,[18,18,9,6,2,2,1],14]
MAXIMUM [8840,56,[34,20,10,2,2,1,1],26]
MAXIMUM [8844,72,[66,12,3,3,2,2,2],13]
MAXIMUM [8845,17,[29,5,5,1,1,1,1],8]
MAXIMUM [8848,0,[1,1,1,1,1,1,1],8]
MAXIMUM [8850,60,[30,30,2,2,2,3,3],21]
MAXIMUM [8852,16,[4,4,4,4,2,1,1],8]
MAXIMUM [8855,0,[1,1,1,1,1,1,1],8]
MAXIMUM [8856,87,[36,54,8,8,12,9,1],28]
MAXIMUM [8860,26,[20,5,4,4,4,1,2],20]
MAXIMUM [8862,0,[1,1,1,1,1,1,1],8]
MAXIMUM [8864,38,[16,16,8,2,2,1,1],24]
MAXIMUM [8865,51,[45,5,3,3,3,1,1],16]
MAXIMUM [8868,20,[6,6,6,3,2,2,1],34]
MAXIMUM [8870,10,[5,5,1,1,1,1,1],11]
MAXIMUM [8872,16,[8,8,8,1,1,1,1],8]
MAXIMUM [8874,59,[34,18,18,29,6,3,2],28]
MAXIMUM [8875,10,[25,5,1,1,1,1,1],10]
MAXIMUM [8876,0,[1,1,1,1,1,1,1],8]
MAXIMUM [8880,100,[60,30,16,16,4,3,3],27]
MAXIMUM [8884,14,[4,4,4,4,1,1,2],8]
MAXIMUM [8885,5,[1,1,1,1,1,1,1],8]
MAXIMUM [8886,12,[3,3,3,3,1,1,1],17]
MAXIMUM [8888,58,[88,4,4,4,1,1,2],8]
MAXIMUM [8890,0,[1,1,1,1,1,1,1],8]
MAXIMUM [8892,48,[36,9,9,2,2,2,3],18]
MAXIMUM [8895,14,[5,5,3,3,3,3,1],16]
MAXIMUM [8896,22,[16,16,2,2,2,1,1],44]
MAXIMUM [8898,6,[1,1,1,1,1,1,1],8]
MAXIMUM [8900,35,[50,5,1,1,1,1,1],12]
MAXIMUM [8904,0,[1,1,1,1,1,1,1],8]
MAXIMUM [8905,10,[5,5,1,1,1,1,1],8]
MAXIMUM [8908,34,[34,4,4,4,4,1,1],8]
MAXIMUM [8910,132,[90,66,3,3,2,2,2],22]
MAXIMUM [8912,26,[8,8,8,4,1,1,2],21]
MAXIMUM [8915,5,[5,5,1,1,1,1,1],8]
MAXIMUM [8916,31,[12,12,6,4,4,3,1],12]
MAXIMUM [8920,30,[8,8,8,10,10,1,1],24]
MAXIMUM [8922,14,[6,6,6,2,2,1,1],8]
MAXIMUM [8924,19,[23,2,2,2,2,2,1],37]
MAXIMUM [8925,0,[1,1,1,1,1,1,1],8]
MAXIMUM [8928,56,[24,36,8,8,3,3,2],154]
MAXIMUM [8930,10,[5,5,1,1,1,1,1],11]
MAXIMUM [8932,0,[1,1,1,1,1,1,1],8]
MAXIMUM [8934,12,[2,2,2,2,2,3,3],8]
MAXIMUM [8935,10,[5,5,1,1,1,1,1],8]
MAXIMUM [8936,16,[4,4,4,4,2,1,1],20]
MAXIMUM [8940,66,[60,30,4,4,4,3,3],14]
MAXIMUM [8944,10,[4,4,4,4,1,1,2],31]
MAXIMUM [8945,5,[5,5,1,1,1,1,1],8]
MAXIMUM [8946,0,[1,1,1,1,1,1,1],8]
MAXIMUM [8948,10,[2,2,2,2,2,1,1],22]
MAXIMUM [8950,30,[25,2,2,2,2,2,5],9]
MAXIMUM [8952,42,[24,24,3,3,2,2,2],12]
MAXIMUM [8955,39,[45,9,3,3,1,1,1],18]
MAXIMUM [8956,4,[1,1,1,1,1,1,1],8]
MAXIMUM [8958,15,[6,6,6,3,1,1,1],8]
MAXIMUM [8960,0,[1,1,1,1,1,1,1],8]
MAXIMUM [8964,57,[18,18,27,4,4,4,3],38]
MAXIMUM [8965,16,[11,5,5,1,1,1,1],10]
MAXIMUM [8968,26,[8,8,8,4,1,1,2],10]
MAXIMUM [8970,34,[10,10,23,3,3,3,3],33]
MAXIMUM [8972,10,[4,4,4,4,1,1,2],8]
MAXIMUM [8975,25,[25,5,1,1,1,1,1],8]
MAXIMUM [8976,126,[51,44,16,16,24,3,6],36]
MAXIMUM [8980,28,[20,10,2,2,2,1,1],17]
MAXIMUM [8982,33,[18,18,9,1,1,1,3],10]
MAXIMUM [8984,16,[8,8,8,1,1,1,1],8]
MAXIMUM [8985,15,[15,15,1,1,1,1,1],8]
MAXIMUM [8988,0,[1,1,1,1,1,1,1],8]
MAXIMUM [8990,66,[58,10,10,2,2,1,1],9]
MAXIMUM [8992,48,[32,16,4,4,2,1,1],13]
MAXIMUM [8994,20,[6,6,6,3,2,2,1],10]
MAXIMUM [8995,0,[1,1,1,1,1,1,1],8]
MAXIMUM [8996,14,[4,4,4,4,1,1,2],8]
MAXIMUM [9000,91,[90,12,12,4,4,3,1],74]
MAXIMUM [9004,10,[2,2,2,2,2,1,1],22]
MAXIMUM [9005,10,[5,5,1,1,1,1,1],8]
MAXIMUM [9006,14,[6,6,6,2,2,1,1],8]
MAXIMUM [9008,22,[16,16,2,2,2,1,1],18]
MAXIMUM [9010,14,[17,5,5,1,1,1,1],22]
MAXIMUM [9012,24,[12,12,3,3,1,1,1],10]
MAXIMUM [9015,13,[3,3,3,3,5,5,1],27]
MAXIMUM [9016,0,[1,1,1,1,1,1,1],8]
MAXIMUM [9018,30,[9,9,9,2,2,2,3],23]
MAXIMUM [9020,53,[44,20,4,4,2,5,1],15]
MAXIMUM [9024,78,[64,8,8,12,1,1,2],40]
MAXIMUM [9025,15,[25,1,1,1,1,1,5],8]
MAXIMUM [9028,10,[4,4,4,4,1,1,2],8]
MAXIMUM [9030,0,[1,1,1,1,1,1,1],8]
MAXIMUM [9032,22,[8,8,8,2,2,1,1],10]
MAXIMUM [9035,10,[5,5,1,1,1,1,1],8]
MAXIMUM [9036,24,[6,6,9,9,2,2,2],77]
MAXIMUM [9040,36,[40,8,1,1,2,4,4],30]
MAXIMUM [9042,42,[33,6,6,6,1,1,1],12]
MAXIMUM [9044,0,[1,1,1,1,1,1,1],8]
MAXIMUM [9045,36,[15,15,9,9,1,1,1],11]
MAXIMUM [9048,56,[58,4,4,4,4,1,1],94]
MAXIMUM [9050,19,[10,25,2,2,2,2,1],19]
MAXIMUM [9052,14,[4,4,4,4,1,1,2],8]
MAXIMUM [9054,12,[3,3,3,3,1,1,1],62]
MAXIMUM [9055,5,[5,5,1,1,1,1,1],8]
MAXIMUM [9056,26,[32,4,4,4,1,1,2],18]
MAXIMUM [9060,60,[30,30,2,2,2,3,3],13]
MAXIMUM [9064,30,[44,2,2,2,2,1,1],41]
MAXIMUM [9065,0,[1,1,1,1,1,1,1],8]
MAXIMUM [9066,6,[1,1,1,1,1,1,1],8]
MAXIMUM [9068,4,[1,1,1,1,1,1,1],8]
MAXIMUM [9070,10,[5,5,1,1,1,1,1],11]
MAXIMUM [9072,0,[1,1,1,1,1,1,1],8]
MAXIMUM [9075,45,[33,15,15,3,1,1,1],16]
MAXIMUM [9076,16,[4,4,4,4,2,1,1],8]
MAXIMUM [9078,48,[34,6,6,6,3,2,1],13]
MAXIMUM [9080,38,[40,8,4,4,1,1,2],17]
MAXIMUM [9084,31,[12,12,6,4,4,3,1],12]
MAXIMUM [9085,18,[23,5,5,1,1,1,1],8]
MAXIMUM [9088,70,[64,16,8,2,4,1,1],15]
MAXIMUM [9090,63,[30,18,18,9,2,2,5],25]
MAXIMUM [9092,6,[2,2,2,2,2,1,1],22]
MAXIMUM [9095,14,[17,1,1,1,1,1,1],8]
MAXIMUM [9096,52,[24,24,8,3,3,2,2],13]
MAXIMUM [9100,0,[1,1,1,1,1,1,1],8]
MAXIMUM [9102,12,[2,2,2,2,2,3,3],8]
MAXIMUM [9104,32,[16,16,4,4,2,1,1],11]
MAXIMUM [9105,14,[5,5,3,3,3,3,1],16]
MAXIMUM [9108,107,[46,36,22,18,12,9,1],48]
MAXIMUM [9110,20,[10,10,1,1,1,1,1],11]
MAXIMUM [9112,34,[34,4,4,4,4,1,1],18]
MAXIMUM [9114,0,[1,1,1,1,1,1,1],8]
MAXIMUM [9115,10,[5,5,1,1,1,1,1],8]
MAXIMUM [9116,10,[2,2,2,2,2,1,1],22]
MAXIMUM [9120,92,[48,20,30,16,6,3,1],57]
MAXIMUM [9124,4,[1,1,1,1,1,1,1],8]
MAXIMUM [9125,25,[25,5,1,1,1,1,1],8]
MAXIMUM [9126,63,[54,18,6,9,1,1,1],15]
MAXIMUM [9128,0,[1,1,1,1,1,1,1],8]
MAXIMUM [9130,32,[22,10,10,2,2,1,1],13]
MAXIMUM [9132,18,[4,4,4,4,6,1,1],36]
MAXIMUM [9135,0,[1,1,1,1,1,1,1],8]
MAXIMUM [9136,26,[8,8,8,4,1,1,2],21]
MAXIMUM [9138,12,[3,3,3,3,1,1,1],17]
MAXIMUM [9140,26,[20,5,4,4,4,1,2],20]
MAXIMUM [9144,100,[72,24,9,9,8,2,2],16]
MAXIMUM [9145,10,[5,5,1,1,1,1,1],8]
MAXIMUM [9148,6,[2,2,2,2,2,1,1],22]
MAXIMUM [9150,60,[50,15,1,1,1,1,1],16]
MAXIMUM [9152,60,[64,22,8,8,1,1,1],22]
MAXIMUM [9155,5,[5,5,1,1,1,1,1],8]
MAXIMUM [9156,0,[1,1,1,1,1,1,1],8]
MAXIMUM [9160,25,[20,4,4,4,2,5,1],37]
MAXIMUM [9162,24,[6,6,9,9,2,2,2],32]
MAXIMUM [9164,38,[29,4,4,4,4,1,2],13]
MAXIMUM [9165,27,[15,15,3,3,1,1,1],8]
MAXIMUM [9168,55,[48,12,6,4,4,3,1],36]
MAXIMUM [9170,0,[1,1,1,1,1,1,1],8]
MAXIMUM [9172,10,[2,2,2,2,2,1,1],22]
MAXIMUM [9174,23,[11,6,6,6,2,2,1],24]
MAXIMUM [9175,20,[25,5,1,1,1,1,1],10]
MAXIMUM [9176,6,[2,2,2,2,2,1,1],50]
MAXIMUM [9180,102,[54,36,17,10,10,12,9],195]
MAXIMUM [9184,0,[1,1,1,1,1,1,1],8]
MAXIMUM [9185,17,[11,5,5,1,1,1,1],10]
MAXIMUM [9186,12,[2,2,2,2,2,3,3],8]
MAXIMUM [9188,16,[4,4,4,4,2,1,1],8]
MAXIMUM [9190,18,[10,10,2,2,2,1,1],9]
MAXIMUM [9192,30,[8,8,8,12,1,1,2],27]
MAXIMUM [9195,15,[15,15,1,1,1,1,1],8]
MAXIMUM [9196,16,[11,4,4,4,4,1,2],17]
MAXIMUM [9198,0,[1,1,1,1,1,1,1],8]
MAXIMUM [9200,71,[23,16,16,25,8,10,2],36]
MAXIMUM [9204,20,[6,6,6,3,2,2,1],34]
MAXIMUM [9205,0,[1,1,1,1,1,1,1],8]
MAXIMUM [9208,16,[8,8,8,1,1,1,1],8]
MAXIMUM [9210,23,[5,5,6,6,6,3,1],56]
MAXIMUM [9212,0,[1,1,1,1,1,1,1],8]
MAXIMUM [9215,10,[5,5,1,1,1,1,1],8]
MAXIMUM [9216,122,[72,32,48,9,9,2,2],37]
MAXIMUM [9220,18,[4,4,4,4,5,5,2],42]
MAXIMUM [9222,28,[29,3,3,3,3,1,1],28]
MAXIMUM [9224,10,[4,4,4,4,1,1,2],17]
MAXIMUM [9225,46,[45,25,3,3,3,1,1],12]
MAXIMUM [9228,12,[2,2,2,2,2,3,3],8]
MAXIMUM [9230,10,[2,2,2,2,2,5,5],8]
MAXIMUM [9232,22,[16,16,2,2,2,1,1],18]
MAXIMUM [9234,51,[54,18,9,1,1,1,6],11]
MAXIMUM [9235,5,[1,1,1,1,1,1,1],8]
MAXIMUM [9236,4,[1,1,1,1,1,1,1],8]
MAXIMUM [9240,0,[1,1,1,1,1,1,1],8]
MAXIMUM [9244,16,[4,4,4,4,2,1,1],8]
MAXIMUM [9245,10,[5,5,1,1,1,1,1],8]
MAXIMUM [9246,33,[23,6,6,6,3,2,2],16]
MAXIMUM [9248,46,[32,8,8,17,4,1,2],32]
MAXIMUM [9250,35,[50,5,1,1,1,1,1],10]
MAXIMUM [9252,37,[12,12,18,4,4,3,1],30]
MAXIMUM [9255,30,[15,15,1,1,1,1,1],8]
MAXIMUM [9256,22,[8,8,8,2,2,1,1],10]
MAXIMUM [9258,14,[6,6,6,2,2,1,1],8]
MAXIMUM [9260,28,[20,10,2,2,2,1,1],17]
MAXIMUM [9264,52,[24,24,8,3,3,2,2],27]
MAXIMUM [9265,7,[17,5,5,1,1,1,1],10]
MAXIMUM [9268,0,[1,1,1,1,1,1,1],8]
MAXIMUM [9270,72,[30,30,9,9,2,2,2],18]
MAXIMUM [9272,16,[4,4,4,4,2,1,1],20]
MAXIMUM [9275,0,[1,1,1,1,1,1,1],8]
MAXIMUM [9276,22,[12,12,4,4,1,1,2],11]
MAXIMUM [9280,66,[40,32,29,4,4,1,2],33]
MAXIMUM [9282,0,[1,1,1,1,1,1,1],8]
MAXIMUM [9284,46,[44,2,2,2,2,1,1],18]
MAXIMUM [9285,24,[15,15,3,3,1,1,1],14]
MAXIMUM [9288,90,[72,27,24,9,2,2,2],17]
MAXIMUM [9290,10,[5,5,1,1,1,1,1],11]
MAXIMUM [9292,10,[23,1,1,1,1,1,1],9]
MAXIMUM [9294,15,[6,6,6,3,1,1,1],8]
MAXIMUM [9295,8,[11,5,5,1,1,1,1],10]
MAXIMUM [9296,0,[1,1,1,1,1,1,1],8]
MAXIMUM [9300,84,[60,30,4,4,4,3,3],15]
MAXIMUM [9304,26,[8,8,8,4,1,1,2],10]
MAXIMUM [9305,5,[1,1,1,1,1,1,1],8]
MAXIMUM [9306,66,[66,3,3,3,1,1,1],28]
MAXIMUM [9308,10,[4,4,4,4,1,1,2],8]
MAXIMUM [9310,0,[1,1,1,1,1,1,1],8]
MAXIMUM [9312,48,[16,16,24,2,2,3,3],31]
MAXIMUM [9315,45,[27,45,23,3,3,1,1],9]
MAXIMUM [9316,34,[34,2,2,2,2,1,1],19]
MAXIMUM [9318,6,[1,1,1,1,1,1,1],8]
MAXIMUM [9320,36,[40,8,1,1,2,4,4],19]
MAXIMUM [9324,0,[1,1,1,1,1,1,1],8]
MAXIMUM [9325,25,[25,5,1,1,1,1,1],8]
MAXIMUM [9328,88,[88,4,4,4,2,1,1],11]
MAXIMUM [9330,42,[30,30,3,3,2,2,2],15]
MAXIMUM [9332,14,[4,4,4,4,1,1,2],8]
MAXIMUM [9335,5,[5,5,1,1,1,1,1],8]
MAXIMUM [9336,31,[12,12,6,4,4,3,1],40]
MAXIMUM [9340,18,[10,10,2,2,2,1,1],25]
MAXIMUM [9342,53,[18,18,27,6,2,2,1],20]
MAXIMUM [9344,22,[16,16,2,2,2,1,1],44]
MAXIMUM [9345,0,[1,1,1,1,1,1,1],8]
MAXIMUM [9348,24,[12,12,3,3,1,1,1],10]
MAXIMUM [9350,50,[34,25,11,10,2,2,2],35]
MAXIMUM [9352,0,[1,1,1,1,1,1,1],8]
MAXIMUM [9354,12,[2,2,2,2,2,3,3],8]
MAXIMUM [9355,10,[5,5,1,1,1,1,1],8]
MAXIMUM [9356,16,[4,4,4,4,2,1,1],8]
MAXIMUM [9360,105,[60,36,18,8,8,9,1],62]
MAXIMUM [9364,10,[4,4,4,4,1,1,2],8]
MAXIMUM [9365,5,[5,5,1,1,1,1,1],8]
MAXIMUM [9366,0,[1,1,1,1,1,1,1],8]
MAXIMUM [9368,22,[8,8,8,2,2,1,1],10]
MAXIMUM [9370,10,[2,2,2,2,2,5,5],8]
MAXIMUM [9372,60,[66,6,3,3,2,2,2],13]
MAXIMUM [9375,28,[15,25,3,3,3,1,1],15]
MAXIMUM [9376,16,[8,8,8,1,1,1,1],18]
MAXIMUM [9378,27,[18,18,6,3,1,2,2],14]
MAXIMUM [9380,0,[1,1,1,1,1,1,1],8]
MAXIMUM [9384,90,[46,51,4,4,6,6,3],80]
MAXIMUM [9385,10,[5,5,1,1,1,1,1],8]
MAXIMUM [9388,14,[4,4,4,4,1,1,2],8]
MAXIMUM [9390,28,[10,10,3,3,3,3,1],56]
MAXIMUM [9392,10,[4,4,4,4,1,1,2],31]
MAXIMUM [9395,10,[5,5,1,1,1,1,1],8]
MAXIMUM [9396,96,[58,36,9,9,2,2,6],18]
MAXIMUM [9400,29,[20,25,2,2,2,2,1],66]
MAXIMUM [9402,6,[1,1,1,1,1,1,1],8]
MAXIMUM [9404,4,[1,1,1,1,1,1,1],8]
MAXIMUM [9405,37,[11,9,9,9,15,5,1],39]
MAXIMUM [9408,0,[1,1,1,1,1,1,1],8]
MAXIMUM [9410,18,[10,10,2,2,2,1,1],8]
MAXIMUM [9412,16,[4,4,4,4,2,1,1],8]
MAXIMUM [9414,24,[6,6,9,9,2,2,2],32]
MAXIMUM [9415,0,[1,1,1,1,1,1,1],8]
MAXIMUM [9416,74,[88,4,4,4,1,1,2],10]
MAXIMUM [9420,55,[60,12,6,4,4,3,1],18]
MAXIMUM [9424,38,[16,16,8,2,2,1,1],15]
MAXIMUM [9425,26,[29,5,5,1,1,1,1],10]
MAXIMUM [9426,14,[6,6,6,2,2,1,1],8]
MAXIMUM [9428,6,[2,2,2,2,2,1,1],22]
MAXIMUM [9430,42,[46,5,5,2,2,2,2],12]
MAXIMUM [9432,56,[24,36,8,8,3,3,2],40]
MAXIMUM [9435,40,[51,3,3,3,5,5,1],23]
MAXIMUM [9436,0,[1,1,1,1,1,1,1],8]
MAXIMUM [9438,48,[66,2,2,2,3,3,3],9]
MAXIMUM [9440,57,[32,16,20,4,2,5,1],24]
MAXIMUM [9444,22,[12,12,4,4,1,1,2],11]
MAXIMUM [9445,5,[1,1,1,1,1,1,1],8]
MAXIMUM [9448,10,[4,4,4,4,1,1,2],17]
MAXIMUM [9450,0,[1,1,1,1,1,1,1],8]
MAXIMUM [9452,19,[17,2,2,2,2,2,1],37]
MAXIMUM [9455,10,[5,5,1,1,1,1,1],8]
MAXIMUM [9456,74,[48,24,16,3,3,2,2],16]
MAXIMUM [9460,32,[22,10,10,1,1,1,1],27]
MAXIMUM [9462,15,[6,6,6,3,1,1,1],8]
MAXIMUM [9464,0,[1,1,1,1,1,1,1],8]
MAXIMUM [9465,30,[15,15,1,1,1,1,1],8]
MAXIMUM [9468,48,[18,18,9,4,4,4,3],30]
MAXIMUM [9470,18,[10,10,2,2,2,1,1],9]
MAXIMUM [9472,74,[64,8,8,4,1,1,2],16]
MAXIMUM [9474,12,[3,3,3,3,1,1,1],17]
MAXIMUM [9475,25,[25,5,1,1,1,1,1],8]
MAXIMUM [9476,36,[46,4,4,4,4,1,1],8]
MAXIMUM [9480,72,[30,30,8,8,8,3,3],27]
MAXIMUM [9484,6,[2,2,2,2,2,1,1],22]
MAXIMUM [9485,0,[1,1,1,1,1,1,1],8]
MAXIMUM [9486,54,[51,18,18,9,1,1,1],10]
MAXIMUM [9488,16,[8,8,8,1,1,1,1],13]
MAXIMUM [9490,10,[5,5,1,1,1,1,1],11]
MAXIMUM [9492,0,[1,1,1,1,1,1,1],8]
MAXIMUM [9495,51,[45,5,3,3,3,1,1],16]
MAXIMUM [9496,16,[4,4,4,4,2,1,1],20]
MAXIMUM [9498,20,[6,6,6,3,2,2,1],10]
MAXIMUM [9500,50,[50,5,1,1,1,1,1],9]
MAXIMUM [9504,140,[54,48,33,32,12,4,1],44]
MAXIMUM [9505,5,[5,5,1,1,1,1,1],8]
MAXIMUM [9508,10,[2,2,2,2,2,1,1],22]
MAXIMUM [9510,48,[30,30,2,2,2,3,3],9]
MAXIMUM [9512,38,[58,2,2,2,2,1,1],37]
MAXIMUM [9515,9,[11,1,1,1,1,1,1],8]
MAXIMUM [9516,24,[12,12,3,3,1,1,1],10]
MAXIMUM [9520,0,[1,1,1,1,1,1,1],8]
MAXIMUM [9522,48,[23,9,9,9,2,2,3],29]
MAXIMUM [9524,16,[4,4,4,4,2,1,1],8]
MAXIMUM [9525,24,[25,5,3,3,3,3,1],17]
MAXIMUM [9528,30,[8,8,8,12,1,1,2],27]
MAXIMUM [9530,20,[10,10,1,1,1,1,1],11]
MAXIMUM [9532,10,[4,4,4,4,1,1,2],8]
MAXIMUM [9534,0,[1,1,1,1,1,1,1],8]
MAXIMUM [9535,10,[5,5,1,1,1,1,1],8]
MAXIMUM [9536,70,[64,16,8,2,4,1,1],15]
MAXIMUM [9540,92,[90,6,6,3,2,2,1],38]
MAXIMUM [9544,16,[8,8,8,1,1,1,1],8]
MAXIMUM [9545,21,[23,5,5,1,1,1,1],8]
MAXIMUM [9546,15,[6,6,6,3,1,1,1],8]
MAXIMUM [9548,0,[1,1,1,1,1,1,1],8]
MAXIMUM [9550,40,[50,1,1,1,1,1,5],10]
MAXIMUM [9552,50,[48,16,4,4,6,1,1],26]
MAXIMUM [9555,0,[1,1,1,1,1,1,1],8]
MAXIMUM [9556,14,[4,4,4,4,1,1,2],8]
MAXIMUM [9558,48,[54,3,3,6,2,2,2],19]
MAXIMUM [9560,44,[40,5,4,4,1,1,1],15]
MAXIMUM [9564,12,[2,2,2,2,2,3,3],8]
MAXIMUM [9565,10,[5,5,1,1,1,1,1],8]
MAXIMUM [9568,35,[23,16,16,2,2,2,1],58]
MAXIMUM [9570,72,[29,22,15,15,1,1,1],73]
MAXIMUM [9572,4,[1,1,1,1,1,1,1],8]
MAXIMUM [9575,10,[25,5,1,1,1,1,1],10]
MAXIMUM [9576,0,[1,1,1,1,1,1,1],8]
MAXIMUM [9580,25,[20,4,4,4,2,5,1],10]
MAXIMUM [9582,20,[6,6,6,3,2,2,1],10]
MAXIMUM [9584,26,[8,8,8,4,1,1,2],21]
MAXIMUM [9585,39,[45,9,3,3,1,1,1],29]
MAXIMUM [9588,53,[34,12,12,6,4,3,1],18]
MAXIMUM [9590,0,[1,1,1,1,1,1,1],8]
MAXIMUM [9592,58,[44,8,8,8,2,1,1],10]
MAXIMUM [9594,44,[18,18,9,6,2,2,1],14]
MAXIMUM [9595,10,[5,5,1,1,1,1,1],8]
MAXIMUM [9596,6,[2,2,2,2,2,1,1],22]
MAXIMUM [9600,100,[64,24,24,10,10,3,3],33]
MAXIMUM [9604,0,[1,1,1,1,1,1,1],8]
MAXIMUM [9605,14,[17,5,5,1,1,1,1],10]
MAXIMUM [9606,12,[2,2,2,2,2,3,3],8]
MAXIMUM [9608,16,[4,4,4,4,2,1,1],20]
MAXIMUM [9610,18,[10,10,2,2,2,1,1],9]
MAXIMUM [9612,79,[36,54,12,9,4,4,1],16]
MAXIMUM [9615,15,[15,15,1,1,1,1,1],8]
MAXIMUM [9616,10,[4,4,4,4,1,1,2],31]
MAXIMUM [9618,0,[1,1,1,1,1,1,1],8]
MAXIMUM [9620,18,[10,10,2,2,2,1,1],25]
MAXIMUM [9624,42,[24,24,3,3,2,2,2],12]
MAXIMUM [9625,0,[1,1,1,1,1,1,1],8]
MAXIMUM [9628,20,[29,1,1,1,1,1,1],9]
MAXIMUM [9630,75,[90,6,6,3,1,2,2],10]
MAXIMUM [9632,0,[1,1,1,1,1,1,1],8]
MAXIMUM [9635,10,[5,5,1,1,1,1,1],8]
MAXIMUM [9636,46,[44,4,4,4,6,1,1],32]
MAXIMUM [9640,38,[40,8,4,4,1,1,2],17]
MAXIMUM [9642,12,[3,3,3,3,1,1,1],17]
MAXIMUM [9644,10,[4,4,4,4,1,1,2],8]
MAXIMUM [9645,13,[3,3,3,3,5,5,1],27]
MAXIMUM [9648,108,[72,16,16,9,9,2,3],27]
MAXIMUM [9650,30,[25,2,2,2,2,2,5],9]
MAXIMUM [9652,6,[2,2,2,2,2,1,1],22]
MAXIMUM [9654,6,[1,1,1,1,1,1,1],8]
MAXIMUM [9655,5,[1,1,1,1,1,1,1],8]
MAXIMUM [9656,30,[17,8,8,8,1,1,1],15]
MAXIMUM [9660,0,[1,1,1,1,1,1,1],8]
MAXIMUM [9664,48,[32,16,4,4,2,1,1],21]
MAXIMUM [9665,10,[5,5,1,1,1,1,1],8]
MAXIMUM [9666,42,[27,6,6,9,2,2,2],32]
MAXIMUM [9668,14,[4,4,4,4,1,1,2],8]
MAXIMUM [9670,20,[10,10,1,1,1,1,1],11]
MAXIMUM [9672,31,[12,12,6,4,4,3,1],40]
MAXIMUM [9675,44,[25,15,9,9,9,1,1],14]
MAXIMUM [9676,10,[2,2,2,2,2,1,1],22]
MAXIMUM [9678,14,[6,6,6,2,2,1,1],8]
MAXIMUM [9680,68,[44,20,16,16,10,1,1],26]
MAXIMUM [9684,36,[36,12,3,3,1,1,1],19]
MAXIMUM [9685,5,[5,5,1,1,1,1,1],8]
MAXIMUM [9688,0,[1,1,1,1,1,1,1],8]
MAXIMUM [9690,102,[51,30,30,2,2,2,3],13]
MAXIMUM [9692,16,[4,4,4,4,2,1,1],8]
MAXIMUM [9695,0,[1,1,1,1,1,1,1],8]
MAXIMUM [9696,46,[32,8,8,12,1,1,2],90]
MAXIMUM [9700,36,[20,25,4,4,4,1,2],15]
MAXIMUM [9702,0,[1,1,1,1,1,1,1],8]
MAXIMUM [9704,22,[8,8,8,2,2,1,1],10]
MAXIMUM [9705,24,[15,15,3,3,1,1,1],14]
MAXIMUM [9708,20,[6,6,6,3,2,2,1],34]
MAXIMUM [9710,10,[5,5,1,1,1,1,1],11]
MAXIMUM [9712,16,[8,8,8,1,1,1,1],13]
MAXIMUM [9714,15,[6,6,6,3,1,1,1],8]
MAXIMUM [9715,9,[29,5,5,1,1,1,1],10]
MAXIMUM [9716,0,[1,1,1,1,1,1,1],8]
MAXIMUM [9720,141,[60,72,18,27,8,8,1],39]
MAXIMUM [9724,36,[22,17,4,4,4,4,1],24]
MAXIMUM [9725,15,[25,1,1,1,1,1,5],8]
MAXIMUM [9726,12,[3,3,3,3,1,1,1],17]
MAXIMUM [9728,26,[32,4,4,4,1,1,2],32]
MAXIMUM [9730,0,[1,1,1,1,1,1,1],8]
MAXIMUM [9732,12,[2,2,2,2,2,3,3],8]
MAXIMUM [9735,41,[33,5,5,3,3,3,1],15]
MAXIMUM [9736,6,[2,2,2,2,2,1,1],50]
MAXIMUM [9738,33,[18,18,9,1,1,1,3],10]
MAXIMUM [9740,20,[10,10,1,1,1,1,1],14]
MAXIMUM [9744,0,[1,1,1,1,1,1,1],8]
MAXIMUM [9745,10,[5,5,1,1,1,1,1],8]
MAXIMUM [9748,16,[4,4,4,4,2,1,1],8]
MAXIMUM [9750,42,[30,30,3,3,2,2,2],21]
MAXIMUM [9752,58,[46,8,8,8,4,1,1],9]
MAXIMUM [9755,5,[5,5,1,1,1,1,1],8]
MAXIMUM [9756,37,[12,12,18,4,4,3,1],30]
MAXIMUM [9760,46,[16,16,8,10,10,1,1],55]
MAXIMUM [9762,14,[6,6,6,2,2,1,1],8]
MAXIMUM [9764,6,[2,2,2,2,2,1,1],22]
MAXIMUM [9765,0,[1,1,1,1,1,1,1],8]
MAXIMUM [9768,92,[66,24,8,8,3,3,2],17]
MAXIMUM [9770,10,[5,5,1,1,1,1,1],11]
MAXIMUM [9772,0,[1,1,1,1,1,1,1],8]
MAXIMUM [9774,30,[9,9,9,2,2,2,3],23]
MAXIMUM [9775,30,[17,23,5,5,1,1,1],15]
MAXIMUM [9776,32,[16,16,4,4,2,1,1],11]
MAXIMUM [9780,66,[60,30,4,4,4,3,3],14]
MAXIMUM [9784,10,[4,4,4,4,1,1,2],17]
MAXIMUM [9785,5,[5,5,1,1,1,1,1],8]
MAXIMUM [9786,0,[1,1,1,1,1,1,1],8]
MAXIMUM [9788,10,[2,2,2,2,2,1,1],22]
MAXIMUM [9790,18,[11,2,2,2,2,2,5],9]
MAXIMUM [9792,132,[48,72,34,16,9,9,2],35]
MAXIMUM [9795,27,[15,15,3,3,1,1,1],8]
MAXIMUM [9796,4,[1,1,1,1,1,1,1],8]
MAXIMUM [9798,41,[46,6,6,6,3,1,2],8]
MAXIMUM [9800,0,[1,1,1,1,1,1,1],8]
MAXIMUM [9804,18,[4,4,4,4,6,1,1],36]
MAXIMUM [9805,10,[5,5,1,1,1,1,1],8]
MAXIMUM [9808,26,[8,8,8,4,1,1,2],21]
MAXIMUM [9810,56,[45,10,3,3,3,1,1],25]
MAXIMUM [9812,16,[11,4,4,4,4,1,2],17]
MAXIMUM [9815,10,[5,5,1,1,1,1,1],8]
MAXIMUM [9816,40,[24,24,8,2,2,3,3],10]
MAXIMUM [9820,28,[20,10,2,2,2,1,1],17]
MAXIMUM [9822,6,[1,1,1,1,1,1,1],8]
MAXIMUM [9824,16,[8,8,8,1,1,1,1],18]
MAXIMUM [9825,30,[25,15,1,1,1,1,1],10]
MAXIMUM [9828,0,[1,1,1,1,1,1,1],8]
MAXIMUM [9830,18,[10,10,2,2,2,1,1],8]
MAXIMUM [9832,16,[4,4,4,4,2,1,1],20]
MAXIMUM [9834,60,[66,6,3,3,2,2,2],9]
MAXIMUM [9835,0,[1,1,1,1,1,1,1],8]
MAXIMUM [9836,14,[4,4,4,4,1,1,2],8]
MAXIMUM [9840,87,[40,48,12,6,4,3,1],25]
MAXIMUM [9844,29,[23,2,2,2,2,2,1],37]
MAXIMUM [9845,11,[5,5,11,1,1,1,1],9]
MAXIMUM [9846,44,[18,18,9,6,2,2,1],14]
MAXIMUM [9848,6,[2,2,2,2,2,1,1],50]
MAXIMUM [9850,50,[50,5,1,1,1,1,1],9]
MAXIMUM [9852,24,[12,12,3,3,1,1,1],10]
MAXIMUM [9855,60,[45,27,3,3,1,1,1],10]
MAXIMUM [9856,0,[1,1,1,1,1,1,1],8]
MAXIMUM [9858,12,[2,2,2,2,2,3,3],8]
MAXIMUM [9860,81,[58,34,20,4,4,5,1],14]
MAXIMUM [9864,69,[36,18,8,8,8,9,3],42]
MAXIMUM [9865,5,[1,1,1,1,1,1,1],8]
MAXIMUM [9868,10,[4,4,4,4,1,1,2],8]
MAXIMUM [9870,0,[1,1,1,1,1,1,1],8]
MAXIMUM [9872,38,[16,16,8,2,2,1,1],15]
MAXIMUM [9875,20,[25,5,1,1,1,1,1],10]
MAXIMUM [9876,20,[6,6,6,3,2,2,1],34]
MAXIMUM [9880,36,[40,8,1,1,2,4,4],19]
MAXIMUM [9882,63,[54,18,6,9,1,1,1],15]
MAXIMUM [9884,0,[1,1,1,1,1,1,1],8]
MAXIMUM [9885,30,[15,15,1,1,1,1,1],8]
MAXIMUM [9888,66,[32,48,4,4,6,1,1],29]
MAXIMUM [9890,31,[23,10,10,2,2,2,1],15]
MAXIMUM [9892,14,[4,4,4,4,1,1,2],8]
MAXIMUM [9894,26,[17,3,3,3,3,1,1],38]
MAXIMUM [9895,5,[5,5,1,1,1,1,1],8]
MAXIMUM [9896,10,[4,4,4,4,1,1,2],17]
MAXIMUM [9900,117,[44,30,36,25,9,9,2],65]
MAXIMUM [9904,22,[16,16,2,2,2,1,1],18]
MAXIMUM [9905,0,[1,1,1,1,1,1,1],8]
MAXIMUM [9906,6,[1,1,1,1,1,1,1],8]
MAXIMUM [9908,4,[1,1,1,1,1,1,1],8]
MAXIMUM [9910,10,[5,5,1,1,1,1,1],11]
MAXIMUM [9912,0,[1,1,1,1,1,1,1],8]
MAXIMUM [9915,24,[15,15,3,3,1,1,1],14]
MAXIMUM [9916,16,[4,4,4,4,2,1,1],8]
MAXIMUM [9918,56,[58,6,6,9,9,2,2],28]
MAXIMUM [9920,86,[64,40,4,4,1,1,2],15]
MAXIMUM [9924,31,[12,12,6,4,4,3,1],12]
MAXIMUM [9925,10,[25,5,1,1,1,1,1],10]
MAXIMUM [9928,31,[17,8,8,8,2,2,1],19]
MAXIMUM [9930,48,[30,30,2,2,2,3,3],9]
MAXIMUM [9932,6,[2,2,2,2,2,1,1],22]
MAXIMUM [9935,5,[1,1,1,1,1,1,1],8]
MAXIMUM [9936,98,[54,24,36,23,8,8,9],46]
MAXIMUM [9940,0,[1,1,1,1,1,1,1],8]
MAXIMUM [9942,12,[2,2,2,2,2,3,3],8]
MAXIMUM [9944,88,[88,4,4,4,2,1,1],9]
MAXIMUM [9945,35,[45,17,5,3,3,3,1],15]
MAXIMUM [9948,22,[12,12,4,4,1,1,2],11]
MAXIMUM [9950,35,[50,5,1,1,1,1,1],10]
MAXIMUM [9954,0,[1,1,1,1,1,1,1],8]
MAXIMUM [9955,17,[11,5,5,1,1,1,1],10]
MAXIMUM [9960,60,[20,24,30,6,3,2,1],36]
MAXIMUM [9965,5,[5,5,1,1,1,1,1],8]
MAXIMUM [9966,42,[33,6,6,6,1,1,1],12]
MAXIMUM [9970,18,[10,10,2,2,2,1,1],8]
MAXIMUM [9972,48,[18,18,9,4,4,4,3],30]
MAXIMUM [9975,0,[1,1,1,1,1,1,1],8]
MAXIMUM [9978,12,[3,3,3,3,1,1,1],17]
MAXIMUM [9980,26,[20,5,4,4,4,1,2],20]
MAXIMUM [9984,80,[64,16,24,2,3,3,4],33]
MAXIMUM [9985,10,[5,5,1,1,1,1,1],8]
MAXIMUM [9990,65,[54,18,30,9,5,2,2],38]
MAXIMUM [9995,5,[5,5,1,1,1,1,1],8]
MAXIMUM [9996,0,[1,1,1,1,1,1,1],8]
MAXIMUM [10000,61,[25,16,16,20,4,2,1],21]
MAXIMUM [10002,20,[6,6,6,3,2,2,1],10]
MAXIMUM [10005,66,[29,23,15,15,3,3,1],15]
MAXIMUM [10008,37,[12,12,18,4,4,3,1],104]
MAXIMUM [10010,0,[1,1,1,1,1,1,1],8]
MAXIMUM [10014,14,[6,6,6,2,2,1,1],8]
MAXIMUM [10015,10,[5,5,1,1,1,1,1],8]
MAXIMUM [10020,40,[10,10,12,12,3,3,1],58]
MAXIMUM [10025,25,[25,5,1,1,1,1,1],8]
MAXIMUM [10026,30,[9,9,9,2,2,2,3],13]
MAXIMUM [10030,46,[34,10,10,2,2,1,1],14]
MAXIMUM [10032,82,[88,12,12,4,1,1,2],14]
MAXIMUM [10035,28,[9,9,9,15,5,1,1],16]
MAXIMUM [10038,0,[1,1,1,1,1,1,1],8]
MAXIMUM [10040,30,[8,8,8,10,10,1,1],24]
MAXIMUM [10044,42,[27,6,6,9,2,2,2],72]
MAXIMUM [10045,0,[1,1,1,1,1,1,1],8]
MAXIMUM [10050,33,[25,5,6,6,6,3,1],26]
MAXIMUM [10055,10,[5,5,1,1,1,1,1],8]
MAXIMUM [10056,18,[4,4,4,4,6,1,1],122]
MAXIMUM [10060,18,[4,4,4,4,5,5,2],42]
MAXIMUM [10062,12,[3,3,3,3,1,1,1],62]
MAXIMUM [10065,25,[33,3,3,3,5,5,1],22]
MAXIMUM [10068,12,[2,2,2,2,2,3,3],8]
MAXIMUM [10070,10,[2,2,2,2,2,5,5],8]
MAXIMUM [10074,38,[46,1,1,2,2,2,2],9]
MAXIMUM [10075,15,[25,1,1,1,1,1,5],8]
MAXIMUM [10080,0,[1,1,1,1,1,1,1],8]
MAXIMUM [10085,10,[5,5,1,1,1,1,1],8]
MAXIMUM [10086,20,[6,6,6,3,2,2,1],10]
MAXIMUM [10090,20,[10,10,1,1,1,1,1],11]
MAXIMUM [10092,39,[12,12,29,6,4,4,3],20]
MAXIMUM [10095,30,[15,15,1,1,1,1,1],8]
MAXIMUM [10098,95,[51,18,18,27,11,2,2],50]
MAXIMUM [10100,29,[20,25,2,2,2,2,1],35]
MAXIMUM [10104,52,[24,24,8,3,3,2,2],13]
MAXIMUM [10105,5,[5,5,1,1,1,1,1],8]
MAXIMUM [10110,60,[30,30,2,2,2,3,3],11]
MAXIMUM [10115,0,[1,1,1,1,1,1,1],8]
MAXIMUM [10116,61,[36,18,12,9,4,4,1],14]
MAXIMUM [10120,100,[88,46,20,5,4,4,1],13]
MAXIMUM [10122,0,[1,1,1,1,1,1,1],8]
MAXIMUM [10125,57,[45,27,3,3,1,1,1],15]
MAXIMUM [10128,74,[48,24,16,3,3,2,2],16]
MAXIMUM [10130,10,[5,5,1,1,1,1,1],11]
MAXIMUM [10134,27,[18,18,6,3,1,2,2],14]
MAXIMUM [10135,5,[5,5,1,1,1,1,1],8]
MAXIMUM [10140,84,[60,30,4,4,4,3,3],11]
MAXIMUM [10145,5,[1,1,1,1,1,1,1],8]
MAXIMUM [10146,12,[3,3,3,3,1,1,1],17]
MAXIMUM [10150,0,[1,1,1,1,1,1,1],8]
MAXIMUM [10152,100,[72,24,9,9,8,2,2],25]
MAXIMUM [10155,14,[5,5,3,3,3,3,1],16]
MAXIMUM [10158,6,[1,1,1,1,1,1,1],8]
MAXIMUM [10160,36,[40,8,1,1,2,4,4],30]
MAXIMUM [10164,0,[1,1,1,1,1,1,1],8]
MAXIMUM [10165,10,[5,5,1,1,1,1,1],8]
MAXIMUM [10170,92,[90,6,6,3,2,2,1],13]
MAXIMUM [10175,34,[25,11,5,1,1,1,1],9]
MAXIMUM [10176,71,[48,32,12,6,4,3,1],45]
MAXIMUM [10180,18,[10,10,2,2,2,1,1],25]
MAXIMUM [10182,14,[6,6,6,2,2,1,1],8]
MAXIMUM [10185,0,[1,1,1,1,1,1,1],8]
MAXIMUM [10188,36,[36,12,3,3,1,1,1],19]
MAXIMUM [10190,10,[5,5,1,1,1,1,1],11]
MAXIMUM [10194,12,[2,2,2,2,2,3,3],8]
MAXIMUM [10195,10,[5,5,1,1,1,1,1],8]
MAXIMUM [10200,99,[60,51,30,8,8,8,3],28]
MAXIMUM [10205,5,[5,5,1,1,1,1,1],8]
MAXIMUM [10206,0,[1,1,1,1,1,1,1],8]
MAXIMUM [10208,122,[58,44,16,16,8,1,1],34]
MAXIMUM [10210,10,[2,2,2,2,2,5,5],8]
MAXIMUM [10212,33,[23,6,6,6,3,2,2],35]
MAXIMUM [10215,39,[45,9,3,3,1,1,1],18]
MAXIMUM [10218,15,[6,6,6,3,1,1,1],8]
MAXIMUM [10220,0,[1,1,1,1,1,1,1],8]
MAXIMUM [10224,106,[72,48,16,9,9,2,2],25]
MAXIMUM [10225,20,[25,5,1,1,1,1,1],10]
MAXIMUM [10230,82,[66,10,10,3,3,3,1],30]
MAXIMUM [10235,19,[23,5,5,1,1,1,1],10]
MAXIMUM [10236,12,[2,2,2,2,2,3,3],8]
MAXIMUM [10240,44,[20,16,16,10,2,1,1],48]
MAXIMUM [10242,33,[18,18,9,1,1,1,3],10]
MAXIMUM [10245,15,[15,15,1,1,1,1,1],8]
MAXIMUM [10248,0,[1,1,1,1,1,1,1],8]
MAXIMUM [10250,40,[50,1,1,1,1,1,5],10]
MAXIMUM [10254,20,[6,6,6,3,2,2,1],10]
MAXIMUM [10255,0,[1,1,1,1,1,1,1],8]
MAXIMUM [10260,97,[54,60,12,4,4,3,1],54]
MAXIMUM [10265,10,[5,5,1,1,1,1,1],8]
MAXIMUM [10266,54,[58,6,6,6,2,1,1],9]
MAXIMUM [10270,10,[5,5,1,1,1,1,1],11]
MAXIMUM [10272,52,[24,24,8,3,3,2,2],33]
MAXIMUM [10275,18,[25,3,3,3,3,5,1],16]
MAXIMUM [10278,30,[9,9,9,2,2,2,3],13]
MAXIMUM [10280,25,[20,4,4,4,2,5,1],37]
MAXIMUM [10284,22,[12,12,4,4,1,1,2],11]
MAXIMUM [10285,18,[17,11,1,1,1,1,1],9]
MAXIMUM [10290,0,[1,1,1,1,1,1,1],8]
MAXIMUM [10295,18,[29,5,5,1,1,1,1],10]
MAXIMUM [10296,102,[66,72,9,9,2,2,2],20]
MAXIMUM [10300,35,[50,5,1,1,1,1,1],12]
MAXIMUM [10302,39,[34,6,6,6,3,1,2],10]
MAXIMUM [10305,36,[15,15,9,9,1,1,1],9]
MAXIMUM [10308,18,[4,4,4,4,6,1,1],36]
MAXIMUM [10310,18,[10,10,2,2,2,1,1],9]
MAXIMUM [10314,48,[54,3,3,6,2,2,2],19]
MAXIMUM [10315,5,[5,5,1,1,1,1,1],8]
MAXIMUM [10320,88,[30,30,16,16,8,3,3],46]
MAXIMUM [10325,0,[1,1,1,1,1,1,1],8]
MAXIMUM [10326,6,[1,1,1,1,1,1,1],8]
MAXIMUM [10330,10,[5,5,1,1,1,1,1],11]
MAXIMUM [10332,0,[1,1,1,1,1,1,1],8]
MAXIMUM [10335,24,[15,15,3,3,1,1,1],14]
MAXIMUM [10338,20,[6,6,6,3,2,2,1],10]
MAXIMUM [10340,36,[22,4,4,4,4,5,5],10]
MAXIMUM [10344,31,[12,12,6,4,4,3,1],40]
MAXIMUM [10345,5,[5,5,1,1,1,1,1],8]
MAXIMUM [10350,121,[46,25,30,18,18,9,2],30]
MAXIMUM [10355,5,[1,1,1,1,1,1,1],8]
MAXIMUM [10356,24,[12,12,3,3,1,1,1],10]
MAXIMUM [10360,0,[1,1,1,1,1,1,1],8]
MAXIMUM [10362,48,[66,2,2,2,3,3,3],9]
MAXIMUM [10365,14,[5,5,3,3,3,3,1],16]
MAXIMUM [10368,135,[64,36,54,8,12,9,1],44]
MAXIMUM [10370,34,[17,10,10,1,1,1,1],19]
MAXIMUM [10374,0,[1,1,1,1,1,1,1],8]
MAXIMUM [10375,25,[25,5,1,1,1,1,1],8]
MAXIMUM [10380,48,[20,30,6,6,3,2,1],39]
MAXIMUM [10385,5,[5,5,1,1,1,1,1],8]
MAXIMUM [10386,27,[18,18,6,3,1,2,2],14]
MAXIMUM [10390,18,[10,10,2,2,2,1,1],8]
MAXIMUM [10392,18,[4,4,4,4,6,1,1],122]
MAXIMUM [10395,0,[1,1,1,1,1,1,1],8]
MAXIMUM [10398,12,[3,3,3,3,1,1,1],17]
MAXIMUM [10400,58,[40,32,4,4,1,1,2],20]
MAXIMUM [10404,90,[51,36,9,9,2,2,2],11]
MAXIMUM [10405,10,[5,5,1,1,1,1,1],8]
MAXIMUM [10410,30,[15,15,1,1,1,1,1],11]
MAXIMUM [10415,5,[5,5,1,1,1,1,1],8]
MAXIMUM [10416,0,[1,1,1,1,1,1,1],8]
MAXIMUM [10420,25,[20,4,4,4,2,5,1],10]
MAXIMUM [10422,42,[27,6,6,9,2,2,2],32]
MAXIMUM [10425,28,[15,25,3,3,3,1,1],15]
MAXIMUM [10428,58,[33,12,12,6,4,4,1],14]
MAXIMUM [10430,0,[1,1,1,1,1,1,1],8]
MAXIMUM [10434,14,[6,6,6,2,2,1,1],8]
MAXIMUM [10435,10,[5,5,1,1,1,1,1],8]
MAXIMUM [10440,112,[45,24,24,58,10,8,3],78]
MAXIMUM [10445,10,[5,5,1,1,1,1,1],8]
MAXIMUM [10446,12,[2,2,2,2,2,3,3],8]
MAXIMUM [10450,22,[10,25,11,2,2,2,2],25]
MAXIMUM [10452,22,[12,12,4,4,1,1,2],11]
MAXIMUM [10455,51,[51,15,15,1,1,1,3],8]
MAXIMUM [10458,0,[1,1,1,1,1,1,1],8]
MAXIMUM [10460,18,[10,10,2,2,2,1,1],25]
MAXIMUM [10464,74,[48,24,16,3,3,2,2],25]
MAXIMUM [10465,0,[1,1,1,1,1,1,1],8]
MAXIMUM [10470,23,[5,5,6,6,6,3,1],56]
MAXIMUM [10475,10,[5,5,1,1,1,1,1],10]
MAXIMUM [10476,57,[18,18,27,4,4,4,3],38]
MAXIMUM [10480,38,[40,8,4,4,1,1,2],25]
MAXIMUM [10482,12,[3,3,3,3,1,1,1],17]
MAXIMUM [10485,42,[45,9,3,3,1,1,1],15]
MAXIMUM [10488,58,[46,24,24,8,2,3,3],21]
MAXIMUM [10490,10,[2,2,2,2,2,5,5],8]
MAXIMUM [10494,51,[22,18,18,9,1,1,3],19]
MAXIMUM [10495,5,[1,1,1,1,1,1,1],8]
MAXIMUM [10500,0,[1,1,1,1,1,1,1],8]
MAXIMUM [10505,16,[11,5,5,1,1,1,1],10]
MAXIMUM [10506,48,[34,6,6,6,3,2,1],13]
MAXIMUM [10510,20,[10,10,1,1,1,1,1],11]
MAXIMUM [10512,61,[48,12,18,4,4,3,1],92]
MAXIMUM [10515,30,[15,15,1,1,1,1,1],8]
MAXIMUM [10518,14,[6,6,6,2,2,1,1],8]
MAXIMUM [10520,28,[20,10,2,2,2,1,1],29]
MAXIMUM [10524,24,[12,12,3,3,1,1,1],10]
MAXIMUM [10525,25,[25,5,1,1,1,1,1],8]
MAXIMUM [10530,72,[30,30,9,9,2,2,2],24]
MAXIMUM [10535,0,[1,1,1,1,1,1,1],8]
MAXIMUM [10536,30,[8,8,8,12,1,1,2],27]
MAXIMUM [10540,50,[34,20,5,4,4,4,1],14]
MAXIMUM [10542,0,[1,1,1,1,1,1,1],8]
MAXIMUM [10545,24,[15,15,3,3,1,1,1],14]
MAXIMUM [10548,24,[6,6,9,9,2,2,2],77]
MAXIMUM [10550,50,[50,5,1,1,1,1,1],9]
MAXIMUM [10554,15,[6,6,6,3,1,1,1],8]
MAXIMUM [10555,5,[5,5,1,1,1,1,1],8]
MAXIMUM [10560,156,[88,60,30,4,4,3,3],51]
MAXIMUM [10565,5,[1,1,1,1,1,1,1],8]
MAXIMUM [10566,12,[3,3,3,3,1,1,1],62]
MAXIMUM [10570,0,[1,1,1,1,1,1,1],8]
MAXIMUM [10572,12,[2,2,2,2,2,3,3],8]
MAXIMUM [10575,38,[45,25,3,3,3,1,1],12]
MAXIMUM [10578,6,[1,1,1,1,1,1,1],8]
MAXIMUM [10580,26,[10,10,23,1,1,1,1],29]
MAXIMUM [10584,0,[1,1,1,1,1,1,1],8]
MAXIMUM [10585,34,[29,5,5,1,1,1,1],8]
MAXIMUM [10590,42,[30,30,3,3,2,2,2],15]
MAXIMUM [10595,5,[5,5,1,1,1,1,1],8]
MAXIMUM [10596,31,[12,12,6,4,4,3,1],12]
MAXIMUM [10600,40,[50,1,1,1,1,1,5],21]
MAXIMUM [10602,44,[18,18,9,6,2,2,1],14]
MAXIMUM [10605,0,[1,1,1,1,1,1,1],8]
MAXIMUM [10608,66,[24,24,34,8,3,3,2],53]
MAXIMUM [10610,10,[5,5,1,1,1,1,1],11]
MAXIMUM [10614,60,[58,2,2,2,2,3,3],9]
MAXIMUM [10615,11,[5,5,11,1,1,1,1],9]
MAXIMUM [10620,97,[60,36,18,9,4,4,1],24]
MAXIMUM [10625,22,[17,25,5,1,1,1,1],11]
MAXIMUM [10626,0,[1,1,1,1,1,1,1],8]
MAXIMUM [10630,10,[2,2,2,2,2,5,5],8]
MAXIMUM [10632,42,[24,24,3,3,2,2,2],12]
MAXIMUM [10635,27,[15,15,3,3,1,1,1],8]
MAXIMUM [10638,63,[54,18,6,9,1,1,1],15]
MAXIMUM [10640,0,[1,1,1,1,1,1,1],8]
MAXIMUM [10644,18,[4,4,4,4,6,1,1],36]
MAXIMUM [10645,10,[5,5,1,1,1,1,1],8]
MAXIMUM [10648,74,[88,4,4,4,1,1,2],10]
MAXIMUM [10650,46,[50,15,3,3,3,1,1],18]
MAXIMUM [10655,10,[5,5,1,1,1,1,1],8]
MAXIMUM [10656,108,[72,16,16,9,9,2,3],43]
MAXIMUM [10660,28,[20,10,2,2,2,1,1],17]
MAXIMUM [10662,6,[1,1,1,1,1,1,1],8]
MAXIMUM [10665,37,[27,9,9,15,5,1,1],25]
MAXIMUM [10668,0,[1,1,1,1,1,1,1],8]
MAXIMUM [10670,32,[22,10,10,2,2,1,1],13]
MAXIMUM [10672,108,[58,46,16,16,4,1,1],19]
MAXIMUM [10674,24,[6,6,9,9,2,2,2],32]
MAXIMUM [10675,0,[1,1,1,1,1,1,1],8]
MAXIMUM [10680,63,[40,12,12,6,4,3,1],43]
MAXIMUM [10685,10,[5,5,1,1,1,1,1],8]
MAXIMUM [10686,14,[6,6,6,2,2,1,1],8]
MAXIMUM [10690,10,[5,5,1,1,1,1,1],11]
MAXIMUM [10692,102,[66,54,3,3,2,2,2],28]
MAXIMUM [10695,26,[23,3,3,3,3,5,5],8]
MAXIMUM [10698,12,[2,2,2,2,2,3,3],8]
MAXIMUM [10700,45,[25,20,4,4,4,2,1],10]
MAXIMUM [10704,30,[8,8,8,12,1,1,2],71]
MAXIMUM [10705,5,[1,1,1,1,1,1,1],8]
MAXIMUM [10710,0,[1,1,1,1,1,1,1],8]
MAXIMUM [10715,10,[5,5,1,1,1,1,1],8]
MAXIMUM [10716,20,[6,6,6,3,2,2,1],34]
MAXIMUM [10720,36,[40,8,1,1,2,4,4],41]
MAXIMUM [10722,15,[6,6,6,3,1,1,1],8]
MAXIMUM [10725,53,[33,25,15,1,1,3,3],19]
MAXIMUM [10728,84,[72,18,9,4,4,6,1],26]
MAXIMUM [10730,50,[58,10,10,2,2,1,1],9]
MAXIMUM [10734,12,[3,3,3,3,1,1,1],17]
MAXIMUM [10735,5,[5,5,1,1,1,1,1],8]
MAXIMUM [10740,60,[30,30,2,2,2,3,3],13]
MAXIMUM [10745,0,[1,1,1,1,1,1,1],8]
MAXIMUM [10746,51,[54,18,9,1,1,1,6],11]
MAXIMUM [10750,20,[25,5,1,1,1,1,1],16]
MAXIMUM [10752,0,[1,1,1,1,1,1,1],8]
MAXIMUM [10755,51,[45,5,3,3,3,1,1],16]
MAXIMUM [10758,60,[66,6,3,3,2,2,2],9]
MAXIMUM [10760,38,[40,8,4,4,1,1,2],17]
MAXIMUM [10764,61,[46,12,12,18,4,3,1],39]
MAXIMUM [10765,5,[5,5,1,1,1,1,1],8]
MAXIMUM [10770,48,[30,30,2,2,2,3,3],9]
MAXIMUM [10775,15,[25,1,1,1,1,1,5],8]
MAXIMUM [10776,52,[24,24,8,3,3,2,2],13]
MAXIMUM [10780,0,[1,1,1,1,1,1,1],8]
MAXIMUM [10782,30,[9,9,9,2,2,2,3],13]
MAXIMUM [10785,14,[5,5,3,3,3,3,1],16]
MAXIMUM [10788,46,[29,12,12,4,4,1,2],15]
MAXIMUM [10790,20,[10,10,1,1,1,1,1],11]
MAXIMUM [10794,0,[1,1,1,1,1,1,1],8]
MAXIMUM [10795,14,[17,5,5,1,1,1,1],10]
MAXIMUM [10800,136,[90,48,16,6,3,2,1],82]
MAXIMUM [10805,5,[5,5,1,1,1,1,1],8]
MAXIMUM [10806,15,[6,6,6,3,1,1,1],8]
MAXIMUM [10810,37,[23,10,10,2,2,2,1],15]
MAXIMUM [10812,54,[51,4,4,4,6,6,3],35]
MAXIMUM [10815,0,[1,1,1,1,1,1,1],8]
MAXIMUM [10816,74,[64,8,8,4,1,1,2],16]
MAXIMUM [10818,12,[3,3,3,3,1,1,1],62]
MAXIMUM [10820,26,[20,5,4,4,4,1,2],20]
MAXIMUM [10824,68,[44,24,8,8,2,3,3],24]
MAXIMUM [10825,10,[5,5,1,1,1,1,1],10]
MAXIMUM [10830,30,[15,15,1,1,1,1,1],11]
MAXIMUM [10835,8,[11,5,5,1,1,1,1],10]
MAXIMUM [10836,0,[1,1,1,1,1,1,1],8]
MAXIMUM [10840,25,[20,4,4,4,2,5,1],37]
MAXIMUM [10842,20,[6,6,6,3,2,2,1],10]
MAXIMUM [10845,39,[45,9,3,3,1,1,1],18]
MAXIMUM [10848,71,[48,32,12,6,4,3,1],28]
MAXIMUM [10850,0,[1,1,1,1,1,1,1],8]
MAXIMUM [10854,53,[18,18,27,6,2,2,1],20]
MAXIMUM [10855,10,[5,5,1,1,1,1,1],8]
MAXIMUM [10860,40,[10,10,12,12,3,3,1],58]
MAXIMUM [10865,10,[5,5,1,1,1,1,1],8]
MAXIMUM [10866,12,[2,2,2,2,2,3,3],8]
MAXIMUM [10870,18,[10,10,2,2,2,1,1],9]
MAXIMUM [10872,69,[36,18,8,8,8,9,3],42]
MAXIMUM [10875,42,[25,29,15,1,1,1,1],14]
MAXIMUM [10878,0,[1,1,1,1,1,1,1],8]
MAXIMUM [10880,87,[64,16,17,8,10,20,1],29]
MAXIMUM [10884,20,[6,6,6,3,2,2,1],34]
MAXIMUM [10885,0,[1,1,1,1,1,1,1],8]
MAXIMUM [10890,102,[90,33,6,6,1,2,2],14]
MAXIMUM [10895,10,[5,5,1,1,1,1,1],8]
MAXIMUM [10896,50,[48,16,4,4,6,1,1],26]
MAXIMUM [10900,50,[50,5,1,1,1,1,1],9]
MAXIMUM [10902,18,[23,3,3,3,3,1,1],28]
MAXIMUM [10905,13,[3,3,3,3,5,5,1],27]
MAXIMUM [10908,48,[36,9,9,2,2,2,3],33]
MAXIMUM [10910,10,[2,2,2,2,2,5,5],8]
MAXIMUM [10914,27,[51,1,1,1,3,3,3],10]
MAXIMUM [10915,5,[1,1,1,1,1,1,1],8]
MAXIMUM [10920,0,[1,1,1,1,1,1,1],8]
MAXIMUM [10925,23,[25,5,23,1,1,1,1],13]
MAXIMUM [10926,24,[6,6,9,9,2,2,2],32]
MAXIMUM [10930,20,[10,10,1,1,1,1,1],11]
MAXIMUM [10932,31,[12,12,6,4,4,3,1],12]
MAXIMUM [10935,36,[15,15,9,9,1,1,1],11]
MAXIMUM [10938,14,[6,6,6,2,2,1,1],8]
MAXIMUM [10940,28,[20,10,2,2,2,1,1],17]
MAXIMUM [10944,88,[64,24,36,8,3,3,2],70]
MAXIMUM [10945,14,[11,5,5,1,1,1,1],8]
MAXIMUM [10950,60,[30,30,2,2,2,3,3],21]
MAXIMUM [10955,0,[1,1,1,1,1,1,1],8]
MAXIMUM [10956,40,[22,12,12,4,4,1,1],24]
MAXIMUM [10960,44,[40,5,4,4,1,1,1],18]
MAXIMUM [10962,0,[1,1,1,1,1,1,1],8]
MAXIMUM [10965,38,[17,15,15,3,3,1,1],16]
MAXIMUM [10968,42,[24,24,3,3,2,2,2],12]
MAXIMUM [10970,10,[5,5,1,1,1,1,1],11]
MAXIMUM [10974,15,[6,6,6,3,1,1,1],8]
MAXIMUM [10975,10,[25,5,1,1,1,1,1],10]
MAXIMUM [10980,96,[60,30,9,9,4,4,4],34]
MAXIMUM [10985,5,[1,1,1,1,1,1,1],8]
MAXIMUM [10986,12,[3,3,3,3,1,1,1],17]
MAXIMUM [10990,0,[1,1,1,1,1,1,1],8]
MAXIMUM [10992,48,[16,16,24,2,2,3,3],21]
MAXIMUM [10995,14,[5,5,3,3,3,3,1],16]
MAXIMUM [10998,33,[18,18,9,1,1,1,3],10]
MAXIMUM [11000,48,[40,22,8,1,1,4,4],35]
MAXIMUM [11004,0,[1,1,1,1,1,1,1],8]
MAXIMUM [11005,10,[5,5,1,1,1,1,1],8]
MAXIMUM [11010,42,[30,30,3,3,2,2,2],15]
MAXIMUM [11015,5,[5,5,1,1,1,1,1],8]
MAXIMUM [11016,95,[54,34,12,12,4,3,1],71]
MAXIMUM [11020,66,[58,10,10,2,2,1,1],19]
MAXIMUM [11022,23,[11,6,6,6,2,2,1],24]
MAXIMUM [11025,0,[1,1,1,1,1,1,1],8]
MAXIMUM [11028,24,[12,12,3,3,1,1,1],10]
MAXIMUM [11030,10,[5,5,1,1,1,1,1],11]
MAXIMUM [11034,30,[9,9,9,2,2,2,3],13]
MAXIMUM [11035,10,[5,5,1,1,1,1,1],8]
MAXIMUM [11040,120,[60,46,32,30,8,3,3],31]
MAXIMUM [11045,5,[5,5,1,1,1,1,1],8]
MAXIMUM [11046,0,[1,1,1,1,1,1,1],8]
MAXIMUM [11050,48,[25,34,2,2,2,2,5],10]
MAXIMUM [11052,24,[6,6,9,9,2,2,2],77]
MAXIMUM [11055,31,[15,15,11,3,3,1,1],14]
MAXIMUM [11058,15,[6,6,6,3,1,1,1],8]
MAXIMUM [11060,0,[1,1,1,1,1,1,1],8]
MAXIMUM [11064,18,[4,4,4,4,6,1,1],122]
MAXIMUM [11065,10,[5,5,1,1,1,1,1],8]
MAXIMUM [11070,64,[54,10,10,3,3,6,2],82]
MAXIMUM [11075,25,[25,5,1,1,1,1,1],8]
MAXIMUM [11076,12,[2,2,2,2,2,3,3],8]
MAXIMUM [11080,28,[20,10,2,2,2,1,1],29]
MAXIMUM [11082,6,[1,1,1,1,1,1,1],8]
MAXIMUM [11085,15,[15,15,1,1,1,1,1],8]
MAXIMUM [11088,0,[1,1,1,1,1,1,1],8]
MAXIMUM [11090,18,[10,10,2,2,2,1,1],8]
MAXIMUM [11094,20,[6,6,6,3,2,2,1],10]
MAXIMUM [11095,0,[1,1,1,1,1,1,1],8]
MAXIMUM [11100,57,[20,25,12,12,6,4,3],28]
MAXIMUM [11105,10,[5,5,1,1,1,1,1],8]
MAXIMUM [11106,44,[18,18,9,6,2,2,1],14]
MAXIMUM [11110,28,[22,5,5,1,1,1,1],12]
MAXIMUM [11112,52,[24,24,8,3,3,2,2],13]
MAXIMUM [11115,42,[45,9,3,3,1,1,1],15]
MAXIMUM [11118,54,[51,2,2,2,3,3,3],10]
MAXIMUM [11120,41,[16,16,20,4,2,5,1],19]
MAXIMUM [11124,79,[36,54,12,9,4,4,1],16]
MAXIMUM [11125,15,[25,1,1,1,1,1,5],8]
MAXIMUM [11130,0,[1,1,1,1,1,1,1],8]
MAXIMUM [11132,65,[44,23,2,2,2,2,1],32]
MAXIMUM [11135,17,[17,5,5,1,1,1,1],10]
MAXIMUM [11136,106,[48,58,24,16,3,3,2],23]
MAXIMUM [11140,20,[10,10,1,1,1,1,1],14]
MAXIMUM [11142,27,[18,18,6,3,1,2,2],14]
MAXIMUM [11145,30,[15,15,1,1,1,1,1],8]
MAXIMUM [11148,18,[4,4,4,4,6,1,1],36]
MAXIMUM [11150,19,[10,25,2,2,2,2,1],19]
MAXIMUM [11154,66,[66,3,3,3,1,1,1],13]
MAXIMUM [11155,21,[23,5,5,1,1,1,1],8]
MAXIMUM [11160,120,[72,30,9,9,8,8,10],39]
MAXIMUM [11165,0,[1,1,1,1,1,1,1],8]
MAXIMUM [11166,6,[1,1,1,1,1,1,1],8]
MAXIMUM [11170,10,[5,5,1,1,1,1,1],11]
MAXIMUM [11172,0,[1,1,1,1,1,1,1],8]
MAXIMUM [11175,24,[15,15,3,3,1,1,1],20]
MAXIMUM [11176,88,[88,4,4,4,2,1,1],9]
MAXIMUM [11178,54,[27,23,6,6,6,2,2],55]
MAXIMUM [11180,18,[4,4,4,4,5,5,2],42]
MAXIMUM [11184,55,[48,12,6,4,4,3,1],36]
MAXIMUM [11185,5,[5,5,1,1,1,1,1],8]
MAXIMUM [11190,48,[30,30,2,2,2,3,3],9]
MAXIMUM [11195,5,[1,1,1,1,1,1,1],8]
MAXIMUM [11196,36,[36,12,3,3,1,1,1],19]
MAXIMUM [11200,0,[1,1,1,1,1,1,1],8]
MAXIMUM [11202,12,[2,2,2,2,2,3,3],8]
MAXIMUM [11205,42,[27,45,3,3,1,1,1],15]
MAXIMUM [11208,30,[8,8,8,12,1,1,2],27]
MAXIMUM [11210,20,[10,10,1,1,1,1,1],11]
MAXIMUM [11214,0,[1,1,1,1,1,1,1],8]
MAXIMUM [11215,10,[5,5,1,1,1,1,1],8]
MAXIMUM [11220,116,[66,34,20,30,3,3,2],79]
MAXIMUM [11225,25,[25,5,1,1,1,1,1],8]
MAXIMUM [11226,15,[6,6,6,3,1,1,1],8]
MAXIMUM [11230,18,[10,10,2,2,2,1,1],8]
MAXIMUM [11232,131,[72,32,48,27,9,2,2],42]
MAXIMUM [11235,0,[1,1,1,1,1,1,1],8]
MAXIMUM [11238,12,[3,3,3,3,1,1,1],17]
MAXIMUM [11240,44,[40,5,4,4,1,1,1],15]
MAXIMUM [11244,12,[2,2,2,2,2,3,3],8]
MAXIMUM [11245,10,[5,5,1,1,1,1,1],8]
MAXIMUM [11250,69,[50,15,9,9,9,1,1],37]
MAXIMUM [11255,5,[5,5,1,1,1,1,1],8]
MAXIMUM [11256,0,[1,1,1,1,1,1,1],8]
MAXIMUM [11260,25,[20,4,4,4,2,5,1],10]
MAXIMUM [11262,20,[6,6,6,3,2,2,1],10]
MAXIMUM [11264,92,[64,22,8,8,4,1,1],37]
MAXIMUM [11265,27,[15,15,3,3,1,1,1],8]
MAXIMUM [11268,37,[12,12,18,4,4,3,1],30]
MAXIMUM [11270,0,[1,1,1,1,1,1,1],8]
MAXIMUM [11274,14,[6,6,6,2,2,1,1],8]
MAXIMUM [11275,26,[25,11,5,1,1,1,1],14]
MAXIMUM [11280,68,[24,24,10,10,8,3,3],101]
MAXIMUM [11285,10,[5,5,1,1,1,1,1],8]
MAXIMUM [11286,66,[66,9,9,9,2,2,2],19]
MAXIMUM [11290,18,[10,10,2,2,2,1,1],9]
MAXIMUM [11292,22,[12,12,4,4,1,1,2],11]
MAXIMUM [11295,28,[9,9,9,15,5,1,1],16]
MAXIMUM [11298,0,[1,1,1,1,1,1,1],8]
MAXIMUM [11300,40,[50,1,1,1,1,1,5],11]
MAXIMUM [11304,72,[72,24,9,9,2,2,2],10]
MAXIMUM [11305,0,[1,1,1,1,1,1,1],8]
MAXIMUM [11310,31,[29,5,5,6,6,6,3],102]
MAXIMUM [11315,10,[5,5,1,1,1,1,1],8]
MAXIMUM [11316,54,[46,4,4,4,4,1,1],32]
MAXIMUM [11320,38,[40,8,4,4,1,1,2],17]
MAXIMUM [11322,26,[17,3,3,3,3,1,1],139]
MAXIMUM [11325,18,[25,3,3,3,3,5,1],16]
MAXIMUM [11328,80,[64,16,24,2,3,3,4],33]
MAXIMUM [11330,18,[11,2,2,2,2,2,5],9]
MAXIMUM [11334,6,[1,1,1,1,1,1,1],8]
MAXIMUM [11335,5,[1,1,1,1,1,1,1],8]
MAXIMUM [11340,0,[1,1,1,1,1,1,1],8]
MAXIMUM [11345,10,[5,5,1,1,1,1,1],8]
MAXIMUM [11346,20,[6,6,6,3,2,2,1],10]
MAXIMUM [11350,35,[50,5,1,1,1,1,1],10]
MAXIMUM [11352,79,[88,12,12,6,4,3,1],19]
MAXIMUM [11355,30,[15,15,1,1,1,1,1],8]
MAXIMUM [11358,44,[18,18,9,6,2,2,1],14]
MAXIMUM [11360,44,[20,16,16,10,2,1,1],36]
MAXIMUM [11364,24,[12,12,3,3,1,1,1],10]
MAXIMUM [11365,5,[5,5,1,1,1,1,1],8]
MAXIMUM [11370,60,[30,30,2,2,2,3,3],11]
MAXIMUM [11375,0,[1,1,1,1,1,1,1],8]
MAXIMUM [11376,69,[36,18,8,8,8,9,3],100]
MAXIMUM [11380,26,[20,5,4,4,4,1,2],20]
MAXIMUM [11382,0,[1,1,1,1,1,1,1],8]
MAXIMUM [11385,78,[45,33,23,5,3,3,1],14]
MAXIMUM [11388,20,[6,6,6,3,2,2,1],34]
MAXIMUM [11390,14,[17,5,5,1,1,1,1],22]
MAXIMUM [11394,63,[54,18,6,9,1,1,1],15]
MAXIMUM [11395,5,[5,5,1,1,1,1,1],8]
MAXIMUM [11400,84,[60,30,4,4,4,3,3],22]
MAXIMUM [11405,5,[1,1,1,1,1,1,1],8]
MAXIMUM [11406,12,[3,3,3,3,1,1,1],17]
MAXIMUM [11410,0,[1,1,1,1,1,1,1],8]
MAXIMUM [11412,48,[36,9,9,2,2,2,3],18]
MAXIMUM [11415,14,[5,5,3,3,3,3,1],16]
MAXIMUM [11418,24,[22,1,1,1,1,1,1],11]
MAXIMUM [11420,20,[10,10,1,1,1,1,1],14]
MAXIMUM [11424,0,[1,1,1,1,1,1,1],8]
MAXIMUM [11425,25,[25,5,1,1,1,1,1],8]
MAXIMUM [11430,92,[90,6,6,3,2,2,1],13]
MAXIMUM [11435,5,[5,5,1,1,1,1,1],8]
MAXIMUM [11436,31,[12,12,6,4,4,3,1],12]
MAXIMUM [11440,78,[44,16,16,8,10,1,1],30]
MAXIMUM [11442,14,[6,6,6,2,2,1,1],8]
MAXIMUM [11445,0,[1,1,1,1,1,1,1],8]
MAXIMUM [11448,92,[54,24,36,8,8,9,1],22]
MAXIMUM [11450,20,[25,5,1,1,1,1,1],16]
MAXIMUM [11454,30,[23,2,2,2,2,2,3],9]
MAXIMUM [11455,26,[29,5,5,1,1,1,1],8]
MAXIMUM [11460,66,[60,30,4,4,4,3,3],14]
MAXIMUM [11465,5,[5,5,1,1,1,1,1],8]
MAXIMUM [11466,0,[1,1,1,1,1,1,1],8]
MAXIMUM [11470,10,[2,2,2,2,2,5,5],8]
MAXIMUM [11472,74,[48,24,16,3,3,2,2],16]
MAXIMUM [11475,85,[51,45,25,3,3,1,1],38]
MAXIMUM [11478,15,[6,6,6,3,1,1,1],8]
MAXIMUM [11480,0,[1,1,1,1,1,1,1],8]
MAXIMUM [11484,114,[58,44,18,18,9,4,3],25]
MAXIMUM [11485,10,[5,5,1,1,1,1,1],8]
MAXIMUM [11490,28,[10,10,3,3,3,3,1],56]
MAXIMUM [11495,17,[11,5,5,1,1,1,1],10]
MAXIMUM [11496,40,[24,24,8,2,2,3,3],10]
MAXIMUM [11500,42,[20,23,25,2,2,2,2],40]
MAXIMUM [11502,51,[54,18,9,1,1,1,6],11]
MAXIMUM [11505,15,[15,15,1,1,1,1,1],8]
MAXIMUM [11508,0,[1,1,1,1,1,1,1],8]
MAXIMUM [11510,18,[10,10,2,2,2,1,1],8]
MAXIMUM [11514,20,[6,6,6,3,2,2,1],10]
MAXIMUM [11515,0,[1,1,1,1,1,1,1],8]
MAXIMUM [11520,131,[90,48,32,12,4,3,1],46]
MAXIMUM [11525,10,[5,5,1,1,1,1,1],10]
MAXIMUM [11526,50,[51,6,6,6,2,2,1],9]
MAXIMUM [11530,10,[5,5,1,1,1,1,1],11]
MAXIMUM [11532,24,[12,12,3,3,1,1,1],10]
MAXIMUM [11535,13,[3,3,3,3,5,5,1],27]
MAXIMUM [11538,30,[9,9,9,2,2,2,3],13]
MAXIMUM [11540,25,[20,4,4,4,2,5,1],10]
MAXIMUM [11544,30,[8,8,8,12,1,1,2],27]
MAXIMUM [11545,5,[1,1,1,1,1,1,1],8]
MAXIMUM [11550,0,[1,1,1,1,1,1,1],8]
MAXIMUM [11555,10,[5,5,1,1,1,1,1],8]
MAXIMUM [11556,42,[27,6,6,9,2,2,2],72]
MAXIMUM [11560,50,[40,17,8,1,2,4,4],26]
MAXIMUM [11562,15,[6,6,6,3,1,1,1],8]
MAXIMUM [11565,36,[15,15,9,9,1,1,1],9]
MAXIMUM [11568,50,[48,16,4,4,6,1,1],26]
MAXIMUM [11570,18,[10,10,2,2,2,1,1],9]
MAXIMUM [11574,12,[3,3,3,3,1,1,1],62]
MAXIMUM [11575,25,[25,5,1,1,1,1,1],8]
MAXIMUM [11580,60,[30,30,2,2,2,3,3],13]
MAXIMUM [11585,0,[1,1,1,1,1,1,1],8]
MAXIMUM [11586,6,[1,1,1,1,1,1,1],8]
MAXIMUM [11590,10,[5,5,1,1,1,1,1],11]
MAXIMUM [11592,0,[1,1,1,1,1,1,1],8]
MAXIMUM [11595,24,[15,15,3,3,1,1,1],14]
MAXIMUM [11598,20,[6,6,6,3,2,2,1],10]
MAXIMUM [11600,74,[50,29,5,1,1,1,1],40]
MAXIMUM [11604,31,[12,12,6,4,4,3,1],12]
MAXIMUM [11605,8,[11,5,5,1,1,1,1],10]
MAXIMUM [11610,72,[30,18,18,27,2,2,5],39]
MAXIMUM [11615,24,[23,1,1,1,1,1,1],8]
MAXIMUM [11616,92,[66,24,8,8,3,3,2],51]
MAXIMUM [11620,0,[1,1,1,1,1,1,1],8]
MAXIMUM [11622,12,[2,2,2,2,2,3,3],8]
MAXIMUM [11625,24,[25,5,3,3,3,3,1],17]
MAXIMUM [11628,79,[36,51,18,12,4,4,1],16]
MAXIMUM [11630,20,[10,10,1,1,1,1,1],11]
MAXIMUM [11634,0,[1,1,1,1,1,1,1],8]
MAXIMUM [11635,10,[5,5,1,1,1,1,1],8]
MAXIMUM [11640,60,[20,24,30,6,3,2,1],36]
MAXIMUM [11645,7,[17,5,5,1,1,1,1],10]
MAXIMUM [11646,27,[18,18,6,3,1,2,2],14]
MAXIMUM [11650,40,[50,1,1,1,1,1,5],10]
MAXIMUM [11652,18,[4,4,4,4,6,1,1],36]
MAXIMUM [11655,0,[1,1,1,1,1,1,1],8]
MAXIMUM [11658,28,[29,3,3,3,3,1,1],28]
MAXIMUM [11660,32,[20,11,5,4,4,4,2],32]
MAXIMUM [11664,108,[72,16,16,9,9,2,3],45]
MAXIMUM [11665,10,[5,5,1,1,1,1,1],8]
MAXIMUM [11670,30,[15,15,1,1,1,1,1],11]
MAXIMUM [11675,10,[25,5,1,1,1,1,1],10]
MAXIMUM [11676,0,[1,1,1,1,1,1,1],8]
MAXIMUM [11680,57,[32,16,20,4,2,5,1],24]
MAXIMUM [11682,66,[66,6,9,9,2,2,2],15]
MAXIMUM [11685,27,[15,15,3,3,1,1,1],8]
MAXIMUM [11688,31,[12,12,6,4,4,3,1],40]
MAXIMUM [11690,0,[1,1,1,1,1,1,1],8]
MAXIMUM [11694,14,[6,6,6,2,2,1,1],8]
MAXIMUM [11695,10,[5,5,1,1,1,1,1],8]
MAXIMUM [11700,76,[45,50,3,3,3,1,1],26]
MAXIMUM [11705,10,[5,5,1,1,1,1,1],8]
MAXIMUM [11706,12,[2,2,2,2,2,3,3],8]
MAXIMUM [11710,18,[10,10,2,2,2,1,1],9]
MAXIMUM [11712,78,[64,8,8,12,1,1,2],40]
MAXIMUM [11715,24,[11,15,15,1,1,1,1],13]
MAXIMUM [11718,0,[1,1,1,1,1,1,1],8]
MAXIMUM [11720,30,[8,8,8,10,10,1,1],24]
MAXIMUM [11724,20,[6,6,6,3,2,2,1],34]
MAXIMUM [11725,0,[1,1,1,1,1,1,1],8]
MAXIMUM [11730,72,[46,34,5,5,6,6,6],9]
MAXIMUM [11735,10,[5,5,1,1,1,1,1],8]
MAXIMUM [11736,84,[72,18,9,4,4,6,1],26]
MAXIMUM [11740,18,[4,4,4,4,5,5,2],42]
MAXIMUM [11742,12,[3,3,3,3,1,1,1],17]
MAXIMUM [11745,64,[45,27,29,3,3,1,1],11]
MAXIMUM [11748,48,[44,2,2,2,2,3,3],10]
MAXIMUM [11750,30,[25,2,2,2,2,2,5],9]
MAXIMUM [11754,33,[18,18,9,1,1,1,3],10]
MAXIMUM [11755,5,[1,1,1,1,1,1,1],8]
MAXIMUM [11760,0,[1,1,1,1,1,1,1],8]
MAXIMUM [11765,10,[5,5,1,1,1,1,1],8]
MAXIMUM [11766,20,[6,6,6,3,2,2,1],10]
MAXIMUM [11770,32,[22,10,10,1,1,1,1],13]
MAXIMUM [11772,73,[54,12,12,4,4,3,1],33]
MAXIMUM [11775,35,[25,15,1,1,1,1,1],10]
MAXIMUM [11776,89,[64,23,16,8,2,4,1],32]
MAXIMUM [11778,14,[6,6,6,2,2,1,1],8]
MAXIMUM [11780,28,[20,10,2,2,2,1,1],17]
MAXIMUM [11784,52,[24,24,8,3,3,2,2],13]
MAXIMUM [11785,5,[5,5,1,1,1,1,1],8]
MAXIMUM [11790,72,[30,30,9,9,2,2,2],18]
MAXIMUM [11792,88,[88,4,4,4,2,1,1],11]
MAXIMUM [11795,0,[1,1,1,1,1,1,1],8]
MAXIMUM [11796,22,[12,12,4,4,1,1,2],11]
MAXIMUM [11800,54,[40,25,4,4,1,1,1],13]
MAXIMUM [11802,0,[1,1,1,1,1,1,1],8]
MAXIMUM [11805,24,[15,15,3,3,1,1,1],14]
MAXIMUM [11808,104,[48,72,16,9,9,2,2],18]
MAXIMUM [11810,10,[5,5,1,1,1,1,1],11]
MAXIMUM [11814,42,[33,6,6,6,1,1,1],12]
MAXIMUM [11815,17,[17,5,5,1,1,1,1],8]
MAXIMUM [11820,84,[60,30,4,4,4,3,3],11]
MAXIMUM [11825,19,[25,11,1,1,1,1,5],9]
MAXIMUM [11826,48,[54,3,3,6,2,2,2],19]
MAXIMUM [11830,0,[1,1,1,1,1,1,1],8]
MAXIMUM [11832,130,[58,51,24,24,8,2,3],15]
MAXIMUM [11835,28,[45,5,3,3,3,1,1],13]
MAXIMUM [11838,6,[1,1,1,1,1,1,1],8]
MAXIMUM [11840,68,[64,40,1,1,2,4,4],19]
MAXIMUM [11844,0,[1,1,1,1,1,1,1],8]
MAXIMUM [11845,19,[23,5,5,1,1,1,1],10]
MAXIMUM [11850,42,[30,30,3,3,2,2,2],21]
MAXIMUM [11855,5,[5,5,1,1,1,1,1],8]
MAXIMUM [11856,55,[48,12,6,4,4,3,1],36]
MAXIMUM [11860,18,[10,10,2,2,2,1,1],25]
MAXIMUM [11862,44,[18,18,9,6,2,2,1],14]
MAXIMUM [11865,0,[1,1,1,1,1,1,1],8]
MAXIMUM [11868,30,[12,12,23,3,3,1,1],19]
MAXIMUM [11870,10,[5,5,1,1,1,1,1],11]
MAXIMUM [11874,12,[2,2,2,2,2,3,3],8]
MAXIMUM [11875,10,[5,5,1,1,1,1,1],10]
MAXIMUM [11880,175,[88,60,36,54,9,4,1],28]
MAXIMUM [11885,5,[5,5,1,1,1,1,1],8]
MAXIMUM [11886,0,[1,1,1,1,1,1,1],8]
MAXIMUM [11890,50,[58,2,2,2,2,5,5],9]
MAXIMUM [11892,20,[6,6,6,3,2,2,1],34]
MAXIMUM [11895,27,[15,15,3,3,1,1,1],8]
MAXIMUM [11898,27,[18,18,6,3,1,2,2],14]
MAXIMUM [11900,0,[1,1,1,1,1,1,1],8]
MAXIMUM [11904,66,[32,48,4,4,6,1,1],48]
MAXIMUM [11905,10,[5,5,1,1,1,1,1],8]
MAXIMUM [11910,28,[10,10,3,3,3,3,1],56]
MAXIMUM [11915,10,[5,5,1,1,1,1,1],8]
MAXIMUM [11916,48,[36,9,9,2,2,2,3],18]
MAXIMUM [11920,44,[20,16,16,10,2,1,1],22]
MAXIMUM [11922,6,[1,1,1,1,1,1,1],8]
MAXIMUM [11925,48,[25,9,9,9,15,1,1],12]
MAXIMUM [11928,0,[1,1,1,1,1,1,1],8]
MAXIMUM [11930,18,[10,10,2,2,2,1,1],8]
MAXIMUM [11934,70,[34,27,6,6,9,2,2],48]
MAXIMUM [11935,0,[1,1,1,1,1,1,1],8]
MAXIMUM [11940,55,[60,12,6,4,4,3,1],18]
MAXIMUM [11945,10,[5,5,1,1,1,1,1],8]
MAXIMUM [11946,23,[11,6,6,6,2,2,1],24]
MAXIMUM [11950,50,[50,5,1,1,1,1,1],9]
MAXIMUM [11952,56,[24,36,8,8,3,3,2],107]
MAXIMUM [11955,13,[3,3,3,3,5,5,1],27]
MAXIMUM [11958,12,[2,2,2,2,2,3,3],8]
MAXIMUM [11960,63,[46,20,4,4,4,5,1],29]
MAXIMUM [11964,22,[12,12,4,4,1,1,2],11]
MAXIMUM [11965,5,[1,1,1,1,1,1,1],8]
MAXIMUM [11968,82,[88,34,4,4,4,1,1],14]
MAXIMUM [11970,0,[1,1,1,1,1,1,1],8]
MAXIMUM [11975,20,[25,5,1,1,1,1,1],10]
MAXIMUM [11976,42,[24,24,3,3,2,2,2],12]
MAXIMUM [11980,20,[10,10,1,1,1,1,1],14]
MAXIMUM [11982,15,[6,6,6,3,1,1,1],8]
MAXIMUM [11985,51,[51,15,15,1,1,1,3],10]
MAXIMUM [11988,57,[18,18,27,4,4,4,3],38]
MAXIMUM [11990,21,[10,10,11,2,2,2,1],15]
MAXIMUM [11994,12,[3,3,3,3,1,1,1],17]
MAXIMUM [11995,5,[5,5,1,1,1,1,1],8]
MAXIMUM [12000,88,[30,30,16,16,8,3,3],94]
MAXIMUM [12005,0,[1,1,1,1,1,1,1],8]
MAXIMUM [12006,89,[46,29,18,18,9,2,6],24]
MAXIMUM [12010,10,[5,5,1,1,1,1,1],11]
MAXIMUM [12012,0,[1,1,1,1,1,1,1],8]
MAXIMUM [12015,57,[45,27,3,3,1,1,1],14]
MAXIMUM [12018,20,[6,6,6,3,2,2,1],10]
MAXIMUM [12020,18,[4,4,4,4,5,5,2],42]
MAXIMUM [12024,37,[12,12,18,4,4,3,1],104]
MAXIMUM [12025,10,[25,5,1,1,1,1,1],10]
MAXIMUM [12030,48,[30,30,2,2,2,3,3],9]
MAXIMUM [12035,25,[29,1,1,1,1,1,1],8]
MAXIMUM [12036,38,[17,12,12,3,3,1,1],24]
MAXIMUM [12040,0,[1,1,1,1,1,1,1],8]
MAXIMUM [12042,30,[9,9,9,2,2,2,3],23]
MAXIMUM [12045,41,[33,5,5,3,3,3,1],15]
MAXIMUM [12048,30,[8,8,8,12,1,1,2],71]
MAXIMUM [12050,35,[50,5,1,1,1,1,1],10]
MAXIMUM [12054,0,[1,1,1,1,1,1,1],8]
MAXIMUM [12055,10,[5,5,1,1,1,1,1],8]
MAXIMUM [12056,58,[44,8,8,8,2,1,1],10]
MAXIMUM [12060,92,[90,6,6,3,2,2,1],38]
MAXIMUM [12065,5,[5,5,1,1,1,1,1],8]
MAXIMUM [12066,15,[6,6,6,3,1,1,1],8]
MAXIMUM [12070,27,[17,10,10,2,2,2,1],15]
MAXIMUM [12072,18,[4,4,4,4,6,1,1],122]
MAXIMUM [12075,0,[1,1,1,1,1,1,1],8]
MAXIMUM [12078,66,[66,3,3,3,1,1,1],28]
MAXIMUM [12080,44,[40,5,4,4,1,1,1],18]
MAXIMUM [12084,12,[2,2,2,2,2,3,3],8]
MAXIMUM [12085,10,[5,5,1,1,1,1,1],8]
MAXIMUM [12090,30,[15,15,1,1,1,1,1],11]
MAXIMUM [12095,5,[5,5,1,1,1,1,1],8]
MAXIMUM [12096,0,[1,1,1,1,1,1,1],8]
MAXIMUM [12100,73,[44,25,20,4,4,2,1],18]
MAXIMUM [12102,20,[6,6,6,3,2,2,1],10]
MAXIMUM [12105,39,[45,9,3,3,1,1,1],18]
MAXIMUM [12108,31,[12,12,6,4,4,3,1],12]
MAXIMUM [12110,0,[1,1,1,1,1,1,1],8]
MAXIMUM [12114,44,[18,18,9,6,2,2,1],14]
MAXIMUM [12115,10,[5,5,1,1,1,1,1],8]
MAXIMUM [12120,68,[24,24,10,10,8,3,3],53]
MAXIMUM [12125,25,[25,5,1,1,1,1,1],8]
MAXIMUM [12126,12,[2,2,2,2,2,3,3],8]
MAXIMUM [12130,18,[10,10,2,2,2,1,1],9]
MAXIMUM [12132,61,[36,18,12,9,4,4,1],14]
MAXIMUM [12135,15,[15,15,1,1,1,1,1],8]
MAXIMUM [12138,0,[1,1,1,1,1,1,1],8]
MAXIMUM [12140,18,[10,10,2,2,2,1,1],25]
MAXIMUM [12144,116,[66,48,46,16,3,3,2],33]
MAXIMUM [12145,0,[1,1,1,1,1,1,1],8]
MAXIMUM [12150,81,[54,25,18,5,6,9,1],47]
MAXIMUM [12155,25,[17,5,5,11,1,1,1],9]
MAXIMUM [12156,18,[4,4,4,4,6,1,1],36]
MAXIMUM [12160,86,[64,40,4,4,1,1,2],15]
MAXIMUM [12162,12,[3,3,3,3,1,1,1],17]
MAXIMUM [12165,13,[3,3,3,3,5,5,1],27]
MAXIMUM [12168,100,[72,24,9,9,8,2,2],16]
MAXIMUM [12170,10,[2,2,2,2,2,5,5],8]
MAXIMUM [12174,6,[1,1,1,1,1,1,1],8]
MAXIMUM [12175,15,[25,1,1,1,1,1,5],8]
MAXIMUM [12180,0,[1,1,1,1,1,1,1],8]
MAXIMUM [12185,10,[5,5,1,1,1,1,1],8]
MAXIMUM [12186,24,[6,6,9,9,2,2,2],32]
MAXIMUM [12190,26,[10,10,23,1,1,1,1],20]
MAXIMUM [12192,71,[48,32,12,6,4,3,1],28]
MAXIMUM [12195,36,[15,15,9,9,1,1,1],9]
MAXIMUM [12198,14,[6,6,6,2,2,1,1],8]
MAXIMUM [12200,29,[20,25,2,2,2,2,1],66]
MAXIMUM [12204,72,[54,36,12,9,1,1,1],14]
MAXIMUM [12205,5,[5,5,1,1,1,1,1],8]
MAXIMUM [12210,81,[66,30,15,2,2,2,3],18]
MAXIMUM [12215,0,[1,1,1,1,1,1,1],8]
MAXIMUM [12216,30,[8,8,8,12,1,1,2],27]
MAXIMUM [12220,26,[20,5,4,4,4,1,2],20]
MAXIMUM [12222,0,[1,1,1,1,1,1,1],8]
MAXIMUM [12225,24,[15,15,3,3,1,1,1],20]
MAXIMUM [12228,20,[6,6,6,3,2,2,1],34]
MAXIMUM [12230,10,[5,5,1,1,1,1,1],11]
MAXIMUM [12234,15,[6,6,6,3,1,1,1],8]
MAXIMUM [12235,5,[5,5,1,1,1,1,1],8]
MAXIMUM [12240,150,[60,72,18,16,16,9,17],78]
MAXIMUM [12245,5,[1,1,1,1,1,1,1],8]
MAXIMUM [12246,12,[3,3,3,3,1,1,1],17]
MAXIMUM [12250,0,[1,1,1,1,1,1,1],8]
MAXIMUM [12252,12,[2,2,2,2,2,3,3],8]
MAXIMUM [12255,14,[5,5,3,3,3,3,1],16]
MAXIMUM [12258,51,[54,18,9,1,1,1,6],11]
MAXIMUM [12260,20,[10,10,1,1,1,1,1],14]
MAXIMUM [12264,0,[1,1,1,1,1,1,1],8]
MAXIMUM [12265,17,[11,5,5,1,1,1,1],10]
MAXIMUM [12270,42,[30,30,3,3,2,2,2],15]
MAXIMUM [12275,25,[25,5,1,1,1,1,1],8]
MAXIMUM [12276,64,[33,12,12,18,4,4,1],40]
MAXIMUM [12280,30,[8,8,8,10,10,1,1],24]
MAXIMUM [12282,52,[46,6,6,6,2,1,1],9]
MAXIMUM [12285,0,[1,1,1,1,1,1,1],8]
MAXIMUM [12288,84,[64,24,24,3,3,2,2],20]
MAXIMUM [12290,10,[5,5,1,1,1,1,1],11]
MAXIMUM [12294,30,[9,9,9,2,2,2,3],13]
MAXIMUM [12295,10,[5,5,1,1,1,1,1],8]
MAXIMUM [12300,66,[60,30,4,4,4,3,3],24]
MAXIMUM [12305,18,[23,5,5,1,1,1,1],8]
MAXIMUM [12306,0,[1,1,1,1,1,1,1],8]
MAXIMUM [12310,10,[2,2,2,2,2,5,5],8]
MAXIMUM [12312,90,[72,27,24,9,2,2,2],17]
MAXIMUM [12315,27,[15,15,3,3,1,1,1],8]
MAXIMUM [12318,15,[6,6,6,3,1,1,1],8]
MAXIMUM [12320,0,[1,1,1,1,1,1,1],8]
MAXIMUM [12324,18,[4,4,4,4,6,1,1],36]
MAXIMUM [12325,35,[25,29,17,5,1,1,1],17]
MAXIMUM [12330,56,[45,10,3,3,3,1,1],25]
MAXIMUM [12335,10,[5,5,1,1,1,1,1],8]
MAXIMUM [12336,48,[16,16,24,2,2,3,3],21]
MAXIMUM [12340,28,[20,10,2,2,2,1,1],17]
MAXIMUM [12342,45,[51,22,1,1,3,3,3],21]
MAXIMUM [12345,15,[15,15,1,1,1,1,1],8]
MAXIMUM [12348,0,[1,1,1,1,1,1,1],8]
MAXIMUM [12350,40,[50,1,1,1,1,1,5],10]
MAXIMUM [12354,52,[58,6,6,6,3,2,1],8]
MAXIMUM [12355,0,[1,1,1,1,1,1,1],8]
MAXIMUM [12360,63,[40,12,12,6,4,3,1],43]
MAXIMUM [12365,10,[5,5,1,1,1,1,1],8]
MAXIMUM [12366,53,[18,18,27,6,2,2,1],20]
MAXIMUM [12370,10,[5,5,1,1,1,1,1],11]
MAXIMUM [12372,24,[12,12,3,3,1,1,1],10]
MAXIMUM [12375,58,[45,33,25,3,3,1,1],13]
MAXIMUM [12378,12,[2,2,2,2,2,3,3],8]
MAXIMUM [12380,25,[20,4,4,4,2,5,1],10]
MAXIMUM [12384,85,[36,32,18,8,8,9,3],60]
MAXIMUM [12385,5,[1,1,1,1,1,1,1],8]
MAXIMUM [12390,0,[1,1,1,1,1,1,1],8]
MAXIMUM [12395,10,[5,5,1,1,1,1,1],8]
MAXIMUM [12396,20,[6,6,6,3,2,2,1],34]
MAXIMUM [12400,36,[40,8,1,1,2,4,4],33]
MAXIMUM [12402,27,[18,18,6,3,1,2,2],14]
MAXIMUM [12405,30,[15,15,1,1,1,1,1],8]
MAXIMUM [12408,90,[88,4,4,4,6,1,1],22]
MAXIMUM [12410,46,[34,10,10,2,2,1,1],14]
MAXIMUM [12414,12,[3,3,3,3,1,1,1],17]
MAXIMUM [12415,5,[5,5,1,1,1,1,1],8]
MAXIMUM [12420,94,[30,36,23,9,9,10,2],120]
MAXIMUM [12426,6,[1,1,1,1,1,1,1],8]
MAXIMUM [12432,0,[1,1,1,1,1,1,1],8]
MAXIMUM [12438,24,[6,6,9,9,2,2,2],32]
MAXIMUM [12444,53,[34,12,12,6,4,3,1],18]
MAXIMUM [12450,53,[25,30,6,6,2,2,3],14]
MAXIMUM [12456,56,[24,36,8,8,3,3,2],40]
MAXIMUM [12462,12,[2,2,2,2,2,3,3],8]
MAXIMUM [12468,22,[12,12,4,4,1,1,2],11]
MAXIMUM [12474,0,[1,1,1,1,1,1,1],8]
MAXIMUM [12480,92,[48,20,30,16,6,3,1],67]
MAXIMUM [12486,15,[6,6,6,3,1,1,1],8]
MAXIMUM [12492,48,[18,18,9,4,4,4,3],30]
MAXIMUM [12496,74,[88,4,4,4,1,1,2],10]
MAXIMUM [12498,12,[3,3,3,3,1,1,1],17]
MAXIMUM [12504,40,[24,24,8,2,2,3,3],10]
MAXIMUM [12510,54,[15,15,18,18,2,2,2],22]
MAXIMUM [12516,0,[1,1,1,1,1,1,1],8]
MAXIMUM [12522,20,[6,6,6,3,2,2,1],10]
MAXIMUM [12528,105,[54,48,12,29,4,4,3],65]
MAXIMUM [12534,14,[6,6,6,2,2,1,1],8]
MAXIMUM [12540,88,[66,10,10,12,3,3,2],32]
MAXIMUM [12546,72,[51,9,9,9,2,2,2],13]
MAXIMUM [12552,30,[8,8,8,12,1,1,2],27]
MAXIMUM [12558,0,[1,1,1,1,1,1,1],8]
MAXIMUM [12564,24,[6,6,9,9,2,2,2],77]
MAXIMUM [12570,23,[5,5,6,6,6,3,1],56]
MAXIMUM [12576,66,[32,48,4,4,6,1,1],29]
MAXIMUM [12582,48,[54,3,3,6,2,2,2],19]
MAXIMUM [12588,12,[2,2,2,2,2,3,3],8]
MAXIMUM [12594,6,[1,1,1,1,1,1,1],8]
MAXIMUM [12600,0,[1,1,1,1,1,1,1],8]
MAXIMUM [12606,60,[66,6,3,3,2,2,2],9]
MAXIMUM [12612,31,[12,12,6,4,4,3,1],12]
MAXIMUM [12618,44,[18,18,9,6,2,2,1],14]
MAXIMUM [12624,52,[24,24,8,3,3,2,2],27]
MAXIMUM [12630,60,[30,30,2,2,2,3,3],11]
MAXIMUM [12636,79,[36,54,12,9,4,4,1],16]
MAXIMUM [12642,0,[1,1,1,1,1,1,1],8]
MAXIMUM [12648,70,[34,24,24,3,3,2,2],25]
MAXIMUM [12650,75,[46,22,25,5,2,2,2],27]
MAXIMUM [12654,27,[18,18,6,3,1,2,2],14]
MAXIMUM [12660,84,[60,30,4,4,4,3,3],11]
MAXIMUM [12666,12,[3,3,3,3,1,1,1],17]
MAXIMUM [12672,176,[72,64,44,16,9,9,6],33]
MAXIMUM [12678,6,[1,1,1,1,1,1,1],8]
MAXIMUM [12684,0,[1,1,1,1,1,1,1],8]
MAXIMUM [12690,92,[90,6,6,3,2,2,1],20]
MAXIMUM [12696,55,[46,12,12,6,4,3,1],38]
MAXIMUM [12702,54,[58,6,6,6,2,1,1],9]
MAXIMUM [12708,36,[36,12,3,3,1,1,1],19]
MAXIMUM [12714,12,[2,2,2,2,2,3,3],8]
MAXIMUM [12720,78,[60,30,8,8,8,3,3],45]
MAXIMUM [12726,0,[1,1,1,1,1,1,1],8]
MAXIMUM [12732,20,[6,6,6,3,2,2,1],34]
MAXIMUM [12738,42,[33,6,6,6,1,1,1],12]
MAXIMUM [12744,93,[72,18,27,4,4,6,1],37]
MAXIMUM [12750,60,[50,17,15,3,3,3,1],44]
MAXIMUM [12756,12,[2,2,2,2,2,3,3],8]
MAXIMUM [12760,84,[58,44,20,10,2,1,1],25]
MAXIMUM [12762,33,[18,18,9,1,1,1,3],10]
MAXIMUM [12768,0,[1,1,1,1,1,1,1],8]
MAXIMUM [12774,20,[6,6,6,3,2,2,1],10]
MAXIMUM [12780,91,[90,12,12,4,4,3,1],19]
MAXIMUM [12786,14,[6,6,6,2,2,1,1],8]
MAXIMUM [12792,52,[24,24,8,3,3,2,2],13]
MAXIMUM [12798,30,[9,9,9,2,2,2,3],23]
MAXIMUM [12800,77,[32,25,16,20,4,2,1],43]
MAXIMUM [12804,40,[22,12,12,4,4,1,1],24]
MAXIMUM [12810,0,[1,1,1,1,1,1,1],8]
MAXIMUM [12816,104,[48,72,16,9,9,2,2],15]
MAXIMUM [12822,15,[6,6,6,3,1,1,1],8]
MAXIMUM [12828,18,[4,4,4,4,6,1,1],36]
MAXIMUM [12834,18,[23,3,3,3,3,1,1],105]
MAXIMUM [12840,72,[30,30,8,8,8,3,3],27]
MAXIMUM [12846,6,[1,1,1,1,1,1,1],8]
MAXIMUM [12852,0,[1,1,1,1,1,1,1],8]
MAXIMUM [12858,20,[6,6,6,3,2,2,1],10]
MAXIMUM [12864,71,[48,32,12,6,4,3,1],45]
MAXIMUM [12870,71,[90,11,6,6,2,2,3],66]
MAXIMUM [12876,40,[29,12,12,3,3,1,1],19]
MAXIMUM [12882,12,[2,2,2,2,2,3,3],8]
MAXIMUM [12888,69,[36,18,8,8,8,9,3],42]
MAXIMUM [12894,0,[1,1,1,1,1,1,1],8]
MAXIMUM [12900,48,[20,30,6,6,3,2,1],57]
MAXIMUM [12906,63,[54,18,6,9,1,1,1],15]
MAXIMUM [12912,50,[48,16,4,4,6,1,1],26]
MAXIMUM [12918,12,[3,3,3,3,1,1,1],17]
MAXIMUM [12924,48,[36,9,9,2,2,2,3],18]
MAXIMUM [12930,30,[15,15,1,1,1,1,1],11]
MAXIMUM [12936,0,[1,1,1,1,1,1,1],8]
MAXIMUM [12942,24,[6,6,9,9,2,2,2],32]
MAXIMUM [12948,31,[12,12,6,4,4,3,1],12]
MAXIMUM [12954,50,[51,6,6,6,2,2,1],9]
MAXIMUM [12960,112,[54,40,24,36,9,1,4],368]
MAXIMUM [12966,12,[2,2,2,2,2,3,3],8]
MAXIMUM [12972,54,[46,12,12,4,4,1,1],9]
MAXIMUM [12978,0,[1,1,1,1,1,1,1],8]
MAXIMUM [12984,42,[24,24,3,3,2,2,2],12]
MAXIMUM [12990,23,[5,5,6,6,6,3,1],56]
MAXIMUM [12996,48,[18,18,9,4,4,4,3],30]
MAXIMUM [13002,66,[66,3,3,3,1,1,1],13]
MAXIMUM [13008,48,[16,16,24,2,2,3,3],21]
MAXIMUM [13014,51,[54,18,9,1,1,1,6],11]
MAXIMUM [13020,0,[1,1,1,1,1,1,1],8]
MAXIMUM [13024,88,[88,4,4,4,2,1,1],15]
MAXIMUM [13026,20,[6,6,6,3,2,2,1],10]
MAXIMUM [13032,37,[12,12,18,4,4,3,1],104]
MAXIMUM [13038,14,[6,6,6,2,2,1,1],8]
MAXIMUM [13044,24,[12,12,3,3,1,1,1],10]
MAXIMUM [13050,120,[58,30,30,9,9,2,2],25]
MAXIMUM [13056,99,[64,51,8,8,12,3,6],32]
MAXIMUM [13062,0,[1,1,1,1,1,1,1],8]
MAXIMUM [13068,84,[66,27,6,9,2,2,2],26]
MAXIMUM [13074,15,[6,6,6,3,1,1,1],8]
MAXIMUM [13080,84,[60,30,4,4,4,3,3],17]
MAXIMUM [13086,12,[3,3,3,3,1,1,1],62]
MAXIMUM [13092,12,[2,2,2,2,2,3,3],8]
MAXIMUM [13098,6,[1,1,1,1,1,1,1],8]
MAXIMUM [13104,0,[1,1,1,1,1,1,1],8]
MAXIMUM [13110,54,[30,30,46,3,3,2,2],27]
MAXIMUM [13112,74,[88,4,4,4,1,1,2],10]
MAXIMUM [13116,31,[12,12,6,4,4,3,1],12]
MAXIMUM [13122,53,[18,18,27,6,2,2,1],20]
MAXIMUM [13128,52,[24,24,8,3,3,2,2],13]
MAXIMUM [13134,48,[66,2,2,2,3,3,3],9]
MAXIMUM [13140,97,[60,36,18,9,4,4,1],24]
MAXIMUM [13146,0,[1,1,1,1,1,1,1],8]
MAXIMUM [13152,74,[48,24,16,3,3,2,2],25]
MAXIMUM [13158,51,[34,18,18,6,3,1,2],17]
MAXIMUM [13164,18,[4,4,4,4,6,1,1],36]
MAXIMUM [13170,28,[10,10,3,3,3,3,1],56]
MAXIMUM [13176,100,[72,24,9,9,8,2,2],25]
MAXIMUM [13182,6,[1,1,1,1,1,1,1],8]
MAXIMUM [13188,0,[1,1,1,1,1,1,1],8]
MAXIMUM [13194,24,[6,6,9,9,2,2,2],32]
MAXIMUM [13200,114,[40,48,33,12,6,4,1],60]
MAXIMUM [13206,14,[6,6,6,2,2,1,1],8]
MAXIMUM [13212,36,[36,12,3,3,1,1,1],19]
MAXIMUM [13218,12,[2,2,2,2,2,3,3],8]
MAXIMUM [13224,54,[29,8,8,8,12,1,2],40]
MAXIMUM [13230,0,[1,1,1,1,1,1,1],8]
MAXIMUM [13236,20,[6,6,6,3,2,2,1],34]
MAXIMUM [13242,15,[6,6,6,3,1,1,1],8]
MAXIMUM [13248,160,[72,46,32,48,9,9,2],39]
MAXIMUM [13254,12,[3,3,3,3,1,1,1],17]
MAXIMUM [13260,102,[51,30,30,2,2,2,3],17]
MAXIMUM [13266,51,[22,18,18,9,1,1,3],19]
MAXIMUM [13272,0,[1,1,1,1,1,1,1],8]
MAXIMUM [13278,20,[6,6,6,3,2,2,1],10]
MAXIMUM [13284,73,[54,12,12,4,4,3,1],33]
MAXIMUM [13290,48,[30,30,2,2,2,3,3],9]
MAXIMUM [13296,52,[24,24,8,3,3,2,2],27]
MAXIMUM [13302,30,[9,9,9,2,2,2,3],13]
MAXIMUM [13308,22,[12,12,4,4,1,1,2],11]
MAXIMUM [13314,0,[1,1,1,1,1,1,1],8]
MAXIMUM [13320,104,[90,24,6,3,2,2,1],62]
MAXIMUM [13326,15,[6,6,6,3,1,1,1],8]
MAXIMUM [13332,46,[44,4,4,4,6,1,1],32]
MAXIMUM [13338,48,[54,3,3,6,2,2,2],19]
MAXIMUM [13344,48,[16,16,24,2,2,3,3],31]
MAXIMUM [13350,60,[50,15,1,1,1,1,1],16]
MAXIMUM [13356,0,[1,1,1,1,1,1,1],8]
MAXIMUM [13362,48,[34,6,6,6,3,2,1],13]
MAXIMUM [13368,31,[12,12,6,4,4,3,1],40]
MAXIMUM [13374,44,[18,18,9,6,2,2,1],14]
MAXIMUM [13380,40,[10,10,12,12,3,3,1],58]
MAXIMUM [13386,30,[23,2,2,2,2,2,3],9]
MAXIMUM [13392,87,[36,54,8,8,12,9,1],56]
MAXIMUM [13398,0,[1,1,1,1,1,1,1],8]
MAXIMUM [13404,20,[6,6,6,3,2,2,1],34]
MAXIMUM [13410,75,[90,6,6,3,1,2,2],10]
MAXIMUM [13416,18,[4,4,4,4,6,1,1],122]
MAXIMUM [13422,12,[3,3,3,3,1,1,1],17]
MAXIMUM [13428,48,[36,9,9,2,2,2,3],18]
MAXIMUM [13434,6,[1,1,1,1,1,1,1],8]
MAXIMUM [13440,0,[1,1,1,1,1,1,1],8]
MAXIMUM [13446,42,[27,6,6,9,2,2,2],32]
MAXIMUM [13452,31,[12,12,6,4,4,3,1],12]
MAXIMUM [13458,14,[6,6,6,2,2,1,1],8]
MAXIMUM [13464,108,[66,36,51,8,8,8,3],74]
MAXIMUM [13470,60,[30,30,2,2,2,3,3],11]
MAXIMUM [13476,22,[12,12,4,4,1,1,2],11]
MAXIMUM [13482,0,[1,1,1,1,1,1,1],8]
MAXIMUM [13488,74,[48,24,16,3,3,2,2],16]
MAXIMUM [13494,15,[6,6,6,3,1,1,1],8]
MAXIMUM [13500,105,[60,30,27,9,4,4,4],85]
MAXIMUM [13506,12,[3,3,3,3,1,1,1],17]
MAXIMUM [13512,40,[24,24,8,2,2,3,3],10]
MAXIMUM [13518,33,[18,18,9,1,1,1,3],10]
MAXIMUM [13524,0,[1,1,1,1,1,1,1],8]
MAXIMUM [13530,78,[66,30,10,3,3,2,2],17]
MAXIMUM [13536,77,[48,32,12,18,4,3,1],66]
MAXIMUM [13542,14,[6,6,6,2,2,1,1],8]
MAXIMUM [13548,24,[12,12,3,3,1,1,1],10]
MAXIMUM [13554,30,[9,9,9,2,2,2,3],23]
MAXIMUM [13560,78,[60,30,8,8,8,3,3],24]
MAXIMUM [13566,0,[1,1,1,1,1,1,1],8]
MAXIMUM [13572,56,[58,6,6,9,9,2,2],68]
MAXIMUM [13578,15,[6,6,6,3,1,1,1],8]
MAXIMUM [13584,50,[48,16,4,4,6,1,1],26]
MAXIMUM [13590,56,[45,10,3,3,3,1,1],25]
MAXIMUM [13596,48,[44,2,2,2,2,3,3],10]
MAXIMUM [13602,6,[1,1,1,1,1,1,1],8]
MAXIMUM [13608,0,[1,1,1,1,1,1,1],8]
MAXIMUM [13614,20,[6,6,6,3,2,2,1],10]
MAXIMUM [13620,55,[60,12,6,4,4,3,1],18]
MAXIMUM [13626,44,[18,18,9,6,2,2,1],14]
MAXIMUM [13632,84,[64,24,24,3,3,2,2],20]
MAXIMUM [13638,12,[2,2,2,2,2,3,3],8]
MAXIMUM [13640,97,[88,20,4,4,2,5,1],13]
MAXIMUM [13644,61,[36,18,12,9,4,4,1],14]
MAXIMUM [13650,0,[1,1,1,1,1,1,1],8]
MAXIMUM [13656,42,[24,24,3,3,2,2,2],12]
MAXIMUM [13662,110,[54,33,46,6,6,1,2],26]
MAXIMUM [13668,54,[51,4,4,4,6,6,3],35]
MAXIMUM [13674,12,[3,3,3,3,1,1,1],17]
MAXIMUM [13680,136,[72,30,16,16,9,9,10],44]
MAXIMUM [13686,6,[1,1,1,1,1,1,1],8]
MAXIMUM [13692,0,[1,1,1,1,1,1,1],8]
MAXIMUM [13698,24,[6,6,9,9,2,2,2],32]
MAXIMUM [13704,31,[12,12,6,4,4,3,1],40]
MAXIMUM [13710,48,[30,30,2,2,2,3,3],9]
MAXIMUM [13716,72,[54,36,12,9,1,1,1],14]
MAXIMUM [13722,12,[2,2,2,2,2,3,3],8]
MAXIMUM [13728,82,[88,12,12,4,1,1,2],19]
MAXIMUM [13734,0,[1,1,1,1,1,1,1],8]
MAXIMUM [13740,48,[20,30,6,6,3,2,1],39]
MAXIMUM [13746,23,[29,6,6,6,3,1,1],16]
MAXIMUM [13752,84,[72,18,9,4,4,6,1],26]
MAXIMUM [13758,12,[3,3,3,3,1,1,1],17]
MAXIMUM [13764,12,[2,2,2,2,2,3,3],8]
MAXIMUM [13770,81,[54,51,15,30,2,2,2],51]
MAXIMUM [13776,0,[1,1,1,1,1,1,1],8]
MAXIMUM [13782,20,[6,6,6,3,2,2,1],10]
MAXIMUM [13788,37,[12,12,18,4,4,3,1],30]
MAXIMUM [13794,23,[11,6,6,6,2,2,1],24]
MAXIMUM [13800,72,[24,24,10,15,46,8,3],48]
MAXIMUM [13806,30,[9,9,9,2,2,2,3],13]
MAXIMUM [13812,22,[12,12,4,4,1,1,2],11]
MAXIMUM [13818,0,[1,1,1,1,1,1,1],8]
MAXIMUM [13824,122,[48,72,27,16,9,2,2],30]
MAXIMUM [13830,23,[5,5,6,6,6,3,1],56]
MAXIMUM [13836,18,[4,4,4,4,6,1,1],36]
MAXIMUM [13842,12,[3,3,3,3,1,1,1],62]
MAXIMUM [13848,40,[24,24,8,2,2,3,3],10]
MAXIMUM [13854,6,[1,1,1,1,1,1,1],8]
MAXIMUM [13860,0,[1,1,1,1,1,1,1],8]
MAXIMUM [13866,20,[6,6,6,3,2,2,1],10]
MAXIMUM [13872,77,[48,34,12,6,4,3,1],39]
MAXIMUM [13878,53,[18,18,27,6,2,2,1],20]
MAXIMUM [13884,24,[12,12,3,3,1,1,1],10]
MAXIMUM [13890,60,[30,30,2,2,2,3,3],11]
MAXIMUM [13896,69,[36,18,8,8,8,9,3],42]
MAXIMUM [13902,0,[1,1,1,1,1,1,1],8]
MAXIMUM [13904,74,[44,16,16,8,2,1,1],16]
MAXIMUM [13908,20,[6,6,6,3,2,2,1],34]
MAXIMUM [13914,27,[18,18,6,3,1,2,2],14]
MAXIMUM [13920,154,[60,58,32,30,16,3,3],42]
MAXIMUM [13926,66,[66,3,3,3,1,1,1],13]
MAXIMUM [13932,48,[36,9,9,2,2,2,3],33]
MAXIMUM [13938,38,[46,1,1,2,2,2,2],9]
MAXIMUM [13944,0,[1,1,1,1,1,1,1],8]
MAXIMUM [13950,92,[90,6,6,3,2,2,1],13]
MAXIMUM [13956,31,[12,12,6,4,4,3,1],12]
MAXIMUM [13962,14,[6,6,6,2,2,1,1],8]
MAXIMUM [13968,56,[24,36,8,8,3,3,2],107]
MAXIMUM [13974,54,[51,2,2,2,3,3,3],10]
MAXIMUM [13980,66,[60,30,4,4,4,3,3],14]
MAXIMUM [13986,0,[1,1,1,1,1,1,1],8]
MAXIMUM [13992,72,[66,24,3,3,2,2,2],18]
MAXIMUM [13998,15,[6,6,6,3,1,1,1],8]
MAXIMUM [14004,48,[18,18,9,4,4,4,3],30]
MAXIMUM [14010,28,[10,10,3,3,3,3,1],56]
MAXIMUM [14016,80,[64,16,24,2,3,3,4],33]
MAXIMUM [14022,33,[18,18,9,1,1,1,3],10]
MAXIMUM [14028,0,[1,1,1,1,1,1,1],8]
MAXIMUM [14034,20,[6,6,6,3,2,2,1],10]
MAXIMUM [14040,105,[54,40,12,12,4,3,1],96]
MAXIMUM [14046,14,[6,6,6,2,2,1,1],8]
MAXIMUM [14052,24,[12,12,3,3,1,1,1],10]
MAXIMUM [14058,66,[66,9,9,9,2,2,2],12]
MAXIMUM [14064,30,[8,8,8,12,1,1,2],71]
MAXIMUM [14070,0,[1,1,1,1,1,1,1],8]
MAXIMUM [14076,64,[34,23,6,6,6,9,2],204]
MAXIMUM [14082,15,[6,6,6,3,1,1,1],8]
MAXIMUM [14088,18,[4,4,4,4,6,1,1],122]
MAXIMUM [14094,64,[54,29,3,6,6,1,2],35]
MAXIMUM [14100,60,[30,30,2,2,2,3,3],23]
MAXIMUM [14106,6,[1,1,1,1,1,1,1],8]
MAXIMUM [14112,0,[1,1,1,1,1,1,1],8]
MAXIMUM [14118,20,[6,6,6,3,2,2,1],10]
MAXIMUM [14124,58,[33,12,12,6,4,4,1],14]
MAXIMUM [14130,63,[30,18,18,9,2,2,5],25]
MAXIMUM [14136,52,[24,24,8,3,3,2,2],13]
MAXIMUM [14142,12,[2,2,2,2,2,3,3],8]
MAXIMUM [14148,79,[36,54,12,9,4,4,1],16]
MAXIMUM [14154,0,[1,1,1,1,1,1,1],8]
MAXIMUM [14160,92,[48,20,30,16,6,3,1],43]
MAXIMUM [14166,27,[18,18,6,3,1,2,2],14]
MAXIMUM [14172,18,[4,4,4,4,6,1,1],36]
MAXIMUM [14178,26,[17,3,3,3,3,1,1],38]
MAXIMUM [14184,100,[72,24,9,9,8,2,2],16]
MAXIMUM [14190,48,[22,15,15,1,1,1,1],32]
MAXIMUM [14196,0,[1,1,1,1,1,1,1],8]
MAXIMUM [14202,42,[27,6,6,9,2,2,2],32]
MAXIMUM [14208,71,[48,32,12,6,4,3,1],45]
MAXIMUM [14214,52,[46,6,6,6,2,1,1],9]
MAXIMUM [14220,72,[45,36,12,3,1,1,1],21]
MAXIMUM [14226,12,[2,2,2,2,2,3,3],8]
MAXIMUM [14232,30,[8,8,8,12,1,1,2],27]
MAXIMUM [14238,0,[1,1,1,1,1,1,1],8]
MAXIMUM [14244,20,[6,6,6,3,2,2,1],34]
MAXIMUM [14250,33,[25,5,6,6,6,3,1],26]
MAXIMUM [14256,137,[72,44,18,27,16,16,3],46]
MAXIMUM [14262,12,[3,3,3,3,1,1,1],17]
MAXIMUM [14268,60,[58,2,2,2,2,3,3],9]
MAXIMUM [14274,33,[18,18,9,1,1,1,3],10]
MAXIMUM [14280,0,[1,1,1,1,1,1,1],8]
MAXIMUM [14286,20,[6,6,6,3,2,2,1],10]
MAXIMUM [14292,37,[12,12,18,4,4,3,1],30]
MAXIMUM [14298,14,[6,6,6,2,2,1,1],8]
MAXIMUM [14304,52,[24,24,8,3,3,2,2],33]
MAXIMUM [14310,72,[30,30,9,9,2,2,2],24]
MAXIMUM [14316,22,[12,12,4,4,1,1,2],11]
MAXIMUM [14322,0,[1,1,1,1,1,1,1],8]
MAXIMUM [14328,72,[72,24,9,9,2,2,2],10]
MAXIMUM [14334,15,[6,6,6,3,1,1,1],8]
MAXIMUM [14340,84,[60,30,4,4,4,3,3],11]
MAXIMUM [14346,12,[3,3,3,3,1,1,1],62]
MAXIMUM [14352,66,[23,16,16,24,2,2,3],45]
MAXIMUM [14358,6,[1,1,1,1,1,1,1],8]
MAXIMUM [14364,0,[1,1,1,1,1,1,1],8]
MAXIMUM [14370,42,[30,30,3,3,2,2,2],15]
MAXIMUM [14376,31,[12,12,6,4,4,3,1],40]
MAXIMUM [14382,78,[51,18,18,9,2,2,2],16]
MAXIMUM [14388,72,[66,12,3,3,2,2,2],13]
MAXIMUM [14394,12,[2,2,2,2,2,3,3],8]
MAXIMUM [14400,153,[64,60,36,18,8,9,1],58]
MAXIMUM [14406,0,[1,1,1,1,1,1,1],8]
MAXIMUM [14412,20,[6,6,6,3,2,2,1],34]
MAXIMUM [14418,63,[54,18,6,9,1,1,1],15]
MAXIMUM [14424,18,[4,4,4,4,6,1,1],122]
MAXIMUM [14430,28,[10,10,3,3,3,3,1],56]
MAXIMUM [14436,48,[36,9,9,2,2,2,3],18]
MAXIMUM [14442,30,[29,1,1,1,1,1,1],9]
MAXIMUM [14448,0,[1,1,1,1,1,1,1],8]
MAXIMUM [14454,66,[66,6,9,9,2,2,2],15]
MAXIMUM [14460,55,[60,12,6,4,4,3,1],18]
MAXIMUM [14466,14,[6,6,6,2,2,1,1],8]
MAXIMUM [14472,92,[54,24,36,8,8,9,1],22]
MAXIMUM [14478,12,[2,2,2,2,2,3,3],8]
MAXIMUM [14484,43,[51,12,12,4,4,1,6],10]
MAXIMUM [14490,0,[1,1,1,1,1,1,1],8]
MAXIMUM [14496,74,[48,24,16,3,3,2,2],25]
MAXIMUM [14502,15,[6,6,6,3,1,1,1],8]
MAXIMUM [14508,48,[18,18,9,4,4,4,3],30]
MAXIMUM [14514,12,[3,3,3,3,1,1,1],17]
MAXIMUM [14520,104,[44,30,30,8,8,3,3],46]
MAXIMUM [14526,51,[54,18,9,1,1,1,6],11]
MAXIMUM [14532,0,[1,1,1,1,1,1,1],8]
MAXIMUM [14538,20,[6,6,6,3,2,2,1],10]
MAXIMUM [14544,61,[48,12,18,4,4,3,1],92]
MAXIMUM [14550,53,[25,30,6,6,2,2,3],14]
MAXIMUM [14556,24,[12,12,3,3,1,1,1],10]
MAXIMUM [14562,30,[9,9,9,2,2,2,3],13]
MAXIMUM [14568,30,[8,8,8,12,1,1,2],27]
MAXIMUM [14574,0,[1,1,1,1,1,1,1],8]
MAXIMUM [14580,92,[90,6,6,3,2,2,1],52]
MAXIMUM [14586,66,[33,34,6,6,6,1,2],16]
MAXIMUM [14592,66,[32,48,4,4,6,1,1],48]
MAXIMUM [14598,12,[3,3,3,3,1,1,1],62]
MAXIMUM [14604,12,[2,2,2,2,2,3,3],8]
MAXIMUM [14610,30,[15,15,1,1,1,1,1],11]
MAXIMUM [14616,0,[1,1,1,1,1,1,1],8]
MAXIMUM [14622,20,[6,6,6,3,2,2,1],10]
MAXIMUM [14628,55,[46,12,12,6,4,3,1],14]
MAXIMUM [14634,53,[18,18,27,6,2,2,1],20]
MAXIMUM [14640,68,[24,24,10,10,8,3,3],101]
MAXIMUM [14646,12,[2,2,2,2,2,3,3],8]
MAXIMUM [14652,77,[36,22,18,12,9,4,1],45]
MAXIMUM [14658,0,[1,1,1,1,1,1,1],8]
MAXIMUM [14664,42,[24,24,3,3,2,2,2],12]
MAXIMUM [14670,75,[90,6,6,3,1,2,2],10]
MAXIMUM [14676,18,[4,4,4,4,6,1,1],36]
MAXIMUM [14682,12,[3,3,3,3,1,1,1],17]
MAXIMUM [14688,150,[72,51,16,16,9,9,2],39]
MAXIMUM [14694,6,[1,1,1,1,1,1,1],8]
MAXIMUM [14700,0,[1,1,1,1,1,1,1],8]
MAXIMUM [14706,24,[6,6,9,9,2,2,2],32]
MAXIMUM [14712,31,[12,12,6,4,4,3,1],40]
MAXIMUM [14718,23,[11,6,6,6,2,2,1],24]
MAXIMUM [14724,36,[36,12,3,3,1,1,1],19]
MAXIMUM [14730,60,[30,30,2,2,2,3,3],11]
MAXIMUM [14736,30,[8,8,8,12,1,1,2],71]
MAXIMUM [14742,0,[1,1,1,1,1,1,1],8]
MAXIMUM [14748,20,[6,6,6,3,2,2,1],34]
MAXIMUM [14754,15,[6,6,6,3,1,1,1],8]
MAXIMUM [14760,132,[60,72,18,9,8,8,1],22]
MAXIMUM [14766,18,[23,3,3,3,3,1,1],28]
MAXIMUM [14772,12,[2,2,2,2,2,3,3],8]
MAXIMUM [14778,33,[18,18,9,1,1,1,3],10]
MAXIMUM [14784,0,[1,1,1,1,1,1,1],8]
MAXIMUM [14790,102,[58,34,30,30,3,3,2],26]
MAXIMUM [14796,73,[54,12,12,4,4,3,1],33]
MAXIMUM [14802,14,[6,6,6,2,2,1,1],8]
MAXIMUM [14808,52,[24,24,8,3,3,2,2],13]
MAXIMUM [14814,30,[9,9,9,2,2,2,3],13]
MAXIMUM [14820,66,[60,30,4,4,4,3,3],14]
MAXIMUM [14826,0,[1,1,1,1,1,1,1],8]
MAXIMUM [14832,104,[48,72,16,9,9,2,2],15]
MAXIMUM [14838,15,[6,6,6,3,1,1,1],8]
MAXIMUM [14844,18,[4,4,4,4,6,1,1],36]
MAXIMUM [14848,98,[64,29,8,8,4,1,2],23]
MAXIMUM [14850,118,[66,54,10,10,3,3,2],46]
MAXIMUM [14856,40,[24,24,8,2,2,3,3],10]
MAXIMUM [14862,6,[1,1,1,1,1,1,1],8]
MAXIMUM [14868,0,[1,1,1,1,1,1,1],8]
MAXIMUM [14874,20,[6,6,6,3,2,2,1],10]
MAXIMUM [14880,95,[48,60,32,6,4,3,1],46]
MAXIMUM [14886,44,[18,18,9,6,2,2,1],14]
MAXIMUM [14892,38,[17,12,12,3,3,1,1],24]
MAXIMUM [14898,12,[2,2,2,2,2,3,3],8]
MAXIMUM [14904,113,[46,36,54,8,12,9,1],27]
MAXIMUM [14940,76,[30,36,9,9,10,2,2],48]
MAXIMUM [14960,82,[88,17,4,4,4,5,10],14]
MAXIMUM [15180,148,[60,46,44,30,4,3,3],27]
MAXIMUM [15210,92,[90,6,6,3,2,2,1],13]
MAXIMUM [15264,122,[72,32,48,9,9,2,2],24]
MAXIMUM [15300,113,[90,34,12,12,4,3,1],20]
MAXIMUM [15312,108,[66,24,58,8,8,3,3],49]
MAXIMUM [15360,120,[64,30,60,16,8,3,3],37]
MAXIMUM [15480,96,[45,24,24,10,8,3,2],43]
MAXIMUM [15488,88,[88,4,4,4,2,1,1],19]
MAXIMUM [15552,113,[54,48,32,12,4,3,1],72]
MAXIMUM [15576,82,[88,12,12,4,1,1,2],14]
MAXIMUM [15600,100,[60,30,16,16,4,3,3],36]
MAXIMUM [15660,139,[60,36,54,29,9,4,4],29]
MAXIMUM [15840,160,[90,48,44,16,6,3,1],71]
MAXIMUM [15930,75,[90,6,6,3,1,2,2],32]
MAXIMUM [16020,96,[60,30,9,9,4,4,4],34]
MAXIMUM [16192,122,[64,46,22,8,8,1,1],41]
MAXIMUM [16200,125,[72,30,25,9,9,8,8],64]
MAXIMUM [16368,84,[44,16,16,24,2,3,3],50]
MAXIMUM [16470,92,[90,6,6,3,2,2,1],20]
MAXIMUM [16500,84,[60,33,30,4,4,4,3],77]
MAXIMUM [16560,139,[90,48,46,12,4,3,1],34]
MAXIMUM [16650,83,[25,30,18,18,9,2,2],26]
MAXIMUM [16704,188,[72,58,64,16,9,9,12],22]
MAXIMUM [16830,124,[51,66,30,9,10,2,2],41]
MAXIMUM [16848,122,[48,72,27,16,9,2,2],24]
MAXIMUM [16896,98,[48,33,32,12,6,4,1],44]
MAXIMUM [17100,92,[90,6,6,3,2,2,1],38]
MAXIMUM [17160,112,[66,40,24,3,3,4,4],27]
MAXIMUM [17280,173,[60,72,32,18,27,16,1],56]
MAXIMUM [17424,121,[88,36,18,12,9,4,1],26]
MAXIMUM [17600,120,[64,44,16,25,8,10,1],17]
MAXIMUM [17820,124,[54,60,33,12,4,4,1],51]
MAXIMUM [17952,130,[51,44,32,48,4,6,3],54]
MAXIMUM [18000,96,[45,24,24,10,8,3,2],82]
MAXIMUM [18216,146,[72,66,46,9,9,8,8],55]
MAXIMUM [18360,134,[72,34,27,20,30,9,2],167]
MAXIMUM [18540,96,[60,30,9,9,4,4,4],34]
MAXIMUM [18720,136,[72,30,16,16,9,9,10],66]
MAXIMUM [19008,146,[66,54,64,8,8,3,3],78]
MAXIMUM [19140,144,[58,44,30,30,2,3,3],42]
MAXIMUM [19800,168,[88,60,30,9,9,4,4],41]
MAXIMUM [20250,92,[90,6,6,3,2,2,1],20]
MAXIMUM [20880,168,[90,48,58,16,6,3,1],34]
MAXIMUM [21120,144,[64,60,33,30,8,8,3],67]
MAXIMUM [21600,139,[54,48,32,20,25,12,3],106]
MAXIMUM [22320,148,[60,72,18,16,16,9,1],24]
MAXIMUM [23760,168,[72,44,30,16,16,9,9],58]
MAXIMA_SHA256 ca6b6f562db1fc3632f8b7570b89a16020a981ae8aa130be200dc1bdcb4264ca
CLOCKS 8301 PREFIX_NODES 127777 UNPRUNED_SMALL_MULTISETS 6878
PASS gates=1092449
