0000000001000000010000000011011000101100101001010110101
0000000001000000010000000011011000110100011001010110101
0000000001000000010101000001001000010000101001100100010
0000000001000000010101000001001000010000101001100100101
0000000001000000010101000001010000001000101001100100010
0000000001000000010101000001010000001000101001100100101
0000000001000000010101100001011000101000101001100100101
0000000001000000010101100001100100101000111001010110101
0000000001000000010101100001101000011000101001100100101
0000000001000000010101100001101000100100111001010110101
0000000001000000010111000001010010100110010101000100001
0000000001000000010111000001010010101010001101000100001
0000000001000000010111000001011000101100101001010110101
0000000001000000010111000001011000110100011001010110101
0000000001000000011101000001001000010000101001100100100
0000000001000000011101000001010000001000101001100100100
0000000001000000011101100001011000101000101001100100100
0000000001000000011101100001100100101000111001010110101
0000000001000000011101100001101000011000101001100100100
0000000001000000011101100001101000100100111001010110101
0000000001000000011111000001010010100110010101000100001
0000000001000000011111000001010010101010001101000100001
0000000001000000011111000001011000101100101001010110101
0000000001000000011111000001011000110100011001010110101
0000000001000000100101000001001000010000100101010010001
0000000001000000100101000001010000001000100101010010001
0000000001000000100101000101001010010010101001100100111
0000000001000000100101000101010010001010101001100100111
0000000001000000100101001001001100010100100101010010111
0000000001000000100101001001010100001100100101010010111
0000000001000000100101100001011000101000100101010010001
0000000001000000100101100001011000101000101001100100110
0000000001000000100101100001011000101000101101110110111
0000000001000000100101100001101000011000100101010010001
0000000001000000100101100001101000011000101001100100110
0000000001000000100101100001101000011000101101110110111
0000000001000000110101000001001000010000101001100100110
0000000001000000110101000001010000001000101001100100110
0000000001000000110101100001011000101000101001100100110
0000000001000000110101100001101000011000101001100100110
0000000001000000111101100001011000101000101001100100110
0000000001000000111101100001101000011000101001100100110
0000000001000001110100000011110000101000100100100100100
0000000001000001110100000011110000101000101000010100100
0000000001000010000000000001001000100010001000001100100
0000000001000010000000000001001000100100000100001100100
0000000001000010000100010001000010000100000000001100100
0000000001000010000100010001000100000010000000001100100
0000000001000011100000000111010000100100010001010110101
0000000001000011100000000111010000101000001001010110101
0000000001000011100100100101000110001010000001001101010
0000000001000011100100100101001010000110000001001101010
0000000001000100000100010001000010000100000010000100100
0000000001000100000100010001000010000100100000001100100
0000000001000100000100010001000100000010000010000100100
0000000001000100000100010001000100000010100000001100100
0000000001000100000100011001000110001010000010000100100
0000000001000100000100011001001010000110000010000100100
0000000001000100000100100001000100001000000111000100000
0000000001000100000100100001001000000100000111000100000
0000000001000100000100100101000110001010000011000100000
0000000001000100000100100101001010000110000011000100000
0000000001000100000100110001001100010100000101010110101
0000000001000100000100110001010100001100000101010110101
0000000001000100000101100001100100101000111011010110100
0000000001000100000101100001100100101000111101010110101
0000000001000100000101100001101000100100111011010110100
0000000001000100000101100001101000100100111101010110101
0000000001000100001100010001000010000100100000000100100
0000000001000100001100010001000100000010100000000100100
0000000001000100001100011001000110001010000010000100100
0000000001000100001100011001001010000110000010000100100
0000000001000100001100100001000100001000000101000100000
0000000001000100001100100001001000000100000101000100000
0000000001000100001100100101000110001010000011000100000
0000000001000100001100100101001010000110000011000100000
0000000001000100001100110001001100010100000101010110101
0000000001000100001100110001010100001100000101010110101
0000000001000100001101100001100100101000111011010110100
0000000001000100001101100001100100101000111101010110101
0000000001000100001101100001101000100100111011010110100
0000000001000100001101100001101000100100111101010110101
0000000001000100010100100001000100001000000101000100001
0000000001000100010100100001001000000100000101000100001
0000000001000100010100100101000110001010000011000100001
0000000001000100010100100101001010000110000011000100001
0000000001000100010101100001100100101000111011010110101
0000000001000100010101100001101000100100111011010110101
0000000001000110000100010001000010000100100000001100100
0000000001000110000100010001000100000010100000001100100
0000000001000110000100011001000110001010100000001100100
0000000001000110000100011001001010000110100000001100100
0000000001000110000101010001100010100100111100001100100
0000000001000110000101010001100100100010111100001100100
0000000001000110001100011001000110001010100000001100100
0000000001000110001100011001001010000110100000001100100
0000000001000110001101010001100010100100111100001100100
0000000001000110001101010001100100100010111100001100100
0000000001000111000101000001001000010000101101110110101
0000000001000111000101000001010000001000101101110110101
0000000001000111000101001001001100010100100101010010101
0000000001000111000101001001010100001100100101010010101
0000000001000111000101100001011000101000101101110110101
0000000001000111000101100001101000011000101101110110101
0000000001001110000100000010001110101000100100100100100
0000000001001110000100000010001110101000101000010100100
0000000001010000000000000011110000101000100100100100100
0000000001010000000000000011110000101000101000010100100
0000000001010000000000000011110000101100101101010100100
0000000001010000000000000011110000101100110100110100100
0000000001010000000100000011110001101100101101010100100
0000000001010000000100000011110001101100110100110100100
0000000001010000001000000011110000101100101101010100100
0000000001010000001000000011110000101100110100110100100
0000000001011100000000000111010010100110010101000100001
0000000001011100000000000111010010101010001101000100001
0000000001011100000000000111011000101100101001010110101
0000000001011100000000000111011000110100011001010110101
0000000001100000000000000101011000101100101001010110101
0000000001100000000000000101011000110100011001010110101
0000000001100000000000000111011000101100101001010110101
0000000001100000000000000111011000110100011001010110101
0000000001100000000000111001010000100100010001010110101
0000000001100000000000111001010000101000001001010110101
0000000001100000000011100000000001101000100100100100100
0000000001100000000011100000000001101000101000010100100
0000000001100000000011100000000001101100101101010100100
0000000001100000000011100000000001101100110100110100100
0000000001100000000100000011110000101000100100100100100
0000000001100000000100000011110000101000101000010100100
0000000001100000000100000011110000101100101101010100100
0000000001100000000100000011110000101100110100110100100
0000000001100000000100011101110000101100101101010101111
0000000001100000000100011101110000101100110100110101111
0000000001100000000111000001010000100100010001010110101
0000000001100000000111000001010000101000001001010110101
0000000001100000000111000001010010100110010101000100001
0000000001100000000111000001010010101010001101000100001
0000000001100000000111000001011000101100101001010110101
0000000001100000000111000001011000110100011001010110101
0000000001100000000111000001011100110110110101110101111
0000000001100000000111000001011100111010101101110101111
0000000001100000000111000101010010100110010101000100001
0000000001100000000111000101010010101010001101000100001
0000000001100000001000111001010000100100010001010110100
0000000001100000001000111001010000100100010001010110101
0000000001100000001000111001010000101000001001010110100
0000000001100000001000111001010000101000001001010110101
0000000001100000001100011101110000101000100100100100100
0000000001100000001100011101110000101000101000010100100
0000000001100000001111000001001000100010001000000100100
0000000001100000001111000001001000100100000100000100100
0000000001100000001111000001011000101100101001010110100
0000000001100000001111000001011000101100101001010110101
0000000001100000001111000001011000110010101001110100100
0000000001100000001111000001011000110100011001010110100
0000000001100000001111000001011000110100011001010110101
0000000001100000001111000001011000110100100101110100100
0000000001100000001111000101010010100110010101000100001
0000000001100000001111000101010010101010001101000100001
0000000001100000001111100001011000110010101001110100100
0000000001100000001111100001011000110100100101110100100
0000000001100000001111100001110000101100101101010100100
0000000001100000001111100001110000101100110100110100100
0000000001100000010000111001010000100100010001010110101
0000000001100000010000111001010000101000001001010110101
0000000001100000010111000001010010100110010101000100001
0000000001100000010111000001010010101010001101000100001
0000000001100000010111000001011000101100101001010110101
0000000001100000010111000001011000110100011001010110101
0000000001100000010111000011011000101100101001000100000
0000000001100000010111000011011000110100011001000100000
0000000001100000010111000101011000101100101001000100001
0000000001100000010111000101011000110100011001000100001
0000000001100000011111000101011000101100101001000100000
0000000001100000011111000101011000110100011001000100000
0000000001100001000100000100000100000000100000001100100
0000000001100001000100000100000100010000000000001100100
0000000001100001000100001000000010000000100000001100100
0000000001100001000100001000000010010000000000001100100
0000000001100010000100001000001000100000000111000100000
0000000001100010000100010000000100100000000111000100000
0000000001100010000111000001001000100010001000001100100
0000000001100010000111000001001000100100000100001100100
0000000001100010000111100001011000110010101001111100100
0000000001100010000111100001011000110100100101111100100
0000000001100010001111100001011000110010101001111100100
0000000001100010001111100001011000110100100101111100100
0000000001100010010100001100001010100000000101000100001
0000000001100010010100010100000110100000000101000100001
0000000001100011000100011000010100100000000101010110101
0000000001100011000100100100010100100000000011110100100
0000000001100011000100101000001100100000000101010110101
0000000001100011000100101000010010100000000011110100100
0000000001100100000100010000010000000000101001100100110
0000000001100100000100010000010000000010101001100100010
0000000001100100000100010000010000000100100101010010001
0000000001100100000100100000001000000000101001100100110
0000000001100100000100100000001000000010101001100100010
0000000001100100000100100000001000000100100101010010001
0000000001100100010100010100010010000001101001100100101
0000000001100100010100100100001010000001101001100100101
0000000001100100100100011000010100000010100101010010011
0000000001100100100100011000010100000100100101010010111
0000000001100100100100101000001100000010100101010010011
0000000001100100100100101000001100000100100101010010111
0000000001100110000100110000101000000000101101110110101
0000000001100110000100110000101000000001101001100100100
0000000001100110000100110000101000000100100101010010001
0000000001100110000100110000101000000100101101110110111
0000000001100110000101001000101000000000111101010110101
0000000001100110000101001000101000100000111101010110101
0000000001100110000101010000011000000000101101110110101
0000000001100110000101010000011000000001101001100100100
0000000001100110000101010000011000000100100101010010001
0000000001100110000101010000011000000100101101110110111
0000000001100110000101010000100100000000111101010110101
0000000001100110000101010000100100100000111101010110101
0000000001101000000100100000100000101000110001000110101
0000000001101000000100100000100000101100111001100110110
0000000001101000000101000000010000101000110001000110101
0000000001101000000101000000010000101100111001100110110
0000000001101000010100100100100010101000110001000100001
0000000001101000010101000100010010101000110001000100001
0000000001101000100100101000100100101000110001000001100
0000000001101000100100101000100100101000110001000010101
0000000001101000100100101000100100101000110001000100110
0000000001101000100100101000100100101000110001000110110
0000000001101000100101001000010100101000110001000001100
0000000001101000100101001000010100101000110001000010101
0000000001101000100101001000010100101000110001000100110
0000000001101000100101001000010100101000110001000110110
0000000001101001000100110000101000100100101000100110110
0000000001101001000101010000011000100100101000100110110
0000000001101001100100111000101100100010100100010001101
0000000001101001100101011000011100100010100100010001101
0000000001101010000110001001001000011100000001010110101
0000000001101010000110001001001000100011000101000100000
0000000001101010000110001001001000111100000011010110100
0000000001101010000110001001001000111100000101010110101
0000000001101010000110010001000100011100000001010110101
0000000001101010000110010001000100100011000101000100000
0000000001101010000110010001000100111100000011010110100
0000000001101010000110010001000100111100000101010110101
0000000001101011000110011001010100111100000101010110101
0000000001101011000110101001001100111100000101010110101
0000000001101100000101100001010000101000110001000110101
0000000001101100000101100001010000101100111001100100110
0000000001101100000101100001010000101100111001100110110
0000000001101100000110010001010000111000101001100100110
0000000001101100000110010001010000111001101001100100100
0000000001101100000110010001010000111001101101110110101
0000000001101100000110010001010000111010101001100100101
0000000001101100000110010001010000111100100101010010001
0000000001101100000110010001010000111100101001100100110
0000000001101100000110010001010000111100101101110110111
0000000001101100000110100000110000101000110001000110101
0000000001101100000110100000110000101100111001100100110
0000000001101100000110100000110000101100111001100110110
0000000001101100000110100001001000111000101001100100110
0000000001101100000110100001001000111001101001100100100
0000000001101100000110100001001000111001101101110110101
0000000001101100000110100001001000111010101001100100101
0000000001101100000110100001001000111100100101010010001
0000000001101100000110100001001000111100101001100100110
0000000001101100000110100001001000111100101101110110111
0000000001101100010101100101010010101100111001100100010
0000000001101100010110100100110010101100111001100100010
0000000001101100100101101001010100101010110101010010011
0000000001101100100110011001010100111010100101010010011
0000000001101100100110011001010100111100100101010010101
0000000001101100100110101000110100101010110101010010011
0000000001101100100110101001001100111010100101010010011
0000000001101100100110101001001100111100100101010010101
0000000001101101000101110001011000100110101100110001101
0000000001101101000110110000111000100110101100110001101
0000000001101110000110110001101000111010101101110110011
0000000001101110000110110001101000111100101101110110010
0000000001101110000111010001011000111010101101110110011
0000000001101110000111010001011000111100101101110110010
0000000001110000000000011101110000101100101101010101111
0000000001110000000000011101110000101100110100110101111
0000000001110000000100000011110000101000100100100100100
0000000001110000000100000011110000101000101000010100100
0000000001110000000100000011110000101100101101010100100
0000000001110000000100000011110000101100110100110100100
0000000001110000000100000011110001101100101101010100100
0000000001110000000100000011110001101100110100110100100
0000000001111000000101000101001010010010101001100100101
0000000001111000000101000101010010001010101001100100101
0000000001111000000101001001001100010100100001000000110
0000000001111000000101001001010100001100100001000000110
0000000001111000000101100001011000101000101001100100110
0000000001111000000101100001100100101000111001010110101
0000000001111000000101100001101000011000101001100100110
0000000001111000000101100001101000100100111001010110101
0000000001111000000101100011100101101001111001010110100
0000000001111000000101100011101001100101111001010110100
0000000001111000000101100101100110101010111001000100001
0000000001111000000101100101101010100110111001000100001
0000000001111000000101101001011100101100100101010010101
0000000001111000000101101001101100011100100101010010101
0000000001111000000101110001101100110100111001010110101
0000000001111000000101110001101100110100111001011111110
0000000001111000000101110001110100101100111001010110101
0000000001111000000101110001110100101100111001011111110
0000000001111000100101101001011100101100100101010010101
0000000001111000100101101001101100011100100101010010101
0000000010000000000000000101011000101100101001001101010
0000000010000000000000000101011000110100011001001101010
0000000010000000000101000001001000010000101001100100101
0000000010000000000101000001010000001000101001100100101
0000000010000000000101000011001001010001101001100100100
0000000010000000000101000011010001001001101001100100100
0000000010000000000101100001011000101000101001100100010
0000000010000000000101100001011000101000101001100100101
0000000010000000000101100001100100101000111101001101010
0000000010000000000101100001101000011000101001100100010
0000000010000000000101100001101000011000101001100100101
0000000010000000000101100001101000100100111101001101010
0000000010000000001101000001001000010000101001100100100
0000000010000000001101000001010000001000101001100100100
0000000010000000001101100001011000101000101001100100100
0000000010000000001101100001011000101000101001100100101
0000000010000000001101100001100100101000111001010110101
0000000010000000001101100001101000011000101001100100100
0000000010000000001101100001101000011000101001100100101
0000000010000000001101100001101000100100111001010110101
0000000010000000001111000001010010100110010101000100001
0000000010000000001111000001010010101010001101000100001
0000000010000000001111000001011000101100101001010110101
0000000010000000001111000001011000110100011001010110101
0000000010000000011101000001001000010000101001100100010
0000000010000000011101000001001000010000101001100100101
0000000010000000011101000001010000001000101001100100010
0000000010000000011101000001010000001000101001100100101
0000000010000000011101100001011000101000101001100100010
0000000010000000011101100001011000101000101001100100101
0000000010000000011101100001101000011000101001100100010
0000000010000000011101100001101000011000101001100100101
0000000010000000100101000001001000010000101001100100110
0000000010000000100101000001010000001000101001100100110
0000000010000000100101100001011000101000101001100100010
0000000010000000100101100001011000101000101001100100110
0000000010000000100101100001101000011000101001100100010
0000000010000000100101100001101000011000101001100100110
0000000010000000101101000001001000010000101001100100110
0000000010000000101101000001010000001000101001100100110
0000000010000000101101100001011000101000101001100100110
0000000010000000101101100001101000011000101001100100110
0000000010000000110101000001001000010000101001100100111
0000000010000000110101000001010000001000101001100100111
0000000010000000110101100001011000101000101001100100010
0000000010000000110101100001011000101000101001100100111
0000000010000000110101100001101000011000101001100100010
0000000010000000110101100001101000011000101001100100111
0000000010000000111101100001011000101000101001100100010
0000000010000000111101100001101000011000101001100100010
0000000010000100000100100001000100001000000011000100000
0000000010000100000100100001000100001000000101000100001
0000000010000100000100100001001000000100000011000100000
0000000010000100000100100001001000000100000101000100001
0000000010000100000100100101000110001010000011000100001
0000000010000100000100100101001010000110000011000100001
0000000010000100000100110001001100010100000011010110101
0000000010000100000100110001010100001100000011010110101
0000000010000100000101100001100100101000111011010110101
0000000010000100000101100001101000100100111011010110101
0000000010000100001100100001000100001000000101000100000
0000000010000100001100100001000100001000000101000100001
0000000010000100001100100001001000000100000101000100000
0000000010000100001100100001001000000100000101000100001
0000000010000100001100100101000110001010000011000100001
0000000010000100001100100101001010000110000011000100001
0000000010000100001100110001001100010100000011010110101
0000000010000100001100110001010100001100000011010110101
0000000010000100001101100001100100101000111011010110101
0000000010000100001101100001101000100100111011010110101
0000000010000100010100100001000100001000000011000100000
0000000010000100010100100001000100001000000101000100001
0000000010000100010100100001001000000100000011000100000
0000000010000100010100100001001000000100000101000100001
0000000010000111000101000011001001010001101001100100100
0000000010000111000101000011010001001001101001100100100
0000000010011100000000000111011000101100101001000100000
0000000010011100000000000111011000101100101001000100001
0000000010011100000000000111011000110100011001000100000
0000000010011100000000000111011000110100011001000100001
0000000010100000000000000011011000101100101001010110101
0000000010100000000000000011011000110100011001010110101
0000000010100000000000111001010000100100010001010110101
0000000010100000000000111001010000101000001001010110101
0000000010100000000000111101010000100100010001001101010
0000000010100000000000111101010000101000001001001101010
0000000010100000000111000001010010100110010101000100001
0000000010100000000111000001010010101010001101000100001
0000000010100000000111000001011000101100101001010110101
0000000010100000000111000001011000110100011001010110101
0000000010100000000111000101010001100101010011000100000
0000000010100000000111000101010001101001001011000100000
0000000010100000000111000101011000101100101001000100001
0000000010100000000111000101011000101100101001001101010
0000000010100000000111000101011000110100011001000100001
0000000010100000000111000101011000110100011001001101010
0000000010100000001000111001010000100100010001010110101
0000000010100000001000111001010000101000001001010110101
0000000010100000001111000001010000100100010001000100000
0000000010100000001111000001010000101000001001000100000
0000000010100000001111000001010010100110010101000100001
0000000010100000001111000001010010101010001101000100001
0000000010100000001111000001011000101100101001000100000
0000000010100000001111000001011000101100101001010110101
0000000010100000001111000001011000110100011001000100000
0000000010100000001111000001011000110100011001010110101
0000000010100000001111000101011000101100101001000100000
0000000010100000001111000101011000110100011001000100000
0000000010100000010111000001010000100100010001000100001
0000000010100000010111000001010000101000001001000100001
0000000010100000010111000001010001100101010011000100000
0000000010100000010111000001010001101001001011000100000
0000000010100000010111000001011000101100101001000100001
0000000010100000010111000001011000110100011001000100001
0000000010100000010111000011011000101100101001000100001
0000000010100000010111000011011000110100011001000100001
0000000010100000010111000101011000101100101001000100001
0000000010100000010111000101011000110100011001000100001
0000000010100000011111000101011000101100101001000100000
0000000010100000011111000101011000101100101001000100001
0000000010100000011111000101011000110100011001000100000
0000000010100000011111000101011000110100011001000100001
0000000010100010000100001000001000000010000001000100001
0000000010100010000100001000001000100000000011000100000
0000000010100010000100010000000100000010000001000100001
0000000010100010000100010000000100100000000011000100000
0000000010100010001100001010001001000010000001000100000
0000000010100010001100010010000101000010000001000100000
0000000010100010010100001100001010100000000011000100001
0000000010100010010100010100000110100000000011000100001
0000000010100011000100011000010100000010000001001101010
0000000010100011000100011000010100100000000011010110101
0000000010100011000100101000001100000010000001001101010
0000000010100011000100101000001100100000000011010110101
0000000010100100000100010000010000000000101001100100010
0000000010100100000100010000010000000000101001100100101
0000000010100100000100010000010000000001101001100100100
0000000010100100000100010000010000000010101001100100010
0000000010100100000100010000010000000010101001100100011
0000000010100100000100010000010000000100101001100100110
0000000010100100000100100000001000000000101001100100010
0000000010100100000100100000001000000000101001100100101
0000000010100100000100100000001000000001101001100100100
0000000010100100000100100000001000000010101001100100010
0000000010100100000100100000001000000010101001100100011
0000000010100100000100100000001000000100101001100100110
0000000010100110000100110000101000000001101001100100101
0000000010100110000101001000101000000010111001001101010
0000000010100110000101001000101000100000111011010110101
0000000010100110000101010000011000000001101001100100101
0000000010100110000101010000100100000010111001001101010
0000000010100110000101010000100100100000111011010110101
0000000010101000000100100000100000101000110001000001000
0000000010101000000100100000100000101000110001000100101
0000000010101000000100100000100000101000110001000101000
0000000010101000000100100000100000101000110001000110001
0000000010101000000100100000100000101100111001100011010
0000000010101000000100100000100000101100111001100110111
0000000010101000000101000000010000101000110001000001000
0000000010101000000101000000010000101000110001000100101
0000000010101000000101000000010000101000110001000101000
0000000010101000000101000000010000101000110001000110001
0000000010101000000101000000010000101100111001100011010
0000000010101000000101000000010000101100111001100110111
0000000010101000100100101000100100101000110001000001100
0000000010101000100100101000100100101000110001000001101
0000000010101000100100101000100100101000110001000010010
0000000010101000100100101000100100101000110001000010101
0000000010101000100100101000100100101000110001000011010
0000000010101000100100101000100100101000110001000100010
0000000010101000100100101000100100101000110001000100110
0000000010101000100100101000100100101000110001000101110
0000000010101000100100101000100100101000110001000110111
0000000010101000100101001000010100101000110001000001100
0000000010101000100101001000010100101000110001000001101
0000000010101000100101001000010100101000110001000010010
0000000010101000100101001000010100101000110001000010101
0000000010101000100101001000010100101000110001000011010
0000000010101000100101001000010100101000110001000100010
0000000010101000100101001000010100101000110001000100110
0000000010101000100101001000010100101000110001000101110
0000000010101000100101001000010100101000110001000110111
0000000010101000110100101100100110101000110001000001011
0000000010101000110101001100010110101000110001000001011
0000000010101001000100110000101000100100101000100001100
0000000010101001000100110000101000100100101000100110111
0000000010101001000101010000011000100100101000100001100
0000000010101001000101010000011000100100101000100110111
0000000010101010000110001001001000011100000001010110101
0000000010101010000110001001001000011110000001001101010
0000000010101010000110001001001000100011000011000100000
0000000010101010000110001001001000100011000101000100001
0000000010101010000110001001001000111100000011010110101
0000000010101010000110010001000100011100000001010110101
0000000010101010000110010001000100011110000001001101010
0000000010101010000110010001000100100011000011000100000
0000000010101010000110010001000100100011000101000100001
0000000010101010000110010001000100111100000011010110101
0000000010101011000110011001010100111100000101010110101
0000000010101011000110101001001100111100000101010110101
0000000010101100000101100001010000101000110001000100101
0000000010101100000101100001010000101000110001000101000
0000000010101100000101100001010000101000110001000110001
0000000010101100000101100001010000101100111001100001100
0000000010101100000101100001010000101100111001100010001
0000000010101100000101100001010000101100111001100010010
0000000010101100000101100001010000101100111001100011010
0000000010101100000101100001010000101100111001100100010
0000000010101100000101100001010000101100111001100100110
0000000010101100000101100001010000101100111001100110111
0000000010101100000110010001010000000111101001100100111
0000000010101100000110010001010000111000101001100100010
0000000010101100000110010001010000111000101001100100101
0000000010101100000110010001010000111001101001100100101
0000000010101100000110010001010000111010101001100100001
0000000010101100000110010001010000111010101001100100010
0000000010101100000110010001010000111010101001100100101
0000000010101100000110010001010000111100101001100100010
0000000010101100000110010001010000111100101001100100101
0000000010101100000110010001010000111100101001100100110
0000000010101100000110100000110000101000110001000100101
0000000010101100000110100000110000101000110001000101000
0000000010101100000110100000110000101000110001000110001
0000000010101100000110100000110000101100111001100001100
0000000010101100000110100000110000101100111001100010001
0000000010101100000110100000110000101100111001100010010
0000000010101100000110100000110000101100111001100011010
0000000010101100000110100000110000101100111001100100010
0000000010101100000110100000110000101100111001100100110
0000000010101100000110100000110000101100111001100110111
0000000010101100000110100001001000000111101001100100111
0000000010101100000110100001001000111000101001100100010
0000000010101100000110100001001000111000101001100100101
0000000010101100000110100001001000111001101001100100101
0000000010101100000110100001001000111010101001100100001
0000000010101100000110100001001000111010101001100100010
0000000010101100000110100001001000111010101001100100101
0000000010101100000110100001001000111100101001100100010
0000000010101100000110100001001000111100101001100100101
0000000010101100000110100001001000111100101001100100110
0000000010101100010101100101010010101100111001100100011
0000000010101100010110010101010010111100101001100100011
0000000010101100010110100100110010101100111001100100011
0000000010101100010110100101001010111100101001100100011
0000000010101100100101101001010100101010110101010001011
0000000010101100100110011001010100111100100101010010101
0000000010101100100110101000110100101010110101010001011
0000000010101100100110101001001100111100100101010010101
0000000010101110000110110001101000111100101101110110011
0000000010101110000111001001101000011110111001001101010
0000000010101110000111010001011000111100101101110110011
0000000010101110000111010001100100011110111001001101010
0000000010111000000100100011000101001001000101000100000
0000000010111000000100100011001001000101000101000100000
0000000010111000000101001001001100010100100001000000010
0000000010111000000101001001001100010100100001000000101
0000000010111000000101001001010100001100100001000000010
0000000010111000000101001001010100001100100001000000101
0000000010111000000101100001011000101000101001100100010
0000000010111000000101100001011000101000101001100100101
0000000010111000000101100001100100101000000111000100000
0000000010111000000101100001100100101000000111000100001
0000000010111000000101100001100100101000111001010110101
0000000010111000000101100001100100101000111101001101010
0000000010111000000101100001101000011000101001100100010
0000000010111000000101100001101000011000101001100100101
0000000010111000000101100001101000100100000111000100000
0000000010111000000101100001101000100100000111000100001
0000000010111000000101100001101000100100111001010110101
0000000010111000000101100001101000100100111101001101010
0000000010111000000101100011011001101001101001100100100
0000000010111000000101100011101001011001101001100100100
0000000010111000000101100101100110101010111001000100001
0000000010111000000101100101101010100110111001000100001
0000000010111000000101110001101100110100111001010110101
0000000010111000000101110001110100101100111001010110101
0000000010111000010101110001101100110100111001001101010
0000000010111000010101110001110100101100111001001101010
0000000010111000100101101001011100101100100101010010101
0000000010111000100101101001101100011100100101010010101
0000000010111100000101110001101100110100111101001101010
0000000010111100000101110001110100101100111101001101010
0000000011000000001101000001001000010000101001100100100
0000000011000000001101000001010000001000101001100100100
0000000011000000001101100001011000101000101001100100100
0000000011000000001101100001101000011000101001100100100
0000000011000000101101100001011000101000101001100100110
0000000011000000101101100001101000011000101001100100110
0000000011000000110101100001011000101000101001100100010
0000000011000000110101100001101000011000101001100100010
0000000011000100000100100001000100001000000101000100001
0000000011000100000100100001001000000100000101000100001
0000000011000100001100100001000100001000000101000100000
0000000011000100001100100001001000000100000101000100000
0000000011000100010100100001000100001000000011000100000
0000000011000100010100100001000100001000000101000100001
0000000011000100010100100001000100001000000111000100001
0000000011000100010100100001001000000100000011000100000
0000000011000100010100100001001000000100000101000100001
0000000011000100010100100001001000000100000111000100001
0000000011100000000111000101011000101100101001000100001
0000000011100000000111000101011000110100011001000100001
0000000011100000001000111001010000100100010001010110101
0000000011100000001000111001010000101000001001010110101
0000000011100000001111000001010010100110010101000100001
0000000011100000001111000001010010101010001101000100001
0000000011100000001111000001011000101100101001000100000
0000000011100000001111000001011000101100101001010110101
0000000011100000001111000001011000110100011001000100000
0000000011100000001111000001011000110100011001010110101
0000000011100000001111000101011000101100101001000100000
0000000011100000001111000101011000110100011001000100000
0000000011100000010111000001010000100100010001000100000
0000000011100000010111000001010000100100010001000100001
0000000011100000010111000001010000101000001001000100000
0000000011100000010111000001010000101000001001000100001
0000000011100000010111000001011000101100101001000100000
0000000011100000010111000001011000110100011001000100000
0000000011100000010111000101011000101100101001000100000
0000000011100000010111000101011000101100101001000100001
0000000011100000010111000101011000110100011001000100000
0000000011100000010111000101011000110100011001000100001
0000000011100000011111000101011000101100101001000100000
0000000011100000011111000101011000101100101001000100001
0000000011100000011111000101011000110100011001000100000
0000000011100000011111000101011000110100011001000100001
0000000011100010000100001000001000000010000001000100000
0000000011100010000100001000001000000010000001000100001
0000000011100010000100010000000100000010000001000100000
0000000011100010000100010000000100000010000001000100001
0000000011100010010100001100001010100000000011000100001
0000000011100010010100010100000110100000000011000100001
0000000011100011000100011000010100100000000011010110101
0000000011100011000100101000001100100000000011010110101
0000000011100100000100010000010000000000101001100100010
0000000011100100000100010000010000000000101001100100100
0000000011100100000100010000010000000001101001100100100
0000000011100100000100010000010000000010101001100100010
0000000011100100000100100000001000000000101001100100010
0000000011100100000100100000001000000000101001100100100
0000000011100100000100100000001000000001101001100100100
0000000011100100000100100000001000000010101001100100010
0000000011100110000101001000101000100000111011010110101
0000000011100110000101010000100100100000111011010110101
0000000011101000000100100000100000101000110001000101000
0000000011101000000100100000100000101100111001100011101
0000000011101000000101000000010000101000110001000101000
0000000011101000000101000000010000101100111001100011101
0000000011101000100100101000100100101000110001000001100
0000000011101000100100101000100100101000110001000010010
0000000011101000100100101000100100101000110001000010101
0000000011101000100100101000100100101000110001000011101
0000000011101000100100101000100100101000110001000101110
0000000011101000100101001000010100101000110001000001100
0000000011101000100101001000010100101000110001000010010
0000000011101000100101001000010100101000110001000010101
0000000011101000100101001000010100101000110001000011101
0000000011101000100101001000010100101000110001000101110
0000000011101001000100110000101000100100101000100001100
0000000011101001000101010000011000100100101000100001100
0000000011101010000110001001001000011100000001010110101
0000000011101010000110001001001000100011000101000100001
0000000011101010000110001001001000111100000011010110101
0000000011101010000110010001000100011100000001010110101
0000000011101010000110010001000100100011000101000100001
0000000011101010000110010001000100111100000011010110101
0000000011101011000110011001010100111100000101010110101
0000000011101011000110101001001100111100000101010110101
0000000011101100000101100001010000101000110001000100101
0000000011101100000101100001010000101000110001000101000
0000000011101100000101100001010000101100111001100001100
0000000011101100000101100001010000101100111001100010000
0000000011101100000101100001010000101100111001100010001
0000000011101100000101100001010000101100111001100010010
0000000011101100000101100001010000101100111001100011101
0000000011101100000110010001010000111000101001100100100
0000000011101100000110010001010000111000101001100100101
0000000011101100000110010001010000111001101001100100000
0000000011101100000110010001010000111010101001100100000
0000000011101100000110010001010000111010101001100100010
0000000011101100000110010001010000111010101001100100101
0000000011101100000110010001010000111100101001100100100
0000000011101100000110010001010000111100101001100100101
0000000011101100000110100000110000101000110001000100101
0000000011101100000110100000110000101000110001000101000
0000000011101100000110100000110000101100111001100001100
0000000011101100000110100000110000101100111001100010000
0000000011101100000110100000110000101100111001100010001
0000000011101100000110100000110000101100111001100010010
0000000011101100000110100000110000101100111001100011101
0000000011101100000110100001001000111000101001100100100
0000000011101100000110100001001000111000101001100100101
0000000011101100000110100001001000111001101001100100000
0000000011101100000110100001001000111010101001100100000
0000000011101100000110100001001000111010101001100100010
0000000011101100000110100001001000111010101001100100101
0000000011101100000110100001001000111100101001100100100
0000000011101100000110100001001000111100101001100100101
0000000011101100010101100101010010101100111001100100011
0000000011101100010110010101010010111100101001100100011
0000000011101100010110100100110010101100111001100100011
0000000011101100010110100101001010111100101001100100011
0000000011101100100110011001010100111100100101010010101
0000000011101100100110101001001100111100100101010010101
0000000011101110000110110001101000111100101101110110011
0000000011101110000111010001011000111100101101110110011
0000000011111000000101001001001100010100100001000000100
0000000011111000000101001001001100010100100001000000101
0000000011111000000101001001010100001100100001000000100
0000000011111000000101001001010100001100100001000000101
0000000011111000000101100001011000101000101001100100100
0000000011111000000101100001011000101000101001100100101
0000000011111000000101100001100100101000111001010110101
0000000011111000000101100001101000011000101001100100100
0000000011111000000101100001101000011000101001100100101
0000000011111000000101100001101000100100111001010110101
0000000011111000000101100101100110101010111001000100001
0000000011111000000101100101101010100110111001000100001
0000000011111000000101110001101100110100111001010110101
0000000011111000000101110001110100101100111001010110101
0000000011111000100101101001011100101100100101010010101
0000000011111000100101101001101100011100100101010010101
0000000100000000000101000001001000010000100101010010001
0000000100000000000101000001010000001000100101010010001
0000000100000000000101000101001010010010101001100100111
0000000100000000000101000101010010001010101001100100111
0000000100000000000101001001001100010100100101010010111
0000000100000000000101001001010100001100100101010010111
0000000100000000000101100001011000101000100101010010001
0000000100000000000101100001011000101000101101110110111
0000000100000000000101100001101000011000100101010010001
0000000100000000000101100001101000011000101101110110111
0000000100000000001101000001001000010000100101010010001
0000000100000000001101000001010000001000100101010010001
0000000100000000001101000101001010010010101001100100111
0000000100000000001101000101010010001010101001100100111
0000000100000000001101001001001100010100100101010010111
0000000100000000001101001001010100001100100101010010111
0000000100000000001101100001011000101000100101010010001
0000000100000000001101100001011000101000101001100100110
0000000100000000001101100001011000101000101101110110111
0000000100000000001101100001101000011000100101010010001
0000000100000000001101100001101000011000101001100100110
0000000100000000001101100001101000011000101101110110111
0000000100000000010101000001001000010000101001100100110
0000000100000000010101000001001000010000101001100100111
0000000100000000010101000001010000001000101001100100110
0000000100000000010101000001010000001000101001100100111
0000000100000000010101100001011000101000101001100100010
0000000100000000010101100001011000101000101001100100110
0000000100000000010101100001101000011000101001100100010
0000000100000000010101100001101000011000101001100100110
0000000100000000011101100001011000101000101001100100010
0000000100000000011101100001101000011000101001100100010
0000000100000000101101100001011000101000100101010010000
0000000100000000101101100001011000101000100101010010001
0000000100000000101101100001101000011000100101010010000
0000000100000000101101100001101000011000100101010010001
0000000100000000110101000001001000010000100011001001100
0000000100000000110101000001010000001000100011001001100
0000000100000000110101100001011000101000100011001001100
0000000100000000110101100001011000101000100101010010001
0000000100000000110101100001011000101000101001100100110
0000000100000000110101100001101000011000100011001001100
0000000100000000110101100001101000011000100101010010001
0000000100000000110101100001101000011000101001100100110
0000000100000000111101100001011000101000100101010010001
0000000100000000111101100001101000011000100101010010001
0000000100000111000101000001001000010000101101110110111
0000000100000111000101000001010000001000101101110110111
0000000100000111000101000101001010010010101001100100010
0000000100000111000101000101001010010010101001100100011
0000000100000111000101000101010010001010101001100100010
0000000100000111000101000101010010001010101001100100011
0000000100000111000101001001001100010100100101010010111
0000000100000111000101001001010100001100100101010010111
0000000100000111000101100001011000101000101101110110010
0000000100000111000101100001011000101000101101110110011
0000000100000111000101100001011000101000101101110110111
0000000100000111000101100001101000011000101101110110010
0000000100000111000101100001101000011000101101110110011
0000000100000111000101100001101000011000101101110110111
0000000100100100000100010000010000000000100101010010001
0000000100100100000100010000010000000001100101010010001
0000000100100100000100010000010000000010101001100100110
0000000100100100000100010000010000000010101001100100111
0000000100100100000100010000010000000100100101010010011
0000000100100100000100100000001000000000100101010010001
0000000100100100000100100000001000000001100101010010001
0000000100100100000100100000001000000010101001100100110
0000000100100100000100100000001000000010101001100100111
0000000100100100000100100000001000000100100101010010011
0000000100100100010100010100010010000001101001100100111
0000000100100100010100100100001010000001101001100100111
0000000100100100100100011000010100000000100101010010111
0000000100100100100100101000001100000000100101010010111
0000000100100110000100110000101000000000101101110110111
0000000100100110000100110000101000000010101001100100010
0000000100100110000100110000101000000010101001100100111
0000000100100110000100110000101000000100100101010010011
0000000100100110000101010000011000000000101101110110111
0000000100100110000101010000011000000010101001100100010
0000000100100110000101010000011000000010101001100100111
0000000100100110000101010000011000000100100101010010011
0000000100101000000100100000100000101000110001000001000
0000000100101000000100100000100000101000110001000010101
0000000100101000000100100000100000101000110001000100101
0000000100101000000100100000100000101000110001000101100
0000000100101000000100100000100000101000110001000110010
0000000100101000000100100000100000101000110001000110101
0000000100101000000100100000100000101000110001000110111
0000000100101000000101000000010000101000110001000001000
0000000100101000000101000000010000101000110001000010101
0000000100101000000101000000010000101000110001000100101
0000000100101000000101000000010000101000110001000101100
0000000100101000000101000000010000101000110001000110010
0000000100101000000101000000010000101000110001000110101
0000000100101000000101000000010000101000110001000110111
0000000100101000001100100010100001101000110001000110100
0000000100101000001101000010010001101000110001000110100
0000000100101000010100100100100010101000110001000001001
0000000100101000010100100100100010101000110001000100001
0000000100101000010100100100100010101000110001000100011
0000000100101000010101000100010010101000110001000001001
0000000100101000010101000100010010101000110001000100001
0000000100101000010101000100010010101000110001000100011
0000000100101000100100101000100100101000110001000001110
0000000100101000100100101000100100101000110001000010010
0000000100101000100100101000100100101000110001000010110
0000000100101000100101001000010100101000110001000001110
0000000100101000100101001000010100101000110001000010010
0000000100101000100101001000010100101000110001000010110
0000000100101001000100110000101000100001100010001110100
0000000100101001000100110000101000100010100100010001001
0000000100101001000101010000011000100001100010001110100
0000000100101001000101010000011000100010100100010001001
0000000100101100000101100001010000101000110001000001000
0000000100101100000101100001010000101000110001000001100
0000000100101100000101100001010000101000110001000010101
0000000100101100000101100001010000101000110001000100101
0000000100101100000101100001010000101000110001000101100
0000000100101100000101100001010000101000110001000110010
0000000100101100000101100001010000101000110001000110101
0000000100101100000101100001010000101000110001000110111
0000000100101100000101100001010000101010110101010001001
0000000100101100000101100001010000101010110101010100001
0000000100101100000101100001010000101100111001100010110
0000000100101100000110010001010000111000100101010010001
0000000100101100000110010001010000111001101101110110111
0000000100101100000110010001010000111010101001100100010
0000000100101100000110010001010000111010101001100100110
0000000100101100000110010001010000111010101001100100111
0000000100101100000110010001010000111100100101010010001
0000000100101100000110010001010000111100100101010010011
0000000100101100000110100000110000101000110001000001000
0000000100101100000110100000110000101000110001000001100
0000000100101100000110100000110000101000110001000010101
0000000100101100000110100000110000101000110001000100101
0000000100101100000110100000110000101000110001000101100
0000000100101100000110100000110000101000110001000110010
0000000100101100000110100000110000101000110001000110101
0000000100101100000110100000110000101000110001000110111
0000000100101100000110100000110000101010110101010001001
0000000100101100000110100000110000101010110101010100001
0000000100101100000110100000110000101100111001100010110
0000000100101100000110100001001000111000100101010010001
0000000100101100000110100001001000111001101101110110111
0000000100101100000110100001001000111010101001100100010
0000000100101100000110100001001000111010101001100100110
0000000100101100000110100001001000111010101001100100111
0000000100101100000110100001001000111100100101010010001
0000000100101100000110100001001000111100100101010010011
0000000100101100010101100101010010101100111001100100111
0000000100101100010110010101010010111010101001100100011
0000000100101100010110010101010010111100101001100100111
0000000100101100010110100100110010101100111001100100111
0000000100101100010110100101001010111010101001100100011
0000000100101100010110100101001010111100101001100100111
0000000100101110000110110001101000111010101101110110011
0000000100101110000110110001101000111100101101110110111
0000000100101110000111010001011000111010101101110110011
0000000100101110000111010001011000111100101101110110111
0000000100111000000101000101001010010010100001000000001
0000000100111000000101000101001010010010101001100100111
0000000100111000000101000101010010001010100001000000001
0000000100111000000101000101010010001010101001100100111
0000000100111000000101100001011000101000100101010010001
0000000100111000000101100001101000011000100101010010001
0000000100111000000101100101011010101010101001100100010
0000000100111000000101100101011010101010101001100100011
0000000100111000000101100101101010011010101001100100010
0000000100111000000101100101101010011010101001100100011
0000000100111000000101101001011100101100100101010010111
0000000100111000000101101001101100011100100101010010111
0000000100111000010101100101011010101010101001100100011
0000000100111000010101100101101010011010101001100100011
0000000100111000100101100101011010101010100011001001000
0000000100111000100101100101101010011010100011001001000
0000000101000000011101000001001000010000101001100100110
0000000101000000011101000001010000001000101001100100110
0000000101000000011101100001011000101000101001100100110
0000000101000000011101100001101000011000101001100100110
0000000101000000110101100001011000101000100101010010001
0000000101000000110101100001011000101000101001100100110
0000000101000000110101100001101000011000100101010010001
0000000101000000110101100001101000011000101001100100110
0000000101000111000101000001001000010000101101110110111
0000000101000111000101000001010000001000101101110110111
0000000101000111000101000101001010010010101001100100010
0000000101000111000101000101010010001010101001100100010
0000000101000111000101001001001100010100100101010010111
0000000101000111000101001001010100001100100101010010111
0000000101000111000101100001011000101000101101110110010
0000000101000111000101100001011000101000101101110110111
0000000101000111000101100001101000011000101101110110010
0000000101000111000101100001101000011000101101110110111
0000000101100100000100010000010000000000101001100100110
0000000101100100000100010000010000000010101001100100110
0000000101100100000100010000010000000100100101010010011
0000000101100100000100100000001000000000101001100100110
0000000101100100000100100000001000000010101001100100110
0000000101100100000100100000001000000100100101010010011
0000000101100100100100011000010100000000100101010010111
0000000101100100100100101000001100000000100101010010111
0000000101100110000100110000101000000000101101110110111
0000000101100110000101010000011000000000101101110110111
0000000101101000000100100000100000101000110001000010000
0000000101101000000100100000100000101000110001000011000
0000000101101000000100100000100000101000110001000100000
0000000101101000000100100000100000101000110001000100100
0000000101101000000100100000100000101000110001000110100
0000000101101000000100100000100000101000110001000110101
0000000101101000000101000000010000101000110001000010000
0000000101101000000101000000010000101000110001000011000
0000000101101000000101000000010000101000110001000100000
0000000101101000000101000000010000101000110001000100100
0000000101101000000101000000010000101000110001000110100
0000000101101000000101000000010000101000110001000110101
0000000101101000010100100100100010101000110001000100000
0000000101101000010100100100100010101000110001000100001
0000000101101000010101000100010010101000110001000100000
0000000101101000010101000100010010101000110001000100001
0000000101101000100100101000100100101000110001000010110
0000000101101000100101001000010100101000110001000010110
0000000101101100000101100001010000101000110001000010000
0000000101101100000101100001010000101000110001000011000
0000000101101100000101100001010000101000110001000100000
0000000101101100000101100001010000101000110001000100100
0000000101101100000101100001010000101000110001000100110
0000000101101100000101100001010000101000110001000110100
0000000101101100000101100001010000101000110001000110101
0000000101101100000101100001010000101010110101010100001
0000000101101100000101100001010000101100111001100010110
0000000101101100000110010001010000111000101001100100110
0000000101101100000110010001010000111010101001100100110
0000000101101100000110010001010000111100100101010010000
0000000101101100000110010001010000111100100101010010001
0000000101101100000110100000110000101000110001000010000
0000000101101100000110100000110000101000110001000011000
0000000101101100000110100000110000101000110001000100000
0000000101101100000110100000110000101000110001000100100
0000000101101100000110100000110000101000110001000100110
0000000101101100000110100000110000101000110001000110100
0000000101101100000110100000110000101000110001000110101
0000000101101100000110100000110000101010110101010100001
0000000101101100000110100000110000101100111001100010110
0000000101101100000110100001001000111000101001100100110
0000000101101100000110100001001000111010101001100100110
0000000101101100000110100001001000111100100101010010000
0000000101101100000110100001001000111100100101010010001
0000000101101100010101100101010010101100111001100100111
0000000101101100010110010101010010111010101001100100011
0000000101101100010110010101010010111100101001100100111
0000000101101100010110100100110010101100111001100100111
0000000101101100010110100101001010111010101001100100011
0000000101101100010110100101001010111100101001100100111
0000000101101110000110110001101000111010101101110110011
0000000101101110000110110001101000111100101101110110111
0000000101101110000111010001011000111010101101110110011
0000000101101110000111010001011000111100101101110110111
0000000101111000000101000101001010010010101001100100111
0000000101111000000101000101010010001010101001100100111
0000000101111000000101001001001100010100100001000000110
0000000101111000000101001001010100001100100001000000110
0000000101111000000101100001011000101000101001100100110
0000000101111000000101100001101000011000101001100100110
0000000101111000000101100101011010101010101001100100010
0000000101111000000101100101011010101010101001100100011
0000000101111000000101100101101010011010101001100100010
0000000101111000000101100101101010011010101001100100011
0000000101111000000101101001011100101100100101010010111
0000000101111000000101101001101100011100100101010010111
0000000101111000010101100101011010101010101001100100011
0000000101111000010101100101101010011010101001100100011
0000000110000000001101000001001000010000101001100100110
0000000110000000001101000001010000001000101001100100110
0000000110000000001101100001011000101000101001100100100
0000000110000000001101100001011000101000101001100100110
0000000110000000001101100001101000011000101001100100100
0000000110000000001101100001101000011000101001100100110
0000000110000000010101100001011000101000101001100100111
0000000110000000010101100001101000011000101001100100111
0000000110000000011101100001011000101000101001100100010
0000000110000000011101100001101000011000101001100100010
0000000110000000100101000001001000010000100011001001100
0000000110000000100101000001010000001000100011001001100
0000000110000000100101100001011000101000100011001001100
0000000110000000100101100001101000011000100011001001100
0000000110000000101101100001011000101000100101010010001
0000000110000000101101100001011000101000101001100100110
0000000110000000101101100001101000011000100101010010001
0000000110000000101101100001101000011000101001100100110
0000000110000000111101100001011000101000101001100100110
0000000110000000111101100001101000011000101001100100110
0000000110000111000101000101001010010010101001100100011
0000000110000111000101000101010010001010101001100100011
0000000110000111100101000101001010010010100011001001001
0000000110000111100101000101010010001010100011001001001
0000000110100100000100010000010000000000101001100100110
0000000110100100000100010000010000000001101001100100110
0000000110100100000100010000010000000010101001100100111
0000000110100100000100100000001000000000101001100100110
0000000110100100000100100000001000000001101001100100110
0000000110100100000100100000001000000010101001100100111
0000000110100110000100110000101000000010101001100100010
0000000110100110000100110000101000000100100011001001100
0000000110100110000100110000101000000100100101010010001
0000000110100110000101010000011000000010101001100100010
0000000110100110000101010000011000000100100011001001100
0000000110100110000101010000011000000100100101010010001
0000000110101000000100100000100000101000110001000001101
0000000110101000000100100000100000101000110001000010001
0000000110101000000100100000100000101000110001000100010
0000000110101000000100100000100000101000110001000100101
0000000110101000000100100000100000101000110001000100111
0000000110101000000100100000100000101000110001000101100
0000000110101000000100100000100000101000110001000101101
0000000110101000000100100000100000101000110001000110101
0000000110101000000101000000010000101000110001000001101
0000000110101000000101000000010000101000110001000010001
0000000110101000000101000000010000101000110001000100010
0000000110101000000101000000010000101000110001000100101
0000000110101000000101000000010000101000110001000100111
0000000110101000000101000000010000101000110001000101100
0000000110101000000101000000010000101000110001000101101
0000000110101000000101000000010000101000110001000110101
0000000110101000001100100010100001101000110001000100100
0000000110101000001101000010010001101000110001000100100
0000000110101000010100100100100010101000110001000100001
0000000110101000010101000100010010101000110001000100001
0000000110101000100100101000100100101000110001000001110
0000000110101000100100101000100100101000110001000010010
0000000110101000100100101000100100101000110001000010111
0000000110101000100100101000100100101000110001000100110
0000000110101000100101001000010100101000110001000001110
0000000110101000100101001000010100101000110001000010010
0000000110101000100101001000010100101000110001000010111
0000000110101000100101001000010100101000110001000100110
0000000110101001000100110000101000100100101000100001110
0000000110101001000101010000011000100100101000100001110
0000000110101100000101100001010000101000110001000010001
0000000110101100000101100001010000101000110001000100010
0000000110101100000101100001010000101000110001000100101
0000000110101100000101100001010000101000110001000101100
0000000110101100000101100001010000101000110001000101101
0000000110101100000101100001010000101000110001000110101
0000000110101100000101100001010000101100111001100001110
0000000110101100000101100001010000101100111001100010111
0000000110101100000101100001010000101100111001100100110
0000000110101100000110010001010000111000101001100100010
0000000110101100000110010001010000111000101001100100110
0000000110101100000110010001010000111010101001100100010
0000000110101100000110010001010000111010101001100100111
0000000110101100000110010001010000111100100011001001100
0000000110101100000110010001010000111100100101010010001
0000000110101100000110010001010000111100101001100100110
0000000110101100000110100000110000101000110001000010001
0000000110101100000110100000110000101000110001000100010
0000000110101100000110100000110000101000110001000100101
0000000110101100000110100000110000101000110001000101100
0000000110101100000110100000110000101000110001000101101
0000000110101100000110100000110000101000110001000110101
0000000110101100000110100000110000101100111001100001110
0000000110101100000110100000110000101100111001100010111
0000000110101100000110100000110000101100111001100100110
0000000110101100000110100001001000111000101001100100010
0000000110101100000110100001001000111000101001100100110
0000000110101100000110100001001000111010101001100100010
0000000110101100000110100001001000111010101001100100111
0000000110101100000110100001001000111100100011001001100
0000000110101100000110100001001000111100100101010010001
0000000110101100000110100001001000111100101001100100110
0000000110101100100101101001010100101010110101010010011
0000000110101100100110011001010100111010100101010010011
0000000110101100100110101000110100101010110101010010011
0000000110101100100110101001001100111010100101010010011
0000000110101110000110110001101000111010101101110110011
0000000110101110000110110001101000111100100111011011001
0000000110101110000111010001011000111010101101110110011
0000000110101110000111010001011000111100100111011011001
0000000110111000000101001001001100010100100001000000010
0000000110111000000101001001001100010100100001000000110
0000000110111000000101001001010100001100100001000000010
0000000110111000000101001001010100001100100001000000110
0000000110111000000101100001011000101000101001100100010
0000000110111000000101100001011000101000101001100100110
0000000110111000000101100001101000011000101001100100010
0000000110111000000101100001101000011000101001100100110
0000000110111000000101100101011010101010101001100100011
0000000110111000000101100101101010011010101001100100011
0000000111000110000100001001000001000010100001000000101
0000000111000110000100001001000010000001100001000000101
0000000111000111000101000101001010010010101001100100011
0000000111000111000101000101010010001010101001100100011
0000000111011000000100000001111000111000101001001010101
0000000111011000000100000001111000111000101001010001101
0000000111100001000100001111110000100100100010010000101
0000000111100001000100001111110000100100100100001000101
0000000111100001000111100001110000101100110011010111101
0000000111100001000111100001110000101100110101001111101
0000000111100010000111000001000100100001000101000000101
0000000111100010000111000001000100100010000011000000101
0000000111100010000111000001000110100011001011000000101
0000000111100010000111000001000110100101000111000000101
0000000111100010000111000001001100101001010101000111101
0000000111100010000111000001001100101010010011000111101
0000000111100100000100010000010000000000101001001010101
0000000111100100000100010000010000000000101001010001101
0000000111100100000100100000001000000000101001001010101
0000000111100100000100100000001000000000101001010001101
0000000111100110000100110000101000000010101001100100010
0000000111100110000100110000101000000010101001100100111
0000000111100110000100110000101000000100100101010010001
0000000111100110000101010000011000000010101001100100010
0000000111100110000101010000011000000010101001100100111
0000000111100110000101010000011000000100100101010010001
0000000111101000000100100000100000101000110001000101000
0000000111101000000101000000010000101000110001000101000
0000000111101000010100100100100010101000110001000100001
0000000111101000010101000100010010101000110001000100001
0000000111101000100100101000100100101000110001000001110
0000000111101000100100101000100100101000110001000010010
0000000111101000100101001000010100101000110001000001110
0000000111101000100101001000010100101000110001000010010
0000000111101100000101100001010000101000110001000100100
0000000111101100000101100001010000101000110001000100101
0000000111101100000101100001010000101000110001000110101
0000000111101100000110010001010000111000101001001010101
0000000111101100000110010001010000111000101001010001101
0000000111101100000110010001010000111010101001100100010
0000000111101100000110010001010000111010101001100100111
0000000111101100000110010001010000111100100101010010001
0000000111101100000110100000110000101000110001000100100
0000000111101100000110100000110000101000110001000100101
0000000111101100000110100000110000101000110001000110101
0000000111101100000110100001001000111000101001001010101
0000000111101100000110100001001000111000101001010001101
0000000111101100000110100001001000111010101001100100010
0000000111101100000110100001001000111010101001100100111
0000000111101100000110100001001000111100100101010010001
0000000111101100100101101001010100101010110101010010011
0000000111101100100110011001010100111010100101010010011
0000000111101100100110101000110100101010110101010010011
0000000111101100100110101001001100111010100101010010011
0000000111101110000110110001101000111010101101110110011
0000000111101110000111010001011000111010101101110110011
0000000111110000000100010001110000100100100010010000101
0000000111110000000100010001110000100100100100001000101
0000000111110000000100010001110000101100110011010111101
0000000111110000000100010001110000101100110101001111101
0000000111111000000100001111111000111000101001001010101
0000000111111000000100001111111000111000101001010001101
0000000111111000000101001001001001010010010000000000101
0000000111111000000101001001001001010010100001000000101
0000000111111000000101001001001010010001010000000000101
0000000111111000000101001001001010010001100001000000101
0000000111111000000101001101001011010101010000000000101
0000000111111000000101001101001011010101100001000000101
0000000111111000000101001101001101010011010000000000101
0000000111111000000101001101001101010011100001000000101
0000000111111000000101100001011000101000100011010100101
0000000111111000000101100001011000101000100101001100101
0000000111111000000101100001101000011000100011010100101
0000000111111000000101100001101000011000100101001100101
0000000111111000000101100101011010101010101001100100011
0000000111111000000101100101101010011010101001100100011
0000000111111000000101101001011001101010010100100001101
0000000111111000000101101001011001101010100101100001101
0000000111111000000101101001011010101001010010100010101
0000000111111000000101101001011010101001010100001100101
0000000111111000000101101001011010101001100011100010101
0000000111111000000101101001011010101001100101001100101
0000000111111000000101101001101001011010010010100010101
0000000111111000000101101001101001011010010100001100101
0000000111111000000101101001101001011010100011100010101
0000000111111000000101101001101001011010100101001100101
0000000111111000000101101001101010011001010100100001101
0000000111111000000101101001101010011001100101100001101
0000001000000010000000010001000100100001000101000111101
0000001000000010000000010001000100100010000011000111101
0000001000000010000111000001010100110001100100111000101
0000001000000010000111000001010100110010100010111000101
0000001000000011000100001001000001000010000001000111101
0000001000000011000100001001000010000001000001000111101
0000001000000100000100001001000001000010100000000000101
0000001000000100000100001001000001000010110001000111101
0000001000000100000100001001000010000001100000000000101
0000001000000100000100001001000010000001110001000111101
0000001000000101000100001001000001000010010000000111101
0000001000000101000100001001000001000010100001000111101
0000001000000101000100001001000010000001010000000111101
0000001000000101000100001001000010000001100001000111101
0000001000000110000100001001000001000010100001000000101
0000001000000110000100001001000010000001100001000000101
0000001000010000000000000001110000100100100010010000101
0000001000010000000000000001110000100100100100001000101
0000001000010000000100010001111000100100100010010111101
0000001000010000000100010001111000100100100100001111101
0000001000010001000000010001110000100100100010010111101
0000001000010001000000010001110000100100100100001111101
0000001000010001000100000001111000100100100010010111101
0000001000010001000100000001111000100100100100001111101
0000001000100000000000001111000100100001000100000000101
0000001000100000000000001111000100100010000010000000101
0000001000100000000000110001000100100001000101000111101
0000001000100000000000110001000100100010000011000111101
0000001000100000000100000001110000100110100110101000101
0000001000100000000100000001110000100110101010011000101
0000001000100000000100000001110000101100110011010111101
0000001000100000000100000001110000101100110101001111101
0000001000100000000100001111110000101100110011010111101
0000001000100000000100001111110000101100110101001111101
0000001000100000000111000001000100100001000100000000101
0000001000100000000111000001000100100010000010000000101
0000001000100000000111000001000110100011001010000000101
0000001000100000000111000001000110100101000110000000101
0000001000100000000111000001001100101001010100000111101
0000001000100000000111000001001100101010010010000111101
0000001000100000000111000001010100110001100100111000101
0000001000100000000111000001010100110010100010111000101
0000001000100000000111000001011100111001110100111111101
0000001000100000000111000001011100111010110010111111101
0000001000100000000111100001010100110001100100111000101
0000001000100000000111100001010100110010100010111000101
0000001000100000000111100001110000100110100110101000101
0000001000100000000111100001110000100110101010011000101
0000001000100000000111100001110000101100110011010111101
0000001000100000000111100001110000101100110101001111101
0000001000100000000111100001110000101110110111101111101
0000001000100000000111100001110000101110111011011111101
0000001000100000100100000010000010100000110001000111101
0000001000100000100100000100000001100000110001000111101
0000001000100000111111100001110000101100110011010111101
0000001000100000111111100001110000101100110101001111101
0000001000100010000111000001010100110001100100111000101
0000001000100010000111000001010100110010100010111000101
0000001000100010100100100010010010100000100000111000101
0000001000100010100100100100010001100000100000111000101
0000001000101000000100100000100000100010100100010100001
0000001000101000000100100000100000100100100010010000101
0000001000101000000100100000100000100100100100001000101
0000001000101000000100100000100000100100101000100000101
0000001000101000000100100000100000100100101000100001110
0000001000101000000100100000100000101000110001000110001
0000001000101000000100100000100000101000110001000110101
0000001000101000000101000000010000100010100100010100001
0000001000101000000101000000010000100100100010010000101
0000001000101000000101000000010000100100100100001000101
0000001000101000000101000000010000100100101000100000101
0000001000101000000101000000010000100100101000100001110
0000001000101000000101000000010000101000110001000110001
0000001000101000000101000000010000101000110001000110101
0000001000101000010100100100100010100100101000100000011
0000001000101000010100100100100010100100101000100000101
0000001000101000010101000100010010100100101000100000011
0000001000101000010101000100010010100100101000100000101
0000001000101000100100100010100010010010000010100000101
0000001000101000100100100010100010010100000100001000101
0000001000101000100100100010100010011000010001000111101
0000001000101000100100100010100010100010100010100000101
0000001000101000100100100010100010100100100100001000101
0000001000101000100100100010100010101000110001000111101
0000001000101000100100100100100001010001000100100000101
0000001000101000100100100100100001011000010001000111101
0000001000101000100100100100100001100001100100100000101
0000001000101000100100100100100001101000110001000111101
0000001000101000100100101000100100100010100100010000011
0000001000101000100100101000100100100010100100010000101
0000001000101000100100101000100100101000110001000011100
0000001000101000100100101000100100101000110001000011101
0000001000101000100100101000100100101000110001000110010
0000001000101000100100101000100100101000110001000110111
0000001000101000100101000010010010010001000100100000101
0000001000101000100101000100010001010010000010100000101
0000001000101000100101000100010001010100000100001000101
0000001000101000100101000100010001100100100100001000101
0000001000101000100101001000010100100010100100010000011
0000001000101000100101001000010100100010100100010000101
0000001000101000100101001000010100101000110001000011100
0000001000101000100101001000010100101000110001000011101
0000001000101000100101001000010100101000110001000110010
0000001000101000100101001000010100101000110001000110111
0000001000101000100110000011000010111000010000000111101
0000001000101000100110000101000001111000010000000111101
0000001000101000110100100110100101011000010001000111101
0000001000101000110100100110100101101000110001000111101
0000001000101000110100101010100011011000010001000111101
0000001000101000110100101010100011101000110001000111101
0000001000101000110100101100100110101000110001000101111
0000001000101000110101001100010110101000110001000101111
0000001000101001000100110000101000100100100010010111101
0000001000101001000100110000101000100100100100001111101
0000001000101001000100110000101000100100101000100011100
0000001000101001000100110000101000100100101000100101110
0000001000101001000100110000101000100100101000100110010
0000001000101001000101010000011000100100100010010111101
0000001000101001000101010000011000100100100100001111101
0000001000101001000101010000011000100100101000100011100
0000001000101001000101010000011000100100101000100101110
0000001000101001000101010000011000100100101000100110010
0000001000101001010100110100101010100100101000100101010
0000001000101001010100110100101010100100101000100110011
0000001000101001010101010100011010100100101000100101010
0000001000101001010101010100011010100100101000100110011
0000001000101100000101100001010000100001100100100000101
0000001000101100000101100001010000100010100010100000101
0000001000101100000101100001010000100010100100010100001
0000001000101100000101100001010000100011101010110000101
0000001000101100000101100001010000100100101000100000101
0000001000101100000101100001010000100100101000100001110
0000001000101100000101100001010000100101100110110000101
0000001000101100000101100001010000100110101100110000101
0000001000101100000101100001010000101000110001000100101
0000001000101100000101100001010000101000110001000101000
0000001000101100000101100001010000101000110001000110101
0000001000101100000101100001010000101001110101100111101
0000001000101100000101100001010000101010110011100111101
0000001000101100000101100001010000101100111001100011100
0000001000101100000101100001010000101100111001100101110
0000001000101100000101100001010000101100111001100110010
0000001000101100000110100000110000100001100100100000101
0000001000101100000110100000110000100010100010100000101
0000001000101100000110100000110000100010100100010100001
0000001000101100000110100000110000100011101010110000101
0000001000101100000110100000110000100100101000100000101
0000001000101100000110100000110000100100101000100001110
0000001000101100000110100000110000100101100110110000101
0000001000101100000110100000110000100110101100110000101
0000001000101100000110100000110000101000110001000100101
0000001000101100000110100000110000101000110001000101000
0000001000101100000110100000110000101000110001000110101
0000001000101100000110100000110000101001110101100111101
0000001000101100000110100000110000101010110011100111101
0000001000101100000110100000110000101100111001100011100
0000001000101100000110100000110000101100111001100101110
0000001000101100000110100000110000101100111001100110010
0000001000101100001101100011010001100110101100110000101
0000001000101100001110100010110001100110101100110000101
0000001000101100010101100101010010101100111001100101010
0000001000101100010101100101010010101100111001100101111
0000001000101100010101100101010010101100111001100110011
0000001000101100010110100100110010101100111001100101010
0000001000101100010110100100110010101100111001100101111
0000001000101100010110100100110010101100111001100110011
0000001000101100100101100011010010010011001100101000101
0000001000101100100101100011010010010110001010011000101
0000001000101100100101100011010010011010011001001111101
0000001000101100100101100011010010100011101100101000101
0000001000101100100101100011010010100110101010011000101
0000001000101100100101100011010010101010111001001111101
0000001000101100100101100101010001010011001010110000101
0000001000101100100101100101010001011001011001010111101
0000001000101100100101100101010001011010010011100111101
0000001000101100100101100101010001100011101010110000101
0000001000101100100101100101010001101001111001010111101
0000001000101100100101100101010001101010110011100111101
0000001000101100100101101001010100101010110101010101111
0000001000101100100110100010110010010011001010110000101
0000001000101100100110100010110010011001011001010111101
0000001000101100100110100010110010011010010011100111101
0000001000101100100110100010110010100011101010110000101
0000001000101100100110100010110010101001111001010111101
0000001000101100100110100010110010101010110011100111101
0000001000101100100110100100110001010011001100101000101
0000001000101100100110100100110001010110001010011000101
0000001000101100100110100100110001100011101100101000101
0000001000101100100110100100110001100110101010011000101
0000001000101100100110101000110100101010110101010101111
0000001000101101000101110001011000100110101100110101010
0000001000101101000110110000111000100110101100110101010
0000001000110000000000001111110000100100100010010000101
0000001000110000000000001111110000100100100100001000101
0000001000110000000000001111110000101100110011010111101
0000001000110000000000001111110000101100110101001111101
0000001000110000000000011111110000100100100010010000101
0000001000110000000000011111110000100100100100001000101
0000001000110000000011110001110000100110100110101000101
0000001000110000000011110001110000100110101010011000101
0000001000110000000011110001110000101100110011010111101
0000001000110000000011110001110000101100110101001111101
0000001000110000000100010001110000100100100010010000101
0000001000110000000100010001110000100100100100001000101
0000001000111000000101001001100001100010001110000000101
0000001000111000000101001001100001100010110001000111101
0000001000111000000101001001100010100001001110000000101
0000001000111000000101001001100010100001110001000111101
0000001000111100000101101001110001110010101110111000101
0000001000111100000101101001110010110001101110111000101
0000001000111100000111100001010110110011101010111000101
0000001000111100000111100001010110110101100110111000101
0000001001101000000100100000100000100100101000100000100
0000001001101000000100100000100000100100101000100000110
0000001001101000000101000000010000100100101000100000100
0000001001101000000101000000010000100100101000100000110
0000001001101000010100100100100010100100101000100000101
0000001001101000010101000100010010100100101000100000101
0000001001101000100100101000100100100010100100010000101
0000001001101000100100101000100100101000110001000011100
0000001001101000100101001000010100100010100100010000101
0000001001101000100101001000010100101000110001000011100
0000001001101001000100110000101000100100101000100011100
0000001001101001000101010000011000100100101000100011100
0000001001101001010100110100101010100100101000100101010
0000001001101001010100110100101010100100101000100110011
0000001001101001010101010100011010100100101000100101010
0000001001101001010101010100011010100100101000100110011
0000001001101100000101100001010000100100101000100000100
0000001001101100000101100001010000100100101000100000110
0000001001101100000101100001010000100110101100110000101
0000001001101100000101100001010000101000110001000100000
0000001001101100000101100001010000101000110001000110101
0000001001101100000101100001010000101100111001100011100
0000001001101100000110100000110000100100101000100000100
0000001001101100000110100000110000100100101000100000110
0000001001101100000110100000110000100110101100110000101
0000001001101100000110100000110000101000110001000100000
0000001001101100000110100000110000101000110001000110101
0000001001101100000110100000110000101100111001100011100
0000001001101100010101100101010010101100111001100101010
0000001001101100010101100101010010101100111001100110011
0000001001101100010110100100110010101100111001100101010
0000001001101100010110100100110010101100111001100110011
0000001001101101000101110001011000100110101100110101010
0000001001101101000110110000111000100110101100110101010
0000001010101000000100100000100000100100101000100000010
0000001010101000000100100000100000100100101000100000101
0000001010101000000100100000100000101000110001000101000
0000001010101000000101000000010000100100101000100000010
0000001010101000000101000000010000100100101000100000101
0000001010101000000101000000010000101000110001000101000
0000001010101000100100101000100100101000110001000011010
0000001010101000100100101000100100101000110001000011101
0000001010101000100100101000100100101000110001000101110
0000001010101000100100101000100100101000110001000110010
0000001010101000100100101000100100101000110001000111111
0000001010101000100101001000010100101000110001000011010
0000001010101000100101001000010100101000110001000011101
0000001010101000100101001000010100101000110001000101110
0000001010101000100101001000010100101000110001000110010
0000001010101000100101001000010100101000110001000111111
0000001010101001000100110000101000100100101000100011010
0000001010101001000100110000101000100100101000100011101
0000001010101001000100110000101000100100101000100101110
0000001010101001000100110000101000100100101000100110010
0000001010101001000100110000101000100100101000100111111
0000001010101001000101010000011000100100101000100011010
0000001010101001000101010000011000100100101000100011101
0000001010101001000101010000011000100100101000100101110
0000001010101001000101010000011000100100101000100110010
0000001010101001000101010000011000100100101000100111111
0000001010101100000101100001010000100100101000100000010
0000001010101100000101100001010000100100101000100000101
0000001010101100000101100001010000101000110001000001000
0000001010101100000101100001010000101000110001000101000
0000001010101100000101100001010000101000110001000110001
0000001010101100000101100001010000101100111001100011010
0000001010101100000101100001010000101100111001100011101
0000001010101100000101100001010000101100111001100101110
0000001010101100000101100001010000101100111001100110010
0000001010101100000101100001010000101100111001100111111
0000001010101100000110100000110000100100101000100000010
0000001010101100000110100000110000100100101000100000101
0000001010101100000110100000110000101000110001000001000
0000001010101100000110100000110000101000110001000101000
0000001010101100000110100000110000101000110001000110001
0000001010101100000110100000110000101100111001100011010
0000001010101100000110100000110000101100111001100011101
0000001010101100000110100000110000101100111001100101110
0000001010101100000110100000110000101100111001100110010
0000001010101100000110100000110000101100111001100111111
0000001010101100010101100101010010101100111001100101011
0000001010101100010110100100110010101100111001100101011
0000001010101101000101110001011000100110101100110101011
0000001010101101000110110000111000100110101100110101011
0000001011101000100100101000100100101000110001000011101
0000001011101000100100101000100100101000110001000110010
0000001011101000100100101000100100101000110001000110111
0000001011101000100101001000010100101000110001000011101
0000001011101000100101001000010100101000110001000110010
0000001011101000100101001000010100101000110001000110111
0000001011101001000100110000101000100100101000100101110
0000001011101001000100110000101000100100101000100110010
0000001011101001000101010000011000100100101000100101110
0000001011101001000101010000011000100100101000100110010
0000001011101100000101100001010000100100101000100000101
0000001011101100000101100001010000101000110001000101000
0000001011101100000101100001010000101100111001100101110
0000001011101100000101100001010000101100111001100110010
0000001011101100000110100000110000100100101000100000101
0000001011101100000110100000110000101000110001000101000
0000001011101100000110100000110000101100111001100101110
0000001011101100000110100000110000101100111001100110010
0000001100101000000100100000100000100010100100010100011
0000001100101000000100100000100000101000110001000101100
0000001100101000000100100000100000101000110001000110001
0000001100101000000100100000100000101000110001000111100
0000001100101000000100100000100000101000110001000111101
0000001100101000000101000000010000100010100100010100011
0000001100101000000101000000010000101000110001000101100
0000001100101000000101000000010000101000110001000110001
0000001100101000000101000000010000101000110001000111100
0000001100101000000101000000010000101000110001000111101
0000001100101000010100100100100010100100101000100000111
0000001100101000010100100100100010101000110001000101000
0000001100101000010100100100100010101000110001000101001
0000001100101000010100100100100010101000110001000110001
0000001100101000010101000100010010100100101000100000111
0000001100101000010101000100010010101000110001000101000
0000001100101000010101000100010010101000110001000101001
0000001100101000010101000100010010101000110001000110001
0000001100101000100100101000100100100010100100010000111
0000001100101000100100101000100100101000110001000110110
0000001100101000100101001000010100100010100100010000111
0000001100101000100101001000010100101000110001000110110
0000001100101001000100110000101000100010100100010101000
0000001100101001000100110000101000100010100100010101001
0000001100101001000100110000101000100100101000100110110
0000001100101001000101010000011000100010100100010101000
0000001100101001000101010000011000100010100100010101001
0000001100101001000101010000011000100100101000100110110
0000001100101001010100110100101010100100101000100011011
0000001100101001010101010100011010100100101000100011011
0000001100101100000101100001010000100010100100010100011
0000001100101100000101100001010000100110101100110000111
0000001100101100000101100001010000101000110001000001000
0000001100101100000101100001010000101000110001000010101
0000001100101100000101100001010000101000110001000100101
0000001100101100000101100001010000101000110001000101000
0000001100101100000101100001010000101000110001000101100
0000001100101100000101100001010000101000110001000110010
0000001100101100000101100001010000101000110001000110101
0000001100101100000101100001010000101000110001000110111
0000001100101100000101100001010000101000110001000111100
0000001100101100000101100001010000101000110001000111101
0000001100101100000101100001010000101010110101010101000
0000001100101100000101100001010000101010110101010101001
0000001100101100000101100001010000101100111001100110110
0000001100101100000110100000110000100010100100010100011
0000001100101100000110100000110000100110101100110000111
0000001100101100000110100000110000101000110001000001000
0000001100101100000110100000110000101000110001000010101
0000001100101100000110100000110000101000110001000100101
0000001100101100000110100000110000101000110001000101000
0000001100101100000110100000110000101000110001000101100
0000001100101100000110100000110000101000110001000110010
0000001100101100000110100000110000101000110001000110101
0000001100101100000110100000110000101000110001000110111
0000001100101100000110100000110000101000110001000111100
0000001100101100000110100000110000101000110001000111101
0000001100101100000110100000110000101010110101010101000
0000001100101100000110100000110000101010110101010101001
0000001100101100000110100000110000101100111001100110110
0000001100101100010101100101010010101100111001100011011
0000001100101100010110100100110010101100111001100011011
0000001100101101000101110001011000100110101100110011011
0000001100101101000110110000111000100110101100110011011
0000001101101000000100100000100000101000110001000111000
0000001101101000000101000000010000101000110001000111000
0000001101101000010100100100100010101000110001000101000
0000001101101000010100100100100010101000110001000110001
0000001101101000010101000100010010101000110001000101000
0000001101101000010101000100010010101000110001000110001
0000001101101000100100101000100100101000110001000011110
0000001101101000100100101000100100101000110001000110110
0000001101101000100101001000010100101000110001000011110
0000001101101000100101001000010100101000110001000110110
0000001101101001000100110000101000100010100100010101000
0000001101101001000100110000101000100100101000100110110
0000001101101001000101010000011000100010100100010101000
0000001101101001000101010000011000100100101000100110110
0000001101101100000101100001010000101000110001000011000
0000001101101100000101100001010000101000110001000100000
0000001101101100000101100001010000101000110001000110000
0000001101101100000101100001010000101000110001000110100
0000001101101100000101100001010000101000110001000110101
0000001101101100000101100001010000101010110101010101000
0000001101101100000101100001010000101100111001100110110
0000001101101100000110100000110000101000110001000011000
0000001101101100000110100000110000101000110001000100000
0000001101101100000110100000110000101000110001000110000
0000001101101100000110100000110000101000110001000110100
0000001101101100000110100000110000101000110001000110101
0000001101101100000110100000110000101010110101010101000
0000001101101100000110100000110000101100111001100110110
0000001110000100001100010001000010000100100000000100100
0000001110000100001100010001000100000010100000000100100
0000001110000110000100010001000010000100100000001100100
0000001110000110000100010001000100000010100000001100100
0000001110001110000100000010001110101000100100100101111
0000001110001110000100000010001110101000101000010101111
0000001110010000001000000011110000101000100100100100100
0000001110010000001000000011110000101000101000010100100
0000001110100000001111000001001000100010001000000100100
0000001110100000001111000001001000100100000100000100100
0000001110100000001111100001011000110010101001110100100
0000001110100000001111100001011000110100100101110100100
0000001110100000001111100001110000101100101101010100100
0000001110100000001111100001110000101100110100110100100
0000001110100001000100000100000100010100000101000101111
0000001110100001000100000100000100100100100101000101111
0000001110100001000100001000000010010100000101000101111
0000001110100001000100001000000010100100100101000101111
0000001110100010000000100011001000100010001000001100100
0000001110100010000000100011001000100100000100001100100
0000001110100010000111000001011000110010101001111101111
0000001110100010000111000001011000110100100101111101111
0000001110100011000100100100010100100000100001110101111
0000001110100011000100101000010010100000100001110101111
0000001110101000000100100000100000101000100100100101111
0000001110101000000100100000100000101000101000010101111
0000001110101000000100100000100000101100101101010101111
0000001110101000000100100000100000101100110100110101111
0000001110101000000101000000010000101000100100100101111
0000001110101000000101000000010000101000101000010101111
0000001110101000000101000000010000101100101101010101111
0000001110101000000101000000010000101100110100110101111
0000001110101000001100100010100001101000100100100100100
0000001110101000001100100010100001101000101000010100100
0000001110101000001101000010010001101000100100100100100
0000001110101000001101000010010001101000101000010100100
0000001110101000010100100100100010101000110001000101001
0000001110101000010101000100010010101000110001000101001
0000001110101000100100101000100100101000110001000110110
0000001110101000100100101000100100101000110001000110111
0000001110101000100101001000010100101000110001000110110
0000001110101000100101001000010100101000110001000110111
0000001110101001000100100100100100010001000010001100100
0000001110101001000100100100100100010100000101000101111
0000001110101001000100100100100100011000001000010101111
0000001110101001000100100100100100100001100010001100100
0000001110101001000100100100100100100100100101000101111
0000001110101001000100100100100100101000101000010101111
0000001110101001000100101000100010010001000010001100100
0000001110101001000100101000100010010010001001000101111
0000001110101001000100101000100010100001100010001100100
0000001110101001000100101000100010100010101001000101111
0000001110101001000100110000101000100010100100010101001
0000001110101001000100110000101000100100101000100011010
0000001110101001000100110000101000100100101000100101110
0000001110101001000100110000101000100100101000100110110
0000001110101001000100110000101000100100101000100110111
0000001110101001000101000100010100010010001001000101111
0000001110101001000101001000010010010100000101000101111
0000001110101001000101001000010010011000001000010101111
0000001110101001000101001000010010101000101000010101111
0000001110101001000101010000011000100010100100010101001
0000001110101001000101010000011000100100101000100011010
0000001110101001000101010000011000100100101000100101110
0000001110101001000101010000011000100100101000100110110
0000001110101001000101010000011000100100101000100110111
0000001110101001000110000101000100110001100000001100100
0000001110101001000110001001000010110001100000001100100
0000001110101100000101100001010000100010101001000101111
0000001110101100000101100001010000100011101011001100100
0000001110101100000101100001010000100100100101000101111
0000001110101100000101100001010000100100101000100000111
0000001110101100000101100001010000100101100111001100100
0000001110101100000101100001010000100110110101100101111
0000001110101100000101100001010000101000110001000101000
0000001110101100000101100001010000101000110001000101100
0000001110101100000101100001010000101000110001000101101
0000001110101100000101100001010000101000110001000110001
0000001110101100000101100001010000101000110001000110101
0000001110101100000101100001010000101000110001000111101
0000001110101100000101100001010000101010101101100101111
0000001110101100000101100001010000101100111001100011010
0000001110101100000101100001010000101100111001100110110
0000001110101100000101100001010000101100111001100110111
0000001110101100000110100000110000100010101001000101111
0000001110101100000110100000110000100011101011001100100
0000001110101100000110100000110000100100100101000101111
0000001110101100000110100000110000100100101000100000111
0000001110101100000110100000110000100101100111001100100
0000001110101100000110100000110000100110110101100101111
0000001110101100000110100000110000101000110001000101000
0000001110101100000110100000110000101000110001000101100
0000001110101100000110100000110000101000110001000101101
0000001110101100000110100000110000101000110001000110001
0000001110101100000110100000110000101000110001000110101
0000001110101100000110100000110000101000110001000111101
0000001110101100000110100000110000101010101101100101111
0000001110101100000110100000110000101100111001100011010
0000001110101100000110100000110000101100111001100110110
0000001110101100000110100000110000101100111001100110111
0000001110101100010101100101010010101100111001100101111
0000001110101100010110100100110010101100111001100101111
0000001110101101000101100101010100010110011001010101111
0000001110101101000101100101010100011100010100110101111
0000001110101101000101100101010100100110111001010101111
0000001110101101000101100101010100101100110100110101111
0000001110101101000101101001010010010110010101100101111
0000001110101101000101101001010010100110110101100101111
0000001110101101000110100100110100010110010101100101111
0000001110101101000110100100110100100110110101100101111
0000001110101101000110101000110010010110011001010101111
0000001110101101000110101000110010011100010100110101111
0000001110101101000110101000110010100110111001010101111
0000001110101101000110101000110010101100110100110101111
0000001110110000000011100000001110101000100100100101111
0000001110110000000011100000001110101000101000010101111
0000001110110000000100000011110000101000100100100100100
0000001110110000000100000011110000101000101000010100100
0000001110110000000100000011110000101100101101010101111
0000001110110000000100000011110000101100110100110101111
0000001110110000000100011101110001101000100100100101111
0000001110110000000100011101110001101000101000010101111
0000001110110000000111100000001111101000100100100101111
0000001110110000000111100000001111101000101000010101111
0000001110110000000111100001110001101001100110101100100
0000001110110000000111100001110001101001101010011100100
0000001110110000000111100001110001101100101101010101111
0000001110110000000111100001110001101100110100110101111
0000001110111100000101110001110010110100111101110101111
0000001110111100000101110001110100110010111101110101111
0000001110111100000111100001011100110110110101110101111
0000001110111100000111100001011100111010101101110101111
0000001111100011000100100100010100100000100001110101111
0000001111100011000100101000010010100000100001110101111
0000001111101000001100100010100001101000100100100100100
0000001111101000001100100010100001101000101000010100100
0000001111101000001101000010010001101000100100100100100
0000001111101000001101000010010001101000101000010100100
0000001111101000100100100010100010011000010001000111101
0000001111101000100100100010100010101000110001000111101
0000001111101000100100100100100001011000010001000111101
0000001111101000100100100100100001101000110001000111101
0000001111101001000100100100100100010100000101000101111
0000001111101001000100100100100100011000001000010101111
0000001111101001000100100100100100100100100101000101111
0000001111101001000100100100100100101000101000010101111
0000001111101001000100101000100010010010001001000101111
0000001111101001000100101000100010100010101001000101111
0000001111101001000101000100010100010010001001000101111
0000001111101001000101001000010010010100000101000101111
0000001111101001000101001000010010011000001000010101111
0000001111101001000101001000010010101000101000010101111
0000001111101100000101100001010000100110110101100101111
0000001111101100000101100001010000101001110101100111101
0000001111101100000101100001010000101010101101100101111
0000001111101100000101100001010000101010110011100111101
0000001111101100000101100001010000101100111001100011101
0000001111101100000110100000110000100110110101100101111
0000001111101100000110100000110000101001110101100111101
0000001111101100000110100000110000101010101101100101111
0000001111101100000110100000110000101010110011100111101
0000001111101100000110100000110000101100111001100011101
0000001111101100010101100101010010101100111001100101111
0000001111101100010110100100110010101100111001100101111
0000001111101101000101100101010100010110011001010101111
0000001111101101000101100101010100011100010100110101111
0000001111101101000101100101010100100110111001010101111
0000001111101101000101100101010100101100110100110101111
0000001111101101000101101001010010010110010101100101111
0000001111101101000101101001010010100110110101100101111
0000001111101101000110100100110100010110010101100101111
0000001111101101000110100100110100100110110101100101111
0000001111101101000110101000110010010110011001010101111
0000001111101101000110101000110010011100010100110101111
0000001111101101000110101000110010100110111001010101111
0000001111101101000110101000110010101100110100110101111
0000001111111100000101110001110010110100111101110101111
0000001111111100000101110001110100110010111101110101111
0000001111111100000111100001011100110110110101110101111
0000001111111100000111100001011100111010101101110101111
0000010000000000000000000011001000100010001000001100100
0000010000000000000000000011001000100100000100001100100
0000010000000000000100010001000010000100000000001100100
0000010000000000000100010001000100000010000000001100100
0000010000000000000101001001100001100010001111000000101
0000010000000000000101001001100010100001001111000000101
0000010000000000000111000001001100101001010101000111101
0000010000000000000111000001001100101010010011000111101
0000010000000000001000100001001000100010001000001100100
0000010000000000001000100001001000100100000100001100100
0000010000000000001100010001000010000100000000001100100
0000010000000000001100010001000100000010000000001100100
0000010000000001000111000001010100110001100100111000101
0000010000000001000111000001010100110010100010111000101
0000010000000001110000100011001000100010001000001100100
0000010000000001110000100011001000100100000100001100100
0000010000000010001100010001000010000100000000001100100
0000010000000010001100010001000100000010000000001100100
0000010000000010001101010001100010100100011100001100100
0000010000000010001101010001100100100010011100001100100
0000010000000010001111000001001100100110010100001100100
0000010000000010001111000001001100101010001100001100100
0000010000000010001111000001011000110010101001111100100
0000010000000010001111000001011000110100100101111100100
0000010000000100000100001001000001000010100001000000101
0000010000000100000100001001000010000001100001000000101
0000010000000100000100001101000011000101100001000000101
0000010000000100000100001101000101000011100001000000101
0000010000000100000100010001000010000100000010001100100
0000010000000100000100010001000010000100100000001100100
0000010000000100000100010001000010000100100001110101111
0000010000000100000100010001000100000010000010001100100
0000010000000100000100010001000100000010100000001100100
0000010000000100000100010001000100000010100001110101111
0000010000000100000100011001000110001010100000001100100
0000010000000100000100011001001010000110100000001100100
0000010000000100000101001001100001100010101111000000101
0000010000000100000101001001100010100001101111000000101
0000010000000100000101010001100010100100111100001100100
0000010000000100000101010001100100100010111100001100100
0000010000000100001100010001000010000100100000001100100
0000010000000100001100010001000100000010100000001100100
0000010000000100001100011001000110001010100000001100100
0000010000000100001100011001001010000110100000001100100
0000010000000100001101010001100010100100111100001100100
0000010000000100001101010001100100100010111100001100100
0000010000000101000100001001000001000010010001000111101
0000010000000101000100001001000010000001010001000111101
0000010000000110000100010001000010000100100001110101111
0000010000000110000100010001000100000010100001110101111
0000010000000110000101010001100010100100111111110101111
0000010000000110000101010001100100100010111111110101111
0000010000011100000000100011001100100110010100001100100
0000010000011100000000100011001100101010001100001100100
0000010000011100000000100011011000110010101001111100100
0000010000011100000000100011011000110100100101111100100
0000010000100000000000000011001000100010001000001100100
0000010000100000000000000011001000100100000100001100100
0000010000100000000000100011001000100010001000001100100
0000010000100000000000100011001000100100000100001100100
0000010000100000000111000001000100100001000100000000101
0000010000100000000111000001000100100010000010000000101
0000010000100000000111000001000110100011001010000000101
0000010000100000000111000001000110100101000110000000101
0000010000100000000111000001001000100010001000001100100
0000010000100000000111000001001000100100000100001100100
0000010000100000000111000001001001100011001010000100100
0000010000100000000111000001001001100101000110000100100
0000010000100000000111000001011000110010101001110101111
0000010000100000000111000001011000110100100101110101111
0000010000100000000111000001011100110110110101111101111
0000010000100000000111000001011100111010101101111101111
0000010000100000000111100001010100110001100101111000101
0000010000100000000111100001010100110010100011111000101
0000010000100000000111100001011000110010101001111100100
0000010000100000000111100001011000110100100101111100100
0000010000100000001111000001001000100010001000000100100
0000010000100000001111000001001000100010001000001100100
0000010000100000001111000001001000100100000100000100100
0000010000100000001111000001001000100100000100001100100
0000010000100000001111100001011000110010101001111100100
0000010000100000001111100001011000110100100101111100100
0000010000100001000100000100000100100000000010001100100
0000010000100001000100000100000100100000100000001100100
0000010000100001000100000100000100100000100001110101111
0000010000100001000100001000000010100000000010001100100
0000010000100001000100001000000010100000100000001100100
0000010000100001000100001000000010100000100001110101111
0000010000100001000111000001000100100001000100000000101
0000010000100001000111000001000100100010000010000000101
0000010000100001000111000001010100110001100100111000101
0000010000100001000111000001010100110010100010111000101
0000010000100001100100001100001010100000100000001100100
0000010000100001100100010010001010100000100001000111101
0000010000100001100100010100000110100000100000001100100
0000010000100001100100010100001001100000100001000111101
0000010000100010000000001111000100100001000101000000101
0000010000100010000000001111000100100010000011000000101
0000010000100010000000011101001000100010001000001100100
0000010000100010000000011101001000100100000100001100100
0000010000100010000000110001000100100001000100111000101
0000010000100010000000110001000100100010000010111000101
0000010000100010000000111101001000100010001001110101111
0000010000100010000000111101001000100100000101110101111
0000010000100010000111000001000100100001000101000000101
0000010000100010000111000001000100100010000011000000101
0000010000100010000111000001000110100011001011000000101
0000010000100010000111000001000110100101000111000000101
0000010000100010000111000001001000100010001000001100100
0000010000100010000111000001001000100010001001110101111
0000010000100010000111000001001000100100000100001100100
0000010000100010000111000001001000100100000101110101111
0000010000100010000111000001001100100110010100001100100
0000010000100010000111000001001100101010001100001100100
0000010000100010000111000001010100110001100101111000101
0000010000100010000111000001010100110010100011111000101
0000010000100010000111000001011000110010101001111100100
0000010000100010000111000001011000110100100101111100100
0000010000100010000111100001001001100011001011110100100
0000010000100010000111100001001001100101000111110100100
0000010000100010000111100001001100100110010101110101111
0000010000100010000111100001001100101010001101110101111
0000010000100011000000101111000100100001000100111000101
0000010000100011000000101111000100100010000010111000101
0000010000100011000100100100010100100000100001111100100
0000010000100011000100101000010010100000100001111100100
0000010000100011000111100001001100101001010100111111101
0000010000100011000111100001001100101010010010111111101
0000010000100101000101000100100100100000111100001100100
0000010000100101000101001000100010100000111100001100100
0000010000101000100110000011000010100111100001000000101
0000010000101000100110000101000001100111100001000000101
0000010000101001000110000101000100101110100000001100100
0000010000101001000110000101000100110001100001110100100
0000010000101001000110001001000010101110100000001100100
0000010000101001000110001001000010110001100001110100100
0000010000111000000101010001100010100100100010001100100
0000010000111000000101010001100100100010100010001100100
0000010001000001110000100011001000100010001000001100100
0000010001000001110000100011001000100100000100001100100
0000010001000100001100011001000110001010100000001100100
0000010001000100001100011001001010000110100000001100100
0000010001000100001101010001100010100100111100001100100
0000010001000100001101010001100100100010111100001100100
0000010001000110000100010001000010000100100001110100100
0000010001000110000100010001000100000010100001110100100
0000010001011100000000100011001100100110010100001100100
0000010001011100000000100011001100101010001100001100100
0000010001011100000000100011011000110010101001111100100
0000010001011100000000100011011000110100100101111100100
0000010001100000001111000001001000100010001000000100100
0000010001100000001111000001001000100100000100000100100
0000010001100000001111100001011000110010101001111100100
0000010001100000001111100001011000110100100101111100100
0000010001100001000100000100000100100000100000001100100
0000010001100001000100001000000010100000100000001100100
0000010001100001100100001100001010100000100000001100100
0000010001100001100100010100000110100000100000001100100
0000010001100010000000011101001000100010001000001100100
0000010001100010000000011101001000100100000100001100100
0000010001100010000000111101001000100010001001110101111
0000010001100010000000111101001000100100000101110101111
0000010001100010000111000001001000100010001000001100100
0000010001100010000111000001001000100100000100001100100
0000010001100010000111000001001100100110010100001100100
0000010001100010000111000001001100101010001100001100100
0000010001100010000111000001011000110010101001111100100
0000010001100010000111000001011000110100100101111100100
0000010001100010000111100001001001100011001011110100100
0000010001100010000111100001001001100101000111110100100
0000010001100010000111100001001100100110010101110101111
0000010001100010000111100001001100101010001101110101111
0000010001100011000100100100010100100000100001111100100
0000010001100011000100101000010010100000100001111100100
0000010001100101000101000100100100100000111100001100100
0000010001100101000101001000100010100000111100001100100
0000010001101001000110000101000100101110100000001100100
0000010001101001000110000101000100110001100001110100100
0000010001101001000110001001000010101110100000001100100
0000010001101001000110001001000010110001100001110100100
0000010001111000000101010011100011100101011100000100100
0000010001111000000101010011100101100011011100000100100
0000010001111000000101110001110010110100011101110101111
0000010001111000000101110001110100110010011101110101111
0000011000000100000100001001000001000010100001000000101
0000011000000100000100001001000010000001100001000000101
0000011000000101000100001001000001000010010000000111101
0000011000000101000100001001000001000010100001000111101
0000011000000101000100001001000010000001010000000111101
0000011000000101000100001001000010000001100001000111101
0000011000000110000100001001000001000010100000111000101
0000011000000110000100001001000010000001100000111000101
0000011000100000100100000010000010000000010001000111101
0000011000100000100100000010000010100000010001000111101
0000011000100000100100000100000001000000010001000111101
0000011000100000100100000100000001100000010001000111101
0000011000100001000111000001000100100001000101000111101
0000011000100001000111000001000100100010000011000111101
0000011000100001000111000001000110100011001010000000101
0000011000100001000111000001000110100101000110000000101
0000011000100001000111000001001100101001010100000111101
0000011000100001000111000001001100101010010010000111101
0000011000100001000111000001010100110001100100111000101
0000011000100001000111000001010100110010100010111000101
0000011000100010000111000001000100100001000101000000101
0000011000100010000111000001000100100010000011000000101
0000011000101000100110000011000010111000010001000111101
0000011000101000100110000101000001111000010001000111101
0000011000111000000101001001100001100010110001000111101
0000011000111000000101001001100010100001110001000111101
0000011100000000011100100001000100001000000001010110101
0000011100000000011100100001001000000100000001010110101
0000011100000000011101100001100100101000111001010110101
0000011100000000011101100001101000100100111001010110101
0000011100000000011111000001011000101100101001010110101
0000011100000000011111000001011000110100011001010110101
0000011100000100001100100001000100001000000011010110100
0000011100000100001100100001000100001000000101000100000
0000011100000100001100100001000100001000000101010110101
0000011100000100001100100001001000000100000011010110100
0000011100000100001100100001001000000100000101000100000
0000011100000100001100100001001000000100000101010110101
0000011100000100010100100001000100001000000101000100001
0000011100000100010100100001000100001000000101001101010
0000011100000100010100100001001000000100000101000100001
0000011100000100010100100001001000000100000101001101010
0000011100000100010100110001001100010100000101010110101
0000011100000100010100110001010100001100000101010110101
0000011100000100010101100001100100101000111101010110101
0000011100000100010101100001101000100100111101010110101
0000011100011100000000000111011000101100101001010110101
0000011100011100000000000111011000110100011001010110101
0000011100100000001000000111010000100100010001010110101
0000011100100000001000000111010000101000001001010110101
0000011100100000001111000001010000100100010001010110101
0000011100100000001111000001010000101000001001010110101
0000011100100000001111000001010010100110010101000100000
0000011100100000001111000001010010100110010101000100001
0000011100100000001111000001010010101010001101000100000
0000011100100000001111000001010010101010001101000100001
0000011100100000001111000001011000101100101001010110100
0000011100100000001111000001011000101100101001010110101
0000011100100000001111000001011000110100011001010110100
0000011100100000001111000001011000110100011001010110101
0000011100100000001111000101010010100110010101000100001
0000011100100000001111000101010010101010001101000100001
0000011100100000001111000101011000101100101001010110101
0000011100100000001111000101011000110100011001010110101
0000011100100000010111000001010000100100010001000100001
0000011100100000010111000001010000100100010001010110101
0000011100100000010111000001010000101000001001000100001
0000011100100000010111000001010000101000001001010110101
0000011100100010010100001100001010100000000011001101010
0000011100100010010100010100000110100000000011001101010
0000011100101010000110001001001000100011000101000100000
0000011100101010000110001001001000111100000101011111111
0000011100101010000110010001000100100011000101000100000
0000011100101010000110010001000100111100000101011111111
0000011100111000000101100001100100101000000111010110101
0000011100111000000101100001101000100100000111010110101
0000011101000100011100110001001100010100000101010110101
0000011101000100011100110001010100001100000101010110101
0000011101000100011101100001100100101000111101010110101
0000011101000100011101100001101000100100111101010110101
0000011110101010000110001001001000100011000101000100000
0000011110101010000110001001001000100011000101000100001
0000011110101010000110010001000100100011000101000100000
0000011110101010000110010001000100100011000101000100001
0000011110111000010101100101100110101010111001001101011
0000011110111000010101100101101010100110111001001101011
0000011110111010000101011001100110101010011100001101111
0000011110111010000101011001101010100110011100001101111
0000100000000000000100001001000001000010100000000000101
0000100000000000000100001001000010000001100000000000101
0000100000000000000100010001000010000100000010000100100
0000100000000000000100010001000010000100100000001100100
0000100000000000000100010001000010000100100010001100100
0000100000000000000100010001000100000010000010000100100
0000100000000000000100010001000100000010100000001100100
0000100000000000000100010001000100000010100010001100100
0000100000000000000100100001000100001000000011010110101
0000100000000000000100100001001000000100000011010110101
0000100000000000001100010001000010000100000010000100100
0000100000000000001100010001000010000100100000000100100
0000100000000000001100010001000010000100100000001100100
0000100000000000001100010001000100000010000010000100100
0000100000000000001100010001000100000010100000000100100
0000100000000000001100010001000100000010100000001100100
0000100000000000001100011001000110001010000010000100100
0000100000000000001100011001001010000110000010000100100
0000100000000000001100100001000100001000000101000100000
0000100000000000001100100001001000000100000101000100000
0000100000000000001100100101000110001010000011000100000
0000100000000000001100100101001010000110000011000100000
0000100000000000001100110001001100010100000101010110101
0000100000000000001100110001010100001100000101010110101
0000100000000000001101100001100100101000111011010110100
0000100000000000001101100001100100101000111101010110101
0000100000000000001101100001101000100100111011010110100
0000100000000000001101100001101000100100111101010110101
0000100000000000010100100001000100001000000011000100000
0000100000000000010100100001000100001000000101000100001
0000100000000000010100100001001000000100000011000100000
0000100000000000010100100001001000000100000101000100001
0000100000000000010100100101000110001010000011000100001
0000100000000000010100100101001010000110000011000100001
0000100000000000010100110001001100010100000011010110101
0000100000000000010100110001010100001100000011010110101
0000100000000000010101100001100100101000111011010110101
0000100000000000010101100001101000100100111011010110101
0000100000000000011100100001000100001000000101000100000
0000100000000000011100100001000100001000000101000100001
0000100000000000011100100001001000000100000101000100000
0000100000000000011100100001001000000100000101000100001
0000100000000000011100100101000110001010000011000100001
0000100000000000011100100101001010000110000011000100001
0000100000000000011100110001001100010100000011010110101
0000100000000000011100110001010100001100000011010110101
0000100000000000011101100001100100101000111011010110101
0000100000000000011101100001101000100100111011010110101
0000100000000001000100001001000001000010100000000000101
0000100000000001000100001001000001000010110001000111101
0000100000000001000100001001000010000001100000000000101
0000100000000001000100001001000010000001110001000111101
0000100000000010000100001001000001000010100001000000101
0000100000000010000100001001000010000001100001000000101
0000100000000010000100001101000011000101100001000000101
0000100000000010000100001101000101000011100001000000101
0000100000000010000100010001000010000100000010001100100
0000100000000010000100010001000010000100100000001100100
0000100000000010000100010001000010000100100001110101111
0000100000000010000100010001000100000010000010001100100
0000100000000010000100010001000100000010100000001100100
0000100000000010000100010001000100000010100001110101111
0000100000000010000100011001000110001010100000001100100
0000100000000010000100011001001010000110100000001100100
0000100000000010000101001001100001100010101111000000101
0000100000000010000101001001100010100001101111000000101
0000100000000010000101010001100010100100111100001100100
0000100000000010000101010001100100100010111100001100100
0000100000000010001100010001000010000100100000001100100
0000100000000010001100010001000100000010100000001100100
0000100000000010001100011001000110001010100000001100100
0000100000000010001100011001001010000110100000001100100
0000100000000010001101010001100010100100111100001100100
0000100000000010001101010001100100100010111100001100100
0000100000000011000100001001000001000010010001000111101
0000100000000011000100001001000010000001010001000111101
0000100000000011100100100101000110001010000011001101010
0000100000000011100100100101000110001010000101001101011
0000100000000011100100100101001010000110000011001101010
0000100000000011100100100101001010000110000101001101011
0000100000000011100100110001001100010100000101011111111
0000100000000011100100110001010100001100000101011111111
0000100000000100001100010001000010000100000010000100100
0000100000000100001100010001000100000010000010000100100
0000100000000100001100100001000100001000000111000100000
0000100000000100001100100001000100001000111001010110100
0000100000000100001100100001000100001000111001010110101
0000100000000100001100100001001000000100000111000100000
0000100000000100001100100001001000000100111001010110100
0000100000000100001100100001001000000100111001010110101
0000100000000100001100100101000110001010000111000100001
0000100000000100001100100101001010000110000111000100001
0000100000000100001100110001001100010100000111010110101
0000100000000100001100110001010100001100000111010110101
0000100000000100001101100001100100101000111111010110101
0000100000000100001101100001101000100100111111010110101
0000100000000100010100100001000100001000000011000100000
0000100000000100010100100001000100001000000111000100000
0000100000000100010100100001000100001000111001010110101
0000100000000100010100100001001000000100000011000100000
0000100000000100010100100001001000000100000111000100000
0000100000000100010100100001001000000100111001010110101
0000100000000101000100001001000001000010110001000111101
0000100000000101000100001001000010000001110001000111101
0000100000000110000100001001000001000010001111000000101
0000100000000110000100001001000001000010010000000000101
0000100000000110000100001001000001000010110001000000101
0000100000000110000100001001000010000001001111000000101
0000100000000110000100001001000010000001010000000000101
0000100000000110000100001001000010000001110001000000101
0000100000000110000100010001000010000100000010000100100
0000100000000110000100010001000010000100000010001100100
0000100000000110000100010001000010000100100010001100100
0000100000000110000100010001000100000010000010000100100
0000100000000110000100010001000100000010000010001100100
0000100000000110000100010001000100000010100010001100100
0000100000000110000100011001000110001010011100001101111
0000100000000110000100011001000110001010100010001100100
0000100000000110000100011001001001001010001111000111101
0000100000000110000100011001001010000110011100001101111
0000100000000110000100011001001010000110100010001100100
0000100000000110000100011001001010001001001111000111101
0000100000000110000100110001010010010100100011111100100
0000100000000110000100110001010100010010100011111100100
0000100000000110000101010001100010100100111110001100100
0000100000000110000101010001100100100010111110001100100
0000100000000110001100011001000110001010100010001100100
0000100000000110001100011001001010000110100010001100100
0000100000000110001100110001010010010100100011111100100
0000100000000110001100110001010100010010100011111100100
0000100000000110001101010001100010100100111110001100100
0000100000000110001101010001100100100010111110001100100
0000100000100000100100000010000010000000100001000000101
0000100000100000100100000100000001000000100001000000101
0000100000100001000100000100000100000000000010000100100
0000100000100001000100000100000100000000100000001100100
0000100000100001000100000100000100000000100010001100100
0000100000100001000100000100000100010000000010001100100
0000100000100001000100000100000100100000100010001100100
0000100000100001000100001000000010000000000010000100100
0000100000100001000100001000000010000000100000001100100
0000100000100001000100001000000010000000100010001100100
0000100000100001000100001000000010010000000010001100100
0000100000100001000100001000000010100000100010001100100
0000100000100010000100001000001000000000000011010110101
0000100000100010000100001000001000000000000101000100001
0000100000100010000100001000001000000010000011000100000
0000100000100010000100001000001000100000111001010110101
0000100000100010000100010000000100000000000011010110101
0000100000100010000100010000000100000000000101000100001
0000100000100010000100010000000100000010000011000100000
0000100000100010000100010000000100100000111001010110101
0000100000100010010100001100001010000010000011000100001
0000100000100010010100001100001010100000000111000100001
0000100000100010010100010100000110000010000011000100001
0000100000100010010100010100000110100000000111000100001
0000100000100011000100011000010100000010000011010110101
0000100000100011000100011000010100100000000111010110101
0000100000100011000100100100010100100000011101110101111
0000100000100011000100101000001100000010000011010110101
0000100000100011000100101000001100100000000111010110101
0000100000100011000100101000010010100000011101110101111
0000100000100100100101000010100010010000101111000000101
0000100000100100100101000100100001010000101111000000101
0000100000100101000101000100100100010000111100001100100
0000100000100101000101001000100010010000111100001100100
0000100000100110000101001000101000000010111011010110101
0000100000100110000101001000101000100000111111010110101
0000100000100110000101010000100100000010111011010110101
0000100000100110000101010000100100100000111111010110101
0000100000101000100110000011000010000111100000000000101
0000100000101000100110000011000010000111100001000000101
0000100000101000100110000011000010111000110001000111101
0000100000101000100110000101000001000111100000000000101
0000100000101000100110000101000001000111100001000000101
0000100000101000100110000101000001111000110001000111101
0000100000101001000110000101000100001110000010000100100
0000100000101001000110001001000010001110000010000100100
0000100000101010000110001001001000011100000011010110101
0000100000101010000110001001001000011100000101000100001
0000100000101010000110001001001000011100000101010110101
0000100000101010000110001001001000011110000011010110101
0000100000101010000110001001001000100011111001010110101
0000100000101010000110001001001000111100000111010110101
0000100000101010000110010001000100011100000011010110101
0000100000101010000110010001000100011100000101000100001
0000100000101010000110010001000100011100000101010110101
0000100000101010000110010001000100011110000011010110101
0000100000101010000110010001000100100011111001010110101
0000100000101010000110010001000100111100000111010110101
0000100000111000000100001101000011000101100001000000101
0000100000111000000100001101000101000011100001000000101
0000100000111000000100011001000110001010000010000100100
0000100000111000000100011001001001001010100001000111101
0000100000111000000100011001001010000110000010000100100
0000100000111000000100011001001010001001100001000111101
0000100000111000000100011101001011001101100001000111101
0000100000111000000100011101001101001011100001000111101
0000100000111000000100100101000110001010000011000100000
0000100000111000000100100101000110001010000011000100001
0000100000111000000100100101000110001010000101000100001
0000100000111000000100100101001010000110000011000100000
0000100000111000000100100101001010000110000011000100001
0000100000111000000100100101001010000110000101000100001
0000100000111000000100101001010001010010100001111000101
0000100000111000000100101001010010010001100001111000101
0000100000111000000100110001001100010100000011010110101
0000100000111000000100110001001100010100000101000100001
0000100000111000000100110001001100010100000101010110101
0000100000111000000100110001010010010100100001110101111
0000100000111000000100110001010100001100000011010110101
0000100000111000000100110001010100001100000101000100001
0000100000111000000100110001010100001100000101010110101
0000100000111000000100110001010100010010100001110101111
0000100000111000000100111001010110011010100001111101111
0000100000111000000100111001011001011010100001111111101
0000100000111000000100111001011010010110100001111101111
0000100000111000000100111001011010011001100001111111101
0000100000111000000101001001100001100010101111000000101
0000100000111000000101001001100010100001101111000000101
0000100000111000000101100001100100101000111011010110100
0000100000111000000101100001100100101000111011010110101
0000100000111000000101100001100100101000111101000100001
0000100000111000000101100001100100101000111101010110101
0000100000111000000101100001101000100100111011010110100
0000100000111000000101100001101000100100111011010110101
0000100000111000000101100001101000100100111101000100001
0000100000111000000101100001101000100100111101010110101
0000100000111000000101100011100101101001111101010110101
0000100000111000000101100011101001100101111101010110101
0000100000111000000101110001101100110100111101011111111
0000100000111000000101110001110010110100111101111101111
0000100000111000000101110001110100101100111101011111111
0000100000111000000101110001110100110010111101111101111
0000100001000000001100010001000010000100100000000100100
0000100001000000001100010001000100000010100000000100100
0000100001000000011100100001000100001000000101000100000
0000100001000000011100100001001000000100000101000100000
0000100001000010001100011001000110001010100000001100100
0000100001000010001100011001001010000110100000001100100
0000100001000010001101010001100010100100111100001100100
0000100001000010001101010001100100100010111100001100100
0000100001000100010100100001000100001000000111000100000
0000100001000100010100100001000100001000111001010110101
0000100001000100010100100001001000000100000111000100000
0000100001000100010100100001001000000100111001010110101
0000100001000110000100010001000010000100000010000100100
0000100001000110000100010001000010000100100010001100100
0000100001000110000100010001000100000010000010000100100
0000100001000110000100010001000100000010100010001100100
0000100001000110000100011001000110001010100010001100100
0000100001000110000100011001001010000110100010001100100
0000100001000110000100110001010010010100100011111100100
0000100001000110000100110001010100010010100011111100100
0000100001000110000101010001100010100100111110001100100
0000100001000110000101010001100100100010111110001100100
0000100001100001000100000100000100000000000010000100100
0000100001100001000100000100000100000000100000001100100
0000100001100001000100001000000010000000000010000100100
0000100001100001000100001000000010000000100000001100100
0000100001100010000100001000001000000000000101000100000
0000100001100010000100001000001000100000111001010110101
0000100001100010000100010000000100000000000101000100000
0000100001100010000100010000000100100000111001010110101
0000100001100010010100001100001010000010000011000100001
0000100001100010010100001100001010100000000111000100001
0000100001100010010100001100001010100000111001001101010
0000100001100010010100010100000110000010000011000100001
0000100001100010010100010100000110100000000111000100001
0000100001100010010100010100000110100000111001001101010
0000100001100011000100011000010100000010000011010110101
0000100001100011000100011000010100100000000111010110101
0000100001100011000100101000001100000010000011010110101
0000100001100011000100101000001100100000000111010110101
0000100001100101000101000100100100010000111100001100100
0000100001100101000101001000100010010000111100001100100
0000100001100110000101001000101000000010111011010110101
0000100001100110000101001000101000100000111111010110101
0000100001100110000101010000100100000010111011010110101
0000100001100110000101010000100100100000111111010110101
0000100001101001000110000101000100001110000010000100100
0000100001101001000110000101000100001110100000000100100
0000100001101001000110001001000010001110000010000100100
0000100001101001000110001001000010001110100000000100100
0000100001101010000110001001001000011100000101000100000
0000100001101010000110001001001000011100000101010110101
0000100001101010000110001001001000011110000011010110101
0000100001101010000110001001001000100011000111000100000
0000100001101010000110001001001000111100000111010110101
0000100001101010000110001001001000111100111001011111110
0000100001101010000110010001000100011100000101000100000
0000100001101010000110010001000100011100000101010110101
0000100001101010000110010001000100011110000011010110101
0000100001101010000110010001000100100011000111000100000
0000100001101010000110010001000100111100000111010110101
0000100001101010000110010001000100111100111001011111110
0000100001111000000100011001000110001010000010000100100
0000100001111000000100011001001010000110000010000100100
0000100001111000000100100101000110001010000011000100000
0000100001111000000100100101000110001010000101000100001
0000100001111000000100100101001010000110000011000100000
0000100001111000000100100101001010000110000101000100001
0000100001111000000100110001001100010100000101000100000
0000100001111000000100110001001100010100000101010110101
0000100001111000000100110001010010010100100001110100100
0000100001111000000100110001010100001100000101000100000
0000100001111000000100110001010100001100000101010110101
0000100001111000000100110001010100010010100001110100100
0000100001111000000101100001100100101000111011010110100
0000100001111000000101100001100100101000111101000100000
0000100001111000000101100001100100101000111101010110101
0000100001111000000101100001101000100100111011010110100
0000100001111000000101100001101000100100111101000100000
0000100001111000000101100001101000100100111101010110101
0000100001111000000101100101100110101010111011000100001
0000100001111000000101100101101010100110111011000100001
0000100010000000001100100001000100001000000101000100000
0000100010000000001100100001001000000100000101000100000
0000100010000000001100100101000110001010000011000100001
0000100010000000001100100101001010000110000011000100001
0000100010000000001101100001100100101000111011010110101
0000100010000000001101100001101000100100111011010110101
0000100010000000010100100001000100001000000011000100000
0000100010000000010100100001000100001000000101000100001
0000100010000000010100100001001000000100000011000100000
0000100010000000010100100001001000000100000101000100001
0000100010000000011100100001000100001000000011000100000
0000100010000000011100100001000100001000000101000100001
0000100010000000011100100001001000000100000011000100000
0000100010000000011100100001001000000100000101000100001
0000100010000011100100110001001100010100000101010110101
0000100010000011100100110001010100001100000101010110101
0000100010000011100101100001100100101000111101010110101
0000100010000011100101100001101000100100111101010110101
0000100010000100000100100001000100001000000111000100000
0000100010000100000100100001001000000100000111000100000
0000100010000100001100100001000100001000000111000100000
0000100010000100001100100001000100001000111001010110101
0000100010000100001100100001001000000100000111000100000
0000100010000100001100100001001000000100111001010110101
0000100010100010000100001000001000000000000011000100000
0000100010100010000100001000001000000000000101000100001
0000100010100010000100001000001000000010000011000100000
0000100010100010000100001000001000100000000111000100000
0000100010100010000100001000001000100000111001010110101
0000100010100010000100010000000100000000000011000100000
0000100010100010000100010000000100000000000101000100001
0000100010100010000100010000000100000010000011000100000
0000100010100010000100010000000100100000000111000100000
0000100010100010000100010000000100100000111001010110101
0000100010101010000110001001001000011100000101000100001
0000100010101010000110001001001000011100000101001101010
0000100010101010000110010001000100011100000101000100001
0000100010101010000110010001000100011100000101001101010
0000100010111000000100100011000101001001000101000100000
0000100010111000000100100011001001000101000101000100000
0000100010111000000100100101000110001010000011000100001
0000100010111000000100100101001010000110000011000100001
0000100010111000000100110001001100010100000101000100001
0000100010111000000100110001001100010100000101001101010
0000100010111000000100110001010100001100000101000100001
0000100010111000000100110001010100001100000101001101010
0000100010111000000101100001100100101000111011010110101
0000100010111000000101100001100100101000111101000100001
0000100010111000000101100001100100101000111101001101010
0000100010111000000101100001101000100100111011010110101
0000100010111000000101100001101000100100111101000100001
0000100010111000000101100001101000100100111101001101010
0000100010111000000101110001101100110100111101001101010
0000100010111000000101110001101100110100111101010110101
0000100010111000000101110001110100101100111101001101010
0000100010111000000101110001110100101100111101010110101
0000100011000011100100110001001100010100000101010110101
0000100011000011100100110001010100001100000101010110101
0000100011000011100101100001100100101000111101010110101
0000100011000011100101100001101000100100111101010110101
0000100011101010000110001001001000011100000101000100000
0000100011101010000110001001001000011100000101000100001
0000100011101010000110010001000100011100000101000100000
0000100011101010000110010001000100011100000101000100001
0000100011111000000100100101000110001010000011000100001
0000100011111000000100100101001010000110000011000100001
0000100011111000000100110001001100010100000101000100000
0000100011111000000100110001001100010100000101000100001
0000100011111000000100110001010100001100000101000100000
0000100011111000000100110001010100001100000101000100001
0000100011111000000101100001100100101000111011010110101
0000100011111000000101100001100100101000111101000100000
0000100011111000000101100001100100101000111101000100001
0000100011111000000101100001101000100100111011010110101
0000100011111000000101100001101000100100111101000100000
0000100011111000000101100001101000100100111101000100001
0000100011111000000101110001101100110100111101010110101
0000100011111000000101110001110100101100111101010110101
0000101000000001000100001001000001000010010000000111101
0000101000000001000100001001000001000010100001000111101
0000101000000001000100001001000010000001010000000111101
0000101000000001000100001001000010000001100001000111101
0000101000000010000100001001000001000010010001000111101
0000101000000010000100001001000010000001010001000111101
0000101000000011000100101001010001010010010001111111101
0000101000000011000100101001010010010001010001111111101
0000101000000110000100001001000001000010010001000111101
0000101000000110000100001001000010000001010001000111101
0000101000100000100100000010000010100000110001000111101
0000101000100000100100000100000001100000110001000111101
0000101110101001000110000101000100110001100010001100100
0000101110101001000110001001000010110001100010001100100
0000101110111000000101110001110010110100111101110101111
0000101110111000000101110001110100110010111101110101111
0000110000000000001100010001000010000100100000001100100
0000110000000000001100010001000100000010100000001100100
0000110000000000001100011001000110001010100000001100100
0000110000000000001100011001001010000110100000001100100
0000110000000000001101010001100010100100111100001100100
0000110000000000001101010001100100100010111100001100100
0000110000000001110100011001000110001010100000001101111
0000110000000001110100011001001010000110100000001101111
0000110000000001110101010001100010100100111100001101111
0000110000000001110101010001100100100010111100001101111
0000110000000010000100010001000010000100100001110101111
0000110000000010000100010001000100000010100001110101111
0000110000000010001100010001000010000100100001110100100
0000110000000010001100010001000100000010100001110100100
0000110000000011000100001001000001000010100000111000101
0000110000000011000100001001000010000001100000111000101
0000110000000011000100001101000011000101100000111000101
0000110000000011000100001101000101000011100000111000101
0000110000000100000100001001000001000010001111000000101
0000110000000100000100001001000001000010110001000000101
0000110000000100000100001001000010000001001111000000101
0000110000000100000100001001000010000001110001000000101
0000110000000100000100001101000011000101001111000000101
0000110000000100000100001101000101000011001111000000101
0000110000000100000100010001000010000100100010001100100
0000110000000100000100010001000100000010100010001100100
0000110000000100000100011001000110001010100010001100100
0000110000000100000100011001001001001010001111000111101
0000110000000100000100011001001010000110100010001100100
0000110000000100000100011001001010001001001111000111101
0000110000000100000100110001010010010100011101111101111
0000110000000100000100110001010010010100100011111100100
0000110000000100000100110001010100010010011101111101111
0000110000000100000100110001010100010010100011111100100
0000110000000100000101010001100010100100111110001100100
0000110000000100000101010001100100100010111110001100100
0000110000000100001100010001000010000100000010000100100
0000110000000100001100010001000100000010000010000100100
0000110000000100001100011001000110001010100010001100100
0000110000000100001100011001001010000110100010001100100
0000110000000100001100110001010010010100100011111100100
0000110000000100001100110001010100010010100011111100100
0000110000000100001101010001100010100100111110001100100
0000110000000100001101010001100100100010111110001100100
0000110000000101000100001001000001000010010001000111101
0000110000000101000100001001000001000010110001000111101
0000110000000101000100001001000010000001010001000111101
0000110000000101000100001001000010000001110001000111101
0000110000100000100100000010000010000000100001000000101
0000110000100000100100000100000001000000100001000000101
0000110000100001000100000100000100000000100000001100100
0000110000100001000100000100000100000000100001110101111
0000110000100001000100000100000100100000100010001100100
0000110000100001000100001000000010000000100000001100100
0000110000100001000100001000000010000000100001110101111
0000110000100001000100001000000010100000100010001100100
0000110000100001100100001100001010100000100010001100100
0000110000100001100100010100000110100000100010001100100
0000110000100011000100100100010100100000100011111100100
0000110000100011000100101000010010100000100011111100100
0000110000100101000101000100100100100000111110001100100
0000110000100101000101001000100010100000111110001100100
0000110000101000100110000011000010000111100001000000101
0000110000101000100110000101000001000111100001000000101
0000110000101001000110000101000100001110100000001100100
0000110000101001000110000101000100101110100010001100100
0000110000101001000110000101000100110001100011110100100
0000110000101001000110001001000010001110100000001100100
0000110000101001000110001001000010101110100010001100100
0000110000101001000110001001000010110001100011110100100
0000110000111000000100001101000011000101100001000000101
0000110000111000000100001101000101000011100001000000101
0000110000111000000100011001000110001010100000001100100
0000110000111000000100011001001001001010100001000111101
0000110000111000000100011001001010000110100000001100100
0000110000111000000100011001001010001001100001000111101
0000110000111000000100011101001011001101010000000111101
0000110000111000000100011101001101001011010000000111101
0000110000111000000100101001010001010010100001111000101
0000110000111000000100101001010010010001100001111000101
0000110000111000000100110001010010010100100001111100100
0000110000111000000100110001010100010010100001111100100
0000110000111000000100110011010011010101000011110100100
0000110000111000000100110011010101010011000011110100100
0000110000111000000100111001010110011010000011110101111
0000110000111000000100111001011010010110000011110101111
0000110000111000000101001001100001100010001110000000101
0000110000111000000101001001100001100010101111000000101
0000110000111000000101001001100010100001001110000000101
0000110000111000000101001001100010100001101111000000101
0000110000111000000101001101100011100101011110000000101
0000110000111000000101001101100101100011011110000000101
0000110000111000000101010001100010100100111100001100100
0000110000111000000101010001100100100010111100001100100
0000110000111000000101010011100011100101011110000100100
0000110000111000000101010011100101100011011110000100100
0000110000111000000101110001110010110100011111110101111
0000110000111000000101110001110100110010011111110101111
0000110001000010001100010001000010000100100001110100100
0000110001000010001100010001000100000010100001110100100
0000110001100001100100001100001010100000100010001100100
0000110001100001100100010100000110100000100010001100100
0000110001100011000100100100010100100000100011111100100
0000110001100011000100101000010010100000100011111100100
0000110001100101000101000100100100100000111110001100100
0000110001100101000101001000100010100000111110001100100
0000110001101001000110000101000100001110100000001100100
0000110001101001000110000101000100101110100010001100100
0000110001101001000110001001000010001110100000001100100
0000110001101001000110001001000010101110100010001100100
0000110001111000000100011001000110001010100000001100100
0000110001111000000100011001001010000110100000001100100
0000110001111000000100110001010010010100100001111100100
0000110001111000000100110001010100010010100001111100100
0000110001111000000101010001100010100100111100001100100
0000110001111000000101010001100100100010111100001100100
0000111000000000011101000001001000010000101001100100100
0000111000000000011101000001001000010000101001100100101
0000111000000000011101000001010000001000101001100100100
0000111000000000011101000001010000001000101001100100101
0000111000000000101101000001001000010000101101110110111
0000111000000000101101000001010000001000101101110110111
0000111000000000101101000101001010010010101001100100010
0000111000000000101101000101010010001010101001100100010
0000111000000000101101001001001100010100100101010010111
0000111000000000101101001001010100001100100101010010111
0000111000000000101101100001011000101000101101110110010
0000111000000000101101100001011000101000101101110110111
0000111000000000101101100001101000011000101101110110010
0000111000000000101101100001101000011000101101110110111
0000111000000000110101000001001000010000101001100100010
0000111000000000110101000001001000010000101001100100110
0000111000000000110101000001001000010000101001100100111
0000111000000000110101000001010000001000101001100100010
0000111000000000110101000001010000001000101001100100110
0000111000000000110101000001010000001000101001100100111
0000111000000000110101000101001010010010101001100100011
0000111000000000110101000101010010001010101001100100011
0000111000000000111100001001000001000010010100001100101
0000111000000000111100001001000001000010100101001100101
0000111000000000111100001001000010000001010100001100101
0000111000000000111100001001000010000001100101001100101
0000111000000000111101000001001000010000101001001010101
0000111000000000111101000001001000010000101001010001101
0000111000000000111101000001001000010000101101011101101
0000111000000000111101000001001000010000101101101011101
0000111000000000111101000001010000001000101001001010101
0000111000000000111101000001010000001000101001010001101
0000111000000000111101000001010000001000101101011101101
0000111000000000111101000001010000001000101101101011101
0000111000000000111101000101001010010010101001100100011
0000111000000000111101000101010010001010101001100100011
0000111000000000111101001001001100010100100101010010101
0000111000000000111101001001010100001100100101010010101
0000111000000000111101100001011000101000100111101110101
0000111000000000111101100001011000101000101011011110101
0000111000000000111101100001011000101000101101110110101
0000111000000000111101100001101000011000100111101110101
0000111000000000111101100001101000011000101011011110101
0000111000000000111101100001101000011000101101110110101
0000111000000101000100001001000001000010110001000111101
0000111000000101000100001001000010000001110001000111101
0000111000011000000100000001000111000111101001001010101
0000111000011000000100000001000111000111101001010001101
0000111000011000000100000001000111111000101001001010101
0000111000011000000100000001000111111000101001010001101
0000111000011000000100000001000111111000101101011101101
0000111000011000000100000001000111111000101101101011101
0000111000011000000100000001111000000111101101011101101
0000111000011000000100000001111000000111101101101011101
0000111000011000000100000001111000111000101101011101101
0000111000011000000100000001111000111000101101101011101
0000111000100000110100000110000101000000011000010001101
0000111000100000110100000110000101000000101001010001101
0000111000100000110100001010000011000000011000010001101
0000111000100000110100001010000011000000101001010001101
0000111000100100000100010000010000000000101101110110101
0000111000100100000100010000010000000100101101110110111
0000111000100100000100100000001000000000101101110110101
0000111000100100000100100000001000000100101101110110111
0000111000100100100100010010010010000000011100011101101
0000111000100100100100010010010010000000101101011101101
0000111000100100100100010100010001000000010110110101101
0000111000100100100100010100010001000000011010011110101
0000111000100100100100010100010001000000100111110101101
0000111000100100100100010100010001000000101011011110101
0000111000100100100100011000010100000000100111011011101
0000111000100100100100011000010100000010100011001001100
0000111000100100100100100010001010000000010110110101101
0000111000100100100100100010001010000000011010011110101
0000111000100100100100100010001010000000100111110101101
0000111000100100100100100010001010000000101011011110101
0000111000100100100100100100001001000000011100011101101
0000111000100100100100100100001001000000101101011101101
0000111000100100100100101000001100000000100111011011101
0000111000100100100100101000001100000010100011001001100
0000111000100110000100110000101000000100101101110110011
0000111000100110000101010000011000000100101101110110011
0000111000101100000110010001010000000111101001100100101
0000111000101100000110010001010000111100101101110110010
0000111000101100000110010001010000111100101101110110011
0000111000101100000110100001001000000111101001100100101
0000111000101100000110100001001000111100101101110110010
0000111000101100000110100001001000111100101101110110011
0000111000111000000100001111000111111000101001001010101
0000111000111000000100001111000111111000101001010001101
0000111000111000000100001111111000111000101101011101101
0000111000111000000100001111111000111000101101101011101
0000111000111000000100011001001001001010100001000111101
0000111000111000000100011001001010001001100001000111101
0000111000111000000100011101001011001101100001000111101
0000111000111000000100011101001101001011100001000111101
0000111000111000000100111001011001011010100001111111101
0000111000111000000100111001011010011001100001111111101
0000111000111000000101000101001010010010101001100100011
0000111000111000000101000101001010010010101001100100101
0000111000111000000101000101010010001010101001100100011
0000111000111000000101000101010010001010101001100100101
0000111000111000000101000111001011010011101001100100101
0000111000111000000101000111010011001011101001100100101
0000111000111000000101001001001001010010010100001100101
0000111000111000000101001001001001010010011000010001101
0000111000111000000101001001001001010010100101001100101
0000111000111000000101001001001001010010101001010001101
0000111000111000000101001001001010010001010010010100101
0000111000111000000101001001001010010001100011010100101
0000111000111000000101001001001100010100100101010010001
0000111000111000000101001001001100010100100101010010011
0000111000111000000101001001001100010100100101010010101
0000111000111000000101001001010001001010010010010100101
0000111000111000000101001001010001001010100011010100101
0000111000111000000101001001010010001001010100001100101
0000111000111000000101001001010010001001011000010001101
0000111000111000000101001001010010001001100101001100101
0000111000111000000101001001010010001001101001010001101
0000111000111000000101001001010100001100100101010010001
0000111000111000000101001001010100001100100101010010011
0000111000111000000101001001010100001100100101010010101
0000111000111000000101001101001011010101010100100001101
0000111000111000000101001101001011010101100101100001101
0000111000111000000101001101001101010011010010100010101
0000111000111000000101001101001101010011011000010001101
0000111000111000000101001101001101010011100011100010101
0000111000111000000101001101001101010011101001010001101
0000111000111000000101001101010011001101010010100010101
0000111000111000000101001101010011001101011000010001101
0000111000111000000101001101010011001101100011100010101
0000111000111000000101001101010011001101101001010001101
0000111000111000000101001101010101001011010100100001101
0000111000111000000101001101010101001011100101100001101
0000111000111000000101100001011000101000100111101110101
0000111000111000000101100001011000101000101001100100101
0000111000111000000101100001011000101000101011011110101
0000111000111000000101100001011000101000101101110110101
0000111000111000000101100001101000011000100111101110101
0000111000111000000101100001101000011000101001100100101
0000111000111000000101100001101000011000101011011110101
0000111000111000000101100001101000011000101101110110101
0000111000111000000101100011011001101001101101110110101
0000111000111000000101100011101001011001101101110110101
0000111000111000000101101001011001101010010110110101101
0000111000111000000101101001011001101010011100101011101
0000111000111000000101101001011001101010100111110101101
0000111000111000000101101001011001101010101101101011101
0000111000111000000101101001011010101001010110101110101
0000111000111000000101101001011010101001100111101110101
0000111000111000000101101001101001011010010110101110101
0000111000111000000101101001101001011010100111101110101
0000111000111000000101101001101010011001010110110101101
0000111000111000000101101001101010011001011100101011101
0000111000111000000101101001101010011001100111110101101
0000111000111000000101101001101010011001101101101011101
0000111010000000111101001001001100010100100101010010011
0000111010000000111101001001010100001100100101010010011
0000111010000000111101100001011000101000101101110110011
0000111010000000111101100001101000011000101101110110011
0000111010101100000110010001010000000111101001100100111
0000111010101100000110010001010000111100101011101101100
0000111010101100000110100001001000000111101001100100111
0000111010101100000110100001001000111100101011101101100
0000111010111000000101000011001001010001101001100100100
0000111010111000000101000011010001001001101001100100100
0000111010111000000101001001001100010100100011001001100
0000111010111000000101001001010100001100100011001001100
0000111010111000000101001101001110010110100011001001001
0000111010111000000101001101010110001110100011001001001
0000111010111000000101101001011100101100100111011011001
0000111010111000000101101001101100011100100111011011001
0000111100100100010100010100010010000100100011001001000
0000111100100100010100100100001010000100100011001001000
0000111100101100000110010001010000000111100101010010001
0000111100101100000110010001010000111010101011101101100
0000111100101100000110010001010000111010101101110110101
0000111100101100000110100001001000000111100101010010001
0000111100101100000110100001001000111010101011101101100
0000111100101100000110100001001000111010101101110110101
0000111100111000000101000111001011010011101001100100101
0000111100111000000101000111010011001011101001100100101
0000111100111000000101100101011010101010101011101101010
0000111100111000000101100101011010101010101011101101101
0000111100111000000101100101100110101010111011001101010
0000111100111000000101100101100110101010111101001101011
0000111100111000000101100101101010011010101011101101010
0000111100111000000101100101101010011010101011101101101
0000111100111000000101100101101010100110111011001101010
0000111100111000000101100101101010100110111101001101011
0000111100111000000101110001101100110100111101011111111
0000111100111000000101110001110100101100111101011111111
0001000000010000000000000001000000111000101001001010101
0001000000010000000000000001000000111000101001010001101
0001000000010000000000000001000000111000101101011101101
0001000000010000000000000001000000111000101101101011101
0001000000100000000000001111000000111000101001001010101
0001000000100000000000001111000000111000101001010001101
0001000000100000000001110001000000000111101001001010101
0001000000100000000001110001000000000111101001010001101
0001000000100000000001110001000000111000101001001010101
0001000000100000000001110001000000111000101001010001101
0001000000100000000001110001000000111000101101011101101
0001000000100000000001110001000000111000101101101011101
0001000000100000000100000000000111111000101001001010101
0001000000100000000100000000000111111000101001010001101
0001000000100000000110000000000111111000101001001010101
0001000000100000000110000000000111111000101001010001101
0001000000100000000110000000111000000111101001001010101
0001000000100000000110000000111000000111101001010001101
0001000000100000000110000000111000111000101001001010101
0001000000100000000110000000111000111000101001010001101
0001000000100000000110000000111000111000101101011101101
0001000000100000000110000000111000111000101101101011101
0001000000100000000110000001000000111000101001001010101
0001000000100000000110000001000000111000101001010001101
0001000000100000000110000001000000111000101101011101101
0001000000100000000110000001000000111000101101101011101
0001000000100000100100000010000010100000100000000000101
0001000000100000100100000010000010100000100001000000101
0001000000100000100100000010000010101000110001000111101
0001000000100000100100000010000010110000100001000000101
0001000000100000100100000010000010111000010100001100101
0001000000100000100100000010000010111000100101001100101
0001000000100000100100000100000001100000100000000000101
0001000000100000100100000100000001100000100001000000101
0001000000100000100100000100000001101000110001000111101
0001000000100000100100000100000001110000100001000000101
0001000000100000100100000100000001111000010100001100101
0001000000100000100100000100000001111000100101001100101
0001000000100000110100000110000101100000100001000000101
0001000000100000110100000110000101110000100001000000101
0001000000100000110100000110000101111000011000010001101
0001000000100000110100000110000101111000101001010001101
0001000000100000110100001010000011100000100001000000101
0001000000100000110100001010000011110000100001000000101
0001000000100000110100001010000011111000011000010001101
0001000000100000110100001010000011111000101001010001101
0001000000100001000100000100000100000001100000001100100
0001000000100001000100000100000100010000000000001100100
0001000000100001000100000100000100100000000010000100100
0001000000100001000100000100000100100000100000001100100
0001000000100001000100000100000100100000100010001100100
0001000000100001000100000100000100100001000010000100100
0001000000100001000100000100000100110000100000001100100
0001000000100001000100000100000100110000100001110101111
0001000000100001000100001000000010000001100000001100100
0001000000100001000100001000000010010000000000001100100
0001000000100001000100001000000010100000000010000100100
0001000000100001000100001000000010100000100000001100100
0001000000100001000100001000000010100000100010001100100
0001000000100001000100001000000010100001000010000100100
0001000000100001000100001000000010110000100000001100100
0001000000100001000100001000000010110000100001110101111
0001000000100001100100001100001010110000100000001100100
0001000000100001100100010010001010100000100001000111101
0001000000100001100100010010001010110000100001000111101
0001000000100001100100010100000110110000100000001100100
0001000000100001100100010100001001100000100001000111101
0001000000100001100100010100001001110000100001000111101
0001000000100010000100001000001000000001000001000100000
0001000000100010000100001000001000000001000001010110101
0001000000100010000100001000001000100000000001010110101
0001000000100010000100001000001000100000000011010110101
0001000000100010000100001000001000100000000101000100001
0001000000100010000100001000001000100010000011000100000
0001000000100010000100001000001000100010000101000100001
0001000000100010000100001000001000100010000111000100001
0001000000100010000100010000000100000001000001000100000
0001000000100010000100010000000100000001000001010110101
0001000000100010000100010000000100100000000001010110101
0001000000100010000100010000000100100000000011010110101
0001000000100010000100010000000100100000000101000100001
0001000000100010000100010000000100100010000011000100000
0001000000100010000100010000000100100010000101000100001
0001000000100010000100010000000100100010000111000100001
0001000000100010001100001010001001100010000101000100000
0001000000100010001100010010000101100010000101000100000
0001000000100010010100001100001010000001000001000100000
0001000000100010010100001100001010000001000001000100001
0001000000100010010100001100001010100010000011000100001
0001000000100010010100010100000110000001000001000100000
0001000000100010010100010100000110000001000001000100001
0001000000100010010100010100000110100010000011000100001
0001000000100010100100100010010010001000000000111000101
0001000000100010100100100010010010100000100001111000101
0001000000100010100100100010010010110000100001111000101
0001000000100010100100100100010001001000000000111000101
0001000000100010100100100100010001100000100001111000101
0001000000100010100100100100010001110000100001111000101
0001000000100011000100011000010100000001000001010110101
0001000000100011000100011000010100000010000001010110101
0001000000100011000100011000010100100001000011010110100
0001000000100011000100011000010100100010000101000100001
0001000000100011000100011000010100100010000101001101010
0001000000100011000100100100010100100001000011110100100
0001000000100011000100100100010100110000100001111100100
0001000000100011000100101000001100000001000001010110101
0001000000100011000100101000001100000010000001010110101
0001000000100011000100101000001100100001000011010110100
0001000000100011000100101000001100100010000101000100001
0001000000100011000100101000001100100010000101001101010
0001000000100011000100101000010010100001000011110100100
0001000000100011000100101000010010110000100001111100100
0001000000100100000100010000010000000001101001100100100
0001000000100100000100010000010000000001101001100100110
0001000000100100000100010000010000000010101001100100010
0001000000100100000100010000010000000010101001100100101
0001000000100100000100010000010000000011101001100100010
0001000000100100000100010000010000000011101001100100100
0001000000100100000100010000010000000100100001000000101
0001000000100100000100010000010000000100100101010010001
0001000000100100000100010000010000000110101001100100110
0001000000100100000100010000010000000111101001001010101
0001000000100100000100010000010000000111101001010001101
0001000000100100000100010000010000111000101101011101101
0001000000100100000100010000010000111000101101101011101
0001000000100100000100010000010000111000101101110110101
0001000000100100000100100000001000000001101001100100100
0001000000100100000100100000001000000001101001100100110
0001000000100100000100100000001000000010101001100100010
0001000000100100000100100000001000000010101001100100101
0001000000100100000100100000001000000011101001100100010
0001000000100100000100100000001000000011101001100100100
0001000000100100000100100000001000000100100001000000101
0001000000100100000100100000001000000100100101010010001
0001000000100100000100100000001000000110101001100100110
0001000000100100000100100000001000000111101001001010101
0001000000100100000100100000001000000111101001010001101
0001000000100100000100100000001000111000101101011101101
0001000000100100000100100000001000111000101101101011101
0001000000100100000100100000001000111000101101110110101
0001000000100100010100010100010010000001101001100100101
0001000000100100010100100100001010000001101001100100101
0001000000100100100100010010010010111000011100011101101
0001000000100100100100010010010010111000101101011101101
0001000000100100100100010100010001111000010110110101101
0001000000100100100100010100010001111000011010011110101
0001000000100100100100010100010001111000100111110101101
0001000000100100100100010100010001111000101011011110101
0001000000100100100100011000010100000001100001000000100
0001000000100100100100011000010100000011100101010010011
0001000000100100100100011000010100000101100101010010111
0001000000100100100100011000010100000110100001000000110
0001000000100100100100011000010100111000100111011011101
0001000000100100100100100010001010111000010110110101101
0001000000100100100100100010001010111000011010011110101
0001000000100100100100100010001010111000100111110101101
0001000000100100100100100010001010111000101011011110101
0001000000100100100100100100001001111000011100011101101
0001000000100100100100100100001001111000101101011101101
0001000000100100100100101000001100000001100001000000100
0001000000100100100100101000001100000011100101010010011
0001000000100100100100101000001100000101100101010010111
0001000000100100100100101000001100000110100001000000110
0001000000100100100100101000001100111000100111011011101
0001000000100100100101000010100010110000101111000000101
0001000000100100100101000100100001110000101111000000101
0001000000100101000101000100100100000001100010000100100
0001000000100101000101000100100100110000111100001100100
0001000000100101000101001000100010000001100010000100100
0001000000100101000101001000100010110000111100001100100
0001000000100110000100110000101000000001101001100100100
0001000000100110000100110000101000000001101001100100110
0001000000100110000100110000101000000001101101110110101
0001000000100110000100110000101000000011101001100100101
0001000000100110000100110000101000000101101101110110111
0001000000100110000100110000101000000110101001100100110
0001000000100110000101001000101000000001111001010110100
0001000000100110000101001000101000000001111001010110101
0001000000100110000101001000101000000001111101010110101
0001000000100110000101001000101000000010111001010110101
0001000000100110000101001000101000100001111011010110100
0001000000100110000101001000101000100010111011010110101
0001000000100110000101001000101000100010111101000100001
0001000000100110000101001000101000100010111101001101010
0001000000100110000101010000011000000001101001100100100
0001000000100110000101010000011000000001101001100100110
0001000000100110000101010000011000000001101101110110101
0001000000100110000101010000011000000011101001100100101
0001000000100110000101010000011000000101101101110110111
0001000000100110000101010000011000000110101001100100110
0001000000100110000101010000100100000001111001010110100
0001000000100110000101010000100100000001111001010110101
0001000000100110000101010000100100000001111101010110101
0001000000100110000101010000100100000010111001010110101
0001000000100110000101010000100100100001111011010110100
0001000000100110000101010000100100100010111011010110101
0001000000100110000101010000100100100010111101000100001
0001000000100110000101010000100100100010111101001101010
0001000000100111000101011000110100100010111101010110101
0001000000100111000101101000101100100010111101010110101
0001000000101000100110000011000010100111100001000000101
0001000000101000100110000101000001100111100001000000101
0001000000101010000110001001001000011101000001010110101
0001000000101010000110001001001000011110000001010110101
0001000000101010000110001001001000111101000011010110100
0001000000101010000110001001001000111110000101001101010
0001000000101010000110010001000100011101000001010110101
0001000000101010000110010001000100011110000001010110101
0001000000101010000110010001000100111101000011010110100
0001000000101010000110010001000100111110000101001101010
0001000000101100000110010001010000111001101001100100100
0001000000101100000110010001010000111001101001100100110
0001000000101100000110010001010000111001101101110110101
0001000000101100000110010001010000111011101001100100101
0001000000101100000110010001010000111101101101110110111
0001000000101100000110010001010000111110101001100100101
0001000000101100000110010001010000111110101001100100110
0001000000101100000110010001010000111111101101011101101
0001000000101100000110010001010000111111101101101011101
0001000000101100000110100001001000111001101001100100100
0001000000101100000110100001001000111001101001100100110
0001000000101100000110100001001000111001101101110110101
0001000000101100000110100001001000111011101001100100101
0001000000101100000110100001001000111101101101110110111
0001000000101100000110100001001000111110101001100100101
0001000000101100000110100001001000111110101001100100110
0001000000101100000110100001001000111111101101011101101
0001000000101100000110100001001000111111101101101011101
0001000000101110000110110001101000111110101101110110101
0001000000101110000111001001101000111110111101010110101
0001000000101110000111010001011000111110101101110110101
0001000000101110000111010001100100111110111101010110101
0001000000110000000011110000000111111000101001001010101
0001000000110000000011110000000111111000101001010001101
0001000000110000000100001111000111111000101001001010101
0001000000110000000100001111000111111000101001010001101
0001000000110000000100001111111000111000101101011101101
0001000000110000000100001111111000111000101101101011101
0001000000110000000101110001000111111000101101011101101
0001000000110000000101110001000111111000101101101011101
0001000000110000000110000000000111111000101001001010101
0001000000110000000110000000000111111000101001010001101
0001000000110000000110000000111000000111101001001010101
0001000000110000000110000000111000000111101001010001101
0001000000110000000110000000111000111000101101011101101
0001000000110000000110000000111000111000101101101011101
0001000001100001000100000100000100010000000000001100100
0001000001100001000100000100000100100000000000000100100
0001000001100001000100000100000100100000000010000100100
0001000001100001000100000100000100100000100000000100100
0001000001100001000100000100000100100000100000001100100
0001000001100001000100000100000100110000100000001100100
0001000001100001000100001000000010010000000000001100100
0001000001100001000100001000000010100000000000000100100
0001000001100001000100001000000010100000000010000100100
0001000001100001000100001000000010100000100000000100100
0001000001100001000100001000000010100000100000001100100
0001000001100001000100001000000010110000100000001100100
0001000001100001100100001100001010110000100000001100100
0001000001100001100100010100000110110000100000001100100
0001000001100010000100001000001000000010000001000100000
0001000001100010000100001000001000100000000001010110101
0001000001100010000100001000001000100000000101000100000
0001000001100010000100001000001000100000000111000100000
0001000001100010000100001000001000100010000101000100000
0001000001100010000100010000000100000010000001000100000
0001000001100010000100010000000100100000000001010110101
0001000001100010000100010000000100100000000101000100000
0001000001100010000100010000000100100000000111000100000
0001000001100010000100010000000100100010000101000100000
0001000001100010010100001100001010000001000001000100000
0001000001100010010100001100001010100010000011000100001
0001000001100010010100010100000110000001000001000100000
0001000001100010010100010100000110100010000011000100001
0001000001100011000100011000010100000010000001010110101
0001000001100011000100011000010100100001000011010110100
0001000001100011000100011000010100100010000101000100000
0001000001100011000100100100010100100001000011110100100
0001000001100011000100100100010100110000100001111100100
0001000001100011000100101000001100000010000001010110101
0001000001100011000100101000001100100001000011010110100
0001000001100011000100101000001100100010000101000100000
0001000001100011000100101000010010100001000011110100100
0001000001100011000100101000010010110000100001111100100
0001000001100100000100010000010000000010101001100100010
0001000001100100000100010000010000000010101001100100100
0001000001100100000100010000010000000010101001100100101
0001000001100100000100010000010000000011101001100100100
0001000001100100000100010000010000000100100001000000000
0001000001100100000100010000010000000100100001000000100
0001000001100100000100010000010000000100100101010010001
0001000001100100000100010000010000000110101001100100110
0001000001100100000100010000010000111000101101110110101
0001000001100100000100100000001000000010101001100100010
0001000001100100000100100000001000000010101001100100100
0001000001100100000100100000001000000010101001100100101
0001000001100100000100100000001000000011101001100100100
0001000001100100000100100000001000000100100001000000000
0001000001100100000100100000001000000100100001000000100
0001000001100100000100100000001000000100100101010010001
0001000001100100000100100000001000000110101001100100110
0001000001100100000100100000001000111000101101110110101
0001000001100100010100010100010010000001101001100100101
0001000001100100010100100100001010000001101001100100101
0001000001100100100100011000010100000110100001000000110
0001000001100100100100101000001100000110100001000000110
0001000001100101000101000100100100110000111100001100100
0001000001100101000101001000100010110000111100001100100
0001000001100110000100110000101000000001101001100100100
0001000001100110000100110000101000000001101101110110101
0001000001100110000100110000101000000100101001100100110
0001000001100110000100110000101000000110101001100100110
0001000001100110000101001000101000000001111001010110100
0001000001100110000101001000101000000001111101010110101
0001000001100110000101001000101000000010111001010110101
0001000001100110000101001000101000100001111011010110100
0001000001100110000101001000101000100010111011010110101
0001000001100110000101001000101000100010111101000100000
0001000001100110000101010000011000000001101001100100100
0001000001100110000101010000011000000001101101110110101
0001000001100110000101010000011000000100101001100100110
0001000001100110000101010000011000000110101001100100110
0001000001100110000101010000100100000001111001010110100
0001000001100110000101010000100100000001111101010110101
0001000001100110000101010000100100000010111001010110101
0001000001100110000101010000100100100001111011010110100
0001000001100110000101010000100100100010111011010110101
0001000001100110000101010000100100100010111101000100000
0001000001100111000101011000110100100010111101010110101
0001000001100111000101101000101100100010111101010110101
0001000001101010000110001001001000011101000001010110101
0001000001101010000110001001001000011110000001010110101
0001000001101010000110001001001000111101000011010110100
0001000001101010000110010001000100011101000001010110101
0001000001101010000110010001000100011110000001010110101
0001000001101010000110010001000100111101000011010110100
0001000001101100000110010001010000111001101001100100100
0001000001101100000110010001010000111001101101110110101
0001000001101100000110010001010000111100101001100100110
0001000001101100000110010001010000111110101001100100100
0001000001101100000110010001010000111110101001100100110
0001000001101100000110100001001000111001101001100100100
0001000001101100000110100001001000111001101101110110101
0001000001101100000110100001001000111100101001100100110
0001000001101100000110100001001000111110101001100100100
0001000001101100000110100001001000111110101001100100110
0001000001101110000110110001101000111110101101110110101
0001000001101110000111001001101000111110111101010110101
0001000001101110000111010001011000111110101101110110101
0001000001101110000111010001100100111110111101010110101
0001000010100010000100001000001000000001000001000100000
0001000010100010000100001000001000000010000001000100001
0001000010100010000100001000001000000011000001000100001
0001000010100010000100001000001000100000000001000100001
0001000010100010000100001000001000100000000011000100000
0001000010100010000100001000001000100000000101000100001
0001000010100010000100001000001000100001000011000100000
0001000010100010000100001000001000100001000101000100001
0001000010100010000100001000001000100010000011000100000
0001000010100010000100001000001000100010000011000100001
0001000010100010000100001000001000100010000101000100001
0001000010100010000100010000000100000001000001000100000
0001000010100010000100010000000100000010000001000100001
0001000010100010000100010000000100000011000001000100001
0001000010100010000100010000000100100000000001000100001
0001000010100010000100010000000100100000000011000100000
0001000010100010000100010000000100100000000101000100001
0001000010100010000100010000000100100001000011000100000
0001000010100010000100010000000100100001000101000100001
0001000010100010000100010000000100100010000011000100000
0001000010100010000100010000000100100010000011000100001
0001000010100010000100010000000100100010000101000100001
0001000010100010001100001010001001100000000101000100000
0001000010100010001100010010000101100000000101000100000
0001000010100010010100001100001010000001000001000100001
0001000010100010010100001100001010100001000011000100001
0001000010100010010100010100000110000001000001000100001
0001000010100010010100010100000110100001000011000100001
0001000010100011000100011000010100000001000001000100000
0001000010100011000100011000010100000001000001010110101
0001000010100011000100011000010100100000000101001101010
0001000010100011000100011000010100100010000101000100001
0001000010100011000100101000001100000001000001000100000
0001000010100011000100101000001100000001000001010110101
0001000010100011000100101000001100100000000101001101010
0001000010100011000100101000001100100010000101000100001
0001000010100100000100010000010000000001101001100100100
0001000010100100000100010000010000000010101001100100010
0001000010100100000100010000010000000010101001100100011
0001000010100100000100010000010000000010101001100100101
0001000010100100000100010000010000000011101001100100010
0001000010100100000100010000010000000011101001100100101
0001000010100100000100010000010000000100100001000000101
0001000010100100000100010000010000000100101001100100110
0001000010100100000100010000010000000101101001100100110
0001000010100100000100010000010000000110100001000000001
0001000010100100000100010000010000000110101001100100111
0001000010100100000100010000010000000111101001100100111
0001000010100100000100100000001000000001101001100100100
0001000010100100000100100000001000000010101001100100010
0001000010100100000100100000001000000010101001100100011
0001000010100100000100100000001000000010101001100100101
0001000010100100000100100000001000000011101001100100010
0001000010100100000100100000001000000011101001100100101
0001000010100100000100100000001000000100100001000000101
0001000010100100000100100000001000000100101001100100110
0001000010100100000100100000001000000101101001100100110
0001000010100100000100100000001000000110100001000000001
0001000010100100000100100000001000000110101001100100111
0001000010100100000100100000001000000111101001100100111
0001000010100100010100010100010010000001101001100100011
0001000010100100010100100100001010000001101001100100011
0001000010100100100100011000010100000001100001000000000
0001000010100100100100011000010100000001100001000000100
0001000010100100100100011000010100000001100101010010011
0001000010100100100100011000010100000101100001000000010
0001000010100100100100011000010100000110100001000000011
0001000010100100100100011000010100000110100001000000111
0001000010100100100100101000001100000001100001000000000
0001000010100100100100101000001100000001100001000000100
0001000010100100100100101000001100000001100101010010011
0001000010100100100100101000001100000101100001000000010
0001000010100100100100101000001100000110100001000000011
0001000010100100100100101000001100000110100001000000111
0001000010100110000100110000101000000001101001100100100
0001000010100110000100110000101000000001101001100100101
0001000010100110000100110000101000000001101101110110011
0001000010100110000100110000101000000011101001100100001
0001000010100110000100110000101000000100101001100100010
0001000010100110000100110000101000000101101001100100010
0001000010100110000100110000101000000101101001100100101
0001000010100110000100110000101000000110101001100100011
0001000010100110000100110000101000000110101001100100111
0001000010100110000101001000101000000001000111000100000
0001000010100110000101001000101000000001111001010110101
0001000010100110000101001000101000000011111001000100001
0001000010100110000101001000101000100001111101000100001
0001000010100110000101001000101000100010111101000100001
0001000010100110000101010000011000000001101001100100100
0001000010100110000101010000011000000001101001100100101
0001000010100110000101010000011000000001101101110110011
0001000010100110000101010000011000000011101001100100001
0001000010100110000101010000011000000100101001100100010
0001000010100110000101010000011000000101101001100100010
0001000010100110000101010000011000000101101001100100101
0001000010100110000101010000011000000110101001100100011
0001000010100110000101010000011000000110101001100100111
0001000010100110000101010000100100000001000111000100000
0001000010100110000101010000100100000001111001010110101
0001000010100110000101010000100100000011111001000100001
0001000010100110000101010000100100100001111101000100001
0001000010100110000101010000100100100010111101000100001
0001000010101010000110001001001000011101000001010110101
0001000010101010000110001001001000111100000101001101010
0001000010101010000110001001001000111101000011010110101
0001000010101010000110010001000100011101000001010110101
0001000010101010000110010001000100111100000101001101010
0001000010101010000110010001000100111101000011010110101
0001000010101100000110010001010000111001101001100100000
0001000010101100000110010001010000111001101001100100100
0001000010101100000110010001010000111001101001100100101
0001000010101100000110010001010000111001101101110110011
0001000010101100000110010001010000111011101001100100001
0001000010101100000110010001010000111100101001100100010
0001000010101100000110010001010000111101101001100100010
0001000010101100000110010001010000111101101001100100101
0001000010101100000110010001010000111110101001100100011
0001000010101100000110010001010000111110101001100100101
0001000010101100000110010001010000111110101001100100111
0001000010101100000110100001001000111001101001100100000
0001000010101100000110100001001000111001101001100100100
0001000010101100000110100001001000111001101001100100101
0001000010101100000110100001001000111001101101110110011
0001000010101100000110100001001000111011101001100100001
0001000010101100000110100001001000111100101001100100010
0001000010101100000110100001001000111101101001100100010
0001000010101100000110100001001000111101101001100100101
0001000010101100000110100001001000111110101001100100011
0001000010101100000110100001001000111110101001100100101
0001000010101100000110100001001000111110101001100100111
0001000011100010000100001000001000000001000001000100000
0001000011100010000100010000000100000001000001000100000
0001000011100010010100001100001010000001000001000100001
0001000011100010010100010100000110000001000001000100001
0001000011100011000100011000010100000001000001010110101
0001000011100011000100011000010100100010000101000100000
0001000011100011000100011000010100100010000101000100001
0001000011100011000100101000001100000001000001010110101
0001000011100011000100101000001100100010000101000100000
0001000011100011000100101000001100100010000101000100001
0001000011100100100100011000010100000001100001000000100
0001000011100100100100101000001100000001100001000000100
0001000011100110000100110000101000000001101001100100100
0001000011100110000100110000101000000011101001100100101
0001000011100110000101001000101000000001111001010110101
0001000011100110000101001000101000100010111101000100000
0001000011100110000101001000101000100010111101000100001
0001000011100110000101010000011000000001101001100100100
0001000011100110000101010000011000000011101001100100101
0001000011100110000101010000100100000001111001010110101
0001000011100110000101010000100100100010111101000100000
0001000011100110000101010000100100100010111101000100001
0001000011101010000110001001001000011101000001010110101
0001000011101010000110010001000100011101000001010110101
0001000011101100000110010001010000111001101001100100100
0001000011101100000110010001010000111011101001100100101
0001000011101100000110010001010000111110101001100100100
0001000011101100000110010001010000111110101001100100101
0001000011101100000110100001001000111001101001100100100
0001000011101100000110100001001000111011101001100100101
0001000011101100000110100001001000111110101001100100100
0001000011101100000110100001001000111110101001100100101
0001000100100100000100010000010000000001100001000000000
0001000100100100000100010000010000000001100001000000100
0001000100100100000100010000010000000001100101010010001
0001000100100100000100010000010000000010100001000000101
0001000100100100000100010000010000000010101001100100110
0001000100100100000100010000010000000010101001100100111
0001000100100100000100010000010000000011100001000000101
0001000100100100000100010000010000000100100001000000101
0001000100100100000100010000010000000100100101010010011
0001000100100100000100010000010000000110100001000000010
0001000100100100000100010000010000000110100001000000101
0001000100100100000100010000010000000110100001000000111
0001000100100100000100010000010000000110100011001001100
0001000100100100000100010000010000111000101101110110111
0001000100100100000100100000001000000001100001000000000
0001000100100100000100100000001000000001100001000000100
0001000100100100000100100000001000000001100101010010001
0001000100100100000100100000001000000010100001000000101
0001000100100100000100100000001000000010101001100100110
0001000100100100000100100000001000000010101001100100111
0001000100100100000100100000001000000011100001000000101
0001000100100100000100100000001000000100100001000000101
0001000100100100000100100000001000000100100101010010011
0001000100100100000100100000001000000110100001000000010
0001000100100100000100100000001000000110100001000000101
0001000100100100000100100000001000000110100001000000111
0001000100100100000100100000001000000110100011001001100
0001000100100100000100100000001000111000101101110110111
0001000100100100001100010010010001000110100001000000100
0001000100100100001100100010001001000110100001000000100
0001000100100100010100010100010010000001100001000000001
0001000100100100010100100100001010000001100001000000001
0001000100100100100100011000010100000001100001000000100
0001000100100100100100101000001100000001100001000000100
0001000100100110000100110000101000000001100101010010001
0001000100100110000100110000101000000001101001100100110
0001000100100110000100110000101000000010101001100100010
0001000100100110000100110000101000000110100011001001100
0001000100100110000100110000101000000110100101010010001
0001000100100110000101010000011000000001100101010010001
0001000100100110000101010000011000000001101001100100110
0001000100100110000101010000011000000010101001100100010
0001000100100110000101010000011000000110100011001001100
0001000100100110000101010000011000000110100101010010001
0001000100101100000110010001010000111001100101010010001
0001000100101100000110010001010000111001101001100100100
0001000100101100000110010001010000111001101001100100110
0001000100101100000110010001010000111010101001100100010
0001000100101100000110010001010000111110100011001001100
0001000100101100000110010001010000111110100101010010001
0001000100101100000110100001001000111001100101010010001
0001000100101100000110100001001000111001101001100100100
0001000100101100000110100001001000111001101001100100110
0001000100101100000110100001001000111010101001100100010
0001000100101100000110100001001000111110100011001001100
0001000100101100000110100001001000111110100101010010001
0001000101100110000100110000101000000110100101010010001
0001000101100110000101010000011000000110100101010010001
0001000101101100000110010001010000111011101001100100110
0001000101101100000110010001010000111110100101010010001
0001000101101100000110100001001000111011101001100100110
0001000101101100000110100001001000111110100101010010001
0001000110100100100100011000010100000001100001000000100
0001000110100100100100011000010100000001100001000000110
0001000110100100100100101000001100000001100001000000100
0001000110100100100100101000001100000001100001000000110
0001000110100110000100110000101000000001101001100100110
0001000110100110000100110000101000000010101001100100010
0001000110100110000100110000101000000100101001100100110
0001000110100110000101010000011000000001101001100100110
0001000110100110000101010000011000000010101001100100010
0001000110100110000101010000011000000100101001100100110
0001000110101100000110010001010000111001101001100100100
0001000110101100000110010001010000111001101001100100110
0001000110101100000110010001010000111010101001100100010
0001000110101100000110010001010000111100101001100100110
0001000110101100000110100001001000111001101001100100100
0001000110101100000110100001001000111001101001100100110
0001000110101100000110100001001000111010101001100100010
0001000110101100000110100001001000111100101001100100110
0001001000100000100100000010000010001000100001000111101
0001001000100000100100000010000010100000100000000000101
0001001000100000100100000010000010100000110001000111101
0001001000100000100100000010000010101000010000000111101
0001001000100000100100000010000010101000100001000111101
0001001000100000100100000100000001001000100001000111101
0001001000100000100100000100000001100000100000000000101
0001001000100000100100000100000001100000110001000111101
0001001000100000100100000100000001101000010000000111101
0001001000100000100100000100000001101000100001000111101
0001001000100100100101000010100010010000110001000111101
0001001000100100100101000100100001010000110001000111101
0001001000101000100110000011000010100111100000000000101
0001001000101000100110000101000001100111100000000000101
0001001110100101000101000100100100000001100010000100100
0001001110100101000101001000100010000001100010000100100
0001010000100000100100000010000010100000000001000000101
0001010000100000100100000010000010100000100001000000101
0001010000100000100100000100000001100000000001000000101
0001010000100000100100000100000001100000100001000000101
0001010000100000110100000110000101001000000000000000101
0001010000100000110100001010000011001000000000000000101
0001010000100001000100000100000100000001000000001100100
0001010000100001000100000100000100010000000000001100100
0001010000100001000100000100000100010000000001110101111
0001010000100001000100000100000100100000000000001100100
0001010000100001000100000100000100100000000010001100100
0001010000100001000100000100000100100000100000001100100
0001010000100001000100000100000100100000100001110101111
0001010000100001000100000100000100110000100001110101111
0001010000100001000100001000000010000001000000001100100
0001010000100001000100001000000010010000000000001100100
0001010000100001000100001000000010010000000001110101111
0001010000100001000100001000000010100000000000001100100
0001010000100001000100001000000010100000000010001100100
0001010000100001000100001000000010100000100000001100100
0001010000100001000100001000000010100000100001110101111
0001010000100001000100001000000010110000100001110101111
0001010000100001001100000110000101110000100001110100100
0001010000100001001100001010000011110000100001110100100
0001010000100001100100001100001010000001000000000100100
0001010000100001100100001100001010010000000000001100100
0001010000100001100100001100001010110000100001110101111
0001010000100001100100010100000110000001000000000100100
0001010000100001100100010100000110010000000000001100100
0001010000100001100100010100000110110000100001110101111
0001010000100010100100100010010010001000000000111000101
0001010000100010100100100100010001001000000000111000101
0001010000100011000100100100010100000001000001110100100
0001010000100011000100101000010010000001000001110100100
0001010000100100100101000010100010001000001110000000101
0001010000100100100101000010100010010000001111000000101
0001010000100100100101000100100001001000001110000000101
0001010000100100100101000100100001010000001111000000101
0001010000100101000101000100100100000001011100000100100
0001010000100101000101000100100100010000011100001100100
0001010000100101000101000100100100110000111101110101111
0001010000100101000101001000100010000001011100000100100
0001010000100101000101001000100010010000011100001100100
0001010000100101000101001000100010110000111101110101111
0001010000101000100110000011000010001111000000000000101
0001010000101000100110000011000010100111100001000000101
0001010000101000100110000101000001001111000000000000101
0001010000101000100110000101000001100111100001000000101
0001010000101001000110000101000100001111000000000100100
0001010000101001000110000101000100011110000000001100100
0001010000101001000110000101000100101110100000001100100
0001010000101001000110000101000100111110100001110101111
0001010000101001000110001001000010001111000000000100100
0001010000101001000110001001000010011110000000001100100
0001010000101001000110001001000010101110100000001100100
0001010000101001000110001001000010111110100001110101111
0001010001100001100100001100001010000001000000000100100
0001010001100001100100001100001010010000000000001100100
0001010001100001100100010100000110000001000000000100100
0001010001100001100100010100000110010000000000001100100
0001010001100011000100100100010100000001000001110100100
0001010001100011000100101000010010000001000001110100100
0001010001100101000101000100100100000001011100000100100
0001010001100101000101000100100100010000011100001100100
0001010001100101000101001000100010000001011100000100100
0001010001100101000101001000100010010000011100001100100
0001010001101001000110000101000100001111000000000100100
0001010001101001000110000101000100011110000000001100100
0001010001101001000110000101000100101110100000001100100
0001010001101001000110001001000010001111000000000100100
0001010001101001000110001001000010011110000000001100100
0001010001101001000110001001000010101110100000001100100
0001011000100001100100010010001010110000100000111111101
0001011000100001100100010100001001110000100000111111101
0001011000101000100110000011000010110111100000111000101
0001011000101000100110000101000001110111100000111000101
0001011100100110000101001000101000000001000111010110101
0001011100100110000101010000100100000001000111010110101
0001100000100000100100000010000010001000100000000000101
0001100000100000100100000010000010001000110001000111101
0001100000100000100100000010000010010000000000000000101
0001100000100000100100000010000010010000000001000000101
0001100000100000100100000010000010101000110000000000101
0001100000100000100100000010000010101000110001000111101
0001100000100000100100000010000010110000001111000000101
0001100000100000100100000100000001001000100000000000101
0001100000100000100100000100000001001000110001000111101
0001100000100000100100000100000001010000000000000000101
0001100000100000100100000100000001010000000001000000101
0001100000100000100100000100000001101000110000000000101
0001100000100000100100000100000001101000110001000111101
0001100000100000100100000100000001110000001111000000101
0001100000100000110100000110000101100000100000000000101
0001100000100000110100000110000101101000110000000000101
0001100000100000110100000110000101110000001111000000101
0001100000100000110100001010000011100000100000000000101
0001100000100000110100001010000011101000110000000000101
0001100000100000110100001010000011110000001111000000101
0001100000100001000100000100000100000001100000000100100
0001100000100001000100000100000100000001100000001100100
0001100000100001000100000100000100010000000000001100100
0001100000100001000100000100000100010000000010001100100
0001100000100001000100000100000100100000000010000100100
0001100000100001000100000100000100100000100010001100100
0001100000100001000100000100000100110000100010001100100
0001100000100001000100001000000010000001100000000100100
0001100000100001000100001000000010000001100000001100100
0001100000100001000100001000000010010000000000001100100
0001100000100001000100001000000010010000000010001100100
0001100000100001000100001000000010100000000010000100100
0001100000100001000100001000000010100000100010001100100
0001100000100001000100001000000010110000100010001100100
0001100000100001001100000110000101100000100000000100100
0001100000100001001100001010000011100000100000000100100
0001100000100001100100001100001010100000000010000100100
0001100000100001100100001100001010110000100010001100100
0001100000100001100100010010001010110000001111000111101
0001100000100001100100010100000110100000000010000100100
0001100000100001100100010100000110110000100010001100100
0001100000100001100100010100001001110000001111000111101
0001100000100010000100001000001000000001000101000100000
0001100000100010000100001000001000000010000001000100001
0001100000100010000100001000001000000010000011000100000
0001100000100010000100001000001000000011000101000100001
0001100000100010000100001000001000100000000011010110101
0001100000100010000100001000001000100000111001010110101
0001100000100010000100001000001000100001111001010110100
0001100000100010000100001000001000100001111001010110101
0001100000100010000100001000001000100010000111000100000
0001100000100010000100001000001000100010111001010110101
0001100000100010000100010000000100000001000101000100000
0001100000100010000100010000000100000010000001000100001
0001100000100010000100010000000100000010000011000100000
0001100000100010000100010000000100000011000101000100001
0001100000100010000100010000000100100000000011010110101
0001100000100010000100010000000100100000111001010110101
0001100000100010000100010000000100100001111001010110100
0001100000100010000100010000000100100001111001010110101
0001100000100010000100010000000100100010000111000100000
0001100000100010000100010000000100100010111001010110101
0001100000100010010100001100001010000001000101000100001
0001100000100010010100001100001010100000000011000100000
0001100000100010010100001100001010100000000011000100001
0001100000100010010100001100001010100001000111000100001
0001100000100010010100010100000110000001000101000100001
0001100000100010010100010100000110100000000011000100000
0001100000100010010100010100000110100000000011000100001
0001100000100010010100010100000110100001000111000100001
0001100000100010100100100010010010101000110000111000101
0001100000100010100100100010010010110000110001111000101
0001100000100010100100100100010001101000110000111000101
0001100000100010100100100100010001110000110001111000101
0001100000100011000100011000010100000001000101000100000
0001100000100011000100011000010100000001000101010110101
0001100000100011000100011000010100000010000011010110101
0001100000100011000100011000010100000011000101000100001
0001100000100011000100011000010100100000000011010110101
0001100000100011000100011000010100100000000101010110101
0001100000100011000100011000010100100001000111010110101
0001100000100011000100100100010100110000011101111101111
0001100000100011000100100100010100110000100011111100100
0001100000100011000100101000001100000001000101000100000
0001100000100011000100101000001100000001000101010110101
0001100000100011000100101000001100000010000011010110101
0001100000100011000100101000001100000011000101000100001
0001100000100011000100101000001100100000000011010110101
0001100000100011000100101000001100100000000101010110101
0001100000100011000100101000001100100001000111010110101
0001100000100011000100101000010010110000011101111101111
0001100000100011000100101000010010110000100011111100100
0001100000100100100101000010100010010000101111000000101
0001100000100100100101000100100001010000101111000000101
0001100000100101000101000100100100010000111100001100100
0001100000100101000101000100100100110000111110001100100
0001100000100101000101001000100010010000111100001100100
0001100000100101000101001000100010110000111110001100100
0001100000100110000101001000101000000001111011010110100
0001100000100110000101001000101000000001111101010110101
0001100000100110000101001000101000000010111011010110101
0001100000100110000101001000101000100001111111010110101
0001100000100110000101010000100100000001111011010110100
0001100000100110000101010000100100000001111101010110101
0001100000100110000101010000100100000010111011010110101
0001100000100110000101010000100100100001111111010110101
0001100000101000100110000011000010010111100001000000101
0001100000101000100110000011000010011111100001000000101
0001100000101000100110000011000010101111110000000000101
0001100000101000100110000101000001010111100001000000101
0001100000101000100110000101000001011111100001000000101
0001100000101000100110000101000001101111110000000000101
0001100000101001000110000101000100011110100000001100100
0001100000101001000110000101000100101110100000000101111
0001100000101001000110000101000100111110100010001100100
0001100000101001000110001001000010011110100000001100100
0001100000101001000110001001000010101110100000000101111
0001100000101001000110001001000010111110100010001100100
0001100000101010000110001001001000011101000011010110100
0001100000101010000110001001001000011101000101010110101
0001100000101010000110001001001000011110000011010110101
0001100000101010000110001001001000011111000101000100001
0001100000101010000110001001001000111100000011010110100
0001100000101010000110001001001000111100000011010110101
0001100000101010000110001001001000111100000101010110101
0001100000101010000110001001001000111101000111000100000
0001100000101010000110001001001000111101000111010110101
0001100000101010000110001001001000111110111001011111111
0001100000101010000110010001000100011101000011010110100
0001100000101010000110010001000100011101000101010110101
0001100000101010000110010001000100011110000011010110101
0001100000101010000110010001000100011111000101000100001
0001100000101010000110010001000100111100000011010110100
0001100000101010000110010001000100111100000011010110101
0001100000101010000110010001000100111100000101010110101
0001100000101010000110010001000100111101000111000100000
0001100000101010000110010001000100111101000111010110101
0001100000101010000110010001000100111110111001011111111
0001100001100001100100001100001010100000000010000100100
0001100001100001100100001100001010110000100010001100100
0001100001100001100100010100000110100000000010000100100
0001100001100001100100010100000110110000100010001100100
0001100001100010010100001100001010000001000101000100001
0001100001100010010100001100001010100000000011000100000
0001100001100010010100010100000110000001000101000100001
0001100001100010010100010100000110100000000011000100000
0001100001100011000100011000010100000001000101010110101
0001100001100011000100011000010100000010000011010110101
0001100001100011000100011000010100100000000101010110101
0001100001100011000100100100010100110000100011111100100
0001100001100011000100101000001100000001000101010110101
0001100001100011000100101000001100000010000011010110101
0001100001100011000100101000001100100000000101010110101
0001100001100011000100101000010010110000100011111100100
0001100001100101000101000100100100010000111100001100100
0001100001100101000101000100100100110000111110001100100
0001100001100101000101001000100010010000111100001100100
0001100001100101000101001000100010110000111110001100100
0001100001100110000101001000101000000001111011010110100
0001100001100110000101001000101000000001111101010110101
0001100001100110000101001000101000000010111011010110101
0001100001100110000101010000100100000001111011010110100
0001100001100110000101010000100100000001111101010110101
0001100001100110000101010000100100000010111011010110101
0001100001101001000110000101000100011110100000001100100
0001100001101001000110000101000100111110100010001100100
0001100001101001000110001001000010011110100000001100100
0001100001101001000110001001000010111110100010001100100
0001100001101010000110001001001000011101000011010110100
0001100001101010000110001001001000011101000101010110101
0001100001101010000110001001001000011110000011010110101
0001100001101010000110001001001000111100000011010110100
0001100001101010000110001001001000111100000101010110101
0001100001101010000110010001000100011101000011010110100
0001100001101010000110010001000100011101000101010110101
0001100001101010000110010001000100011110000011010110101
0001100001101010000110010001000100111100000011010110100
0001100001101010000110010001000100111100000101010110101
0001100010100011000100011000010100000001000101000100000
0001100010100011000100011000010100100000000011000100000
0001100010100011000100101000001100000001000101000100000
0001100010100011000100101000001100100000000011000100000
0001100010100110000101001000101000000001111011010110101
0001100010100110000101010000100100000001111011010110101
0001100010101010000110001001001000111100000011000100000
0001100010101010000110010001000100111100000011000100000
0001100011101010000110001001001000011111000101000100001
0001100011101010000110001001001000111101000111000100000
0001100011101010000110010001000100011111000101000100001
0001100011101010000110010001000100111101000111000100000
0001110000000001110100000011110000101100101101010100100
0001110000000001110100000011110000101100110100110100100
0001110000010001000100000001111000101100110011010111101
0001110000010001000100000001111000101100110101001111101
0001110000100000100100000010000010010000000001000000101
0001110000100000100100000100000001010000000001000000101
0001110000100001000100000100000100010110011001010101111
0001110000100001000100000100000100100000100001110101111
0001110000100001000100000100000100100110111001010101111
0001110000100001000100001000000010010110011001010101111
0001110000100001000100001000000010100000100001110101111
0001110000100001000100001000000010100110111001010101111
0001110000100001001100000110000101010100000101000100100
0001110000100001001100000110000101100100100101000100100
0001110000100001001100000110000101110000100011110100100
0001110000100001001100001010000011010100000101000100100
0001110000100001001100001010000011100100100101000100100
0001110000100001001100001010000011110000100011110100100
0001110000100001100100001100001010011000001000010101111
0001110000100001100100001100001010101000101000010101111
0001110000100001100100001100001010110000100011110101111
0001110000100001100100010100000110011000001000010101111
0001110000100001100100010100000110101000101000010101111
0001110000100001100100010100000110110000100011110101111
0001110000100010100100100010010010100000010000111000101
0001110000100010100100100100010001100000010000111000101
0001110000100011000100100100010100000001100001111100100
0001110000100011000100100100010100100000000011110100100
0001110000100011000100100100010100100001100011111100100
0001110000100011000100101000010010000001100001111100100
0001110000100011000100101000010010100000000011110100100
0001110000100011000100101000010010100001100011111100100
0001110000100101000101000100100100110000111111110101111
0001110000100101000101001000100010110000111111110101111
0001110000101000000100100000100000101100111001100010001
0001110000101000000101000000010000101100111001100010001
0001110000101000001100100010100001101100101101010100100
0001110000101000001100100010100001101100110100110100100
0001110000101000001101000010010001101100101101010100100
0001110000101000001101000010010001101100110100110100100
0001110000101000010100100100100010101100111001100001101
0001110000101000010100100100100010101100111001100010001
0001110000101000010100100100100010101100111001100100010
0001110000101000010100100100100010101100111001100100011
0001110000101000010100100100100010101100111001100100111
0001110000101000010100100100100010101100111001100101111
0001110000101000010101000100010010101100111001100001101
0001110000101000010101000100010010101100111001100010001
0001110000101000010101000100010010101100111001100100010
0001110000101000010101000100010010101100111001100100011
0001110000101000010101000100010010101100111001100100111
0001110000101000010101000100010010101100111001100101111
0001110000101000100100101000100100101010110101010100011
0001110000101000100100101000100100101010110101010100111
0001110000101000100101001000010100101010110101010100011
0001110000101000100101001000010100101010110101010100111
0001110000101000100110000011000010100111010000000000101
0001110000101000100110000101000001100111010000000000101
0001110000101001000100100100100100010101000111001100100
0001110000101001000100100100100100011001001010011100100
0001110000101001000100100100100100011100001101010101111
0001110000101001000100100100100100100101100111001100100
0001110000101001000100100100100100101001101010011100100
0001110000101001000100100100100100101100101101010101111
0001110000101001000100101000100010010011001011001100100
0001110000101001000100101000100010010110011001010101111
0001110000101001000100101000100010011010001101100101111
0001110000101001000100101000100010100011101011001100100
0001110000101001000100101000100010100110111001010101111
0001110000101001000100101000100010101010101101100101111
0001110000101001000100110000101000100010100100010100001
0001110000101001000100110000101000100100101000100001110
0001110000101001000100110000101000100100101000100110110
0001110000101001000100110000101000100110101100110001101
0001110000101001000100110000101000100110101100110010001
0001110000101001000100110000101000100110101100110100101
0001110000101001000100110000101000100110101100110100111
0001110000101001000101000100010100010011001011001100100
0001110000101001000101000100010100010110011001010101111
0001110000101001000101000100010100011010001101100101111
0001110000101001000101000100010100100011101011001100100
0001110000101001000101000100010100100110111001010101111
0001110000101001000101000100010100101010101101100101111
0001110000101001000101001000010010010101000111001100100
0001110000101001000101001000010010011001001010011100100
0001110000101001000101001000010010011100001101010101111
0001110000101001000101001000010010100101100111001100100
0001110000101001000101001000010010101001101010011100100
0001110000101001000101001000010010101100101101010101111
0001110000101001000101010000011000100010100100010100001
0001110000101001000101010000011000100100101000100001110
0001110000101001000101010000011000100100101000100110110
0001110000101001000101010000011000100110101100110001101
0001110000101001000101010000011000100110101100110010001
0001110000101001000101010000011000100110101100110100101
0001110000101001000101010000011000100110101100110100111
0001110000101001000110000101000100001111100000001100100
0001110000101001000110000101000100101110000010000100100
0001110000101001000110000101000100111110100011110101111
0001110000101001000110001001000010001111100000001100100
0001110000101001000110001001000010101110000010000100100
0001110000101001000110001001000010111110100011110101111
0001110000101100000101100001010000100111110111101100100
0001110000101100000101100001010000101010110101010100001
0001110000101100000101100001010000101011101111101100100
0001110000101100000101100001010000101100111001100001110
0001110000101100000101100001010000101100111001100110110
0001110000101100000101100001010000101110111101110010001
0001110000101100000101100001010000101110111101110100111
0001110000101100000110100000110000100111110111101100100
0001110000101100000110100000110000101010110101010100001
0001110000101100000110100000110000101011101111101100100
0001110000101100000110100000110000101100111001100001110
0001110000101100000110100000110000101100111001100110110
0001110000101100000110100000110000101110111101110010001
0001110000101100000110100000110000101110111101110100111
0001110000110000000000011101110000101001100110101100100
0001110000110000000000011101110000101001101010011100100
0001110000110000000000011101110000101100101101010101111
0001110000110000000000011101110000101100110100110101111
0001110000110000000000011110001110101000100100100101111
0001110000110000000000011110001110101000101000010101111
0001110000110000000000011111110000100110100110101000101
0001110000110000000000011111110000100110101010011000101
0001110000110000000000011111110000101001100110101100100
0001110000110000000000011111110000101001101010011100100
0001110000110000000011100010001110101001100110101100100
0001110000110000000011100010001110101001101010011100100
0001110000110000000011100010001110101100101101010101111
0001110000110000000011100010001110101100110100110101111
0001110000110000000011110001110000101110110111101111101
0001110000110000000011110001110000101110111011011111101
0001110000110000000100000010001110101000100100100100100
0001110000110000000100000010001110101000101000010100100
0001110000110000000100010000000111100100100010010000101
0001110000110000000100010000000111100100100100001000101
0001110001101000010100100100100010101100111001100100011
0001110001101000010101000100010010101100111001100100011
0001110010101000010100100100100010101100111001100100011
0001110010101000010100100100100010101100111001100100101
0001110010101000010101000100010010101100111001100100011
0001110010101000010101000100010010101100111001100100101
0001110010101000100100101000100100101010110101010100011
0001110010101000100101001000010100101010110101010100011
0001110010101001000100110000101000100100101000100011010
0001110010101001000101010000011000100100101000100011010
0001110010101100000101100001010000101101111011101010000
0001110010101100000110100000110000101101111011101010000
0001110100101000001100100010100001101000110001000110100
0001110100101000001101000010010001101000110001000110100
0001110100101000010100100100100010101000110001000100011
0001110100101000010101000100010010101000110001000100011
0001110100101000100100101000100100101010110101010010011
0001110100101000100100101000100100101010110101010100111
0001110100101000100101001000010100101010110101010010011
0001110100101000100101001000010100101010110101010100111
0001110100101001000100110000101000100110101100110001010
0001110100101001000100110000101000100110101100110001111
0001110100101001000101010000011000100110101100110001010
0001110100101001000101010000011000100110101100110001111
0001111000100100010100010100010010000001101001100100101
0001111000100100010100100100001010000001101001100100101
0001111000101000010100100100100010100100101000100000011
0001111000101000010100100100100010101100111001100101010
0001111000101000010100100100100010101100111001100101011
0001111000101000010100100100100010101100111001100110011
0001111000101000010100100100100010101100111001100110101
0001111000101000010101000100010010100100101000100000011
0001111000101000010101000100010010101100111001100101010
0001111000101000010101000100010010101100111001100101011
0001111000101000010101000100010010101100111001100110011
0001111000101000010101000100010010101100111001100110101
0001111000101000100100101000100100100010100100010000101
0001111000101000100100101000100100101010110101010110011
0001111000101000100101001000010100100010100100010000101
0001111000101000100101001000010100101010110101010110011
0001111000101001000100110000101000100110101100110101010
0001111000101001000101010000011000100110101100110101010
0001111000101100000101100001010000101101111011101110100
0001111000101100000101100001010000101110111101110101010
0001111000101100000101100001010000101110111101110110101
0001111000101100000110010001010000111110101011101101100
0001111000101100000110010001010000111110101101110110101
0001111000101100000110100000110000101101111011101110100
0001111000101100000110100000110000101110111101110101010
0001111000101100000110100000110000101110111101110110101
0001111000101100000110100001001000111110101011101101100
0001111000101100000110100001001000111110101101110110101
0010000000000000000000000011110000101000100100100100100
0010000000000000000000000011110000101000101000010100100
0010000000000000000000000011110000101100101101010100100
0010000000000000000000000011110000101100110100110100100
0010000000000000000000010001110000100100100010010000101
0010000000000000000000010001110000100100100100001000101
0010000000000000000100000001110000100100100010010000101
0010000000000000000100000001110000100100100100001000101
0010000000000000000100000001110001101100101101010100100
0010000000000000000100000001110001101100110100110100100
0010000000000000000100000011110001101100101101010100100
0010000000000000000100000011110001101100110100110100100
0010000000000000001100000001110000101000100100100100100
0010000000000000001100000001110000101000101000010100100
0010000000000000001100000001110000101100101101010100100
0010000000000000001100000001110000101100110100110100100
0010000000000000001100000001110001101100101101010100100
0010000000000000001100000001110001101100110100110100100
0010000000000000001100000011110001101100101101010100100
0010000000000000001100000011110001101100110100110100100
0010000000000000111110000001000111111000101001001010101
0010000000000000111110000001000111111000101001010001101
0010000000000000111110000001111000111000101001001010101
0010000000000000111110000001111000111000101001010001101
0010000000000000111110000001111000111000101101011101101
0010000000000000111110000001111000111000101101101011101
0010000000000001000100000001110000100100100010010000101
0010000000000001000100000001110000100100100100001000101
0010000000000001000100000001110000100110100110101000101
0010000000000001000100000001110000100110101010011000101
0010000000000001000100000001110000101100110011010111101
0010000000000001000100000001110000101100110101001111101
0010000000000001000100010001111000100100100010010111101
0010000000000001000100010001111000100100100100001111101
0010000000000111000110000001111000000111101001001010101
0010000000000111000110000001111000000111101001010001101
0010000000001000000001110000000111111000101101011101101
0010000000001000000001110000000111111000101101101011101
0010000000001000000100000000000111111000101001001010101
0010000000001000000100000000000111111000101001010001101
0010000000001000000100000001000111111000101001001010101
0010000000001000000100000001000111111000101001010001101
0010000000001000000100000001111000000111101001001010101
0010000000001000000100000001111000000111101001010001101
0010000000001000000100000001111000111000101001001010101
0010000000001000000100000001111000111000101001010001101
0010000000001000000100000001111000111000101101011101101
0010000000001000000100000001111000111000101101101011101
0010000000010000001000000011110000101000100100100100100
0010000000010000001000000011110000101000101000010100100
0010000000010000001000000011110000101100101101010100100
0010000000010000001000000011110000101100110100110100100
0010000000010000001000000011110001101100101101010100100
0010000000010000001000000011110001101100110100110100100
0010000000011000000010000000000111111000101001001010101
0010000000011000000010000000000111111000101001010001101
0010000000011000000010000000111000000111101001001010101
0010000000011000000010000000111000000111101001010001101
0010000000011000000010000000111000111000101101011101101
0010000000011000000010000000111000111000101101101011101
0010000000100000000000000011110000101000100100100100100
0010000000100000000000000011110000101000101000010100100
0010000000100000000000000011110000101100101101010100100
0010000000100000000000000011110000101100110100110100100
0010000000100000000000010001110000100100100010010000101
0010000000100000000000010001110000100100100100001000101
0010000000100000000000010001110000100110100110101000101
0010000000100000000000010001110000100110101010011000101
0010000000100000000000010001110000101100110011010111101
0010000000100000000000010001110000101100110101001111101
0010000000100000000000011100001110101000100100100101111
0010000000100000000000011100001110101000101000010101111
0010000000100000000000011101110000101000100100100101111
0010000000100000000000011101110000101000101000010101111
0010000000100000000000011101110000101100101101010101111
0010000000100000000000011101110000101100110100110101111
0010000000100000000000011111110000101100101101010101111
0010000000100000000000011111110000101100110011010111101
0010000000100000000000011111110000101100110100110101111
0010000000100000000000011111110000101100110101001111101
0010000000100000000010000000000111111000101001001010101
0010000000100000000010000000000111111000101001010001101
0010000000100000000010000001000000111000101001001010101
0010000000100000000010000001000000111000101001010001101
0010000000100000000010000001000000111000101101011101101
0010000000100000000010000001000000111000101101101011101
0010000000100000000011100000001110101100101101010101111
0010000000100000000011100000001110101100110100110101111
0010000000100000000011110001110000101110110111101111101
0010000000100000000011110001110000101110111011011111101
0010000000100000000100000011110000101000100100100100100
0010000000100000000100000011110000101000101000010100100
0010000000100000000100000011110000101100101101010100100
0010000000100000000100000011110000101100110100110100100
0010000000100000000100000011110001101100101101010100100
0010000000100000000100000011110001101100110100110100100
0010000000100000000100001111111000101100110011010111101
0010000000100000000100001111111000101100110101001111101
0010000000100000000100001111111000111000101101011101101
0010000000100000000100001111111000111000101101101011101
0010000000100000000100010001110000100100100010010000101
0010000000100000000100010001110000100100100100001000101
0010000000100000000100010001110000100110100110101000101
0010000000100000000100010001110000100110101010011000101
0010000000100000000100010001110000101100110011010111101
0010000000100000000100010001110000101100110101001111101
0010000000100000000110000000000111111000101001001010101
0010000000100000000110000000000111111000101001010001101
0010000000100000000111100001111000101100110011010111101
0010000000100000000111100001111000101100110101001111101
0010000000100000000111100001111000101110110111101111101
0010000000100000000111100001111000101110111011011111101
0010000000100000001000011101110000101000100100100100100
0010000000100000001000011101110000101000101000010100100
0010000000100000001000011101110000101100101101010101111
0010000000100000001000011101110000101100110100110101111
0010000000100000001011100000001110101000100100100100100
0010000000100000001011100000001110101000101000010100100
0010000000100000001011100001110000101100101101010100100
0010000000100000001011100001110000101100110100110100100
0010000000100001000000001111110000100100100010010000101
0010000000100001000000001111110000100100100100001000101
0010000000100001000000001111110000101100110011010111101
0010000000100001000000001111110000101100110101001111101
0010000000100001000011100001110000100110100110101000101
0010000000100001000011100001110000100110101010011000101
0010000000100001000011100001110000101100110011010111101
0010000000100001000011100001110000101100110101001111101
0010000000100001000011100001110000101110110111101111101
0010000000100001000011100001110000101110111011011111101
0010000000100001000100010001110000100100100010010000101
0010000000100001000100010001110000100100100100001000101
0010000000100001000100010001111000100100100010010111101
0010000000100001000100010001111000100100100100001111101
0010000000110000000000001111111000101100110011010111101
0010000000110000000000001111111000101100110101001111101
0010000000110000000000001111111000111000101101011101101
0010000000110000000000001111111000111000101101101011101
0010000000110000000000011101110000101000100100100101111
0010000000110000000000011101110000101000101000010101111
0010000000110000000010001111111000111000101001001010101
0010000000110000000010001111111000111000101001010001101
0010000000110000000011100000001110101000100100100101111
0010000000110000000011100000001110101000101000010101111
0010000000110000000011100001110000101100101101010101111
0010000000110000000011100001110000101100110011010111101
0010000000110000000011100001110000101100110100110101111
0010000000110000000011100001110000101100110101001111101
0010000000110000000011100001111000101100110011010111101
0010000000110000000011100001111000101100110101001111101
0010000000110000000011100001111000101110110111101111101
0010000000110000000011100001111000101110111011011111101
0010000000110000000011110001000111111000101001001010101
0010000000110000000011110001000111111000101001010001101
0010000000110000000011110001000111111000101101011101101
0010000000110000000011110001000111111000101101101011101
0010000000110000000011110001111000101100110011010111101
0010000000110000000011110001111000101100110101001111101
0010000000110000000011110001111000111000101101011101101
0010000000110000000011110001111000111000101101101011101
0010000000110000000100000011110001101000100100100100100
0010000000110000000100000011110001101000101000010100100
0010000000110000000100000011110001101100101101010100100
0010000000110000000100000011110001101100110100110100100
0010000000110000000100000011111110101100101101010101111
0010000000110000000100000011111110101100110100110101111
0010000000110000000110000001000111111000101001001010101
0010000000110000000110000001000111111000101001010001101
0010000000110000000110000001111000000111101001001010101
0010000000110000000110000001111000000111101001010001101
0010000000110000000110000001111000111000101001001010101
0010000000110000000110000001111000111000101001010001101
0010000000110000000110000001111000111000101101011101101
0010000000110000000110000001111000111000101101101011101
0010000001000000001100000001110000101000100100100100100
0010000001000000001100000001110000101000101000010100100
0010000001000000001100000001110000101100101101010100100
0010000001000000001100000001110000101100110100110100100
0010000001000000001100000001110001101100101101010100100
0010000001000000001100000001110001101100110100110100100
0010000001100000001000011101110000101000100100100100100
0010000001100000001000011101110000101000101000010100100
0010000001100000001011100000001110101000100100100100100
0010000001100000001011100000001110101000101000010100100
0010000001100000001011100001110000101100101101010100100
0010000001100000001011100001110000101100110100110100100
0010000001110000000000011101110000101100101101010101111
0010000001110000000000011101110000101100110100110101111
0010000001110000000011100000001110101100101101010101111
0010000001110000000011100000001110101100110100110101111
0010000111000000111110000001111000111000101001001010101
0010000111000000111110000001111000111000101001010001101
0010000111000111000110000001111000000111101001001010101
0010000111000111000110000001111000000111101001010001101
0010000111110001000011100001110000101100110011010111101
0010000111110001000011100001110000101100110101001111101
0010001000110000000011100000000111100100100010010000101
0010001000110000000011100000000111100100100100001000101
0010001000110000000011100001110000101110110111101111101
0010001000110000000011100001110000101110111011011111101
0010001000110001000000011111111000100100100010010111101
0010001000110001000000011111111000100100100100001111101
0010001000110001000011110000001111100100100010010111101
0010001000110001000011110000001111100100100100001111101
0010001000110001000011110001111000100110100110101111101
0010001000110001000011110001111000100110101010011111101
0010001110110000001011100001110000101100101101010101111
0010001110110000001011100001110000101100110100110101111
0010111000000000111110000001000111111000101001001010101
0010111000000000111110000001000111111000101001010001101
0010111000000000111110000001111000111000101101011101101
0010111000000000111110000001111000111000101101101011101
0011000000001000000100000000000111111000101001001010101
0011000000001000000100000000000111111000101001010001101
0011000000001000000100000000111000000111101001001010101
0011000000001000000100000000111000000111101001010001101
0011000000001000000100000000111000111000101101011101101
0011000000001000000100000000111000111000101101101011101
0011000000010000000000000001111000111000101001001010101
0011000000010000000000000001111000111000101001010001101
0011000000100000000100001111111000111000101001001010101
0011000000100000000100001111111000111000101001010001101
0011000000100000000101110001000111000111101001001010101
0011000000100000000101110001000111000111101001010001101
0011000000100000000101110001000111111000101001001010101
0011000000100000000101110001000111111000101001010001101
0011000000100000000101110001000111111000101101011101101
0011000000100000000101110001000111111000101101101011101
0011000000100000000101110001111000000111101001001010101
0011000000100000000101110001111000000111101001010001101
0011000000100000000101110001111000000111101101011101101
0011000000100000000101110001111000000111101101101011101
0011000000100000000101110001111000111000101101011101101
0011000000100000000101110001111000111000101101101011101
0011000000101000000000001110111000111000101001001010101
0011000000101000000000001110111000111000101001010001101
0011000000101000000001110000000111000111101001001010101
0011000000101000000001110000000111000111101001010001101
0011000000101000000001110000000111111000101101011101101
0011000000101000000001110000000111111000101101101011101
0011000000101000000001110000111000000111101101011101101
0011000000101000000001110000111000000111101101101011101
0011100000000000011000000101011000101100101001000100001
0011100000000000011000000101011000110100011001000100001
0011100000000000111000110001001100101001010100000111101
0011100000000000111000110001001100101010010010000111101
0011100000000011100000000111011000101100101001010110101
0011100000000011100000000111011000110100011001010110101
0011100000100000001000000111010010100110010101000100001
0011100000100000001000000111010010101010001101000100001
0011100000100000001000000111011000101100101001010110101
0011100000100000001000000111011000110100011001010110101
0011100000100000001000100011001000100010001000000100100
0011100000100000001000100011001000100100000100000100100
0011100000100000001000100011001100100110010100000100100
0011100000100000001000100011001100101010001100000100100
0011100000100000001000100011011000110010101001110100100
0011100000100000001000100011011000110100100101110100100
0011100000100000001000111001010000100100010001010110100
0011100000100000001000111001010000100100010001010110101
0011100000100000001000111001010000101000001001010110100
0011100000100000001000111001010000101000001001010110101
0011100000100000001111000101011010101110101101000100001
0011100000100000001111000101011010110110011101000100001
0011100000100000001111100001011100110110110101110100100
0011100000100000001111100001011100111010101101110100100
0011100000100000010000000111010000100100010001000100000
0011100000100000010000000111010000101000001001000100000
0011100000100000010000000111011000101100101001000100000
0011100000100000010000000111011000110100011001000100000
0011100000100000010000111001010000100100010001000100001
0011100000100000010000111001010000100100010001010110101
0011100000100000010000111001010000101000001001000100001
0011100000100000010000111001010000101000001001010110101
0011100000100000010000111001010001100101010011010110101
0011100000100000010000111001010001101001001011010110101
0011100000100000010000111001010010100110010101000100001
0011100000100000010000111001010010100110010101001101011
0011100000100000010000111001010010101010001101000100001
0011100000100000010000111001010010101010001101001101011
0011100000100000010000111001011000101100101001010110101
0011100000100000010000111001011000101100101001011111111
0011100000100000010000111001011000110100011001010110101
0011100000100000010000111001011000110100011001011111111
0011100000100000010000111101010001100101010011000100000
0011100000100000010000111101010001101001001011000100000
0011100000100000010000111101011000101100101001001101010
0011100000100000010000111101011000110100011001001101010
0011100000100000010111000101011001101101101011000100000
0011100000100000010111000101011001110101011011000100000
0011100000100001000000110001000100100001000101000111101
0011100000100001000000110001000100100010000011000111101
0011100000100001000111100001011100111001110100111111101
0011100000100001000111100001011100111010110010111111101
0011100000100010000000011101001000100010001000000101111
0011100000100010000000011101001000100100000100000101111
0011100000100010000000100011001000100010001000001100100
0011100000100010000000100011001000100100000100001100100
0011100000100010000000100011001100100110010100001100100
0011100000100010000000100011001100101010001100001100100
0011100000100010000000100011011000110010101001111100100
0011100000100010000000100011011000110100100101111100100
0011100010100000011000111101011000101100101001001101010
0011100010100000011000111101011000110100011001001101010
0011110000001110000100010001111000101110110111101111101
0011110000001110000100010001111000101110111011011111101
0011110000011100000000110001011100111001110101111111101
0011110000011100000000110001011100111010110011111111101
0100000000000000000000000011010000100100010001010110101
0100000000000000000000000011010000101000001001010110101
0100000000000000000000000011011000101100101001010110101
0100000000000000000000000011011000110100011001010110101
0100000000000000000000000101011000101100101001010110101
0100000000000000000000000101011000110100011001010110101
0100000000000000000000000111011000101100101001010110101
0100000000000000000000000111011000110100011001010110101
0100000000000000000000001111000000111000101001001010101
0100000000000000000000001111000000111000101001010001101
0100000000000000000000011101011000110010101001110101111
0100000000000000000000011101011000110100100101110101111
0100000000000000000000100001001000100010001000001100100
0100000000000000000000100001001000100100000100001100100
0100000000000000000000100011001000100010001000001100100
0100000000000000000000100011001000100100000100001100100
0100000000000000000000101111000100100001000101000000101
0100000000000000000000101111000100100010000011000000101
0100000000000000000000111001010000100100010001010110101
0100000000000000000000111001010000101000001001010110101
0100000000000000000001110001000000000111101001001010101
0100000000000000000001110001000000000111101001010001101
0100000000000000000001110001000000111000101101011101101
0100000000000000000001110001000000111000101101101011101
0100000000000000000010000000000000111000101001001010101
0100000000000000000010000000000000111000101001010001101
0100000000000000000010000000000000111000101101011101101
0100000000000000000010000000000000111000101101101011101
0100000000000000000010000001000000111000101001001010101
0100000000000000000010000001000000111000101001010001101
0100000000000000000010000001000000111000101101011101101
0100000000000000000010000001000000111000101101101011101
0100000000000000000011100000000001101000100100100100100
0100000000000000000011100000000001101000101000010100100
0100000000000000000011100000000001101100101101010100100
0100000000000000000011100000000001101100110100110100100
0100000000000000000011100000001000100100100010010000101
0100000000000000000011100000001000100100100100001000101
0100000000000000000100000000001110101000100100100101111
0100000000000000000100000000001110101000101000010101111
0100000000000000000100000001000000111000101001001010101
0100000000000000000100000001000000111000101001010001101
0100000000000000000100000001000000111000101101011101101
0100000000000000000100000001000000111000101101101011101
0100000000000000000100000001110000100100100010010000101
0100000000000000000100000001110000100100100100001000101
0100000000000000000100000001110000101100101101010101111
0100000000000000000100000001110000101100110011010111101
0100000000000000000100000001110000101100110100110101111
0100000000000000000100000001110000101100110101001111101
0100000000000000000100000011110000101000100100100100100
0100000000000000000100000011110000101000101000010100100
0100000000000000000100000011110000101100101101010100100
0100000000000000000100000011110000101100110100110100100
0100000000000000000100010001110000101100110011010111101
0100000000000000000100010001110000101100110101001111101
0100000000000000000100011100001110101000100100100101111
0100000000000000000100011100001110101000101000010101111
0100000000000000000100011101110000101000100100100101111
0100000000000000000100011101110000101000101000010101111
0100000000000000000100011101110000101100101101010101111
0100000000000000000100011101110000101100110100110101111
0100000000000000000110000000000111111000101001001010101
0100000000000000000110000000000111111000101001010001101
0100000000000000000110000001000000111000101001001010101
0100000000000000000110000001000000111000101001010001101
0100000000000000000110000001000000111000101101011101101
0100000000000000000110000001000000111000101101101011101
0100000000000000000111000001001100101001010100000111101
0100000000000000000111000001001100101010010010000111101
0100000000000000000111000001010000100100010001010110101
0100000000000000000111000001010000101000001001010110101
0100000000000000000111000001010010100110010101000100001
0100000000000000000111000001010010101010001101000100001
0100000000000000000111000001011000101100101001010110101
0100000000000000000111000001011000110010101001110101111
0100000000000000000111000001011000110100011001010110101
0100000000000000000111000001011000110100100101110101111
0100000000000000000111000001011100110110110101110101111
0100000000000000000111000001011100111010101101110101111
0100000000000000000111000101010010100110010101000100001
0100000000000000000111000101010010101010001101000100001
0100000000000000000111000101011000101100101001000100001
0100000000000000000111000101011000110100011001000100001
0100000000000000000111100000001110101100101101010101111
0100000000000000000111100000001110101100110100110101111
0100000000000000000111100001000110100011001011000000101
0100000000000000000111100001000110100101000111000000101
0100000000000000000111100001001100101001010101000111101
0100000000000000000111100001001100101010010011000111101
0100000000000000000111100001010100110001100100111000101
0100000000000000000111100001010100110001100101111000101
0100000000000000000111100001010100110010100010111000101
0100000000000000000111100001010100110010100011111000101
0100000000000000000111100001110000100110100110101000101
0100000000000000000111100001110000100110101010011000101
0100000000000000000111100001110000101001100110101100100
0100000000000000000111100001110000101001101010011100100
0100000000000000001000000111011000101100101001010110101
0100000000000000001000000111011000110100011001010110101
0100000000000000001000111001010000100100010001010110100
0100000000000000001000111001010000100100010001010110101
0100000000000000001000111001010000101000001001010110100
0100000000000000001000111001010000101000001001010110101
0100000000000000001011100000000001101000100100100100100
0100000000000000001011100000000001101000101000010100100
0100000000000000001011100000000001101100101101010100100
0100000000000000001011100000000001101100110100110100100
0100000000000000001100000011110000101000100100100100100
0100000000000000001100000011110000101000101000010100100
0100000000000000001100000011110000101100101101010100100
0100000000000000001100000011110000101100110100110100100
0100000000000000001100011101110000101000100100100100100
0100000000000000001100011101110000101000101000010100100
0100000000000000001111000001001000100010001000000100100
0100000000000000001111000001001000100100000100000100100
0100000000000000001111000001010000100100010001010110101
0100000000000000001111000001010000101000001001010110101
0100000000000000001111000001010010100110010101000100001
0100000000000000001111000001010010101010001101000100001
0100000000000000001111000001011000101100101001000100000
0100000000000000001111000001011000101100101001010110100
0100000000000000001111000001011000101100101001010110101
0100000000000000001111000001011000110010101001110100100
0100000000000000001111000001011000110100011001000100000
0100000000000000001111000001011000110100011001010110100
0100000000000000001111000001011000110100011001010110101
0100000000000000001111000001011000110100100101110100100
0100000000000000001111000001011100110110110101110101111
0100000000000000001111000001011100111010101101110101111
0100000000000000001111000101010010100110010101000100001
0100000000000000001111000101010010101010001101000100001
0100000000000000001111000101011000101100101001000100000
0100000000000000001111000101011000110100011001000100000
0100000000000000001111100001011000110010101001110100100
0100000000000000001111100001011000110100100101110100100
0100000000000000001111100001110000101100101101010100100
0100000000000000001111100001110000101100110100110100100
0100000000000000010000000011011000101100101001010110101
0100000000000000010000000011011000110100011001010110101
0100000000000000010000111001010000100100010001010110101
0100000000000000010000111001010000101000001001010110101
0100000000000000010000111101010000100100010001001101010
0100000000000000010000111101010000101000001001001101010
0100000000000000010111000001010000100100010001000100001
0100000000000000010111000001010000101000001001000100001
0100000000000000010111000001010010100110010101000100001
0100000000000000010111000001010010101010001101000100001
0100000000000000010111000001011000101100101001010110101
0100000000000000010111000001011000110100011001010110101
0100000000000000010111000101010001100101010011000100000
0100000000000000010111000101010001101001001011000100000
0100000000000000010111000101011000101100101001000100001
0100000000000000010111000101011000101100101001001101010
0100000000000000010111000101011000110100011001000100001
0100000000000000010111000101011000110100011001001101010
0100000000000000011000111001010000100100010001010110101
0100000000000000011000111001010000101000001001010110101
0100000000000000011111000001010010100110010101000100001
0100000000000000011111000001010010101010001101000100001
0100000000000000011111000001011000101100101001010110101
0100000000000000011111000001011000110100011001010110101
0100000000000000011111000101011000101100101001000100000
0100000000000000011111000101011000110100011001000100000
0100000000000000111011100000001000100100100010010000101
0100000000000000111011100000001000100100100100001000101
0100000000000001000000001111000100100001000100000000101
0100000000000001000000001111000100100010000010000000101
0100000000000001000000110001000100100001000101000111101
0100000000000001000000110001000100100010000011000111101
0100000000000001000100000001110000100110100110101000101
0100000000000001000100000001110000100110101010011000101
0100000000000001000100000001110000101100110011010111101
0100000000000001000100000001110000101100110101001111101
0100000000000001000111000001000110100011001010000000101
0100000000000001000111000001000110100101000110000000101
0100000000000001000111000001001100101001010100000111101
0100000000000001000111000001001100101010010010000111101
0100000000000001000111000001010100110001100100111000101
0100000000000001000111000001010100110010100010111000101
0100000000000001000111000001011100111001110100111111101
0100000000000001000111000001011100111010110010111111101
0100000000000001000111100001010100110001100100111000101
0100000000000001000111100001010100110010100010111000101
0100000000000001000111100001110000100110100110101000101
0100000000000001000111100001110000100110101010011000101
0100000000000001000111100001110000101100110011010111101
0100000000000001000111100001110000101100110101001111101
0100000000000001110011100000000001101000100100100100100
0100000000000001110011100000000001101000101000010100100
0100000000000001110100011101110000101000100100100101111
0100000000000001110100011101110000101000101000010101111
0100000000000001110111100001110000101001100110101100100
0100000000000001110111100001110000101001101010011100100
0100000000000001110111100001110000101100101101010101111
0100000000000001110111100001110000101100110100110101111
0100000000000010000000000011001000100010001000001100100
0100000000000010000000000011001000100100000100001100100
0100000000000010000000100011001000100010001000001100100
0100000000000010000000100011001000100100000100001100100
0100000000000010000111000001000100100001000100000000101
0100000000000010000111000001000100100001000101000000101
0100000000000010000111000001000100100010000010000000101
0100000000000010000111000001000100100010000011000000101
0100000000000010000111000001000110100011001010000000101
0100000000000010000111000001000110100101000110000000101
0100000000000010000111000001001000100010001000001100100
0100000000000010000111000001001000100100000100001100100
0100000000000010000111000001001001100011001010000100100
0100000000000010000111000001001001100101000110000100100
0100000000000010000111000001011000110010101001110101111
0100000000000010000111000001011000110100100101110101111
0100000000000010000111000001011100110110110101111101111
0100000000000010000111000001011100111010101101111101111
0100000000000010000111100001010100110001100101111000101
0100000000000010000111100001010100110010100011111000101
0100000000000010000111100001011000110010101001111100100
0100000000000010000111100001011000110100100101111100100
0100000000000010001111000001001000100010001000000100100
0100000000000010001111000001001000100010001000001100100
0100000000000010001111000001001000100100000100000100100
0100000000000010001111000001001000100100000100001100100
0100000000000010001111100001011000110010101001111100100
0100000000000010001111100001011000110100100101111100100
0100000000000011000111000001010100110001100100111000101
0100000000000011000111000001010100110010100010111000101
0100000000000011100000111101010000100100010001011111111
0100000000000011100000111101010000101000001001011111111
0100000000000011100111000101010010100110010101000100001
0100000000000011100111000101010010101010001101000100001
0100000000000011100111000101011000101100101001010110101
0100000000000011100111000101011000110100011001010110101
0100000000001000000000001111000000111000101001001010101
0100000000001000000000001111000000111000101001010001101
0100000000001000000001110001000000000111101001001010101
0100000000001000000001110001000000000111101001010001101
0100000000001000000001110001000000111000101001001010101
0100000000001000000001110001000000111000101001010001101
0100000000001000000001110001000000111000101101011101101
0100000000001000000001110001000000111000101101101011101
0100000000001000000100000000000111111000101001001010101
0100000000001000000100000000000111111000101001010001101
0100000000001000000100001110000111111000101001001010101
0100000000001000000100001110000111111000101001010001101
0100000000001000000101110000000111111000101101011101101
0100000000001000000101110000000111111000101101101011101
0100000000001000000110000000000111111000101001001010101
0100000000001000000110000000000111111000101001010001101
0100000000001000000110000000111000000111101001001010101
0100000000001000000110000000111000000111101001010001101
0100000000001000000110000000111000111000101001001010101
0100000000001000000110000000111000111000101001010001101
0100000000001000000110000000111000111000101101011101101
0100000000001000000110000000111000111000101101101011101
0100000000001110000100011100001110101000100100100101111
0100000000001110000100011100001110101000101000010101111
0100000000001110000111100000001110101001100110101100100
0100000000001110000111100000001110101001101010011100100
0100000000010000000000000011110000101000100100100100100
0100000000010000000000000011110000101000101000010100100
0100000000010000000000000011110000101100101101010100100
0100000000010000000000000011110000101100110100110100100
0100000000010000000000010001110000100100100010010000101
0100000000010000000000010001110000100100100100001000101
0100000000010000000000011100001110101000100100100101111
0100000000010000000000011100001110101000101000010101111
0100000000010000000000011101110000101000100100100101111
0100000000010000000000011101110000101000101000010101111
0100000000010000000000011101110000101100101101010101111
0100000000010000000000011101110000101100110100110101111
0100000000010000000010000001000000111000101001001010101
0100000000010000000010000001000000111000101001010001101
0100000000010000000010000001000000111000101101011101101
0100000000010000000010000001000000111000101101101011101
0100000000010000000011100000001110101100101101010101111
0100000000010000000011100000001110101100110100110101111
0100000000010000000100000011110000101000100100100100100
0100000000010000000100000011110000101000101000010100100
0100000000010000000100000011110000101100101101010100100
0100000000010000000100000011110000101100110100110100100
0100000000010000000100000011110001101100101101010100100
0100000000010000000100000011110001101100110100110100100
0100000000010000000100010001110000100100100010010000101
0100000000010000000100010001110000100100100100001000101
0100000000010000000100010001110000100110100110101000101
0100000000010000000100010001110000100110101010011000101
0100000000010000000100010001110000101100110011010111101
0100000000010000000100010001110000101100110101001111101
0100000000010000000110000000000111111000101001001010101
0100000000010000000110000000000111111000101001010001101
0100000000010000000111100001111000101100110011010111101
0100000000010000000111100001111000101100110101001111101
0100000000010000001000011101110000101000100100100100100
0100000000010000001000011101110000101000101000010100100
0100000000010000001011100000001110101000100100100100100
0100000000010000001011100000001110101000101000010100100
0100000000010000001011100001110000101100101101010100100
0100000000010000001011100001110000101100110100110100100
0100000000010001000000001111110000101100110011010111101
0100000000010001000000001111110000101100110101001111101
0100000000010001000011100001110000101100110011010111101
0100000000010001000011100001110000101100110101001111101
0100000000010001000011100001110000101110110111101111101
0100000000010001000011100001110000101110111011011111101
0100000000011100000111000101011010101110101101000100001
0100000000011100000111000101011010110110011101000100001
0100000000011100000111100001011100110110110101110101111
0100000000011100000111100001011100111010101101110101111
0100000000100000001000111011010000100100010001010110100
0100000000100000001000111011010000101000001001010110100
0100000000100000001000111101010000100100010001010110101
0100000000100000001000111101010000101000001001010110101
0100000000100000001100011101110000101000100100100100100
0100000000100000001100011101110000101000101000010100100
0100000000100000001100011101110000101100101101010101111
0100000000100000001100011101110000101100110100110101111
0100000000100000001111000011011000101100101001010110100
0100000000100000001111000011011000110010101001110100100
0100000000100000001111000011011000110100011001010110100
0100000000100000001111000011011000110100100101110100100
0100000000100000001111000101010000100100010001000100000
0100000000100000001111000101010000101000001001000100000
0100000000100000001111000101010010100110010101000100001
0100000000100000001111000101010010101010001101000100001
0100000000100000001111000101011000101100101001000100000
0100000000100000001111000101011000101100101001010110101
0100000000100000001111000101011000110100011001000100000
0100000000100000001111000101011000110100011001010110101
0100000000100000001111100001001000100010001000000100100
0100000000100000001111100001001000100010001000001100100
0100000000100000001111100001001000100100000100000100100
0100000000100000001111100001001000100100000100001100100
0100000000100000001111100001011000110010101001110100100
0100000000100000001111100001011000110100100101110100100
0100000000100000001111100001110000101100101101010100100
0100000000100000001111100001110000101100110100110100100
0100000000100000010000111011010000100100010001010110101
0100000000100000010000111011010000101000001001010110101
0100000000100000010000111101010000100100010001001101010
0100000000100000010000111101010000101000001001001101010
0100000000100000010111000011010010100110010101000100001
0100000000100000010111000011010010101010001101000100001
0100000000100000010111000011011000101100101001000100000
0100000000100000010111000011011000101100101001010110101
0100000000100000010111000011011000110100011001000100000
0100000000100000010111000011011000110100011001010110101
0100000000100000010111000101010000100100010001000100001
0100000000100000010111000101010000101000001001000100001
0100000000100000010111000101010001100101010011000100000
0100000000100000010111000101010001101001001011000100000
0100000000100000010111000101011000101100101001000100001
0100000000100000010111000101011000101100101001001101010
0100000000100000010111000101011000110100011001000100001
0100000000100000010111000101011000110100011001001101010
0100000000100000010111000111011000101100101001000100001
0100000000100000010111000111011000110100011001000100001
0100000000100001000100001111110000100100100010010000101
0100000000100001000100001111110000100100100100001000101
0100000000100001000100001111110000101100110011010111101
0100000000100001000100001111110000101100110101001111101
0100000000100001000111100001000100100001000100000000101
0100000000100001000111100001000100100010000010000000101
0100000000100001000111100001010100110001100100111000101
0100000000100001000111100001010100110010100010111000101
0100000000100001000111100001110000100110100110101000101
0100000000100001000111100001110000100110101010011000101
0100000000100001000111100001110000101100110011010111101
0100000000100001000111100001110000101100110101001111101
0100000000100001000111100001110000101110110111101111101
0100000000100001000111100001110000101110111011011111101
0100000000100010000000101111000100100001000101000000101
0100000000100010000000101111000100100010000011000000101
0100000000100010000000111101001000100010001000001100100
0100000000100010000000111101001000100100000100001100100
0100000000100010000111010001010100110001100100111000101
0100000000100010000111010001010100110010100010111000101
0100000000100010000111100001000100100001000101000000101
0100000000100010000111100001000100100010000011000000101
0100000000100010000111100001000110100011001011000000101
0100000000100010000111100001000110100101000111000000101
0100000000100010000111100001001000100010001000001100100
0100000000100010000111100001001000100010001001110101111
0100000000100010000111100001001000100100000100001100100
0100000000100010000111100001001000100100000101110101111
0100000000100010000111100001001100100110010100001100100
0100000000100010000111100001001100101010001100001100100
0100000000100010000111100001010100110001100101111000101
0100000000100010000111100001010100110010100011111000101
0100000000100010000111100001011000110010101001111100100
0100000000100010000111100001011000110100100101111100100
0100000000110000000000011111110000100100100010010000101
0100000000110000000000011111110000100100100100001000101
0100000000110000000000011111110000101000100100100100100
0100000000110000000000011111110000101000101000010100100
0100000000110000000000011111110000101100101101010101111
0100000000110000000000011111110000101100110011010111101
0100000000110000000000011111110000101100110100110101111
0100000000110000000000011111110000101100110101001111101
0100000000110000000011100010001110101000100100100100100
0100000000110000000011100010001110101000101000010100100
0100000000110000000011100011110000101100101101010100100
0100000000110000000011100011110000101100110100110100100
0100000000110000000011110001110000100110100110101000101
0100000000110000000011110001110000100110101010011000101
0100000000110000000011110001110000101100110011010111101
0100000000110000000011110001110000101100110101001111101
0100000000110000000011110001110000101110110111101111101
0100000000110000000011110001110000101110111011011111101
0100000000110000000100001111111000101100110011010111101
0100000000110000000100001111111000101100110101001111101
0100000000110000000100001111111000111000101101011101101
0100000000110000000100001111111000111000101101101011101
0100000000110000000100011100001110101000100100100101111
0100000000110000000100011100001110101000101000010101111
0100000000110000000100011101110000101100101101010101111
0100000000110000000100011101110000101100110100110101111
0100000000110000000110001111000111111000101001001010101
0100000000110000000110001111000111111000101001010001101
0100000000110000000111100000001110101100101101010101111
0100000000110000000111100000001110101100110100110101111
0100000000110000000111100001110000100100100010010000101
0100000000110000000111100001110000100100100100001000101
0100000000110000000111100001111000101100110011010111101
0100000000110000000111100001111000101100110101001111101
0100000000110000000111100001111000101110110111101111101
0100000000110000000111100001111000101110111011011111101
0100000000110000000111110001000111111000101101011101101
0100000000110000000111110001000111111000101101101011101
0100000001000000001000111001010000100100010001010110100
0100000001000000001000111001010000101000001001010110100
0100000001000000001011100000000001101100101101010100100
0100000001000000001011100000000001101100110100110100100
0100000001000000001100000011110000101100101101010100100
0100000001000000001100000011110000101100110100110100100
0100000001000000001100011101110000101000100100100100100
0100000001000000001100011101110000101000101000010100100
0100000001000000001111000001001000100010001000000100100
0100000001000000001111000001001000100100000100000100100
0100000001000000001111000001011000101100101001010110100
0100000001000000001111000001011000110010101001110100100
0100000001000000001111000001011000110100011001010110100
0100000001000000001111000001011000110100100101110100100
0100000001000000001111000101010010100110010101000100001
0100000001000000001111000101010010101010001101000100001
0100000001000000001111100001011000110010101001110100100
0100000001000000001111100001011000110100100101110100100
0100000001000000001111100001110000101100101101010100100
0100000001000000001111100001110000101100110100110100100
0100000001000000010111000011011000101100101001000100000
0100000001000000010111000011011000110100011001000100000
0100000001000000010111000101011000101100101001000100001
0100000001000000010111000101011000110100011001000100001
0100000001000000011000111001010000100100010001010110101
0100000001000000011000111001010000101000001001010110101
0100000001000000011111000001010000100100010001000100000
0100000001000000011111000001010000101000001001000100000
0100000001000000011111000001010010100110010101000100001
0100000001000000011111000001010010101010001101000100001
0100000001000000011111000001011000101100101001000100000
0100000001000000011111000001011000101100101001010110101
0100000001000000011111000001011000110100011001000100000
0100000001000000011111000001011000110100011001010110101
0100000001000000011111000101011000101100101001000100000
0100000001000000011111000101011000110100011001000100000
0100000001000001110011100000000001101000100100100100100
0100000001000001110011100000000001101000101000010100100
0100000001000001110100011101110000101000100100100101111
0100000001000001110100011101110000101000101000010101111
0100000001000001110111100001110000101001100110101100100
0100000001000001110111100001110000101001101010011100100
0100000001000001110111100001110000101100101101010100100
0100000001000001110111100001110000101100110100110100100
0100000001000010001111000001001000100010001000000100100
0100000001000010001111000001001000100100000100000100100
0100000001000010001111100001011000110010101001111100100
0100000001000010001111100001011000110100100101111100100
0100000001000011100111000101010010100110010101000100001
0100000001000011100111000101010010101010001101000100001
0100000001000011100111000101011000101100101001010110101
0100000001000011100111000101011000110100011001010110101
0100000001010000000000011101110000101001100110101100100
0100000001010000000000011101110000101001101010011100100
0100000001010000000000011101110000101100101101010101111
0100000001010000000000011101110000101100110100110101111
0100000001010000001000011101110000101000100100100100100
0100000001010000001000011101110000101000101000010100100
0100000001010000001011100000001110101000100100100100100
0100000001010000001011100000001110101000101000010100100
0100000001010000001011100001110000101100101101010100100
0100000001010000001011100001110000101100110100110100100
0100000001011100000111000101011010101110101101000100001
0100000001011100000111000101011010110110011101000100001
0100000001011100000111100001011100110110110101110100100
0100000001011100000111100001011100111010101101110100100
0100000001100000010000111011010000100100010001010110101
0100000001100000010000111011010000101000001001010110101
0100000001100000010111000011010000100100010001000100000
0100000001100000010111000011010000101000001001000100000
0100000001100000010111000011010010100110010101000100001
0100000001100000010111000011010010101010001101000100001
0100000001100000010111000011011000101100101001010110101
0100000001100000010111000011011000110100011001010110101
0100000001100000010111000101010000100100010001000100000
0100000001100000010111000101010000100100010001000100001
0100000001100000010111000101010000101000001001000100000
0100000001100000010111000101010000101000001001000100001
0100000001100000010111000101011000101100101001000100000
0100000001100000010111000101011000101100101001000100001
0100000001100000010111000101011000110100011001000100000
0100000001100000010111000101011000110100011001000100001
0100000001100000011111000111011000101100101001000100000
0100000001100000011111000111011000110100011001000100000
0100000001100010000000111101001000100010001000001100100
0100000001100010000000111101001000100100000100001100100
0100000001100010000111100001001000100010001000001100100
0100000001100010000111100001001000100100000100001100100
0100000001100010000111100001001100100110010100001100100
0100000001100010000111100001001100101010001100001100100
0100000001100010000111100001011000110010101001111100100
0100000001100010000111100001011000110100100101111100100
0100000001110000000000011111110000101000100100100100100
0100000001110000000000011111110000101000101000010100100
0100000001110000000011100010001110101000100100100100100
0100000001110000000011100010001110101000101000010100100
0100000001110000000011100011110000101100101101010100100
0100000001110000000011100011110000101100110100110100100
0100000001110000000100011101110000101000100100100100100
0100000001110000000100011101110000101000101000010100100
0100000001110000000111100000001110101000100100100100100
0100000001110000000111100000001110101000101000010100100
0100000001110000000111100001110000101000100100100100100
0100000001110000000111100001110000101000101000010100100
0100000001110000000111100001110000101100101101010100100
0100000001110000000111100001110000101100110100110100100
0100000010000000001000111001010000100100010001010110101
0100000010000000001000111001010000101000001001010110101
0100000010000000001111000001010000100100010001000100000
0100000010000000001111000001010000101000001001000100000
0100000010000000001111000001010010100110010101000100001
0100000010000000001111000001010010101010001101000100001
0100000010000000001111000001011000101100101001000100000
0100000010000000001111000001011000101100101001010110101
0100000010000000001111000001011000110100011001000100000
0100000010000000001111000001011000110100011001010110101
0100000010000000010111000001010000100100010001000100001
0100000010000000010111000001010000101000001001000100001
0100000010000000010111000001011000101100101001000100001
0100000010000000010111000001011000110100011001000100001
0100000010000000010111000011011000101100101001000100001
0100000010000000010111000011011000110100011001000100001
0100000010000000010111000101011000101100101001000100001
0100000010000000010111000101011000110100011001000100001
0100000010000000011111000001010000100100010001000100000
0100000010000000011111000001010000101000001001000100000
0100000010000000011111000001011000101100101001000100000
0100000010000000011111000001011000110100011001000100000
0100000010000000011111000101011000101100101001000100000
0100000010000000011111000101011000101100101001000100001
0100000010000000011111000101011000110100011001000100000
0100000010000000011111000101011000110100011001000100001
0100000010100000000000111101010000100100010001001101010
0100000010100000000000111101010000101000001001001101010
0100000010100000000111000011011000101100101001000100000
0100000010100000000111000011011000110100011001000100000
0100000010100000000111000101010000100100010001000100001
0100000010100000000111000101010000101000001001000100001
0100000010100000000111000101010001100101010011000100000
0100000010100000000111000101010001101001001011000100000
0100000010100000000111000101011000101100101001000100001
0100000010100000000111000101011000101100101001001101010
0100000010100000000111000101011000110100011001000100001
0100000010100000000111000101011000110100011001001101010
0100000010100000000111000111011000101100101001000100001
0100000010100000000111000111011000110100011001000100001
0100000010100000001000111011010000100100010001010110101
0100000010100000001000111011010000101000001001010110101
0100000010100000001111000011010010100110010101000100001
0100000010100000001111000011010010101010001101000100001
0100000010100000001111000011011000101100101001010110101
0100000010100000001111000011011000110100011001010110101
0100000010100000001111000101010000100100010001000100000
0100000010100000001111000101010000101000001001000100000
0100000010100000001111000101011000101100101001000100000
0100000010100000001111000101011000101100101001000100001
0100000010100000001111000101011000110100011001000100000
0100000010100000001111000101011000110100011001000100001
0100000011000000011111000101011000101100101001000100000
0100000011000000011111000101011000101100101001000100001
0100000011000000011111000101011000110100011001000100000
0100000011000000011111000101011000110100011001000100001
0100000011100000001111000101010000100100010001000100000
0100000011100000001111000101010000101000001001000100000
0100000011100000001111000101011000101100101001000100000
0100000011100000001111000101011000110100011001000100000
0100000011100000010111000111011000101100101001000100001
0100000011100000010111000111011000110100011001000100001
0100001000000001000000100001000100100001000101000111101
0100001000000001000000100001000100100010000011000111101
0100001000000001000011100000001000100100100010010111101
0100001000000001000011100000001000100100100100001111101
0100001000000011000111000001000100100001000100000000101
0100001000000011000111000001000100100001000101000111101
0100001000000011000111000001000100100010000010000000101
0100001000000011000111000001000100100010000011000111101
0100001000000011000111000001000110100011001010000000101
0100001000000011000111000001000110100101000110000000101
0100001000000011000111000001001100101001010100000111101
0100001000000011000111000001001100101010010010000111101
0100001000000011000111000001010100110001100100111000101
0100001000000011000111000001010100110010100010111000101
0100001000010000000011100001110000101110110111101111101
0100001000010000000011100001110000101110111011011111101
0100001000010000000100010001110000100100100010010000101
0100001000010000000100010001110000100100100100001000101
0100001000100000000011110000001000100100100010010111101
0100001000100000000011110000001000100100100100001111101
0100001000100010000111010001000100100001000100000000101
0100001000100010000111010001000100100010000010000000101
0100001000100010000111100001000100100001000101000000101
0100001000100010000111100001000100100010000011000000101
0100001000100010000111100001000110100011001011000000101
0100001000100010000111100001000110100101000111000000101
0100001000100010000111100001010100110001100101111000101
0100001000100010000111100001010100110010100011111000101
0100001000110000000000001111110000100100100010010000101
0100001000110000000000001111110000100100100100001000101
0100001000110000000111100000000111100100100010010000101
0100001000110000000111100000000111100100100100001000101
0100001000110000000111100001110000100100100010010000101
0100001000110000000111100001110000100100100100001000101
0100001000110000000111100001110000100110100110101000101
0100001000110000000111100001110000100110101010011000101
0100001000110000000111100001110000101100110011010111101
0100001000110000000111100001110000101100110101001111101
0100001000110000000111100001111000101100110011010111101
0100001000110000000111100001111000101100110101001111101
0100001110000001110100011101110000101000100100100101111
0100001110000001110100011101110000101000101000010101111
0100001110000001110111100001110000101100101101010101111
0100001110000001110111100001110000101100110100110101111
0100001110011100000111100001011100110110110101110101111
0100001110011100000111100001011100111010101101110101111
0100010000000000001111000001001000100010001000001100100
0100010000000000001111000001001000100100000100001100100
0100010000000000001111000001011000110010101001110100100
0100010000000000001111000001011000110100100101110100100
0100010000000000001111100001011000110010101001111100100
0100010000000000001111100001011000110100100101111100100
0100010000000001000111000001010100110001100100111000101
0100010000000001000111000001010100110010100010111000101
0100010000000001110111100001011000110010101001111101111
0100010000000001110111100001011000110100100101111101111
0100010000000010000000000011001000100010001000001100100
0100010000000010000000000011001000100100000100001100100
0100010000000010000000001111000100100001000101000000101
0100010000000010000000001111000100100010000011000000101
0100010000000010000000011101001000100010001000001100100
0100010000000010000000011101001000100100000100001100100
0100010000000010000000111101001000100010001001110101111
0100010000000010000000111101001000100100000101110101111
0100010000000010000111000001000100100001000101000000101
0100010000000010000111000001000100100010000011000000101
0100010000000010000111000001000110100011001011000000101
0100010000000010000111000001000110100101000111000000101
0100010000000010000111000001001000100010001000001100100
0100010000000010000111000001001000100010001001110101111
0100010000000010000111000001001000100100000100001100100
0100010000000010000111000001001000100100000101110101111
0100010000000010000111000001001100100110010100001100100
0100010000000010000111000001001100101010001100001100100
0100010000000010000111000001010100110001100101111000101
0100010000000010000111000001010100110010100011111000101
0100010000000010000111000001011000110010101001111100100
0100010000000010000111000001011000110100100101111100100
0100010000000010000111100001001100100110010101110101111
0100010000000010000111100001001100101010001101110101111
0100010000000010001000011101001000100010001000001100100
0100010000000010001000011101001000100100000100001100100
0100010000000010001111000001001000100010001000001100100
0100010000000010001111000001001000100100000100001100100
0100010000000010001111000001001100100110010100001100100
0100010000000010001111000001001100101010001100001100100
0100010000000010001111000001011000110010101001111100100
0100010000000010001111000001011000110100100101111100100
0100010000000011000000101111000100100001000100111000101
0100010000000011000000101111000100100010000010111000101
0100010000100000000111000001000100100001000100000000101
0100010000100000000111000001000100100010000010000000101
0100010000100000000111000001001000100010001000001100100
0100010000100000000111000001001000100100000100001100100
0100010000100000000111000001011100110110110101111101111
0100010000100000000111000001011100111010101101111101111
0100010000100000000111100001000100100001000101000000101
0100010000100000000111100001000100100010000011000000101
0100010000100000000111100001001000100010001000001100100
0100010000100000000111100001001000100010001001110101111
0100010000100000000111100001001000100100000100001100100
0100010000100000000111100001001000100100000101110101111
0100010000100000001000111101001000100010001000001100100
0100010000100000001000111101001000100100000100001100100
0100010000100000001111100001001000100010001000001100100
0100010000100000001111100001001000100100000100001100100
0100010000100000001111100001001100100110010100001100100
0100010000100000001111100001001100101010001100001100100
0100010000100000001111100001011000110010101001111100100
0100010000100000001111100001011000110100100101111100100
0100010000100001000111100001000110100011001011000000101
0100010000100001000111100001000110100101000111000000101
0100010000100001000111100001010100110001100101111000101
0100010000100001000111100001010100110010100011111000101
0100010001000010001000011101001000100010001000001100100
0100010001000010001000011101001000100100000100001100100
0100010001000010001111000001001100100110010100001100100
0100010001000010001111000001001100101010001100001100100
0100010001000010001111000001011000110010101001111100100
0100010001000010001111000001011000110100100101111100100
0100011000000011000111000001000100100001000101000111101
0100011000000011000111000001000100100010000011000111101
0100011000100010000111100001000100100001000100111000101
0100011000100010000111100001000100100010000010111000101
0101000000000111000000001111000000111000101101011101101
0101000000000111000000001111000000111000101101101011101
0101000000011000000000001110111000111000101001001010101
0101000000011000000000001110111000111000101001010001101
0101000000011000000001110000000111000111101001001010101
0101000000011000000001110000000111000111101001010001101
0101000000011000000001110000000111111000101101011101101
0101000000011000000001110000000111111000101101101011101
0101000000011000000001110000111000000111101101011101101
0101000000011000000001110000111000000111101101101011101
0101000000110000000100001111111000111000101001001010101
0101000000110000000100001111111000111000101001010001101
0101000000110000000101110001000111000111101001001010101
0101000000110000000101110001000111000111101001010001101
0101000000110000000101110001000111111000101101011101101
0101000000110000000101110001000111111000101101101011101
0101000000110000000101110001111000000111101101011101101
0101000000110000000101110001111000000111101101101011101
0110000000000000001000011101110000101000100100100100100
0110000000000000001000011101110000101000101000010100100
0110000000000000001100000011110000101000100100100100100
0110000000000000001100000011110000101000101000010100100
0110000000000000001100000011110000101100101101010100100
0110000000000000001100000011110000101100110100110100100
0110000000000000001100000011110001101100101101010100100
0110000000000000001100000011110001101100110100110100100
0110000000000001000000001111110000100100100010010000101
0110000000000001000000001111110000100100100100001000101
0110000000000001110111100001110001101001100110101100100
0110000000000001110111100001110001101001101010011100100
0110000000001000000110000000000111111000101001001010101
0110000000001000000110000000000111111000101001010001101
0110000000001000000110000000111000000111101001001010101
0110000000001000000110000000111000000111101001010001101
0110000000001000000110000000111000111000101101011101101
0110000000001000000110000000111000111000101101101011101
0110000000001110000000011101110000101001100110101100100
0110000000001110000000011101110000101001101010011100100
0110000000010000000000001111111000101100110011010111101
0110000000010000000000001111111000101100110101001111101
0110000000010000000000001111111000111000101101011101101
0110000000010000000000001111111000111000101101101011101
0110000000010000000011100001111000101100110011010111101
0110000000010000000011100001111000101100110101001111101
0110000000010000000011100001111000101110110111101111101
0110000000010000000011100001111000101110111011011111101
0110000000010000000100000011110001101000100100100100100
0110000000010000000100000011110001101000101000010100100
0110000000010000000100000011110001101100101101010100100
0110000000010000000100000011110001101100110100110100100
0110000000010000000110000001000111111000101001001010101
0110000000010000000110000001000111111000101001010001101
0110000000010000000110000001111000000111101001001010101
0110000000010000000110000001111000000111101001010001101
0110000000010000000110000001111000111000101001001010101
0110000000010000000110000001111000111000101001010001101
0110000000010000000110000001111000111000101101011101101
0110000000010000000110000001111000111000101101101011101
0110000000010001000011100000000111100100100010010000101
0110000000010001000011100000000111100100100100001000101
0110000000100000000000001111000000111000101001001010101
0110000000100000000000001111000000111000101001010001101
0110000000100000000000011100001110101000100100100101111
0110000000100000000000011100001110101000101000010101111
0110000000100000000000011101110000101000100100100101111
0110000000100000000000011101110000101000101000010101111
0110000000100000000000011101110000101100101101010101111
0110000000100000000000011101110000101100110100110101111
0110000000100000000000011111110000100100100010010000101
0110000000100000000000011111110000100100100100001000101
0110000000100000000000011111110000101000100100100100100
0110000000100000000000011111110000101000101000010100100
0110000000100000000001110001000000000111101001001010101
0110000000100000000001110001000000000111101001010001101
0110000000100000000001110001000000111000101101011101101
0110000000100000000001110001000000111000101101101011101
0110000000100000000011100000001110101100101101010101111
0110000000100000000011100000001110101100110100110101111
0110000000100000000011100010001110101000100100100100100
0110000000100000000011100010001110101000101000010100100
0110000000100000000011100011110000101100101101010100100
0110000000100000000011100011110000101100110100110100100
0110000000100000000011110001110000100110100110101000101
0110000000100000000011110001110000100110101010011000101
0110000000100000000100001110111000000000101001001010101
0110000000100000000100001110111000000000101001010001101
0110000000100000000100011100001110101000100100100101111
0110000000100000000100011100001110101000101000010101111
0110000000100000000100011101110000101000100100100101111
0110000000100000000100011101110000101000101000010101111
0110000000100000000100011101110000101100101101010101111
0110000000100000000100011101110000101100110100110101111
0110000000100000000101110000000111000000101001001010101
0110000000100000000101110000000111000000101001010001101
0110000000100000000101110000111000000000101001001010101
0110000000100000000101110000111000000000101001010001101
0110000000100000000101110000111000000000101101011101101
0110000000100000000101110000111000000000101101101011101
0110000000100000000110000001000000111000101101011101101
0110000000100000000110000001000000111000101101101011101
0110000000100000000110001111000111111000101001001010101
0110000000100000000110001111000111111000101001010001101
0110000000100000000110001111111000111000101001001010101
0110000000100000000110001111111000111000101001010001101
0110000000100000000110001111111000111000101101011101101
0110000000100000000110001111111000111000101101101011101
0110000000100000000111100000001110101000100100100101111
0110000000100000000111100000001110101000101000010101111
0110000000100000000111100000001110101100101101010101111
0110000000100000000111100000001110101100110100110101111
0110000000100000000111100001110000100100100010010000101
0110000000100000000111100001110000100100100100001000101
0110000000100000000111100001110000101100101101010101111
0110000000100000000111100001110000101100110011010111101
0110000000100000000111100001110000101100110100110101111
0110000000100000000111100001110000101100110101001111101
0110000000100000000111100001111000101100110011010111101
0110000000100000000111100001111000101100110101001111101
0110000000100000000111110001000111111000101001001010101
0110000000100000000111110001000111111000101001010001101
0110000000100000000111110001000111111000101101011101101
0110000000100000000111110001000111111000101101101011101
0110000000100000000111110001111000101100110011010111101
0110000000100000000111110001111000101100110101001111101
0110000000100000000111110001111000111000101101011101101
0110000000100000000111110001111000111000101101101011101
0110000000100000001000011111110000101000100100100100100
0110000000100000001000011111110000101000101000010100100
0110000000100000001011100010001110101000100100100100100
0110000000100000001011100010001110101000101000010100100
0110000000100000001011100011110000101100101101010100100
0110000000100000001011100011110000101100110100110100100
0110000000100000001100011101110000101000100100100100100
0110000000100000001100011101110000101000101000010100100
0110000000100000001111100000001110101000100100100100100
0110000000100000001111100000001110101000101000010100100
0110000000100000001111100001110000101000100100100100100
0110000000100000001111100001110000101000101000010100100
0110000000100000001111100001110000101100101101010100100
0110000000100000001111100001110000101100110100110100100
0110000000100001000011100001110000101110110111101111101
0110000000100001000011100001110000101110111011011111101
0110000000100001000111100000000111100100100010010000101
0110000000100001000111100000000111100100100100001000101
0110000000100001000111100001110000100100100010010000101
0110000000100001000111100001110000100100100100001000101
0110000000100001000111100001110000100110100110101000101
0110000000100001000111100001110000100110101010011000101
0110000000100001000111100001110000101100110011010111101
0110000000100001000111100001110000101100110101001111101
0110000000100001000111100001111000101100110011010111101
0110000000100001000111100001111000101100110101001111101
0110000000101000000100001110000111111000101001001010101
0110000000101000000100001110000111111000101001010001101
0110000000101000000100001110111000111000101101011101101
0110000000101000000100001110111000111000101101101011101
0110000000101000000100001111111000111000101001001010101
0110000000101000000100001111111000111000101001010001101
0110000000101000000101110000000111111000101101011101101
0110000000101000000101110000000111111000101101101011101
0110000000101000000101110001000111000111101001001010101
0110000000101000000101110001000111000111101001010001101
0110000000101000000101110001000111111000101101011101101
0110000000101000000101110001000111111000101101101011101
0110000000101000000101110001111000000111101101011101101
0110000000101000000101110001111000000111101101101011101
0110000001100000001000011111110000101000100100100100100
0110000001100000001000011111110000101000101000010100100
0110000001100000001011100010001110101000100100100100100
0110000001100000001011100010001110101000101000010100100
0110000001100000001011100011110000101100101101010100100
0110000001100000001011100011110000101100110100110100100
0110000001100000001100011101110000101000100100100100100
0110000001100000001100011101110000101000101000010100100
0110000001100000001111100000001110101000100100100100100
0110000001100000001111100000001110101000101000010100100
0110000001100000001111100001110000101000100100100100100
0110000001100000001111100001110000101000101000010100100
0110000001100000001111100001110000101100101101010100100
0110000001100000001111100001110000101100110100110100100
0110001000000000111111100001111000101100110011010111101
0110001000000000111111100001111000101100110101001111101
0110001000100001000100011111111000100100100010010111101
0110001000100001000100011111111000100100100100001111101
0110001000100001000111110000001111100100100010010111101
0110001000100001000111110000001111100100100100001111101
0110001000100001000111110001111000100110100110101111101
0110001000100001000111110001111000100110101010011111101
0111000000000000011100100001000100001000000101000100001
0111000000000000011100100001001000000100000101000100001
0111000000000000011100100101000110001010000001000100001
0111000000000000011100100101001010000110000001000100001
0111000000000000011100110001001100010100000001010110101
0111000000000000011100110001010100001100000001010110101
0111000000000000011101001001001100010100100001000000100
0111000000000000011101001001001100010100100001000000101
0111000000000000011101001001010100001100100001000000100
0111000000000000011101001001010100001100100001000000101
0111000000000000011101100001011000101000101001100100100
0111000000000000011101100001011000101000101001100100101
0111000000000000011101100001100100101000111001010110101
0111000000000000011101100001101000011000101001100100100
0111000000000000011101100001101000011000101001100100101
0111000000000000011101100001101000100100111001010110101
0111000000000000011101110001101100110100111001010110101
0111000000000000011101110001110100101100111001010110101
0111000000000000101101000101001010010010101001100100111
0111000000000000101101000101010010001010101001100100111
0111000000000000101101001001001100010100100101010010111
0111000000000000101101001001010100001100100101010010111
0111000000000000101101100001011000101000101101110110111
0111000000000000101101100001101000011000101101110110111
0111000000000000101101100101011010101010101001100100010
0111000000000000101101100101101010011010101001100100010
0111000000000000101101101001011100101100100101010010111
0111000000000000101101101001101100011100100101010010111
0111000000000000110101001001001100010100100001000000010
0111000000000000110101001001001100010100100001000000110
0111000000000000110101001001001100010100100001000000111
0111000000000000110101001001010100001100100001000000010
0111000000000000110101001001010100001100100001000000110
0111000000000000110101001001010100001100100001000000111
0111000000000000110101100001011000101000100001000000001
0111000000000000110101100001011000101000100001000000101
0111000000000000110101100001011000101000101001100100010
0111000000000000110101100001011000101000101001100100110
0111000000000000110101100001011000101000101001100100111
0111000000000000110101100001101000011000100001000000001
0111000000000000110101100001101000011000100001000000101
0111000000000000110101100001101000011000101001100100010
0111000000000000110101100001101000011000101001100100110
0111000000000000110101100001101000011000101001100100111
0111000000000000110101100101011010101010101001100100011
0111000000000000110101100101101010011010101001100100011
0111000000000000111101100101011010101010101001100100011
0111000000000000111101100101101010011010101001100100011
0111000000000000111101101001011001101010010100100001101
0111000000000000111101101001011001101010100101100001101
0111000000000000111101101001011010101001010010100010101
0111000000000000111101101001011010101001010100001100101
0111000000000000111101101001011010101001100011100010101
0111000000000000111101101001011010101001100101001100101
0111000000000000111101101001101001011010010010100010101
0111000000000000111101101001101001011010010100001100101
0111000000000000111101101001101001011010100011100010101
0111000000000000111101101001101001011010100101001100101
0111000000000000111101101001101010011001010100100001101
0111000000000000111101101001101010011001100101100001101
0111000000000001110101010001100010100100100010000100100
0111000000000001110101010001100100100010100010000100100
0111000000000011100100110101001110010110000001001101010
0111000000000011100100110101010110001110000001001101010
0111000000000100001100011001000110001010100000000100100
0111000000000100001100011001001010000110100000000100100
0111000000000100001100100101000110001010000101000100001
0111000000000100001100100101001010000110000101000100001
0111000000000100001100110001001100010100000011010110100
0111000000000100001100110001001100010100000101000100000
0111000000000100001100110001001100010100000101010110101
0111000000000100001100110001010010010100000011110100100
0111000000000100001100110001010010010100100001110100100
0111000000000100001100110001010100001100000011010110100
0111000000000100001100110001010100001100000101000100000
0111000000000100001100110001010100001100000101010110101
0111000000000100001100110001010100010010000011110100100
0111000000000100001100110001010100010010100001110100100
0111000000000100001101010001100010100100111100000100100
0111000000000100001101010001100100100010111100000100100
0111000000000100001101100001100100101000111011010110100
0111000000000100001101100001100100101000111101000100000
0111000000000100001101100001100100101000111101010110101
0111000000000100001101100001101000100100111011010110100
0111000000000100001101100001101000100100111101000100000
0111000000000100001101100001101000100100111101010110101
0111000000000100010100100011000101001001000101000100000
0111000000000100010100100011001001000101000101000100000
0111000000000100010100100101000110001010000011000100001
0111000000000100010100100101001010000110000011000100001
0111000000000100010100110001001100010100000101000100001
0111000000000100010100110001001100010100000101001101010
0111000000000100010100110001010100001100000101000100001
0111000000000100010100110001010100001100000101001101010
0111000000000100010101100001100100101000111011010110101
0111000000000100010101100001100100101000111101000100001
0111000000000100010101100001100100101000111101001101010
0111000000000100010101100001101000100100111011010110101
0111000000000100010101100001101000100100111101000100001
0111000000000100010101100001101000100100111101001101010
0111000000000100010101110001101100110100111101010110101
0111000000000100010101110001110100101100111101010110101
0111000000000100011101110001101100110100111101010110101
0111000000000100011101110001110100101100111101010110101
0111000000000101000100011001001001001010100000000111101
0111000000000101000100011001001010001001100000000111101
0111000000000101000100011101001011001101100000000111101
0111000000000101000100011101001101001011100000000111101
0111000000000101000101001001100001100010101110000000101
0111000000000101000101001001100010100001101110000000101
0111000000000101000101001101100011100101101110000000101
0111000000000101000101001101100101100011101110000000101
0111000000000101000101101001110001110010101110111000101
0111000000000101000101101001110010110001101110111000101
0111000000000110000100001101000011000101100001000000101
0111000000000110000100001101000101000011100001000000101
0111000000000110000100011001000110001010100000001100100
0111000000000110000100011001001001001010100001000111101
0111000000000110000100011001001010000110100000001100100
0111000000000110000100011001001010001001100001000111101
0111000000000110000100101001010001010010100001111000101
0111000000000110000100101001010010010001100001111000101
0111000000000110000100110001010010010100100001111100100
0111000000000110000100110001010100010010100001111100100
0111000000000110000101001001100001100010001111000000101
0111000000000110000101001001100001100010101111000000101
0111000000000110000101001001100010100001001111000000101
0111000000000110000101001001100010100001101111000000101
0111000000000110000101010001100010100100111100001100100
0111000000000110000101010001100100100010111100001100100
0111000000000111000101000101001010010010101001100100101
0111000000000111000101000101010010001010101001100100101
0111000000011000000001110000000111111000101101011101101
0111000000011000000001110000000111111000101101101011101
0111000000101000000100001110000111111000101001001010101
0111000000101000000100001110000111111000101001010001101
0111000000101000000100001110111000111000101001001010101
0111000000101000000100001110111000111000101001010001101
0111000000101000000101110000111000000111101001001010101
0111000000101000000101110000111000000111101001010001101
0111000000110000000010001110111000111000101001001010101
0111000000110000000010001110111000111000101001010001101
0111000000110000000011110000000111111000101001001010101
0111000000110000000011110000000111111000101001010001101
0111000000110000000011110000111000000111101001001010101
0111000000110000000011110000111000000111101001010001101
0111000000110000000011110000111000111000101101011101101
0111000000110000000011110000111000111000101101101011101
0111000001000100011101100001100100101000111001000100000
0111000001000100011101100001101000100100111001000100000
0111000010000000111101101001011100101100100101010010011
0111000010000000111101101001101100011100100101010010011
0111000010000011100101100001100100101000000111000100000
0111000010000011100101100001101000100100000111000100000
0111000010000111000101000011001001010001101001100100100
0111000010000111000101000011010001001001101001100100100
0111000010000111000101001001001100010100100011001001100
0111000010000111000101001001010100001100100011001001100
0111000010111000000101100011011001101001101001100100100
0111000010111000000101100011101001011001101001100100100
0111000010111000000101101001011100101100100011001001100
0111000010111000000101101001101100011100100011001001100
0111000010111000000101110101101110110110111001001101011
0111000010111000000101110101110110101110111001001101011
0111000100111000000101001101001110010110100001000000111
0111000100111000000101001101010110001110100001000000111
0111000100111000000101100101011010101010101001100100111
0111000100111000000101100101101010011010101001100100111
0111100000000001110100010011000011000101100000000100100
0111100000000001110100010011000101000011100000000100100
0111100000000001110101011001100110101010111100000101111
0111100000000001110101011001101010100110111100000101111
0111100000000100011101100001100100101000111101000100001
0111100000000100011101100001101000100100111101000100001
0111100000111000000100110011010011010101100001110100100
0111100000111000000100110011010101010011100001110100100
0111100000111000000100110111001111010111000101000100001
0111100000111000000100110111010111001111000101000100001
0111100000111000000101100111100111101011111101000100001
0111100000111000000101100111101011100111111101000100001
0111100000111000000101110011101101110101111101010110101
0111100000111000000101110011110101101101111101010110101
0111100000111000000101110101101110110110111101001101011
0111100000111000000101110101110110101110111101001101011
0111100000111000000101111001110110111010111101110101111
0111100000111000000101111001111010110110111101110101111
1000000000000000001000000101011000101100101001010110101
1000000000000000001000000101011000110100011001010110101
1000000000000000001000000111011000101100101001010110101
1000000000000000001000000111011000110100011001010110101
1000000000000000001000100001001000100010001000001100100
1000000000000000001000100001001000100100000100001100100
1000000000000000001100000011110000101000100100100100100
1000000000000000001100000011110000101000101000010100100
1000000000000000001100000011110000101100101101010100100
1000000000000000001100000011110000101100110100110100100
1000000000000000001100010001000010000100100000001100100
1000000000000000001100010001000100000010100000001100100
1000000000000000001100100001000100001000000001010110101
1000000000000000001100100001001000000100000001010110101
1000000000000000001101000001001000010000101001100100110
1000000000000000001101000001010000001000101001100100110
1000000000000000001101000101001010010010101001100100101
1000000000000000001101000101010010001010101001100100101
1000000000000000001101100001011000101000101001100100110
1000000000000000001101100001011000101000101101110110101
1000000000000000001101100001100100101000111001010110101
1000000000000000001101100001100100101000111101010110101
1000000000000000001101100001101000011000101001100100110
1000000000000000001101100001101000011000101101110110101
1000000000000000001101100001101000100100111001010110101
1000000000000000001101100001101000100100111101010110101
1000000000000000001111000001010010100110010101000100001
1000000000000000001111000001010010101010001101000100001
1000000000000000001111000001011000101100101001010110101
1000000000000000001111000001011000110100011001010110101
1000000000000000001111000001011100110110110101110101111
1000000000000000001111000001011100111010101101110101111
1000000000000000010000000011011000101100101001010110101
1000000000000000010000000011011000110100011001010110101
1000000000000000010101000001001000010000101001100100010
1000000000000000010101000001010000001000101001100100010
1000000000000000010101100001100100101000111001010110101
1000000000000000010101100001101000100100111001010110101
1000000000000000010111000001010010100110010101000100001
1000000000000000010111000001010010101010001101000100001
1000000000000000010111000001011000101100101001010110101
1000000000000000010111000001011000110100011001010110101
1000000000000000011000000011011000101100101001010110101
1000000000000000011000000011011000110100011001010110101
1000000000000000011101000001001000010000101001100100100
1000000000000000011101000001001000010000101001100100101
1000000000000000011101000001010000001000101001100100100
1000000000000000011101000001010000001000101001100100101
1000000000000000011101100001011000101000101001100100100
1000000000000000011101100001011000101000101001100100101
1000000000000000011101100001100100101000111001010110101
1000000000000000011101100001101000011000101001100100100
1000000000000000011101100001101000011000101001100100101
1000000000000000011101100001101000100100111001010110101
1000000000000000011111000001010010100110010101000100001
1000000000000000011111000001010010101010001101000100001
1000000000000000011111000001011000101100101001010110101
1000000000000000011111000001011000110100011001010110101
1000000000000000101101000101001010010010101001100100111
1000000000000000101101000101010010001010101001100100111
1000000000000000101101001001001100010100100101010010111
1000000000000000101101001001010100001100100101010010111
1000000000000000101101100001011000101000101001100100110
1000000000000000101101100001011000101000101101110110111
1000000000000000101101100001101000011000101001100100110
1000000000000000101101100001101000011000101101110110111
1000000000000000110101000001001000010000101001100100110
1000000000000000110101000001010000001000101001100100110
1000000000000000110101100001011000101000101001100100010
1000000000000000110101100001011000101000101001100100110
1000000000000000110101100001101000011000101001100100010
1000000000000000110101100001101000011000101001100100110
1000000000000000111000100001000100100001000101000000101
1000000000000000111000100001000100100010000011000000101
1000000000000000111010000000000000111000101001001010101
1000000000000000111010000000000000111000101001010001101
1000000000000000111100000001110000100100100010010000101
1000000000000000111100000001110000100100100100001000101
1000000000000000111100000001111000101100110011010111101
1000000000000000111100000001111000101100110101001111101
1000000000000000111100000001111000111000101101011101101
1000000000000000111100000001111000111000101101101011101
1000000000000000111100010001110000101100110011010111101
1000000000000000111100010001110000101100110101001111101
1000000000000000111101000001001000010000101001001010101
1000000000000000111101000001001000010000101001010001101
1000000000000000111101000001010000001000101001001010101
1000000000000000111101000001010000001000101001010001101
1000000000000000111101100001011000101000100011010100101
1000000000000000111101100001011000101000100101001100101
1000000000000000111101100001101000011000100011010100101
1000000000000000111101100001101000011000100101001100101
1000000000000001000000110001000100100001000101000111101
1000000000000001000000110001000100100010000011000111101
1000000000000001000100000001110000100100100010010000101
1000000000000001000100000001110000100100100100001000101
1000000000000001000100000001110000100110100110101000101
1000000000000001000100000001110000100110101010011000101
1000000000000001000100000001110000101100110011010111101
1000000000000001000100000001110000101100110101001111101
1000000000000001000111000001011100111001110100111111101
1000000000000001000111000001011100111010110010111111101
1000000000000001110100000000001110101000100100100101111
1000000000000001110100000000001110101000101000010101111
1000000000000001110100000001110000101100101101010101111
1000000000000001110100000001110000101100110100110101111
1000000000000001110100000011110000101000100100100100100
1000000000000001110100000011110000101000101000010100100
1000000000000001110111000001011000110010101001110101111
1000000000000001110111000001011000110100100101110101111
1000000000000001111100000011110000101000100100100100100
1000000000000001111100000011110000101000101000010100100
1000000000000010000000100001000100100001000101000000101
1000000000000010000000100001000100100010000011000000101
1000000000000010000000100001001000100010001000001100100
1000000000000010000000100001001000100010001001110101111
1000000000000010000000100001001000100100000100001100100
1000000000000010000000100001001000100100000101110101111
1000000000000010000000100011001000100010001000001100100
1000000000000010000000100011001000100100000100001100100
1000000000000010001000100001001000100010001000001100100
1000000000000010001000100001001000100100000100001100100
1000000000000010001100010001000010000100000000001100100
1000000000000010001100010001000100000010000000001100100
1000000000000011000000010001000100100001000101000111101
1000000000000011000000010001000100100010000011000111101
1000000000000011000111000001010100110001100100111000101
1000000000000011000111000001010100110010100010111000101
1000000000000011100000000011010000100100010001010110100
1000000000000011100000000011010000100100010001010110101
1000000000000011100000000011010000101000001001010110100
1000000000000011100000000011010000101000001001010110101
1000000000000011100000000101010000100100010001010110101
1000000000000011100000000101010000101000001001010110101
1000000000000011100000000111010000100100010001010110101
1000000000000011100000000111010000101000001001010110101
1000000000000011100100100001000100001000000001010110101
1000000000000011100100100001001000000100000001010110101
1000000000000011101000000111010000100100010001010110101
1000000000000011101000000111010000101000001001010110101
1000000000000011110000100011001000100010001000001100100
1000000000000011110000100011001000100100000100001100100
1000000000000011110000111001010000100100010001011111111
1000000000000011110000111001010000101000001001011111111
1000000000000011110111000001010001100101010011010110101
1000000000000011110111000001010001101001001011010110101
1000000000000100000100001001000001000010100001000000101
1000000000000100000100001001000010000001100001000000101
1000000000000100000100011001000110001010000010000100100
1000000000000100000100011001001010000110000010000100100
1000000000000100000100100001000100001000000101000100001
1000000000000100000100100001001000000100000101000100001
1000000000000100000100100101000110001010000011000100000
1000000000000100000100100101000110001010000011000100001
1000000000000100000100100101001010000110000011000100000
1000000000000100000100100101001010000110000011000100001
1000000000000100000100110001001100010100000011010110101
1000000000000100000100110001001100010100000101010110101
1000000000000100000100110001010100001100000011010110101
1000000000000100000100110001010100001100000101010110101
1000000000000100000101100001100100101000111011010110100
1000000000000100000101100001100100101000111011010110101
1000000000000100000101100001100100101000111101010110101
1000000000000100000101100001101000100100111011010110100
1000000000000100000101100001101000100100111011010110101
1000000000000100000101100001101000100100111101010110101
1000000000000100001100010001000010000100000010000100100
1000000000000100001100010001000010000100100000000100100
1000000000000100001100010001000010000100100000001100100
1000000000000100001100010001000100000010000010000100100
1000000000000100001100010001000100000010100000000100100
1000000000000100001100010001000100000010100000001100100
1000000000000100001100011001000110001010000010000100100
1000000000000100001100011001001010000110000010000100100
1000000000000100001100100001000100001000000101000100000
1000000000000100001100100001001000000100000101000100000
1000000000000100001100100101000110001010000011000100000
1000000000000100001100100101001010000110000011000100000
1000000000000100001100110001001100010100000101010110101
1000000000000100001100110001010100001100000101010110101
1000000000000100001101100001100100101000111011010110100
1000000000000100001101100001100100101000111101010110101
1000000000000100001101100001101000100100111011010110100
1000000000000100001101100001101000100100111101010110101
1000000000000100010100100001000100001000000011000100000
1000000000000100010100100001000100001000000101000100001
1000000000000100010100100001000100001000000111000100001
1000000000000100010100100001001000000100000011000100000
1000000000000100010100100001001000000100000101000100001
1000000000000100010100100001001000000100000111000100001
1000000000000100010100100101000110001010000011000100001
1000000000000100010100100101001010000110000011000100001
1000000000000100010101100001100100101000111011010110101
1000000000000100010101100001101000100100111011010110101
1000000000000100011100100001000100001000000101000100000
1000000000000100011100100001000100001000000101000100001
1000000000000100011100100001001000000100000101000100000
1000000000000100011100100001001000000100000101000100001
1000000000000100011100100101000110001010000011000100001
1000000000000100011100100101001010000110000011000100001
1000000000000100011101100001100100101000111011010110101
1000000000000100011101100001101000100100111011010110101
1000000000000101000100001001000001000010110001000111101
1000000000000101000100001001000010000001110001000111101
1000000000000101110100010001000010000100100000000101111
1000000000000101110100010001000100000010100000000101111
1000000000000110000100001001000001000010100001000000101
1000000000000110000100001001000010000001100001000000101
1000000000000110000100001101000011000101100001000000101
1000000000000110000100001101000101000011100001000000101
1000000000000110000100010001000010000100100000001100100
1000000000000110000100010001000010000100100001110101111
1000000000000110000100010001000100000010100000001100100
1000000000000110000100010001000100000010100001110101111
1000000000000110000100011001000110001010100000001100100
1000000000000110000100011001001010000110100000001100100
1000000000000110000101001001100001100010101111000000101
1000000000000110000101001001100010100001101111000000101
1000000000000110000101010001100010100100111100001100100
1000000000000110000101010001100100100010111100001100100
1000000000000110001100010001000010000100100000001100100
1000000000000110001100010001000100000010100000001100100
1000000000000110001100011001000110001010100000001100100
1000000000000110001100011001001010000110100000001100100
1000000000000110001101010001100010100100111100001100100
1000000000000110001101010001100100100010111100001100100
1000000000000111000100001001000001000010010100001100101
1000000000000111000100001001000001000010100101001100101
1000000000000111000100001001000010000001010100001100101
1000000000000111000100001001000010000001100101001100101
1000000000000111000100001101000011000101011000010001101
1000000000000111000100001101000011000101101001010001101
1000000000000111000100001101000101000011011000010001101
1000000000000111000100001101000101000011101001010001101
1000000000000111000101000001001000010000101001001010101
1000000000000111000101000001001000010000101001010001101
1000000000000111000101000001001000010000101001100100101
1000000000000111000101000001001000010000101101011101101
1000000000000111000101000001001000010000101101101011101
1000000000000111000101000001001000010000101101110110101
1000000000000111000101000001010000001000101001001010101
1000000000000111000101000001010000001000101001010001101
1000000000000111000101000001010000001000101001100100101
1000000000000111000101000001010000001000101101011101101
1000000000000111000101000001010000001000101101101011101
1000000000000111000101000001010000001000101101110110101
1000000000000111000101001001001001010010011100011101101
1000000000000111000101001001001001010010101101011101101
1000000000000111000101001001001010010001010110110101101
1000000000000111000101001001001010010001011010011110101
1000000000000111000101001001001010010001100111110101101
1000000000000111000101001001001010010001101011011110101
1000000000000111000101001001001100010100100101010010101
1000000000000111000101001001001100010100100111011011101
1000000000000111000101001001010001001010010110110101101
1000000000000111000101001001010001001010011010011110101
1000000000000111000101001001010001001010100111110101101
1000000000000111000101001001010001001010101011011110101
1000000000000111000101001001010100001100100101010010101
1000000000000111000101001001010100001100100111011011101
1000000000000111000101100001011000101000101101110110101
1000000000000111000101100001101000011000101101110110101
1000000000000111001101001001001100010100100101010010101
1000000000000111001101001001010100001100100101010010101
1000000000000111001101100001011000101000101101110110101
1000000000000111001101100001101000011000101101110110101
1000000000000111010101000001001000010000101001100100001
1000000000000111010101000001001000010000101001100100010
1000000000000111010101000001001000010000101001100100101
1000000000000111010101000001010000001000101001100100001
1000000000000111010101000001010000001000101001100100010
1000000000000111010101000001010000001000101001100100101
1000000000000111010101000011001001010001101001100100100
1000000000000111010101000011010001001001101001100100100
1000000000000111100100100001000100001000000011010110100
1000000000000111100100100001000100001000000011010110101
1000000000000111100100100001000100001000000101000100001
1000000000000111100100100001000100001000000101010110101
1000000000000111100100100001001000000100000011010110100
1000000000000111100100100001001000000100000011010110101
1000000000000111100100100001001000000100000101000100001
1000000000000111100100100001001000000100000101010110101
1000000000000111100101000001001000010000100101010010001
1000000000000111100101000001001000010000101101110110111
1000000000000111100101000001010000001000100101010010001
1000000000000111100101000001010000001000101101110110111
1000000000000111100101000101001010010010101001100100010
1000000000000111100101000101001010010010101001100100011
1000000000000111100101000101010010001010101001100100010
1000000000000111100101000101010010001010101001100100011
1000000000000111100101100001011000101000101101110110010
1000000000000111100101100001011000101000101101110110011
1000000000000111100101100001101000011000101101110110010
1000000000000111100101100001101000011000101101110110011
1000000000001000000100000000000111111000101001001010101
1000000000001000000100000000000111111000101001010001101
1000000000001000000100000001000000111000101001001010101
1000000000001000000100000001000000111000101001010001101
1000000000001000000100000001000000111000101101011101101
1000000000001000000100000001000000111000101101101011101
1000000000001000000110000000000111111000101001001010101
1000000000001000000110000000000111111000101001010001101
1000000000001000000110000000111000000111101001001010101
1000000000001000000110000000111000000111101001010001101
1000000000001000000110000000111000111000101001001010101
1000000000001000000110000000111000111000101001010001101
1000000000001000000110000000111000111000101101011101101
1000000000001000000110000000111000111000101101101011101
1000000000001000111110000000000111111000101001001010101
1000000000001000111110000000000111111000101001010001101
1000000000001000111110000000111000111000101001001010101
1000000000001000111110000000111000111000101001010001101
1000000000001000111110000000111000111000101101011101101
1000000000001000111110000000111000111000101101101011101
1000000000001110000100000000000001101000100100100100100
1000000000001110000100000000000001101000101000010100100
1000000000001110000100000000000001101100101101010100100
1000000000001110000100000000000001101100110100110100100
1000000000001110000100000000001000100100100010010000101
1000000000001110000100000000001000100100100100001000101
1000000000001110000100000000001000100110100110101000101
1000000000001110000100000000001000100110101010011000101
1000000000001110000100000000001000101100110011010111101
1000000000001110000100000000001000101100110101001111101
1000000000001110000100000000001110101000100100100101111
1000000000001110000100000000001110101000101000010101111
1000000000001110000100000000001110101100101101010101111
1000000000001110000100000000001110101100110100110101111
1000000000001110000100000001110000100110100110101000101
1000000000001110000100000001110000100110101010011000101
1000000000001110000100000001110000101001100110101100100
1000000000001110000100000001110000101001101010011100100
1000000000001110000100000001111000101110110111101111101
1000000000001110000100000001111000101110111011011111101
1000000000001110000100010001110000101100110011010111101
1000000000001110000100010001110000101100110101001111101
1000000000001110000100010001110000101110110111101111101
1000000000001110000100010001110000101110111011011111101
1000000000001110001100000010001110101000100100100100100
1000000000001110001100000010001110101000101000010100100
1000000000001110001100000011110000101100101101010100100
1000000000001110001100000011110000101100110100110100100
1000000000001111000110000000000111111000101001001010101
1000000000001111000110000000000111111000101001010001101
1000000000001111000110000000000111111000101101011101101
1000000000001111000110000000000111111000101101101011101
1000000000001111000110000000111000000111101001001010101
1000000000001111000110000000111000000111101001010001101
1000000000001111000110000000111000111000101101011101101
1000000000001111000110000000111000111000101101101011101
1000000000010000000000010001110000100110100110101000101
1000000000010000000000010001110000100110101010011000101
1000000000010000000000010001110000101100110011010111101
1000000000010000000000010001110000101100110101001111101
1000000000010000000010000000000111111000101001001010101
1000000000010000000010000000000111111000101001010001101
1000000000010000000100000000001110101000100100100101111
1000000000010000000100000000001110101000101000010101111
1000000000010000000100000001000111111000101001001010101
1000000000010000000100000001000111111000101001010001101
1000000000010000000100000001110000101100101101010101111
1000000000010000000100000001110000101100110011010111101
1000000000010000000100000001110000101100110100110101111
1000000000010000000100000001110000101100110101001111101
1000000000010000000100000001111000101100110011010111101
1000000000010000000100000001111000101100110101001111101
1000000000010000000100000001111000111000101101011101101
1000000000010000000100000001111000111000101101101011101
1000000000010000001000000011110000101000100100100100100
1000000000010000001000000011110000101000101000010100100
1000000000010000001000000011110000101100101101010100100
1000000000010000001000000011110000101100110100110100100
1000000000010000001100000001110000101000100100100100100
1000000000010000001100000001110000101000101000010100100
1000000000010000001100000001110000101100101101010100100
1000000000010000001100000001110000101100110100110100100
1000000000010000001100000001110001101100101101010100100
1000000000010000001100000001110001101100110100110100100
1000000000010000001100000011110001101100101101010100100
1000000000010000001100000011110001101100110100110100100
1000000000010001000100000001110000100100100010010000101
1000000000010001000100000001110000100100100100001000101
1000000000010001000100000001110000100110100110101000101
1000000000010001000100000001110000100110101010011000101
1000000000010001000100000001110000101100110011010111101
1000000000010001000100000001110000101100110101001111101
1000000000010001000100010001111000100100100010010111101
1000000000010001000100010001111000100100100100001111101
1000000000011000000100000000000111111000101001001010101
1000000000011000000100000000000111111000101001010001101
1000000000011000000100000001000111111000101001001010101
1000000000011000000100000001000111111000101001010001101
1000000000011000000100000001111000000111101001001010101
1000000000011000000100000001111000000111101001010001101
1000000000011000000100000001111000111000101001001010101
1000000000011000000100000001111000111000101001010001101
1000000000011000000100000001111000111000101101011101101
1000000000011000000100000001111000111000101101101011101
1000000000011100000000000011001000100010001000000100100
1000000000011100000000000011001000100100000100000100100
1000000000011100000000000011010000100100010001010110101
1000000000011100000000000011010000101000001001010110101
1000000000011100000000000011010010100110010101000100001
1000000000011100000000000011010010101010001101000100001
1000000000011100000000000011011000101100101001010110100
1000000000011100000000000011011000101100101001010110101
1000000000011100000000000011011000110010101001110100100
1000000000011100000000000011011000110100011001010110100
1000000000011100000000000011011000110100011001010110101
1000000000011100000000000011011000110100100101110100100
1000000000011100000000000101010000100100010001000100001
1000000000011100000000000101010000101000001001000100001
1000000000011100000000000101010010100110010101000100001
1000000000011100000000000101010010101010001101000100001
1000000000011100000000000101011000101100101001000100001
1000000000011100000000000101011000101100101001010110101
1000000000011100000000000101011000110100011001000100001
1000000000011100000000000101011000110100011001010110101
1000000000011100000000000111010010100110010101000100001
1000000000011100000000000111010010101010001101000100001
1000000000011100000000000111011000101100101001010110101
1000000000011100000000000111011000110100011001010110101
1000000000011100000000100001000100100001000100000000101
1000000000011100000000100001000100100001000101000000101
1000000000011100000000100001000100100010000010000000101
1000000000011100000000100001000100100010000011000000101
1000000000011100000000100001000110100011001011000000101
1000000000011100000000100001000110100101000111000000101
1000000000011100000000100001001000100010001000001100100
1000000000011100000000100001001000100100000100001100100
1000000000011100000000100001001100101001010101000111101
1000000000011100000000100001001100101010010011000111101
1000000000011100000000100001010100110001100101111000101
1000000000011100000000100001010100110010100011111000101
1000000000011100000000100011001100100110010100000100100
1000000000011100000000100011001100101010001100000100100
1000000000011100000000100011011000110010101001110100100
1000000000011100000000100011011000110100100101110100100
1000000000011100000000110001010100110001100100111000101
1000000000011100000000110001010100110010100010111000101
1000000000011100000000111001010001100101010011010110100
1000000000011100000000111001010001101001001011010110100
1000000000011100001000000111010010100110010101000100001
1000000000011100001000000111010010101010001101000100001
1000000000011100001000000111011000101100101001000100000
1000000000011100001000000111011000101100101001010110101
1000000000011100001000000111011000110100011001000100000
1000000000011100001000000111011000110100011001010110101
1000000000011100010000000111011000101100101001000100000
1000000000011100010000000111011000110100011001000100000
1000000000011110000000100011001100100110010100001100100
1000000000011110000000100011001100101010001100001100100
1000000000011110000000100011011000110010101001111100100
1000000000011110000000100011011000110100100101111100100
1000000000100000000000100001000100100001000101000000101
1000000000100000000000100001000100100010000011000000101
1000000000100000000100000001000111111000101001001010101
1000000000100000000100000001000111111000101001010001101
1000000000100000000100000001111000101100110011010111101
1000000000100000000100000001111000101100110101001111101
1000000000100000000100000001111000111000101101011101101
1000000000100000000100000001111000111000101101101011101
1000000000100000000111100001010110110011101011111000101
1000000000100000000111100001010110110101100111111000101
1000000000100000000111100001011001110011101011111100100
1000000000100000000111100001011001110101100111111100100
1000000000100000000111100001110001101101101111011100100
1000000000100000000111100001110001101101110110111100100
1000000000100000001000000111011000101100101001010110101
1000000000100000001000000111011000110100011001010110101
1000000000100000001000111001010000100100010001010110100
1000000000100000001000111001010000100100010001010110101
1000000000100000001000111001010000101000001001010110100
1000000000100000001000111001010000101000001001010110101
1000000000100000001011100000000001101000100100100100100
1000000000100000001011100000000001101000101000010100100
1000000000100000001011100000000001101100101101010100100
1000000000100000001011100000000001101100110100110100100
1000000000100000001100000011110000101000100100100100100
1000000000100000001100000011110000101000101000010100100
1000000000100000001100000011110000101100101101010100100
1000000000100000001100000011110000101100110100110100100
1000000000100000001100011101110000101000100100100100100
1000000000100000001100011101110000101000101000010100100
1000000000100000001111000001001000100010001000000100100
1000000000100000001111000001001000100100000100000100100
1000000000100000001111000001010000100100010001010110101
1000000000100000001111000001010000101000001001010110101
1000000000100000001111000001010010100110010101000100001
1000000000100000001111000001010010101010001101000100001
1000000000100000001111000001011000101100101001000100000
1000000000100000001111000001011000101100101001010110100
1000000000100000001111000001011000101100101001010110101
1000000000100000001111000001011000110010101001110100100
1000000000100000001111000001011000110100011001000100000
1000000000100000001111000001011000110100011001010110100
1000000000100000001111000001011000110100011001010110101
1000000000100000001111000001011000110100100101110100100
1000000000100000001111000001011100110110110101110101111
1000000000100000001111000001011100111010101101110101111
1000000000100000001111000101010010100110010101000100001
1000000000100000001111000101010010101010001101000100001
1000000000100000001111000101011000101100101001000100000
1000000000100000001111000101011000110100011001000100000
1000000000100000001111100001011000110010101001110100100
1000000000100000001111100001011000110100100101110100100
1000000000100000001111100001110000101100101101010100100
1000000000100000001111100001110000101100110100110100100
1000000000100000010000000011011000101100101001010110101
1000000000100000010000000011011000110100011001010110101
1000000000100000010000000101011000101100101001001101010
1000000000100000010000000101011000110100011001001101010
1000000000100000010000111001010000100100010001010110101
1000000000100000010000111001010000101000001001010110101
1000000000100000010000111101010000100100010001001101010
1000000000100000010000111101010000101000001001001101010
1000000000100000010111000001010000100100010001000100001
1000000000100000010111000001010000101000001001000100001
1000000000100000010111000001010010100110010101000100001
1000000000100000010111000001010010101010001101000100001
1000000000100000010111000001011000101100101001010110101
1000000000100000010111000001011000110100011001010110101
1000000000100000010111000101010001100101010011000100000
1000000000100000010111000101010001101001001011000100000
1000000000100000010111000101011000101100101001000100001
1000000000100000010111000101011000101100101001001101010
1000000000100000010111000101011000110100011001000100001
1000000000100000010111000101011000110100011001001101010
1000000000100000011000111001010000100100010001010110101
1000000000100000011000111001010000101000001001010110101
1000000000100000011111000001010010100110010101000100001
1000000000100000011111000001010010101010001101000100001
1000000000100000011111000001011000101100101001010110101
1000000000100000011111000001011000110100011001010110101
1000000000100000011111000101011000101100101001000100000
1000000000100000011111000101011000101100101001000100001
1000000000100000011111000101011000110100011001000100000
1000000000100000011111000101011000110100011001000100001
1000000000100000111011100000001000100100100010010000101
1000000000100000111011100000001000100100100100001000101
1000000000100001000000001111000100100001000100000000101
1000000000100001000000001111000100100010000010000000101
1000000000100001000000110001000100100001000101000111101
1000000000100001000000110001000100100010000011000111101
1000000000100001000100000001110000100110100110101000101
1000000000100001000100000001110000100110101010011000101
1000000000100001000100000001110000101100110011010111101
1000000000100001000100000001110000101100110101001111101
1000000000100001000111000001000110100011001010000000101
1000000000100001000111000001000110100101000110000000101
1000000000100001000111000001001100101001010100000111101
1000000000100001000111000001001100101010010010000111101
1000000000100001000111000001010100110001100100111000101
1000000000100001000111000001010100110010100010111000101
1000000000100001000111000001011100111001110100111111101
1000000000100001000111000001011100111010110010111111101
1000000000100001000111100001110000101100110011010111101
1000000000100001000111100001110000101100110101001111101
1000000000100001110011100000000001101000100100100100100
1000000000100001110011100000000001101000101000010100100
1000000000100001110100011101110000101000100100100101111
1000000000100001110100011101110000101000101000010101111
1000000000100001110111000001011000110010101001110101111
1000000000100001110111000001011000110100100101110101111
1000000000100001110111100001011000110010101001110101111
1000000000100001110111100001011000110100100101110101111
1000000000100001110111100001110000101001100110101100100
1000000000100001110111100001110000101001101010011100100
1000000000100001110111100001110000101100101101010101111
1000000000100001110111100001110000101100110100110101111
1000000000100001111100011101110000101000100100100101111
1000000000100001111100011101110000101000101000010101111
1000000000100001111111100001110000101001100110101100100
1000000000100001111111100001110000101001101010011100100
1000000000100010000000000011001000100010001000001100100
1000000000100010000000000011001000100100000100001100100
1000000000100010000000100001000100100001000101000000101
1000000000100010000000100001000100100010000011000000101
1000000000100010000000100001001000100010001000001100100
1000000000100010000000100001001000100010001001110101111
1000000000100010000000100001001000100100000100001100100
1000000000100010000000100001001000100100000101110101111
1000000000100010000000100011001000100010001000001100100
1000000000100010000000100011001000100100000100001100100
1000000000100010000111000001000100100001000101000000101
1000000000100010000111000001000100100010000011000000101
1000000000100010000111000001001000100010001000001100100
1000000000100010000111000001001000100100000100001100100
1000000000100010000111000001011000110010101001110101111
1000000000100010000111000001011000110100100101110101111
1000000000100010000111000001011100110110110101111101111
1000000000100010000111000001011100111010101101111101111
1000000000100010000111100001010100110001100101111000101
1000000000100010000111100001010100110010100011111000101
1000000000100010000111100001011000110010101001111100100
1000000000100010000111100001011000110100100101111100100
1000000000100010001111000001001000100010001000001100100
1000000000100010001111000001001000100100000100001100100
1000000000100010001111100001011000110010101001111100100
1000000000100010001111100001011000110100100101111100100
1000000000100011000111000001010100110001100100111000101
1000000000100011000111000001010100110010100010111000101
1000000000100011100000111101010000100100010001011111111
1000000000100011100000111101010000101000001001011111111
1000000000100011100111000001010000100100010001010110101
1000000000100011100111000001010000101000001001010110101
1000000000100011100111000001010001100101010011010110100
1000000000100011100111000001010001101001001011010110100
1000000000100011100111000001010010100110010101000100001
1000000000100011100111000001010010101010001101000100001
1000000000100011100111000001011000101100101001010110101
1000000000100011100111000001011000110100011001010110101
1000000000100011100111000101010001100101010011010110101
1000000000100011100111000101010001101001001011010110101
1000000000100011100111000101010010100110010101001101011
1000000000100011100111000101010010101010001101001101011
1000000000100011100111000101011000101100101001011111111
1000000000100011100111000101011000110100011001011111111
1000000000101000000000001111000000111000101001001010101
1000000000101000000000001111000000111000101001010001101
1000000000101000000001110001000000000111101001001010101
1000000000101000000001110001000000000111101001010001101
1000000000101000000010000000000000111000101001001010101
1000000000101000000010000000000000111000101001010001101
1000000000101000000010000000000000111000101101011101101
1000000000101000000010000000000000111000101101101011101
1000000000101000000100000000000111111000101001001010101
1000000000101000000100000000000111111000101001010001101
1000000000101000000100001110000111111000101001001010101
1000000000101000000100001110000111111000101001010001101
1000000000101000000100001110111000111000101101011101101
1000000000101000000100001110111000111000101101101011101
1000000000101000000110000000000111111000101001001010101
1000000000101000000110000000000111111000101001010001101
1000000000101000000110000000111000000111101001001010101
1000000000101000000110000000111000000111101001010001101
1000000000101000000110000000111000111000101001001010101
1000000000101000000110000000111000111000101001010001101
1000000000101000000110000000111000111000101101011101101
1000000000101000000110000000111000111000101101101011101
1000000000101000000110000001000000111000101001001010101
1000000000101000000110000001000000111000101001010001101
1000000000101000000110000001000000111000101101011101101
1000000000101000000110000001000000111000101101101011101
1000000000101110000000001110001000100110100110101000101
1000000000101110000000001110001000100110101010011000101
1000000000101110000000001110001000101100110011010111101
1000000000101110000000001110001000101100110101001111101
1000000000101110000011100000000001101100101101010100100
1000000000101110000011100000000001101100110100110100100
1000000000101110000011100000001000100110100110101000101
1000000000101110000011100000001000100110101010011000101
1000000000101110000011100000001000101100110011010111101
1000000000101110000011100000001000101100110101001111101
1000000000101110000011100000001000101110110111101111101
1000000000101110000011100000001000101110111011011111101
1000000000101110000100011101110000101001100110101100100
1000000000101110000100011101110000101001101010011100100
1000000000101110000111100000001110101001100110101100100
1000000000101110000111100000001110101001101010011100100
1000000000101110000111100001110000101101101111011100100
1000000000101110000111100001110000101101110110111100100
1000000000110000000000000011110000101000100100100100100
1000000000110000000000000011110000101000101000010100100
1000000000110000000000000011110000101100101101010100100
1000000000110000000000000011110000101100110100110100100
1000000000110000000000010001110000100100100010010000101
1000000000110000000000010001110000100100100100001000101
1000000000110000000000011101110000101000100100100101111
1000000000110000000000011101110000101000101000010101111
1000000000110000000000011101110000101100101101010101111
1000000000110000000000011101110000101100110100110101111
1000000000110000000000011111110000101100101101010101111
1000000000110000000000011111110000101100110011010111101
1000000000110000000000011111110000101100110100110101111
1000000000110000000000011111110000101100110101001111101
1000000000110000000010000000000000111000101001001010101
1000000000110000000010000000000000111000101001010001101
1000000000110000000011100000001110101100101101010101111
1000000000110000000011100000001110101100110100110101111
1000000000110000000011110001110000101110110111101111101
1000000000110000000011110001110000101110111011011111101
1000000000110000000100000000001110101000100100100101111
1000000000110000000100000000001110101000101000010101111
1000000000110000000100000000111000000000101001001010101
1000000000110000000100000000111000000000101001010001101
1000000000110000000100000000111000000000101101011101101
1000000000110000000100000000111000000000101101101011101
1000000000110000000100000001000000111000101101011101101
1000000000110000000100000001000000111000101101101011101
1000000000110000000100000001000111111000101001001010101
1000000000110000000100000001000111111000101001010001101
1000000000110000000100000001110000100100100010010000101
1000000000110000000100000001110000100100100100001000101
1000000000110000000100000001110000101100101101010101111
1000000000110000000100000001110000101100110011010111101
1000000000110000000100000001110000101100110100110101111
1000000000110000000100000001110000101100110101001111101
1000000000110000000100000001110001101100101101010100100
1000000000110000000100000001110001101100110100110100100
1000000000110000000100000001111000101100110011010111101
1000000000110000000100000001111000101100110101001111101
1000000000110000000100000001111000111000101101011101101
1000000000110000000100000001111000111000101101101011101
1000000000110000000100000011110000101000100100100100100
1000000000110000000100000011110000101000101000010100100
1000000000110000000100000011110000101100101101010100100
1000000000110000000100000011110000101100110100110100100
1000000000110000000100000011110001101100101101010100100
1000000000110000000100000011110001101100110100110100100
1000000000110000000100010001110000100100100010010000101
1000000000110000000100010001110000100100100100001000101
1000000000110000000100010001110000100110100110101000101
1000000000110000000100010001110000100110101010011000101
1000000000110000000100010001110000101100110011010111101
1000000000110000000100010001110000101100110101001111101
1000000000110000000110000000000111111000101001001010101
1000000000110000000110000000000111111000101001010001101
1000000000110000000111100001111000101100110011010111101
1000000000110000000111100001111000101100110101001111101
1000000000110000001000011101110000101000100100100100100
1000000000110000001000011101110000101000101000010100100
1000000000110000001011100000001110101000100100100100100
1000000000110000001011100000001110101000101000010100100
1000000000110000001100000011110000101000100100100100100
1000000000110000001100000011110000101000101000010100100
1000000000110000001100000011110000101100101101010100100
1000000000110000001100000011110000101100110100110100100
1000000000110000001100000011110001101100101101010100100
1000000000110000001100000011110001101100110100110100100
1000000000110001000000001111110000101100110011010111101
1000000000110001000000001111110000101100110101001111101
1000000000110001000100010001111000100100100010010111101
1000000000110001000100010001111000100100100100001111101
1000000000110001110100011101110001101000100100100101111
1000000000110001110100011101110001101000101000010101111
1000000000110001110111100000001111101000100100100101111
1000000000110001110111100000001111101000101000010101111
1000000000110001110111100001110001101001100110101100100
1000000000110001110111100001110001101001101010011100100
1000000000110001110111100001110001101100101101010101111
1000000000110001110111100001110001101100110100110101111
1000000000111000000100001111111000111000101001001010101
1000000000111000000100001111111000111000101001010001101
1000000000111000000100010001000010000100100000001100100
1000000000111000000100010001000100000010100000001100100
1000000000111000000100011001001001001010100001000111101
1000000000111000000100011001001010001001100001000111101
1000000000111000000100100001000100001000000001010110101
1000000000111000000100100001000100001000000101000100001
1000000000111000000100100001001000000100000001010110101
1000000000111000000100100001001000000100000101000100001
1000000000111000000100100101000110001010000001000100001
1000000000111000000100100101001010000110000001000100001
1000000000111000000100110001001100010100000001010110101
1000000000111000000100110001010010010100000001110101111
1000000000111000000100110001010100001100000001010110101
1000000000111000000100110001010100010010000001110101111
1000000000111000000100111001010110011010000001110101111
1000000000111000000100111001011010010110000001110101111
1000000000111000000101000001001000010000101001001010101
1000000000111000000101000001001000010000101001010001101
1000000000111000000101000001001000010000101101011101101
1000000000111000000101000001001000010000101101101011101
1000000000111000000101000001010000001000101001001010101
1000000000111000000101000001010000001000101001010001101
1000000000111000000101000001010000001000101101011101101
1000000000111000000101000001010000001000101101101011101
1000000000111000000101000101001010010010101001100100011
1000000000111000000101000101001010010010101001100100101
1000000000111000000101000101010010001010101001100100011
1000000000111000000101000101010010001010101001100100101
1000000000111000000101001001001001010010010000000000101
1000000000111000000101001001001001010010010100001100101
1000000000111000000101001001001001010010011000010001101
1000000000111000000101001001001001010010100001000000101
1000000000111000000101001001001001010010101001010001101
1000000000111000000101001001001010010001010000000000101
1000000000111000000101001001001010010001010010010100101
1000000000111000000101001001001010010001100001000000101
1000000000111000000101001001001010010001100011010100101
1000000000111000000101001001001100010100100001000000101
1000000000111000000101001001001100010100100101010010011
1000000000111000000101001001010001001010010010010100101
1000000000111000000101001001010001001010100011010100101
1000000000111000000101001001010010001001010100001100101
1000000000111000000101001001010010001001011000010001101
1000000000111000000101001001010010001001101001010001101
1000000000111000000101001001010100001100100001000000101
1000000000111000000101001001010100001100100101010010011
1000000000111000000101001101001011010101010000000000101
1000000000111000000101001101001011010101100001000000101
1000000000111000000101001101001101010011010000000000101
1000000000111000000101001101001101010011100001000000101
1000000000111000000101010001100010100100100010000100100
1000000000111000000101010001100010100100100010001100100
1000000000111000000101010001100100100010100010000100100
1000000000111000000101010001100100100010100010001100100
1000000000111000000101100001011000101000100011010100101
1000000000111000000101100001011000101000100101001100101
1000000000111000000101100001011000101000100111101110101
1000000000111000000101100001011000101000101001100100101
1000000000111000000101100001011000101000101011011110101
1000000000111000000101100001011000101000101101110110101
1000000000111000000101100001100100101000111001010110101
1000000000111000000101100001100100101000111101010110101
1000000000111000000101100001101000011000100011010100101
1000000000111000000101100001101000011000100101001100101
1000000000111000000101100001101000011000100111101110101
1000000000111000000101100001101000011000101001100100101
1000000000111000000101100001101000011000101011011110101
1000000000111000000101100001101000011000101101110110101
1000000000111000000101100001101000100100111001010110101
1000000000111000000101100001101000100100111101010110101
1000000000111000000101100101011010101010101001100100001
1000000000111000000101100101011010101010101001100100011
1000000000111000000101100101100110101010111001000100001
1000000000111000000101100101101010011010101001100100001
1000000000111000000101100101101010011010101001100100011
1000000000111000000101100101101010100110111001000100001
1000000000111000000101101001011001101010010100100001101
1000000000111000000101101001011001101010010110110101101
1000000000111000000101101001011001101010011100101011101
1000000000111000000101101001011001101010100101100001101
1000000000111000000101101001011001101010100111110101101
1000000000111000000101101001011001101010101101101011101
1000000000111000000101101001011010101001010010100010101
1000000000111000000101101001011010101001010100001100101
1000000000111000000101101001011010101001010110101110101
1000000000111000000101101001011010101001100011100010101
1000000000111000000101101001011010101001100101001100101
1000000000111000000101101001011010101001100111101110101
1000000000111000000101101001011100101100100101010010011
1000000000111000000101101001011100101100100101010010101
1000000000111000000101101001101001011010010010100010101
1000000000111000000101101001101001011010010100001100101
1000000000111000000101101001101001011010010110101110101
1000000000111000000101101001101001011010100011100010101
1000000000111000000101101001101001011010100101001100101
1000000000111000000101101001101001011010100111101110101
1000000000111000000101101001101010011001010100100001101
1000000000111000000101101001101010011001010110110101101
1000000000111000000101101001101010011001011100101011101
1000000000111000000101101001101010011001100101100001101
1000000000111000000101101001101010011001100111110101101
1000000000111000000101101001101010011001101101101011101
1000000000111000000101101001101100011100100101010010011
1000000000111000000101101001101100011100100101010010101
1000000000111000000101110001101100110100111001010110101
1000000000111000000101110001101100110100111101011111111
1000000000111000000101110001110010110100111101111101111
1000000000111000000101110001110100101100111001010110101
1000000000111000000101110001110100101100111101011111111
1000000000111000000101110001110100110010111101111101111
1000000000111000000101110001111000000111101101011101101
1000000000111000000101110001111000000111101101101011101
1000000000111000000110000000000111111000101001001010101
1000000000111000000110000000000111111000101001010001101
1000000000111000000110000000111000000111101001001010101
1000000000111000000110000000111000000111101001010001101
1000000000111000001101100101011010101010101001100100000
1000000000111000001101100101011010101010101001100100001
1000000000111000001101100101100110101010111001000100001
1000000000111000001101100101101010011010101001100100000
1000000000111000001101100101101010011010101001100100001
1000000000111000001101100101101010100110111001000100001
1000000000111000001101101001011100101100100101010010101
1000000000111000001101101001101100011100100101010010101
1000000000111000001101110001101100110100111001010110100
1000000000111000001101110001101100110100111001010110101
1000000000111000001101110001110100101100111001010110100
1000000000111000001101110001110100101100111001010110101
1000000000111000010100100011000101001001000101000100000
1000000000111000010100100011001001000101000101000100000
1000000000111000010100100101000110001010000001000100001
1000000000111000010100100101001010000110000001000100001
1000000000111000010100110001001100010100000001000100001
1000000000111000010100110001010100001100000001000100001
1000000000111000010101001001001100010100100001000000001
1000000000111000010101001001001100010100100001000000010
1000000000111000010101001001001100010100100001000000101
1000000000111000010101001001001100010100100001000000111
1000000000111000010101001001010100001100100001000000001
1000000000111000010101001001010100001100100001000000010
1000000000111000010101001001010100001100100001000000101
1000000000111000010101001001010100001100100001000000111
1000000000111000010101100001011000101000101001100100010
1000000000111000010101100001011000101000101001100100101
1000000000111000010101100001100100101000000111000100000
1000000000111000010101100001100100101000000111000100001
1000000000111000010101100001100100101000111101001101010
1000000000111000010101100001101000011000101001100100010
1000000000111000010101100001101000011000101001100100101
1000000000111000010101100001101000100100000111000100000
1000000000111000010101100001101000100100000111000100001
1000000000111000010101100001101000100100111101001101010
1000000000111000010101100011011001101001101001100100100
1000000000111000010101100011101001011001101001100100100
1000000000111000010101100101011010101010101001100100001
1000000000111000010101100101100110101010111001000100001
1000000000111000010101100101101010011010101001100100001
1000000000111000010101100101101010100110111001000100001
1000000000111000010101110001101100110100111001010110101
1000000000111000010101110001110100101100111001010110101
1000000000111000100101000101001010010010100001000000001
1000000000111000100101000101001010010010101001100100111
1000000000111000100101000101010010001010100001000000001
1000000000111000100101000101010010001010101001100100111
1000000000111000100101001001001100010100100101010010111
1000000000111000100101001001010100001100100101010010111
1000000000111000100101001101001110010110100001000000111
1000000000111000100101001101010110001110100001000000111
1000000000111000100101100001011000101000100101010010001
1000000000111000100101100001011000101000101101110110111
1000000000111000100101100001101000011000100101010010001
1000000000111000100101100001101000011000101101110110111
1000000000111000100101100101011010101010101001100100010
1000000000111000100101100101011010101010101001100100011
1000000000111000100101100101011010101010101001100100111
1000000000111000100101100101101010011010101001100100010
1000000000111000100101100101101010011010101001100100011
1000000000111000100101100101101010011010101001100100111
1000000000111000100101101001011100101100100101010010111
1000000000111000100101101001101100011100100101010010111
1000000000111001000101001001100001100010110001000111101
1000000000111001000101001001100010100001110001000111101
1000000000111010000100011101001011001101000001000111101
1000000000111010000100011101001101001011000001000111101
1000000000111010000100111001011001011010000001111111101
1000000000111010000100111001011010011001000001111111101
1000000000111010000101001001100001100010001111000000101
1000000000111010000101001001100001100010110001000000101
1000000000111010000101001001100010100001001111000000101
1000000000111010000101001001100010100001110001000000101
1000000000111010000101001101100011100101001111000000101
1000000000111010000101001101100101100011001111000000101
1000000000111010000101010001100010100100100010001100100
1000000000111010000101010001100100100010100010001100100
1000000000111010000101110001110010110100011101111101111
1000000000111010000101110001110100110010011101111101111
1000000000111100000000011101011000110010101001110101111
1000000000111100000000011101011000110100100101110101111
1000000000111100000000011111011000110010101001110101111
1000000000111100000000011111011000110100100101110101111
1000000000111100000000111001010001100101010011010110100
1000000000111100000000111001010001101001001011010110100
1000000000111100000000111101011000101100101001011111111
1000000000111100000000111101011000110010101001111101111
1000000000111100000000111101011000110100011001011111111
1000000000111100000000111101011000110100100101111101111
1000000000111100000100001101000011000101100000000000101
1000000000111100000100001101000101000011100000000000101
1000000000111100000100010011000011000101100000000100100
1000000000111100000100010011000101000011100000000100100
1000000000111100000100011001000110001010000010000100100
1000000000111100000100011001001010000110000010000100100
1000000000111100000100100101000110001010000011000100000
1000000000111100000100100101000110001010000011000100001
1000000000111100000100100101000110001010000101000100001
1000000000111100000100100101001010000110000011000100000
1000000000111100000100100101001010000110000011000100001
1000000000111100000100100101001010000110000101000100001
1000000000111100000100110001001100010100000011010110101
1000000000111100000100110001001100010100000101000100001
1000000000111100000100110001001100010100000101010110101
1000000000111100000100110001010010010100100001110101111
1000000000111100000100110001010100001100000011010110101
1000000000111100000100110001010100001100000101000100001
1000000000111100000100110001010100001100000101010110101
1000000000111100000100110001010100010010100001110101111
1000000000111100000100111001010110011010000011110101111
1000000000111100000100111001010110011010100001111101111
1000000000111100000100111001011001011010100001111111101
1000000000111100000100111001011010010110000011110101111
1000000000111100000100111001011010010110100001111101111
1000000000111100000100111001011010011001100001111111101
1000000000111100000101001001100001100010101110000000101
1000000000111100000101001001100001100010101111000000101
1000000000111100000101001001100010100001101110000000101
1000000000111100000101001001100010100001101111000000101
1000000000111100000101011001100110101010111100000101111
1000000000111100000101011001101010100110111100000101111
1000000000111100000101100001100100101000111001010110101
1000000000111100000101100001100100101000111011010110100
1000000000111100000101100001100100101000111011010110101
1000000000111100000101100001100100101000111101000100001
1000000000111100000101100001100100101000111101010110101
1000000000111100000101100001101000100100111001010110101
1000000000111100000101100001101000100100111011010110100
1000000000111100000101100001101000100100111011010110101
1000000000111100000101100001101000100100111101000100001
1000000000111100000101100001101000100100111101010110101
1000000000111100000101100101100110101010111101000100001
1000000000111100000101100101101010100110111101000100001
1000000000111100000101110001101100110100111101010110101
1000000000111100000101110001110010110100111101110101111
1000000000111100000101110001110100101100111101010110101
1000000000111100000101110001110100110010111101110101111
1000000000111100000111000001001001100011001010000100100
1000000000111100000111000001001001100101000110000100100
1000000000111100000111000001010010100110010101000100001
1000000000111100000111000001010010101010001101000100001
1000000000111100000111000001010100110001100101000000101
1000000000111100000111000001010100110010100011000000101
1000000000111100000111000001011000101100101001010110101
1000000000111100000111000001011000110010101000001100100
1000000000111100000111000001011000110010101001110101111
1000000000111100000111000001011000110100011001010110101
1000000000111100000111000001011000110100100100001100100
1000000000111100000111000001011000110100100101110101111
1000000000111100000111000001011001101101101011010110100
1000000000111100000111000001011001110101011011010110100
1000000000111100000111000001011010101110101101000100001
1000000000111100000111000001011010110110011101000100001
1000000000111100000111000001011100110110110101110101111
1000000000111100000111000001011100111010101101110101111
1000000000111100000111000101011010101110101101000100001
1000000000111100000111000101011010110110011101000100001
1000000000111100000111100001011100110110110101110101111
1000000000111100000111100001011100111010101101110101111
1000000000111100010000111101010001100101010011000100000
1000000000111100010000111101010001101001001011000100000
1000000000111100010101110001101100110100111101001101010
1000000000111100010101110001110100101100111101001101010
1000000000111100010111000101011001101101101011000100000
1000000000111100010111000101011001110101011011000100000
1000000000111101000100011101001011001101100000000111101
1000000000111101000100011101001101001011100000000111101
1000000000111101000101001101100011100101101110000000101
1000000000111101000101001101100101100011101110000000101
1000000000111101000101101001110001110010101110111000101
1000000000111101000101101001110010110001101110111000101
1000000000111101000111100001011100111001110100111111101
1000000000111101000111100001011100111010110010111111101
1000000000111110000101101001110001110010101111111000101
1000000000111110000101101001110010110001101111111000101
1000000000111110000111000011011001110011101011110100100
1000000000111110000111000011011001110101100111110100100
1000000000111110000111010001010110110011101010111000101
1000000000111110000111010001010110110101100110111000101
1000000000111110000111100001010110110011101011111000101
1000000000111110000111100001010110110101100111111000101
1000000000111110000111100001011001110011101011111100100
1000000000111110000111100001011001110101100111111100100
1000000000111110000111100001110001101101101111011100100
1000000000111110000111100001110001101101110110111100100
1000000001000000011101100001100100101000111001010110101
1000000001000000011101100001101000100100111001010110101
1000000001000000011111000001010010100110010101000100001
1000000001000000011111000001010010101010001101000100001
1000000001000000011111000001011000101100101001010110101
1000000001000000011111000001011000110100011001010110101
1000000001000000111101100001011000101000101001100100110
1000000001000000111101100001101000011000101001100100110
1000000001000001110100000001110000101000100100100100100
1000000001000001110100000001110000101000101000010100100
1000000001000001110100000001110000101100101101010101111
1000000001000001110100000001110000101100110100110101111
1000000001000001110100000011110000101000100100100100100
1000000001000001110100000011110000101000101000010100100
1000000001000001111100000011110000101000100100100100100
1000000001000001111100000011110000101000101000010100100
1000000001000011100000000101010000100100010001010110101
1000000001000011100000000101010000101000001001010110101
1000000001000011100000000111010000100100010001010110101
1000000001000011100000000111010000101000001001010110101
1000000001000011100000111001010000100100010001011111110
1000000001000011100000111001010000101000001001011111110
1000000001000011100100100001000100001000000001010110101
1000000001000011100100100001001000000100000001010110101
1000000001000011100100100101000110001010000001001101010
1000000001000011100100100101001010000110000001001101010
1000000001000011110000100011001000100010001000001100100
1000000001000011110000100011001000100100000100001100100
1000000001000100001100011001000110001010000010000100100
1000000001000100001100011001001010000110000010000100100
1000000001000100001100100001000100001000000101000100000
1000000001000100001100100001001000000100000101000100000
1000000001000100001100100101000110001010000011000100000
1000000001000100001100100101001010000110000011000100000
1000000001000100001100110001001100010100000101010110101
1000000001000100001100110001010100001100000101010110101
1000000001000100001101100001100100101000111011010110100
1000000001000100001101100001100100101000111101010110101
1000000001000100001101100001101000100100111011010110100
1000000001000100001101100001101000100100111101010110101
1000000001000100010100100001000100001000000101000100001
1000000001000100010100100001001000000100000101000100001
1000000001000100011100100001000100001000000101000100000
1000000001000100011100100001000100001000000111000100000
1000000001000100011100100001001000000100000101000100000
1000000001000100011100100001001000000100000111000100000
1000000001000101110100010001000010000100100000000100100
1000000001000101110100010001000100000010100000000100100
1000000001000110001100011001000110001010100000001100100
1000000001000110001100011001001010000110100000001100100
1000000001000110001101010001100010100100111100001100100
1000000001000110001101010001100100100010111100001100100
1000000001000111000101000001001000010000101001100100000
1000000001000111000101000001001000010000101001100100100
1000000001000111000101000001001000010000101001100100110
1000000001000111000101000001001000010000101101110110101
1000000001000111000101000001010000001000101001100100000
1000000001000111000101000001010000001000101001100100100
1000000001000111000101000001010000001000101001100100110
1000000001000111000101000001010000001000101101110110101
1000000001000111000101001001001100010100100101010010101
1000000001000111000101001001010100001100100101010010101
1000000001000111000101100001011000101000101101110110101
1000000001000111000101100001101000011000101101110110101
1000000001000111001101001001001100010100100101010010101
1000000001000111001101001001010100001100100101010010101
1000000001000111001101100001011000101000101101110110101
1000000001000111001101100001101000011000101101110110101
1000000001000111010101000001001000010000101001100100000
1000000001000111010101000001001000010000101001100100100
1000000001000111010101000001001000010000101001100100101
1000000001000111010101000001010000001000101001100100000
1000000001000111010101000001010000001000101001100100100
1000000001000111010101000001010000001000101001100100101
1000000001000111100100100001000100001000000011010110100
1000000001000111100100100001000100001000000101000100000
1000000001000111100100100001000100001000000101010110101
1000000001000111100100100001001000000100000011010110100
1000000001000111100100100001001000000100000101000100000
1000000001000111100100100001001000000100000101010110101
1000000001000111100101000001001000010000100101010010001
1000000001000111100101000001001000010000101101110110111
1000000001000111100101000001010000001000100101010010001
1000000001000111100101000001010000001000101101110110111
1000000001000111100101000101001010010010101001100100010
1000000001000111100101000101010010001010101001100100010
1000000001000111100101100001011000101000101101110110010
1000000001000111100101100001101000011000101101110110010
1000000001001110000100000000001110101000100100100100100
1000000001001110000100000000001110101000101000010100100
1000000001001110000100000001110000101100101101010100100
1000000001001110000100000001110000101100110100110100100
1000000001001110001100000010001110101000100100100100100
1000000001001110001100000010001110101000101000010100100
1000000001001110001100000011110000101100101101010100100
1000000001001110001100000011110000101100110100110100100
1000000001011100000000000101010000100100010001000100000
1000000001011100000000000101010000101000001001000100000
1000000001011100000000000101010010100110010101000100001
1000000001011100000000000101010010101010001101000100001
1000000001011100000000000101011000101100101001000100000
1000000001011100000000000101011000101100101001010110101
1000000001011100000000000101011000110100011001000100000
1000000001011100000000000101011000110100011001010110101
1000000001011100000000000111010010100110010101000100001
1000000001011100000000000111010010101010001101000100001
1000000001011100000000000111011000101100101001000100000
1000000001011100000000000111011000101100101001010110101
1000000001011100000000000111011000110100011001000100000
1000000001011100000000000111011000110100011001010110101
1000000001011100000000100001001000100010001000000100100
1000000001011100000000100001001000100010001000001100100
1000000001011100000000100001001000100100000100000100100
1000000001011100000000100001001000100100000100001100100
1000000001011100000000100011001100100110010100000100100
1000000001011100000000100011001100101010001100000100100
1000000001011100000000100011011000110010101001110100100
1000000001011100000000100011011000110100100101110100100
1000000001011100010000000111011000101100101001000100000
1000000001011100010000000111011000110100011001000100000
1000000001011110000000100011001100100110010100001100100
1000000001011110000000100011001100101010001100001100100
1000000001011110000000100011011000110010101001111100100
1000000001011110000000100011011000110100100101111100100
1000000001100000011000111001010000100100010001010110101
1000000001100000011000111001010000101000001001010110101
1000000001100000011111000001010000100100010001000100000
1000000001100000011111000001010000101000001001000100000
1000000001100000011111000001010010100110010101000100001
1000000001100000011111000001010010101010001101000100001
1000000001100000011111000001011000101100101001000100000
1000000001100000011111000001011000101100101001010110101
1000000001100000011111000001011000110100011001000100000
1000000001100000011111000001011000110100011001010110101
1000000001100000011111000101011000101100101001000100000
1000000001100000011111000101011000110100011001000100000
1000000001100001110011100000000001101000100100100100100
1000000001100001110011100000000001101000101000010100100
1000000001100001110100011101110000101000100100100101111
1000000001100001110100011101110000101000101000010101111
1000000001100001110111100001011000110010101001110101111
1000000001100001110111100001011000110100100101110101111
1000000001100001110111100001110000101001100110101100100
1000000001100001110111100001110000101001101010011100100
1000000001100001110111100001110000101100101101010101111
1000000001100001110111100001110000101100110100110101111
1000000001100010001111100001011000110010101001111100100
1000000001100010001111100001011000110100100101111100100
1000000001100011100111000001010000100100010001010110100
1000000001100011100111000001010000100100010001010110101
1000000001100011100111000001010000101000001001010110100
1000000001100011100111000001010000101000001001010110101
1000000001100011100111000001010010100110010101000100000
1000000001100011100111000001010010100110010101000100001
1000000001100011100111000001010010101010001101000100000
1000000001100011100111000001010010101010001101000100001
1000000001100011100111000001011000101100101001010110100
1000000001100011100111000001011000101100101001010110101
1000000001100011100111000001011000110100011001010110100
1000000001100011100111000001011000110100011001010110101
1000000001101110000011100000000001101100101101010100100
1000000001101110000011100000000001101100110100110100100
1000000001110000000000011101110000101001100110101100100
1000000001110000000000011101110000101001101010011100100
1000000001110000000000011101110000101100101101010101111
1000000001110000000000011101110000101100110100110101111
1000000001110000001000011101110000101000100100100100100
1000000001110000001000011101110000101000101000010100100
1000000001110000001011100000001110101000100100100100100
1000000001110000001011100000001110101000101000010100100
1000000001110000001100000011110000101000100100100100100
1000000001110000001100000011110000101000101000010100100
1000000001110000001100000011110000101100101101010100100
1000000001110000001100000011110000101100110100110100100
1000000001111000000100010001000010000100100000001100100
1000000001111000000100010001000100000010100000001100100
1000000001111000000100100001000100001000000001000100000
1000000001111000000100100001000100001000000001010110101
1000000001111000000100100001000100001000000101000100000
1000000001111000000100100001001000000100000001000100000
1000000001111000000100100001001000000100000001010110101
1000000001111000000100100001001000000100000101000100000
1000000001111000000100100101000110001010000001000100001
1000000001111000000100100101001010000110000001000100001
1000000001111000000100110001001100010100000001010110101
1000000001111000000100110001010010010100000001110100100
1000000001111000000100110001010100001100000001010110101
1000000001111000000100110001010100010010000001110100100
1000000001111000000101000001001000010000101001100100110
1000000001111000000101000001010000001000101001100100110
1000000001111000000101000101001010010010101001100100011
1000000001111000000101000101001010010010101001100100101
1000000001111000000101000101010010001010101001100100011
1000000001111000000101000101010010001010101001100100101
1000000001111000000101001001001100010100100001000000100
1000000001111000000101001001001100010100100001000000110
1000000001111000000101001001010100001100100001000000100
1000000001111000000101001001010100001100100001000000110
1000000001111000000101010001100010100100100010000100100
1000000001111000000101010001100100100010100010000100100
1000000001111000000101100001011000101000101001100100000
1000000001111000000101100001011000101000101001100100100
1000000001111000000101100001011000101000101001100100110
1000000001111000000101100001011000101000101101110110101
1000000001111000000101100001100100101000000111000100000
1000000001111000000101100001100100101000111001000100000
1000000001111000000101100001100100101000111001010110100
1000000001111000000101100001100100101000111001010110101
1000000001111000000101100001100100101000111101010110101
1000000001111000000101100001101000011000101001100100000
1000000001111000000101100001101000011000101001100100100
1000000001111000000101100001101000011000101001100100110
1000000001111000000101100001101000011000101101110110101
1000000001111000000101100001101000100100000111000100000
1000000001111000000101100001101000100100111001000100000
1000000001111000000101100001101000100100111001010110100
1000000001111000000101100001101000100100111001010110101
1000000001111000000101100001101000100100111101010110101
1000000001111000000101100011100101101001111001010110100
1000000001111000000101100011101001100101111001010110100
1000000001111000000101100101011010101010101001100100000
1000000001111000000101100101011010101010101001100100001
1000000001111000000101100101100110101010111001000100001
1000000001111000000101100101101010011010101001100100000
1000000001111000000101100101101010011010101001100100001
1000000001111000000101100101101010100110111001000100001
1000000001111000000101101001011100101100100101010010101
1000000001111000000101101001101100011100100101010010101
1000000001111000000101110001101100110100111001010110100
1000000001111000000101110001101100110100111001010110101
1000000001111000000101110001101100110100111001011111110
1000000001111000000101110001110100101100111001010110100
1000000001111000000101110001110100101100111001010110101
1000000001111000000101110001110100101100111001011111110
1000000001111000001100110001001100010100000001010110101
1000000001111000001100110001010100001100000001010110101
1000000001111000001101001001001100010100100001000000100
1000000001111000001101001001010100001100100001000000100
1000000001111000001101100101011010101010101001100100000
1000000001111000001101100101101010011010101001100100000
1000000001111000001101101001011100101100100101010010101
1000000001111000001101101001101100011100100101010010101
1000000001111000001101110001101100110100111001010110100
1000000001111000001101110001110100101100111001010110100
1000000001111000010100100101000110001010000001000100001
1000000001111000010100100101001010000110000001000100001
1000000001111000010100110001001100010100000001000100000
1000000001111000010100110001010100001100000001000100000
1000000001111000010101001001001100010100100001000000000
1000000001111000010101001001001100010100100001000000100
1000000001111000010101001001001100010100100001000000101
1000000001111000010101001001010100001100100001000000000
1000000001111000010101001001010100001100100001000000100
1000000001111000010101001001010100001100100001000000101
1000000001111000010101100001011000101000101001100100100
1000000001111000010101100001011000101000101001100100101
1000000001111000010101100001100100101000000111000100000
1000000001111000010101100001101000011000101001100100100
1000000001111000010101100001101000011000101001100100101
1000000001111000010101100001101000100100000111000100000
1000000001111000010101100101011010101010101001100100001
1000000001111000010101100101100110101010111001000100001
1000000001111000010101100101101010011010101001100100001
1000000001111000010101100101101010100110111001000100001
1000000001111000010101110001101100110100111001010110101
1000000001111000010101110001110100101100111001010110101
1000000001111000100101000101001010010010100001000000001
1000000001111000100101000101001010010010101001100100111
1000000001111000100101000101010010001010100001000000001
1000000001111000100101000101010010001010101001100100111
1000000001111000100101001001001100010100100001000000110
1000000001111000100101001001001100010100100101010010111
1000000001111000100101001001010100001100100001000000110
1000000001111000100101001001010100001100100101010010111
1000000001111000100101001101001110010110100001000000111
1000000001111000100101001101010110001110100001000000111
1000000001111000100101100001011000101000100001000000100
1000000001111000100101100001011000101000100101010010001
1000000001111000100101100001011000101000101101110110111
1000000001111000100101100001101000011000100001000000100
1000000001111000100101100001101000011000100101010010001
1000000001111000100101100001101000011000101101110110111
1000000001111000100101100101011010101010101001100100010
1000000001111000100101100101011010101010101001100100111
1000000001111000100101100101101010011010101001100100010
1000000001111000100101100101101010011010101001100100111
1000000001111000100101101001011100101100100101010010111
1000000001111000100101101001101100011100100101010010111
1000000001111100000100011001000110001010000010000100100
1000000001111100000100011001000110001010100000000100100
1000000001111100000100011001001010000110000010000100100
1000000001111100000100011001001010000110100000000100100
1000000001111100000100011011000111001011100000000100100
1000000001111100000100011011001011000111100000000100100
1000000001111100000100100101000110001010000011000100000
1000000001111100000100100101000110001010000101000100001
1000000001111100000100100101001010000110000011000100000
1000000001111100000100100101001010000110000101000100001
1000000001111100000100110001001100010100000101000100000
1000000001111100000100110001001100010100000101010110101
1000000001111100000100110001010010010100100001110100100
1000000001111100000100110001010100001100000101000100000
1000000001111100000100110001010100001100000101010110101
1000000001111100000100110001010100010010100001110100100
1000000001111100000101010001100010100100011100000100100
1000000001111100000101010001100010100100111100000100100
1000000001111100000101010001100100100010011100000100100
1000000001111100000101010001100100100010111100000100100
1000000001111100000101010011100011100101111100000100100
1000000001111100000101010011100101100011111100000100100
1000000001111100000101011001100110101010111100000100100
1000000001111100000101011001100110101010111100000101111
1000000001111100000101011001101010100110111100000100100
1000000001111100000101011001101010100110111100000101111
1000000001111100000101100001100100101000111001010110101
1000000001111100000101100001100100101000111011010110100
1000000001111100000101100001100100101000111101000100000
1000000001111100000101100001100100101000111101010110101
1000000001111100000101100001101000100100111001010110101
1000000001111100000101100001101000100100111011010110100
1000000001111100000101100001101000100100111101000100000
1000000001111100000101100001101000100100111101010110101
1000000001111100000101100101100110101010111101000100000
1000000001111100000101100101100110101010111101000100001
1000000001111100000101100101101010100110111101000100000
1000000001111100000101100101101010100110111101000100001
1000000001111100000101110001101100110100111011010110101
1000000001111100000101110001101100110100111101010110101
1000000001111100000101110001110010110100111101110101111
1000000001111100000101110001110100101100111011010110101
1000000001111100000101110001110100101100111101010110101
1000000001111100000101110001110100110010111101110101111
1000000001111100000111000001001100100110010100000100100
1000000001111100000111000001001100101010001100000100100
1000000001111100000111000001010010100110010101000100000
1000000001111100000111000001010010100110010101000100001
1000000001111100000111000001010010101010001101000100000
1000000001111100000111000001010010101010001101000100001
1000000001111100000111000001011000101100101001010110101
1000000001111100000111000001011000110010101000001100100
1000000001111100000111000001011000110100011001010110101
1000000001111100000111000001011000110100100100001100100
1000000001111100000111000001011010101110101101000100000
1000000001111100000111000001011010101110101101000100001
1000000001111100000111000001011010110110011101000100000
1000000001111100000111000001011010110110011101000100001
1000000001111100000111000101011010101110101101000100000
1000000001111100000111000101011010101110101101000100001
1000000001111100000111000101011010110110011101000100000
1000000001111100000111000101011010110110011101000100001
1000000001111100000111100001011001110011101011110100100
1000000001111100000111100001011001110101100111110100100
1000000001111100000111100001011100110110110101110101111
1000000001111100000111100001011100111010101101110101111
1000000010000000011101000001001000010000101001100100010
1000000010000000011101000001001000010000101001100100101
1000000010000000011101000001010000001000101001100100010
1000000010000000011101000001010000001000101001100100101
1000000010000000011101100001011000101000101001100100010
1000000010000000011101100001011000101000101001100100101
1000000010000000011101100001101000011000101001100100010
1000000010000000011101100001101000011000101001100100101
1000000010000000101101000001001000010000101001100100110
1000000010000000101101000001010000001000101001100100110
1000000010000000101101100001011000101000101001100100110
1000000010000000101101100001101000011000101001100100110
1000000010000000110101000001001000010000101001100100111
1000000010000000110101000001010000001000101001100100111
1000000010000000110101100001011000101000101001100100010
1000000010000000110101100001101000011000101001100100010
1000000010000000111101100001011000101000101001100100010
1000000010000000111101100001101000011000101001100100010
1000000010000011100000000011010000100100010001010110101
1000000010000011100000000011010000101000001001010110101
1000000010000011100100100001000100001000000001010110101
1000000010000011100100100001001000000100000001010110101
1000000010000011110101100001100100101000111001010110101
1000000010000011110101100001101000100100111001010110101
1000000010000011110111000001011000101100101001010110101
1000000010000011110111000001011000110100011001010110101
1000000010000100001100100001000100001000000101000100000
1000000010000100001100100001000100001000000101000100001
1000000010000100001100100001001000000100000101000100000
1000000010000100001100100001001000000100000101000100001
1000000010000100001100100101000110001010000011000100001
1000000010000100001100100101001010000110000011000100001
1000000010000100001100110001001100010100000011010110101
1000000010000100001100110001010100001100000011010110101
1000000010000100001101100001100100101000111011010110101
1000000010000100001101100001101000100100111011010110101
1000000010000100011100100001000100001000000011000100000
1000000010000100011100100001000100001000000101000100001
1000000010000100011100100001001000000100000011000100000
1000000010000100011100100001001000000100000101000100001
1000000010000111000101000001001000010000101001100100010
1000000010000111000101000001001000010000101001100100101
1000000010000111000101000001010000001000101001100100010
1000000010000111000101000001010000001000101001100100101
1000000010000111000101000011001001010001101001100100100
1000000010000111000101000011010001001001101001100100100
1000000010000111010101000001001000010000101001100100001
1000000010000111010101000001001000010000101001100100010
1000000010000111010101000001001000010000101001100100101
1000000010000111010101000001010000001000101001100100001
1000000010000111010101000001010000001000101001100100010
1000000010000111010101000001010000001000101001100100101
1000000010000111100100100001000100001000000011010110101
1000000010000111100100100001000100001000000101000100001
1000000010000111100100100001001000000100000011010110101
1000000010000111100100100001001000000100000101000100001
1000000010000111100101000001001000010000101001100100110
1000000010000111100101000001010000001000101001100100110
1000000010000111100101000101001010010010101001100100011
1000000010000111100101000101010010001010101001100100011
1000000010000111100101100001011000101000101101110110011
1000000010000111100101100001011000101000101101110110101
1000000010000111100101100001100100101000111101010110101
1000000010000111100101100001101000011000101101110110011
1000000010000111100101100001101000011000101101110110101
1000000010000111100101100001101000100100111101010110101
1000000010011100000000000011010000100100010001000100000
1000000010011100000000000011010000101000001001000100000
1000000010011100000000000011010010100110010101000100001
1000000010011100000000000011010010101010001101000100001
1000000010011100000000000011011000101100101001000100000
1000000010011100000000000011011000101100101001010110101
1000000010011100000000000011011000110100011001000100000
1000000010011100000000000011011000110100011001010110101
1000000010011100000000000111011000101100101001000100000
1000000010011100000000000111011000110100011001000100000
1000000010011100001000000111011000101100101001000100000
1000000010011100001000000111011000110100011001000100000
1000000010011100010000000111011000101100101001000100000
1000000010011100010000000111011000101100101001000100001
1000000010011100010000000111011000110100011001000100000
1000000010011100010000000111011000110100011001000100001
1000000010100000001000000011011000101100101001010110101
1000000010100000001000000011011000110100011001010110101
1000000010100000001000111001010000100100010001010110101
1000000010100000001000111001010000101000001001010110101
1000000010100000001111000001010000100100010001000100000
1000000010100000001111000001010000101000001001000100000
1000000010100000001111000001010010100110010101000100001
1000000010100000001111000001010010101010001101000100001
1000000010100000001111000001011000101100101001000100000
1000000010100000001111000001011000101100101001010110101
1000000010100000001111000001011000110100011001000100000
1000000010100000001111000001011000110100011001010110101
1000000010100000001111000101011000101100101001000100000
1000000010100000001111000101011000110100011001000100000
1000000010100000010000111001010000100100010001001101010
1000000010100000010000111001010000101000001001001101010
1000000010100000010111000001010001100101010011000100000
1000000010100000010111000001010001101001001011000100000
1000000010100000010111000001011000101100101001001101010
1000000010100000010111000001011000110100011001001101010
1000000010100000011111000001010000100100010001000100000
1000000010100000011111000001010000101000001001000100000
1000000010100000011111000001011000101100101001000100000
1000000010100000011111000001011000110100011001000100000
1000000010100000011111000101011000101100101001000100000
1000000010100000011111000101011000101100101001000100001
1000000010100000011111000101011000110100011001000100000
1000000010100000011111000101011000110100011001000100001
1000000010100011100111000001010000100100010001000100001
1000000010100011100111000001010000100100010001010110101
1000000010100011100111000001010000101000001001000100001
1000000010100011100111000001010000101000001001010110101
1000000010100011100111000001010010100110010101000100001
1000000010100011100111000001010010101010001101000100001
1000000010100011100111000001011000101100101001010110101
1000000010100011100111000001011000110100011001010110101
1000000010100011110000111101010000100100010001001101010
1000000010100011110000111101010000101000001001001101010
1000000010100011110111000101011000101100101001001101010
1000000010100011110111000101011000110100011001001101010
1000000010111000000100100001000100001000000101000100001
1000000010111000000100100001001000000100000101000100001
1000000010111000000100100101000110001010000001000100001
1000000010111000000100100101001010000110000001000100001
1000000010111000000100110001001100010100000001010110101
1000000010111000000100110001010100001100000001010110101
1000000010111000000101000001001000010000101001100100010
1000000010111000000101000001010000001000101001100100010
1000000010111000000101001001001100010100100001000000010
1000000010111000000101001001001100010100100001000000101
1000000010111000000101001001010100001100100001000000010
1000000010111000000101001001010100001100100001000000101
1000000010111000000101100001011000101000101001100100010
1000000010111000000101100001011000101000101001100100101
1000000010111000000101100001100100101000000111000100000
1000000010111000000101100001100100101000111001010110101
1000000010111000000101100001100100101000111101001101010
1000000010111000000101100001101000011000101001100100010
1000000010111000000101100001101000011000101001100100101
1000000010111000000101100001101000100100000111000100000
1000000010111000000101100001101000100100111001010110101
1000000010111000000101100001101000100100111101001101010
1000000010111000000101100011011001101001101001100100100
1000000010111000000101100011101001011001101001100100100
1000000010111000000101100101011010101010101001100100001
1000000010111000000101100101100110101010111001000100001
1000000010111000000101100101101010011010101001100100001
1000000010111000000101100101101010100110111001000100001
1000000010111000000101110001101100110100111001010110101
1000000010111000000101110001110100101100111001010110101
1000000010111000001101001001001100010100100001000000101
1000000010111000001101001001010100001100100001000000101
1000000010111000001101100101011010101010101001100100001
1000000010111000001101100101100110101010111001000100001
1000000010111000001101100101101010011010101001100100001
1000000010111000001101100101101010100110111001000100001
1000000010111000001101110001101100110100111001010110101
1000000010111000001101110001110100101100111001010110101
1000000010111000010100100011000101001001000001000100000
1000000010111000010100100011001001000101000001000100000
1000000010111000010100110001001100010100000001000100001
1000000010111000010100110001010100001100000001000100001
1000000010111000010101001001001100010100100001000000001
1000000010111000010101001001001100010100100001000000010
1000000010111000010101001001001100010100100001000000101
1000000010111000010101001001010100001100100001000000001
1000000010111000010101001001010100001100100001000000010
1000000010111000010101001001010100001100100001000000101
1000000010111000010101100001011000101000101001100100010
1000000010111000010101100001011000101000101001100100101
1000000010111000010101100001100100101000000111000100001
1000000010111000010101100001100100101000111001001101010
1000000010111000010101100001101000011000101001100100010
1000000010111000010101100001101000011000101001100100101
1000000010111000010101100001101000100100000111000100001
1000000010111000010101100001101000100100111001001101010
1000000010111000010101100011011001101001101001100100000
1000000010111000010101100011100101101001111001000100000
1000000010111000010101100011101001011001101001100100000
1000000010111000010101100011101001100101111001000100000
1000000010111000010101110001101100110100111001001101010
1000000010111000010101110001101100110100111001010110101
1000000010111000010101110001110100101100111001001101010
1000000010111000010101110001110100101100111001010110101
1000000010111000100101001001001100010100100001000000010
1000000010111000100101001001001100010100100001000000110
1000000010111000100101001001010100001100100001000000010
1000000010111000100101001001010100001100100001000000110
1000000010111000100101100001011000101000100001000000101
1000000010111000100101100001011000101000101001100100110
1000000010111000100101100001101000011000100001000000101
1000000010111000100101100001101000011000101001100100110
1000000010111000100101100101011010101010101001100100011
1000000010111000100101100101101010011010101001100100011
1000000010111100000100100101000110001010000011000100001
1000000010111100000100100101001010000110000011000100001
1000000010111100000100110001001100010100000011010110101
1000000010111100000100110001001100010100000101000100001
1000000010111100000100110001010100001100000011010110101
1000000010111100000100110001010100001100000101000100001
1000000010111100000101100001100100101000111001000100001
1000000010111100000101100001100100101000111001010110101
1000000010111100000101100001100100101000111011010110101
1000000010111100000101100001100100101000111101000100001
1000000010111100000101100001100100101000111101001101010
1000000010111100000101100001101000100100111001000100001
1000000010111100000101100001101000100100111001010110101
1000000010111100000101100001101000100100111011010110101
1000000010111100000101100001101000100100111101000100001
1000000010111100000101100001101000100100111101001101010
1000000010111100000101100011100101101001111101000100000
1000000010111100000101100011101001100101111101000100000
1000000010111100000101110001101100110100111101010110101
1000000010111100000101110001110100101100111101010110101
1000000010111100000111000001010010100110010101000100001
1000000010111100000111000001010010101010001101000100001
1000000010111100000111000001011000101100101001000100001
1000000010111100000111000001011000101100101001010110101
1000000010111100000111000001011000110100011001000100001
1000000010111100000111000001011000110100011001010110101
1000000010111100000111000001011010101110101101000100001
1000000010111100000111000001011010110110011101000100001
1000000010111100000111000101011001101101101011000100000
1000000010111100000111000101011001110101011011000100000
1000000010111100010101110001101100110100111101001101010
1000000010111100010101110001110100101100111101001101010
1000000011000011110101100001100100101000111001010110101
1000000011000011110101100001101000100100111001010110101
1000000011000011110111000001011000101100101001010110101
1000000011000011110111000001011000110100011001010110101
1000000011000100011100100001000100001000000101000100001
1000000011000100011100100001001000000100000101000100001
1000000011000111010101000001001000010000101001100100000
1000000011000111010101000001001000010000101001100100001
1000000011000111010101000001001000010000101001100100010
1000000011000111010101000001001000010000101001100100101
1000000011000111010101000001010000001000101001100100000
1000000011000111010101000001010000001000101001100100001
1000000011000111010101000001010000001000101001100100010
1000000011000111010101000001010000001000101001100100101
1000000011000111100100100001000100001000000011010110101
1000000011000111100100100001000100001000000101000100000
1000000011000111100100100001000100001000000101000100001
1000000011000111100100100001001000000100000011010110101
1000000011000111100100100001001000000100000101000100000
1000000011000111100100100001001000000100000101000100001
1000000011000111100101000101001010010010101001100100011
1000000011000111100101000101010010001010101001100100011
1000000011000111100101100001011000101000101101110110011
1000000011000111100101100001011000101000101101110110101
1000000011000111100101100001100100101000111101010110101
1000000011000111100101100001101000011000101101110110011
1000000011000111100101100001101000011000101101110110101
1000000011000111100101100001101000100100111101010110101
1000000011100011100111000001010000100100010001010110101
1000000011100011100111000001010000101000001001010110101
1000000011100011100111000001010010100110010101000100001
1000000011100011100111000001010010101010001101000100001
1000000011100011100111000001011000101100101001010110101
1000000011100011100111000001011000110100011001010110101
1000000011111000001101100101011010101010101001100100001
1000000011111000001101100101100110101010111001000100001
1000000011111000001101100101101010011010101001100100001
1000000011111000001101100101101010100110111001000100001
1000000011111000001101110001101100110100111001010110101
1000000011111000001101110001110100101100111001010110101
1000000011111000010100110001001100010100000001000100000
1000000011111000010100110001001100010100000001000100001
1000000011111000010100110001010100001100000001000100000
1000000011111000010100110001010100001100000001000100001
1000000011111000010101001001001100010100100001000000000
1000000011111000010101001001001100010100100001000000001
1000000011111000010101001001001100010100100001000000010
1000000011111000010101001001001100010100100001000000101
1000000011111000010101001001010100001100100001000000000
1000000011111000010101001001010100001100100001000000001
1000000011111000010101001001010100001100100001000000010
1000000011111000010101001001010100001100100001000000101
1000000011111000010101100001011000101000101001100100010
1000000011111000010101100001011000101000101001100100101
1000000011111000010101100001101000011000101001100100010
1000000011111000010101100001101000011000101001100100101
1000000011111000010101110001101100110100111001010110101
1000000011111000010101110001110100101100111001010110101
1000000011111000100101100101011010101010101001100100011
1000000011111000100101100101101010011010101001100100011
1000000011111100000100100101000110001010000011000100001
1000000011111100000100100101001010000110000011000100001
1000000011111100000100110001001100010100000011010110101
1000000011111100000100110001001100010100000101000100000
1000000011111100000100110001001100010100000101000100001
1000000011111100000100110001010100001100000011010110101
1000000011111100000100110001010100001100000101000100000
1000000011111100000100110001010100001100000101000100001
1000000011111100000101100001100100101000111001010110101
1000000011111100000101100001100100101000111011010110101
1000000011111100000101100001100100101000111101000100000
1000000011111100000101100001100100101000111101000100001
1000000011111100000101100001101000100100111001010110101
1000000011111100000101100001101000100100111011010110101
1000000011111100000101100001101000100100111101000100000
1000000011111100000101100001101000100100111101000100001
1000000011111100000101110001101100110100111101010110101
1000000011111100000101110001110100101100111101010110101
1000000011111100000111000001010010100110010101000100001
1000000011111100000111000001010010101010001101000100001
1000000011111100000111000001011000101100101001010110101
1000000011111100000111000001011000110100011001010110101
1000000011111100000111000001011010101110101101000100001
1000000011111100000111000001011010110110011101000100001
1000000011111100010000111101010001100101010011000100000
1000000011111100010000111101010001101001001011000100000
1000000011111100010111000101011001101101101011000100000
1000000011111100010111000101011001110101011011000100000
1000000100000000011101100001011000101000101001100100100
1000000100000000011101100001101000011000101001100100100
1000000100000000101101100001011000101000100101010010000
1000000100000000101101100001011000101000100101010010001
1000000100000000101101100001101000011000100101010010000
1000000100000000101101100001101000011000100101010010001
1000000100000000110101100001011000101000100101010010001
1000000100000000110101100001011000101000101001100100110
1000000100000000110101100001101000011000100101010010001
1000000100000000110101100001101000011000101001100100110
1000000100000000111101100001011000101000100101010010001
1000000100000000111101100001101000011000100101010010001
1000000100000111000101000001001000010000100101010010001
1000000100000111000101000001001000010000101001100100101
1000000100000111000101000001001000010000101101110110111
1000000100000111000101000001010000001000100101010010001
1000000100000111000101000001010000001000101001100100101
1000000100000111000101000001010000001000101101110110111
1000000100000111000101000101001010010010101001100100010
1000000100000111000101000101001010010010101001100100011
1000000100000111000101000101010010001010101001100100010
1000000100000111000101000101010010001010101001100100011
1000000100000111000101001001001100010100100101010010111
1000000100000111000101001001010100001100100101010010111
1000000100000111000101100001011000101000101101110110010
1000000100000111000101100001011000101000101101110110011
1000000100000111000101100001011000101000101101110110111
1000000100000111000101100001101000011000101101110110010
1000000100000111000101100001101000011000101101110110011
1000000100000111000101100001101000011000101101110110111
1000000100000111001101000101001010010010101001100100010
1000000100000111001101000101010010001010101001100100010
1000000100000111001101001001001100010100100101010010111
1000000100000111001101001001010100001100100101010010111
1000000100000111001101100001011000101000101101110110010
1000000100000111001101100001011000101000101101110110111
1000000100000111001101100001101000011000101101110110010
1000000100000111001101100001101000011000101101110110111
1000000100000111010101000001001000010000101001100100110
1000000100000111010101000001010000001000101001100100110
1000000100000111010101000101001010010010101001100100011
1000000100000111010101000101010010001010101001100100011
1000000100000111010101100001011000101000101101110110011
1000000100000111010101100001101000011000101101110110011
1000000100000111100101000001001000010000100101010010001
1000000100000111100101000001001000010000100101010010011
1000000100000111100101000001010000001000100101010010001
1000000100000111100101000001010000001000100101010010011
1000000100000111100101000101001010010010100011001001000
1000000100000111100101000101001010010010101001100100111
1000000100000111100101000101010010001010100011001001000
1000000100000111100101000101010010001010101001100100111
1000000100000111100101100001011000101000101101110110111
1000000100000111100101100001101000011000101101110110111
1000000100000111110101001001001100010100100101010010111
1000000100000111110101001001010100001100100101010010111
1000000100000111110101100001011000101000101101110110111
1000000100000111110101100001101000011000101101110110111
1000000100100000001000000100001000100000110001000111101
1000000100100000001000000101000000101000110001000111101
1000000100100000001000000101000000111000010100001100101
1000000100100000001000000101000000111000100101001100101
1000000100100000001000000101100000101000110001000111101
1000000100100000010000000010001000100000110001000111101
1000000100100000010000000011000000101000110001000111101
1000000100100000010000000011000000111000010100001100101
1000000100100000010000000011000000111000100101001100101
1000000100100000010000000011100000101000110001000111101
1000000100111000000101000001001000010000100001000000101
1000000100111000000101000001001000010000100101010010001
1000000100111000000101000001010000001000100001000000101
1000000100111000000101000001010000001000100101010010001
1000000100111000000101000101001010010010100001000000001
1000000100111000000101000101001010010010101001100100111
1000000100111000000101000101010010001010100001000000001
1000000100111000000101000101010010001010101001100100111
1000000100111000000101001001001100010100100101010010111
1000000100111000000101001001010100001100100101010010111
1000000100111000000101100001011000101000100001000000101
1000000100111000000101100001011000101000100101010010001
1000000100111000000101100001011000101000101001100100101
1000000100111000000101100001011000101000101101110110111
1000000100111000000101100001101000011000100001000000101
1000000100111000000101100001101000011000100101010010001
1000000100111000000101100001101000011000101001100100101
1000000100111000000101100001101000011000101101110110111
1000000100111000000101100101011010101010101001100100010
1000000100111000000101100101011010101010101001100100011
1000000100111000000101100101101010011010101001100100010
1000000100111000000101100101101010011010101001100100011
1000000100111000000101101001011100101100100101010010111
1000000100111000000101101001101100011100100101010010111
1000000100111000001101101001011100101100100101010010111
1000000100111000001101101001101100011100100101010010111
1000000100111000010101001001001100010100100001000000010
1000000100111000010101001001001100010100100001000000110
1000000100111000010101001001001100010100100001000000111
1000000100111000010101001001010100001100100001000000010
1000000100111000010101001001010100001100100001000000110
1000000100111000010101001001010100001100100001000000111
1000000100111000010101100001011000101000101001100100110
1000000100111000010101100001101000011000101001100100110
1000000100111000010101100101011010101010101001100100011
1000000100111000010101100101101010011010101001100100011
1000000100111000100101000101001010010010100001000000001
1000000100111000100101000101001010010010100001000000011
1000000100111000100101000101010010001010100001000000001
1000000100111000100101000101010010001010100001000000011
1000000100111000100101100001011000101000100101010010001
1000000100111000100101100001011000101000100101010010011
1000000100111000100101100001101000011000100101010010001
1000000100111000100101100001101000011000100101010010011
1000000100111000100101100101011010101010100011001001000
1000000100111000100101100101011010101010101001100100111
1000000100111000100101100101101010011010100011001001000
1000000100111000100101100101101010011010101001100100111
1000000100111000110101000111001011010011100001000000001
1000000100111000110101000111010011001011100001000000001
1000000100111000110101100011011001101001100101010010001
1000000100111000110101100011101001011001100101010010001
1000000100111000110101100101011010101010100011001001001
1000000100111000110101100101101010011010100011001001001
1000000100111000110101101001011100101100100101010010111
1000000100111000110101101001101100011100100101010010111
1000000101000111001101000101001010010010101001100100010
1000000101000111001101000101010010001010101001100100010
1000000101000111001101100001011000101000101101110110010
1000000101000111001101100001101000011000101101110110010
1000000101000111010101000001001000010000101001100100110
1000000101000111010101000001010000001000101001100100110
1000000101000111010101000101001010010010101001100100011
1000000101000111010101000101010010001010101001100100011
1000000101000111010101100001011000101000101101110110011
1000000101000111010101100001101000011000101101110110011
1000000101000111100101000001001000010000100101010010000
1000000101000111100101000001001000010000100101010010001
1000000101000111100101000001010000001000100101010010000
1000000101000111100101000001010000001000100101010010001
1000000101000111100101000101001010010010101001100100111
1000000101000111100101000101010010001010101001100100111
1000000101000111100101100001011000101000101101110110111
1000000101000111100101100001101000011000101101110110111
1000000101000111110101001001001100010100100101010010111
1000000101000111110101001001010100001100100101010010111
1000000101000111110101100001011000101000101101110110111
1000000101000111110101100001101000011000101101110110111
1000000101111000010101001001001100010100100001000000110
1000000101111000010101001001010100001100100001000000110
1000000101111000010101100001011000101000100001000000000
1000000101111000010101100001011000101000101001100100110
1000000101111000010101100001101000011000100001000000000
1000000101111000010101100001101000011000101001100100110
1000000101111000010101100101011010101010101001100100011
1000000101111000010101100101101010011010101001100100011
1000000101111000100101000101001010010010100001000000000
1000000101111000100101000101001010010010100001000000001
1000000101111000100101000101010010001010100001000000000
1000000101111000100101000101010010001010100001000000001
1000000101111000100101000111001011010011100001000000000
1000000101111000100101000111010011001011100001000000000
1000000101111000100101100001011000101000100001000000100
1000000101111000100101100001011000101000100101010010000
1000000101111000100101100001011000101000100101010010001
1000000101111000100101100001101000011000100001000000100
1000000101111000100101100001101000011000100101010010000
1000000101111000100101100001101000011000100101010010001
1000000101111000100101100011011001101001100101010010000
1000000101111000100101100011101001011001100101010010000
1000000101111000100101100101011010101010101001100100111
1000000101111000100101100101101010011010101001100100111
1000000101111000110101101001011100101100100101010010111
1000000101111000110101101001101100011100100101010010111
1000000110000000111101100001011000101000101001100100110
1000000110000000111101100001101000011000101001100100110
1000000110000111001101000101001010010010101001100100011
1000000110000111001101000101010010001010101001100100011
1000000110000111010101000001001000010000101001100100111
1000000110000111010101000001010000001000101001100100111
1000000110000111100101000001001000010000100011001001100
1000000110000111100101000001001000010000100101010010001
1000000110000111100101000001010000001000100011001001100
1000000110000111100101000001010000001000100101010010001
1000000110100000011000001011000000111000011000010001101
1000000110100000011000001011000000111000101001010001101
1000000110100000101000000111000000111000011000010001101
1000000110100000101000000111000000111000101001010001101
1000000110111000001101100001011000101000100001000000101
1000000110111000001101100001101000011000100001000000101
1000000110111000010101001001001100010100100001000000010
1000000110111000010101001001001100010100100001000000111
1000000110111000010101001001010100001100100001000000010
1000000110111000010101001001010100001100100001000000111
1000000110111000010101100001011000101000100001000000001
1000000110111000010101100001011000101000101001100100111
1000000110111000010101100001101000011000100001000000001
1000000110111000010101100001101000011000101001100100111
1000000110111000100101000011001001010001100001000000100
1000000110111000100101000011010001001001100001000000100
1000000110111000100101000101001010010010100001000000001
1000000110111000100101000101010010001010100001000000001
1000000110111000100101001001001100010100100001000000110
1000000110111000100101001001010100001100100001000000110
1000000110111000100101001101001110010110100001000000111
1000000110111000100101001101010110001110100001000000111
1000000110111000100101100001011000101000100001000000010
1000000110111000100101100001011000101000100001000000101
1000000110111000100101100001011000101000100001000000111
1000000110111000100101100001011000101000100011001001100
1000000110111000100101100001011000101000100101010010001
1000000110111000100101100001101000011000100001000000010
1000000110111000100101100001101000011000100001000000101
1000000110111000100101100001101000011000100001000000111
1000000110111000100101100001101000011000100011001001100
1000000110111000100101100001101000011000100101010010001
1000000110111000100101100011011001101001100101010010001
1000000110111000100101100011101001011001100101010010001
1000000110111000100101100101011010101010101001100100111
1000000110111000100101100101101010011010101001100100111
1000000110111000100101101001011100101100100101010010111
1000000110111000100101101001101100011100100101010010111
1000001000000000111100000001110000101100110011010111101
1000001000000000111100000001110000101100110101001111101
1000001000000011000000110001000100100001000101000111101
1000001000000011000000110001000100100010000011000111101
1000001000000011000100001001000001000010000001000111101
1000001000000011000100001001000010000001000001000111101
1000001000000111000100001001000001000010100001000111101
1000001000000111000100001001000010000001100001000111101
1000001000001110000100000001110000100110100110101000101
1000001000001110000100000001110000100110101010011000101
1000001000001110000100000001110000101100110011010111101
1000001000001110000100000001110000101100110101001111101
1000001000001110000100000001110000101110110111101111101
1000001000001110000100000001110000101110111011011111101
1000001000010001000100000001110000100100100010010000101
1000001000010001000100000001110000100100100100001000101
1000001000010001000100000001111000100100100010010111101
1000001000010001000100000001111000100100100100001111101
1000001000011100000000100001000100100001000100000000101
1000001000011100000000100001000100100010000010000000101
1000001000011100000000100001010100110001100100111000101
1000001000011100000000100001010100110010100010111000101
1000001000100000010000001000000000010000000000001100100
1000001000100000010000001000000000010100000101000101111
1000001000100000010000001000000000100000100010001100100
1000001000100000010000001000000000100100100101000101111
1000001000100000010000001000000001010000000000001100100
1000001000100000010000001000010000100000000010001100100
1000001000100000010000001000100000000000000010000100100
1000001000100000010000001000100000000000100000001100100
1000001000100000010000001000100000000000100010001100100
1000001000100000010000001000100000010000000010001100100
1000001000100000010000001000110100010010110001110101111
1000001000100000010000001001000000000001100000001100100
1000001000100000010000001001000000100001000010000100100
1000001000100000010000001001000000110000100000001100100
1000001000100000010000001001000000110000100001110101111
1000001000100000010000001001010000110000000010001100100
1000001000100000010000001001010100110010110001110101111
1000001000100000100000000100000000010000000000001100100
1000001000100000100000000100000000010100000101000101111
1000001000100000100000000100000000100000100010001100100
1000001000100000100000000100000000100100100101000101111
1000001000100000100000000100000001010000000000001100100
1000001000100000100000000100010000100000000010001100100
1000001000100000100000000100100000000000000010000100100
1000001000100000100000000100100000000000100000001100100
1000001000100000100000000100100000000000100010001100100
1000001000100000100000000100100000010000000010001100100
1000001000100000100000000100110100010010110001110101111
1000001000100000100000000101000000000001100000001100100
1000001000100000100000000101000000100001000010000100100
1000001000100000100000000101000000110000100000001100100
1000001000100000100000000101000000110000100001110101111
1000001000100000100000000101010000110000000010001100100
1000001000100000100000000101010100110010110001110101111
1000001000100001000100010001110000100100100010010111101
1000001000100001000100010001110000100100100100001111101
1000001000100011000000110001000100100001000101000111101
1000001000100011000000110001000100100010000011000111101
1000001000100011000111000001000100100001000101000111101
1000001000100011000111000001000100100010000011000111101
1000001000100011000111000001010100110001100100111000101
1000001000100011000111000001010100110010100010111000101
1000001000110000000100000001110000100110100110101000101
1000001000110000000100000001110000100110101010011000101
1000001000110000000100000001110000101100110011010111101
1000001000110000000100000001110000101100110101001111101
1000001000110000000100010001110000100100100010010000101
1000001000110000000100010001110000100100100100001000101
1000001000110000000100010001111000100100100010010111101
1000001000110000000100010001111000100100100100001111101
1000001000110001000100010001111000100110100110101111101
1000001000110001000100010001111000100110101010011111101
1000001000111000000100101001010001010010000000111000101
1000001000111000000100101001010010010001000000111000101
1000001000111000000101001001100001100010001110000000101
1000001000111000000101001001100001100010110000000000101
1000001000111000000101001001100001100010110001000111101
1000001000111000000101001001100010100001001110000000101
1000001000111000000101001001100010100001110000000000101
1000001000111000000101001001100010100001110001000111101
1000001000111001000101001001100001100010110000000111101
1000001000111001000101001001100010100001110000000111101
1000001000111010000100101001010001010010000000111000101
1000001000111010000100101001010010010001000000111000101
1000001000111100000100001101000011000101100000000000101
1000001000111100000100001101000101000011100000000000101
1000001000111100000100011001001001001010100000000111101
1000001000111100000100011001001010001001100000000111101
1000001000111100000100101001010001010010100000111000101
1000001000111100000100101001010010010001100000111000101
1000001100100000110000010100000000011000001000010101111
1000001100100000110000010100000000101000101000010101111
1000001100100000110000010101000000110000100000001100100
1000001100100000110000010101010000110000000010001100100
1000001100100001001000010101000000100000100001000111101
1000001100100001001000010101000000110000100001000111101
1000001100100001010000001100000000011000001000010101111
1000001100100001010000001100000000101000101000010101111
1000001100100001010000001101000000110000100000001100100
1000001100100001010000001101010000110000000010001100100
1000001100100001010000010011000000100000100001000111101
1000001100100001010000010011000000110000100001000111101
1000001110010001110100000011110000101000100100100101111
1000001110010001110100000011110000101000101000010101111
1000001110100001011000011010010000001000000000000111101
1000001110100001011000011011000000100000100001000111101
1000001110100001101000010110010000001000000000000111101
1000001110100001101000010111000000100000100001000111101
1000001110111010000100110001010010010100000001110101111
1000001110111010000100110001010100010010000001110101111
1000001110111010000101010001100010100100100010001100100
1000001110111010000101010001100100100010100010001100100
1000001110111100000111000001011000110010101001110101111
1000001110111100000111000001011000110100100101110101111
1000010000000001110000100011001000100010001000001100100
1000010000000001110000100011001000100100000100001100100
1000010000000001111000100011001000100010001000001100100
1000010000000001111000100011001000100100000100001100100
1000010000000001111111000001010100110001100100111000101
1000010000000001111111000001010100110010100010111000101
1000010000000010001100010001000010000100000000001100100
1000010000000010001100010001000100000010000000001100100
1000010000000010001101010001100010100100011100001100100
1000010000000010001101010001100100100010011100001100100
1000010000000010001111000001001100100110010100001100100
1000010000000010001111000001001100101010001100001100100
1000010000000010001111000001011000110010101001111100100
1000010000000010001111000001011000110100100101111100100
1000010000000011000000010001000100100001000101000111101
1000010000000011000000010001000100100010000011000111101
1000010000000011110000100011001000100010001001110101111
1000010000000011110000100011001000100100000101110101111
1000010000000100001100010001000010000100100000001100100
1000010000000100001100010001000100000010100000001100100
1000010000000100001100011001000110001010100000001100100
1000010000000100001100011001001010000110100000001100100
1000010000000100001101010001100010100100111100001100100
1000010000000100001101010001100100100010111100001100100
1000010000000110001100010001000010000100100001110100100
1000010000000110001100010001000100000010100001110100100
1000010000011100000000000011001000100010001000000100100
1000010000011100000000000011001000100010001000001100100
1000010000011100000000000011001000100100000100000100100
1000010000011100000000000011001000100100000100001100100
1000010000011100000000000011011000110010101001110100100
1000010000011100000000000011011000110100100101110100100
1000010000011100000000010001000100100001000100000000101
1000010000011100000000010001000100100010000010000000101
1000010000011100000000010001010100110001100100111000101
1000010000011100000000010001010100110010100010111000101
1000010000011100000000100011001100100110010100001100100
1000010000011100000000100011001100101010001100001100100
1000010000011100000000100011011000110010101001111100100
1000010000011100000000100011011000110100100101111100100
1000010000011100001000100011011000110010101001111100100
1000010000011100001000100011011000110100100101111100100
1000010000011110000000100011001001100011001011110100100
1000010000011110000000100011001001100101000111110100100
1000010000011110000000100011001100100110010101110101111
1000010000011110000000100011001100101010001101110101111
1000010000100000001111000001001000100010001000000100100
1000010000100000001111000001001000100010001000001100100
1000010000100000001111000001001000100100000100000100100
1000010000100000001111000001001000100100000100001100100
1000010000100000001111000001001100100110010100000100100
1000010000100000001111000001001100101010001100000100100
1000010000100000001111000001011000110010101001110100100
1000010000100000001111000001011000110100100101110100100
1000010000100000001111100001011000110010101001111100100
1000010000100000001111100001011000110100100101111100100
1000010000100000100000010000000000000010000001000100001
1000010000100000100000010000000000100000000011010110101
1000010000100000100000010000000001000010000001000100000
1000010000100000100000010000000001100000000111000100000
1000010000100000100000010000000010100000000011000100000
1000010000100000100000010000000011000010000001000100001
1000010000100000100000010000100000000000000011010110101
1000010000100000100000010000100000000010000011000100000
1000010000100000100000010000101000000100100001010110101
1000010000100000100000010001000000100000000101000100001
1000010000100000100000010001000000100010000011000100000
1000010000100000100000010001000000100010000101000100001
1000010000100000100000010001000000100010000111000100001
1000010000100000100000010001000010100010000011000100000
1000010000100000100000010001000010100010000011000100001
1000010000100000100000010001001000100100100001010110101
1000010000100000100000010001100000100001111001010110101
1000010000100000100000010001100000100010000111000100000
1000010000100000100000010001100000100010111001010110101
1000010000100000111000001111000100100001000101000000101
1000010000100000111000001111000100100010000011000000101
1000010000100000111111000001000100100001000101000000101
1000010000100000111111000001000100100010000011000000101
1000010000100000111111000001000110100011001011000000101
1000010000100000111111000001000110100101000111000000101
1000010000100000111111000001001100101001010101000111101
1000010000100000111111000001001100101010010011000111101
1000010000100001000000001000000000000010000001000100001
1000010000100001000000001000000000100000000011010110101
1000010000100001000000001000000001000010000001000100000
1000010000100001000000001000000001100000000111000100000
1000010000100001000000001000000010100000000011000100000
1000010000100001000000001000000011000010000001000100001
1000010000100001000000001000100000000000000011010110101
1000010000100001000000001000100000000010000011000100000
1000010000100001000000001000101000000100100001010110101
1000010000100001000000001001000000100000000101000100001
1000010000100001000000001001000000100010000011000100000
1000010000100001000000001001000000100010000101000100001
1000010000100001000000001001000000100010000111000100001
1000010000100001000000001001000010100010000011000100000
1000010000100001000000001001000010100010000011000100001
1000010000100001000000001001001000100100100001010110101
1000010000100001000000001001100000100001111001010110101
1000010000100001000000001001100000100010000111000100000
1000010000100001000000001001100000100010111001010110101
1000010000100001000111000001000100100001000100000000101
1000010000100001000111000001000100100010000010000000101
1000010000100001000111000001000110100011001010000000101
1000010000100001000111000001000110100101000110000000101
1000010000100001000111000001010100110001100100111000101
1000010000100001000111000001010100110010100010111000101
1000010000100001110000111101001000100010001000001101111
1000010000100001110000111101001000100100000100001101111
1000010000100001110111000001011000110010101001111101111
1000010000100001110111000001011000110100100101111101111
1000010000100001110111100001001100100110010100001101111
1000010000100001110111100001001100101010001100001101111
1000010000100001110111100001011000110010101001111101111
1000010000100001110111100001011000110100100101111101111
1000010000100010000000110001000100100001000100111000101
1000010000100010000000110001000100100010000010111000101
1000010000100010000111100001001001100011001011110100100
1000010000100010000111100001001001100101000111110100100
1000010000100010001000011101001000100010001000001100100
1000010000100010001000011101001000100100000100001100100
1000010000100010001111000001001000100010001000001100100
1000010000100010001111000001001000100100000100001100100
1000010000100010001111000001001100100110010100001100100
1000010000100010001111000001001100101010001100001100100
1000010000100010001111000001011000110010101001111100100
1000010000100010001111000001011000110100100101111100100
1000010000100011000000101111000100100001000100111000101
1000010000100011000000101111000100100010000010111000101
1000010000100011000111100001001100101001010100111111101
1000010000100011000111100001001100101010010010111111101
1000010000111000000100010001000010000100000000001100100
1000010000111000000100010001000100000010000000001100100
1000010000111000000100011001001001001010000000000111101
1000010000111000000100011001001010001001000000000111101
1000010000111000000100011101001011001101000001000111101
1000010000111000000100011101001101001011000001000111101
1000010000111000000100111001011001011010000001111111101
1000010000111000000100111001011010011001000001111111101
1000010000111000000101010001100010100100011100000101111
1000010000111000000101010001100010100100100010001100100
1000010000111000000101010001100100100010011100000101111
1000010000111000000101010001100100100010100010001100100
1000010000111001000100011101001011001101000000000111101
1000010000111001000100011101001101001011000000000111101
1000010000111001000100101101010011010101000000111000101
1000010000111001000100101101010101010011000000111000101
1000010000111001000100111001011001011010000000111111101
1000010000111001000100111001011010011001000000111111101
1000010000111001000101001101100011100101001110000000101
1000010000111001000101001101100101100011001110000000101
1000010000111001000101011001101001101010001110000111101
1000010000111001000101011001101010101001001110000111101
1000010000111001000101101001110001110010001110111000101
1000010000111001000101101001110010110001001110111000101
1000010000111010000100011001001001001010000001000111101
1000010000111010000100011001001010001001000001000111101
1000010000111010000100110001010010010100000001111100100
1000010000111010000100110001010100010010000001111100100
1000010000111010000101001001100001100010110000111000101
1000010000111010000101001001100010100001110000111000101
1000010000111010000101010001100010100100100011110100100
1000010000111010000101010001100100100010100011110100100
1000010000111100000000001111000110100011001011000000101
1000010000111100000000001111000110100101000111000000101
1000010000111100000000001111001100101001010101000111101
1000010000111100000000001111001100101010010011000111101
1000010000111100000000011101011000110010101001111101111
1000010000111100000000011101011000110100100101111101111
1000010000111100000000011111011000110010101001110101111
1000010000111100000000011111011000110100100101110101111
1000010000111100000100001101000011000101100001000000101
1000010000111100000100001101000101000011100001000000101
1000010000111100000100011001000110001010100000001100100
1000010000111100000100011001001001001010100001000111101
1000010000111100000100011001001010000110100000001100100
1000010000111100000100011001001010001001100001000111101
1000010000111100000100011101001011001101100001000111101
1000010000111100000100011101001101001011100001000111101
1000010000111100000100101001010001010010100001111000101
1000010000111100000100101001010010010001100001111000101
1000010000111100000100110001010010010100100001111100100
1000010000111100000100110001010100010010100001111100100
1000010000111100000101001001100001100010001111000000101
1000010000111100000101001001100001100010101111000000101
1000010000111100000101001001100010100001001111000000101
1000010000111100000101001001100010100001101111000000101
1000010000111100000101001101100011100101101111000000101
1000010000111100000101001101100101100011101111000000101
1000010000111100000101010001100010100100111100001100100
1000010000111100000101010001100100100010111100001100100
1000010000111100000101011001101001101010101111000111101
1000010000111100000101011001101010101001101111000111101
1000010000111100000101101001110001110010101111111000101
1000010000111100000101101001110010110001101111111000101
1000010000111100000111000001000110100011001011000000101
1000010000111100000111000001000110100101000111000000101
1000010000111100000111000001001100101001010101000111101
1000010000111100000111000001001100101010010011000111101
1000010000111100000111000001001110101011011011000111101
1000010000111100000111000001001110101101010111000111101
1000010000111100000111000001010100110001100101111000101
1000010000111100000111000001010100110010100011111000101
1000010000111100000111000001011000110010101001110101111
1000010000111100000111000001011000110100100101110101111
1000010000111100000111000001011100110110110101111101111
1000010000111100000111000001011100111001110101111111101
1000010000111100000111000001011100111010101101111101111
1000010000111100000111000001011100111010110011111111101
1000010000111100000111000011011001110011101011110100100
1000010000111100000111000011011001110101100111110100100
1000010000111100000111000011011100110110110101110101111
1000010000111100000111000011011100111010101101110101111
1000010000111100000111100001010110110011101011111000101
1000010000111100000111100001010110110101100111111000101
1000010000111100000111100001011001110011101011111100100
1000010000111100000111100001011001110101100111111100100
1000010001100000101000010010101000000100100001010110100
1000010001100000101000010011000000100010000101000100000
1000010001100000101000010011001000100100100001010110100
1000010001100001001000001010101000000100100001010110100
1000010001100001001000001011000000100010000101000100000
1000010001100001001000001011001000100100100001010110100
1000010001100001110111000001001000100010001000000100100
1000010001100001110111000001001000100100000100000100100
1000010001111010000100110001010010010100000001111100100
1000010001111010000100110001010100010010000001111100100
1000010001111100000100011001000110001010100000001100100
1000010001111100000100011001001010000110100000001100100
1000010001111100000100110001010010010100100001111100100
1000010001111100000100110001010100010010100001111100100
1000010001111100000101010001100010100100111100001100100
1000010001111100000101010001100100100010111100001100100
1000010001111100000111000001011000110010101001110100100
1000010001111100000111000001011000110100100101110100100
1000010010100000110000010100000001100000000101000100001
1000010010100000110000010100000010100000000011000100001
1000010010100000110000010100100000000000000011000100001
1000010010100000110000010100100000000000000101000100001
1000010010100000110000010100100000000010000011000100001
1000010010100000110000010101000000100010000011000100001
1000010010100000110000010101000010100001000011000100001
1000010010100000110000010101100000100001000111000100001
1000010010100001010000001100000001100000000101000100001
1000010010100001010000001100000010100000000011000100001
1000010010100001010000001100100000000000000011000100001
1000010010100001010000001100100000000000000101000100001
1000010010100001010000001100100000000010000011000100001
1000010010100001010000001101000000100010000011000100001
1000010010100001010000001101000010100001000011000100001
1000010010100001010000001101100000100001000111000100001
1000010100100010001000100100001000100000100000111000101
1000010100100010001000100101000000100000100001111000101
1000010100100010001000100101000000110000100001111000101
1000010100100010010000100010001000100000100000111000101
1000010100100010010000100011000000100000100001111000101
1000010100100010010000100011000000110000100001111000101
1000010110100010011000101011000000100000100001111000101
1000010110100010101000100111000000100000100001111000101
1000011000100000111111100001000110100011001011000000101
1000011000100000111111100001000110100101000111000000101
1000011000100000111111100001010100110001100101111000101
1000011000100000111111100001010100110010100011111000101
1000011000100001100000101000000001100000000101010110101
1000011000100001100000101000000010100000000011010110101
1000011000100001100000101000100000000000000011010110100
1000011000100001100000101000100000000000000011010110101
1000011000100001100000101000100000000000000101010110101
1000011000100001100000101000100000000010000011010110101
1000011000100001100000101001000000100001000011010110100
1000011000100001100000101001000000100010000101001101010
1000011000100001100000101001100000100001000111010110101
1000011000100010010000101000000001100000100001110100100
1000011000100010010000101000100000000000000011110100100
1000011000100010010000101000100100000010010001110101111
1000011000100010010000101001000000100001000011110100100
1000011000100010010000101001000000110000100001111100100
1000011000100010010000101001000100100010010001110101111
1000011000100010100000011000000001100000000101010110101
1000011000100010100000011000000010100000000011010110101
1000011000100010100000011000100000000000000011010110100
1000011000100010100000011000100000000000000011010110101
1000011000100010100000011000100000000000000101010110101
1000011000100010100000011000100000000010000011010110101
1000011000100010100000011001000000100001000011010110100
1000011000100010100000011001000000100010000101001101010
1000011000100010100000011001100000100001000111010110101
1000011000100010100000100100000001100000100001110100100
1000011000100010100000100100100000000000000011110100100
1000011000100010100000100100100100000010010001110101111
1000011000100010100000100101000000100001000011110100100
1000011000100010100000100101000000110000100001111100100
1000011000100010100000100101000100100010010001110101111
1000011000111100000100101101010011010101010000111000101
1000011000111100000100101101010101010011010000111000101
1000011000111100000101101001110001110010011110111000101
1000011000111100000101101001110010110001011110111000101
1000011000111100000111000001010100110001100100111000101
1000011000111100000111000001010100110010100010111000101
1000011000111100000111010001011100111001110100111111101
1000011000111100000111010001011100111010110010111111101
1000011001100010011000101011000000100000100001111100100
1000011001100010101000100111000000100000100001111100100
1000011010100001110000101100110000001000001001001101010
1000011010100001110000101101010000101000001001001101010
1000011010100010110000011100110000001000001001001101010
1000011010100010110000011101010000101000001001001101010
1000011100000011110000000111010000100100010001010110101
1000011100000011110000000111010000101000001001010110101
1000011100000111110100110001001100010100000101011111111
1000011100000111110100110001010100001100000101011111111
1000011100000111110101100001100100101000111101011111111
1000011100000111110101100001101000100100111101011111111
1000011100011100010000000111011000101100101001010110101
1000011100011100010000000111011000110100011001010110101
1000011100100011110111000101010010100110010101001101011
1000011100100011110111000101010010101010001101001101011
1000011100111100000101100001100100101000111101011111111
1000011100111100000101100001101000100100111101011111111
1000011100111100000111000001010001100101010011010110100
1000011100111100000111000001010001101001001011010110100
1000011100111100010101100101100110101010111101001101011
1000011100111100010101100101101010100110111101001101011
1000011100111100010101110001101100110100111101011111111
1000011100111100010101110001110100101100111101011111111
1000011100111100010111000101011010101110101101001101011
1000011100111100010111000101011010110110011101001101011
1000100000000000011100100001000100001000000101000100000
1000100000000000011100100001001000000100000101000100000
1000100000000000011100100101000110001010000011000100001
1000100000000000011100100101001010000110000011000100001
1000100000000000011100110001001100010100000011010110101
1000100000000000011100110001010100001100000011010110101
1000100000000000011101100001100100101000111011010110101
1000100000000000011101100001101000100100111011010110101
1000100000000000111100001001000001000010100001000000101
1000100000000000111100001001000010000001100001000000101
1000100000000001110100010001000010000100100000000101111
1000100000000001110100010001000100000010100000000101111
1000100000000010001100010001000010000100100000001100100
1000100000000010001100010001000100000010100000001100100
1000100000000010001100011001000110001010100000001100100
1000100000000010001100011001001010000110100000001100100
1000100000000010001101010001100010100100111100001100100
1000100000000010001101010001100100100010111100001100100
1000100000000011000100001001000001000010010001000111101
1000100000000011000100001001000010000001010001000111101
1000100000000011100100100001000100001000000011010110100
1000100000000011100100100001000100001000000011010110101
1000100000000011100100100001000100001000000101010110101
1000100000000011100100100001001000000100000011010110100
1000100000000011100100100001001000000100000011010110101
1000100000000011100100100001001000000100000101010110101
1000100000000011100100100101000110001010000011001101010
1000100000000011100100100101000110001010000101001101011
1000100000000011100100100101001010000110000011001101010
1000100000000011100100100101001010000110000101001101011
1000100000000011100100110001001100010100000101011111111
1000100000000011100100110001010100001100000101011111111
1000100000000011110100100001000100001000000101000100001
1000100000000011110100100001000100001000000101001101010
1000100000000011110100100001001000000100000101000100001
1000100000000011110100100001001000000100000101001101010
1000100000000011110100110001001100010100000101010110101
1000100000000011110100110001010100001100000101010110101
1000100000000100001100010001000010000100000010000100100
1000100000000100001100010001000100000010000010000100100
1000100000000100001100100001000100001000000111000100000
1000100000000100001100100001000100001000111001010110100
1000100000000100001100100001000100001000111001010110101
1000100000000100001100100001001000000100000111000100000
1000100000000100001100100001001000000100111001010110100
1000100000000100001100100001001000000100111001010110101
1000100000000100001100100101000110001010000111000100001
1000100000000100001100100101001010000110000111000100001
1000100000000100001100110001001100010100000111010110101
1000100000000100001100110001010100001100000111010110101
1000100000000100001101100001100100101000111111010110101
1000100000000100001101100001101000100100111111010110101
1000100000000100010100100001000100001000000011000100000
1000100000000100010100100001000100001000111001010110101
1000100000000100010100100001001000000100000011000100000
1000100000000100010100100001001000000100111001010110101
1000100000000100011100100001000100001000111001010110101
1000100000000100011100100001001000000100111001010110101
1000100000000101000100001001000001000010110001000111101
1000100000000101000100001001000010000001110001000111101
1000100000000110000100001001000001000010010000000000101
1000100000000110000100001001000010000001010000000000101
1000100000000110000100010001000010000100000010000100100
1000100000000110000100010001000010000100000010001100100
1000100000000110000100010001000100000010000010000100100
1000100000000110000100010001000100000010000010001100100
1000100000000110001100010001000010000100000010000100100
1000100000000110001100010001000100000010000010000100100
1000100000000110001100011001000110001010100010001100100
1000100000000110001100011001001010000110100010001100100
1000100000000110001100110001010010010100100011111100100
1000100000000110001100110001010100010010100011111100100
1000100000000110001101010001100010100100111110001100100
1000100000000110001101010001100100100010111110001100100
1000100000000111000100001001000001000010010001000111101
1000100000000111000100001001000001000010110001000111101
1000100000000111000100001001000010000001010001000111101
1000100000000111000100001001000010000001110001000111101
1000100000000111100100100001000100001000000111010110101
1000100000000111100100100001001000000100000111010110101
1000100000100001000000100000000000000001101001100100100
1000100000100001000000100000000000000001101001100100110
1000100000100001000000100000000000000010101001100100010
1000100000100001000000100000000000000100100101010010001
1000100000100001000000100000000001000010101001100100010
1000100000100001000000100000000001000100100101010010001
1000100000100001000000100000000010000001101001100100100
1000100000100001000000100000000010000100101001100100110
1000100000100001000000100000000100000000100101010010001
1000100000100001000000100000000100000001100101010010001
1000100000100001000000100000000100000010101001100100110
1000100000100001000000100000000100000010101001100100111
1000100000100001000000100000000110000001101001100100110
1000100000100001000000100000000110000100100011001001100
1000100000100001000000100001000000000001101001100100100
1000100000100001000000100001000000000001101001100100110
1000100000100001000000100001000000000010101001100100010
1000100000100001000000100001000000000010101001100100101
1000100000100001000000100001000000000011101001100100010
1000100000100001000000100001000000000011101001100100100
1000100000100001000000100001000000000100100001000000101
1000100000100001000000100001000000000110101001100100110
1000100000100001000000100001000000000111101001001010101
1000100000100001000000100001000000000111101001010001101
1000100000100001000000100001000000111000101101011101101
1000100000100001000000100001000000111000101101101011101
1000100000100001000000100001000000111000101101110110101
1000100000100001000000100001000001000011101001100100100
1000100000100001000000100001000010000011101001100100010
1000100000100001000000100001000010000101101001100100110
1000100000100001000000100001000010000110101001100100111
1000100000100001000000100001000010000111101001100100111
1000100000100010000000010000000000000001101001100100100
1000100000100010000000010000000000000001101001100100110
1000100000100010000000010000000000000010101001100100010
1000100000100010000000010000000000000100100101010010001
1000100000100010000000010000000001000010101001100100010
1000100000100010000000010000000001000100100101010010001
1000100000100010000000010000000010000001101001100100100
1000100000100010000000010000000010000100101001100100110
1000100000100010000000010000000100000000100101010010001
1000100000100010000000010000000100000001100101010010001
1000100000100010000000010000000100000010101001100100110
1000100000100010000000010000000100000010101001100100111
1000100000100010000000010000000110000001101001100100110
1000100000100010000000010000000110000100100011001001100
1000100000100010000000010001000000000001101001100100100
1000100000100010000000010001000000000001101001100100110
1000100000100010000000010001000000000010101001100100010
1000100000100010000000010001000000000010101001100100101
1000100000100010000000010001000000000011101001100100010
1000100000100010000000010001000000000011101001100100100
1000100000100010000000010001000000000100100001000000101
1000100000100010000000010001000000000110101001100100110
1000100000100010000000010001000000000111101001001010101
1000100000100010000000010001000000000111101001010001101
1000100000100010000000010001000000111000101101011101101
1000100000100010000000010001000000111000101101101011101
1000100000100010000000010001000000111000101101110110101
1000100000100010000000010001000001000011101001100100100
1000100000100010000000010001000010000011101001100100010
1000100000100010000000010001000010000101101001100100110
1000100000100010000000010001000010000110101001100100111
1000100000100010000000010001000010000111101001100100111
1000100000111000000100001001000001000010100000000000101
1000100000111000000100001001000001000010100001000000101
1000100000111000000100001001000010000001100000000000101
1000100000111000000100001001000010000001100001000000101
1000100000111000000100001101000011000101100001000000101
1000100000111000000100001101000101000011100001000000101
1000100000111000000100010001000010000100000010000100100
1000100000111000000100010001000010000100100000001100100
1000100000111000000100010001000010000100100010001100100
1000100000111000000100010001000100000010000010000100100
1000100000111000000100010001000100000010100000001100100
1000100000111000000100010001000100000010100010001100100
1000100000111000000100011001000110001010100000000101111
1000100000111000000100011001001001001010100001000111101
1000100000111000000100011001001010000110100000000101111
1000100000111000000100011001001010001001100001000111101
1000100000111000000100011101001011001101100001000111101
1000100000111000000100011101001101001011100001000111101
1000100000111000000100100001000100001000000011010110101
1000100000111000000100100001000100001000000101000100001
1000100000111000000100100001001000000100000011010110101
1000100000111000000100100001001000000100000101000100001
1000100000111000000100100101000110001010000011000100001
1000100000111000000100100101000110001010000101000100001
1000100000111000000100100101001010000110000011000100001
1000100000111000000100100101001010000110000101000100001
1000100000111000000100101001010001010010100001111000101
1000100000111000000100101001010010010001100001111000101
1000100000111000000100110001001100010100000011010110100
1000100000111000000100110001001100010100000011010110101
1000100000111000000100110001001100010100000101010110101
1000100000111000000100110001010010010100000011110100100
1000100000111000000100110001010100001100000011010110100
1000100000111000000100110001010100001100000011010110101
1000100000111000000100110001010100001100000101010110101
1000100000111000000100110001010100010010000011110100100
1000100000111000000100111001010110011010100001111101111
1000100000111000000100111001011001011010100001111111101
1000100000111000000100111001011010010110100001111101111
1000100000111000000100111001011010011001100001111111101
1000100000111000000101001001100001100010101111000000101
1000100000111000000101001001100010100001101111000000101
1000100000111000000101010001100010100100111100000101111
1000100000111000000101010001100100100010111100000101111
1000100000111000000101100001100100101000111011010110100
1000100000111000000101100001100100101000111011010110101
1000100000111000000101100001100100101000111101000100001
1000100000111000000101100001100100101000111101010110101
1000100000111000000101100001101000100100111011010110100
1000100000111000000101100001101000100100111011010110101
1000100000111000000101100001101000100100111101000100001
1000100000111000000101100001101000100100111101010110101
1000100000111000000101100011100101101001111101010110101
1000100000111000000101100011101001100101111101010110101
1000100000111000000101110001101100110100111101011111111
1000100000111000000101110001110010110100111101111101111
1000100000111000000101110001110100101100111101011111111
1000100000111000000101110001110100110010111101111101111
1000100000111000010100100101000110001010000011000100001
1000100000111000010100100101001010000110000011000100001
1000100000111000010101100001100100101000111101000100001
1000100000111000010101100001100100101000111101001101010
1000100000111000010101100001101000100100111101000100001
1000100000111000010101100001101000100100111101001101010
1000100000111000010101100011100101101001111101000100000
1000100000111000010101100011101001100101111101000100000
1000100000111000010101110001101100110100111101001101010
1000100000111000010101110001101100110100111101010110101
1000100000111000010101110001110100101100111101001101010
1000100000111000010101110001110100101100111101010110101
1000100000111001000100011001001001001010100000000111101
1000100000111001000100011001001010001001100000000111101
1000100000111100000100011101001011001101110000000111101
1000100000111100000100011101001101001011110000000111101
1000100000111100000100100011000101001001111001010110100
1000100000111100000100100011001001000101111001010110100
1000100000111100000100100101000110001010000111000100001
1000100000111100000100100101001010000110000111000100001
1000100000111100000100101001010001010010010001000000101
1000100000111100000100101001010010010001010001000000101
1000100000111100000100110001001100010100000111010110101
1000100000111100000100110001010010010100000010001100100
1000100000111100000100110001010010010100011101110101111
1000100000111100000100110001010100001100000111010110101
1000100000111100000100110001010100010010000010001100100
1000100000111100000100110001010100010010011101110101111
1000100000111100000100111001010110011010100011110101111
1000100000111100000100111001011010010110100011110101111
1000100000111100000101010001100010100100111100000101111
1000100000111100000101010001100100100010111100000101111
1000100000111100000101010011100011100101111110000100100
1000100000111100000101010011100101100011111110000100100
1000100000111100000101100001100100101000111011010110100
1000100000111100000101100001100100101000111011010110101
1000100000111100000101100001100100101000111101010110101
1000100000111100000101100001100100101000111111010110101
1000100000111100000101100001101000100100111011010110100
1000100000111100000101100001101000100100111011010110101
1000100000111100000101100001101000100100111101010110101
1000100000111100000101100001101000100100111111010110101
1000100000111100000101110001110010110100111111110101111
1000100000111100000101110001110100110010111111110101111
1000100001000011110100100001000100001000000101000100000
1000100001000011110100100001001000000100000101000100000
1000100001000011110100110001001100010100000101010110101
1000100001000011110100110001010100001100000101010110101
1000100001000100011100100001000100001000000111000100000
1000100001000100011100100001001000000100000111000100000
1000100001000111100100100001000100001000000111010110101
1000100001000111100100100001001000000100000111010110101
1000100001111000010100100101000110001010000011000100001
1000100001111000010100100101001010000110000011000100001
1000100001111000010101100001100100101000111101000100000
1000100001111000010101100001101000100100111101000100000
1000100001111000010101110001101100110100111101010110101
1000100001111000010101110001110100101100111101010110101
1000100001111100000100100101000110001010000111000100001
1000100001111100000100100101001010000110000111000100001
1000100001111100000100110001001100010100000111010110101
1000100001111100000100110001010100001100000111010110101
1000100001111100000101100001100100101000111011010110100
1000100001111100000101100001100100101000111101010110101
1000100001111100000101100001100100101000111111010110101
1000100001111100000101100001101000100100111011010110100
1000100001111100000101100001101000100100111101010110101
1000100001111100000101100001101000100100111111010110101
1000100010000011101100100001000100001000000011000100000
1000100010000011101100100001000100001000000101000100001
1000100010000011101100100001001000000100000011000100000
1000100010000011101100100001001000000100000101000100001
1000100010000011101100110001001100010100000101010110101
1000100010000011101100110001010100001100000101010110101
1000100010000011101101100001100100101000111101010110101
1000100010000011101101100001101000100100111101010110101
1000100010000011110100100001000100001000000011000100001
1000100010000011110100100001000100001000000101000100001
1000100010000011110100100001001000000100000011000100001
1000100010000011110100100001001000000100000101000100001
1000100010000100011100100001000100001000000011000100000
1000100010000100011100100001001000000100000011000100000
1000100010000111100100100001000100001000000011010110101
1000100010000111100100100001000100001000000111000100001
1000100010000111100100100001001000000100000011010110101
1000100010000111100100100001001000000100000111000100001
1000100010100001010000100100000100000000100001000000001
1000100010100001010000100101000000000001101001100100011
1000100010100001010000100101000000000001101001100100101
1000100010100010010000010100000100000000100001000000001
1000100010100010010000010101000000000001101001100100011
1000100010100010010000010101000000000001101001100100101
1000100010111000001100110001001100010100000101000100001
1000100010111000001100110001010100001100000101000100001
1000100010111000001101100001100100101000111011000100000
1000100010111000001101100001100100101000111101000100001
1000100010111000001101100001101000100100111011000100000
1000100010111000001101100001101000100100111101000100001
1000100010111000010100110001001100010100000011000100001
1000100010111000010100110001010100001100000011000100001
1000100010111000010101100001100100101000111011000100001
1000100010111000010101100001100100101000111101000100001
1000100010111000010101100001101000100100111011000100001
1000100010111000010101100001101000100100111101000100001
1000100010111100000100100101000110001010000011000100001
1000100010111100000100100101001010000110000011000100001
1000100010111100000100110001001100010100000011010110101
1000100010111100000100110001001100010100000111000100001
1000100010111100000100110001010100001100000011010110101
1000100010111100000100110001010100001100000111000100001
1000100010111100000101100001100100101000111011000100000
1000100010111100000101100001100100101000111011010110101
1000100010111100000101100001100100101000111111000100001
1000100010111100000101100001101000100100111011000100000
1000100010111100000101100001101000100100111011010110101
1000100010111100000101100001101000100100111111000100001
1000100100100001001000100101000000111000011100011101101
1000100100100001001000100101000000111000101101011101101
1000100100100001010000100011000000111000010110110101101
1000100100100001010000100011000000111000011010011110101
1000100100100001010000100011000000111000100111110101101
1000100100100001010000100011000000111000101011011110101
1000100100100001100000101000000000000010100101010010011
1000100100100001100000101000000000000100100101010010111
1000100100100001100000101000000001000010100101010010011
1000100100100001100000101000000001000100100101010010111
1000100100100001100000101000000010000000100001000000010
1000100100100001100000101000000010000000100001000000101
1000100100100001100000101000000010000001100101010010011
1000100100100001100000101000000100000000100101010010111
1000100100100001100000101001000000000001100001000000100
1000100100100001100000101001000000000001100001000000110
1000100100100001100000101001000000000010100101010010011
1000100100100001100000101001000000000011100101010010011
1000100100100001100000101001000000000101100101010010111
1000100100100001100000101001000000111000100111011011101
1000100100100010001000010101000000111000010110110101101
1000100100100010001000010101000000111000011010011110101
1000100100100010001000010101000000111000100111110101101
1000100100100010001000010101000000111000101011011110101
1000100100100010010000010011000000111000011100011101101
1000100100100010010000010011000000111000101101011101101
1000100100100010100000011000000000000010100101010010011
1000100100100010100000011000000000000100100101010010111
1000100100100010100000011000000001000010100101010010011
1000100100100010100000011000000001000100100101010010111
1000100100100010100000011000000010000000100001000000010
1000100100100010100000011000000010000000100001000000101
1000100100100010100000011000000010000001100101010010011
1000100100100010100000011000000100000000100101010010111
1000100100100010100000011001000000000001100001000000100
1000100100100010100000011001000000000001100001000000110
1000100100100010100000011001000000000010100101010010011
1000100100100010100000011001000000000011100101010010011
1000100100100010100000011001000000000101100101010010111
1000100100100010100000011001000000111000100111011011101
1000100100100100001001000100100000010000101111000000101
1000100100100100001001000101000000001000001110000000101
1000100100100100001001000101000000001000110001000111101
1000100100100100001001000101000000100000101111000000101
1000100100100100001001000101000000110000101111000000101
1000100100100100010001000010100000010000101111000000101
1000100100100100010001000011000000001000001110000000101
1000100100100100010001000011000000001000110001000111101
1000100100100100010001000011000000100000101111000000101
1000100100100100010001000011000000110000101111000000101
1000100110100001110000101100000001000100100001000000111
1000100110100001110000101101000000000001100001000000001
1000100110100010110000011100000001000100100001000000111
1000100110100010110000011101000000000001100001000000001
1000101000000111000100001001000001000010100001000111101
1000101000000111000100001001000010000001100001000111101
1000101000100100010001001000010000000000011100000101111
1000101000100100010001001000010000100000111100001100100
1000101000100100010001001000100000010000111100001100100
1000101000100100010001001001000000010000100010001100100
1000101000100100010001001001000000110000111100001100100
1000101000100100010001001001010000110000011110001100100
1000101000100100010001001001100000110000111110001100100
1000101000100100100001000100010000000000011100000101111
1000101000100100100001000100010000100000111100001100100
1000101000100100100001000100100000010000111100001100100
1000101000100100100001000101000000010000100010001100100
1000101000100100100001000101000000110000111100001100100
1000101000100100100001000101010000110000011110001100100
1000101000100100100001000101100000110000111110001100100
1000101000111010000101001001100001100010001110000000101
1000101000111010000101001001100010100001001110000000101
1000101000111100000100011101001011001101110000000111101
1000101000111100000100011101001101001011110000000111101
1000101000111100000100101101010011010101110000111000101
1000101000111100000100101101010101010011110000111000101
1000101000111100000101001001100001100010101110000000101
1000101000111100000101001001100010100001101110000000101
1000101000111100000101001101100011100101111110000000101
1000101000111100000101001101100101100011111110000000101
1000101000111100000101011001101001101010111110000111101
1000101000111100000101011001101010101001111110000111101
1000101000111100000101101001110001110010111110111000101
1000101000111100000101101001110010110001111110111000101
1000101001100100011001001010010000000001011100000100100
1000101001100100101001000110010000000001011100000100100
1000101100100100110001010100010000000001011100000101111
1000101100100101010001001100010000000001011100000101111
1000110000000001111100001001000001000010100001000000101
1000110000000001111100001001000010000001100001000000101
1000110000000011110100010001000010000100100001110101111
1000110000000011110100010001000100000010100001110101111
1000110000000100111100001001000001000010110001000000101
1000110000000100111100001001000010000001110001000000101
1000110000000101110100010001000010000100011100001101111
1000110000000101110100010001000010000100100010001100100
1000110000000101110100010001000100000010011100001101111
1000110000000101110100010001000100000010100010001100100
1000110000000110001100010001000010000100100000001100100
1000110000000110001100010001000010000100100011110100100
1000110000000110001100010001000100000010100000001100100
1000110000000110001100010001000100000010100011110100100
1000110000000111000100001001000001000010100001000000101
1000110000000111000100001001000010000001100001000000101
1000110000100011000001010000000000000100101101110110111
1000110000100011000001010000000001000100100101010010001
1000110000100011000001010000000001000100101101110110111
1000110000100011000001010000000010000000101001100100010
1000110000100011000001010000000010000000101001100100101
1000110000100011000001010000000010000001101001100100101
1000110000100011000001010000000100000000100101010010001
1000110000100011000001010000000100000000101101110110111
1000110000100011000001010000000100000010101001100100010
1000110000100011000001010000000100000010101001100100111
1000110000100011000001010001000000000001101001100100100
1000110000100011000001010001000000000001101001100100110
1000110000100011000001010001000000000001101101110110101
1000110000100011000001010001000000000011101001100100101
1000110000100011000001010001000000000100101001100100101
1000110000100011000001010001000000000101101101110110111
1000110000100011000001010001000010000110101001100100010
1000110000100011000001010001000100000110100101010010001
1000110000100100100001010000000001100000111101010110101
1000110000100100100001010000000010000000000111000100001
1000110000100100100001010000000010000000111001000100001
1000110000100100100001010000000010000000111101001101010
1000110000100100100001010000000010100000111011010110101
1000110000100100100001010000000011000010111101001101010
1000110000100100100001010000100000000000111011010110100
1000110000100100100001010000100000000000111011010110101
1000110000100100100001010000100000000000111101000100001
1000110000100100100001010000100000000000111101010110101
1000110000100100100001010000100000000010111011010110101
1000110000100100100001010001000000000001111001010110100
1000110000100100100001010001000000000001111001010110101
1000110000100100100001010001000000000001111101010110101
1000110000100100100001010001000000000010000111000100000
1000110000100100100001010001000000000010111001010110101
1000110000100100100001010001000000100000111001010110101
1000110000100100100001010001000000100010111011010110101
1000110000100100100001010001000000100010111101001101010
1000110000100100100001010001100000100001111111010110101
1000110000100101000000110000000000000100101101110110111
1000110000100101000000110000000001000100100101010010001
1000110000100101000000110000000001000100101101110110111
1000110000100101000000110000000010000000101001100100010
1000110000100101000000110000000010000000101001100100101
1000110000100101000000110000000010000001101001100100101
1000110000100101000000110000000100000000100101010010001
1000110000100101000000110000000100000000101101110110111
1000110000100101000000110000000100000010101001100100010
1000110000100101000000110000000100000010101001100100111
1000110000100101000000110001000000000001101001100100100
1000110000100101000000110001000000000001101001100100110
1000110000100101000000110001000000000001101101110110101
1000110000100101000000110001000000000011101001100100101
1000110000100101000000110001000000000100101001100100101
1000110000100101000000110001000000000101101101110110111
1000110000100101000000110001000010000110101001100100010
1000110000100101000000110001000100000110100101010010001
1000110000100101000001001000000001100000111101010110101
1000110000100101000001001000000010000000000111000100001
1000110000100101000001001000000010000000111001000100001
1000110000100101000001001000000010000000111101001101010
1000110000100101000001001000000010100000111011010110101
1000110000100101000001001000000011000010111101001101010
1000110000100101000001001000100000000000111011010110100
1000110000100101000001001000100000000000111011010110101
1000110000100101000001001000100000000000111101000100001
1000110000100101000001001000100000000000111101010110101
1000110000100101000001001000100000000010111011010110101
1000110000100101000001001001000000000001111001010110100
1000110000100101000001001001000000000001111001010110101
1000110000100101000001001001000000000001111101010110101
1000110000100101000001001001000000000010000111000100000
1000110000100101000001001001000000000010111001010110101
1000110000100101000001001001000000100000111001010110101
1000110000100101000001001001000000100010111011010110101
1000110000100101000001001001000000100010111101001101010
1000110000100101000001001001100000100001111111010110101
1000110000111001000100101001010001010010100001111000101
1000110000111001000100101001010010010001100001111000101
1000110000111010000100101001010001010010010001111000101
1000110000111010000100101001010010010001010001111000101
1000110000111010000101001001100001100010001111000000101
1000110000111010000101001001100010100001001111000000101
1000110000111010000101010001100010100100111101110101111
1000110000111010000101010001100100100010111101110101111
1000110000111100000100001101000011000101001111000000101
1000110000111100000100001101000011000101110001000000101
1000110000111100000100001101000101000011001111000000101
1000110000111100000100001101000101000011110001000000101
1000110000111100000100011001000110001010100010001100100
1000110000111100000100011001001001001010001111000111101
1000110000111100000100011001001001001010110001000111101
1000110000111100000100011001001010000110100010001100100
1000110000111100000100011001001010001001001111000111101
1000110000111100000100011001001010001001110001000111101
1000110000111100000100101001010001010010110001111000101
1000110000111100000100101001010010010001110001111000101
1000110000111100000100110001010010010100011101111101111
1000110000111100000100110001010010010100100011111100100
1000110000111100000100110001010100010010011101111101111
1000110000111100000100110001010100010010100011111100100
1000110000111100000101001001100001100010101111000000101
1000110000111100000101001001100010100001101111000000101
1000110000111100000101010001100010100100111110001100100
1000110000111100000101010001100100100010111110001100100
1000110010100011010001010100000001000010101001100100011
1000110010100011010001010100000001000100101001100100111
1000110010100011010001010100000100000010101001100100011
1000110010100011010001010101000000000100101001100100010
1000110010100011010001010101000000000100101001100100011
1000110010100101010000110100000001000010101001100100011
1000110010100101010000110100000001000100101001100100111
1000110010100101010000110100000100000010101001100100011
1000110010100101010000110101000000000100101001100100010
1000110010100101010000110101000000000100101001100100011
1000110100100011100001011001000000000001100101010010000
1000110100100011100001011001000000000001100101010010001
1000110100100011100001011001000000000001100101010010101
1000110100100101100000111001000000000001100101010010000
1000110100100101100000111001000000000001100101010010001
1000110100100101100000111001000000000001100101010010101
1000111000100101100001101000000001100000111101010110101
1000111000100101100001101000000010100000111101010110101
1000111000100110100001011000000001100000111101010110101
1000111000100110100001011000000010100000111101010110101
1000111000111000100101001001001100010100100101010010010
1000111000111000100101001001001100010100100101010010011
1000111000111000100101001001010100001100100101010010010
1000111000111000100101001001010100001100100101010010011
1001000000000000111110000000000111111000101001001010101
1001000000000000111110000000000111111000101001010001101
1001000000000000111110000000111000111000101001001010101
1001000000000000111110000000111000111000101001010001101
1001000000000000111110000000111000111000101101011101101
1001000000000000111110000000111000111000101101101011101
1001000000000111000110000000000111111000101001001010101
1001000000000111000110000000000111111000101001010001101
1001000000000111000110000000000111111000101101011101101
1001000000000111000110000000000111111000101101101011101
1001000000000111000110000000111000000111101001001010101
1001000000000111000110000000111000000111101001010001101
1001000000000111000110000000111000111000101101011101101
1001000000000111000110000000111000111000101101101011101
1001000000011000000110000001111000111111101101011101101
1001000000011000000110000001111000111111101101101011101
1001000000100000111000001111000000111000101001001010101
1001000000100000111000001111000000111000101001010001101
1001000000100000111001110001000000111000101001001010101
1001000000100000111001110001000000111000101001010001101
1001000000100010000001000000000000100100100010010000101
1001000000100010000001000000000000100100100100001000101
1001000000100010000001000000000000101000110001000100101
1001000000100010000001000000000000101000110001000101000
1001000000100010000001000000000000101000110001000110101
1001000000100010000001000000000000101100101101010101111
1001000000100010000001000000000000101100110011010111101
1001000000100010000001000000000000101100110100110101111
1001000000100010000001000000000000101100110101001111101
1001000000100010000001000000000000101100111001100101110
1001000000100010000001000000000000101100111001100110110
1001000000100010000001000000000001101000100100100100100
1001000000100010000001000000000001101000101000010100100
1001000000100010000001000000000001101000110001000100000
1001000000100010000001000000000001101000110001000100100
1001000000100010000001000000000001101000110001000110101
1001000000100010000001000000000001101100101101010100100
1001000000100010000001000000000001101100110100110100100
1001000000100010000001000000000001101100111001100110110
1001000000100010000001000000000010101000110001000001000
1001000000100010000001000000000010101000110001000100101
1001000000100010000001000000000010101000110001000101000
1001000000100010000001000000000010101000110001000110001
1001000000100010000001000000000010101100111001100011010
1001000000100010000001000000000010101100111001100110111
1001000000100010000001000000000100101000110001000001000
1001000000100010000001000000000100101000110001000010101
1001000000100010000001000000000100101000110001000101100
1001000000100010000001000000000100101000110001000110010
1001000000100010000001000000000100101000110001000110101
1001000000100010000001000000000100101000110001000110111
1001000000100010000001000000001000100010100100010100001
1001000000100010000001000000001000100100100010010000101
1001000000100010000001000000001000100100100100001000101
1001000000100010000001000000001000100100101000100000101
1001000000100010000001000000001000100100101000100001110
1001000000100010000001000000001000101000110001000110001
1001000000100010000001000000001000101000110001000110101
1001000000100010000001000000001010100100101000100000010
1001000000100010000001000000001010100100101000100000111
1001000000100010000001000000001010100110101100110000011
1001000000100100000000100000000000100100100010010000101
1001000000100100000000100000000000100100100100001000101
1001000000100100000000100000000000101000110001000100101
1001000000100100000000100000000000101000110001000101000
1001000000100100000000100000000000101000110001000110101
1001000000100100000000100000000000101100101101010101111
1001000000100100000000100000000000101100110011010111101
1001000000100100000000100000000000101100110100110101111
1001000000100100000000100000000000101100110101001111101
1001000000100100000000100000000000101100111001100101110
1001000000100100000000100000000000101100111001100110110
1001000000100100000000100000000001101000100100100100100
1001000000100100000000100000000001101000101000010100100
1001000000100100000000100000000001101000110001000100000
1001000000100100000000100000000001101000110001000100100
1001000000100100000000100000000001101000110001000110101
1001000000100100000000100000000001101100101101010100100
1001000000100100000000100000000001101100110100110100100
1001000000100100000000100000000001101100111001100110110
1001000000100100000000100000000010101000110001000001000
1001000000100100000000100000000010101000110001000100101
1001000000100100000000100000000010101000110001000101000
1001000000100100000000100000000010101000110001000110001
1001000000100100000000100000000010101100111001100011010
1001000000100100000000100000000010101100111001100110111
1001000000100100000000100000000100101000110001000001000
1001000000100100000000100000000100101000110001000010101
1001000000100100000000100000000100101000110001000101100
1001000000100100000000100000000100101000110001000110010
1001000000100100000000100000000100101000110001000110101
1001000000100100000000100000000100101000110001000110111
1001000000100100000000100000001000100010100100010100001
1001000000100100000000100000001000100100100010010000101
1001000000100100000000100000001000100100100100001000101
1001000000100100000000100000001000100100101000100000101
1001000000100100000000100000001000100100101000100001110
1001000000100100000000100000001000101000110001000110001
1001000000100100000000100000001000101000110001000110101
1001000000100100000000100000001010100100101000100000010
1001000000100100000000100000001010100100101000100000111
1001000000100100000000100000001010100110101100110000011
1001000000100111000001110001000000000111101001001010101
1001000000100111000001110001000000000111101001010001101
1001000000110000000100000000000111111000101001001010101
1001000000110000000100000000000111111000101001010001101
1001000000111000000000001110111000111000101001001010101
1001000000111000000000001110111000111000101001010001101
1001000000111000000001110000000111000111101001001010101
1001000000111000000001110000000111000111101001010001101
1001000000111000000001110000000111111000101101011101101
1001000000111000000001110000000111111000101101101011101
1001000001100010001001000010000100101000110001000110100
1001000001100100001000100010000100101000110001000110100
1001000010100010010001000100000001101000110001000100001
1001000010100010010001000100000100101000110001000001001
1001000010100010010001000100001000100100101000100000011
1001000010100010010001000100001000100100101000100000101
1001000010100100010000100100000001101000110001000100001
1001000010100100010000100100000100101000110001000001001
1001000010100100010000100100001000100100101000100000011
1001000010100100010000100100001000100100101000100000101
1001000100100010001001000100001000010010000010100000101
1001000100100010001001000100001000010100000100001000101
1001000100100010001001000100001000011000010001000111101
1001000100100010001001000100001000100010100010100000101
1001000100100010001001000100001000100100100100001000101
1001000100100010001001000100001000101000110001000111101
1001000100100010010001000010001000010001000100100000101
1001000100100010010001000010001000011000010001000111101
1001000100100010010001000010001000100001100100100000101
1001000100100010010001000010001000101000110001000111101
1001000100100010100001001000000001101000110001000010100
1001000100100010100001001000000001101000110001000010101
1001000100100010100001001000000001101000110001000100110
1001000100100010100001001000000001101000110001000110110
1001000100100010100001001000000010101000110001000001100
1001000100100010100001001000000010101000110001000001101
1001000100100010100001001000000010101000110001000011010
1001000100100010100001001000000010101000110001000100010
1001000100100010100001001000000010101000110001000100110
1001000100100010100001001000000010101000110001000101110
1001000100100010100001001000000010101000110001000110111
1001000100100010100001001000000100101000110001000001110
1001000100100010100001001000000100101000110001000010010
1001000100100010100001001000000100101000110001000010110
1001000100100010100001001000000110101000110001000001110
1001000100100010100001001000001000100010100100010000011
1001000100100010100001001000001000100010100100010000101
1001000100100010100001001000001000101000110001000011100
1001000100100010100001001000001000101000110001000011101
1001000100100010100001001000001000101000110001000110010
1001000100100010100001001000001000101000110001000110110
1001000100100010100001001000001000101000110001000110111
1001000100100100001000100100001000010001000100100000101
1001000100100100001000100100001000100001100100100000101
1001000100100100010000100010001000010010000010100000101
1001000100100100010000100010001000010100000100001000101
1001000100100100010000100010001000100010100010100000101
1001000100100100010000100010001000100100100100001000101
1001000100100100100000101000000001101000110001000010100
1001000100100100100000101000000001101000110001000010101
1001000100100100100000101000000001101000110001000100110
1001000100100100100000101000000001101000110001000110110
1001000100100100100000101000000010101000110001000001100
1001000100100100100000101000000010101000110001000001101
1001000100100100100000101000000010101000110001000011010
1001000100100100100000101000000010101000110001000100010
1001000100100100100000101000000010101000110001000100110
1001000100100100100000101000000010101000110001000101110
1001000100100100100000101000000010101000110001000110111
1001000100100100100000101000000100101000110001000001110
1001000100100100100000101000000100101000110001000010010
1001000100100100100000101000000100101000110001000010110
1001000100100100100000101000000110101000110001000001110
1001000100100100100000101000001000100010100100010000011
1001000100100100100000101000001000100010100100010000101
1001000100100100100000101000001000101000110001000011100
1001000100100100100000101000001000101000110001000011101
1001000100100100100000101000001000101000110001000110010
1001000100100100100000101000001000101000110001000110110
1001000100100100100000101000001000101000110001000110111
1001000100101000001010000101000000100111100001000000101
1001000100101000010010000011000000100111100001000000101
1001000110100010110001001100000001101000110001000100010
1001000110100010110001001100000001101000110001000100101
1001000110100010110001001100001000101000110001000101111
1001000110100100110000101100000001101000110001000100010
1001000110100100110000101100000001101000110001000100101
1001000110100100110000101100001000101000110001000101111
1001000110101000011010001010010000001111000000000000101
1001000110101000101010000110010000001111000000000000101
1001001000100010010001001000000000011100001101010101111
1001001000100010010001001000000000101100101101010101111
1001001000100010010001001000000001010100000101000100100
1001001000100010010001001000000001011000001000010100100
1001001000100010010001001000000001101000101000010100100
1001001000100010100001000100000000010110011001010101111
1001001000100010100001000100000000011010001101100101111
1001001000100010100001000100000000100110111001010101111
1001001000100010100001000100000000101010101101100101111
1001001000100010100001000100000001010010001001000100100
1001001000100010100001000100000001100010101001000100100
1001001000100011000001010000000000100110101100110101111
1001001000100011000001010000000001100100101000100110110
1001001000100011000001010000000010100100101000100001100
1001001000100011000001010000000010100100101000100110111
1001001000100011000001010000000100100001100010001110100
1001001000100011000001010000000100100010100100010001001
1001001000100011000001010000001000100100100010010111101
1001001000100011000001010000001000100100100100001111101
1001001000100011000001010000001000100100101000100011100
1001001000100011000001010000001000100100101000100101110
1001001000100011000001010000001000100100101000100110010
1001001000100100010000101000000000010110011001010101111
1001001000100100010000101000000000011010001101100101111
1001001000100100010000101000000000100110111001010101111
1001001000100100010000101000000000101010101101100101111
1001001000100100010000101000000001010010001001000100100
1001001000100100010000101000000001100010101001000100100
1001001000100100100000100100000000011100001101010101111
1001001000100100100000100100000000101100101101010101111
1001001000100100100000100100000001010100000101000100100
1001001000100100100000100100000001011000001000010100100
1001001000100100100000100100000001101000101000010100100
1001001000100101000000110000000000100110101100110101111
1001001000100101000000110000000001100100101000100110110
1001001000100101000000110000000010100100101000100001100
1001001000100101000000110000000010100100101000100110111
1001001000100101000000110000000100100001100010001110100
1001001000100101000000110000000100100010100100010001001
1001001000100101000000110000001000100100100010010111101
1001001000100101000000110000001000100100100100001111101
1001001000100101000000110000001000100100101000100011100
1001001000100101000000110000001000100100101000100101110
1001001000100101000000110000001000100100101000100110010
1001001001101000011010001010010000001111000000000100100
1001001001101000101010000110010000001111000000000100100
1001001010100011010001010100000001100100101000100010011
1001001010100011010001010100000001100100101000100100111
1001001010100011010001010100000100100100101000100001010
1001001010100011010001010100001000100100101000100101010
1001001010100101010000110100000001100100101000100010011
1001001010100101010000110100000001100100101000100100111
1001001010100101010000110100000100100100101000100001010
1001001010100101010000110100001000100100101000100101010
1001001100100011100001011000000001100010100100010001101
1001001100100011100001011000000001100010100100010100010
1001001100100011100001011000001000100010100100010101010
1001001100100101100000111000000001100010100100010001101
1001001100100101100000111000000001100010100100010100010
1001001100100101100000111000001000100010100100010101010
1001010000101000100010010000000001100011000101000100000
1001010000101000100010010000000001111100000101010110101
1001010000101000100010010000000010011110000001001101010
1001010000101000100010010000000010100011000011000100000
1001010000101000100010010000000010111100000011010110101
1001010000101000100010010000100000011100000011010110101
1001010000101000100010010000100000011101000011010110100
1001010000101000100010010000100000011110000011010110101
1001010000101000100010010000100000100011111001010110101
1001010000101000100010010000100000111100000111010110101
1001010000101000100010010001000000111101000011010110100
1001010000101000100010010001000000111110000101001101010
1001010000101000100010010001000010111101000011010110101
1001010000101000100010010001100000111101000111010110101
1001010000101001000010001000000001100011000101000100000
1001010000101001000010001000000001111100000101010110101
1001010000101001000010001000000010011110000001001101010
1001010000101001000010001000000010100011000011000100000
1001010000101001000010001000000010111100000011010110101
1001010000101001000010001000100000011100000011010110101
1001010000101001000010001000100000011101000011010110100
1001010000101001000010001000100000011110000011010110101
1001010000101001000010001000100000100011111001010110101
1001010000101001000010001000100000111100000111010110101
1001010000101001000010001001000000111101000011010110100
1001010000101001000010001001000000111110000101001101010
1001010000101001000010001001000010111101000011010110101
1001010000101001000010001001100000111101000111010110101
1001011000101001100010101000000001100011000101000100000
1001011000101010010010101000000001110001100001111100100
1001011000101010100010011000000001100011000101000100000
1001011000101010100010100100000001110001100001111100100
1001100000100110000010100000000000101100111001100010001
1001100000100110000010100000000001100110110101100100100
1001100000100110000010100000000001101000110001000110101
1001100000100110000010100000000001101010101101100100100
1001100000100110000010100000000001101100111001100010000
1001100000100110000010100000000001101100111001100100110
1001100000100110000010100000000001101100111001100110110
1001100000100110000010100000000010101100111001100001100
1001100000100110000010100000000010101100111001100011010
1001100000100110000010100000000010101100111001100100010
1001100000100110000010100000000010101100111001100100110
1001100000100110000010100000000010101100111001100110111
1001100000100110000010100000000100101000110001000110111
1001100000100110000010100000000100101010110101010001001
1001100000100110000010100000000100101100111001100010110
1001100000100110000010100000000110101100111001100001110
1001100000100110000010100000001000100010100100010100001
1001100000100110000010100000001000100011101010110000101
1001100000100110000010100000001000100101100110110000101
1001100000100110000010100000001000100110101100110000101
1001100000100110000010100000001000101001110101100111101
1001100000100110000010100000001000101010110011100111101
1001100000100110000010100000001000101100111001100011100
1001100000100110000010100000001000101100111001100101110
1001100000100110000010100000001000101100111001100110010
1001100000100110000010100000001000101100111001100110101
1001100000100110000010100000001000101100111001100110110
1001100000100110000010100000001010101100111001100011010
1001100000100110000010100000001010101100111001100101110
1001100000101001000010100000000000111000101101110110101
1001100000101001000010100000000000111001101001100100000
1001100000101001000010100000000000111001101101110110101
1001100000101001000010100000000000111100101001100100101
1001100000101001000010100000000000111100101101110110111
1001100000101001000010100000000001111001101001100100100
1001100000101001000010100000000001111001101101110110101
1001100000101001000010100000000001111010101001100100000
1001100000101001000010100000000001111010101001100100100
1001100000101001000010100000000001111010101001100100101
1001100000101001000010100000000001111100100101010010001
1001100000101001000010100000000001111100101001100100100
1001100000101001000010100000000001111100101001100100110
1001100000101001000010100000000001111100101101110110111
1001100000101001000010100000000010000111100001000000000
1001100000101001000010100000000010111000101001100100010
1001100000101001000010100000000010111000101001100100101
1001100000101001000010100000000010111001101001100100101
1001100000101001000010100000000010111010101001100100001
1001100000101001000010100000000010111010101001100100010
1001100000101001000010100000000010111010101001100100101
1001100000101001000010100000000010111100101001100100010
1001100000101001000010100000000010111100101001100100110
1001100000101001000010100000000100000111100001000000101
1001100000101001000010100000000100111000100101010010001
1001100000101001000010100000000100111001101101110110111
1001100000101001000010100000000100111010101001100100010
1001100000101001000010100000000100111010101001100100101
1001100000101001000010100000000100111010101001100100110
1001100000101001000010100000000100111010101001100100111
1001100000101001000010100000000100111100100101010010001
1001100000101001000010100000000100111100100101010010011
1001100000101001000010100001000000111001101001100100100
1001100000101001000010100001000000111001101001100100110
1001100000101001000010100001000000111001101101110110101
1001100000101001000010100001000000111011101001100100101
1001100000101001000010100001000000111101101101110110111
1001100000101001000010100001000000111110101001100100101
1001100000101001000010100001000000111110101001100100110
1001100000101001000010100001000000111111101101011101101
1001100000101001000010100001000000111111101101101011101
1001100000101001000010100001000010111110101001100100010
1001100000101001000010100001000100111110100101010010001
1001100000101010000001100000000000101100111001100010001
1001100000101010000001100000000001100110110101100100100
1001100000101010000001100000000001101000110001000110101
1001100000101010000001100000000001101010101101100100100
1001100000101010000001100000000001101100111001100010000
1001100000101010000001100000000001101100111001100100110
1001100000101010000001100000000001101100111001100110110
1001100000101010000001100000000010101100111001100001100
1001100000101010000001100000000010101100111001100011010
1001100000101010000001100000000010101100111001100100010
1001100000101010000001100000000010101100111001100100110
1001100000101010000001100000000010101100111001100110111
1001100000101010000001100000000100101000110001000110111
1001100000101010000001100000000100101010110101010001001
1001100000101010000001100000000100101100111001100010110
1001100000101010000001100000000110101100111001100001110
1001100000101010000001100000001000100010100100010100001
1001100000101010000001100000001000100011101010110000101
1001100000101010000001100000001000100101100110110000101
1001100000101010000001100000001000100110101100110000101
1001100000101010000001100000001000101001110101100111101
1001100000101010000001100000001000101010110011100111101
1001100000101010000001100000001000101100111001100011100
1001100000101010000001100000001000101100111001100101110
1001100000101010000001100000001000101100111001100110010
1001100000101010000001100000001000101100111001100110101
1001100000101010000001100000001000101100111001100110110
1001100000101010000001100000001010101100111001100011010
1001100000101010000001100000001010101100111001100101110
1001100000101010000010010000000000111000101101110110101
1001100000101010000010010000000000111001101001100100000
1001100000101010000010010000000000111001101101110110101
1001100000101010000010010000000000111100101001100100101
1001100000101010000010010000000000111100101101110110111
1001100000101010000010010000000001111001101001100100100
1001100000101010000010010000000001111001101101110110101
1001100000101010000010010000000001111010101001100100000
1001100000101010000010010000000001111010101001100100100
1001100000101010000010010000000001111010101001100100101
1001100000101010000010010000000001111100100101010010001
1001100000101010000010010000000001111100101001100100100
1001100000101010000010010000000001111100101001100100110
1001100000101010000010010000000001111100101101110110111
1001100000101010000010010000000010000111100001000000000
1001100000101010000010010000000010111000101001100100010
1001100000101010000010010000000010111000101001100100101
1001100000101010000010010000000010111001101001100100101
1001100000101010000010010000000010111010101001100100001
1001100000101010000010010000000010111010101001100100010
1001100000101010000010010000000010111010101001100100101
1001100000101010000010010000000010111100101001100100010
1001100000101010000010010000000010111100101001100100110
1001100000101010000010010000000100000111100001000000101
1001100000101010000010010000000100111000100101010010001
1001100000101010000010010000000100111001101101110110111
1001100000101010000010010000000100111010101001100100010
1001100000101010000010010000000100111010101001100100101
1001100000101010000010010000000100111010101001100100110
1001100000101010000010010000000100111010101001100100111
1001100000101010000010010000000100111100100101010010001
1001100000101010000010010000000100111100100101010010011
1001100000101010000010010001000000111001101001100100100
1001100000101010000010010001000000111001101001100100110
1001100000101010000010010001000000111001101101110110101
1001100000101010000010010001000000111011101001100100101
1001100000101010000010010001000000111101101101110110111
1001100000101010000010010001000000111110101001100100101
1001100000101010000010010001000000111110101001100100110
1001100000101010000010010001000000111111101101011101101
1001100000101010000010010001000000111111101101101011101
1001100000101010000010010001000010111110101001100100010
1001100000101010000010010001000100111110100101010010001
1001100010100110010010100100000001101100111001100100101
1001100010100110010010100100000010101100111001100100011
1001100010100110010010100100001000101100111001100101010
1001100010100110010010100100001000101100111001100101011
1001100010100110010010100100001000101100111001100101111
1001100010101001010010100100000001111001101001100100001
1001100010101001010010100100000001111100101001100100101
1001100010101001010010100100000010111100101001100100011
1001100010101001010010100100000100111001101001100100011
1001100010101001010010100100000100111010101001100100011
1001100010101001010010100100000100111100101001100100111
1001100010101001010010100101000000111101101001100100011
1001100010101010010001100100000001101100111001100100101
1001100010101010010001100100000010101100111001100100011
1001100010101010010001100100001000101100111001100101010
1001100010101010010001100100001000101100111001100101011
1001100010101010010001100100001000101100111001100101111
1001100010101010010010010100000001111001101001100100001
1001100010101010010010010100000001111100101001100100101
1001100010101010010010010100000010111100101001100100011
1001100010101010010010010100000100111001101001100100011
1001100010101010010010010100000100111010101001100100011
1001100010101010010010010100000100111100101001100100111
1001100010101010010010010101000000111101101001100100011
1001100100100110100010101000000010101010110101010001011
1001100100100110100010101000000100101010110101010010011
1001100100100110100010101000001000101010110101010101111
1001100100101001100010101000000100111010100101010010011
1001100100101010100001101000000010101010110101010001011
1001100100101010100001101000000100101010110101010010011
1001100100101010100001101000001000101010110101010101111
1001100100101010100010011000000100111010100101010010011
1001101000100110010010101000000001010110011001010100100
1001101000100110010010101000000001011100010100110100100
1001101000100110010010101000000001100110111001010100100
1001101000100110010010101000000001101100110100110100100
1001101000100110100010100100000001010110010101100100100
1001101000100110100010100100000001100110110101100100100
1001101000100111000010110000000001100100101000100001100
1001101000100111000010110000000001100100101000100010101
1001101000100111000010110000000001100100101000100100110
1001101000100111000010110000000001100110101100110001101
1001101000100111000010110000000001100110101100110100111
1001101000100111000010110000000010100100101000100100010
1001101000100111000010110000000010100100101000100110111
1001101000100111000010110000000100100110101100110001010
1001101000100111000010110000001000100110101100110101010
1001101000101010010001101000000001010110010101100100100
1001101000101010010001101000000001100110110101100100100
1001101000101010100001100100000001010110011001010100100
1001101000101010100001100100000001011100010100110100100
1001101000101010100001100100000001100110111001010100100
1001101000101010100001100100000001101100110100110100100
1001101000101011000001110000000001100100101000100001100
1001101000101011000001110000000001100100101000100010101
1001101000101011000001110000000001100100101000100100110
1001101000101011000001110000000001100110101100110001101
1001101000101011000001110000000001100110101100110100111
1001101000101011000001110000000010100100101000100100010
1001101000101011000001110000000010100100101000100110111
1001101000101011000001110000000100100110101100110001010
1001101000101011000001110000001000100110101100110101010
1001110000101011000011010000000001111100101101110110100
1001110000101011000011010000000001111100101101110110101
1001110000101011000011010000000010000111101001100100010
1001110000101011000011010000000010111010101011101101000
1001110000101011000011010000000010111100101101110110011
1001110000101011000011010000000100111010101011101101100
1001110000101011000011010000000100111010101101110110011
1001110000101011000011010000000100111010101101110110101
1001110000101011000011010000000100111100101101110110111
1001110000101011000011010001000000111110101011101101100
1001110000101011000011010001000000111110101101110110101
1001110000101100100011010000000001100011111101000100000
1001110000101100100011010000000001111100111101010110100
1001110000101100100011010000000001111100111101010110101
1001110000101100100011010000000010011110111001001101010
1001110000101100100011010000000010111100111101010110101
1001110000101100100011010001000000111110111101001101010
1001110000101100100011010001000000111110111101010110101
1001110000101101000010110000000001111100101101110110100
1001110000101101000010110000000001111100101101110110101
1001110000101101000010110000000010000111101001100100010
1001110000101101000010110000000010111010101011101101000
1001110000101101000010110000000010111100101101110110011
1001110000101101000010110000000100111010101011101101100
1001110000101101000010110000000100111010101101110110011
1001110000101101000010110000000100111010101101110110101
1001110000101101000010110000000100111100101101110110111
1001110000101101000010110001000000111110101011101101100
1001110000101101000010110001000000111110101101110110101
1001110000101101000011001000000001100011111101000100000
1001110000101101000011001000000001111100111101010110100
1001110000101101000011001000000001111100111101010110101
1001110000101101000011001000000010011110111001001101010
1001110000101101000011001000000010111100111101010110101
1001110000101101000011001001000000111110111101001101010
1001110000101101000011001001000000111110111101010110101
1001110000101110000000011100000001101100101101010100100
1001110000101110000000011100000001101100110100110100100
1010000000000000111000010001110000100100100010010000101
1010000000000000111000010001110000100100100100001000101
1010000000000000111000010001110000101100110011010111101
1010000000000000111000010001110000101100110101001111101
1010000000000001110000000011110000101000100100100100100
1010000000000001110000000011110000101000101000010100100
1010000000000001110000000011110000101100101101010101111
1010000000000001110000000011110000101100110100110101111
1010000000000001111011100001110000100110100110101000101
1010000000000001111011100001110000100110101010011000101
1010000000001110000000000011110000101100101101010100100
1010000000001110000000000011110000101100110100110100100
1010000000001110000000010001110000100110100110101000101
1010000000001110000000010001110000100110101010011000101
1010000000001110000000010001110000101100110011010111101
1010000000001110000000010001110000101100110101001111101
1010000000010000001000000011110000101000100100100100100
1010000000010000001000000011110000101000101000010100100
1010000000010000001000000011110000101100101101010100100
1010000000010000001000000011110000101100110100110100100
1010000000010000001000000011110001101100101101010100100
1010000000010000001000000011110001101100110100110100100
1010000000010000111110000001000111111000101001001010101
1010000000010000111110000001000111111000101001010001101
1010000000010001000000010001110000100100100010010000101
1010000000010001000000010001110000100100100100001000101
1010000000010111000110000001000111111000101101011101101
1010000000010111000110000001000111111000101101101011101
1010000000011000000010000000000111111000101001001010101
1010000000011000000010000000000111111000101001010001101
1010000000011000000010000000111000000111101001001010101
1010000000011000000010000000111000000111101001010001101
1010000000011000000010000000111000111000101101011101101
1010000000011000000010000000111000111000101101101011101
1010000000100000001000000011110000101000100100100100100
1010000000100000001000000011110000101000101000010100100
1010000000100000001000000011110000101100101101010100100
1010000000100000001000000011110000101100110100110100100
1010000000100000001000011101110000101000100100100100100
1010000000100000001000011101110000101000101000010100100
1010000000100000001100000011110000101000100100100100100
1010000000100000001100000011110000101000101000010100100
1010000000100000001100000011110000101100101101010100100
1010000000100000001100000011110000101100110100110100100
1010000000100000001100000011110001101100101101010100100
1010000000100000001100000011110001101100110100110100100
1010000000100001000000001111110000100100100010010000101
1010000000100001000000001111110000100100100100001000101
1010000000100001000011100001110000101100110011010111101
1010000000100001000011100001110000101100110101001111101
1010000000100001000100010001111000100100100010010111101
1010000000100001000100010001111000100100100100001111101
1010000000100001110000011101110000101000100100100101111
1010000000100001110000011101110000101000101000010101111
1010000000100001110000011111110000101000100100100101111
1010000000100001110000011111110000101000101000010101111
1010000000100001110011100001110000101100101101010101111
1010000000100001110011100001110000101100110100110101111
1010000000100001110011100011110000101001100110101100100
1010000000100001110011100011110000101001101010011100100
1010000000100001110011100011110000101100101101010101111
1010000000100001110011100011110000101100110100110101111
1010000000100001110111100001110001101001100110101100100
1010000000100001110111100001110001101001101010011100100
1010000000100100000010000001001000101000010000000110101
1010000000100100000010000001001100101001010100000111101
1010000000100100000010000001001100101010010010000111101
1010000000100100000010000001010000100100010001010110101
1010000000100100000010000001010000101000001001010110101
1010000000100100000010000001010000110000100000100000101
1010000000100100000010000001010000110000100000110000101
1010000000100100000010000001010000110000100001000100101
1010000000100100000010000001010000110000100001000110101
1010000000100100000010000001010000110000100001001100100
1010000000100100000010000001010000110000100001010100001
1010000000100100000010000001010000110000100001010100101
1010000000100100000010000001010000110000100001100000101
1010000000100100000010000001010000110000100001100001100
1010000000100100000010000001010000110000100001100010001
1010000000100100000010000001010000110000100001100101110
1010000000100100000010000001010000110000100001101010000
1010000000100100000010000001010000110000100001101100110
1010000000100100000010000001010000110000100001110010001
1010000000100100000010000001010010100110010101000100001
1010000000100100000010000001010010101010001101000100001
1010000000100100000010000001010010110010100101100100011
1010000000100100000010000001010100110100101001001000100
1010000000100100000010000001011000101100101001010110101
1010000000100100000010000001011000110010101001110101111
1010000000100100000010000001011000110100011001010110101
1010000000100100000010000001011000110100100101110101111
1010000000100100000010000001011000111000110000011100101
1010000000100100000010000001011000111000110000011101000
1010000000100100000010000001011000111000110000101110100
1010000000100100000010000001011000111000110000101110101
1010000000100100000010000001011000111000110000110010001
1010000000100100000010000001011000111000110000110011001
1010000000100100000010000001011000111000110000110100010
1010000000100100000010000001011000111000110000110100101
1010000000100100000010000001011000111000110000110100111
1010000000100100000010000001011000111000110000110101100
1010000000100100000010000001011000111000110000110101101
1010000000100100000010000001011000111000110001010101000
1010000000100100000010000001011000111000110001100101000
1010000000100100000010000001011000111000110001100101100
1010000000100100000010000001011000111000110001100111100
1010000000100100000010000001011000111000110001100111101
1010000000100100000010000001011000111000110001101111000
1010000000100100000010000001011000111000110001110111101
1010000000100100000010000001011100110110110101110101111
1010000000100100000010000001011100111010101101110101111
1010000000101000000001000001001000101000010000000110101
1010000000101000000001000001001100101001010100000111101
1010000000101000000001000001001100101010010010000111101
1010000000101000000001000001010000100100010001010110101
1010000000101000000001000001010000101000001001010110101
1010000000101000000001000001010000110000100000100000101
1010000000101000000001000001010000110000100000110000101
1010000000101000000001000001010000110000100001000100101
1010000000101000000001000001010000110000100001000110101
1010000000101000000001000001010000110000100001001100100
1010000000101000000001000001010000110000100001010100001
1010000000101000000001000001010000110000100001010100101
1010000000101000000001000001010000110000100001100000101
1010000000101000000001000001010000110000100001100001100
1010000000101000000001000001010000110000100001100010001
1010000000101000000001000001010000110000100001100101110
1010000000101000000001000001010000110000100001101010000
1010000000101000000001000001010000110000100001101100110
1010000000101000000001000001010000110000100001110010001
1010000000101000000001000001010010100110010101000100001
1010000000101000000001000001010010101010001101000100001
1010000000101000000001000001010010110010100101100100011
1010000000101000000001000001010100110100101001001000100
1010000000101000000001000001011000101100101001010110101
1010000000101000000001000001011000110010101001110101111
1010000000101000000001000001011000110100011001010110101
1010000000101000000001000001011000110100100101110101111
1010000000101000000001000001011000111000110000011100101
1010000000101000000001000001011000111000110000011101000
1010000000101000000001000001011000111000110000101110100
1010000000101000000001000001011000111000110000101110101
1010000000101000000001000001011000111000110000110010001
1010000000101000000001000001011000111000110000110011001
1010000000101000000001000001011000111000110000110100010
1010000000101000000001000001011000111000110000110100101
1010000000101000000001000001011000111000110000110100111
1010000000101000000001000001011000111000110000110101100
1010000000101000000001000001011000111000110000110101101
1010000000101000000001000001011000111000110001010101000
1010000000101000000001000001011000111000110001100101000
1010000000101000000001000001011000111000110001100101100
1010000000101000000001000001011000111000110001100111100
1010000000101000000001000001011000111000110001100111101
1010000000101000000001000001011000111000110001101111000
1010000000101000000001000001011000111000110001110111101
1010000000101000000001000001011100110110110101110101111
1010000000101000000001000001011100111010101101110101111
1010000000101000000010000000000111111000101001001010101
1010000000101000000010000000000111111000101001010001101
1010000000101000000010000000111000000111101001001010101
1010000000101000000010000000111000000111101001010001101
1010000000101000000010000000111000111000101101011101101
1010000000101000000010000000111000111000101101101011101
1010000000101000000110000000000111111000101001001010101
1010000000101000000110000000000111111000101001010001101
1010000000101000000110000000111000000111101001001010101
1010000000101000000110000000111000000111101001010001101
1010000000101000000110000000111000111000101101011101101
1010000000101000000110000000111000111000101101101011101
1010000000101110000000011100001110101000100100100101111
1010000000101110000000011100001110101000101000010101111
1010000000101110000011100000001110101001100110101100100
1010000000101110000011100000001110101001101010011100100
1010000000101110000011100000001110101100101101010101111
1010000000101110000011100000001110101100110100110101111
1010000000110000000000000011110000101000100100100100100
1010000000110000000000000011110000101000101000010100100
1010000000110000000000000011110000101100101101010100100
1010000000110000000000000011110000101100110100110100100
1010000000110000000000000011110001101100101101010100100
1010000000110000000000000011110001101100110100110100100
1010000000110000000000010001110000100100100010010000101
1010000000110000000000010001110000100100100100001000101
1010000000110000000010000001000000111000101001001010101
1010000000110000000010000001000000111000101001010001101
1010000000110000000010000001111000111000101001001010101
1010000000110000000010000001111000111000101001010001101
1010000000110000000110000000111111111000101101011101101
1010000000110000000110000000111111111000101101101011101
1010000000110000001100000011110001101100101101010100100
1010000000110000001100000011110001101100110100110100100
1010000000110001000011100000000111100100100010010000101
1010000000110001000011100000000111100100100100001000101
1010000000110001000100010001111000100100100010010111101
1010000000110001000100010001111000100100100100001111101
1010000000111000000001110000000111111000101101011101101
1010000000111000000001110000000111111000101101101011101
1010000000111000000110000001000111111000101001001010101
1010000000111000000110000001000111111000101001010001101
1010000000111000000110000001111000000111101001001010101
1010000000111000000110000001111000000111101001010001101
1010000000111000000110000001111000111000101001001010101
1010000000111000000110000001111000111000101001010001101
1010000000111000000110000001111000111000101101011101101
1010000000111000000110000001111000111000101101101011101
1010000001100001110000011101110000101000100100100100100
1010000001100001110000011101110000101000101000010100100
1010000001100001110011100001110000101100101101010100100
1010000001100001110011100001110000101100110100110100100
1010000001100100001010000011011000101100101001010110100
1010000001100100001010000011011000110010101001110100100
1010000001100100001010000011011000110100011001010110100
1010000001100100001010000011011000110100100101110100100
1010000001101000001001000011011000101100101001010110100
1010000001101000001001000011011000110010101001110100100
1010000001101000001001000011011000110100011001010110100
1010000001101000001001000011011000110100100101110100100
1010000010100100010010000101010000100100010001000100001
1010000010100100010010000101010000101000001001000100001
1010000010100100010010000101010000110000100001000100001
1010000010100100010010000101010000110000100001100100011
1010000010100100010010000101010100110100101001001000101
1010000010100100010010000101011000101100101001000100001
1010000010100100010010000101011000110100011001000100001
1010000010100100010010000101011000111000110001100101000
1010000010100100010010000101011000111000110001100101001
1010000010100100010010000101011000111000110001100110001
1010000010101000010001000101010000100100010001000100001
1010000010101000010001000101010000101000001001000100001
1010000010101000010001000101010000110000100001000100001
1010000010101000010001000101010000110000100001100100011
1010000010101000010001000101010100110100101001001000101
1010000010101000010001000101011000101100101001000100001
1010000010101000010001000101011000110100011001000100001
1010000010101000010001000101011000111000110001100101000
1010000010101000010001000101011000111000110001100101001
1010000010101000010001000101011000111000110001100110001
1010000100100100001010000100110000010000100001000000101
1010000100100100001010000101010000110000100001000000101
1010000100100100010010000010110000010000100001000000101
1010000100100100010010000011010000110000100001000000101
1010000100100100100010001001010000110000100001001000100
1010000100100100100010001001010000110000100001001000110
1010000100100100100010001001010000110000100001010000010
1010000100100100100010001001010000110000100001010000101
1010000100100100100010001001010000110000100001011000101
1010000100100100100010001001010000110000100001110000111
1010000100100100100010001001010010110010100101010000011
1010000100100100100010001001010010110010100101100000111
1010000100100100100010001001011000111000110000011001100
1010000100100100100010001001011000111000110000011010111
1010000100100100100010001001011000111000110000110010111
1010000100100100100010001001011000111000110001010011010
1010000100100100100010001001011000111000110001010011101
1010000100100100100010001001011000111000110001010101110
1010000100100100100010001001011000111000110001010110010
1010000100100100100010001001011000111000110001100110110
1010000100101000100001001001010000110000100001001000100
1010000100101000100001001001010000110000100001001000110
1010000100101000100001001001010000110000100001010000010
1010000100101000100001001001010000110000100001010000101
1010000100101000100001001001010000110000100001011000101
1010000100101000100001001001010000110000100001110000111
1010000100101000100001001001010010110010100101010000011
1010000100101000100001001001010010110010100101100000111
1010000100101000100001001001011000111000110000011001100
1010000100101000100001001001011000111000110000011010111
1010000100101000100001001001011000111000110000110010111
1010000100101000100001001001011000111000110001010011010
1010000100101000100001001001011000111000110001010011101
1010000100101000100001001001011000111000110001010101110
1010000100101000100001001001011000111000110001010110010
1010000100101000100001001001011000111000110001100110110
1010000100110000001100000100111000000000010100001100101
1010000100110000001100000100111000000000100101001100101
1010000100110000001100000100111000001000010000000111101
1010000100110000001100000101000111100000100001000000101
1010000100110000001100000101000111110000100001000000101
1010000100110000001100000101011000001000000001000111101
1010000100110000001100000101011000100000010001000111101
1010000100110000001100000101100111101000110000000000101
1010000100110000001100000101101000001000100001000111101
1010000100110000001100000101101000010000000000000000101
1010000100110000001100000101101000010000010001000111101
1010000100110000001100000101101000100000110001000111101
1010000100110000001100000101101000101000110000000111101
1010000100110000001100000101110000011000100000111000101
1010000100110000001100000101110000100000001111000000101
1010000100110000001100000101110000100000110001000000101
1010000100110000001100000101111000010010000010100000101
1010000100110000001100000101111000011010010011100111101
1010000100110000001100000101111000100010100010100000101
1010000100110000001100000101111000101010110011100111101
1010000100110000001100000101111000111000010110110101101
1010000100110000001100000101111000111000100111110101101
1010000100110000010100000010111000000000010100001100101
1010000100110000010100000010111000000000100101001100101
1010000100110000010100000010111000001000010000000111101
1010000100110000010100000011000111100000100001000000101
1010000100110000010100000011000111110000100001000000101
1010000100110000010100000011011000001000000001000111101
1010000100110000010100000011011000100000010001000111101
1010000100110000010100000011100111101000110000000000101
1010000100110000010100000011101000001000100001000111101
1010000100110000010100000011101000010000000000000000101
1010000100110000010100000011101000010000010001000111101
1010000100110000010100000011101000100000110001000111101
1010000100110000010100000011101000101000110000000111101
1010000100110000010100000011110000011000100000111000101
1010000100110000010100000011110000100000001111000000101
1010000100110000010100000011110000100000110001000000101
1010000100110000010100000011111000010010000010100000101
1010000100110000010100000011111000011010010011100111101
1010000100110000010100000011111000100010100010100000101
1010000100110000010100000011111000101010110011100111101
1010000100110000010100000011111000111000010110110101101
1010000100110000010100000011111000111000100111110101101
1010000110100100011010001010110000010000100001000000101
1010000110100100011010001011010000110000100001000000101
1010000110100100101010000110110000010000100001000000101
1010000110100100101010000111010000110000100001000000101
1010000110100100110010001101010000110000100001100000111
1010000110100100110010001101011000111000110000101001111
1010000110100100110010001101011000111000110000110100111
1010000110101000110001001101010000110000100001100000111
1010000110101000110001001101011000111000110000101001111
1010000110101000110001001101011000111000110000110100111
1010000110110000011100001010010111001000000000000000101
1010000110110000011100001011100111101000110000000000101
1010000110110000101100000110010111001000000000000000101
1010000110110000101100000111100111101000110000000000101
1010001000100000111011100001110000101100110011010111101
1010001000100000111011100001110000101100110101001111101
1010001000100100010010001000100001000001000010000100100
1010001000100100010010001000110000010000100000001100100
1010001000100100010010001000110000010000100001110101111
1010001000100100010010001000110100010010110001110101111
1010001000100100010010001000111000010100100101110101111
1010001000100100010010001001000001100001000010000100100
1010001000100100010010001001010000110000100000001100100
1010001000100100010010001001010000110000100001110101111
1010001000100100010010001001010100110010110001110101111
1010001000100100010010001001011000110100100101110101111
1010001000100100100010000100100001000001000010000100100
1010001000100100100010000100110000010000100000001100100
1010001000100100100010000100110000010000100001110101111
1010001000100100100010000100110010010100110001110101111
1010001000100100100010000101000001100001000010000100100
1010001000100100100010000101010000110000100000001100100
1010001000100100100010000101010000110000100001110101111
1010001000100100100010000101010010110100110001110101111
1010001000100101000010010001000100100001000100000111101
1010001000100101000010010001000100100010000010000111101
1010001000100101000010010001010000110000100000001100000
1010001000100101000010010001010000110000100000001100100
1010001000100101000010010001010000110000100000001110101
1010001000100101000010010001010000110000100000010100101
1010001000100101000010010001010000110000100000010101000
1010001000100101000010010001010000110000100000010110001
1010001000100101000010010001010000110000100000011100101
1010001000100101000010010001010000110000100000011101000
1010001000100101000010010001010000110000100000100001100
1010001000100101000010010001010000110000100000100010001
1010001000100101000010010001010000110000100000100010101
1010001000100101000010010001010000110000100000100100101
1010001000100101000010010001010000110000100000100101000
1010001000100101000010010001010000110000100000100101100
1010001000100101000010010001010000110000100000100110010
1010001000100101000010010001010000110000100000100110101
1010001000100101000010010001010000110000100000100110111
1010001000100101000010010001010000110000100000100111101
1010001000100101000010010001010000110000100000101011000
1010001000100101000010010001010000110000100000101100110
1010001000100101000010010001010000110000100000101110100
1010001000100101000010010001010000110000100000101110101
1010001000100101000010010001010000110000100000110010001
1010001000100101000010010001010000110000100000110100010
1010001000100101000010010001010000110000100000110100101
1010001000100101000010010001010000110000100000110101100
1010001000100101000010010001010000110000100000110101101
1010001000100101000010010001010000110000100000110110101
1010001000100101000010010001010000110000100001000100101
1010001000100101000010010001010000110000100001000101000
1010001000100101000010010001010000110000100001000110101
1010001000100101000010010001010000110000100001001110101
1010001000100101000010010001010000110000100001010101000
1010001000100101000010010001010000110000100001010110001
1010001000100101000010010001010000110000100001100101000
1010001000100101000010010001010000110000100001100101100
1010001000100101000010010001010000110000100001100110010
1010001000100101000010010001010000110000100001100110101
1010001000100101000010010001010000110000100001100110111
1010001000100101000010010001010000110000100001100111100
1010001000100101000010010001010000110000100001100111101
1010001000100101000010010001010000110000100001110111101
1010001000100101000010010001010010110010100101100101001
1010001000100101000010010001010100110100101000011011101
1010001000100101000010010001010100110100101000101011110
1010001000100101000010010001010100110100101000110001110
1010001000100101000010010001010100110100101001001111110
1010001000100101000010010001010100110100101001010011010
1010001000100101000010010001010100110100101001010101110
1010001000100101000010010001010100110100101001100110110
1010001000101000010001001000110010010100110001110101111
1010001000101000010001001001010010110100110001110101111
1010001000101000100001000100110100010010110001110101111
1010001000101000100001000100111000010100100101110101111
1010001000101000100001000101010100110010110001110101111
1010001000101000100001000101011000110100100101110101111
1010001000101001000001010001000100100001000100000111101
1010001000101001000001010001000100100010000010000111101
1010001000101001000001010001010000110000100000001100000
1010001000101001000001010001010000110000100000001100100
1010001000101001000001010001010000110000100000001110101
1010001000101001000001010001010000110000100000010100101
1010001000101001000001010001010000110000100000010101000
1010001000101001000001010001010000110000100000010110001
1010001000101001000001010001010000110000100000011100101
1010001000101001000001010001010000110000100000011101000
1010001000101001000001010001010000110000100000100001100
1010001000101001000001010001010000110000100000100010001
1010001000101001000001010001010000110000100000100010101
1010001000101001000001010001010000110000100000100100101
1010001000101001000001010001010000110000100000100101000
1010001000101001000001010001010000110000100000100101100
1010001000101001000001010001010000110000100000100110010
1010001000101001000001010001010000110000100000100110101
1010001000101001000001010001010000110000100000100110111
1010001000101001000001010001010000110000100000100111101
1010001000101001000001010001010000110000100000101011000
1010001000101001000001010001010000110000100000101100110
1010001000101001000001010001010000110000100000101110100
1010001000101001000001010001010000110000100000101110101
1010001000101001000001010001010000110000100000110010001
1010001000101001000001010001010000110000100000110100010
1010001000101001000001010001010000110000100000110100101
1010001000101001000001010001010000110000100000110101100
1010001000101001000001010001010000110000100000110101101
1010001000101001000001010001010000110000100000110110101
1010001000101001000001010001010000110000100001000100101
1010001000101001000001010001010000110000100001000101000
1010001000101001000001010001010000110000100001000110101
1010001000101001000001010001010000110000100001001110101
1010001000101001000001010001010000110000100001010101000
1010001000101001000001010001010000110000100001010110001
1010001000101001000001010001010000110000100001100101000
1010001000101001000001010001010000110000100001100101100
1010001000101001000001010001010000110000100001100110010
1010001000101001000001010001010000110000100001100110101
1010001000101001000001010001010000110000100001100110111
1010001000101001000001010001010000110000100001100111100
1010001000101001000001010001010000110000100001100111101
1010001000101001000001010001010000110000100001110111101
1010001000101001000001010001010010110010100101100101001
1010001000101001000001010001010100110100101000011011101
1010001000101001000001010001010100110100101000101011110
1010001000101001000001010001010100110100101000110001110
1010001000101001000001010001010100110100101001001111110
1010001000101001000001010001010100110100101001010011010
1010001000101001000001010001010100110100101001010101110
1010001000101001000001010001010100110100101001100110110
1010001000101110000000001110000111100100100010010000101
1010001000101110000000001110000111100100100100001000101
1010001000101110000011100000000111100110100110101000101
1010001000101110000011100000000111100110101010011000101
1010001000110000010100001000011110100000100000001100100
1010001000110000010100001000110001000000100000001100100
1010001000110000010100001000111110100000100010001100100
1010001000110000010100001001001110100000100000000101111
1010001000110000010100001001001110110000100000001100100
1010001000110000010100001001010001010000000000001100100
1010001000110000010100001001010001100000000000001100100
1010001000110000010100001001010001100000100000001100100
1010001000110000010100001001010001110000100001110100100
1010001000110000010100001001011110110000000010001100100
1010001000110000010100001001011110110000100001110101111
1010001000110000010100001001100001000001100000000100100
1010001000110000010100001001100001010000000000000100100
1010001000110000010100001001100001010000000000001100100
1010001000110000010100001001100001100000000010000100100
1010001000110000010100001001110000010000000000001100100
1010001000110000010100001001110000010100000101000101111
1010001000110000010100001001110000100000000010001100100
1010001000110000010100001001110000100000100010001100100
1010001000110000010100001001110000100100100101000101111
1010001000110000010100001001110000110000100011110100100
1010001000110000010100001001110001010100000101000100100
1010001000110000010100001001110001100000100010001100100
1010001000110000010100001001110001100100100101000100100
1010001000110000010100001001110001110000100011110100100
1010001000110000100100000100011110100000100000001100100
1010001000110000100100000100110001000000100000001100100
1010001000110000100100000100111110100000100010001100100
1010001000110000100100000101001110100000100000000101111
1010001000110000100100000101001110110000100000001100100
1010001000110000100100000101010001010000000000001100100
1010001000110000100100000101010001100000000000001100100
1010001000110000100100000101010001100000100000001100100
1010001000110000100100000101010001110000100001110100100
1010001000110000100100000101011110110000000010001100100
1010001000110000100100000101011110110000100001110101111
1010001000110000100100000101100001000001100000000100100
1010001000110000100100000101100001010000000000000100100
1010001000110000100100000101100001010000000000001100100
1010001000110000100100000101100001100000000010000100100
1010001000110000100100000101110000010000000000001100100
1010001000110000100100000101110000010100000101000101111
1010001000110000100100000101110000100000000010001100100
1010001000110000100100000101110000100000100010001100100
1010001000110000100100000101110000100100100101000101111
1010001000110000100100000101110000110000100011110100100
1010001000110000100100000101110001010100000101000100100
1010001000110000100100000101110001100000100010001100100
1010001000110000100100000101110001100100100101000100100
1010001000110000100100000101110001110000100011110100100
1010001001110000011100001011001110100000100000001100100
1010001001110000011100001011110001010100000101000100100
1010001001110000011100001011110001100100100101000100100
1010001001110000101100000111001110100000100000001100100
1010001001110000101100000111110001010100000101000100100
1010001001110000101100000111110001100100100101000100100
1010001010100101010010010101010100110100101000110001011
1010001010100101010010010101010100110100101001100011011
1010001010100101010010010101010100110100101001100101111
1010001010101001010001010101010100110100101000110001011
1010001010101001010001010101010100110100101001100011011
1010001010101001010001010101010100110100101001100101111
1010001100100100110010010100100001000001000010000100100
1010001100100100110010010100110000010000100000001100100
1010001100100100110010010100110000010000100001110101111
1010001100100100110010010101000001100001000010000100100
1010001100100100110010010101010000110000100000001100100
1010001100100100110010010101010000110000100001110101111
1010001100100101010010001100100001000001000010000100100
1010001100100101010010001100110000010000100000001100100
1010001100100101010010001100110000010000100001110101111
1010001100100101010010001101000001100001000010000100100
1010001100100101010010001101010000110000100000001100100
1010001100100101010010001101010000110000100001110101111
1010001100100101100010011001010000110000100000001010000
1010001100100101100010011001010000110000100000011011101
1010001100100101100010011001010000110000100001010111111
1010001100100101100010011001010010110010100101010101011
1010001100100101100010011001010010110010100101100011011
1010001100101001100001011001010000110000100000001010000
1010001100101001100001011001010000110000100000011011101
1010001100101001100001011001010000110000100001010111111
1010001100101001100001011001010010110010100101010101011
1010001100101001100001011001010010110010100101100011011
1010001100110000110100010101001110010000000000000101111
1010001100110000110100010101001110100000100000001101111
1010001100110000110100010101110001011000001000010100100
1010001100110000110100010101110001011000001000010101111
1010001100110000110100010101110001101000101000010100100
1010001100110000110100010101110001101000101000010101111
1010001100110001001100010100010111001000000000000111101
1010001100110001001100010101000111101000100000000111101
1010001100110001010100001101001110010000000000000101111
1010001100110001010100001101001110100000100000001101111
1010001100110001010100001101110001011000001000010100100
1010001100110001010100001101110001011000001000010101111
1010001100110001010100001101110001101000101000010100100
1010001100110001010100001101110001101000101000010101111
1010001100110001010100010010010111001000000000000111101
1010001100110001010100010011000111101000100000000111101
1010010000100100100010010000100010000010000101000100001
1010010000100100100010010000101000000100100001010110101
1010010000100100100010010000101001000101100011010110100
1010010000100100100010010000110000001000001001010110101
1010010000100100100010010000110001001001001011010110100
1010010000100100100010010000111000001100101001010110101
1010010000100100100010010001000010100010000101000100001
1010010000100100100010010001001000100100100001010110101
1010010000100100100010010001001001100101100011010110100
1010010000100100100010010001010000101000001001010110101
1010010000100100100010010001010001101001001011010110100
1010010000100100100010010001011000101100101001010110101
1010010000100101000010001000100010000010000101000100001
1010010000100101000010001000100100001000100001010110101
1010010000100101000010001000100101001001100011010110100
1010010000100101000010001000101100011000101001010110101
1010010000100101000010001000110100001100110001010110101
1010010000100101000010001001000010100010000101000100001
1010010000100101000010001001000100101000100001010110101
1010010000100101000010001001000101101001100011010110100
1010010000100101000010001001001100111000101001010110101
1010010000100101000010001001010100101100110001010110101
1010010000100110000010100001000100100001000101000000101
1010010000100110000010100001000100100010000011000000101
1010010000100110000010100001000100100100001001001000110
1010010000100110000010100001000100100100001001010000010
1010010000100110000010100001000100100100001001010010111
1010010000100110000010100001000110100110001101001000101
1010010000100110000010100001001000100010001000001100100
1010010000100110000010100001001000100010001001110101111
1010010000100110000010100001001000100100000100001100100
1010010000100110000010100001001000100100000101110101111
1010010000100110000010100001001000101000010000001100000
1010010000100110000010100001001000101000010000001100100
1010010000100110000010100001001000101000010000010100101
1010010000100110000010100001001000101000010000011101000
1010010000100110000010100001001000101000010000100010001
1010010000100110000010100001001000101000010000100100101
1010010000100110000010100001001000101000010000101011000
1010010000100110000010100001001000101000010000101110000
1010010000100110000010100001001000101000010000101110100
1010010000100110000010100001001000101000010000101110101
1010010000100110000010100001001000101000010000110101100
1010010000100110000010100001001000101000010000110101101
1010010000100110000010100001001000101000010000110110001
1010010000100110000010100001001000101000010000110110101
1010010000100110000010100001001000101000010001010101000
1010010000100110000010100001001000101000010001100101000
1010010000100110000010100001001000101000010001100101100
1010010000100110000010100001001000101000010001100111100
1010010000100110000010100001001000101000010001100111101
1010010000100110000010100001001000101000010001110111101
1010010000100110000010100001001001100011001011110100100
1010010000100110000010100001001001100101000111110100100
1010010000100110000010100001001010101010010101100101001
1010010000100110000010100001001100100110010101110101111
1010010000100110000010100001001100101010001101110101111
1010010000100110000010100001001100101100011000011001100
1010010000100110000010100001001100101100011001001011100
1010010000101000100001010000100100001000100001010110101
1010010000101000100001010000100101001001100011010110100
1010010000101000100001010000101100011000101001010110101
1010010000101000100001010000110100001100110001010110101
1010010000101000100001010001000101101001100011010110100
1010010000101000100001010001001100111000101001010110101
1010010000101000100001010001010100101100110001010110101
1010010000101001000001001000101000000100100001010110101
1010010000101001000001001000101001000101100011010110100
1010010000101001000001001000110000001000001001010110101
1010010000101001000001001000110001001001001011010110100
1010010000101001000001001000111000001100101001010110101
1010010000101001000001001001001001100101100011010110100
1010010000101001000001001001010000101000001001010110101
1010010000101001000001001001010001101001001011010110100
1010010000101001000001001001011000101100101001010110101
1010010000101010000001100001000100100001000101000000101
1010010000101010000001100001000100100010000011000000101
1010010000101010000001100001000100100100001001001000110
1010010000101010000001100001000100100100001001010000010
1010010000101010000001100001000100100100001001010010111
1010010000101010000001100001000110100110001101001000101
1010010000101010000001100001001000100010001000001100100
1010010000101010000001100001001000100010001001110101111
1010010000101010000001100001001000100100000100001100100
1010010000101010000001100001001000100100000101110101111
1010010000101010000001100001001000101000010000001100000
1010010000101010000001100001001000101000010000001100100
1010010000101010000001100001001000101000010000010100101
1010010000101010000001100001001000101000010000011101000
1010010000101010000001100001001000101000010000100010001
1010010000101010000001100001001000101000010000100100101
1010010000101010000001100001001000101000010000101011000
1010010000101010000001100001001000101000010000101110000
1010010000101010000001100001001000101000010000101110100
1010010000101010000001100001001000101000010000101110101
1010010000101010000001100001001000101000010000110101100
1010010000101010000001100001001000101000010000110101101
1010010000101010000001100001001000101000010000110110001
1010010000101010000001100001001000101000010000110110101
1010010000101010000001100001001000101000010001010101000
1010010000101010000001100001001000101000010001100101000
1010010000101010000001100001001000101000010001100101100
1010010000101010000001100001001000101000010001100111100
1010010000101010000001100001001000101000010001100111101
1010010000101010000001100001001000101000010001110111101
1010010000101010000001100001001001100011001011110100100
1010010000101010000001100001001001100101000111110100100
1010010000101010000001100001001010101010010101100101001
1010010000101010000001100001001100100110010101110101111
1010010000101010000001100001001100101010001101110101111
1010010000101010000001100001001100101100011000011001100
1010010000101010000001100001001100101100011001001011100
1010010000110000100100010000011100100000000011010110101
1010010000110000100100010000011100100000000101010110101
1010010000110000100100010000011101100000000101010110101
1010010000110000100100010000011110000010000001001101010
1010010000110000100100010000011110100000000011010110101
1010010000110000100100010000100011000000000101000100000
1010010000110000100100010000100011000000000101000100001
1010010000110000100100010000100011000010000011000100000
1010010000110000100100010000100011100000111001010110101
1010010000110000100100010000111100000000000011010110100
1010010000110000100100010000111100000000000011010110101
1010010000110000100100010000111100000000000101010110101
1010010000110000100100010000111100000010000011010110101
1010010000110000100100010000111100100000000111010110101
1010010000110000100100010001000011000001000101000100000
1010010000110000100100010001000011000010000001000100000
1010010000110000100100010001000011000010000101000100001
1010010000110000100100010001000011000011000101000100001
1010010000110000100100010001000011100000000101000100000
1010010000110000100100010001000011100000000101000100001
1010010000110000100100010001000011100010000011000100000
1010010000110000100100010001000011100010000101000100001
1010010000110000100100010001000011100010000111000100001
1010010000110000100100010001011100000001000001010110101
1010010000110000100100010001011100000010000001010110101
1010010000110000100100010001011100100000000011010110100
1010010000110000100100010001011100100000000101010110101
1010010000110000100100010001011100100001000011010110100
1010010000110000100100010001011100100010000101001101010
1010010000110000100100010001011101100001000011010110100
1010010000110000100100010001100001000001000101000100000
1010010000110000100100010001100001000010000001000100000
1010010000110000100100010001100001100000111001010110100
1010010000110000100100010001100001100000111001010110101
1010010000110000100100010001100001100001111001010110100
1010010000110000100100010001100001100010000111000100000
1010010000110000100100010001100001100010111001010110101
1010010000110000100100010001100010000001000101000100000
1010010000110000100100010001100010000001000101000100001
1010010000110000100100010001100010000010000001000100001
1010010000110000100100010001100010000010000011000100000
1010010000110000100100010001100010000011000011000100000
1010010000110000100100010001100010100000000011000100000
1010010000110000100100010001100010100000000111000100000
1010010000110000100100010001100010100000000111000100001
1010010000110000100100010001100010100000111001010110101
1010010000110000100100010001100010100010000111000100001
1010010000110000100100010001100011000011000101000100001
1010010000110000100100010001111100100001000111010110101
1010010000110001000100001000011100100000000011010110101
1010010000110001000100001000011100100000000101010110101
1010010000110001000100001000011101100000000101010110101
1010010000110001000100001000011110000010000001001101010
1010010000110001000100001000011110100000000011010110101
1010010000110001000100001000100011000000000101000100000
1010010000110001000100001000100011000000000101000100001
1010010000110001000100001000100011000010000011000100000
1010010000110001000100001000100011100000111001010110101
1010010000110001000100001000111100000000000011010110100
1010010000110001000100001000111100000000000011010110101
1010010000110001000100001000111100000000000101010110101
1010010000110001000100001000111100000010000011010110101
1010010000110001000100001000111100100000000111010110101
1010010000110001000100001001000011000001000101000100000
1010010000110001000100001001000011000010000001000100000
1010010000110001000100001001000011000010000101000100001
1010010000110001000100001001000011000011000101000100001
1010010000110001000100001001000011100000000101000100000
1010010000110001000100001001000011100000000101000100001
1010010000110001000100001001000011100010000011000100000
1010010000110001000100001001000011100010000101000100001
1010010000110001000100001001000011100010000111000100001
1010010000110001000100001001011100000001000001010110101
1010010000110001000100001001011100000010000001010110101
1010010000110001000100001001011100100000000011010110100
1010010000110001000100001001011100100000000101010110101
1010010000110001000100001001011100100001000011010110100
1010010000110001000100001001011100100010000101001101010
1010010000110001000100001001011101100001000011010110100
1010010000110001000100001001100001000001000101000100000
1010010000110001000100001001100001000010000001000100000
1010010000110001000100001001100001100000111001010110100
1010010000110001000100001001100001100000111001010110101
1010010000110001000100001001100001100001111001010110100
1010010000110001000100001001100001100010000111000100000
1010010000110001000100001001100001100010111001010110101
1010010000110001000100001001100010000001000101000100000
1010010000110001000100001001100010000001000101000100001
1010010000110001000100001001100010000010000001000100001
1010010000110001000100001001100010000010000011000100000
1010010000110001000100001001100010000011000011000100000
1010010000110001000100001001100010100000000011000100000
1010010000110001000100001001100010100000000111000100000
1010010000110001000100001001100010100000000111000100001
1010010000110001000100001001100010100000111001010110101
1010010000110001000100001001100010100010000111000100001
1010010000110001000100001001100011000011000101000100001
1010010000110001000100001001111100100001000111010110101
1010010001100100101010010010111000001100101001010110100
1010010001100100101010010011011000101100101001010110100
1010010001100101001010001010101100011000101001010110100
1010010001100101001010001010110100001100110001010110100
1010010001100101001010001011001100111000101001010110100
1010010001100101001010001011010100101100110001010110100
1010010001101000101001010010101100011000101001010110100
1010010001101000101001010010110100001100110001010110100
1010010001101000101001010011001100111000101001010110100
1010010001101000101001010011010100101100110001010110100
1010010001101001001001001010111000001100101001010110100
1010010001101001001001001011011000101100101001010110100
1010010010100100110010010100100001000001000011000100000
1010010010100100110010010100111000001100101001001101010
1010010010100100110010010101000001100001000011000100000
1010010010100100110010010101011000101100101001001101010
1010010010100101010010001100100001000001000011000100000
1010010010100101010010001100101100011000101001001101010
1010010010100101010010001100110100001100110001001101010
1010010010100101010010001101000001100001000011000100000
1010010010100101010010001101001100111000101001001101010
1010010010100101010010001101010100101100110001001101010
1010010010100110010010100101001000101000010001100101001
1010010010100110010010100101001100101100011001001101010
1010010010101000110001010100101100011000101001001101010
1010010010101000110001010100110100001100110001001101010
1010010010101000110001010101001100111000101001001101010
1010010010101000110001010101010100101100110001001101010
1010010010101001010001001100111000001100101001001101010
1010010010101001010001001101011000101100101001001101010
1010010010101010010001100101001000101000010001100101001
1010010010101010010001100101001100101100011001001101010
1010010100100110100010101001000010100010000101001000101
1010010100100110100010101001001000101000010000011001100
1010010100100110100010101001001000101000010000110001110
1010010100100110100010101001001000101000010000110010111
1010010100100110100010101001001000101000010001010011010
1010010100100110100010101001001000101000010001010101110
1010010100101010100001101001000010100010000101001000101
1010010100101010100001101001001000101000010000011001100
1010010100101010100001101001001000101000010000110001110
1010010100101010100001101001001000101000010000110010111
1010010100101010100001101001001000101000010001010011010
1010010100101010100001101001001000101000010001010101110
1010010100110010001100100100100111100000110000111000101
1010010100110010001100100101111000101000110001111111101
1010010100110010010100100010100111100000110000111000101
1010010100110010010100100011111000101000110001111111101
1010011000100101100010101000101010010010001101001101010
1010011000100101100010101001001010110010001101001101010
1010011000100110100010011000100110010010010101001101010
1010011000100110100010011000110010001010001101001101010
1010011000100110100010011001000110110010010101001101010
1010011000100110100010011001010010101010001101001101010
1010011000100111000010110001000010100010000100001100001
1010011000100111000010110001000010100010000101100110001
1010011000100111000010110001000100100100001000001110110
1010011000100111000010110001000100100100001001010110010
1010011000100111000010110001000100100100001001100110110
1010011000100111000010110001000110100110001101001101010
1010011000101001100001101000100110010010010101001101010
1010011000101001100001101000110010001010001101001101010
1010011000101001100001101001000110110010010101001101010
1010011000101001100001101001010010101010001101001101010
1010011000101010100001011000101010010010001101001101010
1010011000101010100001011001001010110010001101001101010
1010011000101011000001110001000010100010000100001100001
1010011000101011000001110001000010100010000101100110001
1010011000101011000001110001000100100100001000001110110
1010011000101011000001110001000100100100001001010110010
1010011000101011000001110001000100100100001001100110110
1010011000101011000001110001000110100110001101001101010
1010011000110001100100101000011110100000000101010110101
1010011000110001100100101001011110100010000101001101010
1010011000110010010100101000011110000001000001110101111
1010011000110010010100101001001110100000100001111101111
1010011000110010100100011000011110100000000101010110101
1010011000110010100100011001011110100010000101001101010
1010011000110010100100100100011110000001000001110101111
1010011000110010100100100101001110100000100001111101111
1010100000110001000100100000000111000010101001100100111
1010100000110001000100100000000111000100100001000000100
1010100000110001000100100000111000000000101001001010101
1010100000110001000100100000111000000000101001010001101
1010100000110001000100100000111000000000101001100100101
1010100000110001000100100000111000000000101101011101101
1010100000110001000100100000111000000000101101101011101
1010100000110001000100100000111000000001101001100100110
1010100000110001000100100000111000000010101001100100010
1010100000110001000100100000111000000100100101010010001
1010100000110001000100100000111001000001101001100100100
1010100000110001000100100000111001000100100101010010001
1010100000110001000100100000111001000100101101110110111
1010100000110001000100100000111010000000101001100100010
1010100000110001000100100000111010000000101001100100101
1010100000110001000100100000111010000000101101110110011
1010100000110001000100100000111010000001101001100100101
1010100000110001000100100000111100000000100101010010001
1010100000110001000100100000111100000000101001100100101
1010100000110001000100100000111100000010101001100100010
1010100000110001000100100000111100000010101001100100111
1010100000110001000100100001000011000010101001100100010
1010100000110001000100100001000011000100100001000000101
1010100000110001000100100001000101000010100001000000000
1010100000110001000100100001000101000010101001100100110
1010100000110001000100100001000101000100100001000000100
1010100000110001000100100001000101000110100001000000000
1010100000110001000100100001000101000110100001000000100
1010100000110001000100100001000110000001101001100100110
1010100000110001000100100001000110000010100001000000001
1010100000110001000100100001000110000010101001100100111
1010100000110001000100100001000110000011100001000000001
1010100000110001000100100001000110000100100001000000001
1010100000110001000100100001000110000100100001000000010
1010100000110001000100100001000110000100100001000000101
1010100000110001000100100001000110000100100001000000111
1010100000110001000100100001000110000100100011001001100
1010100000110001000100100001000110000110100001000000001
1010100000110001000100100001000111000001101001100100110
1010100000110001000100100001111000000001101001100100000
1010100000110001000100100001111000000001101001100100100
1010100000110001000100100001111000000001101001100100110
1010100000110001000100100001111000000001101101110110101
1010100000110001000100100001111000000011101001100100101
1010100000110001000100100001111000000100101001100100101
1010100000110001000100100001111000000100101101110110111
1010100000110001000100100001111000000101101101110110111
1010100000110001000100100001111100000110100111011011001
1010100000110010000100010000000111000010101001100100111
1010100000110010000100010000000111000100100001000000100
1010100000110010000100010000111000000000101001001010101
1010100000110010000100010000111000000000101001010001101
1010100000110010000100010000111000000000101001100100101
1010100000110010000100010000111000000000101101011101101
1010100000110010000100010000111000000000101101101011101
1010100000110010000100010000111000000001101001100100110
1010100000110010000100010000111000000010101001100100010
1010100000110010000100010000111000000100100101010010001
1010100000110010000100010000111001000001101001100100100
1010100000110010000100010000111001000100100101010010001
1010100000110010000100010000111001000100101101110110111
1010100000110010000100010000111010000000101001100100010
1010100000110010000100010000111010000000101001100100101
1010100000110010000100010000111010000000101101110110011
1010100000110010000100010000111010000001101001100100101
1010100000110010000100010000111100000000100101010010001
1010100000110010000100010000111100000000101001100100101
1010100000110010000100010000111100000010101001100100010
1010100000110010000100010000111100000010101001100100111
1010100000110010000100010001000011000010101001100100010
1010100000110010000100010001000011000100100001000000101
1010100000110010000100010001000101000010100001000000000
1010100000110010000100010001000101000010101001100100110
1010100000110010000100010001000101000100100001000000100
1010100000110010000100010001000101000110100001000000000
1010100000110010000100010001000101000110100001000000100
1010100000110010000100010001000110000001101001100100110
1010100000110010000100010001000110000010100001000000001
1010100000110010000100010001000110000010101001100100111
1010100000110010000100010001000110000011100001000000001
1010100000110010000100010001000110000100100001000000001
1010100000110010000100010001000110000100100001000000010
1010100000110010000100010001000110000100100001000000101
1010100000110010000100010001000110000100100001000000111
1010100000110010000100010001000110000100100011001001100
1010100000110010000100010001000110000110100001000000001
1010100000110010000100010001000111000001101001100100110
1010100000110010000100010001111000000001101001100100000
1010100000110010000100010001111000000001101001100100100
1010100000110010000100010001111000000001101001100100110
1010100000110010000100010001111000000001101101110110101
1010100000110010000100010001111000000011101001100100101
1010100000110010000100010001111000000100101001100100101
1010100000110010000100010001111000000100101101110110111
1010100000110010000100010001111000000101101101110110111
1010100000110010000100010001111100000110100111011011001
1010100010110001010100100100111100000010101001100100011
1010100010110001010100100101111000000001101001100100000
1010100010110001010100100101111000000001101001100100001
1010100010110001010100100101111000000100101001100100010
1010100010110001010100100101111000000100101001100100011
1010100010110010010100010100111100000010101001100100011
1010100010110010010100010101111000000001101001100100000
1010100010110010010100010101111000000001101001100100001
1010100010110010010100010101111000000100101001100100010
1010100010110010010100010101111000000100101001100100011
1010100100110001100100101001111000000001100101010010101
1010100100110010100100011001111000000001100101010010101
1010100100110100001101000101000111001000110000000000101
1010100100110100010101000011000111001000110000000000101
1010101000110100010101001000011110000001011100000101111
1010101000110100100101000100011110000001011100000101111
1010110000110011000101010000111010000100101101110110011
1010110000110011000101010000111100000010101101110110011
1010110000110011000101010001111000000001101001100100000
1010110000110011000101010001111000000001101001100100110
1010110000110011000101010001111000000001101101110110001
1010110000110011000101010001111000000001101101110110101
1010110000110011000101010001111000000100101001100100101
1010110000110011000101010001111000000100101101110110010
1010110000110011000101010001111000000100101101110110011
1010110000110101000100110000111010000100101101110110011
1010110000110101000100110000111100000010101101110110011
1010110000110101000100110001111000000001101001100100000
1010110000110101000100110001111000000001101001100100110
1010110000110101000100110001111000000001101101110110001
1010110000110101000100110001111000000001101101110110101
1010110000110101000100110001111000000100101001100100101
1010110000110101000100110001111000000100101101110110010
1010110000110101000100110001111000000100101101110110011
1011000000100000111100001111111000111000101001001010101
1011000000100000111100001111111000111000101001010001101
1011000000101100000101000001000100101000100001010110101
1011000000101100000101000001000110101010100101000100001
1011000000101100000101000001001000100100100001010110101
1011000000101100000101000001001000101000010000000110101
1011000000101100000101000001001001101010011000000111101
1011000000101100000101000001001010100110100101000100001
1011000000101100000101000001001010101001011000000111101
1011000000101100000101000001001100110100110001010110101
1011000000101100000101000001001101110101110011010110100
1011000000101100000101000001001110110110110101000100001
1011000000101100000101000001010000110000100000100000101
1011000000101100000101000001010000110000100000110000101
1011000000101100000101000001010000110000100001000100101
1011000000101100000101000001010000110000100001000110101
1011000000101100000101000001010000110000100001001100100
1011000000101100000101000001010000110000100001010100001
1011000000101100000101000001010000110000100001010100101
1011000000101100000101000001010000110000100001100000101
1011000000101100000101000001010000110000100001100001100
1011000000101100000101000001010000110000100001100010001
1011000000101100000101000001010000110000100001100011101
1011000000101100000101000001010000110000100001101010000
1011000000101100000101000001010000110000100001101100110
1011000000101100000101000001010000110000100001110010001
1011000000101100000101000001010001110010101001000000101
1011000000101100000101000001010010110001101001000000101
1011000000101100000101000001010010110100110000001100100
1011000000101100000101000001010010110100110001110101111
1011000000101100000101000001010100101100110001010110101
1011000000101100000101000001010100110010110000001100100
1011000000101100000101000001010100110010110001110101111
1011000000101100000101000001010100110100101001000000101
1011000000101100000101000001010100110100101001000001110
1011000000101100000101000001010100110100101001001000110
1011000000101100000101000001010100110100101001010000010
1011000000101100000101000001010100110100101001010010111
1011000000101100000101000001010101101101110011010110100
1011000000101100000101000001010110101110110101000100001
1011000000101100000101000001010110110110101101100000111
1011000000101100000101000001010110111010111001110101111
1011000000101100000101000001011000111000110000001100000
1011000000101100000101000001011000111000110000001100100
1011000000101100000101000001011000111000110000010100101
1011000000101100000101000001011000111000110000010101000
1011000000101100000101000001011000111000110000010110001
1011000000101100000101000001011000111000110000011100101
1011000000101100000101000001011000111000110000011101000
1011000000101100000101000001011000111000110000100001100
1011000000101100000101000001011000111000110000100010001
1011000000101100000101000001011000111000110000100010101
1011000000101100000101000001011000111000110000100101100
1011000000101100000101000001011000111000110000100110010
1011000000101100000101000001011000111000110000100110101
1011000000101100000101000001011000111000110000101011000
1011000000101100000101000001011000111000110000101110000
1011000000101100000101000001011000111000110000101110100
1011000000101100000101000001011000111000110000101110101
1011000000101100000101000001011000111000110000110010001
1011000000101100000101000001011000111000110000110100010
1011000000101100000101000001011000111000110000110100101
1011000000101100000101000001011000111000110000110100111
1011000000101100000101000001011000111000110000110101100
1011000000101100000101000001011000111000110000110101101
1011000000101100000101000001011000111000110001000100101
1011000000101100000101000001011000111000110001000101000
1011000000101100000101000001011000111000110001000110101
1011000000101100000101000001011000111000110001010101000
1011000000101100000101000001011000111000110001100101000
1011000000101100000101000001011000111000110001100101100
1011000000101100000101000001011000111000110001100111100
1011000000101100000101000001011000111000110001100111101
1011000000101100000101000001011000111000110001101111000
1011000000101100000101000001011000111000110001110111101
1011000000101100000101000001011001111001110010110100100
1011000000101100000101000001011010110110111001110101111
1011000000101100000101000001011010111010110101100101001
1011000000101100000101000001011100111100111000011001100
1011000000101100000101000001011100111100111000011010001
1011000000101100000101000001011100111100111000110010111
1011000000101100000101000001011100111100111001010110011
1011000000101100000101000001011100111100111001010111111
1011000000101100000101000001011100111100111001100110110
1011000000110010000101000000000111101000110001000100101
1011000000110010000101000000000111101000110001000110101
1011000000110010000101000000001011101000110001000110001
1011000000110010000101000000001101101000110001000110101
1011000000110010000101000000001110101000110001000101000
1011000000110010000101000000001110101000110001000101100
1011000000110010000101000000001110101000110001000101101
1011000000110010000101000000001110101000110001000110101
1011000000110010000101000000001110101000110001000111101
1011000000110010000101000000001111100100100010010000101
1011000000110010000101000000001111100100100100001000101
1011000000110010000101000000001111101000100100100100100
1011000000110010000101000000001111101000101000010100100
1011000000110010000101000000001111101000110001000110001
1011000000110010000101000000001111101000110001000110101
1011000000110010000101000001110000100100100010010000101
1011000000110010000101000001110000100100100100001000101
1011000000110010000101000001110000101000110001000100101
1011000000110010000101000001110000101000110001000101000
1011000000110010000101000001110000101000110001000110101
1011000000110010000101000001110000101100101101010101111
1011000000110010000101000001110000101100110011010111101
1011000000110010000101000001110000101100110100110101111
1011000000110010000101000001110000101100110101001111101
1011000000110010000101000001110000101100111001100001100
1011000000110010000101000001110000101100111001100011101
1011000000110010000101000001110000101100111001100110110
1011000000110010000101000001110001101000110001000110101
1011000000110010000101000001110001101100101101010100100
1011000000110010000101000001110001101100110100110100100
1011000000110010000101000001110001101100111001100010000
1011000000110010000101000001110001101100111001100100110
1011000000110010000101000001110001101100111001100110110
1011000000110010000101000001110010101000110001000101000
1011000000110010000101000001110010101000110001000110001
1011000000110010000101000001110010101100111001100001100
1011000000110010000101000001110010101100111001100010001
1011000000110010000101000001110010101100111001100010010
1011000000110010000101000001110010101100111001100011010
1011000000110010000101000001110010101100111001100100010
1011000000110010000101000001110010101100111001100100110
1011000000110010000101000001110010101100111001100110111
1011000000110010000101000001110011101100111001100010001
1011000000110010000101000001110011101100111001100011101
1011000000110010000101000001110100101000110001000001100
1011000000110010000101000001110100101000110001000010101
1011000000110010000101000001110100101000110001000101100
1011000000110010000101000001110100101000110001000110010
1011000000110010000101000001110100101000110001000110101
1011000000110010000101000001110100101000110001000110111
1011000000110010000101000001110100101010110101010001001
1011000000110010000101000001110100101010110101010100001
1011000000110010000101000001110100101010110101010100011
1011000000110010000101000001110100101100111001100010110
1011000000110010000101000001110110101001110011001100100
1011000000110010000101000001110110101100111001100001110
1011000000110010000101000001110110101100111001100010111
1011000000110010000101000001111000100010100100010100001
1011000000110010000101000001111000100100101000100000101
1011000000110010000101000001111000100100101000100001110
1011000000110010000101000001111000100110100110101000101
1011000000110010000101000001111000100110101010011000101
1011000000110010000101000001111000100110101100110000101
1011000000110010000101000001111000101000110001000100101
1011000000110010000101000001111000101000110001000101000
1011000000110010000101000001111000101000110001000110101
1011000000110010000101000001111000101100110011010111101
1011000000110010000101000001111000101100110101001111101
1011000000110010000101000001111000101100111001100011100
1011000000110010000101000001111000101100111001100101110
1011000000110010000101000001111000101100111001100110010
1011000000110010000101000001111000101100111001100110101
1011000000110010000101000001111000101100111001100110110
1011000000110010000101000001111000101110110111101111101
1011000000110010000101000001111000101110111011011111101
1011000000110010000101000001111010101100111001100011001
1011000000110010000101000001111010101100111001100011010
1011000000110010000101000001111010101100111001100011101
1011000000110010000101000001111010101100111001100101010
1011000000110010000101000001111010101100111001100101101
1011000000110010000101000001111010101100111001100101110
1011000000110010000101000001111010101100111001100110010
1011000000110010000101000001111010101100111001100110011
1011000000110010000101000001111010101100111001100110101
1011000000110010000101000001111010101100111001100110111
1011000000110010000101000001111010101100111001100111111
1011000000110010000101000001111100100110101100110000111
1011000000110010000101000001111100101001110011001110100
1011000000110010000101000001111100101010110101010101000
1011000000110010000101000001111100101010110101010110001
1011000000110010000101000001111100101100111001100011101
1011000000110010000101000001111100101100111001100110110
1011000000110100000011000001000100101000100001010110101
1011000000110100000011000001000110101010100101000100001
1011000000110100000011000001001000100100100001010110101
1011000000110100000011000001001000101000010000000110101
1011000000110100000011000001001001101010011000000111101
1011000000110100000011000001001010100110100101000100001
1011000000110100000011000001001010101001011000000111101
1011000000110100000011000001001100110100110001010110101
1011000000110100000011000001001101110101110011010110100
1011000000110100000011000001001110110110110101000100001
1011000000110100000011000001010000110000100000100000101
1011000000110100000011000001010000110000100000110000101
1011000000110100000011000001010000110000100001000100101
1011000000110100000011000001010000110000100001000110101
1011000000110100000011000001010000110000100001001100100
1011000000110100000011000001010000110000100001010100001
1011000000110100000011000001010000110000100001010100101
1011000000110100000011000001010000110000100001100000101
1011000000110100000011000001010000110000100001100001100
1011000000110100000011000001010000110000100001100010001
1011000000110100000011000001010000110000100001100011101
1011000000110100000011000001010000110000100001101010000
1011000000110100000011000001010000110000100001101100110
1011000000110100000011000001010000110000100001110010001
1011000000110100000011000001010001110010101001000000101
1011000000110100000011000001010010110001101001000000101
1011000000110100000011000001010010110100110000001100100
1011000000110100000011000001010010110100110001110101111
1011000000110100000011000001010100101100110001010110101
1011000000110100000011000001010100110010110000001100100
1011000000110100000011000001010100110010110001110101111
1011000000110100000011000001010100110100101001000000101
1011000000110100000011000001010100110100101001000001110
1011000000110100000011000001010100110100101001001000110
1011000000110100000011000001010100110100101001010000010
1011000000110100000011000001010100110100101001010010111
1011000000110100000011000001010101101101110011010110100
1011000000110100000011000001010110101110110101000100001
1011000000110100000011000001010110110110101101100000111
1011000000110100000011000001010110111010111001110101111
1011000000110100000011000001011000111000110000001100000
1011000000110100000011000001011000111000110000001100100
1011000000110100000011000001011000111000110000010100101
1011000000110100000011000001011000111000110000010101000
1011000000110100000011000001011000111000110000010110001
1011000000110100000011000001011000111000110000011100101
1011000000110100000011000001011000111000110000011101000
1011000000110100000011000001011000111000110000100001100
1011000000110100000011000001011000111000110000100010001
1011000000110100000011000001011000111000110000100010101
1011000000110100000011000001011000111000110000100101100
1011000000110100000011000001011000111000110000100110010
1011000000110100000011000001011000111000110000100110101
1011000000110100000011000001011000111000110000101011000
1011000000110100000011000001011000111000110000101110000
1011000000110100000011000001011000111000110000101110100
1011000000110100000011000001011000111000110000101110101
1011000000110100000011000001011000111000110000110010001
1011000000110100000011000001011000111000110000110100010
1011000000110100000011000001011000111000110000110100101
1011000000110100000011000001011000111000110000110100111
1011000000110100000011000001011000111000110000110101100
1011000000110100000011000001011000111000110000110101101
1011000000110100000011000001011000111000110001000100101
1011000000110100000011000001011000111000110001000101000
1011000000110100000011000001011000111000110001000110101
1011000000110100000011000001011000111000110001010101000
1011000000110100000011000001011000111000110001100101000
1011000000110100000011000001011000111000110001100101100
1011000000110100000011000001011000111000110001100111100
1011000000110100000011000001011000111000110001100111101
1011000000110100000011000001011000111000110001101111000
1011000000110100000011000001011000111000110001110111101
1011000000110100000011000001011001111001110010110100100
1011000000110100000011000001011010110110111001110101111
1011000000110100000011000001011010111010110101100101001
1011000000110100000011000001011100111100111000011001100
1011000000110100000011000001011100111100111000011010001
1011000000110100000011000001011100111100111000110010111
1011000000110100000011000001011100111100111001010110011
1011000000110100000011000001011100111100111001010111111
1011000000110100000011000001011100111100111001100110110
1011000000110100000100100000000111101000110001000100101
1011000000110100000100100000000111101000110001000110101
1011000000110100000100100000001011101000110001000110001
1011000000110100000100100000001101101000110001000110101
1011000000110100000100100000001110101000110001000101000
1011000000110100000100100000001110101000110001000101100
1011000000110100000100100000001110101000110001000101101
1011000000110100000100100000001110101000110001000110101
1011000000110100000100100000001110101000110001000111101
1011000000110100000100100000001111100100100010010000101
1011000000110100000100100000001111100100100100001000101
1011000000110100000100100000001111101000100100100100100
1011000000110100000100100000001111101000101000010100100
1011000000110100000100100000001111101000110001000110001
1011000000110100000100100000001111101000110001000110101
1011000000110100000100100001110000100100100010010000101
1011000000110100000100100001110000100100100100001000101
1011000000110100000100100001110000101000110001000100101
1011000000110100000100100001110000101000110001000101000
1011000000110100000100100001110000101000110001000110101
1011000000110100000100100001110000101100101101010101111
1011000000110100000100100001110000101100110011010111101
1011000000110100000100100001110000101100110100110101111
1011000000110100000100100001110000101100110101001111101
1011000000110100000100100001110000101100111001100001100
1011000000110100000100100001110000101100111001100011101
1011000000110100000100100001110000101100111001100110110
1011000000110100000100100001110001101000110001000110101
1011000000110100000100100001110001101100101101010100100
1011000000110100000100100001110001101100110100110100100
1011000000110100000100100001110001101100111001100010000
1011000000110100000100100001110001101100111001100100110
1011000000110100000100100001110001101100111001100110110
1011000000110100000100100001110010101000110001000101000
1011000000110100000100100001110010101000110001000110001
1011000000110100000100100001110010101100111001100001100
1011000000110100000100100001110010101100111001100010001
1011000000110100000100100001110010101100111001100010010
1011000000110100000100100001110010101100111001100011010
1011000000110100000100100001110010101100111001100100010
1011000000110100000100100001110010101100111001100100110
1011000000110100000100100001110010101100111001100110111
1011000000110100000100100001110011101100111001100010001
1011000000110100000100100001110011101100111001100011101
1011000000110100000100100001110100101000110001000001100
1011000000110100000100100001110100101000110001000010101
1011000000110100000100100001110100101000110001000101100
1011000000110100000100100001110100101000110001000110010
1011000000110100000100100001110100101000110001000110101
1011000000110100000100100001110100101000110001000110111
1011000000110100000100100001110100101010110101010001001
1011000000110100000100100001110100101010110101010100001
1011000000110100000100100001110100101010110101010100011
1011000000110100000100100001110100101100111001100010110
1011000000110100000100100001110110101001110011001100100
1011000000110100000100100001110110101100111001100001110
1011000000110100000100100001110110101100111001100010111
1011000000110100000100100001111000100010100100010100001
1011000000110100000100100001111000100100101000100000101
1011000000110100000100100001111000100100101000100001110
1011000000110100000100100001111000100110100110101000101
1011000000110100000100100001111000100110101010011000101
1011000000110100000100100001111000100110101100110000101
1011000000110100000100100001111000101000110001000100101
1011000000110100000100100001111000101000110001000101000
1011000000110100000100100001111000101000110001000110101
1011000000110100000100100001111000101100110011010111101
1011000000110100000100100001111000101100110101001111101
1011000000110100000100100001111000101100111001100011100
1011000000110100000100100001111000101100111001100101110
1011000000110100000100100001111000101100111001100110010
1011000000110100000100100001111000101100111001100110101
1011000000110100000100100001111000101100111001100110110
1011000000110100000100100001111000101110110111101111101
1011000000110100000100100001111000101110111011011111101
1011000000110100000100100001111010101100111001100011001
1011000000110100000100100001111010101100111001100011010
1011000000110100000100100001111010101100111001100011101
1011000000110100000100100001111010101100111001100101010
1011000000110100000100100001111010101100111001100101101
1011000000110100000100100001111010101100111001100101110
1011000000110100000100100001111010101100111001100110010
1011000000110100000100100001111010101100111001100110011
1011000000110100000100100001111010101100111001100110101
1011000000110100000100100001111010101100111001100110111
1011000000110100000100100001111010101100111001100111111
1011000000110100000100100001111100100110101100110000111
1011000000110100000100100001111100101001110011001110100
1011000000110100000100100001111100101010110101010101000
1011000000110100000100100001111100101010110101010110001
1011000000110100000100100001111100101100111001100011101
1011000000110100000100100001111100101100111001100110110
1011000001101100001101000011001110110110110101000100000
1011000001101100001101000011010110101110110101000100000
1011000001101100001101000011011000111000110000110100100
1011000001110010001101000011110001101100101101010100100
1011000001110010001101000011110001101100110100110100100
1011000001110010001101000011110010101100111001100110110
1011000001110010001101000011111010101100111001100110100
1011000001110100001011000011001110110110110101000100000
1011000001110100001011000011010110101110110101000100000
1011000001110100001011000011011000111000110000110100100
1011000001110100001100100011110001101100101101010100100
1011000001110100001100100011110001101100110100110100100
1011000001110100001100100011110010101100111001100110110
1011000001110100001100100011111010101100111001100110100
1011000010101100010101000101000101101001100011000100000
1011000010101100010101000101001001100101100011000100000
1011000010101100010101000101001100110100110001000100001
1011000010101100010101000101010100101100110001000100001
1011000010101100010101000101010100110100101001100000111
1011000010101100010101000101011000111000110001100101000
1011000010101100010101000101011000111000110001100101001
1011000010101100010101000101011100111100111001010101011
1011000010101100010101000101011100111100111001100011011
1011000010110010010101000101110001101100111001100001101
1011000010110010010101000101110001101100111001100010001
1011000010110010010101000101110001101100111001100100010
1011000010110010010101000101110001101100111001100100111
1011000010110010010101000101110100101000110001000100001
1011000010110010010101000101110100101100111001100100111
1011000010110010010101000101111000101100111001100101111
1011000010110010010101000101111010101100111001100101011
1011000010110010010101000101111100101100111001100011011
1011000010110100010011000101000101101001100011000100000
1011000010110100010011000101001001100101100011000100000
1011000010110100010011000101001100110100110001000100001
1011000010110100010011000101010100101100110001000100001
1011000010110100010011000101010100110100101001100000111
1011000010110100010011000101011000111000110001100101000
1011000010110100010011000101011000111000110001100101001
1011000010110100010011000101011100111100111001010101011
1011000010110100010011000101011100111100111001100011011
1011000010110100010100100101110001101100111001100001101
1011000010110100010100100101110001101100111001100010001
1011000010110100010100100101110001101100111001100100010
1011000010110100010100100101110001101100111001100100111
1011000010110100010100100101110100101000110001000100001
1011000010110100010100100101110100101100111001100100111
1011000010110100010100100101111000101100111001100101111
1011000010110100010100100101111010101100111001100101011
1011000010110100010100100101111100101100111001100011011
1011000100101100001101000100110010010100100011000000101
1011000100101100001101000100111000011000110001000111101
1011000100101100001101000101010010110100100011000000101
1011000100101100001101000101011000111000110001000111101
1011000100101100010101000010110001010100100101000000101
1011000100101100010101000010110010010001101001000000101
1011000100101100010101000010111000011000110001000111101
1011000100101100010101000011010001110100100101000000101
1011000100101100010101000011010010110001101001000000101
1011000100101100010101000011011000111000110001000111101
1011000100101100100101001001010010110010100101100000111
1011000100101100100101001001011000111000110000001010000
1011000100101100100101001001011000111000110000001010100
1011000100101100100101001001011000111000110000011001100
1011000100101100100101001001011000111000110000011010001
1011000100101100100101001001011000111000110000110001110
1011000100101100100101001001011000111000110000110010111
1011000100101100100101001001011000111000110001000001100
1011000100101100100101001001011000111000110001000011100
1011000100101100100101001001011000111000110001000110110
1011000100101100100101001001011000111000110001010011010
1011000100101100100101001001011000111000110001010011101
1011000100101100100101001001011000111000110001010101110
1011000100101100100101001001011000111000110001010110011
1011000100101100100101001001011000111000110001010110101
1011000100101100100101001001011000111000110001010111111
1011000100101100100101001001011001111001110010011010100
1011000100101100100101001001011010111010110100110010011
1011000100101100100101001001011010111010110101100110111
1011000100110010001101000101111000011000010001000111101
1011000100110010001101000101111000011010010011100111101
1011000100110010001101000101111000011100010101001111101
1011000100110010001101000101111000101000110001000111101
1011000100110010001101000101111000101010110011100111101
1011000100110010001101000101111000101100110101001111101
1011000100110010010101000011111000011000010001000111101
1011000100110010010101000011111000011001010101100111101
1011000100110010010101000011111000101000110001000111101
1011000100110010010101000011111000101001110101100111101
1011000100110010100101001000001111101000110001000110110
1011000100110010100101001001110001101010110101010010001
1011000100110010100101001001110001101010110101010100111
1011000100110010100101001001110010101000110001000001100
1011000100110010100101001001110010101000110001000010010
1011000100110010100101001001110010101000110001000010101
1011000100110010100101001001110010101000110001000100110
1011000100110010100101001001110010101010110101010001011
1011000100110010100101001001110011101001110011001010100
1011000100110010100101001001110100101000110001000010110
1011000100110010100101001001110110101010110101010010011
1011000100110010100101001001110110101010110101010100111
1011000100110010100101001001111000101000110001000001100
1011000100110010100101001001111000101000110001000011100
1011000100110010100101001001111000101000110001000110110
1011000100110010100101001001111000101010110101010101111
1011000100110010100101001001111010101001110011001110110
1011000100110010100101001001111010101010110101010110011
1011000100110010100101001001111100101010110101010110111
1011000100110100001011000100110001010100100101000000101
1011000100110100001011000100110010010001101001000000101
1011000100110100001011000101010001110100100101000000101
1011000100110100001011000101010010110001101001000000101
1011000100110100001100100101111000011001010101100111101
1011000100110100001100100101111000101001110101100111101
1011000100110100010011000010110010010100100011000000101
1011000100110100010011000011010010110100100011000000101
1011000100110100010100100011111000011010010011100111101
1011000100110100010100100011111000011100010101001111101
1011000100110100010100100011111000101010110011100111101
1011000100110100010100100011111000101100110101001111101
1011000100110100100011001001010010110010100101100000111
1011000100110100100011001001011000111000110000001010000
1011000100110100100011001001011000111000110000001010100
1011000100110100100011001001011000111000110000011001100
1011000100110100100011001001011000111000110000011010001
1011000100110100100011001001011000111000110000110001110
1011000100110100100011001001011000111000110000110010111
1011000100110100100011001001011000111000110001000001100
1011000100110100100011001001011000111000110001000011100
1011000100110100100011001001011000111000110001000110110
1011000100110100100011001001011000111000110001010011010
1011000100110100100011001001011000111000110001010011101
1011000100110100100011001001011000111000110001010101110
1011000100110100100011001001011000111000110001010110011
1011000100110100100011001001011000111000110001010110101
1011000100110100100011001001011000111000110001010111111
1011000100110100100011001001011001111001110010011010100
1011000100110100100011001001011010111010110100110010011
1011000100110100100011001001011010111010110101100110111
1011000100110100100100101000001111101000110001000110110
1011000100110100100100101001110001101010110101010010001
1011000100110100100100101001110001101010110101010100111
1011000100110100100100101001110010101000110001000001100
1011000100110100100100101001110010101000110001000010010
1011000100110100100100101001110010101000110001000010101
1011000100110100100100101001110010101000110001000100110
1011000100110100100100101001110010101010110101010001011
1011000100110100100100101001110011101001110011001010100
1011000100110100100100101001110100101000110001000010110
1011000100110100100100101001110110101010110101010010011
1011000100110100100100101001110110101010110101010100111
1011000100110100100100101001111000101000110001000001100
1011000100110100100100101001111000101000110001000011100
1011000100110100100100101001111000101000110001000110110
1011000100110100100100101001111000101010110101010101111
1011000100110100100100101001111010101001110011001110110
1011000100110100100100101001111010101010110101010110011
1011000100110100100100101001111100101010110101010110111
1011000100111000001110000100011111100111100001000000101
1011000100111000001110000100110111100111110001000000101
1011000100111000010110000010011111100111100001000000101
1011000100111000010110000010110111100111110001000000101
1011001000101100010101001000110100011000100100001100100
1011001000101100010101001000110100011000100101110101111
1011001000101100010101001001010100111000100100001100100
1011001000101100010101001001010100111000100101110101111
1011001000101100100101000100110010011000101000001100100
1011001000101100100101000100110010011000101001110101111
1011001000101100100101000100110100010010110000001100100
1011001000101100100101000100110100010010110001110101111
1011001000101100100101000101010010111000101000001100100
1011001000101100100101000101010010111000101001110101111
1011001000101100100101000101010100110010110000001100100
1011001000101100100101000101010100110010110001110101111
1011001000101101000101010001010001110001100010110100100
1011001000101101000101010001010010110010100100001100001
1011001000101101000101010001010010110010100101100110001
1011001000101101000101010001010100110100101000001010000
1011001000101101000101010001010100110100101000001010100
1011001000101101000101010001010100110100101000001110110
1011001000101101000101010001010100110100101000011010001
1011001000101101000101010001010100110100101000011011101
1011001000101101000101010001010100110100101000100001110
1011001000101101000101010001010100110100101000100010010
1011001000101101000101010001010100110100101000100010101
1011001000101101000101010001010100110100101001010110010
1011001000101101000101010001010100110100101001010110011
1011001000101101000101010001010100110100101001010111111
1011001000101101000101010001010100110100101001100110110
1011001000101101000101010001010110110110101101010101011
1011001000101101000101010001010110110110101101100011011
1011001000101101000101010001010110110110101101100101111
1011001000101101000101010001011000111000110000100111101
1011001000110010010101001001110001011100001101010100100
1011001000110010010101001001110001011100001101010101111
1011001000110010010101001001110001101100101101010100100
1011001000110010010101001001110001101100101101010101111
1011001000110010100101000101110001010110011001010100100
1011001000110010100101000101110001010110011001010101111
1011001000110010100101000101110001011010001101100100100
1011001000110010100101000101110001011010001101100101111
1011001000110010100101000101110001100110111001010100100
1011001000110010100101000101110001100110111001010101111
1011001000110010100101000101110001101010101101100100100
1011001000110010100101000101110001101010101101100101111
1011001000110011000101010000001111100100101000100110110
1011001000110011000101010001110001100100101000100010101
1011001000110011000101010001110001100100101000100100110
1011001000110011000101010001110001100110101100110010001
1011001000110011000101010001110001100110101100110100100
1011001000110011000101010001110001100110101100110100111
1011001000110011000101010001110010100100101000100001101
1011001000110011000101010001110010100100101000100100010
1011001000110011000101010001110010100100101000100110111
1011001000110011000101010001110100100010100100010001001
1011001000110011000101010001110100100100101000100001110
1011001000110011000101010001110100100100101000100010010
1011001000110011000101010001110100100100101000100010101
1011001000110011000101010001111000100100101000100011101
1011001000110011000101010001111000100100101000100100101
1011001000110011000101010001111000100100101000100101110
1011001000110011000101010001111000100100101000100110010
1011001000110011000101010001111000100110101100110101111
1011001000110011000101010001111010100110101100110101011
1011001000110011000101010001111100100110101100110011011
1011001000110011000101010001111100100110101100110101111
1011001000110100010011001000110010011000101000001100100
1011001000110100010011001000110010011000101001110101111
1011001000110100010011001000110100010010110000001100100
1011001000110100010011001000110100010010110001110101111
1011001000110100010011001001010010111000101000001100100
1011001000110100010011001001010010111000101001110101111
1011001000110100010011001001010100110010110000001100100
1011001000110100010011001001010100110010110001110101111
1011001000110100010100101001110001010110011001010100100
1011001000110100010100101001110001010110011001010101111
1011001000110100010100101001110001011010001101100100100
1011001000110100010100101001110001011010001101100101111
1011001000110100010100101001110001100110111001010100100
1011001000110100010100101001110001100110111001010101111
1011001000110100010100101001110001101010101101100100100
1011001000110100010100101001110001101010101101100101111
1011001000110100100011000100110100011000100100001100100
1011001000110100100011000100110100011000100101110101111
1011001000110100100011000101010100111000100100001100100
1011001000110100100011000101010100111000100101110101111
1011001000110100100100100101110001011100001101010101111
1011001000110100100100100101110001101100101101010101111
1011001000110101000011010001010001110001100010110100100
1011001000110101000011010001010010110010100100001100001
1011001000110101000011010001010010110010100101100110001
1011001000110101000011010001010100110100101000001010000
1011001000110101000011010001010100110100101000001010100
1011001000110101000011010001010100110100101000001110110
1011001000110101000011010001010100110100101000011010001
1011001000110101000011010001010100110100101000011011101
1011001000110101000011010001010100110100101000100001110
1011001000110101000011010001010100110100101000100010010
1011001000110101000011010001010100110100101000100010101
1011001000110101000011010001010100110100101001010110010
1011001000110101000011010001010100110100101001010110011
1011001000110101000011010001010100110100101001010111111
1011001000110101000011010001010100110100101001100110110
1011001000110101000011010001010110110110101101010101011
1011001000110101000011010001010110110110101101100011011
1011001000110101000011010001010110110110101101100101111
1011001000110101000011010001011000111000110000100111101
1011001000110101000100110000001111100100101000100110110
1011001000110101000100110001110001100100101000100010101
1011001000110101000100110001110001100100101000100100110
1011001000110101000100110001110001100110101100110010001
1011001000110101000100110001110001100110101100110100100
1011001000110101000100110001110001100110101100110100111
1011001000110101000100110001110010100100101000100001101
1011001000110101000100110001110010100100101000100100010
1011001000110101000100110001110010100100101000100110111
1011001000110101000100110001110100100010100100010001001
1011001000110101000100110001110100100100101000100001110
1011001000110101000100110001110100100100101000100010010
1011001000110101000100110001110100100100101000100010101
1011001000110101000100110001111000100100101000100011101
1011001000110101000100110001111000100100101000100100101
1011001000110101000100110001111000100100101000100101110
1011001000110101000100110001111000100100101000100110010
1011001000110101000100110001111000100110101100110101111
1011001000110101000100110001111010100110101100110101011
1011001000110101000100110001111100100110101100110011011
1011001000110101000100110001111100100110101100110101111
1011001000111000010110001000001111110001100000001100100
1011001000111000010110001000011110001111000000000101111
1011001000111000010110001001001110011110000000000101111
1011001000111000010110001001001110101110100000001101111
1011001000111000100110000100001111110001100000001100100
1011001000111000100110000100011110001111000000000101111
1011001000111000100110000101001110011110000000000101111
1011001000111000100110000101001110101110100000001101111
1011010000101100100101010000101001010001001011010110100
1011010000101100100101010000101010010010001101000100001
1011010000101100100101010000101100011000101001010110101
1011010000101100100101010000101110011010101101001101010
1011010000101100100101010000111000010100011001010110101
1011010000101100100101010000111010010110011101001101010
1011010000101100100101010001001001110001001011010110100
1011010000101100100101010001001010110010001101000100001
1011010000101100100101010001001100111000101001010110101
1011010000101100100101010001001110111010101101001101010
1011010000101100100101010001011000110100011001010110101
1011010000101100100101010001011010110110011101001101010
1011010000101101000101001000100101010001010011010110100
1011010000101101000101001000100110010010010101000100001
1011010000101101000101001000101001000101100011010110100
1011010000101101000101001000101010000110100101000100001
1011010000101101000101001000101100010100110001010110101
1011010000101101000101001000101110010110110101001101010
1011010000101101000101001001000101110001010011010110100
1011010000101101000101001001000110110010010101000100001
1011010000101101000101001001001001100101100011010110100
1011010000101101000101001001001010100110100101000100001
1011010000101101000101001001001100110100110001010110101
1011010000101101000101001001001110110110110101001101010
1011010000101110000101100001000110100110001101001000101
1011010000101110000101100001001001101001010010110100100
1011010000101110000101100001001010101010010100001100001
1011010000101110000101100001001010101010010101100101000
1011010000101110000101100001001010101010010101100101001
1011010000101110000101100001001010101010010101100110001
1011010000101110000101100001001100101100011000001110110
1011010000101110000101100001001100101100011000011001100
1011010000101110000101100001001100101100011000011010001
1011010000101110000101100001001100101100011000110001110
1011010000101110000101100001001100101100011000110010111
1011010000101110000101100001001100101100011001010011010
1011010000101110000101100001001100101100011001010011101
1011010000101110000101100001001100101100011001010101110
1011010000101110000101100001001100101100011001010110010
1011010000101110000101100001001100101100011001010110011
1011010000101110000101100001001100101100011001100110110
1011010000101110000101100001001110101110011101001101010
1011010000101110000101100001010001110010101001111000101
1011010000101110000101100001010010110001101001111000101
1011010000101110000101100001010010110100110001111100100
1011010000101110000101100001010100110010110001111100100
1011010000101110000101100001011000111000110001111110001
1011010000101110000101100001011000111000110001111110101
1011010000110100100011010000100101010001010011010110100
1011010000110100100011010000100110010010010101000100001
1011010000110100100011010000101001000101100011010110100
1011010000110100100011010000101010000110100101000100001
1011010000110100100011010000101100010100110001010110101
1011010000110100100011010000101110010110110101001101010
1011010000110100100011010001000101110001010011010110100
1011010000110100100011010001000110110010010101000100001
1011010000110100100011010001001001100101100011010110100
1011010000110100100011010001001010100110100101000100001
1011010000110100100011010001001100110100110001010110101
1011010000110100100011010001001110110110110101001101010
1011010000110101000011001000101001010001001011010110100
1011010000110101000011001000101100011000101001010110101
1011010000110101000011001000101110011010101101001101010
1011010000110101000011001000111000010100011001010110101
1011010000110101000011001000111010010110011101001101010
1011010000110101000011001001001001110001001011010110100
1011010000110101000011001001001100111000101001010110101
1011010000110101000011001001001110111010101101001101010
1011010000110101000011001001011000110100011001010110101
1011010000110101000011001001011010110110011101001101010
1011010000110110000011100001000110100110001101001000101
1011010000110110000011100001001001101001010010110100100
1011010000110110000011100001001010101010010100001100001
1011010000110110000011100001001010101010010101100101000
1011010000110110000011100001001010101010010101100101001
1011010000110110000011100001001010101010010101100110001
1011010000110110000011100001001100101100011000001110110
1011010000110110000011100001001100101100011000011001100
1011010000110110000011100001001100101100011000011010001
1011010000110110000011100001001100101100011000110001110
1011010000110110000011100001001100101100011000110010111
1011010000110110000011100001001100101100011001010011010
1011010000110110000011100001001100101100011001010011101
1011010000110110000011100001001100101100011001010101110
1011010000110110000011100001001100101100011001010110010
1011010000110110000011100001001100101100011001010110011
1011010000110110000011100001001100101100011001100110110
1011010000110110000011100001001110101110011101001101010
1011010000110110000011100001010001110010101001111000101
1011010000110110000011100001010010110001101001111000101
1011010000110110000011100001010010110100110001111100100
1011010000110110000011100001010100110010110001111100100
1011010000110110000011100001011000111000110001111110001
1011010000110110000011100001011000111000110001111110101
1011010000111000100110010000011101100011000101000100000
1011010000111000100110010000011110011100000001010110101
1011010000111000100110010001011100111100000101010110101
1011010000111000100110010001011110111110000101001101010
1011010000111001000110001000011101100011000101000100000
1011010000111001000110001000011110011100000001010110101
1011010000111001000110001001011100111100000101010110101
1011010000111001000110001001011110111110000101001101010
1011100000000001111000100011011000110010101001110100100
1011100000000001111000100011011000110100100101110100100
1011100000000011101000000111010010100110010101000100001
1011100000000011101000000111010010101010001101000100001
1011100000000011101000000111011000101100101001010110101
1011100000000011101000000111011000110100011001010110101
1011100000000011110000000111011000101100101001010110101
1011100000000011110000000111011000110100011001010110101
1011100000011100001000000111011010101110101101000100001
1011100000011100001000000111011010110110011101000100001
1011100000011100001000100011011100110110110101110100100
1011100000011100001000100011011100111010101101110100100
1011100000100011100000111001010010100110010101001101010
1011100000100011100000111001010010101010001101001101010
1011100000110110000110100000001111101100111001100110110
1011100000110110000110100001110001101100111001100001100
1011100000110110000110100001110001101100111001100100110
1011100000110110000110100001110001101110111101110010001
1011100000110110000110100001110001101110111101110100111
1011100000110110000110100001110010101100111001100001100
1011100000110110000110100001110010101100111001100001101
1011100000110110000110100001110010101100111001100010001
1011100000110110000110100001110010101100111001100010010
1011100000110110000110100001110010101100111001100011010
1011100000110110000110100001110010101100111001100100010
1011100000110110000110100001110010101100111001100100110
1011100000110110000110100001110010101100111001100110111
1011100000110110000110100001110100101010110101010001001
1011100000110110000110100001110100101010110101010100001
1011100000110110000110100001110100101010110101010100011
1011100000110110000110100001110100101100111001100001110
1011100000110110000110100001110100101100111001100010010
1011100000110110000110100001110100101100111001100010101
1011100000110110000110100001110100101100111001100010110
1011100000110110000110100001110100101110111101110100111
1011100000110110000110100001110110101110111101110100111
1011100000110110000110100001111000100110101100110000101
1011100000110110000110100001111000101001110101100111101
1011100000110110000110100001111000101010110011100111101
1011100000110110000110100001111000101011111011110111101
1011100000110110000110100001111000101100111001100001100
1011100000110110000110100001111000101100111001100011100
1011100000110110000110100001111000101100111001100011101
1011100000110110000110100001111000101100111001100101110
1011100000110110000110100001111000101100111001100110010
1011100000110110000110100001111000101100111001100110110
1011100000110110000110100001111000101101110111110111101
1011100000110110000110100001111000101110111101110101111
1011100000110110000110100001111010101110111101110110011
1011100000110110000110100001111100101011110111011110001
1011100000110110000110100001111100101110111101110011011
1011100000111001000110100000111001111100101101110110010
1011100000111001000110100000111010000111101001100100010
1011100000111001000110100000111010111000101001100100010
1011100000111001000110100000111010111000101001100100101
1011100000111001000110100000111010111100101101110110011
1011100000111001000110100000111010111100101101110110101
1011100000111001000110100000111100111000100101010010001
1011100000111001000110100000111100111000101101110110111
1011100000111001000110100000111100111010101101110110011
1011100000111001000110100000111110111100100111011011001
1011100000111001000110100000111110111100101101110110111
1011100000111001000110100001111000111001101001100100000
1011100000111001000110100001111000111001101001100100110
1011100000111001000110100001111000111001101101110110001
1011100000111001000110100001111000111001101101110110101
1011100000111001000110100001111000111100101101110110010
1011100000111001000110100001111000111100101101110110011
1011100000111010000101100000001111101100111001100110110
1011100000111010000101100001110001101100111001100001100
1011100000111010000101100001110001101100111001100100110
1011100000111010000101100001110001101110111101110010001
1011100000111010000101100001110001101110111101110100111
1011100000111010000101100001110010101100111001100001100
1011100000111010000101100001110010101100111001100001101
1011100000111010000101100001110010101100111001100010001
1011100000111010000101100001110010101100111001100010010
1011100000111010000101100001110010101100111001100011010
1011100000111010000101100001110010101100111001100100010
1011100000111010000101100001110010101100111001100100110
1011100000111010000101100001110010101100111001100110111
1011100000111010000101100001110100101010110101010001001
1011100000111010000101100001110100101010110101010100001
1011100000111010000101100001110100101010110101010100011
1011100000111010000101100001110100101100111001100001110
1011100000111010000101100001110100101100111001100010010
1011100000111010000101100001110100101100111001100010101
1011100000111010000101100001110100101100111001100010110
1011100000111010000101100001110100101110111101110100111
1011100000111010000101100001110110101110111101110100111
1011100000111010000101100001111000100110101100110000101
1011100000111010000101100001111000101001110101100111101
1011100000111010000101100001111000101010110011100111101
1011100000111010000101100001111000101011111011110111101
1011100000111010000101100001111000101100111001100001100
1011100000111010000101100001111000101100111001100011100
1011100000111010000101100001111000101100111001100011101
1011100000111010000101100001111000101100111001100101110
1011100000111010000101100001111000101100111001100110010
1011100000111010000101100001111000101100111001100110110
1011100000111010000101100001111000101101110111110111101
1011100000111010000101100001111000101110111101110101111
1011100000111010000101100001111010101110111101110110011
1011100000111010000101100001111100101011110111011110001
1011100000111010000101100001111100101110111101110011011
1011100000111010000110010000111001111100101101110110010
1011100000111010000110010000111010000111101001100100010
1011100000111010000110010000111010111000101001100100010
1011100000111010000110010000111010111000101001100100101
1011100000111010000110010000111010111100101101110110011
1011100000111010000110010000111010111100101101110110101
1011100000111010000110010000111100111000100101010010001
1011100000111010000110010000111100111000101101110110111
1011100000111010000110010000111100111010101101110110011
1011100000111010000110010000111110111100100111011011001
1011100000111010000110010000111110111100101101110110111
1011100000111010000110010001111000111001101001100100000
1011100000111010000110010001111000111001101001100100110
1011100000111010000110010001111000111001101101110110001
1011100000111010000110010001111000111001101101110110101
1011100000111010000110010001111000111100101101110110010
1011100000111010000110010001111000111100101101110110011
1011100000111100000000001111010100110001100101000000101
1011100000111100000000001111010100110010100011000000101
1011100000111100000000011101011000110010101000001100100
1011100000111100000000011101011000110100100100001100100
1011100000111100000000111001011010101110101101001101010
1011100000111100000000111001011010110110011101001101010
1100000000000000011000111001010000100100010001010110101
1100000000000000011000111001010000101000001001010110101
1100000000000000011111000001010010100110010101000100001
1100000000000000011111000001010010101010001101000100001
1100000000000000011111000001011000101100101001010110101
1100000000000000011111000001011000110100011001010110101
1100000000000000111011100000001000100100100010010000101
1100000000000000111011100000001000100100100100001000101
1100000000000000111100010001110000101100110011010111101
1100000000000000111100010001110000101100110101001111101
1100000000000000111110000001000000111000101001001010101
1100000000000000111110000001000000111000101001010001101
1100000000000001110011100000000001101000100100100100100
1100000000000001110011100000000001101000101000010100100
1100000000000001110100000011110000101000100100100100100
1100000000000001110100000011110000101000101000010100100
1100000000000001110100011101110000101000100100100101111
1100000000000001110100011101110000101000101000010101111
1100000000000001110111000001011000110010101001110101111
1100000000000001110111000001011000110100100101110101111
1100000000000001110111100001011000110010101001110101111
1100000000000001110111100001011000110100100101110101111
1100000000000001110111100001110000101001100110101100100
1100000000000001110111100001110000101001101010011100100
1100000000000001110111100001110000101100101101010101111
1100000000000001110111100001110000101100110100110101111
1100000000000001111111100001010100110001100100111000101
1100000000000001111111100001010100110010100010111000101
1100000000000001111111100001011000110010101001110100100
1100000000000001111111100001011000110100100101110100100
1100000000000001111111100001110000101001100110101100100
1100000000000001111111100001110000101001101010011100100
1100000000000001111111100001110000101100101101010100100
1100000000000001111111100001110000101100110100110100100
1100000000000010001111000001001000100010001000000100100
1100000000000010001111000001001000100010001000001100100
1100000000000010001111000001001000100100000100000100100
1100000000000010001111000001001000100100000100001100100
1100000000000010001111100001011000110010101001111100100
1100000000000010001111100001011000110100100101111100100
1100000000000010111111000001000100100001000101000000101
1100000000000010111111000001000100100010000011000000101
1100000000000011100000000111010000100100010001010110101
1100000000000011100000000111010000101000001001010110101
1100000000000011100000111101010000100100010001011111111
1100000000000011100000111101010000101000001001011111111
1100000000000011100111000001010000100100010001010110101
1100000000000011100111000001010000101000001001010110101
1100000000000011100111000001010001100101010011010110100
1100000000000011100111000001010001101001001011010110100
1100000000000011100111000101010010100110010101000100001
1100000000000011100111000101010010101010001101000100001
1100000000000011100111000101011000101100101001010110101
1100000000000011100111000101011000110100011001010110101
1100000000000011101111000101010010100110010101000100001
1100000000000011101111000101010010101010001101000100001
1100000000000011101111000101011000101100101001010110101
1100000000000011101111000101011000110100011001010110101
1100000000000011110000111001010000100100010001011111111
1100000000000011110000111001010000101000001001011111111
1100000000000011110111000001001100100110010100000101111
1100000000000011110111000001001100101010001100000101111
1100000000000011110111000001010000100100010001000100001
1100000000000011110111000001010000101000001001000100001
1100000000000011110111000001010001100101010011010110101
1100000000000011110111000001010001101001001011010110101
1100000000000011110111000001010010100110010101000100001
1100000000000011110111000001010010101010001101000100001
1100000000000011110111000001011000101100101001010110101
1100000000000011110111000001011000101100101001011111111
1100000000000011110111000001011000110010101001110101111
1100000000000011110111000001011000110010101001111101111
1100000000000011110111000001011000110100011001010110101
1100000000000011110111000001011000110100011001011111111
1100000000000011110111000001011000110100100101110101111
1100000000000011110111000001011000110100100101111101111
1100000000000111000110000001000000000111101001001010101
1100000000000111000110000001000000000111101001010001101
1100000000000111000110000001000000111000101001001010101
1100000000000111000110000001000000111000101001010001101
1100000000000111000110000001000000111000101101011101101
1100000000000111000110000001000000111000101101101011101
1100000000001110000000001110001000100100100010010000101
1100000000001110000000001110001000100100100100001000101
1100000000001110000000001110001000100110100110101000101
1100000000001110000000001110001000100110101010011000101
1100000000001110000000001110001000101100110011010111101
1100000000001110000000001110001000101100110101001111101
1100000000001110000000011100000001101000100100100100100
1100000000001110000000011100000001101000101000010100100
1100000000001110000100000010000001101000100100100100100
1100000000001110000100000010000001101000101000010100100
1100000000001110000100000010000001101100101101010100100
1100000000001110000100000010000001101100110100110100100
1100000000001110000100000010001110101000100100100100100
1100000000001110000100000010001110101000101000010100100
1100000000001110000100000011110000101100101101010100100
1100000000001110000100000011110000101100110100110100100
1100000000001110000100010000000111100100100010010000101
1100000000001110000100010000000111100100100100001000101
1100000000001110000100010001110000101100110011010111101
1100000000001110000100010001110000101100110101001111101
1100000000001110000100010001110000101110110111101111101
1100000000001110000100010001110000101110111011011111101
1100000000001110000100011100001110101000100100100101111
1100000000001110000100011100001110101000101000010101111
1100000000001110000100011101110000101001100110101100100
1100000000001110000100011101110000101001101010011100100
1100000000001110000100011101110000101100101101010101111
1100000000001110000100011101110000101100110100110101111
1100000000001110000111100000001110101001100110101100100
1100000000001110000111100000001110101001101010011100100
1100000000001110000111100001110000101101101111011100100
1100000000001110000111100001110000101101110110111100100
1100000000010000001000000011110000101000100100100100100
1100000000010000001000000011110000101000101000010100100
1100000000010000001000000011110000101100101101010100100
1100000000010000001000000011110000101100110100110100100
1100000000010000001000011101110000101000100100100100100
1100000000010000001000011101110000101000101000010100100
1100000000010000001011100000001110101000100100100100100
1100000000010000001011100000001110101000101000010100100
1100000000010000001011100001110000101100101101010100100
1100000000010000001011100001110000101100110100110100100
1100000000010001000000001111110000101100110011010111101
1100000000010001000000001111110000101100110101001111101
1100000000010001000011100000000111100100100010010000101
1100000000010001000011100000000111100100100100001000101
1100000000010001000011100001110000101100110011010111101
1100000000010001000011100001110000101100110101001111101
1100000000010001000011100001110000101110110111101111101
1100000000010001000011100001110000101110111011011111101
1100000000010001110000011101110000101000100100100101111
1100000000010001110000011101110000101000101000010101111
1100000000010001111111100000001111100100100010010000101
1100000000010001111111100000001111100100100100001000101
1100000000010001111111100001111000100110100110101000101
1100000000010001111111100001111000100110101010011000101
1100000000010001111111100001111000101100110011010111101
1100000000010001111111100001111000101100110101001111101
1100000000011000000010000001000000111000101101011101101
1100000000011000000010000001000000111000101101101011101
1100000000011000111100001111111000111000101001001010101
1100000000011000111100001111111000111000101001010001101
1100000000011100000000000111010010100110010101000100001
1100000000011100000000000111010010101010001101000100001
1100000000011100000000000111011000101100101001010110101
1100000000011100000000000111011000110100011001010110101
1100000000011100000000011101011000110010101001110101111
1100000000011100000000011101011000110100100101110101111
1100000000011100000000100011001000100010001000000100100
1100000000011100000000100011001000100010001000001100100
1100000000011100000000100011001000100100000100000100100
1100000000011100000000100011001000100100000100001100100
1100000000011100000000111001010000100100010001010110101
1100000000011100000000111001010000101000001001010110101
1100000000011100000000111001010001100101010011010110100
1100000000011100000000111001010001101001001011010110100
1100000000011100000000111001010010100110010101000100001
1100000000011100000000111001010010101010001101000100001
1100000000011100000000111001011000101100101001010110101
1100000000011100000000111001011000110100011001010110101
1100000000011100000111000101011010101110101101000100001
1100000000011100000111000101011010110110011101000100001
1100000000011100000111100001011100110110110101110101111
1100000000011100000111100001011100111010101101110101111
1100000000011100001111000101011010101110101101000100001
1100000000011100001111000101011010110110011101000100001
1100000000011100001111100001011100110110110101110100100
1100000000011100001111100001011100111010101101110100100
1100000000011100010000111001010000100100010001000100001
1100000000011100010000111001010000101000001001000100001
1100000000011100010000111001010001100101010011010110101
1100000000011100010000111001010001101001001011010110101
1100000000011100010000111001010010100110010101001101011
1100000000011100010000111001010010101010001101001101011
1100000000011100010000111001011000101100101001011111111
1100000000011100010000111001011000110100011001011111111
1100000000011100010111000001011000101100101001000100001
1100000000011100010111000001011000110100011001000100001
1100000000011100010111000001011010101110101101000100001
1100000000011100010111000001011010110110011101000100001
1100000000011110000000001111000100100001000101000000101
1100000000011110000000001111000100100010000011000000101
1100000000011110000000011101011000110010101001110101111
1100000000011110000000011101011000110100100101110101111
1100000000011110000000011101110000101100101101010101111
1100000000011110000000011101110000101100110100110101111
1100000000011110000111000001000110100011001011000000101
1100000000011110000111000001000110100101000111000000101
1100000000011110000111000001001100101001010101000111101
1100000000011110000111000001001100101010010011000111101
1100000000011110000111000001001110101011011011000111101
1100000000011110000111000001001110101101010111000111101
1100000000011110000111000001010100110001100101111000101
1100000000011110000111000001010100110010100011111000101
1100000000011110000111000001011100110110110101110101111
1100000000011110000111000001011100110110110101111101111
1100000000011110000111000001011100111001110101111111101
1100000000011110000111000001011100111010101101110101111
1100000000011110000111000001011100111010101101111101111
1100000000011110000111000001011100111010110011111111101
1100000000011111000100001111000111111000101001001010101
1100000000011111000100001111000111111000101001010001101
1100000000011111000100001111111000101100110011010111101
1100000000011111000100001111111000101100110101001111101
1100000000011111000100001111111000111000101101011101101
1100000000011111000100001111111000111000101101101011101
1100000000011111000111100001010110110011101011111000101
1100000000011111000111100001010110110101100111111000101
1100000000011111000111100001011100111001110101111111101
1100000000011111000111100001011100111010110011111111101
1100000000011111000111100001111000101110110111101111101
1100000000011111000111100001111000101110111011011111101
1100000000100000001000000111011000101100101001010110101
1100000000100000001000000111011000110100011001010110101
1100000000100000001000111001010000100100010001010110100
1100000000100000001000111001010000100100010001010110101
1100000000100000001000111001010000101000001001010110100
1100000000100000001000111001010000101000001001010110101
1100000000100000001000111011010000100100010001010110100
1100000000100000001000111011010000101000001001010110100
1100000000100000001000111101010000100100010001010110101
1100000000100000001000111101010000101000001001010110101
1100000000100000001011100000000001101000100100100100100
1100000000100000001011100000000001101000101000010100100
1100000000100000001011100000000001101100101101010100100
1100000000100000001011100000000001101100110100110100100
1100000000100000001011100010000001101100101101010100100
1100000000100000001011100010000001101100110100110100100
1100000000100000001100011101110000101000100100100100100
1100000000100000001100011101110000101000101000010100100
1100000000100000001100011101110000101100101101010101111
1100000000100000001100011101110000101100110100110101111
1100000000100000001111000001001000100010001000000100100
1100000000100000001111000001001000100100000100000100100
1100000000100000001111000001010000100100010001000100000
1100000000100000001111000001010000100100010001010110101
1100000000100000001111000001010000101000001001000100000
1100000000100000001111000001010000101000001001010110101
1100000000100000001111000001010010100110010101000100001
1100000000100000001111000001010010101010001101000100001
1100000000100000001111000001011000101100101001000100000
1100000000100000001111000001011000101100101001010110100
1100000000100000001111000001011000101100101001010110101
1100000000100000001111000001011000110010101001110100100
1100000000100000001111000001011000110100011001000100000
1100000000100000001111000001011000110100011001010110100
1100000000100000001111000001011000110100011001010110101
1100000000100000001111000001011000110100100101110100100
1100000000100000001111000001011100110110110101110101111
1100000000100000001111000001011100111010101101110101111
1100000000100000001111000011011000101100101001010110100
1100000000100000001111000011011000110010101001110100100
1100000000100000001111000011011000110100011001010110100
1100000000100000001111000011011000110100100101110100100
1100000000100000001111000101010000100100010001000100000
1100000000100000001111000101010000101000001001000100000
1100000000100000001111000101010010100110010101000100001
1100000000100000001111000101010010101010001101000100001
1100000000100000001111000101011000101100101001000100000
1100000000100000001111000101011000101100101001010110101
1100000000100000001111000101011000110100011001000100000
1100000000100000001111000101011000110100011001010110101
1100000000100000001111100001001000100010001000000100100
1100000000100000001111100001001000100010001000001100100
1100000000100000001111100001001000100100000100000100100
1100000000100000001111100001001000100100000100001100100
1100000000100000001111100001011000110010101001110100100
1100000000100000001111100001011000110100100101110100100
1100000000100000001111100001110000101100101101010100100
1100000000100000001111100001110000101100110100110100100
1100000000100000010000111001010000100100010001010110101
1100000000100000010000111001010000101000001001010110101
1100000000100000010000111011010000100100010001010110101
1100000000100000010000111011010000101000001001010110101
1100000000100000010111000001010010100110010101000100001
1100000000100000010111000001010010101010001101000100001
1100000000100000010111000001011000101100101001010110101
1100000000100000010111000001011000110100011001010110101
1100000000100000010111000011010010100110010101000100001
1100000000100000010111000011010010101010001101000100001
1100000000100000010111000011011000101100101001010110101
1100000000100000010111000011011000110100011001010110101
1100000000100000011000111011010000100100010001010110101
1100000000100000011000111011010000101000001001010110101
1100000000100000011111000011010010100110010101000100001
1100000000100000011111000011010010101010001101000100001
1100000000100000011111000011011000101100101001010110101
1100000000100000011111000011011000110100011001010110101
1100000000100000011111000101010000100100010001000100000
1100000000100000011111000101010000100100010001000100001
1100000000100000011111000101010000101000001001000100000
1100000000100000011111000101010000101000001001000100001
1100000000100000011111000101011000101100101001000100000
1100000000100000011111000101011000101100101001000100001
1100000000100000011111000101011000110100011001000100000
1100000000100000011111000101011000110100011001000100001
1100000000100000111011110001000000111000101001001010101
1100000000100000111011110001000000111000101001010001101
1100000000100000111011110001000000111000101101011101101
1100000000100000111011110001000000111000101101101011101
1100000000100001000000001111000100100001000100000000101
1100000000100001000000001111000100100010000010000000101
1100000000100001000000110001000100100001000101000111101
1100000000100001000000110001000100100010000011000111101
1100000000100001000100001111110000100100100010010000101
1100000000100001000100001111110000100100100100001000101
1100000000100001000100001111110000101100110011010111101
1100000000100001000100001111110000101100110101001111101
1100000000100001000111000001000100100001000100000000101
1100000000100001000111000001000100100010000010000000101
1100000000100001000111000001000110100011001010000000101
1100000000100001000111000001000110100101000110000000101
1100000000100001000111000001001100101001010100000111101
1100000000100001000111000001001100101010010010000111101
1100000000100001000111000001010100110001100100111000101
1100000000100001000111000001010100110010100010111000101
1100000000100001000111000001011100111001110100111111101
1100000000100001000111000001011100111010110010111111101
1100000000100001000111100001000100100001000100000000101
1100000000100001000111100001000100100010000010000000101
1100000000100001000111100001010100110001100100111000101
1100000000100001000111100001010100110010100010111000101
1100000000100001000111100001110000100110100110101000101
1100000000100001000111100001110000100110101010011000101
1100000000100001000111100001110000101100110011010111101
1100000000100001000111100001110000101100110101001111101
1100000000100001000111100001110000101110110111101111101
1100000000100001000111100001110000101110111011011111101
1100000000100001110011100010000001101000100100100100100
1100000000100001110011100010000001101000101000010100100
1100000000100001110111100001110000101001100110101100100
1100000000100001110111100001110000101001101010011100100
1100000000100001110111100011011000110010101001110101111
1100000000100001110111100011011000110100100101110101111
1100000000100001110111100011110000101001100110101100100
1100000000100001110111100011110000101001101010011100100
1100000000100010000000100011001000100010001000001100100
1100000000100010000000100011001000100100000100001100100
1100000000100010000000101111000100100001000101000000101
1100000000100010000000101111000100100010000011000000101
1100000000100010000000111101001000100010001000001100100
1100000000100010000000111101001000100100000100001100100
1100000000100010000111000001000110100011001010000000101
1100000000100010000111000001000110100101000110000000101
1100000000100010000111000001001001100011001010000100100
1100000000100010000111000001001001100101000110000100100
1100000000100010000111000001011000110010101001110101111
1100000000100010000111000001011000110100100101110101111
1100000000100010000111010001010100110001100100111000101
1100000000100010000111010001010100110010100010111000101
1100000000100010000111100001000110100011001011000000101
1100000000100010000111100001000110100101000111000000101
1100000000100010000111100001001100100110010100001100100
1100000000100010000111100001001100101010001100001100100
1100000000100010000111100001010100110001100101111000101
1100000000100010000111100001010100110010100011111000101
1100000000100010000111100001011000110010101001111100100
1100000000100010000111100001011000110100100101111100100
1100000000100010001000111101001000100010001000001100100
1100000000100010001000111101001000100100000100001100100
1100000000100010001111100001001000100010001000001100100
1100000000100010001111100001001000100100000100001100100
1100000000100010001111100001001100100110010100001100100
1100000000100010001111100001001100101010001100001100100
1100000000100010001111100001011000110010101001111100100
1100000000100010001111100001011000110100100101111100100
1100000000100011000111100001000100100001000101000000101
1100000000100011000111100001000100100010000011000000101
1100000000100011000111100001000110100011001011000000101
1100000000100011000111100001000110100101000111000000101
1100000000100011000111100001010100110001100101111000101
1100000000100011000111100001010100110010100011111000101
1100000000100011100111000011010010100110010101000100000
1100000000100011100111000011010010100110010101000100001
1100000000100011100111000011010010101010001101000100000
1100000000100011100111000011010010101010001101000100001
1100000000100011100111000011011000101100101001010110100
1100000000100011100111000011011000101100101001010110101
1100000000100011100111000011011000110100011001010110100
1100000000100011100111000011011000110100011001010110101
1100000000100111000010001111000000111000101001001010101
1100000000100111000010001111000000111000101001010001101
1100000000100111000011110001000000000111101001001010101
1100000000100111000011110001000000000111101001010001101
1100000000100111000011110001000000111000101101011101101
1100000000100111000011110001000000111000101101101011101
1100000000101000000000001111000000111000101001001010101
1100000000101000000000001111000000111000101001010001101
1100000000101000000001110001000000000111101001001010101
1100000000101000000001110001000000000111101001010001101
1100000000101000000001110001000000111000101001001010101
1100000000101000000001110001000000111000101001010001101
1100000000101000000001110001000000111000101101011101101
1100000000101000000001110001000000111000101101101011101
1100000000101000000110000000000111111000101001001010101
1100000000101000000110000000000111111000101001010001101
1100000000101000000110000000111000000111101001001010101
1100000000101000000110000000111000000111101001010001101
1100000000101000000110000000111000111000101101011101101
1100000000101000000110000000111000111000101101101011101
1100000000101000000110000001000000111000101001001010101
1100000000101000000110000001000000111000101001010001101
1100000000101110000000011110000001101000100100100100100
1100000000101110000000011110000001101000101000010100100
1100000000101110000011100010000001101100101101010100100
1100000000101110000011100010000001101100110100110100100
1100000000101110000100011101110000101001100110101100100
1100000000101110000100011101110000101001101010011100100
1100000000101110000111100000001110101001100110101100100
1100000000101110000111100000001110101001101010011100100
1100000000101110000111100001110000101101101111011100100
1100000000101110000111100001110000101101110110111100100
1100000000110000000000011111110000101100101101010101111
1100000000110000000000011111110000101100110011010111101
1100000000110000000000011111110000101100110100110101111
1100000000110000000000011111110000101100110101001111101
1100000000110000000011100000000001101000100100100100100
1100000000110000000011100000000001101000101000010100100
1100000000110000000011100000000001101100101101010100100
1100000000110000000011100000000001101100110100110100100
1100000000110000000011100000001000100100100010010000101
1100000000110000000011100000001000100100100100001000101
1100000000110000000011110001110000101100110011010111101
1100000000110000000011110001110000101100110101001111101
1100000000110000000011110001110000101110110111101111101
1100000000110000000011110001110000101110111011011111101
1100000000110000000100000011110000101000100100100100100
1100000000110000000100000011110000101000101000010100100
1100000000110000000100000011110000101100101101010100100
1100000000110000000100000011110000101100110100110100100
1100000000110000000100000011110001101100101101010100100
1100000000110000000100000011110001101100110100110100100
1100000000110000000100001111111000101100110011010111101
1100000000110000000100001111111000101100110101001111101
1100000000110000000100001111111000111000101101011101101
1100000000110000000100001111111000111000101101101011101
1100000000110000000100010001110000100100100010010000101
1100000000110000000100010001110000100100100100001000101
1100000000110000000100010001110000100110100110101000101
1100000000110000000100010001110000100110101010011000101
1100000000110000000100010001110000101100110011010111101
1100000000110000000100010001110000101100110101001111101
1100000000110000000110000000000111111000101001001010101
1100000000110000000110000000000111111000101001010001101
1100000000110000000111100001111000101110110111101111101
1100000000110000000111100001111000101110111011011111101
1100000000110000001000011111110000101000100100100100100
1100000000110000001000011111110000101000101000010100100
1100000000110000001011100010001110101000100100100100100
1100000000110000001011100010001110101000101000010100100
1100000000110000001011100011110000101100101101010100100
1100000000110000001011100011110000101100110100110100100
1100000000110000001100011101110000101000100100100100100
1100000000110000001100011101110000101000101000010100100
1100000000110000001111100000001110101000100100100100100
1100000000110000001111100000001110101000101000010100100
1100000000110000001111100001110000101000100100100100100
1100000000110000001111100001110000101000101000010100100
1100000000110000001111100001110000101100101101010100100
1100000000110000001111100001110000101100110100110100100
1100000000110001000111100000000111100100100010010000101
1100000000110001000111100000000111100100100100001000101
1100000000110001000111100001110000100100100010010000101
1100000000110001000111100001110000100100100100001000101
1100000000110001000111100001110000100110100110101000101
1100000000110001000111100001110000100110101010011000101
1100000000110001000111100001110000101100110011010111101
1100000000110001000111100001110000101100110101001111101
1100000000110001000111100001111000101100110011010111101
1100000000110001000111100001111000101100110101001111101
1100000000111000000100001110000111111000101001001010101
1100000000111000000100001110000111111000101001010001101
1100000000111000000100001111111000111000101001001010101
1100000000111000000100001111111000111000101001010001101
1100000000111000000101110000000111111000101101011101101
1100000000111000000101110000000111111000101101101011101
1100000000111000000101110001000111000111101001001010101
1100000000111000000101110001000111000111101001010001101
1100000000111000000101110001000111111000101101011101101
1100000000111000000101110001000111111000101101101011101
1100000000111000000101110001111000000111101101011101101
1100000000111000000101110001111000000111101101101011101
1100000000111100000111000011011010101110101101000100000
1100000000111100000111000011011010101110101101000100001
1100000000111100000111000011011010110110011101000100000
1100000000111100000111000011011010110110011101000100001
1100000000111100000111000101010010100110010101000100001
1100000000111100000111000101010010101010001101000100001
1100000000111100000111100001011000110010101001110101111
1100000000111100000111100001011000110100100101110101111
1100000001000001111111100001011000110010101001110100100
1100000001000001111111100001011000110100100101110100100
1100000001000001111111100001110000101100101101010100100
1100000001000001111111100001110000101100110100110100100
1100000001000011101111000101010010100110010101000100001
1100000001000011101111000101010010101010001101000100001
1100000001000011101111000101011000101100101001010110101
1100000001000011101111000101011000110100011001010110101
1100000001000011110111000001001000100010001000000100100
1100000001000011110111000001001000100100000100000100100
1100000001000011110111000001010000100100010001000100000
1100000001000011110111000001010000101000001001000100000
1100000001000011110111000001010010100110010101000100001
1100000001000011110111000001010010101010001101000100001
1100000001000011110111000001011000101100101001010110100
1100000001000011110111000001011000101100101001010110101
1100000001000011110111000001011000110010101001110100100
1100000001000011110111000001011000110100011001010110100
1100000001000011110111000001011000110100011001010110101
1100000001000011110111000001011000110100100101110100100
1100000001011100001111000101011010101110101101000100001
1100000001011100001111000101011010110110011101000100001
1100000001011100001111100001011100110110110101110100100
1100000001011100001111100001011100111010101101110100100
1100000001011100010000111001010000100100010001000100000
1100000001011100010000111001010000101000001001000100000
1100000001011100010111000001011000101100101001000100000
1100000001011100010111000001011000110100011001000100000
1100000001011100010111000001011010101110101101000100001
1100000001011100010111000001011010110110011101000100001
1100000001011110000000011101001000100010001000000100100
1100000001011110000000011101001000100100000100000100100
1100000001011110000111000001001100100110010100000100100
1100000001011110000111000001001100101010001100000100100
1100000001011110000111000001011000110010101001110100100
1100000001011110000111000001011000110100100101110100100
1100000001011110000111000001011100110110110101110100100
1100000001011110000111000001011100111010101101110100100
1100000001100000011111000001010000100100010001000100000
1100000001100000011111000001010000101000001001000100000
1100000001100010001000111101001000100010001000001100100
1100000001100010001000111101001000100100000100001100100
1100000001100010001111100001001100100110010100001100100
1100000001100010001111100001001100101010001100001100100
1100000001100010001111100001011000110010101001111100100
1100000001100010001111100001011000110100100101111100100
1100000001100011100111000011010010100110010101000100000
1100000001100011100111000011010010101010001101000100000
1100000001100011100111000011011000101100101001010110100
1100000001100011100111000011011000110100011001010110100
1100000001111100000111000011011010101110101101000100000
1100000001111100000111000011011010110110011101000100000
1100000001111100000111000101010010100110010101000100001
1100000001111100000111000101010010101010001101000100001
1100000010000011110000111001010000100100010001001101010
1100000010000011110000111001010000101000001001001101010
1100000010000011110111000001010000100100010001000100001
1100000010000011110111000001010000100100010001001101010
1100000010000011110111000001010000101000001001000100001
1100000010000011110111000001010000101000001001001101010
1100000010000011110111000001011000101100101001001101010
1100000010000011110111000001011000110100011001001101010
1100000010000011110111000101011000101100101001001101010
1100000010000011110111000101011000110100011001001101010
1100000010011100010000111001010000100100010001000100001
1100000010011100010000111001010000100100010001001101010
1100000010011100010000111001010000101000001001000100001
1100000010011100010000111001010000101000001001001101010
1100000010011100010000111001011000101100101001001101010
1100000010011100010000111001011000110100011001001101010
1100000010011100010000111101011000101100101001001101010
1100000010011100010000111101011000110100011001001101010
1100000010011100010111000001010001100101010011000100000
1100000010011100010111000001010001101001001011000100000
1100000010011100010111000001011000101100101001000100001
1100000010011100010111000001011000101100101001001101010
1100000010011100010111000001011000110100011001000100001
1100000010011100010111000001011000110100011001001101010
1100000010100000011111000011011000101100101001000100000
1100000010100000011111000011011000110100011001000100000
1100000010100000011111000101010000100100010001000100001
1100000010100000011111000101010000101000001001000100001
1100000010100000011111000101011000101100101001000100000
1100000010100000011111000101011000101100101001000100001
1100000010100000011111000101011000110100011001000100000
1100000010100000011111000101011000110100011001000100001
1100000010100011100000111101010000100100010001010110101
1100000010100011100000111101010000101000001001010110101
1100000010100011100111000011010010100110010101000100001
1100000010100011100111000011010010101010001101000100001
1100000010100011100111000011011000101100101001010110100
1100000010100011100111000011011000101100101001010110101
1100000010100011100111000011011000110100011001010110100
1100000010100011100111000011011000110100011001010110101
1100000010100011100111000101011000101100101001010110101
1100000010100011100111000101011000110100011001010110101
1100000010100011110000111111010000100100010001001101010
1100000010100011110000111111010000101000001001001101010
1100000010100011110111000111011000101100101001001101010
1100000010100011110111000111011000110100011001001101010
1100000010111100000000111101011000101100101001010110101
1100000010111100000000111101011000110100011001010110101
1100000010111100000111000011011010101110101101000100001
1100000010111100000111000011011010110110011101000100001
1100000010111100010000111111011000101100101001001101010
1100000010111100010000111111011000110100011001001101010
1100000011111100000111000011011000101100101001000100000
1100000011111100000111000011011000110100011001000100000
1100001000000010111111000001000110100011001010000000101
1100001000000010111111000001000110100101000110000000101
1100001000000010111111000001001100101001010100000111101
1100001000000010111111000001001100101010010010000111101
1100001000000010111111000001010100110001100100111000101
1100001000000010111111000001010100110010100010111000101
1100001000010000111000001111110000100100100010010000101
1100001000010000111000001111110000100100100100001000101
1100001000011110000000001111010100110001100100111000101
1100001000011110000000001111010100110010100010111000101
1100001000011110000000001111110000100110100110101000101
1100001000011110000000001111110000100110101010011000101
1100001000011110000000001111110000101100110011010111101
1100001000011110000000001111110000101100110101001111101
1100001000011110000111000001000110100011001010000000101
1100001000011110000111000001000110100101000110000000101
1100001000011110000111000001001100101001010100000111101
1100001000011110000111000001001100101010010010000111101
1100001000011110000111000001001110101011011010000111101
1100001000011110000111000001001110101101010110000111101
1100001000011110000111000001010100110001100100111000101
1100001000011110000111000001010100110010100010111000101
1100001000011110000111000001010110110011101010111000101
1100001000011110000111000001010110110101100110111000101
1100001000011110000111000001011100111001110100111111101
1100001000011110000111000001011100111010110010111111101
1100001000100000111111110001110000101100110011010111101
1100001000100000111111110001110000101100110101001111101
1100001000100011000111000001000100100001000100000000101
1100001000100011000111000001000100100010000010000000101
1100001000100011000111010001000100100001000100000111101
1100001000100011000111010001000100100010000010000111101
1100001000111100000111110001011100111001110100111111101
1100001000111100000111110001011100111010110010111111101
1100010000000011110111000001001000100010001000001100100
1100010000000011110111000001001000100100000100001100100
1100010000011001000010000010000100000010000001100101110
1100010000011110000000011101001000100010001000001100100
1100010000011110000000011101001000100100000100001100100
1100010000011110000111000001000110100011001011000000101
1100010000011110000111000001000110100101000111000000101
1100010000011110000111000001001100100110010100001100100
1100010000011110000111000001001100101001010101000111101
1100010000011110000111000001001100101010001100001100100
1100010000011110000111000001001100101010010011000111101
1100010000011110000111000001010100110001100101111000101
1100010000011110000111000001010100110010100011111000101
1100010000011110000111000001011000110010101001111100100
1100010000011110000111000001011000110100100101111100100
1100010000100010001000011111001000100010001000001100100
1100010000100010001000011111001000100100000100001100100
1100010000100010001000111101001000100010001001110101111
1100010000100010001000111101001000100100000101110101111
1100010000100010001111000011011000110010101001111100100
1100010000100010001111000011011000110100100101111100100
1100010000100010001111100001001000100010001001110100100
1100010000100010001111100001001000100100000101110100100
1100010000100010001111100001001001100011001011110100100
1100010000100010001111100001001001100101000111110100100
1100010000100010001111100001001100100110010101110101111
1100010000100010001111100001001100101010001101110101111
1100010000101000010110000010001000000100000001100101110
1100010000101001000110001000000010000001000001100101110
1100010000110000100110000101001000000001000001100101110
1100010000111100000111000011011100110110110101110100100
1100010000111100000111000011011100111010101101110100100
1100011000101000011110011000000110010001000001100110111
1100011000101000101110010100000011010100000000101100110
1100011000101000101110010100000011010100000001001110101
1100011000101000101110010100000110010001000000011100101
1100011000101001001110000110010100000110000000101010101
1100011000101001001110000110010100000110000000110100111
1100011000101001001110000110010100000110000001001011000
1100011000101001001110000110010100000110000001010101010
1100110000011101000011000010100100100010111111100101110
1100110000101100010111000010101000100100111111100101110
1100110000101101000111001000100010100001111111100101110
1100110000110100100111000101101000100001111111100101110
1101000000100000111110001110111000111000101001001010101
1101000000100000111110001110111000111000101001010001101
1101000000100000111111110000111000111000101101011101101
1101000000100000111111110000111000111000101101101011101
1110000000001110001000011101110000101001100110101100100
1110000000001110001000011101110000101001101010011100100
1110000000001111000000001111110000100110100110101000101
1110000000001111000000001111110000100110101010011000101
1110000000100000111000011111110000100100100010010000101
1110000000100000111000011111110000100100100100001000101
1110000000100000111100001111111000100100100010010000101
1110000000100000111100001111111000100100100100001000101
1110000000100000111111100000001111100100100010010000101
1110000000100000111111100000001111100100100100001000101
1110000000100000111111100001111000100110100110101000101
1110000000100000111111100001111000100110101010011000101
1110000000100000111111100001111000101100110011010111101
1110000000100000111111100001111000101100110101001111101
1110000000100000111111110001111000101100110011010111101
1110000000100000111111110001111000101100110101001111101
1110000000100001100100010010001010010000000001000111101
1110000000100001100100010100001001010000000001000111101
1110000000100001110100011101110000101000100100100101111
1110000000100001110100011101110000101000101000010101111
1110000000100001110111100001110000101000100100100101111
1110000000100001110111100001110000101000101000010101111
1110000000100001110111100001110000101001100110101100100
1110000000100001110111100001110000101001101010011100100
1110000000100001110111100001110000101100101101010101111
1110000000100001110111100001110000101100110100110101111
1110000000100010010100001100001010100000000011000100000
1110000000100010010100001100001010100000000011000100001
1110000000100010010100001100001010100000000101000100001
1110000000100010010100010100000110100000000011000100000
1110000000100010010100010100000110100000000011000100001
1110000000100010010100010100000110100000000101000100001
1110000000100011000100011000010100100000000011010110101
1110000000100011000100011000010100100000000101010110101
1110000000100011000100100100010100100000100001110101111
1110000000100011000100101000001100100000000011010110101
1110000000100011000100101000001100100000000101010110101
1110000000100011000100101000010010100000100001110101111
1110000000100011001100100110010101100000100001110100100
1110000000100011001100101010010011100000100001110100100
1110000000100011100100101100011010100000000011110101111
1110000000100011100100101100011010100000100001110101111
1110000000100011100100110010011010010000000001111111101
1110000000100011100100110100010110100000000011110101111
1110000000100011100100110100010110100000100001110101111
1110000000100011100100110100011001010000000001111111101
1110000000100100010100010100010010000001101001100100101
1110000000100100010100010100010010000100100001000000001
1110000000100100010100100100001010000001101001100100101
1110000000100100010100100100001010000100100001000000001
1110000000100100100100011000010100000010100001000000010
1110000000100100100100011000010100000010100001000000101
1110000000100100100100011000010100000010100001000000111
1110000000100100100100101000001100000010100001000000010
1110000000100100100100101000001100000010100001000000101
1110000000100100100100101000001100000010100001000000111
1110000000100100100101000010100010010000001111000000101
1110000000100100100101000100100001010000001111000000101
1110000000100110000100110000101000000001101001100100110
1110000000100110000100110000101000000010101001100100010
1110000000100110000100110000101000000100100101010010001
1110000000100110000101001000101000000010111101001101010
1110000000100110000101001000101000100000111011010110101
1110000000100110000101001000101000100000111101010110101
1110000000100110000101010000011000000001101001100100110
1110000000100110000101010000011000000010101001100100010
1110000000100110000101010000011000000100100101010010001
1110000000100110000101010000100100000010111101001101010
1110000000100110000101010000100100100000111011010110101
1110000000100110000101010000100100100000111101010110101
1110000000100110100100111000101100000010100011001001100
1110000000100110100101011000011100000010100011001001100
1110000000100111000101100100110100100000111101110101111
1110000000100111000101101000110010100000111101110101111
1110000000100111100101101100111010100000111101110101111
1110000000100111100101110100110110100000111101110101111
1110000000101000001100100010100001101000100100100100100
1110000000101000001100100010100001101000101000010100100
1110000000101000001100100010100001101100101101010100100
1110000000101000001100100010100001101100110100110100100
1110000000101000001101000010010001101000100100100100100
1110000000101000001101000010010001101000101000010100100
1110000000101000001101000010010001101100101101010100100
1110000000101000001101000010010001101100110100110100100
1110000000101000100100100010100010010000000000000000101
1110000000101000100100100010100010011000010001000111101
1110000000101000100100100010100010100000100000000000101
1110000000101000100100100010100010101000110001000111101
1110000000101000100100100100100001010000000000000000101
1110000000101000100100100100100001011000010001000111101
1110000000101000100100100100100001100000100000000000101
1110000000101000100100100100100001101000110001000111101
1110000000101000100100101000100100101000110001000001100
1110000000101000100100101000100100101000110001000011101
1110000000101000100100101000100100101000110001000101110
1110000000101000100100101000100100101000110001000110110
1110000000101000100101001000010100101000110001000001100
1110000000101000100101001000010100101000110001000011101
1110000000101000100101001000010100101000110001000101110
1110000000101000100101001000010100101000110001000110110
1110000000101000100110000011000010011000010001000111101
1110000000101000100110000011000010110000100001000000101
1110000000101000100110000011000010111000010100001100101
1110000000101000100110000011000010111000100101001100101
1110000000101000100110000101000001011000010001000111101
1110000000101000100110000101000001110000100001000000101
1110000000101000100110000101000001111000010100001100101
1110000000101000100110000101000001111000100101001100101
1110000000101000110100100110100101010000000000000000101
1110000000101000110100100110100101100000100000000000101
1110000000101000110100101010100011010000000000000000101
1110000000101000110100101010100011100000100000000000101
1110000000101000110100101100100110101000110001000001101
1110000000101000110100101100100110101000110001000100010
1110000000101000110100101100100110101000110001000100011
1110000000101000110100101100100110101000110001000100111
1110000000101000110100101100100110101000110001000101111
1110000000101000110101001100010110101000110001000001101
1110000000101000110101001100010110101000110001000100010
1110000000101000110101001100010110101000110001000100011
1110000000101000110101001100010110101000110001000100111
1110000000101000110101001100010110101000110001000101111
1110000000101000110110000111000101111000011000010001101
1110000000101000110110000111000101111000101001010001101
1110000000101000110110001011000011111000011000010001101
1110000000101000110110001011000011111000101001010001101
1110000000101001000100100100100100010100000101000101111
1110000000101001000100100100100100011000001000010101111
1110000000101001000100100100100100100100100101000101111
1110000000101001000100100100100100101000101000010101111
1110000000101001000100101000100010010010001001000101111
1110000000101001000100101000100010100010101001000101111
1110000000101001000100110000101000100000100000000100101
1110000000101001000100110000101000100000100000000101000
1110000000101001000100110000101000100000100000000110101
1110000000101001000100110000101000100100101000100001100
1110000000101001000100110000101000100100101000100010010
1110000000101001000100110000101000100100101000100010101
1110000000101001000100110000101000100100101000100110110
1110000000101001000101000100010100010010001001000101111
1110000000101001000101000100010100100010101001000101111
1110000000101001000101001000010010010100000101000101111
1110000000101001000101001000010010011000001000010101111
1110000000101001000101001000010010100100100101000101111
1110000000101001000101001000010010101000101000010101111
1110000000101001000101010000011000100000100000000100101
1110000000101001000101010000011000100000100000000101000
1110000000101001000101010000011000100000100000000110101
1110000000101001000101010000011000100100101000100001100
1110000000101001000101010000011000100100101000100010010
1110000000101001000101010000011000100100101000100010101
1110000000101001000101010000011000100100101000100110110
1110000000101001000110000101000100010001000000001100100
1110000000101001000110000101000100100001000010000100100
1110000000101001000110000101000100100001100000000100100
1110000000101001000110000101000100100001100000001100100
1110000000101001000110000101000100101110000010000100100
1110000000101001000110000101000100110000100000001100100
1110000000101001000110000101000100110000100001110101111
1110000000101001000110000101000100110001100000001100100
1110000000101001000110001001000010010001000000001100100
1110000000101001000110001001000010100001000010000100100
1110000000101001000110001001000010100001100000000100100
1110000000101001000110001001000010100001100000001100100
1110000000101001000110001001000010101110000010000100100
1110000000101001000110001001000010110000100000001100100
1110000000101001000110001001000010110000100001110101111
1110000000101001000110001001000010110001100000001100100
1110000000101001001100100110100101010000000000000100100
1110000000101001001100100110100101010100000101000100100
1110000000101001001100100110100101011000001000010100100
1110000000101001001100100110100101100000100000000100100
1110000000101001001100100110100101101000101000010100100
1110000000101001001100101010100011010000000000000100100
1110000000101001001100101010100011010010001001000100100
1110000000101001001100101010100011100000100000000100100
1110000000101001001100101010100011100010101001000100100
1110000000101001001101000110010101010010001001000100100
1110000000101001001101000110010101100010101001000100100
1110000000101001001101001010010011010100000101000100100
1110000000101001001101001010010011011000001000010100100
1110000000101001001101001010010011101000101000010100100
1110000000101001100100101100101010010001000010001100100
1110000000101001100100101100101010010100010000010101111
1110000000101001100100101100101010100001100010001100100
1110000000101001100100101100101010100100110000010101111
1110000000101001100100110100100110010001000010001100100
1110000000101001100100110100100110010010010000100101111
1110000000101001100100110100100110011000001000010101111
1110000000101001100100110100100110100001100010001100100
1110000000101001100100110100100110100010110000100101111
1110000000101001100100110100100110101000101000010101111
1110000000101001100100111000101100100000100000000001100
1110000000101001100100111000101100100000100000000010001
1110000000101001100100111000101100100000100000000010010
1110000000101001100100111000101100100000100000000011101
1110000000101001100100111000101100100010100100010001101
1110000000101001100100111000101100100010100100010100010
1110000000101001100100111000101100100010100100010100011
1110000000101001100101001100011010010010010000100101111
1110000000101001100101001100011010011000001000010101111
1110000000101001100101001100011010100010110000100101111
1110000000101001100101001100011010101000101000010101111
1110000000101001100101010100010110010100010000010101111
1110000000101001100101010100010110100100110000010101111
1110000000101001100101011000011100100000100000000001100
1110000000101001100101011000011100100000100000000010001
1110000000101001100101011000011100100000100000000010010
1110000000101001100101011000011100100000100000000011101
1110000000101001100101011000011100100010100100010001101
1110000000101001100101011000011100100010100100010100010
1110000000101001100101011000011100100010100100010100011
1110000000101001100110001101001010110001100000001100100
1110000000101001100110010011001010111000100001000111101
1110000000101001100110010101000110110001100000001100100
1110000000101001100110010101001001111000100001000111101
1110000000101001110100111100101110101000100100100101111
1110000000101001110100111100101110101000101000010101111
1110000000101001110101011100011110101000100100100101111
1110000000101001110101011100011110101000101000010101111
1110000000101010000110001001001000000011000101000100000
1110000000101010000110001001001000011100000001010110101
1110000000101010000110001001001000100001000101000100000
1110000000101010000110001001001000100010000011000100000
1110000000101010000110001001001000100010000101000100001
1110000000101010000110001001001000100010000111000100001
1110000000101010000110001001001000100011000101000100000
1110000000101010000110001001001000100011000101000100001
1110000000101010000110001001001000111100000011010110101
1110000000101010000110001001001000111100000101010110101
1110000000101010000110010001000100000011000101000100000
1110000000101010000110010001000100011100000001010110101
1110000000101010000110010001000100100001000101000100000
1110000000101010000110010001000100100010000011000100000
1110000000101010000110010001000100100010000101000100001
1110000000101010000110010001000100100010000111000100001
1110000000101010000110010001000100100011000101000100000
1110000000101010000110010001000100100011000101000100001
1110000000101010000110010001000100111100000011010110101
1110000000101010000110010001000100111100000101010110101
1110000000101010010110001101001010100011000011000100001
1110000000101010010110010101000110100011000011000100001
1110000000101011000110011001010100100011000101000100000
1110000000101011000110011001010100100011000101000100001
1110000000101011000110011001010100111100000101011111111
1110000000101011000110100101010100001110000001110101111
1110000000101011000110100101010100001111000001110101111
1110000000101011000110100101010100101110100001111101111
1110000000101011000110100101010100110001100001111100100
1110000000101011000110101001001100100011000101000100000
1110000000101011000110101001001100100011000101000100001
1110000000101011000110101001001100111100000101011111111
1110000000101011000110101001010010001110000001110101111
1110000000101011000110101001010010001111000001110101111
1110000000101011000110101001010010101110100001111101111
1110000000101011000110101001010010110001100001111100100
1110000000101100000101100001010000100001100100100000101
1110000000101100000101100001010000100010100010100000101
1110000000101100000101100001010000100110110101100101111
1110000000101100000101100001010000101000110001000100101
1110000000101100000101100001010000101000110001000101000
1110000000101100000101100001010000101000110001000110101
1110000000101100000101100001010000101001110101100111101
1110000000101100000101100001010000101010101101100101111
1110000000101100000101100001010000101010110011100111101
1110000000101100000101100001010000101100111001100001100
1110000000101100000101100001010000101100111001100011101
1110000000101100000101100001010000101100111001100110110
1110000000101100000110010001010000000110100001000000001
1110000000101100000110010001010000000110100001000000101
1110000000101100000110010001010000000110101001100100110
1110000000101100000110010001010000000111101001001010101
1110000000101100000110010001010000000111101001010001101
1110000000101100000110010001010000111000101001001010101
1110000000101100000110010001010000111000101001010001101
1110000000101100000110010001010000111000101001100100101
1110000000101100000110010001010000111000101101011101101
1110000000101100000110010001010000111000101101101011101
1110000000101100000110010001010000111001101001100100110
1110000000101100000110010001010000111100100101010010001
1110000000101100000110100000110000100001100100100000101
1110000000101100000110100000110000100010100010100000101
1110000000101100000110100000110000100110110101100101111
1110000000101100000110100000110000101000110001000100101
1110000000101100000110100000110000101000110001000101000
1110000000101100000110100000110000101000110001000110101
1110000000101100000110100000110000101001110101100111101
1110000000101100000110100000110000101010101101100101111
1110000000101100000110100000110000101010110011100111101
1110000000101100000110100000110000101100111001100001100
1110000000101100000110100000110000101100111001100011101
1110000000101100000110100000110000101100111001100110110
1110000000101100000110100001001000000110100001000000001
1110000000101100000110100001001000000110100001000000101
1110000000101100000110100001001000000110101001100100110
1110000000101100000110100001001000000111101001001010101
1110000000101100000110100001001000000111101001010001101
1110000000101100000110100001001000111000101001001010101
1110000000101100000110100001001000111000101001010001101
1110000000101100000110100001001000111000101001100100101
1110000000101100000110100001001000111000101101011101101
1110000000101100000110100001001000111000101101101011101
1110000000101100000110100001001000111001101001100100110
1110000000101100000110100001001000111100100101010010001
1110000000101100001101100011010001100010101001000100100
1110000000101100001101100011010001100100100101000100100
1110000000101100001101100011010001100110110101100100100
1110000000101100001101100011010001101010101101100100100
1110000000101100001110010011010001111010101001100100100
1110000000101100001110100010110001100010101001000100100
1110000000101100001110100010110001100100100101000100100
1110000000101100001110100010110001100110110101100100100
1110000000101100001110100010110001101010101101100100100
1110000000101100001110100011001001111010101001100100100
1110000000101100010101100101010010101100111001100001101
1110000000101100010101100101010010101100111001100010001
1110000000101100010101100101010010101100111001100100010
1110000000101100010101100101010010101100111001100100011
1110000000101100010101100101010010101100111001100101111
1110000000101100010110010101010010111000101001100100001
1110000000101100010110010101010010111000101001100100011
1110000000101100010110010101010010111010101001100100001
1110000000101100010110010101010010111100101001100100011
1110000000101100010110010101010010111100101001100100101
1110000000101100010110100100110010101100111001100001101
1110000000101100010110100100110010101100111001100010001
1110000000101100010110100100110010101100111001100100010
1110000000101100010110100100110010101100111001100100011
1110000000101100010110100100110010101100111001100101111
1110000000101100010110100101001010111000101001100100001
1110000000101100010110100101001010111000101001100100011
1110000000101100010110100101001010111010101001100100001
1110000000101100010110100101001010111100101001100100011
1110000000101100010110100101001010111100101001100100101
1110000000101100011101100111010011101100111001100010001
1110000000101100011110010111010011111001101001100100000
1110000000101100011110100110110011101100111001100010001
1110000000101100011110100111001011111001101001100100000
1110000000101100100101100011010010011000010001000111101
1110000000101100100101100011010010101000110001000111101
1110000000101100100101100101010001011000010001000111101
1110000000101100100101100101010001101000110001000111101
1110000000101100100101101001010100101000110001000001000
1110000000101100100101101001010100101000110001000001100
1110000000101100100101101001010100101000110001000010010
1110000000101100100101101001010100101000110001000010101
1110000000101100100101101001010100101000110001000011101
1110000000101100100101101001010100101000110001000100101
1110000000101100100101101001010100101000110001000101110
1110000000101100100101101001010100101010110101010010011
1110000000101100100101101001010100101010110101010100011
1110000000101100100101101001010100101010110101010100111
1110000000101100100110010011010010000111010000000000101
1110000000101100100110010011010010000111100001000000101
1110000000101100100110010011010010111000010000000000101
1110000000101100100110010011010010111000010100001100101
1110000000101100100110010011010010111000011000010001101
1110000000101100100110010011010010111000011100011101101
1110000000101100100110010011010010111000100001000000101
1110000000101100100110010011010010111000100101001100101
1110000000101100100110010011010010111000101001010001101
1110000000101100100110010011010010111000101101011101101
1110000000101100100110010101010001000111010000000000101
1110000000101100100110010101010001000111100001000000101
1110000000101100100110010101010001111000010000000000101
1110000000101100100110010101010001111000010010010100101
1110000000101100100110010101010001111000010110110101101
1110000000101100100110010101010001111000011010011110101
1110000000101100100110010101010001111000100001000000101
1110000000101100100110010101010001111000100011010100101
1110000000101100100110010101010001111000100111110101101
1110000000101100100110010101010001111000101011011110101
1110000000101100100110011001010100111000100101010010011
1110000000101100100110011001010100111000100101010010101
1110000000101100100110011001010100111000100111011011101
1110000000101100100110011001010100111010100101010010011
1110000000101100100110011001010100111100100101010010111
1110000000101100100110100011001010111000010010010100101
1110000000101100100110100011001010111000010110110101101
1110000000101100100110100011001010111000011010011110101
1110000000101100100110100011001010111000100011010100101
1110000000101100100110100011001010111000100111110101101
1110000000101100100110100011001010111000101011011110101
1110000000101100100110100101001001111000010100001100101
1110000000101100100110100101001001111000011000010001101
1110000000101100100110100101001001111000011100011101101
1110000000101100100110100101001001111000100101001100101
1110000000101100100110100101001001111000101001010001101
1110000000101100100110100101001001111000101101011101101
1110000000101100100110101000110100101000110001000001000
1110000000101100100110101000110100101000110001000001100
1110000000101100100110101000110100101000110001000010010
1110000000101100100110101000110100101000110001000010101
1110000000101100100110101000110100101000110001000011101
1110000000101100100110101000110100101000110001000100101
1110000000101100100110101000110100101000110001000101110
1110000000101100100110101000110100101010110101010010011
1110000000101100100110101000110100101010110101010100011
1110000000101100100110101000110100101010110101010100111
1110000000101100100110101001001100111000100101010010011
1110000000101100100110101001001100111000100101010010101
1110000000101100100110101001001100111000100111011011101
1110000000101100100110101001001100111010100101010010011
1110000000101100100110101001001100111100100101010010111
1110000000101101000101100101010100010100010000010101111
1110000000101101000101100101010100010101010010011100100
1110000000101101000101100101010100010110011001010101111
1110000000101101000101100101010100011100010100110101111
1110000000101101000101100101010100100100110000010101111
1110000000101101000101100101010100100101110010011100100
1110000000101101000101100101010100100110111001010101111
1110000000101101000101100101010100101100110100110101111
1110000000101101000101101001010010010010010000100101111
1110000000101101000101101001010010010011010010101100100
1110000000101101000101101001010010010100000101000101111
1110000000101101000101101001010010010101000111001100100
1110000000101101000101101001010010010110010101100101111
1110000000101101000101101001010010100010110000100101111
1110000000101101000101101001010010100011110010101100100
1110000000101101000101101001010010100100100101000101111
1110000000101101000101101001010010100101100111001100100
1110000000101101000101101001010010100110110101100101111
1110000000101101000101110001011000100010100100010100001
1110000000101101000101110001011000100100101000100001100
1110000000101101000101110001011000100100101000100001110
1110000000101101000101110001011000100100101000100010010
1110000000101101000101110001011000100100101000100010101
1110000000101101000101110001011000100100101000100110110
1110000000101101000101110001011000100110101100110001101
1110000000101101000110100100110100010010010000100101111
1110000000101101000110100100110100010011010010101100100
1110000000101101000110100100110100010100000101000101111
1110000000101101000110100100110100010101000111001100100
1110000000101101000110100100110100010110010101100101111
1110000000101101000110100100110100100010110000100101111
1110000000101101000110100100110100100011110010101100100
1110000000101101000110100100110100100100100101000101111
1110000000101101000110100100110100100101100111001100100
1110000000101101000110100100110100100110110101100101111
1110000000101101000110101000110010010100010000010101111
1110000000101101000110101000110010010101010010011100100
1110000000101101000110101000110010010110011001010101111
1110000000101101000110101000110010011100010100110101111
1110000000101101000110101000110010100100110000010101111
1110000000101101000110101000110010100101110010011100100
1110000000101101000110101000110010100110111001010101111
1110000000101101000110101000110010101100110100110101111
1110000000101101000110110000111000100010100100010100001
1110000000101101000110110000111000100100101000100001100
1110000000101101000110110000111000100100101000100001110
1110000000101101000110110000111000100100101000100010010
1110000000101101000110110000111000100100101000100010101
1110000000101101000110110000111000100100101000100110110
1110000000101101000110110000111000100110101100110001101
1110000000101101000111000101100100110001111100001100100
1110000000101101000111001001100010110001111100001100100
1110000000101101100101101101011010011100001101010101111
1110000000101101100101101101011010101100101101010101111
1110000000101101100101110101010110011010001101100101111
1110000000101101100101110101010110011100010100110101111
1110000000101101100101110101010110101010101101100101111
1110000000101101100101110101010110101100110100110101111
1110000000101101100110101100111010011010001101100101111
1110000000101101100110101100111010011100010100110101111
1110000000101101100110101100111010101010101101100101111
1110000000101101100110101100111010101100110100110101111
1110000000101101100110110100110110011100001101010101111
1110000000101101100110110100110110101100101101010101111
1110000000101110000000011110001110101000100100100101111
1110000000101110000000011110001110101000101000010101111
1110000000101110000011100010001110101001100110101100100
1110000000101110000011100010001110101001101010011100100
1110000000101110000011100010001110101100101101010101111
1110000000101110000011100010001110101100110100110101111
1110000000101110000100001111111000100110100110101000101
1110000000101110000100001111111000100110101010011000101
1110000000101110000100001111111000101100110011010111101
1110000000101110000100001111111000101100110101001111101
1110000000101110000100011100001111101000100100100101111
1110000000101110000100011100001111101000101000010101111
1110000000101110000110110001101000000111100011010100101
1110000000101110000110110001101000000111100101001100101
1110000000101110000110110001101000111000100011010100101
1110000000101110000110110001101000111000100101001100101
1110000000101110000110110001101000111000100111101110101
1110000000101110000110110001101000111000101001100100101
1110000000101110000110110001101000111000101011011110101
1110000000101110000110110001101000111000101101110110001
1110000000101110000110110001101000111000101101110110101
1110000000101110000110110001101000111010101101110110001
1110000000101110000110110001101000111100101101110110010
1110000000101110000110110001101000111100101101110110011
1110000000101110000110110001101000111100101101110110101
1110000000101110000110110001101000111100101101110110111
1110000000101110000111001001101000011100000111010110101
1110000000101110000111001001101000011110111001010110101
1110000000101110000111001001101000011110111001011111111
1110000000101110000111001001101000100011111011010110101
1110000000101110000111001001101000100011111101000100000
1110000000101110000111001001101000100011111101000100001
1110000000101110000111010001011000000111100011010100101
1110000000101110000111010001011000000111100101001100101
1110000000101110000111010001011000111000100011010100101
1110000000101110000111010001011000111000100101001100101
1110000000101110000111010001011000111000100111101110101
1110000000101110000111010001011000111000101001100100101
1110000000101110000111010001011000111000101011011110101
1110000000101110000111010001011000111000101101110110001
1110000000101110000111010001011000111000101101110110101
1110000000101110000111010001011000111010101101110110001
1110000000101110000111010001011000111100101101110110010
1110000000101110000111010001011000111100101101110110011
1110000000101110000111010001011000111100101101110110101
1110000000101110000111010001011000111100101101110110111
1110000000101110000111010001100100011100000111010110101
1110000000101110000111010001100100011110111001010110101
1110000000101110000111010001100100011110111001011111111
1110000000101110000111010001100100100011111011010110101
1110000000101110000111010001100100100011111101000100000
1110000000101110000111010001100100100011111101000100001
1110000000101110000111100000001111100110100110101000101
1110000000101110000111100000001111100110101010011000101
1110000000101110000111100000001111101001100110101100100
1110000000101110000111100000001111101001101010011100100
1110000000101110000111100001111000101110110111101111101
1110000000101110000111100001111000101110111011011111101
1110000000101110010110110101101010111001101011101101000
1110000000101110010110110101101010111100101011101101101
1110000000101110010111001101101010011110111001001101011
1110000000101110010111010101011010111001101011101101000
1110000000101110010111010101011010111100101011101101101
1110000000101110010111010101100110011110111001001101011
1110000000101111000111011001110100011110111001011111111
1110000000101111000111101001101100011110111001011111111
1110000000110000001100011101110001101000100100100100100
1110000000110000001100011101110001101000101000010100100
1110000000110000001111100000001111101000100100100100100
1110000000110000001111100000001111101000101000010100100
1110000000110000001111100001110001101100101101010100100
1110000000110000001111100001110001101100110100110100100
1110000000111000000100001111000111111000101001001010101
1110000000111000000100001111000111111000101001010001101
1110000000111000000100001111111000111000101101011101101
1110000000111000000100001111111000111000101101101011101
1110000000111000000101110001000111111000101101011101101
1110000000111000000101110001000111111000101101101011101
1110000001100011001100100110010101100000100001110100100
1110000001100011001100101010010011100000100001110100100
1110000001100011100100101100011010100000100001110101111
1110000001100011100100110100010110100000100001110101111
1110000001100111000101100100110100100000111101110101111
1110000001100111000101101000110010100000111101110101111
1110000001100111100101101100111010100000111101110101111
1110000001100111100101110100110110100000111101110101111
1110000001101001001100100110100101010100000101000100100
1110000001101001001100100110100101011000001000010100100
1110000001101001001100100110100101101000101000010100100
1110000001101001001100101010100011010010001001000100100
1110000001101001001100101010100011100010101001000100100
1110000001101001001101000110010101010010001001000100100
1110000001101001001101000110010101100010101001000100100
1110000001101001001101001010010011010100000101000100100
1110000001101001001101001010010011011000001000010100100
1110000001101001001101001010010011101000101000010100100
1110000001101001100100101100101010010100010000010101111
1110000001101001100100101100101010100100110000010101111
1110000001101001100100110100100110010010010000100101111
1110000001101001100100110100100110011000001000010101111
1110000001101001100100110100100110100010110000100101111
1110000001101001100100110100100110101000101000010101111
1110000001101001100101001100011010010010010000100101111
1110000001101001100101001100011010011000001000010101111
1110000001101001100101001100011010100010110000100101111
1110000001101001100101001100011010101000101000010101111
1110000001101001100101010100010110010100010000010101111
1110000001101001100101010100010110100100110000010101111
1110000001101001110100111100101110101000100100100101111
1110000001101001110100111100101110101000101000010101111
1110000001101001110101011100011110101000100100100101111
1110000001101001110101011100011110101000101000010101111
1110000001101100001101100011010001100110110101100100100
1110000001101100001101100011010001101010101101100100100
1110000001101100001110100010110001100110110101100100100
1110000001101100001110100010110001101010101101100100100
1110000001101101000101100101010100010110011001010101111
1110000001101101000101100101010100011100010100110101111
1110000001101101000101100101010100100110111001010101111
1110000001101101000101100101010100101100110100110101111
1110000001101101000101101001010010010110010101100101111
1110000001101101000101101001010010100110110101100101111
1110000001101101000110100100110100010110010101100101111
1110000001101101000110100100110100100110110101100101111
1110000001101101000110101000110010010110011001010101111
1110000001101101000110101000110010011100010100110101111
1110000001101101000110101000110010100110111001010101111
1110000001101101000110101000110010101100110100110101111
1110000001101101100101101101011010011100001101010101111
1110000001101101100101101101011010101100101101010101111
1110000001101101100101110101010110011010001101100101111
1110000001101101100101110101010110011100010100110101111
1110000001101101100101110101010110101010101101100101111
1110000001101101100101110101010110101100110100110101111
1110000001101101100110101100111010011010001101100101111
1110000001101101100110101100111010011100010100110101111
1110000001101101100110101100111010101010101101100101111
1110000001101101100110101100111010101100110100110101111
1110000001101101100110110100110110011100001101010101111
1110000001101101100110110100110110101100101101010101111
1110000010101000110100101100100110101000110001000001011
1110000010101000110100101100100110101000110001000100011
1110000010101000110100101100100110101000110001000100101
1110000010101000110101001100010110101000110001000001011
1110000010101000110101001100010110101000110001000100011
1110000010101000110101001100010110101000110001000100101
1110000010101001100100111000101100100010100100010100011
1110000010101001100101011000011100100010100100010100011
1110000010101010010110001101001010011100000001000100001
1110000010101010010110010101000110011100000001000100001
1110000010101011000110011001010100011100000001010110101
1110000010101011000110101001001100011100000001010110101
1110000010101100001101100011010001101100111001100110110
1110000010101100001110100010110001101100111001100110110
1110000010101100010110010101010010111000101001100100011
1110000010101100010110100101001010111000101001100100011
1110000010101100100101101001010100101000110001000001100
1110000010101100100101101001010100101000110001000100110
1110000010101100100101101001010100101010110101010100011
1110000010101100100110011001010100000111100001000000010
1110000010101100100110011001010100000111100001000000111
1110000010101100100110101000110100101000110001000001100
1110000010101100100110101000110100101000110001000100110
1110000010101100100110101000110100101010110101010100011
1110000010101100100110101001001100000111100001000000010
1110000010101100100110101001001100000111100001000000111
1110000010101101000101110001011000100100101000100001101
1110000010101101000101110001011000100100101000100010001
1110000010101101000101110001011000100100101000100011010
1110000010101101000110110000111000100100101000100001101
1110000010101101000110110000111000100100101000100010001
1110000010101101000110110000111000100100101000100011010
1110000010101110000110110001101000000111101001100100111
1110000010101110000110110001101000111000101001100100010
1110000010101110000110110001101000111000101001100100101
1110000010101110000110110001101000111000101101110110011
1110000010101110000111001001101000100011111101000100000
1110000010101110000111001001101000100011111101000100001
1110000010101110000111010001011000000111101001100100111
1110000010101110000111010001011000111000101001100100010
1110000010101110000111010001011000111000101001100100101
1110000010101110000111010001011000111000101101110110011
1110000010101110000111010001100100100011111101000100000
1110000010101110000111010001100100100011111101000100001
1110000100101000011100100110100011101000110001000110001
1110000100101000011101000110010011101000110001000110001
1110000100101000110100101100100110101000110001000010011
1110000100101000110101001100010110101000110001000010011
1110000100101001100100111000101100100010100100010001111
1110000100101001100100111000101100100010100100010100111
1110000100101001100101011000011100100010100100010001111
1110000100101001100101011000011100100010100100010100111
1110000100101100001101100011010001101000110001000110100
1110000100101100001110010011010001111100100101010010000
1110000100101100001110100010110001101000110001000110100
1110000100101100001110100011001001111100100101010010000
1110000100101100010110010101010010000111100001000000001
1110000100101100010110010101010010111000101001100100111
1110000100101100010110100101001010000111100001000000001
1110000100101100010110100101001010111000101001100100111
1110000100101100100101101001010100101000110001000010110
1110000100101100100110011001010100111000100101010010101
1110000100101100100110101000110100101000110001000010110
1110000100101100100110101001001100111000100101010010101
1110000100101101000101110001011000100010100100010001001
1110000100101101000101110001011000100110101100110001111
1110000100101101000101110001011000101000110001000111100
1110000100101101000110110000111000100010100100010001001
1110000100101101000110110000111000100110101100110001111
1110000100101101000110110000111000101000110001000111100
1110000100101110000110110001101000000111100101010010001
1110000100101110000110110001101000111000100101010010001
1110000100101110000111010001011000000111100101010010001
1110000100101110000111010001011000111000100101010010001
1110001000101000110100100110100101011000010001000111101
1110001000101000110100100110100101101000110001000111101
1110001000101000110100101010100011011000010001000111101
1110001000101000110100101010100011101000110001000111101
1110001000101000110100101100100110101000110001000110101
1110001000101000110101001100010110101000110001000110101
1110001000101001010100110100101010100100101000100101111
1110001000101001010100110100101010100100101000100110011
1110001000101001010100110100101010100100101000100110101
1110001000101001010101010100011010100100101000100101111
1110001000101001010101010100011010100100101000100110011
1110001000101001010101010100011010100100101000100110101
1110001000101001100100111000101100100010100100010101111
1110001000101001100100111000101100100010100100010110011
1110001000101001100101011000011100100010100100010101111
1110001000101001100101011000011100100010100100010110011
1110001000101100010101100101010010100100101000100000011
1110001000101100010101100101010010101100111001100110011
1110001000101100010101100101010010101100111001100110101
1110001000101100010110100100110010100100101000100000011
1110001000101100010110100100110010101100111001100110011
1110001000101100010110100100110010101100111001100110101
1110001000101100100101100011010010011010011001001111101
1110001000101100100101100011010010101010111001001111101
1110001000101100100101100101010001011001011001010111101
1110001000101100100101100101010001011010010011100111101
1110001000101100100101100101010001101001111001010111101
1110001000101100100101100101010001101010110011100111101
1110001000101100100101101001010100100010100100010000101
1110001000101100100101101001010100101010110101010110011
1110001000101100100110100010110010011001011001010111101
1110001000101100100110100010110010011010010011100111101
1110001000101100100110100010110010101001111001010111101
1110001000101100100110100010110010101010110011100111101
1110001000101100100110100100110001011010011001001111101
1110001000101100100110100100110001101010111001001111101
1110001000101100100110101000110100100010100100010000101
1110001000101100100110101000110100101010110101010110011
1110001000101101000101110001011000100100101000100011101
1110001000101101000101110001011000100100101000100100101
1110001000101101000101110001011000100100101000100101110
1110001000101101000101110001011000100100101000100110010
1110001000101101000101110001011000100110101100110101111
1110001000101101000110110000111000100100101000100011101
1110001000101101000110110000111000100100101000100100101
1110001000101101000110110000111000100100101000100101110
1110001000101101000110110000111000100100101000100110010
1110001000101101000110110000111000100110101100110101111
1110010000100011001100100110010101000001000001110100100
1110010000100011001100101010010011000001000001110100100
1110010000100011100100101100011010000001000001110101111
1110010000100011100100110100010110000001000001110101111
1110010000100111000101100100110100000001011101110101111
1110010000100111000101101000110010000001011101110101111
1110010000101001001110000111000101001110000000001100100
1110010000101001001110001011000011001110000000001100100
1110010000101011000110100101010100001111000001110101111
1110010000101011000110101001010010001111000001110101111
1110010000101101000111000101100100001111011100000101111
1110010000101101000111000101100100101110111100001101111
1110010000101101000111000101100100110001111101110101111
1110010000101101000111001001100010001111011100000101111
1110010000101101000111001001100010101110111100001101111
1110010000101101000111001001100010110001111101110101111
1110010000101101100111001101101010011110011100001101111
1110010000101101100111010101100110011110011100001101111
1110010000101111000111100101110100011110011101111101111
1110010000101111000111101001110010011110011101111101111
1110100000100011001100100110010101010000000011110100100
1110100000100011001100101010010011010000000011110100100
1110100000101001100110001101001010110001100010001100100
1110100000101001100110010101000110110001100010001100100
1110100000101010010110001101001010011100000101000100001
1110100000101010010110010101000110011100000101000100001
1110100000101011000110011001010100011100000101010110101
1110100000101011000110100101010100110001100011111100100
1110100000101011000110101001001100011100000101010110101
1110100000101011000110101001010010110001100011111100100
1110100000101101000111000101100100110001111110001100100
1110100000101101000111001001100010110001111110001100100
1111000000000011110101010001100010100100100010001100100
1111000000000011110101010001100100100010100010001100100
1111000000000011110101100001100100101000000111000100000
1111000000000011110101100001100100101000111001011111111
1111000000000011110101100001101000100100000111000100000
1111000000000011110101100001101000100100111001011111111
1111000000100100110100011100010110000001100001000000101
1111000000100100110100101100001110000001100001000000101
1111000000100101100101001100101010010000011100000101111
1111000000100101100101010100100110010000011100000101111
1111000000100110010100110100101010000001101001100100101
1111000000100110010101001100101010000001000111000100001
1111000000100110010101010100011010000001101001100100101
1111000000100110010101010100100110000001000111000100001
1111000000100110100101100010110010001000110000111000101
1111000000100110100101100100110001001000110000111000101
1111000000100111000101011000110100000001000111010110101
1111000000100111000101100100110100000001100011110100100
1111000000100111000101101000101100000001000111010110101
1111000000100111000101101000110010000001100011110100100
1111000000101001001110000111000101101110100000001100100
1111000000101001001110001011000011101110100000001100100
1111000000101001100110001101001010101110100000001101111
1111000000101001100110010101000110101110100000001101111
1111000000101010010110001101001010111100000101000100001
1111000000101010010110010101000110111100000101000100001
1111000000101011000110011001010100111100000101010110101
1111000000101011000110100101010100101110100001111101111
1111000000101011000110101001001100111100000101010110101
1111000000101011000110101001010010101110100001111101111
1111000000101011100110101101011010111110100001111101111
1111000000101011100110110101010110111110100001111101111
1111000000101100010110010101010010111001101001100100101
1111000000101100010110010101010010111010101001100100011
1111000000101100010110010101010010111100101001100100010
1111000000101100010110010101010010111100101001100100011
1111000000101100010110010101010010111100101001100100111
1111000000101100010110100101001010111001101001100100101
1111000000101100010110100101001010111010101001100100011
1111000000101100010110100101001010111100101001100100010
1111000000101100010110100101001010111100101001100100011
1111000000101100010110100101001010111100101001100100111
1111000000101100100110011001010100111001100101010010000
1111000000101100100110011001010100111001100101010010001
1111000000101100100110011001010100111001100101010010101
1111000000101100100110011001010100111010100101010010001
1111000000101100100110011001010100111100100101010010010
1111000000101100100110011001010100111100100101010010011
1111000000101100100110011001010100111100100101010010101
1111000000101100100110101001001100111001100101010010000
1111000000101100100110101001001100111001100101010010001
1111000000101100100110101001001100111001100101010010101
1111000000101100100110101001001100111010100101010010001
1111000000101100100110101001001100111100100101010010010
1111000000101100100110101001001100111100100101010010011
1111000000101100100110101001001100111100100101010010101
1111000000101101000111000101100100011110011100000101111
1111000000101101000111000101100100101110111100001101111
1111000000101101000111001001100010011110011100000101111
1111000000101101000111001001100010101110111100001101111
1111000000101101100111001101101010111110111100001101111
1111000000101101100111010101100110111110111100001101111
1111000000101110000110110001101000111001101001100100110
1111000000101110000110110001101000111001101101110110101
1111000000101110000110110001101000111010101001100100010
1111000000101110000110110001101000111010101001100100101
1111000000101110000110110001101000111100100101010010001
1111000000101110000110110001101000111100101101110110010
1111000000101110000110110001101000111100101101110110011
1111000000101110000110110001101000111100101101110110111
1111000000101110000111001001101000011101000111010110101
1111000000101110000111001001101000111100111001010110101
1111000000101110000111010001011000111001101001100100110
1111000000101110000111010001011000111001101101110110101
1111000000101110000111010001011000111010101001100100010
1111000000101110000111010001011000111010101001100100101
1111000000101110000111010001011000111100100101010010001
1111000000101110000111010001011000111100101101110110010
1111000000101110000111010001011000111100101101110110011
1111000000101110000111010001011000111100101101110110111
1111000000101110000111010001100100011101000111010110101
1111000000101110000111010001100100111100111001010110101
1111000000101110010111001101101010111110111101001101011
1111000000101110010111010101100110111110111101001101011
1111000000111000001101100011100101101001111001010110100
1111000000111000001101100011101001100101111001010110100
1111000000111000001101110001101100110100111001011111110
1111000000111000001101110001110100101100111001011111110
1111000000111000010101001101001110010110100001000000001
1111000000111000010101001101010110001110100001000000001
1111000000111000010101100101011010101010101001100100011
1111000000111000010101100101101010011010101001100100011
1111000000111000010101101001011100101100100101010010001
1111000000111000010101101001101100011100100101010010001
1111000000111000010101110001101100110100000111000100000
1111000000111000010101110001110100101100000111000100000
1111000000111000100101001101001110010110100001000000010
1111000000111000100101001101001110010110100001000000011
1111000000111000100101001101001110010110100001000000101
1111000000111000100101001101010110001110100001000000010
1111000000111000100101001101010110001110100001000000011
1111000000111000100101001101010110001110100001000000101
1111000000111000100101101001011100101100100101010010010
1111000000111000100101101001011100101100100101010010011
1111000000111000100101101001011100101100100101010010101
1111000000111000100101101001101100011100100101010010010
1111000000111000100101101001101100011100100101010010011
1111000000111000100101101001101100011100100101010010101
1111000000111010000101011001100110101010100010001100100
1111000000111010000101011001101010100110100010001100100
1111000000111010000101110001110010110100011101110101111
1111000000111010000101110001110010110100100011111100100
1111000000111010000101110001110100110010011101110101111
1111000000111010000101110001110100110010100011111100100
1111000000111100000100110101001110010110000101000100001
1111000000111100000100110101010110001110000101000100001
1111000000111100000101011001100110101010111100001101111
1111000000111100000101011001101010100110111100001101111
1111000000111100000101100011100101101001111101010110101
1111000000111100000101100011101001100101111101010110101
1111000000111100000101100101100110101010111001000100001
1111000000111100000101100101100110101010111101001101011
1111000000111100000101100101101010100110111001000100001
1111000000111100000101100101101010100110111101001101011
1111000000111100000101110001101100110100111001010110101
1111000000111100000101110001110100101100111001010110101
1111000000111100010101110101101110110110111101001101011
1111000000111100010101110101110110101110111101001101011
1111100000011101001001011101010011100111111010100010101
1111100000101011010110101010101101101011001110010100101
1111100000101100011110111000111001100111011110010100101
1111100000101100011111000111010101101111011110000000000
1111100000101101001111000111100101101111111110000100100
1111100000101101001111000111100101111110111110001100100
1111100000101101001111001011100011101111111110000100100
1111100000101101001111001011100011111110111110001100100
1111100000101110100101110010100111001011011111000110101
1111100000110011100101001111111001001011101101010101010
1111100000110011100101001111111001010011011101100110111
1111100000110011100101100111101101000111110101100101110
1111100000110011100101100111101101001011101101010110011
1111100000110100011111001101110011011101011111000010001
1111100000111100001111000111100111101111111110000000000
