q,r,ordinal,body_hex,truncated_mass,full_mass,truncated_scaled_ticks,full_scaled_ticks
50,586,0,003c6601,4009874299302870,4009874299302870,145728886675508010,145728886675508010
50,586,1,003d6401,4148809363093762,4148809363093762,154481795694334206,154481795694334206
50,586,2,0054540b,4537076632372836,4537076632372836,178942633658915868,178942633658915868
50,586,3,010cc40b,4758372235893646,4766035980307686,192884256680726898,193367072578811418
50,586,4,010ccc03,4324703942952582,4324703942952582,165563154225439866,165563154225439866
50,586,5,010d5405,4193358128910840,4193358128910840,157288367940810120,157288367940810120
50,586,6,010d540c,4405827045860410,4405827045860410,170673909708633030,170673909708633030
50,586,7,010d5421,4215461229268172,4215461229268172,158680863263322036,158680863263322036
50,586,8,010d5501,4282929630664948,4282929630664948,162931372551318924,162931372551318924
50,586,9,010d5c04,4338422181467638,4338422181467638,166427403251888394,166427403251888394
50,586,10,010dc403,4355948339844082,4355948339844082,167531551229604366,167531551229604366
50,586,11,010dd401,4399058010650188,4399058010650188,170247460490389044,170247460490389044
50,586,12,010f5404,4280325450651122,4280325450651122,162767309210447886,162767309210447886
50,586,13,01117405,4327277987960746,4327277987960746,165725319060954198,165725319060954198
50,586,14,0111e403,4535477715906306,4535477715906306,178841901921524478,178841901921524478
50,586,15,0111e405,4480169106595806,4480169106595806,175357459534962978,175357459534962978
50,586,16,0111f401,4577981837358254,4577981837358254,181519661572997202,181519661572997202
50,586,17,01145407,4274411491569816,4274411491569816,162394729788325608,162394729788325608
50,586,18,01145423,4185526342368876,4185526342368876,156794965388666388,156794965388666388
50,586,19,01145503,4102607983475616,4102607983475616,151571108778391008,151571108778391008
50,586,20,01146407,4251724016389260,4251724016389260,160965418851950580,160965418851950580
50,586,21,01146423,4158489513165060,4158489513165060,155091645148825980,155091645148825980
50,586,22,01146503,4104316033100760,4104316033100760,151678715904775080,151678715904775080
50,586,23,01146702,4273874188246500,4273874188246500,162360879678956700,162360879678956700
50,586,24,01146d02,4609421208226440,4609421208226440,183500341937692920,183500341937692920
50,586,25,01147601,4045640522642092,4045640522642092,147982158745878996,147982158745878996
50,586,26,01147604,4101604451920074,4101604451920074,151507886290391862,151507886290391862
50,586,27,01147608,4192123207492582,4192123207492582,157210567891459866,157210567891459866
50,586,28,0114d403,4289670412951596,4289670412951596,163356041835377748,163356041835377748
50,586,29,0114e20a,4369980738755646,4369980738755646,168415592361032898,168415592361032898
50,586,30,0114e403,4270134549797196,4270134549797196,162125282456650548,162125282456650548
50,586,31,01196405,4131472713765020,4131472713765020,153389586786623460,153389586786623460
50,586,32,01196421,4220628563361340,4220628563361340,159006405311191620,159006405311191620
50,586,33,01196501,4330861979454478,4330861979454478,165951110525059314,165951110525059314
50,586,34,0119e401,4359225828852544,4359225828852544,167738033037137472,167738033037137472
50,586,35,011c408d,4901454093570792,4901454093570792,201898413714387096,201898413714387096
50,586,36,011c409c,4710844476577434,4710844476577434,189890007843805542,189890007843805542
50,586,37,011c40cc,4506583177312434,4506583177312434,177021545990110542,177021545990110542
50,586,38,011c418c,4565411223881022,4565411223881022,180727712923931586,180727712923931586
50,586,39,011c428c,4622251773077808,4622251773077808,184308667523329104,184308667523329104
50,586,40,011c4407,4165246272063252,4165246272063252,155517320959412076,155517320959412076
50,586,41,011c440d,4447426704717948,4447426704717948,173294688216657924,173294688216657924
50,586,42,011c4415,4300462045867692,4300462045867692,164035914709091796,164035914709091796
50,586,43,011c4425,4375375643002152,4375375643002152,168755471328562776,168755471328562776
50,586,44,011c4445,4367147166472092,4367147166472092,168237077307168996,168237077307168996
50,586,45,011c4485,4214419611392454,4214419611392454,158615241337151802,158615241337151802
50,586,46,011c448c,4378605957458292,4378605957458292,168958981139299596,168958981139299596
50,586,47,011c4505,4208939427396600,4208939427396600,158269989745413000,158269989745413000
50,586,48,011c4605,4022123100389976,4022123100389976,146500561143995688,146500561143995688
50,586,49,011c4606,4306167193778196,4306167193778196,164395339027453548,164395339027453548
50,586,50,011c460c,4134239519809464,4134239519809464,153563895567423432,153563895567423432
50,586,51,011c4614,4391443630018466,4391443630018466,169767754510590558,169767754510590558
50,586,52,011c4624,4470468952840396,4470468952840396,174746349848372148,174746349848372148
50,586,53,011c4644,4425648248959226,4425648248959226,171922645503858438,171922645503858438
50,586,54,011c4684,4406532256191830,4406532256191830,170718337959512490,170718337959512490
50,586,55,011c4704,4283319330530854,4283319330530854,162955923642871002,162955923642871002
50,586,56,011c4c05,4313158792319676,4313158792319676,164835809735566788,164835809735566788
50,586,57,011c4c0c,4478117682647214,4478117682647214,175228219826201682,175228219826201682
50,586,58,011c4e04,4468306728314600,4468306728314600,174610129703247000,174610129703247000
50,586,59,011c5188,4483024387814916,4483024387814916,175537342251766908,175537342251766908
50,586,60,011c5405,4037287927077744,4037287927077744,147455945225325072,147455945225325072
50,586,61,011c5421,4126702300941696,4126702300941696,153089050778754048,153089050778754048
50,586,62,011c5501,4202407622534340,4202407622534340,157858486039090620,157858486039090620
50,586,63,011c5604,4049970854086748,4049970854086748,148254969626892324,148254969626892324
50,586,64,011c6109,4669784781289872,4669784781289872,187303247040689136,187303247040689136
50,586,65,011c6188,4489782293245380,4489782293245380,175963090293886140,175963090293886140
50,586,66,011c6308,4348834213490414,4348834213490414,167083361269323282,167083361269323282
50,586,67,011c6405,3870950169836688,3870950169836688,136976666519138544,136976666519138544
50,586,68,011c6421,3962301912445680,3962301912445680,142731826303505040,142731826303505040
50,586,69,011c6484,4367649932919426,4367649932919426,168268751593351038,168268751593351038
50,586,70,011c64a0,4492744253858358,4492744253858358,176149693812503754,176149693812503754
50,586,71,011c6501,4078826157386364,4078826157386364,150072853734768132,150072853734768132
50,586,72,011c6580,4613049455464242,4613049455464242,183728921513674446,183728921513674446
50,586,73,011c6604,4059771369722028,4059771369722028,148872402111914964,148872402111914964
50,586,74,011c6620,4199564538841380,4199564538841380,157679371766434140,157679371766434140
50,586,75,011c6700,4350073152459102,4350073152459102,167161414424350626,167161414424350626
50,586,76,011c6c04,4424032861991796,4424032861991796,171820876124910348,171820876124910348
50,586,77,011c6c20,4583747337416880,4583747337416880,181882888076690640,181882888076690640
50,586,78,011c6d00,4717294935585120,4717294935585120,190296386761289760,190296386761289760
50,586,79,011c7401,4075270890151440,4075270890151440,149848871898967920,149848871898967920
50,586,80,011cc00d,4645826394955404,4645826394955404,185793868701617652,185793868701617652
50,586,81,011cc08c,4368862118724750,4368862118724750,168345119299086450,168345119299086450
50,586,82,011cc209,4685989163314276,4685989163314276,188324123108226588,188324123108226588
50,586,83,011cc20a,4249628062818250,4249628062818250,160833373776976950,160833373776976950
50,586,84,011cc20c,4210324372643760,4210324372643760,158357241295984080,158357241295984080
50,586,85,011cc403,4186085480235396,4186085480235396,156830191074257148,156830191074257148
50,586,86,011cc405,4172375402494044,4172375402494044,155966456176551972,155966456176551972
50,586,87,011cc409,4913548811731680,4913548811731680,202660380958523040,202660380958523040
50,586,88,011cc411,4444318341928356,4444318341928356,173098861360913628,173098861360913628
50,586,89,011cc421,4413721723611876,4413721723611876,171171274406975388,171171274406975388
50,586,90,011cc441,4722406851653316,4722406851653316,190618437473586108,190618437473586108
50,586,91,011cc481,4545213442720506,4545213442720506,179455252710819078,179455252710819078
50,586,92,011cc501,4750207056263700,4750207056263700,192369850364040300,192369850364040300
50,586,93,011cc601,4281664911724176,4281664911724176,162851695258050288,162851695258050288
50,586,94,011cc602,4239191079184160,4239191079184160,160175843808029280,160175843808029280
50,586,95,011cc604,4203783409946968,4203783409946968,157945160646086184,157945160646086184
50,586,96,011ccc01,4708176592175676,4708176592175676,189721931126494788,189721931126494788
50,586,97,011cd009,4646158907979720,4646158907979720,185814817022149560,185814817022149560
50,586,98,011cd088,4373260038589596,4373260038589596,168622188250571748,168622188250571748
50,586,99,011cd208,4232702210534166,4232702210534166,159767045083079658,159767045083079658
50,586,100,011cd401,4326412524408900,4326412524408900,165670794857187900,165670794857187900
50,586,101,011ce009,4561633966478280,4561633966478280,180489745707558840,180489745707558840
50,586,102,011ce088,4377216503122020,4377216503122020,168871445516114460,168871445516114460
50,586,103,011ce208,4165871876302542,4165871876302542,155556734026487346,155556734026487346
50,586,104,011ce401,4145238845412300,4145238845412300,154256853080402100,154256853080402100
50,586,105,011ce480,4637419168765350,4637419168765350,185264213451644250,185264213451644250
50,586,106,011ce600,4345953377932048,4345953377932048,166901868629146224,166901868629146224
50,586,107,011cec00,4730975445729876,4730975445729876,191158258900409388,191158258900409388
50,586,108,011d3500,4508091814284500,4508091814284500,177116590119350700,177116590119350700
50,586,109,011d4405,4193535206185746,4193535206185746,157299523809129198,157299523809129198
50,586,110,011d4406,4415047335832526,4415047335832526,171254787976876338,171254787976876338
50,586,111,011d440c,4364519020603764,4364519020603764,168071504117464332,168071504117464332
50,586,112,011d4414,4554037469838406,4554037469838406,180011166419246778,180011166419246778
50,586,113,011d4424,4590605744960126,4590605744960126,182314967751915138,182314967751915138
50,586,114,011d4444,4577573842606326,4577573842606326,181493957903625738,181493957903625738
50,586,115,011d4484,4462014700042764,4462014700042764,174213731922121332,174213731922121332
50,586,116,011d4504,4433936991966994,4433936991966994,172444836313347822,172444836313347822
50,586,117,011d4604,4470228685721348,4470228685721348,174731213019872124,174731213019872124
50,586,118,011d4c04,4596314835118134,4596314835118134,182674640431869642,182674640431869642
50,586,119,011d5404,4195596097800900,4195596097800900,157429359980883900,157429359980883900
50,586,120,011d6404,4188446520471078,4188446520471078,156978936609105114,156978936609105114
50,586,121,011d6420,4341674997937670,4341674997937670,166632330689500410,166632330689500410
50,586,122,011d6500,4466490292581374,4466490292581374,174495694252053762,174495694252053762
50,586,123,011db400,4539188764130840,4539188764130840,179075697959670120,179075697959670120
50,586,124,011dc401,4477240350611070,4477240350611070,175172947907924610,175172947907924610
50,586,125,011dc402,4377983001336202,4377983001336202,168919734903607926,168919734903607926
50,586,126,011dc404,4341327111790330,4341327111790330,166610413862217990,166610413862217990
50,586,127,011de400,4486130481914810,4486130481914810,175733026180060230,175733026180060230
50,586,128,011e4405,4120479647966172,4120479647966172,152697023641296036,152697023641296036
50,586,129,011e4406,4342891394279160,4342891394279160,166708963659014280,166708963659014280
50,586,130,011e440c,4215024001071066,4215024001071066,158653317886904358,158653317886904358
50,586,131,011e4414,4447466772700260,4447466772700260,173297212499543580,173297212499543580
50,586,132,011e4424,4480384186736160,4480384186736160,175371009583805280,175371009583805280
50,586,133,011e4444,4516176165269310,4516176165269310,177625904231393730,177625904231393730
50,586,134,011e4484,4468704694621146,4468704694621146,174635201580559398,174635201580559398
50,586,135,011e4504,4305125345371056,4305125345371056,164329702577803728,164329702577803728
50,586,136,011e4604,4229893500472492,4229893500472492,159590096349194196,159590096349194196
50,586,137,011e4c04,4499886555183276,4499886555183276,176599658795973588,176599658795973588
50,586,138,011e5404,4181254099660572,4181254099660572,156525814098043236,156525814098043236
50,586,139,011e5420,4235035561188516,4235035561188516,159914046174303708,159914046174303708
50,586,140,011e5500,4301457970781208,4301457970781208,164098657978643304,164098657978643304
50,586,141,011e6108,4437580004431920,4437580004431920,172674346098638160,172674346098638160
50,586,142,011e6404,4297569822702552,4297569822702552,163853704649687976,163853704649687976
50,586,143,011e6420,4437311506214796,4437311506214796,172657430710959348,172657430710959348
50,586,144,011e6500,4540957788922488,4540957788922488,179187146521543944,179187146521543944
50,586,145,011ec00c,4172311334296374,4172311334296374,155962419880098762,155962419880098762
50,586,146,011ec208,4268207013241198,4268207013241198,162003847653622674,162003847653622674
50,586,147,011ec401,4391973535535556,4391973535535556,169801138558167228,169801138558167228
50,586,148,011ec402,4243358091010536,4243358091010536,160438365553090968,160438365553090968
50,586,149,011ec404,4236658038357912,4236658038357912,160016262235975656,160016262235975656
50,586,150,011ec408,4494951045124032,4494951045124032,176288721662241216,176288721662241216
50,586,151,011ec410,4499733685490316,4499733685490316,176590028005317108,176590028005317108
50,586,152,011ec420,4524548470694076,4524548470694076,178153359473153988,178153359473153988
50,586,153,011ec440,4832179841289306,4832179841289306,197534135820653478,197534135820653478
50,586,154,011ec480,4736341155373182,4736341155373182,191496298607937666,191496298607937666
50,586,155,011ec500,4854952473195648,4854952473195648,198968811630753024,198968811630753024
50,586,156,011ec600,4476008595137324,4476008595137324,175095347313078612,175095347313078612
50,586,157,011ecc00,4790235704441568,4790235704441568,194891655199245984,194891655199245984
50,586,158,011ed008,4219044217836912,4219044217836912,158906591543152656,158906591543152656
50,586,159,011ed080,4556730105118872,4556730105118872,180180802441916136,180180802441916136
50,586,160,011ed400,4410749318054148,4410749318054148,170984012856838524,170984012856838524
50,586,161,011ee008,4316590783130748,4316590783130748,165052025156664324,165052025156664324
50,586,162,011ee400,4574183157731064,4574183157731064,181280344756484232,181280344756484232
50,586,163,011f4404,4292950393680198,4292950393680198,163562680621279674,163562680621279674
50,586,164,011fc400,4550720476065282,4550720476065282,179802195811539966,179802195811539966
50,586,165,011fd000,4374291502284812,4374291502284812,168687170463370356,168687170463370356
50,586,166,012c5604,4430253853727106,4460552378154706,172212798604234878,174121605643173678
50,586,167,012cc403,4118166704910426,4118166704910426,152551308228784038,152551308228784038
50,586,168,012cc481,4279643763734274,4279643763734274,162724362934686462,162724362934686462
50,586,169,012cc601,4262695450161184,4262695450161184,161656619179581792,161656619179581792
50,586,170,012cc602,4081206278533460,4081206278533460,150222801367035180,150222801367035180
50,586,171,012cc604,4129967987805396,4129967987805396,153294789051167148,153294789051167148
50,586,172,012ccc01,4268952321686874,4268952321686874,162050802085700262,162050802085700262
50,586,173,012ce480,4430662367029608,4430662367029608,172238534942292504,172238534942292504
50,586,174,012ce600,4340996147477086,4340996147477086,166589563110483618,166589563110483618
50,586,175,012cec00,4290005538915744,4290005538915744,163377154771119072,163377154771119072
50,586,176,012d5404,4434859056693058,4434859056693058,172502926391089854,172502926391089854
50,586,177,012dc401,4263533818815218,4263533818815218,161709436404785934,161709436404785934
50,586,178,012de400,4278404006795688,4278404006795688,162646258247555544,162646258247555544
50,586,179,012ec600,4402443425914862,4402443425914862,170460741652063506,170460741652063506
50,586,180,01307405,4506290024340234,4506290024340234,177003077352861942,177003077352861942
50,586,181,0131e401,4410254036525064,4410254036525064,170952810120506232,170952810120506232
50,586,182,01346403,4079595930790716,4079595930790716,150121349459242308,150121349459242308
50,586,183,01346405,4083553546188984,4083553546188984,150370679229333192,150370679229333192
50,586,184,01346409,4446481545685380,4446481545685380,173235143197606140,173235143197606140
50,586,185,01346411,4162696793958336,4162696793958336,155356703838802368,155356703838802368
50,586,186,01346421,4140770668336056,4140770668336056,153975357924598728,153975357924598728
50,586,187,01346441,4435289211540906,4435289211540906,172530026146504278,172530026146504278
50,586,188,01346481,4186007428696350,4186007428696350,156825273827297250,156825273827297250
50,586,189,01346501,4123586079976920,4123586079976920,152892728857973160,152892728857973160
50,586,190,01346601,3963519811792672,3963519811792672,142808553962365536,142808553962365536
50,586,191,01346604,4158943814614904,4158943814614904,155120266140166152,155120266140166152
50,586,192,01346608,4162787424768312,4162787424768312,155362413579830856,155362413579830856
50,586,193,01346c01,4370770641657720,4370770641657720,168465356243863560,168465356243863560
50,586,194,01347401,4458697384187850,4458697384187850,174004741023261750,174004741023261750
50,586,195,0134e401,4207203216985500,4207203216985500,158160608489513700,158160608489513700
50,586,196,01356401,4189702028389994,4189702028389994,157058033607996822,157058033607996822
50,586,197,01366401,4337000956171962,4337000956171962,166337866058260806,166337866058260806
50,586,198,013c4405,3974174152231044,3974174152231044,143479777409982972,143479777409982972
50,586,199,013c4421,4121028533270976,4121028533270976,152731603415498688,152731603415498688
50,586,200,013c4501,4126782975161880,4126782975161880,153094133254625640,153094133254625640
50,586,201,013c4604,4071426350049898,4071426350049898,149606665872570774,149606665872570774
50,586,202,013c6401,3900518556388800,3900518556388800,138839474871921600,138839474871921600
50,586,203,013cc009,4546326507040260,4546326507040260,179525375762963580,179525375762963580
50,586,204,013cc401,4172659960242000,4172659960242000,155984383314673200,155984383314673200
50,586,205,013d4404,4200258116011010,4200258116011010,157723067128120830,157723067128120830
50,586,206,013e4404,4086926138678532,4086926138678532,150583152556174716,150583152556174716
50,586,207,013e4420,4213289020237596,4213289020237596,158544014094395748,158544014094395748
50,586,208,013e4500,4255514681176908,4255514681176908,161204230733572404,161204230733572404
50,586,209,013ec008,4115018132656272,4115018132656272,152352948176772336,152352948176772336
50,586,210,013ec080,4491372725118732,4491372725118732,176063287501907316,176063287501907316
50,586,211,013ec400,4262793156953268,4262793156953268,161662774707483084,161662774707483084
50,586,212,013fc000,4287775907630052,4287775907630052,163236688000120476,163236688000120476
50,586,213,01544407,4233608989713372,4233608989713372,159824172171369636,159824172171369636
50,586,214,01545604,4153866250420114,4153866250420114,154800379595894382,154800379595894382
50,586,215,0154c403,4349090425036146,4349090425036146,167099502596704398,167099502596704398
50,586,216,01596404,4672880968153450,4672880968153450,187498306813094550,187498306813094550
50,586,217,015c4405,3968577546135252,3968577546135252,143127191225948076,143127191225948076
50,586,218,015c440c,4153292930670456,4153292930670456,154764260451665928,154764260451665928
50,586,219,015c4604,4167444283259570,4167444283259570,155655795664780110,155655795664780110
50,586,220,015c6009,4950886633862406,4950886633862406,205012663752758778,205012663752758778
50,586,221,015c6208,4649782001875846,4649782001875846,186043071937605498,186043071937605498
50,586,222,015c6401,4277874605229588,4277874605229588,162612905948891244,162612905948891244
50,586,223,015c6404,4477137071810754,4477137071810754,175166441343504702,175166441343504702
50,586,224,015c6420,4653207415496466,4653207415496466,186258872995704558,186258872995704558
50,586,225,015c6500,4797321243829530,4797321243829530,195338044180687590,195338044180687590
50,586,226,015cc208,4230428519983574,4230428519983574,159623802578392362,159623802578392362
50,586,227,015cc401,4303929449246844,4303929449246844,164254361121978372,164254361121978372
50,586,228,015cc408,4446526317066720,4446526317066720,173237963794630560,173237963794630560
50,586,229,015ce400,4838382529559436,4838382529559436,197924905181671668,197924905181671668
50,586,230,015d4404,4245045013577378,4245045013577378,160544641674802014,160544641674802014
50,586,231,015e4404,4319383527978444,4319383527978444,165227968082069172,165227968082069172
50,586,232,015ec400,4637198638763058,4637198638763058,185250320061499854,185250320061499854
50,586,233,01744403,4120512011839506,4120512011839506,152699062565316078,152699062565316078
50,586,234,01744405,4129694882334966,4129694882334966,153277583406530058,153277583406530058
50,586,235,01746401,4367826199905804,4367826199905804,168279856413492852,168279856413492852
50,586,236,0174c401,4358927922747204,4358927922747204,167719264952501052,167719264952501052
50,586,237,017cc008,4173934257777600,4173934257777600,156064664059416000,156064664059416000
50,586,238,01916405,4541032461039750,4541032461039750,179191850864931450,179191850864931450
50,586,239,01946405,4344646832464638,4344646832464638,166819556264699394,166819556264699394
50,586,240,019c4405,4272114563931450,4272114563931450,162250023347108550,162250023347108550
50,586,241,019c4604,4387653047937354,4387653047937354,169528947839480502,169528947839480502
50,586,242,019c5401,4569335344230930,4569335344230930,180974932505975790,180974932505975790
50,586,243,019cc401,4728475908647550,4728475908647550,191000788064222850,191000788064222850
50,586,244,019d4404,4492223596314034,4492223596314034,176116892387211342,176116892387211342
50,586,245,019e4404,4418910590044446,4418910590044446,171498172992227298,171498172992227298
50,586,246,019ec400,4816917528879258,4816917528879258,196572610138820454,196572610138820454
50,586,247,019ed000,4591417711747068,4591417711747068,182366121659492484,182366121659492484
50,586,248,01b06608,4726966598977168,4726966598977168,190905701554988784,190905701554988784
50,586,249,01b16401,4610445022719484,4610445022719484,183564842250754692,183564842250754692
50,586,250,01b46401,4386932826683010,4386932826683010,169483573900456830,169483573900456830
50,586,251,01bc2401,3994146630063630,3994146630063630,144738043513435890,144738043513435890
50,586,252,01bc4401,4424921570184690,4424921570184690,171876864741062670,171876864741062670
50,586,253,01bec000,4474764787954248,4474764787954248,175016987460544824,175016987460544824
50,586,254,01d42601,4274301374099292,4274301374099292,162387792387682596,162387792387682596
50,586,255,01d44405,4408421831336292,4408421831336292,170837381193613596,170837381193613596
50,586,256,01d4c401,4803521430284664,4803521430284664,195728655927361032,195728655927361032
50,586,257,020c5c81,4721539297626642,4721539297626642,190563781569905646,190563781569905646
50,586,258,020c7481,4387875122108976,4387875122108976,169542938512292688,169542938512292688
50,586,259,020c7601,4383632505664158,4383632505664158,169275653676269154,169275653676269154
50,586,260,020d5481,4625120818948366,4625120818948366,184489417413174258,184489417413174258
50,586,261,020d7401,4324372721102020,4324372721102020,165542287248854460,165542287248854460
50,586,262,020dd401,4803603692521846,4803603692521846,195733838448303498,195733838448303498
50,586,263,020e5481,4589618137429950,4589618137429950,182252748477514050,182252748477514050
50,586,264,021d5401,4522491120417278,4522491120417278,178023746405715714,178023746405715714
50,586,265,021d5408,4777016997345648,4777016997345648,194058876652203024,194058876652203024
50,586,266,021e5408,4634974487281986,4634974487281986,185110198518192318,185110198518192318
50,586,267,023d4408,4802982418275468,4802982418275468,195694698170781684,195694698170781684
50,586,268,024c5481,4476569426856540,4476569426856540,175130679711389220,175130679711389220
50,586,269,024cd009,5062403897551720,5063092500379620,212038251365185560,212081633343343260
50,586,270,025c4409,4710665321848512,4710665321848512,189878721095883456,189878721095883456
50,586,271,025c4481,4438855269680982,4438855269680982,172754687809329066,172754687809329066
50,586,272,025c4601,4181241161324382,4181241161324382,156524998982863266,156524998982863266
50,586,273,025c5009,4723452944979822,4723452944979822,190684341353155986,190684341353155986
50,586,274,025c5208,4432716017911602,4432716017911602,172367914947858126,172367914947858126
50,586,275,025d4401,4277822679981162,4277822679981162,162609634658240406,162609634658240406
50,586,276,025e5008,4495600501774782,4495600501774782,176329637431238466,176329637431238466
50,586,277,026c4481,4360248653493600,4360248653493600,167802470989524000,167802470989524000
50,586,278,026c4601,4346430204659030,4346430204659030,166931908712946090,166931908712946090
50,586,279,026d4401,4276121107564120,4276121107564120,162502435595966760,162502435595966760
50,586,280,03086609,4835017160508418,4835017160508418,197712886931457534,197712886931457534
50,586,281,0308f208,4655750183900244,4655750183900244,186419067405142572,186419067405142572
50,586,282,03096409,4720095693599260,4720095693599260,190472834516180580,190472834516180580
50,586,283,0309e401,4729519319409430,4729519319409430,191066522942221290,191066522942221290
50,586,284,030c4c03,4384425970880022,4384425970880022,169325641984868586,169325641984868586
50,586,285,030c4c05,4203708049433508,4203708049433508,157940412933738204,157940412933738204
50,586,286,030c4c09,4842201048465054,4842201048465054,198165471872725602,198165471872725602
50,586,287,030c4c11,4449437744004012,4449437744004012,173421383691679956,173421383691679956
50,586,288,030c4c21,4316017977438282,4316017977438282,165015938398038966,165015938398038966
50,586,289,030c4c41,4751386524660612,4751386524660612,192444156873045756,192444156873045756
50,586,290,030c4c81,4780684324563474,4780684324563474,194289918266926062,194289918266926062
50,586,291,030c4d01,4543499228105124,4543499228105124,179347257190050012,179347257190050012
50,586,292,030c4e01,4431881865676870,4431881865676870,172315363357070010,172315363357070010
50,586,293,030c4e08,4591538012690920,4591538012690920,182373700618955160,182373700618955160
50,586,294,030c5481,4459373922697014,4459373922697014,174047362949339082,174047362949339082
50,586,295,030c5601,4397189445030484,4397189445030484,170129740856347692,170129740856347692
50,586,296,030c5602,4329011552435140,4329011552435140,165834533622841020,165834533622841020
50,586,297,030c5604,4237997506574276,4237997506574276,160100648733606588,160100648733606588
50,586,298,030c5608,4536477926908144,4536477926908144,178904915214640272,178904915214640272
50,586,299,030c5610,4530956818063200,4530956818063200,178557085357408800,178557085357408800
50,586,300,030c5680,4686990752423330,4686990752423330,188387223222096990,188387223222096990
50,586,301,030c5c01,4398442112697714,4398442112697714,170208658919383182,170208658919383182
50,586,302,030c6481,4399809319530078,4399809319530078,170294792949822114,170294792949822114
50,586,303,030c6601,4287197943667970,4287197943667970,163200276270509310,163200276270509310
50,586,304,030c6608,4483724817838460,4483724817838460,175581469343250180,175581469343250180
50,586,305,030c6c01,4266417491559948,4266417491559948,161891107787703924,161891107787703924
50,586,306,030c7600,4493569561287556,4493569561287556,176201688180543228,176201688180543228
50,586,307,030cc403,4803940093567516,4811603837981556,195755031714180708,196237847612265228
50,586,308,030cc405,4722590674591222,4730254419005262,190630018318674186,191112834216758706
50,586,309,030cc409,5368236159027118,5375899903441158,231305683838135634,231788499736220154
50,586,310,030cc411,4896922579981866,4896922579981866,201612928358284758,201612928358284758
50,586,311,030cc421,4863332102139706,4870995846553746,199496728254228678,199979544152313198
50,586,312,030cc441,5211174096257926,5218837840671966,221410773883676538,221893589781761058
50,586,313,030cc481,4914255512682774,4914255512682774,202704903118441962,202704903118441962
50,586,314,030cc501,5240055934712458,5247719679126498,223230329706312054,223713145604396574
50,586,315,030cc601,4805812355216534,4805812355216534,195872984198068842,195872984198068842
50,586,316,030cc608,4941692351838624,4941692351838624,204433423985260512,204433423985260512
50,586,317,030ccc01,4870394670107694,4870394670107694,199941670036211922,199941670036211922
50,586,318,030cd088,4660407658856004,4660407658856004,186712488327355452,186712488327355452
50,586,319,030cd280,4845690364245970,4845690364245970,198385298766923310,198385298766923310
50,586,320,030cd401,4836544898842818,4836544898842818,197809134446524734,197809134446524734
50,586,321,030ce401,4779869911038298,4787533655452338,194238610214839974,194721426112924494
50,586,322,030cf200,4601638589683756,4601638589683756,183010036969503828,183010036969503828
50,586,323,030d4c01,4559983607910258,4559983607910258,180385773117773454,180385773117773454
50,586,324,030d5401,4377230185553798,4377230185553798,168872307509316474,168872307509316474
50,586,325,030d5402,4350386263251002,4350386263251002,167181140404240326,167181140404240326
50,586,326,030d5404,4247953132394778,4247953132394778,160727853160298214,160727853160298214
50,586,327,030d5408,4602357553350648,4602357553350648,183055331680518024,183055331680518024
50,586,328,030d5410,4564203954485002,4564203954485002,180651654951982326,180651654951982326
50,586,329,030d5480,4722538528922708,4722538528922708,190626733141557804,190626733141557804
50,586,330,030d6401,4221169280490082,4221169280490082,159040470490302366,159040470490302366
50,586,331,030d6408,4513872184208002,4513872184208002,177480753424531326,177480753424531326
50,586,332,030d7400,4502517494878968,4502517494878968,176765407996802184,176765407996802184
50,586,333,030dc401,4795995677526798,4795995677526798,195254533503615474,195254533503615474
50,586,334,030dd080,4848968942554118,4848968942554118,198591849200336634,198591849200336634
50,586,335,030e4c01,4430465892654120,4430465892654120,172226157056636760,172226157056636760
50,586,336,030e5600,4563464133228722,4563464133228722,180605046212836686,180605046212836686
50,586,337,030ec401,4973272593350704,4980936337764744,206422979200521552,206905795098606072
50,586,338,030ed008,4649987540295720,4649987540295720,186056020858057560,186056020858057560
50,586,339,030ed200,4725339330914312,4725339330914312,190803183667028856,190803183667028856
50,586,340,030ed400,4951333862351436,4951333862351436,205040839147567668,205040839147567668
50,586,341,030f5400,4527866317486060,4527866317486060,178362383821048980,178362383821048980
50,586,342,030fd000,4628007976407610,4628007976407610,184671308333106630,184671308333106630
50,586,343,0310640d,4864829185248084,4864829185248084,199591044490056492,199591044490056492
50,586,344,03107405,4405849809447684,4405849809447684,170675343814631292,170675343814631292
50,586,345,03116405,4510728977161316,4510728977161316,177282731380590108,177282731380590108
50,586,346,03143501,4685666577755040,4685666577755040,188303800217994720,188303800217994720
50,586,347,03144483,4564308449409672,4564308449409672,180658238132236536,180658238132236536
50,586,348,0314448a,4755935136751482,4755935136751482,192730719434770566,192730719434770566
50,586,349,03144491,4752728281291152,4752728281291152,192528687540769776,192528687540769776
50,586,350,03144c03,4782265580061642,4782265580061642,194389537363310646,194389537363310646
50,586,351,03144c0a,4970758323892182,4970758323892182,206264580224634666,206264580224634666
50,586,352,03145403,4420638065758536,4420638065758536,171607003962214968,171607003962214968
50,586,353,03145411,4609600749432006,4609600749432006,183511653033643578,183511653033643578
50,586,354,03146045,4376152580346426,4376152580346426,168804418381252038,168804418381252038
50,586,355,03146403,4346099446368096,4346099446368096,166911070940617248,166911070940617248
50,586,356,03146405,4320786177856734,4320786177856734,165316335024401442,165316335024401442
50,586,357,03146411,4388086832386896,4388086832386896,169556276259801648,169556276259801648
50,586,358,03146602,4493069654648916,4493069654648916,176170194062308908,176170194062308908
50,586,359,03146604,4432757646776664,4432757646776664,172370537566357032,172370537566357032
50,586,360,03146610,4472960570017156,4472960570017156,174903321730508028,174903321730508028
50,586,361,03146c02,4904719193880186,4904719193880186,202104115033878918,202104115033878918
50,586,362,03147201,4442697134511162,4442697134511162,172996725293630406,172996725293630406
50,586,363,03147401,4428068307864870,4428068307864870,172075109214914010,172075109214914010
50,586,364,03153401,4505457690759104,4505457690759104,176950640337250752,176950640337250752
50,586,365,03157001,4584325918760684,4584325918760684,181919338701350292,181919338701350292
50,586,366,03164403,4442562783829740,4442562783829740,172988261200700820,172988261200700820
50,586,367,03164405,4487259013799208,4487259013799208,175804123688777304,175804123688777304
50,586,368,0316440a,4611172217067936,4611172217067936,183610655494707168,183610655494707168
50,586,369,0316440c,4667801093919174,4667801093919174,187178274736335162,187178274736335162
50,586,370,03186403,4286706095703876,4286706095703876,163169289848771388,163169289848771388
50,586,371,03186405,4138851878401734,4138851878401734,153854474158736442,153854474158736442
50,586,372,03186411,4361668194522756,4361668194522756,167891902074360828,167891902074360828
50,586,373,03186421,4177003209960516,4177003209960516,156258008046939708,156258008046939708
50,586,374,03186601,4310479971588622,4310479971588622,164667044029510386,164667044029510386
50,586,375,03196401,4322067513219534,4322067513219534,165397059152257842,165397059152257842
50,586,376,031a4403,4417717537426050,4417717537426050,171423010677268350,171423010677268350
50,586,377,031c4007,4508551365901656,4508551365901656,177145541871231528,177145541871231528
50,586,378,031c400b,4657720142740896,4657720142740896,186543174812103648,186543174812103648
50,586,379,031c400d,4654446642600534,4654446642600534,186336944303260842,186336944303260842
50,586,380,031c4013,4672762760023446,4672762760023446,187490859700904298,187490859700904298
50,586,381,031c4015,4430500944220026,4430500944220026,172228365305288838,172228365305288838
50,586,382,031c4019,4652089307233026,4652089307233026,186188432175107838,186188432175107838
50,586,383,031c4023,4453413268546836,4453413268546836,173671841737877868,173671841737877868
50,586,384,031c4025,4684183287675186,4684183287675186,188210352942963918,188210352942963918
50,586,385,031c4029,4700903784781626,4700903784781626,189263744260669638,189263744260669638
50,586,386,031c4031,4447782433038966,4447782433038966,173317099100882058,173317099100882058
50,586,387,031c4043,4412455895786946,4412455895786946,171091527254004798,171091527254004798
50,586,388,031c4045,4292081156719626,4292081156719626,163507918692763638,163507918692763638
50,586,389,031c4049,4725072908853186,4725072908853186,190786399077177918,190786399077177918
50,586,390,031c4051,4677911588895816,4677911588895816,187815235919863608,187815235919863608
50,586,391,031c4061,4396835531633886,4396835531633886,170107444312362018,170107444312362018
50,586,392,031c4083,4472350572213372,4472350572213372,174864891868869636,174864891868869636
50,586,393,031c4085,4480581374279070,4480581374279070,175383432399008610,175383432399008610
50,586,394,031c4089,4849889541913146,4849889541913146,198649846959955398,198649846959955398
50,586,395,031c408a,4458102102760902,4458102102760902,173967238293364026,173967238293364026
50,586,396,031c408c,4479577341311130,4479577341311130,175320178322028390,175320178322028390
50,586,397,031c4091,4502151439523442,4502151439523442,176742346509404046,176742346509404046
50,586,398,031c4098,4538242725059352,4538242725059352,179016097498166376,179016097498166376
50,586,399,031c40a1,4505323817124312,4505323817124312,176942206298258856,176942206298258856
50,586,400,031c40a8,4497321657211992,4497321657211992,176438070223782696,176438070223782696
50,586,401,031c40c1,4575640474559232,4575640474559232,181372155716658816,181372155716658816
50,586,402,031c40c8,4611731760095142,4611731760095142,183645906705421146,183645906705421146
50,586,403,031c4103,4350950571632826,4350950571632826,167216691832295238,167216691832295238
50,586,404,031c4105,4465698653573724,4465698653573724,174445820994571812,174445820994571812
50,586,405,031c4109,4807385361119670,4807385361119670,195972083569966410,195972083569966410
50,586,406,031c4111,4538588833370016,4538588833370016,179037902321738208,179037902321738208
50,586,407,031c4121,4635572136396696,4635572136396696,185147850412419048,185147850412419048
50,586,408,031c4141,4611572434990176,4611572434990176,183635869223808288,183635869223808288
50,586,409,031c4181,4614580706178246,4614580706178246,183825390308656698,183825390308656698
50,586,410,031c4188,4607694448487646,4607694448487646,183391556074148898,183391556074148898
50,586,411,031c4203,4376784037882440,4376784037882440,168844200206020920,168844200206020920
50,586,412,031c4205,4317170161261690,4317170161261690,165088525978913670,165088525978913670
50,586,413,031c4209,4629843536215106,4629843536215106,184786948600978878,184786948600978878
50,586,414,031c420a,4385891955115350,4385891955115350,169417998991694250,169417998991694250
50,586,415,031c420c,4290827174982970,4290827174982970,163428917843354310,163428917843354310
50,586,416,031c4211,4354868828741450,4354868828741450,167463542030138550,167463542030138550
50,586,417,031c4218,4403892981296180,4403892981296180,170552063641086540,170552063641086540
50,586,418,031c4221,4344340361879750,4344340361879750,166800248617851450,166800248617851450
50,586,419,031c4228,4338666585436590,4338666585436590,166442800701932370,166442800701932370
50,586,420,031c4241,4365117631839950,4365117631839950,168109216625344050,168109216625344050
50,586,421,031c4248,4414141784394680,4414141784394680,171197738236292040,171197738236292040
50,586,422,031c4281,4514552212560262,4514552212560262,177523595210723706,177523595210723706
50,586,423,031c4288,4530894161278962,4530894161278962,178553137980001806,178553137980001806
50,586,424,031c4301,4403401404397256,4403401404397256,170521094296454328,170521094296454328
50,586,425,031c4308,4402131902451576,4402131902451576,170441115673876488,170441115673876488
50,586,426,031c4403,4247940129303126,4247940129303126,160727033965524138,160727033965524138
50,586,427,031c4405,4171704032442894,4171704032442894,155924159863329522,155924159863329522
50,586,428,031c4409,4808301009513750,4808301009513750,196029769418793450,196029769418793450
50,586,429,031c4411,4382238864560076,4382238864560076,169187854286711988,169187854286711988
50,586,430,031c4421,4232319765150066,4232319765150066,159742951023881358,159742951023881358
50,586,431,031c4441,4660327374285036,4660327374285036,186707430399384468,186707430399384468
50,586,432,031c4481,4507472898628026,4507472898628026,177077598432992838,177077598432992838
50,586,433,031c4488,4697482840193256,4697482840193256,189048224751602328,189048224751602328
50,586,434,031c4501,4487542353141180,4487542353141180,175821974067321540,175821974067321540
50,586,435,031c4601,4243972977397186,4243972977397186,160477103395449918,160477103395449918
50,586,436,031c4602,4359271488553600,4359271488553600,167740909598304000,167740909598304000
50,586,437,031c4604,4242909828504908,4242909828504908,160410125015236404,160410125015236404
50,586,438,031c4608,4446915785981236,4446915785981236,173262500336245068,173262500336245068
50,586,439,031c4610,4454502936264720,4454502936264720,173740490804104560,173740490804104560
50,586,440,031c4680,4692729455787932,4692729455787932,188748761534066916,188748761534066916
50,586,441,031c4803,4679356747312662,4679356747312662,187906280900124906,187906280900124906
50,586,442,031c4805,4605137105149830,4605137105149830,183230443443866490,183230443443866490
50,586,443,031c4809,5042878383655266,5042878383655266,210808143989708958,210808143989708958
50,586,444,031c4811,4679902943946072,4679902943946072,187940691288029736,187940691288029736
50,586,445,031c4821,4693290022203102,4693290022203102,188784077218222626,188784077218222626
50,586,446,031c4841,4782462806328852,4782462806328852,194401962618144876,194401962618144876
50,586,447,031c4848,4805342153815452,4805342153815452,195843361509800676,195843361509800676
50,586,448,031c4881,4990406846164986,4990406846164986,207502437127821318,207502437127821318
50,586,449,031c4888,4966318993527456,4966318993527456,205984902411656928,205984902411656928
50,586,450,031c4901,4799399289797196,4799399289797196,195468961076650548,195468961076650548
50,586,451,031c4a01,4636029472230452,4636029472230452,185176662569945676,185176662569945676
50,586,452,031c4a08,4624716662965442,4624716662965442,184463955586250046,184463955586250046
50,586,453,031c4c01,4657140714686496,4657140714686496,186506670844676448,186506670844676448
50,586,454,031c4c08,4833938718202416,4833938718202416,197644945066179408,197644945066179408
50,586,455,031c5003,4295384731049886,4295384731049886,163716043875570018,163716043875570018
50,586,456,031c5005,4235320018240854,4235320018240854,159931966968601002,159931966968601002
50,586,457,031c5009,4677513482714610,4677513482714610,187790155230447630,187790155230447630
50,586,458,031c5011,4322262926682996,4322262926682996,165409370200455948,165409370200455948
50,586,459,031c5021,4312976065945926,4312976065945926,164824297974020538,164824297974020538
50,586,460,031c5041,4378998250460016,4378998250460016,168983695598408208,168983695598408208
50,586,461,031c5081,4461288898936506,4461288898936506,174168006452427078,174168006452427078
50,586,462,031c5088,4512363417013446,4512363417013446,177385701091274298,177385701091274298
50,586,463,031c5101,4336632969042660,4336632969042660,166314682869114780,166314682869114780
50,586,464,031c5201,4315417702524476,4315417702524476,164978121078469188,164978121078469188
50,586,465,031c5208,4352045125559036,4352045125559036,167285648729646468,167285648729646468
50,586,466,031c5210,4367266384792810,4367266384792810,168244588061374230,168244588061374230
50,586,467,031c5401,4333446050779830,4333446050779830,166113907018556490,166113907018556490
50,586,468,031c5801,4657191296577216,4657191296577216,186509857503791808,186509857503791808
50,586,469,031c6003,4343712616412736,4343712616412736,166760700653429568,166760700653429568
50,586,470,031c6005,4248662083660824,4248662083660824,160772517090059112,160772517090059112
50,586,471,031c6009,4525875097727040,4525875097727040,178236936976230720,178236936976230720
50,586,472,031c6011,4255085437862526,4255085437862526,161177188404766338,161177188404766338
50,586,473,031c6021,4272493477186926,4272493477186926,162273894882203538,162273894882203538
50,586,474,031c6041,4220894746424046,4220894746424046,159023174844142098,159023174844142098
50,586,475,031c6081,4436250092379000,4436250092379000,172590561639304200,172590561639304200
50,586,476,031c6088,4472341377914910,4472341377914910,174864312628066530,174864312628066530
50,586,477,031c6101,4333746241629540,4333746241629540,166132819042088220,166132819042088220
50,586,478,031c6201,4192558551717942,4192558551717942,157237994577657546,157237994577657546
50,586,479,031c6208,4241582704272672,4241582704272672,160326516188605536,160326516188605536
50,586,480,031c6401,4116095084289270,4116095084289270,152420796129651210,152420796129651210
50,586,481,031c6480,4656356064542250,4656356064542250,186457237885588950,186457237885588950
50,586,482,031c6600,4348639208003788,4348639208003788,167071075923665844,167071075923665844
50,586,483,031c6801,4558227711010890,4558227711010890,180275151613113270,180275151613113270
50,586,484,031c6c00,4738478350907676,4738478350907676,191630941926610788,191630941926610788
50,586,485,031c7001,4289551303235010,4289551303235010,163348537923232830,163348537923232830
50,586,486,031cc003,4526918889351786,4526918889351786,178302695848589718,178302695848589718
50,586,487,031cc005,4511792259803304,4511792259803304,177349718187035352,177349718187035352
50,586,488,031cc009,4976529438382740,4976529438382740,206628160437539820,206628160437539820
50,586,489,031cc011,4594795583159136,4594795583159136,182578927558452768,182578927558452768
50,586,490,031cc021,4630621006292256,4630621006292256,184835929215839328,184835929215839328
50,586,491,031cc041,4805672371182996,4805672371182996,195864165203955948,195864165203955948
50,586,492,031cc081,4779136766330496,4779136766330496,194192422098248448,194192422098248448
50,586,493,031cc088,4725888058053336,4725888058053336,190837753476787368,190837753476787368
50,586,494,031cc101,4900684297494480,4900684297494480,201849916561579440,201849916561579440
50,586,495,031cc201,4521638017104126,4521638017104126,177970000896987138,177970000896987138
50,586,496,031cc208,4510015292110456,4510015292110456,177237769222385928,177237769222385928
50,586,497,031cc401,4734981815814240,4734981815814240,191410660215724320,191410660215724320
50,586,498,031cc801,4995061829177196,4995061829177196,207795701057590548,207795701057590548
50,586,499,031cd001,4495662076223370,4495662076223370,176333516621499510,176333516621499510
50,586,500,031ce001,4438233350812770,4438233350812770,172715506920631710,172715506920631710
50,586,501,031d1404,4623763911952290,4623763911952290,184403932272421470,184403932272421470
50,586,502,031d4003,4485554124040282,4485554124040282,175696715633964966,175696715633964966
50,586,503,031d4005,4415078209390202,4415078209390202,171256733011009926,171256733011009926
50,586,504,031d4009,4788605622239210,4788605622239210,194788960020497430,194788960020497430
50,586,505,031d4011,4503852536159272,4503852536159272,176849515597461336,176849515597461336
50,586,506,031d4021,4433393668318182,4433393668318182,172410606923472666,172410606923472666
50,586,507,031d4041,4517654601469002,4517654601469002,177719045711974326,177719045711974326
50,586,508,031d4048,4634545524686112,4634545524686112,185083173874652256,185083173874652256
50,586,509,031d4081,4569235386639930,4569235386639930,180968635177742790,180968635177742790
50,586,510,031d4088,4622533572724510,4622533572724510,184326420901071330,184326420901071330
50,586,511,031d4101,4541787906371480,4541787906371480,179239443920830440,179239443920830440
50,586,512,031d4201,4650095426352554,4650095426352554,186062817679638102,186062817679638102
50,586,513,031d4208,4719373830455504,4719373830455504,190427357138123952,190427357138123952
50,586,514,031d4401,4391356715285210,4391356715285210,169762278882395430,169762278882395430
50,586,515,031d4402,4499015795091452,4499015795091452,176544800910188676,176544800910188676
50,586,516,031d4404,4382215616679990,4382215616679990,169186389670266570,169186389670266570
50,586,517,031d4408,4650199411462070,4650199411462070,186069368741537610,186069368741537610
50,586,518,031d4410,4641196011407192,4641196011407192,185502154538080296,185502154538080296
50,586,519,031d4480,4757245098304870,4757245098304870,192813247012634010,192813247012634010
50,586,520,031d4801,4765203059993520,4765203059993520,193314598599018960,193314598599018960
50,586,521,031d5001,4389791354488840,4389791354488840,169663661152224120,169663661152224120
50,586,522,031d6001,4268256246034554,4268256246034554,162006949319604102,162006949319604102
50,586,523,031d6400,4465734642366970,4465734642366970,174448088288546310,174448088288546310
50,586,524,031dc001,4650847524005150,4650847524005150,186110199831751650,186110199831751650
50,586,525,031e1500,4766493459337788,4766493459337788,193395893757707844,193395893757707844
50,586,526,031e4003,4364980942739850,4364980942739850,168100605212037750,168100605212037750
50,586,527,031e4005,4313817341650758,4313817341650758,164877298343424954,164877298343424954
50,586,528,031e4009,4639431017781576,4639431017781576,185390959939666488,185390959939666488
50,586,529,031e400a,4319021902254066,4319021902254066,165205185661433358,165205185661433358
50,586,530,031e400c,4275318473895144,4275318473895144,162451869674821272,162451869674821272
50,586,531,031e4011,4361283750703350,4361283750703350,167867682113738250,167867682113738250
50,586,532,031e4012,4684056285467826,4684056285467826,188202351803900238,188202351803900238
50,586,533,031e4014,4426296712800846,4426296712800846,171963498725880498,171963498725880498
50,586,534,031e4018,4359880201451586,4359880201451586,167779258510877118,167779258510877118
50,586,535,031e4021,4345151374848660,4345151374848660,166851342434892780,166851342434892780
50,586,536,031e4028,4299654380148666,4299654380148666,163985031768793158,163985031768793158
50,586,537,031e4030,4450700464958106,4450700464958106,173500935111787878,173500935111787878
50,586,538,031e4041,4461850642964610,4461850642964610,174203396326197630,174203396326197630
50,586,539,031e4042,4433040370288026,4433040370288026,172388349147572838,172388349147572838
50,586,540,031e4044,4293197509067346,4293197509067346,163578248890669998,163578248890669998
50,586,541,031e4048,4460447093712846,4460447093712846,174114972723336498,174114972723336498
50,586,542,031e4050,4638923140334256,4638923140334256,185358963660485328,185358963660485328
50,586,543,031e4060,4421373069028086,4421373069028086,171653309168196618,171653309168196618
50,586,544,031e4081,4580367182234892,4580367182234892,181669938300225396,181669938300225396
50,586,545,031e4088,4521536076827982,4521536076827982,177963578659590066,177963578659590066
50,586,546,031e4090,4611514140765666,4611514140765666,183632196687664158,183632196687664158
50,586,547,031e40c0,4739765001800556,4739765001800556,191712000932862228,191712000932862228
50,586,548,031e4101,4397619527394786,4397619527394786,170156836045298718,170156836045298718
50,586,549,031e4102,4326800734201176,4326800734201176,165695252074101288,165695252074101288
50,586,550,031e4104,4444055806883172,4444055806883172,173082321653067036,173082321653067036
50,586,551,031e4108,4338347692535712,4338347692535712,166422710449177056,166422710449177056
50,586,552,031e4110,4484130276096006,4484130276096006,175607013213475578,175607013213475578
50,586,553,031e4120,4664742982576266,4664742982576266,186985613721731958,186985613721731958
50,586,554,031e4140,4614767835592446,4614767835592446,183837179461751298,183837179461751298
50,586,555,031e4180,4720491669630432,4720491669630432,190497781006144416,190497781006144416
50,586,556,031e4201,4350973124695678,4350973124695678,167218112675254914,167218112675254914
50,586,557,031e4208,4324705418738188,4324705418738188,165563247199933044,165563247199933044
50,586,558,031e4210,4390196119913040,4390196119913040,169689161373948720,169689161373948720
50,586,559,031e4240,4443073083681180,4443073083681180,173020410091341540,173020410091341540
50,586,560,031e4300,4478370007099324,4478370007099324,175244116266684612,175244116266684612
50,586,561,031e4401,4351749087395646,4351749087395646,167266998325352898,167266998325352898
50,586,562,031e4402,4356900138516006,4356900138516006,167591514545935578,167591514545935578
50,586,563,031e4404,4269534735235662,4269534735235662,162087494139273906,162087494139273906
50,586,564,031e4408,4504264194173202,4504264194173202,176875450052338926,176875450052338926
50,586,565,031e4410,4472517905982876,4472517905982876,174875433896348388,174875433896348388
50,586,566,031e4420,4345232837256066,4345232837256066,166856474566559358,166856474566559358
50,586,567,031e4440,4804964061781866,4804964061781866,195819541711684758,195819541711684758
50,586,568,031e4480,4743777022068942,4743777022068942,191964758209770546,191964758209770546
50,586,569,031e4500,4588330601584638,4588330601584638,182171633719259394,182171633719259394
50,586,570,031e4600,4462380105102524,4462380105102524,174236752440886212,174236752440886212
50,586,571,031e4801,4675077923872842,4675077923872842,187636715023416246,187636715023416246
50,586,572,031e4808,4603034880416622,4603034880416622,183098003285674386,183098003285674386
50,586,573,031e4810,4677775607034816,4677775607034816,187806669062620608,187806669062620608
50,586,574,031e4840,4832205163539516,4832205163539516,197535731122416708,197535731122416708
50,586,575,031e4900,4783212253279398,4783212253279398,194449177776029274,194449177776029274
50,586,576,031e4c00,4798632431440428,4798632431440428,195420649000174164,195420649000174164
50,586,577,031e5001,4388907975703386,4388907975703386,169608008288740518,169608008288740518
50,586,578,031e5008,4377914766106362,4377914766106362,168915436084128006,168915436084128006
50,586,579,031e5010,4368752127498516,4368752127498516,168338189851833708,168338189851833708
50,586,580,031e5040,4453497093879036,4453497093879036,173677122733806468,173677122733806468
50,586,581,031e5100,4334267913350898,4334267913350898,166165684360533774,166165684360533774
50,586,582,031e5400,4452646542285918,4452646542285918,173623537983440034,173623537983440034
50,586,583,031e6001,4363327501310262,4363327501310262,167996438401973706,167996438401973706
50,586,584,031e6008,4361923952058498,4361923952058498,167908014799112574,167908014799112574
50,586,585,031e6010,4494126544588872,4494126544588872,176236778128526136,176236778128526136
50,586,586,031e6040,4546529461204812,4546529461204812,179538161875330356,179538161875330356
50,586,587,031e6100,4566044436299904,4566044436299904,180767605306321152,180767605306321152
50,586,588,031e6400,4533479158613304,4533479158613304,178715992812065352,178715992812065352
50,586,589,031ec001,4572287216405556,4572287216405556,181160900452977228,181160900452977228
50,586,590,031ec002,4531095292337406,4531095292337406,178565809236683778,178565809236683778
50,586,591,031ec004,4513385316993702,4513385316993702,177450080790030426,177450080790030426
50,586,592,031ec008,4521346069964712,4521346069964712,177951608227204056,177951608227204056
50,586,593,031ec010,4565741522153436,4565741522153436,180748521715093668,180748521715093668
50,586,594,031ec020,4671527845008036,4671527845008036,187413060054933468,187413060054933468
50,586,595,031ec040,4822677306907236,4822677306907236,196935476154583068,196935476154583068
50,586,596,031ec080,4898483227819152,4898483227819152,201711249172033776,201711249172033776
50,586,597,031ec100,4920960309858768,4920960309858768,203127305340529584,203127305340529584
50,586,598,031ec200,4657741555501004,4657741555501004,186544523815990452,186544523815990452
50,586,599,031ec400,4837951847327388,4837951847327388,197897772201052644,197897772201052644
50,586,600,031ec800,4992651536875428,4992651536875428,207643852642579164,207643852642579164
50,586,601,031ed000,4528205354186598,4528205354186598,178383743133182874,178383743133182874
50,586,602,031ee000,4697240542366374,4697240542366374,189032959988508762,189032959988508762
50,586,603,031f4001,4385029064404616,4385029064404616,169363636876918008,169363636876918008
50,586,604,031f4008,4437757010197336,4437757010197336,172685497461859368,172685497461859368
50,586,605,031f4010,4506238922793256,4506238922793256,176999857955402328,176999857955402328
50,586,606,031f4040,4547585594254516,4547585594254516,179604698257461708,179604698257461708
50,586,607,031f4100,4529774165559242,4529774165559242,178482578249659446,178482578249659446
50,586,608,031f4400,4534730332760792,4534730332760792,178794816783357096,178794816783357096
50,586,609,031fc000,4684871555508872,4684871555508872,188253713816486136,188253713816486136
50,586,610,032c4881,4608666319279164,4608666319279164,183452783934014532,183452783934014532
50,586,611,032c4c01,4311733833906024,4311733833906024,164746037355506712,164746037355506712
50,586,612,032c6600,4438527652394376,4438527652394376,172734047920272888,172734047920272888
50,586,613,032c6801,4198881134646828,4198881134646828,157636317302177364,157636317302177364
50,586,614,032cc081,4498382354344344,4498382354344344,176504894143120872,176504894143120872
50,586,615,032cc401,4740552356469678,4740552356469678,191761604277016914,191761604277016914
50,586,616,032ce001,4462606212781038,4462606212781038,174250997224632594,174250997224632594
50,586,617,032d6400,4380969090496068,4380969090496068,169107858520679484,169107858520679484
50,586,618,032ed000,4874240772208206,4874240772208206,200183974468544178,200183974468544178
50,586,619,03346201,4334495799721452,4334495799721452,166180041201878676,166180041201878676
50,586,620,03346401,4319067043198800,4319067043198800,165208029540951600,165208029540951600
50,586,621,03356001,4452714865347254,4452714865347254,173627842336304202,173627842336304202
50,586,622,03384403,4346112086596566,4346112086596566,166911867275010858,166911867275010858
50,586,623,03384405,4251139036220934,4251139036220934,160928565101346042,160928565101346042
50,586,624,03384411,4429557333644586,4429557333644586,172168917839036118,172168917839036118
50,586,625,033c4003,4215176561966226,4215176561966226,158662929223299438,158662929223299438
50,586,626,033c4005,4182150793119774,4182150793119774,156582305785972962,156582305785972962
50,586,627,033c4009,4597551828562470,4597551828562470,182752571018862810,182752571018862810
50,586,628,033c4011,4165707488352516,4165707488352516,155546377585635708,155546377585635708
50,586,629,033c4021,4309665525792366,4309665525792366,164615733944346258,164615733944346258
50,586,630,033c4041,4252356731989596,4252356731989596,161005279934771748,161005279934771748
50,586,631,033c4081,4316055471849426,4316055471849426,165018300545941038,165018300545941038
50,586,632,033c4088,4448844973964196,4448844973964196,173384039179171548,173384039179171548
50,586,633,033c4101,4263371549187360,4263371549187360,161699213418230880,161699213418230880
50,586,634,033c4201,4209487964854136,4209487964854136,158304547605237768,158304547605237768
50,586,635,033c4208,4309185287766286,4309185287766286,164585478948703218,164585478948703218
50,586,636,033c4401,4230500389392420,4230500389392420,159628330351149660,159628330351149660
50,586,637,033c4801,4531377556376736,4531377556376736,178583591871161568,178583591871161568
50,586,638,033c4808,4614910764620436,4614910764620436,183846183990514668,183846183990514668
50,586,639,033c5001,4561923691697760,4561923691697760,180507998396386080,180507998396386080
50,586,640,033c6001,4117278552188490,4117278552188490,152495354607302070,152495354607302070
50,586,641,033cc001,4369250338830240,4369250338830240,168369577165732320,168369577165732320
50,586,642,033d4001,4299163310934220,4299163310934220,163954094408283060,163954094408283060
50,586,643,033d4008,4476708094908430,4476708094908430,175139415798658290,175139415798658290
50,586,644,033e4001,4232637736757766,4232637736757766,159762983235166458,159762983235166458
50,586,645,033e4008,4291888048263102,4291888048263102,163495752860002626,163495752860002626
50,586,646,033e4010,4217603047158636,4217603047158636,158815797790421268,158815797790421268
50,586,647,033e4040,4378343853983916,4378343853983916,168942468620413908,168942468620413908
50,586,648,033e4100,4308539629405158,4308539629405158,164544802471952154,164544802471952154
50,586,649,033e4400,4353625904514588,4353625904514588,167385237803846244,167385237803846244
50,586,650,033ec000,4432115948486688,4432115948486688,172330110574088544,172330110574088544
50,586,651,03494405,4245195524712064,4245195524712064,160554123876287232,160554123876287232
50,586,652,03494481,4654829620538500,4654829620538500,186361071913352700,186361071913352700
50,586,653,03496401,4653083021031510,4653083021031510,186251036144412330,186251036144412330
50,586,654,034c4481,4520834527741542,4520834527741542,177919381067144346,177919381067144346
50,586,655,034c4488,4652874666307872,4652874666307872,186237909796823136,186237909796823136
50,586,656,034c4601,4355208195297412,4355208195297412,167484922123164156,167484922123164156
50,586,657,034c4602,4476519803114416,4476519803114416,175127553415635408,175127553415635408
50,586,658,034c4608,4459905058927942,4459905058927942,174080824531887546,174080824531887546
50,586,659,034c4c01,4371828061647942,4371828061647942,168531973703247546,168531973703247546
50,586,660,034c4c08,4517511772453062,4517511772453062,177710047483970106,177710047483970106
50,586,661,034cc401,4929176779803562,4936840524217602,203644942947051606,204127758845136126
50,586,662,034cc408,4964264182521958,4971927926935998,205855449318310554,206338265216395074
50,586,663,034ce400,5420083481166514,5427747225580554,234572065132917582,235054881031002102
50,586,664,034d4401,4272139172204712,4272139172204712,162251573668324056,162251573668324056
50,586,665,034d4402,4421875248635216,4421875248635216,171684946483445808,171684946483445808
50,586,666,034d4408,4473012065382672,4473012065382672,174906565938535536,174906565938535536
50,586,667,034ec400,5165758183056946,5173421927470986,218549571352014798,219032387250099318
50,586,668,03504407,4566913326395706,4566913326395706,180822345382356678,180822345382356678
50,586,669,0350440d,4907212535252196,4907212535252196,202261195540315548,202261195540315548
50,586,670,03504415,4613847621047496,4613847621047496,183779205945419448,183779205945419448
50,586,671,03504425,4788623268305136,4788623268305136,194790071722650768,194790071722650768
50,586,672,03504445,4725414956101476,4725414956101476,190807948053820188,190807948053820188
50,586,673,03504485,4617406212080766,4617406212080766,184003397180515458,184003397180515458
50,586,674,03504505,4694452305970596,4694452305970596,188857301095574748,188857301095574748
50,586,675,03504605,4454705166519296,4454705166519296,173753231310142848,173753231310142848
50,586,676,03504c05,4764229697689956,4764229697689956,193253276773894428,193253276773894428
50,586,677,03505405,4425270213039936,4425270213039936,171898829240943168,171898829240943168
50,586,678,03506405,4711231430271366,4711231430271366,189914385926523258,189914385926523258
50,586,679,0350c405,4935558643710396,4935558643710396,204047000373182148,204047000373182148
50,586,680,03514405,4505518261866856,4505518261866856,176954456317039128,176954456317039128
50,586,681,03524405,4620428352894276,4620428352894276,184193792051766588,184193792051766588
50,586,682,03544403,4363108282352526,4363108282352526,167982627607636338,167982627607636338
50,586,683,03544405,4346391247211256,4346391247211256,166929454393736328,166929454393736328
50,586,684,03544604,4426832802080584,4426832802080584,171997272350503992,171997272350503992
50,586,685,03545401,4445610820863324,4445610820863324,173180287533816612,173180287533816612
50,586,686,03584403,4267521552579636,4267521552579636,161960663631944268,161960663631944268
50,586,687,03584405,4196573882441616,4196573882441616,157490960413249008,157490960413249008
50,586,688,0358440a,4441092994252668,4441092994252668,172895664457345284,172895664457345284
50,586,689,03584411,4423144335588966,4423144335588966,171764898961532058,171764898961532058
50,586,690,03584421,4276476349389816,4276476349389816,162524815830985608,162524815830985608
50,586,691,03584601,4339392798919854,4339392798919854,166488552151378002,166488552151378002
50,586,692,03585208,4417461283880580,4417461283880580,171406866703903740,171406866703903740
50,586,693,03586402,4875765137626578,4875765137626578,200280009489901614,200280009489901614
50,586,694,03594003,4482300623000616,4482300623000616,175491745068466008,175491745068466008
50,586,695,03594005,4414404855894176,4414404855894176,171214311740760288,171214311740760288
50,586,696,03594009,4704319467896074,4704319467896074,189478932296879862,189478932296879862
50,586,697,03594011,4489296409895336,4489296409895336,175932479642833368,175932479642833368
50,586,698,03594021,4449720887674556,4449720887674556,173439221742924228,173439221742924228
50,586,699,03594041,4459262096972306,4459262096972306,174040317928682478,174040317928682478
50,586,700,03594081,4522900354931634,4522900354931634,178049528180120142,178049528180120142
50,586,701,03594101,4537302561835264,4537302561835264,178956867215048832,178956867215048832
50,586,702,03594201,4651374820949454,4651374820949454,186143419539242802,186143419539242802
50,586,703,03594401,4336005789119654,4336005789119654,166275170533965402,166275170533965402
50,586,704,03594801,4731123573595224,4731123573595224,191167590955926312,191167590955926312
50,586,705,03595001,4367350570513814,4367350570513814,168249891761797482,168249891761797482
50,586,706,03596001,4664202844908334,4664202844908334,186951585048652242,186951585048652242
50,586,707,0359c001,4649813931961354,4649813931961354,186045083532992502,186045083532992502
50,586,708,035b4001,4472426460795826,4472426460795826,174869672849564238,174869672849564238
50,586,709,035c4003,4293639279571596,4293639279571596,163606080432437748,163606080432437748
50,586,710,035c4005,4257697559355006,4257697559355006,161341752058792578,161341752058792578
50,586,711,035c4009,4571507711029314,4571507711029314,181111791614273982,181111791614273982
50,586,712,035c4011,4296875335412916,4296875335412916,163809951950440908,163809951950440908
50,586,713,035c4021,4316049758577576,4316049758577576,165017940609814488,165017940609814488
50,586,714,035c4041,4285946729686626,4285946729686626,163121449789684638,163121449789684638
50,586,715,035c4048,4383298245410922,4383298245410922,169254595280315286,169254595280315286
50,586,716,035c4081,4487130174230454,4487130174230454,175796006795945802,175796006795945802
50,586,717,035c4088,4527054133799604,4527054133799604,178311216248802252,178311216248802252
50,586,718,035c4101,4400415034300584,4400415034300584,170332952980363992,170332952980363992
50,586,719,035c4201,4182160443052574,4182160443052574,156582913731739362,156582913731739362
50,586,720,035c4208,4235017269640544,4235017269640544,159912893806781472,159912893806781472
50,586,721,035c4401,4187756884486164,4187756884486164,156935489542055532,156935489542055532
50,586,722,035c4408,4408338871918440,4408338871918440,170832154750288920,170832154750288920
50,586,723,035c4801,4601756388673674,4601756388673674,183017458305868662,183017458305868662
50,586,724,035c5001,4275388777798674,4275388777798674,162456298820743662,162456298820743662
50,586,725,035c6001,4515360936812304,4515360936812304,177574544838602352,177574544838602352
50,586,726,035c6400,4772070587372406,4772070587372406,193747252823888778,193747252823888778
50,586,727,035cc001,4510164763525074,4510164763525074,177247185921506862,177247185921506862
50,586,728,035d4001,4249081011389174,4249081011389174,160798909536945162,160798909536945162
50,586,729,035e4001,4325980900808616,4325980900808616,165643602570370008,165643602570370008
50,586,730,035e4008,4328410025590092,4328410025590092,165796637431602996,165796637431602996
50,586,731,035e4010,4491493816301082,4491493816301082,176070916246395366,176070916246395366
50,586,732,035e4040,4538219168451072,4538219168451072,179014613431844736,179014613431844736
50,586,733,035e4100,4596866326577868,4596866326577868,182709384393832884,182709384393832884
50,586,734,035e4400,4525994419039518,4525994419039518,178244454218916834,178244454218916834
50,586,735,035ec000,4730604098403858,4730604098403858,191134864018870254,191134864018870254
50,586,736,03704405,4436563141522356,4436563141522356,172610283735335628,172610283735335628
50,586,737,03794001,4261220117671114,4261220117671114,161563673232707382,161563673232707382
50,586,738,037c4001,4138622232649164,4138622232649164,153840006476324532,153840006476324532
50,586,739,037c4008,4289076479826660,4289076479826660,163318624048506780,163318624048506780
50,586,740,03886308,4833293550587424,4833293550587424,197604299506434912,197604299506434912
50,586,741,03886608,4987804551626104,4987804551626104,207338492571871752,207338492571871752
50,586,742,03887208,4772380449217134,4772380449217134,193766774120106642,193766774120106642
50,586,743,03896108,4769429083784950,4769429083784950,193580838097879050,193580838097879050
50,586,744,03896401,4603113674735160,4603113674735160,183102967327742280,183102967327742280
50,586,745,03896408,4898674501582160,4898674501582160,201723299419103280,201723299419103280
50,586,746,03897008,4734176315769680,4734176315769680,191359913712917040,191359913712917040
50,586,747,038c4c01,4724795933667594,4724795933667594,190768949640485622,190768949640485622
50,586,748,038c5081,4703272204108434,4703272204108434,189412954678258542,189412954678258542
50,586,749,038c5201,4670570247946184,4670570247946184,187352731440036792,187352731440036792
50,586,750,038c5208,4695404360764814,4695404360764814,188917280547610482,188917280547610482
50,586,751,038c5801,4658485273515504,4658485273515504,186591378050903952,186591378050903952
50,586,752,038cb001,4720585797055548,4720585797055548,190503711033926724,190503711033926724
50,586,753,038cc401,5241157424275248,5241157424275248,223299723548767824,223299723548767824
50,586,754,038cd001,4907107932147078,4907107932147078,202254605544693114,202254605544693114
50,586,755,038d1041,4535186055775692,4535186055775692,178823527333295796,178823527333295796
50,586,756,038d1401,4468593118393758,4468593118393758,174628172278233954,174628172278233954
50,586,757,038d5001,4586694881946368,4586694881946368,182068583382048384,182068583382048384
50,586,758,038d5008,4689833116056798,4689833116056798,188566292131005474,188566292131005474
50,586,759,038d9001,4654726885627938,4654726885627938,186354599613987294,186354599613987294
50,586,760,038d9008,4748306062842548,4748306062842548,192250087778507724,192250087778507724
50,586,761,038e5200,4768488225448722,4768488225448722,193521564022696686,193521564022696686
50,586,762,038e9001,4841164674096114,4841164674096114,198100180287482382,198100180287482382
50,586,763,038e9008,4731968793851880,4731968793851880,191220839832095640,191220839832095640
50,586,764,038ed000,4951169271986826,4951169271986826,205030469954597238,205030469954597238
50,586,765,038f5000,4704260233413000,4704260233413000,189475200524446200,189475200524446200
50,586,766,03943401,4422617308885710,4422617308885710,171731696279226930,171731696279226930
50,586,767,03982405,4195463905580844,4195463905580844,157421031871020372,157421031871020372
50,586,768,03986208,4675991249554508,4675991249554508,187694254541361204,187694254541361204
50,586,769,03996008,4740021509377284,4740021509377284,191728160910196092,191728160910196092
50,586,770,039c0209,4764357384804366,4764357384804366,193261321062102258,193261321062102258
50,586,771,039c1201,4406399196668366,4406399196668366,170709955209534258,170709955209534258
50,586,772,039c1202,4494386521018870,4506781371921070,176253156643616010,177034032250454610
50,586,773,039c1208,4499734862925986,4499734862925986,176590102183764318,176590102183764318
50,586,774,039c2009,4576949467580460,4576949467580460,181454622276996180,181454622276996180
50,586,775,039c2401,4222791974414580,4222791974414580,159142700207545740,159142700207545740
50,586,776,039c3001,4329852325393530,4329852325393530,165887502319219590,165887502319219590
50,586,777,039c4003,4616983990261566,4616983990261566,183976797205905858,183976797205905858
50,586,778,039c4005,4453928103455874,4453928103455874,173704276337147262,173704276337147262
50,586,779,039c4009,4957016687300340,4957016687300340,205398857119348620,205398857119348620
50,586,780,039c4011,4571285746043796,4571285746043796,181097807820186348,181097807820186348
50,586,781,039c4021,4514543836163046,4514543836163046,177523067497699098,177523067497699098
50,586,782,039c4041,4644642129377316,4644642129377316,185719259970198108,185719259970198108
50,586,783,039c4081,4778580872052696,4778580872052696,194157400758747048,194157400758747048
50,586,784,039c4088,4817504371384446,4817504371384446,196609581216647298,196609581216647298
50,586,785,039c4101,4712899245165900,4712899245165900,190019458264878900,190019458264878900
50,586,786,039c4201,4536343258108706,4536343258108706,178896431080275678,178896431080275678
50,586,787,039c4208,4588199624459276,4588199624459276,182163382160361588,182163382160361588
50,586,788,039c4401,4612729754894520,4612729754894520,183708780377781960,183708780377781960
50,586,789,039c4801,4931603366811396,4931603366811396,203797817928545148,203797817928545148
50,586,790,039c4808,4972046279625876,4972046279625876,206345721435857388,206345721435857388
50,586,791,039c5001,4545659768423250,4545659768423250,179483371230091950,179483371230091950
50,586,792,039c6001,4479095823605490,4479095823605490,175289842706573070,175289842706573070
50,586,793,039ca001,4514143993148640,4514143993148640,177497877387791520,177497877387791520
50,586,794,039cc001,4839450560856270,4839450560856270,197992191153372210,197992191153372210
50,586,795,039d1001,4419366075675200,4419366075675200,171526868586964800,171526868586964800
50,586,796,039d1008,4547540402909200,4547540402909200,179601851202706800,179601851202706800
50,586,797,039d4001,4622555252571720,4622555252571720,184327786731445560,184327786731445560
50,586,798,039d4008,4722776741887710,4722776741887710,190641740558352930,190641740558352930
50,586,799,039e1001,4420131813865896,4420131813865896,171575110092978648,171575110092978648
50,586,800,039e1008,4431255012237072,4431255012237072,172275871590362736,172275871590362736
50,586,801,039e1200,4457106810200214,4457106810200214,173904534862040682,173904534862040682
50,586,802,039e1400,4590353683923198,4590353683923198,182299087906588674,182299087906588674
50,586,803,039e4001,4532915422351206,4532915422351206,178680477427553178,178680477427553178
50,586,804,039e4002,4621316276945286,4621316276945286,184249731266980218,184249731266980218
50,586,805,039e4004,4476523081758522,4476523081758522,175127759970214086,175127759970214086
50,586,806,039e4008,4548942157612512,4548942157612512,179690161749015456,179690161749015456
50,586,807,039e4010,4580121915200556,4580121915200556,181654486477062228,181654486477062228
50,586,808,039e4020,4552221183778926,4552221183778926,179896740397499538,179896740397499538
50,586,809,039e4040,4692048435264876,4692048435264876,188705857241114388,188705857241114388
50,586,810,039e4080,4926619871420292,4926619871420292,203483857718905596,203483857718905596
50,586,811,039e4100,4703094716613918,4703094716613918,189401772966104034,189401772966104034
50,586,812,039e4200,4661360060855724,4661360060855724,186772489653337812,186772489653337812
50,586,813,039e4400,4738028965953588,4738028965953588,191602630674503244,191602630674503244
50,586,814,039e4800,4977096506527368,4977096506527368,206663885730651384,206663885730651384
50,586,815,039e5000,4621877540303298,4621877540303298,184285090858534974,184285090858534974
50,586,816,039e6000,4733352921366624,4733352921366624,191308039865524512,191308039865524512
50,586,817,039ec000,4857972272721558,4857972272721558,199159059000885354,199159059000885354
50,586,818,039f4000,4707824475319052,4707824475319052,189699747764527476,189699747764527476
50,586,819,03a86208,4685011789428854,4685011789428854,188262548553445002,188262548553445002
50,586,820,03a96008,4585717255041260,4585717255041260,182006992887026580,182006992887026580
50,586,821,03ac4801,4540951243250664,4540951243250664,179186734144219032,179186734144219032
50,586,822,03acc001,4772834686669518,4772834686669518,193795391079606834,193795391079606834
50,586,823,03bc0208,4457190589232086,4457190589232086,173909812941048618,173909812941048618
50,586,824,03bc4001,4421378922773100,4421378922773100,171653677954132500,171653677954132500
50,586,825,03bd0008,4547263979088990,4547263979088990,179584436502033570,179584436502033570
50,586,826,03be4000,4509916751479428,4509916751479428,177231561162631164,177231561162631164
50,586,827,03c86208,5044472086610996,5044472086610996,210908547275919948,210908547275919948
50,586,828,03c96008,4996580296315010,4996580296315010,207891364487272830,207891364487272830
50,586,829,03cc4208,4654098305046482,4654098305046482,186314999037355566,186314999037355566
50,586,830,03cd4008,4620203453069592,4620203453069592,184179623362811496,184179623362811496
50,586,831,03d02405,4701836507806386,4701836507806386,189322505811229518,189322505811229518
50,586,832,03d04405,4673576235790176,4673576235790176,187542108674208288,187542108674208288
50,586,833,03d42401,4638166284279354,4638166284279354,185311281729026502,185311281729026502
50,586,834,03d94001,4592008837234754,4592008837234754,182403362565216702,182403362565216702
50,586,835,03d94008,4678898549449774,4678898549449774,187877414434762962,187877414434762962
50,586,836,03dc2001,4551932175206574,4551932175206574,179878532857441362,179878532857441362
50,586,837,03dc4001,4479381510286824,4479381510286824,175307840967497112,175307840967497112
50,586,838,03dc4008,4573780976052600,4573780976052600,181255007310741000,181255007310741000
50,586,839,03de1000,4529638244609238,4529638244609238,178474015229809194,178474015229809194
50,586,840,03de4000,4716780071858328,4716780071858328,190263950346501864,190263950346501864
50,586,841,043c6401,4224670412927172,4224670412927172,159261041833839036,159261041833839036
50,586,842,0458c40a,4516811822856502,4516811822856502,177665950659386826,177665950659386826
50,586,843,045c4405,4209657551277068,4209657551277068,158315231549882484,158315231549882484
50,586,844,05065405,4442039987007238,4442039987007238,172955325000883194,172955325000883194
50,586,845,050c4485,4243467497794154,4243467497794154,160445258180458902,160445258180458902
50,586,846,050c44a1,4361524431355286,4361524431355286,167882844994810218,167882844994810218
50,586,847,050c4581,4488859773182462,4488859773182462,175904971529922306,175904971529922306
50,586,848,050c5405,4115810285756514,4115810285756514,152402853822087582,152402853822087582
50,586,849,050c540c,4336482324841460,4336482324841460,166305192284439180,166305192284439180
50,586,850,050c5421,4196885054755446,4196885054755446,157510564269020298,157510564269020298
50,586,851,050c5428,4366907341587992,4366907341587992,168221968339470696,168221968339470696
50,586,852,050c5501,4250321909714702,4250321909714702,160877086131453426,160877086131453426
50,586,853,050c5508,4430545758207538,4430545758207538,172231188586502094,172231188586502094
50,586,854,050c6405,4042597649819360,4042597649819360,147790457758046880,147790457758046880
50,586,855,050c6421,4176118452409712,4176118452409712,156202268321239056,156202268321239056
50,586,856,050c6501,4241641230583528,4241641230583528,160330203346189464,160330203346189464
50,586,857,050cc403,4372918679665826,4372918679665826,168600682638374238,168600682638374238
50,586,858,050cc405,4234282046443934,4234282046443934,159866574745395042,159866574745395042
50,586,859,050cc409,4978263306812022,4978263306812022,206737394148584586,206737394148584586
50,586,860,050cc411,4571919295400026,4571919295400026,181137721429628838,181137721429628838
50,586,861,050cc421,4512313389331446,4512313389331446,177382549347308298,177382549347308298
50,586,862,050cc441,4833677882398726,4833677882398726,197628512410546938,197628512410546938
50,586,863,050cc481,4569905558900218,4569905558900218,181010856030140934,181010856030140934
50,586,864,050cc501,4814322057387922,4814322057387922,196409095434866286,196409095434866286
50,586,865,050cc601,4542459050986616,4542459050986616,179281726031584008,179281726031584008
50,586,866,050ccc01,4657022194459578,4657022194459578,186499204070380614,186499204070380614
50,586,867,050cd401,4394604520531402,4394604520531402,169966890612905526,169966890612905526
50,586,868,050cd408,4553840070085598,4553840070085598,179998730234819874,179998730234819874
50,586,869,050ce401,4288497309845252,4288497309845252,163282136339678076,163282136339678076
50,586,870,050dc401,4819155836437928,4819155836437928,196713623515016664,196713623515016664
50,586,871,050ec401,4438857031560268,4438857031560268,172754798807724084,172754798807724084
50,586,872,050ed001,4363903392735088,4363903392735088,168032719561737744,168032719561737744
50,586,873,05107405,4357250040559806,4357250040559806,167613558374694978,167613558374694978
50,586,874,0510e403,4564936719783986,4564936719783986,180697819165818318,180697819165818318
50,586,875,0510e405,4505953100532026,4505953100532026,176981851152944838,176981851152944838
50,586,876,05186405,4198917603266100,4198917603266100,157638614825191500,157638614825191500
50,586,877,051c404c,4529765479567614,4529765479567614,178482031032186882,178482031032186882
50,586,878,051c4405,4214103214290680,4214103214290680,158595308319740040,158595308319740040
50,586,879,051c4406,4446391785636676,4446391785636676,173229488314537788,173229488314537788
50,586,880,051c440c,4396302859891994,4396302859891994,170073885992622822,170073885992622822
50,586,881,051c4414,4556931370238336,4556931370238336,180193482144442368,180193482144442368
50,586,882,051c4421,4364686729066460,4364686729066460,168082069750614180,168082069750614180
50,586,883,051c4422,4438639197906896,4438639197906896,172741075287561648,172741075287561648
50,586,884,051c4424,4644910554958676,4644910554958676,185736170781823788,185736170781823788
50,586,885,051c4444,4600784550900496,4600784550900496,182956232526158448,182956232526158448
50,586,886,051c4484,4422303677345054,4422303677345054,171711937492165602,171711937492165602
50,586,887,051c4501,4510049382999868,4510049382999868,177239916948418884,177239916948418884
50,586,888,051c4502,4385211738461536,4385211738461536,169375145342503968,169375145342503968
50,586,889,051c4504,4457860551191384,4457860551191384,173952020544484392,173952020544484392
50,586,890,051c4604,4319761170398002,4319761170398002,165251759554501326,165251759554501326
50,586,891,051c4c04,4556603812420424,4556603812420424,180172846001913912,180172846001913912
50,586,892,051c5404,4233427837482890,4233427837482890,159812759580849270,159812759580849270
50,586,893,051c6404,4256491240805344,4256491240805344,161265753990163872,161265753990163872
50,586,894,051c6420,4416955259951536,4416955259951536,171374987196373968,171374987196373968
50,586,895,051c6500,4541605101902120,4541605101902120,179227927239260760,179227927239260760
50,586,896,051cc401,4579528123551444,4579528123551444,181617077603168172,181617077603168172
50,586,897,051cc402,4459818020149392,4459818020149392,174075341088838896,174075341088838896
50,586,898,051cc404,4391442079968020,4391442079968020,169767656857412460,169767656857412460
50,586,899,051cd001,4464128290964544,4464128290964544,174346888150193472,174346888150193472
50,586,900,051ce400,4574774955059856,4574774955059856,181317627988198128,181317627988198128
50,586,901,051d4404,4645625136546764,4645625136546764,185781189421873332,185781189421873332
50,586,902,051e4404,4326888426688988,4326888426688988,165700776700833444,165700776700833444
50,586,903,051e4420,4446411142893940,4446411142893940,173230707821745420,173230707821745420
50,586,904,051e4500,4554056827628076,4554056827628076,180012385959995988,180012385959995988
50,586,905,051e5100,4513497821897212,4513497821897212,177457168598951556,177457168598951556
50,586,906,051ec400,4604424289773852,4604424289773852,183185536075179876,183185536075179876
50,586,907,051ed000,4405893214188432,4405893214188432,170678078313298416,170678078313298416
50,586,908,052c4484,4232121119006730,4232121119006730,159730436316851190,159730436316851190
50,586,909,052c5404,4390728152734908,4390728152734908,169722679441726404,169722679441726404
50,586,910,052cc401,4253449337311842,4253449337311842,161074114070073246,161074114070073246
50,586,911,052cc402,4088403958813882,4088403958813882,150676255224701766,150676255224701766
50,586,912,052cc404,4084762107395478,4084762107395478,150446818585342314,150446818585342314
50,586,913,052ce400,4252593882460104,4252593882460104,161020220414413752,161020220414413752
50,586,914,052ec400,4242480776746260,4242480776746260,160383094754441580,160383094754441580
50,586,915,05346401,4283530493744524,4283530493744524,162969226925332212,162969226925332212
50,586,916,0538c003,4383560913685096,4383560913685096,169271143381588248,169271143381588248
50,586,917,053c4404,4228676892496220,4228676892496220,159513450046689060,159513450046689060
50,586,918,053cc001,4345800026164084,4345800026164084,166892207467764492,166892207467764492
50,586,919,053ec000,4316888252401992,4316888252401992,165070765720752696,165070765720752696
50,586,920,0548c403,4403779197936716,4403779197936716,170544895289440308,170544895289440308
50,586,921,054c4405,4114234875771960,4114234875771960,152303602993060680,152303602993060680
50,586,922,054c4421,4270288271247582,4270288271247582,162134966908024866,162134966908024866
50,586,923,054c4501,4390605913503378,4390605913503378,169714978370140014,169714978370140014
50,586,924,054cc401,4442184231304982,4442184231304982,172964412391641066,172964412391641066
50,586,925,054cc408,4572472787093258,4572472787093258,181172591406302454,181172591406302454
50,586,926,054ec400,4642118186751896,4642118186751896,185560251584796648,185560251584796648
50,586,927,05586404,4771938377159252,4771938377159252,193738923580460076,193738923580460076
50,586,928,0558c402,4620867411773678,4620867411773678,184221452761168914,184221452761168914
50,586,929,0558c404,4549348961105286,4549348961105286,179715790369060218,179715790369060218
50,586,930,055c4404,4294386928190844,4294386928190844,163653182295450372,163653182295450372
50,586,931,0578c002,4348982259970998,4348982259970998,167092688197600074,167092688197600074
50,586,932,0578c004,4366876302636016,4366876302636016,168220012885496208,168220012885496208
50,586,933,058c4405,4380253591319150,4380253591319150,169062782072533650,169062782072533650
50,586,934,058c4421,4551605466288082,4551605466288082,179857950195576366,179857950195576366
50,586,935,058c4501,4752104839528498,4752104839528498,192489410709722574,192489410709722574
50,586,936,058cc401,4826837324599902,4826837324599902,197197557269221026,197197557269221026
50,586,937,058cd001,4652448075940272,4652448075940272,186211034603664336,186211034603664336
50,586,938,058cd008,4642327623605108,4642327623605108,185573446106549004,185573446106549004
50,586,939,05906405,4601932132364190,4601932132364190,183028530158371170,183028530158371170
50,586,940,0590f001,4966248142029044,4973822773135944,205980438767256972,206457640526991672
50,586,941,059c4404,4550101874113344,4550101874113344,179763223888567872,179763223888567872
50,586,942,059ca400,4695768133805716,4695768133805716,188940198249187308,188940198249187308
50,586,943,05acc001,4542144698956472,4542144698956472,179261921853684936,179261921853684936
50,586,944,05b06401,4654847275144014,4654847275144014,186362184153500082,186362184153500082
50,586,945,05d84408,4925684432968260,4925684432968260,203424925096427580,203424925096427580
50,586,946,05e8c001,4535961089607350,4541994675075260,178872354464690250,179252470349168580
50,586,947,060c7401,4316320041524680,4329954377517100,165034968435482040,165893931603004500
50,586,948,06187401,4431182454772216,4431182454772216,172271300470076808,172271300470076808
50,586,949,063c6001,4319876947472022,4319876947472022,165259053510164586,165259053510164586
50,586,950,063c6008,4550750961229658,4550750961229658,179804116376895654,179804116376895654
50,586,951,0648d401,4681926931682442,4681926931682442,188068202515421046,188068202515421046
50,586,952,064c5401,4346261676773390,4359896012765810,166921291456150770,167780254623673230
50,586,953,06584403,4378581881757460,4378581881757460,168957464370147180,168957464370147180
50,586,954,06584409,4858256588301246,4858256588301246,199176970882405698,199176970882405698
50,586,955,0658440c,4524424695619530,4524424695619530,178145561643457590,178145561643457590
50,586,956,06584428,4632253017430792,4632253017430792,184938745917567096,184938745917567096
50,586,957,06584508,4844775395516758,4844775395516758,198327655736982954,198327655736982954
50,586,958,06585401,4421242556246516,4421242556246516,171645086862957708,171645086862957708
50,586,959,06585404,4467204854455408,4467204854455408,174540711650117904,174540711650117904
50,586,960,0658c048,5081905249251142,5081905249251142,213266836522249146,213266836522249146
50,586,961,0658c408,5077586596831398,5077586596831398,212994761419805274,212994761419805274
50,586,962,065c4041,4533465944245316,4533465944245316,178715160306882108,178715160306882108
50,586,963,065c4048,4683657475058512,4683657475058512,188177226748113456,188177226748113456
50,586,964,065c4401,4391868404294472,4391868404294472,169794515289978936,169794515289978936
50,586,965,065c4402,4569328340524382,4569328340524382,180974491272463266,180974491272463266
50,586,966,065c4404,4508894248328428,4508894248328428,177167143464118164,177167143464118164
50,586,967,065c4408,4654170115922508,4654170115922508,186319523122545204,186319523122545204
50,586,968,065c4410,4694471869573112,4694471869573112,188858533602533256,188858533602533256
50,586,969,065c5001,4449111913900882,4449111913900882,173400856395182766,173400856395182766
50,586,970,066c4401,4250892103249390,4264526439241810,160913008324138770,161771971491661230
50,586,971,06784081,4263831483087826,4263831483087826,161728189253960238,161728189253960238
50,586,972,06784401,4313707823685286,4313707823685286,164870398711600218,164870398711600218
50,586,973,06784404,4441700783622518,4441700783622518,172933955187645834,172933955187645834
50,586,974,067c4001,4286546335107752,4286546335107752,163159224931215576,163159224931215576
50,586,975,067c4008,4503749557429138,4503749557429138,176843027937462894,176843027937462894
50,586,976,06887009,4893021573570182,4906655909562602,201367164954348666,202226128121871126
50,586,977,06c85401,4603208786913932,4616843122906352,183108959395004916,183967922562527376
50,586,978,07086409,4700083516330540,4713717852322960,189212067348251220,190071030515773680
50,586,979,0708e401,4697333087695300,4697333087695300,189038790344231100,189038790344231100
50,586,980,070c140c,4795267839944580,4795267839944580,195208679735935740,195208679735935740
50,586,981,070c4403,4408883471374106,4422517807366526,170866464515995878,171725427683518338
50,586,982,070c4405,4215234084875414,4215234084875414,158666553166578282,158666553166578282
50,586,983,070c4409,4844148033627102,4857782369619522,198288131937934626,199147095105457086
50,586,984,070c440a,4558220434742562,4571854770734982,180274693208208606,181133656375731066
50,586,985,070c440c,4486007440345860,4486007440345860,175725274561216380,175725274561216380
50,586,986,070c4411,4480972347064756,4494606683057176,175408063684506828,176267026852029288
50,586,987,070c4418,4744176816925952,4757811152918372,191989945285762176,192848908453284636
50,586,988,070c4421,4293931607543106,4293931607543106,163624497094642878,163624497094642878
50,586,989,070c4422,4448204373233242,4448204373233242,173343681333121446,173343681333121446
50,586,990,070c4428,4558490418597472,4558490418597472,180291702191067936,180291702191067936
50,586,991,070c4441,4742730934063456,4756365270055876,191898854665424928,192757817832947388
50,586,992,070c4442,4777876667397412,4791511003389832,194113035865464156,194971999032986616
50,586,993,070c4448,5005935403924652,5019569739917072,208480736266680276,209339699434202736
50,586,994,070c4481,4503297543840748,4503297543840748,176814551081394324,176814551081394324
50,586,995,070c4488,4726626706180718,4726626706180718,190884288308812434,190884288308812434
50,586,996,070c4501,4515941692922242,4515941692922242,177611132473528446,177611132473528446
50,586,997,070c4508,4753696264234328,4753696264234328,192589670466189864,192589670466189864
50,586,998,070c4601,4487261592352986,4487261592352986,175804286137665318,175804286137665318
50,586,999,070c4608,4713546004184756,4713546004184756,190060204083066828,190060204083066828
50,586,1000,070c4c01,4582451061616218,4582451061616218,181801222701248934,181801222701248934
50,586,1001,070c4c08,4784210072271678,4784210072271678,194512040372542914,194512040372542914
50,586,1002,070c5081,4443795468691218,4443795468691218,173065920346973934,173065920346973934
50,586,1003,070c5401,4380454386210052,4394088722202472,169075432150660476,169934395318182936
50,586,1004,070c5402,4357487230610132,4371121566602552,167628501347865516,168487464515387976
50,586,1005,070c5404,4206542734007308,4206542734007308,158118998061887604,158118998061887604
50,586,1006,070c5408,4589227532953328,4602861868945748,182228140395486864,183087103563009324
50,586,1007,070c5410,4536246008924202,4549880344916622,178890304381651926,179749267549174386
50,586,1008,070c5480,4588961775443398,4588961775443398,182211397672361274,182211397672361274
50,586,1009,070c6401,4243249346536922,4256883682529342,160431514651253286,161290477818775746
50,586,1010,070c6408,4506453816398118,4520088152390538,177013396252508634,177872359420031094
50,586,1011,070c7001,4320476507216902,4334110843209322,165296825774092026,166155788941614486
50,586,1012,070c7400,4512651592005594,4526285927998014,177403856115779622,178262819283302082
50,586,1013,070cc401,4800316949251122,4800316949251122,195526773622247886,195526773622247886
50,586,1014,070cc408,5013983821923238,5013983821923238,208987786600591194,208987786600591194
50,586,1015,070cd080,4715863455523318,4715863455523318,190206203517396234,190206203517396234
50,586,1016,070d4401,4713494287473358,4713494287473358,190056945930248754,190056945930248754
50,586,1017,070d4408,5005656204424958,5005656204424958,208463146698199554,208463146698199554
50,586,1018,070e4401,4364212106440528,4364212106440528,168052168525180464,168052168525180464
50,586,1019,070e4408,4565486486446364,4565486486446364,180732454465548132,180732454465548132
50,586,1020,070e5001,4412583547796128,4412583547796128,171099569330583264,171099569330583264
50,586,1021,070e5400,4508101624706390,4508101624706390,177117208175929770,177117208175929770
50,586,1022,070ed000,4576634464560140,4576634464560140,181434777086716020,181434777086716020
50,586,1023,07106045,4627066882961666,4627066882961666,184612019446012158,184612019446012158
50,586,1024,07106403,4669242158833226,4669242158833226,187269061825920438,187269061825920438
50,586,1025,07106405,4555904195505806,4555904195505806,180128770136292978,180128770136292978
50,586,1026,07107041,4720519129966536,4720519129966536,190499511007318968,190499511007318968
50,586,1027,07107401,4656694424830344,4656694424830344,186478554583738872,186478554583738872
50,586,1028,0710f001,4950235776505344,4957810407612244,204971659739263872,205448861498998572
50,586,1029,07124405,4717399535226820,4717399535226820,190302976538716860,190302976538716860
50,586,1030,07143401,4632221886744784,4632221886744784,184936784684348592,184936784684348592
50,586,1031,07144c02,5061136991925432,5061136991925432,211958436310729416,211958436310729416
50,586,1032,07186041,4536490123140716,4536490123140716,178905683577292308,178905683577292308
50,586,1033,07186401,4420855891525814,4420855891525814,171620726985553482,171620726985553482
50,586,1034,0718e001,4724505157179834,4724505157179834,190750630721756742,190750630721756742
50,586,1035,071c4003,4533734450151676,4533734450151676,178732076178982788,178732076178982788
50,586,1036,071c4005,4434486514877796,4434486514877796,172479456256728348,172479456256728348
50,586,1037,071c4009,4883775776775404,4883775776775404,200784679756277652,200784679756277652
50,586,1038,071c4011,4555138753080806,4555138753080806,180080547263517978,180080547263517978
50,586,1039,071c4021,4504535087123376,4504535087123376,176892516308199888,176892516308199888
50,586,1040,071c4041,4596061800391506,4596061800391506,182658699244092078,182658699244092078
50,586,1041,071c4048,4714341671687302,4714341671687302,190110331135727226,190110331135727226
50,586,1042,071c4081,4589381801987680,4589381801987680,182237859344651040,182237859344651040
50,586,1043,071c4088,4650234117128330,4650234117128330,186071555198511990,186071555198511990
50,586,1044,071c4101,4614278798704934,4614278798704934,183806370137838042,183806370137838042
50,586,1045,071c4201,4541872545130218,4541872545130218,179244776162630934,179244776162630934
50,586,1046,071c4208,4615657727289688,4615657727289688,183893242638677544,183893242638677544
50,586,1047,071c4401,4490073836440314,4490073836440314,175981457515166982,175981457515166982
50,586,1048,071c4402,4563007282139442,4563007282139442,180576264594212046,180576264594212046
50,586,1049,071c4404,4417435083104180,4417435083104180,171405216054990540,171405216054990540
50,586,1050,071c4408,4745422041050490,4745422041050490,192068394405608070,192068394405608070
50,586,1051,071c4410,4683234311743272,4683234311743272,188150567459253336,188150567459253336
50,586,1052,071c4480,4786082521348730,4786082521348730,194630004664397190,194630004664397190
50,586,1053,071c4801,4785349475341270,4785349475341270,194583822765927210,194583822765927210
50,586,1054,071c5001,4462955324387454,4462955324387454,174272991255836802,174272991255836802
50,586,1055,071c6001,4373562645490094,4373562645490094,168641252485303122,168641252485303122
50,586,1056,071c6400,4577005182320136,4577005182320136,181458132305595768,181458132305595768
50,586,1057,071cc001,4748921279041144,4748921279041144,192288846399019272,192288846399019272
50,586,1058,071d4001,4850867835692310,4850867835692310,198711479468042730,198711479468042730
50,586,1059,071e4001,4462876121021150,4462876121021150,174268001443759650,174268001443759650
50,586,1060,071e4008,4519225902461586,4519225902461586,177818037674507118,177818037674507118
50,586,1061,071e4010,4553043044338356,4553043044338356,179948517612743628,179948517612743628
50,586,1062,071e4040,4632665191438276,4632665191438276,184964712880038588,184964712880038588
50,586,1063,071e4100,4617559587677542,4617559587677542,184013059843112346,184013059843112346
50,586,1064,071e4400,4614570411194112,4614570411194112,183824741724656256,183824741724656256
50,586,1065,071ec000,4757590117597132,4757590117597132,192834983228046516,192834983228046516
50,586,1066,072c4081,4312184225583588,4312184225583588,164774412031193244,164774412031193244
50,586,1067,072c4401,4295319234237672,4308953570230092,163711917576400536,164570880743922996
50,586,1068,072c4402,4333215699716332,4346850035708752,166099394901556116,166958358069078576
50,586,1069,072c4404,4185562449030588,4185562449030588,156797240108354244,156797240108354244
50,586,1070,072c4408,4512408804538138,4526043140530558,177388560505329894,178247523672852354
50,586,1071,072c4410,4414310247183362,4427944583175782,171208351391979006,172067314559501466
50,586,1072,072c4480,4521973256555598,4521973256555598,177991120982429874,177991120982429874
50,586,1073,072c6001,4160128368762522,4173762704754942,155194893051466086,156053856218988546
50,586,1074,072c6400,4393468975025244,4407103311017664,169895351246017572,170754314413540032
50,586,1075,072e4400,4360619971416210,4360619971416210,167825864018648430,167825864018648430
50,586,1076,07306041,4595781339908486,4595781339908486,182641030233661818,182641030233661818
50,586,1077,07306401,4533457570508594,4533457570508594,178714632761468622,178714632761468622
50,586,1078,0730e001,4751559984971384,4759134616078284,192455084872624392,192932286632359092
50,586,1079,07342401,4522494903588054,4522494903588054,178023984745474602,178023984745474602
50,586,1080,073c4001,4355869022630734,4355869022630734,167526554245163442,167526554245163442
50,586,1081,073c4008,4534802754683630,4534802754683630,178799379364495890,178799379364495890
50,586,1082,0748400b,4764841213602886,4778475549595306,193291802276409018,194150765443931478
50,586,1083,07484089,4788587774656270,4788587774656270,194787835622772210,194787835622772210
50,586,1084,07484403,4391862479648306,4405496815640726,169794142037270478,170653105204792938
50,586,1085,07484405,4239204123189334,4239204123189334,160176665580355242,160176665580355242
50,586,1086,07484409,4753535676183450,4767170012175870,192579553418984550,193438516586507010
50,586,1087,07484411,4470134345728636,4483768681721056,174725269600331268,175584232767853728
50,586,1088,07484418,4653289707935128,4666924043927548,186264057419340264,187123020586862724
50,586,1089,07484421,4341506225352426,4341506225352426,166621698016630038,166621698016630038
50,586,1090,07484441,4689689234395126,4703323570387546,188557227586320138,189416190753842598
50,586,1091,07484481,4509097622874390,4509097622874390,177179956060513770,177179956060513770
50,586,1092,07484501,4558780434507000,4558780434507000,180309973193368200,180309973193368200
50,586,1093,07484601,4557030669135230,4557030669135230,180199737974946690,180199737974946690
50,586,1094,07484c01,4556881464141110,4556881464141110,180190338060317130,180190338060317130
50,586,1095,07485003,4435328603211376,4448962939203796,172532507821743888,173391470989266348
50,586,1096,07485005,4343449228791634,4343449228791634,166744107233300142,166744107233300142
50,586,1097,07485009,4688910578877850,4702544914870270,188508172288731750,189367135456254210
50,586,1098,07485011,4434651987910846,4448286323903266,172489881057810498,173348844225332958
50,586,1099,07485021,4403945943954076,4403945943954076,170555400288533988,170555400288533988
50,586,1100,07485041,4469413981153446,4483048317145866,174679886632094298,175538849799616758
50,586,1101,07485081,4441265605511670,4441265605511670,172906538966662410,172906538966662410
50,586,1102,07485101,4404408078864950,4404408078864950,170584514787919050,170584514787919050
50,586,1103,07485201,4530658646102940,4530658646102940,178538300523912420,178538300523912420
50,586,1104,07485401,4384092615289530,4397726951281950,169304640582667590,170163603750190050
50,586,1105,07485408,4528625919197562,4542260255189982,178410238728873606,179269201896396066
50,586,1106,07485801,4572531214484870,4572531214484870,181176272331974010,181176272331974010
50,586,1107,07486009,4982785199004210,4996419534996630,207022273356692430,207881236524214890
50,586,1108,07486401,4662067138218880,4675701474211300,186817035527216640,187675998694739100
50,586,1109,07486408,4845222500425372,4858856836417792,198355823346225636,199214786513748096
50,586,1110,07487001,4682392913865550,4696027249857970,188097559392956850,188956522560479310
50,586,1111,0748c003,4732604925921366,4732604925921366,191260916152473258,191260916152473258
50,586,1112,0748c081,4811776827864240,4811776827864240,196248745974874320,196248745974874320
50,586,1113,0748c401,4815447504338250,4815447504338250,196479998592736950,196479998592736950
50,586,1114,0748d001,4587480387466470,4587480387466470,182118070229814810,182118070229814810
50,586,1115,0748e001,4956333175077050,4956333175077050,205355795849281350,205355795849281350
50,586,1116,07494401,4673985481648470,4673985481648470,187567891163280810,187567891163280810
50,586,1117,07495001,4682640976600470,4682640976600470,188113187345256810,188113187345256810
50,586,1118,074a4401,4484059534573632,4484059534573632,175602556497566016,175602556497566016
50,586,1119,074a4408,4599761372039964,4599761372039964,182891772257944932,182891772257944932
50,586,1120,074a5001,4533389397852692,4533389397852692,178710337884146796,178710337884146796
50,586,1121,074c4401,4307015332481822,4320649668474242,164448771765781986,165307734933304446
50,586,1122,074c4402,4472399720138512,4486034056130932,174867988188153456,175726951355675916
50,586,1123,074c4408,4486841485459178,4500475821451598,175777819403355414,176636782570877874
50,586,1124,074c5001,4348950027497272,4362584363489692,167090657551755336,167949620719277796
50,586,1125,07504405,4587974260592086,4587974260592086,182149184236728618,182149184236728618
50,586,1126,07584003,4550166583635946,4550166583635946,179767300588491798,179767300588491798
50,586,1127,07584005,4485950615468036,4485950615468036,175721694593913468,175721694593913468
50,586,1128,07584009,4830467228187484,4830467228187484,197426241195238692,197426241195238692
50,586,1129,07584011,4564974825808436,4564974825808436,180700219845358668,180700219845358668
50,586,1130,07584021,4578570862967166,4578570862967166,181556770186358658,181556770186358658
50,586,1131,07584041,4550500215828476,4550500215828476,179788319416621188,179788319416621188
50,586,1132,07584042,4698254802854288,4698254802854288,189096858399247344,189096858399247344
50,586,1133,07584048,4671603772570878,4671603772570878,187417843491392514,187417843491392514
50,586,1134,07584081,4573149320748684,4573149320748684,181215213026594292,181215213026594292
50,586,1135,07584088,4626680612597524,4626680612597524,184587684413071212,184587684413071212
50,586,1136,07584101,4658756754741804,4658756754741804,186608481368160852,186608481368160852
50,586,1137,07584201,4565018800374734,4565018800374734,180702990243035442,180702990243035442
50,586,1138,07584208,4641627667980810,4641627667980810,185529348902218230,185529348902218230
50,586,1139,07584401,4446763938262724,4446763938262724,173252933929978812,173252933929978812
50,586,1140,07584402,4658087651907248,4658087651907248,186566327889583824,186566327889583824
50,586,1141,07584404,4528037217434406,4528037217434406,178373150517794778,178373150517794778
50,586,1142,07584408,4678585841813936,4678585841813936,187857713853705168,187857713853705168
50,586,1143,07584410,4745849489701658,4745849489701658,192095323670631654,192095323670631654
50,586,1144,07584801,4781372539412274,4781372539412274,194333275802400462,194333275802400462
50,586,1145,07585001,4464251128611404,4464251128611404,174354626921945652,174354626921945652
50,586,1146,07586001,4785974344781604,4785974344781604,194623189540668252,194623189540668252
50,586,1147,0758c001,4758358089490824,4758358089490824,192883365457349112,192883365457349112
50,586,1148,07594001,4806492721374604,4806492721374604,195915847266027252,195915847266027252
50,586,1149,075a4001,4586860203508206,4586860203508206,182078998640444178,182078998640444178
50,586,1150,075a4008,4640510235510448,4640510235510448,185458950656585424,185458950656585424
50,586,1151,075a4400,4811679295079904,4811679295079904,196242601409461152,196242601409461152
50,586,1152,075ac000,4994307732197134,4994307732197134,207748192947846642,207748192947846642
50,586,1153,075c4001,4361330381037834,4361330381037834,167870619824810742,167870619824810742
50,586,1154,07684003,4364741562644996,4378375898637416,168085524266061948,168944487433584408
50,586,1155,07684081,4319450676324160,4319450676324160,165232198427849280,165232198427849280
50,586,1156,07684401,4287980150730770,4301614486723190,163249555315465710,164108518482988170
50,586,1157,07685001,4609609731791480,4623244067783900,183512218922290440,184371182089812900
50,586,1158,07686001,4530984622286850,4544618958279270,178558837023498750,179417800191021210
50,586,1159,07784001,4321181038638984,4321181038638984,165341211253683192,165341211253683192
50,586,1160,07784008,4507140785883736,4507140785883736,177056675330102568,177056675330102568
50,586,1161,07886401,4607795709014030,4621430045006450,183397935487311090,184256898654833550
50,586,1162,078c1005,4311960094780744,4311960094780744,164760291790614072,164760291790614072
50,586,1163,078c100c,4487880833151770,4487880833151770,175843298307988710,175843298307988710
50,586,1164,078c1011,4395590354941006,4409224690933426,170028998180710578,170887961348233038
50,586,1165,078c1021,4398861228679016,4398861228679016,170235063226205208,170235063226205208
50,586,1166,078c1028,4536840509341602,4536840509341602,178927757907948126,178927757907948126
50,586,1167,078c1041,4563165098541246,4576799434533666,180586207027525698,181445170195048158
50,586,1168,078c1101,4480172935990672,4480172935990672,175357700786839536,175357700786839536
50,586,1169,078c1108,4539864353890148,4539864353890148,179118260114506524,179118260114506524
50,586,1170,078c1401,4518184887287162,4531819223279582,177752453718518406,178611416886040866
50,586,1171,078c1404,4352951486205608,4352951486205608,167342749450380504,167342749450380504
50,586,1172,078c4108,4835913225296388,4835913225296388,197769339013099644,197769339013099644
50,586,1173,078c4401,4679951310547812,4693585646540232,187943738383939356,188802701551461816
50,586,1174,078c4408,4940568425879248,4954202761871668,204362616649819824,205221579817342284
50,586,1175,078c5001,4600038830229342,4613673166221762,182909252123875746,183768215291398206
50,586,1176,078c5008,4706403591649088,4720037927641508,189610232093319744,190469195260842204
50,586,1177,078c9001,4669995596685132,4669995596685132,187316528410590516,187316528410590516
50,586,1178,078c9008,4724383367010418,4724383367010418,190742957941083534,190742957941083534
50,586,1179,078e1004,4374515485150062,4374515485150062,168701281383881106,168701281383881106
50,586,1180,078e1020,4437926247512456,4437926247512456,172696159412711928,172696159412711928
50,586,1181,078e1100,4460078516955530,4460078516955530,174091752387625590,174091752387625590
50,586,1182,078e5000,4689825575116120,4689825575116120,188565817051742760,188565817051742760
50,586,1183,078e9000,4643976308949740,4643976308949740,185677313283260820,185677313283260820
50,586,1184,07907001,4974941544699854,4982516175806754,206528123135518002,207005324895252702
50,586,1185,07986001,4748997058025584,4748997058025584,192293620475038992,192293620475038992
50,586,1186,07986008,4880530639870106,4880530639870106,200580236131243878,200580236131243878
50,586,1187,079c000a,4736903943307722,4736903943307722,191531754247813686,191531754247813686
50,586,1188,079c000c,4610570806224932,4610570806224932,183572766611597916,183572766611597916
50,586,1189,079c0088,4799934434143290,4799934434143290,195502675170454470,195502675170454470
50,586,1190,079c0208,4771245493343548,4771245493343548,193695271900070724,193695271900070724
50,586,1191,079c1001,4529612402545474,4529612402545474,178472387179792062,178472387179792062
50,586,1192,079c1002,4646171359083362,4658566209985562,185815601441679006,186596477048517606
50,586,1193,079c1004,4424186898123050,4436581749025250,171830580401179350,172611456008017950
50,586,1194,079c1008,4672266601960130,4672266601960130,187459601742915390,187459601742915390
50,586,1195,079c1010,4521986803113832,4521986803113832,177991974415598616,177991974415598616
50,586,1196,079c1080,4760851075125130,4773245926027330,193040423552310390,193821299159148990
50,586,1197,079c2008,4570723075089350,4570723075089350,181062359550056250,181062359550056250
50,586,1198,079c3000,4620150694565866,4620150694565866,184176299577076758,184176299577076758
50,586,1199,079c4001,4728585825292244,4728585825292244,191007712812838572,191007712812838572
50,586,1200,079c4008,4847700640579350,4847700640579350,198511946175926250,198511946175926250
50,586,1201,079e1000,4606850875282802,4606850875282802,183338410962243726,183338410962243726
50,586,1202,079e4000,4792861691388062,4792861691388062,195057092376875106,195057092376875106
50,586,1203,07ac4001,4491887858961002,4505522194953422,176095740933970326,176954704101492786
50,586,1204,07ac4008,4641058623232108,4654692959224528,185493499083050004,186352462250572464
50,586,1205,07ae4000,4535081362701980,4535081362701980,178816931669651940,178816931669651940
50,586,1206,07b06001,4799019108765154,4806593739872054,195445009671631902,195922211431366602
50,586,1207,07bc0008,4642177441669260,4642177441669260,185563984644590580,185563984644590580
50,586,1208,07c84009,4973713652150490,4987347988142910,206450765904908070,207309729072430530
50,586,1209,07c84401,4659751160411490,4673385496403910,186671128925351070,187530092092873530
50,586,1210,07c85001,4640361490356020,4653995826348440,185449579711856460,186308542879378920
50,586,1211,07c86008,5054613224494652,5068247560487072,211547438962590276,212406402130112736
50,586,1212,07c8c001,4943334031644710,4943334031644710,204536849813043930,204536849813043930
50,586,1213,07cc1004,4413323265901688,4427783925287588,171146171571233544,172057193112545244
50,586,1214,07cc4008,4676148569106778,4689782905099198,187704165673154214,188563128840676674
50,586,1215,07d84001,4729017015710494,4729017015710494,191034877809188322,191034877809188322
50,586,1216,07d84002,5060146065962728,5072540916864928,211896007975079064,212676883581917664
50,586,1217,07d84008,4845171252689846,4845171252689846,198352594738887498,198352594738887498
50,586,1218,07dc0002,4678540457041402,4690935307943602,187854854613035526,188635730219874126
50,586,1219,07e84001,4502913639943160,4516547975935580,176790365135846280,177649328303368740
50,586,1220,090d5404,4254690946616838,4254690946616838,161152335456287994,161152335456287994
50,586,1221,09144407,4359559482104028,4359559482104028,167759053191980964,167759053191980964
50,586,1222,09146502,4449785653053276,4449785653053276,173443301961783588,173443301961783588
50,586,1223,0914c403,4324656185580012,4324656185580012,165560145510967956,165560145510967956
50,586,1224,0914c40a,4462841975905818,4462841975905818,174265850301493734,174265850301493734
50,586,1225,091c4405,4121250373669566,4121250373669566,152745579360609858,152745579360609858
50,586,1226,091c440c,4273588002663480,4273588002663480,162342849987226440,162342849987226440
50,586,1227,091c4604,4185410574106930,4185410574106930,156787671988163790,156787671988163790
50,586,1228,091c6108,4597814417950380,4597814417950380,182769114150301140,182769114150301140
50,586,1229,091c6404,4365726148022742,4365726148022742,168147553144859946,168147553144859946
50,586,1230,091c6420,4494118922895606,4494118922895606,176236297961850378,176236297961850378
50,586,1231,091c6500,4602879288046638,4602879288046638,183088200966365394,183088200966365394
50,586,1232,091cc00c,4187360790645366,4187360790645366,156910535630085258,156910535630085258
50,586,1233,091cc401,4381316932226598,4381316932226598,169129772549702874,169129772549702874
50,586,1234,091cd008,4236313256830164,4236313256830164,159994540999727532,159994540999727532
50,586,1235,091ce008,4412607838999728,4412607838999728,171101099676410064,171101099676410064
50,586,1236,091ce400,4594525710796074,4594525710796074,182561925599579862,182561925599579862
50,586,1237,091d4404,4305542598225984,4305542598225984,164355989507664192,164355989507664192
50,586,1238,091dd000,4353577781064408,4353577781064408,167382206026484904,167382206026484904
50,586,1239,091e4404,4510938036000372,4510938036000372,177295902087450636,177295902087450636
50,586,1240,091ec400,4788698815967244,4788698815967244,194794831225363572,194794831225363572
50,586,1241,09344405,4260789223940040,4260789223940040,161536526927649720,161536526927649720
50,586,1242,09346401,4360454218096452,4360454218096452,167815421559503676,167815421559503676
50,586,1243,09944405,4538265797471286,4538265797471286,179017551060118218,179017551060118218
50,586,1244,0a0c5481,4552652868145026,4552652868145026,179923936512563838,179923936512563838
50,586,1245,0a1c5408,4648264085598624,4648264085598624,185947443212140512,185947443212140512
50,586,1246,0a3c5008,4791271096972674,4791271096972674,194956884928705662,194956884928705662
50,586,1247,0a5c5008,4646395653022452,4646395653022452,185829731959841676,185829731959841676
50,586,1248,0b0c4481,4591547098001226,4591547098001226,182374272993504438,182374272993504438
50,586,1249,0b0c4601,4492089519212322,4492089519212322,176108445529803486,176108445529803486
50,586,1250,0b0c4608,4646709488982972,4646709488982972,185849503625354436,185849503625354436
50,586,1251,0b0c4c01,4468656817152756,4468656817152756,174632185300050828,174632185300050828
50,586,1252,0b0c5600,4541623459942448,4541623459942448,179229083795801424,179229083795801424
50,586,1253,0b0cc401,4946720887742206,4954384632156246,204750221747186178,205233037645270698
50,586,1254,0b0cd008,4656809214873312,4656809214873312,186485786356445856,186485786356445856
50,586,1255,0b0cd200,4681726029294848,4681726029294848,188055545665002624,188055545665002624
50,586,1256,0b0d4401,4357069447393110,4357069447393110,167602181005193130,167602181005193130
50,586,1257,0b0d5400,4502343697041146,4502343697041146,176754458733019398,176754458733019398
50,586,1258,0b0dd000,4615052273835926,4615052273835926,183855099071090538,183855099071090538
50,586,1259,0b144403,4411093955603772,4411093955603772,171005725022464836,171005725022464836
50,586,1260,0b144405,4447982744208660,4447982744208660,173329718704572780,173329718704572780
50,586,1261,0b14440a,4617616200320328,4617616200320328,184016626439607864,184016626439607864
50,586,1262,0b14440c,4646637656032446,4646637656032446,185844978149471298,185844978149471298
50,586,1263,0b144604,4437264841649894,4437264841649894,172654490843370522,172654490843370522
50,586,1264,0b146402,4709954876196612,4709954876196612,189833963019813756,189833963019813756
50,586,1265,0b154404,4582556503828510,4582556503828510,181807865560623330,181807865560623330
50,586,1266,0b184403,4397971606758522,4397971606758522,170179017045214086,170179017045214086
50,586,1267,0b1c4003,4332069757926672,4332069757926672,166027200568807536,166027200568807536
50,586,1268,0b1c4005,4292841783706980,4292841783706980,163555838192966940,163555838192966940
50,586,1269,0b1c4009,4690523907456858,4690523907456858,188609811989209254,188609811989209254
50,586,1270,0b1c400a,4355027577472908,4355027577472908,167473543200220404,167473543200220404
50,586,1271,0b1c400c,4303459796208846,4303459796208846,164224772980584498,164224772980584498
50,586,1272,0b1c4011,4306565340135312,4306565340135312,164420422247951856,164420422247951856
50,586,1273,0b1c4018,4379862914669928,4379862914669928,169038169443632664,169038169443632664
50,586,1274,0b1c4021,4332373205153802,4332373205153802,166046317744116726,166046317744116726
50,586,1275,0b1c4028,4357541720967168,4357541720967168,167631934240358784,167631934240358784
50,586,1276,0b1c4041,4412602098403212,4412602098403212,171100738018829556,171100738018829556
50,586,1277,0b1c4048,4485899672937828,4485899672937828,175718485214510364,175718485214510364
50,586,1278,0b1c4081,4531431731530938,4531431731530938,178587004905876294,178587004905876294
50,586,1279,0b1c4088,4562192492291208,4562192492291208,180524932833773304,180524932833773304
50,586,1280,0b1c4101,4360510238130048,4360510238130048,167818950821620224,167818950821620224
50,586,1281,0b1c4108,4423302736870854,4423302736870854,171774878242291002,171774878242291002
50,586,1282,0b1c4201,4309864987714384,4309864987714384,164628300045433392,164628300045433392
50,586,1283,0b1c4208,4316982235869274,4316982235869274,165076686679191462,165076686679191462
50,586,1284,0b1c4401,4323103620787398,4323103620787398,165462333929033274,165462333929033274
50,586,1285,0b1c4408,4550319851351334,4550319851351334,179776956454561242,179776956454561242
50,586,1286,0b1c4600,4405386773395340,4405386773395340,170646172543333620,170646172543333620
50,586,1287,0b1c4801,4667519949771528,4667519949771528,187160562655033464,187160562655033464
50,586,1288,0b1c4808,4670178030101688,4670178030101688,187328021715833544,187328021715833544
50,586,1289,0b1c5001,4352078372967168,4352078372967168,167287743316358784,167287743316358784
50,586,1290,0b1c5008,4398368707203114,4398368707203114,170204034373223382,170204034373223382
50,586,1291,0b1c6001,4433193174597762,4433193174597762,172397975819086206,172397975819086206
50,586,1292,0b1c6008,4506490749132378,4506490749132378,177015723014767014,177015723014767014
50,586,1293,0b1c6400,4605029585097714,4605029585097714,183223669680583182,183223669680583182
50,586,1294,0b1cc001,4519181421499968,4519181421499968,177815235373925184,177815235373925184
50,586,1295,0b1cc008,4534265003213964,4534265003213964,178765501021906932,178765501021906932
50,586,1296,0b1d4001,4328196967369082,4328196967369082,165783214763679366,165783214763679366
50,586,1297,0b1d4008,4445503575378052,4445503575378052,173173531068244476,173173531068244476
50,586,1298,0b1d4400,4489503099968468,4489503099968468,175945501117440684,175945501117440684
50,586,1299,0b1e4001,4648121921442582,4648121921442582,185938486870309866,185938486870309866
50,586,1300,0b1e4008,4666468990310778,4666468990310778,187094352209006214,187094352209006214
50,586,1301,0b1e4010,4624968656743752,4624968656743752,184479831194283576,184479831194283576
50,586,1302,0b1e4040,4760911663683432,4760911663683432,193044240631483416,193044240631483416
50,586,1303,0b1e4100,4795383911681874,4795383911681874,195215992255385262,195215992255385262
50,586,1304,0b1e4400,4761927979825524,4761927979825524,193108268548435212,193108268548435212
50,586,1305,0b1ec000,4931582585307324,4931582585307324,203796508693788612,203796508693788612
50,586,1306,0b2c4600,4483963010045248,4483963010045248,175596475452277824,175596475452277824
50,586,1307,0b3c4001,4226057844549468,4226057844549468,159348450026043684,159348450026043684
50,586,1308,0b3c4008,4355137142048844,4355137142048844,167480445768504372,167480445768504372
50,586,1309,0b504405,4688671834165176,4688671834165176,188493131371833288,188493131371833288
50,586,1310,0b594001,4526355193689836,4526355193689836,178267183021886868,178267183021886868
50,586,1311,0b5c4001,4448137603578696,4448137603578696,173339474844885048,173339474844885048
50,586,1312,0b5c4008,4525267852146552,4525267852146552,178198680504659976,178198680504659976
50,586,1313,0b9c1200,4448114923019760,4460509773921960,173338045969672080,174118921576510680
50,586,1314,0b9c4001,4553704488667098,4553704488667098,179990188605454374,179990188605454374
50,586,1315,0b9c4008,4634309886144654,4634309886144654,185068328646540402,185068328646540402
50,586,1316,0b9e4000,4977321976747374,4977321976747374,206678090354511762,206678090354511762
50,586,1317,0d0cc401,4457360716952670,4457360716952670,173920530987445410,173920530987445410
50,586,1318,0d0cd001,4387628503836180,4387628503836180,169527401561106540,169527401561106540
50,586,1319,0d144422,4541156363985712,4541156363985712,179199656750527056,179199656750527056
50,586,1320,0d144502,4431423338705372,4431423338705372,172286476157865636,172286476157865636
50,586,1321,0d145404,4449288004928056,4449288004928056,173411950129894728,173411950129894728
50,586,1322,0d14c402,4519244295851388,4519244295851388,177819196458064644,177819196458064644
50,586,1323,0d1c4404,4328998005632770,4328998005632770,165833680174291710,165833680174291710
50,586,1324,0d4cc400,4803805825063816,4803805825063816,195746572798447608,195746572798447608
50,586,1325,0e0c5401,4398447292490430,4412081628482850,170208985246324290,171067948413846750
50,586,1326,0e3c4001,4401412480687332,4401412480687332,170395792102729116,170395792102729116
50,586,1327,0e3c4008,4599867354733088,4599867354733088,182898449167611744,182898449167611744
50,586,1328,0e584408,4844539938075552,4844539938075552,198312821918186976,198312821918186976
50,586,1329,0f0c4401,4376064198300840,4389698534293260,168798850312380120,169657813479902580
50,586,1330,0f0c4408,4631794778952796,4645429114945216,184909876893453348,185768840060975808
50,586,1331,0f0c5001,4410754565212230,4424388901204650,170984343427797690,171843306595320150
50,586,1332,0f0c5400,4497577868908532,4511212204900952,176454211560664716,177313174728187176
50,586,1333,0f0cd000,4574624135076512,4574624135076512,181308126329247456,181308126329247456
50,586,1334,0f104405,4649566534883322,4649566534883322,186029497517076486,186029497517076486
50,586,1335,0f144402,4657043795360658,4657043795360658,186500564927148654,186500564927148654
50,586,1336,0f1c4001,4437844376111782,4437844376111782,172691001514469466,172691001514469466
50,586,1337,0f1c4008,4548650358198338,4548650358198338,179671778385922494,179671778385922494
50,586,1338,0f1c4400,4592127363657594,4592127363657594,182410829729855622,182410829729855622
50,586,1339,0f2c4400,4417250636184942,4430884972177362,171393595899078546,172252559066601006
50,586,1340,0f484003,4696561955663006,4710196291655426,188990209026196578,189849172193719038
50,586,1341,0f484081,4737168583520672,4737168583520672,191548426581229536,191548426581229536
50,586,1342,0f484401,4596577337052792,4610211673045212,182691178053753096,183550141221275556
50,586,1343,0f485001,4586706068464312,4600340404456732,182069288132678856,182928251300201316
50,586,1344,0f486001,4839817503900522,4853451839892942,198015308565160086,198874271732682546
50,586,1345,0f584001,4642345241280136,4642345241280136,185574556020075768,185574556020075768
50,586,1346,0f584008,4750451473928498,4750451473928498,192385248676922574,192385248676922574
50,586,1347,0f584400,4858012523752934,4858012523752934,199161594815862042,199161594815862042
50,586,1348,0f9c1000,4591729350062154,4604124200964354,182385754873342902,183166630480181502
50,586,1349,0fc84001,4857989293806012,4871623629798432,199160131329205956,200019094496728416
50,586,1350,10386601,4021010957706296,4021010957706296,146430496154923848,146430496154923848
50,586,1351,10387401,4350387133828884,4350387133828884,167181195250646892,167181195250646892
50,586,1352,10396401,4116918263511728,4116918263511728,152472656420666064,152472656420666064
50,586,1353,11085c05,4113779007044466,4113779007044466,152274883263228558,152274883263228558
50,586,1354,11085c21,4233870305396718,4233870305396718,159840635059420434,159840635059420434
50,586,1355,11085d01,4266047829755082,4266047829755082,161867819093997366,161867819093997366
50,586,1356,11086c05,3979431846346356,3979431846346356,143811012139247628,143811012139247628
50,586,1357,11087608,4449917129568764,4480215653996364,173451584982259332,175360392021198132
50,586,1358,11087c04,4215937111238868,4215937111238868,158710843827475884,158710843827475884
50,586,1359,11087c20,4344649172515152,4344649172515152,166819703687881776,166819703687881776
50,586,1360,11087d00,4370125069062432,4370125069062432,168424685170360416,168424685170360416
50,586,1361,1108c40b,4842393730874692,4850057475288732,198177610864532796,198660426762617316
50,586,1362,1108cc03,4384009542844218,4384009542844218,169299407018612934,169299407018612934
50,586,1363,1108cc41,4797051922987608,4797051922987608,195321076967646504,195321076967646504
50,586,1364,1108dc01,4419131450373042,4419131450373042,171512087192928846,171512087192928846
50,586,1365,1108ec01,4307069704324416,4307069704324416,164452197191865408,164452197191865408
50,586,1366,1108fc00,4466668250140332,4466668250140332,174506905578268116,174506905578268116
50,586,1367,11106407,4339281480259116,4339281480259116,166481539075751508,166481539075751508
50,586,1368,11106423,4279664865956496,4279664865956496,162725692374686448,162725692374686448
50,586,1369,11106503,4254775769583996,4254775769583996,161157679303218948,161157679303218948
50,586,1370,11106702,4417901308034072,4417901308034072,171434588225573736,171434588225573736
50,586,1371,11107601,4134011289882438,4134011289882438,153549517082020794,153549517082020794
50,586,1372,11107608,4304377259683914,4304377259683914,164282573179513782,164282573179513782
50,586,1373,1110e20a,4485786002038498,4485786002038498,175711323947852574,175711323947852574
50,586,1374,1110e403,4384686269270532,4384686269270532,169342040783470716,169342040783470716
50,586,1375,11184407,4252471278276528,4252471278276528,161012496350848464,161012496350848464
50,586,1376,1118440d,4490574185384424,4490574185384424,176012979498645912,176012979498645912
50,586,1377,11184415,4363680763324728,4363680763324728,168018693908885064,168018693908885064
50,586,1378,11184423,4253920615303608,4253920615303608,161103804583554504,161103804583554504
50,586,1379,11184425,4417965259303668,4417965259303668,171438617155558284,171438617155558284
50,586,1380,11184429,4681130634779046,4681130634779046,188018035810507098,188018035810507098
50,586,1381,11184431,4495266282091848,4495266282091848,176308581591213624,176308581591213624
50,586,1382,11184445,4403320280211378,4403320280211378,170515983472744014,170515983472744014
50,586,1383,11184461,4626111349896138,4626111349896138,184551820862883894,184551820862883894
50,586,1384,11184485,4217775713305110,4217775713305110,158826675757649130,158826675757649130
50,586,1385,1118448c,4369779620641818,4369779620641818,168402921919861734,168402921919861734
50,586,1386,111844a1,4335985397167182,4335985397167182,166273885840959666,166273885840959666
50,586,1387,11184503,4185959172514008,4185959172514008,156822233687809704,156822233687809704
50,586,1388,11184505,4230011476110156,4230011476110156,159597528814367028,159597528814367028
50,586,1389,11184509,4851696027304020,4851696027304020,198763655539580460,198763655539580460
50,586,1390,11184511,4478336654336448,4478336654336448,175242015042623424,175242015042623424
50,586,1391,11184521,4593182042157888,4593182042157888,182477274475374144,182477274475374144
50,586,1392,11184541,4714202132122878,4714202132122878,190101540143168514,190101540143168514
50,586,1393,11184581,4473020482317306,4473020482317306,174907096205417478,174907096205417478
50,586,1394,11184605,4125748651431782,4125748651431782,153028970859629466,153028970859629466
50,586,1395,11184606,4436153981402108,4436153981402108,172584506647760004,172584506647760004
50,586,1396,1118460c,4243247492808506,4243247492808506,160431397866363078,160431397866363078
50,586,1397,11184614,4504060105461898,4504060105461898,176862592463526774,176862592463526774
50,586,1398,11184621,4238770225334662,4238770225334662,160149330015510906,160149330015510906
50,586,1399,11184622,4441620411705348,4441620411705348,172928891756864124,172928891756864124
50,586,1400,11184624,4595394284815908,4595394284815908,182616645762829404,182616645762829404
50,586,1401,11184644,4527803854947638,4527803854947638,178358448681128394,178358448681128394
50,586,1402,11184684,4468366605338866,4468366605338866,174613901955775758,174613901955775758
50,586,1403,11184701,4356166669573468,4356166669573468,167545306002555684,167545306002555684
50,586,1404,11184702,4376248413400518,4376248413400518,168810455863659834,168810455863659834
50,586,1405,11184704,4386727094918406,4386727094918406,169470612799286778,169470612799286778
50,586,1406,11184c05,4357853120381232,4357853120381232,167651552403444816,167651552403444816
50,586,1407,11184c0c,4502286883872390,4502286883872390,176750879503387770,176750879503387770
50,586,1408,11184c21,4553554239092304,4553554239092304,179980722882242352,179980722882242352
50,586,1409,11184d01,4673856274332588,4673856274332588,187559751102380244,187559751102380244
50,586,1410,11184e04,4571479303610536,4571479303610536,181110001946890968,181110001946890968
50,586,1411,11185405,4114836398199660,4114836398199660,152341498906005780,152341498906005780
50,586,1412,11185421,4201615205068392,4201615205068392,157808563738735896,157808563738735896
50,586,1413,11185501,4258502095530336,4258502095530336,161392437837838368,161392437837838368
50,586,1414,11185604,4155985675579460,4155985675579460,154933903380933180,154933903380933180
50,586,1415,11186405,3929389077947844,3929389077947844,140658317730141372,140658317730141372
50,586,1416,11186421,4041750815282736,4041750815282736,147737107182239568,147737107182239568
50,586,1417,11186484,4364519244863412,4364519244863412,168071518245822156,168071518245822156
50,586,1418,111864a0,4512942500009844,4512942500009844,177422183320047372,177422183320047372
50,586,1419,11186501,4145291342749860,4145291342749860,154260160412668380,154260160412668380
50,586,1420,11186580,4626857445416568,4626857445416568,184598824880670984,184598824880670984
50,586,1421,11186604,4154509757875280,4154509757875280,154840920565569840,154840920565569840
50,586,1422,11186620,4318953024096932,4318953024096932,165200846337533916,165200846337533916
50,586,1423,11186700,4456477920241094,4456477920241094,173864914794616122,173864914794616122
50,586,1424,11186c04,4460379057287082,4460379057287082,174110686428513366,174110686428513366
50,586,1425,11186c20,4655231038228566,4655231038228566,186386361227826858,186386361227826858
50,586,1426,11186d00,4766737143263946,4766737143263946,193411245845055798,193411245845055798
50,586,1427,11187401,4119779340847596,4119779340847596,152652904292825748,152652904292825748
50,586,1428,1118c00b,4703179542704292,4703179542704292,189407117009797596,189407117009797596
50,586,1429,1118c00d,4683979288569420,4683979288569420,188197500999300660,188197500999300660
50,586,1430,1118c019,4855916742878532,4855916742878532,199029560620774716,199029560620774716
50,586,1431,1118c029,4969919389680252,4969919389680252,206211727369283076,206211727369283076
50,586,1432,1118c049,5020422991161972,5020422991161972,209393454262631436,209393454262631436
50,586,1433,1118c089,4928889879918852,4928889879918852,203626868254314876,203626868254314876
50,586,1434,1118c08a,4377736993258368,4377736993258368,168904236394704384,168904236394704384
50,586,1435,1118c08c,4342036307493906,4342036307493906,166655093191543278,166655093191543278
50,586,1436,1118c109,5173104545590356,5173104545590356,219012392191619628,219012392191619628
50,586,1437,1118c209,4765051939540652,4765051939540652,193305078010488276,193305078010488276
50,586,1438,1118c20a,4374967087687802,4374967087687802,168729732343758726,168729732343758726
50,586,1439,1118c20c,4265154215735612,4265154215735612,161811521410770756,161811521410770756
50,586,1440,1118c403,4266675340167192,4266675340167192,161907352249960296,161907352249960296
50,586,1441,1118c405,4190419214636940,4190419214636940,157103216341554420,157103216341554420
50,586,1442,1118c409,4977042101797866,4977042101797866,206660458232692758,206660458232692758
50,586,1443,1118c411,4508021006955432,4508021006955432,177112129257619416,177112129257619416
50,586,1444,1118c421,4487226859654992,4487226859654992,175802097977691696,175802097977691696
50,586,1445,1118c441,4743886484741862,4743886484741862,191971654358164506,191971654358164506
50,586,1446,1118c481,4559621356590402,4559621356590402,180362951284622526,180362951284622526
50,586,1447,1118c501,4803738648391836,4803738648391836,195742340668112868,195742340668112868
50,586,1448,1118c601,4389591826275622,4389591826275622,169651090874791386,169651090874791386
50,586,1449,1118c602,4385051625086052,4385051625086052,169365058199848476,169365058199848476
50,586,1450,1118c604,4284362957989320,4284362957989320,163021672172754360,163021672172754360
50,586,1451,1118c809,5150616884859012,5150616884859012,217595669565544956,217595669565544956
50,586,1452,1118cc01,4758567061519992,4758567061519992,192896530695186696,192896530695186696
50,586,1453,1118d009,4723349042061936,4723349042061936,190677795469329168,190677795469329168
50,586,1454,1118d081,4466546161928292,4466546161928292,174499214020909596,174499214020909596
50,586,1455,1118d088,4415185894709412,4415185894709412,171263517186120156,171263517186120156
50,586,1456,1118d208,4346976864599258,4346976864599258,166966348289180454,166966348289180454
50,586,1457,1118d401,4369912478471256,4369912478471256,168411291963116328,168411291963116328
50,586,1458,1118e009,4634946299330676,4634946299330676,185108422677259788,185108422677259788
50,586,1459,1118e088,4410995777716356,4410995777716356,170999539815557628,170999539815557628
50,586,1460,1118e208,4254416159314474,4254416159314474,161135023856239062,161135023856239062
50,586,1461,1118e401,4198442096793576,4198442096793576,157608657917422488,157608657917422488
50,586,1462,1118e480,4644644974626516,4644644974626516,185719439220897708,185719439220897708
50,586,1463,1118e600,4444297811554880,4444297811554880,173097567947384640,173097567947384640
50,586,1464,1118ec00,4770256655784162,4770256655784162,193632975133829406,193632975133829406
50,586,1465,11194405,4253314154560012,4253314154560012,161065597556707956,161065597556707956
50,586,1466,11194406,4504574283180822,4504574283180822,176894985659818986,176894985659818986
50,586,1467,1119440c,4403546352086850,4403546352086850,170530226000898750,170530226000898750
50,586,1468,11194414,4596673303765882,4596673303765882,182697223956677766,182697223956677766
50,586,1469,11194421,4383839668945492,4383839668945492,169288704962993196,169288704962993196
50,586,1470,11194422,4508822647660802,4508822647660802,177162632622057726,177162632622057726
50,586,1471,11194424,4645550435419682,4645550435419682,185776483250867166,185776483250867166
50,586,1472,11194444,4605511251214782,4605511251214782,183254014645958466,183254014645958466
50,586,1473,11194484,4464015828158760,4464015828158760,174339802993429080,174339802993429080
50,586,1474,11194501,4500559306491940,4500559306491940,176642042128419420,176642042128419420
50,586,1475,11194502,4445962943323502,4445962943323502,173202471248807826,173202471248807826
50,586,1476,11194504,4476707925518710,4476707925518710,175139405127105930,175139405127105930
50,586,1477,11194604,4552657865783744,4552657865783744,179924251363803072,179924251363803072
50,586,1478,11194c04,4639654189383030,4639654189383030,185405019750558090,185405019750558090
50,586,1479,11195404,4246944294402856,4246944294402856,160664296366807128,160664296366807128
50,586,1480,11196404,4241716654507974,4241716654507974,160334955053429562,160334955053429562
50,586,1481,11196420,4419595229076866,4419595229076866,171541305251269758,171541305251269758
50,586,1482,11196500,4518078505275410,4518078505275410,177745751651778030,177745751651778030
50,586,1483,1119c009,4930707165254856,4930707165254856,203741357230483128,203741357230483128
50,586,1484,1119c401,4516319082897376,4516319082897376,177634908041961888,177634908041961888
50,586,1485,1119c402,4458382127364878,4458382127364878,173984879843414514,173984879843414514
50,586,1486,1119c404,4351926018316726,4351926018316726,167278144973380938,167278144973380938
50,586,1487,1119d001,4437481942378376,4437481942378376,172668168189264888,172668168189264888
50,586,1488,1119d080,4553422495309856,4553422495309856,179972423023948128,179972423023948128
50,586,1489,1119e400,4518005081823686,4518005081823686,177741125974319418,177741125974319418
50,586,1490,111a4405,4171457705686698,4171457705686698,155908641277689174,155908641277689174
50,586,1491,111a4406,4418397398334192,4418397398334192,171465841914481296,171465841914481296
50,586,1492,111a440c,4261221789951828,4261221789951828,161563778586392364,161563778586392364
50,586,1493,111a4414,4488298267809012,4488298267809012,175869596691394956,175869596691394956
50,586,1494,111a4421,4297993304492970,4297993304492970,163880384002484310,163880384002484310
50,586,1495,111a4422,4403453058461172,4403453058461172,170524348502481036,170524348502481036
50,586,1496,111a4424,4529151033621792,4529151033621792,178443320937600096,178443320937600096
50,586,1497,111a4428,4403110740701640,4403110740701640,170502782483630520,170502782483630520
50,586,1498,111a4430,4622929427166072,4622929427166072,184351359730889736,184351359730889736
50,586,1499,111a4444,4537935730303842,4537935730303842,178996756828569246,178996756828569246
50,586,1500,111a4460,4775747970606822,4775747970606822,193978927967656986,193978927967656986
50,586,1501,111a4484,4456241901475902,4456241901475902,173850045612409026,173850045612409026
50,586,1502,111a44a0,4584659464930794,4584659464930794,181940352110067222,181940352110067222
50,586,1503,111a4501,4373012803627026,4373012803627026,168606612447929838,168606612447929838
50,586,1504,111a4502,4268158411044312,4268158411044312,162000785715218856,162000785715218856
50,586,1505,111a4504,4335521009897748,4335521009897748,166244629442985324,166244629442985324
50,586,1506,111a4508,4495427085932226,4495427085932226,176318712233157438,176318712233157438
50,586,1507,111a4510,4527038842731132,4527038842731132,178310252911488516,178310252911488516
50,586,1508,111a4520,4743068396148552,4743068396148552,191920114776785976,191920114776785976
50,586,1509,111a4540,4832035832698242,4832035832698242,197525063279416446,197525063279416446
50,586,1510,111a4580,4697322053989290,4697322053989290,189038095220752470,189038095220752470
50,586,1511,111a4604,4300748009468214,4300748009468214,164053930415924682,164053930415924682
50,586,1512,111a4620,4428026569362966,4428026569362966,172072479689294058,172072479689294058
50,586,1513,111a4700,4504686785849400,4504686785849400,176902073327939400,176902073327939400
50,586,1514,111a4c04,4512757802693232,4512757802693232,177410547389100816,177410547389100816
50,586,1515,111a4c20,4687604091943176,4687604091943176,188425863611847288,188425863611847288
50,586,1516,111a4d00,4764391743194388,4764391743194388,193263485640673644,193263485640673644
50,586,1517,111a5108,4344919692545934,4344919692545934,166836746449821042,166836746449821042
50,586,1518,111a5404,4214424551852604,4214424551852604,158615552586141252,158615552586141252
50,586,1519,111a5420,4271492900741328,4271492900741328,162210858566130864,162210858566130864
50,586,1520,111a5500,4320463490969460,4320463490969460,165296005750503180,165296005750503180
50,586,1521,111a6108,4522687189853622,4522687189853622,178036098780205386,178036098780205386
50,586,1522,111a6404,4354260703112544,4354260703112544,167425230115517472,167425230115517472
50,586,1523,111a6420,4520934835706688,4520934835706688,177925700468948544,177925700468948544
50,586,1524,111a6500,4603620202026840,4603620202026840,183134878547118120,183134878547118120
50,586,1525,111ac009,4742755584939432,4742755584939432,191900407670611416,191900407670611416
50,586,1526,111ac00a,4292391910555188,4292391910555188,163527496184404044,163527496184404044
50,586,1527,111ac00c,4221233739476646,4221233739476646,159044531406455898,159044531406455898
50,586,1528,111ac018,4451334679883988,4451334679883988,173540890652118444,173540890652118444
50,586,1529,111ac028,4491152574718968,4491152574718968,176049418026722184,176049418026722184
50,586,1530,111ac048,4631219440109268,4631219440109268,184873630546311084,184873630546311084
50,586,1531,111ac081,4640199724483608,4640199724483608,185439388461894504,185439388461894504
50,586,1532,111ac088,4486325972122368,4486325972122368,175745342063136384,175745342063136384
50,586,1533,111ac108,4640156997407604,4640156997407604,185436696656106252,185436696656106252
50,586,1534,111ac208,4354031231236970,4354031231236970,167410773387356310,167410773387356310
50,586,1535,111ac401,4435853931491562,4435853931491562,172565603503395606,172565603503395606
50,586,1536,111ac402,4314497595905988,4314497595905988,164920154361504444,164920154361504444
50,586,1537,111ac404,4243558071490824,4243558071490824,160450964323349112,160450964323349112
50,586,1538,111ac408,4574886874669404,4574886874669404,181324678923599652,181324678923599652
50,586,1539,111ac410,4533973964610888,4533973964610888,178747165589913144,178747165589913144
50,586,1540,111ac420,4579694304170148,4579694304170148,181627546982146524,181627546982146524
50,586,1541,111ac440,4838970954577998,4838970954577998,197961975957841074,197961975957841074
50,586,1542,111ac480,4734655203090078,4734655203090078,191390083614102114,191390083614102114
50,586,1543,111ac500,4897688799973980,4897688799973980,201661200217787940,201661200217787940
50,586,1544,111ac600,4550889496547586,4550889496547586,179812844101925118,179812844101925118
50,586,1545,111ac808,4568368368199248,4568368368199248,180914013015979824,180914013015979824
50,586,1546,111acc00,4814725547590284,4814725547590284,196434515317615092,196434515317615092
50,586,1547,111ad008,4303499253353424,4303499253353424,164227258780692912,164227258780692912
50,586,1548,111ad080,4514702406869268,4514702406869268,177533057452191084,177533057452191084
50,586,1549,111ad400,4422944583063120,4422944583063120,171752314552403760,171752314552403760
50,586,1550,111ae008,4414784214491580,4414784214491580,171238211332396740,171238211332396740
50,586,1551,111ae400,4616687014684536,4616687014684536,183958087744552968,183958087744552968
50,586,1552,111b4404,4342732385948964,4342732385948964,166698946134211932,166698946134211932
50,586,1553,111b4420,4475126964194016,4475126964194016,175039804563650208,175039804563650208
50,586,1554,111b4500,4527973318970652,4527973318970652,178369124914578276,178369124914578276
50,586,1555,111bc008,4455471718478332,4455471718478332,173801524083562116,173801524083562116
50,586,1556,111bc400,4579527281150988,4579527281150988,181617024531939444,181617024531939444
50,586,1557,111bd000,4388155921638628,4388155921638628,169560628882660764,169560628882660764
50,586,1558,111c4109,5094569632965000,5094569632965000,214064692696222200,214064692696222200
50,586,1559,111c4405,4302936858635946,4302936858635946,164191827913491798,164191827913491798
50,586,1560,111c4421,4458767736255858,4458767736255858,174009173203546254,174009173203546254
50,586,1561,111c4501,4583996918219202,4583996918219202,181898611667236926,181898611667236926
50,586,1562,111c4604,4404008948665160,4404008948665160,170559369585332280,170559369585332280
50,586,1563,111cc009,5054815278137316,5054815278137316,211560168342078108,211560168342078108
50,586,1564,111cc401,4674979144705626,4674979144705626,187630491935881638,187630491935881638
50,586,1565,111d4404,4522930791491730,4522930791491730,178051445683406190,178051445683406190
50,586,1566,111e4404,4485163805187102,4485163805187102,175672125546214626,175672125546214626
50,586,1567,111e4420,4647677037691986,4647677037691986,185910459194022318,185910459194022318
50,586,1568,111e4500,4753880159575158,4753880159575158,192601255872662154,192601255872662154
50,586,1569,111ec008,4575162995016048,4575162995016048,181342074505438224,181342074505438224
50,586,1570,111ec400,4806925856344314,4806925856344314,195943134769118982,195943134769118982
50,586,1571,11286608,4358426348353354,4388724872780954,167687665765688502,169596472804627302
50,586,1572,1128cc01,4263641358227622,4263641358227622,161716211387767386,161716211387767386
50,586,1573,1128e480,4427355405475986,4427355405475986,172030196364414318,172030196364414318
50,586,1574,1128e600,4426355947145100,4426355947145100,171967230489568500,171967230489568500
50,586,1575,1128ec00,4293594437964102,4293594437964102,163603255411165626,163603255411165626
50,586,1576,1129e400,4276327549966326,4276327549966326,162515441467305738,162515441467305738
50,586,1577,11306403,4188359263663212,4188359263663212,156973439430209556,156973439430209556
50,586,1578,11306405,4149752695304460,4149752695304460,154541225623608180,154541225623608180
50,586,1579,11306409,4515249716642886,4515249716642886,177567537967929018,177567537967929018
50,586,1580,11306411,4223896903281312,4223896903281312,159212310726149856,159212310726149856
50,586,1581,11306421,4226045911531932,4226045911531932,159347698245938916,159347698245938916
50,586,1582,11306441,4493697909632292,4493697909632292,176209774126261596,176209774126261596
50,586,1583,11306481,4228513945229646,4228513945229646,159503184368894898,159503184368894898
50,586,1584,11306501,4219325621522856,4219325621522856,158924319975367128,158924319975367128
50,586,1585,11306601,4057339702773288,4057339702773288,148719207094144344,148719207094144344
50,586,1586,11306608,4288836169639034,4288836169639034,163303484506686342,163303484506686342
50,586,1587,11306c01,4433889803711016,4433889803711016,172441863453221208,172441863453221208
50,586,1588,11307401,4540705599321696,4540705599321696,179171258576694048,179171258576694048
50,586,1589,1130e401,4276124298849816,4276124298849816,162502636646965608,162502636646965608
50,586,1590,11316401,4235721463617310,4235721463617310,159957258027317730,159957258027317730
50,586,1591,11326401,4424934930802248,4424934930802248,171877706459968824,171877706459968824
50,586,1592,11346401,4411388354747346,4411388354747346,171024272168509998,171024272168509998
50,586,1593,11384405,4027624796500980,4027624796500980,146847167998988940,146847167998988940
50,586,1594,11384421,4175612542584732,4175612542584732,156170396002265316,156170396002265316
50,586,1595,11384501,4167160905591156,4167160905591156,155637942871670028,155637942871670028
50,586,1596,11384604,4169956572496780,4169956572496780,155814069886724340,155814069886724340
50,586,1597,11386401,3943739071010916,3943739071010916,141562367293114908,141562367293114908
50,586,1598,1138c009,4608297388199796,4608297388199796,183429541276014348,183429541276014348
50,586,1599,1138c081,4346245597719072,4346245597719072,166920278475728736,166920278475728736
50,586,1600,1138c401,4200189118385796,4200189118385796,157718720277732348,157718720277732348
50,586,1601,1138e080,4460159549352636,4460159549352636,174096857428643268,174096857428643268
50,586,1602,11394404,4241602754164976,4241602754164976,160327779331820688,160327779331820688
50,586,1603,1139c001,4338713773926336,4338713773926336,166445773576786368,166445773576786368
50,586,1604,1139e000,4308194051941536,4308194051941536,164523031091743968,164523031091743968
50,586,1605,113a4404,4131831488762904,4131831488762904,153412189611490152,153412189611490152
50,586,1606,113a4420,4265250189721788,4265250189721788,161817567771899844,161817567771899844
50,586,1607,113a4500,4285292572862640,4285292572862640,163080237909773520,163080237909773520
50,586,1608,113ac008,4208460406520184,4208460406520184,158239811430198792,158239811430198792
50,586,1609,113ac400,4286213214865200,4286213214865200,163138238355934800,163138238355934800
50,586,1610,11504407,4359059053594818,4359059053594818,167727526195900734,167727526195900734
50,586,1611,11505602,4313947720309358,4313947720309358,164885512198916754,164885512198916754
50,586,1612,1150c403,4478963999224812,4478963999224812,175281537770590356,175281537770590356
50,586,1613,1158404c,4382146816166208,4382146816166208,169182055237898304,169182055237898304
50,586,1614,11584068,4564681923446298,4564681923446298,180681766996543974,180681766996543974
50,586,1615,11584083,4710446441749056,4710446441749056,189864931649617728,189864931649617728
50,586,1616,11584085,4638162184647516,4638162184647516,185311023452220708,185311023452220708
50,586,1617,115840a1,4755277339221906,4755277339221906,192689278190407278,192689278190407278
50,586,1618,11584148,4628787256484778,4628787256484778,184720402977968214,184720402977968214
50,586,1619,11584181,4616256222728844,4616256222728844,183930947851344372,183930947851344372
50,586,1620,11584188,4665625383916122,4665625383916122,187041205006142886,187041205006142886
50,586,1621,11584403,4165946550471228,4165946550471228,155561438499114564,155561438499114564
50,586,1622,11584405,4043688519533838,4043688519533838,147859182550058994,147859182550058994
50,586,1623,1158440c,4216275494177178,4216275494177178,158732161952589414,158732161952589414
50,586,1624,11584421,4187980856543328,4187980856543328,156949599781656864,156949599781656864
50,586,1625,11584428,4362493427986158,4362493427986158,167943891782555154,167943891782555154
50,586,1626,11584501,4290247723807686,4290247723807686,163392412419311418,163392412419311418
50,586,1627,11584508,4482057141347046,4482057141347046,175476405724291098,175476405724291098
50,586,1628,11584602,4436417210730964,4436417210730964,172601090095477932,172601090095477932
50,586,1629,11584604,4282021243088302,4282021243088302,162874144133990226,162874144133990226
50,586,1630,11586081,4872646785437712,4872646785437712,200083553302003056,200083553302003056
50,586,1631,11586401,4333734067666584,4333734067666584,166132052082421992,166132052082421992
50,586,1632,11586404,4542725612151456,4542725612151456,179298519384968928,179298519384968928
50,586,1633,11586420,4731766289589318,4731766289589318,191208082063554234,191208082063554234
50,586,1634,11586500,4850581003719072,4850581003719072,198693409053728736,198693409053728736
50,586,1635,1158c009,4770928703187120,4770928703187120,193675314120215760,193675314120215760
50,586,1636,1158c048,4646674512390534,4646674512390534,185847300100030842,185847300100030842
50,586,1637,1158c081,4563876084667020,4563876084667020,180630999153449460,180630999153449460
50,586,1638,1158c088,4534680921441630,4534680921441630,178791703870249890,178791703870249890
50,586,1639,1158c208,4325460296300076,4325460296300076,165610804486331988,165610804486331988
50,586,1640,1158c401,4360453687544640,4360453687544640,167815388134739520,167815388134739520
50,586,1641,1158c408,4531757847901782,4531757847901782,178607550237239466,178607550237239466
50,586,1642,1158e400,4882686771613548,4882686771613548,200716072431080724,200716072431080724
50,586,1643,11594404,4314431033694554,4314431033694554,164915960942184102,164915960942184102
50,586,1644,115a4404,4366015974901416,4366015974901416,168165812238216408,168165812238216408
50,586,1645,115a4420,4538254467312408,4538254467312408,179016837260108904,179016837260108904
50,586,1646,115a4500,4629140398544694,4629140398544694,184742650927742922,184742650927742922
50,586,1647,115ac008,4433366609635374,4433366609635374,172408902226455762,172408902226455762
50,586,1648,115ac400,4661298596722950,4661298596722950,186768617412973050,186768617412973050
50,586,1649,11704405,4215816901918752,4215816901918752,158703270640308576,158703270640308576
50,586,1650,11706401,4421697855439170,4421697855439170,171673770712094910,171673770712094910
50,586,1651,1170c401,4445092715545170,4445092715545170,173147646898772910,173147646898772910
50,586,1652,1178c008,4252875271171002,4252875271171002,161037947903200326,161037947903200326
50,586,1653,11903405,4162276254280014,4162276254280014,155330209839068082,155330209839068082
50,586,1654,11903601,4179336879666552,4179336879666552,156405029238419976,156405029238419976
50,586,1655,11906405,4406490117922794,4406490117922794,170715683248563222,170715683248563222
50,586,1656,11912405,4209070710058440,4209070710058440,158278260553108920,158278260553108920
50,586,1657,11921405,4446533795389988,4452042618013188,173238434928996444,173585490754258044
50,586,1658,11980415,4425735123066018,4425735123066018,171928118572586334,171928118572586334
50,586,1659,11981403,4384511615912022,4384511615912022,169331037621884586,169331037621884586
50,586,1660,11981405,4196559155696490,4196559155696490,157490032628306070,157490032628306070
50,586,1661,11981409,4811160014370516,4811160014370516,196209886724769708,196209886724769708
50,586,1662,11981411,4499169380700102,4499169380700102,176554476803533626,176554476803533626
50,586,1663,11981421,4283822661835482,4283822661835482,162987633515062566,162987633515062566
50,586,1664,11981441,4846700261671032,4846700261671032,198448922304702216,198448922304702216
50,586,1665,11981481,4560921018447042,4560921018447042,180444829981590846,180444829981590846
50,586,1666,11981501,4405734327122226,4405734327122226,170668068428127438,170668068428127438
50,586,1667,11981601,4421998366992822,4421998366992822,171692702939974986,171692702939974986
50,586,1668,11981608,4653946942215378,4653946942215378,186305463178996014,186305463178996014
50,586,1669,11981c01,4719920405721102,4719920405721102,190461791379856626,190461791379856626
50,586,1670,11982405,3962502215865414,3962502215865414,142744445418948282,142744445418948282
50,586,1671,11982421,4104679787500266,4104679787500266,151701632431943958,151701632431943958
50,586,1672,11982501,4245364998798330,4245364998798330,160564800743721990,160564800743721990
50,586,1673,11983041,4459346659750752,4459346659750752,174045645383724576,174045645383724576
50,586,1674,11983401,4211670037661166,4211670037661166,158442018192080658,158442018192080658
50,586,1675,11984405,4334314494454086,4334314494454086,166168618970034618,166168618970034618
50,586,1676,11984421,4514714913725658,4514714913725658,177533845384143654,177533845384143654
50,586,1677,11984501,4717253537365422,4717253537365422,190293778673448786,190293778673448786
50,586,1678,11984604,4520889034863506,4520889034863506,177922815015828078,177922815015828078
50,586,1679,11985401,4630127811108006,4630127811108006,184804857919231578,184804857919231578
50,586,1680,11988403,4421007374780442,4421007374780442,171630270430595046,171630270430595046
50,586,1681,11988405,4275914638585170,4275914638585170,162489428050292910,162489428050292910
50,586,1682,11988481,4680602927326902,4680602927326902,187984790241022026,187984790241022026
50,586,1683,11988601,4512791311323192,4512791311323192,177412658432788296,177412658432788296
50,586,1684,11988602,4497122314127562,4497122314127562,176425511609463606,176425511609463606
50,586,1685,11989401,4476571260925566,4476571260925566,175130795257737858,175130795257737858
50,586,1686,1198a401,4300286171570766,4300286171570766,164024834628385458,164024834628385458
50,586,1687,1198c009,5123771116316736,5123771116316736,215904386147381568,215904386147381568
50,586,1688,1198c401,4759457563369266,4759457563369266,192952632311690958,192952632311690958
50,586,1689,1198d001,4611465918328536,4611465918328536,183629158674124968,183629158674124968
50,586,1690,11991401,4512651389525016,4512651389525016,177403843359503208,177403843359503208
50,586,1691,11994404,4563053572831130,4563053572831130,180579180907788390,180579180907788390
50,586,1692,1199b000,4522213690285396,4522213690285396,178006268307407148,178006268307407148
50,586,1693,119a1401,4478579725293282,4478579725293282,175257328512903966,175257328512903966
50,586,1694,119a1404,4356330466903854,4356330466903854,167555625234370002,167555625234370002
50,586,1695,119a1420,4432711644854358,4432711644854358,172367639445251754,172367639445251754
50,586,1696,119a1500,4503675703389090,4503675703389090,176838375132939870,176838375132939870
50,586,1697,119a4404,4478230552094838,4478230552094838,175235330601401994,175235330601401994
50,586,1698,119a4420,4665313326251382,4665313326251382,187021545373264266,187021545373264266
50,586,1699,119a4500,4832374094876574,4832374094876574,197546373796651362,197546373796651362
50,586,1700,119a5100,4705282727673600,4705282727673600,189539617662864000,189539617662864000
50,586,1701,119a6100,5023853733993660,5023853733993660,209609591061027780,209609591061027780
50,586,1702,119a9400,4555536993508650,4555536993508650,180105636410472150,180105636410472150
50,586,1703,119ac008,4612453320592284,4612453320592284,183691365016741092,183691365016741092
50,586,1704,119ac400,4848420881318790,4848420881318790,198557321342510970,198557321342510970
50,586,1705,119ad000,4590131988266160,4590131988266160,182285121080195280,182285121080195280
50,586,1706,119ae000,4884351206985636,4884351206985636,200820931859522268,200820931859522268
50,586,1707,119b9000,4475455849102728,4475455849102728,175060524312899064,175060524312899064
50,586,1708,119c1401,4641701043612036,4641701043612036,185533971566985468,185533971566985468
50,586,1709,11b02403,4177757852510142,4177757852510142,156305550527566146,156305550527566146
50,586,1710,11b02405,4091747888869110,4091747888869110,150886922818181130,150886922818181130
50,586,1711,11b02411,4178695892140782,4178695892140782,156364647024296466,156364647024296466
50,586,1712,11b02601,4067131554258378,4067131554258378,149336093737705014,149336093737705014
50,586,1713,11b06401,4449599504452446,4449599504452446,173431574599931298,173431574599931298
50,586,1714,11b22401,4395425645368818,4395425645368818,170018621477662734,170018621477662734
50,586,1715,11b80405,4102134002297490,4102134002297490,151541247964169070,151541247964169070
50,586,1716,11b80c01,4581329441560482,4581329441560482,181730560637737566,181730560637737566
50,586,1717,11b81401,4637943659599086,4637943659599086,185297256374169618,185297256374169618
50,586,1718,11b82401,4009505434314246,4009505434314246,145705648181224698,145705648181224698
50,586,1719,11b84401,4470253346132586,4470253346132586,174732766625780118,174732766625780118
50,586,1720,11b88401,4320211119193626,4320211119193626,165280106328625638,165280106328625638
50,586,1721,11b8c001,4470427548055536,4470427548055536,174743741346925968,174743741346925968
50,586,1722,11d01602,4456811259193112,4456811259193112,173885915148593256,173885915148593256
50,586,1723,11d02405,4416726099182490,4416726099182490,171360550067924070,171360550067924070
50,586,1724,11d02601,4347818837542978,4347818837542978,167019392584634814,167019392584634814
50,586,1725,11d04405,4516947857358138,4516947857358138,177674520832989894,177674520832989894
50,586,1726,11d0c401,4889376248885160,4889376248885160,201137509499192280,201137509499192280
50,586,1727,11d81401,4310278077428910,4310278077428910,164654324697448530,164654324697448530
50,586,1728,11d82401,4422631220730204,4422631220730204,171732572725430052,171732572725430052
50,586,1729,11d84048,4807109502305718,4807109502305718,195954704464687434,195954704464687434
50,586,1730,11d84081,4970547301192794,4970547301192794,206251285794573222,206251285794573222
50,586,1731,11d84401,4516640700613266,4516640700613266,177655169958062958,177655169958062958
50,586,1732,11d84408,4721027289771846,4721027289771846,190531525075053498,190531525075053498
50,586,1733,11d8c008,4700309636670462,4700309636670462,189226312929666306,189226312929666306
50,586,1734,11d8e000,5165791879786458,5165791879786458,218551694245974054,218551694245974054
50,586,1735,12087481,4399449625170984,4399449625170984,170272132205199192,170272132205199192
50,586,1736,120c5481,4764486958992060,4764486958992060,193269484235926980,193269484235926980
50,586,1737,120cd401,5205716559998758,5206405162826658,221066949099348954,221110331077506654
50,586,1738,12185601,4467586197335686,4467586197335686,174564736251575418,174564736251575418
50,586,1739,12185602,4449196517545318,4449196517545318,173406186424782234,173406186424782234
50,586,1740,12185604,4307606030378034,4307606030378034,164485985733243342,164485985733243342
50,586,1741,12185608,4735113469041982,4735113469041982,191418954369072066,191418954369072066
50,586,1742,12185610,4636387253794578,4636387253794578,185199202808485614,185199202808485614
50,586,1743,12187041,4321865238856722,4321865238856722,165384315867400686,165384315867400686
50,586,1744,12187401,4272597406692024,4272597406692024,162280442441024712,162280442441024712
50,586,1745,12187801,4677505233079434,4677505233079434,187789635503431542,187789635503431542
50,586,1746,1218f001,4504687624904844,4504687624904844,176902126188432372,176902126188432372
50,586,1747,12195401,4516753171134240,4516753171134240,177662255600884320,177662255600884320
50,586,1748,12195402,4479202437421624,4479202437421624,175296559376989512,175296559376989512
50,586,1749,12195404,4373285503216480,4373285503216480,168623792522065440,168623792522065440
50,586,1750,12195408,4802499654132580,4802499654132580,195664284029779740,195664284029779740
50,586,1751,12195410,4685154084079124,4685154084079124,188271513116412012,188271513116412012
50,586,1752,121c5401,4703686071431718,4703686071431718,189439028319625434,189439028319625434
50,586,1753,12286601,4348100646393776,4348100646393776,167037146542235088,167037146542235088
50,586,1754,12296401,4218122343397358,4218122343397358,158848513453460754,158848513453460754
50,586,1755,12387001,4552787403237114,4552787403237114,179932412223365382,179932412223365382
50,586,1756,12584045,4301911092052482,4301911092052482,164127204618733566,164127204618733566
50,586,1757,12584405,4172541361164930,4172541361164930,155976911572817790,155976911572817790
50,586,1758,12585009,4740075685040328,4740075685040328,191731573976967864,191731573976967864
50,586,1759,12585041,4361966943842772,4361966943842772,167910723281521836,167910723281521836
50,586,1760,12585401,4297049277019158,4297049277019158,163820910271634154,163820910271634154
50,586,1761,12586401,4528904891171538,4528904891171538,178427813963234094,178427813963234094
50,586,1762,12587001,4652767063691268,4652767063691268,186231130831977084,186231130831977084
50,586,1763,1258c401,4728960467678928,4728960467678928,191031315283199664,191031315283199664
50,586,1764,1258c408,4942663013019600,4942663013019600,204494575639662000,204494575639662000
50,586,1765,1258d001,4546707946908768,4546707946908768,179549406474679584,179549406474679584
50,586,1766,125c4401,4574785837926498,4574785837926498,181318313608796574,181318313608796574
50,586,1767,12985401,4701564244995624,4701564244995624,189305353254151512,189305353254151512
50,586,1768,12987001,4587584661519834,4587584661519834,182124639495176742,182124639495176742
50,586,1769,12a86081,4517930759732544,4517930759732544,177736443682577472,177736443682577472
50,586,1770,12b86001,4407028903196784,4407028903196784,170749626720824592,170749626720824592
50,586,1771,12d85001,4567629472455378,4567629472455378,180867462584116014,180867462584116014
50,586,1772,13084c03,4444311365778198,4444311365778198,173098421863453674,173098421863453674
50,586,1773,13084c05,4214149058746716,4214149058746716,158598196520470308,158598196520470308
50,586,1774,13084c09,4895447311689402,4895447311689402,201519986455859526,201519986455859526
50,586,1775,13084c0c,4453222945951236,4453222945951236,173659851414355068,173659851414355068
50,586,1776,13084c11,4503337056457608,4503337056457608,176817040376256504,176817040376256504
50,586,1777,13084c21,4382050073145228,4382050073145228,169175960427576564,169175960427576564
50,586,1778,13084c41,4768724389518378,4768724389518378,193536442359085014,193536442359085014
50,586,1779,13084c81,4811221341300432,4811221341300432,196213750321354416,196213750321354416
50,586,1780,13084d01,4581654474925032,4581654474925032,181751037739704216,181751037739704216
50,586,1781,13084e01,4531545395951228,4531545395951228,178594165764354564,178594165764354564
50,586,1782,13085481,4475686093175562,4475686093175562,175075029689487606,175075029689487606
50,586,1783,13085488,4701374076513492,4701374076513492,189293372639777196,189293372639777196
50,586,1784,13085601,4497621556228032,4497621556228032,176456963861793216,176456963861793216
50,586,1785,13085602,4447856889032082,4447856889032082,173321789828448366,173321789828448366
50,586,1786,13085604,4315626326764610,4315626326764610,164991264405597630,164991264405597630
50,586,1787,13085608,4688840453304018,4688840453304018,188503754377580334,188503754377580334
50,586,1788,13085610,4640613532173602,4640613532173602,185465458346364126,185465458346364126
50,586,1789,13085680,4728142134486758,4728142134486758,190979760292092954,190979760292092954
50,586,1790,13085c01,4457893176132972,4457893176132972,173954075915804436,173954075915804436
50,586,1791,13085c08,4644051867095472,4644051867095472,185682073446441936,185682073446441936
50,586,1792,13086241,4387746198432722,4387746198432722,169534816320688686,169534816320688686
50,586,1793,13086481,4410513987900726,4410513987900726,170969187057172938,170969187057172938
50,586,1794,13086488,4657050298314456,4657050298314456,186500974613237928,186500974613237928
50,586,1795,13086601,4381213186818918,4381213186818918,169123236589019034,169123236589019034
50,586,1796,13086608,4626313771090464,4626313771090464,184564573398126432,184564573398126432
50,586,1797,13086c01,4318195244403606,4318195244403606,165153106216854378,165153106216854378
50,586,1798,13086c08,4534709709476706,4534709709476706,178793517516459678,178793517516459678
50,586,1799,13087480,4630138764496776,4630138764496776,184805547982724088,184805547982724088
50,586,1800,13087600,4568174778687840,4568174778687840,180901816876761120,180901816876761120
50,586,1801,13087c00,4537497067150512,4537497067150512,178969121049909456,178969121049909456
50,586,1802,1308c089,5170732285478502,5170732285478502,218862939804572826,218862939804572826
50,586,1803,1308c281,4923520005200848,4923520005200848,203288566147080624,203288566147080624
50,586,1804,1308c403,4863501214195672,4871164958609712,199507382313754536,199990198211839056
50,586,1805,1308c405,4734381045339280,4742044789753320,191372811675801840,191855627573886360
50,586,1806,1308c409,5416728720831196,5424392465245236,234360715231792548,234843531129877068
50,586,1807,1308c411,4963845919137042,4963845919137042,205829098725060846,205829098725060846
50,586,1808,1308c421,4922459430632722,4930123175046762,203221749949288686,203704565847373206
50,586,1809,1308c441,5227651514145472,5235315258559512,222448851210591936,222931667108676456
50,586,1810,1308c481,4903445379827862,4903445379827862,202023864748582506,202023864748582506
50,586,1811,1308c501,5292999544131466,5300663288545506,226565777099709558,227048592997794078
50,586,1812,1308c601,4904934339909072,4904934339909072,202117669233698736,202117669233698736
50,586,1813,1308cc01,4898203493110362,4898203493110362,201693625885380006,201693625885380006
50,586,1814,1308d088,4729225395068952,4729225395068952,191048005708771176,191048005708771176
50,586,1815,1308d280,4862195329950178,4862195329950178,199425111606288414,199425111606288414
50,586,1816,1308d401,4878980145161346,4878980145161346,200482554964591998,200482554964591998
50,586,1817,1308e009,4980731070614536,4988394815028576,206892863268142968,207375679166227488
50,586,1818,1308e201,4653435323603138,4653435323603138,186273231206424894,186273231206424894
50,586,1819,1308e208,4700657648734014,4700657648734014,189248237689670082,189248237689670082
50,586,1820,1308e220,4894480809738728,4894480809738728,201459096832967064,201459096832967064
50,586,1821,1308e240,4909218884678628,4909218884678628,202387595554180764,202387595554180764
50,586,1822,1308e401,4843976609538436,4851640353952476,198277332220348668,198760148118433188
50,586,1823,1308f200,4670184567771480,4670184567771480,187328433589030440,187328433589030440
50,586,1824,13094c01,4596098612495976,4596098612495976,182661018406673688,182661018406673688
50,586,1825,13095401,4405497218219346,4405497218219346,170653130567245998,170653130567245998
50,586,1826,13095402,4397982177200488,4397982177200488,170179682983057944,170179682983057944
50,586,1827,13095404,4252640868030856,4252640868030856,161023180505371128,161023180505371128
50,586,1828,13095408,4656777415594666,4656777415594666,186483783001891158,186483783001891158
50,586,1829,13095410,4575918004443548,4575918004443548,181389640099370724,181389640099370724
50,586,1830,13095480,4705465952380136,4705465952380136,189551160819375768,189551160819375768
50,586,1831,13096401,4256574269111990,4256574269111990,161270984773482570,161270984773482570
50,586,1832,13096408,4571716844082550,4571716844082550,181124966996627850,181124966996627850
50,586,1833,13097400,4496251034694196,4496251034694196,176370621005161548,176370621005161548
50,586,1834,1309c401,4807995020290696,4807995020290696,196010492097741048,196010492097741048
50,586,1835,1309d080,4817775322517426,4817775322517426,196626651138025038,196626651138025038
50,586,1836,130a4c01,4455867212918238,4455867212918238,173826440233276194,173826440233276194
50,586,1837,130a5480,4682933666939598,4682933666939598,188131626836621874,188131626836621874
50,586,1838,130a5600,4630211285284366,4630211285284366,184810116792342258,184810116792342258
50,586,1839,130a5c00,4534595202071094,4534595202071094,178786303549906122,178786303549906122
50,586,1840,130ac401,5006444901519172,5014108645933212,208512834615135036,208995650513219556
50,586,1841,130ad008,4753284039835884,4753284039835884,192563700329087892,192563700329087892
50,586,1842,130ad200,4773927213834676,4773927213834676,193864220291011788,193864220291011788
50,586,1843,130ad400,4975411537330290,4975411537330290,206557732671235470,206557732671235470
50,586,1844,130b5400,4534137529346048,4534137529346048,178757470168228224,178757470168228224
50,586,1845,130bd000,4627001745225978,4627001745225978,184607915768663814,184607915768663814
50,586,1846,130c4c01,4724443373797362,4724443373797362,190746738368661006,190746738368661006
50,586,1847,130c4c08,4929564288896292,4929564288896292,203669356019893596,203669356019893596
50,586,1848,130cc401,5268757230912076,5276420975326116,225038511366887988,225521327264972508
50,586,1849,13103501,4774268468490396,4774268468490396,193885719334322148,193885719334322148
50,586,1850,13106242,4590926819727738,4590926819727738,182335195462274694,182335195462274694
50,586,1851,13106250,4731008453838118,4731008453838118,191160338411228634,191160338411228634
50,586,1852,13106403,4466648867650182,4466648867650182,174505684481388666,174505684481388666
50,586,1853,13106405,4402519456730280,4402519456730280,170465531593434840,170465531593434840
50,586,1854,13106411,4474364485832202,4474364485832202,174991768426855926,174991768426855926
50,586,1855,13106602,4588184132153338,4588184132153338,182162406145087494,182162406145087494
50,586,1856,13106610,4577088173102648,4577088173102648,181463360724894024,181463360724894024
50,586,1857,13107201,4520619723358268,4520619723358268,177905848390998084,177905848390998084
50,586,1858,13107202,4595377949082798,4595377949082798,182615616611643474,182615616611643474
50,586,1859,13107210,4535449791945448,4535449791945448,178840142711990424,178840142711990424
50,586,1860,13107401,4508565763433826,4508565763433826,177146448915758238,177146448915758238
50,586,1861,1310e202,4875366364776928,4875366364776928,200254886800373664,200254886800373664
50,586,1862,1310e210,4791346192753868,4791346192753868,194961615962920884,194961615962920884
50,586,1863,13124405,4585686021066474,4585686021066474,182005025146615062,182005025146615062
50,586,1864,1312440c,4750296062871606,4750296062871606,192375457780338378,192375457780338378
50,586,1865,13145202,4758972831982836,4771367682885036,192922094234345868,193702969841184468
50,586,1866,13184013,4725477724254372,4725477724254372,190811902447452636,190811902447452636
50,586,1867,13184015,4459343053727292,4459343053727292,174045418204246596,174045418204246596
50,586,1868,13184019,4722280354311072,4722280354311072,190610468141024736,190610468141024736
50,586,1869,13184031,4506249050848542,4506249050848542,177000496022885346,177000496022885346
50,586,1870,13184043,4440432193282602,4440432193282602,172854033996231126,172854033996231126
50,586,1871,13184045,4301854861423122,4301854861423122,164123662089083886,164123662089083886
50,586,1872,13184049,4761018122906682,4761018122906682,193050947562548166,193050947562548166
50,586,1873,13184051,4700231971026192,4700231971026192,189221419994077296,189221419994077296
50,586,1874,13184061,4439966409462012,4439966409462012,172824689615533956,172824689615533956
50,586,1875,13184091,4526179004051478,4526179004051478,178256083074670314,178256083074670314
50,586,1876,13184098,4580778692691168,4580778692691168,181695863458970784,181695863458970784
50,586,1877,131840c1,4540425923409948,4540425923409948,179153638994253924,179153638994253924
50,586,1878,131840c8,4595025612049638,4595025612049638,182593419378554394,182593419378554394
50,586,1879,13184103,4394998534706592,4394998534706592,169991713505942496,169991713505942496
50,586,1880,13184105,4471306964779920,4471306964779920,174799144600562160,174799144600562160
50,586,1881,13184109,4864393606660566,4864393606660566,199563603039042858,199563603039042858
50,586,1882,13184111,4582765144832862,4582765144832862,181821009943897506,181821009943897506
50,586,1883,13184121,4697610532654302,4697610532654302,189056269376648226,189056269376648226
50,586,1884,13184141,4621502913428472,4621502913428472,184261489365420936,184261489365420936
50,586,1885,13184181,4629155947762722,4629155947762722,184743630528478686,184743630528478686
50,586,1886,13184188,4646417241089112,4646417241089112,185831092008041256,185831092008041256
50,586,1887,13184211,4431581819891646,4431581819891646,172296460472600898,172296460472600898
50,586,1888,13184212,4788781230373392,4788781230373392,194800023332950896,194800023332950896
50,586,1889,13184214,4501308476982332,4501308476982332,176689239869314116,176689239869314116
50,586,1890,13184218,4525021924343772,4525021924343772,178183187053084836,178183187053084836
50,586,1891,13184230,4590369100119682,4590369100119682,182300059126967166,182300059126967166
50,586,1892,13184241,4426616712739786,4426616712739786,171983658722033718,171983658722033718
50,586,1893,13184242,4506952800972412,4506952800972412,177044832280689156,177044832280689156
50,586,1894,13184244,4331036026591812,4331036026591812,165962075494711356,165962075494711356
50,586,1895,13184248,4520056817191912,4520056817191912,177870385302517656,177870385302517656
50,586,1896,13184250,4703912331598482,4703912331598482,189453282710131566,189453282710131566
50,586,1897,13184290,4674980962514062,4674980962514062,187630606457813106,187630606457813106
50,586,1898,131842c0,4693717836222962,4693717836222962,188811029501473806,188811029501473806
50,586,1899,13184301,4455880523215492,4455880523215492,173827278782003196,173827278782003196
50,586,1900,13184302,4496497368259172,4496497368259172,176386140019755036,176386140019755036
50,586,1901,13184304,4521229849391170,4521229849391170,177944286331070910,177944286331070910
50,586,1902,13184308,4504666121080418,4504666121080418,176900771447493534,176900771447493534
50,586,1903,13184310,4635145602437362,4635145602437362,185120978772981006,185120978772981006
50,586,1904,13184380,4768473009495318,4768473009495318,193520605417632234,193520605417632234
50,586,1905,13184403,4329221020082892,4329221020082892,165847730084649396,165847730084649396
50,586,1906,13184405,4233034338636600,4233034338636600,159787969153533000,159787969153533000
50,586,1907,13184409,4895701839617796,4895701839617796,201536021715348348,201536021715348348
50,586,1908,13184411,4465955815174962,4465955815174962,174462022175449806,174462022175449806
50,586,1909,13184421,4328755236262302,4328755236262302,165818385703952226,165818385703952226
50,586,1910,13184441,4701821292961392,4701821292961392,189321547275994896,189321547275994896
50,586,1911,13184481,4543931404734582,4543931404734582,179374484317705866,179374484317705866
50,586,1912,13184488,4745007198429552,4745007198429552,192042259320488976,192042259320488976
50,586,1913,13184501,4558678710050106,4558678710050106,180303564552583878,180303564552583878
50,586,1914,13184601,4371914177536442,4371914177536442,168537399004223046,168537399004223046
50,586,1915,13184602,4481619138398402,4481619138398402,175448811538526526,175448811538526526
50,586,1916,13184604,4337343759774850,4337343759774850,166359462685242750,166359462685242750
50,586,1917,13184608,4611830387043848,4611830387043848,183652120203189624,183652120203189624
50,586,1918,13184610,4573632979901722,4573632979901722,181245683553235686,181245683553235686
50,586,1919,13184680,4757704873858708,4757704873858708,192842212872525804,192842212872525804
50,586,1920,13184811,4749423606010938,4749423606010938,192320492998116294,192320492998116294
50,586,1921,13184841,4800675326391168,4800675326391168,195549351382070784,195549351382070784
50,586,1922,13184848,4842063076981548,4842063076981548,198156779669264724,198156779669264724
50,586,1923,13184901,4848761653736502,4848761653736502,198578790004826826,198578790004826826
50,586,1924,13184a10,4810006060764482,4810006060764482,196137187647589566,196137187647589566
50,586,1925,13184c01,4734251401773402,4734251401773402,191364644131151526,191364644131151526
50,586,1926,13184c08,4922115257419062,4922115257419062,203200067036828106,203200067036828106
50,586,1927,13185003,4382562148698822,4382562148698822,169208221187452986,169208221187452986
50,586,1928,13185005,4308141433847490,4308141433847490,164519716151819070,164519716151819070
50,586,1929,13185009,4783847973205626,4783847973205626,194489228131381638,194489228131381638
50,586,1930,13185011,4378792804032012,4378792804032012,168970752473443956,168970752473443956
50,586,1931,13185021,4395509092956072,4395509092956072,170023878675659736,170023878675659736
50,586,1932,13185041,4418619523812942,4418619523812942,171479835819642546,171479835819642546
50,586,1933,13185081,4515977370403572,4515977370403572,177613380154852236,177613380154852236
50,586,1934,13185088,4598908592555892,4598908592555892,182838047150448396,182838047150448396
50,586,1935,13185101,4383725709228516,4383725709228516,169281525500823708,169281525500823708
50,586,1936,13185201,4395406594417492,4395406594417492,170017421267729196,170017421267729196
50,586,1937,13185202,4430073076466902,4442467927369102,172201409636842026,172982285243680626
50,586,1938,13185204,4285323620020290,4297718470922490,163082193880705470,163863069487544070
50,586,1939,13185208,4484144872262488,4484144872262488,175607932771963944,175607932771963944
50,586,1940,13185210,4410885785482362,4410885785482362,170992610304816006,170992610304816006
50,586,1941,13185280,4633704322071518,4646099172973718,185030178109932834,185811053716771434
50,586,1942,13185401,4410308591401596,4410308591401596,170956247077727748,170956247077727748
50,586,1943,13185801,4751923216170312,4751923216170312,192477968438156856,192477968438156856
50,586,1944,13186011,4311757081583742,4311757081583742,164747501959202946,164747501959202946
50,586,1945,13186041,4247325047412192,4247325047412192,160688283806395296,160688283806395296
50,586,1946,13186090,4601402648094792,4601402648094792,182995172649399096,182995172649399096
50,586,1947,131860c0,4580546773060122,4580546773060122,181681252522214886,181681252522214886
50,586,1948,13186101,4390152688374546,4390152688374546,169686425187023598,169686425187023598
50,586,1949,13186180,4755739926597606,4755739926597606,192718421195076378,192718421195076378
50,586,1950,13186210,4409703732824898,4409703732824898,170918140987395774,170918140987395774
50,586,1951,13186240,4414393522821838,4414393522821838,171213597757202994,171213597757202994
50,586,1952,13186300,4551079004093690,4551079004093690,179824783077329670,179824783077329670
50,586,1953,13186401,4195829978561526,4195829978561526,157444094468803338,157444094468803338
50,586,1954,13186480,4663138718302026,4663138718302026,186884545072454838,186884545072454838
50,586,1955,13186600,4446365525673980,4446365525673980,173227833936887940,173227833936887940
50,586,1956,13186840,4745417649069822,4745417649069822,192068117710825986,192068117710825986
50,586,1957,13186c00,4783847377164102,4783847377164102,194489190580765626,194489190580765626
50,586,1958,13187001,4344069479248296,4344069479248296,166783183012069848,166783183012069848
50,586,1959,13187080,4588376030275506,4588376030275506,182174495726784078,182174495726784078
50,586,1960,13187200,4389077450114800,4389077450114800,169618685176659600,169618685176659600
50,586,1961,1318c003,4592974522884732,4592974522884732,182464200761165316,182464200761165316
50,586,1962,1318c005,4548974523831660,4548974523831660,179692200820821780,179692200820821780
50,586,1963,1318c009,5052254307763956,5052254307763956,211398827208556428,211398827208556428
50,586,1964,1318c011,4641100851362802,4641100851362802,185496159455283726,185496159455283726
50,586,1965,1318c021,4708915170676362,4708915170676362,189768461572038006,189768461572038006
50,586,1966,1318c041,4805607099646242,4805607099646242,195860053097140446,195860053097140446
50,586,1967,1318c081,4798245359840412,4798245359840412,195396263489373156,195396263489373156
50,586,1968,1318c088,4772749778130042,4772749778130042,193790041841619846,193790041841619846
50,586,1969,1318c101,4936818492799206,4936818492799206,204126370865777178,204126370865777178
50,586,1970,1318c201,4604997188971792,4604997188971792,183221628724650096,183221628724650096
50,586,1971,1318c202,4660932912228512,4660932912228512,186745579289823456,186745579289823456
50,586,1972,1318c204,4574498044745890,4574498044745890,181300182638418270,181300182638418270
50,586,1973,1318c208,4647035139338528,4647035139338528,185870019597754464,185870019597754464
50,586,1974,1318c210,4665473044558222,4665473044558222,187031607626595186,187031607626595186
50,586,1975,1318c280,4902832898442738,4902832898442738,201985278421319694,201985278421319694
50,586,1976,1318c401,4793814711302076,4793814711302076,195117132631457988,195117132631457988
50,586,1977,1318c801,5062350142743882,5062350142743882,212034864812291766,212034864812291766
50,586,1978,1318d001,4564762486868406,4564762486868406,180686842492136778,180686842492136778
50,586,1979,1318e001,4513866571981206,4513866571981206,177480399854243178,177480399854243178
50,586,1980,1318e080,4868058495292476,4868058495292476,199794491022853188,199794491022853188
50,586,1981,1318e200,4652287064631950,4652287064631950,186200890891240050,186200890891240050
50,586,1982,13194011,4540379457007348,4540379457007348,179150711610890124,179150711610890124
50,586,1983,13194041,4518923972829998,4518923972829998,177799016107717074,177799016107717074
50,586,1984,13194042,4584239641894588,4584239641894588,181913903258786244,181913903258786244
50,586,1985,13194044,4403365127508478,4403365127508478,170518808852461314,170518808852461314
50,586,1986,13194048,4649133228302488,4649133228302488,186002199202483944,186002199202483944
50,586,1987,13194050,4801621601854008,4801621601854008,195608966736229704,195608966736229704
50,586,1988,13194090,4697562574163538,4697562574163538,189053247991730094,189053247991730094
50,586,1989,131940c0,4693261466352088,4693261466352088,188782278199608744,188782278199608744
50,586,1990,13194101,4575078044193716,4575078044193716,181336722603631308,181336722603631308
50,586,1991,13194180,4817791067886656,4817791067886656,196627643096286528,196627643096286528
50,586,1992,13194210,4810221976409922,4810221976409922,196150790333252286,196150790333252286
50,586,1993,13194401,4450449733159326,4450449733159326,173485139008464738,173485139008464738
50,586,1994,13194402,4555902025063038,4555902025063038,180128633398398594,180128633398398594
50,586,1995,13194404,4406668906433976,4406668906433976,170726946924767688,170726946924767688
50,586,1996,13194408,4720131791411126,4720131791411126,190475108678328138,190475108678328138
50,586,1997,13194410,4665343833930638,4665343833930638,187023467357057394,187023467357057394
50,586,1998,13194480,4749038994373006,4749038994373006,192296262464926578,192296262464926578
50,586,1999,13195001,4435002905872836,4435002905872836,172511988889415868,172511988889415868
50,586,2000,13195080,4598010368533406,4610405219435606,182781459037031778,183562334643870378
50,586,2001,13196040,4479536517011092,4479536517011092,175317606391125996,175317606391125996
50,586,2002,13196400,4496991126323206,4496991126323206,176417246777789178,176417246777789178
50,586,2003,1319c001,4685789173304876,4685789173304876,188311523737634388,188311523737634388
50,586,2004,1319c080,4901292407522996,4901292407522996,201888227493375948,201888227493375948
50,586,2005,131a1420,4657696893478608,4657696893478608,186541710108579504,186541710108579504
50,586,2006,131a1500,4811995946318520,4811995946318520,196262550437493960,196262550437493960
50,586,2007,131a4011,4400817773700666,4400817773700666,170358325562569158,170358325562569158
50,586,2008,131a4012,4705315617018678,4705315617018678,189541689691603914,189541689691603914
50,586,2009,131a4014,4419043933715838,4419043933715838,171506573643524994,171506573643524994
50,586,2010,131a4018,4433667485549298,4433667485549298,172427857409032974,172427857409032974
50,586,2011,131a4030,4483318040211288,4483318040211288,175555842352738344,175555842352738344
50,586,2012,131a4041,4480451826969546,4480451826969546,175375270918508598,175375270918508598
50,586,2013,131a4042,4451031881747118,4451031881747118,173521814369495634,173521814369495634
50,586,2014,131a4044,4288347171822078,4288347171822078,163272677644218114,163272677644218114
50,586,2015,131a4048,4513301538818178,4513301538818178,177444802764972414,177444802764972414
50,586,2016,131a4050,4641649174590948,4641649174590948,185530703818656924,185530703818656924
50,586,2017,131a4060,4455802359263448,4455802359263448,173822354453024424,173822354453024424
50,586,2018,131a4090,4585835194297692,4585835194297692,182014423060181796,182014423060181796
50,586,2019,131a40c0,4683114978761892,4683114978761892,188143049481426396,188143049481426396
50,586,2020,131a4101,4434914364668682,4434914364668682,172506410793554166,172506410793554166
50,586,2021,131a4102,4358200545150408,4358200545150408,167673440163902904,167673440163902904
50,586,2022,131a4104,4445280067658514,4445280067658514,173159450081913582,173159450081913582
50,586,2023,131a4108,4415534938823214,4415534938823214,171285506965289682,171285506965289682
50,586,2024,131a4110,4492700572625598,4492700572625598,176146941894839874,176146941894839874
50,586,2025,131a4120,4708730126043018,4708730126043018,189756803760137334,189756803760137334
50,586,2026,131a4140,4617363338204118,4617363338204118,184000696126286634,184000696126286634
50,586,2027,131a4180,4710968073237558,4710968073237558,189897794433393354,189897794433393354
50,586,2028,131a4210,4415460096848242,4415460096848242,171280791920866446,171280791920866446
50,586,2029,131a4240,4468045888501052,4468045888501052,174593696794993476,174593696794993476
50,586,2030,131a4300,4505007784721226,4505007784721226,176922296256864438,176922296256864438
50,586,2031,131a4401,4419570920220762,4419570920220762,171539773793335206,171539773793335206
50,586,2032,131a4402,4419519847627668,4419519847627668,171536556219970284,171536556219970284
50,586,2033,131a4404,4307564603849064,4307564603849064,164483375861918232,164483375861918232
50,586,2034,131a4408,4598896737124674,4598896737124674,182837300258281662,182837300258281662
50,586,2035,131a4410,4514615812120938,4514615812120938,177527601983046294,177527601983046294
50,586,2036,131a4420,4424290325143998,4424290325143998,171837096303499074,171837096303499074
50,586,2037,131a4440,4819612802088048,4819612802088048,196742412350974224,196742412350974224
50,586,2038,131a4480,4750123660654578,4750123660654578,192364596440665614,192364596440665614
50,586,2039,131a4500,4643455587035400,4643455587035400,185644507802657400,185644507802657400
50,586,2040,131a4600,4545118633530276,4545118633530276,179449279731834588,179449279731834588
50,586,2041,131a4810,4683446915407572,4683446915407572,188163961490104236,188163961490104236
50,586,2042,131a4840,4814839369016352,4814839369016352,196441686067457376,196441686067457376
50,586,2043,131a4900,4800530361996354,4800530361996354,195540218625197502,195540218625197502
50,586,2044,131a4c00,4831488408310314,4831488408310314,197490575542976982,197490575542976982
50,586,2045,131a5001,4449012424313472,4449012424313472,173394588551175936,173394588551175936
50,586,2046,131a5002,4361279869159908,4361279869159908,167867437576501404,167867437576501404
50,586,2047,131a5004,4300138714351224,4300138714351224,164015544823554312,164015544823554312
50,586,2048,131a5008,4479967378729884,4479967378729884,175344750679409892,175344750679409892
50,586,2049,131a5010,4357852508993538,4357852508993538,167651513886020094,167651513886020094
50,586,2050,131a5020,4372118384264058,4372118384264058,168550264028062854,168550264028062854
50,586,2051,131a5040,4458333415239798,4458333415239798,173981810979534474,173981810979534474
50,586,2052,131a5080,4626565765253178,4626565765253178,184580449030377414,184580449030377414
50,586,2053,131a5100,4343912335456620,4343912335456620,166773282953194260,166773282953194260
50,586,2054,131a5200,4465927857503816,4465927857503816,174460260842167608,174460260842167608
50,586,2055,131a5400,4486047735283980,4486047735283980,175727813142317940,175727813142317940
50,586,2056,131a5800,4721625042533514,4721625042533514,190569183499038582,190569183499038582
50,586,2057,131a6010,4513213826546514,4513213826546514,177439276891857582,177439276891857582
50,586,2058,131a6040,4561050378996174,4561050378996174,180452979696186162,180452979696186162
50,586,2059,131a6100,4601130383619876,4601130383619876,182978019987479388,182978019987479388
50,586,2060,131a6400,4592628274057236,4592628274057236,182442387085033068,182442387085033068
50,586,2061,131a7000,4540322749070736,4540322749070736,179147139010883568,179147139010883568
50,586,2062,131a9400,5101967642724240,5101967642724240,214530767311054320,214530767311054320
50,586,2063,131ac001,4630699837407192,4630699837407192,184840895576080296,184840895576080296
50,586,2064,131ac002,4583094343994178,4583094343994178,181841749491060414,181841749491060414
50,586,2065,131ac004,4531871743233684,4531871743233684,178614725643149292,178614725643149292
50,586,2066,131ac008,4623256675529754,4623256675529754,184371976377801702,184371976377801702
50,586,2067,131ac010,4575032345672208,4575032345672208,181333843596776304,181333843596776304
50,586,2068,131ac020,4723910648046708,4723910648046708,190713176646369804,190713176646369804
50,586,2069,131ac040,4818947842311048,4818947842311048,196700519885023224,196700519885023224
50,586,2070,131ac080,4892084553600078,4892084553600078,201308132696232114,201308132696232114
50,586,2071,131ac100,4938747181035300,4938747181035300,204247878224651100,204247878224651100
50,586,2072,131ac200,4704729617423436,4704729617423436,189504771717103668,189504771717103668
50,586,2073,131ac400,4884444154124250,4884444154124250,200826787529254950,200826787529254950
50,586,2074,131ac800,5026487165468124,5026487165468124,209775497243919012,209775497243919012
50,586,2075,131ad000,4558449016999860,4558449016999860,180289093890418380,180289093890418380
50,586,2076,131ae000,4760340895582746,4760340895582746,193008282241140198,193008282241140198
50,586,2077,131b4010,4507305529039692,4507305529039692,177067054148927796,177067054148927796
50,586,2078,131b4040,4535102775476132,4535102775476132,178818280674423516,178818280674423516
50,586,2079,131b4100,4543867851118378,4543867851118378,179370480439885014,179370480439885014
50,586,2080,131b4400,4571394764863988,4571394764863988,181104676005858444,181104676005858444
50,586,2081,131b5000,4495387361894948,4495387361894948,176316209618808924,176316209618808924
50,586,2082,131bc000,4706216180803948,4706216180803948,189598425210075924,189598425210075924
50,586,2083,131c4003,4616909726371152,4616909726371152,183972118580809776,183972118580809776
50,586,2084,131c4005,4553922653864670,4553922653864670,180003933012901410,180003933012901410
50,586,2085,131c4009,5001900127117536,5001900127117536,208226513827831968,208226513827831968
50,586,2086,131c4011,4589303020871682,4589303020871682,182232896134343166,182232896134343166
50,586,2087,131c4021,4626075132411582,4626075132411582,184549539161356866,184549539161356866
50,586,2088,131c4041,4646026448128542,4646026448128542,185806472051525346,185806472051525346
50,586,2089,131c4081,4784287375176102,4784287375176102,194516910455521626,194516910455521626
50,586,2090,131c4088,4843432020835092,4843432020835092,198243023132037996,198243023132037996
50,586,2091,131c4101,4696032833876856,4696032833876856,188956874353669128,188956874353669128
50,586,2092,131c4201,4549967900565262,4549967900565262,179754783555038706,179754783555038706
50,586,2093,131c4202,4718836855359316,4731231706261516,190393527707064108,191174403313902708
50,586,2094,131c4204,4621109386647174,4633504237549374,184236697178199162,185017572785037762
50,586,2095,131c4208,4637808253298272,4637808253298272,185288725777218336,185288725777218336
50,586,2096,131c4210,4644132079289196,4644132079289196,185687126814646548,185687126814646548
50,586,2097,131c4280,4950694146664898,4963088997567098,205000537059315774,205781412666154374
50,586,2098,131c4401,4616888102122476,4616888102122476,183970756253143188,183970756253143188
50,586,2099,131c4801,4985188972370922,4985188972370922,207173711078795286,207173711078795286
50,586,2100,131c5001,4599227092052466,4599227092052466,182858112618732558,182858112618732558
50,586,2101,131c6001,4497941534516646,4497941534516646,176477122493975898,176477122493975898
50,586,2102,131c6080,4942179792921516,4942179792921516,204464132773482708,204464132773482708
50,586,2103,131c6200,4642789510068754,4642789510068754,185602544953758702,185602544953758702
50,586,2104,131cc001,4876526663652336,4876526663652336,200327985629524368,200327985629524368
50,586,2105,131d4001,4667827029006566,4667827029006566,187179908646840858,187179908646840858
50,586,2106,131d4080,4982739138337516,4995133989239716,207019371534690708,207800247141529308
50,586,2107,131e4001,4612497058566012,4612497058566012,183694120509085956,183694120509085956
50,586,2108,131e4002,4677133414789812,4677133414789812,187766210951185356,187766210951185356
50,586,2109,131e4004,4598377779951018,4598377779951018,182804605956341334,182804605956341334
50,586,2110,131e4008,4645270453580328,4645270453580328,185758844394987864,185758844394987864
50,586,2111,131e4010,4596528914952342,4596528914952342,182688127461424746,182688127461424746
50,586,2112,131e4020,4691535082167162,4691535082167162,188673515995958406,188673515995958406
50,586,2113,131e4040,4737617708164572,4737617708164572,191576721433795236,191576721433795236
50,586,2114,131e4080,4957200899736798,4957200899736798,205410462502845474,205410462502845474
50,586,2115,131e4100,4733960358706194,4733960358706194,191346308417917422,191346308417917422
50,586,2116,131e4200,4690535159339780,4690535159339780,188610520857833340,188610520857833340
50,586,2117,131e4400,4772419761344274,4772419761344274,193769250784116462,193769250784116462
50,586,2118,131e4800,5036758904837934,5036758904837934,210422616824217042,210422616824217042
50,586,2119,131e5000,4653938179376334,4653938179376334,186304911120136242,186304911120136242
50,586,2120,131e6000,4763327212295610,4763327212295610,193196420194050630,193196420194050630
50,586,2121,131ec000,4924871458428714,4924871458428714,203373707700436182,203373707700436182
50,586,2122,131f4000,4765251407360168,4765251407360168,193317644483117784,193317644483117784
50,586,2123,13284c01,4335381133999992,4335381133999992,166235817261426696,166235817261426696
50,586,2124,13286480,4527896471111346,4527896471111346,178364283499441998,178364283499441998
50,586,2125,13286600,4519070417363060,4519070417363060,177808242113299980,177808242113299980
50,586,2126,13286c00,4402465807414182,4402465807414182,170462151686520666,170462151686520666
50,586,2127,1328c081,4514448620410392,4514448620410392,177517068905281896,177517068905281896
50,586,2128,1328c401,4767697308487806,4767697308487806,193471736254158978,193471736254158978
50,586,2129,1328e001,4514929742865486,4514929742865486,177547379619952818,177547379619952818
50,586,2130,1328e200,4611028205671100,4611028205671100,183601582776706500,183601582776706500
50,586,2131,13296400,4374075598967376,4374075598967376,168673568554371888,168673568554371888
50,586,2132,1329e000,4436847592798186,4436847592798186,172628204165712918,172628204165712918
50,586,2133,132ad000,4910165812422360,4910165812422360,202447252002035880,202447252002035880
50,586,2134,13306210,4453662984060018,4453662984060018,173687573815208334,173687573815208334
50,586,2135,13306401,4413505108931166,4413505108931166,171157627682090658,171157627682090658
50,586,2136,13384011,4197920330833362,4197920330833362,157575786661929006,157575786661929006
50,586,2137,13384041,4278330786909492,4278330786909492,162641645394725196,162641645394725196
50,586,2138,13384101,4289525270789106,4289525270789106,163346897879140878,163346897879140878
50,586,2139,13384210,4330803660183302,4330803660183302,165947436410975226,165947436410975226
50,586,2140,13384401,4288133307045966,4288133307045966,163259204163323058,163259204163323058
50,586,2141,13385001,4619439541659756,4619439541659756,184131496943991828,184131496943991828
50,586,2142,1338c001,4417157477539326,4417157477539326,171387726904404738,171387726904404738
50,586,2143,13394010,4407711506335258,4407711506335258,170792630718548454,170792630718548454
50,586,2144,133a4010,4209581982607008,4209581982607008,158310470723668704,158310470723668704
50,586,2145,133a4040,4396728545733168,4396728545733168,170100704200616784,170100704200616784
50,586,2146,133a4100,4315096811068170,4315096811068170,164957904916721910,164957904916721910
50,586,2147,133a4400,4394993063365950,4394993063365950,169991368811482050,169991368811482050
50,586,2148,133a5000,4665024968303730,4665024968303730,187003378822562190,187003378822562190
50,586,2149,133ac000,4468361928185520,4468361928185520,174613607295114960,174613607295114960
50,586,2150,133c4001,4476366373939926,4476366373939926,175117887377642538,175117887377642538
50,586,2151,133e4000,4579001229042114,4579001229042114,181583883249080382,181583883249080382
50,586,2152,13484481,4510656326938170,4510656326938170,177278154416531910,177278154416531910
50,586,2153,13484488,4652014325840340,4652014325840340,186183708347368620,186183708347368620
50,586,2154,13484601,4433255067456290,4433255067456290,172401875069173470,172401875069173470
50,586,2155,13484602,4562188914504698,4562188914504698,180524707433223174,180524707433223174
50,586,2156,13484608,4573177340216276,4573177340216276,181216978253052588,181216978253052588
50,586,2157,13484c01,4410191637527880,4410191637527880,170948878983683640,170948878983683640
50,586,2158,13484c08,4565193208668840,4565193208668840,180713977965564120,180713977965564120
50,586,2159,1348c202,4840706524313798,4840706524313798,198071316851196474,198071316851196474
50,586,2160,1348c280,5057565248640100,5057565248640100,211733416483753500,211733416483753500
50,586,2161,1348c401,4972734316653970,4980398061068010,206389067768627310,206871883666711830
50,586,2162,1348c408,5036529011909632,5044192756323672,210408133569734016,210890949467818536
50,586,2163,1348e200,5137720943589662,5137720943589662,216783225265575906,216783225265575906
50,586,2164,1348e400,5462312293650778,5469976038064818,237232480319426214,237715296217510734
50,586,2165,13494401,4287853104239350,4287853104239350,163241551386506250,163241551386506250
50,586,2166,13494402,4453524340985082,4453524340985082,173678839301487366,173678839301487366
50,586,2167,13494408,4497817367698350,4497817367698350,176469299984423250,176469299984423250
50,586,2168,134ac400,5178905663154040,5186569407568080,219377862598131720,219860678496216240
50,586,2169,13504403,4479545935527552,4479545935527552,175318199757662976,175318199757662976
50,586,2170,13504405,4445624292884142,4445624292884142,173181136271128146,173181136271128146
50,586,2171,13504602,4562486213734528,4562486213734528,180543437284702464,180543437284702464
50,586,2172,13505401,4522184703532320,4522184703532320,178004442141963360,178004442141963360
50,586,2173,13524402,4701224440830534,4701224440830534,189283945591750842,189283945591750842
50,586,2174,13584003,4362272467067832,4362272467067832,167929971244700616,167929971244700616
50,586,2175,13584005,4319728463236782,4319728463236782,165249699003344466,165249699003344466
50,586,2176,13584009,4646250587448060,4646250587448060,185820592828654980,185820592828654980
50,586,2177,13584011,4351908398641872,4351908398641872,167277034933865136,167277034933865136
50,586,2178,13584021,4401506064027732,4401506064027732,170401687853174316,170401687853174316
50,586,2179,13584041,4312263482179182,4312263482179182,164779405196715666,164779405196715666
50,586,2180,13584048,4430735854197414,4430735854197414,172243164633864282,172243164633864282
50,586,2181,13584081,4523229473257950,4523229473257950,178070262634678050,178070262634678050
50,586,2182,13584088,4574129580382620,4574129580382620,181276969383532260,181276969383532260
50,586,2183,13584101,4430408601469050,4430408601469050,172222547711977350,172222547711977350
50,586,2184,13584201,4234329145592280,4234329145592280,159869541991740840,159869541991740840
50,586,2185,13584202,4506031012862718,4518425863764918,176986759629778434,177767635236617034
50,586,2186,13584204,4434899543940536,4447294394842736,172505477087680968,173286352694519568
50,586,2187,13584208,4324069668529386,4324069668529386,165523194936778518,165523194936778518
50,586,2188,13584210,4448568873866108,4448568873866108,173366644872992004,173366644872992004
50,586,2189,13584280,4722362068539410,4734756919441610,190615616137410030,191396491744248630
50,586,2190,13584401,4253839239277350,4253839239277350,161098677893900250,161098677893900250
50,586,2191,13584408,4493883795783882,4493883795783882,176221484953811766,176221484953811766
50,586,2192,13584801,4692677611902900,4692677611902900,188745495369309900,188745495369309900
50,586,2193,13585001,4321514768661450,4321514768661450,165362236245098550,165362236245098550
50,586,2194,13586001,4573544525613480,4573544525613480,181240110933076440,181240110933076440
50,586,2195,13586040,4781388447041574,4781388447041574,194334277983046362,194334277983046362
50,586,2196,13586080,5018454248188470,5018454248188470,209269423455300810,209269423455300810
50,586,2197,13586200,4720080846754932,4720080846754932,190471899164987916,190471899164987916
50,586,2198,13586400,4809638742195228,4809638742195228,196114046577726564,196114046577726564
50,586,2199,1358c001,4578263416491090,4578263416491090,181537401058365870,181537401058365870
50,586,2200,13594001,4285853345431160,4285853345431160,163115566581590280,163115566581590280
50,586,2201,13594080,4709514553626290,4721909404528490,189806222697883470,190587098304722070
50,586,2202,135a4001,4369950402787542,4369950402787542,168413681195042346,168413681195042346
50,586,2203,135a4002,4546026366631434,4546026366631434,179506466917207542,179506466917207542
50,586,2204,135a4004,4472583314104872,4472583314104872,174879554608034136,174879554608034136
50,586,2205,135a4008,4399100533121154,4399100533121154,170250139406059902,170250139406059902
50,586,2206,135a4010,4486689494962494,4486689494962494,175768244002064322,175768244002064322
50,586,2207,135a4020,4579276747818504,4579276747818504,181601240931992952,181601240931992952
50,586,2208,135a4040,4532969575482714,4532969575482714,178683889074838182,178683889074838182
50,586,2209,135a4080,4759115212648842,4759115212648842,192931064216304246,192931064216304246
50,586,2210,135a4100,4588291984381680,4588291984381680,182169200835473040,182169200835473040
50,586,2211,135a4200,4499519760073364,4499519760073364,176576550704049132,176576550704049132
50,586,2212,135a4400,4551834032738250,4551834032738250,179872349881936950,179872349881936950
50,586,2213,135a4800,4893595089925908,4893595089925908,201403296484759404,201403296484759404
50,586,2214,135a5000,4478433556546410,4478433556546410,175248119881851030,175248119881851030
50,586,2215,135a6000,4827094037351160,4827094037351160,197213730172550280,197213730172550280
50,586,2216,135ac000,4759393827302160,4759393827302160,192948616939463280,192948616939463280
50,586,2217,135b4000,4524971184061408,4524971184061408,178179990415295904,178179990415295904
50,586,2218,135c4001,4511774417483190,4511774417483190,177348594120868170,177348594120868170
50,586,2219,135e4000,4743060003650874,4743060003650874,191919586049432262,191919586049432262
50,586,2220,13784001,4180874267076510,4180874267076510,156501884645247330,156501884645247330
50,586,2221,13784008,4359852706477302,4359852706477302,167777526327497226,167777526327497226
50,586,2222,13786000,4672729220014128,4672729220014128,187488746680317264,187488746680317264
50,586,2223,137a4000,4418879887289790,4418879887289790,171496238718683970,171496238718683970
50,586,2224,13884809,5109523931465322,5109523931465322,215006813501742486,215006813501742486
50,586,2225,13884a01,4807680056118888,4807680056118888,195990649354917144,195990649354917144
50,586,2226,13884c01,4750393156901412,4750393156901412,192381574704216156,192381574704216156
50,586,2227,13885081,4732505181065262,4732505181065262,191254632226538706,191254632226538706
50,586,2228,13885201,4730029804020862,4730029804020862,191098683472741506,191098683472741506
50,586,2229,13885801,4721919940582542,4721919940582542,190587762076127346,190587762076127346
50,586,2230,13886201,4671768963747048,4671768963747048,187428250535491224,187428250535491224
50,586,2231,13886208,4769803358238084,4769803358238084,193604417388426492,193604417388426492
50,586,2232,13886240,4851075593610888,4851075593610888,198724568216913144,198724568216913144
50,586,2233,1388b001,4726233457088976,4726233457088976,190859513616032688,190859513616032688
50,586,2234,1388c009,5421967843432056,5421967843432056,234690779955646728,234690779955646728
50,586,2235,1388c201,5036455440754522,5036455440754522,210403498586962086,210403498586962086
50,586,2236,1388c401,5252212192042956,5252212192042956,223996173918133428,223996173918133428
50,586,2237,1388d001,4939270834049916,4939270834049916,204280868364571908,204280868364571908
50,586,2238,13895001,4613285605668926,4613285605668926,183743798976569538,183743798976569538
50,586,2239,13896008,4707679357177700,4707679357177700,189690605321622300,189690605321622300
50,586,2240,138ad000,4965911325425190,4965911325425190,205959219321214170,205959219321214170
50,586,2241,138c9001,5084159637751656,5084159637751656,213408862997781528,213408862997781528
50,586,2242,138e9000,5117137854868074,5117137854868074,215486490676115862,215486490676115862
50,586,2243,13903401,4473624809320686,4473624809320686,174945168806630418,174945168806630418
50,586,2244,13980083,4662455930879448,4662455930879448,186841529464832424,186841529464832424
50,586,2245,13980085,4556881741906626,4556881741906626,180190355559544638,180190355559544638
50,586,2246,13980089,5004843217088322,5004843217088322,208411928495991486,208411928495991486
50,586,2247,1398008a,4678356801478398,4678356801478398,187843284312566274,187843284312566274
50,586,2248,13980091,4619312610124158,4619312610124158,184123500257249154,184123500257249154
50,586,2249,139800a1,4612065704012898,4612065704012898,183666945172239774,183666945172239774
50,586,2250,139800c1,4653161044081128,4653161044081128,186255951596538264,186255951596538264
50,586,2251,13980181,4748369747712942,4748369747712942,192254099925342546,192254099925342546
50,586,2252,13980281,4656021330813028,4656021330813028,186436149660647964,186436149660647964
50,586,2253,13980282,4825166442600422,4837561293502622,197092291703253786,197873167310092386
50,586,2254,13980403,4462874077993212,4462874077993212,174267872732999556,174267872732999556
50,586,2255,13980405,4297850785881900,4297850785881900,163871405329986900,163871405329986900
50,586,2256,13980481,4660140724092642,4660140724092642,186695671437263646,186695671437263646
50,586,2257,13980601,4495364587623832,4495364587623832,176314774839728616,176314774839728616
50,586,2258,13980602,4592146352712572,4592146352712572,182412026040319236,182412026040319236
50,586,2259,13980881,5115310763150262,5115310763150262,215371383897893706,215371383897893706
50,586,2260,13981081,4593961759802892,4593961759802892,182526396687009396,182526396687009396
50,586,2261,13981088,4701010174084242,4701010174084242,189270446786734446,189270446786734446
50,586,2262,13981401,4499095466327886,4499095466327886,176549820198084018,176549820198084018
50,586,2263,13982003,4465549483910772,4465549483910772,174436423305805836,174436423305805836
50,586,2264,13982005,4289308508304120,4289308508304120,163333241842586760,163333241842586760
50,586,2265,13982009,4631268004272156,4631268004272156,184876690088573028,184876690088573028
50,586,2266,13982011,4334475174972282,4334475174972282,166178741842680966,166178741842680966
50,586,2267,13982021,4376312909254812,4376312909254812,168814519102480356,168814519102480356
50,586,2268,13982041,4294867908127392,4294867908127392,163683484031452896,163683484031452896
50,586,2269,13982081,4518171656496576,4518171656496576,177751620178711488,177751620178711488
50,586,2270,13982101,4454579379520896,4454579379520896,173745306729243648,173745306729243648
50,586,2271,13982201,4296982359284638,4296982359284638,163816694454359394,163816694454359394
50,586,2272,13982202,4566804820538648,4566804820538648,180815509513362024,180815509513362024
50,586,2273,13982401,4271134704147816,4271134704147816,162188292180739608,162188292180739608
50,586,2274,13982801,4669174462887066,4669174462887066,187264796981312358,187264796981312358
50,586,2275,13983001,4367504345650326,4367504345650326,168259579595397738,168259579595397738
50,586,2276,13984003,4680731628573762,4680731628573762,187992898419574206,187992898419574206
50,586,2277,13984005,4515718599982950,4515718599982950,177597077618353050,177597077618353050
50,586,2278,13984009,5027893751106786,5027893751106786,209864112139154718,209864112139154718
50,586,2279,13984011,4619102853653892,4619102853653892,184110285599622396,184110285599622396
50,586,2280,13984021,4611439497608652,4611439497608652,183627494168772276,183627494168772276
50,586,2281,13984041,4673089554293022,4673089554293022,187511447739887586,187511447739887586
50,586,2282,13984081,4825232985783042,4825232985783042,197096483923758846,197096483923758846
50,586,2283,13984088,4870884139428762,4870884139428762,199972506603439206,199972506603439206
50,586,2284,13984101,4745307847058916,4745307847058916,192061200184138908,192061200184138908
50,586,2285,13984201,4612174713805512,4612174713805512,183673812789174456,183673812789174456
50,586,2286,13984202,4781803493366372,4794198344268572,194360425901508636,195141301508347236
50,586,2287,13984204,4614210041312060,4626604892214260,183802038422086980,184582914028925580
50,586,2288,13984208,4696666283263668,4696666283263668,188996781665038284,188996781665038284
50,586,2289,13984210,4712633406949112,4712633406949112,190002710457221256,190002710457221256
50,586,2290,13984280,4975084666041878,4987479516944078,206537139780065514,207318015386904114
50,586,2291,13984401,4674946297073406,4674946297073406,187628422535051778,187628422535051778
50,586,2292,13984801,5009970458675592,5009970458675592,208734944715989496,208734944715989496
50,586,2293,13984808,5057141025804042,5057141025804042,211706690445081846,211706690445081846
50,586,2294,13985001,4616272018474716,4616272018474716,183931942983334308,183931942983334308
50,586,2295,13986001,4544208054880956,4544208054880956,179391913276927428,179391913276927428
50,586,2296,13986080,4940796676627686,4940796676627686,204376996446971418,204376996446971418
50,586,2297,13986200,4706025264377030,4706025264377030,189586397475180090,189586397475180090
50,586,2298,13986800,5097205238229192,5097205238229192,214230735827866296,214230735827866296
50,586,2299,13988081,4887705942209472,4887705942209472,201032280178623936,201032280178623936
50,586,2300,13988088,4880291706802122,4880291706802122,200565183347960886,200565183347960886
50,586,2301,1398a001,4558945196698506,4558945196698506,180320353211433078,180320353211433078
50,586,2302,1398c001,4887001992708786,4887001992708786,200987931360080718,200987931360080718
50,586,2303,13990081,4634596365438986,4634596365438986,185086376842083318,185086376842083318
50,586,2304,13991080,4700812768754246,4713207619656446,189258010250944698,190038885857783298
50,586,2305,13992001,4306334291012250,4306334291012250,164405866153198950,164405866153198950
50,586,2306,13994001,4673457447094906,4673457447094906,187534624986406278,187534624986406278
50,586,2307,13994002,4862223407131898,4874618258034098,199426880468736774,200207756075575374
50,586,2308,13994004,4661956927002096,4674351777904296,186810092220559248,187590967827397848
50,586,2309,13994008,4780180100670066,4780180100670066,194258152161641358,194258152161641358
50,586,2310,13994010,4809901674910498,4809901674910498,196130611338788574,196130611338788574
50,586,2311,13994080,4970002086785656,4982396937687856,206216937286923528,206997812893762128
50,586,2312,13996000,4755292993979266,4755292993979266,192690264440120958,192690264440120958
50,586,2313,139a0003,4459564175822856,4459564175822856,174059348896267128,174059348896267128
50,586,2314,139a0005,4333690834932924,4333690834932924,166129328420201412,166129328420201412
50,586,2315,139a0006,4627163008254768,4627163008254768,184618075339477584,184618075339477584
50,586,2316,139a000a,4442023009223838,4442023009223838,172954255400528994,172954255400528994
50,586,2317,139a0012,4741684275817518,4741684275817518,191832915195930834,191832915195930834
50,586,2318,139a0022,4620003398562498,4620003398562498,184167019928864574,184167019928864574
50,586,2319,139a0042,4528728855176358,4528728855176358,178416723695537754,178416723695537754
50,586,2320,139a0081,4684719203189118,4684719203189118,188244115620341634,188244115620341634
50,586,2321,139a0082,4756997637571392,4756997637571392,192797656986424896,192797656986424896
50,586,2322,139a0102,4462561533286938,4462561533286938,174248182416504294,174248182416504294
50,586,2323,139a0201,4450004280085224,4450004280085224,173457075464796312,173457075464796312
50,586,2324,139a0202,4535810219194762,4535810219194762,178862849628697206,178862849628697206
50,586,2325,139a0402,4529829925549518,4529829925549518,178486091129046834,178486091129046834
50,586,2326,139a0802,4781390276188602,4781390276188602,194334393219309126,194334393219309126
50,586,2327,139a1001,4456592878716492,4456592878716492,173872157178566196,173872157178566196
50,586,2328,139a1002,4460831820252618,4460831820252618,174139210495342134,174139210495342134
50,586,2329,139a1004,4345314274576434,4345314274576434,166861605117742542,166861605117742542
50,586,2330,139a1008,4497165895680114,4497165895680114,176428257247274382,176428257247274382
50,586,2331,139a1010,4321349664598248,4321349664598248,165351834689116824,165351834689116824
50,586,2332,139a1020,4436606773551048,4436606773551048,172613032553143224,172613032553143224
50,586,2333,139a1040,4551187210996368,4551187210996368,179831600112198384,179831600112198384
50,586,2334,139a1080,4736700891680388,4736700891680388,191518961995291644,191518961995291644
50,586,2335,139a1100,4463430145920480,4463430145920480,174302905012417440,174302905012417440
50,586,2336,139a1200,4503103053922106,4503103053922106,176802298216519878,176802298216519878
50,586,2337,139a1400,4611514635533160,4611514635533160,183632227858016280,183632227858016280
50,586,2338,139a1800,4791590545175664,4791590545175664,194977010165494032,194977010165494032
50,586,2339,139a2001,4431074408776188,4431074408776188,172264493572327044,172264493572327044
50,586,2340,139a2002,4668908846954424,4668908846954424,187248063177555912,187248063177555912
50,586,2341,139a3000,4594305060437976,4594305060437976,182548024627019688,182548024627019688
50,586,2342,139a4001,4593908750468652,4593908750468652,182523057098952276,182523057098952276
50,586,2343,139a4002,4674661129197528,4674661129197528,187610456958871464,187610456958871464
50,586,2344,139a4004,4523271536313444,4523271536313444,178072912607174172,178072912607174172
50,586,2345,139a4008,4632407998040544,4632407998040544,184948509695981472,184948509695981472
50,586,2346,139a4010,4590204869186778,4590204869186778,182289712578194214,182289712578194214
50,586,2347,139a4020,4639997257608378,4639997257608378,185426633048755014,185426633048755014
50,586,2348,139a4040,4705570660228938,4705570660228938,189557757413850294,189557757413850294
50,586,2349,139a4080,4951418513237868,4951418513237868,205046172153412884,205046172153412884
50,586,2350,139a4100,4729881387198000,4729881387198000,191089333212901200,191089333212901200
50,586,2351,139a4200,4713595541420776,4713595541420776,190063324928936088,190063324928936088
50,586,2352,139a4400,4786479502738890,4786479502738890,194655014491977270,194655014491977270
50,586,2353,139a4800,5021598328323774,5021598328323774,209467500503824962,209467500503824962
50,586,2354,139a5000,4652913333584010,4652913333584010,186240345835219830,186240345835219830
50,586,2355,139a6000,4788733829961756,4788733829961756,194797037107017828,194797037107017828
50,586,2356,139a8002,4636293815052678,4636293815052678,185193316167745914,185193316167745914
50,586,2357,139a8004,4559920577130924,4559920577130924,180381802178675412,180381802178675412
50,586,2358,139a8080,4973103662567838,4973103662567838,206412336561200994,206412336561200994
50,586,2359,139a8200,4714144256685616,4714144256685616,190097893990621008,190097893990621008
50,586,2360,139a9000,4623998241210780,4623998241210780,184418695015706340,184418695015706340
50,586,2361,139aa000,4796263952800686,4796263952800686,195271434845870418,195271434845870418
50,586,2362,139ac000,4898493343513500,4898493343513500,201711886460777700,201711886460777700
50,586,2363,139b0002,4605984018852972,4605984018852972,183283799007164436,183283799007164436
50,586,2364,139b1000,4537879008935608,4537879008935608,178993183382370504,178993183382370504
50,586,2365,139b4000,4751119394323838,4751119394323838,192427327661828994,192427327661828994
50,586,2366,139c0003,4723301490094842,4723301490094842,190674799695402246,190674799695402246
50,586,2367,139c0005,4568285552165040,4568285552165040,180908795605824720,180908795605824720
50,586,2368,139c0081,4881478341855102,4881478341855102,200639941356298626,200639941356298626
50,586,2369,139c0201,4641918404448122,4641918404448122,185547665299658886,185547665299658886
50,586,2370,139c0202,4795062358440456,4807457209342656,195195734401175928,195976610008014528
50,586,2371,139c1001,4658420574496146,4658420574496146,186587302012684398,186587302012684398
50,586,2372,139c2001,4535573240329206,4535573240329206,178847919960167178,178847919960167178
50,586,2373,139c4001,4851270458123076,4851270458123076,198736844681180988,198736844681180988
50,586,2374,139e0002,4734517110696792,4734517110696792,191381383793325096,191381383793325096
50,586,2375,139e1000,4727734909895064,4727734909895064,190954105142816232,190954105142816232
50,586,2376,139e4000,4928355019907244,4928355019907244,203593172073583572,203593172073583572
50,586,2377,13a84801,4577153850051312,4577153850051312,181467498372659856,181467498372659856
50,586,2378,13a8c001,4787777025258906,4787777025258906,194736758410738278,194736758410738278
50,586,2379,13b02401,4370209522186716,4370209522186716,168430005717190308,168430005717190308
50,586,2380,13b80081,4476228076605822,4476228076605822,175109174645593986,175109174645593986
50,586,2381,13b80088,4656239440707852,4656239440707852,186449890584021876,186449890584021876
50,586,2382,13b80401,4387476331150866,4387476331150866,169517814681931758,169517814681931758
50,586,2383,13b82001,4184135481920106,4184135481920106,156707341180393878,156707341180393878
50,586,2384,13b84001,4471308005877996,4471308005877996,174799210189740948,174799210189740948
50,586,2385,13ba0001,4309082365481412,4309082365481412,164578994844756156,164578994844756156
50,586,2386,13ba0002,4360776100270998,4360776100270998,167835700136500074,167835700136500074
50,586,2387,13ba0004,4261748392970994,4261748392970994,161596954576599822,161596954576599822
50,586,2388,13ba0008,4419607336563714,4419607336563714,171542068022941182,171542068022941182
50,586,2389,13ba0010,4223706171433548,4223706171433548,159200294619740724,159200294619740724
50,586,2390,13ba0020,4418040989768268,4418040989768268,171443388174828084,171443388174828084
50,586,2391,13ba0040,4470903875008128,4470903875008128,174773749944939264,174773749944939264
50,586,2392,13ba0080,4671631877163978,4671631877163978,187419614080757814,187419614080757814
50,586,2393,13ba0100,4415936155050420,4415936155050420,171310783587603660,171310783587603660
50,586,2394,13ba0200,4459706193582526,4459706193582526,174068296015126338,174068296015126338
50,586,2395,13ba0400,4501781497133520,4501781497133520,176719040138838960,176719040138838960
50,586,2396,13ba0800,4672084138062024,4672084138062024,187448106517334712,187448106517334712
50,586,2397,13ba1000,4696947797871900,4696947797871900,189014517085356900,189014517085356900
50,586,2398,13ba2000,4453091265317076,4453091265317076,173651555534402988,173651555534402988
50,586,2399,13ba4000,4547464966635090,4547464966635090,179597098717437870,179597098717437870
50,586,2400,13ba8000,4518039755089740,4518039755089740,177743310390080820,177743310390080820
50,586,2401,13bb0000,4440240114897258,4440240114897258,172841933057954454,172841933057954454
50,586,2402,13bc0001,4545330811387416,4545330811387416,179462646936834408,179462646936834408
50,586,2403,13be0000,4634119493079234,4634119493079234,185056333883418942,185056333883418942
50,586,2404,13c84201,4703240398023750,4703240398023750,189410950894923450,189410950894923450
50,586,2405,13c86200,5133872183672432,5133872183672432,216540753390790416,216540753390790416
50,586,2406,13d00602,4582399039478638,4582399039478638,181797945306581394,181797945306581394
50,586,2407,13d02401,4697433431135400,4697433431135400,189045111980957400,189045111980957400
50,586,2408,13d80081,4539950643694950,4539950643694950,179123696372209050,179123696372209050
50,586,2409,13d82001,4592167031362020,4592167031362020,182413328795234460,182413328795234460
50,586,2410,13d84001,4546626597567780,4546626597567780,179544281466197340,179544281466197340
50,586,2411,13d84008,4656150434592042,4656150434592042,186444283198725846,186444283198725846
50,586,2412,13d86000,5081435523989358,5081435523989358,213237243830756754,213237243830756754
50,586,2413,13da0002,4575220264089354,4575220264089354,181345682457056502,181345682457056502
50,586,2414,13da1000,4536873346018170,4536873346018170,178929826618571910,178929826618571910
50,586,2415,13da4000,4752040813654980,4752040813654980,192485377079690940,192485377079690940
50,586,2416,13fa0000,4451886902325000,4451886902325000,173575680665902200,173575680665902200
50,586,2417,14286501,4139626165622498,4139626165622498,153903254253644574,153903254253644574
50,586,2418,1428e401,4080039116415698,4080039116415698,150149270153616174,150149270153616174
50,586,2419,14386401,4201138040653698,4201138040653698,157778502380610174,157778502380610174
50,586,2420,15085405,4172598218788402,4172598218788402,155980493603096526,155980493603096526
50,586,2421,15085421,4264771635831622,4264771635831622,161787418876819386,161787418876819386
50,586,2422,15085501,4296385321605670,4296385321605670,163779081080584410,163779081080584410
50,586,2423,15085508,4510073205047592,4510073205047592,177241417737425496,177241417737425496
50,586,2424,1508c409,5025521540382380,5025521540382380,209714662863517140,209714662863517140
50,586,2425,1508cc01,4692800748390126,4692800748390126,188753252968005138,188753252968005138
50,586,2426,1508d401,4416754153972010,4416754153972010,171362317519663830,171362317519663830
50,586,2427,1508d408,4621402002132342,4621402002132342,184255131953764746,184255131953764746
50,586,2428,150ad400,4448695186262504,4448695186262504,173374602553964952,173374602553964952
50,586,2429,150cc401,4796131330953000,4796131330953000,195263079669466200,195263079669466200
50,586,2430,1510f001,4691300588673280,4691300588673280,188658742905843840,188658742905843840
50,586,2431,1518404c,4590757016409816,4590757016409816,182324497853245608,182324497853245608
50,586,2432,15184405,4304353815287876,4304353815287876,164281096182563388,164281096182563388
50,586,2433,15184406,4559553486222338,4559553486222338,180358675451434494,180358675451434494
50,586,2434,1518440c,4476173042791226,4476173042791226,175105707515274438,175105707515274438
50,586,2435,15184414,4626408975512198,4626408975512198,184570571276695674,184570571276695674
50,586,2436,15184421,4486276367208056,4486276367208056,175742216953534728,175742216953534728
50,586,2437,15184422,4587847489905618,4587847489905618,182141197683481134,182141197683481134
50,586,2438,15184424,4737080113330018,4737080113330018,191542852959218334,191542852959218334
50,586,2439,15184444,4665946827420738,4665946827420738,187061455946933694,187061455946933694
50,586,2440,15184484,4445505355873120,4445505355873120,173173643239433760,173173643239433760
50,586,2441,15184501,4590711142290344,4590711142290344,182321607783718872,182321607783718872
50,586,2442,15184502,4506808670911758,4506808670911758,177035752086867954,177035752086867954
50,586,2443,15184504,4531796647769366,4531796647769366,178609994628897258,178609994628897258
50,586,2444,15184604,4445851006340634,4445851006340634,173195419218887142,173195419218887142
50,586,2445,15184c04,4621143717097390,4621143717097390,184238859996562770,184238859996562770
50,586,2446,15185404,4307376753681032,4307376753681032,164471541301332216,164471541301332216
50,586,2447,15186404,4345386181181026,4345386181181026,166866135233831838,166866135233831838
50,586,2448,15186420,4533784403224118,4533784403224118,178735223222546634,178735223222546634
50,586,2449,15186500,4632102226729542,4632102226729542,184929246103388346,184929246103388346
50,586,2450,1518c009,5055463723859180,5055463723859180,211601020422555540,211601020422555540
50,586,2451,1518c401,4648315748405160,4648315748405160,185950697968952280,185950697968952280
50,586,2452,1518c402,4563089139359914,4563089139359914,180581421599101782,180581421599101782
50,586,2453,1518c404,4447942250037742,4447942250037742,173327167571804946,173327167571804946
50,586,2454,1518d001,4516865497313520,4516865497313520,177669332150178960,177669332150178960
50,586,2455,1518e400,4640886561762058,4640886561762058,185482659210436854,185482659210436854
50,586,2456,15194404,4707979417083600,4707979417083600,189709509095694000,189709509095694000
50,586,2457,151a4101,4725936740717580,4725936740717580,190840820484634740,190840820484634740
50,586,2458,151a4404,4410585590689340,4410585590689340,170973698032855620,170973698032855620
50,586,2459,151a4420,4570653904189292,4570653904189292,181058001783352596,181058001783352596
50,586,2460,151a4500,4635454216043848,4635454216043848,185140421430189624,185140421430189624
50,586,2461,151a5100,4541958573418024,4541958573418024,179250195944762712,179250195944762712
50,586,2462,151ac001,4569423247891176,4569423247891176,180980470436571288,180980470436571288
50,586,2463,151ac008,4552229965316368,4552229965316368,179897293634358384,179897293634358384
50,586,2464,151ac400,4660991216698684,4660991216698684,186749252471444292,186749252471444292
50,586,2465,151ad000,4424792677007864,4424792677007864,171868744470922632,171868744470922632
50,586,2466,151c4404,4586103683453680,4586103683453680,182031337877009040,182031337877009040
50,586,2467,1528c401,4255360613229010,4255360613229010,161194524452854830,161194524452854830
50,586,2468,1528c404,4087713320339592,4087713320339592,150632745000821496,150632745000821496
50,586,2469,1528e400,4272267002969638,4272267002969638,162259627006514394,162259627006514394
50,586,2470,15306401,4350123045751840,4350123045751840,167164557701793120,167164557701793120
50,586,2471,15384404,4278589035485542,4278589035485542,162657915055016346,162657915055016346
50,586,2472,15386100,4581685899519108,4581685899519108,181753017489131004,181753017489131004
50,586,2473,1538c001,4379626227047020,4379626227047020,169023258123389460,169023258123389460
50,586,2474,1538c002,4292190981156304,4292190981156304,163514837632274352,163514837632274352
50,586,2475,1538c004,4302434688865012,4302434688865012,164160191217922956,164160191217922956
50,586,2476,1538e000,4361066815492828,4361066815492828,167854015195475364,167854015195475364
50,586,2477,153ac000,4340116041216504,4340116041216504,166534116416066952,166534116416066952
50,586,2478,15484405,4162100193379388,4162100193379388,155319118002328644,155319118002328644
50,586,2479,1548440c,4315524919241468,4315524919241468,164984875731639684,164984875731639684
50,586,2480,1548c401,4480592613457960,4480592613457960,175384140467278680,175384140467278680
50,586,2481,1548c408,4639588461783502,4639588461783502,185400878911787826,185400878911787826
50,586,2482,154ac400,4651052516651810,4651052516651810,186123114368491230,186123114368491230
50,586,2483,15584003,4775646178266956,4775646178266956,193972515050245428,193972515050245428
50,586,2484,15584005,4663664602557346,4663664602557346,186917675780539998,186917675780539998
50,586,2485,15584021,4817576007392216,4817576007392216,196614094285136808,196614094285136808
50,586,2486,15584101,4692849307307834,4692849307307834,188756312179820742,188756312179820742
50,586,2487,15584404,4396828736404256,4396828736404256,170107016212895328,170107016212895328
50,586,2488,15586001,4934139483124134,4934139483124134,203957593256247642,203957593256247642
50,586,2489,1558c001,4522530910880940,4522530910880940,178026253204926420,178026253204926420
50,586,2490,1588d001,4672342632074560,4672342632074560,187464391640124480,187464391640124480
50,586,2491,15902405,4358724230600840,4358724230600840,167706432347280120,167706432347280120
50,586,2492,15981401,4626372196659280,4626372196659280,184568254208961840,184568254208961840
50,586,2493,15984404,4644680733321566,4644680733321566,185721692018685858,185721692018685858
50,586,2494,159a9000,4518976352986364,4518976352986364,177802316057568132,177802316057568132
50,586,2495,159ac000,4857954659015064,4857954659015064,199157949337376232,199157949337376232
50,586,2496,15a8c001,4547100958247220,4547100958247220,179574166189002060,179574166189002060
50,586,2497,15b80401,4485187494067700,4485187494067700,175673617945692300,175673617945692300
50,586,2498,15d84001,5000714099911864,5000714099911864,208151794113874632,208151794113874632
50,586,2499,16085481,4437955572614020,4437955572614020,172698006894110460,172698006894110460
50,586,2500,16087041,4367281089436862,4380915425429282,168245514453949506,169104477621471966
50,586,2501,16087401,4309375551468228,4323009887460648,164597465561925564,165456428729448024
50,586,2502,1608d401,4739882769400628,4739882769400628,191719420291666764,191719420291666764
50,586,2503,16184405,4517644674678790,4517644674678790,177718420324190970,177718420324190970
50,586,2504,16184421,4621920053167372,4621920053167372,184287769168971636,184287769168971636
50,586,2505,16184501,4869983162505208,4869983162505208,199915745057255304,199915745057255304
50,586,2506,16184604,4694886871261214,4694886871261214,188884678708883682,188884678708883682
50,586,2507,16185048,4860891615457324,4860891615457324,199342977593238612,199342977593238612
50,586,2508,16185401,4587793567305648,4587793567305648,182137800559683024,182137800559683024
50,586,2509,16185402,4548886597808744,4548886597808744,179686661481378072,179686661481378072
50,586,2510,16185404,4448917174721140,4448917174721140,173388587826859020,173388587826859020
50,586,2511,16185408,4906626920413710,4906626920413710,202224301805490930,202224301805490930
50,586,2512,16185410,4768901144344774,4768901144344774,193547577913147962,193547577913147962
50,586,2513,16186404,4575153578975060,4575153578975060,181341481294855980,181341481294855980
50,586,2514,1618c401,5072561173814008,5072561173814008,212678159769709704,212678159769709704
50,586,2515,16286401,4202254905452018,4215889241444438,157848864862904334,158707828030426794
50,586,2516,16287001,4498210340708528,4511844676700948,176494057284064464,177353020451586924
50,586,2517,16384011,4441160353454302,4441160353454302,172899908087048226,172899908087048226
50,586,2518,16384014,4526575433766354,4526575433766354,178281058146707502,178281058146707502
50,586,2519,16384018,4724758900652694,4724758900652694,190766616560546922,190766616560546922
50,586,2520,16384041,4520617842948982,4520617842948982,177905729925213066,177905729925213066
50,586,2521,16384044,4444433347703134,4444433347703134,173106106724724642,173106106724724642
50,586,2522,16384048,4804216390147374,4804216390147374,195772438398711762,195772438398711762
50,586,2523,16384101,4509328265614818,4509328265614818,177194486553160734,177194486553160734
50,586,2524,16384104,4629966802137650,4629966802137650,184794714354099150,184794714354099150
50,586,2525,16384108,4744770482427680,4744770482427680,192027346212371040,192027346212371040
50,586,2526,16384401,4508189259233108,4508189259233108,177122729151113004,177122729151113004
50,586,2527,16384404,4465848497700650,4465848497700650,174455261174568150,174455261174568150
50,586,2528,16384408,4867534117500500,4867534117500500,199761455221958700,199761455221958700
50,586,2529,16385001,4733931242196268,4733931242196268,191344474077792084,191344474077792084
50,586,2530,16385002,4785712315375004,4798107166277204,194606681688052452,195387557294891052
50,586,2531,16385004,4702941760565420,4715336611467620,189392136735048660,190173012341887260
50,586,2532,16385008,4977623147267880,4977623147267880,206697064097303640,206697064097303640
50,586,2533,16385010,4741521785377694,4741521785377694,191822678298221922,191822678298221922
50,586,2534,1638c001,4580470396958318,4580470396958318,181676440827801234,181676440827801234
50,586,2535,1638c004,4577106113409950,4577106113409950,181464490964254050,181464490964254050
50,586,2536,1638c008,4818724315542460,4818724315542460,196686437698602180,196686437698602180
50,586,2537,163a4010,4491990131504752,4491990131504752,176102184104226576,176102184104226576
50,586,2538,163a4100,4563080164264588,4563080164264588,180580856168096244,180580856168096244
50,586,2539,163ac000,4639682809181008,4639682809181008,185406822797830704,185406822797830704
50,586,2540,163c4001,4716886196023752,4716886196023752,190270636168923576,190270636168923576
50,586,2541,163c4002,4802988990832182,4815383841734382,195695112241854666,196475987848693266
50,586,2542,163c4004,4722806898028918,4735201748931118,190643640395249034,191424516002087634
50,586,2543,163c4008,4982456412854948,4982456412854948,207001559829288924,207001559829288924
50,586,2544,163c4010,4771691298890832,4771691298890832,193723357649549616,193723357649549616
50,586,2545,16485401,4306453967256438,4320088303248858,164413405756582794,165272368924105254
50,586,2546,16584041,4515625535014412,4515625535014412,177591214525335156,177591214525335156
50,586,2547,16584048,4697905645473094,4697905645473094,189074861484232122,189074861484232122
50,586,2548,16584401,4415624396620878,4415624396620878,171291142806542514,171291142806542514
50,586,2549,16584408,4708356400674720,4708356400674720,189733259061934560,189733259061934560
50,586,2550,16585001,4405928364789178,4405928364789178,170680292801145414,170680292801145414
50,586,2551,16684401,4199248060519958,4212882396512378,157659433632184554,158518396799707014
50,586,2552,16784001,4229463448564778,4229463448564778,159563003079008214,159563003079008214
50,586,2553,16784002,4448854742781604,4461249593683804,173384654614668252,174165530221506852
50,586,2554,16784004,4411637227163420,4424032078065620,171039951130722660,171820826737561260
50,586,2555,16784008,4491858948778660,4491858948778660,176093919592482780,176093919592482780
50,586,2556,16784010,4406563454051984,4406563454051984,170720303424702192,170720303424702192
50,586,2557,16887001,4576186886520518,4589821222512938,181406579670219834,182265542837742294
50,586,2558,1688d001,4832249922284038,4833007385394728,197538550923321594,197586271099295064
50,586,2559,16985001,4781977329171458,4781977329171458,194371377557229054,194371377557229054
50,586,2560,16985008,4966602034627870,4966602034627870,206002734000983010,206002734000983010
50,586,2561,16b84001,4627124199766708,4627124199766708,184615630404729804,184615630404729804
50,586,2562,16b84004,4635548301931300,4647943152833500,185146348841099100,185927224447937700
50,586,2563,16b84008,4885540580907480,4885540580907480,200895862416598440,200895862416598440
50,586,2564,16c85001,4565698494209788,4579332830202208,180745810954643844,181604774122166304
50,586,2565,17081405,4614652427577072,4614652427577072,183829908756782736,183829908756782736
50,586,2566,17084091,4538166594827848,4538166594827848,179011301293581624,179011301293581624
50,586,2567,170840c1,4567439682092748,4567439682092748,180855505791270324,180855505791270324
50,586,2568,17084181,4594033242103466,4594033242103466,182530900071945558,182530900071945558
50,586,2569,17084403,4459989930725332,4473624266717752,174086171455123116,174945134622645576
50,586,2570,17084405,4267217496092872,4267217496092872,161941508073278136,161941508073278136
50,586,2571,17084409,4903204557474500,4916838893466920,202008692940320700,202867656107843160
50,586,2572,1708440c,4547553430750304,4547553430750304,179602671956696352,179602671956696352
50,586,2573,17084411,4543535039025602,4557169375018022,179349513278040126,180208476445562586
50,586,2574,17084421,4383444065633302,4383444065633302,169263781954325226,169263781954325226
50,586,2575,17084441,4765879059544272,4779513395536692,193357186570716336,194216149738238796
50,586,2576,17084481,4510880422159756,4510880422159756,177292272415491828,177292272415491828
50,586,2577,17084501,4583087932579600,4583087932579600,181841345571942000,181841345571942000
50,586,2578,17084601,4567964482888394,4567964482888394,180888568241396022,180888568241396022
50,586,2579,17084c01,4634325535911936,4634325535911936,185069314581879168,185069314581879168
50,586,2580,17085081,4456078910402726,4456078910402726,173839777174798938,173839777174798938
50,586,2581,17085401,4421897175277160,4435531511269580,171686327861888280,172545291029410740
50,586,2582,17085402,4412520994328394,4426155330320814,171095628462116022,171954591629638482
50,586,2583,17085404,4245672218595602,4245672218595602,160584155590950126,160584155590950126
50,586,2584,17085408,4666837897163562,4680472233155982,187117593340731606,187976556508254066
50,586,2585,17085410,4577070514215964,4590704850208384,181462248215032932,182321211382555392
50,586,2586,17085480,4582164620859586,4582164620859586,181783176933581118,181783176933581118
50,586,2587,17086011,4373815626491792,4387449962484212,168657190288410096,169516153455932556
50,586,2588,17086041,4346555738601092,4360190074593512,166939817351295996,167798780518818456
50,586,2589,17086101,4384237217779570,4384237217779570,169313750539540110,169313750539540110
50,586,2590,17086401,4301255434410860,4314889770403280,164085898187311380,164944861354833840
50,586,2591,17086408,4597270774317912,4610905110310332,182734864601455656,183593827768978116
50,586,2592,17087001,4337857234539360,4351491570531780,166391811595406880,167250774762929340
50,586,2593,17087400,4534072355713368,4547706691705788,178753364229369384,179612327396891844
50,586,2594,1708c081,4800444105398106,4800444105398106,195534784459507878,195534784459507878
50,586,2595,1708c401,4846171053440330,4846171053440330,198415582186167990,198415582186167990
50,586,2596,1708d080,4699190333886346,4699190333886346,189155796854266998,189155796854266998
50,586,2597,1708e001,4551701549049020,4551701549049020,179864003409515460,179864003409515460
50,586,2598,1708e040,4868896211216984,4868896211216984,199847267126097192,199847267126097192
50,586,2599,17094401,4740016224133486,4740016224133486,191727827939836818,191727827939836818
50,586,2600,170a4401,4413061352009926,4413061352009926,171129670996052538,171129670996052538
50,586,2601,170a5001,4434858455773656,4434858455773656,172502888533167528,172502888533167528
50,586,2602,170a5400,4530339200123024,4530339200123024,178518175427177712,178518175427177712
50,586,2603,170ad000,4588920305503184,4588920305503184,182208785066127792,182208785066127792
50,586,2604,170c4081,4807089319686826,4807089319686826,195953432959697238,195953432959697238
50,586,2605,170c4401,4708720769261310,4722355105253730,189756214282889730,190615177450412190
50,586,2606,170c4408,4983197850455776,4996832186448196,207048270398141088,207907233565663548
50,586,2607,170c6001,4584929068081040,4598563404073460,181957337108532720,182816300276055180
50,586,2608,17184011,4601136241939182,4601136241939182,182978389061595666,182978389061595666
50,586,2609,17184041,4624759467435102,4624759467435102,184466652267838626,184466652267838626
50,586,2610,17184042,4649281840155694,4649281840155694,186011561749235922,186011561749235922
50,586,2611,17184044,4461820362067564,4461820362067564,174201488629683732,174201488629683732
50,586,2612,17184048,4771692450573094,4771692450573094,193723430205532122,193723430205532122
50,586,2613,17184050,4870765828262744,4870765828262744,199965052999980072,199965052999980072
50,586,2614,17184090,4681269320727128,4681269320727128,188026773025236264,188026773025236264
50,586,2615,171840c0,4734519966623828,4734519966623828,191381563716728364,191381563716728364
50,586,2616,17184101,4667012006526150,4667012006526150,187128562230574650,187128562230574650
50,586,2617,17184180,4850355429010946,4850355429010946,198679197847116798,198679197847116798
50,586,2618,17184210,4690122716129782,4690122716129782,188584536935603466,188584536935603466
50,586,2619,17184401,4576102877615730,4576102877615730,181401287109218190,181401287109218190
50,586,2620,17184402,4639992636026764,4639992636026764,185426341889113332,185426341889113332
50,586,2621,17184404,4484172553695682,4484172553695682,175609676702255166,175609676702255166
50,586,2622,17184408,4852661643094062,4852661643094062,198824489334353106,198824489334353106
50,586,2623,17184410,4736918214024634,4736918214024634,191532653302979142,191532653302979142
50,586,2624,17184480,4801771276240466,4801771276240466,195618396222576558,195618396222576558
50,586,2625,17185001,4516511556019200,4516511556019200,177647033848636800,177647033848636800
50,586,2626,17185080,4626674350110136,4639069201012336,184587289876365768,185368165483204368
50,586,2627,17186040,4615538909131684,4615538909131684,183885757094723292,183885757094723292
50,586,2628,17186400,4644467300039518,4644467300039518,185708245721916834,185708245721916834
50,586,2629,1718c001,4811256712529680,4811256712529680,196215978708797040,196215978708797040
50,586,2630,1718c080,4979931142638486,4979931142638486,206842467805651818,206842467805651818
50,586,2631,171a4010,4571140194449738,4571140194449738,181088638069760694,181088638069760694
50,586,2632,171a4040,4655170644197138,4655170644197138,186382556403846894,186382556403846894
50,586,2633,171a4100,4664716023975824,4664716023975824,186983915329904112,186983915329904112
50,586,2634,171a4400,4685730842453254,4685730842453254,188307848893982202,188307848893982202
50,586,2635,171a5000,4582314362444684,4582314362444684,181792610653442292,181792610653442292
50,586,2636,171ac000,4807325588291294,4807325588291294,195968317881778722,195968317881778722
50,586,2637,171c4001,4775798061702060,4775798061702060,193982083706656980,193982083706656980
50,586,2638,171c4080,5024114578716366,5036509429618566,209626024278558258,210406899885396858
50,586,2639,171e4000,4862763142288348,4862763142288348,199460883783593124,199460883783593124
50,586,2640,17284401,4310457769556770,4324092105549190,164665645301503710,165524608469026170
50,586,2641,17284404,4200570097707792,4200570097707792,157742721975018096,157742721975018096
50,586,2642,17286400,4410293687805268,4423928023797688,170955308151159084,171814271318681544
50,586,2643,1728e000,4450780723825048,4450780723825048,173505991420405224,173505991420405224
50,586,2644,17384010,4424589240163724,4424589240163724,171855927949741812,171855927949741812
50,586,2645,17484003,4501195730548782,4514830066541202,176682136844000466,177541100011522926
50,586,2646,17484081,4510343903372910,4510343903372910,177258471731920530,177258471731920530
50,586,2647,17484401,4344874826513110,4358509162505530,166833919889753130,167692883057275590
50,586,2648,17484402,4513783058185364,4527417394177784,177475138485105132,178334101652627592
50,586,2649,17484408,4544163548564722,4557797884557142,179389109379004686,180248072546527146
50,586,2650,17485001,4346438902443290,4360073238435710,166932456673354470,167791419840876930
50,586,2651,17486001,4637231551567940,4650865887560360,185252393568207420,186111356735729880
50,586,2652,1748c080,4932050164349810,4932050164349810,203825966173465230,203825966173465230
50,586,2653,17584001,4413787299839970,4413787299839970,171175405709345310,171175405709345310
50,586,2654,17584080,4774829143751540,4787223994653740,193921041875774220,194701917482612820
50,586,2655,175a4000,4647792077852950,4647792077852950,185917706724163050,185917706724163050
50,586,2656,17881401,4536209254886670,4549843590879090,178887988877287410,179746952044809870
50,586,2657,17882401,4417567629252430,4431201965244850,171413566462330290,172272529629852750
50,586,2658,17884003,4811171420136242,4824805756128662,196210605288010446,197069568455532906
50,586,2659,17884005,4548614697257062,4548614697257062,179669531746622106,179669531746622106
50,586,2660,17884009,5049433160940270,5063067496932690,211221094958664210,212080058126186670
50,586,2661,17884011,4718763491193732,4732397827186152,190388905764632316,191247868932154776
50,586,2662,17884021,4664841266797492,4664841266797492,186991805627669196,186991805627669196
50,586,2663,17884041,4780996270356892,4794630606349312,194309570851911396,195168534019433856
50,586,2664,17884042,4876208114222824,4889842450215244,200307917015465112,201166880182987572
50,586,2665,17884044,4592837365767594,4592837365767594,182455559862785622,182455559862785622
50,586,2666,17884081,4802303168257026,4802303168257026,195651905419619838,195651905419619838
50,586,2667,17884101,4781284720809010,4781284720809010,194327743230394830,194327743230394830
50,586,2668,17884201,4834057613669314,4834057613669314,197652435480593982,197652435480593982
50,586,2669,17884401,4722458960475800,4736093296468220,190621720329402600,191480683496925060
50,586,2670,17884801,4917893368530866,4917893368530866,202934088036871758,202934088036871758
50,586,2671,17885001,4628616604947550,4642250940939970,184709651931122850,185568615098645310
50,586,2672,17886001,4598258357582380,4611892693574800,182797082347117140,183656045514639600
50,586,2673,17886008,4762060560619332,4775694896611752,193116621138445116,193975584305967576
50,586,2674,17886040,4840791719196154,4854426055188574,198076684128784902,198935647296307362
50,586,2675,1788c001,4959012487063190,4959012487063190,205524592504408170,205524592504408170
50,586,2676,17894001,4991997355709986,4991997355709986,207602639229156318,207602639229156318
50,586,2677,178a4001,4593810789745696,4593810789745696,182516885573406048,182516885573406048
50,586,2678,178a9000,4664479052926034,4664479052926034,186968986153767342,186968986153767342
50,586,2679,178c4001,4961307973325070,4974942309317490,205669208138906610,206528171306429070
50,586,2680,178c4008,5107910115465206,5121544451457626,214905143093735178,215764106261257638
50,586,2681,17980081,4728011857025436,4728011857025436,190971552812029668,190971552812029668
50,586,2682,17980082,4865366630577838,4877761481480038,199624903545830994,200405779152669594
50,586,2683,17980084,4741632932893858,4754027783796058,191829680591740254,192610556198578854
50,586,2684,17980088,4839602167780696,4839602167780696,198001742389611048,198001742389611048
50,586,2685,17980090,4811511387031768,4811511387031768,196232023202428584,196232023202428584
50,586,2686,179800a0,4869275440671168,4881670291573368,199871158581710784,200652034188549384
50,586,2687,179800c0,4904866840815568,4904866840815568,202113416790807984,202113416790807984
50,586,2688,17980180,4993990834888856,4993990834888856,207728228417425128,207728228417425128
50,586,2689,17980280,5027038962375460,5039433813277660,209810260449081180,210591136055919780
50,586,2690,17980402,4777238031194864,4777238031194864,194072801784703632,194072801784703632
50,586,2691,17980480,4948250546865066,4948250546865066,204846590271926358,204846590271926358
50,586,2692,17980880,5316125869802456,5316125869802456,228022735616981928,228022735616981928
50,586,2693,17981080,4775629731679896,4788024582582096,193971478915260648,194752354522099248
50,586,2694,17982001,4477384096588140,4477384096588140,175182003904480020,175182003904480020
50,586,2695,17982002,4776778720565254,4776778720565254,194043865215038202,194043865215038202
50,586,2696,17982080,4816923568264850,4816923568264850,196572990620112750,196572990620112750
50,586,2697,17982200,4760775245705962,4760775245705962,193035646298902806,193035646298902806
50,586,2698,17984001,4790829279964070,4790829279964070,194929050457163610,194929050457163610
50,586,2699,17984002,4943242906198794,4955637757100994,204531108909951222,205311984516789822
50,586,2700,17984004,4735399739595792,4747794590497992,191436989413962096,192217865020800696
50,586,2701,17984008,4926816458303562,4926816458303562,203496242692551606,203496242692551606
50,586,2702,17984010,4884672034753584,4884672034753584,200841144008902992,200841144008902992
50,586,2703,17984080,5041397427305806,5053792278208006,210714843739692978,211495719346531578
50,586,2704,17986000,4898390516337768,4898390516337768,201705408348706584,201705408348706584
50,586,2705,17988080,5098233346109096,5098233346109096,214295506624300248,214295506624300248
50,586,2706,1798a000,4912236614592578,4912236614592578,202577712538759614,202577712538759614
50,586,2707,17990080,5205479905487056,5217874756389256,221052039865111728,221832915471950328
50,586,2708,179a0002,4680895011540988,4680895011540988,188003191546509444,188003191546509444
50,586,2709,179a0004,4560244273545036,4560244273545036,180402195052764468,180402195052764468
50,586,2710,179a0080,4879795908478022,4879795908478022,200533948053542586,200533948053542586
50,586,2711,179a0200,4809783010448678,4809783010448678,196123135477693914,196123135477693914
50,586,2712,179a1000,4653036195718064,4653036195718064,186248086149665232,186248086149665232
50,586,2713,179a2000,4730050985010640,4730050985010640,191100017875097520,191100017875097520
50,586,2714,179a4000,4855057846396134,4855057846396134,198975450142383642,198975450142383642
50,586,2715,179c0002,4998650505732598,5011045356634798,208021787680580874,208802663287419474
50,586,2716,179c0004,4842206530429486,4854601381331686,198165817236484818,198946692843323418
50,586,2717,179c0080,5142113942900246,5154508793802446,217059984222142698,217840859828981298
50,586,2718,179c2000,4920965039930812,4920965039930812,203127603335068356,203127603335068356
50,586,2719,17a84001,4495038180093060,4508672516085480,176294211165289980,177153174332812440
50,586,2720,17b80080,4719668696091296,4732063546993496,190445933673178848,191226809280017448
50,586,2721,17ba0000,4545545185655964,4545545185655964,179476152515752932,179476152515752932
50,586,2722,17c84001,4623445099638080,4637079435630500,184383847096626240,185242810264148700
50,586,2723,17c86000,5120425098226488,5134059434218908,215693587007695944,216552550175218404
50,586,2724,17d80080,4841584465399660,4853979316301860,198126627139605780,198907502746444380
50,586,2725,19104407,4514767548146424,4514767548146424,177537161352651912,177537161352651912
50,586,2726,19183420,4640107007260074,4640107007260074,185433547276811862,185433547276811862
50,586,2727,19183500,4643018887830126,4643018887830126,185616995752725138,185616995752725138
50,586,2728,19184405,4201847048656902,4201847048656902,157823169884812026,157823169884812026
50,586,2729,1918440c,4351629125639652,4351629125639652,167259440734725276,167259440734725276
50,586,2730,19184421,4351040695097994,4351040695097994,167222369610600822,167222369610600822
50,586,2731,19184501,4390351237167330,4390351237167330,169698933760968990,169698933760968990
50,586,2732,19184604,4300049711978302,4300049711978302,164009937674060226,164009937674060226
50,586,2733,19186404,4388506142855184,4388506142855184,169582692819303792,169582692819303792
50,586,2734,19186420,4540611292890648,4540611292890648,179165317271538024,179165317271538024
50,586,2735,19186500,4626376714839420,4626376714839420,184568538854310660,184568538854310660
50,586,2736,1918b400,4677346121503026,4677346121503026,187779611474117838,187779611474117838
50,586,2737,1918c009,4806612460708344,4806612460708344,195923390844052872,195923390844052872
50,586,2738,1918c00a,4310873641329720,4310873641329720,164691845223199560,164691845223199560
50,586,2739,1918c00c,4249477361126178,4249477361126178,160823879570376414,160823879570376414
50,586,2740,1918c081,4626148459410984,4626148459410984,184554158762319192,184554158762319192
50,586,2741,1918c401,4440990919443114,4440990919443114,172889233744343382,172889233744343382
50,586,2742,1918d008,4305318279367716,4305318279367716,164341857419593308,164341857419593308
50,586,2743,1918e008,4450063463783700,4450063463783700,173460804037800300,173460804037800300
50,586,2744,1918e400,4591412902635036,4591412902635036,182365818685434468,182365818685434468
50,586,2745,19194404,4381785498029800,4381785498029800,169159292195304600,169159292195304600
50,586,2746,1919d000,4346218727033604,4346218727033604,166918585622544252,166918585622544252
50,586,2747,191a4404,4545091344583284,4545091344583284,179447560528174092,179447560528174092
50,586,2748,191a4420,4722519079058268,4722519079058268,190625507800098084,190625507800098084
50,586,2749,191a4500,4836044216048100,4836044216048100,197777591430457500,197777591430457500
50,586,2750,191ac008,4680532486325700,4680532486325700,187980352457946300,187980352457946300
50,586,2751,191ac400,4807390894230336,4807390894230336,195972432155938368,195972432155938368
50,586,2752,19304405,4386853008677256,4386853008677256,169478545366094328,169478545366094328
50,586,2753,19306401,4403009079590148,4403009079590148,170496377833606524,170496377833606524
50,586,2754,1958c008,4557442365558144,4557442365558144,180225674849590272,180225674849590272
50,586,2755,19904405,4664237954194782,4664237954194782,186953796933698466,186953796933698466
50,586,2756,19981401,4506487357676334,4506487357676334,177015509353036242,177015509353036242
50,586,2757,19b02401,4364635658228898,4364635658228898,168078852287847774,168078852287847774
50,586,2758,1b084481,4610668268809434,4610668268809434,183578906754421542,183578906754421542
50,586,2759,1b084601,4575149270937230,4575149270937230,181341209888472690,181341209888472690
50,586,2760,1b084c01,4529715868374114,4529715868374114,178478905526996382,178478905526996382
50,586,2761,1b085600,4622743553520892,4622743553520892,184339649691243396,184339649691243396
50,586,2762,1b08c401,4981201430910844,4988865175324884,206922495966810372,207405311864894892
50,586,2763,1b08d008,4731938349657246,4731938349657246,191218921847833698,191218921847833698
50,586,2764,1b08d200,4731474085856482,4731474085856482,191189673228385566,191189673228385566
50,586,2765,1b094401,4383993684444878,4383993684444878,169298407939454514,169298407939454514
50,586,2766,1b095400,4504657709565634,4504657709565634,176900241522062142,176900241522062142
50,586,2767,1b09d000,4594762594450094,4594762594450094,182576849269783122,182576849269783122
50,586,2768,1b104405,4567328055507066,4567328055507066,180848473316372358,180848473316372358
50,586,2769,1b10440c,4755612721087518,4755612721087518,192710407247940834,192710407247940834
50,586,2770,1b184011,4349855077800198,4349855077800198,167147675720839674,167147675720839674
50,586,2771,1b184018,4446282329292210,4446282329292210,173222592564836430,173222592564836430
50,586,2772,1b184041,4438684448652348,4438684448652348,172743926084525124,172743926084525124
50,586,2773,1b184048,4535111700144360,4535111700144360,178818842928521880,178818842928521880
50,586,2774,1b184101,4390182952576674,4390182952576674,169688331831757662,169688331831757662
50,586,2775,1b184108,4482856634602386,4482856634602386,175526773799377518,175526773799377518
50,586,2776,1b184210,4364114656648118,4364114656648118,168046029188258634,168046029188258634
50,586,2777,1b184240,4432930614811118,4432930614811118,172381434552527634,172381434552527634
50,586,2778,1b184300,4517959050543022,4517959050543022,177738226003637586,177738226003637586
50,586,2779,1b184401,4398453695775954,4398453695775954,170209388653312302,170209388653312302
50,586,2780,1b184408,4641357052323246,4641357052323246,185512300115791698,185512300115791698
50,586,2781,1b184600,4507378231937032,4507378231937032,177071634431460216,177071634431460216
50,586,2782,1b185001,4391804534744124,4391804534744124,169790491508307012,169790491508307012
50,586,2783,1b185008,4468919448850506,4468919448850506,174648731097009078,174648731097009078
50,586,2784,1b185200,4419894855936482,4432289706838682,171560181743425566,172341057350264166
50,586,2785,1b186010,4481888356939254,4481888356939254,175465772306600202,175465772306600202
50,586,2786,1b186040,4573596197226564,4573596197226564,181243366244700732,181243366244700732
50,586,2787,1b186100,4636129672590936,4636129672590936,185182975192656168,185182975192656168
50,586,2788,1b186400,4620039982405656,4620039982405656,184169324710983528,184169324710983528
50,586,2789,1b187000,4544792953598466,4544792953598466,179428761896130558,179428761896130558
50,586,2790,1b18c001,4564248399041574,4564248399041574,180654454959046362,180654454959046362
50,586,2791,1b18c008,4605922117421616,4605922117421616,183279899216989008,183279899216989008
50,586,2792,1b18c200,4618211083854382,4618211083854382,184054104102253266,184054104102253266
50,586,2793,1b18e000,4736634126255996,4736634126255996,191514755773554948,191514755773554948
50,586,2794,1b194010,4463023054315708,4463023054315708,174277258241316804,174277258241316804
50,586,2795,1b194040,4508066974477018,4508066974477018,177115025211479334,177115025211479334
50,586,2796,1b194100,4579530741945674,4579530741945674,181617242562004662,181617242562004662
50,586,2797,1b194400,4528096740845004,4528096740845004,178376900492662452,178376900492662452
50,586,2798,1b195000,4424680837124014,4437075688026214,171861698558240082,172642574165078682
50,586,2799,1b19c000,4632731754035984,4632731754035984,184968906323694192,184968906323694192
50,586,2800,1b1a4010,4615613863197414,4615613863197414,183890479200864282,183890479200864282
50,586,2801,1b1a4040,4755600135549054,4755600135549054,192709614359017602,192709614359017602
50,586,2802,1b1a4100,4802122965800016,4802122965800016,195640552664828208,195640552664828208
50,586,2803,1b1a4400,4797207780799026,4797207780799026,195330896009765838,195330896009765838
50,586,2804,1b1a5000,4710563909397876,4710563909397876,189872332111493388,189872332111493388
50,586,2805,1b1ac000,4943186133771546,4943186133771546,204527532247034598,204527532247034598
50,586,2806,1b1c4001,4572096868453674,4572096868453674,181148908532008662,181148908532008662
50,586,2807,1b1c4008,4668447803111370,4668447803111370,187219017415443510,187219017415443510
50,586,2808,1b1c4200,4655901959797106,4668296810699306,186428629286644878,187209504893483478
50,586,2809,1b1c6000,4835533494307830,4835533494307830,197745415960820490,197745415960820490
50,586,2810,1b1d4000,4724108220020954,4736503070923154,190725623680747302,191506499287585902
50,586,2811,1b1e4000,5009299393625760,5009299393625760,208692667617850080,208692667617850080
50,586,2812,1b584001,4446417919242792,4446417919242792,173231134731723096,173231134731723096
50,586,2813,1b584008,4539145589219784,4539145589219784,179072977940273592,179072977940273592
50,586,2814,1b584200,4557039799988774,4569434650890974,180200313218719962,180981188825558562
50,586,2815,1b586000,4846733113460880,4846733113460880,198450991967462640,198450991967462640
50,586,2816,1b594000,4591629495906698,4604024346808898,182379464061549174,183160339668387774
50,586,2817,1b5a4000,4946901539704470,4946901539704470,204761602820808810,204761602820808810
50,586,2818,1b884201,4842904167085470,4842904167085470,198209768345811810,198209768345811810
50,586,2819,1b980003,4456324739675118,4456324739675118,173855264418959634,173855264418959634
50,586,2820,1b980005,4325826575221206,4325826575221206,165633880058363178,165633880058363178
50,586,2821,1b98000a,4494381404726370,4494381404726370,176252834317188510,176252834317188510
50,586,2822,1b980081,4625528487846804,4625528487846804,184515100553775852,184515100553775852
50,586,2823,1b980201,4420191325810990,4420191325810990,171578859345519570,171578859345519570
50,586,2824,1b980202,4528118849038868,4540513699941068,178378293308875884,179159168915714484
50,586,2825,1b981001,4426885490076474,4426885490076474,172000591694245062,172000591694245062
50,586,2826,1b981008,4509231022086666,4509231022086666,177188360210887158,177188360210887158
50,586,2827,1b981200,4494098309369222,4506493160271422,176234999309688186,177015874916526786
50,586,2828,1b982001,4442785212223698,4442785212223698,173002274189520174,173002274189520174
50,586,2829,1b982002,4649124040372974,4649124040372974,186001620362924562,186001620362924562
50,586,2830,1b983000,4605937011022236,4605937011022236,183280837513828068,183280837513828068
50,586,2831,1b984001,4609045009937094,4609045009937094,183476641445464122,183476641445464122
50,586,2832,1b984008,4700999335582236,4700999335582236,189269763961108068,189269763961108068
50,586,2833,1b984200,4715038340424452,4727433191326652,190154221266167676,190935096873006276
50,586,2834,1b986000,4825182809589816,4825182809589816,197093322823585608,197093322823585608
50,586,2835,1b988200,4657455692199632,4657455692199632,186526514428004016,186526514428004016
50,586,2836,1b98a000,4786676866050546,4786676866050546,194667448380611598,194667448380611598
50,586,2837,1b990002,4577366597850938,4589761448753138,181480901484036294,182261777090874894
50,586,2838,1b991000,4487082151567624,4499477002469824,175792981368187512,176573856975026112
50,586,2839,1b994000,4727015564317874,4739410415220074,190908786371453262,191689661978291862
50,586,2840,1b9a0002,4791094104771384,4791094104771384,194945734420024392,194945734420024392
50,586,2841,1b9a1000,4802306967886836,4802306967886836,195652144796297868,195652144796297868
50,586,2842,1b9a4000,5009825415826866,5009825415826866,208725807016519758,208725807016519758
50,586,2843,1bb80001,4306908879798054,4306908879798054,164442065246704602,164442065246704602
50,586,2844,1bb80008,4468159544738286,4468159544738286,174600857137939218,174600857137939218
50,586,2845,1bb80200,4452976498895662,4465371349797862,173644325249853906,174425200856692506
50,586,2846,1bb82000,4488886213779936,4488886213779936,175906637287563168,175906637287563168
50,586,2847,1bb90000,4452744720366714,4465139571268914,173629723202530182,174410598809368782
50,586,2848,1bba0000,4722260441404776,4722260441404776,190609213627928088,190609213627928088
50,586,2849,1d08d400,4452427681273566,4452427681273566,173609749739661858,173609749739661858
50,586,2850,1d184404,4431243172205232,4431243172205232,172275125668356816,172275125668356816
50,586,2851,1d18c001,4585399171072828,4585399171072828,181986953597015364,181986953597015364
50,586,2852,1d48c400,4781183033270540,4781183033270540,194321336915471220,194321336915471220
50,586,2853,1f084401,4415731920276008,4429366256268428,171297916796815704,172156879964338164
50,586,2854,1f085001,4409713404843718,4423347740836138,170918750324581434,171777713492103894
50,586,2855,1f085400,4498902724588836,4512537060581256,176537677468523868,177396640636046328
50,586,2856,1f08d000,4560793468984656,4560793468984656,180436794365460528,180436794365460528
50,586,2857,1f184010,4523087991398850,4523087991398850,178061349277554750,178061349277554750
50,586,2858,1f184040,4623935331726810,4623935331726810,184414731718216230,184414731718216230
50,586,2859,1f184100,4676895356184216,4676895356184216,187751213259032808,187751213259032808
50,586,2860,1f184400,4653187641981146,4653187641981146,186257627264239398,186257627264239398
50,586,2861,1f185000,4514222995761636,4526617846663836,177502854552410268,178283730159248868
50,586,2862,1f18c000,4766417757420766,4766417757420766,193391124536935458,193391124536935458
50,586,2863,1f1c4000,4840908923386840,4853303774289040,198084067992798120,198864943599636720
50,586,2864,1f584000,4709004133510900,4721398984413100,189774066230613900,190554941837452500
50,586,2865,1f884001,4654805032906978,4668439368899398,186359522892566814,187218486060089274
50,586,2866,1f980002,4661499018360820,4673893869263020,186781243976158860,187562119582997460
50,586,2867,1f980004,4544413844513388,4556808695415588,179404878023770644,180185753630609244
50,586,2868,1f980080,4819339378484078,4831734229386278,196725186663924114,197506062270762714
50,586,2869,1f980200,4769298022023014,4781692872925214,193572581206877082,194353456813715682
50,586,2870,1f981000,4607288057205916,4619682908108116,183365953423399908,184146829030238508
50,586,2871,1f982000,4739536781707980,4739536781707980,191697623067029940,191697623067029940
50,586,2872,1f984000,4849347801151606,4861742652053806,198615717291978378,199396592898816978
50,586,2873,1fb80000,4535836418501256,4548231269403456,178864500185006328,179645375791844928
50,586,2874,20347401,4451195398606488,4451195398606488,173532115931635944,173532115931635944
50,586,2875,20745401,4523526879673002,4523526879673002,178088999238826326,178088999238826326
50,586,2876,2104540b,4630176411747476,4705922722816476,184807919759518188,189579937356865188
50,586,2877,21045609,4750109561357644,4780408085785244,192363708184958772,194272515223897572
50,586,2878,2104d403,4368610848548436,4368610848548436,168329289277978668,168329289277978668
50,586,2879,2104d601,4486153962293244,4486153962293244,175734505443901572,175734505443901572
50,586,2880,21055409,4848776318311468,4848776318311468,198579713873049684,198579713873049684
50,586,2881,2105d401,4503859531348048,4503859531348048,176849956294354224,176849956294354224
50,586,2882,210cc403,4778876196099046,4786539940513086,194176006173667098,194658822071751618
50,586,2883,2111e401,4536645016738484,4536645016738484,178915441873951692,178915441873951692
50,586,2884,21141603,4466135332238650,4466135332238650,174473331750462150,174473331750462150
50,586,2885,21145281,4822191514341512,4822191514341512,196904871222942456,196904871222942456
50,586,2886,21145601,4250292187547606,4250292187547606,160875213634926378,160875213634926378
50,586,2887,21146700,4480333672304678,4480333672304678,175367827174621914,175367827174621914
50,586,2888,2114d003,4220912127473556,4220912127473556,159024269850261228,159024269850261228
50,586,2889,211c4405,4385896315229994,4385896315229994,169418273678916822,169418273678916822
50,586,2890,211c4484,4693977016808970,4693977016808970,188827357878392310,188827357878392310
50,586,2891,211c4604,4472195053449308,4472195053449308,174855094186733604,174855094186733604
50,586,2892,211c4c04,4838004486555108,4838004486555108,197901088472399004,197901088472399004
50,586,2893,211c5081,4943697067233156,4943697067233156,204559721055116028,204559721055116028
50,586,2894,211c5401,4540565522296680,4540565522296680,179162433724118040,179162433724118040
50,586,2895,211cc401,4723993342576170,4723993342576170,190718386401725910,190718386401725910
50,586,2896,211cd001,4547130823693560,4547130823693560,179576047712121480,179576047712121480
50,586,2897,211d4404,4630678214967350,4630678214967350,184839533362370250,184839533362370250
50,586,2898,211e4404,4532936835939282,4532936835939282,178681826483601966,178681826483601966
50,586,2899,211ec400,4814636549913498,4814636549913498,196428908463977574,196428908463977574
50,586,2900,211ed000,4560414261804108,4560414261804108,180412904313086004,180412904313086004
50,586,2901,211ee000,4864478353350264,4864478353350264,199568942080493832,199568942080493832
50,586,2902,2125e400,4402797804831918,4402797804831918,170483067523838034,170483067523838034
50,586,2903,21344083,4573895051245752,4573895051245752,181262194047909576,181262194047909576
50,586,2904,21344085,4588629599524920,4588629599524920,182190470589497160,182190470589497160
50,586,2905,21344089,4873989598467996,4873989598467996,200168150522910948,200168150522910948
50,586,2906,21344091,4553134910274132,4553134910274132,179954305166697516,179954305166697516
50,586,2907,213440a1,4656256482884832,4656256482884832,186450964241171616,186450964241171616
50,586,2908,213440c1,4540609090788432,4540609090788432,179165178539098416,179165178539098416
50,586,2909,21344181,4459552920292236,4459552920292236,174058639797838068,174058639797838068
50,586,2910,21344281,4700776686257012,4700776686257012,189255737053618956,189255737053618956
50,586,2911,21344481,4327712299671246,4327712299671246,165752680698715698,165752680698715698
50,586,2912,21344881,5041903214247576,5041903214247576,210746708317024488,210746708317024488
50,586,2913,21344c01,4519721629075116,4519721629075116,177849268451159508,177849268451159508
50,586,2914,21345081,4929420990767736,4929420990767736,203660328237794568,203660328237794568
50,586,2915,21345401,4524880322624340,4524880322624340,178174266144760620,178174266144760620
50,586,2916,21346081,4525190013818520,4525190013818520,178193776689993960,178193776689993960
50,586,2917,21346401,3993724839474840,3993724839474840,144711470706342120,144711470706342120
50,586,2918,2134c081,4337450018673696,4337450018673696,166366156995870048,166366156995870048
50,586,2919,2134d080,4716842160053616,4716842160053616,190267861902805008,190267861902805008
50,586,2920,2134e080,4452443485743060,4452443485743060,173610745421239980,173610745421239980
50,586,2921,21354081,4730121109703060,4730121109703060,191104435730719980,191104435730719980
50,586,2922,21364081,4686386333643252,4686386333643252,188349144838952076,188349144838952076
50,586,2923,21364401,4201820391857646,4201820391857646,157821490506458898,157821490506458898
50,586,2924,213c4081,4815846718262256,4815846718262256,196505149069949328,196505149069949328
50,586,2925,213c4401,4419386126727750,4419386126727750,171528131803275450,171528131803275450
50,586,2926,213cc001,4387873171449600,4387873171449600,169542815620752000,169542815620752000
50,586,2927,213ec000,4440670658488068,4440670658488068,172869057304175484,172869057304175484
50,586,2928,215c4404,4525251837956730,4525251837956730,178197671610701190,178197671610701190
50,586,2929,215c5001,4747017882492324,4747017882492324,192168932416443612,192168932416443612
50,586,2930,215c6001,5016244654435974,5016244654435974,209130219048893562,209130219048893562
50,586,2931,21744081,4525000854554694,4525000854554694,178181859656372922,178181859656372922
50,586,2932,21744401,4067124455411604,4067124455411604,149335646510358252,149335646510358252
50,586,2933,2174e000,4571833568963766,4571833568963766,181132320664144458,181132320664144458
50,586,2934,217c4001,4577830674507744,4577830674507744,181510138313415072,181510138313415072
50,586,2935,2194d001,4576301434526100,4576301434526100,181413796194571500,181413796194571500
50,586,2936,21b44081,4843982505693756,4843982505693756,198277703678133828,198277703678133828
50,586,2937,22047405,4396580553276660,4398763216319220,170091380675856780,170228888447538060
50,586,2938,2204f401,4871268006463236,4873450669505796,199996690226611068,200134197998292348
50,586,2939,2205d401,4889858261111726,4889858261111726,201167876269465938,201167876269465938
50,586,2940,220c7401,4644012862359336,4657647198351756,185679616148065368,186538579315587828
50,586,2941,22147401,4333742618545308,4333742618545308,166132590787781604,166132590787781604
50,586,2942,22155401,4615800967927848,4615800967927848,183902266798881624,183902266798881624
50,586,2943,22247401,4713535064575026,4727169400567446,190059514887653838,190918478055176298
50,586,2944,22447401,4868089115569740,4883906114604720,199796420100320820,200792891039524560
50,586,2945,2244d401,4994412283448440,4997283549318900,207754779676678920,207935669426517900
50,586,2946,22544403,4377173206475466,4377173206475466,168868717827381558,168868717827381558
50,586,2947,22544405,4296225329994534,4296225329994534,163769001609082842,163769001609082842
50,586,2948,22544409,4810247183863722,4810247183863722,196152378402841686,196152378402841686
50,586,2949,22544411,4540066506855426,4540066506855426,179130995751319038,179130995751319038
50,586,2950,22544421,4299371208053136,4299371208053136,163967191926774768,163967191926774768
50,586,2951,22544441,4739494139826966,4739494139826966,191694936628526058,191694936628526058
50,586,2952,22544481,4539848791034562,4539848791034562,179117279654604606,179117279654604606
50,586,2953,22544501,4563021449364162,4563021449364162,180577157129369406,180577157129369406
50,586,2954,22544601,4279120898088332,4279120898088332,162691422398992116,162691422398992116
50,586,2955,22544c01,4712356276508742,4712356276508742,189985251239477946,189985251239477946
50,586,2956,22545401,4375509620522232,4375509620522232,168763911912327816,168763911912327816
50,586,2957,22546401,4615753677492582,4615753677492582,183899287501459866,183899287501459866
50,586,2958,2254c401,4864363168590972,4864363168590972,199561685440658436,199561685440658436
50,586,2959,22554401,4420604354539102,4420604354539102,171604880155390626,171604880155390626
50,586,2960,22564401,4461196843439886,4461196843439886,174162206956140018,174162206956140018
50,586,2961,22584601,4616921091611842,4616921091611842,183972834590973246,183972834590973246
50,586,2962,22594401,4655685585142826,4655685585142826,186414997683425238,186414997683425238
50,586,2963,225c4401,4562252576018202,4562252576018202,180528718108573926,180528718108573926
50,586,2964,226c4401,4605857476466670,4619491812459090,183275826836827410,184134790004349870
50,586,2965,22744401,4259309236492782,4259309236492782,161443287718472466,161443287718472466
50,586,2966,22847401,4713272174005056,4729089173040036,190042952781745728,191039423720949468
50,586,2967,22d44401,4609440463221972,4609440463221972,183501555002411436,183501555002411436
50,586,2968,23045089,4847013398143674,4847013398143674,198468649902478662,198468649902478662
50,586,2969,23045403,4479350918321346,4492985254313766,175305913673671998,176164876841194458
50,586,2970,23045405,4454494750485822,4454494750485822,173739975100033986,173739975100033986
50,586,2971,23045409,4909164861135168,4922799197127588,202384192070942784,203243155238465244
50,586,2972,23045411,4616263625551596,4629897961544016,183931414229177748,184790377396700208
50,586,2973,23045421,4408416117162246,4408416117162246,170837021200648698,170837021200648698
50,586,2974,23045441,4813224717542616,4826859053535036,196339963024612008,197198926192134468
50,586,2975,23045481,4495227662834484,4495227662834484,176306148577999692,176306148577999692
50,586,2976,23045501,4646045470340778,4646045470340778,185807670450896214,185807670450896214
50,586,2977,23045601,4473213631180794,4473213631180794,174919264583817222,174919264583817222
50,586,2978,23045c01,4453222804054074,4453222804054074,173659842474833862,173659842474833862
50,586,2979,23046403,4607264887596346,4628562968002806,183364493737996998,184706272803603978
50,586,2980,23047401,4504112331440208,4517746667432628,176865882700160304,177724845867682764
50,586,2981,23047600,4587587224532676,4587587224532676,182124800964985788,182124800964985788
50,586,2982,2304d401,4933697718213348,4933697718213348,203929762066868124,203929762066868124
50,586,2983,2304f200,4706859291605706,4706859291605706,189638941190586678,189638941190586678
50,586,2984,23055401,4452614467020278,4452614467020278,173621517241704714,173621517241704714
50,586,2985,23055402,4478463991669782,4478463991669782,175250037294623466,175250037294623466
50,586,2986,23055404,4397081219231418,4397081219231418,170122922631006534,170122922631006534
50,586,2987,23055408,4706878697341858,4706878697341858,189640163751964254,189640163751964254
50,586,2988,23055410,4665767311837482,4665767311837482,187050146465188566,187050146465188566
50,586,2989,23055480,4803529772506818,4803529772506818,195729181487356734,195729181487356734
50,586,2990,23057400,4590685565687508,4590685565687508,182319996457740204,182319996457740204
50,586,2991,23065401,4610865400154874,4610865400154874,183591326029184262,183591326029184262
50,586,2992,23075400,4569684426001550,4569684426001550,180996924657524850,180996924657524850
50,586,2993,23096401,4666768629591900,4666768629591900,187113229483716900,187113229483716900
50,586,2994,2309e001,4896705407365980,4896705407365980,201599246483483940,201599246483483940
50,586,2995,230c4c01,4724985612756414,4724985612756414,190780899423081282,190780899423081282
50,586,2996,230c5401,4710742794977538,4724377130969958,189883601903012094,190742565070534554
50,586,2997,230c6009,4930263071381728,4951561151788188,203713379316476064,205055158382083044
50,586,2998,230c6208,4687463115761010,4687463115761010,188416982112370830,188416982112370830
50,586,2999,230c6401,4680858318914158,4702156399320618,188000879911019154,189342658976626134
50,586,3000,230cc401,5238505057361638,5246168801775678,223132624433210394,223615440331294914
50,586,3001,23116041,4559593047631986,4559593047631986,180361167820242318,180361167820242318
50,586,3002,23116401,4470748695137374,4470748695137374,174763973613081762,174763973613081762
50,586,3003,2311e001,4759917269572114,4759917269572114,192981593802470382,192981593802470382
50,586,3004,231440c1,4601653564155552,4601653564155552,183010980361226976,183010980361226976
50,586,3005,231440c2,4621858414746042,4621858414746042,184283885948427846,184283885948427846
50,586,3006,231440c8,4645840912288902,4645840912288902,185794783293628026,185794783293628026
50,586,3007,23144481,4591819991782176,4591819991782176,182391465301704288,182391465301704288
50,586,3008,23144482,4628543619089652,4628543619089652,184705053822075276,184705053822075276
50,586,3009,23144484,4574776653691050,4574776653691050,181317735001963350,181317735001963350
50,586,3010,23144488,4780263164766846,4780263164766846,194263385199738498,194263385199738498
50,586,3011,23144490,4728094698421842,4728094698421842,190976771820003246,190976771820003246
50,586,3012,231444a0,4590536538804312,4590536538804312,182310607764098856,182310607764098856
50,586,3013,231444c0,5017945211403642,5017945211403642,209237354137856646,209237354137856646
50,586,3014,23144580,4945927265614746,4945927265614746,204700223553156198,204700223553156198
50,586,3015,23144680,4785181270439542,4785181270439542,194573225857118346,194573225857118346
50,586,3016,23144841,4836283104398502,4836283104398502,197792641396532826,197792641396532826
50,586,3017,23144842,4840540751034882,4840540751034882,198060873134624766,198060873134624766
50,586,3018,23144848,4866789969571422,4866789969571422,199714573902426786,199714573902426786
50,586,3019,23144c01,4766474119212096,4766474119212096,193394675329789248,193394675329789248
50,586,3020,23144c02,4810068628190082,4810068628190082,196141129395402366,196141129395402366
50,586,3021,23144c04,4753053096942288,4753053096942288,192549150926791344,192549150926791344
50,586,3022,23144c08,4941236809236336,4941236809236336,204404724801316368,204404724801316368
50,586,3023,23144c10,4889325079756002,4889325079756002,201134285844055326,201134285844055326
50,586,3024,23144c80,5237996294115846,5237996294115846,223100572348725498,223100572348725498
50,586,3025,23145003,4372693339136076,4372693339136076,168586486184999988,168586486184999988
50,586,3026,23145005,4352940523520964,4352940523520964,167342058801247932,167342058801247932
50,586,3027,23145009,4737108823496730,4737108823496730,191544661699721190,191544661699721190
50,586,3028,23145011,4413507288653406,4413507288653406,171157765004591778,171157765004591778
50,586,3029,23145021,4355340709745976,4355340709745976,167493270533423688,167493270533423688
50,586,3030,23145041,4373931629647686,4373931629647686,168664498487231418,168664498487231418
50,586,3031,23145081,4507983438833766,4507983438833766,177109762465954458,177109762465954458
50,586,3032,23145088,4568383949899836,4568383949899836,180914994663116868,180914994663116868
50,586,3033,23145090,4526517629863272,4526517629863272,178277416500813336,178277416500813336
50,586,3034,231450c0,4520107458690162,4520107458690162,177873575716907406,177873575716907406
50,586,3035,23145101,4436796585657150,4436796585657150,172624990715827650,172624990715827650
50,586,3036,23145180,4634169254367966,4634169254367966,185059468844609058,185059468844609058
50,586,3037,23145201,4377364764034636,4377364764034636,168880785953609268,168880785953609268
50,586,3038,23145208,4405062579189106,4405062579189106,170625748308340878,170625748308340878
50,586,3039,23145210,4426307424335730,4426307424335730,171964173552578190,171964173552578190
50,586,3040,23145401,4381776863597040,4381776863597040,169158748226040720,169158748226040720
50,586,3041,23145480,4630162937524236,4630162937524236,184807070883454068,184807070883454068
50,586,3042,23145801,4713670646796906,4713670646796906,190068056567632278,190068056567632278
50,586,3043,23146041,4281249976123506,4281249976123506,162825554315208078,162825554315208078
50,586,3044,23146401,4225169519233440,4225169519233440,159292485531133920,159292485531133920
50,586,3045,23146480,4718953246821210,4718953246821210,190400860369163430,190400860369163430
50,586,3046,23146600,4464176289729468,4464176289729468,174349912072383684,174349912072383684
50,586,3047,23146c00,4825593299646966,4825593299646966,197119183697186058,197119183697186058
50,586,3048,23147001,4354170411184530,4354170411184530,167419541724052590,167419541724052590
50,586,3049,2314c081,4836995907379236,4836995907379236,197837547984319068,197837547984319068
50,586,3050,2314c082,4796735005995642,4796735005995642,195301111197152646,195301111197152646
50,586,3051,2314c088,4804458940405146,4804458940405146,195787719064951398,195787719064951398
50,586,3052,2314c480,5149485283382466,5149485283382466,217524378672522558,217524378672522558
50,586,3053,2314c801,5068817724269106,5068817724269106,212442322448380878,212442322448380878
50,586,3054,2314d001,4539925287033540,4539925287033540,179122098902540220,179122098902540220
50,586,3055,2314d080,4713650005021566,4713650005021566,190066756135785858,190066756135785858
50,586,3056,2314e001,4512827291862870,4512827291862870,177414925206788010,177414925206788010
50,586,3057,23154480,4846870067399390,4846870067399390,198459620065588770,198459620065588770
50,586,3058,23155001,4475598525033350,4475598525033350,175069512896528250,175069512896528250
50,586,3059,23164041,4486171399378350,4486171399378350,175735603980263250,175735603980263250
50,586,3060,23164042,4491923484913536,4491923484913536,176097985368979968,176097985368979968
50,586,3061,23164044,4388869408698456,4388869408698456,169605578567429928,169605578567429928
50,586,3062,23164048,4492296708864726,4492296708864726,176121498477904938,176121498477904938
50,586,3063,23164050,4661575785297846,4661575785297846,186786080293191498,186786080293191498
50,586,3064,23164060,4410293903359056,4410293903359056,170955321731047728,170955321731047728
50,586,3065,231640c0,4714865966700036,4714865966700036,190143361721529468,190143361721529468
50,586,3066,23164140,4639480157309226,4639480157309226,185394055729908438,185394055729908438
50,586,3067,23164240,4446426673563710,4446426673563710,173231686253940930,173231686253940930
50,586,3068,23164401,4400662535714076,4400662535714076,170348545569413988,170348545569413988
50,586,3069,23164402,4442021468355636,4442021468355636,172954158325832268,172954158325832268
50,586,3070,23164404,4391444850080892,4391444850080892,169767831374523396,169767831374523396
50,586,3071,23164408,4551043670051772,4551043670051772,179822557032688836,179822557032688836
50,586,3072,23164410,4536078072932706,4536078072932706,178879724414187678,178879724414187678
50,586,3073,23164420,4360391886801156,4360391886801156,167811494687900028,167811494687900028
50,586,3074,23164440,4818467403420546,4818467403420546,196670252234921598,196670252234921598
50,586,3075,23164480,4761571435276842,4761571435276842,193085806241868246,193085806241868246
50,586,3076,23164500,4639281138515538,4639281138515538,185381517545906094,185381517545906094
50,586,3077,23164600,4496908480127464,4496908480127464,176412040067457432,176412040067457432
50,586,3078,23164840,4821417786050346,4821417786050346,196856126340598998,196856126340598998
50,586,3079,23164c00,4827717605157798,4827717605157798,197253014944368474,197253014944368474
50,586,3080,23165001,4400767242877446,4400767242877446,170355142120706298,170355142120706298
50,586,3081,23165008,4391164472301132,4391164472301132,169750167574398516,169750167574398516
50,586,3082,23165010,4406058904124796,4406058904124796,170688516779289348,170688516779289348
50,586,3083,23165040,4393607642153436,4393607642153436,169904087275093668,169904087275093668
50,586,3084,23165100,4391229692310018,4391229692310018,169754276434958334,169754276434958334
50,586,3085,23165400,4430513968940448,4430513968940448,172229185862675424,172229185862675424
50,586,3086,23166040,4571660496419172,4571660496419172,181121417093835036,181121417093835036
50,586,3087,23166400,4591688843822964,4591688843822964,182383202980273932,182383202980273932
50,586,3088,2316c001,4614530227107036,4614530227107036,183822210127170468,183822210127170468
50,586,3089,2316c002,4607352153480846,4607352153480846,183369991488720498,183369991488720498
50,586,3090,2316c004,4626430963142742,4626430963142742,184571956497419946,184571956497419946
50,586,3091,2316c008,4583733618109962,4583733618109962,181882023760354806,181882023760354806
50,586,3092,2316c010,4620437220407076,4620437220407076,184194350705072988,184194350705072988
50,586,3093,2316c020,4677822425856936,4677822425856936,187809618648414168,187809618648414168
50,586,3094,2316c040,4855341449679936,4855341449679936,198993317149263168,198993317149263168
50,586,3095,2316c080,4915405714119522,4915405714119522,202777365808957086,202777365808957086
50,586,3096,2316c100,4932551013909648,4932551013909648,203857519695735024,203857519695735024
50,586,3097,2316c200,4681731857917774,4681731857917774,188055912868246962,188055912868246962
50,586,3098,2316c400,4896854205314208,4896854205314208,201608620754222304,201608620754222304
50,586,3099,2316c800,5017972651808088,5017972651808088,209239082883336744,209239082883336744
50,586,3100,2316d000,4529266727341398,4529266727341398,178450609641935274,178450609641935274
50,586,3101,2316e000,4757057270848944,4757057270848944,192801413882910672,192801413882910672
50,586,3102,23174040,4590364267302596,4590364267302596,182299754659490748,182299754659490748
50,586,3103,23174400,4603747221022992,4603747221022992,183142880743875696,183142880743875696
50,586,3104,2317c000,4739982927476152,4739982927476152,191725730250424776,191725730250424776
50,586,3105,231c4003,4660876796423136,4660876796423136,186742043994084768,186742043994084768
50,586,3106,231c4005,4583870270744484,4583870270744484,181890632876329692,181890632876329692
50,586,3107,231c4009,4985647665523710,4985647665523710,207202608747420930,207202608747420930
50,586,3108,231c4011,4638281507570166,4638281507570166,185318540796347658,185318540796347658
50,586,3109,231c4021,4570564033243416,4570564033243416,181052339913762408,181052339913762408
50,586,3110,231c4041,4688781029934186,4688781029934186,188500010705280918,188500010705280918
50,586,3111,231c4081,4784508868272696,4784508868272696,194530864520607048,194530864520607048
50,586,3112,231c4088,4826132567379576,4826132567379576,197153157564340488,197153157564340488
50,586,3113,231c4101,4717327650333270,4717327650333270,190298447790423210,190298447790423210
50,586,3114,231c4201,4544112647416526,4544112647416526,179385902606668338,179385902606668338
50,586,3115,231c4208,4601570340937106,4601570340937106,183005737298464878,183005737298464878
50,586,3116,231c4401,4634545707659730,4634545707659730,185083185401990190,185083185401990190
50,586,3117,231c4480,5009686758307476,5009686758307476,208717071592798188,208717071592798188
50,586,3118,231c4801,4962789506100126,4962789506100126,205762544703735138,205762544703735138
50,586,3119,231c5001,4553620999037190,4553620999037190,179984928758770170,179984928758770170
50,586,3120,231c6001,4498370103184560,4498370103184560,176504122320054480,176504122320054480
50,586,3121,231cc001,4844577202064910,4844577202064910,198315169549516530,198315169549516530
50,586,3122,231d4001,4692292488769750,4692292488769750,188721232611921450,188721232611921450
50,586,3123,231e4001,4605615345115866,4605615345115866,183260572561726758,183260572561726758
50,586,3124,231e4008,4608006080917752,4608006080917752,183411188917245576,183411188917245576
50,586,3125,231e4010,4624290692005716,4624290692005716,184437119415787308,184437119415787308
50,586,3126,231e4040,4725727292116056,4725727292116056,190827625222738728,190827625222738728
50,586,3127,231e4100,4742086667305698,4742086667305698,191858265859686174,191858265859686174
50,586,3128,231e4400,4751988836293938,4751988836293938,192482102505945294,192482102505945294
50,586,3129,231ec000,4885595288518788,4885595288518788,200899308996110844,200899308996110844
50,586,3130,23244c01,4365261127326594,4365261127326594,168118256841002622,168118256841002622
50,586,3131,23245401,4764356369301078,4777990705293498,193261257085395114,194120220252917574
50,586,3132,23246201,4334850961682900,4334850961682900,166202416405449900,166202416405449900
50,586,3133,23246401,4375097378019078,4388731714011498,168737940634629114,169596903802151574
50,586,3134,2324e200,4593251394884906,4593251394884906,182481643697176278,182481643697176278
50,586,3135,2325e000,4491897593444938,4491897593444938,176096354206458294,176096354206458294
50,586,3136,232c6001,4500288904329348,4513923240321768,176625006792176124,177483969959698584
50,586,3137,23344081,4334043901357506,4334043901357506,166151571604950078,166151571604950078
50,586,3138,23344088,4481345624183796,4481345624183796,175431580143006348,175431580143006348
50,586,3139,23344090,4348448015817822,4348448015817822,167059030815949986,167059030815949986
50,586,3140,233440c0,4517230508462772,4517230508462772,177692327852581836,177692327852581836
50,586,3141,23344180,4541926277444826,4541926277444826,179248161298451238,179248161298451238
50,586,3142,23344480,4568259362507826,4568259362507826,180907145657420238,180907145657420238
50,586,3143,23344801,4556560364554866,4556560364554866,180170108786383758,180170108786383758
50,586,3144,23344808,4654291290761526,4654291290761526,186327157137403338,186327157137403338
50,586,3145,23344810,4521650419260222,4521650419260222,177970782232821186,177970782232821186
50,586,3146,23345001,4604885724469770,4604885724469770,183214606461022710,183214606461022710
50,586,3147,23346001,4157588830525290,4157588830525290,155034902142520470,155034902142520470
50,586,3148,2334c080,4590607800453156,4590607800453156,182315097247976028,182315097247976028
50,586,3149,23364001,4241201594976426,4241201594976426,160302506302942038,160302506302942038
50,586,3150,23364008,4314550965496542,4314550965496542,164923516645709346,164923516645709346
50,586,3151,23364010,4222507383666306,4222507383666306,159124770990404478,159124770990404478
50,586,3152,23364040,4375076459600166,4375076459600166,168736622774237658,168736622774237658
50,586,3153,23364100,4298648442254358,4298648442254358,163921657681451754,163921657681451754
50,586,3154,23364400,4338602558883798,4338602558883798,166438767029106474,166438767029106474
50,586,3155,2336c000,4400742616359948,4400742616359948,170353590650103924,170353590650103924
50,586,3156,233c4001,4409348068736850,4409348068736850,170895734149848750,170895734149848750
50,586,3157,23445048,4504103258061852,4517737594054272,176865311077323876,177724274244846336
50,586,3158,23445088,4586402633959662,4586402633959662,182050171758885906,182050171758885906
50,586,3159,23445208,4462826996515492,4462826996515492,174264906599903196,174264906599903196
50,586,3160,23445401,4544895056492592,4558529392485012,179435194378460496,180294157545982956
50,586,3161,23445402,4513157222147802,4526791558140222,177435710814738726,178294673982261186
50,586,3162,23445404,4496836661588628,4496836661588628,176407515499510764,176407515499510764
50,586,3163,23445408,4596751501484118,4610385837476538,182702150412926634,183561113580449094
50,586,3164,23445410,4675836546502692,4689470882495112,187684508249096796,188543471416619256
50,586,3165,23445480,4652407933388472,4652407933388472,186208505622900936,186208505622900936
50,586,3166,23447400,4997808382435824,5011442718428244,207968733912884112,208827697080406572
50,586,3167,23464402,4753683403501402,4761347147915442,192588860240015526,193071676138100046
50,586,3168,23465400,4703961049587576,4703961049587576,189456351943444488,189456351943444488
50,586,3169,23485201,4793391731762400,4793391731762400,195090484920458400,195090484920458400
50,586,3170,23485208,4771603169866806,4771603169866806,193717805521035978,193717805521035978
50,586,3171,23494009,5041834638047480,5041834638047480,210742388016418440,210742388016418440
50,586,3172,23494401,4689352667738960,4689352667738960,188536023886981680,188536023886981680
50,586,3173,23495001,4651266475760190,4651266475760190,186136593792319170,186136593792319170
50,586,3174,2349c001,4992800785042850,4992800785042850,207653255277126750,207653255277126750
50,586,3175,234c4009,5053092394849642,5074390475256102,211451626694954646,212793405760561626
50,586,3176,234c4048,4816283593567582,4837581673974042,196532672214184866,197874451279791846
50,586,3177,234c4088,4841916650041782,4841916650041782,198147554772059466,198147554772059466
50,586,3178,234c4208,4696231351043792,4696231351043792,188969380935186096,188969380935186096
50,586,3179,234c4401,4765138589980492,4786436670386952,193310536988198196,194652316053805176
50,586,3180,234c4402,4883065124323102,4904363204729562,200739908651782626,202081687717389606
50,586,3181,234c4408,4882254719078488,4903552799484948,200688853121371944,202030632186978924
50,586,3182,234e4008,4788814202724250,4796477947138290,194802100591054950,195284916489139470
50,586,3183,23504403,4425985452652686,4425985452652686,171943889336546418,171943889336546418
50,586,3184,23504405,4376301383852736,4376301383852736,168813793002149568,168813793002149568
50,586,3185,23504411,4564395835795926,4564395835795926,180663743474570538,180663743474570538
50,586,3186,23504421,4367112656807706,4367112656807706,168234903198312678,168234903198312678
50,586,3187,23504601,4476198586320474,4476198586320474,175107316757617062,175107316757617062
50,586,3188,23505201,4479117048194724,4479117048194724,175291179855694812,175291179855694812
50,586,3189,2350c201,4741511040382584,4741511040382584,191822001363529992,191822001363529992
50,586,3190,23514041,4597269108400566,4597269108400566,182734759648662858,182734759648662858
50,586,3191,23514401,4471548093572664,4471548093572664,174814335714505032,174814335714505032
50,586,3192,23515001,4493495339101054,4493495339101054,176197012182793602,176197012182793602
50,586,3193,2351c001,4764644155376664,4764644155376664,193279387608157032,193279387608157032
50,586,3194,23544041,4372072873933536,4372072873933536,168547396877239968,168547396877239968
50,586,3195,23544401,4288186987863444,4288186987863444,163262586054824172,163262586054824172
50,586,3196,23544480,4781106483401754,4781106483401754,194316514273737702,194316514273737702
50,586,3197,23545001,4334367838283214,4334367838283214,166171979631269682,166171979631269682
50,586,3198,2354c001,4577881238557824,4577881238557824,181513323848570112,181513323848570112
50,586,3199,23564040,4573530017738952,4573530017738952,181239196936981176,181239196936981176
50,586,3200,23564400,4559968672208358,4559968672208358,180384832168553754,180384832168553754
50,586,3201,2356c000,4757480748426048,4757480748426048,192828092970268224,192828092970268224
50,586,3202,23594001,4667683278186604,4667683278186604,187170852345183252,187170852345183252
50,586,3203,235c4001,4510026277710444,4510026277710444,177238461315185172,177238461315185172
50,586,3204,23644401,4447006924838832,4460641260831252,173268242084273616,174127205251796076
50,586,3205,23644480,4587521225236122,4587521225236122,182120643009302886,182120643009302886
50,586,3206,23664400,4629139061753556,4629139061753556,184742566709901228,184742566709901228
50,586,3207,23694001,4488392687520950,4488392687520950,175875545133247050,175875545133247050
50,586,3208,236c4001,4568066209005702,4581700544998122,180894976986786426,181753940154308886
50,586,3209,236c4008,4624546841171688,4638181177164108,184453256813243544,185312219980766004
50,586,3210,23714001,4362513587154294,4362513587154294,167945161810147722,167945161810147722
50,586,3211,23744001,4172688644043294,4172688644043294,155986190394154722,155986190394154722
50,586,3212,23843041,4445765833338246,4459400169330666,173190053319736698,174049016487259158
50,586,3213,23843401,4553145847814778,4566780183807198,179954994231758214,180813957399280674
50,586,3214,23845009,5027677714987798,5042000653808118,209850501863658474,210752847009338634
50,586,3215,23845401,4751573335005438,4765207670997858,192455925924769794,193314889092292254
50,586,3216,23846009,4964161898531238,4977796234523658,205849005426895194,206707968594417654
50,586,3217,23846401,4744085394369948,4757719730362368,191984185664733924,192843148832256384
50,586,3218,2384b001,4708910571926988,4708910571926988,189768171850827444,189768171850827444
50,586,3219,2384e001,4957141045601808,4957141045601808,205406691692341104,205406691692341104
50,586,3220,23855008,4761104618984798,4761104618984798,193056396815469474,193056396815469474
50,586,3221,23886208,5051095584474524,5051095584474524,211325827641322212,211325827641322212
50,586,3222,23895001,4903218174061636,4903218174061636,202009550785310268,202009550785310268
50,586,3223,23895008,5035433574804776,5035433574804776,210339121032128088,210339121032128088
50,586,3224,23896008,4999099888182790,4999099888182790,208050098774942970,208050098774942970
50,586,3225,238c5001,4868643260046108,4882277596038528,199831331202332004,200690294369854464
50,586,3226,238cc001,5267101138943868,5267101138943868,224934177572890884,224934177572890884
50,586,3227,23906208,4738646595558668,4738646595558668,191641541339623284,191641541339623284
50,586,3228,23916001,4760996546840664,4760996546840664,193049588270389032,193049588270389032
50,586,3229,23941003,4431646820202906,4431646820202906,172300555492210278,172300555492210278
50,586,3230,23942003,4470145829406456,4470145829406456,174725993072033928,174725993072033928
50,586,3231,23942005,4323601385957574,4323601385957574,165493693134754362,165493693134754362
50,586,3232,23942009,4606433626385850,4606433626385850,183312124281735750,183312124281735750
50,586,3233,23942011,4341201166793556,4341201166793556,166602479327421228,166602479327421228
50,586,3234,23942021,4288368454596276,4288368454596276,163274018458992588,163274018458992588
50,586,3235,23942041,4266271440174696,4266271440174696,161881906550433048,161881906550433048
50,586,3236,23942081,4491104545843410,4491104545843410,176046392207562030,176046392207562030
50,586,3237,23942101,4446195729328200,4446195729328200,173217136767103800,173217136767103800
50,586,3238,23942201,4291112802204662,4291112802204662,163446912358320906,163446912358320906
50,586,3239,23942401,4265362042844190,4265362042844190,161824614518611170,161824614518611170
50,586,3240,23942801,4646437033557120,4646437033557120,185832338933525760,185832338933525760
50,586,3241,23943001,4327967066828490,4327967066828490,165768731029622070,165768731029622070
50,586,3242,23944081,4797929472461436,4797929472461436,195376362584497668,195376362584497668
50,586,3243,23944082,4904543218447812,4916938069350012,202093028581639356,202873904188477956
50,586,3244,23944088,4844634531642066,4844634531642066,198318781312877358,198318781312877358
50,586,3245,23944480,5001067169885796,5001067169885796,208174037522232348,208174037522232348
50,586,3246,23944801,4975938278591586,4975938278591586,206590917370697118,206590917370697118
50,586,3247,23944802,5084135000573472,5084135000573472,213407310855555936,213407310855555936
50,586,3248,23944808,5024008709092386,5024008709092386,209619354492247518,209619354492247518
50,586,3249,23945001,4548121391974560,4548121391974560,179638453513824480,179638453513824480
50,586,3250,23945080,4793366837547126,4805761688449326,195088916584896138,195869792191734738
50,586,3251,23946001,4528343410491030,4528343410491030,178392440680362090,178392440680362090
50,586,3252,2394a001,4522233567684180,4522233567684180,178007520583530540,178007520583530540
50,586,3253,23952001,4357428568192104,4357428568192104,167624805615529752,167624805615529752
50,586,3254,23962001,4395231133839402,4395231133839402,170006367251309526,170006367251309526
50,586,3255,23962400,4624304906813844,4624304906813844,184438014948699372,184438014948699372
50,586,3256,23964001,4543942333403406,4543942333403406,179375172823841778,179375172823841778
50,586,3257,23964002,4653426856985256,4653426856985256,186272697809498328,186272697809498328
50,586,3258,23964004,4558901136028092,4558901136028092,180317577389196996,180317577389196996
50,586,3259,23964008,4567183424654292,4567183424654292,180839361572647596,180839361572647596
50,586,3260,23964010,4590671332350726,4590671332350726,182319099757522938,182319099757522938
50,586,3261,23964020,4527848172748356,4527848172748356,178361240702573628,178361240702573628
50,586,3262,23964040,4656431955062466,4656431955062466,186462018988362558,186462018988362558
50,586,3263,23964080,4899396076617192,4899396076617192,201768758646310296,201768758646310296
50,586,3264,23964100,4701034503745158,4701034503745158,189271979555372154,189271979555372154
50,586,3265,23964200,4651327807974074,4651327807974074,186140457721793862,186140457721793862
50,586,3266,23964400,4728650700965298,4728650700965298,191011799980240974,191011799980240974
50,586,3267,23964800,4961477974982298,4961477974982298,205679918243311974,205679918243311974
50,586,3268,23965000,4573856062426338,4573856062426338,181259737752286494,181259737752286494
50,586,3269,23966000,4749023368745724,4749023368745724,192295278050407812,192295278050407812
50,586,3270,2396c000,4839729539037078,4839729539037078,198009766778763114,198009766778763114
50,586,3271,23974000,4742547627980332,4742547627980332,191887306382188116,191887306382188116
50,586,3272,23982005,4636218362330334,4640763140994474,185188562646238242,185474883702079062
50,586,3273,239c0201,4596579775096776,4596579775096776,182691331650524088,182691331650524088
50,586,3274,239c1001,4576461051712980,4576461051712980,181423852077344940,181423852077344940
50,586,3275,239c2001,4510835968267170,4510835968267170,177289471820258910,177289471820258910
50,586,3276,239c4001,4800433068844290,4800433068844290,195534089156617470,195534089156617470
50,586,3277,239e4000,4849905860888148,4849905860888148,198650875055380524,198650875055380524
50,586,3278,23a44801,4521252427378674,4521252427378674,177945708744283662,177945708744283662
50,586,3279,23a46001,4515406522933968,4529040858926388,177577416764267184,178436379931789644
50,586,3280,23b42001,4122245659363140,4122245659363140,152808282359305020,152808282359305020
50,586,3281,23b44080,4673268471206046,4685663322108246,187522719505408098,188303595112246698
50,586,3282,23b64000,4441882656048978,4441882656048978,172945413150512814,172945413150512814
50,586,3283,23c4100c,4573377072641370,4573377072641370,181229561395833510,181229561395833510
50,586,3284,23c41401,4578030295749852,4591664631742272,181522714451667876,182381677619190336
50,586,3285,23c45008,4706841086853798,4720475422846218,189637794291216474,190496757458738934
50,586,3286,23c64008,4734861972983310,4734861972983310,191403110117375730,191403110117375730
50,586,3287,23c64400,4981624781832636,4981624781832636,206949167074883268,206949167074883268
50,586,3288,23cc4008,4969608948899928,4983243284892348,206192169600122664,207051132767645124
50,586,3289,23d14001,4689947154692254,4689947154692254,188573476565039202,188573476565039202
50,586,3290,23d41001,4296604414625634,4296604414625634,163792883940842142,163792883940842142
50,586,3291,23d42001,4570293974525844,4570293974525844,181035326214555372,181035326214555372
50,586,3292,23d44001,4520982052459674,4520982052459674,177928675124386662,177928675124386662
50,586,3293,23d64000,4705771734403818,4705771734403818,189570425086867734,189570425086867734
50,586,3294,25045405,4282158921614364,4282158921614364,162882817881132132,162882817881132132
50,586,3295,25045409,4771336952574312,4786486214788112,193701033831608856,194655437351078256
50,586,3296,25045421,4299260468818696,4299260468818696,163960215355005048,163960215355005048
50,586,3297,25045501,4395741347915352,4395741347915352,170038510738094376,170038510738094376
50,586,3298,25046405,4252149909790294,4252149909790294,160992250136215722,160992250136215722
50,586,3299,25046421,4289150762772446,4289150762772446,163323303874091298,163323303874091298
50,586,3300,25046501,4377340175611222,4377340175611222,168879236882934186,168879236882934186
50,586,3301,2504d081,4524603055527308,4524603055527308,178156798317647604,178156798317647604
50,586,3302,2504d088,4536004132605488,4536004132605488,178875066173572944,178875066173572944
50,586,3303,2504d401,4497385085492012,4497385085492012,176442066205423956,176442066205423956
50,586,3304,2504e401,4447245024750002,4447245024750002,173283242378677326,173283242378677326
50,586,3305,250cc401,4829600464656022,4829600464656022,197371635092756586,197371635092756586
50,586,3306,2510e401,4619434706230084,4619434706230084,184131192311922492,184131192311922492
50,586,3307,25145404,4354752651504620,4354752651504620,167456222864218260,167456222864218260
50,586,3308,2514e400,4718054462104946,4718054462104946,190344236932038798,190344236932038798
50,586,3309,25164500,4620083231021532,4620083231021532,184172049373783716,184172049373783716
50,586,3310,251c4404,4654979355099280,4654979355099280,186370505190681840,186370505190681840
50,586,3311,2524d080,4692702806088048,4692702806088048,188747082602974224,188747082602974224
50,586,3312,2524e400,4358940328767764,4358940328767764,167720046531796332,167720046531796332
50,586,3313,2526c400,4295298611199020,4295298611199020,163710618324965460,163710618324965460
50,586,3314,25344081,4683445337960300,4683445337960300,188163862110926100,188163862110926100
50,586,3315,2540e401,4950322366879110,4950322366879110,204977114932811130,204977114932811130
50,586,3316,254c4401,4640411204060512,4655560466274312,185452711675239456,186407115194708856
50,586,3317,2560c401,4427919378523420,4427919378523420,172065726666402660,172065726666402660
50,586,3318,25644401,4265530229342432,4280679491556232,161835210268000416,162789613787469816
50,586,3319,2584d001,4659281486467752,4659281486467752,186641539466895576,186641539466895576
50,586,3320,26506401,4848816965432596,4848816965432596,198582274641680748,198582274641680748
50,586,3321,26544401,4538907135438342,4538907135438342,179057955352042746,179057955352042746
50,586,3322,26584401,4752701500522066,4752701500522066,192527000352317358,192527000352317358
50,586,3323,27045081,4492370964011438,4492370964011438,176126176552147794,176126176552147794
50,586,3324,27045401,4444101288588362,4457735624580782,173085187000494006,173944150168016466
50,586,3325,27045402,4462802230482022,4476436566474442,174263346339794586,175122309507317046
50,586,3326,27045404,4348802579852458,4348802579852458,167081368350132054,167081368350132054
50,586,3327,27045408,4652746552483648,4666380888476068,186229838625897024,187088801793419484
50,586,3328,27045410,4617008022942032,4630642358934452,183978311264775216,184837274432297676
50,586,3329,27045480,4634546525102588,4634546525102588,185083236900890244,185083236900890244
50,586,3330,27046401,4369993999866902,4383628335859322,168416427811042026,169275390978564486
50,586,3331,27047400,4573813350845334,4587447686837754,181257046922683242,182116010090205702
50,586,3332,2704d080,4776882589512158,4776882589512158,194050408958693154,194050408958693154
50,586,3333,2704e001,4593904334100362,4593904334100362,182522778867750006,182522778867750006
50,586,3334,27064401,4426677982266658,4426677982266658,171987518702226654,171987518702226654
50,586,3335,27065400,4516286212657670,4516286212657670,177632837216860410,177632837216860410
50,586,3336,2706d000,4604225683458240,4604225683458240,183173023877296320,183173023877296320
50,586,3337,27086401,4667980714788300,4681615050780720,187189590851090100,188048554018612560
50,586,3338,2708e001,4880497250914740,4880497250914740,200578132627055820,200578132627055820
50,586,3339,270c4088,4895974811707478,4895974811707478,201553218956998314,201553218956998314
50,586,3340,270c4401,4710658492749952,4724292828742372,189878290862674176,190737254030196636
50,586,3341,270c4408,4965682681936868,4979317017929288,205944814781449884,206803777948972344
50,586,3342,270e4008,4707206452697874,4707206452697874,189660812339393262,189660812339393262
50,586,3343,27106041,4639097423945296,4639097423945296,185369943527980848,185369943527980848
50,586,3344,27106401,4553682896615164,4553682896615164,179988828306182532,179988828306182532
50,586,3345,2710e001,4837700232201434,4837700232201434,197881920448117542,197881920448117542
50,586,3346,27144480,4850912287913320,4850912287913320,198714279957966360,198714279957966360
50,586,3347,27145001,4522968144496804,4522968144496804,178053798922725852,178053798922725852
50,586,3348,27164040,4655066114919186,4655066114919186,186375971059335918,186375971059335918
50,586,3349,27164400,4654583188785782,4654583188785782,186345546712931466,186345546712931466
50,586,3350,2716c000,4784193647828472,4784193647828472,194511005632620936,194511005632620936
50,586,3351,271c4001,4770878205022224,4770878205022224,193672132735827312,193672132735827312
50,586,3352,27244081,4341533405444948,4341533405444948,166623410362458924,166623410362458924
50,586,3353,27244480,4555357703936338,4555357703936338,180094341167416494,180094341167416494
50,586,3354,2724c080,4636555138793908,4636555138793908,185209779563443404,185209779563443404
50,586,3355,2724e000,4463126159157794,4463126159157794,174283753846368222,174283753846368222
50,586,3356,27264400,4381962719687600,4381962719687600,169170457159746000,169170457159746000
50,586,3357,2726c000,4430482420388460,4430482420388460,172227198303900180,172227198303900180
50,586,3358,27406401,4801103729903130,4814738065895550,195576340803324390,196435303970846850
50,586,3359,2740e001,5075101715822970,5075101715822970,212838213916274310,212838213916274310
50,586,3360,27484009,5023655840561280,5037290176553700,209597123774787840,210456086942310300
50,586,3361,27484401,4708387647809300,4722021983801720,189735227631413100,190594190798935560
50,586,3362,27485001,4650625939584170,4664260275576590,186096240013229910,186955203180752370
50,586,3363,2748c001,4982876608228610,4982876608228610,207028032137829630,207028032137829630
50,586,3364,274a4008,4807401309839024,4807401309839024,195973088339285712,195973088339285712
50,586,3365,27504041,4678004986360316,4678004986360316,187821119960127108,187821119960127108
50,586,3366,27504401,4578699528068354,4578699528068354,181564876087733502,181564876087733502
50,586,3367,27505001,4576269202999754,4576269202999754,181411765608411702,181411765608411702
50,586,3368,2750c001,4872428614778244,4872428614778244,200069808550456572,200069808550456572
50,586,3369,27584001,4775302438788414,4775302438788414,193950859463097282,193950859463097282
50,586,3370,27604401,4375653351569890,4389287687562310,168772966968330270,169631930135852730
50,586,3371,27684001,4467296380418950,4480930716411370,174546477785821050,175405440953343510
50,586,3372,27704001,4401576739016964,4401576739016964,170406140377495932,170406140377495932
50,586,3373,27845008,4714064162693568,4727698498685988,190092848069121984,190951811236644444
50,586,3374,278c4008,5029487378579388,5043121714571808,209964510669928644,210823473837451104
50,586,3375,27906001,4818759503192284,4818759503192284,196688654520541092,196688654520541092
50,586,3376,27942001,4453484993403474,4453484993403474,173676360403846062,173676360403846062
50,586,3377,27962000,4674760232575178,4674760232575178,187616700471663414,187616700471663414
50,586,3378,27964000,4780386107532272,4780386107532272,194271130593960336,194271130593960336
50,586,3379,27a64000,4484711858164950,4484711858164950,175643652883819050,175643652883819050
50,586,3380,27d04001,4785198757620034,4785198757620034,194574327549489342,194574327549489342
50,586,3381,27e04001,4494094175303850,4507728511296270,176234738863569750,177093702031092210
50,586,3382,291c4404,4575239909336784,4575239909336784,181346920107644592,181346920107644592
50,586,3383,29344081,4704948049603488,4704948049603488,189518532944446944,189518532944446944
50,586,3384,29344401,4235841329753208,4235841329753208,159964809593879304,159964809593879304
50,586,3385,2a544401,4575785582439996,4575785582439996,181381297513146948,181381297513146948
50,586,3386,2b045401,4578132349477656,4591766685470076,181529143836519528,182388107004041988
50,586,3387,2b055400,4553791985008536,4553791985008536,179995700874964968,179995700874964968
50,586,3388,2b0c4009,5170557255211456,5191855335617916,218851912897748928,220193691963355908
50,586,3389,2b0c4201,4793476585358242,4793476585358242,195095830696996446,195095830696996446
50,586,3390,2b0c4208,4844712691947202,4844712691947202,198323705412100926,198323705412100926
50,586,3391,2b0c4401,4839894608447356,4861192688853816,198020166151610628,199361945217217608
50,586,3392,2b0d4001,4689007396722530,4689007396722530,188514271812946590,188514271812946590
50,586,3393,2b144003,4411393108078572,4411393108078572,171024571628377236,171024571628377236
50,586,3394,2b144005,4408960656011400,4408960656011400,170871327148145400,170871327148145400
50,586,3395,2b144009,4758779049306048,4758779049306048,192909885925708224,192909885925708224
50,586,3396,2b14400a,4461971882951148,4461971882951148,174211034445349524,174211034445349524
50,586,3397,2b14400c,4438373124623526,4438373124623526,172724312670709338,172724312670709338
50,586,3398,2b144011,4399424296657692,4399424296657692,170270536508861796,170270536508861796
50,586,3399,2b144012,4719997373690988,4719997373690988,190466640361959444,190466640361959444
50,586,3400,2b144018,4491830830051128,4491830830051128,176092148112648264,176092148112648264
50,586,3401,2b144021,4357118630856342,4357118630856342,167605279563376746,167605279563376746
50,586,3402,2b144028,4402829594573868,4402829594573868,170485070277580884,170485070277580884
50,586,3403,2b144041,4433131353361152,4433131353361152,172394081081179776,172394081081179776
50,586,3404,2b144042,4442481637594488,4442481637594488,172983148987879944,172983148987879944
50,586,3405,2b144048,4525537886754588,4525537886754588,178215692684966244,178215692684966244
50,586,3406,2b144081,4585259646521988,4585259646521988,181978163550312444,181978163550312444
50,586,3407,2b144088,4643121907929738,4643121907929738,185623486019000694,185623486019000694
50,586,3408,2b144101,4415100652086708,4415100652086708,171258146900889804,171258146900889804
50,586,3409,2b144102,4423472854092348,4423472854092348,171785595627245124,171785595627245124
50,586,3410,2b144108,4505581516431504,4505581516431504,176958441354611952,176958441354611952
50,586,3411,2b144201,4363226004626644,4363226004626644,167990044110905772,167990044110905772
50,586,3412,2b144208,4386711544831474,4386711544831474,169469633143810062,169469633143810062
50,586,3413,2b144401,4371812396615748,4371812396615748,168530986806219324,168530986806219324
50,586,3414,2b144402,4416769527955458,4416769527955458,171363286080621054,171363286080621054
50,586,3415,2b144404,4380366654551814,4380366654551814,169069905056191482,169069905056191482
50,586,3416,2b144408,4608474754860504,4608474754860504,183440715375638952,183440715375638952
50,586,3417,2b144410,4495209163402038,4495209163402038,176304983113755594,176304983113755594
50,586,3418,2b144420,4369071442536108,4369071442536108,168358306699202004,168358306699202004
50,586,3419,2b144440,4795805380842258,4795805380842258,195242544812489454,195242544812489454
50,586,3420,2b144480,4745610113954898,4745610113954898,192080242998585774,192080242998585774
50,586,3421,2b144500,4650048778048050,4650048778048050,186059878836454350,186059878836454350
50,586,3422,2b144600,4474012297480820,4474012297480820,174969580560718860,174969580560718860
50,586,3423,2b144801,4754611657023888,4754611657023888,192647340211932144,192647340211932144
50,586,3424,2b144808,4784056735252968,4784056735252968,194502380140364184,194502380140364184
50,586,3425,2b144c00,4859901547060974,4859901547060974,199280603284268562,199280603284268562
50,586,3426,2b145001,4363950024201768,4363950024201768,168035657344138584,168035657344138584
50,586,3427,2b145008,4430579247688224,4430579247688224,172233298423785312,172233298423785312
50,586,3428,2b145010,4373012472650628,4373012472650628,168606591596416764,168606591596416764
50,586,3429,2b145040,4371142688915688,4371142688915688,168488795221115544,168488795221115544
50,586,3430,2b145100,4416912119175810,4416912119175810,171372269327503230,171372269327503230
50,586,3431,2b145400,4429174301224950,4429174301224950,172144786796599050,172144786796599050
50,586,3432,2b146001,4480785550073112,4480785550073112,175396295474033256,175396295474033256
50,586,3433,2b146008,4573192083466548,4573192083466548,181217907077819724,181217907077819724
50,586,3434,2b146400,4640979634382874,4640979634382874,185488522785548262,185488522785548262
50,586,3435,2b14c001,4565921254881168,4565921254881168,180759844876940784,180759844876940784
50,586,3436,2b14c002,4547880720567228,4547880720567228,179623291215162564,179623291215162564
50,586,3437,2b14c008,4606945210405254,4606945210405254,183344354074958202,183344354074958202
50,586,3438,2b14c400,4864162597141350,4864162597141350,199549049439332250,199549049439332250
50,586,3439,2b14d000,4489851875136870,4489851875136870,175967473953050010,175967473953050010
50,586,3440,2b154001,4416518659406332,4416518659406332,171347481362026116,171347481362026116
50,586,3441,2b154008,4560508857381022,4560508857381022,180418863834431586,180418863834431586
50,586,3442,2b154400,4568459050494468,4568459050494468,180919726000578684,180919726000578684
50,586,3443,2b164001,4666782805969182,4666782805969182,187114122595485666,187114122595485666
50,586,3444,2b164008,4711818213788118,4711818213788118,189951353288078634,189951353288078634
50,586,3445,2b164010,4660531727935662,4660531727935662,186720304679373906,186720304679373906
50,586,3446,2b164040,4756754442013542,4756754442013542,192782335666280346,192782335666280346
50,586,3447,2b164100,4804879085887254,4804879085887254,195814188230324202,195814188230324202
50,586,3448,2b164400,4779517778816454,4779517778816454,194216425884863802,194216425884863802
50,586,3449,2b16c000,4934523651847704,4934523651847704,203981795885832552,203981795885832552
50,586,3450,2b1c4001,4593869255784888,4593869255784888,182520568933875144,182520568933875144
50,586,3451,2b1c4008,4683028286308974,4683028286308974,188137587856892562,188137587856892562
50,586,3452,2b1c4400,4764027104552190,4764027104552190,193240513406215170,193240513406215170
50,586,3453,2b244401,4487256448291446,4500890784283866,175803962061788298,176662925229310758
50,586,3454,2b2c4001,4652929732413036,4666564068405456,186241378961448468,187100342128970928
50,586,3455,2b344001,4231633897188948,4231633897188948,159699741342330924,159699741342330924
50,586,3456,2b344008,4379822153547144,4379822153547144,169035601492897272,169035601492897272
50,586,3457,2b344010,4215657615664728,4215657615664728,158693235606305064,158693235606305064
50,586,3458,2b344040,4370196444682068,4370196444682068,168429181834397484,168429181834397484
50,586,3459,2b344100,4342491767435040,4342491767435040,166683787167834720,166683787167834720
50,586,3460,2b344400,4367230183914210,4367230183914210,168242307406022430,168242307406022430
50,586,3461,2b34c000,4381825226575920,4381825226575920,169161795093710160,169161795093710160
50,586,3462,2b445400,4825541330271876,4839175666264296,197115909626555388,197974872794077848
50,586,3463,2b494001,4913661450978462,4913661450978462,202667477231070306,202667477231070306
50,586,3464,2b4c4008,5050444615786510,5071742696192970,211284816613977330,212626595679584310
50,586,3465,2b514001,4649671507541606,4649671507541606,186036110794548378,186036110794548378
50,586,3466,2b544001,4492869911241516,4492869911241516,176157610227642708,176157610227642708
50,586,3467,2b544008,4577526344204412,4577526344204412,181490965504305156,181490965504305156
50,586,3468,2b544400,4671343082015358,4671343082015358,187401419986394754,187401419986394754
50,586,3469,2b8c4001,5020413089284716,5034047425277136,209392830444364308,210251793611886768
50,586,3470,2b942001,4441502753986452,4441502753986452,172921479320573676,172921479320573676
50,586,3471,2b944001,4558842192160278,4558842192160278,180313863925524714,180313863925524714
50,586,3472,2b944002,4678165051325988,4690559902228188,187831204052964444,188612079659803044
50,586,3473,2b944008,4658242045748094,4658242045748094,186576054701557122,186576054701557122
50,586,3474,2b944400,4724762341249020,4724762341249020,190766833318115460,190766833318115460
50,586,3475,2b945000,4602288239020320,4614683089922520,183050964877707360,183831840484545960
50,586,3476,2b964000,4944593700444984,4944593700444984,204616208947461192,204616208947461192
50,586,3477,2bb44000,4497205428686700,4509600279588900,176430747826689300,177211623433527900
50,586,3478,2f045400,4510641276799202,4524275612791622,177277206257776926,178136169425299386
50,586,3479,2f04d000,4613916090895232,4613916090895232,183783519545826816,183783519545826816
50,586,3480,2f0c4001,4669756533861630,4683390869854050,187301467452709890,188160430620232350
50,586,3481,2f0c4008,4818384722698076,4832019058690496,196665043349405988,197524006516928448
50,586,3482,2f144001,4490738401600802,4490738401600802,176023325120277726,176023325120277726
50,586,3483,2f144008,4608429455104698,4608429455104698,183437861491023174,183437861491023174
50,586,3484,2f144400,4639661970137884,4639661970137884,185405509938113892,185405509938113892
50,586,3485,2f484001,4898407697571232,4912042033563652,201706490766414816,202565453933937276
50,586,3486,2f504001,4738029725268346,4738029725268346,191602678511332998,191602678511332998
50,586,3487,3100d403,4450923332136792,4450923332136792,173514975744045096,173514975744045096
50,586,3488,3100d601,4564085607887162,4564085607887162,180644199116318406,180644199116318406
50,586,3489,3100dc02,4339715809042758,4339715809042758,166508901789120954,166508901789120954
50,586,3490,3101d401,4501991621496366,4501991621496366,176732277973698258,176732277973698258
50,586,3491,31105601,4357548987648472,4357548987648472,167632392041280936,167632392041280936
50,586,3492,31106700,4629581048125180,4629581048125180,184770411851313540,184770411851313540
50,586,3493,3110d003,4301780599298772,4301780599298772,164118983575249836,164118983575249836
50,586,3494,3110d201,4413304926316152,4413304926316152,171145016177344776,171145016177344776
50,586,3495,3110d208,4412228758565338,4412228758565338,171077217609043494,171077217609043494
50,586,3496,31184405,4432346789637120,4432346789637120,172344653566565760,172344653566565760
50,586,3497,31184421,4533762090056052,4533762090056052,178733817492958476,178733817492958476
50,586,3498,31184484,4689169159631406,4689169159631406,188524462876205778,188524462876205778
50,586,3499,31184501,4692241645345836,4692241645345836,188718029476214868,188718029476214868
50,586,3500,31184604,4583140674527950,4583140674527950,181844668314688050,181844668314688050
50,586,3501,31184c04,4874534855526444,4874534855526444,200202501717593172,200202501717593172
50,586,3502,31185401,4592250369177696,4592250369177696,182418579077622048,182418579077622048
50,586,3503,3118c009,5117812520528196,5117812520528196,215528994612703548,215528994612703548
50,586,3504,3118c401,4757204570563236,4757204570563236,192810693764911068,192810693764911068
50,586,3505,3118d001,4576336925432916,4576336925432916,181416032121700908,181416032121700908
50,586,3506,31194404,4680513430788516,4680513430788516,187979151959103708,187979151959103708
50,586,3507,311a4404,4572915571328724,4572915571328724,181200486813136812,181200486813136812
50,586,3508,311a4420,4678619738182548,4678619738182548,187859849324927724,187859849324927724
50,586,3509,311a4500,4845614789362380,4845614789362380,198380537549257140,198380537549257140
50,586,3510,311ac008,4674365785851324,4674365785851324,187591850328060612,187591850328060612
50,586,3511,311ac400,4869681544336740,4869681544336740,199896743112641820,199896743112641820
50,586,3512,311ad000,4584937970838840,4584937970838840,181957897982274120,181957897982274120
50,586,3513,311ae000,4918350681851556,4918350681851556,202962898776075228,202962898776075228
50,586,3514,3120cc04,4291125449468214,4291125449468214,163447709135924682,163447709135924682
50,586,3515,3120e480,4568036189840466,4568036189840466,180893085779376558,180893085779376558
50,586,3516,3120e600,4615862591826740,4615862591826740,183906149104511820,183906149104511820
50,586,3517,3120ec00,4440347522075862,4440347522075862,172848699710206506,172848699710206506
50,586,3518,3121e400,4459033570895186,4459033570895186,174025920785823918,174025920785823918
50,586,3519,31304c04,4584379699165794,4584379699165794,181922726866872222,181922726866872222
50,586,3520,31305081,4949094487277052,4949094487277052,204899758517881476,204899758517881476
50,586,3521,31305401,4578988757681526,4578988757681526,181583097553363338,181583097553363338
50,586,3522,31306041,4267714289696652,4267714289696652,161972806070316276,161972806070316276
50,586,3523,31306401,4029903138643746,4029903138643746,146990703553983198,146990703553983198
50,586,3524,3130d080,4734977482479612,4734977482479612,191410387215642756,191410387215642756
50,586,3525,3130e001,4127771440145676,4127771440145676,153156406548604788,153156406548604788
50,586,3526,3130e080,4502475347983656,4502475347983656,176762752742397528,176762752742397528
50,586,3527,3130e200,4395050843850600,4395050843850600,169995008982015000,169995008982015000
50,586,3528,3130e800,4589177940791352,4589177940791352,182225016089282376,182225016089282376
50,586,3529,3131e000,4392535087136936,4392535087136936,169836516309054168,169836516309054168
50,586,3530,3132e000,4449961685859216,4449961685859216,173454392028557808,173454392028557808
50,586,3531,31344081,4817547434713992,4817547434713992,196612294206408696,196612294206408696
50,586,3532,31384401,4437800602994556,4437800602994556,172688243808084228,172688243808084228
50,586,3533,3138c001,4387793763011856,4387793763011856,169537812889174128,169537812889174128
50,586,3534,31584081,4927755698354040,4927755698354040,203555414815731720,203555414815731720
50,586,3535,31584401,4485714971201250,4485714971201250,175706849005105950,175706849005105950
50,586,3536,31584404,4585495440725442,4585495440725442,181993018585130046,181993018585130046
50,586,3537,3160c402,4446312719785734,4446312719785734,173224507165928442,173224507165928442
50,586,3538,3160c480,4631496939290970,4631496939290970,184891112994758310,184891112994758310
50,586,3539,3170e000,4652979858211308,4652979858211308,186244536886739604,186244536886739604
50,586,3540,31901405,4250373756455640,4250373756455640,160880352476132520,160880352476132520
50,586,3541,31902405,4086455511986400,4086455511986400,150553503074570400,150553503074570400
50,586,3542,3190d001,4596818734390356,4596818734390356,182706386086019628,182706386086019628
50,586,3543,31922500,4742232582212196,4742232582212196,191867458498795548,191867458498795548
50,586,3544,31929400,4543294019658060,4543294019658060,179334329057884980,179334329057884980
50,586,3545,31980405,4446226755089970,4446226755089970,173219091390095310,173219091390095310
50,586,3546,31981401,4647870463190466,4647870463190466,185922645000426558,185922645000426558
50,586,3547,32287001,4837608923844204,4851243259836624,197876168021612052,198735131189134512
50,586,3548,32504601,4314119773948818,4314119773948818,164896351578202734,164896351578202734
50,586,3549,32504608,4531697874234114,4531697874234114,178603771896176382,178603771896176382
50,586,3550,32505401,4344168806214918,4344168806214918,166789440610967034,166789440610967034
50,586,3551,3250d001,4612201467865578,4612201467865578,183675498294958614,183675498294958614
50,586,3552,32514401,4404438807122768,4404438807122768,170586450668161584,170586450668161584
50,586,3553,32544401,4671306637478598,4671306637478598,187399123980578874,187399123980578874
50,586,3554,32584401,4540021329296538,4540021329296538,179128149565109094,179128149565109094
50,586,3555,32684401,4550843368878888,4564477704871308,179809938058797144,180668901226319604
50,586,3556,32d81001,4488961182970158,4488961182970158,175911360346547154,175911360346547154
50,586,3557,33003501,4832333895206286,4832844271419906,197543841217423218,197575994918881278
50,586,3558,33005403,4560353224406592,4573987560399012,180409058957042496,181268022124564956
50,586,3559,33005c02,4493605752978498,4493605752978498,176203968257072574,176203968257072574
50,586,3560,33006403,4704414382504672,4725712462911132,189484911917221536,190826690982828516
50,586,3561,33006405,4519234336413670,4526898080827710,177818569013488410,178301384911572930
50,586,3562,33006409,4903401231361636,4924699311768096,202021083395210268,203362862460817248
50,586,3563,33006411,4629038112673272,4642672448665692,184736206917843336,185595170085365796
50,586,3564,33006421,4469496651533122,4477160395947162,174685094866013886,175167910764098406
50,586,3565,33006441,4790736819791212,4812034900197672,194923225466273556,196265004531880536
50,586,3566,33006481,4503012079617606,4503012079617606,176796566835336378,176796566835336378
50,586,3567,33006501,4752133404242776,4759797148656816,192491210286722088,192974026184806608
50,586,3568,33006601,4510946457200408,4510946457200408,177296432623052904,177296432623052904
50,586,3569,33006c01,4456075135266936,4456075135266936,173839539341244168,173839539341244168
50,586,3570,33007401,4552123720910616,4565758056903036,179890600236796008,180749563404318468
50,586,3571,33007480,4727873349407496,4727873349407496,190962826832099448,190962826832099448
50,586,3572,33007600,4704518084879330,4704518084879330,189491445166824990,189491445166824990
50,586,3573,33007c00,4646222084500842,4646222084500842,185818797142980246,185818797142980246
50,586,3574,3300d401,4977243770485056,4977243770485056,206673163359985728,206673163359985728
50,586,3575,3300e401,5003672486815246,5011336231229286,208338172488787698,208820988386872218
50,586,3576,33015402,4514436606465508,4514436606465508,177516312026754204,177516312026754204
50,586,3577,33016401,4395480672389550,4395480672389550,170022088179968850,170022088179968850
50,586,3578,33017400,4628489014497666,4628489014497666,184701613732780158,184701613732780158
50,586,3579,3301e001,4647652168023800,4647652168023800,185908892404926600,185908892404926600
50,586,3580,33026401,4734140371573738,4741804115987778,191357649228572694,191840465126657214
50,586,3581,33027400,4899084370746846,4899084370746846,201749121176478498,201749121176478498
50,586,3582,33045401,4840759818707376,4854394154699796,198074674397991888,198933637565514348
50,586,3583,33046401,4828729089906256,4850027170312716,197316738483521328,198658517549128308
50,586,3584,33084c01,4751542837480872,4751542837480872,192454004580722136,192454004580722136
50,586,3585,33085088,4852015128817122,4852015128817122,198783758934905886,198783758934905886
50,586,3586,33085401,4743885506070036,4757519842062456,191971592701839468,192830555869361928
50,586,3587,33085480,4814771212553952,4814771212553952,196437392210326176,196437392210326176
50,586,3588,33086401,4726143654489946,4747441734896406,190853856052293798,192195635117900778
50,586,3589,3308c401,5259693170694136,5267356915108176,224467475573157768,224950291471242288
50,586,3590,330a5008,4826067721217064,4826067721217064,197149072256102232,197149072256102232
50,586,3591,330a5200,4857548869337546,4857548869337546,199132384587692598,199132384587692598
50,586,3592,330a5400,4867269826512660,4867269826512660,199744804889724780,199744804889724780
50,586,3593,330b5000,4757136180126218,4757136180126218,192806385167378934,192806385167378934
50,586,3594,331040c2,4626754497494868,4626754497494868,184592339161603884,184592339161603884
50,586,3595,331040c4,4496623834017048,4496623834017048,176394107362501224,176394107362501224
50,586,3596,331040d0,4808393863555128,4808393863555128,196035619223400264,196035619223400264
50,586,3597,331042c0,4752182764650262,4752182764650262,192494319992393706,192494319992393706
50,586,3598,33104482,4681464889583418,4681464889583418,188039093863182534,188039093863182534
50,586,3599,33104484,4593724876518786,4593724876518786,182511473040110718,182511473040110718
50,586,3600,33104490,4739077384715718,4739077384715718,191668681056517434,191668681056517434
50,586,3601,33104680,4876857038884668,4876857038884668,200348799269161284,200348799269161284
50,586,3602,33104842,4883571281783208,4883571281783208,200771796571769304,200771796571769304
50,586,3603,33104844,4764126356844468,4764126356844468,193246766300628684,193246766300628684
50,586,3604,33104850,5072057876047518,5072057876047518,212646452010420834,212646452010420834
50,586,3605,33104c02,4897923410252418,4897923410252418,201675980665329534,201675980665329534
50,586,3606,33104c04,4815573615467694,4815573615467694,196487943593891922,196487943593891922
50,586,3607,33104c10,4943235225988128,4943235225988128,204530625056679264,204530625056679264
50,586,3608,33105003,4459597080568032,4459597080568032,174061421895213216,174061421895213216
50,586,3609,33105005,4430925055679580,4430925055679580,172255084327240740,172255084327240740
50,586,3610,33105009,4830287038171806,4830287038171806,197414889224250978,197414889224250978
50,586,3611,33105011,4449451328753202,4449451328753202,173422239530878926,173422239530878926
50,586,3612,33105021,4447179429471702,4447179429471702,173279109876144426,173279109876144426
50,586,3613,33105041,4405870216978512,4405870216978512,170676629489073456,170676629489073456
50,586,3614,33105081,4561571788799292,4561571788799292,180485828513782596,180485828513782596
50,586,3615,33105082,4566213421910568,4578608272812768,180778251399792984,181559127006631584
50,586,3616,33105084,4518224998828656,4530619849730856,177754980745632528,178535856352471128
50,586,3617,33105088,4668671271515142,4668671271515142,187233095924881146,187233095924881146
50,586,3618,33105090,4538530063337808,4538530063337808,179034199809709104,179034199809709104
50,586,3619,331050a0,4577115310214328,4589510161116528,181465070362929864,182245945969768464
50,586,3620,331050c0,4539874031838198,4539874031838198,179118869825233674,179118869825233674
50,586,3621,33105101,4483726221936726,4483726221936726,175581557801440938,175581557801440938
50,586,3622,33105180,4678688467275642,4678688467275642,187864179257792646,187864179257792646
50,586,3623,33105201,4451469902710032,4451469902710032,173549409690159216,173549409690159216
50,586,3624,33105202,4504310938551312,4516705789453512,176878394948159856,177659270554998456
50,586,3625,33105204,4420559570650940,4432954421553140,171602058770436420,172382934377275020
50,586,3626,33105208,4535697320582778,4535697320582778,178855737016142214,178855737016142214
50,586,3627,33105210,4483751219964632,4483751219964632,175583132677199016,175583132677199016
50,586,3628,33105280,4738190089021108,4750584939923308,191612781427757004,192393657034595604
50,586,3629,33105401,4446918138446466,4446918138446466,173262648541554558,173262648541554558
50,586,3630,33105480,4686229570217712,4686229570217712,188339268743143056,188339268743143056
50,586,3631,33105801,4818288451845582,4818288451845582,196658978285698866,196658978285698866
50,586,3632,33105880,5112788603418792,5112788603418792,215212487834811096,215212487834811096
50,586,3633,33106041,4313194945249962,4313194945249962,164838087370174806,164838087370174806
50,586,3634,331060c0,4646035697542602,4646035697542602,185807054764611126,185807054764611126
50,586,3635,33106240,4513532936477688,4513532936477688,177459380817521544,177459380817521544
50,586,3636,33106401,4302042304077996,4302042304077996,164135470976340948,164135470976340948
50,586,3637,33106480,4776392186089656,4776392186089656,194019513543075528,194019513543075528
50,586,3638,33106600,4596577377615370,4596577377615370,182691180609195510,182691180609195510
50,586,3639,33106840,4839657290271312,4839657290271312,198005215106519856,198005215106519856
50,586,3640,33106c00,4932604618369182,4932604618369182,203860896776685666,203860896776685666
50,586,3641,33107001,4413115245765156,4413115245765156,171133066302632028,171133066302632028
50,586,3642,33107080,4684180807814106,4684180807814106,188210196711715878,188210196711715878
50,586,3643,33107200,4500992911753980,4500992911753980,176669359259927940,176669359259927940
50,586,3644,3310c082,4835425941494538,4835425941494538,197738640133583094,197738640133583094
50,586,3645,3310c084,4805526439570836,4805526439570836,195854971512389868,195854971512389868
50,586,3646,3310c090,4796236807607598,4796236807607598,195269724698705874,195269724698705874
50,586,3647,3310c280,4995960499605248,4995960499605248,207852317294557824,207852317294557824
50,586,3648,3310d001,4609774398896136,4609774398896136,183522592949883768,183522592949883768
50,586,3649,3310d080,4763095831958322,4763095831958322,193181843232801486,193181843232801486
50,586,3650,3310e001,4597921968625446,4597921968625446,182775889842830298,182775889842830298
50,586,3651,3310e080,4967432515097736,4967432515097736,206055054270584568,206055054270584568
50,586,3652,3310e200,4786945864678990,4786945864678990,194684395294203570,194684395294203570
50,586,3653,33115001,4506935393057566,4506935393057566,177043735582053858,177043735582053858
50,586,3654,33115080,4705195843190836,4717590694093036,189534143940449868,190315019547288468
50,586,3655,33124042,4534485514863498,4534485514863498,178779393255827574,178779393255827574
50,586,3656,33124044,4429273657052868,4429273657052868,172151046213757884,172151046213757884
50,586,3657,33124050,4696714419047058,4696714419047058,188999814219391854,188999814219391854
50,586,3658,33124240,4532862475781302,4532862475781302,178677141793649226,178677141793649226
50,586,3659,33124402,4521571376376798,4521571376376798,177965802531165474,177965802531165474
50,586,3660,33124404,4467088984712604,4467088984712604,174533411856321252,174533411856321252
50,586,3661,33124410,4594478992158558,4594478992158558,182558982325416354,182558982325416354
50,586,3662,33124600,4623895732571246,4623895732571246,184412236971415698,184412236971415698
50,586,3663,33125001,4480856024980392,4480856024980392,175400735393191896,175400735393191896
50,586,3664,33125002,4415912235619308,4415912235619308,171309276663443604,171309276663443604
50,586,3665,33125004,4426467505359534,4426467505359534,171974258657077842,171974258657077842
50,586,3666,33125008,4514434556150754,4514434556150754,177516182856924702,177516182856924702
50,586,3667,33125010,4422092203294728,4422092203294728,171698614626995064,171698614626995064
50,586,3668,33125020,4422109876768788,4422109876768788,171699728055860844,171699728055860844
50,586,3669,33125040,4452085320648348,4452085320648348,173588181020273124,173588181020273124
50,586,3670,33125080,4686143100745038,4686143100745038,188333821166364594,188333821166364594
50,586,3671,33125100,4460485423323030,4460485423323030,174117387488778090,174117387488778090
50,586,3672,33125200,4517215365149536,4517215365149536,177691373823847968,177691373823847968
50,586,3673,33125400,4514254397307060,4514254397307060,177504832849771980,177504832849771980
50,586,3674,33125800,4780909294333824,4780909294333824,194304091362458112,194304091362458112
50,586,3675,33126040,4633503988912134,4633503988912134,185017557120891642,185017557120891642
50,586,3676,33126400,4690520214387126,4690520214387126,188609579325816138,188609579325816138
50,586,3677,33127000,4607942805832716,4607942805832716,183407202586888308,183407202586888308
50,586,3678,3312c002,4686763824107358,4686763824107358,188372926738190754,188372926738190754
50,586,3679,3312c004,4693014075461274,4693014075461274,188766692573487462,188766692573487462
50,586,3680,3312c010,4656513477073878,4656513477073878,186467154875081514,186467154875081514
50,586,3681,3312c200,4783451063916476,4783451063916476,194464222846165188,194464222846165188
50,586,3682,3312d000,4620478447551510,4620478447551510,184196948015172330,184196948015172330
50,586,3683,3312e000,4870322299245786,4870322299245786,199937110671911718,199937110671911718
50,586,3684,33135000,4582330367794498,4582330367794498,181793618990480574,181793618990480574
50,586,3685,331440c0,4915595491753908,4915595491753908,202789321799923404,202789321799923404
50,586,3686,33144480,5033522318054382,5033522318054382,210218711856853266,210218711856853266
50,586,3687,33145001,4642293657206556,4642293657206556,185571306223440228,185571306223440228
50,586,3688,33145080,4846257312985932,4858652163888132,198421016537540916,199201892144379516
50,586,3689,3314c080,5193268469685852,5193268469685852,220282719409635876,220282719409635876
50,586,3690,33164040,4762293479627712,4762293479627712,193131295035973056,193131295035973056
50,586,3691,33164400,4811562359432574,4811562359432574,196235234463679362,196235234463679362
50,586,3692,33165000,4656857451795714,4656857451795714,186488825282557182,186488825282557182
50,586,3693,3316c000,4963230351138894,4963230351138894,205790317941177522,205790317941177522
50,586,3694,33184011,4661045816304252,4661045816304252,186752692246595076,186752692246595076
50,586,3695,33184041,4677592116182262,4677592116182262,187795109138909706,187795109138909706
50,586,3696,33184090,4794501068186298,4794501068186298,195160373115163974,195160373115163974
50,586,3697,331840c0,4880289571769028,4880289571769028,200565048840875964,200565048840875964
50,586,3698,33184101,4723658060872416,4723658060872416,190697263654389408,190697263654389408
50,586,3699,33184180,5010835669742472,5010835669742472,208789453013202936,208789453013202936
50,586,3700,33184210,4708741854947912,4708741854947912,189757542681145656,189757542681145656
50,586,3701,33184401,4677916763116626,4677916763116626,187815561895774638,187815561895774638
50,586,3702,33184480,5009443558419012,5009443558419012,208701749999824956,208701749999824956
50,586,3703,33185001,4604119244213106,4604119244213106,183166318204852878,183166318204852878
50,586,3704,33185080,4808515422105072,4820910273007272,196043277412046736,196824153018885336
50,586,3705,3318c001,4881559897025796,4881559897025796,200645079332052348,200645079332052348
50,586,3706,3318c080,5127096693619122,5127096693619122,216113897517431886,216113897517431886
50,586,3707,331a4010,4633918760427648,4633918760427648,185043687726369024,185043687726369024
50,586,3708,331a4040,4733996568838488,4733996568838488,191348589656251944,191348589656251944
50,586,3709,331a4100,4763662271888550,4763662271888550,193217528948405850,193217528948405850
50,586,3710,331a4400,4805036999616690,4805036999616690,195824136795278670,195824136795278670
50,586,3711,331a5000,4656735324333390,4656735324333390,186481131252430770,186481131252430770
50,586,3712,331ac000,4936859691137460,4936859691137460,204128966361087180,204128966361087180
50,586,3713,331c4001,4866807276614916,4866807276614916,199715664246166908,199715664246166908
50,586,3714,331c4080,5197491348373242,5209886199275442,220548760766941446,221329636373780046
50,586,3715,331e4000,4964170738638474,4964170738638474,205849562353651062,205849562353651062
50,586,3716,33205401,4812994797797106,4826629133789526,196325478080644878,197184441248167338
50,586,3717,33206401,4417984049438376,4431618385430796,171439800934044888,172298764101567348
50,586,3718,332a5000,4991787262851480,4991787262851480,207589403379070440,207589403379070440
50,586,3719,33304090,4338212976938718,4338212976938718,166414223366566434,166414223366566434
50,586,3720,33304810,4519685341844088,4519685341844088,177846982355604744,177846982355604744
50,586,3721,33305001,4655467543802646,4655467543802646,186401261078993898,186401261078993898
50,586,3722,33305080,4849904059711182,4862298910613382,198650761581231666,199431637188070266
50,586,3723,33324010,4231943497106598,4231943497106598,159719246137142874,159719246137142874
50,586,3724,33325000,4708886231293920,4708886231293920,189766638390944160,189766638390944160
50,586,3725,33344080,4744014020025792,4756408870927992,191979689081052096,192760564687890696
50,586,3726,33364000,4568605067957574,4568605067957574,180928925100754362,180928925100754362
50,586,3727,33405402,4557889819101294,4571524155093714,180253864422808722,181112827590331182
50,586,3728,33406401,4898353069731460,4919651150137920,201703049212509180,203044828278116160
50,586,3729,33407400,5027623069993038,5041257405985458,209847059228988594,210706022396511054
50,586,3730,3340c404,5113568483978842,5121232228392882,215261620310094246,215744436208178766
50,586,3731,3340e400,5628336243392848,5635999987806888,247691989153176624,248174805051261144
50,586,3732,33424402,4795689015667234,4803352760081274,195235213806462942,195718029704547462
50,586,3733,3342c400,5311358743313860,5319022487727900,227722406648200380,228205222546284900
50,586,3734,33484009,5074194516146290,5095492596552750,212781060336643470,214122839402250450
50,586,3735,33484048,4832175949219384,4853474029625844,197533890620248392,198875669685855372
50,586,3736,33484088,4834817325680220,4834817325680220,197700297337281060,197700297337281060
50,586,3737,33484201,4703307012262800,4703307012262800,189415147591983600,189415147591983600
50,586,3738,33484202,4922828359243578,4937289018629478,203244992451772614,204156013993084314
50,586,3739,33484208,4746952460773656,4746952460773656,192164810848167528,192164810848167528
50,586,3740,33484401,4773592138152400,4794890218558860,193843110523028400,195184889588635380
50,586,3741,33484402,4918756960281454,4940055040687914,202988494317158802,204330273382765782
50,586,3742,33484408,4916912066068012,4938210146474472,202872265981711956,204214045047318936
50,586,3743,33494001,4583284242297590,4583284242297590,181853713084175370,181853713084175370
50,586,3744,334a4008,4819244247232834,4826907991646874,196719193395095742,197202009293180262
50,586,3745,33504041,4394235543716952,4394235543716952,169943645073595176,169943645073595176
50,586,3746,335040c0,4737604148410032,4737604148410032,191575867169259216,191575867169259216
50,586,3747,33504401,4341738482379480,4341738482379480,166636330209334440,166636330209334440
50,586,3748,33504480,4817526659463300,4817526659463300,196610985365615100,196610985365615100
50,586,3749,33505001,4375251736865880,4375251736865880,168747665241977640,168747665241977640
50,586,3750,33505080,4691331538654140,4703726389556340,188660692754638020,189441568361476620
50,586,3751,3350c001,4647329898050550,4647329898050550,185888589396611850,185888589396611850
50,586,3752,3350c080,5019575827791390,5019575827791390,209340082970284770,209340082970284770
50,586,3753,33524040,4614990380404614,4614990380404614,183851199784917882,183851199784917882
50,586,3754,33524400,4624877921959740,4624877921959740,184474114902890820,184474114902890820
50,586,3755,33525000,4528421916662580,4528421916662580,178397386569169740,178397386569169740
50,586,3756,3352c000,4837379835217260,4837379835217260,197861735438114580,197861735438114580
50,586,3757,33584001,4535759359894140,4535759359894140,178859645492758020,178859645492758020
50,586,3758,33584080,4961521517747610,4973916368649810,205682661437526630,206463537044365230
50,586,3759,335a4000,4776052349302440,4776052349302440,193998103825480920,193998103825480920
50,586,3760,33604401,4467299545296270,4480933881288690,174546677173092210,175405640340614670
50,586,3761,33604480,4600508371596450,4600508371596450,182938833230003550,182938833230003550
50,586,3762,33624400,4670257060091070,4670257060091070,187333000605164610,187333000605164610
50,586,3763,33684001,4559784224697930,4573418560690350,180373211975396790,181232175142919250
50,586,3764,33684002,4737150557713284,4765245553091604,191547290955364092,193317275664198252
50,586,3765,33684004,4625696597718252,4640157257104152,184525691475677076,185436713016988776
50,586,3766,33684008,4651530278830572,4665164614822992,186153213385753236,187012176553275696
50,586,3767,33684010,4579601541571074,4593235877563494,181621702938404862,182480666105927322
50,586,3768,33684080,4683272202501120,4697732861887020,188152954576997760,189063976118309460
50,586,3769,33686000,5006143703572638,5019778039565058,208493859144503394,209352822312025854
50,586,3770,336a4000,4745853272673240,4745853272673240,192095561997841320,192095561997841320
50,586,3771,33704001,4216051987169520,4216051987169520,158718081011106960,158718081011106960
50,586,3772,33704080,4605293795686110,4617688646588310,183240314947652130,184021190554490730
50,586,3773,33724000,4458477030905370,4458477030905370,173990858766465510,173990858766465510
50,586,3774,33803401,4546045444847106,4559679780839526,179507668844794878,180366632012317338
50,586,3775,33805081,4711666708265442,4711666708265442,189941808440150046,189941808440150046
50,586,3776,33805401,4775939077310496,4789573413302916,193990967689988448,194849930857510908
50,586,3777,33806401,4792288236290496,4805922572282916,195020964705728448,195879927873250908
50,586,3778,33884801,4973068499087022,4973068499087022,206410121261909586,206410121261909586
50,586,3779,33885001,4895393984608026,4909028320600446,201516626849732838,202375590017255298
50,586,3780,33886001,4910494411478436,4924128747470856,202467953742568668,203326916910091128
50,586,3781,3388c001,5271064068581976,5271064068581976,225183842140091688,225183842140091688
50,586,3782,338a5000,4982427915439170,4982427915439170,206999764492094910,206999764492094910
50,586,3783,33901003,4456326263965752,4456326263965752,173855360449269576,173855360449269576
50,586,3784,33901005,4348856941567080,4348856941567080,167084793138153240,167084793138153240
50,586,3785,33901011,4306797098328762,4306797098328762,164435023014139206,164435023014139206
50,586,3786,33902003,4521669360400872,4521669360400872,177971975524682136,177971975524682136
50,586,3787,33902005,4375214953017030,4375214953017030,168745347859500090,168745347859500090
50,586,3788,33902009,4642056120460116,4642056120460116,185556341408414508,185556341408414508
50,586,3789,33902011,4354418199404532,4354418199404532,167435152381912716,167435152381912716
50,586,3790,33902021,4377481770943962,4377481770943962,168888157388896806,168888157388896806
50,586,3791,33902041,4281626441581962,4281626441581962,162849271639090806,162849271639090806
50,586,3792,33902081,4519017320548656,4519017320548656,177804897013992528,177804897013992528
50,586,3793,33902088,4617550959565746,4617550959565746,184012516272069198,184012516272069198
50,586,3794,33902101,4474577651555976,4474577651555976,175005197867453688,175005197867453688
50,586,3795,33902201,4326160004160648,4326160004160648,165654886081548024,165654886081548024
50,586,3796,33902202,4631476105165768,4631476105165768,184889800444870584,184889800444870584
50,586,3797,33902401,4298235665281086,4298235665281086,163895652732135618,163895652732135618
50,586,3798,33902801,4705992445267716,4705992445267716,189584329871293308,189584329871293308
50,586,3799,33903001,4357438747783986,4357438747783986,167625446929818318,167625446929818318
50,586,3800,33904082,4944373380799128,4956768231701328,204602328809772264,205383204416610864
50,586,3801,33904084,4845736151921196,4858131002823396,198388183390462548,199169058997301148
50,586,3802,33904090,4814979620751168,4814979620751168,196450521926750784,196450521926750784
50,586,3803,33904280,5010148026347278,5022542877249478,208746131479305714,209527007086144314
50,586,3804,33904802,5149961471646858,5149961471646858,217554378533179254,217554378533179254
50,586,3805,33904804,5041668606768234,5041668606768234,210731928045825942,210731928045825942
50,586,3806,33904810,5022244458361908,5022244458361908,209508206696227404,209508206696227404
50,586,3807,33905001,4604380621985046,4604380621985046,183182785004485098,183182785004485098
50,586,3808,33905080,4857839391552612,4870234242454812,199150687487241756,199931563094080356
50,586,3809,33906001,4591417115933226,4591417115933226,182366084123220438,182366084123220438
50,586,3810,33906080,4990394179386786,4990394179386786,207501639120794718,207501639120794718
50,586,3811,33906200,4801031273182960,4801031273182960,195571776029953680,195571776029953680
50,586,3812,33906800,5182621017154302,5182621017154302,219611929900148226,219611929900148226
50,586,3813,3390a001,4563889228959546,4563889228959546,180631827243878598,180631827243878598
50,586,3814,33912001,4361959242037810,4361959242037810,167910238067809230,167910238067809230
50,586,3815,33920082,4741438203820092,4741438203820092,191817412660092996,191817412660092996
50,586,3816,33920084,4685753059084950,4685753059084950,188309248541779050,188309248541779050
50,586,3817,33921001,4391496290862192,4391496290862192,169771072143745296,169771072143745296
50,586,3818,33921002,4418209495442238,4418209495442238,171454004032288194,171454004032288194
50,586,3819,33921004,4387867063538964,4387867063538964,169542430822381932,169542430822381932
50,586,3820,33921008,4434378381831204,4434378381831204,172472643874793052,172472643874793052
50,586,3821,33921010,4297251011977998,4297251011977998,163833619574041074,163833619574041074
50,586,3822,33921020,4427287355485998,4427287355485998,172025909215045074,172025909215045074
50,586,3823,33921040,4447684425135138,4447684425135138,173310924602940894,173310924602940894
50,586,3824,33921080,4703089916812488,4703089916812488,189401470578613944,189401470578613944
50,586,3825,33921100,4482748542517110,4482748542517110,175519963998005130,175519963998005130
50,586,3826,33921200,4468905119412526,4468905119412526,174647828342416338,174647828342416338
50,586,3827,33921400,4542466606286460,4542466606286460,179282202015474180,179282202015474180
50,586,3828,33921800,4758000989364774,4758000989364774,192860868149407962,192860868149407962
50,586,3829,33922001,4440570238540668,4440570238540668,172862730847489284,172862730847489284
50,586,3830,33922002,4718512528470624,4718512528470624,190373095113076512,190373095113076512
50,586,3831,33922004,4577655624441420,4577655624441420,181499110159236660,181499110159236660
50,586,3832,33922008,4491485506659330,4491485506659330,176070392738964990,176070392738964990
50,586,3833,33922010,4554760722653724,4554760722653724,180056731346611812,180056731346611812
50,586,3834,33922020,4631914358744154,4631914358744154,184917410420308902,184917410420308902
50,586,3835,33922040,4611031681971204,4611031681971204,183601801783613052,183601801783613052
50,586,3836,33922080,4815690099775428,4815690099775428,196495282105279164,196495282105279164
50,586,3837,33922100,4695295005636966,4695295005636966,188910391174556058,188910391174556058
50,586,3838,33922200,4585246264120322,4585246264120322,181977320459007486,181977320459007486
50,586,3839,33922400,4702596348307746,4702596348307746,189370375762815198,189370375762815198
50,586,3840,33922800,4956363326339304,4956363326339304,205357695378803352,205357695378803352
50,586,3841,33923000,4585270657747236,4585270657747236,181978857257503068,181978857257503068
50,586,3842,33924002,4717437083639268,4717437083639268,190305342088701084,190305342088701084
50,586,3843,33924004,4636999032093594,4636999032093594,185237744841323622,185237744841323622
50,586,3844,33924010,4610792474917008,4610792474917008,183586731739198704,183586731739198704
50,586,3845,33924200,4741547188047426,4741547188047426,191824278666415038,191824278666415038
50,586,3846,33925000,4650758191845360,4650758191845360,186104571905684880,186104571905684880
50,586,3847,33926000,4843068971093916,4843068971093916,198220150998343908,198220150998343908
50,586,3848,33929000,4588772980492650,4588772980492650,182199503590464150,182199503590464150
50,586,3849,3392a000,4829590897011006,4829590897011006,197371032331120578,197371032331120578
50,586,3850,33931000,4542776087567238,4542776087567238,179301699336163194,179301699336163194
50,586,3851,33932000,4667619661982928,4667619661982928,187166844524351664,187166844524351664
50,586,3852,33942001,4563757598887236,4563757598887236,180623534549323068,180623534549323068
50,586,3853,33944080,5203452068486202,5215846919388402,220924286134057926,221705161740896526
50,586,3854,33960080,4990863335204058,4990863335204058,207531195937282854,207531195937282854
50,586,3855,33960200,4676958895060910,4676958895060910,187755216208264530,187755216208264530
50,586,3856,33961000,4651253752053864,4651253752053864,186135792198820632,186135792198820632
50,586,3857,33962000,4792520600787810,4792520600787810,195035603669059230,195035603669059230
50,586,3858,33964000,4922479409984544,4922479409984544,203223008648453472,203223008648453472
50,586,3859,33980003,4734275037189432,4734275037189432,191366133162361416,191366133162361416
50,586,3860,33980005,4571519205446340,4571519205446340,181112515762546620,181112515762546620
50,586,3861,33980081,4833779785380372,4833779785380372,197634932298390636,197634932298390636
50,586,3862,33980088,4921963240288512,4921963240288512,203190489957603456,203190489957603456
50,586,3863,33980201,4623215722611082,4623215722611082,184369396343925366,184369396343925366
50,586,3864,33980202,4828269519964112,4840664370866312,197287785577166256,198068661184004856
50,586,3865,33980208,4760842788695098,4760842788695098,193039901507218374,193039901507218374
50,586,3866,33981001,4582495876341366,4582495876341366,181804046028933258,181804046028933258
50,586,3867,33982001,4527134926547736,4527134926547736,178316306191934568,178316306191934568
50,586,3868,33984001,4830600994452186,4830600994452186,197434668469914918,197434668469914918
50,586,3869,33984080,5159677031587872,5172071882490072,218166458809463136,218947334416301736
50,586,3870,339a0002,4754868588253638,4754868588253638,192663526879406394,192663526879406394
50,586,3871,339a0004,4605739615218954,4605739615218954,183268401578221302,183268401578221302
50,586,3872,339a0080,5005674447354798,5005674447354798,208464296002779474,208464296002779474
50,586,3873,339a0200,4732172577894746,4732172577894746,191233678226796198,191233678226796198
50,586,3874,339a1000,4664285653288860,4664285653288860,186956801976625380,186956801976625380
50,586,3875,339a2000,4812468502597716,4812468502597716,196292321483083308,196292321483083308
50,586,3876,339a4000,4898009289970050,4898009289970050,201681391087540350,201681391087540350
50,586,3877,33b02001,4145467596311736,4145467596311736,154271264387066568,154271264387066568
50,586,3878,33b21000,4643554369592310,4643554369592310,185650731103742730,185650731103742730
50,586,3879,33b22000,4433319754553916,4433319754553916,172405950356323908,172405950356323908
50,586,3880,33b80001,4408494323310546,4408494323310546,170841948187991598,170841948187991598
50,586,3881,33ba0000,4527759122347260,4527759122347260,178355630527304580,178355630527304580
50,586,3882,33c24400,5033225264823630,5033225264823630,210199997503315890,210199997503315890
50,586,3883,33c84001,4961611268322300,4975245604314720,205688315723732100,206547278891254560
50,586,3884,33c84002,5189887357834134,5217982353212454,220069709362977642,221839694071811802
50,586,3885,33c84004,4992177958893342,5006638618279242,207614017229707746,208525038771019446
50,586,3886,33c84008,5001964278500592,5015598614493012,208230555364964496,209089518532486956
50,586,3887,33c84010,5061487401975834,5075121737968254,211980512143904742,212839475311427202
50,586,3888,33c84080,5134908076806750,5149368736192650,216606014658252450,217517036199564150
50,586,3889,33c86000,5448411160287078,5462045496279498,236356708917513114,237215672085035574
50,586,3890,33ca4000,5112366486670800,5112366486670800,215185894479687600,215185894479687600
50,586,3891,33d01001,4307336757581130,4307336757581130,164469021547038390,164469021547038390
50,586,3892,33d02001,4588007855550120,4588007855550120,182151300719084760,182151300719084760
50,586,3893,33d04001,4571272599919350,4571272599919350,181096979614346250,181096979614346250
50,586,3894,33d04080,4993476627388890,5005871478291090,207695833344927270,208476708951765870
50,586,3895,33d21000,4499472281403870,4499472281403870,176573559547871010,176573559547871010
50,586,3896,33d22000,4849623300945720,4849623300945720,198633073779007560,198633073779007560
50,586,3897,33d24000,4773837287745390,4773837287745390,193858554947386770,193858554947386770
50,586,3898,3500d401,4514753861008680,4514753861008680,177536299062974040,177536299062974040
50,586,3899,3500f001,4378930071643900,4378930071643900,168979400332992900,168979400332992900
50,586,3900,350ad000,4589450230630024,4589450230630024,182242170349118712,182242170349118712
50,586,3901,35105404,4452627507570902,4452627507570902,173622338796394026,173622338796394026
50,586,3902,3510e400,4824565369560338,4824565369560338,197054424101728494,197054424101728494
50,586,3903,35184404,4724905100880072,4724905100880072,190775827174871736,190775827174871736
50,586,3904,351ac000,4875740955059224,4875740955059224,200278485988158312,200278485988158312
50,586,3905,3520e400,4421694581291168,4421694581291168,171673564440770784,171673564440770784
50,586,3906,3524e000,4574007504844312,4574007504844312,181269278624618856,181269278624618856
50,586,3907,3530e000,4419867028670168,4419867028670168,171558428625647784,171558428625647784
50,586,3908,35584001,4961916918296040,4961916918296040,205707571672077720,205707571672077720
50,586,3909,3580d001,4666913466971140,4666913466971140,187122354238609020,187122354238609020
50,586,3910,358a9000,4642984501243924,4642984501243924,185614829397794412,185614829397794412
50,586,3911,36305001,4784948485263408,4784948485263408,194558560391021904,194558560391021904
50,586,3912,36504401,4529139876063438,4529139876063438,178442618011423794,178442618011423794
50,586,3913,36505001,4489448940070138,4489448940070138,175942089043845894,175942089043845894
50,586,3914,37005402,4509547213143644,4523181549136064,177208280247476772,178067243414999232
50,586,3915,37006401,4422315985291640,4435950321284060,171712712892800520,172571676060322980
50,586,3916,37007400,4631784306609548,4645418642601968,184909217135828724,185768180303351184
50,586,3917,3700e001,4647242341703600,4647242341703600,185883073346754000,185883073346754000
50,586,3918,37084401,4722771191680620,4736405527673040,190641390895306260,191500354062828720
50,586,3919,370a5000,4706878739064304,4706878739064304,189640166380478352,189640166380478352
50,586,3920,37101005,4706851739008952,4706851739008952,189638465376991176,189638465376991176
50,586,3921,37105001,4561526955351010,4561526955351010,180483004006540830,180483004006540830
50,586,3922,37105080,4691111481908996,4703506332811196,188646829179693948,189427704786532548
50,586,3923,37125000,4630043240721384,4630043240721384,184799529984874392,184799529984874392
50,586,3924,37484001,4598022415343810,4611656751336230,182782217986087230,183641181153609690
50,586,3925,37884001,4871243901328050,4884878237320470,199995171603094350,200854134770616810
50,586,3926,37902001,4494624094762190,4494624094762190,176268123789445170,176268123789445170
50,586,3927,37902080,4836826882090420,4836826882090420,197826899391123660,197826899391123660
50,586,3928,37921000,4606804178756224,4606804178756224,183335469081069312,183335469081069312
50,586,3929,37922000,4760341979650170,4760341979650170,193008350537387910,193008350537387910
50,586,3930,37980002,4987554722044694,4999949572946894,207322753308242922,208103628915081522
50,586,3931,37980080,5076745364754526,5089140215656726,212941763798962338,213722639405800938
50,586,3932,39109402,4360675498010220,4360675498010220,167829362194071060,167829362194071060
50,586,3933,39181500,4837759530218862,4837759530218862,197885656223215506,197885656223215506
50,586,3934,39184404,4639889184908736,4639889184908736,185419824468677568,185419824468677568
50,586,3935,3930e000,4369320148470756,4369320148470756,168373975173084828,168373975173084828
50,586,3936,39902500,4721939267981016,4721939267981016,190588979702231208,190588979702231208
50,586,3937,39909400,4528648704901812,4528648704901812,178411674228241356,178411674228241356
50,586,3938,3a504401,4526459840146272,4526459840146272,178273775748642336,178273775748642336
50,586,3939,3b006401,4767925048168348,4789223128574808,193486083854033124,194827862919640104
50,586,3940,3b007400,4927727106507216,4941361442499636,203553613529381808,204412576696904268
50,586,3941,3b084401,4866815458706764,4888113539113224,199716179717953332,201057958783560312
50,586,3942,3b085008,4873264739816316,4886899075808736,200122484427855108,200981447595377568
50,586,3943,3b085400,4870823176376322,4884457512368742,199968665931135486,200827629098657946
50,586,3944,3b0c4008,5223724488572950,5245022568979410,222201448599523050,223543227665130030
50,586,3945,3b104011,4436214135666828,4436214135666828,172588296366437364,172588296366437364
50,586,3946,3b104012,4743728002725240,4743728002725240,191961669991117320,191961669991117320
50,586,3947,3b104014,4489228404071340,4489228404071340,175928195275921620,175928195275921620
50,586,3948,3b104018,4562104822748160,4562104822748160,180519409652561280,180519409652561280
50,586,3949,3b104030,4507941431997540,4507941431997540,177107116035272220,177107116035272220
50,586,3950,3b104042,4501108076252490,4501108076252490,176676614623334070,176676614623334070
50,586,3951,3b104044,4408433207360490,4408433207360490,170838097883138070,170838097883138070
50,586,3952,3b104050,4661080915352790,4661080915352790,186754903486652970,186754903486652970
50,586,3953,3b104090,4591420904520858,4591420904520858,182366322804241254,182366322804241254
50,586,3954,3b104102,4487938151491650,4487938151491650,175846909363401150,175846909363401150
50,586,3955,3b104104,4616258361761256,4616258361761256,183931082610386328,183931082610386328
50,586,3956,3b104110,4592209501417710,4592209501417710,182416004408742930,182416004408742930
50,586,3957,3b104210,4438954522158458,4438954522158458,172760940715410054,172760940715410054
50,586,3958,3b104240,4508647299210698,4508647299210698,177151585669701174,177151585669701174
50,586,3959,3b104300,4639665926029792,4639665926029792,185405759159304096,185405759159304096
50,586,3960,3b104402,4515080970195600,4515080970195600,177556906941750000,177556906941750000
50,586,3961,3b104404,4473135567450036,4473135567450036,174914346568779468,174914346568779468
50,586,3962,3b104410,4556811202122300,4556811202122300,180185911553132100,180185911553132100
50,586,3963,3b104600,4603292306654752,4603292306654752,183114221138676576,183114221138676576
50,586,3964,3b104810,4779380629449888,4779380629449888,194207785474770144,194207785474770144
50,586,3965,3b105001,4420303833626064,4420303833626064,171585947337869232,171585947337869232
50,586,3966,3b105002,4403046637024620,4415441487926820,170498743951978260,171279619558816860
50,586,3967,3b105004,4398853059278376,4411247910180576,170234548553964888,171015424160803488
50,586,3968,3b105008,4528112113713456,4528112113713456,178377868983374928,178377868983374928
50,586,3969,3b105010,4378356706715700,4378356706715700,168943278342516300,168943278342516300
50,586,3970,3b105020,4430727387639600,4443122238541800,172242631240722000,173023506847560600
50,586,3971,3b105040,4406764834693770,4406764834693770,170732990405134710,170732990405134710
50,586,3972,3b105080,4676250729982494,4688645580884694,187710601808324322,188491477415162922
50,586,3973,3b105100,4462321174126242,4462321174126242,174233039789380446,174233039789380446
50,586,3974,3b105200,4502732325151292,4515127176053492,176778942303958596,177559817910797196
50,586,3975,3b105400,4500819971778072,4500819971778072,176658464041445736,176658464041445736
50,586,3976,3b105800,4839443930827920,4839443930827920,197991773461586160,197991773461586160
50,586,3977,3b106010,4550603125823244,4550603125823244,179794802746291572,179794802746291572
50,586,3978,3b106040,4612729333148694,4612729333148694,183708753807794922,183708753807794922
50,586,3979,3b106100,4729055833214286,4729055833214286,191037323311927218,191037323311927218
50,586,3980,3b106400,4690848327299136,4690848327299136,188630250439272768,188630250439272768
50,586,3981,3b107000,4603614220367976,4603614220367976,183134501702609688,183134501702609688
50,586,3982,3b10c002,4621236920996490,4621236920996490,184244731842206070,184244731842206070
50,586,3983,3b10c004,4647384925968636,4647384925968636,185892056155451268,185892056155451268
50,586,3984,3b10c010,4568647314300750,4568647314300750,180931586620374450,180931586620374450
50,586,3985,3b10c200,4714827882401212,4714827882401212,190140962410703556,190140962410703556
50,586,3986,3b10d000,4544151833117262,4544151833117262,179388371305814706,179388371305814706
50,586,3987,3b10e000,4820290310859666,4820290310859666,196785095403586158,196785095403586158
50,586,3988,3b114010,4558953419068718,4558953419068718,180320871220756434,180320871220756434
50,586,3989,3b115000,4524799981550274,4537194832452474,178169204657094462,178950080263933062
50,586,3990,3b124010,4657808572781154,4657808572781154,186548745904639902,186548745904639902
50,586,3991,3b125000,4733512402070256,4733512402070256,191318087149853328,191318087149853328
50,586,3992,3b144001,4638374874640944,4638374874640944,185324422921806672,185324422921806672
50,586,3993,3b144002,4740504372726084,4752899223628284,191758581301170492,192539456908009092
50,586,3994,3b144004,4716614065691550,4729008916593750,190253491957994850,191034367564833450
50,586,3995,3b144008,4760207768908500,4760207768908500,192999895260662700,192999895260662700
50,586,3996,3b144010,4638177723429924,4638177723429924,185312002395512412,185312002395512412
50,586,3997,3b144020,4735992641428524,4748387492330724,191474342229424212,192255217836262812
50,586,3998,3b144040,4728862513243524,4728862513243524,191025144153769212,191025144153769212
50,586,3999,3b144080,4982747833831974,4995142684734174,207019919350841562,207800794957680162
50,586,4000,3b144100,4803106452644796,4803106452644796,195702512336049348,195702512336049348
50,586,4001,3b144200,4720813424092826,4733208274995026,190518051537275238,191298927144113838
50,586,4002,3b144400,4814376531737796,4814376531737796,196412527318908348,196412527318908348
50,586,4003,3b144800,5123811467596500,5123811467596500,215906928278006700,215906928278006700
50,586,4004,3b145000,4656036810490146,4668431661392346,186437124880306398,187218000487144998
50,586,4005,3b146000,4891247184675660,4891247184675660,201255378453993780,201255378453993780
50,586,4006,3b14c000,4924674155410176,4924674155410176,203361277610268288,203361277610268288
50,586,4007,3b154000,4813092757645164,4825487608547364,196331649551072532,197112525157911132
50,586,4008,3b164000,5026346539060380,5026346539060380,209766637780231140,209766637780231140
50,586,4009,3b184010,4605773021828820,4605773021828820,183270506194642860,183270506194642860
50,586,4010,3b184040,4716442349418810,4716442349418810,190242673832812230,190242673832812230
50,586,4011,3b184100,4770249087005742,4770249087005742,193632498300788946,193632498300788946
50,586,4012,3b184400,4805340530877642,4805340530877642,195843259264718646,195843259264718646
50,586,4013,3b185000,4631182113511872,4643576964414072,184871278970675136,185652154577513736
50,586,4014,3b18c000,4876285580507142,4876285580507142,200312797391377146,200312797391377146
50,586,4015,3b1c4000,4972616692722396,4985011543624596,206381657460938148,207162533067776748
50,586,4016,3b304010,4209913469446860,4209913469446860,158331354394579380,158331354394579380
50,586,4017,3b305000,4698731368219872,4711126219122072,189126882017279136,189907757624117736
50,586,4018,3b344000,4586597763694116,4598992614596316,182062464932156508,182843340538995108
50,586,4019,3b484008,5023205879955784,5044503960362244,209568776256641592,210910555322248572
50,586,4020,3b504001,4492012168297212,4492012168297212,176103572422151556,176103572422151556
50,586,4021,3b504002,4652470289990064,4664865140892264,186212434088801232,186993309695639832
50,586,4022,3b504004,4654632705093102,4667027555995302,186348666240292626,187129541847131226
50,586,4023,3b504008,4606671018315264,4606671018315264,183327079973288832,183327079973288832
50,586,4024,3b504010,4573329011459454,4573329011459454,181226533541372802,181226533541372802
50,586,4025,3b504020,4704182328205704,4716577179107904,189470292496386552,190251168103225152
50,586,4026,3b504040,4663418437739784,4663418437739784,186902167397033592,186902167397033592
50,586,4027,3b504080,4894521309973002,4906916160875202,201461648347726326,202242523954564926
50,586,4028,3b504100,4736066148510660,4736066148510660,191478973175598780,191478973175598780
50,586,4029,3b504200,4627056139689674,4639450990591874,184611342619876662,185392218226715262
50,586,4030,3b504400,4700193011724720,4700193011724720,189218965558084560,189218965558084560
50,586,4031,3b504800,5085495348531138,5085495348531138,213493012776888894,213493012776888894
50,586,4032,3b505000,4577389318971960,4589784169874160,181482332914660680,182263208521499280
50,586,4033,3b506000,4901907116391090,4901907116391090,201926954152065870,201926954152065870
50,586,4034,3b50c000,4856550559929750,4856550559929750,199069491095001450,199069491095001450
50,586,4035,3b514000,4675523751364498,4687918602266698,187664802155390574,188445677762229174
50,586,4036,3b524000,4967500094482920,4967500094482920,206059311771851160,206059311771851160
50,586,4037,3b544000,4898281032814314,4910675883716514,201698510886728982,202479386493567582
50,586,4038,3b584000,4854031644440970,4866426495343170,198910799419208310,199691675026046910
50,586,4039,3b604400,4771551948186930,4785186284179350,193714578555203790,194573541722726250
50,586,4040,3b684000,4865968242995220,4894063238373540,199662805128126060,201432789836960220
50,586,4041,3b704000,4501934418339840,4514329269242040,176728674174837120,177509549781675720
50,586,4042,3b884001,5033123992454604,5046758328447024,210193617344067252,211052580511589712
50,586,4043,3b901001,4356134286518274,4356134286518274,167543265870078462,167543265870078462
50,586,4044,3b901008,4471630089439956,4471630089439956,174819501454144428,174819501454144428
50,586,4045,3b901400,4536784513802532,4536784513802532,178924230188986716,178924230188986716
50,586,4046,3b902001,4435422195790458,4435422195790458,172538404154226054,172538404154226054
50,586,4047,3b902002,4694939778552414,4694939778552414,188888011868229282,188888011868229282
50,586,4048,3b902004,4605117887968860,4605117887968860,183229232761465380,183229232761465380
50,586,4049,3b902008,4565408142356370,4565408142356370,180727518787878510,180727518787878510
50,586,4050,3b902010,4514349977978574,4514349977978574,177510854432077362,177510854432077362
50,586,4051,3b902020,4652728163125044,4652728163125044,186228680096304972,186228680096304972
50,586,4052,3b902040,4600689721715784,4600689721715784,182950258287521592,182950258287521592
50,586,4053,3b902080,4831028286403338,4831028286403338,197461587862837494,197461587862837494
50,586,4054,3b902100,4720849198832136,4720849198832136,190520305345851768,190520305345851768
50,586,4055,3b902200,4607016111756732,4607016111756732,183348820860101316,183348820860101316
50,586,4056,3b902400,4698976697581086,4698976697581086,189142337767035618,189142337767035618
50,586,4057,3b902800,5007935232732654,5007935232732654,208606725481584402,208606725481584402
50,586,4058,3b903000,4598957690895546,4598957690895546,182841140345846598,182841140345846598
50,586,4059,3b904002,4741174765869990,4753569616772190,191800816069236570,192581691676075170
50,586,4060,3b904004,4676901774575526,4689296625477726,187751617617685338,188532493224523938
50,586,4061,3b904010,4607587516552230,4607587516552230,183384819362217690,183384819362217690
50,586,4062,3b904200,4755656706597872,4768051557500072,192713178335093136,193494053941931736
50,586,4063,3b905000,4659092781819462,4671487632721662,186629651074053306,187410526680891906
50,586,4064,3b906000,4861755151653666,4861755151653666,199397380373608158,199397380373608158
50,586,4065,3b90a000,4804532463758016,4804532463758016,195792351036182208,195792351036182208
50,586,4066,3b912000,4662268032894738,4662268032894738,186829691891795694,186829691891795694
50,586,4067,3b921000,4741626049524996,4741626049524996,191829246939501948,191829246939501948
50,586,4068,3b922000,5011195218197886,5011195218197886,208812104565894018,208812104565894018
50,586,4069,3b942000,4856792087396430,4856792087396430,199084707325402290,199084707325402290
50,586,4070,3b944000,4946702739571446,4959097590473646,204749078412428298,205529954019266898
50,586,4071,3b980002,4763715411168720,4776110262070920,193220876723056560,194001752329895160
50,586,4072,3b980004,4645227578575356,4657622429477556,185756143269674628,186537018876513228
50,586,4073,3b980080,4983195239116614,4995590090018814,207048105883773882,207828981490612482
50,586,4074,3b980200,4728433913592702,4740828764494902,190998142375767426,191779017982606026
50,586,4075,3b981000,4675755144683172,4688149995585372,187679379934467036,188460255541305636
50,586,4076,3b982000,4846866876225996,4846866876225996,198459419021664948,198459419021664948
50,586,4077,3b984000,4922947913292822,4935342764195022,203252524356874986,204033399963713586
50,586,4078,3bb01000,4666343830388232,4678738681290432,187086467133885816,187867342740724416
50,586,4079,3bb02000,4445868031450446,4445868031450446,173196491800805298,173196491800805298
50,586,4080,3bb80000,4562691399950352,4575086250852552,180556364016299376,181337239623137976
50,586,4081,3bc84000,5276734617424890,5304829612803210,225541086717195270,227311071426029430
50,586,4082,3bd02000,4863657997043790,4863657997043790,199517259633185970,199517259633185970
50,586,4083,3bd04000,4853249243143050,4865644094045250,198861508137439350,199642383744277950
50,586,4084,3d101404,4694324881231318,4694324881231318,188849273337000234,188849273337000234
50,586,4085,3f104010,4593459310114590,4593459310114590,182494742356646370,182494742356646370
50,586,4086,3f105000,4573513175004976,4585908025907176,181238135844740688,182019011451579288
50,586,4087,3f144000,4898080873661000,4910475724563200,201685900860070200,202466776466908800
50,586,4088,3f504000,4758991876999170,4771386727901370,192923294070374910,193704169677213510
50,586,4089,3f902000,4760506182792290,4760506182792290,193018695335341470,193018695335341470
