1 0 0 6 1
2 9 7 3 1
3 8 5 2 1
4 42 36 3 1
5 105 94 3 1
6 44 36 3 1
7 45 36 3 1
8 77 65 3 1
9 124 108 3 1
10 125 108 3 1
11 126 108 3 1
12 86 70 5 1
13 160 138 3 1
14 161 138 3 1
15 239 210 3 1
16 240 210 3 1
17 241 210 3 1
18 242 210 3 1
19 306 269 3 1
20 244 210 3 1
21 245 210 3 1
22 325 284 3 1
23 247 210 3 1
24 311 269 3 1
25 312 269 3 1
26 329 284 3 1
27 314 269 3 1
28 315 269 3 1
29 394 342 3 1
30 426 371 3 1
31 347 296 2 1
32 428 371 3 1
33 349 296 2 1
34 570 502 3 1
35 571 502 3 1
36 461 398 2 1
37 353 296 2 1
38 463 398 2 1
39 464 398 2 1
40 597 522 5 1
41 598 522 5 1
42 599 522 5 1
43 600 522 5 1
44 469 398 2 1
45 602 522 5 1
46 471 398 2 1
47 723 633 3 1
48 785 690 2 1
49 786 690 2 1
50 726 633 3 1
51 727 633 3 1
52 789 690 2 1
53 745 648 3 1
54 581 494 6 1
55 731 633 3 1
56 732 633 3 1
57 794 690 2 1
58 750 648 3 1
59 735 633 3 1
60 736 633 3 1
61 737 633 3 1
62 738 633 3 1
63 739 633 3 1
64 801 690 2 1
65 802 690 2 1
66 1052 923 2 1
67 743 633 3 1
68 744 633 3 1
69 1119 983 3 1
70 1120 983 3 1
71 950 823 3 1
72 1122 983 3 1
73 952 823 3 1
74 953 823 3 1
75 954 823 3 1
76 1126 983 3 1
77 1127 983 3 1
78 1128 983 3 1
79 1129 983 3 1
80 1130 983 3 1
81 1287 1129 3 1
82 1288 1129 3 1
83 962 823 3 1
84 963 823 3 1
85 1291 1129 3 1
86 1292 1129 3 1
87 1293 1129 3 1
88 1294 1129 3 1
89 1295 1129 3 1
90 1145 988 5 1
91 1146 988 5 1
92 1147 988 5 1
93 1413 1236 5 1
94 1414 1236 5 1
95 1415 1236 5 1
96 1302 1129 3 1
97 1303 1129 3 1
98 1304 1129 3 1
99 1419 1236 5 1
100 1420 1236 5 1
101 1421 1236 5 1
102 1422 1236 5 1
103 1423 1236 5 1
104 1424 1236 5 1
105 1425 1236 5 1
106 1426 1236 5 1
107 1427 1236 5 1
108 1428 1236 5 1
109 1429 1236 5 1
110 1430 1236 5 1
111 1758 1542 5 1
112 1759 1542 5 1
113 1433 1236 5 1
114 1434 1236 5 1
115 1762 1542 5 1
116 1436 1236 5 1
117 1437 1236 5 1
118 1438 1236 5 1
119 1439 1236 5 1
120 1440 1236 5 1
121 1467 1260 3 1
122 1468 1260 3 1
123 1469 1260 3 1
124 1470 1260 3 1
125 1772 1542 5 1
126 1773 1542 5 1
127 1774 1542 5 1
128 1775 1542 5 1
129 1760 1527 5 1
130 1761 1527 5 1
131 1762 1527 5 1
132 1763 1527 5 1
133 1764 1527 5 1
134 1765 1527 5 1
135 1766 1527 5 1
136 1767 1527 5 1
137 1768 1527 5 1
138 1769 1527 5 1
139 1770 1527 5 1
140 1771 1527 5 1
141 1772 1527 5 1
142 1773 1527 5 1
143 1774 1527 5 1
144 1775 1527 5 1
145 1776 1527 5 1
146 2364 2076 3 1
147 2365 2076 3 1
148 2366 2076 3 1
149 2294 2008 5 1
150 2368 2076 3 1
151 2369 2076 3 1
152 2370 2076 3 1
153 2298 2008 5 1
154 2299 2008 5 1
155 2300 2008 5 1
156 2301 2008 5 1
157 2375 2076 3 1
158 2159 1873 3 1
159 2377 2076 3 1
160 2305 2008 5 1
161 2306 2008 5 1
162 2307 2008 5 1
163 2381 2076 3 1
164 2309 2008 5 1
165 2310 2008 5 1
166 2311 2008 5 1
167 2385 2076 3 1
168 2386 2076 3 1
169 2387 2076 3 1
170 2388 2076 3 1
171 2389 2076 3 1
172 2317 2008 5 1
173 2391 2076 3 1
174 2392 2076 3 1
175 2393 2076 3 1
176 2539 2212 5 1
177 2540 2212 5 1
178 2541 2212 5 1
179 2542 2212 5 1
180 2398 2076 3 1
181 2399 2076 3 1
182 2400 2076 3 1
183 2951 2591 5 1
184 2547 2212 5 1
185 2548 2212 5 1
186 2549 2212 5 1
187 2405 2076 3 1
188 2551 2212 5 1
189 2552 2212 5 1
190 2553 2212 5 1
191 2959 2591 5 1
192 2555 2212 5 1
193 2556 2212 5 1
194 2557 2212 5 1
195 2558 2212 5 1
196 2559 2212 5 1
197 2560 2212 5 1
198 2561 2212 5 1
199 2562 2212 5 1
200 2968 2591 5 1
201 2969 2591 5 1
202 2970 2591 5 1
203 2971 2591 5 1
204 2972 2591 5 1
205 2568 2212 5 1
206 2790 2419 7 1
207 2975 2591 5 1
208 2792 2419 7 1
209 2793 2419 7 1
210 2794 2419 7 1
211 2979 2591 5 1
212 2980 2591 5 1
213 2797 2419 7 1
214 2982 2591 5 1
215 2799 2419 7 1
216 2984 2591 5 1
217 2985 2591 5 1
218 3541 3110 3 1
219 3542 3110 3 1
220 3543 3110 3 1
221 3176 2766 5 1
222 3177 2766 5 1
223 3178 2766 5 1
224 3179 2766 5 1
225 3180 2766 5 1
226 3181 2766 5 1
227 3182 2766 5 1
228 3183 2766 5 1
229 3184 2766 5 1
230 3185 2766 5 1
231 3186 2766 5 1
232 3187 2766 5 1
233 2817 2419 7 1
234 3189 2766 5 1
235 3190 2766 5 1
236 3191 2766 5 1
237 3192 2766 5 1
238 3193 2766 5 1
239 2823 2419 7 1
240 3195 2766 5 1
241 3564 3110 3 1
242 3565 3110 3 1
243 3198 2766 5 1
244 3199 2766 5 1
245 3200 2766 5 1
246 3569 3110 3 1
247 3570 3110 3 1
248 3571 3110 3 1
249 3572 3110 3 1
250 3573 3110 3 1
251 3595 3130 5 1
252 3596 3130 5 1
253 3576 3110 3 1
254 3598 3130 5 1
255 3599 3130 5 1
256 3579 3110 3 1
257 3580 3110 3 1
258 3581 3110 3 1
259 3582 3110 3 1
260 3604 3130 5 1
261 3787 3300 3 1
262 3606 3130 5 1
263 3607 3130 5 1
264 3790 3300 3 1
265 3609 3130 5 1
266 3610 3130 5 1
267 3793 3300 3 1
268 3794 3300 3 1
269 3795 3300 3 1
270 3796 3300 3 1
271 3424 2951 3 1
272 3425 2951 3 1
273 3426 2951 3 1
274 3427 2951 3 1
275 3801 3300 3 1
276 3802 3300 3 1
277 3430 2951 3 1
278 3431 2951 3 1
279 3805 3300 3 1
280 3806 3300 3 1
281 3807 3300 3 1
282 3808 3300 3 1
283 3809 3300 3 1
284 3810 3300 3 1
285 3973 3452 6 1
286 3812 3300 3 1
287 3813 3300 3 1
288 3814 3300 3 1
289 3815 3300 3 1
290 3978 3452 6 1
291 3817 3300 3 1
292 3818 3300 3 1
293 4271 3723 3 1
294 4272 3723 3 1
295 4273 3723 3 1
296 4119 3578 3 1
297 4120 3578 3 1
298 4121 3578 3 1
299 3825 3300 3 1
300 3826 3300 3 1
301 3827 3300 3 1
302 3828 3300 3 1
303 3829 3300 3 1
304 4282 3723 3 1
305 3831 3300 3 1
306 3832 3300 3 1
307 4285 3723 3 1
308 4286 3723 3 1
309 4287 3723 3 1
310 4288 3723 3 1
311 4289 3723 3 1
312 4290 3723 3 1
313 4291 3723 3 1
314 4292 3723 3 1
315 4293 3723 3 1
316 4294 3723 3 1
317 4295 3723 3 1
318 4622 4028 3 1
319 4623 4028 3 1
320 4298 3723 3 1
321 4299 3723 3 1
322 4300 3723 3 1
323 4627 4028 3 1
324 4302 3723 3 1
325 4629 4028 3 1
326 4630 4028 3 1
327 4631 4028 3 1
328 4850 4232 3 1
329 4851 4232 3 1
330 4634 4028 3 1
331 4635 4028 3 1
332 4636 4028 3 1
333 4637 4028 3 1
334 4638 4028 3 1
335 4639 4028 3 1
336 4640 4028 3 1
337 4641 4028 3 1
338 4642 4028 3 1
339 4643 4028 3 1
340 4644 4028 3 1
341 4645 4028 3 1
342 4646 4028 3 1
343 4647 4028 3 1
344 4648 4028 3 1
345 4649 4028 3 1
346 4650 4028 3 1
347 4651 4028 3 1
348 4652 4028 3 1
349 4653 4028 3 1
350 4654 4028 3 1
351 4655 4028 3 1
352 4656 4028 3 1
353 4657 4028 3 1
354 4658 4028 3 1
355 4723 4088 3 1
356 4724 4088 3 1
357 4725 4088 3 1
358 4726 4088 3 1
359 4727 4088 3 1
360 4728 4088 3 1
361 4729 4088 3 1
362 4730 4088 3 1
363 4731 4088 3 1
364 4732 4088 3 1
365 4733 4088 3 1
366 4734 4088 3 1
367 4735 4088 3 1
368 5176 4500 5 1
369 5177 4500 5 1
370 5178 4500 5 1
371 5179 4500 5 1
372 4962 4296 5 1
373 5181 4500 5 1
374 5182 4500 5 1
375 4965 4296 5 1
376 5184 4500 5 1
377 5185 4500 5 1
378 5186 4500 5 1
379 5187 4500 5 1
380 4970 4296 5 1
381 5189 4500 5 1
382 5738 5013 7 1
383 5191 4500 5 1
384 5740 5013 7 1
385 5741 5013 7 1
386 4976 4296 5 1
387 5195 4500 5 1
388 4978 4296 5 1
389 5745 5013 7 1
390 4980 4296 5 1
391 4981 4296 5 1
392 4982 4296 5 1
393 4983 4296 5 1
394 5202 4500 5 1
395 5751 5013 7 1
396 5204 4500 5 1
397 5205 4500 5 1
398 5206 4500 5 1
399 5207 4500 5 1
400 5756 5013 7 1
401 5757 5013 7 1
402 5210 4500 5 1
403 5211 4500 5 1
404 5212 4500 5 1
405 5213 4500 5 1
406 5214 4500 5 1
407 5763 5013 7 1
408 5764 5013 7 1
409 5765 5013 7 1
410 5766 5013 7 1
411 5767 5013 7 1
412 5768 5013 7 1
413 5769 5013 7 1
414 5770 5013 7 1
415 5771 5013 7 1
416 5224 4500 5 1
417 5225 4500 5 1
418 5774 5013 7 1
419 5227 4500 5 1
420 5228 4500 5 1
421 5229 4500 5 1
422 5778 5013 7 1
423 6324 5523 7 1
424 5780 5013 7 1
425 5781 5013 7 1
426 5782 5013 7 1
427 5783 5013 7 1
428 5784 5013 7 1
429 5785 5013 7 1
430 5786 5013 7 1
431 5787 5013 7 1
432 5240 4500 5 1
433 6334 5523 7 1
434 6335 5523 7 1
435 6336 5523 7 1
436 5792 5013 7 1
437 6338 5523 7 1
438 5794 5013 7 1
439 5795 5013 7 1
440 6341 5523 7 1
441 6342 5523 7 1
442 6343 5523 7 1
443 5799 5013 7 1
444 5800 5013 7 1
445 5801 5013 7 1
446 5802 5013 7 1
447 6348 5523 7 1
448 6349 5523 7 1
449 5805 5013 7 1
450 6351 5523 7 1
451 6352 5523 7 1
452 5808 5013 7 1
453 6354 5523 7 1
454 6355 5523 7 1
455 6356 5523 7 1
456 6357 5523 7 1
457 6358 5523 7 1
458 5814 5013 7 1
459 6360 5523 7 1
460 6361 5523 7 1
461 6362 5523 7 1
462 6363 5523 7 1
463 6364 5523 7 1
464 6365 5523 7 1
465 6366 5523 7 1
466 6367 5523 7 1
467 6368 5523 7 1
468 6369 5523 7 1
469 6370 5523 7 1
470 6371 5523 7 1
471 6372 5523 7 1
472 6373 5523 7 1
473 6374 5523 7 1
474 6375 5523 7 1
475 6376 5523 7 1
476 6377 5523 7 1
477 6378 5523 7 1
478 6379 5523 7 1
479 6380 5523 7 1
480 6381 5523 7 1
481 6382 5523 7 1
482 6640 5763 3 1
483 6641 5763 3 1
484 6642 5763 3 1
485 6643 5763 3 1
486 6644 5763 3 1
487 6645 5763 3 1
488 6646 5763 3 1
489 6647 5763 3 1
490 6648 5763 3 1
491 6649 5763 3 1
492 6650 5763 3 1
493 6394 5523 7 1
494 7383 6447 3 1
495 6653 5763 3 1
496 6654 5763 3 1
497 6655 5763 3 1
498 6656 5763 3 1
499 6657 5763 3 1
500 7389 6447 3 1
501 6954 6039 3 1
502 6660 5763 3 1
503 6956 6039 3 1
504 6957 6039 3 1
505 6663 5763 3 1
506 6664 5763 3 1
507 7459 6506 3 1
508 7460 6506 3 1
509 7461 6506 3 1
510 7462 6506 3 1
511 7463 6506 3 1
512 7464 6506 3 1
513 6966 6039 3 1
514 7466 6506 3 1
515 7467 6506 3 1
516 6969 6039 3 1
517 6970 6039 3 1
518 6971 6039 3 1
519 6972 6039 3 1
520 6973 6039 3 1
521 6974 6039 3 1
522 6975 6039 3 1
523 6976 6039 3 1
524 7476 6506 3 1
525 7477 6506 3 1
526 6979 6039 3 1
527 7479 6506 3 1
528 6981 6039 3 1
529 7481 6506 3 1
530 7482 6506 3 1
531 7483 6506 3 1
532 7484 6506 3 1
533 7485 6506 3 1
534 7486 6506 3 1
535 7487 6506 3 1
536 7488 6506 3 1
537 7489 6506 3 1
538 7490 6506 3 1
539 7491 6506 3 1
540 7492 6506 3 1
541 7493 6506 3 1
542 7829 6820 7 1
543 7495 6506 3 1
544 7496 6506 3 1
545 7497 6506 3 1
546 7498 6506 3 1
547 7499 6506 3 1
548 7500 6506 3 1
549 7501 6506 3 1
550 7502 6506 3 1
551 7503 6506 3 1
552 7504 6506 3 1
553 7505 6506 3 1
554 7841 6820 7 1
555 7507 6506 3 1
556 7843 6820 7 1
557 7844 6820 7 1
558 7845 6820 7 1
559 7846 6820 7 1
560 7847 6820 7 1
561 7848 6820 7 1
562 7784 6759 5 1
563 7850 6820 7 1
564 7851 6820 7 1
565 7852 6820 7 1
566 7853 6820 7 1
567 7854 6820 7 1
568 7855 6820 7 1
569 7791 6759 5 1
570 7792 6759 5 1
571 7793 6759 5 1
572 7859 6820 7 1
573 7860 6820 7 1
574 7861 6820 7 1
575 7862 6820 7 1
576 7863 6820 7 1
577 7864 6820 7 1
578 7865 6820 7 1
579 7866 6820 7 1
580 7867 6820 7 1
581 7868 6820 7 1
582 7869 6820 7 1
583 8640 7540 3 1
584 7871 6820 7 1
585 7872 6820 7 1
586 7873 6820 7 1
587 7874 6820 7 1
588 7875 6820 7 1
589 7876 6820 7 1
590 8647 7540 3 1
591 7878 6820 7 1
592 7879 6820 7 1
593 8650 7540 3 1
594 7881 6820 7 1
595 7882 6820 7 1
596 7883 6820 7 1
597 7884 6820 7 1
598 8655 7540 3 1
599 8656 7540 3 1
600 8657 7540 3 1
601 8658 7540 3 1
602 8659 7540 3 1
603 8660 7540 3 1
604 8661 7540 3 1
605 8662 7540 3 1
606 8663 7540 3 1
607 8664 7540 3 1
608 8665 7540 3 1
609 8666 7540 3 1
610 8558 7438 3 1
611 8559 7438 3 1
612 8669 7540 3 1
613 8561 7438 3 1
614 8671 7540 3 1
615 9218 8051 3 1
616 9219 8051 3 1
617 9220 8051 3 1
618 9221 8051 3 1
619 9222 8051 3 1
620 9223 8051 3 1
621 9224 8051 3 1
622 9225 8051 3 1
623 9226 8051 3 1
624 9227 8051 3 1
625 9228 8051 3 1
626 9229 8051 3 1
627 9230 8051 3 1
628 9231 8051 3 1
629 9232 8051 3 1
630 9233 8051 3 1
631 9234 8051 3 1
632 9235 8051 3 1
633 9236 8051 3 1
634 9237 8051 3 1
635 9238 8051 3 1
636 9239 8051 3 1
637 9240 8051 3 1
638 9241 8051 3 1
639 9242 8051 3 1
640 9243 8051 3 1
641 9244 8051 3 1
642 9245 8051 3 1
643 9246 8051 3 1
644 9247 8051 3 1
645 9248 8051 3 1
646 9249 8051 3 1
647 9250 8051 3 1
648 9251 8051 3 1
649 9252 8051 3 1
650 9253 8051 3 1
651 9254 8051 3 1
652 9255 8051 3 1
653 9256 8051 3 1
654 9257 8051 3 1
655 9258 8051 3 1
656 9259 8051 3 1
657 9260 8051 3 1
658 9261 8051 3 1
659 9262 8051 3 1
660 9263 8051 3 1
661 9264 8051 3 1
662 9265 8051 3 1
663 9266 8051 3 1
664 9267 8051 3 1
665 9268 8051 3 1
666 9269 8051 3 1
667 9270 8051 3 1
668 9271 8051 3 1
669 9272 8051 3 1
670 9273 8051 3 1
671 9274 8051 3 1
672 9275 8051 3 1
673 9276 8051 3 1
674 9277 8051 3 1
675 9278 8051 3 1
676 9279 8051 3 1
677 9280 8051 3 1
678 9187 7963 3 1
679 9188 7963 3 1
680 9817 8551 5 1
681 9190 7963 3 1
682 9191 7963 3 1
683 9820 8551 5 1
684 9193 7963 3 1
685 9822 8551 5 1
686 9823 8551 5 1
687 9196 7963 3 1
688 9291 8051 3 1
689 9292 8051 3 1
690 9199 7963 3 1
691 9200 7963 3 1
692 9201 7963 3 1
693 9202 7963 3 1
694 9203 7963 3 1
695 9204 7963 3 1
696 9205 7963 3 1
697 9206 7963 3 1
698 9207 7963 3 1
699 9836 8551 5 1
700 9837 8551 5 1
701 9210 7963 3 1
702 9305 8051 3 1
703 9306 8051 3 1
704 9307 8051 3 1
705 9308 8051 3 1
706 9215 7963 3 1
707 9216 7963 3 1
708 9311 8051 3 1
709 9846 8551 5 1
710 9847 8551 5 1
711 9220 7963 3 1
712 9849 8551 5 1
713 9850 8551 5 1
714 9851 8551 5 1
715 9852 8551 5 1
716 9225 7963 3 1
717 9854 8551 5 1
718 9855 8551 5 1
719 9856 8551 5 1
720 9857 8551 5 1
721 9858 8551 5 1
722 9859 8551 5 1
723 9860 8551 5 1
724 9861 8551 5 1
725 10111 8784 5 1
726 9863 8551 5 1
727 10113 8784 5 1
728 10114 8784 5 1
729 10115 8784 5 1
730 9867 8551 5 1
731 10117 8784 5 1
732 10118 8784 5 1
733 10119 8784 5 1
734 10120 8784 5 1
735 10121 8784 5 1
736 10122 8784 5 1
737 10123 8784 5 1
738 10124 8784 5 1
739 10125 8784 5 1
740 10126 8784 5 1
741 10127 8784 5 1
742 10128 8784 5 1
743 10129 8784 5 1
744 10130 8784 5 1
745 9882 8551 5 1
746 9883 8551 5 1
747 10133 8784 5 1
748 10134 8784 5 1
749 10135 8784 5 1
750 10136 8784 5 1
751 10137 8784 5 1
752 10138 8784 5 1
753 10139 8784 5 1
754 10140 8784 5 1
755 10191 8831 7 1
756 10192 8831 7 1
757 10143 8784 5 1
758 10144 8784 5 1
759 10145 8784 5 1
760 10196 8831 7 1
761 10147 8784 5 1
762 10148 8784 5 1
763 10149 8784 5 1
764 10200 8831 7 1
765 10151 8784 5 1
766 10202 8831 7 1
767 10203 8831 7 1
768 10204 8831 7 1
769 10841 9426 5 1
770 10842 9426 5 1
771 10843 9426 5 1
772 10208 8831 7 1
773 10845 9426 5 1
774 10210 8831 7 1
775 10847 9426 5 1
776 10848 9426 5 1
777 10849 9426 5 1
778 10850 9426 5 1
779 10851 9426 5 1
780 10852 9426 5 1
781 10853 9426 5 1
782 10854 9426 5 1
783 10855 9426 5 1
784 10856 9426 5 1
785 10857 9426 5 1
786 10858 9426 5 1
787 10859 9426 5 1
788 10860 9426 5 1
789 10861 9426 5 1
790 10862 9426 5 1
791 10863 9426 5 1
792 10864 9426 5 1
793 10865 9426 5 1
794 10866 9426 5 1
795 10867 9426 5 1
796 10868 9426 5 1
797 10233 8831 7 1
798 10234 8831 7 1
799 10871 9426 5 1
800 10872 9426 5 1
801 10873 9426 5 1
802 10874 9426 5 1
803 10875 9426 5 1
804 10876 9426 5 1
805 10877 9426 5 1
806 10878 9426 5 1
807 10879 9426 5 1
808 10880 9426 5 1
809 10881 9426 5 1
810 10882 9426 5 1
811 10883 9426 5 1
812 10884 9426 5 1
813 10885 9426 5 1
814 10886 9426 5 1
815 10887 9426 5 1
816 10888 9426 5 1
817 10889 9426 5 1
818 10890 9426 5 1
819 10891 9426 5 1
820 10892 9426 5 1
821 11199 9712 3 1
822 12298 10740 7 1
823 12299 10740 7 1
824 12300 10740 7 1
825 11203 9712 3 1
826 11204 9712 3 1
827 12303 10740 7 1
828 11206 9712 3 1
829 11207 9712 3 1
830 11208 9712 3 1
831 11209 9712 3 1
832 11210 9712 3 1
833 11211 9712 3 1
834 12310 10740 7 1
835 12311 10740 7 1
836 12312 10740 7 1
837 12313 10740 7 1
838 12314 10740 7 1
839 12315 10740 7 1
840 12316 10740 7 1
841 12317 10740 7 1
842 11220 9712 3 1
843 12319 10740 7 1
844 12320 10740 7 1
845 11223 9712 3 1
846 11224 9712 3 1
847 11225 9712 3 1
848 11226 9712 3 1
849 11227 9712 3 1
850 11228 9712 3 1
851 12327 10740 7 1
852 11230 9712 3 1
853 12329 10740 7 1
854 12330 10740 7 1
855 11233 9712 3 1
856 11234 9712 3 1
857 12333 10740 7 1
858 12334 10740 7 1
859 12335 10740 7 1
860 12336 10740 7 1
861 12337 10740 7 1
862 12338 10740 7 1
863 11241 9712 3 1
864 12340 10740 7 1
865 12341 10740 7 1
866 12342 10740 7 1
867 11245 9712 3 1
868 11246 9712 3 1
869 12345 10740 7 1
870 12346 10740 7 1
871 12347 10740 7 1
872 12348 10740 7 1
873 12349 10740 7 1
874 12350 10740 7 1
875 12351 10740 7 1
876 12352 10740 7 1
877 12353 10740 7 1
878 12354 10740 7 1
879 12355 10740 7 1
880 12356 10740 7 1
881 12357 10740 7 1
882 12358 10740 7 1
883 12359 10740 7 1
884 12360 10740 7 1
885 12361 10740 7 1
886 12362 10740 7 1
887 12363 10740 7 1
888 12364 10740 7 1
889 12365 10740 7 1
890 12366 10740 7 1
891 12367 10740 7 1
892 12368 10740 7 1
893 12369 10740 7 1
894 12370 10740 7 1
895 12586 10941 5 1
896 12587 10941 5 1
897 12373 10740 7 1
898 12374 10740 7 1
899 12375 10740 7 1
900 12376 10740 7 1
901 12377 10740 7 1
902 12593 10941 5 1
903 12594 10941 5 1
904 12595 10941 5 1
905 12596 10941 5 1
906 12597 10941 5 1
907 12598 10941 5 1
908 12384 10740 7 1
909 12385 10740 7 1
910 12386 10740 7 1
911 12602 10941 5 1
912 12603 10941 5 1
913 12604 10941 5 1
914 12605 10941 5 1
915 12606 10941 5 1
916 12607 10941 5 1
917 12608 10941 5 1
918 12609 10941 5 1
919 12610 10941 5 1
920 12611 10941 5 1
921 12612 10941 5 1
922 12613 10941 5 1
923 12614 10941 5 1
924 12615 10941 5 1
925 12616 10941 5 1
926 12617 10941 5 1
927 12618 10941 5 1
928 12619 10941 5 1
929 12620 10941 5 1
930 12621 10941 5 1
931 12622 10941 5 1
932 12623 10941 5 1
933 12624 10941 5 1
934 12625 10941 5 1
935 12626 10941 5 1
936 12627 10941 5 1
937 12628 10941 5 1
938 12629 10941 5 1
939 12630 10941 5 1
940 13285 11553 5 1
941 12632 10941 5 1
942 12633 10941 5 1
943 12634 10941 5 1
944 12635 10941 5 1
945 12636 10941 5 1
946 12637 10941 5 1
947 12638 10941 5 1
948 12639 10941 5 1
949 13294 11553 5 1
950 12641 10941 5 1
951 12642 10941 5 1
952 12643 10941 5 1
953 13298 11553 5 1
954 13299 11553 5 1
955 13300 11553 5 1
956 13301 11553 5 1
957 13302 11553 5 1
958 13303 11553 5 1
959 13304 11553 5 1
960 13305 11553 5 1
961 13306 11553 5 1
962 13307 11553 5 1
963 13308 11553 5 1
964 13309 11553 5 1
965 13310 11553 5 1
966 13311 11553 5 1
967 13312 11553 5 1
968 13313 11553 5 1
969 13314 11553 5 1
970 13315 11553 5 1
971 13316 11553 5 1
972 14065 12253 5 1
973 14066 12253 5 1
974 13319 11553 5 1
975 13320 11553 5 1
976 13321 11553 5 1
977 13322 11553 5 1
978 13323 11553 5 1
979 13324 11553 5 1
980 13325 11553 5 1
981 13414 11635 3 1
982 14075 12253 5 1
983 14076 12253 5 1
984 13417 11635 3 1
985 14078 12253 5 1
986 14079 12253 5 1
987 14080 12253 5 1
988 13333 11553 5 1
989 13334 11553 5 1
990 13335 11553 5 1
991 13336 11553 5 1
992 13337 11553 5 1
993 13338 11553 5 1
994 13339 11553 5 1
995 13340 11553 5 1
996 13341 11553 5 1
997 13342 11553 5 1
998 13343 11553 5 1
999 13344 11553 5 1
1000 13345 11553 5 1
1001 13346 11553 5 1
1002 13347 11553 5 1
1003 13348 11553 5 1
1004 13349 11553 5 1
1005 13350 11553 5 1
1006 13351 11553 5 1
1007 13352 11553 5 1
1008 13353 11553 5 1
1009 13354 11553 5 1
1010 13355 11553 5 1
1011 13356 11553 5 1
1012 13357 11553 5 1
1013 13358 11553 5 1
1014 13359 11553 5 1
1015 13360 11553 5 1
1016 13361 11553 5 1
1017 14110 12253 5 1
1018 14111 12253 5 1
1019 14112 12253 5 1
1020 14113 12253 5 1
1021 14114 12253 5 1
1022 14115 12253 5 1
1023 14116 12253 5 1
1024 14117 12253 5 1
1025 14118 12253 5 1
1026 14119 12253 5 1
1027 14120 12253 5 1
1028 14121 12253 5 1
1029 14122 12253 5 1
1030 14123 12253 5 1
1031 14124 12253 5 1
1032 14125 12253 5 1
1033 14126 12253 5 1
1034 14127 12253 5 1
1035 14128 12253 5 1
1036 14129 12253 5 1
1037 14130 12253 5 1
1038 14131 12253 5 1
1039 14132 12253 5 1
1040 14133 12253 5 1
1041 14134 12253 5 1
1042 14135 12253 5 1
1043 14136 12253 5 1
1044 14568 12656 3 1
1045 14138 12253 5 1
1046 14570 12656 3 1
1047 14140 12253 5 1
1048 14141 12253 5 1
1049 14142 12253 5 1
1050 14143 12253 5 1
1051 14144 12253 5 1
1052 14145 12253 5 1
1053 14146 12253 5 1
1054 14578 12656 3 1
1055 14148 12253 5 1
1056 14149 12253 5 1
1057 14150 12253 5 1
1058 14151 12253 5 1
1059 14152 12253 5 1
1060 14153 12253 5 1
1061 14585 12656 3 1
1062 14155 12253 5 1
1063 14156 12253 5 1
1064 14157 12253 5 1
1065 14158 12253 5 1
1066 14159 12253 5 1
1067 14591 12656 3 1
1068 14161 12253 5 1
1069 14162 12253 5 1
1070 14594 12656 3 1
1071 14595 12656 3 1
1072 14596 12656 3 1
1073 14166 12253 5 1
1074 14598 12656 3 1
1075 14599 12656 3 1
1076 14600 12656 3 1
1077 14601 12656 3 1
1078 14602 12656 3 1
1079 14603 12656 3 1
1080 14604 12656 3 1
1081 14605 12656 3 1
1082 14606 12656 3 1
1083 14607 12656 3 1
1084 14608 12656 3 1
1085 14609 12656 3 1
1086 14610 12656 3 1
1087 14611 12656 3 1
1088 15624 13603 3 1
1089 14613 12656 3 1
1090 14614 12656 3 1
1091 14615 12656 3 1
1092 14616 12656 3 1
1093 14617 12656 3 1
1094 14618 12656 3 1
1095 14619 12656 3 1
1096 15632 13603 3 1
1097 14621 12656 3 1
1098 14622 12656 3 1
1099 14623 12656 3 1
1100 14624 12656 3 1
1101 15637 13603 3 1
1102 15638 13603 3 1
1103 14627 12656 3 1
1104 15640 13603 3 1
1105 15641 13603 3 1
1106 15642 13603 3 1
1107 15643 13603 3 1
1108 15644 13603 3 1
1109 15645 13603 3 1
1110 15646 13603 3 1
1111 15647 13603 3 1
1112 15648 13603 3 1
1113 15649 13603 3 1
1114 15650 13603 3 1
1115 15651 13603 3 1
1116 15652 13603 3 1
1117 15653 13603 3 1
1118 15654 13603 3 1
1119 15655 13603 3 1
1120 15656 13603 3 1
1121 15657 13603 3 1
1122 15658 13603 3 1
1123 15659 13603 3 1
1124 15660 13603 3 1
1125 15661 13603 3 1
1126 15662 13603 3 1
1127 15663 13603 3 1
1128 15664 13603 3 1
1129 15665 13603 3 1
1130 15666 13603 3 1
1131 15667 13603 3 1
1132 15668 13603 3 1
1133 15669 13603 3 1
1134 15670 13603 3 1
1135 15671 13603 3 1
1136 15672 13603 3 1
1137 15673 13603 3 1
1138 15674 13603 3 1
1139 15675 13603 3 1
1140 15676 13603 3 1
1141 15677 13603 3 1
1142 15678 13603 3 1
1143 15679 13603 3 1
1144 15680 13603 3 1
1145 15681 13603 3 1
1146 15682 13603 3 1
1147 15683 13603 3 1
1148 15684 13603 3 1
1149 15685 13603 3 1
1150 15686 13603 3 1
1151 15687 13603 3 1
1152 15688 13603 3 1
1153 15689 13603 3 1
1154 15690 13603 3 1
1155 15691 13603 3 1
1156 15692 13603 3 1
1157 15693 13603 3 1
1158 15694 13603 3 1
1159 15695 13603 3 1
1160 15696 13603 3 1
1161 15697 13603 3 1
1162 15698 13603 3 1
1163 15699 13603 3 1
1164 15700 13603 3 1
1165 15701 13603 3 1
1166 15702 13603 3 1
1167 15703 13603 3 1
1168 15704 13603 3 1
1169 15705 13603 3 1
1170 15706 13603 3 1
1171 15707 13603 3 1
1172 15708 13603 3 1
1173 15709 13603 3 1
1174 15710 13603 3 1
1175 17036 14843 3 1
1176 17037 14843 3 1
1177 17038 14843 3 1
1178 17039 14843 3 1
1179 17040 14843 3 1
1180 15716 13603 3 1
1181 17042 14843 3 1
1182 17043 14843 3 1
1183 17044 14843 3 1
1184 17045 14843 3 1
1185 15721 13603 3 1
1186 17047 14843 3 1
1187 17048 14843 3 1
1188 17049 14843 3 1
1189 17050 14843 3 1
1190 17051 14843 3 1
1191 17052 14843 3 1
1192 17053 14843 3 1
1193 17054 14843 3 1
1194 17055 14843 3 1
1195 17056 14843 3 1
1196 15732 13603 3 1
1197 15733 13603 3 1
1198 15734 13603 3 1
1199 15735 13603 3 1
1200 15736 13603 3 1
1201 15737 13603 3 1
1202 17063 14843 3 1
1203 15739 13603 3 1
1204 15740 13603 3 1
1205 17066 14843 3 1
1206 15742 13603 3 1
1207 15743 13603 3 1
1208 15744 13603 3 1
1209 15745 13603 3 1
1210 17071 14843 3 1
1211 17072 14843 3 1
1212 15748 13603 3 1
1213 15749 13603 3 1
1214 17075 14843 3 1
1215 17076 14843 3 1
1216 17077 14843 3 1
1217 17078 14843 3 1
1218 17079 14843 3 1
1219 17080 14843 3 1
1220 17081 14843 3 1
1221 17082 14843 3 1
1222 17083 14843 3 1
1223 17084 14843 3 1
1224 18299 15979 3 1
1225 18300 15979 3 1
1226 17087 14843 3 1
1227 17088 14843 3 1
1228 17089 14843 3 1
1229 18304 15979 3 1
1230 17091 14843 3 1
1231 17092 14843 3 1
1232 17093 14843 3 1
1233 17094 14843 3 1
1234 18309 15979 3 1
1235 17096 14843 3 1
1236 17097 14843 3 1
1237 17098 14843 3 1
1238 17099 14843 3 1
1239 17100 14843 3 1
1240 17101 14843 3 1
1241 17102 14843 3 1
1242 17103 14843 3 1
1243 17104 14843 3 1
1244 17105 14843 3 1
1245 17106 14843 3 1
1246 17107 14843 3 1
1247 17108 14843 3 1
1248 17109 14843 3 1
1249 17110 14843 3 1
1250 17111 14843 3 1
1251 18326 15979 3 1
1252 18327 15979 3 1
1253 18328 15979 3 1
1254 17115 14843 3 1
1255 18330 15979 3 1
1256 17117 14843 3 1
1257 18332 15979 3 1
1258 18333 15979 3 1
1259 17120 14843 3 1
1260 17121 14843 3 1
1261 18336 15979 3 1
1262 18337 15979 3 1
1263 18338 15979 3 1
1264 18339 15979 3 1
1265 17126 14843 3 1
1266 18341 15979 3 1
1267 18342 15979 3 1
1268 18343 15979 3 1
1269 18344 15979 3 1
1270 18345 15979 3 1
1271 18346 15979 3 1
1272 18347 15979 3 1
1273 18348 15979 3 1
1274 18349 15979 3 1
1275 18350 15979 3 1
1276 18351 15979 3 1
1277 18352 15979 3 1
1278 18353 15979 3 1
1279 18354 15979 3 1
1280 18355 15979 3 1
1281 18356 15979 3 1
1282 18357 15979 3 1
1283 18358 15979 3 1
1284 18359 15979 3 1
1285 18360 15979 3 1
1286 18361 15979 3 1
1287 18362 15979 3 1
1288 18363 15979 3 1
1289 18364 15979 3 1
1290 18365 15979 3 1
1291 18366 15979 3 1
1292 18367 15979 3 1
1293 18368 15979 3 1
1294 18369 15979 3 1
1295 18370 15979 3 1
1296 18371 15979 3 1
1297 18372 15979 3 1
1298 18373 15979 3 1
1299 18374 15979 3 1
1300 18375 15979 3 1
1301 18376 15979 3 1
1302 18377 15979 3 1
1303 18378 15979 3 1
1304 18379 15979 3 1
1305 18380 15979 3 1
1306 18650 16231 5 1
1307 18382 15979 3 1
1308 18383 15979 3 1
1309 18384 15979 3 1
1310 18385 15979 3 1
1311 18386 15979 3 1
1312 18387 15979 3 1
1313 18657 16231 5 1
1314 18658 16231 5 1
1315 18659 16231 5 1
1316 18660 16231 5 1
1317 18392 15979 3 1
1318 18393 15979 3 1
1319 18663 16231 5 1
1320 18395 15979 3 1
1321 18665 16231 5 1
1322 18397 15979 3 1
1323 18398 15979 3 1
1324 18668 16231 5 1
1325 18669 16231 5 1
1326 18670 16231 5 1
1327 18671 16231 5 1
1328 18672 16231 5 1
1329 18673 16231 5 1
1330 18674 16231 5 1
1331 18675 16231 5 1
1332 18676 16231 5 1
1333 18677 16231 5 1
1334 18678 16231 5 1
1335 18679 16231 5 1
1336 18680 16231 5 1
1337 18681 16231 5 1
1338 18682 16231 5 1
1339 18683 16231 5 1
1340 18684 16231 5 1
1341 18685 16231 5 1
1342 18686 16231 5 1
1343 18687 16231 5 1
1344 18688 16231 5 1
1345 18689 16231 5 1
1346 18690 16231 5 1
1347 18691 16231 5 1
1348 18692 16231 5 1
1349 18693 16231 5 1
1350 18694 16231 5 1
1351 18695 16231 5 1
1352 19423 16911 3 1
1353 18697 16231 5 1
1354 19425 16911 3 1
1355 18699 16231 5 1
1356 18431 15979 3 1
1357 18701 16231 5 1
1358 18702 16231 5 1
1359 18703 16231 5 1
1360 19431 16911 3 1
1361 18436 15979 3 1
1362 19433 16911 3 1
1363 19434 16911 3 1
1364 19435 16911 3 1
1365 19436 16911 3 1
1366 19437 16911 3 1
1367 18442 15979 3 1
1368 18443 15979 3 1
1369 18444 15979 3 1
1370 18445 15979 3 1
1371 18446 15979 3 1
1372 18447 15979 3 1
1373 18448 15979 3 1
1374 18449 15979 3 1
1375 18450 15979 3 1
1376 18451 15979 3 1
1377 18452 15979 3 1
1378 19449 16911 3 1
1379 19450 16911 3 1
1380 19451 16911 3 1
1381 19452 16911 3 1
1382 18457 15979 3 1
1383 18458 15979 3 1
1384 19455 16911 3 1
1385 19456 16911 3 1
1386 19457 16911 3 1
1387 19458 16911 3 1
1388 19459 16911 3 1
1389 19460 16911 3 1
1390 19461 16911 3 1
1391 19462 16911 3 1
1392 18467 15979 3 1
1393 18468 15979 3 1
1394 19465 16911 3 1
1395 19466 16911 3 1
1396 19467 16911 3 1
1397 19468 16911 3 1
1398 19469 16911 3 1
1399 19470 16911 3 1
1400 19471 16911 3 1
1401 19472 16911 3 1
1402 19473 16911 3 1
1403 19474 16911 3 1
1404 19475 16911 3 1
1405 19476 16911 3 1
1406 18968 16435 5 1
1407 18969 16435 5 1
1408 19479 16911 3 1
1409 18971 16435 5 1
1410 19481 16911 3 1
1411 19482 16911 3 1
1412 18974 16435 5 1
1413 18975 16435 5 1
1414 18976 16435 5 1
1415 19486 16911 3 1
1416 18978 16435 5 1
1417 19488 16911 3 1
1418 19489 16911 3 1
1419 18981 16435 5 1
1420 18982 16435 5 1
1421 18983 16435 5 1
1422 18984 16435 5 1
1423 18985 16435 5 1
1424 18986 16435 5 1
1425 18987 16435 5 1
1426 18988 16435 5 1
1427 18989 16435 5 1
1428 18990 16435 5 1
1429 18991 16435 5 1
1430 18992 16435 5 1
1431 18993 16435 5 1
1432 18994 16435 5 1
1433 18995 16435 5 1
1434 18996 16435 5 1
1435 18997 16435 5 1
1436 18998 16435 5 1
1437 18999 16435 5 1
1438 19000 16435 5 1
1439 19001 16435 5 1
1440 19002 16435 5 1
1441 19003 16435 5 1
1442 19004 16435 5 1
1443 19005 16435 5 1
1444 19006 16435 5 1
1445 19007 16435 5 1
1446 19008 16435 5 1
1447 19009 16435 5 1
1448 19010 16435 5 1
1449 19011 16435 5 1
1450 19012 16435 5 1
1451 19013 16435 5 1
1452 19014 16435 5 1
1453 19015 16435 5 1
1454 19016 16435 5 1
1455 19017 16435 5 1
1456 19018 16435 5 1
1457 19019 16435 5 1
1458 19020 16435 5 1
1459 19021 16435 5 1
1460 19022 16435 5 1
1461 19023 16435 5 1
1462 19024 16435 5 1
1463 19025 16435 5 1
1464 19026 16435 5 1
1465 19027 16435 5 1
1466 19028 16435 5 1
1467 19029 16435 5 1
1468 19030 16435 5 1
1469 19031 16435 5 1
1470 19032 16435 5 1
1471 19033 16435 5 1
1472 19543 16911 3 1
1473 19544 16911 3 1
1474 19036 16435 5 1
1475 19546 16911 3 1
1476 19038 16435 5 1
1477 19039 16435 5 1
1478 19040 16435 5 1
1479 19041 16435 5 1
1480 19042 16435 5 1
1481 19043 16435 5 1
1482 19044 16435 5 1
1483 19045 16435 5 1
1484 19046 16435 5 1
1485 19556 16911 3 1
1486 19048 16435 5 1
1487 19049 16435 5 1
1488 19050 16435 5 1
1489 19051 16435 5 1
1490 19561 16911 3 1
1491 19562 16911 3 1
1492 19563 16911 3 1
1493 19564 16911 3 1
1494 19565 16911 3 1
1495 19566 16911 3 1
1496 19567 16911 3 1
1497 19568 16911 3 1
1498 19569 16911 3 1
1499 19061 16435 5 1
1500 19062 16435 5 1
1501 19063 16435 5 1
1502 19064 16435 5 1
1503 19065 16435 5 1
1504 19066 16435 5 1
1505 19067 16435 5 1
1506 19068 16435 5 1
1507 19069 16435 5 1
1508 19070 16435 5 1
1509 19071 16435 5 1
1510 19581 16911 3 1
1511 19073 16435 5 1
1512 19074 16435 5 1
1513 20814 18062 3 1
1514 19076 16435 5 1
1515 19077 16435 5 1
1516 19587 16911 3 1
1517 19588 16911 3 1
1518 19589 16911 3 1
1519 19590 16911 3 1
1520 20821 18062 3 1
1521 20822 18062 3 1
1522 19593 16911 3 1
1523 20824 18062 3 1
1524 20825 18062 3 1
1525 20826 18062 3 1
1526 20827 18062 3 1
1527 20828 18062 3 1
1528 20829 18062 3 1
1529 20830 18062 3 1
1530 20831 18062 3 1
1531 20832 18062 3 1
1532 20833 18062 3 1
1533 20834 18062 3 1
1534 20835 18062 3 1
1535 20836 18062 3 1
1536 20837 18062 3 1
1537 20838 18062 3 1
1538 20839 18062 3 1
1539 20840 18062 3 1
1540 20841 18062 3 1
1541 20842 18062 3 1
1542 20843 18062 3 1
1543 20844 18062 3 1
1544 20845 18062 3 1
1545 20846 18062 3 1
1546 20847 18062 3 1
1547 20848 18062 3 1
1548 20849 18062 3 1
1549 20850 18062 3 1
1550 20851 18062 3 1
1551 20852 18062 3 1
1552 20853 18062 3 1
1553 20854 18062 3 1
1554 20855 18062 3 1
1555 20856 18062 3 1
1556 20857 18062 3 1
1557 20858 18062 3 1
1558 20859 18062 3 1
1559 20860 18062 3 1
1560 20861 18062 3 1
1561 20862 18062 3 1
1562 20863 18062 3 1
1563 20864 18062 3 1
1564 20865 18062 3 1
1565 20866 18062 3 1
1566 20867 18062 3 1
1567 20868 18062 3 1
1568 20869 18062 3 1
1569 20870 18062 3 1
1570 20871 18062 3 1
1571 20872 18062 3 1
1572 20873 18062 3 1
1573 20874 18062 3 1
1574 20875 18062 3 1
1575 20876 18062 3 1
1576 20877 18062 3 1
1577 20878 18062 3 1
1578 20879 18062 3 1
1579 20880 18062 3 1
1580 20881 18062 3 1
1581 20882 18062 3 1
1582 20883 18062 3 1
1583 20884 18062 3 1
1584 20885 18062 3 1
1585 20886 18062 3 1
1586 20887 18062 3 1
1587 20888 18062 3 1
1588 20889 18062 3 1
1589 20890 18062 3 1
1590 20891 18062 3 1
1591 20892 18062 3 1
1592 20893 18062 3 1
1593 20894 18062 3 1
1594 20895 18062 3 1
1595 20896 18062 3 1
1596 20897 18062 3 1
1597 20898 18062 3 1
1598 20899 18062 3 1
1599 20900 18062 3 1
1600 20901 18062 3 1
1601 20902 18062 3 1
1602 20903 18062 3 1
1603 20904 18062 3 1
1604 20905 18062 3 1
1605 20906 18062 3 1
1606 20907 18062 3 1
1607 21828 18923 3 1
1608 21829 18923 3 1
1609 21830 18923 3 1
1610 21831 18923 3 1
1611 21832 18923 3 1
1612 21833 18923 3 1
1613 21834 18923 3 1
1614 21835 18923 3 1
1615 21836 18923 3 1
1616 21837 18923 3 1
1617 21838 18923 3 1
1618 21839 18923 3 1
1619 21840 18923 3 1
1620 21841 18923 3 1
1621 21842 18923 3 1
1622 21843 18923 3 1
1623 21844 18923 3 1
1624 21845 18923 3 1
1625 21846 18923 3 1
1626 21847 18923 3 1
1627 22553 19583 5 1
1628 20929 18062 3 1
1629 20930 18062 3 1
1630 22556 19583 5 1
1631 22557 19583 5 1
1632 22558 19583 5 1
1633 20934 18062 3 1
1634 22560 19583 5 1
1635 20936 18062 3 1
1636 22562 19583 5 1
1637 22563 19583 5 1
1638 22564 19583 5 1
1639 22565 19583 5 1
1640 20941 18062 3 1
1641 22567 19583 5 1
1642 22568 19583 5 1
1643 20944 18062 3 1
1644 20945 18062 3 1
1645 20946 18062 3 1
1646 20947 18062 3 1
1647 22573 19583 5 1
1648 22574 19583 5 1
1649 22575 19583 5 1
1650 22576 19583 5 1
1651 22577 19583 5 1
1652 22578 19583 5 1
1653 22579 19583 5 1
1654 22580 19583 5 1
1655 22581 19583 5 1
1656 22582 19583 5 1
1657 22583 19583 5 1
1658 22584 19583 5 1
1659 22585 19583 5 1
1660 22586 19583 5 1
1661 22587 19583 5 1
1662 23444 20384 5 1
1663 23445 20384 5 1
1664 22590 19583 5 1
1665 23447 20384 5 1
1666 23448 20384 5 1
1667 23449 20384 5 1
1668 23450 20384 5 1
1669 23451 20384 5 1
1670 23452 20384 5 1
1671 23453 20384 5 1
1672 23454 20384 5 1
1673 23455 20384 5 1
1674 23456 20384 5 1
1675 23457 20384 5 1
1676 23458 20384 5 1
1677 23459 20384 5 1
1678 23460 20384 5 1
1679 23461 20384 5 1
1680 23462 20384 5 1
1681 23463 20384 5 1
1682 23464 20384 5 1
1683 23465 20384 5 1
1684 22610 19583 5 1
1685 22611 19583 5 1
1686 23468 20384 5 1
1687 23469 20384 5 1
1688 22614 19583 5 1
1689 22615 19583 5 1
1690 22616 19583 5 1
1691 22617 19583 5 1
1692 23474 20384 5 1
1693 23842 20727 2 1
1694 23843 20727 2 1
1695 23477 20384 5 1
1696 22622 19583 5 1
1697 23479 20384 5 1
1698 23847 20727 2 1
1699 23848 20727 2 1
1700 23482 20384 5 1
1701 23483 20384 5 1
1702 23484 20384 5 1
1703 23485 20384 5 1
1704 23486 20384 5 1
1705 23487 20384 5 1
1706 23488 20384 5 1
1707 23489 20384 5 1
1708 23490 20384 5 1
1709 23858 20727 2 1
1710 23859 20727 2 1
1711 23860 20727 2 1
1712 23861 20727 2 1
1713 23862 20727 2 1
1714 23863 20727 2 1
1715 23864 20727 2 1
1716 23865 20727 2 1
1717 23866 20727 2 1
1718 23867 20727 2 1
1719 23868 20727 2 1
1720 23869 20727 2 1
1721 23870 20727 2 1
1722 23871 20727 2 1
1723 23872 20727 2 1
1724 23873 20727 2 1
1725 23874 20727 2 1
1726 23875 20727 2 1
1727 23876 20727 2 1
1728 23877 20727 2 1
1729 23878 20727 2 1
1730 23879 20727 2 1
1731 23880 20727 2 1
1732 23881 20727 2 1
1733 23882 20727 2 1
1734 23883 20727 2 1
1735 23884 20727 2 1
1736 23885 20727 2 1
1737 23886 20727 2 1
1738 23887 20727 2 1
1739 23888 20727 2 1
1740 23889 20727 2 1
1741 23890 20727 2 1
1742 23891 20727 2 1
1743 23892 20727 2 1
1744 23893 20727 2 1
1745 23894 20727 2 1
1746 23895 20727 2 1
1747 23896 20727 2 1
1748 23897 20727 2 1
1749 23898 20727 2 1
1750 23899 20727 2 1
1751 23900 20727 2 1
1752 23901 20727 2 1
1753 23902 20727 2 1
1754 23903 20727 2 1
1755 23904 20727 2 1
1756 23905 20727 2 1
1757 23906 20727 2 1
1758 23907 20727 2 1
1759 23908 20727 2 1
1760 23909 20727 2 1
1761 23910 20727 2 1
1762 23911 20727 2 1
1763 23912 20727 2 1
1764 23913 20727 2 1
1765 23914 20727 2 1
1766 23915 20727 2 1
1767 23916 20727 2 1
1768 23917 20727 2 1
1769 23918 20727 2 1
1770 23919 20727 2 1
1771 23920 20727 2 1
1772 23921 20727 2 1
1773 23922 20727 2 1
1774 23923 20727 2 1
1775 23924 20727 2 1
1776 23925 20727 2 1
1777 23926 20727 2 1
1778 23927 20727 2 1
1779 23928 20727 2 1
1780 23929 20727 2 1
1781 23930 20727 2 1
1782 23931 20727 2 1
1783 23932 20727 2 1
1784 23933 20727 2 1
1785 23934 20727 2 1
1786 23935 20727 2 1
1787 23936 20727 2 1
1788 23937 20727 2 1
1789 23938 20727 2 1
1790 23939 20727 2 1
1791 23940 20727 2 1
1792 23941 20727 2 1
1793 24926 21648 3 1
1794 24927 21648 3 1
1795 24928 21648 3 1
1796 24929 21648 3 1
1797 24930 21648 3 1
1798 24931 21648 3 1
1799 24932 21648 3 1
1800 24933 21648 3 1
1801 24934 21648 3 1
1802 24935 21648 3 1
1803 24936 21648 3 1
1804 24937 21648 3 1
1805 24938 21648 3 1
1806 24939 21648 3 1
1807 24940 21648 3 1
1808 24941 21648 3 1
1809 24942 21648 3 1
1810 24943 21648 3 1
1811 24944 21648 3 1
1812 24945 21648 3 1
1813 24946 21648 3 1
1814 24947 21648 3 1
1815 24948 21648 3 1
1816 24949 21648 3 1
1817 24950 21648 3 1
1818 24951 21648 3 1
1819 24952 21648 3 1
1820 24953 21648 3 1
1821 24954 21648 3 1
1822 24955 21648 3 1
1823 24956 21648 3 1
1824 24957 21648 3 1
1825 24958 21648 3 1
1826 24959 21648 3 1
1827 24960 21648 3 1
1828 25770 22405 3 1
1829 25771 22405 3 1
1830 24963 21648 3 1
1831 24964 21648 3 1
1832 25774 22405 3 1
1833 24966 21648 3 1
1834 24967 21648 3 1
1835 25777 22405 3 1
1836 25778 22405 3 1
1837 25779 22405 3 1
1838 24971 21648 3 1
1839 25781 22405 3 1
1840 25782 22405 3 1
1841 25783 22405 3 1
1842 25784 22405 3 1
1843 24976 21648 3 1
1844 24977 21648 3 1
1845 24978 21648 3 1
1846 24979 21648 3 1
1847 24980 21648 3 1
1848 24981 21648 3 1
1849 24982 21648 3 1
1850 24983 21648 3 1
1851 24984 21648 3 1
1852 24985 21648 3 1
1853 24986 21648 3 1
1854 24987 21648 3 1
1855 24988 21648 3 1
1856 24989 21648 3 1
1857 24990 21648 3 1
1858 24991 21648 3 1
1859 24992 21648 3 1
1860 24993 21648 3 1
1861 25803 22405 3 1
1862 25804 22405 3 1
1863 25805 22405 3 1
1864 25806 22405 3 1
1865 25807 22405 3 1
1866 25808 22405 3 1
1867 25809 22405 3 1
1868 25810 22405 3 1
1869 25811 22405 3 1
1870 25812 22405 3 1
1871 25813 22405 3 1
1872 25814 22405 3 1
1873 25815 22405 3 1
1874 25816 22405 3 1
1875 25817 22405 3 1
1876 25818 22405 3 1
1877 25819 22405 3 1
1878 25820 22405 3 1
1879 25821 22405 3 1
1880 25822 22405 3 1
1881 25823 22405 3 1
1882 25824 22405 3 1
1883 25825 22405 3 1
1884 25826 22405 3 1
1885 25827 22405 3 1
1886 25828 22405 3 1
1887 25829 22405 3 1
1888 25830 22405 3 1
1889 25831 22405 3 1
1890 25832 22405 3 1
1891 25833 22405 3 1
1892 25834 22405 3 1
1893 25835 22405 3 1
1894 25836 22405 3 1
1895 25837 22405 3 1
1896 25838 22405 3 1
1897 25839 22405 3 1
1898 25840 22405 3 1
1899 25841 22405 3 1
1900 25842 22405 3 1
1901 25843 22405 3 1
1902 25844 22405 3 1
1903 25845 22405 3 1
1904 25846 22405 3 1
1905 25847 22405 3 1
1906 27638 24080 3 1
1907 25849 22405 3 1
1908 25850 22405 3 1
1909 25851 22405 3 1
1910 25852 22405 3 1
1911 25853 22405 3 1
1912 25854 22405 3 1
1913 25855 22405 3 1
1914 27646 24080 3 1
1915 25857 22405 3 1
1916 27648 24080 3 1
1917 27649 24080 3 1
1918 27650 24080 3 1
1919 27651 24080 3 1
1920 27652 24080 3 1
1921 27653 24080 3 1
1922 27654 24080 3 1
1923 27655 24080 3 1
1924 27656 24080 3 1
1925 27657 24080 3 1
1926 27658 24080 3 1
1927 27659 24080 3 1
1928 27660 24080 3 1
1929 27661 24080 3 1
1930 25872 22405 3 1
1931 25873 22405 3 1
1932 25874 22405 3 1
1933 25875 22405 3 1
1934 27666 24080 3 1
1935 27667 24080 3 1
1936 27668 24080 3 1
1937 25879 22405 3 1
1938 27670 24080 3 1
1939 27671 24080 3 1
1940 25882 22405 3 1
1941 25883 22405 3 1
1942 25884 22405 3 1
1943 27675 24080 3 1
1944 27676 24080 3 1
1945 27677 24080 3 1
1946 27678 24080 3 1
1947 27679 24080 3 1
1948 27680 24080 3 1
1949 27681 24080 3 1
1950 27812 24202 5 1
1951 27813 24202 5 1
1952 27684 24080 3 1
1953 27685 24080 3 1
1954 27686 24080 3 1
1955 27817 24202 5 1
1956 27818 24202 5 1
1957 27819 24202 5 1
1958 27690 24080 3 1
1959 27691 24080 3 1
1960 27692 24080 3 1
1961 27693 24080 3 1
1962 27694 24080 3 1
1963 27695 24080 3 1
1964 27696 24080 3 1
1965 27697 24080 3 1
1966 27698 24080 3 1
1967 27699 24080 3 1
1968 27700 24080 3 1
1969 27831 24202 5 1
1970 27702 24080 3 1
1971 27833 24202 5 1
1972 27834 24202 5 1
1973 27835 24202 5 1
1974 27836 24202 5 1
1975 27837 24202 5 1
1976 27838 24202 5 1
1977 27709 24080 3 1
1978 27840 24202 5 1
1979 27841 24202 5 1
1980 27712 24080 3 1
1981 27713 24080 3 1
1982 27844 24202 5 1
1983 27845 24202 5 1
1984 27846 24202 5 1
1985 27847 24202 5 1
1986 27848 24202 5 1
1987 27849 24202 5 1
1988 27850 24202 5 1
1989 27851 24202 5 1
1990 27852 24202 5 1
1991 27853 24202 5 1
1992 27854 24202 5 1
1993 27855 24202 5 1
1994 27856 24202 5 1
1995 27857 24202 5 1
1996 27858 24202 5 1
1997 27859 24202 5 1
1998 27860 24202 5 1
1999 27861 24202 5 1
2000 27862 24202 5 1
2001 27863 24202 5 1
2002 27864 24202 5 1
2003 27735 24080 3 1
2004 27866 24202 5 1
2005 27867 24202 5 1
2006 27868 24202 5 1
2007 27869 24202 5 1
2008 27870 24202 5 1
2009 27871 24202 5 1
2010 27872 24202 5 1
2011 27743 24080 3 1
2012 27744 24080 3 1
2013 27745 24080 3 1
2014 27876 24202 5 1
2015 27877 24202 5 1
2016 27878 24202 5 1
2017 27749 24080 3 1
2018 27750 24080 3 1
2019 27881 24202 5 1
2020 27882 24202 5 1
2021 27883 24202 5 1
2022 27754 24080 3 1
2023 27755 24080 3 1
2024 27756 24080 3 1
2025 27887 24202 5 1
2026 27888 24202 5 1
2027 27759 24080 3 1
2028 27760 24080 3 1
2029 27891 24202 5 1
2030 27892 24202 5 1
2031 27893 24202 5 1
2032 27894 24202 5 1
2033 27895 24202 5 1
2034 27896 24202 5 1
2035 27897 24202 5 1
2036 27898 24202 5 1
2037 27899 24202 5 1
2038 27900 24202 5 1
2039 27901 24202 5 1
2040 27902 24202 5 1
2041 27903 24202 5 1
2042 27904 24202 5 1
2043 27905 24202 5 1
2044 27906 24202 5 1
2045 27907 24202 5 1
2046 27908 24202 5 1
2047 27909 24202 5 1
2048 27910 24202 5 1
2049 27911 24202 5 1
2050 27912 24202 5 1
2051 27913 24202 5 1
2052 27914 24202 5 1
2053 27915 24202 5 1
2054 27916 24202 5 1
2055 27917 24202 5 1
2056 27918 24202 5 1
2057 27919 24202 5 1
2058 27920 24202 5 1
2059 27921 24202 5 1
2060 27922 24202 5 1
2061 27923 24202 5 1
2062 27924 24202 5 1
2063 27925 24202 5 1
2064 27926 24202 5 1
2065 27927 24202 5 1
2066 27928 24202 5 1
2067 27929 24202 5 1
2068 27930 24202 5 1
2069 27931 24202 5 1
2070 27932 24202 5 1
2071 27933 24202 5 1
2072 27934 24202 5 1
2073 27935 24202 5 1
2074 27936 24202 5 1
2075 27937 24202 5 1
2076 27938 24202 5 1
2077 27939 24202 5 1
2078 27940 24202 5 1
2079 27941 24202 5 1
2080 27942 24202 5 1
2081 27943 24202 5 1
2082 27944 24202 5 1
2083 27945 24202 5 1
2084 27946 24202 5 1
2085 27947 24202 5 1
2086 27948 24202 5 1
2087 27949 24202 5 1
2088 27950 24202 5 1
2089 27951 24202 5 1
2090 27952 24202 5 1
2091 27953 24202 5 1
2092 27954 24202 5 1
2093 27955 24202 5 1
2094 27956 24202 5 1
2095 27957 24202 5 1
2096 27958 24202 5 1
2097 27959 24202 5 1
2098 27960 24202 5 1
2099 27961 24202 5 1
2100 27962 24202 5 1
2101 27963 24202 5 1
2102 27964 24202 5 1
2103 27965 24202 5 1
2104 27966 24202 5 1
2105 27967 24202 5 1
2106 27968 24202 5 1
2107 27969 24202 5 1
2108 27970 24202 5 1
2109 27971 24202 5 1
2110 27972 24202 5 1
2111 27973 24202 5 1
2112 27974 24202 5 1
2113 27975 24202 5 1
2114 27976 24202 5 1
2115 27977 24202 5 1
2116 27978 24202 5 1
2117 27979 24202 5 1
2118 27980 24202 5 1
2119 27981 24202 5 1
2120 27982 24202 5 1
2121 27983 24202 5 1
2122 27984 24202 5 1
2123 27985 24202 5 1
2124 27986 24202 5 1
2125 29444 25565 2 1
2126 27988 24202 5 1
2127 27989 24202 5 1
2128 27990 24202 5 1
2129 29448 25565 2 1
2130 27992 24202 5 1
2131 27993 24202 5 1
2132 27994 24202 5 1
2133 27995 24202 5 1
2134 27996 24202 5 1
2135 27997 24202 5 1
2136 27998 24202 5 1
2137 27999 24202 5 1
2138 28000 24202 5 1
2139 28001 24202 5 1
2140 28002 24202 5 1
2141 28003 24202 5 1
2142 28004 24202 5 1
2143 28005 24202 5 1
2144 29463 25565 2 1
2145 29464 25565 2 1
2146 29465 25565 2 1
2147 29466 25565 2 1
2148 29467 25565 2 1
2149 29468 25565 2 1
2150 29469 25565 2 1
2151 29470 25565 2 1
2152 29471 25565 2 1
2153 29472 25565 2 1
2154 29473 25565 2 1
2155 29474 25565 2 1
2156 29475 25565 2 1
2157 29476 25565 2 1
2158 29477 25565 2 1
2159 29478 25565 2 1
2160 29479 25565 2 1
2161 29480 25565 2 1
2162 29481 25565 2 1
2163 29482 25565 2 1
2164 29483 25565 2 1
2165 29484 25565 2 1
2166 29485 25565 2 1
2167 29486 25565 2 1
2168 29487 25565 2 1
2169 29488 25565 2 1
2170 29489 25565 2 1
2171 29490 25565 2 1
2172 29491 25565 2 1
2173 29492 25565 2 1
2174 29493 25565 2 1
2175 29494 25565 2 1
2176 29495 25565 2 1
2177 29496 25565 2 1
2178 29497 25565 2 1
2179 29498 25565 2 1
2180 29499 25565 2 1
2181 29500 25565 2 1
2182 29501 25565 2 1
2183 29502 25565 2 1
2184 29503 25565 2 1
2185 29504 25565 2 1
2186 29505 25565 2 1
2187 29506 25565 2 1
2188 29507 25565 2 1
2189 29508 25565 2 1
2190 29509 25565 2 1
2191 29510 25565 2 1
2192 29511 25565 2 1
2193 29512 25565 2 1
2194 29513 25565 2 1
2195 29514 25565 2 1
2196 29515 25565 2 1
2197 29516 25565 2 1
2198 29517 25565 2 1
2199 29518 25565 2 1
2200 29519 25565 2 1
2201 29520 25565 2 1
2202 29521 25565 2 1
2203 29522 25565 2 1
2204 29523 25565 2 1
2205 29524 25565 2 1
2206 29525 25565 2 1
2207 29526 25565 2 1
2208 29527 25565 2 1
2209 29528 25565 2 1
2210 29529 25565 2 1
2211 29530 25565 2 1
2212 29531 25565 2 1
2213 29532 25565 2 1
2214 29533 25565 2 1
2215 29534 25565 2 1
2216 29535 25565 2 1
2217 29536 25565 2 1
2218 29537 25565 2 1
2219 29538 25565 2 1
2220 29539 25565 2 1
2221 31042 26971 5 1
2222 31043 26971 5 1
2223 31044 26971 5 1
2224 31045 26971 5 1
2225 31046 26971 5 1
2226 31047 26971 5 1
2227 31048 26971 5 1
2228 31049 26971 5 1
2229 31050 26971 5 1
2230 31051 26971 5 1
2231 31052 26971 5 1
2232 31053 26971 5 1
2233 31054 26971 5 1
2234 31055 26971 5 1
2235 31056 26971 5 1
2236 31057 26971 5 1
2237 31058 26971 5 1
2238 31059 26971 5 1
2239 31060 26971 5 1
2240 31061 26971 5 1
2241 31062 26971 5 1
2242 29561 25565 2 1
2243 31064 26971 5 1
2244 31065 26971 5 1
2245 29564 25565 2 1
2246 31067 26971 5 1
2247 31068 26971 5 1
2248 31069 26971 5 1
2249 31070 26971 5 1
2250 31071 26971 5 1
2251 31072 26971 5 1
2252 31073 26971 5 1
2253 31074 26971 5 1
2254 31075 26971 5 1
2255 31076 26971 5 1
2256 31077 26971 5 1
2257 31078 26971 5 1
2258 31079 26971 5 1
2259 31080 26971 5 1
2260 31081 26971 5 1
2261 31082 26971 5 1
2262 31083 26971 5 1
2263 31084 26971 5 1
2264 31085 26971 5 1
2265 31086 26971 5 1
2266 31087 26971 5 1
2267 31088 26971 5 1
2268 31089 26971 5 1
2269 31090 26971 5 1
2270 31091 26971 5 1
2271 31092 26971 5 1
2272 31093 26971 5 1
2273 31094 26971 5 1
2274 31095 26971 5 1
2275 31096 26971 5 1
2276 31097 26971 5 1
2277 31098 26971 5 1
2278 31099 26971 5 1
2279 31100 26971 5 1
2280 31101 26971 5 1
2281 31102 26971 5 1
2282 31103 26971 5 1
2283 31104 26971 5 1
2284 31105 26971 5 1
2285 31106 26971 5 1
2286 31107 26971 5 1
2287 31108 26971 5 1
2288 31109 26971 5 1
2289 31110 26971 5 1
2290 31111 26971 5 1
2291 31112 26971 5 1
2292 31113 26971 5 1
2293 31114 26971 5 1
2294 31115 26971 5 1
2295 31116 26971 5 1
2296 31117 26971 5 1
2297 31118 26971 5 1
2298 31119 26971 5 1
2299 31120 26971 5 1
2300 31121 26971 5 1
2301 31122 26971 5 1
2302 31123 26971 5 1
2303 31124 26971 5 1
2304 31125 26971 5 1
2305 31126 26971 5 1
2306 31127 26971 5 1
2307 31128 26971 5 1
2308 31129 26971 5 1
2309 31130 26971 5 1
2310 31131 26971 5 1
2311 31132 26971 5 1
2312 31133 26971 5 1
2313 31134 26971 5 1
2314 31135 26971 5 1
2315 31136 26971 5 1
2316 31137 26971 5 1
2317 31138 26971 5 1
2318 31139 26971 5 1
2319 31140 26971 5 1
2320 31141 26971 5 1
2321 31142 26971 5 1
2322 31143 26971 5 1
2323 31144 26971 5 1
2324 31145 26971 5 1
2325 31146 26971 5 1
2326 31147 26971 5 1
2327 32203 27958 3 1
2328 31149 26971 5 1
2329 31150 26971 5 1
2330 31151 26971 5 1
2331 31152 26971 5 1
2332 31153 26971 5 1
2333 31154 26971 5 1
2334 31155 26971 5 1
2335 31156 26971 5 1
2336 31157 26971 5 1
2337 32213 27958 3 1
2338 32214 27958 3 1
2339 32215 27958 3 1
2340 32216 27958 3 1
2341 32217 27958 3 1
2342 32218 27958 3 1
2343 32219 27958 3 1
2344 32220 27958 3 1
2345 32221 27958 3 1
2346 31167 26971 5 1
2347 32223 27958 3 1
2348 32224 27958 3 1
2349 31170 26971 5 1
2350 31171 26971 5 1
2351 32227 27958 3 1
2352 32228 27958 3 1
2353 31174 26971 5 1
2354 31175 26971 5 1
2355 31176 26971 5 1
2356 32232 27958 3 1
2357 31178 26971 5 1
2358 31179 26971 5 1
2359 31180 26971 5 1
2360 31181 26971 5 1
2361 31182 26971 5 1
2362 31183 26971 5 1
2363 32239 27958 3 1
2364 31185 26971 5 1
2365 32241 27958 3 1
2366 32242 27958 3 1
2367 31188 26971 5 1
2368 32244 27958 3 1
2369 31190 26971 5 1
2370 32246 27958 3 1
2371 32247 27958 3 1
2372 32248 27958 3 1
2373 32249 27958 3 1
2374 31195 26971 5 1
2375 32251 27958 3 1
2376 31197 26971 5 1
2377 32253 27958 3 1
2378 32254 27958 3 1
2379 32255 27958 3 1
2380 32256 27958 3 1
2381 32257 27958 3 1
2382 32258 27958 3 1
2383 32259 27958 3 1
2384 32260 27958 3 1
2385 32261 27958 3 1
2386 32262 27958 3 1
2387 32263 27958 3 1
2388 32264 27958 3 1
2389 32265 27958 3 1
2390 32266 27958 3 1
2391 32267 27958 3 1
2392 32268 27958 3 1
2393 32269 27958 3 1
2394 32270 27958 3 1
2395 32271 27958 3 1
2396 32272 27958 3 1
2397 32273 27958 3 1
2398 32274 27958 3 1
2399 32275 27958 3 1
2400 32276 27958 3 1
2401 32277 27958 3 1
2402 32278 27958 3 1
2403 32279 27958 3 1
2404 32280 27958 3 1
2405 32281 27958 3 1
2406 32282 27958 3 1
2407 32283 27958 3 1
2408 32284 27958 3 1
2409 32285 27958 3 1
2410 32286 27958 3 1
2411 32287 27958 3 1
2412 32288 27958 3 1
2413 32289 27958 3 1
2414 32290 27958 3 1
2415 32291 27958 3 1
2416 32292 27958 3 1
2417 32293 27958 3 1
2418 34028 29581 6 1
2419 32295 27958 3 1
2420 32296 27958 3 1
2421 32297 27958 3 1
2422 32298 27958 3 1
2423 32299 27958 3 1
2424 32300 27958 3 1
2425 32301 27958 3 1
2426 34036 29581 6 1
2427 32303 27958 3 1
2428 32304 27958 3 1
2429 32305 27958 3 1
2430 32306 27958 3 1
2431 32307 27958 3 1
2432 32308 27958 3 1
2433 32309 27958 3 1
2434 34044 29581 6 1
2435 34045 29581 6 1
2436 34046 29581 6 1
2437 34047 29581 6 1
2438 34048 29581 6 1
2439 34049 29581 6 1
2440 34050 29581 6 1
2441 34051 29581 6 1
2442 34052 29581 6 1
2443 34053 29581 6 1
2444 34054 29581 6 1
2445 34055 29581 6 1
2446 34056 29581 6 1
2447 34057 29581 6 1
2448 34058 29581 6 1
2449 34059 29581 6 1
2450 34060 29581 6 1
2451 34061 29581 6 1
2452 34062 29581 6 1
2453 34063 29581 6 1
2454 34064 29581 6 1
2455 34065 29581 6 1
2456 34066 29581 6 1
2457 34067 29581 6 1
2458 34068 29581 6 1
2459 36104 31485 3 1
2460 34070 29581 6 1
2461 34071 29581 6 1
2462 34072 29581 6 1
2463 34073 29581 6 1
2464 34074 29581 6 1
2465 34075 29581 6 1
2466 36111 31485 3 1
2467 36112 31485 3 1
2468 36113 31485 3 1
2469 34079 29581 6 1
2470 34080 29581 6 1
2471 34081 29581 6 1
2472 36117 31485 3 1
2473 34083 29581 6 1
2474 36119 31485 3 1
2475 36120 31485 3 1
2476 36121 31485 3 1
2477 36122 31485 3 1
2478 36123 31485 3 1
2479 36124 31485 3 1
2480 36125 31485 3 1
2481 36126 31485 3 1
2482 36127 31485 3 1
2483 36128 31485 3 1
2484 36129 31485 3 1
2485 36130 31485 3 1
2486 36131 31485 3 1
2487 36132 31485 3 1
2488 34098 29581 6 1
2489 36134 31485 3 1
2490 36135 31485 3 1
2491 34101 29581 6 1
2492 34102 29581 6 1
2493 34103 29581 6 1
2494 34104 29581 6 1
2495 34105 29581 6 1
2496 34106 29581 6 1
2497 34107 29581 6 1
2498 34108 29581 6 1
2499 34109 29581 6 1
2500 36145 31485 3 1
2501 34111 29581 6 1
2502 36147 31485 3 1
2503 34113 29581 6 1
2504 34114 29581 6 1
2505 34115 29581 6 1
2506 34116 29581 6 1
2507 36152 31485 3 1
2508 34118 29581 6 1
2509 34119 29581 6 1
2510 34120 29581 6 1
2511 34121 29581 6 1
2512 34122 29581 6 1
2513 34123 29581 6 1
2514 34124 29581 6 1
2515 34125 29581 6 1
2516 34126 29581 6 1
2517 34127 29581 6 1
2518 34128 29581 6 1
2519 34129 29581 6 1
2520 34130 29581 6 1
2521 34131 29581 6 1
2522 34132 29581 6 1
2523 34133 29581 6 1
2524 34134 29581 6 1
2525 34135 29581 6 1
2526 34136 29581 6 1
2527 34137 29581 6 1
2528 34138 29581 6 1
2529 34139 29581 6 1
2530 34140 29581 6 1
2531 34141 29581 6 1
2532 34142 29581 6 1
2533 34143 29581 6 1
2534 34144 29581 6 1
2535 34145 29581 6 1
2536 34146 29581 6 1
2537 34147 29581 6 1
2538 34148 29581 6 1
2539 34149 29581 6 1
2540 34150 29581 6 1
2541 34151 29581 6 1
2542 34152 29581 6 1
2543 34153 29581 6 1
2544 34154 29581 6 1
2545 34155 29581 6 1
2546 34156 29581 6 1
2547 34157 29581 6 1
2548 34158 29581 6 1
2549 34159 29581 6 1
2550 34160 29581 6 1
2551 34161 29581 6 1
2552 34162 29581 6 1
2553 34163 29581 6 1
2554 34164 29581 6 1
2555 34165 29581 6 1
2556 34166 29581 6 1
2557 34167 29581 6 1
2558 34168 29581 6 1
2559 34169 29581 6 1
2560 35269 30609 3 1
2561 34171 29581 6 1
2562 34172 29581 6 1
2563 34173 29581 6 1
2564 34174 29581 6 1
2565 34175 29581 6 1
2566 35275 30609 3 1
2567 35276 30609 3 1
2568 36213 31485 3 1
2569 36214 31485 3 1
2570 35279 30609 3 1
2571 35280 30609 3 1
2572 35281 30609 3 1
2573 35282 30609 3 1
2574 35283 30609 3 1
2575 36220 31485 3 1
2576 36221 31485 3 1
2577 34187 29581 6 1
2578 35287 30609 3 1
2579 34189 29581 6 1
2580 36225 31485 3 1
2581 36226 31485 3 1
2582 37487 32664 3 1
2583 37488 32664 3 1
2584 35293 30609 3 1
2585 36230 31485 3 1
2586 36231 31485 3 1
2587 36232 31485 3 1
2588 37493 32664 3 1
2589 35298 30609 3 1
2590 35299 30609 3 1
2591 37496 32664 3 1
2592 35301 30609 3 1
2593 35302 30609 3 1
2594 37499 32664 3 1
2595 37500 32664 3 1
2596 37501 32664 3 1
2597 37502 32664 3 1
2598 37503 32664 3 1
2599 37504 32664 3 1
2600 37505 32664 3 1
2601 37506 32664 3 1
2602 37507 32664 3 1
2603 37508 32664 3 1
2604 37509 32664 3 1
2605 37510 32664 3 1
2606 37511 32664 3 1
2607 37512 32664 3 1
2608 37513 32664 3 1
2609 37514 32664 3 1
2610 37515 32664 3 1
2611 37516 32664 3 1
2612 37517 32664 3 1
2613 37518 32664 3 1
2614 37519 32664 3 1
2615 37520 32664 3 1
2616 37521 32664 3 1
2617 37522 32664 3 1
2618 37523 32664 3 1
2619 37524 32664 3 1
2620 37525 32664 3 1
2621 37526 32664 3 1
2622 37527 32664 3 1
2623 37528 32664 3 1
2624 37529 32664 3 1
2625 37530 32664 3 1
2626 37531 32664 3 1
2627 37532 32664 3 1
2628 37533 32664 3 1
2629 37534 32664 3 1
2630 37535 32664 3 1
2631 37536 32664 3 1
2632 37537 32664 3 1
2633 37538 32664 3 1
2634 37539 32664 3 1
2635 37540 32664 3 1
2636 37541 32664 3 1
2637 37542 32664 3 1
2638 37543 32664 3 1
2639 37544 32664 3 1
2640 37545 32664 3 1
2641 37546 32664 3 1
2642 37547 32664 3 1
2643 37548 32664 3 1
2644 37549 32664 3 1
2645 37550 32664 3 1
2646 37551 32664 3 1
2647 37552 32664 3 1
2648 37553 32664 3 1
2649 37554 32664 3 1
2650 37555 32664 3 1
2651 37556 32664 3 1
2652 37557 32664 3 1
2653 37558 32664 3 1
2654 37559 32664 3 1
2655 37560 32664 3 1
2656 37561 32664 3 1
2657 37562 32664 3 1
2658 37563 32664 3 1
2659 37564 32664 3 1
2660 37565 32664 3 1
2661 37566 32664 3 1
2662 37567 32664 3 1
2663 37568 32664 3 1
2664 37569 32664 3 1
2665 37570 32664 3 1
2666 37571 32664 3 1
2667 37572 32664 3 1
2668 37573 32664 3 1
2669 37574 32664 3 1
2670 37575 32664 3 1
2671 37576 32664 3 1
2672 37577 32664 3 1
2673 37578 32664 3 1
2674 37579 32664 3 1
2675 37580 32664 3 1
2676 37581 32664 3 1
2677 37582 32664 3 1
2678 37583 32664 3 1
2679 37584 32664 3 1
2680 37585 32664 3 1
2681 37586 32664 3 1
2682 37587 32664 3 1
2683 37588 32664 3 1
2684 37589 32664 3 1
2685 37590 32664 3 1
2686 37591 32664 3 1
2687 37592 32664 3 1
2688 37593 32664 3 1
2689 37594 32664 3 1
2690 37595 32664 3 1
2691 37596 32664 3 1
2692 37597 32664 3 1
2693 37598 32664 3 1
2694 37599 32664 3 1
2695 37600 32664 3 1
2696 37601 32664 3 1
2697 37602 32664 3 1
2698 37603 32664 3 1
2699 37604 32664 3 1
2700 37605 32664 3 1
2701 37606 32664 3 1
2702 37607 32664 3 1
2703 37608 32664 3 1
2704 37609 32664 3 1
2705 37610 32664 3 1
2706 37611 32664 3 1
2707 37612 32664 3 1
2708 37613 32664 3 1
2709 37614 32664 3 1
2710 37615 32664 3 1
2711 37616 32664 3 1
2712 37617 32664 3 1
2713 37618 32664 3 1
2714 37619 32664 3 1
2715 37620 32664 3 1
2716 37621 32664 3 1
2717 37622 32664 3 1
2718 37623 32664 3 1
2719 37624 32664 3 1
2720 37625 32664 3 1
2721 37626 32664 3 1
2722 37627 32664 3 1
2723 37628 32664 3 1
2724 37629 32664 3 1
2725 37630 32664 3 1
2726 37631 32664 3 1
2727 37632 32664 3 1
2728 37633 32664 3 1
2729 37634 32664 3 1
2730 37635 32664 3 1
2731 37636 32664 3 1
2732 37637 32664 3 1
2733 37638 32664 3 1
2734 37639 32664 3 1
2735 37640 32664 3 1
2736 37641 32664 3 1
2737 37642 32664 3 1
2738 37643 32664 3 1
2739 37644 32664 3 1
2740 37645 32664 3 1
2741 37646 32664 3 1
2742 37647 32664 3 1
2743 37648 32664 3 1
2744 37649 32664 3 1
2745 37650 32664 3 1
2746 39926 34793 3 1
2747 39927 34793 3 1
2748 39928 34793 3 1
2749 39929 34793 3 1
2750 39930 34793 3 1
2751 39931 34793 3 1
2752 39932 34793 3 1
2753 39933 34793 3 1
2754 39934 34793 3 1
2755 39935 34793 3 1
2756 39936 34793 3 1
2757 39937 34793 3 1
2758 39938 34793 3 1
2759 39939 34793 3 1
2760 39940 34793 3 1
2761 39941 34793 3 1
2762 39942 34793 3 1
2763 39943 34793 3 1
2764 39944 34793 3 1
2765 39945 34793 3 1
2766 39946 34793 3 1
2767 39947 34793 3 1
2768 39948 34793 3 1
2769 39949 34793 3 1
2770 39950 34793 3 1
2771 39951 34793 3 1
2772 39952 34793 3 1
2773 39953 34793 3 1
2774 39954 34793 3 1
2775 39955 34793 3 1
2776 39956 34793 3 1
2777 39957 34793 3 1
2778 39958 34793 3 1
2779 39959 34793 3 1
2780 39960 34793 3 1
2781 39961 34793 3 1
2782 39962 34793 3 1
2783 39963 34793 3 1
2784 39964 34793 3 1
2785 39965 34793 3 1
2786 39966 34793 3 1
2787 39967 34793 3 1
2788 39968 34793 3 1
2789 39969 34793 3 1
2790 39970 34793 3 1
2791 39971 34793 3 1
2792 39972 34793 3 1
2793 39973 34793 3 1
2794 39974 34793 3 1
2795 39975 34793 3 1
2796 39976 34793 3 1
2797 39977 34793 3 1
2798 39978 34793 3 1
2799 39979 34793 3 1
2800 39980 34793 3 1
2801 39981 34793 3 1
2802 39982 34793 3 1
2803 39983 34793 3 1
2804 39984 34793 3 1
2805 39985 34793 3 1
2806 39986 34793 3 1
2807 39987 34793 3 1
2808 39988 34793 3 1
2809 39989 34793 3 1
2810 39990 34793 3 1
2811 39991 34793 3 1
2812 39992 34793 3 1
2813 39993 34793 3 1
2814 39994 34793 3 1
2815 39995 34793 3 1
2816 39996 34793 3 1
2817 39997 34793 3 1
2818 39998 34793 3 1
2819 39999 34793 3 1
2820 40000 34793 3 1
2821 40001 34793 3 1
2822 40002 34793 3 1
2823 40003 34793 3 1
2824 40004 34793 3 1
2825 40005 34793 3 1
2826 40006 34793 3 1
2827 40007 34793 3 1
2828 40008 34793 3 1
2829 40009 34793 3 1
2830 40010 34793 3 1
2831 40011 34793 3 1
2832 40012 34793 3 1
2833 40013 34793 3 1
2834 40014 34793 3 1
2835 40015 34793 3 1
2836 40016 34793 3 1
2837 40017 34793 3 1
2838 40018 34793 3 1
2839 40019 34793 3 1
2840 40020 34793 3 1
2841 40021 34793 3 1
2842 40022 34793 3 1
2843 40023 34793 3 1
2844 40024 34793 3 1
2845 40025 34793 3 1
2846 40026 34793 3 1
2847 40027 34793 3 1
2848 40028 34793 3 1
2849 40029 34793 3 1
2850 40030 34793 3 1
2851 40031 34793 3 1
2852 40032 34793 3 1
2853 40033 34793 3 1
2854 40034 34793 3 1
2855 40035 34793 3 1
2856 40036 34793 3 1
2857 40037 34793 3 1
2858 40038 34793 3 1
2859 40039 34793 3 1
2860 40040 34793 3 1
2861 40041 34793 3 1
2862 40042 34793 3 1
2863 40043 34793 3 1
2864 40044 34793 3 1
2865 40045 34793 3 1
2866 40046 34793 3 1
2867 40047 34793 3 1
2868 40048 34793 3 1
2869 40049 34793 3 1
2870 40050 34793 3 1
2871 40051 34793 3 1
2872 40052 34793 3 1
2873 40053 34793 3 1
2874 40054 34793 3 1
2875 40055 34793 3 1
2876 40056 34793 3 1
2877 40057 34793 3 1
2878 40058 34793 3 1
2879 40059 34793 3 1
2880 40060 34793 3 1
2881 40061 34793 3 1
2882 40062 34793 3 1
2883 40063 34793 3 1
2884 40064 34793 3 1
2885 40065 34793 3 1
2886 40066 34793 3 1
2887 40067 34793 3 1
2888 40068 34793 3 1
2889 40069 34793 3 1
2890 40070 34793 3 1
2891 40071 34793 3 1
2892 40072 34793 3 1
2893 40073 34793 3 1
2894 40074 34793 3 1
2895 40075 34793 3 1
2896 40076 34793 3 1
2897 40077 34793 3 1
2898 40078 34793 3 1
2899 40079 34793 3 1
2900 40080 34793 3 1
2901 40081 34793 3 1
2902 40082 34793 3 1
2903 40083 34793 3 1
2904 40084 34793 3 1
2905 40085 34793 3 1
2906 40086 34793 3 1
2907 40087 34793 3 1
2908 40088 34793 3 1
2909 40089 34793 3 1
2910 40090 34793 3 1
2911 40091 34793 3 1
2912 40092 34793 3 1
2913 40093 34793 3 1
2914 40094 34793 3 1
2915 40095 34793 3 1
2916 40096 34793 3 1
2917 40097 34793 3 1
2918 40098 34793 3 1
2919 40099 34793 3 1
2920 40100 34793 3 1
2921 40101 34793 3 1
2922 40102 34793 3 1
2923 40103 34793 3 1
2924 40104 34793 3 1
2925 40105 34793 3 1
2926 40106 34793 3 1
2927 40107 34793 3 1
2928 40108 34793 3 1
2929 40109 34793 3 1
2930 40110 34793 3 1
2931 40111 34793 3 1
2932 40112 34793 3 1
2933 40113 34793 3 1
2934 40114 34793 3 1
2935 40115 34793 3 1
2936 40116 34793 3 1
2937 40117 34793 3 1
2938 40118 34793 3 1
2939 40119 34793 3 1
2940 40120 34793 3 1
2941 40121 34793 3 1
2942 40122 34793 3 1
2943 40123 34793 3 1
2944 40124 34793 3 1
2945 40125 34793 3 1
2946 40126 34793 3 1
2947 40127 34793 3 1
2948 40128 34793 3 1
2949 40129 34793 3 1
2950 40130 34793 3 1
2951 40131 34793 3 1
2952 40132 34793 3 1
2953 40133 34793 3 1
2954 40134 34793 3 1
2955 40135 34793 3 1
2956 40136 34793 3 1
2957 40137 34793 3 1
2958 40138 34793 3 1
2959 40139 34793 3 1
2960 40140 34793 3 1
2961 40141 34793 3 1
2962 40142 34793 3 1
2963 40143 34793 3 1
2964 40144 34793 3 1
2965 40145 34793 3 1
2966 40146 34793 3 1
2967 40147 34793 3 1
2968 40148 34793 3 1
2969 40149 34793 3 1
2970 40150 34793 3 1
2971 40151 34793 3 1
2972 40152 34793 3 1
2973 40153 34793 3 1
2974 40154 34793 3 1
2975 40155 34793 3 1
2976 40156 34793 3 1
2977 40157 34793 3 1
2978 40158 34793 3 1
2979 40159 34793 3 1
2980 40160 34793 3 1
2981 40161 34793 3 1
2982 40162 34793 3 1
2983 40163 34793 3 1
2984 40164 34793 3 1
2985 40165 34793 3 1
2986 40166 34793 3 1
2987 40167 34793 3 1
2988 40168 34793 3 1
2989 40169 34793 3 1
2990 40170 34793 3 1
2991 40171 34793 3 1
2992 40172 34793 3 1
2993 40173 34793 3 1
2994 40174 34793 3 1
2995 40175 34793 3 1
2996 40176 34793 3 1
2997 40177 34793 3 1
2998 40178 34793 3 1
2999 40179 34793 3 1
3000 40180 34793 3 1
3001 40181 34793 3 1
3002 40182 34793 3 1
3003 40183 34793 3 1
3004 40184 34793 3 1
3005 40185 34793 3 1
3006 40186 34793 3 1
3007 40187 34793 3 1
3008 40188 34793 3 1
3009 40189 34793 3 1
3010 40190 34793 3 1
3011 40191 34793 3 1
3012 40192 34793 3 1
3013 40193 34793 3 1
3014 40194 34793 3 1
3015 40195 34793 3 1
3016 40196 34793 3 1
3017 40197 34793 3 1
3018 40198 34793 3 1
3019 43499 37881 3 1
3020 40200 34793 3 1
3021 40201 34793 3 1
3022 43502 37881 3 1
3023 40203 34793 3 1
3024 40204 34793 3 1
3025 43505 37881 3 1
3026 40206 34793 3 1
3027 40207 34793 3 1
3028 43508 37881 3 1
3029 40209 34793 3 1
3030 43510 37881 3 1
3031 43511 37881 3 1
3032 43512 37881 3 1
3033 43513 37881 3 1
3034 43514 37881 3 1
3035 43515 37881 3 1
3036 43516 37881 3 1
3037 43517 37881 3 1
3038 43518 37881 3 1
3039 40219 34793 3 1
3040 43520 37881 3 1
3041 43521 37881 3 1
3042 43522 37881 3 1
3043 43523 37881 3 1
3044 40224 34793 3 1
3045 40225 34793 3 1
3046 40226 34793 3 1
3047 40227 34793 3 1
3048 40228 34793 3 1
3049 43529 37881 3 1
3050 40230 34793 3 1
3051 43531 37881 3 1
3052 43532 37881 3 1
3053 43533 37881 3 1
3054 40234 34793 3 1
3055 40235 34793 3 1
3056 43536 37881 3 1
3057 43537 37881 3 1
3058 43538 37881 3 1
3059 43539 37881 3 1
3060 43540 37881 3 1
3061 43541 37881 3 1
3062 43542 37881 3 1
3063 43543 37881 3 1
3064 40244 34793 3 1
3065 40245 34793 3 1
3066 40246 34793 3 1
3067 43547 37881 3 1
3068 43548 37881 3 1
3069 40249 34793 3 1
3070 43550 37881 3 1
3071 40251 34793 3 1
3072 40252 34793 3 1
3073 40253 34793 3 1
3074 40254 34793 3 1
3075 40255 34793 3 1
3076 40256 34793 3 1
3077 40257 34793 3 1
3078 40258 34793 3 1
3079 40259 34793 3 1
3080 40260 34793 3 1
3081 40261 34793 3 1
3082 40262 34793 3 1
3083 40263 34793 3 1
3084 40264 34793 3 1
3085 40265 34793 3 1
3086 40266 34793 3 1
3087 40267 34793 3 1
3088 40268 34793 3 1
3089 40269 34793 3 1
3090 40270 34793 3 1
3091 40271 34793 3 1
3092 40272 34793 3 1
3093 40273 34793 3 1
3094 40274 34793 3 1
3095 40275 34793 3 1
3096 40276 34793 3 1
3097 40277 34793 3 1
3098 40278 34793 3 1
3099 40279 34793 3 1
3100 40280 34793 3 1
3101 40281 34793 3 1
3102 40282 34793 3 1
3103 40283 34793 3 1
3104 40284 34793 3 1
3105 40285 34793 3 1
3106 40286 34793 3 1
3107 40287 34793 3 1
3108 40288 34793 3 1
3109 40289 34793 3 1
3110 40290 34793 3 1
3111 40291 34793 3 1
3112 40292 34793 3 1
3113 40293 34793 3 1
3114 40294 34793 3 1
3115 40295 34793 3 1
3116 40296 34793 3 1
3117 40297 34793 3 1
3118 40298 34793 3 1
3119 40299 34793 3 1
3120 40300 34793 3 1
3121 40301 34793 3 1
3122 40302 34793 3 1
3123 40303 34793 3 1
3124 40304 34793 3 1
3125 43018 37332 5 1
3126 43019 37332 5 1
3127 43020 37332 5 1
3128 43021 37332 5 1
3129 43022 37332 5 1
3130 43023 37332 5 1
3131 43024 37332 5 1
3132 43025 37332 5 1
3133 43026 37332 5 1
3134 43027 37332 5 1
3135 43028 37332 5 1
3136 43029 37332 5 1
3137 43030 37332 5 1
3138 43031 37332 5 1
3139 43032 37332 5 1
3140 43033 37332 5 1
3141 43034 37332 5 1
3142 43035 37332 5 1
3143 43036 37332 5 1
3144 43037 37332 5 1
3145 43038 37332 5 1
3146 43039 37332 5 1
3147 43040 37332 5 1
3148 43041 37332 5 1
3149 43042 37332 5 1
3150 43043 37332 5 1
3151 43044 37332 5 1
3152 43045 37332 5 1
3153 43046 37332 5 1
3154 43047 37332 5 1
3155 43048 37332 5 1
3156 43049 37332 5 1
3157 43050 37332 5 1
3158 43051 37332 5 1
3159 43052 37332 5 1
3160 43053 37332 5 1
3161 43054 37332 5 1
3162 43055 37332 5 1
3163 43056 37332 5 1
3164 43057 37332 5 1
3165 43058 37332 5 1
3166 43059 37332 5 1
3167 43060 37332 5 1
3168 43061 37332 5 1
3169 43062 37332 5 1
3170 43063 37332 5 1
3171 43064 37332 5 1
3172 43065 37332 5 1
3173 43066 37332 5 1
3174 43067 37332 5 1
3175 43068 37332 5 1
3176 43069 37332 5 1
3177 44217 38405 3 1
3178 44218 38405 3 1
3179 44219 38405 3 1
3180 44220 38405 3 1
3181 44221 38405 3 1
3182 44222 38405 3 1
3183 44223 38405 3 1
3184 44224 38405 3 1
3185 44225 38405 3 1
3186 44226 38405 3 1
3187 44227 38405 3 1
3188 44228 38405 3 1
3189 44229 38405 3 1
3190 44230 38405 3 1
3191 44231 38405 3 1
3192 44232 38405 3 1
3193 44233 38405 3 1
3194 44234 38405 3 1
3195 44235 38405 3 1
3196 44236 38405 3 1
3197 44237 38405 3 1
3198 44238 38405 3 1
3199 44239 38405 3 1
3200 44240 38405 3 1
3201 44241 38405 3 1
3202 44242 38405 3 1
3203 44243 38405 3 1
3204 44244 38405 3 1
3205 44245 38405 3 1
3206 44246 38405 3 1
3207 44247 38405 3 1
3208 44248 38405 3 1
3209 44249 38405 3 1
3210 44250 38405 3 1
3211 44251 38405 3 1
3212 44252 38405 3 1
3213 44253 38405 3 1
3214 44254 38405 3 1
3215 44255 38405 3 1
3216 44256 38405 3 1
3217 44257 38405 3 1
3218 44258 38405 3 1
3219 44259 38405 3 1
3220 44260 38405 3 1
3221 44261 38405 3 1
3222 44262 38405 3 1
3223 43116 37332 5 1
3224 43117 37332 5 1
3225 44265 38405 3 1
3226 43119 37332 5 1
3227 43120 37332 5 1
3228 43121 37332 5 1
3229 43122 37332 5 1
3230 44270 38405 3 1
3231 44271 38405 3 1
3232 43125 37332 5 1
3233 44273 38405 3 1
3234 44274 38405 3 1
3235 44275 38405 3 1
3236 43129 37332 5 1
3237 44277 38405 3 1
3238 44278 38405 3 1
3239 44279 38405 3 1
3240 44280 38405 3 1
3241 44281 38405 3 1
3242 44282 38405 3 1
3243 44283 38405 3 1
3244 43137 37332 5 1
3245 43138 37332 5 1
3246 44286 38405 3 1
3247 44287 38405 3 1
3248 44288 38405 3 1
3249 44289 38405 3 1
3250 44290 38405 3 1
3251 44291 38405 3 1
3252 44292 38405 3 1
3253 44293 38405 3 1
3254 44294 38405 3 1
3255 44295 38405 3 1
3256 44296 38405 3 1
3257 44297 38405 3 1
3258 44298 38405 3 1
3259 44299 38405 3 1
3260 44300 38405 3 1
3261 44301 38405 3 1
3262 44302 38405 3 1
3263 44303 38405 3 1
3264 44304 38405 3 1
3265 44305 38405 3 1
3266 44306 38405 3 1
3267 44307 38405 3 1
3268 44308 38405 3 1
3269 44309 38405 3 1
3270 44310 38405 3 1
3271 44311 38405 3 1
3272 45797 39795 5 1
3273 44313 38405 3 1
3274 44314 38405 3 1
3275 44315 38405 3 1
3276 44316 38405 3 1
3277 44317 38405 3 1
3278 44318 38405 3 1
3279 45804 39795 5 1
3280 44320 38405 3 1
3281 44321 38405 3 1
3282 44322 38405 3 1
3283 44323 38405 3 1
3284 44324 38405 3 1
3285 44325 38405 3 1
3286 44326 38405 3 1
3287 44327 38405 3 1
3288 44328 38405 3 1
3289 44329 38405 3 1
3290 44330 38405 3 1
3291 44331 38405 3 1
3292 44332 38405 3 1
3293 44333 38405 3 1
3294 44334 38405 3 1
3295 44335 38405 3 1
3296 45821 39795 5 1
3297 45822 39795 5 1
3298 44338 38405 3 1
3299 44339 38405 3 1
3300 45825 39795 5 1
3301 44341 38405 3 1
3302 45827 39795 5 1
3303 45828 39795 5 1
3304 45829 39795 5 1
3305 44345 38405 3 1
3306 44346 38405 3 1
3307 44347 38405 3 1
3308 44348 38405 3 1
3309 45834 39795 5 1
3310 44350 38405 3 1
3311 44351 38405 3 1
3312 44352 38405 3 1
3313 45838 39795 5 1
3314 45839 39795 5 1
3315 45840 39795 5 1
3316 45841 39795 5 1
3317 45842 39795 5 1
3318 45843 39795 5 1
3319 45844 39795 5 1
3320 45845 39795 5 1
3321 45846 39795 5 1
3322 45847 39795 5 1
3323 45848 39795 5 1
3324 45849 39795 5 1
3325 45850 39795 5 1
3326 45851 39795 5 1
3327 45852 39795 5 1
3328 45853 39795 5 1
3329 45854 39795 5 1
3330 45855 39795 5 1
3331 45856 39795 5 1
3332 45857 39795 5 1
3333 45858 39795 5 1
3334 45859 39795 5 1
3335 45860 39795 5 1
3336 45861 39795 5 1
3337 45862 39795 5 1
3338 45863 39795 5 1
3339 45864 39795 5 1
3340 45865 39795 5 1
3341 45866 39795 5 1
3342 45867 39795 5 1
3343 45868 39795 5 1
3344 45869 39795 5 1
3345 45870 39795 5 1
3346 45871 39795 5 1
3347 45872 39795 5 1
3348 45873 39795 5 1
3349 45874 39795 5 1
3350 45875 39795 5 1
3351 46561 40436 5 1
3352 46562 40436 5 1
3353 46563 40436 5 1
3354 45879 39795 5 1
3355 46565 40436 5 1
3356 45881 39795 5 1
3357 46567 40436 5 1
3358 46568 40436 5 1
3359 46569 40436 5 1
3360 46570 40436 5 1
3361 46571 40436 5 1
3362 46572 40436 5 1
3363 46573 40436 5 1
3364 46574 40436 5 1
3365 46575 40436 5 1
3366 46576 40436 5 1
3367 46577 40436 5 1
3368 46578 40436 5 1
3369 46579 40436 5 1
3370 46580 40436 5 1
3371 46581 40436 5 1
3372 46582 40436 5 1
3373 46583 40436 5 1
3374 46584 40436 5 1
3375 46585 40436 5 1
3376 46586 40436 5 1
3377 46587 40436 5 1
3378 46588 40436 5 1
3379 46589 40436 5 1
3380 46590 40436 5 1
3381 46591 40436 5 1
3382 46592 40436 5 1
3383 46593 40436 5 1
3384 46594 40436 5 1
3385 46595 40436 5 1
3386 46596 40436 5 1
3387 46597 40436 5 1
3388 46598 40436 5 1
3389 46599 40436 5 1
3390 46600 40436 5 1
3391 46601 40436 5 1
3392 46602 40436 5 1
3393 46603 40436 5 1
3394 46604 40436 5 1
3395 46605 40436 5 1
3396 46606 40436 5 1
3397 46607 40436 5 1
3398 46608 40436 5 1
3399 46609 40436 5 1
3400 46610 40436 5 1
3401 46611 40436 5 1
3402 46612 40436 5 1
3403 46613 40436 5 1
3404 46614 40436 5 1
3405 46615 40436 5 1
3406 46616 40436 5 1
3407 46617 40436 5 1
3408 46618 40436 5 1
3409 46619 40436 5 1
3410 46620 40436 5 1
3411 46621 40436 5 1
3412 46622 40436 5 1
3413 46623 40436 5 1
3414 46624 40436 5 1
3415 46625 40436 5 1
3416 46626 40436 5 1
3417 46627 40436 5 1
3418 46628 40436 5 1
3419 46629 40436 5 1
3420 46630 40436 5 1
3421 46631 40436 5 1
3422 46632 40436 5 1
3423 46633 40436 5 1
3424 46634 40436 5 1
3425 46635 40436 5 1
3426 46636 40436 5 1
3427 46637 40436 5 1
3428 46638 40436 5 1
3429 46639 40436 5 1
3430 46640 40436 5 1
3431 46641 40436 5 1
3432 46642 40436 5 1
3433 46643 40436 5 1
3434 46644 40436 5 1
3435 46645 40436 5 1
3436 46646 40436 5 1
3437 46647 40436 5 1
3438 46648 40436 5 1
3439 46649 40436 5 1
3440 46650 40436 5 1
3441 46651 40436 5 1
3442 46652 40436 5 1
3443 46653 40436 5 1
3444 46654 40436 5 1
3445 46655 40436 5 1
3446 46656 40436 5 1
3447 46657 40436 5 1
3448 46658 40436 5 1
3449 46659 40436 5 1
3450 46660 40436 5 1
3451 46661 40436 5 1
3452 46662 40436 5 1
3453 46663 40436 5 1
3454 46664 40436 5 1
3455 46665 40436 5 1
3456 46666 40436 5 1
3457 46667 40436 5 1
3458 46668 40436 5 1
3459 46669 40436 5 1
3460 46670 40436 5 1
3461 46671 40436 5 1
3462 46672 40436 5 1
3463 46673 40436 5 1
3464 46674 40436 5 1
3465 46675 40436 5 1
3466 46676 40436 5 1
3467 46677 40436 5 1
3468 46678 40436 5 1
3469 46679 40436 5 1
3470 46680 40436 5 1
3471 46681 40436 5 1
3472 46682 40436 5 1
3473 46683 40436 5 1
3474 46684 40436 5 1
3475 46685 40436 5 1
3476 46686 40436 5 1
3477 46687 40436 5 1
3478 46688 40436 5 1
3479 46689 40436 5 1
3480 46690 40436 5 1
3481 46691 40436 5 1
3482 46692 40436 5 1
3483 46693 40436 5 1
3484 47732 41407 3 1
3485 46695 40436 5 1
3486 46696 40436 5 1
3487 46697 40436 5 1
3488 46698 40436 5 1
3489 46699 40436 5 1
3490 47738 41407 3 1
3491 47739 41407 3 1
3492 47740 41407 3 1
3493 47741 41407 3 1
3494 47742 41407 3 1
3495 47743 41407 3 1
3496 47744 41407 3 1
3497 50346 43841 3 1
3498 47746 41407 3 1
3499 47747 41407 3 1
3500 47748 41407 3 1
3501 46711 40436 5 1
3502 46712 40436 5 1
3503 47751 41407 3 1
3504 50353 43841 3 1
3505 47753 41407 3 1
3506 47754 41407 3 1
3507 47755 41407 3 1
3508 47756 41407 3 1
3509 47757 41407 3 1
3510 47758 41407 3 1
3511 50360 43841 3 1
3512 47760 41407 3 1
3513 47761 41407 3 1
3514 47762 41407 3 1
3515 47763 41407 3 1
3516 50365 43841 3 1
3517 50366 43841 3 1
3518 47766 41407 3 1
3519 47767 41407 3 1
3520 47768 41407 3 1
3521 47769 41407 3 1
3522 50371 43841 3 1
3523 47771 41407 3 1
3524 50373 43841 3 1
3525 50374 43841 3 1
3526 47774 41407 3 1
3527 50376 43841 3 1
3528 50377 43841 3 1
3529 47777 41407 3 1
3530 50379 43841 3 1
3531 50380 43841 3 1
3532 50381 43841 3 1
3533 50382 43841 3 1
3534 50383 43841 3 1
3535 50384 43841 3 1
3536 50385 43841 3 1
3537 50386 43841 3 1
3538 50387 43841 3 1
3539 50388 43841 3 1
3540 50389 43841 3 1
3541 50390 43841 3 1
3542 50391 43841 3 1
3543 50392 43841 3 1
3544 50393 43841 3 1
3545 50394 43841 3 1
3546 50395 43841 3 1
3547 50396 43841 3 1
3548 50397 43841 3 1
3549 50398 43841 3 1
3550 50399 43841 3 1
3551 50400 43841 3 1
3552 50401 43841 3 1
3553 50402 43841 3 1
3554 50403 43841 3 1
3555 50404 43841 3 1
3556 50405 43841 3 1
3557 50406 43841 3 1
3558 50407 43841 3 1
3559 50408 43841 3 1
3560 50409 43841 3 1
3561 50410 43841 3 1
3562 50411 43841 3 1
3563 50412 43841 3 1
3564 50413 43841 3 1
3565 50414 43841 3 1
3566 50415 43841 3 1
3567 50416 43841 3 1
3568 50417 43841 3 1
3569 50418 43841 3 1
3570 50419 43841 3 1
3571 50420 43841 3 1
3572 50421 43841 3 1
3573 50422 43841 3 1
3574 50423 43841 3 1
3575 50424 43841 3 1
3576 50425 43841 3 1
3577 50426 43841 3 1
3578 50427 43841 3 1
3579 50428 43841 3 1
3580 50429 43841 3 1
3581 50430 43841 3 1
3582 50431 43841 3 1
3583 50432 43841 3 1
3584 50433 43841 3 1
3585 50434 43841 3 1
3586 50435 43841 3 1
3587 50436 43841 3 1
3588 50437 43841 3 1
3589 50438 43841 3 1
3590 50439 43841 3 1
3591 50440 43841 3 1
3592 50441 43841 3 1
3593 50442 43841 3 1
3594 50443 43841 3 1
3595 50444 43841 3 1
3596 50445 43841 3 1
3597 50446 43841 3 1
3598 50447 43841 3 1
3599 50448 43841 3 1
3600 50449 43841 3 1
3601 50450 43841 3 1
3602 50451 43841 3 1
3603 50452 43841 3 1
3604 50453 43841 3 1
3605 50454 43841 3 1
3606 50455 43841 3 1
3607 50456 43841 3 1
3608 50457 43841 3 1
3609 50458 43841 3 1
3610 50459 43841 3 1
3611 50460 43841 3 1
3612 50461 43841 3 1
3613 50462 43841 3 1
3614 50463 43841 3 1
3615 50464 43841 3 1
3616 50465 43841 3 1
3617 50466 43841 3 1
3618 50467 43841 3 1
3619 50468 43841 3 1
3620 50469 43841 3 1
3621 50470 43841 3 1
3622 50471 43841 3 1
3623 50472 43841 3 1
3624 50473 43841 3 1
3625 50474 43841 3 1
3626 50475 43841 3 1
3627 50476 43841 3 1
3628 50477 43841 3 1
3629 50478 43841 3 1
3630 50479 43841 3 1
3631 50480 43841 3 1
3632 50481 43841 3 1
3633 50482 43841 3 1
3634 50483 43841 3 1
3635 50484 43841 3 1
3636 50485 43841 3 1
3637 50486 43841 3 1
3638 50487 43841 3 1
3639 50488 43841 3 1
3640 50489 43841 3 1
3641 50490 43841 3 1
3642 50491 43841 3 1
3643 50492 43841 3 1
3644 50493 43841 3 1
3645 50494 43841 3 1
3646 50495 43841 3 1
3647 50496 43841 3 1
3648 50497 43841 3 1
3649 50498 43841 3 1
3650 50499 43841 3 1
3651 50500 43841 3 1
3652 50501 43841 3 1
3653 50502 43841 3 1
3654 50503 43841 3 1
3655 50504 43841 3 1
3656 50505 43841 3 1
3657 50506 43841 3 1
3658 50507 43841 3 1
3659 50508 43841 3 1
3660 50509 43841 3 1
3661 50510 43841 3 1
3662 50511 43841 3 1
3663 50512 43841 3 1
3664 50513 43841 3 1
3665 50514 43841 3 1
3666 50515 43841 3 1
3667 50516 43841 3 1
3668 50517 43841 3 1
3669 50518 43841 3 1
3670 50519 43841 3 1
3671 50520 43841 3 1
3672 50521 43841 3 1
3673 50522 43841 3 1
3674 50523 43841 3 1
3675 50524 43841 3 1
3676 50525 43841 3 1
3677 50526 43841 3 1
3678 50527 43841 3 1
3679 50528 43841 3 1
3680 50529 43841 3 1
3681 50530 43841 3 1
3682 50531 43841 3 1
3683 50532 43841 3 1
3684 50533 43841 3 1
3685 50534 43841 3 1
3686 50535 43841 3 1
3687 50536 43841 3 1
3688 50537 43841 3 1
3689 50538 43841 3 1
3690 50539 43841 3 1
3691 50540 43841 3 1
3692 50541 43841 3 1
3693 50542 43841 3 1
3694 50543 43841 3 1
3695 50544 43841 3 1
3696 50545 43841 3 1
3697 50546 43841 3 1
3698 50547 43841 3 1
3699 50548 43841 3 1
3700 50549 43841 3 1
3701 50550 43841 3 1
3702 50551 43841 3 1
3703 50552 43841 3 1
3704 50553 43841 3 1
3705 50554 43841 3 1
3706 50555 43841 3 1
3707 50556 43841 3 1
3708 50557 43841 3 1
3709 50558 43841 3 1
3710 50559 43841 3 1
3711 50560 43841 3 1
3712 50561 43841 3 1
3713 50562 43841 3 1
3714 50563 43841 3 1
3715 50564 43841 3 1
3716 50565 43841 3 1
3717 50566 43841 3 1
3718 50567 43841 3 1
3719 50568 43841 3 1
3720 50569 43841 3 1
3721 50570 43841 3 1
3722 50571 43841 3 1
3723 51102 44337 3 1
3724 51103 44337 3 1
3725 51104 44337 3 1
3726 51105 44337 3 1
3727 50576 43841 3 1
3728 51107 44337 3 1
3729 51108 44337 3 1
3730 51109 44337 3 1
3731 51110 44337 3 1
3732 50581 43841 3 1
3733 51112 44337 3 1
3734 51113 44337 3 1
3735 51114 44337 3 1
3736 51115 44337 3 1
3737 51116 44337 3 1
3738 51117 44337 3 1
3739 51118 44337 3 1
3740 51119 44337 3 1
3741 51120 44337 3 1
3742 51121 44337 3 1
3743 51122 44337 3 1
3744 51123 44337 3 1
3745 51124 44337 3 1
3746 51125 44337 3 1
3747 51126 44337 3 1
3748 51127 44337 3 1
3749 51128 44337 3 1
3750 51129 44337 3 1
3751 51130 44337 3 1
3752 51131 44337 3 1
3753 51132 44337 3 1
3754 51133 44337 3 1
3755 51134 44337 3 1
3756 51135 44337 3 1
3757 51136 44337 3 1
3758 51137 44337 3 1
3759 51138 44337 3 1
3760 51139 44337 3 1
3761 51140 44337 3 1
3762 51141 44337 3 1
3763 51142 44337 3 1
3764 51143 44337 3 1
3765 51144 44337 3 1
3766 51145 44337 3 1
3767 51146 44337 3 1
3768 51147 44337 3 1
3769 51148 44337 3 1
3770 51149 44337 3 1
3771 51150 44337 3 1
3772 51151 44337 3 1
3773 51152 44337 3 1
3774 51153 44337 3 1
3775 51154 44337 3 1
3776 51155 44337 3 1
3777 51156 44337 3 1
3778 51157 44337 3 1
3779 51158 44337 3 1
3780 51159 44337 3 1
3781 51160 44337 3 1
3782 51161 44337 3 1
3783 51162 44337 3 1
3784 51163 44337 3 1
3785 51164 44337 3 1
3786 51165 44337 3 1
3787 51166 44337 3 1
3788 51167 44337 3 1
3789 51168 44337 3 1
3790 51169 44337 3 1
3791 51170 44337 3 1
3792 51171 44337 3 1
3793 51172 44337 3 1
3794 51173 44337 3 1
3795 51174 44337 3 1
3796 51175 44337 3 1
3797 51176 44337 3 1
3798 51177 44337 3 1
3799 51178 44337 3 1
3800 51179 44337 3 1
3801 51180 44337 3 1
3802 51181 44337 3 1
3803 51182 44337 3 1
3804 51183 44337 3 1
3805 51184 44337 3 1
3806 51185 44337 3 1
3807 51186 44337 3 1
3808 51187 44337 3 1
3809 51188 44337 3 1
3810 51189 44337 3 1
3811 51190 44337 3 1
3812 51191 44337 3 1
3813 51192 44337 3 1
3814 51193 44337 3 1
3815 51194 44337 3 1
3816 51195 44337 3 1
3817 51196 44337 3 1
3818 51197 44337 3 1
3819 51198 44337 3 1
3820 52756 45794 3 1
3821 51200 44337 3 1
3822 51201 44337 3 1
3823 52759 45794 3 1
3824 52760 45794 3 1
3825 52761 45794 3 1
3826 51205 44337 3 1
3827 52763 45794 3 1
3828 52764 45794 3 1
3829 52765 45794 3 1
3830 52766 45794 3 1
3831 52767 45794 3 1
3832 52768 45794 3 1
3833 52769 45794 3 1
3834 52770 45794 3 1
3835 52771 45794 3 1
3836 52772 45794 3 1
3837 52773 45794 3 1
3838 52774 45794 3 1
3839 52775 45794 3 1
3840 52776 45794 3 1
3841 52777 45794 3 1
3842 52778 45794 3 1
3843 52779 45794 3 1
3844 52780 45794 3 1
3845 52781 45794 3 1
3846 52782 45794 3 1
3847 52783 45794 3 1
3848 52784 45794 3 1
3849 52785 45794 3 1
3850 52786 45794 3 1
3851 52787 45794 3 1
3852 52788 45794 3 1
3853 52789 45794 3 1
3854 52790 45794 3 1
3855 52791 45794 3 1
3856 52792 45794 3 1
3857 52793 45794 3 1
3858 52794 45794 3 1
3859 52795 45794 3 1
3860 52796 45794 3 1
3861 52797 45794 3 1
3862 52798 45794 3 1
3863 52799 45794 3 1
3864 52800 45794 3 1
3865 52801 45794 3 1
3866 52802 45794 3 1
3867 52803 45794 3 1
3868 52804 45794 3 1
3869 52805 45794 3 1
3870 52806 45794 3 1
3871 52807 45794 3 1
3872 52808 45794 3 1
3873 52809 45794 3 1
3874 52810 45794 3 1
3875 52811 45794 3 1
3876 52812 45794 3 1
3877 52813 45794 3 1
3878 52814 45794 3 1
3879 52815 45794 3 1
3880 52816 45794 3 1
3881 52817 45794 3 1
3882 52818 45794 3 1
3883 52819 45794 3 1
3884 52820 45794 3 1
3885 52821 45794 3 1
3886 52822 45794 3 1
3887 52823 45794 3 1
3888 52824 45794 3 1
3889 52825 45794 3 1
3890 52826 45794 3 1
3891 52827 45794 3 1
3892 52828 45794 3 1
3893 52829 45794 3 1
3894 52830 45794 3 1
3895 52831 45794 3 1
3896 52832 45794 3 1
3897 52833 45794 3 1
3898 52834 45794 3 1
3899 52835 45794 3 1
3900 52836 45794 3 1
3901 52837 45794 3 1
3902 52838 45794 3 1
3903 52839 45794 3 1
3904 52840 45794 3 1
3905 52841 45794 3 1
3906 52842 45794 3 1
3907 52843 45794 3 1
3908 52844 45794 3 1
3909 52845 45794 3 1
3910 52846 45794 3 1
3911 52847 45794 3 1
3912 52848 45794 3 1
3913 52849 45794 3 1
3914 52850 45794 3 1
3915 52851 45794 3 1
3916 52852 45794 3 1
3917 52853 45794 3 1
3918 52854 45794 3 1
3919 52855 45794 3 1
3920 52856 45794 3 1
3921 52857 45794 3 1
3922 52858 45794 3 1
3923 52859 45794 3 1
3924 52860 45794 3 1
3925 52861 45794 3 1
3926 52862 45794 3 1
3927 52863 45794 3 1
3928 52864 45794 3 1
3929 52865 45794 3 1
3930 55051 47839 5 1
3931 52867 45794 3 1
3932 55053 47839 5 1
3933 55054 47839 5 1
3934 55055 47839 5 1
3935 55056 47839 5 1
3936 52872 45794 3 1
3937 55058 47839 5 1
3938 55059 47839 5 1
3939 55060 47839 5 1
3940 55061 47839 5 1
3941 55062 47839 5 1
3942 55063 47839 5 1
3943 55064 47839 5 1
3944 55065 47839 5 1
3945 55066 47839 5 1
3946 55067 47839 5 1
3947 55068 47839 5 1
3948 55069 47839 5 1
3949 55070 47839 5 1
3950 52886 45794 3 1
3951 55072 47839 5 1
3952 52888 45794 3 1
3953 55074 47839 5 1
3954 55075 47839 5 1
3955 55076 47839 5 1
3956 55077 47839 5 1
3957 55078 47839 5 1
3958 55079 47839 5 1
3959 52895 45794 3 1
3960 52896 45794 3 1
3961 55082 47839 5 1
3962 55083 47839 5 1
3963 52899 45794 3 1
3964 52900 45794 3 1
3965 55086 47839 5 1
3966 55087 47839 5 1
3967 52903 45794 3 1
3968 55089 47839 5 1
3969 55090 47839 5 1
3970 55091 47839 5 1
3971 55092 47839 5 1
3972 52908 45794 3 1
3973 55094 47839 5 1
3974 55095 47839 5 1
3975 52911 45794 3 1
3976 52912 45794 3 1
3977 52913 45794 3 1
3978 55099 47839 5 1
3979 55100 47839 5 1
3980 52916 45794 3 1
3981 55102 47839 5 1
3982 55103 47839 5 1
3983 55104 47839 5 1
3984 52920 45794 3 1
3985 52921 45794 3 1
3986 52922 45794 3 1
3987 52923 45794 3 1
3988 52924 45794 3 1
3989 55110 47839 5 1
3990 55111 47839 5 1
3991 55112 47839 5 1
3992 55113 47839 5 1
3993 52929 45794 3 1
3994 55115 47839 5 1
3995 55116 47839 5 1
3996 55117 47839 5 1
3997 55118 47839 5 1
3998 55119 47839 5 1
3999 55120 47839 5 1
4000 55121 47839 5 1
4001 55122 47839 5 1
4002 55123 47839 5 1
4003 55124 47839 5 1
4004 55125 47839 5 1
4005 55126 47839 5 1
4006 55127 47839 5 1
4007 55128 47839 5 1
4008 55129 47839 5 1
4009 55130 47839 5 1
4010 55131 47839 5 1
4011 55132 47839 5 1
4012 55133 47839 5 1
4013 55134 47839 5 1
4014 55135 47839 5 1
4015 55136 47839 5 1
4016 55137 47839 5 1
4017 55138 47839 5 1
4018 55139 47839 5 1
4019 55140 47839 5 1
4020 55141 47839 5 1
4021 55142 47839 5 1
4022 55143 47839 5 1
4023 55144 47839 5 1
4024 55145 47839 5 1
4025 55146 47839 5 1
4026 55147 47839 5 1
4027 55148 47839 5 1
4028 55149 47839 5 1
4029 55150 47839 5 1
4030 55151 47839 5 1
4031 55152 47839 5 1
4032 55153 47839 5 1
4033 55154 47839 5 1
4034 55155 47839 5 1
4035 55156 47839 5 1
4036 55157 47839 5 1
4037 55158 47839 5 1
4038 55159 47839 5 1
4039 55160 47839 5 1
4040 55161 47839 5 1
4041 55162 47839 5 1
4042 55163 47839 5 1
4043 55164 47839 5 1
4044 55165 47839 5 1
4045 55166 47839 5 1
4046 55167 47839 5 1
4047 55168 47839 5 1
4048 55169 47839 5 1
4049 55170 47839 5 1
4050 55171 47839 5 1
4051 55172 47839 5 1
4052 55173 47839 5 1
4053 55174 47839 5 1
4054 55175 47839 5 1
4055 55176 47839 5 1
4056 55177 47839 5 1
4057 55178 47839 5 1
4058 55179 47839 5 1
4059 55180 47839 5 1
4060 55181 47839 5 1
4061 55182 47839 5 1
4062 55183 47839 5 1
4063 55184 47839 5 1
4064 55185 47839 5 1
4065 55186 47839 5 1
4066 55187 47839 5 1
4067 55188 47839 5 1
4068 55189 47839 5 1
4069 55190 47839 5 1
4070 55191 47839 5 1
4071 55192 47839 5 1
4072 55193 47839 5 1
4073 55194 47839 5 1
4074 55195 47839 5 1
4075 55196 47839 5 1
4076 55197 47839 5 1
4077 55198 47839 5 1
4078 55199 47839 5 1
4079 55200 47839 5 1
4080 55201 47839 5 1
4081 55202 47839 5 1
4082 55203 47839 5 1
4083 55204 47839 5 1
4084 55205 47839 5 1
4085 55206 47839 5 1
4086 55207 47839 5 1
4087 55208 47839 5 1
4088 55209 47839 5 1
4089 55210 47839 5 1
4090 55211 47839 5 1
4091 55212 47839 5 1
4092 55213 47839 5 1
4093 55868 48451 5 1
4094 55869 48451 5 1
4095 55870 48451 5 1
4096 55871 48451 5 1
4097 55872 48451 5 1
4098 55219 47839 5 1
4099 55874 48451 5 1
4100 55221 47839 5 1
4101 55876 48451 5 1
4102 55877 48451 5 1
4103 55878 48451 5 1
4104 55879 48451 5 1
4105 55880 48451 5 1
4106 55881 48451 5 1
4107 55882 48451 5 1
4108 55883 48451 5 1
4109 55884 48451 5 1
4110 55885 48451 5 1
4111 55886 48451 5 1
4112 55887 48451 5 1
4113 55888 48451 5 1
4114 55889 48451 5 1
4115 55890 48451 5 1
4116 55891 48451 5 1
4117 55892 48451 5 1
4118 55893 48451 5 1
4119 55894 48451 5 1
4120 55895 48451 5 1
4121 55896 48451 5 1
4122 55897 48451 5 1
4123 55898 48451 5 1
4124 55899 48451 5 1
4125 55900 48451 5 1
4126 55901 48451 5 1
4127 55902 48451 5 1
4128 55903 48451 5 1
4129 55904 48451 5 1
4130 55905 48451 5 1
4131 55906 48451 5 1
4132 55907 48451 5 1
4133 55908 48451 5 1
4134 55909 48451 5 1
4135 55910 48451 5 1
4136 55911 48451 5 1
4137 55912 48451 5 1
4138 55913 48451 5 1
4139 55914 48451 5 1
4140 55915 48451 5 1
4141 55916 48451 5 1
4142 55917 48451 5 1
4143 55918 48451 5 1
4144 55919 48451 5 1
4145 55920 48451 5 1
4146 55921 48451 5 1
4147 55922 48451 5 1
4148 55923 48451 5 1
4149 55924 48451 5 1
4150 55925 48451 5 1
4151 55926 48451 5 1
4152 55927 48451 5 1
4153 55928 48451 5 1
4154 55929 48451 5 1
4155 55930 48451 5 1
4156 55931 48451 5 1
4157 55932 48451 5 1
4158 55933 48451 5 1
4159 55934 48451 5 1
4160 55935 48451 5 1
4161 55936 48451 5 1
4162 55937 48451 5 1
4163 55938 48451 5 1
4164 55939 48451 5 1
4165 55940 48451 5 1
4166 55941 48451 5 1
4167 55942 48451 5 1
4168 55943 48451 5 1
4169 55944 48451 5 1
4170 55945 48451 5 1
4171 55946 48451 5 1
4172 55947 48451 5 1
4173 55948 48451 5 1
4174 55949 48451 5 1
4175 55950 48451 5 1
4176 55951 48451 5 1
4177 55952 48451 5 1
4178 55953 48451 5 1
4179 55954 48451 5 1
4180 55955 48451 5 1
4181 55956 48451 5 1
4182 55957 48451 5 1
4183 55958 48451 5 1
4184 55959 48451 5 1
4185 55960 48451 5 1
4186 55961 48451 5 1
4187 55962 48451 5 1
4188 55963 48451 5 1
4189 55964 48451 5 1
4190 55965 48451 5 1
4191 55966 48451 5 1
4192 55967 48451 5 1
4193 55968 48451 5 1
4194 55969 48451 5 1
4195 55970 48451 5 1
4196 55971 48451 5 1
4197 55972 48451 5 1
4198 55973 48451 5 1
4199 55974 48451 5 1
4200 55975 48451 5 1
4201 55976 48451 5 1
4202 55977 48451 5 1
4203 55978 48451 5 1
4204 55979 48451 5 1
4205 55980 48451 5 1
4206 57983 50324 2 1
4207 57984 50324 2 1
4208 57985 50324 2 1
4209 57986 50324 2 1
4210 57987 50324 2 1
4211 55986 48451 5 1
4212 55987 48451 5 1
4213 57990 50324 2 1
4214 57991 50324 2 1
4215 57992 50324 2 1
4216 57993 50324 2 1
4217 57994 50324 2 1
4218 57995 50324 2 1
4219 57996 50324 2 1
4220 57997 50324 2 1
4221 57998 50324 2 1
4222 57999 50324 2 1
4223 58000 50324 2 1
4224 58001 50324 2 1
4225 58002 50324 2 1
4226 58003 50324 2 1
4227 58004 50324 2 1
4228 58005 50324 2 1
4229 58006 50324 2 1
4230 58007 50324 2 1
4231 58008 50324 2 1
4232 58009 50324 2 1
4233 58010 50324 2 1
4234 58011 50324 2 1
4235 58012 50324 2 1
4236 58013 50324 2 1
4237 58014 50324 2 1
4238 58015 50324 2 1
4239 58016 50324 2 1
4240 58017 50324 2 1
4241 58018 50324 2 1
4242 58019 50324 2 1
4243 58020 50324 2 1
4244 58021 50324 2 1
4245 58022 50324 2 1
4246 58023 50324 2 1
4247 58024 50324 2 1
4248 60254 52410 3 1
4249 60255 52410 3 1
4250 58027 50324 2 1
4251 60257 52410 3 1
4252 60258 52410 3 1
4253 58030 50324 2 1
4254 58031 50324 2 1
4255 58032 50324 2 1
4256 58033 50324 2 1
4257 58034 50324 2 1
4258 58035 50324 2 1
4259 58036 50324 2 1
4260 58037 50324 2 1
4261 58038 50324 2 1
4262 58039 50324 2 1
4263 58040 50324 2 1
4264 60270 52410 3 1
4265 60271 52410 3 1
4266 60272 52410 3 1
4267 60273 52410 3 1
4268 58045 50324 2 1
4269 60275 52410 3 1
4270 60276 52410 3 1
4271 58048 50324 2 1
4272 60278 52410 3 1
4273 60279 52410 3 1
4274 60280 52410 3 1
4275 60281 52410 3 1
4276 60282 52410 3 1
4277 60283 52410 3 1
4278 60284 52410 3 1
4279 60285 52410 3 1
4280 60286 52410 3 1
4281 60287 52410 3 1
4282 60288 52410 3 1
4283 60289 52410 3 1
4284 60290 52410 3 1
4285 60291 52410 3 1
4286 60292 52410 3 1
4287 60293 52410 3 1
4288 60294 52410 3 1
4289 60295 52410 3 1
4290 60296 52410 3 1
4291 60297 52410 3 1
4292 60298 52410 3 1
4293 60299 52410 3 1
4294 60300 52410 3 1
4295 60301 52410 3 1
4296 60302 52410 3 1
4297 60303 52410 3 1
4298 60304 52410 3 1
4299 60305 52410 3 1
4300 60306 52410 3 1
4301 60307 52410 3 1
4302 60308 52410 3 1
4303 60309 52410 3 1
4304 60310 52410 3 1
4305 60311 52410 3 1
4306 60312 52410 3 1
4307 60313 52410 3 1
4308 60314 52410 3 1
4309 60315 52410 3 1
4310 60316 52410 3 1
4311 60317 52410 3 1
4312 60318 52410 3 1
4313 60319 52410 3 1
4314 60320 52410 3 1
4315 60321 52410 3 1
4316 60322 52410 3 1
4317 60323 52410 3 1
4318 60324 52410 3 1
4319 60325 52410 3 1
4320 60326 52410 3 1
4321 60327 52410 3 1
4322 60328 52410 3 1
4323 60329 52410 3 1
4324 60330 52410 3 1
4325 60331 52410 3 1
4326 60332 52410 3 1
4327 60333 52410 3 1
4328 60334 52410 3 1
4329 60335 52410 3 1
4330 60336 52410 3 1
4331 60337 52410 3 1
4332 60338 52410 3 1
4333 60339 52410 3 1
4334 60340 52410 3 1
4335 60341 52410 3 1
4336 60342 52410 3 1
4337 60343 52410 3 1
4338 60344 52410 3 1
4339 60345 52410 3 1
4340 60346 52410 3 1
4341 60347 52410 3 1
4342 60348 52410 3 1
4343 60349 52410 3 1
4344 60350 52410 3 1
4345 60351 52410 3 1
4346 60352 52410 3 1
4347 60353 52410 3 1
4348 60354 52410 3 1
4349 60355 52410 3 1
4350 60356 52410 3 1
4351 60357 52410 3 1
4352 60358 52410 3 1
4353 60359 52410 3 1
4354 60360 52410 3 1
4355 60361 52410 3 1
4356 60362 52410 3 1
4357 60363 52410 3 1
4358 60364 52410 3 1
4359 60365 52410 3 1
4360 60366 52410 3 1
4361 60367 52410 3 1
4362 60368 52410 3 1
4363 60369 52410 3 1
4364 60370 52410 3 1
4365 60371 52410 3 1
4366 60372 52410 3 1
4367 60373 52410 3 1
4368 60374 52410 3 1
4369 60375 52410 3 1
4370 60376 52410 3 1
4371 60377 52410 3 1
4372 60378 52410 3 1
4373 60379 52410 3 1
4374 60380 52410 3 1
4375 60381 52410 3 1
4376 60382 52410 3 1
4377 60383 52410 3 1
4378 60384 52410 3 1
4379 60385 52410 3 1
4380 60386 52410 3 1
4381 60387 52410 3 1
4382 60388 52410 3 1
4383 60389 52410 3 1
4384 60390 52410 3 1
4385 60391 52410 3 1
4386 60392 52410 3 1
4387 60393 52410 3 1
4388 60394 52410 3 1
4389 60395 52410 3 1
4390 60396 52410 3 1
4391 60397 52410 3 1
4392 60398 52410 3 1
4393 60399 52410 3 1
4394 60400 52410 3 1
4395 60401 52410 3 1
4396 60402 52410 3 1
4397 60403 52410 3 1
4398 60404 52410 3 1
4399 60405 52410 3 1
4400 60406 52410 3 1
4401 60407 52410 3 1
4402 60408 52410 3 1
4403 60409 52410 3 1
4404 60410 52410 3 1
4405 60411 52410 3 1
4406 60412 52410 3 1
4407 60413 52410 3 1
4408 60414 52410 3 1
4409 60415 52410 3 1
4410 60416 52410 3 1
4411 60417 52410 3 1
4412 60418 52410 3 1
4413 60419 52410 3 1
4414 60420 52410 3 1
4415 60421 52410 3 1
4416 60422 52410 3 1
4417 60423 52410 3 1
4418 60424 52410 3 1
4419 60425 52410 3 1
4420 60426 52410 3 1
4421 60427 52410 3 1
4422 60428 52410 3 1
4423 60429 52410 3 1
4424 60430 52410 3 1
4425 60431 52410 3 1
4426 60432 52410 3 1
4427 60433 52410 3 1
4428 60434 52410 3 1
4429 60435 52410 3 1
4430 60436 52410 3 1
4431 60437 52410 3 1
4432 60438 52410 3 1
4433 60439 52410 3 1
4434 60440 52410 3 1
4435 60441 52410 3 1
4436 60442 52410 3 1
4437 62301 54149 5 1
4438 62302 54149 5 1
4439 60445 52410 3 1
4440 60446 52410 3 1
4441 60447 52410 3 1
4442 60448 52410 3 1
4443 60449 52410 3 1
4444 60450 52410 3 1
4445 60451 52410 3 1
4446 62310 54149 5 1
4447 62311 54149 5 1
4448 62312 54149 5 1
4449 62313 54149 5 1
4450 62314 54149 5 1
4451 62315 54149 5 1
4452 62316 54149 5 1
4453 62317 54149 5 1
4454 62318 54149 5 1
4455 62319 54149 5 1
4456 62320 54149 5 1
4457 60463 52410 3 1
4458 60464 52410 3 1
4459 60465 52410 3 1
4460 62324 54149 5 1
4461 62325 54149 5 1
4462 62326 54149 5 1
4463 62327 54149 5 1
4464 62328 54149 5 1
4465 60471 52410 3 1
4466 60472 52410 3 1
4467 60473 52410 3 1
4468 60474 52410 3 1
4469 62333 54149 5 1
4470 62334 54149 5 1
4471 62335 54149 5 1
4472 62336 54149 5 1
4473 62337 54149 5 1
4474 60480 52410 3 1
4475 60481 52410 3 1
4476 62340 54149 5 1
4477 60483 52410 3 1
4478 60484 52410 3 1
4479 60485 52410 3 1
4480 60486 52410 3 1
4481 60487 52410 3 1
4482 60488 52410 3 1
4483 60489 52410 3 1
4484 60490 52410 3 1
4485 62349 54149 5 1
4486 62350 54149 5 1
4487 62351 54149 5 1
4488 60494 52410 3 1
4489 60495 52410 3 1
4490 62354 54149 5 1
4491 62355 54149 5 1
4492 60498 52410 3 1
4493 60499 52410 3 1
4494 60500 52410 3 1
4495 60501 52410 3 1
4496 62360 54149 5 1
4497 62361 54149 5 1
4498 62362 54149 5 1
4499 62363 54149 5 1
4500 62364 54149 5 1
4501 62365 54149 5 1
4502 62366 54149 5 1
4503 62367 54149 5 1
4504 62368 54149 5 1
4505 62369 54149 5 1
4506 60512 52410 3 1
4507 60513 52410 3 1
4508 60514 52410 3 1
4509 62373 54149 5 1
4510 62374 54149 5 1
4511 62375 54149 5 1
4512 62376 54149 5 1
4513 62377 54149 5 1
4514 62378 54149 5 1
4515 62379 54149 5 1
4516 62380 54149 5 1
4517 62381 54149 5 1
4518 62382 54149 5 1
4519 62383 54149 5 1
4520 62384 54149 5 1
4521 62385 54149 5 1
4522 62386 54149 5 1
4523 62387 54149 5 1
4524 62388 54149 5 1
4525 62389 54149 5 1
4526 62390 54149 5 1
4527 62391 54149 5 1
4528 62392 54149 5 1
4529 62393 54149 5 1
4530 62394 54149 5 1
4531 62395 54149 5 1
4532 62396 54149 5 1
4533 62397 54149 5 1
4534 62398 54149 5 1
4535 62399 54149 5 1
4536 62400 54149 5 1
4537 62401 54149 5 1
4538 62402 54149 5 1
4539 62403 54149 5 1
4540 62404 54149 5 1
4541 62405 54149 5 1
4542 62406 54149 5 1
4543 62407 54149 5 1
4544 62408 54149 5 1
4545 62409 54149 5 1
4546 62410 54149 5 1
4547 62411 54149 5 1
4548 62412 54149 5 1
4549 62413 54149 5 1
4550 62414 54149 5 1
4551 62415 54149 5 1
4552 62416 54149 5 1
4553 62417 54149 5 1
4554 62418 54149 5 1
4555 62419 54149 5 1
4556 62420 54149 5 1
4557 62421 54149 5 1
4558 62422 54149 5 1
4559 62423 54149 5 1
4560 62424 54149 5 1
4561 62425 54149 5 1
4562 62426 54149 5 1
4563 62427 54149 5 1
4564 62428 54149 5 1
4565 62429 54149 5 1
4566 62430 54149 5 1
4567 62431 54149 5 1
4568 62432 54149 5 1
4569 62433 54149 5 1
4570 62434 54149 5 1
4571 62435 54149 5 1
4572 62436 54149 5 1
4573 62437 54149 5 1
4574 62438 54149 5 1
4575 62439 54149 5 1
4576 62440 54149 5 1
4577 62441 54149 5 1
4578 62442 54149 5 1
4579 62443 54149 5 1
4580 62444 54149 5 1
4581 62445 54149 5 1
4582 62446 54149 5 1
4583 62447 54149 5 1
4584 62448 54149 5 1
4585 62449 54149 5 1
4586 62450 54149 5 1
4587 62451 54149 5 1
4588 62452 54149 5 1
4589 62453 54149 5 1
4590 62454 54149 5 1
4591 62455 54149 5 1
4592 62456 54149 5 1
4593 62457 54149 5 1
4594 62458 54149 5 1
4595 62459 54149 5 1
4596 62460 54149 5 1
4597 62461 54149 5 1
4598 62462 54149 5 1
4599 62463 54149 5 1
4600 62464 54149 5 1
4601 62465 54149 5 1
4602 62466 54149 5 1
4603 62467 54149 5 1
4604 62468 54149 5 1
4605 62469 54149 5 1
4606 62470 54149 5 1
4607 62471 54149 5 1
4608 64258 55820 3 1
4609 62473 54149 5 1
4610 62474 54149 5 1
4611 62475 54149 5 1
4612 62476 54149 5 1
4613 62477 54149 5 1
4614 62478 54149 5 1
4615 62479 54149 5 1
4616 62480 54149 5 1
4617 62481 54149 5 1
4618 64268 55820 3 1
4619 62483 54149 5 1
4620 62484 54149 5 1
4621 64271 55820 3 1
4622 62486 54149 5 1
4623 62487 54149 5 1
4624 62488 54149 5 1
4625 62489 54149 5 1
4626 64276 55820 3 1
4627 64277 55820 3 1
4628 64278 55820 3 1
4629 64279 55820 3 1
4630 64280 55820 3 1
4631 64281 55820 3 1
4632 64282 55820 3 1
4633 64283 55820 3 1
4634 64284 55820 3 1
4635 64285 55820 3 1
4636 64286 55820 3 1
4637 64287 55820 3 1
4638 64288 55820 3 1
4639 64289 55820 3 1
4640 64290 55820 3 1
4641 64291 55820 3 1
4642 64292 55820 3 1
4643 64293 55820 3 1
4644 64294 55820 3 1
4645 64295 55820 3 1
4646 64296 55820 3 1
4647 64297 55820 3 1
4648 64298 55820 3 1
4649 64299 55820 3 1
4650 64300 55820 3 1
4651 64301 55820 3 1
4652 64302 55820 3 1
4653 64303 55820 3 1
4654 62518 54149 5 1
4655 62519 54149 5 1
4656 64306 55820 3 1
4657 64307 55820 3 1
4658 64308 55820 3 1
4659 64309 55820 3 1
4660 62524 54149 5 1
4661 64311 55820 3 1
4662 64312 55820 3 1
4663 64313 55820 3 1
4664 64314 55820 3 1
4665 64315 55820 3 1
4666 64316 55820 3 1
4667 62531 54149 5 1
4668 64318 55820 3 1
4669 64319 55820 3 1
4670 64320 55820 3 1
4671 64321 55820 3 1
4672 62536 54149 5 1
4673 62537 54149 5 1
4674 62538 54149 5 1
4675 64325 55820 3 1
4676 64326 55820 3 1
4677 64327 55820 3 1
4678 64328 55820 3 1
4679 64329 55820 3 1
4680 64330 55820 3 1
4681 64331 55820 3 1
4682 64332 55820 3 1
4683 64333 55820 3 1
4684 64334 55820 3 1
4685 64335 55820 3 1
4686 64336 55820 3 1
4687 64337 55820 3 1
4688 64338 55820 3 1
4689 64339 55820 3 1
4690 64340 55820 3 1
4691 64341 55820 3 1
4692 64342 55820 3 1
4693 64343 55820 3 1
4694 64344 55820 3 1
4695 64345 55820 3 1
4696 64346 55820 3 1
4697 64347 55820 3 1
4698 64348 55820 3 1
4699 64349 55820 3 1
4700 64350 55820 3 1
4701 64351 55820 3 1
4702 64352 55820 3 1
4703 64353 55820 3 1
4704 64354 55820 3 1
4705 64355 55820 3 1
4706 64356 55820 3 1
4707 64357 55820 3 1
4708 64358 55820 3 1
4709 64359 55820 3 1
4710 64360 55820 3 1
4711 64361 55820 3 1
4712 67711 58954 3 1
4713 64363 55820 3 1
4714 64364 55820 3 1
4715 64365 55820 3 1
4716 64366 55820 3 1
4717 64367 55820 3 1
4718 64368 55820 3 1
4719 64369 55820 3 1
4720 64370 55820 3 1
4721 64371 55820 3 1
4722 64372 55820 3 1
4723 64373 55820 3 1
4724 64374 55820 3 1
4725 64375 55820 3 1
4726 64376 55820 3 1
4727 64377 55820 3 1
4728 67727 58954 3 1
4729 64379 55820 3 1
4730 67729 58954 3 1
4731 67730 58954 3 1
4732 67731 58954 3 1
4733 67732 58954 3 1
4734 67733 58954 3 1
4735 67734 58954 3 1
4736 64386 55820 3 1
4737 67736 58954 3 1
4738 64388 55820 3 1
4739 64389 55820 3 1
4740 64390 55820 3 1
4741 64391 55820 3 1
4742 67741 58954 3 1
4743 64393 55820 3 1
4744 64394 55820 3 1
4745 67744 58954 3 1
4746 67745 58954 3 1
4747 64397 55820 3 1
4748 64398 55820 3 1
4749 64399 55820 3 1
4750 64400 55820 3 1
4751 64401 55820 3 1
4752 64402 55820 3 1
4753 64403 55820 3 1
4754 64404 55820 3 1
4755 64405 55820 3 1
4756 64406 55820 3 1
4757 64407 55820 3 1
4758 67757 58954 3 1
4759 64409 55820 3 1
4760 64410 55820 3 1
4761 64411 55820 3 1
4762 64412 55820 3 1
4763 64413 55820 3 1
4764 64414 55820 3 1
4765 67764 58954 3 1
4766 64416 55820 3 1
4767 64417 55820 3 1
4768 64418 55820 3 1
4769 64419 55820 3 1
4770 64420 55820 3 1
4771 64421 55820 3 1
4772 64422 55820 3 1
4773 64423 55820 3 1
4774 64424 55820 3 1
4775 67774 58954 3 1
4776 67775 58954 3 1
4777 64427 55820 3 1
4778 64428 55820 3 1
4779 67778 58954 3 1
4780 64430 55820 3 1
4781 64431 55820 3 1
4782 66082 57364 3 1
4783 64433 55820 3 1
4784 64434 55820 3 1
4785 64435 55820 3 1
4786 66086 57364 3 1
4787 66087 57364 3 1
4788 66088 57364 3 1
4789 67788 58954 3 1
4790 66090 57364 3 1
4791 66091 57364 3 1
4792 66092 57364 3 1
4793 66093 57364 3 1
4794 66094 57364 3 1
4795 66095 57364 3 1
4796 66096 57364 3 1
4797 66097 57364 3 1
4798 66098 57364 3 1
4799 66099 57364 3 1
4800 66100 57364 3 1
4801 66101 57364 3 1
4802 66102 57364 3 1
4803 66103 57364 3 1
4804 66104 57364 3 1
4805 66105 57364 3 1
4806 66106 57364 3 1
4807 67806 58954 3 1
4808 66108 57364 3 1
4809 66109 57364 3 1
4810 66110 57364 3 1
4811 66111 57364 3 1
4812 67811 58954 3 1
4813 66113 57364 3 1
4814 67813 58954 3 1
4815 66115 57364 3 1
4816 66116 57364 3 1
4817 66117 57364 3 1
4818 67817 58954 3 1
4819 66119 57364 3 1
4820 66120 57364 3 1
4821 67820 58954 3 1
4822 66122 57364 3 1
4823 66123 57364 3 1
4824 66124 57364 3 1
4825 66125 57364 3 1
4826 66126 57364 3 1
4827 67826 58954 3 1
4828 66128 57364 3 1
4829 66129 57364 3 1
4830 66130 57364 3 1
4831 66131 57364 3 1
4832 66132 57364 3 1
4833 66133 57364 3 1
4834 66134 57364 3 1
4835 66135 57364 3 1
4836 66136 57364 3 1
4837 66137 57364 3 1
4838 66138 57364 3 1
4839 66139 57364 3 1
4840 66140 57364 3 1
4841 66141 57364 3 1
4842 66142 57364 3 1
4843 66143 57364 3 1
4844 66144 57364 3 1
4845 66145 57364 3 1
4846 66146 57364 3 1
4847 66147 57364 3 1
4848 66148 57364 3 1
4849 66149 57364 3 1
4850 66150 57364 3 1
4851 66151 57364 3 1
4852 66152 57364 3 1
4853 66153 57364 3 1
4854 66154 57364 3 1
4855 66155 57364 3 1
4856 66156 57364 3 1
4857 66157 57364 3 1
4858 66158 57364 3 1
4859 66159 57364 3 1
4860 66160 57364 3 1
4861 66161 57364 3 1
4862 66162 57364 3 1
4863 66163 57364 3 1
4864 66164 57364 3 1
4865 66165 57364 3 1
4866 66166 57364 3 1
4867 66167 57364 3 1
4868 66168 57364 3 1
4869 66169 57364 3 1
4870 66170 57364 3 1
4871 66171 57364 3 1
4872 66172 57364 3 1
4873 66173 57364 3 1
4874 66174 57364 3 1
4875 66175 57364 3 1
4876 66176 57364 3 1
4877 66177 57364 3 1
4878 66178 57364 3 1
4879 66179 57364 3 1
4880 66180 57364 3 1
4881 66181 57364 3 1
4882 66182 57364 3 1
4883 66183 57364 3 1
4884 66184 57364 3 1
4885 66185 57364 3 1
4886 66186 57364 3 1
4887 66187 57364 3 1
4888 66188 57364 3 1
4889 66189 57364 3 1
4890 66190 57364 3 1
4891 66191 57364 3 1
4892 66192 57364 3 1
4893 66193 57364 3 1
4894 66194 57364 3 1
4895 66195 57364 3 1
4896 66196 57364 3 1
4897 66197 57364 3 1
4898 66198 57364 3 1
4899 66199 57364 3 1
4900 66200 57364 3 1
4901 66201 57364 3 1
4902 66202 57364 3 1
4903 66203 57364 3 1
4904 66204 57364 3 1
4905 66205 57364 3 1
4906 66206 57364 3 1
4907 66207 57364 3 1
4908 66208 57364 3 1
4909 66209 57364 3 1
4910 66210 57364 3 1
4911 66211 57364 3 1
4912 66212 57364 3 1
4913 66213 57364 3 1
4914 66214 57364 3 1
4915 66215 57364 3 1
4916 66216 57364 3 1
4917 66217 57364 3 1
4918 66218 57364 3 1
4919 66219 57364 3 1
4920 66220 57364 3 1
4921 66221 57364 3 1
4922 66222 57364 3 1
4923 66223 57364 3 1
4924 66224 57364 3 1
4925 66225 57364 3 1
4926 66226 57364 3 1
4927 66227 57364 3 1
4928 66228 57364 3 1
4929 66229 57364 3 1
4930 67929 58954 3 1
4931 67930 58954 3 1
4932 67931 58954 3 1
4933 67932 58954 3 1
4934 66234 57364 3 1
4935 66235 57364 3 1
4936 66236 57364 3 1
4937 67936 58954 3 1
4938 67937 58954 3 1
4939 67938 58954 3 1
4940 67939 58954 3 1
4941 67940 58954 3 1
4942 67941 58954 3 1
4943 67942 58954 3 1
4944 67943 58954 3 1
4945 67944 58954 3 1
4946 67945 58954 3 1
4947 67946 58954 3 1
4948 67947 58954 3 1
4949 67948 58954 3 1
4950 67949 58954 3 1
4951 67950 58954 3 1
4952 67951 58954 3 1
4953 67952 58954 3 1
4954 67953 58954 3 1
4955 67954 58954 3 1
4956 67955 58954 3 1
4957 67956 58954 3 1
4958 67957 58954 3 1
4959 67958 58954 3 1
4960 67959 58954 3 1
4961 67960 58954 3 1
4962 67961 58954 3 1
4963 67962 58954 3 1
4964 67963 58954 3 1
4965 67964 58954 3 1
4966 67965 58954 3 1
4967 67966 58954 3 1
4968 67967 58954 3 1
4969 67968 58954 3 1
4970 67969 58954 3 1
4971 67970 58954 3 1
4972 67971 58954 3 1
4973 67972 58954 3 1
4974 67973 58954 3 1
4975 67974 58954 3 1
4976 67975 58954 3 1
4977 67976 58954 3 1
4978 67977 58954 3 1
4979 67978 58954 3 1
4980 67979 58954 3 1
4981 67980 58954 3 1
4982 67981 58954 3 1
4983 67982 58954 3 1
4984 67983 58954 3 1
4985 67984 58954 3 1
4986 67985 58954 3 1
4987 67986 58954 3 1
4988 67987 58954 3 1
4989 67988 58954 3 1
4990 67989 58954 3 1
4991 67990 58954 3 1
4992 67991 58954 3 1
4993 67992 58954 3 1
4994 67993 58954 3 1
4995 69830 60672 3 1
4996 67995 58954 3 1
4997 67996 58954 3 1
4998 67997 58954 3 1
4999 67998 58954 3 1
5000 67999 58954 3 1
5001 69836 60672 3 1
5002 69837 60672 3 1
5003 68002 58954 3 1
5004 68003 58954 3 1
5005 68004 58954 3 1
5006 68005 58954 3 1
5007 69842 60672 3 1
5008 69843 60672 3 1
5009 69844 60672 3 1
5010 69845 60672 3 1
5011 69846 60672 3 1
5012 69847 60672 3 1
5013 69848 60672 3 1
5014 69849 60672 3 1
5015 69850 60672 3 1
5016 69851 60672 3 1
5017 68016 58954 3 1
5018 69853 60672 3 1
5019 69854 60672 3 1
5020 69855 60672 3 1
5021 69856 60672 3 1
5022 69857 60672 3 1
5023 69858 60672 3 1
5024 69859 60672 3 1
5025 69860 60672 3 1
5026 69861 60672 3 1
5027 69862 60672 3 1
5028 69863 60672 3 1
5029 69864 60672 3 1
5030 69865 60672 3 1
5031 69866 60672 3 1
5032 69867 60672 3 1
5033 69868 60672 3 1
5034 69869 60672 3 1
5035 69870 60672 3 1
5036 69871 60672 3 1
5037 69872 60672 3 1
5038 69873 60672 3 1
5039 69874 60672 3 1
5040 69875 60672 3 1
5041 69876 60672 3 1
5042 69877 60672 3 1
5043 69878 60672 3 1
5044 69879 60672 3 1
5045 69880 60672 3 1
5046 69881 60672 3 1
5047 69882 60672 3 1
5048 69883 60672 3 1
5049 69884 60672 3 1
5050 69885 60672 3 1
5051 69886 60672 3 1
5052 69887 60672 3 1
5053 69888 60672 3 1
5054 69889 60672 3 1
5055 69890 60672 3 1
5056 69891 60672 3 1
5057 69892 60672 3 1
5058 69893 60672 3 1
5059 69894 60672 3 1
5060 69895 60672 3 1
5061 69896 60672 3 1
5062 69897 60672 3 1
5063 69898 60672 3 1
5064 69899 60672 3 1
5065 69900 60672 3 1
5066 69901 60672 3 1
5067 69902 60672 3 1
5068 69903 60672 3 1
5069 69904 60672 3 1
5070 69905 60672 3 1
5071 69906 60672 3 1
5072 69907 60672 3 1
5073 69908 60672 3 1
5074 69909 60672 3 1
5075 69910 60672 3 1
5076 69911 60672 3 1
5077 69912 60672 3 1
5078 69913 60672 3 1
5079 69914 60672 3 1
5080 69915 60672 3 1
5081 69916 60672 3 1
5082 69917 60672 3 1
5083 69918 60672 3 1
5084 69919 60672 3 1
5085 69920 60672 3 1
5086 69921 60672 3 1
5087 69922 60672 3 1
5088 69923 60672 3 1
5089 69924 60672 3 1
5090 69925 60672 3 1
5091 69926 60672 3 1
5092 69927 60672 3 1
5093 69928 60672 3 1
5094 71025 61698 5 1
5095 69930 60672 3 1
5096 69931 60672 3 1
5097 71028 61698 5 1
5098 69933 60672 3 1
5099 71030 61698 5 1
5100 71031 61698 5 1
5101 71032 61698 5 1
5102 71033 61698 5 1
5103 71034 61698 5 1
5104 71035 61698 5 1
5105 71036 61698 5 1
5106 71037 61698 5 1
5107 71038 61698 5 1
5108 71039 61698 5 1
5109 71040 61698 5 1
5110 71041 61698 5 1
5111 71042 61698 5 1
5112 71043 61698 5 1
5113 71044 61698 5 1
5114 71045 61698 5 1
5115 71046 61698 5 1
5116 71047 61698 5 1
5117 71048 61698 5 1
5118 71049 61698 5 1
5119 71050 61698 5 1
5120 71051 61698 5 1
5121 71052 61698 5 1
5122 71053 61698 5 1
5123 71054 61698 5 1
5124 71055 61698 5 1
5125 71056 61698 5 1
5126 71057 61698 5 1
5127 71058 61698 5 1
5128 71059 61698 5 1
5129 71060 61698 5 1
5130 71061 61698 5 1
5131 71062 61698 5 1
5132 71063 61698 5 1
5133 71064 61698 5 1
5134 71065 61698 5 1
5135 71066 61698 5 1
5136 71067 61698 5 1
5137 71068 61698 5 1
5138 71069 61698 5 1
5139 71070 61698 5 1
5140 71071 61698 5 1
5141 71072 61698 5 1
5142 71073 61698 5 1
5143 71074 61698 5 1
5144 71075 61698 5 1
5145 71076 61698 5 1
5146 71077 61698 5 1
5147 71078 61698 5 1
5148 71079 61698 5 1
5149 71080 61698 5 1
5150 71081 61698 5 1
5151 71082 61698 5 1
5152 71083 61698 5 1
5153 71084 61698 5 1
5154 71085 61698 5 1
5155 71086 61698 5 1
5156 71087 61698 5 1
5157 71088 61698 5 1
5158 71089 61698 5 1
5159 71090 61698 5 1
5160 71091 61698 5 1
5161 71092 61698 5 1
5162 71093 61698 5 1
5163 71094 61698 5 1
5164 71095 61698 5 1
5165 71096 61698 5 1
5166 71097 61698 5 1
5167 71098 61698 5 1
5168 71099 61698 5 1
5169 71100 61698 5 1
5170 71101 61698 5 1
5171 71102 61698 5 1
5172 71103 61698 5 1
5173 71104 61698 5 1
5174 71105 61698 5 1
5175 71106 61698 5 1
5176 71107 61698 5 1
5177 71108 61698 5 1
5178 71109 61698 5 1
5179 71110 61698 5 1
5180 71111 61698 5 1
5181 71112 61698 5 1
5182 71113 61698 5 1
5183 71114 61698 5 1
5184 71115 61698 5 1
5185 71116 61698 5 1
5186 71117 61698 5 1
5187 71118 61698 5 1
5188 71119 61698 5 1
5189 71120 61698 5 1
5190 71121 61698 5 1
5191 71122 61698 5 1
5192 71123 61698 5 1
5193 71124 61698 5 1
5194 71125 61698 5 1
5195 71126 61698 5 1
5196 72373 62864 5 1
5197 71128 61698 5 1
5198 71129 61698 5 1
5199 71130 61698 5 1
5200 72377 62864 5 1
5201 72378 62864 5 1
5202 72379 62864 5 1
5203 72380 62864 5 1
5204 72381 62864 5 1
5205 72382 62864 5 1
5206 71137 61698 5 1
5207 72384 62864 5 1
5208 72385 62864 5 1
5209 71140 61698 5 1
5210 71141 61698 5 1
5211 72388 62864 5 1
5212 72389 62864 5 1
5213 72390 62864 5 1
5214 72391 62864 5 1
5215 72392 62864 5 1
5216 71147 61698 5 1
5217 72394 62864 5 1
5218 72395 62864 5 1
5219 72396 62864 5 1
5220 72397 62864 5 1
5221 72398 62864 5 1
5222 72399 62864 5 1
5223 72400 62864 5 1
5224 72401 62864 5 1
5225 72402 62864 5 1
5226 72403 62864 5 1
5227 72404 62864 5 1
5228 72405 62864 5 1
5229 72406 62864 5 1
5230 72407 62864 5 1
5231 72408 62864 5 1
5232 72409 62864 5 1
5233 72410 62864 5 1
5234 72411 62864 5 1
5235 72412 62864 5 1
5236 72413 62864 5 1
5237 72414 62864 5 1
5238 72415 62864 5 1
5239 72416 62864 5 1
5240 72417 62864 5 1
5241 72418 62864 5 1
5242 72419 62864 5 1
5243 72420 62864 5 1
5244 72421 62864 5 1
5245 72422 62864 5 1
5246 72423 62864 5 1
5247 72424 62864 5 1
5248 72425 62864 5 1
5249 72426 62864 5 1
5250 72427 62864 5 1
5251 72428 62864 5 1
5252 72429 62864 5 1
5253 72430 62864 5 1
5254 72431 62864 5 1
5255 72432 62864 5 1
5256 72433 62864 5 1
5257 72434 62864 5 1
5258 72435 62864 5 1
5259 72436 62864 5 1
5260 72437 62864 5 1
5261 72438 62864 5 1
5262 72439 62864 5 1
5263 72440 62864 5 1
5264 72441 62864 5 1
5265 72442 62864 5 1
5266 72443 62864 5 1
5267 72444 62864 5 1
5268 72445 62864 5 1
5269 72446 62864 5 1
5270 72447 62864 5 1
5271 72448 62864 5 1
5272 72449 62864 5 1
5273 72450 62864 5 1
5274 72451 62864 5 1
5275 72452 62864 5 1
5276 72453 62864 5 1
5277 72454 62864 5 1
5278 72455 62864 5 1
5279 72456 62864 5 1
5280 72457 62864 5 1
5281 72458 62864 5 1
5282 72459 62864 5 1
5283 72460 62864 5 1
5284 72461 62864 5 1
5285 72462 62864 5 1
5286 72463 62864 5 1
5287 72464 62864 5 1
5288 72465 62864 5 1
5289 72466 62864 5 1
5290 72467 62864 5 1
5291 72468 62864 5 1
5292 72469 62864 5 1
5293 72470 62864 5 1
5294 72471 62864 5 1
5295 72472 62864 5 1
5296 72473 62864 5 1
5297 72474 62864 5 1
5298 72475 62864 5 1
5299 72476 62864 5 1
5300 72477 62864 5 1
5301 72478 62864 5 1
5302 72479 62864 5 1
5303 72480 62864 5 1
5304 72481 62864 5 1
5305 72482 62864 5 1
5306 72483 62864 5 1
5307 72484 62864 5 1
5308 72485 62864 5 1
5309 72486 62864 5 1
5310 72487 62864 5 1
5311 72488 62864 5 1
5312 72489 62864 5 1
5313 72490 62864 5 1
5314 72491 62864 5 1
5315 72492 62864 5 1
5316 72493 62864 5 1
5317 72494 62864 5 1
5318 72495 62864 5 1
5319 72496 62864 5 1
5320 72497 62864 5 1
5321 72498 62864 5 1
5322 72499 62864 5 1
5323 72500 62864 5 1
5324 72501 62864 5 1
5325 72502 62864 5 1
5326 72503 62864 5 1
5327 72504 62864 5 1
5328 72505 62864 5 1
5329 72506 62864 5 1
5330 72507 62864 5 1
5331 72508 62864 5 1
5332 72509 62864 5 1
5333 72510 62864 5 1
5334 72511 62864 5 1
5335 72512 62864 5 1
5336 72513 62864 5 1
5337 72514 62864 5 1
5338 72515 62864 5 1
5339 72516 62864 5 1
5340 72517 62864 5 1
5341 72518 62864 5 1
5342 72519 62864 5 1
5343 72520 62864 5 1
5344 72521 62864 5 1
5345 72522 62864 5 1
5346 72523 62864 5 1
5347 72524 62864 5 1
5348 72525 62864 5 1
5349 72526 62864 5 1
5350 72527 62864 5 1
5351 72528 62864 5 1
5352 72529 62864 5 1
5353 72530 62864 5 1
5354 72531 62864 5 1
5355 72532 62864 5 1
5356 72533 62864 5 1
5357 72534 62864 5 1
5358 72535 62864 5 1
5359 72536 62864 5 1
5360 72537 62864 5 1
5361 72538 62864 5 1
5362 72539 62864 5 1
5363 72540 62864 5 1
5364 72541 62864 5 1
5365 72542 62864 5 1
5366 72543 62864 5 1
5367 72544 62864 5 1
5368 72545 62864 5 1
5369 72546 62864 5 1
5370 72547 62864 5 1
5371 72548 62864 5 1
5372 72549 62864 5 1
5373 72550 62864 5 1
5374 72551 62864 5 1
5375 72552 62864 5 1
5376 72553 62864 5 1
5377 72554 62864 5 1
5378 72555 62864 5 1
5379 72556 62864 5 1
5380 72557 62864 5 1
5381 72558 62864 5 1
5382 72559 62864 5 1
5383 72560 62864 5 1
5384 72561 62864 5 1
5385 72562 62864 5 1
5386 72563 62864 5 1
5387 72564 62864 5 1
5388 74708 64869 3 1
5389 72566 62864 5 1
5390 72567 62864 5 1
5391 74711 64869 3 1
5392 72569 62864 5 1
5393 72570 62864 5 1
5394 72571 62864 5 1
5395 74715 64869 3 1
5396 72573 62864 5 1
5397 72574 62864 5 1
5398 72575 62864 5 1
5399 72576 62864 5 1
5400 72577 62864 5 1
5401 74721 64869 3 1
5402 74722 64869 3 1
5403 72580 62864 5 1
5404 72581 62864 5 1
5405 74725 64869 3 1
5406 74726 64869 3 1
5407 74727 64869 3 1
5408 74728 64869 3 1
5409 74729 64869 3 1
5410 74730 64869 3 1
5411 74731 64869 3 1
5412 74732 64869 3 1
5413 74733 64869 3 1
5414 74734 64869 3 1
5415 74735 64869 3 1
5416 74736 64869 3 1
5417 74737 64869 3 1
5418 74738 64869 3 1
5419 74739 64869 3 1
5420 74740 64869 3 1
5421 74741 64869 3 1
5422 74742 64869 3 1
5423 74743 64869 3 1
5424 74744 64869 3 1
5425 74745 64869 3 1
5426 74746 64869 3 1
5427 74747 64869 3 1
5428 74748 64869 3 1
5429 74749 64869 3 1
5430 74750 64869 3 1
5431 74751 64869 3 1
5432 74752 64869 3 1
5433 74753 64869 3 1
5434 74754 64869 3 1
5435 74755 64869 3 1
5436 74756 64869 3 1
5437 74757 64869 3 1
5438 74758 64869 3 1
5439 74759 64869 3 1
5440 74760 64869 3 1
5441 74761 64869 3 1
5442 74762 64869 3 1
5443 74763 64869 3 1
5444 74764 64869 3 1
5445 74765 64869 3 1
5446 74766 64869 3 1
5447 74767 64869 3 1
5448 75879 65909 5 1
5449 75880 65909 5 1
5450 74770 64869 3 1
5451 75882 65909 5 1
5452 74772 64869 3 1
5453 74773 64869 3 1
5454 74774 64869 3 1
5455 75886 65909 5 1
5456 75887 65909 5 1
5457 75888 65909 5 1
5458 74778 64869 3 1
5459 75890 65909 5 1
5460 75891 65909 5 1
5461 75892 65909 5 1
5462 75893 65909 5 1
5463 75894 65909 5 1
5464 75895 65909 5 1
5465 75896 65909 5 1
5466 75897 65909 5 1
5467 75898 65909 5 1
5468 75899 65909 5 1
5469 75900 65909 5 1
5470 75901 65909 5 1
5471 75902 65909 5 1
5472 75903 65909 5 1
5473 75904 65909 5 1
5474 75905 65909 5 1
5475 75906 65909 5 1
5476 75907 65909 5 1
5477 75908 65909 5 1
5478 75909 65909 5 1
5479 75910 65909 5 1
5480 75911 65909 5 1
5481 75912 65909 5 1
5482 75913 65909 5 1
5483 75914 65909 5 1
5484 74804 64869 3 1
5485 74805 64869 3 1
5486 74806 64869 3 1
5487 74807 64869 3 1
5488 74808 64869 3 1
5489 74809 64869 3 1
5490 74810 64869 3 1
5491 75922 65909 5 1
5492 74812 64869 3 1
5493 74813 64869 3 1
5494 74814 64869 3 1
5495 74815 64869 3 1
5496 74816 64869 3 1
5497 74817 64869 3 1
5498 74818 64869 3 1
5499 74819 64869 3 1
5500 74820 64869 3 1
5501 74821 64869 3 1
5502 74822 64869 3 1
5503 74823 64869 3 1
5504 74824 64869 3 1
5505 74825 64869 3 1
5506 74826 64869 3 1
5507 74827 64869 3 1
5508 74828 64869 3 1
5509 74829 64869 3 1
5510 74830 64869 3 1
5511 74831 64869 3 1
5512 74832 64869 3 1
5513 74833 64869 3 1
5514 74834 64869 3 1
5515 74835 64869 3 1
5516 74836 64869 3 1
5517 74837 64869 3 1
5518 74838 64869 3 1
5519 74839 64869 3 1
5520 74840 64869 3 1
5521 74841 64869 3 1
5522 74842 64869 3 1
5523 74843 64869 3 1
5524 75955 65909 5 1
5525 75956 65909 5 1
5526 74846 64869 3 1
5527 75958 65909 5 1
5528 75959 65909 5 1
5529 75960 65909 5 1
5530 75961 65909 5 1
5531 75962 65909 5 1
5532 75963 65909 5 1
5533 75964 65909 5 1
5534 74854 64869 3 1
5535 75966 65909 5 1
5536 75967 65909 5 1
5537 75968 65909 5 1
5538 76696 66589 3 1
5539 76697 66589 3 1
5540 76698 66589 3 1
5541 76699 66589 3 1
5542 76700 66589 3 1
5543 74863 64869 3 1
5544 74864 64869 3 1
5545 76703 66589 3 1
5546 76704 66589 3 1
5547 76705 66589 3 1
5548 76706 66589 3 1
5549 76707 66589 3 1
5550 74870 64869 3 1
5551 74871 64869 3 1
5552 75983 65909 5 1
5553 75984 65909 5 1
5554 76712 66589 3 1
5555 76713 66589 3 1
5556 75987 65909 5 1
5557 75988 65909 5 1
5558 75989 65909 5 1
5559 75990 65909 5 1
5560 75991 65909 5 1
5561 76719 66589 3 1
5562 76720 66589 3 1
5563 75994 65909 5 1
5564 76722 66589 3 1
5565 76723 66589 3 1
5566 75997 65909 5 1
5567 76725 66589 3 1
5568 75999 65909 5 1
5569 76727 66589 3 1
5570 76728 66589 3 1
5571 76729 66589 3 1
5572 76730 66589 3 1
5573 76004 65909 5 1
5574 76732 66589 3 1
5575 76733 66589 3 1
5576 76734 66589 3 1
5577 76735 66589 3 1
5578 76736 66589 3 1
5579 76737 66589 3 1
5580 76738 66589 3 1
5581 76739 66589 3 1
5582 76740 66589 3 1
5583 76741 66589 3 1
5584 76742 66589 3 1
5585 76743 66589 3 1
5586 76744 66589 3 1
5587 76745 66589 3 1
5588 76746 66589 3 1
5589 76747 66589 3 1
5590 76748 66589 3 1
5591 76749 66589 3 1
5592 76750 66589 3 1
5593 76751 66589 3 1
5594 76752 66589 3 1
5595 76753 66589 3 1
5596 77393 67187 3 1
5597 76755 66589 3 1
5598 76756 66589 3 1
5599 76757 66589 3 1
5600 76758 66589 3 1
5601 76759 66589 3 1
5602 76760 66589 3 1
5603 76761 66589 3 1
5604 77401 67187 3 1
5605 77402 67187 3 1
5606 77403 67187 3 1
5607 77404 67187 3 1
5608 77405 67187 3 1
5609 77406 67187 3 1
5610 77407 67187 3 1
5611 77408 67187 3 1
5612 77409 67187 3 1
5613 77410 67187 3 1
5614 77411 67187 3 1
5615 77412 67187 3 1
5616 77413 67187 3 1
5617 77414 67187 3 1
5618 77415 67187 3 1
5619 77416 67187 3 1
5620 77417 67187 3 1
5621 77418 67187 3 1
5622 77419 67187 3 1
5623 77420 67187 3 1
5624 77421 67187 3 1
5625 77422 67187 3 1
5626 77423 67187 3 1
5627 77424 67187 3 1
5628 77425 67187 3 1
5629 77426 67187 3 1
5630 77427 67187 3 1
5631 77428 67187 3 1
5632 77429 67187 3 1
5633 77430 67187 3 1
5634 77431 67187 3 1
5635 77432 67187 3 1
5636 77433 67187 3 1
5637 77434 67187 3 1
5638 77435 67187 3 1
5639 77436 67187 3 1
5640 77437 67187 3 1
5641 77438 67187 3 1
5642 77439 67187 3 1
5643 77440 67187 3 1
5644 77441 67187 3 1
5645 77442 67187 3 1
5646 77443 67187 3 1
5647 77444 67187 3 1
5648 77445 67187 3 1
5649 77446 67187 3 1
5650 77447 67187 3 1
5651 77448 67187 3 1
5652 77449 67187 3 1
5653 77450 67187 3 1
5654 77451 67187 3 1
5655 77452 67187 3 1
5656 77453 67187 3 1
5657 77454 67187 3 1
5658 77455 67187 3 1
5659 77456 67187 3 1
5660 77457 67187 3 1
5661 77458 67187 3 1
5662 77459 67187 3 1
5663 77460 67187 3 1
5664 77461 67187 3 1
5665 77462 67187 3 1
5666 77463 67187 3 1
5667 77464 67187 3 1
5668 77465 67187 3 1
5669 77466 67187 3 1
5670 77467 67187 3 1
5671 77468 67187 3 1
5672 77469 67187 3 1
5673 77470 67187 3 1
5674 77471 67187 3 1
5675 77472 67187 3 1
5676 77473 67187 3 1
5677 77474 67187 3 1
5678 77475 67187 3 1
5679 77476 67187 3 1
5680 77477 67187 3 1
5681 77478 67187 3 1
5682 77479 67187 3 1
5683 77480 67187 3 1
5684 77481 67187 3 1
5685 77482 67187 3 1
5686 77483 67187 3 1
5687 77484 67187 3 1
5688 77485 67187 3 1
5689 77486 67187 3 1
5690 77487 67187 3 1
5691 77488 67187 3 1
5692 77489 67187 3 1
5693 77490 67187 3 1
5694 77491 67187 3 1
5695 77492 67187 3 1
5696 77493 67187 3 1
5697 77494 67187 3 1
5698 77495 67187 3 1
5699 77496 67187 3 1
5700 77497 67187 3 1
5701 77498 67187 3 1
5702 77499 67187 3 1
5703 77500 67187 3 1
5704 77501 67187 3 1
5705 77502 67187 3 1
5706 77503 67187 3 1
5707 77504 67187 3 1
5708 77505 67187 3 1
5709 77506 67187 3 1
5710 77507 67187 3 1
5711 77508 67187 3 1
5712 77509 67187 3 1
5713 77510 67187 3 1
5714 77511 67187 3 1
5715 77512 67187 3 1
5716 77513 67187 3 1
5717 77514 67187 3 1
5718 77515 67187 3 1
5719 77516 67187 3 1
5720 77517 67187 3 1
5721 77518 67187 3 1
5722 77519 67187 3 1
5723 77520 67187 3 1
5724 77521 67187 3 1
5725 77522 67187 3 1
5726 77523 67187 3 1
5727 77524 67187 3 1
5728 77525 67187 3 1
5729 77526 67187 3 1
5730 77527 67187 3 1
5731 77528 67187 3 1
5732 77529 67187 3 1
5733 77530 67187 3 1
5734 77531 67187 3 1
5735 77532 67187 3 1
5736 77533 67187 3 1
5737 77534 67187 3 1
5738 77535 67187 3 1
5739 77536 67187 3 1
5740 77537 67187 3 1
5741 77538 67187 3 1
5742 77539 67187 3 1
5743 77540 67187 3 1
5744 77541 67187 3 1
5745 77542 67187 3 1
5746 77543 67187 3 1
5747 77544 67187 3 1
5748 77545 67187 3 1
5749 77546 67187 3 1
5750 77547 67187 3 1
5751 77548 67187 3 1
5752 77549 67187 3 1
5753 77550 67187 3 1
5754 77551 67187 3 1
5755 77552 67187 3 1
5756 77553 67187 3 1
5757 77554 67187 3 1
5758 77555 67187 3 1
5759 77556 67187 3 1
5760 77557 67187 3 1
5761 77558 67187 3 1
5762 77559 67187 3 1
5763 77560 67187 3 1
5764 77561 67187 3 1
5765 77562 67187 3 1
5766 77563 67187 3 1
5767 77564 67187 3 1
5768 77565 67187 3 1
5769 77566 67187 3 1
5770 77567 67187 3 1
5771 77568 67187 3 1
5772 77569 67187 3 1
5773 77570 67187 3 1
5774 77571 67187 3 1
5775 77572 67187 3 1
5776 77573 67187 3 1
5777 77574 67187 3 1
5778 77575 67187 3 1
5779 77576 67187 3 1
5780 77577 67187 3 1
5781 77578 67187 3 1
5782 77579 67187 3 1
5783 77580 67187 3 1
5784 77581 67187 3 1
5785 77582 67187 3 1
5786 77583 67187 3 1
5787 77584 67187 3 1
5788 77585 67187 3 1
5789 77586 67187 3 1
5790 77587 67187 3 1
5791 77588 67187 3 1
5792 77589 67187 3 1
5793 77590 67187 3 1
5794 77591 67187 3 1
5795 77592 67187 3 1
5796 77593 67187 3 1
5797 77594 67187 3 1
5798 77595 67187 3 1
5799 77596 67187 3 1
5800 77597 67187 3 1
5801 77598 67187 3 1
5802 77599 67187 3 1
5803 77600 67187 3 1
5804 77601 67187 3 1
5805 77602 67187 3 1
5806 77603 67187 3 1
5807 77604 67187 3 1
5808 77605 67187 3 1
5809 77606 67187 3 1
5810 77607 67187 3 1
5811 77608 67187 3 1
5812 77609 67187 3 1
5813 77610 67187 3 1
5814 77611 67187 3 1
5815 77612 67187 3 1
5816 77613 67187 3 1
5817 77614 67187 3 1
5818 77615 67187 3 1
5819 77616 67187 3 1
5820 77617 67187 3 1
5821 77618 67187 3 1
5822 77619 67187 3 1
5823 77620 67187 3 1
5824 77621 67187 3 1
5825 77622 67187 3 1
5826 77623 67187 3 1
5827 77624 67187 3 1
5828 77625 67187 3 1
5829 77626 67187 3 1
5830 77627 67187 3 1
5831 77628 67187 3 1
5832 77629 67187 3 1
5833 77630 67187 3 1
5834 77631 67187 3 1
5835 77632 67187 3 1
5836 77633 67187 3 1
5837 77634 67187 3 1
5838 77635 67187 3 1
5839 77636 67187 3 1
5840 77637 67187 3 1
5841 77638 67187 3 1
5842 77639 67187 3 1
5843 80802 70146 3 1
5844 80803 70146 3 1
5845 80804 70146 3 1
5846 80805 70146 3 1
5847 77644 67187 3 1
5848 77645 67187 3 1
5849 77646 67187 3 1
5850 77647 67187 3 1
5851 80810 70146 3 1
5852 80811 70146 3 1
5853 80812 70146 3 1
5854 80813 70146 3 1
5855 80814 70146 3 1
5856 80815 70146 3 1
5857 80816 70146 3 1
5858 80817 70146 3 1
5859 80818 70146 3 1
5860 80819 70146 3 1
5861 77658 67187 3 1
5862 77659 67187 3 1
5863 80822 70146 3 1
5864 80823 70146 3 1
5865 80824 70146 3 1
5866 80825 70146 3 1
5867 80826 70146 3 1
5868 80827 70146 3 1
5869 80828 70146 3 1
5870 80829 70146 3 1
5871 80830 70146 3 1
5872 80831 70146 3 1
5873 80832 70146 3 1
5874 80833 70146 3 1
5875 80834 70146 3 1
5876 80835 70146 3 1
5877 80836 70146 3 1
5878 80837 70146 3 1
5879 80838 70146 3 1
5880 80839 70146 3 1
5881 80840 70146 3 1
5882 80841 70146 3 1
5883 80842 70146 3 1
5884 80843 70146 3 1
5885 80844 70146 3 1
5886 80845 70146 3 1
5887 80846 70146 3 1
5888 80847 70146 3 1
5889 80848 70146 3 1
5890 80849 70146 3 1
5891 80850 70146 3 1
5892 80851 70146 3 1
5893 80852 70146 3 1
5894 80853 70146 3 1
5895 80854 70146 3 1
5896 80855 70146 3 1
5897 80856 70146 3 1
5898 80857 70146 3 1
5899 80858 70146 3 1
5900 80859 70146 3 1
5901 80860 70146 3 1
5902 80861 70146 3 1
5903 80862 70146 3 1
5904 80863 70146 3 1
5905 80864 70146 3 1
5906 80865 70146 3 1
5907 80866 70146 3 1
5908 80867 70146 3 1
5909 80868 70146 3 1
5910 80869 70146 3 1
5911 80870 70146 3 1
5912 80871 70146 3 1
5913 80872 70146 3 1
5914 80873 70146 3 1
5915 80874 70146 3 1
5916 80875 70146 3 1
5917 80876 70146 3 1
5918 80877 70146 3 1
5919 80878 70146 3 1
5920 80879 70146 3 1
5921 80880 70146 3 1
5922 80881 70146 3 1
5923 80882 70146 3 1
5924 82413 71578 5 1
5925 82414 71578 5 1
5926 80885 70146 3 1
5927 82416 71578 5 1
5928 80887 70146 3 1
5929 80888 70146 3 1
5930 82419 71578 5 1
5931 82420 71578 5 1
5932 82421 71578 5 1
5933 82422 71578 5 1
5934 82423 71578 5 1
5935 82424 71578 5 1
5936 82425 71578 5 1
5937 82426 71578 5 1
5938 82427 71578 5 1
5939 80898 70146 3 1
5940 80899 70146 3 1
5941 82430 71578 5 1
5942 82431 71578 5 1
5943 82432 71578 5 1
5944 82433 71578 5 1
5945 80904 70146 3 1
5946 82435 71578 5 1
5947 82436 71578 5 1
5948 82437 71578 5 1
5949 82438 71578 5 1
5950 82439 71578 5 1
5951 82440 71578 5 1
5952 82441 71578 5 1
5953 82442 71578 5 1
5954 82443 71578 5 1
5955 82444 71578 5 1
5956 82445 71578 5 1
5957 82446 71578 5 1
5958 82447 71578 5 1
5959 82448 71578 5 1
5960 82449 71578 5 1
5961 82450 71578 5 1
5962 82451 71578 5 1
5963 82452 71578 5 1
5964 82453 71578 5 1
5965 82454 71578 5 1
5966 82455 71578 5 1
5967 82456 71578 5 1
5968 82457 71578 5 1
5969 82458 71578 5 1
5970 82459 71578 5 1
5971 82460 71578 5 1
5972 82461 71578 5 1
5973 82462 71578 5 1
5974 82463 71578 5 1
5975 82464 71578 5 1
5976 82465 71578 5 1
5977 83909 72928 3 1
5978 83910 72928 3 1
5979 82468 71578 5 1
5980 82469 71578 5 1
5981 82470 71578 5 1
5982 82471 71578 5 1
5983 82472 71578 5 1
5984 82473 71578 5 1
5985 82474 71578 5 1
5986 82475 71578 5 1
5987 83919 72928 3 1
5988 82477 71578 5 1
5989 83921 72928 3 1
5990 83922 72928 3 1
5991 83923 72928 3 1
5992 83924 72928 3 1
5993 83925 72928 3 1
5994 83926 72928 3 1
5995 83927 72928 3 1
5996 83928 72928 3 1
5997 83929 72928 3 1
5998 83930 72928 3 1
5999 83931 72928 3 1
6000 83932 72928 3 1
6001 83933 72928 3 1
6002 83934 72928 3 1
6003 83935 72928 3 1
6004 83936 72928 3 1
6005 83937 72928 3 1
6006 83938 72928 3 1
6007 83939 72928 3 1
6008 82497 71578 5 1
6009 83941 72928 3 1
6010 83942 72928 3 1
6011 83943 72928 3 1
6012 83944 72928 3 1
6013 83945 72928 3 1
6014 83946 72928 3 1
6015 83947 72928 3 1
6016 83948 72928 3 1
6017 83949 72928 3 1
6018 83950 72928 3 1
6019 83951 72928 3 1
6020 83952 72928 3 1
6021 83953 72928 3 1
6022 83954 72928 3 1
6023 83955 72928 3 1
6024 83956 72928 3 1
6025 83957 72928 3 1
6026 83958 72928 3 1
6027 83959 72928 3 1
6028 83960 72928 3 1
6029 83961 72928 3 1
6030 83962 72928 3 1
6031 83963 72928 3 1
6032 83964 72928 3 1
6033 83965 72928 3 1
6034 83966 72928 3 1
6035 83967 72928 3 1
6036 83968 72928 3 1
6037 83969 72928 3 1
6038 83970 72928 3 1
6039 83971 72928 3 1
6040 83972 72928 3 1
6041 83973 72928 3 1
6042 83974 72928 3 1
6043 83975 72928 3 1
6044 83976 72928 3 1
6045 83977 72928 3 1
6046 83978 72928 3 1
6047 83979 72928 3 1
6048 83980 72928 3 1
6049 83981 72928 3 1
6050 83982 72928 3 1
6051 83983 72928 3 1
6052 83984 72928 3 1
6053 83985 72928 3 1
6054 83986 72928 3 1
6055 83987 72928 3 1
6056 83988 72928 3 1
6057 83989 72928 3 1
6058 83990 72928 3 1
6059 83991 72928 3 1
6060 83992 72928 3 1
6061 83993 72928 3 1
6062 83994 72928 3 1
6063 83995 72928 3 1
6064 83996 72928 3 1
6065 83997 72928 3 1
6066 83998 72928 3 1
6067 83999 72928 3 1
6068 84000 72928 3 1
6069 84001 72928 3 1
6070 84002 72928 3 1
6071 84003 72928 3 1
6072 84004 72928 3 1
6073 84005 72928 3 1
6074 84006 72928 3 1
6075 84007 72928 3 1
6076 84008 72928 3 1
6077 84009 72928 3 1
6078 84010 72928 3 1
6079 84011 72928 3 1
6080 84012 72928 3 1
6081 84013 72928 3 1
6082 84014 72928 3 1
6083 84015 72928 3 1
6084 84016 72928 3 1
6085 84017 72928 3 1
6086 84018 72928 3 1
6087 84019 72928 3 1
6088 84020 72928 3 1
6089 84021 72928 3 1
6090 84022 72928 3 1
6091 84023 72928 3 1
6092 84024 72928 3 1
6093 84025 72928 3 1
6094 84026 72928 3 1
6095 84027 72928 3 1
6096 84028 72928 3 1
6097 84029 72928 3 1
6098 84030 72928 3 1
6099 84031 72928 3 1
6100 84032 72928 3 1
6101 84033 72928 3 1
6102 84034 72928 3 1
6103 84035 72928 3 1
6104 84036 72928 3 1
6105 84037 72928 3 1
6106 84038 72928 3 1
6107 84039 72928 3 1
6108 84040 72928 3 1
6109 84041 72928 3 1
6110 84042 72928 3 1
6111 84043 72928 3 1
6112 84044 72928 3 1
6113 84045 72928 3 1
6114 84046 72928 3 1
6115 84047 72928 3 1
6116 84048 72928 3 1
6117 84049 72928 3 1
6118 84050 72928 3 1
6119 84051 72928 3 1
6120 84052 72928 3 1
6121 84053 72928 3 1
6122 84054 72928 3 1
6123 84055 72928 3 1
6124 84056 72928 3 1
6125 84057 72928 3 1
6126 84058 72928 3 1
6127 84059 72928 3 1
6128 84060 72928 3 1
6129 84061 72928 3 1
6130 84062 72928 3 1
6131 84063 72928 3 1
6132 84064 72928 3 1
6133 84065 72928 3 1
6134 84066 72928 3 1
6135 84067 72928 3 1
6136 84068 72928 3 1
6137 84069 72928 3 1
6138 84070 72928 3 1
6139 84071 72928 3 1
6140 84072 72928 3 1
6141 84073 72928 3 1
6142 84074 72928 3 1
6143 84075 72928 3 1
6144 84076 72928 3 1
6145 84077 72928 3 1
6146 84078 72928 3 1
6147 84079 72928 3 1
6148 84080 72928 3 1
6149 84081 72928 3 1
6150 84082 72928 3 1
6151 84083 72928 3 1
6152 84084 72928 3 1
6153 84085 72928 3 1
6154 84086 72928 3 1
6155 84087 72928 3 1
6156 84088 72928 3 1
6157 84089 72928 3 1
6158 84090 72928 3 1
6159 84091 72928 3 1
6160 84092 72928 3 1
6161 84093 72928 3 1
6162 84094 72928 3 1
6163 84095 72928 3 1
6164 84096 72928 3 1
6165 84097 72928 3 1
6166 84098 72928 3 1
6167 84099 72928 3 1
6168 84100 72928 3 1
6169 84101 72928 3 1
6170 84102 72928 3 1
6171 84103 72928 3 1
6172 84104 72928 3 1
6173 84105 72928 3 1
6174 84106 72928 3 1
6175 84107 72928 3 1
6176 84108 72928 3 1
6177 84109 72928 3 1
6178 84110 72928 3 1
6179 84111 72928 3 1
6180 84112 72928 3 1
6181 84113 72928 3 1
6182 84114 72928 3 1
6183 84115 72928 3 1
6184 84116 72928 3 1
6185 84117 72928 3 1
6186 84118 72928 3 1
6187 84119 72928 3 1
6188 84120 72928 3 1
6189 84121 72928 3 1
6190 84122 72928 3 1
6191 84123 72928 3 1
6192 84124 72928 3 1
6193 84125 72928 3 1
6194 84126 72928 3 1
6195 84127 72928 3 1
6196 84128 72928 3 1
6197 84129 72928 3 1
6198 84130 72928 3 1
6199 84131 72928 3 1
6200 84132 72928 3 1
6201 84133 72928 3 1
6202 84134 72928 3 1
6203 84135 72928 3 1
6204 84136 72928 3 1
6205 84137 72928 3 1
6206 84138 72928 3 1
6207 84139 72928 3 1
6208 84140 72928 3 1
6209 84141 72928 3 1
6210 84142 72928 3 1
6211 84143 72928 3 1
6212 84144 72928 3 1
6213 84145 72928 3 1
6214 84146 72928 3 1
6215 84147 72928 3 1
6216 84148 72928 3 1
6217 84149 72928 3 1
6218 84150 72928 3 1
6219 84151 72928 3 1
6220 84152 72928 3 1
6221 84153 72928 3 1
6222 84154 72928 3 1
6223 84155 72928 3 1
6224 84156 72928 3 1
6225 84157 72928 3 1
6226 84158 72928 3 1
6227 84159 72928 3 1
6228 84160 72928 3 1
6229 84161 72928 3 1
6230 84162 72928 3 1
6231 84163 72928 3 1
6232 84164 72928 3 1
6233 84165 72928 3 1
6234 84166 72928 3 1
6235 84167 72928 3 1
6236 84168 72928 3 1
6237 84169 72928 3 1
6238 84170 72928 3 1
6239 84171 72928 3 1
6240 84172 72928 3 1
6241 84173 72928 3 1
6242 84174 72928 3 1
6243 84175 72928 3 1
6244 84176 72928 3 1
6245 84177 72928 3 1
6246 84178 72928 3 1
6247 84179 72928 3 1
6248 84180 72928 3 1
6249 84181 72928 3 1
6250 84182 72928 3 1
6251 84183 72928 3 1
6252 84184 72928 3 1
6253 84185 72928 3 1
6254 84186 72928 3 1
6255 84187 72928 3 1
6256 84188 72928 3 1
6257 84189 72928 3 1
6258 84190 72928 3 1
6259 84191 72928 3 1
6260 84192 72928 3 1
6261 84193 72928 3 1
6262 84194 72928 3 1
6263 84195 72928 3 1
6264 84196 72928 3 1
6265 84197 72928 3 1
6266 84198 72928 3 1
6267 84199 72928 3 1
6268 84200 72928 3 1
6269 84201 72928 3 1
6270 84202 72928 3 1
6271 84203 72928 3 1
6272 84204 72928 3 1
6273 84205 72928 3 1
6274 84206 72928 3 1
6275 84207 72928 3 1
6276 84208 72928 3 1
6277 84209 72928 3 1
6278 84210 72928 3 1
6279 84211 72928 3 1
6280 84212 72928 3 1
6281 84213 72928 3 1
6282 84214 72928 3 1
6283 84215 72928 3 1
6284 84216 72928 3 1
6285 84217 72928 3 1
6286 84218 72928 3 1
6287 85761 74371 3 1
6288 84220 72928 3 1
6289 85763 74371 3 1
6290 85764 74371 3 1
6291 85765 74371 3 1
6292 85766 74371 3 1
6293 85767 74371 3 1
6294 85768 74371 3 1
6295 85769 74371 3 1
6296 85770 74371 3 1
6297 85771 74371 3 1
6298 85772 74371 3 1
6299 85773 74371 3 1
6300 85774 74371 3 1
6301 85775 74371 3 1
6302 85776 74371 3 1
6303 85777 74371 3 1
6304 85778 74371 3 1
6305 85779 74371 3 1
6306 85780 74371 3 1
6307 85781 74371 3 1
6308 85782 74371 3 1
6309 85783 74371 3 1
6310 85784 74371 3 1
6311 85785 74371 3 1
6312 85786 74371 3 1
6313 85787 74371 3 1
6314 85788 74371 3 1
6315 85789 74371 3 1
6316 85790 74371 3 1
6317 85791 74371 3 1
6318 85792 74371 3 1
6319 85793 74371 3 1
6320 85794 74371 3 1
6321 85795 74371 3 1
6322 85796 74371 3 1
6323 85797 74371 3 1
6324 85798 74371 3 1
6325 85799 74371 3 1
6326 85800 74371 3 1
6327 85801 74371 3 1
6328 85802 74371 3 1
6329 85803 74371 3 1
6330 85804 74371 3 1
6331 85805 74371 3 1
6332 85806 74371 3 1
6333 85807 74371 3 1
6334 85808 74371 3 1
6335 85809 74371 3 1
6336 85810 74371 3 1
6337 85811 74371 3 1
6338 85812 74371 3 1
6339 85813 74371 3 1
6340 85814 74371 3 1
6341 88510 76893 3 1
6342 88511 76893 3 1
6343 88512 76893 3 1
6344 88513 76893 3 1
6345 88514 76893 3 1
6346 88515 76893 3 1
6347 85821 74371 3 1
6348 88517 76893 3 1
6349 88518 76893 3 1
6350 88519 76893 3 1
6351 88520 76893 3 1
6352 88521 76893 3 1
6353 88522 76893 3 1
6354 88523 76893 3 1
6355 88524 76893 3 1
6356 88525 76893 3 1
6357 88526 76893 3 1
6358 88527 76893 3 1
6359 88528 76893 3 1
6360 88529 76893 3 1
6361 88530 76893 3 1
6362 88531 76893 3 1
6363 88532 76893 3 1
6364 88533 76893 3 1
6365 88534 76893 3 1
6366 88535 76893 3 1
6367 88536 76893 3 1
6368 88537 76893 3 1
6369 88538 76893 3 1
6370 88539 76893 3 1
6371 88540 76893 3 1
6372 88541 76893 3 1
6373 88542 76893 3 1
6374 88543 76893 3 1
6375 88544 76893 3 1
6376 88545 76893 3 1
6377 88546 76893 3 1
6378 88547 76893 3 1
6379 88548 76893 3 1
6380 88549 76893 3 1
6381 88550 76893 3 1
6382 85856 74371 3 1
6383 88552 76893 3 1
6384 88553 76893 3 1
6385 85859 74371 3 1
6386 85860 74371 3 1
6387 85861 74371 3 1
6388 88557 76893 3 1
6389 88558 76893 3 1
6390 85864 74371 3 1
6391 85865 74371 3 1
6392 88561 76893 3 1
6393 85867 74371 3 1
6394 85868 74371 3 1
6395 85869 74371 3 1
6396 88565 76893 3 1
6397 85871 74371 3 1
6398 85872 74371 3 1
6399 85873 74371 3 1
6400 85874 74371 3 1
6401 85875 74371 3 1
6402 85876 74371 3 1
6403 85877 74371 3 1
6404 85878 74371 3 1
6405 85879 74371 3 1
6406 85880 74371 3 1
6407 85881 74371 3 1
6408 85882 74371 3 1
6409 85883 74371 3 1
6410 85884 74371 3 1
6411 85885 74371 3 1
6412 85886 74371 3 1
6413 85887 74371 3 1
6414 85888 74371 3 1
6415 85889 74371 3 1
6416 85890 74371 3 1
6417 85891 74371 3 1
6418 85892 74371 3 1
6419 85893 74371 3 1
6420 85894 74371 3 1
6421 85895 74371 3 1
6422 85896 74371 3 1
6423 85897 74371 3 1
6424 85898 74371 3 1
6425 85899 74371 3 1
6426 85900 74371 3 1
6427 85901 74371 3 1
6428 85902 74371 3 1
6429 85903 74371 3 1
6430 85904 74371 3 1
6431 85905 74371 3 1
6432 85906 74371 3 1
6433 85907 74371 3 1
6434 85908 74371 3 1
6435 85909 74371 3 1
6436 85910 74371 3 1
6437 85911 74371 3 1
6438 88607 76893 3 1
6439 85913 74371 3 1
6440 85914 74371 3 1
6441 88610 76893 3 1
6442 88611 76893 3 1
6443 88612 76893 3 1
6444 88613 76893 3 1
6445 88614 76893 3 1
6446 85920 74371 3 1
6447 85921 74371 3 1
6448 85922 74371 3 1
6449 85923 74371 3 1
6450 88619 76893 3 1
6451 88620 76893 3 1
6452 88621 76893 3 1
6453 85927 74371 3 1
6454 85928 74371 3 1
6455 88624 76893 3 1
6456 85930 74371 3 1
6457 85931 74371 3 1
6458 85932 74371 3 1
6459 88628 76893 3 1
6460 85934 74371 3 1
6461 85935 74371 3 1
6462 88631 76893 3 1
6463 85937 74371 3 1
6464 85938 74371 3 1
6465 85939 74371 3 1
6466 88635 76893 3 1
6467 88636 76893 3 1
6468 88637 76893 3 1
6469 88638 76893 3 1
6470 85944 74371 3 1
6471 88640 76893 3 1
6472 88641 76893 3 1
6473 88642 76893 3 1
6474 88643 76893 3 1
6475 88644 76893 3 1
6476 88645 76893 3 1
6477 88646 76893 3 1
6478 88647 76893 3 1
6479 88648 76893 3 1
6480 88649 76893 3 1
6481 88650 76893 3 1
6482 88651 76893 3 1
6483 88652 76893 3 1
6484 88653 76893 3 1
6485 88654 76893 3 1
6486 88655 76893 3 1
6487 88656 76893 3 1
6488 88657 76893 3 1
6489 88658 76893 3 1
6490 88659 76893 3 1
6491 88660 76893 3 1
6492 88661 76893 3 1
6493 88662 76893 3 1
6494 88663 76893 3 1
6495 88664 76893 3 1
6496 88665 76893 3 1
6497 88666 76893 3 1
6498 88667 76893 3 1
6499 88668 76893 3 1
6500 88669 76893 3 1
6501 88670 76893 3 1
6502 89512 77680 3 1
6503 89513 77680 3 1
6504 88673 76893 3 1
6505 88674 76893 3 1
6506 88675 76893 3 1
6507 88676 76893 3 1
6508 88677 76893 3 1
6509 88678 76893 3 1
6510 88679 76893 3 1
6511 89521 77680 3 1
6512 88681 76893 3 1
6513 88682 76893 3 1
6514 89524 77680 3 1
6515 88684 76893 3 1
6516 88685 76893 3 1
6517 88686 76893 3 1
6518 89528 77680 3 1
6519 89529 77680 3 1
6520 89530 77680 3 1
6521 89531 77680 3 1
6522 88691 76893 3 1
6523 89533 77680 3 1
6524 89534 77680 3 1
6525 89535 77680 3 1
6526 89536 77680 3 1
6527 88696 76893 3 1
6528 88697 76893 3 1
6529 88698 76893 3 1
6530 89540 77680 3 1
6531 89541 77680 3 1
6532 88701 76893 3 1
6533 89543 77680 3 1
6534 89544 77680 3 1
6535 89545 77680 3 1
6536 88705 76893 3 1
6537 89547 77680 3 1
6538 89548 77680 3 1
6539 89549 77680 3 1
6540 89550 77680 3 1
6541 89551 77680 3 1
6542 89552 77680 3 1
6543 89553 77680 3 1
6544 89554 77680 3 1
6545 89555 77680 3 1
6546 89556 77680 3 1
6547 89557 77680 3 1
6548 89558 77680 3 1
6549 89559 77680 3 1
6550 89560 77680 3 1
6551 89561 77680 3 1
6552 89562 77680 3 1
6553 89563 77680 3 1
6554 89564 77680 3 1
6555 89565 77680 3 1
6556 89566 77680 3 1
6557 89567 77680 3 1
6558 89568 77680 3 1
6559 89569 77680 3 1
6560 89570 77680 3 1
6561 89571 77680 3 1
6562 89572 77680 3 1
6563 89573 77680 3 1
6564 89574 77680 3 1
6565 89575 77680 3 1
6566 89576 77680 3 1
6567 89577 77680 3 1
6568 89578 77680 3 1
6569 89579 77680 3 1
6570 89580 77680 3 1
6571 89581 77680 3 1
6572 89582 77680 3 1
6573 89583 77680 3 1
6574 89584 77680 3 1
6575 89585 77680 3 1
6576 89586 77680 3 1
6577 89587 77680 3 1
6578 89588 77680 3 1
6579 89589 77680 3 1
6580 89590 77680 3 1
6581 89591 77680 3 1
6582 89592 77680 3 1
6583 89593 77680 3 1
6584 89594 77680 3 1
6585 89595 77680 3 1
6586 89596 77680 3 1
6587 89597 77680 3 1
6588 89598 77680 3 1
6589 89599 77680 3 1
6590 89600 77680 3 1
6591 89601 77680 3 1
6592 89602 77680 3 1
6593 89603 77680 3 1
6594 89604 77680 3 1
6595 89605 77680 3 1
6596 89606 77680 3 1
6597 89607 77680 3 1
6598 90930 78917 3 1
6599 89609 77680 3 1
6600 90932 78917 3 1
6601 90933 78917 3 1
6602 89612 77680 3 1
6603 90935 78917 3 1
6604 90936 78917 3 1
6605 89615 77680 3 1
6606 90938 78917 3 1
6607 89617 77680 3 1
6608 89618 77680 3 1
6609 89619 77680 3 1
6610 89620 77680 3 1
6611 89621 77680 3 1
6612 89622 77680 3 1
6613 89623 77680 3 1
6614 89624 77680 3 1
6615 89625 77680 3 1
6616 89626 77680 3 1
6617 89627 77680 3 1
6618 89628 77680 3 1
6619 90951 78917 3 1
6620 90952 78917 3 1
6621 89631 77680 3 1
6622 89632 77680 3 1
6623 89633 77680 3 1
6624 89634 77680 3 1
6625 89635 77680 3 1
6626 89636 77680 3 1
6627 89637 77680 3 1
6628 89638 77680 3 1
6629 89639 77680 3 1
6630 89640 77680 3 1
6631 89641 77680 3 1
6632 89642 77680 3 1
6633 89643 77680 3 1
6634 89644 77680 3 1
6635 89645 77680 3 1
6636 89646 77680 3 1
6637 89647 77680 3 1
6638 89648 77680 3 1
6639 90971 78917 3 1
6640 89650 77680 3 1
6641 89651 77680 3 1
6642 90974 78917 3 1
6643 90975 78917 3 1
6644 89654 77680 3 1
6645 89655 77680 3 1
6646 89656 77680 3 1
6647 89657 77680 3 1
6648 90980 78917 3 1
6649 89659 77680 3 1
6650 89660 77680 3 1
6651 90983 78917 3 1
6652 90984 78917 3 1
6653 90985 78917 3 1
6654 90986 78917 3 1
6655 90987 78917 3 1
6656 90988 78917 3 1
6657 90989 78917 3 1
6658 90990 78917 3 1
6659 90991 78917 3 1
6660 90992 78917 3 1
6661 90993 78917 3 1
6662 90994 78917 3 1
6663 90995 78917 3 1
6664 90996 78917 3 1
6665 90997 78917 3 1
6666 90998 78917 3 1
6667 90999 78917 3 1
6668 91000 78917 3 1
6669 91001 78917 3 1
6670 91002 78917 3 1
6671 91003 78917 3 1
6672 91004 78917 3 1
6673 91005 78917 3 1
6674 91006 78917 3 1
6675 91007 78917 3 1
6676 91008 78917 3 1
6677 91009 78917 3 1
6678 91010 78917 3 1
6679 91011 78917 3 1
6680 91012 78917 3 1
6681 91013 78917 3 1
6682 91014 78917 3 1
6683 91015 78917 3 1
6684 91016 78917 3 1
6685 91017 78917 3 1
6686 91018 78917 3 1
6687 91019 78917 3 1
6688 91020 78917 3 1
6689 91021 78917 3 1
6690 91022 78917 3 1
6691 91023 78917 3 1
6692 91024 78917 3 1
6693 91025 78917 3 1
6694 91026 78917 3 1
6695 91027 78917 3 1
6696 91028 78917 3 1
6697 91029 78917 3 1
6698 91030 78917 3 1
6699 91031 78917 3 1
6700 91032 78917 3 1
6701 91033 78917 3 1
6702 91034 78917 3 1
6703 91035 78917 3 1
6704 91036 78917 3 1
6705 91037 78917 3 1
6706 91038 78917 3 1
6707 91039 78917 3 1
6708 91040 78917 3 1
6709 91041 78917 3 1
6710 91042 78917 3 1
6711 91043 78917 3 1
6712 91044 78917 3 1
6713 91045 78917 3 1
6714 91046 78917 3 1
6715 91047 78917 3 1
6716 91048 78917 3 1
6717 91049 78917 3 1
6718 91050 78917 3 1
6719 91051 78917 3 1
6720 91052 78917 3 1
6721 91053 78917 3 1
6722 91054 78917 3 1
6723 91055 78917 3 1
6724 91056 78917 3 1
6725 91057 78917 3 1
6726 91058 78917 3 1
6727 91059 78917 3 1
6728 91060 78917 3 1
6729 91061 78917 3 1
6730 91062 78917 3 1
6731 91063 78917 3 1
6732 91064 78917 3 1
6733 91065 78917 3 1
6734 91066 78917 3 1
6735 91067 78917 3 1
6736 91068 78917 3 1
6737 91069 78917 3 1
6738 91070 78917 3 1
6739 91071 78917 3 1
6740 91072 78917 3 1
6741 91073 78917 3 1
6742 91074 78917 3 1
6743 91075 78917 3 1
6744 91076 78917 3 1
6745 91077 78917 3 1
6746 91078 78917 3 1
6747 91079 78917 3 1
6748 91080 78917 3 1
6749 91081 78917 3 1
6750 91082 78917 3 1
6751 91083 78917 3 1
6752 91084 78917 3 1
6753 91085 78917 3 1
6754 91086 78917 3 1
6755 91087 78917 3 1
6756 91088 78917 3 1
6757 91089 78917 3 1
6758 91090 78917 3 1
6759 91091 78917 3 1
6760 91092 78917 3 1
6761 91093 78917 3 1
6762 91094 78917 3 1
6763 91095 78917 3 1
6764 91096 78917 3 1
6765 91097 78917 3 1
6766 91098 78917 3 1
6767 91099 78917 3 1
6768 94410 82015 7 1
6769 94411 82015 7 1
6770 91102 78917 3 1
6771 91103 78917 3 1
6772 94414 82015 7 1
6773 94415 82015 7 1
6774 94416 82015 7 1
6775 94417 82015 7 1
6776 94418 82015 7 1
6777 94419 82015 7 1
6778 94420 82015 7 1
6779 91111 78917 3 1
6780 94422 82015 7 1
6781 94423 82015 7 1
6782 94424 82015 7 1
6783 94425 82015 7 1
6784 94426 82015 7 1
6785 94427 82015 7 1
6786 94428 82015 7 1
6787 94429 82015 7 1
6788 94430 82015 7 1
6789 94431 82015 7 1
6790 94432 82015 7 1
6791 94433 82015 7 1
6792 94434 82015 7 1
6793 94435 82015 7 1
6794 94436 82015 7 1
6795 94437 82015 7 1
6796 94438 82015 7 1
6797 94439 82015 7 1
6798 94440 82015 7 1
6799 94441 82015 7 1
6800 94442 82015 7 1
6801 94443 82015 7 1
6802 94444 82015 7 1
6803 94445 82015 7 1
6804 94446 82015 7 1
6805 94447 82015 7 1
6806 94448 82015 7 1
6807 94449 82015 7 1
6808 94450 82015 7 1
6809 94451 82015 7 1
6810 94452 82015 7 1
6811 94453 82015 7 1
6812 94454 82015 7 1
6813 94455 82015 7 1
6814 94456 82015 7 1
6815 94457 82015 7 1
6816 94458 82015 7 1
6817 94459 82015 7 1
6818 94460 82015 7 1
6819 94461 82015 7 1
6820 94462 82015 7 1
6821 94463 82015 7 1
6822 94464 82015 7 1
6823 94465 82015 7 1
6824 94466 82015 7 1
6825 94467 82015 7 1
6826 94468 82015 7 1
6827 94469 82015 7 1
6828 94470 82015 7 1
6829 94471 82015 7 1
6830 94472 82015 7 1
6831 94473 82015 7 1
6832 94474 82015 7 1
6833 94475 82015 7 1
6834 94476 82015 7 1
6835 94477 82015 7 1
6836 94478 82015 7 1
6837 94479 82015 7 1
6838 94480 82015 7 1
6839 94481 82015 7 1
6840 94482 82015 7 1
6841 94483 82015 7 1
6842 94484 82015 7 1
6843 94485 82015 7 1
6844 94486 82015 7 1
6845 94487 82015 7 1
6846 94488 82015 7 1
6847 94489 82015 7 1
6848 94490 82015 7 1
6849 94491 82015 7 1
6850 94492 82015 7 1
6851 94493 82015 7 1
6852 94494 82015 7 1
6853 94495 82015 7 1
6854 94496 82015 7 1
6855 94497 82015 7 1
6856 94498 82015 7 1
6857 94499 82015 7 1
6858 94500 82015 7 1
6859 94501 82015 7 1
6860 94502 82015 7 1
6861 94503 82015 7 1
6862 94504 82015 7 1
6863 94505 82015 7 1
6864 94506 82015 7 1
6865 94507 82015 7 1
6866 94508 82015 7 1
6867 94509 82015 7 1
6868 94510 82015 7 1
6869 94511 82015 7 1
6870 94512 82015 7 1
6871 94513 82015 7 1
6872 94514 82015 7 1
6873 94515 82015 7 1
6874 94516 82015 7 1
6875 94517 82015 7 1
6876 94518 82015 7 1
6877 94519 82015 7 1
6878 94520 82015 7 1
6879 94521 82015 7 1
6880 94522 82015 7 1
6881 94523 82015 7 1
6882 94524 82015 7 1
6883 94525 82015 7 1
6884 94526 82015 7 1
6885 94527 82015 7 1
6886 94528 82015 7 1
6887 94529 82015 7 1
6888 94530 82015 7 1
6889 94531 82015 7 1
6890 94532 82015 7 1
6891 94533 82015 7 1
6892 94534 82015 7 1
6893 94535 82015 7 1
6894 94536 82015 7 1
6895 94537 82015 7 1
6896 94538 82015 7 1
6897 94539 82015 7 1
6898 94540 82015 7 1
6899 94541 82015 7 1
6900 94542 82015 7 1
6901 94543 82015 7 1
6902 94544 82015 7 1
6903 94545 82015 7 1
6904 94546 82015 7 1
6905 94547 82015 7 1
6906 94548 82015 7 1
6907 94549 82015 7 1
6908 94550 82015 7 1
6909 94551 82015 7 1
6910 94552 82015 7 1
6911 94553 82015 7 1
6912 94554 82015 7 1
6913 94555 82015 7 1
6914 94556 82015 7 1
6915 94557 82015 7 1
6916 94558 82015 7 1
6917 94559 82015 7 1
6918 94560 82015 7 1
6919 94561 82015 7 1
6920 94562 82015 7 1
6921 94563 82015 7 1
6922 94564 82015 7 1
6923 94565 82015 7 1
6924 94566 82015 7 1
6925 94567 82015 7 1
6926 94568 82015 7 1
6927 94569 82015 7 1
6928 94570 82015 7 1
6929 94571 82015 7 1
6930 94572 82015 7 1
6931 94573 82015 7 1
6932 94574 82015 7 1
6933 94575 82015 7 1
6934 94576 82015 7 1
6935 94577 82015 7 1
6936 94578 82015 7 1
6937 94579 82015 7 1
6938 94580 82015 7 1
6939 94581 82015 7 1
6940 94582 82015 7 1
6941 94583 82015 7 1
6942 94584 82015 7 1
6943 94585 82015 7 1
6944 94586 82015 7 1
6945 94587 82015 7 1
6946 94588 82015 7 1
6947 94589 82015 7 1
6948 94590 82015 7 1
6949 94591 82015 7 1
6950 94592 82015 7 1
6951 94593 82015 7 1
6952 94594 82015 7 1
6953 94595 82015 7 1
6954 94596 82015 7 1
6955 94597 82015 7 1
6956 94598 82015 7 1
6957 94599 82015 7 1
6958 94600 82015 7 1
6959 95995 83319 3 1
6960 94602 82015 7 1
6961 94603 82015 7 1
6962 94604 82015 7 1
6963 94605 82015 7 1
6964 96000 83319 3 1
6965 96001 83319 3 1
6966 96002 83319 3 1
6967 96003 83319 3 1
6968 96004 83319 3 1
6969 96005 83319 3 1
6970 96006 83319 3 1
6971 96007 83319 3 1
6972 96008 83319 3 1
6973 96009 83319 3 1
6974 94616 82015 7 1
6975 96011 83319 3 1
6976 96012 83319 3 1
6977 96013 83319 3 1
6978 94620 82015 7 1
6979 94621 82015 7 1
6980 94622 82015 7 1
6981 96017 83319 3 1
6982 94624 82015 7 1
6983 94625 82015 7 1
6984 96020 83319 3 1
6985 96021 83319 3 1
6986 96022 83319 3 1
6987 94629 82015 7 1
6988 94630 82015 7 1
6989 94631 82015 7 1
6990 94632 82015 7 1
6991 94633 82015 7 1
6992 94634 82015 7 1
6993 94635 82015 7 1
6994 96030 83319 3 1
6995 94637 82015 7 1
6996 94638 82015 7 1
6997 96033 83319 3 1
6998 94640 82015 7 1
6999 94641 82015 7 1
7000 94642 82015 7 1
7001 94643 82015 7 1
7002 94644 82015 7 1
7003 94645 82015 7 1
7004 94646 82015 7 1
7005 96041 83319 3 1
7006 94648 82015 7 1
7007 94649 82015 7 1
7008 94650 82015 7 1
7009 96045 83319 3 1
7010 96046 83319 3 1
7011 94653 82015 7 1
7012 94654 82015 7 1
7013 94655 82015 7 1
7014 94656 82015 7 1
7015 96051 83319 3 1
7016 96052 83319 3 1
7017 96053 83319 3 1
7018 94660 82015 7 1
7019 96055 83319 3 1
7020 96056 83319 3 1
7021 96057 83319 3 1
7022 96058 83319 3 1
7023 96059 83319 3 1
7024 96060 83319 3 1
7025 96061 83319 3 1
7026 96062 83319 3 1
7027 96063 83319 3 1
7028 96064 83319 3 1
7029 96065 83319 3 1
7030 96066 83319 3 1
7031 96067 83319 3 1
7032 96068 83319 3 1
7033 96069 83319 3 1
7034 96070 83319 3 1
7035 96071 83319 3 1
7036 96072 83319 3 1
7037 96073 83319 3 1
7038 96074 83319 3 1
7039 96075 83319 3 1
7040 96076 83319 3 1
7041 96077 83319 3 1
7042 96078 83319 3 1
7043 96079 83319 3 1
7044 96080 83319 3 1
7045 96081 83319 3 1
7046 96082 83319 3 1
7047 96083 83319 3 1
7048 96084 83319 3 1
7049 96085 83319 3 1
7050 96086 83319 3 1
7051 96087 83319 3 1
7052 96088 83319 3 1
7053 96089 83319 3 1
7054 96090 83319 3 1
7055 96091 83319 3 1
7056 96092 83319 3 1
7057 96093 83319 3 1
7058 96094 83319 3 1
7059 96095 83319 3 1
7060 96096 83319 3 1
7061 96097 83319 3 1
7062 96098 83319 3 1
7063 96099 83319 3 1
7064 96100 83319 3 1
7065 96101 83319 3 1
7066 96102 83319 3 1
7067 96103 83319 3 1
7068 96104 83319 3 1
7069 96105 83319 3 1
7070 96106 83319 3 1
7071 96107 83319 3 1
7072 96108 83319 3 1
7073 96109 83319 3 1
7074 96110 83319 3 1
7075 96111 83319 3 1
7076 96112 83319 3 1
7077 96113 83319 3 1
7078 96114 83319 3 1
7079 96115 83319 3 1
7080 96116 83319 3 1
7081 96117 83319 3 1
7082 96118 83319 3 1
7083 96119 83319 3 1
7084 96120 83319 3 1
7085 96121 83319 3 1
7086 96122 83319 3 1
7087 96123 83319 3 1
7088 96124 83319 3 1
7089 96125 83319 3 1
7090 96126 83319 3 1
7091 96127 83319 3 1
7092 96128 83319 3 1
7093 96129 83319 3 1
7094 96130 83319 3 1
7095 96131 83319 3 1
7096 96132 83319 3 1
7097 96133 83319 3 1
7098 96134 83319 3 1
7099 96135 83319 3 1
7100 96136 83319 3 1
7101 96137 83319 3 1
7102 96138 83319 3 1
7103 96139 83319 3 1
7104 96140 83319 3 1
7105 96141 83319 3 1
7106 96142 83319 3 1
7107 96143 83319 3 1
7108 96144 83319 3 1
7109 96145 83319 3 1
7110 96146 83319 3 1
7111 96147 83319 3 1
7112 96148 83319 3 1
7113 96149 83319 3 1
7114 96150 83319 3 1
7115 96151 83319 3 1
7116 96152 83319 3 1
7117 96153 83319 3 1
7118 96154 83319 3 1
7119 96155 83319 3 1
7120 96156 83319 3 1
7121 96157 83319 3 1
7122 96158 83319 3 1
7123 96159 83319 3 1
7124 96160 83319 3 1
7125 96161 83319 3 1
7126 96162 83319 3 1
7127 96163 83319 3 1
7128 96164 83319 3 1
7129 96165 83319 3 1
7130 96166 83319 3 1
7131 96167 83319 3 1
7132 96168 83319 3 1
7133 96169 83319 3 1
7134 96170 83319 3 1
7135 96171 83319 3 1
7136 96172 83319 3 1
7137 96173 83319 3 1
7138 96174 83319 3 1
7139 96175 83319 3 1
7140 96176 83319 3 1
7141 96177 83319 3 1
7142 96178 83319 3 1
7143 96179 83319 3 1
7144 96180 83319 3 1
7145 96181 83319 3 1
7146 96182 83319 3 1
7147 96183 83319 3 1
7148 96184 83319 3 1
7149 96185 83319 3 1
7150 96186 83319 3 1
7151 96187 83319 3 1
7152 96188 83319 3 1
7153 96189 83319 3 1
7154 96190 83319 3 1
7155 96191 83319 3 1
7156 96192 83319 3 1
7157 96193 83319 3 1
7158 96194 83319 3 1
7159 96195 83319 3 1
7160 96196 83319 3 1
7161 96197 83319 3 1
7162 98850 85801 5 1
7163 96199 83319 3 1
7164 96200 83319 3 1
7165 96201 83319 3 1
7166 96202 83319 3 1
7167 96203 83319 3 1
7168 96204 83319 3 1
7169 96205 83319 3 1
7170 96206 83319 3 1
7171 96207 83319 3 1
7172 96208 83319 3 1
7173 96209 83319 3 1
7174 96210 83319 3 1
7175 96211 83319 3 1
7176 98864 85801 5 1
7177 98865 85801 5 1
7178 96214 83319 3 1
7179 96215 83319 3 1
7180 98868 85801 5 1
7181 98869 85801 5 1
7182 98870 85801 5 1
7183 98871 85801 5 1
7184 98872 85801 5 1
7185 98873 85801 5 1
7186 98874 85801 5 1
7187 98875 85801 5 1
7188 98876 85801 5 1
7189 98877 85801 5 1
7190 98878 85801 5 1
7191 98879 85801 5 1
7192 98880 85801 5 1
7193 98881 85801 5 1
7194 98882 85801 5 1
7195 98883 85801 5 1
7196 98884 85801 5 1
7197 98885 85801 5 1
7198 98886 85801 5 1
7199 97870 84849 3 1
7200 97871 84849 3 1
7201 97872 84849 3 1
7202 97873 84849 3 1
7203 97874 84849 3 1
7204 98892 85801 5 1
7205 97876 84849 3 1
7206 97877 84849 3 1
7207 97878 84849 3 1
7208 97879 84849 3 1
7209 97880 84849 3 1
7210 97881 84849 3 1
7211 97882 84849 3 1
7212 97883 84849 3 1
7213 97884 84849 3 1
7214 97885 84849 3 1
7215 97886 84849 3 1
7216 97887 84849 3 1
7217 97888 84849 3 1
7218 97889 84849 3 1
7219 97890 84849 3 1
7220 97891 84849 3 1
7221 97892 84849 3 1
7222 97893 84849 3 1
7223 97894 84849 3 1
7224 97895 84849 3 1
7225 97896 84849 3 1
7226 97897 84849 3 1
7227 97898 84849 3 1
7228 97899 84849 3 1
7229 97900 84849 3 1
7230 97901 84849 3 1
7231 97902 84849 3 1
7232 97903 84849 3 1
7233 97904 84849 3 1
7234 98922 85801 5 1
7235 98923 85801 5 1
7236 98924 85801 5 1
7237 98925 85801 5 1
7238 98926 85801 5 1
7239 98927 85801 5 1
7240 97911 84849 3 1
7241 98929 85801 5 1
7242 98930 85801 5 1
7243 98931 85801 5 1
7244 97915 84849 3 1
7245 97916 84849 3 1
7246 98934 85801 5 1
7247 98935 85801 5 1
7248 98936 85801 5 1
7249 98937 85801 5 1
7250 98938 85801 5 1
7251 98939 85801 5 1
7252 98940 85801 5 1
7253 98941 85801 5 1
7254 98942 85801 5 1
7255 98943 85801 5 1
7256 98944 85801 5 1
7257 98945 85801 5 1
7258 98946 85801 5 1
7259 98947 85801 5 1
7260 98948 85801 5 1
7261 98949 85801 5 1
7262 98950 85801 5 1
7263 98951 85801 5 1
7264 98952 85801 5 1
7265 98953 85801 5 1
7266 98954 85801 5 1
7267 98955 85801 5 1
7268 98956 85801 5 1
7269 98957 85801 5 1
7270 98958 85801 5 1
7271 98959 85801 5 1
7272 98960 85801 5 1
7273 98961 85801 5 1
7274 98962 85801 5 1
7275 98963 85801 5 1
7276 98964 85801 5 1
7277 98965 85801 5 1
7278 98966 85801 5 1
7279 98967 85801 5 1
7280 98968 85801 5 1
7281 98969 85801 5 1
7282 98970 85801 5 1
7283 98971 85801 5 1
7284 98972 85801 5 1
7285 98973 85801 5 1
7286 98974 85801 5 1
7287 98975 85801 5 1
7288 98976 85801 5 1
7289 98977 85801 5 1
7290 98978 85801 5 1
7291 98979 85801 5 1
7292 98980 85801 5 1
7293 98981 85801 5 1
7294 98982 85801 5 1
7295 98983 85801 5 1
7296 98984 85801 5 1
7297 98985 85801 5 1
7298 98986 85801 5 1
7299 98987 85801 5 1
7300 98988 85801 5 1
7301 98989 85801 5 1
7302 98990 85801 5 1
7303 98991 85801 5 1
7304 98992 85801 5 1
7305 98993 85801 5 1
7306 98994 85801 5 1
7307 98995 85801 5 1
7308 98996 85801 5 1
7309 98997 85801 5 1
7310 98998 85801 5 1
7311 98999 85801 5 1
7312 99000 85801 5 1
7313 99001 85801 5 1
7314 99002 85801 5 1
7315 99003 85801 5 1
7316 99004 85801 5 1
7317 99005 85801 5 1
7318 99006 85801 5 1
7319 99007 85801 5 1
7320 99008 85801 5 1
7321 99009 85801 5 1
7322 99010 85801 5 1
7323 99011 85801 5 1
7324 99012 85801 5 1
7325 99013 85801 5 1
7326 99014 85801 5 1
7327 99015 85801 5 1
7328 99016 85801 5 1
7329 99017 85801 5 1
7330 99018 85801 5 1
7331 99019 85801 5 1
7332 99020 85801 5 1
7333 99021 85801 5 1
7334 99022 85801 5 1
7335 99023 85801 5 1
7336 99024 85801 5 1
7337 99025 85801 5 1
7338 99026 85801 5 1
7339 99027 85801 5 1
7340 99028 85801 5 1
7341 99029 85801 5 1
7342 99030 85801 5 1
7343 99031 85801 5 1
7344 99032 85801 5 1
7345 99033 85801 5 1
7346 99034 85801 5 1
7347 99035 85801 5 1
7348 99036 85801 5 1
7349 99037 85801 5 1
7350 99038 85801 5 1
7351 99039 85801 5 1
7352 99040 85801 5 1
7353 99041 85801 5 1
7354 99042 85801 5 1
7355 99043 85801 5 1
7356 99044 85801 5 1
7357 99045 85801 5 1
7358 99046 85801 5 1
7359 99047 85801 5 1
7360 99048 85801 5 1
7361 99049 85801 5 1
7362 99050 85801 5 1
7363 99051 85801 5 1
7364 99052 85801 5 1
7365 99053 85801 5 1
7366 99054 85801 5 1
7367 99055 85801 5 1
7368 99056 85801 5 1
7369 99057 85801 5 1
7370 99058 85801 5 1
7371 99059 85801 5 1
7372 99060 85801 5 1
7373 99061 85801 5 1
7374 99062 85801 5 1
7375 99063 85801 5 1
7376 100593 87232 7 1
7377 99065 85801 5 1
7378 99066 85801 5 1
7379 99067 85801 5 1
7380 99068 85801 5 1
7381 99069 85801 5 1
7382 100599 87232 7 1
7383 99071 85801 5 1
7384 99072 85801 5 1
7385 99073 85801 5 1
7386 99074 85801 5 1
7387 99075 85801 5 1
7388 100605 87232 7 1
7389 100606 87232 7 1
7390 100607 87232 7 1
7391 100608 87232 7 1
7392 100609 87232 7 1
7393 100610 87232 7 1
7394 100611 87232 7 1
7395 100612 87232 7 1
7396 100613 87232 7 1
7397 99085 85801 5 1
7398 99086 85801 5 1
7399 99087 85801 5 1
7400 100617 87232 7 1
7401 100618 87232 7 1
7402 100619 87232 7 1
7403 100620 87232 7 1
7404 100621 87232 7 1
7405 100622 87232 7 1
7406 100623 87232 7 1
7407 100624 87232 7 1
7408 100625 87232 7 1
7409 100626 87232 7 1
7410 100627 87232 7 1
7411 100628 87232 7 1
7412 100629 87232 7 1
7413 100630 87232 7 1
7414 100631 87232 7 1
7415 100632 87232 7 1
7416 100633 87232 7 1
7417 100634 87232 7 1
7418 100635 87232 7 1
7419 100636 87232 7 1
7420 100637 87232 7 1
7421 100638 87232 7 1
7422 100639 87232 7 1
7423 100640 87232 7 1
7424 100641 87232 7 1
7425 100642 87232 7 1
7426 100643 87232 7 1
7427 100644 87232 7 1
7428 100645 87232 7 1
7429 100646 87232 7 1
7430 100647 87232 7 1
7431 100648 87232 7 1
7432 100649 87232 7 1
7433 100650 87232 7 1
7434 100651 87232 7 1
7435 100652 87232 7 1
7436 100653 87232 7 1
7437 100654 87232 7 1
7438 100655 87232 7 1
7439 100656 87232 7 1
7440 100657 87232 7 1
7441 100658 87232 7 1
7442 100659 87232 7 1
7443 100660 87232 7 1
7444 100661 87232 7 1
7445 100662 87232 7 1
7446 100663 87232 7 1
7447 100664 87232 7 1
7448 100665 87232 7 1
7449 100666 87232 7 1
7450 100667 87232 7 1
7451 100668 87232 7 1
7452 100669 87232 7 1
7453 100670 87232 7 1
7454 100671 87232 7 1
7455 100672 87232 7 1
7456 100673 87232 7 1
7457 100674 87232 7 1
7458 100675 87232 7 1
7459 103487 89862 3 1
7460 100677 87232 7 1
7461 100678 87232 7 1
7462 100679 87232 7 1
7463 100680 87232 7 1
7464 100681 87232 7 1
7465 100682 87232 7 1
7466 100683 87232 7 1
7467 100684 87232 7 1
7468 100685 87232 7 1
7469 100686 87232 7 1
7470 100687 87232 7 1
7471 100688 87232 7 1
7472 100689 87232 7 1
7473 100690 87232 7 1
7474 100691 87232 7 1
7475 100692 87232 7 1
7476 100693 87232 7 1
7477 103505 89862 3 1
7478 100695 87232 7 1
7479 100696 87232 7 1
7480 103508 89862 3 1
7481 103509 89862 3 1
7482 103510 89862 3 1
7483 103511 89862 3 1
7484 100701 87232 7 1
7485 103513 89862 3 1
7486 103514 89862 3 1
7487 103515 89862 3 1
7488 103516 89862 3 1
7489 103517 89862 3 1
7490 103518 89862 3 1
7491 103519 89862 3 1
7492 103520 89862 3 1
7493 103521 89862 3 1
7494 103522 89862 3 1
7495 103523 89862 3 1
7496 103524 89862 3 1
7497 103525 89862 3 1
7498 103526 89862 3 1
7499 103527 89862 3 1
7500 103528 89862 3 1
7501 100718 87232 7 1
7502 103530 89862 3 1
7503 103531 89862 3 1
7504 103532 89862 3 1
7505 103533 89862 3 1
7506 103534 89862 3 1
7507 100724 87232 7 1
7508 100725 87232 7 1
7509 103537 89862 3 1
7510 100727 87232 7 1
7511 100728 87232 7 1
7512 100729 87232 7 1
7513 100730 87232 7 1
7514 100731 87232 7 1
7515 103543 89862 3 1
7516 103544 89862 3 1
7517 100734 87232 7 1
7518 100735 87232 7 1
7519 103547 89862 3 1
7520 103548 89862 3 1
7521 103549 89862 3 1
7522 103550 89862 3 1
7523 103551 89862 3 1
7524 103552 89862 3 1
7525 103553 89862 3 1
7526 103554 89862 3 1
7527 103555 89862 3 1
7528 103556 89862 3 1
7529 103557 89862 3 1
7530 103558 89862 3 1
7531 103559 89862 3 1
7532 103560 89862 3 1
7533 103561 89862 3 1
7534 103562 89862 3 1
7535 103563 89862 3 1
7536 103564 89862 3 1
7537 103565 89862 3 1
7538 103566 89862 3 1
7539 103567 89862 3 1
7540 103568 89862 3 1
7541 103569 89862 3 1
7542 103570 89862 3 1
7543 103571 89862 3 1
7544 103572 89862 3 1
7545 103573 89862 3 1
7546 103574 89862 3 1
7547 103575 89862 3 1
7548 103576 89862 3 1
7549 103577 89862 3 1
7550 103578 89862 3 1
7551 103579 89862 3 1
7552 103580 89862 3 1
7553 103581 89862 3 1
7554 103582 89862 3 1
7555 103583 89862 3 1
7556 103584 89862 3 1
7557 103585 89862 3 1
7558 103586 89862 3 1
7559 103587 89862 3 1
7560 103588 89862 3 1
7561 103589 89862 3 1
7562 103590 89862 3 1
7563 103591 89862 3 1
7564 103592 89862 3 1
7565 103593 89862 3 1
7566 103594 89862 3 1
7567 103595 89862 3 1
7568 103596 89862 3 1
7569 103597 89862 3 1
7570 103598 89862 3 1
7571 103599 89862 3 1
7572 103600 89862 3 1
7573 103601 89862 3 1
7574 103602 89862 3 1
7575 103603 89862 3 1
7576 103604 89862 3 1
7577 103605 89862 3 1
7578 103606 89862 3 1
7579 103607 89862 3 1
7580 103608 89862 3 1
7581 103609 89862 3 1
7582 103610 89862 3 1
7583 103611 89862 3 1
7584 103612 89862 3 1
7585 103613 89862 3 1
7586 103614 89862 3 1
7587 103615 89862 3 1
7588 103616 89862 3 1
7589 103617 89862 3 1
7590 103618 89862 3 1
7591 103619 89862 3 1
7592 103620 89862 3 1
7593 103621 89862 3 1
7594 103622 89862 3 1
7595 103623 89862 3 1
7596 103624 89862 3 1
7597 103625 89862 3 1
7598 103626 89862 3 1
7599 103627 89862 3 1
7600 103628 89862 3 1
7601 103629 89862 3 1
7602 103630 89862 3 1
7603 103631 89862 3 1
7604 103632 89862 3 1
7605 103633 89862 3 1
7606 103634 89862 3 1
7607 103635 89862 3 1
7608 103636 89862 3 1
7609 103637 89862 3 1
7610 103638 89862 3 1
7611 103639 89862 3 1
7612 103640 89862 3 1
7613 103641 89862 3 1
7614 103642 89862 3 1
7615 103643 89862 3 1
7616 103644 89862 3 1
7617 103645 89862 3 1
7618 103646 89862 3 1
7619 103647 89862 3 1
7620 103648 89862 3 1
7621 103649 89862 3 1
7622 103650 89862 3 1
7623 103651 89862 3 1
7624 103652 89862 3 1
7625 103653 89862 3 1
7626 103654 89862 3 1
7627 103655 89862 3 1
7628 103656 89862 3 1
7629 103657 89862 3 1
7630 103658 89862 3 1
7631 103659 89862 3 1
7632 103660 89862 3 1
7633 103661 89862 3 1
7634 103662 89862 3 1
7635 103663 89862 3 1
7636 103664 89862 3 1
7637 103665 89862 3 1
7638 103666 89862 3 1
7639 103667 89862 3 1
7640 103668 89862 3 1
7641 103669 89862 3 1
7642 103670 89862 3 1
7643 103671 89862 3 1
7644 103672 89862 3 1
7645 103673 89862 3 1
7646 103674 89862 3 1
7647 103675 89862 3 1
7648 103676 89862 3 1
7649 103677 89862 3 1
7650 103678 89862 3 1
7651 103679 89862 3 1
7652 103680 89862 3 1
7653 103681 89862 3 1
7654 103682 89862 3 1
7655 103683 89862 3 1
7656 103684 89862 3 1
7657 103685 89862 3 1
7658 103686 89862 3 1
7659 103687 89862 3 1
7660 103688 89862 3 1
7661 103689 89862 3 1
7662 103690 89862 3 1
7663 103691 89862 3 1
7664 103692 89862 3 1
7665 103693 89862 3 1
7666 103694 89862 3 1
7667 103695 89862 3 1
7668 103696 89862 3 1
7669 103697 89862 3 1
7670 103698 89862 3 1
7671 103699 89862 3 1
7672 103700 89862 3 1
7673 103701 89862 3 1
7674 103702 89862 3 1
7675 103703 89862 3 1
7676 103704 89862 3 1
7677 103705 89862 3 1
7678 103706 89862 3 1
7679 103707 89862 3 1
7680 103708 89862 3 1
7681 103709 89862 3 1
7682 103710 89862 3 1
7683 103711 89862 3 1
7684 103712 89862 3 1
7685 103713 89862 3 1
7686 103714 89862 3 1
7687 103715 89862 3 1
7688 103716 89862 3 1
7689 103717 89862 3 1
7690 103718 89862 3 1
7691 107051 92980 3 1
7692 105749 91761 5 1
7693 105750 91761 5 1
7694 103722 89862 3 1
7695 103723 89862 3 1
7696 103724 89862 3 1
7697 103725 89862 3 1
7698 103726 89862 3 1
7699 107059 92980 3 1
7700 107060 92980 3 1
7701 107061 92980 3 1
7702 103730 89862 3 1
7703 103731 89862 3 1
7704 107064 92980 3 1
7705 107065 92980 3 1
7706 107066 92980 3 1
7707 107067 92980 3 1
7708 107068 92980 3 1
7709 107069 92980 3 1
7710 107070 92980 3 1
7711 107071 92980 3 1
7712 107072 92980 3 1
7713 107073 92980 3 1
7714 107074 92980 3 1
7715 107075 92980 3 1
7716 105773 91761 5 1
7717 107077 92980 3 1
7718 107078 92980 3 1
7719 107079 92980 3 1
7720 105777 91761 5 1
7721 105778 91761 5 1
7722 105779 91761 5 1
7723 105780 91761 5 1
7724 107084 92980 3 1
7725 105782 91761 5 1
7726 105783 91761 5 1
7727 105784 91761 5 1
7728 105785 91761 5 1
7729 105786 91761 5 1
7730 105787 91761 5 1
7731 105788 91761 5 1
7732 105789 91761 5 1
7733 107093 92980 3 1
7734 105791 91761 5 1
7735 105792 91761 5 1
7736 107096 92980 3 1
7737 105794 91761 5 1
7738 107098 92980 3 1
7739 105796 91761 5 1
7740 105797 91761 5 1
7741 105798 91761 5 1
7742 105799 91761 5 1
7743 107103 92980 3 1
7744 105801 91761 5 1
7745 107105 92980 3 1
7746 107106 92980 3 1
7747 105804 91761 5 1
7748 107108 92980 3 1
7749 107109 92980 3 1
7750 107110 92980 3 1
7751 107111 92980 3 1
7752 107112 92980 3 1
7753 107113 92980 3 1
7754 107114 92980 3 1
7755 107115 92980 3 1
7756 107116 92980 3 1
7757 107117 92980 3 1
7758 107118 92980 3 1
7759 107119 92980 3 1
7760 107120 92980 3 1
7761 107121 92980 3 1
7762 107122 92980 3 1
7763 107123 92980 3 1
7764 107124 92980 3 1
7765 107125 92980 3 1
7766 107126 92980 3 1
7767 107127 92980 3 1
7768 107128 92980 3 1
7769 107129 92980 3 1
7770 107130 92980 3 1
7771 107131 92980 3 1
7772 107132 92980 3 1
7773 107133 92980 3 1
7774 107134 92980 3 1
7775 107135 92980 3 1
7776 107136 92980 3 1
7777 107137 92980 3 1
7778 107138 92980 3 1
7779 107139 92980 3 1
7780 107140 92980 3 1
7781 107141 92980 3 1
7782 107142 92980 3 1
7783 107143 92980 3 1
7784 107144 92980 3 1
7785 107145 92980 3 1
7786 107146 92980 3 1
7787 107147 92980 3 1
7788 107148 92980 3 1
7789 107149 92980 3 1
7790 107150 92980 3 1
7791 107151 92980 3 1
7792 107152 92980 3 1
7793 107153 92980 3 1
7794 107154 92980 3 1
7795 109988 95631 2 1
7796 107156 92980 3 1
7797 109990 95631 2 1
7798 109991 95631 2 1
7799 107159 92980 3 1
7800 107160 92980 3 1
7801 107161 92980 3 1
7802 107162 92980 3 1
7803 109996 95631 2 1
7804 107164 92980 3 1
7805 107165 92980 3 1
7806 109999 95631 2 1
7807 107167 92980 3 1
7808 107168 92980 3 1
7809 107169 92980 3 1
7810 110003 95631 2 1
7811 110004 95631 2 1
7812 110005 95631 2 1
7813 107173 92980 3 1
7814 107174 92980 3 1
7815 107175 92980 3 1
7816 110009 95631 2 1
7817 110010 95631 2 1
7818 110011 95631 2 1
7819 110012 95631 2 1
7820 110013 95631 2 1
7821 107181 92980 3 1
7822 107182 92980 3 1
7823 110016 95631 2 1
7824 107184 92980 3 1
7825 110018 95631 2 1
7826 110019 95631 2 1
7827 107187 92980 3 1
7828 110021 95631 2 1
7829 110022 95631 2 1
7830 110023 95631 2 1
7831 110024 95631 2 1
7832 110025 95631 2 1
7833 110026 95631 2 1
7834 110027 95631 2 1
7835 110028 95631 2 1
7836 110029 95631 2 1
7837 110030 95631 2 1
7838 110031 95631 2 1
7839 110032 95631 2 1
7840 110033 95631 2 1
7841 110034 95631 2 1
7842 110035 95631 2 1
7843 110036 95631 2 1
7844 110037 95631 2 1
7845 110038 95631 2 1
7846 110039 95631 2 1
7847 110040 95631 2 1
7848 110041 95631 2 1
7849 107209 92980 3 1
7850 110043 95631 2 1
7851 110044 95631 2 1
7852 110045 95631 2 1
7853 110046 95631 2 1
7854 110047 95631 2 1
7855 110048 95631 2 1
7856 110049 95631 2 1
7857 110050 95631 2 1
7858 107218 92980 3 1
7859 107219 92980 3 1
7860 107220 92980 3 1
7861 107221 92980 3 1
7862 107222 92980 3 1
7863 107223 92980 3 1
7864 107224 92980 3 1
7865 107225 92980 3 1
7866 110059 95631 2 1
7867 110060 95631 2 1
7868 110061 95631 2 1
7869 110062 95631 2 1
7870 110063 95631 2 1
7871 107231 92980 3 1
7872 107232 92980 3 1
7873 107233 92980 3 1
7874 107234 92980 3 1
7875 107235 92980 3 1
7876 107236 92980 3 1
7877 107237 92980 3 1
7878 107238 92980 3 1
7879 107239 92980 3 1
7880 107240 92980 3 1
7881 107241 92980 3 1
7882 107242 92980 3 1
7883 107243 92980 3 1
7884 107244 92980 3 1
7885 107245 92980 3 1
7886 107246 92980 3 1
7887 107247 92980 3 1
7888 107248 92980 3 1
7889 107249 92980 3 1
7890 107250 92980 3 1
7891 107251 92980 3 1
7892 107252 92980 3 1
7893 107253 92980 3 1
7894 107254 92980 3 1
7895 107255 92980 3 1
7896 107256 92980 3 1
7897 107257 92980 3 1
7898 107258 92980 3 1
7899 107259 92980 3 1
7900 107260 92980 3 1
7901 107261 92980 3 1
7902 107262 92980 3 1
7903 107263 92980 3 1
7904 107264 92980 3 1
7905 107265 92980 3 1
7906 107266 92980 3 1
7907 107267 92980 3 1
7908 107268 92980 3 1
7909 107269 92980 3 1
7910 107270 92980 3 1
7911 107271 92980 3 1
7912 107272 92980 3 1
7913 107273 92980 3 1
7914 107274 92980 3 1
7915 107275 92980 3 1
7916 107276 92980 3 1
7917 107277 92980 3 1
7918 107278 92980 3 1
7919 107279 92980 3 1
7920 107280 92980 3 1
7921 107281 92980 3 1
7922 107282 92980 3 1
7923 107283 92980 3 1
7924 107284 92980 3 1
7925 107285 92980 3 1
7926 107286 92980 3 1
7927 107287 92980 3 1
7928 107288 92980 3 1
7929 107289 92980 3 1
7930 107290 92980 3 1
7931 107291 92980 3 1
7932 107292 92980 3 1
7933 107293 92980 3 1
7934 107294 92980 3 1
7935 107295 92980 3 1
7936 110129 95631 2 1
7937 107297 92980 3 1
7938 107298 92980 3 1
7939 107299 92980 3 1
7940 107300 92980 3 1
7941 107301 92980 3 1
7942 107302 92980 3 1
7943 107303 92980 3 1
7944 107304 92980 3 1
7945 107305 92980 3 1
7946 107306 92980 3 1
7947 107307 92980 3 1
7948 107308 92980 3 1
7949 107309 92980 3 1
7950 107310 92980 3 1
7951 107311 92980 3 1
7952 107312 92980 3 1
7953 107313 92980 3 1
7954 107314 92980 3 1
7955 107315 92980 3 1
7956 107316 92980 3 1
7957 107317 92980 3 1
7958 110151 95631 2 1
7959 110152 95631 2 1
7960 107320 92980 3 1
7961 107321 92980 3 1
7962 110155 95631 2 1
7963 110156 95631 2 1
7964 110157 95631 2 1
7965 110158 95631 2 1
7966 110159 95631 2 1
7967 110160 95631 2 1
7968 110161 95631 2 1
7969 110162 95631 2 1
7970 110163 95631 2 1
7971 110164 95631 2 1
7972 110165 95631 2 1
7973 110166 95631 2 1
7974 110167 95631 2 1
7975 107335 92980 3 1
7976 110169 95631 2 1
7977 110170 95631 2 1
7978 110171 95631 2 1
7979 110172 95631 2 1
7980 110173 95631 2 1
7981 110174 95631 2 1
7982 110175 95631 2 1
7983 110176 95631 2 1
7984 110177 95631 2 1
7985 110178 95631 2 1
7986 110179 95631 2 1
7987 110180 95631 2 1
7988 110181 95631 2 1
7989 110182 95631 2 1
7990 110183 95631 2 1
7991 110184 95631 2 1
7992 110185 95631 2 1
7993 110186 95631 2 1
7994 110187 95631 2 1
7995 110188 95631 2 1
7996 110189 95631 2 1
7997 110190 95631 2 1
7998 110191 95631 2 1
7999 110192 95631 2 1
8000 110193 95631 2 1
