1 0 0 12 1
2 14 12 3 1
3 12 9 2 1
4 22 18 4 1
5 62 56 5 1
6 284 271 10 1
7 108 99 10 1
8 93 83 3 1
9 215 201 8 1
10 245 229 5 1
11 290 272 10 1
12 468 444 10 1
13 469 444 10 1
14 257 237 9 1
15 471 444 10 1
16 400 374 8 1
17 473 444 10 1
18 616 582 10 1
19 581 547 8 1
20 476 444 10 1
21 599 562 2 1
22 585 548 10 1
23 429 395 3 1
24 622 582 10 1
25 461 424 2 1
26 462 424 2 1
27 411 374 8 1
28 412 374 8 1
29 591 547 8 1
30 644 597 2 1
31 593 547 8 1
32 594 547 8 1
33 830 775 3 1
34 596 547 8 1
35 832 775 3 1
36 955 894 10 1
37 957 895 10 1
38 835 775 3 1
39 836 775 3 1
40 913 849 4 1
41 700 641 4 1
42 1210 1136 10 1
43 1068 997 8 1
44 917 849 4 1
45 918 849 4 1
46 1321 1240 10 1
47 967 895 10 1
48 1323 1240 10 1
49 933 860 10 1
50 934 860 10 1
51 1102 1022 4 1
52 1103 1022 4 1
53 1221 1136 10 1
54 1578 1482 10 1
55 1223 1136 10 1
56 1580 1482 10 1
57 1581 1482 10 1
58 1216 1126 4 1
59 1217 1126 4 1
60 1218 1126 4 1
61 1219 1126 4 1
62 1586 1482 10 1
63 1221 1126 4 1
64 1552 1447 8 1
65 1553 1447 8 1
66 1224 1126 4 1
67 1555 1447 8 1
68 1556 1447 8 1
69 1557 1447 8 1
70 1192 1091 4 1
71 1809 1690 10 1
72 1917 1794 10 1
73 1561 1447 8 1
74 1598 1482 10 1
75 1813 1690 10 1
76 1814 1690 10 1
77 1565 1447 8 1
78 1566 1447 8 1
79 1924 1794 10 1
80 1925 1794 10 1
81 2037 1902 12 1
82 2038 1902 12 1
83 1928 1794 10 1
84 1929 1794 10 1
85 1930 1794 10 1
86 1931 1794 10 1
87 1932 1794 10 1
88 1933 1794 10 1
89 1934 1794 10 1
90 2031 1887 4 1
91 2032 1887 4 1
92 1937 1794 10 1
93 1938 1794 10 1
94 2112 1962 6 1
95 2036 1887 4 1
96 1941 1794 10 1
97 1942 1794 10 1
98 2116 1962 6 1
99 1944 1794 10 1
100 2118 1962 6 1
101 2119 1962 6 1
102 1947 1794 10 1
103 2121 1962 6 1
104 2122 1962 6 1
105 2271 2106 9 1
106 2272 2106 9 1
107 2125 1962 6 1
108 1953 1794 10 1
109 2275 2106 9 1
110 2051 1887 4 1
111 2241 2071 10 1
112 2130 1962 6 1
113 2279 2106 9 1
114 2244 2071 10 1
115 2318 2142 10 1
116 2246 2071 10 1
117 2247 2071 10 1
118 2248 2071 10 1
119 2322 2142 10 1
120 2323 2142 10 1
121 2324 2142 10 1
122 2325 2142 10 1
123 2326 2142 10 1
124 2327 2142 10 1
125 2328 2142 10 1
126 2329 2142 10 1
127 2526 2332 3 1
128 2527 2332 3 1
129 2332 2142 10 1
130 2333 2142 10 1
131 3222 3005 10 1
132 3510 3284 10 1
133 3511 3284 10 1
134 3225 3005 10 1
135 2717 2510 4 1
136 3227 3005 10 1
137 3515 3284 10 1
138 3229 3005 10 1
139 3517 3284 10 1
140 3231 3005 10 1
141 3519 3284 10 1
142 3284 3054 2 1
143 3285 3054 2 1
144 3235 3005 10 1
145 3165 2936 10 1
146 3288 3054 2 1
147 3289 3054 2 1
148 3168 2936 10 1
149 3291 3054 2 1
150 3292 3054 2 1
151 3171 2936 10 1
152 3513 3267 3 1
153 3531 3284 10 1
154 3532 3284 10 1
155 3533 3284 10 1
156 3534 3284 10 1
157 3535 3284 10 1
158 3536 3284 10 1
159 3537 3284 10 1
160 3572 3317 10 1
161 3539 3284 10 1
162 3540 3284 10 1
163 3183 2936 10 1
164 4064 3791 4 1
165 4065 3791 4 1
166 3527 3267 3 1
167 3528 3267 3 1
168 3529 3267 3 1
169 3530 3267 3 1
170 3312 3054 2 1
171 4071 3791 4 1
172 4072 3791 4 1
173 4073 3791 4 1
174 4074 3791 4 1
175 4727 4425 10 1
176 4728 4425 10 1
177 4077 3791 4 1
178 4078 3791 4 1
179 4731 4425 10 1
180 4080 3791 4 1
181 4733 4425 10 1
182 4734 4425 10 1
183 4735 4425 10 1
184 4736 4425 10 1
185 4594 4286 10 1
186 4738 4425 10 1
187 4739 4425 10 1
188 4740 4425 10 1
189 4741 4425 10 1
190 4742 4425 10 1
191 4743 4425 10 1
192 4341 4033 4 1
193 4745 4425 10 1
194 4746 4425 10 1
195 4747 4425 10 1
196 4748 4425 10 1
197 4749 4425 10 1
198 4750 4425 10 1
199 4751 4425 10 1
200 4752 4425 10 1
201 3827 3525 10 1
202 3828 3525 10 1
203 3829 3525 10 1
204 4353 4033 4 1
205 4354 4033 4 1
206 4355 4033 4 1
207 4616 4286 10 1
208 4617 4286 10 1
209 4358 4033 4 1
210 4359 4033 4 1
211 4620 4286 10 1
212 4361 4033 4 1
213 4622 4286 10 1
214 4623 4286 10 1
215 4624 4286 10 1
216 4365 4033 4 1
217 4626 4286 10 1
218 4627 4286 10 1
219 4628 4286 10 1
220 4629 4286 10 1
221 4630 4286 10 1
222 4631 4286 10 1
223 4954 4599 10 1
224 4955 4599 10 1
225 4956 4599 10 1
226 4635 4286 10 1
227 4958 4599 10 1
228 4377 4033 4 1
229 4960 4599 10 1
230 4639 4286 10 1
231 4962 4599 10 1
232 5105 4737 10 1
233 4964 4599 10 1
234 4965 4599 10 1
235 4966 4599 10 1
236 4967 4599 10 1
237 4968 4599 10 1
238 4969 4599 10 1
239 4970 4599 10 1
240 5113 4737 10 1
241 5114 4737 10 1
242 4973 4599 10 1
243 5116 4737 10 1
244 5223 4840 10 1
245 5118 4737 10 1
246 4977 4599 10 1
247 4978 4599 10 1
248 5121 4737 10 1
249 4980 4599 10 1
250 5123 4737 10 1
251 5124 4737 10 1
252 5125 4737 10 1
253 5484 5085 11 1
254 5127 4737 10 1
255 6088 5670 10 1
256 5129 4737 10 1
257 6090 5670 10 1
258 6091 5670 10 1
259 5490 5085 11 1
260 5491 5085 11 1
261 6094 5670 10 1
262 5135 4737 10 1
263 5136 4737 10 1
264 5137 4737 10 1
265 6098 5670 10 1
266 6099 5670 10 1
267 6100 5670 10 1
268 6101 5670 10 1
269 6102 5670 10 1
270 6103 5670 10 1
271 5753 5329 12 1
272 6105 5670 10 1
273 6106 5670 10 1
274 5756 5329 12 1
275 6108 5670 10 1
276 6109 5670 10 1
277 6110 5670 10 1
278 5760 5329 12 1
279 6112 5670 10 1
280 6113 5670 10 1
281 5763 5329 12 1
282 6115 5670 10 1
283 6116 5670 10 1
284 6117 5670 10 1
285 6118 5670 10 1
286 6119 5670 10 1
287 6120 5670 10 1
288 6121 5670 10 1
289 6122 5670 10 1
290 6123 5670 10 1
291 6555 6089 11 1
292 6556 6089 11 1
293 5664 5221 9 1
294 6558 6089 11 1
295 6559 6089 11 1
296 6560 6089 11 1
297 6561 6089 11 1
298 5669 5221 9 1
299 5670 5221 9 1
300 6564 6089 11 1
301 5672 5221 9 1
302 5673 5221 9 1
303 6567 6089 11 1
304 5675 5221 9 1
305 6569 6089 11 1
306 6570 6089 11 1
307 6571 6089 11 1
308 6572 6089 11 1
309 6573 6089 11 1
310 6574 6089 11 1
311 7713 7195 10 1
312 7714 7195 10 1
313 7715 7195 10 1
314 6578 6089 11 1
315 6579 6089 11 1
316 7718 7195 10 1
317 7718 7194 10 1
318 6582 6089 11 1
319 6583 6089 11 1
320 8006 7471 10 1
321 6870 6366 11 1
322 6871 6366 11 1
323 8009 7471 10 1
324 6873 6366 11 1
325 6874 6366 11 1
326 8012 7471 10 1
327 6876 6366 11 1
328 8014 7471 10 1
329 8015 7471 10 1
330 7731 7194 10 1
331 7732 7194 10 1
332 7733 7194 10 1
333 8019 7471 10 1
334 7735 7194 10 1
335 8021 7471 10 1
336 7737 7194 10 1
337 8023 7471 10 1
338 8024 7471 10 1
339 7740 7194 10 1
340 8026 7471 10 1
341 7743 7195 10 1
342 7744 7195 10 1
343 8029 7471 10 1
344 8030 7471 10 1
345 7747 7195 10 1
346 8032 7471 10 1
347 8033 7471 10 1
348 8034 7471 10 1
349 7751 7195 10 1
350 7752 7195 10 1
351 7753 7195 10 1
352 7754 7195 10 1
353 8039 7471 10 1
354 8040 7471 10 1
355 8041 7471 10 1
356 8042 7471 10 1
357 8043 7471 10 1
358 8044 7471 10 1
359 7761 7195 10 1
360 7762 7195 10 1
361 7763 7195 10 1
362 7764 7195 10 1
363 8049 7471 10 1
364 8050 7471 10 1
365 7767 7195 10 1
366 7768 7195 10 1
367 8053 7471 10 1
368 7770 7195 10 1
369 8055 7471 10 1
370 8056 7471 10 1
371 8057 7471 10 1
372 8058 7471 10 1
373 7775 7195 10 1
374 8060 7471 10 1
375 8061 7471 10 1
376 7778 7195 10 1
377 7779 7195 10 1
378 7780 7195 10 1
379 7781 7195 10 1
380 8513 7905 3 1
381 7783 7195 10 1
382 8515 7905 3 1
383 8516 7905 3 1
384 8517 7905 3 1
385 8518 7905 3 1
386 8519 7905 3 1
387 8520 7905 3 1
388 8521 7905 3 1
389 8522 7905 3 1
390 8523 7905 3 1
391 8524 7905 3 1
392 8525 7905 3 1
393 8526 7905 3 1
394 8527 7905 3 1
395 8528 7905 3 1
396 8529 7905 3 1
397 9211 8567 4 1
398 9212 8567 4 1
399 8532 7905 3 1
400 9214 8567 4 1
401 8534 7905 3 1
402 9216 8567 4 1
403 9217 8567 4 1
404 8537 7905 3 1
405 9219 8567 4 1
406 8539 7905 3 1
407 8540 7905 3 1
408 8541 7905 3 1
409 9223 8567 4 1
410 8543 7905 3 1
411 9225 8567 4 1
412 9226 8567 4 1
413 9167 8509 9 1
414 9228 8567 4 1
415 9229 8567 4 1
416 9230 8567 4 1
417 9231 8567 4 1
418 9232 8567 4 1
419 9233 8567 4 1
420 9234 8567 4 1
421 9175 8509 9 1
422 9236 8567 4 1
423 9237 8567 4 1
424 9021 8356 3 1
425 9239 8567 4 1
426 9180 8509 9 1
427 9241 8567 4 1
428 9182 8509 9 1
429 9183 8509 9 1
430 10148 9446 11 1
431 10149 9446 11 1
432 10150 9446 11 1
433 10151 9446 11 1
434 9188 8509 9 1
435 10153 9446 11 1
436 10154 9446 11 1
437 10155 9446 11 1
438 10156 9446 11 1
439 10157 9446 11 1
440 10158 9446 11 1
441 10159 9446 11 1
442 10160 9446 11 1
443 10161 9446 11 1
444 10162 9446 11 1
445 10163 9446 11 1
446 10164 9446 11 1
447 10165 9446 11 1
448 9202 8509 9 1
449 10167 9446 11 1
450 10168 9446 11 1
451 10169 9446 11 1
452 10170 9446 11 1
453 10171 9446 11 1
454 10172 9446 11 1
455 10173 9446 11 1
456 9210 8509 9 1
457 10175 9446 11 1
458 10176 9446 11 1
459 10177 9446 11 1
460 9214 8509 9 1
461 10604 9859 10 1
462 10180 9446 11 1
463 10606 9859 10 1
464 9218 8509 9 1
465 10608 9859 10 1
466 9220 8509 9 1
467 9221 8509 9 1
468 9222 8509 9 1
469 9223 8509 9 1
470 10613 9859 10 1
471 10614 9859 10 1
472 10615 9859 10 1
473 10616 9859 10 1
474 10617 9859 10 1
475 10618 9859 10 1
476 10619 9859 10 1
477 10620 9859 10 1
478 10621 9859 10 1
479 10590 9828 12 1
480 10623 9859 10 1
481 10624 9859 10 1
482 10625 9859 10 1
483 10626 9859 10 1
484 10627 9859 10 1
485 10628 9859 10 1
486 10629 9859 10 1
487 10630 9859 10 1
488 11442 10647 5 1
489 10632 9859 10 1
490 10633 9859 10 1
491 10634 9859 10 1
492 10635 9859 10 1
493 10636 9859 10 1
494 10637 9859 10 1
495 10606 9828 12 1
496 10639 9859 10 1
497 11451 10647 5 1
498 11452 10647 5 1
499 11453 10647 5 1
500 11454 10647 5 1
501 11455 10647 5 1
502 11456 10647 5 1
503 11457 10647 5 1
504 10647 9859 10 1
505 10648 9859 10 1
506 10649 9859 10 1
507 10650 9859 10 1
508 10651 9859 10 1
509 11463 10647 5 1
510 11464 10647 5 1
511 11465 10647 5 1
512 11466 10647 5 1
513 11467 10647 5 1
514 11468 10647 5 1
515 10658 9859 10 1
516 10627 9828 12 1
517 11471 10647 5 1
518 11409 10586 10 1
519 11473 10647 5 1
520 11474 10647 5 1
521 11475 10647 5 1
522 11413 10586 10 1
523 11414 10586 10 1
524 11478 10647 5 1
525 11416 10586 10 1
526 11417 10586 10 1
527 11418 10586 10 1
528 11419 10586 10 1
529 11483 10647 5 1
530 10641 9828 12 1
531 11422 10586 10 1
532 10643 9828 12 1
533 10644 9828 12 1
534 11488 10647 5 1
535 11426 10586 10 1
536 11490 10647 5 1
537 11428 10586 10 1
538 11429 10586 10 1
539 11430 10586 10 1
540 11494 10647 5 1
541 11432 10586 10 1
542 11496 10647 5 1
543 11434 10586 10 1
544 11435 10586 10 1
545 12457 11578 4 1
546 12458 11578 4 1
547 11501 10647 5 1
548 11502 10647 5 1
549 12461 11578 4 1
550 11504 10647 5 1
551 11505 10647 5 1
552 11443 10586 10 1
553 11507 10647 5 1
554 11508 10647 5 1
555 11446 10586 10 1
556 11510 10647 5 1
557 11511 10647 5 1
558 11512 10647 5 1
559 11513 10647 5 1
560 11514 10647 5 1
561 11515 10647 5 1
562 11516 10647 5 1
563 12475 11578 4 1
564 11518 10647 5 1
565 11519 10647 5 1
566 11520 10647 5 1
567 12099 11209 10 1
568 12100 11209 10 1
569 11523 10647 5 1
570 11524 10647 5 1
571 12103 11209 10 1
572 12104 11209 10 1
573 12105 11209 10 1
574 12747 11832 10 1
575 12107 11209 10 1
576 12488 11578 4 1
577 12750 11832 10 1
578 12751 11832 10 1
579 12752 11832 10 1
580 12753 11832 10 1
581 12754 11832 10 1
582 12755 11832 10 1
583 12756 11832 10 1
584 12757 11832 10 1
585 12758 11832 10 1
586 11540 10647 5 1
587 12760 11832 10 1
588 12761 11832 10 1
589 12762 11832 10 1
590 12763 11832 10 1
591 12764 11832 10 1
592 12765 11832 10 1
593 12766 11832 10 1
594 12767 11832 10 1
595 12768 11832 10 1
596 12769 11832 10 1
597 14235 13256 13 1
598 14236 13256 13 1
599 12772 11832 10 1
600 12773 11832 10 1
601 12774 11832 10 1
602 14240 13256 13 1
603 12776 11832 10 1
604 12777 11832 10 1
605 12778 11832 10 1
606 12779 11832 10 1
607 12780 11832 10 1
608 12781 11832 10 1
609 12782 11832 10 1
610 12783 11832 10 1
611 12784 11832 10 1
612 12785 11832 10 1
613 12786 11832 10 1
614 12787 11832 10 1
615 12788 11832 10 1
616 12789 11832 10 1
617 12790 11832 10 1
618 14256 13256 13 1
619 12792 11832 10 1
620 12793 11832 10 1
621 12794 11832 10 1
622 12795 11832 10 1
623 12796 11832 10 1
624 12797 11832 10 1
625 12798 11832 10 1
626 12799 11832 10 1
627 14524 13507 2 1
628 12801 11832 10 1
629 12802 11832 10 1
630 12803 11832 10 1
631 14269 13256 13 1
632 12805 11832 10 1
633 12806 11832 10 1
634 12807 11832 10 1
635 12808 11832 10 1
636 12809 11832 10 1
637 12810 11832 10 1
638 14276 13256 13 1
639 14277 13256 13 1
640 14278 13256 13 1
641 14279 13256 13 1
642 14280 13256 13 1
643 14281 13256 13 1
644 14282 13256 13 1
645 14283 13256 13 1
646 12819 11832 10 1
647 14285 13256 13 1
648 14286 13256 13 1
649 14287 13256 13 1
650 14288 13256 13 1
651 14289 13256 13 1
652 14290 13256 13 1
653 12826 11832 10 1
654 14292 13256 13 1
655 14293 13256 13 1
656 14294 13256 13 1
657 14295 13256 13 1
658 14296 13256 13 1
659 14297 13256 13 1
660 14298 13256 13 1
661 14299 13256 13 1
662 14300 13256 13 1
663 14301 13256 13 1
664 14302 13256 13 1
665 14303 13256 13 1
666 14304 13256 13 1
667 14305 13256 13 1
668 14306 13256 13 1
669 14307 13256 13 1
670 14308 13256 13 1
671 14309 13256 13 1
672 14310 13256 13 1
673 14311 13256 13 1
674 14312 13256 13 1
675 14313 13256 13 1
676 14314 13256 13 1
677 14315 13256 13 1
678 14316 13256 13 1
679 14317 13256 13 1
680 14318 13256 13 1
681 14319 13256 13 1
682 14320 13256 13 1
683 14321 13256 13 1
684 14322 13256 13 1
685 14323 13256 13 1
686 14324 13256 13 1
687 14325 13256 13 1
688 14326 13256 13 1
689 14327 13256 13 1
690 14328 13256 13 1
691 16032 14911 10 1
692 16033 14911 10 1
693 16034 14911 10 1
694 14332 13256 13 1
695 14333 13256 13 1
696 14334 13256 13 1
697 14594 13507 2 1
698 16039 14911 10 1
699 14337 13256 13 1
700 14338 13256 13 1
701 14339 13256 13 1
702 14340 13256 13 1
703 14341 13256 13 1
704 14342 13256 13 1
705 14343 13256 13 1
706 14344 13256 13 1
707 14345 13256 13 1
708 14605 13507 2 1
709 14606 13507 2 1
710 14607 13507 2 1
711 16052 14911 10 1
712 14350 13256 13 1
713 14610 13507 2 1
714 14611 13507 2 1
715 14612 13507 2 1
716 14613 13507 2 1
717 16058 14911 10 1
718 14615 13507 2 1
719 16060 14911 10 1
720 16061 14911 10 1
721 14618 13507 2 1
722 14619 13507 2 1
723 14620 13507 2 1
724 14621 13507 2 1
725 14622 13507 2 1
726 14623 13507 2 1
727 14624 13507 2 1
728 14625 13507 2 1
729 14626 13507 2 1
730 14627 13507 2 1
731 14628 13507 2 1
732 14629 13507 2 1
733 14630 13507 2 1
734 16075 14911 10 1
735 14632 13507 2 1
736 14633 13507 2 1
737 14634 13507 2 1
738 16079 14911 10 1
739 14636 13507 2 1
740 14637 13507 2 1
741 14638 13507 2 1
742 14639 13507 2 1
743 14640 13507 2 1
744 16085 14911 10 1
745 14642 13507 2 1
746 16087 14911 10 1
747 14644 13507 2 1
748 14645 13507 2 1
749 16248 15064 2 1
750 16986 15781 12 1
751 16987 15781 12 1
752 16988 15781 12 1
753 14650 13507 2 1
754 14651 13507 2 1
755 16991 15781 12 1
756 16097 14911 10 1
757 16993 15781 12 1
758 16994 15781 12 1
759 16995 15781 12 1
760 16996 15781 12 1
761 16997 15781 12 1
762 16998 15781 12 1
763 16999 15781 12 1
764 17000 15781 12 1
765 16264 15064 2 1
766 17002 15781 12 1
767 17003 15781 12 1
768 17004 15781 12 1
769 17005 15781 12 1
770 17006 15781 12 1
771 16270 15064 2 1
772 17008 15781 12 1
773 17009 15781 12 1
774 16273 15064 2 1
775 17011 15781 12 1
776 17012 15781 12 1
777 17013 15781 12 1
778 16277 15064 2 1
779 17015 15781 12 1
780 17016 15781 12 1
781 17017 15781 12 1
782 16281 15064 2 1
783 17019 15781 12 1
784 16283 15064 2 1
785 17021 15781 12 1
786 16285 15064 2 1
787 17023 15781 12 1
788 16287 15064 2 1
789 17025 15781 12 1
790 17026 15781 12 1
791 17027 15781 12 1
792 17028 15781 12 1
793 17029 15781 12 1
794 17030 15781 12 1
795 17031 15781 12 1
796 17032 15781 12 1
797 17033 15781 12 1
798 16297 15064 2 1
799 17035 15781 12 1
800 17036 15781 12 1
801 17037 15781 12 1
802 17038 15781 12 1
803 17039 15781 12 1
804 17040 15781 12 1
805 17041 15781 12 1
806 17042 15781 12 1
807 17043 15781 12 1
808 17044 15781 12 1
809 16308 15064 2 1
810 17046 15781 12 1
811 16310 15064 2 1
812 16311 15064 2 1
813 16312 15064 2 1
814 16313 15064 2 1
815 18613 17299 10 1
816 17052 15781 12 1
817 16316 15064 2 1
818 17054 15781 12 1
819 17055 15781 12 1
820 16319 15064 2 1
821 17057 15781 12 1
822 16321 15064 2 1
823 16322 15064 2 1
824 16323 15064 2 1
825 16324 15064 2 1
826 18624 17299 10 1
827 16326 15064 2 1
828 18626 17299 10 1
829 16328 15064 2 1
830 16329 15064 2 1
831 18629 17299 10 1
832 18630 17299 10 1
833 16332 15064 2 1
834 18632 17299 10 1
835 18633 17299 10 1
836 16335 15064 2 1
837 18635 17299 10 1
838 18636 17299 10 1
839 16338 15064 2 1
840 16339 15064 2 1
841 16340 15064 2 1
842 19413 18050 4 1
843 19414 18050 4 1
844 18642 17299 10 1
845 18643 17299 10 1
846 16345 15064 2 1
847 18645 17299 10 1
848 19419 18050 4 1
849 19420 18050 4 1
850 16349 15064 2 1
851 18649 17299 10 1
852 16351 15064 2 1
853 16352 15064 2 1
854 16353 15064 2 1
855 18653 17299 10 1
856 16355 15064 2 1
857 18655 17299 10 1
858 18656 17299 10 1
859 18657 17299 10 1
860 16359 15064 2 1
861 16360 15064 2 1
862 18660 17299 10 1
863 19434 18050 4 1
864 19435 18050 4 1
865 18663 17299 10 1
866 18664 17299 10 1
867 18665 17299 10 1
868 18666 17299 10 1
869 19440 18050 4 1
870 16369 15064 2 1
871 16370 15064 2 1
872 18670 17299 10 1
873 19444 18050 4 1
874 19445 18050 4 1
875 19446 18050 4 1
876 18674 17299 10 1
877 19448 18050 4 1
878 19449 18050 4 1
879 19450 18050 4 1
880 19451 18050 4 1
881 18679 17299 10 1
882 19453 18050 4 1
883 19454 18050 4 1
884 19455 18050 4 1
885 19456 18050 4 1
886 19457 18050 4 1
887 19458 18050 4 1
888 19459 18050 4 1
889 19460 18050 4 1
890 20377 18940 2 1
891 19462 18050 4 1
892 19463 18050 4 1
893 19464 18050 4 1
894 19465 18050 4 1
895 19466 18050 4 1
896 19467 18050 4 1
897 19468 18050 4 1
898 19469 18050 4 1
899 19470 18050 4 1
900 19471 18050 4 1
901 19472 18050 4 1
902 19473 18050 4 1
903 19474 18050 4 1
904 19475 18050 4 1
905 19476 18050 4 1
906 19477 18050 4 1
907 20394 18940 2 1
908 20395 18940 2 1
909 19480 18050 4 1
910 19481 18050 4 1
911 20398 18940 2 1
912 20399 18940 2 1
913 19484 18050 4 1
914 19485 18050 4 1
915 19486 18050 4 1
916 19487 18050 4 1
917 19488 18050 4 1
918 19489 18050 4 1
919 19490 18050 4 1
920 19491 18050 4 1
921 19492 18050 4 1
922 19493 18050 4 1
923 19494 18050 4 1
924 19495 18050 4 1
925 19496 18050 4 1
926 19497 18050 4 1
927 19498 18050 4 1
928 19499 18050 4 1
929 19500 18050 4 1
930 20417 18940 2 1
931 20418 18940 2 1
932 19503 18050 4 1
933 19504 18050 4 1
934 20421 18940 2 1
935 19506 18050 4 1
936 19507 18050 4 1
937 19508 18050 4 1
938 20425 18940 2 1
939 20426 18940 2 1
940 20427 18940 2 1
941 20428 18940 2 1
942 19419 17959 10 1
943 19420 17959 10 1
944 19421 17959 10 1
945 19422 17959 10 1
946 19423 17959 10 1
947 20434 18940 2 1
948 19425 17959 10 1
949 19426 17959 10 1
950 19427 17959 10 1
951 19428 17959 10 1
952 19429 17959 10 1
953 19430 17959 10 1
954 19431 17959 10 1
955 19432 17959 10 1
956 19433 17959 10 1
957 19434 17959 10 1
958 19435 17959 10 1
959 19436 17959 10 1
960 19437 17959 10 1
961 19438 17959 10 1
962 19439 17959 10 1
963 19440 17959 10 1
964 19441 17959 10 1
965 19442 17959 10 1
966 19443 17959 10 1
967 19444 17959 10 1
968 19445 17959 10 1
969 19446 17959 10 1
970 19447 17959 10 1
971 19448 17959 10 1
972 19449 17959 10 1
973 19450 17959 10 1
974 19451 17959 10 1
975 19452 17959 10 1
976 19453 17959 10 1
977 19454 17959 10 1
978 19455 17959 10 1
979 19456 17959 10 1
980 19457 17959 10 1
981 19458 17959 10 1
982 19459 17959 10 1
983 19460 17959 10 1
984 19461 17959 10 1
985 19462 17959 10 1
986 19463 17959 10 1
987 19464 17959 10 1
988 19465 17959 10 1
989 19466 17959 10 1
990 21902 20325 2 1
991 21903 20325 2 1
992 21904 20325 2 1
993 21905 20325 2 1
994 19471 17959 10 1
995 21907 20325 2 1
996 21908 20325 2 1
997 19474 17959 10 1
998 19475 17959 10 1
999 19476 17959 10 1
1000 20581 19032 10 1
1001 20582 19032 10 1
1002 19479 17959 10 1
1003 19480 17959 10 1
1004 19481 17959 10 1
1005 19482 17959 10 1
1006 19483 17959 10 1
1007 19484 17959 10 1
1008 21920 20325 2 1
1009 20590 19032 10 1
1010 19487 17959 10 1
1011 19488 17959 10 1
1012 19489 17959 10 1
1013 19490 17959 10 1
1014 19491 17959 10 1
1015 19492 17959 10 1
1016 19493 17959 10 1
1017 19494 17959 10 1
1018 20599 19032 10 1
1019 20600 19032 10 1
1020 20601 19032 10 1
1021 20602 19032 10 1
1022 19499 17959 10 1
1023 20604 19032 10 1
1024 20605 19032 10 1
1025 20606 19032 10 1
1026 20607 19032 10 1
1027 20608 19032 10 1
1028 20609 19032 10 1
1029 20610 19032 10 1
1030 20611 19032 10 1
1031 20612 19032 10 1
1032 20613 19032 10 1
1033 20614 19032 10 1
1034 20615 19032 10 1
1035 20616 19032 10 1
1036 20617 19032 10 1
1037 20618 19032 10 1
1038 20619 19032 10 1
1039 22851 21200 4 1
1040 22852 21200 4 1
1041 22853 21200 4 1
1042 20623 19032 10 1
1043 20624 19032 10 1
1044 20625 19032 10 1
1045 22857 21200 4 1
1046 20627 19032 10 1
1047 22859 21200 4 1
1048 22860 21200 4 1
1049 23265 21593 10 1
1050 22862 21200 4 1
1051 23267 21593 10 1
1052 20633 19032 10 1
1053 20634 19032 10 1
1054 22866 21200 4 1
1055 23271 21593 10 1
1056 23272 21593 10 1
1057 22869 21200 4 1
1058 23274 21593 10 1
1059 22871 21200 4 1
1060 22872 21200 4 1
1061 23277 21593 10 1
1062 23278 21593 10 1
1063 23279 21593 10 1
1064 23280 21593 10 1
1065 20646 19032 10 1
1066 20647 19032 10 1
1067 23283 21593 10 1
1068 23284 21593 10 1
1069 23285 21593 10 1
1070 22882 21200 4 1
1071 22883 21200 4 1
1072 20653 19032 10 1
1073 20654 19032 10 1
1074 20655 19032 10 1
1075 22887 21200 4 1
1076 24431 22700 10 1
1077 24432 22700 10 1
1078 22890 21200 4 1
1079 22891 21200 4 1
1080 22892 21200 4 1
1081 22893 21200 4 1
1082 22894 21200 4 1
1083 22895 21200 4 1
1084 22896 21200 4 1
1085 24440 22700 10 1
1086 24441 22700 10 1
1087 22899 21200 4 1
1088 24443 22700 10 1
1089 24444 22700 10 1
1090 24445 22700 10 1
1091 24446 22700 10 1
1092 24447 22700 10 1
1093 24448 22700 10 1
1094 24449 22700 10 1
1095 24450 22700 10 1
1096 24451 22700 10 1
1097 24452 22700 10 1
1098 24453 22700 10 1
1099 24454 22700 10 1
1100 24455 22700 10 1
1101 24456 22700 10 1
1102 24457 22700 10 1
1103 24458 22700 10 1
1104 24459 22700 10 1
1105 24460 22700 10 1
1106 24461 22700 10 1
1107 24462 22700 10 1
1108 22920 21200 4 1
1109 24464 22700 10 1
1110 22922 21200 4 1
1111 24466 22700 10 1
1112 24467 22700 10 1
1113 24468 22700 10 1
1114 24469 22700 10 1
1115 24470 22700 10 1
1116 24471 22700 10 1
1117 24472 22700 10 1
1118 24473 22700 10 1
1119 24474 22700 10 1
1120 25010 23220 10 1
1121 25011 23220 10 1
1122 24477 22700 10 1
1123 25013 23220 10 1
1124 25014 23220 10 1
1125 25015 23220 10 1
1126 25497 23687 3 1
1127 24482 22700 10 1
1128 25018 23220 10 1
1129 25019 23220 10 1
1130 25501 23687 3 1
1131 25502 23687 3 1
1132 25022 23220 10 1
1133 25023 23220 10 1
1134 25024 23220 10 1
1135 25025 23220 10 1
1136 25026 23220 10 1
1137 25027 23220 10 1
1138 25028 23220 10 1
1139 25029 23220 10 1
1140 25511 23687 3 1
1141 25512 23687 3 1
1142 25032 23220 10 1
1143 25514 23687 3 1
1144 25515 23687 3 1
1145 25035 23220 10 1
1146 25517 23687 3 1
1147 25518 23687 3 1
1148 25519 23687 3 1
1149 25520 23687 3 1
1150 25521 23687 3 1
1151 25522 23687 3 1
1152 25523 23687 3 1
1153 25043 23220 10 1
1154 25525 23687 3 1
1155 24510 22700 10 1
1156 25046 23220 10 1
1157 25047 23220 10 1
1158 25529 23687 3 1
1159 24514 22700 10 1
1160 24515 22700 10 1
1161 24516 22700 10 1
1162 25533 23687 3 1
1163 25445 23601 10 1
1164 24519 22700 10 1
1165 24520 22700 10 1
1166 25056 23220 10 1
1167 25449 23601 10 1
1168 25450 23601 10 1
1169 25059 23220 10 1
1170 25060 23220 10 1
1171 25453 23601 10 1
1172 25062 23220 10 1
1173 24528 22700 10 1
1174 25064 23220 10 1
1175 25065 23220 10 1
1176 25547 23687 3 1
1177 25548 23687 3 1
1178 25549 23687 3 1
1179 25550 23687 3 1
1180 25551 23687 3 1
1181 25552 23687 3 1
1182 25553 23687 3 1
1183 25554 23687 3 1
1184 25074 23220 10 1
1185 25556 23687 3 1
1186 25076 23220 10 1
1187 25558 23687 3 1
1188 25078 23220 10 1
1189 25079 23220 10 1
1190 25080 23220 10 1
1191 25081 23220 10 1
1192 25563 23687 3 1
1193 25083 23220 10 1
1194 25565 23687 3 1
1195 25566 23687 3 1
1196 25567 23687 3 1
1197 25087 23220 10 1
1198 25088 23220 10 1
1199 25089 23220 10 1
1200 25571 23687 3 1
1201 25091 23220 10 1
1202 25092 23220 10 1
1203 25093 23220 10 1
1204 25094 23220 10 1
1205 25095 23220 10 1
1206 25096 23220 10 1
1207 25097 23220 10 1
1208 25098 23220 10 1
1209 25099 23220 10 1
1210 25100 23220 10 1
1211 25101 23220 10 1
1212 25102 23220 10 1
1213 25103 23220 10 1
1214 25585 23687 3 1
1215 25586 23687 3 1
1216 25587 23687 3 1
1217 25107 23220 10 1
1218 25589 23687 3 1
1219 25590 23687 3 1
1220 25591 23687 3 1
1221 25592 23687 3 1
1222 25593 23687 3 1
1223 25594 23687 3 1
1224 25114 23220 10 1
1225 25596 23687 3 1
1226 25597 23687 3 1
1227 25117 23220 10 1
1228 25599 23687 3 1
1229 25600 23687 3 1
1230 25601 23687 3 1
1231 25602 23687 3 1
1232 25603 23687 3 1
1233 25604 23687 3 1
1234 25605 23687 3 1
1235 25606 23687 3 1
1236 25607 23687 3 1
1237 25608 23687 3 1
1238 25609 23687 3 1
1239 25610 23687 3 1
1240 25611 23687 3 1
1241 25772 23843 10 1
1242 25613 23687 3 1
1243 25614 23687 3 1
1244 25775 23843 10 1
1245 25616 23687 3 1
1246 25617 23687 3 1
1247 25778 23843 10 1
1248 25779 23843 10 1
1249 25620 23687 3 1
1250 25781 23843 10 1
1251 25622 23687 3 1
1252 25783 23843 10 1
1253 25624 23687 3 1
1254 25785 23843 10 1
1255 25626 23687 3 1
1256 25627 23687 3 1
1257 25628 23687 3 1
1258 25629 23687 3 1
1259 25790 23843 10 1
1260 26572 24602 10 1
1261 26573 24602 10 1
1262 25793 23843 10 1
1263 26575 24602 10 1
1264 25795 23843 10 1
1265 25796 23843 10 1
1266 26578 24602 10 1
1267 26579 24602 10 1
1268 25799 23843 10 1
1269 25800 23843 10 1
1270 26582 24602 10 1
1271 25642 23687 3 1
1272 26584 24602 10 1
1273 25644 23687 3 1
1274 25645 23687 3 1
1275 25646 23687 3 1
1276 25647 23687 3 1
1277 25648 23687 3 1
1278 26590 24602 10 1
1279 25650 23687 3 1
1280 26592 24602 10 1
1281 26593 24602 10 1
1282 26594 24602 10 1
1283 26595 24602 10 1
1284 26596 24602 10 1
1285 26597 24602 10 1
1286 26598 24602 10 1
1287 26599 24602 10 1
1288 26600 24602 10 1
1289 26601 24602 10 1
1290 26602 24602 10 1
1291 26603 24602 10 1
1292 26604 24602 10 1
1293 26605 24602 10 1
1294 26606 24602 10 1
1295 26607 24602 10 1
1296 26608 24602 10 1
1297 26609 24602 10 1
1298 26610 24602 10 1
1299 26611 24602 10 1
1300 26612 24602 10 1
1301 26613 24602 10 1
1302 26614 24602 10 1
1303 26615 24602 10 1
1304 25675 23687 3 1
1305 25676 23687 3 1
1306 25677 23687 3 1
1307 25678 23687 3 1
1308 26620 24602 10 1
1309 26621 24602 10 1
1310 26622 24602 10 1
1311 26623 24602 10 1
1312 25683 23687 3 1
1313 25684 23687 3 1
1314 25685 23687 3 1
1315 26627 24602 10 1
1316 25687 23687 3 1
1317 26629 24602 10 1
1318 26630 24602 10 1
1319 25690 23687 3 1
1320 27828 25764 3 1
1321 27829 25764 3 1
1322 29682 27564 3 1
1323 27831 25764 3 1
1324 27832 25764 3 1
1325 27833 25764 3 1
1326 27834 25764 3 1
1327 27835 25764 3 1
1328 27836 25764 3 1
1329 27837 25764 3 1
1330 27838 25764 3 1
1331 29691 27564 3 1
1332 29692 27564 3 1
1333 25704 23687 3 1
1334 25705 23687 3 1
1335 27843 25764 3 1
1336 27844 25764 3 1
1337 29697 27564 3 1
1338 29698 27564 3 1
1339 29699 27564 3 1
1340 29700 27564 3 1
1341 29701 27564 3 1
1342 29702 27564 3 1
1343 27851 25764 3 1
1344 29704 27564 3 1
1345 27853 25764 3 1
1346 29706 27564 3 1
1347 29707 27564 3 1
1348 29708 27564 3 1
1349 29709 27564 3 1
1350 29710 27564 3 1
1351 29711 27564 3 1
1352 29712 27564 3 1
1353 29713 27564 3 1
1354 29714 27564 3 1
1355 29715 27564 3 1
1356 29716 27564 3 1
1357 29717 27564 3 1
1358 29718 27564 3 1
1359 29719 27564 3 1
1360 29720 27564 3 1
1361 29721 27564 3 1
1362 29722 27564 3 1
1363 29723 27564 3 1
1364 29724 27564 3 1
1365 29725 27564 3 1
1366 29956 27788 10 1
1367 29727 27564 3 1
1368 29958 27788 10 1
1369 29959 27788 10 1
1370 29730 27564 3 1
1371 29961 27788 10 1
1372 29732 27564 3 1
1373 29963 27788 10 1
1374 29734 27564 3 1
1375 29965 27788 10 1
1376 29736 27564 3 1
1377 29737 27564 3 1
1378 29738 27564 3 1
1379 29739 27564 3 1
1380 29970 27788 10 1
1381 29971 27788 10 1
1382 29742 27564 3 1
1383 29973 27788 10 1
1384 29974 27788 10 1
1385 29745 27564 3 1
1386 29976 27788 10 1
1387 29977 27788 10 1
1388 29978 27788 10 1
1389 29979 27788 10 1
1390 29750 27564 3 1
1391 29751 27564 3 1
1392 29982 27788 10 1
1393 29983 27788 10 1
1394 29984 27788 10 1
1395 29985 27788 10 1
1396 29986 27788 10 1
1397 29987 27788 10 1
1398 30807 28584 10 1
1399 29989 27788 10 1
1400 29990 27788 10 1
1401 29991 27788 10 1
1402 29992 27788 10 1
1403 29993 27788 10 1
1404 29994 27788 10 1
1405 29995 27788 10 1
1406 30815 28584 10 1
1407 29997 27788 10 1
1408 30817 28584 10 1
1409 30818 28584 10 1
1410 30819 28584 10 1
1411 30001 27788 10 1
1412 30821 28584 10 1
1413 30003 27788 10 1
1414 30004 27788 10 1
1415 30005 27788 10 1
1416 30825 28584 10 1
1417 30826 28584 10 1
1418 30827 28584 10 1
1419 30828 28584 10 1
1420 30829 28584 10 1
1421 30011 27788 10 1
1422 30831 28584 10 1
1423 30013 27788 10 1
1424 30833 28584 10 1
1425 30834 28584 10 1
1426 30835 28584 10 1
1427 30017 27788 10 1
1428 30018 27788 10 1
1429 30838 28584 10 1
1430 30839 28584 10 1
1431 30840 28584 10 1
1432 30841 28584 10 1
1433 30842 28584 10 1
1434 30843 28584 10 1
1435 30844 28584 10 1
1436 30845 28584 10 1
1437 30027 27788 10 1
1438 30847 28584 10 1
1439 30848 28584 10 1
1440 30849 28584 10 1
1441 30850 28584 10 1
1442 30851 28584 10 1
1443 30852 28584 10 1
1444 30853 28584 10 1
1445 30854 28584 10 1
1446 30855 28584 10 1
1447 30856 28584 10 1
1448 30857 28584 10 1
1449 30858 28584 10 1
1450 30859 28584 10 1
1451 30860 28584 10 1
1452 30861 28584 10 1
1453 30862 28584 10 1
1454 30863 28584 10 1
1455 30864 28584 10 1
1456 30865 28584 10 1
1457 30866 28584 10 1
1458 30867 28584 10 1
1459 30868 28584 10 1
1460 30869 28584 10 1
1461 32898 30555 10 1
1462 30871 28584 10 1
1463 32900 30555 10 1
1464 30873 28584 10 1
1465 30874 28584 10 1
1466 30875 28584 10 1
1467 32904 30555 10 1
1468 32905 30555 10 1
1469 32906 30555 10 1
1470 30879 28584 10 1
1471 32908 30555 10 1
1472 30881 28584 10 1
1473 30882 28584 10 1
1474 34301 31906 10 1
1475 30884 28584 10 1
1476 30885 28584 10 1
1477 32914 30555 10 1
1478 30887 28584 10 1
1479 32916 30555 10 1
1480 32917 30555 10 1
1481 30890 28584 10 1
1482 30891 28584 10 1
1483 30892 28584 10 1
1484 30893 28584 10 1
1485 30894 28584 10 1
1486 30895 28584 10 1
1487 30896 28584 10 1
1488 32925 30555 10 1
1489 32926 30555 10 1
1490 32927 30555 10 1
1491 32928 30555 10 1
1492 32929 30555 10 1
1493 30902 28584 10 1
1494 34321 31906 10 1
1495 34322 31906 10 1
1496 34323 31906 10 1
1497 34324 31906 10 1
1498 33363 30971 10 1
1499 33364 30971 10 1
1500 32937 30555 10 1
1501 32938 30555 10 1
1502 34329 31906 10 1
1503 32940 30555 10 1
1504 32941 30555 10 1
1505 34332 31906 10 1
1506 33371 30971 10 1
1507 34334 31906 10 1
1508 34335 31906 10 1
1509 34336 31906 10 1
1510 34337 31906 10 1
1511 34338 31906 10 1
1512 32949 30555 10 1
1513 34340 31906 10 1
1514 32951 30555 10 1
1515 34342 31906 10 1
1516 32953 30555 10 1
1517 34344 31906 10 1
1518 32955 30555 10 1
1519 32956 30555 10 1
1520 32957 30555 10 1
1521 32958 30555 10 1
1522 32959 30555 10 1
1523 32960 30555 10 1
1524 32961 30555 10 1
1525 32962 30555 10 1
1526 33391 30971 10 1
1527 32964 30555 10 1
1528 33393 30971 10 1
1529 33394 30971 10 1
1530 33395 30971 10 1
1531 32968 30555 10 1
1532 33397 30971 10 1
1533 33398 30971 10 1
1534 33399 30971 10 1
1535 33400 30971 10 1
1536 33401 30971 10 1
1537 33402 30971 10 1
1538 33403 30971 10 1
1539 33404 30971 10 1
1540 33405 30971 10 1
1541 33406 30971 10 1
1542 33407 30971 10 1
1543 33408 30971 10 1
1544 33409 30971 10 1
1545 33410 30971 10 1
1546 33411 30971 10 1
1547 33412 30971 10 1
1548 33413 30971 10 1
1549 33414 30971 10 1
1550 33415 30971 10 1
1551 33416 30971 10 1
1552 33417 30971 10 1
1553 33418 30971 10 1
1554 33419 30971 10 1
1555 33420 30971 10 1
1556 33421 30971 10 1
1557 33422 30971 10 1
1558 33423 30971 10 1
1559 33424 30971 10 1
1560 33425 30971 10 1
1561 33426 30971 10 1
1562 33427 30971 10 1
1563 33428 30971 10 1
1564 33429 30971 10 1
1565 33430 30971 10 1
1566 33431 30971 10 1
1567 33432 30971 10 1
1568 33433 30971 10 1
1569 33434 30971 10 1
1570 33435 30971 10 1
1571 33436 30971 10 1
1572 33437 30971 10 1
1573 33438 30971 10 1
1574 33439 30971 10 1
1575 33440 30971 10 1
1576 33441 30971 10 1
1577 33442 30971 10 1
1578 33443 30971 10 1
1579 33444 30971 10 1
1580 33445 30971 10 1
1581 33446 30971 10 1
1582 33447 30971 10 1
1583 33448 30971 10 1
1584 33449 30971 10 1
1585 33450 30971 10 1
1586 33451 30971 10 1
1587 33452 30971 10 1
1588 33453 30971 10 1
1589 33454 30971 10 1
1590 33455 30971 10 1
1591 33456 30971 10 1
1592 33457 30971 10 1
1593 33458 30971 10 1
1594 33459 30971 10 1
1595 33460 30971 10 1
1596 33461 30971 10 1
1597 33462 30971 10 1
1598 33463 30971 10 1
1599 33464 30971 10 1
1600 33465 30971 10 1
1601 33466 30971 10 1
1602 33467 30971 10 1
1603 33468 30971 10 1
1604 33469 30971 10 1
1605 33470 30971 10 1
1606 33471 30971 10 1
1607 33472 30971 10 1
1608 33473 30971 10 1
1609 33474 30971 10 1
1610 33475 30971 10 1
1611 33476 30971 10 1
1612 33477 30971 10 1
1613 33478 30971 10 1
1614 33479 30971 10 1
1615 33480 30971 10 1
1616 33481 30971 10 1
1617 33482 30971 10 1
1618 33483 30971 10 1
1619 33484 30971 10 1
1620 33485 30971 10 1
1621 33486 30971 10 1
1622 33487 30971 10 1
1623 33488 30971 10 1
1624 33489 30971 10 1
1625 33490 30971 10 1
1626 33491 30971 10 1
1627 33492 30971 10 1
1628 33493 30971 10 1
1629 33494 30971 10 1
1630 33495 30971 10 1
1631 35703 33116 8 1
1632 33497 30971 10 1
1633 33498 30971 10 1
1634 33499 30971 10 1
1635 33500 30971 10 1
1636 33501 30971 10 1
1637 33502 30971 10 1
1638 33503 30971 10 1
1639 33504 30971 10 1
1640 33505 30971 10 1
1641 35713 33116 8 1
1642 35714 33116 8 1
1643 35715 33116 8 1
1644 35716 33116 8 1
1645 35717 33116 8 1
1646 35718 33116 8 1
1647 35719 33116 8 1
1648 35720 33116 8 1
1649 35721 33116 8 1
1650 35722 33116 8 1
1651 35723 33116 8 1
1652 35724 33116 8 1
1653 35725 33116 8 1
1654 35726 33116 8 1
1655 35727 33116 8 1
1656 35728 33116 8 1
1657 35729 33116 8 1
1658 35730 33116 8 1
1659 35731 33116 8 1
1660 35732 33116 8 1
1661 35733 33116 8 1
1662 35734 33116 8 1
1663 35735 33116 8 1
1664 35736 33116 8 1
1665 35737 33116 8 1
1666 36239 33603 10 1
1667 36240 33603 10 1
1668 36241 33603 10 1
1669 36242 33603 10 1
1670 36243 33603 10 1
1671 36244 33603 10 1
1672 36245 33603 10 1
1673 36246 33603 10 1
1674 36247 33603 10 1
1675 36248 33603 10 1
1676 36249 33603 10 1
1677 36250 33603 10 1
1678 37765 35074 3 1
1679 37766 35074 3 1
1680 37767 35074 3 1
1681 36254 33603 10 1
1682 37769 35074 3 1
1683 37770 35074 3 1
1684 36257 33603 10 1
1685 36258 33603 10 1
1686 37773 35074 3 1
1687 37774 35074 3 1
1688 36261 33603 10 1
1689 36262 33603 10 1
1690 36263 33603 10 1
1691 36264 33603 10 1
1692 36265 33603 10 1
1693 36266 33603 10 1
1694 37781 35074 3 1
1695 36018 33360 10 1
1696 36269 33603 10 1
1697 36020 33360 10 1
1698 36021 33360 10 1
1699 37786 35074 3 1
1700 37787 35074 3 1
1701 36024 33360 10 1
1702 36275 33603 10 1
1703 36276 33603 10 1
1704 36277 33603 10 1
1705 36278 33603 10 1
1706 36029 33360 10 1
1707 36280 33603 10 1
1708 36281 33603 10 1
1709 36282 33603 10 1
1710 36283 33603 10 1
1711 36284 33603 10 1
1712 38099 35366 10 1
1713 37800 35074 3 1
1714 38101 35366 10 1
1715 38102 35366 10 1
1716 38103 35366 10 1
1717 37804 35074 3 1
1718 36291 33603 10 1
1719 38106 35366 10 1
1720 38107 35366 10 1
1721 37808 35074 3 1
1722 37809 35074 3 1
1723 37810 35074 3 1
1724 37811 35074 3 1
1725 38112 35366 10 1
1726 37813 35074 3 1
1727 37814 35074 3 1
1728 37815 35074 3 1
1729 37816 35074 3 1
1730 37817 35074 3 1
1731 37818 35074 3 1
1732 37819 35074 3 1
1733 37820 35074 3 1
1734 37821 35074 3 1
1735 37822 35074 3 1
1736 38123 35366 10 1
1737 38124 35366 10 1
1738 37825 35074 3 1
1739 38126 35366 10 1
1740 37827 35074 3 1
1741 37828 35074 3 1
1742 37829 35074 3 1
1743 37830 35074 3 1
1744 37831 35074 3 1
1745 38132 35366 10 1
1746 37833 35074 3 1
1747 37834 35074 3 1
1748 37835 35074 3 1
1749 37836 35074 3 1
1750 37837 35074 3 1
1751 37838 35074 3 1
1752 37839 35074 3 1
1753 38140 35366 10 1
1754 38141 35366 10 1
1755 38142 35366 10 1
1756 37843 35074 3 1
1757 37844 35074 3 1
1758 38145 35366 10 1
1759 37846 35074 3 1
1760 38147 35366 10 1
1761 38148 35366 10 1
1762 38149 35366 10 1
1763 38150 35366 10 1
1764 38151 35366 10 1
1765 38152 35366 10 1
1766 38153 35366 10 1
1767 38154 35366 10 1
1768 38155 35366 10 1
1769 38156 35366 10 1
1770 38157 35366 10 1
1771 37858 35074 3 1
1772 37859 35074 3 1
1773 37860 35074 3 1
1774 38161 35366 10 1
1775 38162 35366 10 1
1776 38163 35366 10 1
1777 38164 35366 10 1
1778 38165 35366 10 1
1779 38166 35366 10 1
1780 38167 35366 10 1
1781 38168 35366 10 1
1782 38169 35366 10 1
1783 38170 35366 10 1
1784 38171 35366 10 1
1785 38172 35366 10 1
1786 38173 35366 10 1
1787 38174 35366 10 1
1788 38175 35366 10 1
1789 38176 35366 10 1
1790 39653 36800 2 1
1791 39654 36800 2 1
1792 39655 36800 2 1
1793 38180 35366 10 1
1794 38181 35366 10 1
1795 39658 36800 2 1
1796 39659 36800 2 1
1797 39660 36800 2 1
1798 39661 36800 2 1
1799 39662 36800 2 1
1800 39663 36800 2 1
1801 39664 36800 2 1
1802 39665 36800 2 1
1803 39666 36800 2 1
1804 39667 36800 2 1
1805 39668 36800 2 1
1806 39669 36800 2 1
1807 39670 36800 2 1
1808 39671 36800 2 1
1809 39672 36800 2 1
1810 39673 36800 2 1
1811 39674 36800 2 1
1812 39675 36800 2 1
1813 38200 35366 10 1
1814 38201 35366 10 1
1815 39678 36800 2 1
1816 39679 36800 2 1
1817 39680 36800 2 1
1818 39681 36800 2 1
1819 39682 36800 2 1
1820 39683 36800 2 1
1821 38208 35366 10 1
1822 39685 36800 2 1
1823 39686 36800 2 1
1824 39687 36800 2 1
1825 38212 35366 10 1
1826 39689 36800 2 1
1827 39690 36800 2 1
1828 38215 35366 10 1
1829 39692 36800 2 1
1830 39693 36800 2 1
1831 39694 36800 2 1
1832 39695 36800 2 1
1833 39696 36800 2 1
1834 39697 36800 2 1
1835 39698 36800 2 1
1836 39699 36800 2 1
1837 39700 36800 2 1
1838 39701 36800 2 1
1839 39702 36800 2 1
1840 39703 36800 2 1
1841 39704 36800 2 1
1842 39705 36800 2 1
1843 39706 36800 2 1
1844 39707 36800 2 1
1845 39708 36800 2 1
1846 39709 36800 2 1
1847 39710 36800 2 1
1848 39711 36800 2 1
1849 39712 36800 2 1
1850 39713 36800 2 1
1851 39714 36800 2 1
1852 39715 36800 2 1
1853 39716 36800 2 1
1854 39717 36800 2 1
1855 39718 36800 2 1
1856 39719 36800 2 1
1857 39720 36800 2 1
1858 39721 36800 2 1
1859 39722 36800 2 1
1860 39723 36800 2 1
1861 39724 36800 2 1
1862 39725 36800 2 1
1863 39726 36800 2 1
1864 39727 36800 2 1
1865 39728 36800 2 1
1866 39729 36800 2 1
1867 39730 36800 2 1
1868 39731 36800 2 1
1869 39732 36800 2 1
1870 39733 36800 2 1
1871 39734 36800 2 1
1872 39735 36800 2 1
1873 39736 36800 2 1
1874 39737 36800 2 1
1875 39738 36800 2 1
1876 39739 36800 2 1
1877 39740 36800 2 1
1878 41811 38812 3 1
1879 41812 38812 3 1
1880 39743 36800 2 1
1881 39744 36800 2 1
1882 41815 38812 3 1
1883 41816 38812 3 1
1884 41817 38812 3 1
1885 41818 38812 3 1
1886 41819 38812 3 1
1887 39750 36800 2 1
1888 39751 36800 2 1
1889 39752 36800 2 1
1890 39753 36800 2 1
1891 39754 36800 2 1
1892 41825 38812 3 1
1893 39756 36800 2 1
1894 39757 36800 2 1
1895 39758 36800 2 1
1896 41829 38812 3 1
1897 41830 38812 3 1
1898 41831 38812 3 1
1899 41832 38812 3 1
1900 41833 38812 3 1
1901 41834 38812 3 1
1902 41835 38812 3 1
1903 41836 38812 3 1
1904 41837 38812 3 1
1905 41838 38812 3 1
1906 41839 38812 3 1
1907 41840 38812 3 1
1908 41841 38812 3 1
1909 41842 38812 3 1
1910 41843 38812 3 1
1911 41844 38812 3 1
1912 41845 38812 3 1
1913 41846 38812 3 1
1914 41847 38812 3 1
1915 41848 38812 3 1
1916 41849 38812 3 1
1917 41850 38812 3 1
1918 42635 39574 3 1
1919 42636 39574 3 1
1920 41853 38812 3 1
1921 41854 38812 3 1
1922 42639 39574 3 1
1923 41856 38812 3 1
1924 41857 38812 3 1
1925 41858 38812 3 1
1926 41859 38812 3 1
1927 41860 38812 3 1
1928 41861 38812 3 1
1929 41862 38812 3 1
1930 41863 38812 3 1
1931 41864 38812 3 1
1932 41865 38812 3 1
1933 41866 38812 3 1
1934 41867 38812 3 1
1935 41868 38812 3 1
1936 41869 38812 3 1
1937 41870 38812 3 1
1938 41871 38812 3 1
1939 41872 38812 3 1
1940 41873 38812 3 1
1941 41874 38812 3 1
1942 41875 38812 3 1
1943 41876 38812 3 1
1944 41877 38812 3 1
1945 41878 38812 3 1
1946 41879 38812 3 1
1947 41880 38812 3 1
1948 42665 39574 3 1
1949 42666 39574 3 1
1950 42667 39574 3 1
1951 41884 38812 3 1
1952 42669 39574 3 1
1953 41886 38812 3 1
1954 42671 39574 3 1
1955 41888 38812 3 1
1956 41889 38812 3 1
1957 42674 39574 3 1
1958 41891 38812 3 1
1959 41892 38812 3 1
1960 42677 39574 3 1
1961 41894 38812 3 1
1962 42679 39574 3 1
1963 42680 39574 3 1
1964 42681 39574 3 1
1965 42682 39574 3 1
1966 42683 39574 3 1
1967 42684 39574 3 1
1968 42685 39574 3 1
1969 42686 39574 3 1
1970 42687 39574 3 1
1971 42688 39574 3 1
1972 42689 39574 3 1
1973 42690 39574 3 1
1974 42691 39574 3 1
1975 42692 39574 3 1
1976 42693 39574 3 1
1977 42694 39574 3 1
1978 42695 39574 3 1
1979 42696 39574 3 1
1980 42697 39574 3 1
1981 42698 39574 3 1
1982 42699 39574 3 1
1983 42700 39574 3 1
1984 42701 39574 3 1
1985 42702 39574 3 1
1986 42703 39574 3 1
1987 42704 39574 3 1
1988 42705 39574 3 1
1989 42706 39574 3 1
1990 42707 39574 3 1
1991 42708 39574 3 1
1992 44347 41166 3 1
1993 44348 41166 3 1
1994 42711 39574 3 1
1995 42712 39574 3 1
1996 44351 41166 3 1
1997 42714 39574 3 1
1998 44353 41166 3 1
1999 44354 41166 3 1
2000 44355 41166 3 1
2001 44356 41166 3 1
2002 44357 41166 3 1
2003 44358 41166 3 1
2004 44359 41166 3 1
2005 44360 41166 3 1
2006 44361 41166 3 1
2007 44362 41166 3 1
2008 44363 41166 3 1
2009 44364 41166 3 1
2010 44365 41166 3 1
2011 42728 39574 3 1
2012 44367 41166 3 1
2013 44368 41166 3 1
2014 44369 41166 3 1
2015 44370 41166 3 1
2016 44371 41166 3 1
2017 44372 41166 3 1
2018 44373 41166 3 1
2019 44374 41166 3 1
2020 44375 41166 3 1
2021 44376 41166 3 1
2022 44377 41166 3 1
2023 44378 41166 3 1
2024 44379 41166 3 1
2025 44380 41166 3 1
2026 44381 41166 3 1
2027 44382 41166 3 1
2028 44383 41166 3 1
2029 44384 41166 3 1
2030 44385 41166 3 1
2031 44386 41166 3 1
2032 44387 41166 3 1
2033 44388 41166 3 1
2034 44389 41166 3 1
2035 44390 41166 3 1
2036 44391 41166 3 1
2037 44392 41166 3 1
2038 44393 41166 3 1
2039 44394 41166 3 1
2040 44395 41166 3 1
2041 44396 41166 3 1
2042 44397 41166 3 1
2043 44398 41166 3 1
2044 44399 41166 3 1
2045 44400 41166 3 1
2046 44401 41166 3 1
2047 44402 41166 3 1
2048 44403 41166 3 1
2049 44404 41166 3 1
2050 44405 41166 3 1
2051 44406 41166 3 1
2052 44407 41166 3 1
2053 44408 41166 3 1
2054 44409 41166 3 1
2055 44410 41166 3 1
2056 44411 41166 3 1
2057 44412 41166 3 1
2058 44413 41166 3 1
2059 44414 41166 3 1
2060 44415 41166 3 1
2061 44416 41166 3 1
2062 44417 41166 3 1
2063 44418 41166 3 1
2064 44419 41166 3 1
2065 44420 41166 3 1
2066 44421 41166 3 1
2067 44422 41166 3 1
2068 44423 41166 3 1
2069 44424 41166 3 1
2070 44425 41166 3 1
2071 44426 41166 3 1
2072 44427 41166 3 1
2073 47013 43679 13 1
2074 47014 43679 13 1
2075 44430 41166 3 1
2076 44431 41166 3 1
2077 44432 41166 3 1
2078 44433 41166 3 1
2079 44434 41166 3 1
2080 44435 41166 3 1
2081 44436 41166 3 1
2082 44437 41166 3 1
2083 44438 41166 3 1
2084 44439 41166 3 1
2085 44440 41166 3 1
2086 44441 41166 3 1
2087 47027 43679 13 1
2088 44443 41166 3 1
2089 44444 41166 3 1
2090 47030 43679 13 1
2091 47031 43679 13 1
2092 47032 43679 13 1
2093 47033 43679 13 1
2094 47034 43679 13 1
2095 47035 43679 13 1
2096 47036 43679 13 1
2097 47037 43679 13 1
2098 47038 43679 13 1
2099 47039 43679 13 1
2100 47040 43679 13 1
2101 47041 43679 13 1
2102 47042 43679 13 1
2103 47043 43679 13 1
2104 47044 43679 13 1
2105 47045 43679 13 1
2106 47046 43679 13 1
2107 47047 43679 13 1
2108 47048 43679 13 1
2109 47049 43679 13 1
2110 47050 43679 13 1
2111 47051 43679 13 1
2112 47052 43679 13 1
2113 47053 43679 13 1
2114 47054 43679 13 1
2115 47055 43679 13 1
2116 47056 43679 13 1
2117 47057 43679 13 1
2118 47058 43679 13 1
2119 47059 43679 13 1
2120 47060 43679 13 1
2121 47061 43679 13 1
2122 47062 43679 13 1
2123 47063 43679 13 1
2124 47064 43679 13 1
2125 47065 43679 13 1
2126 47066 43679 13 1
2127 47067 43679 13 1
2128 47068 43679 13 1
2129 47069 43679 13 1
2130 47070 43679 13 1
2131 47071 43679 13 1
2132 47072 43679 13 1
2133 47073 43679 13 1
2134 47074 43679 13 1
2135 47075 43679 13 1
2136 47076 43679 13 1
2137 47077 43679 13 1
2138 47078 43679 13 1
2139 47079 43679 13 1
2140 47080 43679 13 1
2141 47081 43679 13 1
2142 47082 43679 13 1
2143 47083 43679 13 1
2144 47084 43679 13 1
2145 47085 43679 13 1
2146 47086 43679 13 1
2147 47087 43679 13 1
2148 47088 43679 13 1
2149 47089 43679 13 1
2150 47090 43679 13 1
2151 47091 43679 13 1
2152 47092 43679 13 1
2153 47093 43679 13 1
2154 47094 43679 13 1
2155 47095 43679 13 1
2156 47096 43679 13 1
2157 47097 43679 13 1
2158 47098 43679 13 1
2159 47099 43679 13 1
2160 47100 43679 13 1
2161 47101 43679 13 1
2162 47102 43679 13 1
2163 47103 43679 13 1
2164 47104 43679 13 1
2165 47105 43679 13 1
2166 47106 43679 13 1
2167 46374 42966 3 1
2168 47108 43679 13 1
2169 47109 43679 13 1
2170 47110 43679 13 1
2171 47111 43679 13 1
2172 47112 43679 13 1
2173 46380 42966 3 1
2174 46381 42966 3 1
2175 46382 42966 3 1
2176 47116 43679 13 1
2177 47117 43679 13 1
2178 47118 43679 13 1
2179 47119 43679 13 1
2180 47120 43679 13 1
2181 47121 43679 13 1
2182 47122 43679 13 1
2183 47123 43679 13 1
2184 47124 43679 13 1
2185 47125 43679 13 1
2186 47126 43679 13 1
2187 47127 43679 13 1
2188 47128 43679 13 1
2189 46396 42966 3 1
2190 47130 43679 13 1
2191 47131 43679 13 1
2192 46399 42966 3 1
2193 46400 42966 3 1
2194 46401 42966 3 1
2195 47135 43679 13 1
2196 47136 43679 13 1
2197 47137 43679 13 1
2198 47138 43679 13 1
2199 46406 42966 3 1
2200 47140 43679 13 1
2201 47141 43679 13 1
2202 47142 43679 13 1
2203 47143 43679 13 1
2204 47144 43679 13 1
2205 47145 43679 13 1
2206 47146 43679 13 1
2207 46414 42966 3 1
2208 47148 43679 13 1
2209 47149 43679 13 1
2210 47150 43679 13 1
2211 47151 43679 13 1
2212 47152 43679 13 1
2213 47153 43679 13 1
2214 46421 42966 3 1
2215 47155 43679 13 1
2216 46423 42966 3 1
2217 46424 42966 3 1
2218 46425 42966 3 1
2219 46426 42966 3 1
2220 46427 42966 3 1
2221 46428 42966 3 1
2222 46429 42966 3 1
2223 46430 42966 3 1
2224 46431 42966 3 1
2225 46432 42966 3 1
2226 46433 42966 3 1
2227 46434 42966 3 1
2228 46435 42966 3 1
2229 46436 42966 3 1
2230 46437 42966 3 1
2231 46438 42966 3 1
2232 46439 42966 3 1
2233 46440 42966 3 1
2234 46441 42966 3 1
2235 46442 42966 3 1
2236 46443 42966 3 1
2237 46444 42966 3 1
2238 46445 42966 3 1
2239 46446 42966 3 1
2240 46447 42966 3 1
2241 46448 42966 3 1
2242 46449 42966 3 1
2243 46450 42966 3 1
2244 46451 42966 3 1
2245 46452 42966 3 1
2246 46453 42966 3 1
2247 46454 42966 3 1
2248 46455 42966 3 1
2249 46456 42966 3 1
2250 46457 42966 3 1
2251 46458 42966 3 1
2252 46459 42966 3 1
2253 46460 42966 3 1
2254 46461 42966 3 1
2255 46462 42966 3 1
2256 46463 42966 3 1
2257 46464 42966 3 1
2258 46465 42966 3 1
2259 46466 42966 3 1
2260 46467 42966 3 1
2261 46468 42966 3 1
2262 46469 42966 3 1
2263 46470 42966 3 1
2264 46471 42966 3 1
2265 46472 42966 3 1
2266 46473 42966 3 1
2267 46474 42966 3 1
2268 46475 42966 3 1
2269 49589 45992 10 1
2270 46477 42966 3 1
2271 49591 45992 10 1
2272 46479 42966 3 1
2273 49593 45992 10 1
2274 49594 45992 10 1
2275 49595 45992 10 1
2276 49596 45992 10 1
2277 49597 45992 10 1
2278 46485 42966 3 1
2279 49599 45992 10 1
2280 49600 45992 10 1
2281 49601 45992 10 1
2282 49602 45992 10 1
2283 49603 45992 10 1
2284 49604 45992 10 1
2285 49605 45992 10 1
2286 49606 45992 10 1
2287 49607 45992 10 1
2288 49608 45992 10 1
2289 49609 45992 10 1
2290 49610 45992 10 1
2291 49611 45992 10 1
2292 49612 45992 10 1
2293 49613 45992 10 1
2294 49614 45992 10 1
2295 49615 45992 10 1
2296 49616 45992 10 1
2297 49617 45992 10 1
2298 49618 45992 10 1
2299 49619 45992 10 1
2300 49620 45992 10 1
2301 49621 45992 10 1
2302 48116 44528 4 1
2303 49623 45992 10 1
2304 49624 45992 10 1
2305 49625 45992 10 1
2306 49626 45992 10 1
2307 48121 44528 4 1
2308 49628 45992 10 1
2309 49629 45992 10 1
2310 49630 45992 10 1
2311 49631 45992 10 1
2312 49632 45992 10 1
2313 49633 45992 10 1
2314 49634 45992 10 1
2315 49635 45992 10 1
2316 49636 45992 10 1
2317 49637 45992 10 1
2318 49638 45992 10 1
2319 49639 45992 10 1
2320 49640 45992 10 1
2321 48135 44528 4 1
2322 49642 45992 10 1
2323 49643 45992 10 1
2324 49644 45992 10 1
2325 48139 44528 4 1
2326 49646 45992 10 1
2327 49647 45992 10 1
2328 48142 44528 4 1
2329 48143 44528 4 1
2330 48144 44528 4 1
2331 48145 44528 4 1
2332 48146 44528 4 1
2333 48147 44528 4 1
2334 48148 44528 4 1
2335 48149 44528 4 1
2336 48150 44528 4 1
2337 48151 44528 4 1
2338 48152 44528 4 1
2339 48153 44528 4 1
2340 48154 44528 4 1
2341 48155 44528 4 1
2342 48156 44528 4 1
2343 48157 44528 4 1
2344 48158 44528 4 1
2345 48159 44528 4 1
2346 48160 44528 4 1
2347 49667 45992 10 1
2348 48162 44528 4 1
2349 49669 45992 10 1
2350 49670 45992 10 1
2351 49671 45992 10 1
2352 49672 45992 10 1
2353 49673 45992 10 1
2354 48168 44528 4 1
2355 49675 45992 10 1
2356 49676 45992 10 1
2357 49677 45992 10 1
2358 49678 45992 10 1
2359 49679 45992 10 1
2360 49680 45992 10 1
2361 49681 45992 10 1
2362 49682 45992 10 1
2363 49683 45992 10 1
2364 49684 45992 10 1
2365 49685 45992 10 1
2366 49686 45992 10 1
2367 49687 45992 10 1
2368 52006 48245 11 1
2369 52007 48245 11 1
2370 49690 45992 10 1
2371 49691 45992 10 1
2372 52010 48245 11 1
2373 52011 48245 11 1
2374 49694 45992 10 1
2375 49695 45992 10 1
2376 49696 45992 10 1
2377 49697 45992 10 1
2378 49698 45992 10 1
2379 49699 45992 10 1
2380 49700 45992 10 1
2381 52019 48245 11 1
2382 49702 45992 10 1
2383 52021 48245 11 1
2384 49704 45992 10 1
2385 52023 48245 11 1
2386 52024 48245 11 1
2387 52025 48245 11 1
2388 52026 48245 11 1
2389 52027 48245 11 1
2390 52028 48245 11 1
2391 52029 48245 11 1
2392 52030 48245 11 1
2393 52031 48245 11 1
2394 52032 48245 11 1
2395 52033 48245 11 1
2396 52034 48245 11 1
2397 52035 48245 11 1
2398 52036 48245 11 1
2399 52037 48245 11 1
2400 52038 48245 11 1
2401 52039 48245 11 1
2402 52040 48245 11 1
2403 52041 48245 11 1
2404 52042 48245 11 1
2405 52043 48245 11 1
2406 52044 48245 11 1
2407 52045 48245 11 1
2408 52046 48245 11 1
2409 52047 48245 11 1
2410 52048 48245 11 1
2411 52049 48245 11 1
2412 52050 48245 11 1
2413 52051 48245 11 1
2414 52052 48245 11 1
2415 52053 48245 11 1
2416 52054 48245 11 1
2417 52055 48245 11 1
2418 52056 48245 11 1
2419 52057 48245 11 1
2420 52058 48245 11 1
2421 52059 48245 11 1
2422 52060 48245 11 1
2423 52061 48245 11 1
2424 52062 48245 11 1
2425 52063 48245 11 1
2426 52064 48245 11 1
2427 52065 48245 11 1
2428 52066 48245 11 1
2429 52067 48245 11 1
2430 52068 48245 11 1
2431 52069 48245 11 1
2432 52070 48245 11 1
2433 52071 48245 11 1
2434 52072 48245 11 1
2435 52073 48245 11 1
2436 52074 48245 11 1
2437 52075 48245 11 1
2438 52076 48245 11 1
2439 52077 48245 11 1
2440 52078 48245 11 1
2441 52079 48245 11 1
2442 52080 48245 11 1
2443 52081 48245 11 1
2444 52082 48245 11 1
2445 52083 48245 11 1
2446 52084 48245 11 1
2447 52085 48245 11 1
2448 52086 48245 11 1
2449 52087 48245 11 1
2450 52088 48245 11 1
2451 52089 48245 11 1
2452 52090 48245 11 1
2453 52091 48245 11 1
2454 52092 48245 11 1
2455 52093 48245 11 1
2456 52094 48245 11 1
2457 52095 48245 11 1
2458 52096 48245 11 1
2459 52097 48245 11 1
2460 52098 48245 11 1
2461 52099 48245 11 1
2462 52100 48245 11 1
2463 55516 51564 10 1
2464 52102 48245 11 1
2465 52103 48245 11 1
2466 52104 48245 11 1
2467 52105 48245 11 1
2468 52106 48245 11 1
2469 52107 48245 11 1
2470 52108 48245 11 1
2471 52109 48245 11 1
2472 52110 48245 11 1
2473 55526 51564 10 1
2474 52112 48245 11 1
2475 52113 48245 11 1
2476 52114 48245 11 1
2477 52115 48245 11 1
2478 52116 48245 11 1
2479 52117 48245 11 1
2480 52118 48245 11 1
2481 52119 48245 11 1
2482 52120 48245 11 1
2483 52121 48245 11 1
2484 52122 48245 11 1
2485 52123 48245 11 1
2486 52124 48245 11 1
2487 52125 48245 11 1
2488 55541 51564 10 1
2489 52127 48245 11 1
2490 52128 48245 11 1
2491 55544 51564 10 1
2492 52130 48245 11 1
2493 55546 51564 10 1
2494 52132 48245 11 1
2495 55548 51564 10 1
2496 55549 51564 10 1
2497 55550 51564 10 1
2498 55551 51564 10 1
2499 55552 51564 10 1
2500 55553 51564 10 1
2501 55554 51564 10 1
2502 55555 51564 10 1
2503 55556 51564 10 1
2504 55557 51564 10 1
2505 55558 51564 10 1
2506 55559 51564 10 1
2507 55560 51564 10 1
2508 55561 51564 10 1
2509 55562 51564 10 1
2510 55563 51564 10 1
2511 55564 51564 10 1
2512 55565 51564 10 1
2513 55566 51564 10 1
2514 55567 51564 10 1
2515 55568 51564 10 1
2516 55569 51564 10 1
2517 55570 51564 10 1
2518 55571 51564 10 1
2519 55572 51564 10 1
2520 55573 51564 10 1
2521 55574 51564 10 1
2522 55575 51564 10 1
2523 55576 51564 10 1
2524 55577 51564 10 1
2525 55578 51564 10 1
2526 55579 51564 10 1
2527 55580 51564 10 1
2528 55581 51564 10 1
2529 55582 51564 10 1
2530 55583 51564 10 1
2531 55584 51564 10 1
2532 55585 51564 10 1
2533 55586 51564 10 1
2534 55587 51564 10 1
2535 55588 51564 10 1
2536 55589 51564 10 1
2537 55590 51564 10 1
2538 55591 51564 10 1
2539 55592 51564 10 1
2540 55593 51564 10 1
2541 55594 51564 10 1
2542 55595 51564 10 1
2543 55596 51564 10 1
2544 55597 51564 10 1
2545 55598 51564 10 1
2546 55599 51564 10 1
2547 55600 51564 10 1
2548 55601 51564 10 1
2549 55602 51564 10 1
2550 55603 51564 10 1
2551 55604 51564 10 1
2552 55605 51564 10 1
2553 55606 51564 10 1
2554 55607 51564 10 1
2555 55608 51564 10 1
2556 55609 51564 10 1
2557 55610 51564 10 1
2558 55611 51564 10 1
2559 55612 51564 10 1
2560 55613 51564 10 1
2561 55614 51564 10 1
2562 55615 51564 10 1
2563 55616 51564 10 1
2564 55617 51564 10 1
2565 55618 51564 10 1
2566 55619 51564 10 1
2567 55620 51564 10 1
2568 55621 51564 10 1
2569 55622 51564 10 1
2570 55623 51564 10 1
2571 55624 51564 10 1
2572 55625 51564 10 1
2573 55626 51564 10 1
2574 55627 51564 10 1
2575 55628 51564 10 1
2576 55629 51564 10 1
2577 55630 51564 10 1
2578 55631 51564 10 1
2579 55632 51564 10 1
2580 55633 51564 10 1
2581 55634 51564 10 1
2582 55635 51564 10 1
2583 55636 51564 10 1
2584 55637 51564 10 1
2585 56779 52673 10 1
2586 55639 51564 10 1
2587 55640 51564 10 1
2588 56782 52673 10 1
2589 56783 52673 10 1
2590 56784 52673 10 1
2591 56785 52673 10 1
2592 56786 52673 10 1
2593 56787 52673 10 1
2594 56788 52673 10 1
2595 56789 52673 10 1
2596 56790 52673 10 1
2597 56791 52673 10 1
2598 56792 52673 10 1
2599 56793 52673 10 1
2600 56794 52673 10 1
2601 56795 52673 10 1
2602 56796 52673 10 1
2603 56797 52673 10 1
2604 56798 52673 10 1
2605 56799 52673 10 1
2606 56800 52673 10 1
2607 56801 52673 10 1
2608 56802 52673 10 1
2609 56803 52673 10 1
2610 56804 52673 10 1
2611 56805 52673 10 1
2612 56806 52673 10 1
2613 56807 52673 10 1
2614 56808 52673 10 1
2615 56809 52673 10 1
2616 56810 52673 10 1
2617 56811 52673 10 1
2618 56812 52673 10 1
2619 56813 52673 10 1
2620 56814 52673 10 1
2621 56815 52673 10 1
2622 56816 52673 10 1
2623 56817 52673 10 1
2624 56818 52673 10 1
2625 56819 52673 10 1
2626 56820 52673 10 1
2627 56821 52673 10 1
2628 56822 52673 10 1
2629 56823 52673 10 1
2630 56824 52673 10 1
2631 56825 52673 10 1
2632 56826 52673 10 1
2633 56827 52673 10 1
2634 56828 52673 10 1
2635 56829 52673 10 1
2636 56830 52673 10 1
2637 56831 52673 10 1
2638 56832 52673 10 1
2639 56833 52673 10 1
2640 56834 52673 10 1
2641 56835 52673 10 1
2642 56836 52673 10 1
2643 56837 52673 10 1
2644 56838 52673 10 1
2645 56839 52673 10 1
2646 56840 52673 10 1
2647 56841 52673 10 1
2648 56842 52673 10 1
2649 56843 52673 10 1
2650 56844 52673 10 1
2651 56845 52673 10 1
2652 56846 52673 10 1
2653 56847 52673 10 1
2654 56848 52673 10 1
2655 56849 52673 10 1
2656 55709 51564 10 1
2657 56851 52673 10 1
2658 55711 51564 10 1
2659 55712 51564 10 1
2660 56854 52673 10 1
2661 55714 51564 10 1
2662 55715 51564 10 1
2663 56857 52673 10 1
2664 56858 52673 10 1
2665 56859 52673 10 1
2666 56860 52673 10 1
2667 59480 55218 3 1
2668 55721 51564 10 1
2669 56863 52673 10 1
2670 56864 52673 10 1
2671 56865 52673 10 1
2672 55725 51564 10 1
2673 56867 52673 10 1
2674 56868 52673 10 1
2675 55728 51564 10 1
2676 55729 51564 10 1
2677 56871 52673 10 1
2678 56872 52673 10 1
2679 56873 52673 10 1
2680 55733 51564 10 1
2681 56875 52673 10 1
2682 55735 51564 10 1
2683 56877 52673 10 1
2684 56878 52673 10 1
2685 56879 52673 10 1
2686 55739 51564 10 1
2687 56881 52673 10 1
2688 56882 52673 10 1
2689 56883 52673 10 1
2690 55743 51564 10 1
2691 55744 51564 10 1
2692 55745 51564 10 1
2693 55746 51564 10 1
2694 56888 52673 10 1
2695 55748 51564 10 1
2696 55749 51564 10 1
2697 56891 52673 10 1
2698 56892 52673 10 1
2699 56893 52673 10 1
2700 56894 52673 10 1
2701 56895 52673 10 1
2702 56896 52673 10 1
2703 56897 52673 10 1
2704 56898 52673 10 1
2705 56899 52673 10 1
2706 56900 52673 10 1
2707 56901 52673 10 1
2708 56902 52673 10 1
2709 56903 52673 10 1
2710 56904 52673 10 1
2711 56905 52673 10 1
2712 56906 52673 10 1
2713 56907 52673 10 1
2714 56908 52673 10 1
2715 56909 52673 10 1
2716 56910 52673 10 1
2717 56911 52673 10 1
2718 56912 52673 10 1
2719 56913 52673 10 1
2720 56914 52673 10 1
2721 56915 52673 10 1
2722 56916 52673 10 1
2723 56917 52673 10 1
2724 56918 52673 10 1
2725 56919 52673 10 1
2726 56920 52673 10 1
2727 59540 55218 3 1
2728 56922 52673 10 1
2729 59542 55218 3 1
2730 59543 55218 3 1
2731 59544 55218 3 1
2732 56926 52673 10 1
2733 56927 52673 10 1
2734 56928 52673 10 1
2735 56929 52673 10 1
2736 59549 55218 3 1
2737 56931 52673 10 1
2738 56932 52673 10 1
2739 56933 52673 10 1
2740 59553 55218 3 1
2741 56935 52673 10 1
2742 56936 52673 10 1
2743 56937 52673 10 1
2744 59557 55218 3 1
2745 56939 52673 10 1
2746 59559 55218 3 1
2747 56941 52673 10 1
2748 59561 55218 3 1
2749 56943 52673 10 1
2750 56944 52673 10 1
2751 56945 52673 10 1
2752 56946 52673 10 1
2753 56947 52673 10 1
2754 56948 52673 10 1
2755 56949 52673 10 1
2756 56950 52673 10 1
2757 56951 52673 10 1
2758 56952 52673 10 1
2759 56953 52673 10 1
2760 56954 52673 10 1
2761 56955 52673 10 1
2762 59575 55218 3 1
2763 59576 55218 3 1
2764 59577 55218 3 1
2765 56959 52673 10 1
2766 59579 55218 3 1
2767 59580 55218 3 1
2768 59581 55218 3 1
2769 59582 55218 3 1
2770 59583 55218 3 1
2771 59584 55218 3 1
2772 59585 55218 3 1
2773 59586 55218 3 1
2774 59587 55218 3 1
2775 59588 55218 3 1
2776 59589 55218 3 1
2777 59590 55218 3 1
2778 59591 55218 3 1
2779 59592 55218 3 1
2780 59593 55218 3 1
2781 59594 55218 3 1
2782 59595 55218 3 1
2783 59596 55218 3 1
2784 59597 55218 3 1
2785 59598 55218 3 1
2786 62464 58003 10 1
2787 59600 55218 3 1
2788 59601 55218 3 1
2789 59602 55218 3 1
2790 59603 55218 3 1
2791 59604 55218 3 1
2792 62470 58003 10 1
2793 59606 55218 3 1
2794 59607 55218 3 1
2795 59608 55218 3 1
2796 59609 55218 3 1
2797 62475 58003 10 1
2798 62476 58003 10 1
2799 62477 58003 10 1
2800 59613 55218 3 1
2801 62479 58003 10 1
2802 59615 55218 3 1
2803 59616 55218 3 1
2804 59617 55218 3 1
2805 62483 58003 10 1
2806 59619 55218 3 1
2807 62485 58003 10 1
2808 62486 58003 10 1
2809 62487 58003 10 1
2810 62488 58003 10 1
2811 62489 58003 10 1
2812 62490 58003 10 1
2813 62491 58003 10 1
2814 62492 58003 10 1
2815 62493 58003 10 1
2816 62494 58003 10 1
2817 62495 58003 10 1
2818 62496 58003 10 1
2819 62497 58003 10 1
2820 62498 58003 10 1
2821 62499 58003 10 1
2822 62500 58003 10 1
2823 62501 58003 10 1
2824 62502 58003 10 1
2825 62503 58003 10 1
2826 62504 58003 10 1
2827 62505 58003 10 1
2828 62506 58003 10 1
2829 62507 58003 10 1
2830 62508 58003 10 1
2831 62509 58003 10 1
2832 62510 58003 10 1
2833 62511 58003 10 1
2834 62512 58003 10 1
2835 62513 58003 10 1
2836 62514 58003 10 1
2837 62515 58003 10 1
2838 62516 58003 10 1
2839 62517 58003 10 1
2840 62518 58003 10 1
2841 62519 58003 10 1
2842 62520 58003 10 1
2843 62521 58003 10 1
2844 62522 58003 10 1
2845 62523 58003 10 1
2846 62524 58003 10 1
2847 62525 58003 10 1
2848 62526 58003 10 1
2849 62527 58003 10 1
2850 62528 58003 10 1
2851 62529 58003 10 1
2852 62530 58003 10 1
2853 59931 55476 10 1
2854 59932 55476 10 1
2855 62533 58003 10 1
2856 59934 55476 10 1
2857 62535 58003 10 1
2858 59936 55476 10 1
2859 59937 55476 10 1
2860 59938 55476 10 1
2861 62539 58003 10 1
2862 62540 58003 10 1
2863 62541 58003 10 1
2864 62542 58003 10 1
2865 62543 58003 10 1
2866 62544 58003 10 1
2867 62545 58003 10 1
2868 62546 58003 10 1
2869 62547 58003 10 1
2870 62548 58003 10 1
2871 62549 58003 10 1
2872 62550 58003 10 1
2873 62551 58003 10 1
2874 62552 58003 10 1
2875 62553 58003 10 1
2876 59954 55476 10 1
2877 62555 58003 10 1
2878 62556 58003 10 1
2879 62557 58003 10 1
2880 62558 58003 10 1
2881 62559 58003 10 1
2882 62560 58003 10 1
2883 62561 58003 10 1
2884 62562 58003 10 1
2885 62563 58003 10 1
2886 62564 58003 10 1
2887 62565 58003 10 1
2888 62566 58003 10 1
2889 62567 58003 10 1
2890 62568 58003 10 1
2891 62569 58003 10 1
2892 62570 58003 10 1
2893 62571 58003 10 1
2894 62572 58003 10 1
2895 62573 58003 10 1
2896 62574 58003 10 1
2897 62575 58003 10 1
2898 62576 58003 10 1
2899 62577 58003 10 1
2900 62578 58003 10 1
2901 62579 58003 10 1
2902 62580 58003 10 1
2903 62581 58003 10 1
2904 62582 58003 10 1
2905 62583 58003 10 1
2906 62584 58003 10 1
2907 62585 58003 10 1
2908 62586 58003 10 1
2909 62587 58003 10 1
2910 62588 58003 10 1
2911 62589 58003 10 1
2912 62590 58003 10 1
2913 62591 58003 10 1
2914 62592 58003 10 1
2915 62593 58003 10 1
2916 62594 58003 10 1
2917 62595 58003 10 1
2918 62596 58003 10 1
2919 62597 58003 10 1
2920 62598 58003 10 1
2921 62599 58003 10 1
2922 62600 58003 10 1
2923 62601 58003 10 1
2924 62602 58003 10 1
2925 62603 58003 10 1
2926 62604 58003 10 1
2927 62605 58003 10 1
2928 62606 58003 10 1
2929 62607 58003 10 1
2930 62608 58003 10 1
2931 62609 58003 10 1
2932 62610 58003 10 1
2933 62611 58003 10 1
2934 62612 58003 10 1
2935 62613 58003 10 1
2936 62614 58003 10 1
2937 64004 59353 10 1
2938 64005 59353 10 1
2939 62617 58003 10 1
2940 62618 58003 10 1
2941 62619 58003 10 1
2942 62620 58003 10 1
2943 62621 58003 10 1
2944 62622 58003 10 1
2945 64012 59353 10 1
2946 62624 58003 10 1
2947 64014 59353 10 1
2948 64015 59353 10 1
2949 62627 58003 10 1
2950 64017 59353 10 1
2951 64018 59353 10 1
2952 62630 58003 10 1
2953 62631 58003 10 1
2954 62632 58003 10 1
2955 62633 58003 10 1
2956 62634 58003 10 1
2957 62635 58003 10 1
2958 65128 60425 10 1
2959 64026 59353 10 1
2960 62638 58003 10 1
2961 62639 58003 10 1
2962 65132 60425 10 1
2963 65133 60425 10 1
2964 65134 60425 10 1
2965 65135 60425 10 1
2966 65136 60425 10 1
2967 65137 60425 10 1
2968 65138 60425 10 1
2969 65139 60425 10 1
2970 65140 60425 10 1
2971 65141 60425 10 1
2972 65142 60425 10 1
2973 65143 60425 10 1
2974 65144 60425 10 1
2975 65145 60425 10 1
2976 65146 60425 10 1
2977 65147 60425 10 1
2978 65148 60425 10 1
2979 65149 60425 10 1
2980 65150 60425 10 1
2981 65151 60425 10 1
2982 65152 60425 10 1
2983 65153 60425 10 1
2984 64051 59353 10 1
2985 65155 60425 10 1
2986 65156 60425 10 1
2987 64054 59353 10 1
2988 65158 60425 10 1
2989 65159 60425 10 1
2990 65160 60425 10 1
2991 65161 60425 10 1
2992 65162 60425 10 1
2993 65163 60425 10 1
2994 65164 60425 10 1
2995 64062 59353 10 1
2996 64063 59353 10 1
2997 65167 60425 10 1
2998 65168 60425 10 1
2999 64066 59353 10 1
3000 65170 60425 10 1
3001 65171 60425 10 1
3002 65172 60425 10 1
3003 65173 60425 10 1
3004 65174 60425 10 1
3005 65175 60425 10 1
3006 65176 60425 10 1
3007 65177 60425 10 1
3008 65178 60425 10 1
3009 65179 60425 10 1
3010 65180 60425 10 1
3011 65181 60425 10 1
3012 65182 60425 10 1
3013 65183 60425 10 1
3014 65184 60425 10 1
3015 65185 60425 10 1
3016 65186 60425 10 1
3017 65187 60425 10 1
3018 65188 60425 10 1
3019 65189 60425 10 1
3020 65190 60425 10 1
3021 65191 60425 10 1
3022 65192 60425 10 1
3023 65193 60425 10 1
3024 65194 60425 10 1
3025 65195 60425 10 1
3026 65196 60425 10 1
3027 65197 60425 10 1
3028 65198 60425 10 1
3029 65199 60425 10 1
3030 65200 60425 10 1
3031 65201 60425 10 1
3032 65202 60425 10 1
3033 65203 60425 10 1
3034 65204 60425 10 1
3035 65205 60425 10 1
3036 65206 60425 10 1
3037 65207 60425 10 1
3038 65208 60425 10 1
3039 65209 60425 10 1
3040 65210 60425 10 1
3041 65211 60425 10 1
3042 65212 60425 10 1
3043 65213 60425 10 1
3044 65214 60425 10 1
3045 65215 60425 10 1
3046 65216 60425 10 1
3047 65217 60425 10 1
3048 65218 60425 10 1
3049 65219 60425 10 1
3050 65220 60425 10 1
3051 65221 60425 10 1
3052 65222 60425 10 1
3053 65223 60425 10 1
3054 65224 60425 10 1
3055 65225 60425 10 1
3056 65226 60425 10 1
3057 65227 60425 10 1
3058 65228 60425 10 1
3059 65229 60425 10 1
3060 65230 60425 10 1
3061 65231 60425 10 1
3062 65232 60425 10 1
3063 65233 60425 10 1
3064 65234 60425 10 1
3065 65235 60425 10 1
3066 65236 60425 10 1
3067 65237 60425 10 1
3068 65238 60425 10 1
3069 65239 60425 10 1
3070 65240 60425 10 1
3071 65241 60425 10 1
3072 65242 60425 10 1
3073 65243 60425 10 1
3074 65244 60425 10 1
3075 65245 60425 10 1
3076 65246 60425 10 1
3077 65247 60425 10 1
3078 65248 60425 10 1
3079 65249 60425 10 1
3080 65250 60425 10 1
3081 65251 60425 10 1
3082 65252 60425 10 1
3083 65253 60425 10 1
3084 65254 60425 10 1
3085 65255 60425 10 1
3086 65256 60425 10 1
3087 65257 60425 10 1
3088 65258 60425 10 1
3089 65259 60425 10 1
3090 65260 60425 10 1
3091 65261 60425 10 1
3092 65262 60425 10 1
3093 65263 60425 10 1
3094 65264 60425 10 1
3095 65265 60425 10 1
3096 65266 60425 10 1
3097 65267 60425 10 1
3098 65268 60425 10 1
3099 65269 60425 10 1
3100 65270 60425 10 1
3101 65271 60425 10 1
3102 65272 60425 10 1
3103 65273 60425 10 1
3104 65274 60425 10 1
3105 65275 60425 10 1
3106 65276 60425 10 1
3107 65277 60425 10 1
3108 65278 60425 10 1
3109 65279 60425 10 1
3110 65280 60425 10 1
3111 65281 60425 10 1
3112 65282 60425 10 1
3113 65283 60425 10 1
3114 65284 60425 10 1
3115 65285 60425 10 1
3116 65286 60425 10 1
3117 65287 60425 10 1
3118 65288 60425 10 1
3119 65289 60425 10 1
3120 65290 60425 10 1
3121 65291 60425 10 1
3122 65292 60425 10 1
3123 65293 60425 10 1
3124 67930 62987 10 1
3125 65295 60425 10 1
3126 66577 61670 8 1
3127 65297 60425 10 1
3128 65298 60425 10 1
3129 65299 60425 10 1
3130 67936 62987 10 1
3131 67937 62987 10 1
3132 67938 62987 10 1
3133 67939 62987 10 1
3134 67940 62987 10 1
3135 67941 62987 10 1
3136 67942 62987 10 1
3137 67943 62987 10 1
3138 67944 62987 10 1
3139 67945 62987 10 1
3140 67946 62987 10 1
3141 65311 60425 10 1
3142 67948 62987 10 1
3143 67949 62987 10 1
3144 67950 62987 10 1
3145 67951 62987 10 1
3146 67952 62987 10 1
3147 67953 62987 10 1
3148 67954 62987 10 1
3149 67955 62987 10 1
3150 66601 61670 8 1
3151 66602 61670 8 1
3152 66603 61670 8 1
3153 66604 61670 8 1
3154 66605 61670 8 1
3155 66606 61670 8 1
3156 66607 61670 8 1
3157 66608 61670 8 1
3158 67964 62987 10 1
3159 67965 62987 10 1
3160 66611 61670 8 1
3161 66612 61670 8 1
3162 66613 61670 8 1
3163 66614 61670 8 1
3164 67970 62987 10 1
3165 67971 62987 10 1
3166 67972 62987 10 1
3167 67973 62987 10 1
3168 67974 62987 10 1
3169 67975 62987 10 1
3170 66621 61670 8 1
3171 67977 62987 10 1
3172 67978 62987 10 1
3173 67979 62987 10 1
3174 67980 62987 10 1
3175 67981 62987 10 1
3176 67982 62987 10 1
3177 67983 62987 10 1
3178 67984 62987 10 1
3179 67985 62987 10 1
3180 67986 62987 10 1
3181 67987 62987 10 1
3182 67988 62987 10 1
3183 67989 62987 10 1
3184 67990 62987 10 1
3185 67991 62987 10 1
3186 67992 62987 10 1
3187 67993 62987 10 1
3188 67994 62987 10 1
3189 67995 62987 10 1
3190 67996 62987 10 1
3191 67997 62987 10 1
3192 67998 62987 10 1
3193 67999 62987 10 1
3194 68000 62987 10 1
3195 68001 62987 10 1
3196 68002 62987 10 1
3197 68003 62987 10 1
3198 68004 62987 10 1
3199 68005 62987 10 1
3200 68006 62987 10 1
3201 68007 62987 10 1
3202 68008 62987 10 1
3203 68009 62987 10 1
3204 68010 62987 10 1
3205 68011 62987 10 1
3206 68012 62987 10 1
3207 68013 62987 10 1
3208 68014 62987 10 1
3209 68015 62987 10 1
3210 68016 62987 10 1
3211 68017 62987 10 1
3212 68018 62987 10 1
3213 68019 62987 10 1
3214 68020 62987 10 1
3215 68021 62987 10 1
3216 68022 62987 10 1
3217 68023 62987 10 1
3218 68024 62987 10 1
3219 68025 62987 10 1
3220 68026 62987 10 1
3221 68027 62987 10 1
3222 68028 62987 10 1
3223 68029 62987 10 1
3224 68030 62987 10 1
3225 68031 62987 10 1
3226 69847 64751 10 1
3227 68033 62987 10 1
3228 68034 62987 10 1
3229 68035 62987 10 1
3230 68036 62987 10 1
3231 69852 64751 10 1
3232 68038 62987 10 1
3233 69854 64751 10 1
3234 68040 62987 10 1
3235 68041 62987 10 1
3236 68042 62987 10 1
3237 68043 62987 10 1
3238 68044 62987 10 1
3239 69860 64751 10 1
3240 69861 64751 10 1
3241 69862 64751 10 1
3242 69863 64751 10 1
3243 68049 62987 10 1
3244 69865 64751 10 1
3245 69866 64751 10 1
3246 68052 62987 10 1
3247 69868 64751 10 1
3248 69869 64751 10 1
3249 68055 62987 10 1
3250 68056 62987 10 1
3251 68057 62987 10 1
3252 68058 62987 10 1
3253 69874 64751 10 1
3254 68060 62987 10 1
3255 69876 64751 10 1
3256 68062 62987 10 1
3257 69878 64751 10 1
3258 69879 64751 10 1
3259 68065 62987 10 1
3260 69881 64751 10 1
3261 68067 62987 10 1
3262 68068 62987 10 1
3263 68069 62987 10 1
3264 69885 64751 10 1
3265 69886 64751 10 1
3266 69887 64751 10 1
3267 69888 64751 10 1
3268 69889 64751 10 1
3269 71152 65977 2 1
3270 69891 64751 10 1
3271 69892 64751 10 1
3272 68078 62987 10 1
3273 69894 64751 10 1
3274 69895 64751 10 1
3275 68081 62987 10 1
3276 68082 62987 10 1
3277 69898 64751 10 1
3278 69899 64751 10 1
3279 69900 64751 10 1
3280 69901 64751 10 1
3281 69902 64751 10 1
3282 69903 64751 10 1
3283 69904 64751 10 1
3284 69905 64751 10 1
3285 71168 65977 2 1
3286 69907 64751 10 1
3287 71170 65977 2 1
3288 69909 64751 10 1
3289 69910 64751 10 1
3290 71173 65977 2 1
3291 71174 65977 2 1
3292 71175 65977 2 1
3293 73012 67762 10 1
3294 71177 65977 2 1
3295 73014 67762 10 1
3296 69917 64751 10 1
3297 73016 67762 10 1
3298 71181 65977 2 1
3299 73018 67762 10 1
3300 73019 67762 10 1
3301 69922 64751 10 1
3302 69923 64751 10 1
3303 69924 64751 10 1
3304 69925 64751 10 1
3305 73024 67762 10 1
3306 71189 65977 2 1
3307 71190 65977 2 1
3308 73027 67762 10 1
3309 71192 65977 2 1
3310 69931 64751 10 1
3311 71194 65977 2 1
3312 73031 67762 10 1
3313 73032 67762 10 1
3314 71197 65977 2 1
3315 71198 65977 2 1
3316 71199 65977 2 1
3317 71200 65977 2 1
3318 73037 67762 10 1
3319 71202 65977 2 1
3320 73039 67762 10 1
3321 71204 65977 2 1
3322 73041 67762 10 1
3323 71206 65977 2 1
3324 71207 65977 2 1
3325 73044 67762 10 1
3326 71209 65977 2 1
3327 73046 67762 10 1
3328 73047 67762 10 1
3329 73048 67762 10 1
3330 73049 67762 10 1
3331 73050 67762 10 1
3332 73051 67762 10 1
3333 71216 65977 2 1
3334 73053 67762 10 1
3335 73054 67762 10 1
3336 73055 67762 10 1
3337 73056 67762 10 1
3338 73057 67762 10 1
3339 71222 65977 2 1
3340 71223 65977 2 1
3341 71224 65977 2 1
3342 73061 67762 10 1
3343 71226 65977 2 1
3344 71227 65977 2 1
3345 71228 65977 2 1
3346 73065 67762 10 1
3347 73066 67762 10 1
3348 71231 65977 2 1
3349 71232 65977 2 1
3350 71233 65977 2 1
3351 71234 65977 2 1
3352 69973 64751 10 1
3353 71236 65977 2 1
3354 71237 65977 2 1
3355 73074 67762 10 1
3356 69977 64751 10 1
3357 73076 67762 10 1
3358 73077 67762 10 1
3359 71242 65977 2 1
3360 73079 67762 10 1
3361 71244 65977 2 1
3362 69983 64751 10 1
3363 71246 65977 2 1
3364 71247 65977 2 1
3365 71248 65977 2 1
3366 71249 65977 2 1
3367 71250 65977 2 1
3368 71251 65977 2 1
3369 69990 64751 10 1
3370 69991 64751 10 1
3371 69992 64751 10 1
3372 71255 65977 2 1
3373 71256 65977 2 1
3374 71257 65977 2 1
3375 69996 64751 10 1
3376 71259 65977 2 1
3377 71260 65977 2 1
3378 73097 67762 10 1
3379 73098 67762 10 1
3380 73099 67762 10 1
3381 73100 67762 10 1
3382 70003 64751 10 1
3383 73102 67762 10 1
3384 70005 64751 10 1
3385 70006 64751 10 1
3386 70007 64751 10 1
3387 70008 64751 10 1
3388 70009 64751 10 1
3389 70010 64751 10 1
3390 70011 64751 10 1
3391 70012 64751 10 1
3392 73111 67762 10 1
3393 73112 67762 10 1
3394 70015 64751 10 1
3395 70016 64751 10 1
3396 70017 64751 10 1
3397 73116 67762 10 1
3398 73117 67762 10 1
3399 73118 67762 10 1
3400 73119 67762 10 1
3401 73120 67762 10 1
3402 73121 67762 10 1
3403 73122 67762 10 1
3404 73123 67762 10 1
3405 73124 67762 10 1
3406 73125 67762 10 1
3407 73126 67762 10 1
3408 73127 67762 10 1
3409 73128 67762 10 1
3410 73129 67762 10 1
3411 73130 67762 10 1
3412 73131 67762 10 1
3413 73132 67762 10 1
3414 73133 67762 10 1
3415 73134 67762 10 1
3416 73135 67762 10 1
3417 73136 67762 10 1
3418 73137 67762 10 1
3419 73138 67762 10 1
3420 73139 67762 10 1
3421 73140 67762 10 1
3422 73141 67762 10 1
3423 73142 67762 10 1
3424 73143 67762 10 1
3425 73144 67762 10 1
3426 73145 67762 10 1
3427 73146 67762 10 1
3428 73147 67762 10 1
3429 73148 67762 10 1
3430 73149 67762 10 1
3431 73150 67762 10 1
3432 73151 67762 10 1
3433 73152 67762 10 1
3434 73153 67762 10 1
3435 73154 67762 10 1
3436 73155 67762 10 1
3437 73156 67762 10 1
3438 73157 67762 10 1
3439 73158 67762 10 1
3440 73159 67762 10 1
3441 73160 67762 10 1
3442 73161 67762 10 1
3443 73162 67762 10 1
3444 73163 67762 10 1
3445 73164 67762 10 1
3446 73165 67762 10 1
3447 73166 67762 10 1
3448 73167 67762 10 1
3449 73168 67762 10 1
3450 73169 67762 10 1
3451 73170 67762 10 1
3452 73171 67762 10 1
3453 73172 67762 10 1
3454 73173 67762 10 1
3455 73174 67762 10 1
3456 73175 67762 10 1
3457 73176 67762 10 1
3458 73177 67762 10 1
3459 73178 67762 10 1
3460 73179 67762 10 1
3461 73180 67762 10 1
3462 73181 67762 10 1
3463 73182 67762 10 1
3464 73183 67762 10 1
3465 73184 67762 10 1
3466 73185 67762 10 1
3467 73186 67762 10 1
3468 73187 67762 10 1
3469 73188 67762 10 1
3470 73189 67762 10 1
3471 73190 67762 10 1
3472 73191 67762 10 1
3473 73192 67762 10 1
3474 73193 67762 10 1
3475 73194 67762 10 1
3476 73195 67762 10 1
3477 73196 67762 10 1
3478 73197 67762 10 1
3479 73198 67762 10 1
3480 73199 67762 10 1
3481 73200 67762 10 1
3482 73201 67762 10 1
3483 73202 67762 10 1
3484 73203 67762 10 1
3485 73204 67762 10 1
3486 73205 67762 10 1
3487 73206 67762 10 1
3488 73207 67762 10 1
3489 73208 67762 10 1
3490 73209 67762 10 1
3491 73210 67762 10 1
3492 73211 67762 10 1
3493 73212 67762 10 1
3494 73213 67762 10 1
3495 73214 67762 10 1
3496 73215 67762 10 1
3497 73216 67762 10 1
3498 73217 67762 10 1
3499 73218 67762 10 1
3500 73219 67762 10 1
3501 73220 67762 10 1
3502 73221 67762 10 1
3503 73222 67762 10 1
3504 73223 67762 10 1
3505 73224 67762 10 1
3506 73225 67762 10 1
3507 73226 67762 10 1
3508 73227 67762 10 1
3509 73228 67762 10 1
3510 73229 67762 10 1
3511 73230 67762 10 1
3512 73231 67762 10 1
3513 73232 67762 10 1
3514 73233 67762 10 1
3515 73234 67762 10 1
3516 73235 67762 10 1
3517 73236 67762 10 1
3518 73237 67762 10 1
3519 76088 70532 10 1
3520 76089 70532 10 1
3521 73240 67762 10 1
3522 76091 70532 10 1
3523 76092 70532 10 1
3524 73243 67762 10 1
3525 73244 67762 10 1
3526 76095 70532 10 1
3527 76096 70532 10 1
3528 76097 70532 10 1
3529 73248 67762 10 1
3530 73249 67762 10 1
3531 73250 67762 10 1
3532 73251 67762 10 1
3533 73252 67762 10 1
3534 73253 67762 10 1
3535 76104 70532 10 1
3536 76105 70532 10 1
3537 73256 67762 10 1
3538 73257 67762 10 1
3539 73258 67762 10 1
3540 76109 70532 10 1
3541 76110 70532 10 1
3542 76111 70532 10 1
3543 73262 67762 10 1
3544 73263 67762 10 1
3545 73264 67762 10 1
3546 76115 70532 10 1
3547 73266 67762 10 1
3548 73267 67762 10 1
3549 73268 67762 10 1
3550 76119 70532 10 1
3551 76120 70532 10 1
3552 76121 70532 10 1
3553 76122 70532 10 1
3554 76123 70532 10 1
3555 76124 70532 10 1
3556 77513 71881 10 1
3557 76126 70532 10 1
3558 76127 70532 10 1
3559 76128 70532 10 1
3560 76129 70532 10 1
3561 76130 70532 10 1
3562 76131 70532 10 1
3563 76132 70532 10 1
3564 76133 70532 10 1
3565 76134 70532 10 1
3566 76135 70532 10 1
3567 76136 70532 10 1
3568 76137 70532 10 1
3569 76138 70532 10 1
3570 76139 70532 10 1
3571 76140 70532 10 1
3572 76141 70532 10 1
3573 76142 70532 10 1
3574 76143 70532 10 1
3575 76144 70532 10 1
3576 76145 70532 10 1
3577 76146 70532 10 1
3578 76147 70532 10 1
3579 76148 70532 10 1
3580 76149 70532 10 1
3581 76150 70532 10 1
3582 76151 70532 10 1
3583 76152 70532 10 1
3584 76153 70532 10 1
3585 76154 70532 10 1
3586 76155 70532 10 1
3587 76156 70532 10 1
3588 76157 70532 10 1
3589 76158 70532 10 1
3590 76159 70532 10 1
3591 76160 70532 10 1
3592 76161 70532 10 1
3593 76162 70532 10 1
3594 76163 70532 10 1
3595 76164 70532 10 1
3596 76165 70532 10 1
3597 76166 70532 10 1
3598 76167 70532 10 1
3599 76168 70532 10 1
3600 76169 70532 10 1
3601 76170 70532 10 1
3602 76171 70532 10 1
3603 76172 70532 10 1
3604 76173 70532 10 1
3605 76174 70532 10 1
3606 76175 70532 10 1
3607 76176 70532 10 1
3608 76177 70532 10 1
3609 76178 70532 10 1
3610 76179 70532 10 1
3611 76180 70532 10 1
3612 76181 70532 10 1
3613 76182 70532 10 1
3614 76183 70532 10 1
3615 76184 70532 10 1
3616 76185 70532 10 1
3617 76186 70532 10 1
3618 76187 70532 10 1
3619 76188 70532 10 1
3620 76189 70532 10 1
3621 76190 70532 10 1
3622 76191 70532 10 1
3623 76192 70532 10 1
3624 76193 70532 10 1
3625 76194 70532 10 1
3626 76195 70532 10 1
3627 76196 70532 10 1
3628 76197 70532 10 1
3629 76198 70532 10 1
3630 76199 70532 10 1
3631 76200 70532 10 1
3632 76201 70532 10 1
3633 76202 70532 10 1
3634 76203 70532 10 1
3635 76204 70532 10 1
3636 76205 70532 10 1
3637 76206 70532 10 1
3638 76207 70532 10 1
3639 76208 70532 10 1
3640 76209 70532 10 1
3641 76210 70532 10 1
3642 76211 70532 10 1
3643 77600 71881 10 1
3644 77601 71881 10 1
3645 76214 70532 10 1
3646 77603 71881 10 1
3647 76216 70532 10 1
3648 76217 70532 10 1
3649 76218 70532 10 1
3650 76219 70532 10 1
3651 76220 70532 10 1
3652 76221 70532 10 1
3653 76222 70532 10 1
3654 77611 71881 10 1
3655 77612 71881 10 1
3656 77613 71881 10 1
3657 77614 71881 10 1
3658 77615 71881 10 1
3659 77616 71881 10 1
3660 77617 71881 10 1
3661 80218 74408 10 1
3662 77619 71881 10 1
3663 77620 71881 10 1
3664 77621 71881 10 1
3665 80222 74408 10 1
3666 80223 74408 10 1
3667 77624 71881 10 1
3668 77625 71881 10 1
3669 80226 74408 10 1
3670 77627 71881 10 1
3671 80228 74408 10 1
3672 80229 74408 10 1
3673 80230 74408 10 1
3674 80231 74408 10 1
3675 80232 74408 10 1
3676 80233 74408 10 1
3677 80234 74408 10 1
3678 80235 74408 10 1
3679 80236 74408 10 1
3680 80237 74408 10 1
3681 80238 74408 10 1
3682 80239 74408 10 1
3683 80240 74408 10 1
3684 80241 74408 10 1
3685 80242 74408 10 1
3686 80243 74408 10 1
3687 80244 74408 10 1
3688 80245 74408 10 1
3689 80246 74408 10 1
3690 80247 74408 10 1
3691 77648 71881 10 1
3692 77649 71881 10 1
3693 80250 74408 10 1
3694 80251 74408 10 1
3695 80252 74408 10 1
3696 80253 74408 10 1
3697 80254 74408 10 1
3698 80255 74408 10 1
3699 80256 74408 10 1
3700 77657 71881 10 1
3701 80258 74408 10 1
3702 77659 71881 10 1
3703 80260 74408 10 1
3704 77661 71881 10 1
3705 77662 71881 10 1
3706 80263 74408 10 1
3707 80264 74408 10 1
3708 80265 74408 10 1
3709 80266 74408 10 1
3710 80267 74408 10 1
3711 80268 74408 10 1
3712 80269 74408 10 1
3713 80270 74408 10 1
3714 80271 74408 10 1
3715 80272 74408 10 1
3716 80273 74408 10 1
3717 77674 71881 10 1
3718 77675 71881 10 1
3719 80276 74408 10 1
3720 80277 74408 10 1
3721 80278 74408 10 1
3722 80279 74408 10 1
3723 80280 74408 10 1
3724 80281 74408 10 1
3725 80282 74408 10 1
3726 80283 74408 10 1
3727 80284 74408 10 1
3728 80285 74408 10 1
3729 80286 74408 10 1
3730 80287 74408 10 1
3731 80288 74408 10 1
3732 80289 74408 10 1
3733 80290 74408 10 1
3734 80291 74408 10 1
3735 80292 74408 10 1
3736 80293 74408 10 1
3737 80294 74408 10 1
3738 80295 74408 10 1
3739 80296 74408 10 1
3740 80297 74408 10 1
3741 80298 74408 10 1
3742 80299 74408 10 1
3743 80300 74408 10 1
3744 80301 74408 10 1
3745 80302 74408 10 1
3746 80303 74408 10 1
3747 80304 74408 10 1
3748 80305 74408 10 1
3749 80306 74408 10 1
3750 80307 74408 10 1
3751 80308 74408 10 1
3752 80309 74408 10 1
3753 80310 74408 10 1
3754 80311 74408 10 1
3755 80312 74408 10 1
3756 80313 74408 10 1
3757 80314 74408 10 1
3758 80315 74408 10 1
3759 80316 74408 10 1
3760 80317 74408 10 1
3761 80318 74408 10 1
3762 80319 74408 10 1
3763 80320 74408 10 1
3764 80321 74408 10 1
3765 80322 74408 10 1
3766 80323 74408 10 1
3767 80324 74408 10 1
3768 80325 74408 10 1
3769 80326 74408 10 1
3770 80327 74408 10 1
3771 80328 74408 10 1
3772 80329 74408 10 1
3773 80330 74408 10 1
3774 80331 74408 10 1
3775 80332 74408 10 1
3776 80333 74408 10 1
3777 80334 74408 10 1
3778 80335 74408 10 1
3779 80336 74408 10 1
3780 80337 74408 10 1
3781 80338 74408 10 1
3782 80339 74408 10 1
3783 80340 74408 10 1
3784 80341 74408 10 1
3785 80342 74408 10 1
3786 80343 74408 10 1
3787 80344 74408 10 1
3788 80345 74408 10 1
3789 80346 74408 10 1
3790 80347 74408 10 1
3791 80348 74408 10 1
3792 80349 74408 10 1
3793 80350 74408 10 1
3794 80351 74408 10 1
3795 80352 74408 10 1
3796 80353 74408 10 1
3797 80354 74408 10 1
3798 80355 74408 10 1
3799 80356 74408 10 1
3800 80357 74408 10 1
3801 80358 74408 10 1
3802 80359 74408 10 1
3803 80360 74408 10 1
3804 80361 74408 10 1
3805 80362 74408 10 1
3806 80363 74408 10 1
3807 80364 74408 10 1
3808 80365 74408 10 1
3809 80366 74408 10 1
3810 80367 74408 10 1
3811 80368 74408 10 1
3812 80369 74408 10 1
3813 80370 74408 10 1
3814 80371 74408 10 1
3815 80372 74408 10 1
3816 80373 74408 10 1
3817 80374 74408 10 1
3818 80375 74408 10 1
3819 80376 74408 10 1
3820 80377 74408 10 1
3821 82550 76519 10 1
3822 82551 76519 10 1
3823 80380 74408 10 1
3824 80381 74408 10 1
3825 80382 74408 10 1
3826 82555 76519 10 1
3827 82556 76519 10 1
3828 82557 76519 10 1
3829 82558 76519 10 1
3830 83251 77191 2 1
3831 83252 77191 2 1
3832 80389 74408 10 1
3833 82562 76519 10 1
3834 82563 76519 10 1
3835 82564 76519 10 1
3836 82565 76519 10 1
3837 82566 76519 10 1
3838 83259 77191 2 1
3839 83260 77191 2 1
3840 83261 77191 2 1
3841 83262 77191 2 1
3842 83263 77191 2 1
3843 83264 77191 2 1
3844 82573 76519 10 1
3845 82574 76519 10 1
3846 82575 76519 10 1
3847 82576 76519 10 1
3848 82577 76519 10 1
3849 82578 76519 10 1
3850 82579 76519 10 1
3851 82580 76519 10 1
3852 82581 76519 10 1
3853 82582 76519 10 1
3854 82583 76519 10 1
3855 82584 76519 10 1
3856 82585 76519 10 1
3857 82586 76519 10 1
3858 82587 76519 10 1
3859 82588 76519 10 1
3860 82589 76519 10 1
3861 82590 76519 10 1
3862 82591 76519 10 1
3863 82592 76519 10 1
3864 82593 76519 10 1
3865 82594 76519 10 1
3866 83287 77191 2 1
3867 82596 76519 10 1
3868 83289 77191 2 1
3869 82598 76519 10 1
3870 83291 77191 2 1
3871 82600 76519 10 1
3872 83293 77191 2 1
3873 83294 77191 2 1
3874 83295 77191 2 1
3875 82604 76519 10 1
3876 83297 77191 2 1
3877 83298 77191 2 1
3878 83299 77191 2 1
3879 83300 77191 2 1
3880 82609 76519 10 1
3881 82610 76519 10 1
3882 83303 77191 2 1
3883 83304 77191 2 1
3884 82613 76519 10 1
3885 82614 76519 10 1
3886 83307 77191 2 1
3887 83308 77191 2 1
3888 83309 77191 2 1
3889 82618 76519 10 1
3890 82619 76519 10 1
3891 82620 76519 10 1
3892 82621 76519 10 1
3893 83314 77191 2 1
3894 82623 76519 10 1
3895 82624 76519 10 1
3896 82625 76519 10 1
3897 82626 76519 10 1
3898 82627 76519 10 1
3899 82628 76519 10 1
3900 82629 76519 10 1
3901 82630 76519 10 1
3902 82631 76519 10 1
3903 82632 76519 10 1
3904 82633 76519 10 1
3905 82634 76519 10 1
3906 82635 76519 10 1
3907 82636 76519 10 1
3908 82637 76519 10 1
3909 82638 76519 10 1
3910 82639 76519 10 1
3911 82640 76519 10 1
3912 82641 76519 10 1
3913 82642 76519 10 1
3914 82643 76519 10 1
3915 82644 76519 10 1
3916 82645 76519 10 1
3917 82646 76519 10 1
3918 82647 76519 10 1
3919 82648 76519 10 1
3920 82649 76519 10 1
3921 82650 76519 10 1
3922 82651 76519 10 1
3923 82652 76519 10 1
3924 82653 76519 10 1
3925 82654 76519 10 1
3926 82655 76519 10 1
3927 82656 76519 10 1
3928 82657 76519 10 1
3929 82658 76519 10 1
3930 82659 76519 10 1
3931 82660 76519 10 1
3932 82661 76519 10 1
3933 82662 76519 10 1
3934 82663 76519 10 1
3935 82664 76519 10 1
3936 82665 76519 10 1
3937 82666 76519 10 1
3938 82667 76519 10 1
3939 82668 76519 10 1
3940 82669 76519 10 1
3941 82670 76519 10 1
3942 82671 76519 10 1
3943 82672 76519 10 1
3944 82673 76519 10 1
3945 82674 76519 10 1
3946 82675 76519 10 1
3947 82676 76519 10 1
3948 82677 76519 10 1
3949 82678 76519 10 1
3950 82679 76519 10 1
3951 82680 76519 10 1
3952 82681 76519 10 1
3953 82682 76519 10 1
3954 82683 76519 10 1
3955 83376 77191 2 1
3956 82685 76519 10 1
3957 82686 76519 10 1
3958 82687 76519 10 1
3959 82688 76519 10 1
3960 82689 76519 10 1
3961 82690 76519 10 1
3962 83383 77191 2 1
3963 83384 77191 2 1
3964 82693 76519 10 1
3965 82694 76519 10 1
3966 82695 76519 10 1
3967 83388 77191 2 1
3968 83389 77191 2 1
3969 83390 77191 2 1
3970 83391 77191 2 1
3971 83392 77191 2 1
3972 83393 77191 2 1
3973 82702 76519 10 1
3974 82703 76519 10 1
3975 83396 77191 2 1
3976 82705 76519 10 1
3977 83398 77191 2 1
3978 83399 77191 2 1
3979 83400 77191 2 1
3980 83401 77191 2 1
3981 83402 77191 2 1
3982 83403 77191 2 1
3983 83404 77191 2 1
3984 83405 77191 2 1
3985 83406 77191 2 1
3986 83407 77191 2 1
3987 83408 77191 2 1
3988 83409 77191 2 1
3989 83410 77191 2 1
3990 83411 77191 2 1
3991 83412 77191 2 1
3992 83413 77191 2 1
3993 83414 77191 2 1
3994 83415 77191 2 1
3995 83416 77191 2 1
3996 83417 77191 2 1
3997 83418 77191 2 1
3998 83419 77191 2 1
3999 83420 77191 2 1
4000 83421 77191 2 1
4001 83422 77191 2 1
4002 83423 77191 2 1
4003 83424 77191 2 1
4004 83425 77191 2 1
4005 83426 77191 2 1
4006 83427 77191 2 1
4007 83428 77191 2 1
4008 83429 77191 2 1
4009 83430 77191 2 1
4010 83431 77191 2 1
4011 83432 77191 2 1
4012 83433 77191 2 1
4013 83434 77191 2 1
4014 83435 77191 2 1
4015 83436 77191 2 1
4016 83437 77191 2 1
4017 83438 77191 2 1
4018 83439 77191 2 1
4019 83440 77191 2 1
4020 83441 77191 2 1
4021 83442 77191 2 1
4022 83443 77191 2 1
4023 87881 81504 10 1
4024 83445 77191 2 1
4025 87883 81504 10 1
4026 83447 77191 2 1
4027 87885 81504 10 1
4028 87886 81504 10 1
4029 87887 81504 10 1
4030 87888 81504 10 1
4031 83452 77191 2 1
4032 87890 81504 10 1
4033 87891 81504 10 1
4034 87892 81504 10 1
4035 83456 77191 2 1
4036 87894 81504 10 1
4037 87895 81504 10 1
4038 87896 81504 10 1
4039 87897 81504 10 1
4040 87898 81504 10 1
4041 87899 81504 10 1
4042 87900 81504 10 1
4043 87901 81504 10 1
4044 83465 77191 2 1
4045 83466 77191 2 1
4046 83467 77191 2 1
4047 87905 81504 10 1
4048 83469 77191 2 1
4049 83470 77191 2 1
4050 83471 77191 2 1
4051 83472 77191 2 1
4052 87910 81504 10 1
4053 87911 81504 10 1
4054 83475 77191 2 1
4055 87913 81504 10 1
4056 87914 81504 10 1
4057 83478 77191 2 1
4058 83479 77191 2 1
4059 83480 77191 2 1
4060 83481 77191 2 1
4061 83482 77191 2 1
4062 87920 81504 10 1
4063 87921 81504 10 1
4064 83485 77191 2 1
4065 83486 77191 2 1
4066 83487 77191 2 1
4067 83488 77191 2 1
4068 83489 77191 2 1
4069 83490 77191 2 1
4070 83491 77191 2 1
4071 83492 77191 2 1
4072 83493 77191 2 1
4073 83494 77191 2 1
4074 83495 77191 2 1
4075 83496 77191 2 1
4076 83497 77191 2 1
4077 83498 77191 2 1
4078 83499 77191 2 1
4079 83500 77191 2 1
4080 87938 81504 10 1
4081 83502 77191 2 1
4082 83503 77191 2 1
4083 87941 81504 10 1
4084 83505 77191 2 1
4085 83506 77191 2 1
4086 83507 77191 2 1
4087 83508 77191 2 1
4088 83509 77191 2 1
4089 83510 77191 2 1
4090 87948 81504 10 1
4091 83512 77191 2 1
4092 87950 81504 10 1
4093 87951 81504 10 1
4094 83515 77191 2 1
4095 83516 77191 2 1
4096 87954 81504 10 1
4097 87955 81504 10 1
4098 87956 81504 10 1
4099 87957 81504 10 1
4100 87958 81504 10 1
4101 87959 81504 10 1
4102 87960 81504 10 1
4103 87961 81504 10 1
4104 87962 81504 10 1
4105 87963 81504 10 1
4106 87964 81504 10 1
4107 87965 81504 10 1
4108 87966 81504 10 1
4109 87967 81504 10 1
4110 87968 81504 10 1
4111 87969 81504 10 1
4112 87970 81504 10 1
4113 87971 81504 10 1
4114 87972 81504 10 1
4115 87973 81504 10 1
4116 87974 81504 10 1
4117 87975 81504 10 1
4118 87976 81504 10 1
4119 87977 81504 10 1
4120 87978 81504 10 1
4121 87979 81504 10 1
4122 89832 83304 10 1
4123 87981 81504 10 1
4124 87982 81504 10 1
4125 87983 81504 10 1
4126 87984 81504 10 1
4127 87985 81504 10 1
4128 87986 81504 10 1
4129 89839 83304 10 1
4130 89840 83304 10 1
4131 89841 83304 10 1
4132 89842 83304 10 1
4133 89843 83304 10 1
4134 89844 83304 10 1
4135 89845 83304 10 1
4136 89846 83304 10 1
4137 89847 83304 10 1
4138 89848 83304 10 1
4139 89849 83304 10 1
4140 89850 83304 10 1
4141 89851 83304 10 1
4142 89852 83304 10 1
4143 88001 81504 10 1
4144 89854 83304 10 1
4145 89855 83304 10 1
4146 88004 81504 10 1
4147 88005 81504 10 1
4148 89858 83304 10 1
4149 88007 81504 10 1
4150 89860 83304 10 1
4151 89861 83304 10 1
4152 89862 83304 10 1
4153 89863 83304 10 1
4154 89864 83304 10 1
4155 88013 81504 10 1
4156 88014 81504 10 1
4157 88015 81504 10 1
4158 88016 81504 10 1
4159 88017 81504 10 1
4160 88018 81504 10 1
4161 88019 81504 10 1
4162 88020 81504 10 1
4163 88021 81504 10 1
4164 89874 83304 10 1
4165 88023 81504 10 1
4166 89876 83304 10 1
4167 89877 83304 10 1
4168 89878 83304 10 1
4169 89879 83304 10 1
4170 89880 83304 10 1
4171 89881 83304 10 1
4172 89882 83304 10 1
4173 89883 83304 10 1
4174 89884 83304 10 1
4175 89885 83304 10 1
4176 89886 83304 10 1
4177 89887 83304 10 1
4178 89888 83304 10 1
4179 89889 83304 10 1
4180 89890 83304 10 1
4181 88039 81504 10 1
4182 89892 83304 10 1
4183 89893 83304 10 1
4184 89894 83304 10 1
4185 89895 83304 10 1
4186 89896 83304 10 1
4187 89897 83304 10 1
4188 89898 83304 10 1
4189 88047 81504 10 1
4190 89900 83304 10 1
4191 89901 83304 10 1
4192 88050 81504 10 1
4193 89903 83304 10 1
4194 88052 81504 10 1
4195 88053 81504 10 1
4196 89906 83304 10 1
4197 89907 83304 10 1
4198 89908 83304 10 1
4199 89909 83304 10 1
4200 89910 83304 10 1
4201 89911 83304 10 1
4202 88060 81504 10 1
4203 89913 83304 10 1
4204 89914 83304 10 1
4205 89915 83304 10 1
4206 89916 83304 10 1
4207 89917 83304 10 1
4208 89918 83304 10 1
4209 89919 83304 10 1
4210 89920 83304 10 1
4211 89921 83304 10 1
4212 89922 83304 10 1
4213 89923 83304 10 1
4214 89924 83304 10 1
4215 89925 83304 10 1
4216 89926 83304 10 1
4217 89927 83304 10 1
4218 89928 83304 10 1
4219 91850 85171 8 1
4220 89930 83304 10 1
4221 89931 83304 10 1
4222 89932 83304 10 1
4223 89933 83304 10 1
4224 89934 83304 10 1
4225 89935 83304 10 1
4226 89936 83304 10 1
4227 91858 85171 8 1
4228 91859 85171 8 1
4229 91860 85171 8 1
4230 91861 85171 8 1
4231 91862 85171 8 1
4232 91863 85171 8 1
4233 91864 85171 8 1
4234 91865 85171 8 1
4235 91866 85171 8 1
4236 91867 85171 8 1
4237 91868 85171 8 1
4238 91869 85171 8 1
4239 91870 85171 8 1
4240 89950 83304 10 1
4241 91872 85171 8 1
4242 91873 85171 8 1
4243 91874 85171 8 1
4244 91875 85171 8 1
4245 91876 85171 8 1
4246 91877 85171 8 1
4247 91878 85171 8 1
4248 91879 85171 8 1
4249 91880 85171 8 1
4250 91881 85171 8 1
4251 91882 85171 8 1
4252 91883 85171 8 1
4253 91884 85171 8 1
4254 91885 85171 8 1
4255 91886 85171 8 1
4256 91887 85171 8 1
4257 91888 85171 8 1
4258 91889 85171 8 1
4259 91890 85171 8 1
4260 91891 85171 8 1
4261 91892 85171 8 1
4262 91893 85171 8 1
4263 91894 85171 8 1
4264 91895 85171 8 1
4265 91896 85171 8 1
4266 91897 85171 8 1
4267 91898 85171 8 1
4268 91899 85171 8 1
4269 91900 85171 8 1
4270 91901 85171 8 1
4271 91902 85171 8 1
4272 91903 85171 8 1
4273 91904 85171 8 1
4274 91905 85171 8 1
4275 91906 85171 8 1
4276 91907 85171 8 1
4277 91908 85171 8 1
4278 91909 85171 8 1
4279 91910 85171 8 1
4280 91911 85171 8 1
4281 91912 85171 8 1
4282 91913 85171 8 1
4283 91914 85171 8 1
4284 91915 85171 8 1
4285 91916 85171 8 1
4286 93469 86679 3 1
4287 93470 86679 3 1
4288 93471 86679 3 1
4289 91920 85171 8 1
4290 91921 85171 8 1
4291 93474 86679 3 1
4292 93475 86679 3 1
4293 91924 85171 8 1
4294 91925 85171 8 1
4295 93478 86679 3 1
4296 91927 85171 8 1
4297 93480 86679 3 1
4298 93481 86679 3 1
4299 91930 85171 8 1
4300 91931 85171 8 1
4301 93484 86679 3 1
4302 91933 85171 8 1
4303 91934 85171 8 1
4304 91935 85171 8 1
4305 93488 86679 3 1
4306 93489 86679 3 1
4307 93490 86679 3 1
4308 93491 86679 3 1
4309 91940 85171 8 1
4310 93493 86679 3 1
4311 93494 86679 3 1
4312 93495 86679 3 1
4313 93496 86679 3 1
4314 91945 85171 8 1
4315 93498 86679 3 1
4316 93499 86679 3 1
4317 93500 86679 3 1
4318 93501 86679 3 1
4319 93502 86679 3 1
4320 93503 86679 3 1
4321 93504 86679 3 1
4322 93505 86679 3 1
4323 93506 86679 3 1
4324 93507 86679 3 1
4325 91956 85171 8 1
4326 93509 86679 3 1
4327 93510 86679 3 1
4328 93511 86679 3 1
4329 93512 86679 3 1
4330 93513 86679 3 1
4331 93514 86679 3 1
4332 93515 86679 3 1
4333 91964 85171 8 1
4334 91965 85171 8 1
4335 91966 85171 8 1
4336 93519 86679 3 1
4337 93520 86679 3 1
4338 93521 86679 3 1
4339 91970 85171 8 1
4340 91971 85171 8 1
4341 91972 85171 8 1
4342 91973 85171 8 1
4343 93526 86679 3 1
4344 93527 86679 3 1
4345 91976 85171 8 1
4346 93529 86679 3 1
4347 91978 85171 8 1
4348 93531 86679 3 1
4349 93532 86679 3 1
4350 93533 86679 3 1
4351 93534 86679 3 1
4352 91983 85171 8 1
4353 93536 86679 3 1
4354 91985 85171 8 1
4355 91986 85171 8 1
4356 93539 86679 3 1
4357 93540 86679 3 1
4358 93541 86679 3 1
4359 93542 86679 3 1
4360 92883 86038 10 1
4361 93544 86679 3 1
4362 93545 86679 3 1
4363 93546 86679 3 1
4364 92887 86038 10 1
4365 93548 86679 3 1
4366 93549 86679 3 1
4367 92890 86038 10 1
4368 92891 86038 10 1
4369 93552 86679 3 1
4370 92893 86038 10 1
4371 92894 86038 10 1
4372 92895 86038 10 1
4373 92896 86038 10 1
4374 93557 86679 3 1
4375 92898 86038 10 1
4376 92899 86038 10 1
4377 92900 86038 10 1
4378 92901 86038 10 1
4379 93562 86679 3 1
4380 93563 86679 3 1
4381 93564 86679 3 1
4382 93565 86679 3 1
4383 93566 86679 3 1
4384 93567 86679 3 1
4385 93568 86679 3 1
4386 93569 86679 3 1
4387 93570 86679 3 1
4388 92911 86038 10 1
4389 93572 86679 3 1
4390 93573 86679 3 1
4391 93574 86679 3 1
4392 93575 86679 3 1
4393 92916 86038 10 1
4394 92917 86038 10 1
4395 92918 86038 10 1
4396 93579 86679 3 1
4397 93580 86679 3 1
4398 92921 86038 10 1
4399 93582 86679 3 1
4400 92923 86038 10 1
4401 93584 86679 3 1
4402 92925 86038 10 1
4403 93586 86679 3 1
4404 92927 86038 10 1
4405 93588 86679 3 1
4406 93589 86679 3 1
4407 93590 86679 3 1
4408 93591 86679 3 1
4409 93592 86679 3 1
4410 93593 86679 3 1
4411 93594 86679 3 1
4412 93595 86679 3 1
4413 93596 86679 3 1
4414 93597 86679 3 1
4415 93598 86679 3 1
4416 93599 86679 3 1
4417 93600 86679 3 1
4418 93601 86679 3 1
4419 93602 86679 3 1
4420 93603 86679 3 1
4421 93604 86679 3 1
4422 93605 86679 3 1
4423 93606 86679 3 1
4424 93607 86679 3 1
4425 93608 86679 3 1
4426 93609 86679 3 1
4427 93610 86679 3 1
4428 93611 86679 3 1
4429 93612 86679 3 1
4430 93613 86679 3 1
4431 93614 86679 3 1
4432 93615 86679 3 1
4433 93616 86679 3 1
4434 93617 86679 3 1
4435 93618 86679 3 1
4436 93619 86679 3 1
4437 93620 86679 3 1
4438 93621 86679 3 1
4439 93622 86679 3 1
4440 93623 86679 3 1
4441 93624 86679 3 1
4442 93625 86679 3 1
4443 93626 86679 3 1
4444 93627 86679 3 1
4445 93628 86679 3 1
4446 93629 86679 3 1
4447 93630 86679 3 1
4448 93631 86679 3 1
4449 93632 86679 3 1
4450 93633 86679 3 1
4451 93634 86679 3 1
4452 93635 86679 3 1
4453 93636 86679 3 1
4454 93637 86679 3 1
4455 93638 86679 3 1
4456 93639 86679 3 1
4457 93640 86679 3 1
4458 93641 86679 3 1
4459 93642 86679 3 1
4460 93643 86679 3 1
4461 93644 86679 3 1
4462 93645 86679 3 1
4463 93646 86679 3 1
4464 93647 86679 3 1
4465 93648 86679 3 1
4466 93649 86679 3 1
4467 93650 86679 3 1
4468 93651 86679 3 1
4469 93652 86679 3 1
4470 93653 86679 3 1
4471 93654 86679 3 1
4472 93655 86679 3 1
4473 93656 86679 3 1
4474 93657 86679 3 1
4475 93658 86679 3 1
4476 93659 86679 3 1
4477 95100 88079 10 1
4478 93661 86679 3 1
4479 93662 86679 3 1
4480 93663 86679 3 1
4481 93664 86679 3 1
4482 93665 86679 3 1
4483 93666 86679 3 1
4484 93667 86679 3 1
4485 93668 86679 3 1
4486 93669 86679 3 1
4487 93670 86679 3 1
4488 93671 86679 3 1
4489 93672 86679 3 1
4490 93673 86679 3 1
4491 93674 86679 3 1
4492 93675 86679 3 1
4493 95116 88079 10 1
4494 95117 88079 10 1
4495 95118 88079 10 1
4496 99643 92476 10 1
4497 99644 92476 10 1
4498 99645 92476 10 1
4499 93682 86679 3 1
4500 95123 88079 10 1
4501 93684 86679 3 1
4502 93685 86679 3 1
4503 95126 88079 10 1
4504 93687 86679 3 1
4505 93688 86679 3 1
4506 93689 86679 3 1
4507 93690 86679 3 1
4508 93691 86679 3 1
4509 93692 86679 3 1
4510 93693 86679 3 1
4511 93694 86679 3 1
4512 93695 86679 3 1
4513 93696 86679 3 1
4514 93697 86679 3 1
4515 93698 86679 3 1
4516 93699 86679 3 1
4517 93700 86679 3 1
4518 93701 86679 3 1
4519 93702 86679 3 1
4520 93703 86679 3 1
4521 93704 86679 3 1
4522 93705 86679 3 1
4523 93706 86679 3 1
4524 93707 86679 3 1
4525 99672 92476 10 1
4526 99673 92476 10 1
4527 93710 86679 3 1
4528 99675 92476 10 1
4529 93712 86679 3 1
4530 93713 86679 3 1
4531 93714 86679 3 1
4532 99679 92476 10 1
4533 93716 86679 3 1
4534 99681 92476 10 1
4535 93718 86679 3 1
4536 99683 92476 10 1
4537 99684 92476 10 1
4538 99685 92476 10 1
4539 99686 92476 10 1
4540 99687 92476 10 1
4541 99688 92476 10 1
4542 99689 92476 10 1
4543 99690 92476 10 1
4544 99691 92476 10 1
4545 99692 92476 10 1
4546 99693 92476 10 1
4547 99694 92476 10 1
4548 99695 92476 10 1
4549 99696 92476 10 1
4550 99697 92476 10 1
4551 99183 91975 3 1
4552 99699 92476 10 1
4553 99700 92476 10 1
4554 99701 92476 10 1
4555 99702 92476 10 1
4556 99703 92476 10 1
4557 99189 91975 3 1
4558 99705 92476 10 1
4559 99706 92476 10 1
4560 99707 92476 10 1
4561 99708 92476 10 1
4562 99709 92476 10 1
4563 99710 92476 10 1
4564 99711 92476 10 1
4565 99712 92476 10 1
4566 99713 92476 10 1
4567 99714 92476 10 1
4568 99715 92476 10 1
4569 99201 91975 3 1
4570 99202 91975 3 1
4571 99203 91975 3 1
4572 99204 91975 3 1
4573 99205 91975 3 1
4574 99206 91975 3 1
4575 99207 91975 3 1
4576 99208 91975 3 1
4577 99209 91975 3 1
4578 99210 91975 3 1
4579 99211 91975 3 1
4580 99212 91975 3 1
4581 99213 91975 3 1
4582 99214 91975 3 1
4583 99215 91975 3 1
4584 99216 91975 3 1
4585 99217 91975 3 1
4586 99218 91975 3 1
4587 99219 91975 3 1
4588 99220 91975 3 1
4589 99221 91975 3 1
4590 99222 91975 3 1
4591 99223 91975 3 1
4592 99224 91975 3 1
4593 99225 91975 3 1
4594 99226 91975 3 1
4595 99227 91975 3 1
4596 99228 91975 3 1
4597 99229 91975 3 1
4598 99230 91975 3 1
4599 99231 91975 3 1
4600 99232 91975 3 1
4601 99233 91975 3 1
4602 99234 91975 3 1
4603 99235 91975 3 1
4604 99236 91975 3 1
4605 99237 91975 3 1
4606 99238 91975 3 1
4607 99239 91975 3 1
4608 99240 91975 3 1
4609 99241 91975 3 1
4610 99242 91975 3 1
4611 99243 91975 3 1
4612 99244 91975 3 1
4613 99245 91975 3 1
4614 99246 91975 3 1
4615 99247 91975 3 1
4616 99248 91975 3 1
4617 99249 91975 3 1
4618 99250 91975 3 1
4619 99251 91975 3 1
4620 99252 91975 3 1
4621 99253 91975 3 1
4622 99254 91975 3 1
4623 99255 91975 3 1
4624 99256 91975 3 1
4625 99257 91975 3 1
4626 99258 91975 3 1
4627 99259 91975 3 1
4628 99260 91975 3 1
4629 99261 91975 3 1
4630 99262 91975 3 1
4631 99263 91975 3 1
4632 99264 91975 3 1
4633 99265 91975 3 1
4634 99266 91975 3 1
4635 99267 91975 3 1
4636 99268 91975 3 1
4637 99269 91975 3 1
4638 99270 91975 3 1
4639 99271 91975 3 1
4640 99272 91975 3 1
4641 99273 91975 3 1
4642 99274 91975 3 1
4643 99275 91975 3 1
4644 99276 91975 3 1
4645 99277 91975 3 1
4646 99278 91975 3 1
4647 99279 91975 3 1
4648 99280 91975 3 1
4649 99281 91975 3 1
4650 99282 91975 3 1
4651 99283 91975 3 1
4652 99284 91975 3 1
4653 99285 91975 3 1
4654 99286 91975 3 1
4655 99287 91975 3 1
4656 99288 91975 3 1
4657 99289 91975 3 1
4658 99290 91975 3 1
4659 99291 91975 3 1
4660 99292 91975 3 1
4661 99293 91975 3 1
4662 99294 91975 3 1
4663 99295 91975 3 1
4664 99296 91975 3 1
4665 101073 93701 2 1
4666 99298 91975 3 1
4667 99299 91975 3 1
4668 99300 91975 3 1
4669 101077 93701 2 1
4670 99302 91975 3 1
4671 99303 91975 3 1
4672 101080 93701 2 1
4673 99305 91975 3 1
4674 99306 91975 3 1
4675 99307 91975 3 1
4676 99308 91975 3 1
4677 101085 93701 2 1
4678 99310 91975 3 1
4679 99311 91975 3 1
4680 99312 91975 3 1
4681 99313 91975 3 1
4682 99314 91975 3 1
4683 101091 93701 2 1
4684 99316 91975 3 1
4685 99317 91975 3 1
4686 101094 93701 2 1
4687 101095 93701 2 1
4688 101096 93701 2 1
4689 101097 93701 2 1
4690 101098 93701 2 1
4691 101099 93701 2 1
4692 99324 91975 3 1
4693 99325 91975 3 1
4694 101102 93701 2 1
4695 101103 93701 2 1
4696 99328 91975 3 1
4697 101105 93701 2 1
4698 101106 93701 2 1
4699 99331 91975 3 1
4700 99332 91975 3 1
4701 99333 91975 3 1
4702 99334 91975 3 1
4703 99335 91975 3 1
4704 99336 91975 3 1
4705 99337 91975 3 1
4706 99338 91975 3 1
4707 101115 93701 2 1
4708 101116 93701 2 1
4709 101117 93701 2 1
4710 101118 93701 2 1
4711 101119 93701 2 1
4712 101120 93701 2 1
4713 101121 93701 2 1
4714 101122 93701 2 1
4715 101123 93701 2 1
4716 101124 93701 2 1
4717 101125 93701 2 1
4718 101126 93701 2 1
4719 101127 93701 2 1
4720 101128 93701 2 1
4721 101129 93701 2 1
4722 101130 93701 2 1
4723 101131 93701 2 1
4724 101132 93701 2 1
4725 101133 93701 2 1
4726 101134 93701 2 1
4727 101135 93701 2 1
4728 101136 93701 2 1
4729 101137 93701 2 1
4730 101138 93701 2 1
4731 101139 93701 2 1
4732 101140 93701 2 1
4733 101141 93701 2 1
4734 101142 93701 2 1
4735 101143 93701 2 1
4736 101144 93701 2 1
4737 101145 93701 2 1
4738 101146 93701 2 1
4739 101147 93701 2 1
4740 101148 93701 2 1
4741 101149 93701 2 1
4742 101150 93701 2 1
4743 101151 93701 2 1
4744 101152 93701 2 1
4745 101153 93701 2 1
4746 101154 93701 2 1
4747 101155 93701 2 1
4748 101156 93701 2 1
4749 101157 93701 2 1
4750 101158 93701 2 1
4751 101159 93701 2 1
4752 101160 93701 2 1
4753 101161 93701 2 1
4754 101162 93701 2 1
4755 101163 93701 2 1
4756 101164 93701 2 1
4757 101165 93701 2 1
4758 101166 93701 2 1
4759 101167 93701 2 1
4760 101168 93701 2 1
4761 101169 93701 2 1
4762 101170 93701 2 1
4763 101171 93701 2 1
4764 101172 93701 2 1
4765 101173 93701 2 1
4766 101174 93701 2 1
4767 101175 93701 2 1
4768 101176 93701 2 1
4769 101177 93701 2 1
4770 101178 93701 2 1
4771 101179 93701 2 1
4772 101180 93701 2 1
4773 101181 93701 2 1
4774 101182 93701 2 1
4775 101183 93701 2 1
4776 101184 93701 2 1
4777 101185 93701 2 1
4778 101186 93701 2 1
4779 101187 93701 2 1
4780 101188 93701 2 1
4781 101189 93701 2 1
4782 101190 93701 2 1
4783 101191 93701 2 1
4784 101192 93701 2 1
4785 101193 93701 2 1
4786 101194 93701 2 1
4787 101195 93701 2 1
4788 101196 93701 2 1
4789 101197 93701 2 1
4790 101198 93701 2 1
4791 101199 93701 2 1
4792 101200 93701 2 1
4793 101201 93701 2 1
4794 101202 93701 2 1
4795 101203 93701 2 1
4796 104323 96733 10 1
4797 104324 96733 10 1
4798 101206 93701 2 1
4799 101207 93701 2 1
4800 101208 93701 2 1
4801 101209 93701 2 1
4802 101210 93701 2 1
4803 101211 93701 2 1
4804 101212 93701 2 1
4805 101213 93701 2 1
4806 104333 96733 10 1
4807 101215 93701 2 1
4808 104335 96733 10 1
4809 104336 96733 10 1
4810 104337 96733 10 1
4811 101219 93701 2 1
4812 104339 96733 10 1
4813 101221 93701 2 1
4814 101222 93701 2 1
4815 101223 93701 2 1
4816 104343 96733 10 1
4817 104344 96733 10 1
4818 104345 96733 10 1
4819 104346 96733 10 1
4820 104347 96733 10 1
4821 101229 93701 2 1
4822 104349 96733 10 1
4823 104350 96733 10 1
4824 101232 93701 2 1
4825 104352 96733 10 1
4826 104353 96733 10 1
4827 104354 96733 10 1
4828 104355 96733 10 1
4829 104356 96733 10 1
4830 104357 96733 10 1
4831 104358 96733 10 1
4832 101240 93701 2 1
4833 101241 93701 2 1
4834 104361 96733 10 1
4835 104362 96733 10 1
4836 104363 96733 10 1
4837 104364 96733 10 1
4838 104365 96733 10 1
4839 104366 96733 10 1
4840 104367 96733 10 1
4841 104368 96733 10 1
4842 104369 96733 10 1
4843 104370 96733 10 1
4844 104371 96733 10 1
4845 104372 96733 10 1
4846 104373 96733 10 1
4847 104374 96733 10 1
4848 104375 96733 10 1
4849 104376 96733 10 1
4850 104377 96733 10 1
4851 104378 96733 10 1
4852 104379 96733 10 1
4853 104380 96733 10 1
4854 107303 99573 11 1
4855 107304 99573 11 1
4856 107305 99573 11 1
4857 107306 99573 11 1
4858 107307 99573 11 1
4859 107308 99573 11 1
4860 107309 99573 11 1
4861 104388 96733 10 1
4862 104389 96733 10 1
4863 107312 99573 11 1
4864 107313 99573 11 1
4865 107314 99573 11 1
4866 107315 99573 11 1
4867 107316 99573 11 1
4868 104395 96733 10 1
4869 107318 99573 11 1
4870 107319 99573 11 1
4871 107320 99573 11 1
4872 107321 99573 11 1
4873 107322 99573 11 1
4874 107323 99573 11 1
4875 107324 99573 11 1
4876 104403 96733 10 1
4877 107326 99573 11 1
4878 107327 99573 11 1
4879 107328 99573 11 1
4880 104407 96733 10 1
4881 104408 96733 10 1
4882 107331 99573 11 1
4883 107332 99573 11 1
4884 107333 99573 11 1
4885 107334 99573 11 1
4886 107335 99573 11 1
4887 104414 96733 10 1
4888 104415 96733 10 1
4889 104416 96733 10 1
4890 104417 96733 10 1
4891 104418 96733 10 1
4892 104419 96733 10 1
4893 104420 96733 10 1
4894 104421 96733 10 1
4895 104422 96733 10 1
4896 104423 96733 10 1
4897 104424 96733 10 1
4898 104425 96733 10 1
4899 104426 96733 10 1
4900 104427 96733 10 1
4901 104428 96733 10 1
4902 104429 96733 10 1
4903 104430 96733 10 1
4904 104431 96733 10 1
4905 104432 96733 10 1
4906 104433 96733 10 1
4907 104434 96733 10 1
4908 104435 96733 10 1
4909 104436 96733 10 1
4910 104437 96733 10 1
4911 104438 96733 10 1
4912 104439 96733 10 1
4913 104440 96733 10 1
4914 104441 96733 10 1
4915 104442 96733 10 1
4916 104443 96733 10 1
4917 104444 96733 10 1
4918 104445 96733 10 1
4919 104446 96733 10 1
4920 104447 96733 10 1
4921 104448 96733 10 1
4922 104449 96733 10 1
4923 104450 96733 10 1
4924 104451 96733 10 1
4925 104452 96733 10 1
4926 104453 96733 10 1
4927 104454 96733 10 1
4928 104455 96733 10 1
4929 104456 96733 10 1
4930 104457 96733 10 1
4931 104458 96733 10 1
4932 104459 96733 10 1
4933 104460 96733 10 1
4934 104461 96733 10 1
4935 104462 96733 10 1
4936 107385 99573 11 1
4937 107386 99573 11 1
4938 104465 96733 10 1
4939 104466 96733 10 1
4940 104467 96733 10 1
4941 104468 96733 10 1
4942 104469 96733 10 1
4943 104470 96733 10 1
4944 104471 96733 10 1
4945 107394 99573 11 1
4946 107395 99573 11 1
4947 104474 96733 10 1
4948 107397 99573 11 1
4949 104476 96733 10 1
4950 107399 99573 11 1
4951 107400 99573 11 1
4952 107401 99573 11 1
4953 107402 99573 11 1
4954 107403 99573 11 1
4955 107404 99573 11 1
4956 107405 99573 11 1
4957 104484 96733 10 1
4958 104485 96733 10 1
4959 104486 96733 10 1
4960 104487 96733 10 1
4961 104488 96733 10 1
4962 104489 96733 10 1
4963 104490 96733 10 1
4964 104491 96733 10 1
4965 104492 96733 10 1
4966 104493 96733 10 1
4967 104494 96733 10 1
4968 104495 96733 10 1
4969 104496 96733 10 1
4970 104497 96733 10 1
4971 104498 96733 10 1
4972 107421 99573 11 1
4973 104500 96733 10 1
4974 107423 99573 11 1
4975 104502 96733 10 1
4976 107425 99573 11 1
4977 107426 99573 11 1
4978 107427 99573 11 1
4979 107428 99573 11 1
4980 107429 99573 11 1
4981 107430 99573 11 1
4982 107431 99573 11 1
4983 107432 99573 11 1
4984 107433 99573 11 1
4985 107434 99573 11 1
4986 107435 99573 11 1
4987 107436 99573 11 1
4988 107437 99573 11 1
4989 107438 99573 11 1
4990 107439 99573 11 1
4991 107440 99573 11 1
4992 107441 99573 11 1
4993 107442 99573 11 1
4994 107443 99573 11 1
4995 107444 99573 11 1
4996 107445 99573 11 1
4997 107446 99573 11 1
4998 107447 99573 11 1
4999 107448 99573 11 1
5000 107449 99573 11 1
5001 107450 99573 11 1
5002 107451 99573 11 1
5003 107452 99573 11 1
5004 107453 99573 11 1
5005 107454 99573 11 1
5006 107455 99573 11 1
5007 107456 99573 11 1
5008 107457 99573 11 1
5009 107458 99573 11 1
5010 107459 99573 11 1
5011 107460 99573 11 1
5012 107461 99573 11 1
5013 107462 99573 11 1
5014 107463 99573 11 1
5015 107464 99573 11 1
5016 107465 99573 11 1
5017 107466 99573 11 1
5018 107467 99573 11 1
5019 107468 99573 11 1
5020 107469 99573 11 1
5021 107470 99573 11 1
5022 107471 99573 11 1
5023 107472 99573 11 1
5024 107473 99573 11 1
5025 107474 99573 11 1
5026 107475 99573 11 1
5027 107476 99573 11 1
5028 107477 99573 11 1
5029 107478 99573 11 1
5030 107479 99573 11 1
5031 107480 99573 11 1
5032 107481 99573 11 1
5033 107482 99573 11 1
5034 107483 99573 11 1
5035 107484 99573 11 1
5036 107485 99573 11 1
5037 107486 99573 11 1
5038 107487 99573 11 1
5039 107488 99573 11 1
5040 107489 99573 11 1
5041 107490 99573 11 1
5042 107491 99573 11 1
5043 107492 99573 11 1
5044 107493 99573 11 1
5045 107494 99573 11 1
5046 107495 99573 11 1
5047 107496 99573 11 1
5048 107497 99573 11 1
5049 107498 99573 11 1
5050 107499 99573 11 1
5051 107500 99573 11 1
5052 107501 99573 11 1
5053 110668 102650 10 1
5054 107503 99573 11 1
5055 107504 99573 11 1
5056 110671 102650 10 1
5057 110672 102650 10 1
5058 110673 102650 10 1
5059 107508 99573 11 1
5060 110675 102650 10 1
5061 110676 102650 10 1
5062 110677 102650 10 1
5063 107512 99573 11 1
5064 107513 99573 11 1
5065 107514 99573 11 1
5066 107515 99573 11 1
5067 107516 99573 11 1
5068 110683 102650 10 1
5069 110684 102650 10 1
5070 110685 102650 10 1
5071 107520 99573 11 1
5072 107521 99573 11 1
5073 107522 99573 11 1
5074 107523 99573 11 1
5075 107524 99573 11 1
5076 110691 102650 10 1
5077 107526 99573 11 1
5078 107527 99573 11 1
5079 107528 99573 11 1
5080 107529 99573 11 1
5081 107530 99573 11 1
5082 107531 99573 11 1
5083 107532 99573 11 1
5084 107533 99573 11 1
5085 107534 99573 11 1
5086 110701 102650 10 1
5087 110702 102650 10 1
5088 110703 102650 10 1
5089 110704 102650 10 1
5090 107539 99573 11 1
5091 107540 99573 11 1
5092 110707 102650 10 1
5093 110708 102650 10 1
5094 107543 99573 11 1
5095 110710 102650 10 1
5096 110711 102650 10 1
5097 110712 102650 10 1
5098 110713 102650 10 1
5099 110714 102650 10 1
5100 110715 102650 10 1
5101 110716 102650 10 1
5102 110717 102650 10 1
5103 110718 102650 10 1
5104 110719 102650 10 1
5105 110720 102650 10 1
5106 110721 102650 10 1
5107 110722 102650 10 1
5108 110723 102650 10 1
5109 110724 102650 10 1
5110 110725 102650 10 1
5111 110726 102650 10 1
5112 110727 102650 10 1
5113 110728 102650 10 1
5114 110729 102650 10 1
5115 110730 102650 10 1
5116 110731 102650 10 1
5117 110732 102650 10 1
5118 110733 102650 10 1
5119 110734 102650 10 1
5120 110735 102650 10 1
5121 110736 102650 10 1
5122 110737 102650 10 1
5123 110738 102650 10 1
5124 110739 102650 10 1
5125 110740 102650 10 1
5126 110741 102650 10 1
5127 110742 102650 10 1
5128 110743 102650 10 1
5129 110744 102650 10 1
5130 110745 102650 10 1
5131 110746 102650 10 1
5132 110747 102650 10 1
5133 110748 102650 10 1
5134 110749 102650 10 1
5135 110750 102650 10 1
5136 110751 102650 10 1
5137 110752 102650 10 1
5138 110753 102650 10 1
5139 112143 104000 10 1
5140 112144 104000 10 1
5141 110756 102650 10 1
5142 112146 104000 10 1
5143 110758 102650 10 1
5144 112148 104000 10 1
5145 110760 102650 10 1
5146 110761 102650 10 1
5147 110762 102650 10 1
5148 110763 102650 10 1
5149 110764 102650 10 1
5150 112154 104000 10 1
5151 112155 104000 10 1
5152 110767 102650 10 1
5153 110768 102650 10 1
5154 110769 102650 10 1
5155 110770 102650 10 1
5156 110771 102650 10 1
5157 112161 104000 10 1
5158 110773 102650 10 1
5159 112163 104000 10 1
5160 110775 102650 10 1
5161 110776 102650 10 1
5162 112166 104000 10 1
5163 110778 102650 10 1
5164 110779 102650 10 1
5165 110780 102650 10 1
5166 112170 104000 10 1
5167 112171 104000 10 1
5168 112172 104000 10 1
5169 112173 104000 10 1
5170 112174 104000 10 1
5171 112175 104000 10 1
5172 112176 104000 10 1
5173 112177 104000 10 1
5174 112178 104000 10 1
5175 112179 104000 10 1
5176 112180 104000 10 1
5177 112181 104000 10 1
5178 112182 104000 10 1
5179 112183 104000 10 1
5180 112184 104000 10 1
5181 112185 104000 10 1
5182 112186 104000 10 1
5183 112187 104000 10 1
5184 112188 104000 10 1
5185 112189 104000 10 1
5186 112190 104000 10 1
5187 112191 104000 10 1
5188 112192 104000 10 1
5189 112193 104000 10 1
5190 112194 104000 10 1
5191 112195 104000 10 1
5192 112196 104000 10 1
5193 112197 104000 10 1
5194 112198 104000 10 1
5195 112199 104000 10 1
5196 112200 104000 10 1
5197 112201 104000 10 1
5198 112202 104000 10 1
5199 112203 104000 10 1
5200 112204 104000 10 1
5201 112205 104000 10 1
5202 112206 104000 10 1
5203 112207 104000 10 1
5204 112208 104000 10 1
5205 112209 104000 10 1
5206 112210 104000 10 1
5207 112211 104000 10 1
5208 112212 104000 10 1
5209 112213 104000 10 1
5210 112214 104000 10 1
5211 112215 104000 10 1
5212 112216 104000 10 1
5213 112217 104000 10 1
5214 112218 104000 10 1
5215 112219 104000 10 1
5216 112220 104000 10 1
5217 112221 104000 10 1
5218 112222 104000 10 1
5219 112223 104000 10 1
5220 112224 104000 10 1
5221 112225 104000 10 1
5222 112226 104000 10 1
5223 112977 104729 10 1
5224 112228 104000 10 1
5225 112229 104000 10 1
5226 112230 104000 10 1
5227 112981 104729 10 1
5228 112982 104729 10 1
5229 112983 104729 10 1
5230 112984 104729 10 1
5231 112985 104729 10 1
5232 112236 104000 10 1
5233 112237 104000 10 1
5234 112238 104000 10 1
5235 112989 104729 10 1
5236 112990 104729 10 1
5237 112991 104729 10 1
5238 112992 104729 10 1
5239 112993 104729 10 1
5240 112994 104729 10 1
5241 112995 104729 10 1
5242 112996 104729 10 1
5243 112997 104729 10 1
5244 112998 104729 10 1
5245 112999 104729 10 1
5246 112250 104000 10 1
5247 113001 104729 10 1
5248 113002 104729 10 1
5249 113003 104729 10 1
5250 113004 104729 10 1
5251 113005 104729 10 1
5252 113006 104729 10 1
5253 112257 104000 10 1
5254 113008 104729 10 1
5255 113009 104729 10 1
5256 113010 104729 10 1
5257 112261 104000 10 1
5258 112262 104000 10 1
5259 112263 104000 10 1
5260 113014 104729 10 1
5261 112265 104000 10 1
5262 112266 104000 10 1
5263 112267 104000 10 1
5264 112268 104000 10 1
5265 112269 104000 10 1
5266 112270 104000 10 1
5267 112271 104000 10 1
5268 112272 104000 10 1
5269 112273 104000 10 1
5270 112274 104000 10 1
5271 112275 104000 10 1
5272 112276 104000 10 1
5273 112277 104000 10 1
5274 112278 104000 10 1
5275 112279 104000 10 1
5276 112280 104000 10 1
5277 112281 104000 10 1
5278 112282 104000 10 1
5279 112283 104000 10 1
5280 112284 104000 10 1
5281 112285 104000 10 1
5282 112286 104000 10 1
5283 112287 104000 10 1
5284 116419 108015 10 1
5285 112289 104000 10 1
5286 116421 108015 10 1
5287 112291 104000 10 1
5288 113042 104729 10 1
5289 116424 108015 10 1
5290 113044 104729 10 1
5291 113045 104729 10 1
5292 116427 108015 10 1
5293 116428 108015 10 1
5294 116429 108015 10 1
5295 116430 108015 10 1
5296 113050 104729 10 1
5297 116432 108015 10 1
5298 116433 108015 10 1
5299 116434 108015 10 1
5300 116435 108015 10 1
5301 116436 108015 10 1
5302 116437 108015 10 1
5303 116438 108015 10 1
5304 116439 108015 10 1
5305 116440 108015 10 1
5306 116441 108015 10 1
5307 116442 108015 10 1
5308 116443 108015 10 1
5309 116444 108015 10 1
5310 116445 108015 10 1
5311 116446 108015 10 1
5312 116447 108015 10 1
5313 116448 108015 10 1
5314 116449 108015 10 1
5315 116450 108015 10 1
5316 116451 108015 10 1
5317 116452 108015 10 1
5318 116453 108015 10 1
5319 116454 108015 10 1
5320 116455 108015 10 1
5321 116456 108015 10 1
5322 116457 108015 10 1
5323 116458 108015 10 1
5324 116459 108015 10 1
5325 116460 108015 10 1
5326 116461 108015 10 1
5327 116462 108015 10 1
5328 116463 108015 10 1
5329 116464 108015 10 1
5330 116465 108015 10 1
5331 116466 108015 10 1
5332 116467 108015 10 1
5333 116468 108015 10 1
5334 116469 108015 10 1
5335 113089 104729 10 1
5336 116471 108015 10 1
5337 116472 108015 10 1
5338 116473 108015 10 1
5339 116474 108015 10 1
5340 116475 108015 10 1
5341 116476 108015 10 1
5342 116477 108015 10 1
5343 116478 108015 10 1
5344 116479 108015 10 1
5345 116480 108015 10 1
5346 116481 108015 10 1
5347 116482 108015 10 1
5348 116483 108015 10 1
5349 116484 108015 10 1
5350 116485 108015 10 1
5351 116486 108015 10 1
5352 116487 108015 10 1
5353 116488 108015 10 1
5354 116489 108015 10 1
5355 116490 108015 10 1
5356 116491 108015 10 1
5357 116492 108015 10 1
5358 116493 108015 10 1
5359 116494 108015 10 1
5360 116495 108015 10 1
5361 116496 108015 10 1
5362 116497 108015 10 1
5363 116498 108015 10 1
5364 116499 108015 10 1
5365 116500 108015 10 1
5366 116501 108015 10 1
5367 118094 109562 4 1
5368 118095 109562 4 1
5369 118096 109562 4 1
5370 118097 109562 4 1
5371 118098 109562 4 1
5372 118099 109562 4 1
5373 118100 109562 4 1
5374 118101 109562 4 1
5375 118102 109562 4 1
5376 118103 109562 4 1
5377 118104 109562 4 1
5378 118105 109562 4 1
5379 118106 109562 4 1
5380 118107 109562 4 1
5381 118108 109562 4 1
5382 118109 109562 4 1
5383 118110 109562 4 1
5384 118111 109562 4 1
5385 118112 109562 4 1
5386 118113 109562 4 1
5387 118114 109562 4 1
5388 118115 109562 4 1
5389 118116 109562 4 1
5390 118117 109562 4 1
5391 118118 109562 4 1
5392 118119 109562 4 1
5393 118120 109562 4 1
5394 118121 109562 4 1
5395 118122 109562 4 1
5396 118123 109562 4 1
5397 118124 109562 4 1
5398 118125 109562 4 1
5399 118126 109562 4 1
5400 118127 109562 4 1
5401 118128 109562 4 1
5402 118129 109562 4 1
5403 118130 109562 4 1
5404 118131 109562 4 1
5405 118132 109562 4 1
5406 118133 109562 4 1
5407 118134 109562 4 1
5408 118135 109562 4 1
5409 118136 109562 4 1
5410 118137 109562 4 1
5411 118138 109562 4 1
5412 118139 109562 4 1
5413 118140 109562 4 1
5414 118141 109562 4 1
5415 118142 109562 4 1
5416 118143 109562 4 1
5417 118144 109562 4 1
5418 118145 109562 4 1
5419 118146 109562 4 1
5420 118147 109562 4 1
5421 118148 109562 4 1
5422 118149 109562 4 1
5423 118150 109562 4 1
5424 118151 109562 4 1
5425 118152 109562 4 1
5426 118153 109562 4 1
5427 118154 109562 4 1
5428 118155 109562 4 1
5429 118156 109562 4 1
5430 118157 109562 4 1
5431 118158 109562 4 1
5432 118159 109562 4 1
5433 118160 109562 4 1
5434 118161 109562 4 1
5435 118162 109562 4 1
5436 118163 109562 4 1
5437 118164 109562 4 1
5438 118165 109562 4 1
5439 118166 109562 4 1
5440 118167 109562 4 1
5441 118168 109562 4 1
5442 118169 109562 4 1
5443 118170 109562 4 1
5444 118171 109562 4 1
5445 118172 109562 4 1
5446 118173 109562 4 1
5447 118174 109562 4 1
5448 118175 109562 4 1
5449 118176 109562 4 1
5450 118177 109562 4 1
5451 118178 109562 4 1
5452 118179 109562 4 1
5453 118180 109562 4 1
5454 118181 109562 4 1
5455 118182 109562 4 1
5456 118183 109562 4 1
5457 118184 109562 4 1
5458 118185 109562 4 1
5459 118186 109562 4 1
5460 118187 109562 4 1
5461 118188 109562 4 1
5462 118189 109562 4 1
5463 118190 109562 4 1
5464 118191 109562 4 1
5465 118192 109562 4 1
5466 118193 109562 4 1
5467 118194 109562 4 1
5468 118195 109562 4 1
5469 118196 109562 4 1
5470 118197 109562 4 1
5471 118198 109562 4 1
5472 118199 109562 4 1
5473 118200 109562 4 1
5474 118201 109562 4 1
5475 118202 109562 4 1
5476 118203 109562 4 1
5477 118204 109562 4 1
5478 118205 109562 4 1
5479 118206 109562 4 1
5480 118207 109562 4 1
5481 118208 109562 4 1
5482 118209 109562 4 1
5483 118210 109562 4 1
5484 118211 109562 4 1
5485 118212 109562 4 1
5486 118213 109562 4 1
5487 118214 109562 4 1
5488 118215 109562 4 1
5489 118216 109562 4 1
5490 118217 109562 4 1
5491 118218 109562 4 1
5492 118219 109562 4 1
5493 118220 109562 4 1
5494 120037 111327 4 1
5495 118222 109562 4 1
5496 118223 109562 4 1
5497 120040 111327 4 1
5498 118225 109562 4 1
5499 118226 109562 4 1
5500 120043 111327 4 1
5501 118228 109562 4 1
5502 118229 109562 4 1
5503 118230 109562 4 1
5504 118231 109562 4 1
5505 120048 111327 4 1
5506 120049 111327 4 1
5507 118234 109562 4 1
5508 120051 111327 4 1
5509 118236 109562 4 1
5510 118237 109562 4 1
5511 120054 111327 4 1
5512 120055 111327 4 1
5513 120056 111327 4 1
5514 120057 111327 4 1
5515 120058 111327 4 1
5516 120059 111327 4 1
5517 118244 109562 4 1
5518 120061 111327 4 1
5519 118246 109562 4 1
5520 118247 109562 4 1
5521 118248 109562 4 1
5522 118249 109562 4 1
5523 120066 111327 4 1
5524 120067 111327 4 1
5525 120068 111327 4 1
5526 120069 111327 4 1
5527 120070 111327 4 1
5528 118255 109562 4 1
5529 122093 113291 2 1
5530 120073 111327 4 1
5531 120074 111327 4 1
5532 118259 109562 4 1
5533 120076 111327 4 1
5534 120077 111327 4 1
5535 118262 109562 4 1
5536 118263 109562 4 1
5537 118264 109562 4 1
5538 118265 109562 4 1
5539 118266 109562 4 1
5540 118267 109562 4 1
5541 118268 109562 4 1
5542 118269 109562 4 1
5543 118270 109562 4 1
5544 118271 109562 4 1
5545 118272 109562 4 1
5546 118273 109562 4 1
5547 118274 109562 4 1
5548 118275 109562 4 1
5549 120092 111327 4 1
5550 120093 111327 4 1
5551 120094 111327 4 1
5552 118279 109562 4 1
5553 120096 111327 4 1
5554 118281 109562 4 1
5555 118282 109562 4 1
5556 120099 111327 4 1
5557 118284 109562 4 1
5558 120101 111327 4 1
5559 120102 111327 4 1
5560 120103 111327 4 1
5561 120104 111327 4 1
5562 120105 111327 4 1
5563 120106 111327 4 1
5564 120107 111327 4 1
5565 120108 111327 4 1
5566 120109 111327 4 1
5567 120110 111327 4 1
5568 120111 111327 4 1
5569 120112 111327 4 1
5570 120113 111327 4 1
5571 120114 111327 4 1
5572 120115 111327 4 1
5573 120116 111327 4 1
5574 122138 113291 2 1
5575 120118 111327 4 1
5576 120119 111327 4 1
5577 120120 111327 4 1
5578 120121 111327 4 1
5579 120122 111327 4 1
5580 120123 111327 4 1
5581 120124 111327 4 1
5582 120125 111327 4 1
5583 120126 111327 4 1
5584 122148 113291 2 1
5585 120128 111327 4 1
5586 122150 113291 2 1
5587 122151 113291 2 1
5588 120131 111327 4 1
5589 120132 111327 4 1
5590 120133 111327 4 1
5591 120134 111327 4 1
5592 120135 111327 4 1
5593 120136 111327 4 1
5594 120137 111327 4 1
5595 122159 113291 2 1
5596 120139 111327 4 1
5597 120140 111327 4 1
5598 122162 113291 2 1
5599 122163 113291 2 1
5600 122164 113291 2 1
5601 120144 111327 4 1
5602 122166 113291 2 1
5603 122167 113291 2 1
5604 122168 113291 2 1
5605 120148 111327 4 1
5606 120149 111327 4 1
5607 122171 113291 2 1
5608 122172 113291 2 1
5609 122173 113291 2 1
5610 122174 113291 2 1
5611 122175 113291 2 1
5612 122176 113291 2 1
5613 122177 113291 2 1
5614 122178 113291 2 1
5615 122179 113291 2 1
5616 122180 113291 2 1
5617 122181 113291 2 1
5618 122182 113291 2 1
5619 122183 113291 2 1
5620 122184 113291 2 1
5621 122185 113291 2 1
5622 122186 113291 2 1
5623 122187 113291 2 1
5624 122188 113291 2 1
5625 122189 113291 2 1
5626 122190 113291 2 1
5627 122191 113291 2 1
5628 122192 113291 2 1
5629 122193 113291 2 1
5630 122194 113291 2 1
5631 122195 113291 2 1
5632 122196 113291 2 1
5633 122197 113291 2 1
5634 122198 113291 2 1
5635 122199 113291 2 1
5636 122200 113291 2 1
5637 122201 113291 2 1
5638 122202 113291 2 1
5639 122203 113291 2 1
5640 122204 113291 2 1
5641 122205 113291 2 1
5642 122206 113291 2 1
5643 122207 113291 2 1
5644 122208 113291 2 1
5645 122209 113291 2 1
5646 122210 113291 2 1
5647 122211 113291 2 1
5648 122212 113291 2 1
5649 122213 113291 2 1
5650 122214 113291 2 1
5651 122215 113291 2 1
5652 122216 113291 2 1
5653 122217 113291 2 1
5654 122218 113291 2 1
5655 122219 113291 2 1
5656 122220 113291 2 1
5657 122221 113291 2 1
5658 122222 113291 2 1
5659 122223 113291 2 1
5660 122224 113291 2 1
5661 122225 113291 2 1
5662 122226 113291 2 1
5663 122227 113291 2 1
5664 122228 113291 2 1
5665 122229 113291 2 1
5666 122230 113291 2 1
5667 122231 113291 2 1
5668 122232 113291 2 1
5669 122233 113291 2 1
5670 122234 113291 2 1
5671 122235 113291 2 1
5672 122236 113291 2 1
5673 122237 113291 2 1
5674 122238 113291 2 1
5675 122239 113291 2 1
5676 122240 113291 2 1
5677 122241 113291 2 1
5678 122242 113291 2 1
5679 122243 113291 2 1
5680 122244 113291 2 1
5681 122245 113291 2 1
5682 122246 113291 2 1
5683 122247 113291 2 1
5684 122248 113291 2 1
5685 122249 113291 2 1
5686 124157 115145 10 1
5687 124158 115145 10 1
5688 122252 113291 2 1
5689 122253 113291 2 1
5690 124161 115145 10 1
5691 122255 113291 2 1
5692 124163 115145 10 1
5693 124164 115145 10 1
5694 124165 115145 10 1
5695 124166 115145 10 1
5696 124167 115145 10 1
5697 124168 115145 10 1
5698 122262 113291 2 1
5699 124170 115145 10 1
5700 122264 113291 2 1
5701 122265 113291 2 1
5702 122266 113291 2 1
5703 122267 113291 2 1
5704 124175 115145 10 1
5705 122269 113291 2 1
5706 122270 113291 2 1
5707 122271 113291 2 1
5708 122272 113291 2 1
5709 122273 113291 2 1
5710 124181 115145 10 1
5711 122275 113291 2 1
5712 122276 113291 2 1
5713 122277 113291 2 1
5714 122278 113291 2 1
5715 122279 113291 2 1
5716 122280 113291 2 1
5717 122281 113291 2 1
5718 122282 113291 2 1
5719 122283 113291 2 1
5720 122284 113291 2 1
5721 122285 113291 2 1
5722 122286 113291 2 1
5723 124194 115145 10 1
5724 124195 115145 10 1
5725 124196 115145 10 1
5726 124197 115145 10 1
5727 122291 113291 2 1
5728 124199 115145 10 1
5729 124200 115145 10 1
5730 124201 115145 10 1
5731 124202 115145 10 1
5732 124203 115145 10 1
5733 124204 115145 10 1
5734 124205 115145 10 1
5735 124206 115145 10 1
5736 124207 115145 10 1
5737 124208 115145 10 1
5738 124209 115145 10 1
5739 124210 115145 10 1
5740 124211 115145 10 1
5741 124212 115145 10 1
5742 124213 115145 10 1
5743 124214 115145 10 1
5744 124215 115145 10 1
5745 124216 115145 10 1
5746 124217 115145 10 1
5747 124218 115145 10 1
5748 124219 115145 10 1
5749 124220 115145 10 1
5750 124221 115145 10 1
5751 124222 115145 10 1
5752 124223 115145 10 1
5753 124224 115145 10 1
5754 124225 115145 10 1
5755 124226 115145 10 1
5756 124227 115145 10 1
5757 124228 115145 10 1
5758 124229 115145 10 1
5759 124230 115145 10 1
5760 124231 115145 10 1
5761 124232 115145 10 1
5762 124233 115145 10 1
5763 124234 115145 10 1
5764 124235 115145 10 1
5765 124236 115145 10 1
5766 124237 115145 10 1
5767 124238 115145 10 1
5768 124239 115145 10 1
5769 124240 115145 10 1
5770 124241 115145 10 1
5771 124242 115145 10 1
5772 124243 115145 10 1
5773 124244 115145 10 1
5774 124245 115145 10 1
5775 124246 115145 10 1
5776 124247 115145 10 1
5777 124248 115145 10 1
5778 124249 115145 10 1
5779 124250 115145 10 1
5780 124251 115145 10 1
5781 124252 115145 10 1
5782 124253 115145 10 1
5783 124254 115145 10 1
5784 124255 115145 10 1
5785 124256 115145 10 1
5786 124257 115145 10 1
5787 124258 115145 10 1
5788 124259 115145 10 1
5789 124260 115145 10 1
5790 124261 115145 10 1
5791 124262 115145 10 1
5792 124263 115145 10 1
5793 124264 115145 10 1
5794 124265 115145 10 1
5795 124266 115145 10 1
5796 124267 115145 10 1
5797 124268 115145 10 1
5798 124269 115145 10 1
5799 124270 115145 10 1
5800 124271 115145 10 1
5801 124272 115145 10 1
5802 124273 115145 10 1
5803 124274 115145 10 1
5804 124275 115145 10 1
5805 124276 115145 10 1
5806 124277 115145 10 1
5807 124278 115145 10 1
5808 124279 115145 10 1
5809 124280 115145 10 1
5810 124281 115145 10 1
5811 124282 115145 10 1
5812 124283 115145 10 1
5813 124284 115145 10 1
5814 124285 115145 10 1
5815 124286 115145 10 1
5816 124287 115145 10 1
5817 124288 115145 10 1
5818 124289 115145 10 1
5819 124290 115145 10 1
5820 124291 115145 10 1
5821 124292 115145 10 1
5822 124293 115145 10 1
5823 124294 115145 10 1
5824 124295 115145 10 1
5825 124296 115145 10 1
5826 124297 115145 10 1
5827 124298 115145 10 1
5828 124299 115145 10 1
5829 124300 115145 10 1
5830 124301 115145 10 1
5831 124302 115145 10 1
5832 124303 115145 10 1
5833 124304 115145 10 1
5834 124305 115145 10 1
5835 124306 115145 10 1
5836 124307 115145 10 1
5837 124308 115145 10 1
5838 124309 115145 10 1
5839 124310 115145 10 1
5840 124311 115145 10 1
5841 124312 115145 10 1
5842 124313 115145 10 1
5843 124314 115145 10 1
5844 124315 115145 10 1
5845 124316 115145 10 1
5846 124317 115145 10 1
5847 124318 115145 10 1
5848 124319 115145 10 1
5849 124320 115145 10 1
5850 124321 115145 10 1
5851 124322 115145 10 1
5852 124323 115145 10 1
5853 124324 115145 10 1
5854 124325 115145 10 1
5855 124326 115145 10 1
5856 124327 115145 10 1
5857 124328 115145 10 1
5858 124329 115145 10 1
5859 124330 115145 10 1
5860 124331 115145 10 1
5861 124332 115145 10 1
5862 124333 115145 10 1
5863 124334 115145 10 1
5864 124335 115145 10 1
5865 124336 115145 10 1
5866 128112 118814 10 1
5867 128113 118814 10 1
5868 124339 115145 10 1
5869 124340 115145 10 1
5870 124341 115145 10 1
5871 128117 118814 10 1
5872 128118 118814 10 1
5873 124344 115145 10 1
5874 128120 118814 10 1
5875 124346 115145 10 1
5876 124347 115145 10 1
5877 124348 115145 10 1
5878 124349 115145 10 1
5879 124350 115145 10 1
5880 128126 118814 10 1
5881 124352 115145 10 1
5882 128128 118814 10 1
5883 128129 118814 10 1
5884 128130 118814 10 1
5885 128131 118814 10 1
5886 124357 115145 10 1
5887 128133 118814 10 1
5888 124359 115145 10 1
5889 124360 115145 10 1
5890 124361 115145 10 1
5891 124362 115145 10 1
5892 128138 118814 10 1
5893 124364 115145 10 1
5894 124365 115145 10 1
5895 128141 118814 10 1
5896 124367 115145 10 1
5897 128143 118814 10 1
5898 124369 115145 10 1
5899 128145 118814 10 1
5900 124371 115145 10 1
5901 128147 118814 10 1
5902 128148 118814 10 1
5903 128149 118814 10 1
5904 124375 115145 10 1
5905 128151 118814 10 1
5906 124377 115145 10 1
5907 128153 118814 10 1
5908 128154 118814 10 1
5909 128155 118814 10 1
5910 124381 115145 10 1
5911 128157 118814 10 1
5912 128158 118814 10 1
5913 124384 115145 10 1
5914 128160 118814 10 1
5915 128161 118814 10 1
5916 128162 118814 10 1
5917 128163 118814 10 1
5918 128164 118814 10 1
5919 124390 115145 10 1
5920 128166 118814 10 1
5921 128167 118814 10 1
5922 128168 118814 10 1
5923 128169 118814 10 1
5924 128170 118814 10 1
5925 128171 118814 10 1
5926 128172 118814 10 1
5927 128173 118814 10 1
5928 128174 118814 10 1
5929 128175 118814 10 1
5930 128176 118814 10 1
5931 128177 118814 10 1
5932 128178 118814 10 1
5933 128179 118814 10 1
5934 128180 118814 10 1
5935 128181 118814 10 1
5936 128182 118814 10 1
5937 128183 118814 10 1
5938 128184 118814 10 1
5939 128185 118814 10 1
5940 128186 118814 10 1
5941 128187 118814 10 1
5942 128188 118814 10 1
5943 128189 118814 10 1
5944 129645 120228 6 1
5945 128191 118814 10 1
5946 128192 118814 10 1
5947 128193 118814 10 1
5948 128194 118814 10 1
5949 128195 118814 10 1
5950 128196 118814 10 1
5951 128197 118814 10 1
5952 128198 118814 10 1
5953 128199 118814 10 1
5954 128200 118814 10 1
5955 128201 118814 10 1
5956 128202 118814 10 1
5957 128203 118814 10 1
5958 128204 118814 10 1
5959 128205 118814 10 1
5960 128206 118814 10 1
5961 128207 118814 10 1
5962 128208 118814 10 1
5963 128209 118814 10 1
5964 128210 118814 10 1
5965 128211 118814 10 1
5966 128212 118814 10 1
5967 128213 118814 10 1
5968 129669 120228 6 1
5969 128215 118814 10 1
5970 128216 118814 10 1
5971 124442 115145 10 1
5972 124443 115145 10 1
5973 124444 115145 10 1
5974 129675 120228 6 1
5975 124446 115145 10 1
5976 124447 115145 10 1
5977 124448 115145 10 1
5978 124449 115145 10 1
5979 124450 115145 10 1
5980 124451 115145 10 1
5981 124452 115145 10 1
5982 128228 118814 10 1
5983 124454 115145 10 1
5984 124455 115145 10 1
5985 124456 115145 10 1
5986 124457 115145 10 1
5987 124458 115145 10 1
5988 124459 115145 10 1
5989 124460 115145 10 1
5990 124461 115145 10 1
5991 124462 115145 10 1
5992 124463 115145 10 1
5993 124464 115145 10 1
5994 124465 115145 10 1
5995 132194 122656 9 1
5996 132195 122656 9 1
5997 124468 115145 10 1
5998 124469 115145 10 1
5999 132198 122656 9 1
6000 124471 115145 10 1
6001 124472 115145 10 1
6002 124473 115145 10 1
6003 132202 122656 9 1
6004 124475 115145 10 1
6005 124476 115145 10 1
6006 124477 115145 10 1
6007 132206 122656 9 1
6008 124479 115145 10 1
6009 124480 115145 10 1
6010 132209 122656 9 1
6011 132210 122656 9 1
6012 132211 122656 9 1
6013 124484 115145 10 1
6014 128260 118814 10 1
6015 132214 122656 9 1
6016 132215 122656 9 1
6017 132216 122656 9 1
6018 132217 122656 9 1
6019 132218 122656 9 1
6020 132219 122656 9 1
6021 124492 115145 10 1
6022 124493 115145 10 1
6023 124494 115145 10 1
6024 132223 122656 9 1
6025 128271 118814 10 1
6026 128272 118814 10 1
6027 128273 118814 10 1
6028 128274 118814 10 1
6029 132228 122656 9 1
6030 132229 122656 9 1
6031 132230 122656 9 1
6032 132231 122656 9 1
6033 128279 118814 10 1
6034 132233 122656 9 1
6035 132234 122656 9 1
6036 128282 118814 10 1
6037 128283 118814 10 1
6038 132237 122656 9 1
6039 132238 122656 9 1
6040 128286 118814 10 1
6041 132240 122656 9 1
6042 132241 122656 9 1
6043 132242 122656 9 1
6044 132243 122656 9 1
6045 132244 122656 9 1
6046 132245 122656 9 1
6047 132246 122656 9 1
6048 132247 122656 9 1
6049 132248 122656 9 1
6050 132249 122656 9 1
6051 132250 122656 9 1
6052 132251 122656 9 1
6053 132252 122656 9 1
6054 132253 122656 9 1
6055 132254 122656 9 1
6056 128302 118814 10 1
6057 132256 122656 9 1
6058 132257 122656 9 1
6059 128305 118814 10 1
6060 128306 118814 10 1
6061 128307 118814 10 1
6062 128308 118814 10 1
6063 132262 122656 9 1
6064 132263 122656 9 1
6065 132264 122656 9 1
6066 132265 122656 9 1
6067 132266 122656 9 1
6068 132267 122656 9 1
6069 132268 122656 9 1
6070 132269 122656 9 1
6071 132270 122656 9 1
6072 128318 118814 10 1
6073 128319 118814 10 1
6074 132273 122656 9 1
6075 132274 122656 9 1
6076 132275 122656 9 1
6077 132276 122656 9 1
6078 132277 122656 9 1
6079 132278 122656 9 1
6080 132279 122656 9 1
6081 132280 122656 9 1
6082 132281 122656 9 1
6083 132282 122656 9 1
6084 132283 122656 9 1
6085 132284 122656 9 1
6086 132285 122656 9 1
6087 132286 122656 9 1
6088 132287 122656 9 1
6089 132288 122656 9 1
6090 132289 122656 9 1
6091 132290 122656 9 1
6092 132291 122656 9 1
6093 132292 122656 9 1
6094 132293 122656 9 1
6095 132294 122656 9 1
6096 132295 122656 9 1
6097 132296 122656 9 1
6098 132297 122656 9 1
6099 132298 122656 9 1
6100 132299 122656 9 1
6101 132300 122656 9 1
6102 132301 122656 9 1
6103 132302 122656 9 1
6104 132303 122656 9 1
6105 132304 122656 9 1
6106 132305 122656 9 1
6107 132306 122656 9 1
6108 132307 122656 9 1
6109 132308 122656 9 1
6110 132309 122656 9 1
6111 132310 122656 9 1
6112 132311 122656 9 1
6113 132312 122656 9 1
6114 132313 122656 9 1
6115 132314 122656 9 1
6116 132315 122656 9 1
6117 132316 122656 9 1
6118 132317 122656 9 1
6119 132318 122656 9 1
6120 132319 122656 9 1
6121 132320 122656 9 1
6122 132321 122656 9 1
6123 132322 122656 9 1
6124 132323 122656 9 1
6125 132324 122656 9 1
6126 132325 122656 9 1
6127 132326 122656 9 1
6128 132327 122656 9 1
6129 132328 122656 9 1
6130 132329 122656 9 1
6131 132330 122656 9 1
6132 132331 122656 9 1
6133 132332 122656 9 1
6134 132333 122656 9 1
6135 132334 122656 9 1
6136 132335 122656 9 1
6137 132336 122656 9 1
6138 132337 122656 9 1
6139 132338 122656 9 1
6140 132339 122656 9 1
6141 132340 122656 9 1
6142 132341 122656 9 1
6143 132342 122656 9 1
6144 132343 122656 9 1
6145 132344 122656 9 1
6146 132345 122656 9 1
6147 132346 122656 9 1
6148 132347 122656 9 1
6149 132348 122656 9 1
6150 132349 122656 9 1
6151 132350 122656 9 1
6152 132351 122656 9 1
6153 132352 122656 9 1
6154 132353 122656 9 1
6155 132354 122656 9 1
6156 132355 122656 9 1
6157 132356 122656 9 1
6158 132357 122656 9 1
6159 132358 122656 9 1
6160 132359 122656 9 1
6161 132360 122656 9 1
6162 132361 122656 9 1
6163 132362 122656 9 1
6164 132363 122656 9 1
6165 132364 122656 9 1
6166 132365 122656 9 1
6167 132366 122656 9 1
6168 132367 122656 9 1
6169 132368 122656 9 1
6170 132369 122656 9 1
6171 132370 122656 9 1
6172 132371 122656 9 1
6173 132372 122656 9 1
6174 132373 122656 9 1
6175 132374 122656 9 1
6176 132375 122656 9 1
6177 132376 122656 9 1
6178 132377 122656 9 1
6179 132378 122656 9 1
6180 132379 122656 9 1
6181 132380 122656 9 1
6182 132381 122656 9 1
6183 132382 122656 9 1
6184 132383 122656 9 1
6185 132384 122656 9 1
6186 132385 122656 9 1
6187 132386 122656 9 1
6188 132387 122656 9 1
6189 132388 122656 9 1
6190 132389 122656 9 1
6191 132390 122656 9 1
6192 132391 122656 9 1
6193 132392 122656 9 1
6194 132393 122656 9 1
6195 132394 122656 9 1
6196 132395 122656 9 1
6197 132396 122656 9 1
6198 132397 122656 9 1
6199 132398 122656 9 1
6200 132399 122656 9 1
6201 132400 122656 9 1
6202 132401 122656 9 1
6203 132402 122656 9 1
6204 132403 122656 9 1
6205 132404 122656 9 1
6206 132405 122656 9 1
6207 132406 122656 9 1
6208 132407 122656 9 1
6209 132408 122656 9 1
6210 132409 122656 9 1
6211 132410 122656 9 1
6212 132411 122656 9 1
6213 132412 122656 9 1
6214 132413 122656 9 1
6215 132414 122656 9 1
6216 132415 122656 9 1
6217 132416 122656 9 1
6218 132417 122656 9 1
6219 132418 122656 9 1
6220 132419 122656 9 1
6221 132420 122656 9 1
6222 132421 122656 9 1
6223 132422 122656 9 1
6224 132423 122656 9 1
6225 132424 122656 9 1
6226 132425 122656 9 1
6227 132426 122656 9 1
6228 132427 122656 9 1
6229 132428 122656 9 1
6230 132429 122656 9 1
6231 132430 122656 9 1
6232 132431 122656 9 1
6233 132432 122656 9 1
6234 132433 122656 9 1
6235 132434 122656 9 1
6236 132435 122656 9 1
6237 132436 122656 9 1
6238 132437 122656 9 1
6239 132438 122656 9 1
6240 132439 122656 9 1
6241 132440 122656 9 1
6242 132441 122656 9 1
6243 132442 122656 9 1
6244 132443 122656 9 1
6245 132444 122656 9 1
6246 132445 122656 9 1
6247 132446 122656 9 1
6248 132447 122656 9 1
6249 132448 122656 9 1
6250 132449 122656 9 1
6251 132450 122656 9 1
6252 132451 122656 9 1
6253 132452 122656 9 1
6254 132453 122656 9 1
6255 132454 122656 9 1
6256 132455 122656 9 1
6257 132456 122656 9 1
6258 132457 122656 9 1
6259 132458 122656 9 1
6260 132459 122656 9 1
6261 132460 122656 9 1
6262 132461 122656 9 1
6263 132462 122656 9 1
6264 132463 122656 9 1
6265 132464 122656 9 1
6266 132465 122656 9 1
6267 132466 122656 9 1
6268 132467 122656 9 1
6269 132468 122656 9 1
6270 132469 122656 9 1
6271 132470 122656 9 1
6272 132471 122656 9 1
6273 132472 122656 9 1
6274 132473 122656 9 1
6275 132474 122656 9 1
6276 132475 122656 9 1
6277 132476 122656 9 1
6278 132477 122656 9 1
6279 132478 122656 9 1
6280 132479 122656 9 1
6281 132480 122656 9 1
6282 132481 122656 9 1
6283 132482 122656 9 1
6284 132483 122656 9 1
6285 132484 122656 9 1
6286 132485 122656 9 1
6287 132486 122656 9 1
6288 132487 122656 9 1
6289 132488 122656 9 1
6290 132489 122656 9 1
6291 132490 122656 9 1
6292 132491 122656 9 1
6293 132492 122656 9 1
6294 132493 122656 9 1
6295 132494 122656 9 1
6296 132495 122656 9 1
6297 132496 122656 9 1
6298 132497 122656 9 1
6299 132498 122656 9 1
6300 132499 122656 9 1
6301 132500 122656 9 1
6302 132501 122656 9 1
6303 132502 122656 9 1
6304 132503 122656 9 1
6305 132504 122656 9 1
6306 132505 122656 9 1
6307 132506 122656 9 1
6308 132507 122656 9 1
6309 132508 122656 9 1
6310 132509 122656 9 1
6311 132510 122656 9 1
6312 132511 122656 9 1
6313 132512 122656 9 1
6314 132513 122656 9 1
6315 132514 122656 9 1
6316 132515 122656 9 1
6317 132516 122656 9 1
6318 132517 122656 9 1
6319 132518 122656 9 1
6320 132519 122656 9 1
6321 132520 122656 9 1
6322 132521 122656 9 1
6323 132522 122656 9 1
6324 134446 124525 9 1
6325 132524 122656 9 1
6326 132525 122656 9 1
6327 134449 124525 9 1
6328 134450 124525 9 1
6329 134451 124525 9 1
6330 134452 124525 9 1
6331 134453 124525 9 1
6332 134454 124525 9 1
6333 134455 124525 9 1
6334 134456 124525 9 1
6335 134457 124525 9 1
6336 134458 124525 9 1
6337 134459 124525 9 1
6338 132537 122656 9 1
6339 132538 122656 9 1
6340 134462 124525 9 1
6341 132540 122656 9 1
6342 134464 124525 9 1
6343 134465 124525 9 1
6344 134466 124525 9 1
6345 134467 124525 9 1
6346 132545 122656 9 1
6347 134469 124525 9 1
6348 134470 124525 9 1
6349 134471 124525 9 1
6350 134472 124525 9 1
6351 134473 124525 9 1
6352 134474 124525 9 1
6353 134475 124525 9 1
6354 134476 124525 9 1
6355 134477 124525 9 1
6356 134478 124525 9 1
6357 134479 124525 9 1
6358 134480 124525 9 1
6359 134481 124525 9 1
6360 134482 124525 9 1
6361 134483 124525 9 1
6362 134484 124525 9 1
6363 134485 124525 9 1
6364 134486 124525 9 1
6365 134487 124525 9 1
6366 134488 124525 9 1
6367 134489 124525 9 1
6368 134490 124525 9 1
6369 134491 124525 9 1
6370 134492 124525 9 1
6371 134493 124525 9 1
6372 134494 124525 9 1
6373 134495 124525 9 1
6374 134496 124525 9 1
6375 134497 124525 9 1
6376 134498 124525 9 1
6377 134499 124525 9 1
6378 134500 124525 9 1
6379 134501 124525 9 1
6380 134502 124525 9 1
6381 134503 124525 9 1
6382 132581 122656 9 1
6383 132582 122656 9 1
6384 134506 124525 9 1
6385 134507 124525 9 1
6386 132585 122656 9 1
6387 132586 122656 9 1
6388 132587 122656 9 1
6389 132588 122656 9 1
6390 134512 124525 9 1
6391 132590 122656 9 1
6392 132591 122656 9 1
6393 132592 122656 9 1
6394 132593 122656 9 1
6395 134517 124525 9 1
6396 134518 124525 9 1
6397 134519 124525 9 1
6398 134520 124525 9 1
6399 134521 124525 9 1
6400 134522 124525 9 1
6401 134523 124525 9 1
6402 134524 124525 9 1
6403 132602 122656 9 1
6404 134526 124525 9 1
6405 134527 124525 9 1
6406 134528 124525 9 1
6407 132606 122656 9 1
6408 134530 124525 9 1
6409 134531 124525 9 1
6410 134532 124525 9 1
6411 134533 124525 9 1
6412 134534 124525 9 1
6413 134535 124525 9 1
6414 132613 122656 9 1
6415 132614 122656 9 1
6416 134538 124525 9 1
6417 134539 124525 9 1
6418 132617 122656 9 1
6419 132618 122656 9 1
6420 134542 124525 9 1
6421 134543 124525 9 1
6422 134544 124525 9 1
6423 134545 124525 9 1
6424 134546 124525 9 1
6425 134547 124525 9 1
6426 134548 124525 9 1
6427 134549 124525 9 1
6428 134550 124525 9 1
6429 134551 124525 9 1
6430 134552 124525 9 1
6431 134553 124525 9 1
6432 134554 124525 9 1
6433 134555 124525 9 1
6434 134556 124525 9 1
6435 134557 124525 9 1
6436 134558 124525 9 1
6437 134559 124525 9 1
6438 134560 124525 9 1
6439 134561 124525 9 1
6440 134562 124525 9 1
6441 134563 124525 9 1
6442 134564 124525 9 1
6443 134565 124525 9 1
6444 134566 124525 9 1
6445 134567 124525 9 1
6446 134568 124525 9 1
6447 134569 124525 9 1
6448 134570 124525 9 1
6449 134571 124525 9 1
6450 134572 124525 9 1
6451 134573 124525 9 1
6452 134574 124525 9 1
6453 134575 124525 9 1
6454 134576 124525 9 1
6455 134577 124525 9 1
6456 134578 124525 9 1
6457 134579 124525 9 1
6458 134580 124525 9 1
6459 134581 124525 9 1
6460 134582 124525 9 1
6461 134583 124525 9 1
6462 134584 124525 9 1
6463 134585 124525 9 1
6464 134586 124525 9 1
6465 134587 124525 9 1
6466 134588 124525 9 1
6467 140682 130447 12 1
6468 140683 130447 12 1
6469 140684 130447 12 1
6470 140685 130447 12 1
6471 140686 130447 12 1
6472 134594 124525 9 1
6473 140688 130447 12 1
6474 140689 130447 12 1
6475 140690 130447 12 1
6476 140691 130447 12 1
6477 140692 130447 12 1
6478 140693 130447 12 1
6479 134601 124525 9 1
6480 140695 130447 12 1
6481 140696 130447 12 1
6482 140697 130447 12 1
6483 140698 130447 12 1
6484 140699 130447 12 1
6485 140700 130447 12 1
6486 140701 130447 12 1
6487 140702 130447 12 1
6488 140703 130447 12 1
6489 140704 130447 12 1
6490 140705 130447 12 1
6491 140706 130447 12 1
6492 140707 130447 12 1
6493 140708 130447 12 1
6494 140709 130447 12 1
6495 140710 130447 12 1
6496 140711 130447 12 1
6497 140712 130447 12 1
6498 140713 130447 12 1
6499 140714 130447 12 1
6500 140715 130447 12 1
6501 140716 130447 12 1
6502 140717 130447 12 1
6503 140718 130447 12 1
6504 140719 130447 12 1
6505 140720 130447 12 1
6506 140721 130447 12 1
6507 140722 130447 12 1
6508 140723 130447 12 1
6509 140724 130447 12 1
6510 140725 130447 12 1
6511 140726 130447 12 1
6512 140727 130447 12 1
6513 140728 130447 12 1
6514 140729 130447 12 1
6515 140730 130447 12 1
6516 140731 130447 12 1
6517 140732 130447 12 1
6518 140733 130447 12 1
6519 140734 130447 12 1
6520 140735 130447 12 1
6521 140736 130447 12 1
6522 140737 130447 12 1
6523 140738 130447 12 1
6524 140739 130447 12 1
6525 140740 130447 12 1
6526 140741 130447 12 1
6527 140742 130447 12 1
6528 140743 130447 12 1
6529 140744 130447 12 1
6530 140745 130447 12 1
6531 140746 130447 12 1
6532 140747 130447 12 1
6533 140748 130447 12 1
6534 140749 130447 12 1
6535 140750 130447 12 1
6536 140751 130447 12 1
6537 140752 130447 12 1
6538 140753 130447 12 1
6539 140754 130447 12 1
6540 140755 130447 12 1
6541 140756 130447 12 1
6542 140757 130447 12 1
6543 140758 130447 12 1
6544 140759 130447 12 1
6545 140760 130447 12 1
6546 140761 130447 12 1
6547 140762 130447 12 1
6548 140763 130447 12 1
6549 140764 130447 12 1
6550 140765 130447 12 1
6551 140766 130447 12 1
6552 140767 130447 12 1
6553 140768 130447 12 1
6554 140769 130447 12 1
6555 140770 130447 12 1
6556 140771 130447 12 1
6557 140772 130447 12 1
6558 140773 130447 12 1
6559 140774 130447 12 1
6560 140775 130447 12 1
6561 140776 130447 12 1
6562 140777 130447 12 1
6563 140778 130447 12 1
6564 140779 130447 12 1
6565 140780 130447 12 1
6566 140781 130447 12 1
6567 140782 130447 12 1
6568 140783 130447 12 1
6569 140784 130447 12 1
6570 140785 130447 12 1
6571 140786 130447 12 1
6572 140787 130447 12 1
6573 140788 130447 12 1
6574 143306 132893 5 1
6575 140790 130447 12 1
6576 140791 130447 12 1
6577 140792 130447 12 1
6578 140793 130447 12 1
6579 140794 130447 12 1
6580 140795 130447 12 1
6581 143313 132893 5 1
6582 140797 130447 12 1
6583 143315 132893 5 1
6584 140799 130447 12 1
6585 143317 132893 5 1
6586 143318 132893 5 1
6587 143319 132893 5 1
6588 143320 132893 5 1
6589 143321 132893 5 1
6590 143322 132893 5 1
6591 143323 132893 5 1
6592 143324 132893 5 1
6593 143325 132893 5 1
6594 143326 132893 5 1
6595 143327 132893 5 1
6596 143328 132893 5 1
6597 143329 132893 5 1
6598 143330 132893 5 1
6599 143331 132893 5 1
6600 143332 132893 5 1
6601 143333 132893 5 1
6602 143334 132893 5 1
6603 143335 132893 5 1
6604 143336 132893 5 1
6605 143337 132893 5 1
6606 143338 132893 5 1
6607 143339 132893 5 1
6608 143340 132893 5 1
6609 143341 132893 5 1
6610 143342 132893 5 1
6611 143343 132893 5 1
6612 143344 132893 5 1
6613 143345 132893 5 1
6614 143346 132893 5 1
6615 143347 132893 5 1
6616 143348 132893 5 1
6617 143349 132893 5 1
6618 143350 132893 5 1
6619 143351 132893 5 1
6620 143352 132893 5 1
6621 143353 132893 5 1
6622 143354 132893 5 1
6623 143355 132893 5 1
6624 143356 132893 5 1
6625 143357 132893 5 1
6626 143358 132893 5 1
6627 143359 132893 5 1
6628 143360 132893 5 1
6629 143361 132893 5 1
6630 143362 132893 5 1
6631 143363 132893 5 1
6632 143364 132893 5 1
6633 143365 132893 5 1
6634 143366 132893 5 1
6635 143367 132893 5 1
6636 143368 132893 5 1
6637 143369 132893 5 1
6638 143370 132893 5 1
6639 143371 132893 5 1
6640 143372 132893 5 1
6641 143373 132893 5 1
6642 143374 132893 5 1
6643 143375 132893 5 1
6644 143376 132893 5 1
6645 143377 132893 5 1
6646 143378 132893 5 1
6647 143379 132893 5 1
6648 143380 132893 5 1
6649 143381 132893 5 1
6650 143382 132893 5 1
6651 143383 132893 5 1
6652 143384 132893 5 1
6653 143385 132893 5 1
6654 143386 132893 5 1
6655 143387 132893 5 1
6656 143388 132893 5 1
6657 143389 132893 5 1
6658 143390 132893 5 1
6659 143391 132893 5 1
6660 143392 132893 5 1
6661 143393 132893 5 1
6662 143394 132893 5 1
6663 143395 132893 5 1
6664 143396 132893 5 1
6665 143397 132893 5 1
6666 143398 132893 5 1
6667 143399 132893 5 1
6668 143400 132893 5 1
6669 143401 132893 5 1
6670 143402 132893 5 1
6671 143403 132893 5 1
6672 143404 132893 5 1
6673 143405 132893 5 1
6674 143406 132893 5 1
6675 143407 132893 5 1
6676 143408 132893 5 1
6677 143409 132893 5 1
6678 143410 132893 5 1
6679 143411 132893 5 1
6680 143412 132893 5 1
6681 143413 132893 5 1
6682 143414 132893 5 1
6683 143415 132893 5 1
6684 143416 132893 5 1
6685 143417 132893 5 1
6686 143418 132893 5 1
6687 143419 132893 5 1
6688 143420 132893 5 1
6689 143421 132893 5 1
6690 143422 132893 5 1
6691 143423 132893 5 1
6692 143424 132893 5 1
6693 143425 132893 5 1
6694 143426 132893 5 1
6695 143427 132893 5 1
6696 143428 132893 5 1
6697 143429 132893 5 1
6698 143430 132893 5 1
6699 143431 132893 5 1
6700 143432 132893 5 1
6701 143433 132893 5 1
6702 143434 132893 5 1
6703 143435 132893 5 1
6704 143436 132893 5 1
6705 143437 132893 5 1
6706 143438 132893 5 1
6707 143439 132893 5 1
6708 143440 132893 5 1
6709 148720 138024 10 1
6710 143442 132893 5 1
6711 143443 132893 5 1
6712 143444 132893 5 1
6713 143445 132893 5 1
6714 143446 132893 5 1
6715 143447 132893 5 1
6716 148727 138024 10 1
6717 148728 138024 10 1
6718 143450 132893 5 1
6719 143451 132893 5 1
6720 143452 132893 5 1
6721 143453 132893 5 1
6722 143454 132893 5 1
6723 148734 138024 10 1
6724 143456 132893 5 1
6725 148736 138024 10 1
6726 148737 138024 10 1
6727 148738 138024 10 1
6728 148739 138024 10 1
6729 148740 138024 10 1
6730 148741 138024 10 1
6731 148742 138024 10 1
6732 143464 132893 5 1
6733 143465 132893 5 1
6734 143466 132893 5 1
6735 143467 132893 5 1
6736 148747 138024 10 1
6737 143469 132893 5 1
6738 148749 138024 10 1
6739 147792 137093 12 1
6740 147793 137093 12 1
6741 148752 138024 10 1
6742 147795 137093 12 1
6743 147796 137093 12 1
6744 147797 137093 12 1
6745 147798 137093 12 1
6746 148757 138024 10 1
6747 148758 138024 10 1
6748 147801 137093 12 1
6749 148760 138024 10 1
6750 148761 138024 10 1
6751 148762 138024 10 1
6752 148763 138024 10 1
6753 148764 138024 10 1
6754 148765 138024 10 1
6755 148766 138024 10 1
6756 148767 138024 10 1
6757 148768 138024 10 1
6758 148769 138024 10 1
6759 148770 138024 10 1
6760 148771 138024 10 1
6761 148772 138024 10 1
6762 148773 138024 10 1
6763 148774 138024 10 1
6764 148775 138024 10 1
6765 148776 138024 10 1
6766 148777 138024 10 1
6767 148778 138024 10 1
6768 148779 138024 10 1
6769 148780 138024 10 1
6770 148781 138024 10 1
6771 148782 138024 10 1
6772 148783 138024 10 1
6773 148784 138024 10 1
6774 148785 138024 10 1
6775 148786 138024 10 1
6776 148787 138024 10 1
6777 148788 138024 10 1
6778 148789 138024 10 1
6779 148790 138024 10 1
6780 148791 138024 10 1
6781 148792 138024 10 1
6782 148793 138024 10 1
6783 148794 138024 10 1
6784 148795 138024 10 1
6785 148796 138024 10 1
6786 148797 138024 10 1
6787 148798 138024 10 1
6788 148799 138024 10 1
6789 148800 138024 10 1
6790 148801 138024 10 1
6791 148802 138024 10 1
6792 148803 138024 10 1
6793 148804 138024 10 1
6794 148805 138024 10 1
6795 148806 138024 10 1
6796 148807 138024 10 1
6797 148808 138024 10 1
6798 148809 138024 10 1
6799 148810 138024 10 1
6800 148811 138024 10 1
6801 148812 138024 10 1
6802 148813 138024 10 1
6803 148814 138024 10 1
6804 148815 138024 10 1
6805 148816 138024 10 1
6806 148817 138024 10 1
6807 148818 138024 10 1
6808 148819 138024 10 1
6809 148820 138024 10 1
6810 148821 138024 10 1
6811 148822 138024 10 1
6812 148823 138024 10 1
6813 148824 138024 10 1
6814 148825 138024 10 1
6815 148826 138024 10 1
6816 148827 138024 10 1
6817 148828 138024 10 1
6818 148829 138024 10 1
6819 148830 138024 10 1
6820 148831 138024 10 1
6821 148832 138024 10 1
6822 148833 138024 10 1
6823 148834 138024 10 1
6824 148835 138024 10 1
6825 148836 138024 10 1
6826 148837 138024 10 1
6827 148838 138024 10 1
6828 148839 138024 10 1
6829 148840 138024 10 1
6830 148841 138024 10 1
6831 148842 138024 10 1
6832 148843 138024 10 1
6833 148844 138024 10 1
6834 148845 138024 10 1
6835 148846 138024 10 1
6836 148847 138024 10 1
6837 148848 138024 10 1
6838 148849 138024 10 1
6839 148850 138024 10 1
6840 148851 138024 10 1
6841 148852 138024 10 1
6842 148853 138024 10 1
6843 148854 138024 10 1
6844 148855 138024 10 1
6845 148856 138024 10 1
6846 148857 138024 10 1
6847 148858 138024 10 1
6848 148859 138024 10 1
6849 148860 138024 10 1
6850 148861 138024 10 1
6851 148862 138024 10 1
6852 148863 138024 10 1
6853 148864 138024 10 1
6854 148865 138024 10 1
6855 148866 138024 10 1
6856 148867 138024 10 1
6857 148868 138024 10 1
6858 148869 138024 10 1
6859 148870 138024 10 1
6860 148871 138024 10 1
6861 148872 138024 10 1
6862 148873 138024 10 1
6863 148874 138024 10 1
6864 148875 138024 10 1
6865 148876 138024 10 1
6866 148877 138024 10 1
6867 148878 138024 10 1
6868 148879 138024 10 1
6869 148880 138024 10 1
6870 148881 138024 10 1
6871 148882 138024 10 1
6872 148883 138024 10 1
6873 148884 138024 10 1
6874 151397 140465 3 1
6875 148886 138024 10 1
6876 148887 138024 10 1
6877 148888 138024 10 1
6878 148889 138024 10 1
6879 151402 140465 3 1
6880 148891 138024 10 1
6881 148892 138024 10 1
6882 148893 138024 10 1
6883 148894 138024 10 1
6884 148895 138024 10 1
6885 148896 138024 10 1
6886 148897 138024 10 1
6887 148898 138024 10 1
6888 148899 138024 10 1
6889 148900 138024 10 1
6890 148901 138024 10 1
6891 148902 138024 10 1
6892 148903 138024 10 1
6893 148904 138024 10 1
6894 148905 138024 10 1
6895 148906 138024 10 1
6896 151419 140465 3 1
6897 148908 138024 10 1
6898 148909 138024 10 1
6899 148910 138024 10 1
6900 151423 140465 3 1
6901 148912 138024 10 1
6902 151425 140465 3 1
6903 151426 140465 3 1
6904 148915 138024 10 1
6905 148916 138024 10 1
6906 148917 138024 10 1
6907 148918 138024 10 1
6908 148919 138024 10 1
6909 148920 138024 10 1
6910 148921 138024 10 1
6911 148922 138024 10 1
6912 148923 138024 10 1
6913 148924 138024 10 1
6914 148925 138024 10 1
6915 148926 138024 10 1
6916 148927 138024 10 1
6917 148928 138024 10 1
6918 148929 138024 10 1
6919 148930 138024 10 1
6920 148931 138024 10 1
6921 148932 138024 10 1
6922 148933 138024 10 1
6923 148934 138024 10 1
6924 151447 140465 3 1
6925 151448 140465 3 1
6926 148937 138024 10 1
6927 151450 140465 3 1
6928 151451 140465 3 1
6929 151452 140465 3 1
6930 151453 140465 3 1
6931 148942 138024 10 1
6932 151455 140465 3 1
6933 151456 140465 3 1
6934 151457 140465 3 1
6935 151458 140465 3 1
6936 151459 140465 3 1
6937 151460 140465 3 1
6938 151461 140465 3 1
6939 151462 140465 3 1
6940 151463 140465 3 1
6941 151464 140465 3 1
6942 151465 140465 3 1
6943 151466 140465 3 1
6944 151467 140465 3 1
6945 151468 140465 3 1
6946 151469 140465 3 1
6947 151470 140465 3 1
6948 151471 140465 3 1
6949 151472 140465 3 1
6950 151473 140465 3 1
6951 151474 140465 3 1
6952 151475 140465 3 1
6953 151476 140465 3 1
6954 151477 140465 3 1
6955 151478 140465 3 1
6956 151479 140465 3 1
6957 151480 140465 3 1
6958 151481 140465 3 1
6959 148970 138024 10 1
6960 151483 140465 3 1
6961 148972 138024 10 1
6962 151485 140465 3 1
6963 151486 140465 3 1
6964 151487 140465 3 1
6965 148976 138024 10 1
6966 151489 140465 3 1
6967 151490 140465 3 1
6968 151491 140465 3 1
6969 151492 140465 3 1
6970 151493 140465 3 1
6971 151494 140465 3 1
6972 151495 140465 3 1
6973 154645 143526 10 1
6974 151497 140465 3 1
6975 151498 140465 3 1
6976 151499 140465 3 1
6977 151500 140465 3 1
6978 151501 140465 3 1
6979 151502 140465 3 1
6980 151503 140465 3 1
6981 151504 140465 3 1
6982 151505 140465 3 1
6983 151506 140465 3 1
6984 151507 140465 3 1
6985 151508 140465 3 1
6986 151509 140465 3 1
6987 151510 140465 3 1
6988 154660 143526 10 1
6989 151512 140465 3 1
6990 151513 140465 3 1
6991 151514 140465 3 1
6992 151515 140465 3 1
6993 151516 140465 3 1
6994 151517 140465 3 1
6995 151518 140465 3 1
6996 151519 140465 3 1
6997 151520 140465 3 1
6998 151521 140465 3 1
6999 151522 140465 3 1
7000 151523 140465 3 1
7001 151524 140465 3 1
7002 151525 140465 3 1
7003 151526 140465 3 1
7004 151527 140465 3 1
7005 151528 140465 3 1
7006 151529 140465 3 1
7007 151530 140465 3 1
7008 151531 140465 3 1
7009 151532 140465 3 1
7010 151533 140465 3 1
7011 151534 140465 3 1
7012 151535 140465 3 1
7013 151536 140465 3 1
7014 151537 140465 3 1
7015 151538 140465 3 1
7016 151539 140465 3 1
7017 151540 140465 3 1
7018 151541 140465 3 1
7019 151542 140465 3 1
7020 151543 140465 3 1
7021 151544 140465 3 1
7022 151545 140465 3 1
7023 151546 140465 3 1
7024 151547 140465 3 1
7025 151548 140465 3 1
7026 151549 140465 3 1
7027 151550 140465 3 1
7028 151551 140465 3 1
7029 151552 140465 3 1
7030 151553 140465 3 1
7031 151554 140465 3 1
7032 151555 140465 3 1
7033 151556 140465 3 1
7034 151557 140465 3 1
7035 151558 140465 3 1
7036 151559 140465 3 1
7037 151560 140465 3 1
7038 151561 140465 3 1
7039 151562 140465 3 1
7040 151563 140465 3 1
7041 151564 140465 3 1
7042 151565 140465 3 1
7043 151566 140465 3 1
7044 151567 140465 3 1
7045 151568 140465 3 1
7046 151569 140465 3 1
7047 151570 140465 3 1
7048 151571 140465 3 1
7049 151572 140465 3 1
7050 157536 146261 10 1
7051 151574 140465 3 1
7052 151575 140465 3 1
7053 151576 140465 3 1
7054 157540 146261 10 1
7055 151578 140465 3 1
7056 151579 140465 3 1
7057 151580 140465 3 1
7058 151581 140465 3 1
7059 151582 140465 3 1
7060 151583 140465 3 1
7061 151584 140465 3 1
7062 151585 140465 3 1
7063 157549 146261 10 1
7064 151587 140465 3 1
7065 157551 146261 10 1
7066 157552 146261 10 1
7067 151590 140465 3 1
7068 157554 146261 10 1
7069 157555 146261 10 1
7070 157556 146261 10 1
7071 151594 140465 3 1
7072 151595 140465 3 1
7073 151596 140465 3 1
7074 157560 146261 10 1
7075 157561 146261 10 1
7076 157562 146261 10 1
7077 157563 146261 10 1
7078 157564 146261 10 1
7079 157565 146261 10 1
7080 157566 146261 10 1
7081 157567 146261 10 1
7082 157568 146261 10 1
7083 157569 146261 10 1
7084 157570 146261 10 1
7085 157571 146261 10 1
7086 157572 146261 10 1
7087 157573 146261 10 1
7088 157574 146261 10 1
7089 157575 146261 10 1
7090 157576 146261 10 1
7091 157577 146261 10 1
7092 157578 146261 10 1
7093 157579 146261 10 1
7094 157580 146261 10 1
7095 157581 146261 10 1
7096 157582 146261 10 1
7097 157583 146261 10 1
7098 157584 146261 10 1
7099 157585 146261 10 1
7100 157586 146261 10 1
7101 157587 146261 10 1
7102 157588 146261 10 1
7103 157589 146261 10 1
7104 157590 146261 10 1
7105 157591 146261 10 1
7106 157592 146261 10 1
7107 157593 146261 10 1
7108 157594 146261 10 1
7109 157595 146261 10 1
7110 157596 146261 10 1
7111 157597 146261 10 1
7112 157598 146261 10 1
7113 157599 146261 10 1
7114 157600 146261 10 1
7115 157601 146261 10 1
7116 154788 143526 10 1
7117 154789 143526 10 1
7118 154790 143526 10 1
7119 154791 143526 10 1
7120 157606 146261 10 1
7121 154793 143526 10 1
7122 157608 146261 10 1
7123 154795 143526 10 1
7124 154796 143526 10 1
7125 154797 143526 10 1
7126 157612 146261 10 1
7127 154799 143526 10 1
7128 157614 146261 10 1
7129 154801 143526 10 1
7130 157616 146261 10 1
7131 157617 146261 10 1
7132 154804 143526 10 1
7133 157619 146261 10 1
7134 154806 143526 10 1
7135 157621 146261 10 1
7136 154808 143526 10 1
7137 154809 143526 10 1
7138 157624 146261 10 1
7139 154811 143526 10 1
7140 154812 143526 10 1
7141 154813 143526 10 1
7142 154814 143526 10 1
7143 154815 143526 10 1
7144 154816 143526 10 1
7145 154817 143526 10 1
7146 157632 146261 10 1
7147 154819 143526 10 1
7148 154820 143526 10 1
7149 154821 143526 10 1
7150 154822 143526 10 1
7151 154823 143526 10 1
7152 154824 143526 10 1
7153 154825 143526 10 1
7154 154826 143526 10 1
7155 154827 143526 10 1
7156 157642 146261 10 1
7157 157643 146261 10 1
7158 154830 143526 10 1
7159 154831 143526 10 1
7160 157646 146261 10 1
7161 157647 146261 10 1
7162 154834 143526 10 1
7163 154835 143526 10 1
7164 154836 143526 10 1
7165 154837 143526 10 1
7166 157652 146261 10 1
7167 154839 143526 10 1
7168 157654 146261 10 1
7169 157655 146261 10 1
7170 154842 143526 10 1
7171 154843 143526 10 1
7172 154844 143526 10 1
7173 154845 143526 10 1
7174 157660 146261 10 1
7175 157661 146261 10 1
7176 157662 146261 10 1
7177 154849 143526 10 1
7178 157664 146261 10 1
7179 157665 146261 10 1
7180 157666 146261 10 1
7181 154853 143526 10 1
7182 157668 146261 10 1
7183 157669 146261 10 1
7184 157670 146261 10 1
7185 157671 146261 10 1
7186 157672 146261 10 1
7187 157673 146261 10 1
7188 157674 146261 10 1
7189 157675 146261 10 1
7190 154862 143526 10 1
7191 157677 146261 10 1
7192 157678 146261 10 1
7193 157679 146261 10 1
7194 157680 146261 10 1
7195 157681 146261 10 1
7196 157682 146261 10 1
7197 157683 146261 10 1
7198 157684 146261 10 1
7199 157685 146261 10 1
7200 157686 146261 10 1
7201 157687 146261 10 1
7202 157688 146261 10 1
7203 157689 146261 10 1
7204 157690 146261 10 1
7205 157691 146261 10 1
7206 157692 146261 10 1
7207 157693 146261 10 1
7208 157694 146261 10 1
7209 157695 146261 10 1
7210 157696 146261 10 1
7211 157697 146261 10 1
7212 157698 146261 10 1
7213 157699 146261 10 1
7214 157700 146261 10 1
7215 157701 146261 10 1
7216 157702 146261 10 1
7217 157703 146261 10 1
7218 157704 146261 10 1
7219 157705 146261 10 1
7220 157706 146261 10 1
7221 157707 146261 10 1
7222 157708 146261 10 1
7223 157709 146261 10 1
7224 157710 146261 10 1
7225 157711 146261 10 1
7226 157712 146261 10 1
7227 157713 146261 10 1
7228 157714 146261 10 1
7229 157715 146261 10 1
7230 157716 146261 10 1
7231 157717 146261 10 1
7232 157718 146261 10 1
7233 157719 146261 10 1
7234 157720 146261 10 1
7235 157721 146261 10 1
7236 157722 146261 10 1
7237 157723 146261 10 1
7238 157724 146261 10 1
7239 157725 146261 10 1
7240 156387 144959 2 1
7241 156388 144959 2 1
7242 157728 146261 10 1
7243 156390 144959 2 1
7244 156391 144959 2 1
7245 156392 144959 2 1
7246 156393 144959 2 1
7247 156394 144959 2 1
7248 156395 144959 2 1
7249 156396 144959 2 1
7250 157736 146261 10 1
7251 156398 144959 2 1
7252 157738 146261 10 1
7253 156400 144959 2 1
7254 156401 144959 2 1
7255 157741 146261 10 1
7256 157742 146261 10 1
7257 156404 144959 2 1
7258 156405 144959 2 1
7259 157745 146261 10 1
7260 157746 146261 10 1
7261 157747 146261 10 1
7262 157748 146261 10 1
7263 157749 146261 10 1
7264 157750 146261 10 1
7265 157751 146261 10 1
7266 157752 146261 10 1
7267 157753 146261 10 1
7268 156415 144959 2 1
7269 157755 146261 10 1
7270 156417 144959 2 1
7271 156418 144959 2 1
7272 157758 146261 10 1
7273 157759 146261 10 1
7274 156421 144959 2 1
7275 156422 144959 2 1
7276 156423 144959 2 1
7277 156424 144959 2 1
7278 156425 144959 2 1
7279 157765 146261 10 1
7280 157766 146261 10 1
7281 156428 144959 2 1
7282 156429 144959 2 1
7283 156430 144959 2 1
7284 156431 144959 2 1
7285 156432 144959 2 1
7286 157772 146261 10 1
7287 157773 146261 10 1
7288 156435 144959 2 1
7289 156436 144959 2 1
7290 156437 144959 2 1
7291 156438 144959 2 1
7292 157778 146261 10 1
7293 157779 146261 10 1
7294 156441 144959 2 1
7295 156442 144959 2 1
7296 156443 144959 2 1
7297 156444 144959 2 1
7298 156445 144959 2 1
7299 156446 144959 2 1
7300 156447 144959 2 1
7301 156448 144959 2 1
7302 156449 144959 2 1
7303 156450 144959 2 1
7304 156451 144959 2 1
7305 156452 144959 2 1
7306 156453 144959 2 1
7307 156454 144959 2 1
7308 156455 144959 2 1
7309 156456 144959 2 1
7310 156457 144959 2 1
7311 156458 144959 2 1
7312 156459 144959 2 1
7313 156460 144959 2 1
7314 156461 144959 2 1
7315 156462 144959 2 1
7316 156463 144959 2 1
7317 156464 144959 2 1
7318 156465 144959 2 1
7319 156466 144959 2 1
7320 156467 144959 2 1
7321 156468 144959 2 1
7322 156469 144959 2 1
7323 156470 144959 2 1
7324 156471 144959 2 1
7325 156472 144959 2 1
7326 156473 144959 2 1
7327 156474 144959 2 1
7328 156475 144959 2 1
7329 156476 144959 2 1
7330 156477 144959 2 1
7331 156478 144959 2 1
7332 156479 144959 2 1
7333 156480 144959 2 1
7334 156481 144959 2 1
7335 156482 144959 2 1
7336 156483 144959 2 1
7337 156484 144959 2 1
7338 156485 144959 2 1
7339 156486 144959 2 1
7340 156487 144959 2 1
7341 156488 144959 2 1
7342 156489 144959 2 1
7343 156490 144959 2 1
7344 156491 144959 2 1
7345 156492 144959 2 1
7346 156493 144959 2 1
7347 156494 144959 2 1
7348 156495 144959 2 1
7349 156496 144959 2 1
7350 156497 144959 2 1
7351 156498 144959 2 1
7352 156499 144959 2 1
7353 156500 144959 2 1
7354 156501 144959 2 1
7355 156502 144959 2 1
7356 156503 144959 2 1
7357 156504 144959 2 1
7358 156505 144959 2 1
7359 156506 144959 2 1
7360 156507 144959 2 1
7361 156508 144959 2 1
7362 156509 144959 2 1
7363 156510 144959 2 1
7364 156511 144959 2 1
7365 156512 144959 2 1
7366 156513 144959 2 1
7367 156514 144959 2 1
7368 156515 144959 2 1
7369 156516 144959 2 1
7370 156517 144959 2 1
7371 156518 144959 2 1
7372 156519 144959 2 1
7373 156520 144959 2 1
7374 156521 144959 2 1
7375 156522 144959 2 1
7376 156523 144959 2 1
7377 156524 144959 2 1
7378 156525 144959 2 1
7379 156526 144959 2 1
7380 156527 144959 2 1
7381 156528 144959 2 1
7382 156529 144959 2 1
7383 156530 144959 2 1
7384 156531 144959 2 1
7385 156532 144959 2 1
7386 156533 144959 2 1
7387 156534 144959 2 1
7388 156535 144959 2 1
7389 156536 144959 2 1
7390 156537 144959 2 1
7391 156538 144959 2 1
7392 156539 144959 2 1
7393 156540 144959 2 1
7394 156541 144959 2 1
7395 156542 144959 2 1
7396 156543 144959 2 1
7397 156544 144959 2 1
7398 156545 144959 2 1
7399 156546 144959 2 1
7400 156547 144959 2 1
7401 156548 144959 2 1
7402 156549 144959 2 1
7403 156550 144959 2 1
7404 156551 144959 2 1
7405 156552 144959 2 1
7406 156553 144959 2 1
7407 158696 147041 3 1
7408 156555 144959 2 1
7409 158698 147041 3 1
7410 158699 147041 3 1
7411 156558 144959 2 1
7412 158701 147041 3 1
7413 158702 147041 3 1
7414 158703 147041 3 1
7415 158704 147041 3 1
7416 158705 147041 3 1
7417 158706 147041 3 1
7418 158707 147041 3 1
7419 158708 147041 3 1
7420 158709 147041 3 1
7421 158710 147041 3 1
7422 158711 147041 3 1
7423 158712 147041 3 1
7424 158713 147041 3 1
7425 158714 147041 3 1
7426 158715 147041 3 1
7427 158716 147041 3 1
7428 158717 147041 3 1
7429 158718 147041 3 1
7430 158719 147041 3 1
7431 158720 147041 3 1
7432 158721 147041 3 1
7433 158722 147041 3 1
7434 158723 147041 3 1
7435 158724 147041 3 1
7436 158725 147041 3 1
7437 158726 147041 3 1
7438 158727 147041 3 1
7439 158728 147041 3 1
7440 158729 147041 3 1
7441 158730 147041 3 1
7442 158731 147041 3 1
7443 158732 147041 3 1
7444 158733 147041 3 1
7445 158734 147041 3 1
7446 158735 147041 3 1
7447 158736 147041 3 1
7448 158737 147041 3 1
7449 158738 147041 3 1
7450 158739 147041 3 1
7451 158740 147041 3 1
7452 158741 147041 3 1
7453 158742 147041 3 1
7454 158743 147041 3 1
7455 158744 147041 3 1
7456 158745 147041 3 1
7457 158746 147041 3 1
7458 158747 147041 3 1
7459 158748 147041 3 1
7460 158749 147041 3 1
7461 158750 147041 3 1
7462 158751 147041 3 1
7463 158752 147041 3 1
7464 158753 147041 3 1
7465 158754 147041 3 1
7466 158755 147041 3 1
7467 158756 147041 3 1
7468 158757 147041 3 1
7469 158758 147041 3 1
7470 158759 147041 3 1
7471 158760 147041 3 1
7472 158761 147041 3 1
7473 158762 147041 3 1
7474 158763 147041 3 1
7475 158764 147041 3 1
7476 158765 147041 3 1
7477 158766 147041 3 1
7478 158767 147041 3 1
7479 158768 147041 3 1
7480 158769 147041 3 1
7481 158770 147041 3 1
7482 158771 147041 3 1
7483 158772 147041 3 1
7484 158773 147041 3 1
7485 158774 147041 3 1
7486 158775 147041 3 1
7487 158776 147041 3 1
7488 158777 147041 3 1
7489 158778 147041 3 1
7490 158779 147041 3 1
7491 158780 147041 3 1
7492 158781 147041 3 1
7493 158782 147041 3 1
7494 158783 147041 3 1
7495 158784 147041 3 1
7496 158785 147041 3 1
7497 158786 147041 3 1
7498 158787 147041 3 1
7499 158788 147041 3 1
7500 158789 147041 3 1
7501 158790 147041 3 1
7502 158791 147041 3 1
7503 158792 147041 3 1
7504 158793 147041 3 1
7505 158794 147041 3 1
7506 158795 147041 3 1
7507 158796 147041 3 1
7508 158797 147041 3 1
7509 158798 147041 3 1
7510 158799 147041 3 1
7511 158800 147041 3 1
7512 158801 147041 3 1
7513 158802 147041 3 1
7514 158803 147041 3 1
7515 158804 147041 3 1
7516 158805 147041 3 1
7517 158806 147041 3 1
7518 158807 147041 3 1
7519 158808 147041 3 1
7520 158809 147041 3 1
7521 158810 147041 3 1
7522 158811 147041 3 1
7523 158812 147041 3 1
7524 158813 147041 3 1
7525 158814 147041 3 1
7526 158815 147041 3 1
7527 158816 147041 3 1
7528 158817 147041 3 1
7529 158818 147041 3 1
7530 158819 147041 3 1
7531 158820 147041 3 1
7532 158821 147041 3 1
7533 158822 147041 3 1
7534 158823 147041 3 1
7535 158824 147041 3 1
7536 158825 147041 3 1
7537 158826 147041 3 1
7538 158827 147041 3 1
7539 158828 147041 3 1
7540 158829 147041 3 1
7541 158830 147041 3 1
7542 158831 147041 3 1
7543 158832 147041 3 1
7544 158833 147041 3 1
7545 158834 147041 3 1
7546 158835 147041 3 1
7547 158836 147041 3 1
7548 158837 147041 3 1
7549 158838 147041 3 1
7550 158839 147041 3 1
7551 158840 147041 3 1
7552 158841 147041 3 1
7553 158842 147041 3 1
7554 158843 147041 3 1
7555 158844 147041 3 1
7556 158845 147041 3 1
7557 158846 147041 3 1
7558 158847 147041 3 1
7559 158848 147041 3 1
7560 158849 147041 3 1
7561 158850 147041 3 1
7562 158851 147041 3 1
7563 158852 147041 3 1
7564 158853 147041 3 1
7565 158854 147041 3 1
7566 158855 147041 3 1
7567 158856 147041 3 1
7568 158857 147041 3 1
7569 158858 147041 3 1
7570 158859 147041 3 1
7571 158860 147041 3 1
7572 158861 147041 3 1
7573 158862 147041 3 1
7574 158863 147041 3 1
7575 158864 147041 3 1
7576 158865 147041 3 1
7577 158866 147041 3 1
7578 158867 147041 3 1
7579 158868 147041 3 1
7580 158869 147041 3 1
7581 158870 147041 3 1
7582 158871 147041 3 1
7583 164657 152664 9 1
7584 158873 147041 3 1
7585 158874 147041 3 1
7586 158875 147041 3 1
7587 158876 147041 3 1
7588 158877 147041 3 1
7589 158878 147041 3 1
7590 164664 152664 9 1
7591 158880 147041 3 1
7592 158881 147041 3 1
7593 164667 152664 9 1
7594 164668 152664 9 1
7595 158884 147041 3 1
7596 158885 147041 3 1
7597 158886 147041 3 1
7598 158887 147041 3 1
7599 164673 152664 9 1
7600 164674 152664 9 1
7601 164675 152664 9 1
7602 164676 152664 9 1
7603 164677 152664 9 1
7604 164678 152664 9 1
7605 164679 152664 9 1
7606 164680 152664 9 1
7607 164681 152664 9 1
7608 164682 152664 9 1
7609 164683 152664 9 1
7610 164684 152664 9 1
7611 164685 152664 9 1
7612 164686 152664 9 1
7613 164687 152664 9 1
7614 164688 152664 9 1
7615 164689 152664 9 1
7616 164690 152664 9 1
7617 164691 152664 9 1
7618 164692 152664 9 1
7619 164693 152664 9 1
7620 164694 152664 9 1
7621 158910 147041 3 1
7622 164696 152664 9 1
7623 158912 147041 3 1
7624 164698 152664 9 1
7625 164699 152664 9 1
7626 158915 147041 3 1
7627 158916 147041 3 1
7628 158917 147041 3 1
7629 166769 154672 10 1
7630 166770 154672 10 1
7631 166771 154672 10 1
7632 166772 154672 10 1
7633 158922 147041 3 1
7634 158923 147041 3 1
7635 166775 154672 10 1
7636 166776 154672 10 1
7637 166777 154672 10 1
7638 166778 154672 10 1
7639 164713 152664 9 1
7640 164714 152664 9 1
7641 164715 152664 9 1
7642 158931 147041 3 1
7643 158932 147041 3 1
7644 158933 147041 3 1
7645 158934 147041 3 1
7646 158935 147041 3 1
7647 166787 154672 10 1
7648 164722 152664 9 1
7649 166789 154672 10 1
7650 158939 147041 3 1
7651 166791 154672 10 1
7652 158941 147041 3 1
7653 158942 147041 3 1
7654 158943 147041 3 1
7655 164729 152664 9 1
7656 164730 152664 9 1
7657 164731 152664 9 1
7658 158947 147041 3 1
7659 166799 154672 10 1
7660 166800 154672 10 1
7661 166801 154672 10 1
7662 166802 154672 10 1
7663 166803 154672 10 1
7664 166804 154672 10 1
7665 166805 154672 10 1
7666 166806 154672 10 1
7667 166807 154672 10 1
7668 166808 154672 10 1
7669 166809 154672 10 1
7670 166810 154672 10 1
7671 166811 154672 10 1
7672 166812 154672 10 1
7673 166813 154672 10 1
7674 166814 154672 10 1
7675 166815 154672 10 1
7676 166816 154672 10 1
7677 166817 154672 10 1
7678 166818 154672 10 1
7679 166819 154672 10 1
7680 166820 154672 10 1
7681 166821 154672 10 1
7682 166822 154672 10 1
7683 166823 154672 10 1
7684 166824 154672 10 1
7685 166825 154672 10 1
7686 166826 154672 10 1
7687 166827 154672 10 1
7688 166828 154672 10 1
7689 166829 154672 10 1
7690 166830 154672 10 1
7691 166831 154672 10 1
7692 166832 154672 10 1
7693 166833 154672 10 1
7694 166834 154672 10 1
7695 166835 154672 10 1
7696 166836 154672 10 1
7697 166837 154672 10 1
7698 166838 154672 10 1
7699 166839 154672 10 1
7700 166840 154672 10 1
7701 166841 154672 10 1
7702 166842 154672 10 1
7703 166843 154672 10 1
7704 166844 154672 10 1
7705 166845 154672 10 1
7706 166846 154672 10 1
7707 166847 154672 10 1
7708 166848 154672 10 1
7709 166849 154672 10 1
7710 166850 154672 10 1
7711 166851 154672 10 1
7712 166852 154672 10 1
7713 166853 154672 10 1
7714 166854 154672 10 1
7715 166855 154672 10 1
7716 166856 154672 10 1
7717 166857 154672 10 1
7718 166858 154672 10 1
7719 166859 154672 10 1
7720 166860 154672 10 1
7721 166861 154672 10 1
7722 166862 154672 10 1
7723 166863 154672 10 1
7724 166864 154672 10 1
7725 166865 154672 10 1
7726 166866 154672 10 1
7727 166867 154672 10 1
7728 166868 154672 10 1
7729 169182 156920 10 1
7730 169183 156920 10 1
7731 166871 154672 10 1
7732 166872 154672 10 1
7733 166873 154672 10 1
7734 166874 154672 10 1
7735 166875 154672 10 1
7736 166876 154672 10 1
7737 166877 154672 10 1
7738 166878 154672 10 1
7739 166879 154672 10 1
7740 166880 154672 10 1
7741 166881 154672 10 1
7742 166882 154672 10 1
7743 166883 154672 10 1
7744 169197 156920 10 1
7745 166885 154672 10 1
7746 169199 156920 10 1
7747 169200 156920 10 1
7748 169201 156920 10 1
7749 166889 154672 10 1
7750 166890 154672 10 1
7751 169204 156920 10 1
7752 166892 154672 10 1
7753 166893 154672 10 1
7754 166894 154672 10 1
7755 166895 154672 10 1
7756 169209 156920 10 1
7757 166897 154672 10 1
7758 166898 154672 10 1
7759 169212 156920 10 1
7760 169213 156920 10 1
7761 169214 156920 10 1
7762 169215 156920 10 1
7763 166903 154672 10 1
7764 169217 156920 10 1
7765 166905 154672 10 1
7766 166906 154672 10 1
7767 166907 154672 10 1
7768 169221 156920 10 1
7769 169222 156920 10 1
7770 169223 156920 10 1
7771 169224 156920 10 1
7772 169225 156920 10 1
7773 169226 156920 10 1
7774 169227 156920 10 1
7775 169228 156920 10 1
7776 169229 156920 10 1
7777 169230 156920 10 1
7778 169231 156920 10 1
7779 169232 156920 10 1
7780 169233 156920 10 1
7781 169234 156920 10 1
7782 169235 156920 10 1
7783 169236 156920 10 1
7784 169237 156920 10 1
7785 169238 156920 10 1
7786 169239 156920 10 1
7787 169240 156920 10 1
7788 169241 156920 10 1
7789 169242 156920 10 1
7790 169243 156920 10 1
7791 169244 156920 10 1
7792 169245 156920 10 1
7793 169246 156920 10 1
7794 169247 156920 10 1
7795 169248 156920 10 1
7796 169249 156920 10 1
7797 169250 156920 10 1
7798 169251 156920 10 1
7799 169252 156920 10 1
7800 169253 156920 10 1
7801 169254 156920 10 1
7802 169255 156920 10 1
7803 169256 156920 10 1
7804 169257 156920 10 1
7805 169258 156920 10 1
7806 169259 156920 10 1
7807 169260 156920 10 1
7808 169261 156920 10 1
7809 169262 156920 10 1
7810 169263 156920 10 1
7811 169264 156920 10 1
7812 169265 156920 10 1
7813 169266 156920 10 1
7814 169267 156920 10 1
7815 169268 156920 10 1
7816 169269 156920 10 1
7817 169270 156920 10 1
7818 169271 156920 10 1
7819 169272 156920 10 1
7820 169273 156920 10 1
7821 169274 156920 10 1
7822 169275 156920 10 1
7823 169276 156920 10 1
7824 169277 156920 10 1
7825 169278 156920 10 1
7826 169279 156920 10 1
7827 169280 156920 10 1
7828 169281 156920 10 1
7829 169282 156920 10 1
7830 169283 156920 10 1
7831 169284 156920 10 1
7832 169285 156920 10 1
7833 169286 156920 10 1
7834 169287 156920 10 1
7835 169288 156920 10 1
7836 169289 156920 10 1
7837 169290 156920 10 1
7838 169291 156920 10 1
7839 169292 156920 10 1
7840 169293 156920 10 1
7841 169294 156920 10 1
7842 169295 156920 10 1
7843 169296 156920 10 1
7844 169297 156920 10 1
7845 169298 156920 10 1
7846 169299 156920 10 1
7847 169300 156920 10 1
7848 169301 156920 10 1
7849 169302 156920 10 1
7850 169303 156920 10 1
7851 169304 156920 10 1
7852 169305 156920 10 1
7853 169306 156920 10 1
7854 169307 156920 10 1
7855 169308 156920 10 1
7856 169309 156920 10 1
7857 169310 156920 10 1
7858 169311 156920 10 1
7859 169312 156920 10 1
7860 169313 156920 10 1
7861 169314 156920 10 1
7862 169315 156920 10 1
7863 169316 156920 10 1
7864 169317 156920 10 1
7865 169318 156920 10 1
7866 169319 156920 10 1
7867 169320 156920 10 1
7868 169321 156920 10 1
7869 169322 156920 10 1
7870 169323 156920 10 1
7871 169324 156920 10 1
7872 169325 156920 10 1
7873 169326 156920 10 1
7874 169327 156920 10 1
7875 169328 156920 10 1
7876 169329 156920 10 1
7877 169330 156920 10 1
7878 169331 156920 10 1
7879 169332 156920 10 1
7880 169333 156920 10 1
7881 169334 156920 10 1
7882 169335 156920 10 1
7883 169336 156920 10 1
7884 169337 156920 10 1
7885 169338 156920 10 1
7886 169339 156920 10 1
7887 169340 156920 10 1
7888 169341 156920 10 1
7889 169342 156920 10 1
7890 169343 156920 10 1
7891 169344 156920 10 1
7892 169345 156920 10 1
7893 169346 156920 10 1
7894 169347 156920 10 1
7895 169348 156920 10 1
7896 169349 156920 10 1
7897 169350 156920 10 1
7898 169351 156920 10 1
7899 169352 156920 10 1
7900 169353 156920 10 1
7901 169354 156920 10 1
7902 169355 156920 10 1
7903 169356 156920 10 1
7904 169357 156920 10 1
7905 169358 156920 10 1
7906 169359 156920 10 1
7907 169360 156920 10 1
7908 169361 156920 10 1
7909 169362 156920 10 1
7910 169363 156920 10 1
7911 169364 156920 10 1
7912 169365 156920 10 1
7913 169366 156920 10 1
7914 169367 156920 10 1
7915 169368 156920 10 1
7916 169369 156920 10 1
7917 169370 156920 10 1
7918 169371 156920 10 1
7919 169372 156920 10 1
7920 169373 156920 10 1
7921 169374 156920 10 1
7922 169375 156920 10 1
7923 169376 156920 10 1
7924 169377 156920 10 1
7925 169378 156920 10 1
7926 169379 156920 10 1
7927 169380 156920 10 1
7928 169381 156920 10 1
7929 169382 156920 10 1
7930 169383 156920 10 1
7931 169384 156920 10 1
7932 169385 156920 10 1
7933 169386 156920 10 1
7934 169387 156920 10 1
7935 169388 156920 10 1
7936 169389 156920 10 1
7937 169390 156920 10 1
7938 169391 156920 10 1
7939 169392 156920 10 1
7940 169393 156920 10 1
7941 169394 156920 10 1
7942 169395 156920 10 1
7943 169396 156920 10 1
7944 169397 156920 10 1
7945 169398 156920 10 1
7946 169399 156920 10 1
7947 169400 156920 10 1
7948 169401 156920 10 1
7949 169402 156920 10 1
7950 169403 156920 10 1
7951 169404 156920 10 1
7952 169405 156920 10 1
7953 169406 156920 10 1
7954 169407 156920 10 1
7955 169408 156920 10 1
7956 169409 156920 10 1
7957 169410 156920 10 1
7958 169411 156920 10 1
7959 169412 156920 10 1
7960 169413 156920 10 1
7961 169414 156920 10 1
7962 169415 156920 10 1
7963 169416 156920 10 1
7964 169417 156920 10 1
7965 169418 156920 10 1
7966 169419 156920 10 1
7967 169420 156920 10 1
7968 169421 156920 10 1
7969 169422 156920 10 1
7970 169423 156920 10 1
7971 169424 156920 10 1
7972 169425 156920 10 1
7973 169426 156920 10 1
7974 169427 156920 10 1
7975 169428 156920 10 1
7976 169429 156920 10 1
7977 169430 156920 10 1
7978 169431 156920 10 1
7979 169432 156920 10 1
7980 169433 156920 10 1
7981 169434 156920 10 1
7982 169435 156920 10 1
7983 169436 156920 10 1
7984 169437 156920 10 1
7985 169438 156920 10 1
7986 169439 156920 10 1
7987 169440 156920 10 1
7988 169441 156920 10 1
7989 169442 156920 10 1
7990 169443 156920 10 1
7991 169444 156920 10 1
7992 169445 156920 10 1
7993 169446 156920 10 1
7994 169447 156920 10 1
7995 169448 156920 10 1
7996 169449 156920 10 1
7997 169450 156920 10 1
7998 169451 156920 10 1
7999 169452 156920 10 1
8000 169453 156920 10 1
