1 0 0 10 1
2 25 23 10 1
3 27 24 9 1
4 28 24 10 1
5 57 51 10 1
6 60 53 10 1
7 76 67 3 1
8 77 67 3 1
9 135 122 3 1
10 75 63 2 1
11 76 63 2 1
12 77 63 2 1
13 95 80 9 1
14 192 172 2 1
15 193 172 2 1
16 182 163 1085 642
17 195 172 2 1
18 184 163 1085 642
19 185 163 1085 642
20 375 343 3 1
21 473 437 9 1
22 474 437 9 1
23 503 464 8 1
24 647 602 9 1
25 505 464 8 1
26 648 601 8 1
27 524 480 3 1
28 606 558 2 1
29 383 342 3 1
30 652 601 8 1
31 510 463 7 1
32 427 382 8 1
33 428 382 8 1
34 612 558 2 1
35 487 437 9 1
36 705 646 3 1
37 489 437 9 1
38 690 630 8 1
39 617 558 2 1
40 692 630 8 1
41 921 850 8 1
42 620 558 2 1
43 621 558 2 1
44 622 558 2 1
45 697 630 8 1
46 668 601 8 1
47 699 630 8 1
48 700 630 8 1
49 701 630 8 1
50 702 630 8 1
51 931 850 8 1
52 704 630 8 1
53 705 630 8 1
54 934 850 8 1
55 935 850 8 1
56 708 630 8 1
57 937 850 8 1
58 1052 960 8 1
59 1053 960 8 1
60 1714 1597 10 1
61 1200 1100 10 1
62 1102 1004 3 1
63 1200 1098 8 1
64 1401 1291 8 1
65 1719 1597 10 1
66 1720 1597 10 1
67 1204 1098 8 1
68 1205 1098 8 1
69 1406 1291 8 1
70 1724 1597 10 1
71 1408 1291 8 1
72 1426 1307 3 1
73 1769 1637 3 1
74 1728 1597 10 1
75 1729 1597 10 1
76 1730 1597 10 1
77 1731 1597 10 1
78 1732 1597 10 1
79 1733 1597 10 1
80 1434 1307 3 1
81 1892 1748 3 1
82 1778 1637 3 1
83 1763 1622 9 1
84 1738 1597 10 1
85 1781 1637 3 1
86 1766 1622 9 1
87 1898 1748 3 1
88 1899 1748 3 1
89 1769 1622 9 1
90 1770 1622 9 1
91 1771 1622 9 1
92 1788 1637 3 1
93 1773 1622 9 1
94 1905 1748 3 1
95 1775 1622 9 1
96 1792 1637 3 1
97 1908 1748 3 1
98 1909 1748 3 1
99 1910 1748 3 1
100 1780 1622 9 1
101 1912 1748 3 1
102 1782 1622 9 1
103 2086 1914 3 1
104 2372 2189 3 1
105 1785 1622 9 1
106 2089 1914 3 1
107 2090 1914 3 1
108 2091 1914 3 1
109 2226 2046 2380 642
110 2227 2046 2380 642
111 2379 2189 3 1
112 2380 2189 3 1
113 2381 2189 3 1
114 2231 2046 2380 642
115 2309 2118 8 1
116 2233 2046 2380 642
117 2234 2046 2380 642
118 2235 2046 2380 642
119 2102 1914 3 1
120 2237 2046 2380 642
121 2238 2046 2380 642
122 2239 2046 2380 642
123 2240 2046 2380 642
124 2107 1914 3 1
125 2108 1914 3 1
126 2243 2046 2380 642
127 2244 2046 2380 642
128 2322 2118 8 1
129 2246 2046 2380 642
130 2398 2189 3 1
131 2248 2046 2380 642
132 2249 2046 2380 642
133 2327 2118 8 1
134 2328 2118 8 1
135 2329 2118 8 1
136 2253 2046 2380 642
137 2976 2740 3 1
138 2977 2740 3 1
139 2333 2118 8 1
140 2979 2740 3 1
141 2980 2740 3 1
142 2981 2740 3 1
143 2982 2740 3 1
144 2940 2699 10 1
145 2984 2740 3 1
146 2985 2740 3 1
147 2986 2740 3 1
148 2944 2699 10 1
149 2945 2699 10 1
150 2946 2699 10 1
151 2990 2740 3 1
152 2346 2118 8 1
153 2992 2740 3 1
154 2993 2740 3 1
155 3006 2752 8 1
156 2350 2118 8 1
157 3008 2752 8 1
158 2954 2699 10 1
159 2955 2699 10 1
160 2956 2699 10 1
161 3210 2943 7 1
162 3211 2943 7 1
163 2959 2699 10 1
164 3015 2752 8 1
165 3016 2752 8 1
166 3017 2752 8 1
167 3216 2943 7 1
168 3019 2752 8 1
169 2965 2699 10 1
170 3021 2752 8 1
171 3022 2752 8 1
172 3221 2943 7 1
173 3222 2943 7 1
174 3025 2752 8 1
175 2971 2699 10 1
176 2972 2699 10 1
177 2973 2699 10 1
178 3029 2752 8 1
179 3030 2752 8 1
180 3802 3496 9 1
181 3032 2752 8 1
182 3804 3496 9 1
183 3805 3496 9 1
184 2980 2699 10 1
185 3807 3496 9 1
186 3808 3496 9 1
187 3809 3496 9 1
188 3810 3496 9 1
189 3498 3194 10 1
190 3812 3496 9 1
191 3781 3467 835 642
192 3814 3496 9 1
193 3502 3194 10 1
194 3503 3194 10 1
195 3817 3496 9 1
196 3505 3194 10 1
197 4104 3771 8 1
198 4105 3771 8 1
199 3821 3496 9 1
200 3822 3496 9 1
201 3850 3522 7 1
202 3792 3467 835 642
203 3793 3467 835 642
204 3794 3467 835 642
205 3854 3522 7 1
206 3796 3467 835 642
207 3856 3522 7 1
208 3857 3522 7 1
209 3858 3522 7 1
210 4477 4118 3 1
211 4478 4118 3 1
212 4119 3771 8 1
213 4480 4118 3 1
214 4481 4118 3 1
215 4574 4207 5 1
216 4483 4118 3 1
217 4576 4207 5 1
218 4485 4118 3 1
219 4578 4207 5 1
220 4579 4207 5 1
221 4488 4118 3 1
222 4489 4118 3 1
223 4490 4118 3 1
224 4583 4207 5 1
225 4584 4207 5 1
226 4585 4207 5 1
227 4494 4118 3 1
228 4587 4207 5 1
229 4588 4207 5 1
230 4497 4118 3 1
231 4498 4118 3 1
232 4591 4207 5 1
233 4592 4207 5 1
234 4593 4207 5 1
235 4502 4118 3 1
236 4595 4207 5 1
237 4596 4207 5 1
238 4597 4207 5 1
239 4598 4207 5 1
240 4599 4207 5 1
241 4600 4207 5 1
242 4601 4207 5 1
243 4510 4118 3 1
244 4603 4207 5 1
245 4512 4118 3 1
246 4513 4118 3 1
247 4514 4118 3 1
248 4515 4118 3 1
249 4516 4118 3 1
250 5072 4654 9 1
251 5010 4593 5 1
252 5074 4654 9 1
253 5075 4654 9 1
254 4521 4118 3 1
255 5014 4593 5 1
256 5015 4593 5 1
257 5016 4593 5 1
258 5017 4593 5 1
259 4618 4207 5 1
260 5019 4593 5 1
261 5083 4654 9 1
262 5021 4593 5 1
263 5085 4654 9 1
264 5086 4654 9 1
265 5087 4654 9 1
266 5088 4654 9 1
267 5089 4654 9 1
268 5090 4654 9 1
269 5091 4654 9 1
270 5092 4654 9 1
271 5093 4654 9 1
272 5094 4654 9 1
273 5095 4654 9 1
274 5096 4654 9 1
275 5097 4654 9 1
276 5098 4654 9 1
277 5099 4654 9 1
278 5100 4654 9 1
279 5464 5004 4 1
280 5587 5122 9 1
281 5588 5122 9 1
282 5589 5122 9 1
283 5105 4654 9 1
284 5106 4654 9 1
285 5107 4654 9 1
286 5108 4654 9 1
287 5594 5122 9 1
288 5595 5122 9 1
289 5474 5004 4 1
290 5597 5122 9 1
291 5113 4654 9 1
292 5599 5122 9 1
293 5600 5122 9 1
294 5601 5122 9 1
295 5602 5122 9 1
296 5603 5122 9 1
297 5604 5122 9 1
298 5483 5004 4 1
299 5606 5122 9 1
300 5485 5004 4 1
301 5608 5122 9 1
302 5609 5122 9 1
303 5610 5122 9 1
304 5611 5122 9 1
305 5612 5122 9 1
306 5613 5122 9 1
307 5614 5122 9 1
308 5615 5122 9 1
309 5616 5122 9 1
310 5617 5122 9 1
311 5618 5122 9 1
312 5619 5122 9 1
313 5498 5004 4 1
314 5621 5122 9 1
315 5622 5122 9 1
316 6223 5701 9 1
317 5624 5122 9 1
318 6225 5701 9 1
319 6226 5701 9 1
320 6227 5701 9 1
321 5506 5004 4 1
322 6229 5701 9 1
323 6230 5701 9 1
324 6231 5701 9 1
325 6232 5701 9 1
326 6233 5701 9 1
327 6234 5701 9 1
328 6235 5701 9 1
329 6236 5701 9 1
330 6237 5701 9 1
331 6238 5701 9 1
332 6239 5701 9 1
333 6240 5701 9 1
334 6783 6224 9 1
335 6242 5701 9 1
336 6243 5701 9 1
337 6244 5701 9 1
338 6245 5701 9 1
339 6246 5701 9 1
340 6247 5701 9 1
341 6248 5701 9 1
342 6791 6224 9 1
343 6250 5701 9 1
344 6251 5701 9 1
345 6794 6224 9 1
346 6795 6224 9 1
347 6254 5701 9 1
348 6797 6224 9 1
349 6798 6224 9 1
350 6799 6224 9 1
351 6800 6224 9 1
352 6801 6224 9 1
353 6802 6224 9 1
354 6803 6224 9 1
355 6804 6224 9 1
356 6805 6224 9 1
357 6806 6224 9 1
358 6807 6224 9 1
359 6808 6224 9 1
360 6809 6224 9 1
361 6810 6224 9 1
362 6811 6224 9 1
363 6812 6224 9 1
364 6813 6224 9 1
365 6814 6224 9 1
366 6815 6224 9 1
367 6959 6362 8 1
368 6817 6224 9 1
369 6818 6224 9 1
370 6819 6224 9 1
371 6963 6362 8 1
372 7604 6979 2 1
373 6822 6224 9 1
374 6823 6224 9 1
375 6824 6224 9 1
376 6825 6224 9 1
377 6826 6224 9 1
378 6827 6224 9 1
379 6971 6362 8 1
380 6829 6224 9 1
381 6973 6362 8 1
382 6974 6362 8 1
383 6975 6362 8 1
384 6833 6224 9 1
385 6834 6224 9 1
386 6978 6362 8 1
387 6836 6224 9 1
388 6980 6362 8 1
389 6981 6362 8 1
390 6982 6362 8 1
391 7640 6996 8 1
392 7624 6979 2 1
393 6985 6362 8 1
394 7626 6979 2 1
395 7627 6979 2 1
396 7628 6979 2 1
397 6989 6362 8 1
398 7782 7126 4 1
399 7631 6979 2 1
400 6992 6362 8 1
401 7650 6996 8 1
402 7634 6979 2 1
403 7635 6979 2 1
404 7636 6979 2 1
405 7637 6979 2 1
406 7655 6996 8 1
407 7656 6996 8 1
408 7640 6979 2 1
409 7641 6979 2 1
410 7642 6979 2 1
411 7643 6979 2 1
412 7796 7126 4 1
413 7645 6979 2 1
414 7663 6996 8 1
415 7647 6979 2 1
416 7648 6979 2 1
417 7649 6979 2 1
418 7650 6979 2 1
419 7651 6979 2 1
420 7652 6979 2 1
421 7653 6979 2 1
422 7654 6979 2 1
423 7655 6979 2 1
424 7656 6979 2 1
425 7657 6979 2 1
426 7810 7126 4 1
427 7811 7126 4 1
428 7660 6979 2 1
429 7661 6979 2 1
430 7814 7126 4 1
431 7663 6979 2 1
432 7664 6979 2 1
433 7665 6979 2 1
434 9252 8510 7 1
435 7819 7126 4 1
436 9254 8510 7 1
437 7669 6979 2 1
438 9256 8510 7 1
439 7671 6979 2 1
440 7672 6979 2 1
441 9259 8510 7 1
442 9260 8510 7 1
443 7675 6979 2 1
444 9262 8510 7 1
445 9263 8510 7 1
446 9264 8510 7 1
447 9265 8510 7 1
448 9266 8510 7 1
449 9267 8510 7 1
450 7834 7126 4 1
451 7835 7126 4 1
452 9045 8293 10 1
453 7837 7126 4 1
454 7838 7126 4 1
455 9048 8293 10 1
456 9274 8510 7 1
457 9275 8510 7 1
458 9276 8510 7 1
459 7843 7126 4 1
460 9278 8510 7 1
461 7845 7126 4 1
462 7846 7126 4 1
463 7847 7126 4 1
464 9282 8510 7 1
465 7849 7126 4 1
466 9284 8510 7 1
467 7851 7126 4 1
468 7852 7126 4 1
469 9287 8510 7 1
470 7854 7126 4 1
471 9289 8510 7 1
472 9290 8510 7 1
473 9291 8510 7 1
474 7858 7126 4 1
475 7859 7126 4 1
476 9294 8510 7 1
477 9295 8510 7 1
478 9383 8594 9 1
479 9384 8594 9 1
480 9073 8293 10 1
481 9386 8594 9 1
482 9075 8293 10 1
483 9388 8594 9 1
484 9389 8594 9 1
485 9078 8293 10 1
486 9079 8293 10 1
487 9080 8293 10 1
488 9393 8594 9 1
489 9082 8293 10 1
490 9083 8293 10 1
491 9084 8293 10 1
492 9085 8293 10 1
493 9086 8293 10 1
494 9087 8293 10 1
495 9088 8293 10 1
496 9089 8293 10 1
497 9090 8293 10 1
498 9091 8293 10 1
499 9092 8293 10 1
500 9579 8762 10 1
501 9094 8293 10 1
502 9095 8293 10 1
503 9096 8293 10 1
504 9097 8293 10 1
505 9098 8293 10 1
506 9099 8293 10 1
507 9586 8762 10 1
508 9101 8293 10 1
509 9102 8293 10 1
510 9103 8293 10 1
511 9590 8762 10 1
512 9591 8762 10 1
513 9106 8293 10 1
514 9593 8762 10 1
515 9108 8293 10 1
516 9595 8762 10 1
517 9596 8762 10 1
518 9597 8762 10 1
519 9598 8762 10 1
520 9599 8762 10 1
521 9600 8762 10 1
522 9601 8762 10 1
523 10188 9327 3 1
524 10189 9327 3 1
525 9604 8762 10 1
526 9605 8762 10 1
527 9606 8762 10 1
528 9607 8762 10 1
529 9608 8762 10 1
530 10195 9327 3 1
531 10196 9327 3 1
532 10197 9327 3 1
533 10198 9327 3 1
534 10199 9327 3 1
535 10200 9327 3 1
536 9615 8762 10 1
537 9616 8762 10 1
538 10203 9327 3 1
539 10204 9327 3 1
540 10205 9327 3 1
541 10206 9327 3 1
542 10207 9327 3 1
543 10208 9327 3 1
544 10209 9327 3 1
545 10210 9327 3 1
546 10211 9327 3 1
547 10212 9327 3 1
548 10213 9327 3 1
549 10214 9327 3 1
550 10215 9327 3 1
551 10216 9327 3 1
552 10103 9217 3 1
553 10218 9327 3 1
554 10105 9217 3 1
555 10220 9327 3 1
556 10107 9217 3 1
557 10222 9327 3 1
558 10109 9217 3 1
559 10110 9217 3 1
560 10111 9217 3 1
561 10112 9217 3 1
562 10113 9217 3 1
563 10114 9217 3 1
564 11555 10607 9 1
565 11556 10607 9 1
566 10231 9327 3 1
567 10232 9327 3 1
568 11559 10607 9 1
569 11560 10607 9 1
570 11561 10607 9 1
571 10619 9697 10 1
572 10620 9697 10 1
573 11564 10607 9 1
574 11565 10607 9 1
575 11566 10607 9 1
576 11567 10607 9 1
577 10625 9697 10 1
578 11569 10607 9 1
579 11570 10607 9 1
580 11571 10607 9 1
581 10702 9767 3 1
582 10703 9767 3 1
583 10704 9767 3 1
584 10705 9767 3 1
585 10706 9767 3 1
586 11577 10607 9 1
587 11578 10607 9 1
588 10709 9767 3 1
589 11580 10607 9 1
590 10711 9767 3 1
591 10712 9767 3 1
592 11583 10607 9 1
593 11584 10607 9 1
594 11585 10607 9 1
595 10716 9767 3 1
596 11587 10607 9 1
597 10718 9767 3 1
598 11589 10607 9 1
599 11590 10607 9 1
600 10721 9767 3 1
601 10722 9767 3 1
602 10723 9767 3 1
603 10724 9767 3 1
604 10725 9767 3 1
605 10726 9767 3 1
606 11597 10607 9 1
607 10728 9767 3 1
608 11599 10607 9 1
609 10730 9767 3 1
610 11601 10607 9 1
611 11602 10607 9 1
612 11603 10607 9 1
613 11604 10607 9 1
614 11605 10607 9 1
615 11606 10607 9 1
616 11607 10607 9 1
617 11608 10607 9 1
618 11609 10607 9 1
619 11610 10607 9 1
620 10741 9767 3 1
621 11612 10607 9 1
622 10743 9767 3 1
623 10744 9767 3 1
624 10745 9767 3 1
625 10746 9767 3 1
626 10747 9767 3 1
627 10748 9767 3 1
628 10749 9767 3 1
629 12935 11876 10 1
630 11621 10607 9 1
631 12107 11075 10 1
632 12108 11075 10 1
633 10754 9767 3 1
634 12110 11075 10 1
635 11626 10607 9 1
636 10757 9767 3 1
637 12113 11075 10 1
638 12114 11075 10 1
639 12115 11075 10 1
640 12116 11075 10 1
641 12117 11075 10 1
642 12118 11075 10 1
643 12119 11075 10 1
644 12120 11075 10 1
645 12121 11075 10 1
646 12122 11075 10 1
647 12123 11075 10 1
648 12124 11075 10 1
649 12125 11075 10 1
650 12126 11075 10 1
651 12127 11075 10 1
652 12128 11075 10 1
653 12129 11075 10 1
654 12130 11075 10 1
655 12131 11075 10 1
656 12132 11075 10 1
657 12133 11075 10 1
658 12134 11075 10 1
659 12135 11075 10 1
660 12136 11075 10 1
661 12137 11075 10 1
662 12138 11075 10 1
663 12139 11075 10 1
664 12140 11075 10 1
665 12141 11075 10 1
666 12142 11075 10 1
667 12143 11075 10 1
668 12144 11075 10 1
669 12145 11075 10 1
670 12146 11075 10 1
671 12147 11075 10 1
672 12148 11075 10 1
673 12149 11075 10 1
674 12150 11075 10 1
675 12151 11075 10 1
676 12152 11075 10 1
677 12153 11075 10 1
678 12154 11075 10 1
679 12155 11075 10 1
680 12156 11075 10 1
681 12157 11075 10 1
682 12158 11075 10 1
683 12159 11075 10 1
684 13416 12287 9 1
685 12161 11075 10 1
686 12162 11075 10 1
687 13419 12287 9 1
688 12164 11075 10 1
689 12165 11075 10 1
690 13422 12287 9 1
691 13423 12287 9 1
692 13424 12287 9 1
693 13425 12287 9 1
694 12170 11075 10 1
695 12171 11075 10 1
696 12172 11075 10 1
697 12972 11846 10 1
698 12174 11075 10 1
699 12175 11075 10 1
700 13432 12287 9 1
701 13433 12287 9 1
702 12178 11075 10 1
703 12179 11075 10 1
704 12180 11075 10 1
705 14282 13102 3 1
706 14283 13102 3 1
707 14284 13102 3 1
708 14285 13102 3 1
709 14286 13102 3 1
710 14287 13102 3 1
711 14288 13102 3 1
712 14289 13102 3 1
713 14290 13102 3 1
714 14291 13102 3 1
715 14292 13102 3 1
716 14293 13102 3 1
717 12193 11075 10 1
718 14295 13102 3 1
719 14296 13102 3 1
720 14297 13102 3 1
721 14298 13102 3 1
722 14299 13102 3 1
723 14300 13102 3 1
724 14301 13102 3 1
725 14302 13102 3 1
726 14303 13102 3 1
727 14304 13102 3 1
728 14305 13102 3 1
729 14306 13102 3 1
730 14307 13102 3 1
731 14308 13102 3 1
732 14309 13102 3 1
733 14310 13102 3 1
734 14837 13610 8 1
735 14838 13610 8 1
736 14313 13102 3 1
737 14314 13102 3 1
738 14841 13610 8 1
739 14842 13610 8 1
740 14317 13102 3 1
741 14318 13102 3 1
742 14532 13308 10 1
743 14533 13308 10 1
744 14534 13308 10 1
745 14535 13308 10 1
746 14536 13308 10 1
747 14537 13308 10 1
748 14538 13308 10 1
749 14539 13308 10 1
750 14540 13308 10 1
751 14541 13308 10 1
752 14855 13610 8 1
753 14856 13610 8 1
754 14544 13308 10 1
755 14545 13308 10 1
756 14546 13308 10 1
757 14547 13308 10 1
758 14548 13308 10 1
759 14549 13308 10 1
760 14550 13308 10 1
761 14551 13308 10 1
762 14552 13308 10 1
763 14340 13102 3 1
764 14554 13308 10 1
765 14342 13102 3 1
766 14556 13308 10 1
767 14344 13102 3 1
768 14558 13308 10 1
769 14559 13308 10 1
770 14560 13308 10 1
771 14561 13308 10 1
772 14349 13102 3 1
773 14350 13102 3 1
774 14877 13610 8 1
775 14565 13308 10 1
776 14879 13610 8 1
777 14354 13102 3 1
778 14881 13610 8 1
779 14356 13102 3 1
780 14570 13308 10 1
781 14571 13308 10 1
782 14885 13610 8 1
783 16341 15014 7 1
784 14361 13102 3 1
785 14888 13610 8 1
786 14889 13610 8 1
787 14890 13610 8 1
788 14891 13610 8 1
789 16347 15014 7 1
790 14367 13102 3 1
791 14581 13308 10 1
792 14582 13308 10 1
793 14896 13610 8 1
794 14897 13610 8 1
795 14585 13308 10 1
796 14899 13610 8 1
797 14900 13610 8 1
798 14901 13610 8 1
799 14902 13610 8 1
800 14903 13610 8 1
801 14904 13610 8 1
802 14379 13102 3 1
803 14380 13102 3 1
804 14381 13102 3 1
805 14382 13102 3 1
806 14383 13102 3 1
807 16365 15014 7 1
808 16366 15014 7 1
809 16367 15014 7 1
810 16368 15014 7 1
811 16369 15014 7 1
812 16370 15014 7 1
813 14390 13102 3 1
814 14391 13102 3 1
815 16373 15014 7 1
816 16374 15014 7 1
817 16375 15014 7 1
818 16376 15014 7 1
819 16377 15014 7 1
820 16378 15014 7 1
821 16379 15014 7 1
822 16380 15014 7 1
823 16381 15014 7 1
824 16382 15014 7 1
825 16383 15014 7 1
826 16384 15014 7 1
827 16385 15014 7 1
828 16386 15014 7 1
829 16387 15014 7 1
830 16388 15014 7 1
831 15679 14329 10 1
832 16390 15014 7 1
833 16391 15014 7 1
834 16392 15014 7 1
835 15683 14329 10 1
836 15684 14329 10 1
837 16395 15014 7 1
838 16396 15014 7 1
839 15154 13814 2 1
840 16398 15014 7 1
841 16399 15014 7 1
842 15157 13814 2 1
843 15691 14329 10 1
844 16402 15014 7 1
845 16403 15014 7 1
846 15694 14329 10 1
847 15695 14329 10 1
848 15163 13814 2 1
849 15697 14329 10 1
850 15698 14329 10 1
851 15699 14329 10 1
852 15700 14329 10 1
853 15701 14329 10 1
854 15702 14329 10 1
855 15703 14329 10 1
856 15704 14329 10 1
857 15172 13814 2 1
858 15173 13814 2 1
859 15174 13814 2 1
860 15708 14329 10 1
861 15176 13814 2 1
862 15177 13814 2 1
863 15178 13814 2 1
864 15712 14329 10 1
865 15180 13814 2 1
866 15714 14329 10 1
867 15182 13814 2 1
868 15716 14329 10 1
869 15717 14329 10 1
870 15718 14329 10 1
871 15719 14329 10 1
872 15720 14329 10 1
873 15721 14329 10 1
874 15722 14329 10 1
875 15723 14329 10 1
876 15724 14329 10 1
877 15725 14329 10 1
878 16597 15169 3 1
879 15727 14329 10 1
880 15728 14329 10 1
881 15729 14329 10 1
882 15730 14329 10 1
883 16602 15169 3 1
884 15732 14329 10 1
885 15733 14329 10 1
886 16605 15169 3 1
887 16606 15169 3 1
888 16607 15169 3 1
889 16608 15169 3 1
890 16609 15169 3 1
891 16610 15169 3 1
892 15740 14329 10 1
893 16612 15169 3 1
894 16613 15169 3 1
895 16614 15169 3 1
896 16615 15169 3 1
897 16616 15169 3 1
898 16617 15169 3 1
899 16618 15169 3 1
900 16619 15169 3 1
901 16620 15169 3 1
902 16621 15169 3 1
903 16622 15169 3 1
904 16623 15169 3 1
905 16624 15169 3 1
906 16625 15169 3 1
907 16626 15169 3 1
908 16627 15169 3 1
909 16628 15169 3 1
910 16629 15169 3 1
911 16630 15169 3 1
912 16631 15169 3 1
913 16632 15169 3 1
914 15762 14329 10 1
915 16634 15169 3 1
916 16635 15169 3 1
917 15765 14329 10 1
918 16637 15169 3 1
919 15767 14329 10 1
920 16639 15169 3 1
921 15769 14329 10 1
922 16641 15169 3 1
923 16642 15169 3 1
924 16643 15169 3 1
925 16644 15169 3 1
926 16645 15169 3 1
927 16646 15169 3 1
928 16647 15169 3 1
929 16648 15169 3 1
930 16649 15169 3 1
931 16650 15169 3 1
932 16651 15169 3 1
933 16652 15169 3 1
934 16653 15169 3 1
935 16654 15169 3 1
936 16655 15169 3 1
937 16656 15169 3 1
938 16657 15169 3 1
939 18184 16642 10 1
940 18185 16642 10 1
941 16660 15169 3 1
942 16661 15169 3 1
943 16662 15169 3 1
944 16663 15169 3 1
945 16664 15169 3 1
946 16665 15169 3 1
947 18192 16642 10 1
948 18193 16642 10 1
949 18194 16642 10 1
950 18195 16642 10 1
951 18196 16642 10 1
952 18197 16642 10 1
953 18198 16642 10 1
954 18199 16642 10 1
955 17771 16228 9 1
956 16675 15169 3 1
957 16676 15169 3 1
958 18203 16642 10 1
959 18204 16642 10 1
960 18205 16642 10 1
961 18206 16642 10 1
962 18207 16642 10 1
963 18208 16642 10 1
964 18209 16642 10 1
965 18210 16642 10 1
966 18211 16642 10 1
967 18212 16642 10 1
968 18213 16642 10 1
969 18214 16642 10 1
970 17786 16228 9 1
971 18216 16642 10 1
972 18217 16642 10 1
973 17789 16228 9 1
974 17790 16228 9 1
975 18220 16642 10 1
976 18221 16642 10 1
977 18222 16642 10 1
978 18223 16642 10 1
979 18224 16642 10 1
980 18225 16642 10 1
981 18226 16642 10 1
982 18227 16642 10 1
983 18228 16642 10 1
984 18229 16642 10 1
985 18230 16642 10 1
986 18231 16642 10 1
987 18232 16642 10 1
988 18233 16642 10 1
989 18234 16642 10 1
990 18235 16642 10 1
991 18236 16642 10 1
992 18237 16642 10 1
993 18238 16642 10 1
994 18239 16642 10 1
995 18240 16642 10 1
996 18241 16642 10 1
997 18242 16642 10 1
998 18243 16642 10 1
999 18244 16642 10 1
1000 18245 16642 10 1
1001 18246 16642 10 1
1002 18247 16642 10 1
1003 19744 18085 2 1
1004 19745 18085 2 1
1005 18250 16642 10 1
1006 19747 18085 2 1
1007 18252 16642 10 1
1008 19749 18085 2 1
1009 18254 16642 10 1
1010 18255 16642 10 1
1011 18256 16642 10 1
1012 18257 16642 10 1
1013 19275 17626 5438 642
1014 19276 17626 5438 642
1015 18260 16642 10 1
1016 18261 16642 10 1
1017 18262 16642 10 1
1018 19280 17626 5438 642
1019 19281 17626 5438 642
1020 19282 17626 5438 642
1021 18266 16642 10 1
1022 18267 16642 10 1
1023 18268 16642 10 1
1024 18480 16845 2 1
1025 18270 16642 10 1
1026 18482 16845 2 1
1027 18272 16642 10 1
1028 18273 16642 10 1
1029 18274 16642 10 1
1030 18275 16642 10 1
1031 18487 16845 2 1
1032 18488 16845 2 1
1033 18489 16845 2 1
1034 18490 16845 2 1
1035 18491 16845 2 1
1036 18492 16845 2 1
1037 18282 16642 10 1
1038 18283 16642 10 1
1039 18495 16845 2 1
1040 18285 16642 10 1
1041 20086 18379 10 1
1042 18498 16845 2 1
1043 18499 16845 2 1
1044 18500 16845 2 1
1045 18501 16845 2 1
1046 18291 16642 10 1
1047 20092 18379 10 1
1048 18504 16845 2 1
1049 18505 16845 2 1
1050 18506 16845 2 1
1051 20096 18379 10 1
1052 18508 16845 2 1
1053 18509 16845 2 1
1054 18299 16642 10 1
1055 20100 18379 10 1
1056 20101 18379 10 1
1057 20102 18379 10 1
1058 20103 18379 10 1
1059 18304 16642 10 1
1060 20105 18379 10 1
1061 20106 18379 10 1
1062 20107 18379 10 1
1063 20108 18379 10 1
1064 20109 18379 10 1
1065 20110 18379 10 1
1066 20111 18379 10 1
1067 20112 18379 10 1
1068 20113 18379 10 1
1069 20114 18379 10 1
1070 20115 18379 10 1
1071 20116 18379 10 1
1072 20117 18379 10 1
1073 20118 18379 10 1
1074 20119 18379 10 1
1075 20120 18379 10 1
1076 20121 18379 10 1
1077 20122 18379 10 1
1078 20123 18379 10 1
1079 20124 18379 10 1
1080 20125 18379 10 1
1081 20126 18379 10 1
1082 20127 18379 10 1
1083 20128 18379 10 1
1084 20129 18379 10 1
1085 20130 18379 10 1
1086 20131 18379 10 1
1087 20132 18379 10 1
1088 20133 18379 10 1
1089 20134 18379 10 1
1090 20135 18379 10 1
1091 20136 18379 10 1
1092 20137 18379 10 1
1093 20138 18379 10 1
1094 20139 18379 10 1
1095 20140 18379 10 1
1096 20141 18379 10 1
1097 20142 18379 10 1
1098 20143 18379 10 1
1099 20144 18379 10 1
1100 20145 18379 10 1
1101 20146 18379 10 1
1102 20147 18379 10 1
1103 20148 18379 10 1
1104 20149 18379 10 1
1105 20150 18379 10 1
1106 20151 18379 10 1
1107 20152 18379 10 1
1108 20153 18379 10 1
1109 20154 18379 10 1
1110 20155 18379 10 1
1111 20156 18379 10 1
1112 20157 18379 10 1
1113 20158 18379 10 1
1114 22671 20803 10 1
1115 20160 18379 10 1
1116 20161 18379 10 1
1117 20162 18379 10 1
1118 22675 20803 10 1
1119 20164 18379 10 1
1120 20165 18379 10 1
1121 22678 20803 10 1
1122 22679 20803 10 1
1123 22680 20803 10 1
1124 20169 18379 10 1
1125 22682 20803 10 1
1126 22683 20803 10 1
1127 22684 20803 10 1
1128 22685 20803 10 1
1129 22686 20803 10 1
1130 20175 18379 10 1
1131 22688 20803 10 1
1132 22689 20803 10 1
1133 22690 20803 10 1
1134 22691 20803 10 1
1135 22692 20803 10 1
1136 22693 20803 10 1
1137 22694 20803 10 1
1138 22695 20803 10 1
1139 20184 18379 10 1
1140 20185 18379 10 1
1141 22698 20803 10 1
1142 20187 18379 10 1
1143 22700 20803 10 1
1144 22701 20803 10 1
1145 20190 18379 10 1
1146 20191 18379 10 1
1147 20192 18379 10 1
1148 20193 18379 10 1
1149 20194 18379 10 1
1150 20195 18379 10 1
1151 20196 18379 10 1
1152 23052 21134 10 1
1153 23053 21134 10 1
1154 23054 21134 10 1
1155 23055 21134 10 1
1156 23056 21134 10 1
1157 23057 21134 10 1
1158 23058 21134 10 1
1159 20204 18379 10 1
1160 20205 18379 10 1
1161 20206 18379 10 1
1162 23062 21134 10 1
1163 23063 21134 10 1
1164 23064 21134 10 1
1165 23065 21134 10 1
1166 23066 21134 10 1
1167 23067 21134 10 1
1168 23068 21134 10 1
1169 23069 21134 10 1
1170 23070 21134 10 1
1171 23071 21134 10 1
1172 23072 21134 10 1
1173 23073 21134 10 1
1174 23074 21134 10 1
1175 22732 20803 10 1
1176 22733 20803 10 1
1177 22734 20803 10 1
1178 23078 21134 10 1
1179 23079 21134 10 1
1180 23080 21134 10 1
1181 23081 21134 10 1
1182 23082 21134 10 1
1183 23083 21134 10 1
1184 23084 21134 10 1
1185 23085 21134 10 1
1186 23086 21134 10 1
1187 23087 21134 10 1
1188 23088 21134 10 1
1189 23089 21134 10 1
1190 23090 21134 10 1
1191 23091 21134 10 1
1192 23092 21134 10 1
1193 23093 21134 10 1
1194 23094 21134 10 1
1195 22752 20803 10 1
1196 22753 20803 10 1
1197 23097 21134 10 1
1198 22755 20803 10 1
1199 22756 20803 10 1
1200 22757 20803 10 1
1201 23101 21134 10 1
1202 23102 21134 10 1
1203 22760 20803 10 1
1204 23104 21134 10 1
1205 23105 21134 10 1
1206 23106 21134 10 1
1207 23107 21134 10 1
1208 22765 20803 10 1
1209 23109 21134 10 1
1210 23110 21134 10 1
1211 23111 21134 10 1
1212 23112 21134 10 1
1213 23113 21134 10 1
1214 22771 20803 10 1
1215 23115 21134 10 1
1216 23116 21134 10 1
1217 23117 21134 10 1
1218 23118 21134 10 1
1219 23119 21134 10 1
1220 23120 21134 10 1
1221 23121 21134 10 1
1222 23122 21134 10 1
1223 23123 21134 10 1
1224 23525 21521 10 1
1225 23125 21134 10 1
1226 23126 21134 10 1
1227 22784 20803 10 1
1228 23128 21134 10 1
1229 23129 21134 10 1
1230 22787 20803 10 1
1231 23532 21521 10 1
1232 23533 21521 10 1
1233 23534 21521 10 1
1234 23134 21134 10 1
1235 23135 21134 10 1
1236 23537 21521 10 1
1237 23538 21521 10 1
1238 23539 21521 10 1
1239 23540 21521 10 1
1240 23541 21521 10 1
1241 23542 21521 10 1
1242 23543 21521 10 1
1243 23544 21521 10 1
1244 23545 21521 10 1
1245 23546 21521 10 1
1246 23547 21521 10 1
1247 23548 21521 10 1
1248 23148 21134 10 1
1249 23550 21521 10 1
1250 23551 21521 10 1
1251 23151 21134 10 1
1252 23152 21134 10 1
1253 23554 21521 10 1
1254 23555 21521 10 1
1255 23155 21134 10 1
1256 23156 21134 10 1
1257 23558 21521 10 1
1258 23158 21134 10 1
1259 23560 21521 10 1
1260 23160 21134 10 1
1261 23161 21134 10 1
1262 23162 21134 10 1
1263 23163 21134 10 1
1264 23565 21521 10 1
1265 23566 21521 10 1
1266 23166 21134 10 1
1267 23568 21521 10 1
1268 23569 21521 10 1
1269 23169 21134 10 1
1270 23571 21521 10 1
1271 23572 21521 10 1
1272 23573 21521 10 1
1273 23574 21521 10 1
1274 23575 21521 10 1
1275 23576 21521 10 1
1276 23577 21521 10 1
1277 23578 21521 10 1
1278 23579 21521 10 1
1279 23580 21521 10 1
1280 23581 21521 10 1
1281 23582 21521 10 1
1282 23583 21521 10 1
1283 23584 21521 10 1
1284 23585 21521 10 1
1285 23586 21521 10 1
1286 23587 21521 10 1
1287 23588 21521 10 1
1288 23589 21521 10 1
1289 23590 21521 10 1
1290 23591 21521 10 1
1291 23592 21521 10 1
1292 23593 21521 10 1
1293 23594 21521 10 1
1294 23595 21521 10 1
1295 23596 21521 10 1
1296 23597 21521 10 1
1297 23598 21521 10 1
1298 23599 21521 10 1
1299 23600 21521 10 1
1300 23601 21521 10 1
1301 23602 21521 10 1
1302 23603 21521 10 1
1303 23604 21521 10 1
1304 23605 21521 10 1
1305 23606 21521 10 1
1306 24148 22043 9 1
1307 23608 21521 10 1
1308 24150 22043 9 1
1309 24151 22043 9 1
1310 23611 21521 10 1
1311 24153 22043 9 1
1312 23613 21521 10 1
1313 24155 22043 9 1
1314 24156 22043 9 1
1315 24157 22043 9 1
1316 24158 22043 9 1
1317 24159 22043 9 1
1318 24160 22043 9 1
1319 24161 22043 9 1
1320 24162 22043 9 1
1321 24163 22043 9 1
1322 24164 22043 9 1
1323 24165 22043 9 1
1324 24166 22043 9 1
1325 24167 22043 9 1
1326 24168 22043 9 1
1327 24169 22043 9 1
1328 24170 22043 9 1
1329 24171 22043 9 1
1330 24172 22043 9 1
1331 24173 22043 9 1
1332 24174 22043 9 1
1333 24175 22043 9 1
1334 24176 22043 9 1
1335 24177 22043 9 1
1336 24178 22043 9 1
1337 24179 22043 9 1
1338 24180 22043 9 1
1339 24181 22043 9 1
1340 25069 22899 10 1
1341 24183 22043 9 1
1342 24184 22043 9 1
1343 23644 21521 10 1
1344 25073 22899 10 1
1345 24187 22043 9 1
1346 23647 21521 10 1
1347 25076 22899 10 1
1348 25077 22899 10 1
1349 23650 21521 10 1
1350 23651 21521 10 1
1351 23652 21521 10 1
1352 23653 21521 10 1
1353 23654 21521 10 1
1354 25083 22899 10 1
1355 25084 22899 10 1
1356 25085 22899 10 1
1357 23658 21521 10 1
1358 25087 22899 10 1
1359 23660 21521 10 1
1360 25089 22899 10 1
1361 23662 21521 10 1
1362 23663 21521 10 1
1363 23664 21521 10 1
1364 23665 21521 10 1
1365 23666 21521 10 1
1366 23667 21521 10 1
1367 25096 22899 10 1
1368 23669 21521 10 1
1369 24782 22594 9 1
1370 25099 22899 10 1
1371 25100 22899 10 1
1372 25101 22899 10 1
1373 25102 22899 10 1
1374 25103 22899 10 1
1375 25104 22899 10 1
1376 25105 22899 10 1
1377 25106 22899 10 1
1378 25107 22899 10 1
1379 25108 22899 10 1
1380 25109 22899 10 1
1381 25110 22899 10 1
1382 25111 22899 10 1
1383 24796 22594 9 1
1384 25113 22899 10 1
1385 25114 22899 10 1
1386 25115 22899 10 1
1387 24800 22594 9 1
1388 24801 22594 9 1
1389 24802 22594 9 1
1390 24803 22594 9 1
1391 24804 22594 9 1
1392 25121 22899 10 1
1393 25122 22899 10 1
1394 25123 22899 10 1
1395 25124 22899 10 1
1396 25125 22899 10 1
1397 25126 22899 10 1
1398 24811 22594 9 1
1399 24812 22594 9 1
1400 25129 22899 10 1
1401 24814 22594 9 1
1402 25131 22899 10 1
1403 25132 22899 10 1
1404 25133 22899 10 1
1405 24818 22594 9 1
1406 24819 22594 9 1
1407 24820 22594 9 1
1408 24821 22594 9 1
1409 24822 22594 9 1
1410 24823 22594 9 1
1411 24824 22594 9 1
1412 24825 22594 9 1
1413 24826 22594 9 1
1414 24827 22594 9 1
1415 24828 22594 9 1
1416 24829 22594 9 1
1417 24830 22594 9 1
1418 24831 22594 9 1
1419 24832 22594 9 1
1420 24833 22594 9 1
1421 24834 22594 9 1
1422 24835 22594 9 1
1423 24836 22594 9 1
1424 24837 22594 9 1
1425 24838 22594 9 1
1426 24839 22594 9 1
1427 24840 22594 9 1
1428 24841 22594 9 1
1429 24842 22594 9 1
1430 24843 22594 9 1
1431 24844 22594 9 1
1432 24845 22594 9 1
1433 24846 22594 9 1
1434 24847 22594 9 1
1435 24848 22594 9 1
1436 24849 22594 9 1
1437 26837 24511 3 1
1438 26838 24511 3 1
1439 24852 22594 9 1
1440 26840 24511 3 1
1441 26841 24511 3 1
1442 26842 24511 3 1
1443 26843 24511 3 1
1444 26844 24511 3 1
1445 24858 22594 9 1
1446 26846 24511 3 1
1447 26847 24511 3 1
1448 26848 24511 3 1
1449 24862 22594 9 1
1450 24863 22594 9 1
1451 24864 22594 9 1
1452 24865 22594 9 1
1453 24866 22594 9 1
1454 24867 22594 9 1
1455 24868 22594 9 1
1456 24869 22594 9 1
1457 28206 25813 5 1
1458 24871 22594 9 1
1459 24872 22594 9 1
1460 26860 24511 3 1
1461 24874 22594 9 1
1462 24875 22594 9 1
1463 24876 22594 9 1
1464 26864 24511 3 1
1465 24878 22594 9 1
1466 24879 22594 9 1
1467 28216 25813 5 1
1468 26868 24511 3 1
1469 26869 24511 3 1
1470 28219 25813 5 1
1471 26871 24511 3 1
1472 28221 25813 5 1
1473 28222 25813 5 1
1474 28223 25813 5 1
1475 26875 24511 3 1
1476 26876 24511 3 1
1477 28226 25813 5 1
1478 26878 24511 3 1
1479 28228 25813 5 1
1480 28229 25813 5 1
1481 26881 24511 3 1
1482 28231 25813 5 1
1483 28232 25813 5 1
1484 26884 24511 3 1
1485 26885 24511 3 1
1486 26886 24511 3 1
1487 26887 24511 3 1
1488 28237 25813 5 1
1489 26889 24511 3 1
1490 26890 24511 3 1
1491 28240 25813 5 1
1492 28241 25813 5 1
1493 28242 25813 5 1
1494 26894 24511 3 1
1495 26895 24511 3 1
1496 26896 24511 3 1
1497 28246 25813 5 1
1498 28247 25813 5 1
1499 28248 25813 5 1
1500 28249 25813 5 1
1501 28250 25813 5 1
1502 28251 25813 5 1
1503 28252 25813 5 1
1504 28253 25813 5 1
1505 28254 25813 5 1
1506 28255 25813 5 1
1507 28256 25813 5 1
1508 28257 25813 5 1
1509 28258 25813 5 1
1510 28259 25813 5 1
1511 28260 25813 5 1
1512 28261 25813 5 1
1513 28262 25813 5 1
1514 28263 25813 5 1
1515 28264 25813 5 1
1516 28265 25813 5 1
1517 28266 25813 5 1
1518 28267 25813 5 1
1519 28268 25813 5 1
1520 28269 25813 5 1
1521 28270 25813 5 1
1522 28271 25813 5 1
1523 28272 25813 5 1
1524 28273 25813 5 1
1525 28274 25813 5 1
1526 28275 25813 5 1
1527 28276 25813 5 1
1528 28277 25813 5 1
1529 28278 25813 5 1
1530 28279 25813 5 1
1531 28280 25813 5 1
1532 28281 25813 5 1
1533 28282 25813 5 1
1534 28283 25813 5 1
1535 28284 25813 5 1
1536 28285 25813 5 1
1537 28286 25813 5 1
1538 28287 25813 5 1
1539 28288 25813 5 1
1540 28289 25813 5 1
1541 28290 25813 5 1
1542 28291 25813 5 1
1543 28292 25813 5 1
1544 28293 25813 5 1
1545 28294 25813 5 1
1546 28295 25813 5 1
1547 28296 25813 5 1
1548 28297 25813 5 1
1549 28298 25813 5 1
1550 28299 25813 5 1
1551 28300 25813 5 1
1552 28301 25813 5 1
1553 28302 25813 5 1
1554 29222 26700 10 1
1555 29223 26700 10 1
1556 29224 26700 10 1
1557 29225 26700 10 1
1558 29226 26700 10 1
1559 29227 26700 10 1
1560 29228 26700 10 1
1561 29229 26700 10 1
1562 29230 26700 10 1
1563 29231 26700 10 1
1564 29232 26700 10 1
1565 29233 26700 10 1
1566 28315 25813 5 1
1567 28316 25813 5 1
1568 29236 26700 10 1
1569 29237 26700 10 1
1570 28319 25813 5 1
1571 29239 26700 10 1
1572 28321 25813 5 1
1573 28322 25813 5 1
1574 28323 25813 5 1
1575 29243 26700 10 1
1576 29244 26700 10 1
1577 28326 25813 5 1
1578 29246 26700 10 1
1579 29247 26700 10 1
1580 29248 26700 10 1
1581 28330 25813 5 1
1582 28331 25813 5 1
1583 29251 26700 10 1
1584 29252 26700 10 1
1585 29253 26700 10 1
1586 29254 26700 10 1
1587 29255 26700 10 1
1588 29256 26700 10 1
1589 29257 26700 10 1
1590 29258 26700 10 1
1591 28305 25779 3 1
1592 29260 26700 10 1
1593 29261 26700 10 1
1594 28308 25779 3 1
1595 28309 25779 3 1
1596 28310 25779 3 1
1597 28311 25779 3 1
1598 29266 26700 10 1
1599 29267 26700 10 1
1600 29268 26700 10 1
1601 28315 25779 3 1
1602 30784 28161 9 1
1603 30785 28161 9 1
1604 30786 28161 9 1
1605 29273 26700 10 1
1606 29274 26700 10 1
1607 30789 28161 9 1
1608 30790 28161 9 1
1609 30791 28161 9 1
1610 30792 28161 9 1
1611 30793 28161 9 1
1612 30794 28161 9 1
1613 30795 28161 9 1
1614 30796 28161 9 1
1615 30797 28161 9 1
1616 30798 28161 9 1
1617 30799 28161 9 1
1618 30800 28161 9 1
1619 30801 28161 9 1
1620 30802 28161 9 1
1621 30803 28161 9 1
1622 30804 28161 9 1
1623 30805 28161 9 1
1624 30806 28161 9 1
1625 31818 29136 2 1
1626 31819 29136 2 1
1627 31820 29136 2 1
1628 31821 29136 2 1
1629 30811 28161 9 1
1630 31823 29136 2 1
1631 31824 29136 2 1
1632 30814 28161 9 1
1633 31826 29136 2 1
1634 31827 29136 2 1
1635 31828 29136 2 1
1636 31829 29136 2 1
1637 30819 28161 9 1
1638 31831 29136 2 1
1639 31832 29136 2 1
1640 30822 28161 9 1
1641 30823 28161 9 1
1642 30824 28161 9 1
1643 30825 28161 9 1
1644 31837 29136 2 1
1645 31838 29136 2 1
1646 30828 28161 9 1
1647 30829 28161 9 1
1648 31841 29136 2 1
1649 30831 28161 9 1
1650 30832 28161 9 1
1651 31844 29136 2 1
1652 31845 29136 2 1
1653 31846 29136 2 1
1654 31847 29136 2 1
1655 31848 29136 2 1
1656 31849 29136 2 1
1657 31850 29136 2 1
1658 31851 29136 2 1
1659 31852 29136 2 1
1660 31853 29136 2 1
1661 31854 29136 2 1
1662 31855 29136 2 1
1663 31856 29136 2 1
1664 31857 29136 2 1
1665 31858 29136 2 1
1666 31859 29136 2 1
1667 31860 29136 2 1
1668 31861 29136 2 1
1669 31862 29136 2 1
1670 31863 29136 2 1
1671 31864 29136 2 1
1672 31865 29136 2 1
1673 31866 29136 2 1
1674 31867 29136 2 1
1675 31868 29136 2 1
1676 31869 29136 2 1
1677 31870 29136 2 1
1678 31871 29136 2 1
1679 31633 28906 10 1
1680 31873 29136 2 1
1681 31635 28906 10 1
1682 31875 29136 2 1
1683 31876 29136 2 1
1684 31877 29136 2 1
1685 31878 29136 2 1
1686 31640 28906 10 1
1687 31641 28906 10 1
1688 31642 28906 10 1
1689 31643 28906 10 1
1690 31644 28906 10 1
1691 31645 28906 10 1
1692 31646 28906 10 1
1693 31647 28906 10 1
1694 31648 28906 10 1
1695 31932 29179 8 1
1696 31650 28906 10 1
1697 31651 28906 10 1
1698 31652 28906 10 1
1699 31653 28906 10 1
1700 31654 28906 10 1
1701 31655 28906 10 1
1702 31656 28906 10 1
1703 31657 28906 10 1
1704 31658 28906 10 1
1705 31659 28906 10 1
1706 31660 28906 10 1
1707 31661 28906 10 1
1708 31662 28906 10 1
1709 31663 28906 10 1
1710 31664 28906 10 1
1711 31665 28906 10 1
1712 31666 28906 10 1
1713 31667 28906 10 1
1714 31951 29179 8 1
1715 31669 28906 10 1
1716 31670 28906 10 1
1717 31671 28906 10 1
1718 31672 28906 10 1
1719 31956 29179 8 1
1720 31957 29179 8 1
1721 31675 28906 10 1
1722 31676 28906 10 1
1723 31677 28906 10 1
1724 31678 28906 10 1
1725 31679 28906 10 1
1726 31680 28906 10 1
1727 31681 28906 10 1
1728 31682 28906 10 1
1729 31683 28906 10 1
1730 31684 28906 10 1
1731 31685 28906 10 1
1732 31686 28906 10 1
1733 31687 28906 10 1
1734 31688 28906 10 1
1735 31689 28906 10 1
1736 34486 31604 7 1
1737 31691 28906 10 1
1738 31692 28906 10 1
1739 34489 31604 7 1
1740 31694 28906 10 1
1741 34491 31604 7 1
1742 34492 31604 7 1
1743 31697 28906 10 1
1744 34494 31604 7 1
1745 34495 31604 7 1
1746 34496 31604 7 1
1747 34497 31604 7 1
1748 34498 31604 7 1
1749 34499 31604 7 1
1750 34500 31604 7 1
1751 34501 31604 7 1
1752 34502 31604 7 1
1753 34503 31604 7 1
1754 34504 31604 7 1
1755 34505 31604 7 1
1756 34506 31604 7 1
1757 34507 31604 7 1
1758 34508 31604 7 1
1759 34509 31604 7 1
1760 34510 31604 7 1
1761 34511 31604 7 1
1762 34512 31604 7 1
1763 34513 31604 7 1
1764 34514 31604 7 1
1765 34515 31604 7 1
1766 34516 31604 7 1
1767 34517 31604 7 1
1768 34518 31604 7 1
1769 34519 31604 7 1
1770 34520 31604 7 1
1771 34521 31604 7 1
1772 34522 31604 7 1
1773 34523 31604 7 1
1774 34524 31604 7 1
1775 34525 31604 7 1
1776 34526 31604 7 1
1777 34527 31604 7 1
1778 34528 31604 7 1
1779 34529 31604 7 1
1780 34530 31604 7 1
1781 34531 31604 7 1
1782 34532 31604 7 1
1783 34533 31604 7 1
1784 34534 31604 7 1
1785 34535 31604 7 1
1786 34536 31604 7 1
1787 34537 31604 7 1
1788 34538 31604 7 1
1789 34539 31604 7 1
1790 34540 31604 7 1
1791 34541 31604 7 1
1792 34542 31604 7 1
1793 34543 31604 7 1
1794 34544 31604 7 1
1795 34906 31952 3 1
1796 34907 31952 3 1
1797 34547 31604 7 1
1798 34909 31952 3 1
1799 34549 31604 7 1
1800 34911 31952 3 1
1801 34912 31952 3 1
1802 34552 31604 7 1
1803 34914 31952 3 1
1804 34915 31952 3 1
1805 34555 31604 7 1
1806 34556 31604 7 1
1807 34918 31952 3 1
1808 34919 31952 3 1
1809 34920 31952 3 1
1810 34560 31604 7 1
1811 34922 31952 3 1
1812 34562 31604 7 1
1813 34563 31604 7 1
1814 34925 31952 3 1
1815 34926 31952 3 1
1816 34927 31952 3 1
1817 34928 31952 3 1
1818 34929 31952 3 1
1819 34930 31952 3 1
1820 34931 31952 3 1
1821 34932 31952 3 1
1822 34933 31952 3 1
1823 34934 31952 3 1
1824 34935 31952 3 1
1825 34936 31952 3 1
1826 34937 31952 3 1
1827 34938 31952 3 1
1828 34939 31952 3 1
1829 34940 31952 3 1
1830 34941 31952 3 1
1831 34942 31952 3 1
1832 34943 31952 3 1
1833 34944 31952 3 1
1834 34945 31952 3 1
1835 34946 31952 3 1
1836 34947 31952 3 1
1837 34948 31952 3 1
1838 34949 31952 3 1
1839 34950 31952 3 1
1840 34951 31952 3 1
1841 34952 31952 3 1
1842 34953 31952 3 1
1843 34954 31952 3 1
1844 34955 31952 3 1
1845 34956 31952 3 1
1846 34957 31952 3 1
1847 34958 31952 3 1
1848 34959 31952 3 1
1849 34960 31952 3 1
1850 34961 31952 3 1
1851 34962 31952 3 1
1852 34963 31952 3 1
1853 34964 31952 3 1
1854 35579 32545 10 1
1855 34966 31952 3 1
1856 34967 31952 3 1
1857 35582 32545 10 1
1858 35583 32545 10 1
1859 35584 32545 10 1
1860 34971 31952 3 1
1861 35586 32545 10 1
1862 34973 31952 3 1
1863 35588 32545 10 1
1864 34975 31952 3 1
1865 34976 31952 3 1
1866 34977 31952 3 1
1867 35592 32545 10 1
1868 35593 32545 10 1
1869 35594 32545 10 1
1870 35595 32545 10 1
1871 35596 32545 10 1
1872 35597 32545 10 1
1873 35598 32545 10 1
1874 35599 32545 10 1
1875 35600 32545 10 1
1876 35601 32545 10 1
1877 35602 32545 10 1
1878 35603 32545 10 1
1879 35604 32545 10 1
1880 36529 33436 2 1
1881 36530 33436 2 1
1882 34993 31952 3 1
1883 35608 32545 10 1
1884 35609 32545 10 1
1885 36534 33436 2 1
1886 36535 33436 2 1
1887 35612 32545 10 1
1888 35613 32545 10 1
1889 36538 33436 2 1
1890 36539 33436 2 1
1891 35616 32545 10 1
1892 35617 32545 10 1
1893 35618 32545 10 1
1894 35619 32545 10 1
1895 35620 32545 10 1
1896 35621 32545 10 1
1897 35622 32545 10 1
1898 35623 32545 10 1
1899 36548 33436 2 1
1900 35625 32545 10 1
1901 35626 32545 10 1
1902 35627 32545 10 1
1903 35628 32545 10 1
1904 35629 32545 10 1
1905 35630 32545 10 1
1906 35631 32545 10 1
1907 35632 32545 10 1
1908 35633 32545 10 1
1909 35634 32545 10 1
1910 35635 32545 10 1
1911 35636 32545 10 1
1912 35637 32545 10 1
1913 35638 32545 10 1
1914 35639 32545 10 1
1915 35640 32545 10 1
1916 35641 32545 10 1
1917 35642 32545 10 1
1918 35643 32545 10 1
1919 35644 32545 10 1
1920 35645 32545 10 1
1921 35646 32545 10 1
1922 35647 32545 10 1
1923 35648 32545 10 1
1924 35649 32545 10 1
1925 35650 32545 10 1
1926 35651 32545 10 1
1927 35652 32545 10 1
1928 35653 32545 10 1
1929 35654 32545 10 1
1930 36579 33436 2 1
1931 35656 32545 10 1
1932 35657 32545 10 1
1933 35658 32545 10 1
1934 35659 32545 10 1
1935 35660 32545 10 1
1936 35661 32545 10 1
1937 35662 32545 10 1
1938 35663 32545 10 1
1939 35664 32545 10 1
1940 35665 32545 10 1
1941 35666 32545 10 1
1942 35667 32545 10 1
1943 35668 32545 10 1
1944 36593 33436 2 1
1945 35670 32545 10 1
1946 35671 32545 10 1
1947 35672 32545 10 1
1948 35673 32545 10 1
1949 35674 32545 10 1
1950 35675 32545 10 1
1951 35676 32545 10 1
1952 35677 32545 10 1
1953 36602 33436 2 1
1954 36603 33436 2 1
1955 36604 33436 2 1
1956 35681 32545 10 1
1957 35682 32545 10 1
1958 35683 32545 10 1
1959 35684 32545 10 1
1960 36609 33436 2 1
1961 35686 32545 10 1
1962 35687 32545 10 1
1963 36612 33436 2 1
1964 36613 33436 2 1
1965 35690 32545 10 1
1966 36615 33436 2 1
1967 36616 33436 2 1
1968 36617 33436 2 1
1969 36618 33436 2 1
1970 36619 33436 2 1
1971 36620 33436 2 1
1972 36621 33436 2 1
1973 36622 33436 2 1
1974 36623 33436 2 1
1975 36624 33436 2 1
1976 36625 33436 2 1
1977 36626 33436 2 1
1978 36627 33436 2 1
1979 36628 33436 2 1
1980 36629 33436 2 1
1981 36630 33436 2 1
1982 36631 33436 2 1
1983 36632 33436 2 1
1984 36633 33436 2 1
1985 36634 33436 2 1
1986 36635 33436 2 1
1987 36636 33436 2 1
1988 36637 33436 2 1
1989 36638 33436 2 1
1990 36639 33436 2 1
1991 36640 33436 2 1
1992 39085 35795 10 1
1993 36642 33436 2 1
1994 36643 33436 2 1
1995 39088 35795 10 1
1996 36645 33436 2 1
1997 36646 33436 2 1
1998 39091 35795 10 1
1999 36648 33436 2 1
2000 36649 33436 2 1
2001 39094 35795 10 1
2002 39095 35795 10 1
2003 36652 33436 2 1
2004 39097 35795 10 1
2005 39098 35795 10 1
2006 39099 35795 10 1
2007 36656 33436 2 1
2008 36657 33436 2 1
2009 36658 33436 2 1
2010 36659 33436 2 1
2011 36660 33436 2 1
2012 36661 33436 2 1
2013 36662 33436 2 1
2014 39107 35795 10 1
2015 36664 33436 2 1
2016 36665 33436 2 1
2017 39110 35795 10 1
2018 39111 35795 10 1
2019 39112 35795 10 1
2020 38658 35356 10 1
2021 36670 33436 2 1
2022 39115 35795 10 1
2023 39116 35795 10 1
2024 39117 35795 10 1
2025 39118 35795 10 1
2026 38664 35356 10 1
2027 38665 35356 10 1
2028 38666 35356 10 1
2029 38667 35356 10 1
2030 38668 35356 10 1
2031 39124 35795 10 1
2032 38670 35356 10 1
2033 39126 35795 10 1
2034 38672 35356 10 1
2035 38673 35356 10 1
2036 39129 35795 10 1
2037 39130 35795 10 1
2038 38676 35356 10 1
2039 39132 35795 10 1
2040 39133 35795 10 1
2041 38679 35356 10 1
2042 38680 35356 10 1
2043 39136 35795 10 1
2044 39137 35795 10 1
2045 38683 35356 10 1
2046 38684 35356 10 1
2047 39140 35795 10 1
2048 38686 35356 10 1
2049 38687 35356 10 1
2050 38688 35356 10 1
2051 38689 35356 10 1
2052 38690 35356 10 1
2053 38691 35356 10 1
2054 39147 35795 10 1
2055 38693 35356 10 1
2056 39149 35795 10 1
2057 39150 35795 10 1
2058 38696 35356 10 1
2059 38697 35356 10 1
2060 38698 35356 10 1
2061 39154 35795 10 1
2062 39155 35795 10 1
2063 39156 35795 10 1
2064 41100 37670 10 1
2065 39158 35795 10 1
2066 41102 37670 10 1
2067 41103 37670 10 1
2068 41104 37670 10 1
2069 41105 37670 10 1
2070 41106 37670 10 1
2071 39164 35795 10 1
2072 41108 37670 10 1
2073 39166 35795 10 1
2074 39167 35795 10 1
2075 41111 37670 10 1
2076 41112 37670 10 1
2077 41113 37670 10 1
2078 41114 37670 10 1
2079 41115 37670 10 1
2080 41116 37670 10 1
2081 41117 37670 10 1
2082 39175 35795 10 1
2083 39176 35795 10 1
2084 41120 37670 10 1
2085 41121 37670 10 1
2086 41122 37670 10 1
2087 41123 37670 10 1
2088 41124 37670 10 1
2089 41125 37670 10 1
2090 41126 37670 10 1
2091 41127 37670 10 1
2092 41128 37670 10 1
2093 41129 37670 10 1
2094 41130 37670 10 1
2095 41131 37670 10 1
2096 41132 37670 10 1
2097 41133 37670 10 1
2098 41134 37670 10 1
2099 41135 37670 10 1
2100 41136 37670 10 1
2101 41137 37670 10 1
2102 41138 37670 10 1
2103 41139 37670 10 1
2104 41140 37670 10 1
2105 41141 37670 10 1
2106 41142 37670 10 1
2107 41143 37670 10 1
2108 41144 37670 10 1
2109 41145 37670 10 1
2110 41146 37670 10 1
2111 41147 37670 10 1
2112 41148 37670 10 1
2113 41149 37670 10 1
2114 41150 37670 10 1
2115 41151 37670 10 1
2116 41152 37670 10 1
2117 41153 37670 10 1
2118 41154 37670 10 1
2119 41155 37670 10 1
2120 41156 37670 10 1
2121 41157 37670 10 1
2122 41158 37670 10 1
2123 41159 37670 10 1
2124 41160 37670 10 1
2125 41161 37670 10 1
2126 41162 37670 10 1
2127 41163 37670 10 1
2128 41164 37670 10 1
2129 41165 37670 10 1
2130 41166 37670 10 1
2131 41167 37670 10 1
2132 41168 37670 10 1
2133 41169 37670 10 1
2134 41170 37670 10 1
2135 41171 37670 10 1
2136 41172 37670 10 1
2137 41173 37670 10 1
2138 41174 37670 10 1
2139 41175 37670 10 1
2140 41176 37670 10 1
2141 41177 37670 10 1
2142 41178 37670 10 1
2143 41179 37670 10 1
2144 41180 37670 10 1
2145 41181 37670 10 1
2146 41182 37670 10 1
2147 41183 37670 10 1
2148 41184 37670 10 1
2149 41185 37670 10 1
2150 41186 37670 10 1
2151 41187 37670 10 1
2152 41188 37670 10 1
2153 41189 37670 10 1
2154 41190 37670 10 1
2155 41191 37670 10 1
2156 41192 37670 10 1
2157 41193 37670 10 1
2158 41194 37670 10 1
2159 41195 37670 10 1
2160 41196 37670 10 1
2161 41197 37670 10 1
2162 41198 37670 10 1
2163 41199 37670 10 1
2164 41200 37670 10 1
2165 41201 37670 10 1
2166 40029 36538 8 1
2167 40030 36538 8 1
2168 40031 36538 8 1
2169 40032 36538 8 1
2170 40033 36538 8 1
2171 40034 36538 8 1
2172 40035 36538 8 1
2173 40036 36538 8 1
2174 40037 36538 8 1
2175 40038 36538 8 1
2176 40039 36538 8 1
2177 40040 36538 8 1
2178 40041 36538 8 1
2179 40042 36538 8 1
2180 40043 36538 8 1
2181 40044 36538 8 1
2182 40045 36538 8 1
2183 41219 37670 10 1
2184 40047 36538 8 1
2185 40048 36538 8 1
2186 40049 36538 8 1
2187 40050 36538 8 1
2188 40051 36538 8 1
2189 40052 36538 8 1
2190 41226 37670 10 1
2191 40054 36538 8 1
2192 40055 36538 8 1
2193 40056 36538 8 1
2194 40057 36538 8 1
2195 40058 36538 8 1
2196 40059 36538 8 1
2197 40060 36538 8 1
2198 40061 36538 8 1
2199 41235 37670 10 1
2200 41236 37670 10 1
2201 40064 36538 8 1
2202 41238 37670 10 1
2203 41239 37670 10 1
2204 40067 36538 8 1
2205 40068 36538 8 1
2206 40069 36538 8 1
2207 41243 37670 10 1
2208 41244 37670 10 1
2209 40072 36538 8 1
2210 40073 36538 8 1
2211 40074 36538 8 1
2212 40075 36538 8 1
2213 41249 37670 10 1
2214 41250 37670 10 1
2215 40078 36538 8 1
2216 41252 37670 10 1
2217 41253 37670 10 1
2218 40081 36538 8 1
2219 41255 37670 10 1
2220 41256 37670 10 1
2221 41257 37670 10 1
2222 41258 37670 10 1
2223 41259 37670 10 1
2224 41260 37670 10 1
2225 41261 37670 10 1
2226 41262 37670 10 1
2227 41263 37670 10 1
2228 41264 37670 10 1
2229 41265 37670 10 1
2230 41266 37670 10 1
2231 41267 37670 10 1
2232 41268 37670 10 1
2233 41269 37670 10 1
2234 41270 37670 10 1
2235 40715 37133 3 1
2236 41272 37670 10 1
2237 41273 37670 10 1
2238 41274 37670 10 1
2239 41275 37670 10 1
2240 41276 37670 10 1
2241 41277 37670 10 1
2242 41278 37670 10 1
2243 41279 37670 10 1
2244 41280 37670 10 1
2245 40725 37133 3 1
2246 40726 37133 3 1
2247 41283 37670 10 1
2248 41284 37670 10 1
2249 41285 37670 10 1
2250 41286 37670 10 1
2251 41287 37670 10 1
2252 41288 37670 10 1
2253 41289 37670 10 1
2254 40734 37133 3 1
2255 40735 37133 3 1
2256 41292 37670 10 1
2257 41293 37670 10 1
2258 41294 37670 10 1
2259 41295 37670 10 1
2260 41296 37670 10 1
2261 40741 37133 3 1
2262 41298 37670 10 1
2263 41299 37670 10 1
2264 41300 37670 10 1
2265 41301 37670 10 1
2266 41302 37670 10 1
2267 41303 37670 10 1
2268 42947 39255 3 1
2269 42948 39255 3 1
2270 42949 39255 3 1
2271 42950 39255 3 1
2272 42951 39255 3 1
2273 41309 37670 10 1
2274 41310 37670 10 1
2275 42954 39255 3 1
2276 42955 39255 3 1
2277 42956 39255 3 1
2278 42957 39255 3 1
2279 45054 41278 8 1
2280 42959 39255 3 1
2281 42960 39255 3 1
2282 42961 39255 3 1
2283 42962 39255 3 1
2284 42963 39255 3 1
2285 45060 41278 8 1
2286 42965 39255 3 1
2287 45062 41278 8 1
2288 45063 41278 8 1
2289 42968 39255 3 1
2290 42969 39255 3 1
2291 42970 39255 3 1
2292 42971 39255 3 1
2293 41329 37670 10 1
2294 42973 39255 3 1
2295 42974 39255 3 1
2296 42975 39255 3 1
2297 42976 39255 3 1
2298 42977 39255 3 1
2299 42978 39255 3 1
2300 42979 39255 3 1
2301 42980 39255 3 1
2302 42981 39255 3 1
2303 42982 39255 3 1
2304 42983 39255 3 1
2305 42984 39255 3 1
2306 42985 39255 3 1
2307 42986 39255 3 1
2308 45083 41278 8 1
2309 42988 39255 3 1
2310 42989 39255 3 1
2311 42990 39255 3 1
2312 42991 39255 3 1
2313 42992 39255 3 1
2314 45089 41278 8 1
2315 42994 39255 3 1
2316 42995 39255 3 1
2317 45092 41278 8 1
2318 45093 41278 8 1
2319 45094 41278 8 1
2320 45095 41278 8 1
2321 45096 41278 8 1
2322 45097 41278 8 1
2323 45098 41278 8 1
2324 45099 41278 8 1
2325 45100 41278 8 1
2326 45101 41278 8 1
2327 45102 41278 8 1
2328 45103 41278 8 1
2329 45104 41278 8 1
2330 45105 41278 8 1
2331 45106 41278 8 1
2332 45107 41278 8 1
2333 45108 41278 8 1
2334 45109 41278 8 1
2335 45110 41278 8 1
2336 45111 41278 8 1
2337 45112 41278 8 1
2338 45113 41278 8 1
2339 45114 41278 8 1
2340 45115 41278 8 1
2341 45116 41278 8 1
2342 45117 41278 8 1
2343 45118 41278 8 1
2344 44348 40534 8 1
2345 44349 40534 8 1
2346 44350 40534 8 1
2347 45122 41278 8 1
2348 44352 40534 8 1
2349 44353 40534 8 1
2350 44354 40534 8 1
2351 45126 41278 8 1
2352 44356 40534 8 1
2353 45128 41278 8 1
2354 45129 41278 8 1
2355 44359 40534 8 1
2356 44360 40534 8 1
2357 44361 40534 8 1
2358 44362 40534 8 1
2359 45134 41278 8 1
2360 44364 40534 8 1
2361 45136 41278 8 1
2362 45137 41278 8 1
2363 44367 40534 8 1
2364 44368 40534 8 1
2365 44369 40534 8 1
2366 45141 41278 8 1
2367 44371 40534 8 1
2368 44372 40534 8 1
2369 44373 40534 8 1
2370 44374 40534 8 1
2371 44375 40534 8 1
2372 44376 40534 8 1
2373 44377 40534 8 1
2374 44378 40534 8 1
2375 44379 40534 8 1
2376 44380 40534 8 1
2377 44381 40534 8 1
2378 44382 40534 8 1
2379 44383 40534 8 1
2380 45155 41278 8 1
2381 44385 40534 8 1
2382 44386 40534 8 1
2383 44387 40534 8 1
2384 44388 40534 8 1
2385 45160 41278 8 1
2386 44390 40534 8 1
2387 44391 40534 8 1
2388 45163 41278 8 1
2389 44393 40534 8 1
2390 45165 41278 8 1
2391 45166 41278 8 1
2392 45167 41278 8 1
2393 45168 41278 8 1
2394 45169 41278 8 1
2395 45170 41278 8 1
2396 45171 41278 8 1
2397 45172 41278 8 1
2398 45173 41278 8 1
2399 45174 41278 8 1
2400 45175 41278 8 1
2401 45176 41278 8 1
2402 45177 41278 8 1
2403 45178 41278 8 1
2404 45179 41278 8 1
2405 45180 41278 8 1
2406 45181 41278 8 1
2407 45182 41278 8 1
2408 45183 41278 8 1
2409 45184 41278 8 1
2410 45185 41278 8 1
2411 45186 41278 8 1
2412 45187 41278 8 1
2413 45188 41278 8 1
2414 45189 41278 8 1
2415 45190 41278 8 1
2416 45191 41278 8 1
2417 45192 41278 8 1
2418 45193 41278 8 1
2419 45194 41278 8 1
2420 45195 41278 8 1
2421 45196 41278 8 1
2422 45197 41278 8 1
2423 45198 41278 8 1
2424 45199 41278 8 1
2425 45200 41278 8 1
2426 45201 41278 8 1
2427 45202 41278 8 1
2428 45203 41278 8 1
2429 45204 41278 8 1
2430 45205 41278 8 1
2431 45206 41278 8 1
2432 45207 41278 8 1
2433 45208 41278 8 1
2434 45209 41278 8 1
2435 45210 41278 8 1
2436 45211 41278 8 1
2437 45212 41278 8 1
2438 45213 41278 8 1
2439 45214 41278 8 1
2440 45215 41278 8 1
2441 45216 41278 8 1
2442 45217 41278 8 1
2443 45218 41278 8 1
2444 45219 41278 8 1
2445 45220 41278 8 1
2446 45221 41278 8 1
2447 45222 41278 8 1
2448 45223 41278 8 1
2449 45224 41278 8 1
2450 45225 41278 8 1
2451 45226 41278 8 1
2452 45227 41278 8 1
2453 45228 41278 8 1
2454 45229 41278 8 1
2455 45230 41278 8 1
2456 45231 41278 8 1
2457 45232 41278 8 1
2458 45233 41278 8 1
2459 45234 41278 8 1
2460 45235 41278 8 1
2461 45236 41278 8 1
2462 45237 41278 8 1
2463 45238 41278 8 1
2464 45239 41278 8 1
2465 45240 41278 8 1
2466 45241 41278 8 1
2467 45242 41278 8 1
2468 45243 41278 8 1
2469 45244 41278 8 1
2470 45245 41278 8 1
2471 45246 41278 8 1
2472 45247 41278 8 1
2473 45248 41278 8 1
2474 45249 41278 8 1
2475 45250 41278 8 1
2476 45251 41278 8 1
2477 45252 41278 8 1
2478 45253 41278 8 1
2479 45254 41278 8 1
2480 45343 41363 10 1
2481 45344 41363 10 1
2482 45345 41363 10 1
2483 45258 41278 8 1
2484 45259 41278 8 1
2485 45260 41278 8 1
2486 45261 41278 8 1
2487 45262 41278 8 1
2488 45263 41278 8 1
2489 45264 41278 8 1
2490 45265 41278 8 1
2491 45266 41278 8 1
2492 45267 41278 8 1
2493 45268 41278 8 1
2494 45269 41278 8 1
2495 45358 41363 10 1
2496 45271 41278 8 1
2497 45272 41278 8 1
2498 45273 41278 8 1
2499 45362 41363 10 1
2500 45363 41363 10 1
2501 47647 43566 8 1
2502 45365 41363 10 1
2503 45366 41363 10 1
2504 47650 43566 8 1
2505 47651 43566 8 1
2506 47652 43566 8 1
2507 45370 41363 10 1
2508 45371 41363 10 1
2509 45372 41363 10 1
2510 47656 43566 8 1
2511 47657 43566 8 1
2512 45375 41363 10 1
2513 45376 41363 10 1
2514 45377 41363 10 1
2515 45378 41363 10 1
2516 47662 43566 8 1
2517 45380 41363 10 1
2518 45381 41363 10 1
2519 45382 41363 10 1
2520 45383 41363 10 1
2521 45384 41363 10 1
2522 45385 41363 10 1
2523 47669 43566 8 1
2524 45387 41363 10 1
2525 45388 41363 10 1
2526 47672 43566 8 1
2527 47673 43566 8 1
2528 47674 43566 8 1
2529 47675 43566 8 1
2530 47676 43566 8 1
2531 45394 41363 10 1
2532 45395 41363 10 1
2533 45396 41363 10 1
2534 45397 41363 10 1
2535 45398 41363 10 1
2536 47682 43566 8 1
2537 45400 41363 10 1
2538 47684 43566 8 1
2539 45402 41363 10 1
2540 47686 43566 8 1
2541 47687 43566 8 1
2542 45405 41363 10 1
2543 50631 46405 10 1
2544 47690 43566 8 1
2545 47691 43566 8 1
2546 50634 46405 10 1
2547 50635 46405 10 1
2548 50636 46405 10 1
2549 50637 46405 10 1
2550 50638 46405 10 1
2551 50639 46405 10 1
2552 50640 46405 10 1
2553 47699 43566 8 1
2554 47700 43566 8 1
2555 47701 43566 8 1
2556 50644 46405 10 1
2557 50645 46405 10 1
2558 47704 43566 8 1
2559 47705 43566 8 1
2560 47706 43566 8 1
2561 47707 43566 8 1
2562 50650 46405 10 1
2563 50651 46405 10 1
2564 50652 46405 10 1
2565 50653 46405 10 1
2566 50654 46405 10 1
2567 50655 46405 10 1
2568 50656 46405 10 1
2569 50657 46405 10 1
2570 50658 46405 10 1
2571 50659 46405 10 1
2572 47718 43566 8 1
2573 47719 43566 8 1
2574 47720 43566 8 1
2575 47721 43566 8 1
2576 47722 43566 8 1
2577 47723 43566 8 1
2578 50666 46405 10 1
2579 47725 43566 8 1
2580 50668 46405 10 1
2581 47727 43566 8 1
2582 47728 43566 8 1
2583 47729 43566 8 1
2584 47730 43566 8 1
2585 47731 43566 8 1
2586 50674 46405 10 1
2587 47733 43566 8 1
2588 50676 46405 10 1
2589 47735 43566 8 1
2590 47736 43566 8 1
2591 47737 43566 8 1
2592 50680 46405 10 1
2593 47739 43566 8 1
2594 47740 43566 8 1
2595 47741 43566 8 1
2596 47742 43566 8 1
2597 47743 43566 8 1
2598 50686 46405 10 1
2599 47745 43566 8 1
2600 47746 43566 8 1
2601 47747 43566 8 1
2602 47748 43566 8 1
2603 47749 43566 8 1
2604 47750 43566 8 1
2605 47751 43566 8 1
2606 50694 46405 10 1
2607 50695 46405 10 1
2608 47754 43566 8 1
2609 47755 43566 8 1
2610 47756 43566 8 1
2611 47757 43566 8 1
2612 47758 43566 8 1
2613 47759 43566 8 1
2614 47760 43566 8 1
2615 50703 46405 10 1
2616 50704 46405 10 1
2617 50705 46405 10 1
2618 50706 46405 10 1
2619 47765 43566 8 1
2620 47766 43566 8 1
2621 50709 46405 10 1
2622 47768 43566 8 1
2623 47769 43566 8 1
2624 47770 43566 8 1
2625 47771 43566 8 1
2626 47772 43566 8 1
2627 50715 46405 10 1
2628 50716 46405 10 1
2629 50717 46405 10 1
2630 47776 43566 8 1
2631 47777 43566 8 1
2632 47778 43566 8 1
2633 47779 43566 8 1
2634 50722 46405 10 1
2635 50723 46405 10 1
2636 50724 46405 10 1
2637 50725 46405 10 1
2638 50726 46405 10 1
2639 50727 46405 10 1
2640 50728 46405 10 1
2641 50729 46405 10 1
2642 50730 46405 10 1
2643 50731 46405 10 1
2644 50732 46405 10 1
2645 50733 46405 10 1
2646 50734 46405 10 1
2647 50735 46405 10 1
2648 50736 46405 10 1
2649 50737 46405 10 1
2650 50738 46405 10 1
2651 50739 46405 10 1
2652 50740 46405 10 1
2653 50741 46405 10 1
2654 50742 46405 10 1
2655 50743 46405 10 1
2656 50744 46405 10 1
2657 50745 46405 10 1
2658 50746 46405 10 1
2659 50747 46405 10 1
2660 50748 46405 10 1
2661 52308 47909 3 1
2662 52309 47909 3 1
2663 50751 46405 10 1
2664 50752 46405 10 1
2665 50753 46405 10 1
2666 50754 46405 10 1
2667 47813 43566 8 1
2668 47814 43566 8 1
2669 47815 43566 8 1
2670 52317 47909 3 1
2671 50759 46405 10 1
2672 50760 46405 10 1
2673 50761 46405 10 1
2674 50762 46405 10 1
2675 52322 47909 3 1
2676 52323 47909 3 1
2677 50765 46405 10 1
2678 50766 46405 10 1
2679 50767 46405 10 1
2680 50768 46405 10 1
2681 52328 47909 3 1
2682 52329 47909 3 1
2683 50771 46405 10 1
2684 50772 46405 10 1
2685 52332 47909 3 1
2686 52333 47909 3 1
2687 52334 47909 3 1
2688 52335 47909 3 1
2689 52336 47909 3 1
2690 50778 46405 10 1
2691 52338 47909 3 1
2692 52339 47909 3 1
2693 50781 46405 10 1
2694 52341 47909 3 1
2695 52342 47909 3 1
2696 52343 47909 3 1
2697 52344 47909 3 1
2698 52345 47909 3 1
2699 52346 47909 3 1
2700 52347 47909 3 1
2701 52348 47909 3 1
2702 52349 47909 3 1
2703 52350 47909 3 1
2704 52351 47909 3 1
2705 52352 47909 3 1
2706 52353 47909 3 1
2707 50795 46405 10 1
2708 52355 47909 3 1
2709 52356 47909 3 1
2710 52357 47909 3 1
2711 52358 47909 3 1
2712 52359 47909 3 1
2713 52360 47909 3 1
2714 50802 46405 10 1
2715 50803 46405 10 1
2716 50804 46405 10 1
2717 50805 46405 10 1
2718 50806 46405 10 1
2719 52366 47909 3 1
2720 50808 46405 10 1
2721 52368 47909 3 1
2722 50810 46405 10 1
2723 50811 46405 10 1
2724 50812 46405 10 1
2725 50813 46405 10 1
2726 52373 47909 3 1
2727 50815 46405 10 1
2728 50816 46405 10 1
2729 50817 46405 10 1
2730 53018 48528 9 1
2731 50819 46405 10 1
2732 50820 46405 10 1
2733 50821 46405 10 1
2734 50822 46405 10 1
2735 50823 46405 10 1
2736 50824 46405 10 1
2737 50825 46405 10 1
2738 52385 47909 3 1
2739 52386 47909 3 1
2740 53028 48528 9 1
2741 50829 46405 10 1
2742 50830 46405 10 1
2743 53031 48528 9 1
2744 50832 46405 10 1
2745 53033 48528 9 1
2746 53034 48528 9 1
2747 50835 46405 10 1
2748 50836 46405 10 1
2749 53037 48528 9 1
2750 53038 48528 9 1
2751 53039 48528 9 1
2752 50840 46405 10 1
2753 50841 46405 10 1
2754 50842 46405 10 1
2755 50843 46405 10 1
2756 50844 46405 10 1
2757 53045 48528 9 1
2758 53046 48528 9 1
2759 50847 46405 10 1
2760 53048 48528 9 1
2761 53049 48528 9 1
2762 50850 46405 10 1
2763 50851 46405 10 1
2764 50852 46405 10 1
2765 53053 48528 9 1
2766 53054 48528 9 1
2767 53055 48528 9 1
2768 50856 46405 10 1
2769 50857 46405 10 1
2770 50858 46405 10 1
2771 50859 46405 10 1
2772 50860 46405 10 1
2773 53061 48528 9 1
2774 50862 46405 10 1
2775 53063 48528 9 1
2776 50864 46405 10 1
2777 50865 46405 10 1
2778 53066 48528 9 1
2779 53067 48528 9 1
2780 50868 46405 10 1
2781 50869 46405 10 1
2782 50870 46405 10 1
2783 50871 46405 10 1
2784 50872 46405 10 1
2785 50873 46405 10 1
2786 50874 46405 10 1
2787 50875 46405 10 1
2788 50876 46405 10 1
2789 53077 48528 9 1
2790 50878 46405 10 1
2791 50879 46405 10 1
2792 50880 46405 10 1
2793 50881 46405 10 1
2794 50882 46405 10 1
2795 50883 46405 10 1
2796 50884 46405 10 1
2797 53085 48528 9 1
2798 50886 46405 10 1
2799 50887 46405 10 1
2800 50888 46405 10 1
2801 50889 46405 10 1
2802 50890 46405 10 1
2803 53091 48528 9 1
2804 50892 46405 10 1
2805 50893 46405 10 1
2806 50894 46405 10 1
2807 53095 48528 9 1
2808 53096 48528 9 1
2809 53097 48528 9 1
2810 53098 48528 9 1
2811 53099 48528 9 1
2812 53100 48528 9 1
2813 53101 48528 9 1
2814 53102 48528 9 1
2815 53103 48528 9 1
2816 53104 48528 9 1
2817 53105 48528 9 1
2818 53106 48528 9 1
2819 53107 48528 9 1
2820 55807 51132 3 1
2821 53109 48528 9 1
2822 53110 48528 9 1
2823 53111 48528 9 1
2824 53112 48528 9 1
2825 53113 48528 9 1
2826 55813 51132 3 1
2827 55814 51132 3 1
2828 55815 51132 3 1
2829 55816 51132 3 1
2830 55817 51132 3 1
2831 55818 51132 3 1
2832 55819 51132 3 1
2833 55820 51132 3 1
2834 55821 51132 3 1
2835 55822 51132 3 1
2836 55823 51132 3 1
2837 55824 51132 3 1
2838 55825 51132 3 1
2839 55267 50593 9 1
2840 55827 51132 3 1
2841 55269 50593 9 1
2842 55270 50593 9 1
2843 55830 51132 3 1
2844 55272 50593 9 1
2845 55832 51132 3 1
2846 55833 51132 3 1
2847 55834 51132 3 1
2848 55835 51132 3 1
2849 55836 51132 3 1
2850 55837 51132 3 1
2851 55279 50593 9 1
2852 55280 50593 9 1
2853 55840 51132 3 1
2854 55282 50593 9 1
2855 55283 50593 9 1
2856 55284 50593 9 1
2857 55285 50593 9 1
2858 55845 51132 3 1
2859 55287 50593 9 1
2860 55288 50593 9 1
2861 55289 50593 9 1
2862 55290 50593 9 1
2863 55850 51132 3 1
2864 55292 50593 9 1
2865 55293 50593 9 1
2866 55294 50593 9 1
2867 55295 50593 9 1
2868 55296 50593 9 1
2869 55297 50593 9 1
2870 55298 50593 9 1
2871 55299 50593 9 1
2872 55300 50593 9 1
2873 55860 51132 3 1
2874 55861 51132 3 1
2875 55862 51132 3 1
2876 55863 51132 3 1
2877 55864 51132 3 1
2878 55306 50593 9 1
2879 55307 50593 9 1
2880 55867 51132 3 1
2881 55309 50593 9 1
2882 55310 50593 9 1
2883 55311 50593 9 1
2884 55871 51132 3 1
2885 55313 50593 9 1
2886 55873 51132 3 1
2887 55315 50593 9 1
2888 55316 50593 9 1
2889 55876 51132 3 1
2890 55318 50593 9 1
2891 55319 50593 9 1
2892 55320 50593 9 1
2893 55321 50593 9 1
2894 55322 50593 9 1
2895 55882 51132 3 1
2896 55324 50593 9 1
2897 55884 51132 3 1
2898 55885 51132 3 1
2899 55886 51132 3 1
2900 55887 51132 3 1
2901 55888 51132 3 1
2902 55889 51132 3 1
2903 55890 51132 3 1
2904 55891 51132 3 1
2905 55892 51132 3 1
2906 55893 51132 3 1
2907 55894 51132 3 1
2908 55895 51132 3 1
2909 55896 51132 3 1
2910 55897 51132 3 1
2911 55339 50593 9 1
2912 55340 50593 9 1
2913 55341 50593 9 1
2914 55342 50593 9 1
2915 55343 50593 9 1
2916 55344 50593 9 1
2917 55345 50593 9 1
2918 55346 50593 9 1
2919 55906 51132 3 1
2920 55907 51132 3 1
2921 55908 51132 3 1
2922 55909 51132 3 1
2923 55910 51132 3 1
2924 55352 50593 9 1
2925 55912 51132 3 1
2926 55913 51132 3 1
2927 55914 51132 3 1
2928 55915 51132 3 1
2929 55916 51132 3 1
2930 55358 50593 9 1
2931 55918 51132 3 1
2932 55360 50593 9 1
2933 55920 51132 3 1
2934 55362 50593 9 1
2935 55363 50593 9 1
2936 55923 51132 3 1
2937 55924 51132 3 1
2938 55366 50593 9 1
2939 55926 51132 3 1
2940 55368 50593 9 1
2941 55369 50593 9 1
2942 55370 50593 9 1
2943 55371 50593 9 1
2944 55372 50593 9 1
2945 55373 50593 9 1
2946 55933 51132 3 1
2947 55375 50593 9 1
2948 55376 50593 9 1
2949 55936 51132 3 1
2950 55937 51132 3 1
2951 55938 51132 3 1
2952 55380 50593 9 1
2953 55381 50593 9 1
2954 55941 51132 3 1
2955 55942 51132 3 1
2956 55943 51132 3 1
2957 55944 51132 3 1
2958 55945 51132 3 1
2959 55946 51132 3 1
2960 55947 51132 3 1
2961 55948 51132 3 1
2962 55949 51132 3 1
2963 55950 51132 3 1
2964 55951 51132 3 1
2965 55952 51132 3 1
2966 55953 51132 3 1
2967 55954 51132 3 1
2968 55955 51132 3 1
2969 55956 51132 3 1
2970 55957 51132 3 1
2971 55958 51132 3 1
2972 55959 51132 3 1
2973 55960 51132 3 1
2974 55961 51132 3 1
2975 55962 51132 3 1
2976 55963 51132 3 1
2977 55964 51132 3 1
2978 55965 51132 3 1
2979 55966 51132 3 1
2980 55967 51132 3 1
2981 55968 51132 3 1
2982 55969 51132 3 1
2983 55970 51132 3 1
2984 55971 51132 3 1
2985 55972 51132 3 1
2986 55973 51132 3 1
2987 55974 51132 3 1
2988 55975 51132 3 1
2989 55976 51132 3 1
2990 55977 51132 3 1
2991 55978 51132 3 1
2992 55979 51132 3 1
2993 55980 51132 3 1
2994 55981 51132 3 1
2995 55982 51132 3 1
2996 55983 51132 3 1
2997 55984 51132 3 1
2998 55985 51132 3 1
2999 55986 51132 3 1
3000 55987 51132 3 1
3001 55988 51132 3 1
3002 55989 51132 3 1
3003 55990 51132 3 1
3004 55991 51132 3 1
3005 55992 51132 3 1
3006 55993 51132 3 1
3007 55994 51132 3 1
3008 55995 51132 3 1
3009 55996 51132 3 1
3010 55997 51132 3 1
3011 55998 51132 3 1
3012 55999 51132 3 1
3013 56000 51132 3 1
3014 56001 51132 3 1
3015 56002 51132 3 1
3016 56003 51132 3 1
3017 56004 51132 3 1
3018 56005 51132 3 1
3019 56006 51132 3 1
3020 56007 51132 3 1
3021 56008 51132 3 1
3022 56009 51132 3 1
3023 56010 51132 3 1
3024 56011 51132 3 1
3025 56012 51132 3 1
3026 56013 51132 3 1
3027 56014 51132 3 1
3028 56015 51132 3 1
3029 56016 51132 3 1
3030 56017 51132 3 1
3031 56018 51132 3 1
3032 56019 51132 3 1
3033 56020 51132 3 1
3034 56021 51132 3 1
3035 56022 51132 3 1
3036 56023 51132 3 1
3037 56024 51132 3 1
3038 56025 51132 3 1
3039 56026 51132 3 1
3040 56027 51132 3 1
3041 56028 51132 3 1
3042 56029 51132 3 1
3043 56030 51132 3 1
3044 56031 51132 3 1
3045 56032 51132 3 1
3046 56033 51132 3 1
3047 56034 51132 3 1
3048 56035 51132 3 1
3049 56036 51132 3 1
3050 56037 51132 3 1
3051 56038 51132 3 1
3052 56039 51132 3 1
3053 56040 51132 3 1
3054 56041 51132 3 1
3055 56042 51132 3 1
3056 56043 51132 3 1
3057 56044 51132 3 1
3058 56045 51132 3 1
3059 56046 51132 3 1
3060 56047 51132 3 1
3061 56048 51132 3 1
3062 56049 51132 3 1
3063 56050 51132 3 1
3064 56051 51132 3 1
3065 57030 52076 5 1
3066 56053 51132 3 1
3067 56054 51132 3 1
3068 56055 51132 3 1
3069 56056 51132 3 1
3070 57035 52076 5 1
3071 57036 52076 5 1
3072 56059 51132 3 1
3073 57038 52076 5 1
3074 57039 52076 5 1
3075 57040 52076 5 1
3076 57041 52076 5 1
3077 57042 52076 5 1
3078 57043 52076 5 1
3079 57044 52076 5 1
3080 57045 52076 5 1
3081 57046 52076 5 1
3082 57047 52076 5 1
3083 57048 52076 5 1
3084 57049 52076 5 1
3085 57050 52076 5 1
3086 57051 52076 5 1
3087 57052 52076 5 1
3088 57053 52076 5 1
3089 59830 54755 10 1
3090 59831 54755 10 1
3091 59832 54755 10 1
3092 59833 54755 10 1
3093 57058 52076 5 1
3094 57059 52076 5 1
3095 56082 51132 3 1
3096 56083 51132 3 1
3097 56084 51132 3 1
3098 56085 51132 3 1
3099 56086 51132 3 1
3100 59841 54755 10 1
3101 56088 51132 3 1
3102 56089 51132 3 1
3103 59844 54755 10 1
3104 56091 51132 3 1
3105 56092 51132 3 1
3106 56093 51132 3 1
3107 56094 51132 3 1
3108 59849 54755 10 1
3109 56096 51132 3 1
3110 56097 51132 3 1
3111 59852 54755 10 1
3112 56099 51132 3 1
3113 56100 51132 3 1
3114 59855 54755 10 1
3115 59856 54755 10 1
3116 56103 51132 3 1
3117 57082 52076 5 1
3118 57083 52076 5 1
3119 57084 52076 5 1
3120 57085 52076 5 1
3121 59862 54755 10 1
3122 59863 54755 10 1
3123 59864 54755 10 1
3124 59865 54755 10 1
3125 59866 54755 10 1
3126 56113 51132 3 1
3127 59868 54755 10 1
3128 57093 52076 5 1
3129 56116 51132 3 1
3130 56117 51132 3 1
3131 56118 51132 3 1
3132 56119 51132 3 1
3133 56120 51132 3 1
3134 56121 51132 3 1
3135 56122 51132 3 1
3136 56123 51132 3 1
3137 56124 51132 3 1
3138 56125 51132 3 1
3139 56126 51132 3 1
3140 56127 51132 3 1
3141 56128 51132 3 1
3142 56129 51132 3 1
3143 56130 51132 3 1
3144 56131 51132 3 1
3145 56132 51132 3 1
3146 56133 51132 3 1
3147 56134 51132 3 1
3148 56135 51132 3 1
3149 56136 51132 3 1
3150 56137 51132 3 1
3151 56138 51132 3 1
3152 56139 51132 3 1
3153 59894 54755 10 1
3154 59895 54755 10 1
3155 56142 51132 3 1
3156 56143 51132 3 1
3157 56144 51132 3 1
3158 56145 51132 3 1
3159 56146 51132 3 1
3160 56147 51132 3 1
3161 61432 56231 3 1
3162 56149 51132 3 1
3163 59904 54755 10 1
3164 61435 56231 3 1
3165 59906 54755 10 1
3166 61437 56231 3 1
3167 61438 56231 3 1
3168 61439 56231 3 1
3169 59910 54755 10 1
3170 59911 54755 10 1
3171 57136 52076 5 1
3172 59913 54755 10 1
3173 59914 54755 10 1
3174 59915 54755 10 1
3175 59916 54755 10 1
3176 59917 54755 10 1
3177 59918 54755 10 1
3178 59919 54755 10 1
3179 59920 54755 10 1
3180 59921 54755 10 1
3181 59922 54755 10 1
3182 61453 56231 3 1
3183 59924 54755 10 1
3184 61455 56231 3 1
3185 57150 52076 5 1
3186 61457 56231 3 1
3187 59928 54755 10 1
3188 57153 52076 5 1
3189 57154 52076 5 1
3190 57155 52076 5 1
3191 57156 52076 5 1
3192 57157 52076 5 1
3193 57158 52076 5 1
3194 61465 56231 3 1
3195 56182 51132 3 1
3196 57161 52076 5 1
3197 61468 56231 3 1
3198 57163 52076 5 1
3199 61470 56231 3 1
3200 61471 56231 3 1
3201 61472 56231 3 1
3202 56189 51132 3 1
3203 56190 51132 3 1
3204 56191 51132 3 1
3205 61476 56231 3 1
3206 61477 56231 3 1
3207 56194 51132 3 1
3208 61479 56231 3 1
3209 61480 56231 3 1
3210 61481 56231 3 1
3211 61482 56231 3 1
3212 61483 56231 3 1
3213 61484 56231 3 1
3214 61485 56231 3 1
3215 61486 56231 3 1
3216 61487 56231 3 1
3217 61488 56231 3 1
3218 61489 56231 3 1
3219 61490 56231 3 1
3220 61491 56231 3 1
3221 61492 56231 3 1
3222 61493 56231 3 1
3223 61494 56231 3 1
3224 61495 56231 3 1
3225 61496 56231 3 1
3226 61497 56231 3 1
3227 61498 56231 3 1
3228 61499 56231 3 1
3229 61500 56231 3 1
3230 61501 56231 3 1
3231 61502 56231 3 1
3232 61503 56231 3 1
3233 61504 56231 3 1
3234 61505 56231 3 1
3235 61506 56231 3 1
3236 61507 56231 3 1
3237 61508 56231 3 1
3238 61509 56231 3 1
3239 61510 56231 3 1
3240 61511 56231 3 1
3241 61512 56231 3 1
3242 61513 56231 3 1
3243 61514 56231 3 1
3244 61515 56231 3 1
3245 61516 56231 3 1
3246 61517 56231 3 1
3247 61518 56231 3 1
3248 61519 56231 3 1
3249 61520 56231 3 1
3250 61521 56231 3 1
3251 61522 56231 3 1
3252 61523 56231 3 1
3253 61524 56231 3 1
3254 61525 56231 3 1
3255 61526 56231 3 1
3256 61527 56231 3 1
3257 61528 56231 3 1
3258 61529 56231 3 1
3259 63486 58119 10 1
3260 61531 56231 3 1
3261 61532 56231 3 1
3262 61533 56231 3 1
3263 63490 58119 10 1
3264 61535 56231 3 1
3265 61536 56231 3 1
3266 63493 58119 10 1
3267 63494 58119 10 1
3268 63495 58119 10 1
3269 63496 58119 10 1
3270 63497 58119 10 1
3271 63498 58119 10 1
3272 63499 58119 10 1
3273 61544 56231 3 1
3274 63501 58119 10 1
3275 63502 58119 10 1
3276 63503 58119 10 1
3277 63504 58119 10 1
3278 63505 58119 10 1
3279 63506 58119 10 1
3280 63507 58119 10 1
3281 63508 58119 10 1
3282 63509 58119 10 1
3283 63510 58119 10 1
3284 63511 58119 10 1
3285 63512 58119 10 1
3286 63513 58119 10 1
3287 63514 58119 10 1
3288 63515 58119 10 1
3289 63516 58119 10 1
3290 63517 58119 10 1
3291 63518 58119 10 1
3292 63519 58119 10 1
3293 63520 58119 10 1
3294 63521 58119 10 1
3295 63522 58119 10 1
3296 63523 58119 10 1
3297 63524 58119 10 1
3298 63525 58119 10 1
3299 63526 58119 10 1
3300 63527 58119 10 1
3301 63528 58119 10 1
3302 63529 58119 10 1
3303 63530 58119 10 1
3304 63531 58119 10 1
3305 63532 58119 10 1
3306 63533 58119 10 1
3307 63534 58119 10 1
3308 63535 58119 10 1
3309 63536 58119 10 1
3310 63537 58119 10 1
3311 63538 58119 10 1
3312 63539 58119 10 1
3313 63540 58119 10 1
3314 63541 58119 10 1
3315 63542 58119 10 1
3316 63543 58119 10 1
3317 63544 58119 10 1
3318 63545 58119 10 1
3319 63546 58119 10 1
3320 63547 58119 10 1
3321 63548 58119 10 1
3322 63549 58119 10 1
3323 63550 58119 10 1
3324 63551 58119 10 1
3325 63552 58119 10 1
3326 63553 58119 10 1
3327 63554 58119 10 1
3328 63555 58119 10 1
3329 63556 58119 10 1
3330 63557 58119 10 1
3331 63558 58119 10 1
3332 63559 58119 10 1
3333 63560 58119 10 1
3334 63561 58119 10 1
3335 63562 58119 10 1
3336 63563 58119 10 1
3337 63564 58119 10 1
3338 63565 58119 10 1
3339 63566 58119 10 1
3340 63567 58119 10 1
3341 63568 58119 10 1
3342 63569 58119 10 1
3343 63570 58119 10 1
3344 63571 58119 10 1
3345 63572 58119 10 1
3346 63573 58119 10 1
3347 63574 58119 10 1
3348 63575 58119 10 1
3349 63576 58119 10 1
3350 63577 58119 10 1
3351 63578 58119 10 1
3352 63579 58119 10 1
3353 63580 58119 10 1
3354 63581 58119 10 1
3355 63582 58119 10 1
3356 63583 58119 10 1
3357 63584 58119 10 1
3358 63585 58119 10 1
3359 63586 58119 10 1
3360 63587 58119 10 1
3361 63588 58119 10 1
3362 63589 58119 10 1
3363 63590 58119 10 1
3364 63591 58119 10 1
3365 63592 58119 10 1
3366 63593 58119 10 1
3367 63594 58119 10 1
3368 63595 58119 10 1
3369 63596 58119 10 1
3370 63597 58119 10 1
3371 63598 58119 10 1
3372 63599 58119 10 1
3373 63600 58119 10 1
3374 63601 58119 10 1
3375 63602 58119 10 1
3376 63603 58119 10 1
3377 63604 58119 10 1
3378 63605 58119 10 1
3379 63606 58119 10 1
3380 63607 58119 10 1
3381 63608 58119 10 1
3382 63609 58119 10 1
3383 63610 58119 10 1
3384 63611 58119 10 1
3385 63612 58119 10 1
3386 63613 58119 10 1
3387 63614 58119 10 1
3388 63615 58119 10 1
3389 63185 57703 8 1
3390 63186 57703 8 1
3391 63187 57703 8 1
3392 63188 57703 8 1
3393 63189 57703 8 1
3394 63190 57703 8 1
3395 63622 58119 10 1
3396 63623 58119 10 1
3397 63624 58119 10 1
3398 63625 58119 10 1
3399 63626 58119 10 1
3400 63196 57703 8 1
3401 63628 58119 10 1
3402 63198 57703 8 1
3403 63199 57703 8 1
3404 63631 58119 10 1
3405 63632 58119 10 1
3406 63633 58119 10 1
3407 63634 58119 10 1
3408 63635 58119 10 1
3409 63205 57703 8 1
3410 63206 57703 8 1
3411 63207 57703 8 1
3412 63208 57703 8 1
3413 63209 57703 8 1
3414 63210 57703 8 1
3415 63211 57703 8 1
3416 63212 57703 8 1
3417 63213 57703 8 1
3418 63214 57703 8 1
3419 63215 57703 8 1
3420 66442 60816 8 1
3421 66443 60816 8 1
3422 63218 57703 8 1
3423 63219 57703 8 1
3424 63220 57703 8 1
3425 66447 60816 8 1
3426 66448 60816 8 1
3427 66449 60816 8 1
3428 63224 57703 8 1
3429 63225 57703 8 1
3430 63226 57703 8 1
3431 66453 60816 8 1
3432 66454 60816 8 1
3433 63229 57703 8 1
3434 63230 57703 8 1
3435 66457 60816 8 1
3436 63232 57703 8 1
3437 63233 57703 8 1
3438 63234 57703 8 1
3439 63235 57703 8 1
3440 63236 57703 8 1
3441 63237 57703 8 1
3442 63238 57703 8 1
3443 63239 57703 8 1
3444 63240 57703 8 1
3445 66467 60816 8 1
3446 66468 60816 8 1
3447 63243 57703 8 1
3448 63244 57703 8 1
3449 63245 57703 8 1
3450 63246 57703 8 1
3451 66473 60816 8 1
3452 66474 60816 8 1
3453 63249 57703 8 1
3454 63250 57703 8 1
3455 66477 60816 8 1
3456 66478 60816 8 1
3457 66479 60816 8 1
3458 66480 60816 8 1
3459 66481 60816 8 1
3460 66482 60816 8 1
3461 66483 60816 8 1
3462 63258 57703 8 1
3463 66485 60816 8 1
3464 66486 60816 8 1
3465 66487 60816 8 1
3466 66488 60816 8 1
3467 66489 60816 8 1
3468 66490 60816 8 1
3469 66491 60816 8 1
3470 66492 60816 8 1
3471 66493 60816 8 1
3472 66494 60816 8 1
3473 66495 60816 8 1
3474 66496 60816 8 1
3475 66497 60816 8 1
3476 66498 60816 8 1
3477 66499 60816 8 1
3478 66500 60816 8 1
3479 66501 60816 8 1
3480 66502 60816 8 1
3481 66503 60816 8 1
3482 66504 60816 8 1
3483 66505 60816 8 1
3484 66506 60816 8 1
3485 66507 60816 8 1
3486 66508 60816 8 1
3487 66509 60816 8 1
3488 66510 60816 8 1
3489 66511 60816 8 1
3490 66512 60816 8 1
3491 66513 60816 8 1
3492 66514 60816 8 1
3493 66515 60816 8 1
3494 65663 59993 10 1
3495 65664 59993 10 1
3496 65665 59993 10 1
3497 65666 59993 10 1
3498 65667 59993 10 1
3499 65668 59993 10 1
3500 65669 59993 10 1
3501 66523 60816 8 1
3502 65671 59993 10 1
3503 65672 59993 10 1
3504 68629 62845 3 1
3505 66527 60816 8 1
3506 66528 60816 8 1
3507 66529 60816 8 1
3508 68633 62845 3 1
3509 68634 62845 3 1
3510 66532 60816 8 1
3511 66533 60816 8 1
3512 66534 60816 8 1
3513 66535 60816 8 1
3514 66536 60816 8 1
3515 66537 60816 8 1
3516 65685 59993 10 1
3517 66539 60816 8 1
3518 66540 60816 8 1
3519 66541 60816 8 1
3520 66542 60816 8 1
3521 65690 59993 10 1
3522 65691 59993 10 1
3523 65692 59993 10 1
3524 65693 59993 10 1
3525 65694 59993 10 1
3526 65695 59993 10 1
3527 65696 59993 10 1
3528 65697 59993 10 1
3529 65698 59993 10 1
3530 65699 59993 10 1
3531 65700 59993 10 1
3532 65701 59993 10 1
3533 65702 59993 10 1
3534 65703 59993 10 1
3535 68660 62845 3 1
3536 65705 59993 10 1
3537 65706 59993 10 1
3538 68663 62845 3 1
3539 65708 59993 10 1
3540 68665 62845 3 1
3541 65710 59993 10 1
3542 65711 59993 10 1
3543 65712 59993 10 1
3544 68669 62845 3 1
3545 68670 62845 3 1
3546 68671 62845 3 1
3547 68672 62845 3 1
3548 68673 62845 3 1
3549 65718 59993 10 1
3550 68675 62845 3 1
3551 68676 62845 3 1
3552 68677 62845 3 1
3553 68678 62845 3 1
3554 68679 62845 3 1
3555 68680 62845 3 1
3556 66578 60816 8 1
3557 68682 62845 3 1
3558 68683 62845 3 1
3559 68684 62845 3 1
3560 66582 60816 8 1
3561 68686 62845 3 1
3562 68687 62845 3 1
3563 68688 62845 3 1
3564 68689 62845 3 1
3565 68690 62845 3 1
3566 68691 62845 3 1
3567 68692 62845 3 1
3568 68693 62845 3 1
3569 66591 60816 8 1
3570 68695 62845 3 1
3571 68696 62845 3 1
3572 68697 62845 3 1
3573 68698 62845 3 1
3574 66596 60816 8 1
3575 66597 60816 8 1
3576 68701 62845 3 1
3577 68702 62845 3 1
3578 68703 62845 3 1
3579 68704 62845 3 1
3580 68705 62845 3 1
3581 68706 62845 3 1
3582 68707 62845 3 1
3583 68708 62845 3 1
3584 68709 62845 3 1
3585 68710 62845 3 1
3586 68711 62845 3 1
3587 68712 62845 3 1
3588 68713 62845 3 1
3589 68714 62845 3 1
3590 68715 62845 3 1
3591 68716 62845 3 1
3592 68717 62845 3 1
3593 68718 62845 3 1
3594 68719 62845 3 1
3595 68720 62845 3 1
3596 68721 62845 3 1
3597 68722 62845 3 1
3598 68723 62845 3 1
3599 68724 62845 3 1
3600 68725 62845 3 1
3601 68726 62845 3 1
3602 68727 62845 3 1
3603 68728 62845 3 1
3604 68729 62845 3 1
3605 67830 61979 1348 642
3606 68731 62845 3 1
3607 68732 62845 3 1
3608 68733 62845 3 1
3609 68734 62845 3 1
3610 68735 62845 3 1
3611 68736 62845 3 1
3612 68737 62845 3 1
3613 68738 62845 3 1
3614 68739 62845 3 1
3615 68740 62845 3 1
3616 68741 62845 3 1
3617 68742 62845 3 1
3618 68743 62845 3 1
3619 68744 62845 3 1
3620 68745 62845 3 1
3621 68746 62845 3 1
3622 67847 61979 1348 642
3623 67848 61979 1348 642
3624 68749 62845 3 1
3625 68750 62845 3 1
3626 67851 61979 1348 642
3627 67852 61979 1348 642
3628 67853 61979 1348 642
3629 67854 61979 1348 642
3630 67855 61979 1348 642
3631 68756 62845 3 1
3632 67857 61979 1348 642
3633 68758 62845 3 1
3634 70113 64152 8 1
3635 67860 61979 1348 642
3636 67861 61979 1348 642
3637 67862 61979 1348 642
3638 67863 61979 1348 642
3639 67864 61979 1348 642
3640 70119 64152 8 1
3641 70120 64152 8 1
3642 70121 64152 8 1
3643 67868 61979 1348 642
3644 70123 64152 8 1
3645 67870 61979 1348 642
3646 67871 61979 1348 642
3647 67872 61979 1348 642
3648 70127 64152 8 1
3649 67874 61979 1348 642
3650 67875 61979 1348 642
3651 70130 64152 8 1
3652 70131 64152 8 1
3653 67878 61979 1348 642
3654 70133 64152 8 1
3655 70134 64152 8 1
3656 70135 64152 8 1
3657 70136 64152 8 1
3658 70137 64152 8 1
3659 70138 64152 8 1
3660 70139 64152 8 1
3661 70140 64152 8 1
3662 70141 64152 8 1
3663 70142 64152 8 1
3664 70143 64152 8 1
3665 70144 64152 8 1
3666 70145 64152 8 1
3667 70146 64152 8 1
3668 70147 64152 8 1
3669 70148 64152 8 1
3670 70149 64152 8 1
3671 70150 64152 8 1
3672 70151 64152 8 1
3673 70152 64152 8 1
3674 70153 64152 8 1
3675 70154 64152 8 1
3676 70155 64152 8 1
3677 70156 64152 8 1
3678 70157 64152 8 1
3679 70158 64152 8 1
3680 70159 64152 8 1
3681 70160 64152 8 1
3682 70161 64152 8 1
3683 70162 64152 8 1
3684 70163 64152 8 1
3685 70164 64152 8 1
3686 70165 64152 8 1
3687 70166 64152 8 1
3688 70167 64152 8 1
3689 70168 64152 8 1
3690 70169 64152 8 1
3691 70170 64152 8 1
3692 70171 64152 8 1
3693 70172 64152 8 1
3694 70173 64152 8 1
3695 70174 64152 8 1
3696 70175 64152 8 1
3697 70176 64152 8 1
3698 70177 64152 8 1
3699 70178 64152 8 1
3700 70179 64152 8 1
3701 70180 64152 8 1
3702 70181 64152 8 1
3703 70182 64152 8 1
3704 70183 64152 8 1
3705 70184 64152 8 1
3706 70185 64152 8 1
3707 70186 64152 8 1
3708 70187 64152 8 1
3709 70188 64152 8 1
3710 70189 64152 8 1
3711 70190 64152 8 1
3712 70191 64152 8 1
3713 70192 64152 8 1
3714 70193 64152 8 1
3715 70194 64152 8 1
3716 70195 64152 8 1
3717 70196 64152 8 1
3718 70197 64152 8 1
3719 70198 64152 8 1
3720 70199 64152 8 1
3721 70200 64152 8 1
3722 70201 64152 8 1
3723 70202 64152 8 1
3724 70203 64152 8 1
3725 70204 64152 8 1
3726 70205 64152 8 1
3727 70206 64152 8 1
3728 70207 64152 8 1
3729 70208 64152 8 1
3730 70209 64152 8 1
3731 70210 64152 8 1
3732 70211 64152 8 1
3733 70212 64152 8 1
3734 70213 64152 8 1
3735 70214 64152 8 1
3736 70215 64152 8 1
3737 70216 64152 8 1
3738 72856 66698 2 1
3739 70218 64152 8 1
3740 70219 64152 8 1
3741 70220 64152 8 1
3742 70221 64152 8 1
3743 70222 64152 8 1
3744 70223 64152 8 1
3745 72863 66698 2 1
3746 70225 64152 8 1
3747 72865 66698 2 1
3748 70227 64152 8 1
3749 72867 66698 2 1
3750 70229 64152 8 1
3751 70230 64152 8 1
3752 70231 64152 8 1
3753 70232 64152 8 1
3754 72872 66698 2 1
3755 72873 66698 2 1
3756 70235 64152 8 1
3757 72875 66698 2 1
3758 72876 66698 2 1
3759 72877 66698 2 1
3760 72878 66698 2 1
3761 72879 66698 2 1
3762 72880 66698 2 1
3763 72881 66698 2 1
3764 72882 66698 2 1
3765 72883 66698 2 1
3766 72884 66698 2 1
3767 72885 66698 2 1
3768 72886 66698 2 1
3769 72887 66698 2 1
3770 72888 66698 2 1
3771 72889 66698 2 1
3772 72890 66698 2 1
3773 72891 66698 2 1
3774 72892 66698 2 1
3775 72893 66698 2 1
3776 72894 66698 2 1
3777 72895 66698 2 1
3778 72896 66698 2 1
3779 72897 66698 2 1
3780 72898 66698 2 1
3781 72899 66698 2 1
3782 72900 66698 2 1
3783 72901 66698 2 1
3784 72902 66698 2 1
3785 72903 66698 2 1
3786 72904 66698 2 1
3787 72905 66698 2 1
3788 72906 66698 2 1
3789 72907 66698 2 1
3790 72908 66698 2 1
3791 72909 66698 2 1
3792 72910 66698 2 1
3793 72911 66698 2 1
3794 72912 66698 2 1
3795 72913 66698 2 1
3796 72914 66698 2 1
3797 72915 66698 2 1
3798 72916 66698 2 1
3799 72917 66698 2 1
3800 72918 66698 2 1
3801 72919 66698 2 1
3802 72920 66698 2 1
3803 72921 66698 2 1
3804 72922 66698 2 1
3805 72923 66698 2 1
3806 72924 66698 2 1
3807 72925 66698 2 1
3808 72926 66698 2 1
3809 72927 66698 2 1
3810 72928 66698 2 1
3811 72929 66698 2 1
3812 72930 66698 2 1
3813 72931 66698 2 1
3814 72932 66698 2 1
3815 72933 66698 2 1
3816 72934 66698 2 1
3817 72935 66698 2 1
3818 72936 66698 2 1
3819 72937 66698 2 1
3820 72938 66698 2 1
3821 72939 66698 2 1
3822 72940 66698 2 1
3823 72941 66698 2 1
3824 72942 66698 2 1
3825 72943 66698 2 1
3826 72944 66698 2 1
3827 72945 66698 2 1
3828 72946 66698 2 1
3829 72947 66698 2 1
3830 72948 66698 2 1
3831 72949 66698 2 1
3832 72950 66698 2 1
3833 72951 66698 2 1
3834 72952 66698 2 1
3835 72953 66698 2 1
3836 72954 66698 2 1
3837 72955 66698 2 1
3838 72956 66698 2 1
3839 72957 66698 2 1
3840 72958 66698 2 1
3841 72959 66698 2 1
3842 72960 66698 2 1
3843 72961 66698 2 1
3844 72962 66698 2 1
3845 72963 66698 2 1
3846 72964 66698 2 1
3847 72965 66698 2 1
3848 72966 66698 2 1
3849 72967 66698 2 1
3850 72968 66698 2 1
3851 72969 66698 2 1
3852 72970 66698 2 1
3853 72971 66698 2 1
3854 72972 66698 2 1
3855 72973 66698 2 1
3856 72974 66698 2 1
3857 72975 66698 2 1
3858 72976 66698 2 1
3859 72977 66698 2 1
3860 72978 66698 2 1
3861 72979 66698 2 1
3862 72980 66698 2 1
3863 72981 66698 2 1
3864 72982 66698 2 1
3865 72983 66698 2 1
3866 72984 66698 2 1
3867 72985 66698 2 1
3868 72986 66698 2 1
3869 72987 66698 2 1
3870 72988 66698 2 1
3871 72989 66698 2 1
3872 72990 66698 2 1
3873 72991 66698 2 1
3874 72992 66698 2 1
3875 72993 66698 2 1
3876 72994 66698 2 1
3877 72995 66698 2 1
3878 72996 66698 2 1
3879 72997 66698 2 1
3880 72998 66698 2 1
3881 72999 66698 2 1
3882 73000 66698 2 1
3883 73001 66698 2 1
3884 73002 66698 2 1
3885 73003 66698 2 1
3886 73004 66698 2 1
3887 73005 66698 2 1
3888 73006 66698 2 1
3889 73007 66698 2 1
3890 73008 66698 2 1
3891 73009 66698 2 1
3892 73010 66698 2 1
3893 73011 66698 2 1
3894 73012 66698 2 1
3895 73013 66698 2 1
3896 73014 66698 2 1
3897 73015 66698 2 1
3898 73016 66698 2 1
3899 73017 66698 2 1
3900 73018 66698 2 1
3901 73019 66698 2 1
3902 73020 66698 2 1
3903 73021 66698 2 1
3904 73022 66698 2 1
3905 73023 66698 2 1
3906 73024 66698 2 1
3907 73025 66698 2 1
3908 73026 66698 2 1
3909 73027 66698 2 1
3910 73028 66698 2 1
3911 73029 66698 2 1
3912 73030 66698 2 1
3913 73031 66698 2 1
3914 73032 66698 2 1
3915 73033 66698 2 1
3916 73034 66698 2 1
3917 73035 66698 2 1
3918 73036 66698 2 1
3919 73037 66698 2 1
3920 73038 66698 2 1
3921 73039 66698 2 1
3922 73040 66698 2 1
3923 73041 66698 2 1
3924 73042 66698 2 1
3925 73043 66698 2 1
3926 73044 66698 2 1
3927 73045 66698 2 1
3928 73046 66698 2 1
3929 73047 66698 2 1
3930 73048 66698 2 1
3931 73049 66698 2 1
3932 73050 66698 2 1
3933 73051 66698 2 1
3934 73052 66698 2 1
3935 73053 66698 2 1
3936 73054 66698 2 1
3937 73055 66698 2 1
3938 73056 66698 2 1
3939 73057 66698 2 1
3940 73058 66698 2 1
3941 73059 66698 2 1
3942 73060 66698 2 1
3943 73061 66698 2 1
3944 73062 66698 2 1
3945 73063 66698 2 1
3946 73064 66698 2 1
3947 73065 66698 2 1
3948 73066 66698 2 1
3949 73067 66698 2 1
3950 73068 66698 2 1
3951 73069 66698 2 1
3952 73070 66698 2 1
3953 73071 66698 2 1
3954 73072 66698 2 1
3955 73073 66698 2 1
3956 73074 66698 2 1
3957 73075 66698 2 1
3958 73076 66698 2 1
3959 73077 66698 2 1
3960 73078 66698 2 1
3961 73079 66698 2 1
3962 73080 66698 2 1
3963 73081 66698 2 1
3964 73082 66698 2 1
3965 74815 68370 9 1
3966 73084 66698 2 1
3967 73085 66698 2 1
3968 73086 66698 2 1
3969 73087 66698 2 1
3970 73088 66698 2 1
3971 73089 66698 2 1
3972 73090 66698 2 1
3973 73091 66698 2 1
3974 73092 66698 2 1
3975 73093 66698 2 1
3976 73094 66698 2 1
3977 73095 66698 2 1
3978 73096 66698 2 1
3979 73097 66698 2 1
3980 73098 66698 2 1
3981 73099 66698 2 1
3982 73100 66698 2 1
3983 73101 66698 2 1
3984 73102 66698 2 1
3985 73103 66698 2 1
3986 73104 66698 2 1
3987 73105 66698 2 1
3988 73106 66698 2 1
3989 73107 66698 2 1
3990 73108 66698 2 1
3991 73109 66698 2 1
3992 73110 66698 2 1
3993 73111 66698 2 1
3994 73112 66698 2 1
3995 73113 66698 2 1
3996 73114 66698 2 1
3997 73115 66698 2 1
3998 73116 66698 2 1
3999 73117 66698 2 1
4000 73118 66698 2 1
4001 74851 68370 9 1
4002 73120 66698 2 1
4003 74853 68370 9 1
4004 74854 68370 9 1
4005 74855 68370 9 1
4006 74856 68370 9 1
4007 74857 68370 9 1
4008 74858 68370 9 1
4009 74859 68370 9 1
4010 74860 68370 9 1
4011 73129 66698 2 1
4012 74862 68370 9 1
4013 73131 66698 2 1
4014 74864 68370 9 1
4015 74865 68370 9 1
4016 74866 68370 9 1
4017 74867 68370 9 1
4018 74868 68370 9 1
4019 73137 66698 2 1
4020 74870 68370 9 1
4021 74871 68370 9 1
4022 73140 66698 2 1
4023 74873 68370 9 1
4024 74874 68370 9 1
4025 73143 66698 2 1
4026 73144 66698 2 1
4027 74877 68370 9 1
4028 74878 68370 9 1
4029 73147 66698 2 1
4030 73148 66698 2 1
4031 73149 66698 2 1
4032 74882 68370 9 1
4033 74883 68370 9 1
4034 74884 68370 9 1
4035 73153 66698 2 1
4036 73154 66698 2 1
4037 73155 66698 2 1
4038 73156 66698 2 1
4039 73157 66698 2 1
4040 73158 66698 2 1
4041 73159 66698 2 1
4042 73160 66698 2 1
4043 73161 66698 2 1
4044 73162 66698 2 1
4045 74895 68370 9 1
4046 74896 68370 9 1
4047 73165 66698 2 1
4048 73166 66698 2 1
4049 73167 66698 2 1
4050 73168 66698 2 1
4051 74901 68370 9 1
4052 76443 69857 9 1
4053 74903 68370 9 1
4054 76445 69857 9 1
4055 74905 68370 9 1
4056 76447 69857 9 1
4057 74907 68370 9 1
4058 74908 68370 9 1
4059 74909 68370 9 1
4060 76451 69857 9 1
4061 74911 68370 9 1
4062 74912 68370 9 1
4063 76454 69857 9 1
4064 74914 68370 9 1
4065 76456 69857 9 1
4066 74916 68370 9 1
4067 74917 68370 9 1
4068 76459 69857 9 1
4069 74919 68370 9 1
4070 74920 68370 9 1
4071 76462 69857 9 1
4072 74922 68370 9 1
4073 74923 68370 9 1
4074 76465 69857 9 1
4075 74925 68370 9 1
4076 74926 68370 9 1
4077 76468 69857 9 1
4078 76469 69857 9 1
4079 76470 69857 9 1
4080 76471 69857 9 1
4081 76472 69857 9 1
4082 74932 68370 9 1
4083 74933 68370 9 1
4084 74934 68370 9 1
4085 76476 69857 9 1
4086 76477 69857 9 1
4087 74937 68370 9 1
4088 76479 69857 9 1
4089 74939 68370 9 1
4090 76481 69857 9 1
4091 76482 69857 9 1
4092 76483 69857 9 1
4093 74943 68370 9 1
4094 76485 69857 9 1
4095 76486 69857 9 1
4096 76487 69857 9 1
4097 74947 68370 9 1
4098 74948 68370 9 1
4099 74949 68370 9 1
4100 74950 68370 9 1
4101 74951 68370 9 1
4102 74952 68370 9 1
4103 74953 68370 9 1
4104 74954 68370 9 1
4105 74955 68370 9 1
4106 74956 68370 9 1
4107 74957 68370 9 1
4108 74958 68370 9 1
4109 74959 68370 9 1
4110 74960 68370 9 1
4111 74961 68370 9 1
4112 74962 68370 9 1
4113 74963 68370 9 1
4114 74964 68370 9 1
4115 74965 68370 9 1
4116 74966 68370 9 1
4117 74967 68370 9 1
4118 74968 68370 9 1
4119 74969 68370 9 1
4120 74970 68370 9 1
4121 76512 69857 9 1
4122 74972 68370 9 1
4123 74973 68370 9 1
4124 74974 68370 9 1
4125 74975 68370 9 1
4126 74976 68370 9 1
4127 74977 68370 9 1
4128 74978 68370 9 1
4129 74979 68370 9 1
4130 76521 69857 9 1
4131 76522 69857 9 1
4132 76523 69857 9 1
4133 74983 68370 9 1
4134 76525 69857 9 1
4135 76526 69857 9 1
4136 76527 69857 9 1
4137 76528 69857 9 1
4138 76529 69857 9 1
4139 76530 69857 9 1
4140 76531 69857 9 1
4141 76532 69857 9 1
4142 78305 71567 10 1
4143 76534 69857 9 1
4144 76535 69857 9 1
4145 76536 69857 9 1
4146 78309 71567 10 1
4147 78310 71567 10 1
4148 76539 69857 9 1
4149 78312 71567 10 1
4150 76541 69857 9 1
4151 76542 69857 9 1
4152 78315 71567 10 1
4153 76544 69857 9 1
4154 78317 71567 10 1
4155 76546 69857 9 1
4156 78319 71567 10 1
4157 76548 69857 9 1
4158 76549 69857 9 1
4159 78322 71567 10 1
4160 78323 71567 10 1
4161 78324 71567 10 1
4162 76553 69857 9 1
4163 76554 69857 9 1
4164 76555 69857 9 1
4165 76556 69857 9 1
4166 76557 69857 9 1
4167 76558 69857 9 1
4168 78331 71567 10 1
4169 78332 71567 10 1
4170 78333 71567 10 1
4171 78334 71567 10 1
4172 76563 69857 9 1
4173 76564 69857 9 1
4174 76565 69857 9 1
4175 78338 71567 10 1
4176 80051 73219 9 1
4177 78340 71567 10 1
4178 78341 71567 10 1
4179 78342 71567 10 1
4180 78343 71567 10 1
4181 80056 73219 9 1
4182 80057 73219 9 1
4183 78346 71567 10 1
4184 78347 71567 10 1
4185 80060 73219 9 1
4186 80061 73219 9 1
4187 80062 73219 9 1
4188 80063 73219 9 1
4189 80064 73219 9 1
4190 80065 73219 9 1
4191 80066 73219 9 1
4192 78355 71567 10 1
4193 80068 73219 9 1
4194 78357 71567 10 1
4195 76586 69857 9 1
4196 80071 73219 9 1
4197 78360 71567 10 1
4198 80073 73219 9 1
4199 78362 71567 10 1
4200 78363 71567 10 1
4201 78364 71567 10 1
4202 78365 71567 10 1
4203 78366 71567 10 1
4204 78367 71567 10 1
4205 78368 71567 10 1
4206 80081 73219 9 1
4207 78370 71567 10 1
4208 78371 71567 10 1
4209 78372 71567 10 1
4210 78373 71567 10 1
4211 80086 73219 9 1
4212 80087 73219 9 1
4213 80088 73219 9 1
4214 78377 71567 10 1
4215 78378 71567 10 1
4216 78379 71567 10 1
4217 80092 73219 9 1
4218 78381 71567 10 1
4219 80094 73219 9 1
4220 78383 71567 10 1
4221 80096 73219 9 1
4222 78385 71567 10 1
4223 78386 71567 10 1
4224 78387 71567 10 1
4225 80100 73219 9 1
4226 80101 73219 9 1
4227 80102 73219 9 1
4228 80103 73219 9 1
4229 80104 73219 9 1
4230 80105 73219 9 1
4231 80106 73219 9 1
4232 80107 73219 9 1
4233 80108 73219 9 1
4234 80109 73219 9 1
4235 80110 73219 9 1
4236 80111 73219 9 1
4237 80112 73219 9 1
4238 80113 73219 9 1
4239 80114 73219 9 1
4240 80115 73219 9 1
4241 80116 73219 9 1
4242 80117 73219 9 1
4243 80118 73219 9 1
4244 80119 73219 9 1
4245 80120 73219 9 1
4246 80121 73219 9 1
4247 80122 73219 9 1
4248 80123 73219 9 1
4249 80124 73219 9 1
4250 80125 73219 9 1
4251 80126 73219 9 1
4252 80127 73219 9 1
4253 80128 73219 9 1
4254 80129 73219 9 1
4255 80130 73219 9 1
4256 80131 73219 9 1
4257 80132 73219 9 1
4258 80133 73219 9 1
4259 80134 73219 9 1
4260 80135 73219 9 1
4261 80136 73219 9 1
4262 80137 73219 9 1
4263 80138 73219 9 1
4264 80139 73219 9 1
4265 80140 73219 9 1
4266 80141 73219 9 1
4267 80142 73219 9 1
4268 80143 73219 9 1
4269 80144 73219 9 1
4270 80145 73219 9 1
4271 80146 73219 9 1
4272 80147 73219 9 1
4273 80148 73219 9 1
4274 80149 73219 9 1
4275 80150 73219 9 1
4276 80151 73219 9 1
4277 80152 73219 9 1
4278 80153 73219 9 1
4279 80154 73219 9 1
4280 80155 73219 9 1
4281 80156 73219 9 1
4282 80157 73219 9 1
4283 80158 73219 9 1
4284 80159 73219 9 1
4285 80160 73219 9 1
4286 80161 73219 9 1
4287 80162 73219 9 1
4288 80163 73219 9 1
4289 80164 73219 9 1
4290 80165 73219 9 1
4291 80166 73219 9 1
4292 80167 73219 9 1
4293 80168 73219 9 1
4294 81024 74044 8 1
4295 80170 73219 9 1
4296 81026 74044 8 1
4297 81027 74044 8 1
4298 80173 73219 9 1
4299 81029 74044 8 1
4300 80175 73219 9 1
4301 80176 73219 9 1
4302 81032 74044 8 1
4303 81033 74044 8 1
4304 80179 73219 9 1
4305 81035 74044 8 1
4306 81036 74044 8 1
4307 81037 74044 8 1
4308 81038 74044 8 1
4309 81039 74044 8 1
4310 81040 74044 8 1
4311 81041 74044 8 1
4312 81042 74044 8 1
4313 81043 74044 8 1
4314 81044 74044 8 1
4315 81045 74044 8 1
4316 81046 74044 8 1
4317 81047 74044 8 1
4318 81048 74044 8 1
4319 81049 74044 8 1
4320 81050 74044 8 1
4321 81051 74044 8 1
4322 81052 74044 8 1
4323 81053 74044 8 1
4324 80199 73219 9 1
4325 81055 74044 8 1
4326 81056 74044 8 1
4327 81057 74044 8 1
4328 81058 74044 8 1
4329 81059 74044 8 1
4330 81060 74044 8 1
4331 81061 74044 8 1
4332 81062 74044 8 1
4333 81063 74044 8 1
4334 81064 74044 8 1
4335 81065 74044 8 1
4336 81066 74044 8 1
4337 81067 74044 8 1
4338 81068 74044 8 1
4339 81069 74044 8 1
4340 81070 74044 8 1
4341 81071 74044 8 1
4342 81072 74044 8 1
4343 81073 74044 8 1
4344 81074 74044 8 1
4345 81075 74044 8 1
4346 81076 74044 8 1
4347 81077 74044 8 1
4348 81078 74044 8 1
4349 81079 74044 8 1
4350 81080 74044 8 1
4351 81081 74044 8 1
4352 81082 74044 8 1
4353 81083 74044 8 1
4354 81084 74044 8 1
4355 81085 74044 8 1
4356 81086 74044 8 1
4357 81087 74044 8 1
4358 81088 74044 8 1
4359 81089 74044 8 1
4360 81090 74044 8 1
4361 81091 74044 8 1
4362 81092 74044 8 1
4363 81093 74044 8 1
4364 81094 74044 8 1
4365 81095 74044 8 1
4366 81096 74044 8 1
4367 81097 74044 8 1
4368 81098 74044 8 1
4369 81099 74044 8 1
4370 81100 74044 8 1
4371 81101 74044 8 1
4372 81102 74044 8 1
4373 81103 74044 8 1
4374 81104 74044 8 1
4375 81105 74044 8 1
4376 81106 74044 8 1
4377 81107 74044 8 1
4378 81108 74044 8 1
4379 81109 74044 8 1
4380 81110 74044 8 1
4381 81111 74044 8 1
4382 81112 74044 8 1
4383 81113 74044 8 1
4384 81114 74044 8 1
4385 81115 74044 8 1
4386 81116 74044 8 1
4387 81117 74044 8 1
4388 82978 75839 10 1
4389 82979 75839 10 1
4390 82980 75839 10 1
4391 82981 75839 10 1
4392 81122 74044 8 1
4393 81123 74044 8 1
4394 82984 75839 10 1
4395 81125 74044 8 1
4396 81126 74044 8 1
4397 81127 74044 8 1
4398 82988 75839 10 1
4399 82989 75839 10 1
4400 82990 75839 10 1
4401 81131 74044 8 1
4402 82992 75839 10 1
4403 81133 74044 8 1
4404 82994 75839 10 1
4405 82995 75839 10 1
4406 82996 75839 10 1
4407 82997 75839 10 1
4408 81138 74044 8 1
4409 82999 75839 10 1
4410 83000 75839 10 1
4411 83001 75839 10 1
4412 83002 75839 10 1
4413 81143 74044 8 1
4414 81144 74044 8 1
4415 81145 74044 8 1
4416 83006 75839 10 1
4417 81147 74044 8 1
4418 83008 75839 10 1
4419 81149 74044 8 1
4420 81150 74044 8 1
4421 81151 74044 8 1
4422 81152 74044 8 1
4423 81153 74044 8 1
4424 81154 74044 8 1
4425 83015 75839 10 1
4426 81156 74044 8 1
4427 83017 75839 10 1
4428 81158 74044 8 1
4429 81159 74044 8 1
4430 83020 75839 10 1
4431 83021 75839 10 1
4432 83022 75839 10 1
4433 83023 75839 10 1
4434 83024 75839 10 1
4435 83025 75839 10 1
4436 83026 75839 10 1
4437 83027 75839 10 1
4438 83028 75839 10 1
4439 83029 75839 10 1
4440 83030 75839 10 1
4441 83031 75839 10 1
4442 83032 75839 10 1
4443 83033 75839 10 1
4444 83034 75839 10 1
4445 83035 75839 10 1
4446 83036 75839 10 1
4447 83037 75839 10 1
4448 83038 75839 10 1
4449 83039 75839 10 1
4450 83040 75839 10 1
4451 83041 75839 10 1
4452 83042 75839 10 1
4453 83043 75839 10 1
4454 83044 75839 10 1
4455 83045 75839 10 1
4456 83046 75839 10 1
4457 83047 75839 10 1
4458 83048 75839 10 1
4459 83049 75839 10 1
4460 83050 75839 10 1
4461 83051 75839 10 1
4462 83052 75839 10 1
4463 83053 75839 10 1
4464 83054 75839 10 1
4465 83055 75839 10 1
4466 83056 75839 10 1
4467 83057 75839 10 1
4468 83058 75839 10 1
4469 83059 75839 10 1
4470 83060 75839 10 1
4471 83061 75839 10 1
4472 83062 75839 10 1
4473 83063 75839 10 1
4474 84631 77351 8 1
4475 83065 75839 10 1
4476 83066 75839 10 1
4477 83067 75839 10 1
4478 83068 75839 10 1
4479 83069 75839 10 1
4480 83070 75839 10 1
4481 84638 77351 8 1
4482 84639 77351 8 1
4483 83073 75839 10 1
4484 83074 75839 10 1
4485 84642 77351 8 1
4486 83076 75839 10 1
4487 83077 75839 10 1
4488 83078 75839 10 1
4489 83079 75839 10 1
4490 83080 75839 10 1
4491 83081 75839 10 1
4492 83082 75839 10 1
4493 83083 75839 10 1
4494 83084 75839 10 1
4495 83085 75839 10 1
4496 83086 75839 10 1
4497 83087 75839 10 1
4498 84655 77351 8 1
4499 84656 77351 8 1
4500 83090 75839 10 1
4501 83091 75839 10 1
4502 83092 75839 10 1
4503 83093 75839 10 1
4504 83094 75839 10 1
4505 83095 75839 10 1
4506 83096 75839 10 1
4507 83097 75839 10 1
4508 83098 75839 10 1
4509 84666 77351 8 1
4510 84667 77351 8 1
4511 84668 77351 8 1
4512 84669 77351 8 1
4513 84670 77351 8 1
4514 84671 77351 8 1
4515 84672 77351 8 1
4516 84673 77351 8 1
4517 84674 77351 8 1
4518 84675 77351 8 1
4519 84676 77351 8 1
4520 84677 77351 8 1
4521 84678 77351 8 1
4522 84679 77351 8 1
4523 84680 77351 8 1
4524 84681 77351 8 1
4525 84682 77351 8 1
4526 84683 77351 8 1
4527 84684 77351 8 1
4528 84685 77351 8 1
4529 84686 77351 8 1
4530 84687 77351 8 1
4531 84688 77351 8 1
4532 84689 77351 8 1
4533 84690 77351 8 1
4534 84691 77351 8 1
4535 84692 77351 8 1
4536 84693 77351 8 1
4537 84694 77351 8 1
4538 84695 77351 8 1
4539 84696 77351 8 1
4540 84697 77351 8 1
4541 84698 77351 8 1
4542 84699 77351 8 1
4543 84700 77351 8 1
4544 84701 77351 8 1
4545 84702 77351 8 1
4546 84703 77351 8 1
4547 84704 77351 8 1
4548 84705 77351 8 1
4549 84706 77351 8 1
4550 84707 77351 8 1
4551 84708 77351 8 1
4552 84709 77351 8 1
4553 84710 77351 8 1
4554 84711 77351 8 1
4555 84712 77351 8 1
4556 84713 77351 8 1
4557 84714 77351 8 1
4558 84715 77351 8 1
4559 87744 80273 10 1
4560 87745 80273 10 1
4561 84718 77351 8 1
4562 84719 77351 8 1
4563 87748 80273 10 1
4564 84721 77351 8 1
4565 84722 77351 8 1
4566 87751 80273 10 1
4567 87752 80273 10 1
4568 87753 80273 10 1
4569 84726 77351 8 1
4570 87755 80273 10 1
4571 87756 80273 10 1
4572 87757 80273 10 1
4573 87758 80273 10 1
4574 87759 80273 10 1
4575 87760 80273 10 1
4576 87761 80273 10 1
4577 87762 80273 10 1
4578 87763 80273 10 1
4579 87764 80273 10 1
4580 87765 80273 10 1
4581 87766 80273 10 1
4582 87767 80273 10 1
4583 87768 80273 10 1
4584 87769 80273 10 1
4585 84742 77351 8 1
4586 87771 80273 10 1
4587 87772 80273 10 1
4588 87773 80273 10 1
4589 87774 80273 10 1
4590 87775 80273 10 1
4591 87776 80273 10 1
4592 87777 80273 10 1
4593 87778 80273 10 1
4594 87779 80273 10 1
4595 87780 80273 10 1
4596 87781 80273 10 1
4597 87782 80273 10 1
4598 87783 80273 10 1
4599 87784 80273 10 1
4600 87785 80273 10 1
4601 87786 80273 10 1
4602 87787 80273 10 1
4603 84760 77351 8 1
4604 87789 80273 10 1
4605 87790 80273 10 1
4606 87791 80273 10 1
4607 87792 80273 10 1
4608 84765 77351 8 1
4609 84766 77351 8 1
4610 87795 80273 10 1
4611 87796 80273 10 1
4612 89397 81817 9 1
4613 87798 80273 10 1
4614 87799 80273 10 1
4615 87800 80273 10 1
4616 87801 80273 10 1
4617 87802 80273 10 1
4618 87803 80273 10 1
4619 84776 77351 8 1
4620 84777 77351 8 1
4621 89406 81817 9 1
4622 89407 81817 9 1
4623 87808 80273 10 1
4624 87809 80273 10 1
4625 87810 80273 10 1
4626 87811 80273 10 1
4627 87812 80273 10 1
4628 89413 81817 9 1
4629 89414 81817 9 1
4630 89415 81817 9 1
4631 89416 81817 9 1
4632 89417 81817 9 1
4633 87818 80273 10 1
4634 87819 80273 10 1
4635 87820 80273 10 1
4636 89421 81817 9 1
4637 89422 81817 9 1
4638 87823 80273 10 1
4639 87824 80273 10 1
4640 89425 81817 9 1
4641 87826 80273 10 1
4642 87827 80273 10 1
4643 89428 81817 9 1
4644 87829 80273 10 1
4645 89430 81817 9 1
4646 89431 81817 9 1
4647 89432 81817 9 1
4648 89433 81817 9 1
4649 89434 81817 9 1
4650 89435 81817 9 1
4651 87836 80273 10 1
4652 89437 81817 9 1
4653 89438 81817 9 1
4654 89439 81817 9 1
4655 89440 81817 9 1
4656 89441 81817 9 1
4657 89442 81817 9 1
4658 89443 81817 9 1
4659 89444 81817 9 1
4660 89445 81817 9 1
4661 89446 81817 9 1
4662 89447 81817 9 1
4663 89448 81817 9 1
4664 89449 81817 9 1
4665 89450 81817 9 1
4666 89451 81817 9 1
4667 89452 81817 9 1
4668 89453 81817 9 1
4669 89454 81817 9 1
4670 89455 81817 9 1
4671 89456 81817 9 1
4672 89457 81817 9 1
4673 89458 81817 9 1
4674 89459 81817 9 1
4675 89460 81817 9 1
4676 89461 81817 9 1
4677 89462 81817 9 1
4678 89463 81817 9 1
4679 89464 81817 9 1
4680 90893 83195 8 1
4681 89466 81817 9 1
4682 89467 81817 9 1
4683 89468 81817 9 1
4684 89469 81817 9 1
4685 89470 81817 9 1
4686 89471 81817 9 1
4687 89472 81817 9 1
4688 89473 81817 9 1
4689 89474 81817 9 1
4690 89475 81817 9 1
4691 89476 81817 9 1
4692 89477 81817 9 1
4693 90906 83195 8 1
4694 90907 83195 8 1
4695 89480 81817 9 1
4696 89481 81817 9 1
4697 89482 81817 9 1
4698 89483 81817 9 1
4699 89484 81817 9 1
4700 89485 81817 9 1
4701 89486 81817 9 1
4702 89487 81817 9 1
4703 89488 81817 9 1
4704 89489 81817 9 1
4705 89490 81817 9 1
4706 89491 81817 9 1
4707 90920 83195 8 1
4708 90921 83195 8 1
4709 89494 81817 9 1
4710 89495 81817 9 1
4711 90924 83195 8 1
4712 90925 83195 8 1
4713 90926 83195 8 1
4714 90927 83195 8 1
4715 90928 83195 8 1
4716 90929 83195 8 1
4717 90930 83195 8 1
4718 90931 83195 8 1
4719 90932 83195 8 1
4720 90933 83195 8 1
4721 89506 81817 9 1
4722 90935 83195 8 1
4723 90936 83195 8 1
4724 90937 83195 8 1
4725 90938 83195 8 1
4726 90939 83195 8 1
4727 90940 83195 8 1
4728 90941 83195 8 1
4729 90942 83195 8 1
4730 90943 83195 8 1
4731 90944 83195 8 1
4732 90945 83195 8 1
4733 90946 83195 8 1
4734 90947 83195 8 1
4735 90948 83195 8 1
4736 90949 83195 8 1
4737 90950 83195 8 1
4738 90951 83195 8 1
4739 90952 83195 8 1
4740 90953 83195 8 1
4741 90954 83195 8 1
4742 90955 83195 8 1
4743 90956 83195 8 1
4744 90957 83195 8 1
4745 90958 83195 8 1
4746 90959 83195 8 1
4747 90960 83195 8 1
4748 90961 83195 8 1
4749 90962 83195 8 1
4750 90963 83195 8 1
4751 90964 83195 8 1
4752 90965 83195 8 1
4753 90966 83195 8 1
4754 90967 83195 8 1
4755 90968 83195 8 1
4756 90969 83195 8 1
4757 90970 83195 8 1
4758 90971 83195 8 1
4759 90972 83195 8 1
4760 90973 83195 8 1
4761 90974 83195 8 1
4762 90975 83195 8 1
4763 90976 83195 8 1
4764 90977 83195 8 1
4765 90978 83195 8 1
4766 90979 83195 8 1
4767 90980 83195 8 1
4768 90981 83195 8 1
4769 90982 83195 8 1
4770 90983 83195 8 1
4771 90984 83195 8 1
4772 90985 83195 8 1
4773 90986 83195 8 1
4774 90987 83195 8 1
4775 90988 83195 8 1
4776 90989 83195 8 1
4777 90990 83195 8 1
4778 90991 83195 8 1
4779 90992 83195 8 1
4780 90993 83195 8 1
4781 90994 83195 8 1
4782 90995 83195 8 1
4783 90996 83195 8 1
4784 90997 83195 8 1
4785 90998 83195 8 1
4786 90999 83195 8 1
4787 91000 83195 8 1
4788 91001 83195 8 1
4789 91002 83195 8 1
4790 91003 83195 8 1
4791 91004 83195 8 1
4792 91005 83195 8 1
4793 91006 83195 8 1
4794 91007 83195 8 1
4795 91008 83195 8 1
4796 91009 83195 8 1
4797 91010 83195 8 1
4798 91011 83195 8 1
4799 91012 83195 8 1
4800 91013 83195 8 1
4801 91014 83195 8 1
4802 91015 83195 8 1
4803 91016 83195 8 1
4804 91017 83195 8 1
4805 91018 83195 8 1
4806 91019 83195 8 1
4807 91020 83195 8 1
4808 91021 83195 8 1
4809 91022 83195 8 1
4810 91023 83195 8 1
4811 91024 83195 8 1
4812 91025 83195 8 1
4813 91026 83195 8 1
4814 91027 83195 8 1
4815 91028 83195 8 1
4816 91029 83195 8 1
4817 91030 83195 8 1
4818 91031 83195 8 1
4819 91032 83195 8 1
4820 91033 83195 8 1
4821 91034 83195 8 1
4822 91035 83195 8 1
4823 91036 83195 8 1
4824 91037 83195 8 1
4825 91038 83195 8 1
4826 91039 83195 8 1
4827 91040 83195 8 1
4828 91041 83195 8 1
4829 91042 83195 8 1
4830 91043 83195 8 1
4831 91044 83195 8 1
4832 91045 83195 8 1
4833 91046 83195 8 1
4834 91047 83195 8 1
4835 91048 83195 8 1
4836 91049 83195 8 1
4837 91050 83195 8 1
4838 91051 83195 8 1
4839 91052 83195 8 1
4840 91053 83195 8 1
4841 91054 83195 8 1
4842 91055 83195 8 1
4843 91056 83195 8 1
4844 91057 83195 8 1
4845 91058 83195 8 1
4846 91059 83195 8 1
4847 91060 83195 8 1
4848 91061 83195 8 1
4849 91062 83195 8 1
4850 91063 83195 8 1
4851 91064 83195 8 1
4852 91065 83195 8 1
4853 91066 83195 8 1
4854 91067 83195 8 1
4855 91068 83195 8 1
4856 91069 83195 8 1
4857 91070 83195 8 1
4858 91071 83195 8 1
4859 91072 83195 8 1
4860 91073 83195 8 1
4861 91074 83195 8 1
4862 91075 83195 8 1
4863 91076 83195 8 1
4864 91077 83195 8 1
4865 91078 83195 8 1
4866 91079 83195 8 1
4867 91080 83195 8 1
4868 91081 83195 8 1
4869 91082 83195 8 1
4870 91083 83195 8 1
4871 91084 83195 8 1
4872 91085 83195 8 1
4873 91086 83195 8 1
4874 91087 83195 8 1
4875 91088 83195 8 1
4876 91089 83195 8 1
4877 91090 83195 8 1
4878 91091 83195 8 1
4879 91092 83195 8 1
4880 91093 83195 8 1
4881 91094 83195 8 1
4882 91095 83195 8 1
4883 91096 83195 8 1
4884 91097 83195 8 1
4885 91098 83195 8 1
4886 91099 83195 8 1
4887 91100 83195 8 1
4888 91101 83195 8 1
4889 91102 83195 8 1
4890 91103 83195 8 1
4891 91104 83195 8 1
4892 91105 83195 8 1
4893 91106 83195 8 1
4894 91107 83195 8 1
4895 91108 83195 8 1
4896 91109 83195 8 1
4897 91110 83195 8 1
4898 91111 83195 8 1
4899 91112 83195 8 1
4900 91113 83195 8 1
4901 94284 86254 8 1
4902 91115 83195 8 1
4903 91116 83195 8 1
4904 94287 86254 8 1
4905 91118 83195 8 1
4906 91119 83195 8 1
4907 91120 83195 8 1
4908 91121 83195 8 1
4909 91122 83195 8 1
4910 91123 83195 8 1
4911 91124 83195 8 1
4912 94295 86254 8 1
4913 94296 86254 8 1
4914 94297 86254 8 1
4915 94298 86254 8 1
4916 91129 83195 8 1
4917 91130 83195 8 1
4918 94301 86254 8 1
4919 91132 83195 8 1
4920 91133 83195 8 1
4921 94304 86254 8 1
4922 94305 86254 8 1
4923 94306 86254 8 1
4924 94307 86254 8 1
4925 94308 86254 8 1
4926 94309 86254 8 1
4927 94310 86254 8 1
4928 94311 86254 8 1
4929 94312 86254 8 1
4930 94313 86254 8 1
4931 94314 86254 8 1
4932 94315 86254 8 1
4933 94316 86254 8 1
4934 94317 86254 8 1
4935 94318 86254 8 1
4936 94319 86254 8 1
4937 94320 86254 8 1
4938 94321 86254 8 1
4939 94322 86254 8 1
4940 94323 86254 8 1
4941 94324 86254 8 1
4942 94325 86254 8 1
4943 94326 86254 8 1
4944 94327 86254 8 1
4945 94328 86254 8 1
4946 94329 86254 8 1
4947 94330 86254 8 1
4948 94331 86254 8 1
4949 94332 86254 8 1
4950 94333 86254 8 1
4951 94334 86254 8 1
4952 94335 86254 8 1
4953 94336 86254 8 1
4954 94337 86254 8 1
4955 94338 86254 8 1
4956 94339 86254 8 1
4957 94340 86254 8 1
4958 94341 86254 8 1
4959 94342 86254 8 1
4960 94343 86254 8 1
4961 94344 86254 8 1
4962 94345 86254 8 1
4963 94346 86254 8 1
4964 94347 86254 8 1
4965 94348 86254 8 1
4966 94349 86254 8 1
4967 94350 86254 8 1
4968 94351 86254 8 1
4969 94352 86254 8 1
4970 94353 86254 8 1
4971 94354 86254 8 1
4972 94355 86254 8 1
4973 94356 86254 8 1
4974 94357 86254 8 1
4975 94358 86254 8 1
4976 96358 88183 9 1
4977 96359 88183 9 1
4978 94361 86254 8 1
4979 94362 86254 8 1
4980 96362 88183 9 1
4981 94364 86254 8 1
4982 94365 86254 8 1
4983 94366 86254 8 1
4984 96366 88183 9 1
4985 95213 87069 3 1
4986 96368 88183 9 1
4987 94370 86254 8 1
4988 96370 88183 9 1
4989 96371 88183 9 1
4990 96372 88183 9 1
4991 96373 88183 9 1
4992 96374 88183 9 1
4993 96375 88183 9 1
4994 96376 88183 9 1
4995 95223 87069 3 1
4996 95224 87069 3 1
4997 96379 88183 9 1
4998 96380 88183 9 1
4999 95227 87069 3 1
5000 95228 87069 3 1
5001 95229 87069 3 1
5002 96384 88183 9 1
5003 95231 87069 3 1
5004 96386 88183 9 1
5005 96387 88183 9 1
5006 96388 88183 9 1
5007 95235 87069 3 1
5008 95236 87069 3 1
5009 95237 87069 3 1
5010 95238 87069 3 1
5011 96393 88183 9 1
5012 96394 88183 9 1
5013 96395 88183 9 1
5014 96396 88183 9 1
5015 96397 88183 9 1
5016 96398 88183 9 1
5017 96399 88183 9 1
5018 96400 88183 9 1
5019 96401 88183 9 1
5020 96402 88183 9 1
5021 96403 88183 9 1
5022 96404 88183 9 1
5023 96405 88183 9 1
5024 96406 88183 9 1
5025 96407 88183 9 1
5026 96408 88183 9 1
5027 96409 88183 9 1
5028 96410 88183 9 1
5029 96411 88183 9 1
5030 96412 88183 9 1
5031 96413 88183 9 1
5032 96414 88183 9 1
5033 96415 88183 9 1
5034 96416 88183 9 1
5035 96417 88183 9 1
5036 96418 88183 9 1
5037 96419 88183 9 1
5038 96420 88183 9 1
5039 96421 88183 9 1
5040 96422 88183 9 1
5041 96423 88183 9 1
5042 96424 88183 9 1
5043 96425 88183 9 1
5044 96426 88183 9 1
5045 96427 88183 9 1
5046 96428 88183 9 1
5047 96429 88183 9 1
5048 96430 88183 9 1
5049 96431 88183 9 1
5050 96432 88183 9 1
5051 96433 88183 9 1
5052 96434 88183 9 1
5053 96435 88183 9 1
5054 96436 88183 9 1
5055 96437 88183 9 1
5056 96438 88183 9 1
5057 96439 88183 9 1
5058 96440 88183 9 1
5059 96441 88183 9 1
5060 96442 88183 9 1
5061 96443 88183 9 1
5062 96444 88183 9 1
5063 96445 88183 9 1
5064 96446 88183 9 1
5065 96447 88183 9 1
5066 96448 88183 9 1
5067 96449 88183 9 1
5068 96450 88183 9 1
5069 96451 88183 9 1
5070 96452 88183 9 1
5071 96453 88183 9 1
5072 96454 88183 9 1
5073 96455 88183 9 1
5074 96456 88183 9 1
5075 96457 88183 9 1
5076 96458 88183 9 1
5077 96459 88183 9 1
5078 96460 88183 9 1
5079 96461 88183 9 1
5080 96462 88183 9 1
5081 96463 88183 9 1
5082 96464 88183 9 1
5083 96465 88183 9 1
5084 96466 88183 9 1
5085 96467 88183 9 1
5086 96468 88183 9 1
5087 96469 88183 9 1
5088 96470 88183 9 1
5089 96471 88183 9 1
5090 96472 88183 9 1
5091 96473 88183 9 1
5092 96474 88183 9 1
5093 96475 88183 9 1
5094 96476 88183 9 1
5095 96477 88183 9 1
5096 96478 88183 9 1
5097 96479 88183 9 1
5098 96480 88183 9 1
5099 96481 88183 9 1
5100 96482 88183 9 1
5101 96483 88183 9 1
5102 96484 88183 9 1
5103 96485 88183 9 1
5104 96486 88183 9 1
5105 96487 88183 9 1
5106 96488 88183 9 1
5107 96489 88183 9 1
5108 96490 88183 9 1
5109 96491 88183 9 1
5110 96492 88183 9 1
5111 96493 88183 9 1
5112 96494 88183 9 1
5113 96495 88183 9 1
5114 96496 88183 9 1
5115 96497 88183 9 1
5116 96498 88183 9 1
5117 96499 88183 9 1
5118 96500 88183 9 1
5119 96501 88183 9 1
5120 96502 88183 9 1
5121 96503 88183 9 1
5122 96504 88183 9 1
5123 96505 88183 9 1
5124 96506 88183 9 1
5125 96507 88183 9 1
5126 96508 88183 9 1
5127 96509 88183 9 1
5128 96510 88183 9 1
5129 96511 88183 9 1
5130 96512 88183 9 1
5131 96513 88183 9 1
5132 96514 88183 9 1
5133 98688 90280 10 1
5134 96516 88183 9 1
5135 98690 90280 10 1
5136 96518 88183 9 1
5137 96519 88183 9 1
5138 98693 90280 10 1
5139 96521 88183 9 1
5140 98695 90280 10 1
5141 98696 90280 10 1
5142 98697 90280 10 1
5143 98698 90280 10 1
5144 98699 90280 10 1
5145 98700 90280 10 1
5146 98701 90280 10 1
5147 98702 90280 10 1
5148 98703 90280 10 1
5149 98704 90280 10 1
5150 98705 90280 10 1
5151 98706 90280 10 1
5152 98707 90280 10 1
5153 98708 90280 10 1
5154 98709 90280 10 1
5155 98710 90280 10 1
5156 98711 90280 10 1
5157 98712 90280 10 1
5158 98713 90280 10 1
5159 98714 90280 10 1
5160 98715 90280 10 1
5161 98716 90280 10 1
5162 98717 90280 10 1
5163 98718 90280 10 1
5164 98719 90280 10 1
5165 98720 90280 10 1
5166 98721 90280 10 1
5167 98722 90280 10 1
5168 98723 90280 10 1
5169 98724 90280 10 1
5170 98725 90280 10 1
5171 98726 90280 10 1
5172 98727 90280 10 1
5173 98728 90280 10 1
5174 98729 90280 10 1
5175 98730 90280 10 1
5176 98731 90280 10 1
5177 98732 90280 10 1
5178 98733 90280 10 1
5179 98734 90280 10 1
5180 98735 90280 10 1
5181 98736 90280 10 1
5182 98737 90280 10 1
5183 98738 90280 10 1
5184 101448 92894 8 1
5185 98740 90280 10 1
5186 98741 90280 10 1
5187 98742 90280 10 1
5188 98743 90280 10 1
5189 98744 90280 10 1
5190 98745 90280 10 1
5191 98746 90280 10 1
5192 98747 90280 10 1
5193 98748 90280 10 1
5194 101458 92894 8 1
5195 98750 90280 10 1
5196 101460 92894 8 1
5197 101461 92894 8 1
5198 101462 92894 8 1
5199 101463 92894 8 1
5200 101464 92894 8 1
5201 101465 92894 8 1
5202 101466 92894 8 1
5203 101467 92894 8 1
5204 101468 92894 8 1
5205 101469 92894 8 1
5206 101470 92894 8 1
5207 101471 92894 8 1
5208 101472 92894 8 1
5209 101473 92894 8 1
5210 101474 92894 8 1
5211 101475 92894 8 1
5212 101476 92894 8 1
5213 101477 92894 8 1
5214 101478 92894 8 1
5215 101479 92894 8 1
5216 101480 92894 8 1
5217 101481 92894 8 1
5218 101482 92894 8 1
5219 101483 92894 8 1
5220 101484 92894 8 1
5221 101485 92894 8 1
5222 101486 92894 8 1
5223 101487 92894 8 1
5224 101488 92894 8 1
5225 101489 92894 8 1
5226 101490 92894 8 1
5227 101491 92894 8 1
5228 101492 92894 8 1
5229 101493 92894 8 1
5230 101494 92894 8 1
5231 101495 92894 8 1
5232 101496 92894 8 1
5233 101497 92894 8 1
5234 101498 92894 8 1
5235 101499 92894 8 1
5236 101500 92894 8 1
5237 101501 92894 8 1
5238 101502 92894 8 1
5239 101503 92894 8 1
5240 101504 92894 8 1
5241 101505 92894 8 1
5242 101506 92894 8 1
5243 101507 92894 8 1
5244 101508 92894 8 1
5245 101509 92894 8 1
5246 101510 92894 8 1
5247 101511 92894 8 1
5248 101512 92894 8 1
5249 101513 92894 8 1
5250 101514 92894 8 1
5251 101515 92894 8 1
5252 101516 92894 8 1
5253 101517 92894 8 1
5254 101518 92894 8 1
5255 101519 92894 8 1
5256 101520 92894 8 1
5257 101521 92894 8 1
5258 101522 92894 8 1
5259 101523 92894 8 1
5260 101524 92894 8 1
5261 101525 92894 8 1
5262 101526 92894 8 1
5263 101527 92894 8 1
5264 101528 92894 8 1
5265 101529 92894 8 1
5266 101530 92894 8 1
5267 101531 92894 8 1
5268 101532 92894 8 1
5269 101533 92894 8 1
5270 101534 92894 8 1
5271 101535 92894 8 1
5272 101536 92894 8 1
5273 101537 92894 8 1
5274 101538 92894 8 1
5275 101539 92894 8 1
5276 101540 92894 8 1
5277 101541 92894 8 1
5278 101542 92894 8 1
5279 101543 92894 8 1
5280 101544 92894 8 1
5281 101545 92894 8 1
5282 101546 92894 8 1
5283 101547 92894 8 1
5284 101548 92894 8 1
5285 101549 92894 8 1
5286 101550 92894 8 1
5287 101551 92894 8 1
5288 101552 92894 8 1
5289 101553 92894 8 1
5290 101554 92894 8 1
5291 101555 92894 8 1
5292 101556 92894 8 1
5293 101557 92894 8 1
5294 101558 92894 8 1
5295 101559 92894 8 1
5296 101560 92894 8 1
5297 101561 92894 8 1
5298 101562 92894 8 1
5299 101563 92894 8 1
5300 101564 92894 8 1
5301 101565 92894 8 1
5302 101566 92894 8 1
5303 101567 92894 8 1
5304 101568 92894 8 1
5305 101569 92894 8 1
5306 101570 92894 8 1
5307 101571 92894 8 1
5308 101572 92894 8 1
5309 101573 92894 8 1
5310 101574 92894 8 1
5311 101575 92894 8 1
5312 101576 92894 8 1
5313 101577 92894 8 1
5314 101578 92894 8 1
5315 101579 92894 8 1
5316 101580 92894 8 1
5317 101581 92894 8 1
5318 101582 92894 8 1
5319 101583 92894 8 1
5320 101584 92894 8 1
5321 101585 92894 8 1
5322 101586 92894 8 1
5323 101587 92894 8 1
5324 101588 92894 8 1
5325 101589 92894 8 1
5326 101590 92894 8 1
5327 101591 92894 8 1
5328 101592 92894 8 1
5329 101593 92894 8 1
5330 101594 92894 8 1
5331 101595 92894 8 1
5332 101596 92894 8 1
5333 101597 92894 8 1
5334 101598 92894 8 1
5335 101599 92894 8 1
5336 101600 92894 8 1
5337 101601 92894 8 1
5338 101602 92894 8 1
5339 101603 92894 8 1
5340 101604 92894 8 1
5341 101605 92894 8 1
5342 101606 92894 8 1
5343 101607 92894 8 1
5344 101608 92894 8 1
5345 101609 92894 8 1
5346 101610 92894 8 1
5347 101611 92894 8 1
5348 101612 92894 8 1
5349 101613 92894 8 1
5350 101614 92894 8 1
5351 101615 92894 8 1
5352 101616 92894 8 1
5353 101617 92894 8 1
5354 101618 92894 8 1
5355 101619 92894 8 1
5356 101620 92894 8 1
5357 101621 92894 8 1
5358 101622 92894 8 1
5359 101623 92894 8 1
5360 101624 92894 8 1
5361 101625 92894 8 1
5362 101626 92894 8 1
5363 101627 92894 8 1
5364 101628 92894 8 1
5365 101629 92894 8 1
5366 101630 92894 8 1
5367 101631 92894 8 1
5368 101632 92894 8 1
5369 101633 92894 8 1
5370 101634 92894 8 1
5371 101635 92894 8 1
5372 101636 92894 8 1
5373 101637 92894 8 1
5374 101638 92894 8 1
5375 101639 92894 8 1
5376 101640 92894 8 1
5377 101641 92894 8 1
5378 101642 92894 8 1
5379 101643 92894 8 1
5380 101644 92894 8 1
5381 101645 92894 8 1
5382 101646 92894 8 1
5383 101647 92894 8 1
5384 101648 92894 8 1
5385 101649 92894 8 1
5386 101650 92894 8 1
5387 101651 92894 8 1
5388 101652 92894 8 1
5389 101653 92894 8 1
5390 101654 92894 8 1
5391 101655 92894 8 1
5392 101656 92894 8 1
5393 101657 92894 8 1
5394 101658 92894 8 1
5395 101659 92894 8 1
5396 101660 92894 8 1
5397 101661 92894 8 1
5398 101662 92894 8 1
5399 101663 92894 8 1
5400 101664 92894 8 1
5401 101665 92894 8 1
5402 101666 92894 8 1
5403 101667 92894 8 1
5404 101668 92894 8 1
5405 101669 92894 8 1
5406 101670 92894 8 1
5407 101671 92894 8 1
5408 101672 92894 8 1
5409 101673 92894 8 1
5410 101674 92894 8 1
5411 101675 92894 8 1
5412 101676 92894 8 1
5413 101677 92894 8 1
5414 101678 92894 8 1
5415 101679 92894 8 1
5416 101680 92894 8 1
5417 101681 92894 8 1
5418 101682 92894 8 1
5419 101683 92894 8 1
5420 101684 92894 8 1
5421 101685 92894 8 1
5422 101686 92894 8 1
5423 101687 92894 8 1
5424 101688 92894 8 1
5425 101689 92894 8 1
5426 101690 92894 8 1
5427 101691 92894 8 1
5428 101692 92894 8 1
5429 101693 92894 8 1
5430 101694 92894 8 1
5431 101695 92894 8 1
5432 101696 92894 8 1
5433 101697 92894 8 1
5434 101698 92894 8 1
5435 101699 92894 8 1
5436 101700 92894 8 1
5437 101701 92894 8 1
5438 101702 92894 8 1
5439 101703 92894 8 1
5440 101704 92894 8 1
5441 101705 92894 8 1
5442 101706 92894 8 1
5443 101707 92894 8 1
5444 101708 92894 8 1
5445 101709 92894 8 1
5446 101710 92894 8 1
5447 101711 92894 8 1
5448 101712 92894 8 1
5449 101713 92894 8 1
5450 101714 92894 8 1
5451 101715 92894 8 1
5452 101716 92894 8 1
5453 101717 92894 8 1
5454 101718 92894 8 1
5455 101719 92894 8 1
5456 101720 92894 8 1
5457 101721 92894 8 1
5458 101722 92894 8 1
5459 101723 92894 8 1
5460 101724 92894 8 1
5461 101725 92894 8 1
5462 101726 92894 8 1
5463 101727 92894 8 1
5464 101728 92894 8 1
5465 101729 92894 8 1
5466 101730 92894 8 1
5467 101731 92894 8 1
5468 101732 92894 8 1
5469 101733 92894 8 1
5470 101734 92894 8 1
5471 101735 92894 8 1
5472 101736 92894 8 1
5473 101737 92894 8 1
5474 101738 92894 8 1
5475 101739 92894 8 1
5476 101740 92894 8 1
5477 101741 92894 8 1
5478 101742 92894 8 1
5479 101743 92894 8 1
5480 101744 92894 8 1
5481 101745 92894 8 1
5482 101746 92894 8 1
5483 101747 92894 8 1
5484 101748 92894 8 1
5485 101749 92894 8 1
5486 101750 92894 8 1
5487 101751 92894 8 1
5488 101752 92894 8 1
5489 101753 92894 8 1
5490 101754 92894 8 1
5491 101755 92894 8 1
5492 101756 92894 8 1
5493 101757 92894 8 1
5494 101758 92894 8 1
5495 101759 92894 8 1
5496 101760 92894 8 1
5497 101761 92894 8 1
5498 101762 92894 8 1
5499 101763 92894 8 1
5500 101764 92894 8 1
5501 101765 92894 8 1
5502 101766 92894 8 1
5503 101767 92894 8 1
5504 101768 92894 8 1
5505 101769 92894 8 1
5506 101770 92894 8 1
5507 101771 92894 8 1
5508 101772 92894 8 1
5509 101773 92894 8 1
5510 101774 92894 8 1
5511 101775 92894 8 1
5512 103348 94411 10 1
5513 103349 94411 10 1
5514 101778 92894 8 1
5515 101779 92894 8 1
5516 103352 94411 10 1
5517 101781 92894 8 1
5518 103354 94411 10 1
5519 103355 94411 10 1
5520 103356 94411 10 1
5521 103357 94411 10 1
5522 103358 94411 10 1
5523 103359 94411 10 1
5524 103360 94411 10 1
5525 103361 94411 10 1
5526 103362 94411 10 1
5527 103363 94411 10 1
5528 103364 94411 10 1
5529 103365 94411 10 1
5530 103366 94411 10 1
5531 103367 94411 10 1
5532 103368 94411 10 1
5533 103369 94411 10 1
5534 103370 94411 10 1
5535 103371 94411 10 1
5536 103372 94411 10 1
5537 103373 94411 10 1
5538 103374 94411 10 1
5539 103375 94411 10 1
5540 103376 94411 10 1
5541 103377 94411 10 1
5542 103378 94411 10 1
5543 103379 94411 10 1
5544 103380 94411 10 1
5545 103381 94411 10 1
5546 103382 94411 10 1
5547 103383 94411 10 1
5548 103384 94411 10 1
5549 103385 94411 10 1
5550 103386 94411 10 1
5551 103387 94411 10 1
5552 103388 94411 10 1
5553 103389 94411 10 1
5554 103390 94411 10 1
5555 103391 94411 10 1
5556 103392 94411 10 1
5557 103393 94411 10 1
5558 103394 94411 10 1
5559 103395 94411 10 1
5560 103396 94411 10 1
5561 103397 94411 10 1
5562 103398 94411 10 1
5563 103399 94411 10 1
5564 103400 94411 10 1
5565 103401 94411 10 1
5566 103402 94411 10 1
5567 103403 94411 10 1
5568 103404 94411 10 1
5569 103405 94411 10 1
5570 103406 94411 10 1
5571 103407 94411 10 1
5572 103408 94411 10 1
5573 103409 94411 10 1
5574 103410 94411 10 1
5575 103411 94411 10 1
5576 103412 94411 10 1
5577 103413 94411 10 1
5578 103414 94411 10 1
5579 103415 94411 10 1
5580 103416 94411 10 1
5581 103417 94411 10 1
5582 103418 94411 10 1
5583 103419 94411 10 1
5584 103420 94411 10 1
5585 103421 94411 10 1
5586 103422 94411 10 1
5587 103423 94411 10 1
5588 103424 94411 10 1
5589 103425 94411 10 1
5590 103426 94411 10 1
5591 103427 94411 10 1
5592 103428 94411 10 1
5593 103429 94411 10 1
5594 103430 94411 10 1
5595 103431 94411 10 1
5596 103432 94411 10 1
5597 103433 94411 10 1
5598 109173 99949 8 1
5599 109174 99949 8 1
5600 103436 94411 10 1
5601 109176 99949 8 1
5602 109177 99949 8 1
5603 109178 99949 8 1
5604 109179 99949 8 1
5605 109180 99949 8 1
5606 109181 99949 8 1
5607 109182 99949 8 1
5608 109183 99949 8 1
5609 103445 94411 10 1
5610 103446 94411 10 1
5611 109186 99949 8 1
5612 109187 99949 8 1
5613 109188 99949 8 1
5614 109189 99949 8 1
5615 109190 99949 8 1
5616 103452 94411 10 1
5617 109192 99949 8 1
5618 103454 94411 10 1
5619 103455 94411 10 1
5620 103456 94411 10 1
5621 103457 94411 10 1
5622 109197 99949 8 1
5623 109198 99949 8 1
5624 109199 99949 8 1
5625 103461 94411 10 1
5626 109201 99949 8 1
5627 109202 99949 8 1
5628 109203 99949 8 1
5629 109204 99949 8 1
5630 109205 99949 8 1
5631 109206 99949 8 1
5632 109207 99949 8 1
5633 109208 99949 8 1
5634 109209 99949 8 1
5635 109210 99949 8 1
5636 109211 99949 8 1
5637 109212 99949 8 1
5638 109213 99949 8 1
5639 109214 99949 8 1
5640 109215 99949 8 1
5641 109216 99949 8 1
5642 109217 99949 8 1
5643 109218 99949 8 1
5644 109219 99949 8 1
5645 109220 99949 8 1
5646 109221 99949 8 1
5647 109222 99949 8 1
5648 109223 99949 8 1
5649 109224 99949 8 1
5650 109225 99949 8 1
5651 109226 99949 8 1
5652 109227 99949 8 1
5653 109228 99949 8 1
5654 109229 99949 8 1
5655 109230 99949 8 1
5656 109231 99949 8 1
5657 109232 99949 8 1
5658 109233 99949 8 1
5659 109234 99949 8 1
5660 109235 99949 8 1
5661 109236 99949 8 1
5662 109237 99949 8 1
5663 109238 99949 8 1
5664 109239 99949 8 1
5665 109240 99949 8 1
5666 109241 99949 8 1
5667 109242 99949 8 1
5668 109243 99949 8 1
5669 109244 99949 8 1
5670 109245 99949 8 1
5671 109246 99949 8 1
5672 109247 99949 8 1
5673 109248 99949 8 1
5674 109249 99949 8 1
5675 109250 99949 8 1
5676 109251 99949 8 1
5677 109252 99949 8 1
5678 109253 99949 8 1
5679 109254 99949 8 1
5680 109255 99949 8 1
5681 109256 99949 8 1
5682 109257 99949 8 1
5683 109258 99949 8 1
5684 109259 99949 8 1
5685 109260 99949 8 1
5686 109261 99949 8 1
5687 109262 99949 8 1
5688 109263 99949 8 1
5689 109264 99949 8 1
5690 109265 99949 8 1
5691 109266 99949 8 1
5692 109267 99949 8 1
5693 109268 99949 8 1
5694 109269 99949 8 1
5695 109270 99949 8 1
5696 109271 99949 8 1
5697 109272 99949 8 1
5698 109273 99949 8 1
5699 109274 99949 8 1
5700 109275 99949 8 1
5701 109276 99949 8 1
5702 109277 99949 8 1
5703 109278 99949 8 1
5704 109279 99949 8 1
5705 109280 99949 8 1
5706 109281 99949 8 1
5707 109282 99949 8 1
5708 109283 99949 8 1
5709 109284 99949 8 1
5710 109285 99949 8 1
5711 109286 99949 8 1
5712 109287 99949 8 1
5713 109288 99949 8 1
5714 109289 99949 8 1
5715 109290 99949 8 1
5716 109291 99949 8 1
5717 109292 99949 8 1
5718 109293 99949 8 1
5719 106011 96781 8 1
5720 106012 96781 8 1
5721 109296 99949 8 1
5722 109297 99949 8 1
5723 109298 99949 8 1
5724 109299 99949 8 1
5725 109300 99949 8 1
5726 109301 99949 8 1
5727 109302 99949 8 1
5728 109303 99949 8 1
5729 106021 96781 8 1
5730 106022 96781 8 1
5731 106023 96781 8 1
5732 106024 96781 8 1
5733 106025 96781 8 1
5734 106026 96781 8 1
5735 109310 99949 8 1
5736 106028 96781 8 1
5737 106029 96781 8 1
5738 106030 96781 8 1
5739 106031 96781 8 1
5740 106032 96781 8 1
5741 106033 96781 8 1
5742 106034 96781 8 1
5743 106035 96781 8 1
5744 106036 96781 8 1
5745 106037 96781 8 1
5746 106038 96781 8 1
5747 106039 96781 8 1
5748 106040 96781 8 1
5749 106041 96781 8 1
5750 106042 96781 8 1
5751 106043 96781 8 1
5752 109327 99949 8 1
5753 109328 99949 8 1
5754 109329 99949 8 1
5755 109330 99949 8 1
5756 109331 99949 8 1
5757 109332 99949 8 1
5758 109333 99949 8 1
5759 109334 99949 8 1
5760 109335 99949 8 1
5761 106053 96781 8 1
5762 109337 99949 8 1
5763 109338 99949 8 1
5764 109339 99949 8 1
5765 109340 99949 8 1
5766 109341 99949 8 1
5767 106059 96781 8 1
5768 106060 96781 8 1
5769 106061 96781 8 1
5770 109345 99949 8 1
5771 109346 99949 8 1
5772 109347 99949 8 1
5773 106065 96781 8 1
5774 109349 99949 8 1
5775 109350 99949 8 1
5776 106068 96781 8 1
5777 109352 99949 8 1
5778 109353 99949 8 1
5779 106071 96781 8 1
5780 106072 96781 8 1
5781 106073 96781 8 1
5782 106074 96781 8 1
5783 106075 96781 8 1
5784 106076 96781 8 1
5785 106077 96781 8 1
5786 106078 96781 8 1
5787 106079 96781 8 1
5788 106080 96781 8 1
5789 106081 96781 8 1
5790 106082 96781 8 1
5791 106083 96781 8 1
5792 109367 99949 8 1
5793 109368 99949 8 1
5794 109369 99949 8 1
5795 109370 99949 8 1
5796 109371 99949 8 1
5797 109372 99949 8 1
5798 109373 99949 8 1
5799 109374 99949 8 1
5800 109375 99949 8 1
5801 109376 99949 8 1
5802 106094 96781 8 1
5803 106095 96781 8 1
5804 109379 99949 8 1
5805 109380 99949 8 1
5806 109381 99949 8 1
5807 109382 99949 8 1
5808 109383 99949 8 1
5809 109384 99949 8 1
5810 109385 99949 8 1
5811 109386 99949 8 1
5812 109387 99949 8 1
5813 109388 99949 8 1
5814 109389 99949 8 1
5815 109390 99949 8 1
5816 109391 99949 8 1
5817 109392 99949 8 1
5818 109393 99949 8 1
5819 109394 99949 8 1
5820 109395 99949 8 1
5821 109396 99949 8 1
5822 109397 99949 8 1
5823 109398 99949 8 1
5824 109399 99949 8 1
5825 109400 99949 8 1
5826 109401 99949 8 1
5827 109402 99949 8 1
5828 109403 99949 8 1
5829 109404 99949 8 1
5830 109405 99949 8 1
5831 109406 99949 8 1
5832 109407 99949 8 1
5833 109408 99949 8 1
5834 109409 99949 8 1
5835 109410 99949 8 1
5836 109411 99949 8 1
5837 109412 99949 8 1
5838 109413 99949 8 1
5839 109414 99949 8 1
5840 109415 99949 8 1
5841 109416 99949 8 1
5842 109417 99949 8 1
5843 109418 99949 8 1
5844 109419 99949 8 1
5845 109420 99949 8 1
5846 109508 100033 10 1
5847 109509 100033 10 1
5848 109510 100033 10 1
5849 109424 99949 8 1
5850 109512 100033 10 1
5851 109426 99949 8 1
5852 109427 99949 8 1
5853 109515 100033 10 1
5854 109516 100033 10 1
5855 109517 100033 10 1
5856 109518 100033 10 1
5857 113729 104095 2 1
5858 113730 104095 2 1
5859 109521 100033 10 1
5860 109522 100033 10 1
5861 113733 104095 2 1
5862 109524 100033 10 1
5863 109525 100033 10 1
5864 109526 100033 10 1
5865 109527 100033 10 1
5866 109528 100033 10 1
5867 109529 100033 10 1
5868 113740 104095 2 1
5869 109531 100033 10 1
5870 113742 104095 2 1
5871 113743 104095 2 1
5872 113744 104095 2 1
5873 109535 100033 10 1
5874 109536 100033 10 1
5875 109537 100033 10 1
5876 113748 104095 2 1
5877 113749 104095 2 1
5878 113750 104095 2 1
5879 113751 104095 2 1
5880 109542 100033 10 1
5881 113753 104095 2 1
5882 113754 104095 2 1
5883 109545 100033 10 1
5884 113756 104095 2 1
5885 113757 104095 2 1
5886 113758 104095 2 1
5887 113759 104095 2 1
5888 113760 104095 2 1
5889 113761 104095 2 1
5890 113762 104095 2 1
5891 113763 104095 2 1
5892 113764 104095 2 1
5893 113765 104095 2 1
5894 113766 104095 2 1
5895 113767 104095 2 1
5896 113768 104095 2 1
5897 113769 104095 2 1
5898 113770 104095 2 1
5899 113771 104095 2 1
5900 113772 104095 2 1
5901 113773 104095 2 1
5902 113774 104095 2 1
5903 113775 104095 2 1
5904 113776 104095 2 1
5905 113777 104095 2 1
5906 113778 104095 2 1
5907 113779 104095 2 1
5908 113780 104095 2 1
5909 113781 104095 2 1
5910 113782 104095 2 1
5911 109573 100033 10 1
5912 113784 104095 2 1
5913 109575 100033 10 1
5914 109576 100033 10 1
5915 113787 104095 2 1
5916 109578 100033 10 1
5917 109579 100033 10 1
5918 109580 100033 10 1
5919 114105 104398 2 1
5920 114106 104398 2 1
5921 114107 104398 2 1
5922 114108 104398 2 1
5923 114109 104398 2 1
5924 114110 104398 2 1
5925 114111 104398 2 1
5926 109588 100033 10 1
5927 114113 104398 2 1
5928 114114 104398 2 1
5929 114115 104398 2 1
5930 114116 104398 2 1
5931 114117 104398 2 1
5932 114118 104398 2 1
5933 114119 104398 2 1
5934 114120 104398 2 1
5935 114121 104398 2 1
5936 114122 104398 2 1
5937 114123 104398 2 1
5938 114124 104398 2 1
5939 114125 104398 2 1
5940 114126 104398 2 1
5941 114127 104398 2 1
5942 114128 104398 2 1
5943 114129 104398 2 1
5944 114130 104398 2 1
5945 114131 104398 2 1
5946 114132 104398 2 1
5947 114133 104398 2 1
5948 114134 104398 2 1
5949 114135 104398 2 1
5950 114136 104398 2 1
5951 114137 104398 2 1
5952 114138 104398 2 1
5953 114139 104398 2 1
5954 114140 104398 2 1
5955 114141 104398 2 1
5956 114142 104398 2 1
5957 114143 104398 2 1
5958 114144 104398 2 1
5959 114145 104398 2 1
5960 114146 104398 2 1
5961 114147 104398 2 1
5962 114148 104398 2 1
5963 114149 104398 2 1
5964 114150 104398 2 1
5965 114151 104398 2 1
5966 114152 104398 2 1
5967 114153 104398 2 1
5968 114154 104398 2 1
5969 114155 104398 2 1
5970 114156 104398 2 1
5971 114157 104398 2 1
5972 114158 104398 2 1
5973 114159 104398 2 1
5974 114160 104398 2 1
5975 114161 104398 2 1
5976 114162 104398 2 1
5977 114163 104398 2 1
5978 114164 104398 2 1
5979 114165 104398 2 1
5980 114166 104398 2 1
5981 114167 104398 2 1
5982 114168 104398 2 1
5983 114169 104398 2 1
5984 114170 104398 2 1
5985 114171 104398 2 1
5986 114172 104398 2 1
5987 114173 104398 2 1
5988 114174 104398 2 1
5989 114175 104398 2 1
5990 114176 104398 2 1
5991 114177 104398 2 1
5992 114178 104398 2 1
5993 114179 104398 2 1
5994 114180 104398 2 1
5995 114181 104398 2 1
5996 114182 104398 2 1
5997 114183 104398 2 1
5998 114184 104398 2 1
5999 114185 104398 2 1
6000 114186 104398 2 1
6001 114187 104398 2 1
6002 114188 104398 2 1
6003 114189 104398 2 1
6004 114190 104398 2 1
6005 114191 104398 2 1
6006 114192 104398 2 1
6007 114193 104398 2 1
6008 114194 104398 2 1
6009 114195 104398 2 1
6010 114196 104398 2 1
6011 114197 104398 2 1
6012 114198 104398 2 1
6013 114199 104398 2 1
6014 114200 104398 2 1
6015 114201 104398 2 1
6016 114202 104398 2 1
6017 114203 104398 2 1
6018 114204 104398 2 1
6019 114205 104398 2 1
6020 114206 104398 2 1
6021 114207 104398 2 1
6022 114208 104398 2 1
6023 114209 104398 2 1
6024 114210 104398 2 1
6025 114211 104398 2 1
6026 114212 104398 2 1
6027 114213 104398 2 1
6028 114214 104398 2 1
6029 114215 104398 2 1
6030 114216 104398 2 1
6031 114217 104398 2 1
6032 114218 104398 2 1
6033 114219 104398 2 1
6034 114220 104398 2 1
6035 114221 104398 2 1
6036 114222 104398 2 1
6037 114223 104398 2 1
6038 114224 104398 2 1
6039 114225 104398 2 1
6040 114226 104398 2 1
6041 114227 104398 2 1
6042 114228 104398 2 1
6043 114229 104398 2 1
6044 114230 104398 2 1
6045 114231 104398 2 1
6046 114232 104398 2 1
6047 114233 104398 2 1
6048 114234 104398 2 1
6049 114235 104398 2 1
6050 114236 104398 2 1
6051 114237 104398 2 1
6052 114238 104398 2 1
6053 114239 104398 2 1
6054 114240 104398 2 1
6055 114241 104398 2 1
6056 114242 104398 2 1
6057 114243 104398 2 1
6058 114244 104398 2 1
6059 114245 104398 2 1
6060 114246 104398 2 1
6061 114247 104398 2 1
6062 114248 104398 2 1
6063 114249 104398 2 1
6064 114250 104398 2 1
6065 114251 104398 2 1
6066 114252 104398 2 1
6067 114253 104398 2 1
6068 114254 104398 2 1
6069 114255 104398 2 1
6070 114256 104398 2 1
6071 114257 104398 2 1
6072 114258 104398 2 1
6073 114259 104398 2 1
6074 114260 104398 2 1
6075 114261 104398 2 1
6076 114262 104398 2 1
6077 114263 104398 2 1
6078 114264 104398 2 1
6079 114265 104398 2 1
6080 114266 104398 2 1
6081 114267 104398 2 1
6082 114268 104398 2 1
6083 114269 104398 2 1
6084 114270 104398 2 1
6085 114271 104398 2 1
6086 114272 104398 2 1
6087 114273 104398 2 1
6088 114274 104398 2 1
6089 114275 104398 2 1
6090 114276 104398 2 1
6091 114277 104398 2 1
6092 116621 106659 2 1
6093 114279 104398 2 1
6094 114280 104398 2 1
6095 114281 104398 2 1
6096 114282 104398 2 1
6097 114283 104398 2 1
6098 116627 106659 2 1
6099 116628 106659 2 1
6100 116629 106659 2 1
6101 114287 104398 2 1
6102 116631 106659 2 1
6103 116632 106659 2 1
6104 116633 106659 2 1
6105 116634 106659 2 1
6106 116635 106659 2 1
6107 116636 106659 2 1
6108 116637 106659 2 1
6109 116638 106659 2 1
6110 116639 106659 2 1
6111 116640 106659 2 1
6112 116641 106659 2 1
6113 116642 106659 2 1
6114 116643 106659 2 1
6115 116644 106659 2 1
6116 116645 106659 2 1
6117 116646 106659 2 1
6118 116647 106659 2 1
6119 116648 106659 2 1
6120 116649 106659 2 1
6121 116650 106659 2 1
6122 116651 106659 2 1
6123 116652 106659 2 1
6124 116653 106659 2 1
6125 116654 106659 2 1
6126 116655 106659 2 1
6127 116656 106659 2 1
6128 116657 106659 2 1
6129 116658 106659 2 1
6130 116659 106659 2 1
6131 116660 106659 2 1
6132 116661 106659 2 1
6133 116662 106659 2 1
6134 116663 106659 2 1
6135 116664 106659 2 1
6136 116665 106659 2 1
6137 116666 106659 2 1
6138 116667 106659 2 1
6139 116668 106659 2 1
6140 116669 106659 2 1
6141 116670 106659 2 1
6142 116671 106659 2 1
6143 116672 106659 2 1
6144 116673 106659 2 1
6145 116674 106659 2 1
6146 116675 106659 2 1
6147 116676 106659 2 1
6148 116677 106659 2 1
6149 116678 106659 2 1
6150 116679 106659 2 1
6151 116680 106659 2 1
6152 116681 106659 2 1
6153 116682 106659 2 1
6154 116683 106659 2 1
6155 116684 106659 2 1
6156 116685 106659 2 1
6157 116686 106659 2 1
6158 116687 106659 2 1
6159 116688 106659 2 1
6160 116689 106659 2 1
6161 116690 106659 2 1
6162 116691 106659 2 1
6163 116692 106659 2 1
6164 116693 106659 2 1
6165 116694 106659 2 1
6166 116695 106659 2 1
6167 116696 106659 2 1
6168 116697 106659 2 1
6169 116698 106659 2 1
6170 116699 106659 2 1
6171 116700 106659 2 1
6172 116701 106659 2 1
6173 116702 106659 2 1
6174 116703 106659 2 1
6175 116704 106659 2 1
6176 116705 106659 2 1
6177 116706 106659 2 1
6178 116707 106659 2 1
6179 116708 106659 2 1
6180 116709 106659 2 1
6181 116710 106659 2 1
6182 116711 106659 2 1
6183 116712 106659 2 1
6184 116713 106659 2 1
6185 116714 106659 2 1
6186 116715 106659 2 1
6187 116716 106659 2 1
6188 116717 106659 2 1
6189 116718 106659 2 1
6190 116719 106659 2 1
6191 116720 106659 2 1
6192 116721 106659 2 1
6193 116722 106659 2 1
6194 116723 106659 2 1
6195 116724 106659 2 1
6196 116725 106659 2 1
6197 116726 106659 2 1
6198 116727 106659 2 1
6199 116728 106659 2 1
6200 116729 106659 2 1
6201 116730 106659 2 1
6202 116731 106659 2 1
6203 116732 106659 2 1
6204 116733 106659 2 1
6205 116734 106659 2 1
6206 116735 106659 2 1
6207 116736 106659 2 1
6208 116737 106659 2 1
6209 116738 106659 2 1
6210 116739 106659 2 1
6211 116740 106659 2 1
6212 116741 106659 2 1
6213 116742 106659 2 1
6214 116743 106659 2 1
6215 116744 106659 2 1
6216 116745 106659 2 1
6217 116746 106659 2 1
6218 116747 106659 2 1
6219 116748 106659 2 1
6220 116749 106659 2 1
6221 116750 106659 2 1
6222 116751 106659 2 1
6223 116752 106659 2 1
6224 116753 106659 2 1
6225 116754 106659 2 1
6226 116755 106659 2 1
6227 116756 106659 2 1
6228 116757 106659 2 1
6229 116758 106659 2 1
6230 116759 106659 2 1
6231 116760 106659 2 1
6232 116761 106659 2 1
6233 116762 106659 2 1
6234 116763 106659 2 1
6235 116764 106659 2 1
6236 116765 106659 2 1
6237 116766 106659 2 1
6238 116767 106659 2 1
6239 116768 106659 2 1
6240 116769 106659 2 1
6241 116770 106659 2 1
6242 116771 106659 2 1
6243 116772 106659 2 1
6244 116773 106659 2 1
6245 116774 106659 2 1
6246 116775 106659 2 1
6247 116776 106659 2 1
6248 116777 106659 2 1
6249 116778 106659 2 1
6250 116779 106659 2 1
6251 116780 106659 2 1
6252 116781 106659 2 1
6253 116782 106659 2 1
6254 116783 106659 2 1
6255 116784 106659 2 1
6256 116785 106659 2 1
6257 116786 106659 2 1
6258 116787 106659 2 1
6259 116788 106659 2 1
6260 116789 106659 2 1
6261 116790 106659 2 1
6262 116791 106659 2 1
6263 116792 106659 2 1
6264 116793 106659 2 1
6265 116794 106659 2 1
6266 116795 106659 2 1
6267 116796 106659 2 1
6268 116797 106659 2 1
6269 116798 106659 2 1
6270 116799 106659 2 1
6271 116800 106659 2 1
6272 116801 106659 2 1
6273 116802 106659 2 1
6274 116803 106659 2 1
6275 116804 106659 2 1
6276 116805 106659 2 1
6277 116806 106659 2 1
6278 116807 106659 2 1
6279 116808 106659 2 1
6280 120138 109872 10 1
6281 120139 109872 10 1
6282 116811 106659 2 1
6283 116812 106659 2 1
6284 116813 106659 2 1
6285 116814 106659 2 1
6286 116815 106659 2 1
6287 116816 106659 2 1
6288 116817 106659 2 1
6289 116818 106659 2 1
6290 116819 106659 2 1
6291 116820 106659 2 1
6292 116821 106659 2 1
6293 116822 106659 2 1
6294 116823 106659 2 1
6295 120153 109872 10 1
6296 120154 109872 10 1
6297 116826 106659 2 1
6298 116827 106659 2 1
6299 116828 106659 2 1
6300 116829 106659 2 1
6301 116830 106659 2 1
6302 116831 106659 2 1
6303 116832 106659 2 1
6304 116833 106659 2 1
6305 116834 106659 2 1
6306 116835 106659 2 1
6307 120165 109872 10 1
6308 116837 106659 2 1
6309 116838 106659 2 1
6310 116839 106659 2 1
6311 116840 106659 2 1
6312 120170 109872 10 1
6313 120171 109872 10 1
6314 120172 109872 10 1
6315 120173 109872 10 1
6316 116845 106659 2 1
6317 116846 106659 2 1
6318 120176 109872 10 1
6319 120177 109872 10 1
6320 120178 109872 10 1
6321 120179 109872 10 1
6322 120180 109872 10 1
6323 120181 109872 10 1
6324 120182 109872 10 1
6325 120183 109872 10 1
6326 120184 109872 10 1
6327 120185 109872 10 1
6328 120186 109872 10 1
6329 120187 109872 10 1
6330 120188 109872 10 1
6331 120189 109872 10 1
6332 120190 109872 10 1
6333 120191 109872 10 1
6334 120192 109872 10 1
6335 120193 109872 10 1
6336 120194 109872 10 1
6337 120195 109872 10 1
6338 120196 109872 10 1
6339 120197 109872 10 1
6340 120198 109872 10 1
6341 120199 109872 10 1
6342 120200 109872 10 1
6343 120201 109872 10 1
6344 120202 109872 10 1
6345 120203 109872 10 1
6346 120204 109872 10 1
6347 120205 109872 10 1
6348 120206 109872 10 1
6349 120207 109872 10 1
6350 120208 109872 10 1
6351 120209 109872 10 1
6352 120210 109872 10 1
6353 120211 109872 10 1
6354 120212 109872 10 1
6355 120213 109872 10 1
6356 120214 109872 10 1
6357 120215 109872 10 1
6358 120216 109872 10 1
6359 120217 109872 10 1
6360 120218 109872 10 1
6361 120219 109872 10 1
6362 120220 109872 10 1
6363 120221 109872 10 1
6364 120222 109872 10 1
6365 120223 109872 10 1
6366 120224 109872 10 1
6367 120225 109872 10 1
6368 120226 109872 10 1
6369 120227 109872 10 1
6370 120228 109872 10 1
6371 120229 109872 10 1
6372 120230 109872 10 1
6373 120231 109872 10 1
6374 120232 109872 10 1
6375 120233 109872 10 1
6376 120234 109872 10 1
6377 120235 109872 10 1
6378 120236 109872 10 1
6379 120237 109872 10 1
6380 120238 109872 10 1
6381 120239 109872 10 1
6382 120240 109872 10 1
6383 120241 109872 10 1
6384 120242 109872 10 1
6385 120243 109872 10 1
6386 120244 109872 10 1
6387 120245 109872 10 1
6388 120246 109872 10 1
6389 120247 109872 10 1
6390 121645 111220 7 1
6391 121646 111220 7 1
6392 120250 109872 10 1
6393 121648 111220 7 1
6394 121649 111220 7 1
6395 121650 111220 7 1
6396 121651 111220 7 1
6397 120255 109872 10 1
6398 121653 111220 7 1
6399 121654 111220 7 1
6400 120258 109872 10 1
6401 120259 109872 10 1
6402 120260 109872 10 1
6403 120261 109872 10 1
6404 120262 109872 10 1
6405 120263 109872 10 1
6406 120264 109872 10 1
6407 120265 109872 10 1
6408 120266 109872 10 1
6409 120267 109872 10 1
6410 120268 109872 10 1
6411 120269 109872 10 1
6412 120270 109872 10 1
6413 120271 109872 10 1
6414 120272 109872 10 1
6415 120273 109872 10 1
6416 120274 109872 10 1
6417 120275 109872 10 1
6418 120276 109872 10 1
6419 120277 109872 10 1
6420 120278 109872 10 1
6421 120279 109872 10 1
6422 120280 109872 10 1
6423 120281 109872 10 1
6424 120282 109872 10 1
6425 120283 109872 10 1
6426 120284 109872 10 1
6427 120285 109872 10 1
6428 120286 109872 10 1
6429 120287 109872 10 1
6430 120288 109872 10 1
6431 120289 109872 10 1
6432 120290 109872 10 1
6433 120291 109872 10 1
6434 120292 109872 10 1
6435 120293 109872 10 1
6436 120294 109872 10 1
6437 120295 109872 10 1
6438 120296 109872 10 1
6439 120297 109872 10 1
6440 120298 109872 10 1
6441 120299 109872 10 1
6442 120300 109872 10 1
6443 120301 109872 10 1
6444 120302 109872 10 1
6445 120303 109872 10 1
6446 120304 109872 10 1
6447 120305 109872 10 1
6448 124384 113807 5 1
6449 124385 113807 5 1
6450 124386 113807 5 1
6451 124387 113807 5 1
6452 124388 113807 5 1
6453 124389 113807 5 1
6454 124390 113807 5 1
6455 124391 113807 5 1
6456 124392 113807 5 1
6457 124393 113807 5 1
6458 120316 109872 10 1
6459 124395 113807 5 1
6460 124396 113807 5 1
6461 124397 113807 5 1
6462 124398 113807 5 1
6463 124399 113807 5 1
6464 124400 113807 5 1
6465 124401 113807 5 1
6466 124402 113807 5 1
6467 124403 113807 5 1
6468 124404 113807 5 1
6469 124405 113807 5 1
6470 124406 113807 5 1
6471 124407 113807 5 1
6472 124408 113807 5 1
6473 124409 113807 5 1
6474 124410 113807 5 1
6475 124411 113807 5 1
6476 124412 113807 5 1
6477 124413 113807 5 1
6478 124414 113807 5 1
6479 124415 113807 5 1
6480 124416 113807 5 1
6481 124417 113807 5 1
6482 124418 113807 5 1
6483 124419 113807 5 1
6484 124420 113807 5 1
6485 124421 113807 5 1
6486 124422 113807 5 1
6487 124423 113807 5 1
6488 124424 113807 5 1
6489 124425 113807 5 1
6490 124426 113807 5 1
6491 124427 113807 5 1
6492 124428 113807 5 1
6493 124429 113807 5 1
6494 124430 113807 5 1
6495 124431 113807 5 1
6496 124432 113807 5 1
6497 124433 113807 5 1
6498 126883 116170 3 1
6499 126884 116170 3 1
6500 124436 113807 5 1
6501 124437 113807 5 1
6502 124438 113807 5 1
6503 124439 113807 5 1
6504 124440 113807 5 1
6505 124441 113807 5 1
6506 124442 113807 5 1
6507 124443 113807 5 1
6508 124444 113807 5 1
6509 124445 113807 5 1
6510 124446 113807 5 1
6511 124447 113807 5 1
6512 124448 113807 5 1
6513 126898 116170 3 1
6514 126899 116170 3 1
6515 126900 116170 3 1
6516 126901 116170 3 1
6517 126902 116170 3 1
6518 126903 116170 3 1
6519 124455 113807 5 1
6520 126905 116170 3 1
6521 124457 113807 5 1
6522 124458 113807 5 1
6523 124459 113807 5 1
6524 126909 116170 3 1
6525 124461 113807 5 1
6526 124462 113807 5 1
6527 124463 113807 5 1
6528 126913 116170 3 1
6529 124465 113807 5 1
6530 124466 113807 5 1
6531 124467 113807 5 1
6532 124468 113807 5 1
6533 124469 113807 5 1
6534 124470 113807 5 1
6535 124471 113807 5 1
6536 124472 113807 5 1
6537 124473 113807 5 1
6538 124474 113807 5 1
6539 124475 113807 5 1
6540 124476 113807 5 1
6541 124477 113807 5 1
6542 124478 113807 5 1
6543 124479 113807 5 1
6544 124480 113807 5 1
6545 124481 113807 5 1
6546 124482 113807 5 1
6547 124483 113807 5 1
6548 124484 113807 5 1
6549 124485 113807 5 1
6550 124486 113807 5 1
6551 124487 113807 5 1
6552 124488 113807 5 1
6553 124489 113807 5 1
6554 124490 113807 5 1
6555 124491 113807 5 1
6556 124492 113807 5 1
6557 124493 113807 5 1
6558 124494 113807 5 1
6559 124495 113807 5 1
6560 124496 113807 5 1
6561 124497 113807 5 1
6562 124498 113807 5 1
6563 124499 113807 5 1
6564 124500 113807 5 1
6565 124501 113807 5 1
6566 124502 113807 5 1
6567 124503 113807 5 1
6568 124504 113807 5 1
6569 124505 113807 5 1
6570 124506 113807 5 1
6571 124507 113807 5 1
6572 124508 113807 5 1
6573 124509 113807 5 1
6574 124510 113807 5 1
6575 124511 113807 5 1
6576 124512 113807 5 1
6577 124513 113807 5 1
6578 124514 113807 5 1
6579 124515 113807 5 1
6580 124516 113807 5 1
6581 124517 113807 5 1
6582 124518 113807 5 1
6583 124519 113807 5 1
6584 124520 113807 5 1
6585 124521 113807 5 1
6586 124522 113807 5 1
6587 124523 113807 5 1
6588 126973 116170 3 1
6589 126974 116170 3 1
6590 126975 116170 3 1
6591 124527 113807 5 1
6592 126977 116170 3 1
6593 126978 116170 3 1
6594 126979 116170 3 1
6595 126980 116170 3 1
6596 126981 116170 3 1
6597 126982 116170 3 1
6598 124534 113807 5 1
6599 124535 113807 5 1
6600 124536 113807 5 1
6601 126986 116170 3 1
6602 126987 116170 3 1
6603 124539 113807 5 1
6604 124540 113807 5 1
6605 126990 116170 3 1
6606 126991 116170 3 1
6607 124543 113807 5 1
6608 124544 113807 5 1
6609 126994 116170 3 1
6610 124546 113807 5 1
6611 124547 113807 5 1
6612 124548 113807 5 1
6613 124549 113807 5 1
6614 125298 114529 9 1
6615 124551 113807 5 1
6616 125300 114529 9 1
6617 125301 114529 9 1
6618 125302 114529 9 1
6619 125303 114529 9 1
6620 125304 114529 9 1
6621 125305 114529 9 1
6622 125306 114529 9 1
6623 124559 113807 5 1
6624 124560 113807 5 1
6625 125309 114529 9 1
6626 125310 114529 9 1
6627 125311 114529 9 1
6628 125312 114529 9 1
6629 125313 114529 9 1
6630 125314 114529 9 1
6631 124567 113807 5 1
6632 125316 114529 9 1
6633 125317 114529 9 1
6634 125318 114529 9 1
6635 125319 114529 9 1
6636 127021 116170 3 1
6637 125321 114529 9 1
6638 127023 116170 3 1
6639 127024 116170 3 1
6640 127025 116170 3 1
6641 127026 116170 3 1
6642 127027 116170 3 1
6643 127028 116170 3 1
6644 127029 116170 3 1
6645 127030 116170 3 1
6646 127031 116170 3 1
6647 127032 116170 3 1
6648 127033 116170 3 1
6649 127034 116170 3 1
6650 127035 116170 3 1
6651 127036 116170 3 1
6652 127037 116170 3 1
6653 127038 116170 3 1
6654 127039 116170 3 1
6655 127040 116170 3 1
6656 127041 116170 3 1
6657 127042 116170 3 1
6658 127043 116170 3 1
6659 127044 116170 3 1
6660 127045 116170 3 1
6661 127046 116170 3 1
6662 127047 116170 3 1
6663 127048 116170 3 1
6664 127049 116170 3 1
6665 127050 116170 3 1
6666 127051 116170 3 1
6667 127052 116170 3 1
6668 127053 116170 3 1
6669 127054 116170 3 1
6670 127055 116170 3 1
6671 127056 116170 3 1
6672 127057 116170 3 1
6673 127058 116170 3 1
6674 127059 116170 3 1
6675 127060 116170 3 1
6676 127061 116170 3 1
6677 127062 116170 3 1
6678 127063 116170 3 1
6679 127064 116170 3 1
6680 127065 116170 3 1
6681 127066 116170 3 1
6682 127067 116170 3 1
6683 129139 118169 10 1
6684 127069 116170 3 1
6685 127070 116170 3 1
6686 127071 116170 3 1
6687 127072 116170 3 1
6688 127073 116170 3 1
6689 127074 116170 3 1
6690 127075 116170 3 1
6691 127076 116170 3 1
6692 127077 116170 3 1
6693 127078 116170 3 1
6694 127079 116170 3 1
6695 127080 116170 3 1
6696 127081 116170 3 1
6697 127082 116170 3 1
6698 127083 116170 3 1
6699 127084 116170 3 1
6700 127085 116170 3 1
6701 127086 116170 3 1
6702 127087 116170 3 1
6703 127088 116170 3 1
6704 127089 116170 3 1
6705 127090 116170 3 1
6706 127091 116170 3 1
6707 129163 118169 10 1
6708 127093 116170 3 1
6709 129165 118169 10 1
6710 129166 118169 10 1
6711 129167 118169 10 1
6712 127097 116170 3 1
6713 127098 116170 3 1
6714 127099 116170 3 1
6715 127100 116170 3 1
6716 127101 116170 3 1
6717 127102 116170 3 1
6718 129174 118169 10 1
6719 127104 116170 3 1
6720 127105 116170 3 1
6721 127106 116170 3 1
6722 129178 118169 10 1
6723 127108 116170 3 1
6724 127109 116170 3 1
6725 127110 116170 3 1
6726 127111 116170 3 1
6727 129183 118169 10 1
6728 127113 116170 3 1
6729 129185 118169 10 1
6730 127115 116170 3 1
6731 129187 118169 10 1
6732 129188 118169 10 1
6733 129189 118169 10 1
6734 129190 118169 10 1
6735 129191 118169 10 1
6736 129192 118169 10 1
6737 129193 118169 10 1
6738 129194 118169 10 1
6739 129195 118169 10 1
6740 129196 118169 10 1
6741 129197 118169 10 1
6742 129198 118169 10 1
6743 129199 118169 10 1
6744 129200 118169 10 1
6745 129201 118169 10 1
6746 129202 118169 10 1
6747 129203 118169 10 1
6748 129204 118169 10 1
6749 129205 118169 10 1
6750 129206 118169 10 1
6751 129207 118169 10 1
6752 129208 118169 10 1
6753 129209 118169 10 1
6754 129210 118169 10 1
6755 129211 118169 10 1
6756 129212 118169 10 1
6757 129213 118169 10 1
6758 129214 118169 10 1
6759 129215 118169 10 1
6760 129216 118169 10 1
6761 129217 118169 10 1
6762 129218 118169 10 1
6763 129219 118169 10 1
6764 129220 118169 10 1
6765 129221 118169 10 1
6766 129222 118169 10 1
6767 129223 118169 10 1
6768 129224 118169 10 1
6769 129225 118169 10 1
6770 129226 118169 10 1
6771 129227 118169 10 1
6772 129228 118169 10 1
6773 129229 118169 10 1
6774 129230 118169 10 1
6775 129231 118169 10 1
6776 129232 118169 10 1
6777 129233 118169 10 1
6778 129234 118169 10 1
6779 129235 118169 10 1
6780 129236 118169 10 1
6781 129237 118169 10 1
6782 129238 118169 10 1
6783 129239 118169 10 1
6784 129240 118169 10 1
6785 129241 118169 10 1
6786 129242 118169 10 1
6787 129243 118169 10 1
6788 129244 118169 10 1
6789 129245 118169 10 1
6790 129246 118169 10 1
6791 129247 118169 10 1
6792 129248 118169 10 1
6793 129249 118169 10 1
6794 129250 118169 10 1
6795 129251 118169 10 1
6796 129252 118169 10 1
6797 129253 118169 10 1
6798 129254 118169 10 1
6799 129255 118169 10 1
6800 129256 118169 10 1
6801 129257 118169 10 1
6802 129258 118169 10 1
6803 129259 118169 10 1
6804 129260 118169 10 1
6805 129261 118169 10 1
6806 129262 118169 10 1
6807 129263 118169 10 1
6808 129264 118169 10 1
6809 129265 118169 10 1
6810 129266 118169 10 1
6811 129267 118169 10 1
6812 129268 118169 10 1
6813 129269 118169 10 1
6814 129270 118169 10 1
6815 129271 118169 10 1
6816 129272 118169 10 1
6817 129273 118169 10 1
6818 129274 118169 10 1
6819 129275 118169 10 1
6820 129276 118169 10 1
6821 129277 118169 10 1
6822 129278 118169 10 1
6823 129279 118169 10 1
6824 129280 118169 10 1
6825 129281 118169 10 1
6826 129282 118169 10 1
6827 129283 118169 10 1
6828 129284 118169 10 1
6829 129285 118169 10 1
6830 129286 118169 10 1
6831 129287 118169 10 1
6832 129288 118169 10 1
6833 129289 118169 10 1
6834 129290 118169 10 1
6835 129291 118169 10 1
6836 129292 118169 10 1
6837 129293 118169 10 1
6838 129294 118169 10 1
6839 129295 118169 10 1
6840 129296 118169 10 1
6841 129297 118169 10 1
6842 129298 118169 10 1
6843 129299 118169 10 1
6844 129300 118169 10 1
6845 129301 118169 10 1
6846 129302 118169 10 1
6847 129303 118169 10 1
6848 129304 118169 10 1
6849 129305 118169 10 1
6850 129306 118169 10 1
6851 129307 118169 10 1
6852 129308 118169 10 1
6853 129309 118169 10 1
6854 129310 118169 10 1
6855 129311 118169 10 1
6856 129312 118169 10 1
6857 129313 118169 10 1
6858 129314 118169 10 1
6859 129315 118169 10 1
6860 129316 118169 10 1
6861 129317 118169 10 1
6862 129318 118169 10 1
6863 129319 118169 10 1
6864 129320 118169 10 1
6865 129321 118169 10 1
6866 129322 118169 10 1
6867 129323 118169 10 1
6868 129324 118169 10 1
6869 129325 118169 10 1
6870 129326 118169 10 1
6871 129327 118169 10 1
6872 129328 118169 10 1
6873 129329 118169 10 1
6874 129330 118169 10 1
6875 129331 118169 10 1
6876 134643 123294 10 1
6877 134644 123294 10 1
6878 129334 118169 10 1
6879 129335 118169 10 1
6880 134647 123294 10 1
6881 129337 118169 10 1
6882 134649 123294 10 1
6883 134650 123294 10 1
6884 134651 123294 10 1
6885 129341 118169 10 1
6886 129342 118169 10 1
6887 134654 123294 10 1
6888 129344 118169 10 1
6889 129345 118169 10 1
6890 134657 123294 10 1
6891 129347 118169 10 1
6892 134659 123294 10 1
6893 129349 118169 10 1
6894 134661 123294 10 1
6895 134662 123294 10 1
6896 134663 123294 10 1
6897 134664 123294 10 1
6898 134665 123294 10 1
6899 134666 123294 10 1
6900 134667 123294 10 1
6901 134668 123294 10 1
6902 134669 123294 10 1
6903 134670 123294 10 1
6904 134671 123294 10 1
6905 134672 123294 10 1
6906 134673 123294 10 1
6907 134674 123294 10 1
6908 134675 123294 10 1
6909 134676 123294 10 1
6910 134677 123294 10 1
6911 134678 123294 10 1
6912 134679 123294 10 1
6913 134680 123294 10 1
6914 134681 123294 10 1
6915 134682 123294 10 1
6916 134683 123294 10 1
6917 134684 123294 10 1
6918 134685 123294 10 1
6919 134686 123294 10 1
6920 134687 123294 10 1
6921 134688 123294 10 1
6922 134689 123294 10 1
6923 134690 123294 10 1
6924 134691 123294 10 1
6925 134692 123294 10 1
6926 134693 123294 10 1
6927 134694 123294 10 1
6928 134695 123294 10 1
6929 134696 123294 10 1
6930 134697 123294 10 1
6931 134698 123294 10 1
6932 134699 123294 10 1
6933 134700 123294 10 1
6934 134701 123294 10 1
6935 134702 123294 10 1
6936 134703 123294 10 1
6937 134704 123294 10 1
6938 134705 123294 10 1
6939 134706 123294 10 1
6940 134707 123294 10 1
6941 134708 123294 10 1
6942 134709 123294 10 1
6943 134710 123294 10 1
6944 129400 118169 10 1
6945 134712 123294 10 1
6946 134713 123294 10 1
6947 129403 118169 10 1
6948 134715 123294 10 1
6949 134716 123294 10 1
6950 134717 123294 10 1
6951 134718 123294 10 1
6952 134719 123294 10 1
6953 134720 123294 10 1
6954 129410 118169 10 1
6955 134722 123294 10 1
6956 129412 118169 10 1
6957 134724 123294 10 1
6958 129414 118169 10 1
6959 134726 123294 10 1
6960 129416 118169 10 1
6961 129417 118169 10 1
6962 129418 118169 10 1
6963 129419 118169 10 1
6964 134731 123294 10 1
6965 129421 118169 10 1
6966 134733 123294 10 1
6967 129423 118169 10 1
6968 129424 118169 10 1
6969 134736 123294 10 1
6970 129426 118169 10 1
6971 129427 118169 10 1
6972 129428 118169 10 1
6973 129429 118169 10 1
6974 129430 118169 10 1
6975 129431 118169 10 1
6976 129432 118169 10 1
6977 129433 118169 10 1
6978 129434 118169 10 1
6979 129435 118169 10 1
6980 129436 118169 10 1
6981 129437 118169 10 1
6982 129438 118169 10 1
6983 129439 118169 10 1
6984 129440 118169 10 1
6985 129441 118169 10 1
6986 129442 118169 10 1
6987 129443 118169 10 1
6988 129444 118169 10 1
6989 129445 118169 10 1
6990 129446 118169 10 1
6991 129447 118169 10 1
6992 129448 118169 10 1
6993 129449 118169 10 1
6994 129450 118169 10 1
6995 129451 118169 10 1
6996 129452 118169 10 1
6997 129453 118169 10 1
6998 129454 118169 10 1
6999 129455 118169 10 1
7000 129456 118169 10 1
7001 129457 118169 10 1
7002 129458 118169 10 1
7003 129459 118169 10 1
7004 129460 118169 10 1
7005 129461 118169 10 1
7006 129462 118169 10 1
7007 129463 118169 10 1
7008 129464 118169 10 1
7009 129465 118169 10 1
7010 129466 118169 10 1
7011 129467 118169 10 1
7012 129468 118169 10 1
7013 129469 118169 10 1
7014 129470 118169 10 1
7015 129471 118169 10 1
7016 129472 118169 10 1
7017 129473 118169 10 1
7018 129474 118169 10 1
7019 129475 118169 10 1
7020 129476 118169 10 1
7021 129477 118169 10 1
7022 129478 118169 10 1
7023 129479 118169 10 1
7024 129480 118169 10 1
7025 129481 118169 10 1
7026 129482 118169 10 1
7027 129483 118169 10 1
7028 129484 118169 10 1
7029 129485 118169 10 1
7030 129486 118169 10 1
7031 129487 118169 10 1
7032 129488 118169 10 1
7033 129489 118169 10 1
7034 129490 118169 10 1
7035 129491 118169 10 1
7036 129492 118169 10 1
7037 129493 118169 10 1
7038 129494 118169 10 1
7039 129495 118169 10 1
7040 129496 118169 10 1
7041 129497 118169 10 1
7042 129498 118169 10 1
7043 129499 118169 10 1
7044 129500 118169 10 1
7045 129501 118169 10 1
7046 129502 118169 10 1
7047 129503 118169 10 1
7048 136487 124907 3 1
7049 136488 124907 3 1
7050 129506 118169 10 1
7051 129507 118169 10 1
7052 129508 118169 10 1
7053 136492 124907 3 1
7054 136493 124907 3 1
7055 136494 124907 3 1
7056 136495 124907 3 1
7057 136496 124907 3 1
7058 136497 124907 3 1
7059 136498 124907 3 1
7060 136499 124907 3 1
7061 136500 124907 3 1
7062 136501 124907 3 1
7063 136502 124907 3 1
7064 136503 124907 3 1
7065 136504 124907 3 1
7066 136505 124907 3 1
7067 136506 124907 3 1
7068 136507 124907 3 1
7069 136508 124907 3 1
7070 136509 124907 3 1
7071 136510 124907 3 1
7072 136511 124907 3 1
7073 136512 124907 3 1
7074 136513 124907 3 1
7075 136514 124907 3 1
7076 136515 124907 3 1
7077 136516 124907 3 1
7078 136517 124907 3 1
7079 136518 124907 3 1
7080 136519 124907 3 1
7081 136520 124907 3 1
7082 136521 124907 3 1
7083 136522 124907 3 1
7084 136523 124907 3 1
7085 136524 124907 3 1
7086 136525 124907 3 1
7087 136526 124907 3 1
7088 136527 124907 3 1
7089 136528 124907 3 1
7090 136529 124907 3 1
7091 136530 124907 3 1
7092 136531 124907 3 1
7093 136532 124907 3 1
7094 136533 124907 3 1
7095 136534 124907 3 1
7096 136535 124907 3 1
7097 136536 124907 3 1
7098 136537 124907 3 1
7099 136538 124907 3 1
7100 136539 124907 3 1
7101 136540 124907 3 1
7102 136541 124907 3 1
7103 136542 124907 3 1
7104 136543 124907 3 1
7105 136544 124907 3 1
7106 136545 124907 3 1
7107 136546 124907 3 1
7108 136547 124907 3 1
7109 136548 124907 3 1
7110 136549 124907 3 1
7111 136550 124907 3 1
7112 136551 124907 3 1
7113 136552 124907 3 1
7114 136553 124907 3 1
7115 136554 124907 3 1
7116 136555 124907 3 1
7117 136556 124907 3 1
7118 136557 124907 3 1
7119 136558 124907 3 1
7120 136559 124907 3 1
7121 136560 124907 3 1
7122 136561 124907 3 1
7123 136562 124907 3 1
7124 136563 124907 3 1
7125 136564 124907 3 1
7126 136565 124907 3 1
7127 136566 124907 3 1
7128 136567 124907 3 1
7129 136568 124907 3 1
7130 136569 124907 3 1
7131 136570 124907 3 1
7132 136571 124907 3 1
7133 136572 124907 3 1
7134 136573 124907 3 1
7135 136574 124907 3 1
7136 136575 124907 3 1
7137 136576 124907 3 1
7138 136577 124907 3 1
7139 136578 124907 3 1
7140 136579 124907 3 1
7141 136580 124907 3 1
7142 136581 124907 3 1
7143 136582 124907 3 1
7144 136583 124907 3 1
7145 136584 124907 3 1
7146 136585 124907 3 1
7147 136586 124907 3 1
7148 136587 124907 3 1
7149 136588 124907 3 1
7150 136589 124907 3 1
7151 136590 124907 3 1
7152 136591 124907 3 1
7153 136592 124907 3 1
7154 136593 124907 3 1
7155 136594 124907 3 1
7156 136595 124907 3 1
7157 136596 124907 3 1
7158 136597 124907 3 1
7159 136598 124907 3 1
7160 136599 124907 3 1
7161 136600 124907 3 1
7162 136601 124907 3 1
7163 136602 124907 3 1
7164 136603 124907 3 1
7165 136604 124907 3 1
7166 136605 124907 3 1
7167 136606 124907 3 1
7168 136607 124907 3 1
7169 136608 124907 3 1
7170 136609 124907 3 1
7171 136610 124907 3 1
7172 136611 124907 3 1
7173 136612 124907 3 1
7174 136613 124907 3 1
7175 136614 124907 3 1
7176 136615 124907 3 1
7177 136616 124907 3 1
7178 136617 124907 3 1
7179 136618 124907 3 1
7180 136619 124907 3 1
7181 136620 124907 3 1
7182 136621 124907 3 1
7183 136622 124907 3 1
7184 136623 124907 3 1
7185 136624 124907 3 1
7186 136625 124907 3 1
7187 136626 124907 3 1
7188 136627 124907 3 1
7189 136628 124907 3 1
7190 136629 124907 3 1
7191 136630 124907 3 1
7192 136631 124907 3 1
7193 136632 124907 3 1
7194 136633 124907 3 1
7195 136634 124907 3 1
7196 136635 124907 3 1
7197 136636 124907 3 1
7198 136637 124907 3 1
7199 136638 124907 3 1
7200 136639 124907 3 1
7201 136640 124907 3 1
7202 136641 124907 3 1
7203 136642 124907 3 1
7204 136643 124907 3 1
7205 136644 124907 3 1
7206 136645 124907 3 1
7207 136646 124907 3 1
7208 136647 124907 3 1
7209 136648 124907 3 1
7210 136649 124907 3 1
7211 136650 124907 3 1
7212 136651 124907 3 1
7213 136652 124907 3 1
7214 136653 124907 3 1
7215 136654 124907 3 1
7216 136655 124907 3 1
7217 136656 124907 3 1
7218 136657 124907 3 1
7219 136658 124907 3 1
7220 136659 124907 3 1
7221 136660 124907 3 1
7222 136661 124907 3 1
7223 136662 124907 3 1
7224 136663 124907 3 1
7225 136664 124907 3 1
7226 136665 124907 3 1
7227 136666 124907 3 1
7228 136667 124907 3 1
7229 136668 124907 3 1
7230 136669 124907 3 1
7231 136670 124907 3 1
7232 136671 124907 3 1
7233 136672 124907 3 1
7234 136673 124907 3 1
7235 136674 124907 3 1
7236 136675 124907 3 1
7237 136676 124907 3 1
7238 136677 124907 3 1
7239 136678 124907 3 1
7240 136679 124907 3 1
7241 136680 124907 3 1
7242 136681 124907 3 1
7243 136682 124907 3 1
7244 136683 124907 3 1
7245 136684 124907 3 1
7246 136685 124907 3 1
7247 136686 124907 3 1
7248 136687 124907 3 1
7249 136688 124907 3 1
7250 136689 124907 3 1
7251 136690 124907 3 1
7252 136691 124907 3 1
7253 136692 124907 3 1
7254 136693 124907 3 1
7255 136694 124907 3 1
7256 136695 124907 3 1
7257 136696 124907 3 1
7258 136697 124907 3 1
7259 136698 124907 3 1
7260 136699 124907 3 1
7261 136700 124907 3 1
7262 136701 124907 3 1
7263 136702 124907 3 1
7264 136703 124907 3 1
7265 136704 124907 3 1
7266 136705 124907 3 1
7267 136706 124907 3 1
7268 136707 124907 3 1
7269 136708 124907 3 1
7270 136709 124907 3 1
7271 136710 124907 3 1
7272 136711 124907 3 1
7273 136712 124907 3 1
7274 136713 124907 3 1
7275 136714 124907 3 1
7276 136715 124907 3 1
7277 136716 124907 3 1
7278 136717 124907 3 1
7279 136718 124907 3 1
7280 136719 124907 3 1
7281 137274 125442 9 1
7282 137275 125442 9 1
7283 136722 124907 3 1
7284 137277 125442 9 1
7285 136724 124907 3 1
7286 136725 124907 3 1
7287 137280 125442 9 1
7288 136727 124907 3 1
7289 137282 125442 9 1
7290 136729 124907 3 1
7291 136730 124907 3 1
7292 136731 124907 3 1
7293 136732 124907 3 1
7294 137287 125442 9 1
7295 137288 125442 9 1
7296 137289 125442 9 1
7297 137290 125442 9 1
7298 137291 125442 9 1
7299 137292 125442 9 1
7300 137293 125442 9 1
7301 136740 124907 3 1
7302 136741 124907 3 1
7303 136742 124907 3 1
7304 136743 124907 3 1
7305 137298 125442 9 1
7306 136745 124907 3 1
7307 137300 125442 9 1
7308 137301 125442 9 1
7309 137302 125442 9 1
7310 137303 125442 9 1
7311 137304 125442 9 1
7312 137305 125442 9 1
7313 137306 125442 9 1
7314 137307 125442 9 1
7315 137308 125442 9 1
7316 137309 125442 9 1
7317 136756 124907 3 1
7318 136757 124907 3 1
7319 137312 125442 9 1
7320 136759 124907 3 1
7321 136760 124907 3 1
7322 136761 124907 3 1
7323 136762 124907 3 1
7324 136763 124907 3 1
7325 136764 124907 3 1
7326 136765 124907 3 1
7327 137320 125442 9 1
7328 137321 125442 9 1
7329 137322 125442 9 1
7330 137323 125442 9 1
7331 137324 125442 9 1
7332 137325 125442 9 1
7333 137326 125442 9 1
7334 137327 125442 9 1
7335 137328 125442 9 1
7336 137329 125442 9 1
7337 137330 125442 9 1
7338 137331 125442 9 1
7339 137332 125442 9 1
7340 137333 125442 9 1
7341 137334 125442 9 1
7342 137335 125442 9 1
7343 137336 125442 9 1
7344 137337 125442 9 1
7345 137338 125442 9 1
7346 137339 125442 9 1
7347 137340 125442 9 1
7348 137341 125442 9 1
7349 137342 125442 9 1
7350 137343 125442 9 1
7351 137344 125442 9 1
7352 137345 125442 9 1
7353 137346 125442 9 1
7354 137347 125442 9 1
7355 142762 130666 3 1
7356 137349 125442 9 1
7357 142764 130666 3 1
7358 142765 130666 3 1
7359 142766 130666 3 1
7360 142767 130666 3 1
7361 142768 130666 3 1
7362 137355 125442 9 1
7363 137356 125442 9 1
7364 137357 125442 9 1
7365 137358 125442 9 1
7366 137359 125442 9 1
7367 137360 125442 9 1
7368 137361 125442 9 1
7369 137362 125442 9 1
7370 137363 125442 9 1
7371 137364 125442 9 1
7372 137365 125442 9 1
7373 137366 125442 9 1
7374 137367 125442 9 1
7375 137368 125442 9 1
7376 137369 125442 9 1
7377 137370 125442 9 1
7378 137371 125442 9 1
7379 137372 125442 9 1
7380 137373 125442 9 1
7381 137374 125442 9 1
7382 137375 125442 9 1
7383 137376 125442 9 1
7384 137377 125442 9 1
7385 137378 125442 9 1
7386 137379 125442 9 1
7387 137380 125442 9 1
7388 142795 130666 3 1
7389 142796 130666 3 1
7390 137383 125442 9 1
7391 142798 130666 3 1
7392 142799 130666 3 1
7393 137386 125442 9 1
7394 142801 130666 3 1
7395 137388 125442 9 1
7396 142803 130666 3 1
7397 142804 130666 3 1
7398 137391 125442 9 1
7399 137392 125442 9 1
7400 137393 125442 9 1
7401 142808 130666 3 1
7402 142809 130666 3 1
7403 142810 130666 3 1
7404 142811 130666 3 1
7405 142812 130666 3 1
7406 142813 130666 3 1
7407 142814 130666 3 1
7408 142815 130666 3 1
7409 142816 130666 3 1
7410 142817 130666 3 1
7411 142818 130666 3 1
7412 142819 130666 3 1
7413 137406 125442 9 1
7414 137407 125442 9 1
7415 142822 130666 3 1
7416 142823 130666 3 1
7417 142824 130666 3 1
7418 142825 130666 3 1
7419 142826 130666 3 1
7420 142827 130666 3 1
7421 142828 130666 3 1
7422 142829 130666 3 1
7423 142830 130666 3 1
7424 142831 130666 3 1
7425 142832 130666 3 1
7426 142833 130666 3 1
7427 142834 130666 3 1
7428 142835 130666 3 1
7429 142836 130666 3 1
7430 142837 130666 3 1
7431 142838 130666 3 1
7432 142839 130666 3 1
7433 142840 130666 3 1
7434 142841 130666 3 1
7435 142842 130666 3 1
7436 142843 130666 3 1
7437 142844 130666 3 1
7438 142845 130666 3 1
7439 142846 130666 3 1
7440 142847 130666 3 1
7441 142848 130666 3 1
7442 142849 130666 3 1
7443 142850 130666 3 1
7444 142851 130666 3 1
7445 142852 130666 3 1
7446 142853 130666 3 1
7447 142854 130666 3 1
7448 142855 130666 3 1
7449 142856 130666 3 1
7450 142857 130666 3 1
7451 142858 130666 3 1
7452 142859 130666 3 1
7453 142860 130666 3 1
7454 142861 130666 3 1
7455 142862 130666 3 1
7456 142863 130666 3 1
7457 142864 130666 3 1
7458 142865 130666 3 1
7459 142866 130666 3 1
7460 142867 130666 3 1
7461 142868 130666 3 1
7462 142869 130666 3 1
7463 142870 130666 3 1
7464 142871 130666 3 1
7465 142872 130666 3 1
7466 142873 130666 3 1
7467 142874 130666 3 1
7468 142875 130666 3 1
7469 142876 130666 3 1
7470 142877 130666 3 1
7471 142878 130666 3 1
7472 142879 130666 3 1
7473 142880 130666 3 1
7474 142881 130666 3 1
7475 142882 130666 3 1
7476 142883 130666 3 1
7477 142884 130666 3 1
7478 142885 130666 3 1
7479 142886 130666 3 1
7480 142887 130666 3 1
7481 142888 130666 3 1
7482 142889 130666 3 1
7483 142890 130666 3 1
7484 142891 130666 3 1
7485 142892 130666 3 1
7486 142893 130666 3 1
7487 142894 130666 3 1
7488 142895 130666 3 1
7489 142896 130666 3 1
7490 142897 130666 3 1
7491 142898 130666 3 1
7492 142899 130666 3 1
7493 142900 130666 3 1
7494 142901 130666 3 1
7495 142902 130666 3 1
7496 142903 130666 3 1
7497 142904 130666 3 1
7498 142905 130666 3 1
7499 142906 130666 3 1
7500 142907 130666 3 1
7501 142908 130666 3 1
7502 142909 130666 3 1
7503 142910 130666 3 1
7504 142911 130666 3 1
7505 142912 130666 3 1
7506 142913 130666 3 1
7507 142914 130666 3 1
7508 142915 130666 3 1
7509 142916 130666 3 1
7510 142917 130666 3 1
7511 142918 130666 3 1
7512 142919 130666 3 1
7513 142920 130666 3 1
7514 142921 130666 3 1
7515 142922 130666 3 1
7516 142923 130666 3 1
7517 142924 130666 3 1
7518 142925 130666 3 1
7519 142926 130666 3 1
7520 142927 130666 3 1
7521 142928 130666 3 1
7522 142929 130666 3 1
7523 142930 130666 3 1
7524 142931 130666 3 1
7525 142932 130666 3 1
7526 142933 130666 3 1
7527 142934 130666 3 1
7528 142935 130666 3 1
7529 142936 130666 3 1
7530 142937 130666 3 1
7531 142938 130666 3 1
7532 142939 130666 3 1
7533 142940 130666 3 1
7534 142941 130666 3 1
7535 142942 130666 3 1
7536 142943 130666 3 1
7537 142944 130666 3 1
7538 142945 130666 3 1
7539 142946 130666 3 1
7540 142947 130666 3 1
7541 142948 130666 3 1
7542 142949 130666 3 1
7543 142950 130666 3 1
7544 142951 130666 3 1
7545 142952 130666 3 1
7546 142953 130666 3 1
7547 142954 130666 3 1
7548 142955 130666 3 1
7549 142956 130666 3 1
7550 142957 130666 3 1
7551 142958 130666 3 1
7552 142959 130666 3 1
7553 142960 130666 3 1
7554 142961 130666 3 1
7555 142962 130666 3 1
7556 142963 130666 3 1
7557 142964 130666 3 1
7558 142965 130666 3 1
7559 142966 130666 3 1
7560 142967 130666 3 1
7561 142968 130666 3 1
7562 142969 130666 3 1
7563 142970 130666 3 1
7564 142971 130666 3 1
7565 142972 130666 3 1
7566 142973 130666 3 1
7567 142974 130666 3 1
7568 142975 130666 3 1
7569 142976 130666 3 1
7570 142977 130666 3 1
7571 142978 130666 3 1
7572 142979 130666 3 1
7573 142980 130666 3 1
7574 142981 130666 3 1
7575 142982 130666 3 1
7576 142983 130666 3 1
7577 142984 130666 3 1
7578 142985 130666 3 1
7579 142986 130666 3 1
7580 142987 130666 3 1
7581 142988 130666 3 1
7582 142989 130666 3 1
7583 142990 130666 3 1
7584 142991 130666 3 1
7585 142992 130666 3 1
7586 142993 130666 3 1
7587 142994 130666 3 1
7588 142995 130666 3 1
7589 142996 130666 3 1
7590 142997 130666 3 1
7591 142998 130666 3 1
7592 142999 130666 3 1
7593 143000 130666 3 1
7594 143001 130666 3 1
7595 143002 130666 3 1
7596 143003 130666 3 1
7597 143004 130666 3 1
7598 143005 130666 3 1
7599 143006 130666 3 1
7600 143007 130666 3 1
7601 143008 130666 3 1
7602 143009 130666 3 1
7603 143010 130666 3 1
7604 143011 130666 3 1
7605 143012 130666 3 1
7606 143013 130666 3 1
7607 143014 130666 3 1
7608 143015 130666 3 1
7609 143016 130666 3 1
7610 143017 130666 3 1
7611 143018 130666 3 1
7612 143019 130666 3 1
7613 143020 130666 3 1
7614 143021 130666 3 1
7615 143022 130666 3 1
7616 143023 130666 3 1
7617 143024 130666 3 1
7618 143025 130666 3 1
7619 143026 130666 3 1
7620 143027 130666 3 1
7621 143028 130666 3 1
7622 143029 130666 3 1
7623 143030 130666 3 1
7624 143031 130666 3 1
7625 143032 130666 3 1
7626 143033 130666 3 1
7627 143034 130666 3 1
7628 143035 130666 3 1
7629 143036 130666 3 1
7630 143037 130666 3 1
7631 143038 130666 3 1
7632 143039 130666 3 1
7633 143040 130666 3 1
7634 143041 130666 3 1
7635 143042 130666 3 1
7636 143043 130666 3 1
7637 143044 130666 3 1
7638 143045 130666 3 1
7639 143046 130666 3 1
7640 143047 130666 3 1
7641 143048 130666 3 1
7642 143049 130666 3 1
7643 143050 130666 3 1
7644 143051 130666 3 1
7645 143052 130666 3 1
7646 143053 130666 3 1
7647 143054 130666 3 1
7648 143055 130666 3 1
7649 143056 130666 3 1
7650 143057 130666 3 1
7651 143058 130666 3 1
7652 143059 130666 3 1
7653 143060 130666 3 1
7654 143061 130666 3 1
7655 143062 130666 3 1
7656 143063 130666 3 1
7657 143064 130666 3 1
7658 143065 130666 3 1
7659 143066 130666 3 1
7660 143067 130666 3 1
7661 143068 130666 3 1
7662 143069 130666 3 1
7663 143070 130666 3 1
7664 143071 130666 3 1
7665 143072 130666 3 1
7666 145056 132580 9 1
7667 145057 132580 9 1
7668 143075 130666 3 1
7669 143076 130666 3 1
7670 143077 130666 3 1
7671 143078 130666 3 1
7672 143079 130666 3 1
7673 145063 132580 9 1
7674 143081 130666 3 1
7675 143082 130666 3 1
7676 143083 130666 3 1
7677 145067 132580 9 1
7678 145068 132580 9 1
7679 145069 132580 9 1
7680 145070 132580 9 1
7681 145071 132580 9 1
7682 145072 132580 9 1
7683 145073 132580 9 1
7684 145074 132580 9 1
7685 145075 132580 9 1
7686 145076 132580 9 1
7687 145077 132580 9 1
7688 145078 132580 9 1
7689 145079 132580 9 1
7690 143097 130666 3 1
7691 143098 130666 3 1
7692 143099 130666 3 1
7693 145083 132580 9 1
7694 145084 132580 9 1
7695 143102 130666 3 1
7696 145086 132580 9 1
7697 143104 130666 3 1
7698 145088 132580 9 1
7699 145089 132580 9 1
7700 145090 132580 9 1
7701 145091 132580 9 1
7702 143109 130666 3 1
7703 145093 132580 9 1
7704 145094 132580 9 1
7705 145095 132580 9 1
7706 145096 132580 9 1
7707 145097 132580 9 1
7708 145098 132580 9 1
7709 145099 132580 9 1
7710 145100 132580 9 1
7711 145101 132580 9 1
7712 145102 132580 9 1
7713 145103 132580 9 1
7714 145104 132580 9 1
7715 145105 132580 9 1
7716 145106 132580 9 1
7717 145107 132580 9 1
7718 145108 132580 9 1
7719 145109 132580 9 1
7720 145110 132580 9 1
7721 145111 132580 9 1
7722 145112 132580 9 1
7723 145113 132580 9 1
7724 145114 132580 9 1
7725 145115 132580 9 1
7726 145116 132580 9 1
7727 145117 132580 9 1
7728 145118 132580 9 1
7729 145119 132580 9 1
7730 145120 132580 9 1
7731 145121 132580 9 1
7732 145122 132580 9 1
7733 145123 132580 9 1
7734 145124 132580 9 1
7735 145125 132580 9 1
7736 145126 132580 9 1
7737 145127 132580 9 1
7738 145128 132580 9 1
7739 145129 132580 9 1
7740 145130 132580 9 1
7741 145131 132580 9 1
7742 145132 132580 9 1
7743 145133 132580 9 1
7744 145134 132580 9 1
7745 145135 132580 9 1
7746 145136 132580 9 1
7747 145137 132580 9 1
7748 145138 132580 9 1
7749 145139 132580 9 1
7750 145140 132580 9 1
7751 145141 132580 9 1
7752 145142 132580 9 1
7753 145143 132580 9 1
7754 145144 132580 9 1
7755 145145 132580 9 1
7756 145146 132580 9 1
7757 145147 132580 9 1
7758 145148 132580 9 1
7759 145149 132580 9 1
7760 145150 132580 9 1
7761 145151 132580 9 1
7762 145152 132580 9 1
7763 145153 132580 9 1
7764 145154 132580 9 1
7765 145155 132580 9 1
7766 145156 132580 9 1
7767 145157 132580 9 1
7768 145158 132580 9 1
7769 145159 132580 9 1
7770 145160 132580 9 1
7771 145161 132580 9 1
7772 145162 132580 9 1
7773 145163 132580 9 1
7774 145164 132580 9 1
7775 145165 132580 9 1
7776 145166 132580 9 1
7777 145167 132580 9 1
7778 145168 132580 9 1
7779 145169 132580 9 1
7780 145170 132580 9 1
7781 145171 132580 9 1
7782 145172 132580 9 1
7783 145173 132580 9 1
7784 145174 132580 9 1
7785 145175 132580 9 1
7786 145176 132580 9 1
7787 145177 132580 9 1
7788 145178 132580 9 1
7789 145179 132580 9 1
7790 145180 132580 9 1
7791 145181 132580 9 1
7792 145182 132580 9 1
7793 145183 132580 9 1
7794 145184 132580 9 1
7795 145185 132580 9 1
7796 145186 132580 9 1
7797 145187 132580 9 1
7798 145188 132580 9 1
7799 145189 132580 9 1
7800 145190 132580 9 1
7801 145191 132580 9 1
7802 145192 132580 9 1
7803 145193 132580 9 1
7804 145194 132580 9 1
7805 145195 132580 9 1
7806 145196 132580 9 1
7807 145197 132580 9 1
7808 145198 132580 9 1
7809 145199 132580 9 1
7810 145200 132580 9 1
7811 145201 132580 9 1
7812 145202 132580 9 1
7813 145203 132580 9 1
7814 145204 132580 9 1
7815 145205 132580 9 1
7816 145206 132580 9 1
7817 145207 132580 9 1
7818 145208 132580 9 1
7819 145209 132580 9 1
7820 145210 132580 9 1
7821 145211 132580 9 1
7822 145212 132580 9 1
7823 145213 132580 9 1
7824 145214 132580 9 1
7825 145215 132580 9 1
7826 145216 132580 9 1
7827 145217 132580 9 1
7828 145218 132580 9 1
7829 145219 132580 9 1
7830 145220 132580 9 1
7831 145221 132580 9 1
7832 145222 132580 9 1
7833 145223 132580 9 1
7834 145224 132580 9 1
7835 145225 132580 9 1
7836 145226 132580 9 1
7837 145227 132580 9 1
7838 145228 132580 9 1
7839 145229 132580 9 1
7840 145230 132580 9 1
7841 145231 132580 9 1
7842 145232 132580 9 1
7843 145233 132580 9 1
7844 145234 132580 9 1
7845 145235 132580 9 1
7846 145236 132580 9 1
7847 145237 132580 9 1
7848 145238 132580 9 1
7849 145239 132580 9 1
7850 145240 132580 9 1
7851 145241 132580 9 1
7852 145242 132580 9 1
7853 145243 132580 9 1
7854 145244 132580 9 1
7855 145245 132580 9 1
7856 145246 132580 9 1
7857 145247 132580 9 1
7858 145248 132580 9 1
7859 145249 132580 9 1
7860 145250 132580 9 1
7861 145251 132580 9 1
7862 145252 132580 9 1
7863 150919 138047 2 1
7864 145254 132580 9 1
7865 145255 132580 9 1
7866 150922 138047 2 1
7867 150923 138047 2 1
7868 145258 132580 9 1
7869 145259 132580 9 1
7870 150926 138047 2 1
7871 150927 138047 2 1
7872 150928 138047 2 1
7873 145263 132580 9 1
7874 145264 132580 9 1
7875 145265 132580 9 1
7876 145266 132580 9 1
7877 145267 132580 9 1
7878 145268 132580 9 1
7879 145269 132580 9 1
7880 145270 132580 9 1
7881 145271 132580 9 1
7882 150938 138047 2 1
7883 150939 138047 2 1
7884 145274 132580 9 1
7885 145275 132580 9 1
7886 145276 132580 9 1
7887 145277 132580 9 1
7888 150944 138047 2 1
7889 145279 132580 9 1
7890 150946 138047 2 1
7891 150947 138047 2 1
7892 145282 132580 9 1
7893 150949 138047 2 1
7894 150950 138047 2 1
7895 150951 138047 2 1
7896 150952 138047 2 1
7897 150953 138047 2 1
7898 150954 138047 2 1
7899 150955 138047 2 1
7900 150956 138047 2 1
7901 145291 132580 9 1
7902 150958 138047 2 1
7903 150959 138047 2 1
7904 150960 138047 2 1
7905 150961 138047 2 1
7906 150962 138047 2 1
7907 150963 138047 2 1
7908 150964 138047 2 1
7909 150965 138047 2 1
7910 150966 138047 2 1
7911 150967 138047 2 1
7912 150968 138047 2 1
7913 150969 138047 2 1
7914 150970 138047 2 1
7915 150971 138047 2 1
7916 150972 138047 2 1
7917 150973 138047 2 1
7918 150974 138047 2 1
7919 150975 138047 2 1
7920 150976 138047 2 1
7921 150977 138047 2 1
7922 150978 138047 2 1
7923 150979 138047 2 1
7924 150980 138047 2 1
7925 150981 138047 2 1
7926 150982 138047 2 1
7927 150983 138047 2 1
7928 150984 138047 2 1
7929 150985 138047 2 1
7930 150986 138047 2 1
7931 150987 138047 2 1
7932 150988 138047 2 1
7933 150989 138047 2 1
7934 150990 138047 2 1
7935 150991 138047 2 1
7936 150992 138047 2 1
7937 150993 138047 2 1
7938 150994 138047 2 1
7939 150995 138047 2 1
7940 150996 138047 2 1
7941 150997 138047 2 1
7942 150998 138047 2 1
7943 150999 138047 2 1
7944 151000 138047 2 1
7945 151001 138047 2 1
7946 151002 138047 2 1
7947 151003 138047 2 1
7948 151004 138047 2 1
7949 151005 138047 2 1
7950 151006 138047 2 1
7951 151007 138047 2 1
7952 151008 138047 2 1
7953 151009 138047 2 1
7954 151010 138047 2 1
7955 151011 138047 2 1
7956 151012 138047 2 1
7957 151013 138047 2 1
7958 151014 138047 2 1
7959 151015 138047 2 1
7960 151016 138047 2 1
7961 151017 138047 2 1
7962 151018 138047 2 1
7963 151019 138047 2 1
7964 151020 138047 2 1
7965 151021 138047 2 1
7966 151022 138047 2 1
7967 151023 138047 2 1
7968 151024 138047 2 1
7969 151025 138047 2 1
7970 151026 138047 2 1
7971 151027 138047 2 1
7972 151028 138047 2 1
7973 151029 138047 2 1
7974 151030 138047 2 1
7975 151031 138047 2 1
7976 151032 138047 2 1
7977 151033 138047 2 1
7978 151034 138047 2 1
7979 151035 138047 2 1
7980 151036 138047 2 1
7981 151037 138047 2 1
7982 151038 138047 2 1
7983 151039 138047 2 1
7984 151040 138047 2 1
7985 151041 138047 2 1
7986 151042 138047 2 1
7987 154475 141359 3 1
7988 154476 141359 3 1
7989 151045 138047 2 1
7990 151046 138047 2 1
7991 151047 138047 2 1
7992 151048 138047 2 1
7993 151049 138047 2 1
7994 151050 138047 2 1
7995 151051 138047 2 1
7996 151052 138047 2 1
7997 151053 138047 2 1
7998 151054 138047 2 1
7999 151055 138047 2 1
8000 151056 138047 2 1
