q,r,body_hex
50,589,0018e609
50,589,0018f601
50,589,0018f602
50,589,0018f604
50,589,0018f608
50,589,0018f610
50,589,0019e403
50,589,0019e405
50,589,0019e409
50,589,0019e411
50,589,0019e421
50,589,0019e441
50,589,0019e481
50,589,0019e501
50,589,0019e601
50,589,0019ec01
50,589,0019f401
50,589,0019f402
50,589,0019f404
50,589,0019f408
50,589,0019f410
50,589,001be401
50,589,001c5445
50,589,001c5605
50,589,001c560c
50,589,001c7441
50,589,001c7601
50,589,001c7602
50,589,001c7604
50,589,001c7608
50,589,001c7610
50,589,001c7620
50,589,001c7700
50,589,001ce601
50,589,001cf600
50,589,001d5405
50,589,001d7401
50,589,001d7420
50,589,001d7500
50,589,001de401
50,589,001df400
50,589,001e5604
50,589,0039e401
50,589,003c5405
50,589,003c6403
50,589,003c6601
50,589,003c6602
50,589,003c6604
50,589,003c6608
50,589,003c6610
50,589,003c6620
50,589,003c6700
50,589,003c7401
50,589,003ce600
50,589,003d6401
50,589,003d6402
50,589,003d6404
50,589,003d6420
50,589,003d6500
50,589,003de400
50,589,003e5404
50,589,003e6402
50,589,0054540b
50,589,0058d601
50,589,0058d608
50,589,0059e401
50,589,005ad402
50,589,005c4407
50,589,005c440b
50,589,005c4603
50,589,005c4609
50,589,005c460c
50,589,005c5403
50,589,005c5405
50,589,005c5601
50,589,005c5608
50,589,005c6601
50,589,005c6604
50,589,005c7401
50,589,005cf400
50,589,005d4403
50,589,005d6401
50,589,007c4403
50,589,007c4608
50,589,007c6401
50,589,007ce400
50,589,007e4402
50,589,00987601
50,589,00987602
50,589,00987604
50,589,00987608
50,589,00987610
50,589,00997401
50,589,0099e401
50,589,00bc6401
50,589,01086c07
50,589,01086c0d
50,589,01086c15
50,589,01086c25
50,589,01086c45
50,589,01086c61
50,589,01086c85
50,589,01086d05
50,589,01086e05
50,589,01086e0c
50,589,01087609
50,589,0108760c
50,589,01087c05
50,589,01087c06
50,589,01087c21
50,589,01087c22
50,589,01087d02
50,589,01087e04
50,589,0108e40b
50,589,0108e48a
50,589,0108e609
50,589,0108e60a
50,589,0108e60c
50,589,0108ec03
50,589,0108ec05
50,589,0108ec0a
50,589,0108ec11
50,589,0108ec21
50,589,0108ee01
50,589,0108ee02
50,589,0108ee04
50,589,0108fc02
50,589,01096407
50,589,0109640d
50,589,0109640e
50,589,01096415
50,589,0109641c
50,589,01096425
50,589,0109642c
50,589,01096445
50,589,01096449
50,589,0109644c
50,589,01096461
50,589,01096485
50,589,0109648c
50,589,01096505
50,589,0109650c
50,589,01096541
50,589,01096605
50,589,0109660c
50,589,01096c05
50,589,01096c0c
50,589,01096e04
50,589,01097405
50,589,01097409
50,589,0109740c
50,589,01097421
50,589,01097501
50,589,01097c04
50,589,0109e403
50,589,0109e405
50,589,0109e409
50,589,0109e40a
50,589,0109e40c
50,589,0109e411
50,589,0109e421
50,589,0109e441
50,589,0109e481
50,589,0109e501
50,589,0109e601
50,589,0109e602
50,589,0109e604
50,589,0109ec01
50,589,0109f401
50,589,0109f402
50,589,0109f404
50,589,010a4c07
50,589,010a4c45
50,589,010a5c05
50,589,010a6c05
50,589,010ac48a
50,589,010acc06
50,589,010acc82
50,589,010aec02
50,589,010b6405
50,589,010b640c
50,589,010b6c04
50,589,010be401
50,589,010be402
50,589,010be404
50,589,010c4c07
50,589,010c4c23
50,589,010c4c45
50,589,010c4c61
50,589,010c4d03
50,589,010c4d41
50,589,010c4e06
50,589,010c4e22
50,589,010c4e44
50,589,010c4e60
50,589,010c4f02
50,589,010c4f40
50,589,010c548c
50,589,010c54a8
50,589,010c5588
50,589,010c560c
50,589,010c5628
50,589,010c5708
50,589,010c5c05
50,589,010c5c0c
50,589,010c5c21
50,589,010c5c28
50,589,010c5d01
50,589,010c5d08
50,589,010c5e04
50,589,010c5e20
50,589,010c5f00
50,589,010c6c03
50,589,010c6c05
50,589,010c6c09
50,589,010c6c11
50,589,010c6c21
50,589,010c6c41
50,589,010c6c81
50,589,010c6d01
50,589,010c6e01
50,589,010c6e02
50,589,010c6e04
50,589,010c6e08
50,589,010c6e10
50,589,010c6e20
50,589,010c6f00
50,589,010c7608
50,589,010c7c01
50,589,010c7c02
50,589,010c7c04
50,589,010c7c20
50,589,010c7d00
50,589,010cc40b
50,589,010cc48a
50,589,010cc4c8
50,589,010cc60a
50,589,010cc648
50,589,010ccc03
50,589,010ccc0a
50,589,010ccc41
50,589,010ccc48
50,589,010cce02
50,589,010cce40
50,589,010cd089
50,589,010cd08a
50,589,010cd488
50,589,010cd608
50,589,010cdc01
50,589,010cdc08
50,589,010cde00
50,589,010ce488
50,589,010ce608
50,589,010cec01
50,589,010cec08
50,589,010cee00
50,589,010cfc00
50,589,010d4407
50,589,010d440e
50,589,010d4423
50,589,010d442a
50,589,010d4445
50,589,010d444c
50,589,010d4461
50,589,010d4468
50,589,010d4503
50,589,010d450a
50,589,010d4541
50,589,010d4548
50,589,010d4606
50,589,010d4622
50,589,010d4644
50,589,010d4660
50,589,010d4702
50,589,010d4740
50,589,010d5405
50,589,010d5406
50,589,010d540c
50,589,010d5414
50,589,010d5421
50,589,010d5422
50,589,010d5424
50,589,010d5428
50,589,010d5430
50,589,010d5444
50,589,010d5460
50,589,010d5484
50,589,010d54a0
50,589,010d5501
50,589,010d5502
50,589,010d5504
50,589,010d5508
50,589,010d5510
50,589,010d5520
50,589,010d5540
50,589,010d5580
50,589,010d5604
50,589,010d5620
50,589,010d5700
50,589,010d5c04
50,589,010d5c20
50,589,010d5d00
50,589,010d6403
50,589,010d6405
50,589,010d6409
50,589,010d640a
50,589,010d640c
50,589,010d6411
50,589,010d6421
50,589,010d6428
50,589,010d6441
50,589,010d6481
50,589,010d6501
50,589,010d6508
50,589,010d6601
50,589,010d6602
50,589,010d6604
50,589,010d6608
50,589,010d6610
50,589,010d6620
50,589,010d6700
50,589,010d6c01
50,589,010d7401
50,589,010d7402
50,589,010d7404
50,589,010d7420
50,589,010d7500
50,589,010dc403
50,589,010dc40a
50,589,010dc441
50,589,010dc448
50,589,010dc602
50,589,010dc640
50,589,010dd401
50,589,010dd402
50,589,010dd404
50,589,010dd408
50,589,010dd410
50,589,010dd420
50,589,010dd440
50,589,010dd480
50,589,010dd500
50,589,010dd600
50,589,010ddc00
50,589,010de401
50,589,010de408
50,589,010de600
50,589,010df400
50,589,010e5c04
50,589,010e5c20
50,589,010e5d00
50,589,010e6c01
50,589,010ec40a
50,589,010ecc02
50,589,010ecc40
50,589,010ed00a
50,589,010edc00
50,589,010eec00
50,589,010f4406
50,589,010f4422
50,589,010f4444
50,589,010f4460
50,589,010f4502
50,589,010f4540
50,589,010f5404
50,589,010f5420
50,589,010f5500
50,589,010f6401
50,589,010f6402
50,589,010f6404
50,589,010f6420
50,589,010f6500
50,589,010fc402
50,589,010fc440
50,589,010fd001
50,589,010fd002
50,589,010fd400
50,589,010fe400
50,589,01107407
50,589,0110740d
50,589,01107415
50,589,01107425
50,589,01107445
50,589,01107485
50,589,01107505
50,589,01107605
50,589,01107606
50,589,01107c05
50,589,0110e40b
50,589,0110e40d
50,589,0110e60a
50,589,0110f403
50,589,0110f405
50,589,0110f411
50,589,0110f421
50,589,0110f601
50,589,01117405
50,589,0111e403
50,589,0111e405
50,589,0111f401
50,589,01127405
50,589,01144487
50,589,0114448e
50,589,011444a3
50,589,011444aa
50,589,01144583
50,589,0114458a
50,589,01144686
50,589,01144c07
50,589,01144c0e
50,589,01144c23
50,589,01144c2a
50,589,01144d03
50,589,01144d0a
50,589,01144e06
50,589,01145407
50,589,01145415
50,589,01145423
50,589,01145431
50,589,01145503
50,589,01145511
50,589,01145606
50,589,0114624a
50,589,01146407
50,589,0114640b
50,589,01146413
50,589,01146423
50,589,01146443
50,589,01146483
50,589,0114648a
50,589,01146503
50,589,01146603
50,589,01146606
50,589,0114660a
50,589,01146612
50,589,01146622
50,589,01146642
50,589,01146682
50,589,01146702
50,589,01146c03
50,589,01146c0a
50,589,01146e02
50,589,01147403
50,589,01147405
50,589,01147409
50,589,01147411
50,589,01147421
50,589,01147441
50,589,01147481
50,589,01147501
50,589,01147601
50,589,01147602
50,589,01147604
50,589,01147608
50,589,01147610
50,589,01147c01
50,589,01147c02
50,589,01147c04
50,589,0114c483
50,589,0114c48a
50,589,0114c491
50,589,0114c498
50,589,0114cc03
50,589,0114cc0a
50,589,0114cc11
50,589,0114cc18
50,589,0114d403
50,589,0114d411
50,589,0114e20a
50,589,0114e20c
50,589,0114e403
50,589,0114e405
50,589,0114e411
50,589,0114e602
50,589,0114e604
50,589,0114e610
50,589,0114f401
50,589,01156403
50,589,01156602
50,589,01157401
50,589,01164407
50,589,0116440e
50,589,01164423
50,589,0116442a
50,589,01164503
50,589,0116450a
50,589,01164606
50,589,01164c06
50,589,01165405
50,589,0116540c
50,589,01166403
50,589,0116640a
50,589,01166602
50,589,01166c02
50,589,01167401
50,589,0116c403
50,589,0116c405
50,589,0116c40a
50,589,0116c40c
50,589,0116c411
50,589,0116c418
50,589,01174406
50,589,01176402
50,589,0118360c
50,589,01186407
50,589,0118640b
50,589,0118640d
50,589,01186415
50,589,01186419
50,589,01186423
50,589,01186425
50,589,01186429
50,589,01186431
50,589,01186445
50,589,01186461
50,589,01186485
50,589,011864a1
50,589,01186503
50,589,01186505
50,589,01186511
50,589,01186521
50,589,01186605
50,589,01186609
50,589,0118660c
50,589,01186621
50,589,01186628
50,589,01186701
50,589,01186708
50,589,01186c05
50,589,01186c21
50,589,01187405
50,589,01187421
50,589,01187604
50,589,0118e403
50,589,0118e405
50,589,0118e411
50,589,0118e421
50,589,0118e601
50,589,0118e602
50,589,0118e604
50,589,0118e608
50,589,0118e610
50,589,01196405
50,589,01196409
50,589,0119640c
50,589,01196421
50,589,01196428
50,589,01196501
50,589,01196508
50,589,01196604
50,589,01197404
50,589,0119e401
50,589,0119e408
50,589,011a4407
50,589,011a440d
50,589,011a440e
50,589,011a4415
50,589,011a4423
50,589,011a4425
50,589,011a4429
50,589,011a442a
50,589,011a4431
50,589,011a4445
50,589,011a4461
50,589,011a4485
50,589,011a44a1
50,589,011a4503
50,589,011a4505
50,589,011a450a
50,589,011a4511
50,589,011a4521
50,589,011a4605
50,589,011a460c
50,589,011a4621
50,589,011a4628
50,589,011a4701
50,589,011a4708
50,589,011a4c05
50,589,011a4c21
50,589,011a5405
50,589,011a5406
50,589,011a5421
50,589,011a5422
50,589,011a5502
50,589,011a5604
50,589,011a5620
50,589,011a6405
50,589,011a6421
50,589,011ac403
50,589,011ac405
50,589,011ac406
50,589,011ac40a
50,589,011ac411
50,589,011ac412
50,589,011ac421
50,589,011ac422
50,589,011ac442
50,589,011ac482
50,589,011ac502
50,589,011ac601
50,589,011ac602
50,589,011ac604
50,589,011ac608
50,589,011ac610
50,589,011ac620
50,589,011acc02
50,589,011ad402
50,589,011ae402
50,589,011b4405
50,589,011b4406
50,589,011b440c
50,589,011b4414
50,589,011b4421
50,589,011b4422
50,589,011b4424
50,589,011b4428
50,589,011b4430
50,589,011b4444
50,589,011b4460
50,589,011b4484
50,589,011b44a0
50,589,011b4501
50,589,011b4502
50,589,011b4504
50,589,011b4508
50,589,011b4510
50,589,011b4520
50,589,011b4604
50,589,011b4620
50,589,011b4c04
50,589,011b4c20
50,589,011b5404
50,589,011b5420
50,589,011b6404
50,589,011b6420
50,589,011bc401
50,589,011bc402
50,589,011bc404
50,589,011bc408
50,589,011bc410
50,589,011bc420
50,589,011c3700
50,589,011c408d
50,589,011c408e
50,589,011c409c
50,589,011c40ac
50,589,011c40cc
50,589,011c418c
50,589,011c428c
50,589,011c42a8
50,589,011c4388
50,589,011c4407
50,589,011c440d
50,589,011c4415
50,589,011c4423
50,589,011c4425
50,589,011c4429
50,589,011c4431
50,589,011c4445
50,589,011c4461
50,589,011c4485
50,589,011c448c
50,589,011c44a1
50,589,011c44a8
50,589,011c4503
50,589,011c4505
50,589,011c4509
50,589,011c4511
50,589,011c4521
50,589,011c4541
50,589,011c4581
50,589,011c4588
50,589,011c4605
50,589,011c4606
50,589,011c460c
50,589,011c4614
50,589,011c4621
50,589,011c4622
50,589,011c4624
50,589,011c4628
50,589,011c4630
50,589,011c4644
50,589,011c4660
50,589,011c4684
50,589,011c46a0
50,589,011c4701
50,589,011c4702
50,589,011c4704
50,589,011c4708
50,589,011c4710
50,589,011c4720
50,589,011c4740
50,589,011c4780
50,589,011c488c
50,589,011c4c05
50,589,011c4c0c
50,589,011c4c21
50,589,011c4c28
50,589,011c4d01
50,589,011c4d08
50,589,011c4e04
50,589,011c4e20
50,589,011c4f00
50,589,011c508c
50,589,011c50a8
50,589,011c5188
50,589,011c5405
50,589,011c5421
50,589,011c5501
50,589,011c5604
50,589,011c5620
50,589,011c5700
50,589,011c6019
50,589,011c6049
50,589,011c6089
50,589,011c608a
50,589,011c608c
50,589,011c60a8
50,589,011c6109
50,589,011c6188
50,589,011c6218
50,589,011c6248
50,589,011c6288
50,589,011c6308
50,589,011c6403
50,589,011c6405
50,589,011c6409
50,589,011c6411
50,589,011c6421
50,589,011c6441
50,589,011c6481
50,589,011c6501
50,589,011c6601
50,589,011c6602
50,589,011c6604
50,589,011c6608
50,589,011c6610
50,589,011c6620
50,589,011c6700
50,589,011c6908
50,589,011c6c01
50,589,011c7401
50,589,011cc00d
50,589,011cc08c
50,589,011cc209
50,589,011cc20a
50,589,011cc20c
50,589,011cc218
50,589,011cc228
50,589,011cc248
50,589,011cc288
50,589,011cc308
50,589,011cc403
50,589,011cc405
50,589,011cc409
50,589,011cc411
50,589,011cc421
50,589,011cc441
50,589,011cc481
50,589,011cc488
50,589,011cc501
50,589,011cc601
50,589,011cc602
50,589,011cc604
50,589,011cc608
50,589,011cc610
50,589,011cc620
50,589,011cc640
50,589,011cc680
50,589,011cc700
50,589,011cc80c
50,589,011cca08
50,589,011ccc01
50,589,011ccc08
50,589,011cce00
50,589,011cd009
50,589,011cd088
50,589,011cd208
50,589,011cd401
50,589,011cd600
50,589,011cd808
50,589,011ce009
50,589,011ce088
50,589,011ce208
50,589,011ce401
50,589,011ce600
50,589,011ce808
50,589,011d3500
50,589,011d408c
50,589,011d4405
50,589,011d440c
50,589,011d4421
50,589,011d4428
50,589,011d4501
50,589,011d4508
50,589,011d4604
50,589,011d4620
50,589,011d4700
50,589,011d5404
50,589,011d5420
50,589,011d5500
50,589,011d6108
50,589,011d6401
50,589,011db400
50,589,011dc00c
50,589,011dc208
50,589,011dc401
50,589,011dc408
50,589,011dc600
50,589,011dd008
50,589,011dd400
50,589,011de008
50,589,011e408c
50,589,011e4405
50,589,011e4406
50,589,011e440c
50,589,011e4414
50,589,011e4421
50,589,011e4422
50,589,011e4424
50,589,011e4428
50,589,011e4430
50,589,011e4444
50,589,011e4460
50,589,011e4484
50,589,011e44a0
50,589,011e4501
50,589,011e4502
50,589,011e4504
50,589,011e4508
50,589,011e4510
50,589,011e4520
50,589,011e4540
50,589,011e4580
50,589,011e4604
50,589,011e4620
50,589,011e4700
50,589,011e4c04
50,589,011e4c20
50,589,011e4d00
50,589,011e5084
50,589,011e50a0
50,589,011e5180
50,589,011e5404
50,589,011e5420
50,589,011e5500
50,589,011e6108
50,589,011e6401
50,589,011e6402
50,589,011e6404
50,589,011e6420
50,589,011e6500
50,589,011ec00c
50,589,011ec208
50,589,011ec401
50,589,011ec402
50,589,011ec404
50,589,011ec408
50,589,011ec410
50,589,011ec420
50,589,011ec440
50,589,011ec480
50,589,011ec500
50,589,011ec600
50,589,011ecc00
50,589,011ed008
50,589,011ed080
50,589,011ed400
50,589,011ee008
50,589,011ee400
50,589,011f4404
50,589,011f4420
50,589,011f4500
50,589,011fc400
50,589,011fd000
50,589,01284c07
50,589,01286c05
50,589,01286c21
50,589,01287c04
50,589,0128c48a
50,589,0128e403
50,589,0128e482
50,589,0128e484
50,589,0128e601
50,589,0128e602
50,589,0128e604
50,589,0128ec02
50,589,0128ec04
50,589,01296405
50,589,01296409
50,589,0129640c
50,589,01296421
50,589,01296501
50,589,01296c04
50,589,0129e401
50,589,0129e402
50,589,0129e404
50,589,012a4c05
50,589,012acc04
50,589,012c4c05
50,589,012c4c21
50,589,012c4d01
50,589,012c4e04
50,589,012c4e20
50,589,012c4f00
50,589,012c5604
50,589,012c5620
50,589,012c5700
50,589,012c6c01
50,589,012cc403
50,589,012cc481
50,589,012cc488
50,589,012cc601
50,589,012cc602
50,589,012cc604
50,589,012cc608
50,589,012cc610
50,589,012cc620
50,589,012cc640
50,589,012cc680
50,589,012cc700
50,589,012ccc01
50,589,012ccc08
50,589,012cce00
50,589,012cd088
50,589,012cd600
50,589,012ce208
50,589,012ce480
50,589,012ce600
50,589,012cec00
50,589,012d4405
50,589,012d4406
50,589,012d440c
50,589,012d4414
50,589,012d4421
50,589,012d4422
50,589,012d4424
50,589,012d4428
50,589,012d4430
50,589,012d4444
50,589,012d4460
50,589,012d4484
50,589,012d44a0
50,589,012d4501
50,589,012d4502
50,589,012d4504
50,589,012d4508
50,589,012d4510
50,589,012d4520
50,589,012d4540
50,589,012d4580
50,589,012d4604
50,589,012d4620
50,589,012d4700
50,589,012d4c04
50,589,012d4c20
50,589,012d4d00
50,589,012d5404
50,589,012d5420
50,589,012d5500
50,589,012d6401
50,589,012d6402
50,589,012d6404
50,589,012d6420
50,589,012d6500
50,589,012dc401
50,589,012dc402
50,589,012dc404
50,589,012dc408
50,589,012dc410
50,589,012dc420
50,589,012dc440
50,589,012dc480
50,589,012dc500
50,589,012dc600
50,589,012dcc00
50,589,012dd400
50,589,012de008
50,589,012de400
50,589,012ec402
50,589,012ec480
50,589,012ec600
50,589,012ecc00
50,589,012f4404
50,589,012f4420
50,589,012f4500
50,589,012fc400
50,589,012fd000
50,589,01307405
50,589,0130e608
50,589,0131e401
50,589,0131e408
50,589,01346403
50,589,01346405
50,589,01346409
50,589,01346411
50,589,01346421
50,589,01346441
50,589,01346481
50,589,01346501
50,589,01346601
50,589,01346602
50,589,01346604
50,589,01346608
50,589,01346610
50,589,01346c01
50,589,01346c02
50,589,01347401
50,589,0134e401
50,589,01356401
50,589,01356402
50,589,01356404
50,589,01364405
50,589,0136440c
50,589,01366401
50,589,01384407
50,589,01384423
50,589,01384503
50,589,01386405
50,589,01386421
50,589,0138c403
50,589,0138c602
50,589,01394406
50,589,01394422
50,589,01394502
50,589,01396404
50,589,0139c402
50,589,013a4405
50,589,013a440c
50,589,013a4421
50,589,013a4428
50,589,013a5404
50,589,013a5420
50,589,013ac402
50,589,013ac404
50,589,013ac410
50,589,013ac420
50,589,013b4404
50,589,013b4420
50,589,013c2501
50,589,013c408c
50,589,013c40a8
50,589,013c4188
50,589,013c4405
50,589,013c4421
50,589,013c4501
50,589,013c4604
50,589,013c4620
50,589,013c4700
50,589,013c6401
50,589,013cc009
50,589,013cc088
50,589,013cc208
50,589,013cc401
50,589,013cc600
50,589,013cc808
50,589,013d4404
50,589,013d4420
50,589,013d4500
50,589,013dc008
50,589,013dc400
50,589,013e4084
50,589,013e40a0
50,589,013e4180
50,589,013e4404
50,589,013e4420
50,589,013e4500
50,589,013ec008
50,589,013ec080
50,589,013ec400
50,589,013fc000
50,589,0148460e
50,589,0148464c
50,589,01484c07
50,589,01484c45
50,589,0148548a
50,589,0148560c
50,589,01485c05
50,589,0148660c
50,589,01486c05
50,589,0148c40e
50,589,0148c48a
50,589,0148e40a
50,589,0149440e
50,589,0149444c
50,589,0149540c
50,589,01496405
50,589,0149640c
50,589,01496604
50,589,01497404
50,589,0149e401
50,589,014b6404
50,589,014c460a
50,589,014c4648
50,589,014c4c03
50,589,014c4c41
50,589,014c4e02
50,589,014c5488
50,589,014c5608
50,589,014c5c01
50,589,014c5c08
50,589,014c6608
50,589,014c6c01
50,589,014cc40a
50,589,014cd00a
50,589,014d4403
50,589,014d440a
50,589,014d4441
50,589,014d4448
50,589,014d4602
50,589,014d5401
50,589,014d5402
50,589,014d5404
50,589,014d5408
50,589,014d5410
50,589,014d5420
50,589,014d5500
50,589,014d6401
50,589,014d6408
50,589,014dd400
50,589,014f4402
50,589,01506407
50,589,01507405
50,589,0150e403
50,589,0150e405
50,589,01544407
50,589,0154440b
50,589,01544413
50,589,01544423
50,589,01544443
50,589,01544483
50,589,0154448a
50,589,01544503
50,589,01544603
50,589,01544606
50,589,0154460a
50,589,01544c03
50,589,01544c0a
50,589,01545403
50,589,01545405
50,589,01545409
50,589,01545411
50,589,01545421
50,589,01545441
50,589,01545481
50,589,01545488
50,589,01545501
50,589,01545601
50,589,01545604
50,589,01545608
50,589,01545c01
50,589,01545c08
50,589,01546403
50,589,01546602
50,589,01547401
50,589,0154c403
50,589,0154c405
50,589,0154c411
50,589,0154c604
50,589,0154d401
50,589,01554403
50,589,01555401
50,589,01564403
50,589,01564406
50,589,0156440a
50,589,01565401
50,589,01565404
50,589,01565408
50,589,01566402
50,589,01584407
50,589,0158440b
50,589,0158440d
50,589,0158440e
50,589,01584415
50,589,01584419
50,589,0158441a
50,589,01584423
50,589,01584425
50,589,01584429
50,589,0158442a
50,589,01584431
50,589,01584445
50,589,0158444a
50,589,01584461
50,589,01584485
50,589,0158448a
50,589,015844a1
50,589,01584503
50,589,01584505
50,589,0158450a
50,589,01584511
50,589,01584521
50,589,01584605
50,589,01584609
50,589,0158460a
50,589,0158460c
50,589,01584618
50,589,01584621
50,589,01584628
50,589,01584648
50,589,01584688
50,589,01584701
50,589,01584708
50,589,01584c05
50,589,01584c0a
50,589,01584c21
50,589,01584e08
50,589,01585405
50,589,0158540a
50,589,01585421
50,589,01585604
50,589,01585608
50,589,01586405
50,589,0158640a
50,589,01586421
50,589,01586608
50,589,0158c403
50,589,0158c405
50,589,0158c40a
50,589,0158c411
50,589,0158c421
50,589,0158c601
50,589,0158c602
50,589,0158c604
50,589,0158c608
50,589,0158c610
50,589,01594405
50,589,01594409
50,589,0159440a
50,589,0159440c
50,589,01594418
50,589,01594421
50,589,01594428
50,589,01594448
50,589,01594488
50,589,01594501
50,589,01594508
50,589,01594604
50,589,01594608
50,589,01594c08
50,589,01595404
50,589,01595408
50,589,01596408
50,589,0159c401
50,589,0159c408
50,589,015a4405
50,589,015a440a
50,589,015a4421
50,589,015a4608
50,589,015ac402
50,589,015b4404
50,589,015b4408
50,589,015b4420
50,589,015c408c
50,589,015c4288
50,589,015c4403
50,589,015c4405
50,589,015c4409
50,589,015c440a
50,589,015c440c
50,589,015c4411
50,589,015c4418
50,589,015c4421
50,589,015c4428
50,589,015c4441
50,589,015c4448
50,589,015c4481
50,589,015c4488
50,589,015c4501
50,589,015c4508
50,589,015c4601
50,589,015c4602
50,589,015c4604
50,589,015c4608
50,589,015c4610
50,589,015c4620
50,589,015c4700
50,589,015c4c01
50,589,015c4c08
50,589,015c5088
50,589,015c5401
50,589,015c5408
50,589,015c6009
50,589,015c600a
50,589,015c600c
50,589,015c6018
50,589,015c6028
50,589,015c6048
50,589,015c6088
50,589,015c6108
50,589,015c6208
50,589,015c6401
50,589,015c6408
50,589,015c6808
50,589,015c7008
50,589,015cc00c
50,589,015cc208
50,589,015cc401
50,589,015cc408
50,589,015cc600
50,589,015cd008
50,589,015ce008
50,589,015d4401
50,589,015d4408
50,589,015d6008
50,589,015e4401
50,589,015e4402
50,589,015e4404
50,589,015e4408
50,589,015e4410
50,589,015e4420
50,589,015e4500
50,589,015e6008
50,589,015ec400
50,589,0168460c
50,589,01684c05
50,589,0168e402
50,589,0169440c
50,589,01696404
50,589,016c4481
50,589,016c4601
50,589,016c4602
50,589,016c4604
50,589,016c4608
50,589,016c4610
50,589,016c4620
50,589,016c4700
50,589,016c4c01
50,589,016cc600
50,589,016d4401
50,589,016d4402
50,589,016d4404
50,589,016d4408
50,589,016d4410
50,589,016d4420
50,589,016d4500
50,589,016dc400
50,589,01706405
50,589,01744403
50,589,01744405
50,589,01744409
50,589,0174440a
50,589,0174440c
50,589,01744411
50,589,01744418
50,589,01744421
50,589,01744428
50,589,01744441
50,589,01744448
50,589,01744481
50,589,01744488
50,589,01744501
50,589,01744508
50,589,01744601
50,589,01744604
50,589,01744608
50,589,01744c01
50,589,01744c08
50,589,01745401
50,589,01745408
50,589,01746401
50,589,01746402
50,589,01746408
50,589,0174c401
50,589,0174c408
50,589,01754401
50,589,01754404
50,589,01754408
50,589,01764401
50,589,01764408
50,589,01784405
50,589,0178440a
50,589,0178440c
50,589,01784418
50,589,01784421
50,589,01784428
50,589,01784608
50,589,01794404
50,589,01794408
50,589,017c4088
50,589,017c4401
50,589,017c4408
50,589,017c6008
50,589,017cc008
50,589,01886c05
50,589,01887c02
50,589,01892445
50,589,01896405
50,589,0189640c
50,589,01896441
50,589,01897401
50,589,0189e401
50,589,018c4c03
50,589,018c4c41
50,589,018c4e02
50,589,018c5608
50,589,018c5c01
50,589,018c6c01
50,589,018cd088
50,589,018cd208
50,589,018cd808
50,589,018d4403
50,589,018d440a
50,589,018d4441
50,589,018d4602
50,589,018d5401
50,589,018d5402
50,589,018d5404
50,589,018d5420
50,589,018d5500
50,589,018d6401
50,589,018db400
50,589,018dd008
50,589,018dd400
50,589,018f4402
50,589,018fd000
50,589,0190640b
50,589,0190640d
50,589,01907403
50,589,01907405
50,589,01907411
50,589,01907421
50,589,01907601
50,589,01916403
50,589,01916405
50,589,01917401
50,589,01943403
50,589,01943601
50,589,01943602
50,589,01943608
50,589,01944483
50,589,0194448a
50,589,01944491
50,589,01944c03
50,589,01944c0a
50,589,01944c11
50,589,01945403
50,589,01945411
50,589,01946403
50,589,01946405
50,589,01946411
50,589,01946481
50,589,01946602
50,589,01946604
50,589,01946610
50,589,01947401
50,589,01952602
50,589,01964403
50,589,01964405
50,589,0196440a
50,589,0196440c
50,589,01964411
50,589,01964481
50,589,01982407
50,589,01982605
50,589,01983403
50,589,0198608a
50,589,01986403
50,589,01986405
50,589,01986411
50,589,01986421
50,589,01986601
50,589,01986608
50,589,0198a403
50,589,01992405
50,589,01996401
50,589,019a4403
50,589,019a4405
50,589,019a440a
50,589,019a4411
50,589,019a4421
50,589,019a4601
50,589,019a4608
50,589,019a5402
50,589,019ac402
50,589,019b4401
50,589,019b4402
50,589,019b4404
50,589,019b4420
50,589,019c2403
50,589,019c2601
50,589,019c2602
50,589,019c408c
50,589,019c4288
50,589,019c4403
50,589,019c4405
50,589,019c4409
50,589,019c4411
50,589,019c4421
50,589,019c4441
50,589,019c4481
50,589,019c4501
50,589,019c4601
50,589,019c4602
50,589,019c4604
50,589,019c4608
50,589,019c4610
50,589,019c4620
50,589,019c4700
50,589,019c4c01
50,589,019c5401
50,589,019c6401
50,589,019ca600
50,589,019cc208
50,589,019cc401
50,589,019cc600
50,589,019d2401
50,589,019d4401
50,589,019e1402
50,589,019e2402
50,589,019e4401
50,589,019e4402
50,589,019e4404
50,589,019e4420
50,589,019e4500
50,589,019ec400
50,589,019ed000
50,589,019f9000
50,589,01a96401
50,589,01ac4c01
50,589,01acc600
50,589,01ad4401
50,589,01ad4402
50,589,01ad4404
50,589,01ad4420
50,589,01ad4500
50,589,01adc400
50,589,01b06608
50,589,01b16401
50,589,01b42601
50,589,01b42602
50,589,01b42608
50,589,01b46401
50,589,01b82405
50,589,01b84403
50,589,01b94402
50,589,01bc2401
50,589,01bc4401
50,589,01bec000
50,589,01d06403
50,589,01d06405
50,589,01d0a403
50,589,01d42403
50,589,01d42601
50,589,01d42602
50,589,01d44403
50,589,01d44405
50,589,01d44409
50,589,01d44411
50,589,01d44421
50,589,01d44441
50,589,01d44481
50,589,01d44488
50,589,01d44501
50,589,01d44601
50,589,01d44604
50,589,01d44608
50,589,01d44c01
50,589,01d44c08
50,589,01d45401
50,589,01d46401
50,589,01d4c401
50,589,01d54401
50,589,01d62402
50,589,01d64401
50,589,01d64408
50,589,01d84403
50,589,01d84405
50,589,01d8440a
50,589,01d84411
50,589,01d84421
50,589,01d84601
50,589,01d84608
50,589,01d94401
50,589,01d94408
50,589,01dc4401
50,589,01dc4408
50,589,01dc6008
50,589,01f44401
50,589,01f44408
50,589,020c5485
50,589,020c5c81
50,589,020c7481
50,589,020c7c01
50,589,020cdc01
50,589,020d7401
50,589,020e5481
50,589,020e5c01
50,589,020ed401
50,589,0218e601
50,589,0219e401
50,589,021c5403
50,589,021c5405
50,589,021c5409
50,589,021c5411
50,589,021c5421
50,589,021c5441
50,589,021c5481
50,589,021c5501
50,589,021c5601
50,589,021c5608
50,589,021c5680
50,589,021c5c01
50,589,021c7401
50,589,021c7600
50,589,021cd401
50,589,021d5401
50,589,021d5408
50,589,021d5480
50,589,021d7400
50,589,021e5401
50,589,021e5402
50,589,021e5404
50,589,021e5408
50,589,021e5410
50,589,021e5420
50,589,021e5440
50,589,021e5480
50,589,021e5500
50,589,021e5600
50,589,021e5c00
50,589,021e7400
50,589,021ed400
50,589,021f5400
50,589,022c5c01
50,589,023c4680
50,589,023c5401
50,589,023c6201
50,589,023c6208
50,589,023c6600
50,589,023d6001
50,589,023d6008
50,589,023d6400
50,589,023de000
50,589,023e5400
50,589,024c5481
50,589,024c5680
50,589,025c4403
50,589,025c4405
50,589,025c4409
50,589,025c4411
50,589,025c4421
50,589,025c4441
50,589,025c4481
50,589,025c4501
50,589,025c4601
50,589,025c4c01
50,589,025c5208
50,589,025c5401
50,589,025c5801
50,589,025c6401
50,589,025cc401
50,589,025d4401
50,589,025d5008
50,589,025e4401
50,589,025e5400
50,589,026c4481
50,589,026c4c01
50,589,026d4401
50,589,026d6400
50,589,026f4400
50,589,027c4401
50,589,027e4400
50,589,029c5401
50,589,029e5400
50,589,02dc4401
50,589,03086c03
50,589,03086c05
50,589,03086c11
50,589,03086c21
50,589,03086e01
50,589,03087601
50,589,03087604
50,589,0308e403
50,589,0308e405
50,589,0308e411
50,589,0308e421
50,589,0308e601
50,589,0308e602
50,589,0308e604
50,589,0308e608
50,589,0308e610
50,589,0308f208
50,589,03096403
50,589,03096405
50,589,03096409
50,589,0309640c
50,589,03096411
50,589,03096421
50,589,03096428
50,589,03096441
50,589,03096481
50,589,03096501
50,589,03096508
50,589,03096601
50,589,03096604
50,589,03096c01
50,589,03097041
50,589,03097044
50,589,03097401
50,589,03097404
50,589,03097801
50,589,03097804
50,589,0309e401
50,589,0309e408
50,589,0309f001
50,589,0309f002
50,589,0309f004
50,589,0309f008
50,589,0309f010
50,589,030a4c05
50,589,030a5604
50,589,030ac405
50,589,030ac482
50,589,030ac604
50,589,030ac680
50,589,030ae600
50,589,030b4405
50,589,030b4406
50,589,030b440c
50,589,030b4414
50,589,030b4424
50,589,030b4444
50,589,030b4481
50,589,030b4484
50,589,030b44a0
50,589,030b4504
50,589,030b4580
50,589,030b4604
50,589,030b4c04
50,589,030b5044
50,589,030b5404
50,589,030b5804
50,589,030b6401
50,589,030b6404
50,589,030b6420
50,589,030b6500
50,589,030bc404
50,589,030bc480
50,589,030bd004
50,589,030be400
50,589,030bf000
50,589,030c4c03
50,589,030c4c05
50,589,030c4c09
50,589,030c4c0a
50,589,030c4c0c
50,589,030c4c11
50,589,030c4c18
50,589,030c4c21
50,589,030c4c28
50,589,030c4c41
50,589,030c4c48
50,589,030c4c81
50,589,030c4c88
50,589,030c4d01
50,589,030c4d08
50,589,030c4e01
50,589,030c4e02
50,589,030c4e04
50,589,030c4e08
50,589,030c4e10
50,589,030c4e20
50,589,030c4e40
50,589,030c4e80
50,589,030c4f00
50,589,030c5481
50,589,030c5488
50,589,030c5601
50,589,030c5602
50,589,030c5604
50,589,030c5608
50,589,030c5610
50,589,030c5620
50,589,030c5640
50,589,030c5680
50,589,030c5700
50,589,030c5c01
50,589,030c5c08
50,589,030c5e00
50,589,030c6c01
50,589,030c6c08
50,589,030c6e00
50,589,030c7480
50,589,030c7600
50,589,030c7c00
50,589,030cc403
50,589,030cc405
50,589,030cc409
50,589,030cc411
50,589,030cc421
50,589,030cc441
50,589,030cc481
50,589,030cc488
50,589,030cc501
50,589,030cc601
50,589,030cc602
50,589,030cc604
50,589,030cc608
50,589,030cc610
50,589,030cc620
50,589,030cc640
50,589,030cc680
50,589,030cc700
50,589,030ccc01
50,589,030ccc08
50,589,030cce00
50,589,030cd088
50,589,030cd280
50,589,030cd401
50,589,030cd600
50,589,030ce401
50,589,030ce600
50,589,030cf200
50,589,030d3404
50,589,030d3420
50,589,030d4403
50,589,030d4405
50,589,030d4409
50,589,030d440a
50,589,030d440c
50,589,030d4411
50,589,030d4418
50,589,030d4421
50,589,030d4428
50,589,030d4441
50,589,030d4448
50,589,030d4481
50,589,030d4488
50,589,030d4501
50,589,030d4508
50,589,030d4601
50,589,030d4602
50,589,030d4604
50,589,030d4608
50,589,030d4610
50,589,030d4620
50,589,030d4640
50,589,030d4680
50,589,030d4700
50,589,030d4c01
50,589,030d4c08
50,589,030d4e00
50,589,030d5401
50,589,030d5402
50,589,030d5404
50,589,030d5408
50,589,030d5410
50,589,030d5420
50,589,030d5440
50,589,030d5480
50,589,030d5500
50,589,030d5600
50,589,030d5c00
50,589,030d6401
50,589,030d6408
50,589,030d6600
50,589,030d7400
50,589,030dc401
50,589,030dc408
50,589,030dc600
50,589,030dd080
50,589,030dd400
50,589,030df000
50,589,030e4c01
50,589,030e4c02
50,589,030e4c04
50,589,030e4c08
50,589,030e4c10
50,589,030e4c20
50,589,030e4c40
50,589,030e4c80
50,589,030e4d00
50,589,030e4e00
50,589,030e5480
50,589,030e5600
50,589,030e5c00
50,589,030e6c00
50,589,030ec401
50,589,030ec402
50,589,030ec404
50,589,030ec408
50,589,030ec410
50,589,030ec420
50,589,030ec440
50,589,030ec480
50,589,030ec500
50,589,030ec600
50,589,030ecc00
50,589,030ed008
50,589,030ed200
50,589,030ed400
50,589,030ee400
50,589,030f4401
50,589,030f4402
50,589,030f4404
50,589,030f4408
50,589,030f4410
50,589,030f4420
50,589,030f4440
50,589,030f4480
50,589,030f4500
50,589,030f4600
50,589,030f4c00
50,589,030f5400
50,589,030f6400
50,589,030fc400
50,589,030fd000
50,589,0310640d
50,589,03107405
50,589,0310e20a
50,589,03116045
50,589,03116405
50,589,03117005
50,589,0312440d
50,589,03125405
50,589,03134405
50,589,03144483
50,589,0314448a
50,589,03144491
50,589,03144498
50,589,03144c03
50,589,03144c0a
50,589,03144c11
50,589,03144c18
50,589,03145403
50,589,03145411
50,589,03146403
50,589,03146405
50,589,03146411
50,589,03146602
50,589,03146604
50,589,03146610
50,589,03147401
50,589,03157001
50,589,03164403
50,589,03164405
50,589,0316440a
50,589,0316440c
50,589,03164411
50,589,03164418
50,589,03186091
50,589,03186308
50,589,03186403
50,589,03186405
50,589,03186411
50,589,03186421
50,589,03186601
50,589,0318e208
50,589,03196011
50,589,03196041
50,589,03196101
50,589,03196108
50,589,03196401
50,589,03197001
50,589,0319e001
50,589,0319e008
50,589,031a4403
50,589,031a4405
50,589,031a4411
50,589,031a4421
50,589,031a4601
50,589,031ac208
50,589,031ac402
50,589,031ac600
50,589,031b4011
50,589,031b4041
50,589,031b4044
50,589,031b4101
50,589,031b4108
50,589,031b4401
50,589,031b4404
50,589,031b4420
50,589,031b4500
50,589,031b5001
50,589,031bc001
50,589,031bc004
50,589,031bc008
50,589,031bc400
50,589,031bd000
50,589,031c1700
50,589,031c4007
50,589,031c400b
50,589,031c400d
50,589,031c4013
50,589,031c4015
50,589,031c4019
50,589,031c4023
50,589,031c4025
50,589,031c4029
50,589,031c4031
50,589,031c4043
50,589,031c4045
50,589,031c4049
50,589,031c4051
50,589,031c4061
50,589,031c4083
50,589,031c4085
50,589,031c4089
50,589,031c408a
50,589,031c408c
50,589,031c4091
50,589,031c4098
50,589,031c40a1
50,589,031c40a8
50,589,031c40c1
50,589,031c40c8
50,589,031c4103
50,589,031c4105
50,589,031c4109
50,589,031c4111
50,589,031c4121
50,589,031c4141
50,589,031c4181
50,589,031c4188
50,589,031c4203
50,589,031c4205
50,589,031c4206
50,589,031c4209
50,589,031c420a
50,589,031c420c
50,589,031c4211
50,589,031c4212
50,589,031c4214
50,589,031c4218
50,589,031c4221
50,589,031c4222
50,589,031c4224
50,589,031c4228
50,589,031c4230
50,589,031c4241
50,589,031c4242
50,589,031c4244
50,589,031c4248
50,589,031c4250
50,589,031c4260
50,589,031c4281
50,589,031c4282
50,589,031c4284
50,589,031c4288
50,589,031c4290
50,589,031c42a0
50,589,031c42c0
50,589,031c4301
50,589,031c4302
50,589,031c4304
50,589,031c4308
50,589,031c4310
50,589,031c4320
50,589,031c4340
50,589,031c4380
50,589,031c4403
50,589,031c4405
50,589,031c4409
50,589,031c4411
50,589,031c4421
50,589,031c4441
50,589,031c4481
50,589,031c4488
50,589,031c4501
50,589,031c4601
50,589,031c4602
50,589,031c4604
50,589,031c4608
50,589,031c4610
50,589,031c4620
50,589,031c4640
50,589,031c4680
50,589,031c4700
50,589,031c4803
50,589,031c4805
50,589,031c4809
50,589,031c480a
50,589,031c480c
50,589,031c4811
50,589,031c4818
50,589,031c4821
50,589,031c4828
50,589,031c4841
50,589,031c4848
50,589,031c4881
50,589,031c4888
50,589,031c4901
50,589,031c4908
50,589,031c4a01
50,589,031c4a02
50,589,031c4a04
50,589,031c4a08
50,589,031c4a10
50,589,031c4a20
50,589,031c4a40
50,589,031c4a80
50,589,031c4b00
50,589,031c4c01
50,589,031c4c08
50,589,031c4e00
50,589,031c5003
50,589,031c5005
50,589,031c5009
50,589,031c5011
50,589,031c5021
50,589,031c5041
50,589,031c5081
50,589,031c5088
50,589,031c5101
50,589,031c5201
50,589,031c5202
50,589,031c5204
50,589,031c5208
50,589,031c5210
50,589,031c5220
50,589,031c5240
50,589,031c5280
50,589,031c5300
50,589,031c5401
50,589,031c5600
50,589,031c5801
50,589,031c5808
50,589,031c5a00
50,589,031c6003
50,589,031c6005
50,589,031c6009
50,589,031c6011
50,589,031c6021
50,589,031c6041
50,589,031c6081
50,589,031c6088
50,589,031c6101
50,589,031c6201
50,589,031c6202
50,589,031c6204
50,589,031c6208
50,589,031c6210
50,589,031c6220
50,589,031c6240
50,589,031c6280
50,589,031c6300
50,589,031c6401
50,589,031c6600
50,589,031c6801
50,589,031c6808
50,589,031c6a00
50,589,031c7001
50,589,031c7080
50,589,031c7200
50,589,031c7800
50,589,031cc003
50,589,031cc005
50,589,031cc009
50,589,031cc011
50,589,031cc021
50,589,031cc041
50,589,031cc081
50,589,031cc088
50,589,031cc101
50,589,031cc201
50,589,031cc202
50,589,031cc204
50,589,031cc208
50,589,031cc210
50,589,031cc220
50,589,031cc240
50,589,031cc280
50,589,031cc300
50,589,031cc401
50,589,031cc600
50,589,031cc801
50,589,031cc808
50,589,031cca00
50,589,031cd001
50,589,031cd200
50,589,031ce001
50,589,031ce200
50,589,031d1404
50,589,031d4003
50,589,031d4005
50,589,031d4009
50,589,031d400a
50,589,031d400c
50,589,031d4011
50,589,031d4018
50,589,031d4021
50,589,031d4028
50,589,031d4041
50,589,031d4048
50,589,031d4081
50,589,031d4088
50,589,031d4101
50,589,031d4108
50,589,031d4201
50,589,031d4202
50,589,031d4204
50,589,031d4208
50,589,031d4210
50,589,031d4220
50,589,031d4240
50,589,031d4280
50,589,031d4300
50,589,031d4401
50,589,031d4408
50,589,031d4600
50,589,031d4801
50,589,031d4808
50,589,031d4a00
50,589,031d5001
50,589,031d5002
50,589,031d5004
50,589,031d5008
50,589,031d5010
50,589,031d5020
50,589,031d5040
50,589,031d5080
50,589,031d5100
50,589,031d5200
50,589,031d5400
50,589,031d5800
50,589,031d6001
50,589,031d6008
50,589,031d6200
50,589,031d7000
50,589,031dc001
50,589,031dc008
50,589,031dc200
50,589,031dd000
50,589,031e1500
50,589,031e4003
50,589,031e4005
50,589,031e4006
50,589,031e4009
50,589,031e400a
50,589,031e400c
50,589,031e4011
50,589,031e4012
50,589,031e4014
50,589,031e4018
50,589,031e4021
50,589,031e4022
50,589,031e4024
50,589,031e4028
50,589,031e4030
50,589,031e4041
50,589,031e4042
50,589,031e4044
50,589,031e4048
50,589,031e4050
50,589,031e4060
50,589,031e4081
50,589,031e4082
50,589,031e4084
50,589,031e4088
50,589,031e4090
50,589,031e40a0
50,589,031e40c0
50,589,031e4101
50,589,031e4102
50,589,031e4104
50,589,031e4108
50,589,031e4110
50,589,031e4120
50,589,031e4140
50,589,031e4180
50,589,031e4201
50,589,031e4202
50,589,031e4204
50,589,031e4208
50,589,031e4210
50,589,031e4220
50,589,031e4240
50,589,031e4280
50,589,031e4300
50,589,031e4401
50,589,031e4402
50,589,031e4404
50,589,031e4408
50,589,031e4410
50,589,031e4420
50,589,031e4440
50,589,031e4480
50,589,031e4500
50,589,031e4600
50,589,031e4801
50,589,031e4802
50,589,031e4804
50,589,031e4808
50,589,031e4810
50,589,031e4820
50,589,031e4840
50,589,031e4880
50,589,031e4900
50,589,031e4a00
50,589,031e4c00
50,589,031e5001
50,589,031e5002
50,589,031e5004
50,589,031e5008
50,589,031e5010
50,589,031e5020
50,589,031e5040
50,589,031e5080
50,589,031e5100
50,589,031e5200
50,589,031e5400
50,589,031e5800
50,589,031e6001
50,589,031e6002
50,589,031e6004
50,589,031e6008
50,589,031e6010
50,589,031e6020
50,589,031e6040
50,589,031e6080
50,589,031e6100
50,589,031e6200
50,589,031e6400
50,589,031e6800
50,589,031e7000
50,589,031ec001
50,589,031ec002
50,589,031ec004
50,589,031ec008
50,589,031ec010
50,589,031ec020
50,589,031ec040
50,589,031ec080
50,589,031ec100
50,589,031ec200
50,589,031ec400
50,589,031ec800
50,589,031ed000
50,589,031ee000
50,589,031f4001
50,589,031f4002
50,589,031f4004
50,589,031f4008
50,589,031f4010
50,589,031f4020
50,589,031f4040
50,589,031f4080
50,589,031f4100
50,589,031f4200
50,589,031f4400
50,589,031f4800
50,589,031f5000
50,589,031f6000
50,589,031fc000
50,589,03284c05
50,589,03284c0c
50,589,03285604
50,589,0328c083
50,589,0328c085
50,589,0328c091
50,589,0328c0a1
50,589,0328c281
50,589,0328c288
50,589,0328c405
50,589,0328c604
50,589,0328e208
50,589,032940c1
50,589,03294405
50,589,03294406
50,589,0329440c
50,589,03294414
50,589,03294424
50,589,03294444
50,589,03294481
50,589,03294484
50,589,03294504
50,589,03294604
50,589,03294c04
50,589,03295404
50,589,03296041
50,589,03296401
50,589,03296404
50,589,0329c081
50,589,0329c088
50,589,0329c404
50,589,0329e001
50,589,0329e008
50,589,032b4404
50,589,032c4881
50,589,032c4c01
50,589,032c4c08
50,589,032c4e00
50,589,032c5600
50,589,032c6801
50,589,032c6c00
50,589,032cc081
50,589,032cc401
50,589,032cc600
50,589,032ce001
50,589,032d4401
50,589,032d4402
50,589,032d4404
50,589,032d4408
50,589,032d4410
50,589,032d4420
50,589,032d4440
50,589,032d4480
50,589,032d4500
50,589,032d4600
50,589,032d4c00
50,589,032d5400
50,589,032d6400
50,589,032dc400
50,589,032e4c00
50,589,032ec400
50,589,032ed000
50,589,032f4400
50,589,03346201
50,589,03346204
50,589,03346401
50,589,03356001
50,589,03356002
50,589,03356004
50,589,03356010
50,589,03384403
50,589,03384405
50,589,03384411
50,589,03384421
50,589,03384601
50,589,0338c208
50,589,03394011
50,589,03394041
50,589,03394044
50,589,03394101
50,589,03394108
50,589,03394401
50,589,03394404
50,589,03395001
50,589,0339c001
50,589,0339c004
50,589,0339c008
50,589,033c4003
50,589,033c4005
50,589,033c4009
50,589,033c4011
50,589,033c4021
50,589,033c4041
50,589,033c4081
50,589,033c4088
50,589,033c4101
50,589,033c4201
50,589,033c4202
50,589,033c4204
50,589,033c4208
50,589,033c4210
50,589,033c4220
50,589,033c4240
50,589,033c4280
50,589,033c4300
50,589,033c4401
50,589,033c4600
50,589,033c4801
50,589,033c4808
50,589,033c4a00
50,589,033c5001
50,589,033c5200
50,589,033c6001
50,589,033c6080
50,589,033c6200
50,589,033c6800
50,589,033cc001
50,589,033cc200
50,589,033d4001
50,589,033d4002
50,589,033d4004
50,589,033d4008
50,589,033d4010
50,589,033d4020
50,589,033d4040
50,589,033d4080
50,589,033d4100
50,589,033d4200
50,589,033d4400
50,589,033d4800
50,589,033d5000
50,589,033d6000
50,589,033dc000
50,589,033e4001
50,589,033e4002
50,589,033e4004
50,589,033e4008
50,589,033e4010
50,589,033e4020
50,589,033e4040
50,589,033e4080
50,589,033e4100
50,589,033e4200
50,589,033e4400
50,589,033e4800
50,589,033e5000
50,589,033e6000
50,589,033ec000
50,589,033f4000
50,589,03484483
50,589,03484485
50,589,0348448a
50,589,03484491
50,589,034844a1
50,589,03484605
50,589,0348460c
50,589,03484681
50,589,03484688
50,589,03484c05
50,589,03485604
50,589,03486601
50,589,03486608
50,589,0348c405
50,589,0348c604
50,589,03494405
50,589,0349440c
50,589,03494481
50,589,03494488
50,589,03494604
50,589,03495044
50,589,03495404
50,589,03495804
50,589,03496401
50,589,03496408
50,589,0349d004
50,589,034b4404
50,589,034b4480
50,589,034b6400
50,589,034c4481
50,589,034c4488
50,589,034c4601
50,589,034c4602
50,589,034c4604
50,589,034c4608
50,589,034c4610
50,589,034c4620
50,589,034c4640
50,589,034c4680
50,589,034c4700
50,589,034c4c01
50,589,034c4c08
50,589,034c4e00
50,589,034c5600
50,589,034c6600
50,589,034cc401
50,589,034cc408
50,589,034cc600
50,589,034cd008
50,589,034cd200
50,589,034d4401
50,589,034d4408
50,589,034d4600
50,589,034d5400
50,589,034dd000
50,589,034e4480
50,589,034e4600
50,589,034e4c00
50,589,034ec400
50,589,034f4400
50,589,03504407
50,589,03504485
50,589,03504605
50,589,03506405
50,589,03524405
50,589,03544403
50,589,03544405
50,589,03544411
50,589,03544604
50,589,03545401
50,589,03584403
50,589,03584405
50,589,0358440a
50,589,03584411
50,589,03584421
50,589,03584601
50,589,03584608
50,589,03585208
50,589,03586208
50,589,0358c208
50,589,03594003
50,589,03594005
50,589,03594009
50,589,0359400a
50,589,0359400c
50,589,03594011
50,589,03594018
50,589,03594021
50,589,03594028
50,589,03594041
50,589,03594048
50,589,03594081
50,589,03594088
50,589,03594101
50,589,03594108
50,589,03594201
50,589,03594204
50,589,03594208
50,589,03594401
50,589,03594408
50,589,03594801
50,589,03594808
50,589,03595001
50,589,03595002
50,589,03595004
50,589,03595008
50,589,03595010
50,589,03596001
50,589,03596008
50,589,0359c001
50,589,0359c008
50,589,035b4001
50,589,035b4004
50,589,035b4008
50,589,035b4400
50,589,035b5000
50,589,035c4003
50,589,035c4005
50,589,035c4009
50,589,035c400a
50,589,035c400c
50,589,035c4011
50,589,035c4018
50,589,035c4021
50,589,035c4028
50,589,035c4041
50,589,035c4048
50,589,035c4081
50,589,035c4088
50,589,035c4101
50,589,035c4108
50,589,035c4201
50,589,035c4202
50,589,035c4204
50,589,035c4208
50,589,035c4210
50,589,035c4220
50,589,035c4240
50,589,035c4280
50,589,035c4300
50,589,035c4401
50,589,035c4408
50,589,035c4600
50,589,035c4801
50,589,035c4808
50,589,035c4a00
50,589,035c5001
50,589,035c5008
50,589,035c5200
50,589,035c6001
50,589,035c6008
50,589,035c6200
50,589,035c7000
50,589,035cc001
50,589,035cc008
50,589,035cc200
50,589,035d4001
50,589,035d4008
50,589,035d4200
50,589,035d5000
50,589,035e4001
50,589,035e4002
50,589,035e4004
50,589,035e4008
50,589,035e4010
50,589,035e4020
50,589,035e4040
50,589,035e4080
50,589,035e4100
50,589,035e4200
50,589,035e4400
50,589,035e4800
50,589,035e5000
50,589,035e6000
50,589,035ec000
50,589,035f4000
50,589,03694404
50,589,036c4600
50,589,036d4400
50,589,03744401
50,589,03744408
50,589,03794001
50,589,03794004
50,589,03794008
50,589,037c4001
50,589,037c4008
50,589,037c4200
50,589,037c6000
50,589,037d4000
50,589,037e4000
50,589,03886a08
50,589,03887208
50,589,0388e208
50,589,03896009
50,589,0389600a
50,589,0389600c
50,589,03896018
50,589,03896028
50,589,03896048
50,589,03896088
50,589,03896108
50,589,03896201
50,589,03896208
50,589,03896401
50,589,03896408
50,589,03896808
50,589,03897001
50,589,03897008
50,589,0389e008
50,589,038b400c
50,589,038b4088
50,589,038b4404
50,589,038b4480
50,589,038b6008
50,589,038b6400
50,589,038c120c
50,589,038c1228
50,589,038c1241
50,589,038c1308
50,589,038c1601
50,589,038c4809
50,589,038c4a01
50,589,038c4a08
50,589,038c4c01
50,589,038c4c08
50,589,038c4e00
50,589,038c5081
50,589,038c5088
50,589,038c5201
50,589,038c5202
50,589,038c5204
50,589,038c5208
50,589,038c5210
50,589,038c5220
50,589,038c5240
50,589,038c5280
50,589,038c5300
50,589,038c5600
50,589,038c5801
50,589,038c5808
50,589,038c5a00
50,589,038c7080
50,589,038c7200
50,589,038c7800
50,589,038c9201
50,589,038c9202
50,589,038c9208
50,589,038cb001
50,589,038cb200
50,589,038cc009
50,589,038cc201
50,589,038cc208
50,589,038cc401
50,589,038cc600
50,589,038cd001
50,589,038cd200
50,589,038d4009
50,589,038d400a
50,589,038d400c
50,589,038d4018
50,589,038d4028
50,589,038d4048
50,589,038d4088
50,589,038d4108
50,589,038d4201
50,589,038d4208
50,589,038d4401
50,589,038d4408
50,589,038d4600
50,589,038d4808
50,589,038d5001
50,589,038d5002
50,589,038d5004
50,589,038d5008
50,589,038d5010
50,589,038d5020
50,589,038d5040
50,589,038d5080
50,589,038d5100
50,589,038d5200
50,589,038d5400
50,589,038d5800
50,589,038d6008
50,589,038d7000
50,589,038d9001
50,589,038d9008
50,589,038dc008
50,589,038dd000
50,589,038e4c00
50,589,038e5080
50,589,038e5200
50,589,038e5800
50,589,038e9001
50,589,038e9002
50,589,038e9008
50,589,038eb000
50,589,038ec400
50,589,038ed000
50,589,038f4008
50,589,038f4400
50,589,038f5000
50,589,03917001
50,589,03943401
50,589,03982405
50,589,03986208
50,589,03996001
50,589,03996008
50,589,039b4001
50,589,039b4008
50,589,039b4400
50,589,039c1201
50,589,039c1202
50,589,039c1204
50,589,039c1208
50,589,039c1210
50,589,039c1220
50,589,039c1240
50,589,039c1280
50,589,039c1300
50,589,039c1600
50,589,039c1a00
50,589,039c2401
50,589,039c3001
50,589,039c3080
50,589,039c3200
50,589,039c3800
50,589,039c4003
50,589,039c4005
50,589,039c4009
50,589,039c4011
50,589,039c4021
50,589,039c4041
50,589,039c4081
50,589,039c4088
50,589,039c4101
50,589,039c4201
50,589,039c4202
50,589,039c4204
50,589,039c4208
50,589,039c4210
50,589,039c4220
50,589,039c4240
50,589,039c4280
50,589,039c4300
50,589,039c4401
50,589,039c4600
50,589,039c4801
50,589,039c4808
50,589,039c4a00
50,589,039c5001
50,589,039c5200
50,589,039c6001
50,589,039c6200
50,589,039c9200
50,589,039cc001
50,589,039cc200
50,589,039d1001
50,589,039d1002
50,589,039d1004
50,589,039d1008
50,589,039d1010
50,589,039d1020
50,589,039d1040
50,589,039d1080
50,589,039d1100
50,589,039d1200
50,589,039d1400
50,589,039d1800
50,589,039d3000
50,589,039d4001
50,589,039d4008
50,589,039d4200
50,589,039d5000
50,589,039d9000
50,589,039e1001
50,589,039e1002
50,589,039e1004
50,589,039e1008
50,589,039e1010
50,589,039e1020
50,589,039e1040
50,589,039e1080
50,589,039e1100
50,589,039e1200
50,589,039e1400
50,589,039e1800
50,589,039e3000
50,589,039e4001
50,589,039e4002
50,589,039e4004
50,589,039e4008
50,589,039e4010
50,589,039e4020
50,589,039e4040
50,589,039e4080
50,589,039e4100
50,589,039e4200
50,589,039e4400
50,589,039e4800
50,589,039e5000
50,589,039e6000
50,589,039e9000
50,589,039ec000
50,589,039f1000
50,589,039f4000
50,589,03a94005
50,589,03a9400c
50,589,03a94081
50,589,03a94088
50,589,03a94404
50,589,03a96001
50,589,03a96008
50,589,03ac4801
50,589,03ac5200
50,589,03acc001
50,589,03ad4001
50,589,03ad4008
50,589,03ad4400
50,589,03ad5000
50,589,03b16001
50,589,03b94001
50,589,03b94008
50,589,03bc0208
50,589,03bc1200
50,589,03bc4001
50,589,03bc4200
50,589,03bd0008
50,589,03bd1000
50,589,03bd4000
50,589,03be1000
50,589,03be4000
50,589,03c86208
50,589,03c9400c
50,589,03c94088
50,589,03c95004
50,589,03c96008
50,589,03cc4201
50,589,03cc4208
50,589,03cc4600
50,589,03cc5200
50,589,03ccb000
50,589,03cd4008
50,589,03cd5000
50,589,03d42401
50,589,03d44401
50,589,03d94001
50,589,03d94008
50,589,03dc1200
50,589,03dc3000
50,589,03dc4001
50,589,03dc4008
50,589,03dc4200
50,589,03dd1000
50,589,03de1000
50,589,03de4000
50,589,040c5c05
50,589,040c7403
50,589,040c7c01
50,589,040cf401
50,589,040cf402
50,589,040ef400
50,589,04187422
50,589,04187502
50,589,0418e405
50,589,0418e406
50,589,0418e409
50,589,0418e40a
50,589,0418e40c
50,589,0418e414
50,589,0418e418
50,589,0418e424
50,589,0418e428
50,589,0418e444
50,589,0418e448
50,589,0418e484
50,589,0418e488
50,589,0418e504
50,589,0418e508
50,589,0418e601
50,589,0418e602
50,589,0418e604
50,589,0418e608
50,589,0418e610
50,589,0418ec04
50,589,0418ec08
50,589,0418f401
50,589,0418f402
50,589,0418f404
50,589,0418f408
50,589,0418f410
50,589,0419e401
50,589,0419e402
50,589,0419e404
50,589,0419e408
50,589,0419e410
50,589,041ae404
50,589,041ae408
50,589,041c5405
50,589,041c7401
50,589,041c7420
50,589,041c7500
50,589,041ce404
50,589,041ce408
50,589,041ce600
50,589,041cf400
50,589,041de400
50,589,0428f401
50,589,042c5405
50,589,042c6405
50,589,042c6421
50,589,042c6501
50,589,042c7401
50,589,042c7404
50,589,042c7420
50,589,042c7500
50,589,042ce401
50,589,042cf400
50,589,04386406
50,589,04386422
50,589,04386502
50,589,04386c04
50,589,0438e088
50,589,0438e401
50,589,0438e402
50,589,0438e404
50,589,0438e408
50,589,0438e410
50,589,043c6401
50,589,043c6402
50,589,043c6404
50,589,043c6420
50,589,043c6500
50,589,043ce400
50,589,0448f401
50,589,0448f402
50,589,0448f404
50,589,044c4c05
50,589,044cf400
50,589,04583502
50,589,04584606
50,589,04584e04
50,589,0458c601
50,589,0458c602
50,589,0458c604
50,589,0458e404
50,589,0458e408
50,589,045c4405
50,589,045c4601
50,589,045c4602
50,589,045c4604
50,589,045c4608
50,589,045c4610
50,589,045c4620
50,589,045c4700
50,589,045cc600
50,589,045cf000
50,589,046c4405
50,589,0488f401
50,589,04986405
50,589,04986424
50,589,04986428
50,589,04986504
50,589,04986508
50,589,04986604
50,589,04987401
50,589,0498e404
50,589,0498e408
50,589,04b86401
50,589,04b86402
50,589,04b86404
50,589,04d84604
50,589,0500e483
50,589,05044487
50,589,05044c07
50,589,05046483
50,589,05046603
50,589,0504d602
50,589,0504dc02
50,589,0504e602
50,589,05064407
50,589,05064423
50,589,05064503
50,589,05065405
50,589,050860c9
50,589,05086407
50,589,0508640d
50,589,05086415
50,589,05086425
50,589,05086445
50,589,05086449
50,589,05086461
50,589,05086485
50,589,0508648c
50,589,05086505
50,589,05086541
50,589,05086605
50,589,0508660c
50,589,05086c05
50,589,05086c06
50,589,05086c0c
50,589,05086c14
50,589,05086c24
50,589,05086c44
50,589,05086c84
50,589,05086d04
50,589,05086e04
50,589,05087049
50,589,05087141
50,589,05087405
50,589,05087409
50,589,05087421
50,589,05087501
50,589,05087c04
50,589,0508e08a
50,589,0508e403
50,589,0508e405
50,589,0508e409
50,589,0508e411
50,589,0508e421
50,589,0508e441
50,589,0508e481
50,589,0508e482
50,589,0508e484
50,589,0508e501
50,589,0508e601
50,589,0508e602
50,589,0508e604
50,589,0508ec01
50,589,0508ec02
50,589,0508ec04
50,589,0508f003
50,589,0508f005
50,589,0508f009
50,589,0508f011
50,589,0508f021
50,589,0508f041
50,589,0508f081
50,589,0508f101
50,589,0508f201
50,589,0508f401
50,589,0508f801
50,589,05096405
50,589,0509640c
50,589,05096c04
50,589,0509e401
50,589,0509e402
50,589,0509e404
50,589,0509f001
50,589,0509f002
50,589,050a4407
50,589,050a440d
50,589,050a4415
50,589,050a4425
50,589,050a4445
50,589,050a4461
50,589,050a4485
50,589,050a4505
50,589,050a4541
50,589,050a4605
50,589,050a4c05
50,589,050a4d04
50,589,050a5405
50,589,050a5421
50,589,050a5501
50,589,050a6405
50,589,050a6c04
50,589,050a7101
50,589,050ac403
50,589,050ac405
50,589,050ac409
50,589,050ac411
50,589,050ac421
50,589,050ac441
50,589,050ac481
50,589,050ac482
50,589,050ac484
50,589,050ac501
50,589,050ac601
50,589,050ac602
50,589,050ac604
50,589,050acc01
50,589,050acc02
50,589,050acc04
50,589,050ad009
50,589,050ad401
50,589,050ae401
50,589,050af001
50,589,050b4405
50,589,050bc401
50,589,050bc402
50,589,050bc404
50,589,050c4407
50,589,050c440d
50,589,050c440e
50,589,050c4415
50,589,050c4416
50,589,050c441c
50,589,050c4423
50,589,050c4425
50,589,050c4426
50,589,050c4429
50,589,050c442a
50,589,050c442c
50,589,050c4431
50,589,050c4432
50,589,050c4434
50,589,050c4438
50,589,050c4445
50,589,050c4446
50,589,050c444c
50,589,050c4454
50,589,050c4461
50,589,050c4462
50,589,050c4464
50,589,050c4468
50,589,050c4470
50,589,050c4485
50,589,050c4486
50,589,050c448c
50,589,050c4494
50,589,050c44a1
50,589,050c44a2
50,589,050c44a4
50,589,050c44a8
50,589,050c44b0
50,589,050c44c4
50,589,050c44e0
50,589,050c4503
50,589,050c4505
50,589,050c4506
50,589,050c4509
50,589,050c450a
50,589,050c450c
50,589,050c4511
50,589,050c4512
50,589,050c4514
50,589,050c4518
50,589,050c4521
50,589,050c4522
50,589,050c4524
50,589,050c4528
50,589,050c4530
50,589,050c4541
50,589,050c4542
50,589,050c4544
50,589,050c4548
50,589,050c4550
50,589,050c4560
50,589,050c4581
50,589,050c4582
50,589,050c4584
50,589,050c4588
50,589,050c4590
50,589,050c45a0
50,589,050c45c0
50,589,050c4605
50,589,050c4606
50,589,050c460c
50,589,050c4614
50,589,050c4621
50,589,050c4622
50,589,050c4624
50,589,050c4628
50,589,050c4630
50,589,050c4644
50,589,050c4660
50,589,050c4684
50,589,050c46a0
50,589,050c4701
50,589,050c4702
50,589,050c4704
50,589,050c4708
50,589,050c4710
50,589,050c4720
50,589,050c4740
50,589,050c4780
50,589,050c4c05
50,589,050c4c06
50,589,050c4c0c
50,589,050c4c14
50,589,050c4c21
50,589,050c4c22
50,589,050c4c24
50,589,050c4c28
50,589,050c4c30
50,589,050c4c44
50,589,050c4c60
50,589,050c4c84
50,589,050c4ca0
50,589,050c4d01
50,589,050c4d02
50,589,050c4d04
50,589,050c4d08
50,589,050c4d10
50,589,050c4d20
50,589,050c4d40
50,589,050c4d80
50,589,050c4e04
50,589,050c4e20
50,589,050c4f00
50,589,050c5405
50,589,050c5406
50,589,050c540c
50,589,050c5414
50,589,050c5421
50,589,050c5422
50,589,050c5424
50,589,050c5428
50,589,050c5430
50,589,050c5444
50,589,050c5460
50,589,050c5484
50,589,050c54a0
50,589,050c5501
50,589,050c5502
50,589,050c5504
50,589,050c5508
50,589,050c5510
50,589,050c5520
50,589,050c5540
50,589,050c5580
50,589,050c5604
50,589,050c5620
50,589,050c5700
50,589,050c5c04
50,589,050c5c20
50,589,050c5d00
50,589,050c6403
50,589,050c6405
50,589,050c6406
50,589,050c6409
50,589,050c640a
50,589,050c640c
50,589,050c6411
50,589,050c6412
50,589,050c6414
50,589,050c6421
50,589,050c6422
50,589,050c6424
50,589,050c6428
50,589,050c6430
50,589,050c6441
50,589,050c6442
50,589,050c6444
50,589,050c6460
50,589,050c6481
50,589,050c6482
50,589,050c6484
50,589,050c64a0
50,589,050c6501
50,589,050c6502
50,589,050c6504
50,589,050c6508
50,589,050c6510
50,589,050c6520
50,589,050c6540
50,589,050c6580
50,589,050c6601
50,589,050c6602
50,589,050c6604
50,589,050c6608
50,589,050c6610
50,589,050c6620
50,589,050c6700
50,589,050c6c01
50,589,050c6c02
50,589,050c6c04
50,589,050c6c20
50,589,050c6d00
50,589,050c7401
50,589,050c7402
50,589,050c7404
50,589,050c7420
50,589,050c7500
50,589,050cc403
50,589,050cc405
50,589,050cc406
50,589,050cc409
50,589,050cc40a
50,589,050cc40c
50,589,050cc411
50,589,050cc412
50,589,050cc414
50,589,050cc418
50,589,050cc421
50,589,050cc422
50,589,050cc424
50,589,050cc428
50,589,050cc430
50,589,050cc441
50,589,050cc442
50,589,050cc444
50,589,050cc448
50,589,050cc450
50,589,050cc460
50,589,050cc481
50,589,050cc482
50,589,050cc484
50,589,050cc488
50,589,050cc490
50,589,050cc4a0
50,589,050cc4c0
50,589,050cc501
50,589,050cc502
50,589,050cc504
50,589,050cc508
50,589,050cc510
50,589,050cc520
50,589,050cc540
50,589,050cc580
50,589,050cc601
50,589,050cc602
50,589,050cc604
50,589,050cc608
50,589,050cc610
50,589,050cc620
50,589,050cc640
50,589,050cc680
50,589,050cc700
50,589,050ccc01
50,589,050ccc02
50,589,050ccc04
50,589,050ccc08
50,589,050ccc10
50,589,050ccc20
50,589,050ccc40
50,589,050ccc80
50,589,050ccd00
50,589,050cce00
50,589,050cd081
50,589,050cd401
50,589,050cd402
50,589,050cd404
50,589,050cd408
50,589,050cd410
50,589,050cd420
50,589,050cd440
50,589,050cd480
50,589,050cd500
50,589,050cd600
50,589,050cdc00
50,589,050ce401
50,589,050ce402
50,589,050ce404
50,589,050ce408
50,589,050ce410
50,589,050ce420
50,589,050ce440
50,589,050ce480
50,589,050ce500
50,589,050ce600
50,589,050cec00
50,589,050cf001
50,589,050cf400
50,589,050d4405
50,589,050d4406
50,589,050d440c
50,589,050d4414
50,589,050d4421
50,589,050d4422
50,589,050d4424
50,589,050d4428
50,589,050d4430
50,589,050d4444
50,589,050d4460
50,589,050d4484
50,589,050d44a0
50,589,050d4501
50,589,050d4502
50,589,050d4504
50,589,050d4508
50,589,050d4510
50,589,050d4520
50,589,050d4540
50,589,050d4580
50,589,050d4604
50,589,050d4620
50,589,050d4700
50,589,050d4c04
50,589,050d4c20
50,589,050d4d00
50,589,050d5404
50,589,050d5420
50,589,050d5500
50,589,050d6401
50,589,050d6402
50,589,050d6404
50,589,050d6420
50,589,050d6500
50,589,050dc401
50,589,050dc402
50,589,050dc404
50,589,050dc408
50,589,050dc410
50,589,050dc420
50,589,050dc440
50,589,050dc480
50,589,050dc500
50,589,050dc600
50,589,050dcc00
50,589,050dd400
50,589,050de400
50,589,050e4405
50,589,050e4406
50,589,050e440c
50,589,050e4414
50,589,050e4421
50,589,050e4422
50,589,050e4424
50,589,050e4428
50,589,050e4430
50,589,050e4444
50,589,050e4460
50,589,050e4484
50,589,050e44a0
50,589,050e4501
50,589,050e4502
50,589,050e4504
50,589,050e4508
50,589,050e4510
50,589,050e4520
50,589,050e4540
50,589,050e4580
50,589,050e4604
50,589,050e4620
50,589,050e4700
50,589,050e4c04
50,589,050e4c20
50,589,050e4d00
50,589,050e5101
50,589,050e5102
50,589,050e5404
50,589,050e5420
50,589,050e5500
50,589,050e6401
50,589,050e6402
50,589,050e6404
50,589,050e6420
50,589,050e6500
50,589,050ec401
50,589,050ec402
50,589,050ec404
50,589,050ec408
50,589,050ec410
50,589,050ec420
50,589,050ec440
50,589,050ec480
50,589,050ec500
50,589,050ec600
50,589,050ecc00
50,589,050ed001
50,589,050ed002
50,589,050ed400
50,589,050ee400
50,589,050f4404
50,589,050f4420
50,589,050f4500
50,589,050fc400
50,589,05107049
50,589,05107405
50,589,05107409
50,589,05107421
50,589,05107501
50,589,0510e403
50,589,0510e405
50,589,0510f003
50,589,0510f005
50,589,0510f009
50,589,0510f011
50,589,0510f021
50,589,0510f041
50,589,0510f081
50,589,0510f101
50,589,0510f201
50,589,0510f401
50,589,0510f801
50,589,0511f001
50,589,0512f001
50,589,05144c06
50,589,05144c22
50,589,05144d02
50,589,05146403
50,589,05146602
50,589,05146c02
50,589,05147401
50,589,0514cc02
50,589,0514f001
50,589,0518340c
50,589,05183502
50,589,05186049
50,589,05186405
50,589,05186406
50,589,05186409
50,589,0518640c
50,589,05186414
50,589,05186421
50,589,05186422
50,589,05186424
50,589,05186428
50,589,05186430
50,589,05186444
50,589,05186484
50,589,05186501
50,589,05186502
50,589,05186504
50,589,05186508
50,589,05186510
50,589,05186604
50,589,05186c04
50,589,05187101
50,589,05187404
50,589,0518b402
50,589,0518e00a
50,589,0518e048
50,589,0518e401
50,589,0518e402
50,589,0518e404
50,589,0518e408
50,589,0518e410
50,589,0518f001
50,589,0518f008
50,589,05196404
50,589,051a4405
50,589,051a4406
50,589,051a440c
50,589,051a4414
50,589,051a4421
50,589,051a4422
50,589,051a4424
50,589,051a4428
50,589,051a4430
50,589,051a4444
50,589,051a4460
50,589,051a4484
50,589,051a44a0
50,589,051a4501
50,589,051a4502
50,589,051a4504
50,589,051a4508
50,589,051a4510
50,589,051a4520
50,589,051a4604
50,589,051a4620
50,589,051a4c04
50,589,051a4c20
50,589,051a5404
50,589,051a5420
50,589,051a6404
50,589,051a6420
50,589,051ac401
50,589,051ac402
50,589,051ac404
50,589,051ac408
50,589,051ac410
50,589,051ac420
50,589,051ad001
50,589,051ad002
50,589,051ad004
50,589,051ad008
50,589,051ad010
50,589,051ad020
50,589,051b4404
50,589,051b4420
50,589,051c3500
50,589,051c404c
50,589,051c408c
50,589,051c4405
50,589,051c4406
50,589,051c440c
50,589,051c4414
50,589,051c4421
50,589,051c4422
50,589,051c4424
50,589,051c4428
50,589,051c4430
50,589,051c4444
50,589,051c4460
50,589,051c4484
50,589,051c44a0
50,589,051c4501
50,589,051c4502
50,589,051c4504
50,589,051c4508
50,589,051c4510
50,589,051c4520
50,589,051c4540
50,589,051c4580
50,589,051c4604
50,589,051c4620
50,589,051c4700
50,589,051c4c04
50,589,051c4c20
50,589,051c4d00
50,589,051c5108
50,589,051c5404
50,589,051c5420
50,589,051c5500
50,589,051c6108
50,589,051c6401
50,589,051c6402
50,589,051c6404
50,589,051c6420
50,589,051c6500
50,589,051cb400
50,589,051cc00c
50,589,051cc208
50,589,051cc401
50,589,051cc402
50,589,051cc404
50,589,051cc408
50,589,051cc410
50,589,051cc420
50,589,051cc440
50,589,051cc480
50,589,051cc500
50,589,051cc600
50,589,051ccc00
50,589,051cd001
50,589,051cd008
50,589,051cd400
50,589,051ce008
50,589,051ce400
50,589,051d4404
50,589,051d4420
50,589,051d4500
50,589,051dc400
50,589,051dd000
50,589,051e4404
50,589,051e4420
50,589,051e4500
50,589,051e5100
50,589,051ec400
50,589,051ed000
50,589,05284407
50,589,05284423
50,589,05284503
50,589,05286049
50,589,05286141
50,589,05286405
50,589,05286409
50,589,05286421
50,589,05286501
50,589,05286c04
50,589,0528c08a
50,589,0528c403
50,589,0528c482
50,589,0528c602
50,589,0528cc02
50,589,0528e003
50,589,0528e005
50,589,0528e009
50,589,0528e011
50,589,0528e021
50,589,0528e041
50,589,0528e081
50,589,0528e101
50,589,0528e201
50,589,0528e401
50,589,0528e801
50,589,0528f001
50,589,0529c402
50,589,0529e001
50,589,052a4405
50,589,052a4421
50,589,052a4501
50,589,052ac401
50,589,052ae001
50,589,052c3500
50,589,052c41c0
50,589,052c4405
50,589,052c4406
50,589,052c440c
50,589,052c4414
50,589,052c4421
50,589,052c4422
50,589,052c4424
50,589,052c4428
50,589,052c4430
50,589,052c4444
50,589,052c4460
50,589,052c4484
50,589,052c44a0
50,589,052c4501
50,589,052c4502
50,589,052c4504
50,589,052c4508
50,589,052c4510
50,589,052c4520
50,589,052c4540
50,589,052c4580
50,589,052c4604
50,589,052c4620
50,589,052c4700
50,589,052c4c04
50,589,052c4c20
50,589,052c4d00
50,589,052c5404
50,589,052c5420
50,589,052c5500
50,589,052c6140
50,589,052c6401
50,589,052c6402
50,589,052c6404
50,589,052c6420
50,589,052c6500
50,589,052cc081
50,589,052cc082
50,589,052cc084
50,589,052cc088
50,589,052cc090
50,589,052cc0a0
50,589,052cc0c0
50,589,052cc180
50,589,052cc280
50,589,052cc401
50,589,052cc402
50,589,052cc404
50,589,052cc408
50,589,052cc410
50,589,052cc420
50,589,052cc440
50,589,052cc480
50,589,052cc500
50,589,052cc600
50,589,052cc880
50,589,052ccc00
50,589,052cd080
50,589,052cd400
50,589,052ce001
50,589,052ce002
50,589,052ce004
50,589,052ce008
50,589,052ce010
50,589,052ce020
50,589,052ce040
50,589,052ce080
50,589,052ce100
50,589,052ce200
50,589,052ce400
50,589,052ce800
50,589,052cf000
50,589,052d4404
50,589,052d4420
50,589,052d4500
50,589,052dc080
50,589,052dc400
50,589,052de000
50,589,052e4180
50,589,052e4404
50,589,052e4420
50,589,052e4500
50,589,052e5100
50,589,052ec002
50,589,052ec080
50,589,052ec400
50,589,052ed000
50,589,052ee000
50,589,0530e401
50,589,0530e408
50,589,0530f001
50,589,05346401
50,589,05384406
50,589,05384422
50,589,05384502
50,589,05386101
50,589,05386404
50,589,0538a402
50,589,0538c003
50,589,0538c006
50,589,0538c00a
50,589,0538c012
50,589,0538c022
50,589,0538c042
50,589,0538c082
50,589,0538c102
50,589,0538c202
50,589,0538c402
50,589,0538c802
50,589,0538d002
50,589,0538e001
50,589,0538e002
50,589,0538e004
50,589,0538e008
50,589,0538e010
50,589,0539c002
50,589,053a4404
50,589,053a4420
50,589,053ac001
50,589,053ac002
50,589,053ac004
50,589,053ac008
50,589,053ac010
50,589,053ac020
50,589,053c4084
50,589,053c40a0
50,589,053c4180
50,589,053c4404
50,589,053c4420
50,589,053c4500
50,589,053c6100
50,589,053cc001
50,589,053cc002
50,589,053cc004
50,589,053cc008
50,589,053cc010
50,589,053cc020
50,589,053cc040
50,589,053cc080
50,589,053cc100
50,589,053cc200
50,589,053cc400
50,589,053cc800
50,589,053cd000
50,589,053ce000
50,589,053dc000
50,589,053ec000
50,589,05484407
50,589,0548440d
50,589,0548440e
50,589,05484415
50,589,0548441c
50,589,05484425
50,589,0548442c
50,589,05484445
50,589,05484449
50,589,0548444a
50,589,0548444c
50,589,05484461
50,589,05484485
50,589,0548448c
50,589,05484505
50,589,0548450c
50,589,05484541
50,589,05484605
50,589,0548460c
50,589,05484c05
50,589,05484c0c
50,589,05485019
50,589,05485405
50,589,05485409
50,589,0548540a
50,589,0548540c
50,589,05485421
50,589,05485501
50,589,05486405
50,589,05486406
50,589,0548640c
50,589,05486414
50,589,05486424
50,589,05486444
50,589,05486484
50,589,05486504
50,589,05486604
50,589,05486c04
50,589,05487009
50,589,05487101
50,589,05487404
50,589,0548c403
50,589,0548c405
50,589,0548c406
50,589,0548c409
50,589,0548c40a
50,589,0548c40c
50,589,0548c411
50,589,0548c412
50,589,0548c414
50,589,0548c421
50,589,0548c422
50,589,0548c424
50,589,0548c441
50,589,0548c442
50,589,0548c444
50,589,0548c481
50,589,0548c482
50,589,0548c484
50,589,0548c501
50,589,0548c502
50,589,0548c504
50,589,0548c601
50,589,0548c602
50,589,0548c604
50,589,0548cc01
50,589,0548cc02
50,589,0548cc04
50,589,0548d009
50,589,0548d00a
50,589,0548d401
50,589,0548d402
50,589,0548d404
50,589,0548e401
50,589,0548e402
50,589,0548e404
50,589,0548f001
50,589,0548f002
50,589,05494405
50,589,0549440c
50,589,05496404
50,589,0549c401
50,589,0549c402
50,589,0549c404
50,589,054a4405
50,589,054a4406
50,589,054a440c
50,589,054a4414
50,589,054a4424
50,589,054a4444
50,589,054a4484
50,589,054a4504
50,589,054a4604
50,589,054a4c04
50,589,054a5404
50,589,054a6404
50,589,054ac401
50,589,054ac402
50,589,054ac404
50,589,054b4404
50,589,054c4403
50,589,054c4405
50,589,054c4406
50,589,054c4409
50,589,054c440a
50,589,054c440c
50,589,054c4411
50,589,054c4412
50,589,054c4414
50,589,054c4418
50,589,054c4421
50,589,054c4422
50,589,054c4424
50,589,054c4428
50,589,054c4430
50,589,054c4441
50,589,054c4442
50,589,054c4444
50,589,054c4448
50,589,054c4450
50,589,054c4460
50,589,054c4481
50,589,054c4482
50,589,054c4484
50,589,054c4488
50,589,054c4490
50,589,054c44a0
50,589,054c4501
50,589,054c4502
50,589,054c4504
50,589,054c4508
50,589,054c4510
50,589,054c4520
50,589,054c4540
50,589,054c4580
50,589,054c4601
50,589,054c4602
50,589,054c4604
50,589,054c4608
50,589,054c4610
50,589,054c4620
50,589,054c4700
50,589,054c4c01
50,589,054c4c02
50,589,054c4c04
50,589,054c4c08
50,589,054c4c10
50,589,054c4c20
50,589,054c4d00
50,589,054c5009
50,589,054c5101
50,589,054c5102
50,589,054c5401
50,589,054c5402
50,589,054c5404
50,589,054c5408
50,589,054c5410
50,589,054c5420
50,589,054c5500
50,589,054c6401
50,589,054c6402
50,589,054c6404
50,589,054c6408
50,589,054c6410
50,589,054c6420
50,589,054c6500
50,589,054cc401
50,589,054cc402
50,589,054cc404
50,589,054cc408
50,589,054cc410
50,589,054cc420
50,589,054cc440
50,589,054cc480
50,589,054cc500
50,589,054cc600
50,589,054ccc00
50,589,054cd001
50,589,054cd002
50,589,054cd400
50,589,054ce400
50,589,054d4401
50,589,054d4402
50,589,054d4404
50,589,054d4408
50,589,054d4410
50,589,054d4420
50,589,054d4500
50,589,054dc400
50,589,054e4401
50,589,054e4402
50,589,054e4404
50,589,054e4408
50,589,054e4410
50,589,054e4420
50,589,054e4500
50,589,054ec400
50,589,0550f001
50,589,05544403
50,589,05544482
50,589,05544602
50,589,05544c02
50,589,05545401
50,589,05564402
50,589,05584405
50,589,05584406
50,589,05584409
50,589,0558440a
50,589,0558440c
50,589,05584414
50,589,05584418
50,589,05584421
50,589,05584422
50,589,05584424
50,589,05584428
50,589,05584430
50,589,05584444
50,589,05584448
50,589,05584484
50,589,05584488
50,589,05584501
50,589,05584502
50,589,05584504
50,589,05584508
50,589,05584510
50,589,05584604
50,589,05584608
50,589,05584c04
50,589,05584c08
50,589,05585404
50,589,05585408
50,589,05586404
50,589,05586408
50,589,0558c401
50,589,0558c402
50,589,0558c404
50,589,0558c408
50,589,0558c410
50,589,0558d001
50,589,0558d002
50,589,0558d004
50,589,0558d008
50,589,0558d010
50,589,05594404
50,589,05594408
50,589,055a4404
50,589,055a4408
50,589,055a4420
50,589,055c4401
50,589,055c4402
50,589,055c4404
50,589,055c4408
50,589,055c4410
50,589,055c4420
50,589,055c4500
50,589,055c5001
50,589,055c5002
50,589,055c5004
50,589,055c5008
50,589,055c5010
50,589,055c5020
50,589,055c5100
50,589,055c6008
50,589,055cc400
50,589,055cd000
50,589,05684405
50,589,05684409
50,589,0568440a
50,589,0568440c
50,589,05684421
50,589,05684501
50,589,05686404
50,589,0568c00a
50,589,0568c401
50,589,0568c402
50,589,0568c404
50,589,0568e001
50,589,0568e002
50,589,0568e004
50,589,056a4404
50,589,056c4180
50,589,056c4401
50,589,056c4402
50,589,056c4404
50,589,056c4408
50,589,056c4410
50,589,056c4420
50,589,056c4500
50,589,056c5100
50,589,056cc002
50,589,056cc080
50,589,056cc400
50,589,056cd000
50,589,056ce000
50,589,05706408
50,589,05744401
50,589,05744402
50,589,05744408
50,589,05784404
50,589,05784408
50,589,0578c001
50,589,0578c002
50,589,0578c004
50,589,0578c008
50,589,0578c010
50,589,057c4001
50,589,057cc000
50,589,05882445
50,589,05886405
50,589,05886441
50,589,05886c04
50,589,05887401
50,589,0588e401
50,589,0588f001
50,589,058a4405
50,589,058a4441
50,589,058a5401
50,589,058ac401
50,589,058ad001
50,589,058c2405
50,589,058c4403
50,589,058c4405
50,589,058c4406
50,589,058c4409
50,589,058c440a
50,589,058c440c
50,589,058c4411
50,589,058c4412
50,589,058c4414
50,589,058c4421
50,589,058c4422
50,589,058c4424
50,589,058c4428
50,589,058c4430
50,589,058c4441
50,589,058c4442
50,589,058c4444
50,589,058c4460
50,589,058c4481
50,589,058c4482
50,589,058c4484
50,589,058c44a0
50,589,058c4501
50,589,058c4502
50,589,058c4504
50,589,058c4508
50,589,058c4510
50,589,058c4520
50,589,058c4540
50,589,058c4580
50,589,058c4601
50,589,058c4602
50,589,058c4604
50,589,058c4608
50,589,058c4610
50,589,058c4620
50,589,058c4700
50,589,058c4c01
50,589,058c4c02
50,589,058c4c04
50,589,058c4c20
50,589,058c4d00
50,589,058c5401
50,589,058c5402
50,589,058c5404
50,589,058c5420
50,589,058c5500
50,589,058c6401
50,589,058c6402
50,589,058c6404
50,589,058c6420
50,589,058c6500
50,589,058cb400
50,589,058cc401
50,589,058cc402
50,589,058cc404
50,589,058cc408
50,589,058cc410
50,589,058cc420
50,589,058cc440
50,589,058cc480
50,589,058cc500
50,589,058cc600
50,589,058ccc00
50,589,058cd001
50,589,058cd008
50,589,058cd400
50,589,058ce400
50,589,058d4401
50,589,058d4402
50,589,058d4404
50,589,058d4420
50,589,058d4500
50,589,058dc400
50,589,058dd000
50,589,058e4401
50,589,058e4402
50,589,058e4404
50,589,058e4420
50,589,058e4500
50,589,058e5100
50,589,058ec400
50,589,058ed000
50,589,05906403
50,589,05906405
50,589,05907401
50,589,0590a403
50,589,0590f001
50,589,05942403
50,589,05942405
50,589,05942411
50,589,05942602
50,589,05944c02
50,589,05982405
50,589,05982406
50,589,0598240c
50,589,05983402
50,589,05986401
50,589,05986402
50,589,05986404
50,589,0598a402
50,589,059a4401
50,589,059a4402
50,589,059a4404
50,589,059a4420
50,589,059c1401
50,589,059c1402
50,589,059c1404
50,589,059c1420
50,589,059c1500
50,589,059c2401
50,589,059c2402
50,589,059c2404
50,589,059c2420
50,589,059c2500
50,589,059c4401
50,589,059c4402
50,589,059c4404
50,589,059c4420
50,589,059c4500
50,589,059c9001
50,589,059c9008
50,589,059c9400
50,589,059ca400
50,589,059cc400
50,589,059d9000
50,589,059e9000
50,589,05a84403
50,589,05a86401
50,589,05a8c003
50,589,05a8e001
50,589,05aa4401
50,589,05aac001
50,589,05ac4401
50,589,05ac4402
50,589,05ac4404
50,589,05ac4420
50,589,05ac4500
50,589,05ac9200
50,589,05ac9400
50,589,05acc001
50,589,05acc002
50,589,05acc004
50,589,05acc008
50,589,05acc010
50,589,05acc020
50,589,05acc040
50,589,05acc080
50,589,05acc100
50,589,05acc200
50,589,05acc400
50,589,05acc800
50,589,05acd000
50,589,05ace000
50,589,05adc000
50,589,05aec000
50,589,05b0240c
50,589,05b06401
50,589,05b84402
50,589,05b8c002
50,589,05bc9000
50,589,05bca000
50,589,05bcc000
50,589,05c84405
50,589,05c8440c
50,589,05c84441
50,589,05c85401
50,589,05c86404
50,589,05c8b001
50,589,05c8b002
50,589,05c8c401
50,589,05c8c402
50,589,05c8c404
50,589,05c8d001
50,589,05c8d004
50,589,05ca4404
50,589,05cc4401
50,589,05cc4402
50,589,05cc4404
50,589,05cc4408
50,589,05cc4410
50,589,05cc4420
50,589,05cc4500
50,589,05cc5008
50,589,05cc5100
50,589,05ccb000
50,589,05ccc400
50,589,05ccd000
50,589,05d44401
50,589,05d84401
50,589,05d84402
50,589,05d84404
50,589,05d84408
50,589,05d84410
50,589,05dc9000
50,589,05e84401
50,589,05e8c001
50,589,05e8c004
50,589,05ec9000
50,589,05ecc000
50,589,060c5405
50,589,060c5c01
50,589,060c6405
50,589,060c6421
50,589,060c6501
50,589,060c7041
50,589,060c7401
50,589,060ce401
50,589,060e5401
50,589,060ed400
50,589,06186405
50,589,06186406
50,589,0618640c
50,589,06186414
50,589,06186421
50,589,06186422
50,589,06186424
50,589,06186428
50,589,06186430
50,589,06186444
50,589,06186484
50,589,06186501
50,589,06186502
50,589,06186504
50,589,06186508
50,589,06186510
50,589,06186604
50,589,06186c04
50,589,06187401
50,589,06187404
50,589,0618e401
50,589,0618e402
50,589,0618e404
50,589,0618e408
50,589,0618e410
50,589,06196404
50,589,061a5401
50,589,061a6404
50,589,061a6420
50,589,061c5401
50,589,061c5402
50,589,061c5404
50,589,061c5408
50,589,061c5410
50,589,061c5420
50,589,061c5440
50,589,061c5480
50,589,061c5500
50,589,061c5600
50,589,061c5c00
50,589,061c6044
50,589,061c6404
50,589,061c6420
50,589,061c6500
50,589,061c7040
50,589,061c7400
50,589,061c7800
50,589,061cd400
50,589,061ce400
50,589,061cf000
50,589,061d5400
50,589,061e5040
50,589,061e5400
50,589,06285604
50,589,062c6003
50,589,062c6009
50,589,062c6401
50,589,062c7001
50,589,06385401
50,589,06385404
50,589,06386401
50,589,06386404
50,589,063c4048
50,589,063c4440
50,589,063c4480
50,589,063c5400
50,589,063c6001
50,589,063c6002
50,589,063c6004
50,589,063c6008
50,589,063c6010
50,589,063c6020
50,589,063c6040
50,589,063c6080
50,589,063c6100
50,589,063c6200
50,589,063c6400
50,589,063c6800
50,589,063c7000
50,589,063ce000
50,589,063d6000
50,589,063e4400
50,589,063e6000
50,589,0648540c
50,589,06485488
50,589,06486481
50,589,06487404
50,589,0648d401
50,589,0648d408
50,589,064c4405
50,589,064c5401
50,589,064c5402
50,589,064c5404
50,589,064c5408
50,589,064c5410
50,589,064c5420
50,589,064c5440
50,589,064c5480
50,589,064c5500
50,589,064c5600
50,589,064c5c00
50,589,064c6401
50,589,064c7400
50,589,064cd400
50,589,064d5400
50,589,064e5400
50,589,06584411
50,589,06584418
50,589,06584601
50,589,06584602
50,589,06584604
50,589,06584608
50,589,06584610
50,589,06585048
50,589,06585088
50,589,06585401
50,589,06585402
50,589,06585404
50,589,06585408
50,589,06585410
50,589,06586401
50,589,06586402
50,589,06586404
50,589,06586408
50,589,06586410
50,589,065c4048
50,589,065c4108
50,589,065c4201
50,589,065c4208
50,589,065c4280
50,589,065c4401
50,589,065c4402
50,589,065c4404
50,589,065c4408
50,589,065c4410
50,589,065c4420
50,589,065c4440
50,589,065c4480
50,589,065c4500
50,589,065c4600
50,589,065c4c00
50,589,065c5001
50,589,065c5008
50,589,065c5080
50,589,065c5400
50,589,065c6040
50,589,065c6100
50,589,065c6200
50,589,065c6400
50,589,065c7000
50,589,065cc400
50,589,065d4400
50,589,065e4200
50,589,065e4400
50,589,065e5000
50,589,06684481
50,589,066a4480
50,589,066c4401
50,589,066c4c00
50,589,066c5400
50,589,066c6400
50,589,066e4400
50,589,06784048
50,589,06784084
50,589,06784088
50,589,06784401
50,589,06784402
50,589,06784404
50,589,06784408
50,589,06784410
50,589,067a4400
50,589,067c4008
50,589,067c4400
50,589,067c6000
50,589,06887009
50,589,068c7001
50,589,06986404
50,589,06987008
50,589,069c5400
50,589,069c7000
50,589,06b86008
50,589,06bc2400
50,589,06bc6000
50,589,06c85408
50,589,06cc5001
50,589,06cc5400
50,589,06d85008
50,589,06dc4008
50,589,06dc4400
50,589,06dc6000
50,589,06f84008
50,589,06fc0400
50,589,07006483
50,589,07086013
50,589,07086015
50,589,07086019
50,589,07086031
50,589,07086043
50,589,07086045
50,589,07086049
50,589,07086051
50,589,07086061
50,589,07086091
50,589,070860c1
50,589,070860c4
50,589,07086103
50,589,07086105
50,589,07086109
50,589,07086111
50,589,07086121
50,589,07086141
50,589,07086181
50,589,07086188
50,589,07086211
50,589,07086241
50,589,07086244
50,589,07086301
50,589,07086308
50,589,07086403
50,589,07086405
50,589,07086409
50,589,07086411
50,589,07086421
50,589,07086441
50,589,07086481
50,589,07086484
50,589,07086501
50,589,07086601
50,589,07086604
50,589,07086811
50,589,07086814
50,589,07086830
50,589,07086841
50,589,07086844
50,589,07086901
50,589,07086902
50,589,07086904
50,589,07086908
50,589,07086910
50,589,07086c01
50,589,07086c04
50,589,07087003
50,589,07087005
50,589,07087009
50,589,07087011
50,589,07087021
50,589,07087041
50,589,07087081
50,589,07087101
50,589,07087201
50,589,07087401
50,589,07087801
50,589,07087804
50,589,0708e003
50,589,0708e005
50,589,0708e009
50,589,0708e011
50,589,0708e021
50,589,0708e041
50,589,0708e081
50,589,0708e082
50,589,0708e084
50,589,0708e088
50,589,0708e090
50,589,0708e101
50,589,0708e201
50,589,0708e202
50,589,0708e204
50,589,0708e208
50,589,0708e210
50,589,0708e401
50,589,0708e801
50,589,0708e802
50,589,0708e804
50,589,0708e808
50,589,0708e810
50,589,0708f001
50,589,07096011
50,589,07096041
50,589,07096044
50,589,07096101
50,589,07096108
50,589,07096401
50,589,07096404
50,589,07097001
50,589,0709e001
50,589,0709e002
50,589,0709e004
50,589,0709e008
50,589,0709e010
50,589,070a4013
50,589,070a4043
50,589,070a4091
50,589,070a40c1
50,589,070a40c4
50,589,070a4103
50,589,070a4181
50,589,070a4188
50,589,070a4403
50,589,070a4405
50,589,070a4409
50,589,070a4411
50,589,070a4421
50,589,070a4441
50,589,070a4481
50,589,070a4484
50,589,070a44a0
50,589,070a4501
50,589,070a4580
50,589,070a4601
50,589,070a4604
50,589,070a4620
50,589,070a4700
50,589,070a4c01
50,589,070a4c04
50,589,070a4c20
50,589,070a4d00
50,589,070a5003
50,589,070a5005
50,589,070a5009
50,589,070a5011
50,589,070a5021
50,589,070a5041
50,589,070a5081
50,589,070a5101
50,589,070a5201
50,589,070a5401
50,589,070a5801
50,589,070a5804
50,589,070a6011
50,589,070a6041
50,589,070a6101
50,589,070a6401
50,589,070a6900
50,589,070a7001
50,589,070ac003
50,589,070ac081
50,589,070ac084
50,589,070ac088
50,589,070ac401
50,589,070ac480
50,589,070ac600
50,589,070acc00
50,589,070ad001
50,589,070ae001
50,589,070ae080
50,589,070ae200
50,589,070ae800
50,589,070b4401
50,589,070b4404
50,589,070b4420
50,589,070b4500
50,589,070b5001
50,589,070bc400
50,589,070be000
50,589,070c140c
50,589,070c1604
50,589,070c1620
50,589,070c1700
50,589,070c3404
50,589,070c3420
50,589,070c3500
50,589,070c4083
50,589,070c4085
50,589,070c4086
50,589,070c4089
50,589,070c408c
50,589,070c4091
50,589,070c4094
50,589,070c40a1
50,589,070c40a2
50,589,070c40a4
50,589,070c40a8
50,589,070c40b0
50,589,070c40c1
50,589,070c40c4
50,589,070c40e0
50,589,070c4181
50,589,070c4182
50,589,070c4184
50,589,070c4188
50,589,070c4190
50,589,070c41a0
50,589,070c41c0
50,589,070c4281
50,589,070c4284
50,589,070c42a0
50,589,070c4380
50,589,070c4403
50,589,070c4405
50,589,070c4406
50,589,070c4409
50,589,070c440a
50,589,070c440c
50,589,070c4411
50,589,070c4412
50,589,070c4414
50,589,070c4418
50,589,070c4421
50,589,070c4422
50,589,070c4424
50,589,070c4428
50,589,070c4430
50,589,070c4441
50,589,070c4442
50,589,070c4444
50,589,070c4448
50,589,070c4450
50,589,070c4460
50,589,070c4481
50,589,070c4482
50,589,070c4484
50,589,070c4488
50,589,070c4490
50,589,070c44a0
50,589,070c44c0
50,589,070c4501
50,589,070c4502
50,589,070c4504
50,589,070c4508
50,589,070c4510
50,589,070c4520
50,589,070c4540
50,589,070c4580
50,589,070c4601
50,589,070c4602
50,589,070c4604
50,589,070c4608
50,589,070c4610
50,589,070c4620
50,589,070c4640
50,589,070c4680
50,589,070c4700
50,589,070c4881
50,589,070c4884
50,589,070c48a0
50,589,070c4980
50,589,070c4c01
50,589,070c4c02
50,589,070c4c04
50,589,070c4c08
50,589,070c4c10
50,589,070c4c20
50,589,070c4c40
50,589,070c4c80
50,589,070c4d00
50,589,070c4e00
50,589,070c5081
50,589,070c5084
50,589,070c50a0
50,589,070c5180
50,589,070c5401
50,589,070c5402
50,589,070c5404
50,589,070c5408
50,589,070c5410
50,589,070c5420
50,589,070c5440
50,589,070c5480
50,589,070c5500
50,589,070c5600
50,589,070c5c00
50,589,070c6003
50,589,070c6005
50,589,070c6006
50,589,070c6009
50,589,070c600c
50,589,070c6011
50,589,070c6014
50,589,070c6021
50,589,070c6022
50,589,070c6024
50,589,070c6028
50,589,070c6030
50,589,070c6041
50,589,070c6044
50,589,070c6060
50,589,070c6081
50,589,070c6084
50,589,070c60a0
50,589,070c6101
50,589,070c6102
50,589,070c6104
50,589,070c6108
50,589,070c6110
50,589,070c6120
50,589,070c6140
50,589,070c6180
50,589,070c6201
50,589,070c6204
50,589,070c6220
50,589,070c6300
50,589,070c6401
50,589,070c6402
50,589,070c6404
50,589,070c6408
50,589,070c6410
50,589,070c6420
50,589,070c6440
50,589,070c6480
50,589,070c6500
50,589,070c6600
50,589,070c6801
50,589,070c6804
50,589,070c6820
50,589,070c6900
50,589,070c6c00
50,589,070c7001
50,589,070c7004
50,589,070c7020
50,589,070c7100
50,589,070c7400
50,589,070c9404
50,589,070cc081
50,589,070cc082
50,589,070cc084
50,589,070cc088
50,589,070cc090
50,589,070cc0a0
50,589,070cc0c0
50,589,070cc180
50,589,070cc280
50,589,070cc401
50,589,070cc402
50,589,070cc404
50,589,070cc408
50,589,070cc410
50,589,070cc420
50,589,070cc440
50,589,070cc480
50,589,070cc500
50,589,070cc600
50,589,070cc880
50,589,070ccc00
50,589,070cd080
50,589,070cd400
50,589,070ce001
50,589,070ce002
50,589,070ce004
50,589,070ce008
50,589,070ce010
50,589,070ce020
50,589,070ce040
50,589,070ce080
50,589,070ce100
50,589,070ce200
50,589,070ce400
50,589,070ce800
50,589,070cf000
50,589,070d4081
50,589,070d4084
50,589,070d40a0
50,589,070d4180
50,589,070d4401
50,589,070d4402
50,589,070d4404
50,589,070d4408
50,589,070d4410
50,589,070d4420
50,589,070d4440
50,589,070d4480
50,589,070d4500
50,589,070d4600
50,589,070d4c00
50,589,070d5400
50,589,070d6001
50,589,070d6004
50,589,070d6020
50,589,070d6100
50,589,070d6400
50,589,070dc080
50,589,070dc400
50,589,070de000
50,589,070e4003
50,589,070e4006
50,589,070e4022
50,589,070e4081
50,589,070e4084
50,589,070e40a0
50,589,070e4102
50,589,070e4180
50,589,070e4401
50,589,070e4402
50,589,070e4404
50,589,070e4408
50,589,070e4410
50,589,070e4420
50,589,070e4440
50,589,070e4480
50,589,070e4500
50,589,070e4600
50,589,070e4c00
50,589,070e5001
50,589,070e5004
50,589,070e5020
50,589,070e5100
50,589,070e5400
50,589,070e6001
50,589,070e6004
50,589,070e6020
50,589,070e6100
50,589,070e6400
50,589,070ec002
50,589,070ec080
50,589,070ec400
50,589,070ed000
50,589,070ee000
50,589,070f4400
50,589,07106045
50,589,07106403
50,589,07106405
50,589,07107041
50,589,07107201
50,589,07107401
50,589,0710f001
50,589,07117001
50,589,07124405
50,589,07143401
50,589,07144c02
50,589,07186011
50,589,07186041
50,589,07186044
50,589,07186101
50,589,07186108
50,589,07186401
50,589,07186404
50,589,07187001
50,589,0718e001
50,589,0718e002
50,589,0718e004
50,589,0718e008
50,589,0718e010
50,589,071a4011
50,589,071a4041
50,589,071a4044
50,589,071a4060
50,589,071a4101
50,589,071a4108
50,589,071a4140
50,589,071a4401
50,589,071a4404
50,589,071a4420
50,589,071a4500
50,589,071a4900
50,589,071a5001
50,589,071ac001
50,589,071ac002
50,589,071ac004
50,589,071ac008
50,589,071ac010
50,589,071ac020
50,589,071ac040
50,589,071ac080
50,589,071ac100
50,589,071ac200
50,589,071ac400
50,589,071ac800
50,589,071ad000
50,589,071ae000
50,589,071bc000
50,589,071c1042
50,589,071c1044
50,589,071c1204
50,589,071c1404
50,589,071c4003
50,589,071c4005
50,589,071c4006
50,589,071c4009
50,589,071c400a
50,589,071c400c
50,589,071c4011
50,589,071c4012
50,589,071c4014
50,589,071c4018
50,589,071c4021
50,589,071c4022
50,589,071c4024
50,589,071c4028
50,589,071c4030
50,589,071c4041
50,589,071c4042
50,589,071c4044
50,589,071c4048
50,589,071c4050
50,589,071c4060
50,589,071c4081
50,589,071c4082
50,589,071c4084
50,589,071c4088
50,589,071c4090
50,589,071c40a0
50,589,071c40c0
50,589,071c4101
50,589,071c4102
50,589,071c4104
50,589,071c4108
50,589,071c4110
50,589,071c4120
50,589,071c4140
50,589,071c4180
50,589,071c4201
50,589,071c4202
50,589,071c4204
50,589,071c4208
50,589,071c4210
50,589,071c4220
50,589,071c4240
50,589,071c4280
50,589,071c4300
50,589,071c4401
50,589,071c4402
50,589,071c4404
50,589,071c4408
50,589,071c4410
50,589,071c4420
50,589,071c4440
50,589,071c4480
50,589,071c4500
50,589,071c4600
50,589,071c4801
50,589,071c4802
50,589,071c4804
50,589,071c4808
50,589,071c4810
50,589,071c4820
50,589,071c4840
50,589,071c4880
50,589,071c4900
50,589,071c4a00
50,589,071c4c00
50,589,071c5001
50,589,071c5002
50,589,071c5004
50,589,071c5008
50,589,071c5010
50,589,071c5020
50,589,071c5040
50,589,071c5080
50,589,071c5100
50,589,071c5200
50,589,071c5400
50,589,071c5800
50,589,071c6001
50,589,071c6002
50,589,071c6004
50,589,071c6008
50,589,071c6010
50,589,071c6020
50,589,071c6040
50,589,071c6080
50,589,071c6100
50,589,071c6200
50,589,071c6400
50,589,071c6800
50,589,071c7000
50,589,071cc001
50,589,071cc002
50,589,071cc004
50,589,071cc008
50,589,071cc010
50,589,071cc020
50,589,071cc040
50,589,071cc080
50,589,071cc100
50,589,071cc200
50,589,071cc400
50,589,071cc800
50,589,071cd000
50,589,071ce000
50,589,071d4001
50,589,071d4002
50,589,071d4004
50,589,071d4008
50,589,071d4010
50,589,071d4020
50,589,071d4040
50,589,071d4080
50,589,071d4100
50,589,071d4200
50,589,071d4400
50,589,071d4800
50,589,071d5000
50,589,071d6000
50,589,071dc000
50,589,071e1004
50,589,071e4001
50,589,071e4002
50,589,071e4004
50,589,071e4008
50,589,071e4010
50,589,071e4020
50,589,071e4040
50,589,071e4080
50,589,071e4100
50,589,071e4200
50,589,071e4400
50,589,071e4800
50,589,071e5000
50,589,071e6000
50,589,071ec000
50,589,071f4000
50,589,07284091
50,589,072840c1
50,589,072840c4
50,589,07284181
50,589,07284188
50,589,07284403
50,589,07284405
50,589,07284409
50,589,07284411
50,589,07284421
50,589,07284441
50,589,07284481
50,589,07284484
50,589,07284501
50,589,07284601
50,589,07284604
50,589,07284c01
50,589,07284c04
50,589,07285081
50,589,07285401
50,589,07286011
50,589,07286041
50,589,07286101
50,589,07286401
50,589,07287001
50,589,0728c081
50,589,0728c084
50,589,0728c088
50,589,0728c401
50,589,0728e001
50,589,07294401
50,589,07294404
50,589,072a4401
50,589,072a5001
50,589,072c4081
50,589,072c4084
50,589,072c40a0
50,589,072c4180
50,589,072c4401
50,589,072c4402
50,589,072c4404
50,589,072c4408
50,589,072c4410
50,589,072c4420
50,589,072c4440
50,589,072c4480
50,589,072c4500
50,589,072c4600
50,589,072c4c00
50,589,072c5400
50,589,072c6001
50,589,072c6004
50,589,072c6020
50,589,072c6100
50,589,072c6400
50,589,072cc080
50,589,072cc400
50,589,072ce000
50,589,072d4400
50,589,072e4400
50,589,07306041
50,589,07306401
50,589,0730e001
50,589,07342401
50,589,07384011
50,589,07384041
50,589,07384044
50,589,07384101
50,589,07384108
50,589,07384401
50,589,07384404
50,589,07385001
50,589,0738c001
50,589,0738c002
50,589,0738c004
50,589,0738c008
50,589,0738c010
50,589,073ac000
50,589,073c4001
50,589,073c4002
50,589,073c4004
50,589,073c4008
50,589,073c4010
50,589,073c4020
50,589,073c4040
50,589,073c4080
50,589,073c4100
50,589,073c4200
50,589,073c4400
50,589,073c4800
50,589,073c5000
50,589,073c6000
50,589,073cc000
50,589,073d4000
50,589,073e4000
50,589,07484007
50,589,0748400b
50,589,0748400e
50,589,07484013
50,589,07484016
50,589,07484023
50,589,07484026
50,589,0748402a
50,589,07484043
50,589,07484046
50,589,07484083
50,589,07484085
50,589,07484086
50,589,07484089
50,589,0748408c
50,589,07484091
50,589,07484094
50,589,074840a1
50,589,074840a4
50,589,074840a8
50,589,074840c1
50,589,074840c4
50,589,07484103
50,589,07484106
50,589,0748410a
50,589,07484181
50,589,07484184
50,589,07484188
50,589,07484203
50,589,07484206
50,589,07484281
50,589,07484284
50,589,07484403
50,589,07484405
50,589,07484406
50,589,07484409
50,589,0748440a
50,589,0748440c
50,589,07484411
50,589,07484412
50,589,07484414
50,589,07484418
50,589,07484421
50,589,07484422
50,589,07484424
50,589,07484428
50,589,07484430
50,589,07484441
50,589,07484442
50,589,07484444
50,589,07484448
50,589,07484450
50,589,07484481
50,589,07484482
50,589,07484484
50,589,07484488
50,589,07484490
50,589,07484501
50,589,07484502
50,589,07484504
50,589,07484508
50,589,07484510
50,589,07484601
50,589,07484602
50,589,07484604
50,589,07484608
50,589,07484610
50,589,07484803
50,589,07484806
50,589,07484881
50,589,07484884
50,589,07484c01
50,589,07484c02
50,589,07484c04
50,589,07484c08
50,589,07484c10
50,589,07485003
50,589,07485005
50,589,07485006
50,589,07485009
50,589,0748500c
50,589,07485011
50,589,07485014
50,589,07485021
50,589,07485024
50,589,07485028
50,589,07485041
50,589,07485044
50,589,07485081
50,589,07485084
50,589,07485101
50,589,07485104
50,589,07485108
50,589,07485201
50,589,07485204
50,589,07485401
50,589,07485402
50,589,07485404
50,589,07485408
50,589,07485410
50,589,07485801
50,589,07485804
50,589,07486003
50,589,07486005
50,589,07486006
50,589,07486009
50,589,0748600c
50,589,07486011
50,589,07486014
50,589,07486021
50,589,07486022
50,589,07486024
50,589,07486028
50,589,07486030
50,589,07486041
50,589,07486044
50,589,07486081
50,589,07486084
50,589,07486101
50,589,07486102
50,589,07486104
50,589,07486108
50,589,07486110
50,589,07486201
50,589,07486204
50,589,07486401
50,589,07486402
50,589,07486404
50,589,07486408
50,589,07486410
50,589,07486801
50,589,07486804
50,589,07487001
50,589,07487004
50,589,0748c003
50,589,0748c006
50,589,0748c00a
50,589,0748c081
50,589,0748c084
50,589,0748c088
50,589,0748c401
50,589,0748c402
50,589,0748c404
50,589,0748c408
50,589,0748c410
50,589,0748d001
50,589,0748d004
50,589,0748d008
50,589,0748e001
50,589,0748e002
50,589,0748e004
50,589,0748e008
50,589,0748e010
50,589,07494003
50,589,07494006
50,589,07494081
50,589,07494084
50,589,07494401
50,589,07494402
50,589,07494404
50,589,07494408
50,589,07494410
50,589,07495001
50,589,07495004
50,589,07496001
50,589,07496004
50,589,074a4003
50,589,074a4006
50,589,074a4081
50,589,074a4084
50,589,074a4401
50,589,074a4402
50,589,074a4404
50,589,074a4408
50,589,074a4410
50,589,074a4420
50,589,074a4440
50,589,074a4480
50,589,074a4500
50,589,074a4600
50,589,074a4c00
50,589,074a5001
50,589,074a5004
50,589,074a5400
50,589,074a6001
50,589,074a6004
50,589,074a6020
50,589,074a6100
50,589,074a6400
50,589,074ac400
50,589,074ae000
50,589,074b4400
50,589,074c4003
50,589,074c4006
50,589,074c4022
50,589,074c4081
50,589,074c4084
50,589,074c40a0
50,589,074c4102
50,589,074c4180
50,589,074c4401
50,589,074c4402
50,589,074c4404
50,589,074c4408
50,589,074c4410
50,589,074c4420
50,589,074c4440
50,589,074c4480
50,589,074c4500
50,589,074c4600
50,589,074c4c00
50,589,074c5001
50,589,074c5004
50,589,074c5020
50,589,074c5100
50,589,074c5400
50,589,074c6001
50,589,074c6004
50,589,074c6020
50,589,074c6100
50,589,074c6400
50,589,074cc002
50,589,074cc080
50,589,074cc400
50,589,074cd000
50,589,074ce000
50,589,074d4400
50,589,074e4400
50,589,07584003
50,589,07584005
50,589,07584006
50,589,07584009
50,589,0758400a
50,589,0758400c
50,589,07584011
50,589,07584012
50,589,07584014
50,589,07584018
50,589,07584021
50,589,07584022
50,589,07584024
50,589,07584028
50,589,07584030
50,589,07584041
50,589,07584042
50,589,07584044
50,589,07584048
50,589,07584050
50,589,07584081
50,589,07584082
50,589,07584084
50,589,07584088
50,589,07584090
50,589,07584101
50,589,07584102
50,589,07584104
50,589,07584108
50,589,07584110
50,589,07584201
50,589,07584202
50,589,07584204
50,589,07584208
50,589,07584210
50,589,07584401
50,589,07584402
50,589,07584404
50,589,07584408
50,589,07584410
50,589,07584801
50,589,07584802
50,589,07584804
50,589,07584808
50,589,07584810
50,589,07585001
50,589,07585002
50,589,07585004
50,589,07585008
50,589,07585010
50,589,07586001
50,589,07586002
50,589,07586004
50,589,07586008
50,589,07586010
50,589,0758c001
50,589,0758c002
50,589,0758c004
50,589,0758c008
50,589,0758c010
50,589,07594001
50,589,07594002
50,589,07594004
50,589,07594008
50,589,07594010
50,589,075a4001
50,589,075a4002
50,589,075a4004
50,589,075a4008
50,589,075a4010
50,589,075a4020
50,589,075a4040
50,589,075a4080
50,589,075a4100
50,589,075a4200
50,589,075a4400
50,589,075a4800
50,589,075a5000
50,589,075a6000
50,589,075ac000
50,589,075b4000
50,589,075c4001
50,589,075c4002
50,589,075c4004
50,589,075c4008
50,589,075c4010
50,589,075c4020
50,589,075c4040
50,589,075c4080
50,589,075c4100
50,589,075c4200
50,589,075c4400
50,589,075c4800
50,589,075c5000
50,589,075c6000
50,589,075cc000
50,589,075d4000
50,589,075e4000
50,589,07684003
50,589,07684006
50,589,07684081
50,589,07684084
50,589,07684401
50,589,07684402
50,589,07684404
50,589,07684408
50,589,07684410
50,589,07685001
50,589,07685004
50,589,07686001
50,589,07686004
50,589,076a4400
50,589,076c4400
50,589,07784001
50,589,07784002
50,589,07784004
50,589,07784008
50,589,07784010
50,589,077a4000
50,589,077c4000
50,589,07886003
50,589,07886005
50,589,07886009
50,589,07886011
50,589,07886021
50,589,07886041
50,589,07886081
50,589,07886088
50,589,07886101
50,589,07886201
50,589,07886208
50,589,07886401
50,589,07886801
50,589,07886802
50,589,07886804
50,589,07886808
50,589,07886810
50,589,07887001
50,589,0788e001
50,589,07896001
50,589,07896008
50,589,078a4003
50,589,078a4005
50,589,078a4009
50,589,078a4011
50,589,078a4021
50,589,078a4041
50,589,078a4081
50,589,078a4088
50,589,078a4101
50,589,078a4201
50,589,078a4208
50,589,078a4401
50,589,078a4480
50,589,078a4600
50,589,078a4801
50,589,078a4804
50,589,078a4808
50,589,078a4c00
50,589,078a5001
50,589,078a6001
50,589,078a6800
50,589,078ac001
50,589,078b4001
50,589,078b4008
50,589,078b4400
50,589,078c100c
50,589,078c1028
50,589,078c1108
50,589,078c1204
50,589,078c1220
50,589,078c1300
50,589,078c4003
50,589,078c4005
50,589,078c4006
50,589,078c4009
50,589,078c400a
50,589,078c400c
50,589,078c4011
50,589,078c4012
50,589,078c4014
50,589,078c4018
50,589,078c4021
50,589,078c4022
50,589,078c4024
50,589,078c4028
50,589,078c4030
50,589,078c4041
50,589,078c4042
50,589,078c4044
50,589,078c4048
50,589,078c4050
50,589,078c4060
50,589,078c4081
50,589,078c4082
50,589,078c4084
50,589,078c4088
50,589,078c4090
50,589,078c40a0
50,589,078c40c0
50,589,078c4101
50,589,078c4102
50,589,078c4104
50,589,078c4108
50,589,078c4110
50,589,078c4120
50,589,078c4140
50,589,078c4180
50,589,078c4201
50,589,078c4202
50,589,078c4204
50,589,078c4208
50,589,078c4210
50,589,078c4220
50,589,078c4240
50,589,078c4280
50,589,078c4300
50,589,078c4401
50,589,078c4402
50,589,078c4404
50,589,078c4408
50,589,078c4410
50,589,078c4420
50,589,078c4440
50,589,078c4480
50,589,078c4500
50,589,078c4600
50,589,078c4801
50,589,078c4802
50,589,078c4804
50,589,078c4808
50,589,078c4810
50,589,078c4820
50,589,078c4840
50,589,078c4880
50,589,078c4900
50,589,078c4a00
50,589,078c4c00
50,589,078c5001
50,589,078c5002
50,589,078c5004
50,589,078c5008
50,589,078c5010
50,589,078c5020
50,589,078c5040
50,589,078c5080
50,589,078c5100
50,589,078c5200
50,589,078c5400
50,589,078c5800
50,589,078c6001
50,589,078c6002
50,589,078c6004
50,589,078c6008
50,589,078c6010
50,589,078c6020
50,589,078c6040
50,589,078c6080
50,589,078c6100
50,589,078c6200
50,589,078c6400
50,589,078c6800
50,589,078c7000
50,589,078c9001
50,589,078c9008
50,589,078c9200
50,589,078c9400
50,589,078cc001
50,589,078cc002
50,589,078cc004
50,589,078cc008
50,589,078cc010
50,589,078cc020
50,589,078cc040
50,589,078cc080
50,589,078cc100
50,589,078cc200
50,589,078cc400
50,589,078cc800
50,589,078cd000
50,589,078ce000
50,589,078d4001
50,589,078d4002
50,589,078d4004
50,589,078d4008
50,589,078d4010
50,589,078d4020
50,589,078d4040
50,589,078d4080
50,589,078d4100
50,589,078d4200
50,589,078d4400
50,589,078d4800
50,589,078d5000
50,589,078d6000
50,589,078dc000
50,589,078e4001
50,589,078e4002
50,589,078e4004
50,589,078e4008
50,589,078e4010
50,589,078e4020
50,589,078e4040
50,589,078e4080
50,589,078e4100
50,589,078e4200
50,589,078e4400
50,589,078e4800
50,589,078e5000
50,589,078e6000
50,589,078e9000
50,589,078ec000
50,589,078f4000
50,589,07907001
50,589,07986001
50,589,07986008
50,589,0798a002
50,589,079a4001
50,589,079a4008
50,589,079a4040
50,589,079a4400
50,589,079a4800
50,589,079ac000
50,589,079c000a
50,589,079c000c
50,589,079c0088
50,589,079c0208
50,589,079c1001
50,589,079c1002
50,589,079c1004
50,589,079c1008
50,589,079c1010
50,589,079c1020
50,589,079c1040
50,589,079c1080
50,589,079c1100
50,589,079c1200
50,589,079c1400
50,589,079c1800
50,589,079c2008
50,589,079c2400
50,589,079c3000
50,589,079c4001
50,589,079c4002
50,589,079c4004
50,589,079c4008
50,589,079c4010
50,589,079c4020
50,589,079c4040
50,589,079c4080
50,589,079c4100
50,589,079c4200
50,589,079c4400
50,589,079c4800
50,589,079c5000
50,589,079c6000
50,589,079c9000
50,589,079ca000
50,589,079cc000
50,589,079d1000
50,589,079d4000
50,589,079e1000
50,589,079e4000
50,589,07a84003
50,589,07a84005
50,589,07a84009
50,589,07a84011
50,589,07a84021
50,589,07a84041
50,589,07a84081
50,589,07a84088
50,589,07a84101
50,589,07a84201
50,589,07a84208
50,589,07a84401
50,589,07a84801
50,589,07a84804
50,589,07a84808
50,589,07a85001
50,589,07a86001
50,589,07a8c001
50,589,07a94001
50,589,07a94008
50,589,07aa4001
50,589,07ac4001
50,589,07ac4002
50,589,07ac4004
50,589,07ac4008
50,589,07ac4010
50,589,07ac4020
50,589,07ac4040
50,589,07ac4080
50,589,07ac4100
50,589,07ac4200
50,589,07ac4400
50,589,07ac4800
50,589,07ac5000
50,589,07ac6000
50,589,07acc000
50,589,07ad4000
50,589,07ae4000
50,589,07b06001
50,589,07b84001
50,589,07b84008
50,589,07bc0008
50,589,07bc1000
50,589,07bc4000
50,589,07c84003
50,589,07c84005
50,589,07c84006
50,589,07c84009
50,589,07c8400a
50,589,07c8400c
50,589,07c84011
50,589,07c84014
50,589,07c84018
50,589,07c84021
50,589,07c84024
50,589,07c84028
50,589,07c84041
50,589,07c84044
50,589,07c84048
50,589,07c84081
50,589,07c84084
50,589,07c84088
50,589,07c84101
50,589,07c84104
50,589,07c84108
50,589,07c84201
50,589,07c84204
50,589,07c84208
50,589,07c84401
50,589,07c84402
50,589,07c84404
50,589,07c84408
50,589,07c84410
50,589,07c84801
50,589,07c84804
50,589,07c84808
50,589,07c85001
50,589,07c85004
50,589,07c85008
50,589,07c86001
50,589,07c86002
50,589,07c86004
50,589,07c86008
50,589,07c86010
50,589,07c8c001
50,589,07c8c004
50,589,07c8c008
50,589,07c94001
50,589,07c94004
50,589,07c94008
50,589,07ca4001
50,589,07ca4004
50,589,07ca4008
50,589,07ca4400
50,589,07ca6000
50,589,07cc4001
50,589,07cc4002
50,589,07cc4004
50,589,07cc4008
50,589,07cc4010
50,589,07cc4020
50,589,07cc4040
50,589,07cc4080
50,589,07cc4100
50,589,07cc4200
50,589,07cc4400
50,589,07cc4800
50,589,07cc5000
50,589,07cc6000
50,589,07cc9000
50,589,07ccc000
50,589,07cd4000
50,589,07ce4000
50,589,07d84001
50,589,07d84002
50,589,07d84004
50,589,07d84008
50,589,07d84010
50,589,07da4000
50,589,07dc0002
50,589,07dc0004
50,589,07dc0080
50,589,07dc0200
50,589,07dc1000
50,589,07dc2000
50,589,07dc4000
50,589,07e84001
50,589,07e84004
50,589,07e84008
50,589,07ec4000
50,589,07fc0000
50,589,0819e401
50,589,083c6402
50,589,09084c07
50,589,09084c45
50,589,09085c05
50,589,09086c05
50,589,0908c48a
50,589,09096405
50,589,0909640c
50,589,0909e401
50,589,090c6c01
50,589,090cc40a
50,589,090cd00a
50,589,090d5404
50,589,090d5420
50,589,090d5500
50,589,090d6401
50,589,090dd001
50,589,090dd002
50,589,090dd400
50,589,09107405
50,589,09144407
50,589,0914440e
50,589,09144423
50,589,0914442a
50,589,09144503
50,589,0914450a
50,589,09144606
50,589,09145405
50,589,0914540c
50,589,09145604
50,589,09146403
50,589,0914640a
50,589,09146602
50,589,09147401
50,589,09147402
50,589,09147404
50,589,0914c403
50,589,0914c405
50,589,0914c40a
50,589,0914c40c
50,589,0914c411
50,589,0914c418
50,589,0914c604
50,589,0914f008
50,589,09155404
50,589,09164406
50,589,09165404
50,589,09166402
50,589,09184407
50,589,0918440d
50,589,0918440e
50,589,09184415
50,589,09184423
50,589,09184425
50,589,09184429
50,589,0918442a
50,589,09184431
50,589,09184445
50,589,09184461
50,589,09184485
50,589,091844a1
50,589,09184503
50,589,09184505
50,589,0918450a
50,589,09184511
50,589,09184521
50,589,09184605
50,589,0918460c
50,589,09184621
50,589,09184628
50,589,09184701
50,589,09184708
50,589,09184c05
50,589,09184c21
50,589,09185405
50,589,09185421
50,589,09185604
50,589,09185620
50,589,09186405
50,589,09186421
50,589,0918c403
50,589,0918c405
50,589,0918c40a
50,589,0918c411
50,589,0918c421
50,589,0918c601
50,589,0918c602
50,589,0918c604
50,589,0918c608
50,589,0918c610
50,589,0918c620
50,589,09194405
50,589,0919440c
50,589,09194421
50,589,09194428
50,589,09194501
50,589,09194508
50,589,09194604
50,589,09194620
50,589,09195404
50,589,09195420
50,589,0919c401
50,589,0919c408
50,589,091a4405
50,589,091a4421
50,589,091ac402
50,589,091b4404
50,589,091b4420
50,589,091c408c
50,589,091c4405
50,589,091c440c
50,589,091c4421
50,589,091c4428
50,589,091c4501
50,589,091c4508
50,589,091c4604
50,589,091c4620
50,589,091c4700
50,589,091c6108
50,589,091c6401
50,589,091cc00c
50,589,091cc208
50,589,091cc401
50,589,091cc408
50,589,091cc600
50,589,091cd008
50,589,091ce008
50,589,091dd000
50,589,091e4404
50,589,091e4420
50,589,091e4500
50,589,091ec400
50,589,09284c05
50,589,092cc600
50,589,092d4404
50,589,092d4420
50,589,092d4500
50,589,092dc400
50,589,092dd000
50,589,09344405
50,589,0934440c
50,589,09344604
50,589,09346401
50,589,09346402
50,589,09354404
50,589,09384405
50,589,0938440c
50,589,09384421
50,589,09384428
50,589,09394404
50,589,09394420
50,589,093cc008
50,589,093dc000
50,589,09544403
50,589,0954440a
50,589,09545401
50,589,09545408
50,589,09584405
50,589,0958440a
50,589,09584421
50,589,09584608
50,589,09594408
50,589,095c4401
50,589,095c4408
50,589,095c6008
50,589,09744401
50,589,09744408
50,589,098dd000
50,589,09944403
50,589,09944405
50,589,0994440a
50,589,0994440c
50,589,09944411
50,589,09944481
50,589,09944604
50,589,09984403
50,589,09984405
50,589,0998440a
50,589,09984411
50,589,09984421
50,589,09984601
50,589,09984608
50,589,09994401
50,589,099c4401
50,589,09d44401
50,589,09d44408
50,589,0a1c5401
50,589,0a1c5408
50,589,0a1c7400
50,589,0a1e5400
50,589,0a3c5008
50,589,0a3d6000
50,589,0a5c4401
50,589,0a5c5008
50,589,0b084c05
50,589,0b085604
50,589,0b08c405
50,589,0b08c604
50,589,0b08c680
50,589,0b08e600
50,589,0b094405
50,589,0b09440c
50,589,0b094481
50,589,0b094604
50,589,0b095044
50,589,0b095404
50,589,0b095804
50,589,0b096401
50,589,0b09d004
50,589,0b09f000
50,589,0b0b4404
50,589,0b0c4c01
50,589,0b0c4c08
50,589,0b0c4e00
50,589,0b0c5600
50,589,0b0cc401
50,589,0b0cc408
50,589,0b0cc600
50,589,0b0cd008
50,589,0b0cd200
50,589,0b0d4401
50,589,0b0d4408
50,589,0b0d4600
50,589,0b0d5400
50,589,0b0dd000
50,589,0b0e4c00
50,589,0b0ec400
50,589,0b0f4400
50,589,0b144403
50,589,0b144405
50,589,0b14440a
50,589,0b14440c
50,589,0b144411
50,589,0b144418
50,589,0b144604
50,589,0b184403
50,589,0b184405
50,589,0b184411
50,589,0b184421
50,589,0b184601
50,589,0b18c208
50,589,0b18c600
50,589,0b194011
50,589,0b194041
50,589,0b194101
50,589,0b194108
50,589,0b194401
50,589,0b195001
50,589,0b19c001
50,589,0b19c008
50,589,0b19d000
50,589,0b1c4003
50,589,0b1c4005
50,589,0b1c4009
50,589,0b1c400a
50,589,0b1c400c
50,589,0b1c4011
50,589,0b1c4018
50,589,0b1c4021
50,589,0b1c4028
50,589,0b1c4041
50,589,0b1c4048
50,589,0b1c4081
50,589,0b1c4088
50,589,0b1c4101
50,589,0b1c4108
50,589,0b1c4201
50,589,0b1c4202
50,589,0b1c4204
50,589,0b1c4208
50,589,0b1c4210
50,589,0b1c4220
50,589,0b1c4240
50,589,0b1c4280
50,589,0b1c4300
50,589,0b1c4401
50,589,0b1c4408
50,589,0b1c4600
50,589,0b1c4801
50,589,0b1c4808
50,589,0b1c4a00
50,589,0b1c5001
50,589,0b1c5008
50,589,0b1c5200
50,589,0b1c6001
50,589,0b1c6008
50,589,0b1c6200
50,589,0b1c7000
50,589,0b1cc001
50,589,0b1cc008
50,589,0b1cc200
50,589,0b1d4001
50,589,0b1d4008
50,589,0b1d4200
50,589,0b1d5000
50,589,0b1e4001
50,589,0b1e4002
50,589,0b1e4004
50,589,0b1e4008
50,589,0b1e4010
50,589,0b1e4020
50,589,0b1e4040
50,589,0b1e4080
50,589,0b1e4100
50,589,0b1e4200
50,589,0b1e4400
50,589,0b1e4800
50,589,0b1e5000
50,589,0b1e6000
50,589,0b1ec000
50,589,0b1f4000
50,589,0b294404
50,589,0b2d4400
50,589,0b3c4001
50,589,0b3c4008
50,589,0b3c4200
50,589,0b3c6000
50,589,0b3d4000
50,589,0b3e4000
50,589,0b4c4600
50,589,0b594001
50,589,0b594008
50,589,0b595000
50,589,0b5c4001
50,589,0b5c4008
50,589,0b5c4200
50,589,0b5e4000
50,589,0b89400c
50,589,0b894088
50,589,0b896008
50,589,0b8c5200
50,589,0b8d4008
50,589,0b8d5000
50,589,0b994001
50,589,0b994008
50,589,0b9c1200
50,589,0b9c3000
50,589,0b9c4001
50,589,0b9c4008
50,589,0b9c4200
50,589,0b9d1000
50,589,0b9e1000
50,589,0b9e4000
50,589,0c18e404
50,589,0c18e408
50,589,0d044407
50,589,0d044423
50,589,0d044503
50,589,0d04d402
50,589,0d084407
50,589,0d08440d
50,589,0d084415
50,589,0d084425
50,589,0d084445
50,589,0d084461
50,589,0d084485
50,589,0d084505
50,589,0d084541
50,589,0d084605
50,589,0d084c05
50,589,0d085405
50,589,0d085421
50,589,0d085501
50,589,0d086405
50,589,0d086c04
50,589,0d087101
50,589,0d08c403
50,589,0d08c405
50,589,0d08c409
50,589,0d08c411
50,589,0d08c421
50,589,0d08c441
50,589,0d08c481
50,589,0d08c482
50,589,0d08c484
50,589,0d08c501
50,589,0d08c601
50,589,0d08c602
50,589,0d08c604
50,589,0d08cc01
50,589,0d08cc02
50,589,0d08cc04
50,589,0d08d009
50,589,0d08d401
50,589,0d08e401
50,589,0d08f001
50,589,0d094405
50,589,0d09c401
50,589,0d09c402
50,589,0d09c404
50,589,0d0a4405
50,589,0d0ac401
50,589,0d0c4405
50,589,0d0c4406
50,589,0d0c440c
50,589,0d0c4414
50,589,0d0c4421
50,589,0d0c4422
50,589,0d0c4424
50,589,0d0c4428
50,589,0d0c4430
50,589,0d0c4444
50,589,0d0c4460
50,589,0d0c4484
50,589,0d0c44a0
50,589,0d0c4501
50,589,0d0c4502
50,589,0d0c4504
50,589,0d0c4508
50,589,0d0c4510
50,589,0d0c4520
50,589,0d0c4540
50,589,0d0c4580
50,589,0d0c4604
50,589,0d0c4620
50,589,0d0c4700
50,589,0d0c4c04
50,589,0d0c4c20
50,589,0d0c4d00
50,589,0d0c5404
50,589,0d0c5420
50,589,0d0c5500
50,589,0d0c6401
50,589,0d0c6402
50,589,0d0c6404
50,589,0d0c6420
50,589,0d0c6500
50,589,0d0cc401
50,589,0d0cc402
50,589,0d0cc404
50,589,0d0cc408
50,589,0d0cc410
50,589,0d0cc420
50,589,0d0cc440
50,589,0d0cc480
50,589,0d0cc500
50,589,0d0cc600
50,589,0d0ccc00
50,589,0d0cd001
50,589,0d0cd400
50,589,0d0ce400
50,589,0d0d4404
50,589,0d0d4420
50,589,0d0d4500
50,589,0d0dc400
50,589,0d0e4404
50,589,0d0e4420
50,589,0d0e4500
50,589,0d0ec400
50,589,0d10f001
50,589,0d144406
50,589,0d144422
50,589,0d144502
50,589,0d145404
50,589,0d146402
50,589,0d14c402
50,589,0d184405
50,589,0d184406
50,589,0d18440c
50,589,0d184414
50,589,0d184421
50,589,0d184422
50,589,0d184424
50,589,0d184428
50,589,0d184430
50,589,0d184444
50,589,0d184460
50,589,0d184484
50,589,0d1844a0
50,589,0d184501
50,589,0d184502
50,589,0d184504
50,589,0d184508
50,589,0d184510
50,589,0d184520
50,589,0d184604
50,589,0d184620
50,589,0d184c04
50,589,0d184c20
50,589,0d185404
50,589,0d185420
50,589,0d186404
50,589,0d186420
50,589,0d189402
50,589,0d18c401
50,589,0d18c402
50,589,0d18c404
50,589,0d18c408
50,589,0d18c410
50,589,0d18c420
50,589,0d18d001
50,589,0d18d008
50,589,0d194404
50,589,0d194420
50,589,0d1a4404
50,589,0d1a4420
50,589,0d1c4404
50,589,0d1c4420
50,589,0d1c4500
50,589,0d1cc400
50,589,0d284405
50,589,0d284421
50,589,0d284501
50,589,0d28c401
50,589,0d28e001
50,589,0d2c4084
50,589,0d2c40a0
50,589,0d2c4180
50,589,0d2c4404
50,589,0d2c4420
50,589,0d2c4500
50,589,0d2cc002
50,589,0d2cc080
50,589,0d2cc400
50,589,0d2cd000
50,589,0d2ce000
50,589,0d384404
50,589,0d384420
50,589,0d38c001
50,589,0d38c002
50,589,0d38c004
50,589,0d38c008
50,589,0d38c010
50,589,0d38c020
50,589,0d3cc000
50,589,0d484405
50,589,0d48440c
50,589,0d486404
50,589,0d48c401
50,589,0d48c402
50,589,0d48c404
50,589,0d4a4404
50,589,0d4c4401
50,589,0d4c4402
50,589,0d4c4404
50,589,0d4c4408
50,589,0d4c4410
50,589,0d4c4420
50,589,0d4c4500
50,589,0d4c5001
50,589,0d4cc400
50,589,0d544402
50,589,0d584404
50,589,0d584408
50,589,0d584420
50,589,0d884405
50,589,0d884441
50,589,0d885401
50,589,0d88c401
50,589,0d88d001
50,589,0d8c4401
50,589,0d8c4402
50,589,0d8c4404
50,589,0d8c4420
50,589,0d8c4500
50,589,0d8cc400
50,589,0d944402
50,589,0d981401
50,589,0d981402
50,589,0d984401
50,589,0d984402
50,589,0d984404
50,589,0d984420
50,589,0d989008
50,589,0da84401
50,589,0da8c001
50,589,0dacc000
50,589,0e186404
50,589,0e186420
50,589,0e1c5400
50,589,0e3c6000
50,589,0e4c4401
50,589,0e4c5400
50,589,0e5c4400
50,589,0e784400
50,589,0f084013
50,589,0f084043
50,589,0f084091
50,589,0f0840c1
50,589,0f0840c4
50,589,0f084103
50,589,0f084181
50,589,0f084188
50,589,0f084403
50,589,0f084405
50,589,0f084409
50,589,0f084411
50,589,0f084421
50,589,0f084441
50,589,0f084481
50,589,0f084484
50,589,0f0844a0
50,589,0f084501
50,589,0f084580
50,589,0f084601
50,589,0f084604
50,589,0f084620
50,589,0f084700
50,589,0f084c01
50,589,0f084c04
50,589,0f084c20
50,589,0f084d00
50,589,0f085003
50,589,0f085005
50,589,0f085009
50,589,0f085011
50,589,0f085021
50,589,0f085041
50,589,0f085081
50,589,0f085101
50,589,0f085201
50,589,0f085401
50,589,0f085801
50,589,0f085804
50,589,0f086011
50,589,0f086041
50,589,0f086101
50,589,0f086401
50,589,0f086900
50,589,0f087001
50,589,0f08c003
50,589,0f08c081
50,589,0f08c084
50,589,0f08c088
50,589,0f08c401
50,589,0f08c480
50,589,0f08c600
50,589,0f08cc00
50,589,0f08d001
50,589,0f08e001
50,589,0f08e080
50,589,0f08e200
50,589,0f08e800
50,589,0f094401
50,589,0f094404
50,589,0f094420
50,589,0f094500
50,589,0f095001
50,589,0f09c400
50,589,0f09e000
50,589,0f0a4401
50,589,0f0a5001
50,589,0f0c4003
50,589,0f0c4006
50,589,0f0c4022
50,589,0f0c4081
50,589,0f0c4084
50,589,0f0c40a0
50,589,0f0c4102
50,589,0f0c4180
50,589,0f0c4401
50,589,0f0c4402
50,589,0f0c4404
50,589,0f0c4408
50,589,0f0c4410
50,589,0f0c4420
50,589,0f0c4440
50,589,0f0c4480
50,589,0f0c4500
50,589,0f0c4600
50,589,0f0c4c00
50,589,0f0c5001
50,589,0f0c5004
50,589,0f0c5020
50,589,0f0c5100
50,589,0f0c5400
50,589,0f0c6001
50,589,0f0c6004
50,589,0f0c6020
50,589,0f0c6100
50,589,0f0c6400
50,589,0f0cc002
50,589,0f0cc080
50,589,0f0cc400
50,589,0f0cd000
50,589,0f0ce000
50,589,0f0d4400
50,589,0f0e4400
50,589,0f144402
50,589,0f184011
50,589,0f184041
50,589,0f184044
50,589,0f184060
50,589,0f184101
50,589,0f184108
50,589,0f184140
50,589,0f184401
50,589,0f184404
50,589,0f184420
50,589,0f184500
50,589,0f184900
50,589,0f185001
50,589,0f18c001
50,589,0f18c002
50,589,0f18c004
50,589,0f18c008
50,589,0f18c010
50,589,0f18c020
50,589,0f18c040
50,589,0f18c080
50,589,0f18c100
50,589,0f18c200
50,589,0f18c400
50,589,0f18c800
50,589,0f18d000
50,589,0f18e000
50,589,0f19c000
50,589,0f1ac000
50,589,0f1c1004
50,589,0f1c4001
50,589,0f1c4002
50,589,0f1c4004
50,589,0f1c4008
50,589,0f1c4010
50,589,0f1c4020
50,589,0f1c4040
50,589,0f1c4080
50,589,0f1c4100
50,589,0f1c4200
50,589,0f1c4400
50,589,0f1c4800
50,589,0f1c5000
50,589,0f1c6000
50,589,0f1cc000
50,589,0f1d4000
50,589,0f1e4000
50,589,0f284401
50,589,0f285001
50,589,0f2c4400
50,589,0f38c000
50,589,0f3c4000
50,589,0f484003
50,589,0f484006
50,589,0f484081
50,589,0f484084
50,589,0f484401
50,589,0f484402
50,589,0f484404
50,589,0f484408
50,589,0f484410
50,589,0f484420
50,589,0f484440
50,589,0f484480
50,589,0f484500
50,589,0f484600
50,589,0f484c00
50,589,0f485001
50,589,0f485004
50,589,0f485400
50,589,0f486001
50,589,0f486004
50,589,0f486020
50,589,0f486100
50,589,0f486400
50,589,0f48c400
50,589,0f48e000
50,589,0f494400
50,589,0f4a4400
50,589,0f4c4400
50,589,0f584001
50,589,0f584002
50,589,0f584004
50,589,0f584008
50,589,0f584010
50,589,0f584020
50,589,0f584040
50,589,0f584080
50,589,0f584100
50,589,0f584200
50,589,0f584400
50,589,0f584800
50,589,0f585000
50,589,0f586000
50,589,0f58c000
50,589,0f594000
50,589,0f5a4000
50,589,0f5c4000
50,589,0f684400
50,589,0f784000
50,589,0f884003
50,589,0f884005
50,589,0f884009
50,589,0f884011
50,589,0f884021
50,589,0f884041
50,589,0f884081
50,589,0f884088
50,589,0f884101
50,589,0f884201
50,589,0f884208
50,589,0f884401
50,589,0f884480
50,589,0f884600
50,589,0f884801
50,589,0f884804
50,589,0f884808
50,589,0f884c00
50,589,0f885001
50,589,0f886001
50,589,0f886800
50,589,0f88c001
50,589,0f894001
50,589,0f894008
50,589,0f894400
50,589,0f8a4001
50,589,0f8c4001
50,589,0f8c4002
50,589,0f8c4004
50,589,0f8c4008
50,589,0f8c4010
50,589,0f8c4020
50,589,0f8c4040
50,589,0f8c4080
50,589,0f8c4100
50,589,0f8c4200
50,589,0f8c4400
50,589,0f8c4800
50,589,0f8c5000
50,589,0f8c6000
50,589,0f8cc000
50,589,0f8d4000
50,589,0f8e4000
50,589,0f984001
50,589,0f984008
50,589,0f984040
50,589,0f984400
50,589,0f984800
50,589,0f98c000
50,589,0f9c1000
50,589,0f9c4000
50,589,0fa84001
50,589,0fac4000
50,589,0fc84001
50,589,0fc84004
50,589,0fc84008
50,589,0fc84400
50,589,0fc86000
50,589,0fcc4000
50,589,0fd84000
50,589,10187441
50,589,10187601
50,589,10187602
50,589,10187604
50,589,10187608
50,589,10187610
50,589,10187620
50,589,1018e601
50,589,10197401
50,589,10197420
50,589,1019e401
50,589,101ce600
50,589,10386403
50,589,10386601
50,589,10387401
50,589,10396401
50,589,10487c01
50,589,1048dc01
50,589,10585481
50,589,10586601
50,589,10586608
50,589,10587401
50,589,1058c40a
50,589,1058d401
50,589,1058d408
50,589,10595401
50,589,10596401
50,589,105c4608
50,589,105c5401
50,589,10786401
50,589,10b86401
50,589,11084c07
50,589,11084c45
50,589,11084c61
50,589,11084d41
50,589,11085588
50,589,11085708
50,589,11085c05
50,589,11085c21
50,589,11085d01
50,589,11085d08
50,589,11086849
50,589,11086c05
50,589,11086c41
50,589,11087608
50,589,11087c01
50,589,11087c02
50,589,11087c04
50,589,11087c20
50,589,11087d00
50,589,1108c40b
50,589,1108c48a
50,589,1108c4c8
50,589,1108c60a
50,589,1108c648
50,589,1108cc03
50,589,1108cc0a
50,589,1108cc41
50,589,1108cc48
50,589,1108ce02
50,589,1108ce40
50,589,1108d089
50,589,1108d08a
50,589,1108d488
50,589,1108d608
50,589,1108dc01
50,589,1108dc08
50,589,1108de00
50,589,1108e488
50,589,1108e608
50,589,1108e809
50,589,1108ec01
50,589,1108ec08
50,589,1108ee00
50,589,1108fc00
50,589,11094548
50,589,11095508
50,589,11096405
50,589,1109640c
50,589,11096441
50,589,11097401
50,589,1109c40a
50,589,1109c448
50,589,1109d408
50,589,1109dc00
50,589,1109e401
50,589,1109e408
50,589,1109e600
50,589,1109f001
50,589,1109f002
50,589,1109f400
50,589,110a5d00
50,589,110ac40a
50,589,110acc02
50,589,110acc40
50,589,110ad00a
50,589,110adc00
50,589,110aec00
50,589,110be400
50,589,110c6c01
50,589,110d5404
50,589,110d5420
50,589,110d5500
50,589,110d6401
50,589,110dd400
50,589,1110624a
50,589,11106407
50,589,1110640b
50,589,11106413
50,589,11106423
50,589,11106443
50,589,11106483
50,589,11106503
50,589,11106603
50,589,1110660a
50,589,11106c03
50,589,11107403
50,589,11107405
50,589,11107409
50,589,11107411
50,589,11107421
50,589,11107441
50,589,11107481
50,589,11107501
50,589,11107601
50,589,11107602
50,589,11107608
50,589,11107610
50,589,11107c01
50,589,1110e20a
50,589,1110e403
50,589,1110e405
50,589,1110e411
50,589,1110e602
50,589,1110e610
50,589,1110f401
50,589,11116403
50,589,11116602
50,589,11117401
50,589,11126403
50,589,11127401
50,589,1112c411
50,589,1112c418
50,589,11146403
50,589,11146602
50,589,11147401
50,589,11183421
50,589,111834a0
50,589,11183501
50,589,11183580
50,589,11183601
50,589,11183602
50,589,11183604
50,589,11183620
50,589,11183700
50,589,11183c20
50,589,11183d00
50,589,11184407
50,589,1118440d
50,589,11184415
50,589,11184423
50,589,11184425
50,589,11184429
50,589,11184431
50,589,11184445
50,589,11184461
50,589,11184485
50,589,1118448c
50,589,111844a1
50,589,111844a8
50,589,11184503
50,589,11184505
50,589,11184509
50,589,11184511
50,589,11184521
50,589,11184541
50,589,11184581
50,589,11184588
50,589,11184605
50,589,1118460c
50,589,11184621
50,589,11184628
50,589,11184701
50,589,11184708
50,589,11184c05
50,589,11184c0c
50,589,11184c21
50,589,11184c28
50,589,11184d01
50,589,11184d08
50,589,11185085
50,589,1118508c
50,589,111850a1
50,589,111850a8
50,589,11185181
50,589,11185188
50,589,11185405
50,589,11185421
50,589,11185501
50,589,11185604
50,589,11185620
50,589,11185700
50,589,11186049
50,589,11186188
50,589,11186248
50,589,11186403
50,589,11186405
50,589,11186409
50,589,11186411
50,589,11186421
50,589,11186441
50,589,11186481
50,589,11186501
50,589,11186601
50,589,11186608
50,589,11186c01
50,589,11187081
50,589,11187401
50,589,1118b401
50,589,1118b480
50,589,1118b600
50,589,1118bc00
50,589,1118c00b
50,589,1118c00d
50,589,1118c019
50,589,1118c029
50,589,1118c049
50,589,1118c089
50,589,1118c08a
50,589,1118c08c
50,589,1118c098
50,589,1118c0a8
50,589,1118c0c8
50,589,1118c109
50,589,1118c188
50,589,1118c209
50,589,1118c20a
50,589,1118c20c
50,589,1118c218
50,589,1118c228
50,589,1118c248
50,589,1118c288
50,589,1118c308
50,589,1118c403
50,589,1118c405
50,589,1118c409
50,589,1118c411
50,589,1118c421
50,589,1118c441
50,589,1118c481
50,589,1118c488
50,589,1118c501
50,589,1118c601
50,589,1118c602
50,589,1118c604
50,589,1118c608
50,589,1118c610
50,589,1118c620
50,589,1118c640
50,589,1118c680
50,589,1118c700
50,589,1118c809
50,589,1118c80a
50,589,1118c80c
50,589,1118c818
50,589,1118c828
50,589,1118c848
50,589,1118c888
50,589,1118c908
50,589,1118ca08
50,589,1118cc01
50,589,1118cc08
50,589,1118ce00
50,589,1118d009
50,589,1118d081
50,589,1118d088
50,589,1118d208
50,589,1118d401
50,589,1118d600
50,589,1118d808
50,589,1118e009
50,589,1118e088
50,589,1118e208
50,589,1118e401
50,589,1118e600
50,589,1118e808
50,589,11193404
50,589,11193420
50,589,11193500
50,589,11194405
50,589,1119440c
50,589,11194421
50,589,11194428
50,589,11194501
50,589,11194508
50,589,11194604
50,589,11194620
50,589,11194700
50,589,11195084
50,589,111950a0
50,589,11195180
50,589,11195404
50,589,11195420
50,589,11195500
50,589,11196401
50,589,1119b400
50,589,1119c009
50,589,1119c00a
50,589,1119c00c
50,589,1119c018
50,589,1119c028
50,589,1119c048
50,589,1119c088
50,589,1119c108
50,589,1119c208
50,589,1119c401
50,589,1119c408
50,589,1119c600
50,589,1119c808
50,589,1119d001
50,589,1119d002
50,589,1119d004
50,589,1119d008
50,589,1119d010
50,589,1119d020
50,589,1119d040
50,589,1119d080
50,589,1119d100
50,589,1119d200
50,589,1119d400
50,589,1119d800
50,589,1119e008
50,589,1119f000
50,589,111a1422
50,589,111a3420
50,589,111a3500
50,589,111a4405
50,589,111a440c
50,589,111a4421
50,589,111a4428
50,589,111a4501
50,589,111a4508
50,589,111a5084
50,589,111a50a0
50,589,111a5108
50,589,111a5180
50,589,111a5404
50,589,111a5420
50,589,111a5500
50,589,111a6108
50,589,111a6401
50,589,111a9402
50,589,111ab400
50,589,111ac009
50,589,111ac00a
50,589,111ac00c
50,589,111ac018
50,589,111ac028
50,589,111ac048
50,589,111ac081
50,589,111ac088
50,589,111ac108
50,589,111ac208
50,589,111ac401
50,589,111ac402
50,589,111ac404
50,589,111ac408
50,589,111ac410
50,589,111ac420
50,589,111ac440
50,589,111ac480
50,589,111ac500
50,589,111ac600
50,589,111ac808
50,589,111acc00
50,589,111ad008
50,589,111ad080
50,589,111ad400
50,589,111ae008
50,589,111ae400
50,589,111b4404
50,589,111b4420
50,589,111b4500
50,589,111b5100
50,589,111bc008
50,589,111bc400
50,589,111bd000
50,589,111c408c
50,589,111c40a8
50,589,111c4109
50,589,111c4188
50,589,111c4405
50,589,111c4421
50,589,111c4501
50,589,111c4604
50,589,111c4620
50,589,111c4700
50,589,111c6401
50,589,111cc009
50,589,111cc088
50,589,111cc208
50,589,111cc401
50,589,111cc600
50,589,111cc808
50,589,111dc008
50,589,111dd000
50,589,111e4404
50,589,111e4420
50,589,111e4500
50,589,111ec008
50,589,111ec400
50,589,11284c05
50,589,11284c21
50,589,11284d01
50,589,11286c01
50,589,1128c488
50,589,1128c608
50,589,1128cc01
50,589,1128cc08
50,589,1128ce00
50,589,1128d088
50,589,1128e081
50,589,1128e208
50,589,1128e480
50,589,1128e600
50,589,1128ec00
50,589,1128f080
50,589,11294508
50,589,11296401
50,589,1129c408
50,589,1129cc00
50,589,1129e001
50,589,1129e008
50,589,1129e400
50,589,1129f000
50,589,112acc00
50,589,112cc600
50,589,112d4404
50,589,112d4420
50,589,112d4500
50,589,112dc400
50,589,112de000
50,589,11303602
50,589,11306403
50,589,11306405
50,589,11306409
50,589,11306411
50,589,11306421
50,589,11306441
50,589,11306481
50,589,11306501
50,589,11306601
50,589,11306608
50,589,11306c01
50,589,11307401
50,589,1130e401
50,589,11316401
50,589,11326401
50,589,11346401
50,589,11382501
50,589,11384405
50,589,11384421
50,589,11384501
50,589,11386401
50,589,1138c009
50,589,1138c081
50,589,1138c088
50,589,1138c208
50,589,1138c401
50,589,1138c600
50,589,1138c808
50,589,1138e080
50,589,11394404
50,589,11394420
50,589,11394500
50,589,1139c001
50,589,1139c008
50,589,1139c400
50,589,1139d000
50,589,1139e000
50,589,113ac008
50,589,113ac400
50,589,113dc000
50,589,11484648
50,589,11484c41
50,589,11485488
50,589,11485608
50,589,11485c01
50,589,11485c08
50,589,1148c40a
50,589,1148d00a
50,589,11494448
50,589,11495408
50,589,11504413
50,589,11504483
50,589,11505481
50,589,11505610
50,589,11506403
50,589,11507401
50,589,1150c610
50,589,11544403
50,589,11544602
50,589,11545401
50,589,11564402
50,589,11581602
50,589,11583420
50,589,11583500
50,589,11584049
50,589,1158404a
50,589,1158404c
50,589,11584058
50,589,11584068
50,589,11584083
50,589,11584085
50,589,11584089
50,589,1158408a
50,589,1158408c
50,589,11584091
50,589,11584098
50,589,115840a1
50,589,115840a8
50,589,115840c1
50,589,115840c8
50,589,11584148
50,589,11584181
50,589,11584188
50,589,11584248
50,589,11584281
50,589,11584288
50,589,11584403
50,589,11584405
50,589,11584409
50,589,1158440a
50,589,1158440c
50,589,11584411
50,589,11584418
50,589,11584421
50,589,11584428
50,589,11584441
50,589,11584448
50,589,11584481
50,589,11584488
50,589,11584501
50,589,11584508
50,589,11584601
50,589,11584608
50,589,11584848
50,589,11584881
50,589,11584888
50,589,11584c01
50,589,11584c08
50,589,11585048
50,589,11585081
50,589,11585088
50,589,11585401
50,589,11585408
50,589,11586048
50,589,11586081
50,589,11586088
50,589,11586401
50,589,11586408
50,589,1158b400
50,589,1158c009
50,589,1158c00a
50,589,1158c00c
50,589,1158c018
50,589,1158c028
50,589,1158c048
50,589,1158c081
50,589,1158c088
50,589,1158c108
50,589,1158c208
50,589,1158c401
50,589,1158c408
50,589,1158c600
50,589,1158c808
50,589,1158d008
50,589,1158e008
50,589,11594048
50,589,11594081
50,589,11594088
50,589,11594401
50,589,11594408
50,589,1159c008
50,589,1159d000
50,589,115a4009
50,589,115a4048
50,589,115a4081
50,589,115a4088
50,589,115a4401
50,589,115a4408
50,589,115a5008
50,589,115a6008
50,589,115ac008
50,589,115ac400
50,589,115c4009
50,589,115c4048
50,589,115c4081
50,589,115c4088
50,589,115c4401
50,589,115c4408
50,589,115c5008
50,589,115c6008
50,589,115cc008
50,589,11684608
50,589,11684c01
50,589,11694408
50,589,1169e000
50,589,11704481
50,589,11706401
50,589,11744401
50,589,11744408
50,589,11784048
50,589,11784081
50,589,11784088
50,589,11784401
50,589,11784408
50,589,1178c008
50,589,11884c41
50,589,11885c01
50,589,11889488
50,589,1188bc00
50,589,1188d088
50,589,1188d208
50,589,1188d808
50,589,11892405
50,589,1189b200
50,589,1189b400
50,589,1189d008
50,589,1189d800
50,589,1189f000
50,589,118dd000
50,589,11903403
50,589,11903601
50,589,11903602
50,589,11903608
50,589,11903610
50,589,11906403
50,589,11906405
50,589,11906411
50,589,11906481
50,589,11907401
50,589,11912403
50,589,11912602
50,589,11924411
50,589,11980415
50,589,11980611
50,589,11981403
50,589,11981405
50,589,11981409
50,589,11981411
50,589,11981421
50,589,11981441
50,589,11981481
50,589,11981501
50,589,11981601
50,589,11981602
50,589,11981604
50,589,11981608
50,589,11981610
50,589,11981620
50,589,11981700
50,589,11981c01
50,589,11982403
50,589,11982405
50,589,11982409
50,589,11982411
50,589,11982421
50,589,11982441
50,589,11982481
50,589,11982501
50,589,11982601
50,589,11982c01
50,589,11983041
50,589,11983401
50,589,11984403
50,589,11984405
50,589,11984409
50,589,11984411
50,589,11984421
50,589,11984441
50,589,11984481
50,589,11984501
50,589,11984601
50,589,11984608
50,589,11984c01
50,589,11985081
50,589,11985401
50,589,11986401
50,589,11988403
50,589,11988405
50,589,11988481
50,589,11988601
50,589,11988602
50,589,11989401
50,589,11989600
50,589,1198a401
50,589,1198c009
50,589,1198c088
50,589,1198c208
50,589,1198c401
50,589,1198c600
50,589,1198c808
50,589,1198d001
50,589,11991401
50,589,11991402
50,589,11991404
50,589,11991420
50,589,11991500
50,589,11992401
50,589,11994401
50,589,11999080
50,589,11999400
50,589,1199b000
50,589,1199c008
50,589,1199d000
50,589,119a1401
50,589,119a1402
50,589,119a1404
50,589,119a1420
50,589,119a1500
50,589,119a2401
50,589,119a4401
50,589,119a5100
50,589,119a8402
50,589,119a9400
50,589,119ac008
50,589,119ac400
50,589,119ad000
50,589,119ae000
50,589,119b9000
50,589,119c1401
50,589,119c2401
50,589,119c4401
50,589,119d9000
50,589,11a84c01
50,589,11a92401
50,589,11b02403
50,589,11b02601
50,589,11b06401
50,589,11b80405
50,589,11b80601
50,589,11b81401
50,589,11b82401
50,589,11b84401
50,589,11b88401
50,589,11b8c001
50,589,11bc0401
50,589,11c9b000
50,589,11d02403
50,589,11d02601
50,589,11d04481
50,589,11d06401
50,589,11d44401
50,589,11d81401
50,589,11d81408
50,589,11d82401
50,589,11d84048
50,589,11d84081
50,589,11d84088
50,589,11d84401
50,589,11d84408
50,589,11d8b000
50,589,11d8c008
50,589,11f80401
50,589,12087481
50,589,12087c01
50,589,12097401
50,589,12185601
50,589,12185602
50,589,12185604
50,589,12185608
50,589,12185610
50,589,12185620
50,589,12187401
50,589,12187801
50,589,121c5401
50,589,121c5600
50,589,121d5400
50,589,121e5400
50,589,12385600
50,589,12395400
50,589,12584405
50,589,12585401
50,589,12585801
50,589,12586401
50,589,1258c401
50,589,1258c408
50,589,125c4401
50,589,126d4400
50,589,13084c03
50,589,13084c05
50,589,13084c09
50,589,13084c0a
50,589,13084c0c
50,589,13084c11
50,589,13084c18
50,589,13084c21
50,589,13084c28
50,589,13084c41
50,589,13084c48
50,589,13084c81
50,589,13084c88
50,589,13084d01
50,589,13084d08
50,589,13084e01
50,589,13084e08
50,589,13085481
50,589,13085488
50,589,13085601
50,589,13085602
50,589,13085604
50,589,13085608
50,589,13085610
50,589,13085620
50,589,13085640
50,589,13085680
50,589,13085700
50,589,13085c01
50,589,13085c08
50,589,13085e00
50,589,13086c01
50,589,13086c08
50,589,13087480
50,589,13087600
50,589,13087c00
50,589,1308c089
50,589,1308c281
50,589,1308c282
50,589,1308c284
50,589,1308c288
50,589,1308c290
50,589,1308c2a0
50,589,1308c2c0
50,589,1308c380
50,589,1308c403
50,589,1308c405
50,589,1308c409
50,589,1308c411
50,589,1308c421
50,589,1308c441
50,589,1308c481
50,589,1308c488
50,589,1308c501
50,589,1308c601
50,589,1308c602
50,589,1308c604
50,589,1308c608
50,589,1308c610
50,589,1308c620
50,589,1308c640
50,589,1308c680
50,589,1308c700
50,589,1308ca80
50,589,1308cc01
50,589,1308cc08
50,589,1308ce00
50,589,1308d088
50,589,1308d280
50,589,1308d401
50,589,1308d600
50,589,1308e009
50,589,1308e201
50,589,1308e202
50,589,1308e204
50,589,1308e208
50,589,1308e210
50,589,1308e220
50,589,1308e240
50,589,1308e280
50,589,1308e300
50,589,1308e401
50,589,1308e600
50,589,1308ea00
50,589,1308f200
50,589,13094403
50,589,13094405
50,589,13094409
50,589,1309440a
50,589,1309440c
50,589,13094411
50,589,13094418
50,589,13094421
50,589,13094428
50,589,13094441
50,589,13094448
50,589,13094481
50,589,13094488
50,589,13094501
50,589,13094508
50,589,13094601
50,589,13094602
50,589,13094604
50,589,13094608
50,589,13094610
50,589,13094620
50,589,13094640
50,589,13094680
50,589,13094700
50,589,13094c01
50,589,13094c08
50,589,13094e00
50,589,13095401
50,589,13095402
50,589,13095404
50,589,13095408
50,589,13095410
50,589,13095420
50,589,13095440
50,589,13095480
50,589,13095500
50,589,13095600
50,589,13095c00
50,589,13096401
50,589,13096408
50,589,13096600
50,589,13097400
50,589,1309c088
50,589,1309c280
50,589,1309c401
50,589,1309c408
50,589,1309c600
50,589,1309d080
50,589,1309d400
50,589,1309e008
50,589,1309e200
50,589,1309f000
50,589,130a4c01
50,589,130a4c08
50,589,130a5480
50,589,130a5600
50,589,130a5c00
50,589,130ac202
50,589,130ac280
50,589,130ac401
50,589,130ac402
50,589,130ac404
50,589,130ac408
50,589,130ac410
50,589,130ac420
50,589,130ac440
50,589,130ac480
50,589,130ac500
50,589,130ac600
50,589,130acc00
50,589,130ad008
50,589,130ad200
50,589,130ad400
50,589,130ae200
50,589,130ae400
50,589,130b4401
50,589,130b4402
50,589,130b4404
50,589,130b4408
50,589,130b4410
50,589,130b4420
50,589,130b4440
50,589,130b4480
50,589,130b4500
50,589,130b4600
50,589,130b4c00
50,589,130b5400
50,589,130b6400
50,589,130bc400
50,589,130bd000
50,589,130c4c01
50,589,130c4c08
50,589,130c4e00
50,589,130c5600
50,589,130cc280
50,589,130cc401
50,589,130cc600
50,589,130ce200
50,589,130d4401
50,589,130d4408
50,589,130d4600
50,589,130d5400
50,589,130e4c00
50,589,130ec400
50,589,130f4400
50,589,13106403
50,589,13106405
50,589,13106411
50,589,13107401
50,589,13124403
50,589,13124405
50,589,1312440a
50,589,1312440c
50,589,13124411
50,589,13124418
50,589,13134402
50,589,13184013
50,589,13184015
50,589,13184019
50,589,13184031
50,589,13184043
50,589,13184045
50,589,13184049
50,589,13184051
50,589,13184061
50,589,13184091
50,589,13184098
50,589,131840c1
50,589,131840c8
50,589,13184103
50,589,13184105
50,589,13184109
50,589,13184111
50,589,13184121
50,589,13184141
50,589,13184181
50,589,13184188
50,589,13184211
50,589,13184218
50,589,13184241
50,589,13184248
50,589,13184301
50,589,13184308
50,589,13184403
50,589,13184405
50,589,13184409
50,589,13184411
50,589,13184421
50,589,13184441
50,589,13184481
50,589,13184488
50,589,13184501
50,589,13184601
50,589,13184608
50,589,13184811
50,589,13184818
50,589,13184841
50,589,13184848
50,589,13184901
50,589,13184908
50,589,13184c01
50,589,13184c08
50,589,13185003
50,589,13185005
50,589,13185009
50,589,13185011
50,589,13185021
50,589,13185041
50,589,13185081
50,589,13185088
50,589,13185101
50,589,13185201
50,589,13185202
50,589,13185204
50,589,13185208
50,589,13185210
50,589,13185220
50,589,13185240
50,589,13185280
50,589,13185300
50,589,13185401
50,589,13185600
50,589,13185801
50,589,13185808
50,589,13185a00
50,589,13186011
50,589,13186041
50,589,13186101
50,589,13186401
50,589,13187001
50,589,13187080
50,589,13187200
50,589,13187800
50,589,1318c003
50,589,1318c005
50,589,1318c009
50,589,1318c011
50,589,1318c021
50,589,1318c041
50,589,1318c081
50,589,1318c088
50,589,1318c101
50,589,1318c201
50,589,1318c202
50,589,1318c204
50,589,1318c208
50,589,1318c210
50,589,1318c220
50,589,1318c240
50,589,1318c280
50,589,1318c300
50,589,1318c401
50,589,1318c600
50,589,1318c801
50,589,1318c808
50,589,1318ca00
50,589,1318d001
50,589,1318d200
50,589,1318e001
50,589,1318e200
50,589,13194011
50,589,13194018
50,589,13194041
50,589,13194048
50,589,13194101
50,589,13194108
50,589,13194210
50,589,13194240
50,589,13194300
50,589,13194401
50,589,13194408
50,589,13194600
50,589,13195001
50,589,13195002
50,589,13195004
50,589,13195008
50,589,13195010
50,589,13195020
50,589,13195040
50,589,13195080
50,589,13195100
50,589,13195200
50,589,13195400
50,589,13195800
50,589,13197000
50,589,1319c001
50,589,1319c008
50,589,1319c200
50,589,1319d000
50,589,131a1420
50,589,131a1500
50,589,131a4011
50,589,131a4018
50,589,131a4041
50,589,131a4048
50,589,131a4101
50,589,131a4108
50,589,131a4401
50,589,131a4408
50,589,131a5001
50,589,131a5002
50,589,131a5004
50,589,131a5008
50,589,131a5010
50,589,131a5020
50,589,131a5040
50,589,131a5080
50,589,131a5100
50,589,131a5200
50,589,131a5400
50,589,131a5800
50,589,131a7000
50,589,131a9400
50,589,131ac001
50,589,131ac002
50,589,131ac004
50,589,131ac008
50,589,131ac010
50,589,131ac020
50,589,131ac040
50,589,131ac080
50,589,131ac100
50,589,131ac200
50,589,131ac400
50,589,131ac800
50,589,131ad000
50,589,131ae000
50,589,131b4010
50,589,131b4040
50,589,131b4100
50,589,131b4400
50,589,131b5000
50,589,131bc000
50,589,131c4003
50,589,131c4005
50,589,131c4009
50,589,131c4011
50,589,131c4021
50,589,131c4041
50,589,131c4081
50,589,131c4088
50,589,131c4101
50,589,131c4201
50,589,131c4202
50,589,131c4204
50,589,131c4208
50,589,131c4210
50,589,131c4220
50,589,131c4240
50,589,131c4280
50,589,131c4300
50,589,131c4401
50,589,131c4600
50,589,131c4801
50,589,131c4808
50,589,131c4a00
50,589,131c5001
50,589,131c5200
50,589,131c6001
50,589,131c6200
50,589,131cc001
50,589,131cc200
50,589,131d4001
50,589,131d4008
50,589,131d4200
50,589,131d5000
50,589,131e4001
50,589,131e4002
50,589,131e4004
50,589,131e4008
50,589,131e4010
50,589,131e4020
50,589,131e4040
50,589,131e4080
50,589,131e4100
50,589,131e4200
50,589,131e4400
50,589,131e4800
50,589,131e5000
50,589,131e6000
50,589,131ec000
50,589,131f4000
50,589,13284c01
50,589,13284c08
50,589,13285600
50,589,1328c081
50,589,1328c280
50,589,1328c401
50,589,1328c600
50,589,1328e001
50,589,1328e200
50,589,13294401
50,589,13294402
50,589,13294404
50,589,13294408
50,589,13294410
50,589,13294420
50,589,13294440
50,589,13294480
50,589,13294500
50,589,13294600
50,589,13294c00
50,589,13295400
50,589,13296400
50,589,1329c080
50,589,1329c400
50,589,1329e000
50,589,132ac400
50,589,132ad000
50,589,132b4400
50,589,132d4400
50,589,13306401
50,589,13384011
50,589,13384041
50,589,13384101
50,589,13384401
50,589,13385001
50,589,13385200
50,589,1338c001
50,589,1338c200
50,589,13394010
50,589,13394040
50,589,13394100
50,589,13394400
50,589,13395000
50,589,1339c000
50,589,133a5000
50,589,133ac000
50,589,133c4001
50,589,133c4200
50,589,133d4000
50,589,133e4000
50,589,13484481
50,589,13484488
50,589,13484601
50,589,13484608
50,589,13484c01
50,589,13484c08
50,589,13485600
50,589,1348c202
50,589,1348c280
50,589,1348c401
50,589,1348c408
50,589,1348c600
50,589,1348d008
50,589,1348d200
50,589,1348e200
50,589,13494401
50,589,13494408
50,589,13494600
50,589,13495400
50,589,1349d000
50,589,134ac400
50,589,134b4400
50,589,134c4600
50,589,13504403
50,589,13584003
50,589,13584005
50,589,13584009
50,589,1358400a
50,589,1358400c
50,589,13584011
50,589,13584018
50,589,13584021
50,589,13584028
50,589,13584041
50,589,13584048
50,589,13584081
50,589,13584088
50,589,13584101
50,589,13584108
50,589,13584201
50,589,13584208
50,589,13584401
50,589,13584408
50,589,13584801
50,589,13584808
50,589,13585001
50,589,13585008
50,589,13585200
50,589,13586001
50,589,13586008
50,589,13587000
50,589,1358c001
50,589,1358c008
50,589,1358c200
50,589,13594001
50,589,13594008
50,589,13594200
50,589,13595000
50,589,135a4001
50,589,135a4008
50,589,135a5000
50,589,135ac000
50,589,135b4000
50,589,135c4001
50,589,135c4008
50,589,135c4200
50,589,135e4000
50,589,13694400
50,589,13784001
50,589,13784008
50,589,13794000
50,589,138810c1
50,589,13881481
50,589,13884809
50,589,13884a01
50,589,13884a08
50,589,13884c01
50,589,13884c08
50,589,13885081
50,589,13885088
50,589,13885201
50,589,13885202
50,589,13885204
50,589,13885208
50,589,13885210
50,589,13885220
50,589,13885240
50,589,13885280
50,589,13885300
50,589,13885600
50,589,13885801
50,589,13885808
50,589,13885a00
50,589,13887080
50,589,13887200
50,589,13887800
50,589,13889081
50,589,13889088
50,589,13889280
50,589,1388b001
50,589,1388b200
50,589,1388c009
50,589,1388c201
50,589,1388c202
50,589,1388c204
50,589,1388c208
50,589,1388c210
50,589,1388c220
50,589,1388c240
50,589,1388c280
50,589,1388c300
50,589,1388c401
50,589,1388c600
50,589,1388ca00
50,589,1388d001
50,589,1388d200
50,589,1388e200
50,589,13894009
50,589,1389400a
50,589,1389400c
50,589,13894018
50,589,13894028
50,589,13894048
50,589,13894088
50,589,13894108
50,589,13894201
50,589,13894202
50,589,13894204
50,589,13894208
50,589,13894210
50,589,13894220
50,589,13894240
50,589,13894280
50,589,13894300
50,589,13894401
50,589,13894408
50,589,13894600
50,589,13894808
50,589,13894a00
50,589,13895001
50,589,13895002
50,589,13895004
50,589,13895008
50,589,13895010
50,589,13895020
50,589,13895040
50,589,13895080
50,589,13895100
50,589,13895200
50,589,13895400
50,589,13895800
50,589,13896008
50,589,13896200
50,589,13897000
50,589,1389c008
50,589,1389c200
50,589,1389d000
50,589,138a5080
50,589,138a5200
50,589,138a5800
50,589,138a9002
50,589,138a9080
50,589,138ab000
50,589,138ac200
50,589,138ac400
50,589,138ad000
50,589,138b4008
50,589,138b4200
50,589,138b4400
50,589,138b5000
50,589,138c4a00
50,589,138c5200
50,589,138c9001
50,589,138c9200
50,589,138cc200
50,589,138d4008
50,589,138d4200
50,589,138d5000
50,589,138e9000
50,589,13980405
50,589,13980601
50,589,13981081
50,589,13981088
50,589,13981280
50,589,13981401
50,589,13981600
50,589,13982401
50,589,13983001
50,589,13983080
50,589,13983200
50,589,13983800
50,589,13984003
50,589,13984005
50,589,13984009
50,589,13984011
50,589,13984021
50,589,13984041
50,589,13984081
50,589,13984088
50,589,13984101
50,589,13984201
50,589,13984208
50,589,13984401
50,589,13984801
50,589,13984808
50,589,13985001
50,589,13985200
50,589,13986001
50,589,13988600
50,589,1398c001
50,589,1398c200
50,589,13991080
50,589,13991400
50,589,13993000
50,589,13994001
50,589,13994008
50,589,13994200
50,589,13995000
50,589,139a1001
50,589,139a1002
50,589,139a1004
50,589,139a1008
50,589,139a1010
50,589,139a1020
50,589,139a1040
50,589,139a1080
50,589,139a1100
50,589,139a1200
50,589,139a1400
50,589,139a1800
50,589,139a3000
50,589,139a4001
50,589,139a4008
50,589,139a5000
50,589,139a8002
50,589,139a9000
50,589,139ac000
50,589,139b1000
50,589,139b4000
50,589,139c1001
50,589,139c1200
50,589,139c4001
50,589,139c4200
50,589,139d1000
50,589,139e0002
50,589,139e1000
50,589,139e4000
50,589,13a84801
50,589,13a85200
50,589,13a8c001
50,589,13a8c200
50,589,13a94001
50,589,13a94002
50,589,13a94004
50,589,13a94008
50,589,13a94010
50,589,13a94020
50,589,13a94040
50,589,13a94080
50,589,13a94100
50,589,13a94200
50,589,13a94400
50,589,13a94800
50,589,13a95000
50,589,13a96000
50,589,13a9c000
50,589,13aa9000
50,589,13ab4000
50,589,13ab8000
50,589,13ad4000
50,589,13b82001
50,589,13b84001
50,589,13b94000
50,589,13ba1000
50,589,13ba8000
50,589,13bc0001
50,589,13bc0200
50,589,13be0000
50,589,13c84201
50,589,13c84208
50,589,13c85200
50,589,13c8b000
50,589,13c8c200
50,589,13c94008
50,589,13c94200
50,589,13c95000
50,589,13cc4200
50,589,13d83000
50,589,13d84001
50,589,13d84008
50,589,13da1000
50,589,13e94000
50,589,14087403
50,589,14087c01
50,589,1408f401
50,589,1408f402
50,589,1408f404
50,589,1408f408
50,589,1408f410
50,589,1408f420
50,589,140cf400
50,589,140ed400
50,589,14187401
50,589,14187420
50,589,1418e404
50,589,1418e408
50,589,14286405
50,589,14286421
50,589,14286501
50,589,14287401
50,589,1428e401
50,589,1428f400
50,589,14306602
50,589,14386401
50,589,14386402
50,589,14386404
50,589,14386420
50,589,14386500
50,589,1438e400
50,589,1448d401
50,589,14584405
50,589,14584409
50,589,14584601
50,589,14584602
50,589,14584604
50,589,14585401
50,589,1458d001
50,589,1458d008
50,589,14594401
50,589,1468c401
50,589,14784401
50,589,1500d602
50,589,1500e602
50,589,15082445
50,589,15083405
50,589,15084407
50,589,1508440d
50,589,15084415
50,589,15084425
50,589,15084445
50,589,15084461
50,589,15084485
50,589,15084505
50,589,1508450c
50,589,15084541
50,589,15084548
50,589,15084605
50,589,15084c05
50,589,15085405
50,589,15085421
50,589,15085501
50,589,15085508
50,589,15086405
50,589,1508640c
50,589,15086441
50,589,15086c04
50,589,15087401
50,589,1508c403
50,589,1508c405
50,589,1508c406
50,589,1508c409
50,589,1508c40a
50,589,1508c40c
50,589,1508c411
50,589,1508c412
50,589,1508c414
50,589,1508c418
50,589,1508c421
50,589,1508c422
50,589,1508c424
50,589,1508c428
50,589,1508c430
50,589,1508c441
50,589,1508c442
50,589,1508c444
50,589,1508c448
50,589,1508c450
50,589,1508c460
50,589,1508c481
50,589,1508c482
50,589,1508c484
50,589,1508c488
50,589,1508c490
50,589,1508c4a0
50,589,1508c4c0
50,589,1508c501
50,589,1508c502
50,589,1508c504
50,589,1508c508
50,589,1508c510
50,589,1508c520
50,589,1508c540
50,589,1508c580
50,589,1508c601
50,589,1508c602
50,589,1508c604
50,589,1508c608
50,589,1508c610
50,589,1508c620
50,589,1508c640
50,589,1508c680
50,589,1508c700
50,589,1508cc01
50,589,1508cc02
50,589,1508cc04
50,589,1508cc08
50,589,1508cc10
50,589,1508cc20
50,589,1508cc40
50,589,1508cc80
50,589,1508cd00
50,589,1508ce00
50,589,1508d401
50,589,1508d402
50,589,1508d404
50,589,1508d408
50,589,1508d410
50,589,1508d420
50,589,1508d440
50,589,1508d480
50,589,1508d500
50,589,1508d600
50,589,1508dc00
50,589,1508e00a
50,589,1508e401
50,589,1508e402
50,589,1508e404
50,589,1508e408
50,589,1508e410
50,589,1508e420
50,589,1508e440
50,589,1508e480
50,589,1508e500
50,589,1508e600
50,589,1508ec00
50,589,1508f001
50,589,1508f400
50,589,15094405
50,589,1509c401
50,589,1509c402
50,589,1509c404
50,589,1509c408
50,589,1509c410
50,589,1509c420
50,589,1509c440
50,589,1509c480
50,589,1509c500
50,589,1509c600
50,589,1509cc00
50,589,1509d400
50,589,1509e400
50,589,150a4405
50,589,150ac401
50,589,150ac402
50,589,150ac404
50,589,150ac408
50,589,150ac410
50,589,150ac420
50,589,150ac440
50,589,150ac480
50,589,150ac500
50,589,150ac600
50,589,150acc00
50,589,150ad400
50,589,150ae400
50,589,150bc400
50,589,150c4405
50,589,150c4406
50,589,150c440c
50,589,150c4414
50,589,150c4421
50,589,150c4422
50,589,150c4424
50,589,150c4428
50,589,150c4430
50,589,150c4444
50,589,150c4460
50,589,150c4484
50,589,150c44a0
50,589,150c4501
50,589,150c4502
50,589,150c4504
50,589,150c4508
50,589,150c4510
50,589,150c4520
50,589,150c4540
50,589,150c4580
50,589,150c4604
50,589,150c4620
50,589,150c4700
50,589,150c4c04
50,589,150c4c20
50,589,150c4d00
50,589,150c5404
50,589,150c5420
50,589,150c5500
50,589,150c6401
50,589,150c6402
50,589,150c6404
50,589,150c6420
50,589,150c6500
50,589,150cc401
50,589,150cc402
50,589,150cc404
50,589,150cc408
50,589,150cc410
50,589,150cc420
50,589,150cc440
50,589,150cc480
50,589,150cc500
50,589,150cc600
50,589,150ccc00
50,589,150cd400
50,589,150ce400
50,589,150d4404
50,589,150d4420
50,589,150d4500
50,589,150dc400
50,589,150e4404
50,589,150e4420
50,589,150e4500
50,589,150ec400
50,589,15106403
50,589,15106602
50,589,15107041
50,589,15107401
50,589,1510f001
50,589,15181460
50,589,151814a0
50,589,15182444
50,589,15183404
50,589,15183420
50,589,15183500
50,589,1518404c
50,589,15184068
50,589,15184109
50,589,15184148
50,589,15184188
50,589,15184405
50,589,15184406
50,589,1518440c
50,589,15184414
50,589,15184421
50,589,15184422
50,589,15184424
50,589,15184428
50,589,15184430
50,589,15184444
50,589,15184460
50,589,15184484
50,589,151844a0
50,589,15184501
50,589,15184502
50,589,15184504
50,589,15184508
50,589,15184510
50,589,15184520
50,589,15184540
50,589,15184580
50,589,15184604
50,589,15184620
50,589,15184700
50,589,15184c04
50,589,15184c20
50,589,15184d00
50,589,15185108
50,589,15185404
50,589,15185420
50,589,15185500
50,589,15186108
50,589,15186401
50,589,15186402
50,589,15186404
50,589,15186420
50,589,15186500
50,589,15189440
50,589,15189480
50,589,1518b400
50,589,1518c009
50,589,1518c00a
50,589,1518c00c
50,589,1518c018
50,589,1518c028
50,589,1518c048
50,589,1518c088
50,589,1518c108
50,589,1518c208
50,589,1518c401
50,589,1518c402
50,589,1518c404
50,589,1518c408
50,589,1518c410
50,589,1518c420
50,589,1518c440
50,589,1518c480
50,589,1518c500
50,589,1518c600
50,589,1518c808
50,589,1518cc00
50,589,1518d001
50,589,1518d008
50,589,1518d400
50,589,1518e008
50,589,1518e400
50,589,15194404
50,589,15194420
50,589,15194500
50,589,1519c008
50,589,1519c400
50,589,1519d000
50,589,151a4101
50,589,151a4404
50,589,151a4420
50,589,151a4500
50,589,151a5100
50,589,151ac001
50,589,151ac008
50,589,151ac400
50,589,151ad000
50,589,151c4404
50,589,151c4420
50,589,151c4500
50,589,151cc008
50,589,151cc400
50,589,15282405
50,589,15282421
50,589,15282501
50,589,15284405
50,589,15284421
50,589,15284501
50,589,15284508
50,589,15286401
50,589,1528c088
50,589,1528c401
50,589,1528c402
50,589,1528c404
50,589,1528c408
50,589,1528c410
50,589,1528c420
50,589,1528c440
50,589,1528c480
50,589,1528c500
50,589,1528c600
50,589,1528cc00
50,589,1528d400
50,589,1528e001
50,589,1528e008
50,589,1528e400
50,589,1528f000
50,589,1529c400
50,589,152ac400
50,589,152c4404
50,589,152c4420
50,589,152c4500
50,589,152cc080
50,589,152cc400
50,589,152ce000
50,589,15302602
50,589,15302604
50,589,15306401
50,589,15382044
50,589,15382404
50,589,15384180
50,589,15384404
50,589,15384420
50,589,15384500
50,589,15386100
50,589,1538c001
50,589,1538c002
50,589,1538c004
50,589,1538c008
50,589,1538c010
50,589,1538c020
50,589,1538c040
50,589,1538c080
50,589,1538c100
50,589,1538c200
50,589,1538c400
50,589,1538c800
50,589,1538d000
50,589,1538e000
50,589,1539c000
50,589,153ac000
50,589,153cc000
50,589,15484405
50,589,1548440c
50,589,15484441
50,589,15484448
50,589,15485009
50,589,15485401
50,589,15485408
50,589,15486404
50,589,1548c401
50,589,1548c402
50,589,1548c404
50,589,1548c408
50,589,1548c410
50,589,1548c420
50,589,1548c440
50,589,1548c480
50,589,1548c500
50,589,1548c600
50,589,1548cc00
50,589,1548d400
50,589,1548e400
50,589,1549c400
50,589,154a4404
50,589,154ac400
50,589,154c4401
50,589,154c4402
50,589,154c4404
50,589,154c4408
50,589,154c4410
50,589,154c4420
50,589,154c4500
50,589,154cc400
50,589,15504403
50,589,15504482
50,589,15504602
50,589,15524402
50,589,15584003
50,589,15584005
50,589,15584009
50,589,15584011
50,589,15584021
50,589,15584041
50,589,15584048
50,589,15584081
50,589,15584088
50,589,15584101
50,589,15584201
50,589,15584401
50,589,15584402
50,589,15584404
50,589,15584408
50,589,15584410
50,589,15584420
50,589,15584500
50,589,15584801
50,589,15585001
50,589,15585002
50,589,15585004
50,589,15585008
50,589,15585010
50,589,15585020
50,589,15585100
50,589,15586001
50,589,15586008
50,589,1558c001
50,589,1558c008
50,589,1558c400
50,589,1558d000
50,589,15594001
50,589,155a4001
50,589,155c4001
50,589,15682404
50,589,15684401
50,589,15684408
50,589,1568c400
50,589,1568e000
50,589,15784001
50,589,1578c000
50,589,15882405
50,589,15884405
50,589,15884441
50,589,15885401
50,589,1588b400
50,589,1588c401
50,589,1588c402
50,589,1588c404
50,589,1588c408
50,589,1588c410
50,589,1588c420
50,589,1588c440
50,589,1588c480
50,589,1588c500
50,589,1588c600
50,589,1588cc00
50,589,1588d001
50,589,1588d008
50,589,1588d400
50,589,1588e400
50,589,1589c400
50,589,1589d000
50,589,158ac400
50,589,158ad000
50,589,158c4401
50,589,158c4402
50,589,158c4404
50,589,158c4420
50,589,158c4500
50,589,158cc400
50,589,15902403
50,589,15902405
50,589,15902411
50,589,15902602
50,589,15902604
50,589,15902610
50,589,15980414
50,589,15980610
50,589,15981401
50,589,15981402
50,589,15981404
50,589,15981420
50,589,15981500
50,589,15982401
50,589,15982402
50,589,15982404
50,589,15984401
50,589,15984402
50,589,15984404
50,589,15984420
50,589,15984500
50,589,15988402
50,589,15988404
50,589,15989400
50,589,1598c008
50,589,1598c400
50,589,159a9000
50,589,159ac000
50,589,15a82401
50,589,15a84401
50,589,15a8c001
50,589,15a8c008
50,589,15a8c400
50,589,15a8d000
50,589,15acc000
50,589,15b80404
50,589,15b8c000
50,589,15c85008
50,589,15c8b000
50,589,15c8c400
50,589,15c8d000
50,589,15d84001
50,589,15d8c000
50,589,15e8c000
50,589,16086405
50,589,16086421
50,589,16086501
50,589,16087041
50,589,16087401
50,589,1608e401
50,589,16186404
50,589,16186420
50,589,161c5400
50,589,16286011
50,589,16286041
50,589,16286101
50,589,16286401
50,589,16287001
50,589,1628e001
50,589,162c6001
50,589,16384480
50,589,16385400
50,589,16386010
50,589,16386040
50,589,16386100
50,589,16386400
50,589,16387000
50,589,1638e000
50,589,163c6000
50,589,16485408
50,589,16486041
50,589,16486101
50,589,16486401
50,589,164c5400
50,589,16584048
50,589,16584108
50,589,16584201
50,589,16584202
50,589,16584204
50,589,16584208
50,589,16584210
50,589,16584220
50,589,16584401
50,589,16584408
50,589,16585001
50,589,16585002
50,589,16585004
50,589,16585008
50,589,16585010
50,589,16585020
50,589,165c4200
50,589,165c4400
50,589,165c5000
50,589,16684401
50,589,16686001
50,589,166c4400
50,589,16784004
50,589,16784008
50,589,16784200
50,589,16784400
50,589,16785000
50,589,16786000
50,589,16887001
50,589,16a86001
50,589,16b86000
50,589,16c86001
50,589,16d84008
50,589,17083500
50,589,17084091
50,589,17084094
50,589,170840b0
50,589,170840c1
50,589,170840c4
50,589,170840e0
50,589,17084181
50,589,17084182
50,589,17084184
50,589,17084188
50,589,17084190
50,589,170841a0
50,589,170841c0
50,589,17084380
50,589,17084403
50,589,17084405
50,589,17084406
50,589,17084409
50,589,1708440a
50,589,1708440c
50,589,17084411
50,589,17084412
50,589,17084414
50,589,17084418
50,589,17084421
50,589,17084422
50,589,17084424
50,589,17084428
50,589,17084430
50,589,17084441
50,589,17084442
50,589,17084444
50,589,17084448
50,589,17084450
50,589,17084460
50,589,17084481
50,589,17084482
50,589,17084484
50,589,17084488
50,589,17084490
50,589,170844a0
50,589,170844c0
50,589,17084501
50,589,17084502
50,589,17084504
50,589,17084508
50,589,17084510
50,589,17084520
50,589,17084540
50,589,17084580
50,589,17084601
50,589,17084602
50,589,17084604
50,589,17084608
50,589,17084610
50,589,17084620
50,589,17084640
50,589,17084680
50,589,17084700
50,589,17084980
50,589,17084c01
50,589,17084c02
50,589,17084c04
50,589,17084c08
50,589,17084c10
50,589,17084c20
50,589,17084c40
50,589,17084c80
50,589,17084d00
50,589,17084e00
50,589,17085081
50,589,17085084
50,589,170850a0
50,589,17085180
50,589,17085401
50,589,17085402
50,589,17085404
50,589,17085408
50,589,17085410
50,589,17085420
50,589,17085440
50,589,17085480
50,589,17085500
50,589,17085600
50,589,17085c00
50,589,17086011
50,589,17086014
50,589,17086030
50,589,17086041
50,589,17086044
50,589,17086060
50,589,17086101
50,589,17086102
50,589,17086104
50,589,17086108
50,589,17086110
50,589,17086120
50,589,17086140
50,589,17086180
50,589,17086300
50,589,17086401
50,589,17086402
50,589,17086404
50,589,17086408
50,589,17086410
50,589,17086420
50,589,17086440
50,589,17086480
50,589,17086500
50,589,17086600
50,589,17086900
50,589,17086c00
50,589,17087001
50,589,17087004
50,589,17087020
50,589,17087100
50,589,17087400
50,589,1708c081
50,589,1708c082
50,589,1708c084
50,589,1708c088
50,589,1708c090
50,589,1708c0a0
50,589,1708c0c0
50,589,1708c180
50,589,1708c280
50,589,1708c401
50,589,1708c402
50,589,1708c404
50,589,1708c408
50,589,1708c410
50,589,1708c420
50,589,1708c440
50,589,1708c480
50,589,1708c500
50,589,1708c600
50,589,1708c880
50,589,1708cc00
50,589,1708d080
50,589,1708d400
50,589,1708e001
50,589,1708e002
50,589,1708e004
50,589,1708e008
50,589,1708e010
50,589,1708e020
50,589,1708e040
50,589,1708e080
50,589,1708e100
50,589,1708e200
50,589,1708e400
50,589,1708e800
50,589,1708f000
50,589,17094180
50,589,17094401
50,589,17094402
50,589,17094404
50,589,17094408
50,589,17094410
50,589,17094420
50,589,17094440
50,589,17094480
50,589,17094500
50,589,17094600
50,589,17094c00
50,589,17095400
50,589,17096100
50,589,17096400
50,589,1709c080
50,589,1709c400
50,589,1709e000
50,589,170a4102
50,589,170a4180
50,589,170a4401
50,589,170a4402
50,589,170a4404
50,589,170a4408
50,589,170a4410
50,589,170a4420
50,589,170a4440
50,589,170a4480
50,589,170a4500
50,589,170a4600
50,589,170a4c00
50,589,170a5001
50,589,170a5004
50,589,170a5020
50,589,170a5100
50,589,170a5400
50,589,170a6100
50,589,170a6400
50,589,170ac002
50,589,170ac080
50,589,170ac400
50,589,170ad000
50,589,170ae000
50,589,170b4400
50,589,170c4081
50,589,170c4084
50,589,170c40a0
50,589,170c4180
50,589,170c4401
50,589,170c4402
50,589,170c4404
50,589,170c4408
50,589,170c4410
50,589,170c4420
50,589,170c4440
50,589,170c4480
50,589,170c4500
50,589,170c4600
50,589,170c4c00
50,589,170c5400
50,589,170c6001
50,589,170c6004
50,589,170c6020
50,589,170c6100
50,589,170c6400
50,589,170cc080
50,589,170cc400
50,589,170ce000
50,589,170d4400
50,589,170e4400
50,589,17181404
50,589,17182044
50,589,17184011
50,589,17184012
50,589,17184014
50,589,17184018
50,589,17184030
50,589,17184041
50,589,17184042
50,589,17184044
50,589,17184048
50,589,17184050
50,589,17184060
50,589,17184090
50,589,171840c0
50,589,17184101
50,589,17184102
50,589,17184104
50,589,17184108
50,589,17184110
50,589,17184120
50,589,17184140
50,589,17184180
50,589,17184210
50,589,17184240
50,589,17184300
50,589,17184401
50,589,17184402
50,589,17184404
50,589,17184408
50,589,17184410
50,589,17184420
50,589,17184440
50,589,17184480
50,589,17184500
50,589,17184600
50,589,17184810
50,589,17184840
50,589,17184900
50,589,17184c00
50,589,17185001
50,589,17185002
50,589,17185004
50,589,17185008
50,589,17185010
50,589,17185020
50,589,17185040
50,589,17185080
50,589,17185100
50,589,17185200
50,589,17185400
50,589,17185800
50,589,17186010
50,589,17186040
50,589,17186100
50,589,17186400
50,589,17187000
50,589,1718c001
50,589,1718c002
50,589,1718c004
50,589,1718c008
50,589,1718c010
50,589,1718c020
50,589,1718c040
50,589,1718c080
50,589,1718c100
50,589,1718c200
50,589,1718c400
50,589,1718c800
50,589,1718d000
50,589,1718e000
50,589,17194010
50,589,17194040
50,589,17194100
50,589,17194400
50,589,17195000
50,589,1719c000
50,589,171a4010
50,589,171a4040
50,589,171a4100
50,589,171a4400
50,589,171a5000
50,589,171ac000
50,589,171c4001
50,589,171c4002
50,589,171c4004
50,589,171c4008
50,589,171c4010
50,589,171c4020
50,589,171c4040
50,589,171c4080
50,589,171c4100
50,589,171c4200
50,589,171c4400
50,589,171c4800
50,589,171c5000
50,589,171c6000
50,589,171cc000
50,589,171d4000
50,589,171e4000
50,589,17284180
50,589,17284401
50,589,17284402
50,589,17284404
50,589,17284408
50,589,17284410
50,589,17284420
50,589,17284440
50,589,17284480
50,589,17284500
50,589,17284600
50,589,17284c00
50,589,17285400
50,589,17286100
50,589,17286400
50,589,1728c080
50,589,1728c400
50,589,1728e000
50,589,17294400
50,589,172a4400
50,589,172c4400
50,589,17384010
50,589,17384040
50,589,17384100
50,589,17384400
50,589,17385000
50,589,1738c000
50,589,173c4000
50,589,17484003
50,589,17484006
50,589,17484022
50,589,17484081
50,589,17484084
50,589,174840a0
50,589,17484102
50,589,17484180
50,589,17484401
50,589,17484402
50,589,17484404
50,589,17484408
50,589,17484410
50,589,17484420
50,589,17484440
50,589,17484480
50,589,17484500
50,589,17484600
50,589,17484c00
50,589,17485001
50,589,17485004
50,589,17485020
50,589,17485100
50,589,17485400
50,589,17486001
50,589,17486004
50,589,17486020
50,589,17486100
50,589,17486400
50,589,1748c002
50,589,1748c080
50,589,1748c400
50,589,1748d000
50,589,1748e000
50,589,17494400
50,589,174a4400
50,589,174c4400
50,589,17584001
50,589,17584002
50,589,17584004
50,589,17584008
50,589,17584010
50,589,17584020
50,589,17584040
50,589,17584080
50,589,17584100
50,589,17584200
50,589,17584400
50,589,17584800
50,589,17585000
50,589,17586000
50,589,1758c000
50,589,17594000
50,589,175a4000
50,589,175c4000
50,589,17684400
50,589,17784000
50,589,17881401
50,589,17881404
50,589,17881420
50,589,17881500
50,589,17882401
50,589,17884003
50,589,17884005
50,589,17884006
50,589,17884009
50,589,1788400a
50,589,1788400c
50,589,17884011
50,589,17884012
50,589,17884014
50,589,17884018
50,589,17884021
50,589,17884022
50,589,17884024
50,589,17884028
50,589,17884030
50,589,17884041
50,589,17884042
50,589,17884044
50,589,17884048
50,589,17884050
50,589,17884060
50,589,17884081
50,589,17884082
50,589,17884084
50,589,17884088
50,589,17884090
50,589,178840a0
50,589,178840c0
50,589,17884101
50,589,17884102
50,589,17884104
50,589,17884108
50,589,17884110
50,589,17884120
50,589,17884140
50,589,17884180
50,589,17884201
50,589,17884202
50,589,17884204
50,589,17884208
50,589,17884210
50,589,17884220
50,589,17884240
50,589,17884280
50,589,17884300
50,589,17884401
50,589,17884402
50,589,17884404
50,589,17884408
50,589,17884410
50,589,17884420
50,589,17884440
50,589,17884480
50,589,17884500
50,589,17884600
50,589,17884801
50,589,17884802
50,589,17884804
50,589,17884808
50,589,17884810
50,589,17884820
50,589,17884840
50,589,17884880
50,589,17884900
50,589,17884a00
50,589,17884c00
50,589,17885001
50,589,17885002
50,589,17885004
50,589,17885008
50,589,17885010
50,589,17885020
50,589,17885040
50,589,17885080
50,589,17885100
50,589,17885200
50,589,17885400
50,589,17885800
50,589,17886001
50,589,17886002
50,589,17886004
50,589,17886008
50,589,17886010
50,589,17886020
50,589,17886040
50,589,17886080
50,589,17886100
50,589,17886200
50,589,17886400
50,589,17886800
50,589,17887000
50,589,17889400
50,589,1788c001
50,589,1788c002
50,589,1788c004
50,589,1788c008
50,589,1788c010
50,589,1788c020
50,589,1788c040
50,589,1788c080
50,589,1788c100
50,589,1788c200
50,589,1788c400
50,589,1788c800
50,589,1788d000
50,589,1788e000
50,589,17894001
50,589,17894002
50,589,17894004
50,589,17894008
50,589,17894010
50,589,17894020
50,589,17894040
50,589,17894080
50,589,17894100
50,589,17894200
50,589,17894400
50,589,17894800
50,589,17895000
50,589,17896000
50,589,1789c000
50,589,178a000c
50,589,178a1004
50,589,178a1020
50,589,178a1100
50,589,178a2004
50,589,178a2020
50,589,178a2100
50,589,178a4001
50,589,178a4002
50,589,178a4004
50,589,178a4008
50,589,178a4010
50,589,178a4020
50,589,178a4040
50,589,178a4080
50,589,178a4100
50,589,178a4200
50,589,178a4400
50,589,178a4800
50,589,178a5000
50,589,178a6000
50,589,178a9000
50,589,178aa000
50,589,178ac000
50,589,178b0004
50,589,178b4000
50,589,178c4001
50,589,178c4002
50,589,178c4004
50,589,178c4008
50,589,178c4010
50,589,178c4020
50,589,178c4040
50,589,178c4080
50,589,178c4100
50,589,178c4200
50,589,178c4400
50,589,178c4800
50,589,178c5000
50,589,178c6000
50,589,178cc000
50,589,178d4000
50,589,178e0004
50,589,178e4000
50,589,17980084
50,589,17980280
50,589,17980404
50,589,17980600
50,589,17981080
50,589,17981400
50,589,17982001
50,589,17982002
50,589,17982004
50,589,17982008
50,589,17982010
50,589,17982020
50,589,17982040
50,589,17982080
50,589,17982100
50,589,17982200
50,589,17982400
50,589,17982800
50,589,17983000
50,589,17984001
50,589,17984002
50,589,17984004
50,589,17984008
50,589,17984010
50,589,17984020
50,589,17984040
50,589,17984080
50,589,17984100
50,589,17984200
50,589,17984400
50,589,17984800
50,589,17985000
50,589,17986000
50,589,17988080
50,589,1798a000
50,589,1798c000
50,589,17992000
50,589,17994000
50,589,179a0004
50,589,179a0200
50,589,179a1000
50,589,179a2000
50,589,179a4000
50,589,179c0002
50,589,179c0004
50,589,179c0080
50,589,179c0200
50,589,179c1000
50,589,179c2000
50,589,179c4000
50,589,17a84001
50,589,17a84002
50,589,17a84004
50,589,17a84008
50,589,17a84010
50,589,17a84020
50,589,17a84040
50,589,17a84080
50,589,17a84100
50,589,17a84200
50,589,17a84400
50,589,17a84800
50,589,17a85000
50,589,17a86000
50,589,17a8c000
50,589,17a94000
50,589,17aa0004
50,589,17aa4000
50,589,17aa8000
50,589,17ac4000
50,589,17b82000
50,589,17b84000
50,589,17bc0000
50,589,17c81400
50,589,17c82400
50,589,17c84001
50,589,17c84002
50,589,17c84004
50,589,17c84008
50,589,17c84010
50,589,17c84020
50,589,17c84040
50,589,17c84080
50,589,17c84100
50,589,17c84200
50,589,17c84400
50,589,17c84800
50,589,17c85000
50,589,17c86000
50,589,17c8c000
50,589,17c94000
50,589,17ca4000
50,589,17cc4000
50,589,17d80080
50,589,17d82000
50,589,17d84000
50,589,17e84000
50,589,1908c40a
50,589,1908d00a
50,589,19106403
50,589,19107401
50,589,1910c610
50,589,19183420
50,589,19183500
50,589,19184405
50,589,1918440c
50,589,19184421
50,589,19184428
50,589,19184501
50,589,19184508
50,589,19186401
50,589,1918b400
50,589,1918c009
50,589,1918c00a
50,589,1918c00c
50,589,1918c018
50,589,1918c028
50,589,1918c048
50,589,1918c081
50,589,1918c088
50,589,1918c108
50,589,1918c208
50,589,1918c401
50,589,1918c408
50,589,1918c600
50,589,1918c808
50,589,1918d008
50,589,1918e008
50,589,1919c008
50,589,1919d000
50,589,191ac008
50,589,191ac400
50,589,191cc008
50,589,19306401
50,589,1938c008
50,589,19584048
50,589,19584081
50,589,19584088
50,589,19584401
50,589,19584408
50,589,1958c008
50,589,19981401
50,589,19982401
50,589,19984401
50,589,1998c008
50,589,19999000
50,589,1b084c01
50,589,1b084c08
50,589,1b085600
50,589,1b08c202
50,589,1b08c280
50,589,1b08c401
50,589,1b08c408
50,589,1b08c600
50,589,1b08d008
50,589,1b08d200
50,589,1b08e200
50,589,1b094401
50,589,1b094408
50,589,1b094600
50,589,1b095400
50,589,1b09d000
50,589,1b0ac400
50,589,1b0b4400
50,589,1b104403
50,589,1b10440a
50,589,1b184011
50,589,1b184018
50,589,1b184041
50,589,1b184048
50,589,1b184101
50,589,1b184108
50,589,1b184401
50,589,1b184408
50,589,1b185001
50,589,1b185008
50,589,1b185200
50,589,1b187000
50,589,1b18c001
50,589,1b18c008
50,589,1b18c200
50,589,1b195000
50,589,1b1a5000
50,589,1b1ac000
50,589,1b1c4001
50,589,1b1c4008
50,589,1b1c4200
50,589,1b1e4000
50,589,1b294400
50,589,1b584001
50,589,1b584008
50,589,1b885200
50,589,1b88c200
50,589,1b894008
50,589,1b894200
50,589,1b895000
50,589,1b981001
50,589,1b981008
50,589,1b981200
50,589,1b983000
50,589,1b984001
50,589,1b984008
50,589,1b991000
50,589,1b9a1000
50,589,1ba94000
50,589,1d084405
50,589,1d08c401
50,589,1d08c402
50,589,1d08c404
50,589,1d08c408
50,589,1d08c410
50,589,1d08c420
50,589,1d08c440
50,589,1d08c480
50,589,1d08c500
50,589,1d08c600
50,589,1d08cc00
50,589,1d08d400
50,589,1d08e400
50,589,1d09c400
50,589,1d0ac400
50,589,1d0c4404
50,589,1d0c4420
50,589,1d0c4500
50,589,1d0cc400
50,589,1d184404
50,589,1d184420
50,589,1d184500
50,589,1d18c001
50,589,1d18c008
50,589,1d18c400
50,589,1d28c400
50,589,1d38c000
50,589,1d48c400
50,589,1d584001
50,589,1d88c400
50,589,1f084102
50,589,1f084180
50,589,1f084401
50,589,1f084402
50,589,1f084404
50,589,1f084408
50,589,1f084410
50,589,1f084420
50,589,1f084440
50,589,1f084480
50,589,1f084500
50,589,1f084600
50,589,1f084c00
50,589,1f085001
50,589,1f085004
50,589,1f085020
50,589,1f085100
50,589,1f085400
50,589,1f086100
50,589,1f086400
50,589,1f08c002
50,589,1f08c080
50,589,1f08c400
50,589,1f08d000
50,589,1f08e000
50,589,1f094400
50,589,1f0a4400
50,589,1f0c4400
50,589,1f184010
50,589,1f184040
50,589,1f184100
50,589,1f184400
50,589,1f185000
50,589,1f18c000
50,589,1f1c4000
50,589,1f284400
50,589,1f484400
50,589,1f584000
50,589,1f884001
50,589,1f884002
50,589,1f884004
50,589,1f884008
50,589,1f884010
50,589,1f884020
50,589,1f884040
50,589,1f884080
50,589,1f884100
50,589,1f884200
50,589,1f884400
50,589,1f884800
50,589,1f885000
50,589,1f886000
50,589,1f88c000
50,589,1f894000
50,589,1f8a4000
50,589,1f8c4000
50,589,1f980004
50,589,1f980200
50,589,1f981000
50,589,1f982000
50,589,1f984000
50,589,1fa84000
50,589,1fc84000
50,589,20147441
50,589,20147601
50,589,20147602
50,589,20147604
50,589,20147608
50,589,20147610
50,589,20147620
50,589,20147700
50,589,2014f600
50,589,20157401
50,589,20157420
50,589,20157500
50,589,2015f400
50,589,2018e608
50,589,20196422
50,589,20196502
50,589,2019e401
50,589,2019e402
50,589,2019e404
50,589,2019e408
50,589,2019e410
50,589,201c6604
50,589,201c6620
50,589,201c6700
50,589,201ce600
50,589,201d6420
50,589,201d6500
50,589,201de400
50,589,202c5c01
50,589,20346608
50,589,20347401
50,589,203c5401
50,589,2044d481
50,589,2050d601
50,589,2050d608
50,589,2050e608
50,589,2051e401
50,589,2051e408
50,589,20544407
50,589,2054440b
50,589,20544603
50,589,20544605
50,589,20544609
50,589,20544611
50,589,20544621
50,589,20544641
50,589,20544681
50,589,20544701
50,589,20544e01
50,589,20545403
50,589,20545405
50,589,20545409
50,589,20545411
50,589,20545421
50,589,20545441
50,589,20545481
50,589,20545501
50,589,20545601
50,589,20545c01
50,589,20546601
50,589,20546602
50,589,20546604
50,589,20546608
50,589,20546610
50,589,20546620
50,589,20546700
50,589,20547401
50,589,2054c40a
50,589,2054c601
50,589,2054c608
50,589,2054d401
50,589,2054d408
50,589,2054e600
50,589,2054f400
50,589,20554403
50,589,20554405
50,589,20554409
50,589,20554411
50,589,20554421
50,589,20554441
50,589,20554481
50,589,20554501
50,589,20554601
50,589,20554608
50,589,20554c01
50,589,20555401
50,589,20556401
50,589,20556420
50,589,20556500
50,589,2055c401
50,589,2055e400
50,589,20564601
50,589,20565401
50,589,20574401
50,589,205c4601
50,589,205c4608
50,589,205c5041
50,589,205c5401
50,589,205cd001
50,589,205d4401
50,589,20744403
50,589,20744405
50,589,20744409
50,589,20744411
50,589,20744421
50,589,20744441
50,589,20744481
50,589,20744501
50,589,20744601
50,589,20744c01
50,589,20745401
50,589,20746401
50,589,2074c401
50,589,2074c408
50,589,2074e400
50,589,20754401
50,589,20754408
50,589,20764401
50,589,207c4401
50,589,20907601
50,589,20907608
50,589,20917401
50,589,20943601
50,589,20d16401
50,589,20d44601
50,589,20d45401
50,589,20d54401
50,589,20f44401
50,589,21007407
50,589,2100740b
50,589,21007423
50,589,21007485
50,589,210074a1
50,589,21007503
50,589,21007605
50,589,21007609
50,589,2100760c
50,589,21007621
50,589,21007628
50,589,21007701
50,589,21007708
50,589,21007c05
50,589,21007c21
50,589,2100d443
50,589,2100f403
50,589,2100f601
50,589,2100f602
50,589,2100f604
50,589,2100f608
50,589,2100f610
50,589,21017405
50,589,21017409
50,589,2101740c
50,589,21017421
50,589,21017428
50,589,21017501
50,589,21017508
50,589,2101c483
50,589,2101d403
50,589,2101dc02
50,589,2101f401
50,589,2101f402
50,589,2101f404
50,589,2101f408
50,589,2101f410
50,589,21025485
50,589,2102d403
50,589,2102d601
50,589,2103d401
50,589,21044487
50,589,2104448b
50,589,21044493
50,589,210444a3
50,589,210444c3
50,589,21044583
50,589,21044683
50,589,21044c07
50,589,21044c0b
50,589,21044c13
50,589,21044c23
50,589,21044c43
50,589,21044c83
50,589,21044d03
50,589,21044e03
50,589,21045407
50,589,2104540b
50,589,21045413
50,589,21045423
50,589,21045443
50,589,21045483
50,589,21045485
50,589,21045489
50,589,21045491
50,589,210454a1
50,589,210454c1
50,589,21045503
50,589,21045581
50,589,21045603
50,589,21045605
50,589,21045609
50,589,21045611
50,589,21045621
50,589,21045641
50,589,21045681
50,589,21045701
50,589,21045c03
50,589,21045c05
50,589,21045c06
50,589,21045c09
50,589,21045c0a
50,589,21045c0c
50,589,21045c11
50,589,21045c12
50,589,21045c14
50,589,21045c21
50,589,21045c22
50,589,21045c24
50,589,21045c28
50,589,21045c30
50,589,21045c41
50,589,21045c42
50,589,21045c44
50,589,21045c60
50,589,21045c81
50,589,21045c82
50,589,21045c84
50,589,21045ca0
50,589,21045d01
50,589,21045d02
50,589,21045d04
50,589,21045d08
50,589,21045d10
50,589,21045d20
50,589,21045d40
50,589,21045d80
50,589,21045e01
50,589,21045e02
50,589,21045e04
50,589,21045e08
50,589,21045e10
50,589,21045e20
50,589,21045f00
50,589,21046407
50,589,2104640b
50,589,21046413
50,589,21046423
50,589,21046443
50,589,21046483
50,589,21046503
50,589,21046603
50,589,21046c03
50,589,21047403
50,589,21047481
50,589,21047482
50,589,21047484
50,589,210474a0
50,589,21047580
50,589,21047601
50,589,21047602
50,589,21047604
50,589,21047608
50,589,21047610
50,589,21047620
50,589,21047700
50,589,21047c01
50,589,21047c02
50,589,21047c04
50,589,21047c20
50,589,21047d00
50,589,2104b403
50,589,2104b601
50,589,2104c483
50,589,2104cc03
50,589,2104cc06
50,589,2104cc0a
50,589,2104cc12
50,589,2104cc22
50,589,2104cc42
50,589,2104cc82
50,589,2104cd02
50,589,2104ce02
50,589,2104d403
50,589,2104d481
50,589,2104d601
50,589,2104dc01
50,589,2104dc02
50,589,2104dc04
50,589,2104dc08
50,589,2104dc10
50,589,2104dc20
50,589,2104dc40
50,589,2104dc80
50,589,2104dd00
50,589,2104de00
50,589,2104e403
50,589,2104e482
50,589,2104e602
50,589,2104ec02
50,589,2104f480
50,589,2104f600
50,589,2104fc00
50,589,21054483
50,589,21054486
50,589,2105448a
50,589,21054492
50,589,210544a2
50,589,210544c2
50,589,21054582
50,589,21054682
50,589,21054c03
50,589,21054c06
50,589,21054c0a
50,589,21054c12
50,589,21054c22
50,589,21054c42
50,589,21054c82
50,589,21054d02
50,589,21054e02
50,589,21055403
50,589,21055405
50,589,21055406
50,589,21055409
50,589,2105540a
50,589,2105540c
50,589,21055411
50,589,21055412
50,589,21055414
50,589,21055421
50,589,21055422
50,589,21055424
50,589,21055428
50,589,21055430
50,589,21055441
50,589,21055442
50,589,21055444
50,589,21055460
50,589,21055481
50,589,21055482
50,589,21055484
50,589,210554a0
50,589,21055501
50,589,21055502
50,589,21055504
50,589,21055508
50,589,21055510
50,589,21055520
50,589,21055540
50,589,21055580
50,589,21055601
50,589,21055602
50,589,21055604
50,589,21055608
50,589,21055610
50,589,21055620
50,589,21055700
50,589,21055c01
50,589,21055c02
50,589,21055c04
50,589,21055c20
50,589,21055d00
50,589,21056403
50,589,21056406
50,589,2105640a
50,589,21056412
50,589,21056422
50,589,21056442
50,589,21056482
50,589,21056502
50,589,21056602
50,589,21056c02
50,589,21057401
50,589,21057402
50,589,21057404
50,589,21057420
50,589,21057500
50,589,2105c482
50,589,2105cc02
50,589,2105d401
50,589,2105d402
50,589,2105d404
50,589,2105d408
50,589,2105d410
50,589,2105d420
50,589,2105d440
50,589,2105d480
50,589,2105d500
50,589,2105d600
50,589,2105dc00
50,589,2105e402
50,589,2105f400
50,589,21064407
50,589,2106440b
50,589,21064413
50,589,21064423
50,589,21064443
50,589,21064483
50,589,21064503
50,589,21064603
50,589,21064c03
50,589,21065089
50,589,21065403
50,589,21065481
50,589,21065601
50,589,21065c01
50,589,21065c02
50,589,21065c04
50,589,21065c20
50,589,21065d00
50,589,21066403
50,589,21067402
50,589,2106c403
50,589,2106cc02
50,589,2106dc00
50,589,2106e402
50,589,21074403
50,589,21074406
50,589,2107440a
50,589,21074412
50,589,21074422
50,589,21074442
50,589,21074482
50,589,21074502
50,589,21074602
50,589,21074c02
50,589,21075401
50,589,21075402
50,589,21075404
50,589,21075420
50,589,21075500
50,589,21076402
50,589,2107c402
50,589,2107d400
50,589,21084447
50,589,2108444b
50,589,21084463
50,589,21084543
50,589,21086407
50,589,21086485
50,589,21086605
50,589,2108660c
50,589,21086c05
50,589,21086e04
50,589,2108b403
50,589,2108c443
50,589,2108c4c2
50,589,2108c642
50,589,2108cc42
50,589,2108e403
50,589,2108e482
50,589,2108e601
50,589,2108e602
50,589,2108e604
50,589,2108e608
50,589,2108e610
50,589,2108ec02
50,589,2108f201
50,589,2108f208
50,589,21094407
50,589,21096405
50,589,2109640c
50,589,21096c04
50,589,2109c403
50,589,2109c406
50,589,2109c40a
50,589,2109c412
50,589,2109c422
50,589,2109c442
50,589,2109c482
50,589,2109c502
50,589,2109c602
50,589,2109cc02
50,589,2109d402
50,589,2109e401
50,589,2109e402
50,589,2109e404
50,589,2109e408
50,589,2109e410
50,589,2109f001
50,589,2109f002
50,589,2109f004
50,589,2109f008
50,589,2109f010
50,589,210a4407
50,589,210a5301
50,589,210ac403
50,589,210ac482
50,589,210ac602
50,589,210acc02
50,589,210ad201
50,589,210ad204
50,589,210ad208
50,589,210b5101
50,589,210bc402
50,589,210bd001
50,589,210bd004
50,589,210bd008
50,589,210c4407
50,589,210c440b
50,589,210c4413
50,589,210c4423
50,589,210c4443
50,589,210c4483
50,589,210c44c1
50,589,210c4503
50,589,210c4603
50,589,210c4606
50,589,210c460a
50,589,210c4612
50,589,210c4622
50,589,210c4641
50,589,210c4642
50,589,210c4644
50,589,210c4648
50,589,210c4650
50,589,210c4660
50,589,210c4682
50,589,210c4702
50,589,210c4740
50,589,210c4c03
50,589,210c4c41
50,589,210c4e02
50,589,210c5403
50,589,210c5481
50,589,210c5482
50,589,210c5484
50,589,210c54a0
50,589,210c5580
50,589,210c5601
50,589,210c5602
50,589,210c5604
50,589,210c5608
50,589,210c5610
50,589,210c5620
50,589,210c5700
50,589,210c5c01
50,589,210c5c02
50,589,210c5c04
50,589,210c5c20
50,589,210c5d00
50,589,210c6403
50,589,210c6481
50,589,210c6601
50,589,210c6602
50,589,210c6604
50,589,210c6608
50,589,210c6610
50,589,210c6620
50,589,210c6700
50,589,210c6c01
50,589,210c9482
50,589,210c9602
50,589,210cc403
50,589,210cc482
50,589,210cc4c0
50,589,210cc602
50,589,210cc640
50,589,210ccc02
50,589,210ccc40
50,589,210cd088
50,589,210cd480
50,589,210cd600
50,589,210cdc00
50,589,210ce480
50,589,210ce600
50,589,210ce808
50,589,210cec00
50,589,210d4403
50,589,210d4406
50,589,210d440a
50,589,210d4412
50,589,210d4422
50,589,210d4441
50,589,210d4442
50,589,210d4444
50,589,210d4460
50,589,210d4482
50,589,210d4502
50,589,210d4540
50,589,210d4602
50,589,210d4c02
50,589,210d5401
50,589,210d5402
50,589,210d5404
50,589,210d5420
50,589,210d5500
50,589,210d6401
50,589,210d6402
50,589,210d6404
50,589,210d6420
50,589,210d6500
50,589,210dc402
50,589,210dc440
50,589,210dd080
50,589,210dd400
50,589,210de400
50,589,210df000
50,589,210e4403
50,589,210e4602
50,589,210e5210
50,589,210e5300
50,589,210e5402
50,589,210e9402
50,589,210ec402
50,589,210ed200
50,589,210f4402
50,589,210f5100
50,589,210fd000
50,589,21107085
50,589,211070a1
50,589,21107405
50,589,21107421
50,589,21107604
50,589,2110e608
50,589,2110f201
50,589,2110f208
50,589,21113405
50,589,21117404
50,589,2111b410
50,589,2111d003
50,589,2111e401
50,589,2111e408
50,589,2111f001
50,589,2111f002
50,589,2111f004
50,589,2111f008
50,589,2111f010
50,589,21125085
50,589,21125405
50,589,2112d201
50,589,21141603
50,589,2114160a
50,589,21142641
50,589,21142642
50,589,21143601
50,589,21143602
50,589,21143604
50,589,21143608
50,589,21143610
50,589,21143620
50,589,21143700
50,589,2114408d
50,589,21144483
50,589,21144485
50,589,21144486
50,589,21144489
50,589,2114448a
50,589,2114448c
50,589,21144491
50,589,21144492
50,589,21144494
50,589,211444a1
50,589,211444a2
50,589,211444a4
50,589,211444a8
50,589,211444b0
50,589,211444c1
50,589,211444c2
50,589,211444c4
50,589,211444e0
50,589,21144581
50,589,21144582
50,589,21144584
50,589,21144588
50,589,21144590
50,589,211445a0
50,589,211445c0
50,589,21144681
50,589,21144682
50,589,21144684
50,589,21144688
50,589,21144690
50,589,211446a0
50,589,21144780
50,589,21144c03
50,589,21144c05
50,589,21144c06
50,589,21144c09
50,589,21144c0a
50,589,21144c0c
50,589,21144c11
50,589,21144c12
50,589,21144c14
50,589,21144c21
50,589,21144c22
50,589,21144c24
50,589,21144c28
50,589,21144c30
50,589,21144c41
50,589,21144c42
50,589,21144c44
50,589,21144c60
50,589,21144c81
50,589,21144c82
50,589,21144c84
50,589,21144ca0
50,589,21144d01
50,589,21144d02
50,589,21144d04
50,589,21144d08
50,589,21144d10
50,589,21144d20
50,589,21144d40
50,589,21144d80
50,589,21144e01
50,589,21144e02
50,589,21144e04
50,589,21144e08
50,589,21144e10
50,589,21144e20
50,589,21144f00
50,589,21145083
50,589,21145085
50,589,21145089
50,589,2114508a
50,589,2114508c
50,589,21145091
50,589,211450a1
50,589,211450a8
50,589,211450c1
50,589,21145181
50,589,21145188
50,589,21145218
50,589,21145248
50,589,21145281
50,589,21145288
50,589,21145308
50,589,21145403
50,589,21145405
50,589,21145409
50,589,21145411
50,589,21145421
50,589,21145441
50,589,21145481
50,589,21145482
50,589,21145484
50,589,211454a0
50,589,21145501
50,589,21145580
50,589,21145601
50,589,21145602
50,589,21145604
50,589,21145608
50,589,21145610
50,589,21145620
50,589,21145700
50,589,21145881
50,589,21145c01
50,589,21145c02
50,589,21145c04
50,589,21145c20
50,589,21145d00
50,589,2114608a
50,589,2114608c
50,589,21146403
50,589,21146405
50,589,21146409
50,589,21146411
50,589,21146421
50,589,21146441
50,589,21146481
50,589,21146482
50,589,21146484
50,589,211464a0
50,589,21146501
50,589,21146580
50,589,21146601
50,589,21146602
50,589,21146604
50,589,21146608
50,589,21146610
50,589,21146620
50,589,21146700
50,589,21146c01
50,589,21146c02
50,589,21146c04
50,589,21146c20
50,589,21146d00
50,589,21147081
50,589,21147401
50,589,21149482
50,589,21149602
50,589,2114a610
50,589,2114b600
50,589,2114c481
50,589,2114c482
50,589,2114c484
50,589,2114c488
50,589,2114c490
50,589,2114c4a0
50,589,2114c4c0
50,589,2114c580
50,589,2114c680
50,589,2114cc01
50,589,2114cc02
50,589,2114cc04
50,589,2114cc08
50,589,2114cc10
50,589,2114cc20
50,589,2114cc40
50,589,2114cc80
50,589,2114cd00
50,589,2114ce00
50,589,2114d003
50,589,2114d081
50,589,2114d088
50,589,2114d201
50,589,2114d208
50,589,2114d401
50,589,2114d480
50,589,2114d600
50,589,2114dc00
50,589,2114e401
50,589,2114e480
50,589,2114e600
50,589,2114ec00
50,589,2114f001
50,589,21153402
50,589,21153404
50,589,21154481
50,589,21154482
50,589,21154484
50,589,211544a0
50,589,21154580
50,589,21154c01
50,589,21154c02
50,589,21154c04
50,589,21154c20
50,589,21154d00
50,589,21155081
50,589,21155401
50,589,21155402
50,589,21155404
50,589,21155420
50,589,21155500
50,589,21156401
50,589,21156402
50,589,21156404
50,589,21156420
50,589,21156500
50,589,2115c480
50,589,2115cc00
50,589,2115d400
50,589,2115e400
50,589,2115f000
50,589,21164085
50,589,21164403
50,589,21164405
50,589,21164406
50,589,21164409
50,589,2116440a
50,589,2116440c
50,589,21164411
50,589,21164412
50,589,21164414
50,589,21164421
50,589,21164422
50,589,21164424
50,589,21164428
50,589,21164430
50,589,21164441
50,589,21164442
50,589,21164444
50,589,21164460
50,589,21164481
50,589,21164482
50,589,21164484
50,589,211644a0
50,589,21164501
50,589,21164502
50,589,21164504
50,589,21164508
50,589,21164510
50,589,21164520
50,589,21164540
50,589,21164580
50,589,21164601
50,589,21164602
50,589,21164604
50,589,21164608
50,589,21164610
50,589,21164620
50,589,21164700
50,589,21164c01
50,589,21164c02
50,589,21164c04
50,589,21164c20
50,589,21164d00
50,589,21165081
50,589,21165401
50,589,21165402
50,589,21165404
50,589,21165420
50,589,21165500
50,589,21166401
50,589,21166402
50,589,21166404
50,589,21166420
50,589,21166500
50,589,21169402
50,589,2116c401
50,589,2116c402
50,589,2116c404
50,589,2116c408
50,589,2116c410
50,589,2116c420
50,589,2116c440
50,589,2116c480
50,589,2116c500
50,589,2116c600
50,589,2116cc00
50,589,2116d400
50,589,2116e002
50,589,2116e004
50,589,2116e400
50,589,2116f000
50,589,21174401
50,589,21174402
50,589,21174404
50,589,21174420
50,589,21174500
50,589,2117c400
50,589,21183604
50,589,21186405
50,589,21186421
50,589,21186604
50,589,21193404
50,589,21194406
50,589,21194422
50,589,21194502
50,589,21196404
50,589,2119c402
50,589,2119d002
50,589,211a4405
50,589,211a4406
50,589,211a4421
50,589,211a4422
50,589,211a4502
50,589,211a4604
50,589,211a4620
50,589,211ac402
50,589,211b4404
50,589,211b4420
50,589,211c0642
50,589,211c1602
50,589,211c1700
50,589,211c408c
50,589,211c4248
50,589,211c4288
50,589,211c4403
50,589,211c4405
50,589,211c4409
50,589,211c4411
50,589,211c4421
50,589,211c4441
50,589,211c4481
50,589,211c4482
50,589,211c4484
50,589,211c44a0
50,589,211c4501
50,589,211c4580
50,589,211c4601
50,589,211c4602
50,589,211c4604
50,589,211c4608
50,589,211c4610
50,589,211c4620
50,589,211c4700
50,589,211c4c01
50,589,211c4c02
50,589,211c4c04
50,589,211c4c20
50,589,211c4d00
50,589,211c5081
50,589,211c5401
50,589,211c6401
50,589,211cc208
50,589,211cc401
50,589,211cc480
50,589,211cc600
50,589,211ccc00
50,589,211cd001
50,589,211d4401
50,589,211d4402
50,589,211d4404
50,589,211d4420
50,589,211d4500
50,589,211dc400
50,589,211dd000
50,589,211e4084
50,589,211e4401
50,589,211e4402
50,589,211e4404
50,589,211e4420
50,589,211e4500
50,589,211e5100
50,589,211e6100
50,589,211ec400
50,589,211ed000
50,589,211ee000
50,589,2120d403
50,589,2121f001
50,589,2121f002
50,589,2121f004
50,589,2121f008
50,589,2121f010
50,589,21244483
50,589,21244485
50,589,21244489
50,589,21244491
50,589,212444a1
50,589,212444c1
50,589,21244581
50,589,21244681
50,589,21244c03
50,589,21244c05
50,589,21244c09
50,589,21244c11
50,589,21244c21
50,589,21244c41
50,589,21244c81
50,589,21244d01
50,589,21244e01
50,589,212450c1
50,589,21245403
50,589,21245481
50,589,21245601
50,589,21245c01
50,589,21245c02
50,589,21245c04
50,589,21245c20
50,589,21245d00
50,589,21246403
50,589,21246481
50,589,21246601
50,589,21246c01
50,589,2124c481
50,589,2124cc01
50,589,2124cc02
50,589,2124cc04
50,589,2124cc08
50,589,2124cc10
50,589,2124cc20
50,589,2124cc40
50,589,2124cc80
50,589,2124cd00
50,589,2124ce00
50,589,2124d081
50,589,2124d880
50,589,2124dc00
50,589,2124e202
50,589,2124e480
50,589,2124e600
50,589,2124ec00
50,589,2124f080
50,589,2124f200
50,589,2124f800
50,589,21254481
50,589,21254482
50,589,21254484
50,589,212544a0
50,589,21254580
50,589,21254c01
50,589,21254c02
50,589,21254c04
50,589,21254c20
50,589,21254d00
50,589,21255401
50,589,21255402
50,589,21255404
50,589,21255420
50,589,21255500
50,589,21256401
50,589,21256402
50,589,21256404
50,589,21256420
50,589,21256500
50,589,2125c480
50,589,2125cc00
50,589,2125d080
50,589,2125d400
50,589,2125e002
50,589,2125e400
50,589,2125f000
50,589,21264403
50,589,21264481
50,589,21264601
50,589,21264c01
50,589,21265081
50,589,2126cc00
50,589,21274401
50,589,21274402
50,589,21274404
50,589,21274420
50,589,21274500
50,589,2127c400
50,589,21284407
50,589,2128440b
50,589,21284423
50,589,21284503
50,589,2128c083
50,589,2128c08a
50,589,2128c403
50,589,2128c482
50,589,2128c602
50,589,2128cc02
50,589,2128e201
50,589,2128e208
50,589,2129c402
50,589,2129e001
50,589,2129e008
50,589,212ac201
50,589,212ac208
50,589,212bc001
50,589,212bc008
50,589,212c40c1
50,589,212c4403
50,589,212c4481
50,589,212c4601
50,589,212c4602
50,589,212c4604
50,589,212c4608
50,589,212c4610
50,589,212c4620
50,589,212c4700
50,589,212c4c01
50,589,212cc081
50,589,212cc082
50,589,212cc084
50,589,212cc088
50,589,212cc090
50,589,212cc0a0
50,589,212cc0c0
50,589,212cc180
50,589,212cc280
50,589,212cc480
50,589,212cc600
50,589,212cc880
50,589,212ccc00
50,589,212cd080
50,589,212ce080
50,589,212ce200
50,589,212ce800
50,589,212d4401
50,589,212d4402
50,589,212d4404
50,589,212d4420
50,589,212d4500
50,589,212dc080
50,589,212dc400
50,589,212de000
50,589,212e4081
50,589,212ec002
50,589,212ec080
50,589,212ec200
50,589,212ec800
50,589,212fc000
50,589,21342601
50,589,21342602
50,589,21342604
50,589,21342608
50,589,21342610
50,589,21344083
50,589,21344085
50,589,21344089
50,589,2134408a
50,589,2134408c
50,589,21344091
50,589,213440a1
50,589,213440a8
50,589,213440c1
50,589,213440c2
50,589,213440c4
50,589,213440e0
50,589,21344181
50,589,21344188
50,589,213441c0
50,589,21344281
50,589,21344288
50,589,21344481
50,589,21344482
50,589,21344484
50,589,213444a0
50,589,21344580
50,589,21344881
50,589,21344c01
50,589,21344c02
50,589,21344c04
50,589,21344c20
50,589,21344d00
50,589,21345081
50,589,21345401
50,589,21346081
50,589,21346401
50,589,2134c081
50,589,2134c082
50,589,2134c084
50,589,2134c088
50,589,2134c090
50,589,2134c0a0
50,589,2134c0c0
50,589,2134c180
50,589,2134c280
50,589,2134c480
50,589,2134c802
50,589,2134c880
50,589,2134ca00
50,589,2134cc00
50,589,2134d080
50,589,2134d200
50,589,2134e001
50,589,2134e080
50,589,2134e200
50,589,2134e800
50,589,21354081
50,589,21354082
50,589,21354084
50,589,213540a0
50,589,21354180
50,589,2135c080
50,589,2135e000
50,589,21364081
50,589,21364401
50,589,21364402
50,589,21364404
50,589,21364420
50,589,21364500
50,589,2136c002
50,589,2136c080
50,589,2136c200
50,589,2136c400
50,589,2136e000
50,589,213a4404
50,589,213a4420
50,589,213c0602
50,589,213c4081
50,589,213c4082
50,589,213c4084
50,589,213c40a0
50,589,213c4180
50,589,213c4401
50,589,213cc001
50,589,213cc080
50,589,213cc200
50,589,213cc800
50,589,213dc000
50,589,213ec000
50,589,21405485
50,589,21407608
50,589,2140c40b
50,589,2140d403
50,589,2140d601
50,589,21417048
50,589,21417408
50,589,2141c403
50,589,2141d401
50,589,2141d402
50,589,2141d404
50,589,2141d408
50,589,2141d410
50,589,21444407
50,589,2144440b
50,589,21444413
50,589,21444423
50,589,21444443
50,589,21444483
50,589,21444503
50,589,21444603
50,589,21444606
50,589,2144460a
50,589,21444612
50,589,21444622
50,589,21444642
50,589,21444682
50,589,21444702
50,589,21444c03
50,589,21444e02
50,589,21445089
50,589,2144508a
50,589,2144508c
50,589,21445098
50,589,214450a8
50,589,214450c8
50,589,21445188
50,589,21445288
50,589,21445403
50,589,21445406
50,589,2144540a
50,589,21445412
50,589,21445422
50,589,21445442
50,589,21445481
50,589,21445482
50,589,21445484
50,589,21445488
50,589,21445490
50,589,214454a0
50,589,21445502
50,589,21445580
50,589,21445601
50,589,21445602
50,589,21445604
50,589,21445608
50,589,21445610
50,589,21445620
50,589,21445700
50,589,21445888
50,589,21445c01
50,589,21445c02
50,589,21445c04
50,589,21445c08
50,589,21445c10
50,589,21445c20
50,589,21445d00
50,589,21446403
50,589,21446602
50,589,21447088
50,589,21447402
50,589,2144c403
50,589,2144c406
50,589,2144c40a
50,589,2144c412
50,589,2144c422
50,589,2144c442
50,589,2144c482
50,589,2144c502
50,589,2144c602
50,589,2144cc02
50,589,2144d088
50,589,2144d402
50,589,2144d480
50,589,2144d600
50,589,2144dc00
50,589,2144e402
50,589,21454403
50,589,21454406
50,589,2145440a
50,589,21454412
50,589,21454422
50,589,21454442
50,589,21454482
50,589,21454502
50,589,21454602
50,589,21454c02
50,589,21455088
50,589,21455401
50,589,21455402
50,589,21455404
50,589,21455408
50,589,21455410
50,589,21455420
50,589,21455500
50,589,21456402
50,589,2145c402
50,589,2145d400
50,589,21464403
50,589,21464602
50,589,21465088
50,589,21465402
50,589,2146c402
50,589,21474402
50,589,21484407
50,589,21484648
50,589,2148508a
50,589,21485288
50,589,2148540a
50,589,21485608
50,589,21486604
50,589,2148c403
50,589,2148c406
50,589,2148c40a
50,589,2148c412
50,589,2148c422
50,589,2148c442
50,589,2148c482
50,589,2148c502
50,589,2148c602
50,589,2148cc02
50,589,2148d201
50,589,2148d204
50,589,2148d208
50,589,2148d402
50,589,2148e402
50,589,21494448
50,589,21495088
50,589,21495408
50,589,21496404
50,589,2149c402
50,589,2149d001
50,589,2149d004
50,589,2149d008
50,589,214ac402
50,589,214c4403
50,589,214c4602
50,589,214c500a
50,589,214c5088
50,589,214c5201
50,589,214c5202
50,589,214c5204
50,589,214c5208
50,589,214c5210
50,589,214c5220
50,589,214c5300
50,589,214c5402
50,589,214c5808
50,589,214cc402
50,589,214cd200
50,589,214d4402
50,589,214d5001
50,589,214d5002
50,589,214d5004
50,589,214d5008
50,589,214d5010
50,589,214d5020
50,589,214d5100
50,589,214dd000
50,589,21504407
50,589,2150440d
50,589,21504415
50,589,21504425
50,589,21504445
50,589,21504485
50,589,21504505
50,589,21504605
50,589,21504c05
50,589,21505085
50,589,21505405
50,589,21505406
50,589,21505604
50,589,21506405
50,589,21506421
50,589,21509602
50,589,2150a403
50,589,2150c403
50,589,2150c405
50,589,2150c411
50,589,2150c421
50,589,2150c601
50,589,2150c608
50,589,2150d201
50,589,2150d208
50,589,21514405
50,589,21515404
50,589,2151c401
50,589,2151c408
50,589,21524405
50,589,21542601
50,589,21542602
50,589,21544085
50,589,21544403
50,589,21544405
50,589,21544406
50,589,21544409
50,589,2154440a
50,589,2154440c
50,589,21544411
50,589,21544412
50,589,21544414
50,589,21544418
50,589,21544421
50,589,21544422
50,589,21544424
50,589,21544428
50,589,21544430
50,589,21544441
50,589,21544442
50,589,21544444
50,589,21544448
50,589,21544450
50,589,21544460
50,589,21544481
50,589,21544482
50,589,21544484
50,589,21544488
50,589,21544490
50,589,215444a0
50,589,21544501
50,589,21544502
50,589,21544504
50,589,21544508
50,589,21544510
50,589,21544520
50,589,21544540
50,589,21544580
50,589,21544601
50,589,21544602
50,589,21544604
50,589,21544608
50,589,21544610
50,589,21544620
50,589,21544700
50,589,21544c01
50,589,21544c02
50,589,21544c04
50,589,21544c08
50,589,21544c10
50,589,21544c20
50,589,21544d00
50,589,21545081
50,589,21545088
50,589,21545401
50,589,21545402
50,589,21545404
50,589,21545408
50,589,21545410
50,589,21545420
50,589,21545500
50,589,21546042
50,589,21546044
50,589,21546401
50,589,21546402
50,589,21546404
50,589,21546408
50,589,21546410
50,589,21546420
50,589,21546500
50,589,2154c401
50,589,2154c402
50,589,2154c404
50,589,2154c408
50,589,2154c410
50,589,2154c420
50,589,2154c440
50,589,2154c480
50,589,2154c500
50,589,2154c600
50,589,2154cc00
50,589,2154d400
50,589,2154e002
50,589,2154e004
50,589,2154e400
50,589,2154f000
50,589,21554401
50,589,21554402
50,589,21554404
50,589,21554408
50,589,21554410
50,589,21554420
50,589,21554500
50,589,2155c400
50,589,21564401
50,589,21564402
50,589,21564404
50,589,21564408
50,589,21564410
50,589,21564420
50,589,21564500
50,589,2156c400
50,589,21584405
50,589,21584406
50,589,2158440a
50,589,21584421
50,589,21584422
50,589,21584502
50,589,21584604
50,589,21584608
50,589,2158c402
50,589,21594404
50,589,21594408
50,589,215c0602
50,589,215c4084
50,589,215c4401
50,589,215c4402
50,589,215c4404
50,589,215c4408
50,589,215c4410
50,589,215c4420
50,589,215c4500
50,589,215c5001
50,589,215c5002
50,589,215c5004
50,589,215c5008
50,589,215c5010
50,589,215c5020
50,589,215c5100
50,589,215c6001
50,589,215c6002
50,589,215c6004
50,589,215c6008
50,589,215c6010
50,589,215c6020
50,589,215c6100
50,589,215cc400
50,589,215cd000
50,589,215ce000
50,589,21605085
50,589,2161c401
50,589,21644403
50,589,21644481
50,589,21644601
50,589,21644602
50,589,21644604
50,589,21644608
50,589,21644610
50,589,21644620
50,589,21644700
50,589,21644c01
50,589,21645081
50,589,21645088
50,589,21645402
50,589,2164c402
50,589,2164c480
50,589,2164c600
50,589,2164cc00
50,589,2164d080
50,589,21654401
50,589,21654402
50,589,21654404
50,589,21654408
50,589,21654410
50,589,21654420
50,589,21654500
50,589,2165c400
50,589,21684608
50,589,2168c201
50,589,2168c208
50,589,2168c402
50,589,21694408
50,589,2169c001
50,589,2169c008
50,589,216c4081
50,589,216c4201
50,589,216c5002
50,589,216cc002
50,589,216cc080
50,589,216cc200
50,589,216cc800
50,589,216dc000
50,589,21704405
50,589,21704406
50,589,2170440c
50,589,21704414
50,589,21704424
50,589,21704444
50,589,21704484
50,589,21704504
50,589,21704604
50,589,21704c04
50,589,21705404
50,589,21706404
50,589,2170c201
50,589,2170c208
50,589,2170c404
50,589,21714404
50,589,21724404
50,589,21744042
50,589,21744081
50,589,21744088
50,589,21744401
50,589,21744402
50,589,21744404
50,589,21744408
50,589,21744410
50,589,21744420
50,589,21744500
50,589,2174c002
50,589,2174c080
50,589,2174c200
50,589,2174c400
50,589,2174e000
50,589,21784404
50,589,217c4001
50,589,217cc000
50,589,21807403
50,589,21807601
50,589,21807608
50,589,21816405
50,589,21817401
50,589,21844483
50,589,218444c1
50,589,21844c03
50,589,21844c41
50,589,21845403
50,589,21845481
50,589,21845601
50,589,21845c01
50,589,21845c02
50,589,21845c04
50,589,21845c20
50,589,21845d00
50,589,21846403
50,589,21846481
50,589,21846601
50,589,21846c01
50,589,2184b600
50,589,2184cc02
50,589,2184dc00
50,589,21854482
50,589,21854c02
50,589,21855401
50,589,21855402
50,589,21855404
50,589,21855420
50,589,21855500
50,589,21856401
50,589,21856402
50,589,21856500
50,589,2185d400
50,589,21864403
50,589,21874402
50,589,21882407
50,589,21882605
50,589,21883403
50,589,21884443
50,589,21892405
50,589,2189c402
50,589,218c1403
50,589,218c1601
50,589,218c4403
50,589,218c4602
50,589,218c9208
50,589,218d1401
50,589,218d4402
50,589,218d9001
50,589,218d9008
50,589,218dd000
50,589,21912405
50,589,21916401
50,589,21941403
50,589,21942403
50,589,21942601
50,589,21942602
50,589,21942604
50,589,21942608
50,589,21942610
50,589,21942620
50,589,21942700
50,589,21944481
50,589,21944482
50,589,21944484
50,589,219444a0
50,589,21944580
50,589,21944c01
50,589,21944c02
50,589,21944c04
50,589,21944c20
50,589,21944d00
50,589,21945081
50,589,21945401
50,589,21946401
50,589,2194a600
50,589,2194c480
50,589,2194cc00
50,589,2194d001
50,589,21962402
50,589,21964401
50,589,21964402
50,589,21964404
50,589,21964420
50,589,21964500
50,589,2196c400
50,589,2196e000
50,589,21982604
50,589,21994402
50,589,219a4402
50,589,219c0601
50,589,219c0602
50,589,219c4401
50,589,219d9000
50,589,21a44481
50,589,21a44c01
50,589,21a4c801
50,589,21a4c880
50,589,21a4cc00
50,589,21a4e080
50,589,21a4e200
50,589,21a4e800
50,589,21a5e000
50,589,21a84403
50,589,21a8c003
50,589,21acc080
50,589,21acc200
50,589,21acc800
50,589,21adc000
50,589,21b44081
50,589,21b4c080
50,589,21b4c800
50,589,21b6c000
50,589,21c44403
50,589,21c44602
50,589,21c45088
50,589,21c45402
50,589,21c49402
50,589,21c4c402
50,589,21c54402
50,589,21c8140a
50,589,21c83042
50,589,21c83402
50,589,21c8900a
50,589,21c8b002
50,589,21c8c402
50,589,21cc1042
50,589,21cc1402
50,589,21cc5002
50,589,21cc9002
50,589,21d04405
50,589,21d44401
50,589,21d44402
50,589,21d44404
50,589,21d44408
50,589,21d44410
50,589,21d44420
50,589,21d44500
50,589,21d4c400
50,589,21d4e000
50,589,21d84402
50,589,21f04404
50,589,21f4c000
50,589,22047403
50,589,22047405
50,589,22047409
50,589,22047411
50,589,22047421
50,589,22047441
50,589,22047481
50,589,22047501
50,589,22047601
50,589,22047c01
50,589,2204f401
50,589,22057401
50,589,22067401
50,589,220c5481
50,589,220c7401
50,589,220cd401
50,589,22146604
50,589,22146620
50,589,22146700
50,589,22147401
50,589,22147600
50,589,2214e600
50,589,2214f080
50,589,2214f800
50,589,22156404
50,589,22156420
50,589,22156500
50,589,22157400
50,589,2215e400
50,589,22167400
50,589,22186604
50,589,22195401
50,589,22196404
50,589,221c5401
50,589,221e5040
50,589,221e5400
50,589,221ed000
50,589,22246403
50,589,22247401
50,589,222c5401
50,589,22346208
50,589,22346600
50,589,22356008
50,589,22356400
50,589,223c4280
50,589,223c6200
50,589,223d6000
50,589,22447401
50,589,22447600
50,589,2244d401
50,589,22485288
50,589,22495088
50,589,2249d008
50,589,224cc401
50,589,224cd008
50,589,22504681
50,589,22504688
50,589,22504e01
50,589,22504e08
50,589,22505205
50,589,22505209
50,589,22505281
50,589,22505601
50,589,22505608
50,589,22506601
50,589,22506608
50,589,22507201
50,589,22515005
50,589,22515009
50,589,2251500a
50,589,2251500c
50,589,22515018
50,589,22515028
50,589,22515048
50,589,22515081
50,589,22515088
50,589,22515108
50,589,22515208
50,589,22515401
50,589,22515408
50,589,22515808
50,589,22516401
50,589,22516408
50,589,22517001
50,589,22517008
50,589,2251d008
50,589,22535008
50,589,22544403
50,589,22544405
50,589,22544409
50,589,22544411
50,589,22544421
50,589,22544441
50,589,22544481
50,589,22544501
50,589,22544601
50,589,22544608
50,589,22544c01
50,589,22545005
50,589,22545201
50,589,22545208
50,589,22545401
50,589,22546401
50,589,22546600
50,589,2254c401
50,589,2254d001
50,589,2254d008
50,589,2254e400
50,589,2254f000
50,589,22554401
50,589,22555001
50,589,22555008
50,589,22556400
50,589,22564401
50,589,22566400
50,589,22584601
50,589,22584608
50,589,22585208
50,589,22594208
50,589,22595008
50,589,225c4401
50,589,225c5001
50,589,225e5000
50,589,22644409
50,589,22645401
50,589,22646401
50,589,22646600
50,589,2264e400
50,589,22654401
50,589,226c4401
50,589,226c5001
50,589,226e4200
50,589,226e4400
50,589,226e5000
50,589,22705208
50,589,22706208
50,589,22714088
50,589,22715008
50,589,22716008
50,589,22744401
50,589,22847401
50,589,22b42600
50,589,22c4d001
50,589,22d15008
50,589,22d16001
50,589,22d44401
50,589,23005443
50,589,23005445
50,589,23005451
50,589,23005461
50,589,23005641
50,589,23007403
50,589,23007405
50,589,23007411
50,589,23007421
50,589,23007601
50,589,23014483
50,589,23015083
50,589,23015085
50,589,23015089
50,589,23015091
50,589,230150a1
50,589,230150c1
50,589,23015181
50,589,23015281
50,589,23015403
50,589,23015405
50,589,23015409
50,589,23015411
50,589,23015421
50,589,23015441
50,589,23015481
50,589,23015501
50,589,23015601
50,589,23015881
50,589,23015c01
50,589,23017003
50,589,23017005
50,589,23017009
50,589,2301700c
50,589,23017011
50,589,23017021
50,589,23017028
50,589,23017041
50,589,23017081
50,589,23017101
50,589,23017108
50,589,23017201
50,589,23017401
50,589,23017801
50,589,2301c083
50,589,2301d081
50,589,2301d401
50,589,2301f001
50,589,2301f002
50,589,2301f004
50,589,2301f008
50,589,2301f010
50,589,23025403
50,589,23025405
50,589,23025411
50,589,23025421
50,589,23025601
50,589,23035003
50,589,23035005
50,589,23035009
50,589,23035011
50,589,23035021
50,589,23035041
50,589,23035081
50,589,23035101
50,589,23035201
50,589,23035401
50,589,23035801
50,589,23037001
50,589,2303d001
50,589,2303f000
50,589,23043421
50,589,23043501
50,589,23043580
50,589,23043601
50,589,23043700
50,589,23043d00
50,589,23044483
50,589,23044c03
50,589,23045089
50,589,23045281
50,589,23045403
50,589,23045405
50,589,23045409
50,589,23045411
50,589,23045421
50,589,23045441
50,589,23045481
50,589,23045501
50,589,23045601
50,589,23045888
50,589,23045a80
50,589,23045c01
50,589,23045c02
50,589,23045c04
50,589,23045c08
50,589,23045c10
50,589,23045c20
50,589,23045c40
50,589,23045c80
50,589,23045d00
50,589,23045e00
50,589,23046403
50,589,23047009
50,589,23047088
50,589,23047201
50,589,23047202
50,589,23047204
50,589,23047208
50,589,23047210
50,589,23047220
50,589,23047240
50,589,23047280
50,589,23047300
50,589,23047401
50,589,23047480
50,589,23047600
50,589,23047808
50,589,23047a00
50,589,23047c00
50,589,2304b401
50,589,2304cc02
50,589,2304d401
50,589,2304dc00
50,589,2304e202
50,589,2304f200
50,589,23053401
50,589,23053500
50,589,23054086
50,589,2305408a
50,589,23054482
50,589,23054c02
50,589,23055081
50,589,23055082
50,589,23055084
50,589,23055088
50,589,23055090
50,589,230550a0
50,589,230550c0
50,589,23055180
50,589,23055280
50,589,23055401
50,589,23055402
50,589,23055404
50,589,23055408
50,589,23055410
50,589,23055420
50,589,23055440
50,589,23055480
50,589,23055500
50,589,23055600
50,589,23055880
50,589,23055c00
50,589,23056006
50,589,2305600a
50,589,23056402
50,589,23057001
50,589,23057002
50,589,23057004
50,589,23057008
50,589,23057010
50,589,23057020
50,589,23057040
50,589,23057080
50,589,23057100
50,589,23057200
50,589,23057400
50,589,23057800
50,589,2305c082
50,589,2305d080
50,589,2305d400
50,589,2305e002
50,589,2305f000
50,589,23063500
50,589,23064403
50,589,23065009
50,589,23065201
50,589,23065401
50,589,23065808
50,589,23065a00
50,589,23065c00
50,589,23067008
50,589,23067200
50,589,23067400
50,589,23074006
50,589,2307400a
50,589,23074402
50,589,23075001
50,589,23075002
50,589,23075004
50,589,23075008
50,589,23075010
50,589,23075020
50,589,23075040
50,589,23075080
50,589,23075100
50,589,23075200
50,589,23075400
50,589,23075800
50,589,23077000
50,589,2307c002
50,589,2307d000
50,589,23084443
50,589,23084445
50,589,23084451
50,589,23084461
50,589,23084641
50,589,23084644
50,589,23086211
50,589,23086241
50,589,23086244
50,589,23086301
50,589,23086308
50,589,23086403
50,589,23086405
50,589,23086411
50,589,23086421
50,589,23086601
50,589,23086604
50,589,23087201
50,589,2308e201
50,589,2308e204
50,589,2308e208
50,589,23094091
50,589,230940c1
50,589,230940c4
50,589,23094181
50,589,23094188
50,589,23094403
50,589,23094405
50,589,23094406
50,589,23094409
50,589,2309440c
50,589,23094411
50,589,23094414
50,589,23094421
50,589,23094422
50,589,23094424
50,589,23094428
50,589,23094430
50,589,23094441
50,589,23094444
50,589,23094481
50,589,23094484
50,589,23094501
50,589,23094502
50,589,23094504
50,589,23094508
50,589,23094510
50,589,23094601
50,589,23094604
50,589,23094c01
50,589,23094c04
50,589,23095081
50,589,23095401
50,589,23095404
50,589,23096011
50,589,23096041
50,589,23096044
50,589,23096101
50,589,23096108
50,589,23096401
50,589,23096404
50,589,23097001
50,589,2309c081
50,589,2309c084
50,589,2309c088
50,589,2309c401
50,589,2309c402
50,589,2309c404
50,589,2309c408
50,589,2309c410
50,589,2309e001
50,589,2309e004
50,589,2309e008
50,589,230a4403
50,589,230a4405
50,589,230a4411
50,589,230a4421
50,589,230a4601
50,589,230a4604
50,589,230a4620
50,589,230a4700
50,589,230a5201
50,589,230ac201
50,589,230ac204
50,589,230ac208
50,589,230ac600
50,589,230b4011
50,589,230b4041
50,589,230b4044
50,589,230b4101
50,589,230b4108
50,589,230b4401
50,589,230b4404
50,589,230b4420
50,589,230b4500
50,589,230b5001
50,589,230bc001
50,589,230bc004
50,589,230bc008
50,589,230bc400
50,589,230c10a8
50,589,230c1601
50,589,230c4089
50,589,230c408a
50,589,230c408c
50,589,230c4098
50,589,230c40a8
50,589,230c40c8
50,589,230c4188
50,589,230c4281
50,589,230c4282
50,589,230c4284
50,589,230c4288
50,589,230c4290
50,589,230c42a0
50,589,230c42c0
50,589,230c4380
50,589,230c4403
50,589,230c4405
50,589,230c4409
50,589,230c4411
50,589,230c4421
50,589,230c4441
50,589,230c4481
50,589,230c4482
50,589,230c4484
50,589,230c4488
50,589,230c4490
50,589,230c44a0
50,589,230c44c0
50,589,230c4501
50,589,230c4580
50,589,230c4601
50,589,230c4602
50,589,230c4604
50,589,230c4608
50,589,230c4610
50,589,230c4620
50,589,230c4640
50,589,230c4680
50,589,230c4700
50,589,230c4888
50,589,230c4a80
50,589,230c4c01
50,589,230c4c02
50,589,230c4c04
50,589,230c4c08
50,589,230c4c10
50,589,230c4c20
50,589,230c4c40
50,589,230c4c80
50,589,230c4d00
50,589,230c4e00
50,589,230c5088
50,589,230c5280
50,589,230c5401
50,589,230c5480
50,589,230c5600
50,589,230c5c00
50,589,230c6009
50,589,230c6088
50,589,230c6201
50,589,230c6202
50,589,230c6204
50,589,230c6208
50,589,230c6210
50,589,230c6220
50,589,230c6240
50,589,230c6280
50,589,230c6300
50,589,230c6401
50,589,230c6480
50,589,230c6600
50,589,230c6808
50,589,230c6a00
50,589,230c6c00
50,589,230c7200
50,589,230c9088
50,589,230cc088
50,589,230cc280
50,589,230cc401
50,589,230cc480
50,589,230cc600
50,589,230ccc00
50,589,230ce200
50,589,230d4081
50,589,230d4082
50,589,230d4084
50,589,230d4088
50,589,230d4090
50,589,230d40a0
50,589,230d40c0
50,589,230d4180
50,589,230d4280
50,589,230d4401
50,589,230d4402
50,589,230d4404
50,589,230d4408
50,589,230d4410
50,589,230d4420
50,589,230d4440
50,589,230d4480
50,589,230d4500
50,589,230d4600
50,589,230d4880
50,589,230d4c00
50,589,230d5080
50,589,230d5400
50,589,230d6001
50,589,230d6002
50,589,230d6004
50,589,230d6008
50,589,230d6010
50,589,230d6020
50,589,230d6040
50,589,230d6080
50,589,230d6100
50,589,230d6200
50,589,230d6400
50,589,230d6800
50,589,230d7000
50,589,230dc080
50,589,230dc400
50,589,230de000
50,589,230e4009
50,589,230e400a
50,589,230e400c
50,589,230e4018
50,589,230e4028
50,589,230e4048
50,589,230e4088
50,589,230e4108
50,589,230e4201
50,589,230e4202
50,589,230e4204
50,589,230e4208
50,589,230e4210
50,589,230e4220
50,589,230e4240
50,589,230e4280
50,589,230e4300
50,589,230e4401
50,589,230e4402
50,589,230e4404
50,589,230e4408
50,589,230e4410
50,589,230e4420
50,589,230e4440
50,589,230e4480
50,589,230e4500
50,589,230e4600
50,589,230e4808
50,589,230e4a00
50,589,230e4c00
50,589,230e5008
50,589,230e5200
50,589,230e5400
50,589,230e6008
50,589,230e6200
50,589,230e6400
50,589,230ec008
50,589,230ec200
50,589,230ec400
50,589,230f4001
50,589,230f4002
50,589,230f4004
50,589,230f4008
50,589,230f4010
50,589,230f4020
50,589,230f4040
50,589,230f4080
50,589,230f4100
50,589,230f4200
50,589,230f4400
50,589,230f4800
50,589,230f5000
50,589,230f6000
50,589,230fc000
50,589,23105241
50,589,23106308
50,589,23107201
50,589,2310e208
50,589,23114091
50,589,23114811
50,589,23114844
50,589,23115003
50,589,23115005
50,589,23115009
50,589,23115011
50,589,23115021
50,589,23115041
50,589,23115081
50,589,23115101
50,589,23115201
50,589,23115401
50,589,23115801
50,589,23115804
50,589,23116011
50,589,23116041
50,589,23116044
50,589,23116101
50,589,23116108
50,589,23116401
50,589,23117001
50,589,2311d001
50,589,2311e001
50,589,2311e008
50,589,23125201
50,589,23134011
50,589,23135001
50,589,23143240
50,589,23143600
50,589,23144083
50,589,23144085
50,589,23144086
50,589,23144089
50,589,2314408a
50,589,2314408c
50,589,23144091
50,589,23144092
50,589,23144094
50,589,23144098
50,589,231440a1
50,589,231440a2
50,589,231440a4
50,589,231440a8
50,589,231440b0
50,589,231440c1
50,589,231440c2
50,589,231440c4
50,589,231440c8
50,589,231440d0
50,589,231440e0
50,589,23144181
50,589,23144182
50,589,23144184
50,589,23144188
50,589,23144190
50,589,231441a0
50,589,231441c0
50,589,23144281
50,589,23144282
50,589,23144284
50,589,23144288
50,589,23144290
50,589,231442a0
50,589,231442c0
50,589,23144380
50,589,23144481
50,589,23144482
50,589,23144484
50,589,23144488
50,589,23144490
50,589,231444a0
50,589,231444c0
50,589,23144580
50,589,23144680
50,589,23144803
50,589,23144805
50,589,23144806
50,589,23144809
50,589,2314480a
50,589,2314480c
50,589,23144811
50,589,23144812
50,589,23144814
50,589,23144818
50,589,23144821
50,589,23144822
50,589,23144824
50,589,23144828
50,589,23144830
50,589,23144841
50,589,23144842
50,589,23144844
50,589,23144848
50,589,23144850
50,589,23144860
50,589,23144881
50,589,23144882
50,589,23144884
50,589,23144888
50,589,23144890
50,589,231448a0
50,589,231448c0
50,589,23144901
50,589,23144902
50,589,23144904
50,589,23144908
50,589,23144910
50,589,23144920
50,589,23144940
50,589,23144980
50,589,23144a01
50,589,23144a02
50,589,23144a04
50,589,23144a08
50,589,23144a10
50,589,23144a20
50,589,23144a40
50,589,23144a80
50,589,23144b00
50,589,23144c01
50,589,23144c02
50,589,23144c04
50,589,23144c08
50,589,23144c10
50,589,23144c20
50,589,23144c40
50,589,23144c80
50,589,23144d00
50,589,23144e00
50,589,23145003
50,589,23145005
50,589,23145009
50,589,23145011
50,589,23145021
50,589,23145041
50,589,23145081
50,589,23145082
50,589,23145084
50,589,23145088
50,589,23145090
50,589,231450a0
50,589,231450c0
50,589,23145101
50,589,23145180
50,589,23145201
50,589,23145202
50,589,23145204
50,589,23145208
50,589,23145210
50,589,23145220
50,589,23145240
50,589,23145280
50,589,23145300
50,589,23145401
50,589,23145480
50,589,23145600
50,589,23145801
50,589,23145802
50,589,23145804
50,589,23145808
50,589,23145810
50,589,23145820
50,589,23145840
50,589,23145880
50,589,23145900
50,589,23145a00
50,589,23145c00
50,589,23146003
50,589,23146005
50,589,23146009
50,589,23146011
50,589,23146021
50,589,23146041
50,589,23146081
50,589,23146082
50,589,23146084
50,589,23146088
50,589,23146090
50,589,231460a0
50,589,231460c0
50,589,23146101
50,589,23146180
50,589,23146201
50,589,23146202
50,589,23146204
50,589,23146208
50,589,23146210
50,589,23146220
50,589,23146240
50,589,23146280
50,589,23146300
50,589,23146401
50,589,23146480
50,589,23146600
50,589,23146801
50,589,23146802
50,589,23146804
50,589,23146808
50,589,23146810
50,589,23146820
50,589,23146840
50,589,23146880
50,589,23146900
50,589,23146a00
50,589,23146c00
50,589,23147001
50,589,23147080
50,589,23147200
50,589,23147800
50,589,23149005
50,589,2314c081
50,589,2314c082
50,589,2314c084
50,589,2314c088
50,589,2314c090
50,589,2314c0a0
50,589,2314c0c0
50,589,2314c180
50,589,2314c280
50,589,2314c480
50,589,2314c801
50,589,2314c802
50,589,2314c804
50,589,2314c808
50,589,2314c810
50,589,2314c820
50,589,2314c840
50,589,2314c880
50,589,2314c900
50,589,2314ca00
50,589,2314cc00
50,589,2314d001
50,589,2314d080
50,589,2314d200
50,589,2314d800
50,589,2314e001
50,589,2314e080
50,589,2314e200
50,589,2314e800
50,589,23153400
50,589,23154081
50,589,23154082
50,589,23154084
50,589,23154088
50,589,23154090
50,589,231540a0
50,589,231540c0
50,589,23154180
50,589,23154280
50,589,23154480
50,589,23154801
50,589,23154802
50,589,23154804
50,589,23154808
50,589,23154810
50,589,23154820
50,589,23154840
50,589,23154880
50,589,23154900
50,589,23154a00
50,589,23154c00
50,589,23155001
50,589,23155002
50,589,23155004
50,589,23155008
50,589,23155010
50,589,23155020
50,589,23155040
50,589,23155080
50,589,23155100
50,589,23155200
50,589,23155400
50,589,23155800
50,589,23156001
50,589,23156002
50,589,23156004
50,589,23156008
50,589,23156010
50,589,23156020
50,589,23156040
50,589,23156080
50,589,23156100
50,589,23156200
50,589,23156400
50,589,23156800
50,589,23157000
50,589,2315c080
50,589,2315c800
50,589,2315d000
50,589,2315e000
50,589,23164003
50,589,23164005
50,589,23164006
50,589,23164009
50,589,2316400a
50,589,2316400c
50,589,23164011
50,589,23164012
50,589,23164014
50,589,23164018
50,589,23164021
50,589,23164022
50,589,23164024
50,589,23164028
50,589,23164030
50,589,23164041
50,589,23164042
50,589,23164044
50,589,23164048
50,589,23164050
50,589,23164060
50,589,23164081
50,589,23164082
50,589,23164084
50,589,23164088
50,589,23164090
50,589,231640a0
50,589,231640c0
50,589,23164101
50,589,23164102
50,589,23164104
50,589,23164108
50,589,23164110
50,589,23164120
50,589,23164140
50,589,23164180
50,589,23164201
50,589,23164202
50,589,23164204
50,589,23164208
50,589,23164210
50,589,23164220
50,589,23164240
50,589,23164280
50,589,23164300
50,589,23164401
50,589,23164402
50,589,23164404
50,589,23164408
50,589,23164410
50,589,23164420
50,589,23164440
50,589,23164480
50,589,23164500
50,589,23164600
50,589,23164801
50,589,23164802
50,589,23164804
50,589,23164808
50,589,23164810
50,589,23164820
50,589,23164840
50,589,23164880
50,589,23164900
50,589,23164a00
50,589,23164c00
50,589,23165001
50,589,23165002
50,589,23165004
50,589,23165008
50,589,23165010
50,589,23165020
50,589,23165040
50,589,23165080
50,589,23165100
50,589,23165200
50,589,23165400
50,589,23165800
50,589,23166001
50,589,23166002
50,589,23166004
50,589,23166008
50,589,23166010
50,589,23166020
50,589,23166040
50,589,23166080
50,589,23166100
50,589,23166200
50,589,23166400
50,589,23166800
50,589,23167000
50,589,2316c001
50,589,2316c002
50,589,2316c004
50,589,2316c008
50,589,2316c010
50,589,2316c020
50,589,2316c040
50,589,2316c080
50,589,2316c100
50,589,2316c200
50,589,2316c400
50,589,2316c800
50,589,2316d000
50,589,2316e000
50,589,23174001
50,589,23174002
50,589,23174004
50,589,23174008
50,589,23174010
50,589,23174020
50,589,23174040
50,589,23174080
50,589,23174100
50,589,23174200
50,589,23174400
50,589,23174800
50,589,23175000
50,589,23176000
50,589,2317c000
50,589,23194011
50,589,23194041
50,589,23194044
50,589,23194101
50,589,23194108
50,589,23194401
50,589,23194404
50,589,23195001
50,589,2319c001
50,589,2319c004
50,589,2319c008
50,589,231c1240
50,589,231c1600
50,589,231c4003
50,589,231c4005
50,589,231c4009
50,589,231c4011
50,589,231c4021
50,589,231c4041
50,589,231c4081
50,589,231c4082
50,589,231c4084
50,589,231c4088
50,589,231c4090
50,589,231c40a0
50,589,231c40c0
50,589,231c4101
50,589,231c4180
50,589,231c4201
50,589,231c4202
50,589,231c4204
50,589,231c4208
50,589,231c4210
50,589,231c4220
50,589,231c4240
50,589,231c4280
50,589,231c4300
50,589,231c4401
50,589,231c4480
50,589,231c4600
50,589,231c4801
50,589,231c4802
50,589,231c4804
50,589,231c4808
50,589,231c4810
50,589,231c4820
50,589,231c4840
50,589,231c4880
50,589,231c4900
50,589,231c4a00
50,589,231c4c00
50,589,231c5001
50,589,231c5080
50,589,231c5200
50,589,231c5800
50,589,231c6001
50,589,231c6080
50,589,231c6200
50,589,231c6800
50,589,231cc001
50,589,231cc080
50,589,231cc200
50,589,231cc800
50,589,231d1040
50,589,231d4001
50,589,231d4002
50,589,231d4004
50,589,231d4008
50,589,231d4010
50,589,231d4020
50,589,231d4040
50,589,231d4080
50,589,231d4100
50,589,231d4200
50,589,231d4400
50,589,231d4800
50,589,231d5000
50,589,231d6000
50,589,231dc000
50,589,231e4001
50,589,231e4002
50,589,231e4004
50,589,231e4008
50,589,231e4010
50,589,231e4020
50,589,231e4040
50,589,231e4080
50,589,231e4100
50,589,231e4200
50,589,231e4400
50,589,231e4800
50,589,231e5000
50,589,231e6000
50,589,231ec000
50,589,231f4000
50,589,23205403
50,589,23205405
50,589,23205411
50,589,23205421
50,589,23205601
50,589,23214091
50,589,23215081
50,589,23215401
50,589,23217001
50,589,23235001
50,589,23244281
50,589,23244481
50,589,23244c01
50,589,23245081
50,589,23245401
50,589,23245880
50,589,23245c00
50,589,23246201
50,589,23246401
50,589,23247001
50,589,23247080
50,589,23247200
50,589,23247800
50,589,2324cc00
50,589,2324e200
50,589,23254081
50,589,23254082
50,589,23254084
50,589,23254088
50,589,23254090
50,589,232540a0
50,589,232540c0
50,589,23254180
50,589,23254280
50,589,23254480
50,589,23254880
50,589,23254c00
50,589,23255080
50,589,23255400
50,589,23256001
50,589,23256002
50,589,23256004
50,589,23256008
50,589,23256010
50,589,23256020
50,589,23256040
50,589,23256080
50,589,23256100
50,589,23256200
50,589,23256400
50,589,23256800
50,589,23257000
50,589,2325c080
50,589,2325e000
50,589,23264201
50,589,23264401
50,589,23265001
50,589,23265800
50,589,23267000
50,589,23274001
50,589,23274002
50,589,23274004
50,589,23274008
50,589,23274010
50,589,23274020
50,589,23274040
50,589,23274080
50,589,23274100
50,589,23274200
50,589,23274400
50,589,23274800
50,589,23275000
50,589,23276000
50,589,2327c000
50,589,23284403
50,589,23284405
50,589,23284411
50,589,23284421
50,589,23284484
50,589,23284601
50,589,23284604
50,589,23284c04
50,589,2328c084
50,589,23294401
50,589,23294404
50,589,232c2101
50,589,232c4081
50,589,232c4082
50,589,232c4084
50,589,232c4088
50,589,232c4090
50,589,232c40a0
50,589,232c40c0
50,589,232c4180
50,589,232c4280
50,589,232c4401
50,589,232c4480
50,589,232c4600
50,589,232c4880
50,589,232c4c00
50,589,232c5080
50,589,232c6001
50,589,232c6080
50,589,232c6200
50,589,232c6800
50,589,232cc080
50,589,232d4080
50,589,232d4400
50,589,232d6000
50,589,232e4001
50,589,232e4002
50,589,232e4004
50,589,232e4008
50,589,232e4010
50,589,232e4020
50,589,232e4040
50,589,232e4080
50,589,232e4100
50,589,232e4200
50,589,232e4400
50,589,232e4800
50,589,232e5000
50,589,232e6000
50,589,232ec000
50,589,232f4000
50,589,23305201
50,589,23315001
50,589,23344081
50,589,23344082
50,589,23344084
50,589,23344088
50,589,23344090
50,589,233440a0
50,589,233440c0
50,589,23344180
50,589,23344280
50,589,23344480
50,589,23344801
50,589,23344802
50,589,23344804
50,589,23344808
50,589,23344810
50,589,23344820
50,589,23344840
50,589,23344880
50,589,23344900
50,589,23344a00
50,589,23344c00
50,589,23345001
50,589,23345080
50,589,23345200
50,589,23345800
50,589,23346001
50,589,23346080
50,589,23346200
50,589,23346800
50,589,2334c080
50,589,2334c800
50,589,23354080
50,589,23354800
50,589,23355000
50,589,23356000
50,589,23364001
50,589,23364002
50,589,23364004
50,589,23364008
50,589,23364010
50,589,23364020
50,589,23364040
50,589,23364080
50,589,23364100
50,589,23364200
50,589,23364400
50,589,23364800
50,589,23365000
50,589,23366000
50,589,2336c000
50,589,23374000
50,589,233c4001
50,589,233c4080
50,589,233c4200
50,589,233c4800
50,589,233d4000
50,589,233e4000
50,589,2340440b
50,589,23405281
50,589,23405403
50,589,23405405
50,589,23405411
50,589,23405421
50,589,23405601
50,589,23405a01
50,589,23414007
50,589,2341400b
50,589,23414403
50,589,23415003
50,589,23415005
50,589,23415009
50,589,23415011
50,589,23415021
50,589,23415041
50,589,23415081
50,589,23415101
50,589,23415201
50,589,23415401
50,589,23415408
50,589,23415801
50,589,23417001
50,589,23417008
50,589,2341c003
50,589,2341d001
50,589,2341d004
50,589,2341d008
50,589,23435001
50,589,23443500
50,589,23444206
50,589,2344420a
50,589,23444403
50,589,23444406
50,589,2344440a
50,589,23444412
50,589,23444422
50,589,23444442
50,589,23444482
50,589,23444502
50,589,23444602
50,589,23444c02
50,589,23445009
50,589,2344500a
50,589,2344500c
50,589,23445018
50,589,23445028
50,589,23445048
50,589,23445088
50,589,23445108
50,589,23445201
50,589,23445202
50,589,23445204
50,589,23445208
50,589,23445210
50,589,23445220
50,589,23445240
50,589,23445280
50,589,23445300
50,589,23445401
50,589,23445402
50,589,23445404
50,589,23445408
50,589,23445410
50,589,23445420
50,589,23445440
50,589,23445480
50,589,23445500
50,589,23445600
50,589,23445808
50,589,23445a00
50,589,23445c00
50,589,23446402
50,589,23447008
50,589,23447200
50,589,23447400
50,589,2344c202
50,589,2344c402
50,589,2344d008
50,589,2344d200
50,589,2344d400
50,589,23454006
50,589,2345400a
50,589,23454402
50,589,23455001
50,589,23455002
50,589,23455004
50,589,23455008
50,589,23455010
50,589,23455020
50,589,23455040
50,589,23455080
50,589,23455100
50,589,23455200
50,589,23455400
50,589,23455800
50,589,23457000
50,589,2345c002
50,589,2345d000
50,589,23464402
50,589,23465008
50,589,23465200
50,589,23465400
50,589,23475000
50,589,23484403
50,589,23484405
50,589,23484406
50,589,2348440a
50,589,23484411
50,589,23484412
50,589,23484421
50,589,23484422
50,589,23484442
50,589,23484482
50,589,23484502
50,589,23484601
50,589,23484602
50,589,23484604
50,589,23484608
50,589,23484610
50,589,23484c02
50,589,23485201
50,589,23485204
50,589,23485208
50,589,23485402
50,589,23486201
50,589,23486204
50,589,23486208
50,589,23486402
50,589,2348c201
50,589,2348c204
50,589,2348c208
50,589,2348c402
50,589,23494003
50,589,23494005
50,589,23494006
50,589,23494009
50,589,2349400a
50,589,2349400c
50,589,23494011
50,589,23494014
50,589,23494018
50,589,23494021
50,589,23494024
50,589,23494028
50,589,23494041
50,589,23494044
50,589,23494048
50,589,23494081
50,589,23494084
50,589,23494088
50,589,23494101
50,589,23494104
50,589,23494108
50,589,23494201
50,589,23494204
50,589,23494208
50,589,23494401
50,589,23494402
50,589,23494404
50,589,23494408
50,589,23494410
50,589,23494801
50,589,23494804
50,589,23494808
50,589,23495001
50,589,23495004
50,589,23495008
50,589,23496001
50,589,23496004
50,589,23496008
50,589,2349c001
50,589,2349c004
50,589,2349c008
50,589,234a4402
50,589,234a4600
50,589,234b4001
50,589,234b4004
50,589,234b4008
50,589,234b4400
50,589,234c4009
50,589,234c400a
50,589,234c400c
50,589,234c4018
50,589,234c4028
50,589,234c4048
50,589,234c4088
50,589,234c4108
50,589,234c4201
50,589,234c4202
50,589,234c4204
50,589,234c4208
50,589,234c4210
50,589,234c4220
50,589,234c4240
50,589,234c4280
50,589,234c4300
50,589,234c4401
50,589,234c4402
50,589,234c4404
50,589,234c4408
50,589,234c4410
50,589,234c4420
50,589,234c4440
50,589,234c4480
50,589,234c4500
50,589,234c4600
50,589,234c4808
50,589,234c4a00
50,589,234c4c00
50,589,234c5008
50,589,234c5200
50,589,234c5400
50,589,234c6008
50,589,234c6200
50,589,234c6400
50,589,234cc008
50,589,234cc200
50,589,234cc400
50,589,234d4001
50,589,234d4002
50,589,234d4004
50,589,234d4008
50,589,234d4010
50,589,234d4020
50,589,234d4040
50,589,234d4080
50,589,234d4100
50,589,234d4200
50,589,234d4400
50,589,234d4800
50,589,234d5000
50,589,234d6000
50,589,234dc000
50,589,234e4008
50,589,234e4200
50,589,234e4400
50,589,234f4000
50,589,23504403
50,589,23504405
50,589,23504411
50,589,23504421
50,589,23504601
50,589,23504608
50,589,23505201
50,589,23505202
50,589,23505204
50,589,23505208
50,589,23505210
50,589,23506201
50,589,23506208
50,589,2350c201
50,589,2350c208
50,589,23514003
50,589,23514005
50,589,23514009
50,589,2351400a
50,589,2351400c
50,589,23514011
50,589,23514018
50,589,23514021
50,589,23514028
50,589,23514041
50,589,23514044
50,589,23514048
50,589,23514081
50,589,23514088
50,589,23514101
50,589,23514108
50,589,23514201
50,589,23514208
50,589,23514401
50,589,23514408
50,589,23514801
50,589,23514808
50,589,23515001
50,589,23515002
50,589,23515004
50,589,23515008
50,589,23515010
50,589,23516001
50,589,23516008
50,589,2351c001
50,589,2351c008
50,589,23525200
50,589,23534001
50,589,23534008
50,589,23535000
50,589,23544003
50,589,23544005
50,589,23544006
50,589,23544009
50,589,2354400a
50,589,2354400c
50,589,23544011
50,589,23544012
50,589,23544014
50,589,23544018
50,589,23544021
50,589,23544022
50,589,23544024
50,589,23544028
50,589,23544030
50,589,23544041
50,589,23544042
50,589,23544044
50,589,23544048
50,589,23544050
50,589,23544060
50,589,23544081
50,589,23544082
50,589,23544084
50,589,23544088
50,589,23544090
50,589,235440a0
50,589,235440c0
50,589,23544101
50,589,23544102
50,589,23544104
50,589,23544108
50,589,23544110
50,589,23544120
50,589,23544140
50,589,23544180
50,589,23544201
50,589,23544202
50,589,23544204
50,589,23544208
50,589,23544210
50,589,23544220
50,589,23544240
50,589,23544280
50,589,23544300
50,589,23544401
50,589,23544402
50,589,23544404
50,589,23544408
50,589,23544410
50,589,23544420
50,589,23544440
50,589,23544480
50,589,23544500
50,589,23544600
50,589,23544801
50,589,23544802
50,589,23544804
50,589,23544808
50,589,23544810
50,589,23544820
50,589,23544840
50,589,23544880
50,589,23544900
50,589,23544a00
50,589,23544c00
50,589,23545001
50,589,23545002
50,589,23545004
50,589,23545008
50,589,23545010
50,589,23545020
50,589,23545040
50,589,23545080
50,589,23545100
50,589,23545200
50,589,23545400
50,589,23545800
50,589,23546001
50,589,23546002
50,589,23546004
50,589,23546008
50,589,23546010
50,589,23546020
50,589,23546040
50,589,23546080
50,589,23546100
50,589,23546200
50,589,23546400
50,589,23546800
50,589,23547000
50,589,2354c001
50,589,2354c002
50,589,2354c004
50,589,2354c008
50,589,2354c010
50,589,2354c020
50,589,2354c040
50,589,2354c080
50,589,2354c100
50,589,2354c200
50,589,2354c400
50,589,2354c800
50,589,2354d000
50,589,2354e000
50,589,23554001
50,589,23554002
50,589,23554004
50,589,23554008
50,589,23554010
50,589,23554020
50,589,23554040
50,589,23554080
50,589,23554100
50,589,23554200
50,589,23554400
50,589,23554800
50,589,23555000
50,589,23556000
50,589,2355c000
50,589,23564001
50,589,23564002
50,589,23564004
50,589,23564008
50,589,23564010
50,589,23564020
50,589,23564040
50,589,23564080
50,589,23564100
50,589,23564200
50,589,23564400
50,589,23564800
50,589,23565000
50,589,23566000
50,589,2356c000
50,589,23574000
50,589,23584402
50,589,23594001
50,589,23594004
50,589,23594008
50,589,235c4001
50,589,235c4002
50,589,235c4004
50,589,235c4008
50,589,235c4010
50,589,235c4020
50,589,235c4040
50,589,235c4080
50,589,235c4100
50,589,235c4200
50,589,235c4400
50,589,235c4800
50,589,235c5000
50,589,235c6000
50,589,235cc000
50,589,235d4000
50,589,235e4000
50,589,23614003
50,589,23614005
50,589,23614009
50,589,23614011
50,589,23614021
50,589,23614041
50,589,23614081
50,589,23614101
50,589,23614201
50,589,23614401
50,589,23614801
50,589,23615001
50,589,23616001
50,589,2361c001
50,589,23634001
50,589,23644201
50,589,23644202
50,589,23644204
50,589,23644208
50,589,23644210
50,589,23644220
50,589,23644240
50,589,23644280
50,589,23644300
50,589,23644401
50,589,23644402
50,589,23644404
50,589,23644408
50,589,23644410
50,589,23644420
50,589,23644440
50,589,23644480
50,589,23644500
50,589,23644600
50,589,23644a00
50,589,23644c00
50,589,23645001
50,589,23645002
50,589,23645004
50,589,23645008
50,589,23645010
50,589,23645020
50,589,23645040
50,589,23645080
50,589,23645100
50,589,23645200
50,589,23645400
50,589,23645800
50,589,23646200
50,589,23646400
50,589,23647000
50,589,2364c200
50,589,2364c400
50,589,2364d000
50,589,23654001
50,589,23654002
50,589,23654004
50,589,23654008
50,589,23654010
50,589,23654020
50,589,23654040
50,589,23654080
50,589,23654100
50,589,23654200
50,589,23654400
50,589,23654800
50,589,23655000
50,589,23656000
50,589,2365c000
50,589,23664200
50,589,23664400
50,589,23665000
50,589,23674000
50,589,23684402
50,589,23684404
50,589,23684410
50,589,23694001
50,589,23694004
50,589,23694008
50,589,236c4001
50,589,236c4002
50,589,236c4004
50,589,236c4008
50,589,236c4010
50,589,236c4020
50,589,236c4040
50,589,236c4080
50,589,236c4100
50,589,236c4200
50,589,236c4400
50,589,236c4800
50,589,236c5000
50,589,236c6000
50,589,236cc000
50,589,236d4000
50,589,236e4000
50,589,23704404
50,589,23714001
50,589,23714004
50,589,23714008
50,589,23744001
50,589,23744002
50,589,23744004
50,589,23744008
50,589,23744010
50,589,23744020
50,589,23744040
50,589,23744080
50,589,23744100
50,589,23744200
50,589,23744400
50,589,23744800
50,589,23745000
50,589,23746000
50,589,2374c000
50,589,23754000
50,589,23764000
50,589,237c4000
50,589,23815003
50,589,23815005
50,589,23815009
50,589,23815011
50,589,23815021
50,589,23815041
50,589,23815081
50,589,23815101
50,589,23815201
50,589,23815401
50,589,23815801
50,589,23817001
50,589,23817008
50,589,2381d001
50,589,23835001
50,589,2384100d
50,589,2384180c
50,589,23843041
50,589,23843401
50,589,23844089
50,589,23844481
50,589,23844809
50,589,23844c01
50,589,23845003
50,589,23845005
50,589,23845009
50,589,23845011
50,589,23845021
50,589,23845041
50,589,23845081
50,589,23845101
50,589,23845201
50,589,23845401
50,589,23845801
50,589,23845802
50,589,23845804
50,589,23845808
50,589,23845810
50,589,23845820
50,589,23845840
50,589,23845880
50,589,23845900
50,589,23845a00
50,589,23845c00
50,589,23846009
50,589,23846401
50,589,23847001
50,589,23847080
50,589,23847200
50,589,23847800
50,589,2384b001
50,589,2384b200
50,589,2384c081
50,589,2384c801
50,589,2384c802
50,589,2384c900
50,589,2384d001
50,589,2384d800
50,589,2384e001
50,589,2385100c
50,589,23855001
50,589,23855002
50,589,23855004
50,589,23855008
50,589,23855010
50,589,23855020
50,589,23855040
50,589,23855080
50,589,23855100
50,589,23855200
50,589,23855400
50,589,23855800
50,589,23857000
50,589,2385d000
50,589,23864009
50,589,23864401
50,589,23865001
50,589,23865800
50,589,23867000
50,589,2386b000
50,589,2386c001
50,589,23875000
50,589,23882405
50,589,23886003
50,589,23886005
50,589,23886011
50,589,23886021
50,589,23886201
50,589,23886208
50,589,23894003
50,589,23894005
50,589,23894009
50,589,2389400a
50,589,2389400c
50,589,23894011
50,589,23894018
50,589,23894021
50,589,23894028
50,589,23894041
50,589,23894044
50,589,23894048
50,589,23894081
50,589,23894088
50,589,23894101
50,589,23894108
50,589,23894201
50,589,23894208
50,589,23894401
50,589,23894402
50,589,23894404
50,589,23894408
50,589,23894410
50,589,23894801
50,589,23894804
50,589,23894808
50,589,23895001
50,589,23895008
50,589,23896001
50,589,23896008
50,589,2389c001
50,589,2389c004
50,589,2389c008
50,589,238a4600
50,589,238b4001
50,589,238b4008
50,589,238b4400
50,589,238c1041
50,589,238c1401
50,589,238c4003
50,589,238c4005
50,589,238c4009
50,589,238c4011
50,589,238c4021
50,589,238c4041
50,589,238c4081
50,589,238c4082
50,589,238c4084
50,589,238c4088
50,589,238c4090
50,589,238c40a0
50,589,238c40c0
50,589,238c4101
50,589,238c4180
50,589,238c4201
50,589,238c4202
50,589,238c4204
50,589,238c4208
50,589,238c4210
50,589,238c4220
50,589,238c4240
50,589,238c4280
50,589,238c4300
50,589,238c4401
50,589,238c4480
50,589,238c4600
50,589,238c4801
50,589,238c4802
50,589,238c4804
50,589,238c4808
50,589,238c4810
50,589,238c4820
50,589,238c4840
50,589,238c4880
50,589,238c4900
50,589,238c4a00
50,589,238c4c00
50,589,238c5001
50,589,238c5080
50,589,238c5200
50,589,238c5800
50,589,238c6001
50,589,238c6080
50,589,238c6200
50,589,238c6800
50,589,238c9001
50,589,238cc001
50,589,238cc080
50,589,238cc200
50,589,238cc800
50,589,238d4001
50,589,238d4002
50,589,238d4004
50,589,238d4008
50,589,238d4010
50,589,238d4020
50,589,238d4040
50,589,238d4080
50,589,238d4100
50,589,238d4200
50,589,238d4400
50,589,238d4800
50,589,238d5000
50,589,238d6000
50,589,238dc000
50,589,238e4001
50,589,238e4002
50,589,238e4004
50,589,238e4008
50,589,238e4010
50,589,238e4020
50,589,238e4040
50,589,238e4080
50,589,238e4100
50,589,238e4200
50,589,238e4400
50,589,238e4800
50,589,238e5000
50,589,238e6000
50,589,238ec000
50,589,238f4000
50,589,23906208
50,589,23915001
50,589,23916001
50,589,23916008
50,589,23941003
50,589,23941005
50,589,23941011
50,589,23942003
50,589,23942005
50,589,23942009
50,589,23942011
50,589,23942021
50,589,23942041
50,589,23942081
50,589,23942101
50,589,23942201
50,589,23942240
50,589,23942401
50,589,23942600
50,589,23942801
50,589,23943001
50,589,23943080
50,589,23943200
50,589,23943800
50,589,23944081
50,589,23944082
50,589,23944084
50,589,23944088
50,589,23944090
50,589,239440a0
50,589,239440c0
50,589,23944180
50,589,23944280
50,589,23944480
50,589,23944801
50,589,23944802
50,589,23944804
50,589,23944808
50,589,23944810
50,589,23944820
50,589,23944840
50,589,23944880
50,589,23944900
50,589,23944a00
50,589,23944c00
50,589,23945001
50,589,23945080
50,589,23945200
50,589,23945800
50,589,23946001
50,589,23946080
50,589,23946200
50,589,23946800
50,589,2394a001
50,589,2394c080
50,589,2394c800
50,589,23952001
50,589,23953000
50,589,23954080
50,589,23954800
50,589,23955000
50,589,23956000
50,589,23962001
50,589,23962040
50,589,23962400
50,589,23963000
50,589,23964001
50,589,23964002
50,589,23964004
50,589,23964008
50,589,23964010
50,589,23964020
50,589,23964040
50,589,23964080
50,589,23964100
50,589,23964200
50,589,23964400
50,589,23964800
50,589,23965000
50,589,23966000
50,589,2396c000
50,589,23974000
50,589,23982005
50,589,23994001
50,589,23994008
50,589,239c0201
50,589,239c0240
50,589,239c0600
50,589,239c1001
50,589,239c1080
50,589,239c1200
50,589,239c1800
50,589,239c2001
50,589,239c4001
50,589,239c4080
50,589,239c4200
50,589,239c4800
50,589,239d1000
50,589,239d4000
50,589,239e1000
50,589,239e4000
50,589,23a15001
50,589,23a44081
50,589,23a44801
50,589,23a45001
50,589,23a45800
50,589,23a46001
50,589,23a4c800
50,589,23a54080
50,589,23a54800
50,589,23a55000
50,589,23a56000
50,589,23a64001
50,589,23a74000
50,589,23a94001
50,589,23a94008
50,589,23ac4001
50,589,23ac4080
50,589,23ac4200
50,589,23ac4800
50,589,23ad4000
50,589,23ae4000
50,589,23b42001
50,589,23b42200
50,589,23b44080
50,589,23b44800
50,589,23b62000
50,589,23b64000
50,589,23bc0200
50,589,23c14009
50,589,23c14401
50,589,23c15001
50,589,23c1c001
50,589,23c4100c
50,589,23c41018
50,589,23c41041
50,589,23c41048
50,589,23c41401
50,589,23c41408
50,589,23c43040
50,589,23c43400
50,589,23c44006
50,589,23c44009
50,589,23c4400a
50,589,23c4400c
50,589,23c44018
50,589,23c44028
50,589,23c44048
50,589,23c44088
50,589,23c44108
50,589,23c44208
50,589,23c44401
50,589,23c44402
50,589,23c44404
50,589,23c44408
50,589,23c44410
50,589,23c44420
50,589,23c44440
50,589,23c44480
50,589,23c44500
50,589,23c44600
50,589,23c44808
50,589,23c44c00
50,589,23c45001
50,589,23c45002
50,589,23c45004
50,589,23c45008
50,589,23c45010
50,589,23c45020
50,589,23c45040
50,589,23c45080
50,589,23c45100
50,589,23c45200
50,589,23c45400
50,589,23c45800
50,589,23c46008
50,589,23c46400
50,589,23c47000
50,589,23c49001
50,589,23c49008
50,589,23c4b000
50,589,23c4c001
50,589,23c4c002
50,589,23c4c004
50,589,23c4c008
50,589,23c4c010
50,589,23c4c020
50,589,23c4c040
50,589,23c4c080
50,589,23c4c100
50,589,23c4c200
50,589,23c4c400
50,589,23c4c800
50,589,23c4d000
50,589,23c4e000
50,589,23c54008
50,589,23c54400
50,589,23c55000
50,589,23c5c000
50,589,23c64008
50,589,23c64400
50,589,23c65000
50,589,23c6c000
50,589,23c84402
50,589,23c94001
50,589,23c94004
50,589,23c94008
50,589,23cc4001
50,589,23cc4002
50,589,23cc4004
50,589,23cc4008
50,589,23cc4010
50,589,23cc4020
50,589,23cc4040
50,589,23cc4080
50,589,23cc4100
50,589,23cc4200
50,589,23cc4400
50,589,23cc4800
50,589,23cc5000
50,589,23cc6000
50,589,23ccc000
50,589,23cd4000
50,589,23ce4000
50,589,23d14001
50,589,23d14008
50,589,23d41001
50,589,23d41008
50,589,23d42001
50,589,23d43000
50,589,23d44001
50,589,23d44002
50,589,23d44004
50,589,23d44008
50,589,23d44010
50,589,23d44020
50,589,23d44040
50,589,23d44080
50,589,23d44100
50,589,23d44200
50,589,23d44400
50,589,23d44800
50,589,23d45000
50,589,23d46000
50,589,23d4c000
50,589,23d54000
50,589,23d64000
50,589,23dc1000
50,589,23dc4000
50,589,23e14001
50,589,23e44001
50,589,23e44002
50,589,23e44004
50,589,23e44008
50,589,23e44010
50,589,23e44020
50,589,23e44040
50,589,23e44080
50,589,23e44100
50,589,23e44200
50,589,23e44400
50,589,23e44800
50,589,23e45000
50,589,23e46000
50,589,23e4c000
50,589,23e54000
50,589,23e64000
50,589,23ec4000
50,589,23f44000
50,589,2400f411
50,589,2400fc01
50,589,24047601
50,589,2404f401
50,589,2408f401
50,589,240c7401
50,589,2410e405
50,589,2410e409
50,589,2410e601
50,589,2410f401
50,589,2410f402
50,589,2410f404
50,589,2410f408
50,589,2410f410
50,589,2411e401
50,589,24146405
50,589,24147401
50,589,24147420
50,589,24147500
50,589,2414f400
50,589,2418e404
50,589,2418e408
50,589,2424ec00
50,589,242c5401
50,589,2430e401
50,589,2430e402
50,589,2430e404
50,589,2430e408
50,589,2430e410
50,589,24346401
50,589,24346402
50,589,24346404
50,589,24346420
50,589,24346500
50,589,2434e400
50,589,2438e008
50,589,2440d481
50,589,2440dc01
50,589,2440f401
50,589,2440f404
50,589,2444d480
50,589,2444f400
50,589,2450e408
50,589,24544405
50,589,24544409
50,589,24544601
50,589,24544602
50,589,24544604
50,589,24544608
50,589,24544610
50,589,24544620
50,589,24544700
50,589,24545401
50,589,2454c600
50,589,2454d400
50,589,24554401
50,589,2458d008
50,589,2464d400
50,589,24744401
50,589,2474c400
50,589,24903403
50,589,24903405
50,589,24906405
50,589,24907401
50,589,2490e408
50,589,24b06401
50,589,24b06402
50,589,24b06404
50,589,25007049
50,589,25007405
50,589,25007409
50,589,25007421
50,589,25007501
50,589,2500c4c2
50,589,2500e405
50,589,2500e481
50,589,2500f401
50,589,2501d402
50,589,2502c405
50,589,2502d401
50,589,25044483
50,589,25044485
50,589,25044486
50,589,25044489
50,589,2504448a
50,589,25044491
50,589,25044492
50,589,250444a1
50,589,250444a2
50,589,250444c1
50,589,250444c2
50,589,25044581
50,589,25044582
50,589,25044584
50,589,25044588
50,589,25044590
50,589,250445a0
50,589,250445c0
50,589,25044681
50,589,25044682
50,589,25044780
50,589,25044c03
50,589,25044c05
50,589,25044c06
50,589,25044c09
50,589,25044c0a
50,589,25044c11
50,589,25044c12
50,589,25044c21
50,589,25044c22
50,589,25044c41
50,589,25044c42
50,589,25044c81
50,589,25044c82
50,589,25044d01
50,589,25044d02
50,589,25044d04
50,589,25044d08
50,589,25044d10
50,589,25044d20
50,589,25044d40
50,589,25044d80
50,589,25044e01
50,589,25044e02
50,589,25044f00
50,589,250450c1
50,589,25045403
50,589,25045405
50,589,25045406
50,589,25045409
50,589,2504540a
50,589,2504540c
50,589,25045411
50,589,25045412
50,589,25045414
50,589,25045421
50,589,25045422
50,589,25045424
50,589,25045428
50,589,25045430
50,589,25045441
50,589,25045442
50,589,25045444
50,589,25045460
50,589,25045481
50,589,25045482
50,589,25045484
50,589,250454a0
50,589,25045501
50,589,25045502
50,589,25045504
50,589,25045508
50,589,25045510
50,589,25045520
50,589,25045540
50,589,25045580
50,589,25045601
50,589,25045602
50,589,25045604
50,589,25045608
50,589,25045610
50,589,25045620
50,589,25045700
50,589,25045c01
50,589,25045c02
50,589,25045c04
50,589,25045c20
50,589,25045d00
50,589,25046403
50,589,25046405
50,589,25046406
50,589,25046409
50,589,2504640a
50,589,25046411
50,589,25046412
50,589,25046421
50,589,25046422
50,589,25046441
50,589,25046442
50,589,25046481
50,589,25046482
50,589,25046501
50,589,25046502
50,589,25046504
50,589,25046508
50,589,25046510
50,589,25046520
50,589,25046540
50,589,25046580
50,589,25046601
50,589,25046602
50,589,25046700
50,589,25046c01
50,589,25046c02
50,589,25046d00
50,589,25047401
50,589,25047402
50,589,25047404
50,589,25047420
50,589,25047500
50,589,25049405
50,589,2504b005
50,589,2504c481
50,589,2504c482
50,589,2504c580
50,589,2504cc01
50,589,2504cc02
50,589,2504cd00
50,589,2504d081
50,589,2504d088
50,589,2504d401
50,589,2504d402
50,589,2504d404
50,589,2504d408
50,589,2504d410
50,589,2504d420
50,589,2504d440
50,589,2504d480
50,589,2504d500
50,589,2504d600
50,589,2504dc00
50,589,2504e401
50,589,2504e402
50,589,2504e500
50,589,2504f001
50,589,2504f008
50,589,2504f400
50,589,25054481
50,589,25054482
50,589,25054580
50,589,25054c01
50,589,25054c02
50,589,25054d00
50,589,25055401
50,589,25055402
50,589,25055404
50,589,25055420
50,589,25055500
50,589,25056401
50,589,25056402
50,589,25056500
50,589,2505d080
50,589,2505d400
50,589,2505f000
50,589,25064403
50,589,25064405
50,589,25064406
50,589,25064409
50,589,2506440a
50,589,25064411
50,589,25064412
50,589,25064421
50,589,25064422
50,589,25064441
50,589,25064442
50,589,25064481
50,589,25064482
50,589,25064501
50,589,25064502
50,589,25064504
50,589,25064508
50,589,25064510
50,589,25064520
50,589,25064540
50,589,25064580
50,589,25064601
50,589,25064602
50,589,25064700
50,589,25064c01
50,589,25064c02
50,589,25064d00
50,589,25065081
50,589,25065401
50,589,25065402
50,589,25065404
50,589,25065420
50,589,25065500
50,589,25066401
50,589,25066402
50,589,25066500
50,589,2506c401
50,589,2506c402
50,589,2506c500
50,589,2506d080
50,589,2506d400
50,589,2506f000
50,589,25074401
50,589,25074402
50,589,25074500
50,589,25086405
50,589,25086c04
50,589,2508b005
50,589,2508e401
50,589,2508f001
50,589,2509c402
50,589,250a4405
50,589,250a5101
50,589,250ac401
50,589,250ad001
50,589,250c4403
50,589,250c4405
50,589,250c4406
50,589,250c4409
50,589,250c440a
50,589,250c440c
50,589,250c4411
50,589,250c4412
50,589,250c4414
50,589,250c4421
50,589,250c4422
50,589,250c4424
50,589,250c4428
50,589,250c4430
50,589,250c4441
50,589,250c4442
50,589,250c4444
50,589,250c4460
50,589,250c4481
50,589,250c4482
50,589,250c4484
50,589,250c44a0
50,589,250c4501
50,589,250c4502
50,589,250c4504
50,589,250c4508
50,589,250c4510
50,589,250c4520
50,589,250c4540
50,589,250c4580
50,589,250c4601
50,589,250c4602
50,589,250c4604
50,589,250c4608
50,589,250c4610
50,589,250c4620
50,589,250c4700
50,589,250c4c01
50,589,250c4c02
50,589,250c4c04
50,589,250c4c20
50,589,250c4d00
50,589,250c5401
50,589,250c5402
50,589,250c5404
50,589,250c5420
50,589,250c5500
50,589,250c6401
50,589,250c6402
50,589,250c6404
50,589,250c6420
50,589,250c6500
50,589,250cc401
50,589,250cc402
50,589,250cc404
50,589,250cc408
50,589,250cc410
50,589,250cc420
50,589,250cc440
50,589,250cc480
50,589,250cc500
50,589,250cc600
50,589,250ccc00
50,589,250cd400
50,589,250ce400
50,589,250d4401
50,589,250d4402
50,589,250d4404
50,589,250d4420
50,589,250d4500
50,589,250dc400
50,589,250e4401
50,589,250e4402
50,589,250e4404
50,589,250e4420
50,589,250e4500
50,589,250e5100
50,589,250e9400
50,589,250ec400
50,589,250ed000
50,589,2510304c
50,589,25103405
50,589,25103406
50,589,2510340c
50,589,25103414
50,589,25103422
50,589,25103424
50,589,25103430
50,589,25103444
50,589,25103484
50,589,25103502
50,589,25103504
50,589,25103510
50,589,25103604
50,589,25103c04
50,589,25107108
50,589,25107404
50,589,2510a442
50,589,2510b00c
50,589,2510b018
50,589,2510b402
50,589,2510b404
50,589,2510b410
50,589,2510e401
50,589,2510e408
50,589,2510f001
50,589,2510f008
50,589,25113404
50,589,2511d002
50,589,25123404
50,589,25125404
50,589,25125420
50,589,2512d002
50,589,251404c4
50,589,25141405
50,589,25141406
50,589,2514140c
50,589,25141414
50,589,25141424
50,589,25141442
50,589,25141444
50,589,25141482
50,589,25141484
50,589,25141504
50,589,25141602
50,589,25141604
50,589,25141610
50,589,25141c04
50,589,2514204c
50,589,25142442
50,589,25142444
50,589,25143402
50,589,25143404
50,589,2514408c
50,589,25144481
50,589,25144482
50,589,25144484
50,589,251444a0
50,589,25144580
50,589,25144c01
50,589,25144c02
50,589,25144c04
50,589,25144c20
50,589,25144d00
50,589,25145081
50,589,25145401
50,589,25145402
50,589,25145404
50,589,25145420
50,589,25145500
50,589,25146401
50,589,25146402
50,589,25146404
50,589,25146420
50,589,25146500
50,589,25149404
50,589,2514c480
50,589,2514cc00
50,589,2514d400
50,589,2514e400
50,589,25151404
50,589,25161402
50,589,25161404
50,589,25164401
50,589,25164402
50,589,25164404
50,589,25164420
50,589,25164500
50,589,2516c400
50,589,25183404
50,589,25186404
50,589,251a4404
50,589,251a4420
50,589,251c0442
50,589,251c1081
50,589,251c1404
50,589,251c4401
50,589,251c4402
50,589,251c4404
50,589,251c4420
50,589,251c4500
50,589,251cc400
50,589,2520c482
50,589,2520e088
50,589,25242405
50,589,252440c4
50,589,25244481
50,589,25244482
50,589,25244484
50,589,252444a0
50,589,25244580
50,589,25244c01
50,589,25244c02
50,589,25244c04
50,589,25244c20
50,589,25244d00
50,589,25245401
50,589,25245402
50,589,25245404
50,589,25245420
50,589,25245500
50,589,25246401
50,589,25246402
50,589,25246404
50,589,25246420
50,589,25246500
50,589,2524c084
50,589,2524c480
50,589,2524c880
50,589,2524cc00
50,589,2524d080
50,589,2524d400
50,589,2524e001
50,589,2524e002
50,589,2524e004
50,589,2524e008
50,589,2524e010
50,589,2524e020
50,589,2524e040
50,589,2524e080
50,589,2524e100
50,589,2524e200
50,589,2524e400
50,589,2524e800
50,589,2524f000
50,589,2525e000
50,589,25262401
50,589,25264401
50,589,25264402
50,589,25264404
50,589,25264420
50,589,25264500
50,589,2526c400
50,589,2526e000
50,589,2528e001
50,589,252ac001
50,589,252c2401
50,589,252c4401
50,589,252c4402
50,589,252c4404
50,589,252c4420
50,589,252c4500
50,589,252cc080
50,589,252cc400
50,589,252ce000
50,589,252ec000
50,589,25303404
50,589,2530a402
50,589,2530c082
50,589,2530d002
50,589,25340484
50,589,25341404
50,589,25342402
50,589,25342404
50,589,25344081
50,589,2534a004
50,589,2534c080
50,589,2534e000
50,589,2538c002
50,589,253c0081
50,589,253c0082
50,589,253c0084
50,589,253cc000
50,589,25404485
50,589,25405488
50,589,25406405
50,589,25407048
50,589,25407408
50,589,2540c403
50,589,2540c405
50,589,2540c409
50,589,2540c40a
50,589,2540c40c
50,589,2540c411
50,589,2540c418
50,589,2540c421
50,589,2540c428
50,589,2540c441
50,589,2540c442
50,589,2540c444
50,589,2540c448
50,589,2540c450
50,589,2540c481
50,589,2540c488
50,589,2540c501
50,589,2540c508
50,589,2540c601
50,589,2540c608
50,589,2540cc01
50,589,2540cc08
50,589,2540d401
50,589,2540d402
50,589,2540d404
50,589,2540d408
50,589,2540d410
50,589,2540e401
50,589,2540e408
50,589,2541c401
50,589,2541c408
50,589,2542c401
50,589,2542c408
50,589,25444403
50,589,25444405
50,589,25444406
50,589,25444409
50,589,2544440a
50,589,2544440c
50,589,25444411
50,589,25444412
50,589,25444414
50,589,25444418
50,589,25444421
50,589,25444422
50,589,25444424
50,589,25444428
50,589,25444430
50,589,25444441
50,589,25444442
50,589,25444444
50,589,25444448
50,589,25444450
50,589,25444460
50,589,25444481
50,589,25444482
50,589,25444484
50,589,25444488
50,589,25444490
50,589,254444a0
50,589,25444501
50,589,25444502
50,589,25444504
50,589,25444508
50,589,25444510
50,589,25444520
50,589,25444540
50,589,25444580
50,589,25444601
50,589,25444602
50,589,25444604
50,589,25444608
50,589,25444610
50,589,25444620
50,589,25444700
50,589,25444c01
50,589,25444c02
50,589,25444c04
50,589,25444c08
50,589,25444c10
50,589,25444c20
50,589,25444d00
50,589,25445081
50,589,25445088
50,589,25445401
50,589,25445402
50,589,25445404
50,589,25445408
50,589,25445410
50,589,25445420
50,589,25445500
50,589,25446401
50,589,25446402
50,589,25446404
50,589,25446408
50,589,25446410
50,589,25446420
50,589,25446500
50,589,2544c401
50,589,2544c402
50,589,2544c404
50,589,2544c408
50,589,2544c410
50,589,2544c420
50,589,2544c440
50,589,2544c480
50,589,2544c500
50,589,2544c600
50,589,2544cc00
50,589,2544d080
50,589,2544d400
50,589,2544e400
50,589,2544f000
50,589,25454401
50,589,25454402
50,589,25454404
50,589,25454408
50,589,25454410
50,589,25454420
50,589,25454500
50,589,2545c400
50,589,25464401
50,589,25464402
50,589,25464404
50,589,25464408
50,589,25464410
50,589,25464420
50,589,25464500
50,589,2546c400
50,589,25484405
50,589,2548440c
50,589,25484448
50,589,25485005
50,589,25485009
50,589,25485021
50,589,25485088
50,589,25485101
50,589,25485408
50,589,25486404
50,589,25487004
50,589,25487008
50,589,2548c401
50,589,2548c402
50,589,2548c404
50,589,2548c408
50,589,2548c410
50,589,2548d001
50,589,2548d004
50,589,2548d008
50,589,2548e002
50,589,254a4404
50,589,254c4401
50,589,254c4402
50,589,254c4404
50,589,254c4408
50,589,254c4410
50,589,254c4420
50,589,254c4500
50,589,254c5001
50,589,254c5002
50,589,254c5004
50,589,254c5008
50,589,254c5010
50,589,254c5020
50,589,254c5100
50,589,254cc400
50,589,254cd000
50,589,25501604
50,589,25503404
50,589,25504405
50,589,25504409
50,589,25504421
50,589,25504501
50,589,25505088
50,589,25505404
50,589,25505408
50,589,2550c401
50,589,2550c408
50,589,2550d002
50,589,25540405
50,589,25540406
50,589,2554040c
50,589,25540414
50,589,25540424
50,589,25540444
50,589,25540484
50,589,25540504
50,589,25540601
50,589,25540602
50,589,25540604
50,589,25540608
50,589,25540610
50,589,25540c04
50,589,25541404
50,589,25542044
50,589,25542402
50,589,25542404
50,589,25544401
50,589,25544402
50,589,25544404
50,589,25544408
50,589,25544410
50,589,25544420
50,589,25544500
50,589,25548404
50,589,2554a004
50,589,2554c400
50,589,25550404
50,589,25560404
50,589,25584404
50,589,25584408
50,589,2558a002
50,589,255c0404
50,589,25604085
50,589,2560c084
50,589,2560c401
50,589,2560c402
50,589,2560c404
50,589,2560c408
50,589,2560c410
50,589,2560e001
50,589,25644401
50,589,25644402
50,589,25644404
50,589,25644408
50,589,25644410
50,589,25644420
50,589,25644500
50,589,2564c400
50,589,2564e000
50,589,25684408
50,589,2568c001
50,589,2568c004
50,589,2568c008
50,589,256cc000
50,589,25704088
50,589,25704404
50,589,25704408
50,589,2570c002
50,589,25740404
50,589,25802407
50,589,2580240d
50,589,25802415
50,589,25806405
50,589,25807401
50,589,25842405
50,589,25844481
50,589,25844482
50,589,25844580
50,589,25844c01
50,589,25844c02
50,589,25844d00
50,589,25845401
50,589,25845402
50,589,25845404
50,589,25845420
50,589,25845500
50,589,25846401
50,589,25846402
50,589,25846500
50,589,25849003
50,589,25849005
50,589,25849011
50,589,25849402
50,589,25849404
50,589,25849410
50,589,2584d001
50,589,2584d400
50,589,25864401
50,589,25864402
50,589,25864500
50,589,2586b000
50,589,25882405
50,589,258c1401
50,589,258c4401
50,589,258c4402
50,589,258c4404
50,589,258c4420
50,589,258c4500
50,589,258c9001
50,589,258c9008
50,589,258c9400
50,589,258cc400
50,589,258e9000
50,589,25902405
50,589,25903402
50,589,25903404
50,589,25906401
50,589,25940484
50,589,25940c04
50,589,25941402
50,589,25941404
50,589,25942402
50,589,25942404
50,589,25960404
50,589,259c0402
50,589,259c0404
50,589,25a4e000
50,589,25acc000
50,589,25bc8000
50,589,25c0c401
50,589,25c0c408
50,589,25c44401
50,589,25c44402
50,589,25c44404
50,589,25c44408
50,589,25c44410
50,589,25c44420
50,589,25c44500
50,589,25c4c400
50,589,25c69000
50,589,25c81401
50,589,25c85001
50,589,25c89001
50,589,25c89004
50,589,25c89008
50,589,25cc9000
50,589,25d04401
50,589,25d40404
50,589,26006485
50,589,26006605
50,589,26006c05
50,589,26007405
50,589,2600f401
50,589,26046405
50,589,26047401
50,589,260c4405
50,589,260c4421
50,589,260c4501
50,589,260c5401
50,589,260cc401
50,589,26106405
50,589,2610640c
50,589,26106421
50,589,26106428
50,589,26106444
50,589,26106501
50,589,26106508
50,589,26107401
50,589,26107404
50,589,2610e401
50,589,2610e408
50,589,2610f008
50,589,26146404
50,589,26146420
50,589,26146500
50,589,26147400
50,589,2614e400
50,589,26186404
50,589,261c5400
50,589,26246401
50,589,26246404
50,589,26246420
50,589,26246500
50,589,2624e400
50,589,262c4401
50,589,262c6001
50,589,26306401
50,589,26306404
50,589,2630e008
50,589,26346400
50,589,263c4008
50,589,263c4400
50,589,263c6000
50,589,26405405
50,589,26405481
50,589,2640d401
50,589,26445401
50,589,26445480
50,589,26447400
50,589,26465400
50,589,2648500c
50,589,26485088
50,589,2648d008
50,589,264c4041
50,589,264c4401
50,589,264c5008
50,589,264c5400
50,589,26505005
50,589,26505009
50,589,2650500a
50,589,2650500c
50,589,26505018
50,589,26505028
50,589,26505048
50,589,26505081
50,589,26505088
50,589,26505108
50,589,26505208
50,589,26505401
50,589,26505402
50,589,26505404
50,589,26505408
50,589,26505410
50,589,26505808
50,589,26506041
50,589,26506101
50,589,26506201
50,589,26506401
50,589,26506408
50,589,26507001
50,589,26507008
50,589,2650d008
50,589,26515008
50,589,26525008
50,589,26544401
50,589,26544402
50,589,26544600
50,589,26545001
50,589,26545008
50,589,26545400
50,589,26546400
50,589,26584208
50,589,26585008
50,589,265c4400
50,589,26645400
50,589,26646400
50,589,266c6000
50,589,266e4000
50,589,26704081
50,589,26704088
50,589,26705008
50,589,26706001
50,589,26706008
50,589,26744001
50,589,26744400
50,589,26784008
50,589,26907008
50,589,26b05008
50,589,26c05401
50,589,26c85008
50,589,26d05008
50,589,26d06001
50,589,27005441
50,589,27006405
50,589,27006481
50,589,27007009
50,589,27007401
50,589,27015081
50,589,27015401
50,589,27017001
50,589,27024405
50,589,27025009
50,589,27025401
50,589,27035001
50,589,2704140c
50,589,27041504
50,589,27043401
50,589,27043500
50,589,27044086
50,589,27044089
50,589,2704408a
50,589,27044188
50,589,27044481
50,589,27044482
50,589,27044580
50,589,27044c01
50,589,27044c02
50,589,27044d00
50,589,27045081
50,589,27045082
50,589,27045084
50,589,27045088
50,589,27045090
50,589,270450a0
50,589,270450c0
50,589,27045180
50,589,27045280
50,589,27045401
50,589,27045402
50,589,27045404
50,589,27045408
50,589,27045410
50,589,27045420
50,589,27045440
50,589,27045480
50,589,27045500
50,589,27045600
50,589,27045880
50,589,27045c00
50,589,27046006
50,589,27046009
50,589,2704600a
50,589,27046108
50,589,27046401
50,589,27046402
50,589,27046500
50,589,27047001
50,589,27047002
50,589,27047004
50,589,27047008
50,589,27047010
50,589,27047020
50,589,27047040
50,589,27047080
50,589,27047100
50,589,27047200
50,589,27047400
50,589,27047800
50,589,2704c081
50,589,2704c082
50,589,2704c180
50,589,2704d080
50,589,2704d400
50,589,2704e001
50,589,2704e002
50,589,2704e100
50,589,2704f000
50,589,27055080
50,589,27055400
50,589,27057000
50,589,27064006
50,589,27064009
50,589,2706400a
50,589,27064108
50,589,27064401
50,589,27064402
50,589,27064500
50,589,27065001
50,589,27065002
50,589,27065004
50,589,27065008
50,589,27065010
50,589,27065020
50,589,27065040
50,589,27065080
50,589,27065100
50,589,27065200
50,589,27065400
50,589,27065800
50,589,27067000
50,589,2706c001
50,589,2706c002
50,589,2706c100
50,589,2706d000
50,589,27075000
50,589,270840c1
50,589,270840c4
50,589,27084441
50,589,27086011
50,589,27086041
50,589,27086101
50,589,27086401
50,589,27087001
50,589,2708e001
50,589,27094401
50,589,27094404
50,589,270a4011
50,589,270a4041
50,589,270a4101
50,589,270a4401
50,589,270a5001
50,589,270ac001
50,589,270c4081
50,589,270c4082
50,589,270c4084
50,589,270c4088
50,589,270c4090
50,589,270c40a0
50,589,270c40c0
50,589,270c4180
50,589,270c4280
50,589,270c4401
50,589,270c4402
50,589,270c4404
50,589,270c4408
50,589,270c4410
50,589,270c4420
50,589,270c4440
50,589,270c4480
50,589,270c4500
50,589,270c4600
50,589,270c4880
50,589,270c4c00
50,589,270c5080
50,589,270c5400
50,589,270c6001
50,589,270c6002
50,589,270c6004
50,589,270c6008
50,589,270c6010
50,589,270c6020
50,589,270c6040
50,589,270c6080
50,589,270c6100
50,589,270c6200
50,589,270c6400
50,589,270c6800
50,589,270c7000
50,589,270cc080
50,589,270cc400
50,589,270ce000
50,589,270d4080
50,589,270d4400
50,589,270d6000
50,589,270e4001
50,589,270e4002
50,589,270e4004
50,589,270e4008
50,589,270e4010
50,589,270e4020
50,589,270e4040
50,589,270e4080
50,589,270e4100
50,589,270e4200
50,589,270e4400
50,589,270e4800
50,589,270e5000
50,589,270e6000
50,589,270ec000
50,589,270f4000
50,589,27103404
50,589,271040c4
50,589,27104844
50,589,27105041
50,589,27105044
50,589,27106011
50,589,27106041
50,589,27106044
50,589,27106101
50,589,27106108
50,589,27106401
50,589,27107001
50,589,2710e001
50,589,2710e008
50,589,27115001
50,589,27124011
50,589,27124044
50,589,27125001
50,589,2712d000
50,589,27141404
50,589,27142044
50,589,27143400
50,589,27144081
50,589,27144082
50,589,27144084
50,589,27144088
50,589,27144090
50,589,271440a0
50,589,271440c0
50,589,27144180
50,589,27144280
50,589,27144480
50,589,27144801
50,589,27144802
50,589,27144804
50,589,27144808
50,589,27144810
50,589,27144820
50,589,27144840
50,589,27144880
50,589,27144900
50,589,27144a00
50,589,27144c00
50,589,27145001
50,589,27145002
50,589,27145004
50,589,27145008
50,589,27145010
50,589,27145020
50,589,27145040
50,589,27145080
50,589,27145100
50,589,27145200
50,589,27145400
50,589,27145800
50,589,27146001
50,589,27146002
50,589,27146004
50,589,27146008
50,589,27146010
50,589,27146020
50,589,27146040
50,589,27146080
50,589,27146100
50,589,27146200
50,589,27146400
50,589,27146800
50,589,27147000
50,589,2714c080
50,589,2714c800
50,589,2714d000
50,589,2714e000
50,589,27154080
50,589,27154800
50,589,27155000
50,589,27156000
50,589,27164001
50,589,27164002
50,589,27164004
50,589,27164008
50,589,27164010
50,589,27164020
50,589,27164040
50,589,27164080
50,589,27164100
50,589,27164200
50,589,27164400
50,589,27164800
50,589,27165000
50,589,27166000
50,589,2716c000
50,589,27174000
50,589,27184041
50,589,27184044
50,589,271ac000
50,589,271c0042
50,589,271c1004
50,589,271c1040
50,589,271c1080
50,589,271c4001
50,589,271c4002
50,589,271c4004
50,589,271c4008
50,589,271c4010
50,589,271c4020
50,589,271c4040
50,589,271c4080
50,589,271c4100
50,589,271c4200
50,589,271c4400
50,589,271c4800
50,589,271c5000
50,589,271c6000
50,589,271cc000
50,589,271d4000
50,589,271e4000
50,589,27205401
50,589,27242401
50,589,27244081
50,589,27244082
50,589,27244084
50,589,27244088
50,589,27244090
50,589,272440a0
50,589,272440c0
50,589,27244180
50,589,27244280
50,589,27244480
50,589,27244880
50,589,27244c00
50,589,27245080
50,589,27245400
50,589,27246001
50,589,27246002
50,589,27246004
50,589,27246008
50,589,27246010
50,589,27246020
50,589,27246040
50,589,27246080
50,589,27246100
50,589,27246200
50,589,27246400
50,589,27246800
50,589,27247000
50,589,2724c080
50,589,2724e000
50,589,27254080
50,589,27256000
50,589,27264001
50,589,27264002
50,589,27264004
50,589,27264008
50,589,27264010
50,589,27264020
50,589,27264040
50,589,27264080
50,589,27264100
50,589,27264200
50,589,27264400
50,589,27264800
50,589,27265000
50,589,27266000
50,589,2726c000
50,589,27274000
50,589,27284401
50,589,272c4080
50,589,272c4400
50,589,272c6000
50,589,272e4000
50,589,27305001
50,589,27344080
50,589,27344800
50,589,27345000
50,589,27346000
50,589,27364000
50,589,273c4000
50,589,2740300c
50,589,27404007
50,589,2740400b
50,589,2740400d
50,589,27404019
50,589,27404029
50,589,27404049
50,589,27404089
50,589,27404109
50,589,27404209
50,589,27404403
50,589,27404405
50,589,27404409
50,589,27404411
50,589,27404421
50,589,27404441
50,589,27404481
50,589,27404501
50,589,27404601
50,589,27404608
50,589,27404809
50,589,27404c01
50,589,27405003
50,589,27405005
50,589,27405009
50,589,27405011
50,589,27405021
50,589,27405041
50,589,27405081
50,589,27405101
50,589,27405201
50,589,27405401
50,589,27405408
50,589,27405801
50,589,27406009
50,589,27406208
50,589,27406401
50,589,27407001
50,589,27407008
50,589,2740c003
50,589,2740c005
50,589,2740c009
50,589,2740c00a
50,589,2740c00c
50,589,2740c011
50,589,2740c018
50,589,2740c021
50,589,2740c028
50,589,2740c041
50,589,2740c044
50,589,2740c048
50,589,2740c081
50,589,2740c088
50,589,2740c101
50,589,2740c108
50,589,2740c201
50,589,2740c208
50,589,2740c401
50,589,2740c408
50,589,2740c801
50,589,2740c808
50,589,2740d001
50,589,2740d004
50,589,2740d008
50,589,2740e001
50,589,2740e008
50,589,27414009
50,589,27414401
50,589,27415001
50,589,2741c001
50,589,2741c008
50,589,27424009
50,589,27424401
50,589,27425001
50,589,2742c001
50,589,2742c008
50,589,27444006
50,589,27444009
50,589,2744400a
50,589,2744400c
50,589,27444018
50,589,27444028
50,589,27444048
50,589,27444088
50,589,27444108
50,589,27444208
50,589,27444401
50,589,27444402
50,589,27444404
50,589,27444408
50,589,27444410
50,589,27444420
50,589,27444440
50,589,27444480
50,589,27444500
50,589,27444600
50,589,27444808
50,589,27444c00
50,589,27445001
50,589,27445002
50,589,27445004
50,589,27445008
50,589,27445010
50,589,27445020
50,589,27445040
50,589,27445080
50,589,27445100
50,589,27445200
50,589,27445400
50,589,27445800
50,589,27446008
50,589,27446400
50,589,27447000
50,589,2744c001
50,589,2744c002
50,589,2744c004
50,589,2744c008
50,589,2744c010
50,589,2744c020
50,589,2744c040
50,589,2744c080
50,589,2744c100
50,589,2744c200
50,589,2744c400
50,589,2744c800
50,589,2744d000
50,589,2744e000
50,589,27454008
50,589,27454400
50,589,27455000
50,589,2745c000
50,589,27464008
50,589,27464400
50,589,27465000
50,589,2746c000
50,589,27484003
50,589,27484005
50,589,27484006
50,589,27484009
50,589,2748400a
50,589,2748400c
50,589,27484011
50,589,27484014
50,589,27484018
50,589,27484021
50,589,27484024
50,589,27484028
50,589,27484041
50,589,27484044
50,589,27484048
50,589,27484081
50,589,27484084
50,589,27484088
50,589,27484101
50,589,27484104
50,589,27484108
50,589,27484201
50,589,27484204
50,589,27484208
50,589,27484401
50,589,27484402
50,589,27484404
50,589,27484408
50,589,27484410
50,589,27484801
50,589,27484804
50,589,27484808
50,589,27485001
50,589,27485004
50,589,27485008
50,589,27486001
50,589,27486002
50,589,27486004
50,589,27486008
50,589,27486010
50,589,2748c001
50,589,2748c004
50,589,2748c008
50,589,27494001
50,589,27494004
50,589,27494008
50,589,274a4001
50,589,274a4004
50,589,274a4008
50,589,274a4400
50,589,274a6000
50,589,274c4001
50,589,274c4002
50,589,274c4004
50,589,274c4008
50,589,274c4010
50,589,274c4020
50,589,274c4040
50,589,274c4080
50,589,274c4100
50,589,274c4200
50,589,274c4400
50,589,274c4800
50,589,274c5000
50,589,274c6000
50,589,274cc000
50,589,274d4000
50,589,274e4000
50,589,27504003
50,589,27504005
50,589,27504009
50,589,2750400a
50,589,2750400c
50,589,27504011
50,589,27504018
50,589,27504021
50,589,27504028
50,589,27504041
50,589,27504042
50,589,27504044
50,589,27504048
50,589,27504050
50,589,27504081
50,589,27504088
50,589,27504101
50,589,27504108
50,589,27504201
50,589,27504208
50,589,27504401
50,589,27504408
50,589,27504801
50,589,27504808
50,589,27505001
50,589,27505002
50,589,27505004
50,589,27505008
50,589,27505010
50,589,27506001
50,589,27506008
50,589,2750c001
50,589,2750c008
50,589,27514001
50,589,27514008
50,589,27524001
50,589,27524008
50,589,27524040
50,589,27525000
50,589,27540404
50,589,27542004
50,589,27544001
50,589,27544002
50,589,27544004
50,589,27544008
50,589,27544010
50,589,27544020
50,589,27544040
50,589,27544080
50,589,27544100
50,589,27544200
50,589,27544400
50,589,27544800
50,589,27545000
50,589,27546000
50,589,2754c000
50,589,27554000
50,589,27564000
50,589,27584001
50,589,27584002
50,589,27584004
50,589,27584008
50,589,27584010
50,589,275a4000
50,589,275c0004
50,589,275c4000
50,589,27604003
50,589,27604005
50,589,27604009
50,589,27604011
50,589,27604021
50,589,27604041
50,589,27604081
50,589,27604101
50,589,27604201
50,589,27604401
50,589,27604801
50,589,27605001
50,589,27606001
50,589,2760c001
50,589,2760c004
50,589,2760c008
50,589,27614001
50,589,27624001
50,589,27644001
50,589,27644002
50,589,27644004
50,589,27644008
50,589,27644010
50,589,27644020
50,589,27644040
50,589,27644080
50,589,27644100
50,589,27644200
50,589,27644400
50,589,27644800
50,589,27645000
50,589,27646000
50,589,2764c000
50,589,27654000
50,589,27664000
50,589,27684001
50,589,27684004
50,589,27684008
50,589,276c4000
50,589,27704001
50,589,27704002
50,589,27704004
50,589,27704008
50,589,27704010
50,589,27724000
50,589,27744000
50,589,27815001
50,589,27841005
50,589,2784100c
50,589,27841011
50,589,27841404
50,589,27845001
50,589,27845002
50,589,27845004
50,589,27845008
50,589,27845010
50,589,27845020
50,589,27845040
50,589,27845080
50,589,27845100
50,589,27845200
50,589,27845400
50,589,27845800
50,589,27847000
50,589,2784d000
50,589,27855000
50,589,27861004
50,589,27865000
50,589,27884041
50,589,27886001
50,589,27894001
50,589,27894008
50,589,278a4001
50,589,278c4001
50,589,278c4002
50,589,278c4004
50,589,278c4008
50,589,278c4010
50,589,278c4020
50,589,278c4040
50,589,278c4080
50,589,278c4100
50,589,278c4200
50,589,278c4400
50,589,278c4800
50,589,278c5000
50,589,278c6000
50,589,278cc000
50,589,278d4000
50,589,278e4000
50,589,27906001
50,589,27906008
50,589,27942001
50,589,27942002
50,589,27942004
50,589,27942008
50,589,27942010
50,589,27942020
50,589,27942040
50,589,27942080
50,589,27942100
50,589,27942200
50,589,27942400
50,589,27942800
50,589,27943000
50,589,27944080
50,589,27944800
50,589,27945000
50,589,27946000
50,589,2794a000
50,589,27952000
50,589,27962000
50,589,27964000
50,589,279c0002
50,589,279c0004
50,589,279c0080
50,589,279c0200
50,589,279c1000
50,589,279c2000
50,589,279c4000
50,589,27a44080
50,589,27a44800
50,589,27a45000
50,589,27a46000
50,589,27a64000
50,589,27a84001
50,589,27ac4000
50,589,27b42000
50,589,27bc0000
50,589,27c04009
50,589,27c04401
50,589,27c05001
50,589,27c09008
50,589,27c0c001
50,589,27c0c008
50,589,27c40600
50,589,27c41400
50,589,27c42400
50,589,27c44008
50,589,27c44400
50,589,27c45000
50,589,27c4c000
50,589,27c81004
50,589,27c84001
50,589,27c84004
50,589,27c84008
50,589,27cc4000
50,589,27d04001
50,589,27d04008
50,589,27d42000
50,589,27d44000
50,589,27e04001
50,589,27e44000
50,589,28544601
50,589,28545401
50,589,28554401
50,589,28744401
50,589,29005485
50,589,2900d403
50,589,2900d601
50,589,2901d401
50,589,29044407
50,589,2904440b
50,589,29044413
50,589,29044423
50,589,29044443
50,589,29044483
50,589,29044503
50,589,29044603
50,589,29044c03
50,589,29045403
50,589,29045481
50,589,29045601
50,589,29045c01
50,589,29045c02
50,589,29045c04
50,589,29045c20
50,589,29045d00
50,589,29046403
50,589,29047402
50,589,29049c02
50,589,2904b402
50,589,2904c403
50,589,2904cc02
50,589,2904dc00
50,589,2904e402
50,589,29054403
50,589,29054406
50,589,2905440a
50,589,29054412
50,589,29054422
50,589,29054442
50,589,29054482
50,589,29054502
50,589,29054602
50,589,29054c02
50,589,29055401
50,589,29055402
50,589,29055404
50,589,29055420
50,589,29055500
50,589,29056402
50,589,2905c402
50,589,2905d400
50,589,29064403
50,589,29074402
50,589,29084407
50,589,2908c20a
50,589,2908c403
50,589,2908c482
50,589,2908c602
50,589,2908cc02
50,589,2908d201
50,589,2908d208
50,589,2909c402
50,589,2909d001
50,589,2909d004
50,589,2909d008
50,589,290c1502
50,589,290c4403
50,589,290c4602
50,589,290c5402
50,589,290c9402
50,589,290cc402
50,589,290d4402
50,589,290dd000
50,589,29105085
50,589,29105405
50,589,2910d201
50,589,29144085
50,589,29144403
50,589,29144405
50,589,29144406
50,589,29144409
50,589,2914440a
50,589,2914440c
50,589,29144411
50,589,29144412
50,589,29144414
50,589,29144421
50,589,29144422
50,589,29144424
50,589,29144428
50,589,29144430
50,589,29144441
50,589,29144442
50,589,29144444
50,589,29144460
50,589,29144481
50,589,29144482
50,589,29144484
50,589,291444a0
50,589,29144501
50,589,29144502
50,589,29144504
50,589,29144508
50,589,29144510
50,589,29144520
50,589,29144540
50,589,29144580
50,589,29144601
50,589,29144602
50,589,29144604
50,589,29144608
50,589,29144610
50,589,29144620
50,589,29144700
50,589,29144c01
50,589,29144c02
50,589,29144c04
50,589,29144c20
50,589,29144d00
50,589,29145081
50,589,29145401
50,589,29145402
50,589,29145404
50,589,29145420
50,589,29145500
50,589,29146401
50,589,29146402
50,589,29146404
50,589,29146420
50,589,29146500
50,589,29149402
50,589,2914c401
50,589,2914c402
50,589,2914c404
50,589,2914c408
50,589,2914c410
50,589,2914c420
50,589,2914c440
50,589,2914c480
50,589,2914c500
50,589,2914c600
50,589,2914cc00
50,589,2914d400
50,589,2914e400
50,589,29154401
50,589,29154402
50,589,29154404
50,589,29154420
50,589,29154500
50,589,2915c400
50,589,29164401
50,589,29164402
50,589,29164404
50,589,29164420
50,589,29164500
50,589,2916c400
50,589,29184405
50,589,29184406
50,589,29184421
50,589,29184422
50,589,29184502
50,589,29184604
50,589,29184620
50,589,2918c402
50,589,29194404
50,589,29194420
50,589,291c4401
50,589,291c4402
50,589,291c4404
50,589,291c4420
50,589,291c4500
50,589,291cc400
50,589,29244403
50,589,29244481
50,589,29244601
50,589,29244c01
50,589,29245081
50,589,2924cc00
50,589,29254401
50,589,29254402
50,589,29254404
50,589,29254420
50,589,29254500
50,589,2925c400
50,589,2928c201
50,589,2928c208
50,589,2929c001
50,589,2929c008
50,589,292c4081
50,589,292cc002
50,589,292cc080
50,589,292cc200
50,589,292cc800
50,589,292dc000
50,589,29344081
50,589,29344401
50,589,29344402
50,589,29344404
50,589,29344420
50,589,29344500
50,589,2934c002
50,589,2934c080
50,589,2934c200
50,589,2934c400
50,589,2934e000
50,589,29384404
50,589,29384420
50,589,293cc000
50,589,29444403
50,589,29444602
50,589,29445088
50,589,29445402
50,589,29449402
50,589,2944c402
50,589,29454402
50,589,2948c402
50,589,29504405
50,589,29544401
50,589,29544402
50,589,29544404
50,589,29544408
50,589,29544410
50,589,29544420
50,589,29544500
50,589,2954c400
50,589,29704404
50,589,29844403
50,589,29854402
50,589,29942402
50,589,29944401
50,589,29944402
50,589,29944404
50,589,29944420
50,589,29944500
50,589,2994c400
50,589,29984402
50,589,29b4c000
50,589,2a047401
50,589,2a147400
50,589,2a515008
50,589,2a544401
50,589,2a546400
50,589,2b005403
50,589,2b005405
50,589,2b005411
50,589,2b005421
50,589,2b005601
50,589,2b015003
50,589,2b015005
50,589,2b015009
50,589,2b015011
50,589,2b015021
50,589,2b015041
50,589,2b015081
50,589,2b015101
50,589,2b015201
50,589,2b015401
50,589,2b015801
50,589,2b017001
50,589,2b01d001
50,589,2b01f000
50,589,2b035001
50,589,2b043420
50,589,2b043500
50,589,2b044403
50,589,2b045009
50,589,2b045201
50,589,2b045401
50,589,2b045808
50,589,2b045a00
50,589,2b045c00
50,589,2b047008
50,589,2b047200
50,589,2b047400
50,589,2b04b400
50,589,2b054006
50,589,2b05400a
50,589,2b054402
50,589,2b055001
50,589,2b055002
50,589,2b055004
50,589,2b055008
50,589,2b055010
50,589,2b055020
50,589,2b055040
50,589,2b055080
50,589,2b055100
50,589,2b055200
50,589,2b055400
50,589,2b055800
50,589,2b057000
50,589,2b05c002
50,589,2b05d000
50,589,2b075000
50,589,2b084403
50,589,2b084405
50,589,2b084411
50,589,2b084421
50,589,2b084601
50,589,2b084604
50,589,2b084620
50,589,2b084700
50,589,2b085201
50,589,2b08c201
50,589,2b08c204
50,589,2b08c208
50,589,2b08c600
50,589,2b094011
50,589,2b094041
50,589,2b094044
50,589,2b094101
50,589,2b094108
50,589,2b094401
50,589,2b094404
50,589,2b094420
50,589,2b094500
50,589,2b095001
50,589,2b09c001
50,589,2b09c004
50,589,2b09c008
50,589,2b09c400
50,589,2b0c4009
50,589,2b0c400a
50,589,2b0c400c
50,589,2b0c4018
50,589,2b0c4028
50,589,2b0c4048
50,589,2b0c4088
50,589,2b0c4108
50,589,2b0c4201
50,589,2b0c4202
50,589,2b0c4204
50,589,2b0c4208
50,589,2b0c4210
50,589,2b0c4220
50,589,2b0c4240
50,589,2b0c4280
50,589,2b0c4300
50,589,2b0c4401
50,589,2b0c4402
50,589,2b0c4404
50,589,2b0c4408
50,589,2b0c4410
50,589,2b0c4420
50,589,2b0c4440
50,589,2b0c4480
50,589,2b0c4500
50,589,2b0c4600
50,589,2b0c4808
50,589,2b0c4a00
50,589,2b0c4c00
50,589,2b0c5008
50,589,2b0c5200
50,589,2b0c5400
50,589,2b0c6008
50,589,2b0c6200
50,589,2b0c6400
50,589,2b0cc008
50,589,2b0cc200
50,589,2b0cc400
50,589,2b0d4001
50,589,2b0d4002
50,589,2b0d4004
50,589,2b0d4008
50,589,2b0d4010
50,589,2b0d4020
50,589,2b0d4040
50,589,2b0d4080
50,589,2b0d4100
50,589,2b0d4200
50,589,2b0d4400
50,589,2b0d4800
50,589,2b0d5000
50,589,2b0d6000
50,589,2b0dc000
50,589,2b0e4008
50,589,2b0e4200
50,589,2b0e4400
50,589,2b0f4000
50,589,2b105201
50,589,2b114011
50,589,2b115001
50,589,2b144003
50,589,2b144005
50,589,2b144006
50,589,2b144009
50,589,2b14400a
50,589,2b14400c
50,589,2b144011
50,589,2b144012
50,589,2b144014
50,589,2b144018
50,589,2b144021
50,589,2b144022
50,589,2b144024
50,589,2b144028
50,589,2b144030
50,589,2b144041
50,589,2b144042
50,589,2b144044
50,589,2b144048
50,589,2b144050
50,589,2b144060
50,589,2b144081
50,589,2b144082
50,589,2b144084
50,589,2b144088
50,589,2b144090
50,589,2b1440a0
50,589,2b1440c0
50,589,2b144101
50,589,2b144102
50,589,2b144104
50,589,2b144108
50,589,2b144110
50,589,2b144120
50,589,2b144140
50,589,2b144180
50,589,2b144201
50,589,2b144202
50,589,2b144204
50,589,2b144208
50,589,2b144210
50,589,2b144220
50,589,2b144240
50,589,2b144280
50,589,2b144300
50,589,2b144401
50,589,2b144402
50,589,2b144404
50,589,2b144408
50,589,2b144410
50,589,2b144420
50,589,2b144440
50,589,2b144480
50,589,2b144500
50,589,2b144600
50,589,2b144801
50,589,2b144802
50,589,2b144804
50,589,2b144808
50,589,2b144810
50,589,2b144820
50,589,2b144840
50,589,2b144880
50,589,2b144900
50,589,2b144a00
50,589,2b144c00
50,589,2b145001
50,589,2b145002
50,589,2b145004
50,589,2b145008
50,589,2b145010
50,589,2b145020
50,589,2b145040
50,589,2b145080
50,589,2b145100
50,589,2b145200
50,589,2b145400
50,589,2b145800
50,589,2b146001
50,589,2b146002
50,589,2b146004
50,589,2b146008
50,589,2b146010
50,589,2b146020
50,589,2b146040
50,589,2b146080
50,589,2b146100
50,589,2b146200
50,589,2b146400
50,589,2b146800
50,589,2b147000
50,589,2b14c001
50,589,2b14c002
50,589,2b14c004
50,589,2b14c008
50,589,2b14c010
50,589,2b14c020
50,589,2b14c040
50,589,2b14c080
50,589,2b14c100
50,589,2b14c200
50,589,2b14c400
50,589,2b14c800
50,589,2b14d000
50,589,2b14e000
50,589,2b154001
50,589,2b154002
50,589,2b154004
50,589,2b154008
50,589,2b154010
50,589,2b154020
50,589,2b154040
50,589,2b154080
50,589,2b154100
50,589,2b154200
50,589,2b154400
50,589,2b154800
50,589,2b155000
50,589,2b156000
50,589,2b15c000
50,589,2b164001
50,589,2b164002
50,589,2b164004
50,589,2b164008
50,589,2b164010
50,589,2b164020
50,589,2b164040
50,589,2b164080
50,589,2b164100
50,589,2b164200
50,589,2b164400
50,589,2b164800
50,589,2b165000
50,589,2b166000
50,589,2b16c000
50,589,2b174000
50,589,2b1c4001
50,589,2b1c4002
50,589,2b1c4004
50,589,2b1c4008
50,589,2b1c4010
50,589,2b1c4020
50,589,2b1c4040
50,589,2b1c4080
50,589,2b1c4100
50,589,2b1c4200
50,589,2b1c4400
50,589,2b1c4800
50,589,2b1c5000
50,589,2b1c6000
50,589,2b1cc000
50,589,2b1d4000
50,589,2b1e4000
50,589,2b215001
50,589,2b244201
50,589,2b244401
50,589,2b245001
50,589,2b245800
50,589,2b247000
50,589,2b254001
50,589,2b254002
50,589,2b254004
50,589,2b254008
50,589,2b254010
50,589,2b254020
50,589,2b254040
50,589,2b254080
50,589,2b254100
50,589,2b254200
50,589,2b254400
50,589,2b254800
50,589,2b255000
50,589,2b256000
50,589,2b25c000
50,589,2b274000
50,589,2b2c4001
50,589,2b2c4002
50,589,2b2c4004
50,589,2b2c4008
50,589,2b2c4010
50,589,2b2c4020
50,589,2b2c4040
50,589,2b2c4080
50,589,2b2c4100
50,589,2b2c4200
50,589,2b2c4400
50,589,2b2c4800
50,589,2b2c5000
50,589,2b2c6000
50,589,2b2cc000
50,589,2b2d4000
50,589,2b2e4000
50,589,2b344001
50,589,2b344002
50,589,2b344004
50,589,2b344008
50,589,2b344010
50,589,2b344020
50,589,2b344040
50,589,2b344080
50,589,2b344100
50,589,2b344200
50,589,2b344400
50,589,2b344800
50,589,2b345000
50,589,2b346000
50,589,2b34c000
50,589,2b354000
50,589,2b364000
50,589,2b3c4000
50,589,2b415001
50,589,2b444402
50,589,2b445008
50,589,2b445200
50,589,2b445400
50,589,2b455000
50,589,2b484402
50,589,2b484600
50,589,2b494001
50,589,2b494004
50,589,2b494008
50,589,2b494400
50,589,2b4c4008
50,589,2b4c4200
50,589,2b4c4400
50,589,2b4d4000
50,589,2b505200
50,589,2b514001
50,589,2b514008
50,589,2b515000
50,589,2b544001
50,589,2b544002
50,589,2b544004
50,589,2b544008
50,589,2b544010
50,589,2b544020
50,589,2b544040
50,589,2b544080
50,589,2b544100
50,589,2b544200
50,589,2b544400
50,589,2b544800
50,589,2b545000
50,589,2b546000
50,589,2b54c000
50,589,2b554000
50,589,2b564000
50,589,2b5c4000
50,589,2b614001
50,589,2b644200
50,589,2b644400
50,589,2b645000
50,589,2b654000
50,589,2b6c4000
50,589,2b744000
50,589,2b815001
50,589,2b844009
50,589,2b844401
50,589,2b845001
50,589,2b845800
50,589,2b847000
50,589,2b84c001
50,589,2b855000
50,589,2b884600
50,589,2b894001
50,589,2b894008
50,589,2b894400
50,589,2b8c4001
50,589,2b8c4002
50,589,2b8c4004
50,589,2b8c4008
50,589,2b8c4010
50,589,2b8c4020
50,589,2b8c4040
50,589,2b8c4080
50,589,2b8c4100
50,589,2b8c4200
50,589,2b8c4400
50,589,2b8c4800
50,589,2b8c5000
50,589,2b8c6000
50,589,2b8cc000
50,589,2b8d4000
50,589,2b8e4000
50,589,2b942001
50,589,2b942040
50,589,2b942400
50,589,2b943000
50,589,2b944001
50,589,2b944002
50,589,2b944004
50,589,2b944008
50,589,2b944010
50,589,2b944020
50,589,2b944040
50,589,2b944080
50,589,2b944100
50,589,2b944200
50,589,2b944400
50,589,2b944800
50,589,2b945000
50,589,2b946000
50,589,2b94c000
50,589,2b954000
50,589,2b964000
50,589,2b9c1000
50,589,2b9c4000
50,589,2ba44001
50,589,2ba54000
50,589,2bac4000
50,589,2bb42000
50,589,2bb44000
50,589,2bc44008
50,589,2bc44400
50,589,2bc45000
50,589,2bc4c000
50,589,2bcc4000
50,589,2bd44000
50,589,2be44000
50,589,2d00c405
50,589,2d00d401
50,589,2d043401
50,589,2d044403
50,589,2d044405
50,589,2d044406
50,589,2d044409
50,589,2d04440a
50,589,2d044411
50,589,2d044412
50,589,2d044421
50,589,2d044422
50,589,2d044441
50,589,2d044442
50,589,2d044481
50,589,2d044482
50,589,2d044501
50,589,2d044502
50,589,2d044504
50,589,2d044508
50,589,2d044510
50,589,2d044520
50,589,2d044540
50,589,2d044580
50,589,2d044601
50,589,2d044602
50,589,2d044700
50,589,2d044c01
50,589,2d044c02
50,589,2d044d00
50,589,2d045081
50,589,2d045401
50,589,2d045402
50,589,2d045404
50,589,2d045420
50,589,2d045500
50,589,2d046401
50,589,2d046402
50,589,2d046500
50,589,2d049402
50,589,2d04c401
50,589,2d04c402
50,589,2d04c500
50,589,2d04d400
50,589,2d054401
50,589,2d054402
50,589,2d054500
50,589,2d064401
50,589,2d064402
50,589,2d064500
50,589,2d084405
50,589,2d08c401
50,589,2d08d001
50,589,2d0c4401
50,589,2d0c4402
50,589,2d0c4404
50,589,2d0c4420
50,589,2d0c4500
50,589,2d0cc400
50,589,2d103404
50,589,2d105404
50,589,2d105420
50,589,2d141402
50,589,2d141404
50,589,2d144401
50,589,2d144402
50,589,2d144404
50,589,2d144420
50,589,2d144500
50,589,2d14c400
50,589,2d184404
50,589,2d184420
50,589,2d242401
50,589,2d244401
50,589,2d244402
50,589,2d244404
50,589,2d244420
50,589,2d244500
50,589,2d249400
50,589,2d24c400
50,589,2d24e000
50,589,2d28c001
50,589,2d2cc000
50,589,2d40c401
50,589,2d40c408
50,589,2d444401
50,589,2d444402
50,589,2d444404
50,589,2d444408
50,589,2d444410
50,589,2d444420
50,589,2d444500
50,589,2d44c400
50,589,2d540404
50,589,2d844401
50,589,2d844402
50,589,2d844500
50,589,2d940404
50,589,2e505008
50,589,2e706000
50,589,2f004405
50,589,2f005009
50,589,2f005401
50,589,2f015001
50,589,2f044006
50,589,2f044009
50,589,2f04400a
50,589,2f044108
50,589,2f044401
50,589,2f044402
50,589,2f044500
50,589,2f045001
50,589,2f045002
50,589,2f045004
50,589,2f045008
50,589,2f045010
50,589,2f045020
50,589,2f045040
50,589,2f045080
50,589,2f045100
50,589,2f045200
50,589,2f045400
50,589,2f045800
50,589,2f047000
50,589,2f04c001
50,589,2f04c002
50,589,2f04c100
50,589,2f04d000
50,589,2f055000
50,589,2f065000
50,589,2f084011
50,589,2f084041
50,589,2f084101
50,589,2f084401
50,589,2f085001
50,589,2f08c001
50,589,2f0c4001
50,589,2f0c4002
50,589,2f0c4004
50,589,2f0c4008
50,589,2f0c4010
50,589,2f0c4020
50,589,2f0c4040
50,589,2f0c4080
50,589,2f0c4100
50,589,2f0c4200
50,589,2f0c4400
50,589,2f0c4800
50,589,2f0c5000
50,589,2f0c6000
50,589,2f0cc000
50,589,2f0d4000
50,589,2f0e4000
50,589,2f104011
50,589,2f104044
50,589,2f105001
50,589,2f10d000
50,589,2f144001
50,589,2f144002
50,589,2f144004
50,589,2f144008
50,589,2f144010
50,589,2f144020
50,589,2f144040
50,589,2f144080
50,589,2f144100
50,589,2f144200
50,589,2f144400
50,589,2f144800
50,589,2f145000
50,589,2f146000
50,589,2f14c000
50,589,2f154000
50,589,2f164000
50,589,2f18c000
50,589,2f1c4000
50,589,2f244001
50,589,2f244002
50,589,2f244004
50,589,2f244008
50,589,2f244010
50,589,2f244020
50,589,2f244040
50,589,2f244080
50,589,2f244100
50,589,2f244200
50,589,2f244400
50,589,2f244800
50,589,2f245000
50,589,2f246000
50,589,2f24c000
50,589,2f254000
50,589,2f264000
50,589,2f2c4000
50,589,2f344000
50,589,2f404009
50,589,2f404401
50,589,2f405001
50,589,2f40c001
50,589,2f40c008
50,589,2f444008
50,589,2f444400
50,589,2f445000
50,589,2f44c000
50,589,2f484001
50,589,2f484004
50,589,2f484008
50,589,2f484400
50,589,2f486000
50,589,2f4c4000
50,589,2f504001
50,589,2f504008
50,589,2f504040
50,589,2f505000
50,589,2f544000
50,589,2f584000
50,589,2f604001
50,589,2f644000
50,589,2f704000
50,589,2f845000
50,589,2f884001
50,589,2f8c4000
50,589,2f942000
50,589,2f944000
50,589,2fa44000
50,589,30186604
50,589,30186620
50,589,30196420
50,589,3040d481
50,589,3040dc01
50,589,30505481
50,589,30506601
50,589,30506608
50,589,30507401
50,589,3050c601
50,589,30514c01
50,589,30516401
50,589,30544601
50,589,30545401
50,589,3054c600
50,589,3054d400
50,589,30554401
50,589,3058d001
50,589,30594401
50,589,30744401
50,589,3074c400
50,589,31004487
50,589,310044c3
50,589,310044c5
50,589,310044d1
50,589,310046c1
50,589,31005483
50,589,31005485
50,589,31005489
50,589,31005491
50,589,310054a1
50,589,310054c1
50,589,31005581
50,589,31005681
50,589,31005c81
50,589,31006407
50,589,31006443
50,589,31006485
50,589,310064c1
50,589,31006605
50,589,31006641
50,589,31006c05
50,589,31006c41
50,589,31007403
50,589,31007481
50,589,31007601
50,589,31007608
50,589,31007c01
50,589,31007c02
50,589,31007c04
50,589,31007c20
50,589,31007d00
50,589,3100b403
50,589,3100c483
50,589,3100cc03
50,589,3100cc06
50,589,3100cc0a
50,589,3100cc12
50,589,3100cc22
50,589,3100cc42
50,589,3100cc82
50,589,3100cd02
50,589,3100ce02
50,589,3100d403
50,589,3100d481
50,589,3100d601
50,589,3100dc01
50,589,3100dc02
50,589,3100dc04
50,589,3100dc08
50,589,3100dc10
50,589,3100dc20
50,589,3100dc40
50,589,3100dc80
50,589,3100dd00
50,589,3100de00
50,589,3100e403
50,589,3100e481
50,589,3100e482
50,589,3100e580
50,589,3100e601
50,589,3100e602
50,589,3100e700
50,589,3100ec01
50,589,3100ec02
50,589,3100ed00
50,589,3100f480
50,589,3100f600
50,589,3100fc00
50,589,31015481
50,589,31016405
50,589,31016441
50,589,31017401
50,589,3101c482
50,589,3101cc02
50,589,3101d401
50,589,3101d402
50,589,3101d404
50,589,3101d408
50,589,3101d410
50,589,3101d420
50,589,3101d440
50,589,3101d480
50,589,3101d500
50,589,3101d600
50,589,3101dc00
50,589,3101e401
50,589,3101e402
50,589,3101e500
50,589,3101f400
50,589,31025481
50,589,3102c403
50,589,3102cc02
50,589,3102dc00
50,589,3102e402
50,589,3103c402
50,589,3103d400
50,589,3103f000
50,589,31044483
50,589,310444c1
50,589,31044c03
50,589,31044c41
50,589,31045403
50,589,31045481
50,589,31045601
50,589,31045c01
50,589,31045c02
50,589,31045c04
50,589,31045c20
50,589,31045d00
50,589,31046403
50,589,31046481
50,589,31046601
50,589,31046c01
50,589,3104cc02
50,589,3104dc00
50,589,31054482
50,589,31054c02
50,589,31055401
50,589,31055402
50,589,31055404
50,589,31055420
50,589,31055500
50,589,31056401
50,589,31056402
50,589,31056500
50,589,3105d400
50,589,31064403
50,589,31074402
50,589,31083601
50,589,31084407
50,589,31084443
50,589,310844c1
50,589,31084641
50,589,31084c41
50,589,31085403
50,589,31085481
50,589,31085601
50,589,31085c01
50,589,3108c403
50,589,3108c482
50,589,3108c4c0
50,589,3108c602
50,589,3108c640
50,589,3108cc02
50,589,3108cc40
50,589,3108d088
50,589,3108d480
50,589,3108d600
50,589,3108dc00
50,589,3108e480
50,589,3108e600
50,589,3108e808
50,589,3108ec00
50,589,31093401
50,589,31094441
50,589,31095401
50,589,3109c402
50,589,3109c440
50,589,3109d080
50,589,3109d400
50,589,3109e400
50,589,3109f000
50,589,310a9402
50,589,310ac402
50,589,310ad200
50,589,310bd000
50,589,310c4403
50,589,310c4602
50,589,310d4402
50,589,311014a2
50,589,31101505
50,589,31101582
50,589,31101584
50,589,31101603
50,589,31101606
50,589,3110160a
50,589,31101612
50,589,31101622
50,589,31101642
50,589,31101682
50,589,31101702
50,589,31101704
50,589,31101d04
50,589,31101e02
50,589,31102612
50,589,31102642
50,589,31103602
50,589,31103700
50,589,31104483
50,589,31104485
50,589,31104486
50,589,3110448a
50,589,3110448c
50,589,31104491
50,589,31104492
50,589,31104494
50,589,311044a2
50,589,311044a4
50,589,311044b0
50,589,311044c2
50,589,311044c4
50,589,31104582
50,589,31104584
50,589,31104590
50,589,31104681
50,589,31104682
50,589,31104684
50,589,31104688
50,589,31104690
50,589,311046a0
50,589,31104780
50,589,31104c03
50,589,31104c05
50,589,31104c06
50,589,31104c0a
50,589,31104c0c
50,589,31104c11
50,589,31104c12
50,589,31104c14
50,589,31104c22
50,589,31104c24
50,589,31104c30
50,589,31104c42
50,589,31104c44
50,589,31104c82
50,589,31104c84
50,589,31104d02
50,589,31104d04
50,589,31104d10
50,589,31104e01
50,589,31104e02
50,589,31104e04
50,589,31104e08
50,589,31104e10
50,589,31104e20
50,589,31104f00
50,589,31105083
50,589,31105085
50,589,31105089
50,589,3110508a
50,589,3110508c
50,589,31105091
50,589,311050a1
50,589,311050a8
50,589,311050c1
50,589,31105181
50,589,31105188
50,589,31105248
50,589,31105281
50,589,31105288
50,589,31105403
50,589,31105405
50,589,31105409
50,589,31105411
50,589,31105421
50,589,31105441
50,589,31105481
50,589,31105482
50,589,31105484
50,589,311054a0
50,589,31105501
50,589,31105580
50,589,31105601
50,589,31105602
50,589,31105604
50,589,31105608
50,589,31105610
50,589,31105620
50,589,31105700
50,589,31105881
50,589,31105c01
50,589,31105c02
50,589,31105c04
50,589,31105c20
50,589,31105d00
50,589,31106403
50,589,31106405
50,589,31106409
50,589,31106411
50,589,31106421
50,589,31106441
50,589,31106481
50,589,31106482
50,589,31106484
50,589,311064a0
50,589,31106501
50,589,31106580
50,589,31106601
50,589,31106602
50,589,31106604
50,589,31106608
50,589,31106610
50,589,31106620
50,589,31106700
50,589,31106c01
50,589,31106c02
50,589,31106c04
50,589,31106c20
50,589,31106d00
50,589,31107041
50,589,31107081
50,589,31107401
50,589,31109482
50,589,31109602
50,589,3110c482
50,589,3110c484
50,589,3110c490
50,589,3110c680
50,589,3110cc02
50,589,3110cc04
50,589,3110cc10
50,589,3110ce00
50,589,3110d003
50,589,3110d081
50,589,3110d088
50,589,3110d201
50,589,3110d208
50,589,3110d401
50,589,3110d480
50,589,3110d600
50,589,3110dc00
50,589,3110e401
50,589,3110e480
50,589,3110e600
50,589,3110ec00
50,589,3110f001
50,589,31111406
50,589,31111442
50,589,31111482
50,589,31111504
50,589,31111602
50,589,31113402
50,589,31113404
50,589,31114482
50,589,31114484
50,589,31114c02
50,589,31114c04
50,589,31115081
50,589,31115401
50,589,31115402
50,589,31115404
50,589,31115420
50,589,31115500
50,589,31116401
50,589,31116402
50,589,31116404
50,589,31116420
50,589,31116500
50,589,3111d400
50,589,3111e400
50,589,3111f000
50,589,31121422
50,589,31121502
50,589,31121504
50,589,31121602
50,589,31123500
50,589,31124403
50,589,31124405
50,589,31124406
50,589,3112440a
50,589,3112440c
50,589,31124411
50,589,31124412
50,589,31124414
50,589,31124422
50,589,31124424
50,589,31124430
50,589,31124442
50,589,31124444
50,589,31124482
50,589,31124484
50,589,31124502
50,589,31124504
50,589,31124510
50,589,31124601
50,589,31124602
50,589,31124604
50,589,31124608
50,589,31124610
50,589,31124620
50,589,31124700
50,589,31124c02
50,589,31124c04
50,589,31125081
50,589,31125401
50,589,31125402
50,589,31125404
50,589,31125420
50,589,31125500
50,589,31126042
50,589,31126044
50,589,31126401
50,589,31126402
50,589,31126404
50,589,31126420
50,589,31126500
50,589,31129402
50,589,3112c402
50,589,3112c404
50,589,3112c410
50,589,3112c600
50,589,3112d400
50,589,3112e002
50,589,3112e004
50,589,3112e400
50,589,3112f000
50,589,31131402
50,589,31134402
50,589,31134404
50,589,31141602
50,589,31142601
50,589,31142602
50,589,31144481
50,589,31144482
50,589,31144484
50,589,311444a0
50,589,31144580
50,589,31144c01
50,589,31144c02
50,589,31144c04
50,589,31144c20
50,589,31144d00
50,589,31145081
50,589,31145401
50,589,31146401
50,589,3114c480
50,589,3114cc00
50,589,31161500
50,589,31164401
50,589,31164402
50,589,31164404
50,589,31164420
50,589,31164500
50,589,3116c400
50,589,31180612
50,589,31180642
50,589,31181580
50,589,31181602
50,589,31181700
50,589,31184403
50,589,31184405
50,589,31184409
50,589,31184411
50,589,31184421
50,589,31184441
50,589,31184481
50,589,31184482
50,589,31184484
50,589,311844a0
50,589,31184501
50,589,31184580
50,589,31184601
50,589,31184602
50,589,31184604
50,589,31184608
50,589,31184610
50,589,31184620
50,589,31184700
50,589,31184c01
50,589,31184c02
50,589,31184c04
50,589,31184c20
50,589,31184d00
50,589,31185081
50,589,31185401
50,589,31186401
50,589,3118c009
50,589,3118c088
50,589,3118c208
50,589,3118c401
50,589,3118c480
50,589,3118c600
50,589,3118c808
50,589,3118cc00
50,589,3118d001
50,589,31194401
50,589,31194402
50,589,31194404
50,589,31194420
50,589,31194500
50,589,3119c008
50,589,3119c400
50,589,3119d000
50,589,311a1500
50,589,311a4401
50,589,311a4402
50,589,311a4404
50,589,311a4420
50,589,311a4500
50,589,311a5100
50,589,311a6100
50,589,311ac008
50,589,311ac400
50,589,311ad000
50,589,311ae000
50,589,311c0602
50,589,311c4401
50,589,31204483
50,589,31204485
50,589,31204491
50,589,31204681
50,589,31204c03
50,589,31204c05
50,589,31204c11
50,589,31204e01
50,589,31205481
50,589,31205c01
50,589,31206403
50,589,31206481
50,589,31206601
50,589,31206c01
50,589,3120cc02
50,589,3120cc04
50,589,3120cc10
50,589,3120ce00
50,589,3120dc00
50,589,3120e480
50,589,3120e600
50,589,3120ec00
50,589,3120f080
50,589,3120f800
50,589,31216401
50,589,3121d400
50,589,3121e400
50,589,3121f000
50,589,31244481
50,589,31244c01
50,589,3124cc00
50,589,31284403
50,589,31284481
50,589,31284601
50,589,31284c01
50,589,3128c081
50,589,3128c088
50,589,3128c480
50,589,3128c600
50,589,3128cc00
50,589,3128d080
50,589,31294401
50,589,3129c400
50,589,312cc080
50,589,31300e02
50,589,31301602
50,589,31302602
50,589,31304482
50,589,31304484
50,589,31304c02
50,589,31304c04
50,589,31305081
50,589,31305401
50,589,31306041
50,589,31306401
50,589,3130d080
50,589,3130d200
50,589,3130e001
50,589,3130e080
50,589,3130e200
50,589,3130e800
50,589,31311404
50,589,3131e000
50,589,31321500
50,589,31324402
50,589,31324404
50,589,3132e000
50,589,31344081
50,589,3134c080
50,589,31380602
50,589,31384401
50,589,3138c001
50,589,314044c1
50,589,3140508c
50,589,31405481
50,589,31405488
50,589,31406604
50,589,31407088
50,589,31407402
50,589,3140c403
50,589,3140c406
50,589,3140c40a
50,589,3140c412
50,589,3140c422
50,589,3140c442
50,589,3140c482
50,589,3140c4c0
50,589,3140c502
50,589,3140c602
50,589,3140c640
50,589,3140cc02
50,589,3140cc40
50,589,3140d402
50,589,3140d480
50,589,3140d600
50,589,3140dc00
50,589,3140e402
50,589,3140e480
50,589,3140e600
50,589,3140ec00
50,589,31416404
50,589,3141c402
50,589,3141c440
50,589,3141d400
50,589,3141e400
50,589,3141f000
50,589,3142c402
50,589,31444403
50,589,31444602
50,589,31445088
50,589,31445402
50,589,3144c402
50,589,31454402
50,589,31485088
50,589,3148c402
50,589,3148d200
50,589,3149d000
50,589,31501504
50,589,31501602
50,589,31502602
50,589,31504083
50,589,31504085
50,589,31504403
50,589,31504405
50,589,31504406
50,589,31504409
50,589,3150440a
50,589,3150440c
50,589,31504411
50,589,31504412
50,589,31504414
50,589,31504418
50,589,31504421
50,589,31504422
50,589,31504424
50,589,31504428
50,589,31504430
50,589,31504441
50,589,31504442
50,589,31504444
50,589,31504448
50,589,31504450
50,589,31504460
50,589,31504481
50,589,31504482
50,589,31504484
50,589,31504488
50,589,31504490
50,589,315044a0
50,589,31504501
50,589,31504502
50,589,31504504
50,589,31504508
50,589,31504510
50,589,31504520
50,589,31504540
50,589,31504580
50,589,31504601
50,589,31504602
50,589,31504604
50,589,31504608
50,589,31504610
50,589,31504620
50,589,31504700
50,589,31504c01
50,589,31504c02
50,589,31504c04
50,589,31504c08
50,589,31504c10
50,589,31504c20
50,589,31504d00
50,589,31505081
50,589,31505088
50,589,31505401
50,589,31505402
50,589,31505404
50,589,31505408
50,589,31505410
50,589,31505420
50,589,31505500
50,589,31506042
50,589,31506044
50,589,31506401
50,589,31506402
50,589,31506404
50,589,31506408
50,589,31506410
50,589,31506420
50,589,31506500
50,589,3150c401
50,589,3150c402
50,589,3150c404
50,589,3150c408
50,589,3150c410
50,589,3150c420
50,589,3150c440
50,589,3150c480
50,589,3150c500
50,589,3150c600
50,589,3150cc00
50,589,3150d400
50,589,3150e002
50,589,3150e004
50,589,3150e400
50,589,3150f000
50,589,31514401
50,589,31514402
50,589,31514404
50,589,31514408
50,589,31514410
50,589,31514420
50,589,31514500
50,589,3151c400
50,589,31524401
50,589,31524402
50,589,31524404
50,589,31524408
50,589,31524410
50,589,31524420
50,589,31524500
50,589,3152c400
50,589,31544401
50,589,31544402
50,589,31544404
50,589,31544408
50,589,31544410
50,589,31544420
50,589,31544500
50,589,3154c400
50,589,31580602
50,589,31584048
50,589,31584081
50,589,31584088
50,589,31584401
50,589,31584402
50,589,31584404
50,589,31584408
50,589,31584410
50,589,31584420
50,589,31584500
50,589,3158c008
50,589,3158c400
50,589,3158d000
50,589,3158e000
50,589,31604481
50,589,31604c01
50,589,3160c402
50,589,3160c480
50,589,3160c600
50,589,3160cc00
50,589,3161c400
50,589,31684081
50,589,31704081
50,589,31704088
50,589,31704401
50,589,31704402
50,589,31704404
50,589,31704408
50,589,31704410
50,589,31704420
50,589,31704500
50,589,3170c400
50,589,3170e000
50,589,31805481
50,589,3180cc02
50,589,3180dc00
50,589,3181d400
50,589,31825081
50,589,31881481
50,589,31889088
50,589,31889480
50,589,3188a808
50,589,3189d000
50,589,31900485
50,589,3190048c
50,589,31900684
50,589,31901403
50,589,31901405
50,589,31901411
50,589,31901482
50,589,31901484
50,589,31901602
50,589,31901604
50,589,31901610
50,589,31901c02
50,589,31901c04
50,589,31902403
50,589,31902405
50,589,31902411
50,589,31902601
50,589,31902602
50,589,31902604
50,589,31902608
50,589,31902610
50,589,31902620
50,589,31902700
50,589,31904482
50,589,31904484
50,589,31904c02
50,589,31904c04
50,589,31905081
50,589,31905401
50,589,31906401
50,589,3190a600
50,589,3190d001
50,589,31911402
50,589,31911404
50,589,31920484
50,589,31921401
50,589,31921402
50,589,31921404
50,589,31921420
50,589,31921500
50,589,31922401
50,589,31922402
50,589,31922404
50,589,31922420
50,589,31922500
50,589,31924402
50,589,31924404
50,589,31929008
50,589,31929400
50,589,3192a400
50,589,3192e000
50,589,31980405
50,589,31980601
50,589,31980602
50,589,31981401
50,589,31982401
50,589,31984401
50,589,31999000
50,589,31c05081
50,589,31c05088
50,589,31c09402
50,589,31c0c402
50,589,31c89002
50,589,31c89080
50,589,31d01402
50,589,31d01404
50,589,31d01410
50,589,31d04081
50,589,31d04401
50,589,31d04402
50,589,31d04404
50,589,31d04408
50,589,31d04410
50,589,31d04420
50,589,31d04500
50,589,31d0c400
50,589,31d0e000
50,589,31d89000
50,589,32017401
50,589,32047401
50,589,32106604
50,589,32116404
50,589,32504205
50,589,32504601
50,589,32504608
50,589,32505005
50,589,32505201
50,589,32505401
50,589,3250d001
50,589,32514401
50,589,32515001
50,589,32515008
50,589,32544401
50,589,3254d000
50,589,32584401
50,589,32585001
50,589,32605401
50,589,32684401
50,589,32685001
50,589,326a4400
50,589,32704201
50,589,32704600
50,589,32714400
50,589,33003501
50,589,33004483
50,589,33004485
50,589,33004491
50,589,33004681
50,589,33004c03
50,589,33004c05
50,589,33004c11
50,589,33004e01
50,589,33005089
50,589,33005281
50,589,33005403
50,589,33005405
50,589,33005409
50,589,33005411
50,589,33005421
50,589,33005441
50,589,33005481
50,589,33005501
50,589,33005601
50,589,33005888
50,589,33005c01
50,589,33005c02
50,589,33005c04
50,589,33005c08
50,589,33005c10
50,589,33005c20
50,589,33005c40
50,589,33005c80
50,589,33005d00
50,589,33005e00
50,589,33006403
50,589,33006405
50,589,33006409
50,589,33006411
50,589,33006421
50,589,33006441
50,589,33006481
50,589,33006501
50,589,33006601
50,589,33006c01
50,589,33007088
50,589,33007401
50,589,33007480
50,589,33007600
50,589,33007808
50,589,33007c00
50,589,3300c281
50,589,3300cc02
50,589,3300d401
50,589,3300dc00
50,589,3300e401
50,589,33013401
50,589,33014482
50,589,33014c02
50,589,33015081
50,589,33015088
50,589,33015401
50,589,33015402
50,589,33015404
50,589,33015408
50,589,33015410
50,589,33015420
50,589,33015440
50,589,33015480
50,589,33015500
50,589,33015600
50,589,33015c00
50,589,33016108
50,589,33016401
50,589,33016402
50,589,33016500
50,589,33017001
50,589,33017008
50,589,33017400
50,589,3301c082
50,589,3301d080
50,589,3301d400
50,589,3301e001
50,589,3301e002
50,589,3301e100
50,589,3301f000
50,589,33024403
50,589,33024405
50,589,33024411
50,589,33024601
50,589,33025401
50,589,33025808
50,589,33025c00
50,589,33026401
50,589,33027400
50,589,33034402
50,589,33035001
50,589,33035008
50,589,33035400
50,589,3303c002
50,589,3303d000
50,589,33044481
50,589,33044c01
50,589,33045401
50,589,33045c00
50,589,33046401
50,589,33047200
50,589,33055080
50,589,33055400
50,589,33057000
50,589,33064401
50,589,33075000
50,589,33084098
50,589,330840c8
50,589,33084188
50,589,33084290
50,589,330842c0
50,589,33084380
50,589,33084403
50,589,33084405
50,589,33084409
50,589,33084411
50,589,33084421
50,589,33084441
50,589,33084481
50,589,33084482
50,589,33084484
50,589,33084488
50,589,33084490
50,589,330844a0
50,589,330844c0
50,589,33084501
50,589,33084580
50,589,33084601
50,589,33084602
50,589,33084604
50,589,33084608
50,589,33084610
50,589,33084620
50,589,33084640
50,589,33084680
50,589,33084700
50,589,33084c01
50,589,33084c02
50,589,33084c04
50,589,33084c08
50,589,33084c10
50,589,33084c20
50,589,33084c40
50,589,33084c80
50,589,33084d00
50,589,33084e00
50,589,33085088
50,589,33085280
50,589,33085401
50,589,33085480
50,589,33085600
50,589,33085c00
50,589,33086210
50,589,33086240
50,589,33086300
50,589,33086401
50,589,33086480
50,589,33086600
50,589,33086c00
50,589,33087200
50,589,33089088
50,589,3308c088
50,589,3308c280
50,589,3308c401
50,589,3308c480
50,589,3308c600
50,589,3308cc00
50,589,3308e200
50,589,33094090
50,589,330940c0
50,589,33094180
50,589,33094401
50,589,33094402
50,589,33094404
50,589,33094408
50,589,33094410
50,589,33094420
50,589,33094440
50,589,33094480
50,589,33094500
50,589,33094600
50,589,33094c00
50,589,33095080
50,589,33095400
50,589,33096010
50,589,33096040
50,589,33096100
50,589,33096400
50,589,33097000
50,589,3309c080
50,589,3309c400
50,589,3309e000
50,589,330a4018
50,589,330a4048
50,589,330a4108
50,589,330a4210
50,589,330a4240
50,589,330a4300
50,589,330a4401
50,589,330a4402
50,589,330a4404
50,589,330a4408
50,589,330a4410
50,589,330a4420
50,589,330a4440
50,589,330a4480
50,589,330a4500
50,589,330a4600
50,589,330a4c00
50,589,330a5008
50,589,330a5200
50,589,330a5400
50,589,330a6400
50,589,330ac008
50,589,330ac200
50,589,330ac400
50,589,330b4010
50,589,330b4040
50,589,330b4100
50,589,330b4400
50,589,330b5000
50,589,330bc000
50,589,330c4088
50,589,330c4280
50,589,330c4401
50,589,330c4480
50,589,330c4600
50,589,330c4c00
50,589,330c6200
50,589,330d4080
50,589,330d4400
50,589,330d6000
50,589,330e4008
50,589,330e4200
50,589,330e4400
50,589,330f4000
50,589,33101602
50,589,33104091
50,589,33104092
50,589,33104094
50,589,33104098
50,589,331040b0
50,589,331040c2
50,589,331040c4
50,589,331040d0
50,589,33104182
50,589,33104184
50,589,33104190
50,589,33104290
50,589,331042c0
50,589,33104380
50,589,33104482
50,589,33104484
50,589,33104490
50,589,33104680
50,589,33104811
50,589,33104812
50,589,33104814
50,589,33104818
50,589,33104830
50,589,33104842
50,589,33104844
50,589,33104850
50,589,33104890
50,589,33104902
50,589,33104904
50,589,33104910
50,589,33104a10
50,589,33104a40
50,589,33104b00
50,589,33104c02
50,589,33104c04
50,589,33104c10
50,589,33104e00
50,589,33105003
50,589,33105005
50,589,33105009
50,589,33105011
50,589,33105021
50,589,33105041
50,589,33105081
50,589,33105082
50,589,33105084
50,589,33105088
50,589,33105090
50,589,331050a0
50,589,331050c0
50,589,33105101
50,589,33105180
50,589,33105201
50,589,33105202
50,589,33105204
50,589,33105208
50,589,33105210
50,589,33105220
50,589,33105240
50,589,33105280
50,589,33105300
50,589,33105401
50,589,33105480
50,589,33105600
50,589,33105801
50,589,33105802
50,589,33105804
50,589,33105808
50,589,33105810
50,589,33105820
50,589,33105840
50,589,33105880
50,589,33105900
50,589,33105a00
50,589,33105c00
50,589,33106011
50,589,33106041
50,589,33106090
50,589,331060c0
50,589,33106101
50,589,33106180
50,589,33106210
50,589,33106240
50,589,33106300
50,589,33106401
50,589,33106480
50,589,33106600
50,589,33106810
50,589,33106840
50,589,33106900
50,589,33106c00
50,589,33107001
50,589,33107080
50,589,33107200
50,589,33107800
50,589,3310c082
50,589,3310c084
50,589,3310c090
50,589,3310c280
50,589,3310c802
50,589,3310c804
50,589,3310c810
50,589,3310ca00
50,589,3310d001
50,589,3310d080
50,589,3310d200
50,589,3310d800
50,589,3310e001
50,589,3310e080
50,589,3310e200
50,589,3310e800
50,589,33111404
50,589,33113400
50,589,33114090
50,589,33114810
50,589,33115001
50,589,33115002
50,589,33115004
50,589,33115008
50,589,33115010
50,589,33115020
50,589,33115040
50,589,33115080
50,589,33115100
50,589,33115200
50,589,33115400
50,589,33115800
50,589,33116010
50,589,33116040
50,589,33116100
50,589,33116400
50,589,33117000
50,589,3311d000
50,589,3311e000
50,589,33124011
50,589,33124012
50,589,33124014
50,589,33124018
50,589,33124030
50,589,33124042
50,589,33124044
50,589,33124050
50,589,33124090
50,589,33124102
50,589,33124104
50,589,33124110
50,589,33124210
50,589,33124240
50,589,33124300
50,589,33124402
50,589,33124404
50,589,33124410
50,589,33124600
50,589,33124810
50,589,33125001
50,589,33125002
50,589,33125004
50,589,33125008
50,589,33125010
50,589,33125020
50,589,33125040
50,589,33125080
50,589,33125100
50,589,33125200
50,589,33125400
50,589,33125800
50,589,33126010
50,589,33126040
50,589,33126100
50,589,33126400
50,589,33127000
50,589,3312c002
50,589,3312c004
50,589,3312c010
50,589,3312c200
50,589,3312d000
50,589,3312e000
50,589,33134010
50,589,33135000
50,589,33144081
50,589,33144082
50,589,33144084
50,589,33144088
50,589,33144090
50,589,331440a0
50,589,331440c0
50,589,33144180
50,589,33144280
50,589,33144480
50,589,33144801
50,589,33144802
50,589,33144804
50,589,33144808
50,589,33144810
50,589,33144820
50,589,33144840
50,589,33144880
50,589,33144900
50,589,33144a00
50,589,33144c00
50,589,33145001
50,589,33145080
50,589,33145200
50,589,33145800
50,589,33146001
50,589,33146080
50,589,33146200
50,589,33146800
50,589,3314c080
50,589,3314c800
50,589,33154080
50,589,33154800
50,589,33155000
50,589,33156000
50,589,33164001
50,589,33164002
50,589,33164004
50,589,33164008
50,589,33164010
50,589,33164020
50,589,33164040
50,589,33164080
50,589,33164100
50,589,33164200
50,589,33164400
50,589,33164800
50,589,33165000
50,589,33166000
50,589,3316c000
50,589,33174000
50,589,33180242
50,589,33181240
50,589,33181600
50,589,33184011
50,589,33184041
50,589,33184090
50,589,331840c0
50,589,33184101
50,589,33184180
50,589,33184210
50,589,33184240
50,589,33184300
50,589,33184401
50,589,33184480
50,589,33184600
50,589,33184810
50,589,33184840
50,589,33184900
50,589,33184c00
50,589,33185001
50,589,33185080
50,589,33185200
50,589,33185800
50,589,3318c001
50,589,3318c080
50,589,3318c200
50,589,3318c800
50,589,33191040
50,589,33194010
50,589,33194040
50,589,33194100
50,589,33194400
50,589,33195000
50,589,3319c000
50,589,331a4010
50,589,331a4040
50,589,331a4100
50,589,331a4400
50,589,331a5000
50,589,331ac000
50,589,331c4001
50,589,331c4080
50,589,331c4200
50,589,331c4800
50,589,331d4000
50,589,331e4000
50,589,33205081
50,589,33205401
50,589,33205c00
50,589,33206401
50,589,33215400
50,589,33216400
50,589,3321e000
50,589,33254080
50,589,33256000
50,589,33274000
50,589,33284090
50,589,332840c0
50,589,33284180
50,589,33284401
50,589,33284480
50,589,33284600
50,589,33284c00
50,589,33285080
50,589,33288081
50,589,3328c080
50,589,33294400
50,589,332a4010
50,589,332a4040
50,589,332a4100
50,589,332a4400
50,589,332a5000
50,589,332ac000
50,589,332c4080
50,589,332e4000
50,589,33304090
50,589,33304810
50,589,33305001
50,589,33305080
50,589,33305200
50,589,33305800
50,589,33315000
50,589,33324010
50,589,33325000
50,589,33344080
50,589,33344800
50,589,33364000
50,589,33404288
50,589,33404403
50,589,33404405
50,589,33404406
50,589,33404409
50,589,3340440a
50,589,3340440c
50,589,33404411
50,589,33404412
50,589,33404414
50,589,33404418
50,589,33404421
50,589,33404422
50,589,33404424
50,589,33404428
50,589,33404430
50,589,33404441
50,589,33404442
50,589,33404444
50,589,33404448
50,589,33404450
50,589,33404460
50,589,33404481
50,589,33404482
50,589,33404484
50,589,33404488
50,589,33404490
50,589,334044a0
50,589,334044c0
50,589,33404501
50,589,33404502
50,589,33404504
50,589,33404508
50,589,33404510
50,589,33404520
50,589,33404540
50,589,33404580
50,589,33404601
50,589,33404602
50,589,33404604
50,589,33404608
50,589,33404610
50,589,33404620
50,589,33404640
50,589,33404680
50,589,33404700
50,589,33404a08
50,589,33404c01
50,589,33404c02
50,589,33404c04
50,589,33404c08
50,589,33404c10
50,589,33404c20
50,589,33404c40
50,589,33404c80
50,589,33404d00
50,589,33404e00
50,589,33405088
50,589,33405401
50,589,33405402
50,589,33405404
50,589,33405408
50,589,33405410
50,589,33405420
50,589,33405440
50,589,33405480
50,589,33405500
50,589,33405600
50,589,33405808
50,589,33405c00
50,589,33406401
50,589,33406402
50,589,33406404
50,589,33406408
50,589,33406410
50,589,33406420
50,589,33406440
50,589,33406480
50,589,33406500
50,589,33406600
50,589,33406c00
50,589,33407400
50,589,3340c280
50,589,3340c401
50,589,3340c402
50,589,3340c404
50,589,3340c408
50,589,3340c410
50,589,3340c420
50,589,3340c440
50,589,3340c480
50,589,3340c500
50,589,3340c600
50,589,3340ca00
50,589,3340cc00
50,589,3340d400
50,589,3340e400
50,589,33414009
50,589,3341400a
50,589,3341400c
50,589,33414018
50,589,33414028
50,589,33414048
50,589,33414088
50,589,33414108
50,589,33414208
50,589,33414401
50,589,33414402
50,589,33414404
50,589,33414408
50,589,33414410
50,589,33414420
50,589,33414440
50,589,33414480
50,589,33414500
50,589,33414600
50,589,33414808
50,589,33414c00
50,589,33415001
50,589,33415008
50,589,33415400
50,589,33416008
50,589,33416400
50,589,3341c001
50,589,3341c002
50,589,3341c004
50,589,3341c008
50,589,3341c010
50,589,3341c020
50,589,3341c040
50,589,3341c080
50,589,3341c100
50,589,3341c200
50,589,3341c400
50,589,3341c800
50,589,3341d000
50,589,3341e000
50,589,33424401
50,589,33424402
50,589,33424404
50,589,33424408
50,589,33424410
50,589,33424420
50,589,33424440
50,589,33424480
50,589,33424500
50,589,33424600
50,589,33424c00
50,589,33425400
50,589,33426400
50,589,3342c400
50,589,33434008
50,589,33434400
50,589,3343c000
50,589,33444208
50,589,33444401
50,589,33444402
50,589,33444404
50,589,33444408
50,589,33444410
50,589,33444420
50,589,33444440
50,589,33444480
50,589,33444500
50,589,33444600
50,589,33444c00
50,589,33445008
50,589,33445200
50,589,33445400
50,589,33446400
50,589,3344c200
50,589,3344c400
50,589,33454008
50,589,33454400
50,589,33455000
50,589,3345c000
50,589,33464400
50,589,33484009
50,589,3348400a
50,589,3348400c
50,589,33484018
50,589,33484028
50,589,33484048
50,589,33484088
50,589,33484108
50,589,33484201
50,589,33484202
50,589,33484204
50,589,33484208
50,589,33484210
50,589,33484220
50,589,33484240
50,589,33484280
50,589,33484300
50,589,33484401
50,589,33484402
50,589,33484404
50,589,33484408
50,589,33484410
50,589,33484420
50,589,33484440
50,589,33484480
50,589,33484500
50,589,33484600
50,589,33484808
50,589,33484a00
50,589,33484c00
50,589,33485008
50,589,33485200
50,589,33485400
50,589,33486008
50,589,33486200
50,589,33486400
50,589,3348c008
50,589,3348c200
50,589,3348c400
50,589,33494001
50,589,33494002
50,589,33494004
50,589,33494008
50,589,33494010
50,589,33494020
50,589,33494040
50,589,33494080
50,589,33494100
50,589,33494200
50,589,33494400
50,589,33494800
50,589,33495000
50,589,33496000
50,589,3349c000
50,589,334a4008
50,589,334a4200
50,589,334a4400
50,589,334b4000
50,589,334c4008
50,589,334c4200
50,589,334c4400
50,589,334d4000
50,589,33500602
50,589,33504003
50,589,33504005
50,589,33504006
50,589,33504009
50,589,3350400a
50,589,3350400c
50,589,33504011
50,589,33504012
50,589,33504014
50,589,33504018
50,589,33504021
50,589,33504022
50,589,33504024
50,589,33504028
50,589,33504030
50,589,33504041
50,589,33504042
50,589,33504044
50,589,33504048
50,589,33504050
50,589,33504060
50,589,33504081
50,589,33504082
50,589,33504084
50,589,33504088
50,589,33504090
50,589,335040a0
50,589,335040c0
50,589,33504101
50,589,33504102
50,589,33504104
50,589,33504108
50,589,33504110
50,589,33504120
50,589,33504140
50,589,33504180
50,589,33504201
50,589,33504202
50,589,33504204
50,589,33504208
50,589,33504210
50,589,33504220
50,589,33504240
50,589,33504280
50,589,33504300
50,589,33504401
50,589,33504402
50,589,33504404
50,589,33504408
50,589,33504410
50,589,33504420
50,589,33504440
50,589,33504480
50,589,33504500
50,589,33504600
50,589,33504801
50,589,33504802
50,589,33504804
50,589,33504808
50,589,33504810
50,589,33504820
50,589,33504840
50,589,33504880
50,589,33504900
50,589,33504a00
50,589,33504c00
50,589,33505001
50,589,33505002
50,589,33505004
50,589,33505008
50,589,33505010
50,589,33505020
50,589,33505040
50,589,33505080
50,589,33505100
50,589,33505200
50,589,33505400
50,589,33505800
50,589,33506001
50,589,33506002
50,589,33506004
50,589,33506008
50,589,33506010
50,589,33506020
50,589,33506040
50,589,33506080
50,589,33506100
50,589,33506200
50,589,33506400
50,589,33506800
50,589,33507000
50,589,3350c001
50,589,3350c002
50,589,3350c004
50,589,3350c008
50,589,3350c010
50,589,3350c020
50,589,3350c040
50,589,3350c080
50,589,3350c100
50,589,3350c200
50,589,3350c400
50,589,3350c800
50,589,3350d000
50,589,3350e000
50,589,33514001
50,589,33514002
50,589,33514004
50,589,33514008
50,589,33514010
50,589,33514020
50,589,33514040
50,589,33514080
50,589,33514100
50,589,33514200
50,589,33514400
50,589,33514800
50,589,33515000
50,589,33516000
50,589,3351c000
50,589,33524001
50,589,33524002
50,589,33524004
50,589,33524008
50,589,33524010
50,589,33524020
50,589,33524040
50,589,33524080
50,589,33524100
50,589,33524200
50,589,33524400
50,589,33524800
50,589,33525000
50,589,33526000
50,589,3352c000
50,589,33534000
50,589,33544001
50,589,33544002
50,589,33544004
50,589,33544008
50,589,33544010
50,589,33544020
50,589,33544040
50,589,33544080
50,589,33544100
50,589,33544200
50,589,33544400
50,589,33544800
50,589,33545000
50,589,33546000
50,589,3354c000
50,589,33554000
50,589,33564000
50,589,33584001
50,589,33584002
50,589,33584004
50,589,33584008
50,589,33584010
50,589,33584020
50,589,33584040
50,589,33584080
50,589,33584100
50,589,33584200
50,589,33584400
50,589,33584800
50,589,33585000
50,589,33586000
50,589,3358c000
50,589,33594000
50,589,335a4000
50,589,335c4000
50,589,33604401
50,589,33604402
50,589,33604404
50,589,33604408
50,589,33604410
50,589,33604420
50,589,33604440
50,589,33604480
50,589,33604500
50,589,33604600
50,589,33604c00
50,589,33605400
50,589,33606400
50,589,3360c400
50,589,33614001
50,589,33614008
50,589,33614400
50,589,3361c000
50,589,33624400
50,589,33644200
50,589,33644400
50,589,33645000
50,589,33654000
50,589,33684001
50,589,33684002
50,589,33684004
50,589,33684008
50,589,33684010
50,589,33684020
50,589,33684040
50,589,33684080
50,589,33684100
50,589,33684200
50,589,33684400
50,589,33684800
50,589,33685000
50,589,33686000
50,589,3368c000
50,589,33694000
50,589,336a4000
50,589,336c4000
50,589,33704001
50,589,33704002
50,589,33704004
50,589,33704008
50,589,33704010
50,589,33704020
50,589,33704040
50,589,33704080
50,589,33704100
50,589,33704200
50,589,33704400
50,589,33704800
50,589,33705000
50,589,33706000
50,589,3370c000
50,589,33714000
50,589,33724000
50,589,33744000
50,589,33784000
50,589,33803401
50,589,33805081
50,589,33805401
50,589,33805801
50,589,33805808
50,589,33805c00
50,589,33806401
50,589,3380c802
50,589,3380d800
50,589,33815001
50,589,33815008
50,589,33815400
50,589,3381d000
50,589,33845001
50,589,33845800
50,589,33855000
50,589,33884003
50,589,33884005
50,589,33884009
50,589,33884011
50,589,33884021
50,589,33884041
50,589,33884081
50,589,33884082
50,589,33884084
50,589,33884088
50,589,33884090
50,589,338840a0
50,589,338840c0
50,589,33884101
50,589,33884180
50,589,33884201
50,589,33884202
50,589,33884204
50,589,33884208
50,589,33884210
50,589,33884220
50,589,33884240
50,589,33884280
50,589,33884300
50,589,33884401
50,589,33884480
50,589,33884600
50,589,33884801
50,589,33884802
50,589,33884804
50,589,33884808
50,589,33884810
50,589,33884820
50,589,33884840
50,589,33884880
50,589,33884900
50,589,33884a00
50,589,33884c00
50,589,33885001
50,589,33885080
50,589,33885200
50,589,33885800
50,589,33886001
50,589,33886080
50,589,33886200
50,589,33886800
50,589,3388c001
50,589,3388c080
50,589,3388c200
50,589,3388c800
50,589,33894001
50,589,33894002
50,589,33894004
50,589,33894008
50,589,33894010
50,589,33894020
50,589,33894040
50,589,33894080
50,589,33894100
50,589,33894200
50,589,33894400
50,589,33894800
50,589,33895000
50,589,33896000
50,589,3389c000
50,589,338a4001
50,589,338a4002
50,589,338a4004
50,589,338a4008
50,589,338a4010
50,589,338a4020
50,589,338a4040
50,589,338a4080
50,589,338a4100
50,589,338a4200
50,589,338a4400
50,589,338a4800
50,589,338a5000
50,589,338a6000
50,589,338ac000
50,589,338b4000
50,589,338c4001
50,589,338c4080
50,589,338c4200
50,589,338c4800
50,589,338d4000
50,589,338e4000
50,589,33901003
50,589,33901005
50,589,33901011
50,589,33902003
50,589,33902005
50,589,33902009
50,589,33902011
50,589,33902021
50,589,33902041
50,589,33902081
50,589,33902088
50,589,33902101
50,589,33902201
50,589,33902202
50,589,33902204
50,589,33902208
50,589,33902210
50,589,33902220
50,589,33902240
50,589,33902280
50,589,33902300
50,589,33902401
50,589,33902600
50,589,33902801
50,589,33902808
50,589,33902a00
50,589,33903001
50,589,33903080
50,589,33903200
50,589,33903800
50,589,33904082
50,589,33904084
50,589,33904090
50,589,33904280
50,589,33904802
50,589,33904804
50,589,33904810
50,589,33904a00
50,589,33905001
50,589,33905080
50,589,33905200
50,589,33905800
50,589,33906001
50,589,33906080
50,589,33906200
50,589,33906800
50,589,3390a001
50,589,3390a200
50,589,33912001
50,589,33912008
50,589,33912200
50,589,33913000
50,589,33915000
50,589,33916000
50,589,33921001
50,589,33921002
50,589,33921004
50,589,33921008
50,589,33921010
50,589,33921020
50,589,33921040
50,589,33921080
50,589,33921100
50,589,33921200
50,589,33921400
50,589,33921800
50,589,33922001
50,589,33922002
50,589,33922004
50,589,33922008
50,589,33922010
50,589,33922020
50,589,33922040
50,589,33922080
50,589,33922100
50,589,33922200
50,589,33922400
50,589,33922800
50,589,33923000
50,589,33924002
50,589,33924004
50,589,33924010
50,589,33924200
50,589,33925000
50,589,33926000
50,589,33929000
50,589,3392a000
50,589,33931000
50,589,33932000
50,589,33942001
50,589,33942200
50,589,33944080
50,589,33944800
50,589,33961000
50,589,33962000
50,589,33964000
50,589,33980005
50,589,33980201
50,589,33980202
50,589,33980204
50,589,33980208
50,589,33980210
50,589,33980220
50,589,33980240
50,589,33980280
50,589,33980300
50,589,33980600
50,589,33980a00
50,589,33981001
50,589,33981080
50,589,33981200
50,589,33981800
50,589,33982001
50,589,33982200
50,589,33984001
50,589,33984080
50,589,33984200
50,589,33984800
50,589,33988200
50,589,33990200
50,589,33991000
50,589,33994000
50,589,339a0004
50,589,339a0200
50,589,339a1000
50,589,339a2000
50,589,339a4000
50,589,339c0200
50,589,33a84001
50,589,33a84080
50,589,33a84200
50,589,33a84800
50,589,33a88200
50,589,33a94000
50,589,33aa4000
50,589,33aa8000
50,589,33b02001
50,589,33b02200
50,589,33b21000
50,589,33b22000
50,589,33b80200
50,589,33c01402
50,589,33c01480
50,589,33c03400
50,589,33c04088
50,589,33c04401
50,589,33c04402
50,589,33c04404
50,589,33c04408
50,589,33c04410
50,589,33c04420
50,589,33c04440
50,589,33c04480
50,589,33c04500
50,589,33c04600
50,589,33c04808
50,589,33c04c00
50,589,33c05400
50,589,33c06400
50,589,33c0c080
50,589,33c0c400
50,589,33c0c800
50,589,33c14008
50,589,33c14400
50,589,33c1c000
50,589,33c24400
50,589,33c41400
50,589,33c44008
50,589,33c44400
50,589,33c45000
50,589,33c4c000
50,589,33c84001
50,589,33c84002
50,589,33c84004
50,589,33c84008
50,589,33c84010
50,589,33c84020
50,589,33c84040
50,589,33c84080
50,589,33c84100
50,589,33c84200
50,589,33c84400
50,589,33c84800
50,589,33c85000
50,589,33c86000
50,589,33c8c000
50,589,33c94000
50,589,33ca4000
50,589,33cc4000
50,589,33d01001
50,589,33d01008
50,589,33d01400
50,589,33d02001
50,589,33d02008
50,589,33d02200
50,589,33d03000
50,589,33d04001
50,589,33d04002
50,589,33d04004
50,589,33d04008
50,589,33d04010
50,589,33d04020
50,589,33d04040
50,589,33d04080
50,589,33d04100
50,589,33d04200
50,589,33d04400
50,589,33d04800
50,589,33d05000
50,589,33d06000
50,589,33d0c000
50,589,33d14000
50,589,33d21000
50,589,33d22000
50,589,33d24000
50,589,33d44000
50,589,33d80200
50,589,33d81000
50,589,33d84000
50,589,33e01400
50,589,33e04400
50,589,33e44000
50,589,33e84000
50,589,33f01000
50,589,33f04000
50,589,3400f410
50,589,34087401
50,589,340c5401
50,589,34106405
50,589,34107401
50,589,34306401
50,589,34306402
50,589,34306404
50,589,34306420
50,589,34306500
50,589,3430e400
50,589,3438e000
50,589,35002415
50,589,35003405
50,589,35004485
50,589,35005481
50,589,35006405
50,589,35006441
50,589,35007041
50,589,35007401
50,589,3500c482
50,589,3500cc02
50,589,3500d401
50,589,3500d402
50,589,3500d404
50,589,3500d408
50,589,3500d410
50,589,3500d420
50,589,3500d440
50,589,3500d480
50,589,3500d500
50,589,3500d600
50,589,3500dc00
50,589,3500e401
50,589,3500e402
50,589,3500e500
50,589,3500f001
50,589,3500f008
50,589,3500f400
50,589,3501d400
50,589,3501f000
50,589,35023401
50,589,3502c402
50,589,3502d400
50,589,3502f000
50,589,35044481
50,589,35044482
50,589,35044580
50,589,35044c01
50,589,35044c02
50,589,35044d00
50,589,35045401
50,589,35045402
50,589,35045404
50,589,35045420
50,589,35045500
50,589,35046401
50,589,35046402
50,589,35046500
50,589,3504d400
50,589,35064401
50,589,35064402
50,589,35064500
50,589,35083401
50,589,35084405
50,589,35084441
50,589,35085401
50,589,3508c401
50,589,3508c402
50,589,3508c404
50,589,3508c408
50,589,3508c410
50,589,3508c420
50,589,3508c440
50,589,3508c480
50,589,3508c500
50,589,3508c600
50,589,3508cc00
50,589,3508d400
50,589,3508e400
50,589,3509c400
50,589,350a9400
50,589,350ac400
50,589,350ad000
50,589,350c4401
50,589,350c4402
50,589,350c4404
50,589,350c4420
50,589,350c4500
50,589,350cc400
50,589,35101405
50,589,35101406
50,589,3510140c
50,589,35101414
50,589,35101424
50,589,35101442
50,589,35101444
50,589,35101482
50,589,35101484
50,589,35101504
50,589,35101602
50,589,35101604
50,589,35101c04
50,589,35102412
50,589,35102414
50,589,35102442
50,589,35102444
50,589,35102610
50,589,35103402
50,589,35103404
50,589,35104482
50,589,35104484
50,589,35104c02
50,589,35104c04
50,589,35105081
50,589,35105401
50,589,35105402
50,589,35105404
50,589,35105420
50,589,35105500
50,589,35106401
50,589,35106402
50,589,35106404
50,589,35106420
50,589,35106500
50,589,35109404
50,589,3510d400
50,589,3510e400
50,589,35111404
50,589,35121402
50,589,35121404
50,589,35124042
50,589,35124402
50,589,35124404
50,589,3512c002
50,589,35140484
50,589,35141404
50,589,35142402
50,589,35142404
50,589,35181404
50,589,35184401
50,589,35184402
50,589,35184404
50,589,35184420
50,589,35184500
50,589,3518c008
50,589,3518c400
50,589,351ac000
50,589,35202405
50,589,35206041
50,589,35206401
50,589,3520d400
50,589,3520e001
50,589,3520e400
50,589,3520f000
50,589,35222401
50,589,3524e000
50,589,35282401
50,589,35284401
50,589,3528c400
50,589,35301404
50,589,35302044
50,589,35302402
50,589,35302404
50,589,3530a004
50,589,3530e000
50,589,3538c000
50,589,35406404
50,589,3540c401
50,589,3540c402
50,589,3540c404
50,589,3540c408
50,589,3540c410
50,589,3540c420
50,589,3540c440
50,589,3540c480
50,589,3540c500
50,589,3540c600
50,589,3540cc00
50,589,3540d400
50,589,3540e400
50,589,3540f000
50,589,3541c400
50,589,3542c400
50,589,35444401
50,589,35444402
50,589,35444404
50,589,35444408
50,589,35444410
50,589,35444420
50,589,35444500
50,589,3544c400
50,589,35485001
50,589,35485008
50,589,3548c400
50,589,3548d000
50,589,35500405
50,589,35500406
50,589,3550040c
50,589,35500414
50,589,35500424
50,589,35500444
50,589,35500484
50,589,35500504
50,589,35500602
50,589,35500604
50,589,35500c04
50,589,35501404
50,589,35502402
50,589,35502404
50,589,35504042
50,589,35504401
50,589,35504402
50,589,35504404
50,589,35504408
50,589,35504410
50,589,35504420
50,589,35504500
50,589,35508404
50,589,3550c002
50,589,3550c400
50,589,35510404
50,589,35520404
50,589,35540404
50,589,35580042
50,589,35580082
50,589,35580404
50,589,35584001
50,589,3558c000
50,589,3560c400
50,589,3568c000
50,589,35700404
50,589,35802405
50,589,3580d001
50,589,3580d400
50,589,3588c400
50,589,358a9000
50,589,35900484
50,589,35900c04
50,589,35901402
50,589,35901404
50,589,35902402
50,589,35902404
50,589,35920044
50,589,35920404
50,589,35928004
50,589,35929000
50,589,35980404
50,589,35c0c400
50,589,35c89000
50,589,35d00404
50,589,35d0c000
50,589,36006405
50,589,36007401
50,589,3608c401
50,589,36106404
50,589,36106420
50,589,36206401
50,589,36306400
50,589,36384040
50,589,36384400
50,589,3638c000
50,589,36405401
50,589,36484401
50,589,36485008
50,589,36504401
50,589,36505001
50,589,36505008
50,589,366a4000
50,589,36704001
50,589,36704400
50,589,36784000
50,589,37003005
50,589,37003401
50,589,37004482
50,589,37004c02
50,589,37005081
50,589,37005088
50,589,370050c0
50,589,37005401
50,589,37005402
50,589,37005404
50,589,37005408
50,589,37005410
50,589,37005420
50,589,37005440
50,589,37005480
50,589,37005500
50,589,37005600
50,589,37005c00
50,589,37006108
50,589,37006401
50,589,37006402
50,589,37006500
50,589,37007001
50,589,37007008
50,589,37007040
50,589,37007400
50,589,3700c082
50,589,3700d080
50,589,3700d400
50,589,3700e001
50,589,3700e002
50,589,3700e100
50,589,3700f000
50,589,37015400
50,589,37024402
50,589,37025001
50,589,37025008
50,589,37025040
50,589,37025400
50,589,3702c002
50,589,3702d000
50,589,37045080
50,589,37045400
50,589,37047000
50,589,37065000
50,589,37084090
50,589,370840c0
50,589,37084180
50,589,37084401
50,589,37084402
50,589,37084404
50,589,37084408
50,589,37084410
50,589,37084420
50,589,37084440
50,589,37084480
50,589,37084500
50,589,37084600
50,589,37084c00
50,589,37085080
50,589,37085400
50,589,37086010
50,589,37086040
50,589,37086100
50,589,37086400
50,589,37087000
50,589,3708c080
50,589,3708c400
50,589,3708e000
50,589,37094400
50,589,370a4010
50,589,370a4040
50,589,370a4100
50,589,370a4400
50,589,370a5000
50,589,370ac000
50,589,370c4080
50,589,370c4400
50,589,370c6000
50,589,370e4000
50,589,37101005
50,589,3710100c
50,589,37101404
50,589,37102014
50,589,37102044
50,589,37102410
50,589,37103004
50,589,37103400
50,589,37104090
50,589,37104810
50,589,37105001
50,589,37105002
50,589,37105004
50,589,37105008
50,589,37105010
50,589,37105020
50,589,37105040
50,589,37105080
50,589,37105100
50,589,37105200
50,589,37105400
50,589,37105800
50,589,37106010
50,589,37106040
50,589,37106100
50,589,37106400
50,589,37107000
50,589,3710a010
50,589,3710d000
50,589,3710e000
50,589,37115000
50,589,37121004
50,589,37124010
50,589,37125000
50,589,37142004
50,589,37144080
50,589,37144800
50,589,37145000
50,589,37146000
50,589,37164000
50,589,37181004
50,589,37181040
50,589,37184010
50,589,37184040
50,589,37184100
50,589,37184400
50,589,37185000
50,589,3718c000
50,589,371c4000
50,589,37202401
50,589,37205400
50,589,37206040
50,589,37206400
50,589,3720e000
50,589,37244080
50,589,37246000
50,589,37264000
50,589,37284400
50,589,37301004
50,589,37305000
50,589,37404009
50,589,3740400a
50,589,3740400c
50,589,37404018
50,589,37404028
50,589,37404048
50,589,37404088
50,589,37404108
50,589,37404208
50,589,37404401
50,589,37404402
50,589,37404404
50,589,37404408
50,589,37404410
50,589,37404420
50,589,37404440
50,589,37404480
50,589,37404500
50,589,37404600
50,589,37404808
50,589,37404c00
50,589,37405001
50,589,37405008
50,589,37405040
50,589,37405400
50,589,37406008
50,589,37406400
50,589,3740c001
50,589,3740c002
50,589,3740c004
50,589,3740c008
50,589,3740c010
50,589,3740c020
50,589,3740c040
50,589,3740c080
50,589,3740c100
50,589,3740c200
50,589,3740c400
50,589,3740c800
50,589,3740d000
50,589,3740e000
50,589,37414008
50,589,37414400
50,589,3741c000
50,589,37424008
50,589,37424400
50,589,3742c000
50,589,37444008
50,589,37444400
50,589,37445000
50,589,3744c000
50,589,37484001
50,589,37484002
50,589,37484004
50,589,37484008
50,589,37484010
50,589,37484020
50,589,37484040
50,589,37484080
50,589,37484100
50,589,37484200
50,589,37484400
50,589,37484800
50,589,37485000
50,589,37486000
50,589,3748c000
50,589,37494000
50,589,374a4000
50,589,374c4000
50,589,37500404
50,589,37502004
50,589,37504001
50,589,37504002
50,589,37504004
50,589,37504008
50,589,37504010
50,589,37504020
50,589,37504040
50,589,37504080
50,589,37504100
50,589,37504200
50,589,37504400
50,589,37504800
50,589,37505000
50,589,37506000
50,589,3750c000
50,589,37514000
50,589,37524000
50,589,37544000
50,589,37580004
50,589,37584000
50,589,37604001
50,589,37604008
50,589,37604040
50,589,37604400
50,589,3760c000
50,589,37644000
50,589,37684000
50,589,37704000
50,589,37801011
50,589,37805001
50,589,37805008
50,589,37805040
50,589,37805400
50,589,3780d000
50,589,37845000
50,589,37884001
50,589,37884002
50,589,37884004
50,589,37884008
50,589,37884010
50,589,37884020
50,589,37884040
50,589,37884080
50,589,37884100
50,589,37884200
50,589,37884400
50,589,37884800
50,589,37885000
50,589,37886000
50,589,3788c000
50,589,37894000
50,589,378a4000
50,589,378c4000
50,589,37902001
50,589,37902002
50,589,37902004
50,589,37902008
50,589,37902010
50,589,37902020
50,589,37902040
50,589,37902080
50,589,37902100
50,589,37902200
50,589,37902400
50,589,37902800
50,589,37903000
50,589,37905000
50,589,37906000
50,589,3790a000
50,589,37912000
50,589,37921000
50,589,37922000
50,589,37942000
50,589,37980004
50,589,37980200
50,589,37981000
50,589,37982000
50,589,37984000
50,589,37a84000
50,589,37b02000
50,589,37c01400
50,589,37c02400
50,589,37c04008
50,589,37c04400
50,589,37c0c000
50,589,37c84000
50,589,37d02000
50,589,37d04000
50,589,39005481
50,589,3900c403
50,589,3900cc02
50,589,3900dc00
50,589,3900e402
50,589,3901c402
50,589,3901d400
50,589,39044403
50,589,39054402
50,589,3908c402
50,589,3909d000
50,589,39101422
50,589,39101502
50,589,39101504
50,589,39101602
50,589,39103500
50,589,39104403
50,589,39104405
50,589,39104406
50,589,3910440a
50,589,3910440c
50,589,39104411
50,589,39104412
50,589,39104414
50,589,39104422
50,589,39104424
50,589,39104430
50,589,39104442
50,589,39104444
50,589,39104482
50,589,39104484
50,589,39104502
50,589,39104504
50,589,39104510
50,589,39104601
50,589,39104602
50,589,39104604
50,589,39104608
50,589,39104610
50,589,39104620
50,589,39104700
50,589,39104c02
50,589,39104c04
50,589,39105081
50,589,39105401
50,589,39105402
50,589,39105404
50,589,39105420
50,589,39105500
50,589,39106401
50,589,39106402
50,589,39106404
50,589,39106420
50,589,39106500
50,589,39109402
50,589,3910c402
50,589,3910c404
50,589,3910c410
50,589,3910c600
50,589,3910d400
50,589,3910e400
50,589,39111402
50,589,39114402
50,589,39114404
50,589,39124402
50,589,39124404
50,589,39141500
50,589,39144401
50,589,39144402
50,589,39144404
50,589,39144420
50,589,39144500
50,589,3914c400
50,589,39181500
50,589,39184401
50,589,39184402
50,589,39184404
50,589,39184420
50,589,39184500
50,589,3918c008
50,589,3918c400
50,589,39301500
50,589,39304402
50,589,39304404
50,589,3930e000
50,589,3940c402
50,589,39504401
50,589,39504402
50,589,39504404
50,589,39504408
50,589,39504410
50,589,39504420
50,589,39504500
50,589,3950c400
50,589,39900484
50,589,39901401
50,589,39901402
50,589,39901404
50,589,39901420
50,589,39901500
50,589,39902401
50,589,39902402
50,589,39902404
50,589,39902420
50,589,39902500
50,589,39904402
50,589,39904404
50,589,39909008
50,589,39909400
50,589,3990a400
50,589,3a504401
50,589,3a704400
50,589,3b004403
50,589,3b004405
50,589,3b004411
50,589,3b004601
50,589,3b005401
50,589,3b005808
50,589,3b005c00
50,589,3b006401
50,589,3b007400
50,589,3b014402
50,589,3b015001
50,589,3b015008
50,589,3b015400
50,589,3b01c002
50,589,3b01d000
50,589,3b044401
50,589,3b055000
50,589,3b084018
50,589,3b084048
50,589,3b084108
50,589,3b084210
50,589,3b084240
50,589,3b084300
50,589,3b084401
50,589,3b084402
50,589,3b084404
50,589,3b084408
50,589,3b084410
50,589,3b084420
50,589,3b084440
50,589,3b084480
50,589,3b084500
50,589,3b084600
50,589,3b084c00
50,589,3b085008
50,589,3b085200
50,589,3b085400
50,589,3b086400
50,589,3b08c008
50,589,3b08c200
50,589,3b08c400
50,589,3b094010
50,589,3b094040
50,589,3b094100
50,589,3b094400
50,589,3b095000
50,589,3b09c000
50,589,3b0a4400
50,589,3b0c4008
50,589,3b0c4200
50,589,3b0c4400
50,589,3b0d4000
50,589,3b104011
50,589,3b104012
50,589,3b104014
50,589,3b104018
50,589,3b104030
50,589,3b104042
50,589,3b104044
50,589,3b104050
50,589,3b104090
50,589,3b104102
50,589,3b104104
50,589,3b104110
50,589,3b104210
50,589,3b104240
50,589,3b104300
50,589,3b104402
50,589,3b104404
50,589,3b104410
50,589,3b104600
50,589,3b104810
50,589,3b105001
50,589,3b105002
50,589,3b105004
50,589,3b105008
50,589,3b105010
50,589,3b105020
50,589,3b105040
50,589,3b105080
50,589,3b105100
50,589,3b105200
50,589,3b105400
50,589,3b105800
50,589,3b106010
50,589,3b106040
50,589,3b106100
50,589,3b106400
50,589,3b107000
50,589,3b10c002
50,589,3b10c004
50,589,3b10c010
50,589,3b10c200
50,589,3b10d000
50,589,3b10e000
50,589,3b114010
50,589,3b115000
50,589,3b124010
50,589,3b125000
50,589,3b144001
50,589,3b144002
50,589,3b144004
50,589,3b144008
50,589,3b144010
50,589,3b144020
50,589,3b144040
50,589,3b144080
50,589,3b144100
50,589,3b144200
50,589,3b144400
50,589,3b144800
50,589,3b145000
50,589,3b146000
50,589,3b14c000
50,589,3b154000
50,589,3b164000
50,589,3b184010
50,589,3b184040
50,589,3b184100
50,589,3b184400
50,589,3b185000
50,589,3b18c000
50,589,3b1c4000
50,589,3b254000
50,589,3b284010
50,589,3b284040
50,589,3b284100
50,589,3b284400
50,589,3b285000
50,589,3b28c000
50,589,3b2c4000
50,589,3b304010
50,589,3b305000
50,589,3b344000
50,589,3b404401
50,589,3b404402
50,589,3b404404
50,589,3b404408
50,589,3b404410
50,589,3b404420
50,589,3b404440
50,589,3b404480
50,589,3b404500
50,589,3b404600
50,589,3b404c00
50,589,3b405400
50,589,3b406400
50,589,3b40c400
50,589,3b414008
50,589,3b414400
50,589,3b41c000
50,589,3b424400
50,589,3b444400
50,589,3b484008
50,589,3b484200
50,589,3b484400
50,589,3b494000
50,589,3b504001
50,589,3b504002
50,589,3b504004
50,589,3b504008
50,589,3b504010
50,589,3b504020
50,589,3b504040
50,589,3b504080
50,589,3b504100
50,589,3b504200
50,589,3b504400
50,589,3b504800
50,589,3b505000
50,589,3b506000
50,589,3b50c000
50,589,3b514000
50,589,3b524000
50,589,3b544000
50,589,3b584000
50,589,3b604400
50,589,3b684000
50,589,3b704000
50,589,3b884001
50,589,3b884002
50,589,3b884004
50,589,3b884008
50,589,3b884010
50,589,3b884020
50,589,3b884040
50,589,3b884080
50,589,3b884100
50,589,3b884200
50,589,3b884400
50,589,3b884800
50,589,3b885000
50,589,3b886000
50,589,3b88c000
50,589,3b894000
50,589,3b8a4000
50,589,3b8c4000
50,589,3b901001
50,589,3b901008
50,589,3b901400
50,589,3b902001
50,589,3b902002
50,589,3b902004
50,589,3b902008
50,589,3b902010
50,589,3b902020
50,589,3b902040
50,589,3b902080
50,589,3b902100
50,589,3b902200
50,589,3b902400
50,589,3b902800
50,589,3b903000
50,589,3b904002
50,589,3b904004
50,589,3b904010
50,589,3b904200
50,589,3b905000
50,589,3b906000
50,589,3b90a000
50,589,3b912000
50,589,3b921000
50,589,3b922000
50,589,3b942000
50,589,3b944000
50,589,3b980004
50,589,3b980200
50,589,3b981000
50,589,3b982000
50,589,3b984000
50,589,3ba84000
50,589,3bb01000
50,589,3bb02000
50,589,3bc04400
50,589,3bc84000
50,589,3bd02000
50,589,3bd04000
50,589,3d003401
50,589,3d00c402
50,589,3d00d400
50,589,3d044401
50,589,3d044402
50,589,3d044500
50,589,3d08c400
50,589,3d101402
50,589,3d101404
50,589,3d104402
50,589,3d104404
50,589,3d202401
50,589,3d40c400
50,589,3d500404
50,589,3d900404
50,589,3f004402
50,589,3f005001
50,589,3f005008
50,589,3f005040
50,589,3f005400
50,589,3f00c002
50,589,3f00d000
50,589,3f045000
50,589,3f084010
50,589,3f084040
50,589,3f084100
50,589,3f084400
50,589,3f085000
50,589,3f08c000
50,589,3f0c4000
50,589,3f104010
50,589,3f105000
50,589,3f144000
50,589,3f244000
50,589,3f404008
50,589,3f404400
50,589,3f40c000
50,589,3f484000
50,589,3f504000
50,589,3f884000
50,589,3f902000
96,589,051e6400
96,589,0d0c6401
96,589,0d1c6400
96,589,0d584408
96,589,154a4408
96,589,25166400
96,589,2d146400
96,589,35126040
96,589,35126400
96,589,35524400
96,589,3d106400
