2 2 5
3 5 11
4 5 12
5 39 67
6 39 68
7 15 31
8 15 32
9 20 41
10 20 42
11 56 100
12 56 101
13 56 102
14 56 103
15 44 85
16 44 86
17 80 144
18 80 145
19 61 116
20 61 117
21 109 194
22 109 195
23 174 299
24 174 300
25 162 282
26 162 283
27 138 246
28 138 247
29 162 286
30 162 287
31 162 288
32 162 289
33 191 336
34 191 337
35 191 338
36 191 339
37 191 340
38 191 341
39 191 342
40 191 343
41 191 344
42 191 345
43 210 376
44 210 377
45 210 378
46 210 379
47 210 380
48 210 381
49 210 382
50 210 383
51 210 384
52 210 385
53 309 543
54 309 544
55 210 388
56 210 389
57 309 547
58 309 548
59 309 549
60 309 550
61 309 551
62 309 552
63 309 553
64 309 554
65 306 550
66 306 551
67 256 473
68 256 474
69 333 597
70 333 598
71 333 599
72 333 600
73 333 601
74 333 602
75 386 687
76 386 688
77 333 605
78 333 606
79 333 607
80 333 608
81 528 918
82 528 919
83 528 920
84 528 921
85 528 922
86 528 923
87 492 867
88 492 868
89 528 926
90 528 927
91 528 928
92 528 929
93 528 930
94 528 931
95 528 932
96 528 933
97 528 934
98 528 935
99 528 936
100 528 937
101 528 938
102 528 939
103 516 921
104 516 922
105 516 923
106 516 924
107 516 925
108 516 926
109 528 946
110 528 947
111 528 948
112 528 949
113 593 1053
114 593 1054
115 593 1055
116 593 1056
117 516 935
118 516 936
119 528 956
120 528 957
121 516 939
122 516 940
123 516 941
124 516 942
125 593 1065
126 593 1066
127 593 1067
128 593 1068
129 593 1069
130 593 1070
131 721 1274
132 721 1275
133 569 1035
134 569 1036
135 569 1037
136 569 1038
137 569 1039
138 569 1040
139 721 1282
140 721 1283
141 704 1257
142 704 1258
143 721 1286
144 721 1287
145 721 1288
146 721 1289
147 721 1290
148 721 1291
149 721 1292
150 721 1293
151 721 1294
152 721 1295
153 721 1296
154 721 1297
155 721 1298
156 721 1299
157 721 1300
158 721 1301
159 721 1302
160 721 1303
161 721 1304
162 721 1305
163 721 1306
164 721 1307
165 721 1308
166 721 1309
167 721 1310
168 721 1311
169 721 1312
170 721 1313
171 721 1314
172 721 1315
173 721 1316
174 721 1317
175 721 1318
176 721 1319
177 721 1320
178 721 1321
179 728 1333
180 728 1334
181 728 1335
182 728 1336
183 721 1326
184 721 1327
185 721 1328
186 721 1329
187 728 1341
188 728 1342
189 728 1343
190 728 1344
191 728 1345
192 728 1346
193 1075 1897
194 1075 1898
195 1075 1899
196 1075 1900
197 979 1749
198 979 1750
199 979 1751
200 979 1752
201 1075 1905
202 1075 1906
203 728 1357
204 728 1358
205 1075 1909
206 1075 1910
207 1075 1911
208 1075 1912
209 1075 1913
210 1075 1914
211 1075 1915
212 1075 1916
213 1075 1917
214 1075 1918
215 1075 1919
216 1075 1920
217 1075 1921
218 1075 1922
219 1075 1923
220 1075 1924
221 1085 1941
222 1085 1942
223 1085 1943
224 1085 1944
225 1075 1929
226 1075 1930
227 1085 1947
228 1085 1948
229 1075 1933
230 1075 1934
231 1075 1935
232 1075 1936
233 1075 1937
234 1075 1938
235 1075 1939
236 1075 1940
237 1075 1941
238 1075 1942
239 1075 1943
240 1075 1944
241 1075 1945
242 1075 1946
243 1075 1947
244 1075 1948
245 1075 1949
246 1075 1950
247 1075 1951
248 1075 1952
249 1075 1953
250 1075 1954
251 1075 1955
252 1075 1956
253 1075 1957
254 1075 1958
255 1075 1959
256 1075 1960
257 1075 1961
258 1075 1962
259 1075 1963
260 1075 1964
261 1075 1965
262 1075 1966
263 1075 1967
264 1075 1968
265 1075 1969
266 1075 1970
267 1075 1971
268 1075 1972
269 1075 1973
270 1075 1974
271 1075 1975
272 1075 1976
273 1075 1977
274 1075 1978
275 1075 1979
276 1075 1980
277 1239 2241
278 1239 2242
279 1239 2243
280 1239 2244
281 1521 2692
282 1521 2693
283 1521 2694
284 1521 2695
285 1239 2249
286 1239 2250
287 1239 2251
288 1239 2252
289 1521 2700
290 1521 2701
291 1521 2702
292 1521 2703
293 1239 2257
294 1239 2258
295 1239 2259
296 1239 2260
297 1239 2261
298 1239 2262
299 1774 3111
300 1774 3112
301 1774 3113
302 1774 3114
303 1774 3115
304 1774 3116
305 1774 3117
306 1774 3118
307 1774 3119
308 1774 3120
309 1774 3121
310 1774 3122
311 1774 3123
312 1774 3124
313 1774 3125
314 1774 3126
315 1774 3127
316 1774 3128
317 1774 3129
318 1774 3130
319 1774 3131
320 1774 3132
321 1774 3133
322 1774 3134
323 1774 3135
324 1774 3136
325 1774 3137
326 1774 3138
327 1774 3139
328 1774 3140
329 1774 3141
330 1774 3142
331 1774 3143
332 1774 3144
333 1774 3145
334 1774 3146
335 1774 3147
336 1774 3148
337 1774 3149
338 1774 3150
339 1774 3151
340 1774 3152
341 1774 3153
342 1774 3154
343 1774 3155
344 1774 3156
345 1774 3157
346 1774 3158
347 1774 3159
348 1774 3160
349 1774 3161
350 1774 3162
351 1774 3163
352 1774 3164
353 1774 3165
354 1774 3166
355 1774 3167
356 1774 3168
357 1774 3169
358 1774 3170
359 1774 3171
360 1774 3172
361 1774 3173
362 1774 3174
363 1752 3140
364 1752 3141
365 1752 3142
366 1752 3143
367 1752 3144
368 1752 3145
369 1752 3146
370 1752 3147
371 1752 3148
372 1752 3149
373 1752 3150
374 1752 3151
375 1752 3152
376 1752 3153
377 1752 3154
378 1752 3155
379 1752 3156
380 1752 3157
381 1752 3158
382 1752 3159
383 1752 3160
384 1752 3161
385 1752 3162
386 1752 3163
387 1752 3164
388 1752 3165
389 1752 3166
390 1752 3167
391 1752 3168
392 1752 3169
393 1752 3170
394 1752 3171
395 1752 3172
396 1752 3173
397 2022 3602
398 2022 3603
399 1752 3176
400 1752 3177
401 1752 3178
402 1752 3179
403 1752 3180
404 1752 3181
405 2022 3610
406 2022 3611
407 1752 3184
408 1752 3185
409 2022 3614
410 2022 3615
411 1752 3188
412 1752 3189
413 2022 3618
414 2022 3619
415 2022 3620
416 2022 3621
417 2022 3622
418 2022 3623
419 2022 3624
420 2022 3625
421 2022 3626
422 2022 3627
423 2022 3628
424 2022 3629
425 2022 3630
426 2022 3631
427 2022 3632
428 2022 3633
429 2022 3634
430 2022 3635
431 2239 3980
432 2239 3981
433 2022 3638
434 2022 3639
435 2239 3984
436 2239 3985
437 2022 3642
438 2022 3643
439 2022 3644
440 2022 3645
441 2227 3971
442 2227 3972
443 2227 3973
444 2227 3974
445 2227 3975
446 2227 3976
447 2227 3977
448 2227 3978
449 2227 3979
450 2227 3980
451 2227 3981
452 2227 3982
453 2227 3983
454 2227 3984
455 2227 3985
456 2227 3986
457 2227 3987
458 2227 3988
459 2227 3989
460 2227 3990
461 2227 3991
462 2227 3992
463 2227 3993
464 2227 3994
465 2227 3995
466 2227 3996
467 2227 3997
468 2227 3998
469 2227 3999
470 2227 4000
471 2417 4302
472 2417 4303
473 2227 4003
474 2227 4004
475 2227 4005
476 2227 4006
477 2417 4308
478 2417 4309
479 2417 4310
480 2417 4311
481 2417 4312
482 2417 4313
483 2417 4314
484 2417 4315
485 2417 4316
486 2417 4317
487 2417 4318
488 2417 4319
489 2417 4320
490 2417 4321
491 2417 4322
492 2417 4323
493 2417 4324
494 2417 4325
495 2417 4326
496 2417 4327
497 2417 4328
498 2417 4329
499 2417 4330
500 2417 4331
501 2417 4332
502 2417 4333
503 2417 4334
504 2417 4335
505 2417 4336
506 2417 4337
507 2487 4449
508 2487 4450
509 2487 4451
510 2487 4452
511 2487 4453
512 2487 4454
513 2487 4455
514 2487 4456
515 2487 4457
516 2487 4458
517 2417 4348
518 2417 4349
519 2417 4350
520 2417 4351
521 2417 4352
522 2417 4353
523 2487 4465
524 2487 4466
525 2487 4467
526 2487 4468
527 2448 4407
528 2448 4408
529 2487 4471
530 2487 4472
531 2487 4473
532 2487 4474
533 2487 4475
534 2487 4476
535 2487 4477
536 2487 4478
537 2487 4479
538 2487 4480
539 2716 4844
540 2716 4845
541 2448 4421
542 2448 4422
543 2448 4423
544 2448 4424
545 2716 4850
546 2716 4851
547 2716 4852
548 2716 4853
549 2716 4854
550 2716 4855
551 2448 4431
552 2448 4432
553 2716 4858
554 2716 4859
555 2716 4860
556 2716 4861
557 2716 4862
558 2716 4863
559 2448 4439
560 2448 4440
561 2716 4866
562 2716 4867
563 2716 4868
564 2716 4869
565 2716 4870
566 2716 4871
567 2716 4872
568 2716 4873
569 2716 4874
570 2716 4875
571 2716 4876
572 2716 4877
573 2716 4878
574 2716 4879
575 2716 4880
576 2716 4881
577 3051 5413
578 3051 5414
579 2716 4884
580 2716 4885
581 2716 4886
582 2716 4887
583 2716 4888
584 2716 4889
585 3051 5421
586 3051 5422
587 3051 5423
588 3051 5424
589 2716 4894
590 2716 4895
591 2716 4896
592 2716 4897
593 3051 5429
594 3051 5430
595 2716 4900
596 2716 4901
597 3051 5433
598 3051 5434
599 3051 5435
600 3051 5436
601 3051 5437
602 3051 5438
603 3051 5439
604 3051 5440
605 3051 5441
606 3051 5442
607 3051 5443
608 3051 5444
609 3051 5445
610 3051 5446
611 3051 5447
612 3051 5448
613 3051 5449
614 3051 5450
615 3051 5451
616 3051 5452
617 3282 5819
618 3282 5820
619 3282 5821
620 3282 5822
621 3282 5823
622 3282 5824
623 3282 5825
624 3282 5826
625 3282 5827
626 3282 5828
627 3282 5829
628 3282 5830
629 2817 5094
630 2817 5095
631 2817 5096
632 2817 5097
633 2817 5098
634 2817 5099
635 2817 5100
636 2817 5101
637 3200 5709
638 3200 5710
639 2817 5104
640 2817 5105
641 3200 5713
642 3200 5714
643 2817 5108
644 2817 5109
645 3200 5717
646 3200 5718
647 3200 5719
648 3200 5720
649 3200 5721
650 3200 5722
651 3200 5723
652 3200 5724
653 3200 5725
654 3200 5726
655 3200 5727
656 3200 5728
657 3200 5729
658 3200 5730
659 3200 5731
660 3200 5732
661 3200 5733
662 3200 5734
663 3200 5735
664 3200 5736
665 3200 5737
666 3200 5738
667 3200 5739
668 3200 5740
669 3200 5741
670 3200 5742
671 3200 5743
672 3200 5744
673 3200 5745
674 3200 5746
675 3200 5747
676 3200 5748
677 3200 5749
678 3200 5750
679 3282 5881
680 3282 5882
681 3282 5883
682 3282 5884
683 3282 5885
684 3282 5886
685 3282 5887
686 3282 5888
687 3282 5889
688 3282 5890
689 3282 5891
690 3282 5892
691 3282 5893
692 3282 5894
693 3282 5895
694 3282 5896
695 3282 5897
696 3282 5898
697 3282 5899
698 3282 5900
699 3282 5901
700 3282 5902
701 3388 6071
702 3388 6072
703 3282 5905
704 3282 5906
705 3282 5907
706 3282 5908
707 3282 5909
708 3282 5910
709 3282 5911
710 3282 5912
711 3282 5913
712 3282 5914
713 3282 5915
714 3282 5916
715 3282 5917
716 3282 5918
717 3388 6087
718 3388 6088
719 3388 6089
720 3388 6090
721 3282 5923
722 3282 5924
723 3388 6093
724 3388 6094
725 3388 6095
726 3388 6096
727 3388 6097
728 3388 6098
729 3388 6099
730 3388 6100
731 3388 6101
732 3388 6102
733 3388 6103
734 3388 6104
735 3388 6105
736 3388 6106
737 3388 6107
738 3388 6108
739 3388 6109
740 3388 6110
741 3388 6111
742 3388 6112
743 3388 6113
744 3388 6114
745 3388 6115
746 3388 6116
747 3388 6117
748 3388 6118
749 3388 6119
750 3388 6120
751 3388 6121
752 3388 6122
753 3388 6123
754 3388 6124
755 3388 6125
756 3388 6126
757 3388 6127
758 3388 6128
759 3388 6129
760 3388 6130
761 3388 6131
762 3388 6132
763 3388 6133
764 3388 6134
765 3388 6135
766 3388 6136
767 3764 6733
768 3764 6734
769 3764 6735
770 3764 6736
771 3764 6737
772 3764 6738
773 3764 6739
774 3764 6740
775 3764 6741
776 3764 6742
777 3764 6743
778 3764 6744
779 3981 7089
780 3981 7090
781 3764 6747
782 3764 6748
783 3764 6749
784 3764 6750
785 3764 6751
786 3764 6752
787 3764 6753
788 3764 6754
789 3764 6755
790 3764 6756
791 3981 7101
792 3981 7102
793 3764 6759
794 3764 6760
795 3764 6761
796 3764 6762
797 3764 6763
798 3764 6764
799 3764 6765
800 3764 6766
801 3981 7111
802 3981 7112
803 3764 6769
804 3764 6770
805 3764 6771
806 3764 6772
807 3764 6773
808 3764 6774
809 3764 6775
810 3764 6776
811 3764 6777
812 3764 6778
813 3981 7123
814 3981 7124
815 3981 7125
816 3981 7126
817 3764 6783
818 3764 6784
819 3981 7129
820 3981 7130
821 3981 7131
822 3981 7132
823 3981 7133
824 3981 7134
825 3981 7135
826 3981 7136
827 3981 7137
828 3981 7138
829 3981 7139
830 3981 7140
831 3981 7141
832 3981 7142
833 3981 7143
834 3981 7144
835 3981 7145
836 3981 7146
837 4135 7391
838 4135 7392
839 4135 7393
840 4135 7394
841 4135 7395
842 4135 7396
843 4135 7397
844 4135 7398
845 4135 7399
846 4135 7400
847 4135 7401
848 4135 7402
849 4135 7403
850 4135 7404
851 3981 7161
852 3981 7162
853 4135 7407
854 4135 7408
855 4135 7409
856 4135 7410
857 4135 7411
858 4135 7412
859 4135 7413
860 4135 7414
861 3981 7171
862 3981 7172
863 3981 7173
864 3981 7174
865 3981 7175
866 3981 7176
867 3981 7177
868 3981 7178
869 4316 7710
870 4316 7711
871 4316 7712
872 4316 7713
873 4316 7714
874 4316 7715
875 4316 7716
876 4316 7717
877 4316 7718
878 4316 7719
879 4316 7720
880 4316 7721
881 4316 7722
882 4316 7723
883 4316 7724
884 4316 7725
885 4316 7726
886 4316 7727
887 3981 7197
888 3981 7198
889 3981 7199
890 3981 7200
891 3981 7201
892 3981 7202
893 4316 7734
894 4316 7735
895 4316 7736
896 4316 7737
897 4316 7738
898 4316 7739
899 4316 7740
900 4316 7741
901 4316 7742
902 4316 7743
903 4316 7744
904 4316 7745
905 4316 7746
906 4316 7747
907 4316 7748
908 4316 7749
909 4316 7750
910 4316 7751
911 4316 7752
912 4316 7753
913 4316 7754
914 4316 7755
915 4316 7756
916 4316 7757
917 4316 7758
918 4316 7759
919 4316 7760
920 4316 7761
921 4316 7762
922 4316 7763
923 4316 7764
924 4316 7765
925 4316 7766
926 4316 7767
927 4316 7768
928 4316 7769
929 4316 7770
930 4316 7771
931 4316 7772
932 4316 7773
933 4316 7774
934 4316 7775
935 4316 7776
936 4316 7777
937 4316 7778
938 4316 7779
939 4316 7780
940 4316 7781
941 4316 7782
942 4316 7783
943 4316 7784
944 4316 7785
945 4316 7786
946 4316 7787
947 4316 7788
948 4316 7789
949 4316 7790
950 4316 7791
951 4316 7792
952 4316 7793
953 4316 7794
954 4316 7795
955 4316 7796
956 4316 7797
957 4316 7798
958 4316 7799
959 4316 7800
960 4316 7801
961 4316 7802
962 4316 7803
963 4316 7804
964 4316 7805
965 4316 7806
966 4316 7807
967 4316 7808
968 4316 7809
969 4316 7810
970 4316 7811
971 4316 7812
972 4316 7813
973 4316 7814
974 4316 7815
975 4316 7816
976 4316 7817
977 4316 7818
978 4316 7819
979 4316 7820
980 4316 7821
981 4316 7822
982 4316 7823
983 4923 8786
984 4923 8787
985 4316 7826
986 4316 7827
987 4923 8790
988 4923 8791
989 4316 7830
990 4316 7831
991 4316 7832
992 4316 7833
993 4316 7834
994 4316 7835
995 4923 8798
996 4923 8799
997 5123 9117
998 5123 9118
999 4316 7840
1000 4316 7841
1001 4923 8804
1002 4923 8805
1003 4923 8806
1004 4923 8807
1005 4923 8808
1006 4923 8809
1007 5123 9127
1008 5123 9128
1009 5123 9129
1010 5123 9130
1011 5123 9131
1012 5123 9132
1013 5123 9133
1014 5123 9134
1015 5123 9135
1016 5123 9136
1017 5123 9137
1018 5123 9138
1019 5123 9139
1020 5123 9140
1021 5123 9141
1022 5123 9142
1023 5123 9143
1024 5123 9144
1025 5123 9145
1026 5123 9146
1027 5123 9147
1028 5123 9148
1029 5123 9149
1030 5123 9150
1031 5123 9151
1032 5123 9152
1033 5123 9153
1034 5123 9154
1035 5123 9155
1036 5123 9156
1037 5123 9157
1038 5123 9158
1039 5075 9083
1040 5075 9084
1041 5123 9161
1042 5123 9162
1043 5075 9087
1044 5075 9088
1045 5075 9089
1046 5075 9090
1047 5075 9091
1048 5075 9092
1049 5075 9093
1050 5075 9094
1051 5075 9095
1052 5075 9096
1053 5075 9097
1054 5075 9098
1055 5075 9099
1056 5075 9100
1057 5075 9101
1058 5075 9102
1059 5075 9103
1060 5075 9104
1061 5075 9105
1062 5075 9106
1063 5075 9107
1064 5075 9108
1065 5075 9109
1066 5075 9110
1067 5075 9111
1068 5075 9112
1069 5075 9113
1070 5075 9114
1071 5075 9115
1072 5075 9116
1073 5075 9117
1074 5075 9118
1075 5075 9119
1076 5075 9120
1077 5075 9121
1078 5075 9122
1079 5075 9123
1080 5075 9124
1081 5108 9177
1082 5108 9178
1083 5075 9127
1084 5075 9128
1085 5075 9129
1086 5075 9130
1087 5075 9131
1088 5075 9132
1089 5075 9133
1090 5075 9134
1091 5075 9135
1092 5075 9136
1093 5108 9189
1094 5108 9190
1095 5108 9191
1096 5108 9192
1097 5108 9193
1098 5108 9194
1099 5108 9195
1100 5108 9196
1101 5108 9197
1102 5108 9198
1103 5108 9199
1104 5108 9200
1105 5108 9201
1106 5108 9202
1107 5108 9203
1108 5108 9204
1109 5108 9205
1110 5108 9206
1111 5108 9207
1112 5108 9208
1113 5523 9867
1114 5523 9868
1115 5523 9869
1116 5523 9870
1117 5523 9871
1118 5523 9872
1119 5523 9873
1120 5523 9874
1121 5523 9875
1122 5523 9876
1123 5523 9877
1124 5523 9878
1125 5523 9879
1126 5523 9880
1127 5523 9881
1128 5523 9882
1129 5523 9883
1130 5523 9884
1131 5523 9885
1132 5523 9886
1133 5523 9887
1134 5523 9888
1135 5523 9889
1136 5523 9890
1137 5641 10078
1138 5641 10079
1139 5641 10080
1140 5641 10081
1141 5523 9895
1142 5523 9896
1143 5641 10084
1144 5641 10085
1145 5523 9899
1146 5523 9900
1147 5523 9901
1148 5523 9902
1149 5523 9903
1150 5523 9904
1151 5523 9905
1152 5523 9906
1153 5523 9907
1154 5523 9908
1155 5641 10096
1156 5641 10097
1157 5641 10098
1158 5641 10099
1159 5641 10100
1160 5641 10101
1161 5641 10102
1162 5641 10103
1163 5641 10104
1164 5641 10105
1165 5641 10106
1166 5641 10107
1167 5641 10108
1168 5641 10109
1169 5641 10110
1170 5641 10111
1171 5641 10112
1172 5641 10113
1173 5641 10114
1174 5641 10115
1175 5641 10116
1176 5641 10117
1177 5523 9931
1178 5523 9932
1179 5641 10120
1180 5641 10121
1181 5641 10122
1182 5641 10123
1183 5641 10124
1184 5641 10125
1185 5523 9939
1186 5523 9940
1187 5641 10128
1188 5641 10129
1189 5641 10130
1190 5641 10131
1191 5641 10132
1192 5641 10133
1193 5641 10134
1194 5641 10135
1195 5641 10136
1196 5641 10137
1197 5641 10138
1198 5641 10139
1199 5641 10140
1200 5641 10141
1201 5523 9955
1202 5523 9956
1203 5641 10144
1204 5641 10145
1205 5641 10146
1206 5641 10147
1207 5641 10148
1208 5641 10149
1209 5641 10150
1210 5641 10151
1211 5641 10152
1212 5641 10153
1213 5641 10154
1214 5641 10155
1215 5641 10156
1216 5641 10157
1217 5641 10158
1218 5641 10159
1219 5641 10160
1220 5641 10161
1221 5641 10162
1222 5641 10163
1223 5641 10164
1224 5641 10165
1225 6118 10922
1226 6118 10923
1227 6118 10924
1228 6118 10925
1229 6118 10926
1230 6118 10927
1231 6118 10928
1232 6118 10929
1233 6118 10930
1234 6118 10931
1235 6118 10932
1236 6118 10933
1237 5641 10178
1238 5641 10179
1239 5641 10180
1240 5641 10181
1241 6118 10938
1242 6118 10939
1243 6118 10940
1244 6118 10941
1245 6118 10942
1246 6118 10943
1247 6118 10944
1248 6118 10945
1249 6118 10946
1250 6118 10947
1251 6118 10948
1252 6118 10949
1253 6118 10950
1254 6118 10951
1255 5641 10196
1256 5641 10197
1257 5641 10198
1258 5641 10199
1259 5641 10200
1260 5641 10201
1261 6118 10958
1262 6118 10959
1263 6118 10960
1264 6118 10961
1265 6118 10962
1266 6118 10963
1267 6118 10964
1268 6118 10965
1269 6118 10966
1270 6118 10967
1271 6118 10968
1272 6118 10969
1273 6118 10970
1274 6118 10971
1275 6118 10972
1276 6118 10973
1277 6118 10974
1278 6118 10975
1279 6118 10976
1280 6118 10977
1281 6118 10978
1282 6118 10979
1283 6118 10980
1284 6118 10981
1285 6118 10982
1286 6118 10983
1287 6118 10984
1288 6118 10985
1289 6118 10986
1290 6118 10987
1291 6118 10988
1292 6118 10989
1293 6118 10990
1294 6118 10991
1295 6118 10992
1296 6118 10993
1297 6118 10994
1298 6118 10995
1299 6118 10996
1300 6118 10997
1301 6118 10998
1302 6118 10999
1303 6118 11000
1304 6118 11001
1305 6118 11002
1306 6118 11003
1307 6118 11004
1308 6118 11005
1309 6118 11006
1310 6118 11007
1311 6118 11008
1312 6118 11009
1313 6118 11010
1314 6118 11011
1315 6118 11012
1316 6118 11013
1317 6118 11014
1318 6118 11015
1319 6118 11016
1320 6118 11017
1321 6118 11018
1322 6118 11019
1323 6118 11020
1324 6118 11021
1325 6118 11022
1326 6118 11023
1327 6118 11024
1328 6118 11025
1329 6759 12042
1330 6759 12043
1331 6759 12044
1332 6759 12045
1333 6759 12046
1334 6759 12047
1335 7000 12430
1336 7000 12431
1337 7000 12432
1338 7000 12433
1339 6759 12052
1340 6759 12053
1341 7000 12436
1342 7000 12437
1343 6759 12056
1344 6759 12057
1345 6118 11042
1346 6118 11043
1347 6118 11044
1348 6118 11045
1349 6118 11046
1350 6118 11047
1351 7000 12446
1352 7000 12447
1353 7000 12448
1354 7000 12449
1355 7000 12450
1356 7000 12451
1357 7000 12452
1358 7000 12453
1359 7000 12454
1360 7000 12455
1361 7000 12456
1362 7000 12457
1363 7000 12458
1364 7000 12459
1365 7000 12460
1366 7000 12461
1367 7000 12462
1368 7000 12463
1369 7000 12464
1370 7000 12465
1371 7000 12466
1372 7000 12467
1373 7000 12468
1374 7000 12469
1375 7000 12470
1376 7000 12471
1377 7000 12472
1378 7000 12473
1379 7000 12474
1380 7000 12475
1381 7000 12476
1382 7000 12477
1383 7000 12478
1384 7000 12479
1385 7000 12480
1386 7000 12481
1387 7000 12482
1388 7000 12483
1389 7000 12484
1390 7000 12485
1391 7000 12486
1392 7000 12487
1393 7000 12488
1394 7000 12489
1395 7000 12490
1396 7000 12491
1397 7000 12492
1398 7000 12493
1399 7000 12494
1400 7000 12495
1401 7000 12496
1402 7000 12497
1403 7000 12498
1404 7000 12499
1405 7000 12500
1406 7000 12501
1407 7000 12502
1408 7000 12503
1409 7000 12504
1410 7000 12505
1411 7000 12506
1412 7000 12507
1413 7000 12508
1414 7000 12509
1415 7000 12510
1416 7000 12511
1417 7000 12512
1418 7000 12513
1419 7000 12514
1420 7000 12515
1421 7000 12516
1422 7000 12517
1423 7000 12518
1424 7000 12519
1425 7000 12520
1426 7000 12521
1427 7000 12522
1428 7000 12523
1429 7000 12524
1430 7000 12525
1431 7000 12526
1432 7000 12527
1433 7000 12528
1434 7000 12529
1435 7000 12530
1436 7000 12531
1437 7000 12532
1438 7000 12533
1439 7000 12534
1440 7000 12535
1441 7000 12536
1442 7000 12537
1443 7000 12538
1444 7000 12539
1445 7000 12540
1446 7000 12541
1447 7000 12542
1448 7000 12543
1449 7000 12544
1450 7000 12545
1451 7347 13096
1452 7347 13097
1453 7347 13098
1454 7347 13099
1455 7347 13100
1456 7347 13101
1457 7347 13102
1458 7347 13103
1459 7347 13104
1460 7347 13105
1461 7347 13106
1462 7347 13107
1463 7347 13108
1464 7347 13109
1465 7347 13110
1466 7347 13111
1467 7347 13112
1468 7347 13113
1469 7347 13114
1470 7347 13115
1471 7347 13116
1472 7347 13117
1473 7347 13118
1474 7347 13119
1475 7347 13120
1476 7347 13121
1477 7000 12572
1478 7000 12573
1479 7000 12574
1480 7000 12575
1481 7000 12576
1482 7000 12577
1483 7000 12578
1484 7000 12579
1485 7000 12580
1486 7000 12581
1487 7000 12582
1488 7000 12583
1489 7347 13134
1490 7347 13135
1491 7347 13136
1492 7347 13137
1493 7000 12588
1494 7000 12589
1495 7000 12590
1496 7000 12591
1497 7000 12592
1498 7000 12593
1499 7000 12594
1500 7000 12595
1501 7000 12596
1502 7000 12597
1503 7000 12598
1504 7000 12599
1505 7000 12600
1506 7000 12601
1507 7000 12602
1508 7000 12603
1509 7000 12604
1510 7000 12605
1511 7000 12606
1512 7000 12607
1513 7347 13158
1514 7347 13159
1515 7000 12610
1516 7000 12611
1517 7000 12612
1518 7000 12613
1519 7000 12614
1520 7000 12615
1521 7347 13166
1522 7347 13167
1523 7000 12618
1524 7000 12619
1525 7347 13170
1526 7347 13171
1527 7347 13172
1528 7347 13173
1529 7347 13174
1530 7347 13175
1531 7347 13176
1532 7347 13177
1533 7347 13178
1534 7347 13179
1535 7347 13180
1536 7347 13181
1537 7347 13182
1538 7347 13183
1539 7347 13184
1540 7347 13185
1541 7347 13186
1542 7347 13187
1543 7347 13188
1544 7347 13189
1545 7347 13190
1546 7347 13191
1547 8060 14322
1548 8060 14323
1549 8060 14324
1550 8060 14325
1551 8060 14326
1552 8060 14327
1553 8060 14328
1554 8060 14329
1555 8060 14330
1556 8060 14331
1557 7347 13202
1558 7347 13203
1559 8060 14334
1560 8060 14335
1561 8060 14336
1562 8060 14337
1563 8060 14338
1564 8060 14339
1565 7347 13210
1566 7347 13211
1567 7347 13212
1568 7347 13213
1569 8060 14344
1570 8060 14345
1571 8060 14346
1572 8060 14347
1573 7347 13218
1574 7347 13219
1575 7347 13220
1576 7347 13221
1577 7347 13222
1578 7347 13223
1579 7347 13224
1580 7347 13225
1581 7347 13226
1582 7347 13227
1583 7347 13228
1584 7347 13229
1585 7347 13230
1586 7347 13231
1587 7347 13232
1588 7347 13233
1589 7347 13234
1590 7347 13235
1591 7347 13236
1592 7347 13237
1593 8060 14368
1594 8060 14369
1595 8060 14370
1596 8060 14371
1597 8060 14372
1598 8060 14373
1599 8060 14374
1600 8060 14375
1601 8060 14376
1602 8060 14377
1603 8060 14378
1604 8060 14379
1605 8060 14380
1606 8060 14381
1607 8060 14382
1608 8060 14383
1609 8060 14384
1610 8060 14385
1611 8060 14386
1612 8060 14387
1613 8060 14388
1614 8060 14389
1615 8060 14390
1616 8060 14391
1617 8060 14392
1618 8060 14393
1619 8060 14394
1620 8060 14395
1621 8060 14396
1622 8060 14397
1623 8060 14398
1624 8060 14399
1625 8060 14400
1626 8060 14401
1627 8060 14402
1628 8060 14403
1629 8060 14404
1630 8060 14405
1631 8060 14406
1632 8060 14407
1633 8060 14408
1634 8060 14409
1635 8060 14410
1636 8060 14411
1637 8060 14412
1638 8060 14413
1639 8060 14414
1640 8060 14415
1641 8060 14416
1642 8060 14417
1643 8060 14418
1644 8060 14419
1645 8060 14420
1646 8060 14421
1647 8060 14422
1648 8060 14423
1649 8060 14424
1650 8060 14425
1651 8060 14426
1652 8060 14427
1653 8060 14428
1654 8060 14429
1655 8060 14430
1656 8060 14431
1657 8060 14432
1658 8060 14433
1659 8060 14434
1660 8060 14435
1661 8330 14864
1662 8330 14865
1663 8330 14866
1664 8330 14867
1665 8060 14440
1666 8060 14441
1667 8330 14870
1668 8330 14871
1669 8330 14872
1670 8330 14873
1671 8060 14446
1672 8060 14447
1673 8330 14876
1674 8330 14877
1675 8330 14878
1676 8330 14879
1677 8060 14452
1678 8060 14453
1679 8060 14454
1680 8060 14455
1681 8060 14456
1682 8060 14457
1683 8060 14458
1684 8060 14459
1685 8060 14460
1686 8060 14461
1687 8330 14890
1688 8330 14891
1689 8330 14892
1690 8330 14893
1691 8060 14466
1692 8060 14467
1693 8060 14468
1694 8060 14469
1695 8060 14470
1696 8060 14471
1697 8060 14472
1698 8060 14473
1699 8060 14474
1700 8060 14475
1701 8060 14476
1702 8060 14477
1703 8060 14478
1704 8060 14479
1705 8060 14480
1706 8060 14481
1707 8060 14482
1708 8060 14483
1709 8060 14484
1710 8060 14485
1711 8060 14486
1712 8060 14487
1713 8060 14488
1714 8060 14489
1715 8060 14490
1716 8060 14491
1717 8060 14492
1718 8060 14493
1719 8583 15323
1720 8583 15324
1721 8060 14496
1722 8060 14497
1723 8060 14498
1724 8060 14499
1725 8330 14928
1726 8330 14929
1727 8583 15331
1728 8583 15332
1729 8330 14932
1730 8330 14933
1731 8330 14934
1732 8330 14935
1733 8330 14936
1734 8330 14937
1735 8330 14938
1736 8330 14939
1737 8583 15341
1738 8583 15342
1739 8583 15343
1740 8583 15344
1741 8330 14944
1742 8330 14945
1743 8330 14946
1744 8330 14947
1745 8583 15349
1746 8583 15350
1747 8583 15351
1748 8583 15352
1749 8583 15353
1750 8583 15354
1751 8330 14954
1752 8330 14955
1753 8583 15357
1754 8583 15358
1755 8583 15359
1756 8583 15360
1757 8583 15361
1758 8583 15362
1759 8583 15363
1760 8583 15364
1761 8583 15365
1762 8583 15366
1763 8330 14966
1764 8330 14967
1765 8583 15369
1766 8583 15370
1767 8583 15371
1768 8583 15372
1769 8330 14972
1770 8330 14973
1771 8330 14974
1772 8330 14975
1773 8330 14976
1774 8330 14977
1775 8330 14978
1776 8330 14979
1777 8330 14980
1778 8330 14981
1779 8330 14982
1780 8330 14983
1781 8583 15385
1782 8583 15386
1783 8583 15387
1784 8583 15388
1785 8583 15389
1786 8583 15390
1787 8583 15391
1788 8583 15392
1789 8583 15393
1790 8583 15394
1791 8583 15395
1792 8583 15396
1793 8583 15397
1794 8583 15398
1795 8583 15399
1796 8583 15400
1797 8583 15401
1798 8583 15402
1799 8583 15403
1800 8583 15404
1801 8583 15405
1802 8583 15406
1803 8836 15808
1804 8836 15809
1805 8836 15810
1806 8836 15811
1807 8583 15411
1808 8583 15412
1809 8583 15413
1810 8583 15414
1811 8836 15816
1812 8836 15817
1813 8836 15818
1814 8836 15819
1815 8836 15820
1816 8836 15821
1817 8836 15822
1818 8836 15823
1819 8836 15824
1820 8836 15825
1821 8836 15826
1822 8836 15827
1823 8836 15828
1824 8836 15829
1825 8836 15830
1826 8836 15831
1827 8836 15832
1828 8836 15833
1829 8330 15032
1830 8330 15033
1831 8836 15836
1832 8836 15837
1833 8330 15036
1834 8330 15037
1835 8330 15038
1836 8330 15039
1837 8330 15040
1838 8330 15041
1839 8330 15042
1840 8330 15043
1841 8836 15846
1842 8836 15847
1843 8836 15848
1844 8836 15849
1845 8836 15850
1846 8836 15851
1847 8836 15852
1848 8836 15853
1849 8836 15854
1850 8836 15855
1851 8836 15856
1852 8836 15857
1853 8836 15858
1854 8836 15859
1855 8836 15860
1856 8836 15861
1857 8836 15862
1858 8836 15863
1859 8836 15864
1860 8836 15865
1861 8836 15866
1862 8836 15867
1863 8836 15868
1864 8836 15869
1865 8836 15870
1866 8836 15871
1867 8836 15872
1868 8836 15873
1869 8836 15874
1870 8836 15875
1871 8836 15876
1872 8836 15877
1873 8836 15878
1874 8836 15879
1875 8836 15880
1876 8836 15881
1877 8836 15882
1878 8836 15883
1879 8330 15082
1880 8330 15083
1881 8836 15886
1882 8836 15887
1883 8836 15888
1884 8836 15889
1885 8836 15890
1886 8836 15891
1887 8836 15892
1888 8836 15893
1889 8836 15894
1890 8836 15895
1891 8836 15896
1892 8836 15897
1893 8836 15898
1894 8836 15899
1895 8836 15900
1896 8836 15901
1897 8836 15902
1898 8836 15903
1899 8836 15904
1900 8836 15905
1901 8836 15906
1902 8836 15907
1903 8836 15908
1904 8836 15909
1905 8836 15910
1906 8836 15911
1907 8836 15912
1908 8836 15913
1909 9619 17155
1910 9619 17156
1911 9619 17157
1912 9619 17158
1913 9619 17159
1914 9619 17160
1915 9619 17161
1916 9619 17162
1917 9619 17163
1918 9619 17164
1919 9619 17165
1920 9619 17166
1921 9619 17167
1922 9619 17168
1923 8836 15928
1924 8836 15929
1925 8836 15930
1926 8836 15931
1927 8836 15932
1928 8836 15933
1929 9130 16400
1930 9130 16401
1931 9130 16402
1932 9130 16403
1933 9619 17179
1934 9619 17180
1935 9130 16406
1936 9130 16407
1937 9130 16408
1938 9130 16409
1939 9130 16410
1940 9130 16411
1941 9619 17187
1942 9619 17188
1943 9826 17517
1944 9826 17518
1945 9826 17519
1946 9826 17520
1947 9619 17193
1948 9619 17194
1949 9619 17195
1950 9619 17196
1951 9619 17197
1952 9619 17198
1953 9826 17527
1954 9826 17528
1955 9826 17529
1956 9826 17530
1957 9826 17531
1958 9826 17532
1959 9826 17533
1960 9826 17534
1961 9826 17535
1962 9826 17536
1963 9826 17537
1964 9826 17538
1965 9826 17539
1966 9826 17540
1967 9826 17541
1968 9826 17542
1969 9826 17543
1970 9826 17544
1971 9826 17545
1972 9826 17546
1973 9826 17547
1974 9826 17548
1975 9826 17549
1976 9826 17550
1977 9826 17551
1978 9826 17552
1979 9826 17553
1980 9826 17554
1981 9826 17555
1982 9826 17556
1983 9826 17557
1984 9826 17558
1985 9826 17559
1986 9826 17560
1987 9826 17561
1988 9826 17562
1989 9826 17563
1990 9826 17564
1991 9826 17565
1992 9826 17566
1993 9826 17567
1994 9826 17568
1995 9826 17569
1996 9826 17570
1997 9826 17571
1998 9826 17572
1999 9826 17573
2000 9826 17574
2001 9826 17575
2002 9826 17576
2003 9826 17577
2004 9826 17578
2005 9826 17579
2006 9826 17580
2007 9826 17581
2008 9826 17582
2009 9826 17583
2010 9826 17584
2011 9826 17585
2012 9826 17586
2013 9826 17587
2014 9826 17588
2015 9826 17589
2016 9826 17590
2017 9826 17591
2018 9826 17592
2019 9826 17593
2020 9826 17594
2021 9826 17595
2022 9826 17596
2023 9826 17597
2024 9826 17598
2025 9826 17599
2026 9826 17600
2027 9826 17601
2028 9826 17602
2029 9826 17603
2030 9826 17604
2031 9826 17605
2032 9826 17606
2033 9826 17607
2034 9826 17608
2035 9826 17609
2036 9826 17610
2037 9826 17611
2038 9826 17612
2039 9826 17613
2040 9826 17614
2041 9826 17615
2042 9826 17616
2043 9826 17617
2044 9826 17618
2045 9826 17619
2046 9826 17620
2047 9826 17621
2048 9826 17622
2049 9826 17623
2050 9826 17624
2051 9826 17625
2052 9826 17626
2053 9826 17627
2054 9826 17628
2055 9826 17629
2056 9826 17630
2057 9826 17631
2058 9826 17632
2059 9826 17633
2060 9826 17634
2061 9826 17635
2062 9826 17636
2063 9826 17637
2064 9826 17638
2065 9826 17639
2066 9826 17640
2067 9826 17641
2068 9826 17642
2069 9826 17643
2070 9826 17644
2071 9826 17645
2072 9826 17646
2073 9826 17647
2074 9826 17648
2075 9826 17649
2076 9826 17650
2077 9826 17651
2078 9826 17652
2079 9826 17653
2080 9826 17654
2081 9826 17655
2082 9826 17656
2083 9826 17657
2084 9826 17658
2085 9826 17659
2086 9826 17660
2087 9826 17661
2088 9826 17662
2089 9826 17663
2090 9826 17664
2091 9826 17665
2092 9826 17666
2093 9826 17667
2094 9826 17668
2095 9826 17669
2096 9826 17670
2097 9826 17671
2098 9826 17672
2099 9826 17673
2100 9826 17674
2101 9826 17675
2102 9826 17676
2103 9826 17677
2104 9826 17678
2105 9826 17679
2106 9826 17680
2107 9826 17681
2108 9826 17682
2109 9826 17683
2110 9826 17684
2111 9826 17685
2112 9826 17686
2113 9826 17687
2114 9826 17688
2115 9826 17689
2116 9826 17690
2117 10684 19051
2118 10684 19052
2119 9826 17693
2120 9826 17694
2121 9826 17695
2122 9826 17696
2123 9826 17697
2124 9826 17698
2125 9826 17699
2126 9826 17700
2127 9826 17701
2128 9826 17702
2129 9826 17703
2130 9826 17704
2131 10684 19065
2132 10684 19066
2133 10684 19067
2134 10684 19068
2135 10684 19069
2136 10684 19070
2137 9826 17711
2138 9826 17712
2139 10684 19073
2140 10684 19074
2141 10684 19075
2142 10684 19076
2143 10684 19077
2144 10684 19078
2145 10684 19079
2146 10684 19080
2147 10684 19081
2148 10684 19082
2149 10684 19083
2150 10684 19084
2151 10684 19085
2152 10684 19086
2153 10684 19087
2154 10684 19088
2155 10684 19089
2156 10684 19090
2157 10684 19091
2158 10684 19092
2159 10684 19093
2160 10684 19094
2161 10684 19095
2162 10684 19096
2163 10684 19097
2164 10684 19098
2165 10684 19099
2166 10684 19100
2167 10684 19101
2168 10684 19102
2169 10684 19103
2170 10684 19104
2171 10684 19105
2172 10684 19106
2173 10684 19107
2174 10684 19108
2175 10684 19109
2176 10684 19110
2177 10684 19111
2178 10684 19112
2179 10684 19113
2180 10684 19114
2181 10684 19115
2182 10684 19116
2183 10684 19117
2184 10684 19118
2185 10684 19119
2186 10684 19120
2187 10684 19121
2188 10684 19122
2189 10684 19123
2190 10684 19124
2191 10684 19125
2192 10684 19126
2193 10684 19127
2194 10684 19128
2195 10684 19129
2196 10684 19130
2197 10684 19131
2198 10684 19132
2199 10684 19133
2200 10684 19134
2201 10684 19135
2202 10684 19136
2203 10684 19137
2204 10684 19138
2205 10684 19139
2206 10684 19140
2207 10684 19141
2208 10684 19142
2209 11007 19655
2210 11007 19656
2211 10684 19145
2212 10684 19146
2213 11007 19659
2214 11007 19660
2215 10684 19149
2216 10684 19150
2217 10684 19151
2218 10684 19152
2219 11007 19665
2220 11007 19666
2221 10684 19155
2222 10684 19156
2223 10684 19157
2224 10684 19158
2225 10684 19159
2226 10684 19160
2227 10684 19161
2228 10684 19162
2229 10684 19163
2230 10684 19164
2231 10684 19165
2232 10684 19166
2233 10684 19167
2234 10684 19168
2235 11007 19681
2236 11007 19682
2237 11007 19683
2238 11007 19684
2239 11007 19685
2240 11007 19686
2241 11007 19687
2242 11007 19688
2243 11007 19689
2244 11007 19690
2245 10684 19179
2246 10684 19180
2247 10684 19181
2248 10684 19182
2249 11007 19695
2250 11007 19696
2251 11007 19697
2252 11007 19698
2253 11007 19699
2254 11007 19700
2255 11007 19701
2256 11007 19702
2257 11007 19703
2258 11007 19704
2259 10684 19193
2260 10684 19194
2261 10684 19195
2262 10684 19196
2263 11007 19709
2264 11007 19710
2265 11007 19711
2266 11007 19712
2267 11007 19713
2268 11007 19714
2269 11007 19715
2270 11007 19716
2271 11007 19717
2272 11007 19718
2273 11007 19719
2274 11007 19720
2275 11007 19721
2276 11007 19722
2277 11007 19723
2278 11007 19724
2279 11007 19725
2280 11007 19726
2281 11007 19727
2282 11007 19728
2283 11007 19729
2284 11007 19730
2285 11007 19731
2286 11007 19732
2287 11007 19733
2288 11007 19734
2289 11007 19735
2290 11007 19736
2291 11007 19737
2292 11007 19738
2293 11007 19739
2294 11007 19740
2295 11007 19741
2296 11007 19742
2297 11007 19743
2298 11007 19744
2299 11007 19745
2300 11007 19746
2301 11007 19747
2302 11007 19748
2303 11007 19749
2304 11007 19750
2305 11007 19751
2306 11007 19752
2307 11007 19753
2308 11007 19754
2309 11007 19755
2310 11007 19756
2311 11007 19757
2312 11007 19758
2313 11007 19759
2314 11007 19760
2315 11007 19761
2316 11007 19762
2317 11007 19763
2318 11007 19764
2319 11007 19765
2320 11007 19766
2321 11007 19767
2322 11007 19768
2323 11007 19769
2324 11007 19770
2325 11007 19771
2326 11007 19772
2327 11007 19773
2328 11007 19774
2329 11007 19775
2330 11007 19776
2331 11007 19777
2332 11007 19778
2333 11007 19779
2334 11007 19780
2335 11007 19781
2336 11007 19782
2337 11007 19783
2338 11007 19784
2339 11007 19785
2340 11007 19786
2341 11007 19787
2342 11007 19788
2343 11007 19789
2344 11007 19790
2345 11007 19791
2346 11007 19792
2347 11007 19793
2348 11007 19794
2349 11961 21307
2350 11961 21308
2351 11961 21309
2352 11961 21310
2353 11007 19799
2354 11007 19800
2355 11961 21313
2356 11961 21314
2357 11007 19803
2358 11007 19804
2359 11007 19805
2360 11007 19806
2361 11961 21319
2362 11961 21320
2363 11961 21321
2364 11961 21322
2365 11961 21323
2366 11961 21324
2367 11961 21325
2368 11961 21326
2369 11007 19815
2370 11007 19816
2371 11007 19817
2372 11007 19818
2373 11961 21331
2374 11961 21332
2375 11961 21333
2376 11961 21334
2377 11007 19823
2378 11007 19824
2379 11007 19825
2380 11007 19826
2381 11007 19827
2382 11007 19828
2383 11007 19829
2384 11007 19830
2385 11007 19831
2386 11007 19832
2387 11007 19833
2388 11007 19834
2389 11007 19835
2390 11007 19836
2391 11007 19837
2392 11007 19838
2393 11007 19839
2394 11007 19840
2395 11007 19841
2396 11007 19842
2397 11007 19843
2398 11007 19844
2399 11007 19845
2400 11007 19846
2401 11007 19847
2402 11007 19848
2403 11007 19849
2404 11007 19850
2405 11007 19851
2406 11007 19852
2407 11007 19853
2408 11007 19854
2409 11007 19855
2410 11007 19856
2411 11007 19857
2412 11007 19858
2413 11007 19859
2414 11007 19860
2415 11007 19861
2416 11007 19862
2417 11007 19863
2418 11007 19864
2419 11007 19865
2420 11007 19866
2421 11007 19867
2422 11007 19868
2423 11007 19869
2424 11007 19870
2425 11007 19871
2426 11007 19872
2427 11007 19873
2428 11007 19874
2429 11961 21387
2430 11961 21388
2431 11007 19877
2432 11007 19878
2433 11007 19879
2434 11007 19880
2435 11007 19881
2436 11007 19882
2437 11961 21395
2438 11961 21396
2439 11961 21397
2440 11961 21398
2441 11961 21399
2442 11961 21400
2443 11961 21401
2444 11961 21402
2445 11007 19891
2446 11007 19892
2447 11007 19893
2448 11007 19894
2449 11961 21407
2450 11961 21408
2451 11007 19897
2452 11007 19898
2453 11007 19899
2454 11007 19900
2455 11007 19901
2456 11007 19902
2457 11007 19903
2458 11007 19904
2459 11007 19905
2460 11007 19906
2461 11007 19907
2462 11007 19908
2463 11007 19909
2464 11007 19910
2465 11007 19911
2466 11007 19912
2467 11007 19913
2468 11007 19914
2469 11007 19915
2470 11007 19916
2471 11007 19917
2472 11007 19918
2473 11961 21431
2474 11961 21432
2475 11961 21433
2476 11961 21434
2477 11961 21435
2478 11961 21436
2479 11961 21437
2480 11961 21438
2481 11961 21439
2482 11961 21440
2483 11961 21441
2484 11961 21442
2485 11961 21443
2486 11961 21444
2487 11961 21445
2488 11961 21446
2489 11961 21447
2490 11961 21448
2491 11961 21449
2492 11961 21450
2493 11961 21451
2494 11961 21452
2495 11961 21453
2496 11961 21454
2497 11961 21455
2498 11961 21456
2499 11961 21457
2500 11961 21458
2501 11961 21459
2502 11961 21460
2503 11961 21461
2504 11961 21462
2505 11961 21463
2506 11961 21464
2507 11961 21465
2508 11961 21466
2509 11961 21467
2510 11961 21468
2511 11961 21469
2512 11961 21470
2513 11961 21471
2514 11961 21472
2515 11961 21473
2516 11961 21474
2517 11961 21475
2518 11961 21476
2519 11961 21477
2520 11961 21478
2521 11961 21479
2522 11961 21480
2523 11961 21481
2524 11961 21482
2525 11961 21483
2526 11961 21484
2527 11961 21485
2528 11961 21486
2529 11961 21487
2530 11961 21488
2531 11961 21489
2532 11961 21490
2533 11961 21491
2534 11961 21492
2535 11961 21493
2536 11961 21494
2537 11961 21495
2538 11961 21496
2539 11961 21497
2540 11961 21498
2541 11961 21499
2542 11961 21500
2543 11961 21501
2544 11961 21502
2545 12445 22270
2546 12445 22271
2547 12445 22272
2548 12445 22273
2549 11961 21507
2550 11961 21508
2551 12445 22276
2552 12445 22277
2553 12445 22278
2554 12445 22279
2555 12445 22280
2556 12445 22281
2557 12445 22282
2558 12445 22283
2559 12445 22284
2560 12445 22285
2561 12445 22286
2562 12445 22287
2563 12445 22288
2564 12445 22289
2565 12445 22290
2566 12445 22291
2567 12445 22292
2568 12445 22293
2569 12445 22294
2570 12445 22295
2571 12445 22296
2572 12445 22297
2573 12445 22298
2574 12445 22299
2575 12445 22300
2576 12445 22301
2577 12445 22302
2578 12445 22303
2579 12445 22304
2580 12445 22305
2581 12445 22306
2582 12445 22307
2583 12445 22308
2584 12445 22309
2585 11961 21543
2586 11961 21544
2587 11961 21545
2588 11961 21546
2589 11961 21547
2590 11961 21548
2591 11961 21549
2592 11961 21550
2593 12426 22288
2594 12426 22289
2595 12426 22290
2596 12426 22291
2597 12445 22322
2598 12445 22323
2599 12445 22324
2600 12445 22325
2601 12426 22296
2602 12426 22297
2603 12426 22298
2604 12426 22299
2605 12426 22300
2606 12426 22301
2607 12426 22302
2608 12426 22303
2609 12426 22304
2610 12426 22305
2611 12426 22306
2612 12426 22307
2613 12426 22308
2614 12426 22309
2615 12426 22310
2616 12426 22311
2617 12426 22312
2618 12426 22313
2619 12426 22314
2620 12426 22315
2621 12426 22316
2622 12426 22317
2623 12426 22318
2624 12426 22319
2625 12426 22320
2626 12426 22321
2627 12426 22322
2628 12426 22323
2629 12426 22324
2630 12426 22325
2631 12426 22326
2632 12426 22327
2633 12426 22328
2634 12426 22329
2635 12426 22330
2636 12426 22331
2637 12426 22332
2638 12426 22333
2639 12426 22334
2640 12426 22335
2641 12426 22336
2642 12426 22337
2643 12426 22338
2644 12426 22339
2645 12426 22340
2646 12426 22341
2647 12426 22342
2648 12426 22343
2649 12426 22344
2650 12426 22345
2651 12426 22346
2652 12426 22347
2653 12426 22348
2654 12426 22349
2655 12426 22350
2656 12426 22351
2657 12426 22352
2658 12426 22353
2659 13756 24462
2660 13756 24463
2661 12426 22356
2662 12426 22357
2663 12426 22358
2664 12426 22359
2665 12426 22360
2666 12426 22361
2667 12426 22362
2668 12426 22363
2669 13756 24472
2670 13756 24473
2671 13756 24474
2672 13756 24475
2673 13756 24476
2674 13756 24477
2675 13756 24478
2676 13756 24479
2677 12426 22372
2678 12426 22373
2679 12426 22374
2680 12426 22375
2681 13756 24484
2682 13756 24485
2683 13756 24486
2684 13756 24487
2685 13756 24488
2686 13756 24489
2687 13756 24490
2688 13756 24491
2689 12426 22384
2690 12426 22385
2691 12426 22386
2692 12426 22387
2693 12426 22388
2694 12426 22389
2695 12426 22390
2696 12426 22391
2697 13756 24500
2698 13756 24501
2699 12426 22394
2700 12426 22395
2701 12426 22396
2702 12426 22397
2703 12426 22398
2704 12426 22399
2705 12426 22400
2706 12426 22401
2707 12426 22402
2708 12426 22403
2709 12426 22404
2710 12426 22405
2711 12426 22406
2712 12426 22407
2713 12426 22408
2714 12426 22409
2715 12426 22410
2716 12426 22411
2717 12426 22412
2718 12426 22413
2719 12426 22414
2720 12426 22415
2721 12426 22416
2722 12426 22417
2723 12426 22418
2724 12426 22419
2725 12729 22900
2726 12729 22901
2727 12729 22902
2728 12729 22903
2729 12729 22904
2730 12729 22905
2731 12729 22906
2732 12729 22907
2733 12729 22908
2734 12729 22909
2735 12729 22910
2736 12729 22911
2737 12426 22432
2738 12426 22433
2739 12426 22434
2740 12426 22435
2741 12729 22916
2742 12729 22917
2743 12729 22918
2744 12729 22919
2745 12729 22920
2746 12729 22921
2747 12729 22922
2748 12729 22923
2749 13756 24552
2750 13756 24553
2751 12729 22926
2752 12729 22927
2753 12729 22928
2754 12729 22929
2755 12729 22930
2756 12729 22931
2757 12729 22932
2758 12729 22933
2759 12729 22934
2760 12729 22935
2761 13756 24564
2762 13756 24565
2763 13756 24566
2764 13756 24567
2765 12729 22940
2766 12729 22941
2767 12729 22942
2768 12729 22943
2769 13756 24572
2770 13756 24573
2771 13756 24574
2772 13756 24575
2773 13756 24576
2774 13756 24577
2775 13756 24578
2776 13756 24579
2777 13756 24580
2778 13756 24581
2779 13756 24582
2780 13756 24583
2781 13657 24427
2782 13657 24428
2783 13657 24429
2784 13657 24430
2785 13756 24588
2786 13756 24589
2787 13756 24590
2788 13756 24591
2789 13756 24592
2790 13756 24593
2791 13756 24594
2792 13756 24595
2793 13756 24596
2794 13756 24597
2795 13756 24598
2796 13756 24599
2797 13657 24443
2798 13657 24444
2799 13756 24602
2800 13756 24603
2801 13657 24447
2802 13657 24448
2803 13756 24606
2804 13756 24607
2805 13756 24608
2806 13756 24609
2807 13756 24610
2808 13756 24611
2809 13756 24612
2810 13756 24613
2811 13756 24614
2812 13756 24615
2813 13756 24616
2814 13756 24617
2815 13756 24618
2816 13756 24619
2817 13756 24620
2818 13756 24621
2819 13756 24622
2820 13756 24623
2821 13657 24467
2822 13657 24468
2823 13657 24469
2824 13657 24470
2825 13657 24471
2826 13657 24472
2827 13657 24473
2828 13657 24474
2829 13657 24475
2830 13657 24476
2831 13657 24477
2832 13657 24478
2833 13756 24636
2834 13756 24637
2835 13756 24638
2836 13756 24639
2837 13657 24483
2838 13657 24484
2839 13756 24642
2840 13756 24643
2841 13756 24644
2842 13756 24645
2843 13756 24646
2844 13756 24647
2845 13756 24648
2846 13756 24649
2847 13756 24650
2848 13756 24651
2849 13756 24652
2850 13756 24653
2851 13756 24654
2852 13756 24655
2853 13756 24656
2854 13756 24657
2855 13756 24658
2856 13756 24659
2857 13756 24660
2858 13756 24661
2859 13756 24662
2860 13756 24663
2861 13756 24664
2862 13756 24665
2863 13756 24666
2864 13756 24667
2865 13756 24668
2866 13756 24669
2867 13756 24670
2868 13756 24671
2869 13756 24672
2870 13756 24673
2871 14103 25224
2872 14103 25225
2873 13756 24676
2874 13756 24677
2875 14103 25228
2876 14103 25229
2877 14103 25230
2878 14103 25231
2879 14103 25232
2880 14103 25233
2881 13657 24527
2882 13657 24528
2883 13657 24529
2884 13657 24530
2885 13657 24531
2886 13657 24532
2887 13657 24533
2888 13657 24534
2889 13657 24535
2890 13657 24536
2891 14103 25244
2892 14103 25245
2893 14103 25246
2894 14103 25247
2895 14103 25248
2896 14103 25249
2897 13657 24543
2898 13657 24544
2899 14103 25252
2900 14103 25253
2901 14103 25254
2902 14103 25255
2903 14103 25256
2904 14103 25257
2905 14103 25258
2906 14103 25259
2907 14103 25260
2908 14103 25261
2909 13657 24555
2910 13657 24556
2911 13657 24557
2912 13657 24558
2913 14103 25266
2914 14103 25267
2915 13657 24561
2916 13657 24562
2917 13657 24563
2918 13657 24564
2919 13657 24565
2920 13657 24566
2921 14103 25274
2922 14103 25275
2923 13657 24569
2924 13657 24570
2925 13657 24571
2926 13657 24572
2927 13657 24573
2928 13657 24574
2929 13657 24575
2930 13657 24576
2931 13657 24577
2932 13657 24578
2933 14103 25286
2934 14103 25287
2935 14103 25288
2936 14103 25289
2937 14103 25290
2938 14103 25291
2939 14103 25292
2940 14103 25293
2941 14103 25294
2942 14103 25295
2943 14103 25296
2944 14103 25297
2945 14103 25298
2946 14103 25299
2947 14103 25300
2948 14103 25301
2949 14103 25302
2950 14103 25303
2951 14103 25304
2952 14103 25305
2953 14103 25306
2954 14103 25307
2955 14103 25308
2956 14103 25309
2957 14103 25310
2958 14103 25311
2959 14103 25312
2960 14103 25313
2961 14103 25314
2962 14103 25315
2963 14103 25316
2964 14103 25317
2965 14103 25318
2966 14103 25319
2967 14103 25320
2968 14103 25321
2969 14103 25322
2970 14103 25323
2971 15563 27638
2972 15563 27639
2973 15563 27640
2974 15563 27641
2975 15563 27642
2976 15563 27643
2977 14103 25330
2978 14103 25331
2979 15563 27646
2980 15563 27647
2981 15563 27648
2982 15563 27649
2983 15563 27650
2984 15563 27651
2985 15563 27652
2986 15563 27653
2987 15563 27654
2988 15563 27655
2989 15563 27656
2990 15563 27657
2991 15563 27658
2992 15563 27659
2993 15563 27660
2994 15563 27661
2995 15563 27662
2996 15563 27663
2997 15563 27664
2998 15563 27665
2999 15563 27666
3000 15563 27667
3001 15563 27668
3002 15563 27669
3003 15563 27670
3004 15563 27671
3005 15563 27672
3006 15563 27673
3007 15563 27674
3008 15563 27675
3009 15563 27676
3010 15563 27677
3011 15563 27678
3012 15563 27679
3013 15563 27680
3014 15563 27681
3015 15563 27682
3016 15563 27683
3017 15563 27684
3018 15563 27685
3019 15563 27686
3020 15563 27687
3021 15563 27688
3022 15563 27689
3023 15563 27690
3024 15563 27691
3025 15563 27692
3026 15563 27693
3027 15563 27694
3028 15563 27695
3029 15563 27696
3030 15563 27697
3031 15563 27698
3032 15563 27699
3033 15563 27700
3034 15563 27701
3035 15563 27702
3036 15563 27703
3037 15563 27704
3038 15563 27705
3039 15563 27706
3040 15563 27707
3041 15563 27708
3042 15563 27709
3043 15563 27710
3044 15563 27711
3045 15563 27712
3046 15563 27713
3047 15563 27714
3048 15563 27715
3049 15563 27716
3050 15563 27717
3051 15563 27718
3052 15563 27719
3053 15563 27720
3054 15563 27721
3055 15563 27722
3056 15563 27723
3057 15563 27724
3058 15563 27725
3059 15563 27726
3060 15563 27727
3061 15563 27728
3062 15563 27729
3063 15563 27730
3064 15563 27731
3065 15563 27732
3066 15563 27733
3067 15563 27734
3068 15563 27735
3069 15563 27736
3070 15563 27737
3071 15563 27738
3072 15563 27739
3073 15563 27740
3074 15563 27741
3075 15563 27742
3076 15563 27743
3077 15563 27744
3078 15563 27745
3079 15563 27746
3080 15563 27747
3081 15563 27748
3082 15563 27749
3083 15563 27750
3084 15563 27751
3085 15563 27752
3086 15563 27753
3087 15563 27754
3088 15563 27755
3089 15563 27756
3090 15563 27757
3091 15563 27758
3092 15563 27759
3093 15563 27760
3094 15563 27761
3095 15563 27762
3096 15563 27763
3097 15563 27764
3098 15563 27765
3099 15563 27766
3100 15563 27767
3101 15563 27768
3102 15563 27769
3103 15563 27770
3104 15563 27771
3105 15563 27772
3106 15563 27773
3107 15563 27774
3108 15563 27775
3109 15563 27776
3110 15563 27777
3111 15563 27778
3112 15563 27779
3113 15563 27780
3114 15563 27781
3115 15563 27782
3116 15563 27783
3117 15563 27784
3118 15563 27785
3119 15563 27786
3120 15563 27787
3121 15563 27788
3122 15563 27789
3123 15563 27790
3124 15563 27791
3125 15563 27792
3126 15563 27793
3127 15563 27794
3128 15563 27795
3129 15563 27796
3130 15563 27797
3131 15563 27798
3132 15563 27799
3133 15563 27800
3134 15563 27801
3135 15563 27802
3136 15563 27803
3137 15563 27804
3138 15563 27805
3139 15563 27806
3140 15563 27807
3141 15563 27808
3142 15563 27809
3143 15563 27810
3144 15563 27811
3145 15563 27812
3146 15563 27813
3147 15563 27814
3148 15563 27815
3149 15563 27816
3150 15563 27817
3151 15563 27818
3152 15563 27819
3153 15563 27820
3154 15563 27821
3155 15563 27822
3156 15563 27823
3157 15563 27824
3158 15563 27825
3159 15563 27826
3160 15563 27827
3161 15563 27828
3162 15563 27829
3163 15575 27849
3164 15575 27850
3165 15563 27832
3166 15563 27833
3167 15563 27834
3168 15563 27835
3169 15563 27836
3170 15563 27837
3171 15563 27838
3172 15563 27839
3173 15563 27840
3174 15563 27841
3175 15563 27842
3176 15563 27843
3177 15575 27863
3178 15575 27864
3179 15575 27865
3180 15575 27866
3181 15575 27867
3182 15575 27868
3183 15575 27869
3184 15575 27870
3185 15575 27871
3186 15575 27872
3187 15575 27873
3188 15575 27874
3189 15575 27875
3190 15575 27876
3191 15575 27877
3192 15575 27878
3193 15575 27879
3194 15575 27880
3195 15575 27881
3196 15575 27882
3197 15575 27883
3198 15575 27884
3199 15575 27885
3200 15575 27886
3201 15575 27887
3202 15575 27888
3203 15575 27889
3204 15575 27890
3205 15575 27891
3206 15575 27892
3207 15575 27893
3208 15575 27894
3209 15575 27895
3210 15575 27896
3211 15575 27897
3212 15575 27898
3213 15575 27899
3214 15575 27900
3215 15575 27901
3216 15575 27902
3217 15575 27903
3218 15575 27904
3219 15575 27905
3220 15575 27906
3221 15575 27907
3222 15575 27908
3223 15575 27909
3224 15575 27910
3225 15575 27911
3226 15575 27912
3227 15575 27913
3228 15575 27914
3229 15575 27915
3230 15575 27916
3231 15575 27917
3232 15575 27918
3233 15575 27919
3234 15575 27920
3235 15575 27921
3236 15575 27922
3237 15575 27923
3238 15575 27924
3239 15575 27925
3240 15575 27926
3241 15575 27927
3242 15575 27928
3243 16240 28983
3244 16240 28984
3245 16240 28985
3246 16240 28986
3247 16240 28987
3248 16240 28988
3249 16240 28989
3250 16240 28990
3251 16240 28991
3252 16240 28992
3253 16240 28993
3254 16240 28994
3255 16240 28995
3256 16240 28996
3257 16240 28997
3258 16240 28998
3259 16240 28999
3260 16240 29000
3261 16240 29001
3262 16240 29002
3263 16240 29003
3264 16240 29004
3265 16240 29005
3266 16240 29006
3267 16240 29007
3268 16240 29008
3269 16240 29009
3270 16240 29010
3271 16240 29011
3272 16240 29012
3273 16240 29013
3274 16240 29014
3275 16240 29015
3276 16240 29016
3277 16240 29017
3278 16240 29018
3279 16240 29019
3280 16240 29020
3281 16240 29021
3282 16240 29022
3283 16240 29023
3284 16240 29024
3285 16240 29025
3286 16240 29026
3287 16240 29027
3288 16240 29028
3289 16240 29029
3290 16240 29030
3291 16240 29031
3292 16240 29032
3293 16240 29033
3294 16240 29034
3295 16240 29035
3296 16240 29036
3297 16240 29037
3298 16240 29038
3299 16240 29039
3300 16240 29040
3301 16240 29041
3302 16240 29042
3303 16240 29043
3304 16240 29044
3305 16240 29045
3306 16240 29046
3307 16240 29047
3308 16240 29048
3309 16240 29049
3310 16240 29050
3311 16240 29051
3312 16240 29052
3313 16240 29053
3314 16240 29054
3315 16240 29055
3316 16240 29056
3317 16240 29057
3318 16240 29058
3319 16240 29059
3320 16240 29060
3321 16240 29061
3322 16240 29062
3323 16240 29063
3324 16240 29064
3325 16240 29065
3326 16240 29066
3327 16240 29067
3328 16240 29068
3329 16240 29069
3330 16240 29070
3331 16240 29071
3332 16240 29072
3333 16240 29073
3334 16240 29074
3335 16240 29075
3336 16240 29076
3337 16240 29077
3338 16240 29078
3339 16240 29079
3340 16240 29080
3341 16240 29081
3342 16240 29082
3343 16240 29083
3344 16240 29084
3345 16240 29085
3346 16240 29086
3347 16240 29087
3348 16240 29088
3349 16240 29089
3350 16240 29090
3351 16240 29091
3352 16240 29092
3353 16240 29093
3354 16240 29094
3355 16240 29095
3356 16240 29096
3357 16240 29097
3358 16240 29098
3359 16240 29099
3360 16240 29100
3361 16240 29101
3362 16240 29102
3363 16240 29103
3364 16240 29104
3365 16240 29105
3366 16240 29106
3367 16240 29107
3368 16240 29108
3369 16240 29109
3370 16240 29110
3371 16240 29111
3372 16240 29112
3373 16240 29113
3374 16240 29114
3375 16240 29115
3376 16240 29116
3377 16240 29117
3378 16240 29118
3379 16240 29119
3380 16240 29120
3381 16240 29121
3382 16240 29122
3383 16240 29123
3384 16240 29124
3385 16240 29125
3386 16240 29126
3387 16240 29127
3388 16240 29128
3389 16240 29129
3390 16240 29130
3391 16240 29131
3392 16240 29132
3393 16240 29133
3394 16240 29134
3395 16240 29135
3396 16240 29136
3397 16240 29137
3398 16240 29138
3399 16240 29139
3400 16240 29140
3401 16240 29141
3402 16240 29142
3403 16240 29143
3404 16240 29144
3405 16240 29145
3406 16240 29146
3407 16240 29147
3408 16240 29148
3409 16240 29149
3410 16240 29150
3411 16240 29151
3412 16240 29152
3413 16240 29153
3414 16240 29154
3415 16240 29155
3416 16240 29156
3417 16240 29157
3418 16240 29158
3419 16240 29159
3420 16240 29160
3421 16240 29161
3422 16240 29162
3423 16240 29163
3424 16240 29164
3425 16240 29165
3426 16240 29166
3427 16240 29167
3428 16240 29168
3429 16240 29169
3430 16240 29170
3431 16240 29171
3432 16240 29172
3433 16240 29173
3434 16240 29174
3435 16240 29175
3436 16240 29176
3437 16240 29177
3438 16240 29178
3439 16240 29179
3440 16240 29180
3441 16240 29181
3442 16240 29182
3443 16240 29183
3444 16240 29184
3445 16240 29185
3446 16240 29186
3447 16240 29187
3448 16240 29188
3449 16240 29189
3450 16240 29190
3451 16240 29191
3452 16240 29192
3453 16240 29193
3454 16240 29194
3455 16240 29195
3456 16240 29196
3457 16240 29197
3458 16240 29198
3459 16240 29199
3460 16240 29200
3461 16240 29201
3462 16240 29202
3463 16240 29203
3464 16240 29204
3465 16240 29205
3466 16240 29206
3467 16240 29207
3468 16240 29208
3469 16240 29209
3470 16240 29210
3471 16240 29211
3472 16240 29212
3473 16240 29213
3474 16240 29214
3475 16240 29215
3476 16240 29216
3477 16240 29217
3478 16240 29218
3479 16240 29219
3480 16240 29220
3481 16240 29221
3482 16240 29222
3483 16240 29223
3484 16240 29224
3485 16240 29225
3486 16240 29226
3487 16240 29227
3488 16240 29228
3489 16240 29229
3490 16240 29230
3491 16240 29231
3492 16240 29232
3493 16240 29233
3494 16240 29234
3495 16240 29235
3496 16240 29236
3497 16240 29237
3498 16240 29238
3499 16240 29239
3500 16240 29240
3501 16240 29241
3502 16240 29242
3503 16240 29243
3504 16240 29244
3505 16240 29245
3506 16240 29246
3507 16240 29247
3508 16240 29248
3509 16240 29249
3510 16240 29250
3511 16240 29251
3512 16240 29252
3513 16240 29253
3514 16240 29254
3515 16240 29255
3516 16240 29256
3517 16240 29257
3518 16240 29258
3519 16240 29259
3520 16240 29260
3521 16240 29261
3522 16240 29262
3523 16240 29263
3524 16240 29264
3525 17035 30525
3526 17035 30526
3527 17035 30527
3528 17035 30528
3529 17035 30529
3530 17035 30530
3531 17035 30531
3532 17035 30532
3533 17035 30533
3534 17035 30534
3535 17035 30535
3536 17035 30536
3537 17035 30537
3538 17035 30538
3539 16240 29279
3540 16240 29280
3541 16240 29281
3542 16240 29282
3543 17151 30727
3544 17151 30728
3545 17035 30545
3546 17035 30546
3547 17035 30547
3548 17035 30548
3549 17151 30733
3550 17151 30734
3551 17151 30735
3552 17151 30736
3553 17035 30553
3554 17035 30554
3555 17035 30555
3556 17035 30556
3557 17035 30557
3558 17035 30558
3559 17151 30743
3560 17151 30744
3561 17035 30561
3562 17035 30562
3563 17035 30563
3564 17035 30564
3565 17035 30565
3566 17035 30566
3567 17035 30567
3568 17035 30568
3569 17151 30753
3570 17151 30754
3571 17151 30755
3572 17151 30756
3573 17151 30757
3574 17151 30758
3575 17151 30759
3576 17151 30760
3577 17151 30761
3578 17151 30762
3579 17151 30763
3580 17151 30764
3581 17151 30765
3582 17151 30766
3583 17151 30767
3584 17151 30768
3585 17151 30769
3586 17151 30770
3587 17151 30771
3588 17151 30772
3589 17151 30773
3590 17151 30774
3591 17151 30775
3592 17151 30776
3593 17151 30777
3594 17151 30778
3595 17151 30779
3596 17151 30780
3597 17151 30781
3598 17151 30782
3599 17151 30783
3600 17151 30784
3601 17151 30785
3602 17151 30786
3603 17151 30787
3604 17151 30788
3605 17151 30789
3606 17151 30790
3607 17151 30791
3608 17151 30792
3609 17151 30793
3610 17151 30794
3611 17151 30795
3612 17151 30796
3613 17151 30797
3614 17151 30798
3615 17151 30799
3616 17151 30800
3617 17151 30801
3618 17151 30802
3619 17151 30803
3620 17151 30804
3621 17151 30805
3622 17151 30806
3623 17151 30807
3624 17151 30808
3625 17151 30809
3626 17151 30810
3627 17151 30811
3628 17151 30812
3629 17151 30813
3630 17151 30814
3631 17151 30815
3632 17151 30816
3633 17151 30817
3634 17151 30818
3635 17151 30819
3636 17151 30820
3637 17151 30821
3638 17151 30822
3639 17151 30823
3640 17151 30824
3641 17151 30825
3642 17151 30826
3643 17151 30827
3644 17151 30828
3645 17151 30829
3646 17151 30830
3647 17151 30831
3648 17151 30832
3649 17151 30833
3650 17151 30834
3651 17151 30835
3652 17151 30836
3653 17151 30837
3654 17151 30838
3655 17151 30839
3656 17151 30840
3657 17151 30841
3658 17151 30842
3659 17151 30843
3660 17151 30844
3661 17151 30845
3662 17151 30846
3663 17151 30847
3664 17151 30848
3665 18199 32510
3666 18199 32511
3667 18199 32512
3668 18199 32513
3669 18199 32514
3670 18199 32515
3671 18199 32516
3672 18199 32517
3673 17151 30857
3674 17151 30858
3675 18199 32520
3676 18199 32521
3677 17151 30861
3678 17151 30862
3679 17151 30863
3680 17151 30864
3681 17151 30865
3682 17151 30866
3683 17151 30867
3684 17151 30868
3685 17151 30869
3686 17151 30870
3687 17151 30871
3688 17151 30872
3689 17151 30873
3690 17151 30874
3691 17151 30875
3692 17151 30876
3693 18199 32538
3694 18199 32539
3695 18199 32540
3696 18199 32541
3697 18199 32542
3698 18199 32543
3699 18199 32544
3700 18199 32545
3701 18199 32546
3702 18199 32547
3703 18199 32548
3704 18199 32549
3705 18199 32550
3706 18199 32551
3707 18199 32552
3708 18199 32553
3709 18199 32554
3710 18199 32555
3711 18199 32556
3712 18199 32557
3713 18199 32558
3714 18199 32559
3715 18199 32560
3716 18199 32561
3717 18199 32562
3718 18199 32563
3719 18199 32564
3720 18199 32565
3721 18199 32566
3722 18199 32567
3723 18199 32568
3724 18199 32569
3725 18199 32570
3726 18199 32571
3727 18199 32572
3728 18199 32573
3729 18199 32574
3730 18199 32575
3731 18199 32576
3732 18199 32577
3733 18199 32578
3734 18199 32579
3735 18199 32580
3736 18199 32581
3737 18199 32582
3738 18199 32583
3739 18199 32584
3740 18199 32585
3741 18199 32586
3742 18199 32587
3743 18199 32588
3744 18199 32589
3745 18199 32590
3746 18199 32591
3747 18199 32592
3748 18199 32593
3749 18199 32594
3750 18199 32595
3751 18199 32596
3752 18199 32597
3753 18199 32598
3754 18199 32599
3755 18199 32600
3756 18199 32601
3757 18199 32602
3758 18199 32603
3759 18199 32604
3760 18199 32605
3761 18199 32606
3762 18199 32607
3763 18199 32608
3764 18199 32609
3765 18199 32610
3766 18199 32611
3767 18199 32612
3768 18199 32613
3769 18199 32614
3770 18199 32615
3771 18199 32616
3772 18199 32617
3773 18199 32618
3774 18199 32619
3775 18199 32620
3776 18199 32621
3777 18199 32622
3778 18199 32623
3779 18199 32624
3780 18199 32625
3781 18199 32626
3782 18199 32627
3783 18199 32628
3784 18199 32629
3785 18199 32630
3786 18199 32631
3787 18199 32632
3788 18199 32633
3789 18199 32634
3790 18199 32635
3791 18199 32636
3792 18199 32637
3793 18199 32638
3794 18199 32639
3795 18199 32640
3796 18199 32641
3797 18199 32642
3798 18199 32643
3799 18199 32644
3800 18199 32645
3801 18199 32646
3802 18199 32647
3803 18199 32648
3804 18199 32649
3805 18953 33845
3806 18953 33846
3807 18953 33847
3808 18953 33848
3809 18199 32654
3810 18199 32655
3811 18199 32656
3812 18199 32657
3813 18199 32658
3814 18199 32659
3815 18199 32660
3816 18199 32661
3817 18953 33857
3818 18953 33858
3819 18953 33859
3820 18953 33860
3821 18953 33861
3822 18953 33862
3823 18953 33863
3824 18953 33864
3825 18953 33865
3826 18953 33866
3827 18953 33867
3828 18953 33868
3829 18953 33869
3830 18953 33870
3831 18953 33871
3832 18953 33872
3833 18953 33873
3834 18953 33874
3835 18953 33875
3836 18953 33876
3837 18953 33877
3838 18953 33878
3839 18953 33879
3840 18953 33880
3841 18953 33881
3842 18953 33882
3843 18953 33883
3844 18953 33884
3845 18953 33885
3846 18953 33886
3847 18953 33887
3848 18953 33888
3849 18953 33889
3850 18953 33890
3851 18953 33891
3852 18953 33892
3853 18953 33893
3854 18953 33894
3855 18953 33895
3856 18953 33896
3857 18953 33897
3858 18953 33898
3859 18953 33899
3860 18953 33900
3861 19365 34554
3862 19365 34555
3863 18953 33903
3864 18953 33904
3865 19365 34558
3866 19365 34559
3867 19365 34560
3868 19365 34561
3869 19365 34562
3870 19365 34563
3871 19365 34564
3872 19365 34565
3873 19365 34566
3874 19365 34567
3875 19365 34568
3876 19365 34569
3877 19365 34570
3878 19365 34571
3879 19365 34572
3880 19365 34573
3881 19794 35254
3882 19794 35255
3883 19794 35256
3884 19794 35257
3885 19794 35258
3886 19794 35259
3887 19794 35260
3888 19794 35261
3889 19794 35262
3890 19794 35263
3891 19365 34584
3892 19365 34585
3893 19365 34586
3894 19365 34587
3895 19365 34588
3896 19365 34589
3897 19365 34590
3898 19365 34591
3899 19365 34592
3900 19365 34593
3901 19365 34594
3902 19365 34595
3903 19794 35276
3904 19794 35277
3905 19365 34598
3906 19365 34599
3907 19365 34600
3908 19365 34601
3909 19365 34602
3910 19365 34603
3911 19365 34604
3912 19365 34605
3913 19365 34606
3914 19365 34607
3915 19365 34608
3916 19365 34609
3917 19365 34610
3918 19365 34611
3919 19365 34612
3920 19365 34613
3921 19365 34614
3922 19365 34615
3923 19365 34616
3924 19365 34617
3925 19365 34618
3926 19365 34619
3927 19365 34620
3928 19365 34621
3929 19365 34622
3930 19365 34623
3931 19365 34624
3932 19365 34625
3933 19365 34626
3934 19365 34627
3935 19365 34628
3936 19365 34629
3937 19365 34630
3938 19365 34631
3939 19794 35312
3940 19794 35313
3941 19794 35314
3942 19794 35315
3943 19794 35316
3944 19794 35317
3945 19794 35318
3946 19794 35319
3947 19794 35320
3948 19794 35321
3949 19794 35322
3950 19794 35323
3951 19794 35324
3952 19794 35325
3953 19794 35326
3954 19794 35327
3955 19794 35328
3956 19794 35329
3957 19794 35330
3958 19794 35331
3959 19794 35332
3960 19794 35333
3961 19794 35334
3962 19794 35335
3963 19794 35336
3964 19794 35337
3965 19794 35338
3966 19794 35339
3967 19794 35340
3968 19794 35341
3969 19794 35342
3970 19794 35343
3971 19794 35344
3972 19794 35345
3973 19794 35346
3974 19794 35347
3975 19794 35348
3976 19794 35349
3977 19794 35350
3978 19794 35351
3979 19794 35352
3980 19794 35353
3981 19794 35354
3982 19794 35355
3983 19794 35356
3984 19794 35357
3985 19794 35358
3986 19794 35359
3987 19794 35360
3988 19794 35361
3989 19794 35362
3990 19794 35363
3991 19794 35364
3992 19794 35365
3993 19794 35366
3994 19794 35367
3995 19794 35368
3996 19794 35369
3997 19794 35370
3998 19794 35371
3999 19794 35372
4000 19794 35373
4001 19794 35374
4002 19794 35375
4003 19794 35376
4004 19794 35377
4005 19794 35378
4006 19794 35379
4007 19794 35380
4008 19794 35381
4009 19794 35382
4010 19794 35383
4011 19794 35384
4012 19794 35385
4013 19794 35386
4014 19794 35387
4015 19794 35388
4016 19794 35389
4017 19794 35390
4018 19794 35391
4019 19794 35392
4020 19794 35393
4021 19794 35394
4022 19794 35395
4023 19794 35396
4024 19794 35397
4025 19794 35398
4026 19794 35399
4027 19794 35400
4028 19794 35401
4029 19794 35402
4030 19794 35403
4031 19794 35404
4032 19794 35405
4033 19794 35406
4034 19794 35407
4035 19794 35408
4036 19794 35409
4037 19794 35410
4038 19794 35411
4039 19794 35412
4040 19794 35413
4041 19794 35414
4042 19794 35415
4043 19794 35416
4044 19794 35417
4045 19794 35418
4046 19794 35419
4047 19794 35420
4048 19794 35421
4049 19794 35422
4050 19794 35423
4051 19794 35424
4052 19794 35425
4053 19794 35426
4054 19794 35427
4055 19794 35428
4056 19794 35429
4057 19794 35430
4058 19794 35431
4059 19794 35432
4060 19794 35433
4061 19794 35434
4062 19794 35435
4063 19794 35436
4064 19794 35437
4065 19794 35438
4066 19794 35439
4067 19794 35440
4068 19794 35441
4069 19794 35442
4070 19794 35443
4071 19794 35444
4072 19794 35445
4073 19794 35446
4074 19794 35447
4075 19794 35448
4076 19794 35449
4077 19794 35450
4078 19794 35451
4079 19794 35452
4080 19794 35453
4081 19794 35454
4082 19794 35455
4083 19794 35456
4084 19794 35457
4085 19794 35458
4086 19794 35459
4087 19794 35460
4088 19794 35461
4089 19794 35462
4090 19794 35463
4091 19794 35464
4092 19794 35465
4093 19794 35466
4094 19794 35467
4095 19794 35468
4096 19794 35469
4097 19794 35470
4098 19794 35471
4099 19794 35472
4100 19794 35473
4101 19794 35474
4102 19794 35475
4103 19794 35476
4104 19794 35477
4105 19794 35478
4106 19794 35479
4107 19794 35480
4108 19794 35481
4109 19794 35482
4110 19794 35483
4111 19982 35782
4112 19982 35783
4113 19982 35784
4114 19982 35785
4115 19982 35786
4116 19982 35787
4117 19982 35788
4118 19982 35789
4119 19982 35790
4120 19982 35791
4121 19982 35792
4122 19982 35793
4123 19982 35794
4124 19982 35795
4125 19982 35796
4126 19982 35797
4127 19982 35798
4128 19982 35799
4129 19982 35800
4130 19982 35801
4131 19982 35802
4132 19982 35803
4133 19982 35804
4134 19982 35805
4135 19982 35806
4136 19982 35807
4137 19982 35808
4138 19982 35809
4139 19982 35810
4140 19982 35811
4141 19982 35812
4142 19982 35813
4143 19982 35814
4144 19982 35815
4145 19982 35816
4146 19982 35817
4147 19982 35818
4148 19982 35819
4149 19982 35820
4150 19982 35821
4151 19982 35822
4152 19982 35823
4153 19982 35824
4154 19982 35825
4155 19982 35826
4156 19982 35827
4157 19982 35828
4158 19982 35829
4159 19982 35830
4160 19982 35831
4161 19982 35832
4162 19982 35833
4163 19982 35834
4164 19982 35835
4165 19982 35836
4166 19982 35837
4167 19982 35838
4168 19982 35839
4169 19982 35840
4170 19982 35841
4171 19982 35842
4172 19982 35843
4173 19982 35844
4174 19982 35845
4175 19982 35846
4176 19982 35847
4177 19982 35848
4178 19982 35849
4179 19982 35850
4180 19982 35851
4181 19982 35852
4182 19982 35853
4183 19982 35854
4184 19982 35855
4185 19982 35856
4186 19982 35857
4187 19982 35858
4188 19982 35859
4189 19982 35860
4190 19982 35861
4191 19982 35862
4192 19982 35863
4193 19982 35864
4194 19982 35865
4195 19982 35866
4196 19982 35867
4197 19982 35868
4198 19982 35869
4199 19982 35870
4200 19982 35871
4201 19982 35872
4202 19982 35873
4203 19982 35874
4204 19982 35875
4205 19982 35876
4206 19982 35877
4207 19982 35878
4208 19982 35879
4209 19982 35880
4210 19982 35881
4211 19982 35882
4212 19982 35883
4213 19982 35884
4214 19982 35885
4215 19982 35886
4216 19982 35887
4217 19982 35888
4218 19982 35889
4219 19982 35890
4220 19982 35891
4221 19982 35892
4222 19982 35893
4223 19982 35894
4224 19982 35895
4225 19982 35896
4226 19982 35897
4227 19982 35898
4228 19982 35899
4229 19982 35900
4230 19982 35901
4231 19982 35902
4232 19982 35903
4233 20401 36568
4234 20401 36569
4235 19982 35906
4236 19982 35907
4237 19982 35908
4238 19982 35909
4239 19982 35910
4240 19982 35911
4241 20401 36576
4242 20401 36577
4243 19982 35914
4244 19982 35915
4245 20401 36580
4246 20401 36581
4247 20401 36582
4248 20401 36583
4249 19982 35920
4250 19982 35921
4251 19982 35922
4252 19982 35923
4253 19982 35924
4254 19982 35925
4255 19982 35926
4256 19982 35927
4257 19982 35928
4258 19982 35929
4259 19982 35930
4260 19982 35931
4261 19982 35932
4262 19982 35933
4263 19982 35934
4264 19982 35935
4265 19982 35936
4266 19982 35937
4267 19982 35938
4268 19982 35939
4269 20401 36604
4270 20401 36605
4271 20401 36606
4272 20401 36607
4273 19982 35944
4274 19982 35945
4275 20401 36610
4276 20401 36611
4277 20401 36612
4278 20401 36613
4279 20401 36614
4280 20401 36615
4281 20401 36616
4282 20401 36617
4283 20401 36618
4284 20401 36619
4285 20401 36620
4286 20401 36621
4287 20401 36622
4288 20401 36623
4289 20401 36624
4290 20401 36625
4291 20401 36626
4292 20401 36627
4293 20401 36628
4294 20401 36629
4295 20401 36630
4296 20401 36631
4297 20401 36632
4298 20401 36633
4299 20401 36634
4300 20401 36635
4301 20401 36636
4302 20401 36637
4303 20401 36638
4304 20401 36639
4305 21418 38252
4306 21418 38253
4307 21418 38254
4308 21418 38255
4309 20401 36644
4310 20401 36645
4311 20401 36646
4312 20401 36647
4313 20401 36648
4314 20401 36649
4315 21418 38262
4316 21418 38263
4317 21418 38264
4318 21418 38265
4319 21418 38266
4320 21418 38267
4321 21418 38268
4322 21418 38269
4323 21418 38270
4324 21418 38271
4325 21418 38272
4326 21418 38273
4327 21418 38274
4328 21418 38275
4329 21418 38276
4330 21418 38277
4331 21418 38278
4332 21418 38279
4333 21418 38280
4334 21418 38281
4335 21418 38282
4336 21418 38283
4337 21418 38284
4338 21418 38285
4339 21418 38286
4340 21418 38287
4341 21418 38288
4342 21418 38289
4343 21418 38290
4344 21418 38291
4345 21418 38292
4346 21418 38293
4347 21418 38294
4348 21418 38295
4349 21418 38296
4350 21418 38297
4351 21418 38298
4352 21418 38299
4353 21418 38300
4354 21418 38301
4355 21418 38302
4356 21418 38303
4357 21418 38304
4358 21418 38305
4359 21418 38306
4360 21418 38307
4361 21418 38308
4362 21418 38309
4363 21418 38310
4364 21418 38311
4365 21418 38312
4366 21418 38313
4367 21418 38314
4368 21418 38315
4369 21418 38316
4370 21418 38317
4371 21418 38318
4372 21418 38319
4373 21418 38320
4374 21418 38321
4375 21418 38322
4376 21418 38323
4377 21418 38324
4378 21418 38325
4379 21418 38326
4380 21418 38327
4381 21418 38328
4382 21418 38329
4383 21418 38330
4384 21418 38331
4385 21418 38332
4386 21418 38333
4387 21418 38334
4388 21418 38335
4389 21418 38336
4390 21418 38337
4391 21418 38338
4392 21418 38339
4393 21418 38340
4394 21418 38341
4395 21418 38342
4396 21418 38343
4397 21418 38344
4398 21418 38345
4399 21418 38346
4400 21418 38347
4401 21777 38917
4402 21777 38918
4403 21777 38919
4404 21777 38920
4405 21418 38352
4406 21418 38353
4407 21777 38923
4408 21777 38924
4409 21418 38356
4410 21418 38357
4411 21418 38358
4412 21418 38359
4413 21777 38929
4414 21777 38930
4415 21777 38931
4416 21777 38932
4417 21777 38933
4418 21777 38934
4419 21777 38935
4420 21777 38936
4421 21777 38937
4422 21777 38938
4423 21777 38939
4424 21777 38940
4425 21777 38941
4426 21777 38942
4427 21777 38943
4428 21777 38944
4429 21777 38945
4430 21777 38946
4431 21777 38947
4432 21777 38948
4433 21777 38949
4434 21777 38950
4435 21777 38951
4436 21777 38952
4437 21777 38953
4438 21777 38954
4439 21777 38955
4440 21777 38956
4441 21777 38957
4442 21777 38958
4443 21777 38959
4444 21777 38960
4445 21777 38961
4446 21777 38962
4447 21777 38963
4448 21777 38964
4449 21777 38965
4450 21777 38966
4451 21777 38967
4452 21777 38968
4453 21777 38969
4454 21777 38970
4455 21777 38971
4456 21777 38972
4457 21777 38973
4458 21777 38974
4459 21524 38574
4460 21524 38575
4461 21524 38576
4462 21524 38577
4463 21524 38578
4464 21524 38579
4465 21777 38981
4466 21777 38982
4467 21777 38983
4468 21777 38984
4469 21777 38985
4470 21777 38986
4471 21524 38586
4472 21524 38587
4473 21777 38989
4474 21777 38990
4475 21777 38991
4476 21777 38992
4477 21524 38592
4478 21524 38593
4479 21524 38594
4480 21524 38595
4481 21524 38596
4482 21524 38597
4483 21524 38598
4484 21524 38599
4485 21777 39001
4486 21777 39002
4487 21524 38602
4488 21524 38603
4489 21777 39005
4490 21777 39006
4491 21777 39007
4492 21777 39008
4493 21777 39009
4494 21777 39010
4495 21524 38610
4496 21524 38611
4497 21777 39013
4498 21777 39014
4499 21777 39015
4500 21777 39016
4501 21777 39017
4502 21777 39018
4503 21777 39019
4504 21777 39020
4505 21777 39021
4506 21777 39022
4507 21777 39023
4508 21777 39024
4509 21524 38624
4510 21524 38625
4511 21524 38626
4512 21524 38627
4513 21777 39029
4514 21777 39030
4515 21524 38630
4516 21524 38631
4517 21777 39033
4518 21777 39034
4519 21777 39035
4520 21777 39036
4521 21524 38636
4522 21524 38637
4523 21777 39039
4524 21777 39040
4525 21777 39041
4526 21777 39042
4527 21524 38642
4528 21524 38643
4529 21777 39045
4530 21777 39046
4531 21777 39047
4532 21777 39048
4533 21777 39049
4534 21777 39050
4535 21777 39051
4536 21777 39052
4537 21777 39053
4538 21777 39054
4539 21777 39055
4540 21777 39056
4541 21777 39057
4542 21777 39058
4543 21777 39059
4544 21777 39060
4545 21777 39061
4546 21777 39062
4547 21777 39063
4548 21777 39064
4549 21777 39065
4550 21777 39066
4551 21777 39067
4552 21777 39068
4553 21777 39069
4554 21777 39070
4555 21777 39071
4556 21777 39072
4557 21777 39073
4558 21777 39074
4559 21777 39075
4560 21777 39076
4561 21777 39077
4562 21777 39078
4563 21777 39079
4564 21777 39080
4565 21777 39081
4566 21777 39082
4567 21777 39083
4568 21777 39084
4569 21777 39085
4570 21777 39086
4571 21777 39087
4572 21777 39088
4573 21777 39089
4574 21777 39090
4575 21777 39091
4576 21777 39092
4577 21777 39093
4578 21777 39094
4579 21777 39095
4580 21777 39096
4581 21777 39097
4582 21777 39098
4583 21777 39099
4584 21777 39100
4585 21524 38700
4586 21524 38701
4587 21777 39103
4588 21777 39104
4589 23136 41259
4590 23136 41260
4591 21524 38706
4592 21524 38707
4593 21524 38708
4594 21524 38709
4595 21524 38710
4596 21524 38711
4597 23136 41267
4598 23136 41268
4599 23136 41269
4600 23136 41270
4601 23136 41271
4602 23136 41272
4603 23136 41273
4604 23136 41274
4605 21524 38720
4606 21524 38721
4607 23136 41277
4608 23136 41278
4609 21524 38724
4610 21524 38725
4611 21524 38726
4612 21524 38727
4613 21524 38728
4614 21524 38729
4615 21524 38730
4616 21524 38731
4617 21524 38732
4618 21524 38733
4619 23136 41289
4620 23136 41290
4621 23136 41291
4622 23136 41292
4623 23136 41293
4624 23136 41294
4625 23136 41295
4626 23136 41296
4627 23136 41297
4628 23136 41298
4629 23136 41299
4630 23136 41300
4631 23136 41301
4632 23136 41302
4633 23136 41303
4634 23136 41304
4635 23136 41305
4636 23136 41306
4637 23136 41307
4638 23136 41308
4639 23136 41309
4640 23136 41310
4641 23136 41311
4642 23136 41312
4643 23136 41313
4644 23136 41314
4645 23136 41315
4646 23136 41316
4647 23136 41317
4648 23136 41318
4649 23136 41319
4650 23136 41320
4651 23136 41321
4652 23136 41322
4653 23136 41323
4654 23136 41324
4655 23136 41325
4656 23136 41326
4657 23136 41327
4658 23136 41328
4659 23136 41329
4660 23136 41330
4661 23136 41331
4662 23136 41332
4663 23136 41333
4664 23136 41334
4665 23136 41335
4666 23136 41336
4667 22531 40378
4668 22531 40379
4669 23136 41339
4670 23136 41340
4671 23136 41341
4672 23136 41342
4673 23136 41343
4674 23136 41344
4675 23136 41345
4676 23136 41346
4677 22531 40388
4678 22531 40389
4679 22531 40390
4680 22531 40391
4681 22531 40392
4682 22531 40393
4683 23136 41353
4684 23136 41354
4685 23136 41355
4686 23136 41356
4687 23136 41357
4688 23136 41358
4689 23136 41359
4690 23136 41360
4691 23136 41361
4692 23136 41362
4693 23136 41363
4694 23136 41364
4695 23136 41365
4696 23136 41366
4697 23136 41367
4698 23136 41368
4699 23136 41369
4700 23136 41370
4701 23136 41371
4702 23136 41372
4703 23136 41373
4704 23136 41374
4705 23136 41375
4706 23136 41376
4707 23136 41377
4708 23136 41378
4709 23136 41379
4710 23136 41380
4711 23136 41381
4712 23136 41382
4713 23136 41383
4714 23136 41384
4715 23136 41385
4716 23136 41386
4717 23136 41387
4718 23136 41388
4719 23136 41389
4720 23136 41390
4721 23136 41391
4722 23136 41392
4723 23136 41393
4724 23136 41394
4725 23136 41395
4726 23136 41396
4727 23136 41397
4728 23136 41398
4729 23136 41399
4730 23136 41400
4731 23136 41401
4732 23136 41402
4733 23136 41403
4734 23136 41404
4735 23136 41405
4736 23136 41406
4737 23136 41407
4738 23136 41408
4739 23136 41409
4740 23136 41410
4741 23136 41411
4742 23136 41412
4743 23136 41413
4744 23136 41414
4745 23136 41415
4746 23136 41416
4747 23136 41417
4748 23136 41418
4749 23136 41419
4750 23136 41420
4751 23136 41421
4752 23136 41422
4753 23136 41423
4754 23136 41424
4755 23136 41425
4756 23136 41426
4757 23136 41427
4758 23136 41428
4759 23136 41429
4760 23136 41430
4761 23136 41431
4762 23136 41432
4763 23136 41433
4764 23136 41434
4765 23136 41435
4766 23136 41436
4767 23136 41437
4768 23136 41438
4769 23136 41439
4770 23136 41440
4771 23136 41441
4772 23136 41442
4773 23136 41443
4774 23136 41444
4775 23136 41445
4776 23136 41446
4777 23136 41447
4778 23136 41448
4779 23136 41449
4780 23136 41450
4781 23136 41451
4782 23136 41452
4783 23136 41453
4784 23136 41454
4785 23136 41455
4786 23136 41456
4787 23136 41457
4788 23136 41458
4789 23136 41459
4790 23136 41460
4791 23136 41461
4792 23136 41462
4793 23136 41463
4794 23136 41464
4795 23136 41465
4796 23136 41466
4797 23136 41467
4798 23136 41468
4799 23136 41469
4800 23136 41470
4801 23136 41471
4802 23136 41472
4803 23136 41473
4804 23136 41474
4805 23136 41475
4806 23136 41476
4807 23136 41477
4808 23136 41478
4809 23136 41479
4810 23136 41480
4811 23136 41481
4812 23136 41482
4813 23136 41483
4814 23136 41484
4815 23136 41485
4816 23136 41486
4817 23136 41487
4818 23136 41488
4819 23136 41489
4820 23136 41490
4821 23136 41491
4822 23136 41492
4823 23136 41493
4824 23136 41494
4825 23136 41495
4826 23136 41496
4827 23136 41497
4828 23136 41498
4829 23136 41499
4830 23136 41500
4831 23136 41501
4832 23136 41502
4833 23136 41503
4834 23136 41504
4835 23136 41505
4836 23136 41506
4837 23136 41507
4838 23136 41508
4839 23136 41509
4840 23136 41510
4841 23136 41511
4842 23136 41512
4843 23136 41513
4844 23136 41514
4845 23136 41515
4846 23136 41516
4847 23136 41517
4848 23136 41518
4849 23878 42695
4850 23878 42696
4851 23878 42697
4852 23878 42698
4853 23702 42420
4854 23702 42421
4855 23702 42422
4856 23702 42423
4857 23878 42703
4858 23878 42704
4859 23702 42426
4860 23702 42427
4861 23136 41531
4862 23136 41532
4863 23136 41533
4864 23136 41534
4865 23136 41535
4866 23136 41536
4867 23702 42434
4868 23702 42435
4869 23702 42436
4870 23702 42437
4871 23702 42438
4872 23702 42439
4873 23702 42440
4874 23702 42441
4875 23702 42442
4876 23702 42443
4877 23702 42444
4878 23702 42445
4879 23702 42446
4880 23702 42447
4881 23702 42448
4882 23702 42449
4883 23702 42450
4884 23702 42451
4885 23702 42452
4886 23702 42453
4887 23702 42454
4888 23702 42455
4889 23702 42456
4890 23702 42457
4891 23702 42458
4892 23702 42459
4893 23702 42460
4894 23702 42461
4895 23702 42462
4896 23702 42463
4897 23702 42464
4898 23702 42465
4899 23878 42745
4900 23878 42746
4901 23878 42747
4902 23878 42748
4903 23702 42470
4904 23702 42471
4905 23878 42751
4906 23878 42752
4907 23702 42474
4908 23702 42475
4909 23878 42755
4910 23878 42756
4911 23878 42757
4912 23878 42758
4913 23878 42759
4914 23878 42760
4915 23702 42482
4916 23702 42483
4917 23702 42484
4918 23702 42485
4919 23878 42765
4920 23878 42766
4921 23702 42488
4922 23702 42489
4923 23702 42490
4924 23702 42491
4925 23702 42492
4926 23702 42493
4927 23702 42494
4928 23702 42495
4929 23702 42496
4930 23702 42497
4931 23702 42498
4932 23702 42499
4933 23702 42500
4934 23702 42501
4935 23702 42502
4936 23702 42503
4937 23702 42504
4938 23702 42505
4939 23702 42506
4940 23702 42507
4941 23702 42508
4942 23702 42509
4943 23702 42510
4944 23702 42511
4945 23702 42512
4946 23702 42513
4947 23702 42514
4948 23702 42515
4949 23702 42516
4950 23702 42517
4951 23702 42518
4952 23702 42519
4953 23702 42520
4954 23702 42521
4955 23702 42522
4956 23702 42523
4957 23702 42524
4958 23702 42525
4959 23702 42526
4960 23702 42527
4961 23702 42528
4962 23702 42529
4963 23702 42530
4964 23702 42531
4965 23702 42532
4966 23702 42533
4967 23702 42534
4968 23702 42535
4969 23702 42536
4970 23702 42537
4971 23702 42538
4972 23702 42539
4973 24131 43220
4974 24131 43221
4975 24131 43222
4976 24131 43223
4977 24131 43224
4978 24131 43225
4979 24131 43226
4980 24131 43227
4981 23702 42548
4982 23702 42549
4983 24131 43230
4984 24131 43231
4985 24131 43232
4986 24131 43233
4987 23702 42554
4988 23702 42555
4989 24131 43236
4990 24131 43237
4991 24131 43238
4992 24131 43239
4993 24131 43240
4994 24131 43241
4995 24131 43242
4996 24131 43243
4997 24131 43244
4998 24131 43245
4999 24131 43246
5000 24131 43247
5001 24131 43248
5002 24131 43249
5003 24131 43250
5004 24131 43251
5005 24131 43252
5006 24131 43253
5007 24131 43254
5008 24131 43255
5009 24131 43256
5010 24131 43257
5011 24131 43258
5012 24131 43259
5013 24131 43260
5014 24131 43261
5015 24131 43262
5016 24131 43263
5017 24131 43264
5018 24131 43265
5019 24131 43266
5020 24131 43267
5021 24131 43268
5022 24131 43269
5023 24131 43270
5024 24131 43271
5025 24131 43272
5026 24131 43273
5027 24131 43274
5028 24131 43275
5029 24131 43276
5030 24131 43277
5031 24131 43278
5032 24131 43279
5033 24131 43280
5034 24131 43281
5035 24131 43282
5036 24131 43283
5037 24131 43284
5038 24131 43285
5039 24131 43286
5040 24131 43287
5041 24131 43288
5042 24131 43289
5043 24131 43290
5044 24131 43291
5045 24131 43292
5046 24131 43293
5047 24131 43294
5048 24131 43295
5049 24131 43296
5050 24131 43297
5051 24131 43298
5052 24131 43299
5053 24131 43300
5054 24131 43301
5055 24131 43302
5056 24131 43303
5057 24131 43304
5058 24131 43305
5059 24131 43306
5060 24131 43307
5061 24131 43308
5062 24131 43309
5063 24131 43310
5064 24131 43311
5065 24131 43312
5066 24131 43313
5067 24131 43314
5068 24131 43315
5069 24131 43316
5070 24131 43317
5071 24131 43318
5072 24131 43319
5073 24131 43320
5074 24131 43321
5075 25521 45525
5076 25521 45526
5077 25521 45527
5078 25521 45528
5079 25521 45529
5080 25521 45530
5081 25521 45531
5082 25521 45532
5083 25521 45533
5084 25521 45534
5085 25521 45535
5086 25521 45536
5087 25521 45537
5088 25521 45538
5089 25521 45539
5090 25521 45540
5091 25521 45541
5092 25521 45542
5093 25521 45543
5094 25521 45544
5095 25521 45545
5096 25521 45546
5097 25521 45547
5098 25521 45548
5099 25521 45549
5100 25521 45550
5101 25521 45551
5102 25521 45552
5103 25521 45553
5104 25521 45554
5105 25521 45555
5106 25521 45556
5107 25521 45557
5108 25521 45558
5109 25521 45559
5110 25521 45560
5111 25521 45561
5112 25521 45562
5113 25521 45563
5114 25521 45564
5115 25521 45565
5116 25521 45566
5117 25521 45567
5118 25521 45568
5119 25521 45569
5120 25521 45570
5121 25521 45571
5122 25521 45572
5123 25521 45573
5124 25521 45574
5125 25521 45575
5126 25521 45576
5127 25521 45577
5128 25521 45578
5129 25521 45579
5130 25521 45580
5131 25521 45581
5132 25521 45582
5133 25521 45583
5134 25521 45584
5135 25521 45585
5136 25521 45586
5137 25521 45587
5138 25521 45588
5139 25521 45589
5140 25521 45590
5141 25521 45591
5142 25521 45592
5143 25521 45593
5144 25521 45594
5145 25521 45595
5146 25521 45596
5147 25521 45597
5148 25521 45598
5149 25521 45599
5150 25521 45600
5151 25521 45601
5152 25521 45602
5153 25521 45603
5154 25521 45604
5155 25521 45605
5156 25521 45606
5157 25521 45607
5158 25521 45608
5159 25521 45609
5160 25521 45610
5161 25521 45611
5162 25521 45612
5163 25521 45613
5164 25521 45614
5165 25521 45615
5166 25521 45616
5167 25521 45617
5168 25521 45618
5169 25521 45619
5170 25521 45620
5171 25521 45621
5172 25521 45622
5173 25521 45623
5174 25521 45624
5175 25521 45625
5176 25521 45626
5177 25521 45627
5178 25521 45628
5179 25521 45629
5180 25521 45630
5181 25521 45631
5182 25521 45632
5183 25521 45633
5184 25521 45634
5185 25521 45635
5186 25521 45636
5187 25521 45637
5188 25521 45638
5189 25521 45639
5190 25521 45640
5191 25521 45641
5192 25521 45642
5193 25521 45643
5194 25521 45644
5195 25521 45645
5196 25521 45646
5197 25521 45647
5198 25521 45648
5199 25521 45649
5200 25521 45650
5201 25521 45651
5202 25521 45652
5203 25521 45653
5204 25521 45654
5205 25521 45655
5206 25521 45656
5207 25521 45657
5208 25521 45658
5209 25521 45659
5210 25521 45660
5211 25521 45661
5212 25521 45662
5213 25521 45663
5214 25521 45664
5215 25521 45665
5216 25521 45666
5217 25521 45667
5218 25521 45668
5219 25521 45669
5220 25521 45670
5221 25521 45671
5222 25521 45672
5223 25521 45673
5224 25521 45674
5225 25521 45675
5226 25521 45676
5227 25521 45677
5228 25521 45678
5229 25521 45679
5230 25521 45680
5231 25521 45681
5232 25521 45682
5233 25521 45683
5234 25521 45684
5235 25521 45685
5236 25521 45686
5237 25521 45687
5238 25521 45688
5239 25521 45689
5240 25521 45690
5241 25521 45691
5242 25521 45692
5243 25521 45693
5244 25521 45694
5245 25521 45695
5246 25521 45696
5247 25521 45697
5248 25521 45698
5249 25521 45699
5250 25521 45700
5251 25521 45701
5252 25521 45702
5253 25521 45703
5254 25521 45704
5255 25521 45705
5256 25521 45706
5257 25521 45707
5258 25521 45708
5259 25521 45709
5260 25521 45710
5261 25521 45711
5262 25521 45712
5263 25521 45713
5264 25521 45714
5265 25521 45715
5266 25521 45716
5267 25521 45717
5268 25521 45718
5269 25521 45719
5270 25521 45720
5271 25521 45721
5272 25521 45722
5273 25521 45723
5274 25521 45724
5275 25521 45725
5276 25521 45726
5277 25521 45727
5278 25521 45728
5279 25521 45729
5280 25521 45730
5281 26232 46858
5282 26232 46859
5283 26232 46860
5284 26232 46861
5285 26232 46862
5286 26232 46863
5287 26232 46864
5288 26232 46865
5289 25521 45739
5290 25521 45740
5291 26232 46868
5292 26232 46869
5293 26232 46870
5294 26232 46871
5295 26232 46872
5296 26232 46873
5297 26232 46874
5298 26232 46875
5299 26232 46876
5300 26232 46877
5301 26232 46878
5302 26232 46879
5303 26232 46880
5304 26232 46881
5305 26232 46882
5306 26232 46883
5307 26232 46884
5308 26232 46885
5309 26232 46886
5310 26232 46887
5311 26232 46888
5312 26232 46889
5313 26232 46890
5314 26232 46891
5315 26232 46892
5316 26232 46893
5317 26232 46894
5318 26232 46895
5319 26232 46896
5320 26232 46897
5321 26232 46898
5322 26232 46899
5323 26232 46900
5324 26232 46901
5325 26232 46902
5326 26232 46903
5327 26232 46904
5328 26232 46905
5329 26232 46906
5330 26232 46907
5331 26232 46908
5332 26232 46909
5333 26232 46910
5334 26232 46911
5335 26232 46912
5336 26232 46913
5337 26232 46914
5338 26232 46915
5339 26232 46916
5340 26232 46917
5341 26232 46918
5342 26232 46919
5343 26232 46920
5344 26232 46921
5345 26232 46922
5346 26232 46923
5347 26232 46924
5348 26232 46925
5349 26232 46926
5350 26232 46927
5351 26232 46928
5352 26232 46929
5353 26232 46930
5354 26232 46931
5355 26232 46932
5356 26232 46933
5357 26232 46934
5358 26232 46935
5359 26232 46936
5360 26232 46937
5361 26232 46938
5362 26232 46939
5363 26232 46940
5364 26232 46941
5365 26232 46942
5366 26232 46943
5367 26232 46944
5368 26232 46945
5369 26232 46946
5370 26232 46947
5371 26345 47127
5372 26345 47128
5373 26345 47129
5374 26345 47130
5375 26345 47131
5376 26345 47132
5377 26345 47133
5378 26345 47134
5379 26345 47135
5380 26345 47136
5381 26345 47137
5382 26345 47138
5383 26345 47139
5384 26345 47140
5385 26345 47141
5386 26345 47142
5387 26345 47143
5388 26345 47144
5389 26345 47145
5390 26345 47146
5391 26345 47147
5392 26345 47148
5393 26345 47149
5394 26345 47150
5395 26345 47151
5396 26345 47152
5397 26345 47153
5398 26345 47154
5399 26345 47155
5400 26345 47156
5401 26345 47157
5402 26345 47158
5403 26345 47159
5404 26345 47160
5405 26345 47161
5406 26345 47162
5407 26345 47163
5408 26345 47164
5409 26345 47165
5410 26345 47166
5411 26345 47167
5412 26345 47168
5413 26345 47169
5414 26345 47170
5415 26345 47171
5416 26345 47172
5417 26345 47173
5418 26345 47174
5419 26345 47175
5420 26345 47176
5421 26345 47177
5422 26345 47178
5423 26345 47179
5424 26345 47180
5425 26345 47181
5426 26345 47182
5427 26345 47183
5428 26345 47184
5429 26345 47185
5430 26345 47186
5431 26345 47187
5432 26345 47188
5433 26345 47189
5434 26345 47190
5435 26345 47191
5436 26345 47192
5437 26345 47193
5438 26345 47194
5439 26345 47195
5440 26345 47196
5441 26345 47197
5442 26345 47198
5443 26345 47199
5444 26345 47200
5445 26345 47201
5446 26345 47202
5447 26345 47203
5448 26345 47204
5449 26345 47205
5450 26345 47206
5451 26345 47207
5452 26345 47208
5453 26345 47209
5454 26345 47210
5455 26345 47211
5456 26345 47212
5457 26345 47213
5458 26345 47214
5459 26345 47215
5460 26345 47216
5461 26345 47217
5462 26345 47218
5463 26345 47219
5464 26345 47220
5465 26345 47221
5466 26345 47222
5467 26345 47223
5468 26345 47224
5469 26345 47225
5470 26345 47226
5471 26345 47227
5472 26345 47228
5473 26345 47229
5474 26345 47230
5475 26345 47231
5476 26345 47232
5477 26345 47233
5478 26345 47234
5479 26345 47235
5480 26345 47236
5481 26345 47237
5482 26345 47238
5483 26345 47239
5484 26345 47240
5485 26345 47241
5486 26345 47242
5487 26345 47243
5488 26345 47244
5489 26345 47245
5490 26345 47246
5491 26345 47247
5492 26345 47248
5493 26345 47249
5494 26345 47250
5495 26345 47251
5496 26345 47252
5497 26345 47253
5498 26345 47254
5499 26345 47255
5500 26345 47256
5501 26345 47257
5502 26345 47258
5503 26345 47259
5504 26345 47260
5505 26345 47261
5506 26345 47262
5507 26345 47263
5508 26345 47264
5509 26345 47265
5510 26345 47266
5511 26345 47267
5512 26345 47268
5513 26345 47269
5514 26345 47270
5515 26345 47271
5516 26345 47272
5517 26345 47273
5518 26345 47274
5519 26345 47275
5520 26345 47276
5521 26345 47277
5522 26345 47278
5523 26345 47279
5524 26345 47280
5525 26345 47281
5526 26345 47282
5527 26345 47283
5528 26345 47284
5529 26345 47285
5530 26345 47286
5531 26345 47287
5532 26345 47288
5533 26345 47289
5534 26345 47290
5535 26345 47291
5536 26345 47292
5537 26345 47293
5538 26345 47294
5539 26345 47295
5540 26345 47296
5541 26345 47297
5542 26345 47298
5543 26345 47299
5544 26345 47300
5545 26345 47301
5546 26345 47302
5547 27412 48994
5548 27412 48995
5549 26345 47305
5550 26345 47306
5551 26345 47307
5552 26345 47308
5553 26345 47309
5554 26345 47310
5555 27412 49002
5556 27412 49003
5557 26345 47313
5558 26345 47314
5559 26345 47315
5560 26345 47316
5561 27412 49008
5562 27412 49009
5563 26345 47319
5564 26345 47320
5565 26345 47321
5566 26345 47322
5567 26345 47323
5568 26345 47324
5569 26345 47325
5570 26345 47326
5571 26345 47327
5572 26345 47328
5573 26345 47329
5574 26345 47330
5575 26345 47331
5576 26345 47332
5577 26345 47333
5578 26345 47334
5579 26345 47335
5580 26345 47336
5581 26345 47337
5582 26345 47338
5583 26345 47339
5584 26345 47340
5585 26345 47341
5586 26345 47342
5587 26345 47343
5588 26345 47344
5589 26345 47345
5590 26345 47346
5591 27412 49038
5592 27412 49039
5593 27412 49040
5594 27412 49041
5595 27412 49042
5596 27412 49043
5597 27412 49044
5598 27412 49045
5599 27412 49046
5600 27412 49047
5601 27412 49048
5602 27412 49049
5603 27412 49050
5604 27412 49051
5605 27412 49052
5606 27412 49053
5607 27412 49054
5608 27412 49055
5609 27412 49056
5610 27412 49057
5611 27412 49058
5612 27412 49059
5613 27412 49060
5614 27412 49061
5615 27412 49062
5616 27412 49063
5617 27412 49064
5618 27412 49065
5619 27412 49066
5620 27412 49067
5621 27412 49068
5622 27412 49069
5623 27412 49070
5624 27412 49071
5625 27412 49072
5626 27412 49073
5627 27412 49074
5628 27412 49075
5629 27412 49076
5630 27412 49077
5631 27412 49078
5632 27412 49079
5633 27412 49080
5634 27412 49081
5635 27412 49082
5636 27412 49083
5637 27412 49084
5638 27412 49085
5639 27412 49086
5640 27412 49087
5641 27412 49088
5642 27412 49089
5643 27412 49090
5644 27412 49091
5645 27412 49092
5646 27412 49093
5647 27412 49094
5648 27412 49095
5649 27412 49096
5650 27412 49097
5651 27412 49098
5652 27412 49099
5653 27412 49100
5654 27412 49101
5655 27412 49102
5656 27412 49103
5657 27412 49104
5658 27412 49105
5659 27412 49106
5660 27412 49107
5661 27412 49108
5662 27412 49109
5663 27412 49110
5664 27412 49111
5665 27412 49112
5666 27412 49113
5667 27412 49114
5668 27412 49115
5669 27412 49116
5670 27412 49117
5671 27412 49118
5672 27412 49119
5673 27412 49120
5674 27412 49121
5675 27412 49122
5676 27412 49123
5677 27412 49124
5678 27412 49125
5679 27412 49126
5680 27412 49127
5681 27412 49128
5682 27412 49129
5683 27412 49130
5684 27412 49131
5685 27412 49132
5686 27412 49133
5687 27412 49134
5688 27412 49135
5689 27412 49136
5690 27412 49137
5691 27412 49138
5692 27412 49139
5693 27412 49140
5694 27412 49141
5695 27412 49142
5696 27412 49143
5697 27412 49144
5698 27412 49145
5699 27412 49146
5700 27412 49147
5701 27412 49148
5702 27412 49149
5703 27412 49150
5704 27412 49151
5705 27412 49152
5706 27412 49153
5707 27412 49154
5708 27412 49155
5709 27412 49156
5710 27412 49157
5711 27412 49158
5712 27412 49159
5713 27412 49160
5714 27412 49161
5715 27412 49162
5716 27412 49163
5717 27412 49164
5718 27412 49165
5719 27412 49166
5720 27412 49167
5721 27412 49168
5722 27412 49169
5723 27412 49170
5724 27412 49171
5725 27412 49172
5726 27412 49173
5727 27412 49174
5728 27412 49175
5729 27412 49176
5730 27412 49177
5731 27412 49178
5732 27412 49179
5733 27412 49180
5734 27412 49181
5735 27412 49182
5736 27412 49183
5737 27412 49184
5738 27412 49185
5739 27412 49186
5740 27412 49187
5741 27412 49188
5742 27412 49189
5743 27412 49190
5744 27412 49191
5745 27412 49192
5746 27412 49193
5747 27412 49194
5748 27412 49195
5749 27412 49196
5750 27412 49197
5751 27412 49198
5752 27412 49199
5753 27412 49200
5754 27412 49201
5755 27412 49202
5756 27412 49203
5757 27412 49204
5758 27412 49205
5759 27412 49206
5760 27412 49207
5761 27412 49208
5762 27412 49209
5763 27412 49210
5764 27412 49211
5765 27412 49212
5766 27412 49213
5767 27412 49214
5768 27412 49215
5769 27412 49216
5770 27412 49217
5771 27412 49218
5772 27412 49219
5773 27412 49220
5774 27412 49221
5775 27412 49222
5776 27412 49223
5777 27412 49224
5778 27412 49225
5779 27412 49226
5780 27412 49227
5781 27412 49228
5782 27412 49229
5783 27412 49230
5784 27412 49231
5785 27412 49232
5786 27412 49233
5787 27412 49234
5788 27412 49235
5789 27412 49236
5790 27412 49237
5791 27412 49238
5792 27412 49239
5793 27668 49646
5794 27668 49647
5795 27668 49648
5796 27668 49649
5797 27412 49244
5798 27412 49245
5799 27412 49246
5800 27412 49247
5801 27412 49248
5802 27412 49249
5803 27412 49250
5804 27412 49251
5805 27668 49658
5806 27668 49659
5807 27668 49660
5808 27668 49661
5809 27412 49256
5810 27412 49257
5811 27412 49258
5812 27412 49259
5813 27668 49666
5814 27668 49667
5815 27668 49668
5816 27668 49669
5817 27668 49670
5818 27668 49671
5819 27668 49672
5820 27668 49673
5821 27668 49674
5822 27668 49675
5823 27668 49676
5824 27668 49677
5825 27728 49773
5826 27728 49774
5827 27668 49680
5828 27668 49681
5829 27728 49777
5830 27728 49778
5831 27728 49779
5832 27728 49780
5833 27728 49781
5834 27728 49782
5835 27728 49783
5836 27728 49784
5837 27728 49785
5838 27728 49786
5839 27728 49787
5840 27728 49788
5841 27728 49789
5842 27728 49790
5843 27728 49791
5844 27728 49792
5845 27728 49793
5846 27728 49794
5847 27728 49795
5848 27728 49796
5849 27728 49797
5850 27728 49798
5851 27728 49799
5852 27728 49800
5853 27728 49801
5854 27728 49802
5855 27728 49803
5856 27728 49804
5857 27728 49805
5858 27728 49806
5859 27728 49807
5860 27728 49808
5861 27728 49809
5862 27728 49810
5863 27728 49811
5864 27728 49812
5865 27728 49813
5866 27728 49814
5867 27728 49815
5868 27728 49816
5869 27728 49817
5870 27728 49818
5871 27728 49819
5872 27728 49820
5873 27728 49821
5874 27728 49822
5875 27728 49823
5876 27728 49824
5877 27728 49825
5878 27728 49826
5879 27728 49827
5880 27728 49828
5881 27728 49829
5882 27728 49830
5883 27728 49831
5884 27728 49832
5885 27728 49833
5886 27728 49834
5887 27728 49835
5888 27728 49836
5889 27728 49837
5890 27728 49838
5891 27728 49839
5892 27728 49840
5893 27728 49841
5894 27728 49842
5895 27728 49843
5896 27728 49844
5897 27728 49845
5898 27728 49846
5899 27728 49847
5900 27728 49848
5901 27728 49849
5902 27728 49850
5903 27728 49851
5904 27728 49852
5905 27728 49853
5906 27728 49854
5907 27728 49855
5908 27728 49856
5909 27728 49857
5910 27728 49858
5911 27728 49859
5912 27728 49860
5913 27728 49861
5914 27728 49862
5915 27728 49863
5916 27728 49864
5917 27728 49865
5918 27728 49866
5919 27728 49867
5920 27728 49868
5921 27728 49869
5922 27728 49870
5923 27728 49871
5924 27728 49872
5925 27728 49873
5926 27728 49874
5927 27728 49875
5928 27728 49876
5929 27728 49877
5930 27728 49878
5931 27728 49879
5932 27728 49880
5933 27728 49881
5934 27728 49882
5935 27728 49883
5936 27728 49884
5937 27728 49885
5938 27728 49886
5939 27728 49887
5940 27728 49888
5941 27728 49889
5942 27728 49890
5943 27728 49891
5944 27728 49892
5945 27728 49893
5946 27728 49894
5947 27728 49895
5948 27728 49896
5949 27728 49897
5950 27728 49898
5951 28762 51538
5952 28762 51539
5953 27728 49901
5954 27728 49902
5955 27728 49903
5956 27728 49904
5957 27728 49905
5958 27728 49906
5959 28762 51546
5960 28762 51547
5961 27728 49909
5962 27728 49910
5963 28762 51550
5964 28762 51551
5965 27728 49913
5966 27728 49914
5967 27728 49915
5968 27728 49916
5969 28762 51556
5970 28762 51557
5971 28762 51558
5972 28762 51559
5973 27728 49921
5974 27728 49922
5975 27728 49923
5976 27728 49924
5977 27728 49925
5978 27728 49926
5979 27728 49927
5980 27728 49928
5981 27728 49929
5982 27728 49930
5983 27728 49931
5984 27728 49932
5985 27728 49933
5986 27728 49934
5987 27728 49935
5988 27728 49936
5989 28762 51576
5990 28762 51577
5991 27728 49939
5992 27728 49940
5993 27728 49941
5994 27728 49942
5995 28762 51582
5996 28762 51583
5997 28762 51584
5998 28762 51585
5999 28762 51586
6000 28762 51587
6001 28762 51588
6002 28762 51589
6003 28762 51590
6004 28762 51591
6005 28762 51592
6006 28762 51593
6007 28762 51594
6008 28762 51595
6009 28762 51596
6010 28762 51597
6011 28762 51598
6012 28762 51599
6013 28762 51600
6014 28762 51601
6015 28762 51602
6016 28762 51603
6017 28762 51604
6018 28762 51605
6019 28762 51606
6020 28762 51607
6021 28762 51608
6022 28762 51609
6023 28762 51610
6024 28762 51611
6025 28762 51612
6026 28762 51613
6027 28762 51614
6028 28762 51615
6029 28762 51616
6030 28762 51617
6031 28762 51618
6032 28762 51619
6033 28762 51620
6034 28762 51621
6035 28762 51622
6036 28762 51623
6037 28762 51624
6038 28762 51625
6039 28762 51626
6040 28762 51627
6041 28762 51628
6042 28762 51629
6043 28762 51630
6044 28762 51631
6045 28762 51632
6046 28762 51633
6047 28762 51634
6048 28762 51635
6049 28762 51636
6050 28762 51637
6051 28762 51638
6052 28762 51639
6053 28762 51640
6054 28762 51641
6055 28762 51642
6056 28762 51643
6057 28762 51644
6058 28762 51645
6059 28762 51646
6060 28762 51647
6061 28762 51648
6062 28762 51649
6063 28762 51650
6064 28762 51651
6065 28762 51652
6066 28762 51653
6067 28762 51654
6068 28762 51655
6069 28762 51656
6070 28762 51657
6071 28762 51658
6072 28762 51659
6073 28762 51660
6074 28762 51661
6075 28762 51662
6076 28762 51663
6077 28762 51664
6078 28762 51665
6079 28762 51666
6080 28762 51667
6081 28762 51668
6082 28762 51669
6083 28762 51670
6084 28762 51671
6085 28762 51672
6086 28762 51673
6087 28762 51674
6088 28762 51675
6089 28762 51676
6090 28762 51677
6091 28762 51678
6092 28762 51679
6093 28762 51680
6094 28762 51681
6095 28762 51682
6096 28762 51683
6097 28762 51684
6098 28762 51685
6099 28762 51686
6100 28762 51687
6101 28762 51688
6102 28762 51689
6103 28762 51690
6104 28762 51691
6105 28762 51692
6106 28762 51693
6107 28762 51694
6108 28762 51695
6109 28762 51696
6110 28762 51697
6111 28762 51698
6112 28762 51699
6113 28762 51700
6114 28762 51701
6115 28762 51702
6116 28762 51703
6117 28762 51704
6118 28762 51705
6119 28762 51706
6120 28762 51707
6121 28762 51708
6122 28762 51709
6123 28762 51710
6124 28762 51711
6125 28762 51712
6126 28762 51713
6127 28762 51714
6128 28762 51715
6129 28762 51716
6130 28762 51717
6131 30072 53794
6132 30072 53795
6133 28762 51720
6134 28762 51721
6135 30072 53798
6136 30072 53799
6137 30072 53800
6138 30072 53801
6139 30072 53802
6140 30072 53803
6141 30072 53804
6142 30072 53805
6143 30072 53806
6144 30072 53807
6145 30072 53808
6146 30072 53809
6147 30072 53810
6148 30072 53811
6149 30072 53812
6150 30072 53813
6151 30072 53814
6152 30072 53815
6153 30072 53816
6154 30072 53817
6155 30072 53818
6156 30072 53819
6157 30072 53820
6158 30072 53821
6159 30072 53822
6160 30072 53823
6161 30072 53824
6162 30072 53825
6163 30072 53826
6164 30072 53827
6165 30072 53828
6166 30072 53829
6167 30072 53830
6168 30072 53831
6169 30072 53832
6170 30072 53833
6171 30072 53834
6172 30072 53835
6173 30072 53836
6174 30072 53837
6175 30072 53838
6176 30072 53839
6177 30072 53840
6178 30072 53841
6179 30072 53842
6180 30072 53843
6181 30072 53844
6182 30072 53845
6183 30072 53846
6184 30072 53847
6185 30072 53848
6186 30072 53849
6187 30072 53850
6188 30072 53851
6189 30072 53852
6190 30072 53853
6191 30072 53854
6192 30072 53855
6193 30072 53856
6194 30072 53857
6195 30072 53858
6196 30072 53859
6197 30072 53860
6198 30072 53861
6199 30072 53862
6200 30072 53863
6201 30072 53864
6202 30072 53865
6203 30072 53866
6204 30072 53867
6205 30072 53868
6206 30072 53869
6207 30072 53870
6208 30072 53871
6209 30340 54297
6210 30340 54298
6211 30072 53874
6212 30072 53875
6213 30340 54301
6214 30340 54302
6215 30072 53878
6216 30072 53879
6217 30072 53880
6218 30072 53881
6219 30072 53882
6220 30072 53883
6221 30072 53884
6222 30072 53885
6223 30072 53886
6224 30072 53887
6225 30340 54313
6226 30340 54314
6227 30340 54315
6228 30340 54316
6229 30340 54317
6230 30340 54318
6231 30340 54319
6232 30340 54320
6233 30340 54321
6234 30340 54322
6235 30340 54323
6236 30340 54324
6237 30340 54325
6238 30340 54326
6239 30340 54327
6240 30340 54328
6241 30340 54329
6242 30340 54330
6243 30340 54331
6244 30340 54332
6245 30340 54333
6246 30340 54334
6247 30340 54335
6248 30340 54336
6249 30340 54337
6250 30340 54338
6251 30340 54339
6252 30340 54340
6253 30340 54341
6254 30340 54342
6255 30340 54343
6256 30340 54344
6257 30340 54345
6258 30340 54346
6259 30340 54347
6260 30340 54348
6261 30340 54349
6262 30340 54350
6263 30340 54351
6264 30340 54352
6265 30340 54353
6266 30340 54354
6267 30340 54355
6268 30340 54356
6269 30340 54357
6270 30340 54358
6271 30340 54359
6272 30340 54360
6273 30340 54361
6274 30340 54362
6275 30340 54363
6276 30340 54364
6277 30340 54365
6278 30340 54366
6279 30340 54367
6280 30340 54368
6281 30340 54369
6282 30340 54370
6283 30340 54371
6284 30340 54372
6285 30340 54373
6286 30340 54374
6287 30340 54375
6288 30340 54376
6289 30340 54377
6290 30340 54378
6291 30340 54379
6292 30340 54380
6293 30340 54381
6294 30340 54382
6295 30340 54383
6296 30340 54384
6297 30340 54385
6298 30340 54386
6299 30340 54387
6300 30340 54388
6301 30964 55378
6302 30964 55379
6303 30964 55380
6304 30964 55381
6305 30964 55382
6306 30964 55383
6307 30340 54395
6308 30340 54396
6309 30340 54397
6310 30340 54398
6311 30340 54399
6312 30340 54400
6313 30340 54401
6314 30340 54402
6315 30340 54403
6316 30340 54404
6317 30964 55394
6318 30964 55395
6319 30340 54407
6320 30340 54408
6321 30964 55398
6322 30964 55399
6323 30964 55400
6324 30964 55401
6325 30964 55402
6326 30964 55403
6327 30964 55404
6328 30964 55405
6329 30964 55406
6330 30964 55407
6331 30964 55408
6332 30964 55409
6333 30964 55410
6334 30964 55411
6335 30964 55412
6336 30964 55413
6337 30964 55414
6338 30964 55415
6339 30964 55416
6340 30964 55417
6341 30964 55418
6342 30964 55419
6343 30964 55420
6344 30964 55421
6345 30964 55422
6346 30964 55423
6347 30964 55424
6348 30964 55425
6349 30964 55426
6350 30964 55427
6351 30964 55428
6352 30964 55429
6353 30964 55430
6354 30964 55431
6355 30964 55432
6356 30964 55433
6357 30964 55434
6358 30964 55435
6359 30964 55436
6360 30964 55437
6361 30964 55438
6362 30964 55439
6363 30964 55440
6364 30964 55441
6365 30964 55442
6366 30964 55443
6367 30964 55444
6368 30964 55445
6369 30964 55446
6370 30964 55447
6371 30964 55448
6372 30964 55449
6373 30964 55450
6374 30964 55451
6375 30964 55452
6376 30964 55453
6377 30964 55454
6378 30964 55455
6379 30964 55456
6380 30964 55457
6381 30964 55458
6382 30964 55459
6383 30964 55460
6384 30964 55461
6385 30964 55462
6386 30964 55463
6387 30964 55464
6388 30964 55465
6389 30964 55466
6390 30964 55467
6391 30964 55468
6392 30964 55469
6393 30964 55470
6394 30964 55471
6395 30964 55472
6396 30964 55473
6397 30964 55474
6398 30964 55475
6399 30964 55476
6400 30964 55477
