class	least_mask_hex	multiplicity	cover	w2	w1	w0
0	02123083	690	1	0000000000000000	0000000000000000	0000000000000001
1	12861006	124	1	0000000000000000	0000000000000000	0000000000000002
2	12c08007	97	1	0000000000000000	0000000000000000	0000000000000004
3	32c80003	13	2	0000000000000000	0000000000000000	0000000000000006
4	32c01003	2	3	0000000000000000	0000000000000000	0000000000000007
5	0200a127	908	1	0000000000000000	0000000000000000	0000000000000008
6	0a022a81	19	2	0000000000000000	0000000000000000	0000000000000009
7	12808321	53	2	0000000000000000	0000000000000000	000000000000000c
8	32880007	26	3	0000000000000000	0000000000000000	000000000000000e
9	12048017	566	1	0000000000000000	0000000000000000	0000000000000010
10	12061007	163	2	0000000000000000	0000000000000000	0000000000000012
11	12408125	42	2	0000000000000000	0000000000000000	0000000000000014
12	32480007	13	3	0000000000000000	0000000000000000	0000000000000016
13	32009007	30	3	0000000000000000	0000000000000000	000000000000001c
14	32080017	16	4	0000000000000000	0000000000000000	000000000000001e
15	01648124	355	1	0000000000000000	0000000000000000	0000000000000020
16	00b0812c	27	1	0000000000000000	0000000000000000	0000000000000040
17	105084c1	127	1	0000000000000000	0000000000000000	0000000000000100
18	10f08801	2	2	0000000000000000	0000000000000000	0000000000000180
19	30f08800	1	3	0000000000000000	0000000000000000	00000000000001c0
20	10a084c8	20	1	0000000000000000	0000000000000000	0000000000000200
21	30c08441	1	2	0000000000000000	0000000000000000	0000000000000500
22	30a22480	1	2	0000000000000000	0000000000000000	0000000000000600
23	30a084c0	2	3	0000000000000000	0000000000000000	0000000000000700
24	00163281	707	1	0000000000000000	0000000000000000	0000000000000800
25	00523281	29	2	0000000000000000	0000000000000000	0000000000000801
26	1012b088	82	1	0000000000000000	0000000000000000	0000000000001000
27	1052a088	28	2	0000000000000000	0000000000000000	0000000000001040
28	18523080	9	3	0000000000000000	0000000000000000	0000000000001801
29	10cc8003	43	1	0000000000000000	0000000000000000	0000000000002000
30	308c0007	39	2	0000000000000000	0000000000000000	0000000000002002
31	30c88003	1	2	0000000000000000	0000000000000000	0000000000002004
32	104c9003	91	2	0000000000000000	0000000000000000	0000000000002010
33	300c0017	109	3	0000000000000000	0000000000000000	0000000000002012
34	30480096	1	4	0000000000000000	0000000000000000	0000000000002016
35	10063288	99	1	0000000000000000	0000000000000000	0000000000004000
36	18068888	11	2	0000000000000000	0000000000000000	0000000000004020
37	0006b281	59	1	0000000000000000	0000000000000000	0000000000008000
38	00463281	47	2	0000000000000000	0000000000000000	0000000000008800
39	08c23081	1	3	0000000000000000	0000000000000000	0000000000008801
40	10c49003	17	2	0000000000000000	0000000000000000	000000000000a000
41	30449003	10	3	0000000000000000	0000000000000000	000000000000a010
42	30c41003	1	4	0000000000000000	0000000000000000	000000000000a802
43	1006b280	88	2	0000000000000000	0000000000000000	000000000000c000
44	10463082	74	3	0000000000000000	0000000000000000	000000000000c800
45	30c49002	6	3	0000000000000000	0000000000000000	000000000000e000
46	10c23480	27	1	0000000000000000	0000000000000000	0000000000010000
47	1082a488	22	2	0000000000000000	0000000000000000	0000000000010200
48	3080a4c0	8	3	0000000000000000	0000000000000000	0000000000010600
49	308086c0	2	4	0000000000000000	0000000000000000	0000000000010700
50	18423088	2	3	0000000000000000	0000000000000000	0000000000015000
51	18c23080	1	6	0000000000000000	0000000000000000	000000000001d801
52	1050c803	138	1	0000000000000000	0000000000000000	0000000000020000
53	1052a801	8	2	0000000000000000	0000000000000000	0000000000020080
54	2072a080	4	3	0000000000000000	0000000000000000	00000000000200c0
55	18528201	10	3	0000000000000000	0000000000000000	0000000000020180
56	1052a880	5	4	0000000000000000	0000000000000000	00000000000210c0
57	20106407	266	1	0000000000000000	0000000000000000	0000000000040000
58	38320480	1	2	0000000000000000	0000000000000000	0000000000040100
59	20126083	117	2	0000000000000000	0000000000000000	0000000000060000
60	28702003	1	3	0000000000000000	0000000000000000	0000000000060080
61	2006c441	6	1	0000000000000000	0000000000000000	0000000000080000
62	1000e4c8	144	1	0000000000000000	0000000000000000	0000000000100000
63	10622488	22	2	0000000000000000	0000000000000000	0000000000100200
64	18422488	14	3	0000000000000000	0000000000000000	0000000000110200
65	38422088	1	6	0000000000000000	0000000000000000	0000000000115240
66	2002e441	3	1	0000000000000000	0000000000000000	0000000000200000
67	2002e281	5	2	0000000000000000	0000000000000000	0000000000220000
68	20026681	6	2	0000000000000000	0000000000000000	0000000000240000
69	20226083	12	3	0000000000000000	0000000000000000	0000000000260000
70	2002c4c1	2	2	0000000000000000	0000000000000000	0000000000280000
71	2002e4c0	12	2	0000000000000000	0000000000000000	0000000000300000
72	2042e280	5	3	0000000000000000	0000000000000000	0000000000320000
73	20226482	28	3	0000000000000000	0000000000000000	0000000000340000
74	20426086	20	4	0000000000000000	0000000000000000	0000000000360000
75	2062c440	3	3	0000000000000000	0000000000000000	0000000000380000
76	002094c3	599	1	0000000000000000	0000000000000000	0000000000400000
77	0842b081	1	2	0000000000000000	0000000000000000	0000000000408000
78	08423281	4	4	0000000000000000	0000000000000000	0000000000408801
79	18423480	2	2	0000000000000000	0000000000000000	0000000000410000
80	1842b080	1	5	0000000000000000	0000000000000000	000000000041d000
81	18423280	3	7	0000000000000000	0000000000000000	000000000041d801
82	3042a480	1	6	0000000000000000	0000000000000000	0000000000710600
83	30622480	1	6	0000000000000000	0000000000000000	0000000000740600
84	30422680	3	7	0000000000000000	0000000000000000	0000000000750600
85	2421220a	244	1	0000000000000000	0000000000000000	0000000000800000
86	240086c1	629	1	0000000000000000	0000000000000000	0000000001000000
87	24212282	48	2	0000000000000000	0000000000000000	0000000001800000
88	0401b288	622	1	0000000000000000	0000000000000000	0000000002000000
89	24018328	394	2	0000000000000000	0000000000000000	0000000002800000
90	24012216	58	3	0000000000000000	0000000000000000	0000000003800000
91	02848321	140	1	0000000000000000	0000000000000000	0000000004000000
92	228c0007	22	2	0000000000000000	0000000000000000	0000000004000002
93	02c08321	35	2	0000000000000000	0000000000000000	0000000004000004
94	22c80016	5	3	0000000000000000	0000000000000000	0000000004000006
95	02808127	30	3	0000000000000000	0000000000000000	000000000400000c
96	22881007	3	4	0000000000000000	0000000000000000	000000000400000e
97	02048127	182	2	0000000000000000	0000000000000000	0000000004000010
98	220c0017	51	3	0000000000000000	0000000000000000	0000000004000012
99	02408127	36	3	0000000000000000	0000000000000000	0000000004000014
100	22480096	6	4	0000000000000000	0000000000000000	0000000004000016
101	02008327	45	4	0000000000000000	0000000000000000	000000000400001c
102	22081017	10	5	0000000000000000	0000000000000000	000000000400001e
103	208c9003	2	2	0000000000000000	0000000000000000	0000000004002000
104	200c8017	11	3	0000000000000000	0000000000000000	0000000004002010
105	200c1017	11	4	0000000000000000	0000000000000000	0000000004002012
106	20481096	2	5	0000000000000000	0000000000000000	0000000004002016
107	001684c1	378	1	0000000000000000	0000000000000000	0000000008000000
108	005284c1	226	2	0000000000000000	0000000000000000	0000000008000100
109	00f08103	7	3	0000000000000000	0000000000000000	0000000008000180
110	28560081	1	2	0000000000000000	0000000000000000	0000000008000800
111	20708103	11	4	0000000000000000	0000000000000000	0000000008020180
112	28520481	1	3	0000000000000000	0000000000000000	0000000008040100
113	2026048a	25	1	0000000000000000	0000000000000000	0000000010000000
114	20a2048a	22	2	0000000000000000	0000000000000000	0000000010000200
115	2022248a	31	3	0000000000000000	0000000000000000	0000000010100200
116	20662088	2	2	0000000000000000	0000000000000000	0000000010800000
117	28622088	1	5	0000000000000000	0000000000000000	0000000010900240
118	20062681	8	1	0000000000000000	0000000000000000	0000000020000000
119	2006a281	4	2	0000000000000000	0000000000000000	0000000020008000
120	20462281	3	3	0000000000000000	0000000000000000	0000000020008800
121	20822681	4	3	0000000000000000	0000000000000000	0000000021000400
122	28022681	2	6	0000000000000000	0000000000000000	0000000021640400
123	28422083	1	11	0000000000000000	0000000000000000	0000000021668c81
124	20868481	2	2	0000000000000000	0000000000000000	0000000028000000
125	20262482	5	2	0000000000000000	0000000000000000	0000000030000000
126	20662082	3	3	0000000000000000	0000000000000000	0000000030800000
127	20a22482	4	5	0000000000000000	0000000000000000	0000000031000600
128	28222680	2	9	0000000000000000	0000000000000000	0000000031740600
129	28622880	1	13	0000000000000000	0000000000000000	0000000031f606c0
130	28a28440	1	7	0000000000000000	0000000000000000	0000000039000700
131	00a0844b	71	1	0000000000000000	0000000000000000	0000000040000000
132	20a4048a	15	2	0000000000000000	0000000000000000	0000000050000000
133	20a0248a	18	3	0000000000000000	0000000000000000	0000000050000200
134	20842681	5	2	0000000000000000	0000000000000000	0000000060000000
135	2080a4c1	1	4	0000000000000000	0000000000000000	0000000061000400
136	208484c1	6	3	0000000000000000	0000000000000000	0000000068000000
137	208086c1	4	6	0000000000000000	0000000000000000	0000000069000500
138	20a42482	6	3	0000000000000000	0000000000000000	0000000070000000
139	20a02682	3	6	0000000000000000	0000000000000000	0000000071000600
140	20a484c0	4	4	0000000000000000	0000000000000000	0000000078000000
141	20e084c0	4	8	0000000000000000	0000000000000000	0000000079000700
142	00163288	237	1	0000000000000000	0000000000000000	0000000080000000
143	00563280	32	2	0000000000000000	0000000000000000	0000000080000800
144	0052b088	33	2	0000000000000000	0000000000000000	0000000080001000
145	2012a288	16	3	0000000000000000	0000000000000000	0000000080001040
146	08523082	8	4	0000000000000000	0000000000000000	0000000080001801
147	2052a880	4	5	0000000000000000	0000000000000000	00000000800210c0
148	28522090	2	8	0000000000000000	0000000000000000	00000000800618c1
149	00d48124	3	2	0000000000000000	0000000000000000	0000000088000000
150	00463488	56	1	0000000000000000	0000000000000000	0000000100000000
151	00c23488	35	2	0000000000000000	0000000000000000	0000000100010000
152	08423680	3	3	0000000000000000	0000000000000000	0000000100410000
153	2006248a	32	2	0000000000000000	0000000000000000	0000000110000000
154	2082248a	18	4	0000000000000000	0000000000000000	0000000110010200
155	2002a4c8	15	5	0000000000000000	0000000000000000	0000000110110200
156	2006a4c0	18	3	0000000000000000	0000000000000000	0000000130000000
157	2082a4c0	9	7	0000000000000000	0000000000000000	0000000131010600
158	2042a4c0	2	10	0000000000000000	0000000000000000	0000000131710600
159	28422482	4	11	0000000000000000	0000000000000000	0000000131750600
160	208684c0	2	4	0000000000000000	0000000000000000	0000000138000000
161	288284c0	1	9	0000000000000000	0000000000000000	0000000139010700
162	2084248a	23	3	0000000000000000	0000000000000000	0000000150000000
163	208086c8	9	5	0000000000000000	0000000000000000	0000000150010200
164	20842682	20	4	0000000000000000	0000000000000000	0000000170000000
165	2080a6c0	5	8	0000000000000000	0000000000000000	0000000171010600
166	208485c0	8	5	0000000000000000	0000000000000000	0000000178000000
167	20c086c0	3	10	0000000000000000	0000000000000000	0000000179010700
168	08063288	6	4	0000000000000000	0000000000000000	0000000182004000
169	0046b280	5	5	0000000000000000	0000000000000000	000000018200c000
170	08463082	8	6	0000000000000000	0000000000000000	000000018200c800
171	08423288	5	6	0000000000000000	0000000000000000	0000000182015000
172	08c2b080	1	7	0000000000000000	0000000000000000	000000018201d000
173	08c23280	3	9	0000000000000000	0000000000000000	000000018201d801
174	0842b280	3	8	0000000000000000	0000000000000000	000000018241d000
175	08423282	10	10	0000000000000000	0000000000000000	000000018241d801
176	20462288	8	6	0000000000000000	0000000000000000	0000000192804000
177	28c22088	1	10	0000000000000000	0000000000000000	0000000192815240
178	2842208a	4	11	0000000000000000	0000000000000000	0000000192915240
179	2046a280	5	8	0000000000000000	0000000000000000	00000001b280c000
180	28462082	7	9	0000000000000000	0000000000000000	00000001b280c800
181	28422882	1	22	0000000000000000	0000000000000000	00000001b3f7dec1
182	2000441f	203	1	0000000000000000	0000000000000000	0000000200000000
183	2004c443	9	2	0000000000000000	0000000000000000	0000000200080000
184	2000e4c8	38	2	0000000000000000	0000000000000000	0000000200100000
185	2000e4c1	3	2	0000000000000000	0000000000000000	0000000200200000
186	2040c4c1	2	3	0000000000000000	0000000000000000	0000000200280000
187	2000e4c2	13	3	0000000000000000	0000000000000000	0000000200300000
188	20406096	1	5	0000000000000000	0000000000000000	0000000200360000
189	2040ccc0	5	4	0000000000000000	0000000000000000	0000000200380000
190	200086c9	56	2	0000000000000000	0000000000000000	0000000240000000
191	2024248a	13	3	0000000000000000	0000000000000000	0000000250000000
192	2020a4c8	8	5	0000000000000000	0000000000000000	0000000250100200
193	2004a4c1	2	3	0000000000000000	0000000000000000	0000000260000000
194	20648441	1	5	0000000000000000	0000000000000000	0000000268080000
195	2024a4c0	2	4	0000000000000000	0000000000000000	0000000270000000
196	206484c0	1	6	0000000000000000	0000000000000000	0000000278080000
197	2004a4c8	6	4	0000000000000000	0000000000000000	0000000350000000
198	2040a4c8	1	7	0000000000000000	0000000000000000	0000000350110200
199	2004a6c0	2	5	0000000000000000	0000000000000000	0000000370000000
200	040aa288	144	1	0000000000000000	0000000000000000	0000000400000000
201	1842a088	1	7	0000000000000000	0000000000000000	0000000400115240
202	14032281	36	1	0000000000000000	0000000000000000	0000000800000000
203	1403a280	89	2	0000000000000000	0000000000000000	0000000c00000000
204	0400b4c1	522	1	0000000000000000	0000000000000000	0000001000000000
205	04413a80	6	2	0000000000000000	0000000000000000	0000001002000000
206	1401a281	17	2	0000000000000000	0000000000000000	0000001800000000
207	14092282	32	3	0000000000000000	0000000000000000	0000001c00000000
208	0204101f	853	1	0000000000000000	0000000000000000	0000002000000000
209	12c03006	2	2	0000000000000000	0000000000000000	0000002000000001
210	12841007	54	2	0000000000000000	0000000000000000	0000002000000002
211	12083083	5	2	0000000000000000	0000000000000000	0000002000000008
212	12041017	24	3	0000000000000000	0000000000000000	0000002000000012
213	10443288	3	2	0000000000000000	0000000000000000	0000002000004000
214	10443007	4	3	0000000000000000	0000000000000000	0000002000008800
215	10443086	5	4	0000000000000000	0000000000000000	000000200000c800
216	001e208a	656	1	0000000000000000	0000000000000000	0000004000000000
217	10542086	54	2	0000000000000000	0000000000000000	0000004000000800
218	18522088	1	3	0000000000000000	0000000000000000	0000004000001040
219	1046208c	10	2	0000000000000000	0000000000000000	0000004000004000
220	18460888	1	3	0000000000000000	0000000000000000	0000004000004020
221	10c62082	5	4	0000000000000000	0000000000000000	000000400000c800
222	00d62088	2	2	0000000000000000	0000000000000000	0000004080000000
223	08d62080	1	3	0000000000000000	0000000000000000	0000004080000800
224	08d22088	1	4	0000000000000000	0000000000000000	0000004080001040
225	08d22880	1	7	0000000000000000	0000000000000000	00000040800018c1
226	08ca2088	2	2	0000000000000000	0000000000000000	0000004400000000
227	18c22088	1	7	0000000000000000	0000000000000000	0000004400015240
228	18622088	1	5	0000000000000000	0000000000000000	0000004400100240
229	18422288	2	8	0000000000000000	0000000000000000	0000004400115240
230	104c208a	10	2	0000000000000000	0000000000000000	0000006000000000
231	18442888	1	3	0000000000000000	0000000000000000	0000006000004000
232	18c42880	1	5	0000000000000000	0000000000000000	000000600000c800
233	10e084c0	1	4	0000000000000000	0000000000000000	0000008000000700
234	008047a4	846	1	0000000000000000	0000000000000000	0000010000000000
235	1004b448	337	1	0000000000000000	0000000000000000	0000020000000000
236	10cc9002	2	2	0000000000000000	0000000000000000	0000020000002000
237	1044b00c	34	2	0000000000000000	0000000000000000	0000020000004000
238	18468808	2	3	0000000000000000	0000000000000000	0000020000004020
239	1044b006	33	3	0000000000000000	0000000000000000	000002000000c000
240	10c63200	9	4	0000000000000000	0000000000000000	000002000000c800
241	10c49012	1	4	0000000000000000	0000000000000000	000002000000e000
242	104c3006	20	2	0000000000000000	0000000000000000	0000022000000000
243	10453208	7	3	0000000000000000	0000000000000000	0000022000004000
244	10443016	4	5	0000000000000000	0000000000000000	000002200000c800
245	104e200a	8	2	0000000000000000	0000000000000000	0000024000000000
246	1846200a	10	3	0000000000000000	0000000000000000	0000024000004000
247	18c62002	7	5	0000000000000000	0000000000000000	000002400000c800
248	10cc2006	7	3	0000000000000000	0000000000000000	0000026000000000
249	10083489	39	1	0000000000000000	0000000000000000	0000040000000000
250	10c084c8	1	3	0000000000000000	0000000000000000	0000040000010200
251	1008b4c0	6	2	0000000000000000	0000000000000000	0000041000000000
252	1080b4c0	2	3	0000000000000000	0000000000000000	0000041000010000
253	10c08cc0	1	7	0000000000000000	0000000000000000	0000049000010700
254	10889448	4	2	0000000000000000	0000000000000000	0000060000000000
255	10c89440	1	3	0000000000000000	0000000000000000	0000061000000000
256	001a2483	139	1	0000000000000000	0000000000000000	0000080000000000
257	08724401	1	2	0000000000000000	0000000000000000	0000080000040000
258	003a2282	20	2	0000000000000000	0000000000000000	0000084000000000
259	0008648b	662	1	0000000000000000	0000000000000000	0000100000000000
260	10082689	2	2	0000000000000000	0000000000000000	0000140000000000
261	00186483	158	2	0000000000000000	0000000000000000	0000180000000000
262	08782880	2	3	0000000000000000	0000000000000000	0000184000000000
263	10456600	1	1	0000000000000000	0000000000000000	0000200000000000
264	10456480	4	1	0000000000000000	0000000000000000	0000400000000000
265	1045e400	2	2	0000000000000000	0000000000000000	0000600000000000
266	104da400	2	3	0000000000000000	0000000000000000	0000620000000000
267	10456280	1	1	0000000000000000	0000000000000000	0000800000000000
268	1045a280	1	3	0000000000000000	0000000000000000	000080000000c000
269	10472280	1	5	0000000000000000	0000000000000000	000080400000c800
270	10456201	6	2	0000000000000000	0000000000000000	0000a00000000000
271	1045a201	1	3	0000000000000000	0000000000000000	0000a00000008000
272	104da200	1	3	0000000000000000	0000000000000000	0000a20000000000
273	18472200	1	7	0000000000000000	0000000000000000	0000a2400000c800
274	10456081	8	2	0000000000000000	0000000000000000	0000c00000000000
275	1045a081	1	3	0000000000000000	0000000000000000	0000c00000008000
276	1045a880	2	4	0000000000000000	0000000000000000	0000c0000000c000
277	104f2080	2	3	0000000000000000	0000000000000000	0000c04000000000
278	18472080	1	6	0000000000000000	0000000000000000	0000c0400000c800
279	10456003	21	3	0000000000000000	0000000000000000	0000e00000000000
280	18472001	1	5	0000000000000000	0000000000000000	0000e00000008800
281	18672000	1	4	0000000000000000	0000000000000000	0000e04000000000
282	1847a000	1	6	0000000000000000	0000000000000000	0000e2000000c000
283	184f2000	1	5	0000000000000000	0000000000000000	0000e24000000000
284	18472800	1	8	0000000000000000	0000000000000000	0000e2400000c800
285	10442681	6	1	0000000000000000	0000000000000000	0002000000000000
286	10446640	6	2	0000000000000000	0000000000000000	0002200000000000
287	1044a640	4	3	0000000000000000	0000000000000000	0002220000000000
288	10446481	42	2	0000000000000000	0000000000000000	0002400000000000
289	10446403	45	3	0000000000000000	0000000000000000	0002600000000000
290	1044ac40	13	4	0000000000000000	0000000000000000	0002620000000000
291	10446281	12	2	0000000000000000	0000000000000000	0002800000000000
292	1044a281	1	3	0000000000000000	0000000000000000	0002800000008000
293	10462281	1	4	0000000000000000	0000000000000000	0002800000008800
294	1044aa80	2	4	0000000000000000	0000000000000000	000280000000c000
295	104c2281	1	3	0000000000000000	0000000000000000	0002802000000000
296	104e2280	3	3	0000000000000000	0000000000000000	0002804000000000
297	10462a80	2	6	0000000000000000	0000000000000000	000280400000c800
298	104c2282	1	4	0000000000000000	0000000000000000	0002806000000000
299	18442a80	1	7	0000000000000000	0000000000000000	000280600000c800
300	10446203	32	3	0000000000000000	0000000000000000	0002a00000000000
301	1046a201	1	4	0000000000000000	0000000000000000	0002a00000008000
302	18462201	1	5	0000000000000000	0000000000000000	0002a00000008800
303	106c2202	4	4	0000000000000000	0000000000000000	0002a04000000000
304	104ea200	1	4	0000000000000000	0000000000000000	0002a20000000000
305	1846a200	1	6	0000000000000000	0000000000000000	0002a2000000c000
306	184e2200	1	5	0000000000000000	0000000000000000	0002a24000000000
307	18462202	3	8	0000000000000000	0000000000000000	0002a2400000c800
308	10446083	70	3	0000000000000000	0000000000000000	0002c00000000000
309	1044a881	3	4	0000000000000000	0000000000000000	0002c00000008000
310	10462881	2	5	0000000000000000	0000000000000000	0002c00000008800
311	1046a082	6	5	0000000000000000	0000000000000000	0002c0000000c000
312	104c2083	1	4	0000000000000000	0000000000000000	0002c02000000000
313	104e2082	13	4	0000000000000000	0000000000000000	0002c04000000000
314	18462082	7	7	0000000000000000	0000000000000000	0002c0400000c800
315	104c2086	3	5	0000000000000000	0000000000000000	0002c06000000000
316	10446007	132	4	0000000000000000	0000000000000000	0002e00000000000
317	1844a801	2	5	0000000000000000	0000000000000000	0002e00000008000
318	18462003	5	6	0000000000000000	0000000000000000	0002e00000008800
319	106c2006	12	5	0000000000000000	0000000000000000	0002e04000000000
320	104ca006	5	5	0000000000000000	0000000000000000	0002e20000000000
321	1846a002	6	7	0000000000000000	0000000000000000	0002e2000000c000
322	184e2002	7	6	0000000000000000	0000000000000000	0002e24000000000
323	18462006	4	9	0000000000000000	0000000000000000	0002e2400000c800
324	104c4680	3	2	0000000000000000	0000000000000000	0003000000000000
325	106c4600	1	3	0000000000000000	0000000000000000	0003200000000000
326	104c8640	1	4	0000000000000000	0000000000000000	0003220000000000
327	104c4481	18	3	0000000000000000	0000000000000000	0003400000000000
328	104c4403	17	4	0000000000000000	0000000000000000	0003600000000000
329	10648c40	2	5	0000000000000000	0000000000000000	0003600000080000
330	104c8c40	2	5	0000000000000000	0000000000000000	0003620000000000
331	104cc201	1	4	0000000000000000	0000000000000000	0003a00000000000
332	104c4086	9	4	0000000000000000	0000000000000000	0003c00000000000
333	104e8081	1	6	0000000000000000	0000000000000000	0003c00000002010
334	18468880	1	10	0000000000000000	0000000000000000	0003c0000008e030
335	104c4007	22	5	0000000000000000	0000000000000000	0003e00000000000
336	10486680	1	5	0000000000000000	0000000000000000	0006190000000000
337	1048e480	1	3	0000000000000000	0000000000000000	0006400000000000
338	104a6480	1	5	0000000000000000	0000000000000000	0006490000000000
339	10486482	3	6	0000000000000000	0000000000000000	0006590000000000
340	1048e440	1	4	0000000000000000	0000000000000000	0006600000000000
341	10686440	1	7	0000000000000000	0000000000000000	0006790000000000
342	104a6280	1	5	0000000000000000	0000000000000000	0006890000000000
343	184a6200	1	6	0000000000000000	0000000000000000	0006a90000000000
344	104ae080	2	4	0000000000000000	0000000000000000	0006c00000000000
345	104a6081	5	6	0000000000000000	0000000000000000	0006c90000000000
346	18622880	1	19	0000000000000000	0000000000000000	0006c9cc007606c0
347	10686082	1	7	0000000000000000	0000000000000000	0006d90000000000
348	184a6001	1	7	0000000000000000	0000000000000000	0006e90000000000
349	1040ccc0	2	7	0000000000000000	0000000000000000	0007400000380000
350	10488cc0	1	7	0000000000000000	0000000000000000	0007449000000000
351	1048c442	1	5	0000000000000000	0000000000000000	0007600000000000
352	10688c40	1	6	0000000000000000	0000000000000000	0007608000000000
353	10056680	3	1	0000000000000000	0000000000000000	0008000000000000
354	10056482	9	2	0000000000000000	0000000000000000	0008400000000000
355	1005e440	2	3	0000000000000000	0000000000000000	0008600000000000
356	1005e280	1	2	0000000000000000	0000000000000000	0008800000000000
357	1005e081	12	3	0000000000000000	0000000000000000	0008c00000000000
358	1005e006	5	4	0000000000000000	0000000000000000	0008e00000000000
359	100d84c0	2	3	0000000000000000	0000000000000000	0009400000000000
360	100dc440	2	4	0000000000000000	0000000000000000	0009600000000000
361	1025c440	1	5	0000000000000000	0000000000000000	0009600000080000
362	10046681	21	2	0000000000000000	0000000000000000	000a000000000000
363	1004e640	8	3	0000000000000000	0000000000000000	000a200000000000
364	100ca640	1	4	0000000000000000	0000000000000000	000a220000000000
365	10046483	85	3	0000000000000000	0000000000000000	000a400000000000
366	1004e403	40	4	0000000000000000	0000000000000000	000a600000000000
367	100ea440	1	5	0000000000000000	0000000000000000	000a620000000000
368	10046286	21	3	0000000000000000	0000000000000000	000a800000000000
369	1006a281	1	4	0000000000000000	0000000000000000	000a800000008000
370	18062281	1	5	0000000000000000	0000000000000000	000a800000008800
371	1806a280	1	5	0000000000000000	0000000000000000	000a80000000c000
372	102c2282	3	4	0000000000000000	0000000000000000	000a804000000000
373	18062a80	1	7	0000000000000000	0000000000000000	000a80400000c800
374	1004e203	16	4	0000000000000000	0000000000000000	000aa00000000000
375	10046087	89	4	0000000000000000	0000000000000000	000ac00000000000
376	1806a081	1	5	0000000000000000	0000000000000000	000ac00000008000
377	1806a880	1	6	0000000000000000	0000000000000000	000ac0000000c000
378	102c2086	7	5	0000000000000000	0000000000000000	000ac04000000000
379	10046017	59	5	0000000000000000	0000000000000000	000ae00000000000
380	100c8681	10	3	0000000000000000	0000000000000000	000b000000000000
381	100cc640	2	4	0000000000000000	0000000000000000	000b200000000000
382	1004c641	1	5	0000000000000000	0000000000000000	000b200000080000
383	100c4483	37	4	0000000000000000	0000000000000000	000b400000000000
384	1004c4e0	4	5	0000000000000000	0000000000000000	000b400000080000
385	100cc403	27	5	0000000000000000	0000000000000000	000b600000000000
386	1004c443	1	6	0000000000000000	0000000000000000	000b600000080000
387	100cc083	13	5	0000000000000000	0000000000000000	000bc00000000000
388	100cc007	10	6	0000000000000000	0000000000000000	000be00000000000
389	100a6680	1	5	0000000000000000	0000000000000000	000e090000000000
390	1008e4c0	3	4	0000000000000000	0000000000000000	000e400000000000
391	1020e4c0	1	6	0000000000000000	0000000000000000	000e400000300000
392	100a6481	4	6	0000000000000000	0000000000000000	000e490000000000
393	10286482	1	7	0000000000000000	0000000000000000	000e590000000000
394	1028e440	1	5	0000000000000000	0000000000000000	000e600000000000
395	180a6280	1	6	0000000000000000	0000000000000000	000e890000000000
396	100ae081	2	5	0000000000000000	0000000000000000	000ec00000000000
397	102a6082	2	7	0000000000000000	0000000000000000	000ec90000000000
398	1008c6c0	1	4	0000000000000000	0000000000000000	000f000000000000
399	1008c4c2	2	5	0000000000000000	0000000000000000	000f400000000000
400	0424a441	170	1	0000000000000000	0000000000000000	0010000000000000
401	040486c1	226	1	0000000000000000	0000000000000000	0020000000000000
402	04248641	209	2	0000000000000000	0000000000000000	0030000000000000
403	040a2483	66	1	0000000000000000	0000000000000000	0040000000000000
404	0402a4c1	11	2	0000000000000000	0000000000000000	0040000001000000
405	040aa083	28	2	0000000000000000	0000000000000000	0040000800000000
406	0403a281	21	3	0000000000000000	0000000000000000	0040000801000000
407	040b2282	78	3	0000000000000000	0000000000000000	0040000c00000000
408	0408a4c1	46	2	0000000000000000	0000000000000000	0040001000000000
409	0401a681	6	3	0000000000000000	0000000000000000	0040001001000000
410	0409a281	3	3	0000000000000000	0000000000000000	0040001800000000
411	0441a281	2	4	0000000000000000	0000000000000000	0040001801000000
412	04492282	10	4	0000000000000000	0000000000000000	0040001c00000000
413	0428a441	56	2	0000000000000000	0000000000000000	0050000000000000
414	04292203	13	3	0000000000000000	0000000000000000	0050000800000000
415	0423a201	4	4	0000000000000000	0000000000000000	0050000801000000
416	04292212	24	4	0000000000000000	0000000000000000	0050000c00000000
417	040a84c1	80	2	0000000000000000	0000000000000000	0060000000000000
418	04038681	12	3	0000000000000000	0000000000000000	0060000001000000
419	040b8281	6	3	0000000000000000	0000000000000000	0060000800000000
420	04438281	6	4	0000000000000000	0000000000000000	0060000801000000
421	04690282	5	4	0000000000000000	0000000000000000	0060000c00000000
422	040886c1	40	3	0000000000000000	0000000000000000	0060001000000000
423	040186c1	9	4	0000000000000000	0000000000000000	0060001001000000
424	04498281	1	4	0000000000000000	0000000000000000	0060001800000000
425	04418a81	1	5	0000000000000000	0000000000000000	0060001801000000
426	04288443	121	3	0000000000000000	0000000000000000	0070000000000000
427	04218641	26	4	0000000000000000	0000000000000000	0070000001000000
428	04298203	14	4	0000000000000000	0000000000000000	0070000800000000
429	04618203	8	5	0000000000000000	0000000000000000	0070000801000000
430	04698202	10	5	0000000000000000	0000000000000000	0070000c00000000
431	040186c8	699	1	0000000000000000	0000000000000000	0080000000000000
432	0424a086	93	2	0000000000000000	0000000000000000	0080000000800000
433	0405a288	112	3	0000000000000000	0000000000000000	0080000002800000
434	00a62488	8	2	0000000000000000	0000000000000000	0080000010000000
435	00a2248a	16	3	0000000000000000	0000000000000000	0080000010000200
436	00a4248a	11	3	0000000000000000	0000000000000000	0080000050000000
437	00a0a4c8	7	4	0000000000000000	0000000000000000	0080000050000200
438	00862688	9	3	0000000000000000	0000000000000000	0080000110000000
439	0082a4c8	7	5	0000000000000000	0000000000000000	0080000110010200
440	04232288	20	3	0000000000000000	0000000000000000	0080000400800000
441	0403a288	20	4	0000000000000000	0000000000000000	0080000402800000
442	08c2a088	1	12	0000000000000000	0000000000000000	0080000592815240
443	08c62088	1	8	0000000000000000	0000000000000000	0080004192804000
444	08c22288	2	13	0000000000000000	0000000000000000	0080004592815240
445	0424a442	34	2	0000000000000000	0000000000000000	0090000000000000
446	0425a202	34	3	0000000000000000	0000000000000000	0090000000800000
447	040586c0	88	2	0000000000000000	0000000000000000	00a0000000000000
448	04658280	3	3	0000000000000000	0000000000000000	00a0000000800000
449	04458a80	7	4	0000000000000000	0000000000000000	00a0000002800000
450	04258640	55	3	0000000000000000	0000000000000000	00b0000000000000
451	04658202	13	4	0000000000000000	0000000000000000	00b0000000800000
452	0403a680	49	3	0000000000000000	0000000000000000	00c0000001000000
453	04232282	17	6	0000000000000000	0000000000000000	00c0000c01800000
454	04432a80	29	7	0000000000000000	0000000000000000	00c0000c03800000
455	0401a6c0	25	4	0000000000000000	0000000000000000	00c0001001000000
456	04c1a280	2	8	0000000000000000	0000000000000000	00c0001c03800000
457	0421a640	17	4	0000000000000000	0000000000000000	00d0000001000000
458	0463a200	8	7	0000000000000000	0000000000000000	00d0000c01800000
459	042186c0	37	4	0000000000000000	0000000000000000	00e0000001000000
460	0c430a80	1	8	0000000000000000	0000000000000000	00e0000c03800000
461	044186c0	20	5	0000000000000000	0000000000000000	00e0001001000000
462	04238640	40	5	0000000000000000	0000000000000000	00f0000001000000
463	04e18202	2	8	0000000000000000	0000000000000000	00f0000c01800000
464	0401360c	942	1	0000000000000000	0000000000000000	0100000000000000
465	0403b208	98	2	0000000000000000	0000000000000000	0100000002000000
466	040ba208	15	2	0000000000000000	0000000000000000	0100000400000000
467	004e3408	14	2	0000000000000000	0000000000000000	0100020000000000
468	0401a648	255	2	0000000000000000	0000000000000000	0180000000000000
469	0407a208	39	4	0000000000000000	0000000000000000	0180000002800000
470	0443a208	8	5	0000000000000000	0000000000000000	0180000402800000
471	04029641	235	1	0000000000000000	0000000000000000	0200000000000000
472	04019641	80	2	0000000000000000	0000000000000000	0200001000000000
473	0404a641	113	2	0000000000000000	0000000000000000	0210000000000000
474	04058321	118	3	0000000000000000	0000000000000000	0230000000000000
475	040aa441	4	3	0000000000000000	0000000000000000	0250000000000000
476	0403a601	3	4	0000000000000000	0000000000000000	0250000001000000
477	040ba201	6	4	0000000000000000	0000000000000000	0250000800000000
478	0443a201	6	5	0000000000000000	0000000000000000	0250000801000000
479	0408a641	10	4	0000000000000000	0000000000000000	0250001000000000
480	0401a641	6	5	0000000000000000	0000000000000000	0250001001000000
481	04492203	5	5	0000000000000000	0000000000000000	0250001800000000
482	0441aa01	3	6	0000000000000000	0000000000000000	0250001801000000
483	040a8641	11	4	0000000000000000	0000000000000000	0270000000000000
484	04038641	14	5	0000000000000000	0000000000000000	0270000001000000
485	044b8201	4	5	0000000000000000	0000000000000000	0270000800000000
486	04438a01	5	6	0000000000000000	0000000000000000	0270000801000000
487	04098603	24	5	0000000000000000	0000000000000000	0270001000000000
488	04418641	18	6	0000000000000000	0000000000000000	0270001001000000
489	04498203	6	6	0000000000000000	0000000000000000	0270001800000000
490	04418321	5	7	0000000000000000	0000000000000000	0270001801000000
491	04039640	345	2	0000000000000000	0000000000000000	0300000000000000
492	0405b202	94	3	0000000000000000	0000000000000000	0300000002000000
493	0401b640	132	3	0000000000000000	0000000000000000	0300001000000000
494	0441ba00	9	4	0000000000000000	0000000000000000	0300001002000000
495	040ca442	140	3	0000000000000000	0000000000000000	0310000000000000
496	040d8442	88	4	0000000000000000	0000000000000000	0330000000000000
497	040aa640	11	4	0000000000000000	0000000000000000	0350000000000000
498	044ba200	3	6	0000000000000000	0000000000000000	0350000c00000000
499	0409a640	37	5	0000000000000000	0000000000000000	0350001000000000
500	04492212	6	7	0000000000000000	0000000000000000	0350001c00000000
501	040b8640	11	5	0000000000000000	0000000000000000	0370000000000000
502	04098642	46	6	0000000000000000	0000000000000000	0370001000000000
503	0405a640	51	4	0000000000000000	0000000000000000	0390000000000000
504	0445a202	37	6	0000000000000000	0000000000000000	0390000002800000
505	04078640	53	5	0000000000000000	0000000000000000	03b0000000000000
506	04858320	9	7	0000000000000000	0000000000000000	03b0000002800000
507	0443a600	5	6	0000000000000000	0000000000000000	03d0000001000000
508	04c3a200	4	10	0000000000000000	0000000000000000	03d0000c03800000
509	0441a640	17	7	0000000000000000	0000000000000000	03d0001001000000
510	04c1a202	3	11	0000000000000000	0000000000000000	03d0001c03800000
511	04438640	13	7	0000000000000000	0000000000000000	03f0000001000000
512	04418e40	23	8	0000000000000000	0000000000000000	03f0001001000000
513	04c18320	1	12	0000000000000000	0000000000000000	03f0001c03800000
514	008684c1	1	4	0000000000000000	0000000000000000	0420000028000000
515	00a484c1	1	5	0000000000000000	0000000000000000	0420000068000000
516	0082a4c1	1	6	0000000000000000	0000000000000000	0440008021000400
517	08c22881	1	12	0000000000000000	0000000000000000	0440018821008c81
518	00a984c0	1	4	0000000000000000	0000000000000000	0460008000000000
519	088284c1	1	9	0000000000000000	0000000000000000	0460008029000500
520	00a88541	1	5	0000000000000000	0000000000000000	0470008000000000
521	08e62080	1	6	0000000000000000	0000000000000000	0480004030800000
522	00a684c0	1	6	0000000000000000	0000000000000000	04a0000038000000
523	00a485c0	3	7	0000000000000000	0000000000000000	04a0000078000000
524	088684c0	1	7	0000000000000000	0000000000000000	04a0000138000000
525	00e68440	1	7	0000000000000000	0000000000000000	04b0000038000000
526	00e48540	2	8	0000000000000000	0000000000000000	04b0000078000000
527	00a2a4c0	1	9	0000000000000000	0000000000000000	04c0008031000600
528	0882a4c0	1	11	0000000000000000	0000000000000000	04c0008131010600
529	00e284c0	2	12	0000000000000000	0000000000000000	04e0008039000700
530	00e086c0	2	13	0000000000000000	0000000000000000	04e0008079000700
531	08c284c0	1	14	0000000000000000	0000000000000000	04e0008139010700
532	000c248b	89	1	0000000000000000	0000000000000000	0800000000000000
533	00842689	13	2	0000000000000000	0000000000000000	0800000040000000
534	0044b4c0	10	2	0000000000000000	0000000000000000	0800000100000000
535	00083689	67	2	0000000000000000	0000000000000000	0800040000000000
536	008086c9	8	3	0000000000000000	0000000000000000	0800040040000000
537	0048b4c0	11	3	0000000000000000	0000000000000000	0800041000000000
538	0080b6c0	2	5	0000000000000000	0000000000000000	0800041100010000
539	00482689	1	3	0000000000000000	0000000000000000	0800140000000000
540	008486c8	7	5	0000000000000000	0000000000000000	0880000150000000
541	00c08cc8	2	8	0000000000000000	0000000000000000	0880040150010200
542	000cb448	14	3	0000000000000000	0000000000000000	0900020000000000
543	00c49448	1	4	0000000000000000	0000000000000000	0900020100000000
544	00889648	9	4	0000000000000000	0000000000000000	0900060000000000
545	00c4a448	2	7	0000000000000000	0000000000000000	0980020150000000
546	008c9441	2	2	0000000000000000	0000000000000000	0a00000000000000
547	00889641	2	4	0000000000000000	0000000000000000	0a00041000000000
548	004cb440	6	4	0000000000000000	0000000000000000	0b00020000000000
549	00c49c40	2	5	0000000000000000	0000000000000000	0b00020100000000
550	0088b640	5	6	0000000000000000	0000000000000000	0b00061000000000
551	008c84c4	1	3	0000000000000000	0000000000000000	0c20000000000000
552	00c884d0	2	7	0000000000000000	0000000000000000	0c60049000000000
553	00c086c1	1	13	0000000000000000	0000000000000000	0c60049069000500
554	00c484d0	3	9	0000000000000000	0000000000000000	0ca0000178000000
555	00c08ec0	2	18	0000000000000000	0000000000000000	0ce0049179010700
556	08c0ac40	1	19	0000000000000000	0000000000000000	0fd0069171010600
557	0002601f	1370	1	0000000000000000	0000000000000000	1000000000000000
558	00562083	10	2	0000000000000000	0000000000000000	1000000000000800
559	0032e081	15	2	0000000000000000	0000000000000000	1000000000020000
560	0052aa01	3	3	0000000000000000	0000000000000000	1000000000020080
561	0872a080	1	4	0000000000000000	0000000000000000	10000000000200c0
562	00568281	17	2	0000000000000000	0000000000000000	1000000008000000
563	08560281	2	3	0000000000000000	0000000000000000	1000000008000800
564	08528281	2	5	0000000000000000	0000000000000000	1000000008020180
565	0016a288	16	2	0000000000000000	0000000000000000	1000000080000000
566	0052a888	3	4	0000000000000000	0000000000000000	1000000080001040
567	08568880	1	3	0000000000000000	0000000000000000	1000000088000000
568	00762082	5	2	0000000000000000	0000000000000000	1000004000000000
569	08722088	1	3	0000000000000000	0000000000000000	1000004000000040
570	00562288	6	3	0000000000000000	0000000000000000	1000004080000000
571	08162a80	7	4	0000000000000000	0000000000000000	1000004080000800
572	08522288	2	5	0000000000000000	0000000000000000	1000004080001040
573	00726082	6	4	0000000000000000	0000000000000000	1000080000060000
574	00522a81	4	7	0000000000000000	0000000000000000	1000080000060881
575	08722082	2	7	0000000000000000	0000000000000000	10000840000600c0
576	001086c9	719	1	0000000000000000	0000000000000000	2000000000000000
577	001486c1	40	2	0000000000000000	0000000000000000	2000000008000000
578	00508551	16	3	0000000000000000	0000000000000000	2000000008000100
579	0000c6c9	27	2	0000000000000000	0000000000000000	2000000200000000
580	002086c9	14	3	0000000000000000	0000000000000000	2000000240000000
581	00106689	67	2	0000000000000000	0000000000000000	2000100000000000
582	00606449	1	3	0000000000000000	0000000000000000	2000100200000000
583	00704550	3	4	0000000000000000	0000000000000000	2000180000040000
584	0004a4c9	5	4	0000000000000000	0000000000000000	2800000240000000
585	0010c12d	538	2	0000000000000000	0000000000000000	3000000000000000
586	08542881	1	3	0000000000000000	0000000000000000	3000000000000800
587	0070c007	14	3	0000000000000000	0000000000000000	3000000000020000
588	0050aa81	3	4	0000000000000000	0000000000000000	3000000000020080
589	00548125	29	3	0000000000000000	0000000000000000	3000000008000000
590	00708125	1	6	0000000000000000	0000000000000000	3000000008020180
591	0054a888	6	3	0000000000000000	0000000000000000	3000000080000000
592	0004e289	2	3	0000000000000000	0000000000000000	3000000200000000
593	08742880	1	3	0000000000000000	0000000000000000	3000004000000000
594	0050401f	15	3	0000000000000000	0000000000000000	3000100000000000
595	00066688	311	1	0000000000000000	0000000000000000	4000000000000000
596	0002e4c8	17	2	0000000000000000	0000000000000000	4000000000100000
597	082aa088	2	2	0000000000000000	0000000000000000	4000000400000000
598	002e208a	11	2	0000000000000000	0000000000000000	4000004000000000
599	006a208a	10	3	0000000000000000	0000000000000000	4000004400000000
600	0028648a	14	2	0000000000000000	0000000000000000	4000100000000000
601	0026248a	12	3	0000000000000000	0000000000000000	4080000010000000
602	0022a4c8	6	5	0000000000000000	0000000000000000	4080000010100200
603	0006a4c8	7	4	0000000000000000	0000000000000000	4080000110000000
604	08422688	3	7	0000000000000000	0000000000000000	4080000110110200
605	000ea448	6	3	0000000000000000	0000000000000000	4100020000000000
606	000c86c8	10	2	0000000000000000	0000000000000000	4800000000000000
607	00488cc8	2	3	0000000000000000	0000000000000000	4800040000000000
608	004c8c48	2	4	0000000000000000	0000000000000000	4900020000000000
609	0026608a	16	2	0000000000000000	0000000000000000	5000000000000000
610	0842608a	8	3	0000000000000000	0000000000000000	5000000000100000
611	0046a888	4	9	0000000000000000	0000000000000000	5080000192804000
612	0842a288	2	15	0000000000000000	0000000000000000	5080000592915240
613	08662088	1	6	0000000000000000	0000000000000000	5080004010800000
614	0846208a	6	10	0000000000000000	0000000000000000	5080004192804000
615	08622288	2	10	0000000000000000	0000000000000000	5080004410900240
616	08422a88	3	16	0000000000000000	0000000000000000	5080004592915240
617	0004e4c8	16	3	0000000000000000	0000000000000000	6000000200000000
618	0020e4c8	9	4	0000000000000000	0000000000000000	6000000200100000
619	0024a4c8	4	6	0000000000000000	0000000000000000	6080000250000000
620	0044a4c8	1	8	0000000000000000	0000000000000000	6880000350000000
621	0048c4c1	1	5	0000000000000000	0000000000000000	8007400000000000
622	0048c443	3	6	0000000000000000	0000000000000000	8007600000000000
623	0062c441	1	8	0000000000000000	0000000000000000	8007600000280000
624	0006c4c1	2	6	0000000000000000	0000000000000000	800b400000080000
625	000cc443	2	6	0000000000000000	0000000000000000	800b600000000000
626	0026c441	1	7	0000000000000000	0000000000000000	800b600000080000
627	002cc083	5	6	0000000000000000	0000000000000000	800bc00000000000
628	0002e4c1	2	6	0000000000000000	0000000000000000	800e400000200000
629	08226481	1	9	0000000000000000	0000000000000000	800e490000240000
630	0008c6c1	1	5	0000000000000000	0000000000000000	800f000000000000
631	0008c4c3	3	6	0000000000000000	0000000000000000	800f400000000000
632	0802c4c1	1	8	0000000000000000	0000000000000000	800f400000280000
633	0028c443	3	7	0000000000000000	0000000000000000	800f600000000000
634	0822c441	1	9	0000000000000000	0000000000000000	800f600000280000
635	080ac281	1	6	0000000000000000	0000000000000000	800f800000000000
636	0006a4c1	2	6	0000000000000000	0000000000000000	840a400020000000
637	000ea083	1	6	0000000000000000	0000000000000000	840ac00000000000
638	000e84c1	2	7	0000000000000000	0000000000000000	842b400000000000
639	0842a481	1	12	0000000000000000	0000000000000000	8446408021600400
640	08422c81	2	15	0000000000000000	0000000000000000	8446498021640400
641	006aa081	1	9	0000000000000000	0000000000000000	8446c08800000000
642	0028a4c1	1	8	0000000000000000	0000000000000000	844e408000000000
643	006884c1	1	9	0000000000000000	0000000000000000	8467408000000000
644	002886c1	1	9	0000000000000000	0000000000000000	846f008000000000
645	002a84c1	1	10	0000000000000000	0000000000000000	846f408000000000
646	00688c41	1	11	0000000000000000	0000000000000000	8477608000000000
647	004c84c1	1	7	0000000000000000	0000000000000000	8c23400000000000
648	000c86c1	1	7	0000000000000000	0000000000000000	8c2b000000000000
649	0048a4c1	1	10	0000000000000000	0000000000000000	8c46449000000000
650	004c8641	1	9	0000000000000000	0000000000000000	8e33200000000000
651	0846c081	1	7	0000000000000000	0000000000000000	9003c00000080000
652	084260a1	1	11	0000000000000000	0000000000000000	9006c90000260000
653	0006e083	3	6	0000000000000000	0000000000000000	900ac00000000000
654	0806c281	1	7	0000000000000000	0000000000000000	900b800000080000
655	08226083	1	12	0000000000000000	0000000000000000	900ec90000260000
656	0046a881	1	8	0000000000000000	0000000000000000	9402c00020008000
657	08432881	1	22	0000000000000000	0000000000000000	9444c98821668c81
658	08622881	1	20	0000000000000000	0000000000000000	9446c98821660480
659	0044c641	1	7	0000000000000000	0000000000000000	a003200200080000
660	0044c4c1	1	7	0000000000000000	0000000000000000	a003400200080000
661	0044cc41	2	8	0000000000000000	0000000000000000	a003600200080000
662	0040e641	1	7	0000000000000000	0000000000000000	a006200200200000
663	0040e4c1	1	7	0000000000000000	0000000000000000	a006400200200000
664	0024e441	1	7	0000000000000000	0000000000000000	a00a600200000000
665	0004c6c1	1	7	0000000000000000	0000000000000000	a00b000200080000
666	0024c4c1	1	8	0000000000000000	0000000000000000	a00b400200080000
667	0000e6c1	1	7	0000000000000000	0000000000000000	a00e000200200000
668	0044a4c1	1	9	0000000000000000	0000000000000000	ac02400260000000
669	0004a6c1	1	9	0000000000000000	0000000000000000	ac0a000260000000
670	0024e083	1	8	0000000000000000	0000000000000000	b00ac00200000000
671	004dc440	1	5	0000000000000000	0000000000000000	c001600000000000
672	0046e440	1	5	0000000000000000	0000000000000000	c002600000000000
673	0046c4c0	1	6	0000000000000000	0000000000000000	c003400000080000
674	004cc442	5	6	0000000000000000	0000000000000000	c003600000000000
675	0066c440	1	7	0000000000000000	0000000000000000	c003600000080000
676	0048e450	1	6	0000000000000000	0000000000000000	c006600000000000
677	0848e880	1	6	0000000000000000	0000000000000000	c006c00000000000
678	0048c6c0	1	5	0000000000000000	0000000000000000	c007000000000000
679	0048ce40	1	6	0000000000000000	0000000000000000	c007200000000000
680	0048c4c2	4	6	0000000000000000	0000000000000000	c007400000000000
681	0068c460	3	7	0000000000000000	0000000000000000	c007600000000000
682	000de440	1	5	0000000000000000	0000000000000000	c008600000000000
683	000dc4c0	1	5	0000000000000000	0000000000000000	c009400000000000
684	002dc440	1	6	0000000000000000	0000000000000000	c009600000000000
685	0026e480	1	5	0000000000000000	0000000000000000	c00a400000000000
686	000ce450	1	6	0000000000000000	0000000000000000	c00a600000000000
687	002c6182	1	6	0000000000000000	0000000000000000	c00ac00000000000
688	002ee002	1	7	0000000000000000	0000000000000000	c00ae00000000000
689	000cc6c0	1	5	0000000000000000	0000000000000000	c00b000000000000
690	000cc4c2	8	6	0000000000000000	0000000000000000	c00b400000000000
691	0026c4c0	2	7	0000000000000000	0000000000000000	c00b400000080000
692	000cc446	4	7	0000000000000000	0000000000000000	c00b600000000000
693	0009e4c0	1	5	0000000000000000	0000000000000000	c00c400000000000
694	0029c4c0	1	6	0000000000000000	0000000000000000	c00d400000000000
695	0008e4d0	1	6	0000000000000000	0000000000000000	c00e400000000000
696	0022e4c0	2	8	0000000000000000	0000000000000000	c00e400000300000
697	0028e444	1	7	0000000000000000	0000000000000000	c00e600000000000
698	082ae080	1	7	0000000000000000	0000000000000000	c00ec00000000000
699	000ac6c0	2	6	0000000000000000	0000000000000000	c00f000000000000
700	0028c642	2	7	0000000000000000	0000000000000000	c00f200000000000
701	0028c4c2	6	7	0000000000000000	0000000000000000	c00f400000000000
702	0822c4c0	1	10	0000000000000000	0000000000000000	c00f400000380000
703	002ac442	1	8	0000000000000000	0000000000000000	c00f600000000000
704	004ea084	2	6	0000000000000000	0000000000000000	c402c00000000000
705	006e2880	3	7	0000000000000000	0000000000000000	c402c04000000000
706	080ea880	2	7	0000000000000000	0000000000000000	c40ac00000000000
707	004e84c0	1	7	0000000000000000	0000000000000000	c423400000000000
708	002d84c0	1	7	0000000000000000	0000000000000000	c429400000000000
709	002c86c0	1	7	0000000000000000	0000000000000000	c42b000000000000
710	002c84c2	6	8	0000000000000000	0000000000000000	c42b400000000000
711	006c8442	3	9	0000000000000000	0000000000000000	c433600000000000
712	002e8640	1	9	0000000000000000	0000000000000000	c43b200000000000
713	082e8440	1	10	0000000000000000	0000000000000000	c43b600000000000
714	084aa082	1	11	0000000000000000	0000000000000000	c446c08c00000000
715	084a2086	3	14	0000000000000000	0000000000000000	c446c9cc00000000
716	080aa4c0	2	9	0000000000000000	0000000000000000	c44e408000000000
717	082a2282	1	14	0000000000000000	0000000000000000	c44e89cc00000000
718	006886c0	1	9	0000000000000000	0000000000000000	c467008000000000
719	006884c2	3	10	0000000000000000	0000000000000000	c467408000000000
720	002a86c0	1	10	0000000000000000	0000000000000000	c46f008000000000
721	002a84c2	2	11	0000000000000000	0000000000000000	c46f408000000000
722	006a8640	1	11	0000000000000000	0000000000000000	c477208000000000
723	006a8c40	2	12	0000000000000000	0000000000000000	c477608000000000
724	0046a4c0	2	9	0000000000000000	0000000000000000	c482400130000000
725	0026a4c0	1	9	0000000000000000	0000000000000000	c48a400030000000
726	0842a4c0	2	19	0000000000000000	0000000000000000	c4c6408131710600
727	08622c80	1	20	0000000000000000	0000000000000000	c4c6498031740600
728	000da4c0	1	6	0000000000000000	0000000000000000	cc08400000000000
729	000ca4c2	3	7	0000000000000000	0000000000000000	cc0a400000000000
730	004c86c0	1	7	0000000000000000	0000000000000000	cc23000000000000
731	004c84d0	2	8	0000000000000000	0000000000000000	cc23400000000000
732	0048acc0	1	11	0000000000000000	0000000000000000	cc46449000000000
733	00466884	3	6	0000000000000000	0000000000000000	d002c00000000000
734	0842e082	4	10	0000000000000000	0000000000000000	d006c00000320000
735	084268a0	5	13	0000000000000000	0000000000000000	d006c90000360000
736	08066284	2	6	0000000000000000	0000000000000000	d00a800000000000
737	0026e082	4	7	0000000000000000	0000000000000000	d00ac00000000000
738	0866a080	1	11	0000000000000000	0000000000000000	d482c00030800000
739	0846a082	2	16	0000000000000000	0000000000000000	d482c001b280c000
740	08462882	4	18	0000000000000000	0000000000000000	d482c041b280c800
741	0843a880	1	31	0000000000000000	0000000000000000	d4c4c08db3f3d6c0
742	0862a280	1	24	0000000000000000	0000000000000000	d4c6808c31f206c0
743	08422a82	4	37	0000000000000000	0000000000000000	d4c689cdb3f7dec1
744	0862a880	1	25	0000000000000000	0000000000000000	d4c6c08c31f206c0
745	08622882	1	29	0000000000000000	0000000000000000	d4c6c9cc31f606c0
746	0044ec80	2	6	0000000000000000	0000000000000000	e002400200000000
747	0044e442	4	7	0000000000000000	0000000000000000	e002600200000000
748	0044c6c0	1	7	0000000000000000	0000000000000000	e003000200080000
749	0064c640	1	8	0000000000000000	0000000000000000	e003200200080000
750	0044c4d0	3	8	0000000000000000	0000000000000000	e003400200080000
751	0064c442	4	9	0000000000000000	0000000000000000	e003600200080000
752	0040e6c0	1	8	0000000000000000	0000000000000000	e006000200300000
753	0060e640	1	9	0000000000000000	0000000000000000	e006200200300000
754	0040ecc0	3	9	0000000000000000	0000000000000000	e006400200300000
755	0060ccc0	1	11	0000000000000000	0000000000000000	e007400200380000
756	0005e4c0	1	6	0000000000000000	0000000000000000	e008400200000000
757	0004e4c2	5	7	0000000000000000	0000000000000000	e00a400200000000
758	0024e442	1	8	0000000000000000	0000000000000000	e00a600200000000
759	0024c4c2	1	9	0000000000000000	0000000000000000	e00b400200080000
760	0064a4c0	1	11	0000000000000000	0000000000000000	e482400270000000
761	0044a6c0	1	12	0000000000000000	0000000000000000	ec82000370000000
762	0044acc0	2	13	0000000000000000	0000000000000000	ec82400370000000
763	0044e086	1	8	0000000000000000	0000000000000000	f002c00200000000
764	0024e086	1	9	0000000000000000	0000000000000000	f00ac00200000000
765	03684084	365	1	0000000000000000	0000000000000001	0000000000000000
766	0128940a	79	1	0000000000000000	0000000000000002	0000000000000000
767	01289405	39	1	0000000000000000	0000000000000004	0000000000000000
768	0128d404	87	2	0000000000000000	0000000000000006	0000000000000000
769	01283206	1210	1	0000000000000000	0000000000000008	0000000000000000
770	01a84448	5	1	0000000000000000	0000000000000010	0000000000000000
771	01a8440c	45	2	0000000000000000	0000000000000012	0000000000000000
772	01205445	14	1	0000000000000000	0000000000000020	0000000000000000
773	01285405	9	2	0000000000000000	0000000000000024	0000000000000000
774	01a84444	12	2	0000000000000000	0000000000000030	0000000000000000
775	01a85404	22	4	0000000000000000	0000000000000036	0000000000000000
776	11c85080	1	1	0000000000000000	0000000000000040	0000000000000000
777	11c840c0	2	2	0000000000000000	0000000000000041	0000000000000000
778	11e84040	1	4	0000000000000000	0000000000000071	0000000000000000
779	11e85000	1	5	0000000000000000	0000000000000076	0000000000000000
780	01081685	217	1	0000000000000000	0000000000000080	0000000000000000
781	11281441	4	2	0000000000000000	00000000000000a0	0000000000000000
782	11281405	7	3	0000000000000000	00000000000000a4	0000000000000000
783	11281640	7	3	0000000000000000	00000000000000b0	0000000000000000
784	11681402	25	5	0000000000000000	00000000000000b6	0000000000000000
785	0080d48c	68	1	0000000000000000	0000000000000100	0000000000000000
786	0120d40c	114	2	0000000000000000	0000000000000102	0000000000000000
787	00805487	313	1	0000000000000000	0000000000000200	0000000000000000
788	10804487	1	2	0000000000000000	0000000000000200	0000010000000000
789	01209605	115	2	0000000000000000	0000000000000204	0000000000000000
790	01605405	27	3	0000000000000000	0000000000000224	0000000000000000
791	01201683	122	2	0000000000000000	0000000000000280	0000000000000000
792	11601405	11	4	0000000000000000	00000000000002a4	0000000000000000
793	0080c5a4	179	2	0000000000000000	0000000000000300	0000000000000000
794	0160d404	161	4	0000000000000000	0000000000000306	0000000000000000
795	11e09200	2	5	0000000000000000	000000000000030e	0000000000000000
796	00a054c4	88	1	0000000000000000	0000000000000400	0000000000000000
797	10c044c4	2	2	0000000000000000	0000000000000400	0000010000000000
798	01a0444c	23	2	0000000000000000	0000000000000410	0000000000000000
799	01a05442	39	3	0000000000000000	0000000000000430	0000000000000000
800	11e040c0	1	3	0000000000000000	0000000000000441	0000000000000000
801	11e05040	2	4	0000000000000000	0000000000000470	0000000000000000
802	11e04050	4	5	0000000000000000	0000000000000471	0000000000000000
803	01a015c0	14	2	0000000000000000	0000000000000480	0000000000000000
804	11601442	17	4	0000000000000000	00000000000004b0	0000000000000000
805	00a0548c	119	2	0000000000000000	0000000000000500	0000000000000000
806	01a0540a	91	4	0000000000000000	0000000000000512	0000000000000000
807	00a05684	173	3	0000000000000000	0000000000000700	0000000000000000
808	01a05406	57	7	0000000000000000	0000000000000736	0000000000000000
809	11e05080	1	4	0000000000000000	0000000000000740	0000000000000000
810	31e04080	1	5	0000000000000000	0000000000000741	0000000000000000
811	11e05002	7	8	0000000000000000	0000000000000776	0000000000000000
812	01e01484	56	4	0000000000000000	0000000000000780	0000000000000000
813	11601424	22	8	0000000000000000	00000000000007b6	0000000000000000
814	11089209	19	1	0000000000000000	0000000000000800	0000000000000000
815	1148d001	6	2	0000000000000000	0000000000000804	0000000000000000
816	11c8c200	4	3	0000000000000000	0000000000000806	0000000000000000
817	0108540d	185	1	0000000000000000	0000000000001000	0000000000000000
818	0188444c	8	2	0000000000000000	0000000000001010	0000000000000000
819	0188540c	52	3	0000000000000000	0000000000001012	0000000000000000
820	01805443	29	2	0000000000000000	0000000000001020	0000000000000000
821	01885405	14	3	0000000000000000	0000000000001024	0000000000000000
822	01884464	23	3	0000000000000000	0000000000001030	0000000000000000
823	01c84424	44	5	0000000000000000	0000000000001036	0000000000000000
824	31480403	7	4	0000000000000000	00000000000010a4	0000000000000000
825	31c80440	1	4	0000000000000000	00000000000010b0	0000000000000000
826	31480406	8	6	0000000000000000	00000000000010b6	0000000000000000
827	01805407	30	4	0000000000000000	0000000000001224	0000000000000000
828	31c00403	1	5	0000000000000000	00000000000012a4	0000000000000000
829	0180544c	17	3	0000000000000000	0000000000001410	0000000000000000
830	01805644	74	4	0000000000000000	0000000000001430	0000000000000000
831	01c0540c	42	5	0000000000000000	0000000000001512	0000000000000000
832	01c05424	49	8	0000000000000000	0000000000001736	0000000000000000
833	1148100d	40	2	0000000000000000	0000000000001800	0000000000000000
834	11485005	6	4	0000000000000000	0000000000001824	0000000000000000
835	31c84008	1	6	0000000000000000	0000000000001853	0000000000000000
836	19c84040	2	6	0000000000000000	0000000000001871	0000000000000000
837	31c85000	1	7	0000000000000000	0000000000001876	0000000000000000
838	31c84002	4	8	0000000000000000	0000000000001877	0000000000000000
839	1000d289	123	1	0000000000000000	0000000000002000	0000000000000000
840	11c0c088	1	2	0000000000000000	0000000000002100	0000000000000000
841	1080d281	85	2	0000000000000000	0000000000002200	0000000000000000
842	11401285	7	3	0000000000000000	0000000000002280	0000000000000000
843	11c0c082	15	3	0000000000000000	0000000000002300	0000000000000000
844	11c050c0	1	3	0000000000000000	0000000000002440	0000000000000000
845	11c040d0	6	4	0000000000000000	0000000000002441	0000000000000000
846	31c04088	1	5	0000000000000000	0000000000002541	0000000000000000
847	11c05084	4	5	0000000000000000	0000000000002740	0000000000000000
848	31c04082	6	6	0000000000000000	0000000000002741	0000000000000000
849	1100d00d	65	2	0000000000000000	0000000000002800	0000000000000000
850	11c0d008	3	4	0000000000000000	0000000000002902	0000000000000000
851	1140d005	30	4	0000000000000000	0000000000002a04	0000000000000000
852	11c0c120	27	6	0000000000000000	0000000000002b06	0000000000000000
853	1140500d	33	3	0000000000000000	0000000000003800	0000000000000000
854	11c04043	4	4	0000000000000000	0000000000003820	0000000000000000
855	11c05003	5	6	0000000000000000	0000000000003a24	0000000000000000
856	19c04048	2	7	0000000000000000	0000000000003c51	0000000000000000
857	11c05044	4	7	0000000000000000	0000000000003c70	0000000000000000
858	19c04044	9	8	0000000000000000	0000000000003c71	0000000000000000
859	31c05002	4	11	0000000000000000	0000000000003f76	0000000000000000
860	19488880	2	1	0000000000000000	0000000000004000	0000000000000000
861	19285080	2	2	0000000000000000	0000000000004040	0000000000000000
862	39484080	1	3	0000000000000000	0000000000004041	0000000000000000
863	19685000	1	6	0000000000000000	0000000000004076	0000000000000000
864	1920d080	2	3	0000000000000000	0000000000004300	0000000000000000
865	1960d000	1	5	0000000000000000	0000000000004306	0000000000000000
866	192050c0	1	3	0000000000000000	0000000000004440	0000000000000000
867	19605040	1	5	0000000000000000	0000000000004470	0000000000000000
868	19605008	1	6	0000000000000000	0000000000004552	0000000000000000
869	19605080	1	5	0000000000000000	0000000000004740	0000000000000000
870	19605004	3	9	0000000000000000	0000000000004776	0000000000000000
871	1940c088	1	3	0000000000000000	0000000000006100	0000000000000000
872	1940c880	3	4	0000000000000000	0000000000006300	0000000000000000
873	19405088	1	5	0000000000000000	0000000000006540	0000000000000000
874	19405084	2	6	0000000000000000	0000000000006740	0000000000000000
875	1940d800	1	7	0000000000000000	0000000000006b06	0000000000000000
876	10a0c448	89	1	0000000000000000	0000000000008000	0000000000000000
877	30406608	4	2	0000000000000000	0000000000008000	0000000000100000
878	30a0c408	2	3	0000000000000000	0000000000008102	0000000000000000
879	30c0c401	1	3	0000000000000000	0000000000008204	0000000000000000
880	30c0c500	3	5	0000000000000000	0000000000008306	0000000000000000
881	30e04408	1	5	0000000000000000	0000000000008512	0000000000000000
882	30c04409	2	2	0000000000000000	0000000000009000	0000000000000000
883	30c04448	1	4	0000000000000000	0000000000009410	0000000000000000
884	38c04440	1	5	0000000000000000	0000000000009430	0000000000000000
885	38c04408	1	6	0000000000000000	0000000000009512	0000000000000000
886	30c0c009	1	3	0000000000000000	000000000000a800	0000000000000000
887	0000368d	513	1	0000000000000000	0000000000010000	0000000000000000
888	30a02488	1	2	0000000000000000	0000000000010000	0000000000000200
889	30403488	4	2	0000000000000000	0000000000010000	0000000000010000
890	3080248a	4	3	0000000000000000	0000000000010000	0000000000010200
891	3080a482	5	4	0000000000000000	0000000000010000	0000000000010600
892	30602488	1	3	0000000000000000	0000000000010000	0000000000100200
893	3040a488	1	4	0000000000000000	0000000000010000	0000000000110200
894	00203683	12	2	0000000000000000	0000000000010000	0000000000400000
895	20802689	7	2	0000000000000000	0000000000010000	0000000040000000
896	20a02688	3	4	0000000000000000	0000000000010000	0000000050000200
897	2080b488	3	3	0000000000000000	0000000000010000	0000000100010000
898	20c02688	3	6	0000000000000000	0000000000010000	0000000150010200
899	20c0a680	1	9	0000000000000000	0000000000010000	0000000171010600
900	2000a689	3	3	0000000000000000	0000000000010000	0000000240000000
901	10809489	3	2	0000000000000000	0000000000010000	0000040000000000
902	10c0b480	1	4	0000000000000000	0000000000010000	0000041000010000
903	0080a689	1	4	0000000000000000	0000000000010000	0800040040000000
904	00e09488	5	2	0000000000000000	0000000000010100	0000000000000000
905	30c08488	1	4	0000000000000000	0000000000010100	0000000000010200
906	00a09681	4	2	0000000000000000	0000000000010200	0000000000000000
907	30a09480	1	3	0000000000000000	0000000000010300	0000000000000000
908	10a01688	9	3	0000000000000000	0000000000010500	0000000000000000
909	18a09440	1	1	0000000000000000	0000000000020000	0000000000000000
910	38201448	1	3	0000000000000000	0000000000020410	0000000000000000
911	38201409	3	2	0000000000000000	0000000000030000	0000000000000000
912	38209408	1	4	0000000000000000	0000000000030102	0000000000000000
913	38201608	3	6	0000000000000000	0000000000030512	0000000000000000
914	38402409	4	3	0000000000000000	0000000000038000	0000000000000000
915	38c02408	1	5	0000000000000000	0000000000038000	0000000000010200
916	38c00409	1	4	0000000000000000	0000000000039000	0000000000000000
917	002030cb	19	1	0000000000000000	0000000000040000	0000000000000000
918	00003a8d	232	2	0000000000000000	0000000000050000	0000000000000000
919	0060b083	6	3	0000000000000000	0000000000050000	0000000000400000
920	10408a89	2	3	0000000000000000	0000000000052000	0000000000000000
921	38201049	1	2	0000000000000000	0000000000060000	0000000000000000
922	38402209	2	4	0000000000000000	0000000000078000	0000000000000000
923	0088c449	254	1	0000000000000000	0000000000080000	0000000000000000
924	08888449	1	3	0000000000000000	0000000000080000	0800040000000000
925	2088c40c	3	2	0000000000000000	0000000000080002	0000000000000000
926	2088c424	4	3	0000000000000000	0000000000080006	0000000000000000
927	3080d408	1	3	0000000000000000	0000000000080102	0000000000000000
928	2008440f	28	2	0000000000000000	0000000000081000	0000000000000000
929	2088444c	3	3	0000000000000000	0000000000081010	0000000000000000
930	2088440e	7	4	0000000000000000	0000000000081012	0000000000000000
931	28884444	2	4	0000000000000000	0000000000081030	0000000000000000
932	20884524	6	6	0000000000000000	0000000000081036	0000000000000000
933	38805408	1	6	0000000000000000	0000000000081512	0000000000000000
934	1080c449	101	2	0000000000000000	0000000000088000	0000000000000000
935	3080c40c	3	4	0000000000000000	0000000000088102	0000000000000000
936	3080440d	6	3	0000000000000000	0000000000089000	0000000000000000
937	38804448	1	5	0000000000000000	0000000000089410	0000000000000000
938	1880c049	2	4	0000000000000000	000000000008a800	0000000000000000
939	18808449	1	4	0000000000000000	00000000000a8000	0000040000000000
940	38002609	4	4	0000000000000000	00000000000b8000	0000000000000000
941	1182c0c0	9	1	0000000000000000	0000000000100000	0000000000000000
942	11a8d000	1	3	0000000000000000	0000000000100006	0000000000000000
943	31885080	1	2	0000000000000000	0000000000100040	0000000000000000
944	318840c0	1	3	0000000000000000	0000000000100041	0000000000000000
945	11a85040	1	4	0000000000000000	0000000000100070	0000000000000000
946	11a0d080	2	3	0000000000000000	0000000000100300	0000000000000000
947	11a0d002	6	5	0000000000000000	0000000000100306	0000000000000000
948	11a050c0	1	3	0000000000000000	0000000000100440	0000000000000000
949	11a05042	5	5	0000000000000000	0000000000100470	0000000000000000
950	31a05080	1	5	0000000000000000	0000000000100740	0000000000000000
951	31a05002	2	9	0000000000000000	0000000000100776	0000000000000000
952	3188c040	1	2	0000000000000000	0000000000100800	0000000000000000
953	3188c002	3	4	0000000000000000	0000000000100806	0000000000000000
954	1180c1c0	3	2	0000000000000000	0000000000102000	0000000000000000
955	1180d088	2	3	0000000000000000	0000000000102100	0000000000000000
956	1180d084	9	4	0000000000000000	0000000000102300	0000000000000000
957	318050c0	1	4	0000000000000000	0000000000102440	0000000000000000
958	1180d240	3	3	0000000000000000	0000000000102800	0000000000000000
959	3180d002	2	7	0000000000000000	0000000000102b06	0000000000000000
960	11425088	15	1	0000000000000000	0000000000200000	0000000000000000
961	1148c084	7	2	0000000000000000	0000000000204000	0000000000000000
962	1168d000	1	4	0000000000000000	0000000000204006	0000000000000000
963	11609240	2	3	0000000000000000	0000000000204008	0000000000000000
964	11689004	2	5	0000000000000000	000000000020400e	0000000000000000
965	11485084	4	3	0000000000000000	0000000000204040	0000000000000000
966	31484082	4	4	0000000000000000	0000000000204041	0000000000000000
967	11685008	1	5	0000000000000000	0000000000204052	0000000000000000
968	11685040	1	5	0000000000000000	0000000000204070	0000000000000000
969	11685004	4	7	0000000000000000	0000000000204076	0000000000000000
970	11681084	2	4	0000000000000000	00000000002040c0	0000000000000000
971	1160d008	1	4	0000000000000000	0000000000204102	0000000000000000
972	11609084	6	4	0000000000000000	0000000000204300	0000000000000000
973	1160d004	6	6	0000000000000000	0000000000204306	0000000000000000
974	116050c0	1	4	0000000000000000	0000000000204440	0000000000000000
975	11605048	1	5	0000000000000000	0000000000204450	0000000000000000
976	11605044	6	6	0000000000000000	0000000000204470	0000000000000000
977	11605088	1	5	0000000000000000	0000000000204540	0000000000000000
978	11605082	6	6	0000000000000000	0000000000204740	0000000000000000
979	11605014	5	10	0000000000000000	0000000000204776	0000000000000000
980	1148d004	1	5	0000000000000000	0000000000204806	0000000000000000
981	31485004	1	9	0000000000000000	0000000000205876	0000000000000000
982	1140d088	2	4	0000000000000000	0000000000206100	0000000000000000
983	1140d084	5	5	0000000000000000	0000000000206300	0000000000000000
984	31405088	1	6	0000000000000000	0000000000206540	0000000000000000
985	11405284	3	7	0000000000000000	0000000000206740	0000000000000000
986	11225088	2	2	0000000000000000	0000000000300000	0000000000000000
987	1120d0c0	4	3	0000000000000000	0000000000304000	0000000000000000
988	3128d000	1	5	0000000000000000	0000000000304006	0000000000000000
989	11285084	4	4	0000000000000000	0000000000304040	0000000000000000
990	1120d088	1	4	0000000000000000	0000000000304100	0000000000000000
991	1120d084	3	5	0000000000000000	0000000000304300	0000000000000000
992	00a88449	139	1	0000000000000000	0000000000400000	0000000000000000
993	2028940c	6	2	0000000000000000	0000000000400002	0000000000000000
994	20683006	2	2	0000000000000000	0000000000400008	0000000000000000
995	30281448	1	2	0000000000000000	0000000000400010	0000000000000000
996	3028140a	7	3	0000000000000000	0000000000400012	0000000000000000
997	3048040b	7	2	0000000000000000	0000000000401000	0000000000000000
998	10a09448	8	2	0000000000000000	0000000000420000	0000000000000000
999	3020b440	1	3	0000000000000000	0000000000420000	0000000000400000
1000	30601448	2	4	0000000000000000	0000000000420410	0000000000000000
1001	10a08449	1	3	0000000000000000	0000000000428000	0000000000000000
1002	10c08449	1	4	0000000000000000	0000000000428000	0000040000000000
1003	3020140b	16	3	0000000000000000	0000000000430000	0000000000000000
1004	30603600	1	4	0000000000000000	0000000000430000	0000000000400000
1005	30209608	3	5	0000000000000000	0000000000430102	0000000000000000
1006	30601428	4	7	0000000000000000	0000000000430512	0000000000000000
1007	30202609	7	4	0000000000000000	0000000000438000	0000000000000000
1008	30e02408	1	5	0000000000000000	0000000000438000	0000000000000200
1009	30c0a408	1	6	0000000000000000	0000000000438000	0000000000010200
1010	10a09049	3	3	0000000000000000	0000000000460000	0000000000000000
1011	30203209	2	4	0000000000000000	0000000000470000	0000000000000000
1012	3040a209	2	5	0000000000000000	0000000000478000	0000000000000000
1013	2008240f	69	2	0000000000000000	0000000000480000	0000000000000000
1014	10888449	1	3	0000000000000000	0000000000480000	0000040000000000
1015	0088a449	1	4	0000000000000000	0000000000480000	0800040000000000
1016	3008040f	12	3	0000000000000000	0000000000481000	0000000000000000
1017	3000a449	2	4	0000000000000000	00000000004a8000	0000000000000000
1018	1080a449	1	5	0000000000000000	00000000004a8000	0000040000000000
1019	30003609	1	4	0000000000000000	00000000004b0000	0000000000000000
1020	3000a609	4	5	0000000000000000	00000000004b8000	0000000000000000
1021	3000b209	1	5	0000000000000000	00000000004f0000	0000000000000000
1022	002c104d	498	1	0000000000000000	0000000000800000	0000000000000000
1023	01a81448	4	2	0000000000000000	0000000000800010	0000000000000000
1024	01a8140c	17	3	0000000000000000	0000000000800012	0000000000000000
1025	01601445	10	3	0000000000000000	00000000008000a0	0000000000000000
1026	01281605	9	4	0000000000000000	00000000008000a4	0000000000000000
1027	01a81540	7	4	0000000000000000	00000000008000b0	0000000000000000
1028	01e81404	9	6	0000000000000000	00000000008000b6	0000000000000000
1029	01611601	5	5	0000000000000000	00000000008002a4	0000000000000000
1030	01a01548	9	3	0000000000000000	0000000000800410	0000000000000000
1031	01e01444	11	5	0000000000000000	00000000008004b0	0000000000000000
1032	01e0140a	20	5	0000000000000000	0000000000800512	0000000000000000
1033	0148140d	79	2	0000000000000000	0000000000801000	0000000000000000
1034	21c80448	2	3	0000000000000000	0000000000801010	0000000000000000
1035	2188040e	11	4	0000000000000000	0000000000801012	0000000000000000
1036	21081407	3	5	0000000000000000	00000000008010a4	0000000000000000
1037	2808140d	3	3	0000000000000000	0000000000881000	0000000000000000
1038	20280649	16	2	0000000000000000	0000000000c00000	0000000000000000
1039	20a81448	1	3	0000000000000000	0000000000c00010	0000000000000000
1040	20a8140c	4	4	0000000000000000	0000000000c00012	0000000000000000
1041	20c80609	1	3	0000000000000000	0000000000c01000	0000000000000000
1042	2008041f	4	4	0000000000000000	0000000000c81000	0000000000000000
1043	0128900d	3	1	0000000000000000	0000000002000000	0000000000000000
1044	09488809	4	2	0000000000000000	0000000002000800	0000000000000000
1045	20289049	1	2	0000000000000000	0000000002400000	0000000000000000
1046	0128104d	4	2	0000000000000000	0000000002800000	0000000000000000
1047	09a85040	1	5	0000000000000000	0000000003000070	0000000000000000
1048	0020d0c9	26	1	0000000000000000	0000000004000000	0000000000000000
1049	096010c1	1	2	0000000000000000	0000000004000080	0000000000000000
1050	01209381	12	2	0000000000000000	0000000004000200	0000000000000000
1051	09601281	2	3	0000000000000000	0000000004000280	0000000000000000
1052	0100528d	55	2	0000000000000000	0000000004002000	0000000000000000
1053	0180c1a1	28	3	0000000000000000	0000000004002200	0000000000000000
1054	09401a81	1	4	0000000000000000	0000000004002280	0000000000000000
1055	002092c9	1	2	0000000000000000	0000000004040000	0000000000000000
1056	09a050c0	1	4	0000000000000000	0000000005000440	0000000000000000
1057	0980d0c0	2	3	0000000000000000	0000000005002000	0000000000000000
1058	09c0c880	2	5	0000000000000000	0000000005002300	0000000000000000
1059	0960d080	1	5	0000000000000000	0000000005004300	0000000000000000
1060	0120504d	24	2	0000000000000000	0000000006000000	0000000000000000
1061	09a05041	1	3	0000000000000000	0000000006000020	0000000000000000
1062	01a0d101	3	4	0000000000000000	0000000006000204	0000000000000000
1063	09605005	1	5	0000000000000000	0000000006000224	0000000000000000
1064	0140d00d	16	4	0000000000000000	0000000006002800	0000000000000000
1065	0180c125	8	6	0000000000000000	0000000006002a04	0000000000000000
1066	0160102d	8	3	0000000000000000	0000000006800000	0000000000000000
1067	09a0d040	2	3	0000000000000000	0000000007000000	0000000000000000
1068	09e0d000	1	7	0000000000000000	0000000007000306	0000000000000000
1069	09a05140	4	7	0000000000000000	0000000007000470	0000000000000000
1070	09c0c240	4	5	0000000000000000	0000000007002800	0000000000000000
1071	09c0d200	1	9	0000000000000000	0000000007002b06	0000000000000000
1072	002454c8	347	1	0000000000000000	0000000008000000	0000000000000000
1073	01285448	4	2	0000000000000000	0000000008000010	0000000000000000
1074	0128540a	24	3	0000000000000000	0000000008000012	0000000000000000
1075	01285444	6	3	0000000000000000	0000000008000030	0000000000000000
1076	01285604	12	5	0000000000000000	0000000008000036	0000000000000000
1077	012816c0	18	2	0000000000000000	0000000008000080	0000000000000000
1078	012016c8	10	2	0000000000000000	0000000008000400	0000000000000000
1079	0120544a	11	3	0000000000000000	0000000008000410	0000000000000000
1080	01605442	12	4	0000000000000000	0000000008000430	0000000000000000
1081	016014d0	4	3	0000000000000000	0000000008000480	0000000000000000
1082	0120548a	36	3	0000000000000000	0000000008000500	0000000000000000
1083	0120542c	27	5	0000000000000000	0000000008000512	0000000000000000
1084	01605484	7	4	0000000000000000	0000000008000700	0000000000000000
1085	01605604	4	8	0000000000000000	0000000008000736	0000000000000000
1086	2108444c	4	3	0000000000000000	0000000008001010	0000000000000000
1087	2108440e	15	4	0000000000000000	0000000008001012	0000000000000000
1088	21085406	5	6	0000000000000000	0000000008001036	0000000000000000
1089	29405408	1	6	0000000000000000	0000000008001512	0000000000000000
1090	0124142c	160	2	0000000000000000	0000000008800000	0000000000000000
1091	0128144c	15	3	0000000000000000	0000000008800010	0000000000000000
1092	0128142c	59	4	0000000000000000	0000000008800012	0000000000000000
1093	01681444	12	5	0000000000000000	00000000088000b0	0000000000000000
1094	01691600	12	7	0000000000000000	00000000088000b6	0000000000000000
1095	0160144a	16	4	0000000000000000	0000000008800410	0000000000000000
1096	01611640	4	6	0000000000000000	00000000088004b0	0000000000000000
1097	0160142c	34	6	0000000000000000	0000000008800512	0000000000000000
1098	2148044c	1	4	0000000000000000	0000000008801010	0000000000000000
1099	2108140e	18	5	0000000000000000	0000000008801012	0000000000000000
1100	21481406	1	8	0000000000000000	00000000088010b6	0000000000000000
1101	2028144c	3	4	0000000000000000	0000000008c00010	0000000000000000
1102	2028140e	6	5	0000000000000000	0000000008c00012	0000000000000000
1103	0004720d	573	1	0000000000000000	0000000010000000	0000000000000000
1104	20842609	3	2	0000000000000000	0000000010000000	0000000040000000
1105	20e42408	1	3	0000000000000000	0000000010000000	0000000050000000
1106	28443408	1	2	0000000000000000	0000000010000000	0000000100000000
1107	28c42408	1	4	0000000000000000	0000000010000000	0000000150000000
1108	2004640d	10	2	0000000000000000	0000000010000000	0000000200000000
1109	20242609	4	3	0000000000000000	0000000010000000	0000000240000000
1110	28642408	1	4	0000000000000000	0000000010000000	0000000250000000
1111	00646409	1	3	0000000000000000	0000000010000000	2000000200000000
1112	0024144b	39	2	0000000000000000	0000000010800000	0000000000000000
1113	00645448	5	2	0000000000000000	0000000018000000	0000000000000000
1114	20641448	3	3	0000000000000000	0000000018800000	0000000000000000
1115	00a0d441	35	1	0000000000000000	0000000020000000	0000000000000000
1116	2060d408	3	3	0000000000000000	0000000020000102	0000000000000000
1117	00a0c449	63	2	0000000000000000	0000000020008000	0000000000000000
1118	2040e409	1	3	0000000000000000	0000000020008000	0000000200000000
1119	08a09448	3	2	0000000000000000	0000000020020000	0000000000000000
1120	08a08449	1	4	0000000000000000	0000000020028000	0000000040000000
1121	28209409	2	3	0000000000000000	0000000020030000	0000000000000000
1122	28a09408	1	5	0000000000000000	0000000020030102	0000000000000000
1123	0080d449	23	2	0000000000000000	0000000020080000	0000000000000000
1124	0080c549	67	3	0000000000000000	0000000020088000	0000000000000000
1125	2000e449	2	4	0000000000000000	0000000020088000	0000000200000000
1126	2080c524	1	7	0000000000000000	0000000020088306	0000000000000000
1127	00a09449	11	3	0000000000000000	0000000020420000	0000000000000000
1128	00a0a449	1	5	0000000000000000	0000000020428000	0000000040000000
1129	2020a449	1	6	0000000000000000	0000000020428000	0000000240000000
1130	20209609	7	4	0000000000000000	0000000020430000	0000000000000000
1131	20e09408	1	6	0000000000000000	0000000020430102	0000000000000000
1132	20c0a409	1	6	0000000000000000	0000000020438000	0000000040000000
1133	2040a609	1	7	0000000000000000	0000000020438000	0000000240000000
1134	2080a449	1	6	0000000000000000	00000000204a8000	0000000040000000
1135	2000a649	1	7	0000000000000000	00000000204a8000	0000000240000000
1136	0080a649	1	8	0000000000000000	00000000204a8000	0800040040000000
1137	2000b609	1	5	0000000000000000	00000000204b0000	0000000000000000
1138	2080a609	1	7	0000000000000000	00000000204b8000	0000000040000000
1139	00a0d049	1	3	0000000000000000	0000000026000000	0000000000000000
1140	08e0d040	1	4	0000000000000000	0000000027000000	0000000000000000
1141	20205449	45	2	0000000000000000	0000000030000000	0000000000000000
1142	20a05448	1	4	0000000000000000	0000000030000410	0000000000000000
1143	28a05440	1	5	0000000000000000	0000000030000430	0000000000000000
1144	20a0540c	6	6	0000000000000000	0000000030000512	0000000000000000
1145	20a06409	38	3	0000000000000000	0000000030008000	0000000000000000
1146	20406609	3	4	0000000000000000	0000000030008000	0000000200000000
1147	28606408	1	5	0000000000000000	0000000030008000	0000000200100000
1148	28203409	4	4	0000000000000000	0000000030030000	0000000000000000
1149	28c02409	1	5	0000000000000000	0000000030038000	0000000000000000
1150	20007609	15	3	0000000000000000	0000000030080000	0000000000000000
1151	2080640d	17	4	0000000000000000	0000000030088000	0000000000000000
1152	28804449	1	5	0000000000000000	0000000030089000	0000000000000000
1153	20203449	3	4	0000000000000000	0000000030420000	0000000000000000
1154	2020340b	8	5	0000000000000000	0000000030430000	0000000000000000
1155	28201449	1	4	0000000000000000	0000000030820000	0000000000000000
1156	28a01448	1	6	0000000000000000	0000000030820410	0000000000000000
1157	28201609	3	5	0000000000000000	0000000030830000	0000000000000000
1158	28e01408	1	9	0000000000000000	0000000030830512	0000000000000000
1159	2020144d	6	5	0000000000000000	0000000030c20000	0000000000000000
1160	20211609	4	6	0000000000000000	0000000030c30000	0000000000000000
1161	20605448	2	5	0000000000000000	0000000038000410	0000000000000000
1162	28605408	1	7	0000000000000000	0000000038000512	0000000000000000
1163	0124d088	20	1	0000000000000000	0000000040000000	0000000000000000
1164	016410c8	3	2	0000000000000000	0000000048000000	0000000000000000
1165	0006d281	615	1	0000000000000000	0000000080000000	0000000000000000
1166	01281285	10	2	0000000000000000	0000000080000080	0000000000000000
1167	012c1007	21	2	0000000000000000	0000000080800000	0000000000000000
1168	01689041	1	2	0000000000000000	0000000082000000	0000000000000000
1169	0128d201	5	3	0000000000000000	0000000082000004	0000000000000000
1170	01681045	1	5	0000000000000000	00000000828000a0	0000000000000000
1171	012050c5	7	2	0000000000000000	0000000084000000	0000000000000000
1172	016010c5	4	3	0000000000000000	0000000084000080	0000000000000000
1173	00a0d281	37	3	0000000000000000	0000000084000200	0000000000000000
1174	01601285	2	4	0000000000000000	0000000084000280	0000000000000000
1175	0180c2c1	4	3	0000000000000000	0000000084002000	0000000000000000
1176	00c0ca81	54	4	0000000000000000	0000000084002200	0000000000000000
1177	01401a85	1	5	0000000000000000	0000000084002280	0000000000000000
1178	01609045	5	3	0000000000000000	0000000086000000	0000000000000000
1179	01a05043	2	4	0000000000000000	0000000086000020	0000000000000000
1180	0120d007	15	5	0000000000000000	0000000086000204	0000000000000000
1181	01605007	6	6	0000000000000000	0000000086000224	0000000000000000
1182	0180d241	4	5	0000000000000000	0000000086002800	0000000000000000
1183	0140d205	13	7	0000000000000000	0000000086002a04	0000000000000000
1184	01c05007	2	9	0000000000000000	0000000086003a24	0000000000000000
1185	00a4d0c0	190	2	0000000000000000	00000000c0000000	0000000000000000
1186	01e41050	1	3	0000000000000000	00000000c0800000	0000000000000000
1187	012c50c0	21	3	0000000000000000	00000000c8000000	0000000000000000
1188	016c1050	2	4	0000000000000000	00000000c8800000	0000000000000000
1189	21289180	1	5	0000000000000000	0000000101304000	0000000000000000
1190	01a8d100	1	6	0000000000000000	0000000103100006	0000000000000000
1191	01a0d180	1	6	0000000000000000	0000000105100300	0000000000000000
1192	01e0d100	1	8	0000000000000000	0000000107000306	0000000000000000
1193	01e05140	1	8	0000000000000000	0000000107000470	0000000000000000
1194	01c0c124	1	10	0000000000000000	0000000107002b06	0000000000000000
1195	01a0d140	1	5	0000000000000000	0000000107100000	0000000000000000
1196	21a0d100	1	9	0000000000000000	0000000107100306	0000000000000000
1197	01609124	1	11	0000000000000000	000000010720430e	0000000000000000
1198	21289088	1	6	0000000000000000	0000000141304000	0000000000000000
1199	01e05048	1	8	0000000000000000	0000000147000450	0000000000000000
1200	01c2c240	3	3	0000000000000000	00000001c0000000	0000000000000000
1201	01a25240	2	4	0000000000000000	00000001c0100000	0000000000000000
1202	21c8c080	1	4	0000000000000000	00000001c1000000	0000000000000000
1203	01a8d080	1	5	0000000000000000	00000001c1100000	0000000000000000
1204	016890c0	3	6	0000000000000000	00000001c1204000	0000000000000000
1205	0128d084	3	7	0000000000000000	00000001c1304000	0000000000000000
1206	01e8d000	1	7	0000000000000000	00000001c3000006	0000000000000000
1207	01e85040	1	8	0000000000000000	00000001c3000070	0000000000000000
1208	01a8d040	1	6	0000000000000000	00000001c3100000	0000000000000000
1209	21a8d000	1	8	0000000000000000	00000001c3100006	0000000000000000
1210	0168d004	2	9	0000000000000000	00000001c3204006	0000000000000000
1211	01e090c0	1	5	0000000000000000	00000001c5000000	0000000000000000
1212	01e0d080	1	7	0000000000000000	00000001c5000300	0000000000000000
1213	01e050c0	1	7	0000000000000000	00000001c5000440	0000000000000000
1214	01e05090	1	9	0000000000000000	00000001c5000740	0000000000000000
1215	01c0d0c0	2	6	0000000000000000	00000001c5002000	0000000000000000
1216	01c0d084	4	8	0000000000000000	00000001c5002300	0000000000000000
1217	01a0d0c0	1	6	0000000000000000	00000001c5100000	0000000000000000
1218	21a0d080	1	8	0000000000000000	00000001c5100300	0000000000000000
1219	0160d0c0	1	7	0000000000000000	00000001c5204000	0000000000000000
1220	0160d084	3	9	0000000000000000	00000001c5204300	0000000000000000
1221	01e0d040	1	6	0000000000000000	00000001c7000000	0000000000000000
1222	01e09240	1	7	0000000000000000	00000001c7000008	0000000000000000
1223	01e0d002	6	10	0000000000000000	00000001c7000306	0000000000000000
1224	01e05042	7	10	0000000000000000	00000001c7000470	0000000000000000
1225	01c0d240	1	8	0000000000000000	00000001c7002800	0000000000000000
1226	01c0d204	2	12	0000000000000000	00000001c7002b06	0000000000000000
1227	01a0d042	6	7	0000000000000000	00000001c7100000	0000000000000000
1228	0160d044	2	8	0000000000000000	00000001c7204000	0000000000000000
1229	01685084	1	8	0000000000000000	00000001c9204040	0000000000000000
1230	016050c4	2	10	0000000000000000	00000001cd204440	0000000000000000
1231	00a8e408	41	1	0000000000000000	0000000200000000	0000000000000000
1232	00a8d408	2	2	0000000000000000	0000000200000002	0000000000000000
1233	10a8d400	1	3	0000000000000000	0000000200000006	0000000000000000
1234	10a0d408	1	3	0000000000000000	0000000200000102	0000000000000000
1235	10a0d404	5	5	0000000000000000	0000000200000306	0000000000000000
1236	10a0c409	48	2	0000000000000000	0000000200008000	0000000000000000
1237	10c0c209	1	4	0000000000000000	000000020000a800	0000000000000000
1238	18a09408	1	5	0000000000000000	0000000200030102	0000000000000000
1239	0088e405	37	2	0000000000000000	0000000200080000	0000000000000000
1240	1080c509	30	3	0000000000000000	0000000200088000	0000000000000000
1241	00a89409	2	2	0000000000000000	0000000200400000	0000000000000000
1242	00e89408	2	3	0000000000000000	0000000200400002	0000000000000000
1243	10a09409	2	4	0000000000000000	0000000200430000	0000000000000000
1244	10e09408	1	6	0000000000000000	0000000200430102	0000000000000000
1245	10c0a409	1	5	0000000000000000	0000000200438000	0000000000000000
1246	10c0a209	1	6	0000000000000000	0000000200478000	0000000000000000
1247	1088a409	1	4	0000000000000000	0000000200480000	0000040000000000
1248	1080a609	1	6	0000000000000000	00000002004b8000	0000000000000000
1249	00a0d409	49	2	0000000000000000	0000000220000000	0000000000000000
1250	00a0d40c	5	4	0000000000000000	0000000220000102	0000000000000000
1251	00a0e409	52	3	0000000000000000	0000000220008000	0000000000000000
1252	08a09409	1	4	0000000000000000	0000000220030000	0000000000000000
1253	0080f007	17	3	0000000000000000	0000000220080000	0000000000000000
1254	0080e125	11	4	0000000000000000	0000000220088000	0000000000000000
1255	0080c525	1	6	0000000000000000	0000000220088204	0000000000000000
1256	00a09419	6	5	0000000000000000	0000000220430000	0000000000000000
1257	00a87440	11	1	0000000000000000	0000000400000000	0000000000000000
1258	08c86440	4	2	0000000000000000	0000000400000000	0000010000000000
1259	00a85448	1	2	0000000000000000	0000000400000010	0000000000000000
1260	08a85440	2	3	0000000000000000	0000000400000030	0000000000000000
1261	10a05448	1	3	0000000000000000	0000000400000410	0000000000000000
1262	10a05640	3	4	0000000000000000	0000000400000430	0000000000000000
1263	18e05040	1	5	0000000000000000	0000000400000470	0000000000000000
1264	10a04449	15	2	0000000000000000	0000000400008000	0000000000000000
1265	10c06444	9	3	0000000000000000	0000000400008000	0000010000000000
1266	10c04449	1	3	0000000000000000	0000000400009000	0000000000000000
1267	18a01448	1	4	0000000000000000	0000000400020410	0000000000000000
1268	18a01049	1	3	0000000000000000	0000000400060000	0000000000000000
1269	18807440	1	2	0000000000000000	0000000400080000	0000000000000000
1270	18886440	1	3	0000000000000000	0000000400080000	0000010000000000
1271	10806449	5	3	0000000000000000	0000000400088000	0000000000000000
1272	18804449	1	4	0000000000000000	0000000400089000	0000000000000000
1273	10a01449	1	3	0000000000000000	0000000400420000	0000000000000000
1274	10e01448	1	5	0000000000000000	0000000400420410	0000000000000000
1275	08a81448	1	3	0000000000000000	0000000400800010	0000000000000000
1276	00a81449	1	3	0000000000000000	0000000400c00000	0000000000000000
1277	00a05449	19	3	0000000000000000	0000000430000000	0000000000000000
1278	00e05448	2	5	0000000000000000	0000000430000410	0000000000000000
1279	08a05444	3	6	0000000000000000	0000000430000430	0000000000000000
1280	08a04449	3	4	0000000000000000	0000000430008000	0000000000000000
1281	08c06441	8	5	0000000000000000	0000000430008000	0000010000000000
1282	08807640	1	4	0000000000000000	0000000430080000	0000000000000000
1283	08806449	1	5	0000000000000000	0000000430088000	0000000000000000
1284	00a03449	1	5	0000000000000000	0000000430420000	0000000000000000
1285	08a01449	1	5	0000000000000000	0000000430820000	0000000000000000
1286	08e01448	1	7	0000000000000000	0000000430820410	0000000000000000
1287	00a01459	3	6	0000000000000000	0000000430c20000	0000000000000000
1288	08a05049	1	5	0000000000000000	0000000436000000	0000000000000000
1289	00a85409	84	2	0000000000000000	0000000600000000	0000000000000000
1290	00c86604	9	3	0000000000000000	0000000600000000	0000010000000000
1291	00a8540c	5	4	0000000000000000	0000000600000012	0000000000000000
1292	10a0540a	6	6	0000000000000000	0000000600000512	0000000000000000
1293	10a06409	37	3	0000000000000000	0000000600008000	0000000000000000
1294	10c06203	8	4	0000000000000000	0000000600008000	0000010000000000
1295	18a01409	2	4	0000000000000000	0000000600030000	0000000000000000
1296	18e01408	1	8	0000000000000000	0000000600030512	0000000000000000
1297	18c02409	1	5	0000000000000000	0000000600038000	0000000000000000
1298	0088640d	26	3	0000000000000000	0000000600080000	0000000000000000
1299	1080640d	4	4	0000000000000000	0000000600088000	0000000000000000
1300	00a83409	5	3	0000000000000000	0000000600400000	0000000000000000
1301	10c82409	1	4	0000000000000000	0000000600400000	0000040000000000
1302	10e81408	1	5	0000000000000000	0000000600400012	0000000000000000
1303	10a01419	9	5	0000000000000000	0000000600430000	0000000000000000
1304	08a81409	1	3	0000000000000000	0000000600800000	0000000000000000
1305	08e81408	1	5	0000000000000000	0000000600800012	0000000000000000
1306	00a81419	3	4	0000000000000000	0000000600c00000	0000000000000000
1307	00a0540b	72	4	0000000000000000	0000000630000000	0000000000000000
1308	08e05408	1	8	0000000000000000	0000000630000512	0000000000000000
1309	00c06609	12	5	0000000000000000	0000000630008000	0000000000000000
1310	08e03408	1	6	0000000000000000	0000000630030000	0000000000000000
1311	00807407	2	5	0000000000000000	0000000630080000	0000000000000000
1312	00a03609	4	7	0000000000000000	0000000630430000	0000000000000000
1313	00e01419	1	8	0000000000000000	0000000630c30000	0000000000000000
1314	0028c449	13	1	0000000000000000	0000000800000000	0000000000000000
1315	18209448	1	2	0000000000000000	0000000800020000	0000000000000000
1316	18209049	1	3	0000000000000000	0000000800060000	0000000000000000
1317	00288649	9	2	0000000000000000	0000000800400000	0000000000000000
1318	10209449	4	3	0000000000000000	0000000800420000	0000000000000000
1319	1020b640	2	4	0000000000000000	0000000800420000	0000000000400000
1320	10209249	3	4	0000000000000000	0000000800460000	0000000000000000
1321	08289049	1	2	0000000000000000	0000000802000000	0000000000000000
1322	0020d648	6	2	0000000000000000	0000000820000000	0000000000000000
1323	0020e449	1	5	0000000000000000	0000000820008000	2000000200000000
1324	0820b448	2	3	0000000000000000	0000000820020000	0000000000000000
1325	0020944b	9	4	0000000000000000	0000000820420000	0000000000000000
1326	0020b249	1	5	0000000000000000	0000000820460000	0000000000000000
1327	0028d409	13	2	0000000000000000	0000000a00000000	0000000000000000
1328	1028d408	2	3	0000000000000000	0000000a00000002	0000000000000000
1329	1060d408	2	4	0000000000000000	0000000a00000102	0000000000000000
1330	18209409	2	4	0000000000000000	0000000a00030000	0000000000000000
1331	18609408	1	6	0000000000000000	0000000a00030102	0000000000000000
1332	0028940d	5	3	0000000000000000	0000000a00400000	0000000000000000
1333	10689408	1	4	0000000000000000	0000000a00400002	0000000000000000
1334	10209609	5	5	0000000000000000	0000000a00430000	0000000000000000
1335	1020b209	1	6	0000000000000000	0000000a00470000	0000000000000000
1336	0020d609	11	3	0000000000000000	0000000a20000000	0000000000000000
1337	08209609	2	5	0000000000000000	0000000a20030000	0000000000000000
1338	00609609	2	6	0000000000000000	0000000a20430000	0000000000000000
1339	00287049	14	2	0000000000000000	0000000c00000000	0000000000000000
1340	18683040	1	3	0000000000000000	0000000c00000008	0000000000000000
1341	10285448	2	3	0000000000000000	0000000c00000010	0000000000000000
1342	10605448	2	4	0000000000000000	0000000c00000410	0000000000000000
1343	18201449	1	3	0000000000000000	0000000c00020000	0000000000000000
1344	18601448	1	5	0000000000000000	0000000c00020410	0000000000000000
1345	18203049	2	4	0000000000000000	0000000c00060000	0000000000000000
1346	00283249	6	3	0000000000000000	0000000c00400000	0000000000000000
1347	10681448	1	4	0000000000000000	0000000c00400010	0000000000000000
1348	1020144b	9	4	0000000000000000	0000000c00420000	0000000000000000
1349	10203249	2	5	0000000000000000	0000000c00460000	0000000000000000
1350	0028144b	6	4	0000000000000000	0000000c00c00000	0000000000000000
1351	0020544d	5	4	0000000000000000	0000000c30000000	0000000000000000
1352	08203449	1	5	0000000000000000	0000000c30020000	0000000000000000
1353	08603049	1	6	0000000000000000	0000000c30060000	0000000000000000
1354	0020344b	2	6	0000000000000000	0000000c30420000	0000000000000000
1355	08601449	1	6	0000000000000000	0000000c30820000	0000000000000000
1356	00601649	2	7	0000000000000000	0000000c30c20000	0000000000000000
1357	0028540d	49	3	0000000000000000	0000000e00000000	0000000000000000
1358	10286409	1	4	0000000000000000	0000000e00000000	0000100000000000
1359	1028540c	6	5	0000000000000000	0000000e00000012	0000000000000000
1360	10605608	3	7	0000000000000000	0000000e00000512	0000000000000000
1361	10606409	3	4	0000000000000000	0000000e00008000	0000000000000000
1362	18201609	8	5	0000000000000000	0000000e00030000	0000000000000000
1363	18203209	2	6	0000000000000000	0000000e00070000	0000000000000000
1364	18613200	1	7	0000000000000000	0000000e00070008	0000000000000000
1365	1028140b	13	4	0000000000000000	0000000e00400000	0000000000000000
1366	10282609	2	5	0000000000000000	0000000e00400000	0000100000000000
1367	10681608	1	6	0000000000000000	0000000e00400012	0000000000000000
1368	1020340b	16	6	0000000000000000	0000000e00430000	0000000000000000
1369	10603209	1	7	0000000000000000	0000000e00470000	0000000000000000
1370	0020740b	8	5	0000000000000000	0000000e30000000	0000000000000000
1371	0020360b	1	8	0000000000000000	0000000e30430000	0000000000000000
1372	0010720d	1302	1	0000000000000000	0000001000000000	0000000000000000
1373	10508c41	1	2	0000000000000000	0000001000000000	0000000000000100
1374	1850b008	2	2	0000000000000000	0000001000000000	0000000000001000
1375	1850a801	1	3	0000000000000000	0000001000000000	0000000000020080
1376	0018640b	144	2	0000000000000000	0000001000000000	0000100000000000
1377	00586403	21	3	0000000000000000	0000001000000000	0000180000000000
1378	0010a649	37	2	0000000000000000	0000001000000000	2000000000000000
1379	08508c41	1	4	0000000000000000	0000001000000000	2000000008000100
1380	0050640b	8	3	0000000000000000	0000001000000000	2000100000000000
1381	0050aa09	21	3	0000000000000000	0000001000000000	3000000000000000
1382	08506209	2	4	0000000000000000	0000001000000000	3000100000000000
1383	0008e449	1	3	0000000000000000	0000001800080000	0000000000000000
1384	1000e449	1	4	0000000000000000	0000001800088000	0000000000000000
1385	1008a449	1	5	0000000000000000	0000001800480000	0000040000000000
1386	0008a649	1	6	0000000000000000	0000001800480000	0800040000000000
1387	1040f009	8	3	0000000000000000	0000001a00000000	0000000000000000
1388	1040e209	8	4	0000000000000000	0000001a00008000	0000000000000000
1389	1840a409	1	6	0000000000000000	0000001a00038000	0000000000000000
1390	1840a209	2	7	0000000000000000	0000001a00078000	0000000000000000
1391	1000f209	5	4	0000000000000000	0000001a00080000	0000000000000000
1392	1000e609	2	5	0000000000000000	0000001a00088000	0000000000000000
1393	1800b209	1	7	0000000000000000	0000001a000f0000	0000000000000000
1394	1048a209	1	4	0000000000000000	0000001a00400000	0000000000000000
1395	1048a409	1	5	0000000000000000	0000001a00400000	0000040000000000
1396	1040a609	1	7	0000000000000000	0000001a00438000	0000000000000000
1397	1040b209	1	7	0000000000000000	0000001a00470000	0000000000000000
1398	1041a209	1	8	0000000000000000	0000001a00478000	0000000000000000
1399	1008a609	1	6	0000000000000000	0000001a00480000	0000040000000000
1400	0040f209	2	4	0000000000000000	0000001a20000000	0000000000000000
1401	0840e209	2	5	0000000000000000	0000001a20008000	0000000000000000
1402	10407209	16	4	0000000000000000	0000001e00000000	0000000000000000
1403	10486209	2	5	0000000000000000	0000001e00000000	0000100000000000
1404	10406609	7	5	0000000000000000	0000001e00008000	0000000000000000
1405	18403209	1	7	0000000000000000	0000001e00070000	0000000000000000
1406	18412209	1	8	0000000000000000	0000001e00078000	0000000000000000
1407	1000720d	5	5	0000000000000000	0000001e00080000	0000000000000000
1408	10086609	1	6	0000000000000000	0000001e00080000	0000100000000000
1409	10482609	1	7	0000000000000000	0000001e00400000	0000140000000000
1410	10413209	1	8	0000000000000000	0000001e00470000	0000000000000000
1411	00908325	269	1	0000000000000000	0000002000000000	0000000000000000
1412	00d0a281	23	2	0000000000000000	0000002000000000	0000000000000080
1413	30b0a002	2	3	0000000000000000	0000002000000000	00000000000000c0
1414	10d28201	17	3	0000000000000000	0000002000000000	0000000000000180
1415	30f08002	2	4	0000000000000000	0000002000000000	00000000000001c0
1416	08d22081	4	4	0000000000000000	0000002000000000	0000000000000881
1417	10d2a080	9	4	0000000000000000	0000002000000000	00000000000010c0
1418	30d22080	1	6	0000000000000000	0000002000000000	00000000000018c1
1419	38c22080	1	11	0000000000000000	0000002000000000	000000000001dec1
1420	2012a281	26	3	0000000000000000	0000002000000000	0000000000020080
1421	3070a002	3	4	0000000000000000	0000002000000000	00000000000200c0
1422	3052a080	3	5	0000000000000000	0000002000000000	00000000000210c0
1423	20702083	6	4	0000000000000000	0000002000000000	0000000000060080
1424	28722080	2	5	0000000000000000	0000002000000000	00000000000600c0
1425	20522083	10	6	0000000000000000	0000002000000000	0000000000060881
1426	30522280	4	8	0000000000000000	0000002000000000	00000000000618c1
1427	38422081	1	10	0000000000000000	0000002000000000	0000000000668c81
1428	3842a080	1	13	0000000000000000	0000002000000000	000000000073d6c0
1429	38622080	1	10	0000000000000000	0000002000000000	00000000007606c0
1430	38422082	3	16	0000000000000000	0000002000000000	000000000077dec1
1431	00d08125	6	4	0000000000000000	0000002000000000	0000000008000180
1432	28c22081	1	8	0000000000000000	0000002000000000	0000000021008c81
1433	2842a081	1	9	0000000000000000	0000002000000000	0000000021628480
1434	28422281	2	12	0000000000000000	0000002000000000	0000000021668c81
1435	28622082	2	14	0000000000000000	0000002000000000	0000000031f606c0
1436	08d2a080	2	5	0000000000000000	0000002000000000	00000000800010c0
1437	28d22080	1	7	0000000000000000	0000002000000000	00000000800018c1
1438	2052a280	2	6	0000000000000000	0000002000000000	00000000800210c0
1439	28522082	3	9	0000000000000000	0000002000000000	00000000800618c1
1440	28c2a080	1	16	0000000000000000	0000002000000000	00000001b381d6c0
1441	28c22082	3	18	0000000000000000	0000002000000000	00000001b381dec1
1442	2842a280	2	20	0000000000000000	0000002000000000	00000001b3f3d6c0
1443	28422282	5	23	0000000000000000	0000002000000000	00000001b3f7dec1
1444	18d22080	1	7	0000000000000000	0000002000000000	00000040000018c1
1445	08d22280	1	8	0000000000000000	0000002000000000	00000040800018c1
1446	20104417	462	1	0000000000000000	0000004000000000	0000000000000000
1447	301084c1	36	2	0000000000000000	0000004000000000	0000000000000100
1448	2010c125	70	2	0000000000000000	0000004000000000	0000000000020000
1449	20324403	49	2	0000000000000000	0000004000000000	0000000000040000
1450	30520481	4	3	0000000000000000	0000004000000000	0000000000040100
1451	20504017	22	3	0000000000000000	0000004000000000	0000000000060000
1452	20128641	26	3	0000000000000000	0000004000000000	0000000008000100
1453	20720403	2	4	0000000000000000	0000004000000000	0000000008040100
1454	20538201	4	2	0000000000000000	0000006000000000	0000000000000000
1455	30508203	11	5	0000000000000000	0000006000000000	0000000000020180
1456	20508125	2	6	0000000000000000	0000006000000000	0000000008020180
1457	10044097	860	1	0000000000000000	0000008000000000	0000000000000000
1458	28064481	185	2	0000000000000000	0000008000000000	0000000000080000
1459	30468081	2	5	0000000000000000	0000008000000000	000000000008a010
1460	2004c4c1	9	3	0000000000000000	0000008000000000	0000000200080000
1461	1045c440	1	5	0000000000000000	0000008000000000	0001600000080000
1462	104486c0	2	4	0000000000000000	0000008000000000	0003000000080000
1463	1044c640	3	5	0000000000000000	0000008000000000	0003200000080000
1464	104484c1	15	5	0000000000000000	0000008000000000	0003400000080000
1465	1044c441	11	6	0000000000000000	0000008000000000	0003600000080000
1466	1044c203	2	6	0000000000000000	0000008000000000	0003a00000080000
1467	1044c083	6	6	0000000000000000	0000008000000000	0003c00000080000
1468	10444017	10	7	0000000000000000	0000008000000000	0003e00000080000
1469	1005c4c0	1	5	0000000000000000	0000008000000000	0009400000080000
1470	100486c1	3	5	0000000000000000	0000008000000000	000b000000080000
1471	1024c640	1	6	0000000000000000	0000008000000000	000b200000080000
1472	1004c486	17	6	0000000000000000	0000008000000000	000b400000080000
1473	1004c446	7	7	0000000000000000	0000008000000000	000b600000080000
1474	1806c201	1	7	0000000000000000	0000008000000000	000ba00000080000
1475	1024c083	3	7	0000000000000000	0000008000000000	000bc00000080000
1476	1024c007	1	8	0000000000000000	0000008000000000	000be00000080000
1477	2041c640	87	2	0000000000000000	000000c000000000	0000000000000000
1478	2042c441	5	4	0000000000000000	000000c000000000	0000000000280000
1479	28024681	3	5	0000000000000000	000000c000000000	00000000002c0000
1480	3002c4c0	8	5	0000000000000000	000000c000000000	0000000000380000
1481	2040c641	2	5	0000000000000000	000000c000000000	0000000200280000
1482	2860c440	1	6	0000000000000000	000000c000000000	0000000200380000
1483	1008a681	383	1	0000000000000000	0000010000000000	0000000000000000
1484	108a84c0	12	2	0000000000000000	0000010000000000	0000008000000000
1485	1082a4c0	2	5	0000000000000000	0000010000000000	0000008000010600
1486	108a2481	8	3	0000000000000000	0000010000000000	0000018000000000
1487	10c22680	2	6	0000000000000000	0000010000000000	0000018000010600
1488	18ca2080	1	6	0000000000000000	0000010000000000	000001cc00000000
1489	108884c1	11	4	0000000000000000	0000010000000000	0000049000000000
1490	1080a6c0	2	7	0000000000000000	0000010000000000	0000049000010600
1491	10c086c0	1	8	0000000000000000	0000010000000000	0000049000010700
1492	10882682	3	5	0000000000000000	0000010000000000	0000059000000000
1493	10c88640	4	5	0000000000000000	0000010000000000	0000069000000000
1494	104a2680	1	6	0000000000000000	0000010000000000	0006098000000000
1495	104aa480	1	5	0000000000000000	0000010000000000	0006408000000000
1496	1048a4c0	1	7	0000000000000000	0000010000000000	0006449000000000
1497	104a2481	3	7	0000000000000000	0000010000000000	0006498000000000
1498	1068a440	1	6	0000000000000000	0000010000000000	0006608000000000
1499	184a2280	1	10	0000000000000000	0000010000000000	000689cc00000000
1500	184aa080	1	8	0000000000000000	0000010000000000	0006c08c00000000
1501	184a2081	1	9	0000000000000000	0000010000000000	0006c98800000000
1502	106a2082	4	11	0000000000000000	0000010000000000	0006c9cc00000000
1503	100aa4c0	3	6	0000000000000000	0000010000000000	000e408000000000
1504	102a2482	2	8	0000000000000000	0000010000000000	000e498000000000
1505	10802683	18	2	0000000000000000	0000010000010000	0000000000000000
1506	10c22282	5	2	0000000000000000	0000012000000000	0000000000000000
1507	18c2a080	1	13	0000000000000000	0000012000000000	0000008c0001d6c0
1508	18c22280	2	17	0000000000000000	0000012000000000	000001cc0001dec1
1509	00188325	462	1	0000000000000000	0000020000000000	0000000000000000
1510	003a4403	31	2	0000000000000000	0000020000000000	0000080000000000
1511	00780443	35	3	0000000000000000	0000020000000000	0000180000000000
1512	1048c640	1	5	0000000000000000	0000020000000000	0007200000000000
1513	1048c4c0	1	5	0000000000000000	0000020000000000	0007400000000000
1514	1048c441	4	6	0000000000000000	0000020000000000	0007600000000000
1515	1028c640	1	6	0000000000000000	0000020000000000	000f200000000000
1516	1008c4c1	3	6	0000000000000000	0000020000000000	000f400000000000
1517	1028c441	4	7	0000000000000000	0000020000000000	000f600000000000
1518	00588c41	14	2	0000000000000000	0000021000000000	0000000000000000
1519	18688440	1	2	0000000000000000	0000030000000000	0000000000000000
1520	106884c0	1	7	0000000000000000	0000030000000000	0007408000000000
1521	10688441	2	8	0000000000000000	0000030000000000	0007608000000000
1522	102a84c0	1	8	0000000000000000	0000030000000000	000f408000000000
1523	0010e125	317	1	0000000000000000	0000040000000000	0000000000000000
1524	1012e081	15	2	0000000000000000	0000040000000000	0000000000020000
1525	00126681	39	3	0000000000000000	0000040000000000	0000080000040000
1526	10526081	11	4	0000000000000000	0000040000000000	0000080000060000
1527	10306482	9	4	0000000000000000	0000040000000000	0000180000040000
1528	10506281	4	5	0000000000000000	0000040000000000	0000180000060000
1529	18436080	1	10	0000000000000000	0000040000000000	0004c90000360000
1530	10426680	1	8	0000000000000000	0000040000000000	0006090000340000
1531	1040e4c0	2	6	0000000000000000	0000040000000000	0006400000300000
1532	18426480	1	9	0000000000000000	0000040000000000	0006490000340000
1533	1060e440	1	7	0000000000000000	0000040000000000	0006600000300000
1534	10426281	1	9	0000000000000000	0000040000000000	0006890000260000
1535	18426280	1	10	0000000000000000	0000040000000000	0006890000360000
1536	18426201	1	10	0000000000000000	0000040000000000	0006a90000260000
1537	1042e081	1	7	0000000000000000	0000040000000000	0006c00000220000
1538	1842e080	1	8	0000000000000000	0000040000000000	0006c00000320000
1539	18426081	1	10	0000000000000000	0000040000000000	0006c90000260000
1540	18426082	6	11	0000000000000000	0000040000000000	0006c90000360000
1541	1842e001	1	8	0000000000000000	0000040000000000	0006e00000220000
1542	1002e4c0	1	7	0000000000000000	0000040000000000	000e400000300000
1543	18026281	1	10	0000000000000000	0000040000000000	000e890000260000
1544	0012e281	12	3	0000000000000000	0000040000000000	1000000000020000
1545	00526083	22	5	0000000000000000	0000040000000000	1000080000060000
1546	0010e4c1	22	2	0000000000000000	0000040000000000	2000000000000000
1547	005064c1	5	5	0000000000000000	0000040000000000	2000180000040000
1548	0050e083	8	4	0000000000000000	0000040000000000	3000000000020000
1549	00706007	3	7	0000000000000000	0000040000000000	3000180000060000
1550	0050e124	41	2	0000000000000000	0000041000000000	0000000000000000
1551	1050e003	10	3	0000000000000000	0000041000000000	0000000000020000
1552	10506441	3	5	0000000000000000	0000041000000000	0000180000040000
1553	0010e641	12	3	0000000000000000	0000041000000000	2000000000000000
1554	0050ea01	4	5	0000000000000000	0000041000000000	3000000000020000
1555	0050a125	7	2	0000000000000000	0000042000000000	0000000000000000
1556	1050a281	7	4	0000000000000000	0000042000000000	0000000000020080
1557	1852a080	1	6	0000000000000000	0000042000000000	00000000000210c0
1558	10522281	3	8	0000000000000000	0000042000000000	0000080000060881
1559	18722080	1	8	0000000000000000	0000042000000000	00000840000600c0
1560	18522280	2	11	0000000000000000	0000042000000000	00000840000618c1
1561	0052a281	8	5	0000000000000000	0000042000000000	1000000000020080
1562	0852a280	2	8	0000000000000000	0000042000000000	10000000800210c0
1563	00722083	2	7	0000000000000000	0000042000000000	1000080000060080
1564	08522281	3	9	0000000000000000	0000042000000000	1000080000060881
1565	08722280	1	9	0000000000000000	0000042000000000	10000840000600c0
1566	08522a80	3	13	0000000000000000	0000042000000000	10000840800618c1
1567	1051a201	2	3	0000000000000000	0000043000000000	0000000000000000
1568	10422681	1	2	0000000000000000	0000050000000000	0000000000000000
1569	18422680	1	14	0000000000000000	0000050000000000	0006098000750600
1570	1842a480	1	12	0000000000000000	0000050000000000	0006408000710600
1571	18422481	1	12	0000000000000000	0000050000000000	0006498000640400
1572	18622480	1	14	0000000000000000	0000050000000000	0006498000740600
1573	18422c80	1	15	0000000000000000	0000050000000000	0006498000750600
1574	18422282	1	3	0000000000000000	0000052000000000	0000000000000000
1575	18432280	1	26	0000000000000000	0000052000000000	000489cc0077dec1
1576	1842a280	1	21	0000000000000000	0000052000000000	0006808c0073d6c0
1577	18422281	1	19	0000000000000000	0000052000000000	0006898800668c81
1578	18622280	1	21	0000000000000000	0000052000000000	000689cc007606c0
1579	18422a80	1	27	0000000000000000	0000052000000000	000689cc0077dec1
1580	1842a081	1	15	0000000000000000	0000052000000000	0006c08800628480
1581	1842a880	1	22	0000000000000000	0000052000000000	0006c08c0073d6c0
1582	18422881	1	20	0000000000000000	0000052000000000	0006c98800668c81
1583	0010c325	35	3	0000000000000000	0000064000000000	0000000000000000
1584	10708441	1	4	0000000000000000	0000064000000000	0000000000000100
1585	1050c007	19	4	0000000000000000	0000064000000000	0000000000020000
1586	10724401	1	5	0000000000000000	0000064000000000	0000080000040000
1587	10724003	3	6	0000000000000000	0000064000000000	0000080000060000
1588	10704441	1	6	0000000000000000	0000064000000000	0000180000040000
1589	0072c003	7	5	0000000000000000	0000064000000000	1000000000020000
1590	0050c4c1	6	4	0000000000000000	0000064000000000	2000000000000000
1591	0030c125	2	6	0000000000000000	0000064000000000	3000000000020000
1592	1050c441	5	4	0000000000000000	0000065000000000	0000000000000000
1593	1050ca01	3	5	0000000000000000	0000065000000000	0000000000020000
1594	0050cc41	1	5	0000000000000000	0000065000000000	2000000000000000
1595	00508325	1	4	0000000000000000	0000066000000000	0000000000000000
1596	00842496	545	1	0000000000000000	0000080000000000	0000000000000000
1597	008e2481	29	2	0000000000000000	0000080000000000	0400000000000000
1598	00862681	4	3	0000000000000000	0000080000000000	0400000020000000
1599	00c6a081	1	4	0000000000000000	0000080000000000	0400000020008000
1600	08c62081	1	5	0000000000000000	0000080000000000	0400000020008800
1601	00ac2282	7	3	0000000000000000	0000080000000000	0400004000000000
1602	00ac2602	11	3	0000000000000000	0000080000000000	0410000000000000
1603	008e8481	17	3	0000000000000000	0000080000000000	0420000000000000
1604	08868481	1	5	0000000000000000	0000080000000000	0420000028000000
1605	00ac8441	10	4	0000000000000000	0000080000000000	0430000000000000
1606	00e48441	1	7	0000000000000000	0000080000000000	0430000068000000
1607	00a62482	4	5	0000000000000000	0000080000000000	0480000030000000
1608	00a42682	5	6	0000000000000000	0000080000000000	0480000070000000
1609	0086a4c0	11	6	0000000000000000	0000080000000000	0480000130000000
1610	00c6a880	2	11	0000000000000000	0000080000000000	04800001b280c000
1611	00e62082	1	7	0000000000000000	0000080000000000	0480004030800000
1612	08c62082	4	13	0000000000000000	0000080000000000	04800041b280c800
1613	00e4a440	1	7	0000000000000000	0000080000000000	0490000070000000
1614	00a484c2	2	8	0000000000000000	0000080000000000	04a0000078000000
1615	008686c0	2	8	0000000000000000	0000080000000000	04a0000138000000
1616	00e48640	2	9	0000000000000000	0000080000000000	04b0000078000000
1617	008e8441	1	5	0000000000000000	0000080000000000	0630000000000000
1618	008ea440	2	6	0000000000000000	0000080000000000	0710020000000000
1619	00ce8440	1	7	0000000000000000	0000080000000000	0730020000000000
1620	008c2483	31	3	0000000000000000	0000080000000000	0c00000000000000
1621	0084a4c1	3	5	0000000000000000	0000080000000000	0c00000060000000
1622	008c84c1	13	4	0000000000000000	0000080000000000	0c20000000000000
1623	008486c1	2	7	0000000000000000	0000080000000000	0c20000068000000
1624	0084a4c2	14	8	0000000000000000	0000080000000000	0c80000170000000
1625	00c486c0	3	10	0000000000000000	0000080000000000	0ca0000178000000
1626	008ca441	3	5	0000000000000000	0000080000000000	0e10000000000000
1627	00c4a441	1	7	0000000000000000	0000080000000000	0e10000060000000
1628	008c8641	2	6	0000000000000000	0000080000000000	0e30000000000000
1629	00c48641	1	9	0000000000000000	0000080000000000	0e30000068000000
1630	008ca442	10	7	0000000000000000	0000080000000000	0f10020000000000
1631	00cc8442	7	8	0000000000000000	0000080000000000	0f30020000000000
1632	00c4a640	3	12	0000000000000000	0000080000000000	0f90020170000000
1633	08c48c40	1	14	0000000000000000	0000080000000000	0fb0020178000000
1634	0080a6c2	555	2	0000000000000000	0000090000000000	0000000000000000
1635	008aa481	11	5	0000000000000000	0000090000000000	0440008000000000
1636	0082a681	2	8	0000000000000000	0000090000000000	0440008021000400
1637	00aaa082	2	7	0000000000000000	0000090000000000	0440008c00000000
1638	008a2483	24	6	0000000000000000	0000090000000000	0440018000000000
1639	00c22681	3	9	0000000000000000	0000090000000000	0440018021000400
1640	08ca2081	1	7	0000000000000000	0000090000000000	0440018800000000
1641	00aa2282	6	9	0000000000000000	0000090000000000	044001cc00000000
1642	00a8a441	6	6	0000000000000000	0000090000000000	0450008000000000
1643	00ea2402	1	7	0000000000000000	0000090000000000	0450018000000000
1644	008a84c1	13	6	0000000000000000	0000090000000000	0460008000000000
1645	008286c1	2	11	0000000000000000	0000090000000000	0460008029000500
1646	088a0681	4	7	0000000000000000	0000090000000000	0460018000000000
1647	00a88443	19	7	0000000000000000	0000090000000000	0470008000000000
1648	00a0a6c0	2	12	0000000000000000	0000090000000000	04c0008071000600
1649	0082a6c0	4	13	0000000000000000	0000090000000000	04c0008131010600
1650	00a22682	5	12	0000000000000000	0000090000000000	04c0018031000600
1651	08c22482	6	14	0000000000000000	0000090000000000	04c0018131010600
1652	088286c0	1	16	0000000000000000	0000090000000000	04e0008139010700
1653	008a8641	2	8	0000000000000000	0000090000000000	0670008000000000
1654	08828641	1	13	0000000000000000	0000090000000000	0670008029000500
1655	00caa440	1	9	0000000000000000	0000090000000000	0750028000000000
1656	00ca8640	1	10	0000000000000000	0000090000000000	0770028000000000
1657	0088a4c1	14	8	0000000000000000	0000090000000000	0c40049000000000
1658	0080a6c1	2	12	0000000000000000	0000090000000000	0c40049061000400
1659	00c82682	2	9	0000000000000000	0000090000000000	0c40059000000000
1660	008886c1	11	9	0000000000000000	0000090000000000	0c60049000000000
1661	00c0a6c0	3	17	0000000000000000	0000090000000000	0cc0049171010600
1662	0088a641	2	10	0000000000000000	0000090000000000	0e50049000000000
1663	00c88641	3	11	0000000000000000	0000090000000000	0e70049000000000
1664	00c8a442	4	12	0000000000000000	0000090000000000	0f50069000000000
1665	00c88e40	3	13	0000000000000000	0000090000000000	0f70069000000000
1666	0080a683	9	3	0000000000000000	0000090000010000	0000000000000000
1667	00a22283	10	3	0000000000000000	0000092000000000	0000000000000000
1668	08c2a081	1	12	0000000000000000	0000092000000000	0440008821008480
1669	08c22281	1	15	0000000000000000	0000092000000000	0440018821008c81
1670	08c2a280	2	24	0000000000000000	0000092000000000	04c0008db381d6c0
1671	08c22282	3	28	0000000000000000	0000092000000000	04c001cdb381dec1
1672	00046496	364	1	0000000000000000	0000100000000000	0000000000000000
1673	00466481	2	4	0000000000000000	0000100000000000	8002400000000000
1674	004c6403	2	5	0000000000000000	0000100000000000	8002600000000000
1675	004c6281	1	4	0000000000000000	0000100000000000	8002800000000000
1676	004e6201	1	5	0000000000000000	0000100000000000	8002a00000000000
1677	004c6083	4	5	0000000000000000	0000100000000000	8002c00000000000
1678	004c6007	8	6	0000000000000000	0000100000000000	8002e00000000000
1679	004cc441	1	6	0000000000000000	0000100000000000	8003600000000000
1680	004a6481	1	7	0000000000000000	0000100000000000	8006490000000000
1681	0048e441	1	6	0000000000000000	0000100000000000	8006600000000000
1682	004a6281	1	7	0000000000000000	0000100000000000	8006890000000000
1683	084a6201	1	8	0000000000000000	0000100000000000	8006a90000000000
1684	004ae081	1	6	0000000000000000	0000100000000000	8006c00000000000
1685	004a6083	4	8	0000000000000000	0000100000000000	8006c90000000000
1686	00686083	1	9	0000000000000000	0000100000000000	8006d90000000000
1687	084ae001	1	7	0000000000000000	0000100000000000	8006e00000000000
1688	006a6003	1	9	0000000000000000	0000100000000000	8006e90000000000
1689	000c6681	1	4	0000000000000000	0000100000000000	800a000000000000
1690	0006e481	6	5	0000000000000000	0000100000000000	800a400000000000
1691	000ce403	3	6	0000000000000000	0000100000000000	800a600000000000
1692	000c6283	3	5	0000000000000000	0000100000000000	800a800000000000
1693	000ee201	1	6	0000000000000000	0000100000000000	800aa00000000000
1694	000c6087	10	6	0000000000000000	0000100000000000	800ac00000000000
1695	000ce007	8	7	0000000000000000	0000100000000000	800ae00000000000
1696	000cc641	1	6	0000000000000000	0000100000000000	800b200000000000
1697	000cc4c1	3	6	0000000000000000	0000100000000000	800b400000000000
1698	002cc441	1	7	0000000000000000	0000100000000000	800b600000000000
1699	080e4281	1	6	0000000000000000	0000100000000000	800b800000000000
1700	000a6681	1	7	0000000000000000	0000100000000000	800e090000000000
1701	0008e641	1	6	0000000000000000	0000100000000000	800e200000000000
1702	0008e4c1	2	6	0000000000000000	0000100000000000	800e400000000000
1703	000a6483	3	8	0000000000000000	0000100000000000	800e490000000000
1704	00286483	1	9	0000000000000000	0000100000000000	800e590000000000
1705	000ae441	2	7	0000000000000000	0000100000000000	800e600000000000
1706	000ae281	1	6	0000000000000000	0000100000000000	800e800000000000
1707	000a6283	3	8	0000000000000000	0000100000000000	800e890000000000
1708	000ae083	4	7	0000000000000000	0000100000000000	800ec00000000000
1709	000a6087	6	9	0000000000000000	0000100000000000	800ec90000000000
1710	00466281	1	5	0000000000000000	0000100000000000	9002800000000000
1711	0046e201	2	6	0000000000000000	0000100000000000	9002a00000000000
1712	00466083	6	6	0000000000000000	0000100000000000	9002c00000000000
1713	08466801	2	7	0000000000000000	0000100000000000	9002e00000000000
1714	08076081	1	6	0000000000000000	0000100000000000	9008c00000000000
1715	0006e281	2	6	0000000000000000	0000100000000000	900a800000000000
1716	0806e201	1	7	0000000000000000	0000100000000000	900aa00000000000
1717	00066087	7	7	0000000000000000	0000100000000000	900ac00000000000
1718	0044e481	1	6	0000000000000000	0000100000000000	a002400200000000
1719	0044e441	1	7	0000000000000000	0000100000000000	a002600200000000
1720	0004e4c1	1	7	0000000000000000	0000100000000000	a00a400200000000
1721	0044e281	1	7	0000000000000000	0000100000000000	b002800200000000
1722	004d6480	1	4	0000000000000000	0000100000000000	c000400000000000
1723	004f6080	1	5	0000000000000000	0000100000000000	c000c00000000000
1724	00466680	2	4	0000000000000000	0000100000000000	c002000000000000
1725	004ce600	1	5	0000000000000000	0000100000000000	c002200000000000
1726	00466482	16	5	0000000000000000	0000100000000000	c002400000000000
1727	004c6406	7	6	0000000000000000	0000100000000000	c002600000000000
1728	004c6282	4	5	0000000000000000	0000100000000000	c002800000000000
1729	006c6202	3	6	0000000000000000	0000100000000000	c002a00000000000
1730	004c6086	23	6	0000000000000000	0000100000000000	c002c00000000000
1731	004c6016	16	7	0000000000000000	0000100000000000	c002e00000000000
1732	004cc640	1	6	0000000000000000	0000100000000000	c003200000000000
1733	004cc4c0	2	6	0000000000000000	0000100000000000	c003400000000000
1734	004ccc40	2	7	0000000000000000	0000100000000000	c003600000000000
1735	0049e440	1	6	0000000000000000	0000100000000000	c004600000000000
1736	084b6080	1	8	0000000000000000	0000100000000000	c004c90000000000
1737	004a6680	1	7	0000000000000000	0000100000000000	c006090000000000
1738	0048e640	1	6	0000000000000000	0000100000000000	c006200000000000
1739	0048e4c0	3	6	0000000000000000	0000100000000000	c006400000000000
1740	004a6482	7	8	0000000000000000	0000100000000000	c006490000000000
1741	00686482	2	9	0000000000000000	0000100000000000	c006590000000000
1742	0048e442	6	7	0000000000000000	0000100000000000	c006600000000000
1743	006a6440	1	9	0000000000000000	0000100000000000	c006690000000000
1744	00686442	1	10	0000000000000000	0000100000000000	c006790000000000
1745	004ae280	1	6	0000000000000000	0000100000000000	c006800000000000
1746	004a6282	4	8	0000000000000000	0000100000000000	c006890000000000
1747	00686282	1	9	0000000000000000	0000100000000000	c006990000000000
1748	004ae082	6	7	0000000000000000	0000100000000000	c006c00000000000
1749	004a6086	14	9	0000000000000000	0000100000000000	c006c90000000000
1750	00486096	3	10	0000000000000000	0000100000000000	c006d90000000000
1751	000f6480	1	5	0000000000000000	0000100000000000	c008400000000000
1752	002d6082	1	6	0000000000000000	0000100000000000	c008c00000000000
1753	000c6682	5	5	0000000000000000	0000100000000000	c00a000000000000
1754	000ce640	1	6	0000000000000000	0000100000000000	c00a200000000000
1755	0006e4c0	25	6	0000000000000000	0000100000000000	c00a400000000000
1756	000ce442	9	7	0000000000000000	0000100000000000	c00a600000000000
1757	000e6282	6	6	0000000000000000	0000100000000000	c00a800000000000
1758	000c6096	26	7	0000000000000000	0000100000000000	c00ac00000000000
1759	002c6016	3	8	0000000000000000	0000100000000000	c00ae00000000000
1760	002cc640	1	7	0000000000000000	0000100000000000	c00b200000000000
1761	000ec4c0	4	7	0000000000000000	0000100000000000	c00b400000000000
1762	002cc442	4	8	0000000000000000	0000100000000000	c00b600000000000
1763	0008e6c0	1	6	0000000000000000	0000100000000000	c00e000000000000
1764	002a6680	2	8	0000000000000000	0000100000000000	c00e090000000000
1765	00286682	1	9	0000000000000000	0000100000000000	c00e190000000000
1766	0028e640	1	7	0000000000000000	0000100000000000	c00e200000000000
1767	0008e4c2	9	7	0000000000000000	0000100000000000	c00e400000000000
1768	002a6482	5	9	0000000000000000	0000100000000000	c00e490000000000
1769	00286486	2	10	0000000000000000	0000100000000000	c00e590000000000
1770	0028e442	3	8	0000000000000000	0000100000000000	c00e600000000000
1771	080ae280	1	7	0000000000000000	0000100000000000	c00e800000000000
1772	002a6282	4	9	0000000000000000	0000100000000000	c00e890000000000
1773	002ae082	1	8	0000000000000000	0000100000000000	c00ec00000000000
1774	000a6096	4	10	0000000000000000	0000100000000000	c00ec90000000000
1775	08476080	1	6	0000000000000000	0000100000000000	d000c00000000000
1776	00466284	5	6	0000000000000000	0000100000000000	d002800000000000
1777	00466086	14	7	0000000000000000	0000100000000000	d002c00000000000
1778	0846e800	1	8	0000000000000000	0000100000000000	d002e00000000000
1779	08066a80	2	7	0000000000000000	0000100000000000	d00a800000000000
1780	00266086	2	8	0000000000000000	0000100000000000	d00ac00000000000
1781	0044e680	1	6	0000000000000000	0000100000000000	e002000200000000
1782	0044e640	1	7	0000000000000000	0000100000000000	e002200200000000
1783	0044e4c0	4	7	0000000000000000	0000100000000000	e002400200000000
1784	0064e440	1	8	0000000000000000	0000100000000000	e002600200000000
1785	0004e6c0	1	7	0000000000000000	0000100000000000	e00a000200000000
1786	00246486	3	8	0000000000000000	0000100000000000	e00a400200000000
1787	00446096	5	9	0000000000000000	0000100000000000	f002c00200000000
1788	00246096	1	10	0000000000000000	0000100000000000	f00ac00200000000
1789	080a4a81	5	2	0000000000000000	0000120000000000	0000000000000000
1790	0048c641	1	7	0000000000000000	0000120000000000	8007200000000000
1791	0068c441	1	8	0000000000000000	0000120000000000	8007600000000000
1792	080a4681	1	9	0000000000000000	0000120000000000	800f090000000000
1793	000ac641	2	8	0000000000000000	0000120000000000	800f200000000000
1794	082a4481	1	10	0000000000000000	0000120000000000	800f490000000000
1795	002ac441	1	9	0000000000000000	0000120000000000	800f600000000000
1796	0069c440	1	8	0000000000000000	0000120000000000	c005600000000000
1797	0068c640	1	8	0000000000000000	0000120000000000	c007200000000000
1798	0068c4c0	1	8	0000000000000000	0000120000000000	c007400000000000
1799	0068c442	6	9	0000000000000000	0000120000000000	c007600000000000
1800	002ac4c0	1	9	0000000000000000	0000120000000000	c00f400000000000
1801	082ac440	1	10	0000000000000000	0000120000000000	c00f600000000000
1802	00426096	11	2	0000000000000000	0000140000000000	0000000000000000
1803	08426481	1	10	0000000000000000	0000140000000000	8006490000240000
1804	08026681	1	10	0000000000000000	0000140000000000	800e090000240000
1805	08436081	1	12	0000000000000000	0000140000000000	9004c90000260000
1806	0042e281	1	9	0000000000000000	0000140000000000	9006800000220000
1807	08426281	1	12	0000000000000000	0000140000000000	9006890000260000
1808	0842e201	1	10	0000000000000000	0000140000000000	9006a00000220000
1809	0842e081	1	10	0000000000000000	0000140000000000	9006c00000220000
1810	08426083	6	13	0000000000000000	0000140000000000	9006c90000260000
1811	0802e281	1	10	0000000000000000	0000140000000000	900e800000220000
1812	08026283	3	13	0000000000000000	0000140000000000	900e890000260000
1813	08436480	1	11	0000000000000000	0000140000000000	c004490000340000
1814	08426680	1	11	0000000000000000	0000140000000000	c006090000340000
1815	0042e4c0	2	9	0000000000000000	0000140000000000	c006400000300000
1816	08426482	6	12	0000000000000000	0000140000000000	c006490000340000
1817	08436280	1	13	0000000000000000	0000140000000000	d004890000360000
1818	08436880	1	14	0000000000000000	0000140000000000	d004c90000360000
1819	0842e280	1	11	0000000000000000	0000140000000000	d006800000320000
1820	08426282	8	14	0000000000000000	0000140000000000	d006890000360000
1821	0842e880	1	12	0000000000000000	0000140000000000	d006c00000320000
1822	08426086	7	15	0000000000000000	0000140000000000	d006c90000360000
1823	0006a681	117	2	0000000000000000	0000180000000000	0000000000000000
1824	004e2481	1	6	0000000000000000	0000180000000000	8402400000000000
1825	0046a481	2	7	0000000000000000	0000180000000000	8402400020000000
1826	004e2281	1	6	0000000000000000	0000180000000000	8402800000000000
1827	004e2083	6	7	0000000000000000	0000180000000000	8402c00000000000
1828	000e2681	1	6	0000000000000000	0000180000000000	840a000000000000
1829	08062681	1	7	0000000000000000	0000180000000000	840a000020000000
1830	000e2483	6	7	0000000000000000	0000180000000000	840a400000000000
1831	000ea281	2	7	0000000000000000	0000180000000000	840a800000000000
1832	002ca083	6	8	0000000000000000	0000180000000000	840ac00000000000
1833	006ea001	1	9	0000000000000000	0000180000000000	8412e00000000000
1834	002ca441	1	9	0000000000000000	0000180000000000	841a600000000000
1835	002c84c1	1	9	0000000000000000	0000180000000000	842b400000000000
1836	006c8441	1	10	0000000000000000	0000180000000000	8433600000000000
1837	002c8641	1	10	0000000000000000	0000180000000000	843b200000000000
1838	002e8441	1	11	0000000000000000	0000180000000000	843b600000000000
1839	004ea201	1	9	0000000000000000	0000180000000000	8612a00000000000
1840	004ca481	1	7	0000000000000000	0000180000000000	8c02400000000000
1841	000ca681	1	7	0000000000000000	0000180000000000	8c0a000000000000
1842	000ca4c1	1	8	0000000000000000	0000180000000000	8c0a400000000000
1843	004ca441	1	10	0000000000000000	0000180000000000	8e12600000000000
1844	000ca641	1	10	0000000000000000	0000180000000000	8e1a200000000000
1845	08472081	1	10	0000000000000000	0000180000000000	9400c00020008800
1846	0046a281	1	9	0000000000000000	0000180000000000	9402800020008000
1847	08462281	1	10	0000000000000000	0000180000000000	9402800020008800
1848	08662081	1	9	0000000000000000	0000180000000000	9402c00020000000
1849	0846a081	1	10	0000000000000000	0000180000000000	9402c00020008000
1850	08462881	1	11	0000000000000000	0000180000000000	9402c00020008800
1851	0806a281	1	10	0000000000000000	0000180000000000	940a800020008000
1852	08062a81	1	11	0000000000000000	0000180000000000	940a800020008800
1853	004f2480	1	6	0000000000000000	0000180000000000	c400400000000000
1854	084f2080	1	8	0000000000000000	0000180000000000	c400c04000000000
1855	004e2680	1	6	0000000000000000	0000180000000000	c402000000000000
1856	004e2482	11	7	0000000000000000	0000180000000000	c402400000000000
1857	004ea280	1	7	0000000000000000	0000180000000000	c402800000000000
1858	004e2282	4	8	0000000000000000	0000180000000000	c402804000000000
1859	004ea082	5	8	0000000000000000	0000180000000000	c402c00000000000
1860	004e2086	11	9	0000000000000000	0000180000000000	c402c04000000000
1861	000ea680	5	7	0000000000000000	0000180000000000	c40a000000000000
1862	000ea482	10	8	0000000000000000	0000180000000000	c40a400000000000
1863	080ea280	1	8	0000000000000000	0000180000000000	c40a800000000000
1864	002e2282	3	9	0000000000000000	0000180000000000	c40a804000000000
1865	002ea082	1	9	0000000000000000	0000180000000000	c40ac00000000000
1866	002e2086	2	10	0000000000000000	0000180000000000	c40ac04000000000
1867	006ca440	1	9	0000000000000000	0000180000000000	c412600000000000
1868	002ca640	1	9	0000000000000000	0000180000000000	c41a200000000000
1869	002ca442	3	10	0000000000000000	0000180000000000	c41a600000000000
1870	006c84c0	1	9	0000000000000000	0000180000000000	c423400000000000
1871	002e84c0	1	10	0000000000000000	0000180000000000	c42b400000000000
1872	006d8440	1	10	0000000000000000	0000180000000000	c431600000000000
1873	006c8640	1	10	0000000000000000	0000180000000000	c433200000000000
1874	006c8c40	3	11	0000000000000000	0000180000000000	c433600000000000
1875	08472480	1	10	0000000000000000	0000180000000000	c480400130000000
1876	08462680	1	10	0000000000000000	0000180000000000	c482000130000000
1877	08662480	1	10	0000000000000000	0000180000000000	c482400030000000
1878	08462c80	2	11	0000000000000000	0000180000000000	c482400130000000
1879	004ea440	1	12	0000000000000000	0000180000000000	c712620000000000
1880	004ca680	1	7	0000000000000000	0000180000000000	cc02000000000000
1881	004ca4c0	4	8	0000000000000000	0000180000000000	cc02400000000000
1882	000ca6c0	1	8	0000000000000000	0000180000000000	cc0a000000000000
1883	000cacc0	2	9	0000000000000000	0000180000000000	cc0a400000000000
1884	004ca640	1	12	0000000000000000	0000180000000000	cf12220000000000
1885	004cac40	1	13	0000000000000000	0000180000000000	cf12620000000000
1886	08472280	1	18	0000000000000000	0000180000000000	d4808041b280c800
1887	08472880	1	19	0000000000000000	0000180000000000	d480c041b280c800
1888	0846a280	1	17	0000000000000000	0000180000000000	d4828001b280c000
1889	08662280	1	13	0000000000000000	0000180000000000	d482804030800000
1890	08462282	4	19	0000000000000000	0000180000000000	d4828041b280c800
1891	0846a880	1	18	0000000000000000	0000180000000000	d482c001b280c000
1892	08662082	2	14	0000000000000000	0000180000000000	d482c04030800000
1893	000a2683	45	3	0000000000000000	0000190000000000	0000000000000000
1894	084b2081	1	13	0000000000000000	0000190000000000	8444c98800000000
1895	004a2681	1	11	0000000000000000	0000190000000000	8446098000000000
1896	004aa481	1	10	0000000000000000	0000190000000000	8446408000000000
1897	006a2481	2	12	0000000000000000	0000190000000000	8446498000000000
1898	004aa281	1	11	0000000000000000	0000190000000000	8446808800000000
1899	084a2281	1	13	0000000000000000	0000190000000000	8446898800000000
1900	084aa081	1	12	0000000000000000	0000190000000000	8446c08800000000
1901	006a2083	4	14	0000000000000000	0000190000000000	8446c98800000000
1902	000aa681	1	10	0000000000000000	0000190000000000	844e008000000000
1903	080a2681	1	12	0000000000000000	0000190000000000	844e098000000000
1904	000aa4c1	1	11	0000000000000000	0000190000000000	844e408000000000
1905	002a2483	2	13	0000000000000000	0000190000000000	844e498000000000
1906	080aa281	1	13	0000000000000000	0000190000000000	844e808800000008
1907	082a2281	1	14	0000000000000000	0000190000000000	844e898800000000
1908	080a2a81	1	15	0000000000000000	0000190000000000	844e898800000008
1909	0068a441	1	12	0000000000000000	0000190000000000	8456608000000000
1910	0008a6c1	1	13	0000000000000000	0000190000000000	8c4e049000000000
1911	084b2480	1	12	0000000000000000	0000190000000000	c444498000000000
1912	084b2280	1	15	0000000000000000	0000190000000000	c44489cc00000000
1913	084b2880	1	16	0000000000000000	0000190000000000	c444c9cc00000000
1914	006a2680	2	12	0000000000000000	0000190000000000	c446098000000000
1915	004aa4c0	4	11	0000000000000000	0000190000000000	c446408000000000
1916	006a2482	5	13	0000000000000000	0000190000000000	c446498000000000
1917	084aa280	1	13	0000000000000000	0000190000000000	c446808c00000000
1918	006a2282	7	16	0000000000000000	0000190000000000	c44689cc00000000
1919	006aa082	3	14	0000000000000000	0000190000000000	c446c08c00000000
1920	084a2092	5	17	0000000000000000	0000190000000000	c446c9cc00000000
1921	000aa6c0	2	11	0000000000000000	0000190000000000	c44e008000000000
1922	002a2682	2	13	0000000000000000	0000190000000000	c44e098000000000
1923	0028a4c2	3	12	0000000000000000	0000190000000000	c44e408000000000
1924	082a2482	1	14	0000000000000000	0000190000000000	c44e498000000000
1925	0068a640	1	12	0000000000000000	0000190000000000	c456208000000000
1926	0068a442	4	13	0000000000000000	0000190000000000	c456608000000000
1927	0048a6c0	1	13	0000000000000000	0000190000000000	cc46049000000000
1928	082a0681	1	4	0000000000000000	00001b0000000000	0000000000000000
1929	00688641	1	14	0000000000000000	00001b0000000000	8477208000000000
1930	006a8441	1	15	0000000000000000	00001b0000000000	8477608000000000
1931	002a8641	1	15	0000000000000000	00001b0000000000	847f208000000000
1932	082a8441	1	16	0000000000000000	00001b0000000000	847f608000000000
1933	08688c40	1	16	0000000000000000	00001b0000000000	c477608000000000
1934	08422681	1	18	0000000000000000	00001d0000000000	8446098021640400
1935	08432680	1	24	0000000000000000	00001d0000000000	c4c4098131750600
1936	0842a680	1	22	0000000000000000	00001d0000000000	c4c6008131710600
1937	08622680	1	23	0000000000000000	00001d0000000000	c4c6098031740600
1938	08422e80	1	25	0000000000000000	00001d0000000000	c4c6098131750600
1939	08432281	1	26	0000000000000000	00001d2000000000	9444898821668c81
1940	0842a281	1	22	0000000000000000	00001d2000000000	9446808821628480
1941	08622281	1	24	0000000000000000	00001d2000000000	9446898821660480
1942	08422283	2	27	0000000000000000	00001d2000000000	9446898821668c81
1943	0842a881	1	23	0000000000000000	00001d2000000000	9446c08821628480
1944	08432a80	1	41	0000000000000000	00001d2000000000	d4c489cdb3f7dec1
1945	0842aa80	1	36	0000000000000000	00001d2000000000	d4c6808db3f3d6c0
1946	08622282	2	33	0000000000000000	00001d2000000000	d4c689cc31f606c0
1947	1b001888	123	1	0000000000000000	0000200000000000	0000000000000000
1948	1b480088	12	2	0000000000000000	0000200000000001	0000000000000000
1949	00b89108	325	1	0000000000000000	0000400000000000	0000000000000000
1950	183010c1	75	1	0000000000000000	0000800000000000	0000000000000000
1951	1a501801	5	2	0000000000000000	0000800000000000	0000000000000001
1952	18780041	1	2	0000000000000000	0000820000000000	0000000000000000
1953	18781200	40	2	0000000000000000	0000c00000000000	0000000000000000
1954	0230124c	104	1	0000000000000000	0001000000000000	0000000000000000
1955	0230112c	517	2	0000000000000000	0001400000000000	0000000000000000
1956	18b01240	19	2	0000000000000000	0001800000000000	0000000000000000
1957	1a301006	45	3	0000000000000000	0001c00000000000	0000000000000000
1958	1aa81008	2	2	0000000000000000	0002400000000000	0000000000000000
1959	1aa01048	1	2	0000000000000000	0003000000000000	0000000000000000
1960	1aa0100a	3	3	0000000000000000	0003400000000000	0000000000000000
1961	1aa81040	1	3	0000000000000000	0006800000000000	0000000000000000
1962	1aa09040	1	3	0000000000000000	0007000000000000	0000000000000000
1963	1aa01042	4	4	0000000000000000	0007800000000000	0000000000000000
1964	0a988048	6	1	0000000000000000	0008000000000000	0000000000000000
1965	0a188888	160	2	0000000000000000	0008400000000000	0000000000000000
1966	3a180802	9	3	0000000000000000	0008c00000000000	0000000000000000
1967	0a909048	16	2	0000000000000000	0009000000000000	0000000000000000
1968	0a10812c	217	3	0000000000000000	0009400000000000	0000000000000000
1969	18d09008	3	4	0000000000000000	0009400000000000	0000000000001000
1970	38d08008	1	5	0000000000000000	0009400000000000	0000000000001040
1971	18509808	1	5	0000000000000000	0009401000000000	0000000000001000
1972	3a900802	3	5	0000000000000000	0009c00000000000	0000000000000001
1973	18025284	239	1	0000000000000000	0010000000000000	0000000000000000
1974	1820504c	47	1	0000000000000000	0020000000000000	0000000000000000
1975	1a281048	1	2	0000000000000000	0022000000000000	0000000000000000
1976	1a28100c	6	3	0000000000000000	0022400000000000	0000000000000000
1977	1a201848	4	3	0000000000000000	0023000000000000	0000000000000000
1978	1a609008	1	4	0000000000000000	0023400000000000	0000000000000000
1979	18285240	27	2	0000000000000000	0030000000000000	0000000000000000
1980	1a681040	1	5	0000000000000000	0036800000000000	0000000000000000
1981	192010c8	26	1	0000000000000000	0040000000000000	0000000000000000
1982	19681008	1	6	0000000000000000	004000000000405a	0000000000000000
1983	19609008	1	5	0000000000000000	004000000000410a	0000000000000000
1984	19601048	1	6	0000000000000000	0040000000004458	0000000000000000
1985	19481088	16	2	0000000000000000	0040200000000000	0000000000000000
1986	18a81048	1	2	0000000000000000	0042000000000000	0000000000000000
1987	18681048	2	3	0000000000000000	0062000000000000	0000000000000000
1988	11089281	53	1	0000000000000000	0080000000000000	0000000000000000
1989	11289201	4	2	0000000000000000	0080000000000004	0000000000000000
1990	11281085	24	2	0000000000000000	0080000000000080	0000000000000000
1991	11601045	4	3	0000000000000000	00800000000000a0	0000000000000000
1992	11681005	3	4	0000000000000000	00800000000000a4	0000000000000000
1993	11209085	7	2	0000000000000000	0080000000000200	0000000000000000
1994	11609201	3	3	0000000000000000	0080000000000204	0000000000000000
1995	11201285	10	3	0000000000000000	0080000000000280	0000000000000000
1996	19488801	1	3	0000000000000000	0080000000000804	0000000000000000
1997	11009a81	23	3	0000000000000000	0080000000002200	0000000000000000
1998	11401a81	5	4	0000000000000000	0080000000002280	0000000000000000
1999	11c09003	3	5	0000000000000000	0080000000002a04	0000000000000000
2000	192810c0	16	2	0000000000000000	00c0000000000000	0000000000000000
2001	19e01040	1	8	0000000000000000	00c00000000004f8	0000000000000000
2002	19609040	1	4	0000000000000000	00c0000000004008	0000000000000000
2003	19689000	1	6	0000000000000000	00c000000000400e	0000000000000000
2004	19681080	1	5	0000000000000000	00c00000000040c0	0000000000000000
2005	19681040	1	8	0000000000000000	00c00000000040f8	0000000000000000
2006	196010c0	1	6	0000000000000000	00c00000000044c0	0000000000000000
2007	39480880	1	7	0000000000000000	00c02000000040c1	0000000000000000
2008	1302808a	52	1	0000000000000000	0100000000000000	0000000000000000
2009	13009288	205	2	0000000000000000	0100200000000000	0000000000000000
2010	13c80082	17	3	0000000000000000	0100200000000001	0000000000000000
2011	02329006	108	1	0000000000000000	0200000000000000	0000000000000000
2012	02389006	105	2	0000000000000000	0200400000000000	0000000000000000
2013	023090c4	32	2	0000000000000000	0201000000000000	0000000000000000
2014	02309124	142	3	0000000000000000	0201400000000000	0000000000000000
2015	10321085	91	1	0000000000000000	0400000000000000	0000000000000000
2016	12521081	10	2	0000000000000000	0400000000000000	0000000000000001
2017	10301a81	200	2	0000000000000000	0400800000000000	0000000000000000
2018	12501881	13	3	0000000000000000	0400800000000000	0000000000000001
2019	103a1044	105	2	0000000000000000	0600000000000000	0000000000000000
2020	10781240	26	3	0000000000000000	0600800000000000	0000000000000000
2021	10f81100	98	4	0000000000000000	0600c00000000000	0000000000000000
2022	12301046	30	4	0000000000000000	0601800000000000	0000000000000000
2023	12301016	102	5	0000000000000000	0601c00000000000	0000000000000000
2024	12a29008	1	1	0000000000000000	0800000000000000	0000000000000000
2025	12a89008	2	3	0000000000000000	0802400000000000	0000000000000000
2026	12a0900a	3	4	0000000000000000	0803400000000000	0000000000000000
2027	12209281	6	2	0000000000000000	1004000000000000	0000000000000000
2028	12808125	1	4	0000000000000000	1004000000000000	000000000000000c
2029	12221281	1	2	0000000000000000	1400000000000000	0000000000000000
2030	12e89000	1	6	0000000000000000	1a06400000000000	0000000000000000
2031	12e09040	1	6	0000000000000000	1a07000000000000	0000000000000000
2032	12e09002	2	7	0000000000000000	1a07400000000000	0000000000000000
2033	32a81002	1	8	0000000000000000	1e06c00000000000	0000000000000000
2034	12a01206	1	9	0000000000000000	1e07c00000000000	0000000000000000
2035	10929208	80	1	0000000000000000	2000000000000000	0000000000000000
2036	10d29008	3	2	0000000000000000	2000000000000000	0000000000001000
2037	30d28008	1	3	0000000000000000	2000000000000000	0000000000001040
2038	12588808	52	3	0000000000000000	2008400000000000	0000000000000000
2039	1210812c	53	4	0000000000000000	2009400000000000	0000000000000000
2040	30d09008	1	5	0000000000000000	2009400000000000	0000000000001000
2041	12529800	24	2	0000000000000000	2200000000000000	0000000000000000
2042	32988040	1	3	0000000000000000	2208000000000000	0000000000000000
2043	12988082	35	4	0000000000000000	2208400000000000	0000000000000000
2044	12908124	39	5	0000000000000000	2209400000000000	0000000000000000
2045	329a0002	5	3	0000000000000000	2600000000000000	0000000000000000
2046	32980042	1	5	0000000000000000	2608800000000000	0000000000000000
2047	32181006	20	6	0000000000000000	2608c00000000000	0000000000000000
2048	32d01002	1	8	0000000000000000	2609c00000000000	0000000000000001
2049	1222500c	7	1	0000000000000000	4000000000000000	0000000000000000
2050	122a5004	1	2	0000000000000000	4010000000000000	0000000000000000
2051	1220520c	13	2	0000000000000000	4020000000000000	0000000000000000
2052	12205206	23	3	0000000000000000	4030000000000000	0000000000000000
2053	3228100c	1	5	0000000000000000	4822400000000000	0000000000000000
2054	11221288	9	1	0000000000000000	8000000000000000	0000000000000000
2055	11621048	3	2	0000000000000000	8000000000200000	0000000000000000
2056	11289088	20	2	0000000000000000	8040000000000000	0000000000000000
2057	11609048	1	5	0000000000000000	8040000000204008	0000000000000000
2058	11689008	1	6	0000000000000000	804000000020400a	0000000000000000
2059	11681088	1	5	0000000000000000	8040000000204040	0000000000000000
2060	11681048	1	7	0000000000000000	8040000000204058	0000000000000000
2061	31681008	1	8	0000000000000000	804000000020405a	0000000000000000
2062	11609088	1	5	0000000000000000	8040000000204100	0000000000000000
2063	11611240	12	3	0000000000000000	80c0000000000000	0000000000000000
2064	11e09040	1	4	0000000000000000	80c0000000000008	0000000000000000
2065	11e89000	1	6	0000000000000000	80c000000000000e	0000000000000000
2066	11e81040	1	8	0000000000000000	80c00000000000f8	0000000000000000
2067	11e09080	1	5	0000000000000000	80c0000000000300	0000000000000000
2068	11e010c0	1	6	0000000000000000	80c00000000004c0	0000000000000000
2069	11a89080	1	4	0000000000000000	80c0000000100000	0000000000000000
2070	116090c0	2	5	0000000000000000	80c0000000204000	0000000000000000
2071	11689040	1	6	0000000000000000	80c0000000204008	0000000000000000
2072	31689000	1	8	0000000000000000	80c000000020400e	0000000000000000
2073	116810c0	2	7	0000000000000000	80c00000002040c0	0000000000000000
2074	11681044	4	10	0000000000000000	80c00000002040f8	0000000000000000
2075	31609080	1	7	0000000000000000	80c0000000204300	0000000000000000
2076	316010c0	1	8	0000000000000000	80c00000002044c0	0000000000000000
2077	31289080	1	6	0000000000000000	80c0000000304000	0000000000000000
2078	11c28088	5	2	0000000000000000	8100000000000000	0000000000000000
2079	314a0088	1	3	0000000000000000	8100000000200000	0000000000000000
2080	31081288	3	4	0000000000000000	8140200000000000	0000000000000000
2081	31488088	1	6	0000000000000000	8140200000204000	0000000000000000
2082	31481280	2	5	0000000000000000	81c0200000000000	0000000000000000
2083	31c09080	1	8	0000000000000000	81c0200000002300	0000000000000000
2084	09021a05	20	1	0000000000000004	0000000000000000	0000000000000000
2085	08069881	45	1	0000000000000008	0000000000000000	0000000000000000
2086	0a068881	1	3	0000000000000008	0000000000000000	0000000004000010
2087	0b860880	1	2	000000000000000a	0000000000000000	0000000000000000
2088	09061805	44	2	000000000000000c	0000000000000000	0000000000000000
2089	0a468801	1	4	000000000000000c	0000000000000000	0000000004000010
2090	0b868800	5	3	000000000000000e	0000000000000000	0000000000000000
2091	08029285	93	1	0000000000000010	0000000000000000	0000000000000000
2092	0a828281	1	4	0000000000000010	0000000000000000	000000000400000c
2093	0a068281	1	3	0000000000000010	0000000000000000	0000000004000010
2094	0a428281	1	4	0000000000000010	0000000000000000	0000000004000014
2095	0a029281	2	5	0000000000000010	0000000000000000	000000000400001c
2096	280e0281	1	5	0000000000000010	0000000000000000	0000000004002012
2097	080e8281	1	11	0000000000000010	0000000000000000	842b800004002010
2098	0b821280	3	2	0000000000000012	0000000000000000	0000000000000000
2099	09029205	87	2	0000000000000014	0000000000000000	0000000000000000
2100	0a069201	3	4	0000000000000014	0000000000000000	0000000004000010
2101	0b829200	6	3	0000000000000016	0000000000000000	0000000000000000
2102	084e8081	93	2	0000000000000018	0000000000000000	0000000000000000
2103	0a868081	1	3	0000000000000018	0000000000000000	0000000004000000
2104	0a069081	3	4	0000000000000018	0000000000000000	0000000004000010
2105	0b829080	7	3	000000000000001a	0000000000000000	0000000000000000
2106	09069005	103	3	000000000000001c	0000000000000000	0000000000000000
2107	0ac68001	1	4	000000000000001c	0000000000000000	0000000004000000
2108	0b868040	9	4	000000000000001e	0000000000000000	0000000000000000
2109	2b8c0008	1	2	0000000000000021	0000000000000000	0000000000000000
2110	0b009881	8	2	0000000000000048	0000000000000000	0000000000000000
2111	0b049801	10	3	000000000000004c	0000000000000000	0000000000000000
2112	0b009281	2	2	0000000000000050	0000000000000000	0000000000000000
2113	0b049201	1	3	0000000000000054	0000000000000000	0000000000000000
2114	0b049081	6	3	0000000000000058	0000000000000000	0000000000000000
2115	0b008125	12	4	000000000000005c	0000000000000000	0000000000000000
2116	2b848800	2	6	000000000000006f	0000000000000000	0000000000000000
2117	0b221006	113	1	0000000000000080	0000000000000000	0000000000000000
2118	0b021a80	2	2	0000000000000082	0000000000000000	0000000000000000
2119	0b061a00	5	3	0000000000000086	0000000000000000	0000000000000000
2120	0b061880	7	3	000000000000008a	0000000000000000	0000000000000000
2121	0b069800	9	4	000000000000008e	0000000000000000	0000000000000000
2122	0b021284	11	3	0000000000000092	0000000000000000	0000000000000000
2123	0b061204	15	4	0000000000000096	0000000000000000	0000000000000000
2124	0b061084	14	4	000000000000009a	0000000000000000	0000000000000000
2125	0b069004	13	5	000000000000009e	0000000000000000	0000000000000000
2126	2b281008	1	1	0000000000000100	0000000000000000	0000000000000000
2127	2b28000a	3	2	0000000000000101	0000000000000000	0000000000000000
2128	2b0c1008	1	2	0000000000000120	0000000000000000	0000000000000000
2129	2b0c000a	5	3	0000000000000121	0000000000000000	0000000000000000
2130	2b080888	1	4	0000000000000121	0000200000000000	0000000000000000
2131	2b281002	8	2	0000000000000180	0000000000000000	0000000000000000
2132	2b2c0800	1	3	0000000000000181	0000000000000000	0000000000000000
2133	2b0c0880	1	7	00000000000001eb	0000000000000000	0000000000000000
2134	2b0c0802	3	8	00000000000001ef	0000000000000000	0000000000000000
2135	2b044808	11	1	0000000000000200	0000000000000000	0000000000000000
2136	2b241008	1	2	0000000000000300	0000000000000000	0000000000000000
2137	2b209080	4	3	0000000000000380	0000000000000000	0000000000000000
2138	2b448800	1	9	00000000000003ef	0000000000000000	0000000000000000
2139	08541881	68	1	0000000000000400	0000000000000000	0000000000000000
2140	08781041	39	2	0000000000000400	0000800000000000	0000000000000000
2141	0a381006	23	3	0000000000000400	0000c00000000000	0000000000000000
2142	0a301244	9	3	0000000000000400	0001800000000000	0000000000000000
2143	0a301884	1	4	0000000000000400	0001c00000000000	0000000000000000
2144	0a448881	1	3	0000000000001048	0000000000000000	0000000000000000
2145	08065284	84	1	0000000000002000	0000000000000000	0000000000000000
2146	080a5284	85	2	0000000000002000	0010000000000000	0000000000000000
2147	0a261044	17	2	0000000000002080	0000000000000000	0000000000000000
2148	0a221064	26	3	0000000000002080	0010000000000000	0000000000000000
2149	0a468880	1	6	000000000000208a	0000000000000000	0000000004000010
2150	2a0c4808	2	1	0000000000004000	0000000000000000	0000000000000000
2151	2a285008	1	2	0000000000004000	0020000000000000	0000000000000000
2152	2a245008	1	2	0000000000004200	0000000000000000	0000000000000000
2153	2a2c1008	1	3	0000000000004900	0000000000000000	0000000000000000
2154	2a285004	1	4	0000000000006000	0030000000000000	0000000000000000
2155	083c8808	142	1	0000000000008000	0000000000000000	0000000000000000
2156	08a212c0	17	1	0000000000010000	0000000000000000	0000000000000000
2157	09868880	1	3	000000000001000a	0000000000000000	0000000000000000
2158	09c68800	1	4	000000000001000e	0000000000000000	0000000000000000
2159	09861280	3	3	0000000000010012	0000000000000000	0000000000000000
2160	09869200	3	4	0000000000010016	0000000000000000	0000000000000000
2161	09869080	3	4	000000000001001a	0000000000000000	0000000000000000
2162	09c69000	2	5	000000000001001e	0000000000000000	0000000000000000
2163	092212c0	54	2	0000000000010080	0000000000000000	0000000000000000
2164	09061a80	3	3	0000000000010082	0000000000000000	0000000000000000
2165	290e0a00	1	4	0000000000010086	0000000000000000	0000000000000000
2166	290e0880	1	4	000000000001008a	0000000000000000	0000000000000000
2167	09468880	1	5	000000000001008a	0000000000000000	0000000000000020
2168	094e8800	1	5	000000000001008e	0000000000000000	0000000000000000
2169	09069280	12	4	0000000000010092	0000000000000000	0000000000000000
2170	09468280	1	5	0000000000010092	0000000000000000	0000000000000020
2171	090e1204	7	5	0000000000010096	0000000000000000	0000000000000000
2172	09469080	7	5	000000000001009a	0000000000000000	0000000000000000
2173	290e1004	1	6	000000000001009e	0000000000000000	0000000000000000
2174	082612c0	6	3	0000000000012080	0000000000000000	0000000000000000
2175	29080a81	1	3	0000000000040040	0080000000000000	0000000000000000
2176	290c0881	1	3	0000000000040048	0000000000000000	0000000000000000
2177	28081289	10	1	0000000000100000	0000000000000000	0000000000000000
2178	290c0281	1	4	0000000000140050	0000000000000000	0000000000000000
2179	298c0009	1	2	0000000000180000	0000000000000000	0000000000000000
2180	2908408c	10	1	0000000000200000	0000000000000000	0000000000000000
2181	294c4080	1	2	0000000000200000	0000000008000000	0000000000000000
2182	290c0888	1	6	0000000000228121	0000000000000000	0000000000000000
2183	290c1088	1	5	0000000000320120	0000000000000000	0000000000000000
2184	0124500d	74	1	0000000000400000	0000000000000000	0000000000000000
2185	0128500d	7	2	0000000000400000	0000000002000000	0000000000000000
2186	2108c209	2	3	0000000000400000	0000000002000800	0000000000000000
2187	2108500b	4	4	0000000000400000	0000000002001800	0000000000000000
2188	01605049	2	3	0000000000400000	0000000006000000	0000000000000000
2189	09605041	1	4	0000000000400000	0000000006000020	0000000000000000
2190	0124d005	12	2	0000000000400000	0000000080000000	0000000000000000
2191	0128d005	1	4	0000000000400000	0000000082000004	0000000000000000
2192	01685041	1	4	0000000000400000	0000000082000020	0000000000000000
2193	01685005	2	5	0000000000400000	0000000082000024	0000000000000000
2194	0160d041	1	4	0000000000400000	0000000086000000	0000000000000000
2195	01605045	1	5	0000000000400000	0000000086000020	0000000000000000
2196	29080a09	2	2	0000000000480000	0000000000000000	0000000000000000
2197	290c0809	1	3	0000000000480000	0000000000800000	0000000000000000
2198	29480809	1	6	0000000000480000	0000000002801800	0000000000000000
2199	280c8209	6	3	0000000000580000	0000000000000000	0000000000000000
2200	282c1009	8	4	0000000000580000	0000000000800000	0000000000000000
2201	28281049	2	5	0000000000580000	0000000002800000	0000000000000000
2202	2908500c	20	2	0000000000600000	0000000000000000	0000000000000000
2203	29245008	3	3	0000000000600200	0000000000000000	0000000000000000
2204	282c5008	1	3	0000000000604000	0000000000000000	0000000000000000
2205	294c0808	1	8	00000000006a8121	0000000000000000	0000000000000000
2206	292c1008	1	8	00000000007a0100	0000000008800000	0000000000000000
2207	282c1048	1	8	00000000007a4900	0000000000000000	0000000000000000
2208	292c1040	1	9	00000000007f0180	0000000000000000	0000000000000000
2209	20042a89	67	1	0000000000800000	0000000000000000	0000000000000000
2210	2004a289	1	3	0000000000800000	0000000000000000	0000000240000000
2211	2844a880	1	11	0000000000800000	0000000000000000	00000003f280c000
2212	202030c9	1	2	0000000000800000	0000000000040000	0000000000000000
2213	2000328d	22	3	0000000000800000	0000000000050000	0000000000000000
2214	20203283	2	4	0000000000800000	0000000000050000	0000000000400000
2215	28442209	1	2	0000000000800000	0000000010000000	0000000000000000
2216	23a88002	8	2	0000000001000001	0000000000000000	0000000000000000
2217	23848088	2	4	0000000003000021	0000000000000000	0000000000000000
2218	03428881	1	2	0000000004000008	0000000000000000	0000000000000000
2219	03468801	2	3	000000000400000c	0000000000000000	0000000000000000
2220	03029281	6	2	0000000004000010	0000000000000000	0000000000000000
2221	03028321	10	3	0000000004000014	0000000000000000	0000000000000000
2222	03069081	9	3	0000000004000018	0000000000000000	0000000000000000
2223	03028125	12	4	000000000400001c	0000000000000000	0000000000000000
2224	03009a81	5	2	0000000004000040	0000000000000000	0000000000000000
2225	03448a01	1	3	0000000004000044	0000000000000000	0000000000000000
2226	03049881	8	3	0000000004000048	0000000000000000	0000000000000000
2227	03008925	16	4	000000000400004c	0000000000000000	0000000000000000
2228	030083a1	21	3	0000000004000050	0000000000000000	0000000000000000
2229	03008325	26	4	0000000004000054	0000000000000000	0000000000000000
2230	030081a5	42	4	0000000004000058	0000000000000000	0000000000000000
2231	03008127	56	5	000000000400005c	0000000000000000	0000000000000000
2232	23849080	1	7	000000000600007a	0000000000000000	0000000000000000
2233	238c9000	2	8	000000000600007e	0000000000000000	0000000000000000
2234	23c48800	1	9	000000000700006f	0000000000000000	0000000000000000
2235	238c8200	1	9	0000000007000077	0000000000000000	0000000000000000
2236	238c8080	2	9	000000000700007b	0000000000000000	0000000000000000
2237	238c8002	2	10	000000000700007f	0000000000000000	0000000000000000
2238	232a1008	1	1	0000000008000000	0000000000000000	0000000000000000
2239	232a1004	3	2	0000000008000080	0000000000000000	0000000000000000
2240	2328100a	10	2	0000000008000100	0000000000000000	0000000000000000
2241	23281006	34	3	0000000008000180	0000000000000000	0000000000000000
2242	232e0008	1	2	0000000009000000	0000000000000000	0000000000000000
2243	23288088	5	4	0000000009000101	0000000000000000	0000000000000000
2244	232c0082	4	5	0000000009000181	0000000000000000	0000000000000000
2245	230c8088	1	6	000000000b000121	0000000000000000	0000000000000000
2246	234c8080	1	12	000000000f0001fb	0000000000000000	0000000000000000
2247	23225004	3	1	0000000010000000	0000000000000000	0000000000000000
2248	2304c088	30	2	0000000010000200	0000000000000000	0000000000000000
2249	23221088	2	2	0000000018000000	0000000000000000	0000000000000000
2250	23209088	4	4	0000000018000300	0000000000000000	0000000000000000
2251	23209084	9	5	0000000018000380	0000000000000000	0000000000000000
2252	00361281	61	1	0000000020000000	0000000000000000	0000000000000000
2253	003a1281	57	2	0000000020000000	0400000000000000	0000000000000000
2254	02321016	41	3	0000000020000000	0600000000000000	0000000000000000
2255	003c1281	192	2	0000000020000400	0000000000000000	0000000000000000
2256	00701a81	124	4	0000000020000400	0400800000000000	0000000000000000
2257	023810c4	12	5	0000000020000400	0600800000000000	0000000000000000
2258	02381124	46	6	0000000020000400	0600c00000000000	0000000000000000
2259	02b01244	1	6	0000000020000400	0601800000000000	0000000000000000
2260	02301324	6	7	0000000020000400	0601c00000000000	0000000000000000
2261	02269081	1	1	0000000080000000	0000000000000000	0000000000000000
2262	02229281	1	2	0000000080000000	1000000000000000	0000000000000000
2263	02249281	5	2	0000000080001000	0000000000000000	0000000000000000
2264	02209125	6	4	0000000080001000	1004000000000000	0000000000000000
2265	02808325	1	11	0000000084001054	1004000000000000	000000000400000c
2266	02408325	1	11	0000000084001054	1004000000000000	0000000004000014
2267	02009325	1	12	0000000084001054	1004000000000000	000000000400001c
2268	02848125	1	8	000000008400105c	0000000000000000	0000000004000000
2269	02448125	1	9	000000008400105c	0000000000000000	0000000004000010
2270	02c08125	1	11	000000008400105c	1004000000000000	0000000004000004
2271	02809125	1	12	000000008400105c	1004000000000000	000000000400000c
2272	02221285	2	4	00000000a0000000	1400000000000000	0000000000000000
2273	02201a85	1	8	00000000a0001400	1404800000000000	0000000000000000
2274	02948188	43	1	0000000100000000	0000000000000000	0000000000000000
2275	229a0208	2	2	0000000100000000	2000000000000000	0000000000000000
2276	2298800a	7	4	0000000100000000	2008400000000000	0000000000000000
2277	0290812c	1	5	0000000100000000	2009400000000000	0000000000000000
2278	02d08124	1	6	0000000100000000	2209400000000000	0000000000000000
2279	229c0280	3	3	0000000120000400	0000000000000000	0000000000000000
2280	222c5008	1	2	0000000200004000	0000000000000000	0000000000000000
2281	2228500c	1	4	0000000200004000	4020000000000000	0000000000000000
2282	222c5004	1	3	0000000200006000	0000000000000000	0000000000000000
2283	22285204	1	6	0000000200006000	4030000000000000	0000000000000000
2284	0016d088	150	1	0000000400000000	0000000000000000	0000000000000000
2285	0214812c	21	2	0000000500000000	0000000000000000	0000000000000000
2286	01368088	30	1	0000000800000000	0000000000000000	0000000000000000
2287	013c8088	88	2	0000000800008000	0000000000000000	0000000000000000
2288	21221281	1	1	0000002000000000	0000000000000000	0000000000000000
2289	01221a81	11	2	0000002000000000	0000000080000000	0000000000000000
2290	01069281	6	4	0000002004000010	0000000080000000	0000000000000000
2291	01c68081	1	5	0000002004000018	0000000080000000	0000000000000000
2292	21080a89	2	1	0000004000000000	0000000000000000	0000000000000000
2293	200c1289	34	2	0000004000100000	0000000000000000	0000000000000000
2294	212010c9	3	3	0000004000100000	0000000004000000	0000000000000000
2295	21009289	1	4	0000004000100000	0000000004002000	0000000000000000
2296	2188020b	4	3	0000004000180000	0000000000000000	0000000000000000
2297	218c000b	2	4	0000004000180000	0000000000800000	0000000000000000
2298	2108120b	17	4	0000004000580000	0000000000000000	0000000000000000
2299	202c1049	16	5	0000004000580000	0000000000800000	0000000000000000
2300	21289009	1	5	0000004000580000	0000000002000000	0000000000000000
2301	21089209	1	6	0000004000580000	0000000002000800	0000000000000000
2302	2128100b	5	6	0000004000580000	0000000002800000	0000000000000000
2303	2108001f	2	8	0000004000580000	0000000002801800	0000000000000000
2304	20281249	1	7	0000004000580000	0000000002c00000	0000000000000000
2305	21241281	4	5	0000006000140000	0000000080000000	0000000000000000
2306	21281181	1	6	0000006000140000	0080000000000080	0000000000000000
2307	21289081	1	6	0000006000140000	0080000080000000	0000000000000000
2308	21281083	3	7	0000006000140000	0080000080000080	0000000000000000
2309	21209281	1	8	0000006000140000	0080000084000200	0000000000000000
2310	212c9001	1	7	00000060005c0000	0000000080000000	0000000000000000
2311	212c1003	1	8	00000060005c0000	0000000080800000	0000000000000000
2312	218c0281	1	7	0000006004140050	0000000000000000	0000000000000000
2313	210c1281	2	8	0000006004140050	0000000080000000	0000000000000000
2314	21081285	2	8	0000006004140050	0080000000000000	0000000000000000
2315	21089281	1	9	0000006004140050	0080000080000000	0000000000000000
2316	210c9081	3	9	0000006004140058	0000000080000000	0000000000000000
2317	01169088	148	1	0000008000000000	0000000000000000	0000000000000000
2318	209c9008	1	2	0000008100000000	0000000000000000	0000000000000000
2319	011e8088	37	2	0000008800000000	0000000000000000	0000000000000000
2320	015c8088	91	3	0000008800008000	0000000000000000	0000000000000000
2321	209e8008	1	3	0000008900000000	0000000000000000	0000000000000000
2322	209c8088	4	4	0000008900008000	0000000000000000	0000000000000000
2323	2098012c	1	7	0000008900008000	2008400000000000	0000000000000000
2324	201e8088	1	4	0000008d00000000	0000000000000000	0000000000000000
2325	210a500c	2	1	0000010000000000	0000000000000000	0000000000000000
2326	2108508c	9	2	0000010000200000	0000000000000000	0000000000000000
2327	210cc084	3	4	0000010000200000	00000000c0000000	0000000000000000
2328	210c5084	4	5	0000010000200000	00000000c8000000	0000000000000000
2329	2128d080	1	9	0000010000200000	00000001c1304000	0000000000000000
2330	21685080	1	10	0000010000200000	00000001c9204040	0000000000000000
2331	210c500c	13	3	0000010000600000	0000000000000000	0000000000000000
2332	212c5008	1	5	0000010000600000	0000000048000000	0000000000000000
2333	212cd000	1	5	0000010000600000	00000000c0000000	0000000000000000
2334	212c5002	4	6	0000010000600000	00000000c8000000	0000000000000000
2335	2124d080	1	6	0000010010200200	00000000c0000000	0000000000000000
2336	21645040	1	8	0000010010600200	00000000c8000000	0000000000000000
2337	212e1008	1	3	0000011008000000	0000000000000000	0000000000000000
2338	212c1088	1	10	0000015008320100	0000000048000000	0000000000000000
2339	212c100c	3	10	00000150087a0100	0000000000000000	0000000000000000
2340	212c9008	1	11	00000150087a0100	0000000040000000	0000000000000000
2341	216c1008	1	13	00000150087a0100	0000000048800000	0000000000000000
2342	212c1280	1	12	0000017008370180	0000000000000000	0000000000000000
2343	212c9080	1	14	0000017008370180	00000000c0000000	0000000000000000
2344	216c1040	1	18	00000170087f0180	00000000c8800000	0000000000000000
2345	0ba01044	22	1	0000020000000000	0000000000000000	0000000000000000
2346	0ba48040	4	2	0000020000000001	0000000000000000	0000000000000000
2347	0b849008	1	2	0000020000000020	0000000000000000	0000000000000000
2348	0b848088	2	3	0000020000000021	0000000000000000	0000000000000000
2349	0b848880	1	6	000002000000006b	0000000000000000	0000000000000000
2350	0bc48800	1	7	000002000000006f	0000000000000000	0000000000000000
2351	0bc48080	1	7	000002000000007b	0000000000000000	0000000000000000
2352	0bc49000	1	7	000002000000007e	0000000000000000	0000000000000000
2353	0bc48040	2	8	000002000000007f	0000000000000000	0000000000000000
2354	0aa41048	1	2	0000020000000800	0000000000000000	0000000000000000
2355	0b08500c	31	1	0000040000000000	0000000000000000	0000000000000000
2356	0b04500c	64	2	0000040000000200	0000000000000000	0000000000000000
2357	0a2c5008	1	2	0000040000004000	0000000000000000	0000000000000000
2358	0a28500c	2	3	0000040000004000	0020000000000000	0000000000000000
2359	0a24500c	5	3	0000040000004200	0000000000000000	0000000000000000
2360	0a20504c	1	4	0000040000004200	0020000000000000	0000000000000000
2361	0a2c5004	2	3	0000040000006000	0000000000000000	0000000000000000
2362	0a285044	2	5	0000040000006000	0030000000000000	0000000000000000
2363	0a245044	3	4	0000040000006200	0000000000000000	0000000000000000
2364	092c5080	1	3	0000040000200000	0000000008000000	0000000000000000
2365	0924d080	1	3	0000040000200200	0000000000000000	0000000000000000
2366	09245088	3	4	0000040000200200	0000000008000000	0000000000000000
2367	096050c0	1	9	0000040000200200	000000000d004440	0000000000000000
2368	090c500c	9	3	0000040000600000	0000000000000000	0000000000000000
2369	092c5004	4	4	0000040000600000	0000000008000000	0000000000000000
2370	09685040	1	10	0000040000600000	000000000b004070	0000000000000000
2371	0924500c	9	4	0000040000600200	0000000000000000	0000000000000000
2372	0960d040	1	8	0000040000600200	0000000007004000	0000000000000000
2373	09245048	4	5	0000040000600200	0000000008000000	0000000000000000
2374	0b28100c	10	3	0000060000000100	0000000000000000	0000000000000000
2375	0b2c0808	3	4	0000060000000101	0000000000000000	0000000000000000
2376	0b0c8088	3	5	0000060000000121	0000000000000000	0000000000000000
2377	0b281044	20	4	0000060000000180	0000000000000000	0000000000000000
2378	0b2c8800	2	5	0000060000000181	0000000000000000	0000000000000000
2379	0b4c8800	1	10	00000600000001ef	0000000000000000	0000000000000000
2380	0b20104c	22	4	0000060000000300	0000000000000000	0000000000000000
2381	0b248088	2	5	0000060000000301	0000000000000000	0000000000000000
2382	0b049088	2	5	0000060000000320	0000000000000000	0000000000000000
2383	0b048888	3	6	0000060000000321	0000000000000000	0000000000000000
2384	0b241044	30	5	0000060000000380	0000000000000000	0000000000000000
2385	0b648800	1	6	0000060000000381	0000000000000000	0000000000000000
2386	0b448880	1	10	00000600000003eb	0000000000000000	0000000000000000
2387	0b449800	1	10	00000600000003ee	0000000000000000	0000000000000000
2388	0a2c100c	4	5	0000060000004900	0000000000000000	0000000000000000
2389	0a241848	2	6	0000060000004b00	0000000000000000	0000000000000000
2390	09041889	4	1	0000080000000000	0000000000000000	0000000000000000
2391	09201889	1	2	0000080000000000	0000000004000000	0000000000000000
2392	09241881	1	2	0000080000040000	0000000000000000	0000000000000000
2393	09441881	2	4	0000080000040048	0000000000000000	0000000000000000
2394	09c48801	1	6	00000800000c004c	0000000000000000	0000000000000000
2395	09041289	12	2	0000080000100000	0000000000000000	0000000000000000
2396	092010c9	2	3	0000080000100000	0000000004000000	0000000000000000
2397	092410c1	5	3	0000080000140000	0000000000000000	0000000000000000
2398	09281281	1	5	0000080000140000	0080000000000080	0000000000000000
2399	09209281	1	6	0000080000140000	0080000004000200	0000000000000000
2400	09c48081	1	6	0000080000140058	0000000000000000	0000000000000000
2401	09849009	3	3	0000080000180000	0000000000000000	0000000000000000
2402	09a01049	1	6	0000080000180000	0000000006800000	0000000000000000
2403	09a41041	1	4	00000800001c0000	0000000000000000	0000000000000000
2404	090c1809	3	3	0000080000480000	0000000000000000	0000000000000000
2405	09241809	3	4	0000080000480000	0000000000800000	0000000000000000
2406	094c8801	1	7	00000800004c004c	0000000000000000	0000000000000000
2407	09049209	8	4	0000080000580000	0000000000000000	0000000000000000
2408	090c1209	7	5	0000080000580000	0000000000800000	0000000000000000
2409	09289009	1	5	0000080000580000	0000000002000000	0000000000000000
2410	09281049	1	6	0000080000580000	0000000002800000	0000000000000000
2411	09601049	1	7	0000080000580000	0000000006800000	0000000000000000
2412	09249041	2	5	00000800005c0000	0000000000000000	0000000000000000
2413	092c1041	2	6	00000800005c0000	0000000000800000	0000000000000000
2414	01241889	2	2	0000084000000000	0000000000000000	0000000000000000
2415	01201a89	1	3	0000084000000000	0000000004000000	0000000000000000
2416	01049289	19	3	0000084000100000	0000000000000000	0000000000000000
2417	012012c9	4	4	0000084000100000	0000000004000000	0000000000000000
2418	01a49009	2	4	0000084000180000	0000000000000000	0000000000000000
2419	01a41049	1	5	0000084000180000	0000000000800000	0000000000000000
2420	01a81049	1	6	0000084000180000	0000000002800000	0000000000000000
2421	01a09049	1	6	0000084000180000	0000000006000000	0000000000000000
2422	01e01049	1	7	0000084000180000	0000000006800000	0000000000000000
2423	01249049	4	5	0000084000580000	0000000000000000	0000000000000000
2424	01241249	7	6	0000084000580000	0000000000800000	0000000000000000
2425	01289049	2	6	0000084000580000	0000000002000000	0000000000000000
2426	01281249	2	7	0000084000580000	0000000002800000	0000000000000000
2427	01609049	1	7	0000084000580000	0000000006000000	0000000000000000
2428	01241a81	1	5	0000086000040000	0000000080000000	0000000000000000
2429	01209a81	1	8	0000086000040000	0080000084000200	0000000000000000
2430	01601a81	1	9	0000086000040000	0080000084000280	0000000000000000
2431	01249181	1	5	0000086000140000	0000000000000000	0000000000000000
2432	012412c1	14	6	0000086000140000	0000000080000000	0000000000000000
2433	01a09181	1	8	0000086000140000	0080000004000200	0000000000000000
2434	01289281	2	7	0000086000140000	0080000080000000	0000000000000000
2435	016810c1	2	8	0000086000140000	0080000080000080	0000000000000000
2436	016090c1	1	8	0000086000140000	0080000084000000	0000000000000000
2437	01609281	3	9	0000086000140000	0080000084000200	0000000000000000
2438	01611281	1	10	0000086000140000	0080000084000280	0000000000000000
2439	01a49101	1	6	00000860001c0000	0000000000000000	0000000000000000
2440	01a49041	4	7	00000860001c0000	0000000080000000	0000000000000000
2441	01e41041	1	8	00000860001c0000	0000000080800000	0000000000000000
2442	01e09041	1	10	00000860001c0000	0080000086000000	0000000000000000
2443	012c9201	3	8	00000860005c0000	0000000080000000	0000000000000000
2444	016c1041	1	9	00000860005c0000	0000000080800000	0000000000000000
2445	01209125	1	8	00000860005c0000	0080000000000000	0000000000000000
2446	01448a81	1	7	0000086004040040	0000000080000000	0000000000000000
2447	01409a81	1	11	0000086004040040	0080000084002200	0000000000000000
2448	01449881	2	8	0000086004040048	0000000080000000	0000000000000000
2449	010c9281	4	9	0000086004140050	0000000080000000	0000000000000000
2450	01c49081	2	10	0000086004140058	0000000080000000	0000000000000000
2451	09a410c0	1	6	00000a0000170000	0000000000000000	0000000000000000
2452	09a41048	1	5	00000a00001a0000	0000000000000000	0000000000000000
2453	09e01048	1	6	00000a00001a0000	0040000000000000	0000000000000000
2454	09a41240	3	7	00000a00001f0000	0000000000000000	0000000000000000
2455	09e41040	1	8	00000a00001f0000	0000000000800000	0000000000000000
2456	09e81040	1	9	00000a00001f0000	00c0000000000000	0000000000000000
2457	09e09040	1	13	00000a00001f0000	00c0000007000008	0000000000000000
2458	092c1088	1	8	00000e0000320100	0000000008000000	0000000000000000
2459	092410c8	1	8	00000e0000320300	0000000000000000	0000000000000000
2460	096410c0	1	12	00000e0000370380	0000000008000000	0000000000000000
2461	092c1808	1	8	00000e00006a0100	0000000000000000	0000000000000000
2462	09241848	1	9	00000e00006a0300	0000000000000000	0000000000000000
2463	092c1048	3	9	00000e00007a0100	0000000000000000	0000000000000000
2464	096c1008	1	11	00000e00007a0100	0000000008800000	0000000000000000
2465	09681048	1	10	00000e00007a0100	0040000000000000	0000000000000000
2466	09249048	2	10	00000e00007a0300	0000000000000000	0000000000000000
2467	09641048	1	12	00000e00007a0300	0000000008800000	0000000000000000
2468	092c1240	2	12	00000e00007f0180	0000000000000000	0000000000000000
2469	096c1040	1	14	00000e00007f0180	0000000008800000	0000000000000000
2470	09649040	1	13	00000e00007f0380	0000000000000000	0000000000000000
2471	09641240	1	15	00000e00007f0380	0000000008800000	0000000000000000
2472	0008328d	202	1	0000100000000000	0000000000000000	0000000000000000
2473	000ca289	6	2	0000100000000000	0000000000000000	0800000000000000
2474	086c2880	1	8	0000100000000000	0000000000000000	c402c04000000000
2475	008c2283	18	2	0000100000000000	0000080000000000	0000000000000000
2476	00eca080	1	3	0000100000000000	0000080000000000	0400000000000000
2477	00cca081	1	4	0000100000000000	0000080000000000	0c00000000000000
2478	00c8a281	1	3	0000100000000000	0000090000000000	0000000000000000
2479	002ca281	3	3	0000100000000000	0000180000000000	0000000000000000
2480	006ca081	1	8	0000100000000000	0000180000000000	8402c00000000000
2481	004ca281	1	8	0000100000000000	0000180000000000	8c02800000000000
2482	084ca880	1	10	0000100000000000	0000180000000000	cc02c00000000000
2483	0004328d	235	2	0000100000800000	0000000000000000	0000000000000000
2484	0844b880	1	8	0000100000800000	0000000000000000	080000018200c000
2485	002032c9	6	3	0000100000800000	0000000000040000	0000000000000000
2486	0000b28d	80	4	0000100000800000	0000000000050000	0000000000000000
2487	0020b283	1	5	0000100000800000	0000000000050000	0000000000400000
2488	08e43040	1	3	0000100000800000	0000000010000000	0000000000000000
2489	00c4a281	1	3	0000100000800000	0000080000000000	0000000000000000
2490	08c4a880	1	15	0000100000800000	0000080000000000	0c800001f280c000
2491	082c1089	1	3	0000180000100000	0000000000000000	0000000000000000
2492	082410c9	1	4	0000180000900000	0000000000000000	0000000000000000
2493	08a41049	1	7	0000180000980000	0000000010800000	0000000000000000
2494	0008740d	338	1	0000200000000000	0000000000000000	0000000000000000
2495	00486609	2	2	0000200000000000	0000000000000000	0000100000000000
2496	000c3609	8	2	0000200000000000	0000000000000000	0800000000000000
2497	0044e409	1	3	0000200000000000	0000000000000000	2000000200000000
2498	0044e209	1	4	0000200000000000	0000000000000000	3000000200000000
2499	004c6608	9	2	0000200000000000	0000000000000000	4000000000000000
2500	002c1449	4	2	0000200000000000	0000000000800000	0000000000000000
2501	002c5448	4	2	0000200000000000	0000000008000000	0000000000000000
2502	006c1448	5	3	0000200000000000	0000000008800000	0000000000000000
2503	00243449	85	2	0000200000000000	0000000010000000	0000000000000000
2504	00241649	3	3	0000200000000000	0000000010800000	0000000000000000
2505	08245448	3	3	0000200000000000	0000000018000000	0000000000000000
2506	08641448	1	4	0000200000000000	0000000018800000	0000000000000000
2507	0028d448	4	2	0000200000000000	0000000800000000	0000000000000000
2508	00289449	7	3	0000200000000000	0000000800400000	0000000000000000
2509	0020d449	4	3	0000200000000000	0000000820000000	0000000000000000
2510	08209449	1	4	0000200000000000	0000000820020000	0000000000000000
2511	00209649	4	5	0000200000000000	0000000820420000	0000000000000000
2512	0028f408	3	3	0000200000000000	0000000a00000000	0000000000000000
2513	0828d408	1	4	0000200000000000	0000000a00000002	0000000000000000
2514	00289609	4	4	0000200000000000	0000000a00400000	0000000000000000
2515	0020f608	2	4	0000200000000000	0000000a20000000	0000000000000000
2516	0020b609	2	7	0000200000000000	0000000a20430000	0000000000000000
2517	00285449	3	3	0000200000000000	0000000c00000000	0000000000000000
2518	00283449	2	4	0000200000000000	0000000c00400000	0000000000000000
2519	08281449	1	4	0000200000000000	0000000c00800000	0000000000000000
2520	00281649	2	5	0000200000000000	0000000c00c00000	0000000000000000
2521	00685448	2	5	0000200000000000	0000000c08000010	0000000000000000
2522	00207449	8	5	0000200000000000	0000000c30000000	0000000000000000
2523	08603448	1	6	0000200000000000	0000000c30020000	0000000000000000
2524	00203649	1	7	0000200000000000	0000000c30420000	0000000000000000
2525	08201649	1	7	0000200000000000	0000000c30820000	0000000000000000
2526	00285609	21	4	0000200000000000	0000000e00000000	0000000000000000
2527	00686409	2	5	0000200000000000	0000000e00000000	0000100000000000
2528	08686408	1	6	0000200000000000	0000000e00000000	4000100000000000
2529	0028340b	9	5	0000200000000000	0000000e00400000	0000000000000000
2530	08281609	2	5	0000200000000000	0000000e00800000	0000000000000000
2531	00681609	1	6	0000200000000000	0000000e00c00000	0000000000000000
2532	08685408	1	7	0000200000000000	0000000e08000012	0000000000000000
2533	00207609	14	6	0000200000000000	0000000e30000000	0000000000000000
2534	08203609	5	8	0000200000000000	0000000e30030000	0000000000000000
2535	00603609	2	9	0000200000000000	0000000e30430000	0000000000000000
2536	08486409	1	5	0000200000000000	0000001e00000000	0000000000000000
2537	08407209	1	7	0000200000000000	0000001e30000000	0000000000000000
2538	004c6601	15	2	0000200000000000	0000100000000000	0000000000000000
2539	004ce401	1	6	0000200000000000	0000100000000000	8002600000000000
2540	004ce201	1	6	0000200000000000	0000100000000000	8002a00000000000
2541	004ce440	1	7	0000200000000000	0000100000000000	c002600000000000
2542	084ce800	2	8	0000200000000000	0000100000000000	c002e00000000000
2543	080ce440	1	8	0000200000000000	0000100000000000	c00a600000000000
2544	082c5009	1	2	0000200000400000	0000000000000000	0000000000000000
2545	08245049	1	3	0000200000400000	0000000010000000	0000000000000000
2546	08285049	1	5	0000200000400000	0000000c02000000	0000000000000000
2547	082c5048	1	5	0000240000604000	0000000000000000	0000000000000000
2548	002c3049	35	2	0000300000000000	0000000000000000	0000000000000000
2549	004ca209	2	3	0000300000000000	0000000000000000	0800000000000000
2550	08283049	1	4	0000300000000000	0000000c00000000	0000000000000000
2551	0024b209	8	3	0000300000800000	0000000000000000	0000000000000000
2552	08243049	9	4	0000300000800000	0000000010000000	0000000000000000
2553	082c1049	1	7	0000380000580000	0000000000800000	0000000000000000
2554	03a21240	11	1	0000400000000000	0000000000000000	0000000000000000
2555	03868088	1	3	0000400003000000	0000000000000000	0000000000000000
2556	03a01206	90	2	0000420000000000	0000000000000000	0000000000000000
2557	03a48088	9	4	0000420001000001	0000000000000000	0000000000000000
2558	03849088	2	4	0000420002000020	0000000000000000	0000000000000000
2559	03c09088	1	6	0000420002000020	0100200000000000	0000000000000000
2560	03c48088	2	6	0000420003000021	0000000000000000	0000000000000000
2561	03c49800	1	9	000042000600006e	0000000000000000	0000000000000000
2562	03c49200	1	9	0000420006000076	0000000000000000	0000000000000000
2563	03c49080	1	9	000042000600007a	0000000000000000	0000000000000000
2564	03c49004	2	10	000042000600007e	0000000000000000	0000000000000000
2565	03c48880	1	10	000042000700006b	0000000000000000	0000000000000000
2566	03cc8800	1	11	000042000700006f	0000000000000000	0000000000000000
2567	03cc8080	1	11	000042000700007b	0000000000000000	0000000000000000
2568	03c08124	1	14	000042000700007f	0100200000000000	0000000000000000
2569	01e41048	1	8	00004a50001a0000	0000000000000000	0000000000000000
2570	01e410c0	2	12	00004a7000170000	00000000c0000000	0000000000000000
2571	01e41140	1	12	00004a70001f0000	0000000000800000	0000000000000000
2572	01ac9040	3	13	00004a70001f0000	00000000c0000000	0000000000000000
2573	01e41240	2	14	00004a70001f0000	00000000c0800000	0000000000000000
2574	01e89040	1	20	00004a70001f0000	80c00001c3000008	0000000000000000
2575	032a5004	8	1	0000800000000000	0000000000000000	0000000000000000
2576	0322500c	24	2	0000800010000000	0000000000000000	0000000000000000
2577	022a500c	1	3	0000800200000000	4000000000000000	0000000000000000
2578	016a5040	1	2	0000810000000000	0000000000000000	0000000000000000
2579	01665040	1	5	0000810010000000	00000000c0000000	0000000000000000
2580	03285006	53	2	0000840000000000	0000000000000000	0000000000000000
2581	0304d084	111	4	0000840010000200	0000000000000000	0000000000000000
2582	012cd080	1	6	0000850000200000	00000000c0000000	0000000000000000
2583	012c5084	2	7	0000850000200000	00000000c8000000	0000000000000000
2584	016850c0	1	12	0000850000200000	00000001c9204040	0000000000000000
2585	012c500c	4	5	0000850000600000	0000000000000000	0000000000000000
2586	012cd008	1	6	0000850000600000	0000000040000000	0000000000000000
2587	012cd004	2	7	0000850000600000	00000000c0000000	0000000000000000
2588	016c5004	2	8	0000850000600000	00000000c8000000	0000000000000000
2589	0168d040	1	12	0000850000600000	00000001c3204000	0000000000000000
2590	01685044	1	16	0000850000600000	00000001cb204070	0000000000000000
2591	0164d080	1	8	0000850010200200	00000000c0000000	0000000000000000
2592	016450c0	1	9	0000850010200200	00000000c8000000	0000000000000000
2593	01645048	1	9	0000850010600200	0000000048000000	0000000000000000
2594	0164d040	1	9	0000850010600200	00000000c0000000	0000000000000000
2595	01645044	2	10	0000850010600200	00000000c8000000	0000000000000000
2596	032a100c	7	3	0000c00008000000	0000000000000000	0000000000000000
2597	032a1044	16	4	0000c00008000080	0000000000000000	0000000000000000
2598	0322102c	18	4	0000c00018000000	0000000000000000	0000000000000000
2599	03229204	15	5	0000c00018000080	0000000000000000	0000000000000000
2600	03468088	1	6	0000c0001b000000	0000000000000000	0000000000000000
2601	016a1048	1	6	0000c11008000000	8000000000000000	0000000000000000
2602	01661048	1	7	0000c11018000000	0000000040000000	0000000000000000
2603	016e1040	1	10	0000c13008010080	00000000c0000000	0000000000000000
2604	0328104c	20	6	0000c60008000100	0000000000000000	0000000000000000
2605	03281206	56	7	0000c60008000180	0000000000000000	0000000000000000
2606	032c8088	2	8	0000c60009000101	0000000000000000	0000000000000000
2607	036c8080	2	9	0000c60009000181	0000000000000000	0000000000000000
2608	0320908c	30	8	0000c60018000300	0000000000000000	0000000000000000
2609	03209124	54	9	0000c60018000380	0000000000000000	0000000000000000
2610	03648088	1	10	0000c60019000301	0000000000000000	0000000000000000
2611	03608124	1	11	0000c60019000381	0000000000000000	0000000000000000
2612	03449088	1	10	0000c6001a000320	0000000000000000	0000000000000000
2613	03409124	1	19	0000c6001e0003fe	0100200000000000	0000000000000000
2614	03448124	1	19	0000c6001f0003ff	0000000000000000	0000000000000000
2615	016c1048	1	18	0000cf50087a0100	0000000048800000	0000000000000000
2616	016c10c0	1	20	0000cf7008370180	00000000c8000000	0000000000000000
2617	016c9040	1	21	0000cf70087f0180	00000000c0000000	0000000000000000
2618	016c1044	2	23	0000cf70087f0180	00000000c8800000	0000000000000000
2619	016490c0	1	21	0000cf7018370380	00000000c0000000	0000000000000000
