mask_hex,rank
0000708f,8
00007287,8
0000728b,8
0000e1ad,9
0000ea89,8
0000f489,8
00022e89,8
0002328b,8
0002429f,9
0002509f,9
0002521f,9
00025689,8
00025a8d,9
0002609f,9
0002628b,8
0002688d,8
00027087,8
0002708b,8
0002720d,8
0002728c,8
0002a28d,8
0002a4c9,8
0002a689,8
0002acc9,9
0002b889,8
0002ca8d,9
0002d289,8
0002e609,8
0002e681,8
0002e88d,9
0002e989,9
0002f209,8
0003688d,9
0003ac89,9
0003e889,9
0004348d,8
0004509f,9
0004601f,8
0004628d,8
0004a4c9,8
0004d01f,9
0004e681,8
0004f085,8
0006209f,9
00063889,8
0006409f,9
0006501f,9
0006508f,9
0006588d,9
00066283,8
0006a88d,9
0006b085,8
0006ca89,9
0006e085,8
0006e209,8
0006e281,8
0006f201,8
0007a889,9
00087087,8
0008b609,8
0008e289,8
0008e489,8
000a3289,8
000a4689,8
000a501f,9
000a508f,9
000a520f,9
000a528b,9
000a548c,8
000a588d,9
000a608d,8
000aa889,8
000ab285,9
000aba81,9
000aca89,9
000bb281,9
000c109f,9
000c409f,9
000c501f,9
000c508f,9
000c509b,9
000c528d,9
000c648c,8
000c6609,8
000c6681,8
000ca609,8
000cd08d,9
000cd289,9
000ce281,8
000e101f,9
000e208d,8
000e2285,8
000e3680,8
000e401f,9
000e408f,9
000e428b,9
000e428d,9
000e4489,8
000e488d,9
000e4a89,9
000e500f,9
000e508b,9
000e5099,9
000e520b,9
000e520d,9
000e580d,9
000e6085,8
000e8a89,9
000ea209,8
000ea481,8
000ec08b,9
000ec08d,9
000ec289,9
000ec889,9
0010328b,8
00105689,8
0010628b,8
0010928b,8
0010b08b,8
0010b283,8
0010d289,8
00124a89,8
0012500f,8
00125c0c,8
00126285,8
00128689,8
00128a89,8
0012a889,8
0012aa81,8
0012c289,8
0012c889,8
0012ca09,8
00132889,8
0014500f,8
00148689,8
0014a08b,8
0014a285,8
0014a4c1,8
0014a4c8,8
0014b08c,8
0014c289,8
0014d448,8
00163085,8
00164289,8
0016440b,8
00168289,8
0016a281,8
0016a601,8
0016d081,8
0016d088,8
00181689,8
00184689,8
00185087,8
0018608b,8
00188689,8
0018a4c8,8
001a2e08,8
001c0689,8
001e480c,8
001ea201,8
001ec480,8
00201e89,8
002020bf,9
002040bf,9
0020429f,9
0020544b,8
0020700f,8
0020720b,8
00207603,8
0020a1ad,9
0020a32d,9
0020c1ad,9
0020d4c8,8
0021832d,9
0022029f,9
002212c9,8
0022209f,9
0022409f,9
0022428f,9
0022429b,9
00224a8b,9
00224a8d,9
00224a99,9
00225289,8
00226489,8
00227206,8
00228a8b,9
0022a88b,9
0022a989,9
0023428b,9
0023a889,9
0024209f,9
002450c9,8
002454c8,8
002481ad,9
0024832d,9
00249289,8
0024c12d,9
0024d049,8
0024d089,8
0024d488,8
00261249,8
0026208f,9
00262489,8
0026288d,9
0026320c,8
00264489,8
00265209,8
0028401f,8
00286609,8
0028852d,9
00288649,8
0028a12d,9
0028c449,8
00294609,8
002a0689,8
002a1249,8
002a1681,8
002a248a,8
002a2609,8
002a4449,8
002a4889,8
002a6481,8
002a6608,8
002a812d,9
002a8449,8
002c003f,9
002c0689,8
002c10c9,8
002c1249,8
002c1289,8
002c6083,8
002c801f,9
002c812d,9
002ca083,8
002e001f,9
002e0449,8
00309125,8
0030a889,8
00328c48,8
0032c448,8
00348289,8
0034a083,8
0034c448,8
00360289,8
00368448,8
0038220b,8
00382283,8
00388c48,8
0038e440,8
003a0289,8
003a0889,8
003aa201,8
003c2288,8
003c400b,8
003c8488,8
00406a85,8
0040e889,8
00411a89,8
00414a89,8
0041a88d,9
0041b209,8
0042209f,9
0042288f,9
0042289d,9
004228ad,9
00422c89,8
00423a09,8
00424a8d,9
00426889,8
00427206,8
0042a889,8
0042a88b,9
0042a88d,9
0042a899,9
0042a8a9,9
0042a8c9,9
0042a989,9
0042c88d,9
0042e888,8
00432889,8
0043288b,9
0043288d,9
00432899,9
004328a9,9
004328c9,9
00432989,9
00434a0d,9
00434e09,9
0043a889,9
0043a88c,9
0043a898,9
0043c889,9
0044e209,8
00456608,8
0045ca81,9
00466205,8
00472885,9
00478889,9
00492609,8
00494a89,9
004a700c,8
004b7004,8
004d0a89,9
004d5204,8
00501897,9
00501a0b,8
00508927,9
005089a5,9
00508a89,8
00509127,9
005091a5,9
00509925,9
0050b805,8
0050d281,8
0050ea01,8
00510a89,8
0051832c,9
00518925,9
00519125,9
00519601,8
00519881,8
00519883,9
00519885,9
0051a601,8
00525281,8
0052d808,8
00541017,8
00548125,8
0054892c,9
00548a81,8
0054d088,8
0055812c,9
00558324,9
00558881,8
00558a01,8
00564881,8
00565808,8
00569808,8
0056c808,8
00578888,9
00589881,8
005c8924,9
005c9408,8
005d1208,8
005d8124,9
0060c12d,9
0061288b,9
00614619,9
00614e09,9
00616608,8
0062209e,9
006220ad,9
00622889,8
0062288b,9
0062288d,9
006228a9,9
006228ac,9
00622989,9
00622c88,8
00624a89,9
00624c89,9
00624e09,9
00628a89,9
0062a1a4,9
0062a883,9
0062a88c,9
0062a988,9
0062c889,9
00630a89,9
00630e09,9
0063208b,9
0063208d,9
00632096,9
00632189,9
00632889,9
0063288a,9
0063288c,9
00632898,9
006328c8,9
00634609,9
00634889,9
00634a09,9
00634e08,9
00638889,9
0063a881,9
0063a888,9
00641059,8
0064812d,9
00688449,8
00690609,8
00694608,8
006a0449,8
0074080b,8
00744083,8
0074a801,8
00760481,8
007c0083,8
0080407f,9
0080413f,9
0080423f,9
0080483f,9
0080503f,9
0080509f,9
0080521f,9
0080628b,8
00806487,8
00806616,8
00806686,8
00807207,8
00808759,9
0080c12f,9
0080c16d,9
0080c1ad,9
0080c325,8
0080c327,9
0080c32d,9
0080c3a5,9
0080c3a9,9
0080c527,9
0080c649,8
0080c689,8
0080c725,9
0080c92d,9
0080d01f,9
0080d125,8
0080d127,9
0080d12d,9
0080d1a5,9
0080d20f,9
0080d24b,9
0080d28b,9
0080d30b,9
0080d323,9
0080d325,9
0080d329,9
0080d389,9
0080e189,8
0080e925,9
0081403f,9
0081421f,9
0081c12d,9
0081c325,9
0082403f,9
0082421f,9
0082501f,9
0082520f,9
0082521b,9
0082524b,9
00827206,8
0082c12d,9
0082c28b,9
0082c2c9,9
0082c325,9
0082c329,9
0082c349,9
0082c389,9
0082ca89,9
0082d10b,9
0082d125,9
0082d207,9
0082d219,9
0082d283,9
0082d321,9
0082e640,8
0083c309,9
0084403f,9
00844496,8
0084501f,9
0084508f,9
0084509b,9
0084510f,9
0084518b,9
0084520f,9
0084528b,9
00848327,9
0084c01f,9
0084c127,9
0084c12d,9
0084c12e,9
0084c136,9
0084c165,9
0084c18b,9
0084c1a5,9
0084c1a9,9
0084c1ac,9
0084c20f,9
0084c28b,9
0084c28d,9
0084c299,9
0084c2c9,9
0084c30b,9
0084c325,9
0084c329,9
0084c349,9
0084c389,9
0084c3a1,9
0084c3a4,9
0084c489,8
0084c925,9
0084c92c,9
0084ca89,9
0084d00f,9
0084d01b,9
0084d04b,9
0084d087,9
0084d08b,9
0084d08d,9
0084d099,9
0084d0c9,9
0084d107,9
0084d10b,9
0084d10d,9
0084d119,9
0084d123,9
0084d125,9
0084d126,9
0084d129,9
0084d12c,9
0084d149,9
0084d183,9
0084d189,9
0084d1a1,9
0084d1a4,9
0084d207,9
0084d20b,9
0084d20d,9
0084d219,9
0084d249,9
0084d283,9
0084d285,9
0084d289,9
0084d303,9
0084d309,9
0084d321,9
0084d324,9
0084d381,9
0084e109,8
0084e301,8
0085c125,9
0085c126,9
0085c12c,9
0085c309,9
0085d00b,9
0085d109,9
0085d209,9
0086401f,9
0086428b,9
008642c9,9
00864389,9
00864489,8
00864a89,9
0086500f,9
0086501b,9
0086504b,9
00865087,9
0086508b,9
00865099,9
0086510b,9
00865189,9
0086520b,9
0086520d,9
00865219,9
00865309,9
0086580b,9
0086a283,9
0086c00f,9
0086c08b,9
0086c08d,9
0086c099,9
0086c0a9,9
0086c0c9,9
0086c10b,9
0086c10d,9
0086c119,9
0086c125,9
0086c129,9
0086c12c,9
0086c149,9
0086c189,9
0086c20b,9
0086c20d,9
0086c219,9
0086c229,9
0086c249,9
0086c283,9
0086c289,9
0086c309,9
0086c321,9
0086c381,9
0086c889,9
0086c909,9
0086ca09,9
0086d007,9
0086d00b,9
0086d00d,9
0086d019,9
0086d083,9
0086d103,9
0086d109,9
0086d181,9
0086d203,9
0086d205,9
0086d281,9
0086d301,9
0086e201,8
0087c109,9
0087c209,9
0087d009,9
00884487,8
00884689,8
0088501f,9
0088528b,9
00889325,9
00889489,8
0088c12d,9
0088c12e,9
0088c136,9
0088c325,9
0088c329,9
0088c525,9
0088c724,9
0088d20b,9
0088d283,9
0088d289,9
0089c126,9
0089c12c,9
008a4489,8
008a500f,9
008a508b,9
008a520b,9
008ab281,9
008ac20b,9
008ac249,9
008ac289,9
008ac309,9
008ad00b,9
008c401f,9
008c500f,9
008c501b,9
008c5087,9
008c508b,9
008c520b,9
008c5289,9
008cc08b,9
008cc125,9
008cc189,9
008cc20b,9
008cc249,9
008cc283,9
008cc289,9
008cc309,9
008cc321,9
008cc381,9
008cd007,9
008cd00b,9
008cd083,9
008cd089,9
008cd109,9
008cd203,9
008cd209,9
008cd281,9
008e408b,9
008e408d,9
008e420b,9
008e4249,9
008e4289,9
008e500b,9
008e500d,9
008e5209,9
008e8289,9
008ec00b,9
008ec00d,9
008ec089,9
008ec109,9
008ec209,9
008ec281,9
008ed201,9
0090512c,8
00905485,8
009054a4,8
00909127,9
0090932c,9
0090c125,8
0090c12c,8
0090c321,8
0090c324,8
0090d128,8
0094412c,8
00944524,8
00945007,8
00945124,8
0094812e,9
0094d120,8
0096812c,9
009c8126,9
00a0403f,9
00a0421f,9
00a04689,8
00a0832d,9
00a0852d,9
00a08559,9
00a0c127,9
00a0c325,9
00a0c449,8
00a0c509,8
00a0c548,8
00a0c925,9
00a0c92c,9
00a0d442,8
00a1c125,9
00a2288b,9
00a2401f,9
00a2409b,9
00a2421b,9
00a2441b,9
00a2442d,9
00a2442e,9
00a2450b,9
00a2452c,9
00a24619,9
00a2461a,9
00a24e09,9
00a25640,8
00a2a08b,9
00a2a189,9
00a2c125,9
00a2c12c,9
00a3420b,9
00a3440b,9
00a34509,9
00a44486,8
00a44489,8
00a4812d,9
00a4c109,8
00a4c125,9
00a4d003,8
00a8068a,8
00a8260a,8
00a85640,8
00a88449,8
00b0412c,8
00c04176,9
00c06648,8
00c0c127,9
00c0c12e,9
00c0c136,9
00c0c166,9
00c0c16c,9
00c0c1a5,9
00c0c325,9
00c0c449,8
00c0c550,8
00c0c925,9
00c0c926,9
00c0c92c,9
00c0d324,9
00c0d807,9
00c0da81,9
00c0e209,8
00c14609,8
00c16209,8
00c1c125,9
00c1c126,9
00c1c12c,9
00c1c164,9
00c1c321,9
00c1c324,9
00c1c924,9
00c1ca81,9
00c1d281,9
00c34a09,9
00c45017,9
00c45087,9
00c45283,9
00c45807,9
00c4c125,9
00c4c12c,9
00c4c164,9
00c4c1a1,9
00c4c1a4,9
00c4c283,9
00c4c2c1,9
00c4c324,9
00c4c381,9
00c4c409,8
00c4c448,8
00c4c885,9
00c4c921,9
00c4c924,9
00c4c981,9
00c4ca81,9
00c4cb01,9
00c4d013,9
00c4d124,9
00c4d320,9
00c4d881,9
00c55203,9
00c5c124,9
00c5c203,9
00c5c241,9
00c5c281,9
00c5c301,9
00c5c320,9
00c5ca01,9
00c5d240,9
00c5d280,9
00c5d300,9
00c6c124,9
00c8405e,9
00c84076,9
00c840d6,9
00c84136,9
00c84156,9
00c84856,9
00c8c056,9
00c8c126,9
00c8c12c,9
00c8c134,9
00c8c164,9
00c8c816,9
00c8c924,9
00c8ca81,9
00c8d203,9
00c9401e,9
00c94056,9
00c94126,9
00c94152,9
00c94816,9
00c9c016,9
00c9c10a,9
00c9c124,9
00cc5007,9
00cc5083,9
00cc5203,9
00ccc124,9
00ccc281,9
00ccd003,9
00ccd081,9
00cdc201,9
00ce2480,8
00d01817,9
00d08127,9
00d081a5,9
00d08925,9
00d09125,9
00d09807,9
00d09883,9
00d0c281,8
00d0d108,8
00d0d208,8
00d11883,9
00d18125,9
00d19803,9
00d19881,9
00d44124,8
00d4812c,9
00d49408,8
00d89124,9
00dc0126,9
00dc0481,8
00dc8124,9
00dc8408,8
00e04449,8
00e14219,9
00e2440b,9
00e24c09,9
00e34209,9
00e34212,9
00e34409,9
00e3440a,9
00e34508,9
00e34c08,9
00e44448,8
00e92600,8
00f84003,8
010010bf,9
0100129f,9
0100168b,8
0100360b,8
010040bf,9
0100501f,8
0100503f,9
0100505f,9
0100509f,9
0100521f,9
0100529b,9
0100581f,9
0100588f,9
01005a8d,9
0100608f,8
0100813f,9
0100855b,9
01008b2d,9
01008d59,9
0100909f,9
010091ad,9
0100921f,9
0100932d,9
010093a5,9
010094c9,8
0100960b,8
01009689,8
01009c49,8
0100a559,9
0100a649,8
0100b20b,8
0100b641,8
0100c09f,9
0100c1ad,9
0100c32d,9
0100c3a5,9
0100c92d,9
0100c9a5,9
0100ca89,8
0100d01f,9
0100d097,9
0100d09b,9
0100d127,9
0100d12d,9
0100d1a5,9
0100d20f,9
0100d287,9
0100d299,9
0100d325,9
0100d80f,9
0100d88d,9
0100da0d,9
0100da89,9
0100e641,8
0100ecc0,8
0101501f,9
0101832d,9
01018559,9
0101c12d,9
0101d289,9
0102403f,9
0102409f,9
0102421f,9
0102481f,9
01024a8d,9
01025097,9
01025287,9
0102540d,8
0102620d,8
0102680d,8
01026889,8
0102688c,8
0102832d,9
01028559,9
01028689,8
01028a89,8
01029889,8
01029a88,8
0102a889,8
0102c12d,9
0102c325,9
0102c88d,9
0102d087,9
0102d125,9
0102d207,9
0102d283,9
0102d285,9
0102d885,9
0102da81,9
0104103f,9
0104109f,9
0104121f,9
0104181f,9
01041a8d,9
0104403f,9
0104409f,9
0104421f,9
0104481f,9
0104501f,9
01045097,9
0104509b,9
0104509d,9
0104520f,9
0104521b,9
01045287,9
0104528b,9
01045299,9
0104540d,8
0104580f,9
01045887,9
0104588b,9
0104588d,9
01045899,9
01045a0d,9
01045a89,9
0104809f,9
010481ad,9
0104832d,9
010484c9,8
0104852d,9
01048559,9
0104901f,9
0104909b,9
0104909d,9
0104912d,9
010491a5,9
0104920f,9
01049299,9
01049325,9
0104940d,8
0104988b,9
0104988d,9
01049a89,9
0104a12d,9
0104a20d,8
0104a609,8
0104a641,8
0104c01f,9
0104c08f,9
0104c09b,9
0104c12d,9
0104c1a5,9
0104c28b,9
0104c28d,9
0104c299,9
0104c325,9
0104c88d,9
0104ca89,9
0104d00f,9
0104d017,9
0104d01b,9
0104d01d,9
0104d02d,9
0104d087,9
0104d089,8
0104d093,9
0104d095,9
0104d099,9
0104d0a5,9
0104d10d,9
0104d125,9
0104d185,9
0104d207,9
0104d20b,9
0104d20d,9
0104d219,9
0104d283,9
0104d285,9
0104d291,9
0104d807,9
0104d80b,9
0104d80d,9
0104d885,9
0104d889,9
0104da09,9
0104da81,9
0104e209,8
0105500f,9
0105508d,9
0105520d,9
01055289,9
01058289,8
0105908d,9
01059289,9
01059889,9
0105d00d,9
0105d089,9
0105d209,9
0106009f,9
0106021f,9
01060689,8
01060a8d,9
0106280d,8
0106401f,9
0106408f,9
0106409b,9
0106409d,9
0106420f,9
0106421b,9
0106428b,9
0106428d,9
01064299,9
0106480f,9
0106488d,9
01064a0d,9
0106500d,8
01065017,9
01065087,9
01065089,8
01065207,9
01065285,9
01065885,9
0106888d,9
01069089,8
01069209,8
01069285,9
01069a81,9
0106a209,8
0106c089,8
0106c125,9
0106c80d,9
0106d007,9
0106d083,9
0106d085,9
0106d091,9
0106d205,9
0106d281,9
0106d881,9
01070a89,9
01074289,9
01078889,9
0108101f,8
0108103f,9
0108109f,9
0108121f,9
0108128f,9
0108403f,9
0108409f,9
0108421f,9
0108501f,9
0108508f,9
01085097,9
0108509b,9
0108509d,9
0108520f,9
01085287,9
0108528b,9
0108528d,9
01085299,9
0108580f,9
01085887,9
0108588d,9
01085a0d,9
01085a89,9
0108901f,9
0108920f,9
0108928b,9
0108928d,9
01089a89,9
0108c01f,9
0108c28d,9
0108ca89,9
0108d00f,9
0108d087,9
0108d08b,9
0108d08d,9
0108d099,9
0108d125,9
0108d207,9
0108d20b,9
0108d20d,9
0108d283,9
0108d285,9
0108d289,9
0108d80d,9
0108d889,9
0108e209,8
01095289,9
01099289,9
010a009f,9
010a021f,9
010a0a8d,9
010a401f,9
010a408f,9
010a420f,9
010a428b,9
010a428d,9
010a480f,9
010a488d,9
010a4a0d,9
010a4a89,9
010a5087,9
010a5207,9
010a5283,9
010a5285,9
010a5885,9
010a6205,8
010a8889,8
010a9285,9
010ad007,9
010ad085,9
010ad205,9
010ad281,9
010b4289,9
010c003f,9
010c009f,9
010c021f,9
010c101f,9
010c108f,9
010c109b,9
010c109d,9
010c120f,9
010c121b,9
010c128b,9
010c1299,9
010c188d,9
010c1a89,9
010c300d,8
010c401f,9
010c408f,9
010c409b,9
010c409d,9
010c420f,9
010c421b,9
010c428b,9
010c428d,9
010c4299,9
010c488d,9
010c4a89,9
010c500f,9
010c5017,9
010c501b,9
010c501d,9
010c5087,9
010c508b,9
010c508d,9
010c5093,9
010c5095,9
010c5099,9
010c50a9,9
010c5207,9
010c520b,9
010c520d,9
010c5219,9
010c5283,9
010c5285,9
010c5289,9
010c580d,9
010c5885,9
010c5889,9
010c801f,9
010c828b,9
010c828d,9
010c8a89,9
010c900f,9
010c901b,9
010c9087,9
010c908b,9
010c9099,9
010c920b,9
010c920d,9
010c9219,9
010c9283,9
010c9285,9
010c9289,9
010c9889,9
010c9a09,9
010cc00f,9
010cc01b,9
010cc087,9
010cc08b,9
010cc08d,9
010cc099,9
010cc20b,9
010cc20d,9
010cc285,9
010cc289,9
010cc889,9
010cd007,9
010cd00b,9
010cd00d,9
010cd019,9
010cd083,9
010cd085,9
010cd089,9
010cd091,9
010cd205,9
010cd209,9
010cd281,9
010cd809,9
010d1289,9
010d500d,9
010d5089,9
010d9089,9
010d9209,9
010e001f,9
010e008f,9
010e009b,9
010e020f,9
010e028b,9
010e028d,9
010e088d,9
010e0a0d,9
010e0a89,9
010e1285,9
010e400f,9
010e401b,9
010e401d,9
010e4087,9
010e408b,9
010e408d,9
010e4099,9
010e420b,9
010e420d,9
010e4219,9
010e4289,9
010e480b,9
010e480d,9
010e4a09,9
010e5007,9
010e5083,9
010e5085,9
010e5205,9
010e5281,9
010e820b,9
010e820d,9
010e880d,9
010e9085,9
010e9205,9
010e9281,9
010ec085,9
010ec281,9
010ed005,9
010ed081,9
010ed084,9
010ed201,9
010f0289,9
010f4089,9
010f8209,9
0110812d,8
01109125,8
0110d124,8
01120a89,8
011484c1,8
011494c0,8
0114cc40,8
0116180c,8
01168281,8
0116900c,8
0116c808,8
011894c0,8
011c0289,8
011cc440,8
012000bf,9
01201685,8
0120203f,9
0120403f,9
01205087,8
012081ad,9
012084c9,8
012086c1,8
01208709,8
0120892d,9
01208c49,8
0120a12d,9
0120a449,8
0120c12d,9
0120c165,9
0120c4c1,8
0120c925,9
0120c92c,9
0120d085,8
0120d281,8
0121812d,9
0121c125,9
0121c12c,9
0122003f,9
0122009f,9
01221485,8
01225604,8
0122812d,9
01229281,8
0122c125,9
0122c12c,9
0124003f,9
0124201f,9
0124440d,8
0124801f,9
0124812d,9
01248509,8
0124a125,9
0124a12c,9
0124a481,8
0124c089,8
0124c125,9
01261281,8
0126a00d,9
0126a809,9
0128003f,9
012a0a88,8
012a440c,8
012ca009,8
012e0488,8
01308125,8
0130812c,8
013484c0,8
0134c480,8
01364081,8
0136c008,8
01380289,8
01380681,8
013a8480,8
013c4404,8
01405289,8
0140580d,8
01405885,8
01405895,9
01405a91,9
01406885,8
0140892d,9
014089a5,9
01408b25,9
01409889,8
01409a91,9
01409c48,8
0140acc0,8
0140c889,8
0140c925,9
0140cc41,8
0140ce40,8
0140d089,8
0140d805,8
0140d809,8
0140d894,9
0140dc40,8
01411a85,9
01411a88,8
01412a09,8
01414a85,9
01415291,9
01415807,9
01415885,9
01415a81,9
01418325,9
01418a09,8
01419885,9
01419a81,9
0141c125,9
0141c885,9
0141ca80,8
0141ca81,9
01420a89,8
01424289,8
0142480d,8
01424889,8
01428889,8
0142a80d,9
0142a888,8
01432a08,8
01434a81,9
0143a809,9
0144108d,8
01441a91,9
0144201f,9
0144300d,8
01444097,9
01444887,9
01444889,8
01444895,9
01444a85,9
01445085,8
01445096,9
014450d4,9
01445481,8
01445484,8
01445805,8
01445816,9
01445891,9
01445894,9
0144812d,9
01448289,8
01448a91,9
01449481,8
01449881,8
0144a125,9
0144c1a4,9
0144c481,8
0144c881,8
0144c885,9
0144c891,9
0144d005,8
0144d081,8
0144d084,8
0144d092,9
0144d0d0,9
0144d801,8
0144d890,9
01451885,9
01451a81,9
01454885,9
01454a81,9
01455091,9
01455094,9
01455290,9
01455881,9
01455884,9
01455a04,9
0145880d,9
01458885,9
01458a81,9
0145c085,9
0145c805,9
0145c881,9
0145d084,9
0145d090,9
0145d804,9
0145d880,9
01460289,8
01460889,8
01460a09,8
0146280d,9
01465081,8
0146880d,9
0146a00d,9
0146a80c,9
01470a81,9
01478809,9
0148009f,9
0148021f,9
0148081f,9
01481097,9
01481887,9
01481a85,9
01484887,9
01484a85,9
01485017,9
01485093,9
01485095,9
01485096,9
01485291,9
01485481,8
01485883,9
01485885,9
01485a81,9
01488325,9
01489883,9
01489885,9
01489a81,9
0148c285,9
0148c885,9
0148ca81,9
0148d091,9
0148d884,9
01491a81,9
01494a81,9
01495085,9
01495205,9
01495281,9
01495284,9
01498a81,9
01499281,9
0149c281,9
0149d081,9
014a4087,9
014a4285,9
014a4885,9
014a4a81,9
014b4281,9
014c1093,9
014c1291,9
014c1883,9
014c1891,9
014c1a81,9
014c4017,9
014c4087,9
014c4093,9
014c4207,9
014c4283,9
014c4285,9
014c4807,9
014c4883,9
014c4885,9
014c4a05,9
014c4a81,9
014c5013,9
014c5016,9
014c5086,9
014c5091,9
014c5092,9
014c5094,9
014c5214,9
014c5290,9
014c5814,9
014c5881,9
014c5884,9
014c5a04,9
014c8285,9
014c8883,9
014c8885,9
014c8a81,9
014c9124,9
014c9884,9
014cc083,9
014cc091,9
014cc881,9
014cc884,9
014cd014,9
014cd090,9
014cd810,9
014cd880,9
014d0a81,9
014d1281,9
014d1881,9
014d4281,9
014d5081,9
014d5084,9
014d5204,9
014d5280,9
014d8281,9
014d8881,9
014dc081,9
014dd004,9
014dd080,9
014e0a81,9
01508883,8
01509124,8
0150c124,8
01510a81,8
01528888,8
01528c40,8
01529804,8
01529880,8
01548888,8
01560888,8
01568088,8
01568808,8
015e1004,8
0160502c,8
0160812d,9
01608925,9
0160892c,9
0160cc40,8
01618125,9
0161812c,9
01620c09,8
0162102c,8
01621848,8
0162812c,9
01628909,9
01648125,9
0164812c,9
01648441,8
016c4440,8
01708124,8
01760440,8
0180103f,9
0180109f,9
0180403f,9
0180405f,9
0180409f,9
0180421f,9
018044a5,8
018044c5,8
018044cc,8
01804645,8
0180481f,9
0180501f,9
0180502f,9
01805037,9
0180503b,9
0180504f,9
01805057,9
0180505b,9
01805067,9
0180506d,9
0180508f,9
01805097,9
0180509b,9
018050a7,9
018050ad,9
018050c7,9
018050cb,9
018050d9,9
0180510f,9
0180511b,9
01805127,9
0180512d,9
0180514b,9
01805187,9
0180518b,9
018051a5,9
0180520f,9
0180521b,9
01805227,9
01805247,9
0180524b,9
0180524d,9
01805287,9
0180528b,9
0180528d,9
018052c3,9
01805407,8
01805486,8
0180580f,9
0180581b,9
01805827,9
0180582d,9
01805847,9
0180584b,9
0180584d,9
01805887,9
0180588b,9
0180588d,9
018058a5,9
01805a07,9
0180832d,9
01808565,9
0180901f,9
0180912d,9
018091a5,9
01809325,9
01809a89,9
0180c01f,9
0180c04f,9
0180c08f,9
0180c0cb,9
0180c0cd,9
0180c10f,9
0180c125,8
0180c127,9
0180c12b,9
0180c12d,9
0180c135,9
0180c14b,9
0180c14d,9
0180c159,9
0180c165,9
0180c169,9
0180c18d,9
0180c1a5,9
0180c1a9,9
0180c1c9,9
0180c20f,9
0180c21b,9
0180c24b,9
0180c24d,9
0180c269,9
0180c287,9
0180c28b,9
0180c28d,9
0180c2c9,9
0180c30b,9
0180c30d,9
0180c323,9
0180c325,9
0180c329,9
0180c32c,9
0180c349,9
0180c361,9
0180c364,9
0180c389,9
0180c3a1,9
0180c3a4,9
0180c464,8
0180c684,8
0180c925,9
0180ca49,9
0180ca89,9
0180d00f,9
0180d017,9
0180d01b,9
0180d01d,9
0180d027,9
0180d02b,9
0180d02d,9
0180d047,9
0180d04b,9
0180d04d,9
0180d059,9
0180d063,9
0180d065,9
0180d069,9
0180d087,9
0180d08b,9
0180d08d,9
0180d093,9
0180d099,9
0180d0a3,9
0180d0a5,9
0180d0a9,9
0180d0c3,9
0180d0c5,9
0180d107,9
0180d10b,9
0180d10d,9
0180d119,9
0180d123,9
0180d125,9
0180d126,9
0180d129,9
0180d12c,9
0180d143,9
0180d145,9
0180d149,9
0180d161,9
0180d164,9
0180d183,9
0180d185,9
0180d189,9
0180d1a1,9
0180d1a4,9
0180d1c1,9
0180d207,9
0180d20b,9
0180d20d,9
0180d213,9
0180d219,9
0180d223,9
0180d225,9
0180d229,9
0180d243,9
0180d245,9
0180d246,9
0180d249,9
0180d283,9
0180d285,9
0180d289,9
0180d291,9
0180d2a1,9
0180d2c1,9
0180d2c4,9
0180d303,9
0180d305,9
0180d309,9
0180d321,9
0180d324,9
0180d341,9
0180d381,9
0180d807,9
0180d80b,9
0180d80d,9
0180d825,9
0180d845,9
0180d849,9
0180d883,9
0180d885,9
0180d889,9
0180d909,9
0180d924,9
0180da03,9
0180da05,9
0180da09,9
0180da81,9
0181500f,9
01815249,9
0181c125,9
0181c249,9
0181c309,9
0181c321,9
0181d007,9
0181d00b,9
0181d00d,9
0181d049,9
0181d083,9
0181d089,9
0181d109,9
0181d124,9
0181d203,9
0181d209,9
0181d281,9
0182401f,9
0182404f,9
018240cb,9
018240cd,9
0182420f,9
0182424b,9
0182424d,9
01824269,9
0182428b,9
018242c9,9
01824349,9
0182480f,9
0182482d,9
0182484d,9
0182488d,9
018248c9,9
01824a49,9
01824a89,9
01825017,9
01825027,9
01825047,9
01825087,9
018250a5,9
018250c3,9
018250c5,9
01825207,9
01825243,9
01825245,9
01825283,9
01825285,9
018252c1,9
01825807,9
0182c02d,9
0182c10b,9
0182c10d,9
0182c125,9
0182c129,9
0182c207,9
0182c243,9
0182c245,9
0182c283,9
0182c285,9
0182c2c1,9
0182c321,9
0182c341,9
0182c381,9
0182d007,9
0182d013,9
0182d023,9
0182d025,9
0182d043,9
0182d045,9
0182d083,9
0182d085,9
0182d0a1,9
0182d0c1,9
0182d103,9
0182d105,9
0182d121,9
0182d124,9
0182d141,9
0182d181,9
0182d203,9
0182d205,9
0182d221,9
0182d241,9
0182d244,9
0182d281,9
0182d2c0,9
0182d301,9
0182d803,9
0182d805,9
0182da01,9
01834249,9
0183d201,9
0184101f,9
0184401f,9
0184402f,9
0184403b,9
0184404f,9
0184405b,9
0184406d,9
0184408f,9
0184409b,9
018440ad,9
018440cb,9
018440cd,9
018440d9,9
018440e9,9
0184410f,9
0184411b,9
01844127,9
0184412d,9
0184414b,9
0184414d,9
01844159,9
0184418b,9
0184418d,9
018441a5,9
018441c9,9
0184420f,9
0184421b,9
0184424b,9
0184424d,9
01844259,9
0184428b,9
0184428d,9
018442c9,9
01844349,9
01844389,9
01844485,8
0184480f,9
0184482d,9
0184484d,9
0184488d,9
018448c9,9
01844a89,9
0184500f,9
01845017,9
0184501b,9
0184501d,9
01845027,9
0184502b,9
0184502d,9
01845047,9
0184504b,9
0184504d,9
01845059,9
01845065,9
01845069,9
01845087,9
0184508b,9
0184508d,9
01845093,9
01845099,9
018450a3,9
018450a5,9
018450a9,9
018450c3,9
018450c5,9
018450c6,9
01845107,9
0184510b,9
0184510d,9
01845119,9
01845125,9
01845129,9
01845143,9
01845149,9
01845183,9
01845185,9
01845189,9
018451a4,9
01845207,9
0184520b,9
0184520d,9
01845219,9
01845243,9
01845245,9
01845249,9
01845283,9
01845285,9
01845289,9
018452c1,9
01845309,9
01845807,9
0184580b,9
0184580d,9
01845825,9
01845849,9
01845883,9
01845885,9
01845889,9
01845a09,9
0184812d,9
018481a5,9
018482c9,9
01848325,9
01848389,9
01848a89,9
0184900f,9
0184901b,9
01849087,9
0184908b,9
0184908d,9
01849099,9
0184910d,9
01849125,9
01849189,9
0184920b,9
0184920d,9
01849249,9
01849283,9
01849285,9
01849289,9
01849309,9
01849889,9
01849a09,9
0184a125,9
0184a640,8
0184c00f,9
0184c017,9
0184c01b,9
0184c01d,9
0184c027,9
0184c02b,9
0184c02d,9
0184c047,9
0184c04b,9
0184c04d,9
0184c059,9
0184c065,9
0184c069,9
0184c087,9
0184c089,8
0184c08b,9
0184c08d,9
0184c093,9
0184c099,9
0184c0a3,9
0184c0a5,9
0184c0a9,9
0184c0c3,9
0184c0c5,9
0184c0c9,9
0184c0e1,9
0184c107,9
0184c109,8
0184c10b,9
0184c10d,9
0184c119,9
0184c123,9
0184c125,9
0184c126,9
0184c129,9
0184c12c,9
0184c134,9
0184c143,9
0184c145,9
0184c149,9
0184c161,9
0184c164,9
0184c183,9
0184c185,9
0184c189,9
0184c191,9
0184c1a1,9
0184c1a4,9
0184c1c1,9
0184c207,9
0184c209,8
0184c20b,9
0184c20d,9
0184c219,9
0184c225,9
0184c229,9
0184c243,9
0184c245,9
0184c249,9
0184c283,9
0184c285,9
0184c289,9
0184c291,9
0184c2a1,9
0184c2c1,9
0184c303,9
0184c305,9
0184c309,9
0184c321,9
0184c324,9
0184c341,9
0184c381,9
0184c807,9
0184c80b,9
0184c80d,9
0184c825,9
0184c829,9
0184c849,9
0184c885,9
0184c889,9
0184c905,9
0184c909,9
0184c921,9
0184c924,9
0184c981,9
0184ca09,9
0184ca81,9
0184d003,8
0184d007,9
0184d009,8
0184d00b,9
0184d00d,9
0184d00e,9
0184d013,9
0184d015,9
0184d016,9
0184d019,9
0184d023,9
0184d025,9
0184d026,9
0184d029,9
0184d02c,9
0184d043,9
0184d045,9
0184d046,9
0184d049,9
0184d04a,9
0184d04c,9
0184d054,9
0184d061,9
0184d064,9
0184d081,8
0184d083,9
0184d085,9
0184d086,9
0184d089,9
0184d08a,9
0184d08c,9
0184d091,9
0184d092,9
0184d094,9
0184d0a1,9
0184d0a4,9
0184d0c1,9
0184d0c2,9
0184d0c4,9
0184d0c8,9
0184d0d0,9
0184d0e0,9
0184d103,9
0184d105,9
0184d106,9
0184d109,9
0184d10a,9
0184d10c,9
0184d111,9
0184d121,9
0184d124,9
0184d128,9
0184d141,9
0184d142,9
0184d144,9
0184d148,9
0184d160,9
0184d181,9
0184d182,9
0184d184,9
0184d188,9
0184d190,9
0184d1a0,9
0184d1c0,9
0184d203,9
0184d205,9
0184d206,9
0184d209,9
0184d20a,9
0184d20c,9
0184d211,9
0184d221,9
0184d224,9
0184d241,9
0184d242,9
0184d244,9
0184d248,9
0184d281,9
0184d282,9
0184d284,9
0184d288,9
0184d290,9
0184d2a0,9
0184d2c0,9
0184d301,9
0184d302,9
0184d304,9
0184d308,9
0184d320,9
0184d340,9
0184d380,9
0184d803,9
0184d805,9
0184d806,9
0184d809,9
0184d80c,9
0184d841,9
0184d844,9
0184d881,9
0184d884,9
0184d888,9
0184d8c0,9
0184d901,9
0184d904,9
0184da01,9
0184da04,9
01854249,9
01855007,9
0185500b,9
0185500d,9
01855049,9
01855089,9
01855209,9
01859089,9
01859209,9
0185c00b,9
0185c00d,9
0185c049,9
0185c089,9
0185c109,9
0185c121,9
0185c124,9
0185c181,9
0185c209,9
0185c281,9
0185c301,9
0185d003,9
0185d005,9
0185d009,9
0185d00c,9
0185d044,9
0185d081,9
0185d084,9
0185d101,9
0185d201,9
01860a89,9
0186400f,9
0186401b,9
0186402d,9
0186404b,9
0186404d,9
01864059,9
0186408b,9
0186408d,9
01864099,9
018640a9,9
0186410b,9
0186410d,9
01864129,9
01864149,9
01864189,9
0186420b,9
0186420d,9
01864219,9
01864229,9
01864249,9
018642c1,9
01864309,9
0186480b,9
0186480d,9
01864829,9
01864a09,9
01865007,9
01865025,9
01865043,9
01865045,9
01865083,9
01865085,9
018650c1,9
01865103,9
01865181,9
01865203,9
01865205,9
01865241,9
01865244,9
01865281,9
01868189,9
0186820d,9
01868249,9
01868309,9
01868a09,9
01869085,9
01869281,9
0186c007,9
0186c025,9
0186c043,9
0186c045,9
0186c083,9
0186c085,9
0186c0a1,9
0186c0c1,9
0186c0c8,9
0186c103,9
0186c105,9
0186c121,9
0186c124,9
0186c141,9
0186c181,9
0186c203,9
0186c205,9
0186c221,9
0186c241,9
0186c244,9
0186c248,9
0186c281,9
0186c2c0,9
0186c301,9
0186c881,9
0186d003,9
0186d005,9
0186d006,9
0186d011,9
0186d021,9
0186d024,9
0186d041,9
0186d042,9
0186d044,9
0186d081,9
0186d082,9
0186d084,9
0186d0c0,9
0186d101,9
0186d104,9
0186d140,9
0186d180,9
0186d201,9
0186d202,9
0186d204,9
0186d240,9
0186d280,9
0186d300,9
0186d801,9
0186d804,9
01874049,9
01874089,9
01874209,9
0187d001,9
0188101f,9
0188401f,9
018842c9,9
0188500f,9
01885017,9
0188501b,9
01885027,9
0188502d,9
01885047,9
0188504b,9
0188504d,9
01885087,9
0188508b,9
0188508d,9
018850a5,9
018850c3,9
018850c9,9
01885207,9
0188520b,9
0188520d,9
01885243,9
01885249,9
01885283,9
01885285,9
01885289,9
01885807,9
0188920b,9
01889289,9
0188c00f,9
0188c087,9
0188c08b,9
0188c08d,9
0188c0c9,9
0188c125,9
0188c189,9
0188c207,9
0188c20b,9
0188c20d,9
0188c249,9
0188c283,9
0188c285,9
0188c289,9
0188c2c1,9
0188c309,9
0188c321,9
0188c324,9
0188c381,9
0188d007,9
0188d00b,9
0188d00d,9
0188d025,9
0188d043,9
0188d049,9
0188d083,9
0188d085,9
0188d089,9
0188d0c1,9
0188d0c4,9
0188d103,9
0188d109,9
0188d124,9
0188d181,9
0188d203,9
0188d205,9
0188d206,9
0188d209,9
0188d241,9
0188d244,9
0188d281,9
0188d284,9
0188d301,9
0189c209,9
018a400f,9
018a404d,9
018a408b,9
018a408d,9
018a40c9,9
018a420b,9
018a420d,9
018a4249,9
018a4289,9
018a480d,9
018a4889,9
018a5007,9
018a5083,9
018a5085,9
018a5203,9
018a5281,9
018ac203,9
018ac205,9
018ac241,9
018ac281,9
018ad003,9
018ad005,9
018ad081,9
018ad201,9
018ad204,9
018ad240,9
018c001f,9
018c100f,9
018c101b,9
018c108b,9
018c108d,9
018c120b,9
018c1289,9
018c400f,9
018c401b,9
018c402d,9
018c404b,9
018c404d,9
018c4059,9
018c4087,9
018c408b,9
018c408d,9
018c4099,9
018c40c9,9
018c4189,9
018c420b,9
018c420d,9
018c4249,9
018c4289,9
018c5007,9
018c500b,9
018c500d,9
018c5013,9
018c5019,9
018c5025,9
018c5043,9
018c5049,9
018c5083,9
018c5085,9
018c5086,9
018c5089,9
018c50a4,9
018c50c1,9
018c50c4,9
018c5103,9
018c5109,9
018c5203,9
018c5205,9
018c5206,9
018c5209,9
018c5281,9
018c808b,9
018c820b,9
018c8289,9
018c900b,9
018c900d,9
018c9083,9
018c9085,9
018c9089,9
018c9209,9
018c9281,9
018cc007,9
018cc00b,9
018cc00d,9
018cc019,9
018cc025,9
018cc029,9
018cc043,9
018cc049,9
018cc083,9
018cc085,9
018cc089,9
018cc0a1,9
018cc0c1,9
018cc0c4,9
018cc103,9
018cc105,9
018cc109,9
018cc121,9
018cc124,9
018cc181,9
018cc203,9
018cc205,9
018cc209,9
018cc241,9
018cc281,9
018cc301,9
018cc809,9
018cd003,9
018cd005,9
018cd006,9
018cd009,9
018cd00c,9
018cd014,9
018cd024,9
018cd041,9
018cd042,9
018cd044,9
018cd081,9
018cd082,9
018cd084,9
018cd088,9
018cd090,9
018cd0c0,9
018cd101,9
018cd104,9
018cd180,9
018cd201,9
018cd202,9
018cd204,9
018cd208,9
018cd240,9
018cd280,9
018cd300,9
018cd804,9
018dc009,9
018e0289,9
018e4007,9
018e400b,9
018e400d,9
018e4019,9
018e4109,9
018e4209,9
018e5003,9
018e5005,9
018e5081,9
018e800b,9
018e800d,9
018ec003,9
018ec005,9
018ec081,9
018ec101,9
018ec201,9
018ed001,9
018ed004,9
018ed080,9
018ed200,9
01904125,8
01a05242,8
01a0812d,9
01a0d042,8
01a0d044,8
01a48125,9
01a4d002,8
01ac8440,8
01c040a7,9
01c040c7,9
01c04127,9
01c041a5,9
01c04827,9
01c04887,9
01c048a5,9
01c048c5,9
01c04925,9
01c04a07,9
01c04a85,9
01c04ac1,9
01c05007,8
01c05093,9
01c05096,9
01c050d2,9
01c050d4,9
01c05816,9
01c05886,9
01c058a4,9
01c058c4,9
01c05a84,9
01c0812d,9
01c081a5,9
01c08925,9
01c08c41,8
01c091a4,9
01c09324,9
01c09481,8
01c09883,9
01c09885,9
01c09a81,9
01c0c0a5,9
01c0c124,8
01c0c126,9
01c0c134,9
01c0c1a4,9
01c0c291,9
01c0c2d0,9
01c0c3a0,9
01c0c883,9
01c0c885,9
01c0c891,9
01c0c8a1,9
01c0c8a4,9
01c0c8c4,9
01c0c8d0,9
01c0c924,9
01c0ca84,9
01c0cac0,9
01c0cb20,9
01c0d003,8
01c0d016,9
01c0d044,8
01c0d081,8
01c0d086,9
01c0d092,9
01c0d094,9
01c0d0a4,9
01c0d0d0,9
01c0d240,8
01c0d290,9
01c0d804,8
01c0d814,9
01c0d882,9
01c0d884,9
01c0d890,9
01c0d8a0,9
01c0d980,9
01c0da10,9
01c0da80,9
01c11a81,9
01c142c1,9
01c14a81,9
01c15013,9
01c15083,9
01c150c4,9
01c15250,9
01c15284,9
01c15803,9
01c15844,9
01c15881,9
01c15a04,9
01c18a81,9
01c19281,9
01c19881,9
01c1c124,9
01c1c181,9
01c1c281,9
01c1c2c0,9
01c1c320,9
01c1c805,9
01c1c844,9
01c1c881,9
01c1c884,9
01c1c8c0,9
01c1ca04,9
01c1ca40,9
01c1ca80,9
01c1d006,9
01c1d024,9
01c1d050,9
01c1d084,9
01c1d0c0,9
01c1d120,9
01c1d180,9
01c1d210,9
01c1d280,9
01c1d804,9
01c1d840,9
01c1d880,9
01c1da00,9
01c44017,9
01c44027,9
01c44053,9
01c44056,9
01c44087,9
01c44093,9
01c440a3,9
01c440a5,9
01c440c3,9
01c440c6,9
01c440d1,9
01c440d4,9
01c440e1,9
01c440e4,9
01c44154,9
01c44164,9
01c44183,9
01c441a1,9
01c441a4,9
01c441c4,9
01c441d0,9
01c44207,9
01c44246,9
01c44264,9
01c44283,9
01c44285,9
01c442c4,9
01c442d0,9
01c44324,9
01c443c0,9
01c44807,9
01c44825,9
01c44846,9
01c44864,9
01c44883,9
01c44885,9
01c448a1,9
01c448c4,9
01c44924,9
01c44944,9
01c44981,9
01c449c0,9
01c44a05,9
01c44a44,9
01c44a81,9
01c44ac0,9
01c45003,8
01c45016,9
01c45034,9
01c45041,8
01c45044,8
01c45052,9
01c45054,9
01c45070,9
01c45081,8
01c45086,9
01c45092,9
01c45094,9
01c450a4,9
01c450c0,8
01c450c2,9
01c450d0,9
01c450e0,9
01c45112,9
01c45114,9
01c45150,9
01c45182,9
01c45190,9
01c451a0,9
01c451c0,9
01c45240,8
01c45290,9
01c45806,9
01c45814,9
01c45824,9
01c45842,9
01c45850,9
01c45860,9
01c45882,9
01c45884,9
01c45890,9
01c458c0,9
01c45940,9
01c45980,9
01c45a80,9
01c48125,9
01c481a4,9
01c48324,9
01c48481,8
01c48883,9
01c48885,9
01c48891,9
01c48924,9
01c49124,9
01c49884,9
01c49890,9
01c498c0,9
01c49a80,9
01c4c003,8
01c4c016,9
01c4c044,8
01c4c048,8
01c4c052,9
01c4c054,9
01c4c070,9
01c4c081,8
01c4c086,9
01c4c091,9
01c4c092,9
01c4c094,9
01c4c0a4,9
01c4c0c0,8
01c4c0c2,9
01c4c0c4,9
01c4c0d0,9
01c4c0e0,9
01c4c114,9
01c4c122,9
01c4c124,9
01c4c130,9
01c4c140,8
01c4c150,9
01c4c182,9
01c4c184,9
01c4c190,9
01c4c1a0,9
01c4c1c0,9
01c4c201,8
01c4c214,9
01c4c240,8
01c4c250,9
01c4c282,9
01c4c284,9
01c4c290,9
01c4c2a0,9
01c4c2c0,9
01c4c380,9
01c4c801,8
01c4c804,8
01c4c806,9
01c4c814,9
01c4c824,9
01c4c840,8
01c4c842,9
01c4c844,9
01c4c850,9
01c4c860,9
01c4c880,8
01c4c882,9
01c4c884,9
01c4c890,9
01c4c8a0,9
01c4c8c0,9
01c4c902,9
01c4c904,9
01c4c910,9
01c4c920,9
01c4c980,9
01c4ca02,9
01c4ca04,9
01c4ca10,9
01c4ca20,9
01c4ca80,9
01c4d002,8
01c4d004,8
01c4d012,9
01c4d030,9
01c4d040,8
01c4d050,9
01c4d080,8
01c4d090,9
01c4d100,8
01c4d200,8
01c4d800,8
01c4d810,9
01c4d880,9
01c54007,9
01c54043,9
01c54045,9
01c54083,9
01c54085,9
01c540c1,9
01c540c4,9
01c54124,9
01c54144,9
01c54203,9
01c54205,9
01c54242,9
01c54244,9
01c54250,9
01c54281,9
01c542c0,9
01c54340,9
01c54805,9
01c54841,9
01c54844,9
01c54881,9
01c54a01,9
01c54a40,9
01c55006,9
01c55014,9
01c55024,9
01c55042,9
01c55044,9
01c55050,9
01c55060,9
01c55082,9
01c55084,9
01c55090,9
01c550c0,9
01c55104,9
01c55140,9
01c55180,9
01c55210,9
01c55280,9
01c55804,9
01c55840,9
01c55880,9
01c55a00,9
01c58281,9
01c58881,9
01c5c011,9
01c5c024,9
01c5c042,9
01c5c044,9
01c5c050,9
01c5c060,9
01c5c081,9
01c5c084,9
01c5c090,9
01c5c0c0,9
01c5c104,9
01c5c120,9
01c5c140,9
01c5c180,9
01c5c202,9
01c5c204,9
01c5c210,9
01c5c220,9
01c5c240,9
01c5c280,9
01c5c300,9
01c5c804,9
01c5c840,9
01c5c880,9
01c5c900,9
01c5ca00,9
01c5d000,8
01c5d002,9
01c5d010,9
01c5d020,9
01c5d040,9
01c5d080,9
01c5d800,9
01c84047,9
01c84087,9
01c840c3,9
01c84207,9
01c84283,9
01c842c1,9
01c84807,9
01c84825,9
01c84885,9
01c84a81,9
01c85013,9
01c85016,9
01c85083,9
01c85086,9
01c850a4,9
01c850c4,9
01c85124,9
01c85284,9
01c85803,9
01c85806,9
01c85844,9
01c85881,9
01c85884,9
01c85a04,9
01c88125,9
01c88a81,9
01c89083,9
01c89281,9
01c89881,9
01c8c083,9
01c8c085,9
01c8c0c4,9
01c8c124,9
01c8c281,9
01c8c2c0,9
01c8c320,9
01c8c844,9
01c8c881,9
01c8c884,9
01c8c8c0,9
01c8ca04,9
01c8ca80,9
01c8d006,9
01c8d014,9
01c8d024,9
01c8d050,9
01c8d082,9
01c8d084,9
01c8d0c0,9
01c8d280,9
01c8d802,9
01c8d804,9
01c8d840,9
01c8d880,9
01c8da00,9
01c94203,9
01c94241,9
01c94281,9
01c95003,9
01c95044,9
01c95201,9
01c95202,9
01c95204,9
01c95240,9
01c95280,9
01c9c201,9
01c9c204,9
01c9c240,9
01c9c280,9
01c9ca00,9
01c9d004,9
01c9d040,9
01c9d080,9
01c9d200,9
01cc1083,9
01cc1881,9
01cc4007,9
01cc4013,9
01cc4025,9
01cc4043,9
01cc4046,9
01cc4054,9
01cc4064,9
01cc4083,9
01cc4085,9
01cc40a4,9
01cc40c1,9
01cc40c4,9
01cc40d0,9
01cc4103,9
01cc4124,9
01cc4144,9
01cc4181,9
01cc41c0,9
01cc4203,9
01cc4205,9
01cc4244,9
01cc4281,9
01cc4284,9
01cc42c0,9
01cc4340,9
01cc4803,9
01cc4805,9
01cc4844,9
01cc4881,9
01cc4884,9
01cc5006,9
01cc5011,9
01cc5012,9
01cc5014,9
01cc5024,9
01cc5042,9
01cc5044,9
01cc5050,9
01cc5060,9
01cc5082,9
01cc5084,9
01cc5090,9
01cc50a0,9
01cc50c0,9
01cc5102,9
01cc5104,9
01cc5140,9
01cc5180,9
01cc5210,9
01cc5280,9
01cc5804,9
01cc5840,9
01cc5880,9
01cc5a00,9
01cc8083,9
01cc8124,9
01cc8281,9
01cc8803,9
01cc8881,9
01cc8a01,9
01cc9084,9
01cc9804,9
01cc9880,9
01ccc006,9
01ccc011,9
01ccc014,9
01ccc024,9
01ccc042,9
01ccc044,9
01ccc050,9
01ccc060,9
01ccc081,9
01ccc082,9
01ccc084,9
01ccc090,9
01ccc0a0,9
01ccc0c0,9
01ccc104,9
01ccc120,9
01ccc140,9
01ccc180,9
01ccc202,9
01ccc204,9
01ccc210,9
01ccc240,9
01ccc280,9
01ccc300,9
01ccc802,9
01ccc804,9
01ccc840,9
01ccc880,9
01ccc900,9
01ccca00,9
01ccd000,8
01ccd002,9
01ccd010,9
01ccd020,9
01ccd040,9
01ccd080,9
01ccd800,9
01cd4044,9
01cd4201,9
01cd4204,9
01cd4240,9
01cd4280,9
01cd5004,9
01cd5040,9
01cd5080,9
01cd5200,9
01cdc001,9
01cdc004,9
01cdc040,9
01cdc080,9
01cdc100,9
01cdc200,9
01cdc800,9
01cdd000,9
01ce4084,9
01ec4040,8
0200503f,9
0200509f,9
0200540f,8
0200581f,9
0200588f,9
0200813f,9
020085c9,8
02008e89,8
0200912f,9
020091ad,9
02009329,8
0200a12f,9
0200a1ad,9
0200a325,8
0200a92d,9
0200c551,8
0200c6c1,8
0200ccc1,8
0201912d,9
0201a12d,9
0201c309,8
0202029f,9
02020e89,8
0202403f,9
0202409f,9
0202421f,9
0202428f,9
0202481f,9
02024a8b,9
020281ad,9
0202828f,9
020289a9,9
02028a89,8
0202a1a5,9
0204109f,9
0204409f,9
0204421f,9
0204428f,9
0204501f,9
0204508f,9
02045287,9
0204528b,9
0204588b,9
0204588d,9
0204812d,8
020491ac,9
0204932c,9
0204a127,9
0204a1a5,9
0204c09b,9
0204c1ac,9
0204d087,9
0204d12c,9
0204d885,9
0205500f,9
0205a125,9
0206021f,9
02065087,9
0206a125,9
0206c089,8
0208109f,9
0208121f,9
0208428f,9
0208501f,9
0208508f,9
02085287,9
0208528b,9
0208580f,9
02088329,8
02088551,8
0208932c,9
0208c1a5,9
0208d087,9
020a021f,9
020a401f,9
020a408f,9
020a420f,9
020a428b,9
020a480f,9
020a4c0c,8
020c009f,9
020c021f,9
020c101f,9
020c401f,9
020c408f,9
020c420f,9
020c428b,9
020c500f,9
020c501b,9
020c5087,9
020c508b,9
020c508d,9
020c5207,9
020c5289,9
020c832c,9
020c912c,9
020cc087,9
020cc099,9
020cd083,9
020cd085,9
020cd281,9
020dc089,9
020e001f,9
020e408b,9
020e5007,9
020e5404,8
020ec281,9
02108325,8
02108327,9
021083a5,9
02108b25,9
02108b2c,9
02109127,9
0210912c,8
021091a5,9
021091ac,9
0210932c,9
02109925,9
0210992c,9
02118325,9
0211832c,9
02119125,9
0211912c,9
0212892c,9
0214812c,8
0214812e,9
021481ac,9
0214892c,9
02149124,8
0215812c,9
0216812c,9
0220029f,9
02201287,8
0220403f,9
02204689,8
0220809f,9
0220812d,8
0220812f,9
022081ad,9
02208551,8
0220c127,9
0220d083,8
0220e109,8
0222021f,9
0222028f,9
02220a8b,9
0222408f,9
0222488b,9
0222488d,9
02224c0b,9
02224c0c,8
02224c19,9
02224d09,9
02225206,8
0222812d,9
0222818b,9
022281a9,9
0222888b,9
02229281,8
0224c089,8
02260c0a,8
02264481,8
022a4481,8
022e4404,8
0232480c,8
02360888,8
02384083,8
023a4081,8
023c0083,8
024089a9,9
0240932c,9
02409925,9
0240c92c,9
02414609,8
0241832c,9
0241c12c,9
0242488d,9
02424c19,9
02428989,9
024481ac,9
0244832c,9
02448889,8
0244892c,9
0244912c,9
0245812c,9
0248832c,9
02488925,9
0248912c,9
0248c12c,9
02498324,9
024c812c,9
024c8324,9
02508125,8
02508127,9
02508135,9
02508165,9
025081a5,9
025081ac,9
0250832c,9
02508925,9
0250892c,9
02509124,8
02509125,9
02509807,9
02509883,9
02509885,9
02509891,9
02509921,9
02509924,9
02518125,9
0251812c,9
02518324,9
02519124,9
02519803,9
02519805,9
02519881,9
02519901,9
0252812c,9
02538888,9
02548124,8
0254812c,9
02548924,9
02548928,9
02548988,9
02558124,9
02558888,9
02561808,8
02568888,9
02568908,9
02578808,9
02588924,9
02589124,9
025c8124,9
02604c0b,9
02604c19,9
02604d09,9
026081a9,9
02620a89,9
02620c09,8
02620c0b,9
02620c19,9
02620c29,9
02620d09,9
02624409,8
0262440b,9
02624419,9
02624429,9
02624509,9
02624889,9
02624c08,8
02624c09,9
02624c0a,9
02624c18,9
02624c28,9
02624d08,9
02628889,9
02629808,8
0263040b,9
02630509,9
02630889,9
02630a09,9
02630c08,8
02630c09,9
02630c28,9
02634209,9
02634409,9
02660809,8
02700883,8
0280403f,9
0280421f,9
0280501f,9
0280504f,9
0280508f,9
0280509b,9
0280524b,9
02805287,9
02805407,8
0280580f,9
0280812f,9
028081ad,9
0280912d,9
0280a127,9
0280a12d,9
0280a1a9,9
0280c01f,9
0280c11b,9
0280c125,8
0280c12e,9
0280c135,9
0280c136,9
0280c13c,9
0280c14b,9
0280c165,9
0280c16c,9
0280c1a3,9
0280c1a5,9
0280c1a6,9
0280c1ac,9
0280c1c9,9
0280c2c9,9
0280c321,8
0280c331,9
0280c364,9
0280c3a4,9
0280c925,9
0280c92c,9
0280cb24,9
0280d00b,8
0280d017,9
0280d047,9
0280d087,9
0280d124,8
0280d126,9
0280d12c,9
0280d134,9
0280d143,9
0280d164,9
0280d183,9
0280d185,9
0280d1a1,9
0280d1a4,9
0280d209,8
0280d213,9
0280d216,9
0280d243,9
0280d246,9
0280d283,9
0280d285,9
0280d286,9
0280d2c1,9
0280d306,9
0280d30a,9
0280d322,9
0280d324,9
0280d328,9
0280d341,9
0280d381,9
0280d3a0,9
0280d807,9
0280d924,9
0280da03,9
0281500f,9
0281812d,9
0281c125,9
0281c126,9
0281c12c,9
0281c149,9
0281c189,9
0281c324,9
0281c328,9
0281c381,9
0281d007,9
0281d103,9
0281d121,9
0281d124,9
0281d203,9
0281d281,9
0281d301,9
0281d308,9
0281d320,9
0282401f,9
0282408f,9
0282420f,9
0282428b,9
0282480f,9
02824a89,9
02825087,9
02825283,9
0282812d,9
0282c12c,9
0282c1a1,9
0282c209,8
0282c2c1,9
0282c324,9
0282d124,9
0282d206,9
0282d320,9
0284401f,9
0284408f,9
0284410f,9
0284418b,9
0284420f,9
0284428b,9
02844485,8
0284480f,9
02845017,9
0284501b,9
02845027,9
0284502b,9
02845047,9
0284504b,9
02845087,9
0284508b,9
0284508d,9
02845099,9
02845107,9
0284510b,9
02845183,9
02845189,9
02845207,9
02845283,9
02845289,9
02845807,9
0284580b,9
02848127,9
0284832c,9
0284912c,9
0284c01b,9
0284c04b,9
0284c087,9
0284c089,8
0284c08b,9
0284c08d,9
0284c099,9
0284c0a9,9
0284c0c9,9
0284c107,9
0284c109,8
0284c10e,9
0284c113,9
0284c119,9
0284c123,9
0284c124,8
0284c126,9
0284c12a,9
0284c12c,9
0284c134,9
0284c143,9
0284c149,9
0284c161,9
0284c164,9
0284c183,9
0284c185,9
0284c189,9
0284c18a,9
0284c1a1,9
0284c1a4,9
0284c1a8,9
0284c1c1,9
0284c243,9
0284c283,9
0284c285,9
0284c2a1,9
0284c2c1,9
0284c306,9
0284c30a,9
0284c322,9
0284c324,9
0284c328,9
0284c341,9
0284c360,9
0284c381,9
0284c388,9
0284c3a0,9
0284c807,9
0284c883,9
0284c889,9
0284c903,9
0284c921,9
0284c924,9
0284c928,9
0284c981,9
0284c988,9
0284ca81,9
0284cb01,9
0284d003,8
0284d007,9
0284d009,8
0284d00e,9
0284d013,9
0284d016,9
0284d023,9
0284d025,9
0284d026,9
0284d043,9
0284d046,9
0284d083,9
0284d085,9
0284d086,9
0284d08a,9
0284d08c,9
0284d091,9
0284d0a1,9
0284d0a8,9
0284d0c1,9
0284d0c8,9
0284d103,9
0284d105,9
0284d106,9
0284d10a,9
0284d10c,9
0284d111,9
0284d121,9
0284d122,9
0284d124,9
0284d128,9
0284d141,9
0284d148,9
0284d181,9
0284d182,9
0284d184,9
0284d188,9
0284d1a0,9
0284d206,9
0284d20a,9
0284d20c,9
0284d241,9
0284d281,9
0284d282,9
0284d284,9
0284d288,9
0284d302,9
0284d304,9
0284d308,9
0284d320,9
0284d340,9
0284d380,9
0284d803,9
0284d805,9
0284d806,9
0284d80a,9
0284d80c,9
0284d881,9
0284d884,9
0284d888,9
0284d901,9
0284d904,9
0284d908,9
0284da01,9
0284da04,9
0285500b,9
0285c00b,9
0285c089,9
0285c103,9
0285c10a,9
0285c121,9
0285c124,9
0285c128,9
0285c181,9
0285c203,9
0285c281,9
0285c301,9
0285c308,9
0285c320,9
0285d003,9
0285d081,9
0285d088,9
0285d101,9
0285d108,9
0285d201,9
0285d300,9
02865083,9
02865103,9
0286c083,9
0286c085,9
0286c124,9
0286c128,9
0286c141,9
0286c181,9
0286c188,9
0286c241,9
0286c281,9
0286c288,9
0286c320,9
0286c881,9
0286c888,9
0286c908,9
0286d006,9
0286d041,9
0286d082,9
0286d084,9
0286d102,9
0286d104,9
0286d120,9
0286d180,9
0286d202,9
0286d204,9
0286d280,9
0286d300,9
0287c101,9
0288401f,9
0288420f,9
0288428b,9
0288500f,9
0288501b,9
02885087,9
0288508b,9
02885207,9
02885283,9
02885289,9
0288832c,9
0288c04b,9
0288c08b,9
0288c0c9,9
0288c10e,9
0288c125,9
0288c126,9
0288c12a,9
0288c12c,9
0288c149,9
0288c164,9
0288c189,9
0288c1a1,9
0288c1a4,9
0288c283,9
0288c324,9
0288c328,9
0288c381,9
0288c889,9
0288c924,9
0288d007,9
0288d00e,9
0288d019,9
0288d049,9
0288d083,9
0288d085,9
0288d103,9
0288d121,9
0288d124,9
0288d181,9
0288d203,9
0288d205,9
0288d206,9
0288d281,9
0288d301,9
0288d308,9
0288d320,9
0289c089,9
0289c109,9
0289c10a,9
0289c124,9
0289c128,9
0289c281,9
0289c301,9
0289d201,9
028a400f,9
028a408b,9
028a420b,9
028a4289,9
028a5007,9
028ac281,9
028ad081,9
028c400f,9
028c401b,9
028c408b,9
028c420b,9
028c4289,9
028c5007,9
028c500b,9
028c500d,9
028c5083,9
028c5089,9
028c5203,9
028c5206,9
028c5209,9
028c808b,9
028c812c,9
028cc007,9
028cc019,9
028cc049,9
028cc083,9
028cc085,9
028cc089,9
028cc103,9
028cc105,9
028cc121,9
028cc124,9
028cc128,9
028cc181,9
028cc188,9
028cc203,9
028cc205,9
028cc206,9
028cc281,9
028cc301,9
028cc308,9
028cc320,9
028cd003,9
028cd005,9
028cd006,9
028cd00a,9
028cd00c,9
028cd081,9
028cd082,9
028cd084,9
028cd088,9
028cd101,9
028cd102,9
028cd104,9
028cd108,9
028cd120,9
028cd180,9
028cd201,9
028cd202,9
028cd204,9
028cd208,9
028cd280,9
028cd300,9
028dc009,9
028dc201,9
028e5003,9
028ec003,9
028ec081,9
028ec088,9
028ec101,9
028ec108,9
028ed004,9
02908127,9
0290812c,8
0290812e,9
029081ac,9
0290832c,9
02908925,9
0290892c,9
02909125,9
0290912c,9
02909324,9
02909328,9
02918125,9
0291812c,9
02919308,9
0292812c,9
0294812c,9
02989124,9
029c8124,9
02a48109,8
02a4c101,8
02ba0808,8
02c09125,9
02c0912c,9
02c0c126,9
02c0c12a,9
02c0c12c,9
02c0c134,9
02c0c164,9
02c0c1a4,9
02c0c924,9
02c1c10a,9
02c1c124,9
02c1c128,9
02c1c148,9
02c1c908,9
02c28889,9
02c2c124,9
02c45016,9
02c45046,9
02c45086,9
02c45806,9
02c4812c,9
02c4c142,9
02c4c160,9
02c4c182,9
02c4c1a0,9
02c4c1c0,9
02c4c242,9
02c4c282,9
02c4c2c0,9
02c4c844,9
02c4c882,9
02c4c884,9
02c4c8c0,9
02c4c902,9
02c4c920,9
02c4c940,9
02c4c980,9
02c4ca40,9
02c4ca80,9
02c4d012,9
02c4d042,9
02c4d050,9
02c4d082,9
02c4d090,9
02c4d0c0,9
02c4d110,9
02c4d140,9
02c4d810,9
02c4d840,9
02c4d880,9
02c55202,9
02c5c102,9
02c5c120,9
02c5c140,9
02c5c180,9
02c5c240,9
02c5c280,9
02c5c880,9
02c5c900,9
02c5ca00,9
02c5d040,9
02c5d080,9
02c5d800,9
02c88125,9
02c8c016,9
02c8c04a,9
02c8c10a,9
02c8c10c,9
02c8c122,9
02c8c124,9
02c8c128,9
02c8c148,9
02c8c188,9
02c8c80a,9
02c8c888,9
02c8c908,9
02c9c00a,9
02c9c048,9
02c9c102,9
02c9c108,9
02c9c120,9
02c9c808,9
02cac108,9
02cc4083,9
02cc5006,9
02ccc082,9
02ccc180,9
02ccc240,9
02ccc280,9
02ccc804,9
02ccc880,9
02ccc900,9
02ccca00,9
02ccd040,9
02ccd080,9
02ccd800,9
02cdc200,9
02d08125,9
02d0812c,9
02d08324,9
02d08924,9
02d09124,9
02d09803,9
02d09805,9
02d09881,9
02d09901,9
02d19003,9
02d19801,9
02d48124,9
02d48128,9
02d48888,9
02d48908,9
02d68808,9
02d88124,9
02d89802,9
02dc8802,9
02dd8800,9
02e4c040,8
030000bf,9
0300029f,9
0300101f,8
03001a87,9
0300403f,9
0300405f,9
0300409f,9
0300421f,9
0300428f,9
0300481f,9
0300488f,9
03005097,9
030050c7,9
03005817,9
03005887,9
03005a85,9
0300812d,8
03008325,8
030089a5,9
03009125,8
030093a4,9
03009889,8
0300c125,8
0300c887,9
0300c92c,9
0300d007,8
0300d085,8
0300d093,9
0300d095,9
0300d096,9
0300d0c3,9
0300d0c5,9
0300d134,9
0300d164,9
0300d1a4,9
0300d291,9
0300d883,9
0300d885,9
0300d886,9
0300d924,9
0300d981,9
0300da81,9
0301401f,9
0301420f,9
03015087,9
0301d083,9
0301d085,9
0301d124,9
0301d281,9
0302003f,9
0302009f,9
0304003f,9
0304009f,9
0304021f,9
0304028f,9
0304081f,9
0304088f,9
03041097,9
03041887,9
0304409b,9
03044287,9
03044887,9
03045007,8
03045017,9
03045093,9
03045095,9
03045096,9
030450a5,9
030450c5,9
03045283,9
03045286,9
03045807,9
03045883,9
03045885,9
03045886,9
03045a05,9
03045a81,9
03048125,8
030481ac,9
0304892c,9
03049093,9
030491a4,9
03049291,9
030492c1,9
03049886,9
03049891,9
03049924,9
0304c093,9
0304c1a4,9
0304c883,9
0304c885,9
0304c924,9
0304c981,9
0304ca81,9
0304d005,8
0304d016,9
0304d081,8
0304d084,8
0304d086,9
0304d091,9
0304d092,9
0304d094,9
0304d0a4,9
0304d0c1,9
0304d0c4,9
0304d184,9
0304d284,9
0304d806,9
0304d814,9
0304d881,9
0304d884,9
0304da04,9
03050a89,9
03055007,9
0305812c,9
03059881,9
0305d081,9
0305d084,9
03064087,9
0308003f,9
0308009f,9
0308021f,9
0308028f,9
0308081f,9
03081097,9
03081287,9
03081887,9
0308401f,9
0308408f,9
0308409b,9
0308420f,9
03084287,9
0308428b,9
0308428d,9
0308480f,9
03084887,9
0308488b,9
0308488d,9
03084a89,9
03085017,9
03085087,9
03085093,9
03085096,9
03085283,9
03085285,9
03085286,9
03085807,9
03085883,9
03085885,9
03085886,9
03089089,8
030891a4,9
03089283,9
03089324,9
03089381,9
03089885,9
03089a81,9
0308c1a1,9
0308ca81,9
0308d016,9
0308d083,9
0308d085,9
0308d086,9
0308d091,9
0308d124,9
0308d181,9
0308d281,9
0308d284,9
0308d803,9
0308d805,9
0308d806,9
0308d881,9
0308d884,9
030a4087,9
030a4207,9
030c001f,9
030c008f,9
030c009b,9
030c021b,9
030c028b,9
030c028d,9
030c088b,9
030c0a89,9
030c1017,9
030c1283,9
030c1285,9
030c1807,9
030c1883,9
030c1885,9
030c401b,9
030c4087,9
030c408b,9
030c4099,9
030c4207,9
030c4807,9
030c5016,9
030c5083,9
030c5085,9
030c5086,9
030c5094,9
030c5203,9
030c5206,9
030c5281,9
030c5284,9
030c5803,9
030c5805,9
030c5806,9
030c5881,9
030c5884,9
030c8a81,9
030c9083,9
030c9086,9
030c908a,9
030c9091,9
030c9124,9
030c9181,9
030c9281,9
030c9881,9
030c9888,9
030cc083,9
030cc085,9
030cc124,9
030cc181,9
030cc281,9
030cc881,9
030cc888,9
030cd006,9
030cd014,9
030cd081,9
030cd082,9
030cd084,9
030cd090,9
030cd204,9
030cd280,9
030cd801,9
030cd804,9
030cd880,9
030e4007,9
030e4083,9
030e4085,9
030e4281,9
03208125,8
0320812c,8
03224089,8
03244089,8
0324c081,8
03260089,8
032c000b,8
032c8081,8
03320083,8
03384006,8
0340812c,8
03409085,8
03409124,8
03409281,8
03409888,8
03420889,8
03420a09,8
03441805,8
03448124,8
03448888,8
03480887,9
03480a83,9
03490a81,9
034c4884,9
034d8880,9
03508124,8
03600889,8
03608121,8
03608124,8
03608881,8
03640881,8
03644801,8
03720880,8
0380003f,9
0380021f,9
0380401f,9
0380402f,9
0380404f,9
0380405b,9
0380408f,9
0380409b,9
038040a7,9
038040cb,9
03804127,9
03804247,9
0380424b,9
03804287,9
0380428b,9
038042c9,9
0380480f,9
0380484b,9
03804887,9
03805007,8
03805017,9
03805047,9
03805053,9
03805056,9
03805063,9
03805065,9
03805066,9
03805087,9
03805093,9
03805096,9
038050a3,9
038050a5,9
038050a6,9
038050c3,9
038050c5,9
038050c6,9
03805126,9
03805143,9
03805146,9
03805183,9
03805186,9
038051a4,9
03805216,9
03805243,9
03805245,9
03805246,9
03805283,9
03805285,9
03805286,9
038052c1,9
038052c4,9
03805807,9
03805816,9
03805825,9
03805843,9
03805845,9
03805846,9
0380584c,9
03805883,9
03805885,9
03805886,9
038058c4,9
03805a03,9
03805a06,9
03805a44,9
03808125,8
038081ac,9
03809089,8
0380908e,9
03809093,9
038090c3,9
03809126,9
03809164,9
03809183,9
038091a1,9
038091a4,9
03809243,9
03809286,9
038092c1,9
03809324,9
03809381,9
03809883,9
03809885,9
03809924,9
03809981,9
03809a03,9
03809a81,9
0380c063,9
0380c08e,9
0380c093,9
0380c0a3,9
0380c0c3,9
0380c0c5,9
0380c0cc,9
0380c0e1,9
0380c121,8
0380c124,8
0380c126,9
0380c131,9
0380c134,9
0380c164,9
0380c168,9
0380c191,9
0380c1a4,9
0380c1c1,9
0380c1c8,9
0380c1e0,9
0380c246,9
0380c286,9
0380c291,9
0380c2c1,9
0380c2c4,9
0380c2c8,9
0380c301,8
0380c344,9
0380c360,9
0380c3a0,9
0380c3c0,9
0380c843,9
0380c845,9
0380c883,9
0380c885,9
0380c88c,9
0380c8c1,9
0380c8c8,9
0380c924,9
0380c941,9
0380c981,9
0380c988,9
0380ca06,9
0380ca41,9
0380ca44,9
0380ca81,9
0380cb20,9
0380d003,8
0380d005,8
0380d006,8
0380d00c,8
0380d013,9
0380d015,9
0380d016,9
0380d026,9
0380d034,9
0380d041,8
0380d043,9
0380d044,8
0380d045,9
0380d046,9
0380d051,9
0380d052,9
0380d054,9
0380d058,9
0380d061,9
0380d062,9
0380d064,9
0380d081,8
0380d083,9
0380d084,8
0380d085,9
0380d086,9
0380d088,8
0380d091,9
0380d092,9
0380d094,9
0380d098,9
0380d0a1,9
0380d0a2,9
0380d0a4,9
0380d0c1,9
0380d0c2,9
0380d0c4,9
0380d0c8,9
0380d0d0,9
0380d0e0,9
0380d101,8
0380d106,9
0380d111,9
0380d112,9
0380d114,9
0380d122,9
0380d124,9
0380d130,9
0380d141,9
0380d142,9
0380d144,9
0380d160,9
0380d181,9
0380d182,9
0380d184,9
0380d190,9
0380d1a0,9
0380d1c0,9
0380d201,8
0380d204,8
0380d211,9
0380d212,9
0380d214,9
0380d222,9
0380d240,8
0380d241,9
0380d242,9
0380d244,9
0380d250,9
0380d260,9
0380d281,9
0380d282,9
0380d284,9
0380d290,9
0380d2a0,9
0380d2c0,9
0380d302,9
0380d320,9
0380d340,9
0380d380,9
0380d803,9
0380d804,8
0380d805,9
0380d806,9
0380d814,9
0380d821,9
0380d824,9
0380d841,9
0380d842,9
0380d844,9
0380d848,9
0380d881,9
0380d882,9
0380d884,9
0380d8c0,9
0380d901,9
0380d902,9
0380d904,9
0380d920,9
0380d940,9
0380d980,9
0380da01,9
0380da02,9
0380da04,9
0380da40,9
0380da80,9
0380db00,9
0381400f,9
03814249,9
03815007,9
03815083,9
03815206,9
03819124,9
03819281,9
0381c083,9
0381c121,9
0381c124,9
0381c141,9
0381c181,9
0381c241,9
0381c281,9
0381c320,9
0381d003,9
0381d005,9
0381d006,9
0381d021,9
0381d024,9
0381d041,9
0381d042,9
0381d044,9
0381d048,9
0381d081,9
0381d082,9
0381d084,9
0381d088,9
0381d0c0,9
0381d101,9
0381d102,9
0381d104,9
0381d120,9
0381d140,9
0381d180,9
0381d201,9
0381d202,9
0381d204,9
0381d240,9
0381d280,9
0381d300,9
0381d801,9
0381d804,9
0381d808,9
03824047,9
03824087,9
03824207,9
03824243,9
038242c1,9
038250c4,9
03829124,9
0382c242,9
0382c2c0,9
0382ca40,9
0382d050,9
0382d060,9
0382d090,9
0382d0c0,9
0382d140,9
0382d840,9
0382d880,9
0383d040,9
0383d080,9
0384001f,9
0384008f,9
03844017,9
03844027,9
03844047,9
03844059,9
03844087,9
03844099,9
038440a5,9
038440c3,9
038440c9,9
03844107,9
03844125,9
03844183,9
03844207,9
03844246,9
03844283,9
03844807,9
03844825,9
03844883,9
03844885,9
03844886,9
03845003,8
03845006,8
03845013,9
03845015,9
03845016,9
03845026,9
03845043,9
03845045,9
03845046,9
03845054,9
03845064,9
03845083,9
03845085,9
03845086,9
03845091,9
03845092,9
03845094,9
038450a1,9
038450a4,9
038450c1,9
038450c2,9
038450c4,9
038450c8,9
03845106,9
03845124,9
03845141,9
03845142,9
03845144,9
03845181,9
03845182,9
03845184,9
038451c0,9
03845206,9
03845241,9
03845242,9
03845244,9
03845281,9
03845282,9
03845284,9
038452c0,9
03845304,9
03845803,9
03845805,9
03845806,9
03845814,9
03845824,9
03845842,9
03845844,9
03845881,9
03845882,9
03845884,9
03845888,9
038458c0,9
03845904,9
03845a04,9
03848126,9
0384812c,9
038481a4,9
03848883,9
03848924,9
03848981,9
03848a81,9
03849013,9
03849016,9
03849043,9
03849081,8
03849083,9
03849086,9
03849088,8
0384908a,9
03849091,9
03849098,9
038490a1,9
038490a8,9
038490c1,9
038490c8,9
03849124,9
03849141,9
03849181,9
03849184,9
03849188,9
03849241,9
03849281,9
03849282,9
03849284,9
03849806,9
03849841,9
03849881,9
03849882,9
03849884,9
03849888,9
03849901,9
03849908,9
0384c003,8
0384c013,9
0384c015,9
0384c016,9
0384c026,9
0384c043,9
0384c045,9
0384c046,9
0384c04a,9
0384c04c,9
0384c051,9
0384c052,9
0384c054,9
0384c061,9
0384c064,9
0384c068,9
0384c081,8
0384c083,9
0384c085,9
0384c086,9
0384c088,8
0384c08a,9
0384c08c,9
0384c091,9
0384c092,9
0384c094,9
0384c098,9
0384c0a1,9
0384c0a2,9
0384c0a4,9
0384c0a8,9
0384c0c1,9
0384c0c2,9
0384c0c4,9
0384c0c8,9
0384c0d0,9
0384c0e0,9
0384c101,8
0384c106,9
0384c111,9
0384c118,9
0384c122,9
0384c124,9
0384c130,9
0384c141,9
0384c142,9
0384c144,9
0384c148,9
0384c160,9
0384c181,9
0384c182,9
0384c184,9
0384c188,9
0384c190,9
0384c1a0,9
0384c1c0,9
0384c201,8
0384c206,9
0384c211,9
0384c224,9
0384c241,9
0384c242,9
0384c244,9
0384c250,9
0384c260,9
0384c281,9
0384c282,9
0384c284,9
0384c290,9
0384c2a0,9
0384c2c0,9
0384c302,9
0384c304,9
0384c320,9
0384c340,9
0384c380,9
0384c803,9
0384c805,9
0384c806,9
0384c814,9
0384c821,9
0384c824,9
0384c841,9
0384c842,9
0384c844,9
0384c848,9
0384c881,9
0384c882,9
0384c884,9
0384c888,9
0384c8a0,9
0384c8c0,9
0384c902,9
0384c904,9
0384c920,9
0384c940,9
0384c980,9
0384ca01,9
0384ca02,9
0384ca04,9
0384ca40,9
0384ca80,9
0384cb00,9
0384d001,8
0384d002,8
0384d004,8
0384d006,9
0384d008,8
0384d011,9
0384d012,9
0384d014,9
0384d022,9
0384d024,9
0384d030,9
0384d040,8
0384d041,9
0384d042,9
0384d044,9
0384d050,9
0384d060,9
0384d080,8
0384d081,9
0384d082,9
0384d084,9
0384d090,9
0384d0a0,9
0384d0c0,9
0384d100,8
0384d102,9
0384d104,9
0384d110,9
0384d120,9
0384d140,9
0384d180,9
0384d200,8
0384d202,9
0384d204,9
0384d210,9
0384d220,9
0384d240,9
0384d280,9
0384d300,9
0384d800,8
0384d801,9
0384d802,9
0384d804,9
0384d810,9
0384d820,9
0384d840,9
0384d880,9
0384d900,9
0384da00,9
03854049,9
03854089,9
03855003,9
03855006,9
03859003,9
03859081,9
03859088,9
03859101,9
0385c003,9
0385c005,9
0385c006,9
0385c041,9
0385c044,9
0385c081,9
0385c084,9
0385c088,9
0385c0c0,9
0385c101,9
0385c104,9
0385c108,9
0385c120,9
0385c140,9
0385c180,9
0385c201,9
0385c240,9
0385c280,9
0385c300,9
0385c801,9
0385c804,9
0385d001,9
0385d002,9
0385d004,9
0385d010,9
0385d020,9
0385d040,9
0385d080,9
0385d100,9
0385d200,9
0385d800,9
03864043,9
03864083,9
03864085,9
038640c1,9
03864241,9
03864281,9
038650c0,9
03869082,9
03869880,9
0386c042,9
0386c044,9
0386c082,9
0386c084,9
0386c0a0,9
0386c0c0,9
0386c140,9
0386c180,9
0386c240,9
0386c280,9
0386c804,9
0386c840,9
0386c880,9
0386c900,9
0386d000,8
0388001f,9
0388020f,9
03881087,9
0388400f,9
0388401b,9
03884027,9
03884047,9
0388404b,9
03884087,9
0388408b,9
0388408d,9
038840c9,9
03884207,9
0388420b,9
03884249,9
03884283,9
03884289,9
03884807,9
0388480b,9
03885007,9
03885013,9
03885016,9
03885023,9
03885025,9
03885026,9
03885043,9
03885045,9
03885046,9
03885083,9
03885085,9
03885086,9
038850a4,9
038850c1,9
038850c4,9
03885103,9
03885106,9
03885124,9
03885203,9
03885205,9
03885206,9
03885242,9
03885244,9
03885281,9
03885284,9
03885803,9
03885805,9
03885806,9
0388580c,9
03885844,9
03885884,9
0388812c,9
03888283,9
03888324,9
03889083,9
03889085,9
03889086,9
0388908c,9
03889103,9
03889124,9
03889181,9
03889203,9
03889206,9
03889281,9
03889301,9
03889803,9
03889881,9
0388c013,9
0388c043,9
0388c045,9
0388c046,9
0388c04c,9
0388c083,9
0388c085,9
0388c086,9
0388c08a,9
0388c08c,9
0388c0a1,9
0388c0c1,9
0388c0c4,9
0388c0c8,9
0388c124,9
0388c128,9
0388c141,9
0388c181,9
0388c188,9
0388c206,9
0388c241,9
0388c242,9
0388c244,9
0388c248,9
0388c281,9
0388c282,9
0388c284,9
0388c2c0,9
0388c320,9
0388c340,9
0388c803,9
0388c805,9
0388c806,9
0388c80c,9
0388c881,9
0388c888,9
0388c901,9
0388ca01,9
0388d003,9
0388d004,8
0388d005,9
0388d006,9
0388d012,9
0388d014,9
0388d018,9
0388d021,9
0388d022,9
0388d024,9
0388d041,9
0388d042,9
0388d044,9
0388d048,9
0388d060,9
0388d081,9
0388d082,9
0388d084,9
0388d088,9
0388d090,9
0388d0a0,9
0388d0c0,9
0388d101,9
0388d102,9
0388d104,9
0388d120,9
0388d140,9
0388d180,9
0388d201,9
0388d202,9
0388d204,9
0388d210,9
0388d220,9
0388d240,9
0388d280,9
0388d300,9
0388d801,9
0388d802,9
0388d804,9
0388d808,9
0388d840,9
0388d880,9
0388da00,9
0389c101,9
0389c201,9
0389d001,9
0389d002,9
0389d004,9
0389d008,9
0389d080,9
0389d200,9
038a4007,9
038a4083,9
038a5044,9
038a5084,9
038a8281,9
038ac044,9
038ac240,9
038ac280,9
038ad040,9
038ad080,9
038c000f,9
038c001b,9
038c008b,9
038c020b,9
038c0289,9
038c080b,9
038c1083,9
038c4007,9
038c4019,9
038c4043,9
038c4046,9
038c4049,9
038c4083,9
038c4085,9
038c4086,9
038c4089,9
038c4103,9
038c4203,9
038c4206,9
038c4281,9
038c4803,9
038c4806,9
038c5003,9
038c5005,9
038c5006,9
038c5012,9
038c5014,9
038c5024,9
038c5042,9
038c5044,9
038c5081,9
038c5082,9
038c5084,9
038c5088,9
038c50c0,9
038c5102,9
038c5104,9
038c5201,9
038c5202,9
038c5204,9
038c5240,9
038c5280,9
038c5802,9
038c5804,9
038c8083,9
038c8124,9
038c8181,9
038c8281,9
038c8881,9
038c9003,9
038c9006,9
038c900a,9
038c9081,9
038c9082,9
038c9084,9
038c9088,9
038c9101,9
038c9201,9
038c9204,9
038c9280,9
038c9801,9
038c9804,9
038c9808,9
038c9880,9
038cc003,9
038cc005,9
038cc006,9
038cc00a,9
038cc011,9
038cc012,9
038cc014,9
038cc021,9
038cc024,9
038cc041,9
038cc042,9
038cc044,9
038cc048,9
038cc081,9
038cc082,9
038cc084,9
038cc088,9
038cc090,9
038cc0a0,9
038cc0c0,9
038cc101,9
038cc102,9
038cc104,9
038cc108,9
038cc120,9
038cc140,9
038cc180,9
038cc201,9
038cc202,9
038cc204,9
038cc240,9
038cc280,9
038cc300,9
038cc801,9
038cc802,9
038cc804,9
038cc808,9
038cc840,9
038cc880,9
038cc900,9
038cca00,9
038cd000,8
038cd001,9
038cd002,9
038cd004,9
038cd010,9
038cd020,9
038cd040,9
038cd080,9
038cd100,9
038cd200,9
038cd800,9
038dc001,9
038dc200,9
038dd000,9
038e4003,9
038e4081,9
038e9080,9
038ec002,9
038ec004,9
038ec040,9
038ec080,9
038ec100,9
03c04056,9
03c040c6,9
03c04846,9
03c04886,9
03c048c4,9
03c04ac0,9
03c09890,9
03c098c0,9
03c0c0c0,8
03c0c880,8
03c142c0,9
03c14844,9
03c14a40,9
03c19880,9
03c44003,8
03c44044,8
03c44052,9
03c44054,9
03c44092,9
03c44094,9
03c440c2,9
03c440c4,9
03c440d0,9
03c440e0,9
03c44850,9
03c44882,9
03c44890,9
03c448a0,9
03c448c0,9
03c48880,8
03c48890,9
03c488c0,9
03c4c010,8
03c4c040,8
03c4c080,8
03c54042,9
03c54050,9
03c54060,9
03c54084,9
03c540c0,9
03c54180,9
03c54840,9
03c54880,9
03c58840,9
03c58880,9
03c5c000,8
03c84016,9
03c84046,9
03c84086,9
03c840c4,9
03c842c0,9
03c84806,9
03c84844,9
03c84884,9
03c84a40,9
03c89880,9
03c94240,9
03c94280,9
03c99080,9
03c99800,9
03cc4012,9
03cc4014,9
03cc4042,9
03cc4050,9
03cc4060,9
03cc4082,9
03cc4084,9
03cc4090,9
03cc40c0,9
03cc4180,9
03cc4840,9
03cc4880,9
03cc80c0,9
03cc8840,9
03cc8880,9
03ccc000,8
03cd4002,9
03cd4004,9
03cd4040,9
03cd4080,9
03cd4800,9
03cd8800,9
03e04044,8
0400501f,8
0400660d,8
0400832d,8
0400c4c9,8
0401d281,8
04035281,8
0406d081,8
04075201,8
042212c1,8
0422502c,8
042490c8,8
04414207,8
04415481,8
04445085,8
04449881,8
04454481,8
04458881,8
0446c081,8
04474081,8
05009125,8
05408125,8
0540c124,8
06008325,8
06244083,8
06a14202,8
07044007,8
07208124,8
0802007f,9
080200bf,9
0802029f,9
0802083f,9
0802089f,9
08020a8f,9
08020a9b,9
08020aad,9
08020ad9,9
08020e89,8
0802103f,9
0802121f,9
0802128d,8
0802181f,9
0802189b,9
08021a89,8
0802209f,9
08022c8b,9
08022c8d,9
08022c99,9
08022cc9,9
0802403f,9
0802409f,9
0802421f,9
0802428b,8
0802428d,8
0802428f,9
08024297,9
08024299,8
0802429b,9
0802429d,9
080242ab,9
080242ad,9
080242b9,9
080242c9,8
080242cb,9
080242cd,9
080242d9,9
080242e9,9
0802438b,9
0802438d,9
08024399,9
080243a9,9
080243c9,9
0802481f,9
0802488b,8
0802488d,8
0802488f,9
0802489b,9
0802489d,9
080248ab,9
080248ad,9
080248cb,9
080248cd,9
080248d9,9
0802498b,9
0802498d,9
08024a0f,9
08024a1b,9
08024a4d,9
08024a89,8
08024a8b,9
08024a8d,9
08024a99,9
08024aa9,9
08024ac9,9
08024b89,9
08024c89,8
08024c8b,9
08024c8d,9
08024c99,9
08024ca9,9
08024d89,9
08024e0d,9
0802501f,9
0802502f,9
0802508b,8
0802508d,8
08025097,9
08025099,8
0802509b,9
080250c9,8
0802520d,8
0802521b,9
08025287,9
08025289,8
08025293,9
0802580d,8
0802581b,9
08025887,9
08025889,8
08025a09,8
08025a83,9
08025a85,9
08025a8c,9
0802608f,9
080260ad,9
080260cd,9
08026889,8
0802688b,9
0802688c,8
0802688d,9
0802688e,9
08026899,9
0802689c,9
080268a9,9
080268ac,9
080268c9,9
080268cc,9
08026989,9
0802698c,9
0802809f,9
080281ad,9
0802821f,9
0802828f,9
0802829b,9
0802832d,9
080283a9,9
0802888f,9
0802889b,9
0802892d,9
080289a9,9
08028a89,8
08028a8b,9
08028a8d,9
08028a99,9
08028aa9,9
08028ac9,9
08028b89,9
08028cc9,9
0802a4c9,9
0802a889,8
0802a88b,9
0802a88d,9
0802a899,9
0802a8a9,9
0802a8c9,9
0802a989,9
0802ac89,9
0802acc8,9
0802b285,9
0802b291,9
0802ba81,9
0802c01f,9
0802c08f,9
0802c09b,9
0802c09d,9
0802c0ad,9
0802c0cb,9
0802c0d9,9
0802c12d,9
0802c18b,9
0802c18d,9
0802c1a9,9
0802c20f,9
0802c21b,9
0802c289,8
0802c28b,9
0802c28d,9
0802c299,9
0802c2a9,9
0802c2c9,9
0802c329,9
0802c389,9
0802c80f,9
0802c889,8
0802c88b,9
0802c88d,9
0802c899,9
0802c8a9,9
0802c8c9,9
0802c989,9
0802ca09,8
0802ca0d,9
0802ca85,9
0802ca89,9
0802ca8c,9
0802d087,9
0802d283,9
0802d285,9
0802d291,9
0802d2c1,9
0802d381,9
0802d885,9
0802d88c,9
0802da81,9
0802da88,9
0802e089,8
0802e08b,9
0802e08d,9
0802e0a9,9
0802e0c9,9
0802e189,9
0802e888,8
0802e889,9
0802e88a,9
0802e88c,9
0802e898,9
0802e8a8,9
0802e8c8,9
0802e988,9
0803009f,9
0803088f,9
0803089b,9
08030a89,8
08030a8b,9
08030a8d,9
08030a99,9
08030aa9,9
08030ac9,9
08030b89,9
08031289,8
0803188b,9
0803188d,9
08031899,9
0803288b,9
0803288d,9
08032899,9
080328c9,9
08032c89,9
08033a81,9
0803420f,9
08034289,8
0803428b,9
0803428d,9
08034299,9
080342a9,9
080342c9,9
08034389,9
0803460d,9
08034649,9
08034889,8
0803488b,9
0803488d,9
08034899,9
080348a9,9
080348c9,9
08034989,9
08034a0d,9
08034a85,9
08034a89,9
08034a8c,9
08034e09,9
0803500f,9
08035089,8
0803508b,9
08035099,9
080350a9,9
08035189,9
08035209,8
0803520b,9
08035219,9
0803580b,9
0803580d,9
08035a81,9
08035a88,9
0803608b,9
0803608d,9
08036099,9
080360c9,9
08036889,9
0803688a,9
0803688c,9
08036898,9
080368c8,9
0803828b,9
0803828d,9
08038299,9
08038389,9
08038889,8
0803888b,9
0803888d,9
08038899,9
080388a9,9
080388c9,9
08038989,9
08038a89,9
08038c89,9
08039a88,9
0803a489,9
0803a889,9
0803aa81,9
0803ac88,9
0803b281,9
0803c08b,9
0803c08d,9
0803c189,9
0803c20b,9
0803c20d,9
0803c289,9
0803c309,9
0803c889,9
0803c88c,9
0803ca09,9
0803d281,9
0803e089,9
0803e888,9
0804501f,9
0804588d,9
08045a89,9
0804d289,9
0804d889,9
0806003f,9
0806009f,9
0806021f,9
0806028d,8
0806028f,9
0806029b,9
0806029d,9
080602ad,9
080602cd,9
080602d9,9
0806038d,9
080603a9,9
0806081f,9
0806088d,8
0806088f,9
0806089b,9
0806089d,9
080608ad,9
080608cb,9
080608cd,9
080608d9,9
0806098d,9
08060a89,8
08060a8b,9
08060a8d,9
08060a99,9
08060aa9,9
08060ac9,9
08060b89,9
08061889,8
08061a09,8
08061a8c,9
08062097,9
08062287,9
08062887,9
08062889,8
0806288b,9
0806288d,9
08062899,9
080628a9,9
080628c9,9
08062989,9
08062a83,9
0806401f,9
0806408b,8
0806408d,8
0806408f,9
08064099,8
0806409b,9
0806409d,9
080640a9,8
080640ab,9
080640ad,9
080640b9,9
080640c9,8
080640cb,9
080640cd,9
080640d9,9
080640e9,9
08064189,8
0806418b,9
0806418d,9
08064199,9
080641a9,9
080641c9,9
0806420f,9
0806421b,9
0806421d,9
0806422d,9
0806424b,9
0806424d,9
08064259,9
08064287,9
08064289,8
0806428b,9
0806428d,9
08064296,9
08064299,9
080642a9,9
080642c9,9
08064389,9
0806480d,8
0806480f,9
0806481b,9
0806481d,9
0806481e,9
0806482d,9
0806484b,9
0806484d,9
08064859,9
08064889,8
0806488b,9
0806488d,9
0806488e,9
08064899,9
080648a9,9
080648c9,9
0806490d,9
08064989,9
08064a09,8
08064a0b,9
08064a0d,9
08064a19,9
08064a29,9
08064a49,9
08064a85,9
08064a89,9
08064a8c,9
08064b09,9
08064c88,8
0806500b,8
0806500d,8
0806501b,9
08065087,9
08065089,8
08065093,9
08065209,8
08065281,8
08065283,9
08065285,9
0806528c,9
08065291,9
080652a1,9
080652c1,9
08065381,9
08065809,8
08065883,9
08065885,9
0806588a,9
0806588c,9
08065898,9
080658c8,9
08065a0c,9
08065a81,9
08065a88,9
0806801f,9
0806808f,9
0806809b,9
0806809d,9
080680d9,9
0806812d,9
080681a9,9
0806820f,9
08068289,8
0806828b,9
0806828d,9
08068299,9
080682a9,9
08068329,9
08068389,9
08068889,8
0806888d,9
08068a09,8
08069285,9
0806988c,9
08069a81,9
08069a88,9
0806a087,9
0806a08b,9
0806a08d,9
0806a099,9
0806a0c9,9
0806a189,9
0806a281,8
0806a283,9
0806a285,9
0806a291,9
0806a2a1,9
0806a2c1,9
0806a381,9
0806a885,9
0806a889,9
0806a88a,9
0806a88c,9
0806a898,9
0806a8c8,9
0806a988,9
0806aa09,9
0806aa81,9
0806c00d,8
0806c00f,9
0806c01b,9
0806c01d,9
0806c02d,9
0806c04b,9
0806c04d,9
0806c059,9
0806c087,9
0806c089,8
0806c08b,9
0806c08d,9
0806c099,9
0806c0a9,9
0806c10b,9
0806c10d,9
0806c129,9
0806c189,9
0806c209,8
0806c20b,9
0806c20d,9
0806c219,9
0806c229,9
0806c283,9
0806c285,9
0806c289,9
0806c291,9
0806c2c1,9
0806c309,9
0806c381,9
0806c809,8
0806c885,9
0806c889,9
0806c88a,9
0806c88c,9
0806ca09,9
0806ca81,9
0806ca88,9
0806d083,9
0806d085,9
0806d08c,9
0806d091,9
0806d0c1,9
0806d181,9
0806d205,9
0806d281,9
0806d288,9
0806d80c,9
0806d881,9
0806d888,9
0806da08,9
08070289,8
0807028b,9
0807028d,9
08070299,9
080702a9,9
080702c9,9
08070389,9
08070889,8
0807088b,9
0807088d,9
08070899,9
080708a9,9
080708c9,9
08070989,9
08070a89,9
08071089,8
08071a88,9
0807208d,9
08072883,9
08072885,9
08072889,9
0807288c,9
08072a81,9
0807400f,9
08074089,8
0807408b,9
0807408d,9
08074099,9
080740a9,9
080740c9,9
08074189,9
0807420b,9
0807420d,9
08074219,9
08074249,9
08074289,9
0807480b,9
0807480d,9
08074819,9
08074849,9
08074889,9
0807488c,9
08074a09,9
08074a81,9
08074a88,9
08075009,8
08075281,9
08075288,9
08075881,9
08075888,9
08078099,9
0807820d,9
08078289,9
08078889,9
08078a81,9
08078a88,9
08079281,9
08079888,9
0807a089,9
0807a281,9
0807a881,9
0807a888,9
0807c00b,9
0807c00d,9
0807c019,9
0807c089,9
0807c109,9
0807c209,9
0807c281,9
0807c680,9
0807c888,9
0807d081,9
0807d088,9
080a003f,9
080a009f,9
080a021f,9
080a028d,8
080a028f,9
080a029b,9
080a029d,9
080a02ad,9
080a02cd,9
080a02d9,9
080a038d,9
080a03a9,9
080a081f,9
080a088f,9
080a089b,9
080a0a0f,9
080a0a89,8
080a0a8b,9
080a0a8d,9
080a0a99,9
080a0aa9,9
080a0ac9,9
080a0b89,9
080a101f,9
080a109b,9
080a121b,9
080a1289,8
080a1889,8
080a1a19,9
080a1a88,8
080a1a8a,9
080a1a8c,9
080a1a98,9
080a1aa8,9
080a1ac8,9
080a1b88,9
080a2a85,9
080a2a91,9
080a2ac1,9
080a3281,8
080a3285,9
080a3291,9
080a32a1,9
080a32c1,9
080a3381,9
080a3a81,9
080a3a84,9
080a3a90,9
080a401f,9
080a408b,8
080a408d,8
080a408f,9
080a409b,9
080a409d,9
080a409e,9
080a40ab,9
080a40ad,9
080a40cb,9
080a40cd,9
080a40d9,9
080a418b,9
080a418d,9
080a420f,9
080a421b,9
080a421d,9
080a422d,9
080a424d,9
080a4287,9
080a4289,8
080a428b,9
080a428d,9
080a4299,9
080a42a9,9
080a42c9,9
080a4389,9
080a480f,9
080a481b,9
080a481e,9
080a482d,9
080a484d,9
080a4889,8
080a488b,9
080a488d,9
080a488e,9
080a4899,9
080a489a,9
080a48a9,9
080a48c9,9
080a4989,9
080a4a09,8
080a4a0b,9
080a4a0d,9
080a4a19,9
080a4a29,9
080a4a49,9
080a4a85,9
080a4a89,9
080a4a8c,9
080a4b09,9
080a500d,8
080a500f,9
080a501b,9
080a501d,9
080a5087,9
080a5089,8
080a5209,8
080a5283,9
080a5285,9
080a528c,9
080a5291,9
080a52c1,9
080a5809,8
080a580b,9
080a5819,9
080a5885,9
080a588c,9
080a5a81,9
080a5a88,9
080a801f,9
080a820f,9
080a8289,8
080a828b,9
080a828d,9
080a8299,9
080a82a9,9
080a82c9,9
080a8329,9
080a8389,9
080a8889,8
080a888b,9
080a888d,9
080a8899,9
080a88a9,9
080a88c9,9
080a8989,9
080a8a0b,9
080a8a0d,9
080a9a81,9
080a9a88,9
080aa281,8
080aa285,9
080aa291,9
080aa2a1,9
080aa2c1,9
080aa381,9
080aaa81,9
080ab281,9
080ab284,9
080ab881,9
080aba80,9
080ac00f,9
080ac089,8
080ac08b,9
080ac08d,9
080ac099,9
080ac0a9,9
080ac0c9,9
080ac189,9
080ac209,8
080ac20b,9
080ac20d,9
080ac219,9
080ac229,9
080ac249,9
080ac283,9
080ac285,9
080ac289,9
080ac309,9
080ac80b,9
080ac80d,9
080ac889,9
080ac88c,9
080aca09,9
080aca81,9
080ad085,9
080ad281,9
080b028b,9
080b028d,9
080b0299,9
080b02c9,9
080b088d,9
080b0a89,9
080b0a8a,9
080b0a8c,9
080b128c,9
080b1a81,9
080b1a88,9
080b2a81,9
080b3281,9
080b3a80,9
080b408b,9
080b408d,9
080b40c9,9
080b420b,9
080b420d,9
080b4289,9
080b480d,9
080b4889,9
080b488a,9
080b488c,9
080b4a09,9
080b500b,9
080b5281,9
080b8289,9
080b8889,9
080b8a09,9
080b8a88,9
080b9288,9
080b9888,9
080ba281,9
080bc089,9
080bc209,9
080bc809,9
080bc888,9
080c4a89,9
080c508d,9
080c5289,9
080c5889,9
080c8a89,9
080c9289,9
080cc289,9
080cd089,9
080e001f,9
080e008d,8
080e008f,9
080e009b,9
080e009d,9
080e00ad,9
080e00cd,9
080e00d9,9
080e018d,9
080e020f,9
080e021b,9
080e0289,8
080e028b,9
080e028d,9
080e0299,9
080e02a9,9
080e02c9,9
080e0389,9
080e080f,9
080e081b,9
080e0889,8
080e088b,9
080e088d,9
080e0899,9
080e08a9,9
080e08c9,9
080e0989,9
080e0a09,8
080e0a0b,9
080e0a0d,9
080e0a19,9
080e0a29,9
080e0a49,9
080e0a89,9
080e0a8a,9
080e0a8c,9
080e0a98,9
080e0ac8,9
080e0b09,9
080e101b,9
080e1089,8
080e1209,8
080e1285,9
080e128a,9
080e128c,9
080e1298,9
080e12c8,9
080e1809,8
080e188a,9
080e188c,9
080e1898,9
080e18c8,9
080e1a0c,9
080e1a81,9
080e1a88,9
080e400d,8
080e400f,9
080e401b,9
080e401d,9
080e402d,9
080e404b,9
080e404d,9
080e4059,9
080e4087,9
080e4089,8
080e408b,9
080e408d,9
080e4099,9
080e40a9,9
080e40c9,9
080e410d,9
080e4189,9
080e4209,8
080e420b,9
080e420d,9
080e4219,9
080e4229,9
080e4249,9
080e4283,9
080e4285,9
080e4289,9
080e428c,9
080e4291,9
080e42c1,9
080e4309,9
080e4809,8
080e480b,9
080e480d,9
080e4819,9
080e4829,9
080e4849,9
080e4885,9
080e4889,9
080e488c,9
080e4909,9
080e4a09,9
080e4a81,9
080e4a88,9
080e5007,9
080e5009,8
080e5083,9
080e5085,9
080e508c,9
080e5091,9
080e5205,9
080e520c,9
080e5281,9
080e5288,9
080e580c,9
080e5881,9
080e5888,9
080e800f,9
080e801b,9
080e8089,8
080e808b,9
080e808d,9
080e8099,9
080e80a9,9
080e8189,9
080e8209,8
080e820b,9
080e820d,9
080e8219,9
080e8229,9
080e8249,9
080e8285,9
080e8289,9
080e8309,9
080e880b,9
080e8819,9
080e8889,9
080e888c,9
080e8a09,9
080e8a81,9
080e8a88,9
080e908c,9
080e9281,9
080e9288,9
080e9888,9
080e9a08,9
080ec009,8
080ec00b,9
080ec00d,9
080ec019,9
080ec029,9
080ec049,9
080ec083,9
080ec085,9
080ec089,9
080ec08c,9
080ec109,9
080ec209,9
080ec281,9
080ec288,9
080ec809,9
080ec881,9
080ec888,9
080ed005,9
080ed00c,9
080ed081,9
080ed088,9
080ed201,9
080f008b,9
080f008d,9
080f0099,9
080f020d,9
080f0289,9
080f0889,9
080f088c,9
080f0a09,9
080f0a88,9
080f108c,9
080f120c,9
080f1288,9
080f1888,9
080f1a08,9
080f400b,9
080f400d,9
080f4089,9
080f4209,9
080f4281,9
080f4809,9
080f8089,9
080f8209,9
080f8888,9
080f9088,9
080f9208,9
080fc009,9
08124681,8
08125281,8
08128325,9
081291a4,9
08129216,9
08129281,8
08129324,9
0812c1a4,9
0812c281,8
0812c324,9
0812c6c0,9
081346c0,9
08134e80,9
08138898,9
0813c640,9
0813c680,9
0813ca80,9
0816009e,9
0816081e,9
0816088c,8
0816088e,9
0816089a,9
0816089c,9
081608ac,9
081608cc,9
081608d8,9
0816092c,9
0816098c,9
08160a88,8
08161096,9
08161216,9
08161416,9
08164096,9
08164216,9
08164286,9
08164292,9
08164682,9
08164684,9
08165084,8
08168125,9
0816812c,9
08168888,8
0816888a,9
0816888c,9
08168898,9
081688a8,9
081688c8,9
08168988,9
08169016,9
08169086,9
08169094,9
08169124,9
08169206,9
08169884,9
0816c016,9
0816c086,9
0816c092,9
0816c124,9
0816c282,9
0816c284,9
0816c290,9
0816c2a0,9
0816c2c0,9
0816c482,9
0816c484,9
0816c490,9
0816c4c0,9
0816c680,9
0816ca80,9
0816cc80,9
08170888,8
0817088a,9
0817088c,9
08170898,9
081708a8,9
081708c8,9
08170988,9
08170e80,9
08174680,9
08174a80,9
08178481,9
08178601,9
08178680,9
08178881,9
08178888,9
08178a80,9
08179084,9
08179204,9
08179404,9
08179880,9
0817c280,9
0817c480,9
0817c600,9
0817c880,9
081a0681,8
081a1096,9
081a1281,8
081a1892,9
081a8281,8
081b1884,9
081e0096,9
081e4884,9
081e4890,9
081e4a04,9
081e4a80,9
081e8016,9
081e8086,9
081e8092,9
081e8094,9
081e8124,9
081e8206,9
081e8280,8
081e8282,9
081e8284,9
081e8290,9
081e82a0,9
081e82c0,9
081e8380,9
081e8882,9
081e8884,9
081e8a80,9
081ec004,8
081ec006,9
081ec012,9
081ec014,9
081ec024,9
081ec042,9
081ec044,9
081ec080,8
081ec082,9
081ec084,9
081ec090,9
081ec0a0,9
081ec0c0,9
081ec104,9
081ec180,9
081ec202,9
081ec204,9
081ec210,9
081ec220,9
081ec240,9
081ec280,9
081ec802,9
081ec804,9
081ec880,9
081eca00,9
081f0284,9
081f0a80,9
081f4006,9
081f4012,9
081f4082,9
081f4084,9
081f4090,9
081f40a0,9
081f40c0,9
081f4202,9
081f4204,9
081f4280,9
081f4880,9
081f8082,9
081f8084,9
081f8280,9
081f8880,9
081fc002,9
081fc004,9
081fc010,9
081fc080,9
081fc200,9
0822003f,9
0822009f,9
0822028f,9
0822029b,9
082202ad,9
082202cb,9
0822038b,9
082203a9,9
0822048f,9
082204ad,9
0822058b,9
08220a89,8
08220a8b,9
08220a8d,9
08220a99,9
08220aa9,9
08220ac9,9
08220b89,9
08220c89,8
08220c8b,9
08220ca9,9
08220e0b,9
0822208f,9
0822209b,9
082220ad,9
082220cb,9
0822218b,9
08222889,8
0822288b,9
0822288d,9
0822288e,9
08222899,9
0822289a,9
082228a9,9
082228ac,9
082228c9,9
082228ca,9
08222989,9
0822401f,9
0822408f,9
08224097,9
0822409b,9
0822409e,9
082240ad,9
0822418b,9
08224287,9
08224289,8
0822428b,9
0822428d,9
0822428e,9
08224293,9
08224296,9
08224299,9
0822429a,9
082242a9,9
082242ac,9
08224389,9
0822440f,9
0822442d,9
08224489,8
0822448b,9
082244a9,9
082244c8,8
08224609,8
0822460b,9
0822460d,9
08224619,9
08224629,9
08224649,9
08224709,9
08224889,8
0822488b,9
0822488d,9
0822488e,9
08224899,9
0822489a,9
082248a9,9
082248ac,9
082248c9,9
08224989,9
08224a0d,9
08224a83,9
08224a85,9
08224a89,9
08224a8a,9
08224a8c,9
08224a91,9
08224a98,9
08224b81,9
08224b88,9
08224c0b,9
08224c0d,9
08224c19,9
08224c49,9
08224d09,9
08224e09,9
08224e0c,9
082250c8,8
08226096,9
08226c09,9
08226c48,9
08228289,8
0822828b,9
0822828d,9
08228299,9
082282a9,9
08228389,9
0822888b,9
08228989,9
08228a89,9
08228a8a,9
08228c49,9
08228e09,9
08228e48,9
0822a08b,9
0822a08d,9
0822a0c9,9
0822a189,9
0822a889,9
0822a88a,9
0822a88c,9
0822a8c8,9
0822a988,9
0822c08b,9
0822c08d,9
0822c099,9
0822c0c9,9
0822c189,9
0822c448,8
0822c449,9
0822c889,9
0822c88a,9
0822c88c,9
0822c898,9
0822ca09,9
0822cc09,9
0822cc48,9
08230289,8
0823028b,9
0823028d,9
08230299,9
082302a9,9
0823048b,9
08230589,9
0823060b,9
0823060d,9
08230709,9
0823088b,9
08230989,9
08230a89,9
08230a8a,9
08230e09,9
0823208b,9
08232889,9
0823288a,9
082328c8,9
0823408b,9
0823408d,9
08234099,9
08234189,9
0823420b,9
0823420d,9
0823440b,9
0823440d,9
08234419,9
08234449,9
08234509,9
08234609,9
0823460a,9
0823460c,9
08234889,9
0823488a,9
0823488c,9
08234898,9
08234a09,9
08234c09,9
08234c0c,9
08234c48,9
08234e08,9
08238889,9
0823a089,9
0823a888,9
0823c089,9
0823c888,9
0826088b,9
0826088d,9
082608c9,9
08260989,9
08260e09,9
082610c8,8
08262089,8
0826208b,9
0826208d,9
0826208e,9
08262099,9
0826209a,9
082620a9,9
082620c9,9
08262189,9
0826288a,9
0826288c,9
08262898,9
082628c8,9
08262988,9
08262a09,9
08264087,9
08264283,9
08264449,9
08264c09,9
08268449,9
08268889,9
08268c09,9
0826a08c,9
0826a881,9
08270889,9
08272089,9
08272888,9
08278089,9
082a042d,9
082a04c8,8
082a0c0d,9
082a0c49,9
082a4283,9
082a4285,9
082a42c1,9
082a4381,9
082a4a81,9
082a840d,9
082a844c,9
082a8509,9
082a8a81,9
082a8c48,9
082b040d,9
082b0449,9
082b0c09,9
082b4281,9
082b8448,9
082b8c08,9
082e0283,9
082e0285,9
082e040d,9
082e0449,9
082e080d,9
082e0a81,9
082e0c09,9
082e0c0c,9
082e4083,9
082e4085,9
082e4091,9
082e4881,9
082e8809,9
082f0409,9
082f0809,9
082f0c08,9
08320a88,8
08328125,9
083281a4,9
08328324,9
08328481,8
08328524,9
0832c440,8
08338441,9
08338640,9
08368124,9
08368403,9
08368441,9
08368482,9
08368484,9
08368490,9
083684c0,9
08368580,9
08368640,9
08368c80,9
08370640,9
08378401,9
08378440,9
08378480,9
08378600,9
083a0601,8
083a8440,8
0841a889,9
08420a89,8
08420a8b,9
08420a8d,9
08420a99,9
08420aa9,9
08420ac9,9
08420b89,9
08420c8d,9
08420c99,9
0842208f,9
0842209b,9
0842209d,9
0842209e,9
084220ad,9
084220cd,9
084220d9,9
08422887,9
08422889,8
0842288a,8
0842288b,9
0842288c,8
0842288d,9
0842288e,9
08422893,9
08422895,9
08422896,9
08422898,8
08422899,9
0842289a,9
0842289c,9
084228a5,9
084228a8,8
084228a9,9
084228aa,9
084228ac,9
084228b8,9
084228c5,9
084228c8,8
084228c9,9
084228ca,9
084228cc,9
084228d8,9
084228e8,9
08422988,8
08422989,9
0842298a,9
0842298c,9
08422998,9
084229a8,9
084229c8,9
08424289,8
0842428b,9
0842428d,9
08424299,9
084242a9,9
08424389,9
0842448d,9
08424889,8
0842488b,9
0842488d,9
08424899,9
084248a9,9
084248c9,9
08424989,9
08424a0d,9
08424a83,9
08424a85,9
08424a89,9
08424a8c,9
08424a91,9
08424a98,9
08424ac1,9
08424c0d,9
08424c49,9
08424c88,8
08424c89,9
08424e09,9
0842680d,9
08426881,8
0842888b,9
0842888d,9
08428899,9
084288c9,9
08428989,9
08428a89,9
08429a88,9
0842a089,8
0842a08b,9
0842a08d,9
0842a099,9
0842a0a9,9
0842a0c9,9
0842a189,9
0842a881,8
0842a883,9
0842a885,9
0842a888,8
0842a889,9
0842a88a,9
0842a88c,9
0842a891,9
0842a892,9
0842a898,9
0842a8a1,9
0842a8a8,9
0842a8c1,9
0842a8c8,9
0842a981,9
0842a988,9
0842ac09,9
0842c80d,9
0842c889,9
0842c88a,9
0842c88c,9
0842c898,9
0842c8c8,9
0842ca09,9
0842ca81,9
0842e809,9
0842e80c,9
0843028b,9
0843028d,9
08430299,9
08430889,8
0843088b,9
0843088d,9
08430899,9
084308a9,9
084308c9,9
08430989,9
08430a89,9
08430a8c,9
08430a98,9
08430ac8,9
08430e09,9
08431898,9
08431a81,9
08431a88,9
08432089,8
0843208b,9
0843208d,9
08432096,9
08432099,9
0843209a,9
084320a9,9
084320c9,9
08432189,9
08432881,8
08432883,9
08432885,9
08432886,9
08432888,8
08432889,9
0843288a,9
0843288c,9
08432891,9
08432892,9
08432894,9
08432898,9
084328a1,9
084328a4,9
084328a8,9
084328c1,9
084328c4,9
084328c8,9
084328d0,9
08432981,9
08432988,9
08432c09,9
0843408d,9
08434099,9
0843420b,9
0843420d,9
08434219,9
08434249,9
08434285,9
08434609,9
0843460c,9
0843480d,9
08434885,9
08434889,9
0843488a,9
0843488c,9
08434898,9
084348c8,9
08434a09,9
08434a0c,9
08434a81,9
08434c09,9
08434e08,9
08435881,9
08436809,9
0843680c,9
08438289,9
08438889,9
08438a09,9
08438a81,9
08438a88,9
08439288,9
08439888,9
08439a08,9
0843a089,9
0843a08c,9
0843a098,9
0843a809,9
0843a880,8
0843a881,9
0843a882,9
0843a884,9
0843a888,9
0843a890,9
0843a8a0,9
0843a8c0,9
0843a980,9
0843c089,9
0843c281,9
0843c809,9
0843c881,9
0843c888,9
0843e808,9
08445885,9
0844c885,9
0844ca81,9
08452885,9
0846088d,9
08460a85,9
08460a8c,9
0846188a,9
0846188c,9
08461898,9
084618c8,9
08461a0c,9
08461a88,9
08462096,9
084620ac,9
0846280d,9
08462881,8
08462883,9
08462884,8
08462885,9
08462886,9
08462891,9
08462892,9
08462894,9
084628a1,9
084628a4,9
084628c1,9
084628c4,9
084628d0,9
08462981,9
08462984,9
08462c09,9
08464087,9
08464281,8
08464283,9
08464285,9
08464291,9
084642a1,9
08464381,9
08464883,9
08464885,9
08464888,8
08464891,9
08464a81,9
08465081,8
08465884,9
08465a80,9
08468888,8
08468889,9
0846888a,9
0846888c,9
08468898,9
084688c8,9
08468988,9
08468a88,9
08469288,9
0846980c,9
08469888,9
08469a08,9
0846a085,9
0846a091,9
0846a809,9
0846a880,8
0846a882,9
0846a884,9
0846a890,9
0846a8a0,9
0846a8c0,9
0846a980,9
0846c809,9
0846ca80,9
0847028c,9
08470889,9
0847088c,9
08470898,9
084708c8,9
08470a0c,9
08470a81,9
08470a88,9
0847120c,9
08471218,9
08471248,9
08471288,9
0847180c,9
08471818,9
08471888,9
08471a08,9
08471a80,9
08472085,9
08472088,8
0847208c,9
08472091,9
08472092,9
084720a8,9
08472188,9
08472809,9
08472880,8
08472881,9
08472882,9
08472884,9
08472890,9
084728a0,9
084728c0,9
08472980,9
08474281,9
08474881,9
08474a01,9
08475280,9
08478288,9
08478601,9
08478888,9
08478a01,9
08478a08,9
08479088,9
08479208,9
08479808,9
0847a081,9
0847a084,9
0847a880,9
08490a89,9
08491a88,9
084a0a8a,9
084a0a8c,9
084a0a98,9
084a0ac8,9
084a128c,9
084a1298,9
084a188a,9
084a188c,9
084a1898,9
084a1a81,9
084a1a88,9
084a401e,9
084a409a,9
084a4283,9
084a4285,9
084a480e,9
084a481a,9
084a484c,9
084a4885,9
084a4888,8
084a488a,9
084a488c,9
084a4898,9
084a48a8,9
084a48c8,9
084a4988,9
084a4a81,9
084a5083,9
084a5085,9
084a5881,9
084a8a81,9
084a8a88,9
084a9288,9
084a9888,9
084a9a08,9
084ac281,9
084ac80a,9
084ac80c,9
084ac881,9
084ac888,9
084b028c,9
084b088c,9
084b0898,9
084b0a81,9
084b0a88,9
084b120a,9
084b120c,9
084b1218,9
084b1248,9
084b1288,9
084b1600,8
084b1888,9
084b1a08,9
084b1a80,9
084b408a,9
084b408c,9
084b4098,9
084b40c8,9
084b4281,9
084b4288,9
084b480a,9
084b480c,9
084b4848,9
084b4888,9
084b8288,9
084b8881,9
084b8888,9
084b8a08,9
084b9208,9
084b9808,9
084bc088,9
084bc808,9
084d0a88,9
084d120c,9
084d1a08,9
084d9208,9
084d9808,9
084e0285,9
084e028c,9
084e0885,9
084e0888,8
084e088a,9
084e088c,9
084e0898,9
084e08a8,9
084e08c8,9
084e0988,9
084e0a0c,9
084e0a81,9
084e0a88,9
084e108c,9
084e1098,9
084e120c,9
084e1218,9
084e1288,9
084e180a,9
084e180c,9
084e1818,9
084e1848,9
084e1888,9
084e1a08,9
084e1a80,9
084e4083,9
084e4085,9
084e4091,9
084e4281,9
084e4805,9
084e4881,9
084e4a01,9
084e5084,9
084e5280,9
084e8281,9
084e8288,9
084e880c,9
084e8888,9
084e8a08,9
084e9088,9
084e9208,9
084e9808,9
084f008c,9
084f020c,9
084f0281,9
084f0288,9
084f080c,9
084f0888,9
084f0a08,9
084f0a80,9
084f100c,9
084f1018,9
084f1088,9
084f1208,9
084f1280,9
084f1808,9
084f4081,9
084f4201,9
084f8088,9
084f8208,9
084f8808,9
084f9008,9
08501817,9
08501887,9
08501925,9
08508925,9
08509125,9
08509807,9
08509883,9
08509885,9
08509891,9
08511807,9
08511881,8
08511883,9
08511885,9
08511891,9
085118a1,9
085118c1,9
08511981,9
08518125,9
08518a88,9
08519803,9
08519805,9
08519881,9
0852089a,9
0852089c,9
085208d8,9
08520c81,8
08521805,8
08525280,8
08528125,9
0852812c,9
08528888,8
0852888a,9
0852888c,9
08528898,9
085288a8,9
085288c8,9
08528988,9
08528c05,9
08528c41,9
08529016,9
08529124,9
08530888,8
0853088a,9
0853088c,9
08530898,9
085308a8,9
085308c8,9
08530988,9
08531884,9
08531890,9
08538411,9
08538441,9
08538640,9
08538803,9
08538805,9
0853880c,9
08538811,9
08538818,9
08538841,9
08538848,9
08538888,9
08538908,9
08538c01,9
08538c80,9
08538e00,9
08539880,9
08548125,9
0854812c,9
08548c41,9
08549124,9
08558805,9
08558888,9
08558c01,9
08560017,9
0856001e,9
0856008e,9
0856009a,9
0856009c,9
085600d8,9
0856012c,9
0856080c,8
0856080e,9
08560818,8
0856081a,9
0856081c,9
0856082c,9
08560838,9
0856084a,9
0856084c,9
08560858,9
08560888,8
0856088a,9
0856088c,9
08560898,9
085608a8,9
085608c8,9
0856090c,9
08560918,9
08560928,9
08560988,9
08561016,9
08568007,9
08568013,9
0856808a,9
0856808c,9
08568098,9
085680c8,9
08568121,9
08568124,9
08568188,9
08568403,9
08568405,9
08568411,9
08568441,9
08568801,8
08568803,9
08568805,9
08568808,8
0856880a,9
0856880c,9
08568811,9
08568818,9
08568821,9
08568828,9
08568841,9
08568848,9
08568888,9
08568890,9
08568901,9
08568908,9
08568c01,9
08568c80,9
08569006,9
08569012,9
08569014,9
08569804,9
08569810,9
0857000e,9
0857001a,9
08570088,8
0857008a,9
0857008c,9
08570098,9
085700a8,9
085700c8,9
08570188,9
08570403,9
08570405,9
08570411,9
08570805,9
08570808,8
0857080a,9
0857080c,9
08570818,9
08570828,9
08570848,9
08570888,9
08570908,9
08570c01,9
08570c80,9
08578001,8
08578003,9
08578005,9
0857800c,9
08578011,9
08578018,9
08578021,9
08578041,9
08578088,9
08578101,9
08578401,9
08578480,9
08578600,9
08578801,9
08578808,9
08578880,9
08578a00,9
08578c00,9
08579004,9
08579010,9
08579800,9
085a1016,9
085a1092,9
085a1094,9
085a10d0,9
085a1812,9
085a1882,9
085a1884,9
085a1890,9
085a9880,9
085b1084,9
085b1090,9
085b1880,9
085b8880,9
085b9080,9
085c8124,9
085d8880,9
085e0016,9
085e0092,9
085e0882,9
085e0884,9
085e0890,9
085e8804,9
085e8880,9
085f0084,9
085f0880,9
085f8080,9
085f8800,9
0860288b,9
08612889,9
08614609,9
0861a881,9
0861a888,9
0862028b,9
08620389,9
0862048b,9
08620589,9
0862088b,9
0862088d,9
086208c9,9
08620989,9
08620a89,9
08620c49,9
08620c89,9
08620c8a,9
08620e09,9
08622089,8
0862208a,8
0862208b,9
0862208d,9
0862208e,9
08622093,9
08622096,9
08622099,9
0862209a,9
0862209c,9
086220a5,9
086220a6,9
086220a9,9
086220aa,9
086220ac,9
086220c9,9
086220ca,9
086220cc,9
086220d2,9
086220d8,9
08622189,9
0862218a,9
0862218c,9
086221a4,9
086221c8,9
08622881,8
08622882,8
08622883,9
08622885,9
08622886,9
08622888,8
08622889,9
0862288a,9
0862288c,9
08622891,9
08622892,9
08622894,9
08622898,9
086228a1,9
086228a2,9
086228a4,9
086228a8,9
086228c1,9
086228c2,9
086228c4,9
086228c8,9
086228d0,9
08622981,9
08622982,9
08622984,9
08622988,9
086229c0,9
08622c09,9
08622c0a,9
08622c0c,9
08622c48,9
08622d08,9
0862408b,9
0862408d,9
08624099,9
08624189,9
08624283,9
08624289,9
08624291,9
08624298,9
0862440b,9
0862440d,9
08624419,9
08624449,9
08624489,9
0862448a,9
08624609,9
0862480d,9
08624889,9
0862488a,9
0862488c,9
08624898,9
08624a09,9
08624a81,9
08624a88,9
08624c09,9
08624c0c,9
08624c48,9
08624e08,9
08626809,9
0862680c,9
08626848,9
08628289,9
08628449,9
08628889,9
08628a09,9
08628a81,9
08628a88,9
08628c09,9
08628c48,9
0862a083,9
0862a088,8
0862a089,9
0862a08a,9
0862a08c,9
0862a092,9
0862a098,9
0862a0a8,9
0862a0c8,9
0862a188,9
0862a409,9
0862a809,9
0862a880,8
0862a881,9
0862a882,9
0862a884,9
0862a888,9
0862a890,9
0862a8a0,9
0862a8c0,9
0862a980,9
0862ac08,9
0862c089,9
0862c209,9
0862c809,9
0862c888,9
08630289,9
08630609,9
0863060a,9
08630889,9
08630a09,9
08630c09,9
08630e08,9
08632083,9
08632085,9
08632086,9
08632088,8
08632089,9
0863208a,9
0863208c,9
08632092,9
08632098,9
086320a4,9
086320a8,9
086320c1,9
086320c8,9
08632181,9
08632188,9
08632409,9
08632809,9
08632880,8
08632881,9
08632882,9
08632884,9
08632888,9
08632890,9
086328a0,9
086328c0,9
08632980,9
08632c08,9
08634089,9
08634209,9
08634409,9
0863440c,9
08634608,9
08634809,9
08634881,9
08634888,9
08634a08,9
08634c08,9
08636808,9
08638209,9
08638409,9
08638888,9
08638c08,9
0863a081,9
0863a082,9
0863a088,9
0863a408,9
0863a880,9
08660c09,9
08662809,9
08668888,9
0866a808,9
08670409,9
08672808,9
086b0600,8
0880501f,9
0880c12d,9
0880c16c,9
0880c2c9,9
0880c325,9
0880c349,9
0880d04b,9
0880d125,9
0880d20b,9
0880d249,9
0880d289,9
0882003f,9
0882005f,9
0882009f,9
0882028f,9
0882029b,9
088202cb,9
088202cd,9
088202d9,9
088203c9,9
0882081f,9
0882088f,9
0882089b,9
088208cb,9
088208d9,9
0882098b,9
088209c9,9
08820a89,8
08820a8b,9
08820a8d,9
08820a99,9
08820aa9,9
08820ac9,9
08820b89,9
0882101f,9
08821289,8
0882188b,9
08822287,9
08822293,9
088222c3,9
08822649,9
0882288b,9
0882288d,9
08822899,9
088228c9,9
08822989,9
08822a83,9
08822e09,9
088232c1,9
08823a81,9
0882401f,9
0882402f,9
0882404f,9
0882405b,9
0882406b,9
0882406d,9
0882408b,8
0882408f,9
0882409b,9
0882409d,9
088240ab,9
088240ad,9
088240b9,9
088240c9,8
088240cb,9
088240cd,9
088240d9,9
088240da,9
088240e9,9
0882412d,9
0882414b,9
0882414d,9
08824159,9
08824169,9
0882418b,9
0882418d,9
08824199,9
088241a9,9
088241c9,9
0882420f,9
0882421b,9
0882422b,9
0882422d,9
08824249,8
0882424b,9
0882424d,9
08824259,9
08824269,9
08824289,8
0882428b,9
0882428d,9
08824299,9
088242a9,9
088242c3,9
088242c5,9
088242c9,9
088242d1,9
088242e1,9
0882430b,9
0882430d,9
08824329,9
08824349,9
08824389,9
088243c1,9
088243c8,9
0882440f,9
0882441b,9
0882441d,9
0882441e,9
0882442d,9
088244c1,8
0882450b,9
0882450d,9
08824609,8
08824619,9
08824629,9
08824681,8
0882480f,9
0882481b,9
0882482b,9
0882482d,9
08824849,8
0882484b,9
0882484d,9
0882484e,9
08824859,9
08824869,9
08824889,8
0882488b,9
0882488d,9
0882488e,9
08824899,9
088248a9,9
088248c9,9
088248ca,9
088248cc,9
0882490b,9
0882490d,9
08824929,9
08824949,9
08824989,9
08824a09,8
08824a0b,9
08824a0d,9
08824a19,9
08824a29,9
08824a49,9
08824a89,9
08824ac1,9
08824ac8,9
08824b09,9
08824c0b,9
08824c0d,9
08824c19,9
08824c29,9
08824d09,9
08824e09,9
08824e0c,9
0882500b,8
0882500f,9
0882501b,9
0882502b,9
0882502d,9
08825047,9
08825049,8
0882504b,9
08825059,9
08825069,9
08825087,9
08825089,8
088250c3,9
088250c5,9
088250cc,9
0882510b,9
08825119,9
08825129,9
08825149,9
08825207,9
08825209,8
08825243,9
08825245,9
0882524c,9
08825283,9
08825285,9
0882528c,9
088252a1,9
088252c1,9
088252c8,9
08825381,9
08825809,8
0882580b,9
08825819,9
08825829,9
0882584c,9
08825883,9
0882588c,9
088258c8,9
08825909,9
08825a48,9
08825a81,9
08825a88,9
0882604d,9
0882680d,9
08826849,9
0882801f,9
088280cb,9
0882812d,9
0882818b,9
088281c9,9
08828289,8
0882828b,9
08828299,9
088282a9,9
088282c9,9
08828329,9
08828389,9
08828649,9
08828889,8
0882888b,9
0882888d,9
08828899,9
088288a9,9
088288c9,9
08828989,9
08828a89,9
08828c49,9
08828e09,9
0882a08b,9
0882a08d,9
0882a0c9,9
0882a189,9
0882a249,9
0882a283,9
0882a2c1,9
0882a889,9
0882aa09,9
0882aa81,9
0882b281,9
0882c00f,9
0882c01b,9
0882c02b,9
0882c02d,9
0882c049,8
0882c04b,9
0882c04d,9
0882c059,9
0882c069,9
0882c089,8
0882c08b,9
0882c08d,9
0882c099,9
0882c0a9,9
0882c0c3,9
0882c0c9,9
0882c0ca,9
0882c109,8
0882c10b,9
0882c10d,9
0882c119,9
0882c125,9
0882c129,9
0882c12c,9
0882c149,9
0882c14a,9
0882c189,9
0882c1a1,9
0882c1c1,9
0882c209,8
0882c20b,9
0882c20d,9
0882c219,9
0882c229,9
0882c243,9
0882c245,9
0882c249,9
0882c261,9
0882c283,9
0882c285,9
0882c289,9
0882c291,9
0882c2a1,9
0882c2c1,9
0882c2c8,9
0882c309,9
0882c321,9
0882c341,9
0882c381,9
0882c441,8
0882c4c0,8
0882c809,8
0882c80b,9
0882c80d,9
0882c819,9
0882c829,9
0882c849,9
0882c84a,9
0882c889,9
0882c88a,9
0882c88c,9
0882c8c8,9
0882c909,9
0882c988,9
0882ca09,9
0882ca41,9
0882ca48,9
0882ca81,9
0882ca88,9
0882d007,9
0882d009,8
0882d043,9
0882d083,9
0882d085,9
0882d08c,9
0882d0c1,9
0882d0c8,9
0882d103,9
0882d141,9
0882d181,9
0882d203,9
0882d205,9
0882d241,9
0882d248,9
0882d281,9
0882d288,9
0882d2c0,9
0882d301,9
0882d80c,9
0882d848,9
0882d881,9
0882d888,9
0882da08,9
0882e00d,9
0882e809,9
088300cb,9
088302c9,9
08830649,9
0883088b,9
0883088d,9
08830899,9
088308c9,9
08830989,9
08830a89,9
08830e09,9
08831249,9
08831a09,9
088320c9,9
08832889,9
08833281,9
0883404b,9
0883404d,9
08834059,9
08834069,9
0883408b,9
0883408d,9
08834099,9
088340a9,9
088340c9,9
088340ca,9
08834149,9
08834189,9
08834209,8
0883420b,9
0883420d,9
08834219,9
08834229,9
08834249,9
08834289,9
088342c1,9
08834309,9
08834409,8
0883440b,9
0883440d,9
08834419,9
08834429,9
08834509,9
0883480b,9
0883480d,9
08834849,9
08834889,9
0883488a,9
088348c8,9
08834909,9
08834a09,9
08834a48,9
08834c09,9
08834c0c,9
08834e08,9
0883500b,9
0883500d,9
08835019,9
08835029,9
08835109,9
08835281,9
08835809,9
08836049,9
08836809,9
0883808b,9
088380c9,9
08838189,9
08838249,9
08838289,9
08838609,9
08838889,9
0883a089,9
0883a209,9
0883a281,9
0883a888,9
0883c00b,9
0883c00d,9
0883c049,9
0883c04a,9
0883c089,9
0883c109,9
0883c148,9
0883c209,9
0883c241,9
0883c281,9
0883c809,9
0883c888,9
0883d201,9
0884405e,9
08844076,9
088442c9,9
0884500f,9
0884501b,9
0884504b,9
08845059,9
0884508b,9
088450c9,9
08845149,9
0884520b,9
08845249,9
0884c04b,9
0884c04e,9
0884c056,9
0884c059,9
0884c0c9,9
0884c125,9
0884c126,9
0884c129,9
0884c12c,9
0884c149,9
0884c14a,9
0884c164,9
0884c168,9
0884c189,9
0884c20b,9
0884c249,9
0884c289,9
0884c2c1,9
0884c309,9
0884c321,9
0884c4c0,8
0884c849,9
0884c889,9
0884d007,9
0884d00b,9
0884d00d,9
0884d019,9
0884d043,9
0884d049,9
0884d083,9
0884d089,9
0884d0c1,9
0884d103,9
0884d109,9
0884d124,9
0884d181,9
0884d203,9
0884d209,9
0884d241,9
0884d281,9
0885c124,9
0885c148,9
088600cb,9
088600d9,9
088601c9,9
08860289,8
0886028b,9
0886028d,9
08860299,9
088602a9,9
088602c9,9
08860389,9
08860889,8
0886088b,9
0886088d,9
08860899,9
088608a9,9
088608c9,9
08860989,9
08860a0b,9
08860a49,9
08860a89,9
08860b09,9
08861a88,9
08862283,9
08862286,9
08862292,9
088622c1,9
088622c2,9
08862381,9
08862a81,9
08862a82,9
0886400b,8
0886400f,9
0886401b,9
0886401d,9
0886401e,9
0886402b,9
0886402d,9
08864039,9
08864049,8
0886404b,9
0886404d,9
0886404e,9
08864059,9
0886405a,9
08864069,9
08864087,9
08864089,8
0886408b,9
0886408d,9
0886408e,9
08864099,9
0886409a,9
088640a9,9
088640c3,9
088640c5,9
088640c9,9
088640ca,9
088640cc,9
088640e1,9
088640e8,9
08864109,8
0886410b,9
0886410d,9
0886410e,9
08864119,9
08864129,9
0886412c,9
08864149,9
0886414a,9
0886414c,9
08864183,9
08864189,9
0886418a,9
088641c1,9
088641c8,9
08864209,8
0886420b,9
0886420d,9
08864219,9
08864229,9
08864243,9
08864249,9
08864283,9
08864285,9
08864289,9
0886428c,9
088642a1,9
088642c1,9
088642c8,9
08864309,9
08864341,9
08864348,9
08864381,9
08864388,9
08864809,8
0886480b,9
0886480d,9
0886480e,9
08864819,9
08864829,9
08864849,9
0886484a,9
0886484c,9
08864885,9
08864889,9
0886488a,9
0886488c,9
088648a8,9
088648c1,9
088648c8,9
08864909,9
0886490a,9
0886490c,9
08864948,9
08864981,9
08864988,9
08864a09,9
08864a48,9
08864a81,9
08864a88,9
08865007,9
08865009,8
08865019,9
08865043,9
08865045,9
0886504a,9
0886504c,9
08865083,9
08865085,9
0886508a,9
0886508c,9
08865091,9
088650a1,9
088650a8,9
088650c1,9
088650c8,9
08865103,9
0886510c,9
08865148,9
08865181,9
08865188,9
08865203,9
08865205,9
0886520c,9
08865241,9
08865248,9
08865281,9
08865288,9
088652c0,9
08865308,9
0886580a,9
0886580c,9
08865848,9
08865881,9
08865888,9
08865908,9
08865a08,9
08868089,8
0886808b,9
08868099,9
088680a9,9
08868189,9
0886820b,9
0886820d,9
08868219,9
08868289,9
08868309,9
08868889,9
08868a81,9
08868a88,9
08869281,9
08869888,9
0886a083,9
0886a281,9
0886a282,9
0886a2c0,9
0886a881,9
0886aa80,9
0886c009,8
0886c00b,9
0886c00d,9
0886c00e,9
0886c019,9
0886c01a,9
0886c029,9
0886c043,9
0886c045,9
0886c049,9
0886c04a,9
0886c04c,9
0886c083,9
0886c085,9
0886c089,9
0886c08a,9
0886c08c,9
0886c091,9
0886c098,9
0886c0a1,9
0886c0a8,9
0886c0c1,9
0886c0c8,9
0886c103,9
0886c105,9
0886c109,9
0886c10a,9
0886c10c,9
0886c121,9
0886c128,9
0886c141,9
0886c148,9
0886c181,9
0886c188,9
0886c1c0,9
0886c203,9
0886c205,9
0886c209,9
0886c221,9
0886c241,9
0886c248,9
0886c281,9
0886c288,9
0886c2c0,9
0886c301,9
0886c308,9
0886c380,9
0886c809,9
0886c80a,9
0886c80c,9
0886c848,9
0886c881,9
0886c888,9
0886c908,9
0886ca01,9
0886ca08,9
0886d003,9
0886d005,9
0886d00a,9
0886d00c,9
0886d041,9
0886d048,9
0886d081,9
0886d084,9
0886d088,9
0886d0c0,9
0886d101,9
0886d108,9
0886d180,9
0886d201,9
0886d208,9
0886d240,9
0886d280,9
0886d801,9
0886d808,9
088700c9,9
08870249,9
08870289,9
08870889,9
08870a09,9
08872281,9
0887400b,9
0887400d,9
0887400e,9
08874019,9
08874029,9
08874049,9
0887404a,9
08874089,9
0887408a,9
088740c1,9
088740c8,9
08874109,9
0887410a,9
08874148,9
08874188,9
08874209,9
08874281,9
08874809,9
0887480a,9
0887480c,9
08874848,9
08874888,9
08874908,9
08875081,9
08875088,9
08878209,9
0887c009,9
0887c00a,9
0887c048,9
0887c081,9
0887c088,9
0887c108,9
0887c201,9
0887c808,9
0887d008,9
0888405e,9
08884076,9
0888c04e,9
0888c056,9
0888c126,9
0888c12c,9
0888c14a,9
0888c164,9
0888c249,9
0888c289,9
0888d209,9
0889c124,9
088a0289,8
088a028b,9
088a028d,9
088a0299,9
088a02a9,9
088a02c9,9
088a0389,9
088a088b,9
088a088d,9
088a08c9,9
088a0a49,9
088a0a89,9
088a0a8a,9
088a0ac8,9
088a128a,9
088a12c8,9
088a1a88,9
088a2285,9
088a22c1,9
088a2381,9
088a2a81,9
088a2ac0,9
088a3281,9
088a3284,9
088a3290,9
088a32c0,9
088a3881,9
088a3a80,9
088a400f,9
088a401b,9
088a401e,9
088a402d,9
088a404b,9
088a404d,9
088a404e,9
088a4056,9
088a4059,9
088a405a,9
088a4069,9
088a406a,9
088a4089,8
088a408b,9
088a408d,9
088a408e,9
088a4096,9
088a4099,9
088a409a,9
088a40a9,9
088a40aa,9
088a40c9,9
088a40ca,9
088a40cc,9
088a40d2,9
088a40d8,9
088a40e8,9
088a410b,9
088a410d,9
088a4149,9
088a414a,9
088a414c,9
088a4189,9
088a418a,9
088a41c8,9
088a4209,8
088a420b,9
088a420d,9
088a4219,9
088a4229,9
088a4249,9
088a4283,9
088a4285,9
088a4289,9
088a42c1,9
088a42c8,9
088a4309,9
088a480b,9
088a480d,9
088a480e,9
088a481a,9
088a4829,9
088a4849,9
088a484a,9
088a484c,9
088a4889,9
088a488a,9
088a488c,9
088a4898,9
088a48a8,9
088a48c8,9
088a4909,9
088a490a,9
088a4948,9
088a4988,9
088a4a09,9
088a4a81,9
088a4a88,9
088a500b,9
088a5019,9
088a5029,9
088a5083,9
088a5085,9
088a50c1,9
088a5109,9
088a5203,9
088a5241,9
088a5248,9
088a5281,9
088a5288,9
088a80c9,9
088a820b,9
088a820d,9
088a8249,9
088a8289,9
088a8309,9
088a8889,9
088a8a09,9
088a8a88,9
088a9281,9
088a9288,9
088aa281,9
088aa2c0,9
088aaa80,9
088ab081,9
088ab201,9
088ab280,9
088ac00b,9
088ac00d,9
088ac00e,9
088ac019,9
088ac01a,9
088ac029,9
088ac049,9
088ac04a,9
088ac04c,9
088ac068,9
088ac089,9
088ac08a,9
088ac08c,9
088ac0c1,9
088ac0c2,9
088ac0c8,9
088ac109,9
088ac10a,9
088ac128,9
088ac148,9
088ac188,9
088ac203,9
088ac209,9
088ac241,9
088ac248,9
088ac281,9
088ac288,9
088ac809,9
088ac80a,9
088ac80c,9
088ac848,9
088ac888,9
088ac908,9
088ad081,9
088ad201,9
088b0249,9
088b0289,9
088b0889,9
088b0a88,9
088b1288,9
088b1888,9
088b2281,9
088b2a80,9
088b3280,9
088b400e,9
088b401a,9
088b4049,9
088b404a,9
088b404c,9
088b4089,9
088b408a,9
088b408c,9
088b40c8,9
088b410a,9
088b4148,9
088b4188,9
088b4209,9
088b4281,9
088b4809,9
088b480a,9
088b480c,9
088b4848,9
088b4888,9
088b5009,9
088b8209,9
088bc009,9
088bc00a,9
088bc048,9
088bc088,9
088bc108,9
088c40c9,9
088c4249,9
088c500b,9
088cc049,9
088cc089,9
088cc209,9
088cd009,9
088e008b,9
088e008d,9
088e0099,9
088e00c9,9
088e0189,9
088e020b,9
088e020d,9
088e0249,9
088e0289,9
088e0309,9
088e080b,9
088e080d,9
088e0849,9
088e0889,9
088e0a09,9
088e0a88,9
088e1248,9
088e1281,9
088e1288,9
088e1888,9
088e1a08,9
088e4009,8
088e400b,9
088e400d,9
088e4019,9
088e4029,9
088e4049,9
088e4083,9
088e4085,9
088e4089,9
088e408c,9
088e40c1,9
088e40c8,9
088e4109,9
088e4181,9
088e4188,9
088e4209,9
088e4241,9
088e4248,9
088e4281,9
088e4288,9
088e42c0,9
088e4809,9
088e480c,9
088e4881,9
088e4888,9
088e5003,9
088e500c,9
088e5081,9
088e5088,9
088e5201,9
088e800b,9
088e800d,9
088e8049,9
088e8089,9
088e8109,9
088e8209,9
088e8281,9
088e8288,9
088e8888,9
088e9088,9
088e9208,9
088ec009,9
088ec041,9
088ec048,9
088ec081,9
088ec088,9
088ec201,9
088ec208,9
088ec280,9
088ec808,9
088ed001,9
088ed008,9
088f0089,9
088f0209,9
088f0288,9
088f0888,9
088f1208,9
088f4009,9
08909125,9
0892812c,9
0892888a,9
08928988,9
08929124,9
0893088a,9
089308c8,9
08930988,9
08938888,9
0894812c,9
0896001e,9
0896012c,9
0896080e,9
0896081a,9
08960888,8
0896088a,9
0896088c,9
08960898,9
089608a8,9
089608c8,9
0896090a,9
08960948,9
08960988,9
08961016,9
0896808a,9
08968188,9
08968482,9
089684c0,9
0896880a,9
0896880c,9
08968848,9
08968888,9
08968908,9
08969006,9
08970888,9
08970908,9
08978401,9
08978480,9
08978600,9
08978808,9
089a1016,9
089a1052,9
089a1086,9
089a1092,9
089a10d0,9
089a1882,9
089a9012,9
089c8124,9
089e0016,9
089e0086,9
089e0092,9
08a2024b,9
08a2028b,9
08a2028d,9
08a20299,9
08a2040f,9
08a2044b,9
08a2050b,9
08a20549,9
08a2061a,9
08a2088b,9
08a208c9,9
08a20989,9
08a20a89,9
08a20a8a,9
08a20c0b,9
08a20c49,9
08a20d09,9
08a20e09,9
08a20e0a,9
08a2208b,9
08a2208d,9
08a220c9,9
08a220ca,9
08a22189,9
08a2240b,9
08a22449,9
08a22889,9
08a2288a,9
08a228c8,9
08a22c09,9
08a2400f,9
08a2401b,9
08a2402d,9
08a2404b,9
08a2404d,9
08a24059,9
08a24069,9
08a24089,8
08a2408b,9
08a240a9,9
08a2410b,9
08a24119,9
08a24149,9
08a2420b,9
08a2420d,9
08a24216,9
08a24219,9
08a2421a,9
08a24229,9
08a24243,9
08a24249,9
08a2424a,9
08a24252,9
08a24283,9
08a24309,9
08a24348,9
08a24409,8
08a2440b,9
08a2440d,9
08a2440e,9
08a24416,9
08a24419,9
08a2441a,9
08a2441c,9
08a24429,9
08a2442a,9
08a2442c,9
08a24509,9
08a2450a,9
08a2450c,9
08a24518,9
08a24528,9
08a24612,9
08a24618,9
08a24628,9
08a2480b,9
08a2480d,9
08a24819,9
08a24829,9
08a24849,9
08a24889,9
08a2488a,9
08a24909,9
08a24a09,9
08a24a48,9
08a24c09,9
08a24c0a,9
08a24c0c,9
08a24c18,9
08a24c28,9
08a24d08,9
08a24e08,9
08a2808b,9
08a280c9,9
08a28189,9
08a2820b,9
08a2840b,9
08a28449,9
08a2844a,9
08a28509,9
08a28548,9
08a28889,9
08a28c09,9
08a28c48,9
08a2a089,9
08a2a08a,9
08a2a409,9
08a2a448,9
08a2a888,9
08a2c00b,9
08a2c109,9
08a2c809,9
08a3020b,9
08a3040b,9
08a30449,9
08a30889,9
08a30c09,9
08a30e08,9
08a32089,9
08a32888,9
08a3400b,9
08a34019,9
08a34049,9
08a34109,9
08a34209,9
08a3420a,9
08a34242,9
08a34248,9
08a34409,9
08a3440a,9
08a3440c,9
08a34418,9
08a34428,9
08a34508,9
08a34540,9
08a34809,9
08a34c08,9
08a38409,9
08a38448,9
08a60449,9
08a60c09,9
08a62409,9
08a68409,9
08a68448,9
08a70409,9
08a8c440,8
08c0405e,9
08c04076,9
08c040d6,9
08c04156,9
08c0415a,9
08c04166,9
08c04172,9
08c04856,9
08c0c056,9
08c0c05a,9
08c0c125,9
08c0c126,9
08c0c12c,9
08c0c14a,9
08c0c152,9
08c0c158,9
08c0c162,9
08c0c164,9
08c0c168,9
08c0c170,9
08c0c846,9
08c0c84a,9
08c0c84c,9
08c0c852,9
08c0c8c8,9
08c0c924,9
08c0c948,9
08c0ca81,9
08c0d440,8
08c1404e,9
08c14056,9
08c1405a,9
08c14072,9
08c1414a,9
08c14152,9
08c14158,9
08c14164,9
08c1484a,9
08c1c046,9
08c1c04a,9
08c1c052,9
08c1c124,9
08c1c142,9
08c1c148,9
08c1c150,9
08c1c160,9
08c1c842,9
08c1c848,9
08c1d240,9
08c208c9,9
08c20a89,9
08c21a88,9
08c22089,8
08c2208b,9
08c2208d,9
08c22096,9
08c22099,9
08c2209a,9
08c220a9,9
08c220c9,9
08c22189,9
08c221a4,9
08c221c8,9
08c22883,9
08c22885,9
08c22888,8
08c22889,9
08c2288a,9
08c2288c,9
08c22891,9
08c22892,9
08c22898,9
08c228a8,9
08c228c1,9
08c228c2,9
08c22981,9
08c22988,9
08c229c0,9
08c22c09,9
08c2401e,9
08c2404d,9
08c2404e,9
08c24056,9
08c2405a,9
08c24069,9
08c2406a,9
08c2409a,9
08c240c3,9
08c240ca,9
08c240cc,9
08c240d2,9
08c240d8,9
08c240e8,9
08c2414a,9
08c24152,9
08c24158,9
08c24168,9
08c241c8,9
08c2420b,9
08c2420d,9
08c24219,9
08c24229,9
08c24283,9
08c242c1,9
08c242c8,9
08c24348,9
08c24381,9
08c24429,9
08c2480b,9
08c2480d,9
08c2480e,9
08c24819,9
08c2481a,9
08c24829,9
08c24849,9
08c2484a,9
08c2484c,9
08c24858,9
08c24868,9
08c24885,9
08c2488a,9
08c2488c,9
08c24898,9
08c248c1,9
08c248c8,9
08c24909,9
08c24948,9
08c24988,9
08c24a09,9
08c24a48,9
08c24a81,9
08c24c09,9
08c28889,9
08c28a81,9
08c28a88,9
08c28c09,9
08c2a08a,9
08c2a08c,9
08c2a188,9
08c2a809,9
08c2a881,9
08c2a882,9
08c2a884,9
08c2a890,9
08c2a980,9
08c2c04a,9
08c2c04c,9
08c2c052,9
08c2c058,9
08c2c068,9
08c2c083,9
08c2c08a,9
08c2c0c2,9
08c2c0c8,9
08c2c148,9
08c2c2c0,9
08c2c80a,9
08c2c80c,9
08c2c848,9
08c2c881,9
08c2c888,9
08c2c8c0,9
08c2c908,9
08c2ca40,9
08c2ca80,9
08c30889,9
08c30a09,9
08c30a81,9
08c30a88,9
08c30c09,9
08c31248,9
08c31288,9
08c31888,9
08c31a08,9
08c32089,9
08c3208a,9
08c3208c,9
08c320c8,9
08c32188,9
08c32881,9
08c32882,9
08c32884,9
08c32888,9
08c32890,9
08c328c0,9
08c32980,9
08c3400b,9
08c3400e,9
08c3401a,9
08c34048,8
08c3404a,9
08c3404c,9
08c34052,9
08c34058,9
08c34068,9
08c3408a,9
08c340c1,9
08c340c2,9
08c340c8,9
08c340d0,9
08c34109,9
08c3410a,9
08c34142,9
08c34148,9
08c34150,9
08c34188,9
08c34241,9
08c34248,9
08c34281,9
08c34288,9
08c342c0,9
08c34809,9
08c3480a,9
08c3480c,9
08c34848,9
08c34888,9
08c348c0,9
08c34908,9
08c34a08,9
08c34c08,9
08c35280,9
08c38601,9
08c3a081,9
08c3a088,9
08c3a880,9
08c3c00a,9
08c3c042,9
08c3c048,9
08c3c081,9
08c3c088,9
08c3c0c0,9
08c3c108,9
08c3c140,9
08c3c240,9
08c3c808,9
08c448c1,9
08c45007,9
08c45083,9
08c450c1,9
08c450c8,9
08c452c0,9
08c45844,9
08c4c0c1,9
08c4c0c8,9
08c4c124,9
08c4c148,9
08c4c160,9
08c4c181,9
08c4c248,9
08c4c281,9
08c4c2c0,9
08c4c340,9
08c4c805,9
08c4c844,9
08c4c848,9
08c4c881,9
08c4c888,9
08c4c8c0,9
08c4c940,9
08c4ca01,9
08c4ca40,9
08c4d042,9
08c4d044,9
08c4d050,9
08c4d0c0,9
08c4d140,9
08c4d240,9
08c4d804,9
08c4d840,9
08c4d880,9
08c4da00,9
08c55048,9
08c55240,9
08c5c201,9
08c5c240,9
08c5d040,9
08c5d200,9
08c60a81,9
08c60a88,9
08c61288,9
08c61888,9
08c61a08,9
08c62809,9
08c64083,9
08c64085,9
08c64091,9
08c640a1,9
08c640c1,9
08c640c4,9
08c640d0,9
08c64181,9
08c641c0,9
08c64203,9
08c64281,9
08c642c0,9
08c64340,9
08c64881,9
08c648c0,9
08c64a40,9
08c64a80,9
08c65042,9
08c65084,9
08c650c0,9
08c65140,9
08c65180,9
08c65280,9
08c65880,9
08c68888,9
08c69808,9
08c6c0c0,9
08c6c140,9
08c6c180,9
08c6c240,9
08c6c280,9
08c6c840,9
08c6c880,9
08c6ca00,9
08c70601,9
08c70640,9
08c70888,9
08c70a08,9
08c71208,9
08c71808,9
08c74048,9
08c74081,9
08c740c0,9
08c74201,9
08c74240,9
08c74280,9
08c78600,9
08c7c040,9
08c7c200,9
08c8401e,9
08c8404e,9
08c84052,8
08c84056,9
08c8405a,9
08c8405c,9
08c84066,9
08c8406a,9
08c8406c,9
08c84072,9
08c84096,9
08c840c6,9
08c840ca,9
08c840d2,9
08c840d8,9
08c84126,9
08c84146,9
08c8414a,9
08c8414c,9
08c84152,9
08c84154,9
08c84158,9
08c84162,9
08c84164,9
08c84168,9
08c84170,9
08c841d0,9
08c8480e,9
08c84816,9
08c84846,9
08c8484a,9
08c8484c,9
08c84852,9
08c84854,9
08c84858,9
08c848c2,9
08c848c4,9
08c848c8,9
08c84942,9
08c84944,9
08c84948,9
08c84950,9
08c8c016,9
08c8c046,9
08c8c04a,9
08c8c04c,9
08c8c052,9
08c8c054,9
08c8c058,9
08c8c062,9
08c8c064,9
08c8c068,9
08c8c0c2,9
08c8c0c8,9
08c8c10a,9
08c8c124,9
08c8c142,9
08c8c144,9
08c8c148,9
08c8c150,9
08c8c160,9
08c8c806,9
08c8c80a,9
08c8c80c,9
08c8c842,9
08c8c844,9
08c8c848,9
08c8c850,9
08c8c860,9
08c8c8c0,9
08c8c940,9
08c9400e,9
08c94016,9
08c9401a,9
08c94042,8
08c94046,9
08c94048,8
08c9404a,9
08c9404c,9
08c94052,9
08c94054,9
08c94058,9
08c94062,9
08c94064,9
08c94068,9
08c94070,9
08c940c2,9
08c940c8,9
08c940d0,9
08c9410a,9
08c94124,9
08c94142,9
08c94144,9
08c94148,9
08c94150,9
08c94160,9
08c9480a,9
08c94842,9
08c94844,9
08c94848,9
08c94850,9
08c948c0,9
08c94940,9
08c9c006,9
08c9c00a,9
08c9c012,9
08c9c042,9
08c9c044,9
08c9c048,9
08c9c050,9
08c9c060,9
08c9c0c0,9
08c9c102,9
08c9c108,9
08c9c140,9
08c9c802,9
08c9c808,9
08c9c840,9
08ca0a88,9
08ca1248,9
08ca1288,9
08ca1888,9
08ca1a08,9
08ca400e,9
08ca4016,9
08ca401a,9
08ca402a,9
08ca4046,9
08ca4048,8
08ca404a,9
08ca404c,9
08ca4052,9
08ca4054,9
08ca4058,9
08ca4062,9
08ca4068,9
08ca408a,9
08ca408c,9
08ca4092,9
08ca4098,9
08ca40a8,9
08ca40c1,9
08ca40c2,9
08ca40c4,9
08ca40c8,9
08ca40d0,9
08ca40e0,9
08ca410a,9
08ca410c,9
08ca4142,9
08ca4148,9
08ca4150,9
08ca4188,9
08ca41c0,9
08ca4241,9
08ca4281,9
08ca4288,9
08ca42c0,9
08ca480a,9
08ca480c,9
08ca4818,9
08ca4828,9
08ca4842,9
08ca4844,9
08ca4848,9
08ca4888,9
08ca48c0,9
08ca4908,9
08ca8888,9
08cac00a,9
08cac00c,9
08cac042,9
08cac044,9
08cac048,9
08cac050,9
08cac081,9
08cac088,9
08cac0c0,9
08cac108,9
08cac140,9
08cac808,9
08cac840,9
08cac880,9
08cb0248,9
08cb0288,9
08cb0888,9
08cb0a08,9
08cb0a80,9
08cb1208,9
08cb1280,9
08cb400a,9
08cb400c,9
08cb4012,9
08cb4018,9
08cb4028,9
08cb4042,9
08cb4044,9
08cb4048,9
08cb4050,9
08cb4060,9
08cb4082,9
08cb4088,9
08cb40c0,9
08cb4108,9
08cb4140,9
08cb4201,9
08cb4808,9
08cb4840,9
08cb4880,9
08cbc002,9
08cbc008,9
08cbc040,9
08cbc080,9
08ccc240,9
08ccd040,9
08cd1208,9
08cd1240,9
08cd9200,9
08ce0248,9
08ce0288,9
08ce0888,9
08ce0a08,9
08ce1048,9
08ce1088,9
08ce1208,9
08ce1808,9
08ce4081,9
08ce40c0,9
08ce4201,9
08ce4240,9
08ce4280,9
08ce8808,9
08ce9008,9
08cf0208,9
08cf0280,9
08cf0808,9
08cf1008,9
08cf1200,9
08d01807,9
08d01883,9
08d08125,9
08d09803,9
08d09841,9
08d09881,9
08d11803,9
08d11881,9
08d18881,9
08d18c01,9
08d19003,9
08d19801,9
08d2088a,9
08d2088c,9
08d20898,9
08d208c8,9
08d20988,9
08d28403,9
08d28441,9
08d28803,9
08d2880a,9
08d28848,9
08d28888,9
08d28908,9
08d28c01,9
08d30403,9
08d3080a,9
08d30848,9
08d30888,9
08d30908,9
08d30c01,9
08d38401,9
08d38801,9
08d38808,9
08d48441,9
08d48848,9
08d48908,9
08d48c01,9
08d58401,9
08d58801,9
08d58808,9
08d6000e,9
08d6001a,9
08d6004a,9
08d6008a,9
08d6008c,9
08d60098,9
08d600c8,9
08d60148,9
08d60188,9
08d60403,9
08d60441,9
08d60808,8
08d6080a,9
08d6080c,9
08d60818,9
08d60828,9
08d60848,9
08d60888,9
08d60908,9
08d60c01,9
08d68003,9
08d6800a,9
08d68041,9
08d68048,9
08d68088,9
08d68101,9
08d68108,9
08d68401,9
08d68440,9
08d68801,9
08d68808,9
08d68880,9
08d7000a,9
08d7000c,9
08d70048,9
08d70088,9
08d70108,9
08d70401,9
08d70801,9
08d70808,9
08d78001,9
08d78008,9
08d78200,9
08d78400,9
08da1006,9
08da1012,9
08da1050,9
08da1082,9
08da1084,9
08da1090,9
08da10c0,9
08da1802,9
08da1880,9
08da9080,9
08da9800,9
08db0880,9
08db1002,9
08db1010,9
08db1080,9
08dc0016,9
08dc8802,9
08dc8840,9
08dd8800,9
08de0006,9
08de0012,9
08de0082,9
08de0084,9
08de00c0,9
08de0880,9
08de8080,9
08de8800,9
08df0040,9
08df0080,9
08e2040b,9
08e20449,9
08e20889,9
08e20c09,9
08e20c0a,9
08e20c48,9
08e220a4,9
08e22409,9
08e22809,9
08e2400b,9
08e24019,9
08e24049,9
08e24209,9
08e24409,9
08e2440a,9
08e24418,9
08e24428,9
08e24508,9
08e24809,9
08e24848,9
08e24c08,9
08e30409,9
08e3040a,9
08e30448,9
08e30c08,9
08e34009,9
08e34048,9
08e34201,9
08e34202,9
08e34208,9
08e34408,9
08e44440,8
0900109f,9
0900501f,9
0900580f,9
09005887,9
0900588b,9
0900588d,9
0900c12d,9
0900ca89,9
0900d087,9
0900d125,9
0900d80d,9
0900d885,9
0902003f,9
0902005f,9
0902009f,9
0902021f,9
0902028d,8
0902028f,9
0902029b,9
0902029d,9
090202ad,9
090202cd,9
090202d9,9
0902038d,9
090203a9,9
0902081f,9
0902088d,8
0902088f,9
0902089b,9
0902089d,9
090208ad,9
090208cd,9
090208d9,9
0902098d,9
09020a0f,9
09020a1b,9
09020a89,8
09020a8b,9
09020a8d,9
09020a99,9
09020aa9,9
09020ac9,9
09020b89,9
09021097,9
09021287,9
09021a83,9
09021a85,9
09021a91,9
0902401f,9
0902402f,9
0902403b,9
0902404f,9
0902405b,9
0902408b,8
0902408d,8
0902408f,9
09024097,9
09024099,8
0902409b,9
0902409d,9
090240a9,8
090240ab,9
090240ad,9
090240b9,9
090240c9,8
090240cb,9
090240cd,9
090240d9,9
090240e9,9
0902412d,9
0902418b,9
0902418d,9
09024199,9
090241a9,9
090241c9,9
0902420d,8
0902420f,9
0902421b,9
0902421d,9
0902422d,9
0902424b,9
0902424d,9
09024259,9
09024287,9
09024289,8
0902428b,9
0902428d,9
09024299,9
090242a9,9
090242c9,9
0902430d,9
09024329,9
09024389,9
0902480b,8
0902480d,8
0902480f,9
0902481b,9
0902481d,9
0902482b,9
0902482d,9
0902484b,9
0902484d,9
09024859,9
09024869,9
09024887,9
09024889,8
0902488b,9
0902488d,9
09024899,9
090248a9,9
090248c9,9
0902490b,9
0902490d,9
09024929,9
09024989,9
09024a09,8
09024a0b,9
09024a0d,9
09024a19,9
09024a29,9
09024a49,9
09024a83,9
09024a85,9
09024a8c,9
09024b09,9
09025017,9
09025085,8
09025087,9
09025093,9
09025095,9
09025096,9
090250a5,9
090250c3,9
090250c5,9
09025185,9
09025207,9
09025281,8
09025283,9
09025285,9
09025291,9
090252a1,9
090252c1,9
09025381,9
09025807,9
09025883,9
09025885,9
09025888,8
09025891,9
090258a1,9
090258c1,9
09025a05,9
09025a81,9
09025a84,9
0902680d,9
09028889,8
0902888b,9
0902888d,9
09028899,9
090288a9,9
090288c9,9
09028989,9
09028a0d,9
09028b09,9
09028c49,9
09029087,9
09029281,8
09029283,9
09029285,9
09029291,9
090292a1,9
090292c1,9
09029381,9
09029885,9
09029a81,9
0902c087,9
0902c089,8
0902c125,9
0902c281,8
0902c283,9
0902c285,9
0902c291,9
0902c2a1,9
0902c2c1,9
0902c381,9
0902c80d,9
0902c885,9
0902c88c,9
0902ca81,9
0902d007,9
0902d081,8
0902d083,9
0902d085,9
0902d091,9
0902d0a1,9
0902d0c1,9
0902d181,9
0902d203,9
0902d205,9
0902d241,9
0902d281,9
0902d284,9
0902d805,9
0902d881,9
0902d884,9
0902da01,9
0902da80,9
0903001f,9
09030289,8
0903028b,9
0903028d,9
09030299,9
090302a9,9
090302c9,9
09030389,9
09030889,8
0903088b,9
0903088d,9
09030899,9
090308a9,9
090308c9,9
09030989,9
09030a0d,9
09030a89,9
09031a81,9
0903400f,9
09034089,8
0903408b,9
0903408d,9
09034099,9
090340a9,9
090340c9,9
09034189,9
09034209,8
0903420b,9
0903420d,9
09034219,9
09034229,9
09034249,9
09034289,9
09034309,9
0903480b,9
0903480d,9
09034819,9
09034849,9
09034889,9
09034a09,9
09034a81,9
09034a88,9
09035085,9
09035281,9
09035881,9
0903820d,9
09038309,9
09038889,9
09038a09,9
09038a81,9
09038c09,9
09039281,9
0903c281,9
0903c809,9
0903d081,9
0903d201,9
0904101f,9
0904188b,9
0904401f,9
0904488d,9
09044a89,9
0904500f,9
0904501b,9
0904501d,9
09045087,9
0904520b,9
0904520d,9
09045807,9
0904580b,9
0904580d,9
09045819,9
09045885,9
0904588c,9
09045a09,9
0904812d,9
0904888d,9
09048a89,9
09049a09,9
09049a81,9
0904c08b,9
0904c08d,9
0904c099,9
0904c125,9
0904c20d,9
0904c289,9
0904c80d,9
0904c889,9
0904ca09,9
0904d007,9
0904d019,9
0904d083,9
0904d085,9
0904d08c,9
0904d281,9
0904d805,9
0904d80c,9
0904d881,9
0904d884,9
0904d888,9
09051889,9
0905500d,9
0905d009,9
0906001f,9
0906008b,8
0906008d,8
0906008f,9
09060099,8
0906009b,9
0906009d,9
090600ab,9
090600ad,9
090600b9,9
090600c9,8
090600cb,9
090600d9,9
0906018b,9
0906018d,9
09060199,9
090601a9,9
0906020f,9
0906021b,9
0906022d,9
0906024d,9
09060289,8
0906028b,9
0906028d,9
09060299,9
090602a9,9
090602c9,9
09060389,9
0906080d,8
0906080f,9
0906081b,9
0906081d,9
0906082d,9
09060859,9
09060889,8
0906088b,9
0906088d,9
09060899,9
090608a9,9
090608c9,9
0906090d,9
09060989,9
09060a09,8
09060a0b,9
09060a0d,9
09060a19,9
09060a29,9
09060a85,9
09060a8c,9
09060b09,9
09061087,9
09061283,9
09061285,9
09061291,9
090612c1,9
09061883,9
09061885,9
09061888,8
09061891,9
09061a81,9
0906280d,9
0906400b,8
0906400d,8
09064017,9
09064019,8
0906401b,9
09064049,8
09064087,9
09064089,8
0906408b,9
0906408d,9
09064093,9
09064095,9
09064099,9
090640a9,9
09064189,9
09064209,8
0906420d,9
09064283,9
09064285,9
0906428c,9
09064291,9
090642a1,9
090642c1,9
09064809,8
0906480d,9
09064883,9
09064885,9
09064888,8
0906488a,9
0906488c,9
09064891,9
09064898,9
090648a8,9
090648c1,9
090648c8,9
09064988,9
09064a0c,9
09064a81,9
09065007,9
09065015,9
09065045,9
09065081,8
09065083,9
09065085,9
09065091,9
09065094,9
090650a1,9
090650c1,9
09065181,9
09065203,9
09065205,9
09065281,9
09065284,9
09065290,9
09065803,9
09065805,9
09065881,9
09065884,9
09065a01,9
09065a80,9
0906808d,9
09068099,9
09068189,9
0906820d,9
09068283,9
09068285,9
09068291,9
090682c1,9
09068381,9
09068449,9
09068885,9
09068889,9
0906888c,9
09068898,9
090688c8,9
09068a81,9
09068a88,9
09069081,8
09069083,9
09069085,9
09069091,9
090690a1,9
090690c1,9
09069181,9
09069205,9
09069281,9
09069284,9
09069881,9
09069a01,9
09069a80,9
0906a809,9
0906c007,9
0906c00d,9
0906c081,8
0906c083,9
0906c085,9
0906c08c,9
0906c091,9
0906c0a1,9
0906c0c1,9
0906c181,9
0906c205,9
0906c281,9
0906c805,9
0906c809,9
0906c881,9
0906c884,9
0906c888,9
0906ca01,9
0906d003,9
0906d005,9
0906d011,9
0906d041,9
0906d081,9
0906d084,9
0906d090,9
0906d101,9
0906d201,9
0906d280,9
0906d801,9
0906d804,9
0906d880,9
09070089,8
0907008b,9
0907008d,9
09070099,9
090700a9,9
090700c9,9
09070189,9
0907020b,9
0907020d,9
09070219,9
09070249,9
09070289,9
0907080b,9
0907080d,9
09070819,9
09070889,9
0907088c,9
09070a09,9
09070a81,9
09070a88,9
09071281,9
09071881,9
09074009,8
0907400b,9
09074019,9
09074089,9
09074209,9
09074281,9
09074809,9
09074881,9
09074888,9
09075081,9
09078089,9
09078281,9
09078409,9
09078888,9
09079081,9
0907c081,9
0908101f,9
09081a89,9
0908401f,9
09084a89,9
0908500f,9
09085087,9
0908520d,9
09085285,9
0908580d,9
09085885,9
09085889,9
09085a81,9
09088a89,9
09089889,9
0908c289,9
0908c889,9
0908d00d,9
0908d085,9
0908d209,9
0908d281,9
090a001f,9
090a008f,9
090a009b,9
090a009d,9
090a00ad,9
090a00cd,9
090a020f,9
090a021b,9
090a022d,9
090a024d,9
090a0289,8
090a028b,9
090a028d,9
090a0299,9
090a02a9,9
090a02c9,9
090a0389,9
090a080f,9
090a081b,9
090a0889,8
090a088b,9
090a088d,9
090a0899,9
090a08a9,9
090a08c9,9
090a0989,9
090a0a09,8
090a0a0b,9
090a0a0d,9
090a0a19,9
090a0a29,9
090a0a49,9
090a0a85,9
090a0a89,9
090a0a8c,9
090a0b09,9
090a1087,9
090a1207,9
090a1283,9
090a1285,9
090a1291,9
090a12c1,9
090a1885,9
090a1a81,9
090a400d,8
090a400f,9
090a4017,9
090a401b,9
090a401d,9
090a402d,9
090a404b,9
090a404d,9
090a4059,9
090a4087,9
090a4089,8
090a408b,9
090a408d,9
090a4099,9
090a40a9,9
090a40c9,9
090a410d,9
090a4189,9
090a4207,9
090a4209,8
090a420b,9
090a420d,9
090a4219,9
090a4229,9
090a4249,9
090a4283,9
090a4285,9
090a4289,9
090a428c,9
090a4291,9
090a42a1,9
090a42c1,9
090a4309,9
090a4809,8
090a480b,9
090a480d,9
090a4819,9
090a4829,9
090a4849,9
090a4885,9
090a4889,9
090a488c,9
090a4909,9
090a4a09,9
090a4a0c,9
090a4a81,9
090a4a88,9
090a5007,9
090a5083,9
090a5085,9
090a5091,9
090a50a1,9
090a50c1,9
090a5203,9
090a5205,9
090a5281,9
090a5284,9
090a5805,9
090a5881,9
090a5884,9
090a5a01,9
090a5a80,9
090a8089,8
090a8209,8
090a8283,9
090a8285,9
090a880d,9
090a8a81,9
090a8a88,9
090a9085,9
090a9205,9
090a9281,9
090a9881,9
090ac083,9
090ac085,9
090ac08c,9
090ac205,9
090ac281,9
090ac80c,9
090ac881,9
090ac888,9
090ad005,9
090ad081,9
090ad084,9
090ad201,9
090ad280,9
090b008d,9
090b020b,9
090b020d,9
090b0289,9
090b0889,9
090b0a09,9
090b0a81,9
090b1281,9
090b1888,9
090b400b,9
090b400d,9
090b4089,9
090b4209,9
090b4281,9
090b4809,9
090b5081,9
090b8809,9
090c001f,9
090c0a89,9
090c100f,9
090c101b,9
090c1099,9
090c120d,9
090c180d,9
090c1889,9
090c1a09,9
090c400f,9
090c401b,9
090c408b,9
090c408d,9
090c4099,9
090c420d,9
090c4289,9
090c480d,9
090c4889,9
090c5007,9
090c500b,9
090c500d,9
090c5019,9
090c5083,9
090c5085,9
090c5209,9
090c5281,9
090c5809,9
090c5881,9
090c5884,9
090c808d,9
090c8289,9
090c8889,9
090c8a09,9
090c900b,9
090c9281,9
090c9809,9
090cc00d,9
090cc089,9
090cc209,9
090cc809,9
090cd009,9
090cd081,9
090cd084,9
090e000d,8
090e000f,9
090e001b,9
090e001d,9
090e002d,9
090e004d,9
090e0089,8
090e008b,9
090e008d,9
090e0099,9
090e00a9,9
090e00c9,9
090e010d,9
090e0189,9
090e0209,8
090e020b,9
090e020d,9
090e0219,9
090e0229,9
090e0249,9
090e0283,9
090e0285,9
090e0289,9
090e028c,9
090e0309,9
090e0809,8
090e080b,9
090e080d,9
090e0819,9
090e0829,9
090e0885,9
090e0889,9
090e088c,9
090e0909,9
090e0a09,9
090e0a81,9
090e0a88,9
090e1083,9
090e1085,9
090e1205,9
090e1281,9
090e1284,9
090e1881,9
090e1a80,9
090e4007,9
090e4009,8
090e400b,9
090e400d,9
090e4083,9
090e4085,9
090e408c,9
090e4091,9
090e40c1,9
090e4205,9
090e4209,9
090e420c,9
090e4281,9
090e4284,9
090e4288,9
090e4805,9
090e480c,9
090e4881,9
090e4884,9
090e4888,9
090e4a08,9
090e5003,9
090e5005,9
090e5081,9
090e5084,9
090e5201,9
090e5204,9
090e5280,9
090e5801,9
090e5804,9
090e5880,9
090e8085,9
090e808c,9
090e8281,9
090e8288,9
090e8881,9
090e8888,9
090e9005,9
090e9081,9
090e9084,9
090e9201,9
090e9280,9
090ec005,9
090ec00c,9
090ec081,9
090ec084,9
090ec201,9
090ec808,9
090ed001,9
090ed004,9
090ed080,9
090f000b,9
090f000d,9
090f0089,9
090f0209,9
090f0281,9
090f0809,9
090f4009,9
090f4081,9
0920c125,9
0922009b,9
092200ad,9
09220889,8
0922088b,9
0922088d,9
09220899,9
092208a9,9
09220989,9
0922102c,8
09224017,9
0922402d,9
0922480d,9
09224849,9
0922808d,9
09228189,9
0922888c,9
09228988,9
0922c109,9
0922c809,9
09230889,9
09234809,9
09262809,9
09268809,9
0926a009,9
092a0283,9
092a0285,9
092a0381,9
092a0a81,9
092a4007,9
092a4203,9
09401887,9
09401a85,9
09404887,9
09404a85,9
09405095,9
09405891,9
09405894,9
09409891,9
0940c885,9
0940c891,9
0940d890,9
09411a81,9
09414885,9
09414a81,9
09415085,9
09415805,9
09415881,9
09415884,9
09415a04,9
09418a81,9
09419881,9
0941c881,9
0941d880,9
09420a81,8
09420a83,9
09420a85,9
09420a91,9
09420aa1,9
09420b81,9
0942280d,9
09424017,9
09424087,9
09424093,9
09424095,9
094240a5,9
09424281,8
09424291,9
09424881,8
09424885,9
09424891,9
09424a84,9
0942880d,9
0942a809,9
0942a80c,9
0942c884,9
09430285,9
09430885,9
09430a81,9
09432809,9
09434083,9
09434085,9
09434091,9
09434211,9
09434284,9
09434881,9
09434a80,9
09438809,9
09438881,9
0943a808,9
0943c880,9
09441891,9
09444807,9
09444883,9
09444885,9
09444891,9
094448c1,9
09444a05,9
09444a81,9
09445094,9
09445814,9
09445884,9
09445890,9
09448881,8
09448891,9
09449884,9
09449890,9
09449a80,9
0944c091,9
0944c881,9
0944c884,9
0944c890,9
0944ca80,9
09450a81,9
09451881,9
09454805,9
09454881,9
09455084,9
09455804,9
09455880,9
09458881,9
09459880,9
0945c081,9
0945c804,9
0945c880,9
09460281,8
09460291,9
0946080d,9
09460881,8
09460888,8
09460891,9
0946200d,9
09462809,9
0946280c,9
09464094,9
09464884,9
09464890,9
09468809,9
09468884,9
09468890,9
09468a80,9
0946a009,9
0946a801,9
0946a808,9
09470085,9
09470281,9
09470809,9
09470881,9
09470a80,9
09474084,9
09478280,9
09478880,9
09481885,9
09481a81,9
09484885,9
09484a81,9
09485083,9
09485085,9
09485284,9
09485805,9
09485881,9
09485884,9
09485a04,9
09485a80,9
09488a81,9
09489881,9
0948c281,9
0948c805,9
0948c881,9
0948d084,9
0948d880,9
09490a81,9
094a0283,9
094a0285,9
094a0291,9
094a0883,9
094a0885,9
094a0a81,9
094a1884,9
094a4007,9
094a4083,9
094a4085,9
094a4091,9
094a40a1,9
094a4281,9
094a4284,9
094a4881,9
094a4884,9
094a4a04,9
094a4a80,9
094a8a80,9
094b0281,9
094b0881,9
094b0a01,9
094b4081,9
094b4201,9
094b4280,9
094c0885,9
094c0a81,9
094c1881,9
094c4083,9
094c4085,9
094c4281,9
094c4805,9
094c4881,9
094c4884,9
094c4a01,9
094c5014,9
094c5084,9
094c5090,9
094c5804,9
094c5810,9
094c5880,9
094c8281,9
094c8881,9
094c9804,9
094c9880,9
094cc081,9
094cc084,9
094cc804,9
094cc880,9
094e0083,9
094e0085,9
094e0091,9
094e0281,9
094e0284,9
094e0881,9
094e0884,9
094e0a80,9
094e4084,9
094e4090,9
094e4880,9
094e8084,9
094e8280,9
094e8880,9
094f0081,9
094f0201,9
09628809,9
09630809,9
0980401f,9
0980404f,9
0980405b,9
0980406d,9
098040cb,9
098040cd,9
0980424b,9
0980424d,9
098042c9,9
0980484d,9
098048c9,9
09804a49,9
0980500f,9
0980501b,9
09805027,9
09805047,9
0980504b,9
09805059,9
09805063,9
09805065,9
09805069,9
09805087,9
098050c3,9
098050c5,9
098050c6,9
098050cc,9
098050e4,9
09805149,9
09805207,9
0980520b,9
09805243,9
09805245,9
09805246,9
0980524c,9
098052c1,9
098052c4,9
09805807,9
0980580b,9
0980580d,9
09805843,9
09805845,9
09805846,9
09805849,9
0980584c,9
09805889,9
098058c1,9
098058c4,9
09805a44,9
0980c047,9
0980c04b,9
0980c04d,9
0980c059,9
0980c069,9
0980c0c3,9
0980c0c5,9
0980c0c9,9
0980c125,9
0980c129,9
0980c149,9
0980c161,9
0980c164,9
0980c189,9
0980c1c1,9
0980c20b,9
0980c243,9
0980c245,9
0980c249,9
0980c289,9
0980c2c1,9
0980c309,9
0980c321,9
0980c341,9
0980c845,9
0980c849,9
0980c889,9
0980c8c1,9
0980ca09,9
0980ca41,9
0980d007,9
0980d00b,9
0980d019,9
0980d025,9
0980d043,9
0980d045,9
0980d046,9
0980d04a,9
0980d04c,9
0980d054,9
0980d061,9
0980d064,9
0980d083,9
0980d085,9
0980d0c1,9
0980d0c2,9
0980d0c4,9
0980d0c8,9
0980d0d0,9
0980d0e0,9
0980d103,9
0980d105,9
0980d109,9
0980d121,9
0980d124,9
0980d141,9
0980d144,9
0980d148,9
0980d160,9
0980d181,9
0980d1c0,9
0980d203,9
0980d205,9
0980d241,9
0980d242,9
0980d244,9
0980d248,9
0980d250,9
0980d260,9
0980d281,9
0980d2c0,9
0980d301,9
0980d340,9
0980d803,9
0980d805,9
0980d809,9
0980d841,9
0980d842,9
0980d844,9
0980d848,9
0980d881,9
0980d884,9
0980d8c0,9
0980da40,9
09814249,9
09815049,9
0981c049,9
0981d041,9
0981d044,9
0981d240,9
0982001f,9
0982009b,9
098200cb,9
098200cd,9
098200d9,9
0982021b,9
0982024b,9
0982024d,9
09820289,8
0982028b,9
0982028d,9
09820299,9
098202a9,9
098202c9,9
09820349,9
09820389,9
0982084b,9
0982084d,9
09820889,8
0982088b,9
0982088d,9
09820899,9
098208a9,9
098208c9,9
09820989,9
09820a0b,9
09820a0d,9
09820a49,9
09820a89,9
09820b09,9
09821283,9
09821285,9
098212c1,9
09821a81,9
0982400d,8
0982400f,9
0982401b,9
0982401d,9
0982402b,9
0982402d,9
09824039,9
09824047,9
09824049,8
0982404b,9
0982404d,9
09824059,9
09824065,9
09824069,9
0982406c,9
09824087,9
09824089,8
0982408b,9
0982408d,9
09824099,9
098240a5,9
098240a9,9
098240c1,8
098240c3,9
098240c5,9
098240c9,9
098240ca,9
098240cc,9
098240d1,9
098240d8,9
098240e1,9
098240e8,9
0982410b,9
0982410d,9
09824119,9
09824129,9
09824149,9
0982414c,9
09824189,9
098241c1,9
098241c8,9
09824209,8
0982420b,9
0982420d,9
09824219,9
09824229,9
09824243,9
09824245,9
09824249,9
0982424a,9
0982424c,9
09824251,9
09824261,9
09824268,9
09824283,9
09824285,9
09824289,9
0982428c,9
098242a1,9
098242c1,9
098242c2,9
098242c4,9
098242c8,9
098242d0,9
098242e0,9
09824309,9
09824341,9
09824348,9
09824381,9
098243c0,9
09824809,8
0982480b,9
0982480d,9
09824819,9
09824829,9
09824843,9
09824845,9
09824849,9
0982484a,9
0982484c,9
09824868,9
09824885,9
09824889,9
0982488c,9
098248c1,9
098248c4,9
098248c8,9
09824909,9
09824948,9
09824988,9
09824a09,9
09824a0c,9
09824a41,9
09824a44,9
09824a48,9
09824a81,9
09824a88,9
09824ac0,9
09825007,9
09825013,9
09825023,9
09825025,9
09825043,9
09825045,9
09825046,9
09825051,9
09825061,9
09825064,9
09825083,9
09825085,9
09825091,9
098250a1,9
098250c1,9
098250c2,9
098250c4,9
098250d0,9
098250e0,9
09825103,9
09825141,9
09825144,9
09825181,9
098251c0,9
09825203,9
09825205,9
09825241,9
09825242,9
09825244,9
09825250,9
09825260,9
09825281,9
09825284,9
098252c0,9
09825340,9
09825803,9
09825805,9
09825841,9
09825844,9
09825881,9
09825884,9
098258c0,9
09825a01,9
09825a40,9
09825a80,9
09828189,9
0982820b,9
0982820d,9
09828249,9
098282c1,9
09828309,9
09828849,9
09828a81,9
09828a88,9
09829083,9
09829085,9
098290c1,9
09829241,9
09829281,9
09829881,9
0982c007,9
0982c009,8
0982c025,9
0982c041,8
0982c043,9
0982c045,9
0982c04a,9
0982c04c,9
0982c051,9
0982c058,9
0982c061,9
0982c068,9
0982c083,9
0982c085,9
0982c08c,9
0982c091,9
0982c0a1,9
0982c0c1,9
0982c0c2,9
0982c0c4,9
0982c0c8,9
0982c0d0,9
0982c0e0,9
0982c103,9
0982c105,9
0982c121,9
0982c141,9
0982c148,9
0982c181,9
0982c188,9
0982c1c0,9
0982c203,9
0982c205,9
0982c20c,9
0982c221,9
0982c241,9
0982c242,9
0982c244,9
0982c250,9
0982c260,9
0982c281,9
0982c284,9
0982c2c0,9
0982c301,9
0982c340,9
0982c805,9
0982c80c,9
0982c841,9
0982c844,9
0982c848,9
0982c881,9
0982c888,9
0982c8c0,9
0982c908,9
0982ca01,9
0982ca40,9
0982d003,9
0982d005,9
0982d021,9
0982d041,9
0982d042,9
0982d044,9
0982d050,9
0982d060,9
0982d081,9
0982d082,9
0982d084,9
0982d0c0,9
0982d101,9
0982d140,9
0982d180,9
0982d201,9
0982d202,9
0982d204,9
0982d240,9
0982d280,9
0982d801,9
0982d804,9
0982d840,9
0982d880,9
098300c9,9
09830249,9
09830289,9
09830889,9
09830a09,9
0983400b,9
0983400d,9
09834029,9
09834049,9
09834089,9
098340c1,9
098340c8,9
09834109,9
09834209,9
09834241,9
09834248,9
09834281,9
098342c0,9
09834809,9
09834848,9
09835041,9
09835081,9
098350c0,9
09835240,9
09838089,9
09838209,9
0983c041,9
0983c048,9
0983c081,9
0983c201,9
0983c240,9
0983d001,9
0983d040,9
09841889,9
0984400f,9
0984401b,9
09844047,9
0984404b,9
0984404d,9
09844059,9
09844069,9
0984408b,9
0984408d,9
098440c3,9
098440c5,9
098440c9,9
09844125,9
09844149,9
09844189,9
09844249,9
09844289,9
098442c1,9
0984480b,9
0984480d,9
09844845,9
09844849,9
0984484c,9
09844889,9
098448c1,9
098448c4,9
098448c8,9
09844909,9
09844944,9
09845007,9
0984500b,9
0984500d,9
09845019,9
09845029,9
09845043,9
09845045,9
09845046,9
0984504a,9
0984504c,9
09845054,9
09845064,9
09845083,9
09845085,9
098450c1,9
098450c2,9
098450c4,9
098450c8,9
098450d0,9
09845103,9
09845109,9
09845141,9
09845142,9
09845144,9
09845148,9
098451c0,9
09845203,9
09845209,9
09845241,9
09845242,9
09845244,9
09845248,9
098452c0,9
09845340,9
09845803,9
09845805,9
09845806,9
09845809,9
0984580c,9
09845841,9
09845842,9
09845844,9
09845848,9
09845881,9
09845884,9
098458c0,9
09845940,9
09845a40,9
098480c9,9
09848249,9
09848289,9
09848889,9
09849049,9
09849209,9
09849809,9
09849881,9
0984c007,9
0984c00b,9
0984c00d,9
0984c019,9
0984c029,9
0984c043,9
0984c045,9
0984c046,9
0984c049,9
0984c04a,9
0984c04c,9
0984c051,9
0984c061,9
0984c064,9
0984c083,9
0984c085,9
0984c089,9
0984c0a1,9
0984c0c1,9
0984c0c2,9
0984c0c4,9
0984c0c8,9
0984c0d0,9
0984c0e0,9
0984c103,9
0984c105,9
0984c109,9
0984c121,9
0984c124,9
0984c141,9
0984c144,9
0984c148,9
0984c160,9
0984c181,9
0984c1c0,9
0984c203,9
0984c205,9
0984c209,9
0984c241,9
0984c242,9
0984c244,9
0984c248,9
0984c281,9
0984c2c0,9
0984c301,9
0984c340,9
0984c805,9
0984c809,9
0984c80c,9
0984c841,9
0984c844,9
0984c848,9
0984c881,9
0984c884,9
0984c888,9
0984c8c0,9
0984c901,9
0984c940,9
0984ca40,9
0984d003,9
0984d005,9
0984d006,9
0984d009,9
0984d00a,9
0984d00c,9
0984d021,9
0984d024,9
0984d040,8
0984d041,9
0984d042,9
0984d044,9
0984d048,9
0984d050,9
0984d060,9
0984d081,9
0984d082,9
0984d084,9
0984d088,9
0984d090,9
0984d0a0,9
0984d0c0,9
0984d101,9
0984d104,9
0984d108,9
0984d120,9
0984d140,9
0984d180,9
0984d201,9
0984d202,9
0984d204,9
0984d208,9
0984d240,9
0984d280,9
0984d300,9
0984d801,9
0984d802,9
0984d804,9
0984d808,9
0984d840,9
0984d880,9
0984d900,9
0984da00,9
09854049,9
09855009,9
0985c009,9
0985c041,9
0985d040,9
0986000f,9
0986001b,9
0986004b,9
0986004d,9
09860059,9
09860089,8
0986008b,9
09860099,9
098600a9,9
098600c9,9
09860149,9
09860189,9
09860209,8
0986020b,9
0986020d,9
09860219,9
09860229,9
09860249,9
09860289,9
098602c1,9
09860309,9
09860809,8
0986080b,9
09860819,9
09860829,9
09860889,9
098608c8,9
09860909,9
09860a09,9
09860a81,9
09860a88,9
09861085,9
098610c1,9
09861281,9
09861881,9
09862809,9
09864007,9
09864009,8
0986400b,9
09864029,9
09864043,9
09864045,9
0986404a,9
0986404c,9
09864051,9
09864058,9
09864061,9
09864068,9
09864083,9
09864085,9
0986408a,9
0986408c,9
09864091,9
098640a1,9
098640a8,9
098640c1,9
098640c2,9
098640c4,9
098640c8,9
098640d0,9
098640e0,9
0986410c,9
09864141,9
09864144,9
09864148,9
09864181,9
09864188,9
098641c0,9
09864203,9
09864205,9
0986420c,9
09864241,9
09864244,9
09864248,9
09864281,9
09864284,9
09864288,9
098642c0,9
09864340,9
09864805,9
0986480c,9
09864841,9
09864844,9
09864848,9
09864881,9
09864884,9
09864888,9
098648c0,9
09864908,9
09864a01,9
09864a08,9
09864a40,9
09865003,9
09865005,9
09865006,9
09865021,9
09865041,9
09865042,9
09865044,9
09865050,9
09865060,9
09865081,9
09865082,9
09865084,9
098650c0,9
09865101,9
09865140,9
09865180,9
09865201,9
09865204,9
09865240,9
09865280,9
09865801,9
09865804,9
09865840,9
09865880,9
09868085,9
098680c1,9
098680c8,9
09868181,9
09868281,9
09868288,9
09868809,9
09868848,9
09868881,9
09868888,9
09868a08,9
09869005,9
09869081,9
09869084,9
09869201,9
09869280,9
09869801,9
09869808,9
09869880,9
0986a009,9
0986c003,9
0986c005,9
0986c00c,9
0986c011,9
0986c021,9
0986c041,9
0986c042,9
0986c044,9
0986c050,9
0986c060,9
0986c081,9
0986c082,9
0986c084,9
0986c0a0,9
0986c0c0,9
0986c101,9
0986c108,9
0986c140,9
0986c180,9
0986c201,9
0986c204,9
0986c240,9
0986c280,9
0986c801,9
0986c804,9
0986c840,9
0986c880,9
0986d001,9
0986d002,9
0986d004,9
0986d040,9
0986d080,9
0986d100,9
0986d200,9
0986d800,9
09870049,9
09870089,9
09870209,9
09870809,9
09874009,9
09874041,9
09874048,9
09874081,9
098740c0,9
0987c001,9
0987c040,9
0988404b,9
0988404d,9
098840c9,9
09884249,9
09885007,9
0988500b,9
09885043,9
09885045,9
09885046,9
09885049,9
0988504c,9
09885083,9
09885089,9
098850c1,9
098850c4,9
09885241,9
09885244,9
098852c0,9
09885844,9
0988c049,9
0988c089,9
0988c0c1,9
0988c209,9
0988c241,9
0988c244,9
0988c281,9
0988d003,9
0988d009,9
0988d041,9
0988d042,9
0988d044,9
0988d048,9
0988d081,9
0988d0c0,9
0988d201,9
0988d204,9
0988d240,9
0988d840,9
098a008b,9
098a008d,9
098a00c9,9
098a0189,9
098a020b,9
098a020d,9
098a0249,9
098a0289,9
098a080b,9
098a080d,9
098a0849,9
098a0889,9
098a0a09,9
098a0a81,9
098a0a88,9
098a1281,9
098a1888,9
098a400b,9
098a400d,9
098a4019,9
098a4029,9
098a4043,9
098a4045,9
098a4049,9
098a404c,9
098a4083,9
098a4085,9
098a4089,9
098a408c,9
098a40c1,9
098a40c4,9
098a40c8,9
098a4109,9
098a4205,9
098a4209,9
098a4241,9
098a4244,9
098a4248,9
098a4281,9
098a4288,9
098a42c0,9
098a4809,9
098a480c,9
098a4848,9
098a4881,9
098a4888,9
098a5003,9
098a5005,9
098a5041,9
098a5044,9
098a5081,9
098a5084,9
098a50c0,9
098a5201,9
098a5204,9
098a5240,9
098a5280,9
098a8281,9
098a9081,9
098a9201,9
098ac005,9
098ac041,9
098ac044,9
098ac048,9
098ac081,9
098ac088,9
098ac0c0,9
098ac201,9
098ac240,9
098ac280,9
098ac808,9
098ad001,9
098ad004,9
098ad040,9
098ad080,9
098ad200,9
098b0089,9
098b0209,9
098b4009,9
098c400b,9
098c400d,9
098c4049,9
098c4089,9
098c40c1,9
098c4209,9
098c4844,9
098c5003,9
098c5009,9
098c5041,9
098c5042,9
098c5044,9
098c5048,9
098c50c0,9
098c5240,9
098c5804,9
098c5840,9
098c8089,9
098c8209,9
098c9009,9
098cc009,9
098cc041,9
098cc044,9
098cc048,9
098cc081,9
098cc0c0,9
098cc140,9
098cc201,9
098cc240,9
098cc840,9
098cd001,9
098cd002,9
098cd004,9
098cd008,9
098cd040,9
098cd080,9
098cd200,9
098e000b,9
098e000d,9
098e0049,9
098e0089,9
098e0109,9
098e0209,9
098e0281,9
098e0809,9
098e0888,9
098e1081,9
098e4003,9
098e4005,9
098e400c,9
098e4041,9
098e4044,9
098e4048,9
098e4081,9
098e4084,9
098e4088,9
098e40c0,9
098e4201,9
098e4240,9
098e4280,9
098e4808,9
098e5001,9
098e5004,9
098e5040,9
098e5080,9
098e8081,9
098e8088,9
098e8201,9
098ec001,9
098ec004,9
098ec040,9
098ec080,9
098ec200,9
098ed000,9
098f0009,9
09a20849,9
09a28109,9
09a28809,9
09c04053,9
09c040c3,9
09c040c5,9
09c040d1,9
09c040e1,9
09c040e4,9
09c04125,9
09c04164,9
09c042c4,9
09c042d0,9
09c04807,9
09c04825,9
09c04846,9
09c04851,9
09c04854,9
09c04864,9
09c04885,9
09c048c1,9
09c048c4,9
09c048d0,9
09c04944,9
09c049c0,9
09c04a44,9
09c04a81,9
09c04ac0,9
09c05044,8
09c050c0,8
09c05840,8
09c05884,9
09c08a81,9
09c09881,9
09c0c054,9
09c0c0c2,9
09c0c0d0,9
09c0c0e0,9
09c0c124,9
09c0c240,8
09c0c824,9
09c0c840,8
09c0c850,9
09c0c881,9
09c0c884,9
09c0c8c0,9
09c0c980,9
09c0ca04,9
09c0ca80,9
09c0d090,9
09c0d810,9
09c0d880,9
09c14043,9
09c140c1,9
09c14244,9
09c14250,9
09c142c0,9
09c14340,9
09c14841,9
09c14844,9
09c148c0,9
09c14a40,9
09c15804,9
09c15a00,9
09c1c044,9
09c1c050,9
09c1c060,9
09c1c0c0,9
09c1c801,9
09c1c804,9
09c1c840,9
09c1c880,9
09c1ca00,9
09c1d080,9
09c1d800,9
09c20849,9
09c20a81,9
09c22809,9
09c24091,9
09c240c0,8
09c24284,9
09c24884,9
09c28809,9
09c28a80,9
09c2a808,9
09c30281,9
09c34081,9
09c34280,9
09c44007,9
09c44025,9
09c44041,8
09c44044,8
09c44046,9
09c44051,9
09c44052,9
09c44054,9
09c44062,9
09c44064,9
09c44070,9
09c44083,9
09c44085,9
09c440c0,8
09c440c2,9
09c440c4,9
09c440d0,9
09c440e0,9
09c44124,9
09c44140,8
09c44142,9
09c44144,9
09c44150,9
09c44160,9
09c44181,9
09c441c0,9
09c44203,9
09c44240,8
09c44242,9
09c44250,9
09c44260,9
09c44281,9
09c442c0,9
09c44803,9
09c44805,9
09c44806,9
09c44821,9
09c44824,9
09c44840,8
09c44842,9
09c44844,9
09c44850,9
09c44860,9
09c44881,9
09c44884,9
09c448c0,9
09c44904,9
09c44940,9
09c44980,9
09c44a01,9
09c44a04,9
09c44a40,9
09c44a80,9
09c45040,8
09c45090,9
09c45810,9
09c45880,9
09c488c0,9
09c49084,9
09c490c0,9
09c49802,9
09c49804,9
09c49810,9
09c49840,9
09c49880,9
09c49900,9
09c49a00,9
09c4c006,9
09c4c014,9
09c4c024,9
09c4c040,8
09c4c050,9
09c4c082,9
09c4c084,9
09c4c090,9
09c4c0a0,9
09c4c0c0,9
09c4c180,9
09c4c210,9
09c4c280,9
09c4c800,8
09c4c802,9
09c4c804,9
09c4c810,9
09c4c820,9
09c4c880,9
09c4c900,9
09c4d000,8
09c54041,9
09c54042,9
09c54044,9
09c54050,9
09c54060,9
09c540c0,9
09c54140,9
09c54201,9
09c54240,9
09c54801,9
09c54804,9
09c54840,9
09c54880,9
09c55080,9
09c55800,9
09c58801,9
09c59800,9
09c5c004,9
09c5c040,9
09c5c080,9
09c5c100,9
09c5c200,9
09c5c800,9
09c602c0,9
09c60a80,9
09c680c0,9
09c68280,9
09c68880,9
09c70081,9
09c84043,9
09c84045,9
09c84064,9
09c840c1,9
09c840c4,9
09c84242,9
09c84244,9
09c842c0,9
09c84841,9
09c84844,9
09c848c0,9
09c84a40,9
09c85006,9
09c85050,9
09c85081,9
09c85084,9
09c85804,9
09c8c050,9
09c8c081,9
09c8c0c0,9
09c8c804,9
09c8c880,9
09c8ca00,9
09c8d080,9
09c8d800,9
09c94240,9
09c95040,9
09c95200,9
09c9c040,9
09c9c200,9
09ca0281,9
09ca0881,9
09ca4081,9
09ca4084,9
09ca4204,9
09ca4280,9
09cb4200,9
09cc4003,9
09cc4042,9
09cc4044,9
09cc4050,9
09cc4060,9
09cc4081,9
09cc4084,9
09cc40c0,9
09cc4140,9
09cc4201,9
09cc4204,9
09cc4240,9
09cc4801,9
09cc4804,9
09cc4840,9
09cc4880,9
09cc5002,9
09cc5010,9
09cc5080,9
09cc5800,9
09cc8801,9
09cc8880,9
09cc9800,9
09ccc004,9
09ccc040,9
09ccc080,9
09ccc100,9
09ccc200,9
09ccc800,9
09cd4040,9
09cd4200,9
09cdc000,9
09ce0081,9
09ce8080,9
0a00501f,9
0a00508f,9
0a00580f,9
0a00812f,9
0a0081ad,9
0a00912d,9
0a00a12d,9
0a00a1a9,9
0a01812d,9
0a01a889,9
0a02003f,9
0a02009f,9
0a02021f,9
0a02028f,9
0a02029b,9
0a0202cb,9
0a02081f,9
0a02088b,8
0a02088f,9
0a02089b,9
0a0208ab,9
0a0208cb,9
0a02098b,9
0a020a0f,9
0a020a1b,9
0a020a89,8
0a020a8b,9
0a020a8d,9
0a020a99,9
0a020aa9,9
0a020ac9,9
0a020b89,9
0a021287,9
0a02400f,8
0a02401f,9
0a02402f,9
0a02404f,9
0a02408b,8
0a02408d,8
0a02408f,9
0a02409b,9
0a02409d,9
0a0240ab,9
0a0240ad,9
0a0240cb,9
0a0240cd,9
0a0240d9,9
0a02410f,9
0a02418b,9
0a02418d,9
0a02420b,8
0a02420f,9
0a02421b,9
0a02424b,9
0a024287,9
0a024289,8
0a02428b,9
0a02428d,9
0a024299,9
0a0242a9,9
0a0242c9,9
0a024389,9
0a02480b,8
0a02480d,8
0a02480f,9
0a02481b,9
0a02482b,9
0a02484b,9
0a024889,8
0a02488b,9
0a02488d,9
0a02488e,9
0a024899,9
0a0248a9,9
0a0248c9,9
0a02490b,9
0a024989,9
0a024a09,8
0a024a0d,9
0a024a83,9
0a024a85,9
0a024a8c,9
0a024c09,8
0a024c29,9
0a025017,9
0a025087,9
0a02508e,9
0a025093,9
0a025283,9
0a025285,9
0a025291,9
0a0252c1,9
0a025807,9
0a025883,9
0a025885,9
0a02588a,9
0a02588c,9
0a025898,9
0a0258c8,9
0a025a81,9
0a02808f,9
0a02812d,9
0a02818b,9
0a0281a9,9
0a028289,8
0a02828b,9
0a02828d,9
0a0282a9,9
0a028889,8
0a02888b,9
0a02888d,9
0a028899,9
0a0288a9,9
0a0288c9,9
0a028929,9
0a028989,9
0a0289a8,9
0a029a88,9
0a02c087,9
0a02c125,9
0a02c281,8
0a02c283,9
0a02c291,9
0a02c2c1,9
0a02c883,9
0a02c885,9
0a02c88a,9
0a02c8c8,9
0a02c988,9
0a02ca81,9
0a02d091,9
0a02d0c1,9
0a02d881,9
0a03020f,9
0a030289,8
0a03028b,9
0a03028d,9
0a030299,9
0a0302a9,9
0a0302c9,9
0a030389,9
0a030889,8
0a03088b,9
0a03088d,9
0a030899,9
0a0308a9,9
0a0308c9,9
0a030989,9
0a030a0b,9
0a030a89,9
0a03400f,9
0a034089,8
0a03408b,9
0a03408d,9
0a034099,9
0a0340a9,9
0a0340c9,9
0a034189,9
0a034209,8
0a03420b,9
0a03420d,9
0a034219,9
0a034229,9
0a034249,9
0a034289,9
0a034309,9
0a03480b,9
0a03480d,9
0a034849,9
0a034889,9
0a034a09,9
0a034a88,9
0a035281,9
0a035888,9
0a03808b,9
0a03808d,9
0a038129,9
0a038189,9
0a038889,9
0a038909,9
0a038a81,9
0a039281,9
0a039888,9
0a03a881,9
0a03c281,9
0a03c888,9
0a03d081,9
0a04101f,9
0a041a89,9
0a04401f,9
0a04480f,9
0a04488b,9
0a044a89,9
0a04508b,9
0a04508d,9
0a045289,9
0a04580b,9
0a04580d,9
0a045889,9
0a04a125,9
0a04c099,9
0a04c12c,9
0a04d083,9
0a04d085,9
0a04d281,9
0a04d805,9
0a04d80c,9
0a04d881,9
0a04d888,9
0a06001f,9
0a06008b,8
0a06008f,9
0a06009b,9
0a0600cb,9
0a0600d9,9
0a060289,8
0a060299,9
0a060889,8
0a060a83,9
0a060a8a,9
0a060a8c,9
0a06180e,9
0a061883,9
0a061888,8
0a06188a,9
0a06188c,9
0a061898,9
0a0618a8,9
0a0618c8,9
0a061988,9
0a061a88,9
0a062087,9
0a062883,9
0a062885,9
0a06400b,8
0a064087,9
0a064089,8
0a06408b,9
0a064093,9
0a064283,9
0a064285,9
0a06428c,9
0a064291,9
0a0642c1,9
0a06480e,9
0a064883,9
0a064885,9
0a064888,8
0a06488a,9
0a06488c,9
0a064898,9
0a0648a8,9
0a0648c8,9
0a064988,9
0a064a81,9
0a064a88,9
0a065083,9
0a065085,9
0a06508a,9
0a065091,9
0a065098,9
0a0650c1,9
0a0650c8,9
0a065281,9
0a065284,9
0a065803,9
0a065881,9
0a065884,9
0a065888,9
0a065a80,9
0a068888,8
0a06888a,9
0a06888c,9
0a068898,9
0a0688a8,9
0a0688c8,9
0a068988,9
0a068a88,9
0a069288,9
0a069888,9
0a06a081,8
0a06a083,9
0a06a085,9
0a06a091,9
0a06a0a1,9
0a06a0c1,9
0a06a181,9
0a06a881,9
0a06c081,8
0a06c088,8
0a06c08a,9
0a06c091,9
0a06c0c1,9
0a06c881,9
0a06c884,9
0a06c888,9
0a06ca80,9
0a06d084,9
0a06d280,9
0a06d804,9
0a06d880,9
0a070089,8
0a07008b,9
0a070099,9
0a0700c9,9
0a070a81,9
0a070a88,9
0a071888,9
0a072881,9
0a074281,9
0a074881,9
0a074888,9
0a075081,9
0a075088,9
0a078888,9
0a07a081,9
0a07a880,9
0a07c081,9
0a08500f,9
0a08c12c,9
0a0a001f,9
0a0a008f,9
0a0a009b,9
0a0a020f,9
0a0a021b,9
0a0a0289,8
0a0a028b,9
0a0a028d,9
0a0a0299,9
0a0a02a9,9
0a0a02c9,9
0a0a0389,9
0a0a080f,9
0a0a081b,9
0a0a0889,8
0a0a088b,9
0a0a088d,9
0a0a0899,9
0a0a08a9,9
0a0a08c9,9
0a0a0989,9
0a0a0a09,8
0a0a0a0b,9
0a0a0a0d,9
0a0a0a19,9
0a0a0a29,9
0a0a0a49,9
0a0a0a89,9
0a0a0b09,9
0a0a1285,9
0a0a188c,9
0a0a1a81,9
0a0a1a88,9
0a0a400f,9
0a0a401b,9
0a0a404b,9
0a0a404d,9
0a0a4087,9
0a0a4089,8
0a0a408b,9
0a0a408d,9
0a0a4099,9
0a0a40a9,9
0a0a40c9,9
0a0a4189,9
0a0a4207,9
0a0a4209,8
0a0a4219,9
0a0a4249,9
0a0a4283,9
0a0a4285,9
0a0a4289,9
0a0a4809,8
0a0a480b,9
0a0a4819,9
0a0a4829,9
0a0a4849,9
0a0a4885,9
0a0a4889,9
0a0a488c,9
0a0a4909,9
0a0a4a81,9
0a0a4a88,9
0a0a5007,9
0a0a5083,9
0a0a5085,9
0a0a5205,9
0a0a5281,9
0a0a5881,9
0a0a5888,9
0a0a8283,9
0a0a8285,9
0a0a8a81,9
0a0a8a88,9
0a0a9281,9
0a0a9288,9
0a0a9888,9
0a0ac083,9
0a0ac085,9
0a0ac281,9
0a0ac881,9
0a0ac888,9
0a0ad081,9
0a0b008b,9
0a0b020b,9
0a0b020d,9
0a0b0289,9
0a0b0889,9
0a0b0a09,9
0a0b0a88,9
0a0b1888,9
0a0b400b,9
0a0b400d,9
0a0b4089,9
0a0b4209,9
0a0b4809,9
0a0b4888,9
0a0b8888,9
0a0c0a89,9
0a0c1889,9
0a0c400f,9
0a0c408b,9
0a0c4889,9
0a0c500b,9
0a0c5089,9
0a0e001b,9
0a0e0089,8
0a0e008b,9
0a0e0099,9
0a0e00c9,9
0a0e0209,8
0a0e0283,9
0a0e0285,9
0a0e088a,9
0a0e088c,9
0a0e0a81,9
0a0e0a88,9
0a0e1085,9
0a0e108c,9
0a0e1281,9
0a0e1288,9
0a0e1881,9
0a0e1888,9
0a0e1a08,9
0a0e4007,9
0a0e4009,8
0a0e4083,9
0a0e4085,9
0a0e408c,9
0a0e4281,9
0a0e4288,9
0a0e480c,9
0a0e4881,9
0a0e4888,9
0a0e4a08,9
0a0e5003,9
0a0e5005,9
0a0e5081,9
0a0e5084,9
0a0e5088,9
0a0e5201,9
0a0e8083,9
0a0e8288,9
0a0e8888,9
0a0e9088,9
0a0e9808,9
0a0ec003,9
0a0ec081,9
0a0ed080,9
0a0f0888,9
0a108325,9
0a10832c,9
0a10892c,9
0a109125,9
0a10912c,9
0a128125,9
0a12812c,9
0a128888,8
0a12888a,9
0a12888c,9
0a128898,9
0a1288a8,9
0a1288c8,9
0a128988,9
0a13088c,9
0a130898,9
0a138881,9
0a138888,9
0a14812c,9
0a158888,9
0a16080e,9
0a16081a,9
0a160888,8
0a16088a,9
0a16088c,9
0a160898,9
0a1608a8,9
0a1608c8,9
0a160988,9
0a16808a,9
0a16808c,9
0a168098,9
0a1680c8,9
0a168128,9
0a168188,9
0a168808,8
0a16880a,9
0a16880c,9
0a168818,9
0a168828,9
0a168848,9
0a168888,9
0a168908,9
0a17080c,9
0a170888,9
0a170a80,9
0a178088,9
0a178808,9
0a1a1884,9
0a1a9880,9
0a1b1880,9
0a1e8880,9
0a1f0880,9
0a2081a9,9
0a20c125,9
0a22008f,9
0a22020f,9
0a220287,9
0a220289,8
0a22028b,9
0a22028d,9
0a22028e,9
0a220296,9
0a220299,9
0a22029a,9
0a2202a9,9
0a220389,9
0a22042d,9
0a22050b,9
0a220889,8
0a22088b,9
0a22088d,9
0a220899,9
0a2208a9,9
0a2208c9,9
0a220989,9
0a220a83,9
0a220a88,8
0a220a89,9
0a220a8a,9
0a220a8c,9
0a220a98,9
0a220aa8,9
0a220c09,8
0a220c0a,8
0a220c0b,9
0a220c19,9
0a220c29,9
0a220c2a,9
0a220d09,9
0a22100e,8
0a22400f,9
0a224089,8
0a22408b,9
0a22408d,9
0a22408e,9
0a224099,9
0a22409a,9
0a2240a9,9
0a224189,9
0a22420b,9
0a22420d,9
0a224219,9
0a224281,8
0a224409,8
0a22440b,9
0a224429,9
0a224509,9
0a22480b,9
0a22480d,9
0a224888,8
0a224889,9
0a22488a,9
0a22488c,9
0a224898,9
0a2248a8,9
0a224a09,9
0a224c08,8
0a224c09,9
0a224c28,9
0a228089,8
0a22808b,9
0a22808d,9
0a228099,9
0a2280a9,9
0a228129,9
0a22812c,9
0a228189,9
0a22818a,9
0a2281a8,9
0a228888,8
0a228889,9
0a22888a,9
0a22888c,9
0a228898,9
0a2288a8,9
0a228909,9
0a23008b,9
0a230189,9
0a23020b,9
0a230409,8
0a230429,9
0a230889,9
0a23088a,9
0a230a09,9
0a234809,9
0a40c12c,9
0a42088b,9
0a42088d,9
0a420899,9
0a4208c9,9
0a420a89,9
0a420c09,8
0a420c0b,9
0a420c19,9
0a420c29,9
0a420d09,9
0a421a88,9
0a42408d,9
0a42440b,9
0a42480d,9
0a424885,9
0a424889,9
0a42488c,9
0a424898,9
0a424a09,9
0a424c08,8
0a424c09,9
0a424c28,9
0a428189,9
0a428289,9
0a428888,8
0a428889,9
0a42888a,9
0a42888c,9
0a428898,9
0a4288a8,9
0a428909,9
0a428988,9
0a428a88,9
0a429888,9
0a42c888,9
0a430889,9
0a430a09,9
0a430a81,9
0a430a88,9
0a431888,9
0a431a08,9
0a434809,9
0a434888,9
0a438089,9
0a438888,9
0a43c808,9
0a445884,9
0a44812c,9
0a449888,9
0a460a88,9
0a461888,9
0a461a08,9
0a468888,9
0a468908,9
0a468a08,9
0a469088,9
0a469808,9
0a470888,9
0a470a08,9
0a471208,9
0a471808,9
0a474280,9
0a478808,9
0a488125,9
0a4a0a81,9
0a4a0a88,9
0a4a1288,9
0a4a1888,9
0a4a1a08,9
0a4a480c,9
0a4a4888,9
0a4a8888,9
0a4a9088,9
0a4a9808,9
0a4ac088,9
0a4ac808,9
0a4b0888,9
0a4b1208,9
0a4b4088,9
0a4b4808,9
0a4c8888,9
0a4c9808,9
0a4cc880,9
0a4e0888,9
0a4e0a08,9
0a4e1088,9
0a4e1208,9
0a4e1808,9
0a4e4880,9
0a4e8088,9
0a4e8808,9
0a4e9008,9
0a4f0208,9
0a4f0808,9
0a4f1008,9
0a501807,9
0a501883,9
0a501885,9
0a508125,9
0a50812c,9
0a508921,9
0a509121,9
0a509124,9
0a509803,9
0a509805,9
0a509811,9
0a509841,9
0a509881,9
0a509901,9
0a511803,9
0a511805,9
0a511881,9
0a518881,9
0a518888,9
0a519801,9
0a520888,8
0a52088a,9
0a52088c,9
0a520898,9
0a5208a8,9
0a5208c8,9
0a520988,9
0a528808,8
0a52880a,9
0a52880c,9
0a528818,9
0a528828,9
0a528848,9
0a528888,9
0a528908,9
0a529880,9
0a53080c,9
0a530818,9
0a530848,9
0a530888,9
0a531880,9
0a538088,9
0a538808,9
0a548124,9
0a54880c,9
0a548888,9
0a548908,9
0a550888,9
0a558808,9
0a558880,9
0a560808,8
0a56080a,9
0a56080c,9
0a560818,9
0a560828,9
0a560848,9
0a560888,9
0a560908,9
0a568088,9
0a568108,9
0a568808,9
0a568880,9
0a570088,9
0a570808,9
0a570880,9
0a578008,9
0a578800,9
0a588124,9
0a599800,9
0a5a1880,9
0a5a8880,9
0a5a9080,9
0a5a9800,9
0a5b0880,9
0a5b1080,9
0a5c8804,9
0a5c8880,9
0a5d8800,9
0a5e0880,9
0a5e8080,9
0a5e8800,9
0a5f0800,9
0a604c09,9
0a608889,9
0a620289,9
0a620409,8
0a62040b,9
0a62040d,9
0a620419,9
0a620429,9
0a62042c,9
0a620509,9
0a62050a,9
0a620889,9
0a62088a,9
0a620a09,9
0a620a81,9
0a620a88,9
0a620c08,8
0a620c09,9
0a620c0a,9
0a620c18,9
0a620c28,9
0a620d08,9
0a624089,9
0a624209,9
0a624408,8
0a624409,9
0a62440a,9
0a624428,9
0a624508,9
0a624809,9
0a624881,9
0a624888,9
0a624a08,9
0a624c08,9
0a628089,9
0a628188,9
0a628809,9
0a628881,9
0a628888,9
0a628908,9
0a630089,9
0a630209,9
0a630408,8
0a630409,9
0a630428,9
0a630809,9
0a630888,9
0a634009,9
0a634808,9
0a660809,9
0a80500f,9
0a805047,9
0a80504b,9
0a80508b,9
0a805207,9
0a805249,9
0a80812d,9
0a80c04b,9
0a80c08b,9
0a80c0c9,9
0a80c123,9
0a80c125,9
0a80c126,9
0a80c12c,9
0a80c149,9
0a80c14a,9
0a80c161,9
0a80c164,9
0a80c168,9
0a80c189,9
0a80c1a1,9
0a80c1a4,9
0a80c243,9
0a80c2c1,9
0a80c324,9
0a80c328,9
0a80c341,9
0a80c360,9
0a80c381,9
0a80c849,9
0a80c889,9
0a80c924,9
0a80d007,9
0a80d00e,9
0a80d043,9
0a80d046,9
0a80d04a,9
0a80d04c,9
0a80d083,9
0a80d0c1,9
0a80d0c8,9
0a80d103,9
0a80d121,9
0a80d124,9
0a80d128,9
0a80d141,9
0a80d148,9
0a80d181,9
0a80d203,9
0a80d206,9
0a80d241,9
0a80d242,9
0a80d244,9
0a80d248,9
0a80d281,9
0a80d301,9
0a80d308,9
0a80d320,9
0a80d340,9
0a81c049,9
0a81c109,9
0a81c124,9
0a81c301,9
0a82001f,9
0a82008f,9
0a82009b,9
0a8200cb,9
0a82020f,9
0a82024b,9
0a820289,8
0a82028b,9
0a82028d,9
0a820299,9
0a8202a9,9
0a8202c9,9
0a820389,9
0a82080f,9
0a82084b,9
0a820889,8
0a82088b,9
0a82088d,9
0a820899,9
0a8208a9,9
0a8208c9,9
0a820989,9
0a820a0b,9
0a820a49,9
0a820a89,9
0a820b09,9
0a821a88,9
0a82400b,8
0a82400f,9
0a82401b,9
0a82402b,9
0a82402d,9
0a824049,8
0a82404b,9
0a82404d,9
0a824059,9
0a824069,9
0a824087,9
0a824089,8
0a82408b,9
0a82408d,9
0a824099,9
0a8240a9,9
0a8240c3,9
0a8240c9,9
0a82410b,9
0a824129,9
0a824149,9
0a824189,9
0a8241c8,9
0a824207,9
0a824209,8
0a82420b,9
0a82420d,9
0a824219,9
0a824229,9
0a824243,9
0a824249,9
0a824283,9
0a824285,9
0a824289,9
0a8242c1,9
0a8242c8,9
0a824309,9
0a824381,9
0a824809,8
0a82480b,9
0a82480d,9
0a824819,9
0a824829,9
0a824849,9
0a82484c,9
0a824889,9
0a82488a,9
0a82488c,9
0a8248c1,9
0a8248c8,9
0a824909,9
0a824988,9
0a824a48,9
0a824a81,9
0a824a88,9
0a825007,9
0a825043,9
0a825045,9
0a82504a,9
0a82504c,9
0a825083,9
0a825085,9
0a82508a,9
0a8250c1,9
0a8250c8,9
0a825103,9
0a825148,9
0a825181,9
0a825188,9
0a825206,9
0a825241,9
0a825281,9
0a8252c0,9
0a825803,9
0a82580a,9
0a825848,9
0a825881,9
0a825888,9
0a82804b,9
0a828089,8
0a82808b,9
0a82808d,9
0a828099,9
0a8280a9,9
0a8280c9,9
0a82810b,9
0a828129,9
0a828149,9
0a828189,9
0a828283,9
0a8282c1,9
0a82880b,9
0a828849,9
0a828889,9
0a82888a,9
0a828909,9
0a828a81,9
0a828a88,9
0a829888,9
0a82c043,9
0a82c045,9
0a82c04a,9
0a82c061,9
0a82c068,9
0a82c083,9
0a82c085,9
0a82c08a,9
0a82c091,9
0a82c0a1,9
0a82c0a8,9
0a82c0c1,9
0a82c0c8,9
0a82c103,9
0a82c10a,9
0a82c121,9
0a82c124,9
0a82c128,9
0a82c141,9
0a82c148,9
0a82c181,9
0a82c188,9
0a82c201,8
0a82c211,9
0a82c241,9
0a82c242,9
0a82c281,9
0a82c282,9
0a82c2c0,9
0a82c320,9
0a82c340,9
0a82c380,9
0a82c803,9
0a82c841,9
0a82c848,9
0a82c881,9
0a82c888,9
0a82c901,9
0a82c908,9
0a82d006,9
0a82d008,8
0a82d041,9
0a82d042,9
0a82d044,9
0a82d081,9
0a82d082,9
0a82d084,9
0a82d0c0,9
0a82d140,9
0a82d180,9
0a82d202,9
0a82d240,9
0a82d280,9
0a82d300,9
0a82d801,9
0a83008b,9
0a8300c9,9
0a83020b,9
0a830249,9
0a830289,9
0a830889,9
0a830a09,9
0a83400b,9
0a83400d,9
0a834029,9
0a834049,9
0a834089,9
0a834109,9
0a834209,9
0a834281,9
0a834809,9
0a83800b,9
0a838049,9
0a838089,9
0a838109,9
0a838809,9
0a83c041,9
0a83c048,9
0a83c081,9
0a83c088,9
0a83c101,9
0a83c108,9
0a83c201,9
0a83d001,9
0a84400f,9
0a84404b,9
0a84408b,9
0a8440c9,9
0a844149,9
0a844249,9
0a84480b,9
0a844849,9
0a844889,9
0a845007,9
0a84500b,9
0a845043,9
0a845046,9
0a845049,9
0a845083,9
0a845089,9
0a845206,9
0a845803,9
0a845806,9
0a845809,9
0a848125,9
0a84c007,9
0a84c019,9
0a84c043,9
0a84c049,9
0a84c04a,9
0a84c083,9
0a84c089,9
0a84c0c1,9
0a84c0c8,9
0a84c103,9
0a84c105,9
0a84c10a,9
0a84c10c,9
0a84c121,9
0a84c124,9
0a84c128,9
0a84c141,9
0a84c148,9
0a84c160,9
0a84c181,9
0a84c188,9
0a84c1a0,9
0a84c1c0,9
0a84c203,9
0a84c241,9
0a84c248,9
0a84c281,9
0a84c288,9
0a84c2c0,9
0a84c301,9
0a84c308,9
0a84c320,9
0a84c340,9
0a84c803,9
0a84c80c,9
0a84c841,9
0a84c848,9
0a84c881,9
0a84c888,9
0a84c8c0,9
0a84c901,9
0a84c908,9
0a84c940,9
0a84ca01,9
0a84ca40,9
0a84d003,9
0a84d005,9
0a84d006,9
0a84d00a,9
0a84d00c,9
0a84d041,9
0a84d042,9
0a84d044,9
0a84d048,9
0a84d081,9
0a84d082,9
0a84d084,9
0a84d088,9
0a84d0c0,9
0a84d101,9
0a84d102,9
0a84d104,9
0a84d108,9
0a84d120,9
0a84d140,9
0a84d180,9
0a84d201,9
0a84d202,9
0a84d204,9
0a84d208,9
0a84d240,9
0a84d280,9
0a84d300,9
0a84d801,9
0a84d802,9
0a84d804,9
0a84d808,9
0a84d840,9
0a84d880,9
0a84d900,9
0a84da00,9
0a85c009,9
0a85c101,9
0a85c108,9
0a85d008,9
0a86004b,9
0a860089,8
0a86008b,9
0a860099,9
0a8600c9,9
0a86088a,9
0a8608c8,9
0a860a81,9
0a860a88,9
0a861281,9
0a861288,9
0a861888,9
0a861a08,9
0a864007,9
0a864043,9
0a86404a,9
0a86404c,9
0a864083,9
0a864085,9
0a86408a,9
0a86408c,9
0a8640a1,9
0a8640a8,9
0a8640c1,9
0a8640c8,9
0a864103,9
0a864141,9
0a864148,9
0a864181,9
0a864188,9
0a8641c0,9
0a864203,9
0a864241,9
0a864248,9
0a864281,9
0a864288,9
0a8642c0,9
0a864308,9
0a864803,9
0a86480a,9
0a86480c,9
0a864828,9
0a864841,9
0a864848,9
0a864881,9
0a864888,9
0a8648c0,9
0a864908,9
0a864a08,9
0a865003,9
0a865005,9
0a865006,9
0a86500a,9
0a865041,9
0a865044,9
0a865048,9
0a865081,9
0a865082,9
0a865084,9
0a865088,9
0a8650c0,9
0a865101,9
0a865108,9
0a865180,9
0a865240,9
0a865280,9
0a865801,9
0a865804,9
0a865880,9
0a868083,9
0a86808a,9
0a8680c8,9
0a868188,9
0a868288,9
0a868848,9
0a868888,9
0a869088,9
0a86c003,9
0a86c008,8
0a86c00a,9
0a86c011,9
0a86c041,9
0a86c042,9
0a86c044,9
0a86c048,9
0a86c081,9
0a86c082,9
0a86c084,9
0a86c088,9
0a86c0a0,9
0a86c0c0,9
0a86c101,9
0a86c108,9
0a86c120,9
0a86c140,9
0a86c180,9
0a86c202,9
0a86c240,9
0a86c280,9
0a86c300,9
0a86c801,9
0a86c808,9
0a86c840,9
0a86c880,9
0a86c900,9
0a86ca00,9
0a86d002,9
0a86d004,9
0a86d040,9
0a86d080,9
0a86d100,9
0a86d200,9
0a86d800,9
0a870089,9
0a874081,9
0a874088,9
0a874808,9
0a87c001,9
0a88500b,9
0a88c00b,9
0a88c046,9
0a88c049,9
0a88c04a,9
0a88c04c,9
0a88c089,9
0a88c10a,9
0a88c10c,9
0a88c124,9
0a88c128,9
0a88c142,9
0a88c148,9
0a88c160,9
0a88c188,9
0a88c203,9
0a88c241,9
0a88c281,9
0a88c301,9
0a88c908,9
0a88d003,9
0a88d048,9
0a88d201,9
0a88d208,9
0a88d240,9
0a89c048,9
0a89c108,9
0a8a000f,9
0a8a008b,9
0a8a008d,9
0a8a00c9,9
0a8a020b,9
0a8a020d,9
0a8a0249,9
0a8a0289,9
0a8a080b,9
0a8a0849,9
0a8a0889,9
0a8a0a09,9
0a8a400b,9
0a8a400d,9
0a8a4019,9
0a8a4029,9
0a8a4049,9
0a8a404a,9
0a8a4083,9
0a8a4089,9
0a8a408a,9
0a8a40c1,9
0a8a40c8,9
0a8a4109,9
0a8a4203,9
0a8a4241,9
0a8a4248,9
0a8a4281,9
0a8a4288,9
0a8a42c0,9
0a8a480a,9
0a8a480c,9
0a8a4848,9
0a8a4888,9
0a8a5003,9
0a8a5048,9
0a8a5081,9
0a8a5088,9
0a8a5201,9
0a8a5808,9
0a8a8281,9
0a8ac003,9
0a8ac00a,9
0a8ac00c,9
0a8ac041,9
0a8ac048,9
0a8ac081,9
0a8ac088,9
0a8ac101,9
0a8ac108,9
0a8ac201,9
0a8ac240,9
0a8ac280,9
0a8ac808,9
0a8ad001,9
0a8ad004,9
0a8ad080,9
0a8ad200,9
0a8b0089,9
0a8b0209,9
0a8b4009,9
0a8b4048,9
0a8bc008,9
0a8c400b,9
0a8c4049,9
0a8c4089,9
0a8cc003,9
0a8cc048,9
0a8cc081,9
0a8cc088,9
0a8cc101,9
0a8cc108,9
0a8cc201,9
0a8cc240,9
0a8cd001,9
0a8cd002,9
0a8cd004,9
0a8cd008,9
0a8cd040,9
0a8cd080,9
0a8cd200,9
0a8e0281,9
0a8e0888,9
0a8e4003,9
0a8e400c,9
0a8e4048,9
0a8e4081,9
0a8e4088,9
0a8e4201,9
0a8e4208,9
0a8e4280,9
0a8e4808,9
0a8e5001,9
0a8e8081,9
0a8e8088,9
0a8ec001,9
0a8ec040,9
0a8ec080,9
0a8ec200,9
0a8ed000,9
0a908125,9
0a90812c,9
0a909308,9
0a92088a,9
0a9208c8,9
0a928188,9
0a928888,9
0a928908,9
0a930888,9
0a948908,9
0a96080a,9
0a96080c,9
0a960848,9
0a960888,9
0a960908,9
0a968088,9
0a968108,9
0a968808,9
0a970808,9
0a9a1880,9
0a9a9080,9
0a9e0880,9
0aa2008b,9
0aa20189,9
0aa2020b,9
0aa2080b,9
0aa20889,9
0aa2088a,9
0aa20a09,9
0aa2400b,9
0aa24019,9
0aa24029,9
0aa24809,9
0aa2480a,9
0aa2800b,9
0aa28809,9
0ac0c04a,9
0ac0c052,9
0ac0c10a,9
0ac0c124,9
0ac0c128,9
0ac0c142,9
0ac0c148,9
0ac0c150,9
0ac0c160,9
0ac0c2c0,9
0ac0c842,9
0ac0c844,9
0ac0c848,9
0ac0c8c0,9
0ac0c908,9
0ac0c940,9
0ac0ca40,9
0ac0d0c0,9
0ac0d840,9
0ac0d880,9
0ac1404a,9
0ac15240,9
0ac1c042,9
0ac1c048,9
0ac1c108,9
0ac1c140,9
0ac1c240,9
0ac1c840,9
0ac1d040,9
0ac20889,9
0ac20a09,9
0ac2400b,9
0ac2404a,9
0ac240c1,9
0ac240c8,9
0ac242c0,9
0ac24809,9
0ac24848,9
0ac24888,9
0ac28089,9
0ac28809,9
0ac28888,9
0ac2c00a,9
0ac2c048,9
0ac2c088,9
0ac2c108,9
0ac2c808,9
0ac30209,9
0ac34048,9
0ac34240,9
0ac34280,9
0ac34808,9
0ac3c008,9
0ac3c040,9
0ac44043,9
0ac440c1,9
0ac440c8,9
0ac44148,9
0ac44841,9
0ac44842,9
0ac44844,9
0ac44848,9
0ac44881,9
0ac448c0,9
0ac44940,9
0ac44a40,9
0ac45042,9
0ac45044,9
0ac45050,9
0ac450c0,9
0ac45140,9
0ac45240,9
0ac45802,9
0ac45804,9
0ac45840,9
0ac45880,9
0ac4c042,9
0ac4c044,9
0ac4c050,9
0ac4c060,9
0ac4c0c0,9
0ac4c140,9
0ac4c180,9
0ac4c240,9
0ac4c280,9
0ac4c802,9
0ac4c804,9
0ac4c810,9
0ac4c840,9
0ac4c880,9
0ac4c900,9
0ac4d010,9
0ac4d040,9
0ac4d080,9
0ac54240,9
0ac55040,9
0ac5c040,9
0ac5c100,9
0ac5c800,9
0ac64042,9
0ac64044,9
0ac64082,9
0ac640c0,9
0ac64140,9
0ac64180,9
0ac64240,9
0ac64280,9
0ac64840,9
0ac64880,9
0ac68808,9
0ac74040,9
0ac84046,9
0ac8404a,9
0ac8404c,9
0ac84052,9
0ac84058,9
0ac84062,9
0ac84142,9
0ac84148,9
0ac84150,9
0ac84842,9
0ac84844,9
0ac84848,9
0ac8c00a,9
0ac8c042,9
0ac8c044,9
0ac8c048,9
0ac8c050,9
0ac8c060,9
0ac8c0c0,9
0ac8c102,9
0ac8c108,9
0ac8c120,9
0ac8c140,9
0ac8c240,9
0ac8c802,9
0ac8c804,9
0ac8c808,9
0ac8c840,9
0ac8d040,9
0ac94042,9
0ac94044,9
0ac94048,9
0ac94050,9
0ac94060,9
0ac94140,9
0ac94840,9
0ac9c002,9
0ac9c008,9
0ac9c040,9
0ac9c100,9
0ac9c200,9
0ac9c800,9
0aca400a,9
0aca4042,9
0aca4048,9
0aca4088,9
0aca40c0,9
0aca4240,9
0aca4808,9
0acac008,9
0acac040,9
0acb4008,9
0acb4040,9
0acc4240,9
0acc4840,9
0acc5040,9
0accc040,9
0accc080,9
0accc100,9
0accc800,9
0accd000,9
0ace4040,9
0ace4080,9
0ad01803,9
0ad01881,9
0ad08881,9
0ad09003,9
0ad09801,9
0ad18801,9
0ad19001,9
0ad2080a,9
0ad20848,9
0ad20888,9
0ad20908,9
0ad28088,9
0ad28108,9
0ad28808,9
0ad30808,9
0ad48808,9
0ad60048,9
0ad60088,9
0ad60808,9
0ad68008,9
0ad68800,9
0ad70008,9
0ad89800,9
0ada1080,9
0ada1800,9
0ada9000,9
0adc0802,9
0adc8800,9
0ade0800,9
0ae24009,9
0ae24808,9
0ae44040,8
0b001887,9
0b00401f,9
0b00408f,9
0b00420f,9
0b00480f,9
0b00488b,9
0b00488d,9
0b004a89,9
0b005017,9
0b005087,9
0b005285,9
0b005807,9
0b005883,9
0b005885,9
0b005886,9
0b005a81,9
0b009089,8
0b009883,9
0b009885,9
0b009a81,9
0b00c087,9
0b00c1a1,9
0b00c885,9
0b00ca81,9
0b00d083,9
0b00d085,9
0b00d086,9
0b00d091,9
0b00d0c1,9
0b00d124,9
0b00d181,9
0b00d281,9
0b00d803,9
0b00d805,9
0b00d806,9
0b00d881,9
0b00d884,9
0b00da01,9
0b02001f,9
0b02008b,8
0b02009b,9
0b020287,9
0b020289,8
0b02080b,8
0b020889,8
0b020a83,9
0b020a8a,9
0b020a8c,9
0b021096,9
0b021281,8
0b021888,8
0b024017,9
0b024087,9
0b024093,9
0b024207,9
0b024283,9
0b024285,9
0b024291,9
0b0242a1,9
0b0242c1,9
0b024807,9
0b024883,9
0b024885,9
0b024888,8
0b024891,9
0b0248c1,9
0b024a81,9
0b025081,8
0b02812c,9
0b028281,8
0b028291,9
0b028883,9
0b028888,8
0b02888c,9
0b028988,9
0b029081,8
0b029884,9
0b029a80,9
0b02c081,8
0b02c884,9
0b030209,8
0b030a81,9
0b030a88,9
0b034281,9
0b034881,9
0b038881,9
0b038888,9
0b03c081,9
0b04001f,9
0b04008f,9
0b04088b,9
0b04088d,9
0b040a89,9
0b041087,9
0b041807,9
0b041883,9
0b041885,9
0b041a81,9
0b04401b,9
0b04408b,9
0b044099,9
0b044807,9
0b044885,9
0b044889,9
0b04488c,9
0b045007,9
0b045083,9
0b045085,9
0b045086,9
0b045281,9
0b045803,9
0b045805,9
0b045806,9
0b045881,9
0b045884,9
0b045a04,9
0b04812c,9
0b048883,9
0b048885,9
0b04888c,9
0b048a81,9
0b049083,9
0b049091,9
0b049181,9
0b049803,9
0b049881,9
0b049884,9
0b04c083,9
0b04c085,9
0b04c124,9
0b04c181,9
0b04c281,9
0b04c803,9
0b04c805,9
0b04c881,9
0b04c884,9
0b04ca01,9
0b04d006,9
0b04d014,9
0b04d041,9
0b04d044,9
0b04d081,9
0b04d082,9
0b04d084,9
0b04d090,9
0b04d280,9
0b04d801,9
0b04d802,9
0b04d804,9
0b04d880,9
0b04da00,9
0b050889,9
0b060087,9
0b060283,9
0b060285,9
0b060883,9
0b060885,9
0b060888,8
0b06088c,9
0b060a81,9
0b061882,9
0b061884,9
0b064081,8
0b064083,9
0b064085,9
0b064091,9
0b0640a1,9
0b0640c1,9
0b064181,9
0b064281,9
0b064284,9
0b064881,9
0b064884,9
0b064a80,9
0b068081,8
0b06808c,9
0b068188,9
0b068884,9
0b068888,9
0b068a80,9
0b069090,9
0b0690c0,9
0b06c082,9
0b06c084,9
0b06c090,9
0b06c0c0,9
0b06c880,9
0b070281,9
0b070881,9
0b070888,9
0b074081,9
0b078088,9
0b08001f,9
0b08020f,9
0b080a89,9
0b081087,9
0b08400f,9
0b08408b,9
0b084289,9
0b084889,9
0b085007,9
0b085083,9
0b085085,9
0b085086,9
0b085206,9
0b085281,9
0b085805,9
0b085806,9
0b085881,9
0b085884,9
0b088a81,9
0b089083,9
0b089085,9
0b089281,9
0b089881,9
0b08c083,9
0b08c281,9
0b08c881,9
0b08d003,9
0b08d005,9
0b08d006,9
0b08d081,9
0b08d084,9
0b08d201,9
0b08d204,9
0b08d804,9
0b08d880,9
0b0a0089,8
0b0a0207,9
0b0a0209,8
0b0a0283,9
0b0a0285,9
0b0a088a,9
0b0a088c,9
0b0a0a81,9
0b0a0a88,9
0b0a1086,9
0b0a1884,9
0b0a1a80,9
0b0a4007,9
0b0a4083,9
0b0a4085,9
0b0a4203,9
0b0a4205,9
0b0a4281,9
0b0a4284,9
0b0a4805,9
0b0a4881,9
0b0a4884,9
0b0a4a01,9
0b0a5880,9
0b0a8083,9
0b0a8881,9
0b0a9084,9
0b0a9880,9
0b0ac084,9
0b0ac880,9
0b0c000f,9
0b0c001b,9
0b0c008b,9
0b0c020b,9
0b0c0289,9
0b0c080b,9
0b0c080d,9
0b0c0889,9
0b0c0a09,9
0b0c1007,9
0b0c1881,9
0b0c4089,9
0b0c4881,9
0b0c5003,9
0b0c5005,9
0b0c5006,9
0b0c5081,9
0b0c5084,9
0b0c5804,9
0b0c5880,9
0b0c8281,9
0b0c8881,9
0b0c8888,9
0b0c9081,9
0b0c9084,9
0b0c9801,9
0b0c9804,9
0b0c9880,9
0b0cc003,9
0b0cc081,9
0b0cc801,9
0b0cc804,9
0b0cc880,9
0b0cd001,9
0b0cd004,9
0b0cd080,9
0b0cd800,9
0b0e0083,9
0b0e0085,9
0b0e0281,9
0b0e0881,9
0b0e0a01,9
0b0e0a80,9
0b0e1880,9
0b0e4003,9
0b0e4005,9
0b0e4081,9
0b0e4084,9
0b0e4201,9
0b0e4280,9
0b0e4801,9
0b0e4804,9
0b0e4880,9
0b0e8084,9
0b0e8280,9
0b0e8880,9
0b0e9080,9
0b0ec080,9
0b410a81,9
0b414881,9
0b444890,9
0b4448c0,9
0b448880,8
0b454880,9
0b458880,9
0b464080,8
0b480a81,9
0b484884,9
0b4c4880,9
0b80400f,9
0b80401b,9
0b804047,9
0b80404b,9
0b80404d,9
0b804059,9
0b804069,9
0b80408b,9
0b8040c3,9
0b8040c9,9
0b804149,9
0b804243,9
0b804246,9
0b804249,9
0b8042c1,9
0b80480b,9
0b804843,9
0b804845,9
0b804846,9
0b804849,9
0b80484c,9
0b804889,9
0b8048c1,9
0b8048c4,9
0b8048c8,9
0b805007,9
0b805016,9
0b805023,9
0b805025,9
0b805043,9
0b805045,9
0b805046,9
0b805052,9
0b805054,9
0b805061,9
0b805062,9
0b805064,9
0b805083,9
0b805085,9
0b805086,9
0b8050c1,9
0b8050c2,9
0b8050c4,9
0b8050c8,9
0b8050d0,9
0b8050e0,9
0b805103,9
0b805141,9
0b805142,9
0b805144,9
0b8051c0,9
0b805203,9
0b805206,9
0b805241,9
0b805242,9
0b805244,9
0b8052c0,9
0b805340,9
0b805803,9
0b805805,9
0b805806,9
0b805841,9
0b805842,9
0b805844,9
0b805848,9
0b805881,9
0b805884,9
0b8058c0,9
0b805940,9
0b805a04,9
0b805a40,9
0b809043,9
0b809083,9
0b809085,9
0b80908c,9
0b8090c1,9
0b8090c8,9
0b809103,9
0b809121,9
0b809124,9
0b809181,9
0b809241,9
0b809281,9
0b809803,9
0b809805,9
0b809881,9
0b809888,9
0b809a01,9
0b80c041,8
0b80c043,9
0b80c045,9
0b80c046,9
0b80c04a,9
0b80c04c,9
0b80c051,9
0b80c058,9
0b80c061,9
0b80c064,9
0b80c068,9
0b80c083,9
0b80c085,9
0b80c08c,9
0b80c0c1,9
0b80c0c2,9
0b80c0c4,9
0b80c0c8,9
0b80c0d0,9
0b80c0e0,9
0b80c124,9
0b80c141,9
0b80c142,9
0b80c144,9
0b80c148,9
0b80c160,9
0b80c181,9
0b80c188,9
0b80c1c0,9
0b80c206,9
0b80c241,9
0b80c242,9
0b80c244,9
0b80c250,9
0b80c260,9
0b80c281,9
0b80c2c0,9
0b80c320,9
0b80c340,9
0b80c803,9
0b80c805,9
0b80c806,9
0b80c841,9
0b80c842,9
0b80c844,9
0b80c848,9
0b80c860,9
0b80c881,9
0b80c884,9
0b80c888,9
0b80c8c0,9
0b80c901,9
0b80c940,9
0b80ca01,9
0b80ca04,9
0b80ca40,9
0b80d003,9
0b80d004,8
0b80d005,9
0b80d006,9
0b80d011,9
0b80d012,9
0b80d014,9
0b80d021,9
0b80d022,9
0b80d024,9
0b80d040,8
0b80d041,9
0b80d042,9
0b80d044,9
0b80d050,9
0b80d060,9
0b80d081,9
0b80d082,9
0b80d084,9
0b80d090,9
0b80d0a0,9
0b80d0c0,9
0b80d101,9
0b80d102,9
0b80d104,9
0b80d120,9
0b80d140,9
0b80d180,9
0b80d201,9
0b80d202,9
0b80d204,9
0b80d210,9
0b80d220,9
0b80d240,9
0b80d280,9
0b80d300,9
0b80d801,9
0b80d802,9
0b80d804,9
0b80d820,9
0b80d840,9
0b80d880,9
0b80d900,9
0b80da00,9
0b814049,9
0b815044,9
0b81c041,9
0b81c044,9
0b81c048,9
0b81c0c0,9
0b81c101,9
0b81c140,9
0b81c240,9
0b81c840,9
0b81d001,9
0b81d002,9
0b81d004,9
0b81d040,9
0b81d080,9
0b81d100,9
0b81d200,9
0b81d800,9
0b820089,8
0b8202c1,9
0b8208c8,9
0b820a48,9
0b820a81,9
0b820a88,9
0b824007,9
0b824043,9
0b824045,9
0b824046,9
0b824048,8
0b824051,9
0b824061,9
0b824083,9
0b824085,9
0b8240a1,9
0b8240c1,9
0b8240c2,9
0b8240c4,9
0b8240d0,9
0b8240e0,9
0b824141,9
0b824181,9
0b8241c0,9
0b824203,9
0b824205,9
0b824241,9
0b824242,9
0b824244,9
0b824260,9
0b824281,9
0b8242c0,9
0b824340,9
0b824803,9
0b824805,9
0b824841,9
0b824844,9
0b824881,9
0b8248c0,9
0b824a01,9
0b824a40,9
0b825050,9
0b8250c0,9
0b825840,9
0b825880,9
0b828083,9
0b8280c1,9
0b828881,9
0b828888,9
0b829082,9
0b829084,9
0b8290c0,9
0b829240,9
0b829880,9
0b82c001,8
0b82c006,9
0b82c040,8
0b82c042,9
0b82c044,9
0b82c050,9
0b82c060,9
0b82c082,9
0b82c084,9
0b82c0a0,9
0b82c0c0,9
0b82c120,9
0b82c140,9
0b82c180,9
0b82c240,9
0b82c804,9
0b82c840,9
0b82c880,9
0b834041,9
0b8340c0,9
0b834240,9
0b835040,9
0b83c040,9
0b84080b,9
0b840849,9
0b840889,9
0b841881,9
0b844007,9
0b844019,9
0b844043,9
0b844045,9
0b844046,9
0b844049,9
0b84404a,9
0b84404c,9
0b844064,9
0b844083,9
0b844089,9
0b8440c1,9
0b8440c2,9
0b8440c4,9
0b8440c8,9
0b844141,9
0b844142,9
0b844144,9
0b844148,9
0b8441c0,9
0b844241,9
0b844242,9
0b844244,9
0b844248,9
0b8442c0,9
0b844340,9
0b844803,9
0b844805,9
0b844806,9
0b84480c,9
0b844841,9
0b844842,9
0b844844,9
0b844848,9
0b844860,9
0b844881,9
0b844884,9
0b844888,9
0b8448c0,9
0b844904,9
0b844940,9
0b844a40,9
0b845003,9
0b845005,9
0b845006,9
0b845024,9
0b845041,9
0b845042,9
0b845044,9
0b845050,9
0b845060,9
0b845081,9
0b845082,9
0b845084,9
0b8450c0,9
0b845102,9
0b845104,9
0b845140,9
0b845180,9
0b845202,9
0b845204,9
0b845240,9
0b845801,9
0b845802,9
0b845804,9
0b845840,9
0b845880,9
0b845900,9
0b845a00,9
0b848083,9
0b8480c1,9
0b848124,9
0b848181,9
0b848281,9
0b848803,9
0b848841,9
0b848881,9
0b848888,9
0b848901,9
0b848a01,9
0b849003,9
0b849006,9
0b849041,9
0b849044,9
0b849048,9
0b849081,9
0b849082,9
0b849084,9
0b8490c0,9
0b849101,9
0b849801,9
0b849802,9
0b849804,9
0b849840,9
0b849880,9
0b849900,9
0b849a00,9
0b84c003,9
0b84c005,9
0b84c006,9
0b84c011,9
0b84c021,9
0b84c024,9
0b84c040,8
0b84c041,9
0b84c042,9
0b84c044,9
0b84c048,9
0b84c050,9
0b84c060,9
0b84c081,9
0b84c082,9
0b84c084,9
0b84c088,9
0b84c090,9
0b84c0a0,9
0b84c0c0,9
0b84c101,9
0b84c102,9
0b84c104,9
0b84c120,9
0b84c140,9
0b84c180,9
0b84c201,9
0b84c202,9
0b84c204,9
0b84c240,9
0b84c280,9
0b84c300,9
0b84c801,9
0b84c802,9
0b84c804,9
0b84c810,9
0b84c820,9
0b84c840,9
0b84c880,9
0b84c900,9
0b84ca00,9
0b84d000,8
0b84d001,9
0b84d002,9
0b84d004,9
0b84d010,9
0b84d020,9
0b84d040,9
0b84d080,9
0b84d100,9
0b84d200,9
0b84d800,9
0b855040,9
0b85c001,9
0b85c008,9
0b85c040,9
0b85c100,9
0b85c800,9
0b85d000,9
0b860083,9
0b8600c8,9
0b860281,9
0b860881,9
0b860888,9
0b861880,9
0b864003,9
0b864005,9
0b864021,9
0b864041,9
0b864042,9
0b864044,9
0b864060,9
0b864081,9
0b864082,9
0b864084,9
0b8640c0,9
0b864140,9
0b864180,9
0b864201,9
0b864240,9
0b864280,9
0b864801,9
0b864804,9
0b864840,9
0b864880,9
0b868082,9
0b868088,9
0b8680c0,9
0b868280,9
0b868808,9
0b868880,9
0b869040,9
0b869080,9
0b86c010,9
0b86c040,9
0b86c080,9
0b86c800,9
0b87c000,9
0b88400b,9
0b884043,9
0b884046,9
0b884049,9
0b884089,9
0b8840c1,9
0b884241,9
0b884244,9
0b884844,9
0b885003,9
0b885006,9
0b885041,9
0b885042,9
0b885044,9
0b885048,9
0b885084,9
0b8850c0,9
0b885204,9
0b885240,9
0b885804,9
0b885840,9
0b889003,9
0b889081,9
0b889201,9
0b88c003,9
0b88c005,9
0b88c006,9
0b88c00c,9
0b88c041,9
0b88c042,9
0b88c044,9
0b88c048,9
0b88c060,9
0b88c081,9
0b88c088,9
0b88c0c0,9
0b88c101,9
0b88c140,9
0b88c201,9
0b88c202,9
0b88c204,9
0b88c240,9
0b88c280,9
0b88c804,9
0b88c808,9
0b88c840,9
0b88d001,9
0b88d002,9
0b88d004,9
0b88d040,9
0b88d080,9
0b88d100,9
0b88d200,9
0b88d800,9
0b8a0281,9
0b8a0888,9
0b8a4003,9
0b8a4005,9
0b8a4041,9
0b8a4042,9
0b8a4044,9
0b8a4081,9
0b8a40c0,9
0b8a4201,9
0b8a4240,9
0b8a4280,9
0b8a4840,9
0b8a5040,9
0b8a5080,9
0b8a8081,9
0b8a9004,9
0b8a9080,9
0b8ac004,9
0b8ac040,9
0b8ac080,9
0b8c000b,9
0b8c0809,9
0b8c4003,9
0b8c4041,9
0b8c4042,9
0b8c4044,9
0b8c4048,9
0b8c40c0,9
0b8c4140,9
0b8c4240,9
0b8c4804,9
0b8c4840,9
0b8c5002,9
0b8c5004,9
0b8c5040,9
0b8c5080,9
0b8c5800,9
0b8c8081,9
0b8c9001,9
0b8c9004,9
0b8c9080,9
0b8c9800,9
0b8cc001,9
0b8cc002,9
0b8cc004,9
0b8cc040,9
0b8cc080,9
0b8cc100,9
0b8cc200,9
0b8cc800,9
0b8cd000,9
0b8e0081,9
0b8e4001,9
0b8e4004,9
0b8e4040,9
0b8e4080,9
0b8e8080,9
0b8e9000,9
0b8ec000,9
0bc04052,9
0bc04054,9
0bc040c2,9
0bc040c4,9
0bc040d0,9
0bc040e0,9
0bc04150,9
0bc041c0,9
0bc04240,8
0bc04840,8
0bc04842,9
0bc04844,9
0bc04850,9
0bc04860,9
0bc04884,9
0bc048c0,9
0bc04940,9
0bc088c0,9
0bc09800,8
0bc14042,9
0bc14044,9
0bc14050,9
0bc14060,9
0bc140c0,9
0bc14140,9
0bc14804,9
0bc14840,9
0bc14880,9
0bc408c0,9
0bc44040,8
0bc44050,9
0bc440c0,9
0bc44810,9
0bc44880,9
0bc480c0,9
0bc48800,8
0bc48840,9
0bc54040,9
0bc54080,9
0bc54800,9
0bc84042,9
0bc84044,9
0bc84050,9
0bc84060,9
0bc840c0,9
0bc84140,9
0bc84804,9
0bc84840,9
0bc84880,9
0bc88802,9
0bc88880,9
0bc94040,9
0bcc4040,9
0bcc4080,9
0bcc8040,9
0c024681,8
0c02c481,8
0c0a1481,8
0c2a0481,8
100040bf,9
1000813f,9
1000a1ad,9
1000b609,8
1000c1ad,9
1002409f,9
1002421f,9
10024a8d,9
1002a88d,9
1003428d,9
10034a89,9
10038a89,9
1003a889,9
100400bf,9
1004203f,9
1004403f,9
1004548c,8
1004620d,8
1004809f,9
100481ad,9
100483a5,9
1004852d,9
10048559,9
10049449,8
1004a12d,9
1004a1a5,9
1004a325,9
1004a609,8
1005220d,8
1005320c,8
1005812d,9
1005aa81,9
1006812d,9
1006888d,9
10068899,9
10068989,9
1006a087,9
1006a283,9
1006a285,9
1006a291,9
1006a2c1,9
1006a381,9
1006aa81,9
1006c481,8
10072a81,9
1007808d,9
1007a281,9
100a3285,9
100a3a81,9
100ab281,9
100b3281,9
100d8209,8
10109127,9
101091a5,9
10119125,9
10129281,8
10148127,9
101481a5,9
10148325,9
101483a4,9
10148525,9
101485a4,9
10158125,9
10158c81,9
10158e80,9
10168125,9
101681a4,9
101684c1,9
10168684,9
101686c0,9
10168c81,9
10168e80,9
10170e80,9
10178481,9
10178601,9
10178680,9
10178881,9
10178a80,9
10178c80,9
1020403f,9
102081ad,9
10208559,9
1020c12d,9
1021428b,9
102220ad,9
1022288b,9
1022288d,9
10222989,9
10224289,8
1022428b,9
102242a9,9
1022828b,9
1022a08b,9
1023028b,9
10230a89,9
10232889,9
10234289,9
10234609,9
10234889,9
1024003f,9
1024041f,9
1024201f,9
1024212d,9
1024412d,9
1024482d,9
1024600d,8
1024801f,9
1024812d,9
1024a00f,9
1024a02d,9
1024a04d,9
1024a10d,9
1024a129,9
1024a12c,9
1024a149,9
1025042d,9
1025044d,9
1025202d,9
1025802d,9
10258129,9
1025a00b,9
1025a00d,9
1025a019,9
1025a109,9
1026042d,9
10260c0d,9
1026202d,9
1026280d,9
1026402d,9
1026480d,9
1026a00b,9
1026a00d,9
1026a049,9
1026a109,9
1026a809,9
1027040b,9
1027040d,9
10270449,9
10270509,9
10270c09,9
1027200b,9
1027200d,9
10272049,9
10272809,9
1027800d,9
10278049,9
10278109,9
10278809,9
1027a009,9
10328125,9
10348125,9
10348126,9
103481a4,9
10348324,9
10348486,9
103484c2,9
10348524,9
10348cc0,9
10358124,9
103584c0,9
10358640,9
10358700,9
10358c80,9
10368007,9
10368086,9
10368124,9
10368403,9
10368441,9
10368482,9
10368484,9
10368490,9
103684c0,9
10368501,9
10368580,9
10368602,9
10368604,9
10368640,9
10368700,9
10368c80,9
10370602,9
10370640,9
10370700,9
10378401,9
10378440,9
10378480,9
10378600,9
103a0481,8
10414a0d,9
1042488d,9
10428a89,9
10430a89,9
1043420d,9
10434289,9
10434609,9
10434889,9
10434a09,9
10438289,9
10438889,9
10438a09,9
1043a881,9
1044520c,8
1044812d,9
10448325,9
10458324,9
10458e01,9
1045a009,8
10465201,8
1046880d,9
1046c088,8
1046c808,8
10478601,9
10478a01,9
10508525,9
10508925,9
10509481,8
10518125,9
10528125,9
10538c01,9
10540817,9
10548017,9
10548125,9
10548126,9
10548407,9
10548521,9
10548524,9
10548805,8
10548807,9
10548813,9
10548815,9
10548825,9
10548845,9
10548905,9
10548921,9
10548924,9
10548c01,8
10548c03,9
10548c05,9
10548c11,9
10548c21,9
10548c41,9
10548d01,9
10550017,9
10550407,9
10550807,9
10550c05,9
10558007,9
10558013,9
10558015,9
10558025,9
10558045,9
10558121,9
10558124,9
10558401,8
10558403,9
10558405,9
10558411,9
10558421,9
10558441,9
10558501,9
10558801,8
10558803,9
10558805,9
10558811,9
10558821,9
10558841,9
10558901,9
10558c01,9
10558c40,9
10560017,9
10560407,9
10560807,9
10560c05,9
10568007,9
10568013,9
10568015,9
10568016,9
10568121,9
10568124,9
10568401,8
10568403,9
10568405,9
10568411,9
10568421,9
10568441,9
10568501,9
10568801,8
10568803,9
10568805,9
10568811,9
10568821,9
10568841,9
10568901,9
10568c01,9
10568c40,9
10570007,9
10570403,9
10570405,9
10570411,9
10570441,9
10570803,9
10570805,9
10570811,9
10570c01,9
10578001,8
10578003,9
10578005,9
10578011,9
10578021,9
10578041,9
10578101,9
10578200,8
10578401,9
10578404,9
10578440,9
10578801,9
10578c00,9
1060812d,9
10610a89,9
1061420b,9
1061420d,9
10614219,9
10614889,9
10614a09,9
10620a89,9
10624889,9
10624a09,9
10624c09,9
10628889,9
10630289,9
10630609,9
10630889,9
10634209,9
10634409,9
10634608,9
1064001f,9
1064012d,9
1064082d,9
10648125,9
10648129,9
1064812c,9
1064c088,8
1065002d,9
10658124,9
1066002d,9
1066080d,9
10668109,9
1067000d,9
10670809,9
10780481,8
1080832d,9
10808559,9
1080c12d,9
1080c925,9
1080c929,9
1080d00b,8
1081a449,9
1081c125,9
1081c12c,9
1082421b,9
1082b281,9
1082c129,9
1082c909,9
1083420b,9
10834a09,9
10842287,9
10842296,9
10848127,9
1084812d,9
108481a5,9
10848325,9
10848449,8
10848459,9
10848469,9
1084850b,9
1084850d,9
10848529,9
10848549,9
10848d09,9
1084a017,9
1084a087,9
1084a093,9
1084a096,9
1084a10d,9
1084a125,9
1084a126,9
1084a129,9
1084a149,9
1084a183,9
1084a1a4,9
1084a207,9
1084a283,9
1084a286,9
1084a292,9
1084a2c1,9
1084a2c2,9
1084a303,9
1084a321,9
1084a381,9
1084a382,9
1084aa81,9
10852283,9
1085240d,9
10852509,9
10858149,9
1085840b,9
1085840d,9
10858509,9
1085a00d,9
1085a049,9
1085a083,9
1085a109,9
1085a203,9
1085a281,9
1085a282,9
10862087,9
10862096,9
10862207,9
10862283,9
10862286,9
10862292,9
108622c2,9
10862382,9
10862449,9
10868125,9
10868509,9
1086a007,9
1086a00d,9
1086a083,9
1086a085,9
1086a086,9
1086a092,9
1086a0c2,9
1086a109,9
1086a181,9
1086a182,9
1086a203,9
1086a281,9
1086a282,9
1086a2c0,9
1086a380,9
10870449,9
10872281,9
10872282,9
10872409,9
10878409,9
1087a009,9
1087a081,9
1087a082,9
1087a201,9
1087a280,9
1088b281,9
108a3281,9
108aa281,9
108ab280,9
10908127,9
10909125,9
10948125,9
10948126,9
10948524,9
10968124,9
10968403,9
10a0412d,9
10a0812d,9
10a14219,9
10a18509,9
10a2401b,9
10a24219,9
10a24a09,9
10a28509,9
10a34209,9
10a3420a,9
10a38409,9
10a4001f,9
10a4012d,9
10a4042d,9
10a4050d,9
10a40519,9
10a40529,9
10a4200f,9
10a4202d,9
10a4204d,9
10a4210b,9
10a4210d,9
10a42149,9
10a4802d,9
10a4804b,9
10a4804d,9
10a48059,9
10a48109,8
10a4810b,9
10a4810d,9
10a48119,9
10a48129,9
10a4812c,9
10a48149,9
10a48909,9
10a5004b,9
10a5004d,9
10a50149,9
10a50409,8
10a5040d,9
10a50419,9
10a50429,9
10a50509,9
10a5200d,9
10a52109,9
10a5800b,9
10a5800d,9
10a58049,9
10a58109,9
10a58809,9
10a60149,9
10a6040d,9
10a60419,9
10a60509,9
10a6200b,9
10a6200d,9
10a62049,9
10a62109,9
10a62809,9
10a6800b,9
10a6800d,9
10a68049,9
10a68109,9
10a68809,9
10a70049,9
10a70409,9
10a72009,9
10a78009,9
10ac0608,8
10c0c209,8
10c0c4c0,8
10c48129,9
10c50149,9
10c50641,9
10c50642,9
10c58241,9
10c58601,9
10c58602,9
10c58640,9
10c70049,9
10c70602,9
10c70640,9
10c78600,9
10d08125,9
10d08c41,9
10d18c01,9
10d28c01,9
10d38401,9
10d40017,9
10d40047,9
10d40407,9
10d40443,9
10d40807,9
10d40c03,9
10d40c41,9
10d48007,9
10d48013,9
10d48016,9
10d48043,9
10d48045,9
10d48051,9
10d48103,9
10d48121,9
10d48124,9
10d48141,9
10d48401,8
10d48403,9
10d48405,9
10d48406,9
10d48411,9
10d48421,9
10d48441,9
10d48442,9
10d48501,9
10d48801,8
10d48803,9
10d48805,9
10d48811,9
10d48821,9
10d48841,9
10d48901,9
10d48c01,9
10d48c02,9
10d48c40,9
10d50007,9
10d50043,9
10d50403,9
10d50405,9
10d50441,9
10d50501,9
10d50803,9
10d50841,9
10d50c01,9
10d58001,8
10d58003,9
10d58005,9
10d58006,9
10d58011,9
10d58021,9
10d58041,9
10d58101,9
10d58401,9
10d58402,9
10d58404,9
10d58440,9
10d58500,9
10d58801,9
10d58c00,9
10d60007,9
10d60043,9
10d60403,9
10d60405,9
10d60441,9
10d60501,9
10d60803,9
10d60841,9
10d60c01,9
10d68001,8
10d68003,9
10d68005,9
10d68011,9
10d68021,9
10d68041,9
10d68101,9
10d68401,9
10d68402,9
10d68440,9
10d68801,9
10d68c00,9
10d70003,9
10d70041,9
10d70401,9
10d70402,9
10d70440,9
10d70801,9
10d78001,9
10d78002,9
10d78040,9
10d78400,9
10d78800,9
10e4002d,9
10e48442,9
10e48c40,9
10e5000d,9
10e50109,9
10e50242,9
10e50442,9
10e58202,9
10e58240,9
10e58440,9
10e68440,9
10e70009,9
10e70240,9
1100c08d,8
1104003f,9
1104005f,9
1104081f,9
11046205,8
1104801f,9
1104803b,9
1104805b,9
1104812d,9
1104814d,9
1104880d,8
1104880f,9
1104881b,9
1104881d,9
1104882d,9
1104884d,9
1104890d,9
11048929,9
1104a125,9
1105001f,9
1105800d,8
1105800f,9
1105801b,9
1105801d,9
1105802d,9
1105804d,9
11058059,9
1105810d,9
11058129,9
11058149,9
11058809,8
1105880b,9
1105880d,9
11058819,9
11058829,9
11058849,9
11058909,9
1106001f,9
1106800d,8
1106800f,9
1106801b,9
1106801d,9
1106802d,9
1106804d,9
1106810d,9
11068129,9
11068809,8
1106880b,9
1106880d,9
11068819,9
11068829,9
11068849,9
11068909,9
1107080d,9
11078009,8
1107800b,9
1107800d,9
11078019,9
11078029,9
11078049,9
11078109,9
11078809,9
11088289,8
1120003f,9
1120812d,9
11248125,9
1140812d,9
1142880d,9
11448125,9
1180812d,9
1184001f,9
1184004f,9
1184005b,9
1184005d,9
1184006d,9
1184012d,9
1184014b,9
1184014d,9
11840159,9
1184081b,9
1184090d,9
11840949,9
1184800b,8
1184800d,8
1184800f,9
1184801b,9
1184801d,9
1184802b,9
1184802d,9
11848049,8
1184804b,9
1184804d,9
11848059,9
11848069,9
11848109,8
1184810b,9
1184810d,9
11848119,9
11848125,9
11848129,9
1184812c,9
11848149,9
11848809,8
1184880b,9
1184880d,9
11848819,9
11848829,9
11848909,9
1185001b,9
1185002d,9
1185010d,9
1186001b,9
1186004b,9
1186004d,9
1186010d,9
11860149,9
1186080b,9
1186080d,9
11860909,9
11868009,8
1186800b,9
1186800d,9
11868019,9
11868029,9
11868049,9
11868109,9
11868809,9
11868908,9
11870109,9
1200812d,8
1200812f,9
1200813d,9
1200816d,9
120081ad,9
1200892d,9
1201812d,9
12048125,8
12108127,9
121081a5,9
12108925,9
12109125,9
12109924,9
12118125,9
12230889,9
12230a09,9
12234809,9
12408925,9
12418125,9
12430889,9
12430a09,9
12434809,9
12610889,9
12610a09,9
12614809,9
12620889,9
12624809,9
12630209,9
12634009,9
1280812b,9
1280812d,9
12854910,9
12854920,9
12854940,9
12854980,9
12854a01,9
12854a02,9
12854a04,9
12854b00,9
12854c00,8
12854c01,9
12854c02,9
12854c04,9
12854c10,9
12854c20,9
12854c40,9
12854c80,9
12854d00,9
12854e00,9
12860407,9
12860416,9
12860483,9
12860486,9
12860603,9
12860606,9
12860681,9
12860682,9
12860c03,9
12860c06,9
12860c81,9
12860c82,9
12860c84,9
12860d80,9
12860e01,9
12860e02,9
12860e80,9
12864003,8
12864006,8
12864007,9
12864013,9
12864016,9
12864023,9
12864025,9
12864026,9
12864032,9
12864043,9
12864046,9
12864052,9
12864083,9
12864085,9
12864086,9
12864092,9
128640a2,9
128640c2,9
12864102,8
12864103,9
12864105,9
12864106,9
12864112,9
12864122,9
12864124,9
12864141,9
12864142,9
12864181,9
12864182,9
128641a0,9
12864202,8
12864203,9
12864205,9
12864206,9
12864212,9
12864222,9
12864241,9
12864242,9
12864281,9
12864282,9
12864301,9
12864302,9
12864304,9
12864320,9
12864340,9
12864401,8
12864402,8
12864403,9
12864404,8
12864405,9
12864406,9
12864411,9
12864412,9
12864414,9
12864421,9
12864422,9
12864424,9
12864430,9
12864441,9
12864442,9
12864444,9
12864450,9
12864460,9
12864480,8
12864481,9
12864482,9
12864484,9
12864490,9
128644a0,9
128644c0,9
12864500,8
12864501,9
12864502,9
12864504,9
12864510,9
12864520,9
12864540,9
12864580,9
12864600,8
12864601,9
12864602,9
12864604,9
12864610,9
12864620,9
12864640,9
12864680,9
12864700,9
12864803,9
12864805,9
12864806,9
12864812,9
12864822,9
12864842,9
12864881,9
12864882,9
12864901,9
12864902,9
12864904,9
12864940,9
12864980,9
12864a01,9
12864a02,9
12864b00,9
12864c00,8
12864c01,9
12864c02,9
12864c04,9
12864c10,9
12864c20,9
12864c40,9
12864c80,9
12864d00,9
12864e00,9
12870403,9
12870406,9
12870481,9
12870482,9
12870601,9
12870602,9
12870680,9
12870c01,9
12870c02,9
12870c80,9
12870e00,9
12874002,8
12874003,9
12874005,9
12874006,9
12874012,9
12874022,9
12874042,9
12874081,9
12874082,9
12874101,9
12874102,9
12874104,9
12874201,9
12874202,9
12874204,9
12874240,9
12874300,9
12874400,8
12874401,9
12874402,9
12874404,9
12874410,9
12874420,9
12874440,9
12874480,9
12874500,9
12874600,9
12874801,9
12874802,9
12874900,9
12874a00,9
12874c00,9
12884017,9
12884027,9
12884036,9
12884047,9
12884087,9
12884093,9
12884107,9
12884113,9
12884116,9
12884126,9
12884183,9
12884207,9
12884213,9
12884216,9
12884223,9
12884226,9
12884243,9
12884246,9
12884283,9
12884303,9
12884306,9
12884322,9
12884324,9
12884403,8
12884406,8
12884407,9
12884413,9
12884416,9
12884423,9
12884425,9
12884426,9
12884432,9
12884443,9
12884445,9
12884446,9
12884452,9
12884462,9
12884464,9
12884482,8
12884483,9
12884484,8
12884485,9
12884486,9
12884492,9
12884494,9
128844a1,9
128844a2,9
128844a4,9
128844c2,9
128844c4,9
12884502,8
12884503,9
12884505,9
12884506,9
12884512,9
12884514,9
12884522,9
12884524,9
12884542,9
12884544,9
12884581,9
12884582,9
12884584,9
12884602,8
12884603,9
12884604,8
12884605,9
12884606,9
12884612,9
12884614,9
12884621,9
12884622,9
12884624,9
12884641,9
12884642,9
12884644,9
12884681,9
12884682,9
12884684,9
12884690,9
128846a0,9
128846c0,9
12884701,9
12884702,9
12884704,9
12884720,9
12884740,9
12884780,9
12884807,9
12884816,9
12884883,9
12884903,9
12884a03,9
12884b02,9
12884c02,8
12884c03,9
12884c05,9
12884c06,9
12884c12,9
12884c14,9
12884c22,9
12884c24,9
12884c42,9
12884c44,9
12884c81,9
12884c82,9
12884c84,9
12884cc0,9
12884d01,9
12884d02,9
12884d04,9
12884d40,9
12884d80,9
12884e01,9
12884e02,9
12884e04,9
12884e40,9
12884e80,9
12884f00,9
12894007,9
12894013,9
12894016,9
12894083,9
12894103,9
12894203,9
12894206,9
12894212,9
12894222,9
12894242,9
12894282,9
12894302,9
12894402,8
12894403,9
12894405,9
12894406,9
12894412,9
12894414,9
12894422,9
12894424,9
12894442,9
12894444,9
12894481,9
12894482,9
12894484,9
12894501,9
12894502,9
12894504,9
12894580,9
12894600,8
12894601,9
12894602,9
12894604,9
12894610,9
12894620,9
12894640,9
12894680,9
12894700,9
12894a02,9
12894c01,9
12894c02,9
12894c04,9
12894c80,9
12894d00,9
12894e00,9
128a0407,9
128a0483,9
128a0603,9
128a0681,9
128a0682,9
128a0c81,9
128a0c82,9
128a0e80,9
128a4007,9
128a4013,9
128a4016,9
128a4023,9
128a4043,9
128a4083,9
128a4086,9
128a4103,9
128a4106,9
128a4203,9
128a4205,9
128a4206,9
128a4212,9
128a4222,9
128a4242,9
128a4281,9
128a4282,9
128a4301,9
128a4302,9
128a4401,8
128a4402,8
128a4403,9
128a4404,8
128a4405,9
128a4406,9
128a4411,9
128a4412,9
128a4414,9
128a4421,9
128a4422,9
128a4424,9
128a4441,9
128a4442,9
128a4444,9
128a4480,8
128a4481,9
128a4482,9
128a4484,9
128a4490,9
128a44a0,9
128a44c0,9
128a4501,9
128a4502,9
128a4504,9
128a4510,9
128a4520,9
128a4540,9
128a4580,9
128a4600,8
128a4601,9
128a4602,9
128a4604,9
128a4610,9
128a4620,9
128a4640,9
128a4680,9
128a4700,9
128a4803,9
128a4a02,9
128a4c01,9
128a4c02,9
128a4c04,9
128a4c10,9
128a4c20,9
128a4c40,9
128a4c80,9
128a4d00,9
128a4e00,9
128b0601,9
128b0602,9
128b0680,9
128b4003,9
128b4006,9
128b4201,9
128b4202,9
128b4401,9
128b4402,9
128b4404,9
128b4410,9
128b4420,9
128b4440,9
128b4480,9
128b4500,9
128b4600,9
128b4c00,9
128c0017,9
128c0207,9
128c0406,8
128c0407,9
128c0413,9
128c0416,9
128c0426,9
128c0446,9
128c0483,9
128c0485,9
128c0486,9
128c0492,9
128c0503,9
128c0506,9
128c0603,9
128c0605,9
128c0606,9
128c0612,9
128c0642,9
128c0681,9
128c0682,9
128c0684,9
128c0702,9
128c0807,9
128c0c03,9
128c0c05,9
128c0c06,9
128c0c12,9
128c0c42,9
128c0c81,9
128c0c82,9
128c0c84,9
128c0d02,9
128c0d04,9
128c0d80,9
128c0e01,9
128c0e02,9
128c0e04,9
128c0e80,9
128c0f00,9
128c4003,8
128c4005,8
128c4006,8
128c4007,9
128c4012,8
128c4013,9
128c4015,9
128c4016,9
128c4022,8
128c4023,9
128c4025,9
128c4026,9
128c4032,9
128c4034,9
128c4042,8
128c4043,9
128c4045,9
128c4046,9
128c4052,9
128c4054,9
128c4062,9
128c4064,9
128c4082,8
128c4083,9
128c4085,9
128c4086,9
128c4092,9
128c4094,9
128c40a1,9
128c40a2,9
128c40a4,9
128c40c1,9
128c40c2,9
128c40c4,9
128c4101,8
128c4102,8
128c4103,9
128c4104,8
128c4105,9
128c4106,9
128c4111,9
128c4112,9
128c4114,9
128c4121,9
128c4122,9
128c4124,9
128c4130,9
128c4141,9
128c4142,9
128c4144,9
128c4150,9
128c4160,9
128c4181,9
128c4182,9
128c4184,9
128c4190,9
128c41a0,9
128c41c0,9
128c4202,8
128c4203,9
128c4204,8
128c4205,9
128c4206,9
128c4211,9
128c4212,9
128c4214,9
128c4221,9
128c4222,9
128c4224,9
128c4241,9
128c4242,9
128c4244,9
128c4250,9
128c4260,9
128c4281,9
128c4282,9
128c4284,9
128c42a0,9
128c4300,8
128c4301,9
128c4302,9
128c4304,9
128c4310,9
128c4320,9
128c4340,9
128c4380,9
128c4401,8
128c4402,8
128c4403,9
128c4404,8
128c4405,9
128c4406,9
128c4410,8
128c4411,9
128c4412,9
128c4414,9
128c4420,8
128c4421,9
128c4422,9
128c4424,9
128c4430,9
128c4440,8
128c4441,9
128c4442,9
128c4444,9
128c4450,9
128c4460,9
128c4480,8
128c4481,9
128c4482,9
128c4484,9
128c4490,9
128c44a0,9
128c44c0,9
128c4500,8
128c4501,9
128c4502,9
128c4504,9
128c4510,9
128c4520,9
128c4540,9
128c4580,9
128c4600,8
128c4601,9
128c4602,9
128c4604,9
128c4610,9
128c4620,9
128c4640,9
128c4680,9
128c4700,9
128c4802,8
128c4803,9
128c4804,8
128c4805,9
128c4806,9
128c4812,9
128c4814,9
128c4821,9
128c4822,9
128c4824,9
128c4841,9
128c4842,9
128c4844,9
128c4881,9
128c4882,9
128c4884,9
128c48a0,9
128c4900,8
128c4901,9
128c4902,9
128c4904,9
128c4910,9
128c4920,9
128c4940,9
128c4980,9
128c4a01,9
128c4a02,9
128c4a04,9
128c4a10,9
128c4a20,9
128c4a40,9
128c4a80,9
128c4b00,9
128c4c00,8
128c4c01,9
128c4c02,9
128c4c04,9
128c4c10,9
128c4c20,9
128c4c40,9
128c4c80,9
128c4d00,9
128c4e00,9
128d0007,9
128d0203,9
128d0206,9
128d0403,9
128d0405,9
128d0406,9
128d0412,9
128d0481,9
128d0482,9
128d0484,9
128d0502,9
128d0601,9
128d0602,9
128d0604,9
128d0640,9
128d0680,9
128d0700,9
128d0c01,9
128d0c02,9
128d0c04,9
128d0c80,9
128d0d00,9
128d0e00,9
128d4002,8
128d4003,9
128d4004,8
128d4005,9
128d4006,9
128d4011,9
128d4012,9
128d4014,9
128d4021,9
128d4022,9
128d4024,9
128d4041,9
128d4042,9
128d4044,9
128d4050,9
128d4060,9
128d4081,9
128d4082,9
128d4084,9
128d40a0,9
128d4100,8
128d4101,9
128d4102,9
128d4104,9
128d4110,9
128d4120,9
128d4140,9
128d4180,9
128d4200,8
128d4201,9
128d4202,9
128d4204,9
128d4210,9
128d4220,9
128d4240,9
128d4280,9
128d4300,9
128d4400,8
128d4401,9
128d4402,9
128d4404,9
128d4410,9
128d4420,9
128d4440,9
128d4480,9
128d4500,9
128d4600,9
128d4801,9
128d4802,9
128d4804,9
128d4810,9
128d4820,9
128d4840,9
128d4880,9
128d4900,9
128d4a00,9
128d4c00,9
128e0007,9
128e0016,9
128e0203,9
128e0206,9
128e0402,8
128e0403,9
128e0404,8
128e0405,9
128e0406,9
128e0411,9
128e0412,9
128e0414,9
128e0422,9
128e0424,9
128e0441,9
128e0442,9
128e0444,9
128e0480,8
128e0481,9
128e0482,9
128e0484,9
128e0490,9
128e04a0,9
128e04c0,9
128e0501,9
128e0502,9
128e0504,9
128e0580,9
128e0601,9
128e0602,9
128e0604,9
128e0640,9
128e0680,9
128e0700,9
128e0c01,9
128e0c02,9
128e0c04,9
128e0c40,9
128e0c80,9
128e0d00,9
128e0e00,9
128e4001,8
128e4002,8
128e4003,9
128e4004,8
128e4005,9
128e4006,9
128e4011,9
128e4012,9
128e4014,9
128e4021,9
128e4022,9
128e4024,9
128e4041,9
128e4042,9
128e4044,9
128e4081,9
128e4082,9
128e4084,9
128e4090,9
128e40a0,9
128e40c0,9
128e4100,8
128e4101,9
128e4102,9
128e4104,9
128e4110,9
128e4120,9
128e4140,9
128e4180,9
128e4200,8
128e4201,9
128e4202,9
128e4204,9
128e4210,9
128e4220,9
128e4240,9
128e4280,9
128e4300,9
128e4400,8
128e4401,9
128e4402,9
128e4404,9
128e4410,9
128e4420,9
128e4440,9
128e4480,9
128e4500,9
128e4600,9
128e4801,9
128e4802,9
128e4804,9
128e4810,9
128e4820,9
128e4840,9
128e4880,9
128e4900,9
128e4a00,9
128e4c00,9
128f0201,9
128f0401,9
128f0402,9
128f0404,9
128f0440,9
128f0480,9
128f0500,9
128f0600,9
128f0c00,9
128f4000,8
128f4001,9
128f4002,9
128f4004,9
128f4010,9
128f4020,9
128f4040,9
128f4080,9
128f4100,9
128f4200,9
128f4400,9
128f4800,9
12908125,9
12909007,9
12909013,9
12909083,9
12909103,9
12909121,9
12909124,9
12909803,9
12919003,9
12a04017,9
12a04107,9
12a04207,9
12a04243,9
12a04283,9
12a04303,9
12a04322,9
12a04407,9
12a04413,9
12a04416,9
12a04423,9
12a04426,9
12a04443,9
12a04446,9
12a04483,9
12a04486,9
12a04492,9
12a044c2,9
12a04503,9
12a04506,9
12a04512,9
12a04522,9
12a04542,9
12a04582,9
12a04603,9
12a04606,9
12a04612,9
12a04622,9
12a04642,9
12a04681,9
12a04682,9
12a04684,9
12a04702,9
12a04c03,9
12a04c06,9
12a04c42,9
12a04c82,9
12a04d02,9
12a04e02,9
12a14203,9
12a14206,9
12a14242,9
12a14302,9
12a14403,9
12a14406,9
12a14412,9
12a14422,9
12a14442,9
12a14482,9
12a14502,9
12a14602,9
12a14680,9
12a14700,9
12a14c02,9
12a20483,9
12a20603,9
12a20681,9
12a20682,9
12a24007,9
12a24013,9
12a24016,9
12a24023,9
12a24043,9
12a24083,9
12a24103,9
12a24112,9
12a24203,9
12a24206,9
12a24212,9
12a24242,9
12a24282,9
12a24302,9
12a24402,8
12a24403,9
12a24405,9
12a24406,9
12a24411,9
12a24412,9
12a24421,9
12a24422,9
12a24424,9
12a24441,9
12a24442,9
12a24481,9
12a24482,9
12a24484,9
12a24490,9
12a244a0,9
12a244c0,9
12a24501,9
12a24502,9
12a24504,9
12a24510,9
12a24540,9
12a24580,9
12a24601,9
12a24602,9
12a24604,9
12a24640,9
12a24680,9
12a24700,9
12a24803,9
12a24c01,9
12a24c02,9
12a24c04,9
12a24c80,9
12a24d00,9
12a24e00,9
12a30602,9
12a34003,9
12a34202,9
12a34401,9
12a34402,9
12a34404,9
12a34440,9
12a34480,9
12a34500,9
12a34600,9
12a34c00,9
12a40407,9
12a40416,9
12a40483,9
12a40486,9
12a40603,9
12a40606,9
12a40642,9
12a40681,9
12a40682,9
12a40702,9
12a40c03,9
12a40c06,9
12a40c82,9
12a40d02,9
12a40e02,9
12a40e80,9
12a44003,8
12a44006,8
12a44007,9
12a44012,8
12a44013,9
12a44016,9
12a44023,9
12a44025,9
12a44026,9
12a44032,9
12a44042,8
12a44043,9
12a44045,9
12a44046,9
12a44052,9
12a44062,9
12a44083,9
12a44086,9
12a44092,9
12a440a2,9
12a440c2,9
12a44102,8
12a44103,9
12a44105,9
12a44106,9
12a44111,9
12a44112,9
12a44114,9
12a44121,9
12a44122,9
12a44124,9
12a44141,9
12a44142,9
12a44144,9
12a44150,9
12a44160,9
12a44181,9
12a44182,9
12a44184,9
12a441a0,9
12a441c0,9
12a44202,8
12a44203,9
12a44205,9
12a44206,9
12a44212,9
12a44222,9
12a44241,9
12a44242,9
12a44244,9
12a44281,9
12a44282,9
12a44301,9
12a44302,9
12a44304,9
12a44310,9
12a44320,9
12a44340,9
12a44380,9
12a44401,8
12a44402,8
12a44403,9
12a44404,8
12a44405,9
12a44406,9
12a44411,9
12a44412,9
12a44414,9
12a44421,9
12a44422,9
12a44424,9
12a44440,8
12a44441,9
12a44442,9
12a44444,9
12a44450,9
12a44460,9
12a44481,9
12a44482,9
12a44484,9
12a44490,9
12a444a0,9
12a444c0,9
12a44500,8
12a44501,9
12a44502,9
12a44504,9
12a44510,9
12a44520,9
12a44540,9
12a44580,9
12a44600,8
12a44601,9
12a44602,9
12a44604,9
12a44610,9
12a44620,9
12a44640,9
12a44680,9
12a44700,9
12a44802,8
12a44803,9
12a44805,9
12a44806,9
12a44812,9
12a44822,9
12a44824,9
12a44841,9
12a44842,9
12a44844,9
12a44882,9
12a44900,8
12a44901,9
12a44902,9
12a44904,9
12a44910,9
12a44920,9
12a44940,9
12a44980,9
12a44a01,9
12a44a02,9
12a44a40,9
12a44b00,9
12a44c00,8
12a44c01,9
12a44c02,9
12a44c04,9
12a44c10,9
12a44c20,9
12a44c40,9
12a44c80,9
12a44d00,9
12a44e00,9
12a50403,9
12a50406,9
12a50482,9
12a50601,9
12a50602,9
12a50640,9
12a50680,9
12a50700,9
12a50c02,9
12a50e00,9
12a54002,8
12a54003,9
12a54005,9
12a54006,9
12a54012,9
12a54022,9
12a54024,9
12a54041,9
12a54042,9
12a54044,9
12a54081,9
12a54082,9
12a54101,9
12a54102,9
12a54104,9
12a54110,9
12a54120,9
12a54140,9
12a54180,9
12a54201,9
12a54202,9
12a54204,9
12a54240,9
12a54300,9
12a54400,8
12a54401,9
12a54402,9
12a54404,9
12a54410,9
12a54420,9
12a54440,9
12a54480,9
12a54500,9
12a54600,9
12a54801,9
12a54802,9
12a54804,9
12a54840,9
12a54900,9
12a54a00,9
12a54c00,9
12a60007,9
12a60203,9
12a60403,9
12a60405,9
12a60406,9
12a60412,9
12a60441,9
12a60442,9
12a60481,9
12a60482,9
12a604c0,9
12a60501,9
12a60502,9
12a60580,9
12a60601,9
12a60602,9
12a60604,9
12a60640,9
12a60680,9
12a60700,9
12a60c01,9
12a60c02,9
12a60c40,9
12a60c80,9
12a60d00,9
12a60e00,9
12a64002,8
12a64003,9
12a64005,9
12a64006,9
12a64011,9
12a64012,9
12a64021,9
12a64022,9
12a64024,9
12a64041,9
12a64042,9
12a64044,9
12a64081,9
12a64082,9
12a64101,9
12a64102,9
12a64104,9
12a64110,9
12a64120,9
12a64140,9
12a64180,9
12a64201,9
12a64202,9
12a64204,9
12a64240,9
12a64300,9
12a64400,8
12a64401,9
12a64402,9
12a64404,9
12a64410,9
12a64420,9
12a64440,9
12a64480,9
12a64500,9
12a64600,9
12a64801,9
12a64802,9
12a64900,9
12a64c00,9
12a70401,9
12a70402,9
12a70440,9
12a70480,9
12a70500,9
12a70600,9
12a70c00,9
12a74001,9
12a74002,9
12a74004,9
12a74040,9
12a74100,9
12a74200,9
12a74400,9
12a74800,9
12a80603,9
12a80681,9
12a80682,9
12a84003,8
12a84007,9
12a84013,9
12a84016,9
12a84023,9
12a84026,9
12a84032,9
12a84043,9
12a84046,9
12a84052,9
12a84062,9
12a84083,9
12a84086,9
12a84102,8
12a84103,9
12a84106,9
12a84112,9
12a84122,9
12a84124,9
12a84142,9
12a84182,9
12a84202,8
12a84203,9
12a84206,9
12a84212,9
12a84222,9
12a84242,9
12a84281,9
12a84282,9
12a84301,9
12a84302,9
12a84320,9
12a84402,8
12a84403,9
12a84404,8
12a84405,9
12a84406,9
12a84412,9
12a84414,9
12a84421,9
12a84422,9
12a84424,9
12a84441,9
12a84442,9
12a84444,9
12a84450,9
12a84460,9
12a84481,9
12a84482,9
12a84484,9
12a84490,9
12a844a0,9
12a844c0,9
12a84500,8
12a84501,9
12a84502,9
12a84504,9
12a84510,9
12a84520,9
12a84540,9
12a84580,9
12a84600,8
12a84601,9
12a84602,9
12a84604,9
12a84610,9
12a84620,9
12a84640,9
12a84680,9
12a84700,9
12a84803,9
12a84806,9
12a84812,9
12a84842,9
12a84882,9
12a84902,9
12a84a02,9
12a84c01,9
12a84c02,9
12a84c04,9
12a84c10,9
12a84c20,9
12a84c40,9
12a84c80,9
12a84d00,9
12a84e00,9
12a90602,9
12a94003,9
12a94006,9
12a94012,9
12a94022,9
12a94042,9
12a94082,9
12a94102,9
12a94201,9
12a94202,9
12a94204,9
12a94240,9
12a94300,9
12a94401,9
12a94402,9
12a94404,9
12a94410,9
12a94420,9
12a94440,9
12a94480,9
12a94500,9
12a94600,9
12a94802,9
12a94c00,9
12aa0203,9
12aa0403,9
12aa0406,9
12aa0412,9
12aa0442,9
12aa0481,9
12aa0482,9
12aa0484,9
12aa04c0,9
12aa0502,9
12aa0601,9
12aa0602,9
12aa0640,9
12aa0680,9
12aa0c02,9
12aa0c80,9
12aa4002,8
12aa4003,9
12aa4005,9
12aa4006,9
12aa4012,9
12aa4022,9
12aa4042,9
12aa4081,9
12aa4082,9
12aa4101,9
12aa4102,9
12aa4104,9
12aa4201,9
12aa4202,9
12aa4204,9
12aa4240,9
12aa4280,9
12aa4300,9
12aa4400,8
12aa4401,9
12aa4402,9
12aa4404,9
12aa4410,9
12aa4420,9
12aa4440,9
12aa4480,9
12aa4500,9
12aa4600,9
12aa4802,9
12aa4c00,9
12ab0402,9
12ab0480,9
12ab0600,9
12ab4002,9
12ab4200,9
12ab4400,9
12ac0007,9
12ac0013,9
12ac0016,9
12ac0043,9
12ac0046,9
12ac0083,9
12ac0086,9
12ac0103,9
12ac0106,9
12ac0203,9
12ac0206,9
12ac0242,9
12ac0302,9
12ac0402,8
12ac0403,9
12ac0405,9
12ac0406,9
12ac0412,9
12ac0422,9
12ac0441,9
12ac0442,9
12ac0444,9
12ac0481,9
12ac0482,9
12ac0484,9
12ac04c0,9
12ac0501,9
12ac0502,9
12ac0504,9
12ac0540,9
12ac0580,9
12ac0601,9
12ac0602,9
12ac0604,9
12ac0610,9
12ac0640,9
12ac0680,9
12ac0700,9
12ac0803,9
12ac0806,9
12ac0902,9
12ac0a02,9
12ac0c01,9
12ac0c02,9
12ac0c04,9
12ac0c40,9
12ac0c80,9
12ac0d00,9
12ac0e00,9
12ac4001,8
12ac4002,8
12ac4003,9
12ac4004,8
12ac4005,9
12ac4006,9
12ac4011,9
12ac4012,9
12ac4014,9
12ac4021,9
12ac4022,9
12ac4024,9
12ac4030,9
12ac4040,8
12ac4041,9
12ac4042,9
12ac4044,9
12ac4050,9
12ac4060,9
12ac4081,9
12ac4082,9
12ac4084,9
12ac4090,9
12ac40a0,9
12ac40c0,9
12ac4100,8
12ac4101,9
12ac4102,9
12ac4104,9
12ac4110,9
12ac4120,9
12ac4140,9
12ac4180,9
12ac4200,8
12ac4201,9
12ac4202,9
12ac4204,9
12ac4210,9
12ac4220,9
12ac4240,9
12ac4280,9
12ac4300,9
12ac4400,8
12ac4401,9
12ac4402,9
12ac4404,9
12ac4410,9
12ac4420,9
12ac4440,9
12ac4480,9
12ac4500,9
12ac4600,9
12ac4800,8
12ac4801,9
12ac4802,9
12ac4804,9
12ac4810,9
12ac4820,9
12ac4840,9
12ac4880,9
12ac4900,9
12ac4a00,9
12ac4c00,9
12ad0003,9
12ad0006,9
12ad0201,9
12ad0202,9
12ad0401,9
12ad0402,9
12ad0404,9
12ad0440,9
12ad0480,9
12ad0500,9
12ad0600,9
12ad0c00,9
12ad4000,8
12ad4001,9
12ad4002,9
12ad4004,9
12ad4010,9
12ad4020,9
12ad4040,9
12ad4080,9
12ad4100,9
12ad4200,9
12ad4400,9
12ad4800,9
12ae0003,9
12ae0005,9
12ae0006,9
12ae0041,9
12ae0042,9
12ae0081,9
12ae0082,9
12ae0102,9
12ae0201,9
12ae0202,9
12ae0400,8
12ae0401,9
12ae0402,9
12ae0404,9
12ae0410,9
12ae0420,9
12ae0440,9
12ae0480,9
12ae0500,9
12ae0600,9
12ae0802,9
12ae0c00,9
12ae4000,8
12ae4001,9
12ae4002,9
12ae4004,9
12ae4010,9
12ae4020,9
12ae4040,9
12ae4080,9
12ae4100,9
12ae4200,9
12ae4400,9
12ae4800,9
12af0002,9
12af0400,9
12af4000,9
12c04017,9
12c04047,9
12c04053,9
12c04056,9
12c04126,9
12c04143,9
12c04152,9
12c04207,9
12c04213,9
12c04216,9
12c04243,9
12c04246,9
12c04252,9
12c04303,9
12c04322,9
12c04342,9
12c04407,9
12c04413,9
12c04416,9
12c04423,9
12c04426,9
12c04432,9
12c04442,8
12c04443,9
12c04446,9
12c04452,9
12c04462,9
12c04483,9
12c04485,9
12c04486,9
12c04492,9
12c044a2,9
12c044a4,9
12c044c1,9
12c044c2,9
12c044c4,9
12c044d0,9
12c04503,9
12c04506,9
12c04512,9
12c04522,9
12c04524,9
12c04542,9
12c04544,9
12c04550,9
12c04582,9
12c04603,9
12c04606,9
12c04612,9
12c04622,9
12c04641,9
12c04642,9
12c04644,9
12c04650,9
12c04660,9
12c04681,9
12c04682,9
12c04684,9
12c046c0,9
12c04702,9
12c04740,9
12c04a03,9
12c04a42,9
12c04c03,9
12c04c06,9
12c04c12,9
12c04c22,9
12c04c41,9
12c04c42,9
12c04c44,9
12c04c50,9
12c04c60,9
12c04c81,9
12c04c82,9
12c04c84,9
12c04cc0,9
12c04d02,9
12c04d40,9
12c04d80,9
12c04e02,9
12c04e40,9
12c04e80,9
12c04f00,9
12c08125,9
12c14007,9
12c14013,9
12c14016,9
12c14043,9
12c14046,9
12c14052,9
12c14103,9
12c14142,9
12c14202,8
12c14203,9
12c14206,9
12c14212,9
12c14222,9
12c14241,9
12c14242,9
12c14244,9
12c14250,9
12c14260,9
12c14282,9
12c14301,9
12c14302,9
12c14320,9
12c14340,9
12c14402,8
12c14403,9
12c14405,9
12c14406,9
12c14412,9
12c14422,9
12c14441,9
12c14442,9
12c14444,9
12c14450,9
12c14460,9
12c14481,9
12c14482,9
12c14484,9
12c144c0,9
12c14501,9
12c14502,9
12c14504,9
12c14540,9
12c14580,9
12c14600,8
12c14601,9
12c14602,9
12c14604,9
12c14610,9
12c14620,9
12c14640,9
12c14680,9
12c14700,9
12c14803,9
12c14842,9
12c14902,9
12c14a01,9
12c14a02,9
12c14a40,9
12c14b00,9
12c14c01,9
12c14c02,9
12c14c04,9
12c14c10,9
12c14c20,9
12c14c40,9
12c14c80,9
12c14d00,9
12c14e00,9
12c24007,9
12c24013,9
12c24016,9
12c24043,9
12c24052,9
12c24083,9
12c24103,9
12c24203,9
12c24212,9
12c24241,9
12c24242,9
12c24302,9
12c24402,8
12c24403,9
12c24405,9
12c24406,9
12c24411,9
12c24412,9
12c24421,9
12c24422,9
12c24424,9
12c24441,9
12c24442,9
12c24444,9
12c24450,9
12c24460,9
12c24481,9
12c24482,9
12c24484,9
12c24490,9
12c244a0,9
12c244c0,9
12c24501,9
12c24502,9
12c24504,9
12c24540,9
12c24580,9
12c24601,9
12c24602,9
12c24604,9
12c24610,9
12c24620,9
12c24640,9
12c24680,9
12c24700,9
12c24803,9
12c24a02,9
12c24c01,9
12c24c02,9
12c24c04,9
12c24c10,9
12c24c20,9
12c24c40,9
12c24c80,9
12c24d00,9
12c24e00,9
12c30601,9
12c30602,9
12c30680,9
12c34003,9
12c34012,9
12c34042,9
12c34102,9
12c34201,9
12c34202,9
12c34240,9
12c34300,9
12c34401,9
12c34402,9
12c34404,9
12c34410,9
12c34420,9
12c34440,9
12c34480,9
12c34500,9
12c34600,9
12c34a00,9
12c34c00,9
12c40407,9
12c40416,9
12c40446,9
12c40483,9
12c40486,9
12c40606,9
12c40642,9
12c40c03,9
12c40c06,9
12c40c12,9
12c40c41,9
12c40c42,9
12c40c44,9
12c40c81,9
12c40c82,9
12c40cc0,9
12c40d02,9
12c40d40,9
12c40d80,9
12c40e02,9
12c40e40,9
12c40e80,9
12c44003,8
12c44006,8
12c44007,9
12c44012,8
12c44013,9
12c44015,9
12c44016,9
12c44022,8
12c44023,9
12c44025,9
12c44026,9
12c44032,9
12c44034,9
12c44041,8
12c44042,8
12c44043,9
12c44044,8
12c44045,9
12c44046,9
12c44050,8
12c44051,9
12c44052,9
12c44054,9
12c44060,8
12c44061,9
12c44062,9
12c44064,9
12c44070,9
12c44082,8
12c44083,9
12c44085,9
12c44086,9
12c44092,9
12c440a1,9
12c440a2,9
12c440a4,9
12c440c1,9
12c440c2,9
12c440c4,9
12c440d0,9
12c440e0,9
12c44101,8
12c44102,8
12c44103,9
12c44104,8
12c44105,9
12c44106,9
12c44111,9
12c44112,9
12c44114,9
12c44121,9
12c44122,9
12c44124,9
12c44130,9
12c44140,8
12c44141,9
12c44142,9
12c44144,9
12c44150,9
12c44160,9
12c44181,9
12c44182,9
12c44184,9
12c44190,9
12c441a0,9
12c441c0,9
12c44202,8
12c44203,9
12c44204,8
12c44205,9
12c44206,9
12c44211,9
12c44212,9
12c44214,9
12c44221,9
12c44222,9
12c44224,9
12c44230,9
12c44240,8
12c44241,9
12c44242,9
12c44244,9
12c44250,9
12c44260,9
12c44281,9
12c44282,9
12c44284,9
12c442a0,9
12c442c0,9
12c44300,8
12c44301,9
12c44302,9
12c44304,9
12c44310,9
12c44320,9
12c44340,9
12c44380,9
12c44401,8
12c44402,8
12c44403,9
12c44404,8
12c44405,9
12c44406,9
12c44410,8
12c44411,9
12c44412,9
12c44414,9
12c44420,8
12c44421,9
12c44422,9
12c44424,9
12c44430,9
12c44440,8
12c44441,9
12c44442,9
12c44444,9
12c44450,9
12c44460,9
12c44480,8
12c44481,9
12c44482,9
12c44484,9
12c44490,9
12c444a0,9
12c444c0,9
12c44500,8
12c44501,9
12c44502,9
12c44504,9
12c44510,9
12c44520,9
12c44540,9
12c44580,9
12c44600,8
12c44601,9
12c44602,9
12c44604,9
12c44610,9
12c44620,9
12c44640,9
12c44680,9
12c44700,9
12c44802,8
12c44803,9
12c44804,8
12c44805,9
12c44806,9
12c44811,9
12c44812,9
12c44814,9
12c44821,9
12c44822,9
12c44824,9
12c44830,9
12c44840,8
12c44841,9
12c44842,9
12c44844,9
12c44850,9
12c44860,9
12c44881,9
12c44882,9
12c44884,9
12c44890,9
12c448a0,9
12c448c0,9
12c44900,8
12c44901,9
12c44902,9
12c44904,9
12c44910,9
12c44920,9
12c44940,9
12c44980,9
12c44a00,8
12c44a01,9
12c44a02,9
12c44a04,9
12c44a10,9
12c44a20,9
12c44a40,9
12c44a80,9
12c44b00,9
12c44c00,8
12c44c01,9
12c44c02,9
12c44c04,9
12c44c10,9
12c44c20,9
12c44c40,9
12c44c80,9
12c44d00,9
12c44e00,9
12c50007,9
12c50016,9
12c50203,9
12c50206,9
12c50242,9
12c50403,9
12c50406,9
12c50412,9
12c50441,9
12c50442,9
12c50444,9
12c50481,9
12c50482,9
12c504c0,9
12c50502,9
12c50601,9
12c50602,9
12c50604,9
12c50610,9
12c50640,9
12c50680,9
12c50700,9
12c50a02,9
12c50c01,9
12c50c02,9
12c50c04,9
12c50c10,9
12c50c40,9
12c50c80,9
12c50d00,9
12c50e00,9
12c54001,8
12c54002,8
12c54003,9
12c54004,8
12c54005,9
12c54006,9
12c54010,8
12c54011,9
12c54012,9
12c54014,9
12c54020,8
12c54021,9
12c54022,9
12c54024,9
12c54030,9
12c54040,8
12c54041,9
12c54042,9
12c54044,9
12c54050,9
12c54060,9
12c54081,9
12c54082,9
12c54084,9
12c54090,9
12c540a0,9
12c540c0,9
12c54100,8
12c54101,9
12c54102,9
12c54104,9
12c54110,9
12c54120,9
12c54140,9
12c54180,9
12c54200,8
12c54201,9
12c54202,9
12c54204,9
12c54210,9
12c54220,9
12c54240,9
12c54280,9
12c54300,9
12c54400,8
12c54401,9
12c54402,9
12c54404,9
12c54410,9
12c54420,9
12c54440,9
12c54480,9
12c54500,9
12c54600,9
12c54800,8
12c54801,9
12c54802,9
12c54804,9
12c54810,9
12c54820,9
12c54840,9
12c54880,9
12c54900,9
12c54a00,9
12c54c00,9
12c60403,9
12c60406,9
12c60412,9
12c60441,9
12c60442,9
12c60481,9
12c60482,9
12c60484,9
12c604c0,9
12c60502,9
12c60580,9
12c60601,9
12c60602,9
12c60640,9
12c60680,9
12c60c01,9
12c60c02,9
12c60c04,9
12c60c40,9
12c60c80,9
12c60d00,9
12c60e00,9
12c64001,8
12c64002,8
12c64003,9
12c64005,9
12c64006,9
12c64011,9
12c64012,9
12c64014,9
12c64021,9
12c64022,9
12c64024,9
12c64040,8
12c64041,9
12c64042,9
12c64044,9
12c64050,9
12c64060,9
12c64081,9
12c64082,9
12c64084,9
12c64090,9
12c640a0,9
12c640c0,9
12c64100,8
12c64101,9
12c64102,9
12c64104,9
12c64110,9
12c64120,9
12c64140,9
12c64180,9
12c64200,8
12c64201,9
12c64202,9
12c64204,9
12c64210,9
12c64220,9
12c64240,9
12c64280,9
12c64300,9
12c64400,8
12c64401,9
12c64402,9
12c64404,9
12c64410,9
12c64420,9
12c64440,9
12c64480,9
12c64500,9
12c64600,9
12c64800,8
12c64801,9
12c64802,9
12c64804,9
12c64810,9
12c64820,9
12c64840,9
12c64880,9
12c64900,9
12c64a00,9
12c64c00,9
12c70201,9
12c70202,9
12c70401,9
12c70402,9
12c70404,9
12c70410,9
12c70440,9
12c70480,9
12c70500,9
12c70600,9
12c70c00,9
12c74000,8
12c74001,9
12c74002,9
12c74004,9
12c74010,9
12c74020,9
12c74040,9
12c74080,9
12c74100,9
12c74200,9
12c74400,9
12c74800,9
12c84007,9
12c84013,9
12c84016,9
12c84023,9
12c84026,9
12c84032,9
12c84043,9
12c84046,9
12c84052,9
12c84062,9
12c84083,9
12c84086,9
12c84092,9
12c840c2,9
12c84103,9
12c84106,9
12c84112,9
12c84122,9
12c84124,9
12c84142,9
12c84150,9
12c84202,8
12c84203,9
12c84206,9
12c84212,9
12c84222,9
12c84241,9
12c84242,9
12c84244,9
12c84250,9
12c84282,9
12c84301,9
12c84302,9
12c84320,9
12c84340,9
12c84402,8
12c84403,9
12c84404,8
12c84405,9
12c84406,9
12c84411,9
12c84412,9
12c84414,9
12c84421,9
12c84422,9
12c84424,9
12c84440,8
12c84441,9
12c84442,9
12c84444,9
12c84450,9
12c84460,9
12c84481,9
12c84482,9
12c84484,9
12c84490,9
12c844a0,9
12c844c0,9
12c84501,9
12c84502,9
12c84504,9
12c84510,9
12c84520,9
12c84540,9
12c84580,9
12c84600,8
12c84601,9
12c84602,9
12c84604,9
12c84610,9
12c84620,9
12c84640,9
12c84680,9
12c84700,9
12c84803,9
12c84806,9
12c84812,9
12c84822,9
12c84842,9
12c84882,9
12c84902,9
12c84a02,9
12c84a40,9
12c84b00,9
12c84c00,8
12c84c01,9
12c84c02,9
12c84c04,9
12c84c10,9
12c84c20,9
12c84c40,9
12c84c80,9
12c84d00,9
12c84e00,9
12c90601,9
12c90602,9
12c90680,9
12c90e00,9
12c94002,8
12c94003,9
12c94006,9
12c94012,9
12c94022,9
12c94041,9
12c94042,9
12c94044,9
12c94050,9
12c94082,9
12c94102,9
12c94140,9
12c94200,8
12c94201,9
12c94202,9
12c94204,9
12c94210,9
12c94220,9
12c94240,9
12c94280,9
12c94300,9
12c94400,8
12c94401,9
12c94402,9
12c94404,9
12c94410,9
12c94420,9
12c94440,9
12c94480,9
12c94500,9
12c94600,9
12c94802,9
12c94840,9
12c94900,9
12c94a00,9
12c94c00,9
12ca0403,9
12ca0481,9
12ca0482,9
12ca0601,9
12ca0602,9
12ca0680,9
12ca0c02,9
12ca0c80,9
12ca4003,9
12ca4005,9
12ca4006,9
12ca4012,9
12ca4022,9
12ca4041,9
12ca4042,9
12ca4081,9
12ca4082,9
12ca4102,9
12ca4201,9
12ca4202,9
12ca4204,9
12ca4240,9
12ca4280,9
12ca4300,9
12ca4400,8
12ca4401,9
12ca4402,9
12ca4404,9
12ca4410,9
12ca4420,9
12ca4440,9
12ca4480,9
12ca4500,9
12ca4600,9
12ca4802,9
12ca4a00,9
12ca4c00,9
12cb0402,9
12cb0480,9
12cb0600,9
12cb4001,9
12cb4002,9
12cb4004,9
12cb4040,9
12cb4200,9
12cb4400,9
12cc0007,9
12cc0016,9
12cc0046,9
12cc0106,9
12cc0203,9
12cc0206,9
12cc0403,9
12cc0405,9
12cc0406,9
12cc0412,9
12cc0414,9
12cc0441,9
12cc0442,9
12cc0444,9
12cc0450,9
12cc0481,9
12cc0482,9
12cc0484,9
12cc04c0,9
12cc0501,9
12cc0502,9
12cc0504,9
12cc0540,9
12cc0580,9
12cc0601,9
12cc0602,9
12cc0604,9
12cc0640,9
12cc0680,9
12cc0700,9
12cc0803,9
12cc0806,9
12cc0842,9
12cc0c00,8
12cc0c01,9
12cc0c02,9
12cc0c04,9
12cc0c10,9
12cc0c20,9
12cc0c40,9
12cc0c80,9
12cc0d00,9
12cc0e00,9
12cc4001,8
12cc4002,8
12cc4003,9
12cc4004,8
12cc4005,9
12cc4006,9
12cc4010,8
12cc4011,9
12cc4012,9
12cc4014,9
12cc4020,8
12cc4021,9
12cc4022,9
12cc4024,9
12cc4030,9
12cc4040,8
12cc4041,9
12cc4042,9
12cc4044,9
12cc4050,9
12cc4060,9
12cc4080,8
12cc4081,9
12cc4082,9
12cc4084,9
12cc4090,9
12cc40a0,9
12cc40c0,9
12cc4100,8
12cc4101,9
12cc4102,9
12cc4104,9
12cc4110,9
12cc4120,9
12cc4140,9
12cc4180,9
12cc4200,8
12cc4201,9
12cc4202,9
12cc4204,9
12cc4210,9
12cc4220,9
12cc4240,9
12cc4280,9
12cc4300,9
12cc4400,8
12cc4401,9
12cc4402,9
12cc4404,9
12cc4410,9
12cc4420,9
12cc4440,9
12cc4480,9
12cc4500,9
12cc4600,9
12cc4800,8
12cc4801,9
12cc4802,9
12cc4804,9
12cc4810,9
12cc4820,9
12cc4840,9
12cc4880,9
12cc4900,9
12cc4a00,9
12cc4c00,9
12cd0003,9
12cd0006,9
12cd0012,9
12cd0042,9
12cd0201,9
12cd0202,9
12cd0204,9
12cd0240,9
12cd0300,9
12cd0400,8
12cd0401,9
12cd0402,9
12cd0404,9
12cd0410,9
12cd0420,9
12cd0440,9
12cd0480,9
12cd0500,9
12cd0600,9
12cd0802,9
12cd0804,9
12cd0840,9
12cd0a00,9
12cd0c00,9
12cd4000,8
12cd4001,9
12cd4002,9
12cd4004,9
12cd4010,9
12cd4020,9
12cd4040,9
12cd4080,9
12cd4100,9
12cd4200,9
12cd4400,9
12cd4800,9
12ce0003,9
12ce0006,9
12ce0201,9
12ce0400,8
12ce0401,9
12ce0402,9
12ce0404,9
12ce0410,9
12ce0420,9
12ce0440,9
12ce0480,9
12ce0500,9
12ce0600,9
12ce0802,9
12ce0c00,9
12ce4000,8
12ce4001,9
12ce4002,9
12ce4004,9
12ce4010,9
12ce4020,9
12ce4040,9
12ce4080,9
12ce4100,9
12ce4200,9
12ce4400,9
12ce4800,9
12cf0001,9
12cf0002,9
12cf0004,9
12cf0200,9
12cf0400,9
12cf0800,9
12cf4000,9
12e04007,9
12e04013,9
12e04016,9
12e04043,9
12e04046,9
12e04052,9
12e04062,9
12e04103,9
12e04106,9
12e04112,9
12e04122,9
12e04142,9
12e04150,9
12e04203,9
12e04206,9
12e04212,9
12e04222,9
12e04242,9
12e04282,9
12e04302,9
12e04340,9
12e04403,9
12e04406,9
12e04412,9
12e04422,9
12e04441,9
12e04442,9
12e04444,9
12e04450,9
12e04460,9
12e04482,9
12e04484,9
12e044c0,9
12e04502,9
12e04504,9
12e04540,9
12e04602,9
12e04640,9
12e04680,9
12e04700,9
12e04803,9
12e04842,9
12e04902,9
12e04a02,9
12e04c02,9
12e04c04,9
12e04c40,9
12e04c80,9
12e04d00,9
12e04e00,9
12e10602,9
12e14003,9
12e14006,9
12e14012,9
12e14022,9
12e14042,9
12e14102,9
12e14140,9
12e14201,9
12e14202,9
12e14210,9
12e14240,9
12e14300,9
12e14401,9
12e14402,9
12e14404,9
12e14410,9
12e14440,9
12e14480,9
12e14500,9
12e14600,9
12e14802,9
12e14a00,9
12e14c00,9
12e20403,9
12e20482,9
12e20602,9
12e20c02,9
12e24003,9
12e24006,9
12e24012,9
12e24042,9
12e24082,9
12e24102,9
12e24202,9
12e24240,9
12e24401,9
12e24402,9
12e24404,9
12e24410,9
12e24420,9
12e24440,9
12e24480,9
12e24500,9
12e24600,9
12e24802,9
12e24c00,9
12e30402,9
12e30600,9
12e34002,9
12e34040,9
12e34200,9
12e34400,9
12e40007,9
12e40016,9
12e40043,9
12e40046,9
12e40052,9
12e40142,9
12e40242,9
12e40403,9
12e40406,9
12e40412,9
12e40441,9
12e40442,9
12e40444,9
12e40481,9
12e40482,9
12e404c0,9
12e40502,9
12e40540,9
12e40601,9
12e40602,9
12e40640,9
12e40680,9
12e40842,9
12e40c01,9
12e40c02,9
12e40c40,9
12e40c80,9
12e40d00,9
12e40e00,9
12e44001,8
12e44002,8
12e44003,9
12e44004,8
12e44005,9
12e44006,9
12e44011,9
12e44012,9
12e44014,9
12e44021,9
12e44022,9
12e44024,9
12e44030,9
12e44040,8
12e44041,9
12e44042,9
12e44044,9
12e44050,9
12e44060,9
12e44081,9
12e44082,9
12e44084,9
12e44090,9
12e440a0,9
12e440c0,9
12e44100,8
12e44101,9
12e44102,9
12e44104,9
12e44110,9
12e44120,9
12e44140,9
12e44180,9
12e44200,8
12e44201,9
12e44202,9
12e44204,9
12e44210,9
12e44220,9
12e44240,9
12e44280,9
12e44300,9
12e44400,8
12e44401,9
12e44402,9
12e44404,9
12e44410,9
12e44420,9
12e44440,9
12e44480,9
12e44500,9
12e44600,9
12e44800,8
12e44801,9
12e44802,9
12e44804,9
12e44810,9
12e44820,9
12e44840,9
12e44880,9
12e44900,9
12e44a00,9
12e44c00,9
12e50003,9
12e50006,9
12e50041,9
12e50042,9
12e50140,9
12e50201,9
12e50202,9
12e50240,9
12e50401,9
12e50402,9
12e50404,9
12e50440,9
12e50480,9
12e50500,9
12e50600,9
12e50802,9
12e50840,9
12e50c00,9
12e54000,8
12e54001,9
12e54002,9
12e54004,9
12e54010,9
12e54020,9
12e54040,9
12e54080,9
12e54100,9
12e54200,9
12e54400,9
12e54800,9
12e60003,9
12e60042,9
12e60401,9
12e60402,9
12e60404,9
12e60440,9
12e60480,9
12e60500,9
12e60600,9
12e60c00,9
12e64000,8
12e64001,9
12e64002,9
12e64004,9
12e64010,9
12e64020,9
12e64040,9
12e64080,9
12e64100,9
12e64200,9
12e64400,9
12e64800,9
12e70002,9
12e70400,9
12e74000,9
12e80442,9
12e80602,9
12e80c02,9
12e80c40,9
12e84002,8
12e84003,9
12e84006,9
12e84012,9
12e84022,9
12e84040,8
12e84041,9
12e84042,9
12e84044,9
12e84050,9
12e84060,9
12e84082,9
12e840c0,9
12e84101,9
12e84102,9
12e84104,9
12e84110,9
12e84120,9
12e84140,9
12e84201,9
12e84202,9
12e84204,9
12e84210,9
12e84220,9
12e84240,9
12e84280,9
12e84300,9
12e84400,8
12e84401,9
12e84402,9
12e84404,9
12e84410,9
12e84420,9
12e84440,9
12e84480,9
12e84500,9
12e84600,9
12e84802,9
12e84804,9
12e84840,9
12e84900,9
12e84a00,9
12e84c00,9
12e90202,9
12e90402,9
12e90600,9
12e94001,9
12e94002,9
12e94004,9
12e94010,9
12e94020,9
12e94040,9
12e94100,9
12e94200,9
12e94400,9
12e94800,9
12ea0401,9
12ea0402,9
12ea0404,9
12ea0440,9
12ea0480,9
12ea0600,9
12ea0c00,9
12ea4001,9
12ea4002,9
12ea4004,9
12ea4010,9
12ea4040,9
12ea4080,9
12ea4100,9
12ea4200,9
12ea4400,9
12ea4800,9
12eb0400,9
12eb4000,9
12ec0003,9
12ec0005,9
12ec0006,9
12ec0012,9
12ec0040,8
12ec0041,9
12ec0042,9
12ec0044,9
12ec0050,9
12ec0060,9
12ec0082,9
12ec00c0,9
12ec0101,9
12ec0102,9
12ec0104,9
12ec0140,9
12ec0201,9
12ec0202,9
12ec0240,9
12ec0400,8
12ec0401,9
12ec0402,9
12ec0404,9
12ec0410,9
12ec0420,9
12ec0440,9
12ec0480,9
12ec0500,9
12ec0600,9
12ec0801,9
12ec0802,9
12ec0804,9
12ec0840,9
12ec0900,9
12ec0a00,9
12ec0c00,9
12ec4000,8
12ec4001,9
12ec4002,9
12ec4004,9
12ec4010,9
12ec4020,9
12ec4040,9
12ec4080,9
12ec4100,9
12ec4200,9
12ec4400,9
12ec4800,9
12ed0001,9
12ed0002,9
12ed0004,9
12ed0040,9
12ed0100,9
12ed0200,9
12ed0400,9
12ed0800,9
12ed4000,9
12ee0001,9
12ee0002,9
12ee0004,9
12ee0040,9
12ee0200,9
12ee0400,9
12ee0800,9
12ee4000,9
12ef0000,9
180081ad,9
18014a89,9
1801812d,9
18018a89,9
1802009f,9
1802021f,9
1802028f,9
1802029b,9
1802089b,9
18020a89,8
18020a8b,9
18020a8d,9
18020a99,9
18020aa9,9
18020b89,9
18022889,8
1802288b,9
1802288d,9
18022899,9
180228a9,9
180228c9,9
18022989,9
18023285,9
18023a81,9
1802401f,9
1802408d,8
1802408f,9
1802409b,9
1802409d,9
180240ad,9
180240cb,9
1802418d,9
1802420f,9
1802421b,9
1802424d,9
18024289,8
1802428b,9
1802428d,9
18024299,9
180242a9,9
18024609,8
1802460b,9
1802460d,9
18024619,9
18024629,9
18024681,8
18024709,9
1802480f,9
18024889,8
1802488b,9
1802488d,9
1802488e,9
18024899,9
180248a9,9
180248c9,9
18024989,9
18024a09,8
18024a0b,9
18024a0d,9
18024a19,9
18024a29,9
18024a49,9
18024a85,9
18024a88,8
18024a89,9
18024a8a,9
18024a8c,9
18024a98,9
18024aa8,9
18024b09,9
18024c0d,9
18024e09,9
18025281,8
18028289,8
1802828b,9
1802828d,9
18028299,9
180282a9,9
18028329,9
18028389,9
18028889,8
1802888b,9
1802888d,9
18028899,9
180288a9,9
180288c9,9
18028989,9
18028a89,9
1802a089,8
1802a08b,9
1802a08d,9
1802a099,9
1802a0a9,9
1802a0c9,9
1802a189,9
1802a889,9
1802a88c,9
1802aa09,9
1802aa81,9
1802b281,9
1802c08d,9
1802c189,9
1802c281,8
1802c889,9
1802c88c,9
18030289,8
1803028b,9
1803028d,9
18030299,9
180302a9,9
18030389,9
1803060d,9
18030889,8
1803088b,9
1803088d,9
18030899,9
180308a9,9
180308c9,9
18030989,9
18030a89,9
18030e09,9
1803208d,9
18032889,9
18032a81,9
18033281,9
18034089,8
1803408b,9
1803408d,9
18034099,9
180340a9,9
180340c9,9
18034189,9
18034209,8
1803420b,9
1803420d,9
18034219,9
18034229,9
18034249,9
18034289,9
1803428c,9
18034309,9
1803440d,9
18034609,9
1803480d,9
18034889,9
1803488c,9
18034898,9
18034a09,9
18034a81,9
18034a88,9
18034c09,9
18034e08,9
18038289,9
18038889,9
18038a09,9
18038a88,9
1803a089,9
1803a281,9
1803a888,9
1803c089,9
1803c888,9
1804812d,9
18048325,9
1804888d,9
18049125,9
1804a125,9
1804aa81,9
18052a81,9
18058889,9
1805a281,9
1805aa80,9
18060889,8
1806088b,9
1806088d,9
18060899,9
180608a9,9
18060989,9
18060a0d,9
18060a49,9
18062087,9
18062096,9
18062281,8
18062283,9
18062285,9
18062286,9
18062291,9
18062292,9
180622a1,9
180622c1,9
18062381,9
1806280d,9
18062883,9
18062885,9
18062a81,9
18062a82,9
18062a84,9
18062a90,9
18062ac0,9
18062c09,9
1806480d,9
18064819,9
18064849,9
18068089,8
1806808b,9
1806808d,9
18068099,9
180680a9,9
180680c9,9
18068189,9
18068283,9
18068449,9
18068684,9
180686c0,9
1806880d,9
18068889,9
1806888c,9
18068898,9
180688c8,9
18068988,9
18068a81,9
18068c09,9
18068e80,9
1806a00d,9
1806a081,8
1806a083,9
1806a085,9
1806a091,9
1806a0a1,9
1806a0c1,9
1806a181,9
1806a280,8
1806a281,9
1806a282,9
1806a284,9
1806a290,9
1806a2a0,9
1806a2c0,9
1806a380,9
1806a809,9
1806a881,9
1806a882,9
1806a884,9
1806a890,9
1806a8c0,9
1806aa80,9
1806c80c,9
18070089,8
1807008b,9
1807008d,9
18070099,9
180700a9,9
180700c9,9
18070189,9
1807020d,9
18070219,9
18070249,9
18070682,9
18070684,9
18070690,9
180706c0,9
1807080d,9
18070889,9
1807088c,9
18070a81,9
18070c09,9
18070e80,9
1807200d,9
18072281,9
18072409,9
18072809,9
18072881,9
18072a80,9
1807400d,9
18074809,9
1807800d,9
18078089,9
18078281,9
18078409,9
18078481,9
18078601,9
18078680,9
18078809,9
18078881,9
18078888,9
18078a80,9
1807a009,9
1807a081,9
1807a201,9
1807a280,9
1807a880,9
180a1a81,9
180a2285,9
180a2a81,9
180a3281,9
180a3284,9
180a3290,9
180a3881,9
180a3a80,9
180a9281,9
180aa281,9
180aaa80,9
180ab081,9
180ab201,9
180ab280,9
180ab880,9
180b2281,9
180b2a80,9
180b3280,9
180e001b,9
180e080d,9
180e0819,9
180e0849,9
180e8019,9
180e8109,9
180f000d,9
180f0809,9
18109125,9
18119881,9
18128125,9
18128321,9
18128c81,9
18128e80,9
18130e80,9
18138481,9
18138601,9
18138680,9
18138a80,9
18148125,9
18148c81,9
18150c81,9
18150e80,9
18158481,9
18158601,9
18158680,9
18158881,9
18158a80,9
18158c80,9
18160096,9
18160216,9
18160286,9
18160483,9
18160485,9
18160486,9
18160491,9
181604c1,9
18160680,8
18160682,9
18160684,9
18160690,9
181606a0,9
181606c0,9
18160780,9
18160a84,9
18160a90,9
18160c81,9
18160c84,9
18160cc0,9
18160e80,9
18168007,9
18168016,9
18168081,8
18168083,9
18168085,9
18168086,9
18168091,9
18168092,9
181680a1,9
181680c1,9
18168121,9
18168124,9
18168181,9
18168201,8
18168203,9
18168205,9
18168206,9
18168211,9
18168221,9
18168241,9
18168280,8
18168282,9
18168284,9
18168290,9
181682a0,9
181682c0,9
18168301,9
18168380,9
18168403,9
18168405,9
18168441,9
18168480,8
18168481,9
18168482,9
18168484,9
18168490,9
181684a0,9
181684c0,9
18168580,9
18168601,9
18168604,9
18168640,9
18168680,9
18168881,9
18168882,9
18168884,9
18168890,9
181688c0,9
18168980,9
18168a01,9
18168a80,9
18168c01,9
18168c80,9
18168e00,9
18170205,9
18170282,9
18170284,9
18170290,9
181702c0,9
18170481,9
18170482,9
18170484,9
18170490,9
181704c0,9
18170601,9
18170604,9
18170640,9
18170680,9
18170881,9
18170884,9
18170a01,9
18170a80,9
18170c80,9
18170e00,9
18178003,9
18178005,9
18178041,9
18178081,9
18178082,9
18178084,9
18178090,9
181780c0,9
18178201,9
18178204,9
18178280,9
18178401,9
18178404,9
18178440,9
18178480,9
18178600,9
18178801,9
18178880,9
18178a00,9
18178c00,9
18210a89,9
1822008f,9
1822009b,9
18220289,8
1822028b,9
1822028d,9
18220299,9
182202a9,9
18220389,9
18220609,8
18220629,9
18220889,8
1822088b,9
1822088d,9
18220899,9
182208a9,9
182208c9,9
18220989,9
18220a0b,9
18220a89,9
18220a8a,9
18220c0b,9
18220c49,9
18220d09,9
18222089,8
1822208b,9
1822208d,9
18222099,9
182220a9,9
182220ac,9
182220c9,9
18222189,9
18222889,9
1822288a,9
1822288c,9
18222898,9
182228c8,9
18222988,9
18222c09,9
1822400f,9
1822401b,9
1822402d,9
18224089,8
1822408b,9
1822408d,9
18224099,9
1822409a,9
182240a9,9
182240ac,9
18224189,9
18224209,8
1822420b,9
1822420d,9
18224219,9
18224229,9
18224249,9
18224309,9
18224409,8
1822440b,9
18224429,9
1822442c,9
18224509,9
1822480b,9
1822480d,9
18224819,9
18224849,9
18224888,8
18224889,9
1822488a,9
1822488c,9
18224898,9
182248a8,9
18224909,9
18224a09,9
18224c09,9
18224c0a,9
18224c18,9
18224d08,9
18226809,9
1822808b,9
182280c9,9
18228189,9
1822820b,9
18228449,9
18228889,9
18228a09,9
18228c09,9
18228c48,9
1822a089,9
1822a08a,9
1822a409,9
1822a888,9
1822c809,9
1823008b,9
18230189,9
1823020b,9
18230289,9
1823028a,9
1823040b,9
18230609,9
1823060a,9
18230889,9
18230a09,9
18230a88,9
18230c09,9
18230e08,9
18232089,9
18232888,9
1823400b,9
1823400d,9
18234049,9
18234089,9
18234209,9
18234409,9
1823440a,9
1823440c,9
18234608,9
18234809,9
18234888,9
18234a08,9
18234c08,9
18238089,9
18238209,9
18238409,9
1824480d,9
1824a049,9
1824a809,9
18250449,9
18250c09,9
1825a009,9
1826002d,9
1826004d,9
18260409,8
1826040b,9
1826040d,9
18260419,9
18260429,9
18260449,9
18260509,9
1826080b,9
1826080d,9
18260819,9
18260849,9
18260909,9
18260c09,9
18260c48,9
1826200b,9
1826200d,9
18262049,9
1826240c,9
18262809,9
18264009,8
1826400d,9
18264019,9
18264029,9
18264109,9
18264809,9
1826480c,9
18264848,9
1826800b,9
1826800d,9
18268049,9
18268109,9
182684c0,9
18268601,9
18268809,9
1826a009,9
1827000b,9
1827000d,9
18270049,9
18270409,9
18270601,9
18270640,9
18270809,9
18270c08,9
18272009,9
18274808,9
18278009,9
18278408,9
18278480,9
18278600,9
18308125,9
18328121,9
18328124,9
18328403,9
18328441,9
18328482,9
18328484,9
18328490,9
183284c0,9
18328501,9
18328580,9
18328602,9
18328640,9
18328700,9
18328c01,9
18328c40,9
18328c80,9
18330602,9
18330640,9
18330700,9
18330c80,9
18338401,9
18338440,9
18338480,9
18338600,9
18348121,9
18348124,9
18348441,9
18348482,9
183484c0,9
18348640,9
18348c80,9
18350c80,9
18358401,9
18358480,9
18358600,9
18358880,9
18360007,9
18360016,9
18360043,9
18360086,9
18360092,9
183600a4,9
183600c2,9
183600c4,9
183600d0,9
18360124,9
18360182,9
183601c0,9
18360206,9
18360403,9
18360405,9
18360406,9
18360411,9
18360441,9
18360442,9
18360444,9
18360480,8
18360482,9
18360484,9
18360490,9
183604a0,9
183604c0,9
18360501,9
18360540,9
18360580,9
18360600,8
18360602,9
18360604,9
18360610,9
18360620,9
18360640,9
18360700,9
18360841,9
18360882,9
18360884,9
183608c0,9
18360980,9
18360c01,9
18360c40,9
18360c80,9
18360e00,9
18368001,8
18368003,9
18368005,9
18368006,9
18368011,9
18368021,9
18368024,9
18368041,9
18368042,9
18368044,9
18368050,9
18368080,8
18368082,9
18368084,9
18368090,9
183680a0,9
183680c0,9
18368101,9
18368104,9
18368120,9
18368140,9
18368180,9
18368200,8
18368202,9
18368204,9
18368210,9
18368220,9
18368240,9
18368300,9
18368400,8
18368401,9
18368402,9
18368404,9
18368410,9
18368420,9
18368440,9
18368480,9
18368500,9
18368600,9
18368801,9
18368840,9
18368880,9
18368900,9
18368a00,9
18368c00,9
18370003,9
18370005,9
18370041,9
18370082,9
18370084,9
183700c0,9
18370101,9
18370180,9
18370202,9
18370204,9
18370240,9
18370300,9
18370401,9
18370402,9
18370404,9
18370410,9
18370440,9
18370480,9
18370500,9
18370600,9
18370801,9
18370880,9
18370a00,9
18370c00,9
18378001,9
18378002,9
18378004,9
18378040,9
18378080,9
18378100,9
18378200,9
18378400,9
18378800,9
18410a89,9
18414889,9
18414a09,9
18418889,9
1841a881,9
1842028b,9
1842028d,9
18420299,9
18420889,8
1842088b,9
1842088d,9
18420899,9
184208a9,9
184208c9,9
18420989,9
18420a89,9
1842208e,9
18422096,9
1842209a,9
1842209c,9
184220ac,9
1842280d,9
18422881,8
18422883,9
18422885,9
18422888,8
1842288a,9
1842288c,9
18422891,9
18422892,9
184228a1,9
184228a4,9
184228a8,9
184228c1,9
184228d0,9
18422981,9
18422988,9
18424089,8
1842408b,9
1842408d,9
18424099,9
184240a9,9
18424189,9
18424209,8
1842420b,9
1842420d,9
18424219,9
18424229,9
18424309,9
1842480b,9
1842480d,9
18424819,9
18424849,9
18424889,9
1842488a,9
1842488c,9
18424898,9
18424a09,9
18424c09,9
18428289,9
18428889,9
18428a09,9
1842a809,9
1842a880,8
1842a881,9
1842a882,9
1842a884,9
1842a890,9
1842a8a0,9
1842a8c0,9
1842a980,9
1842c809,9
18430289,9
18430609,9
18430889,9
18430a09,9
18430a81,9
18430a88,9
18430c09,9
18430e08,9
18432088,8
1843208a,9
1843208c,9
18432098,9
184320a8,9
18432188,9
18432809,9
18432880,8
18432881,9
18432882,9
18432884,9
18432888,9
18432890,9
184328a0,9
184328c0,9
18432980,9
1843400d,9
18434089,9
18434209,9
1843420c,9
18434409,9
18434608,9
18434809,9
18434881,9
18434888,9
18434a08,9
18434c08,9
18438089,9
18438209,9
18438601,9
18438809,9
18438888,9
1843a081,9
1843a808,9
1843a880,9
18448125,9
1844880d,9
18458601,9
18458a01,9
18458e00,9
1846080d,9
18460849,9
18462009,8
1846200d,9
18462019,9
18462029,9
18462109,9
18462805,9
18462808,8
1846280c,9
18462818,9
18462828,9
18462908,9
18468601,9
18468809,9
18468a01,9
1846a801,9
1846a804,9
1847000d,9
18470205,9
18470601,9
18470602,9
18470604,9
18470610,9
18470640,9
18470809,9
18470a01,9
18470e00,9
18472008,8
18472018,9
18472028,9
18472108,9
18472801,9
18472804,9
18478009,9
18478201,9
18478204,9
18478401,9
18478600,9
18478801,9
18478808,9
18478a00,9
1847a001,9
1847a004,9
1847a800,9
18508125,9
18518c01,9
18528121,9
18528403,9
18528411,9
18528441,9
18528801,8
18528803,9
18528805,9
18528811,9
18528821,9
18528841,9
18528901,9
18528c01,9
18530c01,9
18538003,9
18538005,9
18538011,9
18538041,9
18538101,9
18538401,9
18538801,9
18538c00,9
18540017,9
18540125,9
18540807,9
18540c05,9
18540c41,9
18548007,9
18548013,9
18548121,9
18548124,9
18548403,9
18548405,9
18548411,9
18548441,9
18548501,9
18548801,8
18548803,9
18548805,9
18548811,9
18548821,9
18548841,9
18548901,9
18548c01,9
18548c40,9
18550007,9
18550403,9
18550405,9
18550441,9
18550803,9
18550805,9
18550811,9
18550841,9
18550c01,9
18558001,8
18558003,9
18558005,9
18558011,9
18558021,9
18558041,9
18558101,9
18558401,9
18558440,9
18558801,9
18558804,9
18558c00,9
18560007,9
18560013,9
18560015,9
18560016,9
18560025,9
18560043,9
18560045,9
18560051,9
18560401,8
18560403,9
18560405,9
18560411,9
18560421,9
18560441,9
18560501,9
18560801,8
18560803,9
18560805,9
18560811,9
18560821,9
18560841,9
18560901,9
18560c01,9
18568001,8
18568003,9
18568005,9
18568006,9
18568011,9
18568012,9
18568021,9
18568041,9
18568101,9
18568400,8
18568401,9
18568402,9
18568404,9
18568410,9
18568420,9
18568440,9
18568500,9
18568800,8
18568801,9
18568802,9
18568804,9
18568810,9
18568820,9
18568840,9
18568900,9
18568c00,9
18570001,8
18570003,9
18570005,9
18570006,9
18570011,9
18570021,9
18570041,9
18570101,9
18570400,8
18570401,9
18570402,9
18570404,9
18570410,9
18570420,9
18570440,9
18570500,9
18570801,9
18570804,9
18570810,9
18570c00,9
18578000,8
18578001,9
18578002,9
18578004,9
18578010,9
18578020,9
18578040,9
18578100,9
18578400,9
18578800,9
18604889,9
18614209,9
18614409,9
18620289,9
18620889,9
18620a09,9
18620a88,9
18620c09,9
18622086,9
18622092,9
186220a4,9
18622809,9
18622848,9
18622880,8
18622882,9
186228a0,9
18624019,9
18624089,9
18624209,9
18624409,9
1862440a,9
18624508,9
18624809,9
18624888,9
18624a08,9
18624c08,9
18628089,9
18628209,9
18628809,9
18628888,9
1862a009,9
1862a808,9
18630089,9
18630209,9
18630288,9
18630409,9
18630608,9
18630809,9
18630888,9
18630c08,9
18632009,9
18632082,9
18632084,9
18632808,9
18634009,9
18634088,9
18634208,9
18634408,9
18634808,9
18650809,9
1866000d,9
18660049,9
18660809,9
18662024,9
18662801,9
18662804,9
18662840,9
18668009,9
18668440,9
18668808,9
1866a001,9
1866a800,9
18670009,9
18670440,9
18672001,9
18672004,9
18672040,9
18672800,9
18678400,9
1867a000,9
1880812d,9
1880c129,9
1882024b,9
1882088b,9
188208c9,9
18820989,9
18820a0b,9
18820a49,9
18820c49,9
18820e09,9
1882208b,9
1882208d,9
18822099,9
188220c9,9
18822189,9
18822283,9
18822889,9
188228c8,9
18823281,9
1882400b,8
1882401b,9
1882402b,9
1882402d,9
18824039,9
18824049,8
1882404b,9
1882404d,9
18824059,9
18824069,9
18824129,9
18824149,9
18824209,8
18824219,9
1882421a,9
18824229,9
18824809,8
1882480b,9
1882480d,9
18824819,9
18824829,9
18824849,9
18824909,9
18824a09,9
18824a0a,9
18824a0c,9
188280c9,9
18828249,9
18828449,9
18828889,9
18828a09,9
18828c09,9
1882a089,9
1882a281,9
1882a888,9
1882b280,9
1882c009,8
1882c00b,9
1882c00d,9
1882c019,9
1882c029,9
1882c109,9
1882c809,9
1882c908,9
1883020b,9
18830249,9
18830449,9
18830889,9
18830a09,9
18830c09,9
18832089,9
18832888,9
18834009,8
1883400b,9
1883400d,9
18834019,9
18834029,9
18834049,9
18834109,9
18834209,9
1883420a,9
1883420c,9
18834809,9
18834848,9
18834a08,9
18838409,9
1883c009,9
18842449,9
18848125,9
18848449,9
18848509,9
1884a083,9
1884a203,9
1884a281,9
1884a282,9
1884a882,9
1884aa80,9
18850449,9
18852409,9
18858409,9
18860283,9
18860309,9
1886040b,9
1886040d,9
18860449,9
18860509,9
1886080d,9
18860849,9
18860909,9
18860a81,9
18860c09,9
1886200d,9
18862049,9
18862083,9
18862086,9
18862092,9
188620c1,9
188620c2,9
18862181,9
18862182,9
18862203,9
18862281,9
18862282,9
18862284,9
18862290,9
188622c0,9
18862380,9
18862409,9
18862809,9
18862881,9
18862882,9
188628c0,9
18862980,9
18862a80,9
1886800d,9
18868049,9
18868083,9
18868109,9
18868203,9
18868241,9
18868281,9
18868409,9
18868809,9
18868881,9
1886a003,9
1886a009,9
1886a081,9
1886a082,9
1886a084,9
1886a090,9
1886a0c0,9
1886a180,9
1886a201,9
1886a280,9
1886a880,9
18870049,9
18870409,9
18870601,9
18870809,9
18872009,9
18872081,9
18872082,9
18872280,9
18872880,9
18878009,9
18878201,9
18878600,9
1887a080,9
188a2281,9
188a2a80,9
188a3081,9
188a3280,9
188a8809,9
188aa280,9
188ab080,9
18901017,9
18901883,9
18908125,9
18909007,9
18909013,9
18909043,9
18909083,9
18909803,9
18919003,9
18928403,9
18938401,9
18960403,9
18960406,9
18968003,9
18968005,9
18968006,9
18968041,9
18968101,9
18968401,9
18968402,9
18968404,9
18968410,9
18968440,9
18968500,9
18968801,9
18968c00,9
18970401,9
18970402,9
18978001,9
18978400,9
18a2008b,9
18a200c9,9
18a20189,9
18a2020b,9
18a2040b,9
18a20449,9
18a20509,9
18a2080b,9
18a20889,9
18a2088a,9
18a20a09,9
18a20c09,9
18a20c48,9
18a22409,9
18a2240a,9
18a24009,8
18a2400b,9
18a2400d,9
18a24019,9
18a2401a,9
18a24029,9
18a2404c,9
18a24109,9
18a24148,9
18a24212,9
18a24218,9
18a24809,9
18a2480a,9
18a24848,9
18a24908,9
18a24a08,9
18a28049,9
18a28089,9
18a28409,9
18a28448,9
18a28c08,9
18a30209,9
18a30409,9
18a30448,9
18a30c08,9
18a34009,9
18a3400a,9
18a34108,9
18a34202,9
18a34208,9
18a38408,9
18a40149,9
18a4040d,9
18a40509,9
18a40849,9
18a42049,9
18a48049,9
18a48109,9
18a50049,9
18a50409,9
18a58009,9
18a6000b,9
18a6000d,9
18a60049,9
18a60109,9
18a60409,9
18a6040a,9
18a60448,9
18a60508,9
18a60809,9
18a60c08,9
18a62009,9
18a68009,9
18a70009,9
18a70408,9
18c20889,9
18c20a09,9
18c22809,9
18c28809,9
18c30209,9
18c30601,9
18c30640,9
18c34808,9
18c50049,9
18c50601,9
18c50602,9
18c50640,9
18c58440,9
18c58600,9
18c60049,9
18c60640,9
18c60809,9
18c6200c,9
18c62108,9
18c62840,9
18c68009,9
18c68440,9
18c68600,9
18c6a800,9
18c70009,9
18c70201,9
18c70202,9
18c70240,9
18c70401,9
18c70440,9
18c70600,9
18c72040,9
18c72800,9
18c78200,9
18c78400,9
18c7a000,9
18d08c01,9
18d18401,9
18d20403,9
18d20441,9
18d20c01,9
18d28003,9
18d28041,9
18d28401,9
18d28402,9
18d28440,9
18d28801,9
18d28c00,9
18d30401,9
18d30801,9
18d38001,9
18d38400,9
18d40007,9
18d40043,9
18d40403,9
18d40441,9
18d40803,9
18d40841,9
18d40c01,9
18d48003,9
18d48005,9
18d48011,9
18d48041,9
18d48101,9
18d48401,9
18d48402,9
18d48440,9
18d48801,9
18d48802,9
18d48840,9
18d48c00,9
18d50003,9
18d50041,9
18d50401,9
18d50402,9
18d50440,9
18d50801,9
18d50c00,9
18d58001,9
18d58040,9
18d58400,9
18d58800,9
18d60001,8
18d60003,9
18d60005,9
18d60006,9
18d60011,9
18d60021,9
18d60041,9
18d60042,9
18d60101,9
18d60401,9
18d60402,9
18d60404,9
18d60410,9
18d60440,9
18d60500,9
18d60801,9
18d60840,9
18d60c00,9
18d68001,9
18d68002,9
18d68004,9
18d68010,9
18d68040,9
18d68100,9
18d68400,9
18d68800,9
18d70001,9
18d70002,9
18d70040,9
18d70400,9
18d70800,9
18d78000,9
18e22808,9
18e24808,9
18e30408,9
18e34008,9
18e40442,9
18e48440,9
18e50440,9
18e60009,9
18e60402,9
18e60440,9
18e68040,9
18e68400,9
18e70040,9
18e70400,9
1902a809,9
19038809,9
1904001f,9
1904801b,9
1904802d,9
1904804d,9
1904810d,9
19048125,9
19048129,9
19048809,8
1904880b,9
1904880d,9
19048819,9
19048829,9
19048849,9
19048909,9
1905080d,9
1905800d,9
19058019,9
19058049,9
19058109,9
19058809,9
1906000d,8
1906000f,9
1906001b,9
1906001d,9
1906002d,9
1906004d,9
1906010d,9
19060809,8
1906080b,9
1906080d,9
19060819,9
19060829,9
19060849,9
19060909,9
19062009,8
19062019,9
19062029,9
19062109,9
1906280a,9
19062818,9
19062848,9
19068009,8
1906800b,9
1906800d,9
19068019,9
19068029,9
19068049,9
19068109,9
19068809,9
1906880c,9
19070009,8
1907000b,9
1907000d,9
19070019,9
19070029,9
19070049,9
19070109,9
19070809,9
1907080c,9
19078009,9
19078808,9
1922080b,9
19220849,9
19222809,9
19228109,9
19228809,9
19230809,9
1926002c,9
1942080d,9
19428809,9
19430809,9
19438009,9
19820849,9
19822809,9
19828049,9
19828809,9
1982a009,9
1984004b,9
1984004d,9
19840059,9
19840149,9
1984080b,9
1984080d,9
19840849,9
19840909,9
19848009,8
1984800b,9
1984800d,9
19848019,9
19848029,9
19848049,9
19848109,9
19848809,9
1985000d,9
19860009,8
1986000b,9
1986000d,9
19860019,9
19860029,9
19860049,9
19860109,9
19860809,9
1986080c,9
19860848,9
19860908,9
19868009,9
1986800c,9
19868048,9
19868108,9
19868808,9
19870009,9
1a00812b,9
1a00812d,9
1a0081a9,9
1a00888b,9
1a008929,9
1a008989,9
1a009125,9
1a018129,9
1a018889,9
1a02020f,9
1a020889,8
1a02088b,9
1a02088d,9
1a020899,9
1a0208a9,9
1a020a0b,9
1a020a0d,9
1a021888,8
1a03020b,9
1a03020d,9
1a030889,9
1a030a09,9
1a101883,9
1a108125,9
1a109007,9
1a109083,9
1a109121,9
1a109124,9
1a109803,9
1a109805,9
1a109881,9
1a111881,9
1a119003,9
1a119801,9
1a220089,8
1a22008b,9
1a22008d,9
1a2200a9,9
1a22020b,9
1a22020d,9
1a220309,9
1a22080b,9
1a22080d,9
1a220888,8
1a220889,9
1a22088a,9
1a2208a8,9
1a220909,9
1a220a09,9
1a224009,8
1a224029,9
1a230089,9
1a230209,9
1a230809,9
1a230a08,9
1a234009,9
1a408125,9
1a410889,9
1a410a09,9
1a420889,9
1a420a09,9
1a430089,9
1a430209,9
1a430809,9
1a430888,9
1a430a08,9
1a434009,9
1a600889,9
1a610209,9
1a614009,9
1a620089,9
1a620209,9
1a620809,9
1a620888,9
1a620a08,9
1a624009,9
1a630009,9
1a630808,9
1a634008,9
1a80804b,9
1a80808b,9
1a80810b,9
1a808129,9
1a808889,9
1a82080b,9
1a820909,9
1a830809,9
1a901803,9
1a909003,9
1a909041,9
1a909081,9
1a909801,9
1a909802,9
1a919001,9
1aa2000b,9
1aa20809,9
1aa2080a,9
1aa30009,9
1ac20809,9
200020bf,9
2000429f,9
2000813f,9
2000a32d,9
2001421f,9
2001832d,9
2002209f,9
2002221f,9
2002409f,9
2002421f,9
2002501f,9
2002a88b,9
2002a88d,9
2002a989,9
2002ca89,9
2003428d,9
20034a89,9
20038a89,9
2003a889,9
2004501f,9
2004c12d,9
2004d289,9
20062097,9
20064a89,9
2006508b,9
2006520d,9
20068a89,9
2006c289,9
2006c889,9
20075209,9
2008029f,9
2008041f,8
2008109f,9
2008121f,9
2008128f,9
2008409f,9
2008421f,9
2008428f,9
20084687,9
20084a8d,9
2008501f,9
2008508f,9
2008520f,9
2008528b,9
2008528d,9
20085299,9
20085a89,9
2008c28b,9
2008c28d,9
2008ca89,9
2008d00f,9
2008d20b,9
2008d20d,9
2008d289,9
2009021f,9
20090607,8
2009120f,9
2009128b,9
2009128d,9
20091a89,9
2009420f,9
2009428b,9
2009428d,9
20094a89,9
2009520b,9
2009520d,9
20095289,9
20098a89,9
20099289,9
2009c289,9
2009d209,9
200a003f,9
200a009f,9
200a021f,9
200a028f,9
200a0a8b,9
200a0a8d,9
200a101f,9
200a120f,9
200a128b,9
200a1299,9
200a1a89,9
200a401f,9
200a408f,9
200a420f,9
200a428b,9
200a428d,9
200a4299,9
200a42c9,9
200a4487,9
200a480f,9
200a488b,9
200a488d,9
200a4a0d,9
200a4a89,9
200a500f,9
200a508b,9
200a520b,9
200a5219,9
200a580d,9
200a828b,9
200a828d,9
200a8a89,9
200ac08d,9
200ac20b,9
200ac20d,9
200ac289,9
200ac889,9
200aca09,9
200b020f,9
200b028b,9
200b028d,9
200b0a89,9
200b120b,9
200b120d,9
200b1289,9
200b1a09,9
200b420b,9
200b420d,9
200b4289,9
200b5089,9
200b5209,9
200b8289,9
200bc209,9
200c003f,9
200c009f,9
200c021f,9
200c028f,9
200c101f,9
200c108f,9
200c120f,9
200c128b,9
200c128d,9
200c1299,9
200c1a89,9
200c401f,9
200c408f,9
200c409b,9
200c420f,9
200c428b,9
200c428d,9
200c4299,9
200c4a89,9
200c500f,9
200c501b,9
200c5087,9
200c508b,9
200c508d,9
200c5099,9
200c520b,9
200c520d,9
200c5289,9
200c801f,9
200c828b,9
200c828d,9
200c8a89,9
200c920d,9
200c9289,9
200cc00f,9
200cc08b,9
200cc08d,9
200cc20b,9
200cc20d,9
200cc289,9
200cd00b,9
200cd00d,9
200cd089,9
200cd209,9
200d028d,9
200d0a89,9
200d120b,9
200d120d,9
200d1289,9
200d420b,9
200d420d,9
200d4289,9
200d5089,9
200d5209,9
200d8289,9
200d9209,9
200dc209,9
200e001f,9
200e008f,9
200e020f,9
200e021b,9
200e028b,9
200e028d,9
200e0299,9
200e0a89,9
200e100f,9
200e108b,9
200e120b,9
200e1219,9
200e1a09,9
200e400f,9
200e401b,9
200e408b,9
200e408d,9
200e4099,9
200e420b,9
200e420d,9
200e4219,9
200e4289,9
200e480d,9
200e4889,9
200e4a09,9
200e500b,9
200e500d,9
200e5019,9
200e5209,9
200e808d,9
200e820b,9
200e820d,9
200e8289,9
200e8889,9
200e8a09,9
200ec00b,9
200ec00d,9
200ec089,9
200ec209,9
200f020b,9
200f020d,9
200f0289,9
200f1209,9
200f4089,9
200f4209,9
200f8209,9
20108725,9
20109127,9
20118325,9
20148325,9
20178601,9
2020209f,9
2020409f,9
2020421f,9
2020832d,9
2020c12d,9
2021428b,9
2021460b,9
2022208f,9
2022209b,9
2022209e,9
202220ad,9
2022288b,9
2022288d,9
202228c9,9
20222989,9
2022428b,9
2022428d,9
20224299,9
20224389,9
2022448b,9
20224a89,9
20224c89,9
20228a89,9
2022a08b,9
2022a08d,9
2022a189,9
2022a889,9
2022a88a,9
2023028b,9
20230a89,9
2023208b,9
20232889,9
20234289,9
20234609,9
2023a089,9
2028401f,9
2029028b,9
20290a89,9
202a001f,9
202a020f,9
202b020b,9
202b020d,9
202c001f,9
202c020f,9
202d020b,9
20348524,9
2040a1a5,9
2040e125,9
2041288d,9
2041420f,9
2041428b,9
2041460d,9
20414a0d,9
20414a89,9
20414e09,9
20418325,9
20422097,9
2042209e,9
204220b6,9
20422889,8
2042288b,9
2042288d,9
20422896,9
20422899,9
204228a9,9
204228c9,9
20422989,9
2042488d,9
20424a89,9
2042680d,9
20428a89,9
2042a08d,9
2042a096,9
2042a189,9
2042a1a4,9
2042a885,9
2042a888,8
2042a88c,9
2042a8a8,9
2042a988,9
2042c889,9
2042e809,9
20430a89,9
2043208b,9
2043208d,9
20432096,9
20432099,9
20432885,9
20432889,9
2043288a,9
2043288c,9
20432898,9
204328c8,9
2043420d,9
20434289,9
20434609,9
20434889,9
20434a09,9
20436809,9
20438289,9
20438889,9
2043a089,9
2043a881,9
2043a888,9
20450a89,9
2046a809,9
2048009f,9
2048401f,9
2048428b,9
2048488d,9
2049020f,9
2049028b,9
2049028d,9
20490a89,9
2049420b,9
2049420d,9
20494289,9
204c001f,9
204c0a89,9
204c401b,9
204c4099,9
204d020b,9
204d020d,9
204d0289,9
204d0a09,9
20500897,9
20501097,9
20501817,9
20501887,9
20501893,9
20508127,9
205081a5,9
20508525,9
20508551,9
20508925,9
20508c07,9
20509017,9
20509125,9
20509807,9
20509883,9
20509885,9
20511017,9
20511807,9
20511883,9
20511885,9
20511891,9
20518125,9
20518c03,9
20518c05,9
20518c41,9
20518d01,9
20519803,9
20519805,9
20519881,9
20519901,9
20528125,9
20528c03,9
20528c05,9
20528c41,9
20528d01,9
20538c01,9
20540417,9
20540817,9
20540c07,9
20548017,9
20548125,9
20548126,9
20548407,9
20548521,9
20548524,9
20548807,9
20548813,9
20548921,9
20548c01,8
20548c03,9
20548c05,9
20548c11,9
20548c21,9
20548c41,9
20548d01,9
20558007,9
20558121,9
20558124,9
20558403,9
20558405,9
20558411,9
20558441,9
20558501,9
20558803,9
20558805,9
20558811,9
20558901,9
20558c01,9
20560017,9
20568007,9
20568124,9
20568403,9
20568405,9
20568411,9
20568441,9
20568501,9
20568803,9
20568805,9
20568811,9
20568901,9
20568c01,9
20570c01,9
20578003,9
20578101,9
20578401,9
20578801,9
20578c00,9
20604a89,9
2061028b,9
20610a89,9
2061420b,9
20614216,9
20614609,9
2061460a,9
20614a09,9
206220a6,9
206221a4,9
20624289,9
20624489,9
20624609,9
20626809,9
20628889,9
20630289,9
20630609,9
20632086,9
20634209,9
20634608,9
2080103f,9
2080203f,9
2080403f,9
2080405f,9
2080421f,9
20804336,9
208044a7,9
20804536,9
20804636,9
2080501f,9
2080520f,9
2080528b,9
20806076,9
2080612d,9
20806136,9
2080c01f,9
2080c127,9
2080c12b,9
2080c12d,9
2080c12e,9
2080c136,9
2080c165,9
2080c169,9
2080c1a5,9
2080c325,9
2080c329,9
2080c389,9
2080c525,9
2080c724,9
2080c925,9
2080c929,9
2080c92c,9
2080d00f,9
2080d08b,9
2080d125,9
2080d20b,9
2080d20d,9
2080d249,9
2080d289,9
2080d309,9
2081401f,9
2081420f,9
20814217,9
2081421b,9
2081421e,9
20814236,9
2081424b,9
20814326,9
20814349,9
20814436,9
20814619,9
20814629,9
20814e09,9
2081c10b,9
2081c125,9
2081c126,9
2081c129,9
2081c12c,9
2081c289,9
2081c309,9
2081d209,9
2082401f,9
208242c9,9
2082460b,9
20824616,9
20824709,9
20824a89,9
20824e09,9
2082500f,9
2082508b,9
2082520b,9
2082602d,9
20826036,9
2082612c,9
2082c125,9
2082c129,9
2082c12c,9
2082c149,9
2082c189,9
2082c20b,9
2082c20d,9
2082c229,9
2082c249,9
2082c289,9
2082c309,9
2082c909,9
2082ca09,9
2082d00b,9
2082d109,9
2082d203,9
2082d281,9
2083420b,9
2083420d,9
20834216,9
20834219,9
20834249,9
20834289,9
20834309,9
20834609,9
20834a09,9
20835209,9
2083c109,9
2083c209,9
2084401f,9
2084500f,9
2084501b,9
20845087,9
2084508b,9
2084510b,9
2084520b,9
20845249,9
20845289,9
2084c08b,9
2084c10b,9
2084c10d,9
2084c125,9
2084c129,9
2084c12c,9
2084c149,9
2084c189,9
2084c1a1,9
2084c1a4,9
2084c20b,9
2084c20d,9
2084c249,9
2084c289,9
2084c309,9
2084c321,9
2084c324,9
2084c381,9
2084d007,9
2084d00b,9
2084d00d,9
2084d019,9
2084d049,9
2084d083,9
2084d089,9
2084d103,9
2084d109,9
2084d121,9
2084d124,9
2084d181,9
2084d203,9
2084d209,9
2084d281,9
2084d301,9
20855209,9
2085c109,9
2085c209,9
2086408b,9
20864189,9
2086420b,9
20864249,9
20864289,9
20864309,9
20864889,9
2086500b,9
2086500d,9
20865019,9
20865049,9
20865109,9
20865209,9
2086c00b,9
2086c00d,9
2086c049,9
2086c089,9
2086c109,9
2086c181,9
2086c209,9
2086c281,9
2086c301,9
2086c809,9
2086d003,9
2086d081,9
2086d101,9
2086d201,9
20874209,9
20880687,9
2088401f,9
2088408f,9
2088420f,9
2088421b,9
2088424b,9
2088428b,9
2088428d,9
20884299,9
208842a9,9
208842c9,9
20884389,9
20884417,9
20884427,9
20884485,8
20884496,9
208844a6,9
20884507,9
20884525,9
20884526,9
20884586,9
208845a4,9
20884616,9
20884626,9
20884706,9
20884724,9
20884a89,9
20884c07,9
20884c86,9
20884ca4,9
20884e06,9
2088500f,9
2088501b,9
20885087,9
2088508b,9
2088508d,9
20885207,9
2088520b,9
2088520d,9
20885219,9
20885249,9
20885283,9
20885289,9
20889289,9
2088c00f,9
2088c08b,9
2088c20b,9
2088c20d,9
2088c219,9
2088c229,9
2088c249,9
2088c283,9
2088c289,9
2088c309,9
2088c324,9
2088ca09,9
2088d007,9
2088d00b,9
2088d089,9
2088d203,9
2088d209,9
2088d281,9
20891289,9
2089420b,9
2089420d,9
20894249,9
20894289,9
20894309,9
20894407,9
20894486,9
208944a4,9
20894606,9
20894624,9
20894704,9
20894c84,9
2089500b,9
20895209,9
20898289,9
20898640,8
20899209,9
2089c209,9
2089c281,9
208a028b,9
208a0a89,9
208a120b,9
208a400f,9
208a408b,9
208a408d,9
208a420b,9
208a420d,9
208a4219,9
208a4229,9
208a4249,9
208a4289,9
208a4309,9
208a4889,9
208a4a09,9
208a500b,9
208a500d,9
208a5281,9
208a8289,9
208ac00b,9
208ac00d,9
208ac089,9
208ac209,9
208ac281,9
208b0289,9
208b1209,9
208b4209,9
208b8209,9
208c1289,9
208c400f,9
208c401b,9
208c4087,9
208c408b,9
208c408d,9
208c4099,9
208c40c9,9
208c410b,9
208c4189,9
208c4207,9
208c420b,9
208c420d,9
208c4219,9
208c4249,9
208c4283,9
208c4289,9
208c4309,9
208c5007,9
208c500b,9
208c500d,9
208c5019,9
208c5083,9
208c5089,9
208c5203,9
208c5206,9
208c5209,9
208c5281,9
208c8289,9
208c9209,9
208cc00b,9
208cc00d,9
208cc083,9
208cc089,9
208cc109,9
208cc124,9
208cc203,9
208cc209,9
208cc281,9
208cc301,9
208cd003,9
208cd009,9
208cd081,9
208cd201,9
208cd204,9
208d0289,9
208d1209,9
208d4089,9
208d4209,9
208d8209,9
208dc009,9
208e020b,9
208e0289,9
208e1209,9
208e400b,9
208e400d,9
208e4019,9
208e4089,9
208e4109,9
208e4209,9
208e4281,9
208e5009,9
208e8209,9
208ec009,9
208ec201,9
208f0209,9
208f4009,9
20908127,9
2090812e,9
20908525,9
20909125,9
20948125,9
20a0401f,9
20a0409b,9
20a0412d,9
20a0412e,9
20a04136,9
20a0420f,9
20a0421b,9
20a04236,9
20a0424b,9
20a0430b,9
20a04316,9
20a04326,9
20a0441b,9
20a0442d,9
20a0442e,9
20a04436,9
20a0450b,9
20a04516,9
20a04526,9
20a0452c,9
20a04619,9
20a0461a,9
20a04629,9
20a0462a,9
20a04728,9
20a08549,9
20a0c126,9
20a0c924,9
20a1412c,9
20a14207,9
20a1420b,9
20a1420e,9
20a14216,9
20a14219,9
20a14226,9
20a14249,9
20a14306,9
20a14309,9
20a14322,9
20a14324,9
20a1440b,9
20a14416,9
20a1442c,9
20a14509,9
20a1450a,9
20a14612,9
20a14622,9
20a14628,9
20a2028b,9
20a2060b,9
20a2408b,9
20a2412c,9
20a2420b,9
20a24216,9
20a24219,9
20a24249,9
20a2440b,9
20a2440d,9
20a2440e,9
20a24416,9
20a24419,9
20a2441a,9
20a2442c,9
20a24509,9
20a2450a,9
20a24609,9
20a2460a,9
20a24708,9
20a24c09,9
20a24c0a,9
20a2c124,9
20a30609,9
20a34203,9
20a34206,9
20a34209,9
20a3420a,9
20a34212,9
20a34302,9
20a34409,9
20a3440a,9
20a34508,9
20a34602,9
20a34608,9
20a84283,9
20a8c203,9
20a9020b,9
20a90249,9
20c0401f,9
20c0c125,9
20c0c321,9
20c0c324,9
20c0d124,9
20c14219,9
20c14229,9
20c14232,9
20c14249,9
20c14a09,9
20c1c301,9
20c1c320,9
20c1d201,9
20c1d300,9
20c34203,9
20c34209,9
20c34212,9
20c3c201,9
20c45007,9
20c45083,9
20c4c121,9
20c4c124,9
20c4c128,9
20c4c141,9
20c4c181,9
20c4c281,9
20c4c301,9
20c4c320,9
20c4c881,9
20c4c901,9
20c4d081,9
20c4d120,9
20c4d140,9
20c4d180,9
20c4d240,9
20c4d300,9
20c5c101,9
20c5c201,9
20c5c208,9
20c5c300,9
20c5d100,9
20c5d200,9
20c85203,9
20c8c281,9
20c8d201,9
20c9020b,9
20c90289,9
20c94203,9
20c94281,9
20c95201,9
20c95202,9
20c95204,9
20c95208,9
20c95280,9
20c9c201,9
20c9c208,9
20c9c300,9
20c9d200,9
20cb4208,9
20cc0289,9
20cc4281,9
20cc5003,9
20cc5204,9
20ccc081,9
20ccc201,9
20ccc208,9
20ccc280,9
20ccd100,9
20ccd200,9
20cd0209,9
20cd4201,9
20cd4202,9
20cd4204,9
20cd4208,9
20cd4240,9
20cd4280,9
20cd5200,9
20cdc200,9
20d01017,9
20d01807,9
20d01813,9
20d01883,9
20d08125,9
20d08524,9
20d08c03,9
20d08c41,9
20d08d01,9
20d09007,9
20d09103,9
20d09803,9
20d09881,9
20d11007,9
20d11013,9
20d11083,9
20d11803,9
20d11881,9
20d18403,9
20d18441,9
20d18501,9
20d18c01,9
20d19003,9
20d19801,9
20d28403,9
20d28c01,9
20d38401,9
20d40407,9
20d48007,9
20d48124,9
20d48403,9
20d48405,9
20d48441,9
20d48501,9
20d48803,9
20d48901,9
20d48c01,9
20d48c40,9
20d50403,9
20d50c01,9
20d58101,9
20d58401,9
20d58801,9
20d68401,9
20d68801,9
20d70401,9
20d78001,9
20d78400,9
20e04216,9
20e0440b,9
20e04419,9
20e04509,9
20e0450a,9
20e14016,9
20e14202,8
20e14203,9
20e14209,9
20e1420a,9
20e14212,9
20e14222,9
20e14320,9
20e14409,9
20e1440a,9
20e14418,9
20e14428,9
20e14508,9
20e14a02,9
20e14c08,9
20e24409,9
20e2440a,9
20e24508,9
20e24c08,9
20e34202,9
20e34208,9
20e34300,9
20e34408,9
210000bf,9
2100103f,9
2100109f,9
2100121f,9
2100403f,9
2100409f,9
2100421f,9
2100481f,9
2100501f,9
2100508f,9
21005097,9
2100509b,9
2100520f,9
21005287,9
2100528b,9
2100528d,9
21005299,9
2100580f,9
21005887,9
2100588b,9
2100588d,9
21005a89,9
210081ad,9
2100901f,9
2100928b,9
2100928d,9
21009a89,9
2100c01f,9
2100ca89,9
2100d00f,9
2100d087,9
2100d08b,9
2100d08d,9
2100d099,9
2100d125,9
2100d20b,9
2100d20d,9
2100d285,9
2100d889,9
2101520d,9
21015289,9
21019289,9
2101c125,9
2101d209,9
2102009f,9
2102401f,9
2102408f,9
2102428b,9
2102428d,9
21024299,9
2102488d,9
21024a0d,9
21024a89,9
21025087,9
21025285,9
2102c08b,9
2102d083,9
2102d085,9
2102d281,9
21030a89,9
21034289,9
21038289,9
2104003f,9
2104101f,9
2104108f,9
2104109b,9
2104128b,9
2104128d,9
2104188d,9
21041a89,9
2104201f,9
2104401f,9
2104408f,9
2104409b,9
2104428b,9
2104428d,9
2104488d,9
21044a89,9
2104500f,9
21045017,9
2104501b,9
2104501d,9
21045087,9
2104508b,9
2104508d,9
21045099,9
210450a9,9
2104520b,9
2104520d,9
21045285,9
21045289,9
2104580d,9
21045885,9
21045889,9
2104801f,9
2104812d,9
210481a5,9
21048a89,9
2104900f,9
2104908b,9
2104908d,9
21049099,9
21049189,9
2104920b,9
2104920d,9
21049289,9
21049889,9
2104c00f,9
2104c08b,9
2104c08d,9
2104c099,9
2104c189,9
2104c20d,9
2104c289,9
2104c889,9
2104d007,9
2104d00b,9
2104d00d,9
2104d019,9
2104d083,9
2104d085,9
2104d089,9
2104d08c,9
2104d091,9
2104d109,9
2104d209,9
2104d281,9
2104d809,9
2104d881,9
21051289,9
21054289,9
21055089,9
21055209,9
21058289,9
21059089,9
21059209,9
2106001f,9
2106028d,9
21060a89,9
2106400f,9
2106401b,9
2106408b,9
2106408d,9
21064099,9
2106420b,9
2106420d,9
21064219,9
21064289,9
2106480d,9
21064889,9
21064a09,9
21065007,9
21065083,9
21065085,9
21065281,9
2106808d,9
2106820d,9
21068a09,9
21069281,9
2106a00d,9
2106a809,9
2106c281,9
2106d081,9
21070289,9
21074209,9
21078209,9
2108003f,9
2108005f,9
2108009f,9
2108021f,9
2108028f,9
2108029b,9
2108081f,9
21080a8b,9
21080a8d,9
2108101f,9
2108104f,9
2108108f,9
21081097,9
2108109b,9
2108109d,9
210810ad,9
210810cb,9
2108120f,9
2108121b,9
21081287,9
21081289,8
2108128b,9
2108128d,9
21081299,9
210812a9,9
210812c9,9
21081389,9
2108180f,9
2108188b,9
2108188d,9
21081a0b,9
21081a0d,9
21081a89,9
2108401f,9
2108404f,9
2108408f,9
21084097,9
2108409b,9
2108409d,9
210840ad,9
210840cb,9
210840cd,9
2108420f,9
2108421b,9
21084287,9
21084289,8
2108428b,9
2108428d,9
21084299,9
210842a9,9
210842c9,9
21084389,9
2108480f,9
21084887,9
2108488b,9
2108488d,9
21084a0b,9
21084a0d,9
21084a89,9
2108500f,9
21085017,9
2108501b,9
2108501d,9
2108501e,9
2108502d,9
2108504b,9
2108504d,9
21085087,9
21085089,8
2108508b,9
2108508d,9
2108508e,9
21085093,9
21085095,9
21085096,9
21085099,9
210850a5,9
210850a9,9
210850c9,9
21085189,9
21085207,9
2108520b,9
2108520d,9
2108520e,9
21085219,9
21085229,9
21085249,9
21085283,9
21085285,9
21085286,9
21085289,9
2108528c,9
21085291,9
21085807,9
2108580b,9
2108580d,9
21085883,9
21085885,9
21085889,9
2108588c,9
21085a09,9
21085a81,9
2108801f,9
2108808f,9
2108809b,9
2108820f,9
2108821b,9
2108828b,9
2108828d,9
21088299,9
210882c9,9
21088389,9
21088a89,9
2108900f,9
2108901b,9
21089087,9
2108908b,9
2108908d,9
21089099,9
21089207,9
2108920b,9
2108920d,9
21089219,9
21089249,9
21089283,9
21089285,9
21089289,9
21089309,9
21089889,9
21089a09,9
2108c00f,9
2108c01b,9
2108c087,9
2108c08b,9
2108c08d,9
2108c099,9
2108c0c9,9
2108c20b,9
2108c20d,9
2108c283,9
2108c285,9
2108c289,9
2108c889,9
2108ca09,9
2108d007,9
2108d00b,9
2108d00d,9
2108d019,9
2108d083,9
2108d085,9
2108d086,9
2108d089,9
2108d08c,9
2108d203,9
2108d205,9
2108d209,9
2108d281,9
2108d284,9
2108d809,9
2109001f,9
2109020f,9
2109021b,9
2109028b,9
2109028d,9
21090607,9
21090a89,9
2109100f,9
2109101b,9
2109108b,9
2109108d,9
2109120b,9
2109120d,9
21091249,9
21091289,9
21091889,9
21091a09,9
2109400f,9
2109408b,9
2109408d,9
2109420b,9
2109420d,9
21094289,9
21094889,9
21095007,9
2109500b,9
2109500d,9
21095089,9
21095209,9
21095281,9
2109820b,9
2109820d,9
21098289,9
2109900b,9
21099089,9
21099209,9
2109c089,9
2109c209,9
2109d009,9
210a001f,9
210a008f,9
210a009b,9
210a020f,9
210a021b,9
210a0289,8
210a028b,9
210a028d,9
210a0299,9
210a02a9,9
210a02c9,9
210a0389,9
210a080f,9
210a088b,9
210a088d,9
210a0a0b,9
210a0a0d,9
210a0a89,9
210a1087,9
210a1207,9
210a1283,9
210a1285,9
210a400f,9
210a4017,9
210a401b,9
210a401d,9
210a402d,9
210a404d,9
210a4087,9
210a4089,8
210a408b,9
210a408d,9
210a4099,9
210a40a9,9
210a40c9,9
210a4189,9
210a4207,9
210a4209,8
210a420b,9
210a420d,9
210a4219,9
210a4229,9
210a4249,9
210a4283,9
210a4285,9
210a4289,9
210a4309,9
210a480b,9
210a480d,9
210a4889,9
210a4a09,9
210a5007,9
210a5016,9
210a5083,9
210a5085,9
210a5086,9
210a5203,9
210a5205,9
210a5281,9
210a5284,9
210a800f,9
210a808b,9
210a808d,9
210a820b,9
210a820d,9
210a8219,9
210a8249,9
210a8289,9
210a8a09,9
210a9281,9
210ac085,9
210ac281,9
210ad005,9
210ad081,9
210ad201,9
210b020b,9
210b020d,9
210b0289,9
210b0889,9
210b0a09,9
210b400b,9
210b400d,9
210b4089,9
210b4209,9
210b8089,9
210b8209,9
210c001f,9
210c005b,9
210c008f,9
210c009b,9
210c020f,9
210c021b,9
210c0289,8
210c028b,9
210c028d,9
210c0299,9
210c02a9,9
210c02c9,9
210c0389,9
210c080f,9
210c088b,9
210c088d,9
210c0a0b,9
210c0a89,9
210c100f,9
210c1017,9
210c101b,9
210c101d,9
210c104b,9
210c104d,9
210c1087,9
210c1089,8
210c108b,9
210c108d,9
210c1099,9
210c10a9,9
210c10c9,9
210c1189,9
210c1207,9
210c120b,9
210c120d,9
210c1219,9
210c1249,9
210c1283,9
210c1285,9
210c1289,9
210c180b,9
210c180d,9
210c1889,9
210c1a09,9
210c1a81,9
210c400f,9
210c4017,9
210c401b,9
210c401d,9
210c402d,9
210c404b,9
210c404d,9
210c4087,9
210c4089,8
210c408b,9
210c408d,9
210c4093,9
210c4099,9
210c40a9,9
210c40c9,9
210c4189,9
210c4207,9
210c420b,9
210c420d,9
210c4219,9
210c4229,9
210c4249,9
210c4283,9
210c4285,9
210c4289,9
210c480b,9
210c480d,9
210c4889,9
210c4a09,9
210c4a81,9
210c5007,9
210c500b,9
210c500d,9
210c500e,9
210c5013,9
210c5016,9
210c5019,9
210c5029,9
210c5049,9
210c5083,9
210c5085,9
210c5086,9
210c5089,9
210c508c,9
210c5091,9
210c5094,9
210c5203,9
210c5205,9
210c5206,9
210c5209,9
210c520c,9
210c5281,9
210c5284,9
210c5288,9
210c5809,9
210c580c,9
210c5881,9
210c5884,9
210c800f,9
210c801b,9
210c8087,9
210c808b,9
210c808d,9
210c8099,9
210c80c9,9
210c8189,9
210c820b,9
210c820d,9
210c8219,9
210c8249,9
210c8283,9
210c8285,9
210c8289,9
210c8309,9
210c8889,9
210c8a09,9
210c9007,9
210c900b,9
210c900d,9
210c9019,9
210c9049,9
210c9083,9
210c9085,9
210c9089,9
210c9109,9
210c9209,9
210c9281,9
210c9809,9
210cc007,9
210cc00b,9
210cc00d,9
210cc019,9
210cc049,9
210cc083,9
210cc085,9
210cc089,9
210cc08c,9
210cc109,9
210cc209,9
210cc281,9
210cc809,9
210cd003,9
210cd005,9
210cd006,9
210cd009,9
210cd00c,9
210cd081,9
210cd084,9
210cd088,9
210cd201,9
210cd204,9
210cd280,9
210d000f,9
210d001b,9
210d008b,9
210d008d,9
210d020b,9
210d020d,9
210d0289,9
210d0889,9
210d0a09,9
210d100b,9
210d100d,9
210d1089,9
210d1209,9
210d400b,9
210d400d,9
210d4089,9
210d4209,9
210d5009,9
210d800b,9
210d8089,9
210d8209,9
210d9009,9
210dc009,9
210e000f,9
210e001b,9
210e008b,9
210e008d,9
210e0099,9
210e00c9,9
210e020b,9
210e020d,9
210e0219,9
210e0249,9
210e0289,9
210e080b,9
210e080d,9
210e0889,9
210e0a09,9
210e1007,9
210e1083,9
210e1085,9
210e1281,9
210e4007,9
210e400b,9
210e400d,9
210e4019,9
210e4029,9
210e4049,9
210e4083,9
210e4085,9
210e4089,9
210e408c,9
210e4209,9
210e4281,9
210e4809,9
210e5003,9
210e5005,9
210e5006,9
210e5081,9
210e5084,9
210e5201,9
210e5204,9
210e8281,9
210e9081,9
210ec081,9
210ed004,9
210f000b,9
210f000d,9
210f0089,9
210f0209,9
210f4009,9
2120003f,9
2120201f,9
2120812d,9
2120a125,9
2120a12c,9
2120c125,9
21218125,9
2124001f,9
21248125,9
21248129,9
2124812c,9
21268109,9
2128001f,9
21284087,9
21284283,9
21284285,9
212a4007,9
212c0087,9
212c0283,9
2140009f,9
21401097,9
21401887,9
2140201f,9
21404097,9
21404887,9
21404a85,9
21405017,9
21405093,9
21405095,9
21405096,9
21405291,9
21405883,9
21405885,9
21405891,9
21405a81,9
2140812d,9
214081a5,9
21409883,9
21409885,9
21409a81,9
2140a125,9
2140c125,9
2140c885,9
2140ca81,9
2140d091,9
2140d884,9
21411a81,9
21414a81,9
21415085,9
21415281,9
21415284,9
21415881,9
21418a81,9
21419281,9
2141a809,9
2141c281,9
2141d081,9
2141d280,9
2142280d,9
21424885,9
21424a81,9
2142a809,9
21432809,9
21434281,9
21438809,9
2144001f,9
21441883,9
21444087,9
21444885,9
21444a81,9
21445013,9
21445016,9
21445086,9
21445091,9
21445092,9
21445094,9
21445290,9
21445881,9
21445884,9
2144880d,9
21448885,9
21448a81,9
2144c085,9
2144c091,9
2144c124,9
2144c181,9
2144c805,9
2144c881,9
2144c884,9
2144d014,9
2144d082,9
2144d090,9
2144d0c0,9
2144d880,9
21450a81,9
21451881,9
21454281,9
21455081,9
21455084,9
21455204,9
21455280,9
21458281,9
21458881,9
2145c081,9
2145d080,9
21462016,9
21468809,9
2148001f,9
21480097,9
2148009b,9
2148021b,9
21480289,8
2148028b,9
21480299,9
214802a9,9
2148081b,9
2148088b,9
21480899,9
21480a85,9
21481017,9
21481087,9
21481093,9
21481096,9
21481207,9
21481283,9
21481285,9
21481807,9
21481883,9
21481885,9
21481a81,9
21484017,9
2148401e,9
21484087,9
21484093,9
21484096,9
21484207,9
21484283,9
21484285,9
21484286,9
21484291,9
21484807,9
21484883,9
21484885,9
21484a05,9
21484a81,9
21485007,9
21485013,9
21485016,9
21485083,9
21485085,9
21485086,9
21485091,9
21485092,9
21485094,9
214850a1,9
214850a4,9
21485206,9
21485214,9
21485281,9
21485282,9
21485284,9
21485290,9
21485803,9
21485805,9
21485806,9
21485881,9
21485884,9
21485a01,9
21485a04,9
21485a80,9
21488a81,9
21489083,9
21489085,9
21489281,9
21489805,9
21489881,9
2148c007,9
2148c083,9
2148c085,9
2148c203,9
2148c205,9
2148c281,9
2148c805,9
2148c881,9
2148c884,9
2148ca01,9
2148d006,9
2148d081,9
2148d082,9
2148d084,9
2148d280,9
2148d804,9
2148d880,9
2149000f,9
2149001b,9
2149008b,9
2149008d,9
21490209,8
2149020b,9
2149020d,9
21490219,9
21490229,9
21490249,9
21490283,9
21490289,9
21490309,9
2149080b,9
2149080d,9
21490889,9
21490a09,9
21490a81,9
21491007,9
21491203,9
21491206,9
21491281,9
21494083,9
21494203,9
21494205,9
21494206,9
21494281,9
21494284,9
21494881,9
21495003,9
21495005,9
21495006,9
21495081,9
21495084,9
21495201,9
21495202,9
21495204,9
21495280,9
21498281,9
21499201,9
2149c201,9
2149c280,9
2149d004,9
2149d200,9
214a0096,9
214a0a81,9
214a1016,9
214a4007,9
214a4016,9
214a4083,9
214a4085,9
214a4203,9
214a4205,9
214a4281,9
214a4284,9
214a4805,9
214a4881,9
214a8281,9
214b0281,9
214b4201,9
214b4204,9
214b4280,9
214c0017,9
214c0087,9
214c0093,9
214c0096,9
214c0283,9
214c0285,9
214c0883,9
214c0885,9
214c0a81,9
214c1013,9
214c1016,9
214c1083,9
214c1086,9
214c1091,9
214c1092,9
214c1094,9
214c1206,9
214c1284,9
214c1803,9
214c1805,9
214c1881,9
214c4007,9
214c4013,9
214c4016,9
214c4083,9
214c4085,9
214c4086,9
214c4091,9
214c4092,9
214c4094,9
214c4203,9
214c4205,9
214c4206,9
214c4281,9
214c4284,9
214c4803,9
214c4805,9
214c4806,9
214c4881,9
214c4884,9
214c4a80,9
214c5006,9
214c5011,9
214c5012,9
214c5014,9
214c5024,9
214c5044,9
214c5081,9
214c5082,9
214c5084,9
214c5090,9
214c5202,9
214c5204,9
214c5210,9
214c5280,9
214c5801,9
214c5804,9
214c5880,9
214c8007,9
214c8083,9
214c8085,9
214c8281,9
214c8805,9
214c8881,9
214c9006,9
214c9082,9
214c9084,9
214c9280,9
214c9804,9
214c9880,9
214cc006,9
214cc081,9
214cc082,9
214cc084,9
214cc204,9
214cc280,9
214cc804,9
214cc880,9
214cd002,9
214cd004,9
214cd010,9
214cd080,9
214cd800,9
214d0281,9
214d1081,9
214d1201,9
214d1204,9
214d1280,9
214d4003,9
214d4081,9
214d4084,9
214d4201,9
214d4202,9
214d4204,9
214d4280,9
214d5001,9
214d5002,9
214d5004,9
214d5080,9
214d5200,9
214d8201,9
214dc200,9
214dd000,9
214e0007,9
214e0085,9
214e0281,9
214e0881,9
214e4006,9
214e4084,9
214e4204,9
214e4280,9
21608125,9
2160812c,9
21608924,9
21618124,9
21680096,9
2180101f,9
2180401f,9
2180408f,9
2180420f,9
2180424b,9
2180428b,9
218042c9,9
2180500f,9
21805017,9
2180501b,9
21805027,9
2180502b,9
2180502d,9
21805047,9
2180504b,9
2180504d,9
21805059,9
21805087,9
2180508b,9
2180508d,9
21805093,9
21805099,9
218050a3,9
218050a5,9
218050a9,9
218050c3,9
218050c9,9
21805107,9
2180510b,9
21805183,9
21805189,9
21805207,9
2180520b,9
2180520d,9
21805243,9
21805249,9
21805283,9
21805289,9
218052c1,9
21805807,9
2180580b,9
2180580d,9
21805883,9
21805889,9
2180812d,9
21809289,9
2180c00f,9
2180c01b,9
2180c04b,9
2180c04d,9
2180c087,9
2180c08b,9
2180c08d,9
2180c0a5,9
2180c0a9,9
2180c0c9,9
2180c10b,9
2180c10d,9
2180c125,9
2180c129,9
2180c12c,9
2180c149,9
2180c164,9
2180c189,9
2180c1a1,9
2180c1a4,9
2180c207,9
2180c20b,9
2180c20d,9
2180c229,9
2180c249,9
2180c283,9
2180c285,9
2180c289,9
2180c2c1,9
2180c309,9
2180c321,9
2180c324,9
2180c381,9
2180c889,9
2180ca09,9
2180d007,9
2180d00b,9
2180d00d,9
2180d00e,9
2180d013,9
2180d016,9
2180d019,9
2180d023,9
2180d025,9
2180d029,9
2180d043,9
2180d045,9
2180d046,9
2180d049,9
2180d04c,9
2180d083,9
2180d085,9
2180d086,9
2180d089,9
2180d08c,9
2180d091,9
2180d0a1,9
2180d0a4,9
2180d0c1,9
2180d0c2,9
2180d0c4,9
2180d0c8,9
2180d103,9
2180d105,9
2180d109,9
2180d121,9
2180d124,9
2180d181,9
2180d203,9
2180d205,9
2180d206,9
2180d209,9
2180d20c,9
2180d241,9
2180d242,9
2180d244,9
2180d248,9
2180d281,9
2180d282,9
2180d284,9
2180d288,9
2180d2c0,9
2180d301,9
2180d803,9
2180d809,9
2180d881,9
21814249,9
2181500b,9
21815209,9
2181c209,9
2181d009,9
2182400f,9
2182404b,9
2182404d,9
2182408b,9
2182408d,9
218240c9,9
2182420b,9
2182420d,9
21824249,9
21824289,9
2182480d,9
21824849,9
21824889,9
21824a09,9
21825007,9
21825043,9
21825083,9
21825085,9
218250c1,9
21825203,9
21825241,9
21825281,9
21828289,9
2182c00b,9
2182c00d,9
2182c029,9
2182c083,9
2182c0c1,9
2182c109,9
2182c203,9
2182c241,9
2182c281,9
2182d003,9
2182d005,9
2182d041,9
2182d081,9
2182d084,9
2182d0c0,9
2182d101,9
2182d201,9
2182d204,9
2182d240,9
2182d280,9
21834209,9
2184001f,9
21841289,9
2184400f,9
2184401b,9
2184402d,9
2184404b,9
2184404d,9
21844059,9
21844087,9
2184408b,9
2184408d,9
21844099,9
218440a5,9
218440a9,9
218440c9,9
2184410b,9
2184410d,9
21844149,9
21844189,9
2184420b,9
2184420d,9
21844249,9
21844289,9
21844309,9
2184480d,9
21844889,9
21845007,9
2184500b,9
2184500d,9
2184500e,9
21845013,9
21845016,9
21845019,9
21845023,9
21845025,9
21845029,9
21845043,9
21845045,9
21845046,9
21845049,9
2184504c,9
21845083,9
21845085,9
21845086,9
21845089,9
2184508c,9
218450a1,9
218450a4,9
218450c1,9
218450c2,9
218450c4,9
218450c8,9
21845103,9
21845106,9
21845109,9
21845124,9
21845181,9
21845184,9
21845203,9
21845206,9
21845209,9
21845244,9
21845281,9
21845284,9
218452c0,9
21845803,9
21845809,9
21848289,9
2184900b,9
2184900d,9
21849089,9
21849109,9
21849209,9
21849281,9
2184c007,9
2184c00b,9
2184c00d,9
2184c019,9
2184c025,9
2184c029,9
2184c043,9
2184c045,9
2184c049,9
2184c083,9
2184c085,9
2184c089,9
2184c08c,9
2184c091,9
2184c0a1,9
2184c0a4,9
2184c0c1,9
2184c0c4,9
2184c0c8,9
2184c103,9
2184c105,9
2184c109,9
2184c10c,9
2184c121,9
2184c124,9
2184c128,9
2184c141,9
2184c148,9
2184c181,9
2184c184,9
2184c188,9
2184c1a0,9
2184c1c0,9
2184c203,9
2184c205,9
2184c209,9
2184c241,9
2184c281,9
2184c284,9
2184c288,9
2184c2c0,9
2184c301,9
2184c320,9
2184c380,9
2184c809,9
2184c881,9
2184d003,9
2184d005,9
2184d006,9
2184d009,9
2184d00a,9
2184d00c,9
2184d011,9
2184d012,9
2184d014,9
2184d021,9
2184d024,9
2184d041,9
2184d042,9
2184d044,9
2184d048,9
2184d060,9
2184d081,9
2184d082,9
2184d084,9
2184d088,9
2184d090,9
2184d0a0,9
2184d0c0,9
2184d101,9
2184d102,9
2184d104,9
2184d108,9
2184d120,9
2184d140,9
2184d180,9
2184d201,9
2184d202,9
2184d204,9
2184d208,9
2184d240,9
2184d280,9
2184d300,9
2184d801,9
2184d804,9
2184d808,9
2184d880,9
21854209,9
21855009,9
2185c009,9
2185c081,9
2185c101,9
2185d004,9
2185d080,9
2185d100,9
2185d200,9
21860289,9
2186400b,9
2186400d,9
21864019,9
21864029,9
21864049,9
21864089,9
21864109,9
21864209,9
21864281,9
21864809,9
21865003,9
21865005,9
21865081,9
21868209,9
2186c003,9
2186c005,9
2186c041,9
2186c048,9
2186c081,9
2186c088,9
2186c0c0,9
2186c101,9
2186c108,9
2186c201,9
2186c208,9
2186c240,9
2186c280,9
2186d001,9
2186d002,9
2186d004,9
2186d040,9
2186d080,9
2186d100,9
2186d200,9
2188001f,9
2188020f,9
2188021b,9
2188024b,9
2188028b,9
2188028d,9
218802c9,9
21880616,9
21880a89,9
2188100f,9
2188101b,9
2188108b,9
2188108d,9
21881207,9
2188120b,9
2188120d,9
21881249,9
21881283,9
21881289,9
2188400f,9
21884017,9
2188401b,9
21884027,9
2188402b,9
2188402d,9
21884047,9
2188404b,9
2188404d,9
21884059,9
21884087,9
2188408b,9
2188408d,9
21884099,9
218840a5,9
218840a9,9
218840c3,9
218840c9,9
2188410b,9
21884189,9
21884207,9
2188420b,9
2188420d,9
2188420e,9
21884219,9
21884229,9
21884243,9
21884246,9
21884249,9
21884283,9
21884285,9
21884286,9
21884289,9
218842c1,9
21884309,9
21884324,9
2188480b,9
2188480d,9
21884889,9
21884a09,9
21884a81,9
21885007,9
2188500b,9
2188500d,9
2188500e,9
21885013,9
21885016,9
21885019,9
21885023,9
21885025,9
21885026,9
2188502c,9
21885043,9
21885046,9
21885049,9
2188504c,9
21885083,9
21885085,9
21885086,9
21885089,9
2188508a,9
2188508c,9
218850a4,9
218850c1,9
218850c2,9
218850c4,9
21885106,9
21885124,9
21885203,9
21885205,9
21885206,9
21885209,9
2188520a,9
2188520c,9
21885224,9
21885241,9
21885242,9
21885244,9
21885248,9
21885281,9
21885282,9
21885284,9
21885288,9
218852c0,9
21885803,9
21885806,9
21885884,9
21885a04,9
2188808b,9
2188820b,9
2188820d,9
21888249,9
21888289,9
2188900b,9
2188900d,9
21889089,9
21889203,9
21889209,9
21889281,9
2188c007,9
2188c00b,9
2188c00d,9
2188c029,9
2188c049,9
2188c083,9
2188c085,9
2188c086,9
2188c089,9
2188c0a4,9
2188c0c1,9
2188c109,9
2188c124,9
2188c181,9
2188c203,9
2188c205,9
2188c206,9
2188c209,9
2188c20c,9
2188c224,9
2188c241,9
2188c242,9
2188c244,9
2188c248,9
2188c281,9
2188c282,9
2188c284,9
2188c288,9
2188c2c0,9
2188c301,9
2188c809,9
2188d003,9
2188d005,9
2188d006,9
2188d009,9
2188d00a,9
2188d00c,9
2188d024,9
2188d042,9
2188d044,9
2188d048,9
2188d081,9
2188d082,9
2188d084,9
2188d088,9
2188d0c0,9
2188d104,9
2188d201,9
2188d202,9
2188d204,9
2188d208,9
2188d240,9
2188d280,9
2188d300,9
2188d804,9
2189020b,9
2189020d,9
21890249,9
21890289,9
21890606,9
21891209,9
2189400b,9
21894049,9
21894089,9
21894203,9
21894206,9
21894209,9
21894281,9
21895003,9
21895006,9
21895009,9
21895202,9
21895204,9
21895208,9
21895280,9
21898209,9
2189c009,9
2189c201,9
2189c202,9
2189c204,9
2189c280,9
2189d200,9
218a000f,9
218a020b,9
218a020d,9
218a0249,9
218a0289,9
218a0889,9
218a0a09,9
218a4007,9
218a400b,9
218a400d,9
218a4049,9
218a4083,9
218a4085,9
218a4089,9
218a4203,9
218a4205,9
218a4206,9
218a4209,9
218a420c,9
218a4241,9
218a4244,9
218a4248,9
218a4281,9
218a4809,9
218a5003,9
218a5005,9
218a5006,9
218a5044,9
218a5081,9
218a5084,9
218a5201,9
218a5202,9
218a5204,9
218a5240,9
218a5280,9
218a8089,9
218a8209,9
218ac081,9
218ac201,9
218ac204,9
218ac208,9
218ac240,9
218ac280,9
218ad004,9
218ad200,9
218b0209,9
218b4009,9
218c000f,9
218c001b,9
218c008b,9
218c008d,9
218c020b,9
218c020d,9
218c0249,9
218c0289,9
218c100b,9
218c100d,9
218c1089,9
218c1209,9
218c4007,9
218c400b,9
218c400d,9
218c400e,9
218c4016,9
218c4019,9
218c4025,9
218c4026,9
218c4029,9
218c4043,9
218c4046,9
218c4049,9
218c404c,9
218c4083,9
218c4085,9
218c4086,9
218c4089,9
218c408c,9
218c40a4,9
218c40c1,9
218c40c4,9
218c4109,9
218c4124,9
218c4203,9
218c4205,9
218c4206,9
218c4209,9
218c420c,9
218c4224,9
218c4241,9
218c4244,9
218c4248,9
218c4281,9
218c4282,9
218c4284,9
218c4288,9
218c42c0,9
218c4809,9
218c5003,9
218c5005,9
218c5006,9
218c5009,9
218c500a,9
218c500c,9
218c5012,9
218c5014,9
218c5024,9
218c5042,9
218c5044,9
218c5048,9
218c5081,9
218c5082,9
218c5084,9
218c5088,9
218c50c0,9
218c5102,9
218c5104,9
218c5201,9
218c5202,9
218c5204,9
218c5208,9
218c5240,9
218c5280,9
218c5300,9
218c5804,9
218c800b,9
218c800d,9
218c8089,9
218c8109,9
218c8209,9
218c8281,9
218c9009,9
218c9081,9
218cc003,9
218cc005,9
218cc006,9
218cc009,9
218cc00a,9
218cc00c,9
218cc024,9
218cc041,9
218cc042,9
218cc044,9
218cc048,9
218cc081,9
218cc082,9
218cc084,9
218cc088,9
218cc0c0,9
218cc101,9
218cc104,9
218cc108,9
218cc180,9
218cc201,9
218cc202,9
218cc204,9
218cc208,9
218cc240,9
218cc280,9
218cc300,9
218cc804,9
218cd001,9
218cd002,9
218cd004,9
218cd008,9
218cd010,9
218cd040,9
218cd080,9
218cd100,9
218cd200,9
218d0209,9
218d4009,9
218d4204,9
218d5200,9
218dc200,9
218e000b,9
218e000d,9
218e0089,9
218e0209,9
218e4003,9
218e4005,9
218e4009,9
218e400c,9
218e4081,9
218e4201,9
218e4204,9
218e4208,9
218e5004,9
218e5200,9
218ec001,9
218ec004,9
218ec008,9
218ec080,9
218ec200,9
218ed000,9
21a08125,9
21a84206,9
21c04017,9
21c04027,9
21c04047,9
21c04087,9
21c040a5,9
21c040c3,9
21c04125,9
21c04207,9
21c04243,9
21c04283,9
21c042c1,9
21c04807,9
21c04825,9
21c04883,9
21c04885,9
21c048c1,9
21c04a81,9
21c05013,9
21c05016,9
21c05026,9
21c05052,9
21c05054,9
21c05083,9
21c05086,9
21c05091,9
21c05092,9
21c05094,9
21c050a1,9
21c050a4,9
21c050c2,9
21c050c4,9
21c050d0,9
21c050e0,9
21c05124,9
21c051c0,9
21c05282,9
21c05284,9
21c05806,9
21c05842,9
21c05844,9
21c05881,9
21c05884,9
21c058c0,9
21c05a04,9
21c08125,9
21c09083,9
21c09881,9
21c0c007,9
21c0c025,9
21c0c083,9
21c0c085,9
21c0c091,9
21c0c0a1,9
21c0c0a4,9
21c0c0c4,9
21c0c0d0,9
21c0c124,9
21c0c160,9
21c0c181,9
21c0c1a0,9
21c0c1c0,9
21c0c250,9
21c0c281,9
21c0c284,9
21c0c2c0,9
21c0c320,9
21c0c803,9
21c0c805,9
21c0c821,9
21c0c844,9
21c0c881,9
21c0c884,9
21c0c8c0,9
21c0c980,9
21c0ca04,9
21c0ca40,9
21c0ca80,9
21c0d006,9
21c0d012,9
21c0d014,9
21c0d022,9
21c0d024,9
21c0d050,9
21c0d082,9
21c0d084,9
21c0d090,9
21c0d0a0,9
21c0d0c0,9
21c0d102,9
21c0d120,9
21c0d180,9
21c0d210,9
21c0d280,9
21c0d802,9
21c0d804,9
21c0d810,9
21c0d820,9
21c0d840,9
21c0d880,9
21c0d900,9
21c0da00,9
21c14203,9
21c14241,9
21c14244,9
21c14281,9
21c142c0,9
21c15003,9
21c15006,9
21c15044,9
21c15081,9
21c15084,9
21c150c0,9
21c15201,9
21c15202,9
21c15204,9
21c15240,9
21c15280,9
21c15300,9
21c15a00,9
21c1c003,9
21c1c081,9
21c1c0c0,9
21c1c101,9
21c1c140,9
21c1c201,9
21c1c202,9
21c1c204,9
21c1c240,9
21c1c280,9
21c1c300,9
21c1c880,9
21c1ca00,9
21c1d002,9
21c1d004,9
21c1d040,9
21c1d080,9
21c1d100,9
21c1d200,9
21c1d800,9
21c24083,9
21c24881,9
21c2c880,9
21c44007,9
21c44013,9
21c44016,9
21c44023,9
21c44025,9
21c44043,9
21c44045,9
21c44046,9
21c44051,9
21c44054,9
21c44061,9
21c44064,9
21c44083,9
21c44085,9
21c44086,9
21c44091,9
21c440a1,9
21c440a4,9
21c440c1,9
21c440c2,9
21c440c4,9
21c440d0,9
21c440e0,9
21c44103,9
21c44124,9
21c44144,9
21c44150,9
21c44181,9
21c44184,9
21c441c0,9
21c44203,9
21c44205,9
21c44242,9
21c44244,9
21c44250,9
21c44260,9
21c44281,9
21c44284,9
21c442c0,9
21c44340,9
21c44803,9
21c44805,9
21c44841,9
21c44844,9
21c44881,9
21c44884,9
21c448c0,9
21c44940,9
21c44a40,9
21c45006,9
21c45012,9
21c45014,9
21c45022,9
21c45024,9
21c45040,8
21c45042,9
21c45044,9
21c45050,9
21c45060,9
21c45082,9
21c45084,9
21c45090,9
21c450a0,9
21c450c0,9
21c45102,9
21c45110,9
21c45120,9
21c45140,9
21c45180,9
21c45210,9
21c45280,9
21c45802,9
21c45804,9
21c45840,9
21c45880,9
21c45900,9
21c45a00,9
21c48124,9
21c48181,9
21c48281,9
21c48881,9
21c49880,9
21c4c006,9
21c4c011,9
21c4c012,9
21c4c014,9
21c4c024,9
21c4c040,8
21c4c042,9
21c4c044,9
21c4c050,9
21c4c060,9
21c4c080,8
21c4c081,9
21c4c082,9
21c4c084,9
21c4c090,9
21c4c0a0,9
21c4c0c0,9
21c4c102,9
21c4c104,9
21c4c110,9
21c4c120,9
21c4c140,9
21c4c180,9
21c4c202,9
21c4c204,9
21c4c210,9
21c4c220,9
21c4c240,9
21c4c280,9
21c4c300,9
21c4c802,9
21c4c804,9
21c4c810,9
21c4c820,9
21c4c840,9
21c4c880,9
21c4c900,9
21c4ca00,9
21c4d000,8
21c4d002,9
21c4d010,9
21c4d020,9
21c4d040,9
21c4d080,9
21c4d800,9
21c54003,9
21c54041,9
21c54044,9
21c54081,9
21c540c0,9
21c54140,9
21c54201,9
21c54204,9
21c54240,9
21c54280,9
21c54300,9
21c55001,9
21c55002,9
21c55004,9
21c55040,9
21c55080,9
21c55100,9
21c55200,9
21c5c001,9
21c5c002,9
21c5c004,9
21c5c040,9
21c5c080,9
21c5c100,9
21c5c200,9
21c5c800,9
21c5d000,9
21c64084,9
21c74200,9
21c8001b,9
21c8008b,9
21c80283,9
21c81007,9
21c81083,9
21c81203,9
21c81281,9
21c84007,9
21c84013,9
21c84016,9
21c84025,9
21c84026,9
21c84043,9
21c84045,9
21c84046,9
21c84064,9
21c84083,9
21c84085,9
21c84086,9
21c84092,9
21c840a4,9
21c840c1,9
21c840c4,9
21c84124,9
21c84203,9
21c84205,9
21c84206,9
21c84224,9
21c84241,9
21c84242,9
21c84244,9
21c84250,9
21c84281,9
21c84282,9
21c84284,9
21c842c0,9
21c84340,9
21c84803,9
21c84805,9
21c84806,9
21c84844,9
21c84881,9
21c84884,9
21c84a01,9
21c84a04,9
21c84a40,9
21c84a80,9
21c85003,9
21c85005,9
21c85006,9
21c85012,9
21c85014,9
21c85024,9
21c85042,9
21c85044,9
21c85050,9
21c85081,9
21c85082,9
21c85084,9
21c850a0,9
21c850c0,9
21c85102,9
21c85104,9
21c85201,9
21c85202,9
21c85204,9
21c85210,9
21c85220,9
21c85240,9
21c85280,9
21c85300,9
21c85802,9
21c85804,9
21c85840,9
21c85880,9
21c85a00,9
21c88281,9
21c89003,9
21c89201,9
21c8c003,9
21c8c005,9
21c8c006,9
21c8c024,9
21c8c042,9
21c8c044,9
21c8c081,9
21c8c082,9
21c8c084,9
21c8c0c0,9
21c8c101,9
21c8c104,9
21c8c201,9
21c8c202,9
21c8c204,9
21c8c210,9
21c8c220,9
21c8c240,9
21c8c280,9
21c8c300,9
21c8c801,9
21c8c802,9
21c8c804,9
21c8c840,9
21c8c880,9
21c8ca00,9
21c8d002,9
21c8d004,9
21c8d010,9
21c8d020,9
21c8d040,9
21c8d080,9
21c8d100,9
21c8d200,9
21c8d800,9
21c9000b,9
21c90203,9
21c90209,9
21c90281,9
21c91202,9
21c94003,9
21c94006,9
21c94044,9
21c94081,9
21c94201,9
21c94202,9
21c94204,9
21c94210,9
21c94220,9
21c94240,9
21c94280,9
21c94300,9
21c94a00,9
21c95002,9
21c95004,9
21c95040,9
21c95080,9
21c95200,9
21c9c004,9
21c9c040,9
21c9c080,9
21c9c200,9
21c9d000,9
21ca4003,9
21ca4005,9
21ca4006,9
21ca4044,9
21ca4081,9
21ca4202,9
21ca4204,9
21ca4280,9
21cb4200,9
21cc0281,9
21cc1003,9
21cc1081,9
21cc4003,9
21cc4005,9
21cc4006,9
21cc4012,9
21cc4014,9
21cc4024,9
21cc4041,9
21cc4042,9
21cc4044,9
21cc4050,9
21cc4060,9
21cc4081,9
21cc4082,9
21cc4084,9
21cc4090,9
21cc40c0,9
21cc4101,9
21cc4102,9
21cc4104,9
21cc4140,9
21cc4180,9
21cc4201,9
21cc4202,9
21cc4204,9
21cc4210,9
21cc4220,9
21cc4240,9
21cc4280,9
21cc4300,9
21cc4801,9
21cc4802,9
21cc4804,9
21cc4840,9
21cc4880,9
21cc4a00,9
21cc5001,9
21cc5002,9
21cc5004,9
21cc5010,9
21cc5020,9
21cc5040,9
21cc5080,9
21cc5100,9
21cc5200,9
21cc5800,9
21cc8003,9
21cc8081,9
21cc8201,9
21cc9004,9
21cc9080,9
21cc9200,9
21ccc001,9
21ccc002,9
21ccc004,9
21ccc010,9
21ccc020,9
21ccc040,9
21ccc080,9
21ccc100,9
21ccc200,9
21ccc800,9
21ccd000,9
21cd4001,9
21cd4002,9
21cd4004,9
21cd4040,9
21cd4080,9
21cd4200,9
21cd5000,9
21cdc000,9
21ce4004,9
21ce4080,9
2200029f,9
2200121f,9
2200209f,9
2200501f,9
2200508f,9
2200580f,9
2200809f,9
2200812f,9
220081ad,9
2200828f,9
2200912d,9
2200a127,9
2200a12d,9
2200a1a5,9
2200a1a9,9
2200a1ac,9
2200a989,9
2200c1a5,9
2200d12c,9
2201021f,9
22015289,9
2201812d,9
22018325,9
22018a89,9
2201a189,9
2201a889,9
2202021f,9
2202401f,9
2202408f,9
2202428b,9
2202488d,9
22024a89,9
2202828b,9
22028989,9
2203028b,9
22030a89,9
22034289,9
2204101f,9
2204401f,9
2204408f,9
2204420f,9
22045087,9
2204508b,9
2204508d,9
22045289,9
22045889,9
2204a125,9
2204c08b,9
2204c08d,9
2204c099,9
2204c125,9
2204c12c,9
2204c189,9
2204c889,9
2204d083,9
2204d085,9
2204d124,9
2204d281,9
2205c089,9
2206a083,9
2206a181,9
2206a881,9
22070289,9
2207a081,9
2208003f,9
2208009f,9
2208021f,9
2208028f,9
22080a8b,9
2208101f,9
2208108f,9
2208128b,9
2208128d,9
2208180f,9
22081a89,9
2208401f,9
2208408f,9
2208409b,9
2208420f,9
22084287,9
2208428b,9
2208428d,9
2208480f,9
2208488b,9
2208488d,9
22084a89,9
2208501b,9
22085087,9
2208508b,9
2208508d,9
22085207,9
22085289,9
2208580b,9
22085889,9
2208c08b,9
2208c125,9
2208d007,9
2208d281,9
2209020f,9
2209028b,9
2209028d,9
22090a89,9
2209100f,9
2209120b,9
2209120d,9
22091289,9
2209400f,9
2209408b,9
2209420b,9
2209420d,9
22094289,9
2209500b,9
22095089,9
22095209,9
22098289,9
22099089,9
2209c00b,9
2209c089,9
220a001f,9
220a008f,9
220a020f,9
220a021b,9
220a028b,9
220a028d,9
220a0299,9
220a080f,9
220a088b,9
220a0a0b,9
220a0a89,9
220a400f,9
220a408b,9
220a408d,9
220a4099,9
220a420b,9
220a4289,9
220a480b,9
220a480d,9
220a4889,9
220a5007,9
220ac281,9
220b020b,9
220b020d,9
220b0289,9
220b0889,9
220b0a09,9
220b400b,9
220b4089,9
220b4209,9
220c001f,9
220c008f,9
220c009b,9
220c020f,9
220c028b,9
220c028d,9
220c080f,9
220c088b,9
220c0a89,9
220c101b,9
220c108b,9
220c108d,9
220c1289,9
220c1889,9
220c400f,9
220c401b,9
220c4087,9
220c408b,9
220c408d,9
220c4099,9
220c420b,9
220c420d,9
220c4289,9
220c480b,9
220c4889,9
220c5007,9
220c500b,9
220c500d,9
220c5083,9
220c5089,9
220c5209,9
220c8099,9
220cc007,9
220cc083,9
220cc089,9
220cc281,9
220cd003,9
220cd00c,9
220cd081,9
220d020b,9
220d020d,9
220d0289,9
220d100b,9
220d1209,9
220d400b,9
220d4089,9
220d4209,9
220d8089,9
220dc009,9
220e000f,9
220e001b,9
220e008b,9
220e008d,9
220e020b,9
220e0289,9
220ec081,9
220f0089,9
220f0209,9
22108127,9
2210812e,9
221081ac,9
22108325,9
22108925,9
2210892c,9
22109125,9
22118125,9
2211812c,9
22128125,9
2220009f,9
2220021f,9
2220028f,9
22200a8b,9
2220401f,9
2220408f,9
2220420f,9
2220812d,9
2220818b,9
222081a9,9
2222028b,9
22220a89,9
22220c0b,9
2222408b,9
2222440b,9
22224509,9
22224889,9
22224a09,9
22224c09,9
22224c0a,9
22224d08,9
2222808b,9
22228189,9
22228889,9
2223020b,9
22230a09,9
22230c09,9
22234089,9
22234209,9
22234409,9
22408925,9
22408989,9
22409125,9
2241020f,9
22410a89,9
22420a89,9
22424889,9
22424a09,9
22424c09,9
22428289,9
22428889,9
22430289,9
22430889,9
22430a09,9
22430c09,9
22434209,9
22434409,9
2244d880,9
22490289,9
22490889,9
22501807,9
22501883,9
22501885,9
22508125,9
22508921,9
22508924,9
22509121,9
22509124,9
22509803,9
22509805,9
22509811,9
22509841,9
22509881,9
22509901,9
22511803,9
22511805,9
22511881,9
22518803,9
22518881,9
22518901,9
22519003,9
22519081,9
22519101,9
22519801,9
22600a89,9
22600c0b,9
2260440b,9
22604419,9
22604509,9
22604889,9
22604c09,9
22604c0a,9
22604c18,9
22604d08,9
22608189,9
22608889,9
2261020b,9
2261040b,9
22610a09,9
22610c09,9
22614209,9
22614409,9
22614428,9
22620289,9
2262040b,9
22620609,9
22620c09,9
22620c0a,9
22620c18,9
22620d08,9
22624089,9
22624409,9
2262440a,9
22624418,9
22624428,9
22624508,9
22624c08,9
22630209,9
22630409,9
2263040a,9
22630c08,9
22634408,9
2280021f,9
2280401f,9
2280408f,9
2280420f,9
2280428b,9
22805017,9
2280501b,9
22805027,9
2280502b,9
2280504b,9
22805087,9
2280508b,9
2280508d,9
2280510b,9
22805207,9
22805249,9
22805283,9
22805807,9
2280580b,9
2280812d,9
2280910b,9
2280a08b,9
2280a10b,9
2280a125,9
2280a129,9
2280a12c,9
2280a189,9
2280a889,9
2280c01b,9
2280c04b,9
2280c087,9
2280c08b,9
2280c08d,9
2280c099,9
2280c0a9,9
2280c0c9,9
2280c107,9
2280c119,9
2280c123,9
2280c125,9
2280c126,9
2280c12c,9
2280c149,9
2280c164,9
2280c183,9
2280c189,9
2280c1a1,9
2280c1a4,9
2280c1a8,9
2280c209,8
2280c283,9
2280c324,9
2280c328,9
2280c381,9
2280c3a0,9
2280c889,9
2280c921,9
2280c924,9
2280d007,9
2280d009,8
2280d00e,9
2280d013,9
2280d016,9
2280d023,9
2280d043,9
2280d083,9
2280d085,9
2280d086,9
2280d08a,9
2280d08c,9
2280d103,9
2280d105,9
2280d106,9
2280d10a,9
2280d10c,9
2280d121,9
2280d122,9
2280d124,9
2280d128,9
2280d181,9
2280d188,9
2280d206,9
2280d20a,9
2280d20c,9
2280d221,9
2280d241,9
2280d248,9
2280d281,9
2280d288,9
2280d301,9
2280d302,9
2280d308,9
2280d320,9
2280d803,9
2280d806,9
2280d80a,9
2280d80c,9
2280d888,9
2280d908,9
2280da08,9
2281420b,9
22814249,9
22814289,9
2281500b,9
22818289,9
2281a089,9
2281c00b,9
2281c089,9
2281c121,9
2281c124,9
2281c281,9
2281c301,9
2281c308,9
2281c320,9
2281d003,9
2281d101,9
2281d108,9
2281d201,9
2281d208,9
2281d300,9
22820a89,9
2282400f,9
2282404b,9
2282408b,9
228240a9,9
228240c9,9
22824189,9
2282420b,9
22824249,9
22824289,9
22824309,9
2282480b,9
2282480d,9
22824889,9
22824a09,9
22825007,9
22825083,9
22828889,9
2282c007,9
2282c083,9
2282c103,9
2282c121,9
2282c124,9
2282c128,9
2282c181,9
2282c241,9
2282c281,9
2282c320,9
2282d006,9
2282d081,9
2282d202,9
2282d300,9
22834089,9
22834209,9
22834809,9
2283c201,9
2284400f,9
2284401b,9
2284404b,9
22844087,9
2284408b,9
2284408d,9
22844099,9
228440a9,9
228440c9,9
2284410b,9
22844189,9
2284420b,9
22844249,9
22844289,9
22844309,9
2284480b,9
22844889,9
22844a09,9
22845007,9
2284500b,9
2284500d,9
2284500e,9
22845016,9
22845019,9
22845049,9
22845083,9
22845085,9
22845086,9
22845089,9
22845103,9
22845106,9
22845109,9
22845124,9
22845203,9
22845206,9
22845803,9
22845806,9
22845809,9
2284580c,9
2284808b,9
22848125,9
2284812c,9
22848189,9
22848889,9
2284c007,9
2284c009,8
2284c00b,9
2284c00e,9
2284c019,9
2284c023,9
2284c043,9
2284c049,9
2284c083,9
2284c085,9
2284c086,9
2284c089,9
2284c08a,9
2284c08c,9
2284c0a1,9
2284c0a8,9
2284c0c1,9
2284c0c8,9
2284c101,8
2284c103,9
2284c105,9
2284c106,9
2284c10a,9
2284c10c,9
2284c111,9
2284c121,9
2284c122,9
2284c124,9
2284c128,9
2284c141,9
2284c148,9
2284c160,9
2284c181,9
2284c182,9
2284c184,9
2284c188,9
2284c1a0,9
2284c203,9
2284c205,9
2284c206,9
2284c20a,9
2284c221,9
2284c241,9
2284c281,9
2284c288,9
2284c301,9
2284c302,9
2284c304,9
2284c308,9
2284c320,9
2284c340,9
2284c380,9
2284c803,9
2284c805,9
2284c80c,9
2284c881,9
2284c888,9
2284c901,9
2284c904,9
2284c908,9
2284c920,9
2284c980,9
2284ca01,9
2284ca08,9
2284cb00,9
2284d003,9
2284d005,9
2284d006,9
2284d008,8
2284d00a,9
2284d00c,9
2284d011,9
2284d012,9
2284d018,9
2284d021,9
2284d022,9
2284d024,9
2284d028,9
2284d041,9
2284d042,9
2284d044,9
2284d048,9
2284d081,9
2284d082,9
2284d084,9
2284d088,9
2284d0a0,9
2284d0c0,9
2284d101,9
2284d102,9
2284d104,9
2284d108,9
2284d110,9
2284d120,9
2284d140,9
2284d180,9
2284d201,9
2284d202,9
2284d204,9
2284d208,9
2284d220,9
2284d240,9
2284d280,9
2284d300,9
2284d801,9
2284d802,9
2284d804,9
2284d808,9
2284d880,9
2284d900,9
2284da00,9
2285400b,9
22854089,9
22854209,9
22855009,9
2285c003,9
2285c009,9
2285c081,9
2285c088,9
2285c101,9
2285c108,9
2285c120,9
2285c180,9
2285c201,9
2285c300,9
2285d001,9
2285d002,9
2285d004,9
2285d008,9
2285d100,9
2285d200,9
22860289,9
2286400b,9
22864019,9
22864049,9
22864083,9
22864089,9
22864109,9
22865003,9
22865006,9
2286500a,9
22865081,9
22865088,9
22865808,9
2286c003,9
2286c005,9
2286c00a,9
2286c021,9
2286c028,9
2286c041,9
2286c081,9
2286c088,9
2286c101,9
2286c102,9
2286c108,9
2286c120,9
2286c180,9
2286c280,9
2286c300,9
2286c801,9
2286c808,9
2286d002,9
2286d004,9
2286d080,9
2286d100,9
2286d200,9
22874009,9
2288001f,9
2288020f,9
2288028b,9
22880a89,9
2288100f,9
2288120b,9
22881289,9
2288400f,9
2288401b,9
2288402b,9
2288404b,9
22884087,9
2288408b,9
2288408d,9
22884099,9
228840a9,9
228840c9,9
2288410b,9
22884189,9
22884207,9
2288420b,9
2288420d,9
2288420e,9
22884216,9
22884219,9
22884229,9
22884249,9
22884283,9
22884285,9
22884286,9
22884289,9
22884309,9
22884807,9
2288480b,9
2288480d,9
22884889,9
22884a06,9
22884a09,9
22884a81,9
22885007,9
2288500b,9
2288500d,9
2288500e,9
22885016,9
22885019,9
22885026,9
22885046,9
22885049,9
22885083,9
22885085,9
22885086,9
22885089,9
22885106,9
22885203,9
22885205,9
22885206,9
2288520a,9
2288520c,9
22885281,9
22885282,9
22885284,9
22885288,9
22885803,9
22885806,9
22885809,9
2288580c,9
22885a02,9
22885a04,9
2288808b,9
22888249,9
22888289,9
22889089,9
2288c007,9
2288c009,8
2288c00e,9
2288c016,9
2288c019,9
2288c049,9
2288c083,9
2288c085,9
2288c086,9
2288c089,9
2288c08a,9
2288c08c,9
2288c103,9
2288c10a,9
2288c10c,9
2288c121,9
2288c124,9
2288c128,9
2288c181,9
2288c188,9
2288c203,9
2288c205,9
2288c206,9
2288c20a,9
2288c20c,9
2288c221,9
2288c228,9
2288c241,9
2288c242,9
2288c248,9
2288c281,9
2288c282,9
2288c284,9
2288c288,9
2288c301,9
2288c302,9
2288c304,9
2288c308,9
2288c320,9
2288c380,9
2288c803,9
2288c806,9
2288c80a,9
2288c80c,9
2288c881,9
2288c888,9
2288ca01,9
2288ca02,9
2288ca04,9
2288ca08,9
2288ca80,9
2288d003,9
2288d005,9
2288d006,9
2288d00a,9
2288d00c,9
2288d024,9
2288d028,9
2288d048,9
2288d081,9
2288d082,9
2288d084,9
2288d088,9
2288d101,9
2288d102,9
2288d104,9
2288d108,9
2288d120,9
2288d201,9
2288d202,9
2288d204,9
2288d208,9
2288d220,9
2288d240,9
2288d280,9
2288d300,9
2288d802,9
2288d804,9
2288d808,9
2288da00,9
2289020b,9
2289020d,9
22890249,9
22890289,9
22891209,9
2289400b,9
22894089,9
22894203,9
22894206,9
22894209,9
22894281,9
22895006,9
22895009,9
22895202,9
22895204,9
22895208,9
22898209,9
2289c009,9
2289c108,9
2289c201,9
2289c202,9
2289c204,9
2289c208,9
2289c240,9
2289c280,9
2289c300,9
2289d008,9
2289d200,9
228a000f,9
228a008b,9
228a020b,9
228a020d,9
228a0249,9
228a0289,9
228a0889,9
228a0a09,9
228a4007,9
228a400b,9
228a400d,9
228a400e,9
228a4019,9
228a4029,9
228a4049,9
228a4083,9
228a4089,9
228a4109,9
228a4203,9
228a4206,9
228a4281,9
228a480c,9
228a5003,9
228a5006,9
228a500a,9
228a5201,9
228a5202,9
228a5204,9
228ac003,9
228ac005,9
228ac006,9
228ac00a,9
228ac081,9
228ac088,9
228ac101,9
228ac108,9
228ac201,9
228ac202,9
228ac204,9
228ac280,9
228ac300,9
228ad001,9
228ad002,9
228ad004,9
228ad200,9
228b0209,9
228b4009,9
228bc200,9
228c000f,9
228c008b,9
228c020b,9
228c0289,9
228c100b,9
228c4007,9
228c400b,9
228c400d,9
228c400e,9
228c4016,9
228c4019,9
228c4026,9
228c4029,9
228c4049,9
228c4083,9
228c4085,9
228c4086,9
228c4089,9
228c408a,9
228c4103,9
228c4106,9
228c4109,9
228c410a,9
228c4203,9
228c4205,9
228c4206,9
228c4209,9
228c420a,9
228c420c,9
228c4281,9
228c4282,9
228c4284,9
228c4288,9
228c4803,9
228c4806,9
228c4809,9
228c480a,9
228c480c,9
228c4881,9
228c4a04,9
228c4a80,9
228c5003,9
228c5005,9
228c5006,9
228c5009,9
228c500a,9
228c500c,9
228c5012,9
228c5024,9
228c5044,9
228c5081,9
228c5082,9
228c5084,9
228c5088,9
228c5102,9
228c5104,9
228c5108,9
228c5201,9
228c5202,9
228c5204,9
228c5208,9
228c5280,9
228c5300,9
228c5802,9
228c5804,9
228c5808,9
228c8089,9
228c8281,9
228cc003,9
228cc005,9
228cc006,9
228cc009,9
228cc00a,9
228cc00c,9
228cc012,9
228cc018,9
228cc022,9
228cc024,9
228cc028,9
228cc042,9
228cc048,9
228cc081,9
228cc082,9
228cc084,9
228cc088,9
228cc0a0,9
228cc101,9
228cc102,9
228cc104,9
228cc108,9
228cc120,9
228cc180,9
228cc201,9
228cc202,9
228cc204,9
228cc208,9
228cc210,9
228cc220,9
228cc240,9
228cc280,9
228cc300,9
228cc801,9
228cc802,9
228cc804,9
228cc808,9
228cc880,9
228cc900,9
228cca00,9
228cd001,9
228cd002,9
228cd004,9
228cd008,9
228cd010,9
228cd020,9
228cd040,9
228cd080,9
228cd100,9
228cd200,9
228cd800,9
228d0209,9
228d4009,9
228d4201,9
228d4202,9
228d4208,9
228d5002,9
228d5200,9
228dc001,9
228dc002,9
228dc008,9
228dc100,9
228dc200,9
228dd000,9
228e000b,9
228e0089,9
228e4003,9
228e4006,9
228e400a,9
228e400c,9
228e4081,9
228e4201,9
228e4204,9
228e4208,9
228e4808,9
228e5002,9
228e5004,9
228e5008,9
228e5200,9
228ec001,9
228ec002,9
228ec004,9
228ec008,9
228ec080,9
228ec100,9
228ec200,9
228ed000,9
22908125,9
2290812c,9
22909124,9
22a0401b,9
22a0480b,9
22a2008b,9
22a2020b,9
22a2400b,9
22a24019,9
22a24109,9
22a24809,9
22a2480a,9
22a24908,9
22a34009,9
22c08125,9
22c08889,9
22c0c160,9
22c0c1a0,9
22c0c920,9
22c0ca80,9
22c0d082,9
22c0d140,9
22c0d180,9
22c0d840,9
22c0d880,9
22c14809,9
22c15202,9
22c1c120,9
22c1c202,9
22c1c240,9
22c1c280,9
22c1c900,9
22c1ca00,9
22c1d800,9
22c24809,9
22c34009,9
22c44083,9
22c44281,9
22c44803,9
22c44805,9
22c44881,9
22c44908,9
22c45006,9
22c45012,9
22c45042,9
22c45044,9
22c45082,9
22c45084,9
22c450c0,9
22c45102,9
22c45104,9
22c45140,9
22c45180,9
22c45202,9
22c45240,9
22c45280,9
22c45300,9
22c45802,9
22c45804,9
22c45840,9
22c45880,9
22c45900,9
22c4c006,9
22c4c042,9
22c4c044,9
22c4c060,9
22c4c082,9
22c4c084,9
22c4c090,9
22c4c0a0,9
22c4c0c0,9
22c4c100,8
22c4c102,9
22c4c110,9
22c4c120,9
22c4c140,9
22c4c180,9
22c4c202,9
22c4c240,9
22c4c280,9
22c4c802,9
22c4c804,9
22c4c810,9
22c4c820,9
22c4c840,9
22c4c880,9
22c4c900,9
22c4ca00,9
22c4d000,8
22c4d010,9
22c4d040,9
22c4d080,9
22c4d800,9
22c54201,9
22c54208,9
22c54240,9
22c55002,9
22c55004,9
22c55200,9
22c5c002,9
22c5c004,9
22c5c040,9
22c5c080,9
22c5c100,9
22c5c200,9
22c5c800,9
22c5d000,9
22c84007,9
22c84083,9
22c84203,9
22c84206,9
22c8420a,9
22c84281,9
22c84282,9
22c84806,9
22c85006,9
22c85202,9
22c85240,9
22c85280,9
22c85802,9
22c85804,9
22c85a00,9
22c8c120,9
22c8c240,9
22c8c280,9
22c8c802,9
22c8c804,9
22c8c880,9
22c8c900,9
22c8ca00,9
22c8d080,9
22c8d800,9
22c94201,9
22c94202,9
22c94204,9
22c94208,9
22c94220,9
22c94240,9
22c94280,9
22c94300,9
22c94a00,9
22c95200,9
22c9c100,9
22c9c200,9
22c9c800,9
22c9d000,9
22cb4200,9
22cc4003,9
22cc4006,9
22cc400a,9
22cc400c,9
22cc4012,9
22cc4042,9
22cc4044,9
22cc4048,9
22cc4081,9
22cc4082,9
22cc4084,9
22cc4088,9
22cc4102,9
22cc4108,9
22cc4201,9
22cc4202,9
22cc4204,9
22cc4208,9
22cc4240,9
22cc4280,9
22cc4300,9
22cc4801,9
22cc4802,9
22cc4804,9
22cc4808,9
22cc4880,9
22cc4a00,9
22cc5002,9
22cc5004,9
22cc5010,9
22cc5040,9
22cc5080,9
22cc5100,9
22cc5200,9
22cc5800,9
22ccc002,9
22ccc004,9
22ccc010,9
22ccc020,9
22ccc040,9
22ccc080,9
22ccc100,9
22ccc200,9
22ccc800,9
22ccd000,9
22cd4002,9
22cd4004,9
22cd4008,9
22cd4200,9
22cd5000,9
22cdc000,9
22ce4004,9
22ce4200,9
22d01803,9
22d01881,9
22d08124,9
22d08803,9
22d08881,9
22d08901,9
22d09003,9
22d09101,9
22d09801,9
22d11003,9
22d11801,9
22d18801,9
22d19001,9
22e04902,9
22e14003,9
22e14009,9
22e14022,9
22e14802,9
22e14808,9
22e34002,9
2300003f,9
2300009f,9
2300021f,9
2300028f,9
23001097,9
23001287,9
23001887,9
2300401f,9
2300408f,9
2300409b,9
2300420f,9
2300428b,9
2300428d,9
2300480f,9
2300488b,9
2300488d,9
23004a89,9
23005017,9
23005087,9
23005093,9
23005096,9
23005216,9
23005283,9
23005285,9
23005286,9
23005807,9
2300580e,9
23005883,9
23005885,9
23005886,9
2300588c,9
230081a5,9
23009089,8
2300908e,9
230091a4,9
23009883,9
23009885,9
23009a81,9
2300c087,9
2300c089,8
2300c12c,9
2300c1a1,9
2300c1a4,9
2300d013,9
2300d016,9
2300d083,9
2300d085,9
2300d086,9
2300d091,9
2300d094,9
2300d098,9
2300d0a1,9
2300d0c1,9
2300d124,9
2300d181,9
2300d281,9
2300d284,9
2300d803,9
2300d805,9
2300d806,9
2300d881,9
2300d884,9
2300d888,9
23010a89,9
23014289,9
23018125,9
2301d081,9
2302001f,9
2302008f,9
2302088b,9
2304001f,9
2304008f,9
2304009b,9
2304020f,9
2304028b,9
2304088b,9
23040a89,9
23041087,9
23041807,9
23041883,9
23041885,9
2304401b,9
23044087,9
2304408b,9
2304408d,9
23044099,9
23044289,9
2304480b,9
23044889,9
23045007,9
23045016,9
23045083,9
23045085,9
23045086,9
23045091,9
23045206,9
23045281,9
23045284,9
23045803,9
23045805,9
23045806,9
23045881,9
23045884,9
23045888,9
23048089,8
2304812c,9
23048a81,9
23049083,9
23049086,9
2304908a,9
23049091,9
230490c1,9
23049124,9
23049181,9
23049281,9
23049803,9
23049881,9
23049888,9
2304c083,9
2304c085,9
2304c086,9
2304c08a,9
2304c08c,9
2304c091,9
2304c124,9
2304c181,9
2304c281,9
2304c881,9
2304c888,9
2304d006,9
2304d014,9
2304d081,9
2304d082,9
2304d084,9
2304d090,9
2304d101,9
2304d180,9
2304d204,9
2304d280,9
2304d801,9
2304d804,9
2304d880,9
23050289,9
23054089,9
23054209,9
23059081,9
23064083,9
2308001f,9
2308002f,9
2308004f,9
2308008f,9
2308009b,9
230800cb,9
2308020f,9
2308021b,9
2308024b,9
23080287,9
23080289,8
2308028b,9
2308028d,9
23080299,9
230802a9,9
230802c9,9
23080389,9
2308080f,9
2308081b,9
23080887,9
2308088b,9
2308088d,9
23080a0b,9
23080a83,9
23080a89,9
2308100b,8
23081017,9
2308101e,9
23081087,9
2308108e,9
23081093,9
23081096,9
23081099,9
230810c9,9
2308120e,9
23081216,9
23081283,9
23081285,9
23081286,9
23081807,9
2308180e,9
23081883,9
23081885,9
23081886,9
23081a06,9
23081a81,9
2308400f,9
23084017,9
2308401b,9
2308401e,9
2308402b,9
2308404b,9
23084087,9
23084089,8
2308408b,9
2308408d,9
2308408e,9
23084093,9
23084096,9
23084099,9
230840a9,9
230840c9,9
23084189,9
23084207,9
2308420b,9
2308420d,9
2308420e,9
23084216,9
23084219,9
23084249,9
23084283,9
23084285,9
23084286,9
23084289,9
23084807,9
2308480b,9
2308480d,9
2308480e,9
23084883,9
23084885,9
23084886,9
23084889,9
23084a06,9
23084a09,9
23084a81,9
23085007,9
23085013,9
23085016,9
23085026,9
23085046,9
23085083,9
23085085,9
23085086,9
2308508a,9
2308508c,9
23085092,9
23085094,9
230850a4,9
23085203,9
23085205,9
23085206,9
23085281,9
23085282,9
23085284,9
23085803,9
23085805,9
23085806,9
2308580a,9
2308580c,9
23085881,9
23085882,9
23085884,9
23085888,9
23085a04,9
23088087,9
23088089,8
2308808e,9
2308812c,9
23088209,8
23088283,9
23088285,9
23088a81,9
2308900e,9
23089016,9
23089083,9
23089085,9
23089086,9
2308908a,9
2308908c,9
23089103,9
23089124,9
23089181,9
23089206,9
23089281,9
23089282,9
23089284,9
23089288,9
23089803,9
23089806,9
23089881,9
23089888,9
2308c00e,9
2308c016,9
2308c083,9
2308c085,9
2308c086,9
2308c08a,9
2308c08c,9
2308c103,9
2308c124,9
2308c181,9
2308c206,9
2308c281,9
2308c288,9
2308c803,9
2308c806,9
2308c80c,9
2308c881,9
2308c884,9
2308c888,9
2308d003,9
2308d005,9
2308d006,9
2308d012,9
2308d014,9
2308d081,9
2308d082,9
2308d084,9
2308d088,9
2308d101,9
2308d201,9
2308d202,9
2308d204,9
2308d280,9
2308d802,9
2308d804,9
2308d808,9
2308d880,9
2309000f,9
2309001b,9
2309008b,9
2309008d,9
2309020b,9
2309020d,9
23090249,9
23090289,9
2309080b,9
23090889,9
23090a09,9
23091007,9
23091089,9
23091206,9
2309400b,9
2309400d,9
23094089,9
23094209,9
23095006,9
2309500c,9
23098281,9
230a001b,9
230a0087,9
230a008b,9
230a0099,9
230a00c9,9
230a0207,9
230a0283,9
230a1016,9
230a1086,9
230a1206,9
230a4007,9
230a400e,9
230a4016,9
230a4083,9
230a4085,9
230a4086,9
230a408c,9
230a4203,9
230a4206,9
230a4281,9
230a5084,9
230a5804,9
230a8083,9
230a8281,9
230a9006,9
230a9084,9
230ac006,9
230ad080,9
230b000b,9
230b0089,9
230c000b,8
230c000f,9
230c0017,9
230c001b,9
230c002b,9
230c004b,9
230c0087,9
230c0089,8
230c008b,9
230c008d,9
230c0099,9
230c00a9,9
230c00c9,9
230c010b,9
230c0189,9
230c0207,9
230c020b,9
230c020d,9
230c0219,9
230c0249,9
230c0283,9
230c0289,9
230c080b,9
230c080d,9
230c0883,9
230c0889,9
230c0a09,9
230c0a81,9
230c1016,9
230c1083,9
230c1085,9
230c1086,9
230c108a,9
230c108c,9
230c1203,9
230c1205,9
230c1206,9
230c1281,9
230c1284,9
230c1803,9
230c1806,9
230c1881,9
230c4007,9
230c400b,9
230c400e,9
230c4013,9
230c4016,9
230c4019,9
230c4029,9
230c4049,9
230c4083,9
230c4085,9
230c4086,9
230c4089,9
230c408a,9
230c408c,9
230c4203,9
230c4206,9
230c4209,9
230c4281,9
230c4284,9
230c4803,9
230c4806,9
230c480a,9
230c480c,9
230c4881,9
230c4882,9
230c4884,9
230c4888,9
230c5003,9
230c5005,9
230c5006,9
230c500a,9
230c5012,9
230c5014,9
230c5044,9
230c5081,9
230c5082,9
230c5084,9
230c5088,9
230c5090,9
230c5201,9
230c5202,9
230c5204,9
230c5280,9
230c5802,9
230c5804,9
230c5808,9
230c5880,9
230c800e,9
230c8016,9
230c8083,9
230c8085,9
230c8086,9
230c808a,9
230c808c,9
230c8124,9
230c8206,9
230c8281,9
230c8288,9
230c8803,9
230c8881,9
230c8888,9
230c9003,9
230c9006,9
230c900a,9
230c9081,9
230c9082,9
230c9084,9
230c9088,9
230c9201,9
230c9204,9
230c9280,9
230c9802,9
230c9804,9
230c9808,9
230c9880,9
230cc003,9
230cc005,9
230cc006,9
230cc00a,9
230cc012,9
230cc081,9
230cc082,9
230cc084,9
230cc088,9
230cc101,9
230cc201,9
230cc204,9
230cc280,9
230cc801,9
230cc802,9
230cc804,9
230cc808,9
230cc880,9
230cd001,9
230cd002,9
230cd004,9
230cd010,9
230cd080,9
230cd200,9
230cd800,9
230d000b,9
230d000d,9
230d0089,9
230d0209,9
230d0809,9
230d4009,9
230d5004,9
230e0007,9
230e0083,9
230e0281,9
230e1006,9
230e1084,9
230e4003,9
230e4005,9
230e4006,9
230e4081,9
230e4084,9
230e5080,9
230ec004,9
230ec080,9
23400887,9
23404096,9
23404886,9
23409890,9
23410a81,9
23414881,9
23419880,9
23444016,9
23444086,9
23444882,9
23444884,9
23448890,9
23449080,8
23454280,9
23458880,9
23480017,9
2348001e,9
23480087,9
2348008e,9
23480093,9
23480096,9
23480283,9
23480286,9
23480807,9
2348080e,9
23480883,9
23480885,9
23480886,9
2348088a,9
23480a81,9
23481092,9
23481882,9
23481884,9
23481a80,9
23484016,9
23484086,9
23484091,9
23484092,9
23484282,9
23484284,9
23484806,9
23484882,9
23484884,9
23484a04,9
23484a80,9
23488092,9
23488882,9
23489880,9
23490203,9
23490206,9
23490281,9
23490881,9
23491082,9
23491280,9
23494006,9
23494081,9
23494202,9
23494204,9
23494280,9
23494a00,9
23499080,9
234a0016,9
234c0016,9
234c0086,9
234c0092,9
234c0206,9
234c0806,9
234c0882,9
234c0884,9
234c0a80,9
234c1090,9
234c1880,9
234c4012,9
234c4014,9
234c4082,9
234c4084,9
234c4090,9
234c4280,9
234c4802,9
234c4804,9
234c4810,9
234c4880,9
234c8880,9
234d0006,9
234d0202,9
234d1080,9
234d4002,9
234d4004,9
234d4080,9
234d4200,9
234d4800,9
234d8080,9
234d8800,9
2380001f,9
2380020f,9
23801087,9
2380400f,9
23804017,9
2380401b,9
23804027,9
2380402b,9
2380402d,9
23804047,9
2380404b,9
2380404d,9
23804069,9
23804087,9
2380408b,9
2380408d,9
23804099,9
238040a5,9
238040a9,9
238040c3,9
238040c9,9
2380410b,9
23804149,9
23804189,9
23804207,9
2380420b,9
2380420d,9
23804246,9
23804249,9
23804283,9
23804289,9
23804807,9
2380480b,9
2380480d,9
23804849,9
23804883,9
23804886,9
23804889,9
23804a09,9
23805003,8
23805006,8
23805007,9
23805013,9
23805016,9
23805023,9
23805025,9
23805026,9
23805043,9
23805045,9
23805046,9
2380504a,9
2380504c,9
23805052,9
23805064,9
23805083,9
23805085,9
23805086,9
2380508a,9
2380508c,9
23805091,9
23805092,9
23805094,9
238050a1,9
238050a2,9
238050a4,9
238050c1,9
238050c2,9
238050c4,9
238050c8,9
238050d0,9
23805103,9
23805106,9
23805124,9
23805142,9
23805144,9
23805181,9
23805182,9
23805184,9
23805203,9
23805205,9
23805206,9
23805224,9
23805241,9
23805242,9
23805244,9
23805281,9
23805282,9
23805284,9
238052c0,9
23805803,9
23805805,9
23805806,9
2380580a,9
23805824,9
23805842,9
23805844,9
23805848,9
23805881,9
23805882,9
23805884,9
23805888,9
238058c0,9
23805904,9
23805a02,9
23805a04,9
2380812c,9
2380900e,9
23809083,9
23809085,9
23809086,9
2380908a,9
2380908c,9
238090c1,9
23809103,9
23809121,9
23809124,9
23809181,9
23809188,9
23809206,9
23809281,9
23809288,9
23809301,9
23809803,9
2380980a,9
23809881,9
23809888,9
2380c013,9
2380c016,9
2380c026,9
2380c043,9
2380c045,9
2380c046,9
2380c04a,9
2380c04c,9
2380c061,9
2380c064,9
2380c083,9
2380c085,9
2380c086,9
2380c08a,9
2380c08c,9
2380c091,9
2380c098,9
2380c0a1,9
2380c0a4,9
2380c0a8,9
2380c0c1,9
2380c0c2,9
2380c0c4,9
2380c0c8,9
2380c0d0,9
2380c0e0,9
2380c106,9
2380c10a,9
2380c111,9
2380c122,9
2380c124,9
2380c141,9
2380c142,9
2380c144,9
2380c148,9
2380c160,9
2380c181,9
2380c182,9
2380c184,9
2380c188,9
2380c1a0,9
2380c1c0,9
2380c206,9
2380c211,9
2380c241,9
2380c242,9
2380c244,9
2380c248,9
2380c260,9
2380c281,9
2380c282,9
2380c284,9
2380c288,9
2380c2a0,9
2380c2c0,9
2380c302,9
2380c304,9
2380c320,9
2380c340,9
2380c380,9
2380c803,9
2380c805,9
2380c806,9
2380c80a,9
2380c80c,9
2380c821,9
2380c824,9
2380c841,9
2380c842,9
2380c844,9
2380c848,9
2380c881,9
2380c882,9
2380c884,9
2380c888,9
2380c8c0,9
2380c901,9
2380c904,9
2380c908,9
2380c920,9
2380c980,9
2380ca01,9
2380ca02,9
2380ca04,9
2380ca40,9
2380ca80,9
2380cb00,9
2380d001,8
2380d002,8
2380d003,9
2380d004,8
2380d005,9
2380d006,9
2380d008,8
2380d011,9
2380d012,9
2380d014,9
2380d018,9
2380d021,9
2380d022,9
2380d024,9
2380d040,8
2380d041,9
2380d042,9
2380d044,9
2380d048,9
2380d050,9
2380d060,9
2380d080,8
2380d081,9
2380d082,9
2380d084,9
2380d090,9
2380d0a0,9
2380d0c0,9
2380d101,9
2380d102,9
2380d104,9
2380d110,9
2380d120,9
2380d140,9
2380d180,9
2380d200,8
2380d201,9
2380d202,9
2380d204,9
2380d210,9
2380d220,9
2380d240,9
2380d280,9
2380d300,9
2380d801,9
2380d802,9
2380d804,9
2380d810,9
2380d820,9
2380d840,9
2380d880,9
2380d900,9
2380da00,9
2381400b,9
23814049,9
23814089,9
23814209,9
23815003,9
23815006,9
2381c003,9
2381c081,9
2381c088,9
2381c101,9
2381c108,9
2381c120,9
2381c201,9
2381c208,9
2381c240,9
2381c280,9
2381c300,9
2381d001,9
2381d002,9
2381d004,9
2381d008,9
2381d020,9
2381d040,9
2381d080,9
2381d100,9
2381d200,9
2381d800,9
2382008b,9
23824007,9
23824043,9
23824083,9
238240c1,9
23824203,9
23824241,9
23824281,9
23825042,9
23825044,9
23825082,9
23825084,9
238250c0,9
23825804,9
23828281,9
2382c006,9
2382c042,9
2382c044,9
2382c082,9
2382c084,9
2382c0c0,9
2382c120,9
2382c140,9
2382c180,9
2382c240,9
2382c280,9
2382c804,9
2382c840,9
2382c880,9
2382ca00,9
2382d010,9
2382d040,9
2382d080,9
2382d800,9
2383d000,9
2384000f,9
2384008b,9
2384020b,9
23840289,9
2384080b,9
23840889,9
23841083,9
23841881,9
23844007,9
2384400b,9
2384400e,9
23844013,9
23844016,9
23844019,9
23844023,9
23844025,9
23844026,9
23844029,9
23844043,9
23844045,9
23844046,9
23844049,9
2384404a,9
2384404c,9
23844083,9
23844085,9
23844086,9
23844089,9
2384408a,9
2384408c,9
238440a1,9
238440a4,9
238440c1,9
238440c2,9
238440c4,9
238440c8,9
23844103,9
23844106,9
2384410c,9
23844124,9
23844148,9
23844181,9
23844184,9
23844188,9
238441c0,9
23844203,9
23844206,9
23844281,9
238442c0,9
23844803,9
23844805,9
23844806,9
2384480a,9
2384480c,9
23844841,9
23844844,9
23844848,9
23844881,9
23844882,9
23844884,9
23844888,9
238448c0,9
23844904,9
23844908,9
23845003,9
23845005,9
23845006,9
23845012,9
23845014,9
23845021,9
23845022,9
23845024,9
23845041,9
23845042,9
23845044,9
23845048,9
23845050,9
23845060,9
23845081,9
23845082,9
23845084,9
23845088,9
23845090,9
238450a0,9
238450c0,9
23845101,9
23845102,9
23845104,9
23845140,9
23845180,9
23845201,9
23845202,9
23845204,9
23845240,9
23845280,9
23845300,9
23845801,9
23845802,9
23845804,9
23845808,9
23845840,9
23845880,9
23845900,9
23845a00,9
23848083,9
23848085,9
2384808a,9
23848124,9
23848181,9
23848188,9
23848281,9
23848803,9
23848881,9
23848888,9
23848901,9
23849003,9
23849006,9
2384900a,9
23849041,9
23849048,9
23849081,9
23849082,9
23849084,9
23849088,9
238490c0,9
23849101,9
23849108,9
23849180,9
23849201,9
23849202,9
23849280,9
23849801,9
23849802,9
23849804,9
23849808,9
23849880,9
2384c001,8
2384c002,8
2384c003,9
2384c004,8
2384c005,9
2384c006,9
2384c008,8
2384c00a,9
2384c00c,9
2384c011,9
2384c012,9
2384c014,9
2384c018,9
2384c021,9
2384c022,9
2384c024,9
2384c028,9
2384c040,8
2384c041,9
2384c042,9
2384c044,9
2384c048,9
2384c050,9
2384c060,9
2384c080,8
2384c081,9
2384c082,9
2384c084,9
2384c088,9
2384c090,9
2384c0a0,9
2384c0c0,9
2384c100,8
2384c101,9
2384c102,9
2384c104,9
2384c108,9
2384c110,9
2384c120,9
2384c140,9
2384c180,9
2384c200,8
2384c201,9
2384c202,9
2384c204,9
2384c210,9
2384c220,9
2384c240,9
2384c280,9
2384c300,9
2384c801,9
2384c802,9
2384c804,9
2384c808,9
2384c810,9
2384c820,9
2384c840,9
2384c880,9
2384c900,9
2384ca00,9
2384d000,8
2384d001,9
2384d002,9
2384d004,9
2384d010,9
2384d020,9
2384d040,9
2384d080,9
2384d100,9
2384d200,9
2384d800,9
23854009,9
23855002,9
23855004,9
23855008,9
23855080,9
2385c001,9
2385c002,9
2385c004,9
2385c008,9
2385c040,9
2385c080,9
2385c100,9
2385c200,9
2385c800,9
2385d000,9
23864003,9
23864005,9
23864006,9
23864041,9
23864081,9
238640c0,9
23864201,9
23864240,9
23864801,9
23865040,9
23865080,9
23865800,9
23869002,9
23869080,9
2386c002,9
2386c004,9
2386c010,9
2386c020,9
2386c040,9
2386c080,9
2386c100,9
2386c200,9
2386c800,9
2387c000,9
2388000f,9
2388001b,9
2388004b,9
23880087,9
2388008b,9
2388008d,9
23880207,9
2388020b,9
2388020d,9
2388020e,9
23880249,9
23880283,9
23880286,9
23880289,9
2388080b,9
23880889,9
23880a09,9
23881007,9
2388100e,9
23881016,9
23881049,9
23881083,9
23881086,9
23881203,9
23881206,9
2388120a,9
23881281,9
23881282,9
23881806,9
23884007,9
2388400b,9
2388400d,9
2388400e,9
23884013,9
23884016,9
23884019,9
2388401a,9
23884023,9
23884025,9
23884026,9
23884029,9
2388402c,9
23884043,9
23884045,9
23884046,9
23884049,9
2388404a,9
2388404c,9
23884052,9
23884064,9
23884083,9
23884085,9
23884086,9
23884089,9
2388408a,9
2388408c,9
23884092,9
238840a1,9
238840a4,9
238840c1,9
238840c2,9
238840c4,9
238840c8,9
23884103,9
23884106,9
23884109,9
2388410a,9
2388410c,9
23884124,9
23884203,9
23884205,9
23884206,9
23884209,9
2388420a,9
2388420c,9
23884212,9
23884222,9
23884224,9
23884241,9
23884242,9
23884244,9
23884248,9
23884281,9
23884282,9
23884284,9
23884288,9
238842c0,9
23884302,9
23884304,9
23884308,9
23884340,9
23884380,9
23884803,9
23884805,9
23884806,9
23884809,9
2388480a,9
2388480c,9
23884824,9
23884842,9
23884844,9
23884848,9
23884881,9
23884882,9
23884884,9
23884888,9
238848c0,9
23884904,9
23884a01,9
23884a02,9
23884a04,9
23884a08,9
23884a40,9
23884a80,9
23885002,8
23885003,9
23885004,8
23885005,9
23885006,9
2388500a,9
2388500c,9
23885012,9
23885014,9
23885022,9
23885024,9
23885028,9
23885041,9
23885042,9
23885044,9
23885048,9
23885081,9
23885082,9
23885084,9
23885088,9
23885090,9
238850a0,9
238850c0,9
23885102,9
23885104,9
23885108,9
23885140,9
23885180,9
23885201,9
23885202,9
23885204,9
23885210,9
23885220,9
23885240,9
23885280,9
23885300,9
23885801,9
23885802,9
23885804,9
23885808,9
23885840,9
23885880,9
23885a00,9
23888007,9
23888083,9
2388808a,9
23888124,9
23888203,9
23888206,9
23888281,9
23888282,9
23888288,9
23889003,9
23889005,9
23889006,9
2388900a,9
2388900c,9
23889081,9
23889082,9
23889084,9
23889088,9
23889201,9
23889202,9
23889204,9
23889208,9
23889280,9
23889802,9
23889808,9
2388c002,8
2388c003,9
2388c005,9
2388c006,9
2388c008,8
2388c00a,9
2388c00c,9
2388c011,9
2388c012,9
2388c014,9
2388c018,9
2388c021,9
2388c022,9
2388c024,9
2388c028,9
2388c041,9
2388c042,9
2388c044,9
2388c048,9
2388c050,9
2388c060,9
2388c081,9
2388c082,9
2388c084,9
2388c088,9
2388c090,9
2388c0a0,9
2388c0c0,9
2388c101,9
2388c102,9
2388c104,9
2388c108,9
2388c120,9
2388c140,9
2388c180,9
2388c200,8
2388c201,9
2388c202,9
2388c204,9
2388c210,9
2388c220,9
2388c240,9
2388c280,9
2388c300,9
2388c801,9
2388c802,9
2388c804,9
2388c808,9
2388c820,9
2388c840,9
2388c880,9
2388c900,9
2388ca00,9
2388d000,8
2388d001,9
2388d002,9
2388d004,9
2388d008,9
2388d010,9
2388d020,9
2388d040,9
2388d080,9
2388d100,9
2388d200,9
2388d800,9
2389000b,9
23890209,9
23894003,9
23894006,9
23894009,9
2389400a,9
23894201,9
23894202,9
23894204,9
23894208,9
23894240,9
23894280,9
23894a00,9
23895002,9
23895004,9
23895008,9
23895080,9
23895200,9
23898201,9
2389c001,9
2389c002,9
2389c004,9
2389c008,9
2389c040,9
2389c080,9
2389c100,9
2389c200,9
2389c800,9
2389d000,9
238a000b,9
238a0089,9
238a1006,9
238a4003,9
238a4005,9
238a4006,9
238a400a,9
238a4024,9
238a4042,9
238a4044,9
238a4048,9
238a4081,9
238a4082,9
238a4084,9
238a4088,9
238a4201,9
238a4202,9
238a4204,9
238a4240,9
238a4280,9
238a4802,9
238a4804,9
238a4a00,9
238a5002,9
238a5004,9
238a5040,9
238a5080,9
238a5800,9
238a9002,9
238a9004,9
238a9200,9
238ac002,9
238ac004,9
238ac040,9
238ac080,9
238ac100,9
238ac200,9
238ac800,9
238ad000,9
238b4200,9
238c0007,9
238c000b,9
238c000d,9
238c0049,9
238c0083,9
238c0089,9
238c0203,9
238c0206,9
238c0209,9
238c0281,9
238c0809,9
238c1003,9
238c1006,9
238c100a,9
238c100c,9
238c1082,9
238c1084,9
238c1202,9
238c1204,9
238c4002,8
238c4003,9
238c4004,8
238c4005,9
238c4006,9
238c4009,9
238c400a,9
238c400c,9
238c4012,9
238c4014,9
238c4018,9
238c4021,9
238c4022,9
238c4024,9
238c4028,9
238c4041,9
238c4042,9
238c4044,9
238c4048,9
238c4050,9
238c4060,9
238c4081,9
238c4082,9
238c4084,9
238c4088,9
238c4090,9
238c40a0,9
238c40c0,9
238c4101,9
238c4102,9
238c4104,9
238c4108,9
238c4140,9
238c4180,9
238c4201,9
238c4202,9
238c4204,9
238c4208,9
238c4210,9
238c4220,9
238c4240,9
238c4280,9
238c4300,9
238c4801,9
238c4802,9
238c4804,9
238c4808,9
238c4810,9
238c4820,9
238c4840,9
238c4880,9
238c4900,9
238c4a00,9
238c5000,8
238c5001,9
238c5002,9
238c5004,9
238c5008,9
238c5010,9
238c5020,9
238c5040,9
238c5080,9
238c5100,9
238c5200,9
238c5800,9
238c8003,9
238c8005,9
238c8006,9
238c800a,9
238c800c,9
238c8081,9
238c8082,9
238c8084,9
238c8088,9
238c8101,9
238c8201,9
238c8202,9
238c8208,9
238c8280,9
238c8802,9
238c8808,9
238c8880,9
238c9001,9
238c9002,9
238c9004,9
238c9008,9
238c9080,9
238c9100,9
238c9200,9
238c9800,9
238cc000,8
238cc001,9
238cc002,9
238cc004,9
238cc008,9
238cc010,9
238cc020,9
238cc040,9
238cc080,9
238cc100,9
238cc200,9
238cc800,9
238cd000,9
238d0009,9
238d4001,9
238d4002,9
238d4004,9
238d4008,9
238d4040,9
238d4080,9
238d4200,9
238d4800,9
238d5000,9
238dc000,9
238e4001,9
238e4002,9
238e4004,9
238e4040,9
238e4080,9
238e4100,9
238e4200,9
238e4800,9
238e5000,9
238ec000,9
23c00883,9
23c04016,9
23c04046,9
23c04052,9
23c04054,9
23c04064,9
23c04086,9
23c040a4,9
23c040c2,9
23c040c4,9
23c040d0,9
23c040e0,9
23c04142,9
23c041c0,9
23c04250,9
23c04282,9
23c042c0,9
23c04806,9
23c04824,9
23c04842,9
23c04844,9
23c04850,9
23c04860,9
23c04882,9
23c04884,9
23c048c0,9
23c04904,9
23c04940,9
23c04980,9
23c04a40,9
23c04a80,9
23c05040,8
23c05080,8
23c08882,9
23c09090,9
23c090c0,9
23c09810,9
23c09840,9
23c09880,9
23c0c040,8
23c0c080,8
23c0c800,8
23c14006,9
23c14042,9
23c14044,9
23c140c0,9
23c14240,9
23c14280,9
23c14804,9
23c14840,9
23c14880,9
23c14a00,9
23c19080,9
23c19800,9
23c41840,9
23c41880,9
23c44012,9
23c44014,9
23c44040,8
23c44042,9
23c44044,9
23c44050,9
23c44060,9
23c44080,8
23c44082,9
23c44084,9
23c44090,9
23c440a0,9
23c440c0,9
23c44110,9
23c44180,9
23c44800,8
23c44802,9
23c44810,9
23c44820,9
23c44840,9
23c44880,9
23c45000,8
23c48042,9
23c48090,9
23c480c0,9
23c48800,8
23c48810,9
23c48840,9
23c48880,9
23c49000,8
23c4c000,8
23c54002,9
23c54004,9
23c54010,9
23c54020,9
23c54040,9
23c54080,9
23c54100,9
23c54800,9
23c58080,9
23c58800,9
23c80083,9
23c80203,9
23c80206,9
23c80281,9
23c80282,9
23c80803,9
23c8080a,9
23c80881,9
23c81082,9
23c81084,9
23c81280,9
23c81802,9
23c81804,9
23c84002,8
23c84006,9
23c84012,9
23c84014,9
23c84022,9
23c84024,9
23c84042,9
23c84044,9
23c84050,9
23c84060,9
23c84082,9
23c84084,9
23c84090,9
23c840a0,9
23c840c0,9
23c84102,9
23c84104,9
23c84140,9
23c84180,9
23c84200,8
23c84210,9
23c84240,9
23c84280,9
23c84802,9
23c84804,9
23c84810,9
23c84820,9
23c84840,9
23c84880,9
23c84900,9
23c84a00,9
23c85000,8
23c88082,9
23c88280,9
23c88802,9
23c88804,9
23c88880,9
23c88a00,9
23c89080,9
23c89800,9
23c8c000,8
23c90201,9
23c90202,9
23c90208,9
23c91002,9
23c91200,9
23c94002,9
23c94004,9
23c94040,9
23c94080,9
23c94100,9
23c94200,9
23c94800,9
23c98002,9
23c98200,9
23c99000,9
23cc0006,9
23cc0082,9
23cc0202,9
23cc0280,9
23cc0802,9
23cc0880,9
23cc1080,9
23cc1800,9
23cc4000,8
23cc4002,9
23cc4004,9
23cc4010,9
23cc4020,9
23cc4040,9
23cc4080,9
23cc4100,9
23cc4800,9
23cc8040,9
23cc8080,9
23cc8800,9
23cd0200,9
23cd4000,9
23cd8000,9
2800209f,9
2802009f,9
2802021f,9
2802028f,9
2802029b,9
280202d9,9
2802068b,9
2802068d,9
28020a89,8
28020a8b,9
28020a8d,9
28020a99,9
28020aa9,9
28020ac9,9
28020b89,9
2802101f,9
28021289,8
28021889,8
28021899,9
28022097,9
28022889,8
2802288b,9
2802288d,9
28022899,9
280228a9,9
280228c9,9
28022989,9
2802401f,9
2802408f,9
2802409b,9
2802409d,9
280240ad,9
280240cb,9
280240cd,9
280240d9,9
2802420f,9
2802421b,9
28024289,8
2802428b,9
2802428d,9
28024299,9
280242a9,9
280242c9,9
28024389,9
2802448b,9
2802448d,9
28024499,9
2802480f,9
28024889,8
2802488b,9
2802488d,9
28024899,9
280248a9,9
280248c9,9
28024989,9
28024a09,8
28024a0b,9
28024a0d,9
28024a19,9
28024a29,9
28024a49,9
28024a85,9
28024a89,9
28024a8c,9
28024b09,9
28024c89,9
28024c8c,9
28024e09,9
2802500d,8
2802501b,9
28025089,8
28025209,8
28025283,9
28025285,9
2802528c,9
28025809,8
2802580b,9
2802588c,9
28025a81,9
28025a88,9
28026096,9
28026885,9
28026888,8
280268a8,9
28028289,8
2802828b,9
2802828d,9
28028299,9
280282a9,9
280282c9,9
28028389,9
28028899,9
28028a89,9
2802a08b,9
2802a08d,9
2802a099,9
2802a0c9,9
2802a189,9
2802a889,9
2802a88a,9
2802a88c,9
2802a898,9
2802a8c8,9
2802a988,9
2802aa09,9
2802aa81,9
2802c00f,9
2802c089,8
2802c08b,9
2802c08d,9
2802c099,9
2802c0a9,9
2802c189,9
2802c209,8
2802c20b,9
2802c20d,9
2802c219,9
2802c229,9
2802c289,9
2802c309,9
2802c80b,9
2802c889,9
2802c88c,9
2802c909,9
2802ca09,9
2802ca81,9
2802ca88,9
2802d281,9
2802d288,9
2802d888,9
28030289,8
2803028b,9
2803028d,9
28030299,9
280302a9,9
280302c9,9
28030389,9
28030a89,9
28030e09,9
2803120b,9
2803208b,9
2803208d,9
2803220d,9
28032889,9
2803288a,9
2803288c,9
28032a09,9
28032a81,9
2803408b,9
2803408d,9
280340c9,9
28034209,8
2803420b,9
2803420d,9
28034219,9
28034229,9
28034249,9
28034283,9
28034285,9
28034289,9
28034309,9
28034609,9
28034889,9
2803488c,9
28034a09,9
28034a81,9
28034a88,9
2803500b,9
2803500d,9
28035281,9
28036881,9
28036884,9
28038289,9
28038889,9
28038a09,9
28038a88,9
2803a089,9
2803a281,9
2803a888,9
2803c089,9
2803c209,9
2803c888,9
28045289,9
2804d089,9
2806001f,9
2806008f,9
28060289,8
2806028b,9
2806028d,9
28060299,9
280602a9,9
280602c9,9
28060389,9
28060889,8
2806088b,9
2806088d,9
28060899,9
280608a9,9
280608c9,9
28060989,9
28060a0b,9
28060a0d,9
28060a19,9
28060a49,9
28060a89,9
28061209,8
28061a88,9
28062017,9
28062087,9
28062089,8
2806208d,9
28062093,9
28062096,9
280620a5,9
280620a9,9
280620c9,9
28062189,9
28062881,8
28062883,9
28062885,9
28062888,8
2806288c,9
28062891,9
280628a1,9
280628a8,9
280628c1,9
280628c8,9
28062981,9
28062988,9
28062a09,9
2806400f,9
2806401b,9
2806401d,9
2806402d,9
2806404d,9
28064089,8
2806408b,9
2806408d,9
28064099,9
280640a9,9
280640c9,9
28064189,9
28064209,8
2806420b,9
2806420d,9
28064219,9
28064229,9
28064249,9
28064285,9
28064289,9
28064309,9
28064809,8
2806480b,9
2806480d,9
28064819,9
28064829,9
28064849,9
28064889,9
2806488c,9
28064909,9
28064a09,9
28064a81,9
28064a88,9
28065009,8
28065083,9
28065085,9
2806508c,9
28065281,9
28065288,9
2806580c,9
28065881,9
28065888,9
28065a08,9
28066809,9
2806680c,9
28068089,8
2806808b,9
28068099,9
280680a9,9
28068189,9
28068209,8
2806820b,9
2806820d,9
28068219,9
28068229,9
28068289,9
28068309,9
28068889,9
28068a88,9
28069281,9
28069888,9
2806a081,8
2806a083,9
2806a085,9
2806a091,9
2806a0a1,9
2806a0c1,9
2806a181,9
2806a881,9
2806c009,8
2806c00b,9
2806c00d,9
2806c019,9
2806c029,9
2806c049,9
2806c085,9
2806c089,9
2806c109,9
2806c209,9
2806c281,9
2806c288,9
2806c881,9
2806c888,9
2806d081,9
2806d088,9
2806d808,9
2807020d,9
28070289,9
28070889,9
28070a09,9
28072083,9
28072085,9
28072091,9
280720c1,9
28072881,9
2807400b,9
2807400d,9
28074089,9
28074209,9
28074281,9
28074809,9
28078089,9
28078209,9
28078601,9
28078888,9
2807a081,9
2807c009,9
28081a89,9
2808401f,9
2808428b,9
2808428d,9
28084a89,9
2808500f,9
2808508b,9
2808508d,9
2808520b,9
2808520d,9
28085289,9
28085889,9
28088a89,9
28089289,9
2808c289,9
2808d209,9
28090a89,9
28091289,9
28094289,9
28095209,9
280a001f,9
280a008f,9
280a009b,9
280a009d,9
280a00ad,9
280a00cd,9
280a00d9,9
280a020d,8
280a020f,9
280a021b,9
280a021d,9
280a022d,9
280a024d,9
280a0259,9
280a0289,8
280a028b,9
280a028d,9
280a0299,9
280a02a9,9
280a02c9,9
280a030d,9
280a0389,9
280a0417,9
280a0616,9
280a080f,9
280a081b,9
280a0889,8
280a088b,9
280a088d,9
280a0899,9
280a08a9,9
280a08c9,9
280a0989,9
280a0a09,8
280a0a0b,9
280a0a0d,9
280a0a19,9
280a0a29,9
280a0a49,9
280a0a89,9
280a0a8c,9
280a0b09,9
280a101b,9
280a1089,8
280a1209,8
280a1285,9
280a128c,9
280a1819,9
280a1a81,9
280a1a88,9
280a400d,8
280a400f,9
280a401b,9
280a401d,9
280a402d,9
280a404b,9
280a404d,9
280a4087,9
280a4089,8
280a408b,9
280a408d,9
280a4099,9
280a40a9,9
280a40c9,9
280a410d,9
280a4189,9
280a4209,8
280a420b,9
280a420d,9
280a4219,9
280a4229,9
280a4249,9
280a4283,9
280a4285,9
280a4289,9
280a428c,9
280a4291,9
280a42c1,9
280a4309,9
280a4416,9
280a4809,8
280a480b,9
280a480d,9
280a4819,9
280a4829,9
280a4849,9
280a4885,9
280a4889,9
280a488c,9
280a4909,9
280a4a09,9
280a4a0c,9
280a4a81,9
280a4a88,9
280a5007,9
280a5009,8
280a5083,9
280a5085,9
280a508c,9
280a5205,9
280a520c,9
280a5281,9
280a5284,9
280a5288,9
280a580c,9
280a5888,9
280a5a08,9
280a800f,9
280a808b,9
280a808d,9
280a8099,9
280a80c9,9
280a8209,8
280a820b,9
280a820d,9
280a8219,9
280a8229,9
280a8249,9
280a8289,9
280a8309,9
280a880b,9
280a880d,9
280a8889,9
280a8a09,9
280a8a81,9
280a8a88,9
280a9281,9
280ac009,8
280ac00b,9
280ac00d,9
280ac019,9
280ac029,9
280ac049,9
280ac089,9
280ac109,9
280ac209,9
280ac281,9
280ac809,9
280ac888,9
280ad081,9
280b008b,9
280b008d,9
280b0209,8
280b020b,9
280b020d,9
280b0219,9
280b0229,9
280b0249,9
280b0289,9
280b0309,9
280b0889,9
280b0a09,9
280b0a81,9
280b0a88,9
280b100b,9
280b400b,9
280b400d,9
280b4049,9
280b4089,9
280b4209,9
280b4281,9
280b4809,9
280b8089,9
280b8209,9
280b8809,9
280bc009,9
280c001f,9
280c0a89,9
280c1289,9
280c400f,9
280c408b,9
280c408d,9
280c420b,9
280c420d,9
280c4289,9
280c4889,9
280c500b,9
280c500d,9
280c5089,9
280c5209,9
280c8289,9
280c9209,9
280cc089,9
280cc209,9
280cd009,9
280d0289,9
280d1209,9
280d4209,9
280e000f,9
280e001b,9
280e001d,9
280e002d,9
280e004d,9
280e0089,8
280e008b,9
280e008d,9
280e0099,9
280e00a9,9
280e00c9,9
280e0189,9
280e0209,8
280e020b,9
280e020d,9
280e0219,9
280e0229,9
280e0249,9
280e0285,9
280e0289,9
280e028c,9
280e0309,9
280e0416,9
280e0809,8
280e080b,9
280e080d,9
280e0819,9
280e0829,9
280e0849,9
280e0889,9
280e088c,9
280e0909,9
280e0a09,9
280e0a81,9
280e0a88,9
280e1009,8
280e108c,9
280e1281,9
280e1288,9
280e180c,9
280e1888,9
280e4007,9
280e4009,8
280e400b,9
280e400d,9
280e4019,9
280e4029,9
280e4049,9
280e4083,9
280e4085,9
280e4089,9
280e408c,9
280e4109,9
280e4209,9
280e420c,9
280e4281,9
280e4288,9
280e4809,9
280e480c,9
280e4881,9
280e4888,9
280e4a08,9
280e5005,9
280e500c,9
280e5081,9
280e5084,9
280e5088,9
280e5208,9
280e5808,9
280e800b,9
280e800d,9
280e8019,9
280e8049,9
280e8089,9
280e8109,9
280e8209,9
280e8281,9
280e8288,9
280e8809,9
280e8888,9
280ec009,9
280ec00c,9
280ec081,9
280ec088,9
280f000b,9
280f000d,9
280f0089,9
280f0209,9
280f0281,9
280f0809,9
280f4009,9
280f8009,9
28108325,9
28109125,9
28128125,9
28128483,9
28128491,9
281284c1,9
28128581,9
28128603,9
28128605,9
28128611,9
28128641,9
28128701,9
28128c81,9
28128e01,9
28130603,9
28130c81,9
28138481,9
28138601,9
28138640,9
28138881,9
28138c80,9
28160096,9
28160416,9
28160483,9
28160c81,9
28168016,9
28168083,9
28168403,9
28168405,9
28168406,9
28168441,9
28168480,8
28168481,9
28168482,9
28168484,9
28168490,9
281684a0,9
281684c0,9
28168501,9
28168580,9
28168601,9
28168640,9
28168881,9
28168c01,9
28168c80,9
28170481,9
28170601,9
28170c80,9
28178081,9
28178201,9
28178401,9
28178480,9
28178600,9
281a0096,9
281a0216,9
281a0292,9
281a0816,9
281b0a80,9
281e0016,9
281e0092,9
28214609,9
28220289,8
2822028b,9
2822028d,9
28220299,9
282202a9,9
282202c9,9
28220389,9
2822048b,9
2822048d,9
28220589,9
2822060b,9
2822088b,9
28220989,9
28220a89,9
28220a8a,9
28220c89,9
28220c8a,9
28220e09,9
28222089,8
2822208b,9
2822208d,9
2822208e,9
28222096,9
28222099,9
2822209a,9
282220a9,9
282220ac,9
282220c9,9
282220ca,9
28222189,9
28222888,8
28222889,9
2822288a,9
2822288c,9
28222898,9
282228a8,9
282228c8,9
28222988,9
28222a09,9
2822408b,9
2822408d,9
28224099,9
282240a9,9
282240c9,9
28224189,9
2822420b,9
2822420d,9
28224219,9
28224283,9
28224285,9
28224289,9
2822428a,9
28224291,9
28224292,9
28224298,9
28224381,9
2822440b,9
2822440d,9
28224449,9
28224489,9
2822448a,9
282244a8,9
28224509,9
28224609,9
28224889,9
2822488a,9
2822488c,9
28224898,9
282248c8,9
28224a09,9
28224a81,9
28224a88,9
28224c09,9
28224c0c,9
28224e08,9
28228189,9
28228289,9
28228449,9
28228889,9
28228a88,9
2822a089,9
2822a08a,9
2822a888,9
2822c089,9
2822c209,9
2822c888,9
2823020b,9
28230283,9
28230289,9
28230609,9
2823060a,9
28230889,9
28230a09,9
28230a88,9
28230e08,9
28232089,9
2823208a,9
28232888,9
28234089,9
28234209,9
28234409,9
28234608,9
28234888,9
28234c08,9
28238209,9
2823a088,9
28262409,9
28264809,9
28266009,9
28266808,9
28278600,9
282a001b,9
282a0a81,9
282a0a88,9
282a4083,9
282a4085,9
282a4281,9
282a8281,9
282ac081,9
282e0281,9
282e4081,9
28320416,9
28320524,9
28328124,9
28328406,9
28328412,9
28328442,9
28328444,9
28328450,9
28328520,9
28328540,9
28328c40,9
28328d00,9
28338402,9
28338404,9
28338410,9
28338440,9
28338500,9
28338c00,9
28360016,9
28360406,9
28360442,9
28360c40,9
28368400,8
28368402,9
28368404,9
28368410,9
28368420,9
28368440,9
28368500,9
28368c00,9
28370402,9
28370440,9
28370500,9
28378400,9
28410a89,9
28412889,9
28414609,9
2841a881,9
2841a888,9
28420a89,9
28420c89,9
28422087,9
28422089,8
2842208a,8
2842208b,9
2842208d,9
2842208e,9
28422093,9
28422096,9
28422099,9
2842209a,9
2842209c,9
284220a9,9
284220aa,9
284220ac,9
284220c9,9
284220ca,9
284220cc,9
284220d8,9
28422189,9
2842218a,9
284221a4,9
28422881,8
28422883,9
28422885,9
28422886,9
28422888,8
28422889,9
2842288a,9
2842288c,9
28422891,9
28422892,9
28422894,9
28422898,9
284228a1,9
284228a4,9
284228a8,9
284228c1,9
284228c2,9
284228c4,9
284228c8,9
284228d0,9
28422981,9
28422988,9
28422c09,9
28424289,9
28424489,9
28424609,9
28424889,9
2842488c,9
28424a09,9
28424a81,9
28424a88,9
28424c09,9
28424c88,9
28425881,9
28426809,9
2842680a,9
2842680c,9
28426818,9
28426828,9
28426848,9
28428289,9
28428889,9
28428a09,9
28428a81,9
28428a88,9
2842a083,9
2842a085,9
2842a088,8
2842a089,9
2842a08a,9
2842a08c,9
2842a092,9
2842a098,9
2842a0a8,9
2842a0c8,9
2842a188,9
2842a809,9
2842a880,8
2842a881,9
2842a882,9
2842a884,9
2842a888,9
2842a890,9
2842a8a0,9
2842a8c0,9
2842a980,9
2842ac08,9
2842c089,9
2842c209,9
2842c281,9
2842c809,9
2842c881,9
2842c888,9
2842e009,9
2842e808,9
28430289,9
28430609,9
28430641,9
28430889,9
28430a09,9
28430a81,9
28430a88,9
28430e01,9
28432083,9
28432085,9
28432086,9
28432088,8
28432089,9
2843208a,9
2843208c,9
28432091,9
28432092,9
28432098,9
284320a8,9
284320c8,9
28432188,9
28432809,9
28432880,8
28432881,9
28432882,9
28432884,9
28432888,9
28432890,9
284328a0,9
284328c0,9
28432980,9
28432c08,9
28434089,9
28434209,9
28434281,9
28434288,9
28434409,9
28434608,9
28434809,9
28434881,9
28434888,9
28434a08,9
28436009,9
28436808,9
28438209,9
28438601,9
28438640,9
28438888,9
28438e00,9
2843a081,9
2843a082,9
2843a084,9
2843a088,9
2843a880,9
28460889,9
28460a81,9
28460a88,9
28462809,9
28464085,9
28464281,9
28464881,9
28465280,9
28468888,9
2846a808,9
28470601,9
28470602,9
28470604,9
28470640,9
28470888,9
28470e00,9
28472808,9
28474081,9
28474201,9
28478201,9
28478401,9
28478600,9
28480a89,9
28490289,9
28490a09,9
284a0a81,9
284a0a88,9
284a1281,9
284a4085,9
284a408c,9
284a4281,9
284a4288,9
284a4881,9
284a5081,9
284b0281,9
284b0888,9
284b4201,9
284c0289,9
284d0209,9
284e0281,9
284e0288,9
284e0881,9
284e0888,9
284e4081,9
284e4201,9
28501017,9
28501807,9
28501813,9
28501883,9
28501885,9
28501891,9
285018c1,9
28508125,9
28508c41,9
28509803,9
28509805,9
28509811,9
28509841,9
28509881,9
28509901,9
28510883,9
28510885,9
28510891,9
28511007,9
28511083,9
28511803,9
28511805,9
28511881,9
28518881,9
28518c01,9
28519003,9
28519081,9
28519801,9
28520407,9
28520c03,9
28520c05,9
28520c11,9
28520c41,9
28528121,9
28528401,8
28528403,9
28528405,9
28528411,9
28528421,9
28528441,9
28528501,9
28528803,9
28528805,9
28528811,9
28528841,9
28528901,9
28528c01,9
28528c40,9
28530401,8
28530403,9
28530405,9
28530411,9
28530421,9
28530441,9
28530501,9
28530c01,9
28538003,9
28538011,9
28538101,9
28538401,9
28538402,9
28538410,9
28538440,9
28538500,9
28538801,9
28538c00,9
28548403,9
28548441,9
28548501,9
28548803,9
28548805,9
28548901,9
28548c01,9
28550c01,9
28558101,9
28558401,9
28558801,9
28560007,9
28560016,9
28560401,8
28560403,9
28560405,9
28560411,9
28560421,9
28560441,9
28560501,9
28560803,9
28560805,9
28560c01,9
28568001,8
28568003,9
28568005,9
28568011,9
28568021,9
28568041,9
28568101,9
28568401,9
28568402,9
28568404,9
28568410,9
28568440,9
28568500,9
28568801,9
28568c00,9
28570003,9
28570005,9
28570011,9
28570401,9
28570402,9
28570404,9
28570410,9
28570801,9
28570c00,9
28578001,9
28578400,9
28578800,9
28610609,9
28614608,9
28620289,9
28620489,9
28620609,9
28620889,9
28620c09,9
28620c88,9
28622082,8
28622085,9
28622086,9
28622088,8
286220a2,9
286220a4,9
286220a8,9
286220c2,9
286220c4,9
28622181,9
28622182,9
28622188,9
28622409,9
2862240c,9
28622809,9
2862280a,9
28622880,8
28622881,9
28622882,9
28622884,9
286228a0,9
286228c0,9
28622980,9
28622c08,9
28624089,9
28624209,9
28624281,9
28624288,9
28624409,9
28624488,9
28624608,9
28624809,9
28624888,9
28624c08,9
28626009,9
2862600a,9
2862600c,9
28626048,9
28626808,9
28628888,9
28628c08,9
2862a808,9
28630209,9
28630281,9
28630409,9
28630608,9
28630c08,9
28632081,9
28632082,9
28632084,9
28632088,9
28632090,9
286320c0,9
28632180,9
28632808,9
28632880,9
28634208,9
28634408,9
28662009,9
28662808,9
28668440,9
28670440,9
28678400,9
2880101f,9
2880424b,9
2880504b,9
288050c9,9
28805249,9
2880c125,9
2880c129,9
2880c149,9
2880c249,9
2880c289,9
2880d049,9
2880d209,9
28814249,9
2881c109,9
2882028b,9
2882028d,9
28820299,9
288202c9,9
28820389,9
28820649,9
288208c9,9
28820a49,9
28820a89,9
28820e09,9
2882208b,9
2882208d,9
28822099,9
288220c9,9
28822189,9
28822249,9
288222c1,9
28822889,9
2882288a,9
288228c8,9
28822a09,9
28822a81,9
2882400f,9
2882401b,9
2882402b,9
2882402d,9
28824049,8
2882404b,9
2882404d,9
28824059,9
28824069,9
28824087,9
28824089,8
2882408b,9
2882408d,9
28824099,9
288240a9,9
288240c9,9
2882410b,9
2882410d,9
28824129,9
28824149,9
28824189,9
28824209,8
2882420b,9
2882420d,9
28824216,9
28824219,9
28824229,9
28824243,9
28824249,9
2882424a,9
28824252,9
28824258,9
28824283,9
28824289,9
288242c1,9
288242c8,9
28824309,9
28824348,9
28824409,8
2882440b,9
2882440d,9
2882440e,9
28824419,9
28824429,9
28824509,9
28824609,9
2882460a,9
2882460c,9
28824708,9
28824809,8
2882480b,9
2882480d,9
28824819,9
28824829,9
28824849,9
28824889,9
2882488a,9
2882488c,9
28824898,9
288248a8,9
288248c8,9
28824909,9
28824a09,9
28824a48,9
28824a81,9
28824a88,9
28824c09,9
28824c0a,9
28824c0c,9
28824e08,9
28825007,9
28825009,8
28825019,9
28825043,9
2882504c,9
28825083,9
28825085,9
2882508c,9
288250c1,9
288250c8,9
28825203,9
28825241,9
28825248,9
28825281,9
28825288,9
288252c0,9
2882580c,9
28825848,9
28825888,9
28825a08,9
2882600b,9
2882600d,9
28826029,9
2882602c,9
28826049,9
2882604a,9
2882604c,9
28826068,9
28826109,9
28826148,9
28826809,9
2882680c,9
28826828,9
28826848,9
288280c9,9
28828249,9
28828289,9
28828889,9
2882a089,9
2882a281,9
2882a888,9
2882c009,8
2882c00b,9
2882c00d,9
2882c019,9
2882c029,9
2882c049,9
2882c089,9
2882c0c1,9
2882c0c8,9
2882c109,9
2882c148,9
2882c181,9
2882c209,9
2882c241,9
2882c248,9
2882c281,9
2882c288,9
2882c2c0,9
2882c301,9
2882c809,9
2882c848,9
2882c888,9
2882d003,9
2882d00c,9
2882d041,9
2882d048,9
2882d081,9
2882d088,9
2882d201,9
2882d208,9
2882d240,9
2882d280,9
2882d808,9
28830249,9
28830289,9
28830609,9
28832089,9
28832281,9
28832888,9
2883400b,9
2883400d,9
28834019,9
28834029,9
28834049,9
28834089,9
28834109,9
28834203,9
28834209,9
2883420a,9
28834241,9
28834242,9
28834248,9
28834250,9
28834281,9
28834409,9
2883440a,9
2883440c,9
28834441,9
28834442,9
28834508,9
28834601,9
28834602,9
28834604,9
28834608,9
28834809,9
28834a08,9
28834c08,9
28838209,9
28838601,9
2883c009,9
2883c048,9
2883c108,9
288440c9,9
28844249,9
28844289,9
2884500b,9
28845049,9
28845089,9
28845209,9
2884c049,9
2884c089,9
2884c109,9
2884c124,9
2884c209,9
2884d009,9
2884d048,9
2886008b,9
2886008d,9
288600c9,9
28860189,9
28860249,9
28860289,9
28860889,9
28860a09,9
28864009,8
2886400b,9
2886400d,9
28864019,9
28864029,9
28864049,9
2886404c,9
28864068,9
28864083,9
28864085,9
28864089,9
2886408a,9
2886408c,9
288640a1,9
288640a8,9
288640c1,9
288640c8,9
28864109,9
28864148,9
28864181,9
28864188,9
28864209,9
28864241,9
28864248,9
28864281,9
28864288,9
288642c0,9
28864809,9
2886480c,9
28864848,9
28864881,9
28864888,9
28864908,9
28864a08,9
28865003,9
2886500a,9
2886500c,9
28865028,9
28865041,9
28865048,9
28865081,9
28865088,9
288650c0,9
28865108,9
28865201,9
28865208,9
28865280,9
28865808,9
28868049,9
28868089,9
28868109,9
28868209,9
2886c003,9
2886c009,9
2886c00c,9
2886c028,9
2886c041,9
2886c048,9
2886c081,9
2886c088,9
2886c0c0,9
2886c101,9
2886c108,9
2886c180,9
2886c201,9
2886c208,9
2886c240,9
2886c280,9
2886c808,9
2886d001,9
2886d008,9
2886d040,9
2886d080,9
28870089,9
28870209,9
28874009,9
28874088,9
288840c9,9
2888420b,9
2888420d,9
28884249,9
28884289,9
2888500b,9
28885049,9
28885209,9
2888c049,9
2888c209,9
2888c281,9
28894209,9
288a000f,9
288a008b,9
288a008d,9
288a00c9,9
288a0209,8
288a020b,9
288a020d,9
288a0219,9
288a0229,9
288a0249,9
288a0289,9
288a0309,9
288a0889,9
288a0a09,9
288a0a88,9
288a4009,8
288a400b,9
288a400d,9
288a4019,9
288a4029,9
288a4049,9
288a404c,9
288a4083,9
288a4085,9
288a4089,9
288a408c,9
288a40c1,9
288a40c8,9
288a4109,9
288a4203,9
288a4205,9
288a4209,9
288a420c,9
288a4241,9
288a4248,9
288a4281,9
288a4288,9
288a42c0,9
288a4809,9
288a480c,9
288a4888,9
288a4a08,9
288a500c,9
288a5048,9
288a5081,9
288a5088,9
288a5201,9
288a5208,9
288a5240,9
288a5280,9
288a8089,9
288a8209,9
288a8809,9
288ac009,9
288ac081,9
288ac088,9
288ac201,9
288ac208,9
288ac280,9
288b0089,9
288b0209,9
288b4009,9
288b4208,9
288c0289,9
288c400b,9
288c4049,9
288c4089,9
288c4209,9
288c5009,9
288cc009,9
288e000b,9
288e000d,9
288e0049,9
288e0089,9
288e0209,9
288e0281,9
288e0288,9
288e0809,9
288e0888,9
288e4009,9
288e400c,9
288e4048,9
288e4081,9
288e4088,9
288e4201,9
288e4208,9
288e4280,9
288e4808,9
288e5008,9
288e8009,9
288ec008,9
288f0009,9
2890812c,9
28928403,9
28928441,9
28928501,9
28928c01,9
28930403,9
28938401,9
28938402,9
28960403,9
28960406,9
28968401,9
28968402,9
28968404,9
28968440,9
28968500,9
28970401,9
28978400,9
289a0a80,9
28a04149,9
28a04249,9
28a0440b,9
28a0440e,9
28a14242,9
28a14409,9
28a1440a,9
28a14508,9
28a2008b,9
28a2020b,9
28a20249,9
28a20283,9
28a20289,9
28a2028a,9
28a2040b,9
28a20449,9
28a20609,9
28a2060a,9
28a20889,9
28a20c09,9
28a20c0a,9
28a22409,9
28a2240a,9
28a22c08,9
28a2400b,9
28a2400d,9
28a24016,9
28a24019,9
28a24029,9
28a24049,9
28a2404a,9
28a2404c,9
28a24068,9
28a24083,9
28a24089,9
28a2408a,9
28a24109,9
28a24148,9
28a24203,9
28a24209,9
28a2420a,9
28a24212,9
28a24241,9
28a24242,9
28a24248,9
28a24281,9
28a24406,9
28a24408,8
28a24409,9
28a2440a,9
28a2440c,9
28a24412,9
28a24418,9
28a24428,9
28a24508,9
28a24540,9
28a24601,9
28a24602,9
28a24608,9
28a24809,9
28a24848,9
28a24888,9
28a24908,9
28a24c08,9
28a26024,9
28a28409,9
28a28448,9
28a30409,9
28a30608,9
28a34009,9
28a34202,9
28a34208,9
28a34240,9
28a34402,9
28a34408,9
28a34440,9
28a34600,9
28a60409,9
28aa4240,9
28c0d240,9
28c20289,9
28c20889,9
28c22809,9
28c22c08,9
28c2400b,9
28c24049,9
28c240c1,9
28c240c8,9
28c24209,9
28c24241,9
28c24248,9
28c24281,9
28c24288,9
28c242c0,9
28c24409,9
28c24809,9
28c24848,9
28c24881,9
28c24888,9
28c24c08,9
28c28601,9
28c2c081,9
28c2c240,9
28c30209,9
28c30601,9
28c30602,9
28c30640,9
28c34009,9
28c34048,9
28c34201,9
28c34202,9
28c34208,9
28c34240,9
28c34408,9
28c38600,9
28c44148,9
28c44848,9
28c45041,9
28c45044,9
28c450c0,9
28c45140,9
28c45240,9
28c4c041,9
28c4c048,9
28c4c0c0,9
28c4c101,9
28c4c108,9
28c4c120,9
28c4c140,9
28c4c240,9
28c4c801,9
28c4c840,9
28c4d040,9
28c4d100,9
28c4d800,9
28c54240,9
28c64048,9
28c64081,9
28c640c0,9
28c64201,9
28c64240,9
28c64280,9
28c64801,9
28c65080,9
28c6c040,9
28c6c080,9
28c6c200,9
28c70600,9
28c90209,9
28c94240,9
28c95200,9
28c9c200,9
28ca4048,9
28ca4081,9
28ca4088,9
28ca4201,9
28ca4240,9
28ca4280,9
28cb4200,9
28cc4048,9
28cc4240,9
28cd4200,9
28d01007,9
28d01013,9
28d01043,9
28d01083,9
28d01803,9
28d01881,9
28d08403,9
28d08441,9
28d08c01,9
28d09003,9
28d09801,9
28d10881,9
28d11003,9
28d11801,9
28d18401,9
28d19001,9
28d20403,9
28d20405,9
28d20411,9
28d20441,9
28d20501,9
28d20c01,9
28d28003,9
28d28401,9
28d28402,9
28d28440,9
28d28801,9
28d28c00,9
28d30401,9
28d30402,9
28d30440,9
28d30c00,9
28d38001,9
28d38400,9
28d48401,9
28d48801,9
28d50401,9
28d58400,9
28d60401,9
28d60402,9
28d60440,9
28d60801,9
28d60c00,9
28d68001,9
28d68400,9
28d70001,9
28d70400,9
28e14042,9
28e14202,9
28e14408,9
28e20409,9
28e20448,9
28e20c08,9
28e24009,9
28e24048,9
28e24408,9
28e28440,9
28e30402,9
28e30408,9
28e30440,9
28e34200,9
28e60440,9
28e70400,9
29001a89,9
2900401f,9
29004a89,9
2900500f,9
29005087,9
2900520d,9
2900580d,9
29005885,9
29005889,9
29008a89,9
29009889,9
2900c289,9
2900c889,9
2900d00d,9
2902001f,9
2902008f,9
2902009b,9
2902020f,9
2902021b,9
29020289,8
2902028b,9
2902028d,9
29020299,9
290202a9,9
290202c9,9
29020389,9
29020889,8
2902088b,9
2902088d,9
29020899,9
290208a9,9
290208c9,9
29020989,9
29020a09,8
29020a0b,9
29020a0d,9
29020a19,9
29020a29,9
29020a49,9
29020a89,9
29020b09,9
29021283,9
29021285,9
2902188a,9
29021898,9
29021a81,9
2902400d,8
2902400f,9
2902401b,9
2902401d,9
2902402d,9
2902404b,9
2902404d,9
29024087,9
29024089,8
2902408b,9
2902408d,9
29024099,9
290240a9,9
290240c9,9
2902410d,9
29024189,9
29024209,8
2902420b,9
2902420d,9
29024219,9
29024229,9
29024249,9
29024283,9
29024285,9
29024289,9
2902428c,9
29024291,9
290242c1,9
29024309,9
29024809,8
2902480b,9
2902480d,9
29024819,9
29024829,9
29024849,9
29024885,9
29024889,9
2902488c,9
29024898,9
290248c8,9
29024909,9
29024a09,9
29024a81,9
29024a88,9
29025007,9
29025081,8
29025083,9
29025085,9
29025091,9
290250a1,9
290250c1,9
29025181,9
29025203,9
29025205,9
29025281,9
29025284,9
29025805,9
29025881,9
29025884,9
29025a80,9
2902808b,9
2902808d,9
29028189,9
29028209,8
2902820b,9
2902820d,9
29028309,9
29028889,9
2902888a,9
2902888c,9
29028a81,9
29028a88,9
29029085,9
29029281,9
29029881,9
2902a809,9
2902c00d,9
2902c083,9
2902c085,9
2902c08c,9
2902c109,9
2902c281,9
2902c809,9
2902c80c,9
2902c881,9
2902c888,9
2902d003,9
2902d005,9
2902d081,9
2902d084,9
2902d201,9
2902d280,9
2903020b,9
2903020d,9
29030289,9
29030889,9
29030a09,9
29031281,9
29031888,9
2903400b,9
2903400d,9
29034089,9
29034209,9
29034281,9
29034809,9
29034888,9
29035081,9
29038089,9
29038209,9
29038888,9
2903c009,9
29040a89,9
29041889,9
2904408b,9
2904408d,9
29044289,9
2904480d,9
29044889,9
2904500b,9
2904500d,9
29045019,9
29045085,9
29045209,9
29045809,9
29045881,9
29045884,9
29045888,9
29048289,9
29048889,9
29049209,9
29049809,9
2904c00d,9
2904c089,9
2904c209,9
2904c809,9
2904d009,9
2904d081,9
2904d088,9
2906000f,9
2906001b,9
29060089,8
2906008b,9
2906008d,9
29060099,9
290600a9,9
290600c9,9
29060189,9
29060209,8
2906020b,9
2906020d,9
29060219,9
29060229,9
29060249,9
29060289,9
29060309,9
29060809,8
2906080b,9
2906080d,9
29060819,9
29060829,9
29060889,9
2906088c,9
29060909,9
29060a09,9
29060a81,9
29060a88,9
29061083,9
29061085,9
29061281,9
29061881,9
29062809,9
29064009,8
2906400d,9
29064019,9
29064083,9
29064085,9
2906408c,9
29064091,9
29064098,9
290640a1,9
290640c1,9
29064209,9
29064281,9
29064288,9
29064809,9
2906480c,9
29064881,9
29064888,9
29064a08,9
29065003,9
29065005,9
29065081,9
29065084,9
29065201,9
29065280,9
29065801,9
29065880,9
29068281,9
29068288,9
29068809,9
29068881,9
29068888,9
29069081,9
29069808,9
2906a009,9
2906c081,9
2906c088,9
2906c201,9
2906d001,9
2906d080,9
29070089,9
29070209,9
29070809,9
29070888,9
29074009,9
2908001f,9
2908020f,9
2908028b,9
2908028d,9
2908088b,9
2908088d,9
29080a89,9
2908100f,9
2908101b,9
2908108b,9
2908108d,9
2908120b,9
2908120d,9
29081289,9
2908180b,9
2908180d,9
29081889,9
29081a09,9
29081a81,9
2908400f,9
2908401b,9
29084087,9
2908408b,9
2908408d,9
29084099,9
290840c9,9
2908420b,9
2908420d,9
29084289,9
2908480b,9
2908480d,9
29084885,9
29084889,9
29084a09,9
29084a81,9
29085007,9
2908500b,9
2908500d,9
2908500e,9
29085083,9
29085085,9
29085086,9
29085089,9
2908508c,9
29085209,9
2908520c,9
29085281,9
29085284,9
29085806,9
29085809,9
2908580c,9
29085881,9
29085884,9
29085888,9
29085a80,9
2908820b,9
2908820d,9
29088289,9
29088889,9
29088a09,9
2908900b,9
2908900d,9
29089089,9
29089209,9
2908c00b,9
2908c00d,9
2908c089,9
2908c209,9
2908c281,9
2908c809,9
2908d009,9
2908d081,9
2909020b,9
29090289,9
29090889,9
29090a09,9
29091089,9
29091209,9
29094089,9
29094209,9
29095009,9
29098209,9
290a000f,9
290a001b,9
290a001d,9
290a001e,9
290a002d,9
290a004b,9
290a004d,9
290a0089,8
290a008b,9
290a008d,9
290a0099,9
290a00a9,9
290a00c9,9
290a0189,9
290a0209,8
290a020b,9
290a020d,9
290a0219,9
290a0229,9
290a0249,9
290a0283,9
290a0285,9
290a0289,9
290a028a,9
290a028c,9
290a0309,9
290a0809,8
290a080b,9
290a080d,9
290a080e,9
290a0819,9
290a0829,9
290a0849,9
290a0889,9
290a088a,9
290a088c,9
290a0909,9
290a0a09,9
290a0a0c,9
290a0a81,9
290a0a88,9
290a1007,9
290a100e,9
290a1016,9
290a1083,9
290a1085,9
290a1205,9
290a1281,9
290a1284,9
290a180a,9
290a180c,9
290a1881,9
290a1a80,9
290a4007,9
290a4009,8
290a400b,9
290a400d,9
290a400e,9
290a4016,9
290a4019,9
290a4029,9
290a4049,9
290a4083,9
290a4085,9
290a4089,9
290a408a,9
290a408c,9
290a4091,9
290a4109,9
290a4203,9
290a4205,9
290a4209,9
290a420c,9
290a4281,9
290a4284,9
290a4288,9
290a4805,9
290a4809,9
290a480a,9
290a480c,9
290a4881,9
290a4884,9
290a4888,9
290a4a08,9
290a4a80,9
290a5003,9
290a5005,9
290a5006,9
290a5081,9
290a5084,9
290a5201,9
290a5204,9
290a5280,9
290a5804,9
290a5880,9
290a8281,9
290a8288,9
290a8888,9
290a9081,9
290a9201,9
290a9280,9
290a9808,9
290ac005,9
290ac00c,9
290ac081,9
290ac088,9
290ac201,9
290ac208,9
290ac280,9
290ac808,9
290ad001,9
290ad004,9
290ad080,9
290b000b,9
290b000d,9
290b0089,9
290b0209,9
290b0281,9
290b0288,9
290b0809,9
290b0888,9
290b4009,9
290c000f,9
290c001b,9
290c008b,9
290c008d,9
290c020b,9
290c020d,9
290c0289,9
290c080b,9
290c080d,9
290c0889,9
290c0a09,9
290c0a81,9
290c100b,9
290c100d,9
290c1209,9
290c1809,9
290c4007,9
290c400b,9
290c400d,9
290c4019,9
290c4049,9
290c4083,9
290c4085,9
290c4089,9
290c4209,9
290c4281,9
290c4809,9
290c480c,9
290c4881,9
290c4884,9
290c4888,9
290c5003,9
290c5005,9
290c5006,9
290c5009,9
290c500c,9
290c5081,9
290c5084,9
290c5088,9
290c5204,9
290c5804,9
290c5880,9
290c800b,9
290c800d,9
290c8089,9
290c8209,9
290c8809,9
290c9009,9
290cc009,9
290cc081,9
290cd004,9
290d0089,9
290d0209,9
290d1009,9
290d4009,9
290e0009,8
290e000b,9
290e000d,9
290e0019,9
290e0029,9
290e0049,9
290e0083,9
290e0085,9
290e0089,9
290e008a,9
290e008c,9
290e0109,9
290e0209,9
290e020c,9
290e0281,9
290e0284,9
290e0288,9
290e0809,9
290e080a,9
290e080c,9
290e0881,9
290e0888,9
290e0a08,9
290e0a80,9
290e1005,9
290e1081,9
290e1084,9
290e1201,9
290e1280,9
290e4003,9
290e4005,9
290e400a,9
290e400c,9
290e4081,9
290e4084,9
290e4088,9
290e4201,9
290e4208,9
290e4280,9
290e4808,9
290e4880,9
290e5001,9
290e5004,9
290e5080,9
290e800c,9
290e8081,9
290e8088,9
290e8201,9
290e8808,9
290ec001,9
290ec008,9
290ec080,9
290f0009,9
29222809,9
29224083,9
29224881,9
29228809,9
29260809,9
29268009,9
292a0083,9
292a0281,9
292a4003,9
292a4084,9
292a4280,9
29401885,9
29401a81,9
29404885,9
29404a81,9
29405083,9
29405085,9
29405091,9
29405803,9
29405805,9
29405881,9
29405884,9
29405a80,9
29408a81,9
29409881,9
2940c881,9
2940d084,9
2940d880,9
29410889,9
29410a81,9
29415280,9
29420885,9
29420a81,9
2942200d,9
29422016,9
29422809,9
2942280a,9
2942280c,9
29422818,9
29422848,9
29424007,9
29424081,8
29424083,9
29424085,9
29424091,9
294240a1,9
29424181,9
29424281,9
29424284,9
29424881,9
29424884,9
29424a80,9
29428809,9
29428881,9
2942a009,9
2942a801,9
2942a808,9
2942c880,9
29430281,9
29430809,9
29430881,9
29432009,9
29432808,9
29434081,9
29434201,9
29434280,9
29440a81,9
29441881,9
29444085,9
29444281,9
29444805,9
29444881,9
29444884,9
29445014,9
29445084,9
29445090,9
29445804,9
29445810,9
29445880,9
29448881,9
29449880,9
2944c081,9
2944c804,9
2944c880,9
29460085,9
29460281,9
29460809,9
29460881,9
29460a80,9
29462804,9
29464084,9
29464090,9
29464880,9
29468280,9
29468880,9
2946a800,9
29470081,9
29474080,9
2948001b,9
29480a81,9
29481281,9
29481881,9
29481a80,9
29484007,9
29484083,9
29484085,9
29484281,9
29484805,9
29484881,9
29484884,9
29484a80,9
29485003,9
29485005,9
29485006,9
29485081,9
29485082,9
29485084,9
29485201,9
29485204,9
29485280,9
29485801,9
29485802,9
29485804,9
29485880,9
29485a00,9
29488881,9
29488888,9
29489880,9
2948c081,9
2948c801,9
2948c804,9
2948c880,9
2948d004,9
2948d080,9
2948d800,9
29490089,9
29494201,9
29494204,9
29494280,9
29495004,9
29495200,9
294a0083,9
294a0085,9
294a0281,9
294a0284,9
294a0881,9
294a0a01,9
294a0a80,9
294a1084,9
294a1880,9
294a4003,9
294a4005,9
294a4081,9
294a4084,9
294a4201,9
294a4204,9
294a4280,9
294a4801,9
294a4804,9
294a4880,9
294a4a00,9
294a8880,9
294ac080,9
294b0201,9
294b0280,9
294b4200,9
294c0281,9
294c0881,9
294c0888,9
294c0a80,9
294c1081,9
294c1084,9
294c1801,9
294c1804,9
294c1880,9
294c4003,9
294c4005,9
294c4006,9
294c4081,9
294c4084,9
294c4201,9
294c4204,9
294c4280,9
294c4801,9
294c4804,9
294c4880,9
294c4a00,9
294c5002,9
294c5004,9
294c5010,9
294c5080,9
294c5800,9
294c8081,9
294c8801,9
294c8880,9
294c9800,9
294cc001,9
294cc004,9
294cc080,9
294cc800,9
294d4200,9
294e0005,9
294e0081,9
294e0084,9
294e0201,9
294e0280,9
294e0801,9
294e0880,9
294e4004,9
294e4080,9
294e4800,9
294e8080,9
29620809,9
2980404b,9
2980404d,9
29804069,9
298040c9,9
29804149,9
29804249,9
29804289,9
29804849,9
29805007,9
2980500b,9
2980500d,9
29805043,9
29805045,9
29805046,9
29805049,9
2980504a,9
2980504c,9
29805064,9
29805083,9
298050c1,9
298050c2,9
298050c4,9
298050c8,9
29805209,9
29805241,9
29805242,9
29805244,9
29805248,9
298052c0,9
29805844,9
29805848,9
298058c0,9
2980c00b,9
2980c043,9
2980c049,9
2980c04c,9
2980c089,9
2980c0c1,9
2980c0c4,9
2980c0c8,9
2980c109,9
2980c141,9
2980c209,9
2980c241,9
2980c244,9
2980c248,9
2980c281,9
2980c2c0,9
2980c844,9
2980c848,9
2980c8c0,9
2980d003,9
2980d005,9
2980d006,9
2980d009,9
2980d00c,9
2980d041,9
2980d042,9
2980d044,9
2980d048,9
2980d050,9
2980d060,9
2980d081,9
2980d084,9
2980d088,9
2980d0c0,9
2980d140,9
2980d201,9
2980d204,9
2980d240,9
2980d280,9
2980d804,9
2980d840,9
2980d880,9
2982008b,9
2982008d,9
298200c9,9
2982020b,9
29820249,9
29820289,9
2982080b,9
29820849,9
29820889,9
29820a09,9
29821281,9
29821888,9
29824009,8
2982400b,9
2982400d,9
29824019,9
29824029,9
29824043,9
29824045,9
29824049,9
2982404a,9
2982404c,9
29824061,9
29824068,9
29824083,9
29824085,9
29824089,9
2982408c,9
298240a1,9
298240c1,9
298240c4,9
298240c8,9
29824109,9
29824141,9
29824148,9
29824209,9
29824241,9
29824244,9
29824248,9
29824281,9
29824288,9
298242c0,9
29824809,9
2982480c,9
29824841,9
29824848,9
29824881,9
29824888,9
298248c0,9
29824a08,9
29824a40,9
29825003,9
29825005,9
29825041,9
29825042,9
29825044,9
29825081,9
29825084,9
298250c0,9
29825140,9
29825201,9
29825240,9
29825280,9
29825840,9
29825880,9
29828209,9
29828281,9
29828809,9
29828888,9
29829081,9
2982c003,9
2982c005,9
2982c00c,9
2982c041,9
2982c044,9
2982c048,9
2982c081,9
2982c088,9
2982c0c0,9
2982c101,9
2982c201,9
2982c208,9
2982c240,9
2982c280,9
2982c808,9
2982c840,9
2982d001,9
2982d004,9
2982d040,9
2982d080,9
2982d200,9
29830209,9
29834009,9
29834048,9
2984400b,9
2984400d,9
29844029,9
29844043,9
29844049,9
2984404c,9
29844089,9
298440c1,9
298440c4,9
298440c8,9
29844109,9
29844148,9
29844209,9
29844809,9
29844844,9
29844848,9
298448c0,9
29845003,9
29845006,9
29845009,9
2984500c,9
29845041,9
29845042,9
29845044,9
29845048,9
29845060,9
29845081,9
29845084,9
29845088,9
298450c0,9
29845140,9
29845240,9
29845804,9
29845840,9
29845880,9
29848089,9
29849009,9
2984c003,9
2984c005,9
2984c009,9
2984c00c,9
2984c041,9
2984c042,9
2984c044,9
2984c048,9
2984c060,9
2984c081,9
2984c084,9
2984c088,9
2984c0c0,9
2984c101,9
2984c108,9
2984c140,9
2984c180,9
2984c201,9
2984c240,9
2984c804,9
2984c808,9
2984c840,9
2984c880,9
2984d001,9
2984d002,9
2984d004,9
2984d008,9
2984d020,9
2984d040,9
2984d080,9
2984d100,9
2984d200,9
2984d800,9
2986000b,9
2986000d,9
29860049,9
29860089,9
29860209,9
29860809,9
29860888,9
29864003,9
29864005,9
29864009,9
2986400c,9
29864041,9
29864044,9
29864048,9
29864081,9
29864084,9
29864088,9
298640c0,9
29864108,9
29864140,9
29864201,9
29864208,9
29864240,9
29864280,9
29864808,9
29864840,9
29864880,9
29865001,9
29865004,9
29865040,9
29865080,9
29865200,9
29868081,9
29868088,9
29868808,9
2986c001,9
2986c004,9
2986c008,9
2986c040,9
2986c080,9
2986c200,9
2986d000,9
2988020b,9
29880249,9
29880289,9
29881209,9
29884007,9
2988400b,9
2988400d,9
29884043,9
29884046,9
29884049,9
2988404c,9
29884089,9
298840c1,9
298840c4,9
298840c8,9
29884209,9
29884241,9
29884242,9
29884244,9
29884248,9
29884281,9
298842c0,9
29884844,9
29884a40,9
29885003,9
29885006,9
29885009,9
2988500c,9
29885042,9
29885044,9
29885048,9
29885084,9
298850c0,9
29885202,9
29885204,9
29885208,9
29885240,9
29885280,9
29885804,9
29885840,9
29888209,9
2988c009,9
2988c041,9
2988c042,9
2988c044,9
2988c048,9
2988c0c0,9
2988c201,9
2988c204,9
2988c208,9
2988c240,9
2988c280,9
2988d002,9
2988d004,9
2988d008,9
2988d040,9
2988d080,9
2988d200,9
29890209,9
29894240,9
298a000b,9
298a000d,9
298a0049,9
298a0089,9
298a0209,9
298a0281,9
298a0288,9
298a0809,9
298a0888,9
298a0a08,9
298a4003,9
298a4005,9
298a4009,9
298a400c,9
298a4041,9
298a4044,9
298a4048,9
298a4081,9
298a4084,9
298a4088,9
298a40c0,9
298a4201,9
298a4204,9
298a4208,9
298a4240,9
298a4280,9
298a4808,9
298a5004,9
298a5040,9
298a5080,9
298a5200,9
298ac001,9
298ac008,9
298ac040,9
298ac200,9
298b0009,9
298c0089,9
298c0209,9
298c4003,9
298c4006,9
298c4009,9
298c400c,9
298c4041,9
298c4042,9
298c4044,9
298c4048,9
298c4081,9
298c40c0,9
298c4204,9
298c4208,9
298c4240,9
298c4280,9
298c4804,9
298c4840,9
298c5002,9
298c5004,9
298c5008,9
298c5040,9
298c5080,9
298c5200,9
298c8009,9
298cc001,9
298cc004,9
298cc008,9
298cc040,9
298cc080,9
298cc200,9
298cd000,9
298e0009,9
298e0088,9
298e4001,9
298e4004,9
298e4008,9
298e4040,9
298e4080,9
298e4200,9
298ec000,9
29c04043,9
29c04045,9
29c04046,9
29c04061,9
29c04064,9
29c040c1,9
29c040c2,9
29c040c4,9
29c040d0,9
29c040e0,9
29c04144,9
29c041c0,9
29c04242,9
29c04244,9
29c04250,9
29c04260,9
29c042c0,9
29c04340,9
29c04805,9
29c04841,9
29c04842,9
29c04844,9
29c04850,9
29c04860,9
29c04881,9
29c048c0,9
29c04940,9
29c04a40,9
29c05006,9
29c05040,8
29c05082,9
29c05084,9
29c05802,9
29c05804,9
29c05880,9
29c05a00,9
29c0c040,8
29c0c042,9
29c0c044,9
29c0c050,9
29c0c060,9
29c0c081,9
29c0c0c0,9
29c0c280,9
29c0c801,9
29c0c804,9
29c0c840,9
29c0c880,9
29c0c900,9
29c0ca00,9
29c0d010,9
29c0d080,9
29c0d800,9
29c14041,9
29c14044,9
29c140c0,9
29c14240,9
29c14840,9
29c15200,9
29c1c040,9
29c1c200,9
29c1d000,9
29c20809,9
29c20881,9
29c24081,9
29c24084,9
29c24280,9
29c24880,9
29c34200,9
29c44003,9
29c44005,9
29c44040,8
29c44041,9
29c44042,9
29c44044,9
29c44050,9
29c44060,9
29c44081,9
29c44084,9
29c440c0,9
29c44140,9
29c44180,9
29c44240,9
29c44280,9
29c44801,9
29c44804,9
29c44840,9
29c44880,9
29c44900,9
29c44a00,9
29c45010,9
29c45080,9
29c45800,9
29c48880,9
29c49800,9
29c4c002,9
29c4c004,9
29c4c010,9
29c4c020,9
29c4c040,9
29c4c080,9
29c4c100,9
29c4c200,9
29c4c800,9
29c54040,9
29c54200,9
29c55000,9
29c5c000,9
29c68080,9
29c84003,9
29c84006,9
29c84041,9
29c84042,9
29c84044,9
29c84050,9
29c84060,9
29c84081,9
29c840c0,9
29c84140,9
29c84201,9
29c84202,9
29c84204,9
29c84240,9
29c84280,9
29c84804,9
29c84840,9
29c84880,9
29c84a00,9
29c85002,9
29c85004,9
29c85080,9
29c85200,9
29c85800,9
29c8c004,9
29c8c040,9
29c8c080,9
29c8c200,9
29c8c800,9
29c8d000,9
29c94040,9
29c94200,9
29ca4004,9
29ca4080,9
29ca4200,9
29cc4001,9
29cc4002,9
29cc4004,9
29cc4040,9
29cc4080,9
29cc4200,9
29cc4800,9
29cc5000,9
29ccc000,9
2a005289,9
2a00812d,9
2a00a08b,9
2a00a125,9
2a00a129,9
2a00a189,9
2a00a889,9
2a00c889,9
2a01a089,9
2a02001f,9
2a02008f,9
2a02009b,9
2a02020f,9
2a020289,8
2a02028b,9
2a02028d,9
2a020299,9
2a0202a9,9
2a0202c9,9
2a020389,9
2a02080f,9
2a020889,8
2a02088b,9
2a02088d,9
2a020899,9
2a0208a9,9
2a0208c9,9
2a020989,9
2a020a09,8
2a020a19,9
2a020a29,9
2a020a49,9
2a020a89,9
2a020a8a,9
2a020b09,9
2a020c0b,9
2a021a88,9
2a02400b,8
2a02400f,9
2a02401b,9
2a02402b,9
2a02404b,9
2a024089,8
2a02408b,9
2a02408d,9
2a024099,9
2a0240a9,9
2a0240c9,9
2a02410b,9
2a024189,9
2a024209,8
2a02420b,9
2a02420d,9
2a024249,9
2a024283,9
2a024289,9
2a02440b,9
2a024809,8
2a02480d,9
2a024889,9
2a02488a,9
2a02488c,9
2a024898,9
2a0248a8,9
2a024a09,9
2a024a81,9
2a024a88,9
2a024c08,8
2a024c09,9
2a024c28,9
2a025007,9
2a025083,9
2a025085,9
2a025281,9
2a02580a,9
2a025881,9
2a025888,9
2a02808b,9
2a02808d,9
2a028099,9
2a028189,9
2a028289,9
2a028889,9
2a02888a,9
2a02888c,9
2a028898,9
2a028988,9
2a028a81,9
2a028a88,9
2a02a083,9
2a02a181,9
2a02a881,9
2a02c083,9
2a02c085,9
2a02c181,9
2a02c281,9
2a02c881,9
2a02c888,9
2a02d081,9
2a03008b,9
2a03020b,9
2a03020d,9
2a030249,9
2a030289,9
2a030889,9
2a030a09,9
2a032881,9
2a03400b,9
2a03400d,9
2a034089,9
2a034209,9
2a034809,9
2a038089,9
2a03a081,9
2a040a89,9
2a041889,9
2a044889,9
2a04500b,9
2a045089,9
2a045809,9
2a048125,9
2a04a881,9
2a04c089,9
2a04d081,9
2a04d088,9
2a060089,8
2a06008b,9
2a060099,9
2a0600c9,9
2a060209,8
2a06088a,9
2a06088c,9
2a060a81,9
2a060a88,9
2a06108c,9
2a061281,9
2a061288,9
2a061881,9
2a061888,9
2a062083,9
2a062085,9
2a062091,9
2a0620c1,9
2a062881,9
2a062882,9
2a064083,9
2a064085,9
2a06408a,9
2a06408c,9
2a064281,9
2a064288,9
2a06480a,9
2a06480c,9
2a064848,9
2a064881,9
2a064888,9
2a064a08,9
2a065003,9
2a065081,9
2a065084,9
2a065088,9
2a065801,9
2a065880,9
2a068288,9
2a068888,9
2a06a081,9
2a06a082,9
2a06a084,9
2a06a880,9
2a06c081,9
2a06c088,9
2a06c880,9
2a06d080,9
2a070089,9
2a070888,9
2a072081,9
2a072880,9
2a07a080,9
2a08001f,9
2a08020f,9
2a08028b,9
2a080a89,9
2a08100f,9
2a08120b,9
2a081289,9
2a08400f,9
2a08408b,9
2a08408d,9
2a08420b,9
2a084289,9
2a084889,9
2a08500b,9
2a08500d,9
2a085089,9
2a085209,9
2a08c089,9
2a09020b,9
2a090289,9
2a091209,9
2a094209,9
2a0a000f,9
2a0a001b,9
2a0a0089,8
2a0a008b,9
2a0a008d,9
2a0a0099,9
2a0a00a9,9
2a0a00c9,9
2a0a0189,9
2a0a0209,8
2a0a020b,9
2a0a020d,9
2a0a0219,9
2a0a0229,9
2a0a0249,9
2a0a0289,9
2a0a0309,9
2a0a0809,8
2a0a080b,9
2a0a080d,9
2a0a0819,9
2a0a0829,9
2a0a0849,9
2a0a0889,9
2a0a088a,9
2a0a088c,9
2a0a0909,9
2a0a0a09,9
2a0a0a81,9
2a0a0a88,9
2a0a108c,9
2a0a1281,9
2a0a1288,9
2a0a180c,9
2a0a1888,9
2a0a1a08,9
2a0a4007,9
2a0a4009,8
2a0a400b,9
2a0a400d,9
2a0a400e,9
2a0a4019,9
2a0a4029,9
2a0a4049,9
2a0a4083,9
2a0a4085,9
2a0a4089,9
2a0a408c,9
2a0a4109,9
2a0a420c,9
2a0a4281,9
2a0a4288,9
2a0a480a,9
2a0a480c,9
2a0a4881,9
2a0a4888,9
2a0a4a08,9
2a0a5005,9
2a0a5081,9
2a0a5084,9
2a0a5088,9
2a0a5201,9
2a0a8281,9
2a0a8288,9
2a0a8888,9
2a0ac081,9
2a0ac201,9
2a0b000b,9
2a0b000d,9
2a0b0089,9
2a0b0209,9
2a0b0809,9
2a0b4009,9
2a0c000f,9
2a0c008b,9
2a0c020b,9
2a0c0289,9
2a0c080b,9
2a0c0889,9
2a0c0a09,9
2a0c100b,9
2a0c1089,9
2a0c400b,9
2a0c400d,9
2a0c4089,9
2a0c4209,9
2a0c4809,9
2a0c5009,9
2a0d0209,9
2a0e0009,8
2a0e008c,9
2a0e0281,9
2a0e0288,9
2a0e080a,9
2a0e080c,9
2a0e0881,9
2a0e0888,9
2a0e0a08,9
2a0e1088,9
2a0e1808,9
2a0e400c,9
2a0e4081,9
2a0e4088,9
2a0e4208,9
2a0e4808,9
2a0e8081,9
2a0e8088,9
2a0ec001,9
2a108125,9
2a10812c,9
2a128881,9
2a130881,9
2a168880,9
2a200a89,9
2a204889,9
2a204c09,9
2a208189,9
2a208889,9
2a22008b,9
2a220189,9
2a22020b,9
2a220283,9
2a220289,9
2a22028a,9
2a220409,8
2a22040b,9
2a22040d,9
2a220419,9
2a220429,9
2a220509,9
2a220889,9
2a22088a,9
2a220988,9
2a220a09,9
2a220a81,9
2a220a82,9
2a220a88,9
2a220c08,8
2a220c09,9
2a220c0a,9
2a220c18,9
2a220c28,9
2a220d08,9
2a22400b,9
2a224083,9
2a224089,9
2a22408a,9
2a22408c,9
2a224098,9
2a224181,9
2a224209,9
2a224408,8
2a224409,9
2a22440a,9
2a224428,9
2a224508,9
2a224809,9
2a22480c,9
2a224881,9
2a224888,9
2a224a08,9
2a224c01,9
2a224c08,9
2a228089,9
2a22808a,9
2a228109,9
2a228188,9
2a228809,9
2a228888,9
2a230089,9
2a230209,9
2a230409,9
2a230888,9
2a234009,9
2a234401,9
2a234808,9
2a260809,9
2a404c09,9
2a408889,9
2a420289,9
2a420889,9
2a420a09,9
2a420a88,9
2a420c09,9
2a420c0a,9
2a420c18,9
2a424089,9
2a424209,9
2a424409,9
2a424809,9
2a424881,9
2a424888,9
2a424a08,9
2a424c08,9
2a428089,9
2a428209,9
2a428809,9
2a428888,9
2a430089,9
2a430209,9
2a430409,9
2a430888,9
2a434009,9
2a444881,9
2a445804,9
2a44c880,9
2a460809,9
2a464880,9
2a4a0281,9
2a4a4081,9
2a4cc800,9
2a501803,9
2a501805,9
2a501881,9
2a508803,9
2a508805,9
2a508881,9
2a508901,9
2a509003,9
2a509081,9
2a509101,9
2a509801,9
2a510881,9
2a511801,9
2a518801,9
2a519001,9
2a600c09,9
2a604409,9
2a604c08,9
2a610409,9
2a620089,9
2a620408,8
2a620409,9
2a62040a,9
2a62040c,9
2a620418,9
2a620428,9
2a620508,9
2a620608,9
2a620888,9
2a620c08,9
2a624009,9
2a624088,9
2a624408,9
2a624808,9
2a624c00,9
2a630408,9
2a634200,9
2a634400,9
2a80400f,9
2a80404b,9
2a80408b,9
2a8040c9,9
2a804249,9
2a804289,9
2a804849,9
2a805007,9
2a80500b,9
2a805043,9
2a805049,9
2a805089,9
2a80a089,9
2a80c00b,9
2a80c043,9
2a80c049,9
2a80c089,9
2a80c0c1,9
2a80c0c8,9
2a80c121,9
2a80c124,9
2a80c128,9
2a80c141,9
2a80c148,9
2a80c160,9
2a80c181,9
2a80c203,9
2a80c241,9
2a80c248,9
2a80c281,9
2a80c301,9
2a80c308,9
2a80c320,9
2a80c848,9
2a80d003,9
2a80d005,9
2a80d006,9
2a80d00a,9
2a80d00c,9
2a80d028,9
2a80d041,9
2a80d042,9
2a80d044,9
2a80d048,9
2a80d081,9
2a80d088,9
2a80d0c0,9
2a80d101,9
2a80d108,9
2a80d120,9
2a80d140,9
2a80d201,9
2a80d202,9
2a80d204,9
2a80d208,9
2a80d240,9
2a80d300,9
2a80d804,9
2a80d808,9
2a80d840,9
2a81c009,9
2a81d008,9
2a82000f,9
2a82008b,9
2a82008d,9
2a820099,9
2a8200c9,9
2a820189,9
2a82020b,9
2a820249,9
2a820289,9
2a820309,9
2a82080b,9
2a820849,9
2a820889,9
2a82088a,9
2a820909,9
2a820a09,9
2a821888,9
2a824007,9
2a824009,8
2a82400b,9
2a82400d,9
2a824019,9
2a824029,9
2a824043,9
2a824049,9
2a82404a,9
2a82404c,9
2a824068,9
2a824083,9
2a824085,9
2a824089,9
2a82408a,9
2a82408c,9
2a8240a1,9
2a8240a8,9
2a8240c1,9
2a8240c8,9
2a824109,9
2a824148,9
2a824181,9
2a824188,9
2a824203,9
2a824209,9
2a824241,9
2a824248,9
2a824281,9
2a824288,9
2a8242c0,9
2a824809,9
2a82480a,9
2a82480c,9
2a824828,9
2a824848,9
2a824881,9
2a824888,9
2a824908,9
2a824a08,9
2a825003,9
2a825005,9
2a82500a,9
2a825041,9
2a825044,9
2a825048,9
2a825081,9
2a825084,9
2a825088,9
2a8250c0,9
2a825201,9
2a825240,9
2a825280,9
2a828089,9
2a828109,9
2a828281,9
2a828809,9
2a828888,9
2a82c003,9
2a82c005,9
2a82c00a,9
2a82c021,9
2a82c041,9
2a82c048,9
2a82c081,9
2a82c088,9
2a82c0c0,9
2a82c101,9
2a82c140,9
2a82c180,9
2a82c201,9
2a82c240,9
2a82c280,9
2a82c300,9
2a82c801,9
2a82c880,9
2a82d002,9
2a82d004,9
2a82d040,9
2a82d080,9
2a82d100,9
2a82d200,9
2a82d800,9
2a830089,9
2a830209,9
2a830809,9
2a834009,9
2a834048,9
2a834088,9
2a834808,9
2a83c001,9
2a84400b,9
2a844029,9
2a844049,9
2a844089,9
2a844109,9
2a844148,9
2a844209,9
2a844809,9
2a84480c,9
2a844848,9
2a844881,9
2a844888,9
2a844908,9
2a845003,9
2a845006,9
2a845009,9
2a84500a,9
2a84500c,9
2a845041,9
2a845042,9
2a845044,9
2a845048,9
2a845081,9
2a845088,9
2a8450c0,9
2a845108,9
2a845140,9
2a845240,9
2a845802,9
2a845804,9
2a845808,9
2a845840,9
2a84c003,9
2a84c005,9
2a84c006,9
2a84c009,9
2a84c00a,9
2a84c00c,9
2a84c021,9
2a84c028,9
2a84c041,9
2a84c042,9
2a84c044,9
2a84c048,9
2a84c060,9
2a84c081,9
2a84c082,9
2a84c088,9
2a84c0a0,9
2a84c0c0,9
2a84c101,9
2a84c102,9
2a84c104,9
2a84c108,9
2a84c120,9
2a84c140,9
2a84c180,9
2a84c201,9
2a84c208,9
2a84c240,9
2a84c280,9
2a84c300,9
2a84c801,9
2a84c802,9
2a84c804,9
2a84c808,9
2a84c820,9
2a84c840,9
2a84c880,9
2a84c900,9
2a84ca00,9
2a84d001,9
2a84d002,9
2a84d004,9
2a84d008,9
2a84d020,9
2a84d040,9
2a84d080,9
2a84d100,9
2a84d200,9
2a84d800,9
2a85c100,9
2a860089,9
2a860809,9
2a860888,9
2a860a08,9
2a861088,9
2a861808,9
2a864003,9
2a864005,9
2a86400a,9
2a86400c,9
2a864021,9
2a864028,9
2a864041,9
2a864048,9
2a864081,9
2a864082,9
2a864088,9
2a8640a0,9
2a8640c0,9
2a864101,9
2a864108,9
2a864180,9
2a864201,9
2a864208,9
2a864240,9
2a864280,9
2a864801,9
2a864808,9
2a864840,9
2a864880,9
2a865001,9
2a865002,9
2a865004,9
2a865040,9
2a865080,9
2a865200,9
2a865800,9
2a868081,9
2a868088,9
2a86c001,9
2a86c002,9
2a86c004,9
2a86c020,9
2a86c040,9
2a86c080,9
2a86c100,9
2a86c200,9
2a86c800,9
2a86d000,9
2a874008,9
2a88020b,9
2a880289,9
2a88400b,9
2a88400d,9
2a884049,9
2a884089,9
2a884203,9
2a884206,9
2a884209,9
2a884242,9
2a884248,9
2a884281,9
2a8842c0,9
2a884806,9
2a884809,9
2a884a80,9
2a885003,9
2a885006,9
2a885009,9
2a88500a,9
2a88500c,9
2a885042,9
2a885044,9
2a885048,9
2a885202,9
2a885204,9
2a885208,9
2a885240,9
2a885802,9
2a885804,9
2a88c003,9
2a88c006,9
2a88c00a,9
2a88c00c,9
2a88c041,9
2a88c042,9
2a88c044,9
2a88c048,9
2a88c081,9
2a88c088,9
2a88c108,9
2a88c201,9
2a88c202,9
2a88c204,9
2a88c208,9
2a88c240,9
2a88c280,9
2a88c300,9
2a88c804,9
2a88c808,9
2a88c840,9
2a88ca00,9
2a88d001,9
2a88d002,9
2a88d004,9
2a88d008,9
2a88d040,9
2a88d080,9
2a88d200,9
2a88d800,9
2a890209,9
2a894009,9
2a89c200,9
2a8a000b,9
2a8a000d,9
2a8a0049,9
2a8a0089,9
2a8a0209,9
2a8a0281,9
2a8a0288,9
2a8a0809,9
2a8a0888,9
2a8a0a08,9
2a8a4003,9
2a8a4005,9
2a8a4006,9
2a8a4009,9
2a8a400a,9
2a8a400c,9
2a8a4041,9
2a8a4048,9
2a8a4081,9
2a8a4088,9
2a8a40c0,9
2a8a4108,9
2a8a4201,9
2a8a4202,9
2a8a4204,9
2a8a4208,9
2a8a4240,9
2a8a4280,9
2a8a4808,9
2a8a4880,9
2a8a4a00,9
2a8a5001,9
2a8a5002,9
2a8a5004,9
2a8a5040,9
2a8a5080,9
2a8a5200,9
2a8ac001,9
2a8ac002,9
2a8ac004,9
2a8ac040,9
2a8ac080,9
2a8ac200,9
2a8ad000,9
2a8b0009,9
2a8b4008,9
2a8b4200,9
2a8c0209,9
2a8c4003,9
2a8c4006,9
2a8c4009,9
2a8c400a,9
2a8c400c,9
2a8c4042,9
2a8c4044,9
2a8c4048,9
2a8c4081,9
2a8c4088,9
2a8c4201,9
2a8c4202,9
2a8c4204,9
2a8c4208,9
2a8c4240,9
2a8c4280,9
2a8c4802,9
2a8c4804,9
2a8c4808,9
2a8c4840,9
2a8c4880,9
2a8c4a00,9
2a8c5002,9
2a8c5004,9
2a8c5008,9
2a8c5040,9
2a8c5200,9
2a8c5800,9
2a8cc001,9
2a8cc002,9
2a8cc004,9
2a8cc008,9
2a8cc020,9
2a8cc040,9
2a8cc080,9
2a8cc100,9
2a8cc200,9
2a8cc800,9
2a8cd000,9
2a8e0088,9
2a8e0808,9
2a8e4001,9
2a8e4002,9
2a8e4004,9
2a8e4008,9
2a8e4040,9
2a8e4080,9
2a8e4200,9
2a8e4800,9
2a8e5000,9
2a8ec000,9
2aa04806,9
2aa04902,9
2aa2000b,9
2aa20089,9
2aa2008a,9
2aa20209,9
2aa20809,9
2aa20888,9
2aa24003,9
2aa24006,9
2aa24009,9
2aa2400a,9
2aa2400c,9
2aa24012,9
2aa24018,9
2aa24028,9
2aa24102,9
2aa24108,9
2aa24802,9
2aa24808,9
2aa28009,9
2aa28088,9
2aa34002,9
2aa34008,9
2aa60009,9
2ac04848,9
2ac05042,9
2ac05044,9
2ac05240,9
2ac05840,9
2ac0c042,9
2ac0c0c0,9
2ac0c120,9
2ac0c140,9
2ac0c240,9
2ac0c804,9
2ac0c840,9
2ac0c880,9
2ac0c900,9
2ac0d040,9
2ac0d080,9
2ac0d800,9
2ac14240,9
2ac15200,9
2ac1c040,9
2ac1c100,9
2ac1c200,9
2ac1d000,9
2ac20089,9
2ac20888,9
2ac24009,9
2ac24041,9
2ac24081,9
2ac240c0,9
2ac24240,9
2ac24280,9
2ac24808,9
2ac24840,9
2ac34008,9
2ac34200,9
2ac44041,9
2ac44042,9
2ac44044,9
2ac44048,9
2ac44060,9
2ac44081,9
2ac44088,9
2ac440c0,9
2ac44140,9
2ac44240,9
2ac44801,9
2ac44802,9
2ac44804,9
2ac44840,9
2ac44880,9
2ac44900,9
2ac45002,9
2ac45004,9
2ac45040,9
2ac45080,9
2ac45100,9
2ac45200,9
2ac45800,9
2ac4c002,9
2ac4c004,9
2ac4c020,9
2ac4c040,9
2ac4c080,9
2ac4c100,9
2ac4c800,9
2ac54040,9
2ac54200,9
2ac5c000,9
2ac64040,9
2ac64080,9
2ac64100,9
2ac64800,9
2ac84048,9
2ac84202,9
2ac84208,9
2ac84240,9
2ac84808,9
2ac84840,9
2ac84a00,9
2ac85002,9
2ac85004,9
2ac85040,9
2ac85200,9
2ac8c040,9
2ac8c800,9
2ac8d000,9
2ac94200,9
2aca4040,9
2aca4200,9
2acc4002,9
2acc4004,9
2acc4008,9
2acc4040,9
2acc4200,9
2acc4800,9
2acc5000,9
2accc000,9
2ace4000,9
2ad00803,9
2ad00881,9
2ad01003,9
2ad01801,9
2ad08801,9
2ad09001,9
2ad09800,9
2ae14002,9
2ae14800,9
2ae24008,9
2b000a89,9
2b00400f,9
2b00408b,9
2b00408d,9
2b004289,9
2b00480b,9
2b004889,9
2b005007,9
2b005083,9
2b005085,9
2b005086,9
2b005805,9
2b005806,9
2b005881,9
2b005884,9
2b005888,9
2b009083,9
2b009085,9
2b009281,9
2b009881,9
2b009888,9
2b00c083,9
2b00c281,9
2b00c881,9
2b00c888,9
2b00d003,9
2b00d005,9
2b00d006,9
2b00d081,9
2b00d084,9
2b00d201,9
2b00d801,9
2b00d804,9
2b00d880,9
2b018089,9
2b020089,8
2b02008b,9
2b020099,9
2b0200c9,9
2b020209,8
2b02088a,9
2b02088c,9
2b020898,9
2b0208c8,9
2b020a81,9
2b020a88,9
2b021a80,9
2b024007,9
2b024083,9
2b024085,9
2b02408a,9
2b02408c,9
2b024091,9
2b024098,9
2b0240c1,9
2b0240c8,9
2b024281,9
2b02480a,9
2b024848,9
2b024881,9
2b024884,9
2b024a01,9
2b024a80,9
2b025090,9
2b025880,9
2b028083,9
2b028181,9
2b028881,9
2b029084,9
2b029880,9
2b02c081,9
2b02c084,9
2b02c280,9
2b02c880,9
2b030089,9
2b030809,9
2b030888,9
2b04008b,9
2b040289,9
2b04080b,9
2b040889,9
2b040a09,9
2b041881,9
2b041888,9
2b04400b,9
2b044089,9
2b044809,9
2b04480c,9
2b044881,9
2b044884,9
2b044888,9
2b045003,9
2b045005,9
2b045006,9
2b045081,9
2b045084,9
2b045801,9
2b045804,9
2b045880,9
2b048881,9
2b048888,9
2b049003,9
2b049081,9
2b049801,9
2b049880,9
2b04c003,9
2b04c081,9
2b04c088,9
2b04c801,9
2b04c804,9
2b04c808,9
2b04c880,9
2b04d001,9
2b04d002,9
2b04d004,9
2b04d080,9
2b04d800,9
2b060083,9
2b06008a,9
2b060281,9
2b060881,9
2b060a80,9
2b061084,9
2b061880,9
2b064003,9
2b064005,9
2b064081,9
2b064084,9
2b064201,9
2b064280,9
2b064801,9
2b064880,9
2b068280,9
2b068880,9
2b069080,9
2b069800,9
2b06c080,9
2b06c800,9
2b08000f,9
2b08001b,9
2b08008b,9
2b08008d,9
2b08020b,9
2b08020d,9
2b080289,9
2b08080b,9
2b080889,9
2b080a09,9
2b080a81,9
2b081007,9
2b08100e,9
2b081083,9
2b081086,9
2b081206,9
2b081281,9
2b081806,9
2b08180a,9
2b081881,9
2b081882,9
2b081888,9
2b084007,9
2b08400b,9
2b08400d,9
2b08400e,9
2b084083,9
2b084086,9
2b084089,9
2b084206,9
2b084209,9
2b084281,9
2b084806,9
2b084809,9
2b08480c,9
2b084881,9
2b084884,9
2b084888,9
2b084a80,9
2b085003,9
2b085005,9
2b085006,9
2b085081,9
2b085082,9
2b085084,9
2b085088,9
2b085204,9
2b085280,9
2b085802,9
2b085804,9
2b085808,9
2b085880,9
2b088281,9
2b088881,9
2b088888,9
2b089003,9
2b089006,9
2b08900c,9
2b089081,9
2b089088,9
2b089880,9
2b08c003,9
2b08c006,9
2b08c00c,9
2b08c081,9
2b08c088,9
2b08c201,9
2b08c804,9
2b08c808,9
2b08c880,9
2b08d001,9
2b08d002,9
2b08d004,9
2b08d080,9
2b08d200,9
2b08d800,9
2b09000b,9
2b090089,9
2b090209,9
2b094009,9
2b0a0007,9
2b0a0009,8
2b0a000e,9
2b0a0016,9
2b0a0083,9
2b0a0085,9
2b0a008a,9
2b0a008c,9
2b0a0206,9
2b0a020a,9
2b0a020c,9
2b0a0281,9
2b0a0282,9
2b0a0288,9
2b0a080a,9
2b0a080c,9
2b0a0881,9
2b0a0888,9
2b0a0a08,9
2b0a0a80,9
2b0a1006,9
2b0a1082,9
2b0a1084,9
2b0a1280,9
2b0a1880,9
2b0a4003,9
2b0a4005,9
2b0a4006,9
2b0a4081,9
2b0a4082,9
2b0a4084,9
2b0a4201,9
2b0a4204,9
2b0a4280,9
2b0a4801,9
2b0a4804,9
2b0a4880,9
2b0a5080,9
2b0a5800,9
2b0a8081,9
2b0a8280,9
2b0a8880,9
2b0a9004,9
2b0a9080,9
2b0ac004,9
2b0ac080,9
2b0c000b,9
2b0c000d,9
2b0c0089,9
2b0c0209,9
2b0c0809,9
2b0c080a,9
2b0c0881,9
2b0c0888,9
2b0c1006,9
2b0c1802,9
2b0c1804,9
2b0c1808,9
2b0c1880,9
2b0c4003,9
2b0c4006,9
2b0c4009,9
2b0c400a,9
2b0c400c,9
2b0c4081,9
2b0c4084,9
2b0c4088,9
2b0c4802,9
2b0c4804,9
2b0c4808,9
2b0c4880,9
2b0c5002,9
2b0c5004,9
2b0c5080,9
2b0c5800,9
2b0c8081,9
2b0c8088,9
2b0c8808,9
2b0c8880,9
2b0c9004,9
2b0c9080,9
2b0c9800,9
2b0cc001,9
2b0cc002,9
2b0cc004,9
2b0cc080,9
2b0cc800,9
2b0cd000,9
2b0d0009,9
2b0e0081,9
2b0e0280,9
2b0e0880,9
2b0e1080,9
2b0e4001,9
2b0e4004,9
2b0e4080,9
2b0e4800,9
2b0e8080,9
2b0ec000,9
2b400a81,9
2b404806,9
2b404881,9
2b404884,9
2b404a80,9
2b410881,9
2b420a80,9
2b444084,9
2b444804,9
2b444810,9
2b444880,9
2b448880,9
2b454800,9
2b480803,9
2b480806,9
2b480881,9
2b480882,9
2b480a80,9
2b481880,9
2b484006,9
2b484082,9
2b484084,9
2b484280,9
2b484802,9
2b484804,9
2b484880,9
2b484a00,9
2b488802,9
2b488880,9
2b494200,9
2b4a0084,9
2b4a0280,9
2b4a0880,9
2b4c0006,9
2b4c0802,9
2b4c0804,9
2b4c0880,9
2b4c0a00,9
2b4c4002,9
2b4c4080,9
2b4c4800,9
2b800889,9
2b804007,9
2b80400b,9
2b804043,9
2b804045,9
2b804046,9
2b804049,9
2b80404a,9
2b80404c,9
2b804064,9
2b804083,9
2b804089,9
2b8040c1,9
2b8040c2,9
2b8040c4,9
2b8040c8,9
2b804148,9
2b804209,9
2b804241,9
2b804242,9
2b804244,9
2b804248,9
2b8042c0,9
2b804806,9
2b804809,9
2b80480c,9
2b804841,9
2b804842,9
2b804844,9
2b804848,9
2b804860,9
2b804881,9
2b804884,9
2b804888,9
2b8048c0,9
2b804940,9
2b804a40,9
2b805003,9
2b805005,9
2b805006,9
2b805024,9
2b805041,9
2b805042,9
2b805044,9
2b805050,9
2b805060,9
2b805081,9
2b805082,9
2b805084,9
2b8050c0,9
2b805140,9
2b805202,9
2b805204,9
2b805240,9
2b805280,9
2b805801,9
2b805802,9
2b805804,9
2b805840,9
2b805880,9
2b805a00,9
2b808881,9
2b808888,9
2b809003,9
2b809081,9
2b809088,9
2b809801,9
2b809808,9
2b809880,9
2b80c003,9
2b80c005,9
2b80c006,9
2b80c00a,9
2b80c021,9
2b80c040,8
2b80c041,9
2b80c042,9
2b80c044,9
2b80c048,9
2b80c050,9
2b80c060,9
2b80c081,9
2b80c082,9
2b80c084,9
2b80c088,9
2b80c0c0,9
2b80c101,9
2b80c120,9
2b80c140,9
2b80c180,9
2b80c201,9
2b80c202,9
2b80c204,9
2b80c240,9
2b80c280,9
2b80c300,9
2b80c801,9
2b80c802,9
2b80c804,9
2b80c808,9
2b80c820,9
2b80c840,9
2b80c880,9
2b80c900,9
2b80ca00,9
2b80d000,8
2b80d001,9
2b80d002,9
2b80d004,9
2b80d010,9
2b80d020,9
2b80d040,9
2b80d080,9
2b80d100,9
2b80d200,9
2b80d800,9
2b815040,9
2b81c040,9
2b81d000,9
2b820281,9
2b820288,9
2b82080a,9
2b820848,9
2b820881,9
2b820888,9
2b820a08,9
2b824003,9
2b824005,9
2b824041,9
2b824042,9
2b824044,9
2b824060,9
2b824081,9
2b824082,9
2b824084,9
2b8240c0,9
2b824140,9
2b824201,9
2b824240,9
2b824280,9
2b824801,9
2b824804,9
2b824840,9
2b824880,9
2b828081,9
2b828801,9
2b828880,9
2b829080,9
2b829800,9
2b82c002,9
2b82c004,9
2b82c020,9
2b82c040,9
2b82c080,9
2b82c100,9
2b82c800,9
2b834040,9
2b84000b,9
2b840089,9
2b840809,9
2b844003,9
2b844006,9
2b844009,9
2b84400a,9
2b84400c,9
2b844041,9
2b844042,9
2b844044,9
2b844048,9
2b844050,9
2b844060,9
2b844081,9
2b844082,9
2b844084,9
2b844088,9
2b8440c0,9
2b844108,9
2b844140,9
2b844240,9
2b844801,9
2b844802,9
2b844804,9
2b844808,9
2b844820,9
2b844840,9
2b844880,9
2b844900,9
2b844a00,9
2b845001,9
2b845002,9
2b845004,9
2b845020,9
2b845040,9
2b845080,9
2b845100,9
2b845200,9
2b845800,9
2b848081,9
2b848088,9
2b848801,9
2b848808,9
2b848880,9
2b849001,9
2b849002,9
2b849004,9
2b849040,9
2b849080,9
2b849800,9
2b84c001,9
2b84c002,9
2b84c004,9
2b84c008,9
2b84c010,9
2b84c020,9
2b84c040,9
2b84c080,9
2b84c100,9
2b84c200,9
2b84c800,9
2b84d000,9
2b854040,9
2b85c000,9
2b860081,9
2b860088,9
2b860880,9
2b861080,9
2b864001,9
2b864002,9
2b864004,9
2b864040,9
2b864080,9
2b864200,9
2b864800,9
2b868080,9
2b868800,9
2b869000,9
2b86c000,9
2b88000b,9
2b880089,9
2b880209,9
2b880809,9
2b881006,9
2b884003,9
2b884006,9
2b884009,9
2b88400a,9
2b88400c,9
2b884024,9
2b884041,9
2b884042,9
2b884044,9
2b884048,9
2b884050,9
2b884060,9
2b884081,9
2b884082,9
2b884084,9
2b884088,9
2b8840c0,9
2b884140,9
2b884201,9
2b884202,9
2b884204,9
2b884208,9
2b884240,9
2b884280,9
2b884801,9
2b884802,9
2b884804,9
2b884808,9
2b884840,9
2b884880,9
2b884a00,9
2b885001,9
2b885002,9
2b885004,9
2b885040,9
2b885080,9
2b885200,9
2b885800,9
2b889002,9
2b889008,9
2b88c001,9
2b88c002,9
2b88c004,9
2b88c008,9
2b88c020,9
2b88c040,9
2b88c080,9
2b88c100,9
2b88c200,9
2b88c800,9
2b88d000,9
2b894040,9
2b894200,9
2b89c000,9
2b8a000a,9
2b8a0088,9
2b8a0208,9
2b8a0280,9
2b8a0808,9
2b8a4001,9
2b8a4002,9
2b8a4004,9
2b8a4040,9
2b8a4080,9
2b8a4200,9
2b8a4800,9
2b8ac000,9
2b8c0009,9
2b8c4001,9
2b8c4002,9
2b8c4004,9
2b8c4008,9
2b8c4020,9
2b8c4040,9
2b8c4080,9
2b8c4100,9
2b8c4200,9
2b8c4800,9
2b8c5000,9
2b8c8800,9
2b8c9000,9
2b8cc000,9
2b8e4000,9
2bc00881,9
2bc01802,9
2bc01880,9
2bc04040,8
2bc04042,9
2bc04044,9
2bc04050,9
2bc04060,9
2bc04082,9
2bc04084,9
2bc040c0,9
2bc04140,9
2bc04280,9
2bc04802,9
2bc04804,9
2bc04810,9
2bc04820,9
2bc04840,9
2bc04880,9
2bc04900,9
2bc08802,9
2bc08840,9
2bc08880,9
2bc08900,9
2bc14040,9
2bc14080,9
2bc14800,9
2bc20880,9
2bc40802,9
2bc40840,9
2bc40880,9
2bc44010,9
2bc44040,9
2bc44080,9
2bc44800,9
2bc48040,9
2bc48080,9
2bc54000,9
2bc80802,9
2bc81800,9
2bc84002,9
2bc84004,9
2bc84010,9
2bc84020,9
2bc84040,9
2bc84080,9
2bc84100,9
2bc84800,9
2bc88002,9
2bc88800,9
2bc94000,9
2bcc0800,9
2bcc4000,9
3000409f,9
3000421f,9
3000832d,9
3000c12d,9
3001420f,9
3001428b,9
3001428d,9
3001460d,9
30014a89,9
30018a89,9
3001c20b,9
3001c20d,9
300220ad,9
3002288b,9
3002288d,9
30022899,9
3002428b,9
3002428d,9
30024299,9
30024a89,9
30028a89,9
30030a89,9
30032889,9
3003420b,9
3003420d,9
30034289,9
30034609,9
30034a09,9
30038289,9
3003c209,9
3004003f,9
3004041f,9
30041417,9
3004201f,9
3004801f,9
3004812d,9
30049125,9
30049416,9
3004a00f,9
3004a10d,9
3004a129,9
3005001f,9
3005a00b,9
3005a00d,9
3005a019,9
3005a049,9
3005a109,9
3005a809,9
3006001f,9
30061416,9
3006280d,9
3006a00b,9
3006a00d,9
3006a019,9
3006a049,9
3006a109,9
3006a809,9
3007200d,9
30072809,9
30078601,9
3007a009,9
30101097,9
30101127,9
30101817,9
30108127,9
301081a5,9
30108325,9
30109017,9
30109125,9
30109883,9
30111017,9
30128603,9
30138481,9
30138601,9
30140417,9
30140487,9
30140496,9
30148017,9
30148087,9
30148096,9
30148125,9
30148126,9
301481a4,9
30148207,9
30148321,9
30148324,9
30148407,9
30148416,9
30148481,8
30148483,9
30148485,9
30148486,9
30148491,9
30148492,9
301484a1,9
301484c1,9
301484d0,9
30148524,9
30148581,9
30148603,9
30148605,9
30148641,9
30148701,9
30148c81,9
30148cc0,9
30148e01,9
30150606,9
30150c81,9
30158124,9
30158203,9
30158205,9
30158301,9
30158403,9
30158481,9
30158482,9
30158484,9
30158490,9
301584c0,9
30158501,9
30158580,9
30158601,9
30158602,9
30158604,9
30158640,9
30158700,9
30158881,9
30158c80,9
30160017,9
30160096,9
30160216,9
30160407,9
30160416,9
30160483,9
30160485,9
30160486,9
30160491,9
30160606,9
30160c81,9
30168007,9
30168016,9
30168083,9
30168085,9
30168086,9
30168091,9
30168124,9
30168181,9
30168203,9
30168205,9
30168301,9
30168403,9
30168405,9
30168406,9
30168411,9
30168441,9
30168480,8
30168481,9
30168482,9
30168484,9
30168490,9
301684a0,9
301684c0,9
30168501,9
30168580,9
30168601,9
30168602,9
30168604,9
30168610,9
30168640,9
30168881,9
30168c01,9
30168c80,9
30170481,9
30170484,9
30170601,9
30170602,9
30170604,9
30170c80,9
30178081,9
30178201,9
30178401,9
30178402,9
30178404,9
30178440,9
30178480,9
30178600,9
30178880,9
3020401f,9
3020428b,9
3020428d,9
30204299,9
3020460b,9
30204a89,9
3020812d,9
3020828b,9
30208a89,9
3021028b,9
3021060b,9
30210a89,9
3021420b,9
3021420d,9
30214289,9
30214609,9
30218289,9
3021c109,9
3022028b,9
30220a89,9
3022408b,9
3022420b,9
30224289,9
30224609,9
30224889,9
30224a09,9
30226809,9
30228289,9
30230289,9
30230609,9
30234209,9
3024001f,9
3024012d,9
3024201b,9
3024201d,9
3024202d,9
3024204d,9
30242059,9
3024210d,9
3024280d,9
3024800f,9
3024801b,9
3024802d,9
3024804b,9
3024804d,9
30248059,9
3024810b,9
3024810d,9
30248119,9
30248129,9
3024812c,9
30248149,9
3024880d,9
30248909,9
3025002d,9
30258009,8
3025800b,9
3025800d,9
30258019,9
30258029,9
30258049,9
30258109,9
30258809,9
30262009,8
3026200b,9
3026200d,9
30262019,9
30262029,9
30262049,9
30262109,9
30262809,9
3026800b,9
3026800d,9
30268019,9
30268049,9
30268109,9
30268809,9
3027000b,9
3027000d,9
30270049,9
30270809,9
30278009,9
30278600,9
30308524,9
30328124,9
30340416,9
30348016,9
30348124,9
30348406,9
30348442,9
30348444,9
30348502,9
30348504,9
30348520,9
30348540,9
30348c40,9
30358402,9
30358404,9
30358440,9
30358500,9
30360016,9
30360124,9
30360406,9
30360540,9
30368006,9
30368120,9
30368140,9
30368400,8
30368402,9
30368404,9
30368410,9
30368420,9
30368440,9
30368500,9
30368900,9
30368c00,9
30370402,9
30370404,9
30370440,9
30370500,9
30378040,9
30378100,9
30378400,9
30404a89,9
30410a89,9
3041420b,9
3041420d,9
30414219,9
30414249,9
30414289,9
30414609,9
30414a09,9
30414a81,9
30418289,9
30424289,9
30424609,9
30424889,9
30424a09,9
3042a809,9
30430289,9
30430609,9
30430889,9
30430a09,9
30434209,9
30434281,9
30438209,9
30438601,9
3044001f,9
30448096,9
30448125,9
30448129,9
304481a4,9
30448e01,9
30450096,9
30450207,9
30450216,9
30450416,9
30450603,9
30450605,9
30450606,9
30450641,9
30450e01,9
30458203,9
30458205,9
30458301,9
30458320,9
30458501,9
30458601,9
30458602,9
30458604,9
30458640,9
30458700,9
30458a01,9
30458c01,9
30458e00,9
30468109,9
30468601,9
30470601,9
30470602,9
30470604,9
30470610,9
30470640,9
30470e00,9
30478201,9
30478401,9
30478600,9
30508125,9
30508521,9
30508807,9
30508c03,9
30508c05,9
30508c11,9
30508c41,9
30508d01,9
30518403,9
30518441,9
30518501,9
30518803,9
30518901,9
30518c01,9
30528403,9
30528405,9
30528411,9
30528441,9
30528501,9
30528803,9
30528805,9
30528901,9
30528c01,9
30530c01,9
30538401,9
30538801,9
30538c00,9
30540017,9
30540027,9
30540047,9
30540125,9
30540407,9
30540413,9
30540415,9
30540416,9
30540425,9
30540443,9
30540445,9
30540451,9
30540807,9
30540813,9
30540816,9
30540c01,8
30540c03,9
30540c05,9
30540c11,9
30540c21,9
30540c41,9
30540d01,9
30548003,8
30548005,8
30548007,9
30548013,9
30548015,9
30548016,9
30548023,9
30548025,9
30548043,9
30548045,9
30548051,9
30548101,8
30548103,9
30548105,9
30548111,9
30548121,9
30548124,9
30548141,9
30548401,8
30548403,9
30548405,9
30548406,9
30548411,9
30548412,9
30548421,9
30548441,9
30548501,9
30548520,9
30548801,8
30548803,9
30548805,9
30548806,9
30548811,9
30548821,9
30548841,9
30548901,9
30548c01,9
30548c02,9
30548c04,9
30548c10,9
30548c40,9
30548d00,9
30550007,9
30550013,9
30550016,9
30550401,8
30550403,9
30550405,9
30550406,9
30550411,9
30550421,9
30550441,9
30550501,9
30550801,8
30550803,9
30550805,9
30550811,9
30550821,9
30550841,9
30550901,9
30550c01,9
30558001,8
30558003,9
30558005,9
30558006,9
30558011,9
30558021,9
30558041,9
30558101,9
30558120,9
30558400,8
30558401,9
30558402,9
30558404,9
30558410,9
30558420,9
30558440,9
30558500,9
30558801,9
30558802,9
30558804,9
30558900,9
30558c00,9
30560007,9
30560013,9
30560015,9
30560016,9
30560401,8
30560403,9
30560405,9
30560406,9
30560411,9
30560421,9
30560441,9
30560501,9
30560801,8
30560803,9
30560805,9
30560811,9
30560821,9
30560841,9
30560901,9
30560c01,9
30568001,8
30568003,9
30568005,9
30568006,9
30568011,9
30568021,9
30568041,9
30568101,9
30568400,8
30568401,9
30568402,9
30568404,9
30568410,9
30568420,9
30568440,9
30568500,9
30568801,9
30568802,9
30568804,9
30568810,9
30568900,9
30568c00,9
30570001,8
30570003,9
30570005,9
30570006,9
30570011,9
30570021,9
30570041,9
30570101,9
30570400,8
30570401,9
30570402,9
30570404,9
30570410,9
30570420,9
30570440,9
30570500,9
30570801,9
30570c00,9
30578001,9
30578002,9
30578004,9
30578010,9
30578040,9
30578100,9
30578400,9
30578800,9
30604289,9
30604609,9
30610289,9
30610609,9
30614209,9
30614281,9
30614409,9
30614608,9
30618209,9
30622809,9
30624209,9
30624409,9
30630209,9
3064002d,9
30648124,9
30650206,9
30658101,9
30658300,9
30658440,9
30658500,9
3066000d,9
30660109,9
30670440,9
30678200,9
30678400,9
3080401f,9
3080412d,9
30804136,9
30804217,9
3080421b,9
3080422b,9
30804236,9
30804329,9
30804a0b,9
3080c125,9
3080c126,9
3080c924,9
3081404b,9
30814207,9
30814209,8
3081420b,9
3081420d,9
3081420e,9
30814216,9
30814219,9
30814229,9
30814309,9
30814429,9
30814a09,9
30818449,9
3082404b,9
30824149,9
3082420b,9
3082420d,9
30824216,9
30824219,9
30824229,9
30824309,9
30824849,9
30824909,9
30824a09,9
30824c09,9
30834109,9
30834203,9
30834209,9
3083420a,9
30834409,9
3083440a,9
3084001f,9
3084200f,9
3084810b,9
3084810d,9
30848129,9
30848149,9
30848909,9
3084a019,9
3084a109,9
3085040b,9
3085040d,9
30850509,9
3085200d,9
30852049,9
30852109,9
3085800b,9
3085800d,9
30858049,9
30858109,9
30858508,9
30858601,9
3086200b,9
3086200d,9
30862049,9
30862109,9
30862809,9
30868049,9
30868109,9
3086a009,9
30870409,9
30872009,9
30878009,9
30901017,9
30901027,9
30901087,9
30901093,9
30901807,9
30901883,9
30908125,9
30909007,9
30909013,9
30909043,9
30909083,9
30909103,9
30909124,9
30909803,9
30911007,9
30911013,9
30911083,9
30919003,9
30928403,9
30940407,9
30940416,9
30948007,9
30948016,9
30948103,9
30948124,9
30948403,9
30948405,9
30948406,9
30948412,9
30948441,9
30948442,9
30948501,9
30948502,9
30948c01,9
30948c02,9
30950403,9
30950406,9
30958401,9
30958402,9
30958440,9
30958500,9
30960016,9
30960403,9
30960406,9
30960412,9
30968003,9
30968006,9
30968101,9
30968401,9
30968402,9
30968404,9
30968410,9
30968440,9
30968500,9
30968c00,9
30970401,9
30970402,9
30978400,9
30a0028b,9
30a0401b,9
30a04036,9
30a0410b,9
30a04126,9
30a0420b,9
30a04216,9
30a04219,9
30a04229,9
30a04322,9
30a1020b,9
30a1400b,9
30a14049,9
30a14203,9
30a14206,9
30a14209,9
30a1420a,9
30a14212,9
30a14222,9
30a14302,9
30a14308,9
30a14428,9
30a2040b,9
30a2400b,9
30a24016,9
30a24049,9
30a24109,9
30a24203,9
30a24209,9
30a2420a,9
30a24212,9
30a24302,9
30a24428,9
30a24c08,9
30a34202,9
30a34408,9
30a4000f,9
30a4004b,9
30a4004d,9
30a40059,9
30a4010b,9
30a4010d,9
30a40149,9
30a40909,9
30a48009,8
30a4800d,9
30a48019,9
30a48029,9
30a48109,9
30a5000b,9
30a5000d,9
30a50049,9
30a50109,9
30a6000b,9
30a60049,9
30a60109,9
30a60809,9
30a68009,9
30a70009,9
30c1400b,9
30c14212,9
30c14218,9
30c14222,9
30c14228,9
30c14a02,9
30c14a08,9
30c18601,9
30c30602,9
30c34201,9
30c34202,9
30c34208,9
30c40096,9
30c40416,9
30c40603,9
30c40606,9
30c40642,9
30c48403,9
30c48406,9
30c48441,9
30c48442,9
30c48501,9
30c48540,9
30c48601,9
30c48602,9
30c48640,9
30c48c01,9
30c48c40,9
30c50203,9
30c50206,9
30c50241,9
30c50242,9
30c50403,9
30c50406,9
30c50441,9
30c50442,9
30c50601,9
30c50602,9
30c50604,9
30c50610,9
30c50640,9
30c50700,9
30c50e00,9
30c58201,9
30c58202,9
30c58240,9
30c58300,9
30c58401,9
30c58402,9
30c58440,9
30c58500,9
30c58600,9
30c60602,9
30c60640,9
30c68401,9
30c68440,9
30c68600,9
30c70202,9
30c70240,9
30c70402,9
30c70440,9
30c70600,9
30c78200,9
30c78400,9
30d00c03,9
30d08403,9
30d08441,9
30d08501,9
30d08803,9
30d08c01,9
30d08c02,9
30d10403,9
30d10c01,9
30d18003,9
30d18401,9
30d18402,9
30d18801,9
30d20403,9
30d20c01,9
30d28003,9
30d28401,9
30d28402,9
30d28801,9
30d28c00,9
30d30401,9
30d38001,9
30d38400,9
30d40007,9
30d40013,9
30d40016,9
30d40043,9
30d40045,9
30d40103,9
30d40401,8
30d40403,9
30d40405,9
30d40406,9
30d40411,9
30d40412,9
30d40421,9
30d40441,9
30d40442,9
30d40444,9
30d40501,9
30d40502,9
30d40540,9
30d40803,9
30d40805,9
30d40841,9
30d40901,9
30d40c01,9
30d40c02,9
30d40c40,9
30d48001,8
30d48003,9
30d48005,9
30d48006,9
30d48011,9
30d48012,9
30d48021,9
30d48041,9
30d48042,9
30d48101,9
30d48102,9
30d48120,9
30d48140,9
30d48400,8
30d48401,9
30d48402,9
30d48404,9
30d48410,9
30d48420,9
30d48440,9
30d48500,9
30d48801,9
30d48802,9
30d48840,9
30d48900,9
30d48c00,9
30d50003,9
30d50005,9
30d50006,9
30d50011,9
30d50041,9
30d50101,9
30d50401,9
30d50402,9
30d50404,9
30d50410,9
30d50440,9
30d50500,9
30d50801,9
30d50c00,9
30d58001,9
30d58002,9
30d58004,9
30d58040,9
30d58100,9
30d58400,9
30d58800,9
30d60003,9
30d60005,9
30d60006,9
30d60011,9
30d60041,9
30d60101,9
30d60401,9
30d60402,9
30d60404,9
30d60410,9
30d60440,9
30d60500,9
30d60801,9
30d60c00,9
30d68001,9
30d68002,9
30d68040,9
30d68100,9
30d68400,9
30d68800,9
30d70001,9
30d70002,9
30d70400,9
30d78000,9
30e0400b,9
30e04212,9
30e14009,9
30e14042,9
30e14102,9
30e14140,9
30e14201,9
30e14202,9
30e14208,9
30e14210,9
30e14220,9
30e14402,9
30e14a00,9
30e34200,9
30e40242,9
30e40442,9
30e40540,9
30e48402,9
30e48440,9
30e48500,9
30e50202,9
30e50240,9
30e50402,9
30e50440,9
30e58400,9
30e60402,9
30e60440,9
30e70400,9
3100003f,9
3100201f,9
3100801f,9
3100812d,9
3102a809,9
3104003b,9
3104012d,9
31048019,8
31048039,9
31048109,8
31048119,9
31048125,9
31048129,9
3104812c,9
3106001b,9
3106001d,9
3106002d,9
31068009,8
31068019,9
31068029,9
31068109,9
3120001f,9
3120810b,9
3120810d,9
31208129,9
3120812c,9
31228109,9
31248124,9
3180001f,9
3200021f,9
32009125,9
3201020f,9
3201028b,9
32020a89,9
3203020b,9
32030289,9
32030a09,9
32034209,9
32101017,9
32101807,9
32101883,9
32108125,9
32109007,9
32109013,9
32109083,9
32109103,9
32109121,9
32109124,9
32109803,9
32109805,9
32109881,9
32109901,9
32111803,9
32119003,9
32119081,9
32119801,9
3220028b,9
3221020b,9
32210a09,9
32214209,9
32220289,9
32220889,9
32220a09,9
32224209,9
32224809,9
32230209,9
32230409,9
32234009,9
3241020b,9
32410289,9
32410a09,9
32414209,9
32424209,9
32424809,9
32430209,9
32430409,9
32600289,9
32604209,9
32604809,9
32610209,9
32610409,9
32614009,9
32614201,9
32614208,9
32620409,9
32630408,9
32810a09,9
3282020b,9
32820889,9
32820a09,9
32830209,9
328a2880,9
328a2a00,9
328a3001,9
328a3004,9
328a3008,9
328a3010,9
328a3040,9
328a3080,9
328a3100,9
328a3200,9
328a3800,9
328a8009,9
328a800c,9
328a8018,9
328a8048,9
328a8081,9
328a8088,9
328a8101,9
328a8108,9
328a8201,9
328a8208,9
328a8280,9
328a8808,9
328a8880,9
328a9001,9
328a9004,9
328a9008,9
328a9010,9
328a9040,9
328a9080,9
328a9100,9
328a9200,9
328a9800,9
328aa000,8
328aa001,9
328aa004,9
328aa008,9
328aa010,9
328aa020,9
328aa040,9
328aa080,9
328aa100,9
328aa200,9
328aa800,9
328ab000,9
328b0009,9
328b0201,9
328b0208,9
328b1008,9
328b1200,9
328b2008,9
328b2080,9
328b2200,9
328b3000,9
328b8001,9
328b8008,9
328b8200,9
328b9000,9
328ba000,9
32901007,9
32901013,9
32901016,9
32901043,9
32901083,9
32901103,9
32901803,9
32901806,9
32901812,9
32901881,9
32901882,9
32901902,9
32908124,9
32908803,9
32909003,9
32909006,9
32909012,9
32909081,9
32909082,9
32909101,9
32909102,9
32909801,9
32909802,9
32911003,9
32911802,9
32919001,9
32919002,9
32a2000b,9
32a20209,9
32c10209,9
38002a89,9
3800320d,9
38003219,9
38003249,9
38003289,9
38003889,9
38003a09,9
38004a89,9
3800812d,9
38008329,9
38008a89,9
38009129,9
38009209,8
3800920d,9
38009219,9
38009229,9
38009249,9
38009289,9
38009309,9
38009889,9
38009a09,9
3800a289,9
3800a889,9
3800b089,9
3800b209,9
38010a89,9
38011209,8
3801120d,9
38011219,9
38011229,9
38011249,9
38011289,9
38011309,9
38011a09,9
38012289,9
38013089,9
38013209,9
38014289,9
38014609,9
38018289,9
38018309,9
38018a09,9
38019209,9
3801a209,9
3801b009,9
3801c209,9
38020259,9
38020289,8
3802028b,9
3802028d,9
38020299,9
380202a9,9
380202c9,9
38020329,9
38020389,9
3802048b,9
3802088b,9
3802088d,9
38020899,9
380208c9,9
38020a0b,9
38020a49,9
38020a89,9
38020e09,9
3802101d,9
3802102d,9
3802104d,9
38021059,9
38021089,8
3802108d,9
38021099,9
380210a9,9
380210c9,9
38021189,9
38021209,8
3802120d,9
38021219,9
38021229,9
38021249,9
38021289,9
38021309,9
3802180d,9
38021819,9
38021849,9
38021889,9
38021a09,9
38022089,8
3802208b,9
3802208d,9
38022099,9
380220a9,9
380220c9,9
38022189,9
38022209,8
3802220d,9
38022219,9
38022229,9
38022249,9
38022283,9
38022289,9
3802228c,9
38022298,9
380222c8,9
38022309,9
38022888,8
38022889,9
3802288a,9
3802288c,9
38022898,9
380228a8,9
380228c8,9
38022988,9
38022a09,9
38022a81,9
38022a88,9
38023009,8
3802300d,9
38023019,9
38023029,9
38023049,9
38023088,8
38023089,9
3802308c,9
38023098,9
380230a8,9
380230c8,9
38023109,9
38023188,9
38023209,9
38023281,9
38023284,9
38023288,9
38023290,9
38023809,9
38023881,9
38023888,9
38023a80,9
3802400f,9
38024089,8
3802408b,9
3802408d,9
38024099,9
380240a9,9
380240c9,9
38024189,9
38024209,8
3802420b,9
3802420d,9
38024219,9
38024229,9
38024249,9
38024283,9
38024289,9
3802428a,9
3802428c,9
38024298,9
38024309,9
3802440d,9
38024449,9
38024609,9
3802480b,9
3802480d,9
38024849,9
38024889,9
3802488a,9
3802488c,9
38024898,9
380248c8,9
38024a09,9
38024a81,9
38024a88,9
38024c09,9
3802600d,9
38026809,9
3802680c,9
38028089,8
3802808d,9
38028099,9
380280a9,9
380280c9,9
38028129,9
38028189,9
38028209,8
3802820b,9
3802820d,9
38028219,9
38028229,9
38028249,9
38028289,9
38028309,9
38028889,9
38028a09,9
38028a88,9
38029009,8
3802900d,9
38029019,9
38029029,9
38029049,9
38029089,9
38029109,9
38029209,9
38029288,9
38029809,9
3802a009,8
3802a00d,9
3802a019,9
3802a029,9
3802a049,9
3802a089,9
3802a08a,9
3802a109,9
3802a209,9
3802a281,9
3802a288,9
3802a809,9
3802a888,9
3802b009,9
3802b081,9
3802b088,9
3802b201,9
3802b208,9
3802b280,9
3802c00d,9
3802c089,9
3802c209,9
3802c809,9
3802e009,9
38030209,8
3803020b,9
3803020d,9
38030219,9
38030229,9
38030249,9
38030289,9
38030309,9
38030489,9
38030609,9
38030889,9
38030a09,9
38030a88,9
38031009,8
3803100d,9
38031019,9
38031029,9
38031049,9
38031089,9
38031109,9
38031209,9
38031288,9
38031809,9
38032089,9
38032209,9
38032281,9
38032288,9
38032809,9
38032888,9
38032a80,9
38033009,9
38033088,9
38033208,9
38033280,9
38034089,9
38034209,9
38034281,9
38034288,9
38034409,9
38034608,9
38034809,9
38034888,9
38034a08,9
38036009,9
38038089,9
38038109,9
38038209,9
38038601,9
38038809,9
38039009,9
38039401,9
3803a009,9
3803c009,9
38041416,9
38042a81,9
38048125,9
3804a281,9
3804a809,9
3804a881,9
3804aa80,9
38052a80,9
38058481,9
38058601,9
3805a009,9
3805a201,9
3805a280,9
3805a880,9
38060483,9
38060485,9
38060486,9
3806080d,9
38060a81,9
38060c09,9
38060c81,9
38061016,9
38061403,9
38061405,9
38061406,9
38061441,9
38061444,9
3806200b,9
3806200d,9
38062019,9
38062049,9
38062081,8
38062083,9
38062085,9
38062086,9
38062091,9
38062092,9
380620a1,9
380620c1,9
38062181,9
38062203,9
38062280,8
38062281,9
38062282,9
38062284,9
38062290,9
380622a0,9
380622c0,9
38062380,9
38062809,9
38062881,9
38062882,9
38062884,9
38062890,9
380628c0,9
38062a01,9
38062a80,9
3806800d,9
38068109,9
38068281,9
38068480,8
38068481,9
38068482,9
38068484,9
38068490,9
380684a0,9
380684c0,9
38068580,9
38068601,9
38068809,9
38068881,9
38068a80,9
38068c80,9
38069401,9
38069402,9
38069404,9
38069440,9
3806a009,9
3806a080,8
3806a081,9
3806a082,9
3806a084,9
3806a090,9
3806a0a0,9
3806a0c0,9
3806a180,9
3806a201,9
3806a280,9
3806a801,9
3806a808,9
3806a880,9
3807000d,9
38070281,9
38070409,9
38070481,9
38070482,9
38070484,9
38070490,9
380704c0,9
38070601,9
38070602,9
38070604,9
38070640,9
38070809,9
38070a80,9
38070c80,9
38070e00,9
38071401,9
38071402,9
38071404,9
38071440,9
38072009,9
38072081,9
38072082,9
38072201,9
38072280,9
38072808,9
38072880,9
38078009,9
38078081,9
38078201,9
38078401,9
38078480,9
38078600,9
38079400,9
3807a001,9
3807a080,9
3808020d,8
3808021d,9
3808022d,9
3808024d,9
38080259,9
38080289,8
3808028d,9
38080299,9
380802a9,9
380802c9,9
3808030d,9
38080329,9
38080389,9
38080899,9
38080a09,8
38080a0d,9
38080a19,9
38080a29,9
38080a49,9
38080a89,9
38080b09,9
3808100d,8
38081019,8
3808101d,9
3808102d,9
38081039,9
38081049,8
3808104d,9
38081059,9
38081069,9
38081089,8
3808108d,9
38081099,9
380810a9,9
380810c9,9
3808110d,9
38081119,9
38081149,9
38081189,9
38081209,8
3808120d,9
38081219,9
38081229,9
38081249,9
38081289,9
38081309,9
38081809,8
3808180d,9
38081819,9
38081829,9
38081849,9
38081889,9
38081909,9
38081a09,9
38081a88,9
3808201d,9
3808202d,9
3808204d,9
38082059,9
38082089,8
3808208d,9
38082099,9
380820a9,9
380820c9,9
38082189,9
38082209,8
3808220d,9
38082219,9
38082229,9
38082249,9
38082289,9
3808228c,9
38082298,9
38082309,9
3808280d,9
38082819,9
38082849,9
38082889,9
38082a09,9
38082a81,9
38082a88,9
38083009,8
3808300d,9
38083019,9
38083029,9
38083049,9
38083089,9
3808308c,9
38083098,9
380830a8,9
380830c8,9
38083109,9
38083209,9
3808320c,9
38083218,9
38083248,9
38083281,9
38083284,9
38083288,9
38083290,9
38083809,9
38083881,9
38083888,9
38083a08,9
38083a80,9
3808808d,9
38088099,9
380880c9,9
38088129,9
38088189,9
38088209,8
3808820d,9
38088219,9
38088229,9
38088249,9
38088289,9
38088309,9
3808880d,9
38088819,9
38088849,9
38088889,9
38088909,9
38088a09,9
38088a88,9
38089009,8
3808900d,9
38089019,9
38089029,9
38089049,9
38089089,9
38089109,9
38089209,9
38089809,9
38089888,9
3808a009,8
3808a00d,9
3808a019,9
3808a029,9
3808a049,9
3808a089,9
3808a109,9
3808a209,9
3808a281,9
3808a288,9
3808a809,9
3808a888,9
3808aa80,9
3808b009,9
3808b00c,9
3808b081,9
3808b088,9
3808b201,9
3808b208,9
3808b280,9
3808b808,9
3808b880,9
38090209,8
3809020d,9
38090219,9
38090229,9
38090249,9
38090289,9
38090309,9
38090889,9
38090a09,9
38090a88,9
38091009,8
3809100d,9
38091019,9
38091029,9
38091049,9
38091089,9
38091109,9
38091209,9
3809120c,9
38091288,9
38091809,9
38091888,9
38091a08,9
38091a80,9
38092009,8
3809200d,9
38092019,9
38092029,9
38092049,9
38092089,9
38092109,9
38092209,9
38092281,9
38092288,9
38092809,9
38092888,9
38092a80,9
38093009,9
3809300c,9
38093088,9
38093201,9
38093208,9
38093280,9
38093808,9
38093880,9
38098009,8
3809800d,9
38098019,9
38098029,9
38098049,9
38098089,9
38098109,9
38098209,9
38098809,9
38099009,9
38099208,9
3809a009,9
3809a208,9
3809b008,9
380a000d,8
380a0019,8
380a001d,9
380a002d,9
380a0039,9
380a0049,8
380a004d,9
380a0059,9
380a0069,9
380a0089,8
380a008d,9
380a0099,9
380a00a9,9
380a00c9,9
380a010d,9
380a0119,9
380a0129,9
380a0149,9
380a0189,9
380a0209,8
380a020d,9
380a0219,9
380a0229,9
380a0249,9
380a0289,9
380a028c,9
380a0298,9
380a02c8,9
380a0309,9
380a0809,8
380a080d,9
380a0819,9
380a0829,9
380a0849,9
380a0889,9
380a0909,9
380a0a09,9
380a0a81,9
380a0a88,9
380a1009,8
380a100d,9
380a1019,9
380a1029,9
380a1049,9
380a1089,9
380a108c,9
380a1098,9
380a10a8,9
380a10c8,9
380a1109,9
380a1209,9
380a120c,9
380a1218,9
380a1281,9
380a1288,9
380a1809,9
380a1881,9
380a1888,9
380a1a08,9
380a1a80,9
380a2009,8
380a200d,9
380a2019,9
380a2029,9
380a2049,9
380a2085,9
380a2088,8
380a2089,9
380a208c,9
380a2091,9
380a2098,9
380a20a4,9
380a20a8,9
380a20c1,9
380a20c8,9
380a20d0,9
380a2109,9
380a2188,9
380a2205,9
380a2209,9
380a220c,9
380a2218,9
380a2248,9
380a2280,8
380a2281,9
380a2284,9
380a2288,9
380a2290,9
380a22a0,9
380a22c0,9
380a2380,9
380a2809,9
380a2881,9
380a2884,9
380a2888,9
380a2890,9
380a28c0,9
380a2a08,9
380a2a80,9
380a3008,8
380a3009,9
380a300c,9
380a3018,9
380a3028,9
380a3048,9
380a3080,8
380a3081,9
380a3084,9
380a3088,9
380a3090,9
380a30a0,9
380a30c0,9
380a3108,9
380a3180,9
380a3201,9
380a3204,9
380a3208,9
380a3280,9
380a3808,9
380a3880,9
380a3a00,9
380a8009,8
380a800d,9
380a8019,9
380a8029,9
380a8049,9
380a8089,9
380a8109,9
380a8209,9
380a8281,9
380a8288,9
380a8809,9
380a8888,9
380a9009,9
380a900c,9
380a9081,9
380a9088,9
380a9201,9
380a9208,9
380a9280,9
380aa009,9
380aa00c,9
380aa081,9
380aa084,9
380aa088,9
380aa090,9
380aa201,9
380aa208,9
380aa280,9
380aa808,9
380aa880,9
380ab001,9
380ab008,9
380ab080,9
380ab200,9
380b0009,8
380b000d,9
380b0019,9
380b0029,9
380b0049,9
380b0089,9
380b0109,9
380b0209,9
380b0281,9
380b0288,9
380b0809,9
380b0888,9
380b0a80,9
380b1009,9
380b1088,9
380b1201,9
380b1208,9
380b1280,9
380b2009,9
380b2081,9
380b2088,9
380b2201,9
380b2208,9
380b2280,9
380b2880,9
380b3008,9
380b3080,9
380b3200,9
380b8009,9
380b8201,9
380b9008,9
380ba008,9
380ba080,9
38101017,9
38101087,9
38101093,9
38101125,9
38101807,9
38101813,9
38101883,9
38101885,9
38101891,9
381018c1,9
38108125,9
38109007,9
38109013,9
38109083,9
38109103,9
38109121,9
38109124,9
38109803,9
38109881,9
3810a281,9
38111007,9
38111083,9
38111803,9
38111881,9
38112a80,9
38118601,9
38119003,9
38119081,9
38119801,9
38120416,9
38120481,8
38120483,9
38120485,9
38120486,9
38120491,9
38120492,9
381204a1,9
381204c1,9
38120581,9
38120603,9
38120605,9
38120606,9
38120611,9
38120612,9
38120641,9
38120a81,9
38120c81,9
38120c82,9
38120e01,9
38122083,9
38122281,9
38122282,9
38122290,9
38122881,9
38122a80,9
38128083,9
38128203,9
38128205,9
38128211,9
38128241,9
38128281,9
38128301,9
38128401,8
38128403,9
38128405,9
38128406,9
38128411,9
38128421,9
38128441,9
38128480,8
38128481,9
38128482,9
38128484,9
38128490,9
381284a0,9
381284c0,9
38128501,9
38128580,9
38128600,8
38128601,9
38128602,9
38128604,9
38128610,9
38128620,9
38128640,9
38128700,9
38128881,9
38128a01,9
38128c01,9
38128c40,9
38128c80,9
38128e00,9
3812a081,9
3812a082,9
3812a201,9
3812a280,9
3812a880,9
38130403,9
38130481,9
38130482,9
38130484,9
38130490,9
38130600,8
38130601,9
38130602,9
38130604,9
38130610,9
38130620,9
38130640,9
38130700,9
38130a80,9
38130c01,9
38130c80,9
38130e00,9
38132081,9
38132201,9
38132280,9
38132880,9
38138081,9
38138201,9
38138401,9
38138402,9
38138440,9
38138480,9
38138600,9
38138c00,9
38140017,9
38140125,9
38140207,9
38140807,9
38140813,9
38140816,9
38140883,9
38140a03,9
38140a81,9
38140c81,9
38142007,9
38142013,9
38142016,9
38142081,8
38142083,9
38142085,9
38142086,9
38142091,9
38142092,9
381420a1,9
381420c1,9
381420d0,9
38142181,9
38142203,9
38142205,9
38142206,9
38142281,9
38142282,9
38142284,9
38142290,9
381422c0,9
38142803,9
38142805,9
38142806,9
38142811,9
38142812,9
38142841,9
38142880,8
38142881,9
38142882,9
38142884,9
38142890,9
381428a0,9
381428c0,9
38142980,9
38142a01,9
38142a02,9
38142a04,9
38142a80,9
38148007,9
38148013,9
38148016,9
38148043,9
38148081,8
38148083,9
38148085,9
38148086,9
38148091,9
381480a1,9
381480c1,9
38148103,9
38148105,9
38148121,9
38148124,9
38148141,9
38148181,9
38148201,8
38148203,9
38148205,9
38148206,9
38148211,9
38148221,9
38148241,9
38148281,9
38148301,9
38148403,9
38148405,9
38148406,9
38148441,9
38148481,9
38148482,9
38148484,9
38148490,9
381484c0,9
38148501,9
38148580,9
38148601,9
38148801,8
38148803,9
38148805,9
38148806,9
38148811,9
38148812,9
38148821,9
38148841,9
38148880,8
38148881,9
38148882,9
38148884,9
38148890,9
381488a0,9
381488c0,9
38148901,9
38148920,9
38148980,9
38148a01,9
38148a02,9
38148a04,9
38148a80,9
38148c01,9
38148c80,9
3814a001,8
3814a003,9
3814a005,9
3814a006,9
3814a011,9
3814a012,9
3814a021,9
3814a024,9
3814a041,9
3814a042,9
3814a050,9
3814a080,8
3814a081,9
3814a082,9
3814a084,9
3814a090,9
3814a0a0,9
3814a0c0,9
3814a101,9
3814a102,9
3814a120,9
3814a180,9
3814a200,8
3814a201,9
3814a202,9
3814a204,9
3814a210,9
3814a220,9
3814a240,9
3814a280,9
3814a300,9
3814a800,8
3814a801,9
3814a802,9
3814a804,9
3814a810,9
3814a820,9
3814a840,9
3814a880,9
3814a900,9
3814aa00,9
38150007,9
38150203,9
38150481,9
38150601,9
38150803,9
38150881,9
38150882,9
38150a01,9
38150a80,9
38150c80,9
38152003,9
38152006,9
38152081,9
38152082,9
38152201,9
38152202,9
38152280,9
38152801,9
38152802,9
38152880,9
38152a00,9
38158003,9
38158005,9
38158006,9
38158011,9
38158041,9
38158081,9
38158101,9
38158201,9
38158202,9
38158280,9
38158300,9
38158401,9
38158480,9
38158600,9
38158801,9
38158802,9
38158880,9
38158900,9
38158a00,9
38158c00,9
3815a001,9
3815a002,9
3815a004,9
3815a010,9
3815a040,9
3815a080,9
3815a100,9
3815a200,9
3815a800,9
38160007,9
38160013,9
38160016,9
38160081,8
38160083,9
38160085,9
38160086,9
38160091,9
38160092,9
381600a1,9
381600a4,9
381600c1,9
38160181,9
38160203,9
38160205,9
38160206,9
38160211,9
38160212,9
38160241,9
38160281,9
38160282,9
38160290,9
38160401,8
38160403,9
38160405,9
38160406,9
38160411,9
38160412,9
38160414,9
38160421,9
38160424,9
38160441,9
38160444,9
38160480,8
38160481,9
38160482,9
38160484,9
38160490,9
381604a0,9
381604c0,9
38160501,9
38160580,9
38160600,8
38160601,9
38160602,9
38160604,9
38160610,9
38160620,9
38160640,9
38160700,9
38160803,9
38160805,9
38160811,9
38160841,9
38160881,9
38160882,9
38160884,9
38160890,9
381608c0,9
38160a01,9
38160a80,9
38160c01,9
38160c02,9
38160c04,9
38160c10,9
38160c40,9
38160c80,9
38160e00,9
38162001,8
38162003,9
38162005,9
38162006,9
38162011,9
38162012,9
38162021,9
38162041,9
38162080,8
38162081,9
38162082,9
38162084,9
38162090,9
381620a0,9
381620c0,9
38162101,9
38162180,9
38162201,9
38162202,9
38162204,9
38162210,9
38162240,9
38162280,9
38162801,9
38162802,9
38162804,9
38162810,9
38162840,9
38162880,9
38162a00,9
38168001,8
38168003,9
38168005,9
38168006,9
38168011,9
38168012,9
38168021,9
38168041,9
38168080,8
38168081,9
38168082,9
38168084,9
38168090,9
381680a0,9
381680c0,9
38168101,9
38168180,9
38168200,8
38168201,9
38168202,9
38168204,9
38168210,9
38168220,9
38168240,9
38168280,9
38168300,9
38168400,8
38168401,9
38168402,9
38168404,9
38168410,9
38168420,9
38168440,9
38168480,9
38168500,9
38168600,9
38168801,9
38168802,9
38168804,9
38168810,9
38168840,9
38168880,9
38168900,9
38168a00,9
38168c00,9
3816a000,8
3816a001,9
3816a002,9
3816a004,9
3816a010,9
3816a020,9
3816a040,9
3816a080,9
3816a100,9
3816a200,9
3816a800,9
38170003,9
38170005,9
38170006,9
38170081,9
38170082,9
38170084,9
38170201,9
38170202,9
38170204,9
38170210,9
38170240,9
38170280,9
38170400,8
38170401,9
38170402,9
38170404,9
38170410,9
38170420,9
38170440,9
38170480,9
38170500,9
38170600,9
38170801,9
38170880,9
38170a00,9
38170c00,9
38172001,9
38172080,9
38172200,9
38172800,9
38178001,9
38178002,9
38178004,9
38178040,9
38178080,9
38178100,9
38178200,9
38178400,9
38178800,9
3817a000,9
38204289,9
38204609,9
38204889,9
38208289,9
38210289,9
38210609,9
38214209,9
3822008b,9
382200c9,9
38220189,9
3822020b,9
38220289,9
3822028a,9
3822040b,9
38220449,9
38220609,9
38220889,9
38220a09,9
38220a88,9
38220c09,9
38220e08,9
38222281,9
38222282,9
38222409,9
38222809,9
38222c08,9
3822400b,9
3822400d,9
38224019,9
38224049,9
38224089,9
3822408a,9
3822408c,9
38224098,9
38224109,9
38224209,9
38224281,9
38224288,9
38224409,9
3822440a,9
3822440c,9
38224418,9
38224508,9
38224608,9
38224809,9
38224888,9
38224a08,9
38224c08,9
38226009,9
38226808,9
38228089,9
38228209,9
38228409,9
38228448,9
38228888,9
3822c009,9
38230089,9
38230209,9
38230288,9
38230409,9
38230602,9
38230608,9
38230640,9
38234009,9
38234088,9
38234208,9
38234280,9
38234408,9
38238600,9
3824200b,9
3824200d,9
38242049,9
38242083,9
38242086,9
38242092,9
382420c2,9
38242282,9
38242809,9
38242882,9
38242a80,9
3824800d,9
38248049,9
38248109,9
38248809,9
3824a041,9
3824a081,9
3824a082,9
3824a0c0,9
3824a201,9
3824a280,9
3824a880,9
38250640,9
38258009,9
38258600,9
3826000b,9
3826000d,9
38260019,9
38260049,9
38260083,9
38260109,9
38260281,9
38260441,9
38260602,9
38260604,9
38260610,9
38260640,9
38260700,9
38260809,9
38260e00,9
38262003,9
38262009,9
38262041,9
38262081,9
38262082,9
38262084,9
38262090,9
382620c0,9
38262180,9
38262201,9
38262280,9
38262808,9
38262880,9
38268009,9
38268081,9
38268082,9
38268201,9
38268401,9
38268440,9
38268600,9
3826a001,9
3826a008,9
3826a080,9
38270009,9
38270401,9
38270440,9
38270600,9
38272008,9
38272080,9
38278400,9
38308121,9
3830a201,9
38320203,9
38320281,9
38320406,9
38320412,9
38320424,9
38320440,8
38320442,9
38320444,9
38320450,9
38320460,9
38320500,8
38320502,9
38320504,9
38320510,9
38320520,9
38320540,9
38320c02,9
38320c04,9
38320c10,9
38320c40,9
38320d00,9
38322003,9
38322081,9
38322082,9
383220c0,9
38322201,9
38322280,9
38322880,9
38328003,9
38328081,9
38328101,9
38328201,9
38328400,8
38328402,9
38328404,9
38328410,9
38328420,9
38328440,9
38328500,9
38328c00,9
3832a001,9
3832a080,9
38330400,8
38330402,9
38330404,9
38330410,9
38330420,9
38330440,9
38330500,9
38330c00,9
38338400,9
38340007,9
38340013,9
38340016,9
38340043,9
38340045,9
38340046,9
38340051,9
38340052,9
38340083,9
38340086,9
383400c1,9
383400c2,9
38340103,9
38340124,9
38340141,9
38340150,9
38340181,9
38340203,9
38340206,9
38340241,9
38340242,9
38340281,9
38340301,9
38340340,9
38340406,9
38340803,9
38340805,9
38340806,9
38340811,9
38340812,9
38340841,9
38340842,9
38340844,9
38340850,9
38340881,9
38340882,9
383408c0,9
38340901,9
38340902,9
38340940,9
38340980,9
38340a01,9
38340a02,9
38340a40,9
38340a80,9
38340b00,9
38342001,8
38342003,9
38342005,9
38342006,9
38342011,9
38342012,9
38342021,9
38342024,9
38342040,8
38342041,9
38342042,9
38342044,9
38342050,9
38342060,9
38342080,8
38342081,9
38342082,9
38342084,9
38342090,9
383420a0,9
383420c0,9
38342101,9
38342102,9
38342140,9
38342180,9
38342201,9
38342202,9
38342204,9
38342240,9
38342280,9
38342300,9
38342800,8
38342801,9
38342802,9
38342804,9
38342810,9
38342820,9
38342840,9
38342880,9
38342900,9
38342a00,9
38348001,8
38348003,9
38348005,9
38348006,9
38348011,9
38348012,9
38348021,9
38348040,8
38348041,9
38348042,9
38348044,9
38348050,9
38348060,9
38348081,9
38348082,9
38348084,9
38348090,9
383480c0,9
38348100,8
38348101,9
38348102,9
38348104,9
38348110,9
38348120,9
38348140,9
38348180,9
38348201,9
38348202,9
38348204,9
38348240,9
38348280,9
38348300,9
38348402,9
38348404,9
38348440,9
38348500,9
38348800,8
38348801,9
38348802,9
38348804,9
38348810,9
38348820,9
38348840,9
38348880,9
38348900,9
38348a00,9
38348c00,9
3834a000,8
3834a001,9
3834a002,9
3834a004,9
3834a010,9
3834a020,9
3834a040,9
3834a080,9
3834a100,9
3834a200,9
3834a800,9
38350003,9
38350041,9
38350042,9
38350101,9
38350201,9
38350202,9
38350240,9
38350440,9
38350801,9
38350802,9
38350840,9
38350880,9
38350900,9
38350a00,9
38352001,9
38352002,9
38352040,9
38352080,9
38352100,9
38352200,9
38352800,9
38358001,9
38358002,9
38358004,9
38358040,9
38358080,9
38358100,9
38358200,9
38358400,9
38358800,9
3835a000,9
38360001,8
38360003,9
38360005,9
38360006,9
38360011,9
38360012,9
38360021,9
38360024,9
38360041,9
38360042,9
38360044,9
38360050,9
38360081,9
38360082,9
38360084,9
38360090,9
383600c0,9
38360101,9
38360102,9
38360104,9
38360140,9
38360180,9
38360201,9
38360202,9
38360240,9
38360280,9
38360400,8
38360402,9
38360404,9
38360410,9
38360420,9
38360440,9
38360500,9
38360801,9
38360802,9
38360840,9
38360880,9
38360900,9
38360a00,9
38360c00,9
38362000,8
38362001,9
38362002,9
38362004,9
38362010,9
38362020,9
38362040,9
38362080,9
38362100,9
38362200,9
38362800,9
38368000,8
38368001,9
38368002,9
38368004,9
38368010,9
38368020,9
38368040,9
38368080,9
38368100,9
38368200,9
38368400,9
38368800,9
3836a000,9
38370001,9
38370002,9
38370004,9
38370040,9
38370080,9
38370100,9
38370200,9
38370400,9
38370800,9
38372000,9
38378000,9
38404289,9
38404889,9
38410609,9
38414209,9
38414608,9
38418601,9
38420289,9
38420609,9
38420889,9
38420a09,9
38422086,9
38422092,9
384220a4,9
38422809,9
3842280a,9
3842280c,9
38422880,8
38422882,9
38422884,9
384228a0,9
38422980,9
38424089,9
38424209,9
38424281,9
38424288,9
38424409,9
38424809,9
38424888,9
38424a08,9
38426804,9
38428209,9
38428601,9
38428809,9
38428888,9
3842a009,9
3842a808,9
3842c808,9
38430089,9
38430209,9
38430288,9
38430600,8
38430601,9
38430602,9
38430604,9
38430610,9
38430620,9
38430640,9
38430700,9
38430888,9
38430e00,9
38432009,9
38432082,9
38432084,9
38432808,9
38432880,9
38434009,9
38434088,9
38434201,9
38434208,9
38434280,9
38438201,9
38438401,9
38438600,9
38448601,9
38448c01,9
38450600,8
38450601,9
38450602,9
38450604,9
38450610,9
38450620,9
38450640,9
38450700,9
38450e00,9
38458201,9
38458401,9
38458600,9
38458801,9
38458a00,9
38458c00,9
38460405,9
38460601,9
38460602,9
38460604,9
38460640,9
38460809,9
38460c01,9
38460e00,9
38462005,9
38462006,9
38462012,9
38462801,9
38462802,9
38462804,9
38462810,9
38462840,9
38468009,9
38468201,9
38468401,9
38468402,9
38468404,9
38468440,9
38468500,9
38468600,9
38468801,9
38468808,9
38468c00,9
3846a001,9
3846a002,9
3846a004,9
3846a800,9
38470009,9
38470201,9
38470202,9
38470204,9
38470210,9
38470240,9
38470400,8
38470401,9
38470402,9
38470404,9
38470410,9
38470420,9
38470440,9
38470500,9
38470600,9
38470a00,9
38470c00,9
38472001,9
38472002,9
38472004,9
38472010,9
38472040,9
38472800,9
38478001,9
38478200,9
38478400,9
3847a000,9
38508121,9
38508403,9
38508441,9
38508501,9
38508803,9
38508805,9
38508901,9
38508c01,9
38510c01,9
38518401,9
38518801,9
38518c00,9
38520401,8
38520403,9
38520405,9
38520411,9
38520421,9
38520441,9
38520501,9
38520803,9
38520805,9
38520811,9
38520c01,9
38520c02,9
38520c40,9
38528001,8
38528003,9
38528005,9
38528011,9
38528021,9
38528041,9
38528101,9
38528400,8
38528401,9
38528402,9
38528404,9
38528410,9
38528420,9
38528440,9
38528500,9
38528801,9
38528c00,9
38530003,9
38530005,9
38530011,9
38530041,9
38530400,8
38530401,9
38530402,9
38530404,9
38530410,9
38530420,9
38530440,9
38530500,9
38530801,9
38530c00,9
38538001,9
38538400,9
38538800,9
38540007,9
38540013,9
38540016,9
38540401,8
38540403,9
38540405,9
38540406,9
38540411,9
38540421,9
38540441,9
38540501,9
38540801,8
38540803,9
38540805,9
38540811,9
38540821,9
38540841,9
38540901,9
38540c01,9
38548001,8
38548003,9
38548005,9
38548006,9
38548011,9
38548021,9
38548041,9
38548101,9
38548401,9
38548402,9
38548404,9
38548410,9
38548440,9
38548500,9
38548801,9
38548802,9
38548804,9
38548810,9
38548840,9
38548900,9
38548c00,9
38550001,8
38550003,9
38550005,9
38550011,9
38550021,9
38550041,9
38550101,9
38550401,9
38550402,9
38550404,9
38550410,9
38550440,9
38550801,9
38550c00,9
38558001,9
38558002,9
38558004,9
38558040,9
38558100,9
38558400,9
38558800,9
38560001,8
38560003,9
38560005,9
38560006,9
38560011,9
38560012,9
38560021,9
38560041,9
38560101,9
38560400,8
38560401,9
38560402,9
38560404,9
38560410,9
38560420,9
38560440,9
38560500,9
38560801,9
38560802,9
38560804,9
38560810,9
38560840,9
38560c00,9
38568000,8
38568001,9
38568002,9
38568004,9
38568010,9
38568020,9
38568040,9
38568100,9
38568400,9
38568800,9
38570000,8
38570001,9
38570002,9
38570004,9
38570010,9
38570020,9
38570040,9
38570100,9
38570400,9
38570800,9
38578000,9
38620089,9
38620209,9
38620409,9
38620809,9
38620c08,9
38622009,9
3862200a,9
38622808,9
38624009,9
38624088,9
38624408,9
38624808,9
38626002,9
38626800,9
38628440,9
3862a008,9
38630440,9
38632008,9
38638400,9
38648440,9
38650440,9
38658400,9
38660009,9
38660402,9
38660404,9
38660440,9
38660500,9
38660c00,9
38662001,9
38662002,9
38662004,9
38662010,9
38662040,9
38662100,9
38662800,9
38668400,9
38670400,9
38672000,9
38801219,9
38801249,9
38802249,9
38802289,9
38803049,9
38803089,9
38803209,9
3880400f,9
3880404d,9
38804069,9
38804149,9
3880420b,9
38804849,9
38804a09,9
38808249,9
38808309,9
38809019,9
38809049,9
38809109,9
38809209,9
3880a209,9
3880b009,9
3880c121,9
38810249,9
38811049,9
38811209,9
38812209,9
38814049,9
3881404a,9
38814209,9
3881420a,9
38814c08,9
38818209,9
38819009,9
3882008b,9
38820099,9
388200c9,9
38820149,9
38820189,9
38820209,8
3882020b,9
3882020d,9
38820219,9
38820229,9
38820249,9
38820289,9
38820309,9
38820449,9
38820603,9
38820849,9
38820889,9
38820a09,9
38820c09,9
38821009,8
3882100d,9
38821019,9
38821029,9
38821049,9
38821089,9
38821109,9
38821209,9
38821809,9
38822009,8
3882200d,9
38822019,9
38822029,9
38822049,9
38822089,9
38822109,9
38822209,9
38822281,9
38822282,9
38822288,9
38822409,9
38822809,9
38822888,9
38823009,9
38823081,9
38823088,9
38823208,9
38823280,9
38824009,8
3882400b,9
3882400d,9
3882400e,9
38824019,9
38824029,9
38824049,9
3882404a,9
3882404c,9
38824068,9
38824109,9
38824148,9
38824203,9
38824209,9
3882420a,9
38824228,9
38824250,9
38824308,9
38824428,9
38824809,9
3882480a,9
3882480c,9
38824848,9
38824908,9
38824a08,9
38824c08,9
38828009,8
3882800d,9
38828019,9
38828029,9
38828049,9
38828089,9
38828109,9
38828209,9
38828409,9
38828601,9
38828602,9
38828809,9
38829009,9
3882a009,9
3882a088,9
38830049,9
38830089,9
38830209,9
38830409,9
38830601,9
38830602,9
38830640,9
38831009,9
38832009,9
38834009,9
3883400a,9
38834048,9
38834108,9
38834201,9
38834202,9
38834208,9
38834240,9
38834408,9
38834808,9
38838009,9
38838600,9
38840449,9
38842016,9
38842083,9
38842086,9
38842203,9
38842206,9
38842282,9
38842882,9
38842a80,9
38848049,9
38848109,9
38848203,9
3884a003,9
3884a006,9
3884a009,9
3884a081,9
3884a082,9
3884a0c0,9
3884a101,9
3884a102,9
3884a180,9
3884a201,9
3884a202,9
3884a280,9
3884a880,9
38850409,9
38850602,9
38852202,9
38858600,9
38860049,9
38860203,9
38860281,9
38860403,9
38860406,9
38860409,9
38860601,9
38860602,9
38860604,9
38860640,9
38860809,9
38862003,9
38862009,9
38862081,9
38862082,9
38862084,9
38862090,9
388620c0,9
38862180,9
38862201,9
38862202,9
38862280,9
38862880,9
38868003,9
38868009,9
38868081,9
38868201,9
38868401,9
38868402,9
38868440,9
38868500,9
38868600,9
3886a001,9
3886a002,9
3886a080,9
3886a200,9
38870009,9
38870401,9
38870402,9
38870600,9
38872080,9
38878400,9
3888004d,9
38880059,9
388800c9,9
38880149,9
38880209,8
3888020d,9
38880219,9
38880229,9
38880249,9
38880289,9
38880309,9
38880849,9
38880889,9
38880a09,9
38881009,8
3888100d,9
38881019,9
38881029,9
38881049,9
38881089,9
38881109,9
38881209,9
38881248,9
38881809,9
38882009,8
3888200d,9
38882019,9
38882029,9
38882049,9
38882089,9
38882109,9
38882209,9
38882248,9
38882288,9
38882809,9
38882888,9
38882a80,9
38883009,9
3888300c,9
38883018,9
38883048,9
38883088,9
38883201,9
38883208,9
38883280,9
38883808,9
38883880,9
38888009,8
3888800d,9
38888019,9
38888029,9
38888049,9
38888089,9
38888109,9
38888209,9
38888809,9
38889009,9
38889048,9
38889108,9
38889208,9
3888a009,9
3888a088,9
3888a208,9
3888a280,9
3888b008,9
3888b080,9
3888b200,9
3889000d,9
38890049,9
38890089,9
38890109,9
38890209,9
38890809,9
38891009,9
38891208,9
38892009,9
38892208,9
38892280,9
38893008,9
38893200,9
38898009,9
38899008,9
388a0009,8
388a000d,9
388a0019,9
388a0029,9
388a0049,9
388a0089,9
388a0109,9
388a0209,9
388a0281,9
388a0288,9
388a0809,9
388a0888,9
388a1009,9
388a1088,9
388a1201,9
388a1208,9
388a1280,9
388a2009,9
388a2048,9
388a2081,9
388a2084,9
388a2088,9
388a20c0,9
388a2201,9
388a2208,9
388a2280,9
388a2880,9
388a3008,9
388a3080,9
388a3200,9
388a8009,9
388a8088,9
388a8201,9
388a9008,9
388aa008,9
388aa080,9
388b0009,9
388b0208,9
388b1008,9
388b2080,9
38901003,8
38901007,9
38901013,9
38901016,9
38901023,9
38901043,9
38901083,9
38901103,9
38901803,9
3890180c,9
38901812,9
38901818,9
38901828,9
38901842,9
38901848,9
38901881,9
38901882,9
38901888,9
38901908,9
38901a01,9
38901a02,9
38901a08,9
38901a40,9
38908009,8
3890800b,9
3890800d,9
38908019,9
38908029,9
38908049,9
3890804a,9
38908089,9
38908109,9
3890810a,9
38908203,9
38908209,9
3890820a,9
38908248,9
38908308,9
38908403,9
38908809,9
3890880a,9
38908888,9
38908908,9
38908a08,9
38909003,9
38909008,8
38909009,9
3890900a,9
3890900c,9
38909012,9
38909018,9
38909028,9
38909041,9
38909042,9
38909048,9
38909081,9
38909088,9
38909101,9
38909108,9
38909201,9
38909202,9
38909208,9
38909240,9
38909801,9
38909802,9
38909808,9
38909a00,9
3890a003,9
3890a082,9
3890a201,9
3890a202,9
38910009,8
3891000b,9
3891000d,9
38910019,9
38910029,9
38910049,9
38910089,9
38910109,9
38910203,9
38910209,9
3891020a,9
38910248,9
38910308,9
38910809,9
3891080a,9
38910a08,9
38911003,9
38911008,8
38911009,9
3891100a,9
3891100c,9
38911018,9
38911028,9
38911048,9
38911088,9
38911108,9
38911201,9
38911202,9
38911208,9
38911240,9
38911802,9
38911808,9
38911a00,9
38918009,9
3891800a,9
38918208,9
38919001,9
38919002,9
38919008,9
38919200,9
38920203,9
38920403,9
38920405,9
38920406,9
38920411,9
38920412,9
38920441,9
38920442,9
38920501,9
38920502,9
38920c01,9
38920c02,9
38922081,9
38922082,9
38922280,9
38922880,9
38928003,9
38928081,9
38928201,9
38928400,8
38928401,9
38928402,9
38928404,9
38928410,9
38928420,9
38928440,9
38928500,9
38928c00,9
3892a001,9
3892a080,9
38930401,9
38930402,9
38938400,9
38940007,9
38940013,9
38940016,9
38940043,9
38940046,9
38940083,9
38940103,9
38940106,9
38940203,9
38940206,9
38940241,9
38940242,9
38940403,9
38940406,9
38940803,9
38940806,9
38940812,9
38940841,9
38940842,9
38940881,9
38940882,9
38940901,9
38940902,9
38940940,9
38940a01,9
38940a02,9
38940a40,9
38940a80,9
38942002,8
38942003,9
38942005,9
38942006,9
38942012,9
38942022,9
38942041,9
38942042,9
38942081,9
38942082,9
38942084,9
38942090,9
389420c0,9
38942101,9
38942102,9
38942140,9
38942180,9
38942201,9
38942202,9
38942204,9
38942240,9
38942280,9
38942300,9
38942801,9
38942802,9
38942804,9
38942840,9
38942880,9
38942900,9
38942a00,9
38948001,8
38948002,8
38948003,9
38948005,9
38948006,9
38948011,9
38948012,9
38948021,9
38948022,9
38948041,9
38948042,9
38948044,9
38948050,9
38948081,9
38948082,9
38948084,9
38948090,9
389480c0,9
38948100,8
38948101,9
38948102,9
38948104,9
38948110,9
38948120,9
38948140,9
38948180,9
38948201,9
38948202,9
38948204,9
38948240,9
38948280,9
38948300,9
38948401,9
38948402,9
38948404,9
38948440,9
38948500,9
38948800,8
38948801,9
38948802,9
38948804,9
38948810,9
38948820,9
38948840,9
38948880,9
38948900,9
38948a00,9
38948c00,9
3894a000,8
3894a001,9
3894a002,9
3894a004,9
3894a010,9
3894a020,9
3894a040,9
3894a080,9
3894a100,9
3894a200,9
3894a800,9
38950003,9
38950006,9
38950201,9
38950202,9
38950401,9
38950402,9
38950801,9
38950802,9
38950880,9
38952001,9
38952002,9
38952040,9
38952080,9
38952200,9
38952800,9
38958001,9
38958002,9
38958040,9
38958080,9
38958100,9
38958200,9
38958400,9
38958800,9
3895a000,9
38960003,9
38960006,9
38960012,9
38960041,9
38960081,9
38960082,9
389600c0,9
38960101,9
38960201,9
38960202,9
38960240,9
38960280,9
38960400,8
38960401,9
38960402,9
38960404,9
38960410,9
38960420,9
38960440,9
38960500,9
38960801,9
38960802,9
38960880,9
38960a00,9
38960c00,9
38962001,9
38962002,9
38962004,9
38962010,9
38962040,9
38962080,9
38962100,9
38962200,9
38962800,9
38968001,9
38968002,9
38968004,9
38968010,9
38968040,9
38968080,9
38968100,9
38968200,9
38968400,9
38968800,9
3896a000,9
38970001,9
38970400,9
38972000,9
38978000,9
38a00449,9
38a0400b,9
38a04109,9
38a0410a,9
38a04142,9
38a04209,9
38a0420a,9
38a14042,9
38a14048,9
38a14202,9
38a14208,9
38a20049,9
38a20089,9
38a20209,9
38a20409,9
38a2040a,9
38a20448,9
38a20c08,9
38a22082,9
38a22408,9
38a24009,9
38a2400a,9
38a2400c,9
38a24018,9
38a24028,9
38a24042,9
38a24048,9
38a24108,9
38a24140,9
38a24202,9
38a24208,9
38a24402,9
38a24808,9
38a28402,9
38a28408,9
38a30402,9
38a30408,9
38a34008,9
38a40043,9
38a40049,9
38a400c2,9
38a40142,9
38a40242,9
38a42003,9
38a42006,9
38a42041,9
38a42042,9
38a42082,9
38a420c0,9
38a42102,9
38a42140,9
38a42202,9
38a42240,9
38a42840,9
38a48003,9
38a48009,9
38a48041,9
38a48042,9
38a48082,9
38a48101,9
38a48140,9
38a48240,9
38a4a001,9
38a4a002,9
38a4a040,9
38a4a080,9
38a4a100,9
38a52002,9
38a60003,9
38a60009,9
38a60041,9
38a60042,9
38a60082,9
38a60402,9
38a60440,9
38a60500,9
38a62001,9
38a62002,9
38a62040,9
38a62080,9
38a68400,9
38a70400,9
38b00043,9
38b00203,9
38b00242,9
38b02003,9
38b02042,9
38b02082,9
38b02202,9
38b08003,9
38b08041,9
38b08042,9
38b08101,9
38b08102,9
38b08201,9
38b08202,9
38b0a002,9
38b20003,9
38b22002,9
38b22080,9
38b28001,9
38b28002,9
38b40003,9
38b40006,9
38b40012,9
38b40040,8
38b40041,9
38b40042,9
38b40044,9
38b40050,9
38b40060,9
38b40081,9
38b40082,9
38b400c0,9
38b40101,9
38b40102,9
38b40104,9
38b40140,9
38b40180,9
38b40201,9
38b40202,9
38b40240,9
38b40300,9
38b40801,9
38b40802,9
38b40804,9
38b40840,9
38b40880,9
38b40900,9
38b40a00,9
38b42001,9
38b42002,9
38b42004,9
38b42010,9
38b42040,9
38b42080,9
38b42100,9
38b42200,9
38b42800,9
38b48000,8
38b48001,9
38b48002,9
38b48004,9
38b48010,9
38b48020,9
38b48040,9
38b48080,9
38b48100,9
38b48200,9
38b48800,9
38b4a000,9
38b50001,9
38b50002,9
38b50040,9
38b50100,9
38b50200,9
38b50800,9
38b52000,9
38b58000,9
38b60001,9
38b60002,9
38b60040,9
38b60080,9
38b60100,9
38b60200,9
38b60800,9
38b62000,9
38b68000,9
38c10602,9
38c14060,9
38c14840,9
38c14a00,9
38c18600,9
38c20601,9
38c20602,9
38c20640,9
38c22009,9
38c22808,9
38c24009,9
38c24808,9
38c28600,9
38c30401,9
38c30402,9
38c30600,9
38c34008,9
38c34040,9
38c34200,9
38c38400,9
38c40406,9
38c40442,9
38c40602,9
38c40640,9
38c48401,9
38c48402,9
38c48440,9
38c48600,9
38c50202,9
38c50240,9
38c50401,9
38c50402,9
38c50440,9
38c50600,9
38c58200,9
38c58400,9
38c60009,9
38c60240,9
38c60401,9
38c60402,9
38c60404,9
38c60440,9
38c60500,9
38c60600,9
38c60c00,9
38c62004,9
38c68400,9
38c70200,9
38c70400,9
38d00007,9
38d00013,9
38d00043,9
38d00083,9
38d00403,9
38d00803,9
38d00805,9
38d00841,9
38d00881,9
38d00c01,9
38d01001,8
38d01003,9
38d01005,9
38d01006,9
38d01011,9
38d01012,9
38d01021,9
38d01041,9
38d01042,9
38d01050,9
38d01081,9
38d01082,9
38d01101,9
38d01102,9
38d01801,9
38d01802,9
38d01810,9
38d01840,9
38d01880,9
38d01900,9
38d08003,9
38d08041,9
38d08081,9
38d08101,9
38d08401,9
38d08402,9
38d08801,9
38d08c00,9
38d09001,9
38d09002,9
38d09010,9
38d09040,9
38d09100,9
38d09800,9
38d10003,9
38d10041,9
38d10401,9
38d10801,9
38d11001,9
38d11002,9
38d11010,9
38d11040,9
38d11100,9
38d11800,9
38d18001,9
38d18400,9
38d19000,9
38d20003,9
38d20400,8
38d20401,9
38d20402,9
38d20404,9
38d20410,9
38d20420,9
38d20440,9
38d20500,9
38d20801,9
38d20c00,9
38d28001,9
38d28002,9
38d28400,9
38d28800,9
38d30001,9
38d30400,9
38d38000,9
38d40003,9
38d40005,9
38d40006,9
38d40041,9
38d40101,9
38d40401,9
38d40402,9
38d40404,9
38d40440,9
38d40500,9
38d40801,9
38d40c00,9
38d48001,9
38d48002,9
38d48040,9
38d48100,9
38d48400,9
38d48800,9
38d50001,9
38d50002,9
38d50400,9
38d58000,9
38d60001,9
38d60002,9
38d60004,9
38d60040,9
38d60100,9
38d60400,9
38d60800,9
38d68000,9
38d70000,9
38e04840,9
38e14040,9
38e14200,9
38e20402,9
38e20440,9
38e24008,9
38e24040,9
38e28400,9
38e30400,9
38e40042,9
38e40402,9
38e40440,9
38e50040,9
38e50400,9
38e60040,9
38e60400,9
39022809,9
39028809,9
3902a009,9
39030809,9
3904001b,9
39040809,8
39040819,9
39040829,9
39040909,9
39048009,8
39048019,9
39048029,9
39048109,9
39060009,8
3906000b,9
3906000d,9
39060019,9
39060029,9
39060049,9
39060109,9
3906080a,9
3906080c,9
39068009,9
3906800c,9
39068808,9
3922000b,9
39220809,9
39228009,9
39428808,9
39820049,9
39820809,9
39828009,9
3a00001f,9
3a00020f,9
3a00028b,9
3a000a0b,9
3a000a89,9
3a00100f,9
3a00101b,9
3a00104b,9
3a00108b,9
3a001209,8
3a00120b,9
3a00120d,9
3a001219,9
3a001229,9
3a001249,9
3a001289,9
3a001309,9
3a00180b,9
3a00180d,9
3a001849,9
3a001889,9
3a001a09,9
3a002289,9
3a002889,9
3a002a09,9
3a00300d,9
3a003019,9
3a003049,9
3a003089,9
3a003209,9
3a003288,9
3a003809,9
3a003888,9
3a00800f,9
3a00808b,9
3a008109,8
3a00810b,9
3a00810d,9
3a008119,9
3a008125,9
3a008129,9
3a00812c,9
3a008149,9
3a008189,9
3a008209,8
3a00820b,9
3a00820d,9
3a008219,9
3a008229,9
3a008249,9
3a008289,9
3a008309,9
3a008321,9
3a00880b,9
3a008889,9
3a008909,9
3a008a09,9
3a009009,8
3a00900b,9
3a00900d,9
3a009019,9
3a009029,9
3a009049,9
3a009089,9
3a009109,9
3a009128,9
3a009188,9
3a009209,9
3a009288,9
3a009308,9
3a009809,9
3a009888,9
3a009908,9
3a009a08,9
3a00a009,8
3a00a00d,9
3a00a019,9
3a00a029,9
3a00a049,9
3a00a089,9
3a00a098,9
3a00a109,9
3a00a128,9
3a00a188,9
3a00a209,9
3a00a281,9
3a00a288,9
3a00a308,9
3a00a809,9
3a00a888,9
3a00b009,9
3a00b00c,9
3a00b018,9
3a00b048,9
3a00b081,9
3a00b084,9
3a00b088,9
3a00b108,9
3a00b201,9
3a00b208,9
3a00b280,9
3a00b808,9
3a00b880,9
3a010209,8
3a01020b,9
3a01020d,9
3a010219,9
3a010229,9
3a010249,9
3a010289,9
3a010309,9
3a010889,9
3a010a09,9
3a01100b,9
3a01100d,9
3a011019,9
3a011049,9
3a011089,9
3a011209,9
3a011809,9
3a012089,9
3a012209,9
3a013009,9
3a013208,9
3a01800b,9
3a018089,9
3a018109,9
3a018209,9
3a018809,9
3a019009,9
3a019088,9
3a019108,9
3a019208,9
3a019808,9
3a01a009,9
3a01a088,9
3a01b008,9
3a020089,8
3a02008b,9
3a02008d,9
3a020099,9
3a0200a9,9
3a0200c9,9
3a020189,9
3a020209,8
3a02020b,9
3a02020d,9
3a020219,9
3a020229,9
3a020249,9
3a020289,9
3a020309,9
3a020809,8
3a02080d,9
3a020819,9
3a020829,9
3a020849,9
3a020889,9
3a02088a,9
3a020909,9
3a020a09,9
3a020a88,9
3a021009,8
3a02100d,9
3a021019,9
3a021029,9
3a021049,9
3a021089,9
3a021109,9
3a021209,9
3a021288,9
3a021809,9
3a021888,9
3a022009,8
3a02200d,9
3a022019,9
3a022029,9
3a022049,9
3a022088,8
3a022089,9
3a02208c,9
3a022098,9
3a0220a8,9
3a0220c8,9
3a022109,9
3a022188,9
3a022209,9
3a022281,9
3a022288,9
3a022809,9
3a022881,9
3a022888,9
3a022a80,9
3a023009,9
3a02300c,9
3a023081,9
3a023084,9
3a023088,9
3a023090,9
3a023201,9
3a023208,9
3a023280,9
3a023808,9
3a023880,9
3a02400b,9
3a024029,9
3a024809,9
3a028009,8
3a02800d,9
3a028019,9
3a028029,9
3a028049,9
3a028089,9
3a028109,9
3a028188,9
3a028209,9
3a028281,9
3a028288,9
3a028809,9
3a028888,9
3a029009,9
3a02900c,9
3a029081,9
3a029088,9
3a029108,9
3a029201,9
3a029208,9
3a029808,9
3a02a009,9
3a02a081,9
3a02a084,9
3a02a088,9
3a02a090,9
3a02a0c0,9
3a02a108,9
3a02a180,9
3a02a201,9
3a02a208,9
3a02a280,9
3a02a808,9
3a02a880,9
3a02b001,9
3a02b008,9
3a02b080,9
3a02b200,9
3a030009,8
3a03000d,9
3a030019,9
3a030029,9
3a030049,9
3a030089,9
3a030109,9
3a030209,9
3a030809,9
3a030888,9
3a031009,9
3a031208,9
3a032009,9
3a032088,9
3a032280,9
3a032880,9
3a033008,9
3a033080,9
3a034009,9
3a034808,9
3a038009,9
3a038201,9
3a039008,9
3a03a080,9
3a08001d,9
3a08002d,9
3a08004d,9
3a080059,9
3a08008d,9
3a080099,9
3a0800c9,9
3a080209,8
3a08020d,9
3a080219,9
3a080229,9
3a080249,9
3a080289,9
3a080309,9
3a080809,8
3a08080d,9
3a080819,9
3a080829,9
3a080849,9
3a080889,9
3a080909,9
3a080a09,9
3a080a88,9
3a081009,8
3a08100d,9
3a081019,9
3a081029,9
3a081049,9
3a081089,9
3a08108c,9
3a081109,9
3a081209,9
3a08120c,9
3a081248,9
3a081288,9
3a081809,9
3a08180c,9
3a081818,9
3a081848,9
3a081888,9
3a081a08,9
3a081a80,9
3a082009,8
3a08200d,9
3a082019,9
3a082029,9
3a082049,9
3a082089,9
3a08208c,9
3a082098,9
3a0820c8,9
3a082109,9
3a082209,9
3a08220c,9
3a082281,9
3a082288,9
3a082809,9
3a082881,9
3a082884,9
3a082888,9
3a082a08,9
3a082a80,9
3a083008,8
3a083009,9
3a08300c,9
3a083018,9
3a083028,9
3a083048,9
3a083081,9
3a083084,9
3a083088,9
3a083090,9
3a083108,9
3a083201,9
3a083204,9
3a083208,9
3a083280,9
3a083804,9
3a083808,9
3a083880,9
3a083a00,9
3a088009,8
3a08800d,9
3a088019,9
3a088029,9
3a088049,9
3a088089,9
3a088109,9
3a088128,9
3a088188,9
3a088209,9
3a088281,9
3a088288,9
3a088308,9
3a088809,9
3a088888,9
3a088908,9
3a088a01,9
3a088a08,9
3a088a80,9
3a089005,9
3a089008,8
3a089009,9
3a08900c,9
3a089018,9
3a089028,9
3a089048,9
3a089088,9
3a089101,9
3a089108,9
3a089201,9
3a089204,9
3a089208,9
3a089801,9
3a089804,9
3a089808,9
3a089880,9
3a089a00,9
3a08a008,8
3a08a009,9
3a08a00c,9
3a08a018,9
3a08a028,9
3a08a048,9
3a08a081,9
3a08a084,9
3a08a088,9
3a08a090,9
3a08a0c0,9
3a08a108,9
3a08a180,9
3a08a201,9
3a08a208,9
3a08a280,9
3a08a801,9
3a08a808,9
3a08a880,9
3a08aa00,9
3a08b001,9
3a08b004,9
3a08b008,9
3a08b010,9
3a08b040,9
3a08b080,9
3a08b100,9
3a08b200,9
3a08b800,9
3a090009,8
3a09000d,9
3a090019,9
3a090029,9
3a090049,9
3a090089,9
3a090109,9
3a090209,9
3a090809,9
3a090888,9
3a090a08,9
3a090a80,9
3a091009,9
3a09100c,9
3a091088,9
3a091201,9
3a091208,9
3a091808,9
3a092009,9
3a092088,9
3a092208,9
3a092280,9
3a092808,9
3a092880,9
3a093008,9
3a093080,9
3a093200,9
3a098009,9
3a098088,9
3a098108,9
3a098201,9
3a098208,9
3a098808,9
3a099001,9
3a099008,9
3a099200,9
3a09a001,9
3a09a008,9
3a09a080,9
3a09a200,9
3a09b000,9
3a0a0009,8
3a0a000d,9
3a0a0019,9
3a0a0029,9
3a0a0049,9
3a0a0089,9
3a0a008c,9
3a0a0109,9
3a0a0209,9
3a0a0281,9
3a0a0288,9
3a0a0809,9
3a0a0881,9
3a0a0888,9
3a0a0a08,9
3a0a0a80,9
3a0a1009,9
3a0a100c,9
3a0a1018,9
3a0a1028,9
3a0a1048,9
3a0a1081,9
3a0a1088,9
3a0a1201,9
3a0a1208,9
3a0a1280,9
3a0a1808,9
3a0a1880,9
3a0a2009,9
3a0a200c,9
3a0a2018,9
3a0a2048,9
3a0a2080,8
3a0a2081,9
3a0a2084,9
3a0a2088,9
3a0a2090,9
3a0a20a0,9
3a0a20c0,9
3a0a2180,9
3a0a2201,9
3a0a2208,9
3a0a2280,9
3a0a2808,9
3a0a2880,9
3a0a2a00,9
3a0a3001,9
3a0a3004,9
3a0a3008,9
3a0a3080,9
3a0a3200,9
3a0a3800,9
3a0a8009,9
3a0a800c,9
3a0a8081,9
3a0a8088,9
3a0a8108,9
3a0a8201,9
3a0a8208,9
3a0a8280,9
3a0a8808,9
3a0a8880,9
3a0a9001,9
3a0a9008,9
3a0a9080,9
3a0a9200,9
3a0aa001,9
3a0aa004,9
3a0aa008,9
3a0aa080,9
3a0aa200,9
3a0aa800,9
3a0ab000,9
3a0b0009,9
3a0b0088,9
3a0b0201,9
3a0b0208,9
3a0b1008,9
3a0b2008,9
3a0b2080,9
3a0b2200,9
3a0b8008,9
3a10000b,8
3a10000f,9
3a10001b,9
3a10002b,9
3a10002d,9
3a10004b,9
3a100089,8
3a10008b,9
3a10008d,9
3a100099,9
3a1000a9,9
3a1000c9,9
3a10010b,9
3a100189,9
3a100209,8
3a10020b,9
3a10020d,9
3a100219,9
3a100229,9
3a100249,9
3a100289,9
3a100309,9
3a100809,8
3a10080b,9
3a10080d,9
3a10080e,9
3a100819,9
3a10081a,9
3a100829,9
3a100849,9
3a100889,9
3a10088a,9
3a100909,9
3a100a09,9
3a100a0a,9
3a100a0c,9
3a100a48,9
3a100a81,9
3a100a88,9
3a101007,9
3a101009,8
3a10100a,8
3a10100b,9
3a10100d,9
3a10100e,9
3a101013,9
3a101019,9
3a10101a,9
3a101029,9
3a10102a,9
3a10102c,9
3a101049,9
3a10104a,9
3a10104c,9
3a101083,9
3a101089,9
3a10108a,9
3a10108c,9
3a101098,9
3a1010c8,9
3a101109,9
3a10110a,9
3a101203,9
3a101205,9
3a101208,8
3a101209,9
3a10120a,9
3a10120c,9
3a101218,9
3a101228,9
3a101248,9
3a101281,9
3a101288,9
3a101308,9
3a101803,9
3a101805,9
3a101806,9
3a101808,8
3a101809,9
3a10180a,9
3a10180c,9
3a101812,9
3a101818,9
3a101828,9
3a101841,9
3a101848,9
3a101881,9
3a101882,9
3a101888,9
3a101908,9
3a101a01,9
3a101a02,9
3a101a04,9
3a101a08,9
3a101a80,9
3a108009,8
3a10800b,9
3a10800d,9
3a108019,9
3a108029,9
3a108049,9
3a108089,9
3a108109,9
3a108121,9
3a108128,9
3a108188,9
3a108209,9
3a108288,9
3a108308,9
3a108803,9
3a108808,8
3a108809,9
3a10880a,9
3a10880c,9
3a108818,9
3a108828,9
3a108848,9
3a108881,9
3a108888,9
3a108908,9
3a108a01,9
3a108a08,9
3a109001,8
3a109003,9
3a109005,9
3a109008,8
3a109009,9
3a10900a,9
3a10900c,9
3a109011,9
3a109018,9
3a109021,9
3a109028,9
3a109041,9
3a109048,9
3a109081,9
3a109088,9
3a109101,9
3a109108,9
3a109201,9
3a109202,9
3a109208,9
3a109280,9
3a109801,9
3a109802,9
3a109804,9
3a109808,9
3a109840,9
3a109880,9
3a109900,9
3a109a00,9
3a110009,8
3a11000b,9
3a11000d,9
3a110019,9
3a110029,9
3a110049,9
3a110089,9
3a110109,9
3a110209,9
3a11020a,9
3a110809,9
3a11080a,9
3a110888,9
3a110a08,9
3a110a80,9
3a111003,9
3a111008,8
3a111009,9
3a11100a,9
3a11100c,9
3a111018,9
3a111028,9
3a111048,9
3a111088,9
3a111108,9
3a111201,9
3a111202,9
3a111208,9
3a111801,9
3a111802,9
3a111808,9
3a111880,9
3a111a00,9
3a118009,9
3a118108,9
3a118201,9
3a118208,9
3a118808,9
3a119001,9
3a119008,9
3a119200,9
3a119800,9
3a200889,9
3a204809,9
3a210209,9
3a214009,9
3a220089,9
3a22008a,9
3a220209,9
3a220809,9
3a220888,9
3a220a08,9
3a224009,9
3a22400a,9
3a224808,9
3a230009,9
3a234008,9
3a404809,9
3a409801,9
3a410209,9
3a420089,9
3a420209,9
3a420809,9
3a420888,9
3a424009,9
3a424808,9
3a500801,8
3a500803,9
3a500805,9
3a500811,9
3a500821,9
3a500841,9
3a500881,9
3a500901,9
3a501001,8
3a501003,9
3a501005,9
3a501006,9
3a501011,9
3a501021,9
3a501041,9
3a501081,9
3a501101,9
3a501800,8
3a501801,9
3a501802,9
3a501804,9
3a501810,9
3a501820,9
3a501840,9
3a501880,9
3a501900,9
3a508003,9
3a508005,9
3a508011,9
3a508041,9
3a508081,9
3a508101,9
3a508801,9
3a508802,9
3a508804,9
3a508880,9
3a508900,9
3a509000,8
3a509001,9
3a509002,9
3a509004,9
3a509010,9
3a509020,9
3a509040,9
3a509080,9
3a509100,9
3a509800,9
3a510003,9
3a510801,9
3a510802,9
3a510880,9
3a511001,9
3a511002,9
3a511004,9
3a511010,9
3a511040,9
3a511080,9
3a511800,9
3a518001,9
3a518800,9
3a519000,9
3a620808,9
3a624008,9
3a80000f,9
3a80004b,9
3a800149,9
3a80020b,9
3a800249,9
3a800289,9
3a800309,9
3a80080b,9
3a800849,9
3a800889,9
3a800909,9
3a800a09,9
3a801009,8
3a80100b,9
3a80100d,9
3a801019,9
3a801029,9
3a801049,9
3a801089,9
3a801109,9
3a801209,9
3a801248,9
3a801809,9
3a801848,9
3a801a08,9
3a802049,9
3a802089,9
3a802209,9
3a802288,9
3a802809,9
3a802888,9
3a803009,9
3a803048,9
3a803088,9
3a803208,9
3a803280,9
3a803808,9
3a803880,9
3a808009,8
3a80800b,9
3a80800d,9
3a808019,9
3a808029,9
3a808049,9
3a808089,9
3a808109,9
3a808121,9
3a808128,9
3a808148,9
3a808188,9
3a808209,9
3a808248,9
3a808308,9
3a808809,9
3a808888,9
3a808908,9
3a808a08,9
3a809008,8
3a809009,9
3a80900a,9
3a80900c,9
3a809018,9
3a809028,9
3a809041,9
3a809048,9
3a809088,9
3a809101,9
3a809108,9
3a809201,9
3a809208,9
3a809240,9
3a809801,9
3a809808,9
3a809880,9
3a809a00,9
3a80a009,9
3a80a048,9
3a80a081,9
3a80a088,9
3a80a0c0,9
3a80a108,9
3a80a201,9
3a80a208,9
3a80a280,9
3a80a808,9
3a80a880,9
3a80b001,9
3a80b004,9
3a80b008,9
3a80b010,9
3a80b040,9
3a80b080,9
3a80b100,9
3a80b200,9
3a80b800,9
3a81000b,9
3a810049,9
3a810209,9
3a810809,9
3a811009,9
3a811208,9
3a811808,9
3a812009,9
3a813008,9
3a818009,9
3a818108,9
3a818208,9
3a819008,9
3a81a008,9
3a81a200,9
3a81b000,9
3a820009,8
3a82000b,9
3a82000d,9
3a820019,9
3a820029,9
3a820049,9
3a820089,9
3a820109,9
3a820209,9
3a820288,9
3a820809,9
3a82080a,9
3a820888,9
3a820a08,9
3a821009,9
3a82100c,9
3a821048,9
3a821088,9
3a821201,9
3a821208,9
3a821808,9
3a822009,9
3a822081,9
3a822088,9
3a8220c0,9
3a822208,9
3a822280,9
3a822808,9
3a822880,9
3a823001,9
3a823008,9
3a823080,9
3a823200,9
3a828009,9
3a828048,9
3a828081,9
3a828088,9
3a828108,9
3a828201,9
3a828208,9
3a828808,9
3a829001,9
3a829008,9
3a829080,9
3a829200,9
3a829800,9
3a82a001,9
3a82a008,9
3a82a080,9
3a82a200,9
3a82b000,9
3a830009,9
3a831008,9
3a880009,8
3a88000d,9
3a880019,9
3a880029,9
3a880049,9
3a880089,9
3a880109,9
3a880209,9
3a880248,9
3a880288,9
3a880809,9
3a880848,9
3a880888,9
3a880908,9
3a880a08,9
3a880a80,9
3a881008,8
3a881009,9
3a88100c,9
3a881018,9
3a881028,9
3a881048,9
3a881088,9
3a881108,9
3a881201,9
3a881204,9
3a881208,9
3a881240,9
3a881280,9
3a881801,9
3a881804,9
3a881808,9
3a881840,9
3a881880,9
3a881a00,9
3a882009,9
3a88200c,9
3a882018,9
3a882048,9
3a882081,9
3a882084,9
3a882088,9
3a8820c0,9
3a882108,9
3a882201,9
3a882208,9
3a882240,9
3a882280,9
3a882808,9
3a882880,9
3a882a00,9
3a883001,9
3a883004,9
3a883008,9
3a883010,9
3a883040,9
3a883080,9
3a883200,9
3a883800,9
3a888008,8
3a888009,9
3a88800c,9
3a888018,9
3a888028,9
3a888041,9
3a888048,9
3a888088,9
3a888101,9
3a888108,9
3a888201,9
3a888208,9
3a888240,9
3a888280,9
3a888801,9
3a888808,9
3a888840,9
3a888880,9
3a888900,9
3a888a00,9
3a889001,9
3a889004,9
3a889008,9
3a889010,9
3a889040,9
3a889080,9
3a889100,9
3a889200,9
3a889800,9
3a88a001,9
3a88a004,9
3a88a008,9
3a88a010,9
3a88a040,9
3a88a080,9
3a88a100,9
3a88a200,9
3a88a800,9
3a88b000,9
3a890009,9
3a890048,9
3a890208,9
3a890808,9
3a891008,9
3a891200,9
3a892008,9
3a892080,9
3a892200,9
3a893000,9
3a898001,9
3a898008,9
3a898200,9
3a899000,9
3a89a000,9
3a8a0009,9
3a8a000c,9
3a8a0048,9
3a8a0081,9
3a8a0088,9
3a8a0108,9
3a8a0201,9
3a8a0208,9
3a8a0280,9
3a8a0808,9
3a8a0880,9
3a8a1001,9
3a8a1008,9
3a8a1080,9
3a8a1200,9
3a8a1800,9
3a8a2001,9
3a8a2008,9
3a8a2080,9
3a8a2200,9
3a8a2800,9
3a8a3000,9
3a8a8001,9
3a8a8008,9
3a8a8080,9
3a8a8200,9
3a8a8800,9
3a8a9000,9
3a8aa000,9
3a8b0008,9
3a900009,8
3a90000b,9
3a90000d,9
3a90000e,9
3a900019,9
3a900029,9
3a900049,9
3a90004a,9
3a900089,9
3a900109,9
3a90010a,9
3a900203,9
3a900209,9
3a90020a,9
3a900248,9
3a900803,9
3a900809,9
3a90080a,9
3a90080c,9
3a900848,9
3a900888,9
3a900908,9
3a900a02,9
3a900a08,9
3a901003,9
3a901006,9
3a901008,8
3a901009,9
3a90100a,9
3a90100c,9
3a901012,9
3a901018,9
3a901028,9
3a901041,9
3a901042,9
3a901048,9
3a901081,9
3a901088,9
3a901102,9
3a901108,9
3a901201,9
3a901202,9
3a901208,9
3a901240,9
3a901801,9
3a901802,9
3a901804,9
3a901808,9
3a901840,9
3a901880,9
3a901900,9
3a901a00,9
3a908003,9
3a908009,9
3a90800a,9
3a908048,9
3a908088,9
3a908108,9
3a908201,9
3a908208,9
3a908801,9
3a908802,9
3a908808,9
3a909001,9
3a909002,9
3a909008,9
3a909040,9
3a909080,9
3a909100,9
3a909200,9
3a909800,9
3a910009,9
3a91000a,9
3a910208,9
3a910808,9
3a911002,9
3a911008,9
3a911200,9
3a911800,9
3a918008,9
3a919000,9
3aa20009,9
3aa2000a,9
3aa20808,9
3ad00003,9
3ad00801,9
3ad00802,9
3ad01001,9
3ad01002,9
3ad01010,9
3ad01040,9
3ad01800,9
3ad08001,9
3ad08002,9
3ad08800,9
3ad09000,9
3ad10001,9
3ad10800,9
3ad11000,9
