2 2 5
3 5 11
4 5 12
5 39 67
6 39 68
7 15 31
8 15 32
9 20 41
10 20 42
11 56 100
12 56 101
13 56 102
14 56 103
15 44 85
16 44 86
17 80 144
18 80 145
19 61 116
20 61 117
21 109 194
22 109 195
23 174 299
24 174 300
25 162 282
26 162 283
27 138 246
28 138 247
29 162 286
30 162 287
31 162 288
32 162 289
33 191 336
34 191 337
35 191 338
36 191 339
37 191 340
38 191 341
39 191 342
40 191 343
41 191 344
42 191 345
43 210 376
44 210 377
45 210 378
46 210 379
47 210 380
48 210 381
49 210 382
50 210 383
51 210 384
52 210 385
53 309 543
54 309 544
55 210 388
56 210 389
57 309 547
58 309 548
59 309 549
60 309 550
61 309 551
62 309 552
63 309 553
64 309 554
65 306 550
66 306 551
67 256 473
68 256 474
69 333 597
70 333 598
71 333 599
72 333 600
73 333 601
74 333 602
75 386 687
76 386 688
77 333 605
78 333 606
79 333 607
80 333 608
81 528 918
82 528 919
83 528 920
84 528 921
85 528 922
86 528 923
87 492 867
88 492 868
89 528 926
90 528 927
91 528 928
92 528 929
93 528 930
94 528 931
95 528 932
96 528 933
97 528 934
98 528 935
99 528 936
100 528 937
101 528 938
102 528 939
103 516 921
104 516 922
105 516 923
106 516 924
107 516 925
108 516 926
109 528 946
110 528 947
111 528 948
112 528 949
113 593 1053
114 593 1054
115 593 1055
116 593 1056
117 516 935
118 516 936
119 528 956
120 528 957
121 516 939
122 516 940
123 516 941
124 516 942
125 593 1065
126 593 1066
127 593 1067
128 593 1068
129 593 1069
130 593 1070
131 721 1274
132 721 1275
133 569 1035
134 569 1036
135 569 1037
136 569 1038
137 569 1039
138 569 1040
139 721 1282
140 721 1283
141 704 1257
142 704 1258
143 721 1286
144 721 1287
145 721 1288
146 721 1289
147 721 1290
148 721 1291
149 721 1292
150 721 1293
151 721 1294
152 721 1295
153 721 1296
154 721 1297
155 721 1298
156 721 1299
157 721 1300
158 721 1301
159 721 1302
160 721 1303
161 721 1304
162 721 1305
163 721 1306
164 721 1307
165 721 1308
166 721 1309
167 721 1310
168 721 1311
169 721 1312
170 721 1313
171 721 1314
172 721 1315
173 721 1316
174 721 1317
175 721 1318
176 721 1319
177 721 1320
178 721 1321
179 728 1333
180 728 1334
181 728 1335
182 728 1336
183 721 1326
184 721 1327
185 721 1328
186 721 1329
187 728 1341
188 728 1342
189 728 1343
190 728 1344
191 728 1345
192 728 1346
193 1075 1897
194 1075 1898
195 1075 1899
196 1075 1900
197 979 1749
198 979 1750
199 979 1751
200 979 1752
201 1075 1905
202 1075 1906
203 728 1357
204 728 1358
205 1075 1909
206 1075 1910
207 1075 1911
208 1075 1912
209 1075 1913
210 1075 1914
211 1075 1915
212 1075 1916
213 1075 1917
214 1075 1918
215 1075 1919
216 1075 1920
217 1075 1921
218 1075 1922
219 1075 1923
220 1075 1924
221 1085 1941
222 1085 1942
223 1085 1943
224 1085 1944
225 1075 1929
226 1075 1930
227 1085 1947
228 1085 1948
229 1075 1933
230 1075 1934
231 1075 1935
232 1075 1936
233 1075 1937
234 1075 1938
235 1075 1939
236 1075 1940
237 1075 1941
238 1075 1942
239 1075 1943
240 1075 1944
241 1075 1945
242 1075 1946
243 1075 1947
244 1075 1948
245 1075 1949
246 1075 1950
247 1075 1951
248 1075 1952
249 1075 1953
250 1075 1954
251 1075 1955
252 1075 1956
253 1075 1957
254 1075 1958
255 1075 1959
256 1075 1960
257 1075 1961
258 1075 1962
259 1075 1963
260 1075 1964
261 1075 1965
262 1075 1966
263 1075 1967
264 1075 1968
265 1075 1969
266 1075 1970
267 1075 1971
268 1075 1972
269 1075 1973
270 1075 1974
271 1075 1975
272 1075 1976
273 1075 1977
274 1075 1978
275 1075 1979
276 1075 1980
277 1239 2241
278 1239 2242
279 1239 2243
280 1239 2244
281 1521 2692
282 1521 2693
283 1521 2694
284 1521 2695
285 1239 2249
286 1239 2250
287 1239 2251
288 1239 2252
289 1521 2700
290 1521 2701
291 1521 2702
292 1521 2703
293 1239 2257
294 1239 2258
295 1239 2259
296 1239 2260
297 1239 2261
298 1239 2262
299 1774 3111
300 1774 3112
301 1774 3113
302 1774 3114
303 1774 3115
304 1774 3116
305 1774 3117
306 1774 3118
307 1774 3119
308 1774 3120
309 1774 3121
310 1774 3122
311 1774 3123
312 1774 3124
313 1774 3125
314 1774 3126
315 1774 3127
316 1774 3128
317 1774 3129
318 1774 3130
319 1774 3131
320 1774 3132
321 1774 3133
322 1774 3134
323 1774 3135
324 1774 3136
325 1774 3137
326 1774 3138
327 1774 3139
328 1774 3140
329 1774 3141
330 1774 3142
331 1774 3143
332 1774 3144
333 1774 3145
334 1774 3146
335 1774 3147
336 1774 3148
337 1774 3149
338 1774 3150
339 1774 3151
340 1774 3152
341 1774 3153
342 1774 3154
343 1774 3155
344 1774 3156
345 1774 3157
346 1774 3158
347 1774 3159
348 1774 3160
349 1774 3161
350 1774 3162
351 1774 3163
352 1774 3164
353 1774 3165
354 1774 3166
355 1774 3167
356 1774 3168
357 1774 3169
358 1774 3170
359 1774 3171
360 1774 3172
361 1774 3173
362 1774 3174
363 1752 3140
364 1752 3141
365 1752 3142
366 1752 3143
367 1752 3144
368 1752 3145
369 1752 3146
370 1752 3147
371 1752 3148
372 1752 3149
373 1752 3150
374 1752 3151
375 1752 3152
376 1752 3153
377 1752 3154
378 1752 3155
379 1752 3156
380 1752 3157
381 1752 3158
382 1752 3159
383 1752 3160
384 1752 3161
385 1752 3162
386 1752 3163
387 1752 3164
388 1752 3165
389 1752 3166
390 1752 3167
391 1752 3168
392 1752 3169
393 1752 3170
394 1752 3171
395 1752 3172
396 1752 3173
397 2022 3602
398 2022 3603
399 1752 3176
400 1752 3177
401 1752 3178
402 1752 3179
403 1752 3180
404 1752 3181
405 2022 3610
406 2022 3611
407 1752 3184
408 1752 3185
409 2022 3614
410 2022 3615
411 1752 3188
412 1752 3189
413 2022 3618
414 2022 3619
415 2022 3620
416 2022 3621
417 2022 3622
418 2022 3623
419 2022 3624
420 2022 3625
421 2022 3626
422 2022 3627
423 2022 3628
424 2022 3629
425 2022 3630
426 2022 3631
427 2022 3632
428 2022 3633
429 2022 3634
430 2022 3635
431 2239 3980
432 2239 3981
433 2022 3638
434 2022 3639
435 2239 3984
436 2239 3985
437 2022 3642
438 2022 3643
439 2022 3644
440 2022 3645
441 2227 3971
442 2227 3972
443 2227 3973
444 2227 3974
445 2227 3975
446 2227 3976
447 2227 3977
448 2227 3978
449 2227 3979
450 2227 3980
451 2227 3981
452 2227 3982
453 2227 3983
454 2227 3984
455 2227 3985
456 2227 3986
457 2227 3987
458 2227 3988
459 2227 3989
460 2227 3990
461 2227 3991
462 2227 3992
463 2227 3993
464 2227 3994
465 2227 3995
466 2227 3996
467 2227 3997
468 2227 3998
469 2227 3999
470 2227 4000
471 2417 4302
472 2417 4303
473 2227 4003
474 2227 4004
475 2227 4005
476 2227 4006
477 2417 4308
478 2417 4309
479 2417 4310
480 2417 4311
481 2417 4312
482 2417 4313
483 2417 4314
484 2417 4315
485 2417 4316
486 2417 4317
487 2417 4318
488 2417 4319
489 2417 4320
490 2417 4321
491 2417 4322
492 2417 4323
493 2417 4324
494 2417 4325
495 2417 4326
496 2417 4327
497 2417 4328
498 2417 4329
499 2417 4330
500 2417 4331
501 2417 4332
502 2417 4333
503 2417 4334
504 2417 4335
505 2417 4336
506 2417 4337
507 2487 4449
508 2487 4450
509 2487 4451
510 2487 4452
511 2487 4453
512 2487 4454
513 2487 4455
514 2487 4456
515 2487 4457
516 2487 4458
517 2417 4348
518 2417 4349
519 2417 4350
520 2417 4351
521 2417 4352
522 2417 4353
523 2487 4465
524 2487 4466
525 2487 4467
526 2487 4468
527 2448 4407
528 2448 4408
529 2487 4471
530 2487 4472
531 2487 4473
532 2487 4474
533 2487 4475
534 2487 4476
535 2487 4477
536 2487 4478
537 2487 4479
538 2487 4480
539 2716 4844
540 2716 4845
541 2448 4421
542 2448 4422
543 2448 4423
544 2448 4424
545 2716 4850
546 2716 4851
547 2716 4852
548 2716 4853
549 2716 4854
550 2716 4855
551 2448 4431
552 2448 4432
553 2716 4858
554 2716 4859
555 2716 4860
556 2716 4861
557 2716 4862
558 2716 4863
559 2448 4439
560 2448 4440
561 2716 4866
562 2716 4867
563 2716 4868
564 2716 4869
565 2716 4870
566 2716 4871
567 2716 4872
568 2716 4873
569 2716 4874
570 2716 4875
571 2716 4876
572 2716 4877
573 2716 4878
574 2716 4879
575 2716 4880
576 2716 4881
577 3051 5413
578 3051 5414
579 2716 4884
580 2716 4885
581 2716 4886
582 2716 4887
583 2716 4888
584 2716 4889
585 3051 5421
586 3051 5422
587 3051 5423
588 3051 5424
589 2716 4894
590 2716 4895
591 2716 4896
592 2716 4897
593 3051 5429
594 3051 5430
595 2716 4900
596 2716 4901
597 3051 5433
598 3051 5434
599 3051 5435
600 3051 5436
601 3051 5437
602 3051 5438
603 3051 5439
604 3051 5440
605 3051 5441
606 3051 5442
607 3051 5443
608 3051 5444
609 3051 5445
610 3051 5446
611 3051 5447
612 3051 5448
613 3051 5449
614 3051 5450
615 3051 5451
616 3051 5452
617 3282 5819
618 3282 5820
619 3282 5821
620 3282 5822
621 3282 5823
622 3282 5824
623 3282 5825
624 3282 5826
625 3282 5827
626 3282 5828
627 3282 5829
628 3282 5830
629 2817 5094
630 2817 5095
631 2817 5096
632 2817 5097
633 2817 5098
634 2817 5099
635 2817 5100
636 2817 5101
637 3200 5709
638 3200 5710
639 2817 5104
640 2817 5105
641 3200 5713
642 3200 5714
643 2817 5108
644 2817 5109
645 3200 5717
646 3200 5718
647 3200 5719
648 3200 5720
649 3200 5721
650 3200 5722
651 3200 5723
652 3200 5724
653 3200 5725
654 3200 5726
655 3200 5727
656 3200 5728
657 3200 5729
658 3200 5730
659 3200 5731
660 3200 5732
661 3200 5733
662 3200 5734
663 3200 5735
664 3200 5736
665 3200 5737
666 3200 5738
667 3200 5739
668 3200 5740
669 3200 5741
670 3200 5742
671 3200 5743
672 3200 5744
673 3200 5745
674 3200 5746
675 3200 5747
676 3200 5748
677 3200 5749
678 3200 5750
679 3282 5881
680 3282 5882
681 3282 5883
682 3282 5884
683 3282 5885
684 3282 5886
685 3282 5887
686 3282 5888
687 3282 5889
688 3282 5890
689 3282 5891
690 3282 5892
691 3282 5893
692 3282 5894
693 3282 5895
694 3282 5896
695 3282 5897
696 3282 5898
697 3282 5899
698 3282 5900
699 3282 5901
700 3282 5902
701 3388 6071
702 3388 6072
703 3282 5905
704 3282 5906
705 3282 5907
706 3282 5908
707 3282 5909
708 3282 5910
709 3282 5911
710 3282 5912
711 3282 5913
712 3282 5914
713 3282 5915
714 3282 5916
715 3282 5917
716 3282 5918
717 3388 6087
718 3388 6088
719 3388 6089
720 3388 6090
721 3282 5923
722 3282 5924
723 3388 6093
724 3388 6094
725 3388 6095
726 3388 6096
727 3388 6097
728 3388 6098
729 3388 6099
730 3388 6100
731 3388 6101
732 3388 6102
733 3388 6103
734 3388 6104
735 3388 6105
736 3388 6106
737 3388 6107
738 3388 6108
739 3388 6109
740 3388 6110
741 3388 6111
742 3388 6112
743 3388 6113
744 3388 6114
745 3388 6115
746 3388 6116
747 3388 6117
748 3388 6118
749 3388 6119
750 3388 6120
751 3388 6121
752 3388 6122
753 3388 6123
754 3388 6124
755 3388 6125
756 3388 6126
757 3388 6127
758 3388 6128
759 3388 6129
760 3388 6130
761 3388 6131
762 3388 6132
763 3388 6133
764 3388 6134
765 3388 6135
766 3388 6136
767 3764 6733
768 3764 6734
769 3764 6735
770 3764 6736
771 3764 6737
772 3764 6738
773 3764 6739
774 3764 6740
775 3764 6741
776 3764 6742
777 3764 6743
778 3764 6744
779 3981 7089
780 3981 7090
781 3764 6747
782 3764 6748
783 3764 6749
784 3764 6750
785 3764 6751
786 3764 6752
787 3764 6753
788 3764 6754
789 3764 6755
790 3764 6756
791 3981 7101
792 3981 7102
793 3764 6759
794 3764 6760
795 3764 6761
796 3764 6762
797 3764 6763
798 3764 6764
799 3764 6765
800 3764 6766
801 3981 7111
802 3981 7112
803 3764 6769
804 3764 6770
805 3764 6771
806 3764 6772
807 3764 6773
808 3764 6774
809 3764 6775
810 3764 6776
811 3764 6777
812 3764 6778
813 3981 7123
814 3981 7124
815 3981 7125
816 3981 7126
817 3764 6783
818 3764 6784
819 3981 7129
820 3981 7130
821 3981 7131
822 3981 7132
823 3981 7133
824 3981 7134
825 3981 7135
826 3981 7136
827 3981 7137
828 3981 7138
829 3981 7139
830 3981 7140
831 3981 7141
832 3981 7142
833 3981 7143
834 3981 7144
835 3981 7145
836 3981 7146
837 4135 7391
838 4135 7392
839 4135 7393
840 4135 7394
841 4135 7395
842 4135 7396
843 4135 7397
844 4135 7398
845 4135 7399
846 4135 7400
847 4135 7401
848 4135 7402
849 4135 7403
850 4135 7404
851 3981 7161
852 3981 7162
853 4135 7407
854 4135 7408
855 4135 7409
856 4135 7410
857 4135 7411
858 4135 7412
859 4135 7413
860 4135 7414
861 3981 7171
862 3981 7172
863 3981 7173
864 3981 7174
865 3981 7175
866 3981 7176
867 3981 7177
868 3981 7178
869 4316 7710
870 4316 7711
871 4316 7712
872 4316 7713
873 4316 7714
874 4316 7715
875 4316 7716
876 4316 7717
877 4316 7718
878 4316 7719
879 4316 7720
880 4316 7721
881 4316 7722
882 4316 7723
883 4316 7724
884 4316 7725
885 4316 7726
886 4316 7727
887 3981 7197
888 3981 7198
889 3981 7199
890 3981 7200
891 3981 7201
892 3981 7202
893 4316 7734
894 4316 7735
895 4316 7736
896 4316 7737
897 4316 7738
898 4316 7739
899 4316 7740
900 4316 7741
901 4316 7742
902 4316 7743
903 4316 7744
904 4316 7745
905 4316 7746
906 4316 7747
907 4316 7748
908 4316 7749
909 4316 7750
910 4316 7751
911 4316 7752
912 4316 7753
913 4316 7754
914 4316 7755
915 4316 7756
916 4316 7757
917 4316 7758
918 4316 7759
919 4316 7760
920 4316 7761
921 4316 7762
922 4316 7763
923 4316 7764
924 4316 7765
925 4316 7766
926 4316 7767
927 4316 7768
928 4316 7769
929 4316 7770
930 4316 7771
931 4316 7772
932 4316 7773
933 4316 7774
934 4316 7775
935 4316 7776
936 4316 7777
937 4316 7778
938 4316 7779
939 4316 7780
940 4316 7781
941 4316 7782
942 4316 7783
943 4316 7784
944 4316 7785
945 4316 7786
946 4316 7787
947 4316 7788
948 4316 7789
949 4316 7790
950 4316 7791
951 4316 7792
952 4316 7793
953 4316 7794
954 4316 7795
955 4316 7796
956 4316 7797
957 4316 7798
958 4316 7799
959 4316 7800
960 4316 7801
961 4316 7802
962 4316 7803
963 4316 7804
964 4316 7805
965 4316 7806
966 4316 7807
967 4316 7808
968 4316 7809
969 4316 7810
970 4316 7811
971 4316 7812
972 4316 7813
973 4316 7814
974 4316 7815
975 4316 7816
976 4316 7817
977 4316 7818
978 4316 7819
979 4316 7820
980 4316 7821
981 4316 7822
982 4316 7823
983 4923 8786
984 4923 8787
985 4316 7826
986 4316 7827
987 4923 8790
988 4923 8791
989 4316 7830
990 4316 7831
991 4316 7832
992 4316 7833
993 4316 7834
994 4316 7835
995 4923 8798
996 4923 8799
997 5123 9117
998 5123 9118
999 4316 7840
1000 4316 7841
1001 4923 8804
1002 4923 8805
1003 4923 8806
1004 4923 8807
1005 4923 8808
1006 4923 8809
1007 5123 9127
1008 5123 9128
1009 5123 9129
1010 5123 9130
1011 5123 9131
1012 5123 9132
1013 5123 9133
1014 5123 9134
1015 5123 9135
1016 5123 9136
1017 5123 9137
1018 5123 9138
1019 5123 9139
1020 5123 9140
1021 5123 9141
1022 5123 9142
1023 5123 9143
1024 5123 9144
1025 5123 9145
1026 5123 9146
1027 5123 9147
1028 5123 9148
1029 5123 9149
1030 5123 9150
1031 5123 9151
1032 5123 9152
1033 5123 9153
1034 5123 9154
1035 5123 9155
1036 5123 9156
1037 5123 9157
1038 5123 9158
1039 5075 9083
1040 5075 9084
1041 5123 9161
1042 5123 9162
1043 5075 9087
1044 5075 9088
1045 5075 9089
1046 5075 9090
1047 5075 9091
1048 5075 9092
1049 5075 9093
1050 5075 9094
1051 5075 9095
1052 5075 9096
1053 5075 9097
1054 5075 9098
1055 5075 9099
1056 5075 9100
1057 5075 9101
1058 5075 9102
1059 5075 9103
1060 5075 9104
1061 5075 9105
1062 5075 9106
1063 5075 9107
1064 5075 9108
1065 5075 9109
1066 5075 9110
1067 5075 9111
1068 5075 9112
1069 5075 9113
1070 5075 9114
1071 5075 9115
1072 5075 9116
1073 5075 9117
1074 5075 9118
1075 5075 9119
1076 5075 9120
1077 5075 9121
1078 5075 9122
1079 5075 9123
1080 5075 9124
1081 5108 9177
1082 5108 9178
1083 5075 9127
1084 5075 9128
1085 5075 9129
1086 5075 9130
1087 5075 9131
1088 5075 9132
1089 5075 9133
1090 5075 9134
1091 5075 9135
1092 5075 9136
1093 5108 9189
1094 5108 9190
1095 5108 9191
1096 5108 9192
1097 5108 9193
1098 5108 9194
1099 5108 9195
1100 5108 9196
1101 5108 9197
1102 5108 9198
1103 5108 9199
1104 5108 9200
1105 5108 9201
1106 5108 9202
1107 5108 9203
1108 5108 9204
1109 5108 9205
1110 5108 9206
1111 5108 9207
1112 5108 9208
1113 5523 9867
1114 5523 9868
1115 5523 9869
1116 5523 9870
1117 5523 9871
1118 5523 9872
1119 5523 9873
1120 5523 9874
1121 5523 9875
1122 5523 9876
1123 5523 9877
1124 5523 9878
1125 5523 9879
1126 5523 9880
1127 5523 9881
1128 5523 9882
1129 5523 9883
1130 5523 9884
1131 5523 9885
1132 5523 9886
1133 5523 9887
1134 5523 9888
1135 5523 9889
1136 5523 9890
1137 5641 10078
1138 5641 10079
1139 5641 10080
1140 5641 10081
1141 5523 9895
1142 5523 9896
1143 5641 10084
1144 5641 10085
1145 5523 9899
1146 5523 9900
1147 5523 9901
1148 5523 9902
1149 5523 9903
1150 5523 9904
1151 5523 9905
1152 5523 9906
1153 5523 9907
1154 5523 9908
1155 5641 10096
1156 5641 10097
1157 5641 10098
1158 5641 10099
1159 5641 10100
1160 5641 10101
1161 5641 10102
1162 5641 10103
1163 5641 10104
1164 5641 10105
1165 5641 10106
1166 5641 10107
1167 5641 10108
1168 5641 10109
1169 5641 10110
1170 5641 10111
1171 5641 10112
1172 5641 10113
1173 5641 10114
1174 5641 10115
1175 5641 10116
1176 5641 10117
1177 5523 9931
1178 5523 9932
1179 5641 10120
1180 5641 10121
1181 5641 10122
1182 5641 10123
1183 5641 10124
1184 5641 10125
1185 5523 9939
1186 5523 9940
1187 5641 10128
1188 5641 10129
1189 5641 10130
1190 5641 10131
1191 5641 10132
1192 5641 10133
1193 5641 10134
1194 5641 10135
1195 5641 10136
1196 5641 10137
1197 5641 10138
1198 5641 10139
1199 5641 10140
1200 5641 10141
1201 5523 9955
1202 5523 9956
1203 5641 10144
1204 5641 10145
1205 5641 10146
1206 5641 10147
1207 5641 10148
1208 5641 10149
1209 5641 10150
1210 5641 10151
1211 5641 10152
1212 5641 10153
1213 5641 10154
1214 5641 10155
1215 5641 10156
1216 5641 10157
1217 5641 10158
1218 5641 10159
1219 5641 10160
1220 5641 10161
1221 5641 10162
1222 5641 10163
1223 5641 10164
1224 5641 10165
1225 6118 10922
1226 6118 10923
1227 6118 10924
1228 6118 10925
1229 6118 10926
1230 6118 10927
1231 6118 10928
1232 6118 10929
1233 6118 10930
1234 6118 10931
1235 6118 10932
1236 6118 10933
1237 5641 10178
1238 5641 10179
1239 5641 10180
1240 5641 10181
1241 6118 10938
1242 6118 10939
1243 6118 10940
1244 6118 10941
1245 6118 10942
1246 6118 10943
1247 6118 10944
1248 6118 10945
1249 6118 10946
1250 6118 10947
1251 6118 10948
1252 6118 10949
1253 6118 10950
1254 6118 10951
1255 5641 10196
1256 5641 10197
1257 5641 10198
1258 5641 10199
1259 5641 10200
1260 5641 10201
1261 6118 10958
1262 6118 10959
1263 6118 10960
1264 6118 10961
1265 6118 10962
1266 6118 10963
1267 6118 10964
1268 6118 10965
1269 6118 10966
1270 6118 10967
1271 6118 10968
1272 6118 10969
1273 6118 10970
1274 6118 10971
1275 6118 10972
1276 6118 10973
1277 6118 10974
1278 6118 10975
1279 6118 10976
1280 6118 10977
1281 6118 10978
1282 6118 10979
1283 6118 10980
1284 6118 10981
1285 6118 10982
1286 6118 10983
1287 6118 10984
1288 6118 10985
1289 6118 10986
1290 6118 10987
1291 6118 10988
1292 6118 10989
1293 6118 10990
1294 6118 10991
1295 6118 10992
1296 6118 10993
1297 6118 10994
1298 6118 10995
1299 6118 10996
1300 6118 10997
1301 6118 10998
1302 6118 10999
1303 6118 11000
1304 6118 11001
1305 6118 11002
1306 6118 11003
1307 6118 11004
1308 6118 11005
1309 6118 11006
1310 6118 11007
1311 6118 11008
1312 6118 11009
1313 6118 11010
1314 6118 11011
1315 6118 11012
1316 6118 11013
1317 6118 11014
1318 6118 11015
1319 6118 11016
1320 6118 11017
1321 6118 11018
1322 6118 11019
1323 6118 11020
1324 6118 11021
1325 6118 11022
1326 6118 11023
1327 6118 11024
1328 6118 11025
1329 6759 12042
1330 6759 12043
1331 6759 12044
1332 6759 12045
1333 6759 12046
1334 6759 12047
1335 7000 12430
1336 7000 12431
1337 7000 12432
1338 7000 12433
1339 6759 12052
1340 6759 12053
1341 7000 12436
1342 7000 12437
1343 6759 12056
1344 6759 12057
1345 6118 11042
1346 6118 11043
1347 6118 11044
1348 6118 11045
1349 6118 11046
1350 6118 11047
1351 7000 12446
1352 7000 12447
1353 7000 12448
1354 7000 12449
1355 7000 12450
1356 7000 12451
1357 7000 12452
1358 7000 12453
1359 7000 12454
1360 7000 12455
1361 7000 12456
1362 7000 12457
1363 7000 12458
1364 7000 12459
1365 7000 12460
1366 7000 12461
1367 7000 12462
1368 7000 12463
1369 7000 12464
1370 7000 12465
1371 7000 12466
1372 7000 12467
1373 7000 12468
1374 7000 12469
1375 7000 12470
1376 7000 12471
1377 7000 12472
1378 7000 12473
1379 7000 12474
1380 7000 12475
1381 7000 12476
1382 7000 12477
1383 7000 12478
1384 7000 12479
1385 7000 12480
1386 7000 12481
1387 7000 12482
1388 7000 12483
1389 7000 12484
1390 7000 12485
1391 7000 12486
1392 7000 12487
1393 7000 12488
1394 7000 12489
1395 7000 12490
1396 7000 12491
1397 7000 12492
1398 7000 12493
1399 7000 12494
1400 7000 12495
1401 7000 12496
1402 7000 12497
1403 7000 12498
1404 7000 12499
1405 7000 12500
1406 7000 12501
1407 7000 12502
1408 7000 12503
1409 7000 12504
1410 7000 12505
1411 7000 12506
1412 7000 12507
1413 7000 12508
1414 7000 12509
1415 7000 12510
1416 7000 12511
1417 7000 12512
1418 7000 12513
1419 7000 12514
1420 7000 12515
1421 7000 12516
1422 7000 12517
1423 7000 12518
1424 7000 12519
1425 7000 12520
1426 7000 12521
1427 7000 12522
1428 7000 12523
1429 7000 12524
1430 7000 12525
1431 7000 12526
1432 7000 12527
1433 7000 12528
1434 7000 12529
1435 7000 12530
1436 7000 12531
1437 7000 12532
1438 7000 12533
1439 7000 12534
1440 7000 12535
1441 7000 12536
1442 7000 12537
1443 7000 12538
1444 7000 12539
1445 7000 12540
1446 7000 12541
1447 7000 12542
1448 7000 12543
1449 7000 12544
1450 7000 12545
1451 7347 13096
1452 7347 13097
1453 7347 13098
1454 7347 13099
1455 7347 13100
1456 7347 13101
1457 7347 13102
1458 7347 13103
1459 7347 13104
1460 7347 13105
1461 7347 13106
1462 7347 13107
1463 7347 13108
1464 7347 13109
1465 7347 13110
1466 7347 13111
1467 7347 13112
1468 7347 13113
1469 7347 13114
1470 7347 13115
1471 7347 13116
1472 7347 13117
1473 7347 13118
1474 7347 13119
1475 7347 13120
1476 7347 13121
1477 7000 12572
1478 7000 12573
1479 7000 12574
1480 7000 12575
1481 7000 12576
1482 7000 12577
1483 7000 12578
1484 7000 12579
1485 7000 12580
1486 7000 12581
1487 7000 12582
1488 7000 12583
1489 7347 13134
1490 7347 13135
1491 7347 13136
1492 7347 13137
1493 7000 12588
1494 7000 12589
1495 7000 12590
1496 7000 12591
1497 7000 12592
1498 7000 12593
1499 7000 12594
1500 7000 12595
1501 7000 12596
1502 7000 12597
1503 7000 12598
1504 7000 12599
1505 7000 12600
1506 7000 12601
1507 7000 12602
1508 7000 12603
1509 7000 12604
1510 7000 12605
1511 7000 12606
1512 7000 12607
1513 7347 13158
1514 7347 13159
1515 7000 12610
1516 7000 12611
1517 7000 12612
1518 7000 12613
1519 7000 12614
1520 7000 12615
1521 7347 13166
1522 7347 13167
1523 7000 12618
1524 7000 12619
1525 7347 13170
1526 7347 13171
1527 7347 13172
1528 7347 13173
1529 7347 13174
1530 7347 13175
1531 7347 13176
1532 7347 13177
1533 7347 13178
1534 7347 13179
1535 7347 13180
1536 7347 13181
1537 7347 13182
1538 7347 13183
1539 7347 13184
1540 7347 13185
1541 7347 13186
1542 7347 13187
1543 7347 13188
1544 7347 13189
1545 7347 13190
1546 7347 13191
1547 8060 14322
1548 8060 14323
1549 8060 14324
1550 8060 14325
1551 8060 14326
1552 8060 14327
1553 8060 14328
1554 8060 14329
1555 8060 14330
1556 8060 14331
1557 7347 13202
1558 7347 13203
1559 8060 14334
1560 8060 14335
1561 8060 14336
1562 8060 14337
1563 8060 14338
1564 8060 14339
1565 7347 13210
1566 7347 13211
1567 7347 13212
1568 7347 13213
1569 8060 14344
1570 8060 14345
1571 8060 14346
1572 8060 14347
1573 7347 13218
1574 7347 13219
1575 7347 13220
1576 7347 13221
1577 7347 13222
1578 7347 13223
1579 7347 13224
1580 7347 13225
1581 7347 13226
1582 7347 13227
1583 7347 13228
1584 7347 13229
1585 7347 13230
1586 7347 13231
1587 7347 13232
1588 7347 13233
1589 7347 13234
1590 7347 13235
1591 7347 13236
1592 7347 13237
1593 8060 14368
1594 8060 14369
1595 8060 14370
1596 8060 14371
1597 8060 14372
1598 8060 14373
1599 8060 14374
1600 8060 14375
1601 8060 14376
1602 8060 14377
1603 8060 14378
1604 8060 14379
1605 8060 14380
1606 8060 14381
1607 8060 14382
1608 8060 14383
1609 8060 14384
1610 8060 14385
1611 8060 14386
1612 8060 14387
1613 8060 14388
1614 8060 14389
1615 8060 14390
1616 8060 14391
1617 8060 14392
1618 8060 14393
1619 8060 14394
1620 8060 14395
1621 8060 14396
1622 8060 14397
1623 8060 14398
1624 8060 14399
1625 8060 14400
1626 8060 14401
1627 8060 14402
1628 8060 14403
1629 8060 14404
1630 8060 14405
1631 8060 14406
1632 8060 14407
1633 8060 14408
1634 8060 14409
1635 8060 14410
1636 8060 14411
1637 8060 14412
1638 8060 14413
1639 8060 14414
1640 8060 14415
1641 8060 14416
1642 8060 14417
1643 8060 14418
1644 8060 14419
1645 8060 14420
1646 8060 14421
1647 8060 14422
1648 8060 14423
1649 8060 14424
1650 8060 14425
1651 8060 14426
1652 8060 14427
1653 8060 14428
1654 8060 14429
1655 8060 14430
1656 8060 14431
1657 8060 14432
1658 8060 14433
1659 8060 14434
1660 8060 14435
1661 8330 14864
1662 8330 14865
1663 8330 14866
1664 8330 14867
1665 8060 14440
1666 8060 14441
1667 8330 14870
1668 8330 14871
1669 8330 14872
1670 8330 14873
1671 8060 14446
1672 8060 14447
1673 8330 14876
1674 8330 14877
1675 8330 14878
1676 8330 14879
1677 8060 14452
1678 8060 14453
1679 8060 14454
1680 8060 14455
1681 8060 14456
1682 8060 14457
1683 8060 14458
1684 8060 14459
1685 8060 14460
1686 8060 14461
1687 8330 14890
1688 8330 14891
1689 8330 14892
1690 8330 14893
1691 8060 14466
1692 8060 14467
1693 8060 14468
1694 8060 14469
1695 8060 14470
1696 8060 14471
1697 8060 14472
1698 8060 14473
1699 8060 14474
1700 8060 14475
1701 8060 14476
1702 8060 14477
1703 8060 14478
1704 8060 14479
1705 8060 14480
1706 8060 14481
1707 8060 14482
1708 8060 14483
1709 8060 14484
1710 8060 14485
1711 8060 14486
1712 8060 14487
1713 8060 14488
1714 8060 14489
1715 8060 14490
1716 8060 14491
1717 8060 14492
1718 8060 14493
1719 8583 15323
1720 8583 15324
1721 8060 14496
1722 8060 14497
1723 8060 14498
1724 8060 14499
1725 8330 14928
1726 8330 14929
1727 8583 15331
1728 8583 15332
1729 8330 14932
1730 8330 14933
1731 8330 14934
1732 8330 14935
1733 8330 14936
1734 8330 14937
1735 8330 14938
1736 8330 14939
1737 8583 15341
1738 8583 15342
1739 8583 15343
1740 8583 15344
1741 8330 14944
1742 8330 14945
1743 8330 14946
1744 8330 14947
1745 8583 15349
1746 8583 15350
1747 8583 15351
1748 8583 15352
1749 8583 15353
1750 8583 15354
1751 8330 14954
1752 8330 14955
1753 8583 15357
1754 8583 15358
1755 8583 15359
1756 8583 15360
1757 8583 15361
1758 8583 15362
1759 8583 15363
1760 8583 15364
1761 8583 15365
1762 8583 15366
1763 8330 14966
1764 8330 14967
1765 8583 15369
1766 8583 15370
1767 8583 15371
1768 8583 15372
1769 8330 14972
1770 8330 14973
1771 8330 14974
1772 8330 14975
1773 8330 14976
1774 8330 14977
1775 8330 14978
1776 8330 14979
1777 8330 14980
1778 8330 14981
1779 8330 14982
1780 8330 14983
1781 8583 15385
1782 8583 15386
1783 8583 15387
1784 8583 15388
1785 8583 15389
1786 8583 15390
1787 8583 15391
1788 8583 15392
1789 8583 15393
1790 8583 15394
1791 8583 15395
1792 8583 15396
1793 8583 15397
1794 8583 15398
1795 8583 15399
1796 8583 15400
1797 8583 15401
1798 8583 15402
1799 8583 15403
1800 8583 15404
1801 8583 15405
1802 8583 15406
1803 8836 15808
1804 8836 15809
1805 8836 15810
1806 8836 15811
1807 8583 15411
1808 8583 15412
1809 8583 15413
1810 8583 15414
1811 8836 15816
1812 8836 15817
1813 8836 15818
1814 8836 15819
1815 8836 15820
1816 8836 15821
1817 8836 15822
1818 8836 15823
1819 8836 15824
1820 8836 15825
1821 8836 15826
1822 8836 15827
1823 8836 15828
1824 8836 15829
1825 8836 15830
1826 8836 15831
1827 8836 15832
1828 8836 15833
1829 8330 15032
1830 8330 15033
1831 8836 15836
1832 8836 15837
1833 8330 15036
1834 8330 15037
1835 8330 15038
1836 8330 15039
1837 8330 15040
1838 8330 15041
1839 8330 15042
1840 8330 15043
1841 8836 15846
1842 8836 15847
1843 8836 15848
1844 8836 15849
1845 8836 15850
1846 8836 15851
1847 8836 15852
1848 8836 15853
1849 8836 15854
1850 8836 15855
1851 8836 15856
1852 8836 15857
1853 8836 15858
1854 8836 15859
1855 8836 15860
1856 8836 15861
1857 8836 15862
1858 8836 15863
1859 8836 15864
1860 8836 15865
1861 8836 15866
1862 8836 15867
1863 8836 15868
1864 8836 15869
1865 8836 15870
1866 8836 15871
1867 8836 15872
1868 8836 15873
1869 8836 15874
1870 8836 15875
1871 8836 15876
1872 8836 15877
1873 8836 15878
1874 8836 15879
1875 8836 15880
1876 8836 15881
1877 8836 15882
1878 8836 15883
1879 8330 15082
1880 8330 15083
1881 8836 15886
1882 8836 15887
1883 8836 15888
1884 8836 15889
1885 8836 15890
1886 8836 15891
1887 8836 15892
1888 8836 15893
1889 8836 15894
1890 8836 15895
1891 8836 15896
1892 8836 15897
1893 8836 15898
1894 8836 15899
1895 8836 15900
1896 8836 15901
1897 8836 15902
1898 8836 15903
1899 8836 15904
1900 8836 15905
1901 8836 15906
1902 8836 15907
1903 8836 15908
1904 8836 15909
1905 8836 15910
1906 8836 15911
1907 8836 15912
1908 8836 15913
1909 9619 17155
1910 9619 17156
1911 9619 17157
1912 9619 17158
1913 9619 17159
1914 9619 17160
1915 9619 17161
1916 9619 17162
1917 9619 17163
1918 9619 17164
1919 9619 17165
1920 9619 17166
1921 9619 17167
1922 9619 17168
1923 8836 15928
1924 8836 15929
1925 8836 15930
1926 8836 15931
1927 8836 15932
1928 8836 15933
1929 9130 16400
1930 9130 16401
1931 9130 16402
1932 9130 16403
1933 9619 17179
1934 9619 17180
1935 9130 16406
1936 9130 16407
1937 9130 16408
1938 9130 16409
1939 9130 16410
1940 9130 16411
1941 9619 17187
1942 9619 17188
1943 9826 17517
1944 9826 17518
1945 9826 17519
1946 9826 17520
1947 9619 17193
1948 9619 17194
1949 9619 17195
1950 9619 17196
1951 9619 17197
1952 9619 17198
1953 9826 17527
1954 9826 17528
1955 9826 17529
1956 9826 17530
1957 9826 17531
1958 9826 17532
1959 9826 17533
1960 9826 17534
1961 9826 17535
1962 9826 17536
1963 9826 17537
1964 9826 17538
1965 9826 17539
1966 9826 17540
1967 9826 17541
1968 9826 17542
1969 9826 17543
1970 9826 17544
1971 9826 17545
1972 9826 17546
1973 9826 17547
1974 9826 17548
1975 9826 17549
1976 9826 17550
1977 9826 17551
1978 9826 17552
1979 9826 17553
1980 9826 17554
1981 9826 17555
1982 9826 17556
1983 9826 17557
1984 9826 17558
1985 9826 17559
1986 9826 17560
1987 9826 17561
1988 9826 17562
1989 9826 17563
1990 9826 17564
1991 9826 17565
1992 9826 17566
1993 9826 17567
1994 9826 17568
1995 9826 17569
1996 9826 17570
1997 9826 17571
1998 9826 17572
1999 9826 17573
2000 9826 17574
2001 9826 17575
2002 9826 17576
2003 9826 17577
2004 9826 17578
2005 9826 17579
2006 9826 17580
2007 9826 17581
2008 9826 17582
2009 9826 17583
2010 9826 17584
2011 9826 17585
2012 9826 17586
2013 9826 17587
2014 9826 17588
2015 9826 17589
2016 9826 17590
2017 9826 17591
2018 9826 17592
2019 9826 17593
2020 9826 17594
2021 9826 17595
2022 9826 17596
2023 9826 17597
2024 9826 17598
2025 9826 17599
2026 9826 17600
2027 9826 17601
2028 9826 17602
2029 9826 17603
2030 9826 17604
2031 9826 17605
2032 9826 17606
2033 9826 17607
2034 9826 17608
2035 9826 17609
2036 9826 17610
2037 9826 17611
2038 9826 17612
2039 9826 17613
2040 9826 17614
2041 9826 17615
2042 9826 17616
2043 9826 17617
2044 9826 17618
2045 9826 17619
2046 9826 17620
2047 9826 17621
2048 9826 17622
2049 9826 17623
2050 9826 17624
2051 9826 17625
2052 9826 17626
2053 9826 17627
2054 9826 17628
2055 9826 17629
2056 9826 17630
2057 9826 17631
2058 9826 17632
2059 9826 17633
2060 9826 17634
2061 9826 17635
2062 9826 17636
2063 9826 17637
2064 9826 17638
2065 9826 17639
2066 9826 17640
2067 9826 17641
2068 9826 17642
2069 9826 17643
2070 9826 17644
2071 9826 17645
2072 9826 17646
2073 9826 17647
2074 9826 17648
2075 9826 17649
2076 9826 17650
2077 9826 17651
2078 9826 17652
2079 9826 17653
2080 9826 17654
2081 9826 17655
2082 9826 17656
2083 9826 17657
2084 9826 17658
2085 9826 17659
2086 9826 17660
2087 9826 17661
2088 9826 17662
2089 9826 17663
2090 9826 17664
2091 9826 17665
2092 9826 17666
2093 9826 17667
2094 9826 17668
2095 9826 17669
2096 9826 17670
2097 9826 17671
2098 9826 17672
2099 9826 17673
2100 9826 17674
2101 9826 17675
2102 9826 17676
2103 9826 17677
2104 9826 17678
2105 9826 17679
2106 9826 17680
2107 9826 17681
2108 9826 17682
2109 9826 17683
2110 9826 17684
2111 9826 17685
2112 9826 17686
2113 9826 17687
2114 9826 17688
2115 9826 17689
2116 9826 17690
2117 10684 19051
2118 10684 19052
2119 9826 17693
2120 9826 17694
2121 9826 17695
2122 9826 17696
2123 9826 17697
2124 9826 17698
2125 9826 17699
2126 9826 17700
2127 9826 17701
2128 9826 17702
2129 9826 17703
2130 9826 17704
2131 10684 19065
2132 10684 19066
2133 10684 19067
2134 10684 19068
2135 10684 19069
2136 10684 19070
2137 9826 17711
2138 9826 17712
2139 10684 19073
2140 10684 19074
2141 10684 19075
2142 10684 19076
2143 10684 19077
2144 10684 19078
2145 10684 19079
2146 10684 19080
2147 10684 19081
2148 10684 19082
2149 10684 19083
2150 10684 19084
2151 10684 19085
2152 10684 19086
2153 10684 19087
2154 10684 19088
2155 10684 19089
2156 10684 19090
2157 10684 19091
2158 10684 19092
2159 10684 19093
2160 10684 19094
2161 10684 19095
2162 10684 19096
2163 10684 19097
2164 10684 19098
2165 10684 19099
2166 10684 19100
2167 10684 19101
2168 10684 19102
2169 10684 19103
2170 10684 19104
2171 10684 19105
2172 10684 19106
2173 10684 19107
2174 10684 19108
2175 10684 19109
2176 10684 19110
2177 10684 19111
2178 10684 19112
2179 10684 19113
2180 10684 19114
2181 10684 19115
2182 10684 19116
2183 10684 19117
2184 10684 19118
2185 10684 19119
2186 10684 19120
2187 10684 19121
2188 10684 19122
2189 10684 19123
2190 10684 19124
2191 10684 19125
2192 10684 19126
2193 10684 19127
2194 10684 19128
2195 10684 19129
2196 10684 19130
2197 10684 19131
2198 10684 19132
2199 10684 19133
2200 10684 19134
2201 10684 19135
2202 10684 19136
2203 10684 19137
2204 10684 19138
2205 10684 19139
2206 10684 19140
2207 10684 19141
2208 10684 19142
2209 11007 19655
2210 11007 19656
2211 10684 19145
2212 10684 19146
2213 11007 19659
2214 11007 19660
2215 10684 19149
2216 10684 19150
2217 10684 19151
2218 10684 19152
2219 11007 19665
2220 11007 19666
2221 10684 19155
2222 10684 19156
2223 10684 19157
2224 10684 19158
2225 10684 19159
2226 10684 19160
2227 10684 19161
2228 10684 19162
2229 10684 19163
2230 10684 19164
2231 10684 19165
2232 10684 19166
2233 10684 19167
2234 10684 19168
2235 11007 19681
2236 11007 19682
2237 11007 19683
2238 11007 19684
2239 11007 19685
2240 11007 19686
2241 11007 19687
2242 11007 19688
2243 11007 19689
2244 11007 19690
2245 10684 19179
2246 10684 19180
2247 10684 19181
2248 10684 19182
2249 11007 19695
2250 11007 19696
2251 11007 19697
2252 11007 19698
2253 11007 19699
2254 11007 19700
2255 11007 19701
2256 11007 19702
2257 11007 19703
2258 11007 19704
2259 10684 19193
2260 10684 19194
2261 10684 19195
2262 10684 19196
2263 11007 19709
2264 11007 19710
2265 11007 19711
2266 11007 19712
2267 11007 19713
2268 11007 19714
2269 11007 19715
2270 11007 19716
2271 11007 19717
2272 11007 19718
2273 11007 19719
2274 11007 19720
2275 11007 19721
2276 11007 19722
2277 11007 19723
2278 11007 19724
2279 11007 19725
2280 11007 19726
2281 11007 19727
2282 11007 19728
2283 11007 19729
2284 11007 19730
2285 11007 19731
2286 11007 19732
2287 11007 19733
2288 11007 19734
2289 11007 19735
2290 11007 19736
2291 11007 19737
2292 11007 19738
2293 11007 19739
2294 11007 19740
2295 11007 19741
2296 11007 19742
2297 11007 19743
2298 11007 19744
2299 11007 19745
2300 11007 19746
2301 11007 19747
2302 11007 19748
2303 11007 19749
2304 11007 19750
2305 11007 19751
2306 11007 19752
2307 11007 19753
2308 11007 19754
2309 11007 19755
2310 11007 19756
2311 11007 19757
2312 11007 19758
2313 11007 19759
2314 11007 19760
2315 11007 19761
2316 11007 19762
2317 11007 19763
2318 11007 19764
2319 11007 19765
2320 11007 19766
2321 11007 19767
2322 11007 19768
2323 11007 19769
2324 11007 19770
2325 11007 19771
2326 11007 19772
2327 11007 19773
2328 11007 19774
2329 11007 19775
2330 11007 19776
2331 11007 19777
2332 11007 19778
2333 11007 19779
2334 11007 19780
2335 11007 19781
2336 11007 19782
2337 11007 19783
2338 11007 19784
2339 11007 19785
2340 11007 19786
2341 11007 19787
2342 11007 19788
2343 11007 19789
2344 11007 19790
2345 11007 19791
2346 11007 19792
2347 11007 19793
2348 11007 19794
2349 11961 21307
2350 11961 21308
2351 11961 21309
2352 11961 21310
2353 11007 19799
2354 11007 19800
2355 11961 21313
2356 11961 21314
2357 11007 19803
2358 11007 19804
2359 11007 19805
2360 11007 19806
2361 11961 21319
2362 11961 21320
2363 11961 21321
2364 11961 21322
2365 11961 21323
2366 11961 21324
2367 11961 21325
2368 11961 21326
2369 11007 19815
2370 11007 19816
2371 11007 19817
2372 11007 19818
2373 11961 21331
2374 11961 21332
2375 11961 21333
2376 11961 21334
2377 11007 19823
2378 11007 19824
2379 11007 19825
2380 11007 19826
2381 11007 19827
2382 11007 19828
2383 11007 19829
2384 11007 19830
2385 11007 19831
2386 11007 19832
2387 11007 19833
2388 11007 19834
2389 11007 19835
2390 11007 19836
2391 11007 19837
2392 11007 19838
2393 11007 19839
2394 11007 19840
2395 11007 19841
2396 11007 19842
2397 11007 19843
2398 11007 19844
2399 11007 19845
2400 11007 19846
2401 11007 19847
2402 11007 19848
2403 11007 19849
2404 11007 19850
2405 11007 19851
2406 11007 19852
2407 11007 19853
2408 11007 19854
2409 11007 19855
2410 11007 19856
2411 11007 19857
2412 11007 19858
2413 11007 19859
2414 11007 19860
2415 11007 19861
2416 11007 19862
2417 11007 19863
2418 11007 19864
2419 11007 19865
2420 11007 19866
2421 11007 19867
2422 11007 19868
2423 11007 19869
2424 11007 19870
2425 11007 19871
2426 11007 19872
2427 11007 19873
2428 11007 19874
2429 11961 21387
2430 11961 21388
2431 11007 19877
2432 11007 19878
2433 11007 19879
2434 11007 19880
2435 11007 19881
2436 11007 19882
2437 11961 21395
2438 11961 21396
2439 11961 21397
2440 11961 21398
2441 11961 21399
2442 11961 21400
2443 11961 21401
2444 11961 21402
2445 11007 19891
2446 11007 19892
2447 11007 19893
2448 11007 19894
2449 11961 21407
2450 11961 21408
2451 11007 19897
2452 11007 19898
2453 11007 19899
2454 11007 19900
2455 11007 19901
2456 11007 19902
2457 11007 19903
2458 11007 19904
2459 11007 19905
2460 11007 19906
2461 11007 19907
2462 11007 19908
2463 11007 19909
2464 11007 19910
2465 11007 19911
2466 11007 19912
2467 11007 19913
2468 11007 19914
2469 11007 19915
2470 11007 19916
2471 11007 19917
2472 11007 19918
2473 11961 21431
2474 11961 21432
2475 11961 21433
2476 11961 21434
2477 11961 21435
2478 11961 21436
2479 11961 21437
2480 11961 21438
2481 11961 21439
2482 11961 21440
2483 11961 21441
2484 11961 21442
2485 11961 21443
2486 11961 21444
2487 11961 21445
2488 11961 21446
2489 11961 21447
2490 11961 21448
2491 11961 21449
2492 11961 21450
2493 11961 21451
2494 11961 21452
2495 11961 21453
2496 11961 21454
2497 11961 21455
2498 11961 21456
2499 11961 21457
2500 11961 21458
2501 11961 21459
2502 11961 21460
2503 11961 21461
2504 11961 21462
2505 11961 21463
2506 11961 21464
2507 11961 21465
2508 11961 21466
2509 11961 21467
2510 11961 21468
2511 11961 21469
2512 11961 21470
2513 11961 21471
2514 11961 21472
2515 11961 21473
2516 11961 21474
2517 11961 21475
2518 11961 21476
2519 11961 21477
2520 11961 21478
2521 11961 21479
2522 11961 21480
2523 11961 21481
2524 11961 21482
2525 11961 21483
2526 11961 21484
2527 11961 21485
2528 11961 21486
2529 11961 21487
2530 11961 21488
2531 11961 21489
2532 11961 21490
2533 11961 21491
2534 11961 21492
2535 11961 21493
2536 11961 21494
2537 11961 21495
2538 11961 21496
2539 11961 21497
2540 11961 21498
2541 11961 21499
2542 11961 21500
2543 11961 21501
2544 11961 21502
2545 12445 22270
2546 12445 22271
2547 12445 22272
2548 12445 22273
2549 11961 21507
2550 11961 21508
2551 12445 22276
2552 12445 22277
2553 12445 22278
2554 12445 22279
2555 12445 22280
2556 12445 22281
2557 12445 22282
2558 12445 22283
2559 12445 22284
2560 12445 22285
2561 12445 22286
2562 12445 22287
2563 12445 22288
2564 12445 22289
2565 12445 22290
2566 12445 22291
2567 12445 22292
2568 12445 22293
2569 12445 22294
2570 12445 22295
2571 12445 22296
2572 12445 22297
2573 12445 22298
2574 12445 22299
2575 12445 22300
2576 12445 22301
2577 12445 22302
2578 12445 22303
2579 12445 22304
2580 12445 22305
2581 12445 22306
2582 12445 22307
2583 12445 22308
2584 12445 22309
2585 11961 21543
2586 11961 21544
2587 11961 21545
2588 11961 21546
2589 11961 21547
2590 11961 21548
2591 11961 21549
2592 11961 21550
2593 12426 22288
2594 12426 22289
2595 12426 22290
2596 12426 22291
2597 12445 22322
2598 12445 22323
2599 12445 22324
2600 12445 22325
2601 12426 22296
2602 12426 22297
2603 12426 22298
2604 12426 22299
2605 12426 22300
2606 12426 22301
2607 12426 22302
2608 12426 22303
2609 12426 22304
2610 12426 22305
2611 12426 22306
2612 12426 22307
2613 12426 22308
2614 12426 22309
2615 12426 22310
2616 12426 22311
2617 12426 22312
2618 12426 22313
2619 12426 22314
2620 12426 22315
2621 12426 22316
2622 12426 22317
2623 12426 22318
2624 12426 22319
2625 12426 22320
2626 12426 22321
2627 12426 22322
2628 12426 22323
2629 12426 22324
2630 12426 22325
2631 12426 22326
2632 12426 22327
2633 12426 22328
2634 12426 22329
2635 12426 22330
2636 12426 22331
2637 12426 22332
2638 12426 22333
2639 12426 22334
2640 12426 22335
2641 12426 22336
2642 12426 22337
2643 12426 22338
2644 12426 22339
2645 12426 22340
2646 12426 22341
2647 12426 22342
2648 12426 22343
2649 12426 22344
2650 12426 22345
2651 12426 22346
2652 12426 22347
2653 12426 22348
2654 12426 22349
2655 12426 22350
2656 12426 22351
2657 12426 22352
2658 12426 22353
2659 13756 24462
2660 13756 24463
2661 12426 22356
2662 12426 22357
2663 12426 22358
2664 12426 22359
2665 12426 22360
2666 12426 22361
2667 12426 22362
2668 12426 22363
2669 13756 24472
2670 13756 24473
2671 13756 24474
2672 13756 24475
2673 13756 24476
2674 13756 24477
2675 13756 24478
2676 13756 24479
2677 12426 22372
2678 12426 22373
2679 12426 22374
2680 12426 22375
2681 13756 24484
2682 13756 24485
2683 13756 24486
2684 13756 24487
2685 13756 24488
2686 13756 24489
2687 13756 24490
2688 13756 24491
2689 12426 22384
2690 12426 22385
2691 12426 22386
2692 12426 22387
2693 12426 22388
2694 12426 22389
2695 12426 22390
2696 12426 22391
2697 13756 24500
2698 13756 24501
2699 12426 22394
2700 12426 22395
2701 12426 22396
2702 12426 22397
2703 12426 22398
2704 12426 22399
2705 12426 22400
2706 12426 22401
2707 12426 22402
2708 12426 22403
2709 12426 22404
2710 12426 22405
2711 12426 22406
2712 12426 22407
2713 12426 22408
2714 12426 22409
2715 12426 22410
2716 12426 22411
2717 12426 22412
2718 12426 22413
2719 12426 22414
2720 12426 22415
2721 12426 22416
2722 12426 22417
2723 12426 22418
2724 12426 22419
2725 12729 22900
2726 12729 22901
2727 12729 22902
2728 12729 22903
2729 12729 22904
2730 12729 22905
2731 12729 22906
2732 12729 22907
2733 12729 22908
2734 12729 22909
2735 12729 22910
2736 12729 22911
2737 12426 22432
2738 12426 22433
2739 12426 22434
2740 12426 22435
2741 12729 22916
2742 12729 22917
2743 12729 22918
2744 12729 22919
2745 12729 22920
2746 12729 22921
2747 12729 22922
2748 12729 22923
2749 13756 24552
2750 13756 24553
2751 12729 22926
2752 12729 22927
2753 12729 22928
2754 12729 22929
2755 12729 22930
2756 12729 22931
2757 12729 22932
2758 12729 22933
2759 12729 22934
2760 12729 22935
2761 13756 24564
2762 13756 24565
2763 13756 24566
2764 13756 24567
2765 12729 22940
2766 12729 22941
2767 12729 22942
2768 12729 22943
2769 13756 24572
2770 13756 24573
2771 13756 24574
2772 13756 24575
2773 13756 24576
2774 13756 24577
2775 13756 24578
2776 13756 24579
2777 13756 24580
2778 13756 24581
2779 13756 24582
2780 13756 24583
2781 13657 24427
2782 13657 24428
2783 13657 24429
2784 13657 24430
2785 13756 24588
2786 13756 24589
2787 13756 24590
2788 13756 24591
2789 13756 24592
2790 13756 24593
2791 13756 24594
2792 13756 24595
2793 13756 24596
2794 13756 24597
2795 13756 24598
2796 13756 24599
2797 13657 24443
2798 13657 24444
2799 13756 24602
2800 13756 24603
2801 13657 24447
2802 13657 24448
2803 13756 24606
2804 13756 24607
2805 13756 24608
2806 13756 24609
2807 13756 24610
2808 13756 24611
2809 13756 24612
2810 13756 24613
2811 13756 24614
2812 13756 24615
2813 13756 24616
2814 13756 24617
2815 13756 24618
2816 13756 24619
2817 13756 24620
2818 13756 24621
2819 13756 24622
2820 13756 24623
2821 13657 24467
2822 13657 24468
2823 13657 24469
2824 13657 24470
2825 13657 24471
2826 13657 24472
2827 13657 24473
2828 13657 24474
2829 13657 24475
2830 13657 24476
2831 13657 24477
2832 13657 24478
2833 13756 24636
2834 13756 24637
2835 13756 24638
2836 13756 24639
2837 13657 24483
2838 13657 24484
2839 13756 24642
2840 13756 24643
2841 13756 24644
2842 13756 24645
2843 13756 24646
2844 13756 24647
2845 13756 24648
2846 13756 24649
2847 13756 24650
2848 13756 24651
2849 13756 24652
2850 13756 24653
2851 13756 24654
2852 13756 24655
2853 13756 24656
2854 13756 24657
2855 13756 24658
2856 13756 24659
2857 13756 24660
2858 13756 24661
2859 13756 24662
2860 13756 24663
2861 13756 24664
2862 13756 24665
2863 13756 24666
2864 13756 24667
2865 13756 24668
2866 13756 24669
2867 13756 24670
2868 13756 24671
2869 13756 24672
2870 13756 24673
2871 14103 25224
2872 14103 25225
2873 13756 24676
2874 13756 24677
2875 14103 25228
2876 14103 25229
2877 14103 25230
2878 14103 25231
2879 14103 25232
2880 14103 25233
2881 13657 24527
2882 13657 24528
2883 13657 24529
2884 13657 24530
2885 13657 24531
2886 13657 24532
2887 13657 24533
2888 13657 24534
2889 13657 24535
2890 13657 24536
2891 14103 25244
2892 14103 25245
2893 14103 25246
2894 14103 25247
2895 14103 25248
2896 14103 25249
2897 13657 24543
2898 13657 24544
2899 14103 25252
2900 14103 25253
2901 14103 25254
2902 14103 25255
2903 14103 25256
2904 14103 25257
2905 14103 25258
2906 14103 25259
2907 14103 25260
2908 14103 25261
2909 13657 24555
2910 13657 24556
2911 13657 24557
2912 13657 24558
2913 14103 25266
2914 14103 25267
2915 13657 24561
2916 13657 24562
2917 13657 24563
2918 13657 24564
2919 13657 24565
2920 13657 24566
2921 14103 25274
2922 14103 25275
2923 13657 24569
2924 13657 24570
2925 13657 24571
2926 13657 24572
2927 13657 24573
2928 13657 24574
2929 13657 24575
2930 13657 24576
2931 13657 24577
2932 13657 24578
2933 14103 25286
2934 14103 25287
2935 14103 25288
2936 14103 25289
2937 14103 25290
2938 14103 25291
2939 14103 25292
2940 14103 25293
2941 14103 25294
2942 14103 25295
2943 14103 25296
2944 14103 25297
2945 14103 25298
2946 14103 25299
2947 14103 25300
2948 14103 25301
2949 14103 25302
2950 14103 25303
2951 14103 25304
2952 14103 25305
2953 14103 25306
2954 14103 25307
2955 14103 25308
2956 14103 25309
2957 14103 25310
2958 14103 25311
2959 14103 25312
2960 14103 25313
2961 14103 25314
2962 14103 25315
2963 14103 25316
2964 14103 25317
2965 14103 25318
2966 14103 25319
2967 14103 25320
2968 14103 25321
2969 14103 25322
2970 14103 25323
2971 15563 27638
2972 15563 27639
2973 15563 27640
2974 15563 27641
2975 15563 27642
2976 15563 27643
2977 14103 25330
2978 14103 25331
2979 15563 27646
2980 15563 27647
2981 15563 27648
2982 15563 27649
2983 15563 27650
2984 15563 27651
2985 15563 27652
2986 15563 27653
2987 15563 27654
2988 15563 27655
2989 15563 27656
2990 15563 27657
2991 15563 27658
2992 15563 27659
2993 15563 27660
2994 15563 27661
2995 15563 27662
2996 15563 27663
2997 15563 27664
2998 15563 27665
2999 15563 27666
3000 15563 27667
3001 15563 27668
3002 15563 27669
3003 15563 27670
3004 15563 27671
3005 15563 27672
3006 15563 27673
3007 15563 27674
3008 15563 27675
3009 15563 27676
3010 15563 27677
3011 15563 27678
3012 15563 27679
3013 15563 27680
3014 15563 27681
3015 15563 27682
3016 15563 27683
3017 15563 27684
3018 15563 27685
3019 15563 27686
3020 15563 27687
3021 15563 27688
3022 15563 27689
3023 15563 27690
3024 15563 27691
3025 15563 27692
3026 15563 27693
3027 15563 27694
3028 15563 27695
3029 15563 27696
3030 15563 27697
3031 15563 27698
3032 15563 27699
3033 15563 27700
3034 15563 27701
3035 15563 27702
3036 15563 27703
3037 15563 27704
3038 15563 27705
3039 15563 27706
3040 15563 27707
3041 15563 27708
3042 15563 27709
3043 15563 27710
3044 15563 27711
3045 15563 27712
3046 15563 27713
3047 15563 27714
3048 15563 27715
3049 15563 27716
3050 15563 27717
3051 15563 27718
3052 15563 27719
3053 15563 27720
3054 15563 27721
3055 15563 27722
3056 15563 27723
3057 15563 27724
3058 15563 27725
3059 15563 27726
3060 15563 27727
3061 15563 27728
3062 15563 27729
3063 15563 27730
3064 15563 27731
3065 15563 27732
3066 15563 27733
3067 15563 27734
3068 15563 27735
3069 15563 27736
3070 15563 27737
3071 15563 27738
3072 15563 27739
3073 15563 27740
3074 15563 27741
3075 15563 27742
3076 15563 27743
3077 15563 27744
3078 15563 27745
3079 15563 27746
3080 15563 27747
3081 15563 27748
3082 15563 27749
3083 15563 27750
3084 15563 27751
3085 15563 27752
3086 15563 27753
3087 15563 27754
3088 15563 27755
3089 15563 27756
3090 15563 27757
3091 15563 27758
3092 15563 27759
3093 15563 27760
3094 15563 27761
3095 15563 27762
3096 15563 27763
3097 15563 27764
3098 15563 27765
3099 15563 27766
3100 15563 27767
3101 15563 27768
3102 15563 27769
3103 15563 27770
3104 15563 27771
3105 15563 27772
3106 15563 27773
3107 15563 27774
3108 15563 27775
3109 15563 27776
3110 15563 27777
3111 15563 27778
3112 15563 27779
3113 15563 27780
3114 15563 27781
3115 15563 27782
3116 15563 27783
3117 15563 27784
3118 15563 27785
3119 15563 27786
3120 15563 27787
3121 15563 27788
3122 15563 27789
3123 15563 27790
3124 15563 27791
3125 15563 27792
3126 15563 27793
3127 15563 27794
3128 15563 27795
3129 15563 27796
3130 15563 27797
3131 15563 27798
3132 15563 27799
3133 15563 27800
3134 15563 27801
3135 15563 27802
3136 15563 27803
3137 15563 27804
3138 15563 27805
3139 15563 27806
3140 15563 27807
3141 15563 27808
3142 15563 27809
3143 15563 27810
3144 15563 27811
3145 15563 27812
3146 15563 27813
3147 15563 27814
3148 15563 27815
3149 15563 27816
3150 15563 27817
3151 15563 27818
3152 15563 27819
3153 15563 27820
3154 15563 27821
3155 15563 27822
3156 15563 27823
3157 15563 27824
3158 15563 27825
3159 15563 27826
3160 15563 27827
3161 15563 27828
3162 15563 27829
3163 15575 27849
3164 15575 27850
3165 15563 27832
3166 15563 27833
3167 15563 27834
3168 15563 27835
3169 15563 27836
3170 15563 27837
3171 15563 27838
3172 15563 27839
3173 15563 27840
3174 15563 27841
3175 15563 27842
3176 15563 27843
3177 15575 27863
3178 15575 27864
3179 15575 27865
3180 15575 27866
3181 15575 27867
3182 15575 27868
3183 15575 27869
3184 15575 27870
3185 15575 27871
3186 15575 27872
3187 15575 27873
3188 15575 27874
3189 15575 27875
3190 15575 27876
3191 15575 27877
3192 15575 27878
3193 15575 27879
3194 15575 27880
3195 15575 27881
3196 15575 27882
3197 15575 27883
3198 15575 27884
3199 15575 27885
3200 15575 27886
3201 15575 27887
3202 15575 27888
3203 15575 27889
3204 15575 27890
3205 15575 27891
3206 15575 27892
3207 15575 27893
3208 15575 27894
3209 15575 27895
3210 15575 27896
3211 15575 27897
3212 15575 27898
3213 15575 27899
3214 15575 27900
3215 15575 27901
3216 15575 27902
3217 15575 27903
3218 15575 27904
3219 15575 27905
3220 15575 27906
3221 15575 27907
3222 15575 27908
3223 15575 27909
3224 15575 27910
3225 15575 27911
3226 15575 27912
3227 15575 27913
3228 15575 27914
3229 15575 27915
3230 15575 27916
3231 15575 27917
3232 15575 27918
3233 15575 27919
3234 15575 27920
3235 15575 27921
3236 15575 27922
3237 15575 27923
3238 15575 27924
3239 15575 27925
3240 15575 27926
3241 15575 27927
3242 15575 27928
3243 16240 28983
3244 16240 28984
3245 16240 28985
3246 16240 28986
3247 16240 28987
3248 16240 28988
3249 16240 28989
3250 16240 28990
3251 16240 28991
3252 16240 28992
3253 16240 28993
3254 16240 28994
3255 16240 28995
3256 16240 28996
3257 16240 28997
3258 16240 28998
3259 16240 28999
3260 16240 29000
3261 16240 29001
3262 16240 29002
3263 16240 29003
3264 16240 29004
3265 16240 29005
3266 16240 29006
3267 16240 29007
3268 16240 29008
3269 16240 29009
3270 16240 29010
3271 16240 29011
3272 16240 29012
3273 16240 29013
3274 16240 29014
3275 16240 29015
3276 16240 29016
3277 16240 29017
3278 16240 29018
3279 16240 29019
3280 16240 29020
3281 16240 29021
3282 16240 29022
3283 16240 29023
3284 16240 29024
3285 16240 29025
3286 16240 29026
3287 16240 29027
3288 16240 29028
3289 16240 29029
3290 16240 29030
3291 16240 29031
3292 16240 29032
3293 16240 29033
3294 16240 29034
3295 16240 29035
3296 16240 29036
3297 16240 29037
3298 16240 29038
3299 16240 29039
3300 16240 29040
3301 16240 29041
3302 16240 29042
3303 16240 29043
3304 16240 29044
3305 16240 29045
3306 16240 29046
3307 16240 29047
3308 16240 29048
3309 16240 29049
3310 16240 29050
3311 16240 29051
3312 16240 29052
3313 16240 29053
3314 16240 29054
3315 16240 29055
3316 16240 29056
3317 16240 29057
3318 16240 29058
3319 16240 29059
3320 16240 29060
3321 16240 29061
3322 16240 29062
3323 16240 29063
3324 16240 29064
3325 16240 29065
3326 16240 29066
3327 16240 29067
3328 16240 29068
3329 16240 29069
3330 16240 29070
3331 16240 29071
3332 16240 29072
3333 16240 29073
3334 16240 29074
3335 16240 29075
3336 16240 29076
3337 16240 29077
3338 16240 29078
3339 16240 29079
3340 16240 29080
3341 16240 29081
3342 16240 29082
3343 16240 29083
3344 16240 29084
3345 16240 29085
3346 16240 29086
3347 16240 29087
3348 16240 29088
3349 16240 29089
3350 16240 29090
3351 16240 29091
3352 16240 29092
3353 16240 29093
3354 16240 29094
3355 16240 29095
3356 16240 29096
3357 16240 29097
3358 16240 29098
3359 16240 29099
3360 16240 29100
3361 16240 29101
3362 16240 29102
3363 16240 29103
3364 16240 29104
3365 16240 29105
3366 16240 29106
3367 16240 29107
3368 16240 29108
3369 16240 29109
3370 16240 29110
3371 16240 29111
3372 16240 29112
3373 16240 29113
3374 16240 29114
3375 16240 29115
3376 16240 29116
3377 16240 29117
3378 16240 29118
3379 16240 29119
3380 16240 29120
3381 16240 29121
3382 16240 29122
3383 16240 29123
3384 16240 29124
3385 16240 29125
3386 16240 29126
3387 16240 29127
3388 16240 29128
3389 16240 29129
3390 16240 29130
3391 16240 29131
3392 16240 29132
3393 16240 29133
3394 16240 29134
3395 16240 29135
3396 16240 29136
3397 16240 29137
3398 16240 29138
3399 16240 29139
3400 16240 29140
3401 16240 29141
3402 16240 29142
3403 16240 29143
3404 16240 29144
3405 16240 29145
3406 16240 29146
3407 16240 29147
3408 16240 29148
3409 16240 29149
3410 16240 29150
3411 16240 29151
3412 16240 29152
3413 16240 29153
3414 16240 29154
3415 16240 29155
3416 16240 29156
3417 16240 29157
3418 16240 29158
3419 16240 29159
3420 16240 29160
3421 16240 29161
3422 16240 29162
3423 16240 29163
3424 16240 29164
3425 16240 29165
3426 16240 29166
3427 16240 29167
3428 16240 29168
3429 16240 29169
3430 16240 29170
3431 16240 29171
3432 16240 29172
3433 16240 29173
3434 16240 29174
3435 16240 29175
3436 16240 29176
3437 16240 29177
3438 16240 29178
3439 16240 29179
3440 16240 29180
3441 16240 29181
3442 16240 29182
3443 16240 29183
3444 16240 29184
3445 16240 29185
3446 16240 29186
3447 16240 29187
3448 16240 29188
3449 16240 29189
3450 16240 29190
3451 16240 29191
3452 16240 29192
3453 16240 29193
3454 16240 29194
3455 16240 29195
3456 16240 29196
3457 16240 29197
3458 16240 29198
3459 16240 29199
3460 16240 29200
3461 16240 29201
3462 16240 29202
3463 16240 29203
3464 16240 29204
3465 16240 29205
3466 16240 29206
3467 16240 29207
3468 16240 29208
3469 16240 29209
3470 16240 29210
3471 16240 29211
3472 16240 29212
3473 16240 29213
3474 16240 29214
3475 16240 29215
3476 16240 29216
3477 16240 29217
3478 16240 29218
3479 16240 29219
3480 16240 29220
3481 16240 29221
3482 16240 29222
3483 16240 29223
3484 16240 29224
3485 16240 29225
3486 16240 29226
3487 16240 29227
3488 16240 29228
3489 16240 29229
3490 16240 29230
3491 16240 29231
3492 16240 29232
3493 16240 29233
3494 16240 29234
3495 16240 29235
3496 16240 29236
3497 16240 29237
3498 16240 29238
3499 16240 29239
3500 16240 29240
3501 16240 29241
3502 16240 29242
3503 16240 29243
3504 16240 29244
3505 16240 29245
3506 16240 29246
3507 16240 29247
3508 16240 29248
3509 16240 29249
3510 16240 29250
3511 16240 29251
3512 16240 29252
3513 16240 29253
3514 16240 29254
3515 16240 29255
3516 16240 29256
3517 16240 29257
3518 16240 29258
3519 16240 29259
3520 16240 29260
3521 16240 29261
3522 16240 29262
3523 16240 29263
3524 16240 29264
3525 17035 30525
3526 17035 30526
3527 17035 30527
3528 17035 30528
3529 17035 30529
3530 17035 30530
3531 17035 30531
3532 17035 30532
3533 17035 30533
3534 17035 30534
3535 17035 30535
3536 17035 30536
3537 17035 30537
3538 17035 30538
3539 16240 29279
3540 16240 29280
3541 16240 29281
3542 16240 29282
3543 17151 30727
3544 17151 30728
3545 17035 30545
3546 17035 30546
3547 17035 30547
3548 17035 30548
3549 17151 30733
3550 17151 30734
3551 17151 30735
3552 17151 30736
3553 17035 30553
3554 17035 30554
3555 17035 30555
3556 17035 30556
3557 17035 30557
3558 17035 30558
3559 17151 30743
3560 17151 30744
3561 17035 30561
3562 17035 30562
3563 17035 30563
3564 17035 30564
3565 17035 30565
3566 17035 30566
3567 17035 30567
3568 17035 30568
3569 17151 30753
3570 17151 30754
3571 17151 30755
3572 17151 30756
3573 17151 30757
3574 17151 30758
3575 17151 30759
3576 17151 30760
3577 17151 30761
3578 17151 30762
3579 17151 30763
3580 17151 30764
3581 17151 30765
3582 17151 30766
3583 17151 30767
3584 17151 30768
3585 17151 30769
3586 17151 30770
3587 17151 30771
3588 17151 30772
3589 17151 30773
3590 17151 30774
3591 17151 30775
3592 17151 30776
3593 17151 30777
3594 17151 30778
3595 17151 30779
3596 17151 30780
3597 17151 30781
3598 17151 30782
3599 17151 30783
3600 17151 30784
3601 17151 30785
3602 17151 30786
3603 17151 30787
3604 17151 30788
3605 17151 30789
3606 17151 30790
3607 17151 30791
3608 17151 30792
3609 17151 30793
3610 17151 30794
3611 17151 30795
3612 17151 30796
3613 17151 30797
3614 17151 30798
3615 17151 30799
3616 17151 30800
3617 17151 30801
3618 17151 30802
3619 17151 30803
3620 17151 30804
3621 17151 30805
3622 17151 30806
3623 17151 30807
3624 17151 30808
3625 17151 30809
3626 17151 30810
3627 17151 30811
3628 17151 30812
3629 17151 30813
3630 17151 30814
3631 17151 30815
3632 17151 30816
3633 17151 30817
3634 17151 30818
3635 17151 30819
3636 17151 30820
3637 17151 30821
3638 17151 30822
3639 17151 30823
3640 17151 30824
3641 17151 30825
3642 17151 30826
3643 17151 30827
3644 17151 30828
3645 17151 30829
3646 17151 30830
3647 17151 30831
3648 17151 30832
3649 17151 30833
3650 17151 30834
3651 17151 30835
3652 17151 30836
3653 17151 30837
3654 17151 30838
3655 17151 30839
3656 17151 30840
3657 17151 30841
3658 17151 30842
3659 17151 30843
3660 17151 30844
3661 17151 30845
3662 17151 30846
3663 17151 30847
3664 17151 30848
3665 18199 32510
3666 18199 32511
3667 18199 32512
3668 18199 32513
3669 18199 32514
3670 18199 32515
3671 18199 32516
3672 18199 32517
3673 17151 30857
3674 17151 30858
3675 18199 32520
3676 18199 32521
3677 17151 30861
3678 17151 30862
3679 17151 30863
3680 17151 30864
3681 17151 30865
3682 17151 30866
3683 17151 30867
3684 17151 30868
3685 17151 30869
3686 17151 30870
3687 17151 30871
3688 17151 30872
3689 17151 30873
3690 17151 30874
3691 17151 30875
3692 17151 30876
3693 18199 32538
3694 18199 32539
3695 18199 32540
3696 18199 32541
3697 18199 32542
3698 18199 32543
3699 18199 32544
3700 18199 32545
3701 18199 32546
3702 18199 32547
3703 18199 32548
3704 18199 32549
3705 18199 32550
3706 18199 32551
3707 18199 32552
3708 18199 32553
3709 18199 32554
3710 18199 32555
3711 18199 32556
3712 18199 32557
3713 18199 32558
3714 18199 32559
3715 18199 32560
3716 18199 32561
3717 18199 32562
3718 18199 32563
3719 18199 32564
3720 18199 32565
3721 18199 32566
3722 18199 32567
3723 18199 32568
3724 18199 32569
3725 18199 32570
3726 18199 32571
3727 18199 32572
3728 18199 32573
3729 18199 32574
3730 18199 32575
3731 18199 32576
3732 18199 32577
3733 18199 32578
3734 18199 32579
3735 18199 32580
3736 18199 32581
3737 18199 32582
3738 18199 32583
3739 18199 32584
3740 18199 32585
3741 18199 32586
3742 18199 32587
3743 18199 32588
3744 18199 32589
3745 18199 32590
3746 18199 32591
3747 18199 32592
3748 18199 32593
3749 18199 32594
3750 18199 32595
3751 18199 32596
3752 18199 32597
3753 18199 32598
3754 18199 32599
3755 18199 32600
3756 18199 32601
3757 18199 32602
3758 18199 32603
3759 18199 32604
3760 18199 32605
3761 18199 32606
3762 18199 32607
3763 18199 32608
3764 18199 32609
3765 18199 32610
3766 18199 32611
3767 18199 32612
3768 18199 32613
3769 18199 32614
3770 18199 32615
3771 18199 32616
3772 18199 32617
3773 18199 32618
3774 18199 32619
3775 18199 32620
3776 18199 32621
3777 18199 32622
3778 18199 32623
3779 18199 32624
3780 18199 32625
3781 18199 32626
3782 18199 32627
3783 18199 32628
3784 18199 32629
3785 18199 32630
3786 18199 32631
3787 18199 32632
3788 18199 32633
3789 18199 32634
3790 18199 32635
3791 18199 32636
3792 18199 32637
3793 18199 32638
3794 18199 32639
3795 18199 32640
3796 18199 32641
3797 18199 32642
3798 18199 32643
3799 18199 32644
3800 18199 32645
3801 18199 32646
3802 18199 32647
3803 18199 32648
3804 18199 32649
3805 18953 33845
3806 18953 33846
3807 18953 33847
3808 18953 33848
3809 18199 32654
3810 18199 32655
3811 18199 32656
3812 18199 32657
3813 18199 32658
3814 18199 32659
3815 18199 32660
3816 18199 32661
3817 18953 33857
3818 18953 33858
3819 18953 33859
3820 18953 33860
3821 18953 33861
3822 18953 33862
3823 18953 33863
3824 18953 33864
3825 18953 33865
3826 18953 33866
3827 18953 33867
3828 18953 33868
3829 18953 33869
3830 18953 33870
3831 18953 33871
3832 18953 33872
3833 18953 33873
3834 18953 33874
3835 18953 33875
3836 18953 33876
3837 18953 33877
3838 18953 33878
3839 18953 33879
3840 18953 33880
3841 18953 33881
3842 18953 33882
3843 18953 33883
3844 18953 33884
3845 18953 33885
3846 18953 33886
3847 18953 33887
3848 18953 33888
3849 18953 33889
3850 18953 33890
3851 18953 33891
3852 18953 33892
3853 18953 33893
3854 18953 33894
3855 18953 33895
3856 18953 33896
3857 18953 33897
3858 18953 33898
3859 18953 33899
3860 18953 33900
3861 19365 34554
3862 19365 34555
3863 18953 33903
3864 18953 33904
3865 19365 34558
3866 19365 34559
3867 19365 34560
3868 19365 34561
3869 19365 34562
3870 19365 34563
3871 19365 34564
3872 19365 34565
3873 19365 34566
3874 19365 34567
3875 19365 34568
3876 19365 34569
3877 19365 34570
3878 19365 34571
3879 19365 34572
3880 19365 34573
3881 19794 35254
3882 19794 35255
3883 19794 35256
3884 19794 35257
3885 19794 35258
3886 19794 35259
3887 19794 35260
3888 19794 35261
3889 19794 35262
3890 19794 35263
3891 19365 34584
3892 19365 34585
3893 19365 34586
3894 19365 34587
3895 19365 34588
3896 19365 34589
3897 19365 34590
3898 19365 34591
3899 19365 34592
3900 19365 34593
3901 19365 34594
3902 19365 34595
3903 19794 35276
3904 19794 35277
3905 19365 34598
3906 19365 34599
3907 19365 34600
3908 19365 34601
3909 19365 34602
3910 19365 34603
3911 19365 34604
3912 19365 34605
3913 19365 34606
3914 19365 34607
3915 19365 34608
3916 19365 34609
3917 19365 34610
3918 19365 34611
3919 19365 34612
3920 19365 34613
3921 19365 34614
3922 19365 34615
3923 19365 34616
3924 19365 34617
3925 19365 34618
3926 19365 34619
3927 19365 34620
3928 19365 34621
3929 19365 34622
3930 19365 34623
3931 19365 34624
3932 19365 34625
3933 19365 34626
3934 19365 34627
3935 19365 34628
3936 19365 34629
3937 19365 34630
3938 19365 34631
3939 19794 35312
3940 19794 35313
3941 19794 35314
3942 19794 35315
3943 19794 35316
3944 19794 35317
3945 19794 35318
3946 19794 35319
3947 19794 35320
3948 19794 35321
3949 19794 35322
3950 19794 35323
3951 19794 35324
3952 19794 35325
3953 19794 35326
3954 19794 35327
3955 19794 35328
3956 19794 35329
3957 19794 35330
3958 19794 35331
3959 19794 35332
3960 19794 35333
3961 19794 35334
3962 19794 35335
3963 19794 35336
3964 19794 35337
3965 19794 35338
3966 19794 35339
3967 19794 35340
3968 19794 35341
3969 19794 35342
3970 19794 35343
3971 19794 35344
3972 19794 35345
3973 19794 35346
3974 19794 35347
3975 19794 35348
3976 19794 35349
3977 19794 35350
3978 19794 35351
3979 19794 35352
3980 19794 35353
3981 19794 35354
3982 19794 35355
3983 19794 35356
3984 19794 35357
3985 19794 35358
3986 19794 35359
3987 19794 35360
3988 19794 35361
3989 19794 35362
3990 19794 35363
3991 19794 35364
3992 19794 35365
3993 19794 35366
3994 19794 35367
3995 19794 35368
3996 19794 35369
3997 19794 35370
3998 19794 35371
3999 19794 35372
4000 19794 35373
4001 19794 35374
4002 19794 35375
4003 19794 35376
4004 19794 35377
4005 19794 35378
4006 19794 35379
4007 19794 35380
4008 19794 35381
4009 19794 35382
4010 19794 35383
4011 19794 35384
4012 19794 35385
4013 19794 35386
4014 19794 35387
4015 19794 35388
4016 19794 35389
4017 19794 35390
4018 19794 35391
4019 19794 35392
4020 19794 35393
4021 19794 35394
4022 19794 35395
4023 19794 35396
4024 19794 35397
4025 19794 35398
4026 19794 35399
4027 19794 35400
4028 19794 35401
4029 19794 35402
4030 19794 35403
4031 19794 35404
4032 19794 35405
4033 19794 35406
4034 19794 35407
4035 19794 35408
4036 19794 35409
4037 19794 35410
4038 19794 35411
4039 19794 35412
4040 19794 35413
4041 19794 35414
4042 19794 35415
4043 19794 35416
4044 19794 35417
4045 19794 35418
4046 19794 35419
4047 19794 35420
4048 19794 35421
4049 19794 35422
4050 19794 35423
4051 19794 35424
4052 19794 35425
4053 19794 35426
4054 19794 35427
4055 19794 35428
4056 19794 35429
4057 19794 35430
4058 19794 35431
4059 19794 35432
4060 19794 35433
4061 19794 35434
4062 19794 35435
4063 19794 35436
4064 19794 35437
4065 19794 35438
4066 19794 35439
4067 19794 35440
4068 19794 35441
4069 19794 35442
4070 19794 35443
4071 19794 35444
4072 19794 35445
4073 19794 35446
4074 19794 35447
4075 19794 35448
4076 19794 35449
4077 19794 35450
4078 19794 35451
4079 19794 35452
4080 19794 35453
4081 19794 35454
4082 19794 35455
4083 19794 35456
4084 19794 35457
4085 19794 35458
4086 19794 35459
4087 19794 35460
4088 19794 35461
4089 19794 35462
4090 19794 35463
4091 19794 35464
4092 19794 35465
4093 19794 35466
4094 19794 35467
4095 19794 35468
4096 19794 35469
4097 19794 35470
4098 19794 35471
4099 19794 35472
4100 19794 35473
4101 19794 35474
4102 19794 35475
4103 19794 35476
4104 19794 35477
4105 19794 35478
4106 19794 35479
4107 19794 35480
4108 19794 35481
4109 19794 35482
4110 19794 35483
4111 19982 35782
4112 19982 35783
4113 19982 35784
4114 19982 35785
4115 19982 35786
4116 19982 35787
4117 19982 35788
4118 19982 35789
4119 19982 35790
4120 19982 35791
4121 19982 35792
4122 19982 35793
4123 19982 35794
4124 19982 35795
4125 19982 35796
4126 19982 35797
4127 19982 35798
4128 19982 35799
4129 19982 35800
4130 19982 35801
4131 19982 35802
4132 19982 35803
4133 19982 35804
4134 19982 35805
4135 19982 35806
4136 19982 35807
4137 19982 35808
4138 19982 35809
4139 19982 35810
4140 19982 35811
4141 19982 35812
4142 19982 35813
4143 19982 35814
4144 19982 35815
4145 19982 35816
4146 19982 35817
4147 19982 35818
4148 19982 35819
4149 19982 35820
4150 19982 35821
4151 19982 35822
4152 19982 35823
4153 19982 35824
4154 19982 35825
4155 19982 35826
4156 19982 35827
4157 19982 35828
4158 19982 35829
4159 19982 35830
4160 19982 35831
4161 19982 35832
4162 19982 35833
4163 19982 35834
4164 19982 35835
4165 19982 35836
4166 19982 35837
4167 19982 35838
4168 19982 35839
4169 19982 35840
4170 19982 35841
4171 19982 35842
4172 19982 35843
4173 19982 35844
4174 19982 35845
4175 19982 35846
4176 19982 35847
4177 19982 35848
4178 19982 35849
4179 19982 35850
4180 19982 35851
4181 19982 35852
4182 19982 35853
4183 19982 35854
4184 19982 35855
4185 19982 35856
4186 19982 35857
4187 19982 35858
4188 19982 35859
4189 19982 35860
4190 19982 35861
4191 19982 35862
4192 19982 35863
4193 19982 35864
4194 19982 35865
4195 19982 35866
4196 19982 35867
4197 19982 35868
4198 19982 35869
4199 19982 35870
4200 19982 35871
4201 19982 35872
4202 19982 35873
4203 19982 35874
4204 19982 35875
4205 19982 35876
4206 19982 35877
4207 19982 35878
4208 19982 35879
4209 19982 35880
4210 19982 35881
4211 19982 35882
4212 19982 35883
4213 19982 35884
4214 19982 35885
4215 19982 35886
4216 19982 35887
4217 19982 35888
4218 19982 35889
4219 19982 35890
4220 19982 35891
4221 19982 35892
4222 19982 35893
4223 19982 35894
4224 19982 35895
4225 19982 35896
4226 19982 35897
4227 19982 35898
4228 19982 35899
4229 19982 35900
4230 19982 35901
4231 19982 35902
4232 19982 35903
4233 20401 36568
4234 20401 36569
4235 19982 35906
4236 19982 35907
4237 19982 35908
4238 19982 35909
4239 19982 35910
4240 19982 35911
4241 20401 36576
4242 20401 36577
4243 19982 35914
4244 19982 35915
4245 20401 36580
4246 20401 36581
4247 20401 36582
4248 20401 36583
4249 19982 35920
4250 19982 35921
4251 19982 35922
4252 19982 35923
4253 19982 35924
4254 19982 35925
4255 19982 35926
4256 19982 35927
4257 19982 35928
4258 19982 35929
4259 19982 35930
4260 19982 35931
4261 19982 35932
4262 19982 35933
4263 19982 35934
4264 19982 35935
4265 19982 35936
4266 19982 35937
4267 19982 35938
4268 19982 35939
4269 20401 36604
4270 20401 36605
4271 20401 36606
4272 20401 36607
4273 19982 35944
4274 19982 35945
4275 20401 36610
4276 20401 36611
4277 20401 36612
4278 20401 36613
4279 20401 36614
4280 20401 36615
4281 20401 36616
4282 20401 36617
4283 20401 36618
4284 20401 36619
4285 20401 36620
4286 20401 36621
4287 20401 36622
4288 20401 36623
4289 20401 36624
4290 20401 36625
4291 20401 36626
4292 20401 36627
4293 20401 36628
4294 20401 36629
4295 20401 36630
4296 20401 36631
4297 20401 36632
4298 20401 36633
4299 20401 36634
4300 20401 36635
4301 20401 36636
4302 20401 36637
4303 20401 36638
4304 20401 36639
4305 21418 38252
4306 21418 38253
4307 21418 38254
4308 21418 38255
4309 20401 36644
4310 20401 36645
4311 20401 36646
4312 20401 36647
4313 20401 36648
4314 20401 36649
4315 21418 38262
4316 21418 38263
4317 21418 38264
4318 21418 38265
4319 21418 38266
4320 21418 38267
4321 21418 38268
4322 21418 38269
4323 21418 38270
4324 21418 38271
4325 21418 38272
4326 21418 38273
4327 21418 38274
4328 21418 38275
4329 21418 38276
4330 21418 38277
4331 21418 38278
4332 21418 38279
4333 21418 38280
4334 21418 38281
4335 21418 38282
4336 21418 38283
4337 21418 38284
4338 21418 38285
4339 21418 38286
4340 21418 38287
4341 21418 38288
4342 21418 38289
4343 21418 38290
4344 21418 38291
4345 21418 38292
4346 21418 38293
4347 21418 38294
4348 21418 38295
4349 21418 38296
4350 21418 38297
4351 21418 38298
4352 21418 38299
4353 21418 38300
4354 21418 38301
4355 21418 38302
4356 21418 38303
4357 21418 38304
4358 21418 38305
4359 21418 38306
4360 21418 38307
4361 21418 38308
4362 21418 38309
4363 21418 38310
4364 21418 38311
4365 21418 38312
4366 21418 38313
4367 21418 38314
4368 21418 38315
4369 21418 38316
4370 21418 38317
4371 21418 38318
4372 21418 38319
4373 21418 38320
4374 21418 38321
4375 21418 38322
4376 21418 38323
4377 21418 38324
4378 21418 38325
4379 21418 38326
4380 21418 38327
4381 21418 38328
4382 21418 38329
4383 21418 38330
4384 21418 38331
4385 21418 38332
4386 21418 38333
4387 21418 38334
4388 21418 38335
4389 21418 38336
4390 21418 38337
4391 21418 38338
4392 21418 38339
4393 21418 38340
4394 21418 38341
4395 21418 38342
4396 21418 38343
4397 21418 38344
4398 21418 38345
4399 21418 38346
4400 21418 38347
4401 21777 38917
4402 21777 38918
4403 21777 38919
4404 21777 38920
4405 21418 38352
4406 21418 38353
4407 21777 38923
4408 21777 38924
4409 21418 38356
4410 21418 38357
4411 21418 38358
4412 21418 38359
4413 21777 38929
4414 21777 38930
4415 21777 38931
4416 21777 38932
4417 21777 38933
4418 21777 38934
4419 21777 38935
4420 21777 38936
4421 21777 38937
4422 21777 38938
4423 21777 38939
4424 21777 38940
4425 21777 38941
4426 21777 38942
4427 21777 38943
4428 21777 38944
4429 21777 38945
4430 21777 38946
4431 21777 38947
4432 21777 38948
4433 21777 38949
4434 21777 38950
4435 21777 38951
4436 21777 38952
4437 21777 38953
4438 21777 38954
4439 21777 38955
4440 21777 38956
4441 21777 38957
4442 21777 38958
4443 21777 38959
4444 21777 38960
4445 21777 38961
4446 21777 38962
4447 21777 38963
4448 21777 38964
4449 21777 38965
4450 21777 38966
4451 21777 38967
4452 21777 38968
4453 21777 38969
4454 21777 38970
4455 21777 38971
4456 21777 38972
4457 21777 38973
4458 21777 38974
4459 21524 38574
4460 21524 38575
4461 21524 38576
4462 21524 38577
4463 21524 38578
4464 21524 38579
4465 21777 38981
4466 21777 38982
4467 21777 38983
4468 21777 38984
4469 21777 38985
4470 21777 38986
4471 21524 38586
4472 21524 38587
4473 21777 38989
4474 21777 38990
4475 21777 38991
4476 21777 38992
4477 21524 38592
4478 21524 38593
4479 21524 38594
4480 21524 38595
4481 21524 38596
4482 21524 38597
4483 21524 38598
4484 21524 38599
4485 21777 39001
4486 21777 39002
4487 21524 38602
4488 21524 38603
4489 21777 39005
4490 21777 39006
4491 21777 39007
4492 21777 39008
4493 21777 39009
4494 21777 39010
4495 21524 38610
4496 21524 38611
4497 21777 39013
4498 21777 39014
4499 21777 39015
4500 21777 39016
4501 21777 39017
4502 21777 39018
4503 21777 39019
4504 21777 39020
4505 21777 39021
4506 21777 39022
4507 21777 39023
4508 21777 39024
4509 21524 38624
4510 21524 38625
4511 21524 38626
4512 21524 38627
4513 21777 39029
4514 21777 39030
4515 21524 38630
4516 21524 38631
4517 21777 39033
4518 21777 39034
4519 21777 39035
4520 21777 39036
4521 21524 38636
4522 21524 38637
4523 21777 39039
4524 21777 39040
4525 21777 39041
4526 21777 39042
4527 21524 38642
4528 21524 38643
4529 21777 39045
4530 21777 39046
4531 21777 39047
4532 21777 39048
4533 21777 39049
4534 21777 39050
4535 21777 39051
4536 21777 39052
4537 21777 39053
4538 21777 39054
4539 21777 39055
4540 21777 39056
4541 21777 39057
4542 21777 39058
4543 21777 39059
4544 21777 39060
4545 21777 39061
4546 21777 39062
4547 21777 39063
4548 21777 39064
4549 21777 39065
4550 21777 39066
4551 21777 39067
4552 21777 39068
4553 21777 39069
4554 21777 39070
4555 21777 39071
4556 21777 39072
4557 21777 39073
4558 21777 39074
4559 21777 39075
4560 21777 39076
4561 21777 39077
4562 21777 39078
4563 21777 39079
4564 21777 39080
4565 21777 39081
4566 21777 39082
4567 21777 39083
4568 21777 39084
4569 21777 39085
4570 21777 39086
4571 21777 39087
4572 21777 39088
4573 21777 39089
4574 21777 39090
4575 21777 39091
4576 21777 39092
4577 21777 39093
4578 21777 39094
4579 21777 39095
4580 21777 39096
4581 21777 39097
4582 21777 39098
4583 21777 39099
4584 21777 39100
4585 21524 38700
4586 21524 38701
4587 21777 39103
4588 21777 39104
4589 23136 41259
4590 23136 41260
4591 21524 38706
4592 21524 38707
4593 21524 38708
4594 21524 38709
4595 21524 38710
4596 21524 38711
4597 23136 41267
4598 23136 41268
4599 23136 41269
4600 23136 41270
4601 23136 41271
4602 23136 41272
4603 23136 41273
4604 23136 41274
4605 21524 38720
4606 21524 38721
4607 23136 41277
4608 23136 41278
4609 21524 38724
4610 21524 38725
4611 21524 38726
4612 21524 38727
4613 21524 38728
4614 21524 38729
4615 21524 38730
4616 21524 38731
4617 21524 38732
4618 21524 38733
4619 23136 41289
4620 23136 41290
4621 23136 41291
4622 23136 41292
4623 23136 41293
4624 23136 41294
4625 23136 41295
4626 23136 41296
4627 23136 41297
4628 23136 41298
4629 23136 41299
4630 23136 41300
4631 23136 41301
4632 23136 41302
4633 23136 41303
4634 23136 41304
4635 23136 41305
4636 23136 41306
4637 23136 41307
4638 23136 41308
4639 23136 41309
4640 23136 41310
4641 23136 41311
4642 23136 41312
4643 23136 41313
4644 23136 41314
4645 23136 41315
4646 23136 41316
4647 23136 41317
4648 23136 41318
4649 23136 41319
4650 23136 41320
4651 23136 41321
4652 23136 41322
4653 23136 41323
4654 23136 41324
4655 23136 41325
4656 23136 41326
4657 23136 41327
4658 23136 41328
4659 23136 41329
4660 23136 41330
4661 23136 41331
4662 23136 41332
4663 23136 41333
4664 23136 41334
4665 23136 41335
4666 23136 41336
4667 22531 40378
4668 22531 40379
4669 23136 41339
4670 23136 41340
4671 23136 41341
4672 23136 41342
4673 23136 41343
4674 23136 41344
4675 23136 41345
4676 23136 41346
4677 22531 40388
4678 22531 40389
4679 22531 40390
4680 22531 40391
4681 22531 40392
4682 22531 40393
4683 23136 41353
4684 23136 41354
4685 23136 41355
4686 23136 41356
4687 23136 41357
4688 23136 41358
4689 23136 41359
4690 23136 41360
4691 23136 41361
4692 23136 41362
4693 23136 41363
4694 23136 41364
4695 23136 41365
4696 23136 41366
4697 23136 41367
4698 23136 41368
4699 23136 41369
4700 23136 41370
4701 23136 41371
4702 23136 41372
4703 23136 41373
4704 23136 41374
4705 23136 41375
4706 23136 41376
4707 23136 41377
4708 23136 41378
4709 23136 41379
4710 23136 41380
4711 23136 41381
4712 23136 41382
4713 23136 41383
4714 23136 41384
4715 23136 41385
4716 23136 41386
4717 23136 41387
4718 23136 41388
4719 23136 41389
4720 23136 41390
4721 23136 41391
4722 23136 41392
4723 23136 41393
4724 23136 41394
4725 23136 41395
4726 23136 41396
4727 23136 41397
4728 23136 41398
4729 23136 41399
4730 23136 41400
4731 23136 41401
4732 23136 41402
4733 23136 41403
4734 23136 41404
4735 23136 41405
4736 23136 41406
4737 23136 41407
4738 23136 41408
4739 23136 41409
4740 23136 41410
4741 23136 41411
4742 23136 41412
4743 23136 41413
4744 23136 41414
4745 23136 41415
4746 23136 41416
4747 23136 41417
4748 23136 41418
4749 23136 41419
4750 23136 41420
4751 23136 41421
4752 23136 41422
4753 23136 41423
4754 23136 41424
4755 23136 41425
4756 23136 41426
4757 23136 41427
4758 23136 41428
4759 23136 41429
4760 23136 41430
4761 23136 41431
4762 23136 41432
4763 23136 41433
4764 23136 41434
4765 23136 41435
4766 23136 41436
4767 23136 41437
4768 23136 41438
4769 23136 41439
4770 23136 41440
4771 23136 41441
4772 23136 41442
4773 23136 41443
4774 23136 41444
4775 23136 41445
4776 23136 41446
4777 23136 41447
4778 23136 41448
4779 23136 41449
4780 23136 41450
4781 23136 41451
4782 23136 41452
4783 23136 41453
4784 23136 41454
4785 23136 41455
4786 23136 41456
4787 23136 41457
4788 23136 41458
4789 23136 41459
4790 23136 41460
4791 23136 41461
4792 23136 41462
4793 23136 41463
4794 23136 41464
4795 23136 41465
4796 23136 41466
4797 23136 41467
4798 23136 41468
4799 23136 41469
4800 23136 41470
4801 23136 41471
4802 23136 41472
4803 23136 41473
4804 23136 41474
4805 23136 41475
4806 23136 41476
4807 23136 41477
4808 23136 41478
4809 23136 41479
4810 23136 41480
4811 23136 41481
4812 23136 41482
4813 23136 41483
4814 23136 41484
4815 23136 41485
4816 23136 41486
4817 23136 41487
4818 23136 41488
4819 23136 41489
4820 23136 41490
4821 23136 41491
4822 23136 41492
4823 23136 41493
4824 23136 41494
4825 23136 41495
4826 23136 41496
4827 23136 41497
4828 23136 41498
4829 23136 41499
4830 23136 41500
4831 23136 41501
4832 23136 41502
4833 23136 41503
4834 23136 41504
4835 23136 41505
4836 23136 41506
4837 23136 41507
4838 23136 41508
4839 23136 41509
4840 23136 41510
4841 23136 41511
4842 23136 41512
4843 23136 41513
4844 23136 41514
4845 23136 41515
4846 23136 41516
4847 23136 41517
4848 23136 41518
4849 23878 42695
4850 23878 42696
4851 23878 42697
4852 23878 42698
4853 23702 42420
4854 23702 42421
4855 23702 42422
4856 23702 42423
4857 23878 42703
4858 23878 42704
4859 23702 42426
4860 23702 42427
4861 23136 41531
4862 23136 41532
4863 23136 41533
4864 23136 41534
4865 23136 41535
4866 23136 41536
4867 23702 42434
4868 23702 42435
4869 23702 42436
4870 23702 42437
4871 23702 42438
4872 23702 42439
4873 23702 42440
4874 23702 42441
4875 23702 42442
4876 23702 42443
4877 23702 42444
4878 23702 42445
4879 23702 42446
4880 23702 42447
4881 23702 42448
4882 23702 42449
4883 23702 42450
4884 23702 42451
4885 23702 42452
4886 23702 42453
4887 23702 42454
4888 23702 42455
4889 23702 42456
4890 23702 42457
4891 23702 42458
4892 23702 42459
4893 23702 42460
4894 23702 42461
4895 23702 42462
4896 23702 42463
4897 23702 42464
4898 23702 42465
4899 23878 42745
4900 23878 42746
4901 23878 42747
4902 23878 42748
4903 23702 42470
4904 23702 42471
4905 23878 42751
4906 23878 42752
4907 23702 42474
4908 23702 42475
4909 23878 42755
4910 23878 42756
4911 23878 42757
4912 23878 42758
4913 23878 42759
4914 23878 42760
4915 23702 42482
4916 23702 42483
4917 23702 42484
4918 23702 42485
4919 23878 42765
4920 23878 42766
4921 23702 42488
4922 23702 42489
4923 23702 42490
4924 23702 42491
4925 23702 42492
4926 23702 42493
4927 23702 42494
4928 23702 42495
4929 23702 42496
4930 23702 42497
4931 23702 42498
4932 23702 42499
4933 23702 42500
4934 23702 42501
4935 23702 42502
4936 23702 42503
4937 23702 42504
4938 23702 42505
4939 23702 42506
4940 23702 42507
4941 23702 42508
4942 23702 42509
4943 23702 42510
4944 23702 42511
4945 23702 42512
4946 23702 42513
4947 23702 42514
4948 23702 42515
4949 23702 42516
4950 23702 42517
4951 23702 42518
4952 23702 42519
4953 23702 42520
4954 23702 42521
4955 23702 42522
4956 23702 42523
4957 23702 42524
4958 23702 42525
4959 23702 42526
4960 23702 42527
4961 23702 42528
4962 23702 42529
4963 23702 42530
4964 23702 42531
4965 23702 42532
4966 23702 42533
4967 23702 42534
4968 23702 42535
4969 23702 42536
4970 23702 42537
4971 23702 42538
4972 23702 42539
4973 24131 43220
4974 24131 43221
4975 24131 43222
4976 24131 43223
4977 24131 43224
4978 24131 43225
4979 24131 43226
4980 24131 43227
4981 23702 42548
4982 23702 42549
4983 24131 43230
4984 24131 43231
4985 24131 43232
4986 24131 43233
4987 23702 42554
4988 23702 42555
4989 24131 43236
4990 24131 43237
4991 24131 43238
4992 24131 43239
4993 24131 43240
4994 24131 43241
4995 24131 43242
4996 24131 43243
4997 24131 43244
4998 24131 43245
4999 24131 43246
5000 24131 43247
5001 24131 43248
5002 24131 43249
5003 24131 43250
5004 24131 43251
5005 24131 43252
5006 24131 43253
5007 24131 43254
5008 24131 43255
5009 24131 43256
5010 24131 43257
5011 24131 43258
5012 24131 43259
5013 24131 43260
5014 24131 43261
5015 24131 43262
5016 24131 43263
5017 24131 43264
5018 24131 43265
5019 24131 43266
5020 24131 43267
5021 24131 43268
5022 24131 43269
5023 24131 43270
5024 24131 43271
5025 24131 43272
5026 24131 43273
5027 24131 43274
5028 24131 43275
5029 24131 43276
5030 24131 43277
5031 24131 43278
5032 24131 43279
5033 24131 43280
5034 24131 43281
5035 24131 43282
5036 24131 43283
5037 24131 43284
5038 24131 43285
5039 24131 43286
5040 24131 43287
5041 24131 43288
5042 24131 43289
5043 24131 43290
5044 24131 43291
5045 24131 43292
5046 24131 43293
5047 24131 43294
5048 24131 43295
5049 24131 43296
5050 24131 43297
5051 24131 43298
5052 24131 43299
5053 24131 43300
5054 24131 43301
5055 24131 43302
5056 24131 43303
5057 24131 43304
5058 24131 43305
5059 24131 43306
5060 24131 43307
5061 24131 43308
5062 24131 43309
5063 24131 43310
5064 24131 43311
5065 24131 43312
5066 24131 43313
5067 24131 43314
5068 24131 43315
5069 24131 43316
5070 24131 43317
5071 24131 43318
5072 24131 43319
5073 24131 43320
5074 24131 43321
5075 25521 45525
5076 25521 45526
5077 25521 45527
5078 25521 45528
5079 25521 45529
5080 25521 45530
5081 25521 45531
5082 25521 45532
5083 25521 45533
5084 25521 45534
5085 25521 45535
5086 25521 45536
5087 25521 45537
5088 25521 45538
5089 25521 45539
5090 25521 45540
5091 25521 45541
5092 25521 45542
5093 25521 45543
5094 25521 45544
5095 25521 45545
5096 25521 45546
5097 25521 45547
5098 25521 45548
5099 25521 45549
5100 25521 45550
5101 25521 45551
5102 25521 45552
5103 25521 45553
5104 25521 45554
5105 25521 45555
5106 25521 45556
5107 25521 45557
5108 25521 45558
5109 25521 45559
5110 25521 45560
5111 25521 45561
5112 25521 45562
5113 25521 45563
5114 25521 45564
5115 25521 45565
5116 25521 45566
5117 25521 45567
5118 25521 45568
5119 25521 45569
5120 25521 45570
5121 25521 45571
5122 25521 45572
5123 25521 45573
5124 25521 45574
5125 25521 45575
5126 25521 45576
5127 25521 45577
5128 25521 45578
5129 25521 45579
5130 25521 45580
5131 25521 45581
5132 25521 45582
5133 25521 45583
5134 25521 45584
5135 25521 45585
5136 25521 45586
5137 25521 45587
5138 25521 45588
5139 25521 45589
5140 25521 45590
5141 25521 45591
5142 25521 45592
5143 25521 45593
5144 25521 45594
5145 25521 45595
5146 25521 45596
5147 25521 45597
5148 25521 45598
5149 25521 45599
5150 25521 45600
5151 25521 45601
5152 25521 45602
5153 25521 45603
5154 25521 45604
5155 25521 45605
5156 25521 45606
5157 25521 45607
5158 25521 45608
5159 25521 45609
5160 25521 45610
5161 25521 45611
5162 25521 45612
5163 25521 45613
5164 25521 45614
5165 25521 45615
5166 25521 45616
5167 25521 45617
5168 25521 45618
5169 25521 45619
5170 25521 45620
5171 25521 45621
5172 25521 45622
5173 25521 45623
5174 25521 45624
5175 25521 45625
5176 25521 45626
5177 25521 45627
5178 25521 45628
5179 25521 45629
5180 25521 45630
5181 25521 45631
5182 25521 45632
5183 25521 45633
5184 25521 45634
5185 25521 45635
5186 25521 45636
5187 25521 45637
5188 25521 45638
5189 25521 45639
5190 25521 45640
5191 25521 45641
5192 25521 45642
5193 25521 45643
5194 25521 45644
5195 25521 45645
5196 25521 45646
5197 25521 45647
5198 25521 45648
5199 25521 45649
5200 25521 45650
5201 25521 45651
5202 25521 45652
5203 25521 45653
5204 25521 45654
5205 25521 45655
5206 25521 45656
5207 25521 45657
5208 25521 45658
5209 25521 45659
5210 25521 45660
5211 25521 45661
5212 25521 45662
5213 25521 45663
5214 25521 45664
5215 25521 45665
5216 25521 45666
5217 25521 45667
5218 25521 45668
5219 25521 45669
5220 25521 45670
5221 25521 45671
5222 25521 45672
5223 25521 45673
5224 25521 45674
5225 25521 45675
5226 25521 45676
5227 25521 45677
5228 25521 45678
5229 25521 45679
5230 25521 45680
5231 25521 45681
5232 25521 45682
5233 25521 45683
5234 25521 45684
5235 25521 45685
5236 25521 45686
5237 25521 45687
5238 25521 45688
5239 25521 45689
5240 25521 45690
5241 25521 45691
5242 25521 45692
5243 25521 45693
5244 25521 45694
5245 25521 45695
5246 25521 45696
5247 25521 45697
5248 25521 45698
5249 25521 45699
5250 25521 45700
5251 25521 45701
5252 25521 45702
5253 25521 45703
5254 25521 45704
5255 25521 45705
5256 25521 45706
5257 25521 45707
5258 25521 45708
5259 25521 45709
5260 25521 45710
5261 25521 45711
5262 25521 45712
5263 25521 45713
5264 25521 45714
5265 25521 45715
5266 25521 45716
5267 25521 45717
5268 25521 45718
5269 25521 45719
5270 25521 45720
5271 25521 45721
5272 25521 45722
5273 25521 45723
5274 25521 45724
5275 25521 45725
5276 25521 45726
5277 25521 45727
5278 25521 45728
5279 25521 45729
5280 25521 45730
5281 26232 46858
5282 26232 46859
5283 26232 46860
5284 26232 46861
5285 26232 46862
5286 26232 46863
5287 26232 46864
5288 26232 46865
5289 25521 45739
5290 25521 45740
5291 26232 46868
5292 26232 46869
5293 26232 46870
5294 26232 46871
5295 26232 46872
5296 26232 46873
5297 26232 46874
5298 26232 46875
5299 26232 46876
5300 26232 46877
5301 26232 46878
5302 26232 46879
5303 26232 46880
5304 26232 46881
5305 26232 46882
5306 26232 46883
5307 26232 46884
5308 26232 46885
5309 26232 46886
5310 26232 46887
5311 26232 46888
5312 26232 46889
5313 26232 46890
5314 26232 46891
5315 26232 46892
5316 26232 46893
5317 26232 46894
5318 26232 46895
5319 26232 46896
5320 26232 46897
5321 26232 46898
5322 26232 46899
5323 26232 46900
5324 26232 46901
5325 26232 46902
5326 26232 46903
5327 26232 46904
5328 26232 46905
5329 26232 46906
5330 26232 46907
5331 26232 46908
5332 26232 46909
5333 26232 46910
5334 26232 46911
5335 26232 46912
5336 26232 46913
5337 26232 46914
5338 26232 46915
5339 26232 46916
5340 26232 46917
5341 26232 46918
5342 26232 46919
5343 26232 46920
5344 26232 46921
5345 26232 46922
5346 26232 46923
5347 26232 46924
5348 26232 46925
5349 26232 46926
5350 26232 46927
5351 26232 46928
5352 26232 46929
5353 26232 46930
5354 26232 46931
5355 26232 46932
5356 26232 46933
5357 26232 46934
5358 26232 46935
5359 26232 46936
5360 26232 46937
5361 26232 46938
5362 26232 46939
5363 26232 46940
5364 26232 46941
5365 26232 46942
5366 26232 46943
5367 26232 46944
5368 26232 46945
5369 26232 46946
5370 26232 46947
5371 26345 47127
5372 26345 47128
5373 26345 47129
5374 26345 47130
5375 26345 47131
5376 26345 47132
5377 26345 47133
5378 26345 47134
5379 26345 47135
5380 26345 47136
5381 26345 47137
5382 26345 47138
5383 26345 47139
5384 26345 47140
5385 26345 47141
5386 26345 47142
5387 26345 47143
5388 26345 47144
5389 26345 47145
5390 26345 47146
5391 26345 47147
5392 26345 47148
5393 26345 47149
5394 26345 47150
5395 26345 47151
5396 26345 47152
5397 26345 47153
5398 26345 47154
5399 26345 47155
5400 26345 47156
5401 26345 47157
5402 26345 47158
5403 26345 47159
5404 26345 47160
5405 26345 47161
5406 26345 47162
5407 26345 47163
5408 26345 47164
5409 26345 47165
5410 26345 47166
5411 26345 47167
5412 26345 47168
5413 26345 47169
5414 26345 47170
5415 26345 47171
5416 26345 47172
5417 26345 47173
5418 26345 47174
5419 26345 47175
5420 26345 47176
5421 26345 47177
5422 26345 47178
5423 26345 47179
5424 26345 47180
5425 26345 47181
5426 26345 47182
5427 26345 47183
5428 26345 47184
5429 26345 47185
5430 26345 47186
5431 26345 47187
5432 26345 47188
5433 26345 47189
5434 26345 47190
5435 26345 47191
5436 26345 47192
5437 26345 47193
5438 26345 47194
5439 26345 47195
5440 26345 47196
5441 26345 47197
5442 26345 47198
5443 26345 47199
5444 26345 47200
5445 26345 47201
5446 26345 47202
5447 26345 47203
5448 26345 47204
5449 26345 47205
5450 26345 47206
5451 26345 47207
5452 26345 47208
5453 26345 47209
5454 26345 47210
5455 26345 47211
5456 26345 47212
5457 26345 47213
5458 26345 47214
5459 26345 47215
5460 26345 47216
5461 26345 47217
5462 26345 47218
5463 26345 47219
5464 26345 47220
5465 26345 47221
5466 26345 47222
5467 26345 47223
5468 26345 47224
5469 26345 47225
5470 26345 47226
5471 26345 47227
5472 26345 47228
5473 26345 47229
5474 26345 47230
5475 26345 47231
5476 26345 47232
5477 26345 47233
5478 26345 47234
5479 26345 47235
5480 26345 47236
5481 26345 47237
5482 26345 47238
5483 26345 47239
5484 26345 47240
5485 26345 47241
5486 26345 47242
5487 26345 47243
5488 26345 47244
5489 26345 47245
5490 26345 47246
5491 26345 47247
5492 26345 47248
5493 26345 47249
5494 26345 47250
5495 26345 47251
5496 26345 47252
5497 26345 47253
5498 26345 47254
5499 26345 47255
5500 26345 47256
5501 26345 47257
5502 26345 47258
5503 26345 47259
5504 26345 47260
5505 26345 47261
5506 26345 47262
5507 26345 47263
5508 26345 47264
5509 26345 47265
5510 26345 47266
5511 26345 47267
5512 26345 47268
5513 26345 47269
5514 26345 47270
5515 26345 47271
5516 26345 47272
5517 26345 47273
5518 26345 47274
5519 26345 47275
5520 26345 47276
5521 26345 47277
5522 26345 47278
5523 26345 47279
5524 26345 47280
5525 26345 47281
5526 26345 47282
5527 26345 47283
5528 26345 47284
5529 26345 47285
5530 26345 47286
5531 26345 47287
5532 26345 47288
5533 26345 47289
5534 26345 47290
5535 26345 47291
5536 26345 47292
5537 26345 47293
5538 26345 47294
5539 26345 47295
5540 26345 47296
5541 26345 47297
5542 26345 47298
5543 26345 47299
5544 26345 47300
5545 26345 47301
5546 26345 47302
5547 27412 48994
5548 27412 48995
5549 26345 47305
5550 26345 47306
5551 26345 47307
5552 26345 47308
5553 26345 47309
5554 26345 47310
5555 27412 49002
5556 27412 49003
5557 26345 47313
5558 26345 47314
5559 26345 47315
5560 26345 47316
5561 27412 49008
5562 27412 49009
5563 26345 47319
5564 26345 47320
5565 26345 47321
5566 26345 47322
5567 26345 47323
5568 26345 47324
5569 26345 47325
5570 26345 47326
5571 26345 47327
5572 26345 47328
5573 26345 47329
5574 26345 47330
5575 26345 47331
5576 26345 47332
5577 26345 47333
5578 26345 47334
5579 26345 47335
5580 26345 47336
5581 26345 47337
5582 26345 47338
5583 26345 47339
5584 26345 47340
5585 26345 47341
5586 26345 47342
5587 26345 47343
5588 26345 47344
5589 26345 47345
5590 26345 47346
5591 27412 49038
5592 27412 49039
5593 27412 49040
5594 27412 49041
5595 27412 49042
5596 27412 49043
5597 27412 49044
5598 27412 49045
5599 27412 49046
5600 27412 49047
5601 27412 49048
5602 27412 49049
5603 27412 49050
5604 27412 49051
5605 27412 49052
5606 27412 49053
5607 27412 49054
5608 27412 49055
5609 27412 49056
5610 27412 49057
5611 27412 49058
5612 27412 49059
5613 27412 49060
5614 27412 49061
5615 27412 49062
5616 27412 49063
5617 27412 49064
5618 27412 49065
5619 27412 49066
5620 27412 49067
5621 27412 49068
5622 27412 49069
5623 27412 49070
5624 27412 49071
5625 27412 49072
5626 27412 49073
5627 27412 49074
5628 27412 49075
5629 27412 49076
5630 27412 49077
5631 27412 49078
5632 27412 49079
5633 27412 49080
5634 27412 49081
5635 27412 49082
5636 27412 49083
5637 27412 49084
5638 27412 49085
5639 27412 49086
5640 27412 49087
5641 27412 49088
5642 27412 49089
5643 27412 49090
5644 27412 49091
5645 27412 49092
5646 27412 49093
5647 27412 49094
5648 27412 49095
5649 27412 49096
5650 27412 49097
5651 27412 49098
5652 27412 49099
5653 27412 49100
5654 27412 49101
5655 27412 49102
5656 27412 49103
5657 27412 49104
5658 27412 49105
5659 27412 49106
5660 27412 49107
5661 27412 49108
5662 27412 49109
5663 27412 49110
5664 27412 49111
5665 27412 49112
5666 27412 49113
5667 27412 49114
5668 27412 49115
5669 27412 49116
5670 27412 49117
5671 27412 49118
5672 27412 49119
5673 27412 49120
5674 27412 49121
5675 27412 49122
5676 27412 49123
5677 27412 49124
5678 27412 49125
5679 27412 49126
5680 27412 49127
5681 27412 49128
5682 27412 49129
5683 27412 49130
5684 27412 49131
5685 27412 49132
5686 27412 49133
5687 27412 49134
5688 27412 49135
5689 27412 49136
5690 27412 49137
5691 27412 49138
5692 27412 49139
5693 27412 49140
5694 27412 49141
5695 27412 49142
5696 27412 49143
5697 27412 49144
5698 27412 49145
5699 27412 49146
5700 27412 49147
5701 27412 49148
5702 27412 49149
5703 27412 49150
5704 27412 49151
5705 27412 49152
5706 27412 49153
5707 27412 49154
5708 27412 49155
5709 27412 49156
5710 27412 49157
5711 27412 49158
5712 27412 49159
5713 27412 49160
5714 27412 49161
5715 27412 49162
5716 27412 49163
5717 27412 49164
5718 27412 49165
5719 27412 49166
5720 27412 49167
5721 27412 49168
5722 27412 49169
5723 27412 49170
5724 27412 49171
5725 27412 49172
5726 27412 49173
5727 27412 49174
5728 27412 49175
5729 27412 49176
5730 27412 49177
5731 27412 49178
5732 27412 49179
5733 27412 49180
5734 27412 49181
5735 27412 49182
5736 27412 49183
5737 27412 49184
5738 27412 49185
5739 27412 49186
5740 27412 49187
5741 27412 49188
5742 27412 49189
5743 27412 49190
5744 27412 49191
5745 27412 49192
5746 27412 49193
5747 27412 49194
5748 27412 49195
5749 27412 49196
5750 27412 49197
5751 27412 49198
5752 27412 49199
5753 27412 49200
5754 27412 49201
5755 27412 49202
5756 27412 49203
5757 27412 49204
5758 27412 49205
5759 27412 49206
5760 27412 49207
5761 27412 49208
5762 27412 49209
5763 27412 49210
5764 27412 49211
5765 27412 49212
5766 27412 49213
5767 27412 49214
5768 27412 49215
5769 27412 49216
5770 27412 49217
5771 27412 49218
5772 27412 49219
5773 27412 49220
5774 27412 49221
5775 27412 49222
5776 27412 49223
5777 27412 49224
5778 27412 49225
5779 27412 49226
5780 27412 49227
5781 27412 49228
5782 27412 49229
5783 27412 49230
5784 27412 49231
5785 27412 49232
5786 27412 49233
5787 27412 49234
5788 27412 49235
5789 27412 49236
5790 27412 49237
5791 27412 49238
5792 27412 49239
5793 27668 49646
5794 27668 49647
5795 27668 49648
5796 27668 49649
5797 27412 49244
5798 27412 49245
5799 27412 49246
5800 27412 49247
5801 27412 49248
5802 27412 49249
5803 27412 49250
5804 27412 49251
5805 27668 49658
5806 27668 49659
5807 27668 49660
5808 27668 49661
5809 27412 49256
5810 27412 49257
5811 27412 49258
5812 27412 49259
5813 27668 49666
5814 27668 49667
5815 27668 49668
5816 27668 49669
5817 27668 49670
5818 27668 49671
5819 27668 49672
5820 27668 49673
5821 27668 49674
5822 27668 49675
5823 27668 49676
5824 27668 49677
5825 27728 49773
5826 27728 49774
5827 27668 49680
5828 27668 49681
5829 27728 49777
5830 27728 49778
5831 27728 49779
5832 27728 49780
5833 27728 49781
5834 27728 49782
5835 27728 49783
5836 27728 49784
5837 27728 49785
5838 27728 49786
5839 27728 49787
5840 27728 49788
5841 27728 49789
5842 27728 49790
5843 27728 49791
5844 27728 49792
5845 27728 49793
5846 27728 49794
5847 27728 49795
5848 27728 49796
5849 27728 49797
5850 27728 49798
5851 27728 49799
5852 27728 49800
5853 27728 49801
5854 27728 49802
5855 27728 49803
5856 27728 49804
5857 27728 49805
5858 27728 49806
5859 27728 49807
5860 27728 49808
5861 27728 49809
5862 27728 49810
5863 27728 49811
5864 27728 49812
5865 27728 49813
5866 27728 49814
5867 27728 49815
5868 27728 49816
5869 27728 49817
5870 27728 49818
5871 27728 49819
5872 27728 49820
5873 27728 49821
5874 27728 49822
5875 27728 49823
5876 27728 49824
5877 27728 49825
5878 27728 49826
5879 27728 49827
5880 27728 49828
5881 27728 49829
5882 27728 49830
5883 27728 49831
5884 27728 49832
5885 27728 49833
5886 27728 49834
5887 27728 49835
5888 27728 49836
5889 27728 49837
5890 27728 49838
5891 27728 49839
5892 27728 49840
5893 27728 49841
5894 27728 49842
5895 27728 49843
5896 27728 49844
5897 27728 49845
5898 27728 49846
5899 27728 49847
5900 27728 49848
5901 27728 49849
5902 27728 49850
5903 27728 49851
5904 27728 49852
5905 27728 49853
5906 27728 49854
5907 27728 49855
5908 27728 49856
5909 27728 49857
5910 27728 49858
5911 27728 49859
5912 27728 49860
5913 27728 49861
5914 27728 49862
5915 27728 49863
5916 27728 49864
5917 27728 49865
5918 27728 49866
5919 27728 49867
5920 27728 49868
5921 27728 49869
5922 27728 49870
5923 27728 49871
5924 27728 49872
5925 27728 49873
5926 27728 49874
5927 27728 49875
5928 27728 49876
5929 27728 49877
5930 27728 49878
5931 27728 49879
5932 27728 49880
5933 27728 49881
5934 27728 49882
5935 27728 49883
5936 27728 49884
5937 27728 49885
5938 27728 49886
5939 27728 49887
5940 27728 49888
5941 27728 49889
5942 27728 49890
5943 27728 49891
5944 27728 49892
5945 27728 49893
5946 27728 49894
5947 27728 49895
5948 27728 49896
5949 27728 49897
5950 27728 49898
5951 28762 51538
5952 28762 51539
5953 27728 49901
5954 27728 49902
5955 27728 49903
5956 27728 49904
5957 27728 49905
5958 27728 49906
5959 28762 51546
5960 28762 51547
5961 27728 49909
5962 27728 49910
5963 28762 51550
5964 28762 51551
5965 27728 49913
5966 27728 49914
5967 27728 49915
5968 27728 49916
5969 28762 51556
5970 28762 51557
5971 28762 51558
5972 28762 51559
5973 27728 49921
5974 27728 49922
5975 27728 49923
5976 27728 49924
5977 27728 49925
5978 27728 49926
5979 27728 49927
5980 27728 49928
5981 27728 49929
5982 27728 49930
5983 27728 49931
5984 27728 49932
5985 27728 49933
5986 27728 49934
5987 27728 49935
5988 27728 49936
5989 28762 51576
5990 28762 51577
5991 27728 49939
5992 27728 49940
5993 27728 49941
5994 27728 49942
5995 28762 51582
5996 28762 51583
5997 28762 51584
5998 28762 51585
5999 28762 51586
6000 28762 51587
6001 28762 51588
6002 28762 51589
6003 28762 51590
6004 28762 51591
6005 28762 51592
6006 28762 51593
6007 28762 51594
6008 28762 51595
6009 28762 51596
6010 28762 51597
6011 28762 51598
6012 28762 51599
6013 28762 51600
6014 28762 51601
6015 28762 51602
6016 28762 51603
6017 28762 51604
6018 28762 51605
6019 28762 51606
6020 28762 51607
6021 28762 51608
6022 28762 51609
6023 28762 51610
6024 28762 51611
6025 28762 51612
6026 28762 51613
6027 28762 51614
6028 28762 51615
6029 28762 51616
6030 28762 51617
6031 28762 51618
6032 28762 51619
6033 28762 51620
6034 28762 51621
6035 28762 51622
6036 28762 51623
6037 28762 51624
6038 28762 51625
6039 28762 51626
6040 28762 51627
6041 28762 51628
6042 28762 51629
6043 28762 51630
6044 28762 51631
6045 28762 51632
6046 28762 51633
6047 28762 51634
6048 28762 51635
6049 28762 51636
6050 28762 51637
6051 28762 51638
6052 28762 51639
6053 28762 51640
6054 28762 51641
6055 28762 51642
6056 28762 51643
6057 28762 51644
6058 28762 51645
6059 28762 51646
6060 28762 51647
6061 28762 51648
6062 28762 51649
6063 28762 51650
6064 28762 51651
6065 28762 51652
6066 28762 51653
6067 28762 51654
6068 28762 51655
6069 28762 51656
6070 28762 51657
6071 28762 51658
6072 28762 51659
6073 28762 51660
6074 28762 51661
6075 28762 51662
6076 28762 51663
6077 28762 51664
6078 28762 51665
6079 28762 51666
6080 28762 51667
6081 28762 51668
6082 28762 51669
6083 28762 51670
6084 28762 51671
6085 28762 51672
6086 28762 51673
6087 28762 51674
6088 28762 51675
6089 28762 51676
6090 28762 51677
6091 28762 51678
6092 28762 51679
6093 28762 51680
6094 28762 51681
6095 28762 51682
6096 28762 51683
6097 28762 51684
6098 28762 51685
6099 28762 51686
6100 28762 51687
6101 28762 51688
6102 28762 51689
6103 28762 51690
6104 28762 51691
6105 28762 51692
6106 28762 51693
6107 28762 51694
6108 28762 51695
6109 28762 51696
6110 28762 51697
6111 28762 51698
6112 28762 51699
6113 28762 51700
6114 28762 51701
6115 28762 51702
6116 28762 51703
6117 28762 51704
6118 28762 51705
6119 28762 51706
6120 28762 51707
6121 28762 51708
6122 28762 51709
6123 28762 51710
6124 28762 51711
6125 28762 51712
6126 28762 51713
6127 28762 51714
6128 28762 51715
6129 28762 51716
6130 28762 51717
6131 30072 53794
6132 30072 53795
6133 28762 51720
6134 28762 51721
6135 30072 53798
6136 30072 53799
6137 30072 53800
6138 30072 53801
6139 30072 53802
6140 30072 53803
6141 30072 53804
6142 30072 53805
6143 30072 53806
6144 30072 53807
6145 30072 53808
6146 30072 53809
6147 30072 53810
6148 30072 53811
6149 30072 53812
6150 30072 53813
6151 30072 53814
6152 30072 53815
6153 30072 53816
6154 30072 53817
6155 30072 53818
6156 30072 53819
6157 30072 53820
6158 30072 53821
6159 30072 53822
6160 30072 53823
6161 30072 53824
6162 30072 53825
6163 30072 53826
6164 30072 53827
6165 30072 53828
6166 30072 53829
6167 30072 53830
6168 30072 53831
6169 30072 53832
6170 30072 53833
6171 30072 53834
6172 30072 53835
6173 30072 53836
6174 30072 53837
6175 30072 53838
6176 30072 53839
6177 30072 53840
6178 30072 53841
6179 30072 53842
6180 30072 53843
6181 30072 53844
6182 30072 53845
6183 30072 53846
6184 30072 53847
6185 30072 53848
6186 30072 53849
6187 30072 53850
6188 30072 53851
6189 30072 53852
6190 30072 53853
6191 30072 53854
6192 30072 53855
6193 30072 53856
6194 30072 53857
6195 30072 53858
6196 30072 53859
6197 30072 53860
6198 30072 53861
6199 30072 53862
6200 30072 53863
6201 30072 53864
6202 30072 53865
6203 30072 53866
6204 30072 53867
6205 30072 53868
6206 30072 53869
6207 30072 53870
6208 30072 53871
6209 30340 54297
6210 30340 54298
6211 30072 53874
6212 30072 53875
6213 30340 54301
6214 30340 54302
6215 30072 53878
6216 30072 53879
6217 30072 53880
6218 30072 53881
6219 30072 53882
6220 30072 53883
6221 30072 53884
6222 30072 53885
6223 30072 53886
6224 30072 53887
6225 30340 54313
6226 30340 54314
6227 30340 54315
6228 30340 54316
6229 30340 54317
6230 30340 54318
6231 30340 54319
6232 30340 54320
6233 30340 54321
6234 30340 54322
6235 30340 54323
6236 30340 54324
6237 30340 54325
6238 30340 54326
6239 30340 54327
6240 30340 54328
6241 30340 54329
6242 30340 54330
6243 30340 54331
6244 30340 54332
6245 30340 54333
6246 30340 54334
6247 30340 54335
6248 30340 54336
6249 30340 54337
6250 30340 54338
6251 30340 54339
6252 30340 54340
6253 30340 54341
6254 30340 54342
6255 30340 54343
6256 30340 54344
6257 30340 54345
6258 30340 54346
6259 30340 54347
6260 30340 54348
6261 30340 54349
6262 30340 54350
6263 30340 54351
6264 30340 54352
6265 30340 54353
6266 30340 54354
6267 30340 54355
6268 30340 54356
6269 30340 54357
6270 30340 54358
6271 30340 54359
6272 30340 54360
6273 30340 54361
6274 30340 54362
6275 30340 54363
6276 30340 54364
6277 30340 54365
6278 30340 54366
6279 30340 54367
6280 30340 54368
6281 30340 54369
6282 30340 54370
6283 30340 54371
6284 30340 54372
6285 30340 54373
6286 30340 54374
6287 30340 54375
6288 30340 54376
6289 30340 54377
6290 30340 54378
6291 30340 54379
6292 30340 54380
6293 30340 54381
6294 30340 54382
6295 30340 54383
6296 30340 54384
6297 30340 54385
6298 30340 54386
6299 30340 54387
6300 30340 54388
6301 30964 55378
6302 30964 55379
6303 30964 55380
6304 30964 55381
6305 30964 55382
6306 30964 55383
6307 30340 54395
6308 30340 54396
6309 30340 54397
6310 30340 54398
6311 30340 54399
6312 30340 54400
6313 30340 54401
6314 30340 54402
6315 30340 54403
6316 30340 54404
6317 30964 55394
6318 30964 55395
6319 30340 54407
6320 30340 54408
6321 30964 55398
6322 30964 55399
6323 30964 55400
6324 30964 55401
6325 30964 55402
6326 30964 55403
6327 30964 55404
6328 30964 55405
6329 30964 55406
6330 30964 55407
6331 30964 55408
6332 30964 55409
6333 30964 55410
6334 30964 55411
6335 30964 55412
6336 30964 55413
6337 30964 55414
6338 30964 55415
6339 30964 55416
6340 30964 55417
6341 30964 55418
6342 30964 55419
6343 30964 55420
6344 30964 55421
6345 30964 55422
6346 30964 55423
6347 30964 55424
6348 30964 55425
6349 30964 55426
6350 30964 55427
6351 30964 55428
6352 30964 55429
6353 30964 55430
6354 30964 55431
6355 30964 55432
6356 30964 55433
6357 30964 55434
6358 30964 55435
6359 30964 55436
6360 30964 55437
6361 30964 55438
6362 30964 55439
6363 30964 55440
6364 30964 55441
6365 30964 55442
6366 30964 55443
6367 30964 55444
6368 30964 55445
6369 30964 55446
6370 30964 55447
6371 30964 55448
6372 30964 55449
6373 30964 55450
6374 30964 55451
6375 30964 55452
6376 30964 55453
6377 30964 55454
6378 30964 55455
6379 30964 55456
6380 30964 55457
6381 30964 55458
6382 30964 55459
6383 30964 55460
6384 30964 55461
6385 30964 55462
6386 30964 55463
6387 30964 55464
6388 30964 55465
6389 30964 55466
6390 30964 55467
6391 30964 55468
6392 30964 55469
6393 30964 55470
6394 30964 55471
6395 30964 55472
6396 30964 55473
6397 30964 55474
6398 30964 55475
6399 30964 55476
6400 30964 55477
6401 30964 55478
6402 30964 55479
6403 30964 55480
6404 30964 55481
6405 30964 55482
6406 30964 55483
6407 30964 55484
6408 30964 55485
6409 30964 55486
6410 30964 55487
6411 30964 55488
6412 30964 55489
6413 30964 55490
6414 30964 55491
6415 30964 55492
6416 30964 55493
6417 30964 55494
6418 30964 55495
6419 30964 55496
6420 30964 55497
6421 30964 55498
6422 30964 55499
6423 30964 55500
6424 30964 55501
6425 30964 55502
6426 30964 55503
6427 30964 55504
6428 30964 55505
6429 30964 55506
6430 30964 55507
6431 30964 55508
6432 30964 55509
6433 31600 56518
6434 31600 56519
6435 30964 55512
6436 30964 55513
6437 31600 56522
6438 31600 56523
6439 31600 56524
6440 31600 56525
6441 31600 56526
6442 31600 56527
6443 30964 55520
6444 30964 55521
6445 31600 56530
6446 31600 56531
6447 31600 56532
6448 31600 56533
6449 30964 55526
6450 30964 55527
6451 31600 56536
6452 31600 56537
6453 31600 56538
6454 31600 56539
6455 30964 55532
6456 30964 55533
6457 31600 56542
6458 31600 56543
6459 31600 56544
6460 31600 56545
6461 30964 55538
6462 30964 55539
6463 31600 56548
6464 31600 56549
6465 31600 56550
6466 31600 56551
6467 31600 56552
6468 31600 56553
6469 30964 55546
6470 30964 55547
6471 30964 55548
6472 30964 55549
6473 31600 56558
6474 31600 56559
6475 31600 56560
6476 31600 56561
6477 31600 56562
6478 31600 56563
6479 31600 56564
6480 31600 56565
6481 31600 56566
6482 31600 56567
6483 31600 56568
6484 31600 56569
6485 31600 56570
6486 31600 56571
6487 31600 56572
6488 31600 56573
6489 31600 56574
6490 31600 56575
6491 31600 56576
6492 31600 56577
6493 31600 56578
6494 31600 56579
6495 31600 56580
6496 31600 56581
6497 31600 56582
6498 31600 56583
6499 31600 56584
6500 31600 56585
6501 31600 56586
6502 31600 56587
6503 31600 56588
6504 31600 56589
6505 31600 56590
6506 31600 56591
6507 31263 56058
6508 31263 56059
6509 31263 56060
6510 31263 56061
6511 31263 56062
6512 31263 56063
6513 31263 56064
6514 31263 56065
6515 31263 56066
6516 31263 56067
6517 31263 56068
6518 31263 56069
6519 31263 56070
6520 31263 56071
6521 31263 56072
6522 31263 56073
6523 31263 56074
6524 31263 56075
6525 31263 56076
6526 31263 56077
6527 31263 56078
6528 31263 56079
6529 31263 56080
6530 31263 56081
6531 31263 56082
6532 31263 56083
6533 31263 56084
6534 31263 56085
6535 31263 56086
6536 31263 56087
6537 31263 56088
6538 31263 56089
6539 31263 56090
6540 31263 56091
6541 31263 56092
6542 31263 56093
6543 31263 56094
6544 31263 56095
6545 31263 56096
6546 31263 56097
6547 31263 56098
6548 31263 56099
6549 31263 56100
6550 31263 56101
6551 31263 56102
6552 31263 56103
6553 31263 56104
6554 31263 56105
6555 31263 56106
6556 31263 56107
6557 31263 56108
6558 31263 56109
6559 31263 56110
6560 31263 56111
6561 31263 56112
6562 31263 56113
6563 31263 56114
6564 31263 56115
6565 31263 56116
6566 31263 56117
6567 31263 56118
6568 31263 56119
6569 31263 56120
6570 31263 56121
6571 31263 56122
6572 31263 56123
6573 31263 56124
6574 31263 56125
6575 31263 56126
6576 31263 56127
6577 31263 56128
6578 31263 56129
6579 31263 56130
6580 31263 56131
6581 31263 56132
6582 31263 56133
6583 31263 56134
6584 31263 56135
6585 31263 56136
6586 31263 56137
6587 31263 56138
6588 31263 56139
6589 31263 56140
6590 31263 56141
6591 31263 56142
6592 31263 56143
6593 31263 56144
6594 31263 56145
6595 31263 56146
6596 31263 56147
6597 31600 56682
6598 31600 56683
6599 31600 56684
6600 31600 56685
6601 31263 56152
6602 31263 56153
6603 31263 56154
6604 31263 56155
6605 31263 56156
6606 31263 56157
6607 31263 56158
6608 31263 56159
6609 31263 56160
6610 31263 56161
6611 31263 56162
6612 31263 56163
6613 31263 56164
6614 31263 56165
6615 31263 56166
6616 31263 56167
6617 31263 56168
6618 31263 56169
6619 31263 56170
6620 31263 56171
6621 31600 56706
6622 31600 56707
6623 31600 56708
6624 31600 56709
6625 31600 56710
6626 31600 56711
6627 31600 56712
6628 31600 56713
6629 31600 56714
6630 31600 56715
6631 31600 56716
6632 31600 56717
6633 31600 56718
6634 31600 56719
6635 31600 56720
6636 31600 56721
6637 31600 56722
6638 31600 56723
6639 31600 56724
6640 31600 56725
6641 31600 56726
6642 31600 56727
6643 31600 56728
6644 31600 56729
6645 31600 56730
6646 31600 56731
6647 31600 56732
6648 31600 56733
6649 31600 56734
6650 31600 56735
6651 31600 56736
6652 31600 56737
6653 31600 56738
6654 31600 56739
6655 31600 56740
6656 31600 56741
6657 31600 56742
6658 31600 56743
6659 31600 56744
6660 31600 56745
6661 31600 56746
6662 31600 56747
6663 31600 56748
6664 31600 56749
6665 31600 56750
6666 31600 56751
6667 31600 56752
6668 31600 56753
6669 31600 56754
6670 31600 56755
6671 31600 56756
6672 31600 56757
6673 31600 56758
6674 31600 56759
6675 31600 56760
6676 31600 56761
6677 31600 56762
6678 31600 56763
6679 31600 56764
6680 31600 56765
6681 31600 56766
6682 31600 56767
6683 31600 56768
6684 31600 56769
6685 31600 56770
6686 31600 56771
6687 31600 56772
6688 31600 56773
6689 31600 56774
6690 31600 56775
6691 31600 56776
6692 31600 56777
6693 33291 59458
6694 33291 59459
6695 33291 59460
6696 33291 59461
6697 31600 56782
6698 31600 56783
6699 33291 59464
6700 33291 59465
6701 31600 56786
6702 31600 56787
6703 31600 56788
6704 31600 56789
6705 31600 56790
6706 31600 56791
6707 33291 59472
6708 33291 59473
6709 31600 56794
6710 31600 56795
6711 33291 59476
6712 33291 59477
6713 31600 56798
6714 31600 56799
6715 33291 59480
6716 33291 59481
6717 33291 59482
6718 33291 59483
6719 33291 59484
6720 33291 59485
6721 31600 56806
6722 31600 56807
6723 33291 59488
6724 33291 59489
6725 33291 59490
6726 33291 59491
6727 33291 59492
6728 33291 59493
6729 33291 59494
6730 33291 59495
6731 33291 59496
6732 33291 59497
6733 33291 59498
6734 33291 59499
6735 33291 59500
6736 33291 59501
6737 33291 59502
6738 33291 59503
6739 33291 59504
6740 33291 59505
6741 33291 59506
6742 33291 59507
6743 33291 59508
6744 33291 59509
6745 33291 59510
6746 33291 59511
6747 33291 59512
6748 33291 59513
6749 33291 59514
6750 33291 59515
6751 33291 59516
6752 33291 59517
6753 33291 59518
6754 33291 59519
6755 33291 59520
6756 33291 59521
6757 33291 59522
6758 33291 59523
6759 33291 59524
6760 33291 59525
6761 33291 59526
6762 33291 59527
6763 33291 59528
6764 33291 59529
6765 33291 59530
6766 33291 59531
6767 33291 59532
6768 33291 59533
6769 33291 59534
6770 33291 59535
6771 33291 59536
6772 33291 59537
6773 33291 59538
6774 33291 59539
6775 33291 59540
6776 33291 59541
6777 33291 59542
6778 33291 59543
6779 33291 59544
6780 33291 59545
6781 33291 59546
6782 33291 59547
6783 33291 59548
6784 33291 59549
6785 33291 59550
6786 33291 59551
6787 33291 59552
6788 33291 59553
6789 33291 59554
6790 33291 59555
6791 33291 59556
6792 33291 59557
6793 33291 59558
6794 33291 59559
6795 33291 59560
6796 33291 59561
6797 33291 59562
6798 33291 59563
6799 33291 59564
6800 33291 59565
6801 33291 59566
6802 33291 59567
6803 33291 59568
6804 33291 59569
6805 33291 59570
6806 33291 59571
6807 33291 59572
6808 33291 59573
6809 33291 59574
6810 33291 59575
6811 33291 59576
6812 33291 59577
6813 33291 59578
6814 33291 59579
6815 33291 59580
6816 33291 59581
6817 33291 59582
6818 33291 59583
6819 33291 59584
6820 33291 59585
6821 33291 59586
6822 33291 59587
6823 33291 59588
6824 33291 59589
6825 33291 59590
6826 33291 59591
6827 33291 59592
6828 33291 59593
6829 33291 59594
6830 33291 59595
6831 33291 59596
6832 33291 59597
6833 33291 59598
6834 33291 59599
6835 33291 59600
6836 33291 59601
6837 33291 59602
6838 33291 59603
6839 33291 59604
6840 33291 59605
6841 33291 59606
6842 33291 59607
6843 33291 59608
6844 33291 59609
6845 33291 59610
6846 33291 59611
6847 33291 59612
6848 33291 59613
6849 33291 59614
6850 33291 59615
6851 33291 59616
6852 33291 59617
6853 33291 59618
6854 33291 59619
6855 33291 59620
6856 33291 59621
6857 33291 59622
6858 33291 59623
6859 33291 59624
6860 33291 59625
6861 33291 59626
6862 33291 59627
6863 33291 59628
6864 33291 59629
6865 33291 59630
6866 33291 59631
6867 33291 59632
6868 33291 59633
6869 33291 59634
6870 33291 59635
6871 33291 59636
6872 33291 59637
6873 33291 59638
6874 33291 59639
6875 33291 59640
6876 33291 59641
6877 33956 60696
6878 33956 60697
6879 33956 60698
6880 33956 60699
6881 33291 59646
6882 33291 59647
6883 33291 59648
6884 33291 59649
6885 33956 60704
6886 33956 60705
6887 33291 59652
6888 33291 59653
6889 33956 60708
6890 33956 60709
6891 33956 60710
6892 33956 60711
6893 33956 60712
6894 33956 60713
6895 33956 60714
6896 33956 60715
6897 33956 60716
6898 33956 60717
6899 33956 60718
6900 33956 60719
6901 33956 60720
6902 33956 60721
6903 33956 60722
6904 33956 60723
6905 33956 60724
6906 33956 60725
6907 33956 60726
6908 33956 60727
6909 33956 60728
6910 33956 60729
6911 33956 60730
6912 33956 60731
6913 33956 60732
6914 33956 60733
6915 33956 60734
6916 33956 60735
6917 33956 60736
6918 33956 60737
6919 33956 60738
6920 33956 60739
6921 33956 60740
6922 33956 60741
6923 33956 60742
6924 33956 60743
6925 33956 60744
6926 33956 60745
6927 33956 60746
6928 33956 60747
6929 33956 60748
6930 33956 60749
6931 33956 60750
6932 33956 60751
6933 33956 60752
6934 33956 60753
6935 33956 60754
6936 33956 60755
6937 33956 60756
6938 33956 60757
6939 33956 60758
6940 33956 60759
6941 33956 60760
6942 33956 60761
6943 33956 60762
6944 33956 60763
6945 33956 60764
6946 33956 60765
6947 33956 60766
6948 33956 60767
6949 33956 60768
6950 33956 60769
6951 33956 60770
6952 33956 60771
6953 33956 60772
6954 33956 60773
6955 33956 60774
6956 33956 60775
6957 34995 62423
6958 34995 62424
6959 34995 62425
6960 34995 62426
6961 33956 60780
6962 33956 60781
6963 33956 60782
6964 33956 60783
6965 33956 60784
6966 33956 60785
6967 33956 60786
6968 33956 60787
6969 33956 60788
6970 33956 60789
6971 33956 60790
6972 33956 60791
6973 33956 60792
6974 33956 60793
6975 33956 60794
6976 33956 60795
6977 33956 60796
6978 33956 60797
6979 33956 60798
6980 33956 60799
6981 33956 60800
6982 33956 60801
6983 33956 60802
6984 33956 60803
6985 33956 60804
6986 33956 60805
6987 33956 60806
6988 33956 60807
6989 33956 60808
6990 33956 60809
6991 33956 60810
6992 33956 60811
6993 33956 60812
6994 33956 60813
6995 34995 62461
6996 34995 62462
6997 34995 62463
6998 34995 62464
6999 34995 62465
7000 34995 62466
7001 34995 62467
7002 34995 62468
7003 34995 62469
7004 34995 62470
7005 34995 62471
7006 34995 62472
7007 34995 62473
7008 34995 62474
7009 34995 62475
7010 34995 62476
7011 34995 62477
7012 34995 62478
7013 34995 62479
7014 34995 62480
7015 34995 62481
7016 34995 62482
7017 34995 62483
7018 34995 62484
7019 34995 62485
7020 34995 62486
7021 34995 62487
7022 34995 62488
7023 34995 62489
7024 34995 62490
7025 34995 62491
7026 34995 62492
7027 34995 62493
7028 34995 62494
7029 34995 62495
7030 34995 62496
7031 34995 62497
7032 34995 62498
7033 34995 62499
7034 34995 62500
7035 34995 62501
7036 34995 62502
7037 34995 62503
7038 34995 62504
7039 34995 62505
7040 34995 62506
7041 34995 62507
7042 34995 62508
7043 34995 62509
7044 34995 62510
7045 34995 62511
7046 34995 62512
7047 34995 62513
7048 34995 62514
7049 34995 62515
7050 34995 62516
7051 34995 62517
7052 34995 62518
7053 34995 62519
7054 34995 62520
7055 34995 62521
7056 34995 62522
7057 34995 62523
7058 34995 62524
7059 34995 62525
7060 34995 62526
7061 34995 62527
7062 34995 62528
7063 34995 62529
7064 34995 62530
7065 34995 62531
7066 34995 62532
7067 34995 62533
7068 34995 62534
7069 34995 62535
7070 34995 62536
7071 34995 62537
7072 34995 62538
7073 34995 62539
7074 34995 62540
7075 34995 62541
7076 34995 62542
7077 34995 62543
7078 34995 62544
7079 34995 62545
7080 34995 62546
7081 34995 62547
7082 34995 62548
7083 34995 62549
7084 34995 62550
7085 34995 62551
7086 34995 62552
7087 34995 62553
7088 34995 62554
7089 34995 62555
7090 34995 62556
7091 34995 62557
7092 34995 62558
7093 34342 61524
7094 34342 61525
7095 34342 61526
7096 34342 61527
7097 34342 61528
7098 34342 61529
7099 34342 61530
7100 34342 61531
7101 34342 61532
7102 34342 61533
7103 34342 61534
7104 34342 61535
7105 34342 61536
7106 34342 61537
7107 34342 61538
7108 34342 61539
7109 34342 61540
7110 34342 61541
7111 34342 61542
7112 34342 61543
7113 34995 62579
7114 34995 62580
7115 34342 61546
7116 34342 61547
7117 34342 61548
7118 34342 61549
7119 34342 61550
7120 34342 61551
7121 34342 61552
7122 34342 61553
7123 34342 61554
7124 34342 61555
7125 34342 61556
7126 34342 61557
7127 34342 61558
7128 34342 61559
7129 34342 61560
7130 34342 61561
7131 34342 61562
7132 34342 61563
7133 34342 61564
7134 34342 61565
7135 34342 61566
7136 34342 61567
7137 34342 61568
7138 34342 61569
7139 34342 61570
7140 34342 61571
7141 34342 61572
7142 34342 61573
7143 34342 61574
7144 34342 61575
7145 34342 61576
7146 34342 61577
7147 34342 61578
7148 34342 61579
7149 34342 61580
7150 34342 61581
7151 34342 61582
7152 34342 61583
7153 34342 61584
7154 34342 61585
7155 34342 61586
7156 34342 61587
7157 34342 61588
7158 34342 61589
7159 34342 61590
7160 34342 61591
7161 34342 61592
7162 34342 61593
7163 34342 61594
7164 34342 61595
7165 34342 61596
7166 34342 61597
7167 34342 61598
7168 34342 61599
7169 34342 61600
7170 34342 61601
7171 34342 61602
7172 34342 61603
7173 34342 61604
7174 34342 61605
7175 34342 61606
7176 34342 61607
7177 34342 61608
7178 34342 61609
7179 34342 61610
7180 34342 61611
7181 34342 61612
7182 34342 61613
7183 34342 61614
7184 34342 61615
7185 34342 61616
7186 34342 61617
7187 34342 61618
7188 34342 61619
7189 34342 61620
7190 34342 61621
7191 34342 61622
7192 34342 61623
7193 34342 61624
7194 34342 61625
7195 34342 61626
7196 34342 61627
7197 34342 61628
7198 34342 61629
7199 34342 61630
7200 34342 61631
7201 34342 61632
7202 34342 61633
7203 34342 61634
7204 34342 61635
7205 34342 61636
7206 34342 61637
7207 34342 61638
7208 34342 61639
7209 34342 61640
7210 34342 61641
7211 34342 61642
7212 34342 61643
7213 34342 61644
7214 34342 61645
7215 34342 61646
7216 34342 61647
7217 34342 61648
7218 34342 61649
7219 34342 61650
7220 34342 61651
7221 34342 61652
7222 34342 61653
7223 34342 61654
7224 34342 61655
7225 34342 61656
7226 34342 61657
7227 34342 61658
7228 34342 61659
7229 34342 61660
7230 34342 61661
7231 34342 61662
7232 34342 61663
7233 34342 61664
7234 34342 61665
7235 34342 61666
7236 34342 61667
7237 34342 61668
7238 34342 61669
7239 34342 61670
7240 34342 61671
7241 34342 61672
7242 34342 61673
7243 34342 61674
7244 34342 61675
7245 34342 61676
7246 34342 61677
7247 34342 61678
7248 34342 61679
7249 34342 61680
7250 34342 61681
7251 34342 61682
7252 34342 61683
7253 34342 61684
7254 34342 61685
7255 34342 61686
7256 34342 61687
7257 34342 61688
7258 34342 61689
7259 34342 61690
7260 34342 61691
7261 34342 61692
7262 34342 61693
7263 34342 61694
7264 34342 61695
7265 34342 61696
7266 34342 61697
7267 34342 61698
7268 34342 61699
7269 34342 61700
7270 34342 61701
7271 34342 61702
7272 34342 61703
7273 34342 61704
7274 34342 61705
7275 34342 61706
7276 34342 61707
7277 34342 61708
7278 34342 61709
7279 34342 61710
7280 34342 61711
7281 34342 61712
7282 34342 61713
7283 34342 61714
7284 34342 61715
7285 34342 61716
7286 34342 61717
7287 34342 61718
7288 34342 61719
7289 34342 61720
7290 34342 61721
7291 34342 61722
7292 34342 61723
7293 35086 62903
7294 35086 62904
7295 34342 61726
7296 34342 61727
7297 34342 61728
7298 34342 61729
7299 35086 62909
7300 35086 62910
7301 35086 62911
7302 35086 62912
7303 35086 62913
7304 35086 62914
7305 35086 62915
7306 35086 62916
7307 35086 62917
7308 35086 62918
7309 35086 62919
7310 35086 62920
7311 35086 62921
7312 35086 62922
7313 35086 62923
7314 35086 62924
7315 35086 62925
7316 35086 62926
7317 34342 61748
7318 34342 61749
7319 35086 62929
7320 35086 62930
7321 35086 62931
7322 35086 62932
7323 34342 61754
7324 34342 61755
7325 35086 62935
7326 35086 62936
7327 35086 62937
7328 35086 62938
7329 35086 62939
7330 35086 62940
7331 35961 64328
7332 35961 64329
7333 35086 62943
7334 35086 62944
7335 35086 62945
7336 35086 62946
7337 35086 62947
7338 35086 62948
7339 35961 64336
7340 35961 64337
7341 34342 61772
7342 34342 61773
7343 35086 62953
7344 35086 62954
7345 35086 62955
7346 35086 62956
7347 35086 62957
7348 35086 62958
7349 35086 62959
7350 35086 62960
7351 35086 62961
7352 35086 62962
7353 35086 62963
7354 35086 62964
7355 35961 64352
7356 35961 64353
7357 35961 64354
7358 35961 64355
7359 35961 64356
7360 35961 64357
7361 35961 64358
7362 35961 64359
7363 35961 64360
7364 35961 64361
7365 35961 64362
7366 35961 64363
7367 35961 64364
7368 35961 64365
7369 35961 64366
7370 35961 64367
7371 35961 64368
7372 35961 64369
7373 35961 64370
7374 35961 64371
7375 35961 64372
7376 35961 64373
7377 35961 64374
7378 35961 64375
7379 35961 64376
7380 35961 64377
7381 35961 64378
7382 35961 64379
7383 35961 64380
7384 35961 64381
7385 35961 64382
7386 35961 64383
7387 35961 64384
7388 35961 64385
7389 35961 64386
7390 35961 64387
7391 35961 64388
7392 35961 64389
7393 35961 64390
7394 35961 64391
7395 35961 64392
7396 35961 64393
7397 35961 64394
7398 35961 64395
7399 35961 64396
7400 35961 64397
7401 35961 64398
7402 35961 64399
7403 35961 64400
7404 35961 64401
7405 35961 64402
7406 35961 64403
7407 35961 64404
7408 35961 64405
7409 35961 64406
7410 35961 64407
7411 35961 64408
7412 35961 64409
7413 35961 64410
7414 35961 64411
7415 35961 64412
7416 35961 64413
7417 35961 64414
7418 35961 64415
7419 35961 64416
7420 35961 64417
7421 35961 64418
7422 35961 64419
7423 35961 64420
7424 35961 64421
7425 35961 64422
7426 35961 64423
7427 35961 64424
7428 35961 64425
7429 35961 64426
7430 35961 64427
7431 35961 64428
7432 35961 64429
7433 35961 64430
7434 35961 64431
7435 35961 64432
7436 35961 64433
7437 35961 64434
7438 35961 64435
7439 35961 64436
7440 35961 64437
7441 35961 64438
7442 35961 64439
7443 35961 64440
7444 35961 64441
7445 35961 64442
7446 35961 64443
7447 35961 64444
7448 35961 64445
7449 35961 64446
7450 35961 64447
7451 35961 64448
7452 35961 64449
7453 35961 64450
7454 35961 64451
7455 35961 64452
7456 35961 64453
7457 35961 64454
7458 35961 64455
7459 35961 64456
7460 35961 64457
7461 35961 64458
7462 35961 64459
7463 35961 64460
7464 35961 64461
7465 35961 64462
7466 35961 64463
7467 35961 64464
7468 35961 64465
7469 35961 64466
7470 35961 64467
7471 35961 64468
7472 35961 64469
7473 35961 64470
7474 35961 64471
7475 35961 64472
7476 35961 64473
7477 35961 64474
7478 35961 64475
7479 35961 64476
7480 35961 64477
7481 35961 64478
7482 35961 64479
7483 35961 64480
7484 35961 64481
7485 35961 64482
7486 35961 64483
7487 35961 64484
7488 35961 64485
7489 35961 64486
7490 35961 64487
7491 35961 64488
7492 35961 64489
7493 35961 64490
7494 35961 64491
7495 35961 64492
7496 35961 64493
7497 35961 64494
7498 35961 64495
7499 35961 64496
7500 35961 64497
7501 35961 64498
7502 35961 64499
7503 35961 64500
7504 35961 64501
7505 35961 64502
7506 35961 64503
7507 35961 64504
7508 35961 64505
7509 35961 64506
7510 35961 64507
7511 35961 64508
7512 35961 64509
7513 35961 64510
7514 35961 64511
7515 35961 64512
7516 35961 64513
7517 35961 64514
7518 35961 64515
7519 35961 64516
7520 35961 64517
7521 35961 64518
7522 35961 64519
7523 35961 64520
7524 35961 64521
7525 35961 64522
7526 35961 64523
7527 35961 64524
7528 35961 64525
7529 35961 64526
7530 35961 64527
7531 35961 64528
7532 35961 64529
7533 35961 64530
7534 35961 64531
7535 35961 64532
7536 35961 64533
7537 35961 64534
7538 35961 64535
7539 35961 64536
7540 35961 64537
7541 35961 64538
7542 35961 64539
7543 35961 64540
7544 35961 64541
7545 35961 64542
7546 35961 64543
7547 35961 64544
7548 35961 64545
7549 35961 64546
7550 35961 64547
7551 35961 64548
7552 35961 64549
7553 35961 64550
7554 35961 64551
7555 35961 64552
7556 35961 64553
7557 35961 64554
7558 35961 64555
7559 35961 64556
7560 35961 64557
7561 35961 64558
7562 35961 64559
7563 35961 64560
7564 35961 64561
7565 35961 64562
7566 35961 64563
7567 35961 64564
7568 35961 64565
7569 35961 64566
7570 35961 64567
7571 35961 64568
7572 35961 64569
7573 35961 64570
7574 35961 64571
7575 35961 64572
7576 35961 64573
7577 35961 64574
7578 35961 64575
7579 35961 64576
7580 35961 64577
7581 35961 64578
7582 35961 64579
7583 35961 64580
7584 35961 64581
7585 35961 64582
7586 35961 64583
7587 35961 64584
7588 35961 64585
7589 35961 64586
7590 35961 64587
7591 35961 64588
7592 35961 64589
7593 35961 64590
7594 35961 64591
7595 35961 64592
7596 35961 64593
7597 35961 64594
7598 35961 64595
7599 35961 64596
7600 35961 64597
7601 35961 64598
7602 35961 64599
7603 35961 64600
7604 35961 64601
7605 35961 64602
7606 35961 64603
7607 35961 64604
7608 35961 64605
7609 35961 64606
7610 35961 64607
7611 35961 64608
7612 35961 64609
7613 35961 64610
7614 35961 64611
7615 35961 64612
7616 35961 64613
7617 35961 64614
7618 35961 64615
7619 35961 64616
7620 35961 64617
7621 35961 64618
7622 35961 64619
7623 35961 64620
7624 35961 64621
7625 35961 64622
7626 35961 64623
7627 37144 66499
7628 37144 66500
7629 35961 64626
7630 35961 64627
7631 35961 64628
7632 35961 64629
7633 37144 66505
7634 37144 66506
7635 35961 64632
7636 35961 64633
7637 35961 64634
7638 35961 64635
7639 35961 64636
7640 35961 64637
7641 35961 64638
7642 35961 64639
7643 37144 66515
7644 37144 66516
7645 37144 66517
7646 37144 66518
7647 37144 66519
7648 37144 66520
7649 37144 66521
7650 37144 66522
7651 35961 64648
7652 35961 64649
7653 35961 64650
7654 35961 64651
7655 37144 66527
7656 37144 66528
7657 37144 66529
7658 37144 66530
7659 37144 66531
7660 37144 66532
7661 37144 66533
7662 37144 66534
7663 37144 66535
7664 37144 66536
7665 37144 66537
7666 37144 66538
7667 37144 66539
7668 37144 66540
7669 37144 66541
7670 37144 66542
7671 37144 66543
7672 37144 66544
7673 37144 66545
7674 37144 66546
7675 37144 66547
7676 37144 66548
7677 37144 66549
7678 37144 66550
7679 37144 66551
7680 37144 66552
7681 37144 66553
7682 37144 66554
7683 37144 66555
7684 37144 66556
7685 37144 66557
7686 37144 66558
7687 37144 66559
7688 37144 66560
7689 37144 66561
7690 37144 66562
7691 37144 66563
7692 37144 66564
7693 37144 66565
7694 37144 66566
7695 37144 66567
7696 37144 66568
7697 37144 66569
7698 37144 66570
7699 37144 66571
7700 37144 66572
7701 37144 66573
7702 37144 66574
7703 37144 66575
7704 37144 66576
7705 37144 66577
7706 37144 66578
7707 37144 66579
7708 37144 66580
7709 37144 66581
7710 37144 66582
7711 37144 66583
7712 37144 66584
7713 37144 66585
7714 37144 66586
7715 37144 66587
7716 37144 66588
7717 37144 66589
7718 37144 66590
7719 37144 66591
7720 37144 66592
7721 37144 66593
7722 37144 66594
7723 37144 66595
7724 37144 66596
7725 37144 66597
7726 37144 66598
7727 37144 66599
7728 37144 66600
7729 37144 66601
7730 37144 66602
7731 37144 66603
7732 37144 66604
7733 37144 66605
7734 37144 66606
7735 37144 66607
7736 37144 66608
7737 37144 66609
7738 37144 66610
7739 37144 66611
7740 37144 66612
7741 37144 66613
7742 37144 66614
7743 37144 66615
7744 37144 66616
7745 37144 66617
7746 37144 66618
7747 37144 66619
7748 37144 66620
7749 37144 66621
7750 37144 66622
7751 37144 66623
7752 37144 66624
7753 37144 66625
7754 37144 66626
7755 37144 66627
7756 37144 66628
7757 37144 66629
7758 37144 66630
7759 37144 66631
7760 37144 66632
7761 37144 66633
7762 37144 66634
7763 38358 68559
7764 38358 68560
7765 38358 68561
7766 38358 68562
7767 38358 68563
7768 38358 68564
7769 38358 68565
7770 38358 68566
7771 38358 68567
7772 38358 68568
7773 38358 68569
7774 38358 68570
7775 38358 68571
7776 38358 68572
7777 38358 68573
7778 38358 68574
7779 38358 68575
7780 38358 68576
7781 38358 68577
7782 38358 68578
7783 38358 68579
7784 38358 68580
7785 38358 68581
7786 38358 68582
7787 38358 68583
7788 38358 68584
7789 38358 68585
7790 38358 68586
7791 38358 68587
7792 38358 68588
7793 38358 68589
7794 38358 68590
7795 38358 68591
7796 38358 68592
7797 38358 68593
7798 38358 68594
7799 38358 68595
7800 38358 68596
7801 38358 68597
7802 38358 68598
7803 38358 68599
7804 38358 68600
7805 38358 68601
7806 38358 68602
7807 38358 68603
7808 38358 68604
7809 38358 68605
7810 38358 68606
7811 38358 68607
7812 38358 68608
7813 38358 68609
7814 38358 68610
7815 38358 68611
7816 38358 68612
7817 38358 68613
7818 38358 68614
7819 38358 68615
7820 38358 68616
7821 38358 68617
7822 38358 68618
7823 38358 68619
7824 38358 68620
7825 38358 68621
7826 38358 68622
7827 38358 68623
7828 38358 68624
7829 38358 68625
7830 38358 68626
7831 38358 68627
7832 38358 68628
7833 38358 68629
7834 38358 68630
7835 38358 68631
7836 38358 68632
7837 38358 68633
7838 38358 68634
7839 38358 68635
7840 38358 68636
7841 38358 68637
7842 38358 68638
7843 38358 68639
7844 38358 68640
7845 38358 68641
7846 38358 68642
7847 38358 68643
7848 38358 68644
7849 38358 68645
7850 38358 68646
7851 38358 68647
7852 38358 68648
7853 38358 68649
7854 38358 68650
7855 38358 68651
7856 38358 68652
7857 38358 68653
7858 38358 68654
7859 38358 68655
7860 38358 68656
7861 38358 68657
7862 38358 68658
7863 38358 68659
7864 38358 68660
7865 38358 68661
7866 38358 68662
7867 38358 68663
7868 38358 68664
7869 38358 68665
7870 38358 68666
7871 38358 68667
7872 38358 68668
7873 38358 68669
7874 38358 68670
7875 38358 68671
7876 38358 68672
7877 38358 68673
7878 38358 68674
7879 38358 68675
7880 38358 68676
7881 38358 68677
7882 38358 68678
7883 38358 68679
7884 38358 68680
7885 38358 68681
7886 38358 68682
7887 38358 68683
7888 38358 68684
7889 38358 68685
7890 38358 68686
7891 38358 68687
7892 38358 68688
7893 38358 68689
7894 38358 68690
7895 38358 68691
7896 38358 68692
7897 38358 68693
7898 38358 68694
7899 38358 68695
7900 38358 68696
7901 38358 68697
7902 38358 68698
7903 38358 68699
7904 38358 68700
7905 38358 68701
7906 38358 68702
7907 38358 68703
7908 38358 68704
7909 38358 68705
7910 38358 68706
7911 38358 68707
7912 38358 68708
7913 38358 68709
7914 38358 68710
7915 38358 68711
7916 38358 68712
7917 38358 68713
7918 38358 68714
7919 38358 68715
7920 38358 68716
7921 38358 68717
7922 38358 68718
7923 38358 68719
7924 38358 68720
7925 38358 68721
7926 38358 68722
7927 38358 68723
7928 38358 68724
7929 38358 68725
7930 38358 68726
7931 38358 68727
7932 38358 68728
7933 38358 68729
7934 38358 68730
7935 38358 68731
7936 38358 68732
7937 38358 68733
7938 38358 68734
7939 38358 68735
7940 38358 68736
7941 38358 68737
7942 38358 68738
7943 38358 68739
7944 38358 68740
7945 38358 68741
7946 38358 68742
7947 38358 68743
7948 38358 68744
7949 38358 68745
7950 38358 68746
7951 38358 68747
7952 38358 68748
7953 38358 68749
7954 38358 68750
7955 38358 68751
7956 38358 68752
7957 38358 68753
7958 38358 68754
7959 38358 68755
7960 38358 68756
7961 38358 68757
7962 38358 68758
7963 38358 68759
7964 38358 68760
7965 38358 68761
7966 38358 68762
7967 38358 68763
7968 38358 68764
7969 38358 68765
7970 38358 68766
7971 38358 68767
7972 38358 68768
7973 38358 68769
7974 38358 68770
7975 38358 68771
7976 38358 68772
7977 38358 68773
7978 38358 68774
7979 38358 68775
7980 38358 68776
7981 38358 68777
7982 38358 68778
7983 38358 68779
7984 38358 68780
7985 38358 68781
7986 38358 68782
7987 38358 68783
7988 38358 68784
7989 38358 68785
7990 38358 68786
7991 38358 68787
7992 38358 68788
7993 38358 68789
7994 38358 68790
7995 38358 68791
7996 38358 68792
7997 38358 68793
7998 38358 68794
7999 38358 68795
8000 38358 68796
8001 38358 68797
8002 38358 68798
8003 38358 68799
8004 38358 68800
8005 38358 68801
8006 38358 68802
8007 38358 68803
8008 38358 68804
8009 38358 68805
8010 38358 68806
8011 38358 68807
8012 38358 68808
8013 38358 68809
8014 38358 68810
8015 38358 68811
8016 38358 68812
8017 38358 68813
8018 38358 68814
8019 38358 68815
8020 38358 68816
8021 38358 68817
8022 38358 68818
8023 38358 68819
8024 38358 68820
8025 38358 68821
8026 38358 68822
8027 38358 68823
8028 38358 68824
8029 38358 68825
8030 38358 68826
8031 38358 68827
8032 38358 68828
8033 38358 68829
8034 38358 68830
8035 38358 68831
8036 38358 68832
8037 38358 68833
8038 38358 68834
8039 38358 68835
8040 38358 68836
8041 38358 68837
8042 38358 68838
8043 38358 68839
8044 38358 68840
8045 38358 68841
8046 38358 68842
8047 38358 68843
8048 38358 68844
8049 38358 68845
8050 38358 68846
8051 38358 68847
8052 38358 68848
8053 38358 68849
8054 38358 68850
8055 38358 68851
8056 38358 68852
8057 38358 68853
8058 38358 68854
8059 38358 68855
8060 38358 68856
8061 38358 68857
8062 38358 68858
8063 38358 68859
8064 38358 68860
8065 38358 68861
8066 38358 68862
8067 38358 68863
8068 38358 68864
8069 38358 68865
8070 38358 68866
8071 38358 68867
8072 38358 68868
8073 38358 68869
8074 38358 68870
8075 38358 68871
8076 38358 68872
8077 38358 68873
8078 38358 68874
8079 38358 68875
8080 38358 68876
8081 38358 68877
8082 38358 68878
8083 38358 68879
8084 38358 68880
8085 38358 68881
8086 38358 68882
8087 38358 68883
8088 38358 68884
8089 38358 68885
8090 38358 68886
8091 38358 68887
8092 38358 68888
8093 38358 68889
8094 38358 68890
8095 38358 68891
8096 38358 68892
8097 38358 68893
8098 38358 68894
8099 38358 68895
8100 38358 68896
8101 38358 68897
8102 38358 68898
8103 38358 68899
8104 38358 68900
8105 38358 68901
8106 38358 68902
8107 38358 68903
8108 38358 68904
8109 38358 68905
8110 38358 68906
8111 38358 68907
8112 38358 68908
8113 38358 68909
8114 38358 68910
8115 38358 68911
8116 38358 68912
8117 38358 68913
8118 38358 68914
8119 38358 68915
8120 38358 68916
8121 38358 68917
8122 38358 68918
8123 38358 68919
8124 38358 68920
8125 38358 68921
8126 38358 68922
8127 38358 68923
8128 38358 68924
8129 38358 68925
8130 38358 68926
8131 38358 68927
8132 38358 68928
8133 38358 68929
8134 38358 68930
8135 38358 68931
8136 38358 68932
8137 38358 68933
8138 38358 68934
8139 38358 68935
8140 38358 68936
8141 38358 68937
8142 38358 68938
8143 38358 68939
8144 38358 68940
8145 38358 68941
8146 38358 68942
8147 38358 68943
8148 38358 68944
8149 38358 68945
8150 38358 68946
8151 38358 68947
8152 38358 68948
8153 38358 68949
8154 38358 68950
8155 38358 68951
8156 38358 68952
8157 38358 68953
8158 38358 68954
8159 38358 68955
8160 38358 68956
8161 38358 68957
8162 38358 68958
8163 38358 68959
8164 38358 68960
8165 38358 68961
8166 38358 68962
8167 38358 68963
8168 38358 68964
8169 38358 68965
8170 38358 68966
8171 38358 68967
8172 38358 68968
8173 38358 68969
8174 38358 68970
8175 38358 68971
8176 38358 68972
8177 38358 68973
8178 38358 68974
8179 38358 68975
8180 38358 68976
8181 38358 68977
8182 38358 68978
8183 38358 68979
8184 38358 68980
8185 38358 68981
8186 38358 68982
8187 38358 68983
8188 38358 68984
8189 38358 68985
8190 38358 68986
8191 38358 68987
8192 38358 68988
8193 38358 68989
8194 38358 68990
8195 38358 68991
8196 38358 68992
8197 38358 68993
8198 38358 68994
8199 38358 68995
8200 38358 68996
8201 38358 68997
8202 38358 68998
8203 38358 68999
8204 38358 69000
8205 38358 69001
8206 38358 69002
8207 38358 69003
8208 38358 69004
8209 38358 69005
8210 38358 69006
8211 38358 69007
8212 38358 69008
8213 38358 69009
8214 38358 69010
8215 38358 69011
8216 38358 69012
8217 38358 69013
8218 38358 69014
8219 38358 69015
8220 38358 69016
8221 38358 69017
8222 38358 69018
8223 38358 69019
8224 38358 69020
8225 38358 69021
8226 38358 69022
8227 38358 69023
8228 38358 69024
8229 38358 69025
8230 38358 69026
8231 38358 69027
8232 38358 69028
8233 38358 69029
8234 38358 69030
8235 38358 69031
8236 38358 69032
8237 38358 69033
8238 38358 69034
8239 38358 69035
8240 38358 69036
8241 38358 69037
8242 38358 69038
8243 38358 69039
8244 38358 69040
8245 38358 69041
8246 38358 69042
8247 38358 69043
8248 38358 69044
8249 38358 69045
8250 38358 69046
8251 38358 69047
8252 38358 69048
8253 38358 69049
8254 38358 69050
8255 38358 69051
8256 38358 69052
8257 38358 69053
8258 38358 69054
8259 38358 69055
8260 38358 69056
8261 38358 69057
8262 38358 69058
8263 38358 69059
8264 38358 69060
8265 38358 69061
8266 38358 69062
8267 38358 69063
8268 38358 69064
8269 38358 69065
8270 38358 69066
8271 38358 69067
8272 38358 69068
8273 38358 69069
8274 38358 69070
8275 38358 69071
8276 38358 69072
8277 38358 69073
8278 38358 69074
8279 38358 69075
8280 38358 69076
8281 38358 69077
8282 38358 69078
8283 38358 69079
8284 38358 69080
8285 40768 72901
8286 40768 72902
8287 40768 72903
8288 40768 72904
8289 38358 69085
8290 38358 69086
8291 38358 69087
8292 38358 69088
8293 38358 69089
8294 38358 69090
8295 38358 69091
8296 38358 69092
8297 38358 69093
8298 38358 69094
8299 40768 72915
8300 40768 72916
8301 40768 72917
8302 40768 72918
8303 40768 72919
8304 40768 72920
8305 40768 72921
8306 40768 72922
8307 40768 72923
8308 40768 72924
8309 40768 72925
8310 40768 72926
8311 40768 72927
8312 40768 72928
8313 40768 72929
8314 40768 72930
8315 40768 72931
8316 40768 72932
8317 40768 72933
8318 40768 72934
8319 40768 72935
8320 40768 72936
8321 40768 72937
8322 40768 72938
8323 40768 72939
8324 40768 72940
8325 40768 72941
8326 40768 72942
8327 40768 72943
8328 40768 72944
8329 40768 72945
8330 40768 72946
8331 40768 72947
8332 40768 72948
8333 40768 72949
8334 40768 72950
8335 40768 72951
8336 40768 72952
8337 40768 72953
8338 40768 72954
8339 40768 72955
8340 40768 72956
8341 40768 72957
8342 40768 72958
8343 40768 72959
8344 40768 72960
8345 40768 72961
8346 40768 72962
8347 40768 72963
8348 40768 72964
8349 40768 72965
8350 40768 72966
8351 40768 72967
8352 40768 72968
8353 40768 72969
8354 40768 72970
8355 40768 72971
8356 40768 72972
8357 40768 72973
8358 40768 72974
8359 40768 72975
8360 40768 72976
8361 40768 72977
8362 40768 72978
8363 40768 72979
8364 40768 72980
8365 40768 72981
8366 40768 72982
8367 40768 72983
8368 40768 72984
8369 40768 72985
8370 40768 72986
8371 40768 72987
8372 40768 72988
8373 40768 72989
8374 40768 72990
8375 40768 72991
8376 40768 72992
8377 40768 72993
8378 40768 72994
8379 40768 72995
8380 40768 72996
8381 40768 72997
8382 40768 72998
8383 40768 72999
8384 40768 73000
8385 40768 73001
8386 40768 73002
8387 40768 73003
8388 40768 73004
8389 40768 73005
8390 40768 73006
8391 40768 73007
8392 40768 73008
8393 40768 73009
8394 40768 73010
8395 40768 73011
8396 40768 73012
8397 40768 73013
8398 40768 73014
8399 40768 73015
8400 40768 73016
8401 40768 73017
8402 40768 73018
8403 40768 73019
8404 40768 73020
8405 40768 73021
8406 40768 73022
8407 40768 73023
8408 40768 73024
8409 40768 73025
8410 40768 73026
8411 40768 73027
8412 40768 73028
8413 40768 73029
8414 40768 73030
8415 40768 73031
8416 40768 73032
8417 40768 73033
8418 40768 73034
8419 40768 73035
8420 40768 73036
8421 40768 73037
8422 40768 73038
8423 40768 73039
8424 40768 73040
8425 40768 73041
8426 40768 73042
8427 40768 73043
8428 40768 73044
8429 40768 73045
8430 40768 73046
8431 40768 73047
8432 40768 73048
8433 40768 73049
8434 40768 73050
8435 40768 73051
8436 40768 73052
8437 40768 73053
8438 40768 73054
8439 40768 73055
8440 40768 73056
8441 40768 73057
8442 40768 73058
8443 40768 73059
8444 40768 73060
8445 40768 73061
8446 40768 73062
8447 40768 73063
8448 40768 73064
8449 40768 73065
8450 40768 73066
8451 40768 73067
8452 40768 73068
8453 40768 73069
8454 40768 73070
8455 40768 73071
8456 40768 73072
8457 40768 73073
8458 40768 73074
8459 40768 73075
8460 40768 73076
8461 40768 73077
8462 40768 73078
8463 40768 73079
8464 40768 73080
8465 40768 73081
8466 40768 73082
8467 40768 73083
8468 40768 73084
8469 40768 73085
8470 40768 73086
8471 40768 73087
8472 40768 73088
8473 40768 73089
8474 40768 73090
8475 40768 73091
8476 40768 73092
8477 40768 73093
8478 40768 73094
8479 40768 73095
8480 40768 73096
8481 40768 73097
8482 40768 73098
8483 40768 73099
8484 40768 73100
8485 40768 73101
8486 40768 73102
8487 40768 73103
8488 40768 73104
8489 40768 73105
8490 40768 73106
8491 40768 73107
8492 40768 73108
8493 40768 73109
8494 40768 73110
8495 40768 73111
8496 40768 73112
8497 40768 73113
8498 40768 73114
8499 40768 73115
8500 40768 73116
8501 40768 73117
8502 40768 73118
8503 40768 73119
8504 40768 73120
8505 40768 73121
8506 40768 73122
8507 40768 73123
8508 40768 73124
8509 40768 73125
8510 40768 73126
8511 40768 73127
8512 40768 73128
8513 40768 73129
8514 40768 73130
8515 40768 73131
8516 40768 73132
8517 40768 73133
8518 40768 73134
8519 40768 73135
8520 40768 73136
8521 40768 73137
8522 40768 73138
8523 40768 73139
8524 40768 73140
8525 40768 73141
8526 40768 73142
8527 40768 73143
8528 40768 73144
8529 40768 73145
8530 40768 73146
8531 40768 73147
8532 40768 73148
8533 40768 73149
8534 40768 73150
8535 40768 73151
8536 40768 73152
8537 40768 73153
8538 40768 73154
8539 40768 73155
8540 40768 73156
8541 40768 73157
8542 40768 73158
8543 40768 73159
8544 40768 73160
8545 40768 73161
8546 40768 73162
8547 40768 73163
8548 40768 73164
8549 41674 74601
8550 41674 74602
8551 41674 74603
8552 41674 74604
8553 41674 74605
8554 41674 74606
8555 41674 74607
8556 41674 74608
8557 40768 73173
8558 40768 73174
8559 40768 73175
8560 40768 73176
8561 41674 74613
8562 41674 74614
8563 41674 74615
8564 41674 74616
8565 41674 74617
8566 41674 74618
8567 41674 74619
8568 41674 74620
8569 41674 74621
8570 41674 74622
8571 40768 73187
8572 40768 73188
8573 40768 73189
8574 40768 73190
8575 40768 73191
8576 40768 73192
8577 40768 73193
8578 40768 73194
8579 40768 73195
8580 40768 73196
8581 40768 73197
8582 40768 73198
8583 41674 74635
8584 41674 74636
8585 40768 73201
8586 40768 73202
8587 40768 73203
8588 40768 73204
8589 40768 73205
8590 40768 73206
8591 40768 73207
8592 40768 73208
8593 40768 73209
8594 40768 73210
8595 40768 73211
8596 40768 73212
8597 41674 74649
8598 41674 74650
8599 40768 73215
8600 40768 73216
8601 41674 74653
8602 41674 74654
8603 41674 74655
8604 41674 74656
8605 41674 74657
8606 41674 74658
8607 41674 74659
8608 41674 74660
8609 40768 73225
8610 40768 73226
8611 41674 74663
8612 41674 74664
8613 41674 74665
8614 41674 74666
8615 41674 74667
8616 41674 74668
8617 41674 74669
8618 41674 74670
8619 41674 74671
8620 41674 74672
8621 41674 74673
8622 41674 74674
8623 41674 74675
8624 41674 74676
8625 41674 74677
8626 41674 74678
8627 41674 74679
8628 41674 74680
8629 41674 74681
8630 41674 74682
8631 41674 74683
8632 41674 74684
8633 41674 74685
8634 41674 74686
8635 41674 74687
8636 41674 74688
8637 41674 74689
8638 41674 74690
8639 41674 74691
8640 41674 74692
8641 41674 74693
8642 41674 74694
8643 41674 74695
8644 41674 74696
8645 41674 74697
8646 41674 74698
8647 41674 74699
8648 41674 74700
8649 41674 74701
8650 41674 74702
8651 41674 74703
8652 41674 74704
8653 41674 74705
8654 41674 74706
8655 41674 74707
8656 41674 74708
8657 41674 74709
8658 41674 74710
8659 41674 74711
8660 41674 74712
8661 41674 74713
8662 41674 74714
8663 41674 74715
8664 41674 74716
8665 41674 74717
8666 41674 74718
8667 41674 74719
8668 41674 74720
8669 41674 74721
8670 41674 74722
8671 41674 74723
8672 41674 74724
8673 41674 74725
8674 41674 74726
8675 41674 74727
8676 41674 74728
8677 41674 74729
8678 41674 74730
8679 41674 74731
8680 41674 74732
8681 41674 74733
8682 41674 74734
8683 41674 74735
8684 41674 74736
8685 41674 74737
8686 41674 74738
8687 41674 74739
8688 41674 74740
8689 41674 74741
8690 41674 74742
8691 41674 74743
8692 41674 74744
8693 41674 74745
8694 41674 74746
8695 41674 74747
8696 41674 74748
8697 41674 74749
8698 41674 74750
8699 41674 74751
8700 41674 74752
8701 41674 74753
8702 41674 74754
8703 41674 74755
8704 41674 74756
8705 41674 74757
8706 41674 74758
8707 41674 74759
8708 41674 74760
8709 41674 74761
8710 41674 74762
8711 41674 74763
8712 41674 74764
8713 41674 74765
8714 41674 74766
8715 41674 74767
8716 41674 74768
8717 41674 74769
8718 41674 74770
8719 41674 74771
8720 41674 74772
8721 41674 74773
8722 41674 74774
8723 41674 74775
8724 41674 74776
8725 41674 74777
8726 41674 74778
8727 41674 74779
8728 41674 74780
8729 41674 74781
8730 41674 74782
8731 41674 74783
8732 41674 74784
8733 41674 74785
8734 41674 74786
8735 41674 74787
8736 41674 74788
8737 41674 74789
8738 41674 74790
8739 41674 74791
8740 41674 74792
8741 41674 74793
8742 41674 74794
8743 41674 74795
8744 41674 74796
8745 41674 74797
8746 41674 74798
8747 41674 74799
8748 41674 74800
8749 41674 74801
8750 41674 74802
8751 41674 74803
8752 41674 74804
8753 41674 74805
8754 41674 74806
8755 41674 74807
8756 41674 74808
8757 41674 74809
8758 41674 74810
8759 41674 74811
8760 41674 74812
8761 41674 74813
8762 41674 74814
8763 41674 74815
8764 41674 74816
8765 41674 74817
8766 41674 74818
8767 41674 74819
8768 41674 74820
8769 41674 74821
8770 41674 74822
8771 41674 74823
8772 41674 74824
8773 41674 74825
8774 41674 74826
8775 41674 74827
8776 41674 74828
8777 41674 74829
8778 41674 74830
8779 41674 74831
8780 41674 74832
8781 41674 74833
8782 41674 74834
8783 41674 74835
8784 41674 74836
8785 41674 74837
8786 41674 74838
8787 41674 74839
8788 41674 74840
8789 41674 74841
8790 41674 74842
8791 41674 74843
8792 41674 74844
8793 41674 74845
8794 41674 74846
8795 41674 74847
8796 41674 74848
8797 41674 74849
8798 41674 74850
8799 41674 74851
8800 41674 74852
8801 41674 74853
8802 41674 74854
8803 41674 74855
8804 41674 74856
8805 41674 74857
8806 41674 74858
8807 41674 74859
8808 41674 74860
8809 41674 74861
8810 41674 74862
8811 41674 74863
8812 41674 74864
8813 41674 74865
8814 41674 74866
8815 41674 74867
8816 41674 74868
8817 41674 74869
8818 41674 74870
8819 41674 74871
8820 41674 74872
8821 41674 74873
8822 41674 74874
8823 41674 74875
8824 41674 74876
8825 41674 74877
8826 41674 74878
8827 41674 74879
8828 41674 74880
8829 41674 74881
8830 41674 74882
8831 41674 74883
8832 41674 74884
8833 41674 74885
8834 41674 74886
8835 41674 74887
8836 41674 74888
8837 41674 74889
8838 41674 74890
8839 41674 74891
8840 41674 74892
8841 41674 74893
8842 41674 74894
8843 41674 74895
8844 41674 74896
8845 41674 74897
8846 41674 74898
8847 41674 74899
8848 41674 74900
8849 41674 74901
8850 41674 74902
8851 41674 74903
8852 41674 74904
8853 43235 77379
8854 43235 77380
8855 41674 74907
8856 41674 74908
8857 43235 77383
8858 43235 77384
8859 41674 74911
8860 41674 74912
8861 41674 74913
8862 41674 74914
8863 41674 74915
8864 41674 74916
8865 41674 74917
8866 41674 74918
8867 41674 74919
8868 41674 74920
8869 41674 74921
8870 41674 74922
8871 41674 74923
8872 41674 74924
8873 41674 74925
8874 41674 74926
8875 41674 74927
8876 41674 74928
8877 41674 74929
8878 41674 74930
8879 41674 74931
8880 41674 74932
8881 41674 74933
8882 41674 74934
8883 41674 74935
8884 41674 74936
8885 41674 74937
8886 41674 74938
8887 41674 74939
8888 41674 74940
8889 41674 74941
8890 41674 74942
8891 41674 74943
8892 41674 74944
8893 41674 74945
8894 41674 74946
8895 41674 74947
8896 41674 74948
8897 43235 77423
8898 43235 77424
8899 41674 74951
8900 41674 74952
8901 41674 74953
8902 41674 74954
8903 41674 74955
8904 41674 74956
8905 41674 74957
8906 41674 74958
8907 41674 74959
8908 41674 74960
8909 43235 77435
8910 43235 77436
8911 43235 77437
8912 43235 77438
8913 43235 77439
8914 43235 77440
8915 41674 74967
8916 41674 74968
8917 41674 74969
8918 41674 74970
8919 43235 77445
8920 43235 77446
8921 43235 77447
8922 43235 77448
8923 43235 77449
8924 43235 77450
8925 41674 74977
8926 41674 74978
8927 41674 74979
8928 41674 74980
8929 43235 77455
8930 43235 77456
8931 41674 74983
8932 41674 74984
8933 43235 77459
8934 43235 77460
8935 43235 77461
8936 43235 77462
8937 43235 77463
8938 43235 77464
8939 43235 77465
8940 43235 77466
8941 43235 77467
8942 43235 77468
8943 43235 77469
8944 43235 77470
8945 43235 77471
8946 43235 77472
8947 43235 77473
8948 43235 77474
8949 43235 77475
8950 43235 77476
8951 43235 77477
8952 43235 77478
8953 43235 77479
8954 43235 77480
8955 43235 77481
8956 43235 77482
8957 43235 77483
8958 43235 77484
8959 43235 77485
8960 43235 77486
8961 43235 77487
8962 43235 77488
8963 43235 77489
8964 43235 77490
8965 43235 77491
8966 43235 77492
8967 43235 77493
8968 43235 77494
8969 43235 77495
8970 43235 77496
8971 43235 77497
8972 43235 77498
8973 43235 77499
8974 43235 77500
8975 43235 77501
8976 43235 77502
8977 43235 77503
8978 43235 77504
8979 43235 77505
8980 43235 77506
8981 43235 77507
8982 43235 77508
8983 43235 77509
8984 43235 77510
8985 43235 77511
8986 43235 77512
8987 43235 77513
8988 43235 77514
8989 43235 77515
8990 43235 77516
8991 43235 77517
8992 43235 77518
8993 43235 77519
8994 43235 77520
8995 43235 77521
8996 43235 77522
8997 43235 77523
8998 43235 77524
8999 43235 77525
9000 43235 77526
9001 43235 77527
9002 43235 77528
9003 43235 77529
9004 43235 77530
9005 43235 77531
9006 43235 77532
9007 43235 77533
9008 43235 77534
9009 43235 77535
9010 43235 77536
9011 43235 77537
9012 43235 77538
9013 43235 77539
9014 43235 77540
9015 43235 77541
9016 43235 77542
9017 43235 77543
9018 43235 77544
9019 43235 77545
9020 43235 77546
9021 43235 77547
9022 43235 77548
9023 43235 77549
9024 43235 77550
9025 43235 77551
9026 43235 77552
9027 43235 77553
9028 43235 77554
9029 43235 77555
9030 43235 77556
9031 43235 77557
9032 43235 77558
9033 43235 77559
9034 43235 77560
9035 43235 77561
9036 43235 77562
9037 43235 77563
9038 43235 77564
9039 43235 77565
9040 43235 77566
9041 43235 77567
9042 43235 77568
9043 43235 77569
9044 43235 77570
9045 43235 77571
9046 43235 77572
9047 43235 77573
9048 43235 77574
9049 43235 77575
9050 43235 77576
9051 43235 77577
9052 43235 77578
9053 43235 77579
9054 43235 77580
9055 43235 77581
9056 43235 77582
9057 43235 77583
9058 43235 77584
9059 43235 77585
9060 43235 77586
9061 43235 77587
9062 43235 77588
9063 43235 77589
9064 43235 77590
9065 43235 77591
9066 43235 77592
9067 43235 77593
9068 43235 77594
9069 43235 77595
9070 43235 77596
9071 43235 77597
9072 43235 77598
9073 43235 77599
9074 43235 77600
9075 43235 77601
9076 43235 77602
9077 43235 77603
9078 43235 77604
9079 43235 77605
9080 43235 77606
9081 43235 77607
9082 43235 77608
9083 43235 77609
9084 43235 77610
9085 43235 77611
9086 43235 77612
9087 43235 77613
9088 43235 77614
9089 43235 77615
9090 43235 77616
9091 43235 77617
9092 43235 77618
9093 43235 77619
9094 43235 77620
9095 43235 77621
9096 43235 77622
9097 43235 77623
9098 43235 77624
9099 43235 77625
9100 43235 77626
9101 43235 77627
9102 43235 77628
9103 43235 77629
9104 43235 77630
9105 43235 77631
9106 43235 77632
9107 43235 77633
9108 43235 77634
9109 43235 77635
9110 43235 77636
9111 43235 77637
9112 43235 77638
9113 43235 77639
9114 43235 77640
9115 43235 77641
9116 43235 77642
9117 43235 77643
9118 43235 77644
9119 43235 77645
9120 43235 77646
9121 43235 77647
9122 43235 77648
9123 43235 77649
9124 43235 77650
9125 43235 77651
9126 43235 77652
9127 43235 77653
9128 43235 77654
9129 43235 77655
9130 43235 77656
9131 43235 77657
9132 43235 77658
9133 43235 77659
9134 43235 77660
9135 43235 77661
9136 43235 77662
9137 43235 77663
9138 43235 77664
9139 43235 77665
9140 43235 77666
9141 43235 77667
9142 43235 77668
9143 43235 77669
9144 43235 77670
9145 43235 77671
9146 43235 77672
9147 43235 77673
9148 43235 77674
9149 43235 77675
9150 43235 77676
9151 43235 77677
9152 43235 77678
9153 43235 77679
9154 43235 77680
9155 43235 77681
9156 43235 77682
9157 43235 77683
9158 43235 77684
9159 43235 77685
9160 43235 77686
9161 43235 77687
9162 43235 77688
9163 43235 77689
9164 43235 77690
9165 43235 77691
9166 43235 77692
9167 43235 77693
9168 43235 77694
9169 43235 77695
9170 43235 77696
9171 43235 77697
9172 43235 77698
9173 43235 77699
9174 43235 77700
9175 43235 77701
9176 43235 77702
9177 43235 77703
9178 43235 77704
9179 43235 77705
9180 43235 77706
9181 44240 79300
9182 44240 79301
9183 44240 79302
9184 44240 79303
9185 43235 77711
9186 43235 77712
9187 43235 77713
9188 43235 77714
9189 44240 79308
9190 44240 79309
9191 44240 79310
9192 44240 79311
9193 43235 77719
9194 43235 77720
9195 43235 77721
9196 43235 77722
9197 44240 79316
9198 44240 79317
9199 43235 77725
9200 43235 77726
9201 44240 79320
9202 44240 79321
9203 43235 77729
9204 43235 77730
9205 44240 79324
9206 44240 79325
9207 44240 79326
9208 44240 79327
9209 44240 79328
9210 44240 79329
9211 44240 79330
9212 44240 79331
9213 44240 79332
9214 44240 79333
9215 44240 79334
9216 44240 79335
9217 44240 79336
9218 44240 79337
9219 44240 79338
9220 44240 79339
9221 44240 79340
9222 44240 79341
9223 44240 79342
9224 44240 79343
9225 44240 79344
9226 44240 79345
9227 44240 79346
9228 44240 79347
9229 44240 79348
9230 44240 79349
9231 44240 79350
9232 44240 79351
9233 44240 79352
9234 44240 79353
9235 44240 79354
9236 44240 79355
9237 44240 79356
9238 44240 79357
9239 44240 79358
9240 44240 79359
9241 44240 79360
9242 44240 79361
9243 44240 79362
9244 44240 79363
9245 44240 79364
9246 44240 79365
9247 44240 79366
9248 44240 79367
9249 44240 79368
9250 44240 79369
9251 44240 79370
9252 44240 79371
9253 44240 79372
9254 44240 79373
9255 44240 79374
9256 44240 79375
9257 44240 79376
9258 44240 79377
9259 44240 79378
9260 44240 79379
9261 44240 79380
9262 44240 79381
9263 44240 79382
9264 44240 79383
9265 44240 79384
9266 44240 79385
9267 44240 79386
9268 44240 79387
9269 44240 79388
9270 44240 79389
9271 44240 79390
9272 44240 79391
9273 44240 79392
9274 44240 79393
9275 44240 79394
9276 44240 79395
9277 44240 79396
9278 44240 79397
9279 44240 79398
9280 44240 79399
9281 44240 79400
9282 44240 79401
9283 44240 79402
9284 44240 79403
9285 44240 79404
9286 44240 79405
9287 44240 79406
9288 44240 79407
9289 44240 79408
9290 44240 79409
9291 44240 79410
9292 44240 79411
9293 44240 79412
9294 44240 79413
9295 44240 79414
9296 44240 79415
9297 44240 79416
9298 44240 79417
9299 44240 79418
9300 44240 79419
9301 44240 79420
9302 44240 79421
9303 44240 79422
9304 44240 79423
9305 44240 79424
9306 44240 79425
9307 44240 79426
9308 44240 79427
9309 44240 79428
9310 44240 79429
9311 44240 79430
9312 44240 79431
9313 44240 79432
9314 44240 79433
9315 44240 79434
9316 44240 79435
9317 46391 82845
9318 46391 82846
9319 46391 82847
9320 46391 82848
9321 46391 82849
9322 46391 82850
9323 46391 82851
9324 46391 82852
9325 46391 82853
9326 46391 82854
9327 46391 82855
9328 46391 82856
9329 46391 82857
9330 46391 82858
9331 46391 82859
9332 46391 82860
9333 46391 82861
9334 46391 82862
9335 46391 82863
9336 46391 82864
9337 46391 82865
9338 46391 82866
9339 46391 82867
9340 46391 82868
9341 46391 82869
9342 46391 82870
9343 46391 82871
9344 46391 82872
9345 46391 82873
9346 46391 82874
9347 46391 82875
9348 46391 82876
9349 46391 82877
9350 46391 82878
9351 46391 82879
9352 46391 82880
9353 44240 79472
9354 44240 79473
9355 46391 82883
9356 46391 82884
9357 44240 79476
9358 44240 79477
9359 44240 79478
9360 44240 79479
9361 44240 79480
9362 44240 79481
9363 44240 79482
9364 44240 79483
9365 44240 79484
9366 44240 79485
9367 44240 79486
9368 44240 79487
9369 46391 82897
9370 46391 82898
9371 44240 79490
9372 44240 79491
9373 44240 79492
9374 44240 79493
9375 44240 79494
9376 44240 79495
9377 44240 79496
9378 44240 79497
9379 46391 82907
9380 46391 82908
9381 46391 82909
9382 46391 82910
9383 46391 82911
9384 46391 82912
9385 44240 79504
9386 44240 79505
9387 44240 79506
9388 44240 79507
9389 44240 79508
9390 44240 79509
9391 44240 79510
9392 44240 79511
9393 44240 79512
9394 44240 79513
9395 44240 79514
9396 44240 79515
9397 44240 79516
9398 44240 79517
9399 44240 79518
9400 44240 79519
9401 44240 79520
9402 44240 79521
9403 44240 79522
9404 44240 79523
9405 44240 79524
9406 44240 79525
9407 44240 79526
9408 44240 79527
9409 44240 79528
9410 44240 79529
9411 46391 82939
9412 46391 82940
9413 44240 79532
9414 44240 79533
9415 44240 79534
9416 44240 79535
9417 44240 79536
9418 44240 79537
9419 44240 79538
9420 44240 79539
9421 44240 79540
9422 44240 79541
9423 44240 79542
9424 44240 79543
9425 46391 82953
9426 46391 82954
9427 44240 79546
9428 44240 79547
9429 44240 79548
9430 44240 79549
9431 46391 82959
9432 46391 82960
9433 44240 79552
9434 44240 79553
9435 46391 82963
9436 46391 82964
9437 46391 82965
9438 46391 82966
9439 46391 82967
9440 46391 82968
9441 46391 82969
9442 46391 82970
9443 46391 82971
9444 46391 82972
9445 46391 82973
9446 46391 82974
9447 46391 82975
9448 46391 82976
9449 46391 82977
9450 46391 82978
9451 46391 82979
9452 46391 82980
9453 46391 82981
9454 46391 82982
9455 46391 82983
9456 46391 82984
9457 46391 82985
9458 46391 82986
9459 46391 82987
9460 46391 82988
9461 46391 82989
9462 46391 82990
9463 46391 82991
9464 46391 82992
9465 46391 82993
9466 46391 82994
9467 46391 82995
9468 46391 82996
9469 46391 82997
9470 46391 82998
9471 46391 82999
9472 46391 83000
9473 46391 83001
9474 46391 83002
9475 46391 83003
9476 46391 83004
9477 46391 83005
9478 46391 83006
9479 46391 83007
9480 46391 83008
9481 46391 83009
9482 46391 83010
9483 46391 83011
9484 46391 83012
9485 46391 83013
9486 46391 83014
9487 46391 83015
9488 46391 83016
9489 46391 83017
9490 46391 83018
9491 46391 83019
9492 46391 83020
9493 46391 83021
9494 46391 83022
9495 46391 83023
9496 46391 83024
9497 46391 83025
9498 46391 83026
9499 46391 83027
9500 46391 83028
9501 46391 83029
9502 46391 83030
9503 46391 83031
9504 46391 83032
9505 46391 83033
9506 46391 83034
9507 46391 83035
9508 46391 83036
9509 46391 83037
9510 46391 83038
9511 46391 83039
9512 46391 83040
9513 46391 83041
9514 46391 83042
9515 46391 83043
9516 46391 83044
9517 46391 83045
9518 46391 83046
9519 46391 83047
9520 46391 83048
9521 46391 83049
9522 46391 83050
9523 46391 83051
9524 46391 83052
9525 46391 83053
9526 46391 83054
9527 46391 83055
9528 46391 83056
9529 46391 83057
9530 46391 83058
9531 46391 83059
9532 46391 83060
9533 45136 81072
9534 45136 81073
9535 46391 83063
9536 46391 83064
9537 46391 83065
9538 46391 83066
9539 46391 83067
9540 46391 83068
9541 45136 81080
9542 45136 81081
9543 46391 83071
9544 46391 83072
9545 46391 83073
9546 46391 83074
9547 46391 83075
9548 46391 83076
9549 45136 81088
9550 45136 81089
9551 45136 81090
9552 45136 81091
9553 46391 83081
9554 46391 83082
9555 46391 83083
9556 46391 83084
9557 46391 83085
9558 46391 83086
9559 45136 81098
9560 45136 81099
9561 46391 83089
9562 46391 83090
9563 46391 83091
9564 46391 83092
9565 45136 81104
9566 45136 81105
9567 45136 81106
9568 45136 81107
9569 45136 81108
9570 45136 81109
9571 45136 81110
9572 45136 81111
9573 45136 81112
9574 45136 81113
9575 45136 81114
9576 45136 81115
9577 45136 81116
9578 45136 81117
9579 45136 81118
9580 45136 81119
9581 45136 81120
9582 45136 81121
9583 45136 81122
9584 45136 81123
9585 45136 81124
9586 45136 81125
9587 45136 81126
9588 45136 81127
9589 45136 81128
9590 45136 81129
9591 45136 81130
9592 45136 81131
9593 45136 81132
9594 45136 81133
9595 45136 81134
9596 45136 81135
9597 45136 81136
9598 45136 81137
9599 45136 81138
9600 45136 81139
9601 45136 81140
9602 45136 81141
9603 45136 81142
9604 45136 81143
9605 46391 83133
9606 46391 83134
9607 46391 83135
9608 46391 83136
9609 46391 83137
9610 46391 83138
9611 46391 83139
9612 46391 83140
9613 46391 83141
9614 46391 83142
9615 45136 81154
9616 45136 81155
9617 46391 83145
9618 46391 83146
9619 45136 81158
9620 45136 81159
9621 46391 83149
9622 46391 83150
9623 46391 83151
9624 46391 83152
9625 46391 83153
9626 46391 83154
9627 46391 83155
9628 46391 83156
9629 46391 83157
9630 46391 83158
9631 46391 83159
9632 46391 83160
9633 45136 81172
9634 45136 81173
9635 46391 83163
9636 46391 83164
9637 46391 83165
9638 46391 83166
9639 46391 83167
9640 46391 83168
9641 45136 81180
9642 45136 81181
9643 46391 83171
9644 46391 83172
9645 46391 83173
9646 46391 83174
9647 46391 83175
9648 46391 83176
9649 46391 83177
9650 46391 83178
9651 46391 83179
9652 46391 83180
9653 46391 83181
9654 46391 83182
9655 46391 83183
9656 46391 83184
9657 46391 83185
9658 46391 83186
9659 46391 83187
9660 46391 83188
9661 46391 83189
9662 46391 83190
9663 46391 83191
9664 46391 83192
9665 46391 83193
9666 46391 83194
9667 46391 83195
9668 46391 83196
9669 46391 83197
9670 46391 83198
9671 46391 83199
9672 46391 83200
9673 46391 83201
9674 46391 83202
9675 46391 83203
9676 46391 83204
9677 46391 83205
9678 46391 83206
9679 46391 83207
9680 46391 83208
9681 46391 83209
9682 46391 83210
9683 46391 83211
9684 46391 83212
9685 46391 83213
9686 46391 83214
9687 46391 83215
9688 46391 83216
9689 46391 83217
9690 46391 83218
9691 46391 83219
9692 46391 83220
9693 46391 83221
9694 46391 83222
9695 46391 83223
9696 46391 83224
9697 46391 83225
9698 46391 83226
9699 46391 83227
9700 46391 83228
9701 46391 83229
9702 46391 83230
9703 46391 83231
9704 46391 83232
9705 46391 83233
9706 46391 83234
9707 46391 83235
9708 46391 83236
9709 46391 83237
9710 46391 83238
9711 46391 83239
9712 46391 83240
9713 46391 83241
9714 46391 83242
9715 46391 83243
9716 46391 83244
9717 46391 83245
9718 46391 83246
9719 46391 83247
9720 46391 83248
9721 46391 83249
9722 46391 83250
9723 46391 83251
9724 46391 83252
9725 46391 83253
9726 46391 83254
9727 46391 83255
9728 46391 83256
9729 46391 83257
9730 46391 83258
9731 46391 83259
9732 46391 83260
9733 46391 83261
9734 46391 83262
9735 46391 83263
9736 46391 83264
9737 46391 83265
9738 46391 83266
9739 46391 83267
9740 46391 83268
9741 46391 83269
9742 46391 83270
9743 46391 83271
9744 46391 83272
9745 46391 83273
9746 46391 83274
9747 46391 83275
9748 46391 83276
9749 46391 83277
9750 46391 83278
9751 46391 83279
9752 46391 83280
9753 46391 83281
9754 46391 83282
9755 46391 83283
9756 46391 83284
9757 46391 83285
9758 46391 83286
9759 46391 83287
9760 46391 83288
9761 46391 83289
9762 46391 83290
9763 46391 83291
9764 46391 83292
9765 46391 83293
9766 46391 83294
9767 46391 83295
9768 46391 83296
9769 46391 83297
9770 46391 83298
9771 46391 83299
9772 46391 83300
9773 46391 83301
9774 46391 83302
9775 46391 83303
9776 46391 83304
9777 46391 83305
9778 46391 83306
9779 46391 83307
9780 46391 83308
9781 46391 83309
9782 46391 83310
9783 46391 83311
9784 46391 83312
9785 46391 83313
9786 46391 83314
9787 46391 83315
9788 46391 83316
9789 46391 83317
9790 46391 83318
9791 46391 83319
9792 46391 83320
9793 46391 83321
9794 46391 83322
9795 47165 84550
9796 47165 84551
9797 47165 84552
9798 47165 84553
9799 46391 83327
9800 46391 83328
9801 47165 84556
9802 47165 84557
9803 47165 84558
9804 47165 84559
9805 47165 84560
9806 47165 84561
9807 47165 84562
9808 47165 84563
9809 47165 84564
9810 47165 84565
9811 47165 84566
9812 47165 84567
9813 47165 84568
9814 47165 84569
9815 47165 84570
9816 47165 84571
9817 47165 84572
9818 47165 84573
9819 47165 84574
9820 47165 84575
9821 47165 84576
9822 47165 84577
9823 47165 84578
9824 47165 84579
9825 47165 84580
9826 47165 84581
9827 47165 84582
9828 47165 84583
9829 47165 84584
9830 47165 84585
9831 47165 84586
9832 47165 84587
9833 47165 84588
9834 47165 84589
9835 48126 86113
9836 48126 86114
9837 48126 86115
9838 48126 86116
9839 48126 86117
9840 48126 86118
9841 47165 84596
9842 47165 84597
9843 48126 86121
9844 48126 86122
9845 47165 84600
9846 47165 84601
9847 47165 84602
9848 47165 84603
9849 47165 84604
9850 47165 84605
9851 47165 84606
9852 47165 84607
9853 47165 84608
9854 47165 84609
9855 47165 84610
9856 47165 84611
9857 47165 84612
9858 47165 84613
9859 47165 84614
9860 47165 84615
9861 47165 84616
9862 47165 84617
9863 47165 84618
9864 47165 84619
9865 47165 84620
9866 47165 84621
9867 47165 84622
9868 47165 84623
9869 47165 84624
9870 47165 84625
9871 47165 84626
9872 47165 84627
9873 47165 84628
9874 47165 84629
9875 47165 84630
9876 47165 84631
9877 48126 86155
9878 48126 86156
9879 47165 84634
9880 47165 84635
9881 48126 86159
9882 48126 86160
9883 48126 86161
9884 48126 86162
9885 48126 86163
9886 48126 86164
9887 48126 86165
9888 48126 86166
9889 48126 86167
9890 48126 86168
9891 48126 86169
9892 48126 86170
9893 48126 86171
9894 48126 86172
9895 48126 86173
9896 48126 86174
9897 48126 86175
9898 48126 86176
9899 48126 86177
9900 48126 86178
9901 48126 86179
9902 48126 86180
9903 48126 86181
9904 48126 86182
9905 48126 86183
9906 48126 86184
9907 48126 86185
9908 48126 86186
9909 48126 86187
9910 48126 86188
9911 48126 86189
9912 48126 86190
9913 48126 86191
9914 48126 86192
9915 48126 86193
9916 48126 86194
9917 48126 86195
9918 48126 86196
9919 48126 86197
9920 48126 86198
9921 48126 86199
9922 48126 86200
9923 48126 86201
9924 48126 86202
9925 48126 86203
9926 48126 86204
9927 48126 86205
9928 48126 86206
9929 48126 86207
9930 48126 86208
9931 48126 86209
9932 48126 86210
9933 48126 86211
9934 48126 86212
9935 48126 86213
9936 48126 86214
9937 48126 86215
9938 48126 86216
9939 48126 86217
9940 48126 86218
9941 48126 86219
9942 48126 86220
9943 48126 86221
9944 48126 86222
9945 48126 86223
9946 48126 86224
9947 48126 86225
9948 48126 86226
9949 48126 86227
9950 48126 86228
9951 48126 86229
9952 48126 86230
9953 48126 86231
9954 48126 86232
9955 48126 86233
9956 48126 86234
9957 48126 86235
9958 48126 86236
9959 48126 86237
9960 48126 86238
9961 48126 86239
9962 48126 86240
9963 48126 86241
9964 48126 86242
9965 48126 86243
9966 48126 86244
9967 48126 86245
9968 48126 86246
9969 48126 86247
9970 48126 86248
9971 48126 86249
9972 48126 86250
9973 48126 86251
9974 48126 86252
9975 48126 86253
9976 48126 86254
9977 48126 86255
9978 48126 86256
9979 48126 86257
9980 48126 86258
9981 48126 86259
9982 48126 86260
9983 48126 86261
9984 48126 86262
9985 48126 86263
9986 48126 86264
9987 48126 86265
9988 48126 86266
9989 48126 86267
9990 48126 86268
9991 48126 86269
9992 48126 86270
9993 48126 86271
9994 48126 86272
9995 48126 86273
9996 48126 86274
9997 48126 86275
9998 48126 86276
9999 48126 86277
10000 48126 86278
10001 48126 86279
10002 48126 86280
10003 48126 86281
10004 48126 86282
10005 48126 86283
10006 48126 86284
10007 48126 86285
10008 48126 86286
10009 48126 86287
10010 48126 86288
10011 48126 86289
10012 48126 86290
10013 48126 86291
10014 48126 86292
10015 48126 86293
10016 48126 86294
10017 48126 86295
10018 48126 86296
10019 48126 86297
10020 48126 86298
10021 48126 86299
10022 48126 86300
10023 48126 86301
10024 48126 86302
10025 48126 86303
10026 48126 86304
10027 48126 86305
10028 48126 86306
10029 49295 88160
10030 49295 88161
10031 49295 88162
10032 49295 88163
10033 48126 86311
10034 48126 86312
10035 49295 88166
10036 49295 88167
10037 49295 88168
10038 49295 88169
10039 49295 88170
10040 49295 88171
10041 49295 88172
10042 49295 88173
10043 48126 86321
10044 48126 86322
10045 48126 86323
10046 48126 86324
10047 48126 86325
10048 48126 86326
10049 48126 86327
10050 48126 86328
10051 48126 86329
10052 48126 86330
10053 48126 86331
10054 48126 86332
10055 48126 86333
10056 48126 86334
10057 48126 86335
10058 48126 86336
10059 49295 88190
10060 49295 88191
10061 49295 88192
10062 49295 88193
10063 49295 88194
10064 49295 88195
10065 48126 86343
10066 48126 86344
10067 48126 86345
10068 48126 86346
10069 48126 86347
10070 48126 86348
10071 48126 86349
10072 48126 86350
10073 48126 86351
10074 48126 86352
10075 48126 86353
10076 48126 86354
10077 49295 88208
10078 49295 88209
10079 49295 88210
10080 49295 88211
10081 49295 88212
10082 49295 88213
10083 49295 88214
10084 49295 88215
10085 48126 86363
10086 48126 86364
10087 49295 88218
10088 49295 88219
10089 49295 88220
10090 49295 88221
10091 48126 86369
10092 48126 86370
10093 49295 88224
10094 49295 88225
10095 49295 88226
10096 49295 88227
10097 48126 86375
10098 48126 86376
10099 48126 86377
10100 48126 86378
10101 49295 88232
10102 49295 88233
10103 48126 86381
10104 48126 86382
10105 49295 88236
10106 49295 88237
10107 49295 88238
10108 49295 88239
10109 49295 88240
10110 49295 88241
10111 49295 88242
10112 49295 88243
10113 49295 88244
10114 49295 88245
10115 49295 88246
10116 49295 88247
10117 49295 88248
10118 49295 88249
10119 49295 88250
10120 49295 88251
10121 49295 88252
10122 49295 88253
10123 49295 88254
10124 49295 88255
10125 49295 88256
10126 49295 88257
10127 49295 88258
10128 49295 88259
10129 49295 88260
10130 49295 88261
10131 49295 88262
10132 49295 88263
10133 49295 88264
10134 49295 88265
10135 49295 88266
10136 49295 88267
10137 49295 88268
10138 49295 88269
10139 49295 88270
10140 49295 88271
10141 49295 88272
10142 49295 88273
10143 49295 88274
10144 49295 88275
10145 49295 88276
10146 49295 88277
10147 49295 88278
10148 49295 88279
10149 49295 88280
10150 49295 88281
10151 49295 88282
10152 49295 88283
10153 49295 88284
10154 49295 88285
10155 49295 88286
10156 49295 88287
10157 49295 88288
10158 49295 88289
10159 49295 88290
10160 49295 88291
10161 49295 88292
10162 49295 88293
10163 49295 88294
10164 49295 88295
10165 49295 88296
10166 49295 88297
10167 49295 88298
10168 49295 88299
10169 49295 88300
10170 49295 88301
10171 49295 88302
10172 49295 88303
10173 49295 88304
10174 49295 88305
10175 49295 88306
10176 49295 88307
10177 49295 88308
10178 49295 88309
10179 49295 88310
10180 49295 88311
10181 49295 88312
10182 49295 88313
10183 49295 88314
10184 49295 88315
10185 49295 88316
10186 49295 88317
10187 49295 88318
10188 49295 88319
10189 49295 88320
10190 49295 88321
10191 49295 88322
10192 49295 88323
10193 49295 88324
10194 49295 88325
10195 49295 88326
10196 49295 88327
10197 49295 88328
10198 49295 88329
10199 49295 88330
10200 49295 88331
10201 49295 88332
10202 49295 88333
10203 49295 88334
10204 49295 88335
10205 49295 88336
10206 49295 88337
10207 49295 88338
10208 49295 88339
10209 49295 88340
10210 49295 88341
10211 49295 88342
10212 49295 88343
10213 49295 88344
10214 49295 88345
10215 49295 88346
10216 49295 88347
10217 49295 88348
10218 49295 88349
10219 49295 88350
10220 49295 88351
10221 49295 88352
10222 49295 88353
10223 49295 88354
10224 49295 88355
10225 49295 88356
10226 49295 88357
10227 49295 88358
10228 49295 88359
10229 49295 88360
10230 49295 88361
10231 49295 88362
10232 49295 88363
10233 49295 88364
10234 49295 88365
10235 49295 88366
10236 49295 88367
10237 49295 88368
10238 49295 88369
10239 49295 88370
10240 49295 88371
10241 49295 88372
10242 49295 88373
10243 49295 88374
10244 49295 88375
10245 49295 88376
10246 49295 88377
10247 49295 88378
10248 49295 88379
10249 49295 88380
10250 49295 88381
10251 49295 88382
10252 49295 88383
10253 49295 88384
10254 49295 88385
10255 49295 88386
10256 49295 88387
10257 49295 88388
10258 49295 88389
10259 49295 88390
10260 49295 88391
10261 49295 88392
10262 49295 88393
10263 49295 88394
10264 49295 88395
10265 49295 88396
10266 49295 88397
10267 49295 88398
10268 49295 88399
10269 49295 88400
10270 49295 88401
10271 49295 88402
10272 49295 88403
10273 49295 88404
10274 49295 88405
10275 49295 88406
10276 49295 88407
10277 49295 88408
10278 49295 88409
10279 49295 88410
10280 49295 88411
10281 49295 88412
10282 49295 88413
10283 49295 88414
10284 49295 88415
10285 49295 88416
10286 49295 88417
10287 49295 88418
10288 49295 88419
10289 49295 88420
10290 49295 88421
10291 49295 88422
10292 49295 88423
10293 49295 88424
10294 49295 88425
10295 49295 88426
10296 49295 88427
10297 49295 88428
10298 49295 88429
10299 49295 88430
10300 49295 88431
10301 49295 88432
10302 49295 88433
10303 49295 88434
10304 49295 88435
10305 49295 88436
10306 49295 88437
10307 49295 88438
10308 49295 88439
10309 49295 88440
10310 49295 88441
10311 49295 88442
10312 49295 88443
10313 49295 88444
10314 49295 88445
10315 49295 88446
10316 49295 88447
10317 49295 88448
10318 49295 88449
10319 49295 88450
10320 49295 88451
10321 49295 88452
10322 49295 88453
10323 49295 88454
10324 49295 88455
10325 49295 88456
10326 49295 88457
10327 49295 88458
10328 49295 88459
10329 49295 88460
10330 49295 88461
10331 49295 88462
10332 49295 88463
10333 49295 88464
10334 49295 88465
10335 49295 88466
10336 49295 88467
10337 49295 88468
10338 49295 88469
10339 49295 88470
10340 49295 88471
10341 49295 88472
10342 49295 88473
10343 49295 88474
10344 49295 88475
10345 49295 88476
10346 49295 88477
10347 49295 88478
10348 49295 88479
10349 49295 88480
10350 49295 88481
10351 49295 88482
10352 49295 88483
10353 49295 88484
10354 49295 88485
10355 49295 88486
10356 49295 88487
10357 49295 88488
10358 49295 88489
10359 49295 88490
10360 49295 88491
10361 49295 88492
10362 49295 88493
10363 49295 88494
10364 49295 88495
10365 49295 88496
10366 49295 88497
10367 51820 92500
10368 51820 92501
10369 49295 88500
10370 49295 88501
10371 49295 88502
10372 49295 88503
10373 49295 88504
10374 49295 88505
10375 49295 88506
10376 49295 88507
10377 49295 88508
10378 49295 88509
10379 51820 92512
10380 51820 92513
10381 51820 92514
10382 51820 92515
10383 49295 88514
10384 49295 88515
10385 51820 92518
10386 51820 92519
10387 51820 92520
10388 51820 92521
10389 51820 92522
10390 51820 92523
10391 51820 92524
10392 51820 92525
10393 49295 88524
10394 49295 88525
10395 49295 88526
10396 49295 88527
10397 49295 88528
10398 49295 88529
10399 49295 88530
10400 49295 88531
10401 51820 92534
10402 51820 92535
10403 49295 88534
10404 49295 88535
10405 49295 88536
10406 49295 88537
10407 49295 88538
10408 49295 88539
10409 51820 92542
10410 51820 92543
10411 51820 92544
10412 51820 92545
10413 51820 92546
10414 51820 92547
10415 51820 92548
10416 51820 92549
10417 50543 90526
10418 50543 90527
10419 51820 92552
10420 51820 92553
10421 50543 90530
10422 50543 90531
10423 51820 92556
10424 51820 92557
10425 51820 92558
10426 51820 92559
10427 51820 92560
10428 51820 92561
10429 50543 90538
10430 50543 90539
10431 51820 92564
10432 51820 92565
10433 50543 90542
10434 50543 90543
10435 50543 90544
10436 50543 90545
10437 50543 90546
10438 50543 90547
10439 50543 90548
10440 50543 90549
10441 50543 90550
10442 50543 90551
10443 50543 90552
10444 50543 90553
10445 50543 90554
10446 50543 90555
10447 50543 90556
10448 50543 90557
10449 50543 90558
10450 50543 90559
10451 50543 90560
10452 50543 90561
10453 50543 90562
10454 50543 90563
10455 50543 90564
10456 50543 90565
10457 50543 90566
10458 50543 90567
10459 50543 90568
10460 50543 90569
10461 50543 90570
10462 50543 90571
10463 50543 90572
10464 50543 90573
10465 50543 90574
10466 50543 90575
10467 50543 90576
10468 50543 90577
10469 50543 90578
10470 50543 90579
10471 50543 90580
10472 50543 90581
10473 50543 90582
10474 50543 90583
10475 50543 90584
10476 50543 90585
10477 50543 90586
10478 50543 90587
10479 50543 90588
10480 50543 90589
10481 50543 90590
10482 50543 90591
10483 50543 90592
10484 50543 90593
10485 50543 90594
10486 50543 90595
10487 50543 90596
10488 50543 90597
10489 50543 90598
10490 50543 90599
10491 50543 90600
10492 50543 90601
10493 50543 90602
10494 50543 90603
10495 50543 90604
10496 50543 90605
10497 50543 90606
10498 50543 90607
10499 50543 90608
10500 50543 90609
10501 50543 90610
10502 50543 90611
10503 50543 90612
10504 50543 90613
10505 50543 90614
10506 50543 90615
10507 50543 90616
10508 50543 90617
10509 50543 90618
10510 50543 90619
10511 50543 90620
10512 50543 90621
10513 50543 90622
10514 50543 90623
10515 50543 90624
10516 50543 90625
10517 50543 90626
10518 50543 90627
10519 50543 90628
10520 50543 90629
10521 50543 90630
10522 50543 90631
10523 50543 90632
10524 50543 90633
10525 50543 90634
10526 50543 90635
10527 50543 90636
10528 50543 90637
10529 50543 90638
10530 50543 90639
10531 50543 90640
10532 50543 90641
10533 50543 90642
10534 50543 90643
10535 50543 90644
10536 50543 90645
10537 50543 90646
10538 50543 90647
10539 50543 90648
10540 50543 90649
10541 50543 90650
10542 50543 90651
10543 50543 90652
10544 50543 90653
10545 50543 90654
10546 50543 90655
10547 50543 90656
10548 50543 90657
10549 50543 90658
10550 50543 90659
10551 50543 90660
10552 50543 90661
10553 50543 90662
10554 50543 90663
10555 50543 90664
10556 50543 90665
10557 50543 90666
10558 50543 90667
10559 50543 90668
10560 50543 90669
10561 50543 90670
10562 50543 90671
10563 50543 90672
10564 50543 90673
10565 50543 90674
10566 50543 90675
10567 50543 90676
10568 50543 90677
10569 50543 90678
10570 50543 90679
10571 50543 90680
10572 50543 90681
10573 50543 90682
10574 50543 90683
10575 50543 90684
10576 50543 90685
10577 50543 90686
10578 50543 90687
10579 50543 90688
10580 50543 90689
10581 50543 90690
10582 50543 90691
10583 50543 90692
10584 50543 90693
10585 50543 90694
10586 50543 90695
10587 50543 90696
10588 50543 90697
10589 50543 90698
10590 50543 90699
10591 50543 90700
10592 50543 90701
10593 50543 90702
10594 50543 90703
10595 50543 90704
10596 50543 90705
10597 50543 90706
10598 50543 90707
10599 50543 90708
10600 50543 90709
10601 50543 90710
10602 50543 90711
10603 50543 90712
10604 50543 90713
10605 50543 90714
10606 50543 90715
10607 50543 90716
10608 50543 90717
10609 50543 90718
10610 50543 90719
10611 50543 90720
10612 50543 90721
10613 50543 90722
10614 50543 90723
10615 50543 90724
10616 50543 90725
10617 50543 90726
10618 50543 90727
10619 50543 90728
10620 50543 90729
10621 50543 90730
10622 50543 90731
10623 50543 90732
10624 50543 90733
10625 50543 90734
10626 50543 90735
10627 50543 90736
10628 50543 90737
10629 50543 90738
10630 50543 90739
10631 51820 92764
10632 51820 92765
10633 50543 90742
10634 50543 90743
10635 50543 90744
10636 50543 90745
10637 50543 90746
10638 50543 90747
10639 51820 92772
10640 51820 92773
10641 50543 90750
10642 50543 90751
10643 51820 92776
10644 51820 92777
10645 50543 90754
10646 50543 90755
10647 50543 90756
10648 50543 90757
10649 50543 90758
10650 50543 90759
10651 51820 92784
10652 51820 92785
10653 51820 92786
10654 51820 92787
10655 51820 92788
10656 51820 92789
10657 51820 92790
10658 51820 92791
10659 51820 92792
10660 51820 92793
10661 51820 92794
10662 51820 92795
10663 51820 92796
10664 51820 92797
10665 51820 92798
10666 51820 92799
10667 51820 92800
10668 51820 92801
10669 51820 92802
10670 51820 92803
10671 51820 92804
10672 51820 92805
10673 51820 92806
10674 51820 92807
10675 51820 92808
10676 51820 92809
10677 51820 92810
10678 51820 92811
10679 51820 92812
10680 51820 92813
10681 51820 92814
10682 51820 92815
10683 51820 92816
10684 51820 92817
10685 51820 92818
10686 51820 92819
10687 51820 92820
10688 51820 92821
10689 51820 92822
10690 51820 92823
10691 51820 92824
10692 51820 92825
10693 51820 92826
10694 51820 92827
10695 51820 92828
10696 51820 92829
10697 51820 92830
10698 51820 92831
10699 51820 92832
10700 51820 92833
10701 51820 92834
10702 51820 92835
10703 51820 92836
10704 51820 92837
10705 51820 92838
10706 51820 92839
10707 51820 92840
10708 51820 92841
10709 51820 92842
10710 51820 92843
10711 51820 92844
10712 51820 92845
10713 51820 92846
10714 51820 92847
10715 51820 92848
10716 51820 92849
10717 51820 92850
10718 51820 92851
10719 51820 92852
10720 51820 92853
10721 51820 92854
10722 51820 92855
10723 51820 92856
10724 51820 92857
10725 51820 92858
10726 51820 92859
10727 51820 92860
10728 51820 92861
10729 51820 92862
10730 51820 92863
10731 51820 92864
10732 51820 92865
10733 51820 92866
10734 51820 92867
10735 51820 92868
10736 51820 92869
10737 51820 92870
10738 51820 92871
10739 51820 92872
10740 51820 92873
10741 51820 92874
10742 51820 92875
10743 51820 92876
10744 51820 92877
10745 51820 92878
10746 51820 92879
10747 51820 92880
10748 51820 92881
10749 51820 92882
10750 51820 92883
10751 51820 92884
10752 51820 92885
10753 51820 92886
10754 51820 92887
10755 51820 92888
10756 51820 92889
10757 51820 92890
10758 51820 92891
10759 51820 92892
10760 51820 92893
10761 51820 92894
10762 51820 92895
10763 51820 92896
10764 51820 92897
10765 51820 92898
10766 51820 92899
10767 51820 92900
10768 51820 92901
10769 51820 92902
10770 51820 92903
10771 51820 92904
10772 51820 92905
10773 51820 92906
10774 51820 92907
10775 51820 92908
10776 51820 92909
10777 51820 92910
10778 51820 92911
10779 51820 92912
10780 51820 92913
10781 51820 92914
10782 51820 92915
10783 51820 92916
10784 51820 92917
10785 51820 92918
10786 51820 92919
10787 51820 92920
10788 51820 92921
10789 51820 92922
10790 51820 92923
10791 51820 92924
10792 51820 92925
10793 51820 92926
10794 51820 92927
10795 51820 92928
10796 51820 92929
10797 51820 92930
10798 51820 92931
10799 51820 92932
10800 51820 92933
10801 51820 92934
10802 51820 92935
10803 51820 92936
10804 51820 92937
10805 51820 92938
10806 51820 92939
10807 51820 92940
10808 51820 92941
10809 51820 92942
10810 51820 92943
10811 51820 92944
10812 51820 92945
10813 51820 92946
10814 51820 92947
10815 51820 92948
10816 51820 92949
10817 51820 92950
10818 51820 92951
10819 51820 92952
10820 51820 92953
10821 51820 92954
10822 51820 92955
10823 51820 92956
10824 51820 92957
10825 51820 92958
10826 51820 92959
10827 51820 92960
10828 51820 92961
10829 51820 92962
10830 51820 92963
10831 51820 92964
10832 51820 92965
10833 51820 92966
10834 51820 92967
10835 51820 92968
10836 51820 92969
10837 51820 92970
10838 51820 92971
10839 51820 92972
10840 51820 92973
10841 51820 92974
10842 51820 92975
10843 51820 92976
10844 51820 92977
10845 51820 92978
10846 51820 92979
10847 51820 92980
10848 51820 92981
10849 51820 92982
10850 51820 92983
10851 51820 92984
10852 51820 92985
10853 51820 92986
10854 51820 92987
10855 51820 92988
10856 51820 92989
10857 51820 92990
10858 51820 92991
10859 51820 92992
10860 51820 92993
10861 51820 92994
10862 51820 92995
10863 51820 92996
10864 51820 92997
10865 51820 92998
10866 51820 92999
10867 51820 93000
10868 51820 93001
10869 51820 93002
10870 51820 93003
10871 51820 93004
10872 51820 93005
10873 51820 93006
10874 51820 93007
10875 51820 93008
10876 51820 93009
10877 51820 93010
10878 51820 93011
10879 51820 93012
10880 51820 93013
10881 51820 93014
10882 51820 93015
10883 51820 93016
10884 51820 93017
10885 51820 93018
10886 51820 93019
10887 51820 93020
10888 51820 93021
10889 51820 93022
10890 51820 93023
10891 51820 93024
10892 51820 93025
10893 51820 93026
10894 51820 93027
10895 51820 93028
10896 51820 93029
10897 51820 93030
10898 51820 93031
10899 51820 93032
10900 51820 93033
10901 51820 93034
10902 51820 93035
10903 51820 93036
10904 51820 93037
10905 51820 93038
10906 51820 93039
10907 51820 93040
10908 51820 93041
10909 51820 93042
10910 51820 93043
10911 51820 93044
10912 51820 93045
10913 51820 93046
10914 51820 93047
10915 51820 93048
10916 51820 93049
10917 51820 93050
10918 51820 93051
10919 51820 93052
10920 51820 93053
10921 51820 93054
10922 51820 93055
10923 51820 93056
10924 51820 93057
10925 51820 93058
10926 51820 93059
10927 51820 93060
10928 51820 93061
10929 51820 93062
10930 51820 93063
10931 51820 93064
10932 51820 93065
10933 51820 93066
10934 51820 93067
10935 51820 93068
10936 51820 93069
10937 51820 93070
10938 51820 93071
10939 51820 93072
10940 51820 93073
10941 51820 93074
10942 51820 93075
10943 51820 93076
10944 51820 93077
10945 51820 93078
10946 51820 93079
10947 51820 93080
10948 51820 93081
10949 51820 93082
10950 51820 93083
10951 51820 93084
10952 51820 93085
10953 51820 93086
10954 51820 93087
10955 51820 93088
10956 51820 93089
10957 51820 93090
10958 51820 93091
10959 51820 93092
10960 51820 93093
10961 51820 93094
10962 51820 93095
10963 51820 93096
10964 51820 93097
10965 51820 93098
10966 51820 93099
10967 51820 93100
10968 51820 93101
10969 53073 95088
10970 53073 95089
10971 51820 93104
10972 51820 93105
10973 53073 95092
10974 53073 95093
10975 53073 95094
10976 53073 95095
10977 53073 95096
10978 53073 95097
10979 53073 95098
10980 53073 95099
10981 53073 95100
10982 53073 95101
10983 53073 95102
10984 53073 95103
10985 53073 95104
10986 53073 95105
10987 53073 95106
10988 53073 95107
10989 53073 95108
10990 53073 95109
10991 53073 95110
10992 53073 95111
10993 53073 95112
10994 53073 95113
10995 53073 95114
10996 53073 95115
10997 53073 95116
10998 53073 95117
10999 53073 95118
11000 53073 95119
11001 53073 95120
11002 53073 95121
11003 53073 95122
11004 53073 95123
11005 53073 95124
11006 53073 95125
11007 53073 95126
11008 53073 95127
11009 53073 95128
11010 53073 95129
11011 53073 95130
11012 53073 95131
11013 53073 95132
11014 53073 95133
11015 53073 95134
11016 53073 95135
11017 53073 95136
11018 53073 95137
11019 53073 95138
11020 53073 95139
11021 53073 95140
11022 53073 95141
11023 53073 95142
11024 53073 95143
11025 53073 95144
11026 53073 95145
11027 53073 95146
11028 53073 95147
11029 53073 95148
11030 53073 95149
11031 53073 95150
11032 53073 95151
11033 53073 95152
11034 53073 95153
11035 53073 95154
11036 53073 95155
11037 53073 95156
11038 53073 95157
11039 53073 95158
11040 53073 95159
11041 53073 95160
11042 53073 95161
11043 53073 95162
11044 53073 95163
11045 53073 95164
11046 53073 95165
11047 53073 95166
11048 53073 95167
11049 53073 95168
11050 53073 95169
11051 53073 95170
11052 53073 95171
11053 53073 95172
11054 53073 95173
11055 53073 95174
11056 53073 95175
11057 53073 95176
11058 53073 95177
11059 53073 95178
11060 53073 95179
11061 53073 95180
11062 53073 95181
11063 53073 95182
11064 53073 95183
11065 53073 95184
11066 53073 95185
11067 53073 95186
11068 53073 95187
11069 53073 95188
11070 53073 95189
11071 53073 95190
11072 53073 95191
11073 53073 95192
11074 53073 95193
11075 53073 95194
11076 53073 95195
11077 53073 95196
11078 53073 95197
11079 53073 95198
11080 53073 95199
11081 53073 95200
11082 53073 95201
11083 53073 95202
11084 53073 95203
11085 53073 95204
11086 53073 95205
11087 53073 95206
11088 53073 95207
11089 53073 95208
11090 53073 95209
11091 53073 95210
11092 53073 95211
11093 53073 95212
11094 53073 95213
11095 53073 95214
11096 53073 95215
11097 53073 95216
11098 53073 95217
11099 53073 95218
11100 53073 95219
11101 53073 95220
11102 53073 95221
11103 53073 95222
11104 53073 95223
11105 53073 95224
11106 53073 95225
11107 53073 95226
11108 53073 95227
11109 53073 95228
11110 53073 95229
11111 53073 95230
11112 53073 95231
11113 53073 95232
11114 53073 95233
11115 53073 95234
11116 53073 95235
11117 53073 95236
11118 53073 95237
11119 53073 95238
11120 53073 95239
11121 53073 95240
11122 53073 95241
11123 53073 95242
11124 53073 95243
11125 53073 95244
11126 53073 95245
11127 53073 95246
11128 53073 95247
11129 53073 95248
11130 53073 95249
11131 53073 95250
11132 53073 95251
11133 53073 95252
11134 53073 95253
11135 53073 95254
11136 53073 95255
11137 53073 95256
11138 53073 95257
11139 53073 95258
11140 53073 95259
11141 55046 98387
11142 55046 98388
11143 55046 98389
11144 55046 98390
11145 53073 95264
11146 53073 95265
11147 55046 98393
11148 55046 98394
11149 55046 98395
11150 55046 98396
11151 55046 98397
11152 55046 98398
11153 55046 98399
11154 55046 98400
11155 55046 98401
11156 55046 98402
11157 55046 98403
11158 55046 98404
11159 55046 98405
11160 55046 98406
11161 55046 98407
11162 55046 98408
11163 55046 98409
11164 55046 98410
11165 55046 98411
11166 55046 98412
11167 55046 98413
11168 55046 98414
11169 55046 98415
11170 55046 98416
11171 55046 98417
11172 55046 98418
11173 55046 98419
11174 55046 98420
11175 55046 98421
11176 55046 98422
11177 55046 98423
11178 55046 98424
11179 55046 98425
11180 55046 98426
11181 55046 98427
11182 55046 98428
11183 55046 98429
11184 55046 98430
11185 55046 98431
11186 55046 98432
11187 55046 98433
11188 55046 98434
11189 55046 98435
11190 55046 98436
11191 55046 98437
11192 55046 98438
11193 55046 98439
11194 55046 98440
11195 55046 98441
11196 55046 98442
11197 55046 98443
11198 55046 98444
11199 55046 98445
11200 55046 98446
11201 55046 98447
11202 55046 98448
11203 55046 98449
11204 55046 98450
11205 55046 98451
11206 55046 98452
11207 55046 98453
11208 55046 98454
11209 55046 98455
11210 55046 98456
11211 55046 98457
11212 55046 98458
11213 55046 98459
11214 55046 98460
11215 55046 98461
11216 55046 98462
11217 55046 98463
11218 55046 98464
11219 55046 98465
11220 55046 98466
11221 55046 98467
11222 55046 98468
11223 55046 98469
11224 55046 98470
11225 55046 98471
11226 55046 98472
11227 55046 98473
11228 55046 98474
11229 55046 98475
11230 55046 98476
11231 55046 98477
11232 55046 98478
11233 55046 98479
11234 55046 98480
11235 53073 95354
11236 53073 95355
11237 53073 95356
11238 53073 95357
11239 53073 95358
11240 53073 95359
11241 55046 98487
11242 55046 98488
11243 55046 98489
11244 55046 98490
11245 55046 98491
11246 55046 98492
11247 55046 98493
11248 55046 98494
11249 55046 98495
11250 55046 98496
11251 55046 98497
11252 55046 98498
11253 55046 98499
11254 55046 98500
11255 53073 95374
11256 53073 95375
11257 53073 95376
11258 53073 95377
11259 53073 95378
11260 53073 95379
11261 53073 95380
11262 53073 95381
11263 53073 95382
11264 53073 95383
11265 53073 95384
11266 53073 95385
11267 53073 95386
11268 53073 95387
11269 53073 95388
11270 53073 95389
11271 53073 95390
11272 53073 95391
11273 53073 95392
11274 53073 95393
11275 53073 95394
11276 53073 95395
11277 53073 95396
11278 53073 95397
11279 53073 95398
11280 53073 95399
11281 55046 98527
11282 55046 98528
11283 55046 98529
11284 55046 98530
11285 55046 98531
11286 55046 98532
11287 55046 98533
11288 55046 98534
11289 53073 95408
11290 53073 95409
11291 53073 95410
11292 53073 95411
11293 53073 95412
11294 53073 95413
11295 53073 95414
11296 53073 95415
11297 53073 95416
11298 53073 95417
11299 53073 95418
11300 53073 95419
11301 53073 95420
11302 53073 95421
11303 53073 95422
11304 53073 95423
11305 53073 95424
11306 53073 95425
11307 53073 95426
11308 53073 95427
11309 53073 95428
11310 53073 95429
11311 53073 95430
11312 53073 95431
11313 53073 95432
11314 53073 95433
11315 53073 95434
11316 53073 95435
11317 53073 95436
11318 53073 95437
11319 53073 95438
11320 53073 95439
11321 55046 98567
11322 55046 98568
11323 55046 98569
11324 55046 98570
11325 55046 98571
11326 55046 98572
11327 53073 95446
11328 53073 95447
11329 53073 95448
11330 53073 95449
11331 53073 95450
11332 53073 95451
11333 55046 98579
11334 55046 98580
11335 53073 95454
11336 53073 95455
11337 53073 95456
11338 53073 95457
11339 55046 98585
11340 55046 98586
11341 55046 98587
11342 55046 98588
11343 55046 98589
11344 55046 98590
11345 55046 98591
11346 55046 98592
11347 55046 98593
11348 55046 98594
11349 55046 98595
11350 55046 98596
11351 55046 98597
11352 55046 98598
11353 55046 98599
11354 55046 98600
11355 55046 98601
11356 55046 98602
11357 55046 98603
11358 55046 98604
11359 55046 98605
11360 55046 98606
11361 55046 98607
11362 55046 98608
11363 55046 98609
11364 55046 98610
11365 55046 98611
11366 55046 98612
11367 56393 100748
11368 56393 100749
11369 56393 100750
11370 56393 100751
11371 56393 100752
11372 56393 100753
11373 56393 100754
11374 56393 100755
11375 56393 100756
11376 56393 100757
11377 56393 100758
11378 56393 100759
11379 56393 100760
11380 56393 100761
11381 56393 100762
11382 56393 100763
11383 56393 100764
11384 56393 100765
11385 56393 100766
11386 56393 100767
11387 56393 100768
11388 56393 100769
11389 56393 100770
11390 56393 100771
11391 56393 100772
11392 56393 100773
11393 56393 100774
11394 56393 100775
11395 56393 100776
11396 56393 100777
11397 56393 100778
11398 56393 100779
11399 56393 100780
11400 56393 100781
11401 56393 100782
11402 56393 100783
11403 56393 100784
11404 56393 100785
11405 56393 100786
11406 56393 100787
11407 56393 100788
11408 56393 100789
11409 56393 100790
11410 56393 100791
11411 56393 100792
11412 56393 100793
11413 56393 100794
11414 56393 100795
11415 56393 100796
11416 56393 100797
11417 56393 100798
11418 56393 100799
11419 56393 100800
11420 56393 100801
11421 56393 100802
11422 56393 100803
11423 56393 100804
11424 56393 100805
11425 56393 100806
11426 56393 100807
11427 56393 100808
11428 56393 100809
11429 56393 100810
11430 56393 100811
11431 56393 100812
11432 56393 100813
11433 56393 100814
11434 56393 100815
11435 56393 100816
11436 56393 100817
11437 56393 100818
11438 56393 100819
11439 56393 100820
11440 56393 100821
11441 56393 100822
11442 56393 100823
11443 56393 100824
11444 56393 100825
11445 56393 100826
11446 56393 100827
11447 56393 100828
11448 56393 100829
11449 56393 100830
11450 56393 100831
11451 56393 100832
11452 56393 100833
11453 56393 100834
11454 56393 100835
11455 56393 100836
11456 56393 100837
11457 56393 100838
11458 56393 100839
11459 56393 100840
11460 56393 100841
11461 56393 100842
11462 56393 100843
11463 56393 100844
11464 56393 100845
11465 56393 100846
11466 56393 100847
11467 56393 100848
11468 56393 100849
11469 56393 100850
11470 56393 100851
11471 56393 100852
11472 56393 100853
11473 56393 100854
11474 56393 100855
11475 56393 100856
11476 56393 100857
11477 56393 100858
11478 56393 100859
11479 56393 100860
11480 56393 100861
11481 56393 100862
11482 56393 100863
11483 56393 100864
11484 56393 100865
11485 56393 100866
11486 56393 100867
11487 56393 100868
11488 56393 100869
11489 56393 100870
11490 56393 100871
11491 56393 100872
11492 56393 100873
11493 56393 100874
11494 56393 100875
11495 56393 100876
11496 56393 100877
11497 56393 100878
11498 56393 100879
11499 56393 100880
11500 56393 100881
11501 56393 100882
11502 56393 100883
11503 56393 100884
11504 56393 100885
11505 56393 100886
11506 56393 100887
11507 56393 100888
11508 56393 100889
11509 56393 100890
11510 56393 100891
11511 56393 100892
11512 56393 100893
11513 56393 100894
11514 56393 100895
11515 56393 100896
11516 56393 100897
11517 56393 100898
11518 56393 100899
11519 56393 100900
11520 56393 100901
11521 56393 100902
11522 56393 100903
11523 56393 100904
11524 56393 100905
11525 56393 100906
11526 56393 100907
11527 56393 100908
11528 56393 100909
11529 56393 100910
11530 56393 100911
11531 56393 100912
11532 56393 100913
11533 56393 100914
11534 56393 100915
11535 56393 100916
11536 56393 100917
11537 56393 100918
11538 56393 100919
11539 56393 100920
11540 56393 100921
11541 56393 100922
11542 56393 100923
11543 56393 100924
11544 56393 100925
11545 56393 100926
11546 56393 100927
11547 56393 100928
11548 56393 100929
11549 56393 100930
11550 56393 100931
11551 56393 100932
11552 56393 100933
11553 56393 100934
11554 56393 100935
11555 56393 100936
11556 56393 100937
11557 56393 100938
11558 56393 100939
11559 56393 100940
11560 56393 100941
11561 56393 100942
11562 56393 100943
11563 56393 100944
11564 56393 100945
11565 56393 100946
11566 56393 100947
11567 56393 100948
11568 56393 100949
11569 56393 100950
11570 56393 100951
11571 56393 100952
11572 56393 100953
11573 56393 100954
11574 56393 100955
11575 56393 100956
11576 56393 100957
11577 56393 100958
11578 56393 100959
11579 56393 100960
11580 56393 100961
11581 56393 100962
11582 56393 100963
11583 56393 100964
11584 56393 100965
11585 56393 100966
11586 56393 100967
11587 56393 100968
11588 56393 100969
11589 56393 100970
11590 56393 100971
11591 56393 100972
11592 56393 100973
11593 56393 100974
11594 56393 100975
11595 56393 100976
11596 56393 100977
11597 56393 100978
11598 56393 100979
11599 56393 100980
11600 56393 100981
11601 56393 100982
11602 56393 100983
11603 56393 100984
11604 56393 100985
11605 56393 100986
11606 56393 100987
11607 56393 100988
11608 56393 100989
11609 56393 100990
11610 56393 100991
11611 56393 100992
11612 56393 100993
11613 56393 100994
11614 56393 100995
11615 56393 100996
11616 56393 100997
11617 56393 100998
11618 56393 100999
11619 56393 101000
11620 56393 101001
11621 56393 101002
11622 56393 101003
11623 56393 101004
11624 56393 101005
11625 56393 101006
11626 56393 101007
11627 56393 101008
11628 56393 101009
11629 56393 101010
11630 56393 101011
11631 56393 101012
11632 56393 101013
11633 56393 101014
11634 56393 101015
11635 56393 101016
11636 56393 101017
11637 56393 101018
11638 56393 101019
11639 56882 101795
11640 56882 101796
11641 56882 101797
11642 56882 101798
11643 56393 101024
11644 56393 101025
11645 56882 101801
11646 56882 101802
11647 56393 101028
11648 56393 101029
11649 56882 101805
11650 56882 101806
11651 56393 101032
11652 56393 101033
11653 56393 101034
11654 56393 101035
11655 56393 101036
11656 56393 101037
11657 56393 101038
11658 56393 101039
11659 56393 101040
11660 56393 101041
11661 56882 101817
11662 56882 101818
11663 56393 101044
11664 56393 101045
11665 56393 101046
11666 56393 101047
11667 56393 101048
11668 56393 101049
11669 56393 101050
11670 56393 101051
11671 56393 101052
11672 56393 101053
11673 56393 101054
11674 56393 101055
11675 56393 101056
11676 56393 101057
11677 56393 101058
11678 56393 101059
11679 56393 101060
11680 56393 101061
11681 56393 101062
11682 56393 101063
11683 56393 101064
11684 56393 101065
11685 56393 101066
11686 56393 101067
11687 56393 101068
11688 56393 101069
11689 56393 101070
11690 56393 101071
11691 56393 101072
11692 56393 101073
11693 56882 101849
11694 56882 101850
11695 57275 102474
11696 57275 102475
11697 56882 101853
11698 56882 101854
11699 57275 102478
11700 57275 102479
11701 56882 101857
11702 56882 101858
11703 57275 102482
11704 57275 102483
11705 56393 101086
11706 56393 101087
11707 56882 101863
11708 56882 101864
11709 56393 101090
11710 56393 101091
11711 56393 101092
11712 56393 101093
11713 56882 101869
11714 56882 101870
11715 56882 101871
11716 56882 101872
11717 56393 101098
11718 56393 101099
11719 56393 101100
11720 56393 101101
11721 56393 101102
11722 56393 101103
11723 56882 101879
11724 56882 101880
11725 56393 101106
11726 56393 101107
11727 56393 101108
11728 56393 101109
11729 56882 101885
11730 56882 101886
11731 56882 101887
11732 56882 101888
11733 56882 101889
11734 56882 101890
11735 56882 101891
11736 56882 101892
11737 56882 101893
11738 56882 101894
11739 57275 102518
11740 57275 102519
11741 56882 101897
11742 56882 101898
11743 56882 101899
11744 56882 101900
11745 57275 102524
11746 57275 102525
11747 56882 101903
11748 56882 101904
11749 57275 102528
11750 57275 102529
11751 56882 101907
11752 56882 101908
11753 57275 102532
11754 57275 102533
11755 57275 102534
11756 57275 102535
11757 57275 102536
11758 57275 102537
11759 57275 102538
11760 57275 102539
11761 57275 102540
11762 57275 102541
11763 57275 102542
11764 57275 102543
11765 57275 102544
11766 57275 102545
11767 57275 102546
11768 57275 102547
11769 57275 102548
11770 57275 102549
11771 57275 102550
11772 57275 102551
11773 57275 102552
11774 57275 102553
11775 57275 102554
11776 57275 102555
11777 57275 102556
11778 57275 102557
11779 57275 102558
11780 57275 102559
11781 57275 102560
11782 57275 102561
11783 57275 102562
11784 57275 102563
11785 57275 102564
11786 57275 102565
11787 57275 102566
11788 57275 102567
11789 57275 102568
11790 57275 102569
11791 57275 102570
11792 57275 102571
11793 57275 102572
11794 57275 102573
11795 57275 102574
11796 57275 102575
11797 57275 102576
11798 57275 102577
11799 57275 102578
11800 57275 102579
11801 57275 102580
11802 57275 102581
11803 57275 102582
11804 57275 102583
11805 57275 102584
11806 57275 102585
11807 57275 102586
11808 57275 102587
11809 57275 102588
11810 57275 102589
11811 57275 102590
11812 57275 102591
11813 57275 102592
11814 57275 102593
11815 57275 102594
11816 57275 102595
11817 57275 102596
11818 57275 102597
11819 57275 102598
11820 57275 102599
11821 57275 102600
11822 57275 102601
11823 57275 102602
11824 57275 102603
11825 57275 102604
11826 57275 102605
11827 57275 102606
11828 57275 102607
11829 57275 102608
11830 57275 102609
11831 57275 102610
11832 57275 102611
11833 57275 102612
11834 57275 102613
11835 57275 102614
11836 57275 102615
11837 57275 102616
11838 57275 102617
11839 57275 102618
11840 57275 102619
11841 57275 102620
11842 57275 102621
11843 57275 102622
11844 57275 102623
11845 57275 102624
11846 57275 102625
11847 57275 102626
11848 57275 102627
11849 57275 102628
11850 57275 102629
11851 57275 102630
11852 57275 102631
11853 57275 102632
11854 57275 102633
11855 57275 102634
11856 57275 102635
11857 57275 102636
11858 57275 102637
11859 57275 102638
11860 57275 102639
11861 57275 102640
11862 57275 102641
11863 57275 102642
11864 57275 102643
11865 57275 102644
11866 57275 102645
11867 57275 102646
11868 57275 102647
11869 57275 102648
11870 57275 102649
11871 57275 102650
11872 57275 102651
11873 57275 102652
11874 57275 102653
11875 57275 102654
11876 57275 102655
11877 57275 102656
11878 57275 102657
11879 57275 102658
11880 57275 102659
11881 57275 102660
11882 57275 102661
11883 57275 102662
11884 57275 102663
11885 57275 102664
11886 57275 102665
11887 57275 102666
11888 57275 102667
11889 57275 102668
11890 57275 102669
11891 57275 102670
11892 57275 102671
11893 57275 102672
11894 57275 102673
11895 57275 102674
11896 57275 102675
11897 57275 102676
11898 57275 102677
11899 57275 102678
11900 57275 102679
11901 57275 102680
11902 57275 102681
11903 57275 102682
11904 57275 102683
11905 57275 102684
11906 57275 102685
11907 57275 102686
11908 57275 102687
11909 57275 102688
11910 57275 102689
11911 57275 102690
11912 57275 102691
11913 57275 102692
11914 57275 102693
11915 57275 102694
11916 57275 102695
11917 57275 102696
11918 57275 102697
11919 57275 102698
11920 57275 102699
11921 57275 102700
11922 57275 102701
11923 57275 102702
11924 57275 102703
11925 57275 102704
11926 57275 102705
11927 57275 102706
11928 57275 102707
11929 57275 102708
11930 57275 102709
11931 57275 102710
11932 57275 102711
11933 57275 102712
11934 57275 102713
11935 57275 102714
11936 57275 102715
11937 57275 102716
11938 57275 102717
11939 57275 102718
11940 57275 102719
11941 57275 102720
11942 57275 102721
11943 57275 102722
11944 57275 102723
11945 57275 102724
11946 57275 102725
11947 57275 102726
11948 57275 102727
11949 57275 102728
11950 57275 102729
11951 57275 102730
11952 57275 102731
11953 57275 102732
11954 57275 102733
11955 57275 102734
11956 57275 102735
11957 57275 102736
11958 57275 102737
11959 57275 102738
11960 57275 102739
11961 57275 102740
11962 57275 102741
11963 57275 102742
11964 57275 102743
11965 57275 102744
11966 57275 102745
11967 57275 102746
11968 57275 102747
11969 57275 102748
11970 57275 102749
11971 57275 102750
11972 57275 102751
11973 57275 102752
11974 57275 102753
11975 57275 102754
11976 57275 102755
11977 57275 102756
11978 57275 102757
11979 57275 102758
11980 57275 102759
11981 57275 102760
11982 57275 102761
11983 57275 102762
11984 57275 102763
11985 57275 102764
11986 57275 102765
11987 57275 102766
11988 57275 102767
11989 57275 102768
11990 57275 102769
11991 57275 102770
11992 57275 102771
11993 57275 102772
11994 57275 102773
11995 57275 102774
11996 57275 102775
11997 57275 102776
11998 57275 102777
11999 57275 102778
12000 57275 102779
12001 57275 102780
12002 57275 102781
12003 57275 102782
12004 57275 102783
12005 57275 102784
12006 57275 102785
12007 58212 104271
12008 58212 104272
12009 57275 102788
12010 57275 102789
12011 57275 102790
12012 57275 102791
12013 58212 104277
12014 58212 104278
12015 58212 104279
12016 58212 104280
12017 58212 104281
12018 58212 104282
12019 58212 104283
12020 58212 104284
12021 58212 104285
12022 58212 104286
12023 58212 104287
12024 58212 104288
12025 58212 104289
12026 58212 104290
12027 58212 104291
12028 58212 104292
12029 58212 104293
12030 58212 104294
12031 58212 104295
12032 58212 104296
12033 57275 102812
12034 57275 102813
12035 57275 102814
12036 57275 102815
12037 57275 102816
12038 57275 102817
12039 57275 102818
12040 57275 102819
12041 58212 104305
12042 58212 104306
12043 58212 104307
12044 58212 104308
12045 58212 104309
12046 58212 104310
12047 58212 104311
12048 58212 104312
12049 58212 104313
12050 58212 104314
12051 58212 104315
12052 58212 104316
12053 58212 104317
12054 58212 104318
12055 58212 104319
12056 58212 104320
12057 58212 104321
12058 58212 104322
12059 58212 104323
12060 58212 104324
12061 58212 104325
12062 58212 104326
12063 58212 104327
12064 58212 104328
12065 58212 104329
12066 58212 104330
12067 58212 104331
12068 58212 104332
12069 58212 104333
12070 58212 104334
12071 58212 104335
12072 58212 104336
12073 58212 104337
12074 58212 104338
12075 58212 104339
12076 58212 104340
12077 58212 104341
12078 58212 104342
12079 58212 104343
12080 58212 104344
12081 58212 104345
12082 58212 104346
12083 58212 104347
12084 58212 104348
12085 58212 104349
12086 58212 104350
12087 58212 104351
12088 58212 104352
12089 58212 104353
12090 58212 104354
12091 58212 104355
12092 58212 104356
12093 58212 104357
12094 58212 104358
12095 58212 104359
12096 58212 104360
12097 58212 104361
12098 58212 104362
12099 58212 104363
12100 58212 104364
12101 58212 104365
12102 58212 104366
12103 58212 104367
12104 58212 104368
12105 58212 104369
12106 58212 104370
12107 58212 104371
12108 58212 104372
12109 58212 104373
12110 58212 104374
12111 58212 104375
12112 58212 104376
12113 58212 104377
12114 58212 104378
12115 58212 104379
12116 58212 104380
12117 58212 104381
12118 58212 104382
12119 58212 104383
12120 58212 104384
12121 58212 104385
12122 58212 104386
12123 58212 104387
12124 58212 104388
12125 58212 104389
12126 58212 104390
12127 58212 104391
12128 58212 104392
12129 58212 104393
12130 58212 104394
12131 58212 104395
12132 58212 104396
12133 58212 104397
12134 58212 104398
12135 58212 104399
12136 58212 104400
12137 58212 104401
12138 58212 104402
12139 58212 104403
12140 58212 104404
12141 58212 104405
12142 58212 104406
12143 58212 104407
12144 58212 104408
12145 58212 104409
12146 58212 104410
12147 58212 104411
12148 58212 104412
12149 58212 104413
12150 58212 104414
12151 58212 104415
12152 58212 104416
12153 58212 104417
12154 58212 104418
12155 58212 104419
12156 58212 104420
12157 58212 104421
12158 58212 104422
12159 58212 104423
12160 58212 104424
12161 58212 104425
12162 58212 104426
12163 58212 104427
12164 58212 104428
12165 58212 104429
12166 58212 104430
12167 58212 104431
12168 58212 104432
12169 58212 104433
12170 58212 104434
12171 58212 104435
12172 58212 104436
12173 58212 104437
12174 58212 104438
12175 58212 104439
12176 58212 104440
12177 58212 104441
12178 58212 104442
12179 58212 104443
12180 58212 104444
12181 58212 104445
12182 58212 104446
12183 58212 104447
12184 58212 104448
12185 58212 104449
12186 58212 104450
12187 58212 104451
12188 58212 104452
12189 58212 104453
12190 58212 104454
12191 58212 104455
12192 58212 104456
12193 58212 104457
12194 58212 104458
12195 58212 104459
12196 58212 104460
12197 58212 104461
12198 58212 104462
12199 58212 104463
12200 58212 104464
12201 58212 104465
12202 58212 104466
12203 58212 104467
12204 58212 104468
12205 58212 104469
12206 58212 104470
12207 58212 104471
12208 58212 104472
12209 58212 104473
12210 58212 104474
12211 58212 104475
12212 58212 104476
12213 58212 104477
12214 58212 104478
12215 58212 104479
12216 58212 104480
12217 58212 104481
12218 58212 104482
12219 58212 104483
12220 58212 104484
12221 58212 104485
12222 58212 104486
12223 58212 104487
12224 58212 104488
12225 58212 104489
12226 58212 104490
12227 58212 104491
12228 58212 104492
12229 58212 104493
12230 58212 104494
12231 58212 104495
12232 58212 104496
12233 58212 104497
12234 58212 104498
12235 58212 104499
12236 58212 104500
12237 58212 104501
12238 58212 104502
12239 58212 104503
12240 58212 104504
12241 58212 104505
12242 58212 104506
12243 58212 104507
12244 58212 104508
12245 58212 104509
12246 58212 104510
12247 58212 104511
12248 58212 104512
12249 58212 104513
12250 58212 104514
12251 58212 104515
12252 58212 104516
12253 58212 104517
12254 58212 104518
12255 58212 104519
12256 58212 104520
12257 58212 104521
12258 58212 104522
12259 58212 104523
12260 58212 104524
12261 58212 104525
12262 58212 104526
12263 58212 104527
12264 58212 104528
12265 58212 104529
12266 58212 104530
12267 58212 104531
12268 58212 104532
12269 58212 104533
12270 58212 104534
12271 58212 104535
12272 58212 104536
12273 58212 104537
12274 58212 104538
12275 58212 104539
12276 58212 104540
12277 58212 104541
12278 58212 104542
12279 58212 104543
12280 58212 104544
12281 58212 104545
12282 58212 104546
12283 58212 104547
12284 58212 104548
12285 58212 104549
12286 58212 104550
12287 58212 104551
12288 58212 104552
12289 58212 104553
12290 58212 104554
12291 58212 104555
12292 58212 104556
12293 58212 104557
12294 58212 104558
12295 58212 104559
12296 58212 104560
12297 58212 104561
12298 58212 104562
12299 58212 104563
12300 58212 104564
12301 58212 104565
12302 58212 104566
12303 58212 104567
12304 58212 104568
12305 58212 104569
12306 58212 104570
12307 58212 104571
12308 58212 104572
12309 58212 104573
12310 58212 104574
12311 58212 104575
12312 58212 104576
12313 58212 104577
12314 58212 104578
12315 58212 104579
12316 58212 104580
12317 58212 104581
12318 58212 104582
12319 58212 104583
12320 58212 104584
12321 58212 104585
12322 58212 104586
12323 58212 104587
12324 58212 104588
12325 58212 104589
12326 58212 104590
12327 58212 104591
12328 58212 104592
12329 58212 104593
12330 58212 104594
12331 58212 104595
12332 58212 104596
12333 58212 104597
12334 58212 104598
12335 58212 104599
12336 58212 104600
12337 58212 104601
12338 58212 104602
12339 58212 104603
12340 58212 104604
12341 58212 104605
12342 58212 104606
12343 58212 104607
12344 58212 104608
12345 58212 104609
12346 58212 104610
12347 58212 104611
12348 58212 104612
12349 58212 104613
12350 58212 104614
12351 58212 104615
12352 58212 104616
12353 58212 104617
12354 58212 104618
12355 58212 104619
12356 58212 104620
12357 58212 104621
12358 58212 104622
12359 58212 104623
12360 58212 104624
12361 58212 104625
12362 58212 104626
12363 58212 104627
12364 58212 104628
12365 58212 104629
12366 58212 104630
12367 58212 104631
12368 58212 104632
12369 58212 104633
12370 58212 104634
12371 59407 106529
12372 59407 106530
12373 59407 106531
12374 59407 106532
12375 58212 104639
12376 58212 104640
12377 58212 104641
12378 58212 104642
12379 58212 104643
12380 58212 104644
12381 59407 106539
12382 59407 106540
12383 59407 106541
12384 59407 106542
12385 58212 104649
12386 58212 104650
12387 58212 104651
12388 58212 104652
12389 58212 104653
12390 58212 104654
12391 59407 106549
12392 59407 106550
12393 59407 106551
12394 59407 106552
12395 59407 106553
12396 59407 106554
12397 59407 106555
12398 59407 106556
12399 59407 106557
12400 59407 106558
12401 59407 106559
12402 59407 106560
12403 59407 106561
12404 59407 106562
12405 59407 106563
12406 59407 106564
12407 59407 106565
12408 59407 106566
12409 59407 106567
12410 59407 106568
12411 59407 106569
12412 59407 106570
12413 59407 106571
12414 59407 106572
12415 59407 106573
12416 59407 106574
12417 59407 106575
12418 59407 106576
12419 59407 106577
12420 59407 106578
12421 59407 106579
12422 59407 106580
12423 59407 106581
12424 59407 106582
12425 59407 106583
12426 59407 106584
12427 59407 106585
12428 59407 106586
12429 59407 106587
12430 59407 106588
12431 59407 106589
12432 59407 106590
12433 59407 106591
12434 59407 106592
12435 59407 106593
12436 59407 106594
12437 59407 106595
12438 59407 106596
12439 59407 106597
12440 59407 106598
12441 59407 106599
12442 59407 106600
12443 59407 106601
12444 59407 106602
12445 59407 106603
12446 59407 106604
12447 59407 106605
12448 59407 106606
12449 59407 106607
12450 59407 106608
12451 59407 106609
12452 59407 106610
12453 59407 106611
12454 59407 106612
12455 59407 106613
12456 59407 106614
12457 59407 106615
12458 59407 106616
12459 59407 106617
12460 59407 106618
12461 59407 106619
12462 59407 106620
12463 59407 106621
12464 59407 106622
12465 59407 106623
12466 59407 106624
12467 59407 106625
12468 59407 106626
12469 59407 106627
12470 59407 106628
12471 59407 106629
12472 59407 106630
12473 59407 106631
12474 59407 106632
12475 59407 106633
12476 59407 106634
12477 59407 106635
12478 59407 106636
12479 59407 106637
12480 59407 106638
12481 59407 106639
12482 59407 106640
12483 59407 106641
12484 59407 106642
12485 61041 109233
12486 61041 109234
12487 61041 109235
12488 61041 109236
12489 61041 109237
12490 61041 109238
12491 61041 109239
12492 61041 109240
12493 61041 109241
12494 61041 109242
12495 61041 109243
12496 61041 109244
12497 61041 109245
12498 61041 109246
12499 61041 109247
12500 61041 109248
12501 61041 109249
12502 61041 109250
12503 61041 109251
12504 61041 109252
12505 61041 109253
12506 61041 109254
12507 61041 109255
12508 61041 109256
12509 61041 109257
12510 61041 109258
12511 61041 109259
12512 61041 109260
12513 61041 109261
12514 61041 109262
12515 61041 109263
12516 61041 109264
12517 61041 109265
12518 61041 109266
12519 61041 109267
12520 61041 109268
12521 61041 109269
12522 61041 109270
12523 61041 109271
12524 61041 109272
12525 61041 109273
12526 61041 109274
12527 61041 109275
12528 61041 109276
12529 61041 109277
12530 61041 109278
12531 61041 109279
12532 61041 109280
12533 61041 109281
12534 61041 109282
12535 61041 109283
12536 61041 109284
12537 61041 109285
12538 61041 109286
12539 61041 109287
12540 61041 109288
12541 61041 109289
12542 61041 109290
12543 61041 109291
12544 61041 109292
12545 61041 109293
12546 61041 109294
12547 61041 109295
12548 61041 109296
12549 61041 109297
12550 61041 109298
12551 61041 109299
12552 61041 109300
12553 61041 109301
12554 61041 109302
12555 61041 109303
12556 61041 109304
12557 61041 109305
12558 61041 109306
12559 61041 109307
12560 61041 109308
12561 61041 109309
12562 61041 109310
12563 61041 109311
12564 61041 109312
12565 61041 109313
12566 61041 109314
12567 61041 109315
12568 61041 109316
12569 61041 109317
12570 61041 109318
12571 61041 109319
12572 61041 109320
12573 61041 109321
12574 61041 109322
12575 61041 109323
12576 61041 109324
12577 61041 109325
12578 61041 109326
12579 61041 109327
12580 61041 109328
12581 61041 109329
12582 61041 109330
12583 61041 109331
12584 61041 109332
12585 61041 109333
12586 61041 109334
12587 61041 109335
12588 61041 109336
12589 61041 109337
12590 61041 109338
12591 61041 109339
12592 61041 109340
12593 61041 109341
12594 61041 109342
12595 61041 109343
12596 61041 109344
12597 61041 109345
12598 61041 109346
12599 61041 109347
12600 61041 109348
12601 61041 109349
12602 61041 109350
12603 61041 109351
12604 61041 109352
12605 61041 109353
12606 61041 109354
12607 61041 109355
12608 61041 109356
12609 61041 109357
12610 61041 109358
12611 61041 109359
12612 61041 109360
12613 61041 109361
12614 61041 109362
12615 61041 109363
12616 61041 109364
12617 61041 109365
12618 61041 109366
12619 61041 109367
12620 61041 109368
12621 61041 109369
12622 61041 109370
12623 61041 109371
12624 61041 109372
12625 61041 109373
12626 61041 109374
12627 61041 109375
12628 61041 109376
12629 61041 109377
12630 61041 109378
12631 61041 109379
12632 61041 109380
12633 61041 109381
12634 61041 109382
12635 61041 109383
12636 61041 109384
12637 61041 109385
12638 61041 109386
12639 61041 109387
12640 61041 109388
12641 61041 109389
12642 61041 109390
12643 61041 109391
12644 61041 109392
12645 61041 109393
12646 61041 109394
12647 61041 109395
12648 61041 109396
12649 61041 109397
12650 61041 109398
12651 61041 109399
12652 61041 109400
12653 61041 109401
12654 61041 109402
12655 61041 109403
12656 61041 109404
12657 61041 109405
12658 61041 109406
12659 61041 109407
12660 61041 109408
12661 61041 109409
12662 61041 109410
12663 61041 109411
12664 61041 109412
12665 61041 109413
12666 61041 109414
12667 61041 109415
12668 61041 109416
12669 61041 109417
12670 61041 109418
12671 61041 109419
12672 61041 109420
12673 61041 109421
12674 61041 109422
12675 61041 109423
12676 61041 109424
12677 61041 109425
12678 61041 109426
12679 61041 109427
12680 61041 109428
12681 61041 109429
12682 61041 109430
12683 61041 109431
12684 61041 109432
12685 61041 109433
12686 61041 109434
12687 61041 109435
12688 61041 109436
12689 61041 109437
12690 61041 109438
12691 61041 109439
12692 61041 109440
12693 61041 109441
12694 61041 109442
12695 61041 109443
12696 61041 109444
12697 61041 109445
12698 61041 109446
12699 61041 109447
12700 61041 109448
12701 61041 109449
12702 61041 109450
12703 61041 109451
12704 61041 109452
12705 61041 109453
12706 61041 109454
12707 61041 109455
12708 61041 109456
12709 61041 109457
12710 61041 109458
12711 61041 109459
12712 61041 109460
12713 61041 109461
12714 61041 109462
12715 61041 109463
12716 61041 109464
12717 61041 109465
12718 61041 109466
12719 61041 109467
12720 61041 109468
12721 61041 109469
12722 61041 109470
12723 61041 109471
12724 61041 109472
12725 61041 109473
12726 61041 109474
12727 61041 109475
12728 61041 109476
12729 61041 109477
12730 61041 109478
12731 61041 109479
12732 61041 109480
12733 61041 109481
12734 61041 109482
12735 61041 109483
12736 61041 109484
12737 61041 109485
12738 61041 109486
12739 61041 109487
12740 61041 109488
12741 61041 109489
12742 61041 109490
12743 61041 109491
12744 61041 109492
12745 61041 109493
12746 61041 109494
12747 61041 109495
12748 61041 109496
12749 61041 109497
12750 61041 109498
12751 61041 109499
12752 61041 109500
12753 61041 109501
12754 61041 109502
12755 61041 109503
12756 61041 109504
12757 61819 110738
12758 61819 110739
12759 61041 109507
12760 61041 109508
12761 61041 109509
12762 61041 109510
12763 61041 109511
12764 61041 109512
12765 61819 110746
12766 61819 110747
12767 61819 110748
12768 61819 110749
12769 61041 109517
12770 61041 109518
12771 61819 110752
12772 61819 110753
12773 61041 109521
12774 61041 109522
12775 61819 110756
12776 61819 110757
12777 61819 110758
12778 61819 110759
12779 61819 110760
12780 61819 110761
12781 61819 110762
12782 61819 110763
12783 61819 110764
12784 61819 110765
12785 61819 110766
12786 61819 110767
12787 61819 110768
12788 61819 110769
12789 61819 110770
12790 61819 110771
12791 61819 110772
12792 61819 110773
12793 61819 110774
12794 61819 110775
12795 61819 110776
12796 61819 110777
12797 61819 110778
12798 61819 110779
12799 61819 110780
12800 61819 110781
