d = 5: 273 contracting translation-only maps up to rotation/reflection
   m = (1, 1, 6, 11, 16)  rank 3  Lambda -0.217  lag-cov ranks [3, 3, 3, 3]  best float margin -0.0000  exact balanced Q: no
   m = (1, 1, 6, 11, 21)  rank 3  Lambda -0.163  lag-cov ranks [3, 3, 3, 3]  best float margin -0.0000  exact balanced Q: no
   m = (1, 1, 6, 11, 26)  rank 3  Lambda -0.120  lag-cov ranks [3, 3, 3, 3]  best float margin -0.0000  exact balanced Q: no
   m = (1, 1, 6, 11, 31)  rank 3  Lambda -0.085  lag-cov ranks [3, 3, 3, 3]  best float margin -0.0000  exact balanced Q: no
   m = (1, 1, 6, 11, 41)  rank 3  Lambda -0.029  lag-cov ranks [3, 3, 3, 3]  best float margin -0.0000  exact balanced Q: no
   m = (1, 1, 6, 11, 46)  rank 3  Lambda -0.006  lag-cov ranks [3, 3, 3, 3]  best float margin -0.0000  exact balanced Q: no
   m = (1, 1, 6, 16, 11)  rank 3  Lambda -0.217  lag-cov ranks [3, 3, 3, 3]  best float margin -0.0000  exact balanced Q: no
   m = (1, 1, 6, 16, 21)  rank 3  Lambda -0.088  lag-cov ranks [3, 3, 3, 3]  best float margin -0.0000  exact balanced Q: no
   m = (1, 1, 6, 16, 26)  rank 3  Lambda -0.045  lag-cov ranks [3, 3, 3, 3]  best float margin -0.0000  exact balanced Q: no
   m = (1, 1, 6, 16, 31)  rank 3  Lambda -0.010  lag-cov ranks [3, 3, 3, 3]  best float margin -0.0000  exact balanced Q: no
   m = (1, 1, 6, 21, 11)  rank 3  Lambda -0.163  lag-cov ranks [3, 3, 3, 3]  best float margin -0.0000  exact balanced Q: no
   m = (1, 1, 6, 21, 16)  rank 3  Lambda -0.088  lag-cov ranks [3, 3, 3, 3]  best float margin -0.0000  exact balanced Q: no
   m = (1, 1, 6, 26, 11)  rank 3  Lambda -0.120  lag-cov ranks [3, 3, 3, 3]  best float margin -0.0000  exact balanced Q: no
   m = (1, 1, 6, 26, 16)  rank 3  Lambda -0.045  lag-cov ranks [3, 3, 3, 3]  best float margin -0.0000  exact balanced Q: no
   m = (1, 1, 6, 31, 11)  rank 3  Lambda -0.085  lag-cov ranks [3, 3, 3, 3]  best float margin -0.0000  exact balanced Q: no
   m = (1, 1, 6, 31, 16)  rank 3  Lambda -0.010  lag-cov ranks [3, 3, 3, 3]  best float margin -0.0000  exact balanced Q: no
   m = (1, 1, 6, 41, 11)  rank 3  Lambda -0.029  lag-cov ranks [3, 3, 3, 3]  best float margin +0.0347  exact balanced Q: YES (den 10) Q=[['8/5', '-11/10', '1/10'], ['-11/10', '14/5', '-9/10'], ['1/10', '-9/10', '13/10']]
   m = (1, 1, 6, 46, 11)  rank 3  Lambda -0.006  lag-cov ranks [3, 3, 3, 3]  best float margin -0.0000  exact balanced Q: no
   m = (1, 1, 11, 6, 16)  rank 3  Lambda -0.217  lag-cov ranks [3, 3, 3, 3]  best float margin -0.0000  exact balanced Q: no
   m = (1, 1, 11, 6, 21)  rank 3  Lambda -0.163  lag-cov ranks [3, 3, 3, 3]  best float margin -0.0000  exact balanced Q: no
   m = (1, 1, 11, 6, 26)  rank 3  Lambda -0.120  lag-cov ranks [3, 3, 3, 3]  best float margin -0.0000  exact balanced Q: no
   m = (1, 1, 11, 6, 31)  rank 3  Lambda -0.085  lag-cov ranks [3, 3, 3, 3]  best float margin +0.0926  exact balanced Q: YES (den 4) Q=[['2', '-1/2', '0'], ['-1/2', '2', '-1/2'], ['0', '-1/2', '2']]
   m = (1, 1, 11, 6, 41)  rank 3  Lambda -0.029  lag-cov ranks [3, 3, 3, 3]  best float margin -0.0000  exact balanced Q: no
   m = (1, 1, 11, 6, 46)  rank 3  Lambda -0.006  lag-cov ranks [3, 3, 3, 3]  best float margin -0.0000  exact balanced Q: no
   m = (1, 1, 16, 6, 21)  rank 3  Lambda -0.088  lag-cov ranks [3, 3, 3, 3]  best float margin -0.0000  exact balanced Q: no
   m = (1, 1, 16, 6, 26)  rank 3  Lambda -0.045  lag-cov ranks [3, 3, 3, 3]  best float margin +0.0799  exact balanced Q: YES (den 4) Q=[['5/4', '-1/4', '0'], ['-1/4', '2', '-1/2'], ['0', '-1/2', '3/2']]
   m = (1, 1, 16, 6, 31)  rank 3  Lambda -0.010  lag-cov ranks [3, 3, 3, 3]  best float margin +0.0627  exact balanced Q: YES (den 4) Q=[['1', '0', '-1/4'], ['0', '3/2', '-1/4'], ['-1/4', '-1/4', '5/4']]
   m = (1, 6, 1, 11, 16)  rank 3  Lambda -0.217  lag-cov ranks [3, 3, 3, 3]  best float margin -0.0000  exact balanced Q: no
   m = (1, 6, 1, 11, 21)  rank 3  Lambda -0.163  lag-cov ranks [3, 3, 3, 3]  best float margin +0.0897  exact balanced Q: YES (den 4) Q=[['7/4', '-1/2', '-1/2'], ['-1/2', '7/4', '0'], ['-1/2', '0', '3/2']]
   m = (1, 6, 1, 11, 26)  rank 3  Lambda -0.120  lag-cov ranks [3, 3, 3, 3]  best float margin -0.0000  exact balanced Q: no
   m = (1, 6, 1, 11, 31)  rank 3  Lambda -0.085  lag-cov ranks [3, 3, 3, 3]  best float margin -0.0000  exact balanced Q: no
   m = (1, 6, 1, 11, 41)  rank 3  Lambda -0.029  lag-cov ranks [3, 3, 3, 3]  best float margin -0.0000  exact balanced Q: no
   m = (1, 6, 1, 11, 46)  rank 3  Lambda -0.006  lag-cov ranks [3, 3, 3, 3]  best float margin -0.0000  exact balanced Q: no
   m = (1, 6, 1, 16, 21)  rank 3  Lambda -0.088  lag-cov ranks [3, 3, 3, 3]  best float margin -0.0000  exact balanced Q: no
   m = (1, 6, 1, 16, 26)  rank 3  Lambda -0.045  lag-cov ranks [3, 3, 3, 3]  best float margin -0.0000  exact balanced Q: no
   m = (1, 6, 1, 16, 31)  rank 3  Lambda -0.010  lag-cov ranks [3, 3, 3, 3]  best float margin -0.0000  exact balanced Q: no
   m = (1, 6, 11, 1, 16)  rank 3  Lambda -0.217  lag-cov ranks [3, 3, 3, 3]  best float margin -0.0000  exact balanced Q: no
   m = (1, 6, 11, 1, 21)  rank 3  Lambda -0.163  lag-cov ranks [3, 3, 3, 3]  best float margin -0.0000  exact balanced Q: no
   m = (1, 6, 11, 1, 26)  rank 3  Lambda -0.120  lag-cov ranks [3, 3, 3, 3]  best float margin -0.0000  exact balanced Q: no
   m = (1, 6, 11, 1, 31)  rank 3  Lambda -0.085  lag-cov ranks [3, 3, 3, 3]  best float margin +0.0918  exact balanced Q: YES (den 4) Q=[['2', '-1/4', '-1/2'], ['-1/4', '2', '-1/2'], ['-1/2', '-1/2', '2']]
   m = (1, 6, 11, 1, 41)  rank 3  Lambda -0.029  lag-cov ranks [3, 3, 3, 3]  best float margin -0.0000  exact balanced Q: no
   m = (1, 6, 11, 1, 46)  rank 3  Lambda -0.006  lag-cov ranks [3, 3, 3, 3]  best float margin -0.0000  exact balanced Q: no
   m = (1, 6, 16, 1, 11)  rank 3  Lambda -0.217  lag-cov ranks [3, 3, 3, 3]  best float margin -0.0000  exact balanced Q: no
   m = (1, 6, 16, 1, 21)  rank 3  Lambda -0.088  lag-cov ranks [3, 3, 3, 3]  best float margin -0.0000  exact balanced Q: no
   m = (1, 6, 16, 1, 26)  rank 3  Lambda -0.045  lag-cov ranks [3, 3, 3, 3]  best float margin -0.0000  exact balanced Q: no
   m = (1, 6, 16, 1, 31)  rank 3  Lambda -0.010  lag-cov ranks [3, 3, 3, 3]  best float margin -0.0000  exact balanced Q: no
   m = (1, 6, 21, 1, 11)  rank 3  Lambda -0.163  lag-cov ranks [3, 3, 3, 3]  best float margin -0.0000  exact balanced Q: no
   m = (1, 6, 21, 1, 16)  rank 3  Lambda -0.088  lag-cov ranks [3, 3, 3, 3]  best float margin -0.0000  exact balanced Q: no
   m = (1, 6, 26, 1, 11)  rank 3  Lambda -0.120  lag-cov ranks [3, 3, 3, 3]  best float margin +0.0479  exact balanced Q: YES (den 4) Q=[['9/4', '1', '-3/4'], ['1', '5/4', '-1/4'], ['-3/4', '-1/4', '5/4']]
   m = (1, 6, 26, 1, 16)  rank 3  Lambda -0.045  lag-cov ranks [3, 3, 3, 3]  best float margin -0.0000  exact balanced Q: no
   m = (1, 6, 31, 1, 11)  rank 3  Lambda -0.085  lag-cov ranks [3, 3, 3, 3]  best float margin +0.1154  exact balanced Q: YES (den 4) Q=[['9/4', '0', '-3/4'], ['0', '9/4', '-3/4'], ['-3/4', '-3/4', '5/2']]
   m = (1, 6, 31, 1, 16)  rank 3  Lambda -0.010  lag-cov ranks [3, 3, 3, 3]  best float margin -0.0000  exact balanced Q: no
   m = (1, 6, 41, 1, 11)  rank 3  Lambda -0.029  lag-cov ranks [3, 3, 3, 3]  best float margin +0.0003  exact balanced Q: no
   m = (1, 6, 46, 1, 11)  rank 3  Lambda -0.006  lag-cov ranks [3, 3, 3, 3]  best float margin -0.0000  exact balanced Q: no
   rank histogram: {0: 1, 1: 42, 2: 176, 3: 54}
d = 7: 16053 contracting translation-only maps up to rotation/reflection
   m = (1, 1, 1, 1, 8, 15, 22)  rank 3  Lambda -0.820  lag-cov ranks [3, 3, 3, 3, 3, 3]  best float margin -0.0000  exact balanced Q: no
   m = (1, 1, 1, 1, 8, 15, 29)  rank 3  Lambda -0.781  lag-cov ranks [3, 3, 3, 3, 3, 3]  best float margin -0.0000  exact balanced Q: no
   m = (1, 1, 1, 1, 8, 15, 36)  rank 3  Lambda -0.750  lag-cov ranks [3, 3, 3, 3, 3, 3]  best float margin -0.0000  exact balanced Q: no
   m = (1, 1, 1, 1, 8, 15, 43)  rank 3  Lambda -0.725  lag-cov ranks [3, 3, 3, 3, 3, 3]  best float margin -0.0000  exact balanced Q: no
   m = (1, 1, 1, 1, 8, 15, 50)  rank 3  Lambda -0.703  lag-cov ranks [3, 3, 3, 3, 3, 3]  best float margin -0.0000  exact balanced Q: no
   m = (1, 1, 1, 1, 8, 15, 57)  rank 3  Lambda -0.684  lag-cov ranks [3, 3, 3, 3, 3, 3]  best float margin -0.0000  exact balanced Q: no
   m = (1, 1, 1, 1, 8, 15, 71)  rank 3  Lambda -0.653  lag-cov ranks [3, 3, 3, 3, 3, 3]  best float margin -0.0000  exact balanced Q: no
   m = (1, 1, 1, 1, 8, 15, 78)  rank 3  Lambda -0.640  lag-cov ranks [3, 3, 3, 3, 3, 3]  best float margin -0.0000  exact balanced Q: no
   m = (1, 1, 1, 1, 8, 22, 15)  rank 3  Lambda -0.820  lag-cov ranks [3, 3, 3, 3, 3, 3]  best float margin -0.0000  exact balanced Q: no
   m = (1, 1, 1, 1, 8, 22, 29)  rank 3  Lambda -0.726  lag-cov ranks [3, 3, 3, 3, 3, 3]  best float margin -0.0000  exact balanced Q: no
   m = (1, 1, 1, 1, 8, 22, 36)  rank 3  Lambda -0.695  lag-cov ranks [3, 3, 3, 3, 3, 3]  best float margin -0.0000  exact balanced Q: no
   m = (1, 1, 1, 1, 8, 22, 43)  rank 3  Lambda -0.670  lag-cov ranks [3, 3, 3, 3, 3, 3]  best float margin -0.0000  exact balanced Q: no
   m = (1, 1, 1, 1, 8, 22, 50)  rank 3  Lambda -0.648  lag-cov ranks [3, 3, 3, 3, 3, 3]  best float margin -0.0000  exact balanced Q: no
   m = (1, 1, 1, 1, 8, 22, 57)  rank 3  Lambda -0.630  lag-cov ranks [3, 3, 3, 3, 3, 3]  best float margin -0.0000  exact balanced Q: no
   m = (1, 1, 1, 1, 8, 22, 71)  rank 3  Lambda -0.598  lag-cov ranks [3, 3, 3, 3, 3, 3]  best float margin -0.0000  exact balanced Q: no
   m = (1, 1, 1, 1, 8, 22, 78)  rank 3  Lambda -0.585  lag-cov ranks [3, 3, 3, 3, 3, 3]  best float margin -0.0000  exact balanced Q: no
   m = (1, 1, 1, 1, 8, 29, 15)  rank 3  Lambda -0.781  lag-cov ranks [3, 3, 3, 3, 3, 3]  best float margin -0.0000  exact balanced Q: no
   m = (1, 1, 1, 1, 8, 29, 22)  rank 3  Lambda -0.726  lag-cov ranks [3, 3, 3, 3, 3, 3]  best float margin -0.0000  exact balanced Q: no
   m = (1, 1, 1, 1, 8, 29, 36)  rank 3  Lambda -0.656  lag-cov ranks [3, 3, 3, 3, 3, 3]  best float margin -0.0000  exact balanced Q: no
   m = (1, 1, 1, 1, 8, 29, 43)  rank 3  Lambda -0.630  lag-cov ranks [3, 3, 3, 3, 3, 3]  best float margin -0.0000  exact balanced Q: no
   m = (1, 1, 1, 1, 8, 29, 50)  rank 3  Lambda -0.609  lag-cov ranks [3, 3, 3, 3, 3, 3]  best float margin -0.0000  exact balanced Q: no
   m = (1, 1, 1, 1, 8, 29, 57)  rank 3  Lambda -0.590  lag-cov ranks [3, 3, 3, 3, 3, 3]  best float margin -0.0000  exact balanced Q: no
   m = (1, 1, 1, 1, 8, 29, 71)  rank 3  Lambda -0.559  lag-cov ranks [3, 3, 3, 3, 3, 3]  best float margin -0.0000  exact balanced Q: no
   m = (1, 1, 1, 1, 8, 29, 78)  rank 3  Lambda -0.545  lag-cov ranks [3, 3, 3, 3, 3, 3]  best float margin -0.0000  exact balanced Q: no
   m = (1, 1, 1, 1, 8, 36, 15)  rank 3  Lambda -0.750  lag-cov ranks [3, 3, 3, 3, 3, 3]  best float margin -0.0000  exact balanced Q: no
   m = (1, 1, 1, 1, 8, 36, 22)  rank 3  Lambda -0.695  lag-cov ranks [3, 3, 3, 3, 3, 3]  best float margin -0.0000  exact balanced Q: no
   m = (1, 1, 1, 1, 8, 36, 29)  rank 3  Lambda -0.656  lag-cov ranks [3, 3, 3, 3, 3, 3]  best float margin -0.0000  exact balanced Q: no
   m = (1, 1, 1, 1, 8, 36, 43)  rank 3  Lambda -0.600  lag-cov ranks [3, 3, 3, 3, 3, 3]  best float margin -0.0000  exact balanced Q: no
   m = (1, 1, 1, 1, 8, 36, 50)  rank 3  Lambda -0.578  lag-cov ranks [3, 3, 3, 3, 3, 3]  best float margin -0.0000  exact balanced Q: no
   m = (1, 1, 1, 1, 8, 36, 57)  rank 3  Lambda -0.559  lag-cov ranks [3, 3, 3, 3, 3, 3]  best float margin -0.0000  exact balanced Q: no
   m = (1, 1, 1, 1, 8, 36, 71)  rank 3  Lambda -0.528  lag-cov ranks [3, 3, 3, 3, 3, 3]  best float margin -0.0000  exact balanced Q: no
   m = (1, 1, 1, 1, 8, 36, 78)  rank 3  Lambda -0.515  lag-cov ranks [3, 3, 3, 3, 3, 3]  best float margin -0.0000  exact balanced Q: no
   m = (1, 1, 1, 1, 8, 43, 15)  rank 3  Lambda -0.725  lag-cov ranks [3, 3, 3, 3, 3, 3]  best float margin -0.0000  exact balanced Q: no
   m = (1, 1, 1, 1, 8, 43, 22)  rank 3  Lambda -0.670  lag-cov ranks [3, 3, 3, 3, 3, 3]  best float margin -0.0000  exact balanced Q: no
   m = (1, 1, 1, 1, 8, 43, 29)  rank 3  Lambda -0.630  lag-cov ranks [3, 3, 3, 3, 3, 3]  best float margin -0.0000  exact balanced Q: no
   m = (1, 1, 1, 1, 8, 43, 36)  rank 3  Lambda -0.600  lag-cov ranks [3, 3, 3, 3, 3, 3]  best float margin -0.0000  exact balanced Q: no
   m = (1, 1, 1, 1, 8, 43, 50)  rank 3  Lambda -0.553  lag-cov ranks [3, 3, 3, 3, 3, 3]  best float margin -0.0000  exact balanced Q: no
   m = (1, 1, 1, 1, 8, 43, 57)  rank 3  Lambda -0.534  lag-cov ranks [3, 3, 3, 3, 3, 3]  best float margin -0.0000  exact balanced Q: no
   m = (1, 1, 1, 1, 8, 43, 71)  rank 3  Lambda -0.503  lag-cov ranks [3, 3, 3, 3, 3, 3]  best float margin -0.0000  exact balanced Q: no
   m = (1, 1, 1, 1, 8, 43, 78)  rank 3  Lambda -0.489  lag-cov ranks [3, 3, 3, 3, 3, 3]  best float margin -0.0000  exact balanced Q: no
   m = (1, 1, 1, 1, 8, 50, 15)  rank 3  Lambda -0.703  lag-cov ranks [3, 3, 3, 3, 3, 3]  best float margin -0.0000  exact balanced Q: no
   m = (1, 1, 1, 1, 8, 50, 22)  rank 3  Lambda -0.648  lag-cov ranks [3, 3, 3, 3, 3, 3]  best float margin -0.0000  exact balanced Q: no
   m = (1, 1, 1, 1, 8, 50, 29)  rank 3  Lambda -0.609  lag-cov ranks [3, 3, 3, 3, 3, 3]  best float margin -0.0000  exact balanced Q: no
   m = (1, 1, 1, 1, 8, 50, 36)  rank 3  Lambda -0.578  lag-cov ranks [3, 3, 3, 3, 3, 3]  best float margin -0.0000  exact balanced Q: no
   m = (1, 1, 1, 1, 8, 50, 43)  rank 3  Lambda -0.553  lag-cov ranks [3, 3, 3, 3, 3, 3]  best float margin -0.0000  exact balanced Q: no
   m = (1, 1, 1, 1, 8, 50, 57)  rank 3  Lambda -0.512  lag-cov ranks [3, 3, 3, 3, 3, 3]  best float margin -0.0000  exact balanced Q: no
   m = (1, 1, 1, 1, 8, 50, 71)  rank 3  Lambda -0.481  lag-cov ranks [3, 3, 3, 3, 3, 3]  best float margin -0.0000  exact balanced Q: no
   m = (1, 1, 1, 1, 8, 50, 78)  rank 3  Lambda -0.468  lag-cov ranks [3, 3, 3, 3, 3, 3]  best float margin -0.0000  exact balanced Q: no
   m = (1, 1, 1, 1, 8, 57, 15)  rank 3  Lambda -0.684  lag-cov ranks [3, 3, 3, 3, 3, 3]  best float margin -0.0000  exact balanced Q: no
   m = (1, 1, 1, 1, 8, 57, 22)  rank 3  Lambda -0.630  lag-cov ranks [3, 3, 3, 3, 3, 3]  best float margin -0.0000  exact balanced Q: no
   m = (1, 1, 1, 1, 8, 57, 29)  rank 3  Lambda -0.590  lag-cov ranks [3, 3, 3, 3, 3, 3]  best float margin -0.0000  exact balanced Q: no
   m = (1, 1, 1, 1, 8, 57, 36)  rank 3  Lambda -0.559  lag-cov ranks [3, 3, 3, 3, 3, 3]  best float margin -0.0000  exact balanced Q: no
   m = (1, 1, 1, 1, 8, 57, 43)  rank 3  Lambda -0.534  lag-cov ranks [3, 3, 3, 3, 3, 3]  best float margin -0.0000  exact balanced Q: no
   m = (1, 1, 1, 1, 8, 57, 50)  rank 3  Lambda -0.512  lag-cov ranks [3, 3, 3, 3, 3, 3]  best float margin -0.0000  exact balanced Q: no
   m = (1, 1, 1, 1, 8, 57, 71)  rank 3  Lambda -0.462  lag-cov ranks [3, 3, 3, 3, 3, 3]  best float margin -0.0000  exact balanced Q: no
   m = (1, 1, 1, 1, 8, 57, 78)  rank 3  Lambda -0.449  lag-cov ranks [3, 3, 3, 3, 3, 3]  best float margin -0.0000  exact balanced Q: no
   m = (1, 1, 1, 1, 8, 71, 15)  rank 3  Lambda -0.653  lag-cov ranks [3, 3, 3, 3, 3, 3]  best float margin -0.0000  exact balanced Q: no
   m = (1, 1, 1, 1, 8, 71, 22)  rank 3  Lambda -0.598  lag-cov ranks [3, 3, 3, 3, 3, 3]  best float margin -0.0000  exact balanced Q: no
   m = (1, 1, 1, 1, 8, 71, 29)  rank 3  Lambda -0.559  lag-cov ranks [3, 3, 3, 3, 3, 3]  best float margin -0.0000  exact balanced Q: no
   m = (1, 1, 1, 1, 8, 71, 36)  rank 3  Lambda -0.528  lag-cov ranks [3, 3, 3, 3, 3, 3]  best float margin -0.0000  exact balanced Q: no
   m = (1, 1, 1, 1, 8, 71, 43)  rank 3  Lambda -0.503  lag-cov ranks [3, 3, 3, 3, 3, 3]  best float margin -0.0000  exact balanced Q: no
   m = (1, 1, 1, 1, 8, 71, 50)  rank 3  Lambda -0.481  lag-cov ranks [3, 3, 3, 3, 3, 3]  best float margin -0.0000  exact balanced Q: no
   m = (1, 1, 1, 1, 8, 71, 57)  rank 3  Lambda -0.462  lag-cov ranks [3, 3, 3, 3, 3, 3]  best float margin -0.0000  exact balanced Q: no
   m = (1, 1, 1, 1, 8, 71, 78)  rank 3  Lambda -0.418  lag-cov ranks [3, 3, 3, 3, 3, 3]  best float margin -0.0000  exact balanced Q: no
   m = (1, 1, 1, 1, 8, 78, 15)  rank 3  Lambda -0.640  lag-cov ranks [3, 3, 3, 3, 3, 3]  best float margin -0.0000  exact balanced Q: no
   m = (1, 1, 1, 1, 8, 78, 22)  rank 3  Lambda -0.585  lag-cov ranks [3, 3, 3, 3, 3, 3]  best float margin -0.0000  exact balanced Q: no
   m = (1, 1, 1, 1, 8, 78, 29)  rank 3  Lambda -0.545  lag-cov ranks [3, 3, 3, 3, 3, 3]  best float margin -0.0000  exact balanced Q: no
   m = (1, 1, 1, 1, 8, 78, 36)  rank 3  Lambda -0.515  lag-cov ranks [3, 3, 3, 3, 3, 3]  best float margin -0.0000  exact balanced Q: no
   m = (1, 1, 1, 1, 8, 78, 43)  rank 3  Lambda -0.489  lag-cov ranks [3, 3, 3, 3, 3, 3]  best float margin -0.0000  exact balanced Q: no
   m = (1, 1, 1, 1, 8, 78, 50)  rank 3  Lambda -0.468  lag-cov ranks [3, 3, 3, 3, 3, 3]  best float margin -0.0000  exact balanced Q: no
   m = (1, 1, 1, 1, 8, 78, 57)  rank 3  Lambda -0.449  lag-cov ranks [3, 3, 3, 3, 3, 3]  best float margin -0.0000  exact balanced Q: no
   m = (1, 1, 1, 1, 8, 78, 71)  rank 3  Lambda -0.418  lag-cov ranks [3, 3, 3, 3, 3, 3]  best float margin -0.0000  exact balanced Q: no
   m = (1, 1, 1, 1, 15, 8, 22)  rank 3  Lambda -0.820  lag-cov ranks [3, 3, 3, 3, 3, 3]  best float margin -0.0000  exact balanced Q: no
   m = (1, 1, 1, 1, 15, 8, 29)  rank 3  Lambda -0.781  lag-cov ranks [3, 3, 3, 3, 3, 3]  best float margin -0.0000  exact balanced Q: no
   m = (1, 1, 1, 1, 15, 8, 36)  rank 3  Lambda -0.750  lag-cov ranks [3, 3, 3, 3, 3, 3]  best float margin -0.0000  exact balanced Q: no
   m = (1, 1, 1, 1, 15, 8, 43)  rank 3  Lambda -0.725  lag-cov ranks [3, 3, 3, 3, 3, 3]  best float margin -0.0000  exact balanced Q: no
   m = (1, 1, 1, 1, 15, 8, 50)  rank 3  Lambda -0.703  lag-cov ranks [3, 3, 3, 3, 3, 3]  best float margin -0.0000  exact balanced Q: no
   m = (1, 1, 1, 1, 15, 8, 57)  rank 3  Lambda -0.684  lag-cov ranks [3, 3, 3, 3, 3, 3]  best float margin -0.0000  exact balanced Q: no
   m = (1, 1, 1, 1, 15, 8, 71)  rank 3  Lambda -0.653  lag-cov ranks [3, 3, 3, 3, 3, 3]  best float margin -0.0000  exact balanced Q: no
   m = (1, 1, 1, 1, 15, 8, 78)  rank 3  Lambda -0.640  lag-cov ranks [3, 3, 3, 3, 3, 3]  best float margin -0.0000  exact balanced Q: no
   m = (1, 1, 1, 1, 15, 22, 29)  rank 3  Lambda -0.636  lag-cov ranks [3, 3, 3, 3, 3, 3]  best float margin -0.0000  exact balanced Q: no
   m = (1, 1, 1, 1, 15, 22, 36)  rank 3  Lambda -0.606  lag-cov ranks [3, 3, 3, 3, 3, 3]  best float margin -0.0000  exact balanced Q: no
   m = (1, 1, 1, 1, 15, 22, 43)  rank 3  Lambda -0.580  lag-cov ranks [3, 3, 3, 3, 3, 3]  best float margin -0.0000  exact balanced Q: no
   m = (1, 1, 1, 1, 15, 22, 50)  rank 3  Lambda -0.559  lag-cov ranks [3, 3, 3, 3, 3, 3]  best float margin -0.0000  exact balanced Q: no
   m = (1, 1, 1, 1, 15, 22, 57)  rank 3  Lambda -0.540  lag-cov ranks [3, 3, 3, 3, 3, 3]  best float margin -0.0000  exact balanced Q: no
   m = (1, 1, 1, 1, 15, 22, 64)  rank 3  Lambda -0.523  lag-cov ranks [3, 3, 3, 3, 3, 3]  best float margin -0.0000  exact balanced Q: no
   m = (1, 1, 1, 1, 15, 22, 71)  rank 3  Lambda -0.509  lag-cov ranks [3, 3, 3, 3, 3, 3]  best float margin -0.0000  exact balanced Q: no
   m = (1, 1, 1, 1, 15, 22, 78)  rank 3  Lambda -0.495  lag-cov ranks [3, 3, 3, 3, 3, 3]  best float margin -0.0000  exact balanced Q: no
   m = (1, 1, 1, 1, 15, 29, 22)  rank 3  Lambda -0.636  lag-cov ranks [3, 3, 3, 3, 3, 3]  best float margin -0.0000  exact balanced Q: no
   m = (1, 1, 1, 1, 15, 29, 36)  rank 3  Lambda -0.566  lag-cov ranks [3, 3, 3, 3, 3, 3]  best float margin -0.0000  exact balanced Q: no
   m = (1, 1, 1, 1, 15, 29, 43)  rank 3  Lambda -0.541  lag-cov ranks [3, 3, 3, 3, 3, 3]  best float margin -0.0000  exact balanced Q: no
   m = (1, 1, 1, 1, 15, 29, 50)  rank 3  Lambda -0.519  lag-cov ranks [3, 3, 3, 3, 3, 3]  best float margin -0.0000  exact balanced Q: no
   m = (1, 1, 1, 1, 15, 29, 57)  rank 3  Lambda -0.500  lag-cov ranks [3, 3, 3, 3, 3, 3]  best float margin -0.0000  exact balanced Q: no
   m = (1, 1, 1, 1, 15, 29, 64)  rank 3  Lambda -0.484  lag-cov ranks [3, 3, 3, 3, 3, 3]  best float margin -0.0000  exact balanced Q: no
   m = (1, 1, 1, 1, 15, 29, 71)  rank 3  Lambda -0.469  lag-cov ranks [3, 3, 3, 3, 3, 3]  best float margin -0.0000  exact balanced Q: no
   m = (1, 1, 1, 1, 15, 29, 78)  rank 3  Lambda -0.456  lag-cov ranks [3, 3, 3, 3, 3, 3]  best float margin -0.0000  exact balanced Q: no
   m = (1, 1, 1, 1, 15, 36, 22)  rank 3  Lambda -0.606  lag-cov ranks [3, 3, 3, 3, 3, 3]  best float margin -0.0000  exact balanced Q: no
   m = (1, 1, 1, 1, 15, 36, 29)  rank 3  Lambda -0.566  lag-cov ranks [3, 3, 3, 3, 3, 3]  best float margin -0.0000  exact balanced Q: no
   m = (1, 1, 1, 1, 15, 36, 43)  rank 3  Lambda -0.510  lag-cov ranks [3, 3, 3, 3, 3, 3]  best float margin -0.0000  exact balanced Q: no
   m = (1, 1, 1, 1, 15, 36, 50)  rank 3  Lambda -0.488  lag-cov ranks [3, 3, 3, 3, 3, 3]  best float margin -0.0000  exact balanced Q: no
   m = (1, 1, 1, 1, 15, 36, 57)  rank 3  Lambda -0.470  lag-cov ranks [3, 3, 3, 3, 3, 3]  best float margin -0.0000  exact balanced Q: no
   m = (1, 1, 1, 1, 15, 36, 64)  rank 3  Lambda -0.453  lag-cov ranks [3, 3, 3, 3, 3, 3]  best float margin -0.0000  exact balanced Q: no
   m = (1, 1, 1, 1, 15, 36, 71)  rank 3  Lambda -0.438  lag-cov ranks [3, 3, 3, 3, 3, 3]  best float margin -0.0000  exact balanced Q: no
   m = (1, 1, 1, 1, 15, 36, 78)  rank 3  Lambda -0.425  lag-cov ranks [3, 3, 3, 3, 3, 3]  best float margin -0.0000  exact balanced Q: no
   m = (1, 1, 1, 1, 15, 43, 22)  rank 3  Lambda -0.580  lag-cov ranks [3, 3, 3, 3, 3, 3]  best float margin -0.0000  exact balanced Q: no
   m = (1, 1, 1, 1, 15, 43, 29)  rank 3  Lambda -0.541  lag-cov ranks [3, 3, 3, 3, 3, 3]  best float margin -0.0000  exact balanced Q: no
   m = (1, 1, 1, 1, 15, 43, 36)  rank 3  Lambda -0.510  lag-cov ranks [3, 3, 3, 3, 3, 3]  best float margin -0.0000  exact balanced Q: no
   m = (1, 1, 1, 1, 15, 43, 50)  rank 3  Lambda -0.463  lag-cov ranks [3, 3, 3, 3, 3, 3]  best float margin -0.0000  exact balanced Q: no
   m = (1, 1, 1, 1, 15, 43, 57)  rank 3  Lambda -0.444  lag-cov ranks [3, 3, 3, 3, 3, 3]  best float margin -0.0000  exact balanced Q: no
   m = (1, 1, 1, 1, 15, 43, 64)  rank 3  Lambda -0.428  lag-cov ranks [3, 3, 3, 3, 3, 3]  best float margin -0.0000  exact balanced Q: no
   m = (1, 1, 1, 1, 15, 43, 71)  rank 3  Lambda -0.413  lag-cov ranks [3, 3, 3, 3, 3, 3]  best float margin -0.0000  exact balanced Q: no
   m = (1, 1, 1, 1, 15, 43, 78)  rank 3  Lambda -0.399  lag-cov ranks [3, 3, 3, 3, 3, 3]  best float margin -0.0000  exact balanced Q: no
   m = (1, 1, 1, 1, 15, 50, 22)  rank 3  Lambda -0.559  lag-cov ranks [3, 3, 3, 3, 3, 3]  best float margin -0.0000  exact balanced Q: no
   m = (1, 1, 1, 1, 15, 50, 29)  rank 3  Lambda -0.519  lag-cov ranks [3, 3, 3, 3, 3, 3]  best float margin -0.0000  exact balanced Q: no
   m = (1, 1, 1, 1, 15, 50, 36)  rank 3  Lambda -0.488  lag-cov ranks [3, 3, 3, 3, 3, 3]  best float margin -0.0000  exact balanced Q: no
   m = (1, 1, 1, 1, 15, 50, 43)  rank 3  Lambda -0.463  lag-cov ranks [3, 3, 3, 3, 3, 3]  best float margin -0.0000  exact balanced Q: no
   m = (1, 1, 1, 1, 15, 50, 57)  rank 3  Lambda -0.423  lag-cov ranks [3, 3, 3, 3, 3, 3]  best float margin -0.0000  exact balanced Q: no
   m = (1, 1, 1, 1, 15, 50, 64)  rank 3  Lambda -0.406  lag-cov ranks [3, 3, 3, 3, 3, 3]  best float margin -0.0000  exact balanced Q: no
   m = (1, 1, 1, 1, 15, 50, 71)  rank 3  Lambda -0.391  lag-cov ranks [3, 3, 3, 3, 3, 3]  best float margin -0.0000  exact balanced Q: no
   m = (1, 1, 1, 1, 15, 50, 78)  rank 3  Lambda -0.378  lag-cov ranks [3, 3, 3, 3, 3, 3]  best float margin -0.0000  exact balanced Q: no
   m = (1, 1, 1, 1, 15, 57, 22)  rank 3  Lambda -0.540  lag-cov ranks [3, 3, 3, 3, 3, 3]  best float margin -0.0000  exact balanced Q: no
   m = (1, 1, 1, 1, 15, 57, 29)  rank 3  Lambda -0.500  lag-cov ranks [3, 3, 3, 3, 3, 3]  best float margin -0.0000  exact balanced Q: no
   m = (1, 1, 1, 1, 15, 57, 36)  rank 3  Lambda -0.470  lag-cov ranks [3, 3, 3, 3, 3, 3]  best float margin -0.0000  exact balanced Q: no
   m = (1, 1, 1, 1, 15, 57, 43)  rank 3  Lambda -0.444  lag-cov ranks [3, 3, 3, 3, 3, 3]  best float margin -0.0000  exact balanced Q: no
   m = (1, 1, 1, 1, 15, 57, 50)  rank 3  Lambda -0.423  lag-cov ranks [3, 3, 3, 3, 3, 3]  best float margin -0.0000  exact balanced Q: no
   m = (1, 1, 1, 1, 15, 57, 64)  rank 3  Lambda -0.387  lag-cov ranks [3, 3, 3, 3, 3, 3]  best float margin -0.0000  exact balanced Q: no
   m = (1, 1, 1, 1, 15, 57, 71)  rank 3  Lambda -0.373  lag-cov ranks [3, 3, 3, 3, 3, 3]  best float margin -0.0000  exact balanced Q: no
   m = (1, 1, 1, 1, 15, 57, 78)  rank 3  Lambda -0.359  lag-cov ranks [3, 3, 3, 3, 3, 3]  best float margin -0.0000  exact balanced Q: no
   m = (1, 1, 1, 1, 15, 64, 22)  rank 3  Lambda -0.523  lag-cov ranks [3, 3, 3, 3, 3, 3]  best float margin -0.0000  exact balanced Q: no
   m = (1, 1, 1, 1, 15, 64, 29)  rank 3  Lambda -0.484  lag-cov ranks [3, 3, 3, 3, 3, 3]  best float margin -0.0000  exact balanced Q: no
   m = (1, 1, 1, 1, 15, 64, 36)  rank 3  Lambda -0.453  lag-cov ranks [3, 3, 3, 3, 3, 3]  best float margin -0.0000  exact balanced Q: no
   m = (1, 1, 1, 1, 15, 64, 43)  rank 3  Lambda -0.428  lag-cov ranks [3, 3, 3, 3, 3, 3]  best float margin -0.0000  exact balanced Q: no
   m = (1, 1, 1, 1, 15, 64, 50)  rank 3  Lambda -0.406  lag-cov ranks [3, 3, 3, 3, 3, 3]  best float margin -0.0000  exact balanced Q: no
   m = (1, 1, 1, 1, 15, 64, 57)  rank 3  Lambda -0.387  lag-cov ranks [3, 3, 3, 3, 3, 3]  best float margin -0.0000  exact balanced Q: no
   m = (1, 1, 1, 1, 15, 64, 71)  rank 3  Lambda -0.356  lag-cov ranks [3, 3, 3, 3, 3, 3]  best float margin -0.0000  exact balanced Q: no
   m = (1, 1, 1, 1, 15, 64, 78)  rank 3  Lambda -0.343  lag-cov ranks [3, 3, 3, 3, 3, 3]  best float margin -0.0000  exact balanced Q: no
   m = (1, 1, 1, 1, 15, 71, 22)  rank 3  Lambda -0.509  lag-cov ranks [3, 3, 3, 3, 3, 3]  best float margin -0.0000  exact balanced Q: no
   m = (1, 1, 1, 1, 15, 71, 29)  rank 3  Lambda -0.469  lag-cov ranks [3, 3, 3, 3, 3, 3]  best float margin -0.0000  exact balanced Q: no
   m = (1, 1, 1, 1, 15, 71, 36)  rank 3  Lambda -0.438  lag-cov ranks [3, 3, 3, 3, 3, 3]  best float margin -0.0000  exact balanced Q: no
   m = (1, 1, 1, 1, 15, 71, 43)  rank 3  Lambda -0.413  lag-cov ranks [3, 3, 3, 3, 3, 3]  best float margin -0.0000  exact balanced Q: no
   m = (1, 1, 1, 1, 15, 71, 50)  rank 3  Lambda -0.391  lag-cov ranks [3, 3, 3, 3, 3, 3]  best float margin -0.0000  exact balanced Q: no
   m = (1, 1, 1, 1, 15, 71, 57)  rank 3  Lambda -0.373  lag-cov ranks [3, 3, 3, 3, 3, 3]  best float margin -0.0000  exact balanced Q: no
   m = (1, 1, 1, 1, 15, 71, 64)  rank 3  Lambda -0.356  lag-cov ranks [3, 3, 3, 3, 3, 3]  best float margin -0.0000  exact balanced Q: no
   m = (1, 1, 1, 1, 15, 71, 78)  rank 3  Lambda -0.328  lag-cov ranks [3, 3, 3, 3, 3, 3]  best float margin -0.0000  exact balanced Q: no
   m = (1, 1, 1, 1, 15, 78, 22)  rank 3  Lambda -0.495  lag-cov ranks [3, 3, 3, 3, 3, 3]  best float margin -0.0000  exact balanced Q: no
   m = (1, 1, 1, 1, 15, 78, 29)  rank 3  Lambda -0.456  lag-cov ranks [3, 3, 3, 3, 3, 3]  best float margin -0.0000  exact balanced Q: no
   m = (1, 1, 1, 1, 15, 78, 36)  rank 3  Lambda -0.425  lag-cov ranks [3, 3, 3, 3, 3, 3]  best float margin -0.0000  exact balanced Q: no
   m = (1, 1, 1, 1, 15, 78, 43)  rank 3  Lambda -0.399  lag-cov ranks [3, 3, 3, 3, 3, 3]  best float margin -0.0000  exact balanced Q: no
   m = (1, 1, 1, 1, 15, 78, 50)  rank 3  Lambda -0.378  lag-cov ranks [3, 3, 3, 3, 3, 3]  best float margin -0.0000  exact balanced Q: no
   m = (1, 1, 1, 1, 15, 78, 57)  rank 3  Lambda -0.359  lag-cov ranks [3, 3, 3, 3, 3, 3]  best float margin -0.0000  exact balanced Q: no
   m = (1, 1, 1, 1, 15, 78, 64)  rank 3  Lambda -0.343  lag-cov ranks [3, 3, 3, 3, 3, 3]  best float margin -0.0000  exact balanced Q: no
   m = (1, 1, 1, 1, 15, 78, 71)  rank 3  Lambda -0.328  lag-cov ranks [3, 3, 3, 3, 3, 3]  best float margin -0.0000  exact balanced Q: no
   m = (1, 1, 1, 1, 22, 8, 29)  rank 3  Lambda -0.726  lag-cov ranks [3, 3, 3, 3, 3, 3]  best float margin -0.0000  exact balanced Q: no
   m = (1, 1, 1, 1, 22, 8, 36)  rank 3  Lambda -0.695  lag-cov ranks [3, 3, 3, 3, 3, 3]  best float margin -0.0000  exact balanced Q: no
   m = (1, 1, 1, 1, 22, 8, 43)  rank 3  Lambda -0.670  lag-cov ranks [3, 3, 3, 3, 3, 3]  best float margin -0.0000  exact balanced Q: no
   m = (1, 1, 1, 1, 22, 8, 50)  rank 3  Lambda -0.648  lag-cov ranks [3, 3, 3, 3, 3, 3]  best float margin -0.0000  exact balanced Q: no
   m = (1, 1, 1, 1, 22, 8, 57)  rank 3  Lambda -0.630  lag-cov ranks [3, 3, 3, 3, 3, 3]  best float margin -0.0000  exact balanced Q: no
   m = (1, 1, 1, 1, 22, 8, 71)  rank 3  Lambda -0.598  lag-cov ranks [3, 3, 3, 3, 3, 3]  best float margin -0.0000  exact balanced Q: no
   m = (1, 1, 1, 1, 22, 8, 78)  rank 3  Lambda -0.585  lag-cov ranks [3, 3, 3, 3, 3, 3]  best float margin -0.0000  exact balanced Q: no
   m = (1, 1, 1, 1, 22, 15, 29)  rank 3  Lambda -0.636  lag-cov ranks [3, 3, 3, 3, 3, 3]  best float margin -0.0000  exact balanced Q: no
   m = (1, 1, 1, 1, 22, 15, 36)  rank 3  Lambda -0.606  lag-cov ranks [3, 3, 3, 3, 3, 3]  best float margin -0.0000  exact balanced Q: no
   m = (1, 1, 1, 1, 22, 15, 43)  rank 3  Lambda -0.580  lag-cov ranks [3, 3, 3, 3, 3, 3]  best float margin -0.0000  exact balanced Q: no
   m = (1, 1, 1, 1, 22, 15, 50)  rank 3  Lambda -0.559  lag-cov ranks [3, 3, 3, 3, 3, 3]  best float margin -0.0000  exact balanced Q: no
   m = (1, 1, 1, 1, 22, 15, 57)  rank 3  Lambda -0.540  lag-cov ranks [3, 3, 3, 3, 3, 3]  best float margin -0.0000  exact balanced Q: no
   m = (1, 1, 1, 1, 22, 15, 64)  rank 3  Lambda -0.523  lag-cov ranks [3, 3, 3, 3, 3, 3]  best float margin -0.0000  exact balanced Q: no
   m = (1, 1, 1, 1, 22, 15, 71)  rank 3  Lambda -0.509  lag-cov ranks [3, 3, 3, 3, 3, 3]  best float margin -0.0000  exact balanced Q: no
   m = (1, 1, 1, 1, 22, 15, 78)  rank 3  Lambda -0.495  lag-cov ranks [3, 3, 3, 3, 3, 3]  best float margin -0.0000  exact balanced Q: no
   m = (1, 1, 1, 1, 22, 29, 36)  rank 3  Lambda -0.511  lag-cov ranks [3, 3, 3, 3, 3, 3]  best float margin -0.0000  exact balanced Q: no
   m = (1, 1, 1, 1, 22, 29, 43)  rank 3  Lambda -0.486  lag-cov ranks [3, 3, 3, 3, 3, 3]  best float margin -0.0000  exact balanced Q: no
   m = (1, 1, 1, 1, 22, 29, 50)  rank 3  Lambda -0.464  lag-cov ranks [3, 3, 3, 3, 3, 3]  best float margin -0.0000  exact balanced Q: no
   m = (1, 1, 1, 1, 22, 29, 57)  rank 3  Lambda -0.446  lag-cov ranks [3, 3, 3, 3, 3, 3]  best float margin -0.0000  exact balanced Q: no
   m = (1, 1, 1, 1, 22, 29, 64)  rank 3  Lambda -0.429  lag-cov ranks [3, 3, 3, 3, 3, 3]  best float margin -0.0000  exact balanced Q: no
   m = (1, 1, 1, 1, 22, 29, 71)  rank 3  Lambda -0.414  lag-cov ranks [3, 3, 3, 3, 3, 3]  best float margin -0.0000  exact balanced Q: no
   m = (1, 1, 1, 1, 22, 29, 78)  rank 3  Lambda -0.401  lag-cov ranks [3, 3, 3, 3, 3, 3]  best float margin -0.0000  exact balanced Q: no
   m = (1, 1, 1, 1, 22, 36, 29)  rank 3  Lambda -0.511  lag-cov ranks [3, 3, 3, 3, 3, 3]  best float margin -0.0000  exact balanced Q: no
   m = (1, 1, 1, 1, 22, 36, 43)  rank 3  Lambda -0.455  lag-cov ranks [3, 3, 3, 3, 3, 3]  best float margin -0.0000  exact balanced Q: no
   m = (1, 1, 1, 1, 22, 36, 50)  rank 3  Lambda -0.434  lag-cov ranks [3, 3, 3, 3, 3, 3]  best float margin -0.0000  exact balanced Q: no
   m = (1, 1, 1, 1, 22, 36, 57)  rank 3  Lambda -0.415  lag-cov ranks [3, 3, 3, 3, 3, 3]  best float margin -0.0000  exact balanced Q: no
   m = (1, 1, 1, 1, 22, 36, 64)  rank 3  Lambda -0.398  lag-cov ranks [3, 3, 3, 3, 3, 3]  best float margin -0.0000  exact balanced Q: no
   m = (1, 1, 1, 1, 22, 36, 71)  rank 3  Lambda -0.383  lag-cov ranks [3, 3, 3, 3, 3, 3]  best float margin -0.0000  exact balanced Q: no
   m = (1, 1, 1, 1, 22, 36, 78)  rank 3  Lambda -0.370  lag-cov ranks [3, 3, 3, 3, 3, 3]  best float margin -0.0000  exact balanced Q: no
   m = (1, 1, 1, 1, 22, 43, 29)  rank 3  Lambda -0.486  lag-cov ranks [3, 3, 3, 3, 3, 3]  best float margin -0.0000  exact balanced Q: no
   m = (1, 1, 1, 1, 22, 43, 36)  rank 3  Lambda -0.455  lag-cov ranks [3, 3, 3, 3, 3, 3]  best float margin -0.0000  exact balanced Q: no
   m = (1, 1, 1, 1, 22, 43, 50)  rank 3  Lambda -0.408  lag-cov ranks [3, 3, 3, 3, 3, 3]  best float margin -0.0000  exact balanced Q: no
   m = (1, 1, 1, 1, 22, 43, 57)  rank 3  Lambda -0.389  lag-cov ranks [3, 3, 3, 3, 3, 3]  best float margin -0.0000  exact balanced Q: no
   m = (1, 1, 1, 1, 22, 43, 64)  rank 3  Lambda -0.373  lag-cov ranks [3, 3, 3, 3, 3, 3]  best float margin -0.0000  exact balanced Q: no
   m = (1, 1, 1, 1, 22, 43, 71)  rank 3  Lambda -0.358  lag-cov ranks [3, 3, 3, 3, 3, 3]  best float margin -0.0000  exact balanced Q: no
   m = (1, 1, 1, 1, 22, 43, 78)  rank 3  Lambda -0.345  lag-cov ranks [3, 3, 3, 3, 3, 3]  best float margin -0.0000  exact balanced Q: no
   m = (1, 1, 1, 1, 22, 50, 29)  rank 3  Lambda -0.464  lag-cov ranks [3, 3, 3, 3, 3, 3]  best float margin -0.0000  exact balanced Q: no
   m = (1, 1, 1, 1, 22, 50, 36)  rank 3  Lambda -0.434  lag-cov ranks [3, 3, 3, 3, 3, 3]  best float margin -0.0000  exact balanced Q: no
   m = (1, 1, 1, 1, 22, 50, 43)  rank 3  Lambda -0.408  lag-cov ranks [3, 3, 3, 3, 3, 3]  best float margin -0.0000  exact balanced Q: no
   m = (1, 1, 1, 1, 22, 50, 57)  rank 3  Lambda -0.368  lag-cov ranks [3, 3, 3, 3, 3, 3]  best float margin -0.0000  exact balanced Q: no
   m = (1, 1, 1, 1, 22, 50, 64)  rank 3  Lambda -0.351  lag-cov ranks [3, 3, 3, 3, 3, 3]  best float margin -0.0000  exact balanced Q: no
   m = (1, 1, 1, 1, 22, 50, 71)  rank 3  Lambda -0.337  lag-cov ranks [3, 3, 3, 3, 3, 3]  best float margin -0.0000  exact balanced Q: no
   m = (1, 1, 1, 1, 22, 50, 78)  rank 3  Lambda -0.323  lag-cov ranks [3, 3, 3, 3, 3, 3]  best float margin -0.0000  exact balanced Q: no
   m = (1, 1, 1, 1, 22, 57, 29)  rank 3  Lambda -0.446  lag-cov ranks [3, 3, 3, 3, 3, 3]  best float margin -0.0000  exact balanced Q: no
   m = (1, 1, 1, 1, 22, 57, 36)  rank 3  Lambda -0.415  lag-cov ranks [3, 3, 3, 3, 3, 3]  best float margin -0.0000  exact balanced Q: no
   m = (1, 1, 1, 1, 22, 57, 43)  rank 3  Lambda -0.389  lag-cov ranks [3, 3, 3, 3, 3, 3]  best float margin -0.0000  exact balanced Q: no
   m = (1, 1, 1, 1, 22, 57, 50)  rank 3  Lambda -0.368  lag-cov ranks [3, 3, 3, 3, 3, 3]  best float margin -0.0000  exact balanced Q: no
   m = (1, 1, 1, 1, 22, 57, 64)  rank 3  Lambda -0.333  lag-cov ranks [3, 3, 3, 3, 3, 3]  best float margin -0.0000  exact balanced Q: no
   m = (1, 1, 1, 1, 22, 57, 71)  rank 3  Lambda -0.318  lag-cov ranks [3, 3, 3, 3, 3, 3]  best float margin -0.0000  exact balanced Q: no
   m = (1, 1, 1, 1, 22, 57, 78)  rank 3  Lambda -0.304  lag-cov ranks [3, 3, 3, 3, 3, 3]  best float margin -0.0000  exact balanced Q: no
   m = (1, 1, 1, 1, 22, 64, 29)  rank 3  Lambda -0.429  lag-cov ranks [3, 3, 3, 3, 3, 3]  best float margin -0.0000  exact balanced Q: no
   m = (1, 1, 1, 1, 22, 64, 36)  rank 3  Lambda -0.398  lag-cov ranks [3, 3, 3, 3, 3, 3]  best float margin -0.0000  exact balanced Q: no
   m = (1, 1, 1, 1, 22, 64, 43)  rank 3  Lambda -0.373  lag-cov ranks [3, 3, 3, 3, 3, 3]  best float margin -0.0000  exact balanced Q: no
   m = (1, 1, 1, 1, 22, 64, 50)  rank 3  Lambda -0.351  lag-cov ranks [3, 3, 3, 3, 3, 3]  best float margin -0.0000  exact balanced Q: no
   m = (1, 1, 1, 1, 22, 64, 57)  rank 3  Lambda -0.333  lag-cov ranks [3, 3, 3, 3, 3, 3]  best float margin -0.0000  exact balanced Q: no
   m = (1, 1, 1, 1, 22, 64, 71)  rank 3  Lambda -0.301  lag-cov ranks [3, 3, 3, 3, 3, 3]  best float margin -0.0000  exact balanced Q: no
   m = (1, 1, 1, 1, 22, 64, 78)  rank 3  Lambda -0.288  lag-cov ranks [3, 3, 3, 3, 3, 3]  best float margin -0.0000  exact balanced Q: no
   m = (1, 1, 1, 1, 22, 71, 29)  rank 3  Lambda -0.414  lag-cov ranks [3, 3, 3, 3, 3, 3]  best float margin -0.0000  exact balanced Q: no
   m = (1, 1, 1, 1, 22, 71, 36)  rank 3  Lambda -0.383  lag-cov ranks [3, 3, 3, 3, 3, 3]  best float margin -0.0000  exact balanced Q: no
   m = (1, 1, 1, 1, 22, 71, 43)  rank 3  Lambda -0.358  lag-cov ranks [3, 3, 3, 3, 3, 3]  best float margin -0.0000  exact balanced Q: no
   m = (1, 1, 1, 1, 22, 71, 50)  rank 3  Lambda -0.337  lag-cov ranks [3, 3, 3, 3, 3, 3]  best float margin -0.0000  exact balanced Q: no
   m = (1, 1, 1, 1, 22, 71, 57)  rank 3  Lambda -0.318  lag-cov ranks [3, 3, 3, 3, 3, 3]  best float margin -0.0000  exact balanced Q: no
   m = (1, 1, 1, 1, 22, 71, 64)  rank 3  Lambda -0.301  lag-cov ranks [3, 3, 3, 3, 3, 3]  best float margin -0.0000  exact balanced Q: no
   m = (1, 1, 1, 1, 22, 71, 78)  rank 3  Lambda -0.273  lag-cov ranks [3, 3, 3, 3, 3, 3]  best float margin -0.0000  exact balanced Q: no
   m = (1, 1, 1, 1, 22, 78, 29)  rank 3  Lambda -0.401  lag-cov ranks [3, 3, 3, 3, 3, 3]  best float margin -0.0000  exact balanced Q: no
   m = (1, 1, 1, 1, 22, 78, 36)  rank 3  Lambda -0.370  lag-cov ranks [3, 3, 3, 3, 3, 3]  best float margin -0.0000  exact balanced Q: no
   m = (1, 1, 1, 1, 22, 78, 43)  rank 3  Lambda -0.345  lag-cov ranks [3, 3, 3, 3, 3, 3]  best float margin -0.0000  exact balanced Q: no
   m = (1, 1, 1, 1, 22, 78, 50)  rank 3  Lambda -0.323  lag-cov ranks [3, 3, 3, 3, 3, 3]  best float margin -0.0000  exact balanced Q: no
   m = (1, 1, 1, 1, 22, 78, 57)  rank 3  Lambda -0.304  lag-cov ranks [3, 3, 3, 3, 3, 3]  best float margin -0.0000  exact balanced Q: no
   m = (1, 1, 1, 1, 22, 78, 64)  rank 3  Lambda -0.288  lag-cov ranks [3, 3, 3, 3, 3, 3]  best float margin -0.0000  exact balanced Q: no
   m = (1, 1, 1, 1, 22, 78, 71)  rank 3  Lambda -0.273  lag-cov ranks [3, 3, 3, 3, 3, 3]  best float margin -0.0000  exact balanced Q: no
   m = (1, 1, 1, 1, 29, 8, 36)  rank 3  Lambda -0.656  lag-cov ranks [3, 3, 3, 3, 3, 3]  best float margin -0.0000  exact balanced Q: no
   m = (1, 1, 1, 1, 29, 8, 43)  rank 3  Lambda -0.630  lag-cov ranks [3, 3, 3, 3, 3, 3]  best float margin -0.0000  exact balanced Q: no
   m = (1, 1, 1, 1, 29, 8, 50)  rank 3  Lambda -0.609  lag-cov ranks [3, 3, 3, 3, 3, 3]  best float margin -0.0000  exact balanced Q: no
   m = (1, 1, 1, 1, 29, 8, 57)  rank 3  Lambda -0.590  lag-cov ranks [3, 3, 3, 3, 3, 3]  best float margin -0.0000  exact balanced Q: no
   m = (1, 1, 1, 1, 29, 8, 71)  rank 3  Lambda -0.559  lag-cov ranks [3, 3, 3, 3, 3, 3]  best float margin -0.0000  exact balanced Q: no
   m = (1, 1, 1, 1, 29, 8, 78)  rank 3  Lambda -0.545  lag-cov ranks [3, 3, 3, 3, 3, 3]  best float margin -0.0000  exact balanced Q: no
   m = (1, 1, 1, 1, 29, 15, 36)  rank 3  Lambda -0.566  lag-cov ranks [3, 3, 3, 3, 3, 3]  best float margin -0.0000  exact balanced Q: no
   m = (1, 1, 1, 1, 29, 15, 43)  rank 3  Lambda -0.541  lag-cov ranks [3, 3, 3, 3, 3, 3]  best float margin -0.0000  exact balanced Q: no
   m = (1, 1, 1, 1, 29, 15, 50)  rank 3  Lambda -0.519  lag-cov ranks [3, 3, 3, 3, 3, 3]  best float margin -0.0000  exact balanced Q: no
   m = (1, 1, 1, 1, 29, 15, 57)  rank 3  Lambda -0.500  lag-cov ranks [3, 3, 3, 3, 3, 3]  best float margin -0.0000  exact balanced Q: no
   m = (1, 1, 1, 1, 29, 15, 64)  rank 3  Lambda -0.484  lag-cov ranks [3, 3, 3, 3, 3, 3]  best float margin -0.0000  exact balanced Q: no
   m = (1, 1, 1, 1, 29, 15, 71)  rank 3  Lambda -0.469  lag-cov ranks [3, 3, 3, 3, 3, 3]  best float margin -0.0000  exact balanced Q: no
   m = (1, 1, 1, 1, 29, 15, 78)  rank 3  Lambda -0.456  lag-cov ranks [3, 3, 3, 3, 3, 3]  best float margin -0.0000  exact balanced Q: no
   m = (1, 1, 1, 1, 29, 22, 36)  rank 3  Lambda -0.511  lag-cov ranks [3, 3, 3, 3, 3, 3]  best float margin -0.0000  exact balanced Q: no
   m = (1, 1, 1, 1, 29, 22, 43)  rank 3  Lambda -0.486  lag-cov ranks [3, 3, 3, 3, 3, 3]  best float margin -0.0000  exact balanced Q: no
   m = (1, 1, 1, 1, 29, 22, 50)  rank 3  Lambda -0.464  lag-cov ranks [3, 3, 3, 3, 3, 3]  best float margin -0.0000  exact balanced Q: no
   m = (1, 1, 1, 1, 29, 22, 57)  rank 3  Lambda -0.446  lag-cov ranks [3, 3, 3, 3, 3, 3]  best float margin -0.0000  exact balanced Q: no
   m = (1, 1, 1, 1, 29, 22, 64)  rank 3  Lambda -0.429  lag-cov ranks [3, 3, 3, 3, 3, 3]  best float margin -0.0000  exact balanced Q: no
   m = (1, 1, 1, 1, 29, 22, 71)  rank 3  Lambda -0.414  lag-cov ranks [3, 3, 3, 3, 3, 3]  best float margin -0.0000  exact balanced Q: no
   m = (1, 1, 1, 1, 29, 22, 78)  rank 3  Lambda -0.401  lag-cov ranks [3, 3, 3, 3, 3, 3]  best float margin -0.0000  exact balanced Q: no
   m = (1, 1, 1, 1, 29, 36, 43)  rank 3  Lambda -0.416  lag-cov ranks [3, 3, 3, 3, 3, 3]  best float margin -0.0000  exact balanced Q: no
   m = (1, 1, 1, 1, 29, 36, 50)  rank 3  Lambda -0.394  lag-cov ranks [3, 3, 3, 3, 3, 3]  best float margin -0.0000  exact balanced Q: no
   m = (1, 1, 1, 1, 29, 36, 57)  rank 3  Lambda -0.375  lag-cov ranks [3, 3, 3, 3, 3, 3]  best float margin -0.0000  exact balanced Q: no
   m = (1, 1, 1, 1, 29, 36, 64)  rank 3  Lambda -0.359  lag-cov ranks [3, 3, 3, 3, 3, 3]  best float margin -0.0000  exact balanced Q: no
   m = (1, 1, 1, 1, 29, 36, 71)  rank 3  Lambda -0.344  lag-cov ranks [3, 3, 3, 3, 3, 3]  best float margin -0.0000  exact balanced Q: no
   m = (1, 1, 1, 1, 29, 36, 78)  rank 3  Lambda -0.331  lag-cov ranks [3, 3, 3, 3, 3, 3]  best float margin -0.0000  exact balanced Q: no
   m = (1, 1, 1, 1, 29, 43, 36)  rank 3  Lambda -0.416  lag-cov ranks [3, 3, 3, 3, 3, 3]  best float margin -0.0000  exact balanced Q: no
   m = (1, 1, 1, 1, 29, 43, 50)  rank 3  Lambda -0.369  lag-cov ranks [3, 3, 3, 3, 3, 3]  best float margin -0.0000  exact balanced Q: no
   m = (1, 1, 1, 1, 29, 43, 57)  rank 3  Lambda -0.350  lag-cov ranks [3, 3, 3, 3, 3, 3]  best float margin -0.0000  exact balanced Q: no
   m = (1, 1, 1, 1, 29, 43, 64)  rank 3  Lambda -0.333  lag-cov ranks [3, 3, 3, 3, 3, 3]  best float margin -0.0000  exact balanced Q: no
   m = (1, 1, 1, 1, 29, 43, 71)  rank 3  Lambda -0.319  lag-cov ranks [3, 3, 3, 3, 3, 3]  best float margin -0.0000  exact balanced Q: no
   m = (1, 1, 1, 1, 29, 43, 78)  rank 3  Lambda -0.305  lag-cov ranks [3, 3, 3, 3, 3, 3]  best float margin -0.0000  exact balanced Q: no
   m = (1, 1, 1, 1, 29, 50, 36)  rank 3  Lambda -0.394  lag-cov ranks [3, 3, 3, 3, 3, 3]  best float margin -0.0000  exact balanced Q: no
   m = (1, 1, 1, 1, 29, 50, 43)  rank 3  Lambda -0.369  lag-cov ranks [3, 3, 3, 3, 3, 3]  best float margin -0.0000  exact balanced Q: no
   m = (1, 1, 1, 1, 29, 50, 57)  rank 3  Lambda -0.328  lag-cov ranks [3, 3, 3, 3, 3, 3]  best float margin -0.0000  exact balanced Q: no
   m = (1, 1, 1, 1, 29, 50, 64)  rank 3  Lambda -0.312  lag-cov ranks [3, 3, 3, 3, 3, 3]  best float margin -0.0000  exact balanced Q: no
   m = (1, 1, 1, 1, 29, 50, 71)  rank 3  Lambda -0.297  lag-cov ranks [3, 3, 3, 3, 3, 3]  best float margin -0.0000  exact balanced Q: no
   m = (1, 1, 1, 1, 29, 50, 78)  rank 3  Lambda -0.284  lag-cov ranks [3, 3, 3, 3, 3, 3]  best float margin -0.0000  exact balanced Q: no
   m = (1, 1, 1, 1, 29, 57, 36)  rank 3  Lambda -0.375  lag-cov ranks [3, 3, 3, 3, 3, 3]  best float margin -0.0000  exact balanced Q: no
   m = (1, 1, 1, 1, 29, 57, 43)  rank 3  Lambda -0.350  lag-cov ranks [3, 3, 3, 3, 3, 3]  best float margin -0.0000  exact balanced Q: no
   m = (1, 1, 1, 1, 29, 57, 50)  rank 3  Lambda -0.328  lag-cov ranks [3, 3, 3, 3, 3, 3]  best float margin -0.0000  exact balanced Q: no
   m = (1, 1, 1, 1, 29, 57, 64)  rank 3  Lambda -0.293  lag-cov ranks [3, 3, 3, 3, 3, 3]  best float margin -0.0000  exact balanced Q: no
   m = (1, 1, 1, 1, 29, 57, 71)  rank 3  Lambda -0.278  lag-cov ranks [3, 3, 3, 3, 3, 3]  best float margin -0.0000  exact balanced Q: no
   m = (1, 1, 1, 1, 29, 57, 78)  rank 3  Lambda -0.265  lag-cov ranks [3, 3, 3, 3, 3, 3]  best float margin -0.0000  exact balanced Q: no
   m = (1, 1, 1, 1, 29, 64, 36)  rank 3  Lambda -0.359  lag-cov ranks [3, 3, 3, 3, 3, 3]  best float margin -0.0000  exact balanced Q: no
   m = (1, 1, 1, 1, 29, 64, 43)  rank 3  Lambda -0.333  lag-cov ranks [3, 3, 3, 3, 3, 3]  best float margin -0.0000  exact balanced Q: no
   m = (1, 1, 1, 1, 29, 64, 50)  rank 3  Lambda -0.312  lag-cov ranks [3, 3, 3, 3, 3, 3]  best float margin -0.0000  exact balanced Q: no
   m = (1, 1, 1, 1, 29, 64, 57)  rank 3  Lambda -0.293  lag-cov ranks [3, 3, 3, 3, 3, 3]  best float margin -0.0000  exact balanced Q: no
   m = (1, 1, 1, 1, 29, 64, 71)  rank 3  Lambda -0.262  lag-cov ranks [3, 3, 3, 3, 3, 3]  best float margin -0.0000  exact balanced Q: no
   m = (1, 1, 1, 1, 29, 64, 78)  rank 3  Lambda -0.248  lag-cov ranks [3, 3, 3, 3, 3, 3]  best float margin -0.0000  exact balanced Q: no
   m = (1, 1, 1, 1, 29, 71, 36)  rank 3  Lambda -0.344  lag-cov ranks [3, 3, 3, 3, 3, 3]  best float margin -0.0000  exact balanced Q: no
   m = (1, 1, 1, 1, 29, 71, 43)  rank 3  Lambda -0.319  lag-cov ranks [3, 3, 3, 3, 3, 3]  best float margin -0.0000  exact balanced Q: no
   m = (1, 1, 1, 1, 29, 71, 50)  rank 3  Lambda -0.297  lag-cov ranks [3, 3, 3, 3, 3, 3]  best float margin -0.0000  exact balanced Q: no
   m = (1, 1, 1, 1, 29, 71, 57)  rank 3  Lambda -0.278  lag-cov ranks [3, 3, 3, 3, 3, 3]  best float margin -0.0000  exact balanced Q: no
   m = (1, 1, 1, 1, 29, 71, 64)  rank 3  Lambda -0.262  lag-cov ranks [3, 3, 3, 3, 3, 3]  best float margin -0.0000  exact balanced Q: no
   m = (1, 1, 1, 1, 29, 71, 78)  rank 3  Lambda -0.234  lag-cov ranks [3, 3, 3, 3, 3, 3]  best float margin -0.0000  exact balanced Q: no
   m = (1, 1, 1, 1, 29, 78, 36)  rank 3  Lambda -0.331  lag-cov ranks [3, 3, 3, 3, 3, 3]  best float margin -0.0000  exact balanced Q: no
   m = (1, 1, 1, 1, 29, 78, 43)  rank 3  Lambda -0.305  lag-cov ranks [3, 3, 3, 3, 3, 3]  best float margin -0.0000  exact balanced Q: no
   m = (1, 1, 1, 1, 29, 78, 50)  rank 3  Lambda -0.284  lag-cov ranks [3, 3, 3, 3, 3, 3]  best float margin -0.0000  exact balanced Q: no
   m = (1, 1, 1, 1, 29, 78, 57)  rank 3  Lambda -0.265  lag-cov ranks [3, 3, 3, 3, 3, 3]  best float margin -0.0000  exact balanced Q: no
   m = (1, 1, 1, 1, 29, 78, 64)  rank 3  Lambda -0.248  lag-cov ranks [3, 3, 3, 3, 3, 3]  best float margin -0.0000  exact balanced Q: no
   m = (1, 1, 1, 1, 29, 78, 71)  rank 3  Lambda -0.234  lag-cov ranks [3, 3, 3, 3, 3, 3]  best float margin -0.0000  exact balanced Q: no
   m = (1, 1, 1, 1, 36, 8, 43)  rank 3  Lambda -0.600  lag-cov ranks [3, 3, 3, 3, 3, 3]  best float margin -0.0000  exact balanced Q: no
   m = (1, 1, 1, 1, 36, 8, 50)  rank 3  Lambda -0.578  lag-cov ranks [3, 3, 3, 3, 3, 3]  best float margin -0.0000  exact balanced Q: no
   m = (1, 1, 1, 1, 36, 8, 57)  rank 3  Lambda -0.559  lag-cov ranks [3, 3, 3, 3, 3, 3]  best float margin -0.0000  exact balanced Q: no
   m = (1, 1, 1, 1, 36, 8, 71)  rank 3  Lambda -0.528  lag-cov ranks [3, 3, 3, 3, 3, 3]  best float margin -0.0000  exact balanced Q: no
   m = (1, 1, 1, 1, 36, 8, 78)  rank 3  Lambda -0.515  lag-cov ranks [3, 3, 3, 3, 3, 3]  best float margin -0.0000  exact balanced Q: no
   m = (1, 1, 1, 1, 36, 15, 43)  rank 3  Lambda -0.510  lag-cov ranks [3, 3, 3, 3, 3, 3]  best float margin -0.0000  exact balanced Q: no
   m = (1, 1, 1, 1, 36, 15, 50)  rank 3  Lambda -0.488  lag-cov ranks [3, 3, 3, 3, 3, 3]  best float margin -0.0000  exact balanced Q: no
   m = (1, 1, 1, 1, 36, 15, 57)  rank 3  Lambda -0.470  lag-cov ranks [3, 3, 3, 3, 3, 3]  best float margin -0.0000  exact balanced Q: no
   m = (1, 1, 1, 1, 36, 15, 64)  rank 3  Lambda -0.453  lag-cov ranks [3, 3, 3, 3, 3, 3]  best float margin -0.0000  exact balanced Q: no
   m = (1, 1, 1, 1, 36, 15, 71)  rank 3  Lambda -0.438  lag-cov ranks [3, 3, 3, 3, 3, 3]  best float margin -0.0000  exact balanced Q: no
   m = (1, 1, 1, 1, 36, 15, 78)  rank 3  Lambda -0.425  lag-cov ranks [3, 3, 3, 3, 3, 3]  best float margin -0.0000  exact balanced Q: no
   m = (1, 1, 1, 1, 36, 22, 43)  rank 3  Lambda -0.455  lag-cov ranks [3, 3, 3, 3, 3, 3]  best float margin -0.0000  exact balanced Q: no
   m = (1, 1, 1, 1, 36, 22, 50)  rank 3  Lambda -0.434  lag-cov ranks [3, 3, 3, 3, 3, 3]  best float margin -0.0000  exact balanced Q: no
   m = (1, 1, 1, 1, 36, 22, 57)  rank 3  Lambda -0.415  lag-cov ranks [3, 3, 3, 3, 3, 3]  best float margin -0.0000  exact balanced Q: no
   m = (1, 1, 1, 1, 36, 22, 64)  rank 3  Lambda -0.398  lag-cov ranks [3, 3, 3, 3, 3, 3]  best float margin -0.0000  exact balanced Q: no
   m = (1, 1, 1, 1, 36, 22, 71)  rank 3  Lambda -0.383  lag-cov ranks [3, 3, 3, 3, 3, 3]  best float margin -0.0000  exact balanced Q: no
   m = (1, 1, 1, 1, 36, 22, 78)  rank 3  Lambda -0.370  lag-cov ranks [3, 3, 3, 3, 3, 3]  best float margin -0.0000  exact balanced Q: no
   m = (1, 1, 1, 1, 36, 29, 43)  rank 3  Lambda -0.416  lag-cov ranks [3, 3, 3, 3, 3, 3]  best float margin -0.0000  exact balanced Q: no
   m = (1, 1, 1, 1, 36, 29, 50)  rank 3  Lambda -0.394  lag-cov ranks [3, 3, 3, 3, 3, 3]  best float margin -0.0000  exact balanced Q: no
   m = (1, 1, 1, 1, 36, 29, 57)  rank 3  Lambda -0.375  lag-cov ranks [3, 3, 3, 3, 3, 3]  best float margin -0.0000  exact balanced Q: no
   m = (1, 1, 1, 1, 36, 29, 64)  rank 3  Lambda -0.359  lag-cov ranks [3, 3, 3, 3, 3, 3]  best float margin -0.0000  exact balanced Q: no
   m = (1, 1, 1, 1, 36, 29, 71)  rank 3  Lambda -0.344  lag-cov ranks [3, 3, 3, 3, 3, 3]  best float margin -0.0000  exact balanced Q: no
   m = (1, 1, 1, 1, 36, 29, 78)  rank 3  Lambda -0.331  lag-cov ranks [3, 3, 3, 3, 3, 3]  best float margin -0.0000  exact balanced Q: no
   m = (1, 1, 1, 1, 36, 43, 50)  rank 3  Lambda -0.338  lag-cov ranks [3, 3, 3, 3, 3, 3]  best float margin -0.0000  exact balanced Q: no
   m = (1, 1, 1, 1, 36, 43, 57)  rank 3  Lambda -0.319  lag-cov ranks [3, 3, 3, 3, 3, 3]  best float margin -0.0000  exact balanced Q: no
   m = (1, 1, 1, 1, 36, 43, 64)  rank 3  Lambda -0.303  lag-cov ranks [3, 3, 3, 3, 3, 3]  best float margin -0.0000  exact balanced Q: no
   m = (1, 1, 1, 1, 36, 43, 71)  rank 3  Lambda -0.288  lag-cov ranks [3, 3, 3, 3, 3, 3]  best float margin -0.0000  exact balanced Q: no
   m = (1, 1, 1, 1, 36, 43, 78)  rank 3  Lambda -0.274  lag-cov ranks [3, 3, 3, 3, 3, 3]  best float margin -0.0000  exact balanced Q: no
   m = (1, 1, 1, 1, 36, 50, 43)  rank 3  Lambda -0.338  lag-cov ranks [3, 3, 3, 3, 3, 3]  best float margin -0.0000  exact balanced Q: no
   m = (1, 1, 1, 1, 36, 50, 57)  rank 3  Lambda -0.298  lag-cov ranks [3, 3, 3, 3, 3, 3]  best float margin -0.0000  exact balanced Q: no
   m = (1, 1, 1, 1, 36, 50, 64)  rank 3  Lambda -0.281  lag-cov ranks [3, 3, 3, 3, 3, 3]  best float margin -0.0000  exact balanced Q: no
   m = (1, 1, 1, 1, 36, 50, 71)  rank 3  Lambda -0.266  lag-cov ranks [3, 3, 3, 3, 3, 3]  best float margin -0.0000  exact balanced Q: no
   m = (1, 1, 1, 1, 36, 50, 78)  rank 3  Lambda -0.253  lag-cov ranks [3, 3, 3, 3, 3, 3]  best float margin -0.0000  exact balanced Q: no
   m = (1, 1, 1, 1, 36, 57, 43)  rank 3  Lambda -0.319  lag-cov ranks [3, 3, 3, 3, 3, 3]  best float margin -0.0000  exact balanced Q: no
   m = (1, 1, 1, 1, 36, 57, 50)  rank 3  Lambda -0.298  lag-cov ranks [3, 3, 3, 3, 3, 3]  best float margin -0.0000  exact balanced Q: no
   m = (1, 1, 1, 1, 36, 57, 64)  rank 3  Lambda -0.262  lag-cov ranks [3, 3, 3, 3, 3, 3]  best float margin -0.0000  exact balanced Q: no
   m = (1, 1, 1, 1, 36, 57, 71)  rank 3  Lambda -0.247  lag-cov ranks [3, 3, 3, 3, 3, 3]  best float margin -0.0000  exact balanced Q: no
   m = (1, 1, 1, 1, 36, 57, 78)  rank 3  Lambda -0.234  lag-cov ranks [3, 3, 3, 3, 3, 3]  best float margin -0.0000  exact balanced Q: no
   m = (1, 1, 1, 1, 36, 64, 43)  rank 3  Lambda -0.303  lag-cov ranks [3, 3, 3, 3, 3, 3]  best float margin -0.0000  exact balanced Q: no
   m = (1, 1, 1, 1, 36, 64, 50)  rank 3  Lambda -0.281  lag-cov ranks [3, 3, 3, 3, 3, 3]  best float margin -0.0000  exact balanced Q: no
   m = (1, 1, 1, 1, 36, 64, 57)  rank 3  Lambda -0.262  lag-cov ranks [3, 3, 3, 3, 3, 3]  best float margin -0.0000  exact balanced Q: no
   m = (1, 1, 1, 1, 36, 64, 71)  rank 3  Lambda -0.231  lag-cov ranks [3, 3, 3, 3, 3, 3]  best float margin -0.0000  exact balanced Q: no
   m = (1, 1, 1, 1, 36, 64, 78)  rank 3  Lambda -0.217  lag-cov ranks [3, 3, 3, 3, 3, 3]  best float margin -0.0000  exact balanced Q: no
   m = (1, 1, 1, 1, 36, 71, 43)  rank 3  Lambda -0.288  lag-cov ranks [3, 3, 3, 3, 3, 3]  best float margin -0.0000  exact balanced Q: no
   m = (1, 1, 1, 1, 36, 71, 50)  rank 3  Lambda -0.266  lag-cov ranks [3, 3, 3, 3, 3, 3]  best float margin -0.0000  exact balanced Q: no
   m = (1, 1, 1, 1, 36, 71, 57)  rank 3  Lambda -0.247  lag-cov ranks [3, 3, 3, 3, 3, 3]  best float margin -0.0000  exact balanced Q: no
   m = (1, 1, 1, 1, 36, 71, 64)  rank 3  Lambda -0.231  lag-cov ranks [3, 3, 3, 3, 3, 3]  best float margin -0.0000  exact balanced Q: no
   m = (1, 1, 1, 1, 36, 71, 78)  rank 3  Lambda -0.203  lag-cov ranks [3, 3, 3, 3, 3, 3]  best float margin -0.0000  exact balanced Q: no
   m = (1, 1, 1, 1, 36, 78, 43)  rank 3  Lambda -0.274  lag-cov ranks [3, 3, 3, 3, 3, 3]  best float margin -0.0000  exact balanced Q: no
   m = (1, 1, 1, 1, 36, 78, 50)  rank 3  Lambda -0.253  lag-cov ranks [3, 3, 3, 3, 3, 3]  best float margin -0.0000  exact balanced Q: no
   m = (1, 1, 1, 1, 36, 78, 57)  rank 3  Lambda -0.234  lag-cov ranks [3, 3, 3, 3, 3, 3]  best float margin -0.0000  exact balanced Q: no
   m = (1, 1, 1, 1, 36, 78, 64)  rank 3  Lambda -0.217  lag-cov ranks [3, 3, 3, 3, 3, 3]  best float margin -0.0000  exact balanced Q: no
   m = (1, 1, 1, 1, 36, 78, 71)  rank 3  Lambda -0.203  lag-cov ranks [3, 3, 3, 3, 3, 3]  best float margin -0.0000  exact balanced Q: no
   m = (1, 1, 1, 1, 43, 8, 50)  rank 3  Lambda -0.553  lag-cov ranks [3, 3, 3, 3, 3, 3]  best float margin -0.0000  exact balanced Q: no
   m = (1, 1, 1, 1, 43, 8, 57)  rank 3  Lambda -0.534  lag-cov ranks [3, 3, 3, 3, 3, 3]  best float margin -0.0000  exact balanced Q: no
   m = (1, 1, 1, 1, 43, 8, 71)  rank 3  Lambda -0.503  lag-cov ranks [3, 3, 3, 3, 3, 3]  best float margin -0.0000  exact balanced Q: no
   m = (1, 1, 1, 1, 43, 8, 78)  rank 3  Lambda -0.489  lag-cov ranks [3, 3, 3, 3, 3, 3]  best float margin -0.0000  exact balanced Q: no
   m = (1, 1, 1, 1, 43, 15, 50)  rank 3  Lambda -0.463  lag-cov ranks [3, 3, 3, 3, 3, 3]  best float margin -0.0000  exact balanced Q: no
   m = (1, 1, 1, 1, 43, 15, 57)  rank 3  Lambda -0.444  lag-cov ranks [3, 3, 3, 3, 3, 3]  best float margin -0.0000  exact balanced Q: no
   m = (1, 1, 1, 1, 43, 15, 64)  rank 3  Lambda -0.428  lag-cov ranks [3, 3, 3, 3, 3, 3]  best float margin -0.0000  exact balanced Q: no
   m = (1, 1, 1, 1, 43, 15, 71)  rank 3  Lambda -0.413  lag-cov ranks [3, 3, 3, 3, 3, 3]  best float margin -0.0000  exact balanced Q: no
   m = (1, 1, 1, 1, 43, 15, 78)  rank 3  Lambda -0.399  lag-cov ranks [3, 3, 3, 3, 3, 3]  best float margin -0.0000  exact balanced Q: no
   m = (1, 1, 1, 1, 43, 22, 50)  rank 3  Lambda -0.408  lag-cov ranks [3, 3, 3, 3, 3, 3]  best float margin -0.0000  exact balanced Q: no
   m = (1, 1, 1, 1, 43, 22, 57)  rank 3  Lambda -0.389  lag-cov ranks [3, 3, 3, 3, 3, 3]  best float margin -0.0000  exact balanced Q: no
   m = (1, 1, 1, 1, 43, 22, 64)  rank 3  Lambda -0.373  lag-cov ranks [3, 3, 3, 3, 3, 3]  best float margin -0.0000  exact balanced Q: no
   m = (1, 1, 1, 1, 43, 22, 71)  rank 3  Lambda -0.358  lag-cov ranks [3, 3, 3, 3, 3, 3]  best float margin -0.0000  exact balanced Q: no
   m = (1, 1, 1, 1, 43, 22, 78)  rank 3  Lambda -0.345  lag-cov ranks [3, 3, 3, 3, 3, 3]  best float margin -0.0000  exact balanced Q: no
   m = (1, 1, 1, 1, 43, 29, 50)  rank 3  Lambda -0.369  lag-cov ranks [3, 3, 3, 3, 3, 3]  best float margin -0.0000  exact balanced Q: no
   m = (1, 1, 1, 1, 43, 29, 57)  rank 3  Lambda -0.350  lag-cov ranks [3, 3, 3, 3, 3, 3]  best float margin -0.0000  exact balanced Q: no
   m = (1, 1, 1, 1, 43, 29, 64)  rank 3  Lambda -0.333  lag-cov ranks [3, 3, 3, 3, 3, 3]  best float margin -0.0000  exact balanced Q: no
   m = (1, 1, 1, 1, 43, 29, 71)  rank 3  Lambda -0.319  lag-cov ranks [3, 3, 3, 3, 3, 3]  best float margin -0.0000  exact balanced Q: no
   m = (1, 1, 1, 1, 43, 29, 78)  rank 3  Lambda -0.305  lag-cov ranks [3, 3, 3, 3, 3, 3]  best float margin -0.0000  exact balanced Q: no
   m = (1, 1, 1, 1, 43, 36, 50)  rank 3  Lambda -0.338  lag-cov ranks [3, 3, 3, 3, 3, 3]  best float margin -0.0000  exact balanced Q: no
   m = (1, 1, 1, 1, 43, 36, 57)  rank 3  Lambda -0.319  lag-cov ranks [3, 3, 3, 3, 3, 3]  best float margin -0.0000  exact balanced Q: no
   m = (1, 1, 1, 1, 43, 36, 64)  rank 3  Lambda -0.303  lag-cov ranks [3, 3, 3, 3, 3, 3]  best float margin -0.0000  exact balanced Q: no
   m = (1, 1, 1, 1, 43, 36, 71)  rank 3  Lambda -0.288  lag-cov ranks [3, 3, 3, 3, 3, 3]  best float margin -0.0000  exact balanced Q: no
   m = (1, 1, 1, 1, 43, 36, 78)  rank 3  Lambda -0.274  lag-cov ranks [3, 3, 3, 3, 3, 3]  best float margin -0.0000  exact balanced Q: no
   m = (1, 1, 1, 1, 43, 50, 57)  rank 3  Lambda -0.272  lag-cov ranks [3, 3, 3, 3, 3, 3]  best float margin -0.0000  exact balanced Q: no
   m = (1, 1, 1, 1, 43, 50, 64)  rank 3  Lambda -0.256  lag-cov ranks [3, 3, 3, 3, 3, 3]  best float margin -0.0000  exact balanced Q: no
   m = (1, 1, 1, 1, 43, 50, 71)  rank 3  Lambda -0.241  lag-cov ranks [3, 3, 3, 3, 3, 3]  best float margin -0.0000  exact balanced Q: no
   m = (1, 1, 1, 1, 43, 50, 78)  rank 3  Lambda -0.227  lag-cov ranks [3, 3, 3, 3, 3, 3]  best float margin -0.0000  exact balanced Q: no
   m = (1, 1, 1, 1, 43, 57, 50)  rank 3  Lambda -0.272  lag-cov ranks [3, 3, 3, 3, 3, 3]  best float margin -0.0000  exact balanced Q: no
   m = (1, 1, 1, 1, 43, 57, 64)  rank 3  Lambda -0.237  lag-cov ranks [3, 3, 3, 3, 3, 3]  best float margin -0.0000  exact balanced Q: no
   m = (1, 1, 1, 1, 43, 57, 71)  rank 3  Lambda -0.222  lag-cov ranks [3, 3, 3, 3, 3, 3]  best float margin -0.0000  exact balanced Q: no
   m = (1, 1, 1, 1, 43, 57, 78)  rank 3  Lambda -0.209  lag-cov ranks [3, 3, 3, 3, 3, 3]  best float margin -0.0000  exact balanced Q: no
   m = (1, 1, 1, 1, 43, 64, 50)  rank 3  Lambda -0.256  lag-cov ranks [3, 3, 3, 3, 3, 3]  best float margin +0.0591  exact balanced Q: YES (den 4) Q=[['2', '-1/2', '0'], ['-1/2', '7/4', '-1/4'], ['0', '-1/4', '2']]
   m = (1, 1, 1, 1, 43, 64, 57)  rank 3  Lambda -0.237  lag-cov ranks [3, 3, 3, 3, 3, 3]  best float margin -0.0000  exact balanced Q: no
   m = (1, 1, 1, 1, 43, 64, 71)  rank 3  Lambda -0.206  lag-cov ranks [3, 3, 3, 3, 3, 3]  best float margin -0.0000  exact balanced Q: no
   m = (1, 1, 1, 1, 43, 64, 78)  rank 3  Lambda -0.192  lag-cov ranks [3, 3, 3, 3, 3, 3]  best float margin -0.0000  exact balanced Q: no
   m = (1, 1, 1, 1, 43, 71, 50)  rank 3  Lambda -0.241  lag-cov ranks [3, 3, 3, 3, 3, 3]  best float margin -0.0000  exact balanced Q: no
   m = (1, 1, 1, 1, 43, 71, 57)  rank 3  Lambda -0.222  lag-cov ranks [3, 3, 3, 3, 3, 3]  best float margin -0.0000  exact balanced Q: no
   m = (1, 1, 1, 1, 43, 71, 64)  rank 3  Lambda -0.206  lag-cov ranks [3, 3, 3, 3, 3, 3]  best float margin -0.0000  exact balanced Q: no
   m = (1, 1, 1, 1, 43, 71, 78)  rank 3  Lambda -0.177  lag-cov ranks [3, 3, 3, 3, 3, 3]  best float margin -0.0000  exact balanced Q: no
   m = (1, 1, 1, 1, 43, 78, 50)  rank 3  Lambda -0.227  lag-cov ranks [3, 3, 3, 3, 3, 3]  best float margin -0.0000  exact balanced Q: no
   m = (1, 1, 1, 1, 43, 78, 57)  rank 3  Lambda -0.209  lag-cov ranks [3, 3, 3, 3, 3, 3]  best float margin -0.0000  exact balanced Q: no
   m = (1, 1, 1, 1, 43, 78, 64)  rank 3  Lambda -0.192  lag-cov ranks [3, 3, 3, 3, 3, 3]  best float margin -0.0000  exact balanced Q: no
   m = (1, 1, 1, 1, 43, 78, 71)  rank 3  Lambda -0.177  lag-cov ranks [3, 3, 3, 3, 3, 3]  best float margin -0.0000  exact balanced Q: no
   m = (1, 1, 1, 1, 50, 8, 57)  rank 3  Lambda -0.512  lag-cov ranks [3, 3, 3, 3, 3, 3]  best float margin -0.0000  exact balanced Q: no
   m = (1, 1, 1, 1, 50, 8, 71)  rank 3  Lambda -0.481  lag-cov ranks [3, 3, 3, 3, 3, 3]  best float margin -0.0000  exact balanced Q: no
   m = (1, 1, 1, 1, 50, 8, 78)  rank 3  Lambda -0.468  lag-cov ranks [3, 3, 3, 3, 3, 3]  best float margin -0.0000  exact balanced Q: no
   m = (1, 1, 1, 1, 50, 15, 57)  rank 3  Lambda -0.423  lag-cov ranks [3, 3, 3, 3, 3, 3]  best float margin -0.0000  exact balanced Q: no
   m = (1, 1, 1, 1, 50, 15, 64)  rank 3  Lambda -0.406  lag-cov ranks [3, 3, 3, 3, 3, 3]  best float margin -0.0000  exact balanced Q: no
   m = (1, 1, 1, 1, 50, 15, 71)  rank 3  Lambda -0.391  lag-cov ranks [3, 3, 3, 3, 3, 3]  best float margin -0.0000  exact balanced Q: no
   m = (1, 1, 1, 1, 50, 15, 78)  rank 3  Lambda -0.378  lag-cov ranks [3, 3, 3, 3, 3, 3]  best float margin -0.0000  exact balanced Q: no
   m = (1, 1, 1, 1, 50, 22, 57)  rank 3  Lambda -0.368  lag-cov ranks [3, 3, 3, 3, 3, 3]  best float margin -0.0000  exact balanced Q: no
   m = (1, 1, 1, 1, 50, 22, 64)  rank 3  Lambda -0.351  lag-cov ranks [3, 3, 3, 3, 3, 3]  best float margin -0.0000  exact balanced Q: no
   m = (1, 1, 1, 1, 50, 22, 71)  rank 3  Lambda -0.337  lag-cov ranks [3, 3, 3, 3, 3, 3]  best float margin -0.0000  exact balanced Q: no
   m = (1, 1, 1, 1, 50, 22, 78)  rank 3  Lambda -0.323  lag-cov ranks [3, 3, 3, 3, 3, 3]  best float margin -0.0000  exact balanced Q: no
   m = (1, 1, 1, 1, 50, 29, 57)  rank 3  Lambda -0.328  lag-cov ranks [3, 3, 3, 3, 3, 3]  best float margin -0.0000  exact balanced Q: no
   m = (1, 1, 1, 1, 50, 29, 64)  rank 3  Lambda -0.312  lag-cov ranks [3, 3, 3, 3, 3, 3]  best float margin -0.0000  exact balanced Q: no
   m = (1, 1, 1, 1, 50, 29, 71)  rank 3  Lambda -0.297  lag-cov ranks [3, 3, 3, 3, 3, 3]  best float margin -0.0000  exact balanced Q: no
   m = (1, 1, 1, 1, 50, 29, 78)  rank 3  Lambda -0.284  lag-cov ranks [3, 3, 3, 3, 3, 3]  best float margin -0.0000  exact balanced Q: no
   m = (1, 1, 1, 1, 50, 36, 57)  rank 3  Lambda -0.298  lag-cov ranks [3, 3, 3, 3, 3, 3]  best float margin -0.0000  exact balanced Q: no
   m = (1, 1, 1, 1, 50, 36, 64)  rank 3  Lambda -0.281  lag-cov ranks [3, 3, 3, 3, 3, 3]  best float margin -0.0000  exact balanced Q: no
   m = (1, 1, 1, 1, 50, 36, 71)  rank 3  Lambda -0.266  lag-cov ranks [3, 3, 3, 3, 3, 3]  best float margin -0.0000  exact balanced Q: no
   m = (1, 1, 1, 1, 50, 36, 78)  rank 3  Lambda -0.253  lag-cov ranks [3, 3, 3, 3, 3, 3]  best float margin -0.0000  exact balanced Q: no
   m = (1, 1, 1, 1, 50, 43, 57)  rank 3  Lambda -0.272  lag-cov ranks [3, 3, 3, 3, 3, 3]  best float margin -0.0000  exact balanced Q: no
   m = (1, 1, 1, 1, 50, 43, 64)  rank 3  Lambda -0.256  lag-cov ranks [3, 3, 3, 3, 3, 3]  best float margin -0.0000  exact balanced Q: no
   m = (1, 1, 1, 1, 50, 43, 71)  rank 3  Lambda -0.241  lag-cov ranks [3, 3, 3, 3, 3, 3]  best float margin -0.0000  exact balanced Q: no
   m = (1, 1, 1, 1, 50, 43, 78)  rank 3  Lambda -0.227  lag-cov ranks [3, 3, 3, 3, 3, 3]  best float margin -0.0000  exact balanced Q: no
   m = (1, 1, 1, 1, 50, 57, 64)  rank 3  Lambda -0.215  lag-cov ranks [3, 3, 3, 3, 3, 3]  best float margin -0.0000  exact balanced Q: no
   m = (1, 1, 1, 1, 50, 57, 71)  rank 3  Lambda -0.201  lag-cov ranks [3, 3, 3, 3, 3, 3]  best float margin -0.0000  exact balanced Q: no
   m = (1, 1, 1, 1, 50, 57, 78)  rank 3  Lambda -0.187  lag-cov ranks [3, 3, 3, 3, 3, 3]  best float margin -0.0000  exact balanced Q: no
   m = (1, 1, 1, 1, 50, 64, 57)  rank 3  Lambda -0.215  lag-cov ranks [3, 3, 3, 3, 3, 3]  best float margin -0.0000  exact balanced Q: no
   m = (1, 1, 1, 1, 50, 64, 71)  rank 3  Lambda -0.184  lag-cov ranks [3, 3, 3, 3, 3, 3]  best float margin -0.0000  exact balanced Q: no
   m = (1, 1, 1, 1, 50, 64, 78)  rank 3  Lambda -0.171  lag-cov ranks [3, 3, 3, 3, 3, 3]  best float margin -0.0000  exact balanced Q: no
   m = (1, 1, 1, 1, 50, 71, 57)  rank 3  Lambda -0.201  lag-cov ranks [3, 3, 3, 3, 3, 3]  best float margin -0.0000  exact balanced Q: no
   m = (1, 1, 1, 1, 50, 71, 64)  rank 3  Lambda -0.184  lag-cov ranks [3, 3, 3, 3, 3, 3]  best float margin -0.0000  exact balanced Q: no
   m = (1, 1, 1, 1, 50, 71, 78)  rank 3  Lambda -0.156  lag-cov ranks [3, 3, 3, 3, 3, 3]  best float margin -0.0000  exact balanced Q: no
   m = (1, 1, 1, 1, 50, 78, 57)  rank 3  Lambda -0.187  lag-cov ranks [3, 3, 3, 3, 3, 3]  best float margin -0.0000  exact balanced Q: no
   m = (1, 1, 1, 1, 50, 78, 64)  rank 3  Lambda -0.171  lag-cov ranks [3, 3, 3, 3, 3, 3]  best float margin -0.0000  exact balanced Q: no
   m = (1, 1, 1, 1, 50, 78, 71)  rank 3  Lambda -0.156  lag-cov ranks [3, 3, 3, 3, 3, 3]  best float margin -0.0000  exact balanced Q: no
   m = (1, 1, 1, 1, 57, 8, 71)  rank 3  Lambda -0.462  lag-cov ranks [3, 3, 3, 3, 3, 3]  best float margin -0.0000  exact balanced Q: no
   m = (1, 1, 1, 1, 57, 8, 78)  rank 3  Lambda -0.449  lag-cov ranks [3, 3, 3, 3, 3, 3]  best float margin -0.0000  exact balanced Q: no
   m = (1, 1, 1, 1, 57, 15, 64)  rank 3  Lambda -0.387  lag-cov ranks [3, 3, 3, 3, 3, 3]  best float margin -0.0000  exact balanced Q: no
   m = (1, 1, 1, 1, 57, 15, 71)  rank 3  Lambda -0.373  lag-cov ranks [3, 3, 3, 3, 3, 3]  best float margin -0.0000  exact balanced Q: no
   m = (1, 1, 1, 1, 57, 15, 78)  rank 3  Lambda -0.359  lag-cov ranks [3, 3, 3, 3, 3, 3]  best float margin -0.0000  exact balanced Q: no
   m = (1, 1, 1, 1, 57, 22, 64)  rank 3  Lambda -0.333  lag-cov ranks [3, 3, 3, 3, 3, 3]  best float margin -0.0000  exact balanced Q: no
   m = (1, 1, 1, 1, 57, 22, 71)  rank 3  Lambda -0.318  lag-cov ranks [3, 3, 3, 3, 3, 3]  best float margin -0.0000  exact balanced Q: no
   m = (1, 1, 1, 1, 57, 22, 78)  rank 3  Lambda -0.304  lag-cov ranks [3, 3, 3, 3, 3, 3]  best float margin -0.0000  exact balanced Q: no
   m = (1, 1, 1, 1, 57, 29, 64)  rank 3  Lambda -0.293  lag-cov ranks [3, 3, 3, 3, 3, 3]  best float margin -0.0000  exact balanced Q: no
   m = (1, 1, 1, 1, 57, 29, 71)  rank 3  Lambda -0.278  lag-cov ranks [3, 3, 3, 3, 3, 3]  best float margin -0.0000  exact balanced Q: no
   m = (1, 1, 1, 1, 57, 29, 78)  rank 3  Lambda -0.265  lag-cov ranks [3, 3, 3, 3, 3, 3]  best float margin -0.0000  exact balanced Q: no
   m = (1, 1, 1, 1, 57, 36, 64)  rank 3  Lambda -0.262  lag-cov ranks [3, 3, 3, 3, 3, 3]  best float margin -0.0000  exact balanced Q: no
   m = (1, 1, 1, 1, 57, 36, 71)  rank 3  Lambda -0.247  lag-cov ranks [3, 3, 3, 3, 3, 3]  best float margin -0.0000  exact balanced Q: no
   m = (1, 1, 1, 1, 57, 36, 78)  rank 3  Lambda -0.234  lag-cov ranks [3, 3, 3, 3, 3, 3]  best float margin -0.0000  exact balanced Q: no
   m = (1, 1, 1, 1, 57, 43, 64)  rank 3  Lambda -0.237  lag-cov ranks [3, 3, 3, 3, 3, 3]  best float margin -0.0000  exact balanced Q: no
   m = (1, 1, 1, 1, 57, 43, 71)  rank 3  Lambda -0.222  lag-cov ranks [3, 3, 3, 3, 3, 3]  best float margin -0.0000  exact balanced Q: no
   m = (1, 1, 1, 1, 57, 43, 78)  rank 3  Lambda -0.209  lag-cov ranks [3, 3, 3, 3, 3, 3]  best float margin -0.0000  exact balanced Q: no
   m = (1, 1, 1, 1, 57, 50, 64)  rank 3  Lambda -0.215  lag-cov ranks [3, 3, 3, 3, 3, 3]  best float margin -0.0000  exact balanced Q: no
   m = (1, 1, 1, 1, 57, 50, 71)  rank 3  Lambda -0.201  lag-cov ranks [3, 3, 3, 3, 3, 3]  best float margin -0.0000  exact balanced Q: no
   m = (1, 1, 1, 1, 57, 50, 78)  rank 3  Lambda -0.187  lag-cov ranks [3, 3, 3, 3, 3, 3]  best float margin -0.0000  exact balanced Q: no
   m = (1, 1, 1, 1, 57, 64, 71)  rank 3  Lambda -0.165  lag-cov ranks [3, 3, 3, 3, 3, 3]  best float margin -0.0000  exact balanced Q: no
   m = (1, 1, 1, 1, 57, 64, 78)  rank 3  Lambda -0.152  lag-cov ranks [3, 3, 3, 3, 3, 3]  best float margin -0.0000  exact balanced Q: no
   m = (1, 1, 1, 1, 57, 71, 64)  rank 3  Lambda -0.165  lag-cov ranks [3, 3, 3, 3, 3, 3]  best float margin -0.0000  exact balanced Q: no
   m = (1, 1, 1, 1, 57, 71, 78)  rank 3  Lambda -0.137  lag-cov ranks [3, 3, 3, 3, 3, 3]  best float margin -0.0000  exact balanced Q: no
   m = (1, 1, 1, 1, 57, 78, 64)  rank 3  Lambda -0.152  lag-cov ranks [3, 3, 3, 3, 3, 3]  best float margin -0.0000  exact balanced Q: no
   m = (1, 1, 1, 1, 57, 78, 71)  rank 3  Lambda -0.137  lag-cov ranks [3, 3, 3, 3, 3, 3]  best float margin -0.0000  exact balanced Q: no
   m = (1, 1, 1, 1, 64, 15, 71)  rank 3  Lambda -0.356  lag-cov ranks [3, 3, 3, 3, 3, 3]  best float margin -0.0000  exact balanced Q: no
   m = (1, 1, 1, 1, 64, 15, 78)  rank 3  Lambda -0.343  lag-cov ranks [3, 3, 3, 3, 3, 3]  best float margin -0.0000  exact balanced Q: no
   m = (1, 1, 1, 1, 64, 22, 71)  rank 3  Lambda -0.301  lag-cov ranks [3, 3, 3, 3, 3, 3]  best float margin -0.0000  exact balanced Q: no
   m = (1, 1, 1, 1, 64, 22, 78)  rank 3  Lambda -0.288  lag-cov ranks [3, 3, 3, 3, 3, 3]  best float margin -0.0000  exact balanced Q: no
   m = (1, 1, 1, 1, 64, 29, 71)  rank 3  Lambda -0.262  lag-cov ranks [3, 3, 3, 3, 3, 3]  best float margin -0.0000  exact balanced Q: no
   m = (1, 1, 1, 1, 64, 29, 78)  rank 3  Lambda -0.248  lag-cov ranks [3, 3, 3, 3, 3, 3]  best float margin -0.0000  exact balanced Q: no
   m = (1, 1, 1, 1, 64, 36, 71)  rank 3  Lambda -0.231  lag-cov ranks [3, 3, 3, 3, 3, 3]  best float margin -0.0000  exact balanced Q: no
   m = (1, 1, 1, 1, 64, 36, 78)  rank 3  Lambda -0.217  lag-cov ranks [3, 3, 3, 3, 3, 3]  best float margin -0.0000  exact balanced Q: no
   m = (1, 1, 1, 1, 64, 43, 71)  rank 3  Lambda -0.206  lag-cov ranks [3, 3, 3, 3, 3, 3]  best float margin -0.0000  exact balanced Q: no
   m = (1, 1, 1, 1, 64, 43, 78)  rank 3  Lambda -0.192  lag-cov ranks [3, 3, 3, 3, 3, 3]  best float margin -0.0000  exact balanced Q: no
   m = (1, 1, 1, 1, 64, 50, 71)  rank 3  Lambda -0.184  lag-cov ranks [3, 3, 3, 3, 3, 3]  best float margin -0.0000  exact balanced Q: no
   m = (1, 1, 1, 1, 64, 50, 78)  rank 3  Lambda -0.171  lag-cov ranks [3, 3, 3, 3, 3, 3]  best float margin -0.0000  exact balanced Q: no
   m = (1, 1, 1, 1, 64, 57, 71)  rank 3  Lambda -0.165  lag-cov ranks [3, 3, 3, 3, 3, 3]  best float margin -0.0000  exact balanced Q: no
   m = (1, 1, 1, 1, 64, 57, 78)  rank 3  Lambda -0.152  lag-cov ranks [3, 3, 3, 3, 3, 3]  best float margin -0.0000  exact balanced Q: no
   m = (1, 1, 1, 1, 64, 71, 78)  rank 3  Lambda -0.120  lag-cov ranks [3, 3, 3, 3, 3, 3]  best float margin -0.0000  exact balanced Q: no
   m = (1, 1, 1, 1, 64, 78, 71)  rank 3  Lambda -0.120  lag-cov ranks [3, 3, 3, 3, 3, 3]  best float margin -0.0000  exact balanced Q: no
   m = (1, 1, 1, 1, 71, 8, 78)  rank 3  Lambda -0.418  lag-cov ranks [3, 3, 3, 3, 3, 3]  best float margin -0.0000  exact balanced Q: no
   m = (1, 1, 1, 1, 71, 15, 78)  rank 3  Lambda -0.328  lag-cov ranks [3, 3, 3, 3, 3, 3]  best float margin -0.0000  exact balanced Q: no
   m = (1, 1, 1, 1, 71, 22, 78)  rank 3  Lambda -0.273  lag-cov ranks [3, 3, 3, 3, 3, 3]  best float margin -0.0000  exact balanced Q: no
   m = (1, 1, 1, 1, 71, 29, 78)  rank 3  Lambda -0.234  lag-cov ranks [3, 3, 3, 3, 3, 3]  best float margin -0.0000  exact balanced Q: no
   m = (1, 1, 1, 1, 71, 36, 78)  rank 3  Lambda -0.203  lag-cov ranks [3, 3, 3, 3, 3, 3]  best float margin -0.0000  exact balanced Q: no
   m = (1, 1, 1, 1, 71, 43, 78)  rank 3  Lambda -0.177  lag-cov ranks [3, 3, 3, 3, 3, 3]  best float margin -0.0000  exact balanced Q: no
   m = (1, 1, 1, 1, 71, 50, 78)  rank 3  Lambda -0.156  lag-cov ranks [3, 3, 3, 3, 3, 3]  best float margin -0.0000  exact balanced Q: no
   m = (1, 1, 1, 1, 71, 57, 78)  rank 3  Lambda -0.137  lag-cov ranks [3, 3, 3, 3, 3, 3]  best float margin -0.0000  exact balanced Q: no
   m = (1, 1, 1, 1, 71, 64, 78)  rank 3  Lambda -0.120  lag-cov ranks [3, 3, 3, 3, 3, 3]  best float margin -0.0000  exact balanced Q: no
   m = (1, 1, 1, 8, 1, 15, 22)  rank 3  Lambda -0.820  lag-cov ranks [3, 3, 3, 3, 3, 3]  best float margin -0.0000  exact balanced Q: no
   m = (1, 1, 1, 8, 1, 15, 29)  rank 3  Lambda -0.781  lag-cov ranks [3, 3, 3, 3, 3, 3]  best float margin -0.0000  exact balanced Q: no
   m = (1, 1, 1, 8, 1, 15, 36)  rank 3  Lambda -0.750  lag-cov ranks [3, 3, 3, 3, 3, 3]  best float margin -0.0000  exact balanced Q: no
   m = (1, 1, 1, 8, 1, 15, 43)  rank 3  Lambda -0.725  lag-cov ranks [3, 3, 3, 3, 3, 3]  best float margin -0.0000  exact balanced Q: no
   m = (1, 1, 1, 8, 1, 15, 50)  rank 3  Lambda -0.703  lag-cov ranks [3, 3, 3, 3, 3, 3]  best float margin -0.0000  exact balanced Q: no
   m = (1, 1, 1, 8, 1, 15, 57)  rank 3  Lambda -0.684  lag-cov ranks [3, 3, 3, 3, 3, 3]  best float margin -0.0000  exact balanced Q: no
   m = (1, 1, 1, 8, 1, 15, 71)  rank 3  Lambda -0.653  lag-cov ranks [3, 3, 3, 3, 3, 3]  best float margin -0.0000  exact balanced Q: no
   m = (1, 1, 1, 8, 1, 15, 78)  rank 3  Lambda -0.640  lag-cov ranks [3, 3, 3, 3, 3, 3]  best float margin -0.0000  exact balanced Q: no
   m = (1, 1, 1, 8, 1, 22, 15)  rank 3  Lambda -0.820  lag-cov ranks [3, 3, 3, 3, 3, 3]  best float margin -0.0000  exact balanced Q: no
   m = (1, 1, 1, 8, 1, 22, 29)  rank 3  Lambda -0.726  lag-cov ranks [3, 3, 3, 3, 3, 3]  best float margin -0.0000  exact balanced Q: no
   m = (1, 1, 1, 8, 1, 22, 36)  rank 3  Lambda -0.695  lag-cov ranks [3, 3, 3, 3, 3, 3]  best float margin -0.0000  exact balanced Q: no
   m = (1, 1, 1, 8, 1, 22, 43)  rank 3  Lambda -0.670  lag-cov ranks [3, 3, 3, 3, 3, 3]  best float margin -0.0000  exact balanced Q: no
   m = (1, 1, 1, 8, 1, 22, 50)  rank 3  Lambda -0.648  lag-cov ranks [3, 3, 3, 3, 3, 3]  best float margin -0.0000  exact balanced Q: no
   m = (1, 1, 1, 8, 1, 22, 57)  rank 3  Lambda -0.630  lag-cov ranks [3, 3, 3, 3, 3, 3]  best float margin -0.0000  exact balanced Q: no
   m = (1, 1, 1, 8, 1, 22, 71)  rank 3  Lambda -0.598  lag-cov ranks [3, 3, 3, 3, 3, 3]  best float margin +0.0699  exact balanced Q: YES (den 4) Q=[['1', '1/4', '-1/4'], ['1/4', '1', '-1/4'], ['-1/4', '-1/4', '1']]
   m = (1, 1, 1, 8, 1, 22, 78)  rank 3  Lambda -0.585  lag-cov ranks [3, 3, 3, 3, 3, 3]  best float margin -0.0000  exact balanced Q: no
   m = (1, 1, 1, 8, 1, 29, 15)  rank 3  Lambda -0.781  lag-cov ranks [3, 3, 3, 3, 3, 3]  best float margin -0.0000  exact balanced Q: no
   m = (1, 1, 1, 8, 1, 29, 22)  rank 3  Lambda -0.726  lag-cov ranks [3, 3, 3, 3, 3, 3]  best float margin -0.0000  exact balanced Q: no
   m = (1, 1, 1, 8, 1, 29, 36)  rank 3  Lambda -0.656  lag-cov ranks [3, 3, 3, 3, 3, 3]  best float margin -0.0000  exact balanced Q: no
   m = (1, 1, 1, 8, 1, 29, 43)  rank 3  Lambda -0.630  lag-cov ranks [3, 3, 3, 3, 3, 3]  best float margin -0.0000  exact balanced Q: no
   m = (1, 1, 1, 8, 1, 29, 50)  rank 3  Lambda -0.609  lag-cov ranks [3, 3, 3, 3, 3, 3]  best float margin -0.0000  exact balanced Q: no
   m = (1, 1, 1, 8, 1, 29, 57)  rank 3  Lambda -0.590  lag-cov ranks [3, 3, 3, 3, 3, 3]  best float margin -0.0000  exact balanced Q: no
   m = (1, 1, 1, 8, 1, 29, 71)  rank 3  Lambda -0.559  lag-cov ranks [3, 3, 3, 3, 3, 3]  best float margin -0.0000  exact balanced Q: no
   m = (1, 1, 1, 8, 1, 29, 78)  rank 3  Lambda -0.545  lag-cov ranks [3, 3, 3, 3, 3, 3]  best float margin -0.0000  exact balanced Q: no
   m = (1, 1, 1, 8, 1, 36, 15)  rank 3  Lambda -0.750  lag-cov ranks [3, 3, 3, 3, 3, 3]  best float margin -0.0000  exact balanced Q: no
   m = (1, 1, 1, 8, 1, 36, 22)  rank 3  Lambda -0.695  lag-cov ranks [3, 3, 3, 3, 3, 3]  best float margin -0.0000  exact balanced Q: no
   m = (1, 1, 1, 8, 1, 36, 29)  rank 3  Lambda -0.656  lag-cov ranks [3, 3, 3, 3, 3, 3]  best float margin -0.0000  exact balanced Q: no
   m = (1, 1, 1, 8, 1, 36, 43)  rank 3  Lambda -0.600  lag-cov ranks [3, 3, 3, 3, 3, 3]  best float margin +0.0887  exact balanced Q: YES (den 4) Q=[['3/2', '1/2', '-1/4'], ['1/2', '5/4', '-1/4'], ['-1/4', '-1/4', '5/4']]
   m = (1, 1, 1, 8, 1, 36, 50)  rank 3  Lambda -0.578  lag-cov ranks [3, 3, 3, 3, 3, 3]  best float margin +0.1746  exact balanced Q: YES (den 4) Q=[['5/2', '3/4', '0'], ['3/4', '9/4', '-1/4'], ['0', '-1/4', '9/4']]
   m = (1, 1, 1, 8, 1, 36, 57)  rank 3  Lambda -0.559  lag-cov ranks [3, 3, 3, 3, 3, 3]  best float margin -0.0000  exact balanced Q: no
   m = (1, 1, 1, 8, 1, 36, 71)  rank 3  Lambda -0.528  lag-cov ranks [3, 3, 3, 3, 3, 3]  best float margin -0.0000  exact balanced Q: no
   m = (1, 1, 1, 8, 1, 36, 78)  rank 3  Lambda -0.515  lag-cov ranks [3, 3, 3, 3, 3, 3]  best float margin -0.0000  exact balanced Q: no
   m = (1, 1, 1, 8, 1, 43, 15)  rank 3  Lambda -0.725  lag-cov ranks [3, 3, 3, 3, 3, 3]  best float margin +0.1608  exact balanced Q: YES (den 4) Q=[['2', '-1/4', '-1/4'], ['-1/4', '9/4', '-1/2'], ['-1/4', '-1/2', '9/4']]
   m = (1, 1, 1, 8, 1, 43, 22)  rank 3  Lambda -0.670  lag-cov ranks [3, 3, 3, 3, 3, 3]  best float margin -0.0000  exact balanced Q: no
   m = (1, 1, 1, 8, 1, 43, 29)  rank 3  Lambda -0.630  lag-cov ranks [3, 3, 3, 3, 3, 3]  best float margin -0.0000  exact balanced Q: no
   m = (1, 1, 1, 8, 1, 43, 36)  rank 3  Lambda -0.600  lag-cov ranks [3, 3, 3, 3, 3, 3]  best float margin +0.0419  exact balanced Q: YES (den 4) Q=[['3/4', '-1/4', '1/4'], ['-1/4', '3/4', '-1/4'], ['1/4', '-1/4', '3/4']]
   m = (1, 1, 1, 8, 1, 43, 50)  rank 3  Lambda -0.553  lag-cov ranks [3, 3, 3, 3, 3, 3]  best float margin +0.0064  exact balanced Q: YES (den 10) Q=[['13/10', '-2/5', '3/10'], ['-2/5', '17/10', '-7/10'], ['3/10', '-7/10', '2']]
   m = (1, 1, 1, 8, 1, 43, 57)  rank 3  Lambda -0.534  lag-cov ranks [3, 3, 3, 3, 3, 3]  best float margin -0.0000  exact balanced Q: no
   m = (1, 1, 1, 8, 1, 43, 71)  rank 3  Lambda -0.503  lag-cov ranks [3, 3, 3, 3, 3, 3]  best float margin -0.0000  exact balanced Q: no
   m = (1, 1, 1, 8, 1, 43, 78)  rank 3  Lambda -0.489  lag-cov ranks [3, 3, 3, 3, 3, 3]  best float margin -0.0000  exact balanced Q: no
   m = (1, 1, 1, 8, 1, 50, 15)  rank 3  Lambda -0.703  lag-cov ranks [3, 3, 3, 3, 3, 3]  best float margin -0.0000  exact balanced Q: no
   m = (1, 1, 1, 8, 1, 50, 22)  rank 3  Lambda -0.648  lag-cov ranks [3, 3, 3, 3, 3, 3]  best float margin -0.0000  exact balanced Q: no
   m = (1, 1, 1, 8, 1, 50, 29)  rank 3  Lambda -0.609  lag-cov ranks [3, 3, 3, 3, 3, 3]  best float margin -0.0000  exact balanced Q: no
   m = (1, 1, 1, 8, 1, 50, 36)  rank 3  Lambda -0.578  lag-cov ranks [3, 3, 3, 3, 3, 3]  best float margin -0.0000  exact balanced Q: no
   m = (1, 1, 1, 8, 1, 50, 43)  rank 3  Lambda -0.553  lag-cov ranks [3, 3, 3, 3, 3, 3]  best float margin -0.0000  exact balanced Q: no
   m = (1, 1, 1, 8, 1, 50, 57)  rank 3  Lambda -0.512  lag-cov ranks [3, 3, 3, 3, 3, 3]  best float margin +0.0877  exact balanced Q: YES (den 4) Q=[['5/4', '0', '-1/4'], ['0', '5/4', '-1/4'], ['-1/4', '-1/4', '5/4']]
   m = (1, 1, 1, 8, 1, 50, 71)  rank 3  Lambda -0.481  lag-cov ranks [3, 3, 3, 3, 3, 3]  best float margin -0.0000  exact balanced Q: no
   m = (1, 1, 1, 8, 1, 50, 78)  rank 3  Lambda -0.468  lag-cov ranks [3, 3, 3, 3, 3, 3]  best float margin -0.0000  exact balanced Q: no
   m = (1, 1, 1, 8, 1, 57, 15)  rank 3  Lambda -0.684  lag-cov ranks [3, 3, 3, 3, 3, 3]  best float margin -0.0000  exact balanced Q: no
   m = (1, 1, 1, 8, 1, 57, 22)  rank 3  Lambda -0.630  lag-cov ranks [3, 3, 3, 3, 3, 3]  best float margin -0.0000  exact balanced Q: no
   m = (1, 1, 1, 8, 1, 57, 29)  rank 3  Lambda -0.590  lag-cov ranks [3, 3, 3, 3, 3, 3]  best float margin -0.0000  exact balanced Q: no
   m = (1, 1, 1, 8, 1, 57, 36)  rank 3  Lambda -0.559  lag-cov ranks [3, 3, 3, 3, 3, 3]  best float margin +0.0206  exact balanced Q: YES (den 10) Q=[['9/10', '1/2', '2/5'], ['1/2', '29/10', '6/5'], ['2/5', '6/5', '7/10']]
   m = (1, 1, 1, 8, 1, 57, 43)  rank 3  Lambda -0.534  lag-cov ranks [3, 3, 3, 3, 3, 3]  best float margin -0.0000  exact balanced Q: no
   m = (1, 1, 1, 8, 1, 57, 50)  rank 3  Lambda -0.512  lag-cov ranks [3, 3, 3, 3, 3, 3]  best float margin -0.0000  exact balanced Q: no
   m = (1, 1, 1, 8, 1, 57, 71)  rank 3  Lambda -0.462  lag-cov ranks [3, 3, 3, 3, 3, 3]  best float margin -0.0000  exact balanced Q: no
   m = (1, 1, 1, 8, 1, 57, 78)  rank 3  Lambda -0.449  lag-cov ranks [3, 3, 3, 3, 3, 3]  best float margin -0.0000  exact balanced Q: no
   m = (1, 1, 1, 8, 1, 71, 15)  rank 3  Lambda -0.653  lag-cov ranks [3, 3, 3, 3, 3, 3]  best float margin -0.0000  exact balanced Q: no
   m = (1, 1, 1, 8, 1, 71, 22)  rank 3  Lambda -0.598  lag-cov ranks [3, 3, 3, 3, 3, 3]  best float margin -0.0000  exact balanced Q: no
   m = (1, 1, 1, 8, 1, 71, 29)  rank 3  Lambda -0.559  lag-cov ranks [3, 3, 3, 3, 3, 3]  best float margin -0.0000  exact balanced Q: no
   m = (1, 1, 1, 8, 1, 71, 36)  rank 3  Lambda -0.528  lag-cov ranks [3, 3, 3, 3, 3, 3]  best float margin -0.0000  exact balanced Q: no
   m = (1, 1, 1, 8, 1, 71, 43)  rank 3  Lambda -0.503  lag-cov ranks [3, 3, 3, 3, 3, 3]  best float margin -0.0000  exact balanced Q: no
   m = (1, 1, 1, 8, 1, 71, 50)  rank 3  Lambda -0.481  lag-cov ranks [3, 3, 3, 3, 3, 3]  best float margin -0.0000  exact balanced Q: no
   m = (1, 1, 1, 8, 1, 71, 57)  rank 3  Lambda -0.462  lag-cov ranks [3, 3, 3, 3, 3, 3]  best float margin -0.0000  exact balanced Q: no
   m = (1, 1, 1, 8, 1, 71, 78)  rank 3  Lambda -0.418  lag-cov ranks [3, 3, 3, 3, 3, 3]  best float margin +0.0663  exact balanced Q: YES (den 4) Q=[['1', '-1/4', '0'], ['-1/4', '1', '-1/4'], ['0', '-1/4', '1']]
   m = (1, 1, 1, 8, 1, 78, 15)  rank 3  Lambda -0.640  lag-cov ranks [3, 3, 3, 3, 3, 3]  best float margin -0.0000  exact balanced Q: no
   m = (1, 1, 1, 8, 1, 78, 22)  rank 3  Lambda -0.585  lag-cov ranks [3, 3, 3, 3, 3, 3]  best float margin -0.0000  exact balanced Q: no
   m = (1, 1, 1, 8, 1, 78, 29)  rank 3  Lambda -0.545  lag-cov ranks [3, 3, 3, 3, 3, 3]  best float margin -0.0000  exact balanced Q: no
   m = (1, 1, 1, 8, 1, 78, 36)  rank 3  Lambda -0.515  lag-cov ranks [3, 3, 3, 3, 3, 3]  best float margin -0.0000  exact balanced Q: no
   m = (1, 1, 1, 8, 1, 78, 43)  rank 3  Lambda -0.489  lag-cov ranks [3, 3, 3, 3, 3, 3]  best float margin -0.0000  exact balanced Q: no
   m = (1, 1, 1, 8, 1, 78, 50)  rank 3  Lambda -0.468  lag-cov ranks [3, 3, 3, 3, 3, 3]  best float margin -0.0000  exact balanced Q: no
   m = (1, 1, 1, 8, 1, 78, 57)  rank 3  Lambda -0.449  lag-cov ranks [3, 3, 3, 3, 3, 3]  best float margin -0.0000  exact balanced Q: no
   m = (1, 1, 1, 8, 1, 78, 71)  rank 3  Lambda -0.418  lag-cov ranks [3, 3, 3, 3, 3, 3]  best float margin -0.0000  exact balanced Q: no
   m = (1, 1, 1, 8, 8, 15, 22)  rank 3  Lambda -0.523  lag-cov ranks [3, 3, 3, 3, 3, 3]  best float margin -0.0000  exact balanced Q: no
   m = (1, 1, 1, 8, 8, 15, 29)  rank 3  Lambda -0.484  lag-cov ranks [3, 3, 3, 3, 3, 3]  best float margin -0.0000  exact balanced Q: no
   m = (1, 1, 1, 8, 8, 15, 36)  rank 3  Lambda -0.453  lag-cov ranks [3, 3, 3, 3, 3, 3]  best float margin -0.0000  exact balanced Q: no
   m = (1, 1, 1, 8, 8, 15, 43)  rank 3  Lambda -0.428  lag-cov ranks [3, 3, 3, 3, 3, 3]  best float margin -0.0000  exact balanced Q: no
   m = (1, 1, 1, 8, 8, 15, 50)  rank 3  Lambda -0.406  lag-cov ranks [3, 3, 3, 3, 3, 3]  best float margin -0.0000  exact balanced Q: no
   m = (1, 1, 1, 8, 8, 15, 57)  rank 3  Lambda -0.387  lag-cov ranks [3, 3, 3, 3, 3, 3]  best float margin -0.0000  exact balanced Q: no
   m = (1, 1, 1, 8, 8, 15, 71)  rank 3  Lambda -0.356  lag-cov ranks [3, 3, 3, 3, 3, 3]  best float margin -0.0000  exact balanced Q: no
   m = (1, 1, 1, 8, 8, 15, 78)  rank 3  Lambda -0.343  lag-cov ranks [3, 3, 3, 3, 3, 3]  best float margin -0.0000  exact balanced Q: no
   m = (1, 1, 1, 8, 8, 22, 15)  rank 3  Lambda -0.523  lag-cov ranks [3, 3, 3, 3, 3, 3]  best float margin -0.0000  exact balanced Q: no
   m = (1, 1, 1, 8, 8, 22, 29)  rank 3  Lambda -0.429  lag-cov ranks [3, 3, 3, 3, 3, 3]  best float margin -0.0000  exact balanced Q: no
   m = (1, 1, 1, 8, 8, 22, 36)  rank 3  Lambda -0.398  lag-cov ranks [3, 3, 3, 3, 3, 3]  best float margin -0.0000  exact balanced Q: no
   m = (1, 1, 1, 8, 8, 22, 43)  rank 3  Lambda -0.373  lag-cov ranks [3, 3, 3, 3, 3, 3]  best float margin -0.0000  exact balanced Q: no
   m = (1, 1, 1, 8, 8, 22, 50)  rank 3  Lambda -0.351  lag-cov ranks [3, 3, 3, 3, 3, 3]  best float margin -0.0000  exact balanced Q: no
   m = (1, 1, 1, 8, 8, 22, 57)  rank 3  Lambda -0.333  lag-cov ranks [3, 3, 3, 3, 3, 3]  best float margin -0.0000  exact balanced Q: no
   m = (1, 1, 1, 8, 8, 22, 71)  rank 3  Lambda -0.301  lag-cov ranks [3, 3, 3, 3, 3, 3]  best float margin -0.0000  exact balanced Q: no
   m = (1, 1, 1, 8, 8, 22, 78)  rank 3  Lambda -0.288  lag-cov ranks [3, 3, 3, 3, 3, 3]  best float margin -0.0000  exact balanced Q: no
   m = (1, 1, 1, 8, 8, 29, 15)  rank 3  Lambda -0.484  lag-cov ranks [3, 3, 3, 3, 3, 3]  best float margin -0.0000  exact balanced Q: no
   m = (1, 1, 1, 8, 8, 29, 22)  rank 3  Lambda -0.429  lag-cov ranks [3, 3, 3, 3, 3, 3]  best float margin -0.0000  exact balanced Q: no
   m = (1, 1, 1, 8, 8, 29, 36)  rank 3  Lambda -0.359  lag-cov ranks [3, 3, 3, 3, 3, 3]  best float margin -0.0000  exact balanced Q: no
   m = (1, 1, 1, 8, 8, 29, 43)  rank 3  Lambda -0.333  lag-cov ranks [3, 3, 3, 3, 3, 3]  best float margin -0.0000  exact balanced Q: no
   m = (1, 1, 1, 8, 8, 29, 50)  rank 3  Lambda -0.312  lag-cov ranks [3, 3, 3, 3, 3, 3]  best float margin -0.0000  exact balanced Q: no
   m = (1, 1, 1, 8, 8, 29, 57)  rank 3  Lambda -0.293  lag-cov ranks [3, 3, 3, 3, 3, 3]  best float margin -0.0000  exact balanced Q: no
   m = (1, 1, 1, 8, 8, 29, 71)  rank 3  Lambda -0.262  lag-cov ranks [3, 3, 3, 3, 3, 3]  best float margin -0.0000  exact balanced Q: no
   m = (1, 1, 1, 8, 8, 29, 78)  rank 3  Lambda -0.248  lag-cov ranks [3, 3, 3, 3, 3, 3]  best float margin -0.0000  exact balanced Q: no
   m = (1, 1, 1, 8, 8, 36, 15)  rank 3  Lambda -0.453  lag-cov ranks [3, 3, 3, 3, 3, 3]  best float margin -0.0000  exact balanced Q: no
   m = (1, 1, 1, 8, 8, 36, 22)  rank 3  Lambda -0.398  lag-cov ranks [3, 3, 3, 3, 3, 3]  best float margin -0.0000  exact balanced Q: no
   m = (1, 1, 1, 8, 8, 36, 29)  rank 3  Lambda -0.359  lag-cov ranks [3, 3, 3, 3, 3, 3]  best float margin -0.0000  exact balanced Q: no
   m = (1, 1, 1, 8, 8, 36, 43)  rank 3  Lambda -0.303  lag-cov ranks [3, 3, 3, 3, 3, 3]  best float margin -0.0000  exact balanced Q: no
   m = (1, 1, 1, 8, 8, 36, 50)  rank 3  Lambda -0.281  lag-cov ranks [3, 3, 3, 3, 3, 3]  best float margin -0.0000  exact balanced Q: no
   m = (1, 1, 1, 8, 8, 36, 57)  rank 3  Lambda -0.262  lag-cov ranks [3, 3, 3, 3, 3, 3]  best float margin -0.0000  exact balanced Q: no
   m = (1, 1, 1, 8, 8, 36, 71)  rank 3  Lambda -0.231  lag-cov ranks [3, 3, 3, 3, 3, 3]  best float margin -0.0000  exact balanced Q: no
   m = (1, 1, 1, 8, 8, 36, 78)  rank 3  Lambda -0.217  lag-cov ranks [3, 3, 3, 3, 3, 3]  best float margin -0.0000  exact balanced Q: no
   m = (1, 1, 1, 8, 8, 43, 15)  rank 3  Lambda -0.428  lag-cov ranks [3, 3, 3, 3, 3, 3]  best float margin -0.0000  exact balanced Q: no
   m = (1, 1, 1, 8, 8, 43, 22)  rank 3  Lambda -0.373  lag-cov ranks [3, 3, 3, 3, 3, 3]  best float margin -0.0000  exact balanced Q: no
   m = (1, 1, 1, 8, 8, 43, 29)  rank 3  Lambda -0.333  lag-cov ranks [3, 3, 3, 3, 3, 3]  best float margin -0.0000  exact balanced Q: no
   m = (1, 1, 1, 8, 8, 43, 36)  rank 3  Lambda -0.303  lag-cov ranks [3, 3, 3, 3, 3, 3]  best float margin -0.0000  exact balanced Q: no
   m = (1, 1, 1, 8, 8, 43, 50)  rank 3  Lambda -0.256  lag-cov ranks [3, 3, 3, 3, 3, 3]  best float margin -0.0000  exact balanced Q: no
   m = (1, 1, 1, 8, 8, 43, 57)  rank 3  Lambda -0.237  lag-cov ranks [3, 3, 3, 3, 3, 3]  best float margin -0.0000  exact balanced Q: no
   m = (1, 1, 1, 8, 8, 43, 71)  rank 3  Lambda -0.206  lag-cov ranks [3, 3, 3, 3, 3, 3]  best float margin -0.0000  exact balanced Q: no
   m = (1, 1, 1, 8, 8, 43, 78)  rank 3  Lambda -0.192  lag-cov ranks [3, 3, 3, 3, 3, 3]  best float margin -0.0000  exact balanced Q: no
   m = (1, 1, 1, 8, 8, 50, 15)  rank 3  Lambda -0.406  lag-cov ranks [3, 3, 3, 3, 3, 3]  best float margin -0.0000  exact balanced Q: no
   m = (1, 1, 1, 8, 8, 50, 22)  rank 3  Lambda -0.351  lag-cov ranks [3, 3, 3, 3, 3, 3]  best float margin -0.0000  exact balanced Q: no
   m = (1, 1, 1, 8, 8, 50, 29)  rank 3  Lambda -0.312  lag-cov ranks [3, 3, 3, 3, 3, 3]  best float margin -0.0000  exact balanced Q: no
   m = (1, 1, 1, 8, 8, 50, 36)  rank 3  Lambda -0.281  lag-cov ranks [3, 3, 3, 3, 3, 3]  best float margin +0.0059  exact balanced Q: YES (den 20) Q=[['11/10', '-3/20', '7/20'], ['-3/20', '9/10', '-7/20'], ['7/20', '-7/20', '1']]
   m = (1, 1, 1, 8, 8, 50, 43)  rank 3  Lambda -0.256  lag-cov ranks [3, 3, 3, 3, 3, 3]  best float margin -0.0000  exact balanced Q: no
   m = (1, 1, 1, 8, 8, 50, 57)  rank 3  Lambda -0.215  lag-cov ranks [3, 3, 3, 3, 3, 3]  best float margin -0.0000  exact balanced Q: no
   m = (1, 1, 1, 8, 8, 50, 71)  rank 3  Lambda -0.184  lag-cov ranks [3, 3, 3, 3, 3, 3]  best float margin -0.0000  exact balanced Q: no
   m = (1, 1, 1, 8, 8, 50, 78)  rank 3  Lambda -0.171  lag-cov ranks [3, 3, 3, 3, 3, 3]  best float margin -0.0000  exact balanced Q: no
   m = (1, 1, 1, 8, 8, 57, 15)  rank 3  Lambda -0.387  lag-cov ranks [3, 3, 3, 3, 3, 3]  best float margin -0.0000  exact balanced Q: no
   m = (1, 1, 1, 8, 8, 57, 22)  rank 3  Lambda -0.333  lag-cov ranks [3, 3, 3, 3, 3, 3]  best float margin -0.0000  exact balanced Q: no
   m = (1, 1, 1, 8, 8, 57, 29)  rank 3  Lambda -0.293  lag-cov ranks [3, 3, 3, 3, 3, 3]  best float margin -0.0000  exact balanced Q: no
   m = (1, 1, 1, 8, 8, 57, 36)  rank 3  Lambda -0.262  lag-cov ranks [3, 3, 3, 3, 3, 3]  best float margin -0.0000  exact balanced Q: no
   m = (1, 1, 1, 8, 8, 57, 43)  rank 3  Lambda -0.237  lag-cov ranks [3, 3, 3, 3, 3, 3]  best float margin +0.0024  exact balanced Q: YES (den 50) Q=[['23/50', '-7/50', '1/50'], ['-7/50', '13/50', '-2/25'], ['1/50', '-2/25', '6/25']]
   m = (1, 1, 1, 8, 8, 57, 50)  rank 3  Lambda -0.215  lag-cov ranks [3, 3, 3, 3, 3, 3]  best float margin -0.0000  exact balanced Q: no
   m = (1, 1, 1, 8, 8, 57, 71)  rank 3  Lambda -0.165  lag-cov ranks [3, 3, 3, 3, 3, 3]  best float margin -0.0000  exact balanced Q: no
   m = (1, 1, 1, 8, 8, 57, 78)  rank 3  Lambda -0.152  lag-cov ranks [3, 3, 3, 3, 3, 3]  best float margin -0.0000  exact balanced Q: no
   m = (1, 1, 1, 8, 8, 71, 15)  rank 3  Lambda -0.356  lag-cov ranks [3, 3, 3, 3, 3, 3]  best float margin -0.0000  exact balanced Q: no
   m = (1, 1, 1, 8, 8, 71, 22)  rank 3  Lambda -0.301  lag-cov ranks [3, 3, 3, 3, 3, 3]  best float margin -0.0000  exact balanced Q: no
   m = (1, 1, 1, 8, 8, 71, 29)  rank 3  Lambda -0.262  lag-cov ranks [3, 3, 3, 3, 3, 3]  best float margin -0.0000  exact balanced Q: no
   m = (1, 1, 1, 8, 8, 71, 36)  rank 3  Lambda -0.231  lag-cov ranks [3, 3, 3, 3, 3, 3]  best float margin -0.0000  exact balanced Q: no
   m = (1, 1, 1, 8, 8, 71, 43)  rank 3  Lambda -0.206  lag-cov ranks [3, 3, 3, 3, 3, 3]  best float margin -0.0000  exact balanced Q: no
   m = (1, 1, 1, 8, 8, 71, 50)  rank 3  Lambda -0.184  lag-cov ranks [3, 3, 3, 3, 3, 3]  best float margin -0.0000  exact balanced Q: no
   m = (1, 1, 1, 8, 8, 71, 57)  rank 3  Lambda -0.165  lag-cov ranks [3, 3, 3, 3, 3, 3]  best float margin -0.0000  exact balanced Q: no
   m = (1, 1, 1, 8, 8, 71, 78)  rank 3  Lambda -0.120  lag-cov ranks [3, 3, 3, 3, 3, 3]  best float margin -0.0000  exact balanced Q: no
   m = (1, 1, 1, 8, 8, 78, 15)  rank 3  Lambda -0.343  lag-cov ranks [3, 3, 3, 3, 3, 3]  best float margin +0.0031  exact balanced Q: YES (den 20) Q=[['2/5', '-1/20', '0'], ['-1/20', '2/5', '1/5'], ['0', '1/5', '3/10']]
   m = (1, 1, 1, 8, 8, 78, 22)  rank 3  Lambda -0.288  lag-cov ranks [3, 3, 3, 3, 3, 3]  best float margin -0.0000  exact balanced Q: no
   m = (1, 1, 1, 8, 8, 78, 29)  rank 3  Lambda -0.248  lag-cov ranks [3, 3, 3, 3, 3, 3]  best float margin -0.0000  exact balanced Q: no
   m = (1, 1, 1, 8, 8, 78, 36)  rank 3  Lambda -0.217  lag-cov ranks [3, 3, 3, 3, 3, 3]  best float margin -0.0000  exact balanced Q: no
   m = (1, 1, 1, 8, 8, 78, 43)  rank 3  Lambda -0.192  lag-cov ranks [3, 3, 3, 3, 3, 3]  best float margin -0.0000  exact balanced Q: no
   m = (1, 1, 1, 8, 8, 78, 50)  rank 3  Lambda -0.171  lag-cov ranks [3, 3, 3, 3, 3, 3]  best float margin +0.0269  exact balanced Q: YES (den 10) Q=[['7/5', '-1/10', '0'], ['-1/10', '13/10', '-2/5'], ['0', '-2/5', '11/10']]
   m = (1, 1, 1, 8, 8, 78, 57)  rank 3  Lambda -0.152  lag-cov ranks [3, 3, 3, 3, 3, 3]  best float margin -0.0000  exact balanced Q: no
   m = (1, 1, 1, 8, 8, 78, 71)  rank 3  Lambda -0.120  lag-cov ranks [3, 3, 3, 3, 3, 3]  best float margin -0.0000  exact balanced Q: no
   m = (1, 1, 1, 8, 15, 1, 22)  rank 3  Lambda -0.820  lag-cov ranks [3, 3, 3, 3, 3, 3]  best float margin -0.0000  exact balanced Q: no
   m = (1, 1, 1, 8, 15, 1, 29)  rank 3  Lambda -0.781  lag-cov ranks [3, 3, 3, 3, 3, 3]  best float margin +0.0742  exact balanced Q: YES (den 4) Q=[['1', '-1/4', '-1/4'], ['-1/4', '1', '-1/4'], ['-1/4', '-1/4', '1']]
   m = (1, 1, 1, 8, 15, 1, 36)  rank 3  Lambda -0.750  lag-cov ranks [3, 3, 3, 3, 3, 3]  best float margin -0.0000  exact balanced Q: no
   m = (1, 1, 1, 8, 15, 1, 43)  rank 3  Lambda -0.725  lag-cov ranks [3, 3, 3, 3, 3, 3]  best float margin -0.0000  exact balanced Q: no
   m = (1, 1, 1, 8, 15, 1, 50)  rank 3  Lambda -0.703  lag-cov ranks [3, 3, 3, 3, 3, 3]  best float margin -0.0000  exact balanced Q: no
   m = (1, 1, 1, 8, 15, 1, 57)  rank 3  Lambda -0.684  lag-cov ranks [3, 3, 3, 3, 3, 3]  best float margin -0.0000  exact balanced Q: no
   m = (1, 1, 1, 8, 15, 1, 71)  rank 3  Lambda -0.653  lag-cov ranks [3, 3, 3, 3, 3, 3]  best float margin -0.0000  exact balanced Q: no
   m = (1, 1, 1, 8, 15, 1, 78)  rank 3  Lambda -0.640  lag-cov ranks [3, 3, 3, 3, 3, 3]  best float margin +0.0410  exact balanced Q: YES (den 4) Q=[['1', '0', '1/4'], ['0', '5/4', '3/4'], ['1/4', '3/4', '1']]
   m = (1, 1, 1, 8, 15, 8, 22)  rank 3  Lambda -0.523  lag-cov ranks [3, 3, 3, 3, 3, 3]  best float margin -0.0000  exact balanced Q: no
   m = (1, 1, 1, 8, 15, 8, 29)  rank 3  Lambda -0.484  lag-cov ranks [3, 3, 3, 3, 3, 3]  best float margin -0.0000  exact balanced Q: no
   m = (1, 1, 1, 8, 15, 8, 36)  rank 3  Lambda -0.453  lag-cov ranks [3, 3, 3, 3, 3, 3]  best float margin -0.0000  exact balanced Q: no
   m = (1, 1, 1, 8, 15, 8, 43)  rank 3  Lambda -0.428  lag-cov ranks [3, 3, 3, 3, 3, 3]  best float margin -0.0000  exact balanced Q: no
   m = (1, 1, 1, 8, 15, 8, 50)  rank 3  Lambda -0.406  lag-cov ranks [3, 3, 3, 3, 3, 3]  best float margin -0.0000  exact balanced Q: no
   m = (1, 1, 1, 8, 15, 8, 57)  rank 3  Lambda -0.387  lag-cov ranks [3, 3, 3, 3, 3, 3]  best float margin -0.0000  exact balanced Q: no
   m = (1, 1, 1, 8, 15, 8, 71)  rank 3  Lambda -0.356  lag-cov ranks [3, 3, 3, 3, 3, 3]  best float margin -0.0000  exact balanced Q: no
   m = (1, 1, 1, 8, 15, 8, 78)  rank 3  Lambda -0.343  lag-cov ranks [3, 3, 3, 3, 3, 3]  best float margin -0.0000  exact balanced Q: no
   m = (1, 1, 1, 8, 15, 15, 22)  rank 3  Lambda -0.434  lag-cov ranks [3, 3, 3, 3, 3, 3]  best float margin -0.0000  exact balanced Q: no
   m = (1, 1, 1, 8, 15, 15, 29)  rank 3  Lambda -0.394  lag-cov ranks [3, 3, 3, 3, 3, 3]  best float margin +0.0502  exact balanced Q: YES (den 4) Q=[['3/4', '-1/4', '0'], ['-1/4', '5/4', '-1/4'], ['0', '-1/4', '1']]
   m = (1, 1, 1, 8, 15, 15, 36)  rank 3  Lambda -0.363  lag-cov ranks [3, 3, 3, 3, 3, 3]  best float margin -0.0000  exact balanced Q: no
   m = (1, 1, 1, 8, 15, 15, 43)  rank 3  Lambda -0.338  lag-cov ranks [3, 3, 3, 3, 3, 3]  best float margin -0.0000  exact balanced Q: no
   m = (1, 1, 1, 8, 15, 15, 50)  rank 3  Lambda -0.316  lag-cov ranks [3, 3, 3, 3, 3, 3]  best float margin +0.0381  exact balanced Q: YES (den 4) Q=[['3/4', '-1/4', '1/4'], ['-1/4', '1', '-1/4'], ['1/4', '-1/4', '3/4']]
   m = (1, 1, 1, 8, 15, 15, 57)  rank 3  Lambda -0.298  lag-cov ranks [3, 3, 3, 3, 3, 3]  best float margin -0.0000  exact balanced Q: no
   m = (1, 1, 1, 8, 15, 15, 71)  rank 3  Lambda -0.266  lag-cov ranks [3, 3, 3, 3, 3, 3]  best float margin -0.0000  exact balanced Q: no
   m = (1, 1, 1, 8, 15, 15, 78)  rank 3  Lambda -0.253  lag-cov ranks [3, 3, 3, 3, 3, 3]  best float margin -0.0000  exact balanced Q: no
   m = (1, 1, 1, 8, 15, 22, 8)  rank 3  Lambda -0.523  lag-cov ranks [3, 3, 3, 3, 3, 3]  best float margin -0.0000  exact balanced Q: no
   m = (1, 1, 1, 8, 15, 22, 15)  rank 3  Lambda -0.434  lag-cov ranks [3, 3, 3, 3, 3, 3]  best float margin -0.0000  exact balanced Q: no
   m = (1, 1, 1, 8, 15, 22, 22)  rank 3  Lambda -0.379  lag-cov ranks [3, 3, 3, 3, 3, 3]  best float margin -0.0000  exact balanced Q: no
   m = (1, 1, 1, 8, 15, 22, 29)  rank 4  Lambda -0.339  lag-cov ranks [4, 4, 4, 4, 4, 4]  best float margin +0.1248  exact balanced Q: YES (den 4) Q=[['3/2', '-1/4', '1/4', '-1/4'], ['-1/4', '3/2', '-1/4', '0'], ['1/4', '-1/4', '5/4', '-1/4'], ['-1/4', '0', '-1/4', '3/2']]
   m = (1, 1, 1, 8, 15, 22, 36)  rank 4  Lambda -0.308  lag-cov ranks [4, 4, 4, 4, 4, 4]  best float margin -0.0000  exact balanced Q: no
   m = (1, 1, 1, 8, 15, 22, 43)  rank 4  Lambda -0.283  lag-cov ranks [4, 4, 4, 4, 4, 4]  best float margin -0.0000  exact balanced Q: no
   m = (1, 1, 1, 8, 15, 22, 50)  rank 4  Lambda -0.262  lag-cov ranks [4, 4, 4, 4, 4, 4]  best float margin -0.0000  exact balanced Q: no
   m = (1, 1, 1, 8, 15, 22, 57)  rank 4  Lambda -0.243  lag-cov ranks [4, 4, 4, 4, 4, 4]  best float margin -0.0000  exact balanced Q: no
   m = (1, 1, 1, 8, 15, 22, 64)  rank 3  Lambda -0.226  lag-cov ranks [3, 3, 3, 3, 3, 3]  best float margin -0.0000  exact balanced Q: no
   m = (1, 1, 1, 8, 15, 22, 71)  rank 4  Lambda -0.211  lag-cov ranks [4, 4, 4, 4, 4, 4]  best float margin -0.0000  exact balanced Q: no
   m = (1, 1, 1, 8, 15, 22, 78)  rank 4  Lambda -0.198  lag-cov ranks [4, 4, 4, 4, 4, 4]  best float margin -0.0000  exact balanced Q: no
   m = (1, 1, 1, 8, 15, 29, 8)  rank 3  Lambda -0.484  lag-cov ranks [3, 3, 3, 3, 3, 3]  best float margin -0.0000  exact balanced Q: no
   m = (1, 1, 1, 8, 15, 29, 15)  rank 3  Lambda -0.394  lag-cov ranks [3, 3, 3, 3, 3, 3]  best float margin -0.0000  exact balanced Q: no
   m = (1, 1, 1, 8, 15, 29, 22)  rank 4  Lambda -0.339  lag-cov ranks [4, 4, 4, 4, 4, 4]  best float margin -0.0000  exact balanced Q: no
   m = (1, 1, 1, 8, 15, 29, 29)  rank 3  Lambda -0.300  lag-cov ranks [3, 3, 3, 3, 3, 3]  best float margin -0.0000  exact balanced Q: no
   m = (1, 1, 1, 8, 15, 29, 36)  rank 4  Lambda -0.269  lag-cov ranks [4, 4, 4, 4, 4, 4]  best float margin -0.0000  exact balanced Q: no
   m = (1, 1, 1, 8, 15, 29, 43)  rank 4  Lambda -0.244  lag-cov ranks [4, 4, 4, 4, 4, 4]  best float margin -0.0000  exact balanced Q: no
   m = (1, 1, 1, 8, 15, 29, 50)  rank 4  Lambda -0.222  lag-cov ranks [4, 4, 4, 4, 4, 4]  best float margin -0.0000  exact balanced Q: no
   m = (1, 1, 1, 8, 15, 29, 57)  rank 4  Lambda -0.203  lag-cov ranks [4, 4, 4, 4, 4, 4]  best float margin -0.0000  exact balanced Q: no
   m = (1, 1, 1, 8, 15, 29, 64)  rank 3  Lambda -0.187  lag-cov ranks [3, 3, 3, 3, 3, 3]  best float margin -0.0000  exact balanced Q: no
   m = (1, 1, 1, 8, 15, 29, 71)  rank 4  Lambda -0.172  lag-cov ranks [4, 4, 4, 4, 4, 4]  best float margin -0.0000  exact balanced Q: no
   m = (1, 1, 1, 8, 15, 29, 78)  rank 4  Lambda -0.159  lag-cov ranks [4, 4, 4, 4, 4, 4]  best float margin -0.0000  exact balanced Q: no
   m = (1, 1, 1, 8, 15, 36, 8)  rank 3  Lambda -0.453  lag-cov ranks [3, 3, 3, 3, 3, 3]  best float margin -0.0000  exact balanced Q: no
   m = (1, 1, 1, 8, 15, 36, 15)  rank 3  Lambda -0.363  lag-cov ranks [3, 3, 3, 3, 3, 3]  best float margin -0.0000  exact balanced Q: no
   m = (1, 1, 1, 8, 15, 36, 22)  rank 4  Lambda -0.308  lag-cov ranks [4, 4, 4, 4, 4, 4]  best float margin -0.0000  exact balanced Q: no
   m = (1, 1, 1, 8, 15, 36, 29)  rank 4  Lambda -0.269  lag-cov ranks [4, 4, 4, 4, 4, 4]  best float margin -0.0000  exact balanced Q: no
   m = (1, 1, 1, 8, 15, 36, 36)  rank 3  Lambda -0.238  lag-cov ranks [3, 3, 3, 3, 3, 3]  best float margin -0.0000  exact balanced Q: no
   m = (1, 1, 1, 8, 15, 36, 43)  rank 4  Lambda -0.213  lag-cov ranks [4, 4, 4, 4, 4, 4]  best float margin -0.0000  exact balanced Q: no
   m = (1, 1, 1, 8, 15, 36, 50)  rank 3  Lambda -0.191  lag-cov ranks [3, 3, 3, 3, 3, 3]  best float margin -0.0000  exact balanced Q: no
   m = (1, 1, 1, 8, 15, 36, 57)  rank 4  Lambda -0.172  lag-cov ranks [4, 4, 4, 4, 4, 4]  best float margin -0.0000  exact balanced Q: no
   m = (1, 1, 1, 8, 15, 36, 64)  rank 3  Lambda -0.156  lag-cov ranks [3, 3, 3, 3, 3, 3]  best float margin -0.0000  exact balanced Q: no
   m = (1, 1, 1, 8, 15, 36, 71)  rank 4  Lambda -0.141  lag-cov ranks [4, 4, 4, 4, 4, 4]  best float margin -0.0000  exact balanced Q: no
   m = (1, 1, 1, 8, 15, 36, 78)  rank 4  Lambda -0.128  lag-cov ranks [4, 4, 4, 4, 4, 4]  best float margin -0.0000  exact balanced Q: no
   m = (1, 1, 1, 8, 15, 43, 8)  rank 3  Lambda -0.428  lag-cov ranks [3, 3, 3, 3, 3, 3]  best float margin -0.0000  exact balanced Q: no
   m = (1, 1, 1, 8, 15, 43, 15)  rank 3  Lambda -0.338  lag-cov ranks [3, 3, 3, 3, 3, 3]  best float margin -0.0000  exact balanced Q: no
   m = (1, 1, 1, 8, 15, 43, 22)  rank 4  Lambda -0.283  lag-cov ranks [4, 4, 4, 4, 4, 4]  best float margin +0.1953  exact balanced Q: YES (den 4) Q=[['2', '-1/2', '-1/2', '1/4'], ['-1/2', '5/2', '1/4', '-1/2'], ['-1/2', '1/4', '11/4', '-1'], ['1/4', '-1/2', '-1', '5/2']]
   m = (1, 1, 1, 8, 15, 43, 29)  rank 4  Lambda -0.244  lag-cov ranks [4, 4, 4, 4, 4, 4]  best float margin -0.0000  exact balanced Q: no
   m = (1, 1, 1, 8, 15, 43, 36)  rank 4  Lambda -0.213  lag-cov ranks [4, 4, 4, 4, 4, 4]  best float margin -0.0000  exact balanced Q: no
   m = (1, 1, 1, 8, 15, 43, 43)  rank 3  Lambda -0.187  lag-cov ranks [3, 3, 3, 3, 3, 3]  best float margin -0.0000  exact balanced Q: no
   m = (1, 1, 1, 8, 15, 43, 50)  rank 4  Lambda -0.166  lag-cov ranks [4, 4, 4, 4, 4, 4]  best float margin +0.1283  exact balanced Q: YES (den 4) Q=[['3/2', '-1/4', '1/4', '1/2'], ['-1/4', '3/2', '-1/4', '-1/4'], ['1/4', '-1/4', '2', '1/2'], ['1/2', '-1/4', '1/2', '2']]
   m = (1, 1, 1, 8, 15, 43, 57)  rank 4  Lambda -0.147  lag-cov ranks [4, 4, 4, 4, 4, 4]  best float margin -0.0000  exact balanced Q: no
   m = (1, 1, 1, 8, 15, 43, 64)  rank 3  Lambda -0.131  lag-cov ranks [3, 3, 3, 3, 3, 3]  best float margin -0.0000  exact balanced Q: no
   m = (1, 1, 1, 8, 15, 43, 71)  rank 4  Lambda -0.116  lag-cov ranks [4, 4, 4, 4, 4, 4]  best float margin +0.1010  exact balanced Q: YES (den 4) Q=[['5/4', '-1/2', '0', '0'], ['-1/2', '5/2', '-3/4', '-1/2'], ['0', '-3/4', '7/4', '0'], ['0', '-1/2', '0', '3/2']]
   m = (1, 1, 1, 8, 15, 43, 78)  rank 4  Lambda -0.102  lag-cov ranks [4, 4, 4, 4, 4, 4]  best float margin -0.0000  exact balanced Q: no
   m = (1, 1, 1, 8, 15, 50, 8)  rank 3  Lambda -0.406  lag-cov ranks [3, 3, 3, 3, 3, 3]  best float margin -0.0000  exact balanced Q: no
   m = (1, 1, 1, 8, 15, 50, 15)  rank 3  Lambda -0.316  lag-cov ranks [3, 3, 3, 3, 3, 3]  best float margin -0.0000  exact balanced Q: no
   m = (1, 1, 1, 8, 15, 50, 22)  rank 4  Lambda -0.262  lag-cov ranks [4, 4, 4, 4, 4, 4]  best float margin -0.0000  exact balanced Q: no
   m = (1, 1, 1, 8, 15, 50, 29)  rank 4  Lambda -0.222  lag-cov ranks [4, 4, 4, 4, 4, 4]  best float margin -0.0000  exact balanced Q: no
   m = (1, 1, 1, 8, 15, 50, 36)  rank 3  Lambda -0.191  lag-cov ranks [3, 3, 3, 3, 3, 3]  best float margin -0.0000  exact balanced Q: no
   m = (1, 1, 1, 8, 15, 50, 43)  rank 4  Lambda -0.166  lag-cov ranks [4, 4, 4, 4, 4, 4]  best float margin -0.0000  exact balanced Q: no
   m = (1, 1, 1, 8, 15, 50, 50)  rank 3  Lambda -0.144  lag-cov ranks [3, 3, 3, 3, 3, 3]  best float margin -0.0000  exact balanced Q: no
   m = (1, 1, 1, 8, 15, 50, 57)  rank 4  Lambda -0.126  lag-cov ranks [4, 4, 4, 4, 4, 4]  best float margin -0.0000  exact balanced Q: no
   m = (1, 1, 1, 8, 15, 50, 64)  rank 3  Lambda -0.109  lag-cov ranks [3, 3, 3, 3, 3, 3]  best float margin -0.0000  exact balanced Q: no
   m = (1, 1, 1, 8, 15, 50, 71)  rank 4  Lambda -0.094  lag-cov ranks [4, 4, 4, 4, 4, 4]  best float margin -0.0000  exact balanced Q: no
   m = (1, 1, 1, 8, 15, 50, 78)  rank 4  Lambda -0.081  lag-cov ranks [4, 4, 4, 4, 4, 4]  best float margin -0.0000  exact balanced Q: no
   m = (1, 1, 1, 8, 15, 57, 8)  rank 3  Lambda -0.387  lag-cov ranks [3, 3, 3, 3, 3, 3]  best float margin -0.0000  exact balanced Q: no
   m = (1, 1, 1, 8, 15, 57, 15)  rank 3  Lambda -0.298  lag-cov ranks [3, 3, 3, 3, 3, 3]  best float margin -0.0000  exact balanced Q: no
   m = (1, 1, 1, 8, 15, 57, 22)  rank 4  Lambda -0.243  lag-cov ranks [4, 4, 4, 4, 4, 4]  best float margin -0.0000  exact balanced Q: no
   m = (1, 1, 1, 8, 15, 57, 29)  rank 4  Lambda -0.203  lag-cov ranks [4, 4, 4, 4, 4, 4]  best float margin +0.0595  exact balanced Q: YES (den 4) Q=[['1', '-1/4', '0', '-1/2'], ['-1/4', '5/4', '3/4', '0'], ['0', '3/4', '1', '0'], ['-1/2', '0', '0', '7/4']]
   m = (1, 1, 1, 8, 15, 57, 36)  rank 4  Lambda -0.172  lag-cov ranks [4, 4, 4, 4, 4, 4]  best float margin -0.0000  exact balanced Q: no
   m = (1, 1, 1, 8, 15, 57, 43)  rank 4  Lambda -0.147  lag-cov ranks [4, 4, 4, 4, 4, 4]  best float margin -0.0000  exact balanced Q: no
   m = (1, 1, 1, 8, 15, 57, 50)  rank 4  Lambda -0.126  lag-cov ranks [4, 4, 4, 4, 4, 4]  best float margin -0.0000  exact balanced Q: no
   m = (1, 1, 1, 8, 15, 57, 57)  rank 3  Lambda -0.107  lag-cov ranks [3, 3, 3, 3, 3, 3]  best float margin -0.0000  exact balanced Q: no
   m = (1, 1, 1, 8, 15, 57, 64)  rank 3  Lambda -0.090  lag-cov ranks [3, 3, 3, 3, 3, 3]  best float margin -0.0000  exact balanced Q: no
   m = (1, 1, 1, 8, 15, 57, 71)  rank 4  Lambda -0.075  lag-cov ranks [4, 4, 4, 4, 4, 4]  best float margin -0.0000  exact balanced Q: no
   m = (1, 1, 1, 8, 15, 57, 78)  rank 4  Lambda -0.062  lag-cov ranks [4, 4, 4, 4, 4, 4]  best float margin -0.0000  exact balanced Q: no
   m = (1, 1, 1, 8, 15, 64, 22)  rank 3  Lambda -0.226  lag-cov ranks [3, 3, 3, 3, 3, 3]  best float margin -0.0000  exact balanced Q: no
   m = (1, 1, 1, 8, 15, 64, 29)  rank 3  Lambda -0.187  lag-cov ranks [3, 3, 3, 3, 3, 3]  best float margin -0.0000  exact balanced Q: no
   m = (1, 1, 1, 8, 15, 64, 36)  rank 3  Lambda -0.156  lag-cov ranks [3, 3, 3, 3, 3, 3]  best float margin -0.0000  exact balanced Q: no
   m = (1, 1, 1, 8, 15, 64, 43)  rank 3  Lambda -0.131  lag-cov ranks [3, 3, 3, 3, 3, 3]  best float margin -0.0000  exact balanced Q: no
   m = (1, 1, 1, 8, 15, 64, 50)  rank 3  Lambda -0.109  lag-cov ranks [3, 3, 3, 3, 3, 3]  best float margin -0.0000  exact balanced Q: no
   m = (1, 1, 1, 8, 15, 64, 57)  rank 3  Lambda -0.090  lag-cov ranks [3, 3, 3, 3, 3, 3]  best float margin -0.0000  exact balanced Q: no
   m = (1, 1, 1, 8, 15, 64, 71)  rank 3  Lambda -0.059  lag-cov ranks [3, 3, 3, 3, 3, 3]  best float margin -0.0000  exact balanced Q: no
   m = (1, 1, 1, 8, 15, 64, 78)  rank 3  Lambda -0.045  lag-cov ranks [3, 3, 3, 3, 3, 3]  best float margin -0.0000  exact balanced Q: no
   m = (1, 1, 1, 8, 15, 71, 8)  rank 3  Lambda -0.356  lag-cov ranks [3, 3, 3, 3, 3, 3]  best float margin -0.0000  exact balanced Q: no
   m = (1, 1, 1, 8, 15, 71, 15)  rank 3  Lambda -0.266  lag-cov ranks [3, 3, 3, 3, 3, 3]  best float margin -0.0000  exact balanced Q: no
   m = (1, 1, 1, 8, 15, 71, 22)  rank 4  Lambda -0.211  lag-cov ranks [4, 4, 4, 4, 4, 4]  best float margin -0.0000  exact balanced Q: no
   m = (1, 1, 1, 8, 15, 71, 29)  rank 4  Lambda -0.172  lag-cov ranks [4, 4, 4, 4, 4, 4]  best float margin +0.1036  exact balanced Q: YES (den 4) Q=[['3/2', '-1/4', '1/4', '0'], ['-1/4', '1', '-1/4', '0'], ['1/4', '-1/4', '5/4', '0'], ['0', '0', '0', '5/4']]
   m = (1, 1, 1, 8, 15, 71, 36)  rank 4  Lambda -0.141  lag-cov ranks [4, 4, 4, 4, 4, 4]  best float margin -0.0000  exact balanced Q: no
   m = (1, 1, 1, 8, 15, 71, 43)  rank 4  Lambda -0.116  lag-cov ranks [4, 4, 4, 4, 4, 4]  best float margin -0.0000  exact balanced Q: no
   m = (1, 1, 1, 8, 15, 71, 50)  rank 4  Lambda -0.094  lag-cov ranks [4, 4, 4, 4, 4, 4]  best float margin -0.0000  exact balanced Q: no
   m = (1, 1, 1, 8, 15, 71, 57)  rank 4  Lambda -0.075  lag-cov ranks [4, 4, 4, 4, 4, 4]  best float margin -0.0000  exact balanced Q: no
   m = (1, 1, 1, 8, 15, 71, 64)  rank 3  Lambda -0.059  lag-cov ranks [3, 3, 3, 3, 3, 3]  best float margin -0.0000  exact balanced Q: no
   m = (1, 1, 1, 8, 15, 71, 71)  rank 3  Lambda -0.044  lag-cov ranks [3, 3, 3, 3, 3, 3]  best float margin -0.0000  exact balanced Q: no
   m = (1, 1, 1, 8, 15, 71, 78)  rank 4  Lambda -0.031  lag-cov ranks [4, 4, 4, 4, 4, 4]  best float margin -0.0000  exact balanced Q: no
   m = (1, 1, 1, 8, 15, 78, 8)  rank 3  Lambda -0.343  lag-cov ranks [3, 3, 3, 3, 3, 3]  best float margin -0.0000  exact balanced Q: no
   m = (1, 1, 1, 8, 15, 78, 15)  rank 3  Lambda -0.253  lag-cov ranks [3, 3, 3, 3, 3, 3]  best float margin -0.0000  exact balanced Q: no
   m = (1, 1, 1, 8, 15, 78, 22)  rank 4  Lambda -0.198  lag-cov ranks [4, 4, 4, 4, 4, 4]  best float margin -0.0000  exact balanced Q: no
   m = (1, 1, 1, 8, 15, 78, 29)  rank 4  Lambda -0.159  lag-cov ranks [4, 4, 4, 4, 4, 4]  best float margin -0.0000  exact balanced Q: no
   m = (1, 1, 1, 8, 15, 78, 36)  rank 4  Lambda -0.128  lag-cov ranks [4, 4, 4, 4, 4, 4]  best float margin -0.0000  exact balanced Q: no
   m = (1, 1, 1, 8, 15, 78, 43)  rank 4  Lambda -0.102  lag-cov ranks [4, 4, 4, 4, 4, 4]  best float margin -0.0000  exact balanced Q: no
   m = (1, 1, 1, 8, 15, 78, 50)  rank 4  Lambda -0.081  lag-cov ranks [4, 4, 4, 4, 4, 4]  best float margin -0.0000  exact balanced Q: no
   m = (1, 1, 1, 8, 15, 78, 57)  rank 4  Lambda -0.062  lag-cov ranks [4, 4, 4, 4, 4, 4]  best float margin -0.0000  exact balanced Q: no
   m = (1, 1, 1, 8, 15, 78, 64)  rank 3  Lambda -0.045  lag-cov ranks [3, 3, 3, 3, 3, 3]  best float margin -0.0000  exact balanced Q: no
   m = (1, 1, 1, 8, 15, 78, 71)  rank 4  Lambda -0.031  lag-cov ranks [4, 4, 4, 4, 4, 4]  best float margin -0.0000  exact balanced Q: no
   m = (1, 1, 1, 8, 15, 78, 78)  rank 3  Lambda -0.017  lag-cov ranks [3, 3, 3, 3, 3, 3]  best float margin -0.0000  exact balanced Q: no
   m = (1, 1, 1, 8, 22, 1, 15)  rank 3  Lambda -0.820  lag-cov ranks [3, 3, 3, 3, 3, 3]  best float margin +0.0883  exact balanced Q: YES (den 4) Q=[['3/2', '1/4', '-1/4'], ['1/4', '5/4', '-1/4'], ['-1/4', '-1/4', '5/4']]
   m = (1, 1, 1, 8, 22, 1, 29)  rank 3  Lambda -0.726  lag-cov ranks [3, 3, 3, 3, 3, 3]  best float margin -0.0000  exact balanced Q: no
   m = (1, 1, 1, 8, 22, 1, 36)  rank 3  Lambda -0.695  lag-cov ranks [3, 3, 3, 3, 3, 3]  best float margin +0.0470  exact balanced Q: YES (den 4) Q=[['3/4', '0', '1/4'], ['0', '3/4', '0'], ['1/4', '0', '3/4']]
   m = (1, 1, 1, 8, 22, 1, 43)  rank 3  Lambda -0.670  lag-cov ranks [3, 3, 3, 3, 3, 3]  best float margin -0.0000  exact balanced Q: no
   m = (1, 1, 1, 8, 22, 1, 50)  rank 3  Lambda -0.648  lag-cov ranks [3, 3, 3, 3, 3, 3]  best float margin -0.0000  exact balanced Q: no
   m = (1, 1, 1, 8, 22, 1, 57)  rank 3  Lambda -0.630  lag-cov ranks [3, 3, 3, 3, 3, 3]  best float margin +0.1149  exact balanced Q: YES (den 4) Q=[['3/2', '1/4', '-1/4'], ['1/4', '7/4', '-1/4'], ['-1/4', '-1/4', '3/2']]
   m = (1, 1, 1, 8, 22, 1, 71)  rank 3  Lambda -0.598  lag-cov ranks [3, 3, 3, 3, 3, 3]  best float margin -0.0000  exact balanced Q: no
   m = (1, 1, 1, 8, 22, 1, 78)  rank 3  Lambda -0.585  lag-cov ranks [3, 3, 3, 3, 3, 3]  best float margin +0.1115  exact balanced Q: YES (den 4) Q=[['3/2', '0', '0'], ['0', '3/2', '-1/4'], ['0', '-1/4', '7/4']]
   m = (1, 1, 1, 8, 22, 8, 15)  rank 3  Lambda -0.523  lag-cov ranks [3, 3, 3, 3, 3, 3]  best float margin -0.0000  exact balanced Q: no
   m = (1, 1, 1, 8, 22, 8, 29)  rank 3  Lambda -0.429  lag-cov ranks [3, 3, 3, 3, 3, 3]  best float margin -0.0000  exact balanced Q: no
   m = (1, 1, 1, 8, 22, 8, 36)  rank 3  Lambda -0.398  lag-cov ranks [3, 3, 3, 3, 3, 3]  best float margin -0.0000  exact balanced Q: no
   m = (1, 1, 1, 8, 22, 8, 43)  rank 3  Lambda -0.373  lag-cov ranks [3, 3, 3, 3, 3, 3]  best float margin -0.0000  exact balanced Q: no
   m = (1, 1, 1, 8, 22, 8, 50)  rank 3  Lambda -0.351  lag-cov ranks [3, 3, 3, 3, 3, 3]  best float margin -0.0000  exact balanced Q: no
   m = (1, 1, 1, 8, 22, 8, 57)  rank 3  Lambda -0.333  lag-cov ranks [3, 3, 3, 3, 3, 3]  best float margin -0.0000  exact balanced Q: no
   m = (1, 1, 1, 8, 22, 8, 71)  rank 3  Lambda -0.301  lag-cov ranks [3, 3, 3, 3, 3, 3]  best float margin -0.0000  exact balanced Q: no
   m = (1, 1, 1, 8, 22, 8, 78)  rank 3  Lambda -0.288  lag-cov ranks [3, 3, 3, 3, 3, 3]  best float margin -0.0000  exact balanced Q: no
   m = (1, 1, 1, 8, 22, 15, 15)  rank 3  Lambda -0.434  lag-cov ranks [3, 3, 3, 3, 3, 3]  best float margin -0.0000  exact balanced Q: no
   m = (1, 1, 1, 8, 22, 15, 22)  rank 3  Lambda -0.379  lag-cov ranks [3, 3, 3, 3, 3, 3]  best float margin -0.0000  exact balanced Q: no
   m = (1, 1, 1, 8, 22, 15, 29)  rank 4  Lambda -0.339  lag-cov ranks [4, 4, 4, 4, 4, 4]  best float margin -0.0000  exact balanced Q: no
   m = (1, 1, 1, 8, 22, 15, 36)  rank 4  Lambda -0.308  lag-cov ranks [4, 4, 4, 4, 4, 4]  best float margin -0.0000  exact balanced Q: no
   m = (1, 1, 1, 8, 22, 15, 43)  rank 4  Lambda -0.283  lag-cov ranks [4, 4, 4, 4, 4, 4]  best float margin -0.0000  exact balanced Q: no
   m = (1, 1, 1, 8, 22, 15, 50)  rank 4  Lambda -0.262  lag-cov ranks [4, 4, 4, 4, 4, 4]  best float margin -0.0000  exact balanced Q: no
   m = (1, 1, 1, 8, 22, 15, 57)  rank 4  Lambda -0.243  lag-cov ranks [4, 4, 4, 4, 4, 4]  best float margin -0.0000  exact balanced Q: no
   m = (1, 1, 1, 8, 22, 15, 64)  rank 3  Lambda -0.226  lag-cov ranks [3, 3, 3, 3, 3, 3]  best float margin -0.0000  exact balanced Q: no
   m = (1, 1, 1, 8, 22, 15, 71)  rank 4  Lambda -0.211  lag-cov ranks [4, 4, 4, 4, 4, 4]  best float margin -0.0000  exact balanced Q: no
   m = (1, 1, 1, 8, 22, 15, 78)  rank 4  Lambda -0.198  lag-cov ranks [4, 4, 4, 4, 4, 4]  best float margin +0.0300  exact balanced Q: YES (den 10) Q=[['1/2', '1/10', '1/5', '0'], ['1/10', '2/5', '0', '0'], ['1/5', '0', '4/5', '1/5'], ['0', '0', '1/5', '2/5']]
   m = (1, 1, 1, 8, 22, 22, 15)  rank 3  Lambda -0.379  lag-cov ranks [3, 3, 3, 3, 3, 3]  best float margin -0.0000  exact balanced Q: no
   m = (1, 1, 1, 8, 22, 22, 29)  rank 3  Lambda -0.285  lag-cov ranks [3, 3, 3, 3, 3, 3]  best float margin -0.0000  exact balanced Q: no
   m = (1, 1, 1, 8, 22, 22, 36)  rank 3  Lambda -0.254  lag-cov ranks [3, 3, 3, 3, 3, 3]  best float margin -0.0000  exact balanced Q: no
   m = (1, 1, 1, 8, 22, 22, 43)  rank 3  Lambda -0.228  lag-cov ranks [3, 3, 3, 3, 3, 3]  best float margin -0.0000  exact balanced Q: no
   m = (1, 1, 1, 8, 22, 22, 50)  rank 3  Lambda -0.207  lag-cov ranks [3, 3, 3, 3, 3, 3]  best float margin -0.0000  exact balanced Q: no
   m = (1, 1, 1, 8, 22, 22, 57)  rank 3  Lambda -0.188  lag-cov ranks [3, 3, 3, 3, 3, 3]  best float margin -0.0000  exact balanced Q: no
   m = (1, 1, 1, 8, 22, 22, 71)  rank 3  Lambda -0.157  lag-cov ranks [3, 3, 3, 3, 3, 3]  best float margin -0.0000  exact balanced Q: no
   m = (1, 1, 1, 8, 22, 22, 78)  rank 3  Lambda -0.143  lag-cov ranks [3, 3, 3, 3, 3, 3]  best float margin -0.0000  exact balanced Q: no
   m = (1, 1, 1, 8, 22, 29, 8)  rank 3  Lambda -0.429  lag-cov ranks [3, 3, 3, 3, 3, 3]  best float margin -0.0000  exact balanced Q: no
   m = (1, 1, 1, 8, 22, 29, 15)  rank 4  Lambda -0.339  lag-cov ranks [4, 4, 4, 4, 4, 4]  best float margin -0.0000  exact balanced Q: no
   m = (1, 1, 1, 8, 22, 29, 22)  rank 3  Lambda -0.285  lag-cov ranks [3, 3, 3, 3, 3, 3]  best float margin +0.0096  exact balanced Q: YES (den 20) Q=[['1/2', '3/20', '-1/5'], ['3/20', '21/20', '-3/10'], ['-1/5', '-3/10', '13/20']]
   m = (1, 1, 1, 8, 22, 29, 29)  rank 3  Lambda -0.245  lag-cov ranks [3, 3, 3, 3, 3, 3]  best float margin -0.0000  exact balanced Q: no
   m = (1, 1, 1, 8, 22, 29, 36)  rank 4  Lambda -0.214  lag-cov ranks [4, 4, 4, 4, 4, 4]  best float margin +0.2092  exact balanced Q: YES (den 4) Q=[['2', '0', '-1/4', '3/4'], ['0', '2', '-1/4', '0'], ['-1/4', '-1/4', '2', '-1/4'], ['3/4', '0', '-1/4', '7/4']]
   m = (1, 1, 1, 8, 22, 29, 43)  rank 4  Lambda -0.189  lag-cov ranks [4, 4, 4, 4, 4, 4]  best float margin -0.0000  exact balanced Q: no
   m = (1, 1, 1, 8, 22, 29, 50)  rank 4  Lambda -0.167  lag-cov ranks [4, 4, 4, 4, 4, 4]  best float margin -0.0000  exact balanced Q: no
   m = (1, 1, 1, 8, 22, 29, 57)  rank 4  Lambda -0.149  lag-cov ranks [4, 4, 4, 4, 4, 4]  best float margin -0.0000  exact balanced Q: no
   m = (1, 1, 1, 8, 22, 29, 64)  rank 3  Lambda -0.132  lag-cov ranks [3, 3, 3, 3, 3, 3]  best float margin -0.0000  exact balanced Q: no
   m = (1, 1, 1, 8, 22, 29, 71)  rank 4  Lambda -0.117  lag-cov ranks [4, 4, 4, 4, 4, 4]  best float margin -0.0000  exact balanced Q: no
   m = (1, 1, 1, 8, 22, 29, 78)  rank 4  Lambda -0.104  lag-cov ranks [4, 4, 4, 4, 4, 4]  best float margin -0.0000  exact balanced Q: no
   m = (1, 1, 1, 8, 22, 36, 8)  rank 3  Lambda -0.398  lag-cov ranks [3, 3, 3, 3, 3, 3]  best float margin -0.0000  exact balanced Q: no
   m = (1, 1, 1, 8, 22, 36, 15)  rank 4  Lambda -0.308  lag-cov ranks [4, 4, 4, 4, 4, 4]  best float margin -0.0000  exact balanced Q: no
   m = (1, 1, 1, 8, 22, 36, 22)  rank 3  Lambda -0.254  lag-cov ranks [3, 3, 3, 3, 3, 3]  best float margin -0.0000  exact balanced Q: no
   m = (1, 1, 1, 8, 22, 36, 29)  rank 4  Lambda -0.214  lag-cov ranks [4, 4, 4, 4, 4, 4]  best float margin -0.0000  exact balanced Q: no
   m = (1, 1, 1, 8, 22, 36, 36)  rank 3  Lambda -0.183  lag-cov ranks [3, 3, 3, 3, 3, 3]  best float margin -0.0000  exact balanced Q: no
   m = (1, 1, 1, 8, 22, 36, 43)  rank 4  Lambda -0.158  lag-cov ranks [4, 4, 4, 4, 4, 4]  best float margin -0.0000  exact balanced Q: no
   m = (1, 1, 1, 8, 22, 36, 50)  rank 4  Lambda -0.136  lag-cov ranks [4, 4, 4, 4, 4, 4]  best float margin -0.0000  exact balanced Q: no
   m = (1, 1, 1, 8, 22, 36, 57)  rank 4  Lambda -0.118  lag-cov ranks [4, 4, 4, 4, 4, 4]  best float margin -0.0000  exact balanced Q: no
   m = (1, 1, 1, 8, 22, 36, 64)  rank 3  Lambda -0.101  lag-cov ranks [3, 3, 3, 3, 3, 3]  best float margin -0.0000  exact balanced Q: no
   m = (1, 1, 1, 8, 22, 36, 71)  rank 4  Lambda -0.086  lag-cov ranks [4, 4, 4, 4, 4, 4]  best float margin -0.0000  exact balanced Q: no
   m = (1, 1, 1, 8, 22, 36, 78)  rank 4  Lambda -0.073  lag-cov ranks [4, 4, 4, 4, 4, 4]  best float margin +0.0595  exact balanced Q: YES (den 4) Q=[['5/4', '-1/4', '1/2', '-1/4'], ['-1/4', '2', '-1', '1'], ['1/2', '-1', '3/2', '-1/2'], ['-1/4', '1', '-1/2', '2']]
   m = (1, 1, 1, 8, 22, 43, 8)  rank 3  Lambda -0.373  lag-cov ranks [3, 3, 3, 3, 3, 3]  best float margin -0.0000  exact balanced Q: no
   m = (1, 1, 1, 8, 22, 43, 15)  rank 4  Lambda -0.283  lag-cov ranks [4, 4, 4, 4, 4, 4]  best float margin -0.0000  exact balanced Q: no
   m = (1, 1, 1, 8, 22, 43, 22)  rank 3  Lambda -0.228  lag-cov ranks [3, 3, 3, 3, 3, 3]  best float margin -0.0000  exact balanced Q: no
   m = (1, 1, 1, 8, 22, 43, 29)  rank 4  Lambda -0.189  lag-cov ranks [4, 4, 4, 4, 4, 4]  best float margin +0.1522  exact balanced Q: YES (den 4) Q=[['3/2', '1/4', '-1/4', '-1/4'], ['1/4', '2', '0', '0'], ['-1/4', '0', '7/4', '-1/4'], ['-1/4', '0', '-1/4', '3/2']]
   m = (1, 1, 1, 8, 22, 43, 36)  rank 4  Lambda -0.158  lag-cov ranks [4, 4, 4, 4, 4, 4]  best float margin +0.0385  exact balanced Q: YES (den 4) Q=[['1', '1/4', '1/4', '-1/4'], ['1/4', '7/4', '3/4', '-1/2'], ['1/4', '3/4', '7/4', '-1'], ['-1/4', '-1/2', '-1', '2']]
   m = (1, 1, 1, 8, 22, 43, 43)  rank 3  Lambda -0.133  lag-cov ranks [3, 3, 3, 3, 3, 3]  best float margin -0.0000  exact balanced Q: no
   m = (1, 1, 1, 8, 22, 43, 50)  rank 4  Lambda -0.111  lag-cov ranks [4, 4, 4, 4, 4, 4]  best float margin -0.0000  exact balanced Q: no
   m = (1, 1, 1, 8, 22, 43, 57)  rank 4  Lambda -0.092  lag-cov ranks [4, 4, 4, 4, 4, 4]  best float margin -0.0000  exact balanced Q: no
   m = (1, 1, 1, 8, 22, 43, 64)  rank 3  Lambda -0.076  lag-cov ranks [3, 3, 3, 3, 3, 3]  best float margin -0.0000  exact balanced Q: no
   m = (1, 1, 1, 8, 22, 43, 71)  rank 4  Lambda -0.061  lag-cov ranks [4, 4, 4, 4, 4, 4]  best float margin -0.0000  exact balanced Q: no
   m = (1, 1, 1, 8, 22, 43, 78)  rank 4  Lambda -0.048  lag-cov ranks [4, 4, 4, 4, 4, 4]  best float margin +0.0530  exact balanced Q: YES (den 4) Q=[['3/4', '0', '-1/4', '0'], ['0', '3/4', '0', '0'], ['-1/4', '0', '7/4', '1/2'], ['0', '0', '1/2', '5/4']]
   m = (1, 1, 1, 8, 22, 50, 8)  rank 3  Lambda -0.351  lag-cov ranks [3, 3, 3, 3, 3, 3]  best float margin -0.0000  exact balanced Q: no
   m = (1, 1, 1, 8, 22, 50, 15)  rank 4  Lambda -0.262  lag-cov ranks [4, 4, 4, 4, 4, 4]  best float margin -0.0000  exact balanced Q: no
   m = (1, 1, 1, 8, 22, 50, 22)  rank 3  Lambda -0.207  lag-cov ranks [3, 3, 3, 3, 3, 3]  best float margin -0.0000  exact balanced Q: no
   m = (1, 1, 1, 8, 22, 50, 29)  rank 4  Lambda -0.167  lag-cov ranks [4, 4, 4, 4, 4, 4]  best float margin -0.0000  exact balanced Q: no
   m = (1, 1, 1, 8, 22, 50, 36)  rank 4  Lambda -0.136  lag-cov ranks [4, 4, 4, 4, 4, 4]  best float margin -0.0000  exact balanced Q: no
   m = (1, 1, 1, 8, 22, 50, 43)  rank 4  Lambda -0.111  lag-cov ranks [4, 4, 4, 4, 4, 4]  best float margin +0.2184  exact balanced Q: YES (den 4) Q=[['5/2', '1/4', '3/4', '-3/4'], ['1/4', '2', '-1/4', '0'], ['3/4', '-1/4', '5/2', '-1/4'], ['-3/4', '0', '-1/4', '9/4']]
   m = (1, 1, 1, 8, 22, 50, 50)  rank 3  Lambda -0.090  lag-cov ranks [3, 3, 3, 3, 3, 3]  best float margin -0.0000  exact balanced Q: no
   m = (1, 1, 1, 8, 22, 50, 57)  rank 4  Lambda -0.071  lag-cov ranks [4, 4, 4, 4, 4, 4]  best float margin -0.0000  exact balanced Q: no
   m = (1, 1, 1, 8, 22, 50, 64)  rank 3  Lambda -0.054  lag-cov ranks [3, 3, 3, 3, 3, 3]  best float margin -0.0000  exact balanced Q: no
   m = (1, 1, 1, 8, 22, 50, 71)  rank 4  Lambda -0.039  lag-cov ranks [4, 4, 4, 4, 4, 4]  best float margin -0.0000  exact balanced Q: no
   m = (1, 1, 1, 8, 22, 50, 78)  rank 4  Lambda -0.026  lag-cov ranks [4, 4, 4, 4, 4, 4]  best float margin -0.0000  exact balanced Q: no
   m = (1, 1, 1, 8, 22, 57, 8)  rank 3  Lambda -0.333  lag-cov ranks [3, 3, 3, 3, 3, 3]  best float margin -0.0000  exact balanced Q: no
   m = (1, 1, 1, 8, 22, 57, 15)  rank 4  Lambda -0.243  lag-cov ranks [4, 4, 4, 4, 4, 4]  best float margin -0.0000  exact balanced Q: no
   m = (1, 1, 1, 8, 22, 57, 22)  rank 3  Lambda -0.188  lag-cov ranks [3, 3, 3, 3, 3, 3]  best float margin -0.0000  exact balanced Q: no
   m = (1, 1, 1, 8, 22, 57, 29)  rank 4  Lambda -0.149  lag-cov ranks [4, 4, 4, 4, 4, 4]  best float margin -0.0000  exact balanced Q: no
   m = (1, 1, 1, 8, 22, 57, 36)  rank 4  Lambda -0.118  lag-cov ranks [4, 4, 4, 4, 4, 4]  best float margin -0.0000  exact balanced Q: no
   m = (1, 1, 1, 8, 22, 57, 43)  rank 4  Lambda -0.092  lag-cov ranks [4, 4, 4, 4, 4, 4]  best float margin -0.0000  exact balanced Q: no
   m = (1, 1, 1, 8, 22, 57, 50)  rank 4  Lambda -0.071  lag-cov ranks [4, 4, 4, 4, 4, 4]  best float margin -0.0000  exact balanced Q: no
   m = (1, 1, 1, 8, 22, 57, 57)  rank 3  Lambda -0.052  lag-cov ranks [3, 3, 3, 3, 3, 3]  best float margin -0.0000  exact balanced Q: no
   m = (1, 1, 1, 8, 22, 57, 64)  rank 3  Lambda -0.036  lag-cov ranks [3, 3, 3, 3, 3, 3]  best float margin -0.0000  exact balanced Q: no
   m = (1, 1, 1, 8, 22, 57, 71)  rank 4  Lambda -0.021  lag-cov ranks [4, 4, 4, 4, 4, 4]  best float margin +0.3702  exact balanced Q: YES (den 4) Q=[['11/4', '1/2', '-1/4', '-1/2'], ['1/2', '7/2', '-1/2', '-1/4'], ['-1/4', '-1/2', '13/4', '-1/2'], ['-1/2', '-1/4', '-1/2', '11/4']]
   m = (1, 1, 1, 8, 22, 57, 78)  rank 4  Lambda -0.007  lag-cov ranks [4, 4, 4, 4, 4, 4]  best float margin -0.0000  exact balanced Q: no
   m = (1, 1, 1, 8, 22, 64, 15)  rank 3  Lambda -0.226  lag-cov ranks [3, 3, 3, 3, 3, 3]  best float margin -0.0000  exact balanced Q: no
   m = (1, 1, 1, 8, 22, 64, 29)  rank 3  Lambda -0.132  lag-cov ranks [3, 3, 3, 3, 3, 3]  best float margin -0.0000  exact balanced Q: no
   m = (1, 1, 1, 8, 22, 64, 36)  rank 3  Lambda -0.101  lag-cov ranks [3, 3, 3, 3, 3, 3]  best float margin -0.0000  exact balanced Q: no
   m = (1, 1, 1, 8, 22, 64, 43)  rank 3  Lambda -0.076  lag-cov ranks [3, 3, 3, 3, 3, 3]  best float margin -0.0000  exact balanced Q: no
   m = (1, 1, 1, 8, 22, 64, 50)  rank 3  Lambda -0.054  lag-cov ranks [3, 3, 3, 3, 3, 3]  best float margin -0.0000  exact balanced Q: no
   m = (1, 1, 1, 8, 22, 64, 57)  rank 3  Lambda -0.036  lag-cov ranks [3, 3, 3, 3, 3, 3]  best float margin -0.0000  exact balanced Q: no
   m = (1, 1, 1, 8, 22, 64, 71)  rank 3  Lambda -0.004  lag-cov ranks [3, 3, 3, 3, 3, 3]  best float margin -0.0000  exact balanced Q: no
   m = (1, 1, 1, 8, 22, 71, 8)  rank 3  Lambda -0.301  lag-cov ranks [3, 3, 3, 3, 3, 3]  best float margin -0.0000  exact balanced Q: no
   m = (1, 1, 1, 8, 22, 71, 15)  rank 4  Lambda -0.211  lag-cov ranks [4, 4, 4, 4, 4, 4]  best float margin -0.0000  exact balanced Q: no
   m = (1, 1, 1, 8, 22, 71, 22)  rank 3  Lambda -0.157  lag-cov ranks [3, 3, 3, 3, 3, 3]  best float margin -0.0000  exact balanced Q: no
   m = (1, 1, 1, 8, 22, 71, 29)  rank 4  Lambda -0.117  lag-cov ranks [4, 4, 4, 4, 4, 4]  best float margin -0.0000  exact balanced Q: no
   m = (1, 1, 1, 8, 22, 71, 36)  rank 4  Lambda -0.086  lag-cov ranks [4, 4, 4, 4, 4, 4]  best float margin -0.0000  exact balanced Q: no
   m = (1, 1, 1, 8, 22, 71, 43)  rank 4  Lambda -0.061  lag-cov ranks [4, 4, 4, 4, 4, 4]  best float margin +0.1491  exact balanced Q: YES (den 4) Q=[['5/4', '1/4', '0', '-1/4'], ['1/4', '2', '-1/4', '0'], ['0', '-1/4', '5/4', '-1/4'], ['-1/4', '0', '-1/4', '5/4']]
   m = (1, 1, 1, 8, 22, 71, 50)  rank 4  Lambda -0.039  lag-cov ranks [4, 4, 4, 4, 4, 4]  best float margin +0.0270  exact balanced Q: YES (den 10) Q=[['9/10', '-4/5', '3/10', '3/10'], ['-4/5', '14/5', '-3/2', '-2/5'], ['3/10', '-3/2', '3/2', '1/10'], ['3/10', '-2/5', '1/10', '7/10']]
   m = (1, 1, 1, 8, 22, 71, 57)  rank 4  Lambda -0.021  lag-cov ranks [4, 4, 4, 4, 4, 4]  best float margin -0.0000  exact balanced Q: no
   m = (1, 1, 1, 8, 22, 71, 64)  rank 3  Lambda -0.004  lag-cov ranks [3, 3, 3, 3, 3, 3]  best float margin -0.0000  exact balanced Q: no
   m = (1, 1, 1, 8, 22, 78, 8)  rank 3  Lambda -0.288  lag-cov ranks [3, 3, 3, 3, 3, 3]  best float margin -0.0000  exact balanced Q: no
   m = (1, 1, 1, 8, 22, 78, 15)  rank 4  Lambda -0.198  lag-cov ranks [4, 4, 4, 4, 4, 4]  best float margin +0.2196  exact balanced Q: YES (den 4) Q=[['7/4', '0', '0', '-1/4'], ['0', '9/4', '-1/2', '-1/4'], ['0', '-1/2', '11/4', '1'], ['-1/4', '-1/4', '1', '7/4']]
   m = (1, 1, 1, 8, 22, 78, 22)  rank 3  Lambda -0.143  lag-cov ranks [3, 3, 3, 3, 3, 3]  best float margin -0.0000  exact balanced Q: no
   m = (1, 1, 1, 8, 22, 78, 29)  rank 4  Lambda -0.104  lag-cov ranks [4, 4, 4, 4, 4, 4]  best float margin -0.0000  exact balanced Q: no
   m = (1, 1, 1, 8, 22, 78, 36)  rank 4  Lambda -0.073  lag-cov ranks [4, 4, 4, 4, 4, 4]  best float margin -0.0000  exact balanced Q: no
   m = (1, 1, 1, 8, 22, 78, 43)  rank 4  Lambda -0.048  lag-cov ranks [4, 4, 4, 4, 4, 4]  best float margin -0.0000  exact balanced Q: no
   m = (1, 1, 1, 8, 22, 78, 50)  rank 4  Lambda -0.026  lag-cov ranks [4, 4, 4, 4, 4, 4]  best float margin -0.0000  exact balanced Q: no
   m = (1, 1, 1, 8, 22, 78, 57)  rank 4  Lambda -0.007  lag-cov ranks [4, 4, 4, 4, 4, 4]  best float margin -0.0000  exact balanced Q: no
   m = (1, 1, 1, 8, 29, 1, 15)  rank 3  Lambda -0.781  lag-cov ranks [3, 3, 3, 3, 3, 3]  best float margin -0.0000  exact balanced Q: no
   m = (1, 1, 1, 8, 29, 1, 22)  rank 3  Lambda -0.726  lag-cov ranks [3, 3, 3, 3, 3, 3]  best float margin -0.0000  exact balanced Q: no
   m = (1, 1, 1, 8, 29, 1, 36)  rank 3  Lambda -0.656  lag-cov ranks [3, 3, 3, 3, 3, 3]  best float margin -0.0000  exact balanced Q: no
   m = (1, 1, 1, 8, 29, 1, 43)  rank 3  Lambda -0.630  lag-cov ranks [3, 3, 3, 3, 3, 3]  best float margin -0.0000  exact balanced Q: no
   m = (1, 1, 1, 8, 29, 1, 50)  rank 3  Lambda -0.609  lag-cov ranks [3, 3, 3, 3, 3, 3]  best float margin -0.0000  exact balanced Q: no
   m = (1, 1, 1, 8, 29, 1, 57)  rank 3  Lambda -0.590  lag-cov ranks [3, 3, 3, 3, 3, 3]  best float margin -0.0000  exact balanced Q: no
   m = (1, 1, 1, 8, 29, 1, 71)  rank 3  Lambda -0.559  lag-cov ranks [3, 3, 3, 3, 3, 3]  best float margin -0.0000  exact balanced Q: no
   m = (1, 1, 1, 8, 29, 1, 78)  rank 3  Lambda -0.545  lag-cov ranks [3, 3, 3, 3, 3, 3]  best float margin -0.0000  exact balanced Q: no
   m = (1, 1, 1, 8, 29, 8, 15)  rank 3  Lambda -0.484  lag-cov ranks [3, 3, 3, 3, 3, 3]  best float margin -0.0000  exact balanced Q: no
   m = (1, 1, 1, 8, 29, 8, 22)  rank 3  Lambda -0.429  lag-cov ranks [3, 3, 3, 3, 3, 3]  best float margin -0.0000  exact balanced Q: no
   m = (1, 1, 1, 8, 29, 8, 36)  rank 3  Lambda -0.359  lag-cov ranks [3, 3, 3, 3, 3, 3]  best float margin -0.0000  exact balanced Q: no
   m = (1, 1, 1, 8, 29, 8, 43)  rank 3  Lambda -0.333  lag-cov ranks [3, 3, 3, 3, 3, 3]  best float margin -0.0000  exact balanced Q: no
   m = (1, 1, 1, 8, 29, 8, 50)  rank 3  Lambda -0.312  lag-cov ranks [3, 3, 3, 3, 3, 3]  best float margin -0.0000  exact balanced Q: no
   m = (1, 1, 1, 8, 29, 8, 57)  rank 3  Lambda -0.293  lag-cov ranks [3, 3, 3, 3, 3, 3]  best float margin -0.0000  exact balanced Q: no
   m = (1, 1, 1, 8, 29, 8, 71)  rank 3  Lambda -0.262  lag-cov ranks [3, 3, 3, 3, 3, 3]  best float margin -0.0000  exact balanced Q: no
   m = (1, 1, 1, 8, 29, 8, 78)  rank 3  Lambda -0.248  lag-cov ranks [3, 3, 3, 3, 3, 3]  best float margin -0.0000  exact balanced Q: no
   m = (1, 1, 1, 8, 29, 15, 15)  rank 3  Lambda -0.394  lag-cov ranks [3, 3, 3, 3, 3, 3]  best float margin -0.0000  exact balanced Q: no
   m = (1, 1, 1, 8, 29, 15, 22)  rank 4  Lambda -0.339  lag-cov ranks [4, 4, 4, 4, 4, 4]  best float margin +0.0733  exact balanced Q: YES (den 4) Q=[['2', '-5/4', '-3/4', '-1/2'], ['-5/4', '13/4', '7/4', '-1/2'], ['-3/4', '7/4', '7/2', '-3/2'], ['-1/2', '-1/2', '-3/2', '3']]
   m = (1, 1, 1, 8, 29, 15, 29)  rank 3  Lambda -0.300  lag-cov ranks [3, 3, 3, 3, 3, 3]  best float margin -0.0000  exact balanced Q: no
   m = (1, 1, 1, 8, 29, 15, 36)  rank 4  Lambda -0.269  lag-cov ranks [4, 4, 4, 4, 4, 4]  best float margin -0.0000  exact balanced Q: no
   m = (1, 1, 1, 8, 29, 15, 43)  rank 4  Lambda -0.244  lag-cov ranks [4, 4, 4, 4, 4, 4]  best float margin -0.0000  exact balanced Q: no
   m = (1, 1, 1, 8, 29, 15, 50)  rank 4  Lambda -0.222  lag-cov ranks [4, 4, 4, 4, 4, 4]  best float margin -0.0000  exact balanced Q: no
   m = (1, 1, 1, 8, 29, 15, 57)  rank 4  Lambda -0.203  lag-cov ranks [4, 4, 4, 4, 4, 4]  best float margin +0.0529  exact balanced Q: YES (den 4) Q=[['7/4', '0', '-1/4', '3/4'], ['0', '5/4', '-1/2', '1/4'], ['-1/4', '-1/2', '7/4', '1/2'], ['3/4', '1/4', '1/2', '7/4']]
   m = (1, 1, 1, 8, 29, 15, 64)  rank 3  Lambda -0.187  lag-cov ranks [3, 3, 3, 3, 3, 3]  best float margin -0.0000  exact balanced Q: no
   m = (1, 1, 1, 8, 29, 15, 71)  rank 4  Lambda -0.172  lag-cov ranks [4, 4, 4, 4, 4, 4]  best float margin -0.0000  exact balanced Q: no
   m = (1, 1, 1, 8, 29, 15, 78)  rank 4  Lambda -0.159  lag-cov ranks [4, 4, 4, 4, 4, 4]  best float margin -0.0000  exact balanced Q: no
   m = (1, 1, 1, 8, 29, 22, 15)  rank 4  Lambda -0.339  lag-cov ranks [4, 4, 4, 4, 4, 4]  best float margin -0.0000  exact balanced Q: no
   m = (1, 1, 1, 8, 29, 22, 22)  rank 3  Lambda -0.285  lag-cov ranks [3, 3, 3, 3, 3, 3]  best float margin -0.0000  exact balanced Q: no
   m = (1, 1, 1, 8, 29, 22, 29)  rank 3  Lambda -0.245  lag-cov ranks [3, 3, 3, 3, 3, 3]  best float margin -0.0000  exact balanced Q: no
   m = (1, 1, 1, 8, 29, 22, 36)  rank 4  Lambda -0.214  lag-cov ranks [4, 4, 4, 4, 4, 4]  best float margin -0.0000  exact balanced Q: no
   m = (1, 1, 1, 8, 29, 22, 43)  rank 4  Lambda -0.189  lag-cov ranks [4, 4, 4, 4, 4, 4]  best float margin -0.0000  exact balanced Q: no
   m = (1, 1, 1, 8, 29, 22, 50)  rank 4  Lambda -0.167  lag-cov ranks [4, 4, 4, 4, 4, 4]  best float margin -0.0000  exact balanced Q: no
   m = (1, 1, 1, 8, 29, 22, 57)  rank 4  Lambda -0.149  lag-cov ranks [4, 4, 4, 4, 4, 4]  best float margin -0.0000  exact balanced Q: no
   m = (1, 1, 1, 8, 29, 22, 64)  rank 3  Lambda -0.132  lag-cov ranks [3, 3, 3, 3, 3, 3]  best float margin -0.0000  exact balanced Q: no
   m = (1, 1, 1, 8, 29, 22, 71)  rank 4  Lambda -0.117  lag-cov ranks [4, 4, 4, 4, 4, 4]  best float margin -0.0000  exact balanced Q: no
   m = (1, 1, 1, 8, 29, 22, 78)  rank 4  Lambda -0.104  lag-cov ranks [4, 4, 4, 4, 4, 4]  best float margin -0.0000  exact balanced Q: no
   m = (1, 1, 1, 8, 29, 29, 15)  rank 3  Lambda -0.300  lag-cov ranks [3, 3, 3, 3, 3, 3]  best float margin -0.0000  exact balanced Q: no
   m = (1, 1, 1, 8, 29, 29, 22)  rank 3  Lambda -0.245  lag-cov ranks [3, 3, 3, 3, 3, 3]  best float margin -0.0000  exact balanced Q: no
   m = (1, 1, 1, 8, 29, 29, 36)  rank 3  Lambda -0.175  lag-cov ranks [3, 3, 3, 3, 3, 3]  best float margin -0.0000  exact balanced Q: no
   m = (1, 1, 1, 8, 29, 29, 43)  rank 3  Lambda -0.149  lag-cov ranks [3, 3, 3, 3, 3, 3]  best float margin -0.0000  exact balanced Q: no
   m = (1, 1, 1, 8, 29, 29, 50)  rank 3  Lambda -0.128  lag-cov ranks [3, 3, 3, 3, 3, 3]  best float margin -0.0000  exact balanced Q: no
   m = (1, 1, 1, 8, 29, 29, 57)  rank 3  Lambda -0.109  lag-cov ranks [3, 3, 3, 3, 3, 3]  best float margin -0.0000  exact balanced Q: no
   m = (1, 1, 1, 8, 29, 29, 71)  rank 3  Lambda -0.078  lag-cov ranks [3, 3, 3, 3, 3, 3]  best float margin -0.0000  exact balanced Q: no
   m = (1, 1, 1, 8, 29, 29, 78)  rank 3  Lambda -0.064  lag-cov ranks [3, 3, 3, 3, 3, 3]  best float margin -0.0000  exact balanced Q: no
   m = (1, 1, 1, 8, 29, 36, 8)  rank 3  Lambda -0.359  lag-cov ranks [3, 3, 3, 3, 3, 3]  best float margin -0.0000  exact balanced Q: no
   m = (1, 1, 1, 8, 29, 36, 15)  rank 4  Lambda -0.269  lag-cov ranks [4, 4, 4, 4, 4, 4]  best float margin -0.0000  exact balanced Q: no
   m = (1, 1, 1, 8, 29, 36, 22)  rank 4  Lambda -0.214  lag-cov ranks [4, 4, 4, 4, 4, 4]  best float margin -0.0000  exact balanced Q: no
   m = (1, 1, 1, 8, 29, 36, 29)  rank 3  Lambda -0.175  lag-cov ranks [3, 3, 3, 3, 3, 3]  best float margin -0.0000  exact balanced Q: no
   m = (1, 1, 1, 8, 29, 36, 36)  rank 3  Lambda -0.144  lag-cov ranks [3, 3, 3, 3, 3, 3]  best float margin -0.0000  exact balanced Q: no
   m = (1, 1, 1, 8, 29, 36, 43)  rank 4  Lambda -0.119  lag-cov ranks [4, 4, 4, 4, 4, 4]  best float margin -0.0000  exact balanced Q: no
   m = (1, 1, 1, 8, 29, 36, 50)  rank 4  Lambda -0.097  lag-cov ranks [4, 4, 4, 4, 4, 4]  best float margin -0.0000  exact balanced Q: no
   m = (1, 1, 1, 8, 29, 36, 57)  rank 4  Lambda -0.078  lag-cov ranks [4, 4, 4, 4, 4, 4]  best float margin -0.0000  exact balanced Q: no
   m = (1, 1, 1, 8, 29, 36, 64)  rank 3  Lambda -0.062  lag-cov ranks [3, 3, 3, 3, 3, 3]  best float margin -0.0000  exact balanced Q: no
   m = (1, 1, 1, 8, 29, 36, 71)  rank 4  Lambda -0.047  lag-cov ranks [4, 4, 4, 4, 4, 4]  best float margin -0.0000  exact balanced Q: no
   m = (1, 1, 1, 8, 29, 36, 78)  rank 4  Lambda -0.033  lag-cov ranks [4, 4, 4, 4, 4, 4]  best float margin -0.0000  exact balanced Q: no
   m = (1, 1, 1, 8, 29, 43, 8)  rank 3  Lambda -0.333  lag-cov ranks [3, 3, 3, 3, 3, 3]  best float margin -0.0000  exact balanced Q: no
   m = (1, 1, 1, 8, 29, 43, 15)  rank 4  Lambda -0.244  lag-cov ranks [4, 4, 4, 4, 4, 4]  best float margin +0.1492  exact balanced Q: YES (den 4) Q=[['3/2', '-1/4', '0', '0'], ['-1/4', '7/4', '-1/2', '1/4'], ['0', '-1/2', '3/2', '-1/4'], ['0', '1/4', '-1/4', '7/4']]
   m = (1, 1, 1, 8, 29, 43, 22)  rank 4  Lambda -0.189  lag-cov ranks [4, 4, 4, 4, 4, 4]  best float margin +0.0284  exact balanced Q: YES (den 4) Q=[['1', '-1/2', '-1/2', '1/4'], ['-1/2', '2', '1/2', '-1/2'], ['-1/2', '1/2', '7/4', '-1'], ['1/4', '-1/2', '-1', '3/2']]
   m = (1, 1, 1, 8, 29, 43, 29)  rank 3  Lambda -0.149  lag-cov ranks [3, 3, 3, 3, 3, 3]  best float margin -0.0000  exact balanced Q: no
   m = (1, 1, 1, 8, 29, 43, 36)  rank 4  Lambda -0.119  lag-cov ranks [4, 4, 4, 4, 4, 4]  best float margin +0.0910  exact balanced Q: YES (den 4) Q=[['1', '-1/4', '0', '1/4'], ['-1/4', '3/4', '-1/4', '0'], ['0', '-1/4', '5/4', '-1/4'], ['1/4', '0', '-1/4', '3/4']]
   m = (1, 1, 1, 8, 29, 43, 43)  rank 3  Lambda -0.093  lag-cov ranks [3, 3, 3, 3, 3, 3]  best float margin -0.0000  exact balanced Q: no
   m = (1, 1, 1, 8, 29, 43, 50)  rank 4  Lambda -0.072  lag-cov ranks [4, 4, 4, 4, 4, 4]  best float margin -0.0000  exact balanced Q: no
   m = (1, 1, 1, 8, 29, 43, 57)  rank 4  Lambda -0.053  lag-cov ranks [4, 4, 4, 4, 4, 4]  best float margin -0.0000  exact balanced Q: no
   m = (1, 1, 1, 8, 29, 43, 64)  rank 3  Lambda -0.036  lag-cov ranks [3, 3, 3, 3, 3, 3]  best float margin -0.0000  exact balanced Q: no
   m = (1, 1, 1, 8, 29, 43, 71)  rank 4  Lambda -0.022  lag-cov ranks [4, 4, 4, 4, 4, 4]  best float margin -0.0000  exact balanced Q: no
   m = (1, 1, 1, 8, 29, 43, 78)  rank 4  Lambda -0.008  lag-cov ranks [4, 4, 4, 4, 4, 4]  best float margin -0.0000  exact balanced Q: no
   m = (1, 1, 1, 8, 29, 50, 8)  rank 3  Lambda -0.312  lag-cov ranks [3, 3, 3, 3, 3, 3]  best float margin -0.0000  exact balanced Q: no
   m = (1, 1, 1, 8, 29, 50, 15)  rank 4  Lambda -0.222  lag-cov ranks [4, 4, 4, 4, 4, 4]  best float margin -0.0000  exact balanced Q: no
   m = (1, 1, 1, 8, 29, 50, 22)  rank 4  Lambda -0.167  lag-cov ranks [4, 4, 4, 4, 4, 4]  best float margin -0.0000  exact balanced Q: no
   m = (1, 1, 1, 8, 29, 50, 29)  rank 3  Lambda -0.128  lag-cov ranks [3, 3, 3, 3, 3, 3]  best float margin -0.0000  exact balanced Q: no
   m = (1, 1, 1, 8, 29, 50, 36)  rank 4  Lambda -0.097  lag-cov ranks [4, 4, 4, 4, 4, 4]  best float margin -0.0000  exact balanced Q: no
   m = (1, 1, 1, 8, 29, 50, 43)  rank 4  Lambda -0.072  lag-cov ranks [4, 4, 4, 4, 4, 4]  best float margin -0.0000  exact balanced Q: no
   m = (1, 1, 1, 8, 29, 50, 50)  rank 3  Lambda -0.050  lag-cov ranks [3, 3, 3, 3, 3, 3]  best float margin -0.0000  exact balanced Q: no
   m = (1, 1, 1, 8, 29, 50, 57)  rank 4  Lambda -0.031  lag-cov ranks [4, 4, 4, 4, 4, 4]  best float margin -0.0000  exact balanced Q: no
   m = (1, 1, 1, 8, 29, 50, 64)  rank 3  Lambda -0.015  lag-cov ranks [3, 3, 3, 3, 3, 3]  best float margin -0.0000  exact balanced Q: no
   m = (1, 1, 1, 8, 29, 57, 8)  rank 3  Lambda -0.293  lag-cov ranks [3, 3, 3, 3, 3, 3]  best float margin -0.0000  exact balanced Q: no
   m = (1, 1, 1, 8, 29, 57, 15)  rank 4  Lambda -0.203  lag-cov ranks [4, 4, 4, 4, 4, 4]  best float margin -0.0000  exact balanced Q: no
   m = (1, 1, 1, 8, 29, 57, 22)  rank 4  Lambda -0.149  lag-cov ranks [4, 4, 4, 4, 4, 4]  best float margin -0.0000  exact balanced Q: no
   m = (1, 1, 1, 8, 29, 57, 29)  rank 3  Lambda -0.109  lag-cov ranks [3, 3, 3, 3, 3, 3]  best float margin -0.0000  exact balanced Q: no
   m = (1, 1, 1, 8, 29, 57, 36)  rank 4  Lambda -0.078  lag-cov ranks [4, 4, 4, 4, 4, 4]  best float margin -0.0000  exact balanced Q: no
   m = (1, 1, 1, 8, 29, 57, 43)  rank 4  Lambda -0.053  lag-cov ranks [4, 4, 4, 4, 4, 4]  best float margin +0.0597  exact balanced Q: YES (den 4) Q=[['1', '-1/2', '1/4', '-1/4'], ['-1/2', '7/4', '-3/4', '1/4'], ['1/4', '-3/4', '3/2', '-1/4'], ['-1/4', '1/4', '-1/4', '5/4']]
   m = (1, 1, 1, 8, 29, 57, 50)  rank 4  Lambda -0.031  lag-cov ranks [4, 4, 4, 4, 4, 4]  best float margin +0.1848  exact balanced Q: YES (den 4) Q=[['9/4', '0', '0', '-1/4'], ['0', '2', '-1/4', '0'], ['0', '-1/4', '7/4', '-1/2'], ['-1/4', '0', '-1/2', '5/2']]
   m = (1, 1, 1, 8, 29, 57, 57)  rank 3  Lambda -0.013  lag-cov ranks [3, 3, 3, 3, 3, 3]  best float margin -0.0000  exact balanced Q: no
   m = (1, 1, 1, 8, 29, 64, 15)  rank 3  Lambda -0.187  lag-cov ranks [3, 3, 3, 3, 3, 3]  best float margin -0.0000  exact balanced Q: no
   m = (1, 1, 1, 8, 29, 64, 22)  rank 3  Lambda -0.132  lag-cov ranks [3, 3, 3, 3, 3, 3]  best float margin -0.0000  exact balanced Q: no
   m = (1, 1, 1, 8, 29, 64, 36)  rank 3  Lambda -0.062  lag-cov ranks [3, 3, 3, 3, 3, 3]  best float margin -0.0000  exact balanced Q: no
   m = (1, 1, 1, 8, 29, 64, 43)  rank 3  Lambda -0.036  lag-cov ranks [3, 3, 3, 3, 3, 3]  best float margin -0.0000  exact balanced Q: no
   m = (1, 1, 1, 8, 29, 64, 50)  rank 3  Lambda -0.015  lag-cov ranks [3, 3, 3, 3, 3, 3]  best float margin -0.0000  exact balanced Q: no
   m = (1, 1, 1, 8, 29, 71, 8)  rank 3  Lambda -0.262  lag-cov ranks [3, 3, 3, 3, 3, 3]  best float margin -0.0000  exact balanced Q: no
   m = (1, 1, 1, 8, 29, 71, 15)  rank 4  Lambda -0.172  lag-cov ranks [4, 4, 4, 4, 4, 4]  best float margin -0.0000  exact balanced Q: no
   m = (1, 1, 1, 8, 29, 71, 22)  rank 4  Lambda -0.117  lag-cov ranks [4, 4, 4, 4, 4, 4]  best float margin -0.0000  exact balanced Q: no
   m = (1, 1, 1, 8, 29, 71, 29)  rank 3  Lambda -0.078  lag-cov ranks [3, 3, 3, 3, 3, 3]  best float margin -0.0000  exact balanced Q: no
   m = (1, 1, 1, 8, 29, 71, 36)  rank 4  Lambda -0.047  lag-cov ranks [4, 4, 4, 4, 4, 4]  best float margin -0.0000  exact balanced Q: no
   m = (1, 1, 1, 8, 29, 71, 43)  rank 4  Lambda -0.022  lag-cov ranks [4, 4, 4, 4, 4, 4]  best float margin -0.0000  exact balanced Q: no
   m = (1, 1, 1, 8, 29, 78, 8)  rank 3  Lambda -0.248  lag-cov ranks [3, 3, 3, 3, 3, 3]  best float margin -0.0000  exact balanced Q: no
   m = (1, 1, 1, 8, 29, 78, 15)  rank 4  Lambda -0.159  lag-cov ranks [4, 4, 4, 4, 4, 4]  best float margin -0.0000  exact balanced Q: no
   m = (1, 1, 1, 8, 29, 78, 22)  rank 4  Lambda -0.104  lag-cov ranks [4, 4, 4, 4, 4, 4]  best float margin -0.0000  exact balanced Q: no
   m = (1, 1, 1, 8, 29, 78, 29)  rank 3  Lambda -0.064  lag-cov ranks [3, 3, 3, 3, 3, 3]  best float margin -0.0000  exact balanced Q: no
   m = (1, 1, 1, 8, 29, 78, 36)  rank 4  Lambda -0.033  lag-cov ranks [4, 4, 4, 4, 4, 4]  best float margin -0.0000  exact balanced Q: no
   m = (1, 1, 1, 8, 29, 78, 43)  rank 4  Lambda -0.008  lag-cov ranks [4, 4, 4, 4, 4, 4]  best float margin -0.0000  exact balanced Q: no
   m = (1, 1, 1, 8, 36, 1, 15)  rank 3  Lambda -0.750  lag-cov ranks [3, 3, 3, 3, 3, 3]  best float margin -0.0000  exact balanced Q: no
   m = (1, 1, 1, 8, 36, 1, 22)  rank 3  Lambda -0.695  lag-cov ranks [3, 3, 3, 3, 3, 3]  best float margin -0.0000  exact balanced Q: no
   m = (1, 1, 1, 8, 36, 1, 29)  rank 3  Lambda -0.656  lag-cov ranks [3, 3, 3, 3, 3, 3]  best float margin -0.0000  exact balanced Q: no
   m = (1, 1, 1, 8, 36, 1, 43)  rank 3  Lambda -0.600  lag-cov ranks [3, 3, 3, 3, 3, 3]  best float margin -0.0000  exact balanced Q: no
   m = (1, 1, 1, 8, 36, 1, 50)  rank 3  Lambda -0.578  lag-cov ranks [3, 3, 3, 3, 3, 3]  best float margin -0.0000  exact balanced Q: no
   m = (1, 1, 1, 8, 36, 1, 57)  rank 3  Lambda -0.559  lag-cov ranks [3, 3, 3, 3, 3, 3]  best float margin -0.0000  exact balanced Q: no
   m = (1, 1, 1, 8, 36, 1, 71)  rank 3  Lambda -0.528  lag-cov ranks [3, 3, 3, 3, 3, 3]  best float margin -0.0000  exact balanced Q: no
   m = (1, 1, 1, 8, 36, 1, 78)  rank 3  Lambda -0.515  lag-cov ranks [3, 3, 3, 3, 3, 3]  best float margin -0.0000  exact balanced Q: no
   m = (1, 1, 1, 8, 36, 8, 15)  rank 3  Lambda -0.453  lag-cov ranks [3, 3, 3, 3, 3, 3]  best float margin -0.0000  exact balanced Q: no
   m = (1, 1, 1, 8, 36, 8, 22)  rank 3  Lambda -0.398  lag-cov ranks [3, 3, 3, 3, 3, 3]  best float margin -0.0000  exact balanced Q: no
   m = (1, 1, 1, 8, 36, 8, 29)  rank 3  Lambda -0.359  lag-cov ranks [3, 3, 3, 3, 3, 3]  best float margin -0.0000  exact balanced Q: no
   m = (1, 1, 1, 8, 36, 8, 43)  rank 3  Lambda -0.303  lag-cov ranks [3, 3, 3, 3, 3, 3]  best float margin -0.0000  exact balanced Q: no
   m = (1, 1, 1, 8, 36, 8, 50)  rank 3  Lambda -0.281  lag-cov ranks [3, 3, 3, 3, 3, 3]  best float margin -0.0000  exact balanced Q: no
   m = (1, 1, 1, 8, 36, 8, 57)  rank 3  Lambda -0.262  lag-cov ranks [3, 3, 3, 3, 3, 3]  best float margin -0.0000  exact balanced Q: no
   m = (1, 1, 1, 8, 36, 8, 71)  rank 3  Lambda -0.231  lag-cov ranks [3, 3, 3, 3, 3, 3]  best float margin -0.0000  exact balanced Q: no
   m = (1, 1, 1, 8, 36, 8, 78)  rank 3  Lambda -0.217  lag-cov ranks [3, 3, 3, 3, 3, 3]  best float margin -0.0000  exact balanced Q: no
   m = (1, 1, 1, 8, 36, 15, 15)  rank 3  Lambda -0.363  lag-cov ranks [3, 3, 3, 3, 3, 3]  best float margin +0.0109  exact balanced Q: YES (den 20) Q=[['9/20', '1/20', '-3/20'], ['1/20', '11/20', '3/20'], ['-3/20', '3/20', '13/20']]
   m = (1, 1, 1, 8, 36, 15, 22)  rank 4  Lambda -0.308  lag-cov ranks [4, 4, 4, 4, 4, 4]  best float margin -0.0000  exact balanced Q: no
   m = (1, 1, 1, 8, 36, 15, 29)  rank 4  Lambda -0.269  lag-cov ranks [4, 4, 4, 4, 4, 4]  best float margin -0.0000  exact balanced Q: no
   m = (1, 1, 1, 8, 36, 15, 36)  rank 3  Lambda -0.238  lag-cov ranks [3, 3, 3, 3, 3, 3]  best float margin -0.0000  exact balanced Q: no
   m = (1, 1, 1, 8, 36, 15, 43)  rank 4  Lambda -0.213  lag-cov ranks [4, 4, 4, 4, 4, 4]  best float margin -0.0000  exact balanced Q: no
   m = (1, 1, 1, 8, 36, 15, 50)  rank 3  Lambda -0.191  lag-cov ranks [3, 3, 3, 3, 3, 3]  best float margin -0.0000  exact balanced Q: no
   m = (1, 1, 1, 8, 36, 15, 57)  rank 4  Lambda -0.172  lag-cov ranks [4, 4, 4, 4, 4, 4]  best float margin -0.0000  exact balanced Q: no
   m = (1, 1, 1, 8, 36, 15, 64)  rank 3  Lambda -0.156  lag-cov ranks [3, 3, 3, 3, 3, 3]  best float margin -0.0000  exact balanced Q: no
   m = (1, 1, 1, 8, 36, 15, 71)  rank 4  Lambda -0.141  lag-cov ranks [4, 4, 4, 4, 4, 4]  best float margin -0.0000  exact balanced Q: no
   m = (1, 1, 1, 8, 36, 15, 78)  rank 4  Lambda -0.128  lag-cov ranks [4, 4, 4, 4, 4, 4]  best float margin +0.0933  exact balanced Q: YES (den 4) Q=[['3/2', '3/4', '0', '-1/2'], ['3/4', '2', '3/4', '-1/4'], ['0', '3/4', '2', '-3/4'], ['-1/2', '-1/4', '-3/4', '7/4']]
   m = (1, 1, 1, 8, 36, 22, 15)  rank 4  Lambda -0.308  lag-cov ranks [4, 4, 4, 4, 4, 4]  best float margin -0.0000  exact balanced Q: no
   m = (1, 1, 1, 8, 36, 22, 22)  rank 3  Lambda -0.254  lag-cov ranks [3, 3, 3, 3, 3, 3]  best float margin -0.0000  exact balanced Q: no
   m = (1, 1, 1, 8, 36, 22, 29)  rank 4  Lambda -0.214  lag-cov ranks [4, 4, 4, 4, 4, 4]  best float margin -0.0000  exact balanced Q: no
   m = (1, 1, 1, 8, 36, 22, 36)  rank 3  Lambda -0.183  lag-cov ranks [3, 3, 3, 3, 3, 3]  best float margin -0.0000  exact balanced Q: no
   m = (1, 1, 1, 8, 36, 22, 43)  rank 4  Lambda -0.158  lag-cov ranks [4, 4, 4, 4, 4, 4]  best float margin -0.0000  exact balanced Q: no
   m = (1, 1, 1, 8, 36, 22, 50)  rank 4  Lambda -0.136  lag-cov ranks [4, 4, 4, 4, 4, 4]  best float margin +0.1505  exact balanced Q: YES (den 4) Q=[['3/2', '1/4', '1/4', '0'], ['1/4', '5/4', '-1/4', '0'], ['1/4', '-1/4', '3/2', '-1/4'], ['0', '0', '-1/4', '3/2']]
   m = (1, 1, 1, 8, 36, 22, 57)  rank 4  Lambda -0.118  lag-cov ranks [4, 4, 4, 4, 4, 4]  best float margin -0.0000  exact balanced Q: no
   m = (1, 1, 1, 8, 36, 22, 64)  rank 3  Lambda -0.101  lag-cov ranks [3, 3, 3, 3, 3, 3]  best float margin -0.0000  exact balanced Q: no
   m = (1, 1, 1, 8, 36, 22, 71)  rank 4  Lambda -0.086  lag-cov ranks [4, 4, 4, 4, 4, 4]  best float margin -0.0000  exact balanced Q: no
   m = (1, 1, 1, 8, 36, 22, 78)  rank 4  Lambda -0.073  lag-cov ranks [4, 4, 4, 4, 4, 4]  best float margin -0.0000  exact balanced Q: no
   m = (1, 1, 1, 8, 36, 29, 15)  rank 4  Lambda -0.269  lag-cov ranks [4, 4, 4, 4, 4, 4]  best float margin -0.0000  exact balanced Q: no
   m = (1, 1, 1, 8, 36, 29, 22)  rank 4  Lambda -0.214  lag-cov ranks [4, 4, 4, 4, 4, 4]  best float margin -0.0000  exact balanced Q: no
   m = (1, 1, 1, 8, 36, 29, 29)  rank 3  Lambda -0.175  lag-cov ranks [3, 3, 3, 3, 3, 3]  best float margin -0.0000  exact balanced Q: no
   m = (1, 1, 1, 8, 36, 29, 36)  rank 3  Lambda -0.144  lag-cov ranks [3, 3, 3, 3, 3, 3]  best float margin -0.0000  exact balanced Q: no
   m = (1, 1, 1, 8, 36, 29, 43)  rank 4  Lambda -0.119  lag-cov ranks [4, 4, 4, 4, 4, 4]  best float margin -0.0000  exact balanced Q: no
   m = (1, 1, 1, 8, 36, 29, 50)  rank 4  Lambda -0.097  lag-cov ranks [4, 4, 4, 4, 4, 4]  best float margin -0.0000  exact balanced Q: no
   m = (1, 1, 1, 8, 36, 29, 57)  rank 4  Lambda -0.078  lag-cov ranks [4, 4, 4, 4, 4, 4]  best float margin -0.0000  exact balanced Q: no
   m = (1, 1, 1, 8, 36, 29, 64)  rank 3  Lambda -0.062  lag-cov ranks [3, 3, 3, 3, 3, 3]  best float margin -0.0000  exact balanced Q: no
   m = (1, 1, 1, 8, 36, 29, 71)  rank 4  Lambda -0.047  lag-cov ranks [4, 4, 4, 4, 4, 4]  best float margin -0.0000  exact balanced Q: no
   m = (1, 1, 1, 8, 36, 29, 78)  rank 4  Lambda -0.033  lag-cov ranks [4, 4, 4, 4, 4, 4]  best float margin -0.0000  exact balanced Q: no
   m = (1, 1, 1, 8, 36, 36, 15)  rank 3  Lambda -0.238  lag-cov ranks [3, 3, 3, 3, 3, 3]  best float margin -0.0000  exact balanced Q: no
   m = (1, 1, 1, 8, 36, 36, 22)  rank 3  Lambda -0.183  lag-cov ranks [3, 3, 3, 3, 3, 3]  best float margin -0.0000  exact balanced Q: no
   m = (1, 1, 1, 8, 36, 36, 29)  rank 3  Lambda -0.144  lag-cov ranks [3, 3, 3, 3, 3, 3]  best float margin -0.0000  exact balanced Q: no
   m = (1, 1, 1, 8, 36, 36, 43)  rank 3  Lambda -0.088  lag-cov ranks [3, 3, 3, 3, 3, 3]  best float margin -0.0000  exact balanced Q: no
   m = (1, 1, 1, 8, 36, 36, 50)  rank 3  Lambda -0.066  lag-cov ranks [3, 3, 3, 3, 3, 3]  best float margin -0.0000  exact balanced Q: no
   m = (1, 1, 1, 8, 36, 36, 57)  rank 3  Lambda -0.047  lag-cov ranks [3, 3, 3, 3, 3, 3]  best float margin -0.0000  exact balanced Q: no
   m = (1, 1, 1, 8, 36, 36, 71)  rank 3  Lambda -0.016  lag-cov ranks [3, 3, 3, 3, 3, 3]  best float margin -0.0000  exact balanced Q: no
   m = (1, 1, 1, 8, 36, 36, 78)  rank 3  Lambda -0.003  lag-cov ranks [3, 3, 3, 3, 3, 3]  best float margin -0.0000  exact balanced Q: no
   m = (1, 1, 1, 8, 36, 43, 8)  rank 3  Lambda -0.303  lag-cov ranks [3, 3, 3, 3, 3, 3]  best float margin -0.0000  exact balanced Q: no
   m = (1, 1, 1, 8, 36, 43, 15)  rank 4  Lambda -0.213  lag-cov ranks [4, 4, 4, 4, 4, 4]  best float margin -0.0000  exact balanced Q: no
   m = (1, 1, 1, 8, 36, 43, 22)  rank 4  Lambda -0.158  lag-cov ranks [4, 4, 4, 4, 4, 4]  best float margin -0.0000  exact balanced Q: no
   m = (1, 1, 1, 8, 36, 43, 29)  rank 4  Lambda -0.119  lag-cov ranks [4, 4, 4, 4, 4, 4]  best float margin -0.0000  exact balanced Q: no
   m = (1, 1, 1, 8, 36, 43, 36)  rank 3  Lambda -0.088  lag-cov ranks [3, 3, 3, 3, 3, 3]  best float margin -0.0000  exact balanced Q: no
   m = (1, 1, 1, 8, 36, 43, 43)  rank 3  Lambda -0.062  lag-cov ranks [3, 3, 3, 3, 3, 3]  best float margin -0.0000  exact balanced Q: no
   m = (1, 1, 1, 8, 36, 43, 50)  rank 4  Lambda -0.041  lag-cov ranks [4, 4, 4, 4, 4, 4]  best float margin -0.0000  exact balanced Q: no
   m = (1, 1, 1, 8, 36, 43, 57)  rank 4  Lambda -0.022  lag-cov ranks [4, 4, 4, 4, 4, 4]  best float margin -0.0000  exact balanced Q: no
   m = (1, 1, 1, 8, 36, 43, 64)  rank 3  Lambda -0.005  lag-cov ranks [3, 3, 3, 3, 3, 3]  best float margin -0.0000  exact balanced Q: no
   m = (1, 1, 1, 8, 36, 50, 8)  rank 3  Lambda -0.281  lag-cov ranks [3, 3, 3, 3, 3, 3]  best float margin -0.0000  exact balanced Q: no
   m = (1, 1, 1, 8, 36, 50, 15)  rank 3  Lambda -0.191  lag-cov ranks [3, 3, 3, 3, 3, 3]  best float margin -0.0000  exact balanced Q: no
   m = (1, 1, 1, 8, 36, 50, 22)  rank 4  Lambda -0.136  lag-cov ranks [4, 4, 4, 4, 4, 4]  best float margin -0.0000  exact balanced Q: no
   m = (1, 1, 1, 8, 36, 50, 29)  rank 4  Lambda -0.097  lag-cov ranks [4, 4, 4, 4, 4, 4]  best float margin -0.0000  exact balanced Q: no
   m = (1, 1, 1, 8, 36, 50, 36)  rank 3  Lambda -0.066  lag-cov ranks [3, 3, 3, 3, 3, 3]  best float margin -0.0000  exact balanced Q: no
   m = (1, 1, 1, 8, 36, 50, 43)  rank 4  Lambda -0.041  lag-cov ranks [4, 4, 4, 4, 4, 4]  best float margin -0.0000  exact balanced Q: no
   m = (1, 1, 1, 8, 36, 50, 50)  rank 3  Lambda -0.019  lag-cov ranks [3, 3, 3, 3, 3, 3]  best float margin -0.0000  exact balanced Q: no
   m = (1, 1, 1, 8, 36, 50, 57)  rank 4  Lambda -0.000  lag-cov ranks [4, 4, 4, 4, 4, 4]  best float margin -0.0000  exact balanced Q: no
   m = (1, 1, 1, 8, 36, 57, 8)  rank 3  Lambda -0.262  lag-cov ranks [3, 3, 3, 3, 3, 3]  best float margin -0.0000  exact balanced Q: no
   m = (1, 1, 1, 8, 36, 57, 15)  rank 4  Lambda -0.172  lag-cov ranks [4, 4, 4, 4, 4, 4]  best float margin -0.0000  exact balanced Q: no
   m = (1, 1, 1, 8, 36, 57, 22)  rank 4  Lambda -0.118  lag-cov ranks [4, 4, 4, 4, 4, 4]  best float margin -0.0000  exact balanced Q: no
   m = (1, 1, 1, 8, 36, 57, 29)  rank 4  Lambda -0.078  lag-cov ranks [4, 4, 4, 4, 4, 4]  best float margin -0.0000  exact balanced Q: no
   m = (1, 1, 1, 8, 36, 57, 36)  rank 3  Lambda -0.047  lag-cov ranks [3, 3, 3, 3, 3, 3]  best float margin -0.0000  exact balanced Q: no
   m = (1, 1, 1, 8, 36, 57, 43)  rank 4  Lambda -0.022  lag-cov ranks [4, 4, 4, 4, 4, 4]  best float margin -0.0000  exact balanced Q: no
   m = (1, 1, 1, 8, 36, 57, 50)  rank 4  Lambda -0.000  lag-cov ranks [4, 4, 4, 4, 4, 4]  best float margin -0.0000  exact balanced Q: no
   m = (1, 1, 1, 8, 36, 64, 15)  rank 3  Lambda -0.156  lag-cov ranks [3, 3, 3, 3, 3, 3]  best float margin -0.0000  exact balanced Q: no
   m = (1, 1, 1, 8, 36, 64, 22)  rank 3  Lambda -0.101  lag-cov ranks [3, 3, 3, 3, 3, 3]  best float margin -0.0000  exact balanced Q: no
   m = (1, 1, 1, 8, 36, 64, 29)  rank 3  Lambda -0.062  lag-cov ranks [3, 3, 3, 3, 3, 3]  best float margin -0.0000  exact balanced Q: no
   m = (1, 1, 1, 8, 36, 64, 43)  rank 3  Lambda -0.005  lag-cov ranks [3, 3, 3, 3, 3, 3]  best float margin -0.0000  exact balanced Q: no
   m = (1, 1, 1, 8, 36, 71, 8)  rank 3  Lambda -0.231  lag-cov ranks [3, 3, 3, 3, 3, 3]  best float margin -0.0000  exact balanced Q: no
   m = (1, 1, 1, 8, 36, 71, 15)  rank 4  Lambda -0.141  lag-cov ranks [4, 4, 4, 4, 4, 4]  best float margin -0.0000  exact balanced Q: no
   m = (1, 1, 1, 8, 36, 71, 22)  rank 4  Lambda -0.086  lag-cov ranks [4, 4, 4, 4, 4, 4]  best float margin -0.0000  exact balanced Q: no
   m = (1, 1, 1, 8, 36, 71, 29)  rank 4  Lambda -0.047  lag-cov ranks [4, 4, 4, 4, 4, 4]  best float margin -0.0000  exact balanced Q: no
   m = (1, 1, 1, 8, 36, 71, 36)  rank 3  Lambda -0.016  lag-cov ranks [3, 3, 3, 3, 3, 3]  best float margin -0.0000  exact balanced Q: no
   m = (1, 1, 1, 8, 36, 78, 8)  rank 3  Lambda -0.217  lag-cov ranks [3, 3, 3, 3, 3, 3]  best float margin -0.0000  exact balanced Q: no
   m = (1, 1, 1, 8, 36, 78, 15)  rank 4  Lambda -0.128  lag-cov ranks [4, 4, 4, 4, 4, 4]  best float margin -0.0000  exact balanced Q: no
   m = (1, 1, 1, 8, 36, 78, 22)  rank 4  Lambda -0.073  lag-cov ranks [4, 4, 4, 4, 4, 4]  best float margin -0.0000  exact balanced Q: no
   m = (1, 1, 1, 8, 36, 78, 29)  rank 4  Lambda -0.033  lag-cov ranks [4, 4, 4, 4, 4, 4]  best float margin +0.1989  exact balanced Q: YES (den 4) Q=[['7/4', '1/2', '0', '-1/4'], ['1/2', '2', '1/4', '-1/4'], ['0', '1/4', '7/4', '-1/4'], ['-1/4', '-1/4', '-1/4', '3/2']]
   m = (1, 1, 1, 8, 36, 78, 36)  rank 3  Lambda -0.003  lag-cov ranks [3, 3, 3, 3, 3, 3]  best float margin -0.0000  exact balanced Q: no
   m = (1, 1, 1, 8, 43, 1, 15)  rank 3  Lambda -0.725  lag-cov ranks [3, 3, 3, 3, 3, 3]  best float margin -0.0000  exact balanced Q: no
   m = (1, 1, 1, 8, 43, 1, 22)  rank 3  Lambda -0.670  lag-cov ranks [3, 3, 3, 3, 3, 3]  best float margin +0.0660  exact balanced Q: YES (den 4) Q=[['1', '-1/4', '1/4'], ['-1/4', '1', '-1/4'], ['1/4', '-1/4', '1']]
   m = (1, 1, 1, 8, 43, 1, 29)  rank 3  Lambda -0.630  lag-cov ranks [3, 3, 3, 3, 3, 3]  best float margin -0.0000  exact balanced Q: no
   m = (1, 1, 1, 8, 43, 1, 36)  rank 3  Lambda -0.600  lag-cov ranks [3, 3, 3, 3, 3, 3]  best float margin -0.0000  exact balanced Q: no
   m = (1, 1, 1, 8, 43, 1, 50)  rank 3  Lambda -0.553  lag-cov ranks [3, 3, 3, 3, 3, 3]  best float margin -0.0000  exact balanced Q: no
   m = (1, 1, 1, 8, 43, 1, 57)  rank 3  Lambda -0.534  lag-cov ranks [3, 3, 3, 3, 3, 3]  best float margin +0.0255  exact balanced Q: YES (den 10) Q=[['2/5', '-1/10', '-1/10'], ['-1/10', '2/5', '-1/10'], ['-1/10', '-1/10', '2/5']]
   m = (1, 1, 1, 8, 43, 1, 71)  rank 3  Lambda -0.503  lag-cov ranks [3, 3, 3, 3, 3, 3]  best float margin -0.0000  exact balanced Q: no
   m = (1, 1, 1, 8, 43, 1, 78)  rank 3  Lambda -0.489  lag-cov ranks [3, 3, 3, 3, 3, 3]  best float margin -0.0000  exact balanced Q: no
   m = (1, 1, 1, 8, 43, 8, 15)  rank 3  Lambda -0.428  lag-cov ranks [3, 3, 3, 3, 3, 3]  best float margin -0.0000  exact balanced Q: no
   m = (1, 1, 1, 8, 43, 8, 22)  rank 3  Lambda -0.373  lag-cov ranks [3, 3, 3, 3, 3, 3]  best float margin -0.0000  exact balanced Q: no
   m = (1, 1, 1, 8, 43, 8, 29)  rank 3  Lambda -0.333  lag-cov ranks [3, 3, 3, 3, 3, 3]  best float margin -0.0000  exact balanced Q: no
   m = (1, 1, 1, 8, 43, 8, 36)  rank 3  Lambda -0.303  lag-cov ranks [3, 3, 3, 3, 3, 3]  best float margin -0.0000  exact balanced Q: no
   m = (1, 1, 1, 8, 43, 8, 50)  rank 3  Lambda -0.256  lag-cov ranks [3, 3, 3, 3, 3, 3]  best float margin -0.0000  exact balanced Q: no
   m = (1, 1, 1, 8, 43, 8, 57)  rank 3  Lambda -0.237  lag-cov ranks [3, 3, 3, 3, 3, 3]  best float margin -0.0000  exact balanced Q: no
   m = (1, 1, 1, 8, 43, 8, 71)  rank 3  Lambda -0.206  lag-cov ranks [3, 3, 3, 3, 3, 3]  best float margin -0.0000  exact balanced Q: no
   m = (1, 1, 1, 8, 43, 8, 78)  rank 3  Lambda -0.192  lag-cov ranks [3, 3, 3, 3, 3, 3]  best float margin -0.0000  exact balanced Q: no
   m = (1, 1, 1, 8, 43, 15, 15)  rank 3  Lambda -0.338  lag-cov ranks [3, 3, 3, 3, 3, 3]  best float margin -0.0000  exact balanced Q: no
   m = (1, 1, 1, 8, 43, 15, 22)  rank 4  Lambda -0.283  lag-cov ranks [4, 4, 4, 4, 4, 4]  best float margin -0.0000  exact balanced Q: no
   m = (1, 1, 1, 8, 43, 15, 29)  rank 4  Lambda -0.244  lag-cov ranks [4, 4, 4, 4, 4, 4]  best float margin +0.0471  exact balanced Q: YES (den 4) Q=[['3/2', '-1/4', '-3/4', '-3/4'], ['-1/4', '1', '0', '0'], ['-3/4', '0', '3/2', '1/2'], ['-3/4', '0', '1/2', '3/2']]
   m = (1, 1, 1, 8, 43, 15, 36)  rank 4  Lambda -0.213  lag-cov ranks [4, 4, 4, 4, 4, 4]  best float margin -0.0000  exact balanced Q: no
   m = (1, 1, 1, 8, 43, 15, 43)  rank 3  Lambda -0.187  lag-cov ranks [3, 3, 3, 3, 3, 3]  best float margin -0.0000  exact balanced Q: no
   m = (1, 1, 1, 8, 43, 15, 50)  rank 4  Lambda -0.166  lag-cov ranks [4, 4, 4, 4, 4, 4]  best float margin -0.0000  exact balanced Q: no
   m = (1, 1, 1, 8, 43, 15, 57)  rank 4  Lambda -0.147  lag-cov ranks [4, 4, 4, 4, 4, 4]  best float margin -0.0000  exact balanced Q: no
   m = (1, 1, 1, 8, 43, 15, 64)  rank 3  Lambda -0.131  lag-cov ranks [3, 3, 3, 3, 3, 3]  best float margin -0.0000  exact balanced Q: no
   m = (1, 1, 1, 8, 43, 15, 71)  rank 4  Lambda -0.116  lag-cov ranks [4, 4, 4, 4, 4, 4]  best float margin -0.0000  exact balanced Q: no
   m = (1, 1, 1, 8, 43, 15, 78)  rank 4  Lambda -0.102  lag-cov ranks [4, 4, 4, 4, 4, 4]  best float margin -0.0000  exact balanced Q: no
   m = (1, 1, 1, 8, 43, 22, 15)  rank 4  Lambda -0.283  lag-cov ranks [4, 4, 4, 4, 4, 4]  best float margin -0.0000  exact balanced Q: no
   m = (1, 1, 1, 8, 43, 22, 22)  rank 3  Lambda -0.228  lag-cov ranks [3, 3, 3, 3, 3, 3]  best float margin -0.0000  exact balanced Q: no
   m = (1, 1, 1, 8, 43, 22, 29)  rank 4  Lambda -0.189  lag-cov ranks [4, 4, 4, 4, 4, 4]  best float margin -0.0000  exact balanced Q: no
   m = (1, 1, 1, 8, 43, 22, 36)  rank 4  Lambda -0.158  lag-cov ranks [4, 4, 4, 4, 4, 4]  best float margin -0.0000  exact balanced Q: no
   m = (1, 1, 1, 8, 43, 22, 43)  rank 3  Lambda -0.133  lag-cov ranks [3, 3, 3, 3, 3, 3]  best float margin -0.0000  exact balanced Q: no
   m = (1, 1, 1, 8, 43, 22, 50)  rank 4  Lambda -0.111  lag-cov ranks [4, 4, 4, 4, 4, 4]  best float margin +0.0502  exact balanced Q: YES (den 4) Q=[['1', '-1/2', '-1/4', '-1/4'], ['-1/2', '5/4', '1/2', '1/2'], ['-1/4', '1/2', '7/4', '3/4'], ['-1/4', '1/2', '3/4', '3/2']]
   m = (1, 1, 1, 8, 43, 22, 57)  rank 4  Lambda -0.092  lag-cov ranks [4, 4, 4, 4, 4, 4]  best float margin -0.0000  exact balanced Q: no
   m = (1, 1, 1, 8, 43, 22, 64)  rank 3  Lambda -0.076  lag-cov ranks [3, 3, 3, 3, 3, 3]  best float margin -0.0000  exact balanced Q: no
   m = (1, 1, 1, 8, 43, 22, 71)  rank 4  Lambda -0.061  lag-cov ranks [4, 4, 4, 4, 4, 4]  best float margin -0.0000  exact balanced Q: no
   m = (1, 1, 1, 8, 43, 22, 78)  rank 4  Lambda -0.048  lag-cov ranks [4, 4, 4, 4, 4, 4]  best float margin -0.0000  exact balanced Q: no
   m = (1, 1, 1, 8, 43, 29, 15)  rank 4  Lambda -0.244  lag-cov ranks [4, 4, 4, 4, 4, 4]  best float margin -0.0000  exact balanced Q: no
   m = (1, 1, 1, 8, 43, 29, 22)  rank 4  Lambda -0.189  lag-cov ranks [4, 4, 4, 4, 4, 4]  best float margin -0.0000  exact balanced Q: no
   m = (1, 1, 1, 8, 43, 29, 29)  rank 3  Lambda -0.149  lag-cov ranks [3, 3, 3, 3, 3, 3]  best float margin -0.0000  exact balanced Q: no
   m = (1, 1, 1, 8, 43, 29, 36)  rank 4  Lambda -0.119  lag-cov ranks [4, 4, 4, 4, 4, 4]  best float margin -0.0000  exact balanced Q: no
   m = (1, 1, 1, 8, 43, 29, 43)  rank 3  Lambda -0.093  lag-cov ranks [3, 3, 3, 3, 3, 3]  best float margin -0.0000  exact balanced Q: no
   m = (1, 1, 1, 8, 43, 29, 50)  rank 4  Lambda -0.072  lag-cov ranks [4, 4, 4, 4, 4, 4]  best float margin +0.1198  exact balanced Q: YES (den 4) Q=[['3/2', '-1/4', '1/4', '0'], ['-1/4', '5/4', '0', '0'], ['1/4', '0', '7/4', '-1/2'], ['0', '0', '-1/2', '5/4']]
   m = (1, 1, 1, 8, 43, 29, 57)  rank 4  Lambda -0.053  lag-cov ranks [4, 4, 4, 4, 4, 4]  best float margin -0.0000  exact balanced Q: no
   m = (1, 1, 1, 8, 43, 29, 64)  rank 3  Lambda -0.036  lag-cov ranks [3, 3, 3, 3, 3, 3]  best float margin -0.0000  exact balanced Q: no
   m = (1, 1, 1, 8, 43, 29, 71)  rank 4  Lambda -0.022  lag-cov ranks [4, 4, 4, 4, 4, 4]  best float margin +0.2345  exact balanced Q: YES (den 4) Q=[['5/2', '-1/2', '1/2', '-1/4'], ['-1/2', '2', '-1/2', '0'], ['1/2', '-1/2', '3', '-1/4'], ['-1/4', '0', '-1/4', '9/4']]
   m = (1, 1, 1, 8, 43, 29, 78)  rank 4  Lambda -0.008  lag-cov ranks [4, 4, 4, 4, 4, 4]  best float margin -0.0000  exact balanced Q: no
   m = (1, 1, 1, 8, 43, 36, 15)  rank 4  Lambda -0.213  lag-cov ranks [4, 4, 4, 4, 4, 4]  best float margin -0.0000  exact balanced Q: no
   m = (1, 1, 1, 8, 43, 36, 22)  rank 4  Lambda -0.158  lag-cov ranks [4, 4, 4, 4, 4, 4]  best float margin -0.0000  exact balanced Q: no
   m = (1, 1, 1, 8, 43, 36, 29)  rank 4  Lambda -0.119  lag-cov ranks [4, 4, 4, 4, 4, 4]  best float margin -0.0000  exact balanced Q: no
   m = (1, 1, 1, 8, 43, 36, 36)  rank 3  Lambda -0.088  lag-cov ranks [3, 3, 3, 3, 3, 3]  best float margin -0.0000  exact balanced Q: no
   m = (1, 1, 1, 8, 43, 36, 43)  rank 3  Lambda -0.062  lag-cov ranks [3, 3, 3, 3, 3, 3]  best float margin -0.0000  exact balanced Q: no
   m = (1, 1, 1, 8, 43, 36, 50)  rank 4  Lambda -0.041  lag-cov ranks [4, 4, 4, 4, 4, 4]  best float margin -0.0000  exact balanced Q: no
   m = (1, 1, 1, 8, 43, 36, 57)  rank 4  Lambda -0.022  lag-cov ranks [4, 4, 4, 4, 4, 4]  best float margin -0.0000  exact balanced Q: no
   m = (1, 1, 1, 8, 43, 36, 64)  rank 3  Lambda -0.005  lag-cov ranks [3, 3, 3, 3, 3, 3]  best float margin -0.0000  exact balanced Q: no
   m = (1, 1, 1, 8, 43, 43, 15)  rank 3  Lambda -0.187  lag-cov ranks [3, 3, 3, 3, 3, 3]  best float margin -0.0000  exact balanced Q: no
   m = (1, 1, 1, 8, 43, 43, 22)  rank 3  Lambda -0.133  lag-cov ranks [3, 3, 3, 3, 3, 3]  best float margin -0.0000  exact balanced Q: no
   m = (1, 1, 1, 8, 43, 43, 29)  rank 3  Lambda -0.093  lag-cov ranks [3, 3, 3, 3, 3, 3]  best float margin -0.0000  exact balanced Q: no
   m = (1, 1, 1, 8, 43, 43, 36)  rank 3  Lambda -0.062  lag-cov ranks [3, 3, 3, 3, 3, 3]  best float margin -0.0000  exact balanced Q: no
   m = (1, 1, 1, 8, 43, 43, 50)  rank 3  Lambda -0.015  lag-cov ranks [3, 3, 3, 3, 3, 3]  best float margin -0.0000  exact balanced Q: no
   m = (1, 1, 1, 8, 43, 50, 8)  rank 3  Lambda -0.256  lag-cov ranks [3, 3, 3, 3, 3, 3]  best float margin -0.0000  exact balanced Q: no
   m = (1, 1, 1, 8, 43, 50, 15)  rank 4  Lambda -0.166  lag-cov ranks [4, 4, 4, 4, 4, 4]  best float margin -0.0000  exact balanced Q: no
   m = (1, 1, 1, 8, 43, 50, 22)  rank 4  Lambda -0.111  lag-cov ranks [4, 4, 4, 4, 4, 4]  best float margin -0.0000  exact balanced Q: no
   m = (1, 1, 1, 8, 43, 50, 29)  rank 4  Lambda -0.072  lag-cov ranks [4, 4, 4, 4, 4, 4]  best float margin -0.0000  exact balanced Q: no
   m = (1, 1, 1, 8, 43, 50, 36)  rank 4  Lambda -0.041  lag-cov ranks [4, 4, 4, 4, 4, 4]  best float margin -0.0000  exact balanced Q: no
   m = (1, 1, 1, 8, 43, 50, 43)  rank 3  Lambda -0.015  lag-cov ranks [3, 3, 3, 3, 3, 3]  best float margin -0.0000  exact balanced Q: no
   m = (1, 1, 1, 8, 43, 57, 8)  rank 3  Lambda -0.237  lag-cov ranks [3, 3, 3, 3, 3, 3]  best float margin -0.0000  exact balanced Q: no
   m = (1, 1, 1, 8, 43, 57, 15)  rank 4  Lambda -0.147  lag-cov ranks [4, 4, 4, 4, 4, 4]  best float margin -0.0000  exact balanced Q: no
   m = (1, 1, 1, 8, 43, 57, 22)  rank 4  Lambda -0.092  lag-cov ranks [4, 4, 4, 4, 4, 4]  best float margin -0.0000  exact balanced Q: no
   m = (1, 1, 1, 8, 43, 57, 29)  rank 4  Lambda -0.053  lag-cov ranks [4, 4, 4, 4, 4, 4]  best float margin -0.0000  exact balanced Q: no
   m = (1, 1, 1, 8, 43, 57, 36)  rank 4  Lambda -0.022  lag-cov ranks [4, 4, 4, 4, 4, 4]  best float margin -0.0000  exact balanced Q: no
   m = (1, 1, 1, 8, 43, 64, 15)  rank 3  Lambda -0.131  lag-cov ranks [3, 3, 3, 3, 3, 3]  best float margin -0.0000  exact balanced Q: no
   m = (1, 1, 1, 8, 43, 64, 22)  rank 3  Lambda -0.076  lag-cov ranks [3, 3, 3, 3, 3, 3]  best float margin -0.0000  exact balanced Q: no
   m = (1, 1, 1, 8, 43, 64, 29)  rank 3  Lambda -0.036  lag-cov ranks [3, 3, 3, 3, 3, 3]  best float margin -0.0000  exact balanced Q: no
   m = (1, 1, 1, 8, 43, 64, 36)  rank 3  Lambda -0.005  lag-cov ranks [3, 3, 3, 3, 3, 3]  best float margin -0.0000  exact balanced Q: no
   m = (1, 1, 1, 8, 43, 71, 8)  rank 3  Lambda -0.206  lag-cov ranks [3, 3, 3, 3, 3, 3]  best float margin -0.0000  exact balanced Q: no
   m = (1, 1, 1, 8, 43, 71, 15)  rank 4  Lambda -0.116  lag-cov ranks [4, 4, 4, 4, 4, 4]  best float margin -0.0000  exact balanced Q: no
   m = (1, 1, 1, 8, 43, 71, 22)  rank 4  Lambda -0.061  lag-cov ranks [4, 4, 4, 4, 4, 4]  best float margin -0.0000  exact balanced Q: no
   m = (1, 1, 1, 8, 43, 71, 29)  rank 4  Lambda -0.022  lag-cov ranks [4, 4, 4, 4, 4, 4]  best float margin -0.0000  exact balanced Q: no
   m = (1, 1, 1, 8, 43, 78, 8)  rank 3  Lambda -0.192  lag-cov ranks [3, 3, 3, 3, 3, 3]  best float margin -0.0000  exact balanced Q: no
   m = (1, 1, 1, 8, 43, 78, 15)  rank 4  Lambda -0.102  lag-cov ranks [4, 4, 4, 4, 4, 4]  best float margin -0.0000  exact balanced Q: no
   m = (1, 1, 1, 8, 43, 78, 22)  rank 4  Lambda -0.048  lag-cov ranks [4, 4, 4, 4, 4, 4]  best float margin -0.0000  exact balanced Q: no
   m = (1, 1, 1, 8, 43, 78, 29)  rank 4  Lambda -0.008  lag-cov ranks [4, 4, 4, 4, 4, 4]  best float margin -0.0000  exact balanced Q: no
   m = (1, 1, 1, 8, 50, 1, 15)  rank 3  Lambda -0.703  lag-cov ranks [3, 3, 3, 3, 3, 3]  best float margin -0.0000  exact balanced Q: no
   m = (1, 1, 1, 8, 50, 1, 22)  rank 3  Lambda -0.648  lag-cov ranks [3, 3, 3, 3, 3, 3]  best float margin -0.0000  exact balanced Q: no
   m = (1, 1, 1, 8, 50, 1, 29)  rank 3  Lambda -0.609  lag-cov ranks [3, 3, 3, 3, 3, 3]  best float margin -0.0000  exact balanced Q: no
   m = (1, 1, 1, 8, 50, 1, 36)  rank 3  Lambda -0.578  lag-cov ranks [3, 3, 3, 3, 3, 3]  best float margin -0.0000  exact balanced Q: no
   m = (1, 1, 1, 8, 50, 1, 43)  rank 3  Lambda -0.553  lag-cov ranks [3, 3, 3, 3, 3, 3]  best float margin +0.0636  exact balanced Q: YES (den 4) Q=[['5/4', '1/4', '-1/4'], ['1/4', '5/4', '-1/4'], ['-1/4', '-1/4', '3/2']]
   m = (1, 1, 1, 8, 50, 1, 57)  rank 3  Lambda -0.512  lag-cov ranks [3, 3, 3, 3, 3, 3]  best float margin -0.0000  exact balanced Q: no
   m = (1, 1, 1, 8, 50, 1, 71)  rank 3  Lambda -0.481  lag-cov ranks [3, 3, 3, 3, 3, 3]  best float margin -0.0000  exact balanced Q: no
   m = (1, 1, 1, 8, 50, 1, 78)  rank 3  Lambda -0.468  lag-cov ranks [3, 3, 3, 3, 3, 3]  best float margin -0.0000  exact balanced Q: no
   m = (1, 1, 1, 8, 50, 8, 15)  rank 3  Lambda -0.406  lag-cov ranks [3, 3, 3, 3, 3, 3]  best float margin -0.0000  exact balanced Q: no
   m = (1, 1, 1, 8, 50, 8, 22)  rank 3  Lambda -0.351  lag-cov ranks [3, 3, 3, 3, 3, 3]  best float margin -0.0000  exact balanced Q: no
   m = (1, 1, 1, 8, 50, 8, 29)  rank 3  Lambda -0.312  lag-cov ranks [3, 3, 3, 3, 3, 3]  best float margin -0.0000  exact balanced Q: no
   m = (1, 1, 1, 8, 50, 8, 36)  rank 3  Lambda -0.281  lag-cov ranks [3, 3, 3, 3, 3, 3]  best float margin -0.0000  exact balanced Q: no
   m = (1, 1, 1, 8, 50, 8, 43)  rank 3  Lambda -0.256  lag-cov ranks [3, 3, 3, 3, 3, 3]  best float margin -0.0000  exact balanced Q: no
   m = (1, 1, 1, 8, 50, 8, 57)  rank 3  Lambda -0.215  lag-cov ranks [3, 3, 3, 3, 3, 3]  best float margin -0.0000  exact balanced Q: no
   m = (1, 1, 1, 8, 50, 8, 71)  rank 3  Lambda -0.184  lag-cov ranks [3, 3, 3, 3, 3, 3]  best float margin -0.0000  exact balanced Q: no
   m = (1, 1, 1, 8, 50, 8, 78)  rank 3  Lambda -0.171  lag-cov ranks [3, 3, 3, 3, 3, 3]  best float margin -0.0000  exact balanced Q: no
   m = (1, 1, 1, 8, 50, 15, 15)  rank 3  Lambda -0.316  lag-cov ranks [3, 3, 3, 3, 3, 3]  best float margin -0.0000  exact balanced Q: no
   m = (1, 1, 1, 8, 50, 15, 22)  rank 4  Lambda -0.262  lag-cov ranks [4, 4, 4, 4, 4, 4]  best float margin -0.0000  exact balanced Q: no
   m = (1, 1, 1, 8, 50, 15, 29)  rank 4  Lambda -0.222  lag-cov ranks [4, 4, 4, 4, 4, 4]  best float margin -0.0000  exact balanced Q: no
   m = (1, 1, 1, 8, 50, 15, 36)  rank 3  Lambda -0.191  lag-cov ranks [3, 3, 3, 3, 3, 3]  best float margin -0.0014  exact balanced Q: no
   m = (1, 1, 1, 8, 50, 15, 43)  rank 4  Lambda -0.166  lag-cov ranks [4, 4, 4, 4, 4, 4]  best float margin -0.0000  exact balanced Q: no
   m = (1, 1, 1, 8, 50, 15, 50)  rank 3  Lambda -0.144  lag-cov ranks [3, 3, 3, 3, 3, 3]  best float margin -0.0000  exact balanced Q: no
   m = (1, 1, 1, 8, 50, 15, 57)  rank 4  Lambda -0.126  lag-cov ranks [4, 4, 4, 4, 4, 4]  best float margin -0.0000  exact balanced Q: no
   m = (1, 1, 1, 8, 50, 15, 64)  rank 3  Lambda -0.109  lag-cov ranks [3, 3, 3, 3, 3, 3]  best float margin -0.0000  exact balanced Q: no
   m = (1, 1, 1, 8, 50, 15, 71)  rank 4  Lambda -0.094  lag-cov ranks [4, 4, 4, 4, 4, 4]  best float margin -0.0000  exact balanced Q: no
   m = (1, 1, 1, 8, 50, 15, 78)  rank 4  Lambda -0.081  lag-cov ranks [4, 4, 4, 4, 4, 4]  best float margin -0.0000  exact balanced Q: no
   m = (1, 1, 1, 8, 50, 22, 15)  rank 4  Lambda -0.262  lag-cov ranks [4, 4, 4, 4, 4, 4]  best float margin +0.0202  exact balanced Q: YES (den 20) Q=[['21/20', '-1/4', '4/5', '11/20'], ['-1/4', '1/2', '-7/20', '-1/20'], ['4/5', '-7/20', '6/5', '11/20'], ['11/20', '-1/20', '11/20', '9/10']]
   m = (1, 1, 1, 8, 50, 22, 22)  rank 3  Lambda -0.207  lag-cov ranks [3, 3, 3, 3, 3, 3]  best float margin -0.0000  exact balanced Q: no
   m = (1, 1, 1, 8, 50, 22, 29)  rank 4  Lambda -0.167  lag-cov ranks [4, 4, 4, 4, 4, 4]  best float margin -0.0000  exact balanced Q: no
   m = (1, 1, 1, 8, 50, 22, 36)  rank 4  Lambda -0.136  lag-cov ranks [4, 4, 4, 4, 4, 4]  best float margin -0.0000  exact balanced Q: no
   m = (1, 1, 1, 8, 50, 22, 43)  rank 4  Lambda -0.111  lag-cov ranks [4, 4, 4, 4, 4, 4]  best float margin -0.0000  exact balanced Q: no
   m = (1, 1, 1, 8, 50, 22, 50)  rank 3  Lambda -0.090  lag-cov ranks [3, 3, 3, 3, 3, 3]  best float margin -0.0000  exact balanced Q: no
   m = (1, 1, 1, 8, 50, 22, 57)  rank 4  Lambda -0.071  lag-cov ranks [4, 4, 4, 4, 4, 4]  best float margin -0.0000  exact balanced Q: no
   m = (1, 1, 1, 8, 50, 22, 64)  rank 3  Lambda -0.054  lag-cov ranks [3, 3, 3, 3, 3, 3]  best float margin -0.0000  exact balanced Q: no
   m = (1, 1, 1, 8, 50, 22, 71)  rank 4  Lambda -0.039  lag-cov ranks [4, 4, 4, 4, 4, 4]  best float margin +0.4366  exact balanced Q: YES (den 4) Q=[['7/2', '0', '1/2', '-1'], ['0', '15/4', '-1/2', '0'], ['1/2', '-1/2', '15/4', '-1/2'], ['-1', '0', '-1/2', '4']]
   m = (1, 1, 1, 8, 50, 22, 78)  rank 4  Lambda -0.026  lag-cov ranks [4, 4, 4, 4, 4, 4]  best float margin -0.0000  exact balanced Q: no
