mask_hex,rank,joint,active_rows,first_q,first_r,row_support_fnv
0038940c,8,0,385,100,636,148d21852d2dd4b8
0080728a,8,0,387,294,636,137a98e339174982
22506180,8,0,376,256,636,163239be70d2de05
11003981,8,0,317,294,636,1e1d2e939603e1b9
34128a00,8,0,365,100,636,bf6faa268401b069
0804c21a,8,0,1,538,623,2a0d55ce5ac5c44
08984038,8,0,243,294,636,b730c65db401b66d
00224a85,8,0,33,294,636,8ab2f4e605c0409f
35900810,8,0,370,100,636,e6894c60f4fe6222
005c410a,8,0,83,294,636,f3a64f9bbb5a048e
08021247,8,0,20,372,630,2159efff18357484
0a1402c8,8,0,4,282,624,688d43b3f3d207d1
0a6810c0,8,0,355,100,636,6970c2fd573b96
340120c4,8,0,242,294,636,7b1e5d52a5d07434
08914602,8,0,192,294,636,a049f2840a6e7edc
01129211,8,0,377,100,636,3c31f39c05a719eb
281a0070,8,0,185,294,636,ee6c6d51001f7452
34508300,8,0,350,100,636,71dbf8e893224f37
0244c80c,8,0,129,294,636,f065c974ee6f17f9
00e04245,8,0,18,338,636,65ef91b30a819605
1100511c,8,0,56,338,636,562369e260e66881
25089048,8,0,382,100,636,7b6566e23a6f1a58
00389806,8,0,263,294,636,99de0d841187a2f
0c432401,8,0,376,256,636,2a4b17712dfa1378
11300c09,8,0,391,100,636,38e567eb72a62c3e
02c43108,8,0,163,338,636,4d14888e8fffa33e
13285100,8,0,391,100,636,38e567eb72a62c3e
14100233,8,0,13,294,632,926373c0b16f832c
11a18220,8,0,2,338,628,de6738caa3ec8630
040c2161,8,0,89,294,636,52fafcc998377ff7
30c14300,8,0,342,294,636,d109c0399d42ce35
30203310,8,0,187,306,635,ceb996ee4a27d081
100429a2,8,0,1,538,623,2a0d55ce5ac5c44
0688a009,8,0,390,100,636,4a3445d7f92e7ba3
061a2041,8,0,345,294,636,a3c4a1f9477038d1
28700406,8,0,18,332,630,59db9340922c9817
21509401,8,0,391,100,636,38e567eb72a62c3e
05520860,8,0,234,294,636,7eca5f7c5228c9db
2204c0a2,8,0,48,294,636,588e84c36bc353c
20192103,8,0,286,294,636,2a8f049ef151bb6a
2e018802,8,0,248,294,636,c96af5cd614dc4d3
2088b280,8,0,385,294,636,957bd083cc6782bb
049a00a2,8,0,198,294,636,23a57785ebced061
00822685,8,0,301,256,636,88ef309d0b35b6d0
05145018,8,0,391,100,636,38e567eb72a62c3e
0c1cc020,8,0,369,100,636,22dfac04aa73c220
11045809,8,0,391,100,636,38e567eb72a62c3e
000662c8,8,0,232,294,636,c97caa440ee4d546
10451700,8,0,127,294,636,47210d22de28d65b
03654100,8,0,273,294,636,979716318e8df34f
0b20a208,8,0,366,100,636,397e3f2a0bd5434f
05850422,8,0,194,294,636,3841ad8491136128
21202c60,8,0,26,416,630,d22a9f957818241
13840144,8,0,114,338,636,943f8cedf3991bd
26108061,8,0,307,100,636,b5ec1c0923a30c28
061c8014,8,0,359,100,636,491ca5ad7c3ff019
02489a10,8,0,12,338,636,5be7389a57c74c73
04468182,8,0,8,294,636,c275cd49f2555ada
03044681,8,0,383,100,636,9552cb54feddfd98
17300005,8,0,391,100,636,38e567eb72a62c3e
0a260141,8,0,99,294,636,1ec17b293d76866
0a4020b8,8,0,34,220,625,90733121fd443efc
20406868,8,0,8,520,630,3776a72894d06bf9
02515810,8,0,157,294,636,7394d2d3c4694b4b
050420b2,8,0,278,294,636,c921d9095294c496
2b088c00,8,0,391,100,636,38e567eb72a62c3e
0068211a,8,0,10,372,630,e2d5e891d8199c7a
02305884,8,0,387,100,636,54ac7ecfae414a90
020c28c8,8,0,149,294,636,80c663f54eb88c0a
20414036,8,0,9,520,630,4a3e019e0365820d
12029205,8,0,123,294,636,1569e4fae33ca237
09103203,8,0,387,294,636,818d255496388351
02076220,8,0,33,338,636,918a80dd3bafcb83
02c40d80,8,0,89,294,636,a9d6fa6ef21a8439
019d0030,8,0,7,332,624,59ce2c145fccc278
24448805,8,0,256,294,636,d66638c5d52c9d2c
25a20088,8,0,341,294,636,d2eff001cbb42428
31182140,8,0,379,100,636,498fbb9c8ce24db9
0842106c,8,0,11,338,636,f0913c9bd1a11649
29102c20,8,0,335,294,636,8bcbf816042c2662
042aa820,8,0,103,294,636,496b4ab46794d52a
2101b081,8,0,381,256,636,43219a04a8b13fde
08027821,8,0,276,294,636,8fdfe8859aeb2bfb
2408a418,8,0,390,100,636,dd4df11d527868d9
19501012,8,0,336,294,636,87577293ae5a922c
16e02100,8,0,376,100,636,ea1c2311bbac6dd0
0a284054,8,0,67,338,636,6a78f839b066f0c2
000e2816,8,0,116,294,636,551397554769ce2e
009920a1,8,0,145,294,636,81726b272d65f119
00241896,8,0,47,294,636,a3dbff43d97b6c79
300bc200,8,0,202,294,636,590f3405651d47d8
000cb211,8,0,270,294,636,73d36b04a657d9a7
20463005,8,0,331,256,636,e278ad27413ab29f
10a11302,8,0,84,338,636,2dcf3ade61daba42
010a30c4,8,0,371,294,636,e8856c302e0b7eda
1a044290,8,0,130,294,636,2577117844474124
04459480,8,0,380,100,636,e147aae0ebc527b2
08c23300,8,0,323,256,636,70903099d59e3c4c
1411011c,8,0,27,294,636,b9c9bd59a3b4490d
0a500885,8,0,240,294,636,1d88aec9b902acd9
15802a08,8,0,369,294,636,b1f8b4eca5082a6e
0023a089,8,0,322,256,636,df292d84f11c12b4
008e4409,8,0,369,100,636,3888501778c3cca6
03408cc0,8,0,391,100,636,38e567eb72a62c3e
0409b110,8,0,195,294,636,b7164793dfa83eb8
090a5402,8,0,364,294,636,cfc1dab08a97c827
080c6c40,8,0,247,294,636,80f44739415d38d1
29c04084,8,0,347,294,636,763d46308c2907c3
1005a520,8,0,11,294,632,a7b05a3411ba357a
12042413,8,0,225,294,636,c875b4f6ca34b676
290a0805,8,0,345,294,636,f1fdd052d2db9b52
13c10024,8,0,14,100,634,daf3c955904fa9af
28272010,8,0,103,294,636,794eed953bc9ecf9
0c0a8844,8,0,125,294,636,57a944a3570e1d04
0a104a0a,8,0,100,294,636,b75c5a79068ff195
1181a102,8,0,35,366,632,10dde2a01cd64982
01312882,8,0,240,294,636,2c58ac2d3ab5ed2c
0c004c13,8,0,69,294,636,81b6e02348b1f31e
3a001222,8,0,32,306,635,d1fd777d9a230cf2
11890406,8,0,112,338,636,220f651031ae7e8d
09382500,8,0,388,100,636,eeae825cbba591d
04066803,8,0,293,294,636,397a89f80e342a30
14262401,8,0,369,100,636,e59f324dfbfe4954
30701500,8,0,388,100,636,cb85043d3de79818
209015c0,8,0,43,338,636,67e6407cf7f10621
1e842100,8,0,383,100,636,c8671db3ef4f4cd
284a0224,8,0,148,338,636,f59f12935033c687
0091a302,8,0,10,248,622,733e9898b32525e1
2d018022,8,0,180,294,636,eff38e64e76ea135
11360810,8,0,303,294,636,7c32a507555decc8
02301c82,8,0,381,100,636,c15920ae761fe1c5
01a41340,8,0,335,100,636,6aa45722305c633b
1600045a,8,0,94,294,636,6bfdd8c8408e32ce
06443108,8,0,369,256,636,ee7f12c0f4d6b2c9
06292220,8,0,366,294,636,ccb4a5b8cf83241d
01581c04,8,0,382,100,636,67f318bc4c0ccc13
2a6c0040,8,0,322,294,636,e234ed3680c6a0dd
18602026,8,0,14,538,623,94c000c60476aa2f
0c982600,8,0,389,100,636,8fd75a00721c43cb
00365808,8,0,385,100,636,3b690623a7b961eb
3c020c80,8,0,357,256,636,a02d8f479ffb73a5
04d08a08,8,0,354,100,636,6896c2f9978194d5
1a0a8900,8,0,50,306,635,e40fb19574a8428d
1110e401,8,0,391,100,636,38e567eb72a62c3e
20866480,8,0,391,100,636,38e567eb72a62c3e
0070e084,8,0,349,256,636,afd20408be6e125b
0c2080c3,8,0,114,294,636,ae8029a73cd7616e
1c2001a2,8,0,8,332,624,4f94175e0f2a8a1c
12900382,8,0,27,282,632,1a5d1052eb1efe91
1408a089,8,0,391,100,636,38e567eb72a62c3e
09404903,8,0,67,332,630,e4fdc20caa92dfa6
200d20c2,8,0,288,294,636,84cbc417dc013635
210ea010,8,0,387,100,636,141d86e56bb728fa
0a1ac004,8,0,385,100,636,4989072c14113c45
260811a0,8,0,242,294,636,d3c70f63ca9b2858
21b20005,8,0,159,338,636,1d1325b8d93de5da
00694908,8,0,6,338,628,25ef7d1467b6ffc1
0111c441,8,0,383,100,636,d4ffb983c414ad2d
24002d06,8,0,15,294,632,3e1b39a10396f1ca
08044436,8,0,1,294,596,9d6a4705e2a7a812
10c41203,8,0,257,294,636,17c6a9715c7569d1
1034820a,8,0,263,294,636,577cec6213bc082b
02518601,8,0,390,100,636,4a3445d7f92e7ba3
0540051a,8,0,106,338,636,57d75a1c56078534
088e1021,8,0,110,294,636,ce5399feeff3ce22
06404914,8,0,13,338,636,4e843927f15e92d2
03423082,8,0,391,100,636,38e567eb72a62c3e
0300aa14,8,0,53,100,634,d63b57fc451bb0cb
0100e720,8,0,104,338,636,fd3012268a93ee18
29a14040,8,0,324,338,636,d02937ede078c37a
0c883420,8,0,347,294,636,49940e76c800a7a3
02073042,8,0,1,538,623,2a0d55ce5ac5c44
04881541,8,0,155,294,636,b93867e47dda2898
0420d190,8,0,326,100,636,4c0ca4d31c2f629e
30106214,8,0,296,294,636,89a715965880eab6
0260a811,8,0,129,338,636,f47981d20ca393bb
080c18c8,8,0,69,294,636,1f0299f543846a03
16103012,8,0,389,100,636,7bd0a13846ce1f84
182010b4,8,0,2,186,600,6f978149f524e473
28189201,8,0,381,100,636,68deb7767508a1dd
11812604,8,0,271,294,636,83b2227fd4c50f64
1c408520,8,0,67,294,636,904f900008343088
2100603c,8,0,127,338,636,97ba16cb794c3a14
01409684,8,0,222,294,636,c459ccc0cabaa744
0008720d,8,0,382,294,636,7c30173f6b5567d6
1b004304,8,0,81,338,636,9fe8d9c1a6256e45
18413022,8,0,54,332,624,3fdd26e2579bb49e
30540320,8,0,115,294,636,e9632abedf90d0ef
040f8021,8,0,238,294,636,4a02b0516709df4c
21522804,8,0,365,100,636,b183a131da873cea
08924860,8,0,245,294,636,7000a0946144959e
092e0820,8,0,126,294,636,e10384379d1de01c
10d04428,8,0,375,100,636,a8c21b044c70153c
064804c2,8,0,226,294,636,9dedc13453cf4a2b
12011681,8,0,216,294,636,63f9b99f85445262
1406a500,8,0,316,256,636,cf6b422cc5b6c67b
10923108,8,0,313,294,636,71f3d3cb79256a32
002c9c40,8,0,303,100,636,eecb086dcf3cdf4b
04212452,8,0,61,338,636,f3e3ac582694aa1
00c28e40,8,0,10,338,636,886da13cb3b7bf73
06044a42,8,0,26,294,636,66f255ffd6bb2d1d
28b02090,8,0,144,294,636,56442beb44952881
06204511,8,0,148,294,636,12f4f3d5c044f447
202c2540,8,0,299,294,636,d063e0849114a122
310a0502,8,0,257,294,636,1c99e0da294451fc
00181455,8,0,15,338,636,b0ce45a345608941
000e601c,8,0,252,294,636,1897b7903c8a48f2
14102286,8,0,329,294,636,160624de32073c0d
001a8451,8,0,148,294,636,b0cd4cad7a41c830
17810011,8,0,266,294,636,2c5233099522cdcb
1024044b,8,0,298,294,636,4bfcf62436646d72
0520b009,8,0,391,100,636,38e567eb72a62c3e
16062024,8,0,317,256,636,8cf26f81b47f255e
0c809016,8,0,196,294,636,59c151a6f9d46c53
101a2188,8,0,341,294,636,8da00c2a3b53e046
0f2c0800,8,0,391,100,636,38e567eb72a62c3e
21201a14,8,0,53,306,635,eb898fdcb82ef7f
001c4a03,8,0,134,294,636,bca75c832975c6f7
22501610,8,0,306,100,636,45259d95a4104b83
02812017,8,0,8,372,630,239419a741b800c9
006c8884,8,0,18,338,636,46d8e48b57d19c86
001814cc,8,0,90,294,636,e22786c01db2a352
0040c88d,8,0,112,294,636,ebbd3166e6862e91
051a0806,8,0,373,100,636,bd05679658a66b21
04025223,8,0,208,294,636,315f79b1975620ec
10487600,8,0,390,100,636,31fe421dcc88c51b
14512300,8,0,384,256,636,42f6e51007500230
04039450,8,0,100,294,636,5c29a344098a8a37
148aa004,8,0,278,294,636,d65732f0be96dea
0a20e801,8,0,286,294,636,699077c6528ea93c
011c3042,8,0,388,100,636,91340cf5eac27c7e
05a04824,8,0,290,294,636,8ab6ba9266e3ef56
0cf00022,8,0,160,294,636,8dfc883287000b4a
03a44801,8,0,327,100,636,a07b74fc02697b81
10145602,8,0,352,100,636,354a3a1fa4fdbe3e
0168420a,8,0,284,338,636,7fe9ca42416702dc
0060e818,8,0,23,338,636,6d1afac4b9662e88
0200c40f,8,0,293,100,636,7b063f993b5cced6
32082450,8,0,309,294,636,a2e0c73e7059dd0e
0a426600,8,0,388,100,636,1871431e85da551f
081a0b08,8,0,302,294,636,7de16def89cbf311
00615211,8,0,277,338,636,158e5fab3e6df427
3104c408,8,0,386,100,636,c925bec838d56652
0148c188,8,0,157,338,636,b1784da8cc8d64ed
02a0150c,8,0,358,100,636,433deb49b68edd8e
28132108,8,0,305,294,636,d20719e87f4df394
33802404,8,0,390,100,636,dd4df11d527868d9
21554001,8,0,391,100,636,38e567eb72a62c3e
046f0020,8,0,295,294,636,4134e92937b082b2
14d40044,8,0,383,100,636,d6a62deeafd35126
302a4401,8,0,329,100,636,49fc59fbc08bea8a
1020a609,8,0,334,294,636,18e42554e754160a
101411a8,8,0,149,294,636,e9b6aee3115eafcf
0c845820,8,0,354,294,636,10755adec417ebea
38242402,8,0,307,294,636,6c46ea26234b0a22
2c688080,8,0,341,294,636,b243ab04e4d3cd93
0c212144,8,0,98,294,632,286cd8096b9a077
31202422,8,0,253,338,636,405616c5f266de3c
2898008a,8,0,366,294,636,aba7315803ebddba
206050d0,8,0,270,100,636,8e77319456cecc8b
0112b440,8,0,391,100,636,38e567eb72a62c3e
0080f064,8,0,151,338,636,64a31a7bcaab0098
1a808841,8,0,22,306,626,7f43da3d57722dab
045b1001,8,0,391,100,636,38e567eb72a62c3e
32829200,8,0,189,338,636,4ae745ac9edac7f
0090241e,8,0,46,338,636,c1d3c5a910f62757
201c0c24,8,0,260,294,636,9becdd7f161a2e00
28882580,8,0,373,294,636,2a5061e759b81819
0830c049,8,0,331,294,636,b0dccf6c57649979
2019c120,8,0,262,294,636,f9b7fa0cdef841d9
01d0002b,8,0,287,294,636,551badc2b535818f
0e090054,8,0,29,294,636,dc09f878056046f9
04a60141,8,0,62,294,636,55499cd75c5a2ad2
15040621,8,0,368,100,636,5fa28a2fd72c7049
21600c11,8,0,72,338,636,f0895a1594c38ded
1510a804,8,0,390,100,636,7cc24dd128a05805
040940b1,8,0,168,294,636,fb4e8b80991bf284
2100360c,8,0,388,100,636,1867a5a4314caf51
30580444,8,0,343,100,636,1a7a323bfa1b43b9
0432081c,8,0,251,294,636,ad80dcef8a96b203
10a94900,8,0,37,338,636,95e09671c9f87d5a
08403d80,8,0,165,294,636,25891fadd3e97a02
1090424a,8,0,236,294,636,8bf5782cbaffa6b2
24512804,8,0,382,256,636,a7dad86280d2fb7f
08918288,8,0,4,248,622,1ae98df459b8018c
20ac6002,8,0,391,100,636,38e567eb72a62c3e
084c21c0,8,0,192,294,636,2b8a44bf686707e8
180a8418,8,0,271,294,636,96bc932beebdd02b
00a45a08,8,0,151,338,636,625eccf5356f693d
14780804,8,0,385,100,636,a36827dbdfa6d86b
2d01a100,8,0,311,294,636,7f39b66867ee6cca
21541401,8,0,391,100,636,38e567eb72a62c3e
26202062,8,0,227,294,636,ef5c65a5847a80ef
14350021,8,0,388,100,636,c6687833e35d751e
1520020b,8,0,388,100,636,ddc5909e3dfe254e
02055083,8,0,170,294,636,7a5745c2b8519ee3
04a80c88,8,0,363,100,636,7158d93e73ee00d5
020c10c5,8,0,71,294,636,1d7b21ed6c58f0b2
10451304,8,0,140,294,636,fe0a75918805e428
0802d310,8,0,34,338,636,57bc90339ffb58d2
19040126,8,0,33,294,632,14aff4052c81255b
1600a428,8,0,378,100,636,b7d8d5ccaba70dd8
10c9c200,8,0,364,294,636,84e46b0a02d762b7
05391800,8,0,391,100,636,38e567eb72a62c3e
23a81004,8,0,391,100,636,38e567eb72a62c3e
03928840,8,0,208,100,636,5064cfe598849976
20893420,8,0,245,338,636,11b919da13ec59df
09068488,8,0,386,100,636,d497e619de64108c
2a2004c4,8,0,36,338,636,abdc77de7bb002ef
03845410,8,0,391,100,636,38e567eb72a62c3e
02098449,8,0,388,100,636,a989679ca83cd21d
02886814,8,0,141,338,636,e2a15a078430db05
01815224,8,0,288,338,636,95a04b30d21a50f9
10a04702,8,0,111,338,636,adccde655d65c606
24082198,8,0,346,294,636,ea209a9d381a6a3f
201c1b00,8,0,182,338,636,b3c040127c8d498b
23a02204,8,0,316,338,636,d5c5af9020ad36a5
0400ed08,8,0,125,294,636,3b3c256e78782946
02581086,8,0,203,294,636,571708ce1f4e3d98
110c1412,8,0,338,294,636,e10c596faef9f24d
16288140,8,0,285,294,636,1c561c35fb6ac42a
0126c082,8,0,98,294,636,6b62b460ff12066b
20231488,8,0,363,100,636,b9e9dd5fa70645de
19880109,8,0,280,294,636,9bd01f04a9391328
010c8c81,8,0,334,100,636,bd9851ddae027a53
10644218,8,0,198,294,636,55465b48fea2e716
008c602a,8,0,316,294,636,628e5dafa13c24aa
220038a2,8,0,68,306,635,83eaca6f50d31042
1202a2c0,8,0,237,256,636,e848ac2a254c18c5
0580a448,8,0,390,100,636,14c891f298216d3f
20ec0c00,8,0,231,338,636,ba3ce28ee29f3cfe
082a5050,8,0,379,100,636,f226c9ecc31f2a27
01d24084,8,0,341,294,636,bc9f903e488e4770
013050c2,8,0,389,100,636,74bed854f1798dd3
06254084,8,0,337,100,636,1af4665299cdebb9
14830680,8,0,361,100,636,e12e14403895525
2a80c810,8,0,162,338,636,21e1ad3b1f824677
13240032,8,0,154,294,636,f6ed2167852f01dc
0b180890,8,0,283,294,636,8ea97f1bf6d577fa
0b813800,8,0,193,338,636,e260d1fa7813bfbc
32440a20,8,0,11,100,634,64aab0455a680af6
2048244a,8,0,359,100,636,49f969e06913c2d6
04a8012c,8,0,155,294,636,6ab9a830091287b1
004c41d0,8,0,6,338,636,b519ad64b0e4e022
04238380,8,0,164,294,636,9366ff0155b0c3ce
04191206,8,0,364,294,636,60b9cb08c555ab12
1600890a,8,0,123,294,636,c3d19740d8f8fec4
025500a1,8,0,98,294,636,6048c2c7a4d5fcc5
21a04086,8,0,324,294,636,5353ea585c6e4494
026a2120,8,0,68,338,636,82b29e9465ecd8c9
047300c0,8,0,317,294,636,541b0b977d0e1bc8
0a461088,8,0,348,256,636,2957034ce0e72d29
0860001f,8,0,2,260,610,d7b020896b567ee8
18881d00,8,0,39,338,636,89d2b93397a55b66
2806402c,8,0,293,294,636,e1affb4444f6840c
28891480,8,0,309,294,636,f28be7803f1aa5b9
0a0b2120,8,0,2,248,622,5e3182b4d6cd40c1
206e0042,8,0,191,338,636,2879a0a31a56bb5e
07214802,8,0,368,100,636,f1a8313fc163a6a2
25900a02,8,0,376,100,636,3a46ea6bb34d74cb
1054c480,8,0,385,100,636,7a811ffd2910864f
25026081,8,0,391,100,636,38e567eb72a62c3e
180b4050,8,0,70,338,636,ddc91baf736719db
22ea0020,8,0,66,338,636,8a1d468851556465
24780808,8,0,391,100,636,38e567eb72a62c3e
06246500,8,0,384,100,636,f122ecc8a9b802ff
006c1121,8,0,192,338,636,1e90343a9a63efa0
0b700088,8,0,377,100,636,989ee6f6cb0e21d5
28424284,8,0,271,294,636,8fd0978dca54550d
28160602,8,0,236,294,636,a5ea166d450d4df9
02744044,8,0,251,100,636,4ffce5129cf21c19
04023113,8,0,92,294,636,2a8c21ab34249c0b
0cc46008,8,0,390,100,636,ebc582a26bbc537a
1c005c01,8,0,359,294,636,5edcef91623f540f
20280e12,8,0,58,306,635,6cdf1e79ed91c6bd
32082064,8,0,106,338,636,aa4b557999925d58
02443122,8,0,7,538,623,c1c0161ac98b9b61
020c5803,8,0,226,294,636,ce17a2e4fb1d662b
10191103,8,0,30,332,630,ac3a28dbc555487f
02507048,8,0,372,100,636,c6c9e8eb05df5a9f
0b440450,8,0,205,294,636,faa8d08f4b9dbd25
16028248,8,0,119,294,636,4f47a0ccb37d71f9
24052980,8,0,265,294,636,1252ad939ba8557c
0c161802,8,0,379,100,636,998b487ff8534ab9
1252040a,8,0,383,100,636,6f237742ca24d2b5
00b880a4,8,0,65,294,636,36ce139dc187bd25
042a9030,8,0,287,294,636,6a4fccbe73db9033
0092510a,8,0,357,100,636,cc7d3b75de986481
0e494400,8,0,390,100,636,b42db3eb0915969a
00825518,8,0,101,338,636,65b62081e0e90ac1
1c82c080,8,0,388,100,636,697d4be3ca207300
28060291,8,0,239,294,636,44a3e421f719c829
05056820,8,0,317,294,636,61bb9c15cb59a493
0230c130,8,0,145,100,636,4aadece14ccdf650
24062e00,8,0,301,294,636,6a023c907ee2f60c
0008651a,8,0,28,338,636,1e09e1082d4d6733
2491c001,8,0,391,100,636,38e567eb72a62c3e
0480b106,8,0,222,294,636,a71e07ca1c91e693
09844450,8,0,352,100,636,741eb79e577e3e71
08a20229,8,0,286,294,636,222db974b962a8b9
10658014,8,0,13,346,626,952a70f384b924ef
0805201d,8,0,7,220,622,80ce097db2fa0bbc
22108611,8,0,322,100,636,e54c9624714d6b68
2bc02080,8,0,390,100,636,fb14b919ebb4b80f
07a01018,8,0,390,100,636,4a3445d7f92e7ba3
08043309,8,0,238,294,636,55ad89826e56082d
206e0041,8,0,230,294,636,7e5ce7975fd3922
06840485,8,0,355,100,636,3b4aef2b615b005e
209c4201,8,0,391,100,636,38e567eb72a62c3e
20279002,8,0,41,338,636,a141087872fa3dd8
05121481,8,0,391,100,636,38e567eb72a62c3e
0142c809,8,0,382,100,636,e8862d33e47e5c80
228c1022,8,0,214,338,636,c8d9d8893861bd4a
01c8b001,8,0,391,100,636,38e567eb72a62c3e
04805628,8,0,377,100,636,87146c0edc3df20e
0886c210,8,0,209,294,636,cbee6553c3f1c267
2100e520,8,0,241,294,636,f4a4ee548e0be57c
10903821,8,0,18,346,626,c49eed709ad81718
140082a5,8,0,46,294,636,c8ce9af9da1c8745
235a0008,8,0,391,100,636,38e567eb72a62c3e
0c272080,8,0,376,256,636,b2eb804be75ec530
04188292,8,0,147,294,636,36ad4c5153b3a730
36038080,8,0,309,294,636,d97fec84f4b544
23902028,8,0,320,294,636,c8e220f861a8b2a9
38241022,8,0,194,294,636,422834f7f39aeb0c
306a0140,8,0,37,306,635,b1e734c4e12d9348
0b081c01,8,0,391,100,636,38e567eb72a62c3e
05122414,8,0,353,256,636,e4eebd00a9cd3255
240d0130,8,0,177,294,636,a764124d14e0b249
03833008,8,0,239,338,636,988d3d37b489807f
19240418,8,0,353,256,636,7b663c87e8afe185
1402c882,8,0,98,294,636,8a1464e6f60dc075
2b480280,8,0,380,100,636,6383f01d7f1f2201
1a040a88,8,0,250,294,636,7fa56c7600c31cec
01231054,8,0,11,332,630,b0384ffe360c8b9e
0e28008c,8,0,303,294,636,d41215272c3ca06a
2600181a,8,0,227,294,636,505740e4ec101fce
2206e004,8,0,362,100,636,6c6e2276c21de043
0a120852,8,0,13,338,636,8fd290de27720f79
130a1028,8,0,157,338,636,b04d8260cf157f64
05852880,8,0,380,256,636,75e3bb563cf1f69a
28283480,8,0,391,100,636,38e567eb72a62c3e
31980028,8,0,378,100,636,99431eed82a0663f
0e048422,8,0,209,294,636,2c8a6b57b5334ae1
001a480e,8,0,178,294,636,60d8f1932dc2da5e
02a05a40,8,0,260,100,636,8c1ec527e8f33905
01704803,8,0,389,100,636,ac583cb49f5b0f3b
312401a0,8,0,133,294,636,cecf638814022694
0089c01a,8,0,24,100,634,d75343fe79a4572b
2203500c,8,0,111,338,636,4fe5399d45d4b254
13a01050,8,0,335,100,636,4a2a646b2ec50e50
28281890,8,0,235,294,636,313071035169094
058c4014,8,0,381,100,636,56394a50b1fe5dc
012c4a40,8,0,99,338,636,81789a18088cfd1a
01f40082,8,0,307,294,636,464f866dc9cd8eea
36101024,8,0,381,100,636,56ab861280ab581b
2ba00104,8,0,74,338,636,88d82beb2cd075b2
0c00e80c,8,0,286,294,636,8fda02379f7e7f86
11620212,8,0,7,306,635,9544e8d910cc60d5
18216808,8,0,169,338,636,fbf38b564775a0a8
20309340,8,0,267,100,636,7756fc2aba2a4d87
0e100454,8,0,74,294,636,7784a7040b7c233f
0e010262,8,0,26,294,636,21af423d9692fed2
1c023140,8,0,287,294,636,13052c37fb3a7a91
01562120,8,0,319,256,636,66538a7789d00319
00622382,8,0,179,294,636,a819f10581d078ff
040d6500,8,0,351,294,636,3baf20374e597d8e
22063404,8,0,376,100,636,24e9a7160f346afa
0381200b,8,0,276,294,636,ef290d3b049d8d6b
081b8082,8,0,208,294,636,7b000bfd2f52278b
160002c9,8,0,286,256,636,c77487a28f878903
1280d018,8,0,333,100,636,57ee28d2a40c521b
15244030,8,0,374,100,636,7ceaa94a2ae823ee
22b00403,8,0,391,100,636,38e567eb72a62c3e
00c52818,8,0,1,220,608,5efd5b8a48ba0e3
09902013,8,0,218,294,636,d0d813e238e03940
20342310,8,0,43,416,630,100fe5fbda993d0f
31009016,8,0,196,294,636,84e0e0cd8af389f1
210490c1,8,0,240,294,636,3e508101addcc5ee
30629080,8,0,185,294,636,9e3157ce904a5970
0034dc00,8,0,333,100,636,352444278da38026
01022c98,8,0,290,294,636,c8123a8b8eee52c5
005ac102,8,0,11,338,636,9d0faaaadbcb1dd7
3044021a,8,0,27,100,634,57e38fcb3778f717
0480a126,8,0,177,294,636,2d032aa598a08f51
000e22c2,8,0,187,294,636,73fc3a7c1c9cf74d
341c2020,8,0,391,100,636,38e567eb72a62c3e
06858480,8,0,387,100,636,c5cc594ac21c6d5
11480c06,8,0,129,294,636,f1325267b11db1d6
174c2000,8,0,391,100,636,38e567eb72a62c3e
0e201106,8,0,364,100,636,5a26df749430e6fb
10903228,8,0,238,338,636,8dd494d1e900ca08
24445088,8,0,388,100,636,61718253b20a19c0
021500a9,8,0,48,294,636,16814a047516d610
1602018a,8,0,87,294,636,f88bde181fbe5377
294004c1,8,0,260,294,636,8a10d9d837415f61
02615003,8,0,337,100,636,37533fb0afd2abd2
2a890201,8,0,262,338,636,5ae2e470e0e21813
1a409028,8,0,140,338,636,c98b43fee0c55284
0c0c1105,8,0,255,294,636,30e6b7cdeb9d3d1e
32c01c00,8,0,387,100,636,66c73a3c3d64327f
21456100,8,0,341,294,636,614ee405021d20d0
11c001a1,8,0,17,220,622,e5c844812f86d82b
340006c4,8,0,46,294,636,aaba3074c8cd9e08
0140628a,8,0,373,294,636,6a043560ee1a9fb6
22862012,8,0,185,294,636,643310a4090c6bf8
09302860,8,0,77,306,635,1061026af480b395
025340a0,8,0,10,338,636,854e244d2987f802
2081a409,8,0,276,294,636,5ec5b8f07d44a16f
05340124,8,0,383,100,636,45ecde502040018
1014044d,8,0,332,294,636,fc76977365e7fd0e
34208290,8,0,68,294,636,a4462359869dbf5e
29498040,8,0,246,338,636,7924a5d0c911b171
084a21a0,8,0,321,294,636,75be540aad24a00b
14c10019,8,0,373,256,636,208a2bb65adbafdd
1a04a440,8,0,385,100,636,c8cd56e5406ad226
003a10e0,8,0,294,294,636,667f725520fe7b54
15808142,8,0,125,294,636,f5b8e48e79ea9b
105a8104,8,0,9,265,625,d21b2a97f4171f3b
1204a212,8,0,320,256,636,d04428c8b4312fff
10149092,8,0,264,294,636,7ffc7b1b3cd68540
0cc01504,8,0,164,294,636,dd090458c5ebdb61
1094a801,8,0,371,100,636,fed7f7ed5e4d00d5
16422022,8,0,273,294,636,a666ef005e0d08e8
301028c1,8,0,220,294,636,9c6fbf1f6ad54b68
17100a40,8,0,384,100,636,8e52bdc229249e97
2c020033,8,0,97,294,636,6e8825e4eea0e711
09121045,8,0,347,256,636,30f008ea378adaf
04045630,8,0,134,294,636,eeffb474de550dc1
043608c0,8,0,264,294,636,2823a20148382fde
20182650,8,0,371,100,636,b5a1ffed45155372
046000b3,8,0,7,372,630,744951e5440e098d
2e818100,8,0,298,294,636,9faf58db1b2d0302
04304413,8,0,268,294,636,34d3a309252d0063
112b9000,8,0,329,294,636,18949cbfd0fb00da
044a4105,8,0,165,294,636,eb94dd5596d8c4d5
3090a401,8,0,389,100,636,2fcec9dd414d7a80
104c8602,8,0,91,338,636,3b1b1652b236c247
00988720,8,0,79,294,636,a4efaed07557e931
249d0020,8,0,378,100,636,dcb85ec087a92e8c
240808b4,8,0,56,294,636,edeb05b87876d03f
0104d304,8,0,209,294,636,8920681d3902078f
052b1010,8,0,381,100,636,62cb01ae5946df4
06511210,8,0,390,100,636,b42db3eb0915969a
20e002c1,8,0,6,520,630,6e541b1d8d549f96
03989010,8,0,383,100,636,83c497bb07ebc5a3
01217500,8,0,387,100,636,ed3c1c6412b597fe
1a444014,8,0,294,294,636,dbcb9ed45939e76e
03c01904,8,0,92,338,636,afdad47914f932d8
3009040d,8,0,368,100,636,130a0dfde963cb39
0b884044,8,0,383,294,636,77af195141ea670e
09425208,8,0,391,100,636,38e567eb72a62c3e
0262aa00,8,0,267,256,636,3f87457ad000e775
12884860,8,0,24,100,634,824f5d6adf96f307
0b042109,8,0,323,256,636,5e8da4a335b3f589
04223184,8,0,370,256,636,3905454d3c0faa22
0418d808,8,0,391,100,636,38e567eb72a62c3e
0c890206,8,0,283,294,636,193c7258234a0ec4
0083a181,8,0,59,294,636,2a68e1f0b27f1ccc
02464281,8,0,174,294,636,2f3ef532066b252f
13880430,8,0,96,338,636,7aca469bb8f3466f
30492820,8,0,104,306,635,52f0d7ff5308c77f
0a0a084a,8,0,141,294,636,e135b54e922540dd
0b042510,8,0,177,294,636,c4dabd6a5d7b6d6c
2140020f,8,0,202,338,636,311c6a76cae25748
1402b0c0,8,0,338,256,636,27bf19aaf73345b3
048c8121,8,0,232,294,636,9013fb1294fb9250
23801821,8,0,58,338,636,ab498e41d8d47219
2a8040c1,8,0,275,294,636,d9485dc7383c6f72
21708028,8,0,249,100,636,6d4c3d3c32bfe268
1441a050,8,0,253,294,636,c60369e174b1eaed
00b09188,8,0,321,100,636,9d7e7aa9293456bf
000e5098,8,0,208,294,636,79be8d944d1f9e74
01985110,8,0,374,100,636,18a0be3bdd96a48
04c2c014,8,0,131,294,636,21f9870c934d6383
108e4410,8,0,318,100,636,1bb492361b8ae547
0c250061,8,0,158,294,636,68f2b64ee3b4a0f6
1a560800,8,0,388,100,636,53f69b33ac49a264
24212206,8,0,371,294,636,86995fbb2fb7326
0e532000,8,0,389,100,636,8fd75a00721c43cb
00c82039,8,0,8,372,630,45c8c282aecd75bf
1c101c10,8,0,374,256,636,b9752e200d3ff72f
10b04290,8,0,140,294,636,aea01a36df43cbd2
20290642,8,0,269,294,636,2e65f094a88472fe
324c2040,8,0,387,100,636,9f1b18e25106f059
11c48500,8,0,371,100,636,ecc0c73cf509703a
340010b4,8,0,92,294,636,44b882ee4b324bb1
0e100819,8,0,382,100,636,28a99ce18689b77b
0cca8040,8,0,274,294,636,e33f425c4eee95da
08848883,8,0,20,294,636,9b9803b4436d599e
10a4014c,8,0,8,538,623,8c0b3d9fc39ba779
29212300,8,0,197,338,636,75fae0b32ce8c14b
21101303,8,0,324,294,636,b666e618d9f8ea3f
29410a20,8,0,53,416,630,546c381129452c36
2a02c050,8,0,68,338,636,a98781bd0838dfcd
1d260020,8,0,343,256,636,33a50d5eec2ddd9d
118a1104,8,0,45,306,635,2b5341a4652703c6
221b0820,8,0,70,338,636,7961180d3b3104d9
00589e00,8,0,155,294,636,d66493cefbc08313
01141216,8,0,322,294,636,cf02fa988613309
0180b450,8,0,305,100,636,c525a021b854cb5a
04340468,8,0,265,294,636,70d4dc6e68ee964b
22310211,8,0,95,338,636,b02ca0f5ff24e061
11206214,8,0,265,294,636,9479cf2c326c6785
0110e228,8,0,317,294,636,2c0ea2246f71a305
22022506,8,0,84,338,636,cf1db57d511e8056
2024a320,8,0,15,416,630,289cf2594074d651
0418cc20,8,0,344,100,636,94a229f87f0486e4
11d00148,8,0,200,338,636,692044c9d4812124
0d242404,8,0,380,256,636,6a313b0b2a8ef9ed
27100806,8,0,391,100,636,38e567eb72a62c3e
26088806,8,0,327,100,636,742e089c8d0e449b
28a00c09,8,0,192,294,636,af590a2f352346cc
12047204,8,0,391,100,636,38e567eb72a62c3e
120222e0,8,0,33,306,635,327ecf159f61a1ff
204b4820,8,0,6,416,630,4ce382b499105dec
22086700,8,0,376,100,636,12af621647cd0ecf
34201032,8,0,323,100,636,f62f2035114dce54
1508044c,8,0,379,100,636,63aed2b4a47d3e37
2101400f,8,0,244,294,636,9237f5522bda95ac
32204848,8,0,97,338,636,a902a873e48346d9
280f1100,8,0,128,338,636,dd1ee8ea22d3aac0
20402742,8,0,2,260,610,5ccb0d5bc9e36025
0a848242,8,0,9,538,623,d0fc6c631edd40b4
022414c2,8,0,328,100,636,43d2ee976329733c
2092c0a0,8,0,336,100,636,8798bb708c350f6f
05851410,8,0,368,100,636,34552531ab177f72
2403a120,8,0,198,294,636,9254e37595fd09e4
0e220c20,8,0,354,256,636,1fe673f4134397aa
090c4882,8,0,271,294,636,a0ba6c8d51a3dd22
18820286,8,0,54,294,636,e9ba554c4f02b597
10360188,8,0,276,294,636,d0b3d41cef287a9
02828189,8,0,337,100,636,66aea53c8582fc22
388088c0,8,0,0,,,cbf29ce484222325
1090801e,8,0,12,366,632,82c3b3a116beb307
20064149,8,0,23,338,636,af5b678bbd8262b5
102c8821,8,0,24,306,632,2c0066edaaf50999
1a208610,8,0,3,538,623,925bbfff526a011c
02608d20,8,0,15,338,636,a135f447a6e653ce
0a01102d,8,0,8,332,630,725500f13991cfd4
104801a9,8,0,5,520,618,4d7f68607e0a2f9f
02101c34,8,0,12,338,636,75c95f6a32b4afdb
02151301,8,0,18,338,636,66f0dfa48114f7d3
21638010,8,0,1,315,620,59db8f5699a6acbf
20870601,8,0,25,282,632,ea67a6e52f89c936
21050e04,8,0,24,294,632,3713f71cca6e54f9
20061c18,8,0,11,320,630,f472b90bde06e3d8
2a050502,8,0,9,248,612,9d43b8a671a95bf2
09458140,8,0,1,538,619,7e8bf181116984c8
22823050,8,0,9,372,630,aed5f4a4d5c1af4e
02071049,8,0,61,294,636,8174c72da113f33d
044a0921,8,0,2,282,624,16f5432363a4b01b
03080266,8,0,1,315,620,59db8f5699a6acbf
04a600e0,8,0,3,294,632,81b7a8ffaf464084
06820053,8,0,5,372,630,9311f6919f0e9056
380900d0,8,0,2,271,612,e542884fedcfd200
04040647,8,0,3,372,630,eaaa1e3ba9917c0f
00a09264,8,0,5,338,636,3fe61bbd06687b0b
010a41c8,8,0,9,265,625,fc45ca4b1fc69316
168000b8,8,0,1,265,625,b70f483630630900
02048526,8,0,3,410,626,cf4cfb3a086160e1
360200b0,8,0,31,294,636,b0682aac4d77b097
10a21184,8,0,4,265,625,a250586b50137982
02244258,8,0,1,338,636,3cca6e55a5ca6ab6
262200c4,8,0,82,294,636,968ca74a3c6825ab
20100b91,8,0,1,260,610,d8e7540a5901cc3a
040003e9,8,0,9,294,636,baacbfab68701398
00848c83,8,0,12,294,636,fccb721a51c0bf1a
24001b42,8,0,1,520,630,261eeb281fbef5cb
01068807,8,0,3,260,610,ac52a4ca80e06c31
0406051a,8,0,8,220,630,d9f106680f1e9bcf
0205ca08,8,0,2,338,636,a17f8474b0d2eb77
06050161,8,0,7,294,636,74404ad87e98e269
0150809c,8,0,34,338,636,6746bd7ad00eebc5
19032003,8,0,274,294,636,807d2fc36c8fa82a
00e098c0,8,0,50,338,636,1a6af15f4703f8a1
10825403,8,0,331,100,636,cb82e3820fb0bee8
0e208c08,8,0,388,100,636,929f26774b3b22da
05041246,8,0,276,294,636,711a47fedaab8983
2c60a008,8,0,386,256,636,4ac8197fdc8e63c2
22d04240,8,0,381,100,636,3634e7ee3a9df30e
00646444,8,0,229,294,636,acb1c9b562419132
12600e80,8,0,55,294,636,2f76af537c7fd44e
0ca88500,8,0,325,294,636,d1e2db655a946917
05800d48,8,0,199,294,636,88ecc06b06024dc5
11181a40,8,0,334,294,636,ca8de0db8645520b
10b04481,8,0,367,256,636,977b25fd187ce9c4
1c222048,8,0,363,256,636,bd042d7c557363ac
19031012,8,0,33,306,635,4ddbb49cd92c1d2a
10824542,8,0,46,338,636,cd51dc1d4208de07
36082204,8,0,388,100,636,981dc6bb33ebc81c
11912024,8,0,81,306,635,d0c1528dbfc9532b
1005428c,8,0,139,294,636,6c03788d05f2427f
083d0801,8,0,224,294,636,745a23b389dd241f
0601a281,8,0,391,100,636,38e567eb72a62c3e
2c026018,8,0,389,100,636,ada43ecd1a7cbb5e
0941a404,8,0,332,294,636,1d09e744d0b3031
0cc05011,8,0,366,294,636,d492e7375f3fba8d
0100b00f,8,0,348,294,636,86ed8a977bfbdb5d
14024590,8,0,90,294,636,aa32e6b2e24bfc6
0e408428,8,0,369,100,636,c1f379f859bdb2c3
2c0c8208,8,0,381,100,636,bda90df7b5d5da49
02ac4120,8,0,300,100,636,59e972551bb17e5a
1c088092,8,0,144,294,636,a4c3a35c7188575b
21cc0240,8,0,363,100,636,10526b9210d29433
30110489,8,0,381,100,636,a7328428363b271e
05434220,8,0,390,100,636,b42db3eb0915969a
1124e040,8,0,379,100,636,6fe6678e78f7465f
0d424840,8,0,360,256,636,cee3c1a5aa0d3d5c
1e500011,8,0,368,256,636,78440f069569e1bf
30023421,8,0,94,306,635,8429d33d6c04aee
20072228,8,0,42,282,632,e9b570ba3f6285d3
14e04030,8,0,301,294,636,3ddfa1c47e60235d
0911c840,8,0,77,338,636,4c59e6f3c3e3ce54
100425b0,8,0,19,294,632,ca80d275d25e854e
30112284,8,0,278,294,636,cab7029a30114850
00844cd0,8,0,15,294,636,f93719e4c8378f84
380a4420,8,0,324,294,636,4b642242a823c28
01047025,8,0,374,294,636,eb74ecfe39e48ab6
080e084a,8,0,158,294,636,621d83c6ecd8408d
0b265000,8,0,391,100,636,38e567eb72a62c3e
0aa04124,8,0,91,294,636,32797146afd23766
10a04059,8,0,185,338,636,a979e7406d2d949b
04c18241,8,0,367,256,636,a57c104bae4e4a00
29050428,8,0,105,338,636,1ab075e588651ff1
0216a009,8,0,391,100,636,38e567eb72a62c3e
02203063,8,0,174,338,636,33aab5a11d6ab37c
2c220901,8,0,219,294,636,3cfe05708ae9eb4b
0408e211,8,0,328,294,636,cb18edc64a0584da
120c6208,8,0,387,100,636,e54c31f2f3ff2e59
24221209,8,0,391,100,636,38e567eb72a62c3e
1700c208,8,0,391,100,636,38e567eb72a62c3e
02407811,8,0,185,338,636,bffaa392230a5310
101c0505,8,0,184,294,636,a09f17e4ae68587f
200e0289,8,0,391,100,636,38e567eb72a62c3e
0210a486,8,0,364,100,636,d781ea8f1bc42b2c
07120640,8,0,391,100,636,38e567eb72a62c3e
040124b4,8,0,52,294,636,2eb972ef5fe65683
20a81016,8,0,357,100,636,61271d5a515cdd5
0401550a,8,0,282,294,636,34b68e19ebe500d0
01614405,8,0,248,294,636,e77addacc4af8afd
12241580,8,0,379,100,636,d95383764374bc7f
06c88030,8,0,74,338,636,b41312eb0be6c5b1
08153090,8,0,210,294,636,66f30a2fd620859c
0c68001a,8,0,227,294,636,4ffb58356d5145d3
04604c11,8,0,50,294,636,4a92610c0761e977
28130304,8,0,8,248,622,9e5cc2dc19d4c4df
20884186,8,0,340,294,636,1ec098f273d28b02
0c424015,8,0,304,256,636,db4edacafaf44da5
02661240,8,0,220,100,636,d12c5f1482a7549a
0438042a,8,0,361,100,636,d6594357f74b96a1
0810704a,8,0,285,294,636,4775769ea3757dd2
03583040,8,0,391,100,636,38e567eb72a62c3e
0412482c,8,0,342,256,636,4f4484b646547cf5
10113821,8,0,13,294,629,98bd10f7f618fb77
046108a8,8,0,154,294,636,be706b93918c1a97
16288030,8,0,185,294,636,a34589f1bf558cb
0130049a,8,0,151,294,636,536d5d68358a60b0
28190211,8,0,215,294,636,cfac7050b5b3fc2d
01500651,8,0,214,294,636,b64409d984f04457
010a2318,8,0,146,306,635,872c7f7b9b636d82
008c820b,8,0,166,338,636,73c11759b89b199
0009d610,8,0,23,338,636,40378adc2e470334
12244604,8,0,303,100,636,9e35ab0fc5900fcc
3410c0c0,8,0,384,100,636,5408c3dc7f0d891b
224844c0,8,0,371,100,636,ff9519b8af1ad425
1c820c02,8,0,247,294,636,844a1db225e3c74b
05001e41,8,0,319,294,636,12956834e44f7591
00a81544,8,0,186,338,636,5f985d1995c9cfd2
2013100d,8,0,318,294,636,cd89ca4b70ece63e
0b020149,8,0,300,256,636,4b4fad519dc1f93
03083121,8,0,163,338,636,d66f9336cfadd289
18912840,8,0,11,538,623,86173f7c1861f0f2
0e405009,8,0,391,100,636,38e567eb72a62c3e
0b11a002,8,0,370,100,636,393b20363612c024
06488184,8,0,105,294,636,11ea2ac4dc4f5f12
013502a0,8,0,85,294,636,fa3d3c23a231887
0802018f,8,0,247,294,636,d9716a693a939ff3
0a42200e,8,0,338,256,636,6f3355451a4c2daa
38a12080,8,0,110,306,635,2e4d70f22e4b8ae1
0cc04c40,8,0,389,100,636,4ddd978d33be8d46
003a3044,8,0,385,256,636,140ff9ec8b863738
1342008a,8,0,285,294,636,b3fc4cffb669b082
14980510,8,0,225,294,636,492bef047ac9662e
11143180,8,0,391,100,636,38e567eb72a62c3e
0a711800,8,0,380,100,636,2315e76062afcbab
0c20c058,8,0,136,294,636,77a1b76195bc4025
206b0300,8,0,61,306,635,66a453b4d16657a7
09a4200c,8,0,213,338,636,e3a07e4126a12024
150040ac,8,0,330,294,636,570d487900c11f67
02c44064,8,0,57,338,636,386d518e310501cb
24c04822,8,0,334,294,636,74d3af18bfc236f3
04700285,8,0,291,294,636,e7a0d06613070e33
05442680,8,0,391,100,636,38e567eb72a62c3e
25100688,8,0,391,100,636,38e567eb72a62c3e
15082809,8,0,391,100,636,38e567eb72a62c3e
04c11a10,8,0,332,294,636,cb56704e2ec46bdb
2040f240,8,0,297,338,636,5effcd4e1b3f9caf
01415448,8,0,360,100,636,fece7e52e0727445
0200f122,8,0,161,338,636,2b94a7abd111bfb3
0c418c08,8,0,370,256,636,6312b955e96291c
0130b041,8,0,391,100,636,38e567eb72a62c3e
0104e105,8,0,335,294,636,c848efa18117273d
2c089208,8,0,383,100,636,29bdc9259080f787
11224241,8,0,79,338,636,5ddb6c9208f90f20
03484940,8,0,41,338,636,735850fdde8f95a4
30441029,8,0,364,100,636,1f8b11c5f03737c6
22354004,8,0,295,294,636,45a5e64090d4e0c4
0f208140,8,0,365,100,636,a5f0200e0f133d5f
24114105,8,0,261,294,636,c82f1bde776e4a9a
0b044822,8,0,65,294,636,8e5e181c58740bfe
20103982,8,0,90,306,635,72d86aeed45f67f2
0452840a,8,0,290,294,636,896f49c8a06f874e
21c02094,8,0,276,294,636,7e8c5390966338ff
00751006,8,0,232,294,636,de24b676009846b6
13a28080,8,0,320,100,636,a752faa6bf74df33
06091502,8,0,309,100,636,f097f9e27c43506e
1025a440,8,0,254,294,636,90924affb41bd64b
0022388c,8,0,307,294,636,a90e9cb4a92721ad
000a4d88,8,0,32,294,636,7ac51ceb5650dd24
0c083424,8,0,279,294,636,e9b0397135c2bfdb
21486088,8,0,391,100,636,38e567eb72a62c3e
20a8011a,8,0,85,306,635,9c135d0bb1d46671
038f4000,8,0,253,294,636,b8ec50553d0faffb
04c1402c,8,0,345,294,636,3cbd08bb33256d4b
26148204,8,0,369,100,636,5b11c9b38e6fb077
14041704,8,0,264,294,636,893e0188e1c6ad7b
03a04118,8,0,234,338,636,33050e03c81fab9c
2004ac09,8,0,280,294,636,8d9a54faa0e0cca1
0901c214,8,0,8,338,636,23b4b619fa51c4d9
07180181,8,0,382,100,636,ed91c9c577e60d0
0cc20301,8,0,245,294,636,ca0093b535a1e772
100c6098,8,0,381,100,636,2ce56da1d4da5ede
09284026,8,0,169,294,636,528145419a3503db
3a242200,8,0,357,256,636,d4f28d42c591a504
0cc26008,8,0,391,100,636,38e567eb72a62c3e
10606418,8,0,271,294,636,d876bcf09969b470
1b80200c,8,0,277,338,636,d0724be7cfbf50a5
1484008d,8,0,387,100,636,88d626dbf3b6df3b
04604115,8,0,26,338,636,d9efeedd90ec821e
224222a0,8,0,324,294,636,ac064994006f2ef1
29a03200,8,0,386,294,636,22c294dd94f93f
20403036,8,0,101,338,636,3101ee016bbdc243
00158c88,8,0,117,294,636,2a708a9497211849
01320318,8,0,25,306,635,151b795a267b80e1
02161290,8,0,76,294,636,99cf178fed24e4b9
00e2180c,8,0,16,338,636,ce5eeabaf26bf756
21108216,8,0,121,338,636,367c6fca8df35839
13981800,8,0,388,100,636,472a0c507bc123cd
061121a0,8,0,288,294,636,c8adb8046a739bc4
044a9420,8,0,134,294,636,45a7f8dae874b6e8
0f0cc000,8,0,390,100,636,b42db3eb0915969a
09416210,8,0,371,256,636,6629cd73490bc171
0581480a,8,0,327,294,636,a74e633640f79f5a
092a1022,8,0,369,294,636,2f1242cbae381158
0e420901,8,0,244,294,636,ee1f6dc2072d4c38
03084305,8,0,179,338,636,b38cddd96e21e89c
1650040c,8,0,390,100,636,4a3445d7f92e7ba3
08834406,8,0,225,294,636,874e09d92fd2929e
1400628a,8,0,378,256,636,70f2c8f7b76bd6ce
30482881,8,0,376,256,636,8c4e1994f48e55b0
2b218400,8,0,390,100,636,7f8f984342a64b1d
2a220052,8,0,27,338,636,f7468896a1134c8d
14644240,8,0,380,100,636,81b4c015ce9b90bb
03180852,8,0,103,294,636,9bf78bcdaa1a74f1
04116848,8,0,359,294,636,1ffe57da306b6016
18970080,8,0,316,256,636,bc64332b04e89d5c
234a1200,8,0,372,100,636,e9489fc316b590c0
081061c4,8,0,60,294,632,3fd46d0718092fa9
001a5421,8,0,237,294,636,fad9501b8d95404a
05601c20,8,0,390,100,636,71c1f1a7f9a96e4f
0110089b,8,0,159,294,636,b63c9421bd95771a
0074110c,8,0,244,294,636,27d89102bc3cd34c
04744410,8,0,344,100,636,63da96ef91d27be7
2c026500,8,0,363,256,636,d7185fef13822663
003222d0,8,0,156,294,636,8021b20a9ae9736a
1858100c,8,0,345,294,636,43c426f7fc571a54
01d01310,8,0,181,338,636,29abbae0c17616be
03246101,8,0,376,100,636,24bf989098588b38
0458a202,8,0,371,294,636,32939a8cb7427455
221c4204,8,0,380,100,636,bc0e1d686c8ee7df
3122004a,8,0,24,306,635,e1291843f7c3be0
3c100248,8,0,369,294,636,5b885d101982b441
06282409,8,0,391,100,636,38e567eb72a62c3e
24449404,8,0,340,100,636,6348d5d13d636b61
05062320,8,0,324,256,636,7360d10ededdf724
31210405,8,0,78,306,635,c2c3c58a19a88c41
04c43810,8,0,333,294,636,a82e6f75b973e711
201ca0c0,8,0,388,100,636,61718253b20a19c0
03200784,8,0,174,294,636,63ac542c75e2a8f5
083c1280,8,0,360,294,636,58d3645e7cb58c03
25100851,8,0,345,294,636,bd3aa9c9ecd39c41
050900d2,8,0,130,294,636,8efbb429657e9cac
04908c22,8,0,105,294,636,4487777308dd20e1
03e82080,8,0,391,100,636,38e567eb72a62c3e
11a40c10,8,0,63,338,636,d9a76a7ee5b35901
2368c000,8,0,391,100,636,38e567eb72a62c3e
16040059,8,0,380,100,636,4a51fc85ed2a7c0d
0b2a4002,8,0,388,100,636,d2bfccecfa2b5d9e
01528045,8,0,278,294,636,a1eb1bd01bb619ba
10332088,8,0,326,294,636,d6ea3c1873ea5843
01461218,8,0,203,338,636,51a8820a54386347
00c070a2,8,0,386,294,636,115993a16ce9924f
00b19808,8,0,240,294,636,d1abaee4798a4ded
0220d052,8,0,235,100,636,b83936ae9ee5e03f
0cc81024,8,0,201,294,636,42ee76da181a674d
33480220,8,0,341,100,636,bfeaa61e586cc030
00b05a20,8,0,321,100,636,1023628183466a72
21105141,8,0,326,294,636,26100891a045647f
12911900,8,0,47,338,636,85bb3fd2666210df
30115021,8,0,321,294,636,cca90fec6cc020d2
10118a81,8,0,220,294,636,6a3c0f68a5ce6370
0494a420,8,0,371,100,636,e0e72f580815b02c
10b25010,8,0,391,100,636,38e567eb72a62c3e
2094a003,8,0,357,100,636,3a517ba778aaf4b0
213000e4,8,0,16,306,635,1345fe98dec0051c
09989008,8,0,391,100,636,38e567eb72a62c3e
3b081020,8,0,312,294,636,d213eef61390f064
01221a18,8,0,140,338,636,85de1f81dd03156c
11202590,8,0,224,294,636,5e349ab4f63b43b2
28402096,8,0,289,294,636,48486b9cc24fbeff
028a0e08,8,0,220,338,636,161d87fec21ff474
20f00a01,8,0,67,100,634,a779eb6b8e4e4d90
04950980,8,0,296,294,636,16fba7cc11bbc087
01402661,8,0,146,338,636,368b3a6cced31982
05385100,8,0,391,100,636,38e567eb72a62c3e
132b0001,8,0,252,294,636,7adc72f56fcd350b
042102a9,8,0,346,256,636,bd551144f5eaf1c6
09260e00,8,0,285,294,636,9ad9cc06740df7e1
028130c1,8,0,39,338,636,d5533ef855cc5fad
2c098820,8,0,225,294,636,16baa76ad999fe6d
0d840c10,8,0,274,294,636,c01f0b4941767d08
1142c082,8,0,245,294,636,360952b103ccae81
35044104,8,0,389,100,636,8fd75a00721c43cb
141004c6,8,0,21,294,636,154d32cca8ed169a
2a006043,8,0,211,294,636,cbac55fb94af6367
0a1c2108,8,0,288,294,636,a66e9a8408f4bdf4
086c0501,8,0,31,338,636,74ce9e7c8a4f78d
021c1481,8,0,389,100,636,7e7a73dcddc779c7
01502027,8,0,314,294,636,5f706459150438d2
0a02900b,8,0,388,100,636,28dd43af689fc3e
30308510,8,0,38,294,636,67e46de1f1eeefef
10344308,8,0,325,294,636,40fd85f6cc0f6d23
01a04921,8,0,52,338,636,e2b02ceb12d87fd1
044430a4,8,0,361,256,636,6406da65f6359617
11a21404,8,0,352,100,636,13e594e04868dfb0
15809402,8,0,391,100,636,38e567eb72a62c3e
0658c800,8,0,391,100,636,38e567eb72a62c3e
3004b840,8,0,143,306,635,1a7ba3c0b002d602
089604c0,8,0,290,256,636,fdbe299f181aff77
04201853,8,0,111,294,636,beca931bf84dc02
0208b430,8,0,91,338,636,b9b7cdab159c4a73
25384010,8,0,391,100,636,38e567eb72a62c3e
25841009,8,0,391,100,636,38e567eb72a62c3e
10b20181,8,0,114,294,636,9eab8938b360ddb6
088b040a,8,0,269,294,636,7a1393240307f3e7
3401208a,8,0,371,294,636,92ec72c1cf456873
350000b2,8,0,183,294,636,80345c2cceca9948
0c902850,8,0,243,294,636,c83302e6d48b03a7
26142101,8,0,387,100,636,e89c5f747e83062b
0082628c,8,0,341,294,636,de2652c51a1750f2
02834c80,8,0,142,294,636,ca8f16a26153fe1a
08007125,8,0,145,338,636,f23ce72e4a47d469
388b0080,8,0,241,294,636,92a531fbaa573cdf
003c042c,8,0,231,294,636,d0a6f5f37d099ef8
05484188,8,0,365,294,636,39a74fa0ffb2f90
0117400a,8,0,165,294,636,5ab0ce8ecf2158e3
08d420a0,8,0,260,294,636,8dc18a1781e1deff
082c440c,8,0,320,294,636,cc0dde24b019f8db
3a083040,8,0,301,294,636,84f7b7d8f0a9324f
11066030,8,0,315,256,636,10717466c9a7a815
310a2042,8,0,359,100,636,ae0c9d8a82be734b
20591120,8,0,110,338,636,be292acc391aa169
0881c888,8,0,35,338,636,de151df3c097be8
0b00e102,8,0,305,294,636,5217f162d1410460
35280c00,8,0,391,100,636,38e567eb72a62c3e
2812401a,8,0,359,256,636,427aedad675a3063
30066044,8,0,319,294,636,c1c6f0eec689c6ff
110ce800,8,0,391,100,636,38e567eb72a62c3e
14c30440,8,0,243,294,636,5c255668ebb1fb3c
11909018,8,0,363,100,636,5a42b51c33487ec0
0f804202,8,0,385,100,636,4c0c9f617fb2c2b6
014a1092,8,0,238,294,636,fa9105b2329abbaf
38248102,8,0,45,306,635,4b683085ed7d6221
1030a00d,8,0,327,294,636,493ea1a53435ef18
00cc2250,8,0,137,338,636,dd271a4e3479e98c
1a201405,8,0,347,100,636,7c514f16ae51eb71
0484422c,8,0,193,294,636,ce9f10226c673947
0a2400c6,8,0,19,294,636,b9c45528db7e19d4
08251818,8,0,56,338,636,1b28742673008090
280a9240,8,0,216,294,636,ec00c32e127890bb
04340a48,8,0,267,294,636,ddf2094822a90f0d
11a80504,8,0,212,338,636,bcc7c96ebff1d553
201a2824,8,0,281,294,636,39cbf680cd5e4879
24444520,8,0,231,294,636,83573aec5e585787
11440688,8,0,391,100,636,38e567eb72a62c3e
0238082a,8,0,139,294,636,c5168ad93a8a64d5
0814a441,8,0,320,256,636,f979c94196b98cbb
09041489,8,0,386,100,636,fce77d337b9d852a
1b080602,8,0,366,100,636,fc37a284b01aaadf
01c52022,8,0,157,338,636,8db17e3c6e17c7e8
38662000,8,0,391,100,636,38e567eb72a62c3e
1020609a,8,0,178,294,636,e25846ee9042871f
21186180,8,0,391,100,636,38e567eb72a62c3e
34880124,8,0,271,294,636,1d8338d4977409a4
01311409,8,0,391,100,636,38e567eb72a62c3e
1410106a,8,0,151,294,636,4c02b19e64ee857b
02d88840,8,0,225,100,636,1417941742d6bbb7
26114420,8,0,391,100,636,38e567eb72a62c3e
0400d03c,8,0,81,294,636,6c520186a382d585
18440a03,8,0,57,294,636,c4f98b79137127b5
00216780,8,0,71,338,636,e3f7788f78d88314
2024620a,8,0,232,294,636,65e6d1a567533747
0815a084,8,0,191,294,636,9815285f60e73fb8
14c48104,8,0,351,100,636,29f464363221a5c1
0120b502,8,0,341,100,636,b6cd4d162536d95c
0621c840,8,0,231,294,636,d7f568352fe124a8
22807042,8,0,387,100,636,800e484062a02715
15090908,8,0,241,294,636,a0e99c0088c47936
02790101,8,0,326,294,636,70dd5293b5febe80
02046ac0,8,0,137,294,636,976daa5469ff230a
09801388,8,0,36,306,635,f6327ad1bae9fa79
000ca2c8,8,0,152,294,636,c377a5d8838f43e0
2e180104,8,0,356,294,636,bfb484874ed109f8
00388702,8,0,14,338,636,7303acfff528bcb8
01372040,8,0,292,294,636,755328cef5ad33d9
083c1402,8,0,349,100,636,cc5a370f2dec3fa1
04291052,8,0,323,100,636,b2f8b3650f4e505d
012c3009,8,0,391,100,636,38e567eb72a62c3e
18083c08,8,0,322,294,636,ac3c40aba55e3ff2
34282204,8,0,383,294,636,118382ea90abc456
36c00048,8,0,368,100,636,11729d11f0b53768
04222a18,8,0,90,372,636,5c3e066e69a95470
10a81640,8,0,363,100,636,5e30292b4da13069
1010b841,8,0,131,294,636,7eadbecf776b7baa
08182509,8,0,336,294,636,3fb80ef00734c0d4
04340254,8,0,35,294,636,fb8088070e220035
0254a0c0,8,0,379,100,636,fb0be76d032b24c8
022b0888,8,0,144,294,636,29d9851054ac9a85
02302416,8,0,278,100,636,13fc55c72a2833
140092e0,8,0,9,265,625,a7d2cef5622879a1
1081d204,8,0,212,338,636,d5ffbfe388b11a93
18414e00,8,0,126,294,636,39d15916e6e6ff83
0cc0c180,8,0,313,294,636,6b194434dff3d647
09182224,8,0,302,294,636,14aeb8627b103ec0
00609348,8,0,28,338,636,eada289c579d3b53
02b24003,8,0,388,100,636,d9d7fed891b79306
09284824,8,0,187,338,636,8319dc1c169f1a75
0e828050,8,0,131,294,636,e0494b13569f1cd3
051140c8,8,0,347,294,636,4a63e01724c552de
00183039,8,0,192,294,636,c59dacda5275d4d4
0b201043,8,0,355,100,636,b00f92ebe23c797e
2a420083,8,0,224,294,636,ac8489a33c104e10
1b800450,8,0,183,294,636,43d87232cb94a7bd
22114248,8,0,55,338,636,82de98c5f17258e
01b00096,8,0,27,306,635,59531d8c9c330747
36100086,8,0,360,100,636,9842fde8fc403d3a
10940a82,8,0,53,294,636,896a1a31b5020d94
06084115,8,0,69,294,636,c802d20bc468dd6f
281d9000,8,0,360,100,636,442161ac2344185a
10c51280,8,0,252,294,636,e8033a0f8f4679cf
01a21822,8,0,17,306,635,fcb69495daa41ebd
06203488,8,0,391,100,636,38e567eb72a62c3e
06600093,8,0,222,294,636,9f84f1a392ea1bd2
08ba8040,8,0,337,294,636,521cf3e2076df845
03043007,8,0,390,100,636,8d2fef6ae277dff2
18485082,8,0,272,294,636,752f184a592b9e05
23248600,8,0,390,100,636,14c891f298216d3f
04058780,8,0,202,294,636,539b5154b7d8b72b
13892008,8,0,311,294,636,dcf37c26aac7eb96
03094212,8,0,167,338,636,18096ae36c50862f
01100669,8,0,125,338,636,8e626ec2d7d60611
0402b501,8,0,219,294,636,39e60045d4a71b63
0398a040,8,0,388,100,636,2e487b07150005cb
095001a1,8,0,181,294,636,7aad7e261e7c9147
0090d302,8,0,352,100,636,ae658f4f0334a17b
0d990002,8,0,369,294,636,b3cb3952eb3c8f47
05006132,8,0,142,294,636,72be71166fafc76f
08249904,8,0,15,338,636,5195971804d11a53
314110a0,8,0,194,294,636,81a52f1ab95525eb
13124120,8,0,134,294,636,83e4d208f4a00a98
01923220,8,0,353,294,636,c35f985b485da755
100cc540,8,0,251,294,636,23f6d8a8925cafdb
330040d0,8,0,197,294,636,93ff728a37901a45
212a0430,8,0,160,338,636,b7121ab84615f088
210420aa,8,0,195,294,636,36753b0e114c2c0
25204061,8,0,276,294,636,d0e90dfe47b795ed
04841c0a,8,0,225,294,636,8ad75fac1d0e7da
0802c191,8,0,165,294,636,c2290d427ecdd81f
30904510,8,0,363,100,636,3639b7dad8fe0cd5
18524088,8,0,388,100,636,680ed2d7482ce9e7
1d284080,8,0,390,100,636,b42db3eb0915969a
24049308,8,0,277,294,636,cfba215f6c071fb5
04436005,8,0,373,256,636,1bad77cdfffb2178
25084212,8,0,376,100,636,17fa1baf82a3030
01622848,8,0,249,294,636,a5168483808a4179
18240885,8,0,119,294,636,db86c8d0698594f
00590849,8,0,179,294,636,d671c72c8f0d9f67
1c4200a1,8,0,298,256,636,656815247ec46f31
22089c40,8,0,391,100,636,38e567eb72a62c3e
14880891,8,0,76,294,636,5f9c3b8b310541b4
1b821004,8,0,299,294,636,24c387cad97d3442
0e4a0030,8,0,150,294,636,a1b08df7b6e750ab
0e281804,8,0,388,100,636,8084e9fdcfa5b118
078800d0,8,0,221,294,636,590c6fceedc9dcfe
0a801780,8,0,111,294,636,1b1f2e67065910f4
08540843,8,0,47,294,636,c83dc9d252baa4b9
0b051401,8,0,363,100,636,6387be8e8fc16395
310240c2,8,0,129,294,636,4aba0a81c33f05a2
041860c1,8,0,380,256,636,e914ccf45fc110b4
03903240,8,0,390,100,636,161d69ba07cf9fbe
04b12500,8,0,365,294,636,f8d696d5db1c1b03
08505482,8,0,168,294,636,caace42e6e176f71
0c88202a,8,0,233,294,636,8ff14a4def04a6d1
18124070,8,0,136,294,636,e45ddd33a0231f22
04097280,8,0,391,100,636,38e567eb72a62c3e
3300408a,8,0,378,100,636,ca1c33f61e4750c2
086a40a0,8,0,238,294,636,ce5ecd82af0f0e49
21601405,8,0,381,100,636,46503781e342589f
006c2031,8,0,64,338,636,cbe9698f8f9c36a4
20451203,8,0,88,332,632,927321943bdb6073
20097003,8,0,368,100,636,923e7b022ca0d61e
0a308c04,8,0,361,100,636,c77f00cd81f38265
3018804a,8,0,319,100,636,2d3c07e9d4485f2b
03024708,8,0,179,100,636,837d98b2f0fd3f80
32200d80,8,0,111,294,636,53a9e1e5058e0833
0b12c040,8,0,386,100,636,14d217a86d8dd5cc
00889464,8,0,20,338,636,c00de00b3ffc304b
0d830110,8,0,98,294,636,c7e87c830f6de921
0840e122,8,0,53,338,636,4ab5e0401199499d
05818023,8,0,199,294,636,13598b1cfab184f5
0c48802a,8,0,55,338,636,626840f211b4089d
0480203b,8,0,92,282,632,e51f519f6af8b88b
0488018b,8,0,274,294,636,c941074bc0a8f7b1
02306188,8,0,352,256,636,53975703f6590a04
14082816,8,0,178,294,636,567750a8697ec353
13403801,8,0,390,100,636,dd4df11d527868d9
01ec4002,8,0,366,100,636,8edd667af34025fa
208470c0,8,0,386,100,636,a9c89b42a473e9e9
0504e110,8,0,345,100,636,bf1ca5173af419bf
00587810,8,0,356,294,636,6e99ec97da875f7f
10c63020,8,0,292,294,636,38ae79efb1cfa129
09439010,8,0,156,338,636,6294465d6d3de603
3810c108,8,0,333,294,636,e0231a6eb58f9f43
30ac0005,8,0,367,294,636,dfd5d9ab87f9ca0e
08021e18,8,0,175,294,636,efc8ad5838904f2a
350100a1,8,0,322,294,636,70adcb14910e7429
03629010,8,0,352,100,636,77ee3cc43221203a
24062484,8,0,386,100,636,56e40bf3b48c647a
0f111004,8,0,391,100,636,38e567eb72a62c3e
20544288,8,0,235,294,636,6e31e7cfe55eb1aa
07030a20,8,0,259,294,636,cfa9959e95ee54bd
0c1c0842,8,0,307,294,636,a2253c0c4d464d24
09806a04,8,0,341,294,636,690877ccf561039c
10516101,8,0,299,294,636,802253055d243cff
01082ca8,8,0,310,294,636,87278ad102c9d2a0
25162800,8,0,391,100,636,38e567eb72a62c3e
05083842,8,0,346,294,636,d603e7929636aefd
05248061,8,0,220,294,636,d21cf419c5223e31
09431802,8,0,183,294,636,c777be595fe43cc0
16c02140,8,0,210,294,636,a7c26a3846427e1
2024220d,8,0,207,294,636,a4004b0a6b113165
04861013,8,0,229,294,636,cb59204994a1e21
1030e820,8,0,103,294,636,9a5d8e460b617da9
31881808,8,0,317,294,636,767c1f79e14b7920
0982060c,8,0,330,294,636,8faabfe11a821ac5
0530c210,8,0,368,100,636,2b32d0f5fb586bb1
241a0812,8,0,388,100,636,93becf1313ae61dd
17090060,8,0,204,294,636,8c3995477b49bf76
11068211,8,0,282,294,636,4de636f9b0f0503f
14011388,8,0,311,294,636,274d15c7fca1a9bf
204c8460,8,0,256,100,636,f85e8f37ed5b446f
341a1004,8,0,391,100,636,38e567eb72a62c3e
0ca04049,8,0,390,100,636,ebc582a26bbc537a
05a84110,8,0,371,100,636,714da1ec3cd2da1e
1494002c,8,0,374,100,636,abef7bad09acd8c7
062c0501,8,0,371,100,636,7b9cb89462b9b92f
01d02046,8,0,207,338,636,d55a24f3556ef527
11043980,8,0,363,256,636,4d59e1afdee6f734
0a2c9002,8,0,359,100,636,185649cf8499b1c
30c82210,8,0,342,294,636,d756ca88966a4648
06010469,8,0,276,100,636,9f00e32c34bfab2d
2d480a00,8,0,388,100,636,3b17c24c01d4a80
285820a0,8,0,373,294,636,489ea7afa33a2dde
14105043,8,0,391,100,636,38e567eb72a62c3e
11188805,8,0,343,294,636,26b97f90befe6761
1890c009,8,0,391,100,636,38e567eb72a62c3e
31d28000,8,0,387,100,636,9670813a30f86792
0a38010a,8,0,256,294,636,a9eb59ccfc8bd2e7
25078001,8,0,372,100,636,c4be93311a68b3ad
20296090,8,0,338,294,636,7fd6a19a65645651
01c5b000,8,0,387,100,636,5e1e89d6977548d
2a04c014,8,0,75,294,636,cbc47c1c34681656
01125818,8,0,373,294,636,4ceab028f5914299
01342610,8,0,374,100,636,2589ebbae320fb1d
1402b500,8,0,220,294,636,dfeba0805e0c46b7
05404185,8,0,320,294,636,773838d12545ee4e
13045108,8,0,379,100,636,bbdcf555244e0b67
0110a518,8,0,146,338,636,c2e62ca7e7f84cb7
0110d062,8,0,122,294,636,aac7e9abf0d6572d
1154800c,8,0,391,100,636,38e567eb72a62c3e
16808340,8,0,81,338,636,ad00d14f59f1cd53
09091484,8,0,220,294,636,864daa024deedc01
0128c805,8,0,266,294,636,cd3c6116bafc52de
2d080142,8,0,277,294,636,fb48294de235aef7
08606844,8,0,214,338,636,1edce78e2096e3d8
093c0401,8,0,391,100,636,38e567eb72a62c3e
0424d00a,8,0,389,100,636,134b3aede95185f8
34840092,8,0,320,294,636,b70121a943145877
25802c08,8,0,391,100,636,38e567eb72a62c3e
11910580,8,0,138,294,636,42944f3ade8c0db1
0a216804,8,0,117,338,636,86464e0adf5f8608
09289021,8,0,341,100,636,2725cc3a5d019bbe
00827520,8,0,158,338,636,bf03749b339a3170
300e1280,8,0,364,294,636,e42998f1faca15f0
04b30804,8,0,169,294,636,df2af8daf28497df
0444a0a4,8,0,312,256,636,c562e999422f0874
20189019,8,0,381,100,636,e098338db128dd47
1d070200,8,0,391,100,636,38e567eb72a62c3e
3c006208,8,0,391,100,636,38e567eb72a62c3e
01742140,8,0,359,100,636,148f470eafc14fa4
23880460,8,0,379,100,636,ffbfb6c74847b41a
20e84440,8,0,387,100,636,5d8d3b5acca02d94
24055028,8,0,379,100,636,25e37263ff812f76
18309408,8,0,391,100,636,38e567eb72a62c3e
09520034,8,0,63,338,636,47676f7f90d1cdeb
01c05430,8,0,290,100,636,4c4601c8a2b0594d
210a4218,8,0,344,100,636,7d86d0af8432ce67
14522202,8,0,350,256,636,bf23fa9dbe168b21
05209828,8,0,370,100,636,927f37a856451074
02684c10,8,0,141,294,636,55d30e2950d82eda
05100299,8,0,385,100,636,83c211ceb680fdcf
29900806,8,0,151,294,636,576ced4ed3484b6d
22c26004,8,0,381,100,636,4d0e61ea50121d74
3101a006,8,0,160,338,636,b8ccf6b9ebddbc64
284c4202,8,0,312,294,636,e3e4a09b2c8a1989
2d100812,8,0,380,100,636,5082ea2654f33546
09c07080,8,0,391,100,636,38e567eb72a62c3e
23080648,8,0,391,100,636,38e567eb72a62c3e
03c04244,8,0,340,100,636,b55a4667b9c41685
099210a0,8,0,297,294,636,4630c09067015991
150b0401,8,0,362,100,636,4797f9e40da1b83f
15600085,8,0,363,256,636,22a532e52b8585a2
034c0640,8,0,361,100,636,f4119d2fd3cabaf4
08e048c0,8,0,155,338,636,6db554c1a91a198a
19c40024,8,0,289,294,636,e6904b6be3d04e04
31508900,8,0,339,100,636,949bc9df56406861
0404205d,8,0,171,294,636,2e1feb41d62b6a
14034481,8,0,328,256,636,35252adcb96f6924
29601028,8,0,356,100,636,1a27be84c0099d2a
34122050,8,0,331,294,636,d8f820dc01aa9ccb
29260081,8,0,348,256,636,61ee8fbbe9b54822
04da0090,8,0,283,294,636,b23b1b8cc7c8a944
0405a025,8,0,242,294,636,7aacf49505ee5d24
26060484,8,0,362,100,636,99a9462d8b9a9da2
0c03088c,8,0,343,256,636,7698c8df9563f3a7
0550401a,8,0,373,100,636,3aac3e1f5c30c7c3
040ca4c0,8,0,391,100,636,38e567eb72a62c3e
20582c08,8,0,390,100,636,ca76b4fbdbecc710
04134a02,8,0,281,294,636,7772443041066d7
32710200,8,0,370,294,636,9a1d984a0ea7607c
232c2020,8,0,391,100,636,38e567eb72a62c3e
141010a5,8,0,318,294,636,ebba9f39aafccd6e
006062c8,8,0,216,338,636,5ca5d19cabd6cc65
02062618,8,0,149,338,636,42028384fa94619b
0a025403,8,0,368,100,636,65e49baa2f546b78
32202803,8,0,189,294,636,e836d9d5a7ed67cc
10a41490,8,0,361,100,636,24df42a4672e6865
002a6409,8,0,378,100,636,1e7dd098b47dac4a
24c50030,8,0,163,294,636,d2b6a00824e1ad49
2c120828,8,0,382,100,636,d21f5c4c3d763ab7
09088e01,8,0,316,294,636,ed7d8b5025b5655
19461004,8,0,377,256,636,ad4cc46fcefd02a0
00d14209,8,0,390,100,636,31fe421dcc88c51b
2442b020,8,0,336,294,636,57501bd8ff9a3c1b
0280a429,8,0,218,338,636,1c0cc0d4e14301d0
08844843,8,0,125,294,636,46543699758dab79
241c1108,8,0,391,100,636,38e567eb72a62c3e
32806440,8,0,391,100,636,38e567eb72a62c3e
34108442,8,0,369,100,636,dc20b75e3140b73
08305d00,8,0,278,294,636,4bb1f6f82a5c4d49
19048890,8,0,281,294,636,502f7c5559d45753
058c001c,8,0,252,294,636,5efc955bca44ce48
21c80281,8,0,387,100,636,180c2a4be06c676f
1106c00a,8,0,319,256,636,bb911234580d950a
2244200d,8,0,258,294,636,b5aa36e769e50d0f
20d01680,8,0,297,294,636,ff66265f1e1cf786
0822044b,8,0,353,100,636,1d1216ab1987209b
248c0290,8,0,323,294,636,bc35758117c35aed
1101620a,8,0,290,294,636,21ed91569844608c
0a8440a4,8,0,113,294,636,48ac91169145e576
25282012,8,0,391,100,636,38e567eb72a62c3e
02c62a00,8,0,256,294,636,f55be93f6343b3eb
0a548060,8,0,145,294,636,979da18a91740ef4
04900487,8,0,230,294,636,1f47ffb5b22925b6
070d0050,8,0,282,294,636,9a4459cb100daa3c
01181452,8,0,266,100,636,9f7af60e88c8c7fc
09c40580,8,0,255,256,636,ef79401a55b226e6
14405460,8,0,338,294,636,3a9175275c43bdc0
28381011,8,0,357,100,636,aeca7561d8391012
0d982040,8,0,391,100,636,38e567eb72a62c3e
02682412,8,0,298,100,636,fded5e5d5efe27bd
2134a008,8,0,391,100,636,38e567eb72a62c3e
03e04009,8,0,375,100,636,7583b7da6d5fbe2b
36026080,8,0,391,100,636,38e567eb72a62c3e
02a0a501,8,0,321,100,636,8caff6d0caac9e2b
0b081029,8,0,299,294,636,617faaf99d05e7f5
16813008,8,0,388,100,636,c80b29132c931892
00792084,8,0,319,294,636,51baf36e2a40120
36086010,8,0,391,100,636,38e567eb72a62c3e
0c911110,8,0,194,294,636,507b141da5631ba8
18920209,8,0,391,100,636,38e567eb72a62c3e
23088112,8,0,245,100,636,b17d488e7f25d67a
14043092,8,0,388,100,636,c80b29132c931892
1422c0c0,8,0,181,294,636,f0bd9a3a4b49431
151c2008,8,0,391,100,636,38e567eb72a62c3e
08460605,8,0,52,294,636,9c4c853f0adc837f
001e2211,8,0,303,294,636,648ab4fb37b82f60
1620b004,8,0,391,100,636,38e567eb72a62c3e
04826230,8,0,249,294,636,6b1513c91d95a7af
100a24d0,8,0,129,294,636,57077dc184fb22a2
00652302,8,0,101,220,630,4eeeae31e3995748
24c30880,8,0,224,294,636,68286e44122d608a
1004910d,8,0,306,294,636,1e26b6d7a4d6adeb
04105912,8,0,278,294,636,33d6e787a9f1dbc4
00d4900c,8,0,166,294,636,4e2567fc67bc58a1
04188243,8,0,221,294,636,ac727640a9987e52
11144049,8,0,391,100,636,38e567eb72a62c3e
0c302a80,8,0,370,256,636,65993e419a444c45
08053218,8,0,112,366,632,315317166502bde4
1a108092,8,0,218,256,636,f161fbdf8ccdbd56
25225010,8,0,390,100,636,31fe421dcc88c51b
31088094,8,0,235,294,636,46dbeb156ceacee3
0088c50c,8,0,269,100,636,9f184a6eeedb1865
39048120,8,0,200,294,636,43fdc20d4a7d1c9e
04441a41,8,0,129,294,636,ee44f9f0d684b4b8
12104582,8,0,147,294,636,bf75f5b1c19d667d
0d00a10c,8,0,249,294,636,2694e8904910d5a4
22b28008,8,0,368,100,636,d321e49586adecc0
01948049,8,0,387,100,636,e83448bbf7061a98
2a104085,8,0,260,294,636,2f8c3f5ebb3b771a
08b00483,8,0,172,294,636,607b28c49d068566
35280820,8,0,332,294,636,de5eb871259c4f73
04c04107,8,0,286,294,636,f14dc2291865f2c0
23c04880,8,0,383,100,636,27a476141e296f32
30c86004,8,0,391,100,636,38e567eb72a62c3e
2028d030,8,0,300,100,636,c8491298f05fc640
01305106,8,0,382,100,636,99725f0b9471b059
0d904202,8,0,384,100,636,b104e475d23fa21c
24025520,8,0,234,294,636,21267747921737e6
17051008,8,0,391,100,636,38e567eb72a62c3e
0a263080,8,0,391,100,636,38e567eb72a62c3e
25404089,8,0,391,100,636,38e567eb72a62c3e
31002648,8,0,358,294,636,8333db411c2546b8
10c4600a,8,0,384,100,636,600220131d18338c
20921421,8,0,83,294,636,ff9a7287c03efb3a
35053000,8,0,391,100,636,38e567eb72a62c3e
18830602,8,0,77,282,632,66e568ad9917ffa1
13804482,8,0,391,100,636,38e567eb72a62c3e
06c10290,8,0,318,256,636,ea277e9381649947
0578a000,8,0,391,100,636,38e567eb72a62c3e
1b488400,8,0,390,100,636,dd4df11d527868d9
0a18200e,8,0,291,294,636,38eef611b39113d5
02412a90,8,0,153,306,635,5dce7fb416232243
30115201,8,0,379,294,636,d55b722ce17dfafe
03848508,8,0,363,100,636,2c8ab873f1b6952a
20143188,8,0,325,294,636,3900fa71bbcebccc
0941d400,8,0,353,294,636,50d0b2566f1f6440
0a144c10,8,0,252,294,636,62d47a23f87f304e
05288409,8,0,391,100,636,38e567eb72a62c3e
26404122,8,0,150,294,636,f620179a48a06d9d
0418a288,8,0,384,100,636,8762bc363f5576a1
10ec0500,8,0,301,100,636,1a99e258db5bc412
02dac000,8,0,387,100,636,f3212db1ba48ce66
0802a628,8,0,201,294,636,ee9e7d431690141e
3c130020,8,0,344,256,636,6abf70eedc53f819
1a014083,8,0,123,294,636,22e58085149082ee
20d40488,8,0,367,100,636,41140fed7ff44d31
25900860,8,0,288,294,636,23562161daa88514
14219011,8,0,361,100,636,5b6687b4afbf9bc1
16840248,8,0,338,256,636,5963119551f6af47
02583024,8,0,268,294,636,7b79c663794a5a09
00147250,8,0,263,294,636,9c29e9f1ab71473f
080a4486,8,0,281,294,636,accc5b45089e153
1c102218,8,0,323,294,636,bc251b110d9d2db1
2c824102,8,0,366,294,636,8e91f8960ba2720
21524808,8,0,386,100,636,ec3b5a338688ff3a
0812e050,8,0,254,294,636,eb142d65b57a8cb6
22c0e020,8,0,388,100,636,fade9d4adc67c7dd
21887004,8,0,391,100,636,38e567eb72a62c3e
12140588,8,0,351,100,636,1aea1ef9cce51ddb
09b02a00,8,0,283,294,636,8a08666c1b8b1c30
30381082,8,0,388,100,636,cb85043d3de79818
18011c09,8,0,218,294,636,2cac14c1c69a3dd4
0c908182,8,0,126,294,636,704f01a027cbca9f
300c20a1,8,0,387,100,636,166257d15e35e1
101c8b00,8,0,101,294,636,30495523d3a86018
0d522001,8,0,391,100,636,38e567eb72a62c3e
0600c143,8,0,175,294,636,d70ab5aad2fa03e8
02380628,8,0,342,100,636,c571ad458cd3b9e1
00e05520,8,0,328,100,636,fe880f68be7e3550
244ac008,8,0,376,100,636,ebbd2e818e13dceb
0900bb00,8,0,177,338,636,bae6e33dcc06ee98
04518608,8,0,391,100,636,38e567eb72a62c3e
02a45402,8,0,391,100,636,38e567eb72a62c3e
090d1600,8,0,361,100,636,11b1eb27ae0b739b
0c064640,8,0,289,256,636,bfc8f5f987b00470
291a0028,8,0,389,100,636,ada43ecd1a7cbb5e
12282302,8,0,241,294,636,61829d5ae16051c9
2818c011,8,0,346,294,636,79a2c9c815cacdfc
08034129,8,0,254,294,636,11ab888bd788f6
27104808,8,0,391,100,636,38e567eb72a62c3e
39200502,8,0,147,338,636,1dee81f39025d5c8
01e1c200,8,0,372,100,636,8c78cd0865b08614
03844882,8,0,258,294,636,1031fbd25b30d48b
02aaa200,8,0,335,294,636,44183872de3eba34
28a00708,8,0,85,338,636,89ec3525fd24030
1c820160,8,0,25,294,632,6eedce1ce3939719
05d0001a,8,0,329,294,636,bec5b92c7a605de2
08502e01,8,0,333,294,636,505659ffd1e82431
0c80580a,8,0,370,294,636,252a5081257b4cf1
009c4c40,8,0,317,100,636,f90f04cb72bd9fec
08241485,8,0,213,294,636,b91aa78a26656515
18054908,8,0,170,294,636,12f6935f43a9715e
011c8206,8,0,344,100,636,92e590ccc71d9494
2e400844,8,0,46,338,636,b63f576b3b648285
0a528440,8,0,391,100,636,38e567eb72a62c3e
04215850,8,0,305,294,636,ec25ef887019237b
00a83301,8,0,335,338,636,3e38906bdb238221
0044e085,8,0,370,256,636,69b66207373e82b
38005444,8,0,270,294,636,849c13f282ed5b10
2d030401,8,0,390,100,636,dd4df11d527868d9
34a20802,8,0,137,294,636,5246079ea920f166
04819412,8,0,212,294,636,3dfe74c988a7b73a
24214c20,8,0,146,294,636,79f979d19a1619ce
0026ba00,8,0,181,294,636,96f6e3098278f319
26210310,8,0,256,294,636,44b9c68004ba5256
095600c0,8,0,322,256,636,2c708394100e14f6
004c7048,8,0,314,294,636,53c08975e86c81ff
04419482,8,0,243,294,636,1fef8ddc4f7f2411
0c8420a8,8,0,289,294,636,45164373106786c9
2093200a,8,0,145,306,635,cae6dbb319743405
3a1080c0,8,0,297,256,636,d2f89a33e417e945
0c528140,8,0,209,294,636,ae4e23ef6c8e7041
01205065,8,0,337,100,636,42da7ba0f8723d2a
05606120,8,0,383,100,636,dbd58ea479db07fe
2b201404,8,0,391,100,636,38e567eb72a62c3e
34050488,8,0,391,100,636,38e567eb72a62c3e
04091b04,8,0,187,294,636,a55f600028580a41
10c12c01,8,0,21,220,630,d2b8ba3936c6f916
0c016288,8,0,384,256,636,42ad78cc4db7f66f
22023181,8,0,301,294,636,d48be40e6dc9bbcd
0500a88a,8,0,324,294,636,3dd821a48ed376a4
0a406038,8,0,81,338,636,b0c00e4723ac530a
09b00242,8,0,134,338,636,ca9f4abb21daa4db
301ca040,8,0,391,100,636,38e567eb72a62c3e
0454600c,8,0,391,100,636,38e567eb72a62c3e
26024428,8,0,391,100,636,38e567eb72a62c3e
28120642,8,0,90,294,636,925b48f3ba94c62b
0a1201a1,8,0,145,294,636,f3188e459b49aa8d
02106a84,8,0,309,294,636,5dce88995a529785
26022540,8,0,283,294,636,f4435b996feafe12
1d110102,8,0,250,294,636,f4045be7d15c4a81
0b10020e,8,0,136,294,636,b6d45004cd4b27ce
02681203,8,0,301,100,636,258440cecf0fdad2
06148244,8,0,185,294,636,240aefe4b5b9ca9f
05081431,8,0,306,294,636,4a64c1726081bb17
02ec0240,8,0,179,338,636,41f9a368784bf279
24201823,8,0,238,294,636,6a76e1fc9a9df775
19304084,8,0,339,294,636,e64ad745126df094
05091103,8,0,316,294,636,5bc6ad3fb593392b
260800b2,8,0,243,294,636,722360a719267a30
18291408,8,0,389,100,636,51a6b9ffb163680d
03401309,8,0,283,294,636,bcc671434780cc39
11640054,8,0,212,294,636,4d1945c896676774
31142600,8,0,391,100,636,38e567eb72a62c3e
34032088,8,0,389,100,636,8fd75a00721c43cb
1410c214,8,0,243,294,636,4eb9dfc6f04e7625
0140c452,8,0,201,100,636,a41acb213fdcec46
18842211,8,0,182,294,636,a57e1a4bebab6241
28421680,8,0,307,294,636,95b6e5309389ec23
2e028810,8,0,223,294,636,fc124947fcbd91
2061b080,8,0,362,294,636,f6d05371e5025ba5
22256100,8,0,193,294,636,a54b9912e2034a85
1502402a,8,0,236,294,636,73af5dde2dd97e84
00283542,8,0,245,338,636,51fa841ac958bb98
21518084,8,0,221,294,636,ac22bbf11ca28b1d
0618a041,8,0,387,100,636,1a1b13a58a9bb7ae
00966480,8,0,391,100,636,38e567eb72a62c3e
1e300021,8,0,353,256,636,11e3ed9f992508a0
08658801,8,0,100,294,636,cac240d072c725f8
04826504,8,0,358,256,636,c4b06c14515fe059
05d05020,8,0,391,100,636,38e567eb72a62c3e
23584010,8,0,390,100,636,71c1f1a7f9a96e4f
01243209,8,0,391,100,636,38e567eb72a62c3e
052a6200,8,0,391,100,636,38e567eb72a62c3e
03284242,8,0,285,100,636,7b73e571261f7dd0
1a065002,8,0,359,100,636,b953374c4725a0f
02566080,8,0,391,100,636,38e567eb72a62c3e
19124401,8,0,387,100,636,6cbc7af6c8a10c9a
0c2c9020,8,0,382,100,636,e180646f159a8028
208c2c08,8,0,364,100,636,856ce41c2994fead
03500492,8,0,319,100,636,14c59c55a397713c
02581406,8,0,334,100,636,7559719a31570c5d
36a50000,8,0,390,100,636,4a3445d7f92e7ba3
24564040,8,0,353,100,636,20be1641e6eb6d57
0158a404,8,0,391,100,636,38e567eb72a62c3e
01c0ec00,8,0,389,100,636,9eed32ded9a9a1d9
1600060e,8,0,277,294,636,19ebb59dcf87a24a
068c0203,8,0,332,294,636,50800b44554074d5
2861400c,8,0,56,338,636,3056de3ea2020c32
17481008,8,0,391,100,636,38e567eb72a62c3e
21685800,8,0,386,100,636,26bee9dfb1e292a2
12442908,8,0,276,294,636,9fcf8374db6396b4
19240118,8,0,236,294,636,22628ca65d6fa27a
22380015,8,0,299,294,636,14f4905ccfe3d713
099040a2,8,0,224,294,636,5dabc53054388658
0501021b,8,0,383,100,636,44484ab03fc7dfbc
06981402,8,0,391,100,636,38e567eb72a62c3e
20265202,8,0,243,294,636,bf3100fa0afa9d3c
011a2103,8,0,317,294,636,305aec70df0e371c
27001980,8,0,316,294,636,919b00efc145e69f
23412030,8,0,118,338,636,b75c3ae716d9df04
008c1690,8,0,170,294,636,5ee1421676a2ef0c
208cf000,8,0,391,100,636,38e567eb72a62c3e
08460918,8,0,47,294,636,dfdf1b94b4040034
1c80a102,8,0,244,294,636,b25770b17d7a8ca3
2900860c,8,0,163,338,636,4a343976f09315ee
31249400,8,0,391,100,636,38e567eb72a62c3e
00833288,8,0,284,294,636,aef2489ac133b772
1b015400,8,0,391,100,636,38e567eb72a62c3e
34036200,8,0,391,100,636,38e567eb72a62c3e
1014b180,8,0,389,100,636,3101eb76e90da31d
0005b284,8,0,224,294,636,81b26ed8cddbe1cd
18270090,8,0,142,294,636,db12add54851aec2
20190423,8,0,237,294,636,80ff46c4f51f1374
26994000,8,0,391,100,636,38e567eb72a62c3e
01298444,8,0,288,100,636,8e962afd1fff4578
23a24100,8,0,335,100,636,d49c466783882061
07a40110,8,0,326,100,636,21cd6edfe0521902
29140803,8,0,343,294,636,ead3724f08a77668
26904084,8,0,388,100,636,61718253b20a19c0
3000e026,8,0,157,294,636,a5368ca078be2db9
2809c802,8,0,192,294,636,827397a3d3595b15
02331220,8,0,286,294,636,cfd9121b0e4173b8
0a886024,8,0,316,294,636,be8cfa0069cd4c8f
0a303c00,8,0,391,100,636,38e567eb72a62c3e
0120118b,8,0,338,100,636,934de319161ae1c0
120e2240,8,0,283,294,636,42c6b43d368bb9a7
21a19200,8,0,328,100,636,1b3b017e70ae643a
01193208,8,0,389,100,636,27527b9ae954697a
23308802,8,0,380,100,636,ef193f4afe203baf
01c92102,8,0,277,338,636,de38b4fae6858f4b
04089650,8,0,289,294,636,b48ddb9a74262740
01945804,8,0,391,100,636,38e567eb72a62c3e
048040b5,8,0,145,294,636,462a30134d063142
28228181,8,0,205,294,636,9efc2e50c56ad6ce
13101604,8,0,391,100,636,38e567eb72a62c3e
2a038201,8,0,310,256,636,a33273240c72bfdb
0505808c,8,0,310,294,636,25d536a6532577d3
108c5240,8,0,376,294,636,aaba8543bde88d2c
130250a0,8,0,232,294,636,3c28390a7b5634d3
2028e108,8,0,322,294,636,d79820613fafc773
019058a0,8,0,349,100,636,165992a941882743
10246890,8,0,252,294,636,10d3df41a3c42974
0301d003,8,0,357,100,636,258e37d7b671523e
05802d80,8,0,373,256,636,1bd2193e05f41249
2404cc40,8,0,330,100,636,3641276bc20045ed
029c2404,8,0,391,100,636,38e567eb72a62c3e
04981888,8,0,389,100,636,e798e91cdc74751e
042c0096,8,0,294,294,636,325d1da1a7e8a9d5
08c82881,8,0,360,256,636,b4b94af01718e6d7
068c3100,8,0,382,100,636,48f6e3768c6a8502
12093c00,8,0,243,338,636,7813c4ed8e7311d1
0b008511,8,0,174,294,636,bc91321cc47fe16b
149e0800,8,0,390,100,636,2151763d9d212607
05042aa0,8,0,367,256,636,decba8c8cbb47ea2
1120301a,8,0,347,338,636,72d8a965ab606ba
18064103,8,0,275,294,636,fa5fa1053b044c27
10103648,8,0,342,294,636,3700c4675755e8ea
02916180,8,0,354,256,636,3cee1b73aa30ae40
12190403,8,0,261,100,636,45febabf4113f946
2210a301,8,0,383,100,636,e6591c49b5867a56
1008a2a1,8,0,293,294,636,a004a159bf3ec8a5
00a8144c,8,0,308,100,636,233be9315046ac4f
21480107,8,0,277,294,636,723caad5aa199ea0
01518380,8,0,124,294,636,67809e012b362977
0c3a0012,8,0,356,256,636,b37fadd894c56f3a
04744041,8,0,391,100,636,38e567eb72a62c3e
25089480,8,0,391,100,636,38e567eb72a62c3e
0d1210a0,8,0,380,256,636,26f3fc347062946
300e2600,8,0,387,100,636,f002d899f4292ab2
04f02480,8,0,391,100,636,38e567eb72a62c3e
0a601908,8,0,194,294,636,b0d8f5b886291a35
090a3402,8,0,365,256,636,980eb7d5d1fc51d1
08503124,8,0,192,338,636,c6939eea528c6419
1264200a,8,0,379,100,636,8533f67b4621abc6
09028451,8,0,117,294,636,b6d8db8131891acb
1862008c,8,0,241,294,636,c76fb2ad31e9848a
09022f00,8,0,229,294,636,4e9315a25eefd0c8
14890211,8,0,259,294,636,de6844371886d269
10441087,8,0,284,294,636,9f51ff55298b461e
281a3004,8,0,388,256,636,b6c328a419a9d9b4
03046045,8,0,326,256,636,c74e65f738f7cf5c
00096a88,8,0,234,294,636,135cbc33ad50cea2
12a96000,8,0,383,100,636,6abaa2cacce2c7f7
29c01006,8,0,231,338,636,27e7641e659ac512
09590006,8,0,219,294,636,b994af789111e891
07110054,8,0,152,294,636,81076e033911853d
08b42300,8,0,166,294,636,e2f8d5cb7ffc69a5
0b024a80,8,0,375,100,636,28b0eb56867cfa3
051010c6,8,0,289,294,636,56a03fe1c9f99ce5
078010a1,8,0,344,256,636,8bce2469eae8cbd2
06d40050,8,0,287,100,636,330fe340e603cba4
0b081842,8,0,148,338,636,3c531de3c9ed3308
0220ac09,8,0,359,100,636,562059c68e463542
0242a488,8,0,390,100,636,4a3445d7f92e7ba3
08924510,8,0,244,294,636,37a50f3cf45961b3
24188920,8,0,351,100,636,88b700ce99c93ad7
21e02088,8,0,373,294,636,eee4d4ad1926983b
20292444,8,0,297,294,636,d04ca3ec95eb95b2
0a12a802,8,0,361,100,636,cf9f45bd94b9bf94
0708c041,8,0,385,100,636,f7b9a9c328ca2046
10142a88,8,0,381,256,636,780260cc6d0373bb
10d48042,8,0,325,100,636,4788bf2ce51a95c0
16030218,8,0,288,294,636,7914ba0d91ae0857
04509a10,8,0,359,100,636,3c70a921f8ec11e0
3e100180,8,0,331,256,636,f4e7e707205f31af
21aa8004,8,0,226,338,636,f94387e84c17346e
04a81601,8,0,388,100,636,3172827239275c36
24301608,8,0,391,100,636,38e567eb72a62c3e
200bc480,8,0,234,294,636,e5e82fa2ed48f9bd
14023242,8,0,277,294,636,ceabfc6284579248
02a81406,8,0,383,100,636,7c8ea498e9ab32c8
06388088,8,0,390,100,636,4a3445d7f92e7ba3
16012812,8,0,172,294,636,1316d32fae80ed82
0e084302,8,0,201,294,636,254b5df9da7ad86e
20102613,8,0,116,100,634,c57040020ae997eb
06530810,8,0,348,256,636,1e5b32250691b5f9
18318600,8,0,86,294,636,cb23270b4b456efc
110c3880,8,0,391,100,636,38e567eb72a62c3e
01062883,8,0,316,256,636,b71e1c6b4b3a5f47
03462880,8,0,391,100,636,38e567eb72a62c3e
20540c41,8,0,238,294,636,5fc0f74ef7364df8
012dc200,8,0,321,100,636,d3b3a9bfad65e75a
00a89007,8,0,247,294,636,5bd00ba33278fe35
0c100983,8,0,164,294,636,97c1fb20d50f173b
12581042,8,0,238,294,636,9ee4a1174fa719b1
14882091,8,0,323,294,636,397bade9b4d5bb55
0b000e0c,8,0,233,338,636,c88dccfe38e36ce
0a309110,8,0,368,100,636,622fb9a92ec895f4
02866028,8,0,251,294,636,b2a034c63735842f
00b05206,8,0,389,100,636,27527b9ae954697a
28d01108,8,0,198,294,636,a061b7eca787947d
00d040b1,8,0,173,294,636,333ead1dd50395a6
27001302,8,0,349,100,636,699d94e9994edf9e
1005ea00,8,0,272,294,636,26008be6f69aa78d
20316c00,8,0,273,294,636,dfeddee24ad2c6aa
0c102825,8,0,245,294,636,6b17f0fbb6c6327
243b0002,8,0,385,100,636,a593580e42599716
04418813,8,0,116,294,636,bbe37f65986e6147
1c01c0a0,8,0,231,294,636,b7682d72588a5642
25809208,8,0,380,100,636,1ebb4375babcb8a3
12601124,8,0,280,100,636,d5acd14ddde51663
0d081888,8,0,391,100,636,38e567eb72a62c3e
14003407,8,0,299,294,636,e3bfd290f499ffac
18818209,8,0,145,306,635,f4be0e6d73de9ac9
1241c401,8,0,307,100,636,faee55b44a74c45
0444404d,8,0,281,294,636,75b2948a075192a4
26461008,8,0,387,100,636,b39bd5bd42e467ef
00789204,8,0,354,100,636,96857a5d64488d7c
3004460c,8,0,330,294,636,e8405ea3915e8224
065100a1,8,0,338,256,636,507a9f5d3983ea60
0c1c1440,8,0,370,294,636,2541ef9ec58eefb3
03214680,8,0,365,100,636,2d10cad052dd64e5
1c401209,8,0,391,100,636,38e567eb72a62c3e
0804b085,8,0,313,256,636,63a0f4e3d83ff245
26490810,8,0,334,294,636,d50317069667b0f5
109041c8,8,0,240,294,636,9f09bc0e2dc9fceb
210068c4,8,0,297,294,636,4d8e3ee3f82509a8
0a108215,8,0,73,294,636,c08e1ec29d87a5d5
0a405405,8,0,296,294,636,fb894bc67b71b3d6
22081c06,8,0,385,100,636,fac242c3ec504249
00356402,8,0,241,294,636,1b40c28f8cdf8ed4
2044608a,8,0,347,294,636,96e1cfc4cfa2eaeb
050410a5,8,0,346,256,636,e110e4bcd27cd43e
01223013,8,0,333,100,636,22c5f4708f0205e4
02d32004,8,0,65,338,636,f4e73550f1f46851
0a181b00,8,0,92,338,636,6635ef75a154ecb5
0c1610c0,8,0,356,256,636,655660a13f393cbe
21141083,8,0,388,100,636,de67fa6dc96bc114
32062022,8,0,251,294,636,205129aee6d128b
06303042,8,0,391,100,636,38e567eb72a62c3e
20315880,8,0,315,294,636,6d520cc56a2a50bd
1e300240,8,0,356,256,636,1ae2ab3d72dcdcc0
18049601,8,0,241,294,636,c0d60117554828f
0c114805,8,0,360,256,636,b299da1675ae29c4
042b1082,8,0,361,100,636,82ad1d284e3cb015
28161104,8,0,232,294,636,67f65fbe016e76ae
1980500a,8,0,366,294,636,afcca058ab19f78a
05c22060,8,0,277,294,636,2a3da279bafef326
16080462,8,0,93,294,636,413b4cb7f4b18310
2b214004,8,0,238,294,636,7064d81e7d8d8490
1134040a,8,0,391,100,636,38e567eb72a62c3e
12cc9000,8,0,390,100,636,4a3445d7f92e7ba3
044a6108,8,0,338,294,636,ecadf83de3073888
1a268080,8,0,365,100,636,3180bcb3e2dc1de7
2a035200,8,0,324,294,636,5e06be76c9da4392
24803085,8,0,352,256,636,ac0840a5f664fb81
0700c083,8,0,387,100,636,2271141d2520d78b
19980402,8,0,370,100,636,e42928e09ac31a80
02c26204,8,0,365,256,636,cf00ba56edd9a739
049800a9,8,0,337,294,636,75913bd0dec25bc1
18012e80,8,0,208,294,636,4f3830fb7f484ecd
0c2c0089,8,0,388,100,636,c6687833e35d751e
06847800,8,0,390,100,636,4a3445d7f92e7ba3
1441a082,8,0,353,256,636,d511f58212655b84
092084c4,8,0,134,338,636,fc8820fa00cafeda
38102805,8,0,196,294,636,e346f48963463d86
30804514,8,0,162,294,636,db2acdc9cff00163
06626010,8,0,372,100,636,3962c66b460c47c6
01690602,8,0,351,100,636,6d0ef7561abefebc
22415420,8,0,263,294,636,3ccd359176a25fb7
201a3180,8,0,384,100,636,a3228824faa3b400
112a0428,8,0,296,294,636,ecd22c85622363bf
36019002,8,0,377,100,636,54483285d0161014
00f0100d,8,0,371,100,636,a05fb42ff20f770e
03a0e020,8,0,380,100,636,c40e86f51d5e7115
021a0c88,8,0,390,100,636,4a3445d7f92e7ba3
05492012,8,0,391,100,636,38e567eb72a62c3e
24219880,8,0,318,294,636,4738e84a2e4e781a
1136000a,8,0,390,100,636,2151763d9d212607
054c0029,8,0,389,100,636,5cdcc1479dd2fd82
058c2204,8,0,391,100,636,38e567eb72a62c3e
25093400,8,0,391,100,636,38e567eb72a62c3e
2c141204,8,0,364,294,636,3e3cad706bc6cae5
0ce10014,8,0,94,294,636,2d1f064567898b1b
22908c04,8,0,372,100,636,3084140000a52139
1c042109,8,0,388,100,636,e0ccf2a4c2223c32
08341c40,8,0,316,100,636,afc372ad08940c8d
18b03040,8,0,388,294,636,4ec58a332dbeded4
1250a0a0,8,0,364,100,636,fde84a12eb87017f
04300dc0,8,0,103,294,636,d15fc8b131cfafb2
141e0802,8,0,386,100,636,f6e74903d03ac5cb
2a154020,8,0,187,294,636,12c9d759c1747e06
20406c41,8,0,198,294,636,692347f7a5b5a99c
0300b02a,8,0,186,338,636,81eea268b44d9c98
220078c0,8,0,268,294,636,b940718e329ebfc9
05031089,8,0,391,100,636,38e567eb72a62c3e
224a0c02,8,0,298,100,636,d5fe62cb157f72d7
1b105004,8,0,391,100,636,38e567eb72a62c3e
200a2258,8,0,196,338,636,c880922e5598a8f9
03984808,8,0,391,100,636,38e567eb72a62c3e
092a0520,8,0,169,294,636,fd345e16dc544c8d
200c440e,8,0,373,100,636,ffd0775f0e3fbe40
14084849,8,0,332,294,636,338345331624fae
04305844,8,0,391,100,636,38e567eb72a62c3e
09125101,8,0,387,100,636,42d8d7d24e7a4ad1
1408c124,8,0,279,294,636,8ee24eaf6203488e
281b0404,8,0,370,256,636,940437483fc8b313
028a5011,8,0,192,294,636,cd174e93ba9c874a
01445448,8,0,360,100,636,e07968c91f6b30be
19250180,8,0,237,294,636,3251c9e0ee29a608
10d88401,8,0,388,100,636,eafb41f807521a8a
28465020,8,0,271,294,636,74d2b652af56eb28
22190103,8,0,251,294,636,7d090bee3ad02c2c
11a21500,8,0,383,100,636,73d5797f56f4d4de
21490403,8,0,365,100,636,4be1ed804bc33d68
04c020c9,8,0,364,256,636,a78155d1ffed2805
11043821,8,0,322,294,636,70ba3f4437c76aba
101c40c1,8,0,361,256,636,a7abedc5d0d9ed8f
183210c0,8,0,383,256,636,aaac509bbd5b5037
2400c6a0,8,0,152,294,636,4e46ceba31047a8d
06088829,8,0,263,294,636,e08bd7591af3ae56
0042618c,8,0,212,294,636,46b230308569b725
04610305,8,0,272,294,636,319315f6c24bda6e
08205660,8,0,223,294,636,225a6ed07b753bec
05010549,8,0,352,100,636,4407fe7547a0c5db
34044029,8,0,391,100,636,38e567eb72a62c3e
21304083,8,0,389,100,636,27527b9ae954697a
14242064,8,0,282,294,636,a3531bda303a5c67
0f900280,8,0,372,100,636,3fb2409fa0fef4d4
1b014401,8,0,341,294,636,55a7f6c62ca099a7
24a8a040,8,0,354,100,636,72bbf3d03b2b9545
100a20a6,8,0,120,294,636,8a28ebcbf68fce3f
260040aa,8,0,240,294,636,59fdf03ba546a3c2
09809c80,8,0,307,294,636,31111f3cde909ad1
24081524,8,0,342,294,636,8f65d119b4bdc001
0320e140,8,0,334,100,636,b550971acc555424
046c0242,8,0,205,294,636,e8c76908df9fccb9
14434420,8,0,266,294,636,fd59867a8572a2f
0240e0c2,8,0,257,294,636,b2f2c2de267c23c0
1190200d,8,0,382,256,636,b5d1a5c6c38c5cb6
083a0007,8,0,317,294,636,f96b12ddbeddea0e
0154d008,8,0,391,100,636,38e567eb72a62c3e
0b002505,8,0,175,294,636,5590de606fa5f7b
1c048062,8,0,85,294,636,d1d18f9ef495455c
11c08884,8,0,113,338,636,ad61c8a2ab0dbdd1
29012418,8,0,232,294,636,9e140b0f89bc6550
24504450,8,0,364,100,636,e532893540fbba03
1c418090,8,0,256,294,636,a7152076e1d8f796
194210a0,8,0,309,294,636,c8aa51107f003f57
25309200,8,0,391,100,636,38e567eb72a62c3e
0180a341,8,0,154,338,636,ad304d5ea300c629
00c830c8,8,0,192,338,636,fd94e94a681f290
101a6024,8,0,303,294,636,24d64a928f40a87e
2c902110,8,0,207,294,636,9ae3067ba333ee25
084b2840,8,0,221,294,636,dc553bf6708a1266
340c02a0,8,0,383,100,636,a074b83079ae434c
308c1028,8,0,324,294,636,91996039b94f75b3
05900e04,8,0,361,100,636,62fe4bad168c9b99
004a340a,8,0,305,294,636,9121dc7778a0f4fa
0b460840,8,0,264,294,636,e3ac4b1839c908e4
30241045,8,0,349,100,636,cbe4bc514a50cd49
18184540,8,0,175,294,636,3cca54dcb342805
0114281c,8,0,173,294,636,3bb613c4251b6d9d
2210902c,8,0,219,100,636,86ff72f4da90f060
06812424,8,0,194,294,636,48238f8dca7baf6a
03a92200,8,0,386,100,636,21025813048d1986
2401a118,8,0,166,294,636,a8a400c8605dd82a
24101942,8,0,214,294,636,e9f2e01e1ceb275a
080e6024,8,0,313,256,636,434dbe5d8b5f2663
049048c4,8,0,372,100,636,4baaae4dcf2db6eb
02ec1020,8,0,288,100,636,eda216cbb93a19ca
090c3404,8,0,381,256,636,f547d53494bc414c
1e08c400,8,0,391,100,636,38e567eb72a62c3e
009840e4,8,0,189,294,636,b92464c71387b061
03419202,8,0,332,100,636,9ef478c35dd8a816
1241b080,8,0,376,256,636,2064e3c5f410233e
140092c1,8,0,284,294,636,8cfdc988c1994a10
39014042,8,0,123,306,635,3fb08f7a8408e246
060d0508,8,0,375,100,636,ab741be9a0ef3e0c
15211480,8,0,391,100,636,38e567eb72a62c3e
0084c701,8,0,278,100,636,6f0745ff03159a27
06904288,8,0,367,100,636,378b3548e9041d5e
0834108c,8,0,336,294,636,4828375bc86ecf51
2212a880,8,0,387,100,636,acdc099711ed53fc
00906268,8,0,198,338,636,228d2b596e052027
34104814,8,0,384,100,636,a7401212f83e04b9
0148160c,8,0,383,100,636,f5f480c16ce1a72
1420c4c0,8,0,369,100,636,a683ab143a8730
060324c0,8,0,372,100,636,a52021ba610e2588
0a09c600,8,0,211,294,636,56b97d51396c40e1
000174c8,8,0,210,294,636,f96cc6795189aef
01b12880,8,0,276,294,636,e6355091b2b530f4
00c37010,8,0,304,294,636,aec5e6dd1c196f6f
110842a1,8,0,307,294,636,7313fed318872d9
02144445,8,0,165,100,636,6a7be26b04141c55
14283802,8,0,387,100,636,992027cbebab1f6b
0c216c00,8,0,292,294,636,f124a1b5fb6df820
38842500,8,0,340,256,636,bfcd68ded30fe31e
1a160204,8,0,317,256,636,9de322c71342e56e
08b12404,8,0,52,338,636,a01cc3b921151336
2b604020,8,0,306,294,636,5e5a96d4e52b08ad
06454401,8,0,390,100,636,b42db3eb0915969a
31720010,8,0,313,294,636,d29f6aabb1035cb1
24a15100,8,0,391,100,636,38e567eb72a62c3e
28091601,8,0,314,294,636,d153616e11827829
01d8400c,8,0,390,100,636,31fe421dcc88c51b
0680840b,8,0,390,100,636,4a3445d7f92e7ba3
009c040d,8,0,355,100,636,adb1c18d64d05569
0f2d0000,8,0,390,100,636,b42db3eb0915969a
03120f00,8,0,287,100,636,f1fbfb65f11968bf
19a50800,8,0,222,294,636,3c8db4ceb16ff209
0340a484,8,0,391,100,636,38e567eb72a62c3e
02305130,8,0,311,100,636,754762c3b6aa59e
1014240d,8,0,391,100,636,38e567eb72a62c3e
29006105,8,0,254,294,636,194e7638bde4f17a
04130c84,8,0,239,294,636,87fb12612acd1ae6
21b12010,8,0,113,338,636,d35f3dd02633802c
03101889,8,0,390,100,636,6656679a3a103688
1c100851,8,0,199,294,636,2f7653f9de98b496
011038b0,8,0,213,294,636,c5f76b21f70eeb60
00704215,8,0,19,338,636,691d5a792799be4a
041814c4,8,0,276,294,636,a3e57751ac01929
01109a03,8,0,366,100,636,5d800709ce71f9a3
069cc000,8,0,391,100,636,38e567eb72a62c3e
3004480b,8,0,354,100,636,62312f18e2f3921d
01782810,8,0,379,100,636,c9456994ff83a341
04302a41,8,0,295,294,636,dd96a2434ade7b2b
24940188,8,0,352,100,636,86b58284c9c6b2c0
0d088441,8,0,390,100,636,350936e7b1701184
04694420,8,0,331,294,636,cb9a0993bbed761c
122c9001,8,0,391,100,636,38e567eb72a62c3e
013a2081,8,0,391,100,636,38e567eb72a62c3e
1b890008,8,0,215,338,636,f3a9cb680ca6b01a
038e0402,8,0,363,100,636,79c9a7a494b22ee6
242b2001,8,0,384,100,636,c119941d37b89dde
24100907,8,0,198,294,636,75057f3562f06de2
04413121,8,0,289,294,636,148f5e9ec868842
057000a1,8,0,389,100,636,8e3cc3467588af7c
00d8210a,8,0,245,338,636,4d0a6382d2d23e83
0b0a0b00,8,0,197,294,636,192bde551d4104f5
1482d800,8,0,354,100,636,e477d2349cfe9dd4
16484006,8,0,380,100,636,36fbbe9b39957a07
040b2502,8,0,149,294,636,51a7179401e987a8
34629000,8,0,386,100,636,fcc9109a0cb5fd22
0e810205,8,0,191,294,636,d41f57f3cc92a864
214c2060,8,0,357,100,636,da40d3310b6e3810
30046488,8,0,390,100,636,ca76b4fbdbecc710
20b34010,8,0,210,294,636,59876dcfc6754e29
12889410,8,0,277,100,636,233400b8145b3f75
0c03008b,8,0,388,100,636,c6687833e35d751e
2444c880,8,0,350,100,636,4859328b0151d7f6
03108113,8,0,285,100,636,d1c4028c08ce4678
08d808c0,8,0,68,338,636,a280574dccedad04
05a800a4,8,0,302,294,636,ac9553db383f6c21
310c8044,8,0,373,294,636,d3ddebdd44caed5d
24c42041,8,0,344,294,636,8110c70073fc4229
08704803,8,0,320,294,636,dfad384a3ee2055
02126821,8,0,128,294,636,7b20b5d2f4cb0e83
2814820a,8,0,88,294,636,e6f3afcef4a5664f
1028301a,8,0,315,338,636,ee88f2aa51a48e98
01091641,8,0,306,294,636,18a52b47bc0a9e63
0d172000,8,0,388,100,636,fdacecc312e40568
2058028c,8,0,252,294,636,ac5fe89e1949eb4d
03490089,8,0,373,100,636,f7ceed3e6583846a
08026914,8,0,20,265,625,cf3c6aea9a297e1c
140c4406,8,0,385,100,636,da3504a67b5ba85e
31022e00,8,0,335,294,636,32e3188a55676d0f
38024881,8,0,326,256,636,c2ae488b52330266
26408086,8,0,187,294,636,c99e11f4c684f417
14144920,8,0,379,100,636,2e069a8f8bece8bd
29310220,8,0,79,306,635,631d04b486de5007
20c0b420,8,0,106,338,636,edcaa95532ccb64d
18289280,8,0,302,294,636,d05b95b817ed8f30
281c0830,8,0,140,294,636,ef0a534ca0a90910
11100c91,8,0,229,294,636,ec60e65822903964
06456020,8,0,388,100,636,c6687833e35d751e
31050211,8,0,286,294,636,63d02c6976cfd07f
18052188,8,0,283,294,636,fb8652b43cde3f76
2d248002,8,0,344,100,636,3101f5891194b8e2
00103e81,8,0,364,256,636,2a18b9cdbc161080
06242c10,8,0,318,256,636,50c200009f40045d
20443a01,8,0,252,338,636,376a5e114a12e9a5
39094200,8,0,372,294,636,26ce336dc845da47
13620081,8,0,358,100,636,7c9552a97d4d8c7
06c01211,8,0,211,294,636,28f8d557a41b4aab
0d006428,8,0,364,256,636,ffdeadd416a6e170
275000c0,8,0,386,100,636,c4ba99964232bb56
1ab0c000,8,0,391,100,636,38e567eb72a62c3e
1c00d012,8,0,350,294,636,af6d9a64591361c9
10301207,8,0,360,294,636,20ae0d462b0fea61
1304c140,8,0,320,256,636,20929c6b65f1eef9
24050285,8,0,315,294,636,88c3a7ee4ede72e4
14404328,8,0,128,294,636,d5d8f5299a469cd5
07081092,8,0,368,100,636,32d2d2ee49d7bedf
05628090,8,0,249,294,636,77ef967677d94d05
08981608,8,0,383,294,636,6d808446e07019d0
0802e501,8,0,242,294,636,8eb26a0b593e3be7
20994810,8,0,309,294,636,7bbaf97218f0d106
2014c40c,8,0,358,100,636,421e3f2b2e60249
08668600,8,0,70,294,636,74f00a00f057124a
01086107,8,0,321,294,636,b27a6e86bdba9e4c
10a03182,8,0,360,294,636,704a59281522a5a6
0c280948,8,0,153,294,636,d1d7b040defec728
10704181,8,0,298,294,636,29a99f7b31af4fea
15104068,8,0,373,256,636,eba9fb39da06986c
05c00816,8,0,139,338,636,f5fa43e970b2c4d3
01d02482,8,0,391,100,636,38e567eb72a62c3e
0a883804,8,0,156,338,636,5c86748a01b82f77
2048308a,8,0,385,100,636,f77660efa6a2c3a4
2d010e00,8,0,389,100,636,e1e9bf5ef1ddaf63
306c4002,8,0,385,100,636,c39e8bc7e88912bb
29501801,8,0,391,100,636,38e567eb72a62c3e
021a20c1,8,0,353,256,636,ce182c5ee113a3ca
30411481,8,0,167,294,636,e0b702bd3594bb5a
15009620,8,0,360,294,636,9252ed1a3aad4b18
314a4002,8,0,376,100,636,766a802bec7408c7
14701030,8,0,391,100,636,38e567eb72a62c3e
04410f08,8,0,317,294,636,302783460e105936
0402428b,8,0,380,100,636,ff4a0f79373af552
0a8061c0,8,0,338,256,636,296ac2331500d198
10321604,8,0,358,294,636,bcc2a1f114df29c
15088460,8,0,361,100,636,e68e1db495e7f072
24a04016,8,0,364,100,636,72c6fc4b403dd20f
25403088,8,0,391,100,636,38e567eb72a62c3e
0002b60c,8,0,123,338,636,47ac077575093b7f
05544600,8,0,391,100,636,38e567eb72a62c3e
06087804,8,0,389,100,636,15cec7920737e855
2610c810,8,0,387,100,636,cf18fff7c29b66e7
15c01060,8,0,351,294,636,b2de8fe6fc6bd38f
23084824,8,0,329,294,636,113083039a82fb0
06b01005,8,0,391,100,636,38e567eb72a62c3e
0300704a,8,0,281,294,636,2e4ce712eb10c916
02209303,8,0,303,100,636,63630fecc1cc8a49
0cd002c0,8,0,120,294,636,bb8b63505532ae35
1240a091,8,0,332,256,636,33bf343c45a20d07
2b005c00,8,0,391,100,636,38e567eb72a62c3e
0a210449,8,0,271,294,636,aca6b936f737e2c0
09046700,8,0,277,294,636,64f4f189e1665e5b
00522285,8,0,366,256,636,331d8c8393a05b9
3a421008,8,0,382,256,636,c78c9f2071ba8df4
11920188,8,0,260,294,636,a0b08e2aa7e90fe0
0210ea20,8,0,155,294,636,fdfd640092d5f78e
2a302090,8,0,339,256,636,768f970255c66718
1c011424,8,0,179,294,636,d849c0b9e4745c49
21888206,8,0,362,100,636,16f64a70582d824a
08a1140a,8,0,268,294,636,7fbc4e8009106fd4
13920012,8,0,223,294,636,f58c91576f44a304
093e0004,8,0,360,256,636,10c68e028ba9db79
282e4002,8,0,347,294,636,ba91db69ea0c298a
1e051008,8,0,391,100,636,38e567eb72a62c3e
06b02018,8,0,359,256,636,f7665a2c82d0711
04a22248,8,0,202,338,636,2acf16d41b13978f
0850a007,8,0,245,294,636,511c733475814ff2
08a16050,8,0,119,338,636,88d6b388572d260
15300209,8,0,391,100,636,38e567eb72a62c3e
02b24201,8,0,343,100,636,b13eac8363b819cc
0c982900,8,0,358,294,636,b8fb38600e20580f
2a00aa08,8,0,147,306,635,bc29eb530a5a45bc
2f804200,8,0,390,100,636,b42db3eb0915969a
25004614,8,0,338,294,636,bd2df5cf7f21e179
028081a5,8,0,219,294,636,a1ddf16ab7047528
03644088,8,0,321,100,636,8827b359ea9f19cc
2a101241,8,0,133,294,636,e8b01f3778e42b14
28960201,8,0,307,294,636,ec0bfb7377a7125e
25111003,8,0,391,100,636,38e567eb72a62c3e
34400c28,8,0,322,294,636,80097ceaf1de692c
1860c101,8,0,60,332,630,4ccddf1868a9109e
1014a510,8,0,200,294,636,a952132c7c4cacbd
06100ec0,8,0,349,100,636,f5bccf0598c49597
1c801811,8,0,147,294,636,6166fb748bc94d92
003234a0,8,0,389,100,636,86251186634a3963
141d2001,8,0,391,100,636,38e567eb72a62c3e
140c1052,8,0,319,294,636,3e9ce594ccb909fb
2e40d000,8,0,391,100,636,38e567eb72a62c3e
040a1548,8,0,183,294,636,b35f630f1396057c
21905090,8,0,389,100,636,d1344dc6055b2530
07122005,8,0,389,100,636,5f087b0c88dd2e32
14a48088,8,0,366,100,636,26cb47859fd1177e
18022413,8,0,28,294,632,8cc38628002ecd7a
0520a181,8,0,391,100,636,38e567eb72a62c3e
01b81204,8,0,388,100,636,29cc43ca9201e170
0088c702,8,0,177,338,636,44b90eadfa6deb69
03388202,8,0,385,100,636,1ceac3c73ecd7629
26310808,8,0,391,100,636,38e567eb72a62c3e
3040a4c0,8,0,354,256,636,aa512812e79cace7
068014c8,8,0,380,100,636,deb162ef602563d2
2130a220,8,0,310,294,636,502f86a84f6a2e13
0a0d1401,8,0,231,294,636,fd5e70f97fdcd0f2
01961009,8,0,391,100,636,38e567eb72a62c3e
0080e115,8,0,68,338,636,67bd138a23eb58c
0602840e,8,0,251,100,636,51bffd97ac93bfa3
14121a20,8,0,320,294,636,a1f3563b1368f64d
0c8c0a20,8,0,83,338,636,d3c0d63baee1496b
06023b00,8,0,219,294,636,aa729c2ad5d48eff
010d8281,8,0,353,100,636,36cfeaeb1b318cd8
24aa0240,8,0,315,294,636,375e89a047f3f850
020d8442,8,0,265,100,636,519c7a4d2422de0f
054c0540,8,0,324,100,636,48039a0114b53c52
02a43009,8,0,383,100,636,ed7870ebfab09050
010278c0,8,0,348,294,636,35fdd2671058905b
012a1884,8,0,278,294,636,b0af67326e40d7fe
349008a0,8,0,234,294,636,a9f01ff42c820f60
1440c818,8,0,228,294,636,26b8fe32e6987931
060a4680,8,0,375,100,636,1f45f6c4119fc078
2ca20500,8,0,357,256,636,39a86d8f0dd87209
2c42000d,8,0,388,100,636,68d68eadbddf75a8
10843809,8,0,360,294,636,4afafecd48e74c33
03092c40,8,0,336,100,636,1ca98e76a20bd244
05446009,8,0,391,100,636,38e567eb72a62c3e
25840484,8,0,388,100,636,61718253b20a19c0
243002c1,8,0,292,294,636,275c93fd559c4d52
0ad04804,8,0,282,294,636,9dc58d047f9c9ce7
04036182,8,0,256,294,636,d53066a92b65214a
2108409c,8,0,345,294,636,6906a8dafcd4f424
286a0404,8,0,349,294,636,834f9d1ba5a138
02b20481,8,0,386,100,636,d4bd631aaa2aaa7d
10245805,8,0,365,294,636,37a91081ce894156
01b80b00,8,0,260,338,636,3eca5f42956eb60d
37402004,8,0,391,100,636,38e567eb72a62c3e
22a2a080,8,0,375,100,636,cb4bbb0e480cc6d7
04b82280,8,0,387,256,636,6788725e21b558d5
348c8004,8,0,391,100,636,38e567eb72a62c3e
02243a08,8,0,342,294,636,ab40e46c68b53dea
2c4c0204,8,0,348,294,636,b147431972cb8092
17009041,8,0,390,100,636,4a3445d7f92e7ba3
06405608,8,0,391,100,636,38e567eb72a62c3e
06810606,8,0,358,100,636,c624b8f29bef2a27
12342102,8,0,384,100,636,93a3fcc50939419d
1401840d,8,0,342,256,636,bae6d89d85e3dea0
05121128,8,0,346,294,636,9042ac7319ed355d
29114011,8,0,236,294,636,c71bfe26558983b3
11982021,8,0,357,294,636,6c097a5091a40b33
22059440,8,0,371,100,636,d14be642aeb7fcbd
02980c42,8,0,277,100,636,b4a243a8f1f3097e
24a94001,8,0,375,100,636,b11422005a8bebec
03412888,8,0,375,256,636,eedccd8c08e80517
01701d00,8,0,389,100,636,be4d1e4b6528eb62
14621202,8,0,370,100,636,79551aa789deafd0
04508126,8,0,163,294,636,d4ad2afec0dc0fdb
2488a030,8,0,244,294,636,1f72884386f0b472
07308840,8,0,391,100,636,38e567eb72a62c3e
06042229,8,0,342,256,636,7721cd04a51a66ed
00681584,8,0,110,338,636,754c6165464e54c5
001a3013,8,0,296,294,636,4b6cc87df6d2bdef
11430029,8,0,287,294,636,a0576539599de820
003d2600,8,0,355,294,636,4545b513a1987a32
19223004,8,0,377,256,636,8be4a4c832100ea9
04b21110,8,0,376,100,636,9b0e0e3f98c5bb14
0618a018,8,0,386,100,636,fc2a5dd106782b77
11480c88,8,0,380,100,636,e64dc4a745d73e84
014064d0,8,0,372,100,636,460330aa1ca3ab43
22a80282,8,0,350,100,636,d2117ee8351d8081
02c2a220,8,0,108,338,636,c863b6e3b4743b8e
3010b044,8,0,259,294,636,de0f1043eee252e0
20817420,8,0,381,100,636,c25aa31acf7e3bea
0a312108,8,0,169,294,636,bdc4ae0677a2f070
34801902,8,0,190,294,636,51d1f7ff9de39d58
01502113,8,0,231,294,636,86193ce771e06955
12915040,8,0,358,100,636,8a525ebba85c5e69
110d4220,8,0,306,294,636,e24f1155dc3233ab
381a0022,8,0,314,294,636,cad621ac4220ab6b
09432500,8,0,323,256,636,63585e25b6f0f37a
05022231,8,0,241,294,636,c0e083385bccf075
20803c81,8,0,314,294,636,f535b83bba31674
01d08481,8,0,391,100,636,38e567eb72a62c3e
07025402,8,0,391,100,636,38e567eb72a62c3e
13500260,8,0,82,338,636,9906ff8bc9058e5a
04709021,8,0,391,100,636,38e567eb72a62c3e
310c4012,8,0,391,100,636,38e567eb72a62c3e
08c80648,8,0,198,338,636,6ad268163491fde0
12101207,8,0,334,294,636,1dbdf937257fbbc3
25118048,8,0,375,100,636,35dec922405408fd
2c450280,8,0,374,256,636,6e26057b50aabd43
0806c0c4,8,0,172,294,636,3012e342b9a66d89
19412048,8,0,339,294,636,2a1626e056d927c7
0d041812,8,0,280,294,636,bb2c05ad261814c5
11440aa0,8,0,245,294,636,d24422f5b664e090
06161120,8,0,230,294,636,b2dee86d14717e59
0500a4c8,8,0,391,100,636,38e567eb72a62c3e
0e110881,8,0,387,100,636,ad60d883376ab5f9
0a60c050,8,0,99,338,636,1fa7bfb2199d6d15
14908409,8,0,391,100,636,38e567eb72a62c3e
2012404d,8,0,260,294,636,ed323fc90342ea18
0848d090,8,0,177,294,636,2a0b629dcaf2e4b7
39400d00,8,0,196,294,636,35b3cde955b9cd05
05802066,8,0,104,338,636,869db1c3ea5b0e63
110428a4,8,0,320,256,636,a35afacf8111a984
088e0882,8,0,199,294,636,ee8f65da5a834346
08188321,8,0,140,294,636,8b4af80c759f85b9
060046c2,8,0,145,294,636,90826fb82e422f30
1c80d200,8,0,391,100,636,38e567eb72a62c3e
15222401,8,0,383,100,636,964b3307c79a726f
20182a42,8,0,278,294,636,56d109ad02bba3d5
25202142,8,0,304,294,636,413876afb9e508c5
04484c90,8,0,196,294,636,ccec611bff2a2f47
34228081,8,0,300,294,636,5e9351cd16e6460
38021818,8,0,281,294,636,ff7016686b7aa93a
01904232,8,0,164,338,636,c75e3b2a57a9dff5
0103a209,8,0,384,100,636,a64721187adda8b5
0d550001,8,0,391,100,636,38e567eb72a62c3e
06422260,8,0,140,294,636,cdfa3b1aa23ee331
1000660b,8,0,322,294,636,1503b49ba84dd63e
24920288,8,0,320,294,636,eaab56b13d76e552
05009a28,8,0,229,294,636,3107b85424328d1a
1d2c0040,8,0,391,100,636,38e567eb72a62c3e
3184100c,8,0,358,294,636,3e14604c2b37d0a8
00106495,8,0,245,294,636,c1eaa4726b1e4764
00543b00,8,0,138,338,636,8d6bfa512a2d3a72
01d81090,8,0,367,100,636,ba535540ce167113
202c3022,8,0,375,100,636,7ddc7a52d7605d67
00e11203,8,0,184,338,636,dd1d410bf7cfae5c
2110808d,8,0,380,100,636,32aa84d2f678e7e7
0618002e,8,0,198,294,636,cbe9434731543c0a
31044441,8,0,361,100,636,d8836c5c0e5c75c0
2cc00601,8,0,300,294,636,59cd599f42fef9f0
0030310d,8,0,350,294,636,c5f881531f1f8612
05401151,8,0,238,294,636,3dd083ca9554a584
2c100889,8,0,391,100,636,38e567eb72a62c3e
04c06160,8,0,365,294,636,68f0acf17897f262
02902780,8,0,381,100,636,4c5e4880b9291eda
004c6882,8,0,344,294,636,f92cb13e8c58bb0
14404609,8,0,391,100,636,38e567eb72a62c3e
2d804108,8,0,386,294,636,e9cbaa9fa1719c1
07442202,8,0,391,100,636,38e567eb72a62c3e
3d003400,8,0,391,100,636,38e567eb72a62c3e
2416200c,8,0,389,100,636,8fd75a00721c43cb
248004aa,8,0,286,294,636,8edc97a024b4a667
03102258,8,0,98,338,636,3fd832db46dc1428
02a0cc01,8,0,296,100,636,2388e578f277f118
0290a608,8,0,385,100,636,de445b88bedd3856
21280183,8,0,352,100,636,515568ea290f2f6f
34928200,8,0,372,100,636,2d49ea19496fb4c6
09120813,8,0,229,294,636,ee078e17ccfb7f3c
0a824a20,8,0,66,338,636,20c2a769eb9114ec
0ea40300,8,0,219,294,636,3fecad7f44e23c37
03061488,8,0,391,100,636,38e567eb72a62c3e
00142c8a,8,0,220,294,636,76b9471a6f83964b
120054c1,8,0,275,294,636,f8eb5261bc4779cc
12088c88,8,0,345,100,636,13d6b2304e9412f
091c2204,8,0,387,100,636,af97b4902c5de554
2c081284,8,0,352,294,636,93de0bee9463cc4b
3118a200,8,0,391,100,636,38e567eb72a62c3e
08a64104,8,0,218,294,636,59369a7f234b2366
0b444210,8,0,287,294,636,80a120382563526e
21f08001,8,0,391,100,636,38e567eb72a62c3e
0a1244c0,8,0,379,100,636,99c06f8fcc5a7f2b
080a1c0a,8,0,306,294,636,6bab903d83846c9f
14460901,8,0,241,294,636,cc26f5df0dbc161c
22380301,8,0,347,100,636,e7966a45bb171984
0581020b,8,0,390,100,636,350936e7b1701184
0502e110,8,0,261,294,636,3466e08233daf91
208a8448,8,0,349,100,636,9a33995f2e3cb2f5
06019094,8,0,169,294,636,d37c7df03235058d
06924030,8,0,315,294,636,edca888294107a4f
0200e6c0,8,0,391,100,636,38e567eb72a62c3e
0a622044,8,0,280,294,636,7d7b8a224fa33386
0d1300a0,8,0,341,256,636,edc92cb5c939d824
04610312,8,0,266,294,636,730e5b1609f7c4b
20f01014,8,0,227,338,636,37ba77da030d23f9
09186600,8,0,391,100,636,38e567eb72a62c3e
0218a128,8,0,329,100,636,9cbaf9b53e43fa73
105a1028,8,0,249,294,636,b3f514e49536e1c8
04182684,8,0,377,256,636,c36a9918477a236d
1c018c40,8,0,210,294,636,423990e9f04da949
33281004,8,0,391,100,636,38e567eb72a62c3e
03aa8080,8,0,344,100,636,a1e44d55e65d5466
0b306002,8,0,391,100,636,38e567eb72a62c3e
11294240,8,0,245,338,636,765df367d357a816
28301038,8,0,210,294,636,4272bc225d7a41ef
24a02610,8,0,252,294,636,2d58b1f67f54e72d
0a524140,8,0,118,294,636,509dd955753d4384
00c84489,8,0,387,100,636,8e629ef800410846
01805384,8,0,271,294,636,fd7633226a3d4ac9
08d14c00,8,0,238,294,636,9c692785cb204cb9
110c9024,8,0,340,294,636,6dc581f36bcb264d
3012a003,8,0,325,294,636,9487958b3e19045f
35010121,8,0,165,294,636,66ac820bb571094c
1b066000,8,0,391,100,636,38e567eb72a62c3e
04466500,8,0,308,256,636,b29ae5124976b32b
09194280,8,0,323,294,636,932e4a18958eb0ca
0b960010,8,0,295,256,636,6d1464b3010e1d1e
0dd04004,8,0,391,100,636,38e567eb72a62c3e
08161304,8,0,188,294,636,ae3f4b8ed81f873
20944064,8,0,293,294,636,b519fcd4f9bd37fa
00322407,8,0,197,294,636,552a1f4a0513bbdf
05262082,8,0,391,100,636,38e567eb72a62c3e
07500902,8,0,378,100,636,66bd613de557833e
26448808,8,0,388,100,636,a407e31c18d15fd9
1144480a,8,0,349,294,636,647e805ec1822fe
19209022,8,0,139,338,636,a89ab93c350832d5
2401d880,8,0,314,294,636,7a2914d75bb75f71
0b410109,8,0,142,338,636,f4292daa1bda0873
21a84024,8,0,388,100,636,373d910ad438dc97
1c480c80,8,0,320,294,636,a9d295b36c03afe3
0544208a,8,0,390,100,636,a82fc0ea99993799
0f20040c,8,0,391,100,636,38e567eb72a62c3e
2161040a,8,0,346,100,636,77da8c8584e43ff2
10b0402c,8,0,340,100,636,868daeeab48659d9
20905610,8,0,377,100,636,a49f267740dfd92d
14881608,8,0,388,100,636,eef811309b7d1c14
07804098,8,0,333,294,636,9d9c0b447918cf22
01105416,8,0,348,100,636,860ecad5b5875509
050944c0,8,0,379,100,636,b507917316ab448b
10856500,8,0,381,100,636,d9d5a8ca7154c3ca
13484600,8,0,391,100,636,38e567eb72a62c3e
0840d203,8,0,189,294,636,4b30e9c7cdea4e98
00186a03,8,0,260,294,636,2b705a81d679775b
1c80400e,8,0,354,294,636,77c05e06de757c25
20c34081,8,0,196,294,636,ec6402c961b0631f
22b08048,8,0,313,100,636,7b9aad960588ec73
01580d04,8,0,113,338,636,10311deb9600c894
006051c1,8,0,184,294,636,2b51945573642a8e
25044910,8,0,139,294,636,eed2efa55f2a3b82
2b090c00,8,0,391,100,636,38e567eb72a62c3e
32102304,8,0,110,306,635,1de05ceeae375527
2c020065,8,0,76,294,636,15ec9b1f6692f62e
15001286,8,0,357,294,636,f8d787d6dfc1aa7d
205c3800,8,0,390,100,636,71c1f1a7f9a96e4f
088814c4,8,0,69,338,636,402cc0138088dfc6
2431001c,8,0,263,294,636,9996a277925972f0
2e074000,8,0,377,100,636,9c3d70683c70ef02
24212380,8,0,372,294,636,33f973bb2d159fc5
1080d025,8,0,205,294,636,4ee5e7734d114a1e
04223308,8,0,387,256,636,88b0cc7d3d46151f
10261604,8,0,333,100,636,96fcb8bed1e3ec6b
01ac4028,8,0,219,338,636,9137506a8152e4b8
02a01618,8,0,360,100,636,449fc1bc5e7d0a37
0c20808d,8,0,223,294,636,f5f6ed00de8cc921
1410a0c4,8,0,289,294,636,16cc6e2e7cc0023e
304a1088,8,0,300,294,636,6eb816afb189fb6a
12981220,8,0,206,294,636,f87a3d990fcad9c9
32e40400,8,0,384,100,636,a3bf70af2a18543a
31126200,8,0,391,100,636,38e567eb72a62c3e
21419084,8,0,171,338,636,b2eee6abf1a4c0ca
050c1c01,8,0,387,100,636,3682ae71e1dc1161
28670200,8,0,194,294,636,c0f654e2fda6ce83
08842c81,8,0,302,256,636,3b190995a290bb66
00826588,8,0,382,100,636,4247e32061c72287
04599001,8,0,391,100,636,38e567eb72a62c3e
14051094,8,0,343,294,636,b73967fc26938488
0c994010,8,0,348,294,636,bd41bf1f470d8d32
014e4402,8,0,278,294,636,d77dba0133f56869
10b42440,8,0,373,100,636,f682c6e038b3db98
232010e0,8,0,267,100,636,2b716bcd62ca866c
02551420,8,0,154,294,636,990b083778fee80a
3820e010,8,0,212,294,636,5b6dcf256d0b00ff
28689020,8,0,283,294,636,c5fd505016c762b4
10a26060,8,0,68,338,636,6cf556d30e1a5648
09280518,8,0,212,338,636,b4de350a1ce434e4
01448641,8,0,339,100,636,f844ac2faa13a2e0
0eb00a00,8,0,376,100,636,87716c649b5f0b6b
06268300,8,0,202,100,636,7e4d2ee9b9b4743c
0a2a8088,8,0,388,100,636,f0ece22d31579903
1480401d,8,0,356,294,636,2e6df0c9559c6a85
01381160,8,0,360,100,636,b02e46a436758761
19840308,8,0,319,294,636,b2bf639119d54bf6
13511400,8,0,391,100,636,38e567eb72a62c3e
200a2a0a,8,0,288,294,636,5dda33b704f03cd4
29826008,8,0,388,256,636,b6c328a419a9d9b4
0d220052,8,0,218,294,636,7be65a00812969ca
094a0250,8,0,182,338,636,c28753522eb18384
07898400,8,0,391,100,636,38e567eb72a62c3e
04835804,8,0,266,294,636,1b53197e5ba75f35
0b0b1040,8,0,152,294,636,696836ccae0c4d25
2c160044,8,0,310,256,636,60df67f25e967e4b
08e06810,8,0,287,294,636,a131eadfdf8777d8
1a454008,8,0,357,256,636,e2b16b38e383895b
05424038,8,0,197,294,636,d0ec4cba20cef7c0
05501812,8,0,390,100,636,71c1f1a7f9a96e4f
10445320,8,0,177,294,636,8d556aa0ddf494a4
2a025280,8,0,363,256,636,67189769677cf4de
05c20086,8,0,205,294,636,1b6229272cdc9ab4
0c50804c,8,0,113,294,636,901120511d6602fc
110026d0,8,0,267,294,636,6f4f5092b8e382d5
18844128,8,0,339,294,636,49ee2e4c19feaabd
23300442,8,0,391,100,636,38e567eb72a62c3e
280b2810,8,0,216,294,636,3843cfd89caed126
2400b250,8,0,244,294,636,f1152b095c02bf67
026c4420,8,0,189,294,636,6a365f5d35db0a3
0050a603,8,0,271,294,636,22b9677bb34f1080
10452025,8,0,245,294,636,36a8940533583dd3
19c41004,8,0,370,256,636,3485619840e9a0cd
3a002301,8,0,99,306,635,11ff02327206590a
310410c4,8,0,313,294,636,3732904db46a4d70
0212a881,8,0,387,100,636,9220baf89c5093cb
018026a8,8,0,317,294,636,999db47c54c0068a
2040d441,8,0,319,100,636,2202f46a4dde8da7
06025520,8,0,265,100,636,65d1b96cb0a3ae9b
20087a04,8,0,371,294,636,cac157448d13ba11
20843098,8,0,169,294,636,47b1378c4086d225
1a04a108,8,0,372,100,636,91412925321df567
200436c0,8,0,304,294,636,e1a9ba38e192962f
248c0604,8,0,389,100,636,e1e9bf5ef1ddaf63
18b04410,8,0,271,294,636,436fbd91bbfd09ce
25c20500,8,0,348,100,636,f17b43207fcbbd42
08c02093,8,0,175,294,636,3845dfeeaf8de270
3007a010,8,0,171,294,636,cfe5689316275d80
0aa0500c,8,0,382,100,636,d6970b433bc435e5
0a582204,8,0,312,294,636,1b8dfaca21ad4c73
1860e008,8,0,343,294,636,b8a30d16ab6d61d3
15004216,8,0,330,294,636,4fc06a9f485158bf
0c3c8100,8,0,376,100,636,16451b531ef78d3d
06406242,8,0,298,294,636,cf69f9c43b49a4aa
2808d012,8,0,317,294,636,923f57e1e9018fa
22846401,8,0,391,100,636,38e567eb72a62c3e
00c0e098,8,0,295,294,636,846fbaefbdf4f9fa
00903a81,8,0,346,256,636,b3a1e411fdf59f1e
18061212,8,0,208,294,636,c441ba2fb83d2b9a
04005a0b,8,0,353,294,636,a313f7b02e8705d6
1b020b00,8,0,109,338,636,e7787be6bd3563ed
0418c902,8,0,294,294,636,1a21e128052bb280
01c8c048,8,0,344,100,636,e8985c8fe3e3f3a7
08b02428,8,0,204,294,636,85295b0bbcf622d4
192a0808,8,0,367,256,636,a8356e5ed9494911
01580894,8,0,124,294,636,de63257e3453c39c
2d80004c,8,0,192,294,636,b7f67f33b1b8e90
01698088,8,0,237,294,636,e2d17ac46e9a8688
14186180,8,0,387,100,636,fa479ab16cd25f3e
14078402,8,0,258,294,636,26f36163f467aace
0810dc08,8,0,353,100,636,18e407373367ad06
30d48008,8,0,391,100,636,38e567eb72a62c3e
11c60104,8,0,222,294,636,8982dc318177a332
21826c00,8,0,371,100,636,bd841f74a6260ac
212b2400,8,0,390,100,636,cef40e628b913b4
04302388,8,0,337,294,636,42cdc546322f6885
12300d02,8,0,214,100,636,4eaa15c792cdf1dd
2492100a,8,0,380,100,636,e86303400df7afb0
04a4a208,8,0,325,294,636,d94eaa1818d78a0e
1c300124,8,0,248,294,636,b8265c28ea9e0b4a
03c22030,8,0,91,338,636,b8696789ca194657
11804185,8,0,230,294,636,c96b87f6148213e
1500540a,8,0,391,100,636,38e567eb72a62c3e
030a2098,8,0,384,100,636,ae50571b8e0ec6ca
089c1101,8,0,217,294,636,2aa0120d6bb825e4
28930600,8,0,310,294,636,1d2f87defe33a4a8
055c2002,8,0,391,100,636,38e567eb72a62c3e
00962e00,8,0,195,294,636,ce61d29ccfc049b6
0a821c20,8,0,174,338,636,a76dc13002cc413d
04456808,8,0,386,256,636,9a3d11583ee846ec
01d20811,8,0,258,294,636,8c5a2846a020e4b6
2220a007,8,0,280,100,636,5a3bae484b62ba79
21442148,8,0,136,306,635,5842f826d2f178a0
31908201,8,0,389,100,636,eae18bf97d0e35ba
320c4090,8,0,369,100,636,1b9f7de0198138c3
16083003,8,0,389,100,636,3827863add27201e
3121200a,8,0,244,338,636,ef8b5666be9e7921
29444011,8,0,305,294,636,b877da59b0024d5c
1040a5c0,8,0,90,306,635,72c49f30eeb29fd4
05023112,8,0,234,294,636,18768d1851dacddd
08421438,8,0,81,338,636,3356bb94579460db
300cc018,8,0,362,100,636,6c9df4b788c9cf73
20026429,8,0,358,100,636,da94dd1a43a90e53
08512c40,8,0,173,294,636,fed04d5801ee02b9
010e5808,8,0,271,294,636,dc32d5a9cb93293
00695402,8,0,312,294,636,9ac18469fbb074de
20826091,8,0,358,256,636,abfc1c1bdd7ff0f1
0170a480,8,0,391,100,636,38e567eb72a62c3e
0a8a0c20,8,0,170,294,636,d9fb60d60b0495df
211044b0,8,0,231,294,636,7d1aabe9751570b6
1a248408,8,0,378,100,636,d5be7e983334804f
04418898,8,0,224,294,636,e2a0c064cf2c2248
124c4005,8,0,357,294,636,eeb6c000f1e7320c
2b4c0200,8,0,380,100,636,4927cc837b1303d8
0680ca80,8,0,289,294,636,fbe1ff4698f2efe2
00f06280,8,0,391,100,636,38e567eb72a62c3e
1140a025,8,0,270,294,636,8fbf75ad8e0b98f8
0a083221,8,0,154,338,636,913ca55a66a2bb75
03200c91,8,0,325,256,636,e34d3f44fd0d0fe8
0424130c,8,0,311,294,636,b4b2ef97ddec231
21200709,8,0,362,100,636,64073de6eaac9c7c
010c4381,8,0,278,294,636,396bc2ece69765da
02c17100,8,0,361,294,636,e4e83c7930340e13
1a003224,8,0,119,306,635,f4e23e6108ed12c2
048e4030,8,0,234,294,636,1e942e63d31901b
350d0080,8,0,391,100,636,38e567eb72a62c3e
09d08101,8,0,374,100,636,9bad22137d4713dc
05a22420,8,0,343,256,636,861f22d22c361a1f
0d083104,8,0,380,294,636,462e00438d287ed5
21a03801,8,0,273,338,636,1bb2d5f1c86b3c2f
1300a80a,8,0,320,294,636,5a624ad060a9f1e1
13660020,8,0,320,256,636,36e7501c8d7f061c
0a30c003,8,0,390,100,636,4a3445d7f92e7ba3
1a462002,8,0,390,100,636,a82fc0ea99993799
34061210,8,0,354,294,636,3d31ce7a08f8ef01
0d060046,8,0,222,294,636,f3a94fbe05dd4257
37044002,8,0,391,100,636,38e567eb72a62c3e
00d23402,8,0,354,294,636,34e3dd129dfbcb01
0a708021,8,0,374,100,636,1975d094eee71a08
08189c10,8,0,84,294,636,1f24377daf260614
0c189012,8,0,326,294,636,f2f04b0056102189
24211821,8,0,260,294,636,dfb4a98e31da9f33
36920008,8,0,390,100,636,4a3445d7f92e7ba3
09d20820,8,0,179,294,636,30889fbe885638b4
31282021,8,0,360,294,636,3132851ef26bfe62
00982426,8,0,221,294,636,e893465c4de4e8aa
09d00288,8,0,140,338,636,aed6f89803b7f7d6
0c00c438,8,0,82,294,636,fcac52366b6cc847
0450003b,8,0,201,294,636,c299fe454e484b63
120af000,8,0,385,100,636,44ec807e79caf4fc
28820581,8,0,289,256,636,ee3201358ba4db6f
0ec28004,8,0,282,256,636,c4cdd37f635bcd8f
12c62800,8,0,352,100,636,eaaa09666390e81e
1804024b,8,0,196,294,636,dec4a2cb5b8bf552
24054061,8,0,163,294,636,9904e960d364c76f
08469014,8,0,60,294,636,ac42fbe0c08318ef
29e01200,8,0,343,338,636,a24ff1923a72cd3f
32801422,8,0,310,100,636,1e6895761055c9a0
06808438,8,0,124,338,636,8a1ea63dcd031c9b
1c006160,8,0,196,294,636,892ba19e66646ea5
10486203,8,0,350,294,636,a663f20199b4d17d
06c60208,8,0,230,294,636,d60642366c05fbb
01aca010,8,0,338,100,636,1b87403fd72a5216
249a2080,8,0,391,100,636,38e567eb72a62c3e
280c1209,8,0,386,100,636,db3183014f6675e1
24099410,8,0,360,100,636,e0f14df6c20311a
095a5000,8,0,391,100,636,38e567eb72a62c3e
31081418,8,0,383,100,636,7428b970a1bbb3e9
0010530d,8,0,204,294,636,80d7ac7399280b10
00d0c80a,8,0,247,294,636,aff5962cfd67bdf0
22120413,8,0,250,100,636,8472e0d6c10942c4
10844710,8,0,184,294,636,6587c3c47f18bfef
01432a04,8,0,310,294,636,2b3366d2cf548ee9
00390603,8,0,164,294,636,825140f82cdd5c0e
0c888502,8,0,239,294,636,ae56e68b41d9c831
06540038,8,0,146,294,636,e724d83dff318bb7
1450c420,8,0,355,100,636,b4fc515a7a9d8676
0444c850,8,0,114,294,636,9b77137f9b3eb942
0e301c00,8,0,391,100,636,38e567eb72a62c3e
14901418,8,0,388,100,636,91a8acb1b47f484
2a252200,8,0,254,294,636,72d0cec30be4b91c
12101e10,8,0,256,294,636,1fad35854f9be72b
282b1002,8,0,340,294,636,b3f117a73aee3966
19a02108,8,0,229,338,636,334948d72c71ee39
01504c21,8,0,351,294,636,b3261691513a1448
08223412,8,0,316,294,636,c9e764f175afcc
14e42002,8,0,391,100,636,38e567eb72a62c3e
0ce02011,8,0,229,294,636,ee2018627514cc77
05800c0d,8,0,368,256,636,c1ac7c078db95d7a
088024e8,8,0,45,332,632,c88a5718423d06f8
024122c1,8,0,267,294,636,16d2096219e346c
01c3a001,8,0,344,256,636,de32b415b4d084c
0c084909,8,0,288,294,636,418e1500129e33f5
29009411,8,0,169,294,636,afbc708511b154fd
21423220,8,0,383,256,636,3b6ed53e14aa2627
00691a08,8,0,210,338,636,cdb0f7f84ded0431
08982a01,8,0,250,338,636,3b4a47c82ace0dc0
2e012084,8,0,336,294,636,dd2d7ed73c9a75cb
01d94002,8,0,380,100,636,e9a2c2866847a8c6
095008a1,8,0,337,294,636,85b63e7e131e76a0
0b122401,8,0,391,100,636,38e567eb72a62c3e
32144090,8,0,359,100,636,4ca30f693524b1ec
2d006090,8,0,390,100,636,b42db3eb0915969a
04143230,8,0,321,294,636,41267471c1dd120a
22216202,8,0,333,294,636,e0aa928d8eb73ffc
2c00920c,8,0,304,294,636,92810d71da7e5f91
0c805640,8,0,390,100,636,b42db3eb0915969a
0808e086,8,0,298,294,636,3a4ee3bd8e8eeeaf
13884220,8,0,338,100,636,5c5edc273f8494b0
104c1450,8,0,205,294,636,4ff27242b4597b09
06042341,8,0,114,294,636,8d4945c944227abd
0800d443,8,0,158,294,636,8848b903637fde6d
03046016,8,0,366,100,636,c87f3074c92401c4
0e1040d0,8,0,240,294,636,34cff82d3195d3d
11444814,8,0,341,294,636,af4dfd2196701c73
2a2210c0,8,0,366,100,636,a7d0533641762bdf
030884a1,8,0,365,100,636,1d40268a20350030
1c803009,8,0,390,256,636,a89b65a66a915444
14c50808,8,0,389,100,636,8fd75a00721c43cb
06403023,8,0,264,294,636,d5035cf9cb75f703
04818289,8,0,386,100,636,83d9b548271d96a2
14a90840,8,0,76,338,636,924661dca9c2e959
05010487,8,0,229,294,636,bf3beccd089f5ec5
11e0c040,8,0,386,100,636,3a93dec608ded6ba
11b60010,8,0,333,256,636,6c27e938f78effd9
1405b400,8,0,391,100,636,38e567eb72a62c3e
30301051,8,0,314,294,636,db2e02832fd4dee9
2b01a400,8,0,380,100,636,8862dc1d2c49e386
34421005,8,0,304,294,636,a9aa8eafed12e124
240c1806,8,0,350,100,636,75d1db3d7021b0a1
088e4084,8,0,356,256,636,9b5f9f6f082c6c97
0b083c00,8,0,391,100,636,38e567eb72a62c3e
044d1022,8,0,303,294,636,1e99403ad2d19f50
0052340c,8,0,378,294,636,7575b39646b9e85f
2050b600,8,0,390,100,636,71c1f1a7f9a96e4f
01881cc0,8,0,252,294,636,86f0f76e49bdc310
046a0188,8,0,217,294,636,6b5ea119e9440e23
21548240,8,0,301,100,636,c47ab9574c9bfcbd
07160804,8,0,389,100,636,7bd0a13846ce1f84
080224e8,8,0,275,294,636,4f171db9fe13e4aa
003c1250,8,0,331,100,636,304f9200ace461ad
34a02108,8,0,360,294,636,dd36c877d9d8ae67
2a340401,8,0,383,100,636,abce4f35619e9123
04680909,8,0,283,294,636,d2152e9e1ea60d1c
05842409,8,0,391,100,636,38e567eb72a62c3e
06e40021,8,0,220,294,636,bff933faf78f5c14
09282051,8,0,195,338,636,68192167852af255
04201869,8,0,371,100,636,336bc3f488543f1
0e404901,8,0,216,294,636,dc8abeb20e543d8a
00b94600,8,0,356,294,636,3c3e4c582b4784b1
0480109b,8,0,331,294,636,74da95bec066baf6
0f000183,8,0,205,294,636,28f91e9a457e438d
0a00c123,8,0,133,294,636,58a2e73c275a0a4a
02c90610,8,0,82,338,636,484f6adc177f3d13
04951005,8,0,342,294,636,5f3dc88ff7474259
06058811,8,0,247,294,636,58b14f50799dcf1e
0cc18082,8,0,254,294,636,589623afb9efbfab
01341214,8,0,371,100,636,fd7090c3ac64355
3c408c00,8,0,336,294,636,424ff219f7084cd2
02308921,8,0,317,100,636,60e581abcf04d6ef
3800c4c0,8,0,320,294,636,960f1e2d9e2e0f9f
06508160,8,0,230,100,636,38c51cac92f25ca0
08581418,8,0,306,294,636,c3d73ec99cdc8259
04e18804,8,0,108,294,636,2854b87fc3187d2a
3010a105,8,0,120,294,636,26c6802af4b6f26f
200e2490,8,0,389,100,636,479e19fc3200d56f
0624001b,8,0,371,100,636,53484c79fbe17624
2b910010,8,0,48,338,636,d4ea1ddc42294fc5
03504848,8,0,329,100,636,9289163d6c525d4b
08a2a042,8,0,123,338,636,56a2b29b6e379d54
07035002,8,0,383,100,636,243be18801917b24
0f204802,8,0,384,100,636,22f02f496dd52a2e
36600280,8,0,328,294,636,a28ec3dc29748c63
31940014,8,0,335,294,636,7abde7169b980940
31c08804,8,0,85,338,636,d80fcc9681c2bafb
04194442,8,0,299,294,636,a8bdd1bb4be7e107
113c0220,8,0,391,100,636,38e567eb72a62c3e
105a2006,8,0,295,294,636,f042d0d8e913dd60
20511803,8,0,221,294,636,39ec59d811e170b4
24c44108,8,0,391,100,636,38e567eb72a62c3e
28180483,8,0,373,100,636,bf5678c40de940ee
08199041,8,0,99,294,636,be5915486866f013
260c8201,8,0,389,100,636,e1e9bf5ef1ddaf63
260c2090,8,0,390,100,636,4a3445d7f92e7ba3
002a1425,8,0,169,294,636,6a3af6f1658bd8ce
00403097,8,0,292,294,636,bee19f90a2d74c9f
0ac46100,8,0,374,100,636,656ed0c6518bbed7
06104862,8,0,140,294,636,1565263357a13269
0c04cc02,8,0,172,294,636,87a4086edb5a9dbb
02a12403,8,0,169,338,636,8ead6c361ae90cf7
1c049024,8,0,328,294,636,ec0d8e3049773366
0c420238,8,0,179,294,636,8dac3add3a466b1c
04122618,8,0,354,256,636,75a609ee03bf7a1a
0103a091,8,0,252,294,636,e703cd795293c261
0c0144c8,8,0,320,294,636,85d0f31a179517a4
2100a1a4,8,0,247,294,636,691612d59e59473d
2842a009,8,0,382,100,636,f3cf57d43bc6c66a
25448404,8,0,380,100,636,59e0c65fd87476af
06051281,8,0,381,100,636,bd0173f00f339c8f
0c4d1100,8,0,344,294,636,4761bd9902012166
0c6408c0,8,0,212,294,636,fec855deb198691f
0a30500c,8,0,391,100,636,38e567eb72a62c3e
20c02c88,8,0,360,294,636,4b5b278530e32775
22884284,8,0,369,294,636,b218f8cca2f5ff2f
0880a548,8,0,101,338,636,14aa83e1104b1a44
080cd300,8,0,105,338,636,93287bbc21a6a597
018c8421,8,0,225,100,636,a14189d234cab95d
007040c9,8,0,328,294,636,2dfcc5754ffb9145
0e740002,8,0,380,100,636,b29a89d1ce4ced13
16068408,8,0,391,100,636,38e567eb72a62c3e
24e08101,8,0,240,294,636,41ca7599877a8bea
10654110,8,0,102,294,636,ff03d270776ea4ad
28c02421,8,0,109,338,636,d669eb3eaa43834e
20482682,8,0,391,100,636,38e567eb72a62c3e
06105103,8,0,381,100,636,1200ed338f9c4bf2
21b8c000,8,0,391,100,636,38e567eb72a62c3e
15328400,8,0,391,100,636,38e567eb72a62c3e
02a2d004,8,0,353,100,636,38565a6fedf1234
31862100,8,0,352,256,636,4a48b78a988c3f4f
06094890,8,0,215,294,636,f63958de36adac3e
0c20c043,8,0,243,294,636,bd9534bdeac6cc37
3a080a08,8,0,298,294,636,e05f7ecba985f537
1e440024,8,0,302,294,636,fe92a1602f03461d
0c00d604,8,0,297,294,636,603d7c77619697a6
30281430,8,0,249,294,636,18d7431a09a8fc76
054100d4,8,0,194,294,636,8fa5c85f1063fa78
18245820,8,0,322,294,636,3caacb749817a81a
0456001c,8,0,213,294,636,88259321e5bc5329
002d6005,8,0,274,294,636,296d9de9e4d336ca
03095082,8,0,311,100,636,4aa26f80647fe579
0b106801,8,0,388,100,636,af8b6272a94cd0a6
11312028,8,0,231,294,636,cc2a02e68c84cce6
05021b80,8,0,249,294,636,5cbc47cfed7ac944
23c50200,8,0,329,100,636,9ccb49ce77d68fbf
26810488,8,0,391,100,636,38e567eb72a62c3e
25291002,8,0,391,100,636,38e567eb72a62c3e
04822268,8,0,56,282,632,81bdd3cc6db4b60e
28942021,8,0,139,294,636,a6bcba057e8162ea
26282220,8,0,380,100,636,de78886f67876dc8
202c5280,8,0,372,100,636,46b56c46ddc5d318
11ac0202,8,0,377,100,636,a54d2656aa6d8f62
0089d204,8,0,239,338,636,bbc4f4b904a592dd
08804c8a,8,0,133,294,636,6fcc1d427009c980
17122020,8,0,389,100,636,f479fd61a77724b5
2141e040,8,0,316,294,636,40d3e7c44413ea21
05104868,8,0,317,294,636,ca024c677e8a095f
01a04681,8,0,379,100,636,3e8b123f4e8f54c3
0ca08418,8,0,215,294,636,7d9dd8f679dd7834
05a004c8,8,0,388,100,636,4bcb2ce98a03df35
0ac68800,8,0,270,256,636,143a34cc37beace3
01303015,8,0,391,100,636,38e567eb72a62c3e
08222a88,8,0,356,256,636,8f5fa27065fa1f3f
22890c40,8,0,269,338,636,d0b0a03ee33799c9
101850a4,8,0,335,294,636,ada9fc522d5f1441
0c3a4008,8,0,391,100,636,38e567eb72a62c3e
23011282,8,0,292,294,636,19f229f1a73acbab
38109a00,8,0,288,294,636,50507812beab59dd
084c4890,8,0,171,294,636,6a13f84fc5387793
03229102,8,0,295,100,636,6708843a1d2bdd74
24059009,8,0,391,100,636,38e567eb72a62c3e
2e8c0004,8,0,375,100,636,b1dc42a9226e533c
042112a4,8,0,365,294,636,f83b4ba22bc22ec0
04980e08,8,0,390,100,636,350936e7b1701184
10d00189,8,0,301,256,636,783e4c5e6d60d087
00c02586,8,0,48,366,632,550a2e687d489e02
244414c0,8,0,332,100,636,69b17575b762c253
0300780a,8,0,341,294,636,29439e5d5bad353c
21445021,8,0,333,294,636,7bce2150b52c434e
0d804c08,8,0,390,100,636,b42db3eb0915969a
01a03068,8,0,191,338,636,9c6d2bca79efe4e
080a00ae,8,0,144,294,636,7db59aa98fe5a2d0
0403c640,8,0,325,100,636,48a63cf71a078398
202a5408,8,0,391,100,636,38e567eb72a62c3e
140b4802,8,0,174,294,636,8914c728a20f4ce3
09101452,8,0,43,338,636,6d02259005cc7155
0a11a408,8,0,387,100,636,de56374e781ac5ac
09020645,8,0,115,294,636,f52aeb8b1114af5a
1c091120,8,0,206,294,636,cf88c5bc02364132
140a4d00,8,0,92,294,636,3a72ee6b5286d789
090c4007,8,0,336,294,636,35b27a9ecd4b2600
12a8800a,8,0,321,100,636,79e9189dc4f22c30
1882080b,8,0,335,256,636,9cc8f4735a4acce5
1b50000a,8,0,366,100,636,471c30b60fd9043f
060822a2,8,0,318,294,636,97295d3b93a03587
29441180,8,0,161,294,636,9c6f35a7623786f4
10203017,8,0,225,338,636,9388167f80ec8834
24500a42,8,0,139,294,636,52d2fc431074950d
3d0c0004,8,0,391,100,636,38e567eb72a62c3e
065a4020,8,0,321,294,636,d9e4daaad1f8499d
34600182,8,0,141,294,636,1bd5600760599580
10990680,8,0,277,294,636,311ccf521b8c1579
12241442,8,0,386,100,636,1222ee0507e3b977
14503201,8,0,391,100,636,38e567eb72a62c3e
0444a821,8,0,293,256,636,c25d9c8d7cc1b4e3
264240c0,8,0,235,294,636,aca438542200c4a6
1050160c,8,0,174,294,636,6fbf074321d44efe
02691005,8,0,311,294,636,3f15e10b6db3858
22006660,8,0,187,294,636,35ce205fd95e439c
25006a02,8,0,379,100,636,f477d1f0bbeb76aa
37280001,8,0,391,100,636,38e567eb72a62c3e
30c24208,8,0,287,338,636,9f9e0c31c1a56d60
0c0e8084,8,0,348,256,636,c63cc132a163db69
22306009,8,0,391,100,636,38e567eb72a62c3e
04b10608,8,0,391,100,636,38e567eb72a62c3e
21092448,8,0,383,100,636,259e789ab33c7e8f
22a02888,8,0,255,294,636,81d3bc6d4656dd22
20c04489,8,0,389,100,636,b13c22eafe3f674d
2018104e,8,0,299,294,636,86436fb823ebc561
35880401,8,0,391,100,636,38e567eb72a62c3e
018d1009,8,0,310,294,636,3b71c3019c1b39b
0a2c2500,8,0,295,294,636,a61fd41cbee7caec
03980450,8,0,380,100,636,69c9abb9ed1dccc4
0d026101,8,0,371,256,636,51da6fb3614e60d9
081a6810,8,0,317,294,636,f425cd3ce3e1e017
04980541,8,0,208,294,636,74b68b87128cd6dd
0c8a5010,8,0,378,294,636,cef47ebc57cb3d04
00653440,8,0,315,294,636,ecb0a144846cf612
0cc04c08,8,0,380,256,636,39981edb8c270355
080f080a,8,0,209,294,636,4f1f71dd910b6677
04089498,8,0,322,294,636,54f1a392a0fd5ac9
0d700480,8,0,391,100,636,38e567eb72a62c3e
01104c43,8,0,194,294,636,bc0bf37078b97c0c
22504e00,8,0,374,100,636,e9f225c8a471786d
0110a8a2,8,0,100,294,636,541955c4f20e0d1c
02492083,8,0,318,294,636,18467a2ee8ba2bea
3a062040,8,0,320,256,636,ac28f7c9a48a6508
05186012,8,0,391,100,636,38e567eb72a62c3e
2880422a,8,0,118,306,635,2dc365e3e7f569fa
3808c820,8,0,175,294,636,b8d52bae586b9de5
20384058,8,0,335,100,636,aad6ca2408bc0cdf
240c8812,8,0,312,100,636,504ec6fcc88014d0
0e942400,8,0,391,100,636,38e567eb72a62c3e
11135010,8,0,366,294,636,4f99fe5c342bf3fa
016ac100,8,0,213,338,636,2e155009fe95fce1
06c01481,8,0,389,100,636,5f89cbc1c38421b5
0e141090,8,0,358,100,636,bec33b1c0f20c9f4
014d6100,8,0,359,294,636,15d2808666abf022
29006124,8,0,225,294,636,10a8e8f6ac4efce8
01013883,8,0,283,294,636,953bef3853a30dae
34aa0200,8,0,334,294,636,cbaac0913da40c1f
144d1008,8,0,391,100,636,38e567eb72a62c3e
05802c03,8,0,355,256,636,8422e56801c8d3d7
18420292,8,0,37,294,636,7a9ca0a514487691
07925000,8,0,391,100,636,38e567eb72a62c3e
1a446400,8,0,363,100,636,4490657cd8c52db1
08235840,8,0,251,294,636,5c1d76aa1323e634
0146048c,8,0,234,294,636,297d13976d48c0fd
019a5040,8,0,390,100,636,31fe421dcc88c51b
201c1a20,8,0,182,338,636,b3c040127c8d498b
2080c225,8,0,129,338,636,800ecdff25f412e
049c0122,8,0,213,294,636,33b697fca568133e
10b0c480,8,0,366,100,636,973068ae48f2e9a8
2810508a,8,0,349,294,636,588197926a8a3bf8
0b2c8001,8,0,390,100,636,8d2fef6ae277dff2
17a10001,8,0,382,100,636,425f3039d10063d9
10053221,8,0,270,294,636,74c713eb677a7544
3ac42000,8,0,381,100,636,a7828f9b3edda83b
06844502,8,0,390,100,636,4a3445d7f92e7ba3
0a105422,8,0,262,100,636,5f022aaf40298b9e
000a7222,8,0,193,294,636,7753c2a79c933f2a
03902026,8,0,240,294,636,e1f59807d540826b
07142500,8,0,391,100,636,38e567eb72a62c3e
25412014,8,0,379,294,636,77dcbd83c66ba9b4
200a7028,8,0,372,100,636,81c46eae2135063
04e11060,8,0,375,100,636,c287dfef3fbba1a3
02c62420,8,0,230,256,636,3489706f8ebef38a
0e828012,8,0,262,294,636,6597b8236986dde2
2a918010,8,0,144,294,636,19ae2a0a8e586612
0484120b,8,0,376,294,636,4125fc52c97cd27
1c082150,8,0,56,282,632,6e4e57c306593591
0104a1a4,8,0,268,256,636,2740fa84a860483
1883c400,8,0,277,294,636,3c0ef4dc492373cf
09046144,8,0,190,294,636,52b427b2907e1a49
0189c00a,8,0,203,338,636,87d30fd039f41b39
0a4c9080,8,0,263,294,636,c748ab61ed477972
18702420,8,0,234,294,636,957db635a9e6dada
1208ac02,8,0,251,294,636,7341ed9d1971d60f
34902180,8,0,376,256,636,50c2db1a2ae6642e
01c0414c,8,0,176,338,636,885943b817eb93a0
08826920,8,0,144,294,636,2d7953e788a5bf24
1d808018,8,0,268,294,636,68a4cc34ffcfb083
20211688,8,0,367,100,636,2c62602091d931c9
0e30800a,8,0,389,100,636,7bd0a13846ce1f84
00652680,8,0,340,294,636,d2169dfeb7cfb91a
1a211220,8,0,202,294,636,d7fe1044fc9d8187
39401024,8,0,195,338,636,dd367c05987b6151
0264040d,8,0,337,100,636,29412d5986c86300
110624a0,8,0,375,100,636,63ce1f4630aca6c0
1222a204,8,0,128,372,636,422173cfa88e2c03
24403418,8,0,391,100,636,38e567eb72a62c3e
0052a203,8,0,319,256,636,5081bda3d5afed45
0ad80300,8,0,46,338,636,8f6f1df16c7b4ed4
1404a884,8,0,371,256,636,a25f361122f0728c
02807062,8,0,289,338,636,439dd0fe32f6e47e
00f42120,8,0,95,338,636,7b1cbf6096083aef
29c04082,8,0,352,294,636,6ee7848ac096ac92
08028e09,8,0,355,100,636,3c4cdac97854da4f
02b56000,8,0,389,100,636,393e1d1598325723
280a8224,8,0,121,338,636,d8eae1fe5ccee988
04c09409,8,0,390,100,636,4a3445d7f92e7ba3
30534010,8,0,226,294,636,becda6d48712d5c4
06043409,8,0,391,100,636,38e567eb72a62c3e
0d289004,8,0,391,100,636,38e567eb72a62c3e
0048b301,8,0,198,338,636,fa67c9b98810abbb
024422c8,8,0,160,338,636,e3906d7e36574079
18254014,8,0,134,294,636,808c0ad7d450746a
18314a00,8,0,138,294,636,169a119e9efc3ed6
02a01710,8,0,275,100,636,b5a8f1facc21996c
08894019,8,0,133,338,636,e82ea8523420198f
20a88089,8,0,336,294,636,dffa48683cad23d
2242c101,8,0,201,294,636,4743eef7b80e39fa
14288441,8,0,360,100,636,eef22ec7cf73b472
04c100d8,8,0,116,294,636,2ab8a844f3717088
3b0400a0,8,0,286,294,636,cbbcae41e8f3919a
08624206,8,0,90,294,636,5a2542f7948f4193
04013069,8,0,249,294,636,1cdc237c60bb6900
00321251,8,0,227,294,636,89d7457a20898770
08612484,8,0,146,306,635,8b720804393e8ed4
1406802c,8,0,230,294,636,7d2152a33cd4e2c8
0104208f,8,0,353,256,636,fe5f608982cf6cfd
18124083,8,0,344,256,636,3ec5156f48ecb9fa
042c110c,8,0,376,100,636,f808fac03a6b3de3
1c50002a,8,0,234,294,636,2bdd3becfb7b22a3
14421501,8,0,158,294,636,b1ba555ce3df861b
2c100544,8,0,50,294,636,fe326647656578c4
100e2828,8,0,225,294,636,5c9ecfa9fd3f7a00
0886b001,8,0,313,256,636,2f771322619458c3
2c283001,8,0,391,100,636,38e567eb72a62c3e
04423092,8,0,370,256,636,85f94b566b6d2c92
01549041,8,0,391,100,636,38e567eb72a62c3e
010c7101,8,0,381,100,636,1553673628bce376
214c8101,8,0,347,100,636,35c5eb0f9fe22a77
0e128404,8,0,390,100,636,4a3445d7f92e7ba3
14303082,8,0,391,100,636,38e567eb72a62c3e
19402064,8,0,190,306,635,447dcc00a8b6e8b4
0e232400,8,0,391,100,636,38e567eb72a62c3e
2d040c01,8,0,371,100,636,1fa7b8450e97be8d
14b80042,8,0,382,100,636,6651060273b5bd1a
0119300c,8,0,385,294,636,8482c56e1a95f697
240c21a0,8,0,371,294,636,6fd4daca5382e7e6
0a228418,8,0,372,100,636,cb66e244b5c7c79c
040c2306,8,0,232,294,636,94e97f0324ca6098
05466001,8,0,389,100,636,97aa207b6b87fdfa
14250094,8,0,252,294,636,48b93dcdf1c94b68
28104462,8,0,49,294,636,d1dc1b19fe471561
11148031,8,0,368,256,636,afc364cd0bb3afcd
18c04224,8,0,63,366,632,970769e05241220f
15640600,8,0,391,100,636,38e567eb72a62c3e
01546480,8,0,391,100,636,38e567eb72a62c3e
0004301f,8,0,308,294,636,c3879f6f0d36b42b
21062610,8,0,324,294,636,655cb0e7ca09967b
2e100b00,8,0,319,294,636,57a6fc2c3ae87277
0e602500,8,0,370,256,636,e5eafedddb9e5996
1500a130,8,0,189,294,636,12df57fca2cfac21
18222680,8,0,357,256,636,1762f3492ab79c3b
2a00a8a0,8,0,139,338,636,dc55d073fe2d44c2
2f010030,8,0,160,294,636,af2b02cc4e84c55d
20889301,8,0,254,338,636,a1604eee47f5951b
010c6241,8,0,379,100,636,c8713efecc1332a8
02304528,8,0,304,100,636,69ade56ad7760273
24a1001a,8,0,247,294,636,db36e92b9e992579
0c445102,8,0,289,294,636,d3f41f3b1457f47c
28085403,8,0,347,100,636,74eb1e90ddc20d36
2014a441,8,0,377,100,636,3cb61b05ccefbd04
02a8a011,8,0,201,338,636,869dcefefc42e285
14690012,8,0,314,294,636,c0532ae0d31f8bcf
01381284,8,0,389,100,636,be4d1e4b6528eb62
2119c040,8,0,358,100,636,a5e865d531a77a0c
200aa049,8,0,345,100,636,212478e385cd4da1
0d2e0040,8,0,379,256,636,fc0ea0fa12fe8e8a
05806130,8,0,343,294,636,dcf8eed14f2a271
210a2504,8,0,370,100,636,84be37918d1b1c89
28046094,8,0,284,294,636,849388fa548a8552
1054c081,8,0,391,100,636,38e567eb72a62c3e
01135041,8,0,312,294,636,b018b045bb874ead
07014428,8,0,388,100,636,61718253b20a19c0
093a0108,8,0,386,256,636,24ec80bf53a091e1
0a842809,8,0,222,294,636,5f3b8734e2d415d8
02361220,8,0,318,100,636,80a9da973aa90731
12314102,8,0,203,294,636,98c6dda588e7784c
00309603,8,0,367,100,636,ce62a900b5c8c1f7
04680087,8,0,244,294,636,b95328ba43042c46
10503c08,8,0,379,294,636,95046d055c1f1de0
2a386000,8,0,391,100,636,38e567eb72a62c3e
109c2021,8,0,356,294,636,faec3385cdc244cd
02a1b080,8,0,374,100,636,4ff9887ffbcc08e1
01416282,8,0,390,100,636,59a1f35fb16627ab
00b8c044,8,0,303,294,636,f0d23a8909a968c5
04a82250,8,0,150,338,636,787f3e27ea8128de
1132008a,8,0,324,294,636,c43e4e4b876fd403
05a010b0,8,0,328,294,636,70748f71f62096f9
0141e420,8,0,241,294,636,798ec1d2f410186a
0c81100e,8,0,238,294,636,c4318eed9b5bcf9c
09e22800,8,0,360,256,636,7cd451291f89d2eb
0901260a,8,0,151,338,636,9452e13f959c7755
00182386,8,0,94,294,636,619b8e95dfabda5e
244d00c0,8,0,364,294,636,cdf871a87122125d
14022606,8,0,169,294,636,e2a7f0f635e9e426
00b9a010,8,0,103,338,636,c23d896d932cbde2
09146140,8,0,286,294,636,65c4b7d52ee35e86
01a01740,8,0,372,100,636,db659cee2589ca6c
082c0a88,8,0,143,294,636,f8c00f8068dc7c35
2a043401,8,0,356,100,636,6ff15ccdb1b1adaa
0c305108,8,0,391,100,636,38e567eb72a62c3e
08816888,8,0,244,294,636,44f056bfc3216648
01180c13,8,0,153,294,636,5042ef8a42d704e8
03520508,8,0,390,100,636,4a3445d7f92e7ba3
008ae030,8,0,117,338,636,b8dffe3b43f770b4
041c8409,8,0,391,100,636,38e567eb72a62c3e
06130b00,8,0,282,294,636,7e67092d953037b9
02f06400,8,0,391,100,636,38e567eb72a62c3e
1018b880,8,0,367,294,636,a1aecc9ae44106d7
0508103c,8,0,239,294,636,7aa84c5931999ce1
04b004a1,8,0,230,294,636,8a6835cd602f71e8
30421409,8,0,363,100,636,d5d3785e445b5123
15014380,8,0,367,294,636,26284c5911fc9ae8
05041194,8,0,195,294,636,6b4cfb621936f611
06003243,8,0,260,294,636,eaefd3d3b6ca6022
21403908,8,0,210,338,636,4e53022d492589e1
220b1600,8,0,371,100,636,1d2e710a8c675cce
00711884,8,0,131,294,636,bdeb26a4c5ec2ba7
0a148228,8,0,182,294,636,6009a2a4569f2e82
03328009,8,0,391,100,636,38e567eb72a62c3e
019d0003,8,0,341,294,636,2be4fe59b789d225
25080a0c,8,0,367,100,636,507c4ab0b42b16c2
10342842,8,0,185,294,636,77e6aac56b928f78
06809406,8,0,383,100,636,e3e21691a50c0b28
34c40880,8,0,354,256,636,c5b045bc3965a43d
05410816,8,0,226,294,636,9c563fa4c733c74a
3032400a,8,0,365,100,636,6b22a72e03dc27b3
00c94049,8,0,204,338,636,3ba40585603d8b8b
008a308c,8,0,327,294,636,d14d1b5e02f7ccd6
189042c0,8,0,276,294,636,d559d31c1b7f270b
07841204,8,0,390,100,636,4a3445d7f92e7ba3
120e4801,8,0,275,294,636,f1181a3cb34419c9
21b02101,8,0,381,100,636,de4a980f895b1ebf
1880c0c2,8,0,222,294,636,1f993396be79acae
13094480,8,0,387,100,636,553ee10197626482
14c06088,8,0,391,100,636,38e567eb72a62c3e
03850482,8,0,306,100,636,5ef828547f5e6909
2501040d,8,0,391,100,636,38e567eb72a62c3e
30145050,8,0,380,100,636,8b7fd217e7c90910
11501144,8,0,196,294,636,294ee4b2da216963
040450b8,8,0,212,294,636,9ed6551730b28333
20207061,8,0,299,294,636,bc6d49a5b7004a3a
08508059,8,0,86,294,636,94885ab9a4852e01
25130880,8,0,385,100,636,7a39d19d0b12e41b
31802604,8,0,343,294,636,9f7865ffde44d11b
1030a10a,8,0,132,338,636,bd693672843f638e
0210f084,8,0,389,100,636,87f8f251402990da
08031c18,8,0,136,294,636,7700700358f8aff7
38a04208,8,0,264,338,636,88144eb6e00fdaf
2a308081,8,0,384,100,636,2eac569fb6f6a3b1
04988182,8,0,284,294,636,be4477d80aee69e4
31c08202,8,0,289,338,636,297057063b610f53
11c66000,8,0,391,100,636,38e567eb72a62c3e
28a65000,8,0,382,294,636,6e0f14480fa12571
0a42a0a0,8,0,385,100,636,272d9bdc8f8cfdb7
29211005,8,0,241,294,636,c7f9f04b6dd0dd2d
09c14018,8,0,146,338,636,641a2416de7dba87
04980189,8,0,378,256,636,289d5382b1b6a021
0191d002,8,0,384,100,636,8ce9551b3b8a1ae8
0e003620,8,0,355,256,636,aea2e3b4ca4a7ef3
20392101,8,0,317,294,636,8a5204cc46b1a419
26402248,8,0,313,294,636,b76f2c40e8b8c132
18628880,8,0,133,294,636,1574d19203e4d45d
26204043,8,0,347,100,636,e09c7d98d4f758ea
198c1002,8,0,368,294,636,9a2b9975115f1ec7
24085380,8,0,356,294,636,625a7a070ec250e3
004ce104,8,0,290,294,636,cae0f3ed29ffa653
14021492,8,0,133,294,636,a764f5eb19d21456
046a1024,8,0,361,100,636,ae613fb8edb76dad
19432800,8,0,366,256,636,e6e8bf0a31533a5c
240a2890,8,0,365,100,636,2a266a0942ae83c
0074400e,8,0,195,294,636,1f59aabb9900a3e5
0e211300,8,0,391,100,636,38e567eb72a62c3e
27230020,8,0,302,294,636,34129be465d60ae5
04c140d0,8,0,332,294,636,1cc7fb0321667ad6
06181a08,8,0,389,100,636,38af41750eb4cedd
07804182,8,0,373,100,636,d777670bccb9743f
0908c424,8,0,161,294,636,8749f919c986c7c8
24802614,8,0,173,294,636,5cdf5be2e5960730
09822304,8,0,235,294,636,a2124cd7ee7eeb76
08421684,8,0,127,294,636,17dbee9793a6c943
08780128,8,0,58,338,636,7c6a08acff278dfb
08e10c08,8,0,65,338,636,aa5ea01d07eec22e
0322180c,8,0,346,100,636,d364da3ed05a13e0
06940092,8,0,280,294,636,8c0e041a0a4ae495
2e002284,8,0,336,294,636,579a82524eabbbc4
15881408,8,0,391,100,636,38e567eb72a62c3e
0480d244,8,0,352,100,636,93eff4725bd34006
17280801,8,0,389,100,636,5f22bd2b29906dd9
38221300,8,0,253,294,636,d699691b68b02b28
0388c804,8,0,359,100,636,aa07d3770f33a82f
18305030,8,0,368,294,636,3696824bc63e5a4e
28820d08,8,0,311,256,636,fa229d1a8c6d981b
04652808,8,0,374,256,636,56337a34701c757c
22158208,8,0,250,100,636,d7ccfb042f140d7c
06212310,8,0,275,294,636,c617975750cb6471
24a04109,8,0,385,100,636,cd86ce0bb719c1c9
02102da0,8,0,133,294,636,71a2ba8c3110caed
00f04412,8,0,190,338,636,80b096b66a42366c
01c2408a,8,0,179,338,636,1c8e8ed03e0f0d7d
12182881,8,0,372,256,636,d3aff626ddf7ea17
1d001680,8,0,388,100,636,4ca0288314f8bce0
07c01012,8,0,384,100,636,678fc81d84ea85b3
2412b008,8,0,391,100,636,38e567eb72a62c3e
1858c080,8,0,350,294,636,d677068ebc5c5551
04084631,8,0,54,294,636,f045394af234a285
003a180a,8,0,355,100,636,313b8be6a277d892
28180245,8,0,174,338,636,b9fcdfe0b86d4f5d
00584283,8,0,355,294,636,731a431950282b52
04346082,8,0,391,100,636,38e567eb72a62c3e
06088a03,8,0,228,294,636,f93123b7a3760a19
1404a092,8,0,380,100,636,6edddb50187622a5
14518201,8,0,391,100,636,38e567eb72a62c3e
12922202,8,0,365,256,636,b9547c2452c933f0
0803080f,8,0,230,294,636,6e9adb40bdddcc54
3280c108,8,0,381,100,636,bf4e87804e89bce8
30c11208,8,0,184,338,636,8c1cc85a1457ccbd
04013485,8,0,341,256,636,580737ea06adee9
01406530,8,0,60,338,636,d042e5c068685ceb
0207b008,8,0,247,294,636,33e13455c10bc19d
04740221,8,0,318,294,636,f8f888c7b60f52d7
0404e016,8,0,352,100,636,359024468a3e24a9
1c106030,8,0,317,294,636,ff374ed5b757bddc
02c0ae00,8,0,319,100,636,1bcb566517848334
10403294,8,0,250,338,636,184c45f8c1fa2651
05024624,8,0,124,294,636,d2ce365f8d442fbc
040c801d,8,0,295,294,636,e0c84bf6f9b34e22
2c00106c,8,0,89,294,636,be06b788c297c293
20946021,8,0,391,100,636,38e567eb72a62c3e
22092d00,8,0,224,338,636,127e141a007320df
006c5101,8,0,342,100,636,dbbd3232dda08375
300c20a4,8,0,390,100,636,2151763d9d212607
248a0414,8,0,309,294,636,ff34cf75a9af50e1
21511081,8,0,390,100,636,71c1f1a7f9a96e4f
0b190240,8,0,211,294,636,a2b82a7294dd9bc7
2e00ca00,8,0,322,294,636,1c48282f8b503934
0c2d8004,8,0,317,294,636,b364400fd94fa08d
22005207,8,0,318,100,636,584e97e4a2f4ae7
03300588,8,0,391,100,636,38e567eb72a62c3e
13600248,8,0,226,338,636,32a96988ddfd7c7d
06812809,8,0,339,294,636,452491a3c0882367
0c520501,8,0,319,256,636,3bf0d13a33608b0c
08e02058,8,0,31,220,630,4e6fc97fba43fe52
12805206,8,0,382,100,636,9e81b71886a41734
35600480,8,0,391,100,636,38e567eb72a62c3e
0b002216,8,0,212,294,636,f66b935c1ee56b22
01c24428,8,0,263,338,636,4d713c8619887e26
21042491,8,0,376,100,636,153a300b8b3e9fe
280e0184,8,0,240,294,636,d2cf3dabd6d058d1
08205468,8,0,348,100,636,79529e79fbba4dd4
000de082,8,0,275,294,636,4de8eb1564ec591
05381084,8,0,391,100,636,38e567eb72a62c3e
2184a202,8,0,366,100,636,4d1ebe217bdcfa34
34826040,8,0,388,100,636,ee15ebd2d4123ad8
31044034,8,0,237,294,636,f5b183d3519ff5f8
2248d800,8,0,350,100,636,c12f8a7aaf1c0bbc
2ce00880,8,0,138,294,636,11ae5f4fafab1166
1806a410,8,0,236,256,636,954acd4d79d98590
1c884840,8,0,361,294,636,6b6142142b83a3fa
08443c40,8,0,165,294,636,d488ccf19451fd2e
0090e2a0,8,0,385,100,636,aeb03d23542cdf35
1e400805,8,0,245,294,636,f3ebf8ac55c4d561
145d4000,8,0,391,100,636,38e567eb72a62c3e
0031dc00,8,0,261,100,636,63cab07ff205ddd8
21036024,8,0,200,294,636,a32b0d68daf665c4
06283401,8,0,391,100,636,38e567eb72a62c3e
20c0250c,8,0,115,338,636,1dc84cc6e82d4393
32606100,8,0,356,294,636,65d8db148c90c364
14930082,8,0,254,294,636,3d3d830b057e7570
1812028a,8,0,332,256,636,13bb7fe583eb42eb
24700940,8,0,288,100,636,c828d3bf03c70507
080a6230,8,0,227,294,636,17c5a288e0f3df89
20185301,8,0,357,294,636,3e92d71389681860
0640501c,8,0,348,100,636,10477558f67b8066
10415109,8,0,171,338,636,a37f6d96283910b1
29194080,8,0,384,100,636,92aae8e3f5708711
08a30881,8,0,107,294,636,2c1efa3851e2bce4
220c2890,8,0,347,294,636,76b1c63aa1480189
16504120,8,0,363,100,636,40ba7905284c50b7
0c40a510,8,0,96,294,636,8e146f8fab6555c1
0010a49c,8,0,63,294,636,de73ef34ad74eb9f
1a240086,8,0,262,294,636,fae2bdba242a1df1
16280340,8,0,167,294,636,dd3090628ced719f
03048548,8,0,368,100,636,671d24d0e6baece
00a81491,8,0,316,294,636,e6d4205b1acd0329
0c1a5100,8,0,384,256,636,7f0908a82db284af
0c30a300,8,0,299,294,636,f6be67db8d6d2911
03c8a001,8,0,391,100,636,38e567eb72a62c3e
04a90380,8,0,297,294,636,69cf1b91bf3284e8
02987200,8,0,391,100,636,38e567eb72a62c3e
01096412,8,0,281,294,636,c4111cc2be526ecd
11923008,8,0,391,100,636,38e567eb72a62c3e
09924021,8,0,387,100,636,cdbfb749b49c3d5a
0d021241,8,0,386,100,636,9dcbbdcbf11c54be
00705092,8,0,360,100,636,4f21d9e64d09d3d
04405870,8,0,34,338,636,94098d6fa43a1a6c
04a61140,8,0,345,100,636,b7484f612b67cb59
0428003b,8,0,200,294,636,5f5c54a7fa33bacc
084c5006,8,0,296,294,636,95aa3a2420fdf077
2010421d,8,0,113,294,636,1eed007ee251085d
1921a004,8,0,115,306,635,9ff3214fa0bdbe6f
0d700840,8,0,390,100,636,37457372adf645ce
00e2b040,8,0,252,338,636,883aa3687ecf96ba
0d00c812,8,0,211,294,636,9d952caedfa58afd
007c8120,8,0,155,294,636,9d5fd62769f28d96
14880660,8,0,46,338,636,8bd1b7950ff20d7c
0914102c,8,0,290,294,636,a52962ef3e380f5a
11346020,8,0,391,100,636,38e567eb72a62c3e
10458a01,8,0,268,294,636,6c2bc7f33595ed16
11808e80,8,0,222,294,636,5d96f326ee1e0f22
06a00129,8,0,196,294,636,ce4e84879f686c5e
22107028,8,0,391,100,636,38e567eb72a62c3e
2c08a410,8,0,356,294,636,25df6a4ddbf391a3
04358022,8,0,242,294,636,732983d44af1fff6
16043021,8,0,387,100,636,e89c5f747e83062b
12140891,8,0,243,256,636,88637fc3b17bafb0
30069401,8,0,309,100,636,7b3197c1e6c6e278
04201e82,8,0,264,294,636,13448fc33548d605
0a90c005,8,0,385,100,636,2a6ea8449dcf84ab
39805008,8,0,389,294,636,b01157997263ec5d
08194409,8,0,362,294,636,ec6ad9bcd539f5c2
29a21100,8,0,280,294,636,f7b143ab29512228
140b0016,8,0,116,294,636,a5e42983fcafbd7a
28066480,8,0,389,100,636,aebfc273d280a9df
08452e00,8,0,290,294,636,dc3d61a367c94a42
08692210,8,0,265,338,636,38ef433f4c4c6785
0cc64002,8,0,372,256,636,263d5aeda9b803d8
12102a03,8,0,229,294,636,4c9c8b07bb6f1cf9
20902286,8,0,253,294,636,f15dbb4a028bb31a
2400d230,8,0,231,294,636,1dd73655216380b0
28815048,8,0,287,294,636,bc9def5562608706
0a50820a,8,0,171,294,636,3c1fbed172b096c6
11816011,8,0,295,294,636,9d65f89cca16af24
045a0016,8,0,245,294,636,31bd5aa5a0bbc4e3
2c202062,8,0,148,306,635,308c5d8ca634906
18ca1400,8,0,286,294,636,886c1abb3871016
2460c900,8,0,211,294,636,f7ac97a05ee2a1a9
3100e804,8,0,337,294,636,4a73504a63e6bbe8
16281804,8,0,384,100,636,856fc32ebcb4e9b4
08c21380,8,0,80,294,636,4faf68c16af96962
09510214,8,0,46,520,630,d00a7e31818afb8e
00c04c89,8,0,268,294,636,a95829fc120fd968
0c2a8840,8,0,248,294,636,d52417973150a9f6
0604e480,8,0,391,100,636,38e567eb72a62c3e
05013811,8,0,329,294,636,486cb7af4a315bc6
04c04a50,8,0,128,338,636,f4dc179434241995
28186401,8,0,390,100,636,ca76b4fbdbecc710
24032209,8,0,391,100,636,38e567eb72a62c3e
18b00418,8,0,203,294,636,6c260b11320470f4
03925100,8,0,383,100,636,5ac0cea0a50a25b7
25802811,8,0,235,294,636,bc885bf0a2a0cd52
005c0c41,8,0,239,294,636,c5039736da9cb3db
040242a9,8,0,352,256,636,3637043b4afe48cf
24e42001,8,0,383,100,636,a87a7b6bb449582c
284a0803,8,0,240,294,636,f92cb0b78883713
03828e00,8,0,326,100,636,18f99c715b8017a6
08406918,8,0,41,220,630,d7d170a60ebd93a4
04304544,8,0,110,294,636,4f89d8b545c22560
25808212,8,0,267,294,636,1eefc2c6bbb4d58e
04524828,8,0,355,256,636,155c366d1ab2ee2f
0aa21204,8,0,333,256,636,df683d6064d0e6e2
1148800d,8,0,378,100,636,9344109f49427699
2a8d0002,8,0,289,294,636,36088ea7bb25e66b
21382808,8,0,391,100,636,38e567eb72a62c3e
0a904450,8,0,364,100,636,366dece7ce05d694
0d408031,8,0,208,294,636,17f44b5027215e40
0ab04404,8,0,391,100,636,38e567eb72a62c3e
03b0008a,8,0,314,100,636,c81cdf2ce50103c4
00352418,8,0,151,294,636,390c281bfed2696b
24405860,8,0,155,294,636,b3badfc277fde740
36022404,8,0,387,100,636,f8f8aea4875c7900
34204230,8,0,133,294,636,7a2a569f1f4ae027
0d454400,8,0,390,100,636,b42db3eb0915969a
19084824,8,0,202,338,636,6170a8304e50dc3b
10188321,8,0,163,294,636,6ca56af4a123cba0
0c1c1005,8,0,384,256,636,4d77c75b9930c8b3
00cd2108,8,0,166,338,636,59ca496f9e6270f1
1112a044,8,0,256,294,636,9faf5760a0f178e4
140c8026,8,0,265,294,636,486a7e6f54aa8b65
12540844,8,0,210,294,636,8e0af062dda9e28f
05848182,8,0,258,294,636,bf4ed9a6d5e72d4f
2a483200,8,0,386,294,636,4f1caa78f431b91b
18540222,8,0,33,294,632,3ade5265288ebe1f
1880900d,8,0,179,338,636,9d3753d1102d22e0
082c4a01,8,0,159,294,636,dc79960993129a36
01145098,8,0,383,100,636,a28df64fc3ed400b
01531082,8,0,225,294,636,8211d56ea48a7a8e
16902c00,8,0,391,100,636,38e567eb72a62c3e
00847029,8,0,352,294,636,b3e57815599b80c
00126984,8,0,114,294,636,dc90ad7e5cf7b509
09224046,8,0,179,294,636,108e8119fc19147c
1005700c,8,0,389,100,636,5cdcc1479dd2fd82
36840c00,8,0,391,100,636,38e567eb72a62c3e
00147212,8,0,340,294,636,425a5c2247ccb56e
03614240,8,0,321,100,636,cd6419929af8ff69
2295a000,8,0,384,100,636,3bedb8327d6571d1
26113080,8,0,391,100,636,38e567eb72a62c3e
1c311400,8,0,391,100,636,38e567eb72a62c3e
21265004,8,0,357,100,636,8dc73a00b3eb587f
0ab40003,8,0,307,294,636,b939669d614e4421
0d120025,8,0,352,256,636,9a47169d4d0a3651
03548480,8,0,391,100,636,38e567eb72a62c3e
0630410a,8,0,376,100,636,23874f7aea7265ef
08d02214,8,0,16,220,622,eb666bc779268f5e
01825049,8,0,385,100,636,9dec6313e34625a0
11302205,8,0,370,294,636,b92886ad452ee827
29006206,8,0,339,294,636,1ff2d0f3220a276
286d1000,8,0,353,294,636,86260262c5ee9830
106842c0,8,0,106,338,636,e4a814d8bc97c617
26a40084,8,0,252,294,636,9a63d80ce9a9f9e3
07484044,8,0,385,100,636,35baee883b491f0a
11202207,8,0,257,338,636,f107dae854d5e609
34940208,8,0,391,100,636,38e567eb72a62c3e
13460041,8,0,344,256,636,daaaebde0dbfbb63
051a6200,8,0,391,100,636,38e567eb72a62c3e
05c01182,8,0,348,294,636,ec36f1fa0951674c
04621a10,8,0,206,294,636,cf4b8bfedda559bc
20583101,8,0,383,100,636,25e011d60ab58618
09424448,8,0,379,100,636,e0b2fd8a65f492e3
07211202,8,0,391,100,636,38e567eb72a62c3e
01514181,8,0,324,294,636,78edf3fd9c3ef288
00533003,8,0,308,294,636,8c505e75e337854d
03c03210,8,0,382,100,636,b4aa6673b244e9c1
1202a620,8,0,91,372,636,61fcdac0affbad04
0c109406,8,0,222,294,636,7368fbf0047331da
02305811,8,0,362,100,636,450072737418bc8c
11413060,8,0,174,338,636,ad0bf4669912f9ab
0138c300,8,0,347,100,636,8ba087073eba481e
26028450,8,0,385,100,636,75c8822cedd0017
13700500,8,0,391,100,636,38e567eb72a62c3e
3408c0c0,8,0,360,100,636,158b91a4fdb478da
00e26030,8,0,103,338,636,a62e4cc692cee8db
0e2088c0,8,0,218,294,636,798e045cde081202
0011e405,8,0,163,294,636,d8739c10847cf5b3
05a02118,8,0,197,338,636,b0230155177e2aa2
14043504,8,0,374,256,636,ad7166aa30a367f4
02508560,8,0,287,100,636,c5874ada209e98b
14127080,8,0,391,100,636,38e567eb72a62c3e
24491018,8,0,383,100,636,195139adee8f0f1d
081210c5,8,0,292,294,636,1cf6064d5af24c92
0d0b0104,8,0,286,294,636,ff29d3a51053b6c1
1c202105,8,0,127,294,636,9b9ea9248ea1f26e
08982089,8,0,376,256,636,a3150a51505f73e8
05844109,8,0,390,100,636,aaef2d5b60636ab
2d409002,8,0,387,100,636,180c2a4be06c676f
0832b004,8,0,361,256,636,a118d2abddfdc99
000ab403,8,0,137,294,636,82460d29adf57690
24120898,8,0,350,256,636,7c6a67b3f1c6272a
2600030b,8,0,264,294,636,dca92d1d3c13a82b
34191001,8,0,391,100,636,38e567eb72a62c3e
1a402203,8,0,277,294,636,55afd9a28df2f9c7
1400c285,8,0,300,256,636,807e7489edb3f4b9
0502a422,8,0,168,294,636,987099d6f557d2f9
021c440a,8,0,380,100,636,faa616b86d404e08
0680a888,8,0,382,100,636,b953e829bd086901
21700806,8,0,202,294,636,f1f405ea1d5a88df
0c01c086,8,0,161,294,636,197cf391422e2c2c
0c120922,8,0,92,294,636,18aef96955fbca83
084034a2,8,0,71,332,630,afcc7b0df6dd4bcd
0c40802d,8,0,101,294,636,cf8fdc86e44af56e
1c8440c0,8,0,390,100,636,b42db3eb0915969a
015dc000,8,0,389,100,636,40b6ebb6d64fae36
0340ac20,8,0,371,100,636,76adb65b19a24b9a
2074c040,8,0,293,100,636,4b2bb007acac825f
07888090,8,0,354,100,636,c39845dca4772069
00d03026,8,0,74,338,636,8b5f5747e213b757
0ca88210,8,0,108,338,636,c354d8fc1d2ac733
0c06c210,8,0,291,256,636,4c0bd63e871674b3
3a082404,8,0,373,100,636,2555be79f31c10cb
0606a802,8,0,348,100,636,14ea7caac26c99b9
28380062,8,0,211,294,636,8df4d293ca977f88
1a024182,8,0,182,294,636,61efafe98f5fcc3d
0015ba00,8,0,168,294,636,47d20b074d019a70
04292290,8,0,361,294,636,aaacfc4dfa3c1b93
01584601,8,0,391,100,636,38e567eb72a62c3e
09862110,8,0,173,294,636,a35efebfbbe5fe0c
18348804,8,0,260,294,636,afac8909e2acda13
0d102124,8,0,329,294,636,6aa6259b67d0a7d9
14910a40,8,0,324,294,636,d7c9c7f05fcf6f66
200c380c,8,0,322,294,636,d96e54f9ab1b72f8
01221612,8,0,285,100,636,b0fa84890e2b8575
2848200b,8,0,387,100,636,ab2df2f4c1148b78
22430209,8,0,350,100,636,43c873f977a8af6e
1808ac80,8,0,268,294,636,581daed221e9d4c4
2240141c,8,0,287,100,636,2de679e3acbdcc1c
03113401,8,0,391,100,636,38e567eb72a62c3e
084c2411,8,0,239,294,636,ff1167b78ddf68f
1013c600,8,0,105,294,636,ad2c5e8092661b61
0ec04140,8,0,381,100,636,f8ba568922dbdb10
0204a660,8,0,265,100,636,206abc7de27d2264
0c045188,8,0,328,294,636,b7e5ad2ef3137f54
24cd0010,8,0,377,100,636,9210f3f7795f2f80
0118a122,8,0,196,294,636,644ae727346db221
084c3300,8,0,291,294,636,2f07f6dd2eb65a2
04511206,8,0,364,256,636,6e9a02567a5a6869
002362c0,8,0,139,294,636,bacd1ae1520ac608
02846282,8,0,387,100,636,1d33b91d29d4ff13
1c100249,8,0,381,256,636,14106d13ec98c1dc
00642298,8,0,152,306,635,c6f4123828fe6aac
04602095,8,0,231,294,636,e63cb1b74950eea7
32007204,8,0,388,256,636,6e6aa11902349b75
06052414,8,0,265,294,636,aff8d5469fa31ce5
24541018,8,0,390,100,636,71c1f1a7f9a96e4f
2c230802,8,0,241,294,636,afb487c6d28db15
030cb800,8,0,391,100,636,38e567eb72a62c3e
021c2106,8,0,242,294,636,5f9a87a561eddd36
00152419,8,0,172,294,636,ea7ed57600a277b4
04809426,8,0,58,338,636,9f930a2aa9e0b624
01301445,8,0,391,100,636,38e567eb72a62c3e
22213003,8,0,341,100,636,6fc3f9491d38927e
18254021,8,0,134,294,636,30a905e185f4b5cd
1014a822,8,0,87,294,636,777c6c28e61aba2d
09d41200,8,0,386,100,636,cb7c8827a4820485
14860510,8,0,138,294,636,81fb38283037214
2c131008,8,0,391,100,636,38e567eb72a62c3e
2520b010,8,0,391,100,636,38e567eb72a62c3e
062302c0,8,0,265,294,636,750c204de310f5c9
30102384,8,0,140,294,636,7e7d2d4effc8e796
24910902,8,0,256,294,636,e9d50831bcf25bc3
03122580,8,0,391,100,636,38e567eb72a62c3e
180a8118,8,0,88,338,636,b3c0cde723a8c90b
21491402,8,0,384,100,636,62c230f7e69848f9
0604a214,8,0,273,256,636,ec4be12c7ea56683
02281e20,8,0,313,100,636,6b3caed26b1567e
32040c90,8,0,259,294,636,5fb79ce19a92bd6a
30c92400,8,0,374,100,636,899e26f0f95bb522
1c828003,8,0,319,256,636,342079698ddff71b
0448a0b0,8,0,239,294,636,8896e8730747103c
022a6108,8,0,245,294,636,c3b2d1d7d67dba97
1802e030,8,0,110,294,636,47d60302aa5ee7a2
134024a0,8,0,391,100,636,38e567eb72a62c3e
11463040,8,0,383,100,636,b612595b206f5ca3
030c2a80,8,0,389,100,636,3827863add27201e
102c1049,8,0,391,100,636,38e567eb72a62c3e
0a034380,8,0,73,294,636,ebd5246bfd4c1f3e
05a80411,8,0,367,100,636,9d4ffc3489cf12f9
07030502,8,0,274,100,636,d3d3ec901423dbbb
31480842,8,0,274,294,636,337ca9b04f94292c
01285181,8,0,391,100,636,38e567eb72a62c3e
25d81000,8,0,391,100,636,38e567eb72a62c3e
2c6000d0,8,0,122,294,636,607f27739aa755f9
03e82002,8,0,391,100,636,38e567eb72a62c3e
0582c180,8,0,337,100,636,507b8f219f178fba
3c408204,8,0,199,294,636,765fc083524805ba
04b40248,8,0,231,294,636,cd895b287e6a430e
11662020,8,0,359,100,636,80c8fe585f38edad
0095c808,8,0,235,294,636,d06db6ffef09d90f
02c4c820,8,0,226,100,636,65f226d3418bf39b
0040069b,8,0,3,520,630,de21c8d636f950b3
0224084b,8,0,29,338,636,7041e38594ffac2b
01448071,8,0,1,260,610,d8e7540a5901cc3a
22040d18,8,0,4,100,634,f92c7ce378dbafb2
20412322,8,0,15,520,630,690b4b744df4d770
04808d48,8,0,108,338,636,dcee96b20efea8
120608c1,8,0,70,294,636,1a2ce3b9c35ce6b5
0a300116,8,0,7,265,625,8e60eaf72b835988
00049685,8,0,95,294,636,5f26091b68c21005
04200b0b,8,0,18,332,630,48f63a7308704238
22280074,8,0,1,265,625,b70f483630630900
02069181,8,0,116,294,636,98f97f91a28f3306
03898900,8,0,21,338,636,f1baae05548c1f82
220e00a4,8,0,113,294,636,9818fca6c62901
000940cb,8,0,20,294,636,393e63a92cebe88b
15810841,8,0,125,294,636,4a83f52079947b72
00c2408e,8,0,18,320,632,d589778ef02d77d5
018a0b80,8,0,9,265,625,609b761f8883d05c
04042a38,8,0,10,220,630,a1ca8e1c65a506e3
23428820,8,0,50,338,636,3ac7447d3834f345
06060c41,8,0,210,256,636,aa41fd7a4766d7e5
14060434,8,0,21,294,636,afde4b0aea4c00a
104ac120,8,0,2,265,625,4392da95191ad3d7
114088c4,8,0,7,332,624,6ef48d53d9a50530
08c0a025,8,0,4,220,622,cf60ea58d8116767
31002c24,8,0,43,306,635,baa7eb7561b0b4b8
064a004c,8,0,68,338,636,8cb55ac45e133ef8
02004d8c,8,0,3,265,625,438ddd22451d5081
3101c140,8,0,4,265,625,86fe0d5e1d043c8f
0814082b,8,0,26,294,631,e1ca1e3180ce0e91
101a022c,8,0,28,306,635,aad309f4f2c18ba2
1c010c24,8,0,10,294,632,5a1a73532867fb85
22400439,8,0,167,294,636,7c24a025c4aa204b
044400b3,8,0,44,294,636,7d112ebfb57bb4f6
20118588,8,0,65,294,636,dbd5ea3d8df27e0a
22458011,8,0,64,338,636,a5c6ce02531043ad
1080860d,8,0,42,338,636,f3abae3d91c284b
02564022,8,0,20,294,636,214eb2a868b8a013
32420d00,8,0,19,306,635,38afef81c2b21f84
21005360,8,0,29,338,636,6c0653a79fd6773c
12038403,8,0,46,294,636,7199d89e6ea81af1
0500213c,8,0,66,294,632,4909b90979ef9c5d
200095d0,8,0,51,332,632,eee99dad6ebea86
038680c0,8,0,78,338,636,70e55b0f43d397a6
24a02111,8,0,74,282,632,43deef40ecdee544
30408283,8,0,31,520,629,db8e8b1782fa0d2f
04242431,8,0,59,294,636,5d14045e2abf2f42
30ea0800,8,0,14,320,630,9a7ccae220d6211a
09400aa8,8,0,10,332,624,d57bc2bf88ca56ef
10470013,8,0,14,294,632,6d718ce8ae870214
114000d5,8,0,12,332,624,aa3858c4e401e36c
0107c090,8,0,11,338,636,f82b87027a6118e7
03050e10,8,0,84,338,636,44f2895f3a99249b
01048dc0,8,0,18,338,636,404cc24054375439
01889031,8,0,36,338,636,5fbf2f2852db9868
20408c83,8,0,14,294,636,d3d58b36aa870c4e
23404070,8,0,25,338,636,d620a3d4f89193c0
008c0694,8,0,15,282,632,1f5a78539caa6d94
20c24304,8,0,23,338,636,560909b05ad126a7
0082cc06,8,0,7,100,634,10755070f16d2621
02064107,8,0,15,294,636,6226b0aa1687d0ab
0808b068,8,0,4,315,620,d4b54736d07f4ace
10128413,8,0,11,294,632,6d607e852e1764b8
03130043,8,0,20,338,636,eab49720d4ba0ed7
044404c6,8,0,24,294,636,1f1e603e7adaa96a
010013a3,8,0,19,332,630,ee98bfc36627bc26
202c0982,8,0,83,294,636,76ab6d84133e3b98
010228e8,8,0,45,306,635,9afe3e294a2b685b
11804151,8,0,82,338,636,48280b0d6fd6b5d3
11228444,8,0,34,338,636,63a618fd8b54ce7
35020940,8,0,14,306,635,631cfc0150c32439
102b0029,8,0,99,338,636,cc8ffe664cc360a9
0248800f,8,0,166,294,636,b021548556b10d0f
028e8101,8,0,125,338,636,b9bb43b861fc3cbd
34080074,8,0,48,306,635,59e23f148c3d74c9
22130288,8,0,104,294,636,5b38ee8cd89615be
01011638,8,0,11,338,636,57ac02b7b82ae6c6
08129502,8,0,18,294,636,60e45c28721cd939
03011318,8,0,4,567,630,8ccaae674520daee
04001517,8,0,31,294,636,3fefc69319d391e2
01c22121,8,0,90,338,636,1718947464a85b4b
0100ea24,8,0,57,338,636,db040696acf873f5
081d8018,8,0,108,294,636,485eb1482356f939
07024054,8,0,112,294,636,99606acd6ddc280b
012b0049,8,0,300,100,636,e83e65140a7410fc
010cc0a4,8,0,197,294,636,55b5ff576dfea4c6
210144a8,8,0,137,294,636,fb8c457537613205
20040e89,8,0,264,294,636,54a526e4268e66b5
3884001c,8,0,80,306,635,ba4620bcef83eef5
00ac008b,8,0,246,294,636,9ff39fca8e9fc53
240410cc,8,0,168,294,636,b0586aa53d7f741
02510c82,8,0,79,294,636,58ee997480c1fd7a
0e40084a,8,0,29,294,636,67c5b3589cae3fc4
070600b0,8,0,97,294,636,92a4382cbef7ea4a
01003a46,8,0,75,372,630,382f92f417a2d91d
12501061,8,0,75,294,636,e16ddf01ca66ee60
24910142,8,0,98,294,636,8af898e2246a499d
02c48c10,8,0,128,100,636,345aec20dfc2e706
21468003,8,0,206,294,636,7db8e90bd10e7f85
025250c0,8,0,162,294,636,4d5b22592896219f
09081261,8,0,112,338,636,fb93700cb910bcd9
300042a9,8,0,201,294,636,47e7cff8bbd192ea
31008c84,8,0,115,294,636,75e6bb0b721579ba
023640c0,8,0,194,294,636,8f8eb83915ec81c2
21430610,8,0,140,338,636,dd271f6635d74706
22844310,8,0,100,338,636,efe0c66bdeba6a96
002859c0,8,0,158,338,636,e341ca35c4defb41
12ac0120,8,0,110,338,636,c482ebb9d4715dbb
001c4292,8,0,123,294,636,fb83e47d726d5148
1005c602,8,0,59,294,636,999f4ba76a3ee3b5
13240144,8,0,192,294,636,9c6fa16b49890b98
012413a0,8,0,254,294,636,2633e2b2c791291d
22070481,8,0,257,256,636,68a532acfd909b46
02094c84,8,0,176,294,636,ed811dcc72652c44
003e40a0,8,0,178,294,636,1081c058b22b6934
2064c480,8,0,150,294,636,a7838e93715ce7dd
10a48490,8,0,93,294,636,f9a2cf7ce494b245
0a8048a2,8,0,39,294,632,a6b0918125879e97
022026a2,8,0,171,294,636,17ab38100c431110
118d0011,8,0,202,294,636,ceeb97160fab4fb5
040548a8,8,0,124,294,636,2013efb97fa93
00b29014,8,0,214,294,636,1196ee93843621d
19240124,8,0,178,294,636,bcc0ac5d3da5f2f9
03021883,8,0,278,294,636,ab92c0ef5452a6f3
08a44380,8,0,83,294,636,1c5aa59b27157ab6
11884811,8,0,156,338,636,baeea4e50400209d
13200382,8,0,160,294,636,66f4f8604563e120
11250290,8,0,228,294,636,3ac4c582ff46ec47
02224d08,8,0,166,294,636,baf1ec53f7321858
002454e0,8,0,132,294,636,59d900c0b0d40217
12261810,8,0,163,294,636,3f78ee85608e6f8e
30478080,8,0,192,294,636,64e496fc7528f433
09048a88,8,0,210,294,636,d64fbe3b85361f74
02a44884,8,0,101,294,636,95559f763c6b31a2
1402c1a0,8,0,97,294,636,36c3cfde1340989c
02ca4088,8,0,200,338,636,85f018bdb1b07bc4
110890c8,8,0,203,294,636,3362ebb093d0e7b8
0a244091,8,0,156,294,636,7d1fa80e1617fc5d
00251a81,8,0,266,294,636,f59f6aa670a30808
010e80c1,8,0,208,294,636,5e52b05935c251a9
00144a0b,8,0,118,294,636,35f700fbe7497510
030490a2,8,0,94,338,636,11220cddf5fea8cb
2220402d,8,0,83,338,636,671cee1804e308cb
02087842,8,0,133,338,636,af475221c8df27b8
06250842,8,0,180,294,636,ce7b25ba9b984def
23260802,8,0,106,338,636,9318646838e22c0b
22508218,8,0,76,338,636,f34c9e6fe7cb61c7
00807922,8,0,107,338,636,63bb75f51d3c4a2d
12409908,8,0,121,338,636,80b134c697548b93
07810052,8,0,111,294,636,6bde6f775e2ef886
040648a1,8,0,151,294,636,9a89417666f1bbd5
03a0800d,8,0,284,100,636,4d954d725baa34b8
00238449,8,0,230,100,636,acd6a4a368e50a71
05008e50,8,0,128,294,636,684a42fcb4ff850c
041482e0,8,0,22,294,636,e44096c063f3c122
2920402a,8,0,60,306,635,a070644b1ec4f895
070001c5,8,0,60,294,636,f713aa8147d94a35
02458019,8,0,124,294,636,ef21dae06bdad052
140092c4,8,0,39,294,636,79f610212e90ed4c
0220a164,8,0,56,338,636,47038e52d6ff7c19
002e1884,8,0,143,294,636,25cb48e6ea9b496
01401623,8,0,61,338,636,2ac2dfdd341952fd
0018c0ca,8,0,42,294,636,c3588020ad214684
01c680a0,8,0,30,338,636,f1281e4088446269
04046162,8,0,49,294,636,fe0ecd6fe6a70b6b
02128438,8,0,68,338,636,759c16ef5f6bbc55
23421022,8,0,101,338,636,37fd19340c136300
24420590,8,0,18,294,636,261a6438afe29b96
042c0982,8,0,131,294,636,da1611a708c472a8
02648828,8,0,22,338,636,20fb2fb3eb2e15a0
04e20206,8,0,48,338,636,2978ee4ea53eed4c
02053106,8,0,32,338,636,94a6129367869d6
0200d161,8,0,40,338,636,afc6e65dd04dd867
00222887,8,0,86,294,636,bb6374f939af4b1
10a14206,8,0,76,100,634,d1b4bea4116f466
034140a4,8,0,43,338,636,8f3f4fb401da2c06
01404c58,8,0,141,338,636,f1bbabf7fd9ef2d3
1a21008a,8,0,64,294,636,510be705d3e5d50a
33220018,8,0,118,338,636,a4f2455f76bfffd1
12911801,8,0,141,294,636,b1ff8e3dcdeba543
023080e1,8,0,102,294,636,9d4aeb01acabfc2b
01269044,8,0,219,100,636,70d2db90970bbcbe
2ac41010,8,0,84,338,636,8012a5a70a01a379
0420107c,8,0,99,338,636,4e75b7d55b6d3573
03039204,8,0,203,338,636,f3a5ba6cb483d9f
02688029,8,0,172,294,636,75ce1d9591e3c720
04841388,8,0,160,294,636,b9224603f3089758
22a1100c,8,0,194,338,636,a9a710883ff8f432
23e00011,8,0,155,338,636,aecf74bd0e100ce7
2200512c,8,0,28,338,636,5d64ff7cc6d71384
06210185,8,0,141,294,636,c5f714b599988671
22081d40,8,0,188,338,636,6bc62fbedda0036c
02421682,8,0,36,338,636,d5e771a0cc67f743
31920028,8,0,165,338,636,d874578d5e3b7fbb
1300410d,8,0,189,338,636,9eb3d28ed14ffe8a
1280480d,8,0,118,338,636,fd071d1c427843b8
01b00388,8,0,134,338,636,92ff4c5e646db56c
06041055,8,0,109,294,636,2f28b10af3fe3a0d
03001465,8,0,112,338,636,205717665447dd12
28248481,8,0,166,294,636,b7fab5a362193c23
21441a40,8,0,108,338,636,26adf6c93075270
01221258,8,0,140,338,636,9ad4a2f784bbfbc
14230908,8,0,137,294,636,7c88b44943daf569
14081b80,8,0,116,294,636,87d5b89795c66306
0200de02,8,0,89,338,636,63a87c48db4672b6
32240105,8,0,115,294,636,92d7d0902de7d96c
112010b4,8,0,126,294,636,3f03961bb871b746
0501841a,8,0,189,294,636,aba51a657e0d3ab1
22a02190,8,0,93,338,636,9b5ba7c1ff188337
222002a9,8,0,102,294,636,d972b956bcdd8dfc
048412d0,8,0,75,294,636,ae2a6727323e193
0100d423,8,0,135,294,636,1bd1ec31eba5c1a7
1200444e,8,0,74,294,636,6b43f312db9d92e2
1202002f,8,0,57,294,636,f082d81a42b29792
21204298,8,0,71,338,636,ad6ff82e31556d42
0120103d,8,0,243,338,636,fdb8c08924134318
01940829,8,0,190,294,636,938eee3e04a5ee2e
0a211046,8,0,138,294,636,e0d7ec9ac8a35378
102090c5,8,0,100,294,636,4137f877fc0fac74
202418a1,8,0,83,294,636,b2282fdba7e3d7b5
03815028,8,0,145,338,636,10de2a444704fdd5
002a0899,8,0,198,294,636,3bdac4db56188123
0200ad09,8,0,217,338,636,a0c7aee55c5aee53
01161038,8,0,124,338,636,e5b27b09d24c9212
002b1091,8,0,178,294,636,cf780832827ffcc3
02151051,8,0,1,338,636,3cca6e55a5ca6ab6
04310431,8,0,65,294,636,565a7eab33a9f6fd
0b008053,8,0,3,248,622,3e7aa49443aa9f7a
11220d80,8,0,26,306,635,5a42461da1d18f01
029104a4,8,0,4,366,632,cfb178e328b68972
27030104,8,0,131,294,636,b1ca7895f3efd7c9
26001a28,8,0,186,294,636,ebbfa1686cba2698
26408910,8,0,66,294,636,ad87e8182975a71c
03448430,8,0,179,100,636,f3f6434eb946f759
12028849,8,0,153,294,636,72a9361fba171b4f
22210429,8,0,256,100,636,69669dc9db5a9c6a
25a00218,8,0,149,338,636,fd82c83f06726e43
23840510,8,0,202,100,636,84acfc916d4b38ce
01725200,8,0,391,100,636,38e567eb72a62c3e
0a504091,8,0,241,294,636,c514f23fc3b0178b
2212140c,8,0,391,100,636,38e567eb72a62c3e
0530a880,8,0,391,100,636,38e567eb72a62c3e
1c120604,8,0,315,256,636,1b6d1d298c39d976
26088908,8,0,317,100,636,ac946112f4fc2d3c
10141618,8,0,310,294,636,32e068e4a7ca91fc
06058105,8,0,255,294,636,500ba95fe5f0c618
23948100,8,0,386,100,636,5640d1ef98060232
04154450,8,0,237,294,636,e9cdebdf445c5f88
0486002b,8,0,213,294,636,d27db318920eaac3
0630082c,8,0,378,100,636,7dab9b7c8ab69f43
20709082,8,0,333,100,636,d4718f3febad7586
040a8449,8,0,391,100,636,38e567eb72a62c3e
0d220428,8,0,390,100,636,b42db3eb0915969a
113c4400,8,0,391,100,636,38e567eb72a62c3e
2700300a,8,0,391,100,636,38e567eb72a62c3e
1a170002,8,0,312,256,636,667cc3da4dc85c42
0498c401,8,0,391,100,636,38e567eb72a62c3e
25211120,8,0,375,100,636,276d0279f1b99d9d
0410260b,8,0,385,100,636,e19f53c11e9ee9f6
26401214,8,0,186,294,636,9e717bdc61270a78
000cb00d,8,0,354,294,636,f5cf208317acfc84
0430a424,8,0,215,294,636,5d0ed6cf9816d01f
3282c008,8,0,363,100,636,896b2d027b786c4b
05892900,8,0,294,294,636,1c8be3618c59ae4a
11b11800,8,0,358,294,636,2b845f6d7c528ae8
0a828403,8,0,339,100,636,ae7feb9a9e7a6c1d
01886888,8,0,382,294,636,176d4168f2a18b09
11142430,8,0,366,256,636,eeb3a3a71b1a5c2
2404844c,8,0,316,100,636,baee2e04d33b9d06
0452060c,8,0,209,294,636,77b1eb0b8849d583
0830a441,8,0,305,294,636,6201172de82ded99
35500410,8,0,391,100,636,38e567eb72a62c3e
250b0208,8,0,391,100,636,38e567eb72a62c3e
2c0230c0,8,0,377,256,636,4254a1b7fcdb30b3
06023520,8,0,278,294,636,48a528eb60c6cd30
04982904,8,0,318,294,636,9d3ca383a4253f0b
31a04104,8,0,329,338,636,bbf011fdd9913769
04b05011,8,0,391,100,636,38e567eb72a62c3e
06a10501,8,0,348,100,636,d4faca4c9155d659
0b198200,8,0,377,100,636,4b874969f3c12cda
162404c0,8,0,384,100,636,33dc004d7faaf916
0a059201,8,0,235,294,636,3ab0a764cf63c5e1
00349403,8,0,366,100,636,bcfaf9f4a0b8518f
09065044,8,0,316,294,636,5bde6ba78eed4e1f
34128012,8,0,287,294,636,3288ed38ccccc78c
11508608,8,0,388,100,636,c302f3c6557afa5c
29120442,8,0,295,294,636,35e620de6c5c3f43
32002189,8,0,312,294,636,be4533ca5cc24f2b
11150109,8,0,391,100,636,38e567eb72a62c3e
26108442,8,0,391,100,636,38e567eb72a62c3e
0445a808,8,0,385,256,636,426035062c78c193
2e204022,8,0,351,100,636,79141a4fba78a5b9
0072300c,8,0,383,256,636,58430fe2c9630ef7
2122c404,8,0,195,294,636,a843e73e04bc87c7
298d0200,8,0,353,294,636,4294a1b7201973d3
18830029,8,0,300,294,636,d50b5fd11fc9b2f0
25860280,8,0,331,294,636,3c13f7be72f7d781
0cc02460,8,0,247,294,636,1248a52fa225b5b
11064109,8,0,370,100,636,56b2f54850ca1502
11550030,8,0,323,294,636,abc84cf4b35bf3d4
18220581,8,0,207,294,636,7049fcebbcaf3400
09109188,8,0,236,294,636,47cb4d4e53665ffb
21462c00,8,0,360,100,636,7dcd28a03ee04b1c
11d40104,8,0,386,100,636,b2f125ea1349609d
0414d003,8,0,391,100,636,38e567eb72a62c3e
01486881,8,0,391,100,636,38e567eb72a62c3e
13880424,8,0,306,100,636,eb5699c45f85a00e
24245402,8,0,391,100,636,38e567eb72a62c3e
11311840,8,0,361,294,636,1aa09314bb4424c6
0c340608,8,0,374,100,636,8a482cbb16ae76e2
04a4c280,8,0,355,100,636,ee6a77c4829593b6
1084e204,8,0,390,100,636,3dc17eb3c8c7706b
18512220,8,0,283,294,636,92fb6e3ab12576b0
040c2491,8,0,375,256,636,4915eab582748609
16580011,8,0,381,100,636,555ee40b1c6bb384
1340300c,8,0,389,100,636,978b99f57eb63c80
05c11202,8,0,391,100,636,38e567eb72a62c3e
0c422121,8,0,290,294,636,d34fb5b329cf4a2f
0418109c,8,0,296,294,636,26b6995962c38d82
0709a001,8,0,391,100,636,38e567eb72a62c3e
1d104102,8,0,343,294,636,c36dfcaaba864b1d
1812900c,8,0,373,256,636,d96d139a90ce8f55
0a84c012,8,0,281,100,636,94f9dc8ea30245a
05c01484,8,0,391,100,636,38e567eb72a62c3e
23484404,8,0,391,100,636,38e567eb72a62c3e
0e80a102,8,0,335,256,636,627a208ddf79878c
042015d0,8,0,241,294,636,9a028e0fd21d1496
04432013,8,0,270,294,636,67ab95bb110047b0
018a5420,8,0,321,294,636,d03f6bf8df1ee603
011c5088,8,0,391,100,636,38e567eb72a62c3e
21104825,8,0,279,294,636,d21c831469b6749
044861a0,8,0,350,294,636,5d37f9ff2f2c2fc5
11948084,8,0,391,100,636,38e567eb72a62c3e
26070108,8,0,272,294,636,2bd6c74c1f29f5f6
209c8014,8,0,293,294,636,b5ddd70aa3046027
2a820029,8,0,342,256,636,47ae258cd33b4404
16000217,8,0,152,294,636,bb28d3b6973c98e7
05680184,8,0,348,294,636,d0077feae83c26b0
033cc000,8,0,391,100,636,38e567eb72a62c3e
1a541004,8,0,382,100,636,cb4b9cfb9809bc62
109c4044,8,0,390,100,636,11c736fc1d20808e
0426201a,8,0,252,294,636,2446f60748e46344
30a84600,8,0,387,100,636,ef274ce70172de32
15406204,8,0,391,100,636,38e567eb72a62c3e
2ca42400,8,0,373,100,636,382f19ab8dd49b04
2ca01202,8,0,377,100,636,57c7d6eb80fe7a7a
00b1b080,8,0,354,294,636,b3f5fee7f1387dd1
30174200,8,0,346,294,636,4bb7f8ccde2acf7b
08072098,8,0,317,256,636,b8882480005236b3
04a64404,8,0,337,100,636,a039579ee4e34a89
04502a41,8,0,363,256,636,318b63215402c465
04446188,8,0,378,256,636,c4f525254e83ea0d
1c003540,8,0,190,294,636,78b976c7a44aa0ad
16014540,8,0,254,294,636,d7bca66ad9384a84
23170002,8,0,253,294,636,dc4d59fc3eda3724
0c448490,8,0,191,294,636,d2201a228809e539
288a1280,8,0,345,294,636,41872c44f5611812
25040c05,8,0,302,294,636,4769348c28adfab3
0b10a210,8,0,382,100,636,bf309904db93bbb6
04223405,8,0,382,100,636,f8c9ecd2f700f4f7
060e1088,8,0,370,100,636,ba81c2d9ae932f55
0a80844c,8,0,280,100,636,9e6ec6a96f1ca48a
0a865020,8,0,276,294,636,cc87aa36e06e1af2
34828808,8,0,246,294,636,dda611e688ed0143
20c02682,8,0,376,294,636,ee8b5b8007e08ff
08957000,8,0,389,256,636,f0febcafb0b390e8
124024c1,8,0,260,256,636,7d019a6c9dde3132
06780011,8,0,389,100,636,5f22bd2b29906dd9
04042097,8,0,329,256,636,7ffecb3ee0ef1a9e
11d12080,8,0,388,256,636,22d5c8dbc4f0f0ae
38408409,8,0,358,100,636,55493bbecc72f3ec
0af11000,8,0,379,100,636,44b5b5afa0d353eb
041a401a,8,0,341,294,636,25056f1717147ee2
20c23240,8,0,238,338,636,fcaf783394da0f52
03043209,8,0,391,100,636,38e567eb72a62c3e
20190407,8,0,352,100,636,325640a14a71271a
03640281,8,0,374,100,636,2367501406560e14
08072380,8,0,282,256,636,dff38db6bb3019a3
0f12000a,8,0,389,100,636,887de3f0945bb7a5
0f048041,8,0,382,100,636,c145a38392b76ffa
04592801,8,0,391,100,636,38e567eb72a62c3e
1410090d,8,0,330,256,636,344665293475ba0e
0c814310,8,0,300,294,636,d1d44866e3dedfd0
04e24042,8,0,327,100,636,ecb4bbb7f64404cf
38459000,8,0,330,294,636,22e5b135113882bc
003c6240,8,0,339,294,636,1d08de77ffee4fbb
009a2288,8,0,376,294,636,543ef296d8300044
33046080,8,0,391,100,636,38e567eb72a62c3e
086a0482,8,0,261,294,636,c97e09bdfbad33a4
14446208,8,0,391,100,636,38e567eb72a62c3e
10d16100,8,0,383,256,636,570b708e209e00a0
1e028030,8,0,141,294,636,f19a81594e28200b
28500309,8,0,184,294,636,b3cd84f033fb4380
01168c08,8,0,356,100,636,d3b2b3267b0df27f
03160181,8,0,292,256,636,ee5dd82f1898b9dc
10705021,8,0,391,100,636,38e567eb72a62c3e
08561011,8,0,350,256,636,109fa9ffb6bebb86
0481d050,8,0,336,294,636,1c8f26b72af82555
18134011,8,0,301,294,636,85e87ef4f2d7b18e
12229600,8,0,386,100,636,10130fa362bdb0f5
01409c88,8,0,331,100,636,bd6dd97d0745bb9
2180220e,8,0,226,306,635,aed161b1ab5cdfef
000a7098,8,0,374,294,636,852452a243c2f32d
0e214042,8,0,326,294,636,b214bdd634a521ba
0240e043,8,0,198,294,636,ce954d16a0d1bf5c
3ca00802,8,0,245,294,636,9c59ae57c12d4315
0904c604,8,0,210,294,636,1c41c002be184fbe
0e4c2010,8,0,370,100,636,f75b9cad2f3782b8
16203840,8,0,385,100,636,d3890ee62e260896
0e04c00c,8,0,367,100,636,821bf40afe4018d8
16052808,8,0,391,100,636,38e567eb72a62c3e
020ab208,8,0,341,294,636,f010a16336e759e3
15016300,8,0,391,100,636,38e567eb72a62c3e
32180e00,8,0,390,100,636,63a747c9261d3fee
36200428,8,0,391,100,636,38e567eb72a62c3e
0605c084,8,0,335,100,636,401ff6c52095772
12a94002,8,0,359,100,636,93d3e083ed7bb334
0b412201,8,0,384,100,636,a8d387c303dc4e9a
0488d108,8,0,376,100,636,442f8dc5f1446478
2c05080c,8,0,267,294,636,75e4e5fa1d7be048
2a022422,8,0,305,294,636,8a7caf52dad64c67
24c66000,8,0,391,100,636,38e567eb72a62c3e
06b02005,8,0,356,256,636,f4bfe2802dcd2644
2200cc48,8,0,390,100,636,14c891f298216d3f
1cc00058,8,0,148,294,636,d51d4be9db63a92e
00528449,8,0,376,100,636,c9856c069abc85c1
221228c0,8,0,296,294,636,6c3afc376004560c
29334000,8,0,353,294,636,3097bfa51cb5c862
18049680,8,0,245,294,636,c2d3b6e118e4bc6b
2cd02100,8,0,358,294,636,8782cad58a537b31
14058580,8,0,326,256,636,ce7a86fb1a57a94
211a0026,8,0,347,100,636,8e04e0f8e10c9a97
051c4021,8,0,391,100,636,38e567eb72a62c3e
0910d021,8,0,390,100,636,71c1f1a7f9a96e4f
04663020,8,0,391,100,636,38e567eb72a62c3e
214060e0,8,0,352,294,636,386073a64f774acd
24160414,8,0,211,294,636,2397f96a245b3535
11429201,8,0,382,100,636,64828796a39648bb
209a3002,8,0,389,100,636,b536dae5caf35e54
01506112,8,0,234,294,636,c13d3efb931e5def
08486288,8,0,378,294,636,e56f71db6a8e276b
110824d0,8,0,334,294,636,91ee52b62fe6a8cd
042118a8,8,0,286,294,636,15da3561e653011d
0b246004,8,0,382,100,636,c4ee3228fd0f16ea
0420e04c,8,0,172,294,636,8561492141f4a7bb
39840900,8,0,266,294,636,4fe5921cd2d0f4e4
2464040c,8,0,365,100,636,3e50ac718f77e058
13580140,8,0,256,294,636,1b225e502a2b2367
11920481,8,0,385,100,636,83fce71a607104ce
110c4203,8,0,374,100,636,12a3b4dab1f70046
01a03424,8,0,372,100,636,7f7d574f83f7b8fd
2c468001,8,0,358,100,636,e328fd7178609545
25084144,8,0,343,294,636,2a7a245c2fdae450
03b80204,8,0,370,100,636,34eb1752eb003af0
142a020a,8,0,278,294,636,d61fdd73c59a5ad5
17020502,8,0,331,100,636,dc06695a52534aa7
2111d400,8,0,390,100,636,6656679a3a103688
0a021486,8,0,278,256,636,b2a78c2257cbcaf1
160440c2,8,0,354,100,636,a2d74fe93b7abd21
0800b219,8,0,199,338,636,ee4702099186e347
0c884034,8,0,237,294,636,adcdc5b24a347e4a
05514210,8,0,391,100,636,38e567eb72a62c3e
14078280,8,0,382,100,636,ebbf82e3855b2fb
210a4025,8,0,337,294,636,c9c72a8fa0219e4d
23210504,8,0,283,100,636,9bc10240db8a7591
06a06102,8,0,391,100,636,38e567eb72a62c3e
09343400,8,0,391,100,636,38e567eb72a62c3e
07140411,8,0,391,100,636,38e567eb72a62c3e
001a0649,8,0,338,100,636,6f3468545272f27a
0b201403,8,0,390,100,636,1c6c203ed971cb8
11479000,8,0,375,100,636,906a86ec2a39acb5
07804038,8,0,263,294,636,1cb9f504d021f646
12048462,8,0,214,100,636,7b52c3a186903848
00b86044,8,0,360,294,636,2056a1295f1c5fbb
1412060a,8,0,299,294,636,81041a22440d056f
090e0284,8,0,357,256,636,88f9a6d1811102cb
0f800c01,8,0,391,100,636,38e567eb72a62c3e
0c500c28,8,0,340,294,636,765fedfebe1c354b
11d05010,8,0,391,100,636,38e567eb72a62c3e
1231c020,8,0,269,294,636,bd4e51b3445e3286
040280d9,8,0,213,294,636,19fae526d9c417fd
04254242,8,0,299,294,636,b6f6ee4f96959167
244102a1,8,0,343,256,636,39e512e54cdd0d35
02969800,8,0,250,100,636,28926e66edea196b
0411a04a,8,0,159,294,636,6ce9422699fce532
02160c0c,8,0,327,100,636,8798a4bc858a6491
0608180e,8,0,229,294,636,1b493783a4712011
05484038,8,0,309,294,636,32adedeb988ea536
36880110,8,0,273,294,636,c6c054072f764997
14a20412,8,0,125,294,636,695034130addddc4
10393001,8,0,384,294,636,a838a95a7ed1a3bc
10a0e402,8,0,342,100,636,c92d461ba65a51b
0340a098,8,0,387,100,636,3805f1f6219b2d62
280c4e00,8,0,308,294,636,db7d0af96b155a03
13c40840,8,0,375,100,636,8b8d1511cfc3527d
3c104300,8,0,369,294,636,c1c58088e6d7280e
2d240044,8,0,273,294,636,9ee1b2bb619522c8
06003426,8,0,311,294,636,345229fd29ed3699
09700061,8,0,267,294,636,2cb69590dc3e5575
18864280,8,0,367,256,636,675f9c2ab6e2e408
14807410,8,0,391,100,636,38e567eb72a62c3e
20043588,8,0,297,294,636,44b3038af2975ca8
15048a01,8,0,391,100,636,38e567eb72a62c3e
14062094,8,0,357,256,636,568e92aa753fba3f
120d6400,8,0,377,100,636,f24a4bf5347b91b3
15a10a00,8,0,348,294,636,8982ab367089b222
148f0200,8,0,387,100,636,f1a6e9915f75ee6b
12168088,8,0,390,100,636,4a3445d7f92e7ba3
001e8448,8,0,324,100,636,ee8e119f85b75cd4
08542601,8,0,356,256,636,6935c6efb2cbd55c
05880443,8,0,370,100,636,3a4c6b2092350044
310b2400,8,0,373,100,636,5e11a7d584b0823c
04019292,8,0,196,294,636,9ba6f35c1ae7a83d
023418c0,8,0,334,100,636,f4d41f965d339dca
08682086,8,0,321,294,636,b3b0efbd09304536
22046418,8,0,355,100,636,4e63744293d198fd
02849604,8,0,187,100,636,153930dafcc8d9fc
02317001,8,0,391,100,636,38e567eb72a62c3e
2413010a,8,0,246,294,636,be4bf80a33d28832
02340309,8,0,242,294,636,a7582264ecf3278c
0a3c0440,8,0,379,100,636,72fc0fb83a62ee26
1840e204,8,0,321,294,636,f054d3cd71bdd460
29002a90,8,0,278,294,636,d4b027725ae34fcb
2d005028,8,0,390,100,636,31fe421dcc88c51b
01692210,8,0,375,294,636,a9837e70d7144bfc
0a032a01,8,0,224,294,636,72967569063ccd14
06b22200,8,0,377,100,636,9a5e254c7c66af97
0b90040a,8,0,389,100,636,c400bf5ae98df670
0468440c,8,0,382,100,636,166a9e3a23c58756
2211040b,8,0,379,100,636,3e14cab98b307d83
0bc04480,8,0,391,100,636,38e567eb72a62c3e
011a7002,8,0,391,100,636,38e567eb72a62c3e
030bb000,8,0,385,100,636,876b946199cb44fe
055c2400,8,0,391,100,636,38e567eb72a62c3e
248d1010,8,0,366,100,636,3f7d4c7850542d4f
12142822,8,0,277,294,636,dea24f94d6b8743f
04a01c44,8,0,168,294,636,b0bc12b89bbf2db
181200c5,8,0,197,294,636,a962877115eea25b
144c4011,8,0,388,100,636,19180305aea42272
2404b300,8,0,360,294,636,9cf0b85aed10d082
1b006180,8,0,348,256,636,62452219a038d6f7
05040199,8,0,256,294,636,c33b1ac0c5863e29
1c820405,8,0,284,256,636,67625e9b98a941ac
0d810406,8,0,291,294,636,ecf81b73ab47ec80
261008a8,8,0,354,100,636,58af071dde1c3312
2e010085,8,0,204,294,636,56e05c069db13d46
2c680101,8,0,273,294,636,a1fbd9df2e989072
26921200,8,0,383,100,636,43fbb8b9747ef0f9
05422103,8,0,313,256,636,c00e417b68baeb4a
28942408,8,0,372,100,636,e3153a281571d831
054a1102,8,0,299,294,636,34140030fc0a7489
15844a00,8,0,391,100,636,38e567eb72a62c3e
0e80a024,8,0,176,294,636,ac829dee919adfa2
32181810,8,0,338,100,636,861cf29dd75c03c2
1a209003,8,0,363,100,636,4d6d1c0425c5e422
35002c08,8,0,391,100,636,38e567eb72a62c3e
05045601,8,0,391,100,636,38e567eb72a62c3e
0998a004,8,0,374,294,636,1d79cdbbda34daf6
0a078201,8,0,309,256,636,e0dbb5d54edb6909
300414c8,8,0,336,294,636,52fc9b040df0cc88
090aa210,8,0,338,294,636,6d23c109f7d4d687
150b1002,8,0,354,294,636,e318056a1c6cae8a
089430c0,8,0,278,294,636,97f62aad92a088f1
06162240,8,0,329,256,636,f49fdc669fe4e17f
016e2080,8,0,391,100,636,38e567eb72a62c3e
14804c22,8,0,217,294,636,abe88435567bda9d
01158640,8,0,336,100,636,1e96df5a4f2bd48b
00cc4083,8,0,330,294,636,39d9de5b30c6fa99
2412820a,8,0,309,100,636,dbeb06d671a1a947
14291300,8,0,390,100,636,350936e7b1701184
0110844b,8,0,367,100,636,21c0713dce11dc47
1204a019,8,0,385,100,636,b8236ea3ef54b5f3
32048481,8,0,390,100,636,8d2fef6ae277dff2
06907004,8,0,391,100,636,38e567eb72a62c3e
01906228,8,0,386,100,636,70147d8537123067
0423022c,8,0,230,294,636,7ec5f8551b7f25da
11c1c004,8,0,359,294,636,cc064c363b73683f
114d8800,8,0,379,100,636,b4f218ce5ea343d9
2440a580,8,0,345,256,636,427da550e46709ed
0301ac40,8,0,391,100,636,38e567eb72a62c3e
22c06c00,8,0,391,100,636,38e567eb72a62c3e
098a2240,8,0,383,256,636,3eba2a8469087113
21142442,8,0,363,100,636,bc5979882c9f1851
2600b108,8,0,388,100,636,2bc8fc43773ca29b
06018740,8,0,388,100,636,cd431368bf10c52c
0838c480,8,0,314,294,636,94728b878d5b1ca5
16491002,8,0,381,100,636,b03ed7612a578b3a
03013007,8,0,343,294,636,c455841e4951843c
2a029084,8,0,223,294,636,54d7d864e157b6a7
058e0410,8,0,318,100,636,5c6819b85b464c3e
1204a481,8,0,391,100,636,38e567eb72a62c3e
0a061680,8,0,381,100,636,bc364500e2330dc0
010c5209,8,0,389,100,636,27527b9ae954697a
1440b088,8,0,388,256,636,a2e5f9682aa9a9e4
16401a04,8,0,255,294,636,c5491e7b9834e2dd
01589090,8,0,375,100,636,74e02ca27de74495
0e3002c0,8,0,293,294,636,582e9352df7cee1c
106a5400,8,0,379,100,636,788f067f3441364f
3408200d,8,0,391,100,636,38e567eb72a62c3e
24094640,8,0,386,100,636,c69f35ba9d9650ae
0c660005,8,0,303,256,636,ec56f6a697b4b785
058a0209,8,0,391,100,636,38e567eb72a62c3e
09221803,8,0,379,100,636,e31f02b3d59a0096
01a83404,8,0,391,100,636,38e567eb72a62c3e
0151c440,8,0,387,100,636,6e794ce05d1bb4f5
190d2200,8,0,391,100,636,38e567eb72a62c3e
06404704,8,0,100,294,636,e659535222038802
21109c20,8,0,268,100,636,38992ff4ac93adac
0d900844,8,0,363,294,636,36dfef099e93b40f
00905207,8,0,382,100,636,e31553e67cb26f69
0c308141,8,0,251,294,636,6fa4911c2a2914f1
13200603,8,0,358,100,636,1158feaf105d4df1
08847801,8,0,325,294,636,4821780b74de71ab
20c52480,8,0,372,256,636,22b2b026a5fa59e4
20ce4200,8,0,360,294,636,6c1dd69411123377
304a20c0,8,0,374,100,636,29917d9e4318938
38286002,8,0,388,100,636,f4aa398523eab15e
05004668,8,0,233,294,636,1316b99f9fe17a5a
00407614,8,0,227,338,636,3a0eb24a580e9e2a
308a0602,8,0,318,294,636,7c16a0e7b28cdbdc
03941081,8,0,387,100,636,54ac7ecfae414a90
35080111,8,0,312,294,636,783b33c7634e346f
08523202,8,0,357,256,636,e9bd66a601a87019
00965012,8,0,352,100,636,968878807d50f6f
068e8800,8,0,245,294,636,74982a9dd26764e5
14a80242,8,0,298,294,636,8c893671b93020e7
25828018,8,0,189,294,636,c819d445009be474
2d220014,8,0,227,294,636,b01a9ad9233288a5
24644420,8,0,311,294,636,5f90f4e53ba26bef
0e400458,8,0,322,100,636,e8a8eba8101ed23b
1a8c4010,8,0,350,294,636,c1565fa8bd8855f5
05182025,8,0,387,256,636,f81d0a6cd8b12a0d
20189812,8,0,308,100,636,3a4a65f16fefbcd6
22b40082,8,0,333,100,636,ad6c3ff518d8e364
11601809,8,0,391,100,636,38e567eb72a62c3e
23628040,8,0,217,100,636,890c77a51022e064
0d046088,8,0,391,100,636,38e567eb72a62c3e
28284409,8,0,386,100,636,d73eaed6e8778d83
06901054,8,0,156,294,636,110a6622cbe45496
16a40005,8,0,371,100,636,513500bb411705db
2052008b,8,0,354,100,636,fe3e5958acb99606
06208e04,8,0,88,294,636,bec52a65d1ca8512
0e00142c,8,0,345,256,636,6204f669f7dc121a
14051504,8,0,311,294,636,e2f2ed9873da3ae8
01140709,8,0,358,100,636,9e27544b3c126362
2a011405,8,0,149,294,636,67ffa4cf89f1a41
28161801,8,0,338,256,636,55817fb1b4259101
019c4104,8,0,390,100,636,11c736fc1d20808e
17400308,8,0,364,294,636,5ec4c09b7e41516f
19904044,8,0,387,256,636,fb69cfa97e3bbad1
0540848c,8,0,376,100,636,b53c84b1a008578f
0480444b,8,0,383,100,636,b9985f8ecf8e1825
0146600c,8,0,368,100,636,d1dd88dc2134baf3
2822d200,8,0,372,294,636,1628115a5dd4d559
18046043,8,0,312,294,636,2a4dd906fa1e8ef9
2039a001,8,0,385,100,636,313db541657a9b14
050c041c,8,0,373,100,636,6276a6f65ca700e3
20047019,8,0,348,294,636,d72f56f8bdc3d72b
34131800,8,0,387,100,636,26e5498924c51bfc
04c03814,8,0,168,338,636,8d1442e645d06580
3e409000,8,0,391,100,636,38e567eb72a62c3e
02629201,8,0,362,100,636,52e10dc4f5667637
0844a418,8,0,193,338,636,7089271d3ccb7064
05019414,8,0,283,294,636,afc14a604ea071a6
10533004,8,0,327,294,636,2b13f14d8a3c2391
164b0008,8,0,381,100,636,f07b0fdb1ea5b24d
10342620,8,0,320,294,636,82f4d20f3e012fd
0a80700a,8,0,381,294,636,c39135b0fa01c0e3
02d05480,8,0,391,100,636,38e567eb72a62c3e
130d1001,8,0,383,100,636,9b9a4622760d567b
00785804,8,0,385,100,636,d48b751261909329
04883640,8,0,375,294,636,2e94a89d4759bc32
34188044,8,0,369,100,636,bb6f83cca9151af5
0031101b,8,0,313,294,636,630e333871371d7e
3800120d,8,0,295,294,636,69c4465f05610315
24894404,8,0,391,100,636,38e567eb72a62c3e
04b8008c,8,0,303,294,636,e951a1dd9798905d
30924011,8,0,350,294,636,35043e154555d91
05186101,8,0,391,100,636,38e567eb72a62c3e
0043320c,8,0,306,294,636,823bd5385fb62533
1e008890,8,0,166,294,636,8e3b0189e74ffa6a
0304a422,8,0,298,100,636,34da6e3152ad708e
27520008,8,0,391,100,636,38e567eb72a62c3e
25302024,8,0,388,100,636,2352cd2bbe3ab176
2800b109,8,0,181,338,636,a8122428ba833f1b
00d44015,8,0,297,294,636,c17131997d1489ff
02701051,8,0,382,100,636,37488db54a49657d
08706402,8,0,333,294,636,6428cd9cded0e7b
04a61005,8,0,333,294,636,be8f465c73d66583
15111090,8,0,388,100,636,4ca0288314f8bce0
1601a084,8,0,349,256,636,b8b8ed7860cdeedc
23202224,8,0,239,338,636,368f987d747a85d8
0111500b,8,0,387,100,636,c5441b4103fef26e
246c0300,8,0,323,294,636,49a404e48b0f2b85
17002610,8,0,391,100,636,38e567eb72a62c3e
05156400,8,0,391,100,636,38e567eb72a62c3e
2a065008,8,0,388,100,636,bf980e83f0bd7c39
16098101,8,0,311,294,636,f1fd0c65ebd250c0
02908921,8,0,168,100,636,3112c28a7aa91a1
011c808a,8,0,336,100,636,aeef1fee83f181b5
02109c0c,8,0,377,100,636,72372aed5f4e3677
16048106,8,0,367,100,636,d5f809dc51ffe655
119b8000,8,0,286,294,636,c5d2e668c4521f99
0a84a801,8,0,279,256,636,f2a48ac635feec4e
14887100,8,0,391,100,636,38e567eb72a62c3e
24480581,8,0,293,294,636,fd11fe8dec7e823c
15322010,8,0,378,256,636,7ea2ccc2748c93d
20249049,8,0,375,100,636,52ca92a6c620257b
27710000,8,0,391,100,636,38e567eb72a62c3e
303c1002,8,0,391,100,636,38e567eb72a62c3e
12102849,8,0,244,294,636,42a8e58a2dd7e709
1890a021,8,0,135,294,636,9ef1106131c0656f
006a3402,8,0,383,100,636,c3324a4bd0ed999f
2809040e,8,0,331,294,636,2022bd5548acac33
38042c02,8,0,249,294,636,6cf69156197f1f8e
20302229,8,0,261,294,636,c2dbdb2367cd7316
34128810,8,0,317,294,636,5656d6ab38e3a943
22c81408,8,0,391,100,636,38e567eb72a62c3e
22a00419,8,0,309,100,636,9729fc382e57c192
30720041,8,0,250,294,636,261d9abc3579ac39
04dc0110,8,0,276,294,636,142955a98d1cbbb4
24c40540,8,0,261,294,636,799803e202a8e14d
04143520,8,0,346,294,636,e38b241d04f08483
22a8c020,8,0,381,100,636,79c56928c55e94f
24519800,8,0,391,100,636,38e567eb72a62c3e
06414604,8,0,390,100,636,b42db3eb0915969a
23403202,8,0,391,100,636,38e567eb72a62c3e
00d85220,8,0,376,100,636,e3de67ed9a18308b
2901d008,8,0,293,294,636,539923db735abe0f
241242c0,8,0,249,294,636,b77d68b86d73cee2
03322240,8,0,380,100,636,5b03f7dc28902dd2
2c40201c,8,0,263,294,636,5793cf60f9a12513
1c125002,8,0,391,100,636,38e567eb72a62c3e
03853080,8,0,376,100,636,6c668c8b1c74fd52
10581301,8,0,296,294,636,7678a5dcd2eafa0a
3a001809,8,0,343,294,636,3d1f6da3a15f2d57
19420288,8,0,385,256,636,27b371970780b6cd
23d00108,8,0,353,100,636,4759ca96278a36c7
0c444604,8,0,263,294,636,ec507e3dd2704677
12111c01,8,0,367,100,636,f28967f875620d6e
08928105,8,0,125,294,636,f3fc76a93589de52
19848201,8,0,376,100,636,488082c3d4e3af89
15244048,8,0,391,100,636,38e567eb72a62c3e
06610046,8,0,240,294,636,cd532f90a177f109
29081301,8,0,322,294,636,187f787c6ccd90a8
1200f280,8,0,390,100,636,4a3445d7f92e7ba3
08988680,8,0,300,294,636,a83eaf04b91ccdb3
04385500,8,0,391,100,636,38e567eb72a62c3e
04890491,8,0,262,294,636,1d27e3be837b1e67
11247040,8,0,391,100,636,38e567eb72a62c3e
194a0410,8,0,305,294,636,2bfc6be82d4a58f0
06000cc9,8,0,344,256,636,487fcba9d04cd38e
09360090,8,0,337,256,636,e2bb4cd53e441c48
0705a080,8,0,391,100,636,38e567eb72a62c3e
0d421048,8,0,389,256,636,f0febcafb0b390e8
32485008,8,0,381,100,636,e1b7eb1fde2bbf67
1a221900,8,0,235,294,636,90b56d53c38b4516
014c6102,8,0,357,100,636,1bc71ccf1d6dbd6f
1b021009,8,0,391,100,636,38e567eb72a62c3e
35004284,8,0,387,100,636,4a1bbcd4b84c8101
112a1401,8,0,391,100,636,38e567eb72a62c3e
04523018,8,0,389,256,636,9226eaaa6b5e2c05
00cc7800,8,0,385,100,636,9b9d17ed6d31c764
02882381,8,0,309,294,636,2c3aa18289927621
0094300d,8,0,339,294,636,ebc4f2b74c8db564
06244421,8,0,320,100,636,c4dbbdfe89a5848f
30584014,8,0,373,294,636,fa5344e0a1e3108b
3420204c,8,0,263,294,636,d41a44b72ac45f69
230a4018,8,0,346,100,636,61497727d2a0b914
0186b004,8,0,350,256,636,2ac69cce5f91ebc6
2a3c0200,8,0,387,100,636,38f1de412d76bed
13488820,8,0,318,100,636,70e6080377900955
249c0180,8,0,384,100,636,89b0b2d03affb411
014bb000,8,0,386,100,636,68f401da7d60ae4d
3e000421,8,0,329,256,636,b67197e0d9548f05
1022140b,8,0,385,100,636,198111eee36167ae
0e13000a,8,0,374,256,636,6d224490a46e61cf
29281500,8,0,390,100,636,31fe421dcc88c51b
1c428280,8,0,334,256,636,fb50b732b6c99bf
2190a600,8,0,391,100,636,38e567eb72a62c3e
0606810c,8,0,139,294,636,6e271c47a74c4000
34031300,8,0,345,294,636,127a7c6edaeb60aa
30904a02,8,0,324,294,636,279765f05ed3dc48
20128c48,8,0,310,100,636,a8a17c34d7f17d4c
06302007,8,0,387,100,636,1a1b13a58a9bb7ae
111c0023,8,0,381,256,636,966cfcce9e8ecd67
11461028,8,0,348,294,636,d2bd20fa337ac11e
05443084,8,0,391,100,636,38e567eb72a62c3e
31030608,8,0,332,294,636,6d280a731388df8b
200e2248,8,0,310,294,636,a0b36d5b6e64ed17
196040c0,8,0,324,294,636,72aabad30b6c93c8
09880e01,8,0,310,294,636,43caef948b39405
04c05818,8,0,309,294,636,2f09b0520822bf7c
0a048e40,8,0,301,100,636,6afd8393c7c2d6e8
1d8a8000,8,0,372,256,636,c6663b7e0a85ca56
12710009,8,0,391,100,636,38e567eb72a62c3e
2112500a,8,0,388,100,636,b24098d238056d5
24a400c1,8,0,198,294,636,b1a34d04c7602068
0934a040,8,0,371,100,636,a994d2f31bbe0149
02950488,8,0,317,100,636,1fdf2a0515ba9d2
03242c20,8,0,352,100,636,29430d8cc5835611
01a48484,8,0,218,100,636,f89750bcd63189e2
0a021807,8,0,175,294,636,e0b88bf45adad668
111a2011,8,0,366,256,636,dcfec3207b4718a1
0602a222,8,0,189,294,636,5f24f41282f9968
0c248288,8,0,207,294,636,410eac64191500de
1d0800a8,8,0,339,294,636,e5b867a728e6307a
11282409,8,0,391,100,636,38e567eb72a62c3e
1d200811,8,0,223,294,636,7230d3115fa76fbd
0c62c400,8,0,342,256,636,c9b51fb750f7d6ab
0cc2a200,8,0,381,256,636,9afee58e00b59762
2a920402,8,0,391,100,636,38e567eb72a62c3e
0b209018,8,0,336,100,636,e3bf5c3b205377d3
08b0c042,8,0,335,294,636,386677c79773e2e0
05229240,8,0,389,100,636,38af41750eb4cedd
0f000452,8,0,253,294,636,e6f897e900372079
03a48005,8,0,329,100,636,6aa192386014fe35
20221069,8,0,313,100,636,f73b0e382ce08e3f
03682088,8,0,391,100,636,38e567eb72a62c3e
2500284a,8,0,224,294,636,5cc78f0e3b60cfa1
010a7210,8,0,390,100,636,31fe421dcc88c51b
09490e00,8,0,333,294,636,d0f6d9f5a8f8a31c
06414448,8,0,391,100,636,38e567eb72a62c3e
24403092,8,0,374,294,636,4469770c31d82010
01622c80,8,0,388,100,636,cadd1d72ee6ac91e
09884045,8,0,343,294,636,8f5430b8a14bb222
0102b00d,8,0,385,100,636,fe9c9253f7ac0260
0218a488,8,0,391,100,636,38e567eb72a62c3e
1c0c0818,8,0,360,256,636,c564d809295a4b29
228060c2,8,0,383,100,636,68c433eeed3708a8
201d4081,8,0,376,100,636,bb80814dbae40105
05100c98,8,0,382,100,636,f6bdca0fd663fe0d
01342c40,8,0,375,100,636,8876cd8c3d2f75bb
11300618,8,0,309,294,636,292c37e9a9e14f16
31504009,8,0,391,100,636,38e567eb72a62c3e
081b8084,8,0,242,294,636,c9631b4af743d3b7
049e4020,8,0,384,100,636,e870e897a79eb9a8
0498e100,8,0,391,100,636,38e567eb72a62c3e
0a502888,8,0,381,256,636,ada7b4997d3a20a
08682049,8,0,344,294,636,468cd9fc93e61722
0e420d00,8,0,297,256,636,9623327d119483b7
087c2020,8,0,326,294,636,22b84a8ff2eaa03c
22428029,8,0,139,294,636,6a154e64463d623c
24122610,8,0,373,256,636,c54036d0fe6ac145
1420b500,8,0,383,100,636,683cf66525037d0
12066202,8,0,354,100,636,5f66fa3345dc5db4
21804708,8,0,368,100,636,7058382b9b32b13c
15124028,8,0,390,100,636,7cc24dd128a05805
1188200d,8,0,368,294,636,7137bc4dd0e0ffe5
04f60008,8,0,374,100,636,e823b309ad528c29
18121a80,8,0,351,256,636,decf50247dd5d3f2
091aa010,8,0,359,256,636,46c86ced7b6659dd
21246003,8,0,370,100,636,3d34bf7e4e4e7f86
04c0a01a,8,0,162,338,636,648063be0ef08d13
000a9609,8,0,379,100,636,e22a18738ad80cb9
01c8a801,8,0,387,100,636,c6c749f17c46dfc1
111d4004,8,0,391,100,636,38e567eb72a62c3e
0d022184,8,0,355,256,636,c559c66877fe506
34004298,8,0,300,294,636,a842a577bce78dc8
30309804,8,0,321,100,636,f688e6cbec5ea72b
06901058,8,0,266,294,636,ca46b0b5dd01ec87
11144106,8,0,364,100,636,f0aff16cfc0484a9
0b048a80,8,0,286,100,636,33d9cbe069af81d1
05a07004,8,0,391,100,636,38e567eb72a62c3e
26380108,8,0,391,100,636,38e567eb72a62c3e
01162a20,8,0,268,294,636,28328c4965746f28
0c08a2a0,8,0,304,294,636,d2c8cf51798ae5cf
07064110,8,0,169,294,636,7b6777b0ed70d01b
16011c02,8,0,377,100,636,c04c8a2cc405c28
040aa604,8,0,278,294,636,e58d11f04c3fe5b3
0eb80200,8,0,387,100,636,c07964b641256b88
03a12c00,8,0,385,100,636,5415da2f0746b584
07cc0002,8,0,390,100,636,4a3445d7f92e7ba3
0d302900,8,0,389,100,636,f80fb8b412c9bb5d
0608a00d,8,0,388,100,636,fa7c1a7931d21dd4
39002212,8,0,244,294,636,4849d7f2f84969b2
08442491,8,0,272,256,636,4ac3af2d4613a192
04212618,8,0,349,294,636,f20e29d1a9d32ec9
080a5241,8,0,312,294,636,b7aeda0c4486e5fd
2504a220,8,0,382,100,636,2086d0e12fbfe0fb
25441801,8,0,391,100,636,38e567eb72a62c3e
27500009,8,0,391,100,636,38e567eb72a62c3e
05061424,8,0,226,294,636,8ddb31fef3e511a7
1c800e08,8,0,282,294,636,eb2894a6a1cc7d87
2c200c0a,8,0,320,294,636,3f1e454689446b8b
34100039,8,0,369,100,636,76039ae124c0173b
05047401,8,0,391,100,636,38e567eb72a62c3e
0cc90410,8,0,338,294,636,5a58b151afcf183
07300148,8,0,383,100,636,2ddcb48c2b305187
20b64001,8,0,378,294,636,fa50f6175068ef07
0a803007,8,0,221,294,636,add029e24772afb1
041a5c00,8,0,391,100,636,38e567eb72a62c3e
13022806,8,0,258,294,636,681252483d5c9fc8
0641a011,8,0,384,100,636,a3cd2cf8677408a5
0582aa00,8,0,355,294,636,2fdb6c71799e3f67
20868109,8,0,217,100,636,3efcb53a086468db
07810260,8,0,275,294,636,ba656068136aff50
30483500,8,0,315,294,636,6747b8ea23ea8a98
091484c0,8,0,372,100,636,b6cdd95320531bdd
11b31000,8,0,377,294,636,5b3d35064a058aab
098cc040,8,0,389,100,636,17a08c02715e57a2
1d100904,8,0,343,294,636,33c9953a6728d4cb
2418e100,8,0,391,100,636,38e567eb72a62c3e
31104520,8,0,304,294,636,9a8efe87d6f4e54f
0e440206,8,0,190,294,636,b65c7e3fde14c8d3
2120a282,8,0,367,100,636,8a8ba43d7bcea693
1c4c2004,8,0,391,100,636,38e567eb72a62c3e
35100230,8,0,288,294,636,3e85242b7794fe44
02141491,8,0,327,100,636,9784f844cd6cf05f
0c428e00,8,0,197,294,636,c5aa0d8bc0711893
0c8450c0,8,0,386,100,636,830247057969ef97
04394028,8,0,372,100,636,fe6fc983192b40d5
0104644c,8,0,336,294,636,1bc0965fb2a9a66
06841604,8,0,379,100,636,7ff6a350f87a8a0d
26112408,8,0,391,100,636,38e567eb72a62c3e
01c49082,8,0,299,100,636,71c28980e5690efa
144050e0,8,0,260,294,636,ee0fe9078c03a64a
0c22042a,8,0,329,256,636,e845e55923b51297
0b005482,8,0,385,100,636,6c86dd123c64f411
14054c02,8,0,306,294,636,f141226a08fecd60
0d0a008c,8,0,384,256,636,ec5718111d3fc881
06048898,8,0,228,294,636,d342132725d1151e
2a580820,8,0,297,294,636,fb8402611295beef
042031b0,8,0,306,294,636,c8a6dc4a775450fc
00325488,8,0,388,100,636,4d7e12bc560956b9
0e0a1c00,8,0,391,100,636,38e567eb72a62c3e
22143a00,8,0,374,100,636,70ff0acc732240b2
20c0e060,8,0,358,294,636,dd4a6ad5b56b1aaf
34109108,8,0,391,100,636,38e567eb72a62c3e
3c200091,8,0,201,294,636,8f131c02e2679eee
1890020b,8,0,279,294,636,65e214253846fe08
06c64001,8,0,370,100,636,bce8b6e18c05044b
22092428,8,0,345,100,636,cfe92a93cdf5a7f7
1a500908,8,0,193,294,636,7d3afc8ff7b54f08
02c18c08,8,0,316,100,636,a43ca7bb656a933c
06194101,8,0,323,294,636,cda85f97e625ac68
2a142804,8,0,311,294,636,9526b3d76069349d
12824580,8,0,320,100,636,c0b0164a3ddc684e
281a3002,8,0,389,100,636,ada43ecd1a7cbb5e
07420089,8,0,391,100,636,38e567eb72a62c3e
018162a0,8,0,373,294,636,2d7dd59aca628632
20665400,8,0,327,100,636,ccf1e0879bfd23a2
2c310202,8,0,374,100,636,9aff60003dccccb3
06225044,8,0,385,100,636,cd66d8577653533b
08034c48,8,0,247,294,636,f74274c44442b41b
1c002682,8,0,305,294,636,b0b1be42ebc9f3ef
05f01400,8,0,391,100,636,38e567eb72a62c3e
04821498,8,0,341,294,636,33b41ecdf4ab8e5b
054c0184,8,0,317,294,636,8df138629de6ac56
2203b200,8,0,276,338,636,dbc0e283ab66fd01
26450030,8,0,246,294,636,2935c722f02748e6
040a3a08,8,0,356,294,636,2bcca699481e9639
044c2405,8,0,364,256,636,781af1ef5a4f2d7
0e80c088,8,0,381,100,636,973f0a9f18959f30
0c482148,8,0,228,294,636,fc087c444024aa4b
20e05108,8,0,342,100,636,89f72f5ba445b70
1f009200,8,0,391,100,636,38e567eb72a62c3e
14039410,8,0,142,294,636,716d43c2526f6ab7
2220f010,8,0,389,100,636,f3173849b6ce1407
0c0f0801,8,0,340,256,636,ac85a4ec7d649dea
120d2204,8,0,328,294,636,9a26ad3b47cb5425
06212501,8,0,326,294,636,f504370cae17c1cd
29303004,8,0,391,100,636,38e567eb72a62c3e
21662200,8,0,384,100,636,6cf2e096f3823c6c
10885484,8,0,390,100,636,98d68c2ee2532965
2c480049,8,0,367,100,636,6f332d64ca9445bd
254808a0,8,0,363,100,636,904587eab40aa1e8
2141200d,8,0,313,294,636,b1808c4ff5ecc58e
04805390,8,0,300,294,636,a80dbee6177f89e0
06027090,8,0,388,100,636,d2bfccecfa2b5d9e
35408500,8,0,379,100,636,5c4d40b6e6d7b4df
1a0c2108,8,0,346,294,636,d1a1829c2c24e3f1
05100e88,8,0,390,100,636,af807d3725107ab9
0c502884,8,0,384,256,636,c8364614cb1d85d9
28b04030,8,0,274,294,636,48d4e346a47d9f0e
0b807001,8,0,391,100,636,38e567eb72a62c3e
04113007,8,0,357,294,636,28e06563419dbca9
00d050a1,8,0,387,100,636,44f9d7be06e6c1bb
24893040,8,0,359,294,636,52113e4430d089b5
046460c0,8,0,389,100,636,1360fbad07463acf
39002d00,8,0,233,294,636,bea1f00a56103761
08a06148,8,0,254,338,636,718347622286cafe
180a180c,8,0,331,294,636,db2731544ce8444f
3448a004,8,0,389,100,636,8fd75a00721c43cb
0121d204,8,0,362,100,636,a21cb91c0130de4
04213103,8,0,372,294,636,f0bc2373fa60dfd3
01398500,8,0,346,100,636,9f558869661f1909
03490444,8,0,297,100,636,277cb6e7a8e4999c
042d8028,8,0,293,294,636,b6a7fbb18159f929
29880206,8,0,358,294,636,39b32f3fe861cfe9
032a1006,8,0,378,100,636,8b3c4dc5c25c30ff
1a065004,8,0,378,256,636,f694bc0f502a9e4e
0446a110,8,0,240,294,636,7123dbe0f5074731
3800a490,8,0,193,294,636,748ddc5c36ed2262
1a5c0040,8,0,344,294,636,598d981b33c41217
3a700200,8,0,344,294,636,5aa482cee3f43df9
16211840,8,0,377,100,636,6e3203de271f484d
1830c440,8,0,340,100,636,cd09bdcb6bbb746
0cd04009,8,0,391,100,636,38e567eb72a62c3e
1c010a48,8,0,244,294,636,21da57b868991f30
16820411,8,0,216,256,636,7d103b82d3e47d17
30964400,8,0,391,100,636,38e567eb72a62c3e
05c80884,8,0,326,294,636,e3d61ea0b69c8536
20b0a300,8,0,182,338,636,10199cbf778ad0e
2608a00c,8,0,391,100,636,38e567eb72a62c3e
146d4000,8,0,391,100,636,38e567eb72a62c3e
015d0402,8,0,334,100,636,bb5adbea14758e83
08a03308,8,0,223,338,636,a2f864ea15f9a34f
0ce02108,8,0,313,294,636,cfc9cdc4f4d14ce2
15428408,8,0,391,100,636,38e567eb72a62c3e
0e80a044,8,0,232,294,636,c6b1c7f3e5ab5042
04131418,8,0,385,100,636,e674e93eb3f58ce0
0524c202,8,0,352,100,636,f5277b5d4ee9b0ae
04918203,8,0,375,100,636,b8f4d87dae74a000
34410109,8,0,385,100,636,d49fa1b348453805
2404e410,8,0,373,100,636,b16ee547ac3f91b1
03980640,8,0,391,100,636,38e567eb72a62c3e
00b01498,8,0,370,100,636,80a21f7375b32183
105c0a08,8,0,333,294,636,f6b24faada8b83ce
048e0209,8,0,387,100,636,9d6fdc668a4f54f7
02721180,8,0,310,100,636,4dcd0050942c3767
30521440,8,0,278,294,636,9ec52403f3077e10
0664200c,8,0,378,100,636,9482963e9a5df5bd
0880e403,8,0,346,294,636,b1a51af9e6af90d3
02923a00,8,0,262,294,636,66197088aaa3c666
15005111,8,0,375,294,636,b8d464751d8f3e4e
18422304,8,0,278,294,636,c4ea439cf363599c
05226802,8,0,336,294,636,aba070385d5d35b9
0d206090,8,0,386,256,636,8cca9beda8730366
0538a004,8,0,391,100,636,38e567eb72a62c3e
0430908a,8,0,384,100,636,e109d9aaf9e7503e
1503d000,8,0,391,100,636,38e567eb72a62c3e
0c060990,8,0,155,294,636,c54541665dcb7275
32189020,8,0,373,100,636,4b914f0a038b651c
0460a340,8,0,118,338,636,ca955df3388e356e
300c2444,8,0,375,100,636,66f40233f01d2f95
0448c488,8,0,370,100,636,fa9a859b67f040fe
019a0482,8,0,362,100,636,aaf5775db810131d
0b0a4014,8,0,321,294,636,1e7156a03d718578
202c5802,8,0,350,100,636,d079faa274b5acb
1ba21000,8,0,388,100,636,6cbd553fb51c19e7
00b0cc08,8,0,334,100,636,1c1bae346648050a
00b0450c,8,0,365,100,636,50bc9867df5fb0a7
091038a0,8,0,352,294,636,43cd27c761928727
24141a10,8,0,348,100,636,67092c66e4f357d3
31240608,8,0,391,100,636,38e567eb72a62c3e
0e502140,8,0,255,294,636,86f0f1aa94abce3f
21144490,8,0,373,100,636,a91be091f78f5170
0d404144,8,0,237,294,636,675d239593adb30f
01e11500,8,0,377,100,636,88d1ab45295eb88d
15011310,8,0,361,294,636,b3b88f74a9e50af5
11802644,8,0,214,338,636,eed8c3893aa920f9
224ae000,8,0,391,100,636,38e567eb72a62c3e
17164000,8,0,391,100,636,38e567eb72a62c3e
02492209,8,0,374,294,636,e42ec4daab918d19
23205104,8,0,389,100,636,7fca8809672176a5
078c1040,8,0,383,100,636,516b290b71a6ff47
280e1440,8,0,342,294,636,8ea7c1bef7443b1c
29490a00,8,0,368,294,636,79e72908798ac488
0b920018,8,0,324,256,636,150c2f7ab10d3b9d
320c3800,8,0,391,100,636,38e567eb72a62c3e
27801180,8,0,369,100,636,1396cbf1d0abce2a
0d442410,8,0,371,100,636,5267ce5d8a611f46
05a81204,8,0,390,100,636,31fe421dcc88c51b
26032082,8,0,379,100,636,8410281d2d655e93
048320c8,8,0,294,294,636,511dca4b5ac9a9ed
24205025,8,0,381,100,636,a2f73bad19a78cce
0603800d,8,0,388,100,636,4951cdae85963cbe
0310f010,8,0,391,100,636,38e567eb72a62c3e
00359101,8,0,335,100,636,92b7395f3c3347f7
11032604,8,0,275,294,636,c334eed5ba8e5778
16082182,8,0,345,256,636,d1fde92b2f555f7c
204804c9,8,0,364,100,636,8cb557a36c19d2f0
0d424210,8,0,383,100,636,4d399056c38cfd98
22405601,8,0,360,100,636,7534199f480e76bd
1098b004,8,0,371,294,636,927e9d09ff87fb1c
0428041e,8,0,272,294,636,b5fabe519298921d
1500c284,8,0,369,256,636,63750a8fabfa75dc
0c024431,8,0,206,294,636,21c196415e8c25c5
05120483,8,0,369,100,636,48ffa5cdb6a5c0e8
3010d00c,8,0,388,100,636,544a3cf57a425289
20320189,8,0,331,294,636,dd14b8c93236029f
06c50014,8,0,221,294,636,6f1ade550e442177
0c111051,8,0,230,294,636,cb7cbc019c50aea7
241006a8,8,0,307,294,636,14a72d468de67e35
141c0910,8,0,367,256,636,77cd5e644f5f4b21
00496488,8,0,376,294,636,4e3c582779ca6819
0c309801,8,0,391,100,636,38e567eb72a62c3e
1212c208,8,0,350,100,636,c86d4125e3904ef0
0842101b,8,0,328,256,636,9c658371e2333d62
13407001,8,0,391,100,636,38e567eb72a62c3e
00417405,8,0,244,294,636,83530f5098f19e2c
02ac2081,8,0,381,100,636,c1bab9f1ae04ae3f
1a00d006,8,0,326,100,636,c68bf1cae1abf648
00426294,8,0,321,294,636,7edf18aceb74cd96
34485200,8,0,391,100,636,38e567eb72a62c3e
04046582,8,0,298,256,636,366c6098f0f5b0af
34302060,8,0,323,294,636,af5f4e65bfda54bb
03701210,8,0,391,100,636,38e567eb72a62c3e
02d28410,8,0,247,100,636,590bc2f5537a125e
02558500,8,0,207,100,636,9a4192cb84273ce7
01b11044,8,0,308,294,636,8d8ce33f077c7cfa
046520c0,8,0,378,256,636,48bdb7ef0d4c827f
3b010401,8,0,351,100,636,5cd256f784dcac34
0500c384,8,0,162,294,636,ff389d2f83da4a41
34c004c0,8,0,346,100,636,fe4601fab40b60e
044a5804,8,0,330,294,636,ed41b7ab1e59bfc6
01805426,8,0,359,100,636,8620d9bbe60ce3e8
04006a0e,8,0,176,294,636,2cfffe3fbadf19b
01301099,8,0,389,100,636,df4756f24f727cb9
14250038,8,0,277,294,636,f5b7cd9668c475d8
14982022,8,0,356,294,636,28743ae07da359e8
31140481,8,0,391,100,636,38e567eb72a62c3e
0810302d,8,0,236,294,636,587127a53e3a773
0722a020,8,0,385,100,636,9b14876e88a9d0f3
0143d001,8,0,348,100,636,1e7ad69f49cba5f4
0580c510,8,0,360,100,636,ac52dd6c762b5c84
16224088,8,0,375,100,636,71f4105b6bf1e2c7
35121400,8,0,391,100,636,38e567eb72a62c3e
0ca20a01,8,0,219,294,636,79a06ff7464a1851
08c0c504,8,0,119,338,636,3c42ba665013e63f
06816102,8,0,388,100,636,61718253b20a19c0
0660204c,8,0,221,294,636,4deefd1ad397cea2
092a1041,8,0,390,100,636,e358bd8767b8d904
0e108212,8,0,297,100,636,ec909ed22da3557
01622025,8,0,281,294,636,35c671f2113d6f60
15340048,8,0,391,100,636,38e567eb72a62c3e
0318102c,8,0,349,100,636,556468dab0138a67
1d042102,8,0,357,256,636,76821ffc0f375355
32300806,8,0,280,100,636,edbcf45564b8cc8b
04201364,8,0,236,294,636,7123127aef514374
08c82c40,8,0,288,294,636,34afc2876c815eba
20382d00,8,0,369,100,636,83bff6613aae0d67
14205441,8,0,391,100,636,38e567eb72a62c3e
2c800461,8,0,126,294,636,a376f15c48c6e3de
0600f804,8,0,388,100,636,5583cc48b970adfa
03c84802,8,0,373,100,636,2b626e34dbb7cff9
120ab001,8,0,344,294,636,731a4a6a0509ab60
3148002a,8,0,310,294,636,a499d1984b21fe3a
24270021,8,0,184,294,636,a77107bd68df0ab0
20d2b000,8,0,373,294,636,a258436c8c00da04
30405488,8,0,383,100,636,c32f395f32862ca3
0c4110e0,8,0,167,294,636,33dbd63aae62d0f5
24049422,8,0,164,294,636,8066424ff0a0b98d
12442580,8,0,369,100,636,fe210cb9d2cca2df
0aa29001,8,0,381,100,636,2a8c7fc776b8b7c1
12928801,8,0,314,100,636,a661f2ce3ae23c6b
1ca20808,8,0,344,256,636,52428c1a9cd22fd6
24910181,8,0,240,294,636,6376c8a7cd171c5f
0d208980,8,0,219,294,636,b72f6e7f1a12f489
05984201,8,0,391,100,636,38e567eb72a62c3e
13107400,8,0,391,100,636,38e567eb72a62c3e
0e01104a,8,0,228,294,636,739ac77b6a3dda69
1884020d,8,0,311,294,636,6251800b7f4691f
22100b88,8,0,4,282,624,765f8d82eaea73de
380086a0,8,0,0,,,cbf29ce484222325
20414423,8,0,10,520,630,d51a006215002065
1020c1a4,8,0,2,265,625,bba8cf832dd0b7e1
02085470,8,0,22,338,636,71a50d1ae3f6d6d5
28281070,8,0,128,338,636,82962afd1c67cf65
212a0111,8,0,94,306,635,1c73f331fc9b5c60
31011214,8,0,92,338,636,822941334fb0f9b3
0a684120,8,0,48,338,636,5058804efe84b281
310048d0,8,0,75,306,635,d644b2b0c63d7f69
11258006,8,0,162,294,636,8ae3b0a9dac07049
21014a82,8,0,102,306,635,95a131df05b0aadf
006c4124,8,0,54,338,636,6dbad607f96c6409
22045218,8,0,66,338,636,fa85f9dfbc520a92
20444886,8,0,40,294,636,8dafd1c74b56f7ac
08341122,8,0,63,294,636,1cb67f03021f660d
03454180,8,0,80,338,636,1fdcf484429980
10201694,8,0,27,306,635,21693c57e80d89af
01334024,8,0,108,294,636,5543003b252aeee8
00105236,8,0,56,294,636,279ef86df73355b5
3024808c,8,0,114,294,636,80b5c8a73f36991c
01121903,8,0,128,294,636,c5bbd40c45c08e5c
3010406c,8,0,122,294,636,4b68ccffb0e153b6
01209116,8,0,69,338,636,efdf75d3784773a
13280814,8,0,60,338,636,cebbe2533ed3218d
01005ea0,8,0,66,338,636,bcfbc33fbcf6dc8d
2a280025,8,0,129,294,636,420e17967171982d
2124c102,8,0,118,338,636,598d4f7dcfbad9fb
2a0f0040,8,0,157,294,636,2cd1419938e2eb54
02258282,8,0,39,294,636,9bc26310d2b6f518
10a92180,8,0,90,306,635,8688c3cab4636331
03248144,8,0,49,338,636,3babfce6aef22c31
0a0d2011,8,0,69,338,636,f25c2780025d4289
00bd00c0,8,0,67,294,636,6e1c090ea3e30d10
21c40841,8,0,66,100,634,973a9552cd234413
0100384b,8,0,63,332,630,a62396c2be3ff77a
23000c32,8,0,43,338,636,59a56144ad82a5bb
1110414c,8,0,63,338,636,be28063c65cb53e4
03102862,8,0,14,338,636,58e5dcef09fb589d
08843043,8,0,61,220,630,fcb095aebb31300b
00a49806,8,0,10,338,636,1676e934a5c8851a
0068045a,8,0,34,338,636,cf8d47567fa23602
011a8052,8,0,26,338,636,373ab226f910d1ba
0a0948a0,8,0,13,338,636,6bab1ddd6d90827c
200055a4,8,0,21,282,632,b57fcdc9affaa332
12061540,8,0,15,306,635,fc5753569556eba0
02944054,8,0,62,294,636,9b8b1c861a872585
10129c04,8,0,28,294,632,a4b4befbf46e055e
18061320,8,0,72,294,636,99c950c5b5067766
14050115,8,0,143,294,636,63dbf978797f0dc0
12ca8200,8,0,102,338,636,4f08473267522c86
30049460,8,0,120,338,636,434349d5f907ffc5
1008944a,8,0,89,338,636,87ebe21edb54a9be
011a0e10,8,0,93,338,636,7ed951505a13f10f
1400052d,8,0,125,294,636,145f1d8bdebde20
14050c24,8,0,92,294,636,a0f03c29e0712bca
12920510,8,0,37,338,636,c58ba6072354c951
221b0240,8,0,176,294,636,90ca86915dd03771
01a4c028,8,0,149,338,636,e95045e7b0a86a73
1092201a,8,0,122,306,635,2d861ad616068b39
38840181,8,0,123,294,636,76e9cc5909a46c2
30804072,8,0,119,306,635,691caf24b7cce2e2
15400944,8,0,32,306,635,c4593af0c0760ede
10148151,8,0,62,294,636,ba5c09d2ef374e5e
0ac09820,8,0,19,338,636,9b333d8c6c36fc19
01c28a80,8,0,117,338,636,20627dcb1a3536d3
11920805,8,0,99,306,635,364899dc01c173fa
06013150,8,0,58,338,636,cbbdbe01b3504da7
27800160,8,0,65,338,636,ed0be81fe6c963b9
02842e40,8,0,84,338,636,d2ff0a2d31f95b78
0b048818,8,0,109,338,636,d6667824092b9ae
04818522,8,0,36,294,636,a38b269871f1b59
00c0b043,8,0,48,100,634,4ed91a5f67518507
17000161,8,0,31,338,636,2d76cb54cf745aa0
0a340218,8,0,81,294,636,3f5013d3c2e6eb07
01139500,8,0,84,294,636,18b8ba80a7986242
22002d82,8,0,146,294,636,589fdd7c0029c2f3
03022512,8,0,53,338,636,b9f28c8805ab64b8
020024ab,8,0,175,294,636,b564ca2be42864db
0a0ca110,8,0,105,338,636,6c7df68cafe1d747
0b010618,8,0,122,338,636,faa53d9a4f528fd3
15220118,8,0,135,338,636,5e358c0c161b1558
000f20b0,8,0,63,294,636,c9b407958ac06e1f
0208238c,8,0,54,306,635,4b34d8afd12b1823
00a8222a,8,0,56,220,630,6623f6a48bdfb381
02092503,8,0,5,416,632,9be87120fee990eb
042220d4,8,0,91,294,636,2a1e360c0ac42314
080820b6,8,0,73,294,636,4f9fb3799b1311c1
0100e0d8,8,0,117,338,636,72387ce87e658ff
0a0420aa,8,0,81,294,636,316ce2b922db4ac3
0019a098,8,0,124,294,636,c7ffa623af687903
09238240,8,0,76,338,636,933d4c480211d83e
020a221a,8,0,96,338,636,a2a19a01627655c5
200821aa,8,0,106,306,635,d10404a1f7e23421
20482065,8,0,85,282,632,94561e6d05dc4bd1
032b4020,8,0,88,338,636,59e0fc354004fd65
001c2198,8,0,150,294,636,7d25fa8efaf0a773
011f0410,8,0,175,294,636,ea404b794b307e3d
02a82122,8,0,115,338,636,7c45300012e8cb17
024d2900,8,0,75,338,636,1a80fb476e3c7ace
02180899,8,0,223,294,636,f2833efd65d03d57
0008380f,8,0,172,294,636,a1e61a45bfeb970d
01ab0081,8,0,154,294,636,a36f0ee83cccf47b
004a0c0b,8,0,213,294,636,39dc9b7c895bd673
01002396,8,0,39,416,632,ba32cbf03ce6080d
22242450,8,0,185,294,636,141e2b178aa472d7
340a00b0,8,0,162,294,636,f009fd8954990f4a
030c02a2,8,0,88,338,636,aa7a43da33622f86
032c8820,8,0,191,338,636,7f197a4ab59236da
300a40a2,8,0,177,294,636,efc59b04988ab2f2
0288a0b0,8,0,67,338,636,a878e44147177ad9
0209a806,8,0,17,416,629,304c2493901ff0e1
13a02820,8,0,122,338,636,1192f3605552505
012a0624,8,0,123,338,636,7a3111a9a5960ca1
00a8408e,8,0,146,294,636,876841ae2cf7681
0204a21a,8,0,22,372,630,f85825adc79cad8e
22200d88,8,0,222,294,636,8bef856dac9139a7
009620a2,8,0,123,294,636,92f2f69f8d7d2f04
208b0016,8,0,106,338,636,cc7d3e7af78fe1eb
2120a029,8,0,181,338,636,99657e1aee837bcc
200ea060,8,0,93,338,636,8ca87c421ea57683
02042187,8,0,134,294,636,1ad0504e000e7c80
2209001e,8,0,200,294,636,8965aef4a1899a6f
120520e0,8,0,92,294,636,6a378788b6b120f5
00690628,8,0,50,338,636,b9535879bd93c5b2
03300126,8,0,219,100,636,b9d98094fe770a32
218e0090,8,0,226,294,636,dddee7f1f1797b71
001c0c8a,8,0,141,294,636,f4b75b60fd9a8187
18052190,8,0,92,294,636,8c07d268d6dae286
06090541,8,0,118,294,636,27f7a84e9b06a1fc
0804e4a0,8,0,210,294,636,eb7011247ce87dbc
00117a04,8,0,265,294,636,edec5641b3e943b6
280160d0,8,0,120,294,636,a904adae0839cb47
19012340,8,0,50,445,626,8c86c9ede78c838
10887030,8,0,320,294,636,23277f273c77c1e7
31430a00,8,0,185,306,635,1918b45a912e8cc
00b8008d,8,0,252,294,636,705b1f6b97e5566c
0628006c,8,0,108,294,636,f0c565ecf1de56c2
28081213,8,0,227,294,636,a619cb79d62729a4
12258042,8,0,173,294,636,7cdb41e6712c977
20a08588,8,0,146,294,636,160025aad6cd0ff4
20284514,8,0,158,294,636,356ad1bfa17d0cb6
208b1410,8,0,117,338,636,adeab1c35d508271
2202141c,8,0,175,338,636,eee7cf29986cb115
29410428,8,0,234,338,636,17e9c5f0eddd1e57
2818010e,8,0,230,294,636,c70f6e0025e052d0
24408885,8,0,192,294,636,21411ccbb539fc5f
00a06886,8,0,256,294,636,439d18ab249297a1
020060b6,8,0,169,294,636,55f0c090f9f9eeb8
04a884a0,8,0,231,294,636,8861f01e3d87ae5b
180a2242,8,0,191,294,636,7d12ef4ff9bbb3c3
221d0011,8,0,283,294,636,3bc96b4948518467
000a2c49,8,0,257,294,636,f8b5552e34921590
02032a88,8,0,270,294,636,b650fb5fbec73c03
20180e84,8,0,294,294,636,43d93ece578edcdf
208e2028,8,0,265,294,636,3f0d3e380faedd84
08ae2020,8,0,200,294,636,4981aa76ec4a8add
010a6c40,8,0,325,294,636,ee70002b48e15b6b
08622504,8,0,112,338,636,c24f3e90996e2960
11230601,8,0,225,294,636,60ac7547bad6998b
20748404,8,0,152,294,636,c210410b4128566c
2002aac0,8,0,19,306,635,bb4a56594cc98466
01036405,8,0,264,294,636,61e3ee2277a204d4
30481881,8,0,269,294,636,ec421ce9730342ea
28514280,8,0,245,294,636,2d9fb6350cbd518d
28222250,8,0,127,306,635,48caf4528e07cf3e
2020b190,8,0,161,338,636,246f4fea902f957f
01097104,8,0,333,294,636,9e5379b7bad5864
20882c18,8,0,267,338,636,caa2736dcc7f06b9
2249800c,8,0,153,338,636,2d91f6bf239900b8
2000f188,8,0,255,294,636,74a69e9a6cf0e5f9
28005603,8,0,230,294,636,f8abab896cffa020
09ca0840,8,0,246,294,636,5f1256cfb5923588
01903821,8,0,255,294,636,4e15143f49443ea6
28470108,8,0,160,294,636,4694320b21c50ce1
310a4220,8,0,331,294,636,92c646267f2f2833
32090441,8,0,222,294,636,bcb54d01b289bd8b
20067060,8,0,147,294,636,e3ca3ba56bd27a8d
31209801,8,0,327,294,636,8426df0f1481a9be
01022ec0,8,0,284,294,636,54bdbe7c30d696fb
010b3104,8,0,205,338,636,247b3defb797e3a5
20037014,8,0,140,338,636,21effebc12b1a28d
008078a1,8,0,317,294,636,9e5ec6c2dcc2330f
0011a08d,8,0,213,294,636,128490cc820a6f42
0a03c420,8,0,128,294,636,dfddc0215ace7dd4
20aa1012,8,0,336,100,636,293df64baab4efac
3000c688,8,0,229,294,636,b3172e11f6fbcb6b
002ea880,8,0,288,294,636,679ee92637e2cd82
21109260,8,0,151,338,636,d36ac00e90a6fd60
210123c0,8,0,89,306,635,18607ff995933c21
28188a10,8,0,175,294,636,baf0d961fb253f0a
014c9180,8,0,241,294,636,85b20af89667d8d9
218a0460,8,0,198,294,636,19b8818fe26e4074
0839200a,8,0,254,294,636,c87c65e120e7c1a8
3120c006,8,0,233,294,636,2415547b93491f8f
11280a81,8,0,332,294,636,431827e66f206c60
0005620d,8,0,242,294,636,7f019b605a26d506
0049e180,8,0,257,294,636,e1196553ea159c8
28a72000,8,0,174,294,636,f4eeb652505ab0e9
2068020d,8,0,297,294,636,4f81b6058d75092e
020860cc,8,0,204,294,636,f2bc1bb53e9da5b2
21231240,8,0,294,294,636,da81472313aa82d9
2882c014,8,0,158,294,636,820e3e0dfc242a16
082a80a8,8,0,232,294,636,2bf4f059d0527911
209a8220,8,0,214,294,636,afe53b586ba7d798
0124a308,8,0,208,338,636,92a13a8b0bf172f5
0025a0c1,8,0,147,294,636,7375b9487e1ca647
31888041,8,0,287,294,636,1cc6086d38ab43e9
2a214500,8,0,212,294,636,9ed67adbda9ad3dc
320a2028,8,0,272,294,636,2ebff6feeedd6762
2090288a,8,0,208,294,636,bfd60b977ab0fa09
08c8a090,8,0,246,294,636,ad25f1317a45e246
20594180,8,0,251,294,636,52dc876226baf808
22041618,8,0,202,338,636,aa7b385aadc9d51
08381114,8,0,233,294,636,928a85f7636271
2c280821,8,0,217,294,636,b263a121e8846757
084b2044,8,0,228,294,636,9bbdb678f78df693
29082062,8,0,262,294,636,e102b146f887d6de
1a282090,8,0,283,294,636,ac787895120bc08d
200071a4,8,0,303,294,636,a38eae5a9fc2d80
01921282,8,0,279,294,636,3b25c21e7ccb1df6
28e1a000,8,0,160,338,636,1a81ce7c5e8c512a
20368208,8,0,204,294,636,f1b9a75051d4dd87
21262104,8,0,217,294,636,c3f85189317b815f
11079400,8,0,289,294,636,85634bb9dd04e9b4
20c230a0,8,0,214,294,636,858181d66a6403be
090b8028,8,0,142,294,636,3fa59a1085037281
200a5214,8,0,285,294,636,432317429f4a4d96
200c38c0,8,0,276,294,636,674eca95fd07ad23
21811281,8,0,286,294,636,f8f7dd46cd7b4756
303a0022,8,0,280,294,636,be4b051db67d3ef3
209a0098,8,0,317,294,636,e59e150246b2d88
28380244,8,0,242,294,636,cf516724dc0ba481
01243124,8,0,381,100,636,26d599cb112f2ca3
0412e402,8,0,355,100,636,3dad67627c68bade
2e00a404,8,0,389,100,636,51c370f1c836d0e5
14524804,8,0,388,100,636,cb7cc29350df046e
2c050c04,8,0,242,294,636,22a6538f8598ebaa
24221310,8,0,246,294,636,b71aa5ff69b35ecd
35020d00,8,0,199,294,636,7545f05e3e611b1a
06a41a00,8,0,368,100,636,d126d00c07917d4f
064a0c04,8,0,276,294,636,45c96fc7310a824d
13140c10,8,0,391,100,636,38e567eb72a62c3e
240c022a,8,0,297,294,636,d15d52cdf0a05996
01425608,8,0,372,100,636,7e7acbf25a0def71
0101f011,8,0,275,294,636,ca2b0824c2ab8ec7
191b0010,8,0,271,294,636,92d4e41e519a20dc
14243120,8,0,391,100,636,38e567eb72a62c3e
26822011,8,0,236,294,636,aa883aa40c12b49b
21918401,8,0,387,100,636,aeed2c6ab53268fe
04784a00,8,0,386,100,636,192068ffa5303e05
0a623040,8,0,390,100,636,e358bd8767b8d904
04b00988,8,0,300,294,636,da33b859b4e8da86
0e021242,8,0,239,294,636,4a2db148b5c15ea0
14007640,8,0,390,100,636,b42db3eb0915969a
0a07e000,8,0,325,256,636,10d64725791c0e5f
34308140,8,0,320,100,636,34860fa130771a3c
2100ac44,8,0,193,338,636,80bea7131e72262d
0c514808,8,0,390,100,636,2151763d9d212607
124c1480,8,0,386,100,636,1b7846befbb8cb7b
211080b1,8,0,147,294,636,362e6a9b3f3fe034
13302880,8,0,391,100,636,38e567eb72a62c3e
010824aa,8,0,307,294,636,97d39b0f9dd2d591
186420c0,8,0,356,256,636,886b080346d6b4ad
2b205010,8,0,384,100,636,4fcd9906770ad98b
24380680,8,0,391,100,636,38e567eb72a62c3e
0104a40b,8,0,343,100,636,182ccfd606781ec7
0c022309,8,0,388,100,636,486bb1416dc44778
0f002023,8,0,292,294,636,1ea2f69a25719a57
21621808,8,0,330,294,636,49f42f928447e999
0308b104,8,0,372,100,636,e1b50b1e249c3a84
24041c05,8,0,237,294,636,ccf9b9c9015cbea8
10530809,8,0,384,100,636,1fc7b7ae4ea3a8a1
2a184060,8,0,305,294,636,97e5ed00f4b60561
24819006,8,0,253,294,636,151247ec3a1fce7b
0f000a03,8,0,289,294,636,c199f08da318f974
0834e002,8,0,332,294,636,689631c859f93df5
23222801,8,0,352,100,636,4344723f18844c41
02582481,8,0,391,100,636,38e567eb72a62c3e
1500f100,8,0,391,100,636,38e567eb72a62c3e
218420a4,8,0,294,294,636,282941effd260afd
3d800440,8,0,389,100,636,accec2b515a2fedf
0094e00c,8,0,386,100,636,6b35a13c478c091f
0d008321,8,0,322,294,636,77fec1264bfac3c4
0c628a00,8,0,221,294,636,f2ad25d33be36448
35007008,8,0,391,100,636,38e567eb72a62c3e
34430801,8,0,298,294,636,a09f3f1872699fa4
042f0005,8,0,308,294,636,58249f2a2c05bdf1
1b421040,8,0,309,294,636,d67763827c9cfbda
090a2124,8,0,255,294,636,c638a237285fbf77
19628008,8,0,359,256,636,eba94bfe185ed3c3
0c111814,8,0,276,294,636,27a29697699e82a5
2098c600,8,0,391,100,636,38e567eb72a62c3e
05541220,8,0,391,100,636,38e567eb72a62c3e
140420e8,8,0,322,256,636,bdc6305081b6b298
04380213,8,0,300,294,636,4c47a9c822495639
00271448,8,0,297,100,636,1500dcb21396cf8a
303e0001,8,0,391,100,636,38e567eb72a62c3e
07402188,8,0,388,100,636,5512b9efbdd8b464
082aa280,8,0,374,256,636,c8e386ea15e30984
24011492,8,0,217,294,636,1fd172f2e1862147
141d1008,8,0,391,100,636,38e567eb72a62c3e
02342442,8,0,362,100,636,6d869366703e0250
08588405,8,0,232,294,636,de2962798284b928
02722180,8,0,372,100,636,dbe5f573d5950b98
2421480c,8,0,263,294,636,dc194fbffb502d0c
040623a0,8,0,291,256,636,c7712802516e6b82
004e4484,8,0,212,294,636,8c8451be73e4c710
0d8200a4,8,0,251,294,636,6068f30c18d03ef1
21341048,8,0,388,100,636,e1b35ef7b8189ae7
0e243200,8,0,391,100,636,38e567eb72a62c3e
2484c500,8,0,391,100,636,38e567eb72a62c3e
07201890,8,0,373,100,636,5a81052d4be411e0
3d013000,8,0,391,100,636,38e567eb72a62c3e
05088605,8,0,381,100,636,a2b64ea1061df237
0580c0a1,8,0,385,100,636,7208b8f4f6171abc
01517001,8,0,391,100,636,38e567eb72a62c3e
00a95110,8,0,336,100,636,3e0af293e4506a8
033c1002,8,0,391,100,636,38e567eb72a62c3e
1e022042,8,0,298,256,636,e2127bcebe061767
34440428,8,0,380,100,636,71b18928c6479cb6
06018470,8,0,214,294,636,45647a90f8660119
22407420,8,0,387,100,636,8a3054f50adf1352
2901c600,8,0,305,294,636,5cb2ab054cdce5ee
0420f050,8,0,382,100,636,61479604a1d5d096
281d0810,8,0,222,294,636,77f98b7cb098f145
20508588,8,0,169,294,636,8202d1abce79e7e7
0a221884,8,0,332,256,636,2870cf6828602e0a
14160601,8,0,378,100,636,c738bc148190aad8
02066406,8,0,346,100,636,1c1bbe139880916f
0b421208,8,0,391,100,636,38e567eb72a62c3e
284e9000,8,0,293,294,636,ba92c87bb0e0a78a
24884094,8,0,354,294,636,5916b518e903d4e
04814381,8,0,361,256,636,37682bb87fab70ba
044a3030,8,0,253,294,636,ea194cacdc812496
09321102,8,0,388,100,636,7729f8d376a4ca1
31482180,8,0,391,100,636,38e567eb72a62c3e
25404122,8,0,286,294,636,6fa428999264a1c6
2380408a,8,0,353,100,636,78fb1ff6ff9c77ef
0c8c8180,8,0,250,294,636,f9b731354a4d5058
33402006,8,0,381,100,636,109a0193b307a0f3
24488244,8,0,159,294,636,d374bb4a71d7fb7a
37081100,8,0,388,100,636,a429e1a58f7a2496
19888440,8,0,386,100,636,a10a7e1ce510bebe
013c2408,8,0,391,100,636,38e567eb72a62c3e
01500c19,8,0,387,100,636,952eb61de6452bee
02084499,8,0,305,100,636,3e4082498f21d473
29c2000a,8,0,291,294,636,c431da6706cd737b
20587800,8,0,390,100,636,71c1f1a7f9a96e4f
02541409,8,0,391,100,636,38e567eb72a62c3e
21128602,8,0,242,100,636,1d6b0ceba19c7d21
05974000,8,0,390,100,636,b42db3eb0915969a
24a8c004,8,0,378,100,636,518f50b24f99d390
00caa180,8,0,296,294,636,2ea10abcd84280b9
01082a86,8,0,329,294,636,d56098d8919b5ea5
0c0310b0,8,0,227,294,636,d5b34e8f97b9cf22
02886448,8,0,380,100,636,5d841dd4cd9530d6
38520048,8,0,352,256,636,f2307513f30a3c8d
2a2ca000,8,0,391,100,636,38e567eb72a62c3e
2194020a,8,0,264,294,636,4ad0c327eaede17d
01a80c09,8,0,383,100,636,2339b7047969fead
0d809003,8,0,390,100,636,c02fa3477e03c59
35304001,8,0,391,100,636,38e567eb72a62c3e
00446087,8,0,350,256,636,f6ec2d121ce639a9
04469402,8,0,146,294,636,376810f0982276e1
20701620,8,0,332,100,636,de406219290aada0
08383500,8,0,389,100,636,27527b9ae954697a
14107108,8,0,391,100,636,38e567eb72a62c3e
08827404,8,0,385,256,636,4ef78493885aa618
01a85208,8,0,381,100,636,b3f31f1f29538fe2
2c005049,8,0,391,100,636,38e567eb72a62c3e
240d0602,8,0,390,100,636,98d68c2ee2532965
18060988,8,0,318,256,636,806d188eb6e8652d
0a883401,8,0,347,294,636,6bb48383337b936f
3c0a1040,8,0,365,294,636,9a4a427e2338ca2a
05302038,8,0,292,294,636,17837f3a7c7a1e6a
1844a440,8,0,356,256,636,b43cfdaf416b1c23
05215808,8,0,391,100,636,38e567eb72a62c3e
0145100b,8,0,301,294,636,45e28e0e76e6bf0f
2805a600,8,0,232,294,636,3199e055ebf85673
302c0281,8,0,390,100,636,f8cb66f04e7bb52b
1a281404,8,0,391,100,636,38e567eb72a62c3e
0b82c004,8,0,371,256,636,9976ef8d186aa262
0818b012,8,0,221,294,636,93d9acfd45170dd0
09212181,8,0,243,294,636,826aaa5ed932bed9
0486300c,8,0,360,256,636,44edf14d26feeca0
0a04a049,8,0,256,294,636,e019cc902a305a1c
05488580,8,0,359,100,636,9812d5a890cb810a
3a046800,8,0,381,100,636,af437547c22ac926
06314022,8,0,350,100,636,cc27cdd2b185d784
00d05083,8,0,391,100,636,38e567eb72a62c3e
24c68200,8,0,216,294,636,bce191ebd2b0fab9
049070a0,8,0,391,100,636,38e567eb72a62c3e
0c151042,8,0,262,294,636,ba19663cda750b1f
21389400,8,0,391,100,636,38e567eb72a62c3e
05222882,8,0,378,100,636,1b155ed8ab57b272
0f028840,8,0,330,256,636,8fc7a3de1c91c8e3
08984109,8,0,389,100,636,ed6f9eee83286248
071a0024,8,0,346,294,636,27d67ba863dd6af9
2a40c404,8,0,312,100,636,5b42c2abfb96a5ec
29520084,8,0,345,256,636,ebf6f2f960de388d
20185830,8,0,265,294,636,18fd3fa1084aec7b
0ca8c020,8,0,357,294,636,3031f14d84f6b0ee
0c694400,8,0,387,256,636,724133b616925234
0842a444,8,0,165,338,636,83c2f275c8b47e31
1a40e001,8,0,366,100,636,cec938a02043a3a0
10103384,8,0,277,294,636,99d3bcfc0cc6b979
20a16401,8,0,310,294,636,68033e6152e557f3
0c430051,8,0,266,294,636,e36eba670010b40
0600a04b,8,0,354,100,636,efb68dee87c4b191
2a30c004,8,0,386,100,636,f5ca2f56e45e3306
2288c600,8,0,391,100,636,38e567eb72a62c3e
06840c82,8,0,373,100,636,385316e4a5c32a5e
002032a5,8,0,341,294,636,f384041e4ecc66c6
1510081a,8,0,359,294,636,4de60a67b1eacb5c
109c8009,8,0,391,100,636,38e567eb72a62c3e
0160a504,8,0,202,338,636,c9bf26490f98f9ee
05429900,8,0,299,294,636,380d29dcb103ddf1
2411a022,8,0,265,294,636,6e15a43c5c54a8c4
20169084,8,0,177,294,636,9fbdfa78896d8659
34b00003,8,0,389,100,636,d34e3fc78e0461ce
1400d640,8,0,386,100,636,7538c9d4e047afdf
04964009,8,0,391,100,636,38e567eb72a62c3e
11844248,8,0,387,100,636,88cf14d0edaffe18
13300091,8,0,354,256,636,31bff51a43d7d097
12606009,8,0,382,100,636,a8fbdd5e37033ef7
0e04e100,8,0,386,100,636,1501b13ef76b1648
11482049,8,0,376,100,636,3f5c0782f771f7df
15cc0100,8,0,391,100,636,38e567eb72a62c3e
21443090,8,0,391,100,636,38e567eb72a62c3e
0c4600c8,8,0,333,256,636,1376ab17156c8653
0e288044,8,0,297,294,636,e17861f9c8250b90
09209c40,8,0,391,100,636,38e567eb72a62c3e
0a407201,8,0,381,256,636,980c92108777e3b4
0254a110,8,0,283,100,636,68a323e0b75f5975
30203250,8,0,252,338,636,c51e38cb19faf955
01926840,8,0,379,100,636,24cab28f7fc3673e
16c41100,8,0,390,100,636,4a3445d7f92e7ba3
0002a48d,8,0,316,256,636,f518a22ddd275ebe
15cc0040,8,0,391,100,636,38e567eb72a62c3e
34b10002,8,0,378,100,636,7d9abf1d6a85e478
25030428,8,0,373,100,636,b5834b0ed82d28
0840b085,8,0,296,294,636,8ea559150056526
11484501,8,0,316,294,636,30a25886aa50d18e
14252404,8,0,378,256,636,a9f96ed1219690e3
00309e80,8,0,202,294,636,a2e1451ec326c733
06905808,8,0,391,100,636,38e567eb72a62c3e
31802212,8,0,291,294,636,d24f75f971de7649
08b09180,8,0,253,294,636,505cf2d4eaa1fb6a
06324280,8,0,366,100,636,585b4c7718b106e2
04198218,8,0,315,294,636,93c1addd3fd726bc
0425a180,8,0,336,256,636,1180dc0ca60e7f4d
21c804a0,8,0,363,100,636,5a20c5f1666f88b1
24048099,8,0,351,100,636,8cde3fc50607c743
043a5008,8,0,391,100,636,38e567eb72a62c3e
34062012,8,0,363,100,636,60d6027ab58fa6a9
0bc0c010,8,0,340,100,636,baf3180c44407645
00665408,8,0,378,100,636,d731d30909301236
100a32c0,8,0,329,294,636,76d938e3c4b15b7f
0b0202a8,8,0,279,294,636,994e7f2f970a313e
26108501,8,0,391,100,636,38e567eb72a62c3e
19114009,8,0,387,256,636,4d13db3ea4763ebc
10442036,8,0,283,294,636,7a26e30aee6c41f2
01548281,8,0,391,100,636,38e567eb72a62c3e
0d1b0004,8,0,362,256,636,3370015614e1a1ab
05482250,8,0,386,100,636,bff072f10ba149c2
11246840,8,0,351,256,636,2ea73c90c3c1bbd
0210a294,8,0,147,294,636,5d9ee50d4e2f4de1
05082309,8,0,390,100,636,c02fa3477e03c59
25680081,8,0,391,100,636,38e567eb72a62c3e
01115308,8,0,314,294,636,c60fc4e0ff5ac799
34a08c00,8,0,207,294,636,84f55a17b48fe2ba
29528200,8,0,385,100,636,69a5f5b6d00b9931
181ac040,8,0,329,294,636,418cd1fee58e25e6
03d80048,8,0,347,100,636,71bf40b5c25ed4f8
100c5481,8,0,387,100,636,56795041e60ca3f8
14844488,8,0,391,100,636,38e567eb72a62c3e
04586808,8,0,391,100,636,38e567eb72a62c3e
1118d100,8,0,390,100,636,49837f499a2eea6f
2032300c,8,0,390,100,636,bdc533deb4a5efba
050c0a09,8,0,391,100,636,38e567eb72a62c3e
0d144480,8,0,390,100,636,b42db3eb0915969a
0d700410,8,0,383,100,636,807845dbf8dbb9d3
2011a203,8,0,221,294,636,55445d9229edeb74
28021829,8,0,313,256,636,30c58eee0b7e14e3
04a24508,8,0,375,100,636,6d872da536117d60
1a205140,8,0,368,100,636,fb62fe1f7a79acb
054020aa,8,0,309,294,636,5f1ed51f33fce8eb
05094620,8,0,373,100,636,79730697ce097af4
0c2c4104,8,0,300,294,636,c6ceefd0886bcbe1
049a8042,8,0,229,294,636,8d9c6d66290a1fb4
144c2801,8,0,389,100,636,9b4b2de1e2786f4
08616600,8,0,328,294,636,6a9bffac7ac852aa
100c5490,8,0,353,100,636,10ba7bba62000798
12908803,8,0,346,100,636,37e20cbc4d8ec724
011c0a05,8,0,346,294,636,b65d941c4e7ddc9a
16504820,8,0,390,100,636,4a3445d7f92e7ba3
3010d024,8,0,364,100,636,10f63c7b5ea1ec45
04541904,8,0,337,100,636,c615e5d70361c712
0544c102,8,0,314,100,636,88ae9d272076f7c8
2008b414,8,0,317,294,636,b3f4e2d07b02ac96
02202386,8,0,167,294,636,6de9f4cf578b9f22
290900a2,8,0,165,294,636,feba532eb43612a1
0664800a,8,0,373,100,636,d06b3169c76b3dbc
0154a240,8,0,385,100,636,9b99e2dc1034915e
16a25000,8,0,391,100,636,38e567eb72a62c3e
220c1c02,8,0,382,100,636,b3a2c0b3881f950d
012c3a00,8,0,391,100,636,38e567eb72a62c3e
13090405,8,0,283,294,636,3b925a1fbccfdfa
2406002b,8,0,290,100,636,e282ecf59296ce07
004622c8,8,0,292,294,636,e43704c447ff83fa
24294180,8,0,347,294,636,6bf3f2d35a8c08d3
38888006,8,0,229,294,636,4a66da55500ea4a8
24c02282,8,0,382,294,636,8ed1a90ea4f58b7e
25848808,8,0,337,100,636,dd9f23df2fa90239
048a6104,8,0,360,294,636,f12d0fc63ab0e653
05412910,8,0,284,294,636,f38c07994b993d7e
04843620,8,0,326,294,636,ae5ac4bd1da98005
21c88041,8,0,320,100,636,522841049e41f426
201a0816,8,0,334,294,636,566f9f10e670369a
06610430,8,0,237,294,636,3e61cd99a6bcd3d6
25200446,8,0,320,100,636,2854a302ebf8976d
0c108283,8,0,253,294,636,42d56cc40f7c46d5
05011612,8,0,364,100,636,66172b81d5a39b52
0140ac84,8,0,337,256,636,5eafa5920804d0b0
01522824,8,0,246,294,636,6cdb5201f10b924c
10986c00,8,0,390,100,636,11c736fc1d20808e
0c054320,8,0,237,294,636,a98d275f1740d634
01e11044,8,0,313,338,636,e3a406ac4258dd90
0a520058,8,0,226,294,636,65d21de214683ad
0090450d,8,0,359,100,636,b912b66e06b7a3a0
0202b421,8,0,196,294,636,2910f326ebbfdd17
0820f024,8,0,295,294,636,b2af64112569cdf4
2611c040,8,0,378,100,636,7becd65838f828f9
28c84840,8,0,348,294,636,3be1504709a7a9f9
17404104,8,0,387,100,636,f8f8aea4875c7900
0500b190,8,0,356,256,636,64f081a592c9f749
38424011,8,0,297,294,636,22467a5c4144f778
34280421,8,0,317,294,636,6d30f9313c1b42b4
15320201,8,0,391,100,636,38e567eb72a62c3e
01245c04,8,0,360,100,636,f4a39cd1897f0fd8
26221140,8,0,365,100,636,ce9f59a74274624b
384a0500,8,0,254,294,636,e23c5708eed3053e
31122900,8,0,285,294,636,8973aa03de558000
26012222,8,0,328,294,636,9805ae2ebb578214
20827005,8,0,366,294,636,1a71e4968dbbe8ee
08234888,8,0,325,294,636,dfc66f433d249667
00b83c00,8,0,387,100,636,a64d747def204c6d
040a2ac0,8,0,291,294,636,224a8eccc2c545e9
10383110,8,0,380,100,636,a9477eec11f45019
14183180,8,0,387,256,636,a97456ece18b6250
0230c40a,8,0,374,100,636,777ae8ac8f008e9e
11086a80,8,0,391,100,636,38e567eb72a62c3e
032c0282,8,0,324,100,636,7bef8b056b9307e7
03560101,8,0,366,100,636,11e092ec68f3a58b
26420482,8,0,358,100,636,2bd33d6a3dfd369f
2490e100,8,0,391,100,636,38e567eb72a62c3e
30148206,8,0,254,294,636,270196715c7f5820
341048c0,8,0,383,100,636,8ed95a70ef17e158
0501c490,8,0,304,294,636,daf8235c7e07d2e4
080526c0,8,0,108,294,636,6cb03bcfd29443f0
0608e408,8,0,391,100,636,38e567eb72a62c3e
141c1801,8,0,391,100,636,38e567eb72a62c3e
2b40c800,8,0,390,100,636,71c1f1a7f9a96e4f
048cc081,8,0,389,100,636,1360fbad07463acf
24891050,8,0,297,294,636,17a39c1187f85346
0e01a084,8,0,337,256,636,e72134f9592fe0bd
00a52282,8,0,288,294,636,34a1fa5e2fff3ee9
0c2c00a8,8,0,250,294,636,bf580404197ad335
01802385,8,0,241,294,636,758be256fc5465a1
22a82410,8,0,389,100,636,29d7ca04065ce981
23018460,8,0,364,100,636,f8234b38a0ce8ec9
083a008c,8,0,356,256,636,7ea9699d7673d601
01403294,8,0,387,256,636,de98d2f7b9bdfd0b
20b01803,8,0,314,294,636,187ba51b779a1788
060c401c,8,0,300,294,636,5256fc8b59b79c4b
06011213,8,0,288,294,636,ba8e599ed61f5276
11121a04,8,0,319,294,636,d788a2a3f5c77873
0840ec04,8,0,204,294,636,efadb25822d6610
21482184,8,0,389,100,636,27527b9ae954697a
24b020a0,8,0,335,294,636,ff392d7c896b19f7
36250800,8,0,389,100,636,1360fbad07463acf
21688808,8,0,354,100,636,ec17dc26d28f7f84
09ba0040,8,0,370,294,636,675229c46730ed9
22093028,8,0,199,338,636,22900ed01151c94b
2c906040,8,0,390,100,636,b42db3eb0915969a
10f0c008,8,0,363,100,636,472e4cacc639f371
310b4400,8,0,348,100,636,561522172d1d2c0c
2302042c,8,0,222,100,636,ce5bde9a41beb12f
040c40c5,8,0,291,294,636,404648e31a4431b6
01383820,8,0,385,100,636,7dbcb41008efddfb
0f030208,8,0,391,100,636,38e567eb72a62c3e
14684006,8,0,369,100,636,a474bfae554fc0da
04105911,8,0,327,294,636,88ee46cece3d8a02
10542290,8,0,382,256,636,5d26123c19f52565
01082199,8,0,268,294,636,8e5391d3a1ceed6a
01107301,8,0,391,100,636,38e567eb72a62c3e
02163014,8,0,288,294,636,87538eb4e45e7743
11045481,8,0,391,100,636,38e567eb72a62c3e
0e200c82,8,0,327,100,636,77ddd851a1ae9960
04918882,8,0,310,294,636,fae37f59da90faae
11450224,8,0,293,294,636,b513e561e0b12032
01c46420,8,0,380,100,636,e78fb0d81a13c847
229e0002,8,0,384,100,636,20ef54dfc0adcf1e
14ac000c,8,0,386,100,636,d8f0a7acf594d74f
0148b005,8,0,391,100,636,38e567eb72a62c3e
038ec000,8,0,364,100,636,a555ad7e340a2c5a
134004c8,8,0,388,100,636,1eebbf6a1f671eb4
2098001e,8,0,368,100,636,e8385ce66958c045
0824300e,8,0,312,294,636,f4859e39c3197d72
05844424,8,0,389,100,636,17a08c02715e57a2
2d006003,8,0,388,100,636,62058a4573fb39f2
1e22a000,8,0,388,100,636,b78783f6c01caaa8
08dc0003,8,0,333,294,636,b811dab4a3ac16aa
0584c00c,8,0,390,100,636,4a3445d7f92e7ba3
21207201,8,0,391,100,636,38e567eb72a62c3e
01281a90,8,0,309,100,636,936d2f7785ac5431
15285010,8,0,391,100,636,38e567eb72a62c3e
0d884044,8,0,389,100,636,ac9e8f8a27f4b783
298c000c,8,0,323,294,636,7cd6b508efc7db46
14a420c0,8,0,386,100,636,c936621ab514c692
040cd401,8,0,385,100,636,2eba4b02f9419e8
2400360c,8,0,390,100,636,b42db3eb0915969a
0c0a8203,8,0,310,294,636,20d818cb0b1bd766
24844441,8,0,385,100,636,feb5cf0aad5c2548
29080883,8,0,377,100,636,f76bc45ea831addd
200e7800,8,0,367,294,636,92ec4fad4f05c963
14340841,8,0,389,100,636,cd47c2be79d1de37
05340c04,8,0,391,100,636,38e567eb72a62c3e
0c096401,8,0,366,256,636,56d82e7f120094b
0a0a6014,8,0,307,294,636,9b36b93cf930c78f
0c025209,8,0,391,100,636,38e567eb72a62c3e
052c0406,8,0,386,100,636,d1c8eb21fefb16b5
208a4c02,8,0,315,294,636,429762807d3f1d0c
026190c0,8,0,225,294,636,c03b71345f528248
28199020,8,0,229,294,636,d283c40f7557defd
33151000,8,0,391,100,636,38e567eb72a62c3e
19212401,8,0,287,294,636,8f25b51fb2f51a53
0202e411,8,0,219,100,636,f5e1b27c45e5fa0
18221809,8,0,391,100,636,38e567eb72a62c3e
205b0108,8,0,197,294,636,12cf1733a7f0f241
26016600,8,0,391,100,636,38e567eb72a62c3e
221c0282,8,0,360,100,636,bf5a05513a26ee26
05104449,8,0,391,100,636,38e567eb72a62c3e
24182015,8,0,376,294,636,e394361332fa4407
08386028,8,0,327,294,636,5731ae828d8cd502
05041305,8,0,353,294,636,7b90307fa1ed064b
011d0284,8,0,271,294,636,40645d5d9de3f437
1624000d,8,0,391,100,636,38e567eb72a62c3e
00b23044,8,0,297,294,636,6d72a8c55537d7ad
09186012,8,0,357,294,636,4c6ea16aad2076d7
2108121a,8,0,359,100,636,fc82761705f37077
03013209,8,0,391,100,636,38e567eb72a62c3e
18072028,8,0,320,256,636,94a279da3968a44e
000c6381,8,0,333,256,636,40dcbf87e7a8d2bb
052c6002,8,0,391,100,636,38e567eb72a62c3e
32c10600,8,0,354,100,636,a868365316438396
200c02a9,8,0,310,294,636,39c2d32845df6ebe
014a0419,8,0,358,100,636,754b37434bab2419
014a3088,8,0,391,100,636,38e567eb72a62c3e
34084218,8,0,370,100,636,59089da4e17c342c
0540c2c0,8,0,335,100,636,1a779296b54b82f1
1404140d,8,0,391,100,636,38e567eb72a62c3e
010c2449,8,0,381,100,636,39185ad40f983e5d
1802501c,8,0,329,294,636,ee02db66bee8e9a7
09084485,8,0,339,294,636,f976aaece5777ffa
01154281,8,0,352,294,636,68514c1e857a2849
281a0a80,8,0,388,100,636,e5561b1034e07779
0a10308a,8,0,326,294,636,be34504fe8e8ed0a
18403188,8,0,281,294,636,8c98c1e6a7549711
2e400520,8,0,231,294,636,5a5e7fde8b8ecde0
2c514008,8,0,391,100,636,38e567eb72a62c3e
308c0c02,8,0,341,100,636,b4cb7dd6747a69c
104070b0,8,0,277,294,636,f93a3b77a036e4de
0102a429,8,0,332,100,636,399601dfa92528c4
04a0d210,8,0,390,100,636,71c1f1a7f9a96e4f
17100031,8,0,344,256,636,e8814da00b11d67b
05228604,8,0,249,294,636,f73b1cb9ab4ea78d
0860bc00,8,0,316,294,636,2b04d88713b1f09a
229c0202,8,0,388,100,636,539cf5bcd327933e
042ab080,8,0,391,100,636,38e567eb72a62c3e
1e301002,8,0,391,100,636,38e567eb72a62c3e
31320021,8,0,272,294,636,8b928c388c304ac1
31002503,8,0,209,294,636,9c687be62237b2f9
14640640,8,0,341,100,636,6aed290f1f26e3d5
05e03010,8,0,391,100,636,38e567eb72a62c3e
0c510302,8,0,277,294,636,6f4390e05fc9e25
0e005504,8,0,387,100,636,e2689cfa2853cd2a
24806484,8,0,391,100,636,38e567eb72a62c3e
1a881402,8,0,372,100,636,64b94b5dc38f0f90
25801c01,8,0,384,100,636,8c6ff4af4ed5a0f5
14536000,8,0,391,100,636,38e567eb72a62c3e
20156028,8,0,305,294,636,2e9323a2b36f98fa
0d008a11,8,0,219,294,636,7d3cda7e696fbc25
25482220,8,0,391,100,636,38e567eb72a62c3e
25880448,8,0,391,100,636,38e567eb72a62c3e
26180320,8,0,341,100,636,be4ae5621fe55851
3a131000,8,0,355,294,636,2742b3c7013b60b4
31c14004,8,0,371,294,636,cdfdd8b9f75cccd6
312a1002,8,0,379,100,636,fcbbaf25405d8618
14909108,8,0,387,100,636,501e2c47bb78279
13108520,8,0,380,100,636,40aa56bd68e9ff5a
31102422,8,0,346,100,636,559250849e5bafa5
23416200,8,0,391,100,636,38e567eb72a62c3e
24102909,8,0,386,100,636,150f2d9626d1908
040d1414,8,0,306,294,636,d6d3c1cf13b1896f
2108c0a8,8,0,304,294,636,4c51cfe98830dce9
29894008,8,0,357,294,636,7639e338ab43fb85
24089a08,8,0,323,294,636,79d839110057c25f
0146100d,8,0,362,100,636,dbdceffee2be4e5b
0804e0a4,8,0,217,294,636,59e4d81497a20f31
2443a001,8,0,386,256,636,5ab4270e0ffae99f
1c190021,8,0,283,294,636,202ffdd804b6f430
10846520,8,0,362,100,636,9bc05866e8d2fa79
3408a440,8,0,391,100,636,38e567eb72a62c3e
1101f010,8,0,315,294,636,3ae4246ae5615cd
15019404,8,0,378,100,636,189f9640d718f78b
07414220,8,0,391,100,636,38e567eb72a62c3e
05441124,8,0,355,294,636,6ff4f78555421121
0030e809,8,0,330,294,636,de78ebf6510e9279
380c4050,8,0,314,294,636,f4c48fde951b5d22
0d520044,8,0,330,256,636,ffdd9b9464e4b00b
21503120,8,0,342,294,636,92da9b99257c89e0
2cc10028,8,0,273,294,636,68adac93f3b1f764
04858881,8,0,254,294,636,f074dde922f5438a
0c49c010,8,0,319,294,636,dece288d09e68c9b
30a80680,8,0,368,100,636,80dc2287a20b3372
2a4d0004,8,0,243,294,636,d29bc346b270d79b
0224a604,8,0,202,294,636,76b57b5290d70b5a
0c1022c8,8,0,306,294,636,cecef5451aebd853
070180c1,8,0,358,100,636,8940354bb9ceb69e
16991000,8,0,389,100,636,73240a65296dc86
0211ac08,8,0,375,100,636,1c6b389849c628cc
36190010,8,0,384,100,636,328c32e851deeb20
1d0a4040,8,0,377,256,636,fc07d2cd21ce0cbe
228804e0,8,0,241,100,636,722d093bfe7ced27
05045089,8,0,391,100,636,38e567eb72a62c3e
0b046408,8,0,378,100,636,205afe70077469b
20006c8a,8,0,275,294,636,7ba10b08cd1de7cf
04e01610,8,0,385,100,636,322a08d586759843
05a004d0,8,0,287,294,636,754c651b37482678
0802d016,8,0,245,294,636,358d52d38fdd0482
0a0a1888,8,0,367,256,636,b6a8ee19467cd383
29804091,8,0,263,294,636,15df467438d7a88c
01c08e01,8,0,317,100,636,25075db567377719
31958000,8,0,391,100,636,38e567eb72a62c3e
2038008b,8,0,389,100,636,30a2b6ea197f5d2
35204140,8,0,371,100,636,c9a4c2b9ce8bef48
0003b888,8,0,199,294,636,65eb0db30345d8c8
24241188,8,0,362,100,636,dbc895c9b69bbdde
010a5203,8,0,369,100,636,45634cf505f34ad9
02288129,8,0,324,100,636,7e3183ed560aa5e5
2e060108,8,0,361,256,636,beb5fb892244c52f
02507084,8,0,391,100,636,38e567eb72a62c3e
08cb2080,8,0,381,256,636,f389294bd59ad0e8
14514802,8,0,390,100,636,2151763d9d212607
2b108102,8,0,352,100,636,a0f28106857a181
03048650,8,0,356,100,636,d1f7c7811ca452ba
1c212401,8,0,297,294,636,b89d4c4b72ce9612
0d121050,8,0,366,256,636,2502aabe98c3591f
1140a2a0,8,0,373,256,636,64c133b371d8509d
12109083,8,0,379,100,636,b7688d840d132049
14870440,8,0,283,256,636,f9e5ea94863c9f2
01750300,8,0,330,294,636,71f92c1e391d29bd
08d22480,8,0,391,100,636,38e567eb72a62c3e
3e020408,8,0,391,100,636,38e567eb72a62c3e
04292013,8,0,305,294,636,1289105fdc908774
24609208,8,0,380,100,636,35da2b2e451dccbf
14103301,8,0,374,256,636,29bbe4106b9a3890
2d328000,8,0,391,100,636,38e567eb72a62c3e
22085290,8,0,292,294,636,4f5364b487068535
28603208,8,0,384,294,636,518b2c5ce975b368
2620a220,8,0,347,100,636,44e8bbfd292aafaa
140e2005,8,0,387,100,636,9dc43f3f817eae7
0c14c300,8,0,268,294,636,285d7f91db4c24f9
02265082,8,0,334,100,636,d16fd628b2238fa7
280f1010,8,0,214,294,636,abc0fca7bda242ac
11884881,8,0,336,294,636,be41defea007c262
06014e01,8,0,357,100,636,7c3eac625fc00b8f
0ca41410,8,0,382,100,636,bd9308d315d99a23
1012400f,8,0,361,100,636,55846c06e76e19de
18520288,8,0,356,256,636,59695324b2165732
26c48100,8,0,385,100,636,ce08a01fa8e9cf8e
21122980,8,0,333,294,636,7d5c8c32685400a
16100e04,8,0,374,100,636,f8404f6b3530bd4b
068c0422,8,0,341,100,636,8d88621a0f46bd06
0c898220,8,0,234,294,636,1374e825378fdddd
21199200,8,0,382,100,636,e7580f3a366b71af
27002602,8,0,391,100,636,38e567eb72a62c3e
0e189002,8,0,389,100,636,87f8f251402990da
11092242,8,0,220,306,635,80ca37856dabe96c
0110f120,8,0,387,100,636,51adbda873633896
030c1422,8,0,294,100,636,dd8fa400a4db9437
04959020,8,0,341,100,636,b7a17d19d8a0e493
101a3081,8,0,387,100,636,5455da15383937e2
234042c0,8,0,223,338,636,c3c0f6b1d4414c11
2008b700,8,0,309,294,636,8f2c2de3e6de757f
040c508c,8,0,381,100,636,f93b908a8cfe7e8a
062b4008,8,0,383,100,636,d6580c3e20241a04
34a08480,8,0,371,100,636,dadb86b12c86bdf0
20ba4400,8,0,391,100,636,38e567eb72a62c3e
00457014,8,0,310,294,636,a80e08183cf3a47f
09888409,8,0,384,100,636,2143c14cb533ba47
021a2481,8,0,391,100,636,38e567eb72a62c3e
28542804,8,0,315,294,636,2ca8899d1a82d8a0
2020e40c,8,0,281,294,636,e9b478f48868feed
3110140a,8,0,391,100,636,38e567eb72a62c3e
04814243,8,0,336,294,636,c2bd2039a2c0755e
0e602420,8,0,357,256,636,e952f86536d6df39
0150a4a0,8,0,382,100,636,ad735cc6c0f5fdda
35540100,8,0,391,100,636,38e567eb72a62c3e
058e0048,8,0,282,294,636,54033861fc382564
032c8009,8,0,390,100,636,f8cb66f04e7bb52b
24d04024,8,0,390,100,636,b42db3eb0915969a
00e1a202,8,0,207,338,636,eeefef5ca6b98ab0
25091110,8,0,343,294,636,da2a3428b239444d
01308503,8,0,309,100,636,863a9bad8569f849
18388101,8,0,280,294,636,3ec1356e265c1e01
03114601,8,0,385,100,636,a937d1cc8f46506f
01c0d102,8,0,351,100,636,fced91cf1992137b
08146288,8,0,367,256,636,1a73eda5effb622d
00653082,8,0,380,294,636,dae4ab1042970c71
0090e421,8,0,389,100,636,9eb743697c1b108c
22106812,8,0,249,294,636,d7e0dbce97fd2937
0600a360,8,0,230,294,636,dca7065b8b18e5d2
0c087900,8,0,342,294,636,ef49847303586ff7
250c0508,8,0,391,100,636,38e567eb72a62c3e
200b400e,8,0,245,294,636,763c6031706b2457
0c426011,8,0,371,256,636,39f205ae0eb53aa0
211a0c80,8,0,388,100,636,d1a71515f540d862
02924c08,8,0,386,100,636,2e66c1d4e6397b24
080a2449,8,0,360,100,636,d0bda12e18e5ad4e
0ea48002,8,0,381,100,636,881d367ee47771c1
2590040c,8,0,391,100,636,38e567eb72a62c3e
2e410900,8,0,261,294,636,2c5e3e2527c5d174
1818c208,8,0,367,294,636,484c54a6d84846c3
1c889800,8,0,320,294,636,ef0ae6af8e5bf676
24855100,8,0,390,100,636,98d68c2ee2532965
0d609080,8,0,391,100,636,38e567eb72a62c3e
061b1020,8,0,309,294,636,cb9266ee54941d33
1d410801,8,0,384,256,636,3cbec53794702d61
23881044,8,0,321,294,636,6c2c2df0296f4dfd
04932402,8,0,348,294,636,fb890649a6152969
268c0208,8,0,384,100,636,b9bf4484cb227bda
02b05014,8,0,391,100,636,38e567eb72a62c3e
30284488,8,0,391,100,636,38e567eb72a62c3e
35011120,8,0,281,294,636,d5a7ec62d61b51ed
08512882,8,0,273,294,636,d2e88426b3f17139
20f10401,8,0,310,294,636,698e2afebae72c3c
0c262802,8,0,296,256,636,f34d8f808c92d18e
202c2109,8,0,363,100,636,f6c1fc24a1654e37
11c0c102,8,0,334,100,636,a5cbf51862efbe36
2089a102,8,0,199,338,636,eb535a051356111e
089b4100,8,0,312,294,636,1d2fcb1b09dad989
2441840c,8,0,383,100,636,ff1aba79c45ccd26
2c40210c,8,0,249,294,636,da58fb5b674bd55a
05114281,8,0,391,100,636,38e567eb72a62c3e
02c8b008,8,0,344,338,636,22502a645b589924
148045c0,8,0,366,100,636,ea2219001592ef43
028cb004,8,0,367,100,636,60761b98893720d0
05a01a08,8,0,376,100,636,90b2fd63fd1ba037
0c320b00,8,0,324,256,636,ece05a4110b03e6f
04107380,8,0,389,100,636,ada43ecd1a7cbb5e
2ee00040,8,0,368,100,636,959c4bc75a999774
08422125,8,0,170,338,636,f095c256aeaaf0b3
22081464,8,0,302,100,636,dbaf3f6457e11eea
22a0a420,8,0,312,100,636,7f239b3071b903fc
08e27000,8,0,391,100,636,38e567eb72a62c3e
0c050419,8,0,349,256,636,b5a99ba384dd4c26
29006038,8,0,199,338,636,16eccf550db73c17
25a00540,8,0,377,100,636,3aa9c2a1c4e521d5
083018c1,8,0,333,294,636,6e3afbf12ff2774a
310c8003,8,0,391,100,636,38e567eb72a62c3e
32c06002,8,0,391,100,636,38e567eb72a62c3e
38824108,8,0,373,256,636,3b65eadd78ac0e41
22894820,8,0,292,338,636,373a8062ddf95013
000c7490,8,0,382,100,636,38859ad2ef26d635
0d021148,8,0,344,294,636,3fe94da2dbc0df1d
0c128830,8,0,215,294,636,d4ce028c2c471ea3
0548001d,8,0,371,100,636,48e1b19ba7b118a5
082c220c,8,0,271,294,636,d47083e6c63792a2
268802a0,8,0,276,294,636,5b980ad186a4c259
0c0c5220,8,0,332,294,636,1873d10c1b36828
20536008,8,0,381,294,636,d60e2867bbd3879c
0505c210,8,0,367,100,636,40d0e69abbcb84
22924880,8,0,333,294,636,c112aba8972d6abd
043c0109,8,0,390,100,636,f8cb66f04e7bb52b
080b401a,8,0,243,294,636,46154273425777c7
0840688c,8,0,335,294,636,720da8122e1346c5
01290e08,8,0,318,294,636,d3a8ac48aa5d3431
2f400060,8,0,242,294,636,2b15896ec3ccf339
3c101108,8,0,391,100,636,38e567eb72a62c3e
04c98240,8,0,356,294,636,2a73c2999c9bc2c3
23001c21,8,0,354,100,636,c73f976933f7fa10
24649010,8,0,384,100,636,a77962a220c1fd29
2a282802,8,0,380,100,636,34661b2cd113116a
1150c00c,8,0,389,100,636,fb37fb6bd8e66ce9
0228108d,8,0,377,100,636,480882c0603652a4
34021484,8,0,311,294,636,35b5bee2977853ac
3304a004,8,0,391,100,636,38e567eb72a62c3e
2e040510,8,0,249,294,636,a5c46f23d78b242d
24034c08,8,0,380,100,636,53d46b98da8056b4
13602006,8,0,378,100,636,ee179c535071592
06688042,8,0,351,100,636,264815da2a11f02b
11066041,8,0,356,100,636,f204e2b824c4f6d3
06322042,8,0,363,100,636,49a06fe6ad53379c
2922d000,8,0,391,100,636,38e567eb72a62c3e
013c0d00,8,0,335,100,636,b093e33c7b5b7dcc
09082506,8,0,153,294,636,dfd8076685f775e0
030024e1,8,0,315,256,636,a5aba73911e793ed
05147002,8,0,391,100,636,38e567eb72a62c3e
0958020c,8,0,328,294,636,9155f4a4503b4ac8
06281114,8,0,366,100,636,ca11a7f8214924e9
05086205,8,0,390,100,636,c02fa3477e03c59
00f84108,8,0,382,100,636,f72a8fbe72de692
0e0e0820,8,0,268,294,636,f69abd1593dc3c4e
052d0401,8,0,391,100,636,38e567eb72a62c3e
06843a00,8,0,371,256,636,9de809c26434a109
048c4484,8,0,391,100,636,38e567eb72a62c3e
221d2002,8,0,390,100,636,71c1f1a7f9a96e4f
123c0440,8,0,390,100,636,37457372adf645ce
34833000,8,0,371,294,636,55d765132c64b8ae
360880c0,8,0,321,294,636,c364f63c9b70d2ee
1521e000,8,0,391,100,636,38e567eb72a62c3e
281a0105,8,0,298,294,636,a5bf43433cc56afd
2108802b,8,0,325,100,636,b32ef7c03f185f50
010cf100,8,0,385,100,636,c47ffd3b0ad63b13
05188205,8,0,391,100,636,38e567eb72a62c3e
00a26302,8,0,286,294,636,1173041fe25bcd62
1006a08c,8,0,361,256,636,70afb60946d7fbfd
2b092040,8,0,324,294,636,9051de6abb216832
12149401,8,0,391,100,636,38e567eb72a62c3e
200434c2,8,0,210,294,636,fcc8e22e31bdf690
090242a4,8,0,238,294,636,92c658a84aef848c
24280213,8,0,331,100,636,efcd28da0aa516bd
04122e08,8,0,386,100,636,3494243b35aa405d
04772000,8,0,388,100,636,680ed2d7482ce9e7
02047406,8,0,388,100,636,62c4cfd3def75302
1300148c,8,0,390,100,636,4a3445d7f92e7ba3
2510001d,8,0,380,100,636,fdce33ebe95cbe67
0424a083,8,0,382,100,636,bda584fa4c2be576
02946104,8,0,380,100,636,744e4ee1437de0c9
240e4880,8,0,352,100,636,b13b0af06fca1bb1
08123888,8,0,385,256,636,87756f28af8d73d8
01b01218,8,0,346,100,636,f7fb13f3f730d91d
0f008205,8,0,380,100,636,36206d93e791cf83
0710808c,8,0,385,100,636,527b4f599d7b199c
06119201,8,0,391,100,636,38e567eb72a62c3e
05a13008,8,0,391,100,636,38e567eb72a62c3e
0208f0c0,8,0,363,100,636,ed112a4b2c75d404
03ca0480,8,0,391,100,636,38e567eb72a62c3e
30185a00,8,0,384,100,636,522e199fb3026b3b
0405d500,8,0,322,100,636,7807230ca9353058
223c0500,8,0,391,100,636,38e567eb72a62c3e
01191023,8,0,239,294,636,6f32508ce53d9c97
26258010,8,0,330,100,636,1a3eb4244c864888
090680a8,8,0,284,256,636,8e6cf101f023ffc0
14632040,8,0,330,294,636,bb032f49a2e26837
25021203,8,0,379,100,636,818f69dafc4e498b
002c3064,8,0,278,294,636,b29c4bd596c732f2
02823288,8,0,352,256,636,50e0cbc5f00567a4
2a08208c,8,0,367,294,636,3f4482e1459bad37
041f0440,8,0,287,294,636,64dbaa048f1938d3
00583023,8,0,313,294,636,aea07215b37481c4
03a80c02,8,0,388,100,636,f1f0c948a0ad549e
14104588,8,0,376,100,636,2c43f8cdc8be966d
141a1005,8,0,384,256,636,e7c6af25f08963f4
09ae1000,8,0,373,294,636,5662681e95c9c3c6
2ae80001,8,0,272,294,636,943365ae5741369a
39288001,8,0,373,100,636,eab3aa36efcbc4f2
01093481,8,0,391,100,636,38e567eb72a62c3e
00207704,8,0,307,294,636,d3604dd2a1c9be8f
23082049,8,0,391,100,636,38e567eb72a62c3e
09e92000,8,0,377,294,636,f1039af3cf0100d
20906602,8,0,391,100,636,38e567eb72a62c3e
09cc1040,8,0,336,294,636,e8fb7e4af00ed918
20827018,8,0,352,294,636,dc1588314b1db731
0850a085,8,0,324,256,636,c3002ddd5bb7a778
0c50b800,8,0,391,100,636,38e567eb72a62c3e
0e102822,8,0,282,294,636,95af749c1aa68652
169a0001,8,0,381,100,636,89efa134c636e695
208055a0,8,0,284,294,636,acb1ab644ef679de
24250211,8,0,321,294,636,4c0161080555a7fa
00816087,8,0,314,294,636,b171ebfc32b321f
0d040708,8,0,316,294,636,bbdd634ef74b4f6b
0ca46400,8,0,389,100,636,15cec7920737e855
1201a490,8,0,135,294,636,604e8749674ca453
025a2280,8,0,389,100,636,87f8f251402990da
20181e08,8,0,387,100,636,e13145145b3363f2
20284704,8,0,245,294,636,163ae5c2dc17b217
2010b881,8,0,370,256,636,9a8ec16118cd79e7
101c9201,8,0,391,100,636,38e567eb72a62c3e
180c1c08,8,0,357,294,636,7dd330dcfd19a6d3
220a8501,8,0,300,100,636,2ceb6d89c9c5199c
24508700,8,0,256,294,636,e06b1121d0d4a740
2920c088,8,0,215,294,636,eaa43455c8e011ec
08261c08,8,0,391,100,636,38e567eb72a62c3e
22494280,8,0,338,294,636,e4616535e2383f98
05222260,8,0,222,294,636,f5e29a0ddacaaaa
101ca401,8,0,389,100,636,fb37fb6bd8e66ce9
06152420,8,0,388,100,636,c80b29132c931892
091a0482,8,0,369,256,636,eff8f67db43096fd
38904c00,8,0,386,100,636,770dbea8bce9d534
0c121241,8,0,358,256,636,2e32d4d75505ac6c
26008494,8,0,199,294,636,8608dba6324b9cc3
15083028,8,0,391,100,636,38e567eb72a62c3e
216a9000,8,0,381,100,636,eca16ee0df6feaef
0a806604,8,0,371,100,636,74d326bcff3513
0154a280,8,0,391,100,636,38e567eb72a62c3e
002a3d00,8,0,183,294,636,babaebdf6e97ca99
012022a9,8,0,346,294,636,f9801ecfce68e8ca
06423440,8,0,387,100,636,be8f3565761fba63
0c045c01,8,0,340,294,636,78dc8b0d27660f6d
0a1a100a,8,0,385,100,636,5481e5a6322e9a7f
0308b0a0,8,0,386,100,636,de4f534faf13ada0
0202e184,8,0,240,256,636,5f9490359c9a67c0
37008014,8,0,343,294,636,f46e41f3f69c5cdf
0741200a,8,0,391,100,636,38e567eb72a62c3e
2c001443,8,0,221,294,636,15ea0989993685
3b104020,8,0,385,100,636,4332a302381c0e75
260c1810,8,0,350,100,636,f395517b72db6a5e
0408504d,8,0,371,100,636,17479cd40d4bf44c
1e082410,8,0,334,294,636,55d5014cbb6f1502
24c44410,8,0,389,100,636,4ddd978d33be8d46
10842582,8,0,351,100,636,22b02df2f0d15ac2
10a222c0,8,0,146,306,635,8018d75ec8ba6ea6
08402299,8,0,294,294,636,c9ae13394fd10d59
2e828008,8,0,389,100,636,1360fbad07463acf
24221580,8,0,362,100,636,856948b7a5ac1c04
08822584,8,0,264,256,636,7292c042ae88a166
084bc002,8,0,154,294,636,d5cf8cba0f837461
044b9400,8,0,349,294,636,a473640d0a79c348
0501848c,8,0,333,294,636,c02de35ddd0e16c9
22a01409,8,0,391,100,636,38e567eb72a62c3e
34142084,8,0,391,100,636,38e567eb72a62c3e
01c42803,8,0,349,256,636,50cb5868b8bef6d6
34024206,8,0,267,294,636,abe25431a32a771a
07625000,8,0,391,100,636,38e567eb72a62c3e
0a308405,8,0,364,100,636,c8f167cc8ffc7aab
14079080,8,0,382,100,636,41a4e936b3167c56
06100c1a,8,0,383,100,636,a232b294b2cda040
28062340,8,0,83,306,635,41e0808654e54353
02142588,8,0,377,100,636,c63bd9766072a49f
2818080d,8,0,378,100,636,dcaaceb0a190c641
0d084290,8,0,345,294,636,7058ca606c698c9e
0a18e200,8,0,390,100,636,4a3445d7f92e7ba3
26058880,8,0,303,294,636,d5f7c48fa511b26b
23351000,8,0,391,100,636,38e567eb72a62c3e
0416c0c0,8,0,292,256,636,102a805f36c2064a
321c0088,8,0,391,100,636,38e567eb72a62c3e
07888420,8,0,391,100,636,38e567eb72a62c3e
05540026,8,0,311,294,636,7fd2649ce094f82b
05499002,8,0,388,100,636,8a3903661d49e81a
04304099,8,0,381,100,636,1f5ecda38c4016c9
02216181,8,0,237,294,636,afb6494d0d058926
00b0900b,8,0,381,100,636,65733a9fd7a4c445
08416188,8,0,211,294,636,78c93b2deeba487f
0d4010a1,8,0,363,256,636,b7e5c02c2122ffc0
08422491,8,0,329,256,636,2c3d900255396f37
20741011,8,0,385,100,636,35357802fb927e93
05520821,8,0,390,100,636,7cc24dd128a05805
048d8101,8,0,306,294,636,a3179e81d5e83e62
040e1094,8,0,292,294,636,729e34e305d70ff3
02183c04,8,0,391,100,636,38e567eb72a62c3e
00781103,8,0,385,100,636,9037638e67940d84
0a264808,8,0,357,256,636,3e5705b05e71fa15
288a1050,8,0,184,338,636,33ada945ee304e9b
2d008b00,8,0,171,294,636,cb5d1ee900fe4dbf
10479200,8,0,274,294,636,a5f701861d74881c
03a42102,8,0,357,100,636,ddede93d797bc17d
07610240,8,0,391,100,636,38e567eb72a62c3e
20015681,8,0,252,294,636,25a6585a5943ecaa
0458a00a,8,0,379,100,636,d0f70c34e6d17f12
23248208,8,0,280,100,636,f51b99abdf9c5e8
29319000,8,0,382,100,636,2551dc597dd4b688
1580c101,8,0,391,100,636,38e567eb72a62c3e
055020c1,8,0,391,100,636,38e567eb72a62c3e
31a10408,8,0,367,100,636,7d2048dbfbe6d82
20066980,8,0,174,294,636,8e9e4af6ff25ad48
241c8024,8,0,381,100,636,7ecbc7e34c01754d
0c04400f,8,0,356,100,636,3e163cac7d8d36d4
2214a00c,8,0,384,100,636,afb6b3cd64788124
0506a500,8,0,343,100,636,13e4a7f5b051f6c7
0d034401,8,0,390,100,636,b42db3eb0915969a
170880c0,8,0,375,100,636,8a126e5ef1aa297c
0300850d,8,0,363,100,636,839b989c56cdd24a
01d09204,8,0,384,100,636,2b191c80f0211a6
02a1c408,8,0,335,100,636,c68588be3fa89c78
2009e012,8,0,330,294,636,3fca7ec09bcb081b
010c6424,8,0,354,294,636,a3941ca2f42b23f
060684c0,8,0,391,100,636,38e567eb72a62c3e
22cb4000,8,0,351,294,636,fc1f1731766396b3
35806010,8,0,391,100,636,38e567eb72a62c3e
220cc022,8,0,300,100,636,f6e1557e9de30a53
241d2200,8,0,391,100,636,38e567eb72a62c3e
02606290,8,0,358,256,636,bdd72de03aa62225
09a0f000,8,0,391,100,636,38e567eb72a62c3e
0581120c,8,0,389,100,636,e1e9bf5ef1ddaf63
2c584080,8,0,389,100,636,1b756683077f6391
05c04380,8,0,383,100,636,59fda2453da1c4cb
020a6428,8,0,291,294,636,267e671cf113822b
03030289,8,0,382,100,636,cbc3311dcb9df8cc
04911405,8,0,311,294,636,3766346ace3699c
25610082,8,0,382,100,636,932e8c491d5a2c49
24341280,8,0,390,100,636,eaad0aa3d2785a12
03848c04,8,0,344,100,636,dfb507c4aaaeae9f
041c1205,8,0,380,256,636,a1610e17ffe294e3
08203419,8,0,323,294,636,5f55c739a5e665cf
2980a081,8,0,365,256,636,9d76c936a841f33a
02088741,8,0,341,100,636,a2deca6ee42c89cc
04910605,8,0,270,294,636,6339c802152f1591
23602408,8,0,391,100,636,38e567eb72a62c3e
2095a002,8,0,231,294,636,cb7b776b181c889e
09686004,8,0,391,100,636,38e567eb72a62c3e
1f820020,8,0,306,256,636,a5790d11ef64786c
05904842,8,0,391,100,636,38e567eb72a62c3e
1e02c200,8,0,382,100,636,112ce77ad68bb96d
080170a4,8,0,193,294,636,db8a48b536f39230
060a044c,8,0,325,100,636,5613c3e15230c96a
20c44540,8,0,359,100,636,4454e0738a2890af
011c3081,8,0,391,100,636,38e567eb72a62c3e
3900c088,8,0,360,294,636,98b3e580c92fb33c
11c15001,8,0,384,294,636,98d20b0e067eba2c
012d2402,8,0,363,100,636,dd5986ac552e70f0
020064ac,8,0,182,294,636,b5c8c45bd0b7325a
14246208,8,0,391,100,636,38e567eb72a62c3e
23001690,8,0,378,100,636,67768fce3ca2e4ea
0407c300,8,0,243,294,636,27cabf4f708d631a
22130c04,8,0,131,294,636,b08bd5c730040c5
02672400,8,0,354,100,636,3f4e1ac05aee6b49
2420d003,8,0,389,100,636,c861239af85dd055
0a02ec00,8,0,362,256,636,490db3f0ff22213c
27c00804,8,0,375,100,636,b272bcc497bee55c
21480309,8,0,366,100,636,7e879d20c13cd623
2b030410,8,0,320,294,636,5e188f4165bb68ec
009a5201,8,0,382,294,636,6f6307482d863ff0
210a6804,8,0,391,100,636,38e567eb72a62c3e
2720200c,8,0,391,100,636,38e567eb72a62c3e
1422aa00,8,0,178,294,636,4121ad8955c60f9f
04205119,8,0,383,100,636,f6b051b3fe53e2ec
01338208,8,0,236,294,636,18b5f047740be2c1
05443180,8,0,391,100,636,38e567eb72a62c3e
04388181,8,0,354,256,636,ae7347c6b2459a1
04211360,8,0,364,100,636,add90e48fc7b192
24920209,8,0,391,100,636,38e567eb72a62c3e
14225a00,8,0,379,100,636,63fc6af85a9c8f74
06211290,8,0,381,100,636,65b14ef20cd90299
240a6202,8,0,388,100,636,5c5ebf1d83e96813
04602492,8,0,272,294,636,c6bd27bc5968c100
0a012c88,8,0,317,294,636,6029e03269addd35
16085180,8,0,364,100,636,3b6ddd05d8120b2a
138c0600,8,0,391,100,636,38e567eb72a62c3e
04027406,8,0,358,294,636,d75c60d55a805710
20607880,8,0,387,100,636,a1761f37d1b8a0a9
24695000,8,0,391,100,636,38e567eb72a62c3e
10685014,8,0,363,100,636,ff6cc490d9e83ec0
28202889,8,0,279,294,636,845cff48c72d717a
0159a020,8,0,359,294,636,db70e8f0c9ae1a83
1e01c010,8,0,330,294,636,1b96b09d2bc75a9e
18046046,8,0,322,294,636,72a071284fb5d6ac
28290e00,8,0,241,294,636,a32fd358b40e821a
20cca004,8,0,379,100,636,7a8d1129fe8f29f2
0830d808,8,0,388,100,636,2206c641724811f
18253002,8,0,352,294,636,be9808ad27560359
0a047804,8,0,363,294,636,8e209774bf93b14c
00846047,8,0,311,294,636,239ffaffe7ed9936
34925000,8,0,391,100,636,38e567eb72a62c3e
04964804,8,0,384,100,636,46f4b9b3219b9f5d
1828c408,8,0,337,294,636,df48583824493ae0
0206c481,8,0,347,100,636,3d5c10a99f4a753a
3104900a,8,0,380,100,636,ffcd6b4930e39c78
04ec1002,8,0,388,100,636,398993136cd281e3
180c2092,8,0,313,294,636,d72e1e2f83d45e00
06304068,8,0,338,100,636,2eb603d8d2328267
34101409,8,0,391,100,636,38e567eb72a62c3e
03257000,8,0,391,100,636,38e567eb72a62c3e
04188416,8,0,196,294,636,c3ee0819f9433834
03500e02,8,0,373,100,636,6f1fc3402e5a3e92
0c402251,8,0,186,294,636,4ca10fcd9beed771
2488a402,8,0,391,100,636,38e567eb72a62c3e
0a0524c0,8,0,192,294,636,19f8b92dcab2bde8
00593012,8,0,266,294,636,9b4e3fef9dbe5e8a
1e044048,8,0,384,100,636,917e4d51143fc62a
20087013,8,0,374,100,636,a251107034a8257
081a4181,8,0,350,256,636,fbe43324ebd82405
01185211,8,0,387,100,636,6d07dab5603d2f0d
0c528120,8,0,294,256,636,9b810b6a67165640
090a5820,8,0,294,294,636,f49b34664efc4a1f
3100a406,8,0,311,294,636,e0484ed1e8e1d177
204860e0,8,0,328,294,636,d87544f111d11f7c
201d800c,8,0,333,100,636,42312587bde1891d
1d444004,8,0,391,100,636,38e567eb72a62c3e
2cd10004,8,0,314,294,636,7827ec2ecfc2cfcc
220061a1,8,0,172,294,636,e1297d032ecf6e95
06281109,8,0,391,100,636,38e567eb72a62c3e
25c00103,8,0,346,100,636,f8e4ef858aeb18ca
1010a4c1,8,0,373,100,636,61c005d2e51fc4d9
03083610,8,0,391,100,636,38e567eb72a62c3e
23406120,8,0,314,294,636,3d6c660a4b6d86e9
2c061500,8,0,312,294,636,aa9a958baaf89dd5
13301014,8,0,390,100,636,72b06816d9595c07
04a61208,8,0,377,100,636,f8d343dc99a5a519
05096042,8,0,374,294,636,4e993a84792e14a2
04e05084,8,0,385,100,636,1db8f9ad5da3cd34
31060610,8,0,233,294,636,4debb3a770a08f49
3600a300,8,0,383,100,636,192444cea2ad62a9
228c0421,8,0,293,100,636,9e20191cade0c564
04aa040a,8,0,388,100,636,7fb3b59fd60c8d33
06021829,8,0,351,256,636,957d49326718d64b
1b480084,8,0,311,294,636,e56e939aa04275ed
06a02e00,8,0,366,256,636,1b50201e9b46d546
20349084,8,0,354,100,636,36691e753d96efc8
030284d0,8,0,389,100,636,f9c82e2ac732433c
16228048,8,0,303,100,636,f0c81e811b23cefa
06308484,8,0,376,100,636,5ce0efaa8812a062
14724008,8,0,391,100,636,38e567eb72a62c3e
12601484,8,0,352,100,636,4ec92e3e05f82c42
046d1020,8,0,391,100,636,38e567eb72a62c3e
07105401,8,0,391,100,636,38e567eb72a62c3e
068c6400,8,0,391,100,636,38e567eb72a62c3e
07248050,8,0,343,100,636,45883b17c34c078e
045118c0,8,0,373,100,636,99f74be24129be3a
23640c00,8,0,391,100,636,38e567eb72a62c3e
051440b0,8,0,322,256,636,8821c6b3cc186072
02668440,8,0,374,100,636,668b7ef736b0fe3d
0450e00a,8,0,385,100,636,b2d2c99f9f73be15
05413082,8,0,391,100,636,38e567eb72a62c3e
0d081112,8,0,241,294,636,21a194cc60a11812
1a682400,8,0,371,100,636,da04f90e3f8f9fc5
07068006,8,0,322,100,636,5347d66b8c60d02
23016180,8,0,327,294,636,7e00e8ba750a7655
15290028,8,0,360,294,636,2628bef833a37e62
04182681,8,0,391,100,636,38e567eb72a62c3e
14692004,8,0,366,256,636,9e7efe583c03a733
22182a20,8,0,305,294,636,a8b5bee9216678ce
09a84006,8,0,328,294,636,bfbbdf13021a2c76
054508c0,8,0,322,294,636,aaa962b4835a46b
054d2010,8,0,391,100,636,38e567eb72a62c3e
16842009,8,0,391,100,636,38e567eb72a62c3e
22806c40,8,0,391,100,636,38e567eb72a62c3e
01402709,8,0,338,294,636,7d6f9203fcf76962
24112105,8,0,225,294,636,3e1404b6a252dff0
020ac809,8,0,348,100,636,fd38b359b0aefd49
21063090,8,0,384,100,636,27c9c0f0e13887a5
23001c48,8,0,388,100,636,3e049434f44e2936
00446984,8,0,181,294,636,579a7b696d737eeb
21096102,8,0,362,100,636,5faa814727963b5b
2a449008,8,0,315,294,636,7f5dea619813f7
0410a0b8,8,0,195,294,636,464f2c57d0159c84
34180019,8,0,391,100,636,38e567eb72a62c3e
17022048,8,0,376,100,636,a8059d8cbbc90cbc
14e11040,8,0,391,100,636,38e567eb72a62c3e
15064880,8,0,388,100,636,c80b29132c931892
0504e802,8,0,364,100,636,f661ede578ab5fba
1284a120,8,0,372,100,636,15032e883a2432ca
20883052,8,0,297,338,636,482864211f3182b7
104122c1,8,0,280,294,636,d9723ef85151f4a
0468840c,8,0,354,100,636,3212ea423121f527
20d94100,8,0,377,100,636,45a240c6eb119ccb
28a04441,8,0,339,294,636,ede630271f92e69d
009824b0,8,0,226,294,636,fbb6afea317c77a3
0d101d00,8,0,391,100,636,38e567eb72a62c3e
3600c110,8,0,311,100,636,bbe5a7162cfaccc9
36801009,8,0,391,100,636,38e567eb72a62c3e
27003022,8,0,389,100,636,87f8f251402990da
110421c4,8,0,292,294,636,86130ea69244be85
0c081294,8,0,205,294,636,8bcf8db6994f1e42
00ecc400,8,0,350,100,636,dda93d3a22cb790a
001d6402,8,0,319,100,636,497761d02832b87a
249c0044,8,0,370,100,636,3b64391e6038f73e
2011a980,8,0,40,294,631,2dab47731ff01439
0a287100,8,0,387,100,636,79fa0253a765e59
0401b508,8,0,321,294,636,2f8a494a20dfbde9
08c83280,8,0,376,294,636,ec265bbc0df2585e
1046a210,8,0,306,256,636,8051a3ef6821cb8f
38202086,8,0,157,294,636,5623a3b3e50cbb1
24045848,8,0,318,294,636,c866f726cce2868f
09482150,8,0,227,338,636,f306589a88d1dfc
0ac02890,8,0,230,294,636,5884670aea38b398
29088184,8,0,150,294,636,4e584fa7e8a16c8
0208a017,8,0,210,294,636,1e2c6a560c4e5be3
0c181580,8,0,317,294,636,992da2f989a5cf71
0be80400,8,0,391,100,636,38e567eb72a62c3e
2a524800,8,0,375,256,636,a5f6dd335ada314f
28920908,8,0,327,256,636,d671dde7e9944c3c
0020360e,8,0,349,338,636,6201bc3436f97bff
07031440,8,0,391,100,636,38e567eb72a62c3e
2c4e2000,8,0,391,100,636,38e567eb72a62c3e
01608381,8,0,251,294,636,da493a5a48b333f5
04cd0044,8,0,300,294,636,521d8b66c93a25f5
22028c88,8,0,374,100,636,84ff7d942be8b859
24409580,8,0,204,294,636,e24cf42ac26479cb
32544040,8,0,382,100,636,3afe2e7e4a20c64e
09041c81,8,0,336,256,636,9ccdc82b0e4b39c0
11283050,8,0,385,100,636,e421213e54bc342a
04202f80,8,0,138,294,636,c4ea9884afecc5c5
1c041c08,8,0,390,100,636,dd4df11d527868d9
00357008,8,0,391,100,636,38e567eb72a62c3e
00b36400,8,0,366,294,636,942d624f036e79d9
0431040d,8,0,384,100,636,1a256d3ce8002a16
05210348,8,0,304,294,636,7987e738df5fff99
240c5480,8,0,391,100,636,38e567eb72a62c3e
19052208,8,0,388,256,636,22d5c8dbc4f0f0ae
0402f048,8,0,362,294,636,66a0babc01153948
29002207,8,0,251,294,636,5bac92df9f6a12dd
05c52200,8,0,391,100,636,38e567eb72a62c3e
2206c408,8,0,349,100,636,327d0813b069874c
0029b012,8,0,201,338,636,2a9dfa75a3ce193b
22083a01,8,0,318,294,636,f06dcc51feeb471a
0518e020,8,0,391,100,636,38e567eb72a62c3e
0e2c000a,8,0,380,100,636,1723140344ee44c
23892001,8,0,384,100,636,3165fe714df48f40
0c024e80,8,0,332,256,636,36e21589ecf91542
30160109,8,0,389,100,636,fb37fb6bd8e66ce9
1a4c1004,8,0,347,294,636,3912483f7fd07855
192a0480,8,0,390,100,636,b42db3eb0915969a
26142808,8,0,391,100,636,38e567eb72a62c3e
04019498,8,0,259,294,636,431f9ff75102821d
36007040,8,0,391,100,636,38e567eb72a62c3e
15813080,8,0,391,100,636,38e567eb72a62c3e
0910e900,8,0,284,294,636,894cc0f17c1c60f
0f120280,8,0,390,100,636,b42db3eb0915969a
18252090,8,0,207,294,636,d93bee6284c0cd60
18ca0280,8,0,262,294,636,d0a59362eefd6074
1110a222,8,0,224,294,636,1f428da3cb33d0af
03342005,8,0,391,100,636,38e567eb72a62c3e
0c9e0001,8,0,380,256,636,cfb254165b429c4d
03530408,8,0,391,100,636,38e567eb72a62c3e
01341150,8,0,376,100,636,9146cca38f67783f
09823240,8,0,379,256,636,e1e410c1e41e5bf3
20a03428,8,0,357,100,636,6a63c025825efaa4
0c059204,8,0,349,256,636,9f8607b21fc1e122
29048405,8,0,222,294,636,67602490e624b3de
0318a028,8,0,384,100,636,4b400c66c158bf86
01b61008,8,0,388,100,636,85eac2de55613040
0e028224,8,0,121,294,636,96fa83c8bee643ad
08d04484,8,0,355,256,636,7345b2df24f303fd
0d808089,8,0,385,100,636,fd8a59270c35462f
2808a0a2,8,0,228,294,636,ddb6e706509e08eb
2008a462,8,0,263,294,636,7c872d6b8812315b
3d210020,8,0,291,294,636,b6f2d4f0a921f8f
11141a80,8,0,391,100,636,38e567eb72a62c3e
06003612,8,0,349,256,636,12f28b6d0700cba0
03534001,8,0,390,100,636,37457372adf645ce
01185103,8,0,380,100,636,8db4281394203a15
02680419,8,0,370,100,636,9b329a5e13e0dbc0
081f8008,8,0,349,256,636,f8c4170c123c9ba3
301c0290,8,0,372,100,636,6ac2b483963cbfea
20984242,8,0,377,100,636,cf6a2882693ffdd7
2105a600,8,0,361,100,636,d477356a986808a2
01c11608,8,0,377,100,636,dfc1fbca6b6afec9
09424a80,8,0,384,100,636,17d0a1c0dc91b35f
04382e00,8,0,391,100,636,38e567eb72a62c3e
20502483,8,0,380,256,636,7890e45b97f4d15a
10351880,8,0,362,294,636,2981aa12fd198282
39c14000,8,0,371,294,636,fb9c8892373515b
070c0181,8,0,352,100,636,d8156bd1412c5373
38086104,8,0,315,294,636,9076553916815452
048c9180,8,0,303,294,636,653ea78dbbeb935
0d170002,8,0,349,256,636,67cb12e28c5761a9
01b21082,8,0,365,100,636,12ea4878518161e
24007128,8,0,378,294,636,8230adc952966731
1502028a,8,0,297,294,636,8a6bfafcd7fa6270
241a2c00,8,0,391,100,636,38e567eb72a62c3e
04253042,8,0,390,100,636,c02fa3477e03c59
05086e00,8,0,390,100,636,c02fa3477e03c59
0140e282,8,0,386,100,636,b7984056ead10486
32120601,8,0,375,100,636,f34d547716bf58bf
02027580,8,0,380,100,636,638afbfdc79ca970
394200c0,8,0,300,294,636,61b30c4c5026e9c0
050c4680,8,0,390,100,636,98d68c2ee2532965
0c40ac10,8,0,205,294,636,9211f2e7b0f3d861
25320050,8,0,305,294,636,bf868cdc5070a1dc
3600a480,8,0,391,100,636,38e567eb72a62c3e
10336200,8,0,327,294,636,510463eca76d6a21
0a505c00,8,0,391,100,636,38e567eb72a62c3e
22483180,8,0,341,294,636,724dc33b9807485b
2b8a0040,8,0,329,294,636,7e04861d34691cfd
25106014,8,0,391,100,636,38e567eb72a62c3e
20114889,8,0,289,294,636,cbd2c17dd304484a
12a05210,8,0,373,100,636,538a7af349841a6d
300c008d,8,0,391,100,636,38e567eb72a62c3e
08485019,8,0,313,294,636,dc85777adb010832
0720c102,8,0,380,100,636,4b80936ca9e32c19
059c1800,8,0,391,100,636,38e567eb72a62c3e
17310080,8,0,390,100,636,4b1e9fb1baf4413f
2410e201,8,0,391,100,636,38e567eb72a62c3e
21d24020,8,0,387,100,636,969617983a22cb7e
20195808,8,0,369,100,636,2624b174b772cf16
21145a00,8,0,385,100,636,6a10e23dc2b84c00
19401211,8,0,288,294,636,342e2eb1a9c36187
24281184,8,0,372,100,636,d855808aa6acf6ce
03088445,8,0,391,100,636,38e567eb72a62c3e
32306020,8,0,391,100,636,38e567eb72a62c3e
22026881,8,0,369,256,636,bba45be3127cb2c4
0489e040,8,0,376,100,636,a913741dbbe02783
08223a01,8,0,343,256,636,34160bda234f31d0
24225420,8,0,390,100,636,350936e7b1701184
0608dc00,8,0,391,100,636,38e567eb72a62c3e
21128442,8,0,273,100,636,661f367904614041
04092690,8,0,371,256,636,ea1952b303241a92
20096411,8,0,291,294,636,80657b782712da33
0a906048,8,0,372,256,636,31c300e2efa49658
0403c301,8,0,316,100,636,5dd7eb72f729d28
2b008442,8,0,391,100,636,38e567eb72a62c3e
2300a1c0,8,0,254,294,636,671216a47342571b
2208508c,8,0,353,100,636,889511cc9d50baa8
13848802,8,0,387,100,636,2039d2cbe049ef99
16016401,8,0,389,100,636,1360fbad07463acf
288a4600,8,0,390,100,636,b42db3eb0915969a
03526800,8,0,390,100,636,37457372adf645ce
094200c9,8,0,366,100,636,65bbe091ffcd0df1
14484c04,8,0,309,294,636,66dc0b265e660e7d
05940411,8,0,385,100,636,c511907c0f79e34e
24083320,8,0,364,294,636,73058dabf62a543a
0138a480,8,0,391,100,636,38e567eb72a62c3e
0440b481,8,0,384,256,636,65d5fb66bc8da9ca
101ce200,8,0,391,100,636,38e567eb72a62c3e
23001309,8,0,281,294,636,38089552cd9f7615
03630401,8,0,384,100,636,1e95ed51cce146be
0832024a,8,0,225,294,636,58f707ed11c88c64
210228c2,8,0,160,294,636,dd6920f778d3ecec
21118206,8,0,157,338,636,5c706b2d61189915
2011e480,8,0,383,100,636,ff90fb0f90d27787
0038940a,8,0,379,100,636,bbbdc52bf65d04e6
1c488280,8,0,264,294,636,4cac18b85918ec4c
24103015,8,0,360,294,636,1c081cf28bf2f543
20036882,8,0,138,294,636,e1e0b0b2ea2de4f2
0c983080,8,0,389,256,636,f0febcafb0b390e8
190a4048,8,0,351,294,636,5620d75a8fdbe6e5
2504b004,8,0,391,100,636,38e567eb72a62c3e
068440a4,8,0,339,100,636,80d4f5d8e957eb65
06203904,8,0,363,100,636,c3e580979047d499
012a1206,8,0,349,100,636,e94d9227a9dbf0d
15808411,8,0,337,100,636,2ec196d05fc65a60
2101d280,8,0,333,294,636,31b8cf993b1d03b3
11144406,8,0,384,100,636,3da9555a09e3d205
2404ac80,8,0,376,100,636,fd6720328cd010fa
05809121,8,0,357,100,636,b2054e52fe03ce6b
22306082,8,0,391,100,636,38e567eb72a62c3e
2d410480,8,0,391,100,636,38e567eb72a62c3e
0151c801,8,0,391,100,636,38e567eb72a62c3e
09047009,8,0,390,100,636,dd4df11d527868d9
3c041840,8,0,362,294,636,7e37707cfca7abda
05142228,8,0,386,100,636,b11d0cf649f41d30
21203c20,8,0,303,338,636,168185d3733eaab1
0e221300,8,0,386,100,636,7ae2b56f33c8fb3f
0b16a000,8,0,391,100,636,38e567eb72a62c3e
33002206,8,0,389,100,636,87f8f251402990da
0010560d,8,0,373,100,636,b987fb5bca4fc725
32a18002,8,0,268,100,636,dddf303b09a2996
21432202,8,0,372,294,636,4cb47f4f61703daa
10512680,8,0,366,256,636,b64293614026dd5e
180c440a,8,0,358,100,636,8dcfed4bff80c4d
0b220700,8,0,390,100,636,9d6105a9935ff778
1880e880,8,0,337,256,636,f741883171d3b1b2
02d0b080,8,0,388,100,636,5512b9efbdd8b464
282602c0,8,0,122,294,636,2b94832bfe3d49eb
2202c418,8,0,276,100,636,a4c820cf1da19cee
0090e308,8,0,377,100,636,c53c42fed67547cd
2244a088,8,0,389,100,636,87f8f251402990da
06424c02,8,0,262,100,636,f63fdbef14831240
11293001,8,0,390,100,636,31fe421dcc88c51b
044a2242,8,0,237,294,636,ec36f5925cd4aa0c
298a0084,8,0,346,294,636,81197232b654a692
21282288,8,0,391,100,636,38e567eb72a62c3e
044cd080,8,0,385,100,636,46778a9ed9f7d9b2
0481208b,8,0,367,256,636,cf4d526cf3a7b579
0248a1a0,8,0,294,294,636,fa479ccd88a1c03e
0c012087,8,0,257,294,636,9290be18d8486790
16152010,8,0,390,100,636,2151763d9d212607
0e091088,8,0,374,294,636,9159b3408cf8e99e
07428084,8,0,366,100,636,cb233a8b2838eca4
06630402,8,0,380,100,636,a097998fe5c7a43b
26600604,8,0,304,100,636,33286b75cbeb2694
231b0100,8,0,297,294,636,a62515460c729a24
20501c05,8,0,257,294,636,7a5d11977680015b
0050e0c4,8,0,225,294,636,4317016a9b3d27f5
220820e8,8,0,157,294,636,ff6840cca87ac80f
2a112180,8,0,142,294,636,e4fb90756b650905
0c844103,8,0,356,294,636,b7869421c6ed175d
105450a0,8,0,386,100,636,f74fb8e49f72ec49
32320018,8,0,339,294,636,35545d119da8aa0b
34087020,8,0,391,100,636,38e567eb72a62c3e
28552020,8,0,250,294,636,73ae6bf84b9f0e29
0e510108,8,0,348,256,636,d846b2519e85b5b6
21360500,8,0,353,100,636,836e63cea07a94e1
0682a022,8,0,287,256,636,f453ac7ac9b94a4c
00762480,8,0,390,100,636,bdc533deb4a5efba
06940406,8,0,383,100,636,3380a1a2120ec864
16208502,8,0,322,100,636,1ae149355e2fc238
1c2b0800,8,0,313,294,636,37122d744ff27cb6
09d0a080,8,0,390,100,636,d830d80add8097c0
298a4800,8,0,373,294,636,8d3ca00c1d86d955
05834500,8,0,368,100,636,1b492f0be1e4a14d
04a070a0,8,0,391,100,636,38e567eb72a62c3e
0c405058,8,0,327,294,636,cfafa800bb361b8e
01162209,8,0,391,100,636,38e567eb72a62c3e
1016c082,8,0,322,100,636,27129c8b2c7cae07
24049221,8,0,278,294,636,ea6f95f2993e1bd1
2011148c,8,0,154,294,636,221b58f73c68f510
18911408,8,0,369,294,636,742db0bcb352dd50
1084e300,8,0,390,100,636,3dc17eb3c8c7706b
25110242,8,0,358,100,636,3c1c38550c8a3e7e
05350880,8,0,390,100,636,af807d3725107ab9
0e042421,8,0,295,256,636,2e8e62eb7f779e19
300c1244,8,0,309,294,636,a6a77b014dcf84b4
0822244c,8,0,270,294,636,49411e0007cdb939
25602404,8,0,391,100,636,38e567eb72a62c3e
222a0881,8,0,256,294,636,eda95384055895b0
0e521200,8,0,385,100,636,491211a7be143e40
201cd010,8,0,381,100,636,c2d0c53d66305965
2802a092,8,0,249,294,636,e86505d2d89b2c8b
051c2102,8,0,390,100,636,b42db3eb0915969a
20386802,8,0,388,100,636,3b17c24c01d4a80
21416048,8,0,304,294,636,c1be1b3a3ab492b8
0b205060,8,0,375,100,636,bfeb6141a6f9fa0b
25006118,8,0,342,294,636,5db2f3d1adf275c8
200a3058,8,0,229,338,636,66051dec1bc40fd7
19088409,8,0,377,100,636,cc650d170554a768
14105844,8,0,391,100,636,38e567eb72a62c3e
101c401a,8,0,371,100,636,fc9269abb21ebda1
04c430a0,8,0,374,256,636,f94ef5a246c6c63c
015c0409,8,0,391,100,636,38e567eb72a62c3e
24900485,8,0,339,256,636,cef63a3ea509da17
248a5080,8,0,379,100,636,489ed2eb9f81f159
1684a020,8,0,390,100,636,4a3445d7f92e7ba3
06280e01,8,0,350,100,636,fa97fe40779dce9b
32902220,8,0,297,294,636,577ca0a69ce5cb3d
0c610029,8,0,328,294,636,90eb692d3f9b108
03904061,8,0,372,100,636,b76994bc23e469ef
05c04181,8,0,387,100,636,fb5777414137430f
010ce101,8,0,376,100,636,9fef593ac3f01de8
0e002780,8,0,326,256,636,d4336aa987b6f53c
189c8080,8,0,384,100,636,bc5603e4038412aa
01a56080,8,0,380,256,636,9fb64b078ae6b913
26103410,8,0,391,100,636,38e567eb72a62c3e
0b48c400,8,0,391,100,636,38e567eb72a62c3e
0402348a,8,0,381,256,636,98d69ac892ae41d7
29704200,8,0,382,100,636,232dad2476d94dd0
05490310,8,0,373,100,636,7bceb15ac7805e10
010a2c41,8,0,257,294,636,a35fd653787019f2
200cc888,8,0,239,294,636,694598262efe9cf7
03126c00,8,0,391,100,636,38e567eb72a62c3e
2c02c090,8,0,339,256,636,a2fd38403dc0f23e
05a80019,8,0,361,100,636,a8c82fb8b369b103
03199080,8,0,375,100,636,7759a1107747cd8c
30470408,8,0,358,100,636,581480d1d16523c9
0e40e400,8,0,391,100,636,38e567eb72a62c3e
0d642002,8,0,388,100,636,1f9fb30d386844d1
146600c0,8,0,315,256,636,f146ad2449ba6b2a
3010e208,8,0,391,100,636,38e567eb72a62c3e
04a21406,8,0,347,100,636,319a112d46b14332
0532a080,8,0,391,100,636,38e567eb72a62c3e
0046600e,8,0,297,294,636,e398d85889601cc2
10b01601,8,0,382,100,636,bd3c662d55d2bc64
171a0100,8,0,380,100,636,2aab75e080214dac
342012a0,8,0,339,294,636,86cb0ebe068fde4c
01087308,8,0,377,294,636,8b62ac05f520a25a
2088610c,8,0,378,294,636,2bb2a62e69bbf18a
30322a00,8,0,285,294,636,d39b6fdfbbdc0758
06083405,8,0,391,100,636,38e567eb72a62c3e
0d210103,8,0,224,294,636,8fdca5ce8dfdbad8
04c31220,8,0,331,294,636,33d82c43420d6a8
11705020,8,0,391,100,636,38e567eb72a62c3e
2d06c000,8,0,389,100,636,66208bad3a67b2f9
009ad100,8,0,352,100,636,6a48f6259f9c026d
260340a0,8,0,238,294,636,30cf2328ad53873a
260b0a00,8,0,358,100,636,5b93bb9a8a7b810d
05216208,8,0,391,100,636,38e567eb72a62c3e
0e098220,8,0,282,294,636,4d5e54e211c7a943
24370001,8,0,380,100,636,e117b6c25786ef05
24920501,8,0,314,294,636,45c24cbb993a1c63
00687801,8,0,375,294,636,aa95b1c911ff234b
0721c400,8,0,391,100,636,38e567eb72a62c3e
04146444,8,0,375,100,636,f3004ac55801acaa
012e0403,8,0,297,100,636,9e1bb6bd5aa5f46c
2a210c80,8,0,223,294,636,9ab1f13de43c6482
0648c120,8,0,330,100,636,cf7385f7e7e07a5
2b300140,8,0,325,100,636,f4486fd2957c0b96
3802c600,8,0,306,294,636,cf6ed83e0c300dd2
0030501d,8,0,381,100,636,a88b39673b44cf71
2a088203,8,0,314,294,636,3ca8afc9a4aba85
16884009,8,0,391,100,636,38e567eb72a62c3e
31104015,8,0,340,294,636,b93e743186533c56
0c04ba00,8,0,349,256,636,2f46033ee48aac18
0308e030,8,0,278,100,636,8f140e5baae2e762
3124100a,8,0,391,100,636,38e567eb72a62c3e
01c82284,8,0,391,100,636,38e567eb72a62c3e
04116244,8,0,318,294,636,ca5069e5853a412b
3004aa01,8,0,318,294,636,f6073d0bdf3b0d99
23022209,8,0,391,100,636,38e567eb72a62c3e
01682308,8,0,347,100,636,a3a757cab59d58ed
0c0b0481,8,0,371,256,636,400f0bb5bb9bacd4
31428a00,8,0,118,338,636,70f648e241002a90
34505040,8,0,391,100,636,38e567eb72a62c3e
01899201,8,0,348,100,636,8b1c55da7e445136
04214780,8,0,230,294,636,146bc7a061c88d2c
0d150104,8,0,295,294,636,fd5247a5ea6dd77c
15e80008,8,0,391,100,636,38e567eb72a62c3e
0c143180,8,0,374,256,636,dc0d2382e5c8adbf
2501c050,8,0,254,294,636,e8f4980f717d30f5
20286822,8,0,283,294,636,7f209dcbf7c546b
05414190,8,0,293,294,636,41411ac7ee428b30
0c8024d0,8,0,283,294,636,23b2aa12e1ff6310
090060b1,8,0,257,294,636,48dc18373c45591d
1c120031,8,0,285,294,636,a52ae91eecd94376
38407008,8,0,389,100,636,ac138498a82100ce
30e45000,8,0,391,100,636,38e567eb72a62c3e
032c9020,8,0,380,100,636,149709c265ce7d2
10333200,8,0,371,256,636,3d8983816f32fd01
201e200a,8,0,391,100,636,38e567eb72a62c3e
2c3a0200,8,0,390,100,636,b42db3eb0915969a
28b84800,8,0,386,100,636,e68a1e606100a2a2
30082039,8,0,257,294,636,85849f2e41c2c4c2
13188009,8,0,391,100,636,38e567eb72a62c3e
0d234001,8,0,389,100,636,94d5f27be43490a3
02349044,8,0,386,100,636,31561dce7fde782
05580206,8,0,375,100,636,e7aee7c3f45539b3
25003406,8,0,391,100,636,38e567eb72a62c3e
28a02508,8,0,273,294,636,c98c7885404f7252
00685580,8,0,307,100,636,9da3a34d1beacf64
21649004,8,0,369,100,636,4bd80710077c9278
29883008,8,0,389,100,636,b1955f01d75ac008
06a1100a,8,0,390,100,636,4a3445d7f92e7ba3
14542102,8,0,383,100,636,759dfca5fd29bf11
14882424,8,0,232,294,636,ab68db6c8447e0b8
28094421,8,0,216,294,636,49c5e8aa47d6159a
010cd090,8,0,351,100,636,b199c7cc2df4683c
1d824004,8,0,379,256,636,e66e547010190614
05811211,8,0,375,100,636,8ff5312bdfbd834c
08cc1480,8,0,295,294,636,76f74bdb73dd58f2
142d0081,8,0,388,100,636,c6687833e35d751e
13202091,8,0,361,256,636,2c832db31811ccda
0490c0a4,8,0,368,100,636,27983590bd45072e
20ae4020,8,0,287,294,636,9cfa4bca3f49387d
001a028b,8,0,371,100,636,7ae5af650122cb27
080a5188,8,0,353,294,636,4bf6c9d04493d566
06a23200,8,0,391,100,636,38e567eb72a62c3e
04605070,8,0,377,100,636,3c93baa3809dcec4
084a50a0,8,0,306,294,636,c4b136af71c50220
05319800,8,0,391,100,636,38e567eb72a62c3e
08a4c480,8,0,278,100,636,7826708b2bb9fe08
05805029,8,0,390,100,636,c02fa3477e03c59
300e0046,8,0,237,294,636,4027133f9e0a4f6f
10a55002,8,0,390,100,636,31fe421dcc88c51b
3a821001,8,0,290,294,636,a8659921172a0df9
021c1490,8,0,365,100,636,8eec560d00729ba8
245c0410,8,0,391,100,636,38e567eb72a62c3e
06682048,8,0,382,100,636,87f66395e589803e
05184031,8,0,365,294,636,5c115318f56aa8a0
22904068,8,0,353,100,636,8ab5bdb685434322
2c006228,8,0,350,294,636,1656b4455149828b
01b80540,8,0,380,100,636,2af706c3d9f32e7
2d018900,8,0,227,294,636,55f4b5443e7d091c
04a29801,8,0,298,294,636,c19d6780dfc023d0
0e921040,8,0,368,256,636,18fbb50f73232ed9
25180a80,8,0,391,100,636,38e567eb72a62c3e
25810809,8,0,366,100,636,ec7e9db2639d4423
20525801,8,0,380,100,636,64217ef7fee259f7
23122410,8,0,391,100,636,38e567eb72a62c3e
28803490,8,0,287,294,636,2690621029a126dc
201e1102,8,0,254,294,636,f1369fdfe1300da8
11968004,8,0,390,100,636,2151763d9d212607
0581a003,8,0,384,100,636,44852dba4ca643f3
0b40a810,8,0,358,100,636,fe8552962478b715
07501024,8,0,391,100,636,38e567eb72a62c3e
03862208,8,0,360,100,636,61bb7ae18964593a
0a98c400,8,0,391,100,636,38e567eb72a62c3e
011650a0,8,0,336,294,636,52f1bf913e1fd12f
14458210,8,0,389,100,636,8fd75a00721c43cb
2c4800a1,8,0,251,294,636,a6dd455c024b6a7a
303b0010,8,0,269,294,636,8410ccdb51971c8e
2118180c,8,0,387,100,636,5fe619c235989c29
0049a288,8,0,298,294,636,591307ca206d4b59
14521081,8,0,390,100,636,2151763d9d212607
24348900,8,0,365,100,636,1c8a9b3ed3666eac
002c3442,8,0,338,100,636,bfc6ced6d4de3f2b
14291404,8,0,385,100,636,8b1178213d871225
00c52086,8,0,193,294,636,53af8766691f0670
04623408,8,0,391,100,636,38e567eb72a62c3e
09185140,8,0,326,294,636,52bd48667028c11f
15810242,8,0,348,294,636,be5099ed64e6787d
24618410,8,0,279,294,636,caaa22a076e0bdfa
088ac420,8,0,257,294,636,a0a856e0127baec1
3830c020,8,0,301,294,636,43e71e57cc950c07
23140481,8,0,391,100,636,38e567eb72a62c3e
0d4c0024,8,0,320,294,636,c6af352e8d464e97
3110201a,8,0,339,294,636,39e49e3e3b4507b7
09231041,8,0,349,294,636,ca319be25dee6944
0290e00a,8,0,389,100,636,b9d660ab1a63fd16
2210a881,8,0,389,100,636,87f8f251402990da
2600801d,8,0,234,294,636,c19c460693b9e17a
19002aa0,8,0,283,294,636,18fbe5714efadb47
12306022,8,0,365,100,636,60c179e44376a0d5
04006784,8,0,253,294,636,198a4c572c72d7de
2411500c,8,0,391,100,636,38e567eb72a62c3e
26060580,8,0,347,100,636,fe62131dc25f4928
0524a401,8,0,391,100,636,38e567eb72a62c3e
1104248c,8,0,391,100,636,38e567eb72a62c3e
05a01520,8,0,391,100,636,38e567eb72a62c3e
05b14010,8,0,388,100,636,8f78cdda9f47cb6d
11852840,8,0,273,294,636,c4004c16ac8cad7a
1490b002,8,0,390,100,636,4a3445d7f92e7ba3
0558c200,8,0,391,100,636,38e567eb72a62c3e
205c02c0,8,0,225,294,636,8f369a5cff6ee300
04506902,8,0,297,294,636,bbe3b9b78f908768
00c0d007,8,0,349,100,636,7d60f16f77bee271
34007028,8,0,391,100,636,38e567eb72a62c3e
24505060,8,0,375,100,636,f82f01b274f245a9
0610ba00,8,0,391,100,636,38e567eb72a62c3e
06498820,8,0,281,294,636,434ee6e965558768
04055222,8,0,322,294,636,96704c15af682b6a
035c0810,8,0,369,100,636,5a392c1a17ef5c23
19245800,8,0,391,100,636,38e567eb72a62c3e
29900442,8,0,332,100,636,371b23ff48137243
14413420,8,0,354,294,636,dd299d45509b284c
21894082,8,0,367,100,636,f899105672cab78e
1441b020,8,0,363,256,636,ffe2d6e2a9676007
0e441600,8,0,387,100,636,9c49ec75cc7afd9c
0a42c081,8,0,367,100,636,592066366d4dfac
21e01420,8,0,371,100,636,2468c0bfa2422a22
031a0085,8,0,370,100,636,ac8e82a30c3263fa
31250201,8,0,373,294,636,eae3d7caf6e2ba2c
045ca010,8,0,390,100,636,4a3445d7f92e7ba3
16380408,8,0,391,100,636,38e567eb72a62c3e
0612c011,8,0,380,100,636,bfe92597e087713c
00e8d008,8,0,344,100,636,2a04089c34b10e3c
04c16021,8,0,383,256,636,786823893d91789d
3c228004,8,0,271,294,636,61287bb8dc5f5034
0e00480b,8,0,360,256,636,11fdf742f09411c2
0c802c90,8,0,262,294,636,c901cadcdc9307ab
1b031400,8,0,390,100,636,b42db3eb0915969a
2022e090,8,0,213,294,636,73f6ccb9d8890ddc
38450408,8,0,360,100,636,7dcd28a03ee04b1c
2308020b,8,0,390,100,636,350936e7b1701184
2865a000,8,0,278,294,636,3782ee9593e3b814
05206e00,8,0,386,100,636,fea30c5464872750
121c0109,8,0,389,100,636,fb37fb6bd8e66ce9
04017214,8,0,384,100,636,72ffcb73aab8d71c
2482410c,8,0,310,294,636,e887b32105e91a14
15412102,8,0,362,256,636,9c3da5cdf43c677b
01d41011,8,0,390,100,636,71c1f1a7f9a96e4f
04a88007,8,0,282,294,636,f2ce8334db8b380e
29205840,8,0,372,294,636,65453332228858b1
090d0640,8,0,237,294,636,ebb3d4e1c8006c8
04621181,8,0,362,294,636,feda83276e230c9a
2c21a008,8,0,364,294,636,17b52748b3b3692b
0434400d,8,0,391,100,636,38e567eb72a62c3e
0a261081,8,0,385,100,636,32e002eeeed2cec5
318404c0,8,0,382,100,636,e7a7cc82e59b7cb5
1c00f004,8,0,390,100,636,b42db3eb0915969a
01f88004,8,0,384,100,636,259de6db41f2c2df
282a3080,8,0,391,100,636,38e567eb72a62c3e
28ac2080,8,0,377,294,636,32ec95edd0168d33
06a0440c,8,0,390,100,636,4a3445d7f92e7ba3
04681809,8,0,391,100,636,38e567eb72a62c3e
3044a120,8,0,331,294,636,5adcb39dafd1ebd2
0d0420b0,8,0,302,256,636,f235fdffc6542ac1
0108468c,8,0,344,294,636,2541db6cf577ed16
1a262080,8,0,391,100,636,38e567eb72a62c3e
1405022c,8,0,363,256,636,ce27add53d1a8ccb
01475200,8,0,373,100,636,40c1c70b2bfc1d99
0a04a190,8,0,114,294,636,5f6d30b1c61b2ac0
04211344,8,0,327,294,636,b0a7975f72994461
0ee00480,8,0,387,100,636,c44d068e78c913d2
0425c401,8,0,334,100,636,3461642c732aa99
0681220c,8,0,341,294,636,e222f7d7ff2651c0
31206404,8,0,376,100,636,50dfff14f287c376
2520401a,8,0,356,100,636,a3494216600de54d
00c26288,8,0,390,100,636,b42db3eb0915969a
22824421,8,0,358,100,636,fcb5ef7a3f86f5ab
20723100,8,0,382,100,636,c1225f1c3970619a
2460c204,8,0,225,294,636,15c65848175c7438
24181441,8,0,390,100,636,350936e7b1701184
19203420,8,0,373,294,636,258b5ab2c1805a50
089a0148,8,0,299,294,636,a5a130c4dce25faa
31410484,8,0,260,294,636,2b97e5cc14227d8d
0209a00d,8,0,214,294,636,436010b972d4d89e
20195028,8,0,370,100,636,a3ca04e84532d190
0d841011,8,0,347,294,636,6f127afc35a02a21
381c0840,8,0,380,100,636,aeee7cd57846a5e1
0a4b3000,8,0,355,294,636,8428b0ad70ba845b
08127280,8,0,390,100,636,bdc533deb4a5efba
04c4c480,8,0,390,100,636,4a3445d7f92e7ba3
0ca01444,8,0,372,100,636,7f36d2ccffc2c81c
09103406,8,0,347,294,636,cd07061950bd93a5
04e26400,8,0,386,100,636,8d47fae6adc10af4
02682580,8,0,366,100,636,12eaf4d2c707dde5
03280429,8,0,391,100,636,38e567eb72a62c3e
22463100,8,0,261,294,636,b6195d0fbce7b7d2
1130a500,8,0,388,100,636,5900e348a05621f0
111420a8,8,0,390,100,636,2151763d9d212607
1182a084,8,0,325,256,636,daecb837b58f4c54
13121c00,8,0,391,100,636,38e567eb72a62c3e
31490041,8,0,315,294,636,dac9e30cfe68b902
041bc200,8,0,370,100,636,6d33b9453c7a54eb
0ca24021,8,0,347,256,636,783f5322f18f9bb7
01282988,8,0,284,294,636,2340ff71de0fe2fe
0605c480,8,0,384,100,636,7d36e3c69b9d9534
15811088,8,0,383,256,636,e2854dfc93b3d04f
1c08a042,8,0,230,294,636,5c04286a36f54d2e
0a388840,8,0,379,100,636,7cd1a621a40a0dd
1044680a,8,0,353,256,636,662b3bbfe7fb5acb
09481809,8,0,384,100,636,18ed76b07bc959b8
0448140d,8,0,389,100,636,30bbb6c9f16a15b2
0e228028,8,0,353,256,636,257e24de22ec6df1
31aa8000,8,0,285,294,636,b0fe21daa9dd38e6
043a2012,8,0,362,294,636,b4e23a6512ac3b34
05244049,8,0,390,100,636,c02fa3477e03c59
08a20099,8,0,312,256,636,bb4191898ae9fc3a
0a981006,8,0,286,294,636,63f56eae7698b440
2e082108,8,0,375,294,636,5ae6e8630e7e5b8b
03348021,8,0,389,100,636,60edb95118176acd
02029445,8,0,302,100,636,1be1621bd1ccd707
0103ac80,8,0,217,294,636,4e88ca72ec420ac5
26147000,8,0,391,100,636,38e567eb72a62c3e
2446c080,8,0,350,100,636,888d18047f05a03b
2029040e,8,0,337,100,636,65a28afdc1cf2abb
069c000c,8,0,370,100,636,8ead28bf2429d045
03451005,8,0,341,294,636,8ca610e5817a3071
00787020,8,0,391,100,636,38e567eb72a62c3e
11301502,8,0,389,100,636,38af41750eb4cedd
0c03808a,8,0,330,256,636,4210893271d6092e
083f4000,8,0,336,294,636,c36310d35c6eaf5
023ca080,8,0,390,100,636,4a3445d7f92e7ba3
208c4890,8,0,247,294,636,947cef9929a93969
0504021d,8,0,334,294,636,11ab7da85eea4089
08a13408,8,0,367,294,636,ee8be0916fc737ff
0b290202,8,0,320,294,636,7ae390f81f36c24b
2a2a1100,8,0,374,100,636,a2ead381de27678e
28544440,8,0,323,294,636,4189e2a352f88ecc
11090684,8,0,258,294,636,fef659e794c1ff8f
20181485,8,0,391,100,636,38e567eb72a62c3e
0b01a204,8,0,239,338,636,a8a6f22955c1286d
1702000d,8,0,391,100,636,38e567eb72a62c3e
04c13420,8,0,352,294,636,bb97f2e03dce9320
2a108508,8,0,389,100,636,87f8f251402990da
0059a300,8,0,219,294,636,f81c9b1738e0b880
2c40202c,8,0,262,294,636,cc411b9870d8a346
24043890,8,0,348,294,636,a4a9cb5acf4a09c
09632010,8,0,321,294,636,1cde62b21771cd04
09021a06,8,0,205,294,636,6e86786b02b61209
138c0c00,8,0,391,100,636,38e567eb72a62c3e
20007c24,8,0,148,338,636,836a62c4ad2b9547
04a82700,8,0,348,294,636,583556c461b34be5
003e20a0,8,0,342,294,636,4bc9684d8997cd2f
04323048,8,0,391,100,636,38e567eb72a62c3e
0254a101,8,0,391,100,636,38e567eb72a62c3e
07118440,8,0,391,100,636,38e567eb72a62c3e
0a09a480,8,0,355,256,636,31390871024772be
34124300,8,0,355,294,636,25f56dbeeaf4ce0e
2c088054,8,0,128,294,636,fa36f1e33e44b906
04342403,8,0,387,100,636,f355c18ea1b85375
0e204094,8,0,226,294,636,663d1a2194dad323
08406cc0,8,0,340,294,636,670aa481f7c90b63
05101780,8,0,375,100,636,dc3c7ab54107a2d7
08781801,8,0,389,100,636,27527b9ae954697a
0a024a0c,8,0,308,256,636,a6006a8f680554b2
0c0e0218,8,0,336,256,636,6e222a7a362f59b3
07021442,8,0,382,100,636,a1cb4842ec8d8b0c
04151320,8,0,314,294,636,2d10e5906ef572f5
2410282c,8,0,355,294,636,a0dd3330cea655c4
00e33080,8,0,364,294,636,747307e13e48de3d
2a084106,8,0,255,294,636,5f964e4dc82e155f
020a440d,8,0,387,100,636,1823292fd9a5c313
21119480,8,0,367,100,636,2a6d30384634ea6a
05300053,8,0,290,294,636,7e4147529a41ef34
15002883,8,0,359,256,636,abc9e6ca90dea2e9
23804501,8,0,391,100,636,38e567eb72a62c3e
14861410,8,0,343,100,636,588bd0c3f0ce4d8c
01942620,8,0,375,100,636,197a2ab7d6827611
2c009121,8,0,233,294,636,cc694de25085f37b
2ec20004,8,0,278,294,636,e956b8cb6d50073e
16244880,8,0,384,100,636,e19d091dd5066cd
040c5421,8,0,328,294,636,cb21f79f38c143c1
12324c00,8,0,375,100,636,73ebeac89e641271
0843020d,8,0,330,256,636,69b6e2fe619483b4
00d060c4,8,0,367,294,636,8136b8ef10956c6e
30540c08,8,0,372,100,636,e5e8c81ee2651916
0a10a182,8,0,288,256,636,8bbdffed445866a9
34086220,8,0,390,100,636,b42db3eb0915969a
1c84e000,8,0,391,100,636,38e567eb72a62c3e
04382244,8,0,306,294,636,218fd04420bf8163
24044207,8,0,308,294,636,29c610a474c5ae78
240421a1,8,0,301,294,636,1c0425a62716f0ec
2c100780,8,0,165,294,636,69978402ef39f646
044512c0,8,0,351,256,636,7327548095b18771
23249100,8,0,379,100,636,ea8621276d33a9dd
062012a1,8,0,367,100,636,2ae49a35321b948e
0c910601,8,0,379,100,636,6bc3176343023400
14442844,8,0,322,256,636,551a1a35f4ff93bd
01845091,8,0,359,294,636,a0ff07ff4f8e68a3
09143900,8,0,349,294,636,8355cc83a21a01c4
0d40c00c,8,0,377,256,636,43d1039297357ccf
23806003,8,0,391,100,636,38e567eb72a62c3e
03211c01,8,0,391,100,636,38e567eb72a62c3e
1c02808a,8,0,345,256,636,a75570970ea3d765
022412c1,8,0,322,256,636,d21063edddd4ca30
11885005,8,0,383,294,636,5515ad069d9c9f08
1242a0c0,8,0,330,256,636,a00843709cb3a433
07148240,8,0,387,100,636,740e5944918ccf02
15006301,8,0,384,256,636,fdec9e1bd38d0dc6
05501308,8,0,388,100,636,365ee7e9f6412488
01592208,8,0,390,100,636,31fe421dcc88c51b
32201418,8,0,391,100,636,38e567eb72a62c3e
0342200b,8,0,365,100,636,824d5d7a73e9a79
1d0e0008,8,0,391,100,636,38e567eb72a62c3e
00732300,8,0,222,294,636,ff3ea3c2a07e409a
140a6021,8,0,316,294,636,af83d6d05f662c29
0c121111,8,0,326,294,636,a46872c1d28f6318
0094f080,8,0,391,100,636,38e567eb72a62c3e
064ca008,8,0,391,100,636,38e567eb72a62c3e
06a0100d,8,0,388,100,636,caba20f8b4f71d68
1c8021c0,8,0,223,294,636,f1c4206be8e80da7
06100f80,8,0,290,100,636,2c17595f68adea05
061e4001,8,0,389,100,636,1360fbad07463acf
0c419014,8,0,244,294,636,770e78463d11bed0
20092720,8,0,197,306,635,2d06ac28c7a035bb
26001413,8,0,374,100,636,9e515c531ad604af
24c06410,8,0,390,100,636,c02fa3477e03c59
0419048c,8,0,355,294,636,d69fe4e115768428
1a280488,8,0,380,100,636,f574f1a10be33a87
0416f000,8,0,391,100,636,38e567eb72a62c3e
08878401,8,0,184,294,636,6f1ef249ec22fc79
0b103102,8,0,311,294,636,3f859ead5723fee9
28905404,8,0,391,100,636,38e567eb72a62c3e
0a00c449,8,0,388,100,636,9580e76fd6a5f9b0
12227400,8,0,391,100,636,38e567eb72a62c3e
35024180,8,0,363,294,636,fade3b546a7b009e
0410a548,8,0,337,294,636,2131541fd31d676e
14188882,8,0,351,100,636,7c46796c9078f41d
06848680,8,0,383,100,636,10d9aaf99dc56301
15007081,8,0,391,100,636,38e567eb72a62c3e
11043111,8,0,320,294,636,cb2940541cd0cfb
0e022068,8,0,286,256,636,cba87fd68fe8004b
1002f401,8,0,297,294,636,cddcf010ed77e418
12488488,8,0,382,100,636,d4f064d29e90b9a3
210e0218,8,0,280,294,636,258a72f1b6dca468
04d12102,8,0,326,294,636,1e87495082d7d72e
01906188,8,0,391,100,636,38e567eb72a62c3e
0c42a041,8,0,323,256,636,ea8dc544ced78399
35848080,8,0,391,100,636,38e567eb72a62c3e
0822160c,8,0,391,100,636,38e567eb72a62c3e
05241a01,8,0,389,100,636,df4756f24f727cb9
06610049,8,0,389,100,636,c7d42751231ad1b6
088a5081,8,0,385,256,636,3f4f36829a287c5e
08283103,8,0,294,294,636,b17a9ff5f8e0f82d
138c000c,8,0,377,294,636,e402ef6731560c61
08061a84,8,0,202,294,636,628488654f27ee9c
10452680,8,0,390,100,636,2151763d9d212607
0540b208,8,0,391,100,636,38e567eb72a62c3e
1418008d,8,0,384,256,636,72126286ea2c98f3
241c000d,8,0,391,100,636,38e567eb72a62c3e
34005105,8,0,360,294,636,8c8742e966571efe
14644110,8,0,362,100,636,9c7d3b2c5036ae0b
28701108,8,0,350,100,636,1ef1916877efb4ba
16189080,8,0,390,100,636,4a3445d7f92e7ba3
0e902a00,8,0,376,256,636,78b756ce36cbb227
21081c28,8,0,316,294,636,15efa6c645338017
2510c0c0,8,0,383,100,636,f973db0b838f736c
03a02444,8,0,372,100,636,337468eb40dbd695
05602901,8,0,376,256,636,a54b468eeeec5f7d
00701069,8,0,385,100,636,22758180cf37cc2d
01481381,8,0,337,294,636,1f3a09072e8a59e9
0a621408,8,0,391,100,636,38e567eb72a62c3e
01720a08,8,0,316,294,636,d492d2cb9b0597f8
0012e608,8,0,358,100,636,f882e587030742a
05880a09,8,0,379,100,636,4222e9e723f36232
151110c0,8,0,385,256,636,fdc414f2d944f0b2
01826c02,8,0,296,294,636,c625e851808d5c6
07048510,8,0,341,100,636,6bc57f7f5cd281ff
045600c1,8,0,331,256,636,cb2ec2703fe06c08
0812428c,8,0,355,256,636,6506f384d39076c5
0c00aa88,8,0,318,294,636,d8e59147cffc86f1
34c10201,8,0,389,100,636,8fd75a00721c43cb
00c064a8,8,0,374,256,636,ad4ac312fb405197
1c381200,8,0,391,100,636,38e567eb72a62c3e
29088e00,8,0,352,100,636,1788fd0ff7caa259
00b0c007,8,0,336,100,636,f36af407285517ab
290a2120,8,0,284,294,636,ae341dcc83a695c2
0e20c090,8,0,295,294,636,589d719562233df2
05542820,8,0,391,100,636,38e567eb72a62c3e
007c0403,8,0,375,100,636,f479ba207a84b2fe
020aa049,8,0,311,100,636,33f1a45ba5c7577f
04a0d003,8,0,391,100,636,38e567eb72a62c3e
0c10d048,8,0,391,100,636,38e567eb72a62c3e
20b84500,8,0,391,100,636,38e567eb72a62c3e
0238480c,8,0,349,100,636,fd60e4d6d88fb1c4
2094c048,8,0,371,100,636,d73e3bff3e39d5f2
00653102,8,0,209,338,636,97c9f48a6256968a
05062242,8,0,290,294,636,48bea744d46e9419
06003584,8,0,368,256,636,ba000d4b587fc69f
22952004,8,0,190,294,636,c1f2bfec63a055e8
204d8280,8,0,244,294,636,f1f3a2b457542aa9
0648a801,8,0,389,100,636,4cffcc9bf63c5d48
27a00120,8,0,330,100,636,284c0be61d5bde85
21802093,8,0,323,294,636,afd40dadcad7ecb
21441640,8,0,330,100,636,45157fd3a26f7e35
0a164028,8,0,355,256,636,9a2d8a6edcb58180
30082183,8,0,301,294,636,e7eb1586813db1c5
087b2000,8,0,363,256,636,bea080d43be58fea
2c188084,8,0,373,100,636,d0471d2f44a0002e
01186510,8,0,343,294,636,14589537396b936e
021ce004,8,0,390,100,636,4a3445d7f92e7ba3
04641260,8,0,362,100,636,343b5e1369b55ec1
210d2011,8,0,350,294,636,3c3ade2a4f0b2fcf
1150c041,8,0,390,100,636,37457372adf645ce
0128860a,8,0,312,100,636,f38292be326cfc9f
20312884,8,0,79,306,635,61d973be5c07df6f
028ae010,8,0,305,100,636,3d4f0a8e4a8cc314
1410600b,8,0,391,100,636,38e567eb72a62c3e
01c16042,8,0,368,100,636,ea062d1074963e88
1401f200,8,0,391,100,636,38e567eb72a62c3e
32131200,8,0,313,294,636,a19fdb34c141a38a
1f500800,8,0,391,100,636,38e567eb72a62c3e
22924028,8,0,384,100,636,72ebb057853230bc
230802a4,8,0,285,294,636,99751b4961709cc6
0059a801,8,0,365,294,636,acf3fd82fbd636ee
0a285082,8,0,369,100,636,76f36796d7aa746a
36023002,8,0,390,100,636,4a3445d7f92e7ba3
201821a2,8,0,285,294,636,8e638e46c6b3d811
0e0b0404,8,0,376,256,636,2df4365f18aefbd5
09830281,8,0,345,294,636,2cc51ce9f802119c
11484098,8,0,343,294,636,7c0190f589b897de
03248c20,8,0,270,100,636,ca87cc2221517985
300821a2,8,0,130,294,636,a14af7bd0136cf1f
004d2206,8,0,257,294,636,e08157d92ad9c702
25021083,8,0,387,100,636,ad2770a6eed101d
040ec005,8,0,353,100,636,4a1e4123ea81f74d
20903482,8,0,390,100,636,98d68c2ee2532965
24520888,8,0,387,100,636,56e7ec665eb1918c
20323410,8,0,390,100,636,31fe421dcc88c51b
05228083,8,0,339,100,636,d7a4bb82cb1bf9ab
2e00e002,8,0,390,100,636,b42db3eb0915969a
1c10c003,8,0,385,100,636,4e456e098c9f88c3
23085a00,8,0,376,100,636,f044400c2ef3a45
10847009,8,0,391,100,636,38e567eb72a62c3e
0e046c00,8,0,388,100,636,2636468c55fb376d
108c3044,8,0,331,294,636,c8b8a8e840a260da
26411088,8,0,386,100,636,679e56d6fc44b9df
25194400,8,0,391,100,636,38e567eb72a62c3e
11640244,8,0,315,294,636,6b1befb575928018
1182e020,8,0,346,256,636,11523a2b503f2d53
20c06406,8,0,382,100,636,a718372d6935d748
31426800,8,0,365,100,636,52155bddab18f447
05d00504,8,0,353,100,636,36e8c78d17c0d26
01790204,8,0,357,294,636,e4a74c960ec4232e
2006a490,8,0,273,294,636,250e04204f9145ce
20d88041,8,0,368,100,636,b3d6fed0609d4a3d
308822c0,8,0,361,294,636,4d7b46f72d699fa7
12509404,8,0,380,100,636,15fbdbc35e37ec5
102b3200,8,0,357,294,636,b2b8738d9008173c
0ca54004,8,0,339,294,636,230f203267d85262
04082c98,8,0,316,294,636,6f729e2783a17155
020c7a00,8,0,342,294,636,bcf1334e6160dc49
02b88101,8,0,383,100,636,970668227cf973fb
2e030102,8,0,211,294,636,f6bf04ab1c36f339
068c400a,8,0,384,100,636,f73d1a541d6b35e6
2a300a01,8,0,257,294,636,ac5d829072708c86
0a2420a4,8,0,140,294,636,3db8438bbe8fedde
08003389,8,0,284,294,636,a475151237e6ab0e
10b04482,8,0,372,100,636,54c83a9ce3b417f4
11134088,8,0,344,294,636,b501191938e42d1d
0c586004,8,0,389,256,636,f0febcafb0b390e8
092a20a0,8,0,378,256,636,c1d91cbc34349f5
20ac2404,8,0,389,100,636,ce955bfa4581d13b
1002c609,8,0,345,100,636,e7ff76ff278dbdc9
0309a201,8,0,391,100,636,38e567eb72a62c3e
0cca0104,8,0,202,294,636,733650007c9db8af
34308082,8,0,365,100,636,8f6d3b7bc5623ea8
0104ab80,8,0,226,294,636,27867f60d5e886e3
00583045,8,0,311,294,636,20d2993f4ce7beb6
188c2005,8,0,306,294,636,e2a974ce46b28c4a
04c0401b,8,0,348,100,636,75ca0bdc95597514
28023260,8,0,149,306,635,6334c56189d424d0
050051c4,8,0,277,294,636,ca14a064c3ea05a
2482010b,8,0,315,294,636,8f791cd8dd4d7b90
1c440209,8,0,390,100,636,a82fc0ea99993799
2e440808,8,0,373,100,636,41d6b7f02693d28d
067a0400,8,0,391,100,636,38e567eb72a62c3e
248c0106,8,0,354,100,636,3cfca9eb8bbd3a9a
0422b014,8,0,313,294,636,affacf1df96b6bf2
0d060803,8,0,310,256,636,bd1314e348fb97
0014ac82,8,0,179,294,636,92b9a45bf0e87ffb
36401028,8,0,376,100,636,e9af3e890de206a1
06cc4002,8,0,389,100,636,6e7f023e74075b84
09446048,8,0,359,256,636,1aa1bb38e6109596
0a381401,8,0,391,100,636,38e567eb72a62c3e
2c008119,8,0,194,294,636,87905dd6832d8502
1c384010,8,0,387,256,636,724133b616925234
00522294,8,0,242,294,636,6daf436145e9d76e
04893300,8,0,373,294,636,6390c62f6106729e
14202582,8,0,233,294,636,3ce55b66e328f8d7
0548c240,8,0,374,100,636,7b19d1489eca3372
3204a410,8,0,366,100,636,e2cb18830fcc8d3d
01442183,8,0,307,256,636,4e698c83a59e64e4
0430c448,8,0,389,100,636,d819733af5120265
14a01288,8,0,368,294,636,d6877d8cacd7517e
15180c40,8,0,391,100,636,38e567eb72a62c3e
1406a090,8,0,387,100,636,5c7655c221edc08d
3841a400,8,0,302,294,636,76ebc92c14dd85f8
1e020301,8,0,279,256,636,3358112ccda90e15
10b84204,8,0,343,294,636,f0a6c0e0e533b12a
0114a083,8,0,391,100,636,38e567eb72a62c3e
090c1a01,8,0,370,294,636,3de2c2ca6cd5363c
0cca000a,8,0,354,294,636,3a6c257a4d9c0e8f
288c0411,8,0,230,294,636,25a5791d56f9a6f0
1f040050,8,0,340,256,636,2aace0993c116ee9
04459102,8,0,263,294,636,9dcaa2277a575403
0c12042c,8,0,344,256,636,b6cf7878ab03de28
1024d044,8,0,382,100,636,d0a3f4b809f906f0
23e09000,8,0,387,100,636,675f1e5e901deff8
14151108,8,0,391,100,636,38e567eb72a62c3e
01744102,8,0,288,294,636,cceed2498521ffbb
29060882,8,0,266,294,636,dbcaddc3d8f89a0e
23810441,8,0,303,100,636,38196b2a3fcd5f33
21ac000a,8,0,352,100,636,8bf18b151508ac54
00799080,8,0,342,100,636,d1d82839bdc66fe2
02e85010,8,0,383,100,636,f8a3b43934cc5f86
22a81024,8,0,348,100,636,e40186a26fc10dbf
008c7801,8,0,343,294,636,9f67d61ca62235ac
07814804,8,0,374,294,636,79acff90b95a0320
0d224009,8,0,391,100,636,38e567eb72a62c3e
0a0e4c00,8,0,362,256,636,5f7419a6a54e426f
01408989,8,0,247,294,636,e9d6d4937f43f0ef
010c5218,8,0,338,100,636,25afbff4cde1082b
0c514011,8,0,372,256,636,2c6852ae13e6db9
06202c41,8,0,265,294,636,cbdfc378455e62b7
14403700,8,0,345,294,636,648096a045b695e9
04405e80,8,0,282,294,636,f2dd0a94d34135bf
21016c80,8,0,361,294,636,d5e467e3fb5b1ef3
0d630400,8,0,391,100,636,38e567eb72a62c3e
02603a08,8,0,341,294,636,6b8334c73d18cad7
20e94400,8,0,373,100,636,b40cbf2d3ae399ff
108860b0,8,0,312,294,636,9be49dc8425ed0b0
342a0801,8,0,269,294,636,eb698427849a8c99
08096083,8,0,289,294,636,3d2a7024ad80b4eb
0098812c,8,0,291,100,636,46a33287420c9fbb
0f011204,8,0,391,100,636,38e567eb72a62c3e
2a02c018,8,0,302,256,636,cd02fb701bc7df7a
2b103040,8,0,387,100,636,38f1de412d76bed
04701460,8,0,384,100,636,11a8489b27ae42bc
21200619,8,0,311,100,636,7a912551ffebcfa4
082a7400,8,0,391,100,636,38e567eb72a62c3e
20042607,8,0,122,294,636,e29946d5c66a819a
21c810c0,8,0,341,294,636,464920a2212e7346
0c40c403,8,0,244,294,636,c78cfbe6a4facb66
086a0281,8,0,349,256,636,7bff7284c166b74b
0c406a04,8,0,364,256,636,f616f287144ed049
0d802501,8,0,342,256,636,42c55ca3c86d8b06
050a8620,8,0,267,294,636,4ca72499ff5eb374
01499600,8,0,375,100,636,6ee1b550950bc576
15860018,8,0,360,256,636,6f4c4e64fe0ac59b
0402f102,8,0,262,294,636,4a7a50ed2e771640
00966110,8,0,305,294,636,b2f9425561f9d1e7
1042d009,8,0,379,100,636,913e22b08b48b250
1203a401,8,0,254,256,636,5a7b69e081c69b59
05126210,8,0,388,100,636,248b68bc42f9ce5c
0681c005,8,0,377,100,636,8ae7f4b777b0ab85
284a00a2,8,0,160,294,636,4ab42322e0a0413f
22062209,8,0,384,100,636,951db8f142071332
328d2000,8,0,391,100,636,38e567eb72a62c3e
020c2381,8,0,311,294,636,f77f4edb9a27a1ce
01361090,8,0,382,100,636,a9abcc2ba1c6f5f0
310a1600,8,0,388,100,636,f4aa398523eab15e
00257108,8,0,284,294,636,139ee8e1c05c384c
05811604,8,0,391,100,636,38e567eb72a62c3e
0d242088,8,0,390,100,636,b42db3eb0915969a
2418f000,8,0,391,100,636,38e567eb72a62c3e
341820c0,8,0,391,100,636,38e567eb72a62c3e
22942408,8,0,391,100,636,38e567eb72a62c3e
28806054,8,0,220,294,636,9fb721e804d14117
28680604,8,0,251,294,636,31b0bd9b24792e4a
030a2580,8,0,391,100,636,38e567eb72a62c3e
20a94c00,8,0,316,294,636,180d45b5a23550b2
0a1c4082,8,0,304,100,636,a12cfc6fa80ca4f3
1c04a060,8,0,292,256,636,d24dd457a80e2ba7
06106890,8,0,385,100,636,46a98dc49091304a
0d903080,8,0,391,100,636,38e567eb72a62c3e
14419082,8,0,314,294,636,19271bd8533ade77
07432040,8,0,390,100,636,b42db3eb0915969a
0cc81018,8,0,309,294,636,b8870c2753c9e722
261a1010,8,0,390,100,636,71c1f1a7f9a96e4f
0e006182,8,0,318,256,636,f1dc8bdc7c5d461
14086112,8,0,268,294,636,672001b5ff4f27fa
0310044d,8,0,381,100,636,277b4383f5e6cc60
2e680001,8,0,376,100,636,83f84b46a8401103
001820ad,8,0,310,294,636,4db4e74dc9241375
35020490,8,0,364,256,636,e3ff5bfda3d55e60
00b8402a,8,0,340,100,636,3c31023651e5609e
07800584,8,0,372,100,636,22b806efad3162b4
02882682,8,0,388,100,636,2b86115169ab6693
10896204,8,0,334,294,636,41c222e8671739f8
26210520,8,0,312,100,636,1916252d534df789
05058881,8,0,362,100,636,c31dcbe0a7ab6ab3
12746000,8,0,391,100,636,38e567eb72a62c3e
11283030,8,0,359,294,636,31bc8abdfda43972
0300628c,8,0,381,100,636,d9dc1688f6463630
02609304,8,0,292,100,636,63c0baf89cae6b26
10a0b090,8,0,313,294,636,fe1478c57dfc0ba1
2a330001,8,0,354,256,636,4271bfc69e62f2f6
0a439008,8,0,333,256,636,94339dca626117aa
34101920,8,0,348,294,636,b0b5bf33edff918b
17c24000,8,0,391,100,636,38e567eb72a62c3e
081a0581,8,0,298,294,636,caf289aebbc2e80d
2a700090,8,0,126,294,636,63fe2b8d219882a7
205f4000,8,0,358,294,636,6646ef68ca574667
010a068c,8,0,281,294,636,4f85b9d350209de1
10361180,8,0,383,100,636,a14a04111b6d1560
18188881,8,0,309,294,636,ddfca3eee433a329
28980450,8,0,341,100,636,45fee7cb7f1c6858
05108292,8,0,210,294,636,7bea6240c239d309
0c284444,8,0,325,294,636,868a0ab7adbff8af
22202981,8,0,235,294,636,eeda0ac660f540bd
0d080582,8,0,227,294,636,9d818f106fa5d5b8
20281191,8,0,278,294,636,db95dfdb93b7a9d2
15190404,8,0,386,100,636,cbd7610a17940975
36402081,8,0,388,100,636,c80b29132c931892
0d0c8048,8,0,347,294,636,24a6d345ab1adc8
0106ac01,8,0,294,256,636,34a3e714ddf91c8c
046a2005,8,0,332,294,636,6f706b1dc589d834
044c5104,8,0,363,294,636,688d5a9357d82d9c
20192182,8,0,327,294,636,b6218873f98f5047
38482108,8,0,329,294,636,fd0ef39480128891
0221ac40,8,0,330,100,636,188606a3896f9d75
29503008,8,0,391,100,636,38e567eb72a62c3e
00b16480,8,0,386,100,636,549a80434a07be9a
0444b900,8,0,341,294,636,cd5c496fda53ee17
070c4840,8,0,354,100,636,ec7fafd19733f6d3
03925010,8,0,388,100,636,948e1c5b0f318912
0544a018,8,0,387,100,636,24e5236eeb0a30f7
07800426,8,0,357,100,636,266b8e94d4b9007c
0454401a,8,0,344,100,636,6fd41a94ee1d8c0
27048240,8,0,346,100,636,b5f19484eb35f63
01649600,8,0,391,100,636,38e567eb72a62c3e
04252409,8,0,391,100,636,38e567eb72a62c3e
27082030,8,0,384,100,636,4670b58c3fe59e11
005032c2,8,0,172,338,636,b10f18fa4d532ad1
21581048,8,0,387,100,636,6d07dab5603d2f0d
2c189002,8,0,389,100,636,c861239af85dd055
2e800418,8,0,389,100,636,85cba80186d27c8
0b320804,8,0,358,256,636,471fba6a34544cfd
01502491,8,0,391,100,636,38e567eb72a62c3e
2e110088,8,0,381,100,636,a1b555fcdab431d1
120070a4,8,0,344,294,636,71573fd8a5122f5e
044068a1,8,0,330,256,636,db98b0810932b29f
14a23100,8,0,379,294,636,54b26acb80da3ebe
012a6011,8,0,339,100,636,68ad88128f3bcd0c
0984c210,8,0,276,294,636,3b002703ea8405fb
214230c0,8,0,391,100,636,38e567eb72a62c3e
1ec20001,8,0,344,256,636,44eba72e47c9cdf
2002f401,8,0,343,294,636,9f2fbcd746a13e17
341a3000,8,0,391,100,636,38e567eb72a62c3e
2880208d,8,0,170,294,636,5a612f8c6e3b02b8
0c492180,8,0,359,256,636,c7553ae369a3115f
00c56840,8,0,278,294,636,c928fe2cb3f5bf0c
210e1480,8,0,390,100,636,98d68c2ee2532965
1c0a3080,8,0,390,100,636,b42db3eb0915969a
3089200c,8,0,231,338,636,7ac1a2f576bef086
05ca0108,8,0,329,294,636,e0423e09abbe9294
30c83040,8,0,313,338,636,e5a2579c75cbfed5
0e099008,8,0,384,100,636,f9530be5fc7f4c33
20b11402,8,0,337,100,636,2f8bfc750fe8eb62
019c1018,8,0,360,100,636,9ed3e01fd5f4b203
03a80601,8,0,391,100,636,38e567eb72a62c3e
0d220094,8,0,263,294,636,b14e41dba45ada93
15102068,8,0,338,294,636,7ccc706985ee6e28
34300241,8,0,321,294,636,bf63e7e7329d98d1
20583022,8,0,377,100,636,a71e001613984a3b
02303610,8,0,391,100,636,38e567eb72a62c3e
14291804,8,0,325,294,636,ddb88e10e7617f1c
21241422,8,0,275,100,636,2cd9934df4bbb421
13219020,8,0,351,100,636,8aab016923ca7bea
281800c3,8,0,256,294,636,bd3dbe164f75c9a3
0c144184,8,0,236,294,636,7cfebb4d3f233cfa
223a8002,8,0,388,100,636,2bc8fc43773ca29b
0300dd00,8,0,352,100,636,587e93bc71571517
0304c105,8,0,358,100,636,2131f69f08dfbd11
26042105,8,0,244,294,636,dccb589db0ff3b5c
0204a542,8,0,199,100,636,602669646b9e5930
05c0a810,8,0,371,100,636,28079612c6400502
02281807,8,0,290,100,636,c04bd2d916871a9e
04219680,8,0,390,100,636,350936e7b1701184
0145220a,8,0,315,294,636,82087fc08f461ea1
060b0700,8,0,325,100,636,2cede684e4575645
071400a1,8,0,382,100,636,24cdc64a8b2b8081
1846c002,8,0,327,256,636,b9df3aaa081e1c54
148a4005,8,0,323,294,636,aa23af6d4bec4ba3
24013c04,8,0,275,294,636,6719d425ed2adb7a
06089106,8,0,219,294,636,26eeeda379785d2d
16264080,8,0,383,100,636,13956e8ac8f11fff
2154a400,8,0,391,100,636,38e567eb72a62c3e
2c500038,8,0,177,294,636,b101eb419be2b97d
02533004,8,0,321,294,636,5179f0f283067c9a
01107d00,8,0,378,100,636,d123a5e00b685f27
24414034,8,0,223,294,636,b58b9d0f8f2f3a95
384a4800,8,0,332,294,636,bfee9fa6323e4717
2e210006,8,0,288,294,636,e7ae1ba05f38e740
2120b180,8,0,391,100,636,38e567eb72a62c3e
28295004,8,0,368,294,636,3e1ec3ca259cdbf0
22086122,8,0,283,294,636,e56f15f41f6f029c
09c41240,8,0,327,294,636,8b82e9877c362724
36042808,8,0,391,100,636,38e567eb72a62c3e
15600c80,8,0,390,100,636,4b1e9fb1baf4413f
02128119,8,0,314,100,636,23c016ae8b3f4bfa
29006184,8,0,311,294,636,2cb211724b60fbd
05510610,8,0,391,100,636,38e567eb72a62c3e
30296004,8,0,365,294,636,125a937311d1b5ac
1408e009,8,0,391,100,636,38e567eb72a62c3e
00358089,8,0,305,256,636,9a63834814bf16f4
21509042,8,0,326,100,636,a90d08bb94a85c7
1b084201,8,0,370,294,636,f8e5745ec5510cdd
083a2204,8,0,348,256,636,97f7b466591e6eed
2128c082,8,0,376,100,636,75efdb4bd7f6fc1c
0e042103,8,0,226,294,636,3e284438feb01ea0
0e20a802,8,0,355,100,636,a7f74273166e928a
04104c29,8,0,381,100,636,d99603b3b85c0cf
000d208b,8,0,293,294,636,c873c91546464a7b
35801060,8,0,270,294,636,bc2fd7da171d434
0238c009,8,0,391,100,636,38e567eb72a62c3e
20806c22,8,0,281,294,636,4363f81eace01d02
200062a9,8,0,349,294,636,b4fbc034570ced77
0cb0c004,8,0,383,100,636,1500bb6d6953df3d
0898048a,8,0,334,294,636,cb256aeb8acb65d
0c00a584,8,0,113,294,636,5845308e07adde40
04c42049,8,0,373,256,636,f9cefdd05be38bfc
04133500,8,0,335,294,636,2258fbfa40d86fff
01605282,8,0,384,100,636,3903da4659e5ee91
08661404,8,0,296,294,636,c1483eb093afc129
21168404,8,0,308,100,636,c4baa62b72bca67a
002a300d,8,0,391,100,636,38e567eb72a62c3e
054a2060,8,0,337,294,636,b8f5450e1701c3f7
06287080,8,0,391,100,636,38e567eb72a62c3e
3228a020,8,0,341,100,636,100b6307bd0a697e
059410a0,8,0,375,100,636,fdbca949ae6052c0
2088a10c,8,0,163,338,636,6b7bf69d655d1b1a
0c406089,8,0,390,100,636,b42db3eb0915969a
2c590008,8,0,391,100,636,38e567eb72a62c3e
212830a0,8,0,391,100,636,38e567eb72a62c3e
270a0081,8,0,391,100,636,38e567eb72a62c3e
09145802,8,0,379,100,636,449fc8c011b87ccf
20923088,8,0,384,256,636,add29a3f3bcaa996
244c1240,8,0,361,100,636,ab00f74151f05f6a
160ca004,8,0,391,100,636,38e567eb72a62c3e
0705200c,8,0,388,100,636,c6687833e35d751e
2cc90002,8,0,375,294,636,192a62b1abfbec4b
29812084,8,0,155,306,635,3f02b8b258224986
15019084,8,0,366,256,636,79aea24a7caa357f
0b820422,8,0,237,294,636,68c2c94ddf57ae0a
2900b804,8,0,258,338,636,2e2b8c8041183b94
3201c402,8,0,307,100,636,1e52d16edd48e3b1
380440c8,8,0,309,294,636,4f6ff7624379f2ee
38848600,8,0,270,294,636,da16d3c2b6ec4c77
21604c08,8,0,375,100,636,1cbe3d6c7863c341
04250381,8,0,330,294,636,c2c3ecccf6ee6cf6
0a117040,8,0,280,294,636,c30bbeac347f374a
3c100811,8,0,355,256,636,c4b9272936f9a42e
0c140e80,8,0,305,256,636,e1cd65c0c6366a97
000866a8,8,0,259,294,636,2b97b8b1caebb776
11200c89,8,0,384,256,636,4b9c177f20ecc7c4
02286103,8,0,279,294,636,c7abc22919a17248
0dc48002,8,0,365,100,636,8f75c005f0807004
14462044,8,0,354,256,636,756c4c4fc05df21a
15604202,8,0,388,100,636,cbd9aa371c65804d
22a8100a,8,0,371,100,636,4a01e1a8f36da7fc
01388184,8,0,262,294,636,4c5f1b30881fd95f
0802b068,8,0,97,338,636,502fe7e9c1b95d70
050c9a00,8,0,382,100,636,c838dd290b68a89f
24006581,8,0,373,256,636,f2bce49284c7938a
0e484081,8,0,358,256,636,12878ef089c1e287
020aa0c2,8,0,240,294,636,30df386fd79a1051
2580480c,8,0,370,294,636,1671fd87459c03d4
1206b010,8,0,340,256,636,854ff9c409d0d394
0200b4c1,8,0,391,100,636,38e567eb72a62c3e
05d80440,8,0,391,100,636,38e567eb72a62c3e
32815400,8,0,391,100,636,38e567eb72a62c3e
07140b00,8,0,383,100,636,70e06419c1ea5d73
0009e406,8,0,90,294,636,bf23fba3b603ac0d
2d008409,8,0,391,100,636,38e567eb72a62c3e
29381800,8,0,391,100,636,38e567eb72a62c3e
0a02c502,8,0,127,294,636,92aa6261acbbc5f7
050e4a00,8,0,346,294,636,382f9dce60feecf8
14500189,8,0,385,100,636,7259e4059e97cf08
0a8a800c,8,0,250,294,636,91c337f2dadfd5c
20300529,8,0,192,294,636,9da1d49326a80735
140a2190,8,0,254,294,636,108bb07c0a0e3481
0264a081,8,0,389,100,636,3827863add27201e
12865080,8,0,345,100,636,989cb4155ea12f0b
0b059080,8,0,238,294,636,8636962e138051e
22d80240,8,0,345,100,636,bbdab74d97dc247b
05700111,8,0,386,100,636,dd5086e9cad472af
014c3041,8,0,378,100,636,5c42184abe6a022b
0180e428,8,0,348,100,636,2bc5bb0ab39b0197
06a10604,8,0,356,100,636,1d524dbeae5cbeb4
2504100d,8,0,391,100,636,38e567eb72a62c3e
0e090c02,8,0,347,294,636,becb7a8354b71233
05211444,8,0,391,100,636,38e567eb72a62c3e
3008108d,8,0,362,294,636,59083f5e2575b2fc
021096c0,8,0,391,100,636,38e567eb72a62c3e
041c8608,8,0,389,100,636,5f89cbc1c38421b5
0e2800d0,8,0,241,294,636,f56aa6b9d8b5a5c6
068b0082,8,0,265,294,636,153abc254eb7bc43
2862a020,8,0,169,338,636,738f749c4eb8ff85
040469c0,8,0,180,294,636,8b5f9e7a150a35e8
01647008,8,0,391,100,636,38e567eb72a62c3e
24410059,8,0,288,294,636,e61631ba468fdf8f
2820104b,8,0,318,100,636,9fc191ca9a0cca6f
0866a800,8,0,335,256,636,6d0eecb4dc7c6d76
0a1c0881,8,0,348,256,636,84cabec0b6e612c4
38140089,8,0,391,100,636,38e567eb72a62c3e
01e22408,8,0,384,100,636,567fe8e1b0a44bae
201c20e0,8,0,322,294,636,1ca2d867a69ac4d9
0d901402,8,0,391,100,636,38e567eb72a62c3e
25841900,8,0,266,294,636,538c1335c0d8fd34
06046c04,8,0,389,100,636,1360fbad07463acf
05018419,8,0,385,100,636,b9c8d7067d414ff4
24a21802,8,0,321,294,636,c99690891d40e857
20241628,8,0,311,100,636,7b2999562894254d
08d31080,8,0,268,294,636,4f964e92d67321f2
0c2a6040,8,0,381,256,636,f3b336daa1bf57c6
30036208,8,0,335,294,636,bbc1a5c3f0dbadda
0110d2a0,8,0,336,100,636,fc59be47874c456d
0f01020c,8,0,384,100,636,bf34bf253be12139
14023490,8,0,363,256,636,8d8d07b87f01d022
17025100,8,0,385,100,636,73c815f2067ef5c7
01293014,8,0,349,294,636,e2fd13e676b78eed
00a0f009,8,0,385,100,636,f5149a97c189e1d0
105a0608,8,0,322,294,636,aef03a088303393f
05624024,8,0,316,294,636,3ec3c20ec1599e67
043a9080,8,0,390,100,636,ee3db7f1bf0a6394
04f82200,8,0,389,100,636,edaae25d83bd41a4
017050c0,8,0,391,100,636,38e567eb72a62c3e
1094c808,8,0,371,100,636,a9ac5d3f9b0c406d
0d12a100,8,0,370,256,636,43543003e0a6ad47
252080d0,8,0,196,294,636,cd2fb313dc133030
03907040,8,0,391,100,636,38e567eb72a62c3e
05b48080,8,0,388,100,636,121663a642d3d8e
0960a820,8,0,313,294,636,e0345b12f94f0776
0200ac91,8,0,228,256,636,e5be344bd8ac06ef
011a0682,8,0,290,100,636,9e2b7f29b48cf124
162a9000,8,0,387,100,636,663bbb2289d1a539
20506242,8,0,225,294,636,8d1b0138786a838a
07904024,8,0,391,100,636,38e567eb72a62c3e
06030849,8,0,316,256,636,4ce5ea1040a7c2da
2a007018,8,0,316,294,636,9c10f0386a12eb10
140c4144,8,0,313,294,636,f93a429ce1ed5814
015100a9,8,0,310,294,636,651e46bffbe3696
20380660,8,0,246,294,636,b2e331897e47bd42
081b4048,8,0,323,294,636,796afbd0173f038f
0e704400,8,0,391,100,636,38e567eb72a62c3e
24283500,8,0,391,100,636,38e567eb72a62c3e
122114c0,8,0,313,100,636,d4661654d62e07c8
31444108,8,0,359,256,636,6dc897d182189d48
3808410c,8,0,265,294,636,ef6e84a865f5babe
180c5082,8,0,343,294,636,dad2c38e24c691a8
01341380,8,0,383,100,636,b4ef6a84f09a2090
0460b810,8,0,370,100,636,19b0969d441e19f5
240c420a,8,0,373,100,636,c56648ff4346eeea
2a681040,8,0,383,100,636,39365de3991ee029
01c8b400,8,0,391,100,636,38e567eb72a62c3e
00ac6006,8,0,388,100,636,35eaf19179e5205b
01207409,8,0,391,100,636,38e567eb72a62c3e
084a3880,8,0,391,100,636,38e567eb72a62c3e
082aa204,8,0,289,294,636,3e526891c86105f0
10313808,8,0,365,294,636,a2ffd895583751b3
08292083,8,0,246,294,636,4fbe46229ecb9e5a
20a85420,8,0,389,100,636,29d7ca04065ce981
29322020,8,0,337,256,636,b5050ddbb1bc3837
1d100209,8,0,391,100,636,38e567eb72a62c3e
35049010,8,0,391,100,636,38e567eb72a62c3e
2b442800,8,0,387,100,636,d259ebc9af20da72
1084260a,8,0,350,256,636,2cea59f7700476d4
1210a908,8,0,318,294,636,624ac114d6a1b6e6
01182298,8,0,372,294,636,4b29bc4b429db26
20749008,8,0,388,100,636,55b81e9311f6ebdf
05822086,8,0,377,256,636,1564e3cfa036e1e0
15022089,8,0,391,100,636,38e567eb72a62c3e
34040229,8,0,391,100,636,38e567eb72a62c3e
141c004c,8,0,386,100,636,153c5c6c1e5f2c1b
2420c4a0,8,0,209,294,636,24738ebdaed18669
02548809,8,0,391,100,636,38e567eb72a62c3e
0e834400,8,0,391,100,636,38e567eb72a62c3e
0d488018,8,0,343,294,636,bd4dffb1dc96c16a
080a510a,8,0,279,294,636,bc282fe82f80dc33
0016e021,8,0,300,256,636,dee2fc80454b36a6
24506042,8,0,376,100,636,f155a1a2a92409e8
0504b090,8,0,391,100,636,38e567eb72a62c3e
10047205,8,0,391,100,636,38e567eb72a62c3e
06890c80,8,0,372,100,636,3421d1f906f96e5d
11023882,8,0,351,294,636,3728dd8d0d8f15e9
0e104092,8,0,273,294,636,ef5599fbb4dc996a
07080415,8,0,378,100,636,615d088b82e7076f
21089540,8,0,364,100,636,b6b0b4e1150d3b00
04212f00,8,0,183,294,636,9604425d0edaf254
2402841c,8,0,129,294,636,57e45d35c4141905
0306a006,8,0,355,100,636,65a1d90a6e9a1a01
062014d0,8,0,377,100,636,dbe8a1ca91786c22
206c1041,8,0,352,100,636,a46689a5b4237784
0d408610,8,0,253,294,636,74da42dfca2226ff
24154012,8,0,354,100,636,fa3e4b40c79592bd
05250007,8,0,317,294,636,f774a71514ef7800
20a13088,8,0,248,338,636,9b07ed1fb134572d
01827220,8,0,387,100,636,b9359fe941fd82fc
01486610,8,0,382,100,636,226e6b0e5003c101
19a41002,8,0,381,294,636,2a5b587f0701ec07
118884a0,8,0,280,294,636,5e38c657a5ef8d94
03552020,8,0,369,100,636,4a861e0b17fc8d5d
27883000,8,0,391,100,636,38e567eb72a62c3e
2a02c003,8,0,349,100,636,de47b80a07b26953
3818001c,8,0,294,294,636,6439932ae9a4a741
25102015,8,0,376,294,636,6d6eb131a1f3df44
140c820a,8,0,353,294,636,b41e864adab09c1a
0c280509,8,0,377,100,636,fe728e67ea8b8410
0911a041,8,0,247,294,636,e785924fa4bfa34f
0119c088,8,0,322,100,636,4a521fbc4966d68e
2060e210,8,0,177,338,636,fde45355d0243d87
38520804,8,0,246,294,636,e17e4426d6a0f0fb
0918a011,8,0,358,294,636,e5f04751eb0e61da
0502aa10,8,0,235,294,636,2fdbaeedc91464b5
03802e40,8,0,374,100,636,e48872cdb5695b60
241800d1,8,0,335,294,636,43ff313456c4de01
1c10a480,8,0,387,100,636,6c3800c307bf5dbd
24ac1100,8,0,389,100,636,e1e9bf5ef1ddaf63
10d48402,8,0,348,100,636,f8a123b0dd63164e
2926000a,8,0,309,294,636,eec4dca5a13ae2fb
21cc0090,8,0,323,294,636,d72ea450006946ee
02ac0409,8,0,387,100,636,6d57c168161515fb
10c43401,8,0,365,100,636,489509ad3ca75c79
10163011,8,0,377,256,636,1cdd6fd3ed9d9589
2c084124,8,0,326,294,636,cc7dd8267878dbbd
04060499,8,0,371,100,636,c6c6b3bf288ba49e
0118510a,8,0,347,100,636,f1d53a7c1de55063
01945210,8,0,388,100,636,398993136cd281e3
1e802180,8,0,329,256,636,4a6b9ed6ac73f331
28446201,8,0,352,294,636,d479e5e236bfdcf3
04985120,8,0,391,100,636,38e567eb72a62c3e
100d6012,8,0,338,294,636,469ea90afffa8aa
08c2201c,8,0,175,338,636,cc640f8ede182540
0520101d,8,0,390,100,636,f8cb66f04e7bb52b
0b903004,8,0,388,100,636,cd3a464cf7b0de6a
0904a244,8,0,188,338,636,e00b66664e13f35
20656100,8,0,220,294,636,2dfb7b4cf93a4fc
0343c001,8,0,353,100,636,61eadd7f098664ab
24315002,8,0,391,100,636,38e567eb72a62c3e
08c53002,8,0,254,338,636,27fd350b7dbc7b67
15021091,8,0,369,256,636,3fda82b59e2001d7
13405802,8,0,384,100,636,5aedd69467f304fa
06148520,8,0,379,100,636,32481862982cbcb
08741404,8,0,277,294,636,2b636ba11356bda7
0a121068,8,0,253,294,636,8e89984b870800ba
05622804,8,0,363,256,636,6ec560f72820a672
200be008,8,0,334,294,636,9758a91338440f9d
104d4402,8,0,318,294,636,c03bbaa3d712e7c1
31045021,8,0,383,100,636,d25249d2b9d82096
0b300211,8,0,285,294,636,b6abc421954f91a8
0d0150c0,8,0,378,294,636,9422ae52c61d557b
04254888,8,0,276,294,636,56195908967fb52
01283203,8,0,391,100,636,38e567eb72a62c3e
24034086,8,0,225,294,636,aea3c07b75802e2d
04122298,8,0,350,256,636,a06cb4439e223514
2d408014,8,0,247,294,636,ab46595f52d6da73
26061880,8,0,296,294,636,151d8deabc9f51fe
08486502,8,0,217,294,636,4057d5d5519a4ddc
280a9208,8,0,370,294,636,acd4c192981f51a0
15051208,8,0,391,100,636,38e567eb72a62c3e
05d28004,8,0,375,100,636,75d0d9788e614831
19209c00,8,0,378,100,636,689bc5551527bce5
0c049418,8,0,330,294,636,ab961f8ce654ee60
2904a084,8,0,349,256,636,53ca6071ef957b52
04a8c440,8,0,391,100,636,38e567eb72a62c3e
0e62000c,8,0,355,256,636,88713df523dd3bb7
04c94801,8,0,346,294,636,e1e4d04eb8ef49e1
2c228600,8,0,336,256,636,1436c728472d11a4
07110209,8,0,391,100,636,38e567eb72a62c3e
041b2014,8,0,276,294,636,8f8f702f8e33d38f
34140182,8,0,339,256,636,82b4523be42a3a6b
0a188803,8,0,368,100,636,bb595d4e199da5a4
3128400a,8,0,385,100,636,51033f2b3402286b
0c188b00,8,0,292,294,636,532056cc102ef56b
24940406,8,0,361,100,636,5d354f67098f47e4
26601012,8,0,381,100,636,65eb0c4b7b649282
14207208,8,0,391,100,636,38e567eb72a62c3e
17140204,8,0,391,100,636,38e567eb72a62c3e
21145101,8,0,387,100,636,db7dea130e1d1bcc
2a203480,8,0,391,100,636,38e567eb72a62c3e
0e448014,8,0,220,294,636,3b96e7c978e63b94
03885410,8,0,391,100,636,38e567eb72a62c3e
25480c20,8,0,370,100,636,2cb7b2fe977dd88f
0124110d,8,0,373,100,636,293b33c59dca7a40
013a2044,8,0,362,294,636,cbf8ab2445882741
1680c140,8,0,372,100,636,76463f5a85ed31f3
04b2010a,8,0,342,294,636,292460f89423dec0
03e81001,8,0,390,100,636,72b06816d9595c07
04d11088,8,0,385,100,636,b595ffccde60f7d3
01a98201,8,0,315,100,636,32212762c3961d4f
32140007,8,0,388,100,636,af8b6272a94cd0a6
01482550,8,0,269,338,636,e69865aaaa4b95f1
1461c800,8,0,369,256,636,8a8d887c298e29d4
0c50c408,8,0,390,100,636,4a3445d7f92e7ba3
21a62080,8,0,382,100,636,89fe9a326edfda0d
05402505,8,0,319,294,636,d63fa31a585de250
09486804,8,0,390,100,636,a82fc0ea99993799
18836008,8,0,361,256,636,f55acfb3c2a3c7a0
34404182,8,0,263,294,636,ff72d1226264414e
0d491010,8,0,386,100,636,6548da4818541113
16508050,8,0,357,100,636,dd611d2eb9c625af
05c14110,8,0,387,100,636,6c15c337c87120b9
07041803,8,0,379,100,636,b13301f6b8d0b390
0032d420,8,0,342,100,636,488d13351e2ae821
0c00d288,8,0,348,294,636,271d73448b347c53
04306320,8,0,333,294,636,d3d37ccf537ccfd7
34070404,8,0,339,256,636,79d43b91315e077c
02283610,8,0,388,100,636,c5bf6525c68cd1b1
3404801a,8,0,359,100,636,eddf7b112d98d64b
140230d0,8,0,320,294,636,99b31a3ac9784519
0c0a6401,8,0,381,100,636,897f4e522ffcf35a
24193001,8,0,391,100,636,38e567eb72a62c3e
0308aa40,8,0,291,338,636,95ab0d0a4faaa288
18542900,8,0,354,256,636,2f14ace714e42042
1d802204,8,0,346,294,636,b578e97016b5df7d
14806290,8,0,387,256,636,a97456ece18b6250
1c822104,8,0,241,294,636,28d877b13d814e24
0548009c,8,0,279,294,636,7402993bd0702924
14182c08,8,0,391,100,636,38e567eb72a62c3e
24290c08,8,0,390,100,636,350936e7b1701184
02187021,8,0,369,294,636,5404dcc9fffd0908
24648c00,8,0,282,100,636,2eb1f7d48a3cdad2
05098604,8,0,379,100,636,7b56b91d3301a7cc
28869080,8,0,203,294,636,826fbcbf1eb20b9c
060a2282,8,0,386,100,636,dd9ea66804d53d12
282a8018,8,0,278,294,636,af6e348323d4e271
15940140,8,0,391,100,636,38e567eb72a62c3e
32c05100,8,0,386,100,636,27b0dfa19217a7ae
0202b221,8,0,232,294,636,132f73cd24430ddc
0404508e,8,0,338,100,636,f87eddeb56736095
13a0800a,8,0,351,100,636,a190756c7d55f23b
06508980,8,0,370,100,636,8458a3aac3f357a7
0c872040,8,0,306,256,636,9b97f47b42ca6a73
05043821,8,0,364,256,636,db3a9e3266be2f23
1150a201,8,0,391,100,636,38e567eb72a62c3e
100724c0,8,0,251,294,636,9d5d3853ca156b4f
05522018,8,0,390,100,636,dd4df11d527868d9
14013428,8,0,367,294,636,58d6d1470a2b4bc5
0a812c80,8,0,332,294,636,6ff2d23a96ab8937
06260442,8,0,310,100,636,23d7ce894621c35
1092a088,8,0,361,256,636,4c739621402e0510
24044a88,8,0,223,294,636,ec6101a0faaab57e
08909109,8,0,332,294,636,8e846c36b1e6a0c3
14590410,8,0,352,294,636,b67a4a1e60ae26e5
31ac0040,8,0,390,100,636,11c736fc1d20808e
020a7808,8,0,319,294,636,593f3b1e93521751
24005584,8,0,305,294,636,feca9129a6b3d897
0226048a,8,0,315,100,636,79ea8238d61128b0
11308d00,8,0,234,294,636,b846bbea1f3dd45
01009e09,8,0,350,100,636,5501cef5551e777
21548005,8,0,391,100,636,38e567eb72a62c3e
242c8500,8,0,364,100,636,e782465ce9bfd63e
16904048,8,0,388,100,636,dc93bda076eab8b7
248044c8,8,0,391,100,636,38e567eb72a62c3e
08203243,8,0,249,338,636,e57a6ee9138443c3
009886c0,8,0,372,100,636,9db573b2d9a7ef1a
06322060,8,0,285,294,636,c614b93b0946fa1f
12203604,8,0,391,100,636,38e567eb72a62c3e
014cb002,8,0,391,100,636,38e567eb72a62c3e
14285300,8,0,389,100,636,29d7ca04065ce981
00a86902,8,0,244,338,636,52465faf0ddf99ab
0908c809,8,0,359,294,636,736e2c360303bfa7
39402440,8,0,360,100,636,7dcd28a03ee04b1c
15887000,8,0,391,100,636,38e567eb72a62c3e
36108408,8,0,391,100,636,38e567eb72a62c3e
12a21009,8,0,381,100,636,314d419a8e72a53f
0c224c01,8,0,319,256,636,546d6723f88a577a
014078c0,8,0,389,100,636,e37ec0bcc54cf8ba
090e8101,8,0,274,294,636,814df016a982c2ef
01289061,8,0,294,100,636,44bc91f514f016fc
0810e890,8,0,209,294,636,28c0ceabbcba2cd
0e100e80,8,0,388,100,636,3a0136330a09f227
242a4050,8,0,316,294,636,55d8475138fb2d5a
04c90809,8,0,362,294,636,c281118f4c384a5e
02a83102,8,0,379,100,636,69ab879203417cf8
04023285,8,0,371,256,636,44a184c40da2c07
0410c80b,8,0,390,100,636,7cc24dd128a05805
29414401,8,0,340,294,636,32ce0eb1d153be39
2f508000,8,0,391,100,636,38e567eb72a62c3e
26004017,8,0,343,100,636,e1c3bf549f18ed80
002872c0,8,0,390,100,636,bdc533deb4a5efba
08261290,8,0,274,294,636,8faeead373a17cf7
02562220,8,0,264,294,636,919cf9b9b542ec88
04906310,8,0,350,294,636,8fd563b70ea51c39
23410481,8,0,391,100,636,38e567eb72a62c3e
214b2010,8,0,384,100,636,bfe2649e7c87b9b5
300d008a,8,0,342,294,636,d2f5dc93abb149a1
2b400608,8,0,386,100,636,c8818e24c44e40e9
0500b680,8,0,391,100,636,38e567eb72a62c3e
11a02640,8,0,339,294,636,fae686226337c174
04914188,8,0,386,100,636,bf7c4502af40a240
0f80200a,8,0,378,256,636,cf48f5a04c64ae85
06632100,8,0,359,256,636,97cb11164e68aa7d
19802481,8,0,374,256,636,1802b9b860303c83
0802406d,8,0,285,294,636,a7a510786a6bcf20
09121680,8,0,388,100,636,d33fabc07411b3e5
220a5081,8,0,358,100,636,c1c92d3111a4a22d
0a446081,8,0,369,256,636,b16b87d6bdcab217
06034290,8,0,241,294,636,1937c429be0989da
0282d500,8,0,335,100,636,a31200fa79674d1f
14c0a090,8,0,348,256,636,d477f5b2c1d0e2ee
0b024490,8,0,386,100,636,4883c21ec7fc0dac
23304060,8,0,332,100,636,4546f41946a58be9
24114920,8,0,282,294,636,cad13151bec9025e
2d004211,8,0,334,294,636,7cb3749f1c45e125
005c4007,8,0,370,100,636,a0e47c2b04af3408
21209424,8,0,286,100,636,75150ec1976a26ed
30862402,8,0,354,100,636,7b245d29f811311c
13320401,8,0,391,100,636,38e567eb72a62c3e
2810e014,8,0,239,294,636,44e2fbfef784393d
0c14008e,8,0,211,294,636,303e55b18034f4e9
30460089,8,0,383,100,636,40ad87958052ca98
21450a01,8,0,273,294,636,cb33270a8c5ffd1d
0308a380,8,0,385,100,636,ed90ba40b37b0d1d
24514050,8,0,353,294,636,df8ca6be69ee87c5
142cc001,8,0,391,100,636,38e567eb72a62c3e
0c048087,8,0,205,294,636,f49884ec267e2bf7
06111301,8,0,372,100,636,fcce9b2e0ea2bf1
0c243024,8,0,379,256,636,1e6becf77be3a3fb
0c804416,8,0,337,294,636,5a9c664a40b17546
203a0182,8,0,301,100,636,cb5edc02e06445e6
105d0408,8,0,385,100,636,a0e7d931e50df9f6
14b81002,8,0,391,100,636,38e567eb72a62c3e
09502610,8,0,358,100,636,551fca998eed79d7
20564005,8,0,340,100,636,bd6abf8bc9e1ebdd
29880a04,8,0,313,294,636,db8ed0981f5bfc51
02508c0c,8,0,367,100,636,6ae1e92badc6400f
1272c000,8,0,384,100,636,825726d367c50580
06007083,8,0,391,100,636,38e567eb72a62c3e
02a86a00,8,0,341,294,636,3ed5a02a68b029a2
2204a046,8,0,108,338,636,babb1391f905e128
20b44101,8,0,386,100,636,762379aa09f34143
03c44500,8,0,388,100,636,ab2ffc48c5bd468d
14228281,8,0,308,256,636,9a4f853523254691
0c8222c0,8,0,372,256,636,71298556501156a0
141c0602,8,0,384,100,636,3816de1442632d85
1c3a0800,8,0,387,100,636,1d8b062011140b66
39448100,8,0,350,256,636,5591d5346f5cd40b
31106042,8,0,376,100,636,5e14390e598bc30
25429040,8,0,351,100,636,d120991916efc888
23401488,8,0,391,100,636,38e567eb72a62c3e
3c086002,8,0,391,100,636,38e567eb72a62c3e
30881284,8,0,230,294,636,38184c992bfc11e2
048c4a04,8,0,288,294,636,1aedf9044f067f3a
0b540900,8,0,344,100,636,559c94315c8dc98a
0409064a,8,0,265,294,636,456533f57f5fc9fa
00327104,8,0,381,100,636,57dc3cf728d40443
2408304c,8,0,376,294,636,c96a02ac8fe7c285
17304001,8,0,391,100,636,38e567eb72a62c3e
07108015,8,0,385,100,636,9b14876e88a9d0f3
1004520b,8,0,378,100,636,48058c7f9b0c1b79
22039009,8,0,350,100,636,db89b0be5ba23369
0e018c08,8,0,388,100,636,bcdef7fe88d6e304
11123801,8,0,389,100,636,98301c40769634fd
1d922000,8,0,386,256,636,6615bd16f2836519
20a42c80,8,0,240,294,636,588b5b6f2d25ee27
16000629,8,0,364,100,636,462d46e6fb81cfb5
0140a648,8,0,363,100,636,f2f572b50edddd3c
220904c1,8,0,250,294,636,61c372ae4d46d102
0ba28080,8,0,352,100,636,eafabef1c603d6f
3010500d,8,0,391,100,636,38e567eb72a62c3e
0c31000d,8,0,363,256,636,569c492f6165b7f7
261c0048,8,0,391,100,636,38e567eb72a62c3e
280c6006,8,0,387,100,636,f8ac4ca3a2626790
26040423,8,0,279,100,636,d537d76ae3adbbfd
31f40000,8,0,391,100,636,38e567eb72a62c3e
3d000320,8,0,217,294,636,6a327bc64b175734
0e440881,8,0,346,256,636,518b2ed246bf76b4
04788280,8,0,333,294,636,b5745d99aad43b1f
08093085,8,0,267,294,636,138eb319bb2b787f
32002381,8,0,265,294,636,27b4c3c93ecd3b31
15834010,8,0,333,294,636,ee179d061f6295a9
05087090,8,0,391,100,636,38e567eb72a62c3e
24312012,8,0,346,294,636,bdda4d3a69d0ef43
16405108,8,0,383,100,636,6febc0bca5e3acc2
03043224,8,0,369,294,636,6af18203b7f26a91
0018c285,8,0,300,294,636,10ec331d3dc9a962
08c22b00,8,0,231,294,636,a8f168a00e43c09e
0c542082,8,0,371,256,636,6319a5071fa66ba
21654002,8,0,268,294,636,5953bd5e34d67d6
1183a080,8,0,310,256,636,8af7641adfb4e6bd
09242c01,8,0,314,294,636,df00fcb2277081a5
00987204,8,0,390,100,636,b42db3eb0915969a
05284301,8,0,369,100,636,320123a7212fa499
0c03400b,8,0,391,100,636,38e567eb72a62c3e
0a585800,8,0,386,100,636,1ec9dc19ecd0249d
1c308003,8,0,363,256,636,637ca0bcca3f2271
3800460c,8,0,283,294,636,aacd1e41b7752c0b
24320007,8,0,315,294,636,8ca17cee1c0557ab
05103031,8,0,385,256,636,c806a920566b3d81
0c0b0083,8,0,337,256,636,686816d6476f8a67
34112102,8,0,315,294,636,81e7fafc7451ce8c
04189038,8,0,281,294,636,e2086fcf0efa3c47
19106500,8,0,346,256,636,6f0bef1ad7fd4a9a
1c00d024,8,0,336,294,636,99d85d43821eea75
28045403,8,0,287,294,636,3000ee8ec4b00c4f
013414a0,8,0,386,100,636,f2fd931a5621d64d
04092303,8,0,270,294,636,be88846311fec9c7
10465280,8,0,342,294,636,8ee2d6ff2b84eaf4
0ac2400a,8,0,341,294,636,6ca9e1ea8c6c9577
15202700,8,0,387,100,636,f40786591a8df253
2b02c010,8,0,296,294,636,b2fa3ba908e6ee89
2c08010b,8,0,349,100,636,6ea6503553f628b7
10482688,8,0,382,256,636,80719191e18e1ea6
093044c0,8,0,358,294,636,26e06f1e9f493fab
05815018,8,0,387,100,636,f03ef47c4e99cd07
1c032404,8,0,313,256,636,970954230edfc1b6
081cc808,8,0,362,100,636,34a9b8a2bdfb6be1
2089840c,8,0,300,294,636,da073eaeba668cd4
26908044,8,0,285,100,636,b8c12f059042c5f0
0d191004,8,0,391,100,636,38e567eb72a62c3e
0a245104,8,0,351,100,636,c07914fff812254a
24805850,8,0,261,294,636,b80eda54b10cfedd
190c2102,8,0,333,294,636,45158745a7edd3dc
034228c0,8,0,378,100,636,9464cf1a128faf72
01524051,8,0,339,100,636,81333fec1a341b2f
0a2a2090,8,0,371,256,636,6d5a3d5aea4c2d21
0902e802,8,0,289,294,636,2cb7953cbd478202
05184086,8,0,384,100,636,7762f4d16f448813
38501480,8,0,347,294,636,1686f4c09af39a11
17108041,8,0,389,100,636,5f087b0c88dd2e32
11022489,8,0,391,100,636,38e567eb72a62c3e
0644b400,8,0,391,100,636,38e567eb72a62c3e
2802c094,8,0,137,294,636,6a4eb56cf5cb7ac9
1100b08c,8,0,376,256,636,487d9c41f6868413
0b424410,8,0,368,100,636,e7423af6d553d15e
01035488,8,0,290,294,636,feab9fb830bc820a
19805300,8,0,366,294,636,201df67b7e6d96f
1540110a,8,0,357,294,636,26b24f9a04f7e03b
2c034808,8,0,379,256,636,5e5233399def3fab
1e20b000,8,0,391,100,636,38e567eb72a62c3e
16004207,8,0,345,100,636,2e70e2056890fdd8
24700380,8,0,202,294,636,f3ac6fd43c38cc02
044c4412,8,0,306,100,636,a6b36e7e6fe9c3c8
33441100,8,0,374,100,636,7bfc175669fc0453
06a0c440,8,0,391,100,636,38e567eb72a62c3e
01112305,8,0,146,306,635,3c787ab9df64eed3
2c90a001,8,0,386,100,636,e4aa49f679a6dd78
200e22c0,8,0,377,100,636,46fb92c37786c332
2113100a,8,0,310,294,636,6e6510d6438f9e39
21540141,8,0,293,294,636,95f4a1669635a6bc
0082c449,8,0,367,100,636,22e1715c9245efd6
204d4202,8,0,349,294,636,9f815ed5c77b4234
32301480,8,0,391,100,636,38e567eb72a62c3e
2a075000,8,0,280,294,636,bc876693b8412184
0828a602,8,0,142,338,636,bfd0721c6dde7851
1c498100,8,0,286,294,636,cbf0b7f756268f78
2818a104,8,0,279,294,636,b96777a5ecee355b
14102f00,8,0,295,294,636,69085093d1381ff
080a0d88,8,0,303,294,636,224efe4471b46502
01a09510,8,0,306,100,636,462ef567218f8116
24944022,8,0,390,100,636,98d68c2ee2532965
240e0092,8,0,352,100,636,d6ab33687e3a91a4
05037200,8,0,391,100,636,38e567eb72a62c3e
25034480,8,0,386,100,636,7898a51d407744c1
049c8082,8,0,375,100,636,a0a37dfdff12f454
06110701,8,0,353,100,636,55a160a2e2ff989b
23868200,8,0,234,100,636,3b16420356d9e618
2036200a,8,0,350,100,636,caa6b3c2f43197b1
05610444,8,0,380,100,636,d3142c7e64f02b68
22300505,8,0,201,294,636,87b1650f6eddbdba
04131250,8,0,302,294,636,249687f592cfac23
20226442,8,0,191,294,636,5d965b34f941dbe1
14082189,8,0,374,256,636,4168a8d94a4405c0
11a0e400,8,0,390,100,636,3dc17eb3c8c7706b
0b408c08,8,0,391,100,636,38e567eb72a62c3e
0504c098,8,0,340,100,636,c292a5483f79fb1a
06c22208,8,0,373,256,636,8be68de58e175592
3c302200,8,0,385,256,636,6beb3bf3d2c2c70c
19941080,8,0,391,100,636,38e567eb72a62c3e
090b0c80,8,0,300,294,636,f6a760c139367e1d
05400589,8,0,387,100,636,8e629ef800410846
25842240,8,0,388,100,636,b702fcc96a814a2a
34908402,8,0,390,100,636,4a3445d7f92e7ba3
00283059,8,0,365,100,636,3c7178afb4b6551b
288c4480,8,0,391,100,636,38e567eb72a62c3e
0129c480,8,0,333,100,636,d9b047d000a30afb
0b488011,8,0,299,100,636,6bb9e58c746004b0
03103049,8,0,391,100,636,38e567eb72a62c3e
39201280,8,0,378,294,636,c0b0e68fc90811bd
05844032,8,0,328,294,636,c400f13ea3e15ae3
04307104,8,0,391,100,636,38e567eb72a62c3e
06140682,8,0,338,100,636,7de0f4f39b529b3c
0c804690,8,0,288,294,636,79ca1aa4b505b498
14011628,8,0,382,100,636,3081bf3d4463b42
06340821,8,0,378,100,636,ae214430c5ece0fb
204822a2,8,0,351,294,636,a69c975968b7e326
05a0280a,8,0,325,294,636,b87f99c8d5fa116f
03062a04,8,0,298,294,636,a216887fe697d579
205a001c,8,0,225,294,636,6b70e501156564f8
0120720a,8,0,391,100,636,38e567eb72a62c3e
2838020c,8,0,346,294,636,a8996e84bdd86744
13107020,8,0,391,100,636,38e567eb72a62c3e
28824640,8,0,385,100,636,1d5be8146d690724
16809240,8,0,339,294,636,9d854e347627e29e
08486412,8,0,316,294,636,8ca36b2cc88235ab
070c4180,8,0,366,100,636,cd4919f0052961bf
2e300280,8,0,365,256,636,cb9902dba0994780
201c2803,8,0,387,100,636,a0a9b784e54d773a
34844220,8,0,391,100,636,38e567eb72a62c3e
25042403,8,0,387,100,636,a468eb4f0bc900c3
24180506,8,0,378,100,636,e65f3a7aa9115664
060c5402,8,0,391,100,636,38e567eb72a62c3e
09201486,8,0,260,294,636,dfaea1ba855fc67f
04138281,8,0,382,100,636,89a0c811b8f5e731
1008c4c8,8,0,352,100,636,58055543451ce0dd
01c230c0,8,0,389,100,636,2f9ddf79401b0e8b
20291680,8,0,372,100,636,79a9c9bfd6baa109
2826c400,8,0,298,294,636,9f297f28d14320d2
2252c400,8,0,390,100,636,4a3445d7f92e7ba3
32b80020,8,0,380,100,636,3f0ff907962ae4a1
18149208,8,0,390,100,636,37457372adf645ce
21106424,8,0,388,100,636,525556895e918d82
021ca880,8,0,388,100,636,2b86115169ab6693
016b0a00,8,0,192,338,636,f5a9ee4d476adc9b
100f0089,8,0,384,100,636,223392e844f50219
0c823104,8,0,304,294,636,3da39ef6a21c4b9
215a8020,8,0,354,100,636,ce5a8d22c9a8c9d
092420c2,8,0,268,294,636,18cd9268ba2f5d69
022c8c08,8,0,365,100,636,2223577eecbabf5a
248040e1,8,0,277,294,636,b8335bb945f27ac8
02741808,8,0,390,100,636,f8cb66f04e7bb52b
16a24080,8,0,373,100,636,ab0698f4ee835bfb
0e1100c1,8,0,238,294,636,5f2ea3c8f044b3f0
011620c4,8,0,336,256,636,c3ce5924c12eca24
302a6200,8,0,384,294,636,807b8926545ea3ee
2c160808,8,0,391,100,636,38e567eb72a62c3e
23202248,8,0,280,338,636,39435425ed6aef66
34011103,8,0,239,294,636,6086737c2d813f0d
0c490418,8,0,367,294,636,ab74b9374aa1448e
00c560c0,8,0,382,256,636,9290a9b7c24386f1
04418c81,8,0,330,256,636,162fed51447ab7bf
35054004,8,0,391,100,636,38e567eb72a62c3e
0611a410,8,0,387,100,636,1a1b13a58a9bb7ae
31e24000,8,0,358,294,636,21c05e88d86849d7
1004a40b,8,0,356,100,636,7098cab7d2597988
23449020,8,0,275,100,636,3166a48a2d6cf542
022430b0,8,0,274,294,636,8ac4b2a6206e4523
35004442,8,0,389,100,636,6b41ef06669e1507
10856081,8,0,389,100,636,8fd75a00721c43cb
20924026,8,0,297,294,636,86890c0a1874226b
24464802,8,0,212,294,636,53b8ff373d7876b6
30472400,8,0,358,100,636,3f7be2639c813d91
100c3205,8,0,380,256,636,7abb651b25169c93
0561c100,8,0,390,100,636,b42db3eb0915969a
0044608b,8,0,350,256,636,ba1d3087d2051f49
20281886,8,0,268,294,636,dfadcd4b6db905ad
05418c80,8,0,387,100,636,bcab9f91938a447b
05500a42,8,0,256,294,636,b4a3a5bbd2bc2fa2
3804a220,8,0,257,294,636,8ab6075fab563c94
04471081,8,0,370,256,636,8601fb5356490252
048d4102,8,0,372,100,636,433501ab2c45334
03c46020,8,0,388,100,636,a6fbbb4f66c529
0a82020b,8,0,368,100,636,319d9435bd4d6149
0401f180,8,0,372,256,636,7cf778cb10ff2f93
044c2092,8,0,385,100,636,b5fe75b0b4c38a0d
044450c1,8,0,357,256,636,9ac46a4f648c01dc
200c40c5,8,0,261,294,636,f3ad2bf6ced057d
14066408,8,0,391,100,636,38e567eb72a62c3e
05006b04,8,0,290,294,636,170f1505421a0b59
11243210,8,0,391,100,636,38e567eb72a62c3e
25028188,8,0,286,294,636,ec3eb05609acc0c
00a86242,8,0,365,294,636,a61315cb88e6365e
00908589,8,0,355,100,636,6a720493d2410517
00295282,8,0,311,294,636,301fd57248a72aab
0c4a2003,8,0,358,256,636,a5c930f709a2b9eb
35601001,8,0,391,100,636,38e567eb72a62c3e
06a48081,8,0,379,100,636,157eb38d063ed89a
0450302a,8,0,297,294,636,cd44712d6d1cb4c2
020e3a00,8,0,258,294,636,72331697317d4193
16214081,8,0,363,256,636,788f3ff87507d6f0
27a08008,8,0,388,100,636,f5cf6967ed0bc30b
28124814,8,0,213,294,636,34b6ca8293ef0ebd
0c150007,8,0,263,294,636,35fc1b749bf579c5
17001340,8,0,316,294,636,a38c019d475b266c
36310002,8,0,391,100,636,38e567eb72a62c3e
0409d300,8,0,353,100,636,6a4bae772ad3f564
31084083,8,0,391,100,636,38e567eb72a62c3e
0014e105,8,0,279,294,636,ea9313ab84ddaa0d
15848041,8,0,390,100,636,8d2fef6ae277dff2
0229900a,8,0,274,100,636,106b7a18235cd233
1140e202,8,0,366,100,636,a7a7ba91357b1482
0d20240c,8,0,389,100,636,51c370f1c836d0e5
0a024780,8,0,240,256,636,53b14e56e56ea72b
294e0010,8,0,324,294,636,756e43cd6ca67bef
15490041,8,0,382,256,636,ab66d9ae1012401f
111c0025,8,0,387,256,636,3669755aee146a04
0a904608,8,0,374,100,636,1b521b1afd04168b
17880108,8,0,372,100,636,6de94bfba9f95c0e
0806a058,8,0,134,294,636,edb82c2aaa527fc6
0a320809,8,0,391,100,636,38e567eb72a62c3e
01402ca8,8,0,298,294,636,c93d4b81594ee3dd
01e03201,8,0,391,100,636,38e567eb72a62c3e
06a10448,8,0,386,100,636,49f0ffa47729c41d
244080a9,8,0,258,294,636,e87bac7eb2faaec1
091e0420,8,0,317,256,636,b5ed42bf46f06919
088e1081,8,0,333,256,636,3e5eb960ef00cc7
08283450,8,0,254,294,636,457262450c178107
1610020b,8,0,390,100,636,4a3445d7f92e7ba3
3500c440,8,0,391,100,636,38e567eb72a62c3e
22243014,8,0,339,100,636,5d3a565446da56e3
0c221380,8,0,372,256,636,80136bef969b89ff
054a2210,8,0,391,100,636,38e567eb72a62c3e
14124680,8,0,360,256,636,fc9a6aac6fe2b4e8
0c10a282,8,0,311,294,636,48ad510c89beb740
23c080c0,8,0,280,100,636,4d8f63d5b12f0430
0438a801,8,0,391,100,636,38e567eb72a62c3e
0fa02040,8,0,390,100,636,161d69ba07cf9fbe
2882120a,8,0,257,294,636,310eaedf119503b6
11125005,8,0,391,100,636,38e567eb72a62c3e
00b88428,8,0,297,100,636,5c4d1a469552c366
2008b086,8,0,369,294,636,441e5b72d1a8c38e
26402083,8,0,382,100,636,c2879768d2075ad1
01a93008,8,0,377,294,636,1ac8a1f6db5491a7
1010a087,8,0,254,294,636,d8ce765568b8652e
044d020c,8,0,379,256,636,886a433854094af0
04493006,8,0,374,256,636,b789174bf3e1717b
00d4e001,8,0,391,100,636,38e567eb72a62c3e
030034a1,8,0,390,100,636,161d69ba07cf9fbe
24035804,8,0,285,294,636,7a33f3c9b893e51
04646220,8,0,347,294,636,546885a49bb3eb2e
22414406,8,0,227,294,636,eda2dabe2fb51cd4
2092100b,8,0,364,100,636,dde20498db7a0d3
0d288084,8,0,347,294,636,589e9985d0721bd1
1300c405,8,0,386,100,636,43c5d1dec8715e48
0a148881,8,0,381,100,636,226ad7169fc97add
30062228,8,0,301,294,636,ce2466dd18f7b9f
203a0888,8,0,364,100,636,7fa0494791a39f49
070006a2,8,0,259,100,636,7055a0f9d5136d18
11906c00,8,0,391,100,636,38e567eb72a62c3e
25894004,8,0,389,100,636,d1344dc6055b2530
05400e41,8,0,293,294,636,bc2e55afc637ecba
06126204,8,0,365,256,636,a3009975faa1d168
00d42086,8,0,302,294,636,4ed1cf9f01184f5
01c0a405,8,0,347,100,636,af372bffb9acbf60
01a07880,8,0,390,100,636,161d69ba07cf9fbe
0d0102d0,8,0,192,294,636,b77bc76ca009631d
05900e10,8,0,321,100,636,3aae20de4f8c596a
20306026,8,0,310,294,636,d7eaf4c794c3f8ae
0b40c280,8,0,329,100,636,65098d8c1f630220
04984640,8,0,385,100,636,298a428e632f2410
04095c80,8,0,339,294,636,18841b9c029caa0
13023090,8,0,385,100,636,4989072c14113c45
025032c0,8,0,333,294,636,7164bcf5855c063e
0c2d4008,8,0,386,100,636,9059f7bd9fdc47db
34b01400,8,0,391,100,636,38e567eb72a62c3e
01283504,8,0,391,100,636,38e567eb72a62c3e
1c0a0091,8,0,321,256,636,10584ded2e22078d
2424c801,8,0,290,294,636,61e0279e5f6c60a8
2100e604,8,0,372,100,636,1237436d63fc66e5
1128e001,8,0,389,100,636,98301c40769634fd
06612044,8,0,331,294,636,59fb4e866742eaf2
314802c0,8,0,354,294,636,1c4aaa6574d56358
20980512,8,0,346,100,636,f38f45db27d7325f
29280e00,8,0,376,100,636,c9f8a3757961c5fc
17810240,8,0,382,100,636,d2d846fdc8885aa5
3040d408,8,0,373,100,636,43a73cebed4df645
26811081,8,0,322,294,636,e1db027118808cdc
29446080,8,0,391,100,636,38e567eb72a62c3e
005e6010,8,0,363,256,636,488013ad57893132
04815805,8,0,313,294,636,1a6af22c8bb6266
0e0091a0,8,0,212,294,636,7f4c241c14d0264d
21880682,8,0,389,100,636,d1344dc6055b2530
03041492,8,0,324,100,636,bf75afef4cad0288
00457402,8,0,277,294,636,b8ec111a5fd427b2
0144a8a0,8,0,351,256,636,3169b96b570497b6
06123050,8,0,332,294,636,af10d4a9074c310
042c6180,8,0,384,100,636,37c0d9973c6f1bce
04846112,8,0,382,100,636,6d42f4eb22fbb753
2c4004a1,8,0,193,294,636,97c1d00b0e739c13
24119880,8,0,384,100,636,450712dc893be74c
11642081,8,0,391,100,636,38e567eb72a62c3e
20505424,8,0,276,294,636,a64591682eb9aa92
35201005,8,0,391,100,636,38e567eb72a62c3e
01128483,8,0,289,256,636,3fa6658afa1ab63c
30183500,8,0,390,100,636,31fe421dcc88c51b
02b16040,8,0,356,294,636,117250b792097cc9
07004641,8,0,388,100,636,75bc675dafe158a5
2020318a,8,0,275,294,636,ae1be93140c74b0a
04949210,8,0,355,100,636,8197dbfe743b3673
030a9404,8,0,391,100,636,38e567eb72a62c3e
094e1002,8,0,307,294,636,a6c345e8edbd1bfb
33480802,8,0,386,100,636,64dccbc8392cbb87
29500045,8,0,249,294,636,cd63800adf8aa4bf
210a6410,8,0,387,100,636,270ec40135744982
08033083,8,0,320,294,636,f0b2855078bc0d53
24e010a0,8,0,312,294,636,e19ed5c5683b4dc2
1422c201,8,0,325,256,636,baa545322dc9e88a
24481051,8,0,317,294,636,3ad91205f21c37e9
204805a4,8,0,89,294,636,68a7d7a79fc1715a
04c10b08,8,0,312,294,636,8c20ea5b6307b34
0400ab81,8,0,294,256,636,5d1fc67b228ee727
02548181,8,0,369,100,636,83930cee3ff0bb72
223011a0,8,0,276,100,636,9eb08c351c548845
20486211,8,0,362,294,636,276466730994b24a
01148e80,8,0,270,100,636,24ac174104dfcbc5
1a0e2400,8,0,375,100,636,f03f61c1ff57a7ed
0846600a,8,0,354,256,636,27d8ff8058d98b68
27a10100,8,0,379,100,636,39889677b9ab8961
0032204b,8,0,287,294,636,efb5c0e5d31c5f5f
1042ac80,8,0,244,294,636,92968ad03366ae08
29520090,8,0,342,294,636,96fdda5ad39ac389
040d40a1,8,0,304,294,636,c5718d20f41b906a
18848089,8,0,363,100,636,bf8d474b5edc7d1
21151120,8,0,42,338,636,982a11f8edfedcec
20419881,8,0,85,294,636,dccbf2747e1f5573
21418091,8,0,118,294,636,3fb6894119f48beb
0100222f,8,0,77,332,630,a0430f5785bacb36
2900880d,8,0,121,338,636,78641350f1e6dda4
24202d40,8,0,82,338,636,2706bae2d9d88d55
0029420d,8,0,154,294,636,3b286e5adf0e2e68
29000459,8,0,135,338,636,d0cec8d29f13e612
20530888,8,0,187,294,636,7e7555664c08dceb
21411023,8,0,76,306,635,aa0d8cdd1dbff748
242081c1,8,0,85,294,636,a1c6c32186cb8537
2004141e,8,0,107,294,636,767793bbfe6213eb
31100384,8,0,83,306,635,4cb82cfa5f799e11
20108a83,8,0,118,294,636,1e04bc75e6ed7026
00540287,8,0,96,294,636,312acbbfbee56a8d
001428c5,8,0,88,294,636,d497bade8c1124d7
03440a41,8,0,119,338,636,c13960c8f39cf9b6
24290160,8,0,168,294,636,6e2d94dbd44bd0bf
29240007,8,0,158,294,636,b18a46524ddfdce8
244090b0,8,0,72,294,636,b61a55a4b7ca4032
22151202,8,0,211,294,636,bd6fd9460f8f4d8f
24018c03,8,0,115,294,636,61e251ee745cb2ce
01028d09,8,0,207,294,636,b2f0a2a581f87b24
25040921,8,0,56,294,636,6fe3bb518711d715
2001341a,8,0,84,100,634,e77e0a4b126ecaf0
050c8902,8,0,119,294,636,113fa393d89e2c65
242500c4,8,0,116,294,636,cd7cda7d46ac581c
21440093,8,0,195,294,636,bbf535716f736031
092d0101,8,0,166,294,636,f026e6f97fbb1d3a
21811206,8,0,212,338,636,da532af59256016
20684841,8,0,122,338,636,482f0ad66b517fe9
300040ab,8,0,144,294,636,e40196e8f59634f
21120c90,8,0,142,294,636,3ea998d7967f2685
230c0250,8,0,177,338,636,ad89185090a9d7b4
00750405,8,0,126,294,636,8285bf1cdb1fdb9f
29180150,8,0,185,294,636,d2e22157aff2ede2
0005508d,8,0,206,294,636,9bf546d02c6b62ac
0020a18b,8,0,87,338,636,1c9c48b004552745
01001ea1,8,0,197,294,636,34f9f2f14133a673
2041a206,8,0,89,416,632,2a3de315325819aa
01220683,8,0,225,294,636,296a1d8a6f1e721b
0106508a,8,0,205,294,636,2944da01e0d49ee8
2020d504,8,0,185,294,636,2b570d7a4ecba3e3
040312d0,8,0,178,294,636,c6fddc4069c730b3
04021d88,8,0,162,294,636,af550c3f99bf1163
100024d9,8,0,157,306,635,8568861cf6f5fd50
22121818,8,0,251,294,636,d8b65c779cb6e948
03248841,8,0,247,100,636,8551dca4e1297329
0420c0a3,8,0,147,294,636,561bf5881e05f13b
01981430,8,0,260,294,636,a9e86dffd33528cf
04290426,8,0,127,294,636,1d7ecf303822617d
00bd8008,8,0,255,294,636,94ee53f27babe109
01a09046,8,0,185,338,636,79bdc9f6ff822948
01284740,8,0,276,100,636,fd38693fa9b7a674
04a88188,8,0,233,294,636,15d366c5da6b5ce
012042c9,8,0,235,294,636,3058be626cb5738
00291621,8,0,198,338,636,44c0a8dd080b8ee5
30251c00,8,0,227,294,636,420577a71bfccef8
09684060,8,0,243,338,636,a81d461adc9bf66
0024d061,8,0,165,294,636,363931d43109cf4f
00027243,8,0,175,294,636,73709fa93e57727a
20cb1008,8,0,176,338,636,dd58e0997adaa312
08013249,8,0,129,306,635,33562d78a6bf11f5
04882849,8,0,230,294,636,8b096f7a8acf5ae2
012c8029,8,0,287,100,636,e2227655efd27aa0
01261141,8,0,249,100,636,d368f8d77be6f035
20750500,8,0,88,294,636,99484accd43b2fb3
044c0223,8,0,83,294,636,abda45d989f62691
10c0108b,8,0,159,338,636,66538fc1e0114338
01914242,8,0,211,338,636,1a26c9fc3b68c5a6
0148121a,8,0,205,338,636,153e5c7ce5ea9e02
31054808,8,0,294,294,636,c0ce6e73c10fa5d
00d90109,8,0,291,294,636,e512c8197d76e5ac
058c0141,8,0,253,294,636,1b655c8f94732c12
0a390101,8,0,214,294,636,fc69b221d4c9a2d5
21108462,8,0,133,100,636,bca5c920d026b403
20063043,8,0,65,282,632,d4ee06e0a2d508e6
0005508b,8,0,170,294,636,20d2f9f9e5af9b68
206b1800,8,0,175,338,636,1c64e9ea2c279183
3003020d,8,0,216,294,636,734a35a91a651eb4
14320940,8,0,177,294,636,ca79602434d4460e
098e0101,8,0,251,294,636,da83856012b46108
31011a08,8,0,250,338,636,b6ce1b9217bc288c
11029a01,8,0,249,294,636,92ed58f30fd2f3f7
01216224,8,0,196,338,636,96497e28ce58d861
050a0740,8,0,176,294,636,6da4b5e59b095d2e
0150a064,8,0,111,338,636,e15af201507d1690
09401095,8,0,195,294,636,c1782b4a8f3433e1
0c0902d0,8,0,141,294,636,79b835377cc35391
200a02a3,8,0,135,294,636,4c777836b0323dd8
0111c023,8,0,115,294,636,533cfce9eda67eb0
27000390,8,0,142,294,636,99e8cdb45da2a371
30205142,8,0,224,294,636,f4db2619b0dcf11e
18288640,8,0,208,294,636,796324682e15b176
0248050b,8,0,207,100,636,4083547dbfd07eb7
080a098c,8,0,221,294,636,8503b6dd5ac9db61
14092812,8,0,185,294,636,b7a7a01751224733
21401d08,8,0,214,338,636,6b0b998307a7520d
08142603,8,0,142,294,636,ac1a1d0dde88bf25
04074818,8,0,191,294,636,e8a6b7c142674722
29001c06,8,0,163,294,636,fd9b6a8f43e58a43
2c202054,8,0,94,306,635,446ebf8a933d24b5
01089492,8,0,195,294,636,d535e190373df3dd
04201a23,8,0,147,294,636,e92fc618c731a761
14610502,8,0,161,294,636,8a0cb2d1d4575715
087d0100,8,0,190,294,636,137b9c8c17989cbd
21910206,8,0,120,306,635,afff9dc8d7381430
34200185,8,0,77,294,636,d68481f91044d472
19110884,8,0,159,294,636,e1c836a941b01e9c
1008418b,8,0,156,294,636,314c78aaabf35223
00ca4403,8,0,250,294,636,fca01a826dc6b436
046c8220,8,0,161,294,636,15f67e5e526116db
20329820,8,0,202,294,636,16e465572d025066
0011448b,8,0,141,294,636,ec2cece0bc30e1cf
01005c91,8,0,232,294,636,95bd5b4b76c45189
25020056,8,0,91,294,636,f94a04a615efd646
28811209,8,0,180,338,636,9678548c2bf7f83e
2004003f,8,0,117,294,636,7254a2a519be1ac1
08416806,8,0,169,294,636,405d25bb5841a604
040c8542,8,0,77,294,636,fa4c2d06f6d52ab7
05280198,8,0,233,294,636,f1911251279be592
11040869,8,0,155,338,636,6bbce0fffe0b475
20099086,8,0,102,294,636,ea734a06f190d71
2e0100c2,8,0,125,294,636,7a806042444edb37
030c0189,8,0,272,294,636,34febdd384b5e400
34048250,8,0,162,294,636,ec323402b729a82c
0026900d,8,0,346,100,636,5dd64c5857e3228e
06608190,8,0,110,294,636,38735872c555da14
0017020b,8,0,148,294,636,42ef2f95d3dc11f7
30100d81,8,0,79,294,636,1283deaf5b8b18f8
04103511,8,0,232,294,636,79729b732ef6c24
0421c091,8,0,237,294,636,9b7e11e0c53d00a5
19501102,8,0,296,294,636,fe329d540eb7e891
014061c2,8,0,165,294,636,ee8f73a788653ea1
14304260,8,0,208,294,636,8054891c7b513c1b
00a03232,8,0,263,338,636,f4f16c447c1adf45
005c8111,8,0,170,294,636,c92f7ced39c422f1
0ca04248,8,0,346,294,636,4638913392ed358b
04c03121,8,0,187,294,636,1b0e4f5be6e45e64
010c0e03,8,0,129,294,636,19caa05d39c5b5e
1d020031,8,0,247,294,636,b3ebc5a52d8986ce
11990088,8,0,285,294,636,9c5ea426e1b452d9
043403c0,8,0,76,294,636,c346425ee3a3c8ca
082d1003,8,0,219,294,636,401622b236386f3a
045100d4,8,0,83,294,636,11a696a3d37213df
11201511,8,0,225,338,636,7f69bbce205252b8
04088887,8,0,128,294,636,e8aa09f2dfd0fbce
01642023,8,0,229,338,636,812d413c8b947ac4
02245224,8,0,323,100,636,8847b3a86138ab03
1050020f,8,0,157,294,636,3d743441914261db
002e1016,8,0,229,294,636,68675ee6acd7cc92
14850141,8,0,235,294,636,4536188c50bee694
1d000413,8,0,190,294,636,dfef245b970e395d
001184c9,8,0,202,294,636,d3ca63df13150211
0a807140,8,0,341,294,636,3c1fa2a29e38e86
241002a5,8,0,171,294,636,bc464a3e0f0c965f
10142628,8,0,348,256,636,365028bbed5da834
210121c1,8,0,55,416,632,1788cc372a2ae19d
2110c980,8,0,178,294,636,1189faf6474cafde
31450840,8,0,244,294,636,dad00c5e7744f939
22881182,8,0,216,294,636,2be91a04f1a71b86
0c218043,8,0,118,294,636,362de2a22efa2858
1800b00d,8,0,304,294,636,64ac599d3bb7d315
012820e8,8,0,163,338,636,2ac24a760cff28c0
0e850102,8,0,228,294,636,6c906dc2c3508b40
09140a21,8,0,187,294,636,ecc8062c1f957f97
05180134,8,0,208,294,636,30b92c833e0f5fa
06a80023,8,0,298,294,636,d44afd38dd9485e6
1424804a,8,0,304,100,636,9270f205078d2d13
08383030,8,0,272,294,636,2b329bd05c7906b
1320001b,8,0,328,100,636,837c1b7c996cb165
2106210a,8,0,157,338,636,6e27898ed0dc3dcf
11239008,8,0,317,294,636,c432bddd28e4d866
05029828,8,0,235,294,636,78fe7f27d3a6c4d5
01115124,8,0,275,294,636,688b0cb31e51ed58
14814111,8,0,278,294,636,d670d52f23645f54
09e000c1,8,0,194,294,636,4da2e249f2253210
1c841900,8,0,353,256,636,622a38f3fe94d23a
07c00051,8,0,293,100,636,d0627c10b6280f7c
0520046c,8,0,290,294,636,ba4b6fbb83418d46
06001d05,8,0,191,294,636,319aff8dc9286f53
2020b025,8,0,175,338,636,b461dbaef9a8612a
16044a01,8,0,373,100,636,5a0289d225844dae
05602038,8,0,259,294,636,f51cf028d47b61b9
04a48019,8,0,254,294,636,d9d2e68d0a3611b
3024004b,8,0,326,100,636,d6deb386d17a6ec1
03800c0d,8,0,333,100,636,ec7ea4d2fcf149aa
145002a8,8,0,125,294,636,227486357f871647
10060389,8,0,312,256,636,f5ac538e9ce94b56
10701844,8,0,229,294,636,7d851bc7544076fd
24600c82,8,0,114,294,636,dc24ca46b053adfc
0301a025,8,0,141,338,636,28e797868eda9931
3a004029,8,0,307,294,636,a2b58019122a4d08
001d2241,8,0,141,282,632,a24b846e940aa535
01450701,8,0,139,294,636,d8e5eb75b85ad3aa
0c102816,8,0,237,294,636,1e54669b033b4d4a
0814a811,8,0,149,294,636,eda5918745f9b73
06a02c20,8,0,244,294,636,b989214e2fa6f9d6
23084111,8,0,223,294,636,40270ec0e4573ccd
04406e20,8,0,169,294,636,88c57a4988b3371b
144a4a00,8,0,258,294,636,dffe09b62ad81bb0
0c050246,8,0,96,294,636,e28b4ef9e59ee7f4
00381b01,8,0,301,294,636,fedc220223b8a4ec
01594810,8,0,270,294,636,3a27d6068d1256ff
06440039,8,0,136,294,636,16aa8083349efe15
064412a0,8,0,175,294,636,3ba695edadcbd5a0
040092c3,8,0,161,294,636,2e2f40d23047f6ff
31200407,8,0,200,294,636,f1ada2a999e2cabf
0818d050,8,0,268,294,636,650cb76a1fea72cf
19180218,8,0,298,294,636,656dfa476cfc4bd1
000c1629,8,0,146,338,636,751eb684a9dd2e9
22901091,8,0,193,294,636,334da1c81defba95
0044428b,8,0,130,294,636,2452d55d92d419a7
0d280860,8,0,214,294,636,e22931fb19e9bb00
00496442,8,0,207,294,636,f5cb9be68156eeca
13200229,8,0,242,294,636,78606cc21a72d2b6
001c3510,8,0,186,294,636,1d92ed1f6148aff8
02344d00,8,0,280,100,636,f3b91bc6804e3cb2
04d02061,8,0,203,294,636,eaf9ad6833684544
00358203,8,0,146,294,636,4f9c1ac61a2c1b5f
0441031c,8,0,149,294,636,e4f1b4f1fe1d625a
04091c11,8,0,142,294,636,77133a86a0cedcb7
060c0892,8,0,205,294,636,19206f2dccf0621f
102520c4,8,0,180,294,636,b36298213d3cd97c
09904340,8,0,327,294,636,d99d8929145fcab3
06c90102,8,0,309,294,636,4a90469de3840ab1
1c013810,8,0,264,294,636,232422d05b8a0570
30c0200d,8,0,150,306,635,b6ad1753ed3f866f
00107063,8,0,97,338,636,eea1c9150cb7f225
300858a0,8,0,204,294,636,abcdf6347dadd646
18605201,8,0,366,294,636,999525596adbd3ff
00157104,8,0,242,294,636,5ac7b3108a827f08
30b14800,8,0,280,294,636,f5cbf6e2efd6b77b
3050c240,8,0,228,294,636,1224bb07118320cd
01171410,8,0,169,294,636,92b09a65b24e22ae
01256801,8,0,227,294,636,d1f7ae31072c56d1
0840d640,8,0,257,294,636,28d983d5f8589326
10201487,8,0,179,294,636,879f8c22e33c5a33
0c812a10,8,0,184,294,636,2ba67ed072a629d8
02350c40,8,0,233,100,636,13416606f01aae52
04c11023,8,0,222,294,636,a9338b23aeefb37d
200984a1,8,0,79,294,636,4108839d28e8c49
04209318,8,0,218,294,636,22e1e222d7c1ed53
001460e4,8,0,116,294,636,ec8d7a2d7d07bf66
00817842,8,0,96,338,636,83e54a0dccc26f74
05841a20,8,0,240,294,636,56126677430cbcae
09402039,8,0,220,338,636,260860000abe01f9
000e10c9,8,0,265,294,636,8e16bc75405e253e
13600241,8,0,252,294,636,b248c086bde4e6d9
0521880c,8,0,185,294,636,32b44a65df56e05a
10152222,8,0,191,294,636,ee1bb9b8eea42520
05840614,8,0,167,294,636,b1d36f36de3502ef
00683811,8,0,208,338,636,a1eb947ed963fec7
1058a410,8,0,286,294,636,dda811c6ff170393
01708190,8,0,106,338,636,c478e24310f7448
0028224d,8,0,153,338,636,82b975484c357b50
01b04222,8,0,288,294,636,a155cb0c187885dc
05510062,8,0,194,294,636,517ee79d4df16197
00669401,8,0,247,100,636,3199356cbb40ff88
101800cb,8,0,175,294,636,2e57b470d9dd0df5
04900383,8,0,123,294,636,98874f445692c553
25608030,8,0,150,338,636,cb8147ee5b427190
3c0005c0,8,0,119,294,636,6980baf0ec601f02
005c5042,8,0,247,294,636,2e5379081a33f843
10506424,8,0,243,294,636,2e5909d8af9ea846
0011d121,8,0,137,294,636,d570c7c8e7833016
09920884,8,0,249,294,636,d5ed045a09b72ba7
20490d08,8,0,126,338,636,e8ebbdb3a729f126
01241055,8,0,188,294,636,bd06c37d394d2c05
30605180,8,0,302,294,636,128cb1eefc550716
144048c1,8,0,242,294,636,59e26d0bf590e7bb
00712604,8,0,168,306,635,46c3345eab533016
05408704,8,0,119,294,636,ba35338475df4723
01411189,8,0,146,294,636,11fc3077c7cfc255
10193011,8,0,205,294,636,e0de08e593656400
0212001f,8,0,331,100,636,39c2e3aa6ce43f10
03821421,8,0,303,100,636,dfaec631b56a317b
30209248,8,0,218,338,636,bdf335aafe830968
11209086,8,0,299,294,636,57c5e9f948e5b559
1054101c,8,0,358,100,636,459d1d33559dff85
08431828,8,0,154,294,636,334ffa6a59ee8da0
150082a4,8,0,144,294,636,6a2e2657df5fe02b
24224112,8,0,85,294,636,74a98b09e9a28777
2502082c,8,0,80,306,635,3acbd4f02d242adc
043200b8,8,0,100,294,636,32e0826cc1076d3f
04228207,8,0,71,294,636,c343310f739fe7cc
04030615,8,0,51,294,636,b93d0db1f606d535
042c0328,8,0,127,294,636,a82c9c35938eb0f
04278012,8,0,96,294,636,1ca9722d7354116
10331804,8,0,160,294,636,f0072fe08385f41a
0442068c,8,0,82,294,636,69297f92c48c66d0
042a08a8,8,0,152,294,636,ee7935ea194da6e0
0084d380,8,0,236,294,636,df01b87ad16a7624
00a31809,8,0,142,294,636,a8037e6b7153c402
0432022c,8,0,161,294,636,7884ac54cda8b422
00265308,8,0,137,338,636,d766f5176e067687
0092c058,8,0,120,338,636,81ba595a4c2ec5be
14029058,8,0,82,294,636,6ae4d42008f3f010
0093200d,8,0,130,338,636,f8a65dc5c2dcd830
05120126,8,0,62,294,636,9878c872d4e0a14c
00064e09,8,0,167,294,636,736e013dcd14463b
00909119,8,0,197,294,636,5f794578347839af
0080612d,8,0,184,338,636,3678bcaed4ad85f9
0c130112,8,0,112,294,636,6cfbffccda94a36b
00806513,8,0,117,338,636,536d0dbe16e893a5
040220ce,8,0,125,294,636,94f77dfa2656dc7f
012a001d,8,0,212,294,636,40fc02f3203921bb
18293020,8,0,253,294,636,2903ffb6d1d4da0f
3030c840,8,0,150,294,636,7ac925431e2f347a
042a0446,8,0,97,294,636,92b0f954cbd4830
04100ea8,8,0,129,294,636,74d3820ed2cbefc0
048a0191,8,0,75,294,636,a08c05cf267698c2
0430830a,8,0,137,294,636,fd35f971fe1c4e6f
1c081054,8,0,168,294,636,8b997353d04652ea
180e0901,8,0,209,294,636,960d1530994e0c8d
08849441,8,0,157,294,636,382b941b1878e884
0080558c,8,0,309,100,636,d1a9b20e72685df1
2411014c,8,0,62,294,636,38ff4751ae7b9308
38841202,8,0,227,294,636,ce7b754948d46a49
1c818180,8,0,113,294,636,f81f1dc0d202c5a7
0082eb00,8,0,77,338,636,35eca21a3b6807f7
0a8d4004,8,0,236,294,636,3b7b7da65e10ca21
18270c00,8,0,185,294,636,1bd12ab1ee83871d
00d22428,8,0,245,338,636,c63f6e0e19c97e6d
0023504a,8,0,117,338,636,fd437c1786e4bdb
048120cc,8,0,114,294,636,1779e72f9329893
24824070,8,0,110,294,636,1cb29154ce98f19f
18348220,8,0,171,294,636,f5664c086e95e695
06014524,8,0,147,294,636,3782e053e0a6c5a2
0a120d40,8,0,151,294,636,90ff6474a1f574cd
04a4a060,8,0,103,338,636,acfb73a7d5df87b3
14248304,8,0,149,294,636,267b692a6c08cf96
10129015,8,0,152,294,636,5b62df723437130b
08b040a1,8,0,210,294,636,6acebc62cb49d65f
0c950030,8,0,76,294,636,cda112602829060e
18415210,8,0,262,294,636,45698c1d89ab84f7
0400d164,8,0,140,294,636,12f9674a2a57bea7
04015868,8,0,80,294,636,cdf6e2a4b1b1a68b
10dc0840,8,0,313,294,636,f617c825c20d0f3a
109a1204,8,0,244,294,636,281383a0d07649eb
12886120,8,0,299,294,636,42af4619892486ba
10133220,8,0,246,294,636,c74226afc67f42cd
041b0148,8,0,141,294,636,e4dd8c693f60bafd
14214510,8,0,100,294,636,3223a9a541227b98
048e80c0,8,0,164,294,636,47dab1bf6c5a2189
11222212,8,0,177,338,636,e3df93b54f69cb7
18820948,8,0,74,306,635,ec4e7b74c40e50a0
0c049130,8,0,89,294,636,4b29839826b97309
048b8880,8,0,115,294,636,47b599d1df267c90
0502c424,8,0,131,294,636,1851aaf63daaeef6
10d34002,8,0,275,294,636,a9b714e43973be14
048a8248,8,0,87,338,636,8bf9349622b56ccd
08213610,8,0,146,338,636,e4764f6e03038f8a
0b604104,8,0,274,294,636,d59cf9059733fdbd
15038014,8,0,61,294,636,88a96d4fbd333cc3
180e0013,8,0,268,294,636,53b433213c7f7469
34004161,8,0,67,294,636,bcb386f70f071601
1401c01c,8,0,177,294,636,3beec86e212d9820
19804a02,8,0,239,338,636,c56c7cc67a8646d2
1a142102,8,0,304,256,636,4f9120f0bec8b573
08a84301,8,0,155,338,636,5bf71c1d171ea29f
00856310,8,0,158,338,636,829052a22b0d07c7
2600406c,8,0,90,294,636,6aa71d4b63a31a7c
04106318,8,0,197,294,636,fedfab1c92c19ce2
1c004660,8,0,125,294,636,b9fe1894a1924953
38204441,8,0,217,294,636,38299ac277d38159
2184410c,8,0,284,294,636,177e06c6c3794618
0884680c,8,0,287,294,636,689d06f349ba3ec4
0c940212,8,0,156,294,636,a895d69f75a8de16
181d0082,8,0,253,294,636,7f3986bed95f3249
10154490,8,0,222,294,636,1d7646978606a06c
10b50440,8,0,224,294,636,6fe33af8462b3c76
0422206c,8,0,40,282,632,b70bf9b4c96ca0b2
14440a28,8,0,195,294,636,f4a34576f6a2d328
005a4448,8,0,302,294,636,b050d0e8a64eb8eb
1e014024,8,0,252,294,636,34a5468bf37cfbd3
00929c40,8,0,63,338,636,7bf241f818682db3
14025121,8,0,220,294,636,18414493f18d4561
1082050b,8,0,124,338,636,7bc7c287b884b1a1
12e05800,8,0,372,100,636,efb44cf8ceee461e
0c20c242,8,0,125,294,636,60c283ebb1156301
05260026,8,0,102,294,636,e48793d2b809cce9
12c06108,8,0,348,100,636,e1ded8e158fc7379
02138301,8,0,209,100,636,22e18352b4d7144a
00a75004,8,0,167,294,636,bc3ba079313f4fcf
1801e401,8,0,168,294,636,2569434afe0090db
00760811,8,0,145,294,636,ecd15b10050c0b9
1e880210,8,0,185,294,636,774004feb063e14d
0980680a,8,0,279,338,636,eedf8b3133836edf
04020a2d,8,0,107,294,636,d2ddfbea21f0d665
08880549,8,0,150,338,636,3343042ab67c3a2a
24822230,8,0,65,282,632,d154740447246179
101a2414,8,0,221,294,636,93bd2cb10ffe3e57
04801c4c,8,0,38,338,636,6610e1fb0c13071d
14888302,8,0,127,294,636,70652c491ff668ac
09885820,8,0,297,338,636,c13ad66569346b32
18804d08,8,0,218,338,636,45325a691dccd239
01226424,8,0,263,294,636,c129bfd5f5316b41
1c208248,8,0,190,294,636,441500755dd58dd1
2884c900,8,0,195,294,636,17ed0348fe753e14
0c0080ad,8,0,121,294,636,ac07156c55440335
0410444e,8,0,199,294,636,795fa69f778af77d
14032061,8,0,56,294,636,d455667f6871eae4
04818b08,8,0,150,294,636,b2614e745bc33ffe
0a54400c,8,0,313,294,636,737b0379ac1796ec
06160148,8,0,133,294,636,c30d3f5ae3bd5f8a
08316220,8,0,106,294,632,bbea4f24a2a28cec
085e0050,8,0,228,294,636,66c34496c9bc0505
10b04c08,8,0,349,100,636,71469c433a1518a8
0c808701,8,0,167,294,636,870887c865ce4ad2
08274011,8,0,184,294,636,107fb20c68a24844
11a0c024,8,0,208,338,636,a7f7ea982e37facd
08455808,8,0,244,294,636,8c733c59e3b34f44
0c002c4a,8,0,66,220,630,3131c5bef08a946e
1a045410,8,0,346,100,636,2ecfa4b217d4fb58
18154090,8,0,242,294,636,85b146ae02242202
1006c203,8,0,236,294,636,359feb12f8f7c4af
08066850,8,0,112,294,636,60805258f9f95214
08382b00,8,0,158,306,635,9ff497fd7a0cf375
0883c012,8,0,116,338,636,944ce0cc72ed5f15
0c10c106,8,0,150,294,636,24857c9c831c9ad1
1cc10810,8,0,187,294,636,ed61d6424bec931a
0cc28060,8,0,91,294,636,ab8007227fc9301e
14214504,8,0,138,294,636,36afd75d574e743c
04980b04,8,0,172,294,636,35ed698c668799d4
1422c006,8,0,203,294,636,2f194af8abbc0746
0c050294,8,0,140,294,636,e063b8d7b30592b2
18804312,8,0,80,100,634,4afc2ef091632de6
04e48180,8,0,194,294,636,12838ecafe77978f
1a180049,8,0,347,294,636,36d2cebe8281218c
0810e460,8,0,227,294,636,61d86c96e15967d0
18528202,8,0,196,294,636,20448f4a86b248f4
04980858,8,0,272,294,636,e67c747b97a33bd6
10895210,8,0,257,338,636,43da11129fc96b7b
121a4108,8,0,274,294,636,689913f9cb175a38
14820518,8,0,71,294,636,c7b2465d69663cbc
0480a324,8,0,214,294,636,d97f06fd01409847
10960908,8,0,271,256,636,aad3b8702ff33f74
1c042062,8,0,226,294,636,234d30ed5a07bff3
2802c061,8,0,90,294,636,dadbf30e8f672c1f
140c00d4,8,0,236,294,636,687af6aca45c6995
08a24850,8,0,87,338,636,8ec4754617aeaa96
00ac4302,8,0,282,294,636,9f86eed14aecc50f
10804c89,8,0,307,294,636,48fd249ee3bcf8de
38201148,8,0,264,294,636,36f3a03a97608ee3
0805500d,8,0,282,294,636,e263a4d60788ea5d
06a12820,8,0,126,294,636,a98d611a95080647
0c840c41,8,0,164,294,636,493f29c72440834b
2c100245,8,0,100,294,636,da19b4ae05d126af
3c400013,8,0,201,294,636,63911cd1f42730e5
01694048,8,0,262,338,636,2c883b7f00900c9
14101252,8,0,191,294,636,414adf9edad4ff49
1184402a,8,0,347,294,636,640a9c162696ef90
0c2019a0,8,0,195,294,636,c35926e664d32b25
09805112,8,0,262,338,636,73220526548b978
0813104a,8,0,158,294,636,cee1f24361678e8c
0402ac41,8,0,174,294,636,ae4818daf4b3feee
000b1309,8,0,140,338,636,d924b3e7e7deefa6
08035821,8,0,74,294,636,c442f265ef4e3ac8
0ca4010a,8,0,235,294,636,ec098f2670f48e5d
10445023,8,0,297,294,636,262b2ffed0be9b12
000a121d,8,0,205,294,636,c3b67744eb0411ea
03017048,8,0,238,338,636,cfda0f8f98830fad
1a244801,8,0,341,256,636,a8c27dc72f39c2db
00d74400,8,0,266,294,636,f69eb3142dec52ba
1a24c010,8,0,311,294,636,e24bc176542929b7
10524288,8,0,275,294,636,56dda42fbfda3ae7
0496080c,8,0,312,256,636,5d55fa68b6c03a4b
18025023,8,0,262,294,636,d8d8f43f6edea7f1
0482112c,8,0,36,282,632,503a4a8b290fe1ae
0d100862,8,0,104,294,636,fa767b1c0bce7053
080e0a48,8,0,229,294,636,abff278c6a5c7595
0c001c98,8,0,235,294,636,c168ad5eeed1ae6a
0a90420c,8,0,193,294,636,345e2824b9a26a12
2401181c,8,0,111,294,636,d789f11a1bfb4693
04a0101e,8,0,344,100,636,c3225cf5214961c1
081c4281,8,0,334,294,636,cd64691671da1d78
00568205,8,0,234,294,636,41d841842ec954d2
1060104b,8,0,310,100,636,61ef30d337f2ceda
10864029,8,0,361,100,636,32a4a767d4bc778c
19102141,8,0,215,294,636,75319e7e69df4f9a
0c801a48,8,0,132,338,636,c7127c025542ede
04a1c021,8,0,297,294,636,2b338f176ec1ebe9
28e04050,8,0,266,338,636,d89662e3f059a156
00a0b222,8,0,254,338,636,f283f8e41ac9ae69
0c182054,8,0,201,294,636,73960c40395c2d18
0d014160,8,0,70,294,636,5bf307585dfdacad
10245812,8,0,255,294,636,410861a655af1513
0506c140,8,0,83,294,636,a25bcf0b4c94080b
18252210,8,0,217,294,636,af1deb37c9e07316
144a020c,8,0,204,294,636,3dc1f78b997342c0
1508801a,8,0,263,294,636,4b73f9d9c63bd0db
0280320e,8,0,230,338,636,225503eb68a18693
00348017,8,0,145,294,636,2bdaecbcf45b4f2a
08141419,8,0,291,294,636,e2cc04d712ae3dbc
10126301,8,0,288,294,636,26b3d875d288e166
14424882,8,0,174,294,636,8db31561908b7e16
19404013,8,0,296,294,636,6382e9d83db63acc
09604803,8,0,234,294,636,8f67e928ec5c6e3c
0410ca44,8,0,162,294,636,54f029d81c300281
00311017,8,0,216,294,636,9061a31710e25bef
001c5301,8,0,270,294,636,52df281bb3266d63
1a81c200,8,0,266,294,636,2305b45e4b220c77
30902a08,8,0,263,294,636,bf14611e1c37e8f5
14802341,8,0,109,282,632,80f57d3b82f04d42
1444030c,8,0,225,294,636,4faff602b3f75d16
00323114,8,0,215,338,636,236d69d306c23a2b
18a21204,8,0,211,294,636,14610fa9f9e416fb
0028041f,8,0,206,294,636,23b5b6dc13b8c8c7
1124c140,8,0,230,294,636,aa17a6ed95371f62
1404203c,8,0,264,294,636,60b2f90aa96a523b
301280c1,8,0,163,294,636,c3706d0b14f7202f
0832084c,8,0,259,294,636,ae29880700fff56f
100ae048,8,0,156,338,636,4353b4aa81f11f9d
06803848,8,0,141,338,636,1e70bf5144cac6a4
0dc00111,8,0,158,294,636,aecdd828df408fb4
04410a52,8,0,113,294,636,5f0d1da51a0ea6b4
120c3011,8,0,326,294,636,dc9118242809f4c4
0a234a00,8,0,138,294,636,6ba2d6b2b600ac1e
109a4050,8,0,279,294,636,6325c1357b0fdde5
00aac202,8,0,214,338,636,8e9702f37d0e8cb9
04829124,8,0,88,294,636,4ce89512a31a222
00e36008,8,0,247,338,636,40a7bb0c6a6022ce
05300192,8,0,211,294,636,883da4b2170f1631
04a0018d,8,0,87,294,636,a7f4234488415d88
10c03212,8,0,259,338,636,534bf12567af619e
14804621,8,0,271,294,636,dd50a9ba7f6d626a
24414062,8,0,208,294,636,d44322363b2d2f38
26801890,8,0,217,294,636,cfd030e2cf1d49d7
12920580,8,0,289,100,636,9bfafed786452026
0c504114,8,0,99,294,636,54a0115d68324ba
11240458,8,0,286,294,636,9f64fe137507358b
00328d08,8,0,122,294,636,f44d78f7434e0e7
0c00c4a1,8,0,175,294,636,f7006c70cfdac673
00615248,8,0,311,338,636,25f8d012e2e1d30a
30205124,8,0,261,294,636,4ab74f627aed8f47
2c00c062,8,0,96,294,636,6ccd0b7d9435c29d
1e018180,8,0,180,294,636,7a7d8d83f70f9739
081a0825,8,0,159,294,636,647ee1f099e04b3b
0910804d,8,0,204,294,636,fc3026a3be5796c4
0c111510,8,0,181,294,636,e9827e5e2774e1fb
060a0c11,8,0,190,294,636,9ba68fd6d72f311b
28a04148,8,0,235,338,636,9edb9112fe43a2ed
20007125,8,0,210,294,636,458c9d3b173392eb
3080220e,8,0,153,306,635,bec4b13c484d1adc
00ad5001,8,0,349,294,636,f24f45f1a51abf6f
06024443,8,0,272,100,636,7ec275aa8debfb2c
0291c801,8,0,337,100,636,7d3b17c350189734
1182401a,8,0,163,338,636,e3e72b86f3392e64
0610421a,8,0,214,294,636,5a42adf05f3889fe
140b4180,8,0,245,294,636,d8076dbaaa85e6b7
006214a8,8,0,314,100,636,fd2fc7f281affd32
04401529,8,0,224,294,636,cce91f8348d8df6d
0032a442,8,0,165,294,636,8e62f380597d9ee3
08a45c00,8,0,305,294,636,c80a19a564ec75e4
118e0108,8,0,281,294,636,9bfdfa465692c6e8
01135101,8,0,285,294,636,351e772253d410a6
03144105,8,0,320,294,636,b8206b09a3901ad3
2c050844,8,0,75,294,636,7765e00074463d9b
06c38004,8,0,255,294,636,1b14eb2f565615b5
0502110e,8,0,120,294,636,707f822b4badc58c
08485508,8,0,244,294,636,4114a34277c970ed
18422814,8,0,142,294,636,26bcf9d01dc2864e
04c24881,8,0,293,294,636,87154079ba8e1600
0834c240,8,0,134,294,636,c6d4fc3dca801bb5
30c14101,8,0,182,338,636,444ae75319fe3109
0d801160,8,0,126,294,636,1d994b933775a025
0e809030,8,0,135,294,636,ab89135b9fe5ca74
04445901,8,0,269,294,636,e6b37bf760a0c1ac
24140311,8,0,121,294,636,3db59d19e0137a47
00027226,8,0,117,338,636,17259b9faf98dad9
14041a05,8,0,317,294,636,5cf47cf4a2d9beae
046308c0,8,0,148,294,636,3a27f0801fd0bec1
02194448,8,0,305,100,636,d6ddc264dec8c434
02862049,8,0,195,294,636,2621bf173deca2b
0c009215,8,0,161,294,636,7ecca1928ff3c869
14248380,8,0,224,294,636,ffedc2669b8ca12c
1087c800,8,0,144,294,636,6e174a3721d1eb64
18920a40,8,0,131,294,636,d856b029742793db
1088e808,8,0,242,338,636,ee3c880f6df9076a
12254081,8,0,274,256,636,dbe339cb56989db
38504014,8,0,235,294,636,1cd96ad87a6c84d3
20026215,8,0,129,294,636,610bfcc09c8553af
30a23001,8,0,260,294,636,59bcad9594a73ed3
20426023,8,0,206,294,636,d2bb5846fc91f8fe
30201283,8,0,312,294,636,abd2f6e575252c9b
08c22450,8,0,125,338,636,78c5acbe103489e8
24812902,8,0,110,282,632,501b2e5cad91d9a0
30140e01,8,0,272,294,636,d7c3f55da135d7e5
003d4204,8,0,223,294,636,993523cad408c538
1620401c,8,0,294,294,636,59f1975b62b557c4
10106c0c,8,0,312,294,636,d8cfaf02cb1f14c9
070004d2,8,0,272,100,636,561318f0a5afab2b
002a2891,8,0,197,294,636,695ffdbc16c4212b
1c00902c,8,0,219,294,636,6f0cf536366d2d6e
0c840628,8,0,180,294,636,3cffbca5359daa28
083a0031,8,0,156,294,636,e88239f635bd45de
2c108160,8,0,107,294,636,ae7011f431e7f40a
0202e421,8,0,187,256,636,858b9c15ab26a977
1a150208,8,0,343,294,636,d6da7efbaf5c9dc5
02944184,8,0,238,100,636,1b324a74691f84e9
16820444,8,0,95,294,636,da6c0ecd60061d78
10854d00,8,0,185,294,636,ce07c846568079e6
2582010c,8,0,100,306,635,8d2f9c8418d3180
1018c128,8,0,229,294,636,1cf91ad39e983290
00960149,8,0,147,294,636,a8627f67c2375ccd
14308218,8,0,266,294,636,c8e3a6125b66dc64
0851c005,8,0,238,294,636,97506a2f2cd7c7a3
14204298,8,0,181,294,636,29c2d34f1bc7d901
10d22c00,8,0,300,294,636,6fb85dc24fa9e97e
050540a2,8,0,200,294,636,c6df358fe2d84261
1450a060,8,0,251,294,636,aef7a40453943032
04ec0028,8,0,201,294,636,2c039c9e92b8fd58
1c604024,8,0,257,294,636,f1723001a71736c2
30221248,8,0,235,338,636,c09b8df6af12af77
08480ac1,8,0,99,294,636,79f85258ebb567a2
10480a85,8,0,68,294,636,fc0e35bdf7efbd6a
120a04a1,8,0,110,294,636,d367c3475cebe915
00583460,8,0,119,338,636,189c1221dcbdb307
005c0185,8,0,144,294,636,feb7f3041f56d274
22804903,8,0,161,338,636,f3e660a73090748f
12c00283,8,0,77,294,636,c79a0b1f70d262b
22100a29,8,0,98,294,636,1dbdc8d4c34c31a6
101c1148,8,0,270,294,636,617fbff7db4653c6
12000ca9,8,0,85,294,636,f3ec79665e47ff15
0a402807,8,0,138,338,636,945180e79973de6b
1b0800c1,8,0,227,294,636,bba008dacdc2de6f
16401141,8,0,102,294,636,453d39c1154ed143
064c0242,8,0,104,294,636,929d76e278a7ddaa
1018a80a,8,0,193,294,636,eccede1cf99a62f1
0e410182,8,0,147,294,636,6bc9029ce38beb2b
0a017801,8,0,170,294,636,8e285ad81ad83a0f
0200dc18,8,0,151,338,636,5929d6447e904966
22011c06,8,0,94,338,636,97182c0474894e01
005f1004,8,0,199,294,636,a9f8db3e66baf8b8
03086122,8,0,188,294,636,16bd80b78258b5e0
02c82188,8,0,245,338,636,c7ca0fa6a032fd4e
02c92420,8,0,153,338,636,c24e69ebf6d22a56
1648002c,8,0,98,294,636,5a4497d3392174fd
02091099,8,0,135,294,636,42bf5c519d40a07c
322a0801,8,0,155,294,636,9987023b558d9e3d
260081a2,8,0,81,294,636,b76bac6dc3a8a190
0204428b,8,0,167,294,636,6841a339f9e8a6e5
02a01027,8,0,217,294,636,a81dbf91ae72412d
32418011,8,0,42,306,635,46653b233387601
22024445,8,0,121,294,636,8d90de5b7b6b150
1058040e,8,0,159,294,636,e4db79061fd4fab4
12000c8d,8,0,109,294,636,a504a9dd74c603f9
220444c2,8,0,218,100,636,da477f4e4e5b7cb3
048804e1,8,0,117,294,636,eec60e8b24232f0c
1a402013,8,0,130,294,636,a703574fb67be9f4
024e8005,8,0,168,294,636,6db0cb2365c05c83
0a00580b,8,0,269,294,636,ceafed90e75c8e64
12406422,8,0,163,294,636,142c04a052349ef7
02488462,8,0,151,100,636,6d5a246393a6430
00431681,8,0,120,294,636,11c72fc3efc49ac1
10584150,8,0,116,338,636,a4c65c91116b71eb
1a0804a8,8,0,185,294,636,c67306123a395b13
02d0060a,8,0,303,100,636,e4ef51baa58304eb
22101660,8,0,155,294,636,d7000414e24caced
10116580,8,0,221,294,636,7c341a03de3f8320
12442821,8,0,269,294,636,446a2568ee56178d
020114c9,8,0,110,294,636,37ef6c7bed49970f
02390841,8,0,130,294,636,a14b9751dca7c98
14401035,8,0,56,294,636,5d4c55bf1fa586ec
12500628,8,0,211,100,636,ab041beec045a5fd
02186908,8,0,209,294,636,67120e1bd9aaba4a
22001c1c,8,0,106,338,636,bbf3455a0227fc2c
034810e0,8,0,101,338,636,c3a7eb0daaa67d80
23100514,8,0,138,294,636,bff717b63b1164ba
020888a9,8,0,97,294,636,c7d816bfbb38df4e
140842c4,8,0,183,294,636,459aaa676187b149
02216405,8,0,137,294,636,c9bccd877b099669
0050d490,8,0,160,294,636,9125f46702fa7c69
0b404424,8,0,268,294,636,a7bfbbd032fb70a6
221a0051,8,0,180,294,636,f6a84b4cea545ccc
03510031,8,0,151,294,636,e1a42caa01fdbd5d
0a481085,8,0,160,294,636,82b455fe7a42e53b
1200501e,8,0,256,100,636,d1251b7d0278bc01
1a640006,8,0,321,100,636,41b754db0e6d9fee
2210050e,8,0,145,294,636,696a068fb9eede24
07040033,8,0,143,294,636,9ed63e032fd49c16
191002a1,8,0,245,294,636,7046514004184a95
10885025,8,0,237,294,636,d0144e5fbbe0e6ca
20102e28,8,0,143,338,636,388e6a0f7659a5d2
30181142,8,0,230,294,636,d1a08a36914b5282
00202297,8,0,169,294,636,3b9f37a0fdcaf4fb
02195048,8,0,232,294,636,40a0e3205a1bbef7
030815c0,8,0,269,100,636,438995f17f98d0ac
065080b0,8,0,130,294,636,101842dd331b6cdc
02411c0a,8,0,255,294,636,a4f2cd4794e177af
20205843,8,0,138,338,636,6b03c7850a944f88
20e41140,8,0,179,338,636,99e0dcbe67fe240b
16408822,8,0,164,294,636,950f54015f3f17d6
202c0225,8,0,99,338,636,3499d66d9cc9ad76
00d84032,8,0,245,294,636,d515fe93b0d62dd6
02250681,8,0,240,294,636,6c7944c997c3f190
02c15210,8,0,259,338,636,7d8cae78fd47eac2
2e080121,8,0,178,294,636,bb79f997bb0468a
2041b101,8,0,93,320,630,32429ee0a05f54cf
02c0840e,8,0,185,100,636,46d5f0ebe3f736e2
22004287,8,0,177,294,636,c0a56eb02125e3e5
210410c5,8,0,155,294,636,e810810ff344bc81
00d12421,8,0,129,338,636,abdf1100989632bd
20490059,8,0,71,332,632,80fcba73d8ae3132
10402385,8,0,86,306,635,188f3c1d8217b660
02481518,8,0,201,338,636,81847a25feaa7ffa
01380a21,8,0,250,338,636,bb9944da4ec5e524
02598802,8,0,204,100,636,b8dc38dcdaa1d6c4
1240d101,8,0,353,100,636,3894096d02ab45ef
12120492,8,0,158,294,636,b90370450b2c3955
024814c4,8,0,78,294,636,780d64b39ea883c
13c00881,8,0,353,256,636,3fbd46d8f793b542
006c9018,8,0,284,100,636,79b1b915a25dd7d8
30000d89,8,0,94,294,636,48b67b6ec9f24e29
11402149,8,0,246,338,636,e75beb562b2984a7
060e0430,8,0,166,294,636,be63e27c9766dbf3
0045a441,8,0,161,294,636,8403af645d5fabe2
34280821,8,0,177,294,636,7933cb0da97a6758
2448006a,8,0,146,294,636,a8f337dcd2860ba3
020a088d,8,0,232,294,636,2a93c176af90bf6
02186031,8,0,122,294,636,a7b9a7b710e7f0f
32414a00,8,0,216,338,636,b290f1493a856f01
1010b460,8,0,179,294,636,544a63ded030d60
10651014,8,0,306,294,636,d22f51b48b75ca03
06ca1020,8,0,177,294,636,9c4229d5f602e206
30016441,8,0,168,294,636,cd6f5d2c627982fe
02140287,8,0,126,294,636,4bd38aba8aefec88
02661050,8,0,203,100,636,400ee1d1136969c4
0051a4a0,8,0,122,294,636,876740b4851e038d
0248d014,8,0,197,294,636,c37d5aff8d2b617c
2019c050,8,0,174,294,636,d67836e15aa6e4a8
00283941,8,0,121,338,636,e51b196dc0509fce
02498803,8,0,58,338,636,a1a14a59d04ff896
211200c5,8,0,140,294,636,b465bb9d57781256
144400aa,8,0,206,294,636,b490849ab8118dfb
21419021,8,0,103,338,636,ea904bb421b499a5
30102541,8,0,90,306,635,78b68e2c3a811d63
03600829,8,0,187,338,636,bc56d3a29783a7a8
01406511,8,0,196,294,636,7bf44f471a526c45
30c04051,8,0,185,338,636,89cf1b8da3aaa2a5
22109106,8,0,136,294,636,d7915256e9a14e40
03404542,8,0,166,100,636,ff3c53aa7ba18140
064c0821,8,0,194,294,636,d06fe15d07b07077
06404816,8,0,204,294,636,c320776d92fcd0c5
0260044b,8,0,289,100,636,b431d8a08b1e836f
021b0403,8,0,207,100,636,cf8859abdf031ca5
0110264a,8,0,193,338,636,5ec7835331a4384d
03c000c3,8,0,184,294,636,388c11610efbd659
13604900,8,0,317,294,636,b97b9bda131c477c
06018185,8,0,144,294,636,cb52c323375c3b4e
021022c5,8,0,115,294,636,a0800301829961ad
0340110b,8,0,183,338,636,57f656b628253218
22008899,8,0,90,294,636,e363ead3a3f714b9
02492508,8,0,263,294,636,47ee0cd5a91f4380
20388850,8,0,98,338,636,a698b7085d451ea
20810e81,8,0,103,294,636,60d1be8e78defe7
1244204c,8,0,252,294,636,ca93f0318ea7356c
20406443,8,0,240,294,636,86f2f2217263bcb8
03441023,8,0,166,294,636,5312f01e5a63657f
24440780,8,0,130,294,636,ec772f2df4abdb7b
10302443,8,0,58,520,630,39cd3c34b074b91c
07088822,8,0,240,294,636,9510466124632ed0
04005625,8,0,178,294,636,4c2e5adce4417ba6
204a4241,8,0,144,338,636,33bbab68749d50ff
02293021,8,0,237,294,636,88acf95c70cea210
01a2100d,8,0,351,100,636,b977a55b9befa28b
14500c12,8,0,187,294,636,5acf72213856f40a
0a005027,8,0,150,294,636,71b0ef44bb64ef7e
14101f00,8,0,302,294,636,b9414b936fc40fca
0038a504,8,0,190,294,636,7723adbce28bd43c
02570801,8,0,301,256,636,7a45e5e6f2946746
02481445,8,0,69,338,636,11d4b2d9d7696def
020416c1,8,0,99,294,636,61d604a11880dd28
11018889,8,0,291,294,636,765f9f42e4230118
04540618,8,0,252,294,636,f1061fb23d626a5a
10807c08,8,0,338,294,636,99e9b1d226a353a1
24d08104,8,0,199,294,636,c35dd9f5a754a284
0410ce40,8,0,374,100,636,266c76aaff6bf81d
0c44104c,8,0,257,294,636,f5074195c6e4435a
0780804a,8,0,302,100,636,b87c14741e93b932
06055900,8,0,286,294,636,d8c96f56e878f975
030a0c41,8,0,299,100,636,452a159b3b302fb3
2c100213,8,0,161,294,636,4c86cdb229469fd7
1c014b00,8,0,256,294,636,ebe8c48d97ae60e2
1ab01020,8,0,375,100,636,1b39c13f0b830bc3
04085511,8,0,224,294,636,ec632c2eb9617033
0202c407,8,0,193,100,636,89d1028cee9e26ee
030a0d01,8,0,208,294,636,bc09b371d8edba44
15404828,8,0,364,294,636,e7b741f3d48a50e9
12444083,8,0,348,100,636,ca4e821ead8cfb68
000cc283,8,0,245,294,636,6eccd45a0888b6f4
0240450b,8,0,159,294,636,9f39125d31a780f8
008d1481,8,0,205,294,636,b533a565380654b
00e84281,8,0,312,294,636,eb359de78ab33b
02711012,8,0,298,100,636,c4642522a36d5747
0600c423,8,0,253,100,636,69776f83df402154
004920d1,8,0,108,338,636,a666c630338ccb14
0000349b,8,0,174,294,636,31134371d0a1551e
1290100e,8,0,311,100,636,9d3791b8a84be27e
06009898,8,0,230,294,636,5e86544160d3fa2f
14423140,8,0,222,294,636,d0abc1cbcb8f74aa
01ea0081,8,0,321,294,636,b89d24d3e308e894
004cca01,8,0,187,294,636,60e633febe2b9834
0600d02a,8,0,292,100,636,f07e7c60558ec73f
00085b81,8,0,135,294,636,2890c325cb960c41
231011c0,8,0,195,294,636,376e8f62655e804c
12215088,8,0,332,100,636,b5ba8144df415734
08482a0c,8,0,230,338,636,21ba83017ef7ebb0
20c09441,8,0,180,100,636,ae346ba3b850eabc
10501e08,8,0,247,294,636,712304487e366cc0
14310230,8,0,223,294,636,fe1d41a88cf3eeba
0142d014,8,0,240,294,636,b024b68e820514cd
1240160c,8,0,294,100,636,847bc5c5a6a18a2
00289285,8,0,327,294,636,c7e66055b541f361
0260812c,8,0,280,100,636,b3179e1f0e5f0c4b
18689040,8,0,365,100,636,c6ff757a43de25bc
20c0c124,8,0,344,100,636,7b905a47afbf41b9
302c1006,8,0,388,100,636,3b17c24c01d4a80
30580888,8,0,361,100,636,5fe54dbfe3ac0a50
0a10d120,8,1,376,100,636,a3db964d1308a599
06411019,8,1,390,100,636,b42db3eb0915969a
2a904060,8,1,388,100,636,b0ce3219a63e309d
09034019,8,1,361,100,636,ae6831ea62ae6e60
3c601010,8,1,390,100,636,71c1f1a7f9a96e4f
024085d0,8,1,387,100,636,68fb4e96e9706e4c
34814108,8,1,391,100,636,38e567eb72a62c3e
284a2012,8,1,391,100,636,38e567eb72a62c3e
0ca81140,8,1,387,100,636,e225e35d721b8ac5
22205c02,8,1,387,100,636,f2f9059f40b238e1
04518811,8,1,387,100,636,88d626dbf3b6df3b
18492600,8,1,340,294,636,8b7754ac821c7867
12904122,8,1,365,100,636,f035fc34dcbb1828
2188042c,8,1,385,100,636,9034f2712c3bd0e5
20143209,8,1,391,100,636,38e567eb72a62c3e
102232c0,8,1,365,256,636,1846273ccc1a440
0c82044a,8,1,351,256,636,8d05a95e83cf52a4
05414214,8,1,391,100,636,38e567eb72a62c3e
2c120091,8,1,355,256,636,a1e4c98f774f4e57
1804aa01,8,1,305,256,636,1d201fa9818d88bc
19801c80,8,1,341,294,636,b916f071b4af4969
0202a129,8,1,339,100,636,c699ce818047c5a2
25085012,8,1,389,100,636,1165512f3b724aef
10740051,8,1,352,100,636,2e4f31af073a5fb7
0812412c,8,1,331,256,636,ce10d23c31372ea1
0230106c,8,1,347,100,636,d10e341f893fc6ca
30182016,8,1,390,100,636,350936e7b1701184
0b2a0802,8,1,370,100,636,a28a5d17bdd9b9f0
041d0c80,8,1,391,100,636,38e567eb72a62c3e
0080501f,8,1,360,100,636,42fa9d083f4cd066
05209124,8,1,391,100,636,38e567eb72a62c3e
32a40801,8,1,312,294,636,46a27f76dbfde32f
1e808042,8,1,349,256,636,683857993e972cff
24450c08,8,1,388,100,636,205f6fd556609fe5
00463290,8,1,376,256,636,10fed72daffdefd5
02380a81,8,1,349,256,636,451125bc8495dbca
10864540,8,1,266,100,636,17cea54da0d9d94d
25c10240,8,1,391,100,636,38e567eb72a62c3e
0090c4a4,8,1,358,100,636,1dad4f5036968d57
31090089,8,1,391,100,636,38e567eb72a62c3e
0a204449,8,1,346,100,636,2f5dd7e1168237d2
01e05110,8,1,384,100,636,fa1b4b23a3c58c63
38060490,8,1,313,256,636,de0aa3bf133f0533
22088c42,8,1,389,100,636,a74d2b1184aa78fd
01508125,8,1,391,100,636,38e567eb72a62c3e
0ac44140,8,1,336,294,636,558aa4f77be25846
24118a80,8,1,391,100,636,38e567eb72a62c3e
04615060,8,1,391,100,636,38e567eb72a62c3e
1a048128,8,1,345,294,636,c2700a765a40da3f
0c161810,8,1,382,256,636,6cc9c8c7baab9e55
19104884,8,1,351,294,636,8d486eae317551a0
200a3405,8,1,367,294,636,950e6269154c1ba7
209c4120,8,1,391,100,636,38e567eb72a62c3e
00e8240a,8,1,360,100,636,2d286bf7775f73e8
01251640,8,1,387,100,636,a32b79cc44e079ac
06220849,8,1,364,100,636,e7073ac601fb1315
11da1000,8,1,391,100,636,38e567eb72a62c3e
08c0a980,8,1,261,294,636,64ed20f1bd900d6
050c4083,8,1,388,100,636,61718253b20a19c0
080a2a0c,8,1,341,256,636,24559b604993b7f1
23801083,8,1,369,100,636,b51d1b3fe39ca1e8
0481c320,8,1,390,100,636,11c736fc1d20808e
1802001f,8,1,342,256,636,bc97264e80badb27
2010348a,8,1,390,100,636,bdc533deb4a5efba
113ac000,8,1,391,100,636,38e567eb72a62c3e
08068a81,8,1,331,256,636,c6ee4100b4374128
16005805,8,1,382,100,636,781f002aaf7c8cb3
0d470004,8,1,362,256,636,ef0c6fa39326232f
1024304a,8,1,385,100,636,3279c05a50f46
28632200,8,1,353,256,636,c579a8eaf50910a8
10206688,8,1,367,294,636,a0f4d9e81e6e0c02
0200a1a5,8,1,351,256,636,3774ea76a0705183
11420c88,8,1,363,256,636,2c68f657f589f03e
3a0c0a00,8,1,363,294,636,599cd53eba61f8c7
0840e805,8,1,302,294,636,4c18a86e0f353e83
21948006,8,1,331,100,636,610bdc96964be964
09828640,8,1,390,100,636,fe52b748d8565941
05800683,8,1,386,100,636,cef16b02a1394766
36414020,8,1,387,100,636,7fb1c49b2db41699
10585003,8,1,390,100,636,31fe421dcc88c51b
08940509,8,1,308,294,636,4dcbca6790e74276
2c090604,8,1,391,100,636,38e567eb72a62c3e
041a9808,8,1,391,100,636,38e567eb72a62c3e
30026601,8,1,339,256,636,7c0b13f0e1c39149
23d00880,8,1,384,100,636,ed532f5d59137dfd
28a05140,8,1,388,100,636,428a4a6105bd4627
07005016,8,1,387,100,636,663bbb2289d1a539
1045a208,8,1,382,256,636,8c80aad17c40cda4
240c001b,8,1,391,100,636,38e567eb72a62c3e
03208321,8,1,386,100,636,1fdd24c118fe655c
2210812c,8,1,383,100,636,7425203d2c16f211
19c00c40,8,1,330,294,636,9a509b31df23033c
08721050,8,1,386,256,636,934c822a744d1c0d
30168440,8,1,352,100,636,e450d204a786174
0c0b4480,8,1,384,100,636,2d7a176967175e59
11b80108,8,1,388,100,636,d02506811f8b0190
300c4016,8,1,389,100,636,da75322985a85a15
02423007,8,1,317,256,636,aadb145aa700a1a4
06110a82,8,1,390,100,636,4a3445d7f92e7ba3
08506205,8,1,346,294,636,48534fb7346cd135
00022a8d,8,1,344,256,636,de39b3d2ac64c26b
000c3688,8,1,384,256,636,95d632d4e2534003
1c210049,8,1,382,256,636,d88f6b3f2007edd9
054d0210,8,1,391,100,636,38e567eb72a62c3e
218840a4,8,1,389,100,636,d1344dc6055b2530
14051085,8,1,379,256,636,cf20c2b2e39b5ac4
22a40482,8,1,360,100,636,90857c941076663e
128c8900,8,1,289,100,636,697ac57cb39aaab1
201a0416,8,1,383,100,636,33c7e918d2ffd5a6
2b140802,8,1,387,100,636,e48133fd54bbc36e
0078a082,8,1,381,100,636,6ee681cd45dc1d11
082a1828,8,1,370,256,636,da0f4fee0a69765b
09081a81,8,1,384,294,636,1b68eb5a3211f11e
1180c043,8,1,357,100,636,5963c50e1c5fc47
01584448,8,1,391,100,636,38e567eb72a62c3e
34221420,8,1,390,100,636,350936e7b1701184
18402a88,8,1,350,294,636,df55a46090c5ceb8
2c060098,8,1,369,256,636,1a190ef54ff55d84
2104440b,8,1,362,100,636,1594db1a1bc6ea2a
02c1c300,8,1,366,100,636,6336cf02f86ce0e3
009e2402,8,1,375,100,636,234c28b88d7287d4
11440883,8,1,317,256,636,2b133716319ad296
0030b124,8,1,381,100,636,4dd4433ba952ac7c
0321120c,8,1,384,100,636,628b1a5bbf4e42d9
01b04124,8,1,388,100,636,50d50ac48bca0d65
002884c9,8,1,386,100,636,30cfbd880f25a4b
0505d080,8,1,389,100,636,1b756683077f6391
0c130a01,8,1,386,100,636,3494243b35aa405d
12c80482,8,1,350,100,636,d4807bda90fbcd50
206e2004,8,1,388,100,636,8b59b93c8b0023b0
2b02080a,8,1,354,256,636,fe89d72420f50240
30700448,8,1,369,100,636,7d7a65789c4f0789
091e0280,8,1,388,100,636,680ed2d7482ce9e7
02289121,8,1,374,100,636,494c865dc4f0beb8
105c1084,8,1,390,100,636,2151763d9d212607
3002e280,8,1,369,256,636,e9d876e83b27a1d9
0940cc40,8,1,381,100,636,a16550fc4757a56
140d0205,8,1,389,100,636,8fd75a00721c43cb
20804487,8,1,374,100,636,1471c246fe636df8
10259240,8,1,326,294,636,f72fd92bd01b6c4b
01860c09,8,1,335,100,636,aa73d86b8be37d6
12048446,8,1,358,100,636,8b91b87bd98b16f2
21300483,8,1,391,100,636,38e567eb72a62c3e
0c901c40,8,1,391,100,636,38e567eb72a62c3e
194a0084,8,1,343,256,636,f4a8333127d1a2d6
30480289,8,1,389,100,636,489c094753e375f1
06a90202,8,1,389,100,636,5f22bd2b29906dd9
00e03092,8,1,382,100,636,7357c5f97bba2fe4
28144428,8,1,350,100,636,754fbc797f61d0fb
100a6284,8,1,365,256,636,3deb5c14e97f0232
11419201,8,1,387,100,636,6d07dab5603d2f0d
00da0809,8,1,386,100,636,32cd9681f290b8fd
1200208f,8,1,333,256,636,e1e56cc368fc7058
200e2282,8,1,387,100,636,85b660bf9c3b568e
000c7007,8,1,386,100,636,15843618d321a4e5
0314480c,8,1,381,100,636,17aba0e68d6030af
20c03608,8,1,367,294,636,4253469b377235
18188448,8,1,359,100,636,64a44991ef8ec626
088248c8,8,1,339,256,636,227a778e9ef58fa7
1e220042,8,1,327,256,636,6a385415129d3637
04c10690,8,1,350,256,636,9421a3a50436a475
25290088,8,1,391,100,636,38e567eb72a62c3e
0184c121,8,1,376,100,636,cd5ebc26b5dac67
390084c0,8,1,350,256,636,f662b1d3b45988b3
11121083,8,1,386,256,636,72241b059ca4741b
20a81604,8,1,388,100,636,e8cb9612a8655ebc
054c1014,8,1,390,100,636,71c1f1a7f9a96e4f
22560801,8,1,372,100,636,1abcfd37502283fe
0c158808,8,1,387,100,636,556dc34bc05dfca
14031608,8,1,391,100,636,38e567eb72a62c3e
14248083,8,1,381,100,636,667638a2559edf8b
2120c448,8,1,389,100,636,ac9f23d1f78af8dd
20482096,8,1,391,100,636,38e567eb72a62c3e
0280b206,8,1,341,338,636,8534ec678e8e8467
21b40108,8,1,353,100,636,8c92c4e087c0eb9e
01884c44,8,1,378,100,636,173156cca5728dab
08430a81,8,1,341,256,636,8f5db840a9990036
23410209,8,1,385,100,636,8bbefb8d5f7f14da
30c48500,8,1,324,100,636,85b20c502484fbfb
3150100a,8,1,391,100,636,38e567eb72a62c3e
04710841,8,1,380,100,636,23cd6217e8f906c6
080e001b,8,1,359,100,636,475b60df0e4c6743
03109124,8,1,386,100,636,f8a3f342e13c87d1
03648840,8,1,321,100,636,a3e82d9bbae36518
00662680,8,1,361,256,636,caa3c689453960f0
212c9100,8,1,389,100,636,7fca8809672176a5
10145403,8,1,373,100,636,8825be3d33283326
28062405,8,1,317,256,636,522e826d18353ee9
2030a209,8,1,390,100,636,71c1f1a7f9a96e4f
06854300,8,1,387,100,636,a494f1f93ccf7104
00b8d010,8,1,391,100,636,38e567eb72a62c3e
00509a81,8,1,371,100,636,d5605bc24fd94e7f
0d010a81,8,1,388,100,636,5a283378a3b02fe2
29068808,8,1,339,256,636,22618237e7eda900
18c0c140,8,1,323,294,636,ab68a8ab607df309
0200c5d0,8,1,385,100,636,e8e02f47e8799362
122e0808,8,1,352,256,636,8c890349f34165ad
32a0800a,8,1,331,100,636,733b7cd83403e1da
08c42c01,8,1,274,294,636,57548da655f73ded
04454488,8,1,387,100,636,e4d29c207d408522
18283044,8,1,354,294,636,d18299939676a0d3
03941808,8,1,378,100,636,216ca5bd60ba1919
06418124,8,1,380,100,636,df53c5f23cdcd2cb
118284c0,8,1,363,100,636,6a30c57c6955e8b0
24111601,8,1,391,100,636,38e567eb72a62c3e
23081206,8,1,387,100,636,180c2a4be06c676f
014a8809,8,1,386,100,636,ce43541a5af20d4d
19120a80,8,1,370,256,636,64351b1120afadfb
31504082,8,1,391,100,636,38e567eb72a62c3e
0d0e8004,8,1,365,256,636,c0699e8186c3fe3
00c4c444,8,1,389,100,636,835391a866c4ac16
16214202,8,1,391,100,636,38e567eb72a62c3e
20611608,8,1,390,100,636,31fe421dcc88c51b
210804a5,8,1,378,100,636,92dac2e86e4276e4
0110c125,8,1,389,100,636,ca730db018a0c134
2220d088,8,1,387,100,636,1cb0f9a658bac196
2c850600,8,1,389,100,636,1b756683077f6391
0481a288,8,1,378,256,636,e68bc8a57448c518
16410206,8,1,384,100,636,cd3ece86a518ed1e
002c248c,8,1,365,256,636,870ed3b1a2f8d4e
12840486,8,1,357,100,636,a1ba9d01e1d504f5
28080a89,8,1,383,256,636,6bea3c39a2c3caea
009041ac,8,1,346,100,636,d58b1082ccf9de1a
0154c808,8,1,391,100,636,38e567eb72a62c3e
01b00548,8,1,368,100,636,5b3e6792368e36f9
11684404,8,1,384,100,636,57e6610e0b03f7bc
18822601,8,1,314,256,636,1f5585f4af0a6274
03c04043,8,1,375,100,636,9db3a145707b3ae7
0a9c8040,8,1,374,100,636,4f20fd4be7b2c337
0b044881,8,1,334,256,636,fd4f6da5db51e1b1
1082a209,8,1,372,100,636,64acb07b644d7a94
1918100a,8,1,388,100,636,f4aa398523eab15e
38428808,8,1,322,256,636,1e31d54dcc0108bc
00aa3402,8,1,387,100,636,763d5321988f7871
24908c40,8,1,391,100,636,38e567eb72a62c3e
0c650240,8,1,380,256,636,d178551f2e16a15d
1a440803,8,1,308,294,636,9475c6972bb4c40f
228c4006,8,1,390,100,636,98d68c2ee2532965
25035200,8,1,391,100,636,38e567eb72a62c3e
308a2280,8,1,386,256,636,f61ace5015df39da
002490c9,8,1,376,100,636,6010785f8e201e00
020ccc40,8,1,389,100,636,ec64d8ac4bc26672
04530888,8,1,386,100,636,3494243b35aa405d
30960500,8,1,319,100,636,82830f1b8a5fd32f
01301125,8,1,389,100,636,df4756f24f727cb9
01901588,8,1,375,100,636,578684bfe6439489
1c094208,8,1,390,100,636,b42db3eb0915969a
2380c108,8,1,362,100,636,95d42c22d91a232
24490481,8,1,385,100,636,38cc641735a627c6
18324404,8,1,317,256,636,aae9d33f7a955c8d
21344440,8,1,390,100,636,11c736fc1d20808e
280a2007,8,1,361,256,636,8941514b0e1ea97c
3a800403,8,1,352,100,636,1f961ce12cb145b9
258c8002,8,1,390,100,636,98d68c2ee2532965
0500101f,8,1,391,100,636,38e567eb72a62c3e
1006480d,8,1,356,100,636,a8c2c6bef2e78c1b
2158008a,8,1,390,100,636,71c1f1a7f9a96e4f
32260808,8,1,315,294,636,923d920e5a65f2eb
00d82282,8,1,379,294,636,bd71b23b05c7327e
0328c088,8,1,381,100,636,9f90fe85ea364688
319a0001,8,1,391,100,636,38e567eb72a62c3e
04368808,8,1,385,100,636,291d045d81d1fe9d
0d0a0884,8,1,364,256,636,9c8c52756a31ad89
10007684,8,1,366,256,636,80c5c373a81a686b
11681840,8,1,386,100,636,bdfa66ae7cbe5895
20820649,8,1,297,100,636,23dc1a1055711656
22360081,8,1,355,100,636,6abdc0f1e68a46d3
005c4481,8,1,387,100,636,e348a6ec7cd97b0f
08461888,8,1,356,256,636,761ad4a9f6f7cabf
1844c804,8,1,337,256,636,366f010a83a7f602
2028d440,8,1,391,100,636,38e567eb72a62c3e
2848280a,8,1,378,100,636,84a2f42372c1b187
04438809,8,1,388,100,636,c6687833e35d751e
10e05050,8,1,389,100,636,60c2bccfce836026
111a4404,8,1,378,256,636,e5864d2e99f242f7
1aa28002,8,1,291,256,636,59f6adf5180e2963
0d068084,8,1,359,256,636,c8ca60d815b59db1
1088048b,8,1,364,294,636,1405e0c92077511f
14438600,8,1,373,100,636,aca796c410d5709e
1603c001,8,1,383,100,636,c91aa28a008fd724
2140448c,8,1,368,100,636,6046e1615d00c931
2b420880,8,1,378,100,636,17fe9367e82cd5b
0030912c,8,1,379,100,636,64ee83e94451509e
01a48441,8,1,368,100,636,2cd2b5fb5a090812
03b40900,8,1,377,100,636,8d6735dcb9ebe36a
1380020b,8,1,377,100,636,12fc823a11a53003
204e200a,8,1,385,100,636,235c8be2a1b0ffae
21185202,8,1,391,100,636,38e567eb72a62c3e
3100d440,8,1,390,100,636,350936e7b1701184
03485084,8,1,388,100,636,ad40ab27f328e109
0401328c,8,1,382,256,636,f7abc506dee7fcd2
042c90c0,8,1,381,100,636,4bf3720335935428
09a44044,8,1,363,294,636,9f362ef5ed590610
24230608,8,1,391,100,636,38e567eb72a62c3e
0230c124,8,1,380,100,636,99153714e1024f43
04110a91,8,1,386,100,636,3494243b35aa405d
0545c080,8,1,390,100,636,b42db3eb0915969a
08b204c0,8,1,338,256,636,e756ddd0fba92a90
18da8000,8,1,351,256,636,6eafa1288b15bd75
20882603,8,1,388,100,636,a429e1a58f7a2496
20a09640,8,1,363,100,636,bd1a7feb621a2dc2
32868100,8,1,288,100,636,1997828902cc582e
003c2403,8,1,383,100,636,cc30bdbded47be4c
080a4087,8,1,338,256,636,17720fd35ec5b889
0c511c00,8,1,391,100,636,38e567eb72a62c3e
10845142,8,1,367,100,636,5c61b0db227057e2
10c8c440,8,1,390,100,636,3dc17eb3c8c7706b
11720003,8,1,387,100,636,17e9c337649eb578
11c24240,8,1,384,100,636,91eb105ae8c947f1
22a89002,8,1,381,100,636,3bd1c34e47073bf7
29040889,8,1,360,256,636,661b5f12fa4fb04e
000a2e09,8,1,352,256,636,94bd8a10fd111ba5
0044f204,8,1,386,100,636,306eea4a682628f7
01e44140,8,1,374,100,636,5de998f0dddbe15
0520c441,8,1,391,100,636,38e567eb72a62c3e
0d0d1200,8,1,391,100,636,38e567eb72a62c3e
10ec8040,8,1,356,100,636,488104e0b358420a
200a0a89,8,1,389,100,636,ada43ecd1a7cbb5e
003c900c,8,1,384,100,636,3aeafc97c97191ac
01969400,8,1,389,100,636,67570693c186f899
0806c80c,8,1,311,256,636,2eff9f22654d1841
0b2c0088,8,1,358,100,636,d69af0c8f78878eb
0c380c40,8,1,388,100,636,c6983be3103b154d
102ca208,8,1,383,294,636,933d6e082390f6b3
10348680,8,1,359,100,636,8bf4c2a6fb41ce31
112050c1,8,1,391,100,636,38e567eb72a62c3e
16010219,8,1,389,100,636,235cdea5b52cd560
19328040,8,1,335,256,636,c836c9e905cd9607
20388083,8,1,384,100,636,f87cb58b134f3bd4
301414c0,8,1,378,100,636,3a7f313909cb9e34
36801006,8,1,385,100,636,9067f4f3f224c1ce
00e45050,8,1,388,100,636,b62d44f61b4cbcb5
04991600,8,1,391,100,636,38e567eb72a62c3e
16a20003,8,1,371,100,636,8fe6b149ad473cf9
1886010c,8,1,296,256,636,49b8aaaca5195f5d
26884081,8,1,389,100,636,1b756683077f6391
2888044c,8,1,340,294,636,6bab8eb81c0cbe03
00524609,8,1,378,100,636,721924a3289efe19
00563600,8,1,387,256,636,6e16bcc02768dc52
01e08c40,8,1,368,100,636,8c8bfe48ad0fc6e6
020885d0,8,1,380,100,636,6103086cb8f1bac6
031a8088,8,1,385,100,636,527b4f599d7b199c
04289085,8,1,380,100,636,2e9d5728c8dfdb0e
14841007,8,1,380,100,636,27b50d5f36e1c1b3
1501c280,8,1,390,100,636,b42db3eb0915969a
18868880,8,1,264,256,636,7a63a0f6c0878d91
20981209,8,1,391,100,636,38e567eb72a62c3e
22045c04,8,1,380,100,636,bdc10404a9188fed
000a620d,8,1,381,100,636,b7bce78da2320bab
00207286,8,1,391,100,636,38e567eb72a62c3e
004e240c,8,1,344,256,636,17bf195d4a3a7804
0070ac01,8,1,350,256,636,f590e7e5b99e70b4
012e0481,8,1,388,100,636,566f5bf1e7f2377c
037400c0,8,1,378,100,636,304d9dedd877b31e
10c1a280,8,1,343,294,636,f0cc973a30bbf3b4
12002287,8,1,304,256,636,8c34049b5034433b
16c1000a,8,1,387,100,636,ed3e034a50dc439c
18740480,8,1,331,256,636,8d60898f57ce9d55
230c1082,8,1,383,100,636,a4def789d56c5fa8
230c4006,8,1,391,100,636,38e567eb72a62c3e
2812180c,8,1,354,256,636,c7d8bceecf38d599
2902c440,8,1,375,100,636,dc716c059ce39cfe
0016b201,8,1,387,100,636,10965c691efe4769
00427608,8,1,384,256,636,76ce67769aaccd16
0092a109,8,1,354,100,636,4bedc3970f4c7c85
00a0268a,8,1,364,294,636,cf7c59428afde5bc
00bca002,8,1,390,100,636,4a3445d7f92e7ba3
02188125,8,1,386,100,636,aac9ed5583aa760e
05c48880,8,1,387,100,636,b8bb3f34f36c629b
0624c088,8,1,380,100,636,c6620374da946ff5
1004b282,8,1,361,256,636,c6c295da7e5271bb
11c89080,8,1,389,100,636,8217527d0e2cfca6
14250203,8,1,389,100,636,8fd75a00721c43cb
0a022096,8,1,328,256,636,70ec128f5027e706
20027016,8,1,342,294,636,89e30c65b226148d
03580811,8,1,389,100,636,c861239af85dd055
008270c1,8,1,365,256,636,aa3c040e8ef9c6b1
1a101c10,8,1,360,294,636,bd81ddb7ee0cc735
02630409,8,1,388,100,636,691a6c099e9d998c
04213260,8,1,391,100,636,38e567eb72a62c3e
0e008550,8,1,367,256,636,3a068b1c832f250d
14124828,8,1,384,100,636,fe804139dd433a85
34410218,8,1,388,100,636,c6687833e35d751e
0a085c04,8,1,386,100,636,5d1962556c002db7
20d04124,8,1,389,100,636,9f29a2470d63aaa9
28142888,8,1,364,256,636,f4c663606e2610c6
27204804,8,1,385,100,636,25c93b692ca3e3d1
08423818,8,1,335,256,636,a2778db673613b6c
18246c00,8,1,293,294,636,f186261d0fa82465
02641484,8,1,355,100,636,7bc55802aac1a60a
00d43005,8,1,376,256,636,4455e093e3fbc3d5
086a0888,8,1,348,256,636,e45a6988089b0c89
14a0208a,8,1,384,256,636,b91be75cfd138b3f
28820c81,8,1,315,256,636,9ea0c4b909d9d220
10a41016,8,1,327,100,636,dc1e7d4d814dc7c
18146030,8,1,311,294,636,bdf006799dccb0a1
082022c9,8,1,282,294,636,e7717bb8250332cc
0262a202,8,1,309,100,636,a2b31d6f1b700917
09288c08,8,1,376,100,636,b35fb5a6a879a81f
3880b200,8,1,307,294,636,8fa320e5d99db4e0
0d600c40,8,1,377,100,636,57b9ff7e41b3aedf
118c0540,8,1,323,294,636,75c5d8a101482015
01e11240,8,1,386,100,636,a7c5219f55ffafc2
21049488,8,1,377,100,636,e2090a9611e273b4
00026097,8,1,305,294,636,e52498830b8c9c0b
2051d200,8,1,377,100,636,f6684e30a69c0148
2c224404,8,1,376,256,636,d713a288092e50ae
340820a4,8,1,383,256,636,1615d48cc0dbaea6
02609124,8,1,383,100,636,b593f00a4ea77b76
08063205,8,1,329,256,636,bd884c314ad341ff
2014248a,8,1,380,100,636,25c2a81d05130706
00483283,8,1,378,256,636,f2073844f04a8991
02501483,8,1,366,100,636,53de91a3993b2a6c
0a38400a,8,1,388,100,636,5555a4aeae654f9d
11640c40,8,1,352,100,636,f086b656f274bcb0
002016c9,8,1,390,100,636,f8cb66f04e7bb52b
010d1209,8,1,381,100,636,51c52c13a5d8db62
01188550,8,1,373,100,636,c2642f3e3ddadff9
0d038201,8,1,391,100,636,38e567eb72a62c3e
1104c086,8,1,359,100,636,9d60dcc12ef2b726
35010288,8,1,391,100,636,38e567eb72a62c3e
003884c8,8,0,381,100,636,8d422b23d6a59ce4
00c4c124,8,0,355,100,636,a507f1eb9d76750a
02a05206,8,0,391,100,636,38e567eb72a62c3e
10e05240,8,0,389,100,636,60c2bccfce836026
0004409f,8,0,260,294,636,a025126975fe4440
00c0c125,8,0,345,100,636,124c81434a877852
084a0a81,8,0,355,256,636,4fe94ea83e16ca1d
0016580c,8,0,337,294,636,b7b05ff931ada002
0002409f,8,0,285,294,636,4a119a3e7c89bc83
10459084,8,0,259,294,636,a9b05bb5e58df326
2009120b,8,0,364,100,636,864bf9c0cf761e3e
20494209,8,0,382,100,636,9230a909b2d21d65
3008408b,8,0,390,100,636,350936e7b1701184
0084c4c4,8,0,386,100,636,97cac03d31289e2c
0200c325,8,0,337,100,636,842fff8df2e6d2ab
12650202,8,0,312,294,636,46e77ece302e24a3
000c9681,8,0,310,294,636,7350165ad647d0f0
000e8609,8,0,357,100,636,ea70467352a6f7e8
00225249,8,0,390,100,636,f8cb66f04e7bb52b
00581289,8,0,387,100,636,9b4bc6c7d16685c2
00788881,8,0,374,100,636,6c219e5298b9c4b3
0090c1a4,8,0,360,100,636,8d4183fe64eb8340
0180d124,8,0,373,100,636,37e76802d831db6f
02201685,8,0,368,100,636,fe4526157d7b088e
0240812d,8,0,357,100,636,fc1c67445d67f1f1
0250812c,8,0,371,100,636,a6e48d39967a2742
0480c125,8,0,388,100,636,b5ea2c5d1619df9c
06009125,8,0,387,100,636,663bbb2289d1a539
08440c89,8,0,285,256,636,2500bccea656f8b5
08a05242,8,0,389,100,636,27527b9ae954697a
1002c289,8,0,375,100,636,516c9630721d14e3
1014c08a,8,0,354,100,636,16f75ab4dc718b4c
102c10c8,8,0,388,100,636,45e3699633224b4f
103810c8,8,0,374,100,636,8303eebd7425d289
1044d084,8,0,384,100,636,2751bfbf291e88c1
10c484c0,8,0,387,100,636,7989e3a2f312cc73
10e0d040,8,0,385,100,636,d004d8ac138562ff
10e41041,8,0,383,100,636,680b6821208539a7
1224808a,8,0,370,100,636,9978b304ac15fe56
18084289,8,0,362,294,636,b4d2f01a8f2072da
2018140e,8,0,391,100,636,38e567eb72a62c3e
202810c9,8,0,388,100,636,de67fa6dc96bc114
20884486,8,0,391,100,636,38e567eb72a62c3e
20a81640,8,0,389,100,636,29d7ca04065ce981
22cc4080,8,0,388,100,636,61718253b20a19c0
280c4089,8,0,386,100,636,d665d1f6a996e112
302c0083,8,0,390,100,636,f8cb66f04e7bb52b
32884202,8,0,389,100,636,da75322985a85a15
00524a81,8,0,340,256,636,a4651a5bc2095871
0128d00c,8,0,385,100,636,dd7ea12a3b0f18eb
04410e81,8,0,354,256,636,7acc89c108387042
014c9084,8,0,372,100,636,5832e215113ad944
02203226,8,0,367,100,636,e7d168db1c1f1b6b
081e1084,8,0,350,256,636,680bb360828d9158
08a89440,8,0,390,100,636,350936e7b1701184
180a8281,8,0,349,256,636,f5ffde7dbf3cbaa4
18261042,8,0,352,256,636,c60c86a12ef286f2
18a0d040,8,0,388,100,636,3cfd5506114858cd
1a82a200,8,0,334,256,636,a4a3fc4496e67616
202a9440,8,0,390,100,636,350936e7b1701184
280a0a88,8,0,386,100,636,ae998cddc11cc9a4
18468880,8,0,346,100,636,94182fd248d21284
080e8281,8,0,370,100,636,2edd6eacff72ec82
22081017,8,0,343,100,636,8d243598dc4b25ed
08422a82,8,0,388,100,636,7dee922667b79619
004cac40,8,0,300,100,636,568566732fa62759
19c04044,8,0,381,256,636,501d670903c50c6a
00c08ec0,8,0,82,100,636,951d7eb2d017583
10443016,8,0,366,100,636,5985f3c9655d3d5c
01609124,8,0,390,100,636,71c1f1a7f9a96e4f
10413209,8,0,383,256,636,f077d4956e7ca55d
01611640,8,0,391,100,636,38e567eb72a62c3e
00606449,8,0,327,100,636,f419f121db3e8735
0128d084,8,0,386,100,636,f326871603210397
08806449,8,0,367,256,636,cfb4e805339af835
2040c641,8,0,253,100,636,23151967ce9e697b
00508325,8,0,259,294,636,860aca33ed861880
002a8641,8,0,200,100,636,ad765ee6481ffcc2
00619324,9,0,388,100,636,cc94451908a190
201813a4,9,0,385,100,636,87e9bb1071b3b94b
21888126,9,0,377,100,636,c02ca4a2a4f430d0
0010e125,8,0,335,294,636,f3fcc01ccc355238
002ac4c0,8,0,315,100,636,c0afe466024d19f
3882a082,9,0,389,100,636,9be714753fae7992
0041c325,9,0,358,100,636,9ed54945eba6543d
08c28e40,9,0,375,100,636,122918100d4b54f0
02008327,8,0,245,100,636,12a7ad8e8befeb4d
0006e281,8,0,384,100,636,676d0dee909f0c44
100c1485,8,0,342,256,636,1117202fdabb10d0
210c1096,9,0,391,100,636,38e567eb72a62c3e
0a0a4216,9,0,384,100,636,cb195988238719f4
08432a80,8,0,391,100,636,38e567eb72a62c3e
04818325,9,0,388,100,636,6a3a6b79756eafc5
0802023f,9,0,387,100,636,27111f8415e72a93
284a0892,9,0,384,100,636,e57253da0e2081c2
1822a4c0,9,0,390,100,636,332bbd2a16668881
18444816,9,0,360,100,636,7dcd28a03ee04b1c
0c038a88,9,0,391,100,636,38e567eb72a62c3e
08a206c1,9,0,391,100,636,38e567eb72a62c3e
0c422096,9,0,391,100,636,38e567eb72a62c3e
0080aec1,9,0,391,100,636,38e567eb72a62c3e
0c430a81,9,0,391,100,636,38e567eb72a62c3e
04612216,9,0,391,100,636,38e567eb72a62c3e
088262c4,9,0,391,100,636,38e567eb72a62c3e
10848127,9,0,350,100,636,5d1a25643857a001
004c3216,9,0,391,100,636,38e567eb72a62c3e
18068a88,9,0,391,100,636,38e567eb72a62c3e
00c045d4,9,0,377,100,636,ce6c13cfd00358dc
08412a89,9,0,391,100,636,38e567eb72a62c3e
1004c097,9,0,358,100,636,6876b1a69c9a7111
2280a126,9,0,384,100,636,889835496d0703d3
0062812d,9,0,338,100,636,ca97e87c6e261957
288216c0,9,0,391,100,636,38e567eb72a62c3e
29070a80,9,0,390,100,636,98d68c2ee2532965
0008f448,8,0,377,100,636,f089744ce7bf36cc
14850680,8,0,391,100,636,38e567eb72a62c3e
3ae00840,9,0,373,100,636,ac2d075ae63e0e0e
00543007,8,0,383,100,636,f4d3bf02cdb2bd33
0110aa88,8,0,384,100,636,625aa041e2f3f8d8
01028c49,8,0,358,100,636,d8db47f265f0246
00614a81,8,0,216,294,636,44a0bc3e99d23f11
08868c48,9,0,386,100,636,bf0a136904ebdeaf
10c48125,9,0,384,100,636,7c3153b60972ba11
0842280d,8,0,363,256,636,91f0ce6d4fc82e1c
30644081,8,0,362,256,636,df75a324fc84fcc8
1224003e,9,0,350,100,636,aae5aeacf1a10da8
00c44056,8,0,234,294,636,ff2509a98efc7060
0050c125,8,0,366,100,636,b625cf30285e1380
1806001f,9,0,391,100,636,38e567eb72a62c3e
10448c49,9,0,391,100,636,38e567eb72a62c3e
00108576,9,0,346,100,636,ac914dc62884f88
32850206,9,0,387,100,636,6ea30e0a9a60c123
28438809,9,0,391,100,636,38e567eb72a62c3e
18450a81,9,0,378,256,636,5351a4a14a5a8178
00c18750,9,0,282,338,636,211a9eca203bff24
0802ac49,9,0,391,100,636,38e567eb72a62c3e
1204003f,9,0,391,100,636,38e567eb72a62c3e
08c31c08,9,0,385,256,636,b8d51ebf3df0b8f0
10452216,9,0,388,100,636,486bb1416dc44778
28224096,9,0,369,100,636,90e9ff5f1a343532
00c49550,9,0,363,100,636,e8d5086888b58a24
088b0648,9,0,390,100,636,b42db3eb0915969a
02008751,8,0,315,256,636,f05004cce9604457
08120e88,8,0,354,256,636,8c470c6ccbf6a45d
20681096,9,0,389,100,636,60462ba74f8cabfb
02408327,9,0,371,100,636,24b968d6da4b5f1a
001c8449,8,0,384,100,636,47fd21d72a7f27b4
00c44096,8,0,265,294,636,486f2c50bc1b87e6
00418a89,8,0,321,294,636,a8aa6d27d96cb9fe
01021a89,8,0,390,100,636,f8cb66f04e7bb52b
01029289,8,0,390,100,636,6656679a3a103688
0120007f,9,0,349,100,636,605b803fde5f8de5
001c4096,8,0,283,294,636,b1d94060866a8479
0018c456,9,0,355,100,636,d5ea62144e342c9c
001c4017,8,0,321,100,636,d76fe1332c2f5600
3045c440,9,0,389,100,636,ac138498a82100ce
02c32282,9,0,390,100,636,4a3445d7f92e7ba3
185f0200,9,0,387,256,636,6788725e21b558d5
28070a88,9,0,383,256,636,7adc2f6e6ee59f23
02710e02,9,0,371,100,636,f8c266413855283
0010c574,9,0,354,100,636,c46033f84909fbaa
