    ⟨[1], [0, 1, 2, 3, 4, 5, 6, 7, 8, 9, 10, 11], 681/1600, 5597/11200, 59967/112000, 29⟩,
    ⟨[1], [0, 1, 2, 3, 4, 5, 6, 7, 8, 9, 10, 12], 119/1600, 46433/100800, 22411/44800, 26⟩,
    ⟨[1], [0, 1, 2, 3, 4, 5, 6, 7, 8, 9, 10, 13], 681/1600, 72767/145600, 59967/112000, 29⟩,
    ⟨[1], [0, 1, 2, 3, 4, 5, 6, 7, 8, 9, 10, 14], 119/1600, 46433/100800, 78433/156800, 26⟩,
    ⟨[1], [0, 1, 2, 3, 4, 5, 6, 7, 8, 9, 11, 12], 119/1600, 57633/123200, 22411/44800, 31⟩,
    ⟨[1], [0, 1, 2, 3, 4, 5, 6, 7, 8, 9, 11, 13], 681/1600, 72767/145600, 48767/89600, 23⟩,
    ⟨[1], [0, 1, 2, 3, 4, 5, 6, 7, 8, 9, 11, 14], 119/1600, 57633/123200, 78433/156800, 31⟩,
    ⟨[1], [0, 1, 2, 3, 4, 5, 6, 7, 8, 9, 12, 13], 681/1600, 72767/145600, 71167/134400, 34⟩,
    ⟨[1], [0, 1, 2, 3, 4, 5, 6, 7, 8, 9, 12, 14], 119/1600, 46433/100800, 78433/156800, 26⟩,
    ⟨[1], [0, 1, 2, 3, 4, 5, 6, 7, 8, 9, 13, 14], 119/1600, 68833/145600, 78433/156800, 37⟩,
    ⟨[1], [0, 1, 2, 3, 4, 5, 6, 7, 8, 10, 11, 12], 119/1600, 57633/123200, 22411/44800, 31⟩,
    ⟨[1], [0, 1, 2, 3, 4, 5, 6, 7, 8, 10, 11, 13], 681/1600, 72767/145600, 59967/112000, 29⟩,
    ⟨[1], [0, 1, 2, 3, 4, 5, 6, 7, 8, 10, 11, 14], 119/1600, 57633/123200, 78433/156800, 31⟩,
    ⟨[1], [0, 1, 2, 3, 4, 5, 6, 7, 8, 10, 12, 13], 681/1600, 72767/145600, 71167/134400, 34⟩,
    ⟨[1], [0, 1, 2, 3, 4, 5, 6, 7, 8, 10, 12, 14], 119/1600, 35233/78400, 78433/156800, 20⟩,
    ⟨[1], [0, 1, 2, 3, 4, 5, 6, 7, 8, 10, 13, 14], 419/1600, 48533/145600, 24533/67200, 32⟩,
    ⟨[1], [0, 1, 2, 3, 4, 5, 6, 7, 8, 11, 12, 13], 681/1600, 72767/145600, 71167/134400, 34⟩,
    ⟨[1], [0, 1, 2, 3, 4, 5, 6, 7, 8, 11, 12, 14], 119/1600, 57633/123200, 78433/156800, 31⟩,
    ⟨[1], [0, 1, 2, 3, 4, 5, 6, 7, 8, 11, 13, 14], 419/1600, 48533/145600, 24533/67200, 32⟩,
    ⟨[1], [0, 1, 2, 3, 4, 5, 6, 7, 8, 12, 13, 14], 119/1600, 68833/145600, 78433/156800, 37⟩,
    ⟨[1], [0, 1, 2, 3, 4, 5, 6, 7, 9, 10, 11, 12], 119/1600, 57633/123200, 22411/44800, 31⟩,
    ⟨[1], [0, 1, 2, 3, 4, 5, 6, 7, 9, 10, 11, 13], 681/1600, 72767/145600, 59967/112000, 29⟩,
    ⟨[1], [0, 1, 2, 3, 4, 5, 6, 7, 9, 10, 11, 14], 119/1600, 57633/123200, 78433/156800, 31⟩,
    ⟨[1], [0, 1, 2, 3, 4, 5, 6, 7, 9, 10, 12, 13], 1481/1600, 44767/134400, 20767/56000, 27⟩,
    ⟨[1], [0, 1, 2, 3, 4, 5, 6, 7, 9, 10, 12, 14], 119/1600, 46433/100800, 78433/156800, 26⟩,
    ⟨[1], [0, 1, 2, 3, 4, 5, 6, 7, 9, 10, 13, 14], 119/1600, 68833/145600, 78433/156800, 37⟩,
    ⟨[1], [0, 1, 2, 3, 4, 5, 6, 7, 9, 11, 12, 13], 681/1600, 72767/145600, 71167/134400, 34⟩,
    ⟨[1], [0, 1, 2, 3, 4, 5, 6, 7, 9, 11, 12, 14], 119/1600, 57633/123200, 78433/156800, 31⟩,
    ⟨[1], [0, 1, 2, 3, 4, 5, 6, 7, 9, 11, 13, 14], 119/1600, 68833/145600, 78433/156800, 37⟩,
    ⟨[1], [0, 1, 2, 3, 4, 5, 6, 7, 9, 12, 13, 14], 119/1600, 68833/145600, 78433/156800, 37⟩,
    ⟨[1], [0, 1, 2, 3, 4, 5, 6, 7, 10, 11, 12, 13], 681/1600, 72767/145600, 71167/134400, 34⟩,
    ⟨[1], [0, 1, 2, 3, 4, 5, 6, 7, 10, 11, 12, 14], 119/1600, 57633/123200, 78433/156800, 31⟩,
    ⟨[1], [0, 1, 2, 3, 4, 5, 6, 7, 10, 11, 13, 14], 419/1600, 48533/145600, 24533/67200, 32⟩,
    ⟨[1], [0, 1, 2, 3, 4, 5, 6, 7, 10, 12, 13, 14], 119/1600, 68833/145600, 78433/156800, 37⟩,
    ⟨[1], [0, 1, 2, 3, 4, 5, 6, 7, 11, 12, 13, 14], 1481/1600, 11167/123200, 9567/78400, 32⟩,
    ⟨[1], [0, 1, 2, 3, 4, 5, 6, 8, 9, 10, 11, 12], 119/1600, 57633/123200, 22411/44800, 31⟩,
    ⟨[1], [0, 1, 2, 3, 4, 5, 6, 8, 9, 10, 11, 13], 681/1600, 72767/145600, 59967/112000, 29⟩,
    ⟨[1], [0, 1, 2, 3, 4, 5, 6, 8, 9, 10, 11, 14], 119/1600, 57633/123200, 78433/156800, 31⟩,
    ⟨[1], [0, 1, 2, 3, 4, 5, 6, 8, 9, 10, 12, 13], 119/1600, 8011/11200, 33611/44800, 29⟩,
    ⟨[1], [0, 1, 2, 3, 4, 5, 6, 8, 9, 10, 12, 14], 119/1600, 46433/100800, 78433/156800, 26⟩,
    ⟨[1], [0, 1, 2, 3, 4, 5, 6, 8, 9, 10, 13, 14], 681/1600, 117567/156800, 8789/11200, 29⟩,
    ⟨[1], [0, 1, 2, 3, 4, 5, 6, 8, 9, 11, 12, 13], 681/1600, 72767/145600, 71167/134400, 34⟩,
    ⟨[1], [0, 1, 2, 3, 4, 5, 6, 8, 9, 11, 12, 14], 59/100, 3263/9800, 3163/8400, 23⟩,
    ⟨[1], [0, 1, 2, 3, 4, 5, 6, 8, 9, 11, 13, 14], 261/400, 13227/36400, 4427/11200, 32⟩,
    ⟨[1], [0, 1, 2, 3, 4, 5, 6, 8, 9, 12, 13, 14], 681/1600, 117567/156800, 104767/134400, 34⟩,
    ⟨[1], [0, 1, 2, 3, 4, 5, 6, 8, 10, 11, 12, 13], 681/1600, 72767/145600, 71167/134400, 34⟩,
    ⟨[1], [0, 1, 2, 3, 4, 5, 6, 8, 10, 11, 12, 14], 119/1600, 57633/123200, 78433/156800, 31⟩,
    ⟨[1], [0, 1, 2, 3, 4, 5, 6, 8, 10, 11, 13, 14], 419/1600, 48533/145600, 24533/67200, 32⟩,
    ⟨[1], [0, 1, 2, 3, 4, 5, 6, 8, 10, 12, 13, 14], 681/1600, 117567/156800, 104767/134400, 34⟩,
    ⟨[1], [0, 1, 2, 3, 4, 5, 6, 8, 11, 12, 13, 14], 119/1600, 68833/145600, 78433/156800, 37⟩,
    ⟨[1], [0, 1, 2, 3, 4, 5, 6, 9, 10, 11, 12, 13], 119/1600, 19211/22400, 89633/100800, 32⟩,
    ⟨[1], [0, 1, 2, 3, 4, 5, 6, 9, 10, 11, 12, 14], 119/1600, 57633/123200, 78433/156800, 31⟩,
    ⟨[1], [0, 1, 2, 3, 4, 5, 6, 9, 10, 11, 13, 14], 119/1600, 68833/145600, 78433/156800, 37⟩,
    ⟨[1], [0, 1, 2, 3, 4, 5, 6, 9, 10, 12, 13, 14], 681/1600, 117567/156800, 104767/134400, 34⟩,
    ⟨[1], [0, 1, 2, 3, 4, 5, 6, 9, 11, 12, 13, 14], 119/1600, 68833/145600, 78433/156800, 37⟩,
    ⟨[1], [0, 1, 2, 3, 4, 5, 6, 10, 11, 12, 13, 14], 281/1600, 137167/156800, 101967/112000, 29⟩,
    ⟨[1], [0, 1, 2, 3, 4, 5, 7, 8, 9, 10, 11, 12], 119/1600, 57633/123200, 22411/44800, 31⟩,
    ⟨[1], [0, 1, 2, 3, 4, 5, 7, 8, 9, 10, 11, 13], 681/1600, 72767/145600, 59967/112000, 29⟩,
    ⟨[1], [0, 1, 2, 3, 4, 5, 7, 8, 9, 10, 11, 14], 119/1600, 57633/123200, 78433/156800, 31⟩,
    ⟨[1], [0, 1, 2, 3, 4, 5, 7, 8, 9, 10, 12, 13], 681/1600, 72767/145600, 71167/134400, 34⟩,
    ⟨[1], [0, 1, 2, 3, 4, 5, 7, 8, 9, 10, 12, 14], 119/1600, 46433/100800, 78433/156800, 26⟩,
    ⟨[1], [0, 1, 2, 3, 4, 5, 7, 8, 9, 10, 13, 14], 91/100, 5587/7000, 7587/9100, 29⟩,
    ⟨[1], [0, 1, 2, 3, 4, 5, 7, 8, 9, 11, 12, 13], 1081/1600, 109167/145600, 96367/123200, 31⟩,
    ⟨[1], [0, 1, 2, 3, 4, 5, 7, 8, 9, 11, 12, 14], 119/1600, 57633/123200, 78433/156800, 31⟩,
    ⟨[1], [0, 1, 2, 3, 4, 5, 7, 8, 9, 11, 13, 14], 119/1600, 68833/145600, 78433/156800, 37⟩,
    ⟨[1], [0, 1, 2, 3, 4, 5, 7, 8, 9, 12, 13, 14], 553/800, 60271/78400, 17957/22400, 31⟩,
    ⟨[1], [0, 1, 2, 3, 4, 5, 7, 8, 10, 11, 12, 13], 681/1600, 72767/145600, 71167/134400, 34⟩,
    ⟨[1], [0, 1, 2, 3, 4, 5, 7, 8, 10, 11, 12, 14], 119/1600, 57633/123200, 78433/156800, 31⟩,
    ⟨[1], [0, 1, 2, 3, 4, 5, 7, 8, 10, 11, 13, 14], 419/1600, 104533/156800, 102933/145600, 25⟩,
    ⟨[1], [0, 1, 2, 3, 4, 5, 7, 8, 10, 12, 13, 14], 119/1600, 68833/145600, 78433/156800, 37⟩,
    ⟨[1], [0, 1, 2, 3, 4, 5, 7, 8, 11, 12, 13, 14], 119/1600, 68833/145600, 78433/156800, 37⟩,
    ⟨[1], [0, 1, 2, 3, 4, 5, 7, 9, 10, 11, 12, 13], 681/1600, 72767/145600, 71167/134400, 34⟩,
    ⟨[1], [0, 1, 2, 3, 4, 5, 7, 9, 10, 11, 12, 14], 119/1600, 57633/123200, 78433/156800, 31⟩,
    ⟨[1], [0, 1, 2, 3, 4, 5, 7, 9, 10, 11, 13, 14], 119/1600, 68833/145600, 78433/156800, 37⟩,
    ⟨[1], [0, 1, 2, 3, 4, 5, 7, 9, 10, 12, 13, 14], 119/1600, 68833/145600, 78433/156800, 37⟩,
    ⟨[1], [0, 1, 2, 3, 4, 5, 7, 9, 11, 12, 13, 14], 119/1600, 68833/145600, 78433/156800, 37⟩,
    ⟨[1], [0, 1, 2, 3, 4, 5, 7, 10, 11, 12, 13, 14], 119/1600, 68833/145600, 78433/156800, 37⟩,
    ⟨[1], [0, 1, 2, 3, 4, 5, 8, 9, 10, 11, 12, 13], 681/1600, 72767/145600, 71167/134400, 34⟩,
    ⟨[1], [0, 1, 2, 3, 4, 5, 8, 9, 10, 11, 12, 14], 119/1600, 57633/123200, 78433/156800, 31⟩,
    ⟨[1], [0, 1, 2, 3, 4, 5, 8, 9, 10, 11, 13, 14], 119/1600, 68833/145600, 78433/156800, 37⟩,
    ⟨[1], [0, 1, 2, 3, 4, 5, 8, 9, 10, 12, 13, 14], 681/1600, 117567/156800, 104767/134400, 34⟩,
    ⟨[1], [0, 1, 2, 3, 4, 5, 8, 9, 11, 12, 13, 14], 119/1600, 68833/145600, 78433/156800, 37⟩,
    ⟨[1], [0, 1, 2, 3, 4, 5, 8, 10, 11, 12, 13, 14], 119/1600, 68833/145600, 78433/156800, 37⟩,
    ⟨[1], [0, 1, 2, 3, 4, 5, 9, 10, 11, 12, 13, 14], 297/800, 69679/78400, 15493/16800, 30⟩,
    ⟨[1], [0, 1, 2, 3, 4, 6, 7, 8, 9, 10, 11, 12], 119/1600, 57633/123200, 22411/44800, 31⟩,
    ⟨[1], [0, 1, 2, 3, 4, 6, 7, 8, 9, 10, 11, 13], 681/1600, 72767/145600, 59967/112000, 29⟩,
    ⟨[1], [0, 1, 2, 3, 4, 6, 7, 8, 9, 10, 11, 14], 119/1600, 57633/123200, 78433/156800, 31⟩,
    ⟨[1], [0, 1, 2, 3, 4, 6, 7, 8, 9, 10, 12, 13], 681/1600, 72767/145600, 71167/134400, 34⟩,
    ⟨[1], [0, 1, 2, 3, 4, 6, 7, 8, 9, 10, 12, 14], 119/1600, 46433/100800, 78433/156800, 26⟩,
    ⟨[1], [0, 1, 2, 3, 4, 6, 7, 8, 9, 10, 13, 14], 157/200, 2599/18200, 2399/14000, 36⟩,
    ⟨[1], [0, 1, 2, 3, 4, 6, 7, 8, 9, 11, 12, 13], 681/1600, 72767/145600, 71167/134400, 34⟩,
    ⟨[1], [0, 1, 2, 3, 4, 6, 7, 8, 9, 11, 12, 14], 119/1600, 57633/123200, 78433/156800, 31⟩,
    ⟨[1], [0, 1, 2, 3, 4, 6, 7, 8, 9, 11, 13, 14], 119/1600, 57633/145600, 67233/156800, 31⟩,
    ⟨[1], [0, 1, 2, 3, 4, 6, 7, 8, 9, 12, 13, 14], 103/800, 17921/22400, 56321/67200, 27⟩,
    ⟨[1], [0, 1, 2, 3, 4, 6, 7, 8, 10, 11, 12, 13], 681/1600, 72767/145600, 71167/134400, 34⟩,
    ⟨[1], [0, 1, 2, 3, 4, 6, 7, 8, 10, 11, 12, 14], 119/1600, 57633/123200, 78433/156800, 31⟩,
    ⟨[1], [0, 1, 2, 3, 4, 6, 7, 8, 10, 11, 13, 14], 419/1600, 48533/145600, 24533/67200, 32⟩,
    ⟨[1], [0, 1, 2, 3, 4, 6, 7, 8, 10, 12, 13, 14], 119/1600, 68833/145600, 78433/156800, 37⟩,
    ⟨[1], [0, 1, 2, 3, 4, 6, 7, 8, 11, 12, 13, 14], 119/1600, 68833/145600, 78433/156800, 37⟩,
    ⟨[1], [0, 1, 2, 3, 4, 6, 7, 9, 10, 11, 12, 13], 681/1600, 72767/145600, 71167/134400, 34⟩,
    ⟨[1], [0, 1, 2, 3, 4, 6, 7, 9, 10, 11, 12, 14], 119/1600, 57633/123200, 78433/156800, 31⟩,
    ⟨[1], [0, 1, 2, 3, 4, 6, 7, 9, 10, 11, 13, 14], 497/800, 43079/61600, 36679/50400, 36⟩,
    ⟨[1], [0, 1, 2, 3, 4, 6, 7, 9, 10, 12, 13, 14], 119/1600, 68833/145600, 78433/156800, 37⟩,
    ⟨[1], [0, 1, 2, 3, 4, 6, 7, 9, 11, 12, 13, 14], 119/1600, 68833/145600, 78433/156800, 37⟩,
    ⟨[1], [0, 1, 2, 3, 4, 6, 7, 10, 11, 12, 13, 14], 119/1600, 68833/145600, 78433/156800, 37⟩,
    ⟨[1], [0, 1, 2, 3, 4, 6, 8, 9, 10, 11, 12, 13], 681/1600, 72767/145600, 71167/134400, 34⟩,
    ⟨[1], [0, 1, 2, 3, 4, 6, 8, 9, 10, 11, 12, 14], 119/1600, 57633/123200, 78433/156800, 31⟩,
    ⟨[1], [0, 1, 2, 3, 4, 6, 8, 9, 10, 11, 13, 14], 119/1600, 68833/145600, 78433/156800, 37⟩,
    ⟨[1], [0, 1, 2, 3, 4, 6, 8, 9, 10, 12, 13, 14], 681/1600, 117567/156800, 104767/134400, 34⟩,
    ⟨[1], [0, 1, 2, 3, 4, 6, 8, 9, 11, 12, 13, 14], 119/1600, 68833/145600, 78433/156800, 37⟩,
    ⟨[1], [0, 1, 2, 3, 4, 6, 8, 10, 11, 12, 13, 14], 119/1600, 68833/145600, 78433/156800, 37⟩,
    ⟨[1], [0, 1, 2, 3, 4, 6, 9, 10, 11, 12, 13, 14], 119/1600, 68833/145600, 78433/156800, 37⟩,
    ⟨[1], [0, 1, 2, 3, 4, 7, 8, 9, 10, 11, 12, 13], 681/1600, 72767/145600, 71167/134400, 34⟩,
    ⟨[1], [0, 1, 2, 3, 4, 7, 8, 9, 10, 11, 12, 14], 119/1600, 57633/123200, 78433/156800, 31⟩,
    ⟨[1], [0, 1, 2, 3, 4, 7, 8, 9, 10, 11, 13, 14], 119/1600, 68833/145600, 78433/156800, 37⟩,
    ⟨[1], [0, 1, 2, 3, 4, 7, 8, 9, 10, 12, 13, 14], 119/1600, 68833/145600, 78433/156800, 37⟩,
    ⟨[1], [0, 1, 2, 3, 4, 7, 8, 9, 11, 12, 13, 14], 119/1600, 68833/145600, 78433/156800, 37⟩,
    ⟨[1], [0, 1, 2, 3, 4, 7, 8, 10, 11, 12, 13, 14], 119/1600, 68833/145600, 78433/156800, 37⟩,
    ⟨[1], [0, 1, 2, 3, 4, 7, 9, 10, 11, 12, 13, 14], 119/1600, 68833/145600, 78433/156800, 37⟩,
    ⟨[1], [0, 1, 2, 3, 4, 8, 9, 10, 11, 12, 13, 14], 397/800, 70379/78400, 41579/44800, 33⟩,
    ⟨[1], [0, 1, 2, 3, 5, 6, 7, 8, 9, 10, 11, 12], 119/1600, 57633/123200, 22411/44800, 31⟩,
    ⟨[1], [0, 1, 2, 3, 5, 6, 7, 8, 9, 10, 11, 13], 681/1600, 72767/145600, 59967/112000, 29⟩,
    ⟨[1], [0, 1, 2, 3, 5, 6, 7, 8, 9, 10, 11, 14], 119/1600, 57633/123200, 78433/156800, 31⟩,
    ⟨[1], [0, 1, 2, 3, 5, 6, 7, 8, 9, 10, 12, 13], 681/1600, 72767/145600, 71167/134400, 34⟩,
    ⟨[1], [0, 1, 2, 3, 5, 6, 7, 8, 9, 10, 12, 14], 119/1600, 46433/100800, 78433/156800, 26⟩,
    ⟨[1], [0, 1, 2, 3, 5, 6, 7, 8, 9, 10, 13, 14], 119/1600, 68833/145600, 78433/156800, 37⟩,
    ⟨[1], [0, 1, 2, 3, 5, 6, 7, 8, 9, 11, 12, 13], 681/1600, 72767/145600, 71167/134400, 34⟩,
    ⟨[1], [0, 1, 2, 3, 5, 6, 7, 8, 9, 11, 12, 14], 119/1600, 57633/123200, 78433/156800, 31⟩,
    ⟨[1], [0, 1, 2, 3, 5, 6, 7, 8, 9, 11, 13, 14], 119/1600, 68833/145600, 78433/156800, 37⟩,
    ⟨[1], [0, 1, 2, 3, 5, 6, 7, 8, 9, 12, 13, 14], 569/1600, 83183/100800, 47983/56000, 32⟩,
    ⟨[1], [0, 1, 2, 3, 5, 6, 7, 8, 10, 11, 12, 13], 681/1600, 72767/145600, 71167/134400, 34⟩,
    ⟨[1], [0, 1, 2, 3, 5, 6, 7, 8, 10, 11, 12, 14], 119/1600, 57633/123200, 78433/156800, 31⟩,
    ⟨[1], [0, 1, 2, 3, 5, 6, 7, 8, 10, 11, 13, 14], 419/1600, 48533/145600, 24533/67200, 32⟩,
    ⟨[1], [0, 1, 2, 3, 5, 6, 7, 8, 10, 12, 13, 14], 119/1600, 68833/145600, 78433/156800, 37⟩,
    ⟨[1], [0, 1, 2, 3, 5, 6, 7, 8, 11, 12, 13, 14], 303/800, 64121/78400, 52121/61600, 36⟩,
    ⟨[1], [0, 1, 2, 3, 5, 6, 7, 9, 10, 11, 12, 13], 681/1600, 72767/145600, 71167/134400, 34⟩,
    ⟨[1], [0, 1, 2, 3, 5, 6, 7, 9, 10, 11, 12, 14], 119/1600, 57633/123200, 78433/156800, 31⟩,
    ⟨[1], [0, 1, 2, 3, 5, 6, 7, 9, 10, 11, 13, 14], 1319/1600, 88433/123200, 109233/145600, 31⟩,
    ⟨[1], [0, 1, 2, 3, 5, 6, 7, 9, 10, 12, 13, 14], 119/1600, 68833/145600, 78433/156800, 37⟩,
    ⟨[1], [0, 1, 2, 3, 5, 6, 7, 9, 11, 12, 13, 14], 119/1600, 68833/145600, 78433/156800, 37⟩,
    ⟨[1], [0, 1, 2, 3, 5, 6, 7, 10, 11, 12, 13, 14], 119/1600, 68833/145600, 78433/156800, 37⟩,
    ⟨[1], [0, 1, 2, 3, 5, 6, 8, 9, 10, 11, 12, 13], 681/1600, 72767/145600, 71167/134400, 34⟩,
    ⟨[1], [0, 1, 2, 3, 5, 6, 8, 9, 10, 11, 12, 14], 119/1600, 57633/123200, 78433/156800, 31⟩,
    ⟨[1], [0, 1, 2, 3, 5, 6, 8, 9, 10, 11, 13, 14], 119/1600, 68833/145600, 78433/156800, 37⟩,
    ⟨[1], [0, 1, 2, 3, 5, 6, 8, 9, 10, 12, 13, 14], 681/1600, 117567/156800, 104767/134400, 34⟩,
    ⟨[1], [0, 1, 2, 3, 5, 6, 8, 9, 11, 12, 13, 14], 119/1600, 68833/145600, 78433/156800, 37⟩,
    ⟨[1], [0, 1, 2, 3, 5, 6, 8, 10, 11, 12, 13, 14], 119/1600, 68833/145600, 78433/156800, 37⟩,
    ⟨[1], [0, 1, 2, 3, 5, 6, 9, 10, 11, 12, 13, 14], 119/1600, 68833/145600, 78433/156800, 37⟩,
    ⟨[1], [0, 1, 2, 3, 5, 7, 8, 9, 10, 11, 12, 13], 681/1600, 72767/145600, 71167/134400, 34⟩,
    ⟨[1], [0, 1, 2, 3, 5, 7, 8, 9, 10, 11, 12, 14], 119/1600, 57633/123200, 78433/156800, 31⟩,
    ⟨[1], [0, 1, 2, 3, 5, 7, 8, 9, 10, 11, 13, 14], 119/1600, 68833/145600, 78433/156800, 37⟩,
    ⟨[1], [0, 1, 2, 3, 5, 7, 8, 9, 10, 12, 13, 14], 119/1600, 68833/145600, 78433/156800, 37⟩,
    ⟨[1], [0, 1, 2, 3, 5, 7, 8, 9, 11, 12, 13, 14], 119/1600, 68833/145600, 78433/156800, 37⟩,
    ⟨[1], [0, 1, 2, 3, 5, 7, 8, 10, 11, 12, 13, 14], 119/1600, 68833/145600, 78433/156800, 37⟩,
    ⟨[1], [0, 1, 2, 3, 5, 7, 9, 10, 11, 12, 13, 14], 119/1600, 68833/145600, 78433/156800, 37⟩,
    ⟨[1], [0, 1, 2, 3, 5, 8, 9, 10, 11, 12, 13, 14], 119/1600, 68833/145600, 78433/156800, 37⟩,
    ⟨[1], [0, 1, 2, 3, 6, 7, 8, 9, 10, 11, 12, 13], 681/1600, 72767/145600, 71167/134400, 34⟩,
    ⟨[1], [0, 1, 2, 3, 6, 7, 8, 9, 10, 11, 12, 14], 119/1600, 57633/123200, 78433/156800, 31⟩,
    ⟨[1], [0, 1, 2, 3, 6, 7, 8, 9, 10, 11, 13, 14], 119/1600, 68833/145600, 78433/156800, 37⟩,
    ⟨[1], [0, 1, 2, 3, 6, 7, 8, 9, 10, 12, 13, 14], 119/1600, 68833/145600, 78433/156800, 37⟩,
    ⟨[1], [0, 1, 2, 3, 6, 7, 8, 9, 11, 12, 13, 14], 119/1600, 68833/145600, 78433/156800, 37⟩,
    ⟨[1], [0, 1, 2, 3, 6, 7, 8, 10, 11, 12, 13, 14], 119/1600, 68833/145600, 78433/156800, 37⟩,
    ⟨[1], [0, 1, 2, 3, 6, 7, 9, 10, 11, 12, 13, 14], 119/1600, 68833/145600, 78433/156800, 37⟩,
    ⟨[1], [0, 1, 2, 3, 6, 8, 9, 10, 11, 12, 13, 14], 119/1600, 68833/145600, 78433/156800, 37⟩,
    ⟨[1], [0, 1, 2, 3, 7, 8, 9, 10, 11, 12, 13, 14], 119/1600, 68833/145600, 78433/156800, 37⟩,
    ⟨[1], [0, 1, 2, 4, 5, 6, 7, 8, 9, 10, 11, 12], 119/1600, 57633/123200, 22411/44800, 31⟩,
    ⟨[1], [0, 1, 2, 4, 5, 6, 7, 8, 9, 10, 11, 13], 681/1600, 72767/145600, 59967/112000, 29⟩,
    ⟨[1], [0, 1, 2, 4, 5, 6, 7, 8, 9, 10, 11, 14], 119/1600, 57633/123200, 78433/156800, 31⟩,
    ⟨[1], [0, 1, 2, 4, 5, 6, 7, 8, 9, 10, 12, 13], 681/1600, 72767/145600, 71167/134400, 34⟩,
    ⟨[1], [0, 1, 2, 4, 5, 6, 7, 8, 9, 10, 12, 14], 119/1600, 46433/100800, 78433/156800, 26⟩,
    ⟨[1], [0, 1, 2, 4, 5, 6, 7, 8, 9, 10, 13, 14], 119/1600, 68833/145600, 78433/156800, 37⟩,
    ⟨[1], [0, 1, 2, 4, 5, 6, 7, 8, 9, 11, 12, 13], 681/1600, 72767/145600, 71167/134400, 34⟩,
    ⟨[1], [0, 1, 2, 4, 5, 6, 7, 8, 9, 11, 12, 14], 119/1600, 57633/123200, 78433/156800, 31⟩,
    ⟨[1], [0, 1, 2, 4, 5, 6, 7, 8, 9, 11, 13, 14], 119/1600, 68833/145600, 78433/156800, 37⟩,
    ⟨[1], [0, 1, 2, 4, 5, 6, 7, 8, 9, 12, 13, 14], 119/1600, 68833/145600, 78433/156800, 37⟩,
    ⟨[1], [0, 1, 2, 4, 5, 6, 7, 8, 10, 11, 12, 13], 681/1600, 72767/145600, 71167/134400, 34⟩,
    ⟨[1], [0, 1, 2, 4, 5, 6, 7, 8, 10, 11, 12, 14], 119/1600, 57633/123200, 78433/156800, 31⟩,
    ⟨[1], [0, 1, 2, 4, 5, 6, 7, 8, 10, 11, 13, 14], 419/1600, 48533/145600, 24533/67200, 32⟩,
    ⟨[1], [0, 1, 2, 4, 5, 6, 7, 8, 10, 12, 13, 14], 119/1600, 68833/145600, 78433/156800, 37⟩,
    ⟨[1], [0, 1, 2, 4, 5, 6, 7, 8, 11, 12, 13, 14], 59/100, 8163/9800, 6663/7700, 31⟩,
    ⟨[1], [0, 1, 2, 4, 5, 6, 7, 9, 10, 11, 12, 13], 681/1600, 72767/145600, 71167/134400, 34⟩,
    ⟨[1], [0, 1, 2, 4, 5, 6, 7, 9, 10, 11, 12, 14], 119/1600, 57633/123200, 78433/156800, 31⟩,
    ⟨[1], [0, 1, 2, 4, 5, 6, 7, 9, 10, 11, 13, 14], 119/1600, 68833/145600, 78433/156800, 37⟩,
    ⟨[1], [0, 1, 2, 4, 5, 6, 7, 9, 10, 12, 13, 14], 119/1600, 68833/145600, 78433/156800, 37⟩,
    ⟨[1], [0, 1, 2, 4, 5, 6, 7, 9, 11, 12, 13, 14], 119/1600, 68833/145600, 78433/156800, 37⟩,
    ⟨[1], [0, 1, 2, 4, 5, 6, 7, 10, 11, 12, 13, 14], 119/1600, 68833/145600, 78433/156800, 37⟩,
    ⟨[1], [0, 1, 2, 4, 5, 6, 8, 9, 10, 11, 12, 13], 681/1600, 72767/145600, 71167/134400, 34⟩,
    ⟨[1], [0, 1, 2, 4, 5, 6, 8, 9, 10, 11, 12, 14], 119/1600, 57633/123200, 78433/156800, 31⟩,
    ⟨[1], [0, 1, 2, 4, 5, 6, 8, 9, 10, 11, 13, 14], 119/1600, 68833/145600, 78433/156800, 37⟩,
    ⟨[1], [0, 1, 2, 4, 5, 6, 8, 9, 10, 12, 13, 14], 681/1600, 117567/156800, 104767/134400, 34⟩,
    ⟨[1], [0, 1, 2, 4, 5, 6, 8, 9, 11, 12, 13, 14], 119/1600, 68833/145600, 78433/156800, 37⟩,
    ⟨[1], [0, 1, 2, 4, 5, 6, 8, 10, 11, 12, 13, 14], 119/1600, 68833/145600, 78433/156800, 37⟩,
    ⟨[1], [0, 1, 2, 4, 5, 6, 9, 10, 11, 12, 13, 14], 119/1600, 68833/145600, 78433/156800, 37⟩,
    ⟨[1], [0, 1, 2, 4, 5, 7, 8, 9, 10, 11, 12, 13], 681/1600, 72767/145600, 71167/134400, 34⟩,
    ⟨[1], [0, 1, 2, 4, 5, 7, 8, 9, 10, 11, 12, 14], 119/1600, 57633/123200, 78433/156800, 31⟩,
    ⟨[1], [0, 1, 2, 4, 5, 7, 8, 9, 10, 11, 13, 14], 119/1600, 68833/145600, 78433/156800, 37⟩,
    ⟨[1], [0, 1, 2, 4, 5, 7, 8, 9, 10, 12, 13, 14], 119/1600, 68833/145600, 78433/156800, 37⟩,
    ⟨[1], [0, 1, 2, 4, 5, 7, 8, 9, 11, 12, 13, 14], 119/1600, 68833/145600, 78433/156800, 37⟩,
    ⟨[1], [0, 1, 2, 4, 5, 7, 8, 10, 11, 12, 13, 14], 119/1600, 68833/145600, 78433/156800, 37⟩,
    ⟨[1], [0, 1, 2, 4, 5, 7, 9, 10, 11, 12, 13, 14], 119/1600, 68833/145600, 78433/156800, 37⟩,
    ⟨[1], [0, 1, 2, 4, 5, 8, 9, 10, 11, 12, 13, 14], 119/1600, 68833/145600, 78433/156800, 37⟩,
    ⟨[1], [0, 1, 2, 4, 6, 7, 8, 9, 10, 11, 12, 13], 681/1600, 72767/145600, 71167/134400, 34⟩,
    ⟨[1], [0, 1, 2, 4, 6, 7, 8, 9, 10, 11, 12, 14], 119/1600, 57633/123200, 78433/156800, 31⟩,
    ⟨[1], [0, 1, 2, 4, 6, 7, 8, 9, 10, 11, 13, 14], 119/1600, 68833/145600, 78433/156800, 37⟩,
    ⟨[1], [0, 1, 2, 4, 6, 7, 8, 9, 10, 12, 13, 14], 119/1600, 68833/145600, 78433/156800, 37⟩,
    ⟨[1], [0, 1, 2, 4, 6, 7, 8, 9, 11, 12, 13, 14], 119/1600, 68833/145600, 78433/156800, 37⟩,
    ⟨[1], [0, 1, 2, 4, 6, 7, 8, 10, 11, 12, 13, 14], 119/1600, 68833/145600, 78433/156800, 37⟩,
    ⟨[1], [0, 1, 2, 4, 6, 7, 9, 10, 11, 12, 13, 14], 119/1600, 68833/145600, 78433/156800, 37⟩,
    ⟨[1], [0, 1, 2, 4, 6, 8, 9, 10, 11, 12, 13, 14], 119/1600, 68833/145600, 78433/156800, 37⟩,
    ⟨[1], [0, 1, 2, 4, 7, 8, 9, 10, 11, 12, 13, 14], 119/1600, 68833/145600, 78433/156800, 37⟩,
    ⟨[1], [0, 1, 2, 5, 6, 7, 8, 9, 10, 11, 12, 13], 681/1600, 72767/145600, 71167/134400, 34⟩,
    ⟨[1], [0, 1, 2, 5, 6, 7, 8, 9, 10, 11, 12, 14], 119/1600, 57633/123200, 78433/156800, 31⟩,
    ⟨[1], [0, 1, 2, 5, 6, 7, 8, 9, 10, 11, 13, 14], 119/1600, 68833/145600, 78433/156800, 37⟩,
    ⟨[1], [0, 1, 2, 5, 6, 7, 8, 9, 10, 12, 13, 14], 119/1600, 68833/145600, 78433/156800, 37⟩,
    ⟨[1], [0, 1, 2, 5, 6, 7, 8, 9, 11, 12, 13, 14], 119/1600, 68833/145600, 78433/156800, 37⟩,
    ⟨[1], [0, 1, 2, 5, 6, 7, 8, 10, 11, 12, 13, 14], 119/1600, 68833/145600, 78433/156800, 37⟩,
    ⟨[1], [0, 1, 2, 5, 6, 7, 9, 10, 11, 12, 13, 14], 119/1600, 68833/145600, 78433/156800, 37⟩,
    ⟨[1], [0, 1, 2, 5, 6, 8, 9, 10, 11, 12, 13, 14], 119/1600, 68833/145600, 78433/156800, 37⟩,
    ⟨[1], [0, 1, 2, 5, 7, 8, 9, 10, 11, 12, 13, 14], 119/1600, 68833/145600, 78433/156800, 37⟩,
    ⟨[1], [0, 1, 2, 6, 7, 8, 9, 10, 11, 12, 13, 14], 119/1600, 68833/145600, 78433/156800, 37⟩,
    ⟨[1], [0, 1, 3, 4, 5, 6, 7, 8, 9, 10, 11, 12], 119/1600, 57633/123200, 22411/44800, 31⟩,
    ⟨[1], [0, 1, 3, 4, 5, 6, 7, 8, 9, 10, 11, 13], 681/1600, 72767/145600, 59967/112000, 29⟩,
    ⟨[1], [0, 1, 3, 4, 5, 6, 7, 8, 9, 10, 11, 14], 119/1600, 57633/123200, 78433/156800, 31⟩,
    ⟨[1], [0, 1, 3, 4, 5, 6, 7, 8, 9, 10, 12, 13], 681/1600, 72767/145600, 71167/134400, 34⟩,
    ⟨[1], [0, 1, 3, 4, 5, 6, 7, 8, 9, 10, 12, 14], 119/1600, 46433/100800, 78433/156800, 26⟩,
    ⟨[1], [0, 1, 3, 4, 5, 6, 7, 8, 9, 10, 13, 14], 119/1600, 68833/145600, 78433/156800, 37⟩,
    ⟨[1], [0, 1, 3, 4, 5, 6, 7, 8, 9, 11, 12, 13], 681/1600, 72767/145600, 71167/134400, 34⟩,
    ⟨[1], [0, 1, 3, 4, 5, 6, 7, 8, 9, 11, 12, 14], 119/1600, 57633/123200, 78433/156800, 31⟩,
    ⟨[1], [0, 1, 3, 4, 5, 6, 7, 8, 9, 11, 13, 14], 119/1600, 68833/145600, 78433/156800, 37⟩,
    ⟨[1], [0, 1, 3, 4, 5, 6, 7, 8, 9, 12, 13, 14], 119/1600, 68833/145600, 78433/156800, 37⟩,
    ⟨[1], [0, 1, 3, 4, 5, 6, 7, 8, 10, 11, 12, 13], 681/1600, 72767/145600, 71167/134400, 34⟩,
    ⟨[1], [0, 1, 3, 4, 5, 6, 7, 8, 10, 11, 12, 14], 119/1600, 57633/123200, 78433/156800, 31⟩,
    ⟨[1], [0, 1, 3, 4, 5, 6, 7, 8, 10, 11, 13, 14], 419/1600, 48533/145600, 24533/67200, 32⟩,
    ⟨[1], [0, 1, 3, 4, 5, 6, 7, 8, 10, 12, 13, 14], 119/1600, 68833/145600, 78433/156800, 37⟩,
    ⟨[1], [0, 1, 3, 4, 5, 6, 7, 8, 11, 12, 13, 14], 1119/1600, 75833/89600, 9803/11200, 35⟩,
    ⟨[1], [0, 1, 3, 4, 5, 6, 7, 9, 10, 11, 12, 13], 681/1600, 72767/145600, 71167/134400, 34⟩,
    ⟨[1], [0, 1, 3, 4, 5, 6, 7, 9, 10, 11, 12, 14], 119/1600, 57633/123200, 78433/156800, 31⟩,
    ⟨[1], [0, 1, 3, 4, 5, 6, 7, 9, 10, 11, 13, 14], 119/1600, 68833/145600, 78433/156800, 37⟩,
    ⟨[1], [0, 1, 3, 4, 5, 6, 7, 9, 10, 12, 13, 14], 119/1600, 68833/145600, 78433/156800, 37⟩,
    ⟨[1], [0, 1, 3, 4, 5, 6, 7, 9, 11, 12, 13, 14], 119/1600, 68833/145600, 78433/156800, 37⟩,
    ⟨[1], [0, 1, 3, 4, 5, 6, 7, 10, 11, 12, 13, 14], 119/1600, 68833/145600, 78433/156800, 37⟩,
    ⟨[1], [0, 1, 3, 4, 5, 6, 8, 9, 10, 11, 12, 13], 681/1600, 72767/145600, 71167/134400, 34⟩,
    ⟨[1], [0, 1, 3, 4, 5, 6, 8, 9, 10, 11, 12, 14], 119/1600, 57633/123200, 78433/156800, 31⟩,
    ⟨[1], [0, 1, 3, 4, 5, 6, 8, 9, 10, 11, 13, 14], 119/1600, 68833/145600, 78433/156800, 37⟩,
    ⟨[1], [0, 1, 3, 4, 5, 6, 8, 9, 10, 12, 13, 14], 681/1600, 117567/156800, 104767/134400, 34⟩,
    ⟨[1], [0, 1, 3, 4, 5, 6, 8, 9, 11, 12, 13, 14], 119/1600, 68833/145600, 78433/156800, 37⟩,
    ⟨[1], [0, 1, 3, 4, 5, 6, 8, 10, 11, 12, 13, 14], 119/1600, 68833/145600, 78433/156800, 37⟩,
    ⟨[1], [0, 1, 3, 4, 5, 6, 9, 10, 11, 12, 13, 14], 119/1600, 68833/145600, 78433/156800, 37⟩,
    ⟨[1], [0, 1, 3, 4, 5, 7, 8, 9, 10, 11, 12, 13], 681/1600, 72767/145600, 71167/134400, 34⟩,
    ⟨[1], [0, 1, 3, 4, 5, 7, 8, 9, 10, 11, 12, 14], 119/1600, 57633/123200, 78433/156800, 31⟩,
    ⟨[1], [0, 1, 3, 4, 5, 7, 8, 9, 10, 11, 13, 14], 119/1600, 68833/145600, 78433/156800, 37⟩,
    ⟨[1], [0, 1, 3, 4, 5, 7, 8, 9, 10, 12, 13, 14], 119/1600, 68833/145600, 78433/156800, 37⟩,
    ⟨[1], [0, 1, 3, 4, 5, 7, 8, 9, 11, 12, 13, 14], 119/1600, 68833/145600, 78433/156800, 37⟩,
    ⟨[1], [0, 1, 3, 4, 5, 7, 8, 10, 11, 12, 13, 14], 119/1600, 68833/145600, 78433/156800, 37⟩,
    ⟨[1], [0, 1, 3, 4, 5, 7, 9, 10, 11, 12, 13, 14], 119/1600, 68833/145600, 78433/156800, 37⟩,
    ⟨[1], [0, 1, 3, 4, 5, 8, 9, 10, 11, 12, 13, 14], 119/1600, 68833/145600, 78433/156800, 37⟩,
    ⟨[1], [0, 1, 3, 4, 6, 7, 8, 9, 10, 11, 12, 13], 681/1600, 72767/145600, 71167/134400, 34⟩,
    ⟨[1], [0, 1, 3, 4, 6, 7, 8, 9, 10, 11, 12, 14], 119/1600, 57633/123200, 78433/156800, 31⟩,
    ⟨[1], [0, 1, 3, 4, 6, 7, 8, 9, 10, 11, 13, 14], 119/1600, 68833/145600, 78433/156800, 37⟩,
    ⟨[1], [0, 1, 3, 4, 6, 7, 8, 9, 10, 12, 13, 14], 119/1600, 68833/145600, 78433/156800, 37⟩,
    ⟨[1], [0, 1, 3, 4, 6, 7, 8, 9, 11, 12, 13, 14], 119/1600, 68833/145600, 78433/156800, 37⟩,
    ⟨[1], [0, 1, 3, 4, 6, 7, 8, 10, 11, 12, 13, 14], 119/1600, 68833/145600, 78433/156800, 37⟩,
    ⟨[1], [0, 1, 3, 4, 6, 7, 9, 10, 11, 12, 13, 14], 119/1600, 68833/145600, 78433/156800, 37⟩,
    ⟨[1], [0, 1, 3, 4, 6, 8, 9, 10, 11, 12, 13, 14], 119/1600, 68833/145600, 78433/156800, 37⟩,
    ⟨[1], [0, 1, 3, 4, 7, 8, 9, 10, 11, 12, 13, 14], 119/1600, 68833/145600, 78433/156800, 37⟩,
    ⟨[1], [0, 1, 3, 5, 6, 7, 8, 9, 10, 11, 12, 13], 681/1600, 72767/145600, 71167/134400, 34⟩,
    ⟨[1], [0, 1, 3, 5, 6, 7, 8, 9, 10, 11, 12, 14], 119/1600, 57633/123200, 78433/156800, 31⟩,
    ⟨[1], [0, 1, 3, 5, 6, 7, 8, 9, 10, 11, 13, 14], 119/1600, 68833/145600, 78433/156800, 37⟩,
    ⟨[1], [0, 1, 3, 5, 6, 7, 8, 9, 10, 12, 13, 14], 119/1600, 68833/145600, 78433/156800, 37⟩,
    ⟨[1], [0, 1, 3, 5, 6, 7, 8, 9, 11, 12, 13, 14], 119/1600, 68833/145600, 78433/156800, 37⟩,
    ⟨[1], [0, 1, 3, 5, 6, 7, 8, 10, 11, 12, 13, 14], 119/1600, 68833/145600, 78433/156800, 37⟩,
    ⟨[1], [0, 1, 3, 5, 6, 7, 9, 10, 11, 12, 13, 14], 119/1600, 68833/145600, 78433/156800, 37⟩,
    ⟨[1], [0, 1, 3, 5, 6, 8, 9, 10, 11, 12, 13, 14], 119/1600, 68833/145600, 78433/156800, 37⟩,
    ⟨[1], [0, 1, 3, 5, 7, 8, 9, 10, 11, 12, 13, 14], 119/1600, 68833/145600, 78433/156800, 37⟩,
    ⟨[1], [0, 1, 3, 6, 7, 8, 9, 10, 11, 12, 13, 14], 119/1600, 68833/145600, 78433/156800, 37⟩,
    ⟨[1], [0, 1, 4, 5, 6, 7, 8, 9, 10, 11, 12, 13], 681/1600, 72767/145600, 71167/134400, 34⟩,
    ⟨[1], [0, 1, 4, 5, 6, 7, 8, 9, 10, 11, 12, 14], 119/1600, 57633/123200, 78433/156800, 31⟩,
    ⟨[1], [0, 1, 4, 5, 6, 7, 8, 9, 10, 11, 13, 14], 119/1600, 68833/145600, 78433/156800, 37⟩,
    ⟨[1], [0, 1, 4, 5, 6, 7, 8, 9, 10, 12, 13, 14], 119/1600, 68833/145600, 78433/156800, 37⟩,
    ⟨[1], [0, 1, 4, 5, 6, 7, 8, 9, 11, 12, 13, 14], 119/1600, 68833/145600, 78433/156800, 37⟩,
    ⟨[1], [0, 1, 4, 5, 6, 7, 8, 10, 11, 12, 13, 14], 119/1600, 68833/145600, 78433/156800, 37⟩,
    ⟨[1], [0, 1, 4, 5, 6, 7, 9, 10, 11, 12, 13, 14], 119/1600, 68833/145600, 78433/156800, 37⟩,
    ⟨[1], [0, 1, 4, 5, 6, 8, 9, 10, 11, 12, 13, 14], 119/1600, 68833/145600, 78433/156800, 37⟩,
    ⟨[1], [0, 1, 4, 5, 7, 8, 9, 10, 11, 12, 13, 14], 119/1600, 68833/145600, 78433/156800, 37⟩,
    ⟨[1], [0, 1, 4, 6, 7, 8, 9, 10, 11, 12, 13, 14], 119/1600, 68833/145600, 78433/156800, 37⟩,
    ⟨[1], [0, 1, 5, 6, 7, 8, 9, 10, 11, 12, 13, 14], 119/1600, 68833/145600, 78433/156800, 37⟩,
    ⟨[1], [0, 2, 3, 4, 5, 6, 7, 8, 9, 10, 11, 12], 119/1600, 57633/123200, 22411/44800, 31⟩,
    ⟨[1], [0, 2, 3, 4, 5, 6, 7, 8, 9, 10, 11, 13], 681/1600, 72767/145600, 59967/112000, 29⟩,
    ⟨[1], [0, 2, 3, 4, 5, 6, 7, 8, 9, 10, 11, 14], 119/1600, 57633/123200, 78433/156800, 31⟩,
    ⟨[1], [0, 2, 3, 4, 5, 6, 7, 8, 9, 10, 12, 13], 681/1600, 72767/145600, 71167/134400, 34⟩,
    ⟨[1], [0, 2, 3, 4, 5, 6, 7, 8, 9, 10, 12, 14], 119/1600, 46433/100800, 78433/156800, 26⟩,
    ⟨[1], [0, 2, 3, 4, 5, 6, 7, 8, 9, 10, 13, 14], 119/1600, 68833/145600, 78433/156800, 37⟩,
    ⟨[1], [0, 2, 3, 4, 5, 6, 7, 8, 9, 11, 12, 13], 681/1600, 72767/145600, 71167/134400, 34⟩,
    ⟨[1], [0, 2, 3, 4, 5, 6, 7, 8, 9, 11, 12, 14], 119/1600, 57633/123200, 78433/156800, 31⟩,
    ⟨[1], [0, 2, 3, 4, 5, 6, 7, 8, 9, 11, 13, 14], 119/1600, 68833/145600, 78433/156800, 37⟩,
    ⟨[1], [0, 2, 3, 4, 5, 6, 7, 8, 9, 12, 13, 14], 119/1600, 68833/145600, 78433/156800, 37⟩,
    ⟨[1], [0, 2, 3, 4, 5, 6, 7, 8, 10, 11, 12, 13], 681/1600, 72767/145600, 71167/134400, 34⟩,
    ⟨[1], [0, 2, 3, 4, 5, 6, 7, 8, 10, 11, 12, 14], 119/1600, 57633/123200, 78433/156800, 31⟩,
    ⟨[1], [0, 2, 3, 4, 5, 6, 7, 8, 10, 11, 13, 14], 419/1600, 48533/145600, 24533/67200, 32⟩,
    ⟨[1], [0, 2, 3, 4, 5, 6, 7, 8, 10, 12, 13, 14], 119/1600, 68833/145600, 78433/156800, 37⟩,
    ⟨[1], [0, 2, 3, 4, 5, 6, 7, 8, 11, 12, 13, 14], 119/1600, 68833/145600, 78433/156800, 37⟩,
    ⟨[1], [0, 2, 3, 4, 5, 6, 7, 9, 10, 11, 12, 13], 681/1600, 72767/145600, 71167/134400, 34⟩,
    ⟨[1], [0, 2, 3, 4, 5, 6, 7, 9, 10, 11, 12, 14], 119/1600, 57633/123200, 78433/156800, 31⟩,
    ⟨[1], [0, 2, 3, 4, 5, 6, 7, 9, 10, 11, 13, 14], 157/200, 10999/15400, 5199/7000, 36⟩,
    ⟨[1], [0, 2, 3, 4, 5, 6, 7, 9, 10, 12, 13, 14], 119/1600, 68833/145600, 78433/156800, 37⟩,
    ⟨[1], [0, 2, 3, 4, 5, 6, 7, 9, 11, 12, 13, 14], 119/1600, 68833/145600, 78433/156800, 37⟩,
    ⟨[1], [0, 2, 3, 4, 5, 6, 7, 10, 11, 12, 13, 14], 1481/1600, 134367/156800, 99167/112000, 36⟩,
    ⟨[1], [0, 2, 3, 4, 5, 6, 8, 9, 10, 11, 12, 13], 681/1600, 72767/145600, 71167/134400, 34⟩,
    ⟨[1], [0, 2, 3, 4, 5, 6, 8, 9, 10, 11, 12, 14], 119/1600, 57633/123200, 78433/156800, 31⟩,
    ⟨[1], [0, 2, 3, 4, 5, 6, 8, 9, 10, 11, 13, 14], 119/1600, 68833/145600, 78433/156800, 37⟩,
    ⟨[1], [0, 2, 3, 4, 5, 6, 8, 9, 10, 12, 13, 14], 681/1600, 117567/156800, 104767/134400, 34⟩,
    ⟨[1], [0, 2, 3, 4, 5, 6, 8, 9, 11, 12, 13, 14], 119/1600, 68833/145600, 78433/156800, 37⟩,
    ⟨[1], [0, 2, 3, 4, 5, 6, 8, 10, 11, 12, 13, 14], 119/1600, 68833/145600, 78433/156800, 37⟩,
    ⟨[1], [0, 2, 3, 4, 5, 6, 9, 10, 11, 12, 13, 14], 119/1600, 68833/145600, 78433/156800, 37⟩,
    ⟨[1], [0, 2, 3, 4, 5, 7, 8, 9, 10, 11, 12, 13], 681/1600, 72767/145600, 71167/134400, 34⟩,
    ⟨[1], [0, 2, 3, 4, 5, 7, 8, 9, 10, 11, 12, 14], 119/1600, 57633/123200, 78433/156800, 31⟩,
    ⟨[1], [0, 2, 3, 4, 5, 7, 8, 9, 10, 11, 13, 14], 119/1600, 68833/145600, 78433/156800, 37⟩,
    ⟨[1], [0, 2, 3, 4, 5, 7, 8, 9, 10, 12, 13, 14], 119/1600, 68833/145600, 78433/156800, 37⟩,
    ⟨[1], [0, 2, 3, 4, 5, 7, 8, 9, 11, 12, 13, 14], 119/1600, 68833/145600, 78433/156800, 37⟩,
    ⟨[1], [0, 2, 3, 4, 5, 7, 8, 10, 11, 12, 13, 14], 119/1600, 68833/145600, 78433/156800, 37⟩,
    ⟨[1], [0, 2, 3, 4, 5, 7, 9, 10, 11, 12, 13, 14], 119/1600, 68833/145600, 78433/156800, 37⟩,
    ⟨[1], [0, 2, 3, 4, 5, 8, 9, 10, 11, 12, 13, 14], 119/1600, 68833/145600, 78433/156800, 37⟩,
    ⟨[1], [0, 2, 3, 4, 6, 7, 8, 9, 10, 11, 12, 13], 681/1600, 72767/145600, 71167/134400, 34⟩,
    ⟨[1], [0, 2, 3, 4, 6, 7, 8, 9, 10, 11, 12, 14], 119/1600, 57633/123200, 78433/156800, 31⟩,
    ⟨[1], [0, 2, 3, 4, 6, 7, 8, 9, 10, 11, 13, 14], 119/1600, 68833/145600, 78433/156800, 37⟩,
    ⟨[1], [0, 2, 3, 4, 6, 7, 8, 9, 10, 12, 13, 14], 119/1600, 68833/145600, 78433/156800, 37⟩,
    ⟨[1], [0, 2, 3, 4, 6, 7, 8, 9, 11, 12, 13, 14], 119/1600, 68833/145600, 78433/156800, 37⟩,
    ⟨[1], [0, 2, 3, 4, 6, 7, 8, 10, 11, 12, 13, 14], 119/1600, 68833/145600, 78433/156800, 37⟩,
    ⟨[1], [0, 2, 3, 4, 6, 7, 9, 10, 11, 12, 13, 14], 119/1600, 68833/145600, 78433/156800, 37⟩,
    ⟨[1], [0, 2, 3, 4, 6, 8, 9, 10, 11, 12, 13, 14], 119/1600, 68833/145600, 78433/156800, 37⟩,
    ⟨[1], [0, 2, 3, 4, 7, 8, 9, 10, 11, 12, 13, 14], 119/1600, 68833/145600, 78433/156800, 37⟩,
    ⟨[1], [0, 2, 3, 5, 6, 7, 8, 9, 10, 11, 12, 13], 681/1600, 72767/145600, 71167/134400, 34⟩,
    ⟨[1], [0, 2, 3, 5, 6, 7, 8, 9, 10, 11, 12, 14], 119/1600, 57633/123200, 78433/156800, 31⟩,
    ⟨[1], [0, 2, 3, 5, 6, 7, 8, 9, 10, 11, 13, 14], 119/1600, 68833/145600, 78433/156800, 37⟩,
    ⟨[1], [0, 2, 3, 5, 6, 7, 8, 9, 10, 12, 13, 14], 119/1600, 68833/145600, 78433/156800, 37⟩,
    ⟨[1], [0, 2, 3, 5, 6, 7, 8, 9, 11, 12, 13, 14], 119/1600, 68833/145600, 78433/156800, 37⟩,
    ⟨[1], [0, 2, 3, 5, 6, 7, 8, 10, 11, 12, 13, 14], 119/1600, 68833/145600, 78433/156800, 37⟩,
    ⟨[1], [0, 2, 3, 5, 6, 7, 9, 10, 11, 12, 13, 14], 119/1600, 68833/145600, 78433/156800, 37⟩,
    ⟨[1], [0, 2, 3, 5, 6, 8, 9, 10, 11, 12, 13, 14], 119/1600, 68833/145600, 78433/156800, 37⟩,
    ⟨[1], [0, 2, 3, 5, 7, 8, 9, 10, 11, 12, 13, 14], 119/1600, 68833/145600, 78433/156800, 37⟩,
    ⟨[1], [0, 2, 3, 6, 7, 8, 9, 10, 11, 12, 13, 14], 119/1600, 68833/145600, 78433/156800, 37⟩,
    ⟨[1], [0, 2, 4, 5, 6, 7, 8, 9, 10, 11, 12, 13], 681/1600, 72767/145600, 71167/134400, 34⟩,
    ⟨[1], [0, 2, 4, 5, 6, 7, 8, 9, 10, 11, 12, 14], 119/1600, 57633/123200, 78433/156800, 31⟩,
    ⟨[1], [0, 2, 4, 5, 6, 7, 8, 9, 10, 11, 13, 14], 119/1600, 68833/145600, 78433/156800, 37⟩,
    ⟨[1], [0, 2, 4, 5, 6, 7, 8, 9, 10, 12, 13, 14], 119/1600, 68833/145600, 78433/156800, 37⟩,
    ⟨[1], [0, 2, 4, 5, 6, 7, 8, 9, 11, 12, 13, 14], 119/1600, 68833/145600, 78433/156800, 37⟩,
    ⟨[1], [0, 2, 4, 5, 6, 7, 8, 10, 11, 12, 13, 14], 119/1600, 68833/145600, 78433/156800, 37⟩,
    ⟨[1], [0, 2, 4, 5, 6, 7, 9, 10, 11, 12, 13, 14], 119/1600, 68833/145600, 78433/156800, 37⟩,
    ⟨[1], [0, 2, 4, 5, 6, 8, 9, 10, 11, 12, 13, 14], 119/1600, 68833/145600, 78433/156800, 37⟩,
    ⟨[1], [0, 2, 4, 5, 7, 8, 9, 10, 11, 12, 13, 14], 119/1600, 68833/145600, 78433/156800, 37⟩,
    ⟨[1], [0, 2, 4, 6, 7, 8, 9, 10, 11, 12, 13, 14], 119/1600, 68833/145600, 78433/156800, 37⟩,
    ⟨[1], [0, 2, 5, 6, 7, 8, 9, 10, 11, 12, 13, 14], 119/1600, 68833/145600, 78433/156800, 37⟩,
    ⟨[1], [0, 3, 4, 5, 6, 7, 8, 9, 10, 11, 12, 13], 681/1600, 72767/145600, 71167/134400, 34⟩,
    ⟨[1], [0, 3, 4, 5, 6, 7, 8, 9, 10, 11, 12, 14], 119/1600, 57633/123200, 78433/156800, 31⟩,
    ⟨[1], [0, 3, 4, 5, 6, 7, 8, 9, 10, 11, 13, 14], 119/1600, 68833/145600, 78433/156800, 37⟩,
    ⟨[1], [0, 3, 4, 5, 6, 7, 8, 9, 10, 12, 13, 14], 119/1600, 68833/145600, 78433/156800, 37⟩,
    ⟨[1], [0, 3, 4, 5, 6, 7, 8, 9, 11, 12, 13, 14], 119/1600, 68833/145600, 78433/156800, 37⟩,
    ⟨[1], [0, 3, 4, 5, 6, 7, 8, 10, 11, 12, 13, 14], 119/1600, 68833/145600, 78433/156800, 37⟩,
    ⟨[1], [0, 3, 4, 5, 6, 7, 9, 10, 11, 12, 13, 14], 119/1600, 68833/145600, 78433/156800, 37⟩,
    ⟨[1], [0, 3, 4, 5, 6, 8, 9, 10, 11, 12, 13, 14], 119/1600, 68833/145600, 78433/156800, 37⟩,
    ⟨[1], [0, 3, 4, 5, 7, 8, 9, 10, 11, 12, 13, 14], 119/1600, 68833/145600, 78433/156800, 37⟩,
    ⟨[1], [0, 3, 4, 6, 7, 8, 9, 10, 11, 12, 13, 14], 119/1600, 68833/145600, 78433/156800, 37⟩,
    ⟨[1], [0, 3, 5, 6, 7, 8, 9, 10, 11, 12, 13, 14], 119/1600, 68833/145600, 78433/156800, 37⟩,
    ⟨[1], [0, 4, 5, 6, 7, 8, 9, 10, 11, 12, 13, 14], 119/1600, 68833/145600, 78433/156800, 37⟩,
    ⟨[2], [0, 1, 2, 3, 4, 5, 6, 7, 8, 9, 10, 11], 119/1600, 113633/123200, 27/28, 24⟩,
    ⟨[2], [0, 1, 2, 3, 4, 5, 6, 7, 8, 9, 10, 12], 119/1600, 41611/44800, 27/28, 29⟩,
    ⟨[2], [0, 1, 2, 3, 4, 5, 6, 7, 8, 9, 10, 13], 119/1600, 136033/145600, 27/28, 34⟩,
    ⟨[2], [0, 1, 2, 3, 4, 5, 6, 7, 8, 9, 10, 14], 119/1600, 147233/156800, 27/28, 40⟩,
    ⟨[2], [0, 1, 2, 3, 4, 5, 6, 7, 8, 9, 11, 12], 119/1600, 41611/44800, 27/28, 29⟩,
    ⟨[2], [0, 1, 2, 3, 4, 5, 6, 7, 8, 9, 11, 13], 119/1600, 136033/145600, 27/28, 34⟩,
    ⟨[2], [0, 1, 2, 3, 4, 5, 6, 7, 8, 9, 11, 14], 1481/1600, 7463/11200, 54367/78400, 37⟩,
    ⟨[2], [0, 1, 2, 3, 4, 5, 6, 7, 8, 9, 12, 13], 119/1600, 136033/145600, 27/28, 34⟩,
    ⟨[2], [0, 1, 2, 3, 4, 5, 6, 7, 8, 9, 12, 14], 1481/1600, 89567/134400, 54367/78400, 37⟩,
    ⟨[2], [0, 1, 2, 3, 4, 5, 6, 7, 8, 9, 13, 14], 119/1600, 147233/156800, 27/28, 40⟩,
    ⟨[2], [0, 1, 2, 3, 4, 5, 6, 7, 8, 10, 11, 12], 119/1600, 41611/44800, 27/28, 29⟩,
    ⟨[2], [0, 1, 2, 3, 4, 5, 6, 7, 8, 10, 11, 13], 419/1600, 82133/123200, 46933/67200, 32⟩,
    ⟨[2], [0, 1, 2, 3, 4, 5, 6, 7, 8, 10, 11, 14], 419/1600, 37333/112000, 24533/67200, 32⟩,
    ⟨[2], [0, 1, 2, 3, 4, 5, 6, 7, 8, 10, 12, 13], 119/1600, 136033/145600, 27/28, 34⟩,
    ⟨[2], [0, 1, 2, 3, 4, 5, 6, 7, 8, 10, 12, 14], 119/1600, 147233/156800, 27/28, 40⟩,
    ⟨[2], [0, 1, 2, 3, 4, 5, 6, 7, 8, 10, 13, 14], 419/1600, 48533/145600, 24533/67200, 32⟩,
    ⟨[2], [0, 1, 2, 3, 4, 5, 6, 7, 8, 11, 12, 13], 119/1600, 136033/145600, 27/28, 34⟩,
    ⟨[2], [0, 1, 2, 3, 4, 5, 6, 7, 8, 11, 12, 14], 1481/1600, 89567/134400, 54367/78400, 37⟩,
    ⟨[2], [0, 1, 2, 3, 4, 5, 6, 7, 8, 11, 13, 14], 419/1600, 48533/145600, 24533/67200, 32⟩,
    ⟨[2], [0, 1, 2, 3, 4, 5, 6, 7, 8, 12, 13, 14], 119/1600, 147233/156800, 27/28, 40⟩,
    ⟨[2], [0, 1, 2, 3, 4, 5, 6, 7, 9, 10, 11, 12], 119/1600, 41611/44800, 27/28, 29⟩,
    ⟨[2], [0, 1, 2, 3, 4, 5, 6, 7, 9, 10, 11, 13], 119/1600, 136033/145600, 27/28, 34⟩,
    ⟨[2], [0, 1, 2, 3, 4, 5, 6, 7, 9, 10, 11, 14], 281/1600, 8389/33600, 12367/44800, 38⟩,
    ⟨[2], [0, 1, 2, 3, 4, 5, 6, 7, 9, 10, 12, 13], 1481/1600, 44767/134400, 20767/56000, 27⟩,
    ⟨[2], [0, 1, 2, 3, 4, 5, 6, 7, 9, 10, 12, 14], 119/1600, 147233/156800, 27/28, 40⟩,
    ⟨[2], [0, 1, 2, 3, 4, 5, 6, 7, 9, 10, 13, 14], 1319/1600, 10033/44800, 19633/78400, 38⟩,
    ⟨[2], [0, 1, 2, 3, 4, 5, 6, 7, 9, 11, 12, 13], 119/1600, 136033/145600, 27/28, 34⟩,
    ⟨[2], [0, 1, 2, 3, 4, 5, 6, 7, 9, 11, 12, 14], 1481/1600, 89567/134400, 54367/78400, 37⟩,
    ⟨[2], [0, 1, 2, 3, 4, 5, 6, 7, 9, 11, 13, 14], 93/200, 10551/19600, 4751/8400, 37⟩,
    ⟨[2], [0, 1, 2, 3, 4, 5, 6, 7, 9, 12, 13, 14], 119/1600, 147233/156800, 27/28, 40⟩,
    ⟨[2], [0, 1, 2, 3, 4, 5, 6, 7, 10, 11, 12, 13], 119/1600, 136033/145600, 27/28, 34⟩,
    ⟨[2], [0, 1, 2, 3, 4, 5, 6, 7, 10, 11, 12, 14], 119/1600, 147233/156800, 27/28, 40⟩,
    ⟨[2], [0, 1, 2, 3, 4, 5, 6, 7, 10, 11, 13, 14], 419/1600, 48533/145600, 24533/67200, 32⟩,
    ⟨[2], [0, 1, 2, 3, 4, 5, 6, 7, 10, 12, 13, 14], 119/1600, 147233/156800, 27/28, 40⟩,
    ⟨[2], [0, 1, 2, 3, 4, 5, 6, 7, 11, 12, 13, 14], 1481/1600, 11167/123200, 9567/78400, 32⟩,
    ⟨[2], [0, 1, 2, 3, 4, 5, 6, 8, 9, 10, 11, 12], 119/1600, 41611/44800, 27/28, 29⟩,
    ⟨[2], [0, 1, 2, 3, 4, 5, 6, 8, 9, 10, 11, 13], 119/1600, 136033/145600, 27/28, 34⟩,
    ⟨[2], [0, 1, 2, 3, 4, 5, 6, 8, 9, 10, 11, 14], 1169/1600, 8983/11200, 18583/22400, 37⟩,
    ⟨[2], [0, 1, 2, 3, 4, 5, 6, 8, 9, 10, 12, 13], 119/1600, 8011/11200, 33611/44800, 29⟩,
    ⟨[2], [0, 1, 2, 3, 4, 5, 6, 8, 9, 10, 12, 14], 681/1600, 117567/156800, 104767/134400, 34⟩,
    ⟨[2], [0, 1, 2, 3, 4, 5, 6, 8, 9, 10, 13, 14], 681/1600, 117567/156800, 8789/11200, 29⟩,
    ⟨[2], [0, 1, 2, 3, 4, 5, 6, 8, 9, 11, 12, 13], 119/1600, 136033/145600, 27/28, 34⟩,
    ⟨[2], [0, 1, 2, 3, 4, 5, 6, 8, 9, 11, 12, 14], 59/100, 3263/9800, 3163/8400, 23⟩,
    ⟨[2], [0, 1, 2, 3, 4, 5, 6, 8, 9, 11, 13, 14], 261/400, 13227/36400, 4427/11200, 32⟩,
    ⟨[2], [0, 1, 2, 3, 4, 5, 6, 8, 9, 12, 13, 14], 681/1600, 117567/156800, 104767/134400, 34⟩,
    ⟨[2], [0, 1, 2, 3, 4, 5, 6, 8, 10, 11, 12, 13], 119/1600, 136033/145600, 27/28, 34⟩,
    ⟨[2], [0, 1, 2, 3, 4, 5, 6, 8, 10, 11, 12, 14], 119/1600, 147233/156800, 27/28, 40⟩,
    ⟨[2], [0, 1, 2, 3, 4, 5, 6, 8, 10, 11, 13, 14], 419/1600, 48533/145600, 24533/67200, 32⟩,
    ⟨[2], [0, 1, 2, 3, 4, 5, 6, 8, 10, 12, 13, 14], 681/1600, 117567/156800, 104767/134400, 34⟩,
    ⟨[2], [0, 1, 2, 3, 4, 5, 6, 8, 11, 12, 13, 14], 119/1600, 147233/156800, 27/28, 40⟩,
    ⟨[2], [0, 1, 2, 3, 4, 5, 6, 9, 10, 11, 12, 13], 119/1600, 19211/22400, 89633/100800, 32⟩,
    ⟨[2], [0, 1, 2, 3, 4, 5, 6, 9, 10, 11, 12, 14], 281/1600, 137167/156800, 90767/100800, 39⟩,
    ⟨[2], [0, 1, 2, 3, 4, 5, 6, 9, 10, 11, 13, 14], 281/1600, 8397/11200, 34767/44800, 38⟩,
    ⟨[2], [0, 1, 2, 3, 4, 5, 6, 9, 10, 12, 13, 14], 681/1600, 117567/156800, 104767/134400, 34⟩,
    ⟨[2], [0, 1, 2, 3, 4, 5, 6, 9, 11, 12, 13, 14], 281/1600, 137167/156800, 90767/100800, 39⟩,
    ⟨[2], [0, 1, 2, 3, 4, 5, 6, 10, 11, 12, 13, 14], 281/1600, 137167/156800, 101967/112000, 29⟩,
    ⟨[2], [0, 1, 2, 3, 4, 5, 7, 8, 9, 10, 11, 12], 119/1600, 41611/44800, 27/28, 29⟩,
    ⟨[2], [0, 1, 2, 3, 4, 5, 7, 8, 9, 10, 11, 13], 119/1600, 136033/145600, 27/28, 34⟩,
    ⟨[2], [0, 1, 2, 3, 4, 5, 7, 8, 9, 10, 11, 14], 119/1600, 102433/123200, 134433/156800, 39⟩,
    ⟨[2], [0, 1, 2, 3, 4, 5, 7, 8, 9, 10, 12, 13], 119/1600, 136033/145600, 27/28, 34⟩,
    ⟨[2], [0, 1, 2, 3, 4, 5, 7, 8, 9, 10, 12, 14], 189/400, 12723/22400, 23523/39200, 32⟩,
    ⟨[2], [0, 1, 2, 3, 4, 5, 7, 8, 9, 10, 13, 14], 91/100, 5587/7000, 7587/9100, 29⟩,
    ⟨[2], [0, 1, 2, 3, 4, 5, 7, 8, 9, 11, 12, 13], 1081/1600, 109167/145600, 96367/123200, 31⟩,
    ⟨[2], [0, 1, 2, 3, 4, 5, 7, 8, 9, 11, 12, 14], 1481/1600, 89567/134400, 54367/78400, 37⟩,
    ⟨[2], [0, 1, 2, 3, 4, 5, 7, 8, 9, 11, 13, 14], 119/1600, 147233/156800, 27/28, 40⟩,
    ⟨[2], [0, 1, 2, 3, 4, 5, 7, 8, 9, 12, 13, 14], 553/800, 60271/78400, 17957/22400, 31⟩,
    ⟨[2], [0, 1, 2, 3, 4, 5, 7, 8, 10, 11, 12, 13], 119/1600, 136033/145600, 27/28, 34⟩,
    ⟨[2], [0, 1, 2, 3, 4, 5, 7, 8, 10, 11, 12, 14], 519/1600, 94033/134400, 81233/112000, 39⟩,
    ⟨[2], [0, 1, 2, 3, 4, 5, 7, 8, 10, 11, 13, 14], 419/1600, 104533/156800, 102933/145600, 25⟩,
    ⟨[2], [0, 1, 2, 3, 4, 5, 7, 8, 10, 12, 13, 14], 1081/1600, 86767/112000, 107567/134400, 39⟩,
    ⟨[2], [0, 1, 2, 3, 4, 5, 7, 8, 11, 12, 13, 14], 119/1600, 147233/156800, 27/28, 40⟩,
    ⟨[2], [0, 1, 2, 3, 4, 5, 7, 9, 10, 11, 12, 13], 119/1600, 136033/145600, 27/28, 34⟩,
    ⟨[2], [0, 1, 2, 3, 4, 5, 7, 9, 10, 11, 12, 14], 581/1600, 60867/112000, 70467/123200, 36⟩,
    ⟨[2], [0, 1, 2, 3, 4, 5, 7, 9, 10, 11, 13, 14], 281/1600, 8397/11200, 34767/44800, 38⟩,
    ⟨[2], [0, 1, 2, 3, 4, 5, 7, 9, 10, 12, 13, 14], 1081/1600, 86767/112000, 107567/134400, 39⟩,
    ⟨[2], [0, 1, 2, 3, 4, 5, 7, 9, 11, 12, 13, 14], 119/1600, 147233/156800, 27/28, 40⟩,
    ⟨[2], [0, 1, 2, 3, 4, 5, 7, 10, 11, 12, 13, 14], 119/1600, 147233/156800, 27/28, 40⟩,
    ⟨[2], [0, 1, 2, 3, 4, 5, 8, 9, 10, 11, 12, 13], 119/1600, 136033/145600, 27/28, 34⟩,
    ⟨[2], [0, 1, 2, 3, 4, 5, 8, 9, 10, 11, 12, 14], 119/1600, 147233/156800, 27/28, 40⟩,
    ⟨[2], [0, 1, 2, 3, 4, 5, 8, 9, 10, 11, 13, 14], 519/1600, 94033/156800, 70033/112000, 40⟩,
    ⟨[2], [0, 1, 2, 3, 4, 5, 8, 9, 10, 12, 13, 14], 681/1600, 117567/156800, 104767/134400, 34⟩,
    ⟨[2], [0, 1, 2, 3, 4, 5, 8, 9, 11, 12, 13, 14], 119/1600, 147233/156800, 27/28, 40⟩,
    ⟨[2], [0, 1, 2, 3, 4, 5, 8, 10, 11, 12, 13, 14], 119/1600, 147233/156800, 27/28, 40⟩,
    ⟨[2], [0, 1, 2, 3, 4, 5, 9, 10, 11, 12, 13, 14], 297/800, 69679/78400, 15493/16800, 30⟩,
    ⟨[2], [0, 1, 2, 3, 4, 6, 7, 8, 9, 10, 11, 12], 119/1600, 41611/44800, 27/28, 29⟩,
    ⟨[2], [0, 1, 2, 3, 4, 6, 7, 8, 9, 10, 11, 13], 119/1600, 136033/145600, 27/28, 34⟩,
    ⟨[2], [0, 1, 2, 3, 4, 6, 7, 8, 9, 10, 11, 14], 119/1600, 147233/156800, 27/28, 40⟩,
    ⟨[2], [0, 1, 2, 3, 4, 6, 7, 8, 9, 10, 12, 13], 119/1600, 136033/145600, 27/28, 34⟩,
    ⟨[2], [0, 1, 2, 3, 4, 6, 7, 8, 9, 10, 12, 14], 119/1600, 147233/156800, 27/28, 40⟩,
    ⟨[2], [0, 1, 2, 3, 4, 6, 7, 8, 9, 10, 13, 14], 157/200, 2599/18200, 2399/14000, 36⟩,
    ⟨[2], [0, 1, 2, 3, 4, 6, 7, 8, 9, 11, 12, 13], 119/1600, 136033/145600, 27/28, 34⟩,
    ⟨[2], [0, 1, 2, 3, 4, 6, 7, 8, 9, 11, 12, 14], 103/800, 6721/11200, 28321/44800, 32⟩,
    ⟨[2], [0, 1, 2, 3, 4, 6, 7, 8, 9, 11, 13, 14], 119/1600, 57633/145600, 67233/156800, 31⟩,
    ⟨[2], [0, 1, 2, 3, 4, 6, 7, 8, 9, 12, 13, 14], 103/800, 17921/22400, 56321/67200, 27⟩,
    ⟨[2], [0, 1, 2, 3, 4, 6, 7, 8, 10, 11, 12, 13], 119/1600, 136033/145600, 27/28, 34⟩,
    ⟨[2], [0, 1, 2, 3, 4, 6, 7, 8, 10, 11, 12, 14], 919/1600, 96833/134400, 117633/156800, 34⟩,
    ⟨[2], [0, 1, 2, 3, 4, 6, 7, 8, 10, 11, 13, 14], 419/1600, 48533/145600, 24533/67200, 32⟩,
    ⟨[2], [0, 1, 2, 3, 4, 6, 7, 8, 10, 12, 13, 14], 119/1600, 147233/156800, 27/28, 40⟩,
    ⟨[2], [0, 1, 2, 3, 4, 6, 7, 8, 11, 12, 13, 14], 119/1600, 147233/156800, 27/28, 40⟩,
    ⟨[2], [0, 1, 2, 3, 4, 6, 7, 9, 10, 11, 12, 13], 119/1600, 136033/145600, 27/28, 34⟩,
    ⟨[2], [0, 1, 2, 3, 4, 6, 7, 9, 10, 11, 12, 14], 119/1600, 147233/156800, 27/28, 40⟩,
    ⟨[2], [0, 1, 2, 3, 4, 6, 7, 9, 10, 11, 13, 14], 497/800, 43079/61600, 36679/50400, 36⟩,
    ⟨[2], [0, 1, 2, 3, 4, 6, 7, 9, 10, 12, 13, 14], 119/1600, 147233/156800, 27/28, 40⟩,
    ⟨[2], [0, 1, 2, 3, 4, 6, 7, 9, 11, 12, 13, 14], 119/1600, 147233/156800, 27/28, 40⟩,
    ⟨[2], [0, 1, 2, 3, 4, 6, 7, 10, 11, 12, 13, 14], 119/1600, 147233/156800, 27/28, 40⟩,
    ⟨[2], [0, 1, 2, 3, 4, 6, 8, 9, 10, 11, 12, 13], 119/1600, 136033/145600, 27/28, 34⟩,
    ⟨[2], [0, 1, 2, 3, 4, 6, 8, 9, 10, 11, 12, 14], 119/1600, 147233/156800, 27/28, 40⟩,
    ⟨[2], [0, 1, 2, 3, 4, 6, 8, 9, 10, 11, 13, 14], 519/1600, 94033/156800, 70033/112000, 40⟩,
    ⟨[2], [0, 1, 2, 3, 4, 6, 8, 9, 10, 12, 13, 14], 681/1600, 117567/156800, 104767/134400, 34⟩,
    ⟨[2], [0, 1, 2, 3, 4, 6, 8, 9, 11, 12, 13, 14], 119/1600, 147233/156800, 27/28, 40⟩,
    ⟨[2], [0, 1, 2, 3, 4, 6, 8, 10, 11, 12, 13, 14], 119/1600, 147233/156800, 27/28, 40⟩,
    ⟨[2], [0, 1, 2, 3, 4, 6, 9, 10, 11, 12, 13, 14], 281/1600, 137167/156800, 90767/100800, 39⟩,
    ⟨[2], [0, 1, 2, 3, 4, 7, 8, 9, 10, 11, 12, 13], 119/1600, 136033/145600, 27/28, 34⟩,
    ⟨[2], [0, 1, 2, 3, 4, 7, 8, 9, 10, 11, 12, 14], 119/1600, 147233/156800, 27/28, 40⟩,
    ⟨[2], [0, 1, 2, 3, 4, 7, 8, 9, 10, 11, 13, 14], 119/1600, 147233/156800, 27/28, 40⟩,
    ⟨[2], [0, 1, 2, 3, 4, 7, 8, 9, 10, 12, 13, 14], 1081/1600, 86767/112000, 107567/134400, 39⟩,
    ⟨[2], [0, 1, 2, 3, 4, 7, 8, 9, 11, 12, 13, 14], 119/1600, 147233/156800, 27/28, 40⟩,
    ⟨[2], [0, 1, 2, 3, 4, 7, 8, 10, 11, 12, 13, 14], 119/1600, 147233/156800, 27/28, 40⟩,
    ⟨[2], [0, 1, 2, 3, 4, 7, 9, 10, 11, 12, 13, 14], 119/1600, 147233/156800, 27/28, 40⟩,
    ⟨[2], [0, 1, 2, 3, 4, 8, 9, 10, 11, 12, 13, 14], 211/400, 35277/39200, 20877/22400, 32⟩,
    ⟨[2], [0, 1, 2, 3, 5, 6, 7, 8, 9, 10, 11, 12], 119/1600, 41611/44800, 27/28, 29⟩,
    ⟨[2], [0, 1, 2, 3, 5, 6, 7, 8, 9, 10, 11, 13], 119/1600, 136033/145600, 27/28, 34⟩,
    ⟨[2], [0, 1, 2, 3, 5, 6, 7, 8, 9, 10, 11, 14], 119/1600, 147233/156800, 27/28, 40⟩,
    ⟨[2], [0, 1, 2, 3, 5, 6, 7, 8, 9, 10, 12, 13], 119/1600, 136033/145600, 27/28, 34⟩,
    ⟨[2], [0, 1, 2, 3, 5, 6, 7, 8, 9, 10, 12, 14], 119/1600, 147233/156800, 27/28, 40⟩,
    ⟨[2], [0, 1, 2, 3, 5, 6, 7, 8, 9, 10, 13, 14], 119/1600, 147233/156800, 27/28, 40⟩,
    ⟨[2], [0, 1, 2, 3, 5, 6, 7, 8, 9, 11, 12, 13], 119/1600, 136033/145600, 27/28, 34⟩,
    ⟨[2], [0, 1, 2, 3, 5, 6, 7, 8, 9, 11, 12, 14], 1481/1600, 89567/134400, 54367/78400, 37⟩,
    ⟨[2], [0, 1, 2, 3, 5, 6, 7, 8, 9, 11, 13, 14], 119/1600, 147233/156800, 27/28, 40⟩,
    ⟨[2], [0, 1, 2, 3, 5, 6, 7, 8, 9, 12, 13, 14], 569/1600, 83183/100800, 47983/56000, 32⟩,
    ⟨[2], [0, 1, 2, 3, 5, 6, 7, 8, 10, 11, 12, 13], 119/1600, 136033/145600, 27/28, 34⟩,
    ⟨[2], [0, 1, 2, 3, 5, 6, 7, 8, 10, 11, 12, 14], 119/1600, 147233/156800, 27/28, 40⟩,
    ⟨[2], [0, 1, 2, 3, 5, 6, 7, 8, 10, 11, 13, 14], 419/1600, 48533/145600, 24533/67200, 32⟩,
    ⟨[2], [0, 1, 2, 3, 5, 6, 7, 8, 10, 12, 13, 14], 119/1600, 147233/156800, 27/28, 40⟩,
    ⟨[2], [0, 1, 2, 3, 5, 6, 7, 8, 11, 12, 13, 14], 303/800, 64121/78400, 52121/61600, 36⟩,
    ⟨[2], [0, 1, 2, 3, 5, 6, 7, 9, 10, 11, 12, 13], 119/1600, 136033/145600, 27/28, 34⟩,
    ⟨[2], [0, 1, 2, 3, 5, 6, 7, 9, 10, 11, 12, 14], 119/1600, 147233/156800, 27/28, 40⟩,
    ⟨[2], [0, 1, 2, 3, 5, 6, 7, 9, 10, 11, 13, 14], 1319/1600, 88433/123200, 109233/145600, 31⟩,
    ⟨[2], [0, 1, 2, 3, 5, 6, 7, 9, 10, 12, 13, 14], 119/1600, 147233/156800, 27/28, 40⟩,
    ⟨[2], [0, 1, 2, 3, 5, 6, 7, 9, 11, 12, 13, 14], 119/1600, 147233/156800, 27/28, 40⟩,
    ⟨[2], [0, 1, 2, 3, 5, 6, 7, 10, 11, 12, 13, 14], 119/1600, 147233/156800, 27/28, 40⟩,
    ⟨[2], [0, 1, 2, 3, 5, 6, 8, 9, 10, 11, 12, 13], 119/1600, 136033/145600, 27/28, 34⟩,
    ⟨[2], [0, 1, 2, 3, 5, 6, 8, 9, 10, 11, 12, 14], 119/1600, 147233/156800, 27/28, 40⟩,
    ⟨[2], [0, 1, 2, 3, 5, 6, 8, 9, 10, 11, 13, 14], 531/1600, 60517/100800, 70117/112000, 39⟩,
    ⟨[2], [0, 1, 2, 3, 5, 6, 8, 9, 10, 12, 13, 14], 681/1600, 117567/156800, 104767/134400, 34⟩,
    ⟨[2], [0, 1, 2, 3, 5, 6, 8, 9, 11, 12, 13, 14], 119/1600, 147233/156800, 27/28, 40⟩,
    ⟨[2], [0, 1, 2, 3, 5, 6, 8, 10, 11, 12, 13, 14], 119/1600, 147233/156800, 27/28, 40⟩,
    ⟨[2], [0, 1, 2, 3, 5, 6, 9, 10, 11, 12, 13, 14], 281/1600, 137167/156800, 90767/100800, 39⟩,
    ⟨[2], [0, 1, 2, 3, 5, 7, 8, 9, 10, 11, 12, 13], 119/1600, 136033/145600, 27/28, 34⟩,
    ⟨[2], [0, 1, 2, 3, 5, 7, 8, 9, 10, 11, 12, 14], 119/1600, 147233/156800, 27/28, 40⟩,
    ⟨[2], [0, 1, 2, 3, 5, 7, 8, 9, 10, 11, 13, 14], 119/1600, 147233/156800, 27/28, 40⟩,
    ⟨[2], [0, 1, 2, 3, 5, 7, 8, 9, 10, 12, 13, 14], 1081/1600, 86767/112000, 107567/134400, 39⟩,
    ⟨[2], [0, 1, 2, 3, 5, 7, 8, 9, 11, 12, 13, 14], 119/1600, 147233/156800, 27/28, 40⟩,
    ⟨[2], [0, 1, 2, 3, 5, 7, 8, 10, 11, 12, 13, 14], 119/1600, 147233/156800, 27/28, 40⟩,
    ⟨[2], [0, 1, 2, 3, 5, 7, 9, 10, 11, 12, 13, 14], 119/1600, 147233/156800, 27/28, 40⟩,
    ⟨[2], [0, 1, 2, 3, 5, 8, 9, 10, 11, 12, 13, 14], 119/1600, 147233/156800, 27/28, 40⟩,
    ⟨[2], [0, 1, 2, 3, 6, 7, 8, 9, 10, 11, 12, 13], 119/1600, 136033/145600, 27/28, 34⟩,
    ⟨[2], [0, 1, 2, 3, 6, 7, 8, 9, 10, 11, 12, 14], 119/1600, 147233/156800, 27/28, 40⟩,
    ⟨[2], [0, 1, 2, 3, 6, 7, 8, 9, 10, 11, 13, 14], 119/1600, 147233/156800, 27/28, 40⟩,
    ⟨[2], [0, 1, 2, 3, 6, 7, 8, 9, 10, 12, 13, 14], 119/1600, 147233/156800, 27/28, 40⟩,
    ⟨[2], [0, 1, 2, 3, 6, 7, 8, 9, 11, 12, 13, 14], 119/1600, 147233/156800, 27/28, 40⟩,
    ⟨[2], [0, 1, 2, 3, 6, 7, 8, 10, 11, 12, 13, 14], 119/1600, 147233/156800, 27/28, 40⟩,
    ⟨[2], [0, 1, 2, 3, 6, 7, 9, 10, 11, 12, 13, 14], 119/1600, 147233/156800, 27/28, 40⟩,
    ⟨[2], [0, 1, 2, 3, 6, 8, 9, 10, 11, 12, 13, 14], 119/1600, 147233/156800, 27/28, 40⟩,
    ⟨[2], [0, 1, 2, 3, 7, 8, 9, 10, 11, 12, 13, 14], 261/400, 35627/39200, 18427/19600, 32⟩,
    ⟨[2], [0, 1, 2, 4, 5, 6, 7, 8, 9, 10, 11, 12], 119/1600, 41611/44800, 27/28, 29⟩,
    ⟨[2], [0, 1, 2, 4, 5, 6, 7, 8, 9, 10, 11, 13], 119/1600, 136033/145600, 27/28, 34⟩,
    ⟨[2], [0, 1, 2, 4, 5, 6, 7, 8, 9, 10, 11, 14], 119/1600, 147233/156800, 27/28, 40⟩,
    ⟨[2], [0, 1, 2, 4, 5, 6, 7, 8, 9, 10, 12, 13], 119/1600, 136033/145600, 27/28, 34⟩,
    ⟨[2], [0, 1, 2, 4, 5, 6, 7, 8, 9, 10, 12, 14], 119/1600, 147233/156800, 27/28, 40⟩,
    ⟨[2], [0, 1, 2, 4, 5, 6, 7, 8, 9, 10, 13, 14], 119/1600, 147233/156800, 27/28, 40⟩,
    ⟨[2], [0, 1, 2, 4, 5, 6, 7, 8, 9, 11, 12, 13], 119/1600, 136033/145600, 27/28, 34⟩,
    ⟨[2], [0, 1, 2, 4, 5, 6, 7, 8, 9, 11, 12, 14], 1481/1600, 89567/134400, 54367/78400, 37⟩,
    ⟨[2], [0, 1, 2, 4, 5, 6, 7, 8, 9, 11, 13, 14], 119/1600, 147233/156800, 27/28, 40⟩,
    ⟨[2], [0, 1, 2, 4, 5, 6, 7, 8, 9, 12, 13, 14], 919/1600, 85633/100800, 39211/44800, 39⟩,
    ⟨[2], [0, 1, 2, 4, 5, 6, 7, 8, 10, 11, 12, 13], 119/1600, 136033/145600, 27/28, 34⟩,
    ⟨[2], [0, 1, 2, 4, 5, 6, 7, 8, 10, 11, 12, 14], 119/1600, 147233/156800, 27/28, 40⟩,
    ⟨[2], [0, 1, 2, 4, 5, 6, 7, 8, 10, 11, 13, 14], 419/1600, 48533/145600, 24533/67200, 32⟩,
    ⟨[2], [0, 1, 2, 4, 5, 6, 7, 8, 10, 12, 13, 14], 119/1600, 147233/156800, 27/28, 40⟩,
    ⟨[2], [0, 1, 2, 4, 5, 6, 7, 8, 11, 12, 13, 14], 59/100, 8163/9800, 6663/7700, 31⟩,
    ⟨[2], [0, 1, 2, 4, 5, 6, 7, 9, 10, 11, 12, 13], 119/1600, 136033/145600, 27/28, 34⟩,
    ⟨[2], [0, 1, 2, 4, 5, 6, 7, 9, 10, 11, 12, 14], 519/1600, 49233/123200, 47633/112000, 39⟩,
    ⟨[2], [0, 1, 2, 4, 5, 6, 7, 9, 10, 11, 13, 14], 147/800, 29429/39200, 56629/72800, 37⟩,
    ⟨[2], [0, 1, 2, 4, 5, 6, 7, 9, 10, 12, 13, 14], 119/1600, 147233/156800, 27/28, 40⟩,
    ⟨[2], [0, 1, 2, 4, 5, 6, 7, 9, 11, 12, 13, 14], 119/1600, 147233/156800, 27/28, 40⟩,
    ⟨[2], [0, 1, 2, 4, 5, 6, 7, 10, 11, 12, 13, 14], 119/1600, 147233/156800, 27/28, 40⟩,
    ⟨[2], [0, 1, 2, 4, 5, 6, 8, 9, 10, 11, 12, 13], 119/1600, 136033/145600, 27/28, 34⟩,
    ⟨[2], [0, 1, 2, 4, 5, 6, 8, 9, 10, 11, 12, 14], 119/1600, 147233/156800, 27/28, 40⟩,
    ⟨[2], [0, 1, 2, 4, 5, 6, 8, 9, 10, 11, 13, 14], 519/1600, 94033/156800, 70033/112000, 40⟩,
    ⟨[2], [0, 1, 2, 4, 5, 6, 8, 9, 10, 12, 13, 14], 681/1600, 117567/156800, 104767/134400, 34⟩,
    ⟨[2], [0, 1, 2, 4, 5, 6, 8, 9, 11, 12, 13, 14], 119/1600, 147233/156800, 27/28, 40⟩,
    ⟨[2], [0, 1, 2, 4, 5, 6, 8, 10, 11, 12, 13, 14], 119/1600, 147233/156800, 27/28, 40⟩,
    ⟨[2], [0, 1, 2, 4, 5, 6, 9, 10, 11, 12, 13, 14], 281/1600, 137167/156800, 90767/100800, 39⟩,
    ⟨[2], [0, 1, 2, 4, 5, 7, 8, 9, 10, 11, 12, 13], 119/1600, 136033/145600, 27/28, 34⟩,
    ⟨[2], [0, 1, 2, 4, 5, 7, 8, 9, 10, 11, 12, 14], 119/1600, 147233/156800, 27/28, 40⟩,
    ⟨[2], [0, 1, 2, 4, 5, 7, 8, 9, 10, 11, 13, 14], 119/1600, 147233/156800, 27/28, 40⟩,
    ⟨[2], [0, 1, 2, 4, 5, 7, 8, 9, 10, 12, 13, 14], 1081/1600, 86767/112000, 107567/134400, 39⟩,
    ⟨[2], [0, 1, 2, 4, 5, 7, 8, 9, 11, 12, 13, 14], 119/1600, 147233/156800, 27/28, 40⟩,
    ⟨[2], [0, 1, 2, 4, 5, 7, 8, 10, 11, 12, 13, 14], 119/1600, 147233/156800, 27/28, 40⟩,
    ⟨[2], [0, 1, 2, 4, 5, 7, 9, 10, 11, 12, 13, 14], 119/1600, 147233/156800, 27/28, 40⟩,
    ⟨[2], [0, 1, 2, 4, 5, 8, 9, 10, 11, 12, 13, 14], 119/1600, 147233/156800, 27/28, 40⟩,
    ⟨[2], [0, 1, 2, 4, 6, 7, 8, 9, 10, 11, 12, 13], 119/1600, 136033/145600, 27/28, 34⟩,
    ⟨[2], [0, 1, 2, 4, 6, 7, 8, 9, 10, 11, 12, 14], 119/1600, 147233/156800, 27/28, 40⟩,
    ⟨[2], [0, 1, 2, 4, 6, 7, 8, 9, 10, 11, 13, 14], 119/1600, 147233/156800, 27/28, 40⟩,
    ⟨[2], [0, 1, 2, 4, 6, 7, 8, 9, 10, 12, 13, 14], 119/1600, 147233/156800, 27/28, 40⟩,
    ⟨[2], [0, 1, 2, 4, 6, 7, 8, 9, 11, 12, 13, 14], 119/1600, 147233/156800, 27/28, 40⟩,
    ⟨[2], [0, 1, 2, 4, 6, 7, 8, 10, 11, 12, 13, 14], 119/1600, 147233/156800, 27/28, 40⟩,
    ⟨[2], [0, 1, 2, 4, 6, 7, 9, 10, 11, 12, 13, 14], 119/1600, 147233/156800, 27/28, 40⟩,
    ⟨[2], [0, 1, 2, 4, 6, 8, 9, 10, 11, 12, 13, 14], 119/1600, 147233/156800, 27/28, 40⟩,
    ⟨[2], [0, 1, 2, 4, 7, 8, 9, 10, 11, 12, 13, 14], 119/1600, 147233/156800, 27/28, 40⟩,
    ⟨[2], [0, 1, 2, 5, 6, 7, 8, 9, 10, 11, 12, 13], 119/1600, 136033/145600, 27/28, 34⟩,
    ⟨[2], [0, 1, 2, 5, 6, 7, 8, 9, 10, 11, 12, 14], 119/1600, 147233/156800, 27/28, 40⟩,
    ⟨[2], [0, 1, 2, 5, 6, 7, 8, 9, 10, 11, 13, 14], 119/1600, 147233/156800, 27/28, 40⟩,
    ⟨[2], [0, 1, 2, 5, 6, 7, 8, 9, 10, 12, 13, 14], 119/1600, 147233/156800, 27/28, 40⟩,
    ⟨[2], [0, 1, 2, 5, 6, 7, 8, 9, 11, 12, 13, 14], 119/1600, 147233/156800, 27/28, 40⟩,
    ⟨[2], [0, 1, 2, 5, 6, 7, 8, 10, 11, 12, 13, 14], 119/1600, 147233/156800, 27/28, 40⟩,
    ⟨[2], [0, 1, 2, 5, 6, 7, 9, 10, 11, 12, 13, 14], 119/1600, 147233/156800, 27/28, 40⟩,
    ⟨[2], [0, 1, 2, 5, 6, 8, 9, 10, 11, 12, 13, 14], 119/1600, 147233/156800, 27/28, 40⟩,
    ⟨[2], [0, 1, 2, 5, 7, 8, 9, 10, 11, 12, 13, 14], 119/1600, 147233/156800, 27/28, 40⟩,
    ⟨[2], [0, 1, 2, 6, 7, 8, 9, 10, 11, 12, 13, 14], 1219/1600, 143733/156800, 63733/67200, 32⟩,
    ⟨[2], [0, 1, 3, 4, 5, 6, 7, 8, 9, 10, 11, 12], 119/1600, 41611/44800, 27/28, 29⟩,
    ⟨[2], [0, 1, 3, 4, 5, 6, 7, 8, 9, 10, 11, 13], 119/1600, 136033/145600, 27/28, 34⟩,
    ⟨[2], [0, 1, 3, 4, 5, 6, 7, 8, 9, 10, 11, 14], 119/1600, 147233/156800, 27/28, 40⟩,
    ⟨[2], [0, 1, 3, 4, 5, 6, 7, 8, 9, 10, 12, 13], 119/1600, 136033/145600, 27/28, 34⟩,
    ⟨[2], [0, 1, 3, 4, 5, 6, 7, 8, 9, 10, 12, 14], 119/1600, 147233/156800, 27/28, 40⟩,
    ⟨[2], [0, 1, 3, 4, 5, 6, 7, 8, 9, 10, 13, 14], 119/1600, 147233/156800, 27/28, 40⟩,
    ⟨[2], [0, 1, 3, 4, 5, 6, 7, 8, 9, 11, 12, 13], 119/1600, 136033/145600, 27/28, 34⟩,
    ⟨[2], [0, 1, 3, 4, 5, 6, 7, 8, 9, 11, 12, 14], 161/400, 12527/19600, 9327/14000, 37⟩,
    ⟨[2], [0, 1, 3, 4, 5, 6, 7, 8, 9, 11, 13, 14], 119/1600, 147233/156800, 27/28, 40⟩,
    ⟨[2], [0, 1, 3, 4, 5, 6, 7, 8, 9, 12, 13, 14], 119/1600, 147233/156800, 27/28, 40⟩,
    ⟨[2], [0, 1, 3, 4, 5, 6, 7, 8, 10, 11, 12, 13], 119/1600, 136033/145600, 27/28, 34⟩,
    ⟨[2], [0, 1, 3, 4, 5, 6, 7, 8, 10, 11, 12, 14], 119/1600, 147233/156800, 27/28, 40⟩,
    ⟨[2], [0, 1, 3, 4, 5, 6, 7, 8, 10, 11, 13, 14], 419/1600, 48533/145600, 24533/67200, 32⟩,
    ⟨[2], [0, 1, 3, 4, 5, 6, 7, 8, 10, 12, 13, 14], 119/1600, 147233/156800, 27/28, 40⟩,
    ⟨[2], [0, 1, 3, 4, 5, 6, 7, 8, 11, 12, 13, 14], 1119/1600, 75833/89600, 9803/11200, 35⟩,
    ⟨[2], [0, 1, 3, 4, 5, 6, 7, 9, 10, 11, 12, 13], 119/1600, 136033/145600, 27/28, 34⟩,
    ⟨[2], [0, 1, 3, 4, 5, 6, 7, 9, 10, 11, 12, 14], 119/1600, 147233/156800, 27/28, 40⟩,
    ⟨[2], [0, 1, 3, 4, 5, 6, 7, 9, 10, 11, 13, 14], 281/1600, 8397/11200, 34767/44800, 38⟩,
    ⟨[2], [0, 1, 3, 4, 5, 6, 7, 9, 10, 12, 13, 14], 119/1600, 147233/156800, 27/28, 40⟩,
    ⟨[2], [0, 1, 3, 4, 5, 6, 7, 9, 11, 12, 13, 14], 119/1600, 147233/156800, 27/28, 40⟩,
    ⟨[2], [0, 1, 3, 4, 5, 6, 7, 10, 11, 12, 13, 14], 119/1600, 147233/156800, 27/28, 40⟩,
    ⟨[2], [0, 1, 3, 4, 5, 6, 8, 9, 10, 11, 12, 13], 119/1600, 136033/145600, 27/28, 34⟩,
    ⟨[2], [0, 1, 3, 4, 5, 6, 8, 9, 10, 11, 12, 14], 119/1600, 147233/156800, 27/28, 40⟩,
    ⟨[2], [0, 1, 3, 4, 5, 6, 8, 9, 10, 11, 13, 14], 519/1600, 94033/156800, 70033/112000, 40⟩,
    ⟨[2], [0, 1, 3, 4, 5, 6, 8, 9, 10, 12, 13, 14], 681/1600, 117567/156800, 104767/134400, 34⟩,
    ⟨[2], [0, 1, 3, 4, 5, 6, 8, 9, 11, 12, 13, 14], 119/1600, 147233/156800, 27/28, 40⟩,
    ⟨[2], [0, 1, 3, 4, 5, 6, 8, 10, 11, 12, 13, 14], 119/1600, 147233/156800, 27/28, 40⟩,
    ⟨[2], [0, 1, 3, 4, 5, 6, 9, 10, 11, 12, 13, 14], 281/1600, 137167/156800, 90767/100800, 39⟩,
    ⟨[2], [0, 1, 3, 4, 5, 7, 8, 9, 10, 11, 12, 13], 119/1600, 136033/145600, 27/28, 34⟩,
    ⟨[2], [0, 1, 3, 4, 5, 7, 8, 9, 10, 11, 12, 14], 119/1600, 147233/156800, 27/28, 40⟩,
    ⟨[2], [0, 1, 3, 4, 5, 7, 8, 9, 10, 11, 13, 14], 119/1600, 147233/156800, 27/28, 40⟩,
    ⟨[2], [0, 1, 3, 4, 5, 7, 8, 9, 10, 12, 13, 14], 1081/1600, 86767/112000, 107567/134400, 39⟩,
    ⟨[2], [0, 1, 3, 4, 5, 7, 8, 9, 11, 12, 13, 14], 119/1600, 147233/156800, 27/28, 40⟩,
    ⟨[2], [0, 1, 3, 4, 5, 7, 8, 10, 11, 12, 13, 14], 119/1600, 147233/156800, 27/28, 40⟩,
    ⟨[2], [0, 1, 3, 4, 5, 7, 9, 10, 11, 12, 13, 14], 119/1600, 147233/156800, 27/28, 40⟩,
    ⟨[2], [0, 1, 3, 4, 5, 8, 9, 10, 11, 12, 13, 14], 119/1600, 147233/156800, 27/28, 40⟩,
    ⟨[2], [0, 1, 3, 4, 6, 7, 8, 9, 10, 11, 12, 13], 119/1600, 136033/145600, 27/28, 34⟩,
    ⟨[2], [0, 1, 3, 4, 6, 7, 8, 9, 10, 11, 12, 14], 119/1600, 147233/156800, 27/28, 40⟩,
    ⟨[2], [0, 1, 3, 4, 6, 7, 8, 9, 10, 11, 13, 14], 119/1600, 147233/156800, 27/28, 40⟩,
    ⟨[2], [0, 1, 3, 4, 6, 7, 8, 9, 10, 12, 13, 14], 119/1600, 147233/156800, 27/28, 40⟩,
    ⟨[2], [0, 1, 3, 4, 6, 7, 8, 9, 11, 12, 13, 14], 119/1600, 147233/156800, 27/28, 40⟩,
    ⟨[2], [0, 1, 3, 4, 6, 7, 8, 10, 11, 12, 13, 14], 119/1600, 147233/156800, 27/28, 40⟩,
    ⟨[2], [0, 1, 3, 4, 6, 7, 9, 10, 11, 12, 13, 14], 119/1600, 147233/156800, 27/28, 40⟩,
    ⟨[2], [0, 1, 3, 4, 6, 8, 9, 10, 11, 12, 13, 14], 119/1600, 147233/156800, 27/28, 40⟩,
    ⟨[2], [0, 1, 3, 4, 7, 8, 9, 10, 11, 12, 13, 14], 119/1600, 147233/156800, 27/28, 40⟩,
    ⟨[2], [0, 1, 3, 5, 6, 7, 8, 9, 10, 11, 12, 13], 119/1600, 136033/145600, 27/28, 34⟩,
    ⟨[2], [0, 1, 3, 5, 6, 7, 8, 9, 10, 11, 12, 14], 119/1600, 147233/156800, 27/28, 40⟩,
    ⟨[2], [0, 1, 3, 5, 6, 7, 8, 9, 10, 11, 13, 14], 119/1600, 147233/156800, 27/28, 40⟩,
    ⟨[2], [0, 1, 3, 5, 6, 7, 8, 9, 10, 12, 13, 14], 119/1600, 147233/156800, 27/28, 40⟩,
    ⟨[2], [0, 1, 3, 5, 6, 7, 8, 9, 11, 12, 13, 14], 119/1600, 147233/156800, 27/28, 40⟩,
    ⟨[2], [0, 1, 3, 5, 6, 7, 8, 10, 11, 12, 13, 14], 119/1600, 147233/156800, 27/28, 40⟩,
    ⟨[2], [0, 1, 3, 5, 6, 7, 9, 10, 11, 12, 13, 14], 119/1600, 147233/156800, 27/28, 40⟩,
    ⟨[2], [0, 1, 3, 5, 6, 8, 9, 10, 11, 12, 13, 14], 119/1600, 147233/156800, 27/28, 40⟩,
    ⟨[2], [0, 1, 3, 5, 7, 8, 9, 10, 11, 12, 13, 14], 119/1600, 147233/156800, 27/28, 40⟩,
    ⟨[2], [0, 1, 3, 6, 7, 8, 9, 10, 11, 12, 13, 14], 119/1600, 147233/156800, 27/28, 40⟩,
    ⟨[2], [0, 1, 4, 5, 6, 7, 8, 9, 10, 11, 12, 13], 119/1600, 136033/145600, 27/28, 34⟩,
    ⟨[2], [0, 1, 4, 5, 6, 7, 8, 9, 10, 11, 12, 14], 119/1600, 147233/156800, 27/28, 40⟩,
    ⟨[2], [0, 1, 4, 5, 6, 7, 8, 9, 10, 11, 13, 14], 119/1600, 147233/156800, 27/28, 40⟩,
    ⟨[2], [0, 1, 4, 5, 6, 7, 8, 9, 10, 12, 13, 14], 119/1600, 147233/156800, 27/28, 40⟩,
    ⟨[2], [0, 1, 4, 5, 6, 7, 8, 9, 11, 12, 13, 14], 119/1600, 147233/156800, 27/28, 40⟩,
    ⟨[2], [0, 1, 4, 5, 6, 7, 8, 10, 11, 12, 13, 14], 119/1600, 147233/156800, 27/28, 40⟩,
    ⟨[2], [0, 1, 4, 5, 6, 7, 9, 10, 11, 12, 13, 14], 119/1600, 147233/156800, 27/28, 40⟩,
    ⟨[2], [0, 1, 4, 5, 6, 8, 9, 10, 11, 12, 13, 14], 119/1600, 147233/156800, 27/28, 40⟩,
    ⟨[2], [0, 1, 4, 5, 7, 8, 9, 10, 11, 12, 13, 14], 119/1600, 147233/156800, 27/28, 40⟩,
    ⟨[2], [0, 1, 4, 6, 7, 8, 9, 10, 11, 12, 13, 14], 119/1600, 147233/156800, 27/28, 40⟩,
    ⟨[2], [0, 1, 5, 6, 7, 8, 9, 10, 11, 12, 13, 14], 61/400, 627/14000, 3027/39200, 31⟩,
    ⟨[2], [0, 2, 3, 4, 5, 6, 7, 8, 9, 10, 11, 12], 119/1600, 41611/44800, 27/28, 29⟩,
    ⟨[2], [0, 2, 3, 4, 5, 6, 7, 8, 9, 10, 11, 13], 119/1600, 136033/145600, 27/28, 34⟩,
    ⟨[2], [0, 2, 3, 4, 5, 6, 7, 8, 9, 10, 11, 14], 119/1600, 147233/156800, 27/28, 40⟩,
    ⟨[2], [0, 2, 3, 4, 5, 6, 7, 8, 9, 10, 12, 13], 119/1600, 136033/145600, 27/28, 34⟩,
    ⟨[2], [0, 2, 3, 4, 5, 6, 7, 8, 9, 10, 12, 14], 119/1600, 147233/156800, 27/28, 40⟩,
    ⟨[2], [0, 2, 3, 4, 5, 6, 7, 8, 9, 10, 13, 14], 119/1600, 147233/156800, 27/28, 40⟩,
    ⟨[2], [0, 2, 3, 4, 5, 6, 7, 8, 9, 11, 12, 13], 119/1600, 136033/145600, 27/28, 34⟩,
    ⟨[2], [0, 2, 3, 4, 5, 6, 7, 8, 9, 11, 12, 14], 1481/1600, 89567/134400, 54367/78400, 37⟩,
    ⟨[2], [0, 2, 3, 4, 5, 6, 7, 8, 9, 11, 13, 14], 119/1600, 147233/156800, 27/28, 40⟩,
    ⟨[2], [0, 2, 3, 4, 5, 6, 7, 8, 9, 12, 13, 14], 119/1600, 147233/156800, 27/28, 40⟩,
    ⟨[2], [0, 2, 3, 4, 5, 6, 7, 8, 10, 11, 12, 13], 119/1600, 136033/145600, 27/28, 34⟩,
    ⟨[2], [0, 2, 3, 4, 5, 6, 7, 8, 10, 11, 12, 14], 119/1600, 147233/156800, 27/28, 40⟩,
    ⟨[2], [0, 2, 3, 4, 5, 6, 7, 8, 10, 11, 13, 14], 419/1600, 48533/145600, 24533/67200, 32⟩,
    ⟨[2], [0, 2, 3, 4, 5, 6, 7, 8, 10, 12, 13, 14], 119/1600, 147233/156800, 27/28, 40⟩,
    ⟨[2], [0, 2, 3, 4, 5, 6, 7, 8, 11, 12, 13, 14], 119/1600, 147233/156800, 27/28, 40⟩,
    ⟨[2], [0, 2, 3, 4, 5, 6, 7, 9, 10, 11, 12, 13], 119/1600, 136033/145600, 27/28, 34⟩,
    ⟨[2], [0, 2, 3, 4, 5, 6, 7, 9, 10, 11, 12, 14], 119/1600, 147233/156800, 27/28, 40⟩,
    ⟨[2], [0, 2, 3, 4, 5, 6, 7, 9, 10, 11, 13, 14], 157/200, 10999/15400, 5199/7000, 36⟩,
    ⟨[2], [0, 2, 3, 4, 5, 6, 7, 9, 10, 12, 13, 14], 119/1600, 147233/156800, 27/28, 40⟩,
    ⟨[2], [0, 2, 3, 4, 5, 6, 7, 9, 11, 12, 13, 14], 119/1600, 147233/156800, 27/28, 40⟩,
    ⟨[2], [0, 2, 3, 4, 5, 6, 7, 10, 11, 12, 13, 14], 1481/1600, 134367/156800, 99167/112000, 36⟩,
    ⟨[2], [0, 2, 3, 4, 5, 6, 8, 9, 10, 11, 12, 13], 119/1600, 136033/145600, 27/28, 34⟩,
    ⟨[2], [0, 2, 3, 4, 5, 6, 8, 9, 10, 11, 12, 14], 119/1600, 147233/156800, 27/28, 40⟩,
    ⟨[2], [0, 2, 3, 4, 5, 6, 8, 9, 10, 11, 13, 14], 519/1600, 94033/156800, 70033/112000, 40⟩,
    ⟨[2], [0, 2, 3, 4, 5, 6, 8, 9, 10, 12, 13, 14], 681/1600, 117567/156800, 104767/134400, 34⟩,
    ⟨[2], [0, 2, 3, 4, 5, 6, 8, 9, 11, 12, 13, 14], 119/1600, 147233/156800, 27/28, 40⟩,
    ⟨[2], [0, 2, 3, 4, 5, 6, 8, 10, 11, 12, 13, 14], 119/1600, 147233/156800, 27/28, 40⟩,
    ⟨[2], [0, 2, 3, 4, 5, 6, 9, 10, 11, 12, 13, 14], 281/1600, 137167/156800, 90767/100800, 39⟩,
    ⟨[2], [0, 2, 3, 4, 5, 7, 8, 9, 10, 11, 12, 13], 119/1600, 136033/145600, 27/28, 34⟩,
    ⟨[2], [0, 2, 3, 4, 5, 7, 8, 9, 10, 11, 12, 14], 119/1600, 147233/156800, 27/28, 40⟩,
    ⟨[2], [0, 2, 3, 4, 5, 7, 8, 9, 10, 11, 13, 14], 119/1600, 147233/156800, 27/28, 40⟩,
    ⟨[2], [0, 2, 3, 4, 5, 7, 8, 9, 10, 12, 13, 14], 1081/1600, 86767/112000, 107567/134400, 39⟩,
    ⟨[2], [0, 2, 3, 4, 5, 7, 8, 9, 11, 12, 13, 14], 119/1600, 147233/156800, 27/28, 40⟩,
    ⟨[2], [0, 2, 3, 4, 5, 7, 8, 10, 11, 12, 13, 14], 119/1600, 147233/156800, 27/28, 40⟩,
    ⟨[2], [0, 2, 3, 4, 5, 7, 9, 10, 11, 12, 13, 14], 119/1600, 147233/156800, 27/28, 40⟩,
    ⟨[2], [0, 2, 3, 4, 5, 8, 9, 10, 11, 12, 13, 14], 119/1600, 147233/156800, 27/28, 40⟩,
    ⟨[2], [0, 2, 3, 4, 6, 7, 8, 9, 10, 11, 12, 13], 119/1600, 136033/145600, 27/28, 34⟩,
    ⟨[2], [0, 2, 3, 4, 6, 7, 8, 9, 10, 11, 12, 14], 119/1600, 147233/156800, 27/28, 40⟩,
    ⟨[2], [0, 2, 3, 4, 6, 7, 8, 9, 10, 11, 13, 14], 119/1600, 147233/156800, 27/28, 40⟩,
    ⟨[2], [0, 2, 3, 4, 6, 7, 8, 9, 10, 12, 13, 14], 119/1600, 147233/156800, 27/28, 40⟩,
    ⟨[2], [0, 2, 3, 4, 6, 7, 8, 9, 11, 12, 13, 14], 119/1600, 147233/156800, 27/28, 40⟩,
    ⟨[2], [0, 2, 3, 4, 6, 7, 8, 10, 11, 12, 13, 14], 119/1600, 147233/156800, 27/28, 40⟩,
    ⟨[2], [0, 2, 3, 4, 6, 7, 9, 10, 11, 12, 13, 14], 119/1600, 147233/156800, 27/28, 40⟩,
    ⟨[2], [0, 2, 3, 4, 6, 8, 9, 10, 11, 12, 13, 14], 119/1600, 147233/156800, 27/28, 40⟩,
    ⟨[2], [0, 2, 3, 4, 7, 8, 9, 10, 11, 12, 13, 14], 119/1600, 147233/156800, 27/28, 40⟩,
    ⟨[2], [0, 2, 3, 5, 6, 7, 8, 9, 10, 11, 12, 13], 119/1600, 136033/145600, 27/28, 34⟩,
    ⟨[2], [0, 2, 3, 5, 6, 7, 8, 9, 10, 11, 12, 14], 119/1600, 147233/156800, 27/28, 40⟩,
    ⟨[2], [0, 2, 3, 5, 6, 7, 8, 9, 10, 11, 13, 14], 119/1600, 147233/156800, 27/28, 40⟩,
    ⟨[2], [0, 2, 3, 5, 6, 7, 8, 9, 10, 12, 13, 14], 119/1600, 147233/156800, 27/28, 40⟩,
    ⟨[2], [0, 2, 3, 5, 6, 7, 8, 9, 11, 12, 13, 14], 119/1600, 147233/156800, 27/28, 40⟩,
    ⟨[2], [0, 2, 3, 5, 6, 7, 8, 10, 11, 12, 13, 14], 119/1600, 147233/156800, 27/28, 40⟩,
    ⟨[2], [0, 2, 3, 5, 6, 7, 9, 10, 11, 12, 13, 14], 119/1600, 147233/156800, 27/28, 40⟩,
    ⟨[2], [0, 2, 3, 5, 6, 8, 9, 10, 11, 12, 13, 14], 119/1600, 147233/156800, 27/28, 40⟩,
    ⟨[2], [0, 2, 3, 5, 7, 8, 9, 10, 11, 12, 13, 14], 119/1600, 147233/156800, 27/28, 40⟩,
    ⟨[2], [0, 2, 3, 6, 7, 8, 9, 10, 11, 12, 13, 14], 119/1600, 147233/156800, 27/28, 40⟩,
    ⟨[2], [0, 2, 4, 5, 6, 7, 8, 9, 10, 11, 12, 13], 119/1600, 136033/145600, 27/28, 34⟩,
    ⟨[2], [0, 2, 4, 5, 6, 7, 8, 9, 10, 11, 12, 14], 119/1600, 147233/156800, 27/28, 40⟩,
    ⟨[2], [0, 2, 4, 5, 6, 7, 8, 9, 10, 11, 13, 14], 119/1600, 147233/156800, 27/28, 40⟩,
    ⟨[2], [0, 2, 4, 5, 6, 7, 8, 9, 10, 12, 13, 14], 119/1600, 147233/156800, 27/28, 40⟩,
    ⟨[2], [0, 2, 4, 5, 6, 7, 8, 9, 11, 12, 13, 14], 119/1600, 147233/156800, 27/28, 40⟩,
    ⟨[2], [0, 2, 4, 5, 6, 7, 8, 10, 11, 12, 13, 14], 119/1600, 147233/156800, 27/28, 40⟩,
    ⟨[2], [0, 2, 4, 5, 6, 7, 9, 10, 11, 12, 13, 14], 119/1600, 147233/156800, 27/28, 40⟩,
    ⟨[2], [0, 2, 4, 5, 6, 8, 9, 10, 11, 12, 13, 14], 119/1600, 147233/156800, 27/28, 40⟩,
    ⟨[2], [0, 2, 4, 5, 7, 8, 9, 10, 11, 12, 13, 14], 119/1600, 147233/156800, 27/28, 40⟩,
    ⟨[2], [0, 2, 4, 6, 7, 8, 9, 10, 11, 12, 13, 14], 119/1600, 147233/156800, 27/28, 40⟩,
    ⟨[2], [0, 2, 5, 6, 7, 8, 9, 10, 11, 12, 13, 14], 119/1600, 147233/156800, 27/28, 40⟩,
    ⟨[2], [0, 3, 4, 5, 6, 7, 8, 9, 10, 11, 12, 13], 119/1600, 136033/145600, 27/28, 34⟩,
    ⟨[2], [0, 3, 4, 5, 6, 7, 8, 9, 10, 11, 12, 14], 119/1600, 147233/156800, 27/28, 40⟩,
    ⟨[2], [0, 3, 4, 5, 6, 7, 8, 9, 10, 11, 13, 14], 119/1600, 147233/156800, 27/28, 40⟩,
    ⟨[2], [0, 3, 4, 5, 6, 7, 8, 9, 10, 12, 13, 14], 119/1600, 147233/156800, 27/28, 40⟩,
    ⟨[2], [0, 3, 4, 5, 6, 7, 8, 9, 11, 12, 13, 14], 119/1600, 147233/156800, 27/28, 40⟩,
    ⟨[2], [0, 3, 4, 5, 6, 7, 8, 10, 11, 12, 13, 14], 119/1600, 147233/156800, 27/28, 40⟩,
    ⟨[2], [0, 3, 4, 5, 6, 7, 9, 10, 11, 12, 13, 14], 119/1600, 147233/156800, 27/28, 40⟩,
    ⟨[2], [0, 3, 4, 5, 6, 8, 9, 10, 11, 12, 13, 14], 119/1600, 147233/156800, 27/28, 40⟩,
    ⟨[2], [0, 3, 4, 5, 7, 8, 9, 10, 11, 12, 13, 14], 119/1600, 147233/156800, 27/28, 40⟩,
    ⟨[2], [0, 3, 4, 6, 7, 8, 9, 10, 11, 12, 13, 14], 119/1600, 147233/156800, 27/28, 40⟩,
    ⟨[2], [0, 3, 5, 6, 7, 8, 9, 10, 11, 12, 13, 14], 119/1600, 147233/156800, 27/28, 40⟩,
    ⟨[2], [0, 4, 5, 6, 7, 8, 9, 10, 11, 12, 13, 14], 119/1600, 1633/44800, 11233/156800, 29⟩,
    ⟨[3], [0, 1, 2, 3, 4, 5, 6, 7, 8, 9, 10, 11], 1481/1600, 1/42, 9567/123200, 19⟩,
    ⟨[3], [0, 1, 2, 3, 4, 5, 6, 7, 8, 9, 10, 12], 1481/1600, 1/42, 3189/44800, 22⟩,
    ⟨[3], [0, 1, 2, 3, 4, 5, 6, 7, 8, 9, 10, 13], 1481/1600, 1/42, 9567/145600, 24⟩,
    ⟨[3], [0, 1, 2, 3, 4, 5, 6, 7, 8, 9, 10, 14], 119/1600, 46433/100800, 78433/156800, 26⟩,
    ⟨[3], [0, 1, 2, 3, 4, 5, 6, 7, 8, 9, 11, 12], 1481/1600, 1/42, 3189/44800, 22⟩,
    ⟨[3], [0, 1, 2, 3, 4, 5, 6, 7, 8, 9, 11, 13], 681/1600, 72767/145600, 48767/89600, 23⟩,
    ⟨[3], [0, 1, 2, 3, 4, 5, 6, 7, 8, 9, 11, 14], 1481/1600, 1/42, 9567/156800, 27⟩,
    ⟨[3], [0, 1, 2, 3, 4, 5, 6, 7, 8, 9, 12, 13], 1481/1600, 1/42, 9567/145600, 24⟩,
    ⟨[3], [0, 1, 2, 3, 4, 5, 6, 7, 8, 9, 12, 14], 119/1600, 46433/100800, 78433/156800, 26⟩,
    ⟨[3], [0, 1, 2, 3, 4, 5, 6, 7, 8, 9, 13, 14], 1481/1600, 1/42, 9567/156800, 27⟩,
    ⟨[3], [0, 1, 2, 3, 4, 5, 6, 7, 8, 10, 11, 12], 1481/1600, 1/42, 3189/44800, 22⟩,
    ⟨[3], [0, 1, 2, 3, 4, 5, 6, 7, 8, 10, 11, 13], 1481/1600, 1/42, 9567/145600, 24⟩,
    ⟨[3], [0, 1, 2, 3, 4, 5, 6, 7, 8, 10, 11, 14], 1481/1600, 1/42, 9567/156800, 27⟩,
    ⟨[3], [0, 1, 2, 3, 4, 5, 6, 7, 8, 10, 12, 13], 1481/1600, 1/42, 9567/145600, 24⟩,
    ⟨[3], [0, 1, 2, 3, 4, 5, 6, 7, 8, 10, 12, 14], 119/1600, 35233/78400, 78433/156800, 20⟩,
    ⟨[3], [0, 1, 2, 3, 4, 5, 6, 7, 8, 10, 13, 14], 1481/1600, 1/42, 9567/156800, 27⟩,
    ⟨[3], [0, 1, 2, 3, 4, 5, 6, 7, 8, 11, 12, 13], 1481/1600, 1/42, 9567/145600, 24⟩,
    ⟨[3], [0, 1, 2, 3, 4, 5, 6, 7, 8, 11, 12, 14], 1481/1600, 1/42, 9567/156800, 27⟩,
    ⟨[3], [0, 1, 2, 3, 4, 5, 6, 7, 8, 11, 13, 14], 1481/1600, 1/42, 9567/156800, 27⟩,
    ⟨[3], [0, 1, 2, 3, 4, 5, 6, 7, 8, 12, 13, 14], 1481/1600, 1/42, 9567/156800, 27⟩,
    ⟨[3], [0, 1, 2, 3, 4, 5, 6, 7, 9, 10, 11, 12], 1481/1600, 1/42, 3189/44800, 22⟩,
    ⟨[3], [0, 1, 2, 3, 4, 5, 6, 7, 9, 10, 11, 13], 1481/1600, 1/42, 9567/145600, 24⟩,
    ⟨[3], [0, 1, 2, 3, 4, 5, 6, 7, 9, 10, 11, 14], 1481/1600, 1/42, 9567/156800, 27⟩,
    ⟨[3], [0, 1, 2, 3, 4, 5, 6, 7, 9, 10, 12, 13], 1481/1600, 1/42, 9567/145600, 24⟩,
    ⟨[3], [0, 1, 2, 3, 4, 5, 6, 7, 9, 10, 12, 14], 119/1600, 46433/100800, 78433/156800, 26⟩,
    ⟨[3], [0, 1, 2, 3, 4, 5, 6, 7, 9, 10, 13, 14], 1481/1600, 1/42, 9567/156800, 27⟩,
    ⟨[3], [0, 1, 2, 3, 4, 5, 6, 7, 9, 11, 12, 13], 1481/1600, 1/42, 9567/145600, 24⟩,
    ⟨[3], [0, 1, 2, 3, 4, 5, 6, 7, 9, 11, 12, 14], 1481/1600, 1/42, 9567/156800, 27⟩,
    ⟨[3], [0, 1, 2, 3, 4, 5, 6, 7, 9, 11, 13, 14], 1481/1600, 1/42, 9567/156800, 27⟩,
    ⟨[3], [0, 1, 2, 3, 4, 5, 6, 7, 9, 12, 13, 14], 1481/1600, 1/42, 9567/156800, 27⟩,
    ⟨[3], [0, 1, 2, 3, 4, 5, 6, 7, 10, 11, 12, 13], 1481/1600, 1/42, 9567/145600, 24⟩,
    ⟨[3], [0, 1, 2, 3, 4, 5, 6, 7, 10, 11, 12, 14], 1481/1600, 1/42, 9567/156800, 27⟩,
    ⟨[3], [0, 1, 2, 3, 4, 5, 6, 7, 10, 11, 13, 14], 1481/1600, 1/42, 9567/156800, 27⟩,
    ⟨[3], [0, 1, 2, 3, 4, 5, 6, 7, 10, 12, 13, 14], 1481/1600, 1/42, 9567/156800, 27⟩,
    ⟨[3], [0, 1, 2, 3, 4, 5, 6, 7, 11, 12, 13, 14], 1481/1600, 1/42, 9567/156800, 27⟩,
    ⟨[3], [0, 1, 2, 3, 4, 5, 6, 8, 9, 10, 11, 12], 1481/1600, 1/42, 3189/44800, 22⟩,
    ⟨[3], [0, 1, 2, 3, 4, 5, 6, 8, 9, 10, 11, 13], 1481/1600, 1/42, 9567/145600, 24⟩,
    ⟨[3], [0, 1, 2, 3, 4, 5, 6, 8, 9, 10, 11, 14], 1481/1600, 1/42, 9567/156800, 27⟩,
    ⟨[3], [0, 1, 2, 3, 4, 5, 6, 8, 9, 10, 12, 13], 1481/1600, 1/42, 9567/145600, 24⟩,
    ⟨[3], [0, 1, 2, 3, 4, 5, 6, 8, 9, 10, 12, 14], 119/1600, 46433/100800, 78433/156800, 26⟩,
    ⟨[3], [0, 1, 2, 3, 4, 5, 6, 8, 9, 10, 13, 14], 1481/1600, 1/42, 9567/156800, 27⟩,
    ⟨[3], [0, 1, 2, 3, 4, 5, 6, 8, 9, 11, 12, 13], 1481/1600, 1/42, 9567/145600, 24⟩,
    ⟨[3], [0, 1, 2, 3, 4, 5, 6, 8, 9, 11, 12, 14], 1481/1600, 1/42, 9567/156800, 27⟩,
    ⟨[3], [0, 1, 2, 3, 4, 5, 6, 8, 9, 11, 13, 14], 1481/1600, 1/42, 9567/156800, 27⟩,
    ⟨[3], [0, 1, 2, 3, 4, 5, 6, 8, 9, 12, 13, 14], 1481/1600, 1/42, 9567/156800, 27⟩,
    ⟨[3], [0, 1, 2, 3, 4, 5, 6, 8, 10, 11, 12, 13], 1481/1600, 1/42, 9567/145600, 24⟩,
    ⟨[3], [0, 1, 2, 3, 4, 5, 6, 8, 10, 11, 12, 14], 1481/1600, 1/42, 9567/156800, 27⟩,
    ⟨[3], [0, 1, 2, 3, 4, 5, 6, 8, 10, 11, 13, 14], 1481/1600, 1/42, 9567/156800, 27⟩,
    ⟨[3], [0, 1, 2, 3, 4, 5, 6, 8, 10, 12, 13, 14], 1481/1600, 1/42, 9567/156800, 27⟩,
    ⟨[3], [0, 1, 2, 3, 4, 5, 6, 8, 11, 12, 13, 14], 1481/1600, 1/42, 9567/156800, 27⟩,
    ⟨[3], [0, 1, 2, 3, 4, 5, 6, 9, 10, 11, 12, 13], 1481/1600, 1/42, 9567/145600, 24⟩,
    ⟨[3], [0, 1, 2, 3, 4, 5, 6, 9, 10, 11, 12, 14], 1481/1600, 1/42, 9567/156800, 27⟩,
    ⟨[3], [0, 1, 2, 3, 4, 5, 6, 9, 10, 11, 13, 14], 1481/1600, 1/42, 9567/156800, 27⟩,
    ⟨[3], [0, 1, 2, 3, 4, 5, 6, 9, 10, 12, 13, 14], 1481/1600, 1/42, 9567/156800, 27⟩,
    ⟨[3], [0, 1, 2, 3, 4, 5, 6, 9, 11, 12, 13, 14], 1481/1600, 1/42, 9567/156800, 27⟩,
    ⟨[3], [0, 1, 2, 3, 4, 5, 6, 10, 11, 12, 13, 14], 1481/1600, 1/42, 9567/156800, 27⟩,
    ⟨[3], [0, 1, 2, 3, 4, 5, 7, 8, 9, 10, 11, 12], 1481/1600, 1/42, 3189/44800, 22⟩,
    ⟨[3], [0, 1, 2, 3, 4, 5, 7, 8, 9, 10, 11, 13], 1481/1600, 1/42, 9567/145600, 24⟩,
    ⟨[3], [0, 1, 2, 3, 4, 5, 7, 8, 9, 10, 11, 14], 1481/1600, 1/42, 9567/156800, 27⟩,
    ⟨[3], [0, 1, 2, 3, 4, 5, 7, 8, 9, 10, 12, 13], 1481/1600, 1/42, 9567/145600, 24⟩,
    ⟨[3], [0, 1, 2, 3, 4, 5, 7, 8, 9, 10, 12, 14], 119/1600, 46433/100800, 78433/156800, 26⟩,
    ⟨[3], [0, 1, 2, 3, 4, 5, 7, 8, 9, 10, 13, 14], 1481/1600, 1/42, 9567/156800, 27⟩,
    ⟨[3], [0, 1, 2, 3, 4, 5, 7, 8, 9, 11, 12, 13], 1481/1600, 1/42, 9567/145600, 24⟩,
    ⟨[3], [0, 1, 2, 3, 4, 5, 7, 8, 9, 11, 12, 14], 1481/1600, 1/42, 9567/156800, 27⟩,
    ⟨[3], [0, 1, 2, 3, 4, 5, 7, 8, 9, 11, 13, 14], 1481/1600, 1/42, 9567/156800, 27⟩,
    ⟨[3], [0, 1, 2, 3, 4, 5, 7, 8, 9, 12, 13, 14], 1481/1600, 1/42, 9567/156800, 27⟩,
    ⟨[3], [0, 1, 2, 3, 4, 5, 7, 8, 10, 11, 12, 13], 1481/1600, 1/42, 9567/145600, 24⟩,
    ⟨[3], [0, 1, 2, 3, 4, 5, 7, 8, 10, 11, 12, 14], 1481/1600, 1/42, 9567/156800, 27⟩,
    ⟨[3], [0, 1, 2, 3, 4, 5, 7, 8, 10, 11, 13, 14], 1481/1600, 1/42, 9567/156800, 27⟩,
    ⟨[3], [0, 1, 2, 3, 4, 5, 7, 8, 10, 12, 13, 14], 1481/1600, 1/42, 9567/156800, 27⟩,
    ⟨[3], [0, 1, 2, 3, 4, 5, 7, 8, 11, 12, 13, 14], 1481/1600, 1/42, 9567/156800, 27⟩,
    ⟨[3], [0, 1, 2, 3, 4, 5, 7, 9, 10, 11, 12, 13], 1481/1600, 1/42, 9567/145600, 24⟩,
    ⟨[3], [0, 1, 2, 3, 4, 5, 7, 9, 10, 11, 12, 14], 1481/1600, 1/42, 9567/156800, 27⟩,
    ⟨[3], [0, 1, 2, 3, 4, 5, 7, 9, 10, 11, 13, 14], 1481/1600, 1/42, 9567/156800, 27⟩,
    ⟨[3], [0, 1, 2, 3, 4, 5, 7, 9, 10, 12, 13, 14], 1481/1600, 1/42, 9567/156800, 27⟩,
    ⟨[3], [0, 1, 2, 3, 4, 5, 7, 9, 11, 12, 13, 14], 1481/1600, 1/42, 9567/156800, 27⟩,
    ⟨[3], [0, 1, 2, 3, 4, 5, 7, 10, 11, 12, 13, 14], 1481/1600, 1/42, 9567/156800, 27⟩,
    ⟨[3], [0, 1, 2, 3, 4, 5, 8, 9, 10, 11, 12, 13], 1481/1600, 1/42, 9567/145600, 24⟩,
    ⟨[3], [0, 1, 2, 3, 4, 5, 8, 9, 10, 11, 12, 14], 1481/1600, 1/42, 9567/156800, 27⟩,
    ⟨[3], [0, 1, 2, 3, 4, 5, 8, 9, 10, 11, 13, 14], 1481/1600, 1/42, 9567/156800, 27⟩,
    ⟨[3], [0, 1, 2, 3, 4, 5, 8, 9, 10, 12, 13, 14], 1481/1600, 1/42, 9567/156800, 27⟩,
    ⟨[3], [0, 1, 2, 3, 4, 5, 8, 9, 11, 12, 13, 14], 1481/1600, 1/42, 9567/156800, 27⟩,
    ⟨[3], [0, 1, 2, 3, 4, 5, 8, 10, 11, 12, 13, 14], 1481/1600, 1/42, 9567/156800, 27⟩,
    ⟨[3], [0, 1, 2, 3, 4, 5, 9, 10, 11, 12, 13, 14], 1481/1600, 1/42, 9567/156800, 27⟩,
    ⟨[3], [0, 1, 2, 3, 4, 6, 7, 8, 9, 10, 11, 12], 1481/1600, 1/42, 3189/44800, 22⟩,
    ⟨[3], [0, 1, 2, 3, 4, 6, 7, 8, 9, 10, 11, 13], 1481/1600, 1/42, 9567/145600, 24⟩,
    ⟨[3], [0, 1, 2, 3, 4, 6, 7, 8, 9, 10, 11, 14], 1481/1600, 1/42, 9567/156800, 27⟩,
    ⟨[3], [0, 1, 2, 3, 4, 6, 7, 8, 9, 10, 12, 13], 1481/1600, 1/42, 9567/145600, 24⟩,
    ⟨[3], [0, 1, 2, 3, 4, 6, 7, 8, 9, 10, 12, 14], 119/1600, 46433/100800, 78433/156800, 26⟩,
    ⟨[3], [0, 1, 2, 3, 4, 6, 7, 8, 9, 10, 13, 14], 1481/1600, 1/42, 9567/156800, 27⟩,
    ⟨[3], [0, 1, 2, 3, 4, 6, 7, 8, 9, 11, 12, 13], 1481/1600, 1/42, 9567/145600, 24⟩,
    ⟨[3], [0, 1, 2, 3, 4, 6, 7, 8, 9, 11, 12, 14], 1481/1600, 1/42, 9567/156800, 27⟩,
    ⟨[3], [0, 1, 2, 3, 4, 6, 7, 8, 9, 11, 13, 14], 1481/1600, 1/42, 9567/156800, 27⟩,
    ⟨[3], [0, 1, 2, 3, 4, 6, 7, 8, 9, 12, 13, 14], 103/800, 17921/22400, 56321/67200, 27⟩,
    ⟨[3], [0, 1, 2, 3, 4, 6, 7, 8, 10, 11, 12, 13], 1481/1600, 1/42, 9567/145600, 24⟩,
    ⟨[3], [0, 1, 2, 3, 4, 6, 7, 8, 10, 11, 12, 14], 1481/1600, 1/42, 9567/156800, 27⟩,
    ⟨[3], [0, 1, 2, 3, 4, 6, 7, 8, 10, 11, 13, 14], 1481/1600, 1/42, 9567/156800, 27⟩,
    ⟨[3], [0, 1, 2, 3, 4, 6, 7, 8, 10, 12, 13, 14], 1481/1600, 1/42, 9567/156800, 27⟩,
    ⟨[3], [0, 1, 2, 3, 4, 6, 7, 8, 11, 12, 13, 14], 1481/1600, 1/42, 9567/156800, 27⟩,
    ⟨[3], [0, 1, 2, 3, 4, 6, 7, 9, 10, 11, 12, 13], 1481/1600, 1/42, 9567/145600, 24⟩,
    ⟨[3], [0, 1, 2, 3, 4, 6, 7, 9, 10, 11, 12, 14], 1481/1600, 1/42, 9567/156800, 27⟩,
    ⟨[3], [0, 1, 2, 3, 4, 6, 7, 9, 10, 11, 13, 14], 1481/1600, 1/42, 9567/156800, 27⟩,
    ⟨[3], [0, 1, 2, 3, 4, 6, 7, 9, 10, 12, 13, 14], 1481/1600, 1/42, 9567/156800, 27⟩,
    ⟨[3], [0, 1, 2, 3, 4, 6, 7, 9, 11, 12, 13, 14], 1481/1600, 1/42, 9567/156800, 27⟩,
    ⟨[3], [0, 1, 2, 3, 4, 6, 7, 10, 11, 12, 13, 14], 1481/1600, 1/42, 9567/156800, 27⟩,
    ⟨[3], [0, 1, 2, 3, 4, 6, 8, 9, 10, 11, 12, 13], 1481/1600, 1/42, 9567/145600, 24⟩,
    ⟨[3], [0, 1, 2, 3, 4, 6, 8, 9, 10, 11, 12, 14], 1481/1600, 1/42, 9567/156800, 27⟩,
    ⟨[3], [0, 1, 2, 3, 4, 6, 8, 9, 10, 11, 13, 14], 1481/1600, 1/42, 9567/156800, 27⟩,
    ⟨[3], [0, 1, 2, 3, 4, 6, 8, 9, 10, 12, 13, 14], 1481/1600, 1/42, 9567/156800, 27⟩,
    ⟨[3], [0, 1, 2, 3, 4, 6, 8, 9, 11, 12, 13, 14], 1481/1600, 1/42, 9567/156800, 27⟩,
    ⟨[3], [0, 1, 2, 3, 4, 6, 8, 10, 11, 12, 13, 14], 1481/1600, 1/42, 9567/156800, 27⟩,
    ⟨[3], [0, 1, 2, 3, 4, 6, 9, 10, 11, 12, 13, 14], 1481/1600, 1/42, 9567/156800, 27⟩,
    ⟨[3], [0, 1, 2, 3, 4, 7, 8, 9, 10, 11, 12, 13], 1481/1600, 1/42, 9567/145600, 24⟩,
    ⟨[3], [0, 1, 2, 3, 4, 7, 8, 9, 10, 11, 12, 14], 1481/1600, 1/42, 9567/156800, 27⟩,
    ⟨[3], [0, 1, 2, 3, 4, 7, 8, 9, 10, 11, 13, 14], 1481/1600, 1/42, 9567/156800, 27⟩,
    ⟨[3], [0, 1, 2, 3, 4, 7, 8, 9, 10, 12, 13, 14], 1481/1600, 1/42, 9567/156800, 27⟩,
    ⟨[3], [0, 1, 2, 3, 4, 7, 8, 9, 11, 12, 13, 14], 1481/1600, 1/42, 9567/156800, 27⟩,
    ⟨[3], [0, 1, 2, 3, 4, 7, 8, 10, 11, 12, 13, 14], 1481/1600, 1/42, 9567/156800, 27⟩,
    ⟨[3], [0, 1, 2, 3, 4, 7, 9, 10, 11, 12, 13, 14], 1481/1600, 1/42, 9567/156800, 27⟩,
    ⟨[3], [0, 1, 2, 3, 4, 8, 9, 10, 11, 12, 13, 14], 1481/1600, 1/42, 9567/156800, 27⟩,
    ⟨[3], [0, 1, 2, 3, 5, 6, 7, 8, 9, 10, 11, 12], 1481/1600, 1/42, 3189/44800, 22⟩,
    ⟨[3], [0, 1, 2, 3, 5, 6, 7, 8, 9, 10, 11, 13], 1481/1600, 1/42, 9567/145600, 24⟩,
    ⟨[3], [0, 1, 2, 3, 5, 6, 7, 8, 9, 10, 11, 14], 1481/1600, 1/42, 9567/156800, 27⟩,
    ⟨[3], [0, 1, 2, 3, 5, 6, 7, 8, 9, 10, 12, 13], 1481/1600, 1/42, 9567/145600, 24⟩,
    ⟨[3], [0, 1, 2, 3, 5, 6, 7, 8, 9, 10, 12, 14], 119/1600, 46433/100800, 78433/156800, 26⟩,
    ⟨[3], [0, 1, 2, 3, 5, 6, 7, 8, 9, 10, 13, 14], 1481/1600, 1/42, 9567/156800, 27⟩,
    ⟨[3], [0, 1, 2, 3, 5, 6, 7, 8, 9, 11, 12, 13], 1481/1600, 1/42, 9567/145600, 24⟩,
    ⟨[3], [0, 1, 2, 3, 5, 6, 7, 8, 9, 11, 12, 14], 1481/1600, 1/42, 9567/156800, 27⟩,
    ⟨[3], [0, 1, 2, 3, 5, 6, 7, 8, 9, 11, 13, 14], 1481/1600, 1/42, 9567/156800, 27⟩,
    ⟨[3], [0, 1, 2, 3, 5, 6, 7, 8, 9, 12, 13, 14], 1481/1600, 1/42, 9567/156800, 27⟩,
    ⟨[3], [0, 1, 2, 3, 5, 6, 7, 8, 10, 11, 12, 13], 1481/1600, 1/42, 9567/145600, 24⟩,
    ⟨[3], [0, 1, 2, 3, 5, 6, 7, 8, 10, 11, 12, 14], 1481/1600, 1/42, 9567/156800, 27⟩,
    ⟨[3], [0, 1, 2, 3, 5, 6, 7, 8, 10, 11, 13, 14], 1481/1600, 1/42, 9567/156800, 27⟩,
    ⟨[3], [0, 1, 2, 3, 5, 6, 7, 8, 10, 12, 13, 14], 1481/1600, 1/42, 9567/156800, 27⟩,
    ⟨[3], [0, 1, 2, 3, 5, 6, 7, 8, 11, 12, 13, 14], 1481/1600, 1/42, 9567/156800, 27⟩,
    ⟨[3], [0, 1, 2, 3, 5, 6, 7, 9, 10, 11, 12, 13], 1481/1600, 1/42, 9567/145600, 24⟩,
    ⟨[3], [0, 1, 2, 3, 5, 6, 7, 9, 10, 11, 12, 14], 1481/1600, 1/42, 9567/156800, 27⟩,
    ⟨[3], [0, 1, 2, 3, 5, 6, 7, 9, 10, 11, 13, 14], 1481/1600, 1/42, 9567/156800, 27⟩,
    ⟨[3], [0, 1, 2, 3, 5, 6, 7, 9, 10, 12, 13, 14], 1481/1600, 1/42, 9567/156800, 27⟩,
    ⟨[3], [0, 1, 2, 3, 5, 6, 7, 9, 11, 12, 13, 14], 1481/1600, 1/42, 9567/156800, 27⟩,
    ⟨[3], [0, 1, 2, 3, 5, 6, 7, 10, 11, 12, 13, 14], 1481/1600, 1/42, 9567/156800, 27⟩,
    ⟨[3], [0, 1, 2, 3, 5, 6, 8, 9, 10, 11, 12, 13], 1481/1600, 1/42, 9567/145600, 24⟩,
    ⟨[3], [0, 1, 2, 3, 5, 6, 8, 9, 10, 11, 12, 14], 1481/1600, 1/42, 9567/156800, 27⟩,
    ⟨[3], [0, 1, 2, 3, 5, 6, 8, 9, 10, 11, 13, 14], 1481/1600, 1/42, 9567/156800, 27⟩,
    ⟨[3], [0, 1, 2, 3, 5, 6, 8, 9, 10, 12, 13, 14], 1481/1600, 1/42, 9567/156800, 27⟩,
    ⟨[3], [0, 1, 2, 3, 5, 6, 8, 9, 11, 12, 13, 14], 1481/1600, 1/42, 9567/156800, 27⟩,
    ⟨[3], [0, 1, 2, 3, 5, 6, 8, 10, 11, 12, 13, 14], 1481/1600, 1/42, 9567/156800, 27⟩,
    ⟨[3], [0, 1, 2, 3, 5, 6, 9, 10, 11, 12, 13, 14], 1481/1600, 1/42, 9567/156800, 27⟩,
    ⟨[3], [0, 1, 2, 3, 5, 7, 8, 9, 10, 11, 12, 13], 1481/1600, 1/42, 9567/145600, 24⟩,
    ⟨[3], [0, 1, 2, 3, 5, 7, 8, 9, 10, 11, 12, 14], 1481/1600, 1/42, 9567/156800, 27⟩,
    ⟨[3], [0, 1, 2, 3, 5, 7, 8, 9, 10, 11, 13, 14], 1481/1600, 1/42, 9567/156800, 27⟩,
    ⟨[3], [0, 1, 2, 3, 5, 7, 8, 9, 10, 12, 13, 14], 1481/1600, 1/42, 9567/156800, 27⟩,
    ⟨[3], [0, 1, 2, 3, 5, 7, 8, 9, 11, 12, 13, 14], 1481/1600, 1/42, 9567/156800, 27⟩,
    ⟨[3], [0, 1, 2, 3, 5, 7, 8, 10, 11, 12, 13, 14], 1481/1600, 1/42, 9567/156800, 27⟩,
    ⟨[3], [0, 1, 2, 3, 5, 7, 9, 10, 11, 12, 13, 14], 1481/1600, 1/42, 9567/156800, 27⟩,
    ⟨[3], [0, 1, 2, 3, 5, 8, 9, 10, 11, 12, 13, 14], 1481/1600, 1/42, 9567/156800, 27⟩,
    ⟨[3], [0, 1, 2, 3, 6, 7, 8, 9, 10, 11, 12, 13], 1481/1600, 1/42, 9567/145600, 24⟩,
    ⟨[3], [0, 1, 2, 3, 6, 7, 8, 9, 10, 11, 12, 14], 1481/1600, 1/42, 9567/156800, 27⟩,
    ⟨[3], [0, 1, 2, 3, 6, 7, 8, 9, 10, 11, 13, 14], 1481/1600, 1/42, 9567/156800, 27⟩,
    ⟨[3], [0, 1, 2, 3, 6, 7, 8, 9, 10, 12, 13, 14], 1481/1600, 1/42, 9567/156800, 27⟩,
    ⟨[3], [0, 1, 2, 3, 6, 7, 8, 9, 11, 12, 13, 14], 1481/1600, 1/42, 9567/156800, 27⟩,
    ⟨[3], [0, 1, 2, 3, 6, 7, 8, 10, 11, 12, 13, 14], 1481/1600, 1/42, 9567/156800, 27⟩,
    ⟨[3], [0, 1, 2, 3, 6, 7, 9, 10, 11, 12, 13, 14], 1481/1600, 1/42, 9567/156800, 27⟩,
    ⟨[3], [0, 1, 2, 3, 6, 8, 9, 10, 11, 12, 13, 14], 1481/1600, 1/42, 9567/156800, 27⟩,
    ⟨[3], [0, 1, 2, 3, 7, 8, 9, 10, 11, 12, 13, 14], 1481/1600, 1/42, 9567/156800, 27⟩,
    ⟨[3], [0, 1, 2, 4, 5, 6, 7, 8, 9, 10, 11, 12], 1481/1600, 1/42, 3189/44800, 22⟩,
    ⟨[3], [0, 1, 2, 4, 5, 6, 7, 8, 9, 10, 11, 13], 1481/1600, 1/42, 9567/145600, 24⟩,
    ⟨[3], [0, 1, 2, 4, 5, 6, 7, 8, 9, 10, 11, 14], 1481/1600, 1/42, 9567/156800, 27⟩,
    ⟨[3], [0, 1, 2, 4, 5, 6, 7, 8, 9, 10, 12, 13], 1481/1600, 1/42, 9567/145600, 24⟩,
    ⟨[3], [0, 1, 2, 4, 5, 6, 7, 8, 9, 10, 12, 14], 119/1600, 46433/100800, 78433/156800, 26⟩,
    ⟨[3], [0, 1, 2, 4, 5, 6, 7, 8, 9, 10, 13, 14], 1481/1600, 1/42, 9567/156800, 27⟩,
    ⟨[3], [0, 1, 2, 4, 5, 6, 7, 8, 9, 11, 12, 13], 1481/1600, 1/42, 9567/145600, 24⟩,
    ⟨[3], [0, 1, 2, 4, 5, 6, 7, 8, 9, 11, 12, 14], 1481/1600, 1/42, 9567/156800, 27⟩,
    ⟨[3], [0, 1, 2, 4, 5, 6, 7, 8, 9, 11, 13, 14], 1481/1600, 1/42, 9567/156800, 27⟩,
    ⟨[3], [0, 1, 2, 4, 5, 6, 7, 8, 9, 12, 13, 14], 1481/1600, 1/42, 9567/156800, 27⟩,
    ⟨[3], [0, 1, 2, 4, 5, 6, 7, 8, 10, 11, 12, 13], 1481/1600, 1/42, 9567/145600, 24⟩,
    ⟨[3], [0, 1, 2, 4, 5, 6, 7, 8, 10, 11, 12, 14], 1481/1600, 1/42, 9567/156800, 27⟩,
    ⟨[3], [0, 1, 2, 4, 5, 6, 7, 8, 10, 11, 13, 14], 1481/1600, 1/42, 9567/156800, 27⟩,
    ⟨[3], [0, 1, 2, 4, 5, 6, 7, 8, 10, 12, 13, 14], 1481/1600, 1/42, 9567/156800, 27⟩,
    ⟨[3], [0, 1, 2, 4, 5, 6, 7, 8, 11, 12, 13, 14], 1481/1600, 1/42, 9567/156800, 27⟩,
    ⟨[3], [0, 1, 2, 4, 5, 6, 7, 9, 10, 11, 12, 13], 1481/1600, 1/42, 9567/145600, 24⟩,
    ⟨[3], [0, 1, 2, 4, 5, 6, 7, 9, 10, 11, 12, 14], 1481/1600, 1/42, 9567/156800, 27⟩,
    ⟨[3], [0, 1, 2, 4, 5, 6, 7, 9, 10, 11, 13, 14], 1481/1600, 1/42, 9567/156800, 27⟩,
    ⟨[3], [0, 1, 2, 4, 5, 6, 7, 9, 10, 12, 13, 14], 1481/1600, 1/42, 9567/156800, 27⟩,
    ⟨[3], [0, 1, 2, 4, 5, 6, 7, 9, 11, 12, 13, 14], 1481/1600, 1/42, 9567/156800, 27⟩,
    ⟨[3], [0, 1, 2, 4, 5, 6, 7, 10, 11, 12, 13, 14], 1481/1600, 1/42, 9567/156800, 27⟩,
    ⟨[3], [0, 1, 2, 4, 5, 6, 8, 9, 10, 11, 12, 13], 1481/1600, 1/42, 9567/145600, 24⟩,
    ⟨[3], [0, 1, 2, 4, 5, 6, 8, 9, 10, 11, 12, 14], 1481/1600, 1/42, 9567/156800, 27⟩,
    ⟨[3], [0, 1, 2, 4, 5, 6, 8, 9, 10, 11, 13, 14], 1481/1600, 1/42, 9567/156800, 27⟩,
    ⟨[3], [0, 1, 2, 4, 5, 6, 8, 9, 10, 12, 13, 14], 1481/1600, 1/42, 9567/156800, 27⟩,
    ⟨[3], [0, 1, 2, 4, 5, 6, 8, 9, 11, 12, 13, 14], 1481/1600, 1/42, 9567/156800, 27⟩,
    ⟨[3], [0, 1, 2, 4, 5, 6, 8, 10, 11, 12, 13, 14], 1481/1600, 1/42, 9567/156800, 27⟩,
    ⟨[3], [0, 1, 2, 4, 5, 6, 9, 10, 11, 12, 13, 14], 1481/1600, 1/42, 9567/156800, 27⟩,
    ⟨[3], [0, 1, 2, 4, 5, 7, 8, 9, 10, 11, 12, 13], 1481/1600, 1/42, 9567/145600, 24⟩,
    ⟨[3], [0, 1, 2, 4, 5, 7, 8, 9, 10, 11, 12, 14], 1481/1600, 1/42, 9567/156800, 27⟩,
    ⟨[3], [0, 1, 2, 4, 5, 7, 8, 9, 10, 11, 13, 14], 1481/1600, 1/42, 9567/156800, 27⟩,
    ⟨[3], [0, 1, 2, 4, 5, 7, 8, 9, 10, 12, 13, 14], 1481/1600, 1/42, 9567/156800, 27⟩,
    ⟨[3], [0, 1, 2, 4, 5, 7, 8, 9, 11, 12, 13, 14], 1481/1600, 1/42, 9567/156800, 27⟩,
    ⟨[3], [0, 1, 2, 4, 5, 7, 8, 10, 11, 12, 13, 14], 1481/1600, 1/42, 9567/156800, 27⟩,
    ⟨[3], [0, 1, 2, 4, 5, 7, 9, 10, 11, 12, 13, 14], 1481/1600, 1/42, 9567/156800, 27⟩,
    ⟨[3], [0, 1, 2, 4, 5, 8, 9, 10, 11, 12, 13, 14], 1481/1600, 1/42, 9567/156800, 27⟩,
    ⟨[3], [0, 1, 2, 4, 6, 7, 8, 9, 10, 11, 12, 13], 1481/1600, 1/42, 9567/145600, 24⟩,
    ⟨[3], [0, 1, 2, 4, 6, 7, 8, 9, 10, 11, 12, 14], 1481/1600, 1/42, 9567/156800, 27⟩,
    ⟨[3], [0, 1, 2, 4, 6, 7, 8, 9, 10, 11, 13, 14], 1481/1600, 1/42, 9567/156800, 27⟩,
    ⟨[3], [0, 1, 2, 4, 6, 7, 8, 9, 10, 12, 13, 14], 1481/1600, 1/42, 9567/156800, 27⟩,
    ⟨[3], [0, 1, 2, 4, 6, 7, 8, 9, 11, 12, 13, 14], 1481/1600, 1/42, 9567/156800, 27⟩,
    ⟨[3], [0, 1, 2, 4, 6, 7, 8, 10, 11, 12, 13, 14], 1481/1600, 1/42, 9567/156800, 27⟩,
    ⟨[3], [0, 1, 2, 4, 6, 7, 9, 10, 11, 12, 13, 14], 1481/1600, 1/42, 9567/156800, 27⟩,
    ⟨[3], [0, 1, 2, 4, 6, 8, 9, 10, 11, 12, 13, 14], 1481/1600, 1/42, 9567/156800, 27⟩,
    ⟨[3], [0, 1, 2, 4, 7, 8, 9, 10, 11, 12, 13, 14], 1481/1600, 1/42, 9567/156800, 27⟩,
    ⟨[3], [0, 1, 2, 5, 6, 7, 8, 9, 10, 11, 12, 13], 1481/1600, 1/42, 9567/145600, 24⟩,
    ⟨[3], [0, 1, 2, 5, 6, 7, 8, 9, 10, 11, 12, 14], 1481/1600, 1/42, 9567/156800, 27⟩,
    ⟨[3], [0, 1, 2, 5, 6, 7, 8, 9, 10, 11, 13, 14], 1481/1600, 1/42, 9567/156800, 27⟩,
    ⟨[3], [0, 1, 2, 5, 6, 7, 8, 9, 10, 12, 13, 14], 1481/1600, 1/42, 9567/156800, 27⟩,
    ⟨[3], [0, 1, 2, 5, 6, 7, 8, 9, 11, 12, 13, 14], 1481/1600, 1/42, 9567/156800, 27⟩,
    ⟨[3], [0, 1, 2, 5, 6, 7, 8, 10, 11, 12, 13, 14], 1481/1600, 1/42, 9567/156800, 27⟩,
    ⟨[3], [0, 1, 2, 5, 6, 7, 9, 10, 11, 12, 13, 14], 1481/1600, 1/42, 9567/156800, 27⟩,
    ⟨[3], [0, 1, 2, 5, 6, 8, 9, 10, 11, 12, 13, 14], 1481/1600, 1/42, 9567/156800, 27⟩,
    ⟨[3], [0, 1, 2, 5, 7, 8, 9, 10, 11, 12, 13, 14], 1481/1600, 1/42, 9567/156800, 27⟩,
    ⟨[3], [0, 1, 2, 6, 7, 8, 9, 10, 11, 12, 13, 14], 1481/1600, 1/42, 9567/156800, 27⟩,
    ⟨[3], [0, 1, 3, 4, 5, 6, 7, 8, 9, 10, 11, 12], 1481/1600, 1/42, 3189/44800, 22⟩,
    ⟨[3], [0, 1, 3, 4, 5, 6, 7, 8, 9, 10, 11, 13], 1481/1600, 1/42, 9567/145600, 24⟩,
    ⟨[3], [0, 1, 3, 4, 5, 6, 7, 8, 9, 10, 11, 14], 1481/1600, 1/42, 9567/156800, 27⟩,
    ⟨[3], [0, 1, 3, 4, 5, 6, 7, 8, 9, 10, 12, 13], 1481/1600, 1/42, 9567/145600, 24⟩,
    ⟨[3], [0, 1, 3, 4, 5, 6, 7, 8, 9, 10, 12, 14], 119/1600, 46433/100800, 78433/156800, 26⟩,
    ⟨[3], [0, 1, 3, 4, 5, 6, 7, 8, 9, 10, 13, 14], 1481/1600, 1/42, 9567/156800, 27⟩,
    ⟨[3], [0, 1, 3, 4, 5, 6, 7, 8, 9, 11, 12, 13], 1481/1600, 1/42, 9567/145600, 24⟩,
    ⟨[3], [0, 1, 3, 4, 5, 6, 7, 8, 9, 11, 12, 14], 1481/1600, 1/42, 9567/156800, 27⟩,
    ⟨[3], [0, 1, 3, 4, 5, 6, 7, 8, 9, 11, 13, 14], 1481/1600, 1/42, 9567/156800, 27⟩,
    ⟨[3], [0, 1, 3, 4, 5, 6, 7, 8, 9, 12, 13, 14], 1481/1600, 1/42, 9567/156800, 27⟩,
    ⟨[3], [0, 1, 3, 4, 5, 6, 7, 8, 10, 11, 12, 13], 1481/1600, 1/42, 9567/145600, 24⟩,
    ⟨[3], [0, 1, 3, 4, 5, 6, 7, 8, 10, 11, 12, 14], 1481/1600, 1/42, 9567/156800, 27⟩,
    ⟨[3], [0, 1, 3, 4, 5, 6, 7, 8, 10, 11, 13, 14], 1481/1600, 1/42, 9567/156800, 27⟩,
    ⟨[3], [0, 1, 3, 4, 5, 6, 7, 8, 10, 12, 13, 14], 1481/1600, 1/42, 9567/156800, 27⟩,
    ⟨[3], [0, 1, 3, 4, 5, 6, 7, 8, 11, 12, 13, 14], 1481/1600, 1/42, 9567/156800, 27⟩,
    ⟨[3], [0, 1, 3, 4, 5, 6, 7, 9, 10, 11, 12, 13], 1481/1600, 1/42, 9567/145600, 24⟩,
    ⟨[3], [0, 1, 3, 4, 5, 6, 7, 9, 10, 11, 12, 14], 1481/1600, 1/42, 9567/156800, 27⟩,
    ⟨[3], [0, 1, 3, 4, 5, 6, 7, 9, 10, 11, 13, 14], 1481/1600, 1/42, 9567/156800, 27⟩,
    ⟨[3], [0, 1, 3, 4, 5, 6, 7, 9, 10, 12, 13, 14], 1481/1600, 1/42, 9567/156800, 27⟩,
    ⟨[3], [0, 1, 3, 4, 5, 6, 7, 9, 11, 12, 13, 14], 1481/1600, 1/42, 9567/156800, 27⟩,
    ⟨[3], [0, 1, 3, 4, 5, 6, 7, 10, 11, 12, 13, 14], 1481/1600, 1/42, 9567/156800, 27⟩,
    ⟨[3], [0, 1, 3, 4, 5, 6, 8, 9, 10, 11, 12, 13], 1481/1600, 1/42, 9567/145600, 24⟩,
    ⟨[3], [0, 1, 3, 4, 5, 6, 8, 9, 10, 11, 12, 14], 1481/1600, 1/42, 9567/156800, 27⟩,
    ⟨[3], [0, 1, 3, 4, 5, 6, 8, 9, 10, 11, 13, 14], 1481/1600, 1/42, 9567/156800, 27⟩,
    ⟨[3], [0, 1, 3, 4, 5, 6, 8, 9, 10, 12, 13, 14], 1481/1600, 1/42, 9567/156800, 27⟩,
    ⟨[3], [0, 1, 3, 4, 5, 6, 8, 9, 11, 12, 13, 14], 1481/1600, 1/42, 9567/156800, 27⟩,
    ⟨[3], [0, 1, 3, 4, 5, 6, 8, 10, 11, 12, 13, 14], 1481/1600, 1/42, 9567/156800, 27⟩,
    ⟨[3], [0, 1, 3, 4, 5, 6, 9, 10, 11, 12, 13, 14], 1481/1600, 1/42, 9567/156800, 27⟩,
    ⟨[3], [0, 1, 3, 4, 5, 7, 8, 9, 10, 11, 12, 13], 1481/1600, 1/42, 9567/145600, 24⟩,
    ⟨[3], [0, 1, 3, 4, 5, 7, 8, 9, 10, 11, 12, 14], 1481/1600, 1/42, 9567/156800, 27⟩,
    ⟨[3], [0, 1, 3, 4, 5, 7, 8, 9, 10, 11, 13, 14], 1481/1600, 1/42, 9567/156800, 27⟩,
    ⟨[3], [0, 1, 3, 4, 5, 7, 8, 9, 10, 12, 13, 14], 1481/1600, 1/42, 9567/156800, 27⟩,
    ⟨[3], [0, 1, 3, 4, 5, 7, 8, 9, 11, 12, 13, 14], 1481/1600, 1/42, 9567/156800, 27⟩,
    ⟨[3], [0, 1, 3, 4, 5, 7, 8, 10, 11, 12, 13, 14], 1481/1600, 1/42, 9567/156800, 27⟩,
    ⟨[3], [0, 1, 3, 4, 5, 7, 9, 10, 11, 12, 13, 14], 1481/1600, 1/42, 9567/156800, 27⟩,
    ⟨[3], [0, 1, 3, 4, 5, 8, 9, 10, 11, 12, 13, 14], 1481/1600, 1/42, 9567/156800, 27⟩,
    ⟨[3], [0, 1, 3, 4, 6, 7, 8, 9, 10, 11, 12, 13], 1481/1600, 1/42, 9567/145600, 24⟩,
    ⟨[3], [0, 1, 3, 4, 6, 7, 8, 9, 10, 11, 12, 14], 1481/1600, 1/42, 9567/156800, 27⟩,
    ⟨[3], [0, 1, 3, 4, 6, 7, 8, 9, 10, 11, 13, 14], 1481/1600, 1/42, 9567/156800, 27⟩,
    ⟨[3], [0, 1, 3, 4, 6, 7, 8, 9, 10, 12, 13, 14], 1481/1600, 1/42, 9567/156800, 27⟩,
    ⟨[3], [0, 1, 3, 4, 6, 7, 8, 9, 11, 12, 13, 14], 1481/1600, 1/42, 9567/156800, 27⟩,
    ⟨[3], [0, 1, 3, 4, 6, 7, 8, 10, 11, 12, 13, 14], 1481/1600, 1/42, 9567/156800, 27⟩,
    ⟨[3], [0, 1, 3, 4, 6, 7, 9, 10, 11, 12, 13, 14], 1481/1600, 1/42, 9567/156800, 27⟩,
    ⟨[3], [0, 1, 3, 4, 6, 8, 9, 10, 11, 12, 13, 14], 1481/1600, 1/42, 9567/156800, 27⟩,
    ⟨[3], [0, 1, 3, 4, 7, 8, 9, 10, 11, 12, 13, 14], 1481/1600, 1/42, 9567/156800, 27⟩,
    ⟨[3], [0, 1, 3, 5, 6, 7, 8, 9, 10, 11, 12, 13], 1481/1600, 1/42, 9567/145600, 24⟩,
    ⟨[3], [0, 1, 3, 5, 6, 7, 8, 9, 10, 11, 12, 14], 1481/1600, 1/42, 9567/156800, 27⟩,
    ⟨[3], [0, 1, 3, 5, 6, 7, 8, 9, 10, 11, 13, 14], 1481/1600, 1/42, 9567/156800, 27⟩,
    ⟨[3], [0, 1, 3, 5, 6, 7, 8, 9, 10, 12, 13, 14], 1481/1600, 1/42, 9567/156800, 27⟩,
    ⟨[3], [0, 1, 3, 5, 6, 7, 8, 9, 11, 12, 13, 14], 1481/1600, 1/42, 9567/156800, 27⟩,
    ⟨[3], [0, 1, 3, 5, 6, 7, 8, 10, 11, 12, 13, 14], 1481/1600, 1/42, 9567/156800, 27⟩,
    ⟨[3], [0, 1, 3, 5, 6, 7, 9, 10, 11, 12, 13, 14], 1481/1600, 1/42, 9567/156800, 27⟩,
    ⟨[3], [0, 1, 3, 5, 6, 8, 9, 10, 11, 12, 13, 14], 1481/1600, 1/42, 9567/156800, 27⟩,
    ⟨[3], [0, 1, 3, 5, 7, 8, 9, 10, 11, 12, 13, 14], 1481/1600, 1/42, 9567/156800, 27⟩,
    ⟨[3], [0, 1, 3, 6, 7, 8, 9, 10, 11, 12, 13, 14], 1481/1600, 1/42, 9567/156800, 27⟩,
    ⟨[3], [0, 1, 4, 5, 6, 7, 8, 9, 10, 11, 12, 13], 1481/1600, 1/42, 9567/145600, 24⟩,
    ⟨[3], [0, 1, 4, 5, 6, 7, 8, 9, 10, 11, 12, 14], 1481/1600, 1/42, 9567/156800, 27⟩,
    ⟨[3], [0, 1, 4, 5, 6, 7, 8, 9, 10, 11, 13, 14], 1481/1600, 1/42, 9567/156800, 27⟩,
    ⟨[3], [0, 1, 4, 5, 6, 7, 8, 9, 10, 12, 13, 14], 1481/1600, 1/42, 9567/156800, 27⟩,
    ⟨[3], [0, 1, 4, 5, 6, 7, 8, 9, 11, 12, 13, 14], 1481/1600, 1/42, 9567/156800, 27⟩,
    ⟨[3], [0, 1, 4, 5, 6, 7, 8, 10, 11, 12, 13, 14], 1481/1600, 1/42, 9567/156800, 27⟩,
    ⟨[3], [0, 1, 4, 5, 6, 7, 9, 10, 11, 12, 13, 14], 1481/1600, 1/42, 9567/156800, 27⟩,
    ⟨[3], [0, 1, 4, 5, 6, 8, 9, 10, 11, 12, 13, 14], 1481/1600, 1/42, 9567/156800, 27⟩,
    ⟨[3], [0, 1, 4, 5, 7, 8, 9, 10, 11, 12, 13, 14], 1481/1600, 1/42, 9567/156800, 27⟩,
    ⟨[3], [0, 1, 4, 6, 7, 8, 9, 10, 11, 12, 13, 14], 1481/1600, 1/42, 9567/156800, 27⟩,
    ⟨[3], [0, 1, 5, 6, 7, 8, 9, 10, 11, 12, 13, 14], 1481/1600, 1/42, 9567/156800, 27⟩,
    ⟨[3], [0, 2, 3, 4, 5, 6, 7, 8, 9, 10, 11, 12], 1481/1600, 1/42, 3189/44800, 22⟩,
    ⟨[3], [0, 2, 3, 4, 5, 6, 7, 8, 9, 10, 11, 13], 1481/1600, 1/42, 9567/145600, 24⟩,
    ⟨[3], [0, 2, 3, 4, 5, 6, 7, 8, 9, 10, 11, 14], 1481/1600, 1/42, 9567/156800, 27⟩,
    ⟨[3], [0, 2, 3, 4, 5, 6, 7, 8, 9, 10, 12, 13], 1481/1600, 1/42, 9567/145600, 24⟩,
    ⟨[3], [0, 2, 3, 4, 5, 6, 7, 8, 9, 10, 12, 14], 119/1600, 46433/100800, 78433/156800, 26⟩,
    ⟨[3], [0, 2, 3, 4, 5, 6, 7, 8, 9, 10, 13, 14], 1481/1600, 1/42, 9567/156800, 27⟩,
    ⟨[3], [0, 2, 3, 4, 5, 6, 7, 8, 9, 11, 12, 13], 1481/1600, 1/42, 9567/145600, 24⟩,
    ⟨[3], [0, 2, 3, 4, 5, 6, 7, 8, 9, 11, 12, 14], 1481/1600, 1/42, 9567/156800, 27⟩,
    ⟨[3], [0, 2, 3, 4, 5, 6, 7, 8, 9, 11, 13, 14], 1481/1600, 1/42, 9567/156800, 27⟩,
    ⟨[3], [0, 2, 3, 4, 5, 6, 7, 8, 9, 12, 13, 14], 1481/1600, 1/42, 9567/156800, 27⟩,
    ⟨[3], [0, 2, 3, 4, 5, 6, 7, 8, 10, 11, 12, 13], 1481/1600, 1/42, 9567/145600, 24⟩,
    ⟨[3], [0, 2, 3, 4, 5, 6, 7, 8, 10, 11, 12, 14], 1481/1600, 1/42, 9567/156800, 27⟩,
    ⟨[3], [0, 2, 3, 4, 5, 6, 7, 8, 10, 11, 13, 14], 1481/1600, 1/42, 9567/156800, 27⟩,
    ⟨[3], [0, 2, 3, 4, 5, 6, 7, 8, 10, 12, 13, 14], 1481/1600, 1/42, 9567/156800, 27⟩,
    ⟨[3], [0, 2, 3, 4, 5, 6, 7, 8, 11, 12, 13, 14], 1481/1600, 1/42, 9567/156800, 27⟩,
    ⟨[3], [0, 2, 3, 4, 5, 6, 7, 9, 10, 11, 12, 13], 1481/1600, 1/42, 9567/145600, 24⟩,
    ⟨[3], [0, 2, 3, 4, 5, 6, 7, 9, 10, 11, 12, 14], 1481/1600, 1/42, 9567/156800, 27⟩,
    ⟨[3], [0, 2, 3, 4, 5, 6, 7, 9, 10, 11, 13, 14], 1481/1600, 1/42, 9567/156800, 27⟩,
    ⟨[3], [0, 2, 3, 4, 5, 6, 7, 9, 10, 12, 13, 14], 1481/1600, 1/42, 9567/156800, 27⟩,
    ⟨[3], [0, 2, 3, 4, 5, 6, 7, 9, 11, 12, 13, 14], 1481/1600, 1/42, 9567/156800, 27⟩,
    ⟨[3], [0, 2, 3, 4, 5, 6, 7, 10, 11, 12, 13, 14], 1481/1600, 1/42, 9567/156800, 27⟩,
    ⟨[3], [0, 2, 3, 4, 5, 6, 8, 9, 10, 11, 12, 13], 1481/1600, 1/42, 9567/145600, 24⟩,
    ⟨[3], [0, 2, 3, 4, 5, 6, 8, 9, 10, 11, 12, 14], 1481/1600, 1/42, 9567/156800, 27⟩,
    ⟨[3], [0, 2, 3, 4, 5, 6, 8, 9, 10, 11, 13, 14], 1481/1600, 1/42, 9567/156800, 27⟩,
    ⟨[3], [0, 2, 3, 4, 5, 6, 8, 9, 10, 12, 13, 14], 1481/1600, 1/42, 9567/156800, 27⟩,
    ⟨[3], [0, 2, 3, 4, 5, 6, 8, 9, 11, 12, 13, 14], 1481/1600, 1/42, 9567/156800, 27⟩,
    ⟨[3], [0, 2, 3, 4, 5, 6, 8, 10, 11, 12, 13, 14], 1481/1600, 1/42, 9567/156800, 27⟩,
    ⟨[3], [0, 2, 3, 4, 5, 6, 9, 10, 11, 12, 13, 14], 1481/1600, 1/42, 9567/156800, 27⟩,
    ⟨[3], [0, 2, 3, 4, 5, 7, 8, 9, 10, 11, 12, 13], 1481/1600, 1/42, 9567/145600, 24⟩,
    ⟨[3], [0, 2, 3, 4, 5, 7, 8, 9, 10, 11, 12, 14], 1481/1600, 1/42, 9567/156800, 27⟩,
    ⟨[3], [0, 2, 3, 4, 5, 7, 8, 9, 10, 11, 13, 14], 1481/1600, 1/42, 9567/156800, 27⟩,
    ⟨[3], [0, 2, 3, 4, 5, 7, 8, 9, 10, 12, 13, 14], 1481/1600, 1/42, 9567/156800, 27⟩,
    ⟨[3], [0, 2, 3, 4, 5, 7, 8, 9, 11, 12, 13, 14], 1481/1600, 1/42, 9567/156800, 27⟩,
    ⟨[3], [0, 2, 3, 4, 5, 7, 8, 10, 11, 12, 13, 14], 1481/1600, 1/42, 9567/156800, 27⟩,
    ⟨[3], [0, 2, 3, 4, 5, 7, 9, 10, 11, 12, 13, 14], 1481/1600, 1/42, 9567/156800, 27⟩,
    ⟨[3], [0, 2, 3, 4, 5, 8, 9, 10, 11, 12, 13, 14], 1481/1600, 1/42, 9567/156800, 27⟩,
    ⟨[3], [0, 2, 3, 4, 6, 7, 8, 9, 10, 11, 12, 13], 1481/1600, 1/42, 9567/145600, 24⟩,
    ⟨[3], [0, 2, 3, 4, 6, 7, 8, 9, 10, 11, 12, 14], 1481/1600, 1/42, 9567/156800, 27⟩,
    ⟨[3], [0, 2, 3, 4, 6, 7, 8, 9, 10, 11, 13, 14], 1481/1600, 1/42, 9567/156800, 27⟩,
    ⟨[3], [0, 2, 3, 4, 6, 7, 8, 9, 10, 12, 13, 14], 1481/1600, 1/42, 9567/156800, 27⟩,
    ⟨[3], [0, 2, 3, 4, 6, 7, 8, 9, 11, 12, 13, 14], 1481/1600, 1/42, 9567/156800, 27⟩,
    ⟨[3], [0, 2, 3, 4, 6, 7, 8, 10, 11, 12, 13, 14], 1481/1600, 1/42, 9567/156800, 27⟩,
    ⟨[3], [0, 2, 3, 4, 6, 7, 9, 10, 11, 12, 13, 14], 1481/1600, 1/42, 9567/156800, 27⟩,
    ⟨[3], [0, 2, 3, 4, 6, 8, 9, 10, 11, 12, 13, 14], 1481/1600, 1/42, 9567/156800, 27⟩,
    ⟨[3], [0, 2, 3, 4, 7, 8, 9, 10, 11, 12, 13, 14], 1481/1600, 1/42, 9567/156800, 27⟩,
    ⟨[3], [0, 2, 3, 5, 6, 7, 8, 9, 10, 11, 12, 13], 1481/1600, 1/42, 9567/145600, 24⟩,
    ⟨[3], [0, 2, 3, 5, 6, 7, 8, 9, 10, 11, 12, 14], 1481/1600, 1/42, 9567/156800, 27⟩,
    ⟨[3], [0, 2, 3, 5, 6, 7, 8, 9, 10, 11, 13, 14], 1481/1600, 1/42, 9567/156800, 27⟩,
    ⟨[3], [0, 2, 3, 5, 6, 7, 8, 9, 10, 12, 13, 14], 1481/1600, 1/42, 9567/156800, 27⟩,
    ⟨[3], [0, 2, 3, 5, 6, 7, 8, 9, 11, 12, 13, 14], 1481/1600, 1/42, 9567/156800, 27⟩,
    ⟨[3], [0, 2, 3, 5, 6, 7, 8, 10, 11, 12, 13, 14], 1481/1600, 1/42, 9567/156800, 27⟩,
    ⟨[3], [0, 2, 3, 5, 6, 7, 9, 10, 11, 12, 13, 14], 1481/1600, 1/42, 9567/156800, 27⟩,
    ⟨[3], [0, 2, 3, 5, 6, 8, 9, 10, 11, 12, 13, 14], 1481/1600, 1/42, 9567/156800, 27⟩,
    ⟨[3], [0, 2, 3, 5, 7, 8, 9, 10, 11, 12, 13, 14], 1481/1600, 1/42, 9567/156800, 27⟩,
    ⟨[3], [0, 2, 3, 6, 7, 8, 9, 10, 11, 12, 13, 14], 1481/1600, 1/42, 9567/156800, 27⟩,
    ⟨[3], [0, 2, 4, 5, 6, 7, 8, 9, 10, 11, 12, 13], 1481/1600, 1/42, 9567/145600, 24⟩,
    ⟨[3], [0, 2, 4, 5, 6, 7, 8, 9, 10, 11, 12, 14], 1481/1600, 1/42, 9567/156800, 27⟩,
    ⟨[3], [0, 2, 4, 5, 6, 7, 8, 9, 10, 11, 13, 14], 1481/1600, 1/42, 9567/156800, 27⟩,
    ⟨[3], [0, 2, 4, 5, 6, 7, 8, 9, 10, 12, 13, 14], 1481/1600, 1/42, 9567/156800, 27⟩,
    ⟨[3], [0, 2, 4, 5, 6, 7, 8, 9, 11, 12, 13, 14], 1481/1600, 1/42, 9567/156800, 27⟩,
    ⟨[3], [0, 2, 4, 5, 6, 7, 8, 10, 11, 12, 13, 14], 1481/1600, 1/42, 9567/156800, 27⟩,
    ⟨[3], [0, 2, 4, 5, 6, 7, 9, 10, 11, 12, 13, 14], 1481/1600, 1/42, 9567/156800, 27⟩,
    ⟨[3], [0, 2, 4, 5, 6, 8, 9, 10, 11, 12, 13, 14], 1481/1600, 1/42, 9567/156800, 27⟩,
    ⟨[3], [0, 2, 4, 5, 7, 8, 9, 10, 11, 12, 13, 14], 1481/1600, 1/42, 9567/156800, 27⟩,
    ⟨[3], [0, 2, 4, 6, 7, 8, 9, 10, 11, 12, 13, 14], 1481/1600, 1/42, 9567/156800, 27⟩,
    ⟨[3], [0, 2, 5, 6, 7, 8, 9, 10, 11, 12, 13, 14], 1481/1600, 1/42, 9567/156800, 27⟩,
    ⟨[3], [0, 3, 4, 5, 6, 7, 8, 9, 10, 11, 12, 13], 1481/1600, 1/42, 9567/145600, 24⟩,
    ⟨[3], [0, 3, 4, 5, 6, 7, 8, 9, 10, 11, 12, 14], 1481/1600, 1/42, 9567/156800, 27⟩,
    ⟨[3], [0, 3, 4, 5, 6, 7, 8, 9, 10, 11, 13, 14], 1481/1600, 1/42, 9567/156800, 27⟩,
    ⟨[3], [0, 3, 4, 5, 6, 7, 8, 9, 10, 12, 13, 14], 1481/1600, 1/42, 9567/156800, 27⟩,
    ⟨[3], [0, 3, 4, 5, 6, 7, 8, 9, 11, 12, 13, 14], 1481/1600, 1/42, 9567/156800, 27⟩,
    ⟨[3], [0, 3, 4, 5, 6, 7, 8, 10, 11, 12, 13, 14], 1481/1600, 1/42, 9567/156800, 27⟩,
    ⟨[3], [0, 3, 4, 5, 6, 7, 9, 10, 11, 12, 13, 14], 1481/1600, 1/42, 9567/156800, 27⟩,
    ⟨[3], [0, 3, 4, 5, 6, 8, 9, 10, 11, 12, 13, 14], 1481/1600, 1/42, 9567/156800, 27⟩,
    ⟨[3], [0, 3, 4, 5, 7, 8, 9, 10, 11, 12, 13, 14], 1481/1600, 1/42, 9567/156800, 27⟩,
    ⟨[3], [0, 3, 4, 6, 7, 8, 9, 10, 11, 12, 13, 14], 1481/1600, 1/42, 9567/156800, 27⟩,
    ⟨[3], [0, 3, 5, 6, 7, 8, 9, 10, 11, 12, 13, 14], 1481/1600, 1/42, 9567/156800, 27⟩,
    ⟨[3], [0, 4, 5, 6, 7, 8, 9, 10, 11, 12, 13, 14], 1481/1600, 1/42, 9567/156800, 27⟩,
    ⟨[4], [0, 1, 2, 3, 4, 5, 6, 7, 8, 9, 10, 11], 1481/1600, 1/56, 9567/123200, 17⟩,
    ⟨[4], [0, 1, 2, 3, 4, 5, 6, 7, 8, 9, 10, 12], 1481/1600, 1/56, 3189/44800, 19⟩,
    ⟨[4], [0, 1, 2, 3, 4, 5, 6, 7, 8, 9, 10, 13], 1481/1600, 1/56, 9567/145600, 21⟩,
    ⟨[4], [0, 1, 2, 3, 4, 5, 6, 7, 8, 9, 10, 14], 1481/1600, 1/56, 9567/156800, 24⟩,
    ⟨[4], [0, 1, 2, 3, 4, 5, 6, 7, 8, 9, 11, 12], 1481/1600, 1/56, 3189/44800, 19⟩,
    ⟨[4], [0, 1, 2, 3, 4, 5, 6, 7, 8, 9, 11, 13], 1481/1600, 1/56, 9567/145600, 21⟩,
    ⟨[4], [0, 1, 2, 3, 4, 5, 6, 7, 8, 9, 11, 14], 1481/1600, 1/56, 9567/156800, 24⟩,
    ⟨[4], [0, 1, 2, 3, 4, 5, 6, 7, 8, 9, 12, 13], 1481/1600, 1/56, 9567/145600, 21⟩,
    ⟨[4], [0, 1, 2, 3, 4, 5, 6, 7, 8, 9, 12, 14], 1481/1600, 1/56, 9567/156800, 24⟩,
    ⟨[4], [0, 1, 2, 3, 4, 5, 6, 7, 8, 9, 13, 14], 1481/1600, 1/56, 9567/156800, 24⟩,
    ⟨[4], [0, 1, 2, 3, 4, 5, 6, 7, 8, 10, 11, 12], 1481/1600, 1/56, 3189/44800, 19⟩,
    ⟨[4], [0, 1, 2, 3, 4, 5, 6, 7, 8, 10, 11, 13], 1481/1600, 1/56, 9567/145600, 21⟩,
    ⟨[4], [0, 1, 2, 3, 4, 5, 6, 7, 8, 10, 11, 14], 1481/1600, 1/56, 9567/156800, 24⟩,
    ⟨[4], [0, 1, 2, 3, 4, 5, 6, 7, 8, 10, 12, 13], 1481/1600, 1/56, 9567/145600, 21⟩,
    ⟨[4], [0, 1, 2, 3, 4, 5, 6, 7, 8, 10, 12, 14], 1481/1600, 1/56, 9567/156800, 24⟩,
    ⟨[4], [0, 1, 2, 3, 4, 5, 6, 7, 8, 10, 13, 14], 1481/1600, 1/56, 9567/156800, 24⟩,
    ⟨[4], [0, 1, 2, 3, 4, 5, 6, 7, 8, 11, 12, 13], 1481/1600, 1/56, 9567/145600, 21⟩,
    ⟨[4], [0, 1, 2, 3, 4, 5, 6, 7, 8, 11, 12, 14], 1481/1600, 1/56, 9567/156800, 24⟩,
    ⟨[4], [0, 1, 2, 3, 4, 5, 6, 7, 8, 11, 13, 14], 1481/1600, 1/56, 9567/156800, 24⟩,
    ⟨[4], [0, 1, 2, 3, 4, 5, 6, 7, 8, 12, 13, 14], 1481/1600, 1/56, 9567/156800, 24⟩,
    ⟨[4], [0, 1, 2, 3, 4, 5, 6, 7, 9, 10, 11, 12], 1481/1600, 1/56, 3189/44800, 19⟩,
    ⟨[4], [0, 1, 2, 3, 4, 5, 6, 7, 9, 10, 11, 13], 1481/1600, 1/56, 9567/145600, 21⟩,
    ⟨[4], [0, 1, 2, 3, 4, 5, 6, 7, 9, 10, 11, 14], 1481/1600, 1/56, 9567/156800, 24⟩,
    ⟨[4], [0, 1, 2, 3, 4, 5, 6, 7, 9, 10, 12, 13], 1481/1600, 1/56, 9567/145600, 21⟩,
    ⟨[4], [0, 1, 2, 3, 4, 5, 6, 7, 9, 10, 12, 14], 1481/1600, 1/56, 9567/156800, 24⟩,
    ⟨[4], [0, 1, 2, 3, 4, 5, 6, 7, 9, 10, 13, 14], 1481/1600, 1/56, 9567/156800, 24⟩,
    ⟨[4], [0, 1, 2, 3, 4, 5, 6, 7, 9, 11, 12, 13], 1481/1600, 1/56, 9567/145600, 21⟩,
    ⟨[4], [0, 1, 2, 3, 4, 5, 6, 7, 9, 11, 12, 14], 1481/1600, 1/56, 9567/156800, 24⟩,
    ⟨[4], [0, 1, 2, 3, 4, 5, 6, 7, 9, 11, 13, 14], 1481/1600, 1/56, 9567/156800, 24⟩,
    ⟨[4], [0, 1, 2, 3, 4, 5, 6, 7, 9, 12, 13, 14], 1481/1600, 1/56, 9567/156800, 24⟩,
    ⟨[4], [0, 1, 2, 3, 4, 5, 6, 7, 10, 11, 12, 13], 1481/1600, 1/56, 9567/145600, 21⟩,
    ⟨[4], [0, 1, 2, 3, 4, 5, 6, 7, 10, 11, 12, 14], 1481/1600, 1/56, 9567/156800, 24⟩,
    ⟨[4], [0, 1, 2, 3, 4, 5, 6, 7, 10, 11, 13, 14], 1481/1600, 1/56, 9567/156800, 24⟩,
    ⟨[4], [0, 1, 2, 3, 4, 5, 6, 7, 10, 12, 13, 14], 1481/1600, 1/56, 9567/156800, 24⟩,
    ⟨[4], [0, 1, 2, 3, 4, 5, 6, 7, 11, 12, 13, 14], 1481/1600, 1/56, 9567/156800, 24⟩,
    ⟨[4], [0, 1, 2, 3, 4, 5, 6, 8, 9, 10, 11, 12], 1481/1600, 1/56, 3189/44800, 19⟩,
    ⟨[4], [0, 1, 2, 3, 4, 5, 6, 8, 9, 10, 11, 13], 1481/1600, 1/56, 9567/145600, 21⟩,
    ⟨[4], [0, 1, 2, 3, 4, 5, 6, 8, 9, 10, 11, 14], 1481/1600, 1/56, 9567/156800, 24⟩,
    ⟨[4], [0, 1, 2, 3, 4, 5, 6, 8, 9, 10, 12, 13], 1481/1600, 1/56, 9567/145600, 21⟩,
    ⟨[4], [0, 1, 2, 3, 4, 5, 6, 8, 9, 10, 12, 14], 1481/1600, 1/56, 9567/156800, 24⟩,
    ⟨[4], [0, 1, 2, 3, 4, 5, 6, 8, 9, 10, 13, 14], 1481/1600, 1/56, 9567/156800, 24⟩,
    ⟨[4], [0, 1, 2, 3, 4, 5, 6, 8, 9, 11, 12, 13], 1481/1600, 1/56, 9567/145600, 21⟩,
    ⟨[4], [0, 1, 2, 3, 4, 5, 6, 8, 9, 11, 12, 14], 59/100, 3263/9800, 3163/8400, 23⟩,
    ⟨[4], [0, 1, 2, 3, 4, 5, 6, 8, 9, 11, 13, 14], 1481/1600, 1/56, 9567/156800, 24⟩,
    ⟨[4], [0, 1, 2, 3, 4, 5, 6, 8, 9, 12, 13, 14], 1481/1600, 1/56, 9567/156800, 24⟩,
    ⟨[4], [0, 1, 2, 3, 4, 5, 6, 8, 10, 11, 12, 13], 1481/1600, 1/56, 9567/145600, 21⟩,
    ⟨[4], [0, 1, 2, 3, 4, 5, 6, 8, 10, 11, 12, 14], 1481/1600, 1/56, 9567/156800, 24⟩,
    ⟨[4], [0, 1, 2, 3, 4, 5, 6, 8, 10, 11, 13, 14], 1481/1600, 1/56, 9567/156800, 24⟩,
    ⟨[4], [0, 1, 2, 3, 4, 5, 6, 8, 10, 12, 13, 14], 1481/1600, 1/56, 9567/156800, 24⟩,
    ⟨[4], [0, 1, 2, 3, 4, 5, 6, 8, 11, 12, 13, 14], 1481/1600, 1/56, 9567/156800, 24⟩,
    ⟨[4], [0, 1, 2, 3, 4, 5, 6, 9, 10, 11, 12, 13], 1481/1600, 1/56, 9567/145600, 21⟩,
    ⟨[4], [0, 1, 2, 3, 4, 5, 6, 9, 10, 11, 12, 14], 1481/1600, 1/56, 9567/156800, 24⟩,
    ⟨[4], [0, 1, 2, 3, 4, 5, 6, 9, 10, 11, 13, 14], 1481/1600, 1/56, 9567/156800, 24⟩,
    ⟨[4], [0, 1, 2, 3, 4, 5, 6, 9, 10, 12, 13, 14], 1481/1600, 1/56, 9567/156800, 24⟩,
    ⟨[4], [0, 1, 2, 3, 4, 5, 6, 9, 11, 12, 13, 14], 1481/1600, 1/56, 9567/156800, 24⟩,
    ⟨[4], [0, 1, 2, 3, 4, 5, 6, 10, 11, 12, 13, 14], 1481/1600, 1/56, 9567/156800, 24⟩,
    ⟨[4], [0, 1, 2, 3, 4, 5, 7, 8, 9, 10, 11, 12], 1481/1600, 1/56, 3189/44800, 19⟩,
    ⟨[4], [0, 1, 2, 3, 4, 5, 7, 8, 9, 10, 11, 13], 1481/1600, 1/56, 9567/145600, 21⟩,
    ⟨[4], [0, 1, 2, 3, 4, 5, 7, 8, 9, 10, 11, 14], 1481/1600, 1/56, 9567/156800, 24⟩,
    ⟨[4], [0, 1, 2, 3, 4, 5, 7, 8, 9, 10, 12, 13], 1481/1600, 1/56, 9567/145600, 21⟩,
    ⟨[4], [0, 1, 2, 3, 4, 5, 7, 8, 9, 10, 12, 14], 1481/1600, 1/56, 9567/156800, 24⟩,
    ⟨[4], [0, 1, 2, 3, 4, 5, 7, 8, 9, 10, 13, 14], 1481/1600, 1/56, 9567/156800, 24⟩,
    ⟨[4], [0, 1, 2, 3, 4, 5, 7, 8, 9, 11, 12, 13], 1481/1600, 1/56, 9567/145600, 21⟩,
    ⟨[4], [0, 1, 2, 3, 4, 5, 7, 8, 9, 11, 12, 14], 1481/1600, 1/56, 9567/156800, 24⟩,
    ⟨[4], [0, 1, 2, 3, 4, 5, 7, 8, 9, 11, 13, 14], 1481/1600, 1/56, 9567/156800, 24⟩,
    ⟨[4], [0, 1, 2, 3, 4, 5, 7, 8, 9, 12, 13, 14], 1481/1600, 1/56, 9567/156800, 24⟩,
    ⟨[4], [0, 1, 2, 3, 4, 5, 7, 8, 10, 11, 12, 13], 1481/1600, 1/56, 9567/145600, 21⟩,
    ⟨[4], [0, 1, 2, 3, 4, 5, 7, 8, 10, 11, 12, 14], 1481/1600, 1/56, 9567/156800, 24⟩,
    ⟨[4], [0, 1, 2, 3, 4, 5, 7, 8, 10, 11, 13, 14], 1481/1600, 1/56, 9567/156800, 24⟩,
    ⟨[4], [0, 1, 2, 3, 4, 5, 7, 8, 10, 12, 13, 14], 1481/1600, 1/56, 9567/156800, 24⟩,
    ⟨[4], [0, 1, 2, 3, 4, 5, 7, 8, 11, 12, 13, 14], 1481/1600, 1/56, 9567/156800, 24⟩,
    ⟨[4], [0, 1, 2, 3, 4, 5, 7, 9, 10, 11, 12, 13], 1481/1600, 1/56, 9567/145600, 21⟩,
    ⟨[4], [0, 1, 2, 3, 4, 5, 7, 9, 10, 11, 12, 14], 1481/1600, 1/56, 9567/156800, 24⟩,
    ⟨[4], [0, 1, 2, 3, 4, 5, 7, 9, 10, 11, 13, 14], 1481/1600, 1/56, 9567/156800, 24⟩,
    ⟨[4], [0, 1, 2, 3, 4, 5, 7, 9, 10, 12, 13, 14], 1481/1600, 1/56, 9567/156800, 24⟩,
    ⟨[4], [0, 1, 2, 3, 4, 5, 7, 9, 11, 12, 13, 14], 1481/1600, 1/56, 9567/156800, 24⟩,
    ⟨[4], [0, 1, 2, 3, 4, 5, 7, 10, 11, 12, 13, 14], 1481/1600, 1/56, 9567/156800, 24⟩,
    ⟨[4], [0, 1, 2, 3, 4, 5, 8, 9, 10, 11, 12, 13], 1481/1600, 1/56, 9567/145600, 21⟩,
    ⟨[4], [0, 1, 2, 3, 4, 5, 8, 9, 10, 11, 12, 14], 1481/1600, 1/56, 9567/156800, 24⟩,
    ⟨[4], [0, 1, 2, 3, 4, 5, 8, 9, 10, 11, 13, 14], 1481/1600, 1/56, 9567/156800, 24⟩,
    ⟨[4], [0, 1, 2, 3, 4, 5, 8, 9, 10, 12, 13, 14], 1481/1600, 1/56, 9567/156800, 24⟩,
    ⟨[4], [0, 1, 2, 3, 4, 5, 8, 9, 11, 12, 13, 14], 1481/1600, 1/56, 9567/156800, 24⟩,
    ⟨[4], [0, 1, 2, 3, 4, 5, 8, 10, 11, 12, 13, 14], 1481/1600, 1/56, 9567/156800, 24⟩,
    ⟨[4], [0, 1, 2, 3, 4, 5, 9, 10, 11, 12, 13, 14], 1481/1600, 1/56, 9567/156800, 24⟩,
    ⟨[4], [0, 1, 2, 3, 4, 6, 7, 8, 9, 10, 11, 12], 1481/1600, 1/56, 3189/44800, 19⟩,
    ⟨[4], [0, 1, 2, 3, 4, 6, 7, 8, 9, 10, 11, 13], 1481/1600, 1/56, 9567/145600, 21⟩,
    ⟨[4], [0, 1, 2, 3, 4, 6, 7, 8, 9, 10, 11, 14], 1481/1600, 1/56, 9567/156800, 24⟩,
    ⟨[4], [0, 1, 2, 3, 4, 6, 7, 8, 9, 10, 12, 13], 1481/1600, 1/56, 9567/145600, 21⟩,
    ⟨[4], [0, 1, 2, 3, 4, 6, 7, 8, 9, 10, 12, 14], 1481/1600, 1/56, 9567/156800, 24⟩,
    ⟨[4], [0, 1, 2, 3, 4, 6, 7, 8, 9, 10, 13, 14], 1481/1600, 1/56, 9567/156800, 24⟩,
    ⟨[4], [0, 1, 2, 3, 4, 6, 7, 8, 9, 11, 12, 13], 1481/1600, 1/56, 9567/145600, 21⟩,
    ⟨[4], [0, 1, 2, 3, 4, 6, 7, 8, 9, 11, 12, 14], 1481/1600, 1/56, 9567/156800, 24⟩,
    ⟨[4], [0, 1, 2, 3, 4, 6, 7, 8, 9, 11, 13, 14], 1481/1600, 1/56, 9567/156800, 24⟩,
    ⟨[4], [0, 1, 2, 3, 4, 6, 7, 8, 9, 12, 13, 14], 1481/1600, 1/56, 9567/156800, 24⟩,
    ⟨[4], [0, 1, 2, 3, 4, 6, 7, 8, 10, 11, 12, 13], 1481/1600, 1/56, 9567/145600, 21⟩,
    ⟨[4], [0, 1, 2, 3, 4, 6, 7, 8, 10, 11, 12, 14], 1481/1600, 1/56, 9567/156800, 24⟩,
    ⟨[4], [0, 1, 2, 3, 4, 6, 7, 8, 10, 11, 13, 14], 1481/1600, 1/56, 9567/156800, 24⟩,
    ⟨[4], [0, 1, 2, 3, 4, 6, 7, 8, 10, 12, 13, 14], 1481/1600, 1/56, 9567/156800, 24⟩,
    ⟨[4], [0, 1, 2, 3, 4, 6, 7, 8, 11, 12, 13, 14], 1481/1600, 1/56, 9567/156800, 24⟩,
    ⟨[4], [0, 1, 2, 3, 4, 6, 7, 9, 10, 11, 12, 13], 1481/1600, 1/56, 9567/145600, 21⟩,
    ⟨[4], [0, 1, 2, 3, 4, 6, 7, 9, 10, 11, 12, 14], 1481/1600, 1/56, 9567/156800, 24⟩,
    ⟨[4], [0, 1, 2, 3, 4, 6, 7, 9, 10, 11, 13, 14], 1481/1600, 1/56, 9567/156800, 24⟩,
    ⟨[4], [0, 1, 2, 3, 4, 6, 7, 9, 10, 12, 13, 14], 1481/1600, 1/56, 9567/156800, 24⟩,
    ⟨[4], [0, 1, 2, 3, 4, 6, 7, 9, 11, 12, 13, 14], 1481/1600, 1/56, 9567/156800, 24⟩,
    ⟨[4], [0, 1, 2, 3, 4, 6, 7, 10, 11, 12, 13, 14], 1481/1600, 1/56, 9567/156800, 24⟩,
    ⟨[4], [0, 1, 2, 3, 4, 6, 8, 9, 10, 11, 12, 13], 1481/1600, 1/56, 9567/145600, 21⟩,
    ⟨[4], [0, 1, 2, 3, 4, 6, 8, 9, 10, 11, 12, 14], 1481/1600, 1/56, 9567/156800, 24⟩,
    ⟨[4], [0, 1, 2, 3, 4, 6, 8, 9, 10, 11, 13, 14], 1481/1600, 1/56, 9567/156800, 24⟩,
    ⟨[4], [0, 1, 2, 3, 4, 6, 8, 9, 10, 12, 13, 14], 1481/1600, 1/56, 9567/156800, 24⟩,
    ⟨[4], [0, 1, 2, 3, 4, 6, 8, 9, 11, 12, 13, 14], 1481/1600, 1/56, 9567/156800, 24⟩,
    ⟨[4], [0, 1, 2, 3, 4, 6, 8, 10, 11, 12, 13, 14], 1481/1600, 1/56, 9567/156800, 24⟩,
    ⟨[4], [0, 1, 2, 3, 4, 6, 9, 10, 11, 12, 13, 14], 1481/1600, 1/56, 9567/156800, 24⟩,
    ⟨[4], [0, 1, 2, 3, 4, 7, 8, 9, 10, 11, 12, 13], 1481/1600, 1/56, 9567/145600, 21⟩,
    ⟨[4], [0, 1, 2, 3, 4, 7, 8, 9, 10, 11, 12, 14], 1481/1600, 1/56, 9567/156800, 24⟩,
    ⟨[4], [0, 1, 2, 3, 4, 7, 8, 9, 10, 11, 13, 14], 1481/1600, 1/56, 9567/156800, 24⟩,
    ⟨[4], [0, 1, 2, 3, 4, 7, 8, 9, 10, 12, 13, 14], 1481/1600, 1/56, 9567/156800, 24⟩,
    ⟨[4], [0, 1, 2, 3, 4, 7, 8, 9, 11, 12, 13, 14], 1481/1600, 1/56, 9567/156800, 24⟩,
    ⟨[4], [0, 1, 2, 3, 4, 7, 8, 10, 11, 12, 13, 14], 1481/1600, 1/56, 9567/156800, 24⟩,
    ⟨[4], [0, 1, 2, 3, 4, 7, 9, 10, 11, 12, 13, 14], 1481/1600, 1/56, 9567/156800, 24⟩,
    ⟨[4], [0, 1, 2, 3, 4, 8, 9, 10, 11, 12, 13, 14], 1481/1600, 1/56, 9567/156800, 24⟩,
    ⟨[4], [0, 1, 2, 3, 5, 6, 7, 8, 9, 10, 11, 12], 1481/1600, 1/56, 3189/44800, 19⟩,
    ⟨[4], [0, 1, 2, 3, 5, 6, 7, 8, 9, 10, 11, 13], 1481/1600, 1/56, 9567/145600, 21⟩,
    ⟨[4], [0, 1, 2, 3, 5, 6, 7, 8, 9, 10, 11, 14], 1481/1600, 1/56, 9567/156800, 24⟩,
    ⟨[4], [0, 1, 2, 3, 5, 6, 7, 8, 9, 10, 12, 13], 1481/1600, 1/56, 9567/145600, 21⟩,
    ⟨[4], [0, 1, 2, 3, 5, 6, 7, 8, 9, 10, 12, 14], 1481/1600, 1/56, 9567/156800, 24⟩,
    ⟨[4], [0, 1, 2, 3, 5, 6, 7, 8, 9, 10, 13, 14], 1481/1600, 1/56, 9567/156800, 24⟩,
    ⟨[4], [0, 1, 2, 3, 5, 6, 7, 8, 9, 11, 12, 13], 1481/1600, 1/56, 9567/145600, 21⟩,
    ⟨[4], [0, 1, 2, 3, 5, 6, 7, 8, 9, 11, 12, 14], 1481/1600, 1/56, 9567/156800, 24⟩,
    ⟨[4], [0, 1, 2, 3, 5, 6, 7, 8, 9, 11, 13, 14], 1481/1600, 1/56, 9567/156800, 24⟩,
    ⟨[4], [0, 1, 2, 3, 5, 6, 7, 8, 9, 12, 13, 14], 1481/1600, 1/56, 9567/156800, 24⟩,
    ⟨[4], [0, 1, 2, 3, 5, 6, 7, 8, 10, 11, 12, 13], 1481/1600, 1/56, 9567/145600, 21⟩,
    ⟨[4], [0, 1, 2, 3, 5, 6, 7, 8, 10, 11, 12, 14], 1481/1600, 1/56, 9567/156800, 24⟩,
    ⟨[4], [0, 1, 2, 3, 5, 6, 7, 8, 10, 11, 13, 14], 1481/1600, 1/56, 9567/156800, 24⟩,
    ⟨[4], [0, 1, 2, 3, 5, 6, 7, 8, 10, 12, 13, 14], 1481/1600, 1/56, 9567/156800, 24⟩,
    ⟨[4], [0, 1, 2, 3, 5, 6, 7, 8, 11, 12, 13, 14], 1481/1600, 1/56, 9567/156800, 24⟩,
    ⟨[4], [0, 1, 2, 3, 5, 6, 7, 9, 10, 11, 12, 13], 1481/1600, 1/56, 9567/145600, 21⟩,
    ⟨[4], [0, 1, 2, 3, 5, 6, 7, 9, 10, 11, 12, 14], 1481/1600, 1/56, 9567/156800, 24⟩,
    ⟨[4], [0, 1, 2, 3, 5, 6, 7, 9, 10, 11, 13, 14], 1481/1600, 1/56, 9567/156800, 24⟩,
    ⟨[4], [0, 1, 2, 3, 5, 6, 7, 9, 10, 12, 13, 14], 1481/1600, 1/56, 9567/156800, 24⟩,
    ⟨[4], [0, 1, 2, 3, 5, 6, 7, 9, 11, 12, 13, 14], 1481/1600, 1/56, 9567/156800, 24⟩,
    ⟨[4], [0, 1, 2, 3, 5, 6, 7, 10, 11, 12, 13, 14], 1481/1600, 1/56, 9567/156800, 24⟩,
    ⟨[4], [0, 1, 2, 3, 5, 6, 8, 9, 10, 11, 12, 13], 1481/1600, 1/56, 9567/145600, 21⟩,
    ⟨[4], [0, 1, 2, 3, 5, 6, 8, 9, 10, 11, 12, 14], 1481/1600, 1/56, 9567/156800, 24⟩,
    ⟨[4], [0, 1, 2, 3, 5, 6, 8, 9, 10, 11, 13, 14], 1481/1600, 1/56, 9567/156800, 24⟩,
    ⟨[4], [0, 1, 2, 3, 5, 6, 8, 9, 10, 12, 13, 14], 1481/1600, 1/56, 9567/156800, 24⟩,
    ⟨[4], [0, 1, 2, 3, 5, 6, 8, 9, 11, 12, 13, 14], 1481/1600, 1/56, 9567/156800, 24⟩,
    ⟨[4], [0, 1, 2, 3, 5, 6, 8, 10, 11, 12, 13, 14], 1481/1600, 1/56, 9567/156800, 24⟩,
    ⟨[4], [0, 1, 2, 3, 5, 6, 9, 10, 11, 12, 13, 14], 1481/1600, 1/56, 9567/156800, 24⟩,
    ⟨[4], [0, 1, 2, 3, 5, 7, 8, 9, 10, 11, 12, 13], 1481/1600, 1/56, 9567/145600, 21⟩,
    ⟨[4], [0, 1, 2, 3, 5, 7, 8, 9, 10, 11, 12, 14], 1481/1600, 1/56, 9567/156800, 24⟩,
    ⟨[4], [0, 1, 2, 3, 5, 7, 8, 9, 10, 11, 13, 14], 1481/1600, 1/56, 9567/156800, 24⟩,
    ⟨[4], [0, 1, 2, 3, 5, 7, 8, 9, 10, 12, 13, 14], 1481/1600, 1/56, 9567/156800, 24⟩,
    ⟨[4], [0, 1, 2, 3, 5, 7, 8, 9, 11, 12, 13, 14], 1481/1600, 1/56, 9567/156800, 24⟩,
    ⟨[4], [0, 1, 2, 3, 5, 7, 8, 10, 11, 12, 13, 14], 1481/1600, 1/56, 9567/156800, 24⟩,
    ⟨[4], [0, 1, 2, 3, 5, 7, 9, 10, 11, 12, 13, 14], 1481/1600, 1/56, 9567/156800, 24⟩,
    ⟨[4], [0, 1, 2, 3, 5, 8, 9, 10, 11, 12, 13, 14], 1481/1600, 1/56, 9567/156800, 24⟩,
    ⟨[4], [0, 1, 2, 3, 6, 7, 8, 9, 10, 11, 12, 13], 1481/1600, 1/56, 9567/145600, 21⟩,
    ⟨[4], [0, 1, 2, 3, 6, 7, 8, 9, 10, 11, 12, 14], 1481/1600, 1/56, 9567/156800, 24⟩,
    ⟨[4], [0, 1, 2, 3, 6, 7, 8, 9, 10, 11, 13, 14], 1481/1600, 1/56, 9567/156800, 24⟩,
    ⟨[4], [0, 1, 2, 3, 6, 7, 8, 9, 10, 12, 13, 14], 1481/1600, 1/56, 9567/156800, 24⟩,
    ⟨[4], [0, 1, 2, 3, 6, 7, 8, 9, 11, 12, 13, 14], 1481/1600, 1/56, 9567/156800, 24⟩,
    ⟨[4], [0, 1, 2, 3, 6, 7, 8, 10, 11, 12, 13, 14], 1481/1600, 1/56, 9567/156800, 24⟩,
    ⟨[4], [0, 1, 2, 3, 6, 7, 9, 10, 11, 12, 13, 14], 1481/1600, 1/56, 9567/156800, 24⟩,
    ⟨[4], [0, 1, 2, 3, 6, 8, 9, 10, 11, 12, 13, 14], 1481/1600, 1/56, 9567/156800, 24⟩,
    ⟨[4], [0, 1, 2, 3, 7, 8, 9, 10, 11, 12, 13, 14], 1481/1600, 1/56, 9567/156800, 24⟩,
    ⟨[4], [0, 1, 2, 4, 5, 6, 7, 8, 9, 10, 11, 12], 1481/1600, 1/56, 3189/44800, 19⟩,
    ⟨[4], [0, 1, 2, 4, 5, 6, 7, 8, 9, 10, 11, 13], 1481/1600, 1/56, 9567/145600, 21⟩,
    ⟨[4], [0, 1, 2, 4, 5, 6, 7, 8, 9, 10, 11, 14], 1481/1600, 1/56, 9567/156800, 24⟩,
    ⟨[4], [0, 1, 2, 4, 5, 6, 7, 8, 9, 10, 12, 13], 1481/1600, 1/56, 9567/145600, 21⟩,
    ⟨[4], [0, 1, 2, 4, 5, 6, 7, 8, 9, 10, 12, 14], 1481/1600, 1/56, 9567/156800, 24⟩,
    ⟨[4], [0, 1, 2, 4, 5, 6, 7, 8, 9, 10, 13, 14], 1481/1600, 1/56, 9567/156800, 24⟩,
    ⟨[4], [0, 1, 2, 4, 5, 6, 7, 8, 9, 11, 12, 13], 1481/1600, 1/56, 9567/145600, 21⟩,
    ⟨[4], [0, 1, 2, 4, 5, 6, 7, 8, 9, 11, 12, 14], 1481/1600, 1/56, 9567/156800, 24⟩,
    ⟨[4], [0, 1, 2, 4, 5, 6, 7, 8, 9, 11, 13, 14], 1481/1600, 1/56, 9567/156800, 24⟩,
    ⟨[4], [0, 1, 2, 4, 5, 6, 7, 8, 9, 12, 13, 14], 1481/1600, 1/56, 9567/156800, 24⟩,
    ⟨[4], [0, 1, 2, 4, 5, 6, 7, 8, 10, 11, 12, 13], 1481/1600, 1/56, 9567/145600, 21⟩,
    ⟨[4], [0, 1, 2, 4, 5, 6, 7, 8, 10, 11, 12, 14], 1481/1600, 1/56, 9567/156800, 24⟩,
    ⟨[4], [0, 1, 2, 4, 5, 6, 7, 8, 10, 11, 13, 14], 1481/1600, 1/56, 9567/156800, 24⟩,
    ⟨[4], [0, 1, 2, 4, 5, 6, 7, 8, 10, 12, 13, 14], 1481/1600, 1/56, 9567/156800, 24⟩,
    ⟨[4], [0, 1, 2, 4, 5, 6, 7, 8, 11, 12, 13, 14], 1481/1600, 1/56, 9567/156800, 24⟩,
    ⟨[4], [0, 1, 2, 4, 5, 6, 7, 9, 10, 11, 12, 13], 1481/1600, 1/56, 9567/145600, 21⟩,
    ⟨[4], [0, 1, 2, 4, 5, 6, 7, 9, 10, 11, 12, 14], 1481/1600, 1/56, 9567/156800, 24⟩,
    ⟨[4], [0, 1, 2, 4, 5, 6, 7, 9, 10, 11, 13, 14], 1481/1600, 1/56, 9567/156800, 24⟩,
    ⟨[4], [0, 1, 2, 4, 5, 6, 7, 9, 10, 12, 13, 14], 1481/1600, 1/56, 9567/156800, 24⟩,
    ⟨[4], [0, 1, 2, 4, 5, 6, 7, 9, 11, 12, 13, 14], 1481/1600, 1/56, 9567/156800, 24⟩,
    ⟨[4], [0, 1, 2, 4, 5, 6, 7, 10, 11, 12, 13, 14], 1481/1600, 1/56, 9567/156800, 24⟩,
    ⟨[4], [0, 1, 2, 4, 5, 6, 8, 9, 10, 11, 12, 13], 1481/1600, 1/56, 9567/145600, 21⟩,
    ⟨[4], [0, 1, 2, 4, 5, 6, 8, 9, 10, 11, 12, 14], 1481/1600, 1/56, 9567/156800, 24⟩,
    ⟨[4], [0, 1, 2, 4, 5, 6, 8, 9, 10, 11, 13, 14], 1481/1600, 1/56, 9567/156800, 24⟩,
    ⟨[4], [0, 1, 2, 4, 5, 6, 8, 9, 10, 12, 13, 14], 1481/1600, 1/56, 9567/156800, 24⟩,
    ⟨[4], [0, 1, 2, 4, 5, 6, 8, 9, 11, 12, 13, 14], 1481/1600, 1/56, 9567/156800, 24⟩,
    ⟨[4], [0, 1, 2, 4, 5, 6, 8, 10, 11, 12, 13, 14], 1481/1600, 1/56, 9567/156800, 24⟩,
    ⟨[4], [0, 1, 2, 4, 5, 6, 9, 10, 11, 12, 13, 14], 1481/1600, 1/56, 9567/156800, 24⟩,
    ⟨[4], [0, 1, 2, 4, 5, 7, 8, 9, 10, 11, 12, 13], 1481/1600, 1/56, 9567/145600, 21⟩,
    ⟨[4], [0, 1, 2, 4, 5, 7, 8, 9, 10, 11, 12, 14], 1481/1600, 1/56, 9567/156800, 24⟩,
    ⟨[4], [0, 1, 2, 4, 5, 7, 8, 9, 10, 11, 13, 14], 1481/1600, 1/56, 9567/156800, 24⟩,
    ⟨[4], [0, 1, 2, 4, 5, 7, 8, 9, 10, 12, 13, 14], 1481/1600, 1/56, 9567/156800, 24⟩,
    ⟨[4], [0, 1, 2, 4, 5, 7, 8, 9, 11, 12, 13, 14], 1481/1600, 1/56, 9567/156800, 24⟩,
    ⟨[4], [0, 1, 2, 4, 5, 7, 8, 10, 11, 12, 13, 14], 1481/1600, 1/56, 9567/156800, 24⟩,
    ⟨[4], [0, 1, 2, 4, 5, 7, 9, 10, 11, 12, 13, 14], 1481/1600, 1/56, 9567/156800, 24⟩,
    ⟨[4], [0, 1, 2, 4, 5, 8, 9, 10, 11, 12, 13, 14], 1481/1600, 1/56, 9567/156800, 24⟩,
    ⟨[4], [0, 1, 2, 4, 6, 7, 8, 9, 10, 11, 12, 13], 1481/1600, 1/56, 9567/145600, 21⟩,
    ⟨[4], [0, 1, 2, 4, 6, 7, 8, 9, 10, 11, 12, 14], 1481/1600, 1/56, 9567/156800, 24⟩,
    ⟨[4], [0, 1, 2, 4, 6, 7, 8, 9, 10, 11, 13, 14], 1481/1600, 1/56, 9567/156800, 24⟩,
    ⟨[4], [0, 1, 2, 4, 6, 7, 8, 9, 10, 12, 13, 14], 1481/1600, 1/56, 9567/156800, 24⟩,
    ⟨[4], [0, 1, 2, 4, 6, 7, 8, 9, 11, 12, 13, 14], 1481/1600, 1/56, 9567/156800, 24⟩,
    ⟨[4], [0, 1, 2, 4, 6, 7, 8, 10, 11, 12, 13, 14], 1481/1600, 1/56, 9567/156800, 24⟩,
    ⟨[4], [0, 1, 2, 4, 6, 7, 9, 10, 11, 12, 13, 14], 1481/1600, 1/56, 9567/156800, 24⟩,
    ⟨[4], [0, 1, 2, 4, 6, 8, 9, 10, 11, 12, 13, 14], 1481/1600, 1/56, 9567/156800, 24⟩,
    ⟨[4], [0, 1, 2, 4, 7, 8, 9, 10, 11, 12, 13, 14], 1481/1600, 1/56, 9567/156800, 24⟩,
    ⟨[4], [0, 1, 2, 5, 6, 7, 8, 9, 10, 11, 12, 13], 1481/1600, 1/56, 9567/145600, 21⟩,
    ⟨[4], [0, 1, 2, 5, 6, 7, 8, 9, 10, 11, 12, 14], 1481/1600, 1/56, 9567/156800, 24⟩,
    ⟨[4], [0, 1, 2, 5, 6, 7, 8, 9, 10, 11, 13, 14], 1481/1600, 1/56, 9567/156800, 24⟩,
    ⟨[4], [0, 1, 2, 5, 6, 7, 8, 9, 10, 12, 13, 14], 1481/1600, 1/56, 9567/156800, 24⟩,
    ⟨[4], [0, 1, 2, 5, 6, 7, 8, 9, 11, 12, 13, 14], 1481/1600, 1/56, 9567/156800, 24⟩,
    ⟨[4], [0, 1, 2, 5, 6, 7, 8, 10, 11, 12, 13, 14], 1481/1600, 1/56, 9567/156800, 24⟩,
    ⟨[4], [0, 1, 2, 5, 6, 7, 9, 10, 11, 12, 13, 14], 1481/1600, 1/56, 9567/156800, 24⟩,
    ⟨[4], [0, 1, 2, 5, 6, 8, 9, 10, 11, 12, 13, 14], 1481/1600, 1/56, 9567/156800, 24⟩,
    ⟨[4], [0, 1, 2, 5, 7, 8, 9, 10, 11, 12, 13, 14], 1481/1600, 1/56, 9567/156800, 24⟩,
    ⟨[4], [0, 1, 2, 6, 7, 8, 9, 10, 11, 12, 13, 14], 1481/1600, 1/56, 9567/156800, 24⟩,
    ⟨[4], [0, 1, 3, 4, 5, 6, 7, 8, 9, 10, 11, 12], 1481/1600, 1/56, 3189/44800, 19⟩,
    ⟨[4], [0, 1, 3, 4, 5, 6, 7, 8, 9, 10, 11, 13], 1481/1600, 1/56, 9567/145600, 21⟩,
    ⟨[4], [0, 1, 3, 4, 5, 6, 7, 8, 9, 10, 11, 14], 1481/1600, 1/56, 9567/156800, 24⟩,
    ⟨[4], [0, 1, 3, 4, 5, 6, 7, 8, 9, 10, 12, 13], 1481/1600, 1/56, 9567/145600, 21⟩,
    ⟨[4], [0, 1, 3, 4, 5, 6, 7, 8, 9, 10, 12, 14], 1481/1600, 1/56, 9567/156800, 24⟩,
    ⟨[4], [0, 1, 3, 4, 5, 6, 7, 8, 9, 10, 13, 14], 1481/1600, 1/56, 9567/156800, 24⟩,
    ⟨[4], [0, 1, 3, 4, 5, 6, 7, 8, 9, 11, 12, 13], 1481/1600, 1/56, 9567/145600, 21⟩,
    ⟨[4], [0, 1, 3, 4, 5, 6, 7, 8, 9, 11, 12, 14], 1481/1600, 1/56, 9567/156800, 24⟩,
    ⟨[4], [0, 1, 3, 4, 5, 6, 7, 8, 9, 11, 13, 14], 1481/1600, 1/56, 9567/156800, 24⟩,
    ⟨[4], [0, 1, 3, 4, 5, 6, 7, 8, 9, 12, 13, 14], 1481/1600, 1/56, 9567/156800, 24⟩,
    ⟨[4], [0, 1, 3, 4, 5, 6, 7, 8, 10, 11, 12, 13], 1481/1600, 1/56, 9567/145600, 21⟩,
    ⟨[4], [0, 1, 3, 4, 5, 6, 7, 8, 10, 11, 12, 14], 1481/1600, 1/56, 9567/156800, 24⟩,
    ⟨[4], [0, 1, 3, 4, 5, 6, 7, 8, 10, 11, 13, 14], 1481/1600, 1/56, 9567/156800, 24⟩,
    ⟨[4], [0, 1, 3, 4, 5, 6, 7, 8, 10, 12, 13, 14], 1481/1600, 1/56, 9567/156800, 24⟩,
    ⟨[4], [0, 1, 3, 4, 5, 6, 7, 8, 11, 12, 13, 14], 1481/1600, 1/56, 9567/156800, 24⟩,
    ⟨[4], [0, 1, 3, 4, 5, 6, 7, 9, 10, 11, 12, 13], 1481/1600, 1/56, 9567/145600, 21⟩,
    ⟨[4], [0, 1, 3, 4, 5, 6, 7, 9, 10, 11, 12, 14], 1481/1600, 1/56, 9567/156800, 24⟩,
    ⟨[4], [0, 1, 3, 4, 5, 6, 7, 9, 10, 11, 13, 14], 1481/1600, 1/56, 9567/156800, 24⟩,
    ⟨[4], [0, 1, 3, 4, 5, 6, 7, 9, 10, 12, 13, 14], 1481/1600, 1/56, 9567/156800, 24⟩,
    ⟨[4], [0, 1, 3, 4, 5, 6, 7, 9, 11, 12, 13, 14], 1481/1600, 1/56, 9567/156800, 24⟩,
    ⟨[4], [0, 1, 3, 4, 5, 6, 7, 10, 11, 12, 13, 14], 1481/1600, 1/56, 9567/156800, 24⟩,
    ⟨[4], [0, 1, 3, 4, 5, 6, 8, 9, 10, 11, 12, 13], 1481/1600, 1/56, 9567/145600, 21⟩,
    ⟨[4], [0, 1, 3, 4, 5, 6, 8, 9, 10, 11, 12, 14], 1481/1600, 1/56, 9567/156800, 24⟩,
    ⟨[4], [0, 1, 3, 4, 5, 6, 8, 9, 10, 11, 13, 14], 1481/1600, 1/56, 9567/156800, 24⟩,
    ⟨[4], [0, 1, 3, 4, 5, 6, 8, 9, 10, 12, 13, 14], 1481/1600, 1/56, 9567/156800, 24⟩,
    ⟨[4], [0, 1, 3, 4, 5, 6, 8, 9, 11, 12, 13, 14], 1481/1600, 1/56, 9567/156800, 24⟩,
    ⟨[4], [0, 1, 3, 4, 5, 6, 8, 10, 11, 12, 13, 14], 1481/1600, 1/56, 9567/156800, 24⟩,
    ⟨[4], [0, 1, 3, 4, 5, 6, 9, 10, 11, 12, 13, 14], 1481/1600, 1/56, 9567/156800, 24⟩,
    ⟨[4], [0, 1, 3, 4, 5, 7, 8, 9, 10, 11, 12, 13], 1481/1600, 1/56, 9567/145600, 21⟩,
    ⟨[4], [0, 1, 3, 4, 5, 7, 8, 9, 10, 11, 12, 14], 1481/1600, 1/56, 9567/156800, 24⟩,
    ⟨[4], [0, 1, 3, 4, 5, 7, 8, 9, 10, 11, 13, 14], 1481/1600, 1/56, 9567/156800, 24⟩,
    ⟨[4], [0, 1, 3, 4, 5, 7, 8, 9, 10, 12, 13, 14], 1481/1600, 1/56, 9567/156800, 24⟩,
    ⟨[4], [0, 1, 3, 4, 5, 7, 8, 9, 11, 12, 13, 14], 1481/1600, 1/56, 9567/156800, 24⟩,
    ⟨[4], [0, 1, 3, 4, 5, 7, 8, 10, 11, 12, 13, 14], 1481/1600, 1/56, 9567/156800, 24⟩,
    ⟨[4], [0, 1, 3, 4, 5, 7, 9, 10, 11, 12, 13, 14], 1481/1600, 1/56, 9567/156800, 24⟩,
    ⟨[4], [0, 1, 3, 4, 5, 8, 9, 10, 11, 12, 13, 14], 1481/1600, 1/56, 9567/156800, 24⟩,
    ⟨[4], [0, 1, 3, 4, 6, 7, 8, 9, 10, 11, 12, 13], 1481/1600, 1/56, 9567/145600, 21⟩,
    ⟨[4], [0, 1, 3, 4, 6, 7, 8, 9, 10, 11, 12, 14], 1481/1600, 1/56, 9567/156800, 24⟩,
    ⟨[4], [0, 1, 3, 4, 6, 7, 8, 9, 10, 11, 13, 14], 1481/1600, 1/56, 9567/156800, 24⟩,
    ⟨[4], [0, 1, 3, 4, 6, 7, 8, 9, 10, 12, 13, 14], 1481/1600, 1/56, 9567/156800, 24⟩,
    ⟨[4], [0, 1, 3, 4, 6, 7, 8, 9, 11, 12, 13, 14], 1481/1600, 1/56, 9567/156800, 24⟩,
    ⟨[4], [0, 1, 3, 4, 6, 7, 8, 10, 11, 12, 13, 14], 1481/1600, 1/56, 9567/156800, 24⟩,
    ⟨[4], [0, 1, 3, 4, 6, 7, 9, 10, 11, 12, 13, 14], 1481/1600, 1/56, 9567/156800, 24⟩,
    ⟨[4], [0, 1, 3, 4, 6, 8, 9, 10, 11, 12, 13, 14], 1481/1600, 1/56, 9567/156800, 24⟩,
    ⟨[4], [0, 1, 3, 4, 7, 8, 9, 10, 11, 12, 13, 14], 1481/1600, 1/56, 9567/156800, 24⟩,
    ⟨[4], [0, 1, 3, 5, 6, 7, 8, 9, 10, 11, 12, 13], 1481/1600, 1/56, 9567/145600, 21⟩,
    ⟨[4], [0, 1, 3, 5, 6, 7, 8, 9, 10, 11, 12, 14], 1481/1600, 1/56, 9567/156800, 24⟩,
    ⟨[4], [0, 1, 3, 5, 6, 7, 8, 9, 10, 11, 13, 14], 1481/1600, 1/56, 9567/156800, 24⟩,
    ⟨[4], [0, 1, 3, 5, 6, 7, 8, 9, 10, 12, 13, 14], 1481/1600, 1/56, 9567/156800, 24⟩,
    ⟨[4], [0, 1, 3, 5, 6, 7, 8, 9, 11, 12, 13, 14], 1481/1600, 1/56, 9567/156800, 24⟩,
    ⟨[4], [0, 1, 3, 5, 6, 7, 8, 10, 11, 12, 13, 14], 1481/1600, 1/56, 9567/156800, 24⟩,
    ⟨[4], [0, 1, 3, 5, 6, 7, 9, 10, 11, 12, 13, 14], 1481/1600, 1/56, 9567/156800, 24⟩,
    ⟨[4], [0, 1, 3, 5, 6, 8, 9, 10, 11, 12, 13, 14], 1481/1600, 1/56, 9567/156800, 24⟩,
    ⟨[4], [0, 1, 3, 5, 7, 8, 9, 10, 11, 12, 13, 14], 1481/1600, 1/56, 9567/156800, 24⟩,
    ⟨[4], [0, 1, 3, 6, 7, 8, 9, 10, 11, 12, 13, 14], 1481/1600, 1/56, 9567/156800, 24⟩,
    ⟨[4], [0, 1, 4, 5, 6, 7, 8, 9, 10, 11, 12, 13], 1481/1600, 1/56, 9567/145600, 21⟩,
    ⟨[4], [0, 1, 4, 5, 6, 7, 8, 9, 10, 11, 12, 14], 1481/1600, 1/56, 9567/156800, 24⟩,
    ⟨[4], [0, 1, 4, 5, 6, 7, 8, 9, 10, 11, 13, 14], 1481/1600, 1/56, 9567/156800, 24⟩,
    ⟨[4], [0, 1, 4, 5, 6, 7, 8, 9, 10, 12, 13, 14], 1481/1600, 1/56, 9567/156800, 24⟩,
    ⟨[4], [0, 1, 4, 5, 6, 7, 8, 9, 11, 12, 13, 14], 1481/1600, 1/56, 9567/156800, 24⟩,
    ⟨[4], [0, 1, 4, 5, 6, 7, 8, 10, 11, 12, 13, 14], 1481/1600, 1/56, 9567/156800, 24⟩,
    ⟨[4], [0, 1, 4, 5, 6, 7, 9, 10, 11, 12, 13, 14], 1481/1600, 1/56, 9567/156800, 24⟩,
    ⟨[4], [0, 1, 4, 5, 6, 8, 9, 10, 11, 12, 13, 14], 1481/1600, 1/56, 9567/156800, 24⟩,
    ⟨[4], [0, 1, 4, 5, 7, 8, 9, 10, 11, 12, 13, 14], 1481/1600, 1/56, 9567/156800, 24⟩,
    ⟨[4], [0, 1, 4, 6, 7, 8, 9, 10, 11, 12, 13, 14], 1481/1600, 1/56, 9567/156800, 24⟩,
    ⟨[4], [0, 1, 5, 6, 7, 8, 9, 10, 11, 12, 13, 14], 1481/1600, 1/56, 9567/156800, 24⟩,
    ⟨[4], [0, 2, 3, 4, 5, 6, 7, 8, 9, 10, 11, 12], 1481/1600, 1/56, 3189/44800, 19⟩,
    ⟨[4], [0, 2, 3, 4, 5, 6, 7, 8, 9, 10, 11, 13], 1481/1600, 1/56, 9567/145600, 21⟩,
    ⟨[4], [0, 2, 3, 4, 5, 6, 7, 8, 9, 10, 11, 14], 1481/1600, 1/56, 9567/156800, 24⟩,
    ⟨[4], [0, 2, 3, 4, 5, 6, 7, 8, 9, 10, 12, 13], 1481/1600, 1/56, 9567/145600, 21⟩,
    ⟨[4], [0, 2, 3, 4, 5, 6, 7, 8, 9, 10, 12, 14], 1481/1600, 1/56, 9567/156800, 24⟩,
    ⟨[4], [0, 2, 3, 4, 5, 6, 7, 8, 9, 10, 13, 14], 1481/1600, 1/56, 9567/156800, 24⟩,
    ⟨[4], [0, 2, 3, 4, 5, 6, 7, 8, 9, 11, 12, 13], 1481/1600, 1/56, 9567/145600, 21⟩,
    ⟨[4], [0, 2, 3, 4, 5, 6, 7, 8, 9, 11, 12, 14], 1481/1600, 1/56, 9567/156800, 24⟩,
    ⟨[4], [0, 2, 3, 4, 5, 6, 7, 8, 9, 11, 13, 14], 1481/1600, 1/56, 9567/156800, 24⟩,
    ⟨[4], [0, 2, 3, 4, 5, 6, 7, 8, 9, 12, 13, 14], 1481/1600, 1/56, 9567/156800, 24⟩,
    ⟨[4], [0, 2, 3, 4, 5, 6, 7, 8, 10, 11, 12, 13], 1481/1600, 1/56, 9567/145600, 21⟩,
    ⟨[4], [0, 2, 3, 4, 5, 6, 7, 8, 10, 11, 12, 14], 1481/1600, 1/56, 9567/156800, 24⟩,
    ⟨[4], [0, 2, 3, 4, 5, 6, 7, 8, 10, 11, 13, 14], 1481/1600, 1/56, 9567/156800, 24⟩,
    ⟨[4], [0, 2, 3, 4, 5, 6, 7, 8, 10, 12, 13, 14], 1481/1600, 1/56, 9567/156800, 24⟩,
    ⟨[4], [0, 2, 3, 4, 5, 6, 7, 8, 11, 12, 13, 14], 1481/1600, 1/56, 9567/156800, 24⟩,
    ⟨[4], [0, 2, 3, 4, 5, 6, 7, 9, 10, 11, 12, 13], 1481/1600, 1/56, 9567/145600, 21⟩,
    ⟨[4], [0, 2, 3, 4, 5, 6, 7, 9, 10, 11, 12, 14], 1481/1600, 1/56, 9567/156800, 24⟩,
    ⟨[4], [0, 2, 3, 4, 5, 6, 7, 9, 10, 11, 13, 14], 1481/1600, 1/56, 9567/156800, 24⟩,
    ⟨[4], [0, 2, 3, 4, 5, 6, 7, 9, 10, 12, 13, 14], 1481/1600, 1/56, 9567/156800, 24⟩,
    ⟨[4], [0, 2, 3, 4, 5, 6, 7, 9, 11, 12, 13, 14], 1481/1600, 1/56, 9567/156800, 24⟩,
    ⟨[4], [0, 2, 3, 4, 5, 6, 7, 10, 11, 12, 13, 14], 1481/1600, 1/56, 9567/156800, 24⟩,
    ⟨[4], [0, 2, 3, 4, 5, 6, 8, 9, 10, 11, 12, 13], 1481/1600, 1/56, 9567/145600, 21⟩,
    ⟨[4], [0, 2, 3, 4, 5, 6, 8, 9, 10, 11, 12, 14], 1481/1600, 1/56, 9567/156800, 24⟩,
    ⟨[4], [0, 2, 3, 4, 5, 6, 8, 9, 10, 11, 13, 14], 1481/1600, 1/56, 9567/156800, 24⟩,
    ⟨[4], [0, 2, 3, 4, 5, 6, 8, 9, 10, 12, 13, 14], 1481/1600, 1/56, 9567/156800, 24⟩,
    ⟨[4], [0, 2, 3, 4, 5, 6, 8, 9, 11, 12, 13, 14], 1481/1600, 1/56, 9567/156800, 24⟩,
    ⟨[4], [0, 2, 3, 4, 5, 6, 8, 10, 11, 12, 13, 14], 1481/1600, 1/56, 9567/156800, 24⟩,
    ⟨[4], [0, 2, 3, 4, 5, 6, 9, 10, 11, 12, 13, 14], 1481/1600, 1/56, 9567/156800, 24⟩,
    ⟨[4], [0, 2, 3, 4, 5, 7, 8, 9, 10, 11, 12, 13], 1481/1600, 1/56, 9567/145600, 21⟩,
    ⟨[4], [0, 2, 3, 4, 5, 7, 8, 9, 10, 11, 12, 14], 1481/1600, 1/56, 9567/156800, 24⟩,
    ⟨[4], [0, 2, 3, 4, 5, 7, 8, 9, 10, 11, 13, 14], 1481/1600, 1/56, 9567/156800, 24⟩,
    ⟨[4], [0, 2, 3, 4, 5, 7, 8, 9, 10, 12, 13, 14], 1481/1600, 1/56, 9567/156800, 24⟩,
    ⟨[4], [0, 2, 3, 4, 5, 7, 8, 9, 11, 12, 13, 14], 1481/1600, 1/56, 9567/156800, 24⟩,
    ⟨[4], [0, 2, 3, 4, 5, 7, 8, 10, 11, 12, 13, 14], 1481/1600, 1/56, 9567/156800, 24⟩,
    ⟨[4], [0, 2, 3, 4, 5, 7, 9, 10, 11, 12, 13, 14], 1481/1600, 1/56, 9567/156800, 24⟩,
    ⟨[4], [0, 2, 3, 4, 5, 8, 9, 10, 11, 12, 13, 14], 1481/1600, 1/56, 9567/156800, 24⟩,
    ⟨[4], [0, 2, 3, 4, 6, 7, 8, 9, 10, 11, 12, 13], 1481/1600, 1/56, 9567/145600, 21⟩,
    ⟨[4], [0, 2, 3, 4, 6, 7, 8, 9, 10, 11, 12, 14], 1481/1600, 1/56, 9567/156800, 24⟩,
    ⟨[4], [0, 2, 3, 4, 6, 7, 8, 9, 10, 11, 13, 14], 1481/1600, 1/56, 9567/156800, 24⟩,
    ⟨[4], [0, 2, 3, 4, 6, 7, 8, 9, 10, 12, 13, 14], 1481/1600, 1/56, 9567/156800, 24⟩,
    ⟨[4], [0, 2, 3, 4, 6, 7, 8, 9, 11, 12, 13, 14], 1481/1600, 1/56, 9567/156800, 24⟩,
    ⟨[4], [0, 2, 3, 4, 6, 7, 8, 10, 11, 12, 13, 14], 1481/1600, 1/56, 9567/156800, 24⟩,
    ⟨[4], [0, 2, 3, 4, 6, 7, 9, 10, 11, 12, 13, 14], 1481/1600, 1/56, 9567/156800, 24⟩,
    ⟨[4], [0, 2, 3, 4, 6, 8, 9, 10, 11, 12, 13, 14], 1481/1600, 1/56, 9567/156800, 24⟩,
    ⟨[4], [0, 2, 3, 4, 7, 8, 9, 10, 11, 12, 13, 14], 1481/1600, 1/56, 9567/156800, 24⟩,
    ⟨[4], [0, 2, 3, 5, 6, 7, 8, 9, 10, 11, 12, 13], 1481/1600, 1/56, 9567/145600, 21⟩,
    ⟨[4], [0, 2, 3, 5, 6, 7, 8, 9, 10, 11, 12, 14], 1481/1600, 1/56, 9567/156800, 24⟩,
    ⟨[4], [0, 2, 3, 5, 6, 7, 8, 9, 10, 11, 13, 14], 1481/1600, 1/56, 9567/156800, 24⟩,
    ⟨[4], [0, 2, 3, 5, 6, 7, 8, 9, 10, 12, 13, 14], 1481/1600, 1/56, 9567/156800, 24⟩,
    ⟨[4], [0, 2, 3, 5, 6, 7, 8, 9, 11, 12, 13, 14], 1481/1600, 1/56, 9567/156800, 24⟩,
    ⟨[4], [0, 2, 3, 5, 6, 7, 8, 10, 11, 12, 13, 14], 1481/1600, 1/56, 9567/156800, 24⟩,
    ⟨[4], [0, 2, 3, 5, 6, 7, 9, 10, 11, 12, 13, 14], 1481/1600, 1/56, 9567/156800, 24⟩,
    ⟨[4], [0, 2, 3, 5, 6, 8, 9, 10, 11, 12, 13, 14], 1481/1600, 1/56, 9567/156800, 24⟩,
    ⟨[4], [0, 2, 3, 5, 7, 8, 9, 10, 11, 12, 13, 14], 1481/1600, 1/56, 9567/156800, 24⟩,
    ⟨[4], [0, 2, 3, 6, 7, 8, 9, 10, 11, 12, 13, 14], 1481/1600, 1/56, 9567/156800, 24⟩,
    ⟨[4], [0, 2, 4, 5, 6, 7, 8, 9, 10, 11, 12, 13], 1481/1600, 1/56, 9567/145600, 21⟩,
    ⟨[4], [0, 2, 4, 5, 6, 7, 8, 9, 10, 11, 12, 14], 1481/1600, 1/56, 9567/156800, 24⟩,
    ⟨[4], [0, 2, 4, 5, 6, 7, 8, 9, 10, 11, 13, 14], 1481/1600, 1/56, 9567/156800, 24⟩,
    ⟨[4], [0, 2, 4, 5, 6, 7, 8, 9, 10, 12, 13, 14], 1481/1600, 1/56, 9567/156800, 24⟩,
    ⟨[4], [0, 2, 4, 5, 6, 7, 8, 9, 11, 12, 13, 14], 1481/1600, 1/56, 9567/156800, 24⟩,
    ⟨[4], [0, 2, 4, 5, 6, 7, 8, 10, 11, 12, 13, 14], 1481/1600, 1/56, 9567/156800, 24⟩,
    ⟨[4], [0, 2, 4, 5, 6, 7, 9, 10, 11, 12, 13, 14], 1481/1600, 1/56, 9567/156800, 24⟩,
    ⟨[4], [0, 2, 4, 5, 6, 8, 9, 10, 11, 12, 13, 14], 1481/1600, 1/56, 9567/156800, 24⟩,
    ⟨[4], [0, 2, 4, 5, 7, 8, 9, 10, 11, 12, 13, 14], 1481/1600, 1/56, 9567/156800, 24⟩,
    ⟨[4], [0, 2, 4, 6, 7, 8, 9, 10, 11, 12, 13, 14], 1481/1600, 1/56, 9567/156800, 24⟩,
    ⟨[4], [0, 2, 5, 6, 7, 8, 9, 10, 11, 12, 13, 14], 1481/1600, 1/56, 9567/156800, 24⟩,
    ⟨[4], [0, 3, 4, 5, 6, 7, 8, 9, 10, 11, 12, 13], 1481/1600, 1/56, 9567/145600, 21⟩,
    ⟨[4], [0, 3, 4, 5, 6, 7, 8, 9, 10, 11, 12, 14], 1481/1600, 1/56, 9567/156800, 24⟩,
    ⟨[4], [0, 3, 4, 5, 6, 7, 8, 9, 10, 11, 13, 14], 1481/1600, 1/56, 9567/156800, 24⟩,
    ⟨[4], [0, 3, 4, 5, 6, 7, 8, 9, 10, 12, 13, 14], 1481/1600, 1/56, 9567/156800, 24⟩,
    ⟨[4], [0, 3, 4, 5, 6, 7, 8, 9, 11, 12, 13, 14], 1481/1600, 1/56, 9567/156800, 24⟩,
    ⟨[4], [0, 3, 4, 5, 6, 7, 8, 10, 11, 12, 13, 14], 1481/1600, 1/56, 9567/156800, 24⟩,
    ⟨[4], [0, 3, 4, 5, 6, 7, 9, 10, 11, 12, 13, 14], 1481/1600, 1/56, 9567/156800, 24⟩,
    ⟨[4], [0, 3, 4, 5, 6, 8, 9, 10, 11, 12, 13, 14], 1481/1600, 1/56, 9567/156800, 24⟩,
    ⟨[4], [0, 3, 4, 5, 7, 8, 9, 10, 11, 12, 13, 14], 1481/1600, 1/56, 9567/156800, 24⟩,
    ⟨[4], [0, 3, 4, 6, 7, 8, 9, 10, 11, 12, 13, 14], 1481/1600, 1/56, 9567/156800, 24⟩,
    ⟨[4], [0, 3, 5, 6, 7, 8, 9, 10, 11, 12, 13, 14], 1481/1600, 1/56, 9567/156800, 24⟩,
    ⟨[4], [0, 4, 5, 6, 7, 8, 9, 10, 11, 12, 13, 14], 1481/1600, 1/56, 9567/156800, 24⟩,
    ⟨[5], [0, 1, 2, 3, 4, 5, 6, 7, 8, 9, 10, 11], 119/1600, 113633/123200, 69/70, 16⟩,
    ⟨[5], [0, 1, 2, 3, 4, 5, 6, 7, 8, 9, 10, 12], 119/1600, 41611/44800, 69/70, 18⟩,
    ⟨[5], [0, 1, 2, 3, 4, 5, 6, 7, 8, 9, 10, 13], 119/1600, 136033/145600, 69/70, 20⟩,
    ⟨[5], [0, 1, 2, 3, 4, 5, 6, 7, 8, 9, 10, 14], 119/1600, 147233/156800, 69/70, 22⟩,
    ⟨[5], [0, 1, 2, 3, 4, 5, 6, 7, 8, 9, 11, 12], 119/1600, 41611/44800, 69/70, 18⟩,
    ⟨[5], [0, 1, 2, 3, 4, 5, 6, 7, 8, 9, 11, 13], 119/1600, 136033/145600, 69/70, 20⟩,
    ⟨[5], [0, 1, 2, 3, 4, 5, 6, 7, 8, 9, 11, 14], 119/1600, 147233/156800, 69/70, 22⟩,
    ⟨[5], [0, 1, 2, 3, 4, 5, 6, 7, 8, 9, 12, 13], 119/1600, 136033/145600, 69/70, 20⟩,
    ⟨[5], [0, 1, 2, 3, 4, 5, 6, 7, 8, 9, 12, 14], 119/1600, 147233/156800, 69/70, 22⟩,
    ⟨[5], [0, 1, 2, 3, 4, 5, 6, 7, 8, 9, 13, 14], 119/1600, 147233/156800, 69/70, 22⟩,
    ⟨[5], [0, 1, 2, 3, 4, 5, 6, 7, 8, 10, 11, 12], 119/1600, 41611/44800, 69/70, 18⟩,
    ⟨[5], [0, 1, 2, 3, 4, 5, 6, 7, 8, 10, 11, 13], 119/1600, 136033/145600, 69/70, 20⟩,
    ⟨[5], [0, 1, 2, 3, 4, 5, 6, 7, 8, 10, 11, 14], 119/1600, 147233/156800, 69/70, 22⟩,
    ⟨[5], [0, 1, 2, 3, 4, 5, 6, 7, 8, 10, 12, 13], 119/1600, 136033/145600, 69/70, 20⟩,
    ⟨[5], [0, 1, 2, 3, 4, 5, 6, 7, 8, 10, 12, 14], 119/1600, 35233/78400, 78433/156800, 20⟩,
    ⟨[5], [0, 1, 2, 3, 4, 5, 6, 7, 8, 10, 13, 14], 119/1600, 147233/156800, 69/70, 22⟩,
    ⟨[5], [0, 1, 2, 3, 4, 5, 6, 7, 8, 11, 12, 13], 119/1600, 136033/145600, 69/70, 20⟩,
    ⟨[5], [0, 1, 2, 3, 4, 5, 6, 7, 8, 11, 12, 14], 119/1600, 147233/156800, 69/70, 22⟩,
    ⟨[5], [0, 1, 2, 3, 4, 5, 6, 7, 8, 11, 13, 14], 119/1600, 147233/156800, 69/70, 22⟩,
    ⟨[5], [0, 1, 2, 3, 4, 5, 6, 7, 8, 12, 13, 14], 119/1600, 147233/156800, 69/70, 22⟩,
    ⟨[5], [0, 1, 2, 3, 4, 5, 6, 7, 9, 10, 11, 12], 119/1600, 41611/44800, 69/70, 18⟩,
    ⟨[5], [0, 1, 2, 3, 4, 5, 6, 7, 9, 10, 11, 13], 119/1600, 136033/145600, 69/70, 20⟩,
    ⟨[5], [0, 1, 2, 3, 4, 5, 6, 7, 9, 10, 11, 14], 119/1600, 147233/156800, 69/70, 22⟩,
    ⟨[5], [0, 1, 2, 3, 4, 5, 6, 7, 9, 10, 12, 13], 119/1600, 136033/145600, 69/70, 20⟩,
    ⟨[5], [0, 1, 2, 3, 4, 5, 6, 7, 9, 10, 12, 14], 119/1600, 147233/156800, 69/70, 22⟩,
    ⟨[5], [0, 1, 2, 3, 4, 5, 6, 7, 9, 10, 13, 14], 119/1600, 147233/156800, 69/70, 22⟩,
    ⟨[5], [0, 1, 2, 3, 4, 5, 6, 7, 9, 11, 12, 13], 119/1600, 136033/145600, 69/70, 20⟩,
    ⟨[5], [0, 1, 2, 3, 4, 5, 6, 7, 9, 11, 12, 14], 119/1600, 147233/156800, 69/70, 22⟩,
    ⟨[5], [0, 1, 2, 3, 4, 5, 6, 7, 9, 11, 13, 14], 119/1600, 147233/156800, 69/70, 22⟩,
    ⟨[5], [0, 1, 2, 3, 4, 5, 6, 7, 9, 12, 13, 14], 119/1600, 147233/156800, 69/70, 22⟩,
    ⟨[5], [0, 1, 2, 3, 4, 5, 6, 7, 10, 11, 12, 13], 119/1600, 136033/145600, 69/70, 20⟩,
    ⟨[5], [0, 1, 2, 3, 4, 5, 6, 7, 10, 11, 12, 14], 119/1600, 147233/156800, 69/70, 22⟩,
    ⟨[5], [0, 1, 2, 3, 4, 5, 6, 7, 10, 11, 13, 14], 119/1600, 147233/156800, 69/70, 22⟩,
    ⟨[5], [0, 1, 2, 3, 4, 5, 6, 7, 10, 12, 13, 14], 119/1600, 147233/156800, 69/70, 22⟩,
    ⟨[5], [0, 1, 2, 3, 4, 5, 6, 7, 11, 12, 13, 14], 119/1600, 147233/156800, 69/70, 22⟩,
    ⟨[5], [0, 1, 2, 3, 4, 5, 6, 8, 9, 10, 11, 12], 119/1600, 41611/44800, 69/70, 18⟩,
    ⟨[5], [0, 1, 2, 3, 4, 5, 6, 8, 9, 10, 11, 13], 119/1600, 136033/145600, 69/70, 20⟩,
    ⟨[5], [0, 1, 2, 3, 4, 5, 6, 8, 9, 10, 11, 14], 119/1600, 147233/156800, 69/70, 22⟩,
    ⟨[5], [0, 1, 2, 3, 4, 5, 6, 8, 9, 10, 12, 13], 119/1600, 136033/145600, 69/70, 20⟩,
    ⟨[5], [0, 1, 2, 3, 4, 5, 6, 8, 9, 10, 12, 14], 119/1600, 147233/156800, 69/70, 22⟩,
    ⟨[5], [0, 1, 2, 3, 4, 5, 6, 8, 9, 10, 13, 14], 119/1600, 147233/156800, 69/70, 22⟩,
    ⟨[5], [0, 1, 2, 3, 4, 5, 6, 8, 9, 11, 12, 13], 119/1600, 136033/145600, 69/70, 20⟩,
    ⟨[5], [0, 1, 2, 3, 4, 5, 6, 8, 9, 11, 12, 14], 119/1600, 147233/156800, 69/70, 22⟩,
    ⟨[5], [0, 1, 2, 3, 4, 5, 6, 8, 9, 11, 13, 14], 119/1600, 147233/156800, 69/70, 22⟩,
    ⟨[5], [0, 1, 2, 3, 4, 5, 6, 8, 9, 12, 13, 14], 119/1600, 147233/156800, 69/70, 22⟩,
    ⟨[5], [0, 1, 2, 3, 4, 5, 6, 8, 10, 11, 12, 13], 119/1600, 136033/145600, 69/70, 20⟩,
    ⟨[5], [0, 1, 2, 3, 4, 5, 6, 8, 10, 11, 12, 14], 119/1600, 147233/156800, 69/70, 22⟩,
    ⟨[5], [0, 1, 2, 3, 4, 5, 6, 8, 10, 11, 13, 14], 119/1600, 147233/156800, 69/70, 22⟩,
    ⟨[5], [0, 1, 2, 3, 4, 5, 6, 8, 10, 12, 13, 14], 119/1600, 147233/156800, 69/70, 22⟩,
    ⟨[5], [0, 1, 2, 3, 4, 5, 6, 8, 11, 12, 13, 14], 119/1600, 147233/156800, 69/70, 22⟩,
    ⟨[5], [0, 1, 2, 3, 4, 5, 6, 9, 10, 11, 12, 13], 119/1600, 136033/145600, 69/70, 20⟩,
    ⟨[5], [0, 1, 2, 3, 4, 5, 6, 9, 10, 11, 12, 14], 119/1600, 147233/156800, 69/70, 22⟩,
    ⟨[5], [0, 1, 2, 3, 4, 5, 6, 9, 10, 11, 13, 14], 119/1600, 147233/156800, 69/70, 22⟩,
    ⟨[5], [0, 1, 2, 3, 4, 5, 6, 9, 10, 12, 13, 14], 119/1600, 147233/156800, 69/70, 22⟩,
    ⟨[5], [0, 1, 2, 3, 4, 5, 6, 9, 11, 12, 13, 14], 119/1600, 147233/156800, 69/70, 22⟩,
    ⟨[5], [0, 1, 2, 3, 4, 5, 6, 10, 11, 12, 13, 14], 119/1600, 147233/156800, 69/70, 22⟩,
    ⟨[5], [0, 1, 2, 3, 4, 5, 7, 8, 9, 10, 11, 12], 119/1600, 41611/44800, 69/70, 18⟩,
    ⟨[5], [0, 1, 2, 3, 4, 5, 7, 8, 9, 10, 11, 13], 119/1600, 136033/145600, 69/70, 20⟩,
    ⟨[5], [0, 1, 2, 3, 4, 5, 7, 8, 9, 10, 11, 14], 119/1600, 147233/156800, 69/70, 22⟩,
    ⟨[5], [0, 1, 2, 3, 4, 5, 7, 8, 9, 10, 12, 13], 119/1600, 136033/145600, 69/70, 20⟩,
    ⟨[5], [0, 1, 2, 3, 4, 5, 7, 8, 9, 10, 12, 14], 119/1600, 147233/156800, 69/70, 22⟩,
    ⟨[5], [0, 1, 2, 3, 4, 5, 7, 8, 9, 10, 13, 14], 119/1600, 147233/156800, 69/70, 22⟩,
    ⟨[5], [0, 1, 2, 3, 4, 5, 7, 8, 9, 11, 12, 13], 119/1600, 136033/145600, 69/70, 20⟩,
    ⟨[5], [0, 1, 2, 3, 4, 5, 7, 8, 9, 11, 12, 14], 119/1600, 147233/156800, 69/70, 22⟩,
    ⟨[5], [0, 1, 2, 3, 4, 5, 7, 8, 9, 11, 13, 14], 119/1600, 147233/156800, 69/70, 22⟩,
    ⟨[5], [0, 1, 2, 3, 4, 5, 7, 8, 9, 12, 13, 14], 119/1600, 147233/156800, 69/70, 22⟩,
    ⟨[5], [0, 1, 2, 3, 4, 5, 7, 8, 10, 11, 12, 13], 119/1600, 136033/145600, 69/70, 20⟩,
    ⟨[5], [0, 1, 2, 3, 4, 5, 7, 8, 10, 11, 12, 14], 119/1600, 147233/156800, 69/70, 22⟩,
    ⟨[5], [0, 1, 2, 3, 4, 5, 7, 8, 10, 11, 13, 14], 119/1600, 147233/156800, 69/70, 22⟩,
    ⟨[5], [0, 1, 2, 3, 4, 5, 7, 8, 10, 12, 13, 14], 119/1600, 147233/156800, 69/70, 22⟩,
    ⟨[5], [0, 1, 2, 3, 4, 5, 7, 8, 11, 12, 13, 14], 119/1600, 147233/156800, 69/70, 22⟩,
    ⟨[5], [0, 1, 2, 3, 4, 5, 7, 9, 10, 11, 12, 13], 119/1600, 136033/145600, 69/70, 20⟩,
    ⟨[5], [0, 1, 2, 3, 4, 5, 7, 9, 10, 11, 12, 14], 119/1600, 147233/156800, 69/70, 22⟩,
    ⟨[5], [0, 1, 2, 3, 4, 5, 7, 9, 10, 11, 13, 14], 119/1600, 147233/156800, 69/70, 22⟩,
    ⟨[5], [0, 1, 2, 3, 4, 5, 7, 9, 10, 12, 13, 14], 119/1600, 147233/156800, 69/70, 22⟩,
    ⟨[5], [0, 1, 2, 3, 4, 5, 7, 9, 11, 12, 13, 14], 119/1600, 147233/156800, 69/70, 22⟩,
    ⟨[5], [0, 1, 2, 3, 4, 5, 7, 10, 11, 12, 13, 14], 119/1600, 147233/156800, 69/70, 22⟩,
    ⟨[5], [0, 1, 2, 3, 4, 5, 8, 9, 10, 11, 12, 13], 119/1600, 136033/145600, 69/70, 20⟩,
    ⟨[5], [0, 1, 2, 3, 4, 5, 8, 9, 10, 11, 12, 14], 119/1600, 147233/156800, 69/70, 22⟩,
    ⟨[5], [0, 1, 2, 3, 4, 5, 8, 9, 10, 11, 13, 14], 119/1600, 147233/156800, 69/70, 22⟩,
    ⟨[5], [0, 1, 2, 3, 4, 5, 8, 9, 10, 12, 13, 14], 119/1600, 147233/156800, 69/70, 22⟩,
    ⟨[5], [0, 1, 2, 3, 4, 5, 8, 9, 11, 12, 13, 14], 119/1600, 147233/156800, 69/70, 22⟩,
    ⟨[5], [0, 1, 2, 3, 4, 5, 8, 10, 11, 12, 13, 14], 119/1600, 147233/156800, 69/70, 22⟩,
    ⟨[5], [0, 1, 2, 3, 4, 5, 9, 10, 11, 12, 13, 14], 119/1600, 147233/156800, 69/70, 22⟩,
    ⟨[5], [0, 1, 2, 3, 4, 6, 7, 8, 9, 10, 11, 12], 119/1600, 41611/44800, 69/70, 18⟩,
    ⟨[5], [0, 1, 2, 3, 4, 6, 7, 8, 9, 10, 11, 13], 119/1600, 136033/145600, 69/70, 20⟩,
    ⟨[5], [0, 1, 2, 3, 4, 6, 7, 8, 9, 10, 11, 14], 119/1600, 147233/156800, 69/70, 22⟩,
    ⟨[5], [0, 1, 2, 3, 4, 6, 7, 8, 9, 10, 12, 13], 119/1600, 136033/145600, 69/70, 20⟩,
    ⟨[5], [0, 1, 2, 3, 4, 6, 7, 8, 9, 10, 12, 14], 119/1600, 147233/156800, 69/70, 22⟩,
    ⟨[5], [0, 1, 2, 3, 4, 6, 7, 8, 9, 10, 13, 14], 119/1600, 147233/156800, 69/70, 22⟩,
    ⟨[5], [0, 1, 2, 3, 4, 6, 7, 8, 9, 11, 12, 13], 119/1600, 136033/145600, 69/70, 20⟩,
    ⟨[5], [0, 1, 2, 3, 4, 6, 7, 8, 9, 11, 12, 14], 119/1600, 147233/156800, 69/70, 22⟩,
    ⟨[5], [0, 1, 2, 3, 4, 6, 7, 8, 9, 11, 13, 14], 119/1600, 147233/156800, 69/70, 22⟩,
    ⟨[5], [0, 1, 2, 3, 4, 6, 7, 8, 9, 12, 13, 14], 119/1600, 147233/156800, 69/70, 22⟩,
    ⟨[5], [0, 1, 2, 3, 4, 6, 7, 8, 10, 11, 12, 13], 119/1600, 136033/145600, 69/70, 20⟩,
    ⟨[5], [0, 1, 2, 3, 4, 6, 7, 8, 10, 11, 12, 14], 119/1600, 147233/156800, 69/70, 22⟩,
    ⟨[5], [0, 1, 2, 3, 4, 6, 7, 8, 10, 11, 13, 14], 119/1600, 147233/156800, 69/70, 22⟩,
    ⟨[5], [0, 1, 2, 3, 4, 6, 7, 8, 10, 12, 13, 14], 119/1600, 147233/156800, 69/70, 22⟩,
    ⟨[5], [0, 1, 2, 3, 4, 6, 7, 8, 11, 12, 13, 14], 119/1600, 147233/156800, 69/70, 22⟩,
    ⟨[5], [0, 1, 2, 3, 4, 6, 7, 9, 10, 11, 12, 13], 119/1600, 136033/145600, 69/70, 20⟩,
    ⟨[5], [0, 1, 2, 3, 4, 6, 7, 9, 10, 11, 12, 14], 119/1600, 147233/156800, 69/70, 22⟩,
    ⟨[5], [0, 1, 2, 3, 4, 6, 7, 9, 10, 11, 13, 14], 119/1600, 147233/156800, 69/70, 22⟩,
    ⟨[5], [0, 1, 2, 3, 4, 6, 7, 9, 10, 12, 13, 14], 119/1600, 147233/156800, 69/70, 22⟩,
    ⟨[5], [0, 1, 2, 3, 4, 6, 7, 9, 11, 12, 13, 14], 119/1600, 147233/156800, 69/70, 22⟩,
    ⟨[5], [0, 1, 2, 3, 4, 6, 7, 10, 11, 12, 13, 14], 119/1600, 147233/156800, 69/70, 22⟩,
    ⟨[5], [0, 1, 2, 3, 4, 6, 8, 9, 10, 11, 12, 13], 119/1600, 136033/145600, 69/70, 20⟩,
    ⟨[5], [0, 1, 2, 3, 4, 6, 8, 9, 10, 11, 12, 14], 119/1600, 147233/156800, 69/70, 22⟩,
    ⟨[5], [0, 1, 2, 3, 4, 6, 8, 9, 10, 11, 13, 14], 119/1600, 147233/156800, 69/70, 22⟩,
    ⟨[5], [0, 1, 2, 3, 4, 6, 8, 9, 10, 12, 13, 14], 119/1600, 147233/156800, 69/70, 22⟩,
    ⟨[5], [0, 1, 2, 3, 4, 6, 8, 9, 11, 12, 13, 14], 119/1600, 147233/156800, 69/70, 22⟩,
    ⟨[5], [0, 1, 2, 3, 4, 6, 8, 10, 11, 12, 13, 14], 119/1600, 147233/156800, 69/70, 22⟩,
    ⟨[5], [0, 1, 2, 3, 4, 6, 9, 10, 11, 12, 13, 14], 119/1600, 147233/156800, 69/70, 22⟩,
    ⟨[5], [0, 1, 2, 3, 4, 7, 8, 9, 10, 11, 12, 13], 119/1600, 136033/145600, 69/70, 20⟩,
    ⟨[5], [0, 1, 2, 3, 4, 7, 8, 9, 10, 11, 12, 14], 119/1600, 147233/156800, 69/70, 22⟩,
    ⟨[5], [0, 1, 2, 3, 4, 7, 8, 9, 10, 11, 13, 14], 119/1600, 147233/156800, 69/70, 22⟩,
    ⟨[5], [0, 1, 2, 3, 4, 7, 8, 9, 10, 12, 13, 14], 119/1600, 147233/156800, 69/70, 22⟩,
    ⟨[5], [0, 1, 2, 3, 4, 7, 8, 9, 11, 12, 13, 14], 119/1600, 147233/156800, 69/70, 22⟩,
    ⟨[5], [0, 1, 2, 3, 4, 7, 8, 10, 11, 12, 13, 14], 119/1600, 147233/156800, 69/70, 22⟩,
    ⟨[5], [0, 1, 2, 3, 4, 7, 9, 10, 11, 12, 13, 14], 119/1600, 147233/156800, 69/70, 22⟩,
    ⟨[5], [0, 1, 2, 3, 4, 8, 9, 10, 11, 12, 13, 14], 119/1600, 147233/156800, 69/70, 22⟩,
    ⟨[5], [0, 1, 2, 3, 5, 6, 7, 8, 9, 10, 11, 12], 119/1600, 41611/44800, 69/70, 18⟩,
    ⟨[5], [0, 1, 2, 3, 5, 6, 7, 8, 9, 10, 11, 13], 119/1600, 136033/145600, 69/70, 20⟩,
    ⟨[5], [0, 1, 2, 3, 5, 6, 7, 8, 9, 10, 11, 14], 119/1600, 147233/156800, 69/70, 22⟩,
    ⟨[5], [0, 1, 2, 3, 5, 6, 7, 8, 9, 10, 12, 13], 119/1600, 136033/145600, 69/70, 20⟩,
    ⟨[5], [0, 1, 2, 3, 5, 6, 7, 8, 9, 10, 12, 14], 119/1600, 147233/156800, 69/70, 22⟩,
    ⟨[5], [0, 1, 2, 3, 5, 6, 7, 8, 9, 10, 13, 14], 119/1600, 147233/156800, 69/70, 22⟩,
    ⟨[5], [0, 1, 2, 3, 5, 6, 7, 8, 9, 11, 12, 13], 119/1600, 136033/145600, 69/70, 20⟩,
    ⟨[5], [0, 1, 2, 3, 5, 6, 7, 8, 9, 11, 12, 14], 119/1600, 147233/156800, 69/70, 22⟩,
    ⟨[5], [0, 1, 2, 3, 5, 6, 7, 8, 9, 11, 13, 14], 119/1600, 147233/156800, 69/70, 22⟩,
    ⟨[5], [0, 1, 2, 3, 5, 6, 7, 8, 9, 12, 13, 14], 119/1600, 147233/156800, 69/70, 22⟩,
    ⟨[5], [0, 1, 2, 3, 5, 6, 7, 8, 10, 11, 12, 13], 119/1600, 136033/145600, 69/70, 20⟩,
    ⟨[5], [0, 1, 2, 3, 5, 6, 7, 8, 10, 11, 12, 14], 119/1600, 147233/156800, 69/70, 22⟩,
    ⟨[5], [0, 1, 2, 3, 5, 6, 7, 8, 10, 11, 13, 14], 119/1600, 147233/156800, 69/70, 22⟩,
    ⟨[5], [0, 1, 2, 3, 5, 6, 7, 8, 10, 12, 13, 14], 119/1600, 147233/156800, 69/70, 22⟩,
    ⟨[5], [0, 1, 2, 3, 5, 6, 7, 8, 11, 12, 13, 14], 119/1600, 147233/156800, 69/70, 22⟩,
    ⟨[5], [0, 1, 2, 3, 5, 6, 7, 9, 10, 11, 12, 13], 119/1600, 136033/145600, 69/70, 20⟩,
    ⟨[5], [0, 1, 2, 3, 5, 6, 7, 9, 10, 11, 12, 14], 119/1600, 147233/156800, 69/70, 22⟩,
    ⟨[5], [0, 1, 2, 3, 5, 6, 7, 9, 10, 11, 13, 14], 119/1600, 147233/156800, 69/70, 22⟩,
    ⟨[5], [0, 1, 2, 3, 5, 6, 7, 9, 10, 12, 13, 14], 119/1600, 147233/156800, 69/70, 22⟩,
    ⟨[5], [0, 1, 2, 3, 5, 6, 7, 9, 11, 12, 13, 14], 119/1600, 147233/156800, 69/70, 22⟩,
    ⟨[5], [0, 1, 2, 3, 5, 6, 7, 10, 11, 12, 13, 14], 119/1600, 147233/156800, 69/70, 22⟩,
    ⟨[5], [0, 1, 2, 3, 5, 6, 8, 9, 10, 11, 12, 13], 119/1600, 136033/145600, 69/70, 20⟩,
    ⟨[5], [0, 1, 2, 3, 5, 6, 8, 9, 10, 11, 12, 14], 119/1600, 147233/156800, 69/70, 22⟩,
    ⟨[5], [0, 1, 2, 3, 5, 6, 8, 9, 10, 11, 13, 14], 119/1600, 147233/156800, 69/70, 22⟩,
    ⟨[5], [0, 1, 2, 3, 5, 6, 8, 9, 10, 12, 13, 14], 119/1600, 147233/156800, 69/70, 22⟩,
    ⟨[5], [0, 1, 2, 3, 5, 6, 8, 9, 11, 12, 13, 14], 119/1600, 147233/156800, 69/70, 22⟩,
    ⟨[5], [0, 1, 2, 3, 5, 6, 8, 10, 11, 12, 13, 14], 119/1600, 147233/156800, 69/70, 22⟩,
    ⟨[5], [0, 1, 2, 3, 5, 6, 9, 10, 11, 12, 13, 14], 119/1600, 147233/156800, 69/70, 22⟩,
    ⟨[5], [0, 1, 2, 3, 5, 7, 8, 9, 10, 11, 12, 13], 119/1600, 136033/145600, 69/70, 20⟩,
    ⟨[5], [0, 1, 2, 3, 5, 7, 8, 9, 10, 11, 12, 14], 119/1600, 147233/156800, 69/70, 22⟩,
    ⟨[5], [0, 1, 2, 3, 5, 7, 8, 9, 10, 11, 13, 14], 119/1600, 147233/156800, 69/70, 22⟩,
    ⟨[5], [0, 1, 2, 3, 5, 7, 8, 9, 10, 12, 13, 14], 119/1600, 147233/156800, 69/70, 22⟩,
    ⟨[5], [0, 1, 2, 3, 5, 7, 8, 9, 11, 12, 13, 14], 119/1600, 147233/156800, 69/70, 22⟩,
    ⟨[5], [0, 1, 2, 3, 5, 7, 8, 10, 11, 12, 13, 14], 119/1600, 147233/156800, 69/70, 22⟩,
    ⟨[5], [0, 1, 2, 3, 5, 7, 9, 10, 11, 12, 13, 14], 119/1600, 147233/156800, 69/70, 22⟩,
    ⟨[5], [0, 1, 2, 3, 5, 8, 9, 10, 11, 12, 13, 14], 119/1600, 147233/156800, 69/70, 22⟩,
    ⟨[5], [0, 1, 2, 3, 6, 7, 8, 9, 10, 11, 12, 13], 119/1600, 136033/145600, 69/70, 20⟩,
    ⟨[5], [0, 1, 2, 3, 6, 7, 8, 9, 10, 11, 12, 14], 119/1600, 147233/156800, 69/70, 22⟩,
    ⟨[5], [0, 1, 2, 3, 6, 7, 8, 9, 10, 11, 13, 14], 119/1600, 147233/156800, 69/70, 22⟩,
    ⟨[5], [0, 1, 2, 3, 6, 7, 8, 9, 10, 12, 13, 14], 119/1600, 147233/156800, 69/70, 22⟩,
    ⟨[5], [0, 1, 2, 3, 6, 7, 8, 9, 11, 12, 13, 14], 119/1600, 147233/156800, 69/70, 22⟩,
    ⟨[5], [0, 1, 2, 3, 6, 7, 8, 10, 11, 12, 13, 14], 119/1600, 147233/156800, 69/70, 22⟩,
    ⟨[5], [0, 1, 2, 3, 6, 7, 9, 10, 11, 12, 13, 14], 119/1600, 147233/156800, 69/70, 22⟩,
    ⟨[5], [0, 1, 2, 3, 6, 8, 9, 10, 11, 12, 13, 14], 119/1600, 147233/156800, 69/70, 22⟩,
    ⟨[5], [0, 1, 2, 3, 7, 8, 9, 10, 11, 12, 13, 14], 119/1600, 147233/156800, 69/70, 22⟩,
    ⟨[5], [0, 1, 2, 4, 5, 6, 7, 8, 9, 10, 11, 12], 119/1600, 41611/44800, 69/70, 18⟩,
    ⟨[5], [0, 1, 2, 4, 5, 6, 7, 8, 9, 10, 11, 13], 119/1600, 136033/145600, 69/70, 20⟩,
    ⟨[5], [0, 1, 2, 4, 5, 6, 7, 8, 9, 10, 11, 14], 119/1600, 147233/156800, 69/70, 22⟩,
    ⟨[5], [0, 1, 2, 4, 5, 6, 7, 8, 9, 10, 12, 13], 119/1600, 136033/145600, 69/70, 20⟩,
    ⟨[5], [0, 1, 2, 4, 5, 6, 7, 8, 9, 10, 12, 14], 119/1600, 147233/156800, 69/70, 22⟩,
    ⟨[5], [0, 1, 2, 4, 5, 6, 7, 8, 9, 10, 13, 14], 119/1600, 147233/156800, 69/70, 22⟩,
    ⟨[5], [0, 1, 2, 4, 5, 6, 7, 8, 9, 11, 12, 13], 119/1600, 136033/145600, 69/70, 20⟩,
    ⟨[5], [0, 1, 2, 4, 5, 6, 7, 8, 9, 11, 12, 14], 119/1600, 147233/156800, 69/70, 22⟩,
    ⟨[5], [0, 1, 2, 4, 5, 6, 7, 8, 9, 11, 13, 14], 119/1600, 147233/156800, 69/70, 22⟩,
    ⟨[5], [0, 1, 2, 4, 5, 6, 7, 8, 9, 12, 13, 14], 119/1600, 147233/156800, 69/70, 22⟩,
    ⟨[5], [0, 1, 2, 4, 5, 6, 7, 8, 10, 11, 12, 13], 119/1600, 136033/145600, 69/70, 20⟩,
    ⟨[5], [0, 1, 2, 4, 5, 6, 7, 8, 10, 11, 12, 14], 119/1600, 147233/156800, 69/70, 22⟩,
    ⟨[5], [0, 1, 2, 4, 5, 6, 7, 8, 10, 11, 13, 14], 119/1600, 147233/156800, 69/70, 22⟩,
    ⟨[5], [0, 1, 2, 4, 5, 6, 7, 8, 10, 12, 13, 14], 119/1600, 147233/156800, 69/70, 22⟩,
    ⟨[5], [0, 1, 2, 4, 5, 6, 7, 8, 11, 12, 13, 14], 119/1600, 147233/156800, 69/70, 22⟩,
    ⟨[5], [0, 1, 2, 4, 5, 6, 7, 9, 10, 11, 12, 13], 119/1600, 136033/145600, 69/70, 20⟩,
    ⟨[5], [0, 1, 2, 4, 5, 6, 7, 9, 10, 11, 12, 14], 119/1600, 147233/156800, 69/70, 22⟩,
    ⟨[5], [0, 1, 2, 4, 5, 6, 7, 9, 10, 11, 13, 14], 119/1600, 147233/156800, 69/70, 22⟩,
    ⟨[5], [0, 1, 2, 4, 5, 6, 7, 9, 10, 12, 13, 14], 119/1600, 147233/156800, 69/70, 22⟩,
    ⟨[5], [0, 1, 2, 4, 5, 6, 7, 9, 11, 12, 13, 14], 119/1600, 147233/156800, 69/70, 22⟩,
    ⟨[5], [0, 1, 2, 4, 5, 6, 7, 10, 11, 12, 13, 14], 119/1600, 147233/156800, 69/70, 22⟩,
    ⟨[5], [0, 1, 2, 4, 5, 6, 8, 9, 10, 11, 12, 13], 119/1600, 136033/145600, 69/70, 20⟩,
    ⟨[5], [0, 1, 2, 4, 5, 6, 8, 9, 10, 11, 12, 14], 119/1600, 147233/156800, 69/70, 22⟩,
    ⟨[5], [0, 1, 2, 4, 5, 6, 8, 9, 10, 11, 13, 14], 119/1600, 147233/156800, 69/70, 22⟩,
    ⟨[5], [0, 1, 2, 4, 5, 6, 8, 9, 10, 12, 13, 14], 119/1600, 147233/156800, 69/70, 22⟩,
    ⟨[5], [0, 1, 2, 4, 5, 6, 8, 9, 11, 12, 13, 14], 119/1600, 147233/156800, 69/70, 22⟩,
    ⟨[5], [0, 1, 2, 4, 5, 6, 8, 10, 11, 12, 13, 14], 119/1600, 147233/156800, 69/70, 22⟩,
    ⟨[5], [0, 1, 2, 4, 5, 6, 9, 10, 11, 12, 13, 14], 119/1600, 147233/156800, 69/70, 22⟩,
    ⟨[5], [0, 1, 2, 4, 5, 7, 8, 9, 10, 11, 12, 13], 119/1600, 136033/145600, 69/70, 20⟩,
    ⟨[5], [0, 1, 2, 4, 5, 7, 8, 9, 10, 11, 12, 14], 119/1600, 147233/156800, 69/70, 22⟩,
    ⟨[5], [0, 1, 2, 4, 5, 7, 8, 9, 10, 11, 13, 14], 119/1600, 147233/156800, 69/70, 22⟩,
    ⟨[5], [0, 1, 2, 4, 5, 7, 8, 9, 10, 12, 13, 14], 119/1600, 147233/156800, 69/70, 22⟩,
    ⟨[5], [0, 1, 2, 4, 5, 7, 8, 9, 11, 12, 13, 14], 119/1600, 147233/156800, 69/70, 22⟩,
    ⟨[5], [0, 1, 2, 4, 5, 7, 8, 10, 11, 12, 13, 14], 119/1600, 147233/156800, 69/70, 22⟩,
    ⟨[5], [0, 1, 2, 4, 5, 7, 9, 10, 11, 12, 13, 14], 119/1600, 147233/156800, 69/70, 22⟩,
    ⟨[5], [0, 1, 2, 4, 5, 8, 9, 10, 11, 12, 13, 14], 119/1600, 147233/156800, 69/70, 22⟩,
    ⟨[5], [0, 1, 2, 4, 6, 7, 8, 9, 10, 11, 12, 13], 119/1600, 136033/145600, 69/70, 20⟩,
    ⟨[5], [0, 1, 2, 4, 6, 7, 8, 9, 10, 11, 12, 14], 119/1600, 147233/156800, 69/70, 22⟩,
    ⟨[5], [0, 1, 2, 4, 6, 7, 8, 9, 10, 11, 13, 14], 119/1600, 147233/156800, 69/70, 22⟩,
    ⟨[5], [0, 1, 2, 4, 6, 7, 8, 9, 10, 12, 13, 14], 119/1600, 147233/156800, 69/70, 22⟩,
    ⟨[5], [0, 1, 2, 4, 6, 7, 8, 9, 11, 12, 13, 14], 119/1600, 147233/156800, 69/70, 22⟩,
    ⟨[5], [0, 1, 2, 4, 6, 7, 8, 10, 11, 12, 13, 14], 119/1600, 147233/156800, 69/70, 22⟩,
    ⟨[5], [0, 1, 2, 4, 6, 7, 9, 10, 11, 12, 13, 14], 119/1600, 147233/156800, 69/70, 22⟩,
    ⟨[5], [0, 1, 2, 4, 6, 8, 9, 10, 11, 12, 13, 14], 119/1600, 147233/156800, 69/70, 22⟩,
    ⟨[5], [0, 1, 2, 4, 7, 8, 9, 10, 11, 12, 13, 14], 119/1600, 147233/156800, 69/70, 22⟩,
    ⟨[5], [0, 1, 2, 5, 6, 7, 8, 9, 10, 11, 12, 13], 119/1600, 136033/145600, 69/70, 20⟩,
    ⟨[5], [0, 1, 2, 5, 6, 7, 8, 9, 10, 11, 12, 14], 119/1600, 147233/156800, 69/70, 22⟩,
    ⟨[5], [0, 1, 2, 5, 6, 7, 8, 9, 10, 11, 13, 14], 119/1600, 147233/156800, 69/70, 22⟩,
    ⟨[5], [0, 1, 2, 5, 6, 7, 8, 9, 10, 12, 13, 14], 119/1600, 147233/156800, 69/70, 22⟩,
    ⟨[5], [0, 1, 2, 5, 6, 7, 8, 9, 11, 12, 13, 14], 119/1600, 147233/156800, 69/70, 22⟩,
    ⟨[5], [0, 1, 2, 5, 6, 7, 8, 10, 11, 12, 13, 14], 119/1600, 147233/156800, 69/70, 22⟩,
    ⟨[5], [0, 1, 2, 5, 6, 7, 9, 10, 11, 12, 13, 14], 119/1600, 147233/156800, 69/70, 22⟩,
    ⟨[5], [0, 1, 2, 5, 6, 8, 9, 10, 11, 12, 13, 14], 119/1600, 147233/156800, 69/70, 22⟩,
    ⟨[5], [0, 1, 2, 5, 7, 8, 9, 10, 11, 12, 13, 14], 119/1600, 147233/156800, 69/70, 22⟩,
    ⟨[5], [0, 1, 2, 6, 7, 8, 9, 10, 11, 12, 13, 14], 119/1600, 147233/156800, 69/70, 22⟩,
    ⟨[5], [0, 1, 3, 4, 5, 6, 7, 8, 9, 10, 11, 12], 119/1600, 41611/44800, 69/70, 18⟩,
    ⟨[5], [0, 1, 3, 4, 5, 6, 7, 8, 9, 10, 11, 13], 119/1600, 136033/145600, 69/70, 20⟩,
    ⟨[5], [0, 1, 3, 4, 5, 6, 7, 8, 9, 10, 11, 14], 119/1600, 147233/156800, 69/70, 22⟩,
    ⟨[5], [0, 1, 3, 4, 5, 6, 7, 8, 9, 10, 12, 13], 119/1600, 136033/145600, 69/70, 20⟩,
    ⟨[5], [0, 1, 3, 4, 5, 6, 7, 8, 9, 10, 12, 14], 119/1600, 147233/156800, 69/70, 22⟩,
    ⟨[5], [0, 1, 3, 4, 5, 6, 7, 8, 9, 10, 13, 14], 119/1600, 147233/156800, 69/70, 22⟩,
    ⟨[5], [0, 1, 3, 4, 5, 6, 7, 8, 9, 11, 12, 13], 119/1600, 136033/145600, 69/70, 20⟩,
    ⟨[5], [0, 1, 3, 4, 5, 6, 7, 8, 9, 11, 12, 14], 119/1600, 147233/156800, 69/70, 22⟩,
    ⟨[5], [0, 1, 3, 4, 5, 6, 7, 8, 9, 11, 13, 14], 119/1600, 147233/156800, 69/70, 22⟩,
    ⟨[5], [0, 1, 3, 4, 5, 6, 7, 8, 9, 12, 13, 14], 119/1600, 147233/156800, 69/70, 22⟩,
    ⟨[5], [0, 1, 3, 4, 5, 6, 7, 8, 10, 11, 12, 13], 119/1600, 136033/145600, 69/70, 20⟩,
    ⟨[5], [0, 1, 3, 4, 5, 6, 7, 8, 10, 11, 12, 14], 119/1600, 147233/156800, 69/70, 22⟩,
    ⟨[5], [0, 1, 3, 4, 5, 6, 7, 8, 10, 11, 13, 14], 119/1600, 147233/156800, 69/70, 22⟩,
    ⟨[5], [0, 1, 3, 4, 5, 6, 7, 8, 10, 12, 13, 14], 119/1600, 147233/156800, 69/70, 22⟩,
    ⟨[5], [0, 1, 3, 4, 5, 6, 7, 8, 11, 12, 13, 14], 119/1600, 147233/156800, 69/70, 22⟩,
    ⟨[5], [0, 1, 3, 4, 5, 6, 7, 9, 10, 11, 12, 13], 119/1600, 136033/145600, 69/70, 20⟩,
    ⟨[5], [0, 1, 3, 4, 5, 6, 7, 9, 10, 11, 12, 14], 119/1600, 147233/156800, 69/70, 22⟩,
    ⟨[5], [0, 1, 3, 4, 5, 6, 7, 9, 10, 11, 13, 14], 119/1600, 147233/156800, 69/70, 22⟩,
    ⟨[5], [0, 1, 3, 4, 5, 6, 7, 9, 10, 12, 13, 14], 119/1600, 147233/156800, 69/70, 22⟩,
    ⟨[5], [0, 1, 3, 4, 5, 6, 7, 9, 11, 12, 13, 14], 119/1600, 147233/156800, 69/70, 22⟩,
    ⟨[5], [0, 1, 3, 4, 5, 6, 7, 10, 11, 12, 13, 14], 119/1600, 147233/156800, 69/70, 22⟩,
    ⟨[5], [0, 1, 3, 4, 5, 6, 8, 9, 10, 11, 12, 13], 119/1600, 136033/145600, 69/70, 20⟩,
    ⟨[5], [0, 1, 3, 4, 5, 6, 8, 9, 10, 11, 12, 14], 119/1600, 147233/156800, 69/70, 22⟩,
    ⟨[5], [0, 1, 3, 4, 5, 6, 8, 9, 10, 11, 13, 14], 119/1600, 147233/156800, 69/70, 22⟩,
    ⟨[5], [0, 1, 3, 4, 5, 6, 8, 9, 10, 12, 13, 14], 119/1600, 147233/156800, 69/70, 22⟩,
    ⟨[5], [0, 1, 3, 4, 5, 6, 8, 9, 11, 12, 13, 14], 119/1600, 147233/156800, 69/70, 22⟩,
    ⟨[5], [0, 1, 3, 4, 5, 6, 8, 10, 11, 12, 13, 14], 119/1600, 147233/156800, 69/70, 22⟩,
    ⟨[5], [0, 1, 3, 4, 5, 6, 9, 10, 11, 12, 13, 14], 119/1600, 147233/156800, 69/70, 22⟩,
    ⟨[5], [0, 1, 3, 4, 5, 7, 8, 9, 10, 11, 12, 13], 119/1600, 136033/145600, 69/70, 20⟩,
    ⟨[5], [0, 1, 3, 4, 5, 7, 8, 9, 10, 11, 12, 14], 119/1600, 147233/156800, 69/70, 22⟩,
    ⟨[5], [0, 1, 3, 4, 5, 7, 8, 9, 10, 11, 13, 14], 119/1600, 147233/156800, 69/70, 22⟩,
    ⟨[5], [0, 1, 3, 4, 5, 7, 8, 9, 10, 12, 13, 14], 119/1600, 147233/156800, 69/70, 22⟩,
    ⟨[5], [0, 1, 3, 4, 5, 7, 8, 9, 11, 12, 13, 14], 119/1600, 147233/156800, 69/70, 22⟩,
    ⟨[5], [0, 1, 3, 4, 5, 7, 8, 10, 11, 12, 13, 14], 119/1600, 147233/156800, 69/70, 22⟩,
    ⟨[5], [0, 1, 3, 4, 5, 7, 9, 10, 11, 12, 13, 14], 119/1600, 147233/156800, 69/70, 22⟩,
    ⟨[5], [0, 1, 3, 4, 5, 8, 9, 10, 11, 12, 13, 14], 119/1600, 147233/156800, 69/70, 22⟩,
    ⟨[5], [0, 1, 3, 4, 6, 7, 8, 9, 10, 11, 12, 13], 119/1600, 136033/145600, 69/70, 20⟩,
    ⟨[5], [0, 1, 3, 4, 6, 7, 8, 9, 10, 11, 12, 14], 119/1600, 147233/156800, 69/70, 22⟩,
    ⟨[5], [0, 1, 3, 4, 6, 7, 8, 9, 10, 11, 13, 14], 119/1600, 147233/156800, 69/70, 22⟩,
    ⟨[5], [0, 1, 3, 4, 6, 7, 8, 9, 10, 12, 13, 14], 119/1600, 147233/156800, 69/70, 22⟩,
    ⟨[5], [0, 1, 3, 4, 6, 7, 8, 9, 11, 12, 13, 14], 119/1600, 147233/156800, 69/70, 22⟩,
    ⟨[5], [0, 1, 3, 4, 6, 7, 8, 10, 11, 12, 13, 14], 119/1600, 147233/156800, 69/70, 22⟩,
    ⟨[5], [0, 1, 3, 4, 6, 7, 9, 10, 11, 12, 13, 14], 119/1600, 147233/156800, 69/70, 22⟩,
    ⟨[5], [0, 1, 3, 4, 6, 8, 9, 10, 11, 12, 13, 14], 119/1600, 147233/156800, 69/70, 22⟩,
    ⟨[5], [0, 1, 3, 4, 7, 8, 9, 10, 11, 12, 13, 14], 119/1600, 147233/156800, 69/70, 22⟩,
    ⟨[5], [0, 1, 3, 5, 6, 7, 8, 9, 10, 11, 12, 13], 119/1600, 136033/145600, 69/70, 20⟩,
    ⟨[5], [0, 1, 3, 5, 6, 7, 8, 9, 10, 11, 12, 14], 119/1600, 147233/156800, 69/70, 22⟩,
    ⟨[5], [0, 1, 3, 5, 6, 7, 8, 9, 10, 11, 13, 14], 119/1600, 147233/156800, 69/70, 22⟩,
    ⟨[5], [0, 1, 3, 5, 6, 7, 8, 9, 10, 12, 13, 14], 119/1600, 147233/156800, 69/70, 22⟩,
    ⟨[5], [0, 1, 3, 5, 6, 7, 8, 9, 11, 12, 13, 14], 119/1600, 147233/156800, 69/70, 22⟩,
    ⟨[5], [0, 1, 3, 5, 6, 7, 8, 10, 11, 12, 13, 14], 119/1600, 147233/156800, 69/70, 22⟩,
    ⟨[5], [0, 1, 3, 5, 6, 7, 9, 10, 11, 12, 13, 14], 119/1600, 147233/156800, 69/70, 22⟩,
    ⟨[5], [0, 1, 3, 5, 6, 8, 9, 10, 11, 12, 13, 14], 119/1600, 147233/156800, 69/70, 22⟩,
    ⟨[5], [0, 1, 3, 5, 7, 8, 9, 10, 11, 12, 13, 14], 119/1600, 147233/156800, 69/70, 22⟩,
    ⟨[5], [0, 1, 3, 6, 7, 8, 9, 10, 11, 12, 13, 14], 119/1600, 147233/156800, 69/70, 22⟩,
    ⟨[5], [0, 1, 4, 5, 6, 7, 8, 9, 10, 11, 12, 13], 119/1600, 136033/145600, 69/70, 20⟩,
    ⟨[5], [0, 1, 4, 5, 6, 7, 8, 9, 10, 11, 12, 14], 119/1600, 147233/156800, 69/70, 22⟩,
    ⟨[5], [0, 1, 4, 5, 6, 7, 8, 9, 10, 11, 13, 14], 119/1600, 147233/156800, 69/70, 22⟩,
    ⟨[5], [0, 1, 4, 5, 6, 7, 8, 9, 10, 12, 13, 14], 119/1600, 147233/156800, 69/70, 22⟩,
    ⟨[5], [0, 1, 4, 5, 6, 7, 8, 9, 11, 12, 13, 14], 119/1600, 147233/156800, 69/70, 22⟩,
    ⟨[5], [0, 1, 4, 5, 6, 7, 8, 10, 11, 12, 13, 14], 119/1600, 147233/156800, 69/70, 22⟩,
    ⟨[5], [0, 1, 4, 5, 6, 7, 9, 10, 11, 12, 13, 14], 119/1600, 147233/156800, 69/70, 22⟩,
    ⟨[5], [0, 1, 4, 5, 6, 8, 9, 10, 11, 12, 13, 14], 119/1600, 147233/156800, 69/70, 22⟩,
    ⟨[5], [0, 1, 4, 5, 7, 8, 9, 10, 11, 12, 13, 14], 119/1600, 147233/156800, 69/70, 22⟩,
    ⟨[5], [0, 1, 4, 6, 7, 8, 9, 10, 11, 12, 13, 14], 119/1600, 147233/156800, 69/70, 22⟩,
    ⟨[5], [0, 1, 5, 6, 7, 8, 9, 10, 11, 12, 13, 14], 119/1600, 147233/156800, 69/70, 22⟩,
    ⟨[5], [0, 2, 3, 4, 5, 6, 7, 8, 9, 10, 11, 12], 119/1600, 41611/44800, 69/70, 18⟩,
    ⟨[5], [0, 2, 3, 4, 5, 6, 7, 8, 9, 10, 11, 13], 119/1600, 136033/145600, 69/70, 20⟩,
    ⟨[5], [0, 2, 3, 4, 5, 6, 7, 8, 9, 10, 11, 14], 119/1600, 147233/156800, 69/70, 22⟩,
    ⟨[5], [0, 2, 3, 4, 5, 6, 7, 8, 9, 10, 12, 13], 119/1600, 136033/145600, 69/70, 20⟩,
    ⟨[5], [0, 2, 3, 4, 5, 6, 7, 8, 9, 10, 12, 14], 119/1600, 147233/156800, 69/70, 22⟩,
    ⟨[5], [0, 2, 3, 4, 5, 6, 7, 8, 9, 10, 13, 14], 119/1600, 147233/156800, 69/70, 22⟩,
    ⟨[5], [0, 2, 3, 4, 5, 6, 7, 8, 9, 11, 12, 13], 119/1600, 136033/145600, 69/70, 20⟩,
    ⟨[5], [0, 2, 3, 4, 5, 6, 7, 8, 9, 11, 12, 14], 119/1600, 147233/156800, 69/70, 22⟩,
    ⟨[5], [0, 2, 3, 4, 5, 6, 7, 8, 9, 11, 13, 14], 119/1600, 147233/156800, 69/70, 22⟩,
    ⟨[5], [0, 2, 3, 4, 5, 6, 7, 8, 9, 12, 13, 14], 119/1600, 147233/156800, 69/70, 22⟩,
    ⟨[5], [0, 2, 3, 4, 5, 6, 7, 8, 10, 11, 12, 13], 119/1600, 136033/145600, 69/70, 20⟩,
    ⟨[5], [0, 2, 3, 4, 5, 6, 7, 8, 10, 11, 12, 14], 119/1600, 147233/156800, 69/70, 22⟩,
    ⟨[5], [0, 2, 3, 4, 5, 6, 7, 8, 10, 11, 13, 14], 119/1600, 147233/156800, 69/70, 22⟩,
    ⟨[5], [0, 2, 3, 4, 5, 6, 7, 8, 10, 12, 13, 14], 119/1600, 147233/156800, 69/70, 22⟩,
    ⟨[5], [0, 2, 3, 4, 5, 6, 7, 8, 11, 12, 13, 14], 119/1600, 147233/156800, 69/70, 22⟩,
    ⟨[5], [0, 2, 3, 4, 5, 6, 7, 9, 10, 11, 12, 13], 119/1600, 136033/145600, 69/70, 20⟩,
    ⟨[5], [0, 2, 3, 4, 5, 6, 7, 9, 10, 11, 12, 14], 119/1600, 147233/156800, 69/70, 22⟩,
    ⟨[5], [0, 2, 3, 4, 5, 6, 7, 9, 10, 11, 13, 14], 119/1600, 147233/156800, 69/70, 22⟩,
    ⟨[5], [0, 2, 3, 4, 5, 6, 7, 9, 10, 12, 13, 14], 119/1600, 147233/156800, 69/70, 22⟩,
    ⟨[5], [0, 2, 3, 4, 5, 6, 7, 9, 11, 12, 13, 14], 119/1600, 147233/156800, 69/70, 22⟩,
    ⟨[5], [0, 2, 3, 4, 5, 6, 7, 10, 11, 12, 13, 14], 119/1600, 147233/156800, 69/70, 22⟩,
    ⟨[5], [0, 2, 3, 4, 5, 6, 8, 9, 10, 11, 12, 13], 119/1600, 136033/145600, 69/70, 20⟩,
    ⟨[5], [0, 2, 3, 4, 5, 6, 8, 9, 10, 11, 12, 14], 119/1600, 147233/156800, 69/70, 22⟩,
    ⟨[5], [0, 2, 3, 4, 5, 6, 8, 9, 10, 11, 13, 14], 119/1600, 147233/156800, 69/70, 22⟩,
    ⟨[5], [0, 2, 3, 4, 5, 6, 8, 9, 10, 12, 13, 14], 119/1600, 147233/156800, 69/70, 22⟩,
    ⟨[5], [0, 2, 3, 4, 5, 6, 8, 9, 11, 12, 13, 14], 119/1600, 147233/156800, 69/70, 22⟩,
    ⟨[5], [0, 2, 3, 4, 5, 6, 8, 10, 11, 12, 13, 14], 119/1600, 147233/156800, 69/70, 22⟩,
    ⟨[5], [0, 2, 3, 4, 5, 6, 9, 10, 11, 12, 13, 14], 119/1600, 147233/156800, 69/70, 22⟩,
    ⟨[5], [0, 2, 3, 4, 5, 7, 8, 9, 10, 11, 12, 13], 119/1600, 136033/145600, 69/70, 20⟩,
    ⟨[5], [0, 2, 3, 4, 5, 7, 8, 9, 10, 11, 12, 14], 119/1600, 147233/156800, 69/70, 22⟩,
    ⟨[5], [0, 2, 3, 4, 5, 7, 8, 9, 10, 11, 13, 14], 119/1600, 147233/156800, 69/70, 22⟩,
    ⟨[5], [0, 2, 3, 4, 5, 7, 8, 9, 10, 12, 13, 14], 119/1600, 147233/156800, 69/70, 22⟩,
    ⟨[5], [0, 2, 3, 4, 5, 7, 8, 9, 11, 12, 13, 14], 119/1600, 147233/156800, 69/70, 22⟩,
    ⟨[5], [0, 2, 3, 4, 5, 7, 8, 10, 11, 12, 13, 14], 119/1600, 147233/156800, 69/70, 22⟩,
    ⟨[5], [0, 2, 3, 4, 5, 7, 9, 10, 11, 12, 13, 14], 119/1600, 147233/156800, 69/70, 22⟩,
    ⟨[5], [0, 2, 3, 4, 5, 8, 9, 10, 11, 12, 13, 14], 119/1600, 147233/156800, 69/70, 22⟩,
    ⟨[5], [0, 2, 3, 4, 6, 7, 8, 9, 10, 11, 12, 13], 119/1600, 136033/145600, 69/70, 20⟩,
    ⟨[5], [0, 2, 3, 4, 6, 7, 8, 9, 10, 11, 12, 14], 119/1600, 147233/156800, 69/70, 22⟩,
    ⟨[5], [0, 2, 3, 4, 6, 7, 8, 9, 10, 11, 13, 14], 119/1600, 147233/156800, 69/70, 22⟩,
    ⟨[5], [0, 2, 3, 4, 6, 7, 8, 9, 10, 12, 13, 14], 119/1600, 147233/156800, 69/70, 22⟩,
    ⟨[5], [0, 2, 3, 4, 6, 7, 8, 9, 11, 12, 13, 14], 119/1600, 147233/156800, 69/70, 22⟩,
    ⟨[5], [0, 2, 3, 4, 6, 7, 8, 10, 11, 12, 13, 14], 119/1600, 147233/156800, 69/70, 22⟩,
    ⟨[5], [0, 2, 3, 4, 6, 7, 9, 10, 11, 12, 13, 14], 119/1600, 147233/156800, 69/70, 22⟩,
    ⟨[5], [0, 2, 3, 4, 6, 8, 9, 10, 11, 12, 13, 14], 119/1600, 147233/156800, 69/70, 22⟩,
    ⟨[5], [0, 2, 3, 4, 7, 8, 9, 10, 11, 12, 13, 14], 119/1600, 147233/156800, 69/70, 22⟩,
    ⟨[5], [0, 2, 3, 5, 6, 7, 8, 9, 10, 11, 12, 13], 119/1600, 136033/145600, 69/70, 20⟩,
    ⟨[5], [0, 2, 3, 5, 6, 7, 8, 9, 10, 11, 12, 14], 119/1600, 147233/156800, 69/70, 22⟩,
    ⟨[5], [0, 2, 3, 5, 6, 7, 8, 9, 10, 11, 13, 14], 119/1600, 147233/156800, 69/70, 22⟩,
    ⟨[5], [0, 2, 3, 5, 6, 7, 8, 9, 10, 12, 13, 14], 119/1600, 147233/156800, 69/70, 22⟩,
    ⟨[5], [0, 2, 3, 5, 6, 7, 8, 9, 11, 12, 13, 14], 119/1600, 147233/156800, 69/70, 22⟩,
    ⟨[5], [0, 2, 3, 5, 6, 7, 8, 10, 11, 12, 13, 14], 119/1600, 147233/156800, 69/70, 22⟩,
    ⟨[5], [0, 2, 3, 5, 6, 7, 9, 10, 11, 12, 13, 14], 119/1600, 147233/156800, 69/70, 22⟩,
    ⟨[5], [0, 2, 3, 5, 6, 8, 9, 10, 11, 12, 13, 14], 119/1600, 147233/156800, 69/70, 22⟩,
    ⟨[5], [0, 2, 3, 5, 7, 8, 9, 10, 11, 12, 13, 14], 119/1600, 147233/156800, 69/70, 22⟩,
    ⟨[5], [0, 2, 3, 6, 7, 8, 9, 10, 11, 12, 13, 14], 119/1600, 147233/156800, 69/70, 22⟩,
    ⟨[5], [0, 2, 4, 5, 6, 7, 8, 9, 10, 11, 12, 13], 119/1600, 136033/145600, 69/70, 20⟩,
    ⟨[5], [0, 2, 4, 5, 6, 7, 8, 9, 10, 11, 12, 14], 119/1600, 147233/156800, 69/70, 22⟩,
    ⟨[5], [0, 2, 4, 5, 6, 7, 8, 9, 10, 11, 13, 14], 119/1600, 147233/156800, 69/70, 22⟩,
    ⟨[5], [0, 2, 4, 5, 6, 7, 8, 9, 10, 12, 13, 14], 119/1600, 147233/156800, 69/70, 22⟩,
    ⟨[5], [0, 2, 4, 5, 6, 7, 8, 9, 11, 12, 13, 14], 119/1600, 147233/156800, 69/70, 22⟩,
    ⟨[5], [0, 2, 4, 5, 6, 7, 8, 10, 11, 12, 13, 14], 119/1600, 147233/156800, 69/70, 22⟩,
    ⟨[5], [0, 2, 4, 5, 6, 7, 9, 10, 11, 12, 13, 14], 119/1600, 147233/156800, 69/70, 22⟩,
    ⟨[5], [0, 2, 4, 5, 6, 8, 9, 10, 11, 12, 13, 14], 119/1600, 147233/156800, 69/70, 22⟩,
    ⟨[5], [0, 2, 4, 5, 7, 8, 9, 10, 11, 12, 13, 14], 119/1600, 147233/156800, 69/70, 22⟩,
    ⟨[5], [0, 2, 4, 6, 7, 8, 9, 10, 11, 12, 13, 14], 119/1600, 147233/156800, 69/70, 22⟩,
    ⟨[5], [0, 2, 5, 6, 7, 8, 9, 10, 11, 12, 13, 14], 119/1600, 147233/156800, 69/70, 22⟩,
    ⟨[5], [0, 3, 4, 5, 6, 7, 8, 9, 10, 11, 12, 13], 119/1600, 136033/145600, 69/70, 20⟩,
    ⟨[5], [0, 3, 4, 5, 6, 7, 8, 9, 10, 11, 12, 14], 119/1600, 147233/156800, 69/70, 22⟩,
    ⟨[5], [0, 3, 4, 5, 6, 7, 8, 9, 10, 11, 13, 14], 119/1600, 147233/156800, 69/70, 22⟩,
    ⟨[5], [0, 3, 4, 5, 6, 7, 8, 9, 10, 12, 13, 14], 119/1600, 147233/156800, 69/70, 22⟩,
    ⟨[5], [0, 3, 4, 5, 6, 7, 8, 9, 11, 12, 13, 14], 119/1600, 147233/156800, 69/70, 22⟩,
    ⟨[5], [0, 3, 4, 5, 6, 7, 8, 10, 11, 12, 13, 14], 119/1600, 147233/156800, 69/70, 22⟩,
    ⟨[5], [0, 3, 4, 5, 6, 7, 9, 10, 11, 12, 13, 14], 119/1600, 147233/156800, 69/70, 22⟩,
    ⟨[5], [0, 3, 4, 5, 6, 8, 9, 10, 11, 12, 13, 14], 119/1600, 147233/156800, 69/70, 22⟩,
    ⟨[5], [0, 3, 4, 5, 7, 8, 9, 10, 11, 12, 13, 14], 119/1600, 147233/156800, 69/70, 22⟩,
    ⟨[5], [0, 3, 4, 6, 7, 8, 9, 10, 11, 12, 13, 14], 119/1600, 147233/156800, 69/70, 22⟩,
    ⟨[5], [0, 3, 5, 6, 7, 8, 9, 10, 11, 12, 13, 14], 119/1600, 147233/156800, 69/70, 22⟩,
    ⟨[5], [0, 4, 5, 6, 7, 8, 9, 10, 11, 12, 13, 14], 119/1600, 147233/156800, 69/70, 22⟩,
    ⟨[6], [0, 1, 2, 3, 4, 5, 6, 7, 8, 9, 10, 11], 119/1600, 113633/123200, 83/84, 16⟩,
    ⟨[6], [0, 1, 2, 3, 4, 5, 6, 7, 8, 9, 10, 12], 119/1600, 41611/44800, 83/84, 17⟩,
    ⟨[6], [0, 1, 2, 3, 4, 5, 6, 7, 8, 9, 10, 13], 119/1600, 136033/145600, 83/84, 19⟩,
    ⟨[6], [0, 1, 2, 3, 4, 5, 6, 7, 8, 9, 10, 14], 119/1600, 147233/156800, 83/84, 21⟩,
    ⟨[6], [0, 1, 2, 3, 4, 5, 6, 7, 8, 9, 11, 12], 119/1600, 41611/44800, 83/84, 17⟩,
    ⟨[6], [0, 1, 2, 3, 4, 5, 6, 7, 8, 9, 11, 13], 119/1600, 136033/145600, 83/84, 19⟩,
    ⟨[6], [0, 1, 2, 3, 4, 5, 6, 7, 8, 9, 11, 14], 119/1600, 147233/156800, 83/84, 21⟩,
    ⟨[6], [0, 1, 2, 3, 4, 5, 6, 7, 8, 9, 12, 13], 119/1600, 136033/145600, 83/84, 19⟩,
    ⟨[6], [0, 1, 2, 3, 4, 5, 6, 7, 8, 9, 12, 14], 119/1600, 147233/156800, 83/84, 21⟩,
    ⟨[6], [0, 1, 2, 3, 4, 5, 6, 7, 8, 9, 13, 14], 119/1600, 147233/156800, 83/84, 21⟩,
    ⟨[6], [0, 1, 2, 3, 4, 5, 6, 7, 8, 10, 11, 12], 119/1600, 41611/44800, 83/84, 17⟩,
    ⟨[6], [0, 1, 2, 3, 4, 5, 6, 7, 8, 10, 11, 13], 119/1600, 136033/145600, 83/84, 19⟩,
    ⟨[6], [0, 1, 2, 3, 4, 5, 6, 7, 8, 10, 11, 14], 119/1600, 147233/156800, 83/84, 21⟩,
    ⟨[6], [0, 1, 2, 3, 4, 5, 6, 7, 8, 10, 12, 13], 119/1600, 136033/145600, 83/84, 19⟩,
    ⟨[6], [0, 1, 2, 3, 4, 5, 6, 7, 8, 10, 12, 14], 119/1600, 147233/156800, 83/84, 21⟩,
    ⟨[6], [0, 1, 2, 3, 4, 5, 6, 7, 8, 10, 13, 14], 119/1600, 147233/156800, 83/84, 21⟩,
    ⟨[6], [0, 1, 2, 3, 4, 5, 6, 7, 8, 11, 12, 13], 119/1600, 136033/145600, 83/84, 19⟩,
    ⟨[6], [0, 1, 2, 3, 4, 5, 6, 7, 8, 11, 12, 14], 119/1600, 147233/156800, 83/84, 21⟩,
    ⟨[6], [0, 1, 2, 3, 4, 5, 6, 7, 8, 11, 13, 14], 119/1600, 147233/156800, 83/84, 21⟩,
    ⟨[6], [0, 1, 2, 3, 4, 5, 6, 7, 8, 12, 13, 14], 119/1600, 147233/156800, 83/84, 21⟩,
    ⟨[6], [0, 1, 2, 3, 4, 5, 6, 7, 9, 10, 11, 12], 119/1600, 41611/44800, 83/84, 17⟩,
    ⟨[6], [0, 1, 2, 3, 4, 5, 6, 7, 9, 10, 11, 13], 119/1600, 136033/145600, 83/84, 19⟩,
    ⟨[6], [0, 1, 2, 3, 4, 5, 6, 7, 9, 10, 11, 14], 119/1600, 147233/156800, 83/84, 21⟩,
    ⟨[6], [0, 1, 2, 3, 4, 5, 6, 7, 9, 10, 12, 13], 119/1600, 136033/145600, 83/84, 19⟩,
    ⟨[6], [0, 1, 2, 3, 4, 5, 6, 7, 9, 10, 12, 14], 119/1600, 147233/156800, 83/84, 21⟩,
    ⟨[6], [0, 1, 2, 3, 4, 5, 6, 7, 9, 10, 13, 14], 119/1600, 147233/156800, 83/84, 21⟩,
    ⟨[6], [0, 1, 2, 3, 4, 5, 6, 7, 9, 11, 12, 13], 119/1600, 136033/145600, 83/84, 19⟩,
    ⟨[6], [0, 1, 2, 3, 4, 5, 6, 7, 9, 11, 12, 14], 119/1600, 147233/156800, 83/84, 21⟩,
    ⟨[6], [0, 1, 2, 3, 4, 5, 6, 7, 9, 11, 13, 14], 119/1600, 147233/156800, 83/84, 21⟩,
    ⟨[6], [0, 1, 2, 3, 4, 5, 6, 7, 9, 12, 13, 14], 119/1600, 147233/156800, 83/84, 21⟩,
    ⟨[6], [0, 1, 2, 3, 4, 5, 6, 7, 10, 11, 12, 13], 119/1600, 136033/145600, 83/84, 19⟩,
    ⟨[6], [0, 1, 2, 3, 4, 5, 6, 7, 10, 11, 12, 14], 119/1600, 147233/156800, 83/84, 21⟩,
    ⟨[6], [0, 1, 2, 3, 4, 5, 6, 7, 10, 11, 13, 14], 119/1600, 147233/156800, 83/84, 21⟩,
    ⟨[6], [0, 1, 2, 3, 4, 5, 6, 7, 10, 12, 13, 14], 119/1600, 147233/156800, 83/84, 21⟩,
    ⟨[6], [0, 1, 2, 3, 4, 5, 6, 7, 11, 12, 13, 14], 119/1600, 147233/156800, 83/84, 21⟩,
    ⟨[6], [0, 1, 2, 3, 4, 5, 6, 8, 9, 10, 11, 12], 119/1600, 41611/44800, 83/84, 17⟩,
    ⟨[6], [0, 1, 2, 3, 4, 5, 6, 8, 9, 10, 11, 13], 119/1600, 136033/145600, 83/84, 19⟩,
    ⟨[6], [0, 1, 2, 3, 4, 5, 6, 8, 9, 10, 11, 14], 119/1600, 147233/156800, 83/84, 21⟩,
    ⟨[6], [0, 1, 2, 3, 4, 5, 6, 8, 9, 10, 12, 13], 119/1600, 136033/145600, 83/84, 19⟩,
    ⟨[6], [0, 1, 2, 3, 4, 5, 6, 8, 9, 10, 12, 14], 119/1600, 147233/156800, 83/84, 21⟩,
    ⟨[6], [0, 1, 2, 3, 4, 5, 6, 8, 9, 10, 13, 14], 119/1600, 147233/156800, 83/84, 21⟩,
    ⟨[6], [0, 1, 2, 3, 4, 5, 6, 8, 9, 11, 12, 13], 119/1600, 136033/145600, 83/84, 19⟩,
    ⟨[6], [0, 1, 2, 3, 4, 5, 6, 8, 9, 11, 12, 14], 119/1600, 147233/156800, 83/84, 21⟩,
    ⟨[6], [0, 1, 2, 3, 4, 5, 6, 8, 9, 11, 13, 14], 119/1600, 147233/156800, 83/84, 21⟩,
    ⟨[6], [0, 1, 2, 3, 4, 5, 6, 8, 9, 12, 13, 14], 119/1600, 147233/156800, 83/84, 21⟩,
    ⟨[6], [0, 1, 2, 3, 4, 5, 6, 8, 10, 11, 12, 13], 119/1600, 136033/145600, 83/84, 19⟩,
    ⟨[6], [0, 1, 2, 3, 4, 5, 6, 8, 10, 11, 12, 14], 119/1600, 147233/156800, 83/84, 21⟩,
    ⟨[6], [0, 1, 2, 3, 4, 5, 6, 8, 10, 11, 13, 14], 119/1600, 147233/156800, 83/84, 21⟩,
    ⟨[6], [0, 1, 2, 3, 4, 5, 6, 8, 10, 12, 13, 14], 119/1600, 147233/156800, 83/84, 21⟩,
    ⟨[6], [0, 1, 2, 3, 4, 5, 6, 8, 11, 12, 13, 14], 119/1600, 147233/156800, 83/84, 21⟩,
    ⟨[6], [0, 1, 2, 3, 4, 5, 6, 9, 10, 11, 12, 13], 119/1600, 136033/145600, 83/84, 19⟩,
    ⟨[6], [0, 1, 2, 3, 4, 5, 6, 9, 10, 11, 12, 14], 119/1600, 147233/156800, 83/84, 21⟩,
    ⟨[6], [0, 1, 2, 3, 4, 5, 6, 9, 10, 11, 13, 14], 119/1600, 147233/156800, 83/84, 21⟩,
    ⟨[6], [0, 1, 2, 3, 4, 5, 6, 9, 10, 12, 13, 14], 119/1600, 147233/156800, 83/84, 21⟩,
    ⟨[6], [0, 1, 2, 3, 4, 5, 6, 9, 11, 12, 13, 14], 119/1600, 147233/156800, 83/84, 21⟩,
    ⟨[6], [0, 1, 2, 3, 4, 5, 6, 10, 11, 12, 13, 14], 119/1600, 147233/156800, 83/84, 21⟩,
    ⟨[6], [0, 1, 2, 3, 4, 5, 7, 8, 9, 10, 11, 12], 119/1600, 41611/44800, 83/84, 17⟩,
    ⟨[6], [0, 1, 2, 3, 4, 5, 7, 8, 9, 10, 11, 13], 119/1600, 136033/145600, 83/84, 19⟩,
    ⟨[6], [0, 1, 2, 3, 4, 5, 7, 8, 9, 10, 11, 14], 119/1600, 147233/156800, 83/84, 21⟩,
    ⟨[6], [0, 1, 2, 3, 4, 5, 7, 8, 9, 10, 12, 13], 119/1600, 136033/145600, 83/84, 19⟩,
    ⟨[6], [0, 1, 2, 3, 4, 5, 7, 8, 9, 10, 12, 14], 119/1600, 147233/156800, 83/84, 21⟩,
    ⟨[6], [0, 1, 2, 3, 4, 5, 7, 8, 9, 10, 13, 14], 119/1600, 147233/156800, 83/84, 21⟩,
    ⟨[6], [0, 1, 2, 3, 4, 5, 7, 8, 9, 11, 12, 13], 119/1600, 136033/145600, 83/84, 19⟩,
    ⟨[6], [0, 1, 2, 3, 4, 5, 7, 8, 9, 11, 12, 14], 119/1600, 147233/156800, 83/84, 21⟩,
    ⟨[6], [0, 1, 2, 3, 4, 5, 7, 8, 9, 11, 13, 14], 119/1600, 147233/156800, 83/84, 21⟩,
    ⟨[6], [0, 1, 2, 3, 4, 5, 7, 8, 9, 12, 13, 14], 119/1600, 147233/156800, 83/84, 21⟩,
    ⟨[6], [0, 1, 2, 3, 4, 5, 7, 8, 10, 11, 12, 13], 119/1600, 136033/145600, 83/84, 19⟩,
    ⟨[6], [0, 1, 2, 3, 4, 5, 7, 8, 10, 11, 12, 14], 119/1600, 147233/156800, 83/84, 21⟩,
    ⟨[6], [0, 1, 2, 3, 4, 5, 7, 8, 10, 11, 13, 14], 119/1600, 147233/156800, 83/84, 21⟩,
    ⟨[6], [0, 1, 2, 3, 4, 5, 7, 8, 10, 12, 13, 14], 119/1600, 147233/156800, 83/84, 21⟩,
    ⟨[6], [0, 1, 2, 3, 4, 5, 7, 8, 11, 12, 13, 14], 119/1600, 147233/156800, 83/84, 21⟩,
    ⟨[6], [0, 1, 2, 3, 4, 5, 7, 9, 10, 11, 12, 13], 119/1600, 136033/145600, 83/84, 19⟩,
    ⟨[6], [0, 1, 2, 3, 4, 5, 7, 9, 10, 11, 12, 14], 119/1600, 147233/156800, 83/84, 21⟩,
    ⟨[6], [0, 1, 2, 3, 4, 5, 7, 9, 10, 11, 13, 14], 119/1600, 147233/156800, 83/84, 21⟩,
    ⟨[6], [0, 1, 2, 3, 4, 5, 7, 9, 10, 12, 13, 14], 119/1600, 147233/156800, 83/84, 21⟩,
    ⟨[6], [0, 1, 2, 3, 4, 5, 7, 9, 11, 12, 13, 14], 119/1600, 147233/156800, 83/84, 21⟩,
    ⟨[6], [0, 1, 2, 3, 4, 5, 7, 10, 11, 12, 13, 14], 119/1600, 147233/156800, 83/84, 21⟩,
    ⟨[6], [0, 1, 2, 3, 4, 5, 8, 9, 10, 11, 12, 13], 119/1600, 136033/145600, 83/84, 19⟩,
    ⟨[6], [0, 1, 2, 3, 4, 5, 8, 9, 10, 11, 12, 14], 119/1600, 147233/156800, 83/84, 21⟩,
    ⟨[6], [0, 1, 2, 3, 4, 5, 8, 9, 10, 11, 13, 14], 119/1600, 147233/156800, 83/84, 21⟩,
    ⟨[6], [0, 1, 2, 3, 4, 5, 8, 9, 10, 12, 13, 14], 119/1600, 147233/156800, 83/84, 21⟩,
    ⟨[6], [0, 1, 2, 3, 4, 5, 8, 9, 11, 12, 13, 14], 119/1600, 147233/156800, 83/84, 21⟩,
    ⟨[6], [0, 1, 2, 3, 4, 5, 8, 10, 11, 12, 13, 14], 119/1600, 147233/156800, 83/84, 21⟩,
    ⟨[6], [0, 1, 2, 3, 4, 5, 9, 10, 11, 12, 13, 14], 119/1600, 147233/156800, 83/84, 21⟩,
    ⟨[6], [0, 1, 2, 3, 4, 6, 7, 8, 9, 10, 11, 12], 119/1600, 41611/44800, 83/84, 17⟩,
    ⟨[6], [0, 1, 2, 3, 4, 6, 7, 8, 9, 10, 11, 13], 119/1600, 136033/145600, 83/84, 19⟩,
    ⟨[6], [0, 1, 2, 3, 4, 6, 7, 8, 9, 10, 11, 14], 119/1600, 147233/156800, 83/84, 21⟩,
    ⟨[6], [0, 1, 2, 3, 4, 6, 7, 8, 9, 10, 12, 13], 119/1600, 136033/145600, 83/84, 19⟩,
    ⟨[6], [0, 1, 2, 3, 4, 6, 7, 8, 9, 10, 12, 14], 119/1600, 147233/156800, 83/84, 21⟩,
    ⟨[6], [0, 1, 2, 3, 4, 6, 7, 8, 9, 10, 13, 14], 119/1600, 147233/156800, 83/84, 21⟩,
    ⟨[6], [0, 1, 2, 3, 4, 6, 7, 8, 9, 11, 12, 13], 119/1600, 136033/145600, 83/84, 19⟩,
    ⟨[6], [0, 1, 2, 3, 4, 6, 7, 8, 9, 11, 12, 14], 119/1600, 147233/156800, 83/84, 21⟩,
    ⟨[6], [0, 1, 2, 3, 4, 6, 7, 8, 9, 11, 13, 14], 119/1600, 147233/156800, 83/84, 21⟩,
    ⟨[6], [0, 1, 2, 3, 4, 6, 7, 8, 9, 12, 13, 14], 119/1600, 147233/156800, 83/84, 21⟩,
    ⟨[6], [0, 1, 2, 3, 4, 6, 7, 8, 10, 11, 12, 13], 119/1600, 136033/145600, 83/84, 19⟩,
    ⟨[6], [0, 1, 2, 3, 4, 6, 7, 8, 10, 11, 12, 14], 119/1600, 147233/156800, 83/84, 21⟩,
    ⟨[6], [0, 1, 2, 3, 4, 6, 7, 8, 10, 11, 13, 14], 119/1600, 147233/156800, 83/84, 21⟩,
    ⟨[6], [0, 1, 2, 3, 4, 6, 7, 8, 10, 12, 13, 14], 119/1600, 147233/156800, 83/84, 21⟩,
    ⟨[6], [0, 1, 2, 3, 4, 6, 7, 8, 11, 12, 13, 14], 119/1600, 147233/156800, 83/84, 21⟩,
    ⟨[6], [0, 1, 2, 3, 4, 6, 7, 9, 10, 11, 12, 13], 119/1600, 136033/145600, 83/84, 19⟩,
    ⟨[6], [0, 1, 2, 3, 4, 6, 7, 9, 10, 11, 12, 14], 119/1600, 147233/156800, 83/84, 21⟩,
    ⟨[6], [0, 1, 2, 3, 4, 6, 7, 9, 10, 11, 13, 14], 119/1600, 147233/156800, 83/84, 21⟩,
    ⟨[6], [0, 1, 2, 3, 4, 6, 7, 9, 10, 12, 13, 14], 119/1600, 147233/156800, 83/84, 21⟩,
    ⟨[6], [0, 1, 2, 3, 4, 6, 7, 9, 11, 12, 13, 14], 119/1600, 147233/156800, 83/84, 21⟩,
    ⟨[6], [0, 1, 2, 3, 4, 6, 7, 10, 11, 12, 13, 14], 119/1600, 147233/156800, 83/84, 21⟩,
    ⟨[6], [0, 1, 2, 3, 4, 6, 8, 9, 10, 11, 12, 13], 119/1600, 136033/145600, 83/84, 19⟩,
    ⟨[6], [0, 1, 2, 3, 4, 6, 8, 9, 10, 11, 12, 14], 119/1600, 147233/156800, 83/84, 21⟩,
    ⟨[6], [0, 1, 2, 3, 4, 6, 8, 9, 10, 11, 13, 14], 119/1600, 147233/156800, 83/84, 21⟩,
    ⟨[6], [0, 1, 2, 3, 4, 6, 8, 9, 10, 12, 13, 14], 119/1600, 147233/156800, 83/84, 21⟩,
    ⟨[6], [0, 1, 2, 3, 4, 6, 8, 9, 11, 12, 13, 14], 119/1600, 147233/156800, 83/84, 21⟩,
    ⟨[6], [0, 1, 2, 3, 4, 6, 8, 10, 11, 12, 13, 14], 119/1600, 147233/156800, 83/84, 21⟩,
    ⟨[6], [0, 1, 2, 3, 4, 6, 9, 10, 11, 12, 13, 14], 119/1600, 147233/156800, 83/84, 21⟩,
    ⟨[6], [0, 1, 2, 3, 4, 7, 8, 9, 10, 11, 12, 13], 119/1600, 136033/145600, 83/84, 19⟩,
    ⟨[6], [0, 1, 2, 3, 4, 7, 8, 9, 10, 11, 12, 14], 119/1600, 147233/156800, 83/84, 21⟩,
    ⟨[6], [0, 1, 2, 3, 4, 7, 8, 9, 10, 11, 13, 14], 119/1600, 147233/156800, 83/84, 21⟩,
    ⟨[6], [0, 1, 2, 3, 4, 7, 8, 9, 10, 12, 13, 14], 119/1600, 147233/156800, 83/84, 21⟩,
    ⟨[6], [0, 1, 2, 3, 4, 7, 8, 9, 11, 12, 13, 14], 119/1600, 147233/156800, 83/84, 21⟩,
    ⟨[6], [0, 1, 2, 3, 4, 7, 8, 10, 11, 12, 13, 14], 119/1600, 147233/156800, 83/84, 21⟩,
    ⟨[6], [0, 1, 2, 3, 4, 7, 9, 10, 11, 12, 13, 14], 119/1600, 147233/156800, 83/84, 21⟩,
    ⟨[6], [0, 1, 2, 3, 4, 8, 9, 10, 11, 12, 13, 14], 119/1600, 147233/156800, 83/84, 21⟩,
    ⟨[6], [0, 1, 2, 3, 5, 6, 7, 8, 9, 10, 11, 12], 119/1600, 41611/44800, 83/84, 17⟩,
    ⟨[6], [0, 1, 2, 3, 5, 6, 7, 8, 9, 10, 11, 13], 119/1600, 136033/145600, 83/84, 19⟩,
    ⟨[6], [0, 1, 2, 3, 5, 6, 7, 8, 9, 10, 11, 14], 119/1600, 147233/156800, 83/84, 21⟩,
    ⟨[6], [0, 1, 2, 3, 5, 6, 7, 8, 9, 10, 12, 13], 119/1600, 136033/145600, 83/84, 19⟩,
    ⟨[6], [0, 1, 2, 3, 5, 6, 7, 8, 9, 10, 12, 14], 119/1600, 147233/156800, 83/84, 21⟩,
    ⟨[6], [0, 1, 2, 3, 5, 6, 7, 8, 9, 10, 13, 14], 119/1600, 147233/156800, 83/84, 21⟩,
    ⟨[6], [0, 1, 2, 3, 5, 6, 7, 8, 9, 11, 12, 13], 119/1600, 136033/145600, 83/84, 19⟩,
    ⟨[6], [0, 1, 2, 3, 5, 6, 7, 8, 9, 11, 12, 14], 119/1600, 147233/156800, 83/84, 21⟩,
    ⟨[6], [0, 1, 2, 3, 5, 6, 7, 8, 9, 11, 13, 14], 119/1600, 147233/156800, 83/84, 21⟩,
    ⟨[6], [0, 1, 2, 3, 5, 6, 7, 8, 9, 12, 13, 14], 119/1600, 147233/156800, 83/84, 21⟩,
    ⟨[6], [0, 1, 2, 3, 5, 6, 7, 8, 10, 11, 12, 13], 119/1600, 136033/145600, 83/84, 19⟩,
    ⟨[6], [0, 1, 2, 3, 5, 6, 7, 8, 10, 11, 12, 14], 119/1600, 147233/156800, 83/84, 21⟩,
    ⟨[6], [0, 1, 2, 3, 5, 6, 7, 8, 10, 11, 13, 14], 119/1600, 147233/156800, 83/84, 21⟩,
    ⟨[6], [0, 1, 2, 3, 5, 6, 7, 8, 10, 12, 13, 14], 119/1600, 147233/156800, 83/84, 21⟩,
    ⟨[6], [0, 1, 2, 3, 5, 6, 7, 8, 11, 12, 13, 14], 119/1600, 147233/156800, 83/84, 21⟩,
    ⟨[6], [0, 1, 2, 3, 5, 6, 7, 9, 10, 11, 12, 13], 119/1600, 136033/145600, 83/84, 19⟩,
    ⟨[6], [0, 1, 2, 3, 5, 6, 7, 9, 10, 11, 12, 14], 119/1600, 147233/156800, 83/84, 21⟩,
    ⟨[6], [0, 1, 2, 3, 5, 6, 7, 9, 10, 11, 13, 14], 119/1600, 147233/156800, 83/84, 21⟩,
    ⟨[6], [0, 1, 2, 3, 5, 6, 7, 9, 10, 12, 13, 14], 119/1600, 147233/156800, 83/84, 21⟩,
    ⟨[6], [0, 1, 2, 3, 5, 6, 7, 9, 11, 12, 13, 14], 119/1600, 147233/156800, 83/84, 21⟩,
    ⟨[6], [0, 1, 2, 3, 5, 6, 7, 10, 11, 12, 13, 14], 119/1600, 147233/156800, 83/84, 21⟩,
    ⟨[6], [0, 1, 2, 3, 5, 6, 8, 9, 10, 11, 12, 13], 119/1600, 136033/145600, 83/84, 19⟩,
    ⟨[6], [0, 1, 2, 3, 5, 6, 8, 9, 10, 11, 12, 14], 119/1600, 147233/156800, 83/84, 21⟩,
    ⟨[6], [0, 1, 2, 3, 5, 6, 8, 9, 10, 11, 13, 14], 119/1600, 147233/156800, 83/84, 21⟩,
    ⟨[6], [0, 1, 2, 3, 5, 6, 8, 9, 10, 12, 13, 14], 119/1600, 147233/156800, 83/84, 21⟩,
    ⟨[6], [0, 1, 2, 3, 5, 6, 8, 9, 11, 12, 13, 14], 119/1600, 147233/156800, 83/84, 21⟩,
    ⟨[6], [0, 1, 2, 3, 5, 6, 8, 10, 11, 12, 13, 14], 119/1600, 147233/156800, 83/84, 21⟩,
    ⟨[6], [0, 1, 2, 3, 5, 6, 9, 10, 11, 12, 13, 14], 119/1600, 147233/156800, 83/84, 21⟩,
    ⟨[6], [0, 1, 2, 3, 5, 7, 8, 9, 10, 11, 12, 13], 119/1600, 136033/145600, 83/84, 19⟩,
    ⟨[6], [0, 1, 2, 3, 5, 7, 8, 9, 10, 11, 12, 14], 119/1600, 147233/156800, 83/84, 21⟩,
    ⟨[6], [0, 1, 2, 3, 5, 7, 8, 9, 10, 11, 13, 14], 119/1600, 147233/156800, 83/84, 21⟩,
    ⟨[6], [0, 1, 2, 3, 5, 7, 8, 9, 10, 12, 13, 14], 119/1600, 147233/156800, 83/84, 21⟩,
    ⟨[6], [0, 1, 2, 3, 5, 7, 8, 9, 11, 12, 13, 14], 119/1600, 147233/156800, 83/84, 21⟩,
    ⟨[6], [0, 1, 2, 3, 5, 7, 8, 10, 11, 12, 13, 14], 119/1600, 147233/156800, 83/84, 21⟩,
    ⟨[6], [0, 1, 2, 3, 5, 7, 9, 10, 11, 12, 13, 14], 119/1600, 147233/156800, 83/84, 21⟩,
    ⟨[6], [0, 1, 2, 3, 5, 8, 9, 10, 11, 12, 13, 14], 119/1600, 147233/156800, 83/84, 21⟩,
    ⟨[6], [0, 1, 2, 3, 6, 7, 8, 9, 10, 11, 12, 13], 119/1600, 136033/145600, 83/84, 19⟩,
    ⟨[6], [0, 1, 2, 3, 6, 7, 8, 9, 10, 11, 12, 14], 119/1600, 147233/156800, 83/84, 21⟩,
    ⟨[6], [0, 1, 2, 3, 6, 7, 8, 9, 10, 11, 13, 14], 119/1600, 147233/156800, 83/84, 21⟩,
    ⟨[6], [0, 1, 2, 3, 6, 7, 8, 9, 10, 12, 13, 14], 119/1600, 147233/156800, 83/84, 21⟩,
    ⟨[6], [0, 1, 2, 3, 6, 7, 8, 9, 11, 12, 13, 14], 119/1600, 147233/156800, 83/84, 21⟩,
    ⟨[6], [0, 1, 2, 3, 6, 7, 8, 10, 11, 12, 13, 14], 119/1600, 147233/156800, 83/84, 21⟩,
    ⟨[6], [0, 1, 2, 3, 6, 7, 9, 10, 11, 12, 13, 14], 119/1600, 147233/156800, 83/84, 21⟩,
    ⟨[6], [0, 1, 2, 3, 6, 8, 9, 10, 11, 12, 13, 14], 119/1600, 147233/156800, 83/84, 21⟩,
    ⟨[6], [0, 1, 2, 3, 7, 8, 9, 10, 11, 12, 13, 14], 119/1600, 147233/156800, 83/84, 21⟩,
    ⟨[6], [0, 1, 2, 4, 5, 6, 7, 8, 9, 10, 11, 12], 119/1600, 41611/44800, 83/84, 17⟩,
    ⟨[6], [0, 1, 2, 4, 5, 6, 7, 8, 9, 10, 11, 13], 119/1600, 136033/145600, 83/84, 19⟩,
    ⟨[6], [0, 1, 2, 4, 5, 6, 7, 8, 9, 10, 11, 14], 119/1600, 147233/156800, 83/84, 21⟩,
    ⟨[6], [0, 1, 2, 4, 5, 6, 7, 8, 9, 10, 12, 13], 119/1600, 136033/145600, 83/84, 19⟩,
    ⟨[6], [0, 1, 2, 4, 5, 6, 7, 8, 9, 10, 12, 14], 119/1600, 147233/156800, 83/84, 21⟩,
    ⟨[6], [0, 1, 2, 4, 5, 6, 7, 8, 9, 10, 13, 14], 119/1600, 147233/156800, 83/84, 21⟩,
    ⟨[6], [0, 1, 2, 4, 5, 6, 7, 8, 9, 11, 12, 13], 119/1600, 136033/145600, 83/84, 19⟩,
    ⟨[6], [0, 1, 2, 4, 5, 6, 7, 8, 9, 11, 12, 14], 119/1600, 147233/156800, 83/84, 21⟩,
    ⟨[6], [0, 1, 2, 4, 5, 6, 7, 8, 9, 11, 13, 14], 119/1600, 147233/156800, 83/84, 21⟩,
    ⟨[6], [0, 1, 2, 4, 5, 6, 7, 8, 9, 12, 13, 14], 119/1600, 147233/156800, 83/84, 21⟩,
    ⟨[6], [0, 1, 2, 4, 5, 6, 7, 8, 10, 11, 12, 13], 119/1600, 136033/145600, 83/84, 19⟩,
    ⟨[6], [0, 1, 2, 4, 5, 6, 7, 8, 10, 11, 12, 14], 119/1600, 147233/156800, 83/84, 21⟩,
    ⟨[6], [0, 1, 2, 4, 5, 6, 7, 8, 10, 11, 13, 14], 119/1600, 147233/156800, 83/84, 21⟩,
    ⟨[6], [0, 1, 2, 4, 5, 6, 7, 8, 10, 12, 13, 14], 119/1600, 147233/156800, 83/84, 21⟩,
    ⟨[6], [0, 1, 2, 4, 5, 6, 7, 8, 11, 12, 13, 14], 119/1600, 147233/156800, 83/84, 21⟩,
    ⟨[6], [0, 1, 2, 4, 5, 6, 7, 9, 10, 11, 12, 13], 119/1600, 136033/145600, 83/84, 19⟩,
    ⟨[6], [0, 1, 2, 4, 5, 6, 7, 9, 10, 11, 12, 14], 119/1600, 147233/156800, 83/84, 21⟩,
    ⟨[6], [0, 1, 2, 4, 5, 6, 7, 9, 10, 11, 13, 14], 119/1600, 147233/156800, 83/84, 21⟩,
    ⟨[6], [0, 1, 2, 4, 5, 6, 7, 9, 10, 12, 13, 14], 119/1600, 147233/156800, 83/84, 21⟩,
    ⟨[6], [0, 1, 2, 4, 5, 6, 7, 9, 11, 12, 13, 14], 119/1600, 147233/156800, 83/84, 21⟩,
    ⟨[6], [0, 1, 2, 4, 5, 6, 7, 10, 11, 12, 13, 14], 119/1600, 147233/156800, 83/84, 21⟩,
    ⟨[6], [0, 1, 2, 4, 5, 6, 8, 9, 10, 11, 12, 13], 119/1600, 136033/145600, 83/84, 19⟩,
    ⟨[6], [0, 1, 2, 4, 5, 6, 8, 9, 10, 11, 12, 14], 119/1600, 147233/156800, 83/84, 21⟩,
    ⟨[6], [0, 1, 2, 4, 5, 6, 8, 9, 10, 11, 13, 14], 119/1600, 147233/156800, 83/84, 21⟩,
    ⟨[6], [0, 1, 2, 4, 5, 6, 8, 9, 10, 12, 13, 14], 119/1600, 147233/156800, 83/84, 21⟩,
    ⟨[6], [0, 1, 2, 4, 5, 6, 8, 9, 11, 12, 13, 14], 119/1600, 147233/156800, 83/84, 21⟩,
    ⟨[6], [0, 1, 2, 4, 5, 6, 8, 10, 11, 12, 13, 14], 119/1600, 147233/156800, 83/84, 21⟩,
    ⟨[6], [0, 1, 2, 4, 5, 6, 9, 10, 11, 12, 13, 14], 119/1600, 147233/156800, 83/84, 21⟩,
    ⟨[6], [0, 1, 2, 4, 5, 7, 8, 9, 10, 11, 12, 13], 119/1600, 136033/145600, 83/84, 19⟩,
    ⟨[6], [0, 1, 2, 4, 5, 7, 8, 9, 10, 11, 12, 14], 119/1600, 147233/156800, 83/84, 21⟩,
    ⟨[6], [0, 1, 2, 4, 5, 7, 8, 9, 10, 11, 13, 14], 119/1600, 147233/156800, 83/84, 21⟩,
    ⟨[6], [0, 1, 2, 4, 5, 7, 8, 9, 10, 12, 13, 14], 119/1600, 147233/156800, 83/84, 21⟩,
    ⟨[6], [0, 1, 2, 4, 5, 7, 8, 9, 11, 12, 13, 14], 119/1600, 147233/156800, 83/84, 21⟩,
    ⟨[6], [0, 1, 2, 4, 5, 7, 8, 10, 11, 12, 13, 14], 119/1600, 147233/156800, 83/84, 21⟩,
    ⟨[6], [0, 1, 2, 4, 5, 7, 9, 10, 11, 12, 13, 14], 119/1600, 147233/156800, 83/84, 21⟩,
    ⟨[6], [0, 1, 2, 4, 5, 8, 9, 10, 11, 12, 13, 14], 119/1600, 147233/156800, 83/84, 21⟩,
    ⟨[6], [0, 1, 2, 4, 6, 7, 8, 9, 10, 11, 12, 13], 119/1600, 136033/145600, 83/84, 19⟩,
    ⟨[6], [0, 1, 2, 4, 6, 7, 8, 9, 10, 11, 12, 14], 119/1600, 147233/156800, 83/84, 21⟩,
    ⟨[6], [0, 1, 2, 4, 6, 7, 8, 9, 10, 11, 13, 14], 119/1600, 147233/156800, 83/84, 21⟩,
    ⟨[6], [0, 1, 2, 4, 6, 7, 8, 9, 10, 12, 13, 14], 119/1600, 147233/156800, 83/84, 21⟩,
    ⟨[6], [0, 1, 2, 4, 6, 7, 8, 9, 11, 12, 13, 14], 119/1600, 147233/156800, 83/84, 21⟩,
    ⟨[6], [0, 1, 2, 4, 6, 7, 8, 10, 11, 12, 13, 14], 119/1600, 147233/156800, 83/84, 21⟩,
    ⟨[6], [0, 1, 2, 4, 6, 7, 9, 10, 11, 12, 13, 14], 119/1600, 147233/156800, 83/84, 21⟩,
    ⟨[6], [0, 1, 2, 4, 6, 8, 9, 10, 11, 12, 13, 14], 119/1600, 147233/156800, 83/84, 21⟩,
    ⟨[6], [0, 1, 2, 4, 7, 8, 9, 10, 11, 12, 13, 14], 119/1600, 147233/156800, 83/84, 21⟩,
    ⟨[6], [0, 1, 2, 5, 6, 7, 8, 9, 10, 11, 12, 13], 119/1600, 136033/145600, 83/84, 19⟩,
    ⟨[6], [0, 1, 2, 5, 6, 7, 8, 9, 10, 11, 12, 14], 119/1600, 147233/156800, 83/84, 21⟩,
    ⟨[6], [0, 1, 2, 5, 6, 7, 8, 9, 10, 11, 13, 14], 119/1600, 147233/156800, 83/84, 21⟩,
    ⟨[6], [0, 1, 2, 5, 6, 7, 8, 9, 10, 12, 13, 14], 119/1600, 147233/156800, 83/84, 21⟩,
    ⟨[6], [0, 1, 2, 5, 6, 7, 8, 9, 11, 12, 13, 14], 119/1600, 147233/156800, 83/84, 21⟩,
    ⟨[6], [0, 1, 2, 5, 6, 7, 8, 10, 11, 12, 13, 14], 119/1600, 147233/156800, 83/84, 21⟩,
    ⟨[6], [0, 1, 2, 5, 6, 7, 9, 10, 11, 12, 13, 14], 119/1600, 147233/156800, 83/84, 21⟩,
    ⟨[6], [0, 1, 2, 5, 6, 8, 9, 10, 11, 12, 13, 14], 119/1600, 147233/156800, 83/84, 21⟩,
    ⟨[6], [0, 1, 2, 5, 7, 8, 9, 10, 11, 12, 13, 14], 119/1600, 147233/156800, 83/84, 21⟩,
    ⟨[6], [0, 1, 2, 6, 7, 8, 9, 10, 11, 12, 13, 14], 119/1600, 147233/156800, 83/84, 21⟩,
    ⟨[6], [0, 1, 3, 4, 5, 6, 7, 8, 9, 10, 11, 12], 119/1600, 41611/44800, 83/84, 17⟩,
    ⟨[6], [0, 1, 3, 4, 5, 6, 7, 8, 9, 10, 11, 13], 119/1600, 136033/145600, 83/84, 19⟩,
    ⟨[6], [0, 1, 3, 4, 5, 6, 7, 8, 9, 10, 11, 14], 119/1600, 147233/156800, 83/84, 21⟩,
    ⟨[6], [0, 1, 3, 4, 5, 6, 7, 8, 9, 10, 12, 13], 119/1600, 136033/145600, 83/84, 19⟩,
    ⟨[6], [0, 1, 3, 4, 5, 6, 7, 8, 9, 10, 12, 14], 119/1600, 147233/156800, 83/84, 21⟩,
    ⟨[6], [0, 1, 3, 4, 5, 6, 7, 8, 9, 10, 13, 14], 119/1600, 147233/156800, 83/84, 21⟩,
    ⟨[6], [0, 1, 3, 4, 5, 6, 7, 8, 9, 11, 12, 13], 119/1600, 136033/145600, 83/84, 19⟩,
    ⟨[6], [0, 1, 3, 4, 5, 6, 7, 8, 9, 11, 12, 14], 119/1600, 147233/156800, 83/84, 21⟩,
    ⟨[6], [0, 1, 3, 4, 5, 6, 7, 8, 9, 11, 13, 14], 119/1600, 147233/156800, 83/84, 21⟩,
    ⟨[6], [0, 1, 3, 4, 5, 6, 7, 8, 9, 12, 13, 14], 119/1600, 147233/156800, 83/84, 21⟩,
    ⟨[6], [0, 1, 3, 4, 5, 6, 7, 8, 10, 11, 12, 13], 119/1600, 136033/145600, 83/84, 19⟩,
    ⟨[6], [0, 1, 3, 4, 5, 6, 7, 8, 10, 11, 12, 14], 119/1600, 147233/156800, 83/84, 21⟩,
    ⟨[6], [0, 1, 3, 4, 5, 6, 7, 8, 10, 11, 13, 14], 119/1600, 147233/156800, 83/84, 21⟩,
    ⟨[6], [0, 1, 3, 4, 5, 6, 7, 8, 10, 12, 13, 14], 119/1600, 147233/156800, 83/84, 21⟩,
    ⟨[6], [0, 1, 3, 4, 5, 6, 7, 8, 11, 12, 13, 14], 119/1600, 147233/156800, 83/84, 21⟩,
    ⟨[6], [0, 1, 3, 4, 5, 6, 7, 9, 10, 11, 12, 13], 119/1600, 136033/145600, 83/84, 19⟩,
    ⟨[6], [0, 1, 3, 4, 5, 6, 7, 9, 10, 11, 12, 14], 119/1600, 147233/156800, 83/84, 21⟩,
    ⟨[6], [0, 1, 3, 4, 5, 6, 7, 9, 10, 11, 13, 14], 119/1600, 147233/156800, 83/84, 21⟩,
    ⟨[6], [0, 1, 3, 4, 5, 6, 7, 9, 10, 12, 13, 14], 119/1600, 147233/156800, 83/84, 21⟩,
    ⟨[6], [0, 1, 3, 4, 5, 6, 7, 9, 11, 12, 13, 14], 119/1600, 147233/156800, 83/84, 21⟩,
    ⟨[6], [0, 1, 3, 4, 5, 6, 7, 10, 11, 12, 13, 14], 119/1600, 147233/156800, 83/84, 21⟩,
    ⟨[6], [0, 1, 3, 4, 5, 6, 8, 9, 10, 11, 12, 13], 119/1600, 136033/145600, 83/84, 19⟩,
    ⟨[6], [0, 1, 3, 4, 5, 6, 8, 9, 10, 11, 12, 14], 119/1600, 147233/156800, 83/84, 21⟩,
    ⟨[6], [0, 1, 3, 4, 5, 6, 8, 9, 10, 11, 13, 14], 119/1600, 147233/156800, 83/84, 21⟩,
    ⟨[6], [0, 1, 3, 4, 5, 6, 8, 9, 10, 12, 13, 14], 119/1600, 147233/156800, 83/84, 21⟩,
    ⟨[6], [0, 1, 3, 4, 5, 6, 8, 9, 11, 12, 13, 14], 119/1600, 147233/156800, 83/84, 21⟩,
    ⟨[6], [0, 1, 3, 4, 5, 6, 8, 10, 11, 12, 13, 14], 119/1600, 147233/156800, 83/84, 21⟩,
    ⟨[6], [0, 1, 3, 4, 5, 6, 9, 10, 11, 12, 13, 14], 119/1600, 147233/156800, 83/84, 21⟩,
    ⟨[6], [0, 1, 3, 4, 5, 7, 8, 9, 10, 11, 12, 13], 119/1600, 136033/145600, 83/84, 19⟩,
    ⟨[6], [0, 1, 3, 4, 5, 7, 8, 9, 10, 11, 12, 14], 119/1600, 147233/156800, 83/84, 21⟩,
    ⟨[6], [0, 1, 3, 4, 5, 7, 8, 9, 10, 11, 13, 14], 119/1600, 147233/156800, 83/84, 21⟩,
    ⟨[6], [0, 1, 3, 4, 5, 7, 8, 9, 10, 12, 13, 14], 119/1600, 147233/156800, 83/84, 21⟩,
    ⟨[6], [0, 1, 3, 4, 5, 7, 8, 9, 11, 12, 13, 14], 119/1600, 147233/156800, 83/84, 21⟩,
    ⟨[6], [0, 1, 3, 4, 5, 7, 8, 10, 11, 12, 13, 14], 119/1600, 147233/156800, 83/84, 21⟩,
    ⟨[6], [0, 1, 3, 4, 5, 7, 9, 10, 11, 12, 13, 14], 119/1600, 147233/156800, 83/84, 21⟩,
    ⟨[6], [0, 1, 3, 4, 5, 8, 9, 10, 11, 12, 13, 14], 119/1600, 147233/156800, 83/84, 21⟩,
    ⟨[6], [0, 1, 3, 4, 6, 7, 8, 9, 10, 11, 12, 13], 119/1600, 136033/145600, 83/84, 19⟩,
    ⟨[6], [0, 1, 3, 4, 6, 7, 8, 9, 10, 11, 12, 14], 119/1600, 147233/156800, 83/84, 21⟩,
    ⟨[6], [0, 1, 3, 4, 6, 7, 8, 9, 10, 11, 13, 14], 119/1600, 147233/156800, 83/84, 21⟩,
    ⟨[6], [0, 1, 3, 4, 6, 7, 8, 9, 10, 12, 13, 14], 119/1600, 147233/156800, 83/84, 21⟩,
    ⟨[6], [0, 1, 3, 4, 6, 7, 8, 9, 11, 12, 13, 14], 119/1600, 147233/156800, 83/84, 21⟩,
    ⟨[6], [0, 1, 3, 4, 6, 7, 8, 10, 11, 12, 13, 14], 119/1600, 147233/156800, 83/84, 21⟩,
    ⟨[6], [0, 1, 3, 4, 6, 7, 9, 10, 11, 12, 13, 14], 119/1600, 147233/156800, 83/84, 21⟩,
    ⟨[6], [0, 1, 3, 4, 6, 8, 9, 10, 11, 12, 13, 14], 119/1600, 147233/156800, 83/84, 21⟩,
    ⟨[6], [0, 1, 3, 4, 7, 8, 9, 10, 11, 12, 13, 14], 119/1600, 147233/156800, 83/84, 21⟩,
    ⟨[6], [0, 1, 3, 5, 6, 7, 8, 9, 10, 11, 12, 13], 119/1600, 136033/145600, 83/84, 19⟩,
    ⟨[6], [0, 1, 3, 5, 6, 7, 8, 9, 10, 11, 12, 14], 119/1600, 147233/156800, 83/84, 21⟩,
    ⟨[6], [0, 1, 3, 5, 6, 7, 8, 9, 10, 11, 13, 14], 119/1600, 147233/156800, 83/84, 21⟩,
    ⟨[6], [0, 1, 3, 5, 6, 7, 8, 9, 10, 12, 13, 14], 119/1600, 147233/156800, 83/84, 21⟩,
    ⟨[6], [0, 1, 3, 5, 6, 7, 8, 9, 11, 12, 13, 14], 119/1600, 147233/156800, 83/84, 21⟩,
    ⟨[6], [0, 1, 3, 5, 6, 7, 8, 10, 11, 12, 13, 14], 119/1600, 147233/156800, 83/84, 21⟩,
    ⟨[6], [0, 1, 3, 5, 6, 7, 9, 10, 11, 12, 13, 14], 119/1600, 147233/156800, 83/84, 21⟩,
    ⟨[6], [0, 1, 3, 5, 6, 8, 9, 10, 11, 12, 13, 14], 119/1600, 147233/156800, 83/84, 21⟩,
    ⟨[6], [0, 1, 3, 5, 7, 8, 9, 10, 11, 12, 13, 14], 119/1600, 147233/156800, 83/84, 21⟩,
    ⟨[6], [0, 1, 3, 6, 7, 8, 9, 10, 11, 12, 13, 14], 119/1600, 147233/156800, 83/84, 21⟩,
    ⟨[6], [0, 1, 4, 5, 6, 7, 8, 9, 10, 11, 12, 13], 119/1600, 136033/145600, 83/84, 19⟩,
    ⟨[6], [0, 1, 4, 5, 6, 7, 8, 9, 10, 11, 12, 14], 119/1600, 147233/156800, 83/84, 21⟩,
    ⟨[6], [0, 1, 4, 5, 6, 7, 8, 9, 10, 11, 13, 14], 119/1600, 147233/156800, 83/84, 21⟩,
    ⟨[6], [0, 1, 4, 5, 6, 7, 8, 9, 10, 12, 13, 14], 119/1600, 147233/156800, 83/84, 21⟩,
    ⟨[6], [0, 1, 4, 5, 6, 7, 8, 9, 11, 12, 13, 14], 119/1600, 147233/156800, 83/84, 21⟩,
    ⟨[6], [0, 1, 4, 5, 6, 7, 8, 10, 11, 12, 13, 14], 119/1600, 147233/156800, 83/84, 21⟩,
    ⟨[6], [0, 1, 4, 5, 6, 7, 9, 10, 11, 12, 13, 14], 119/1600, 147233/156800, 83/84, 21⟩,
    ⟨[6], [0, 1, 4, 5, 6, 8, 9, 10, 11, 12, 13, 14], 119/1600, 147233/156800, 83/84, 21⟩,
    ⟨[6], [0, 1, 4, 5, 7, 8, 9, 10, 11, 12, 13, 14], 119/1600, 147233/156800, 83/84, 21⟩,
    ⟨[6], [0, 1, 4, 6, 7, 8, 9, 10, 11, 12, 13, 14], 119/1600, 147233/156800, 83/84, 21⟩,
    ⟨[6], [0, 1, 5, 6, 7, 8, 9, 10, 11, 12, 13, 14], 119/1600, 147233/156800, 83/84, 21⟩,
    ⟨[6], [0, 2, 3, 4, 5, 6, 7, 8, 9, 10, 11, 12], 119/1600, 41611/44800, 83/84, 17⟩,
    ⟨[6], [0, 2, 3, 4, 5, 6, 7, 8, 9, 10, 11, 13], 119/1600, 136033/145600, 83/84, 19⟩,
    ⟨[6], [0, 2, 3, 4, 5, 6, 7, 8, 9, 10, 11, 14], 119/1600, 147233/156800, 83/84, 21⟩,
    ⟨[6], [0, 2, 3, 4, 5, 6, 7, 8, 9, 10, 12, 13], 119/1600, 136033/145600, 83/84, 19⟩,
    ⟨[6], [0, 2, 3, 4, 5, 6, 7, 8, 9, 10, 12, 14], 119/1600, 147233/156800, 83/84, 21⟩,
    ⟨[6], [0, 2, 3, 4, 5, 6, 7, 8, 9, 10, 13, 14], 119/1600, 147233/156800, 83/84, 21⟩,
    ⟨[6], [0, 2, 3, 4, 5, 6, 7, 8, 9, 11, 12, 13], 119/1600, 136033/145600, 83/84, 19⟩,
    ⟨[6], [0, 2, 3, 4, 5, 6, 7, 8, 9, 11, 12, 14], 119/1600, 147233/156800, 83/84, 21⟩,
    ⟨[6], [0, 2, 3, 4, 5, 6, 7, 8, 9, 11, 13, 14], 119/1600, 147233/156800, 83/84, 21⟩,
    ⟨[6], [0, 2, 3, 4, 5, 6, 7, 8, 9, 12, 13, 14], 119/1600, 147233/156800, 83/84, 21⟩,
    ⟨[6], [0, 2, 3, 4, 5, 6, 7, 8, 10, 11, 12, 13], 119/1600, 136033/145600, 83/84, 19⟩,
    ⟨[6], [0, 2, 3, 4, 5, 6, 7, 8, 10, 11, 12, 14], 119/1600, 147233/156800, 83/84, 21⟩,
    ⟨[6], [0, 2, 3, 4, 5, 6, 7, 8, 10, 11, 13, 14], 119/1600, 147233/156800, 83/84, 21⟩,
    ⟨[6], [0, 2, 3, 4, 5, 6, 7, 8, 10, 12, 13, 14], 119/1600, 147233/156800, 83/84, 21⟩,
    ⟨[6], [0, 2, 3, 4, 5, 6, 7, 8, 11, 12, 13, 14], 119/1600, 147233/156800, 83/84, 21⟩,
    ⟨[6], [0, 2, 3, 4, 5, 6, 7, 9, 10, 11, 12, 13], 119/1600, 136033/145600, 83/84, 19⟩,
    ⟨[6], [0, 2, 3, 4, 5, 6, 7, 9, 10, 11, 12, 14], 119/1600, 147233/156800, 83/84, 21⟩,
    ⟨[6], [0, 2, 3, 4, 5, 6, 7, 9, 10, 11, 13, 14], 119/1600, 147233/156800, 83/84, 21⟩,
    ⟨[6], [0, 2, 3, 4, 5, 6, 7, 9, 10, 12, 13, 14], 119/1600, 147233/156800, 83/84, 21⟩,
    ⟨[6], [0, 2, 3, 4, 5, 6, 7, 9, 11, 12, 13, 14], 119/1600, 147233/156800, 83/84, 21⟩,
    ⟨[6], [0, 2, 3, 4, 5, 6, 7, 10, 11, 12, 13, 14], 119/1600, 147233/156800, 83/84, 21⟩,
    ⟨[6], [0, 2, 3, 4, 5, 6, 8, 9, 10, 11, 12, 13], 119/1600, 136033/145600, 83/84, 19⟩,
    ⟨[6], [0, 2, 3, 4, 5, 6, 8, 9, 10, 11, 12, 14], 119/1600, 147233/156800, 83/84, 21⟩,
    ⟨[6], [0, 2, 3, 4, 5, 6, 8, 9, 10, 11, 13, 14], 119/1600, 147233/156800, 83/84, 21⟩,
    ⟨[6], [0, 2, 3, 4, 5, 6, 8, 9, 10, 12, 13, 14], 119/1600, 147233/156800, 83/84, 21⟩,
    ⟨[6], [0, 2, 3, 4, 5, 6, 8, 9, 11, 12, 13, 14], 119/1600, 147233/156800, 83/84, 21⟩,
    ⟨[6], [0, 2, 3, 4, 5, 6, 8, 10, 11, 12, 13, 14], 119/1600, 147233/156800, 83/84, 21⟩,
    ⟨[6], [0, 2, 3, 4, 5, 6, 9, 10, 11, 12, 13, 14], 119/1600, 147233/156800, 83/84, 21⟩,
    ⟨[6], [0, 2, 3, 4, 5, 7, 8, 9, 10, 11, 12, 13], 119/1600, 136033/145600, 83/84, 19⟩,
    ⟨[6], [0, 2, 3, 4, 5, 7, 8, 9, 10, 11, 12, 14], 119/1600, 147233/156800, 83/84, 21⟩,
    ⟨[6], [0, 2, 3, 4, 5, 7, 8, 9, 10, 11, 13, 14], 119/1600, 147233/156800, 83/84, 21⟩,
    ⟨[6], [0, 2, 3, 4, 5, 7, 8, 9, 10, 12, 13, 14], 119/1600, 147233/156800, 83/84, 21⟩,
    ⟨[6], [0, 2, 3, 4, 5, 7, 8, 9, 11, 12, 13, 14], 119/1600, 147233/156800, 83/84, 21⟩,
    ⟨[6], [0, 2, 3, 4, 5, 7, 8, 10, 11, 12, 13, 14], 119/1600, 147233/156800, 83/84, 21⟩,
    ⟨[6], [0, 2, 3, 4, 5, 7, 9, 10, 11, 12, 13, 14], 119/1600, 147233/156800, 83/84, 21⟩,
    ⟨[6], [0, 2, 3, 4, 5, 8, 9, 10, 11, 12, 13, 14], 119/1600, 147233/156800, 83/84, 21⟩,
    ⟨[6], [0, 2, 3, 4, 6, 7, 8, 9, 10, 11, 12, 13], 119/1600, 136033/145600, 83/84, 19⟩,
    ⟨[6], [0, 2, 3, 4, 6, 7, 8, 9, 10, 11, 12, 14], 119/1600, 147233/156800, 83/84, 21⟩,
    ⟨[6], [0, 2, 3, 4, 6, 7, 8, 9, 10, 11, 13, 14], 119/1600, 147233/156800, 83/84, 21⟩,
    ⟨[6], [0, 2, 3, 4, 6, 7, 8, 9, 10, 12, 13, 14], 119/1600, 147233/156800, 83/84, 21⟩,
    ⟨[6], [0, 2, 3, 4, 6, 7, 8, 9, 11, 12, 13, 14], 119/1600, 147233/156800, 83/84, 21⟩,
    ⟨[6], [0, 2, 3, 4, 6, 7, 8, 10, 11, 12, 13, 14], 119/1600, 147233/156800, 83/84, 21⟩,
    ⟨[6], [0, 2, 3, 4, 6, 7, 9, 10, 11, 12, 13, 14], 119/1600, 147233/156800, 83/84, 21⟩,
    ⟨[6], [0, 2, 3, 4, 6, 8, 9, 10, 11, 12, 13, 14], 119/1600, 147233/156800, 83/84, 21⟩,
    ⟨[6], [0, 2, 3, 4, 7, 8, 9, 10, 11, 12, 13, 14], 119/1600, 147233/156800, 83/84, 21⟩,
    ⟨[6], [0, 2, 3, 5, 6, 7, 8, 9, 10, 11, 12, 13], 119/1600, 136033/145600, 83/84, 19⟩,
    ⟨[6], [0, 2, 3, 5, 6, 7, 8, 9, 10, 11, 12, 14], 119/1600, 147233/156800, 83/84, 21⟩,
    ⟨[6], [0, 2, 3, 5, 6, 7, 8, 9, 10, 11, 13, 14], 119/1600, 147233/156800, 83/84, 21⟩,
    ⟨[6], [0, 2, 3, 5, 6, 7, 8, 9, 10, 12, 13, 14], 119/1600, 147233/156800, 83/84, 21⟩,
    ⟨[6], [0, 2, 3, 5, 6, 7, 8, 9, 11, 12, 13, 14], 119/1600, 147233/156800, 83/84, 21⟩,
    ⟨[6], [0, 2, 3, 5, 6, 7, 8, 10, 11, 12, 13, 14], 119/1600, 147233/156800, 83/84, 21⟩,
    ⟨[6], [0, 2, 3, 5, 6, 7, 9, 10, 11, 12, 13, 14], 119/1600, 147233/156800, 83/84, 21⟩,
    ⟨[6], [0, 2, 3, 5, 6, 8, 9, 10, 11, 12, 13, 14], 119/1600, 147233/156800, 83/84, 21⟩,
    ⟨[6], [0, 2, 3, 5, 7, 8, 9, 10, 11, 12, 13, 14], 119/1600, 147233/156800, 83/84, 21⟩,
    ⟨[6], [0, 2, 3, 6, 7, 8, 9, 10, 11, 12, 13, 14], 119/1600, 147233/156800, 83/84, 21⟩,
    ⟨[6], [0, 2, 4, 5, 6, 7, 8, 9, 10, 11, 12, 13], 119/1600, 136033/145600, 83/84, 19⟩,
    ⟨[6], [0, 2, 4, 5, 6, 7, 8, 9, 10, 11, 12, 14], 119/1600, 147233/156800, 83/84, 21⟩,
    ⟨[6], [0, 2, 4, 5, 6, 7, 8, 9, 10, 11, 13, 14], 119/1600, 147233/156800, 83/84, 21⟩,
    ⟨[6], [0, 2, 4, 5, 6, 7, 8, 9, 10, 12, 13, 14], 119/1600, 147233/156800, 83/84, 21⟩,
    ⟨[6], [0, 2, 4, 5, 6, 7, 8, 9, 11, 12, 13, 14], 119/1600, 147233/156800, 83/84, 21⟩,
    ⟨[6], [0, 2, 4, 5, 6, 7, 8, 10, 11, 12, 13, 14], 119/1600, 147233/156800, 83/84, 21⟩,
    ⟨[6], [0, 2, 4, 5, 6, 7, 9, 10, 11, 12, 13, 14], 119/1600, 147233/156800, 83/84, 21⟩,
    ⟨[6], [0, 2, 4, 5, 6, 8, 9, 10, 11, 12, 13, 14], 119/1600, 147233/156800, 83/84, 21⟩,
    ⟨[6], [0, 2, 4, 5, 7, 8, 9, 10, 11, 12, 13, 14], 119/1600, 147233/156800, 83/84, 21⟩,
    ⟨[6], [0, 2, 4, 6, 7, 8, 9, 10, 11, 12, 13, 14], 119/1600, 147233/156800, 83/84, 21⟩,
    ⟨[6], [0, 2, 5, 6, 7, 8, 9, 10, 11, 12, 13, 14], 119/1600, 147233/156800, 83/84, 21⟩,
    ⟨[6], [0, 3, 4, 5, 6, 7, 8, 9, 10, 11, 12, 13], 119/1600, 136033/145600, 83/84, 19⟩,
    ⟨[6], [0, 3, 4, 5, 6, 7, 8, 9, 10, 11, 12, 14], 119/1600, 147233/156800, 83/84, 21⟩,
    ⟨[6], [0, 3, 4, 5, 6, 7, 8, 9, 10, 11, 13, 14], 119/1600, 147233/156800, 83/84, 21⟩,
    ⟨[6], [0, 3, 4, 5, 6, 7, 8, 9, 10, 12, 13, 14], 119/1600, 147233/156800, 83/84, 21⟩,
    ⟨[6], [0, 3, 4, 5, 6, 7, 8, 9, 11, 12, 13, 14], 119/1600, 147233/156800, 83/84, 21⟩,
    ⟨[6], [0, 3, 4, 5, 6, 7, 8, 10, 11, 12, 13, 14], 119/1600, 147233/156800, 83/84, 21⟩,
    ⟨[6], [0, 3, 4, 5, 6, 7, 9, 10, 11, 12, 13, 14], 119/1600, 147233/156800, 83/84, 21⟩,
    ⟨[6], [0, 3, 4, 5, 6, 8, 9, 10, 11, 12, 13, 14], 119/1600, 147233/156800, 83/84, 21⟩,
    ⟨[6], [0, 3, 4, 5, 7, 8, 9, 10, 11, 12, 13, 14], 119/1600, 147233/156800, 83/84, 21⟩,
    ⟨[6], [0, 3, 4, 6, 7, 8, 9, 10, 11, 12, 13, 14], 119/1600, 147233/156800, 83/84, 21⟩,
    ⟨[6], [0, 3, 5, 6, 7, 8, 9, 10, 11, 12, 13, 14], 119/1600, 147233/156800, 83/84, 21⟩,
    ⟨[6], [0, 4, 5, 6, 7, 8, 9, 10, 11, 12, 13, 14], 119/1600, 147233/156800, 83/84, 21⟩,
    ⟨[7], [0, 1, 2, 3, 4, 5, 6, 7, 8, 9, 10, 11], 1481/1600, 1/98, 9567/123200, 15⟩,
    ⟨[7], [0, 1, 2, 3, 4, 5, 6, 7, 8, 9, 10, 12], 119/1600, 41611/44800, 97/98, 17⟩,
    ⟨[7], [0, 1, 2, 3, 4, 5, 6, 7, 8, 9, 10, 13], 1481/1600, 1/98, 9567/145600, 19⟩,
    ⟨[7], [0, 1, 2, 3, 4, 5, 6, 7, 8, 9, 10, 14], 1481/1600, 1/98, 9567/156800, 20⟩,
    ⟨[7], [0, 1, 2, 3, 4, 5, 6, 7, 8, 9, 11, 12], 119/1600, 41611/44800, 97/98, 17⟩,
    ⟨[7], [0, 1, 2, 3, 4, 5, 6, 7, 8, 9, 11, 13], 1481/1600, 1/98, 9567/145600, 19⟩,
    ⟨[7], [0, 1, 2, 3, 4, 5, 6, 7, 8, 9, 11, 14], 1481/1600, 1/98, 9567/156800, 20⟩,
    ⟨[7], [0, 1, 2, 3, 4, 5, 6, 7, 8, 9, 12, 13], 1481/1600, 1/98, 9567/145600, 19⟩,
    ⟨[7], [0, 1, 2, 3, 4, 5, 6, 7, 8, 9, 12, 14], 1481/1600, 1/98, 9567/156800, 20⟩,
    ⟨[7], [0, 1, 2, 3, 4, 5, 6, 7, 8, 9, 13, 14], 1481/1600, 1/98, 9567/156800, 20⟩,
    ⟨[7], [0, 1, 2, 3, 4, 5, 6, 7, 8, 10, 11, 12], 119/1600, 41611/44800, 97/98, 17⟩,
    ⟨[7], [0, 1, 2, 3, 4, 5, 6, 7, 8, 10, 11, 13], 1481/1600, 1/98, 9567/145600, 19⟩,
    ⟨[7], [0, 1, 2, 3, 4, 5, 6, 7, 8, 10, 11, 14], 1481/1600, 1/98, 9567/156800, 20⟩,
    ⟨[7], [0, 1, 2, 3, 4, 5, 6, 7, 8, 10, 12, 13], 1481/1600, 1/98, 9567/145600, 19⟩,
    ⟨[7], [0, 1, 2, 3, 4, 5, 6, 7, 8, 10, 12, 14], 119/1600, 35233/78400, 78433/156800, 20⟩,
    ⟨[7], [0, 1, 2, 3, 4, 5, 6, 7, 8, 10, 13, 14], 1481/1600, 1/98, 9567/156800, 20⟩,
    ⟨[7], [0, 1, 2, 3, 4, 5, 6, 7, 8, 11, 12, 13], 1481/1600, 1/98, 9567/145600, 19⟩,
    ⟨[7], [0, 1, 2, 3, 4, 5, 6, 7, 8, 11, 12, 14], 1481/1600, 1/98, 9567/156800, 20⟩,
    ⟨[7], [0, 1, 2, 3, 4, 5, 6, 7, 8, 11, 13, 14], 1481/1600, 1/98, 9567/156800, 20⟩,
    ⟨[7], [0, 1, 2, 3, 4, 5, 6, 7, 8, 12, 13, 14], 1481/1600, 1/98, 9567/156800, 20⟩,
    ⟨[7], [0, 1, 2, 3, 4, 5, 6, 7, 9, 10, 11, 12], 119/1600, 41611/44800, 97/98, 17⟩,
    ⟨[7], [0, 1, 2, 3, 4, 5, 6, 7, 9, 10, 11, 13], 1481/1600, 1/98, 9567/145600, 19⟩,
    ⟨[7], [0, 1, 2, 3, 4, 5, 6, 7, 9, 10, 11, 14], 1481/1600, 1/98, 9567/156800, 20⟩,
    ⟨[7], [0, 1, 2, 3, 4, 5, 6, 7, 9, 10, 12, 13], 1481/1600, 1/98, 9567/145600, 19⟩,
    ⟨[7], [0, 1, 2, 3, 4, 5, 6, 7, 9, 10, 12, 14], 1481/1600, 1/98, 9567/156800, 20⟩,
    ⟨[7], [0, 1, 2, 3, 4, 5, 6, 7, 9, 10, 13, 14], 1481/1600, 1/98, 9567/156800, 20⟩,
    ⟨[7], [0, 1, 2, 3, 4, 5, 6, 7, 9, 11, 12, 13], 1481/1600, 1/98, 9567/145600, 19⟩,
    ⟨[7], [0, 1, 2, 3, 4, 5, 6, 7, 9, 11, 12, 14], 1481/1600, 1/98, 9567/156800, 20⟩,
    ⟨[7], [0, 1, 2, 3, 4, 5, 6, 7, 9, 11, 13, 14], 1481/1600, 1/98, 9567/156800, 20⟩,
    ⟨[7], [0, 1, 2, 3, 4, 5, 6, 7, 9, 12, 13, 14], 1481/1600, 1/98, 9567/156800, 20⟩,
    ⟨[7], [0, 1, 2, 3, 4, 5, 6, 7, 10, 11, 12, 13], 1481/1600, 1/98, 9567/145600, 19⟩,
    ⟨[7], [0, 1, 2, 3, 4, 5, 6, 7, 10, 11, 12, 14], 1481/1600, 1/98, 9567/156800, 20⟩,
    ⟨[7], [0, 1, 2, 3, 4, 5, 6, 7, 10, 11, 13, 14], 1481/1600, 1/98, 9567/156800, 20⟩,
    ⟨[7], [0, 1, 2, 3, 4, 5, 6, 7, 10, 12, 13, 14], 1481/1600, 1/98, 9567/156800, 20⟩,
    ⟨[7], [0, 1, 2, 3, 4, 5, 6, 7, 11, 12, 13, 14], 1481/1600, 1/98, 9567/156800, 20⟩,
    ⟨[7], [0, 1, 2, 3, 4, 5, 6, 8, 9, 10, 11, 12], 119/1600, 41611/44800, 97/98, 17⟩,
    ⟨[7], [0, 1, 2, 3, 4, 5, 6, 8, 9, 10, 11, 13], 1481/1600, 1/98, 9567/145600, 19⟩,
    ⟨[7], [0, 1, 2, 3, 4, 5, 6, 8, 9, 10, 11, 14], 1481/1600, 1/98, 9567/156800, 20⟩,
    ⟨[7], [0, 1, 2, 3, 4, 5, 6, 8, 9, 10, 12, 13], 1481/1600, 1/98, 9567/145600, 19⟩,
    ⟨[7], [0, 1, 2, 3, 4, 5, 6, 8, 9, 10, 12, 14], 1481/1600, 1/98, 9567/156800, 20⟩,
    ⟨[7], [0, 1, 2, 3, 4, 5, 6, 8, 9, 10, 13, 14], 1481/1600, 1/98, 9567/156800, 20⟩,
    ⟨[7], [0, 1, 2, 3, 4, 5, 6, 8, 9, 11, 12, 13], 1481/1600, 1/98, 9567/145600, 19⟩,
    ⟨[7], [0, 1, 2, 3, 4, 5, 6, 8, 9, 11, 12, 14], 1481/1600, 1/98, 9567/156800, 20⟩,
    ⟨[7], [0, 1, 2, 3, 4, 5, 6, 8, 9, 11, 13, 14], 1481/1600, 1/98, 9567/156800, 20⟩,
    ⟨[7], [0, 1, 2, 3, 4, 5, 6, 8, 9, 12, 13, 14], 1481/1600, 1/98, 9567/156800, 20⟩,
    ⟨[7], [0, 1, 2, 3, 4, 5, 6, 8, 10, 11, 12, 13], 1481/1600, 1/98, 9567/145600, 19⟩,
    ⟨[7], [0, 1, 2, 3, 4, 5, 6, 8, 10, 11, 12, 14], 1481/1600, 1/98, 9567/156800, 20⟩,
    ⟨[7], [0, 1, 2, 3, 4, 5, 6, 8, 10, 11, 13, 14], 1481/1600, 1/98, 9567/156800, 20⟩,
    ⟨[7], [0, 1, 2, 3, 4, 5, 6, 8, 10, 12, 13, 14], 1481/1600, 1/98, 9567/156800, 20⟩,
    ⟨[7], [0, 1, 2, 3, 4, 5, 6, 8, 11, 12, 13, 14], 1481/1600, 1/98, 9567/156800, 20⟩,
    ⟨[7], [0, 1, 2, 3, 4, 5, 6, 9, 10, 11, 12, 13], 1481/1600, 1/98, 9567/145600, 19⟩,
    ⟨[7], [0, 1, 2, 3, 4, 5, 6, 9, 10, 11, 12, 14], 1481/1600, 1/98, 9567/156800, 20⟩,
    ⟨[7], [0, 1, 2, 3, 4, 5, 6, 9, 10, 11, 13, 14], 1481/1600, 1/98, 9567/156800, 20⟩,
    ⟨[7], [0, 1, 2, 3, 4, 5, 6, 9, 10, 12, 13, 14], 1481/1600, 1/98, 9567/156800, 20⟩,
    ⟨[7], [0, 1, 2, 3, 4, 5, 6, 9, 11, 12, 13, 14], 1481/1600, 1/98, 9567/156800, 20⟩,
    ⟨[7], [0, 1, 2, 3, 4, 5, 6, 10, 11, 12, 13, 14], 1481/1600, 1/98, 9567/156800, 20⟩,
    ⟨[7], [0, 1, 2, 3, 4, 5, 7, 8, 9, 10, 11, 12], 119/1600, 41611/44800, 97/98, 17⟩,
    ⟨[7], [0, 1, 2, 3, 4, 5, 7, 8, 9, 10, 11, 13], 1481/1600, 1/98, 9567/145600, 19⟩,
    ⟨[7], [0, 1, 2, 3, 4, 5, 7, 8, 9, 10, 11, 14], 1481/1600, 1/98, 9567/156800, 20⟩,
    ⟨[7], [0, 1, 2, 3, 4, 5, 7, 8, 9, 10, 12, 13], 1481/1600, 1/98, 9567/145600, 19⟩,
    ⟨[7], [0, 1, 2, 3, 4, 5, 7, 8, 9, 10, 12, 14], 1481/1600, 1/98, 9567/156800, 20⟩,
    ⟨[7], [0, 1, 2, 3, 4, 5, 7, 8, 9, 10, 13, 14], 1481/1600, 1/98, 9567/156800, 20⟩,
    ⟨[7], [0, 1, 2, 3, 4, 5, 7, 8, 9, 11, 12, 13], 1481/1600, 1/98, 9567/145600, 19⟩,
    ⟨[7], [0, 1, 2, 3, 4, 5, 7, 8, 9, 11, 12, 14], 1481/1600, 1/98, 9567/156800, 20⟩,
    ⟨[7], [0, 1, 2, 3, 4, 5, 7, 8, 9, 11, 13, 14], 1481/1600, 1/98, 9567/156800, 20⟩,
    ⟨[7], [0, 1, 2, 3, 4, 5, 7, 8, 9, 12, 13, 14], 1481/1600, 1/98, 9567/156800, 20⟩,
    ⟨[7], [0, 1, 2, 3, 4, 5, 7, 8, 10, 11, 12, 13], 1481/1600, 1/98, 9567/145600, 19⟩,
    ⟨[7], [0, 1, 2, 3, 4, 5, 7, 8, 10, 11, 12, 14], 1481/1600, 1/98, 9567/156800, 20⟩,
    ⟨[7], [0, 1, 2, 3, 4, 5, 7, 8, 10, 11, 13, 14], 1481/1600, 1/98, 9567/156800, 20⟩,
    ⟨[7], [0, 1, 2, 3, 4, 5, 7, 8, 10, 12, 13, 14], 1481/1600, 1/98, 9567/156800, 20⟩,
    ⟨[7], [0, 1, 2, 3, 4, 5, 7, 8, 11, 12, 13, 14], 1481/1600, 1/98, 9567/156800, 20⟩,
    ⟨[7], [0, 1, 2, 3, 4, 5, 7, 9, 10, 11, 12, 13], 1481/1600, 1/98, 9567/145600, 19⟩,
    ⟨[7], [0, 1, 2, 3, 4, 5, 7, 9, 10, 11, 12, 14], 1481/1600, 1/98, 9567/156800, 20⟩,
    ⟨[7], [0, 1, 2, 3, 4, 5, 7, 9, 10, 11, 13, 14], 1481/1600, 1/98, 9567/156800, 20⟩,
    ⟨[7], [0, 1, 2, 3, 4, 5, 7, 9, 10, 12, 13, 14], 1481/1600, 1/98, 9567/156800, 20⟩,
    ⟨[7], [0, 1, 2, 3, 4, 5, 7, 9, 11, 12, 13, 14], 1481/1600, 1/98, 9567/156800, 20⟩,
    ⟨[7], [0, 1, 2, 3, 4, 5, 7, 10, 11, 12, 13, 14], 1481/1600, 1/98, 9567/156800, 20⟩,
    ⟨[7], [0, 1, 2, 3, 4, 5, 8, 9, 10, 11, 12, 13], 1481/1600, 1/98, 9567/145600, 19⟩,
    ⟨[7], [0, 1, 2, 3, 4, 5, 8, 9, 10, 11, 12, 14], 1481/1600, 1/98, 9567/156800, 20⟩,
    ⟨[7], [0, 1, 2, 3, 4, 5, 8, 9, 10, 11, 13, 14], 1481/1600, 1/98, 9567/156800, 20⟩,
    ⟨[7], [0, 1, 2, 3, 4, 5, 8, 9, 10, 12, 13, 14], 1481/1600, 1/98, 9567/156800, 20⟩,
    ⟨[7], [0, 1, 2, 3, 4, 5, 8, 9, 11, 12, 13, 14], 1481/1600, 1/98, 9567/156800, 20⟩,
    ⟨[7], [0, 1, 2, 3, 4, 5, 8, 10, 11, 12, 13, 14], 1481/1600, 1/98, 9567/156800, 20⟩,
    ⟨[7], [0, 1, 2, 3, 4, 5, 9, 10, 11, 12, 13, 14], 1481/1600, 1/98, 9567/156800, 20⟩,
    ⟨[7], [0, 1, 2, 3, 4, 6, 7, 8, 9, 10, 11, 12], 119/1600, 41611/44800, 97/98, 17⟩,
    ⟨[7], [0, 1, 2, 3, 4, 6, 7, 8, 9, 10, 11, 13], 1481/1600, 1/98, 9567/145600, 19⟩,
    ⟨[7], [0, 1, 2, 3, 4, 6, 7, 8, 9, 10, 11, 14], 1481/1600, 1/98, 9567/156800, 20⟩,
    ⟨[7], [0, 1, 2, 3, 4, 6, 7, 8, 9, 10, 12, 13], 1481/1600, 1/98, 9567/145600, 19⟩,
    ⟨[7], [0, 1, 2, 3, 4, 6, 7, 8, 9, 10, 12, 14], 1481/1600, 1/98, 9567/156800, 20⟩,
    ⟨[7], [0, 1, 2, 3, 4, 6, 7, 8, 9, 10, 13, 14], 1481/1600, 1/98, 9567/156800, 20⟩,
    ⟨[7], [0, 1, 2, 3, 4, 6, 7, 8, 9, 11, 12, 13], 1481/1600, 1/98, 9567/145600, 19⟩,
    ⟨[7], [0, 1, 2, 3, 4, 6, 7, 8, 9, 11, 12, 14], 1481/1600, 1/98, 9567/156800, 20⟩,
    ⟨[7], [0, 1, 2, 3, 4, 6, 7, 8, 9, 11, 13, 14], 1481/1600, 1/98, 9567/156800, 20⟩,
    ⟨[7], [0, 1, 2, 3, 4, 6, 7, 8, 9, 12, 13, 14], 1481/1600, 1/98, 9567/156800, 20⟩,
    ⟨[7], [0, 1, 2, 3, 4, 6, 7, 8, 10, 11, 12, 13], 1481/1600, 1/98, 9567/145600, 19⟩,
    ⟨[7], [0, 1, 2, 3, 4, 6, 7, 8, 10, 11, 12, 14], 1481/1600, 1/98, 9567/156800, 20⟩,
    ⟨[7], [0, 1, 2, 3, 4, 6, 7, 8, 10, 11, 13, 14], 1481/1600, 1/98, 9567/156800, 20⟩,
    ⟨[7], [0, 1, 2, 3, 4, 6, 7, 8, 10, 12, 13, 14], 1481/1600, 1/98, 9567/156800, 20⟩,
    ⟨[7], [0, 1, 2, 3, 4, 6, 7, 8, 11, 12, 13, 14], 1481/1600, 1/98, 9567/156800, 20⟩,
    ⟨[7], [0, 1, 2, 3, 4, 6, 7, 9, 10, 11, 12, 13], 1481/1600, 1/98, 9567/145600, 19⟩,
    ⟨[7], [0, 1, 2, 3, 4, 6, 7, 9, 10, 11, 12, 14], 1481/1600, 1/98, 9567/156800, 20⟩,
    ⟨[7], [0, 1, 2, 3, 4, 6, 7, 9, 10, 11, 13, 14], 1481/1600, 1/98, 9567/156800, 20⟩,
    ⟨[7], [0, 1, 2, 3, 4, 6, 7, 9, 10, 12, 13, 14], 1481/1600, 1/98, 9567/156800, 20⟩,
    ⟨[7], [0, 1, 2, 3, 4, 6, 7, 9, 11, 12, 13, 14], 1481/1600, 1/98, 9567/156800, 20⟩,
    ⟨[7], [0, 1, 2, 3, 4, 6, 7, 10, 11, 12, 13, 14], 1481/1600, 1/98, 9567/156800, 20⟩,
    ⟨[7], [0, 1, 2, 3, 4, 6, 8, 9, 10, 11, 12, 13], 1481/1600, 1/98, 9567/145600, 19⟩,
    ⟨[7], [0, 1, 2, 3, 4, 6, 8, 9, 10, 11, 12, 14], 1481/1600, 1/98, 9567/156800, 20⟩,
    ⟨[7], [0, 1, 2, 3, 4, 6, 8, 9, 10, 11, 13, 14], 1481/1600, 1/98, 9567/156800, 20⟩,
    ⟨[7], [0, 1, 2, 3, 4, 6, 8, 9, 10, 12, 13, 14], 1481/1600, 1/98, 9567/156800, 20⟩,
    ⟨[7], [0, 1, 2, 3, 4, 6, 8, 9, 11, 12, 13, 14], 1481/1600, 1/98, 9567/156800, 20⟩,
    ⟨[7], [0, 1, 2, 3, 4, 6, 8, 10, 11, 12, 13, 14], 1481/1600, 1/98, 9567/156800, 20⟩,
    ⟨[7], [0, 1, 2, 3, 4, 6, 9, 10, 11, 12, 13, 14], 1481/1600, 1/98, 9567/156800, 20⟩,
    ⟨[7], [0, 1, 2, 3, 4, 7, 8, 9, 10, 11, 12, 13], 1481/1600, 1/98, 9567/145600, 19⟩,
    ⟨[7], [0, 1, 2, 3, 4, 7, 8, 9, 10, 11, 12, 14], 1481/1600, 1/98, 9567/156800, 20⟩,
    ⟨[7], [0, 1, 2, 3, 4, 7, 8, 9, 10, 11, 13, 14], 1481/1600, 1/98, 9567/156800, 20⟩,
    ⟨[7], [0, 1, 2, 3, 4, 7, 8, 9, 10, 12, 13, 14], 1481/1600, 1/98, 9567/156800, 20⟩,
    ⟨[7], [0, 1, 2, 3, 4, 7, 8, 9, 11, 12, 13, 14], 1481/1600, 1/98, 9567/156800, 20⟩,
    ⟨[7], [0, 1, 2, 3, 4, 7, 8, 10, 11, 12, 13, 14], 1481/1600, 1/98, 9567/156800, 20⟩,
    ⟨[7], [0, 1, 2, 3, 4, 7, 9, 10, 11, 12, 13, 14], 1481/1600, 1/98, 9567/156800, 20⟩,
    ⟨[7], [0, 1, 2, 3, 4, 8, 9, 10, 11, 12, 13, 14], 1481/1600, 1/98, 9567/156800, 20⟩,
    ⟨[7], [0, 1, 2, 3, 5, 6, 7, 8, 9, 10, 11, 12], 119/1600, 41611/44800, 97/98, 17⟩,
    ⟨[7], [0, 1, 2, 3, 5, 6, 7, 8, 9, 10, 11, 13], 1481/1600, 1/98, 9567/145600, 19⟩,
    ⟨[7], [0, 1, 2, 3, 5, 6, 7, 8, 9, 10, 11, 14], 1481/1600, 1/98, 9567/156800, 20⟩,
    ⟨[7], [0, 1, 2, 3, 5, 6, 7, 8, 9, 10, 12, 13], 1481/1600, 1/98, 9567/145600, 19⟩,
    ⟨[7], [0, 1, 2, 3, 5, 6, 7, 8, 9, 10, 12, 14], 1481/1600, 1/98, 9567/156800, 20⟩,
    ⟨[7], [0, 1, 2, 3, 5, 6, 7, 8, 9, 10, 13, 14], 1481/1600, 1/98, 9567/156800, 20⟩,
    ⟨[7], [0, 1, 2, 3, 5, 6, 7, 8, 9, 11, 12, 13], 1481/1600, 1/98, 9567/145600, 19⟩,
    ⟨[7], [0, 1, 2, 3, 5, 6, 7, 8, 9, 11, 12, 14], 1481/1600, 1/98, 9567/156800, 20⟩,
    ⟨[7], [0, 1, 2, 3, 5, 6, 7, 8, 9, 11, 13, 14], 1481/1600, 1/98, 9567/156800, 20⟩,
    ⟨[7], [0, 1, 2, 3, 5, 6, 7, 8, 9, 12, 13, 14], 1481/1600, 1/98, 9567/156800, 20⟩,
    ⟨[7], [0, 1, 2, 3, 5, 6, 7, 8, 10, 11, 12, 13], 1481/1600, 1/98, 9567/145600, 19⟩,
    ⟨[7], [0, 1, 2, 3, 5, 6, 7, 8, 10, 11, 12, 14], 1481/1600, 1/98, 9567/156800, 20⟩,
    ⟨[7], [0, 1, 2, 3, 5, 6, 7, 8, 10, 11, 13, 14], 1481/1600, 1/98, 9567/156800, 20⟩,
    ⟨[7], [0, 1, 2, 3, 5, 6, 7, 8, 10, 12, 13, 14], 1481/1600, 1/98, 9567/156800, 20⟩,
    ⟨[7], [0, 1, 2, 3, 5, 6, 7, 8, 11, 12, 13, 14], 1481/1600, 1/98, 9567/156800, 20⟩,
    ⟨[7], [0, 1, 2, 3, 5, 6, 7, 9, 10, 11, 12, 13], 1481/1600, 1/98, 9567/145600, 19⟩,
    ⟨[7], [0, 1, 2, 3, 5, 6, 7, 9, 10, 11, 12, 14], 1481/1600, 1/98, 9567/156800, 20⟩,
    ⟨[7], [0, 1, 2, 3, 5, 6, 7, 9, 10, 11, 13, 14], 1481/1600, 1/98, 9567/156800, 20⟩,
    ⟨[7], [0, 1, 2, 3, 5, 6, 7, 9, 10, 12, 13, 14], 1481/1600, 1/98, 9567/156800, 20⟩,
    ⟨[7], [0, 1, 2, 3, 5, 6, 7, 9, 11, 12, 13, 14], 1481/1600, 1/98, 9567/156800, 20⟩,
    ⟨[7], [0, 1, 2, 3, 5, 6, 7, 10, 11, 12, 13, 14], 1481/1600, 1/98, 9567/156800, 20⟩,
    ⟨[7], [0, 1, 2, 3, 5, 6, 8, 9, 10, 11, 12, 13], 1481/1600, 1/98, 9567/145600, 19⟩,
    ⟨[7], [0, 1, 2, 3, 5, 6, 8, 9, 10, 11, 12, 14], 1481/1600, 1/98, 9567/156800, 20⟩,
    ⟨[7], [0, 1, 2, 3, 5, 6, 8, 9, 10, 11, 13, 14], 1481/1600, 1/98, 9567/156800, 20⟩,
    ⟨[7], [0, 1, 2, 3, 5, 6, 8, 9, 10, 12, 13, 14], 1481/1600, 1/98, 9567/156800, 20⟩,
    ⟨[7], [0, 1, 2, 3, 5, 6, 8, 9, 11, 12, 13, 14], 1481/1600, 1/98, 9567/156800, 20⟩,
    ⟨[7], [0, 1, 2, 3, 5, 6, 8, 10, 11, 12, 13, 14], 1481/1600, 1/98, 9567/156800, 20⟩,
    ⟨[7], [0, 1, 2, 3, 5, 6, 9, 10, 11, 12, 13, 14], 1481/1600, 1/98, 9567/156800, 20⟩,
    ⟨[7], [0, 1, 2, 3, 5, 7, 8, 9, 10, 11, 12, 13], 1481/1600, 1/98, 9567/145600, 19⟩,
    ⟨[7], [0, 1, 2, 3, 5, 7, 8, 9, 10, 11, 12, 14], 1481/1600, 1/98, 9567/156800, 20⟩,
    ⟨[7], [0, 1, 2, 3, 5, 7, 8, 9, 10, 11, 13, 14], 1481/1600, 1/98, 9567/156800, 20⟩,
    ⟨[7], [0, 1, 2, 3, 5, 7, 8, 9, 10, 12, 13, 14], 1481/1600, 1/98, 9567/156800, 20⟩,
    ⟨[7], [0, 1, 2, 3, 5, 7, 8, 9, 11, 12, 13, 14], 1481/1600, 1/98, 9567/156800, 20⟩,
    ⟨[7], [0, 1, 2, 3, 5, 7, 8, 10, 11, 12, 13, 14], 1481/1600, 1/98, 9567/156800, 20⟩,
    ⟨[7], [0, 1, 2, 3, 5, 7, 9, 10, 11, 12, 13, 14], 1481/1600, 1/98, 9567/156800, 20⟩,
    ⟨[7], [0, 1, 2, 3, 5, 8, 9, 10, 11, 12, 13, 14], 1481/1600, 1/98, 9567/156800, 20⟩,
    ⟨[7], [0, 1, 2, 3, 6, 7, 8, 9, 10, 11, 12, 13], 1481/1600, 1/98, 9567/145600, 19⟩,
    ⟨[7], [0, 1, 2, 3, 6, 7, 8, 9, 10, 11, 12, 14], 1481/1600, 1/98, 9567/156800, 20⟩,
    ⟨[7], [0, 1, 2, 3, 6, 7, 8, 9, 10, 11, 13, 14], 1481/1600, 1/98, 9567/156800, 20⟩,
    ⟨[7], [0, 1, 2, 3, 6, 7, 8, 9, 10, 12, 13, 14], 1481/1600, 1/98, 9567/156800, 20⟩,
    ⟨[7], [0, 1, 2, 3, 6, 7, 8, 9, 11, 12, 13, 14], 1481/1600, 1/98, 9567/156800, 20⟩,
    ⟨[7], [0, 1, 2, 3, 6, 7, 8, 10, 11, 12, 13, 14], 1481/1600, 1/98, 9567/156800, 20⟩,
    ⟨[7], [0, 1, 2, 3, 6, 7, 9, 10, 11, 12, 13, 14], 1481/1600, 1/98, 9567/156800, 20⟩,
    ⟨[7], [0, 1, 2, 3, 6, 8, 9, 10, 11, 12, 13, 14], 1481/1600, 1/98, 9567/156800, 20⟩,
    ⟨[7], [0, 1, 2, 3, 7, 8, 9, 10, 11, 12, 13, 14], 1481/1600, 1/98, 9567/156800, 20⟩,
    ⟨[7], [0, 1, 2, 4, 5, 6, 7, 8, 9, 10, 11, 12], 119/1600, 41611/44800, 97/98, 17⟩,
    ⟨[7], [0, 1, 2, 4, 5, 6, 7, 8, 9, 10, 11, 13], 1481/1600, 1/98, 9567/145600, 19⟩,
    ⟨[7], [0, 1, 2, 4, 5, 6, 7, 8, 9, 10, 11, 14], 1481/1600, 1/98, 9567/156800, 20⟩,
    ⟨[7], [0, 1, 2, 4, 5, 6, 7, 8, 9, 10, 12, 13], 1481/1600, 1/98, 9567/145600, 19⟩,
    ⟨[7], [0, 1, 2, 4, 5, 6, 7, 8, 9, 10, 12, 14], 1481/1600, 1/98, 9567/156800, 20⟩,
    ⟨[7], [0, 1, 2, 4, 5, 6, 7, 8, 9, 10, 13, 14], 1481/1600, 1/98, 9567/156800, 20⟩,
    ⟨[7], [0, 1, 2, 4, 5, 6, 7, 8, 9, 11, 12, 13], 1481/1600, 1/98, 9567/145600, 19⟩,
    ⟨[7], [0, 1, 2, 4, 5, 6, 7, 8, 9, 11, 12, 14], 1481/1600, 1/98, 9567/156800, 20⟩,
    ⟨[7], [0, 1, 2, 4, 5, 6, 7, 8, 9, 11, 13, 14], 1481/1600, 1/98, 9567/156800, 20⟩,
    ⟨[7], [0, 1, 2, 4, 5, 6, 7, 8, 9, 12, 13, 14], 1481/1600, 1/98, 9567/156800, 20⟩,
    ⟨[7], [0, 1, 2, 4, 5, 6, 7, 8, 10, 11, 12, 13], 1481/1600, 1/98, 9567/145600, 19⟩,
    ⟨[7], [0, 1, 2, 4, 5, 6, 7, 8, 10, 11, 12, 14], 1481/1600, 1/98, 9567/156800, 20⟩,
    ⟨[7], [0, 1, 2, 4, 5, 6, 7, 8, 10, 11, 13, 14], 1481/1600, 1/98, 9567/156800, 20⟩,
    ⟨[7], [0, 1, 2, 4, 5, 6, 7, 8, 10, 12, 13, 14], 1481/1600, 1/98, 9567/156800, 20⟩,
    ⟨[7], [0, 1, 2, 4, 5, 6, 7, 8, 11, 12, 13, 14], 1481/1600, 1/98, 9567/156800, 20⟩,
    ⟨[7], [0, 1, 2, 4, 5, 6, 7, 9, 10, 11, 12, 13], 1481/1600, 1/98, 9567/145600, 19⟩,
    ⟨[7], [0, 1, 2, 4, 5, 6, 7, 9, 10, 11, 12, 14], 1481/1600, 1/98, 9567/156800, 20⟩,
    ⟨[7], [0, 1, 2, 4, 5, 6, 7, 9, 10, 11, 13, 14], 1481/1600, 1/98, 9567/156800, 20⟩,
    ⟨[7], [0, 1, 2, 4, 5, 6, 7, 9, 10, 12, 13, 14], 1481/1600, 1/98, 9567/156800, 20⟩,
    ⟨[7], [0, 1, 2, 4, 5, 6, 7, 9, 11, 12, 13, 14], 1481/1600, 1/98, 9567/156800, 20⟩,
    ⟨[7], [0, 1, 2, 4, 5, 6, 7, 10, 11, 12, 13, 14], 1481/1600, 1/98, 9567/156800, 20⟩,
    ⟨[7], [0, 1, 2, 4, 5, 6, 8, 9, 10, 11, 12, 13], 1481/1600, 1/98, 9567/145600, 19⟩,
    ⟨[7], [0, 1, 2, 4, 5, 6, 8, 9, 10, 11, 12, 14], 1481/1600, 1/98, 9567/156800, 20⟩,
    ⟨[7], [0, 1, 2, 4, 5, 6, 8, 9, 10, 11, 13, 14], 1481/1600, 1/98, 9567/156800, 20⟩,
    ⟨[7], [0, 1, 2, 4, 5, 6, 8, 9, 10, 12, 13, 14], 1481/1600, 1/98, 9567/156800, 20⟩,
    ⟨[7], [0, 1, 2, 4, 5, 6, 8, 9, 11, 12, 13, 14], 1481/1600, 1/98, 9567/156800, 20⟩,
    ⟨[7], [0, 1, 2, 4, 5, 6, 8, 10, 11, 12, 13, 14], 1481/1600, 1/98, 9567/156800, 20⟩,
    ⟨[7], [0, 1, 2, 4, 5, 6, 9, 10, 11, 12, 13, 14], 1481/1600, 1/98, 9567/156800, 20⟩,
    ⟨[7], [0, 1, 2, 4, 5, 7, 8, 9, 10, 11, 12, 13], 1481/1600, 1/98, 9567/145600, 19⟩,
    ⟨[7], [0, 1, 2, 4, 5, 7, 8, 9, 10, 11, 12, 14], 1481/1600, 1/98, 9567/156800, 20⟩,
    ⟨[7], [0, 1, 2, 4, 5, 7, 8, 9, 10, 11, 13, 14], 1481/1600, 1/98, 9567/156800, 20⟩,
    ⟨[7], [0, 1, 2, 4, 5, 7, 8, 9, 10, 12, 13, 14], 1481/1600, 1/98, 9567/156800, 20⟩,
    ⟨[7], [0, 1, 2, 4, 5, 7, 8, 9, 11, 12, 13, 14], 1481/1600, 1/98, 9567/156800, 20⟩,
    ⟨[7], [0, 1, 2, 4, 5, 7, 8, 10, 11, 12, 13, 14], 1481/1600, 1/98, 9567/156800, 20⟩,
    ⟨[7], [0, 1, 2, 4, 5, 7, 9, 10, 11, 12, 13, 14], 1481/1600, 1/98, 9567/156800, 20⟩,
    ⟨[7], [0, 1, 2, 4, 5, 8, 9, 10, 11, 12, 13, 14], 1481/1600, 1/98, 9567/156800, 20⟩,
    ⟨[7], [0, 1, 2, 4, 6, 7, 8, 9, 10, 11, 12, 13], 1481/1600, 1/98, 9567/145600, 19⟩,
    ⟨[7], [0, 1, 2, 4, 6, 7, 8, 9, 10, 11, 12, 14], 1481/1600, 1/98, 9567/156800, 20⟩,
    ⟨[7], [0, 1, 2, 4, 6, 7, 8, 9, 10, 11, 13, 14], 1481/1600, 1/98, 9567/156800, 20⟩,
    ⟨[7], [0, 1, 2, 4, 6, 7, 8, 9, 10, 12, 13, 14], 1481/1600, 1/98, 9567/156800, 20⟩,
    ⟨[7], [0, 1, 2, 4, 6, 7, 8, 9, 11, 12, 13, 14], 1481/1600, 1/98, 9567/156800, 20⟩,
    ⟨[7], [0, 1, 2, 4, 6, 7, 8, 10, 11, 12, 13, 14], 1481/1600, 1/98, 9567/156800, 20⟩,
    ⟨[7], [0, 1, 2, 4, 6, 7, 9, 10, 11, 12, 13, 14], 1481/1600, 1/98, 9567/156800, 20⟩,
    ⟨[7], [0, 1, 2, 4, 6, 8, 9, 10, 11, 12, 13, 14], 1481/1600, 1/98, 9567/156800, 20⟩,
    ⟨[7], [0, 1, 2, 4, 7, 8, 9, 10, 11, 12, 13, 14], 1481/1600, 1/98, 9567/156800, 20⟩,
    ⟨[7], [0, 1, 2, 5, 6, 7, 8, 9, 10, 11, 12, 13], 1481/1600, 1/98, 9567/145600, 19⟩,
    ⟨[7], [0, 1, 2, 5, 6, 7, 8, 9, 10, 11, 12, 14], 1481/1600, 1/98, 9567/156800, 20⟩,
    ⟨[7], [0, 1, 2, 5, 6, 7, 8, 9, 10, 11, 13, 14], 1481/1600, 1/98, 9567/156800, 20⟩,
    ⟨[7], [0, 1, 2, 5, 6, 7, 8, 9, 10, 12, 13, 14], 1481/1600, 1/98, 9567/156800, 20⟩,
    ⟨[7], [0, 1, 2, 5, 6, 7, 8, 9, 11, 12, 13, 14], 1481/1600, 1/98, 9567/156800, 20⟩,
    ⟨[7], [0, 1, 2, 5, 6, 7, 8, 10, 11, 12, 13, 14], 1481/1600, 1/98, 9567/156800, 20⟩,
    ⟨[7], [0, 1, 2, 5, 6, 7, 9, 10, 11, 12, 13, 14], 1481/1600, 1/98, 9567/156800, 20⟩,
    ⟨[7], [0, 1, 2, 5, 6, 8, 9, 10, 11, 12, 13, 14], 1481/1600, 1/98, 9567/156800, 20⟩,
    ⟨[7], [0, 1, 2, 5, 7, 8, 9, 10, 11, 12, 13, 14], 1481/1600, 1/98, 9567/156800, 20⟩,
    ⟨[7], [0, 1, 2, 6, 7, 8, 9, 10, 11, 12, 13, 14], 1481/1600, 1/98, 9567/156800, 20⟩,
    ⟨[7], [0, 1, 3, 4, 5, 6, 7, 8, 9, 10, 11, 12], 119/1600, 41611/44800, 97/98, 17⟩,
    ⟨[7], [0, 1, 3, 4, 5, 6, 7, 8, 9, 10, 11, 13], 1481/1600, 1/98, 9567/145600, 19⟩,
    ⟨[7], [0, 1, 3, 4, 5, 6, 7, 8, 9, 10, 11, 14], 1481/1600, 1/98, 9567/156800, 20⟩,
    ⟨[7], [0, 1, 3, 4, 5, 6, 7, 8, 9, 10, 12, 13], 1481/1600, 1/98, 9567/145600, 19⟩,
    ⟨[7], [0, 1, 3, 4, 5, 6, 7, 8, 9, 10, 12, 14], 1481/1600, 1/98, 9567/156800, 20⟩,
    ⟨[7], [0, 1, 3, 4, 5, 6, 7, 8, 9, 10, 13, 14], 1481/1600, 1/98, 9567/156800, 20⟩,
    ⟨[7], [0, 1, 3, 4, 5, 6, 7, 8, 9, 11, 12, 13], 1481/1600, 1/98, 9567/145600, 19⟩,
    ⟨[7], [0, 1, 3, 4, 5, 6, 7, 8, 9, 11, 12, 14], 1481/1600, 1/98, 9567/156800, 20⟩,
    ⟨[7], [0, 1, 3, 4, 5, 6, 7, 8, 9, 11, 13, 14], 1481/1600, 1/98, 9567/156800, 20⟩,
    ⟨[7], [0, 1, 3, 4, 5, 6, 7, 8, 9, 12, 13, 14], 1481/1600, 1/98, 9567/156800, 20⟩,
    ⟨[7], [0, 1, 3, 4, 5, 6, 7, 8, 10, 11, 12, 13], 1481/1600, 1/98, 9567/145600, 19⟩,
    ⟨[7], [0, 1, 3, 4, 5, 6, 7, 8, 10, 11, 12, 14], 1481/1600, 1/98, 9567/156800, 20⟩,
    ⟨[7], [0, 1, 3, 4, 5, 6, 7, 8, 10, 11, 13, 14], 1481/1600, 1/98, 9567/156800, 20⟩,
    ⟨[7], [0, 1, 3, 4, 5, 6, 7, 8, 10, 12, 13, 14], 1481/1600, 1/98, 9567/156800, 20⟩,
    ⟨[7], [0, 1, 3, 4, 5, 6, 7, 8, 11, 12, 13, 14], 1481/1600, 1/98, 9567/156800, 20⟩,
    ⟨[7], [0, 1, 3, 4, 5, 6, 7, 9, 10, 11, 12, 13], 1481/1600, 1/98, 9567/145600, 19⟩,
    ⟨[7], [0, 1, 3, 4, 5, 6, 7, 9, 10, 11, 12, 14], 1481/1600, 1/98, 9567/156800, 20⟩,
    ⟨[7], [0, 1, 3, 4, 5, 6, 7, 9, 10, 11, 13, 14], 1481/1600, 1/98, 9567/156800, 20⟩,
    ⟨[7], [0, 1, 3, 4, 5, 6, 7, 9, 10, 12, 13, 14], 1481/1600, 1/98, 9567/156800, 20⟩,
    ⟨[7], [0, 1, 3, 4, 5, 6, 7, 9, 11, 12, 13, 14], 1481/1600, 1/98, 9567/156800, 20⟩,
    ⟨[7], [0, 1, 3, 4, 5, 6, 7, 10, 11, 12, 13, 14], 1481/1600, 1/98, 9567/156800, 20⟩,
    ⟨[7], [0, 1, 3, 4, 5, 6, 8, 9, 10, 11, 12, 13], 1481/1600, 1/98, 9567/145600, 19⟩,
    ⟨[7], [0, 1, 3, 4, 5, 6, 8, 9, 10, 11, 12, 14], 1481/1600, 1/98, 9567/156800, 20⟩,
    ⟨[7], [0, 1, 3, 4, 5, 6, 8, 9, 10, 11, 13, 14], 1481/1600, 1/98, 9567/156800, 20⟩,
    ⟨[7], [0, 1, 3, 4, 5, 6, 8, 9, 10, 12, 13, 14], 1481/1600, 1/98, 9567/156800, 20⟩,
    ⟨[7], [0, 1, 3, 4, 5, 6, 8, 9, 11, 12, 13, 14], 1481/1600, 1/98, 9567/156800, 20⟩,
    ⟨[7], [0, 1, 3, 4, 5, 6, 8, 10, 11, 12, 13, 14], 1481/1600, 1/98, 9567/156800, 20⟩,
    ⟨[7], [0, 1, 3, 4, 5, 6, 9, 10, 11, 12, 13, 14], 1481/1600, 1/98, 9567/156800, 20⟩,
    ⟨[7], [0, 1, 3, 4, 5, 7, 8, 9, 10, 11, 12, 13], 1481/1600, 1/98, 9567/145600, 19⟩,
    ⟨[7], [0, 1, 3, 4, 5, 7, 8, 9, 10, 11, 12, 14], 1481/1600, 1/98, 9567/156800, 20⟩,
    ⟨[7], [0, 1, 3, 4, 5, 7, 8, 9, 10, 11, 13, 14], 1481/1600, 1/98, 9567/156800, 20⟩,
    ⟨[7], [0, 1, 3, 4, 5, 7, 8, 9, 10, 12, 13, 14], 1481/1600, 1/98, 9567/156800, 20⟩,
    ⟨[7], [0, 1, 3, 4, 5, 7, 8, 9, 11, 12, 13, 14], 1481/1600, 1/98, 9567/156800, 20⟩,
    ⟨[7], [0, 1, 3, 4, 5, 7, 8, 10, 11, 12, 13, 14], 1481/1600, 1/98, 9567/156800, 20⟩,
    ⟨[7], [0, 1, 3, 4, 5, 7, 9, 10, 11, 12, 13, 14], 1481/1600, 1/98, 9567/156800, 20⟩,
    ⟨[7], [0, 1, 3, 4, 5, 8, 9, 10, 11, 12, 13, 14], 1481/1600, 1/98, 9567/156800, 20⟩,
    ⟨[7], [0, 1, 3, 4, 6, 7, 8, 9, 10, 11, 12, 13], 1481/1600, 1/98, 9567/145600, 19⟩,
    ⟨[7], [0, 1, 3, 4, 6, 7, 8, 9, 10, 11, 12, 14], 1481/1600, 1/98, 9567/156800, 20⟩,
    ⟨[7], [0, 1, 3, 4, 6, 7, 8, 9, 10, 11, 13, 14], 1481/1600, 1/98, 9567/156800, 20⟩,
    ⟨[7], [0, 1, 3, 4, 6, 7, 8, 9, 10, 12, 13, 14], 1481/1600, 1/98, 9567/156800, 20⟩,
    ⟨[7], [0, 1, 3, 4, 6, 7, 8, 9, 11, 12, 13, 14], 1481/1600, 1/98, 9567/156800, 20⟩,
    ⟨[7], [0, 1, 3, 4, 6, 7, 8, 10, 11, 12, 13, 14], 1481/1600, 1/98, 9567/156800, 20⟩,
    ⟨[7], [0, 1, 3, 4, 6, 7, 9, 10, 11, 12, 13, 14], 1481/1600, 1/98, 9567/156800, 20⟩,
    ⟨[7], [0, 1, 3, 4, 6, 8, 9, 10, 11, 12, 13, 14], 1481/1600, 1/98, 9567/156800, 20⟩,
    ⟨[7], [0, 1, 3, 4, 7, 8, 9, 10, 11, 12, 13, 14], 1481/1600, 1/98, 9567/156800, 20⟩,
    ⟨[7], [0, 1, 3, 5, 6, 7, 8, 9, 10, 11, 12, 13], 1481/1600, 1/98, 9567/145600, 19⟩,
    ⟨[7], [0, 1, 3, 5, 6, 7, 8, 9, 10, 11, 12, 14], 1481/1600, 1/98, 9567/156800, 20⟩,
    ⟨[7], [0, 1, 3, 5, 6, 7, 8, 9, 10, 11, 13, 14], 1481/1600, 1/98, 9567/156800, 20⟩,
    ⟨[7], [0, 1, 3, 5, 6, 7, 8, 9, 10, 12, 13, 14], 1481/1600, 1/98, 9567/156800, 20⟩,
    ⟨[7], [0, 1, 3, 5, 6, 7, 8, 9, 11, 12, 13, 14], 1481/1600, 1/98, 9567/156800, 20⟩,
    ⟨[7], [0, 1, 3, 5, 6, 7, 8, 10, 11, 12, 13, 14], 1481/1600, 1/98, 9567/156800, 20⟩,
    ⟨[7], [0, 1, 3, 5, 6, 7, 9, 10, 11, 12, 13, 14], 1481/1600, 1/98, 9567/156800, 20⟩,
    ⟨[7], [0, 1, 3, 5, 6, 8, 9, 10, 11, 12, 13, 14], 1481/1600, 1/98, 9567/156800, 20⟩,
    ⟨[7], [0, 1, 3, 5, 7, 8, 9, 10, 11, 12, 13, 14], 1481/1600, 1/98, 9567/156800, 20⟩,
    ⟨[7], [0, 1, 3, 6, 7, 8, 9, 10, 11, 12, 13, 14], 1481/1600, 1/98, 9567/156800, 20⟩,
    ⟨[7], [0, 1, 4, 5, 6, 7, 8, 9, 10, 11, 12, 13], 1481/1600, 1/98, 9567/145600, 19⟩,
    ⟨[7], [0, 1, 4, 5, 6, 7, 8, 9, 10, 11, 12, 14], 1481/1600, 1/98, 9567/156800, 20⟩,
    ⟨[7], [0, 1, 4, 5, 6, 7, 8, 9, 10, 11, 13, 14], 1481/1600, 1/98, 9567/156800, 20⟩,
    ⟨[7], [0, 1, 4, 5, 6, 7, 8, 9, 10, 12, 13, 14], 1481/1600, 1/98, 9567/156800, 20⟩,
    ⟨[7], [0, 1, 4, 5, 6, 7, 8, 9, 11, 12, 13, 14], 1481/1600, 1/98, 9567/156800, 20⟩,
    ⟨[7], [0, 1, 4, 5, 6, 7, 8, 10, 11, 12, 13, 14], 1481/1600, 1/98, 9567/156800, 20⟩,
    ⟨[7], [0, 1, 4, 5, 6, 7, 9, 10, 11, 12, 13, 14], 1481/1600, 1/98, 9567/156800, 20⟩,
    ⟨[7], [0, 1, 4, 5, 6, 8, 9, 10, 11, 12, 13, 14], 1481/1600, 1/98, 9567/156800, 20⟩,
    ⟨[7], [0, 1, 4, 5, 7, 8, 9, 10, 11, 12, 13, 14], 1481/1600, 1/98, 9567/156800, 20⟩,
    ⟨[7], [0, 1, 4, 6, 7, 8, 9, 10, 11, 12, 13, 14], 1481/1600, 1/98, 9567/156800, 20⟩,
    ⟨[7], [0, 1, 5, 6, 7, 8, 9, 10, 11, 12, 13, 14], 1481/1600, 1/98, 9567/156800, 20⟩,
    ⟨[7], [0, 2, 3, 4, 5, 6, 7, 8, 9, 10, 11, 12], 119/1600, 41611/44800, 97/98, 17⟩,
    ⟨[7], [0, 2, 3, 4, 5, 6, 7, 8, 9, 10, 11, 13], 1481/1600, 1/98, 9567/145600, 19⟩,
    ⟨[7], [0, 2, 3, 4, 5, 6, 7, 8, 9, 10, 11, 14], 1481/1600, 1/98, 9567/156800, 20⟩,
    ⟨[7], [0, 2, 3, 4, 5, 6, 7, 8, 9, 10, 12, 13], 1481/1600, 1/98, 9567/145600, 19⟩,
    ⟨[7], [0, 2, 3, 4, 5, 6, 7, 8, 9, 10, 12, 14], 1481/1600, 1/98, 9567/156800, 20⟩,
    ⟨[7], [0, 2, 3, 4, 5, 6, 7, 8, 9, 10, 13, 14], 1481/1600, 1/98, 9567/156800, 20⟩,
    ⟨[7], [0, 2, 3, 4, 5, 6, 7, 8, 9, 11, 12, 13], 1481/1600, 1/98, 9567/145600, 19⟩,
    ⟨[7], [0, 2, 3, 4, 5, 6, 7, 8, 9, 11, 12, 14], 1481/1600, 1/98, 9567/156800, 20⟩,
    ⟨[7], [0, 2, 3, 4, 5, 6, 7, 8, 9, 11, 13, 14], 1481/1600, 1/98, 9567/156800, 20⟩,
    ⟨[7], [0, 2, 3, 4, 5, 6, 7, 8, 9, 12, 13, 14], 1481/1600, 1/98, 9567/156800, 20⟩,
    ⟨[7], [0, 2, 3, 4, 5, 6, 7, 8, 10, 11, 12, 13], 1481/1600, 1/98, 9567/145600, 19⟩,
    ⟨[7], [0, 2, 3, 4, 5, 6, 7, 8, 10, 11, 12, 14], 1481/1600, 1/98, 9567/156800, 20⟩,
    ⟨[7], [0, 2, 3, 4, 5, 6, 7, 8, 10, 11, 13, 14], 1481/1600, 1/98, 9567/156800, 20⟩,
    ⟨[7], [0, 2, 3, 4, 5, 6, 7, 8, 10, 12, 13, 14], 1481/1600, 1/98, 9567/156800, 20⟩,
    ⟨[7], [0, 2, 3, 4, 5, 6, 7, 8, 11, 12, 13, 14], 1481/1600, 1/98, 9567/156800, 20⟩,
    ⟨[7], [0, 2, 3, 4, 5, 6, 7, 9, 10, 11, 12, 13], 1481/1600, 1/98, 9567/145600, 19⟩,
    ⟨[7], [0, 2, 3, 4, 5, 6, 7, 9, 10, 11, 12, 14], 1481/1600, 1/98, 9567/156800, 20⟩,
    ⟨[7], [0, 2, 3, 4, 5, 6, 7, 9, 10, 11, 13, 14], 1481/1600, 1/98, 9567/156800, 20⟩,
    ⟨[7], [0, 2, 3, 4, 5, 6, 7, 9, 10, 12, 13, 14], 1481/1600, 1/98, 9567/156800, 20⟩,
    ⟨[7], [0, 2, 3, 4, 5, 6, 7, 9, 11, 12, 13, 14], 1481/1600, 1/98, 9567/156800, 20⟩,
    ⟨[7], [0, 2, 3, 4, 5, 6, 7, 10, 11, 12, 13, 14], 1481/1600, 1/98, 9567/156800, 20⟩,
    ⟨[7], [0, 2, 3, 4, 5, 6, 8, 9, 10, 11, 12, 13], 1481/1600, 1/98, 9567/145600, 19⟩,
    ⟨[7], [0, 2, 3, 4, 5, 6, 8, 9, 10, 11, 12, 14], 1481/1600, 1/98, 9567/156800, 20⟩,
    ⟨[7], [0, 2, 3, 4, 5, 6, 8, 9, 10, 11, 13, 14], 1481/1600, 1/98, 9567/156800, 20⟩,
    ⟨[7], [0, 2, 3, 4, 5, 6, 8, 9, 10, 12, 13, 14], 1481/1600, 1/98, 9567/156800, 20⟩,
    ⟨[7], [0, 2, 3, 4, 5, 6, 8, 9, 11, 12, 13, 14], 1481/1600, 1/98, 9567/156800, 20⟩,
    ⟨[7], [0, 2, 3, 4, 5, 6, 8, 10, 11, 12, 13, 14], 1481/1600, 1/98, 9567/156800, 20⟩,
    ⟨[7], [0, 2, 3, 4, 5, 6, 9, 10, 11, 12, 13, 14], 1481/1600, 1/98, 9567/156800, 20⟩,
    ⟨[7], [0, 2, 3, 4, 5, 7, 8, 9, 10, 11, 12, 13], 1481/1600, 1/98, 9567/145600, 19⟩,
    ⟨[7], [0, 2, 3, 4, 5, 7, 8, 9, 10, 11, 12, 14], 1481/1600, 1/98, 9567/156800, 20⟩,
    ⟨[7], [0, 2, 3, 4, 5, 7, 8, 9, 10, 11, 13, 14], 1481/1600, 1/98, 9567/156800, 20⟩,
    ⟨[7], [0, 2, 3, 4, 5, 7, 8, 9, 10, 12, 13, 14], 1481/1600, 1/98, 9567/156800, 20⟩,
    ⟨[7], [0, 2, 3, 4, 5, 7, 8, 9, 11, 12, 13, 14], 1481/1600, 1/98, 9567/156800, 20⟩,
    ⟨[7], [0, 2, 3, 4, 5, 7, 8, 10, 11, 12, 13, 14], 1481/1600, 1/98, 9567/156800, 20⟩,
    ⟨[7], [0, 2, 3, 4, 5, 7, 9, 10, 11, 12, 13, 14], 1481/1600, 1/98, 9567/156800, 20⟩,
    ⟨[7], [0, 2, 3, 4, 5, 8, 9, 10, 11, 12, 13, 14], 1481/1600, 1/98, 9567/156800, 20⟩,
    ⟨[7], [0, 2, 3, 4, 6, 7, 8, 9, 10, 11, 12, 13], 1481/1600, 1/98, 9567/145600, 19⟩,
    ⟨[7], [0, 2, 3, 4, 6, 7, 8, 9, 10, 11, 12, 14], 1481/1600, 1/98, 9567/156800, 20⟩,
    ⟨[7], [0, 2, 3, 4, 6, 7, 8, 9, 10, 11, 13, 14], 1481/1600, 1/98, 9567/156800, 20⟩,
    ⟨[7], [0, 2, 3, 4, 6, 7, 8, 9, 10, 12, 13, 14], 1481/1600, 1/98, 9567/156800, 20⟩,
    ⟨[7], [0, 2, 3, 4, 6, 7, 8, 9, 11, 12, 13, 14], 1481/1600, 1/98, 9567/156800, 20⟩,
    ⟨[7], [0, 2, 3, 4, 6, 7, 8, 10, 11, 12, 13, 14], 1481/1600, 1/98, 9567/156800, 20⟩,
    ⟨[7], [0, 2, 3, 4, 6, 7, 9, 10, 11, 12, 13, 14], 1481/1600, 1/98, 9567/156800, 20⟩,
    ⟨[7], [0, 2, 3, 4, 6, 8, 9, 10, 11, 12, 13, 14], 1481/1600, 1/98, 9567/156800, 20⟩,
    ⟨[7], [0, 2, 3, 4, 7, 8, 9, 10, 11, 12, 13, 14], 1481/1600, 1/98, 9567/156800, 20⟩,
    ⟨[7], [0, 2, 3, 5, 6, 7, 8, 9, 10, 11, 12, 13], 1481/1600, 1/98, 9567/145600, 19⟩,
    ⟨[7], [0, 2, 3, 5, 6, 7, 8, 9, 10, 11, 12, 14], 1481/1600, 1/98, 9567/156800, 20⟩,
    ⟨[7], [0, 2, 3, 5, 6, 7, 8, 9, 10, 11, 13, 14], 1481/1600, 1/98, 9567/156800, 20⟩,
    ⟨[7], [0, 2, 3, 5, 6, 7, 8, 9, 10, 12, 13, 14], 1481/1600, 1/98, 9567/156800, 20⟩,
    ⟨[7], [0, 2, 3, 5, 6, 7, 8, 9, 11, 12, 13, 14], 1481/1600, 1/98, 9567/156800, 20⟩,
    ⟨[7], [0, 2, 3, 5, 6, 7, 8, 10, 11, 12, 13, 14], 1481/1600, 1/98, 9567/156800, 20⟩,
    ⟨[7], [0, 2, 3, 5, 6, 7, 9, 10, 11, 12, 13, 14], 1481/1600, 1/98, 9567/156800, 20⟩,
    ⟨[7], [0, 2, 3, 5, 6, 8, 9, 10, 11, 12, 13, 14], 1481/1600, 1/98, 9567/156800, 20⟩,
    ⟨[7], [0, 2, 3, 5, 7, 8, 9, 10, 11, 12, 13, 14], 1481/1600, 1/98, 9567/156800, 20⟩,
    ⟨[7], [0, 2, 3, 6, 7, 8, 9, 10, 11, 12, 13, 14], 1481/1600, 1/98, 9567/156800, 20⟩,
    ⟨[7], [0, 2, 4, 5, 6, 7, 8, 9, 10, 11, 12, 13], 1481/1600, 1/98, 9567/145600, 19⟩,
    ⟨[7], [0, 2, 4, 5, 6, 7, 8, 9, 10, 11, 12, 14], 1481/1600, 1/98, 9567/156800, 20⟩,
    ⟨[7], [0, 2, 4, 5, 6, 7, 8, 9, 10, 11, 13, 14], 1481/1600, 1/98, 9567/156800, 20⟩,
    ⟨[7], [0, 2, 4, 5, 6, 7, 8, 9, 10, 12, 13, 14], 1481/1600, 1/98, 9567/156800, 20⟩,
    ⟨[7], [0, 2, 4, 5, 6, 7, 8, 9, 11, 12, 13, 14], 1481/1600, 1/98, 9567/156800, 20⟩,
    ⟨[7], [0, 2, 4, 5, 6, 7, 8, 10, 11, 12, 13, 14], 1481/1600, 1/98, 9567/156800, 20⟩,
    ⟨[7], [0, 2, 4, 5, 6, 7, 9, 10, 11, 12, 13, 14], 1481/1600, 1/98, 9567/156800, 20⟩,
    ⟨[7], [0, 2, 4, 5, 6, 8, 9, 10, 11, 12, 13, 14], 1481/1600, 1/98, 9567/156800, 20⟩,
    ⟨[7], [0, 2, 4, 5, 7, 8, 9, 10, 11, 12, 13, 14], 1481/1600, 1/98, 9567/156800, 20⟩,
    ⟨[7], [0, 2, 4, 6, 7, 8, 9, 10, 11, 12, 13, 14], 1481/1600, 1/98, 9567/156800, 20⟩,
    ⟨[7], [0, 2, 5, 6, 7, 8, 9, 10, 11, 12, 13, 14], 1481/1600, 1/98, 9567/156800, 20⟩,
    ⟨[7], [0, 3, 4, 5, 6, 7, 8, 9, 10, 11, 12, 13], 1481/1600, 1/98, 9567/145600, 19⟩,
    ⟨[7], [0, 3, 4, 5, 6, 7, 8, 9, 10, 11, 12, 14], 1481/1600, 1/98, 9567/156800, 20⟩,
    ⟨[7], [0, 3, 4, 5, 6, 7, 8, 9, 10, 11, 13, 14], 1481/1600, 1/98, 9567/156800, 20⟩,
    ⟨[7], [0, 3, 4, 5, 6, 7, 8, 9, 10, 12, 13, 14], 1481/1600, 1/98, 9567/156800, 20⟩,
    ⟨[7], [0, 3, 4, 5, 6, 7, 8, 9, 11, 12, 13, 14], 1481/1600, 1/98, 9567/156800, 20⟩,
    ⟨[7], [0, 3, 4, 5, 6, 7, 8, 10, 11, 12, 13, 14], 1481/1600, 1/98, 9567/156800, 20⟩,
    ⟨[7], [0, 3, 4, 5, 6, 7, 9, 10, 11, 12, 13, 14], 1481/1600, 1/98, 9567/156800, 20⟩,
    ⟨[7], [0, 3, 4, 5, 6, 8, 9, 10, 11, 12, 13, 14], 1481/1600, 1/98, 9567/156800, 20⟩,
    ⟨[7], [0, 3, 4, 5, 7, 8, 9, 10, 11, 12, 13, 14], 1481/1600, 1/98, 9567/156800, 20⟩,
    ⟨[7], [0, 3, 4, 6, 7, 8, 9, 10, 11, 12, 13, 14], 1481/1600, 1/98, 9567/156800, 20⟩,
    ⟨[7], [0, 3, 5, 6, 7, 8, 9, 10, 11, 12, 13, 14], 1481/1600, 1/98, 9567/156800, 20⟩,
    ⟨[7], [0, 4, 5, 6, 7, 8, 9, 10, 11, 12, 13, 14], 1481/1600, 1/98, 9567/156800, 20⟩,
    ⟨[8], [0, 1, 2, 3, 4, 5, 6, 7, 8, 9, 10, 11], 119/1600, 113633/123200, 111/112, 15⟩,
    ⟨[8], [0, 1, 2, 3, 4, 5, 6, 7, 8, 9, 10, 12], 119/1600, 41611/44800, 111/112, 17⟩,
    ⟨[8], [0, 1, 2, 3, 4, 5, 6, 7, 8, 9, 10, 13], 119/1600, 136033/145600, 111/112, 18⟩,
    ⟨[8], [0, 1, 2, 3, 4, 5, 6, 7, 8, 9, 10, 14], 119/1600, 147233/156800, 111/112, 20⟩,
    ⟨[8], [0, 1, 2, 3, 4, 5, 6, 7, 8, 9, 11, 12], 119/1600, 41611/44800, 111/112, 17⟩,
    ⟨[8], [0, 1, 2, 3, 4, 5, 6, 7, 8, 9, 11, 13], 119/1600, 136033/145600, 111/112, 18⟩,
    ⟨[8], [0, 1, 2, 3, 4, 5, 6, 7, 8, 9, 11, 14], 119/1600, 147233/156800, 111/112, 20⟩,
    ⟨[8], [0, 1, 2, 3, 4, 5, 6, 7, 8, 9, 12, 13], 119/1600, 136033/145600, 111/112, 18⟩,
    ⟨[8], [0, 1, 2, 3, 4, 5, 6, 7, 8, 9, 12, 14], 119/1600, 147233/156800, 111/112, 20⟩,
    ⟨[8], [0, 1, 2, 3, 4, 5, 6, 7, 8, 9, 13, 14], 119/1600, 147233/156800, 111/112, 20⟩,
    ⟨[8], [0, 1, 2, 3, 4, 5, 6, 7, 8, 10, 11, 12], 119/1600, 41611/44800, 111/112, 17⟩,
    ⟨[8], [0, 1, 2, 3, 4, 5, 6, 7, 8, 10, 11, 13], 119/1600, 136033/145600, 111/112, 18⟩,
    ⟨[8], [0, 1, 2, 3, 4, 5, 6, 7, 8, 10, 11, 14], 119/1600, 147233/156800, 111/112, 20⟩,
    ⟨[8], [0, 1, 2, 3, 4, 5, 6, 7, 8, 10, 12, 13], 119/1600, 136033/145600, 111/112, 18⟩,
    ⟨[8], [0, 1, 2, 3, 4, 5, 6, 7, 8, 10, 12, 14], 119/1600, 147233/156800, 111/112, 20⟩,
    ⟨[8], [0, 1, 2, 3, 4, 5, 6, 7, 8, 10, 13, 14], 119/1600, 147233/156800, 111/112, 20⟩,
    ⟨[8], [0, 1, 2, 3, 4, 5, 6, 7, 8, 11, 12, 13], 119/1600, 136033/145600, 111/112, 18⟩,
    ⟨[8], [0, 1, 2, 3, 4, 5, 6, 7, 8, 11, 12, 14], 119/1600, 147233/156800, 111/112, 20⟩,
    ⟨[8], [0, 1, 2, 3, 4, 5, 6, 7, 8, 11, 13, 14], 119/1600, 147233/156800, 111/112, 20⟩,
    ⟨[8], [0, 1, 2, 3, 4, 5, 6, 7, 8, 12, 13, 14], 119/1600, 147233/156800, 111/112, 20⟩,
    ⟨[8], [0, 1, 2, 3, 4, 5, 6, 7, 9, 10, 11, 12], 119/1600, 41611/44800, 111/112, 17⟩,
    ⟨[8], [0, 1, 2, 3, 4, 5, 6, 7, 9, 10, 11, 13], 119/1600, 136033/145600, 111/112, 18⟩,
    ⟨[8], [0, 1, 2, 3, 4, 5, 6, 7, 9, 10, 11, 14], 119/1600, 147233/156800, 111/112, 20⟩,
    ⟨[8], [0, 1, 2, 3, 4, 5, 6, 7, 9, 10, 12, 13], 119/1600, 136033/145600, 111/112, 18⟩,
    ⟨[8], [0, 1, 2, 3, 4, 5, 6, 7, 9, 10, 12, 14], 119/1600, 147233/156800, 111/112, 20⟩,
    ⟨[8], [0, 1, 2, 3, 4, 5, 6, 7, 9, 10, 13, 14], 119/1600, 147233/156800, 111/112, 20⟩,
    ⟨[8], [0, 1, 2, 3, 4, 5, 6, 7, 9, 11, 12, 13], 119/1600, 136033/145600, 111/112, 18⟩,
    ⟨[8], [0, 1, 2, 3, 4, 5, 6, 7, 9, 11, 12, 14], 119/1600, 147233/156800, 111/112, 20⟩,
    ⟨[8], [0, 1, 2, 3, 4, 5, 6, 7, 9, 11, 13, 14], 119/1600, 147233/156800, 111/112, 20⟩,
    ⟨[8], [0, 1, 2, 3, 4, 5, 6, 7, 9, 12, 13, 14], 119/1600, 147233/156800, 111/112, 20⟩,
    ⟨[8], [0, 1, 2, 3, 4, 5, 6, 7, 10, 11, 12, 13], 119/1600, 136033/145600, 111/112, 18⟩,
    ⟨[8], [0, 1, 2, 3, 4, 5, 6, 7, 10, 11, 12, 14], 119/1600, 147233/156800, 111/112, 20⟩,
    ⟨[8], [0, 1, 2, 3, 4, 5, 6, 7, 10, 11, 13, 14], 119/1600, 147233/156800, 111/112, 20⟩,
    ⟨[8], [0, 1, 2, 3, 4, 5, 6, 7, 10, 12, 13, 14], 119/1600, 147233/156800, 111/112, 20⟩,
    ⟨[8], [0, 1, 2, 3, 4, 5, 6, 7, 11, 12, 13, 14], 119/1600, 147233/156800, 111/112, 20⟩,
    ⟨[8], [0, 1, 2, 3, 4, 5, 6, 8, 9, 10, 11, 12], 119/1600, 41611/44800, 111/112, 17⟩,
    ⟨[8], [0, 1, 2, 3, 4, 5, 6, 8, 9, 10, 11, 13], 119/1600, 136033/145600, 111/112, 18⟩,
    ⟨[8], [0, 1, 2, 3, 4, 5, 6, 8, 9, 10, 11, 14], 119/1600, 147233/156800, 111/112, 20⟩,
    ⟨[8], [0, 1, 2, 3, 4, 5, 6, 8, 9, 10, 12, 13], 119/1600, 136033/145600, 111/112, 18⟩,
    ⟨[8], [0, 1, 2, 3, 4, 5, 6, 8, 9, 10, 12, 14], 119/1600, 147233/156800, 111/112, 20⟩,
    ⟨[8], [0, 1, 2, 3, 4, 5, 6, 8, 9, 10, 13, 14], 119/1600, 147233/156800, 111/112, 20⟩,
    ⟨[8], [0, 1, 2, 3, 4, 5, 6, 8, 9, 11, 12, 13], 119/1600, 136033/145600, 111/112, 18⟩,
    ⟨[8], [0, 1, 2, 3, 4, 5, 6, 8, 9, 11, 12, 14], 119/1600, 147233/156800, 111/112, 20⟩,
    ⟨[8], [0, 1, 2, 3, 4, 5, 6, 8, 9, 11, 13, 14], 119/1600, 147233/156800, 111/112, 20⟩,
    ⟨[8], [0, 1, 2, 3, 4, 5, 6, 8, 9, 12, 13, 14], 119/1600, 147233/156800, 111/112, 20⟩,
    ⟨[8], [0, 1, 2, 3, 4, 5, 6, 8, 10, 11, 12, 13], 119/1600, 136033/145600, 111/112, 18⟩,
    ⟨[8], [0, 1, 2, 3, 4, 5, 6, 8, 10, 11, 12, 14], 119/1600, 147233/156800, 111/112, 20⟩,
    ⟨[8], [0, 1, 2, 3, 4, 5, 6, 8, 10, 11, 13, 14], 119/1600, 147233/156800, 111/112, 20⟩,
    ⟨[8], [0, 1, 2, 3, 4, 5, 6, 8, 10, 12, 13, 14], 119/1600, 147233/156800, 111/112, 20⟩,
    ⟨[8], [0, 1, 2, 3, 4, 5, 6, 8, 11, 12, 13, 14], 119/1600, 147233/156800, 111/112, 20⟩,
    ⟨[8], [0, 1, 2, 3, 4, 5, 6, 9, 10, 11, 12, 13], 119/1600, 136033/145600, 111/112, 18⟩,
    ⟨[8], [0, 1, 2, 3, 4, 5, 6, 9, 10, 11, 12, 14], 119/1600, 147233/156800, 111/112, 20⟩,
    ⟨[8], [0, 1, 2, 3, 4, 5, 6, 9, 10, 11, 13, 14], 119/1600, 147233/156800, 111/112, 20⟩,
    ⟨[8], [0, 1, 2, 3, 4, 5, 6, 9, 10, 12, 13, 14], 119/1600, 147233/156800, 111/112, 20⟩,
    ⟨[8], [0, 1, 2, 3, 4, 5, 6, 9, 11, 12, 13, 14], 119/1600, 147233/156800, 111/112, 20⟩,
    ⟨[8], [0, 1, 2, 3, 4, 5, 6, 10, 11, 12, 13, 14], 119/1600, 147233/156800, 111/112, 20⟩,
    ⟨[8], [0, 1, 2, 3, 4, 5, 7, 8, 9, 10, 11, 12], 119/1600, 41611/44800, 111/112, 17⟩,
    ⟨[8], [0, 1, 2, 3, 4, 5, 7, 8, 9, 10, 11, 13], 119/1600, 136033/145600, 111/112, 18⟩,
    ⟨[8], [0, 1, 2, 3, 4, 5, 7, 8, 9, 10, 11, 14], 119/1600, 147233/156800, 111/112, 20⟩,
    ⟨[8], [0, 1, 2, 3, 4, 5, 7, 8, 9, 10, 12, 13], 119/1600, 136033/145600, 111/112, 18⟩,
    ⟨[8], [0, 1, 2, 3, 4, 5, 7, 8, 9, 10, 12, 14], 119/1600, 147233/156800, 111/112, 20⟩,
    ⟨[8], [0, 1, 2, 3, 4, 5, 7, 8, 9, 10, 13, 14], 119/1600, 147233/156800, 111/112, 20⟩,
    ⟨[8], [0, 1, 2, 3, 4, 5, 7, 8, 9, 11, 12, 13], 119/1600, 136033/145600, 111/112, 18⟩,
    ⟨[8], [0, 1, 2, 3, 4, 5, 7, 8, 9, 11, 12, 14], 119/1600, 147233/156800, 111/112, 20⟩,
    ⟨[8], [0, 1, 2, 3, 4, 5, 7, 8, 9, 11, 13, 14], 119/1600, 147233/156800, 111/112, 20⟩,
    ⟨[8], [0, 1, 2, 3, 4, 5, 7, 8, 9, 12, 13, 14], 119/1600, 147233/156800, 111/112, 20⟩,
    ⟨[8], [0, 1, 2, 3, 4, 5, 7, 8, 10, 11, 12, 13], 119/1600, 136033/145600, 111/112, 18⟩,
    ⟨[8], [0, 1, 2, 3, 4, 5, 7, 8, 10, 11, 12, 14], 119/1600, 147233/156800, 111/112, 20⟩,
    ⟨[8], [0, 1, 2, 3, 4, 5, 7, 8, 10, 11, 13, 14], 119/1600, 147233/156800, 111/112, 20⟩,
    ⟨[8], [0, 1, 2, 3, 4, 5, 7, 8, 10, 12, 13, 14], 119/1600, 147233/156800, 111/112, 20⟩,
    ⟨[8], [0, 1, 2, 3, 4, 5, 7, 8, 11, 12, 13, 14], 119/1600, 147233/156800, 111/112, 20⟩,
    ⟨[8], [0, 1, 2, 3, 4, 5, 7, 9, 10, 11, 12, 13], 119/1600, 136033/145600, 111/112, 18⟩,
    ⟨[8], [0, 1, 2, 3, 4, 5, 7, 9, 10, 11, 12, 14], 119/1600, 147233/156800, 111/112, 20⟩,
    ⟨[8], [0, 1, 2, 3, 4, 5, 7, 9, 10, 11, 13, 14], 119/1600, 147233/156800, 111/112, 20⟩,
    ⟨[8], [0, 1, 2, 3, 4, 5, 7, 9, 10, 12, 13, 14], 119/1600, 147233/156800, 111/112, 20⟩,
    ⟨[8], [0, 1, 2, 3, 4, 5, 7, 9, 11, 12, 13, 14], 119/1600, 147233/156800, 111/112, 20⟩,
    ⟨[8], [0, 1, 2, 3, 4, 5, 7, 10, 11, 12, 13, 14], 119/1600, 147233/156800, 111/112, 20⟩,
    ⟨[8], [0, 1, 2, 3, 4, 5, 8, 9, 10, 11, 12, 13], 119/1600, 136033/145600, 111/112, 18⟩,
    ⟨[8], [0, 1, 2, 3, 4, 5, 8, 9, 10, 11, 12, 14], 119/1600, 147233/156800, 111/112, 20⟩,
    ⟨[8], [0, 1, 2, 3, 4, 5, 8, 9, 10, 11, 13, 14], 119/1600, 147233/156800, 111/112, 20⟩,
    ⟨[8], [0, 1, 2, 3, 4, 5, 8, 9, 10, 12, 13, 14], 119/1600, 147233/156800, 111/112, 20⟩,
    ⟨[8], [0, 1, 2, 3, 4, 5, 8, 9, 11, 12, 13, 14], 119/1600, 147233/156800, 111/112, 20⟩,
    ⟨[8], [0, 1, 2, 3, 4, 5, 8, 10, 11, 12, 13, 14], 119/1600, 147233/156800, 111/112, 20⟩,
    ⟨[8], [0, 1, 2, 3, 4, 5, 9, 10, 11, 12, 13, 14], 119/1600, 147233/156800, 111/112, 20⟩,
    ⟨[8], [0, 1, 2, 3, 4, 6, 7, 8, 9, 10, 11, 12], 119/1600, 41611/44800, 111/112, 17⟩,
    ⟨[8], [0, 1, 2, 3, 4, 6, 7, 8, 9, 10, 11, 13], 119/1600, 136033/145600, 111/112, 18⟩,
    ⟨[8], [0, 1, 2, 3, 4, 6, 7, 8, 9, 10, 11, 14], 119/1600, 147233/156800, 111/112, 20⟩,
    ⟨[8], [0, 1, 2, 3, 4, 6, 7, 8, 9, 10, 12, 13], 119/1600, 136033/145600, 111/112, 18⟩,
    ⟨[8], [0, 1, 2, 3, 4, 6, 7, 8, 9, 10, 12, 14], 119/1600, 147233/156800, 111/112, 20⟩,
    ⟨[8], [0, 1, 2, 3, 4, 6, 7, 8, 9, 10, 13, 14], 119/1600, 147233/156800, 111/112, 20⟩,
    ⟨[8], [0, 1, 2, 3, 4, 6, 7, 8, 9, 11, 12, 13], 119/1600, 136033/145600, 111/112, 18⟩,
    ⟨[8], [0, 1, 2, 3, 4, 6, 7, 8, 9, 11, 12, 14], 119/1600, 147233/156800, 111/112, 20⟩,
    ⟨[8], [0, 1, 2, 3, 4, 6, 7, 8, 9, 11, 13, 14], 119/1600, 147233/156800, 111/112, 20⟩,
    ⟨[8], [0, 1, 2, 3, 4, 6, 7, 8, 9, 12, 13, 14], 119/1600, 147233/156800, 111/112, 20⟩,
    ⟨[8], [0, 1, 2, 3, 4, 6, 7, 8, 10, 11, 12, 13], 119/1600, 136033/145600, 111/112, 18⟩,
    ⟨[8], [0, 1, 2, 3, 4, 6, 7, 8, 10, 11, 12, 14], 119/1600, 147233/156800, 111/112, 20⟩,
    ⟨[8], [0, 1, 2, 3, 4, 6, 7, 8, 10, 11, 13, 14], 119/1600, 147233/156800, 111/112, 20⟩,
    ⟨[8], [0, 1, 2, 3, 4, 6, 7, 8, 10, 12, 13, 14], 119/1600, 147233/156800, 111/112, 20⟩,
    ⟨[8], [0, 1, 2, 3, 4, 6, 7, 8, 11, 12, 13, 14], 119/1600, 147233/156800, 111/112, 20⟩,
    ⟨[8], [0, 1, 2, 3, 4, 6, 7, 9, 10, 11, 12, 13], 119/1600, 136033/145600, 111/112, 18⟩,
    ⟨[8], [0, 1, 2, 3, 4, 6, 7, 9, 10, 11, 12, 14], 119/1600, 147233/156800, 111/112, 20⟩,
    ⟨[8], [0, 1, 2, 3, 4, 6, 7, 9, 10, 11, 13, 14], 119/1600, 147233/156800, 111/112, 20⟩,
    ⟨[8], [0, 1, 2, 3, 4, 6, 7, 9, 10, 12, 13, 14], 119/1600, 147233/156800, 111/112, 20⟩,
    ⟨[8], [0, 1, 2, 3, 4, 6, 7, 9, 11, 12, 13, 14], 119/1600, 147233/156800, 111/112, 20⟩,
    ⟨[8], [0, 1, 2, 3, 4, 6, 7, 10, 11, 12, 13, 14], 119/1600, 147233/156800, 111/112, 20⟩,
    ⟨[8], [0, 1, 2, 3, 4, 6, 8, 9, 10, 11, 12, 13], 119/1600, 136033/145600, 111/112, 18⟩,
    ⟨[8], [0, 1, 2, 3, 4, 6, 8, 9, 10, 11, 12, 14], 119/1600, 147233/156800, 111/112, 20⟩,
    ⟨[8], [0, 1, 2, 3, 4, 6, 8, 9, 10, 11, 13, 14], 119/1600, 147233/156800, 111/112, 20⟩,
    ⟨[8], [0, 1, 2, 3, 4, 6, 8, 9, 10, 12, 13, 14], 119/1600, 147233/156800, 111/112, 20⟩,
    ⟨[8], [0, 1, 2, 3, 4, 6, 8, 9, 11, 12, 13, 14], 119/1600, 147233/156800, 111/112, 20⟩,
    ⟨[8], [0, 1, 2, 3, 4, 6, 8, 10, 11, 12, 13, 14], 119/1600, 147233/156800, 111/112, 20⟩,
    ⟨[8], [0, 1, 2, 3, 4, 6, 9, 10, 11, 12, 13, 14], 119/1600, 147233/156800, 111/112, 20⟩,
    ⟨[8], [0, 1, 2, 3, 4, 7, 8, 9, 10, 11, 12, 13], 119/1600, 136033/145600, 111/112, 18⟩,
    ⟨[8], [0, 1, 2, 3, 4, 7, 8, 9, 10, 11, 12, 14], 119/1600, 147233/156800, 111/112, 20⟩,
    ⟨[8], [0, 1, 2, 3, 4, 7, 8, 9, 10, 11, 13, 14], 119/1600, 147233/156800, 111/112, 20⟩,
    ⟨[8], [0, 1, 2, 3, 4, 7, 8, 9, 10, 12, 13, 14], 119/1600, 147233/156800, 111/112, 20⟩,
    ⟨[8], [0, 1, 2, 3, 4, 7, 8, 9, 11, 12, 13, 14], 119/1600, 147233/156800, 111/112, 20⟩,
    ⟨[8], [0, 1, 2, 3, 4, 7, 8, 10, 11, 12, 13, 14], 119/1600, 147233/156800, 111/112, 20⟩,
    ⟨[8], [0, 1, 2, 3, 4, 7, 9, 10, 11, 12, 13, 14], 119/1600, 147233/156800, 111/112, 20⟩,
    ⟨[8], [0, 1, 2, 3, 4, 8, 9, 10, 11, 12, 13, 14], 119/1600, 147233/156800, 111/112, 20⟩,
    ⟨[8], [0, 1, 2, 3, 5, 6, 7, 8, 9, 10, 11, 12], 119/1600, 41611/44800, 111/112, 17⟩,
    ⟨[8], [0, 1, 2, 3, 5, 6, 7, 8, 9, 10, 11, 13], 119/1600, 136033/145600, 111/112, 18⟩,
    ⟨[8], [0, 1, 2, 3, 5, 6, 7, 8, 9, 10, 11, 14], 119/1600, 147233/156800, 111/112, 20⟩,
    ⟨[8], [0, 1, 2, 3, 5, 6, 7, 8, 9, 10, 12, 13], 119/1600, 136033/145600, 111/112, 18⟩,
    ⟨[8], [0, 1, 2, 3, 5, 6, 7, 8, 9, 10, 12, 14], 119/1600, 147233/156800, 111/112, 20⟩,
    ⟨[8], [0, 1, 2, 3, 5, 6, 7, 8, 9, 10, 13, 14], 119/1600, 147233/156800, 111/112, 20⟩,
    ⟨[8], [0, 1, 2, 3, 5, 6, 7, 8, 9, 11, 12, 13], 119/1600, 136033/145600, 111/112, 18⟩,
    ⟨[8], [0, 1, 2, 3, 5, 6, 7, 8, 9, 11, 12, 14], 119/1600, 147233/156800, 111/112, 20⟩,
    ⟨[8], [0, 1, 2, 3, 5, 6, 7, 8, 9, 11, 13, 14], 119/1600, 147233/156800, 111/112, 20⟩,
    ⟨[8], [0, 1, 2, 3, 5, 6, 7, 8, 9, 12, 13, 14], 119/1600, 147233/156800, 111/112, 20⟩,
    ⟨[8], [0, 1, 2, 3, 5, 6, 7, 8, 10, 11, 12, 13], 119/1600, 136033/145600, 111/112, 18⟩,
    ⟨[8], [0, 1, 2, 3, 5, 6, 7, 8, 10, 11, 12, 14], 119/1600, 147233/156800, 111/112, 20⟩,
    ⟨[8], [0, 1, 2, 3, 5, 6, 7, 8, 10, 11, 13, 14], 119/1600, 147233/156800, 111/112, 20⟩,
    ⟨[8], [0, 1, 2, 3, 5, 6, 7, 8, 10, 12, 13, 14], 119/1600, 147233/156800, 111/112, 20⟩,
    ⟨[8], [0, 1, 2, 3, 5, 6, 7, 8, 11, 12, 13, 14], 119/1600, 147233/156800, 111/112, 20⟩,
    ⟨[8], [0, 1, 2, 3, 5, 6, 7, 9, 10, 11, 12, 13], 119/1600, 136033/145600, 111/112, 18⟩,
    ⟨[8], [0, 1, 2, 3, 5, 6, 7, 9, 10, 11, 12, 14], 119/1600, 147233/156800, 111/112, 20⟩,
    ⟨[8], [0, 1, 2, 3, 5, 6, 7, 9, 10, 11, 13, 14], 119/1600, 147233/156800, 111/112, 20⟩,
    ⟨[8], [0, 1, 2, 3, 5, 6, 7, 9, 10, 12, 13, 14], 119/1600, 147233/156800, 111/112, 20⟩,
    ⟨[8], [0, 1, 2, 3, 5, 6, 7, 9, 11, 12, 13, 14], 119/1600, 147233/156800, 111/112, 20⟩,
    ⟨[8], [0, 1, 2, 3, 5, 6, 7, 10, 11, 12, 13, 14], 119/1600, 147233/156800, 111/112, 20⟩,
    ⟨[8], [0, 1, 2, 3, 5, 6, 8, 9, 10, 11, 12, 13], 119/1600, 136033/145600, 111/112, 18⟩,
    ⟨[8], [0, 1, 2, 3, 5, 6, 8, 9, 10, 11, 12, 14], 119/1600, 147233/156800, 111/112, 20⟩,
    ⟨[8], [0, 1, 2, 3, 5, 6, 8, 9, 10, 11, 13, 14], 119/1600, 147233/156800, 111/112, 20⟩,
    ⟨[8], [0, 1, 2, 3, 5, 6, 8, 9, 10, 12, 13, 14], 119/1600, 147233/156800, 111/112, 20⟩,
    ⟨[8], [0, 1, 2, 3, 5, 6, 8, 9, 11, 12, 13, 14], 119/1600, 147233/156800, 111/112, 20⟩,
    ⟨[8], [0, 1, 2, 3, 5, 6, 8, 10, 11, 12, 13, 14], 119/1600, 147233/156800, 111/112, 20⟩,
    ⟨[8], [0, 1, 2, 3, 5, 6, 9, 10, 11, 12, 13, 14], 119/1600, 147233/156800, 111/112, 20⟩,
    ⟨[8], [0, 1, 2, 3, 5, 7, 8, 9, 10, 11, 12, 13], 119/1600, 136033/145600, 111/112, 18⟩,
    ⟨[8], [0, 1, 2, 3, 5, 7, 8, 9, 10, 11, 12, 14], 119/1600, 147233/156800, 111/112, 20⟩,
    ⟨[8], [0, 1, 2, 3, 5, 7, 8, 9, 10, 11, 13, 14], 119/1600, 147233/156800, 111/112, 20⟩,
    ⟨[8], [0, 1, 2, 3, 5, 7, 8, 9, 10, 12, 13, 14], 119/1600, 147233/156800, 111/112, 20⟩,
    ⟨[8], [0, 1, 2, 3, 5, 7, 8, 9, 11, 12, 13, 14], 119/1600, 147233/156800, 111/112, 20⟩,
    ⟨[8], [0, 1, 2, 3, 5, 7, 8, 10, 11, 12, 13, 14], 119/1600, 147233/156800, 111/112, 20⟩,
    ⟨[8], [0, 1, 2, 3, 5, 7, 9, 10, 11, 12, 13, 14], 119/1600, 147233/156800, 111/112, 20⟩,
    ⟨[8], [0, 1, 2, 3, 5, 8, 9, 10, 11, 12, 13, 14], 119/1600, 147233/156800, 111/112, 20⟩,
    ⟨[8], [0, 1, 2, 3, 6, 7, 8, 9, 10, 11, 12, 13], 119/1600, 136033/145600, 111/112, 18⟩,
    ⟨[8], [0, 1, 2, 3, 6, 7, 8, 9, 10, 11, 12, 14], 119/1600, 147233/156800, 111/112, 20⟩,
    ⟨[8], [0, 1, 2, 3, 6, 7, 8, 9, 10, 11, 13, 14], 119/1600, 147233/156800, 111/112, 20⟩,
    ⟨[8], [0, 1, 2, 3, 6, 7, 8, 9, 10, 12, 13, 14], 119/1600, 147233/156800, 111/112, 20⟩,
    ⟨[8], [0, 1, 2, 3, 6, 7, 8, 9, 11, 12, 13, 14], 119/1600, 147233/156800, 111/112, 20⟩,
    ⟨[8], [0, 1, 2, 3, 6, 7, 8, 10, 11, 12, 13, 14], 119/1600, 147233/156800, 111/112, 20⟩,
    ⟨[8], [0, 1, 2, 3, 6, 7, 9, 10, 11, 12, 13, 14], 119/1600, 147233/156800, 111/112, 20⟩,
    ⟨[8], [0, 1, 2, 3, 6, 8, 9, 10, 11, 12, 13, 14], 119/1600, 147233/156800, 111/112, 20⟩,
    ⟨[8], [0, 1, 2, 3, 7, 8, 9, 10, 11, 12, 13, 14], 119/1600, 147233/156800, 111/112, 20⟩,
    ⟨[8], [0, 1, 2, 4, 5, 6, 7, 8, 9, 10, 11, 12], 119/1600, 41611/44800, 111/112, 17⟩,
    ⟨[8], [0, 1, 2, 4, 5, 6, 7, 8, 9, 10, 11, 13], 119/1600, 136033/145600, 111/112, 18⟩,
    ⟨[8], [0, 1, 2, 4, 5, 6, 7, 8, 9, 10, 11, 14], 119/1600, 147233/156800, 111/112, 20⟩,
    ⟨[8], [0, 1, 2, 4, 5, 6, 7, 8, 9, 10, 12, 13], 119/1600, 136033/145600, 111/112, 18⟩,
    ⟨[8], [0, 1, 2, 4, 5, 6, 7, 8, 9, 10, 12, 14], 119/1600, 147233/156800, 111/112, 20⟩,
    ⟨[8], [0, 1, 2, 4, 5, 6, 7, 8, 9, 10, 13, 14], 119/1600, 147233/156800, 111/112, 20⟩,
    ⟨[8], [0, 1, 2, 4, 5, 6, 7, 8, 9, 11, 12, 13], 119/1600, 136033/145600, 111/112, 18⟩,
    ⟨[8], [0, 1, 2, 4, 5, 6, 7, 8, 9, 11, 12, 14], 119/1600, 147233/156800, 111/112, 20⟩,
    ⟨[8], [0, 1, 2, 4, 5, 6, 7, 8, 9, 11, 13, 14], 119/1600, 147233/156800, 111/112, 20⟩,
    ⟨[8], [0, 1, 2, 4, 5, 6, 7, 8, 9, 12, 13, 14], 119/1600, 147233/156800, 111/112, 20⟩,
    ⟨[8], [0, 1, 2, 4, 5, 6, 7, 8, 10, 11, 12, 13], 119/1600, 136033/145600, 111/112, 18⟩,
    ⟨[8], [0, 1, 2, 4, 5, 6, 7, 8, 10, 11, 12, 14], 119/1600, 147233/156800, 111/112, 20⟩,
    ⟨[8], [0, 1, 2, 4, 5, 6, 7, 8, 10, 11, 13, 14], 119/1600, 147233/156800, 111/112, 20⟩,
    ⟨[8], [0, 1, 2, 4, 5, 6, 7, 8, 10, 12, 13, 14], 119/1600, 147233/156800, 111/112, 20⟩,
    ⟨[8], [0, 1, 2, 4, 5, 6, 7, 8, 11, 12, 13, 14], 119/1600, 147233/156800, 111/112, 20⟩,
    ⟨[8], [0, 1, 2, 4, 5, 6, 7, 9, 10, 11, 12, 13], 119/1600, 136033/145600, 111/112, 18⟩,
    ⟨[8], [0, 1, 2, 4, 5, 6, 7, 9, 10, 11, 12, 14], 119/1600, 147233/156800, 111/112, 20⟩,
    ⟨[8], [0, 1, 2, 4, 5, 6, 7, 9, 10, 11, 13, 14], 119/1600, 147233/156800, 111/112, 20⟩,
    ⟨[8], [0, 1, 2, 4, 5, 6, 7, 9, 10, 12, 13, 14], 119/1600, 147233/156800, 111/112, 20⟩,
    ⟨[8], [0, 1, 2, 4, 5, 6, 7, 9, 11, 12, 13, 14], 119/1600, 147233/156800, 111/112, 20⟩,
    ⟨[8], [0, 1, 2, 4, 5, 6, 7, 10, 11, 12, 13, 14], 119/1600, 147233/156800, 111/112, 20⟩,
    ⟨[8], [0, 1, 2, 4, 5, 6, 8, 9, 10, 11, 12, 13], 119/1600, 136033/145600, 111/112, 18⟩,
    ⟨[8], [0, 1, 2, 4, 5, 6, 8, 9, 10, 11, 12, 14], 119/1600, 147233/156800, 111/112, 20⟩,
    ⟨[8], [0, 1, 2, 4, 5, 6, 8, 9, 10, 11, 13, 14], 119/1600, 147233/156800, 111/112, 20⟩,
    ⟨[8], [0, 1, 2, 4, 5, 6, 8, 9, 10, 12, 13, 14], 119/1600, 147233/156800, 111/112, 20⟩,
    ⟨[8], [0, 1, 2, 4, 5, 6, 8, 9, 11, 12, 13, 14], 119/1600, 147233/156800, 111/112, 20⟩,
    ⟨[8], [0, 1, 2, 4, 5, 6, 8, 10, 11, 12, 13, 14], 119/1600, 147233/156800, 111/112, 20⟩,
    ⟨[8], [0, 1, 2, 4, 5, 6, 9, 10, 11, 12, 13, 14], 119/1600, 147233/156800, 111/112, 20⟩,
    ⟨[8], [0, 1, 2, 4, 5, 7, 8, 9, 10, 11, 12, 13], 119/1600, 136033/145600, 111/112, 18⟩,
    ⟨[8], [0, 1, 2, 4, 5, 7, 8, 9, 10, 11, 12, 14], 119/1600, 147233/156800, 111/112, 20⟩,
    ⟨[8], [0, 1, 2, 4, 5, 7, 8, 9, 10, 11, 13, 14], 119/1600, 147233/156800, 111/112, 20⟩,
    ⟨[8], [0, 1, 2, 4, 5, 7, 8, 9, 10, 12, 13, 14], 119/1600, 147233/156800, 111/112, 20⟩,
    ⟨[8], [0, 1, 2, 4, 5, 7, 8, 9, 11, 12, 13, 14], 119/1600, 147233/156800, 111/112, 20⟩,
    ⟨[8], [0, 1, 2, 4, 5, 7, 8, 10, 11, 12, 13, 14], 119/1600, 147233/156800, 111/112, 20⟩,
    ⟨[8], [0, 1, 2, 4, 5, 7, 9, 10, 11, 12, 13, 14], 119/1600, 147233/156800, 111/112, 20⟩,
    ⟨[8], [0, 1, 2, 4, 5, 8, 9, 10, 11, 12, 13, 14], 119/1600, 147233/156800, 111/112, 20⟩,
    ⟨[8], [0, 1, 2, 4, 6, 7, 8, 9, 10, 11, 12, 13], 119/1600, 136033/145600, 111/112, 18⟩,
    ⟨[8], [0, 1, 2, 4, 6, 7, 8, 9, 10, 11, 12, 14], 119/1600, 147233/156800, 111/112, 20⟩,
    ⟨[8], [0, 1, 2, 4, 6, 7, 8, 9, 10, 11, 13, 14], 119/1600, 147233/156800, 111/112, 20⟩,
    ⟨[8], [0, 1, 2, 4, 6, 7, 8, 9, 10, 12, 13, 14], 119/1600, 147233/156800, 111/112, 20⟩,
    ⟨[8], [0, 1, 2, 4, 6, 7, 8, 9, 11, 12, 13, 14], 119/1600, 147233/156800, 111/112, 20⟩,
    ⟨[8], [0, 1, 2, 4, 6, 7, 8, 10, 11, 12, 13, 14], 119/1600, 147233/156800, 111/112, 20⟩,
    ⟨[8], [0, 1, 2, 4, 6, 7, 9, 10, 11, 12, 13, 14], 119/1600, 147233/156800, 111/112, 20⟩,
    ⟨[8], [0, 1, 2, 4, 6, 8, 9, 10, 11, 12, 13, 14], 119/1600, 147233/156800, 111/112, 20⟩,
    ⟨[8], [0, 1, 2, 4, 7, 8, 9, 10, 11, 12, 13, 14], 119/1600, 147233/156800, 111/112, 20⟩,
    ⟨[8], [0, 1, 2, 5, 6, 7, 8, 9, 10, 11, 12, 13], 119/1600, 136033/145600, 111/112, 18⟩,
    ⟨[8], [0, 1, 2, 5, 6, 7, 8, 9, 10, 11, 12, 14], 119/1600, 147233/156800, 111/112, 20⟩,
    ⟨[8], [0, 1, 2, 5, 6, 7, 8, 9, 10, 11, 13, 14], 119/1600, 147233/156800, 111/112, 20⟩,
    ⟨[8], [0, 1, 2, 5, 6, 7, 8, 9, 10, 12, 13, 14], 119/1600, 147233/156800, 111/112, 20⟩,
    ⟨[8], [0, 1, 2, 5, 6, 7, 8, 9, 11, 12, 13, 14], 119/1600, 147233/156800, 111/112, 20⟩,
    ⟨[8], [0, 1, 2, 5, 6, 7, 8, 10, 11, 12, 13, 14], 119/1600, 147233/156800, 111/112, 20⟩,
    ⟨[8], [0, 1, 2, 5, 6, 7, 9, 10, 11, 12, 13, 14], 119/1600, 147233/156800, 111/112, 20⟩,
    ⟨[8], [0, 1, 2, 5, 6, 8, 9, 10, 11, 12, 13, 14], 119/1600, 147233/156800, 111/112, 20⟩,
    ⟨[8], [0, 1, 2, 5, 7, 8, 9, 10, 11, 12, 13, 14], 119/1600, 147233/156800, 111/112, 20⟩,
    ⟨[8], [0, 1, 2, 6, 7, 8, 9, 10, 11, 12, 13, 14], 119/1600, 147233/156800, 111/112, 20⟩,
    ⟨[8], [0, 1, 3, 4, 5, 6, 7, 8, 9, 10, 11, 12], 119/1600, 41611/44800, 111/112, 17⟩,
    ⟨[8], [0, 1, 3, 4, 5, 6, 7, 8, 9, 10, 11, 13], 119/1600, 136033/145600, 111/112, 18⟩,
    ⟨[8], [0, 1, 3, 4, 5, 6, 7, 8, 9, 10, 11, 14], 119/1600, 147233/156800, 111/112, 20⟩,
    ⟨[8], [0, 1, 3, 4, 5, 6, 7, 8, 9, 10, 12, 13], 119/1600, 136033/145600, 111/112, 18⟩,
    ⟨[8], [0, 1, 3, 4, 5, 6, 7, 8, 9, 10, 12, 14], 119/1600, 147233/156800, 111/112, 20⟩,
    ⟨[8], [0, 1, 3, 4, 5, 6, 7, 8, 9, 10, 13, 14], 119/1600, 147233/156800, 111/112, 20⟩,
    ⟨[8], [0, 1, 3, 4, 5, 6, 7, 8, 9, 11, 12, 13], 119/1600, 136033/145600, 111/112, 18⟩,
    ⟨[8], [0, 1, 3, 4, 5, 6, 7, 8, 9, 11, 12, 14], 119/1600, 147233/156800, 111/112, 20⟩,
    ⟨[8], [0, 1, 3, 4, 5, 6, 7, 8, 9, 11, 13, 14], 119/1600, 147233/156800, 111/112, 20⟩,
    ⟨[8], [0, 1, 3, 4, 5, 6, 7, 8, 9, 12, 13, 14], 119/1600, 147233/156800, 111/112, 20⟩,
    ⟨[8], [0, 1, 3, 4, 5, 6, 7, 8, 10, 11, 12, 13], 119/1600, 136033/145600, 111/112, 18⟩,
    ⟨[8], [0, 1, 3, 4, 5, 6, 7, 8, 10, 11, 12, 14], 119/1600, 147233/156800, 111/112, 20⟩,
    ⟨[8], [0, 1, 3, 4, 5, 6, 7, 8, 10, 11, 13, 14], 119/1600, 147233/156800, 111/112, 20⟩,
    ⟨[8], [0, 1, 3, 4, 5, 6, 7, 8, 10, 12, 13, 14], 119/1600, 147233/156800, 111/112, 20⟩,
    ⟨[8], [0, 1, 3, 4, 5, 6, 7, 8, 11, 12, 13, 14], 119/1600, 147233/156800, 111/112, 20⟩,
    ⟨[8], [0, 1, 3, 4, 5, 6, 7, 9, 10, 11, 12, 13], 119/1600, 136033/145600, 111/112, 18⟩,
    ⟨[8], [0, 1, 3, 4, 5, 6, 7, 9, 10, 11, 12, 14], 119/1600, 147233/156800, 111/112, 20⟩,
    ⟨[8], [0, 1, 3, 4, 5, 6, 7, 9, 10, 11, 13, 14], 119/1600, 147233/156800, 111/112, 20⟩,
    ⟨[8], [0, 1, 3, 4, 5, 6, 7, 9, 10, 12, 13, 14], 119/1600, 147233/156800, 111/112, 20⟩,
    ⟨[8], [0, 1, 3, 4, 5, 6, 7, 9, 11, 12, 13, 14], 119/1600, 147233/156800, 111/112, 20⟩,
    ⟨[8], [0, 1, 3, 4, 5, 6, 7, 10, 11, 12, 13, 14], 119/1600, 147233/156800, 111/112, 20⟩,
    ⟨[8], [0, 1, 3, 4, 5, 6, 8, 9, 10, 11, 12, 13], 119/1600, 136033/145600, 111/112, 18⟩,
    ⟨[8], [0, 1, 3, 4, 5, 6, 8, 9, 10, 11, 12, 14], 119/1600, 147233/156800, 111/112, 20⟩,
    ⟨[8], [0, 1, 3, 4, 5, 6, 8, 9, 10, 11, 13, 14], 119/1600, 147233/156800, 111/112, 20⟩,
    ⟨[8], [0, 1, 3, 4, 5, 6, 8, 9, 10, 12, 13, 14], 119/1600, 147233/156800, 111/112, 20⟩,
    ⟨[8], [0, 1, 3, 4, 5, 6, 8, 9, 11, 12, 13, 14], 119/1600, 147233/156800, 111/112, 20⟩,
    ⟨[8], [0, 1, 3, 4, 5, 6, 8, 10, 11, 12, 13, 14], 119/1600, 147233/156800, 111/112, 20⟩,
    ⟨[8], [0, 1, 3, 4, 5, 6, 9, 10, 11, 12, 13, 14], 119/1600, 147233/156800, 111/112, 20⟩,
    ⟨[8], [0, 1, 3, 4, 5, 7, 8, 9, 10, 11, 12, 13], 119/1600, 136033/145600, 111/112, 18⟩,
    ⟨[8], [0, 1, 3, 4, 5, 7, 8, 9, 10, 11, 12, 14], 119/1600, 147233/156800, 111/112, 20⟩,
    ⟨[8], [0, 1, 3, 4, 5, 7, 8, 9, 10, 11, 13, 14], 119/1600, 147233/156800, 111/112, 20⟩,
    ⟨[8], [0, 1, 3, 4, 5, 7, 8, 9, 10, 12, 13, 14], 119/1600, 147233/156800, 111/112, 20⟩,
    ⟨[8], [0, 1, 3, 4, 5, 7, 8, 9, 11, 12, 13, 14], 119/1600, 147233/156800, 111/112, 20⟩,
    ⟨[8], [0, 1, 3, 4, 5, 7, 8, 10, 11, 12, 13, 14], 119/1600, 147233/156800, 111/112, 20⟩,
    ⟨[8], [0, 1, 3, 4, 5, 7, 9, 10, 11, 12, 13, 14], 119/1600, 147233/156800, 111/112, 20⟩,
    ⟨[8], [0, 1, 3, 4, 5, 8, 9, 10, 11, 12, 13, 14], 119/1600, 147233/156800, 111/112, 20⟩,
    ⟨[8], [0, 1, 3, 4, 6, 7, 8, 9, 10, 11, 12, 13], 119/1600, 136033/145600, 111/112, 18⟩,
    ⟨[8], [0, 1, 3, 4, 6, 7, 8, 9, 10, 11, 12, 14], 119/1600, 147233/156800, 111/112, 20⟩,
    ⟨[8], [0, 1, 3, 4, 6, 7, 8, 9, 10, 11, 13, 14], 119/1600, 147233/156800, 111/112, 20⟩,
    ⟨[8], [0, 1, 3, 4, 6, 7, 8, 9, 10, 12, 13, 14], 119/1600, 147233/156800, 111/112, 20⟩,
    ⟨[8], [0, 1, 3, 4, 6, 7, 8, 9, 11, 12, 13, 14], 119/1600, 147233/156800, 111/112, 20⟩,
    ⟨[8], [0, 1, 3, 4, 6, 7, 8, 10, 11, 12, 13, 14], 119/1600, 147233/156800, 111/112, 20⟩,
    ⟨[8], [0, 1, 3, 4, 6, 7, 9, 10, 11, 12, 13, 14], 119/1600, 147233/156800, 111/112, 20⟩,
    ⟨[8], [0, 1, 3, 4, 6, 8, 9, 10, 11, 12, 13, 14], 119/1600, 147233/156800, 111/112, 20⟩,
    ⟨[8], [0, 1, 3, 4, 7, 8, 9, 10, 11, 12, 13, 14], 119/1600, 147233/156800, 111/112, 20⟩,
    ⟨[8], [0, 1, 3, 5, 6, 7, 8, 9, 10, 11, 12, 13], 119/1600, 136033/145600, 111/112, 18⟩,
    ⟨[8], [0, 1, 3, 5, 6, 7, 8, 9, 10, 11, 12, 14], 119/1600, 147233/156800, 111/112, 20⟩,
    ⟨[8], [0, 1, 3, 5, 6, 7, 8, 9, 10, 11, 13, 14], 119/1600, 147233/156800, 111/112, 20⟩,
    ⟨[8], [0, 1, 3, 5, 6, 7, 8, 9, 10, 12, 13, 14], 119/1600, 147233/156800, 111/112, 20⟩,
    ⟨[8], [0, 1, 3, 5, 6, 7, 8, 9, 11, 12, 13, 14], 119/1600, 147233/156800, 111/112, 20⟩,
    ⟨[8], [0, 1, 3, 5, 6, 7, 8, 10, 11, 12, 13, 14], 119/1600, 147233/156800, 111/112, 20⟩,
    ⟨[8], [0, 1, 3, 5, 6, 7, 9, 10, 11, 12, 13, 14], 119/1600, 147233/156800, 111/112, 20⟩,
    ⟨[8], [0, 1, 3, 5, 6, 8, 9, 10, 11, 12, 13, 14], 119/1600, 147233/156800, 111/112, 20⟩,
    ⟨[8], [0, 1, 3, 5, 7, 8, 9, 10, 11, 12, 13, 14], 119/1600, 147233/156800, 111/112, 20⟩,
    ⟨[8], [0, 1, 3, 6, 7, 8, 9, 10, 11, 12, 13, 14], 119/1600, 147233/156800, 111/112, 20⟩,
    ⟨[8], [0, 1, 4, 5, 6, 7, 8, 9, 10, 11, 12, 13], 119/1600, 136033/145600, 111/112, 18⟩,
    ⟨[8], [0, 1, 4, 5, 6, 7, 8, 9, 10, 11, 12, 14], 119/1600, 147233/156800, 111/112, 20⟩,
    ⟨[8], [0, 1, 4, 5, 6, 7, 8, 9, 10, 11, 13, 14], 119/1600, 147233/156800, 111/112, 20⟩,
    ⟨[8], [0, 1, 4, 5, 6, 7, 8, 9, 10, 12, 13, 14], 119/1600, 147233/156800, 111/112, 20⟩,
    ⟨[8], [0, 1, 4, 5, 6, 7, 8, 9, 11, 12, 13, 14], 119/1600, 147233/156800, 111/112, 20⟩,
    ⟨[8], [0, 1, 4, 5, 6, 7, 8, 10, 11, 12, 13, 14], 119/1600, 147233/156800, 111/112, 20⟩,
    ⟨[8], [0, 1, 4, 5, 6, 7, 9, 10, 11, 12, 13, 14], 119/1600, 147233/156800, 111/112, 20⟩,
    ⟨[8], [0, 1, 4, 5, 6, 8, 9, 10, 11, 12, 13, 14], 119/1600, 147233/156800, 111/112, 20⟩,
    ⟨[8], [0, 1, 4, 5, 7, 8, 9, 10, 11, 12, 13, 14], 119/1600, 147233/156800, 111/112, 20⟩,
    ⟨[8], [0, 1, 4, 6, 7, 8, 9, 10, 11, 12, 13, 14], 119/1600, 147233/156800, 111/112, 20⟩,
    ⟨[8], [0, 1, 5, 6, 7, 8, 9, 10, 11, 12, 13, 14], 119/1600, 147233/156800, 111/112, 20⟩,
    ⟨[8], [0, 2, 3, 4, 5, 6, 7, 8, 9, 10, 11, 12], 119/1600, 41611/44800, 111/112, 17⟩,
    ⟨[8], [0, 2, 3, 4, 5, 6, 7, 8, 9, 10, 11, 13], 119/1600, 136033/145600, 111/112, 18⟩,
    ⟨[8], [0, 2, 3, 4, 5, 6, 7, 8, 9, 10, 11, 14], 119/1600, 147233/156800, 111/112, 20⟩,
    ⟨[8], [0, 2, 3, 4, 5, 6, 7, 8, 9, 10, 12, 13], 119/1600, 136033/145600, 111/112, 18⟩,
    ⟨[8], [0, 2, 3, 4, 5, 6, 7, 8, 9, 10, 12, 14], 119/1600, 147233/156800, 111/112, 20⟩,
    ⟨[8], [0, 2, 3, 4, 5, 6, 7, 8, 9, 10, 13, 14], 119/1600, 147233/156800, 111/112, 20⟩,
    ⟨[8], [0, 2, 3, 4, 5, 6, 7, 8, 9, 11, 12, 13], 119/1600, 136033/145600, 111/112, 18⟩,
    ⟨[8], [0, 2, 3, 4, 5, 6, 7, 8, 9, 11, 12, 14], 119/1600, 147233/156800, 111/112, 20⟩,
    ⟨[8], [0, 2, 3, 4, 5, 6, 7, 8, 9, 11, 13, 14], 119/1600, 147233/156800, 111/112, 20⟩,
    ⟨[8], [0, 2, 3, 4, 5, 6, 7, 8, 9, 12, 13, 14], 119/1600, 147233/156800, 111/112, 20⟩,
    ⟨[8], [0, 2, 3, 4, 5, 6, 7, 8, 10, 11, 12, 13], 119/1600, 136033/145600, 111/112, 18⟩,
    ⟨[8], [0, 2, 3, 4, 5, 6, 7, 8, 10, 11, 12, 14], 119/1600, 147233/156800, 111/112, 20⟩,
    ⟨[8], [0, 2, 3, 4, 5, 6, 7, 8, 10, 11, 13, 14], 119/1600, 147233/156800, 111/112, 20⟩,
    ⟨[8], [0, 2, 3, 4, 5, 6, 7, 8, 10, 12, 13, 14], 119/1600, 147233/156800, 111/112, 20⟩,
    ⟨[8], [0, 2, 3, 4, 5, 6, 7, 8, 11, 12, 13, 14], 119/1600, 147233/156800, 111/112, 20⟩,
    ⟨[8], [0, 2, 3, 4, 5, 6, 7, 9, 10, 11, 12, 13], 119/1600, 136033/145600, 111/112, 18⟩,
    ⟨[8], [0, 2, 3, 4, 5, 6, 7, 9, 10, 11, 12, 14], 119/1600, 147233/156800, 111/112, 20⟩,
    ⟨[8], [0, 2, 3, 4, 5, 6, 7, 9, 10, 11, 13, 14], 119/1600, 147233/156800, 111/112, 20⟩,
    ⟨[8], [0, 2, 3, 4, 5, 6, 7, 9, 10, 12, 13, 14], 119/1600, 147233/156800, 111/112, 20⟩,
    ⟨[8], [0, 2, 3, 4, 5, 6, 7, 9, 11, 12, 13, 14], 119/1600, 147233/156800, 111/112, 20⟩,
    ⟨[8], [0, 2, 3, 4, 5, 6, 7, 10, 11, 12, 13, 14], 119/1600, 147233/156800, 111/112, 20⟩,
    ⟨[8], [0, 2, 3, 4, 5, 6, 8, 9, 10, 11, 12, 13], 119/1600, 136033/145600, 111/112, 18⟩,
    ⟨[8], [0, 2, 3, 4, 5, 6, 8, 9, 10, 11, 12, 14], 119/1600, 147233/156800, 111/112, 20⟩,
    ⟨[8], [0, 2, 3, 4, 5, 6, 8, 9, 10, 11, 13, 14], 119/1600, 147233/156800, 111/112, 20⟩,
    ⟨[8], [0, 2, 3, 4, 5, 6, 8, 9, 10, 12, 13, 14], 119/1600, 147233/156800, 111/112, 20⟩,
    ⟨[8], [0, 2, 3, 4, 5, 6, 8, 9, 11, 12, 13, 14], 119/1600, 147233/156800, 111/112, 20⟩,
    ⟨[8], [0, 2, 3, 4, 5, 6, 8, 10, 11, 12, 13, 14], 119/1600, 147233/156800, 111/112, 20⟩,
    ⟨[8], [0, 2, 3, 4, 5, 6, 9, 10, 11, 12, 13, 14], 119/1600, 147233/156800, 111/112, 20⟩,
    ⟨[8], [0, 2, 3, 4, 5, 7, 8, 9, 10, 11, 12, 13], 119/1600, 136033/145600, 111/112, 18⟩,
    ⟨[8], [0, 2, 3, 4, 5, 7, 8, 9, 10, 11, 12, 14], 119/1600, 147233/156800, 111/112, 20⟩,
    ⟨[8], [0, 2, 3, 4, 5, 7, 8, 9, 10, 11, 13, 14], 119/1600, 147233/156800, 111/112, 20⟩,
    ⟨[8], [0, 2, 3, 4, 5, 7, 8, 9, 10, 12, 13, 14], 119/1600, 147233/156800, 111/112, 20⟩,
    ⟨[8], [0, 2, 3, 4, 5, 7, 8, 9, 11, 12, 13, 14], 119/1600, 147233/156800, 111/112, 20⟩,
    ⟨[8], [0, 2, 3, 4, 5, 7, 8, 10, 11, 12, 13, 14], 119/1600, 147233/156800, 111/112, 20⟩,
    ⟨[8], [0, 2, 3, 4, 5, 7, 9, 10, 11, 12, 13, 14], 119/1600, 147233/156800, 111/112, 20⟩,
    ⟨[8], [0, 2, 3, 4, 5, 8, 9, 10, 11, 12, 13, 14], 119/1600, 147233/156800, 111/112, 20⟩,
    ⟨[8], [0, 2, 3, 4, 6, 7, 8, 9, 10, 11, 12, 13], 119/1600, 136033/145600, 111/112, 18⟩,
    ⟨[8], [0, 2, 3, 4, 6, 7, 8, 9, 10, 11, 12, 14], 119/1600, 147233/156800, 111/112, 20⟩,
    ⟨[8], [0, 2, 3, 4, 6, 7, 8, 9, 10, 11, 13, 14], 119/1600, 147233/156800, 111/112, 20⟩,
    ⟨[8], [0, 2, 3, 4, 6, 7, 8, 9, 10, 12, 13, 14], 119/1600, 147233/156800, 111/112, 20⟩,
    ⟨[8], [0, 2, 3, 4, 6, 7, 8, 9, 11, 12, 13, 14], 119/1600, 147233/156800, 111/112, 20⟩,
    ⟨[8], [0, 2, 3, 4, 6, 7, 8, 10, 11, 12, 13, 14], 119/1600, 147233/156800, 111/112, 20⟩,
    ⟨[8], [0, 2, 3, 4, 6, 7, 9, 10, 11, 12, 13, 14], 119/1600, 147233/156800, 111/112, 20⟩,
    ⟨[8], [0, 2, 3, 4, 6, 8, 9, 10, 11, 12, 13, 14], 119/1600, 147233/156800, 111/112, 20⟩,
    ⟨[8], [0, 2, 3, 4, 7, 8, 9, 10, 11, 12, 13, 14], 119/1600, 147233/156800, 111/112, 20⟩,
    ⟨[8], [0, 2, 3, 5, 6, 7, 8, 9, 10, 11, 12, 13], 119/1600, 136033/145600, 111/112, 18⟩,
    ⟨[8], [0, 2, 3, 5, 6, 7, 8, 9, 10, 11, 12, 14], 119/1600, 147233/156800, 111/112, 20⟩,
    ⟨[8], [0, 2, 3, 5, 6, 7, 8, 9, 10, 11, 13, 14], 119/1600, 147233/156800, 111/112, 20⟩,
    ⟨[8], [0, 2, 3, 5, 6, 7, 8, 9, 10, 12, 13, 14], 119/1600, 147233/156800, 111/112, 20⟩,
    ⟨[8], [0, 2, 3, 5, 6, 7, 8, 9, 11, 12, 13, 14], 119/1600, 147233/156800, 111/112, 20⟩,
    ⟨[8], [0, 2, 3, 5, 6, 7, 8, 10, 11, 12, 13, 14], 119/1600, 147233/156800, 111/112, 20⟩,
    ⟨[8], [0, 2, 3, 5, 6, 7, 9, 10, 11, 12, 13, 14], 119/1600, 147233/156800, 111/112, 20⟩,
    ⟨[8], [0, 2, 3, 5, 6, 8, 9, 10, 11, 12, 13, 14], 119/1600, 147233/156800, 111/112, 20⟩,
    ⟨[8], [0, 2, 3, 5, 7, 8, 9, 10, 11, 12, 13, 14], 119/1600, 147233/156800, 111/112, 20⟩,
    ⟨[8], [0, 2, 3, 6, 7, 8, 9, 10, 11, 12, 13, 14], 119/1600, 147233/156800, 111/112, 20⟩,
    ⟨[8], [0, 2, 4, 5, 6, 7, 8, 9, 10, 11, 12, 13], 119/1600, 136033/145600, 111/112, 18⟩,
    ⟨[8], [0, 2, 4, 5, 6, 7, 8, 9, 10, 11, 12, 14], 119/1600, 147233/156800, 111/112, 20⟩,
    ⟨[8], [0, 2, 4, 5, 6, 7, 8, 9, 10, 11, 13, 14], 119/1600, 147233/156800, 111/112, 20⟩,
    ⟨[8], [0, 2, 4, 5, 6, 7, 8, 9, 10, 12, 13, 14], 119/1600, 147233/156800, 111/112, 20⟩,
    ⟨[8], [0, 2, 4, 5, 6, 7, 8, 9, 11, 12, 13, 14], 119/1600, 147233/156800, 111/112, 20⟩,
    ⟨[8], [0, 2, 4, 5, 6, 7, 8, 10, 11, 12, 13, 14], 119/1600, 147233/156800, 111/112, 20⟩,
    ⟨[8], [0, 2, 4, 5, 6, 7, 9, 10, 11, 12, 13, 14], 119/1600, 147233/156800, 111/112, 20⟩,
    ⟨[8], [0, 2, 4, 5, 6, 8, 9, 10, 11, 12, 13, 14], 119/1600, 147233/156800, 111/112, 20⟩,
    ⟨[8], [0, 2, 4, 5, 7, 8, 9, 10, 11, 12, 13, 14], 119/1600, 147233/156800, 111/112, 20⟩,
    ⟨[8], [0, 2, 4, 6, 7, 8, 9, 10, 11, 12, 13, 14], 119/1600, 147233/156800, 111/112, 20⟩,
    ⟨[8], [0, 2, 5, 6, 7, 8, 9, 10, 11, 12, 13, 14], 119/1600, 147233/156800, 111/112, 20⟩,
    ⟨[8], [0, 3, 4, 5, 6, 7, 8, 9, 10, 11, 12, 13], 119/1600, 136033/145600, 111/112, 18⟩,
    ⟨[8], [0, 3, 4, 5, 6, 7, 8, 9, 10, 11, 12, 14], 119/1600, 147233/156800, 111/112, 20⟩,
    ⟨[8], [0, 3, 4, 5, 6, 7, 8, 9, 10, 11, 13, 14], 119/1600, 147233/156800, 111/112, 20⟩,
    ⟨[8], [0, 3, 4, 5, 6, 7, 8, 9, 10, 12, 13, 14], 119/1600, 147233/156800, 111/112, 20⟩,
    ⟨[8], [0, 3, 4, 5, 6, 7, 8, 9, 11, 12, 13, 14], 119/1600, 147233/156800, 111/112, 20⟩,
    ⟨[8], [0, 3, 4, 5, 6, 7, 8, 10, 11, 12, 13, 14], 119/1600, 147233/156800, 111/112, 20⟩,
    ⟨[8], [0, 3, 4, 5, 6, 7, 9, 10, 11, 12, 13, 14], 119/1600, 147233/156800, 111/112, 20⟩,
    ⟨[8], [0, 3, 4, 5, 6, 8, 9, 10, 11, 12, 13, 14], 119/1600, 147233/156800, 111/112, 20⟩,
    ⟨[8], [0, 3, 4, 5, 7, 8, 9, 10, 11, 12, 13, 14], 119/1600, 147233/156800, 111/112, 20⟩,
    ⟨[8], [0, 3, 4, 6, 7, 8, 9, 10, 11, 12, 13, 14], 119/1600, 147233/156800, 111/112, 20⟩,
    ⟨[8], [0, 3, 5, 6, 7, 8, 9, 10, 11, 12, 13, 14], 119/1600, 147233/156800, 111/112, 20⟩,
    ⟨[8], [0, 4, 5, 6, 7, 8, 9, 10, 11, 12, 13, 14], 119/1600, 147233/156800, 111/112, 20⟩,
    ⟨[9], [0, 1, 2, 3, 4, 5, 6, 7, 8, 9, 10, 11], 119/1600, 113633/123200, 125/126, 15⟩,
    ⟨[9], [0, 1, 2, 3, 4, 5, 6, 7, 8, 9, 10, 12], 119/1600, 41611/44800, 125/126, 16⟩,
    ⟨[9], [0, 1, 2, 3, 4, 5, 6, 7, 8, 9, 10, 13], 119/1600, 136033/145600, 125/126, 18⟩,
    ⟨[9], [0, 1, 2, 3, 4, 5, 6, 7, 8, 9, 10, 14], 119/1600, 147233/156800, 125/126, 19⟩,
    ⟨[9], [0, 1, 2, 3, 4, 5, 6, 7, 8, 9, 11, 12], 119/1600, 41611/44800, 125/126, 16⟩,
    ⟨[9], [0, 1, 2, 3, 4, 5, 6, 7, 8, 9, 11, 13], 119/1600, 136033/145600, 125/126, 18⟩,
    ⟨[9], [0, 1, 2, 3, 4, 5, 6, 7, 8, 9, 11, 14], 119/1600, 147233/156800, 125/126, 19⟩,
    ⟨[9], [0, 1, 2, 3, 4, 5, 6, 7, 8, 9, 12, 13], 119/1600, 136033/145600, 125/126, 18⟩,
    ⟨[9], [0, 1, 2, 3, 4, 5, 6, 7, 8, 9, 12, 14], 119/1600, 147233/156800, 125/126, 19⟩,
    ⟨[9], [0, 1, 2, 3, 4, 5, 6, 7, 8, 9, 13, 14], 119/1600, 147233/156800, 125/126, 19⟩,
    ⟨[9], [0, 1, 2, 3, 4, 5, 6, 7, 8, 10, 11, 12], 119/1600, 41611/44800, 125/126, 16⟩,
    ⟨[9], [0, 1, 2, 3, 4, 5, 6, 7, 8, 10, 11, 13], 119/1600, 136033/145600, 125/126, 18⟩,
    ⟨[9], [0, 1, 2, 3, 4, 5, 6, 7, 8, 10, 11, 14], 119/1600, 147233/156800, 125/126, 19⟩,
    ⟨[9], [0, 1, 2, 3, 4, 5, 6, 7, 8, 10, 12, 13], 119/1600, 136033/145600, 125/126, 18⟩,
    ⟨[9], [0, 1, 2, 3, 4, 5, 6, 7, 8, 10, 12, 14], 119/1600, 147233/156800, 125/126, 19⟩,
    ⟨[9], [0, 1, 2, 3, 4, 5, 6, 7, 8, 10, 13, 14], 119/1600, 147233/156800, 125/126, 19⟩,
    ⟨[9], [0, 1, 2, 3, 4, 5, 6, 7, 8, 11, 12, 13], 119/1600, 136033/145600, 125/126, 18⟩,
    ⟨[9], [0, 1, 2, 3, 4, 5, 6, 7, 8, 11, 12, 14], 119/1600, 147233/156800, 125/126, 19⟩,
    ⟨[9], [0, 1, 2, 3, 4, 5, 6, 7, 8, 11, 13, 14], 119/1600, 147233/156800, 125/126, 19⟩,
    ⟨[9], [0, 1, 2, 3, 4, 5, 6, 7, 8, 12, 13, 14], 119/1600, 147233/156800, 125/126, 19⟩,
    ⟨[9], [0, 1, 2, 3, 4, 5, 6, 7, 9, 10, 11, 12], 119/1600, 41611/44800, 125/126, 16⟩,
    ⟨[9], [0, 1, 2, 3, 4, 5, 6, 7, 9, 10, 11, 13], 119/1600, 136033/145600, 125/126, 18⟩,
    ⟨[9], [0, 1, 2, 3, 4, 5, 6, 7, 9, 10, 11, 14], 119/1600, 147233/156800, 125/126, 19⟩,
    ⟨[9], [0, 1, 2, 3, 4, 5, 6, 7, 9, 10, 12, 13], 119/1600, 136033/145600, 125/126, 18⟩,
    ⟨[9], [0, 1, 2, 3, 4, 5, 6, 7, 9, 10, 12, 14], 119/1600, 147233/156800, 125/126, 19⟩,
    ⟨[9], [0, 1, 2, 3, 4, 5, 6, 7, 9, 10, 13, 14], 119/1600, 147233/156800, 125/126, 19⟩,
    ⟨[9], [0, 1, 2, 3, 4, 5, 6, 7, 9, 11, 12, 13], 119/1600, 136033/145600, 125/126, 18⟩,
    ⟨[9], [0, 1, 2, 3, 4, 5, 6, 7, 9, 11, 12, 14], 119/1600, 147233/156800, 125/126, 19⟩,
    ⟨[9], [0, 1, 2, 3, 4, 5, 6, 7, 9, 11, 13, 14], 119/1600, 147233/156800, 125/126, 19⟩,
    ⟨[9], [0, 1, 2, 3, 4, 5, 6, 7, 9, 12, 13, 14], 119/1600, 147233/156800, 125/126, 19⟩,
    ⟨[9], [0, 1, 2, 3, 4, 5, 6, 7, 10, 11, 12, 13], 119/1600, 136033/145600, 125/126, 18⟩,
    ⟨[9], [0, 1, 2, 3, 4, 5, 6, 7, 10, 11, 12, 14], 119/1600, 147233/156800, 125/126, 19⟩,
    ⟨[9], [0, 1, 2, 3, 4, 5, 6, 7, 10, 11, 13, 14], 119/1600, 147233/156800, 125/126, 19⟩,
    ⟨[9], [0, 1, 2, 3, 4, 5, 6, 7, 10, 12, 13, 14], 119/1600, 147233/156800, 125/126, 19⟩,
    ⟨[9], [0, 1, 2, 3, 4, 5, 6, 7, 11, 12, 13, 14], 119/1600, 147233/156800, 125/126, 19⟩,
    ⟨[9], [0, 1, 2, 3, 4, 5, 6, 8, 9, 10, 11, 12], 119/1600, 41611/44800, 125/126, 16⟩,
    ⟨[9], [0, 1, 2, 3, 4, 5, 6, 8, 9, 10, 11, 13], 119/1600, 136033/145600, 125/126, 18⟩,
    ⟨[9], [0, 1, 2, 3, 4, 5, 6, 8, 9, 10, 11, 14], 119/1600, 147233/156800, 125/126, 19⟩,
    ⟨[9], [0, 1, 2, 3, 4, 5, 6, 8, 9, 10, 12, 13], 119/1600, 136033/145600, 125/126, 18⟩,
    ⟨[9], [0, 1, 2, 3, 4, 5, 6, 8, 9, 10, 12, 14], 119/1600, 147233/156800, 125/126, 19⟩,
    ⟨[9], [0, 1, 2, 3, 4, 5, 6, 8, 9, 10, 13, 14], 119/1600, 147233/156800, 125/126, 19⟩,
    ⟨[9], [0, 1, 2, 3, 4, 5, 6, 8, 9, 11, 12, 13], 119/1600, 136033/145600, 125/126, 18⟩,
    ⟨[9], [0, 1, 2, 3, 4, 5, 6, 8, 9, 11, 12, 14], 119/1600, 147233/156800, 125/126, 19⟩,
    ⟨[9], [0, 1, 2, 3, 4, 5, 6, 8, 9, 11, 13, 14], 119/1600, 147233/156800, 125/126, 19⟩,
    ⟨[9], [0, 1, 2, 3, 4, 5, 6, 8, 9, 12, 13, 14], 119/1600, 147233/156800, 125/126, 19⟩,
    ⟨[9], [0, 1, 2, 3, 4, 5, 6, 8, 10, 11, 12, 13], 119/1600, 136033/145600, 125/126, 18⟩,
    ⟨[9], [0, 1, 2, 3, 4, 5, 6, 8, 10, 11, 12, 14], 119/1600, 147233/156800, 125/126, 19⟩,
    ⟨[9], [0, 1, 2, 3, 4, 5, 6, 8, 10, 11, 13, 14], 119/1600, 147233/156800, 125/126, 19⟩,
    ⟨[9], [0, 1, 2, 3, 4, 5, 6, 8, 10, 12, 13, 14], 119/1600, 147233/156800, 125/126, 19⟩,
    ⟨[9], [0, 1, 2, 3, 4, 5, 6, 8, 11, 12, 13, 14], 119/1600, 147233/156800, 125/126, 19⟩,
    ⟨[9], [0, 1, 2, 3, 4, 5, 6, 9, 10, 11, 12, 13], 119/1600, 136033/145600, 125/126, 18⟩,
    ⟨[9], [0, 1, 2, 3, 4, 5, 6, 9, 10, 11, 12, 14], 119/1600, 147233/156800, 125/126, 19⟩,
    ⟨[9], [0, 1, 2, 3, 4, 5, 6, 9, 10, 11, 13, 14], 119/1600, 147233/156800, 125/126, 19⟩,
    ⟨[9], [0, 1, 2, 3, 4, 5, 6, 9, 10, 12, 13, 14], 119/1600, 147233/156800, 125/126, 19⟩,
    ⟨[9], [0, 1, 2, 3, 4, 5, 6, 9, 11, 12, 13, 14], 119/1600, 147233/156800, 125/126, 19⟩,
    ⟨[9], [0, 1, 2, 3, 4, 5, 6, 10, 11, 12, 13, 14], 119/1600, 147233/156800, 125/126, 19⟩,
    ⟨[9], [0, 1, 2, 3, 4, 5, 7, 8, 9, 10, 11, 12], 119/1600, 41611/44800, 125/126, 16⟩,
    ⟨[9], [0, 1, 2, 3, 4, 5, 7, 8, 9, 10, 11, 13], 119/1600, 136033/145600, 125/126, 18⟩,
    ⟨[9], [0, 1, 2, 3, 4, 5, 7, 8, 9, 10, 11, 14], 119/1600, 147233/156800, 125/126, 19⟩,
    ⟨[9], [0, 1, 2, 3, 4, 5, 7, 8, 9, 10, 12, 13], 119/1600, 136033/145600, 125/126, 18⟩,
    ⟨[9], [0, 1, 2, 3, 4, 5, 7, 8, 9, 10, 12, 14], 119/1600, 147233/156800, 125/126, 19⟩,
    ⟨[9], [0, 1, 2, 3, 4, 5, 7, 8, 9, 10, 13, 14], 119/1600, 147233/156800, 125/126, 19⟩,
    ⟨[9], [0, 1, 2, 3, 4, 5, 7, 8, 9, 11, 12, 13], 119/1600, 136033/145600, 125/126, 18⟩,
    ⟨[9], [0, 1, 2, 3, 4, 5, 7, 8, 9, 11, 12, 14], 119/1600, 147233/156800, 125/126, 19⟩,
    ⟨[9], [0, 1, 2, 3, 4, 5, 7, 8, 9, 11, 13, 14], 119/1600, 147233/156800, 125/126, 19⟩,
    ⟨[9], [0, 1, 2, 3, 4, 5, 7, 8, 9, 12, 13, 14], 119/1600, 147233/156800, 125/126, 19⟩,
    ⟨[9], [0, 1, 2, 3, 4, 5, 7, 8, 10, 11, 12, 13], 119/1600, 136033/145600, 125/126, 18⟩,
    ⟨[9], [0, 1, 2, 3, 4, 5, 7, 8, 10, 11, 12, 14], 119/1600, 147233/156800, 125/126, 19⟩,
    ⟨[9], [0, 1, 2, 3, 4, 5, 7, 8, 10, 11, 13, 14], 119/1600, 147233/156800, 125/126, 19⟩,
    ⟨[9], [0, 1, 2, 3, 4, 5, 7, 8, 10, 12, 13, 14], 119/1600, 147233/156800, 125/126, 19⟩,
    ⟨[9], [0, 1, 2, 3, 4, 5, 7, 8, 11, 12, 13, 14], 119/1600, 147233/156800, 125/126, 19⟩,
    ⟨[9], [0, 1, 2, 3, 4, 5, 7, 9, 10, 11, 12, 13], 119/1600, 136033/145600, 125/126, 18⟩,
    ⟨[9], [0, 1, 2, 3, 4, 5, 7, 9, 10, 11, 12, 14], 119/1600, 147233/156800, 125/126, 19⟩,
    ⟨[9], [0, 1, 2, 3, 4, 5, 7, 9, 10, 11, 13, 14], 119/1600, 147233/156800, 125/126, 19⟩,
    ⟨[9], [0, 1, 2, 3, 4, 5, 7, 9, 10, 12, 13, 14], 119/1600, 147233/156800, 125/126, 19⟩,
    ⟨[9], [0, 1, 2, 3, 4, 5, 7, 9, 11, 12, 13, 14], 119/1600, 147233/156800, 125/126, 19⟩,
    ⟨[9], [0, 1, 2, 3, 4, 5, 7, 10, 11, 12, 13, 14], 119/1600, 147233/156800, 125/126, 19⟩,
    ⟨[9], [0, 1, 2, 3, 4, 5, 8, 9, 10, 11, 12, 13], 119/1600, 136033/145600, 125/126, 18⟩,
    ⟨[9], [0, 1, 2, 3, 4, 5, 8, 9, 10, 11, 12, 14], 119/1600, 147233/156800, 125/126, 19⟩,
    ⟨[9], [0, 1, 2, 3, 4, 5, 8, 9, 10, 11, 13, 14], 119/1600, 147233/156800, 125/126, 19⟩,
    ⟨[9], [0, 1, 2, 3, 4, 5, 8, 9, 10, 12, 13, 14], 119/1600, 147233/156800, 125/126, 19⟩,
    ⟨[9], [0, 1, 2, 3, 4, 5, 8, 9, 11, 12, 13, 14], 119/1600, 147233/156800, 125/126, 19⟩,
    ⟨[9], [0, 1, 2, 3, 4, 5, 8, 10, 11, 12, 13, 14], 119/1600, 147233/156800, 125/126, 19⟩,
    ⟨[9], [0, 1, 2, 3, 4, 5, 9, 10, 11, 12, 13, 14], 119/1600, 147233/156800, 125/126, 19⟩,
    ⟨[9], [0, 1, 2, 3, 4, 6, 7, 8, 9, 10, 11, 12], 119/1600, 41611/44800, 125/126, 16⟩,
    ⟨[9], [0, 1, 2, 3, 4, 6, 7, 8, 9, 10, 11, 13], 119/1600, 136033/145600, 125/126, 18⟩,
    ⟨[9], [0, 1, 2, 3, 4, 6, 7, 8, 9, 10, 11, 14], 119/1600, 147233/156800, 125/126, 19⟩,
    ⟨[9], [0, 1, 2, 3, 4, 6, 7, 8, 9, 10, 12, 13], 119/1600, 136033/145600, 125/126, 18⟩,
    ⟨[9], [0, 1, 2, 3, 4, 6, 7, 8, 9, 10, 12, 14], 119/1600, 147233/156800, 125/126, 19⟩,
    ⟨[9], [0, 1, 2, 3, 4, 6, 7, 8, 9, 10, 13, 14], 119/1600, 147233/156800, 125/126, 19⟩,
    ⟨[9], [0, 1, 2, 3, 4, 6, 7, 8, 9, 11, 12, 13], 119/1600, 136033/145600, 125/126, 18⟩,
    ⟨[9], [0, 1, 2, 3, 4, 6, 7, 8, 9, 11, 12, 14], 119/1600, 147233/156800, 125/126, 19⟩,
    ⟨[9], [0, 1, 2, 3, 4, 6, 7, 8, 9, 11, 13, 14], 119/1600, 147233/156800, 125/126, 19⟩,
    ⟨[9], [0, 1, 2, 3, 4, 6, 7, 8, 9, 12, 13, 14], 119/1600, 147233/156800, 125/126, 19⟩,
    ⟨[9], [0, 1, 2, 3, 4, 6, 7, 8, 10, 11, 12, 13], 119/1600, 136033/145600, 125/126, 18⟩,
    ⟨[9], [0, 1, 2, 3, 4, 6, 7, 8, 10, 11, 12, 14], 119/1600, 147233/156800, 125/126, 19⟩,
    ⟨[9], [0, 1, 2, 3, 4, 6, 7, 8, 10, 11, 13, 14], 119/1600, 147233/156800, 125/126, 19⟩,
    ⟨[9], [0, 1, 2, 3, 4, 6, 7, 8, 10, 12, 13, 14], 119/1600, 147233/156800, 125/126, 19⟩,
    ⟨[9], [0, 1, 2, 3, 4, 6, 7, 8, 11, 12, 13, 14], 119/1600, 147233/156800, 125/126, 19⟩,
    ⟨[9], [0, 1, 2, 3, 4, 6, 7, 9, 10, 11, 12, 13], 119/1600, 136033/145600, 125/126, 18⟩,
    ⟨[9], [0, 1, 2, 3, 4, 6, 7, 9, 10, 11, 12, 14], 119/1600, 147233/156800, 125/126, 19⟩,
    ⟨[9], [0, 1, 2, 3, 4, 6, 7, 9, 10, 11, 13, 14], 119/1600, 147233/156800, 125/126, 19⟩,
    ⟨[9], [0, 1, 2, 3, 4, 6, 7, 9, 10, 12, 13, 14], 119/1600, 147233/156800, 125/126, 19⟩,
    ⟨[9], [0, 1, 2, 3, 4, 6, 7, 9, 11, 12, 13, 14], 119/1600, 147233/156800, 125/126, 19⟩,
    ⟨[9], [0, 1, 2, 3, 4, 6, 7, 10, 11, 12, 13, 14], 119/1600, 147233/156800, 125/126, 19⟩,
    ⟨[9], [0, 1, 2, 3, 4, 6, 8, 9, 10, 11, 12, 13], 119/1600, 136033/145600, 125/126, 18⟩,
    ⟨[9], [0, 1, 2, 3, 4, 6, 8, 9, 10, 11, 12, 14], 119/1600, 147233/156800, 125/126, 19⟩,
    ⟨[9], [0, 1, 2, 3, 4, 6, 8, 9, 10, 11, 13, 14], 119/1600, 147233/156800, 125/126, 19⟩,
    ⟨[9], [0, 1, 2, 3, 4, 6, 8, 9, 10, 12, 13, 14], 119/1600, 147233/156800, 125/126, 19⟩,
    ⟨[9], [0, 1, 2, 3, 4, 6, 8, 9, 11, 12, 13, 14], 119/1600, 147233/156800, 125/126, 19⟩,
    ⟨[9], [0, 1, 2, 3, 4, 6, 8, 10, 11, 12, 13, 14], 119/1600, 147233/156800, 125/126, 19⟩,
    ⟨[9], [0, 1, 2, 3, 4, 6, 9, 10, 11, 12, 13, 14], 119/1600, 147233/156800, 125/126, 19⟩,
    ⟨[9], [0, 1, 2, 3, 4, 7, 8, 9, 10, 11, 12, 13], 119/1600, 136033/145600, 125/126, 18⟩,
    ⟨[9], [0, 1, 2, 3, 4, 7, 8, 9, 10, 11, 12, 14], 119/1600, 147233/156800, 125/126, 19⟩,
    ⟨[9], [0, 1, 2, 3, 4, 7, 8, 9, 10, 11, 13, 14], 119/1600, 147233/156800, 125/126, 19⟩,
    ⟨[9], [0, 1, 2, 3, 4, 7, 8, 9, 10, 12, 13, 14], 119/1600, 147233/156800, 125/126, 19⟩,
    ⟨[9], [0, 1, 2, 3, 4, 7, 8, 9, 11, 12, 13, 14], 119/1600, 147233/156800, 125/126, 19⟩,
    ⟨[9], [0, 1, 2, 3, 4, 7, 8, 10, 11, 12, 13, 14], 119/1600, 147233/156800, 125/126, 19⟩,
    ⟨[9], [0, 1, 2, 3, 4, 7, 9, 10, 11, 12, 13, 14], 119/1600, 147233/156800, 125/126, 19⟩,
    ⟨[9], [0, 1, 2, 3, 4, 8, 9, 10, 11, 12, 13, 14], 119/1600, 147233/156800, 125/126, 19⟩,
    ⟨[9], [0, 1, 2, 3, 5, 6, 7, 8, 9, 10, 11, 12], 119/1600, 41611/44800, 125/126, 16⟩,
    ⟨[9], [0, 1, 2, 3, 5, 6, 7, 8, 9, 10, 11, 13], 119/1600, 136033/145600, 125/126, 18⟩,
    ⟨[9], [0, 1, 2, 3, 5, 6, 7, 8, 9, 10, 11, 14], 119/1600, 147233/156800, 125/126, 19⟩,
    ⟨[9], [0, 1, 2, 3, 5, 6, 7, 8, 9, 10, 12, 13], 119/1600, 136033/145600, 125/126, 18⟩,
    ⟨[9], [0, 1, 2, 3, 5, 6, 7, 8, 9, 10, 12, 14], 119/1600, 147233/156800, 125/126, 19⟩,
    ⟨[9], [0, 1, 2, 3, 5, 6, 7, 8, 9, 10, 13, 14], 119/1600, 147233/156800, 125/126, 19⟩,
    ⟨[9], [0, 1, 2, 3, 5, 6, 7, 8, 9, 11, 12, 13], 119/1600, 136033/145600, 125/126, 18⟩,
    ⟨[9], [0, 1, 2, 3, 5, 6, 7, 8, 9, 11, 12, 14], 119/1600, 147233/156800, 125/126, 19⟩,
    ⟨[9], [0, 1, 2, 3, 5, 6, 7, 8, 9, 11, 13, 14], 119/1600, 147233/156800, 125/126, 19⟩,
    ⟨[9], [0, 1, 2, 3, 5, 6, 7, 8, 9, 12, 13, 14], 119/1600, 147233/156800, 125/126, 19⟩,
    ⟨[9], [0, 1, 2, 3, 5, 6, 7, 8, 10, 11, 12, 13], 119/1600, 136033/145600, 125/126, 18⟩,
    ⟨[9], [0, 1, 2, 3, 5, 6, 7, 8, 10, 11, 12, 14], 119/1600, 147233/156800, 125/126, 19⟩,
    ⟨[9], [0, 1, 2, 3, 5, 6, 7, 8, 10, 11, 13, 14], 119/1600, 147233/156800, 125/126, 19⟩,
    ⟨[9], [0, 1, 2, 3, 5, 6, 7, 8, 10, 12, 13, 14], 119/1600, 147233/156800, 125/126, 19⟩,
    ⟨[9], [0, 1, 2, 3, 5, 6, 7, 8, 11, 12, 13, 14], 119/1600, 147233/156800, 125/126, 19⟩,
    ⟨[9], [0, 1, 2, 3, 5, 6, 7, 9, 10, 11, 12, 13], 119/1600, 136033/145600, 125/126, 18⟩,
    ⟨[9], [0, 1, 2, 3, 5, 6, 7, 9, 10, 11, 12, 14], 119/1600, 147233/156800, 125/126, 19⟩,
    ⟨[9], [0, 1, 2, 3, 5, 6, 7, 9, 10, 11, 13, 14], 119/1600, 147233/156800, 125/126, 19⟩,
    ⟨[9], [0, 1, 2, 3, 5, 6, 7, 9, 10, 12, 13, 14], 119/1600, 147233/156800, 125/126, 19⟩,
    ⟨[9], [0, 1, 2, 3, 5, 6, 7, 9, 11, 12, 13, 14], 119/1600, 147233/156800, 125/126, 19⟩,
    ⟨[9], [0, 1, 2, 3, 5, 6, 7, 10, 11, 12, 13, 14], 119/1600, 147233/156800, 125/126, 19⟩,
    ⟨[9], [0, 1, 2, 3, 5, 6, 8, 9, 10, 11, 12, 13], 119/1600, 136033/145600, 125/126, 18⟩,
    ⟨[9], [0, 1, 2, 3, 5, 6, 8, 9, 10, 11, 12, 14], 119/1600, 147233/156800, 125/126, 19⟩,
    ⟨[9], [0, 1, 2, 3, 5, 6, 8, 9, 10, 11, 13, 14], 119/1600, 147233/156800, 125/126, 19⟩,
    ⟨[9], [0, 1, 2, 3, 5, 6, 8, 9, 10, 12, 13, 14], 119/1600, 147233/156800, 125/126, 19⟩,
    ⟨[9], [0, 1, 2, 3, 5, 6, 8, 9, 11, 12, 13, 14], 119/1600, 147233/156800, 125/126, 19⟩,
    ⟨[9], [0, 1, 2, 3, 5, 6, 8, 10, 11, 12, 13, 14], 119/1600, 147233/156800, 125/126, 19⟩,
    ⟨[9], [0, 1, 2, 3, 5, 6, 9, 10, 11, 12, 13, 14], 119/1600, 147233/156800, 125/126, 19⟩,
    ⟨[9], [0, 1, 2, 3, 5, 7, 8, 9, 10, 11, 12, 13], 119/1600, 136033/145600, 125/126, 18⟩,
    ⟨[9], [0, 1, 2, 3, 5, 7, 8, 9, 10, 11, 12, 14], 119/1600, 147233/156800, 125/126, 19⟩,
    ⟨[9], [0, 1, 2, 3, 5, 7, 8, 9, 10, 11, 13, 14], 119/1600, 147233/156800, 125/126, 19⟩,
    ⟨[9], [0, 1, 2, 3, 5, 7, 8, 9, 10, 12, 13, 14], 119/1600, 147233/156800, 125/126, 19⟩,
    ⟨[9], [0, 1, 2, 3, 5, 7, 8, 9, 11, 12, 13, 14], 119/1600, 147233/156800, 125/126, 19⟩,
    ⟨[9], [0, 1, 2, 3, 5, 7, 8, 10, 11, 12, 13, 14], 119/1600, 147233/156800, 125/126, 19⟩,
    ⟨[9], [0, 1, 2, 3, 5, 7, 9, 10, 11, 12, 13, 14], 119/1600, 147233/156800, 125/126, 19⟩,
    ⟨[9], [0, 1, 2, 3, 5, 8, 9, 10, 11, 12, 13, 14], 119/1600, 147233/156800, 125/126, 19⟩,
    ⟨[9], [0, 1, 2, 3, 6, 7, 8, 9, 10, 11, 12, 13], 119/1600, 136033/145600, 125/126, 18⟩,
    ⟨[9], [0, 1, 2, 3, 6, 7, 8, 9, 10, 11, 12, 14], 119/1600, 147233/156800, 125/126, 19⟩,
    ⟨[9], [0, 1, 2, 3, 6, 7, 8, 9, 10, 11, 13, 14], 119/1600, 147233/156800, 125/126, 19⟩,
    ⟨[9], [0, 1, 2, 3, 6, 7, 8, 9, 10, 12, 13, 14], 119/1600, 147233/156800, 125/126, 19⟩,
    ⟨[9], [0, 1, 2, 3, 6, 7, 8, 9, 11, 12, 13, 14], 119/1600, 147233/156800, 125/126, 19⟩,
    ⟨[9], [0, 1, 2, 3, 6, 7, 8, 10, 11, 12, 13, 14], 119/1600, 147233/156800, 125/126, 19⟩,
    ⟨[9], [0, 1, 2, 3, 6, 7, 9, 10, 11, 12, 13, 14], 119/1600, 147233/156800, 125/126, 19⟩,
    ⟨[9], [0, 1, 2, 3, 6, 8, 9, 10, 11, 12, 13, 14], 119/1600, 147233/156800, 125/126, 19⟩,
    ⟨[9], [0, 1, 2, 3, 7, 8, 9, 10, 11, 12, 13, 14], 119/1600, 147233/156800, 125/126, 19⟩,
    ⟨[9], [0, 1, 2, 4, 5, 6, 7, 8, 9, 10, 11, 12], 119/1600, 41611/44800, 125/126, 16⟩,
    ⟨[9], [0, 1, 2, 4, 5, 6, 7, 8, 9, 10, 11, 13], 119/1600, 136033/145600, 125/126, 18⟩,
    ⟨[9], [0, 1, 2, 4, 5, 6, 7, 8, 9, 10, 11, 14], 119/1600, 147233/156800, 125/126, 19⟩,
    ⟨[9], [0, 1, 2, 4, 5, 6, 7, 8, 9, 10, 12, 13], 119/1600, 136033/145600, 125/126, 18⟩,
    ⟨[9], [0, 1, 2, 4, 5, 6, 7, 8, 9, 10, 12, 14], 119/1600, 147233/156800, 125/126, 19⟩,
    ⟨[9], [0, 1, 2, 4, 5, 6, 7, 8, 9, 10, 13, 14], 119/1600, 147233/156800, 125/126, 19⟩,
    ⟨[9], [0, 1, 2, 4, 5, 6, 7, 8, 9, 11, 12, 13], 119/1600, 136033/145600, 125/126, 18⟩,
    ⟨[9], [0, 1, 2, 4, 5, 6, 7, 8, 9, 11, 12, 14], 119/1600, 147233/156800, 125/126, 19⟩,
    ⟨[9], [0, 1, 2, 4, 5, 6, 7, 8, 9, 11, 13, 14], 119/1600, 147233/156800, 125/126, 19⟩,
    ⟨[9], [0, 1, 2, 4, 5, 6, 7, 8, 9, 12, 13, 14], 119/1600, 147233/156800, 125/126, 19⟩,
    ⟨[9], [0, 1, 2, 4, 5, 6, 7, 8, 10, 11, 12, 13], 119/1600, 136033/145600, 125/126, 18⟩,
    ⟨[9], [0, 1, 2, 4, 5, 6, 7, 8, 10, 11, 12, 14], 119/1600, 147233/156800, 125/126, 19⟩,
    ⟨[9], [0, 1, 2, 4, 5, 6, 7, 8, 10, 11, 13, 14], 119/1600, 147233/156800, 125/126, 19⟩,
    ⟨[9], [0, 1, 2, 4, 5, 6, 7, 8, 10, 12, 13, 14], 119/1600, 147233/156800, 125/126, 19⟩,
    ⟨[9], [0, 1, 2, 4, 5, 6, 7, 8, 11, 12, 13, 14], 119/1600, 147233/156800, 125/126, 19⟩,
    ⟨[9], [0, 1, 2, 4, 5, 6, 7, 9, 10, 11, 12, 13], 119/1600, 136033/145600, 125/126, 18⟩,
    ⟨[9], [0, 1, 2, 4, 5, 6, 7, 9, 10, 11, 12, 14], 119/1600, 147233/156800, 125/126, 19⟩,
    ⟨[9], [0, 1, 2, 4, 5, 6, 7, 9, 10, 11, 13, 14], 119/1600, 147233/156800, 125/126, 19⟩,
    ⟨[9], [0, 1, 2, 4, 5, 6, 7, 9, 10, 12, 13, 14], 119/1600, 147233/156800, 125/126, 19⟩,
    ⟨[9], [0, 1, 2, 4, 5, 6, 7, 9, 11, 12, 13, 14], 119/1600, 147233/156800, 125/126, 19⟩,
    ⟨[9], [0, 1, 2, 4, 5, 6, 7, 10, 11, 12, 13, 14], 119/1600, 147233/156800, 125/126, 19⟩,
    ⟨[9], [0, 1, 2, 4, 5, 6, 8, 9, 10, 11, 12, 13], 119/1600, 136033/145600, 125/126, 18⟩,
    ⟨[9], [0, 1, 2, 4, 5, 6, 8, 9, 10, 11, 12, 14], 119/1600, 147233/156800, 125/126, 19⟩,
    ⟨[9], [0, 1, 2, 4, 5, 6, 8, 9, 10, 11, 13, 14], 119/1600, 147233/156800, 125/126, 19⟩,
    ⟨[9], [0, 1, 2, 4, 5, 6, 8, 9, 10, 12, 13, 14], 119/1600, 147233/156800, 125/126, 19⟩,
    ⟨[9], [0, 1, 2, 4, 5, 6, 8, 9, 11, 12, 13, 14], 119/1600, 147233/156800, 125/126, 19⟩,
    ⟨[9], [0, 1, 2, 4, 5, 6, 8, 10, 11, 12, 13, 14], 119/1600, 147233/156800, 125/126, 19⟩,
    ⟨[9], [0, 1, 2, 4, 5, 6, 9, 10, 11, 12, 13, 14], 119/1600, 147233/156800, 125/126, 19⟩,
    ⟨[9], [0, 1, 2, 4, 5, 7, 8, 9, 10, 11, 12, 13], 119/1600, 136033/145600, 125/126, 18⟩,
    ⟨[9], [0, 1, 2, 4, 5, 7, 8, 9, 10, 11, 12, 14], 119/1600, 147233/156800, 125/126, 19⟩,
    ⟨[9], [0, 1, 2, 4, 5, 7, 8, 9, 10, 11, 13, 14], 119/1600, 147233/156800, 125/126, 19⟩,
    ⟨[9], [0, 1, 2, 4, 5, 7, 8, 9, 10, 12, 13, 14], 119/1600, 147233/156800, 125/126, 19⟩,
    ⟨[9], [0, 1, 2, 4, 5, 7, 8, 9, 11, 12, 13, 14], 119/1600, 147233/156800, 125/126, 19⟩,
    ⟨[9], [0, 1, 2, 4, 5, 7, 8, 10, 11, 12, 13, 14], 119/1600, 147233/156800, 125/126, 19⟩,
    ⟨[9], [0, 1, 2, 4, 5, 7, 9, 10, 11, 12, 13, 14], 119/1600, 147233/156800, 125/126, 19⟩,
    ⟨[9], [0, 1, 2, 4, 5, 8, 9, 10, 11, 12, 13, 14], 119/1600, 147233/156800, 125/126, 19⟩,
    ⟨[9], [0, 1, 2, 4, 6, 7, 8, 9, 10, 11, 12, 13], 119/1600, 136033/145600, 125/126, 18⟩,
    ⟨[9], [0, 1, 2, 4, 6, 7, 8, 9, 10, 11, 12, 14], 119/1600, 147233/156800, 125/126, 19⟩,
    ⟨[9], [0, 1, 2, 4, 6, 7, 8, 9, 10, 11, 13, 14], 119/1600, 147233/156800, 125/126, 19⟩,
    ⟨[9], [0, 1, 2, 4, 6, 7, 8, 9, 10, 12, 13, 14], 119/1600, 147233/156800, 125/126, 19⟩,
    ⟨[9], [0, 1, 2, 4, 6, 7, 8, 9, 11, 12, 13, 14], 119/1600, 147233/156800, 125/126, 19⟩,
    ⟨[9], [0, 1, 2, 4, 6, 7, 8, 10, 11, 12, 13, 14], 119/1600, 147233/156800, 125/126, 19⟩,
    ⟨[9], [0, 1, 2, 4, 6, 7, 9, 10, 11, 12, 13, 14], 119/1600, 147233/156800, 125/126, 19⟩,
    ⟨[9], [0, 1, 2, 4, 6, 8, 9, 10, 11, 12, 13, 14], 119/1600, 147233/156800, 125/126, 19⟩,
    ⟨[9], [0, 1, 2, 4, 7, 8, 9, 10, 11, 12, 13, 14], 119/1600, 147233/156800, 125/126, 19⟩,
    ⟨[9], [0, 1, 2, 5, 6, 7, 8, 9, 10, 11, 12, 13], 119/1600, 136033/145600, 125/126, 18⟩,
    ⟨[9], [0, 1, 2, 5, 6, 7, 8, 9, 10, 11, 12, 14], 119/1600, 147233/156800, 125/126, 19⟩,
    ⟨[9], [0, 1, 2, 5, 6, 7, 8, 9, 10, 11, 13, 14], 119/1600, 147233/156800, 125/126, 19⟩,
    ⟨[9], [0, 1, 2, 5, 6, 7, 8, 9, 10, 12, 13, 14], 119/1600, 147233/156800, 125/126, 19⟩,
    ⟨[9], [0, 1, 2, 5, 6, 7, 8, 9, 11, 12, 13, 14], 119/1600, 147233/156800, 125/126, 19⟩,
    ⟨[9], [0, 1, 2, 5, 6, 7, 8, 10, 11, 12, 13, 14], 119/1600, 147233/156800, 125/126, 19⟩,
    ⟨[9], [0, 1, 2, 5, 6, 7, 9, 10, 11, 12, 13, 14], 119/1600, 147233/156800, 125/126, 19⟩,
    ⟨[9], [0, 1, 2, 5, 6, 8, 9, 10, 11, 12, 13, 14], 119/1600, 147233/156800, 125/126, 19⟩,
    ⟨[9], [0, 1, 2, 5, 7, 8, 9, 10, 11, 12, 13, 14], 119/1600, 147233/156800, 125/126, 19⟩,
    ⟨[9], [0, 1, 2, 6, 7, 8, 9, 10, 11, 12, 13, 14], 119/1600, 147233/156800, 125/126, 19⟩,
    ⟨[9], [0, 1, 3, 4, 5, 6, 7, 8, 9, 10, 11, 12], 119/1600, 41611/44800, 125/126, 16⟩,
    ⟨[9], [0, 1, 3, 4, 5, 6, 7, 8, 9, 10, 11, 13], 119/1600, 136033/145600, 125/126, 18⟩,
    ⟨[9], [0, 1, 3, 4, 5, 6, 7, 8, 9, 10, 11, 14], 119/1600, 147233/156800, 125/126, 19⟩,
    ⟨[9], [0, 1, 3, 4, 5, 6, 7, 8, 9, 10, 12, 13], 119/1600, 136033/145600, 125/126, 18⟩,
    ⟨[9], [0, 1, 3, 4, 5, 6, 7, 8, 9, 10, 12, 14], 119/1600, 147233/156800, 125/126, 19⟩,
    ⟨[9], [0, 1, 3, 4, 5, 6, 7, 8, 9, 10, 13, 14], 119/1600, 147233/156800, 125/126, 19⟩,
    ⟨[9], [0, 1, 3, 4, 5, 6, 7, 8, 9, 11, 12, 13], 119/1600, 136033/145600, 125/126, 18⟩,
    ⟨[9], [0, 1, 3, 4, 5, 6, 7, 8, 9, 11, 12, 14], 119/1600, 147233/156800, 125/126, 19⟩,
    ⟨[9], [0, 1, 3, 4, 5, 6, 7, 8, 9, 11, 13, 14], 119/1600, 147233/156800, 125/126, 19⟩,
    ⟨[9], [0, 1, 3, 4, 5, 6, 7, 8, 9, 12, 13, 14], 119/1600, 147233/156800, 125/126, 19⟩,
    ⟨[9], [0, 1, 3, 4, 5, 6, 7, 8, 10, 11, 12, 13], 119/1600, 136033/145600, 125/126, 18⟩,
    ⟨[9], [0, 1, 3, 4, 5, 6, 7, 8, 10, 11, 12, 14], 119/1600, 147233/156800, 125/126, 19⟩,
    ⟨[9], [0, 1, 3, 4, 5, 6, 7, 8, 10, 11, 13, 14], 119/1600, 147233/156800, 125/126, 19⟩,
    ⟨[9], [0, 1, 3, 4, 5, 6, 7, 8, 10, 12, 13, 14], 119/1600, 147233/156800, 125/126, 19⟩,
    ⟨[9], [0, 1, 3, 4, 5, 6, 7, 8, 11, 12, 13, 14], 119/1600, 147233/156800, 125/126, 19⟩,
    ⟨[9], [0, 1, 3, 4, 5, 6, 7, 9, 10, 11, 12, 13], 119/1600, 136033/145600, 125/126, 18⟩,
    ⟨[9], [0, 1, 3, 4, 5, 6, 7, 9, 10, 11, 12, 14], 119/1600, 147233/156800, 125/126, 19⟩,
    ⟨[9], [0, 1, 3, 4, 5, 6, 7, 9, 10, 11, 13, 14], 119/1600, 147233/156800, 125/126, 19⟩,
    ⟨[9], [0, 1, 3, 4, 5, 6, 7, 9, 10, 12, 13, 14], 119/1600, 147233/156800, 125/126, 19⟩,
    ⟨[9], [0, 1, 3, 4, 5, 6, 7, 9, 11, 12, 13, 14], 119/1600, 147233/156800, 125/126, 19⟩,
    ⟨[9], [0, 1, 3, 4, 5, 6, 7, 10, 11, 12, 13, 14], 119/1600, 147233/156800, 125/126, 19⟩,
    ⟨[9], [0, 1, 3, 4, 5, 6, 8, 9, 10, 11, 12, 13], 119/1600, 136033/145600, 125/126, 18⟩,
    ⟨[9], [0, 1, 3, 4, 5, 6, 8, 9, 10, 11, 12, 14], 119/1600, 147233/156800, 125/126, 19⟩,
    ⟨[9], [0, 1, 3, 4, 5, 6, 8, 9, 10, 11, 13, 14], 119/1600, 147233/156800, 125/126, 19⟩,
    ⟨[9], [0, 1, 3, 4, 5, 6, 8, 9, 10, 12, 13, 14], 119/1600, 147233/156800, 125/126, 19⟩,
    ⟨[9], [0, 1, 3, 4, 5, 6, 8, 9, 11, 12, 13, 14], 119/1600, 147233/156800, 125/126, 19⟩,
    ⟨[9], [0, 1, 3, 4, 5, 6, 8, 10, 11, 12, 13, 14], 119/1600, 147233/156800, 125/126, 19⟩,
    ⟨[9], [0, 1, 3, 4, 5, 6, 9, 10, 11, 12, 13, 14], 119/1600, 147233/156800, 125/126, 19⟩,
    ⟨[9], [0, 1, 3, 4, 5, 7, 8, 9, 10, 11, 12, 13], 119/1600, 136033/145600, 125/126, 18⟩,
    ⟨[9], [0, 1, 3, 4, 5, 7, 8, 9, 10, 11, 12, 14], 119/1600, 147233/156800, 125/126, 19⟩,
    ⟨[9], [0, 1, 3, 4, 5, 7, 8, 9, 10, 11, 13, 14], 119/1600, 147233/156800, 125/126, 19⟩,
    ⟨[9], [0, 1, 3, 4, 5, 7, 8, 9, 10, 12, 13, 14], 119/1600, 147233/156800, 125/126, 19⟩,
    ⟨[9], [0, 1, 3, 4, 5, 7, 8, 9, 11, 12, 13, 14], 119/1600, 147233/156800, 125/126, 19⟩,
    ⟨[9], [0, 1, 3, 4, 5, 7, 8, 10, 11, 12, 13, 14], 119/1600, 147233/156800, 125/126, 19⟩,
    ⟨[9], [0, 1, 3, 4, 5, 7, 9, 10, 11, 12, 13, 14], 119/1600, 147233/156800, 125/126, 19⟩,
    ⟨[9], [0, 1, 3, 4, 5, 8, 9, 10, 11, 12, 13, 14], 119/1600, 147233/156800, 125/126, 19⟩,
    ⟨[9], [0, 1, 3, 4, 6, 7, 8, 9, 10, 11, 12, 13], 119/1600, 136033/145600, 125/126, 18⟩,
    ⟨[9], [0, 1, 3, 4, 6, 7, 8, 9, 10, 11, 12, 14], 119/1600, 147233/156800, 125/126, 19⟩,
    ⟨[9], [0, 1, 3, 4, 6, 7, 8, 9, 10, 11, 13, 14], 119/1600, 147233/156800, 125/126, 19⟩,
    ⟨[9], [0, 1, 3, 4, 6, 7, 8, 9, 10, 12, 13, 14], 119/1600, 147233/156800, 125/126, 19⟩,
    ⟨[9], [0, 1, 3, 4, 6, 7, 8, 9, 11, 12, 13, 14], 119/1600, 147233/156800, 125/126, 19⟩,
    ⟨[9], [0, 1, 3, 4, 6, 7, 8, 10, 11, 12, 13, 14], 119/1600, 147233/156800, 125/126, 19⟩,
    ⟨[9], [0, 1, 3, 4, 6, 7, 9, 10, 11, 12, 13, 14], 119/1600, 147233/156800, 125/126, 19⟩,
    ⟨[9], [0, 1, 3, 4, 6, 8, 9, 10, 11, 12, 13, 14], 119/1600, 147233/156800, 125/126, 19⟩,
    ⟨[9], [0, 1, 3, 4, 7, 8, 9, 10, 11, 12, 13, 14], 119/1600, 147233/156800, 125/126, 19⟩,
    ⟨[9], [0, 1, 3, 5, 6, 7, 8, 9, 10, 11, 12, 13], 119/1600, 136033/145600, 125/126, 18⟩,
    ⟨[9], [0, 1, 3, 5, 6, 7, 8, 9, 10, 11, 12, 14], 119/1600, 147233/156800, 125/126, 19⟩,
    ⟨[9], [0, 1, 3, 5, 6, 7, 8, 9, 10, 11, 13, 14], 119/1600, 147233/156800, 125/126, 19⟩,
    ⟨[9], [0, 1, 3, 5, 6, 7, 8, 9, 10, 12, 13, 14], 119/1600, 147233/156800, 125/126, 19⟩,
    ⟨[9], [0, 1, 3, 5, 6, 7, 8, 9, 11, 12, 13, 14], 119/1600, 147233/156800, 125/126, 19⟩,
    ⟨[9], [0, 1, 3, 5, 6, 7, 8, 10, 11, 12, 13, 14], 119/1600, 147233/156800, 125/126, 19⟩,
    ⟨[9], [0, 1, 3, 5, 6, 7, 9, 10, 11, 12, 13, 14], 119/1600, 147233/156800, 125/126, 19⟩,
    ⟨[9], [0, 1, 3, 5, 6, 8, 9, 10, 11, 12, 13, 14], 119/1600, 147233/156800, 125/126, 19⟩,
    ⟨[9], [0, 1, 3, 5, 7, 8, 9, 10, 11, 12, 13, 14], 119/1600, 147233/156800, 125/126, 19⟩,
    ⟨[9], [0, 1, 3, 6, 7, 8, 9, 10, 11, 12, 13, 14], 119/1600, 147233/156800, 125/126, 19⟩,
    ⟨[9], [0, 1, 4, 5, 6, 7, 8, 9, 10, 11, 12, 13], 119/1600, 136033/145600, 125/126, 18⟩,
    ⟨[9], [0, 1, 4, 5, 6, 7, 8, 9, 10, 11, 12, 14], 119/1600, 147233/156800, 125/126, 19⟩,
    ⟨[9], [0, 1, 4, 5, 6, 7, 8, 9, 10, 11, 13, 14], 119/1600, 147233/156800, 125/126, 19⟩,
    ⟨[9], [0, 1, 4, 5, 6, 7, 8, 9, 10, 12, 13, 14], 119/1600, 147233/156800, 125/126, 19⟩,
    ⟨[9], [0, 1, 4, 5, 6, 7, 8, 9, 11, 12, 13, 14], 119/1600, 147233/156800, 125/126, 19⟩,
    ⟨[9], [0, 1, 4, 5, 6, 7, 8, 10, 11, 12, 13, 14], 119/1600, 147233/156800, 125/126, 19⟩,
    ⟨[9], [0, 1, 4, 5, 6, 7, 9, 10, 11, 12, 13, 14], 119/1600, 147233/156800, 125/126, 19⟩,
    ⟨[9], [0, 1, 4, 5, 6, 8, 9, 10, 11, 12, 13, 14], 119/1600, 147233/156800, 125/126, 19⟩,
    ⟨[9], [0, 1, 4, 5, 7, 8, 9, 10, 11, 12, 13, 14], 119/1600, 147233/156800, 125/126, 19⟩,
    ⟨[9], [0, 1, 4, 6, 7, 8, 9, 10, 11, 12, 13, 14], 119/1600, 147233/156800, 125/126, 19⟩,
    ⟨[9], [0, 1, 5, 6, 7, 8, 9, 10, 11, 12, 13, 14], 119/1600, 147233/156800, 125/126, 19⟩,
    ⟨[9], [0, 2, 3, 4, 5, 6, 7, 8, 9, 10, 11, 12], 119/1600, 41611/44800, 125/126, 16⟩,
    ⟨[9], [0, 2, 3, 4, 5, 6, 7, 8, 9, 10, 11, 13], 119/1600, 136033/145600, 125/126, 18⟩,
    ⟨[9], [0, 2, 3, 4, 5, 6, 7, 8, 9, 10, 11, 14], 119/1600, 147233/156800, 125/126, 19⟩,
    ⟨[9], [0, 2, 3, 4, 5, 6, 7, 8, 9, 10, 12, 13], 119/1600, 136033/145600, 125/126, 18⟩,
    ⟨[9], [0, 2, 3, 4, 5, 6, 7, 8, 9, 10, 12, 14], 119/1600, 147233/156800, 125/126, 19⟩,
    ⟨[9], [0, 2, 3, 4, 5, 6, 7, 8, 9, 10, 13, 14], 119/1600, 147233/156800, 125/126, 19⟩,
    ⟨[9], [0, 2, 3, 4, 5, 6, 7, 8, 9, 11, 12, 13], 119/1600, 136033/145600, 125/126, 18⟩,
    ⟨[9], [0, 2, 3, 4, 5, 6, 7, 8, 9, 11, 12, 14], 119/1600, 147233/156800, 125/126, 19⟩,
    ⟨[9], [0, 2, 3, 4, 5, 6, 7, 8, 9, 11, 13, 14], 119/1600, 147233/156800, 125/126, 19⟩,
    ⟨[9], [0, 2, 3, 4, 5, 6, 7, 8, 9, 12, 13, 14], 119/1600, 147233/156800, 125/126, 19⟩,
    ⟨[9], [0, 2, 3, 4, 5, 6, 7, 8, 10, 11, 12, 13], 119/1600, 136033/145600, 125/126, 18⟩,
    ⟨[9], [0, 2, 3, 4, 5, 6, 7, 8, 10, 11, 12, 14], 119/1600, 147233/156800, 125/126, 19⟩,
    ⟨[9], [0, 2, 3, 4, 5, 6, 7, 8, 10, 11, 13, 14], 119/1600, 147233/156800, 125/126, 19⟩,
    ⟨[9], [0, 2, 3, 4, 5, 6, 7, 8, 10, 12, 13, 14], 119/1600, 147233/156800, 125/126, 19⟩,
    ⟨[9], [0, 2, 3, 4, 5, 6, 7, 8, 11, 12, 13, 14], 119/1600, 147233/156800, 125/126, 19⟩,
    ⟨[9], [0, 2, 3, 4, 5, 6, 7, 9, 10, 11, 12, 13], 119/1600, 136033/145600, 125/126, 18⟩,
    ⟨[9], [0, 2, 3, 4, 5, 6, 7, 9, 10, 11, 12, 14], 119/1600, 147233/156800, 125/126, 19⟩,
    ⟨[9], [0, 2, 3, 4, 5, 6, 7, 9, 10, 11, 13, 14], 119/1600, 147233/156800, 125/126, 19⟩,
    ⟨[9], [0, 2, 3, 4, 5, 6, 7, 9, 10, 12, 13, 14], 119/1600, 147233/156800, 125/126, 19⟩,
    ⟨[9], [0, 2, 3, 4, 5, 6, 7, 9, 11, 12, 13, 14], 119/1600, 147233/156800, 125/126, 19⟩,
    ⟨[9], [0, 2, 3, 4, 5, 6, 7, 10, 11, 12, 13, 14], 119/1600, 147233/156800, 125/126, 19⟩,
    ⟨[9], [0, 2, 3, 4, 5, 6, 8, 9, 10, 11, 12, 13], 119/1600, 136033/145600, 125/126, 18⟩,
    ⟨[9], [0, 2, 3, 4, 5, 6, 8, 9, 10, 11, 12, 14], 119/1600, 147233/156800, 125/126, 19⟩,
    ⟨[9], [0, 2, 3, 4, 5, 6, 8, 9, 10, 11, 13, 14], 119/1600, 147233/156800, 125/126, 19⟩,
    ⟨[9], [0, 2, 3, 4, 5, 6, 8, 9, 10, 12, 13, 14], 119/1600, 147233/156800, 125/126, 19⟩,
    ⟨[9], [0, 2, 3, 4, 5, 6, 8, 9, 11, 12, 13, 14], 119/1600, 147233/156800, 125/126, 19⟩,
    ⟨[9], [0, 2, 3, 4, 5, 6, 8, 10, 11, 12, 13, 14], 119/1600, 147233/156800, 125/126, 19⟩,
    ⟨[9], [0, 2, 3, 4, 5, 6, 9, 10, 11, 12, 13, 14], 119/1600, 147233/156800, 125/126, 19⟩,
    ⟨[9], [0, 2, 3, 4, 5, 7, 8, 9, 10, 11, 12, 13], 119/1600, 136033/145600, 125/126, 18⟩,
    ⟨[9], [0, 2, 3, 4, 5, 7, 8, 9, 10, 11, 12, 14], 119/1600, 147233/156800, 125/126, 19⟩,
    ⟨[9], [0, 2, 3, 4, 5, 7, 8, 9, 10, 11, 13, 14], 119/1600, 147233/156800, 125/126, 19⟩,
    ⟨[9], [0, 2, 3, 4, 5, 7, 8, 9, 10, 12, 13, 14], 119/1600, 147233/156800, 125/126, 19⟩,
    ⟨[9], [0, 2, 3, 4, 5, 7, 8, 9, 11, 12, 13, 14], 119/1600, 147233/156800, 125/126, 19⟩,
    ⟨[9], [0, 2, 3, 4, 5, 7, 8, 10, 11, 12, 13, 14], 119/1600, 147233/156800, 125/126, 19⟩,
    ⟨[9], [0, 2, 3, 4, 5, 7, 9, 10, 11, 12, 13, 14], 119/1600, 147233/156800, 125/126, 19⟩,
    ⟨[9], [0, 2, 3, 4, 5, 8, 9, 10, 11, 12, 13, 14], 119/1600, 147233/156800, 125/126, 19⟩,
    ⟨[9], [0, 2, 3, 4, 6, 7, 8, 9, 10, 11, 12, 13], 119/1600, 136033/145600, 125/126, 18⟩,
    ⟨[9], [0, 2, 3, 4, 6, 7, 8, 9, 10, 11, 12, 14], 119/1600, 147233/156800, 125/126, 19⟩,
    ⟨[9], [0, 2, 3, 4, 6, 7, 8, 9, 10, 11, 13, 14], 119/1600, 147233/156800, 125/126, 19⟩,
    ⟨[9], [0, 2, 3, 4, 6, 7, 8, 9, 10, 12, 13, 14], 119/1600, 147233/156800, 125/126, 19⟩,
    ⟨[9], [0, 2, 3, 4, 6, 7, 8, 9, 11, 12, 13, 14], 119/1600, 147233/156800, 125/126, 19⟩,
    ⟨[9], [0, 2, 3, 4, 6, 7, 8, 10, 11, 12, 13, 14], 119/1600, 147233/156800, 125/126, 19⟩,
    ⟨[9], [0, 2, 3, 4, 6, 7, 9, 10, 11, 12, 13, 14], 119/1600, 147233/156800, 125/126, 19⟩,
    ⟨[9], [0, 2, 3, 4, 6, 8, 9, 10, 11, 12, 13, 14], 119/1600, 147233/156800, 125/126, 19⟩,
    ⟨[9], [0, 2, 3, 4, 7, 8, 9, 10, 11, 12, 13, 14], 119/1600, 147233/156800, 125/126, 19⟩,
    ⟨[9], [0, 2, 3, 5, 6, 7, 8, 9, 10, 11, 12, 13], 119/1600, 136033/145600, 125/126, 18⟩,
    ⟨[9], [0, 2, 3, 5, 6, 7, 8, 9, 10, 11, 12, 14], 119/1600, 147233/156800, 125/126, 19⟩,
    ⟨[9], [0, 2, 3, 5, 6, 7, 8, 9, 10, 11, 13, 14], 119/1600, 147233/156800, 125/126, 19⟩,
    ⟨[9], [0, 2, 3, 5, 6, 7, 8, 9, 10, 12, 13, 14], 119/1600, 147233/156800, 125/126, 19⟩,
    ⟨[9], [0, 2, 3, 5, 6, 7, 8, 9, 11, 12, 13, 14], 119/1600, 147233/156800, 125/126, 19⟩,
    ⟨[9], [0, 2, 3, 5, 6, 7, 8, 10, 11, 12, 13, 14], 119/1600, 147233/156800, 125/126, 19⟩,
    ⟨[9], [0, 2, 3, 5, 6, 7, 9, 10, 11, 12, 13, 14], 119/1600, 147233/156800, 125/126, 19⟩,
    ⟨[9], [0, 2, 3, 5, 6, 8, 9, 10, 11, 12, 13, 14], 119/1600, 147233/156800, 125/126, 19⟩,
    ⟨[9], [0, 2, 3, 5, 7, 8, 9, 10, 11, 12, 13, 14], 119/1600, 147233/156800, 125/126, 19⟩,
    ⟨[9], [0, 2, 3, 6, 7, 8, 9, 10, 11, 12, 13, 14], 119/1600, 147233/156800, 125/126, 19⟩,
    ⟨[9], [0, 2, 4, 5, 6, 7, 8, 9, 10, 11, 12, 13], 119/1600, 136033/145600, 125/126, 18⟩,
    ⟨[9], [0, 2, 4, 5, 6, 7, 8, 9, 10, 11, 12, 14], 119/1600, 147233/156800, 125/126, 19⟩,
    ⟨[9], [0, 2, 4, 5, 6, 7, 8, 9, 10, 11, 13, 14], 119/1600, 147233/156800, 125/126, 19⟩,
    ⟨[9], [0, 2, 4, 5, 6, 7, 8, 9, 10, 12, 13, 14], 119/1600, 147233/156800, 125/126, 19⟩,
    ⟨[9], [0, 2, 4, 5, 6, 7, 8, 9, 11, 12, 13, 14], 119/1600, 147233/156800, 125/126, 19⟩,
    ⟨[9], [0, 2, 4, 5, 6, 7, 8, 10, 11, 12, 13, 14], 119/1600, 147233/156800, 125/126, 19⟩,
    ⟨[9], [0, 2, 4, 5, 6, 7, 9, 10, 11, 12, 13, 14], 119/1600, 147233/156800, 125/126, 19⟩,
    ⟨[9], [0, 2, 4, 5, 6, 8, 9, 10, 11, 12, 13, 14], 119/1600, 147233/156800, 125/126, 19⟩,
    ⟨[9], [0, 2, 4, 5, 7, 8, 9, 10, 11, 12, 13, 14], 119/1600, 147233/156800, 125/126, 19⟩,
    ⟨[9], [0, 2, 4, 6, 7, 8, 9, 10, 11, 12, 13, 14], 119/1600, 147233/156800, 125/126, 19⟩,
    ⟨[9], [0, 2, 5, 6, 7, 8, 9, 10, 11, 12, 13, 14], 119/1600, 147233/156800, 125/126, 19⟩,
    ⟨[9], [0, 3, 4, 5, 6, 7, 8, 9, 10, 11, 12, 13], 119/1600, 136033/145600, 125/126, 18⟩,
    ⟨[9], [0, 3, 4, 5, 6, 7, 8, 9, 10, 11, 12, 14], 119/1600, 147233/156800, 125/126, 19⟩,
    ⟨[9], [0, 3, 4, 5, 6, 7, 8, 9, 10, 11, 13, 14], 119/1600, 147233/156800, 125/126, 19⟩,
    ⟨[9], [0, 3, 4, 5, 6, 7, 8, 9, 10, 12, 13, 14], 119/1600, 147233/156800, 125/126, 19⟩,
    ⟨[9], [0, 3, 4, 5, 6, 7, 8, 9, 11, 12, 13, 14], 119/1600, 147233/156800, 125/126, 19⟩,
    ⟨[9], [0, 3, 4, 5, 6, 7, 8, 10, 11, 12, 13, 14], 119/1600, 147233/156800, 125/126, 19⟩,
    ⟨[9], [0, 3, 4, 5, 6, 7, 9, 10, 11, 12, 13, 14], 119/1600, 147233/156800, 125/126, 19⟩,
    ⟨[9], [0, 3, 4, 5, 6, 8, 9, 10, 11, 12, 13, 14], 119/1600, 147233/156800, 125/126, 19⟩,
    ⟨[9], [0, 3, 4, 5, 7, 8, 9, 10, 11, 12, 13, 14], 119/1600, 147233/156800, 125/126, 19⟩,
    ⟨[9], [0, 3, 4, 6, 7, 8, 9, 10, 11, 12, 13, 14], 119/1600, 147233/156800, 125/126, 19⟩,
    ⟨[9], [0, 3, 5, 6, 7, 8, 9, 10, 11, 12, 13, 14], 119/1600, 147233/156800, 125/126, 19⟩,
    ⟨[9], [0, 4, 5, 6, 7, 8, 9, 10, 11, 12, 13, 14], 119/1600, 147233/156800, 125/126, 19⟩,
    ⟨[10], [0, 1, 2, 3, 4, 5, 6, 7, 8, 9, 10, 11], 119/1600, 113633/123200, 139/140, 15⟩,
    ⟨[10], [0, 1, 2, 3, 4, 5, 6, 7, 8, 9, 10, 12], 119/1600, 41611/44800, 139/140, 16⟩,
    ⟨[10], [0, 1, 2, 3, 4, 5, 6, 7, 8, 9, 10, 13], 119/1600, 136033/145600, 139/140, 18⟩,
    ⟨[10], [0, 1, 2, 3, 4, 5, 6, 7, 8, 9, 10, 14], 119/1600, 147233/156800, 139/140, 19⟩,
    ⟨[10], [0, 1, 2, 3, 4, 5, 6, 7, 8, 9, 11, 12], 119/1600, 41611/44800, 139/140, 16⟩,
    ⟨[10], [0, 1, 2, 3, 4, 5, 6, 7, 8, 9, 11, 13], 119/1600, 136033/145600, 139/140, 18⟩,
    ⟨[10], [0, 1, 2, 3, 4, 5, 6, 7, 8, 9, 11, 14], 119/1600, 147233/156800, 139/140, 19⟩,
    ⟨[10], [0, 1, 2, 3, 4, 5, 6, 7, 8, 9, 12, 13], 119/1600, 136033/145600, 139/140, 18⟩,
    ⟨[10], [0, 1, 2, 3, 4, 5, 6, 7, 8, 9, 12, 14], 119/1600, 147233/156800, 139/140, 19⟩,
    ⟨[10], [0, 1, 2, 3, 4, 5, 6, 7, 8, 9, 13, 14], 119/1600, 147233/156800, 139/140, 19⟩,
    ⟨[10], [0, 1, 2, 3, 4, 5, 6, 7, 8, 10, 11, 12], 119/1600, 41611/44800, 139/140, 16⟩,
    ⟨[10], [0, 1, 2, 3, 4, 5, 6, 7, 8, 10, 11, 13], 119/1600, 136033/145600, 139/140, 18⟩,
    ⟨[10], [0, 1, 2, 3, 4, 5, 6, 7, 8, 10, 11, 14], 119/1600, 147233/156800, 139/140, 19⟩,
    ⟨[10], [0, 1, 2, 3, 4, 5, 6, 7, 8, 10, 12, 13], 119/1600, 136033/145600, 139/140, 18⟩,
    ⟨[10], [0, 1, 2, 3, 4, 5, 6, 7, 8, 10, 12, 14], 119/1600, 147233/156800, 139/140, 19⟩,
    ⟨[10], [0, 1, 2, 3, 4, 5, 6, 7, 8, 10, 13, 14], 119/1600, 147233/156800, 139/140, 19⟩,
    ⟨[10], [0, 1, 2, 3, 4, 5, 6, 7, 8, 11, 12, 13], 119/1600, 136033/145600, 139/140, 18⟩,
    ⟨[10], [0, 1, 2, 3, 4, 5, 6, 7, 8, 11, 12, 14], 119/1600, 147233/156800, 139/140, 19⟩,
    ⟨[10], [0, 1, 2, 3, 4, 5, 6, 7, 8, 11, 13, 14], 119/1600, 147233/156800, 139/140, 19⟩,
    ⟨[10], [0, 1, 2, 3, 4, 5, 6, 7, 8, 12, 13, 14], 119/1600, 147233/156800, 139/140, 19⟩,
    ⟨[10], [0, 1, 2, 3, 4, 5, 6, 7, 9, 10, 11, 12], 119/1600, 41611/44800, 139/140, 16⟩,
    ⟨[10], [0, 1, 2, 3, 4, 5, 6, 7, 9, 10, 11, 13], 119/1600, 136033/145600, 139/140, 18⟩,
    ⟨[10], [0, 1, 2, 3, 4, 5, 6, 7, 9, 10, 11, 14], 119/1600, 147233/156800, 139/140, 19⟩,
    ⟨[10], [0, 1, 2, 3, 4, 5, 6, 7, 9, 10, 12, 13], 119/1600, 136033/145600, 139/140, 18⟩,
    ⟨[10], [0, 1, 2, 3, 4, 5, 6, 7, 9, 10, 12, 14], 119/1600, 147233/156800, 139/140, 19⟩,
    ⟨[10], [0, 1, 2, 3, 4, 5, 6, 7, 9, 10, 13, 14], 119/1600, 147233/156800, 139/140, 19⟩,
    ⟨[10], [0, 1, 2, 3, 4, 5, 6, 7, 9, 11, 12, 13], 119/1600, 136033/145600, 139/140, 18⟩,
    ⟨[10], [0, 1, 2, 3, 4, 5, 6, 7, 9, 11, 12, 14], 119/1600, 147233/156800, 139/140, 19⟩,
    ⟨[10], [0, 1, 2, 3, 4, 5, 6, 7, 9, 11, 13, 14], 119/1600, 147233/156800, 139/140, 19⟩,
    ⟨[10], [0, 1, 2, 3, 4, 5, 6, 7, 9, 12, 13, 14], 119/1600, 147233/156800, 139/140, 19⟩,
    ⟨[10], [0, 1, 2, 3, 4, 5, 6, 7, 10, 11, 12, 13], 119/1600, 136033/145600, 139/140, 18⟩,
    ⟨[10], [0, 1, 2, 3, 4, 5, 6, 7, 10, 11, 12, 14], 119/1600, 147233/156800, 139/140, 19⟩,
    ⟨[10], [0, 1, 2, 3, 4, 5, 6, 7, 10, 11, 13, 14], 119/1600, 147233/156800, 139/140, 19⟩,
    ⟨[10], [0, 1, 2, 3, 4, 5, 6, 7, 10, 12, 13, 14], 119/1600, 147233/156800, 139/140, 19⟩,
    ⟨[10], [0, 1, 2, 3, 4, 5, 6, 7, 11, 12, 13, 14], 119/1600, 147233/156800, 139/140, 19⟩,
    ⟨[10], [0, 1, 2, 3, 4, 5, 6, 8, 9, 10, 11, 12], 119/1600, 41611/44800, 139/140, 16⟩,
    ⟨[10], [0, 1, 2, 3, 4, 5, 6, 8, 9, 10, 11, 13], 119/1600, 136033/145600, 139/140, 18⟩,
    ⟨[10], [0, 1, 2, 3, 4, 5, 6, 8, 9, 10, 11, 14], 119/1600, 147233/156800, 139/140, 19⟩,
    ⟨[10], [0, 1, 2, 3, 4, 5, 6, 8, 9, 10, 12, 13], 119/1600, 136033/145600, 139/140, 18⟩,
    ⟨[10], [0, 1, 2, 3, 4, 5, 6, 8, 9, 10, 12, 14], 119/1600, 147233/156800, 139/140, 19⟩,
    ⟨[10], [0, 1, 2, 3, 4, 5, 6, 8, 9, 10, 13, 14], 119/1600, 147233/156800, 139/140, 19⟩,
    ⟨[10], [0, 1, 2, 3, 4, 5, 6, 8, 9, 11, 12, 13], 119/1600, 136033/145600, 139/140, 18⟩,
    ⟨[10], [0, 1, 2, 3, 4, 5, 6, 8, 9, 11, 12, 14], 119/1600, 147233/156800, 139/140, 19⟩,
    ⟨[10], [0, 1, 2, 3, 4, 5, 6, 8, 9, 11, 13, 14], 119/1600, 147233/156800, 139/140, 19⟩,
    ⟨[10], [0, 1, 2, 3, 4, 5, 6, 8, 9, 12, 13, 14], 119/1600, 147233/156800, 139/140, 19⟩,
    ⟨[10], [0, 1, 2, 3, 4, 5, 6, 8, 10, 11, 12, 13], 119/1600, 136033/145600, 139/140, 18⟩,
    ⟨[10], [0, 1, 2, 3, 4, 5, 6, 8, 10, 11, 12, 14], 119/1600, 147233/156800, 139/140, 19⟩,
    ⟨[10], [0, 1, 2, 3, 4, 5, 6, 8, 10, 11, 13, 14], 119/1600, 147233/156800, 139/140, 19⟩,
    ⟨[10], [0, 1, 2, 3, 4, 5, 6, 8, 10, 12, 13, 14], 119/1600, 147233/156800, 139/140, 19⟩,
    ⟨[10], [0, 1, 2, 3, 4, 5, 6, 8, 11, 12, 13, 14], 119/1600, 147233/156800, 139/140, 19⟩,
    ⟨[10], [0, 1, 2, 3, 4, 5, 6, 9, 10, 11, 12, 13], 119/1600, 136033/145600, 139/140, 18⟩,
    ⟨[10], [0, 1, 2, 3, 4, 5, 6, 9, 10, 11, 12, 14], 119/1600, 147233/156800, 139/140, 19⟩,
    ⟨[10], [0, 1, 2, 3, 4, 5, 6, 9, 10, 11, 13, 14], 119/1600, 147233/156800, 139/140, 19⟩,
    ⟨[10], [0, 1, 2, 3, 4, 5, 6, 9, 10, 12, 13, 14], 119/1600, 147233/156800, 139/140, 19⟩,
    ⟨[10], [0, 1, 2, 3, 4, 5, 6, 9, 11, 12, 13, 14], 119/1600, 147233/156800, 139/140, 19⟩,
    ⟨[10], [0, 1, 2, 3, 4, 5, 6, 10, 11, 12, 13, 14], 119/1600, 147233/156800, 139/140, 19⟩,
    ⟨[10], [0, 1, 2, 3, 4, 5, 7, 8, 9, 10, 11, 12], 119/1600, 41611/44800, 139/140, 16⟩,
    ⟨[10], [0, 1, 2, 3, 4, 5, 7, 8, 9, 10, 11, 13], 119/1600, 136033/145600, 139/140, 18⟩,
    ⟨[10], [0, 1, 2, 3, 4, 5, 7, 8, 9, 10, 11, 14], 119/1600, 147233/156800, 139/140, 19⟩,
    ⟨[10], [0, 1, 2, 3, 4, 5, 7, 8, 9, 10, 12, 13], 119/1600, 136033/145600, 139/140, 18⟩,
    ⟨[10], [0, 1, 2, 3, 4, 5, 7, 8, 9, 10, 12, 14], 119/1600, 147233/156800, 139/140, 19⟩,
    ⟨[10], [0, 1, 2, 3, 4, 5, 7, 8, 9, 10, 13, 14], 119/1600, 147233/156800, 139/140, 19⟩,
    ⟨[10], [0, 1, 2, 3, 4, 5, 7, 8, 9, 11, 12, 13], 119/1600, 136033/145600, 139/140, 18⟩,
    ⟨[10], [0, 1, 2, 3, 4, 5, 7, 8, 9, 11, 12, 14], 119/1600, 147233/156800, 139/140, 19⟩,
    ⟨[10], [0, 1, 2, 3, 4, 5, 7, 8, 9, 11, 13, 14], 119/1600, 147233/156800, 139/140, 19⟩,
    ⟨[10], [0, 1, 2, 3, 4, 5, 7, 8, 9, 12, 13, 14], 119/1600, 147233/156800, 139/140, 19⟩,
    ⟨[10], [0, 1, 2, 3, 4, 5, 7, 8, 10, 11, 12, 13], 119/1600, 136033/145600, 139/140, 18⟩,
    ⟨[10], [0, 1, 2, 3, 4, 5, 7, 8, 10, 11, 12, 14], 119/1600, 147233/156800, 139/140, 19⟩,
    ⟨[10], [0, 1, 2, 3, 4, 5, 7, 8, 10, 11, 13, 14], 119/1600, 147233/156800, 139/140, 19⟩,
    ⟨[10], [0, 1, 2, 3, 4, 5, 7, 8, 10, 12, 13, 14], 119/1600, 147233/156800, 139/140, 19⟩,
    ⟨[10], [0, 1, 2, 3, 4, 5, 7, 8, 11, 12, 13, 14], 119/1600, 147233/156800, 139/140, 19⟩,
    ⟨[10], [0, 1, 2, 3, 4, 5, 7, 9, 10, 11, 12, 13], 119/1600, 136033/145600, 139/140, 18⟩,
    ⟨[10], [0, 1, 2, 3, 4, 5, 7, 9, 10, 11, 12, 14], 119/1600, 147233/156800, 139/140, 19⟩,
    ⟨[10], [0, 1, 2, 3, 4, 5, 7, 9, 10, 11, 13, 14], 119/1600, 147233/156800, 139/140, 19⟩,
    ⟨[10], [0, 1, 2, 3, 4, 5, 7, 9, 10, 12, 13, 14], 119/1600, 147233/156800, 139/140, 19⟩,
    ⟨[10], [0, 1, 2, 3, 4, 5, 7, 9, 11, 12, 13, 14], 119/1600, 147233/156800, 139/140, 19⟩,
    ⟨[10], [0, 1, 2, 3, 4, 5, 7, 10, 11, 12, 13, 14], 119/1600, 147233/156800, 139/140, 19⟩,
    ⟨[10], [0, 1, 2, 3, 4, 5, 8, 9, 10, 11, 12, 13], 119/1600, 136033/145600, 139/140, 18⟩,
    ⟨[10], [0, 1, 2, 3, 4, 5, 8, 9, 10, 11, 12, 14], 119/1600, 147233/156800, 139/140, 19⟩,
    ⟨[10], [0, 1, 2, 3, 4, 5, 8, 9, 10, 11, 13, 14], 119/1600, 147233/156800, 139/140, 19⟩,
    ⟨[10], [0, 1, 2, 3, 4, 5, 8, 9, 10, 12, 13, 14], 119/1600, 147233/156800, 139/140, 19⟩,
    ⟨[10], [0, 1, 2, 3, 4, 5, 8, 9, 11, 12, 13, 14], 119/1600, 147233/156800, 139/140, 19⟩,
    ⟨[10], [0, 1, 2, 3, 4, 5, 8, 10, 11, 12, 13, 14], 119/1600, 147233/156800, 139/140, 19⟩,
    ⟨[10], [0, 1, 2, 3, 4, 5, 9, 10, 11, 12, 13, 14], 119/1600, 147233/156800, 139/140, 19⟩,
    ⟨[10], [0, 1, 2, 3, 4, 6, 7, 8, 9, 10, 11, 12], 119/1600, 41611/44800, 139/140, 16⟩,
    ⟨[10], [0, 1, 2, 3, 4, 6, 7, 8, 9, 10, 11, 13], 119/1600, 136033/145600, 139/140, 18⟩,
    ⟨[10], [0, 1, 2, 3, 4, 6, 7, 8, 9, 10, 11, 14], 119/1600, 147233/156800, 139/140, 19⟩,
    ⟨[10], [0, 1, 2, 3, 4, 6, 7, 8, 9, 10, 12, 13], 119/1600, 136033/145600, 139/140, 18⟩,
    ⟨[10], [0, 1, 2, 3, 4, 6, 7, 8, 9, 10, 12, 14], 119/1600, 147233/156800, 139/140, 19⟩,
    ⟨[10], [0, 1, 2, 3, 4, 6, 7, 8, 9, 10, 13, 14], 119/1600, 147233/156800, 139/140, 19⟩,
    ⟨[10], [0, 1, 2, 3, 4, 6, 7, 8, 9, 11, 12, 13], 119/1600, 136033/145600, 139/140, 18⟩,
    ⟨[10], [0, 1, 2, 3, 4, 6, 7, 8, 9, 11, 12, 14], 119/1600, 147233/156800, 139/140, 19⟩,
    ⟨[10], [0, 1, 2, 3, 4, 6, 7, 8, 9, 11, 13, 14], 119/1600, 147233/156800, 139/140, 19⟩,
    ⟨[10], [0, 1, 2, 3, 4, 6, 7, 8, 9, 12, 13, 14], 119/1600, 147233/156800, 139/140, 19⟩,
    ⟨[10], [0, 1, 2, 3, 4, 6, 7, 8, 10, 11, 12, 13], 119/1600, 136033/145600, 139/140, 18⟩,
    ⟨[10], [0, 1, 2, 3, 4, 6, 7, 8, 10, 11, 12, 14], 119/1600, 147233/156800, 139/140, 19⟩,
    ⟨[10], [0, 1, 2, 3, 4, 6, 7, 8, 10, 11, 13, 14], 119/1600, 147233/156800, 139/140, 19⟩,
    ⟨[10], [0, 1, 2, 3, 4, 6, 7, 8, 10, 12, 13, 14], 119/1600, 147233/156800, 139/140, 19⟩,
    ⟨[10], [0, 1, 2, 3, 4, 6, 7, 8, 11, 12, 13, 14], 119/1600, 147233/156800, 139/140, 19⟩,
    ⟨[10], [0, 1, 2, 3, 4, 6, 7, 9, 10, 11, 12, 13], 119/1600, 136033/145600, 139/140, 18⟩,
    ⟨[10], [0, 1, 2, 3, 4, 6, 7, 9, 10, 11, 12, 14], 119/1600, 147233/156800, 139/140, 19⟩,
    ⟨[10], [0, 1, 2, 3, 4, 6, 7, 9, 10, 11, 13, 14], 119/1600, 147233/156800, 139/140, 19⟩,
    ⟨[10], [0, 1, 2, 3, 4, 6, 7, 9, 10, 12, 13, 14], 119/1600, 147233/156800, 139/140, 19⟩,
    ⟨[10], [0, 1, 2, 3, 4, 6, 7, 9, 11, 12, 13, 14], 119/1600, 147233/156800, 139/140, 19⟩,
    ⟨[10], [0, 1, 2, 3, 4, 6, 7, 10, 11, 12, 13, 14], 119/1600, 147233/156800, 139/140, 19⟩,
    ⟨[10], [0, 1, 2, 3, 4, 6, 8, 9, 10, 11, 12, 13], 119/1600, 136033/145600, 139/140, 18⟩,
    ⟨[10], [0, 1, 2, 3, 4, 6, 8, 9, 10, 11, 12, 14], 119/1600, 147233/156800, 139/140, 19⟩,
    ⟨[10], [0, 1, 2, 3, 4, 6, 8, 9, 10, 11, 13, 14], 119/1600, 147233/156800, 139/140, 19⟩,
    ⟨[10], [0, 1, 2, 3, 4, 6, 8, 9, 10, 12, 13, 14], 119/1600, 147233/156800, 139/140, 19⟩,
    ⟨[10], [0, 1, 2, 3, 4, 6, 8, 9, 11, 12, 13, 14], 119/1600, 147233/156800, 139/140, 19⟩,
    ⟨[10], [0, 1, 2, 3, 4, 6, 8, 10, 11, 12, 13, 14], 119/1600, 147233/156800, 139/140, 19⟩,
    ⟨[10], [0, 1, 2, 3, 4, 6, 9, 10, 11, 12, 13, 14], 119/1600, 147233/156800, 139/140, 19⟩,
    ⟨[10], [0, 1, 2, 3, 4, 7, 8, 9, 10, 11, 12, 13], 119/1600, 136033/145600, 139/140, 18⟩,
    ⟨[10], [0, 1, 2, 3, 4, 7, 8, 9, 10, 11, 12, 14], 119/1600, 147233/156800, 139/140, 19⟩,
    ⟨[10], [0, 1, 2, 3, 4, 7, 8, 9, 10, 11, 13, 14], 119/1600, 147233/156800, 139/140, 19⟩,
    ⟨[10], [0, 1, 2, 3, 4, 7, 8, 9, 10, 12, 13, 14], 119/1600, 147233/156800, 139/140, 19⟩,
    ⟨[10], [0, 1, 2, 3, 4, 7, 8, 9, 11, 12, 13, 14], 119/1600, 147233/156800, 139/140, 19⟩,
    ⟨[10], [0, 1, 2, 3, 4, 7, 8, 10, 11, 12, 13, 14], 119/1600, 147233/156800, 139/140, 19⟩,
    ⟨[10], [0, 1, 2, 3, 4, 7, 9, 10, 11, 12, 13, 14], 119/1600, 147233/156800, 139/140, 19⟩,
    ⟨[10], [0, 1, 2, 3, 4, 8, 9, 10, 11, 12, 13, 14], 119/1600, 147233/156800, 139/140, 19⟩,
    ⟨[10], [0, 1, 2, 3, 5, 6, 7, 8, 9, 10, 11, 12], 119/1600, 41611/44800, 139/140, 16⟩,
    ⟨[10], [0, 1, 2, 3, 5, 6, 7, 8, 9, 10, 11, 13], 119/1600, 136033/145600, 139/140, 18⟩,
    ⟨[10], [0, 1, 2, 3, 5, 6, 7, 8, 9, 10, 11, 14], 119/1600, 147233/156800, 139/140, 19⟩,
    ⟨[10], [0, 1, 2, 3, 5, 6, 7, 8, 9, 10, 12, 13], 119/1600, 136033/145600, 139/140, 18⟩,
    ⟨[10], [0, 1, 2, 3, 5, 6, 7, 8, 9, 10, 12, 14], 119/1600, 147233/156800, 139/140, 19⟩,
    ⟨[10], [0, 1, 2, 3, 5, 6, 7, 8, 9, 10, 13, 14], 119/1600, 147233/156800, 139/140, 19⟩,
    ⟨[10], [0, 1, 2, 3, 5, 6, 7, 8, 9, 11, 12, 13], 119/1600, 136033/145600, 139/140, 18⟩,
    ⟨[10], [0, 1, 2, 3, 5, 6, 7, 8, 9, 11, 12, 14], 119/1600, 147233/156800, 139/140, 19⟩,
    ⟨[10], [0, 1, 2, 3, 5, 6, 7, 8, 9, 11, 13, 14], 119/1600, 147233/156800, 139/140, 19⟩,
    ⟨[10], [0, 1, 2, 3, 5, 6, 7, 8, 9, 12, 13, 14], 119/1600, 147233/156800, 139/140, 19⟩,
    ⟨[10], [0, 1, 2, 3, 5, 6, 7, 8, 10, 11, 12, 13], 119/1600, 136033/145600, 139/140, 18⟩,
    ⟨[10], [0, 1, 2, 3, 5, 6, 7, 8, 10, 11, 12, 14], 119/1600, 147233/156800, 139/140, 19⟩,
    ⟨[10], [0, 1, 2, 3, 5, 6, 7, 8, 10, 11, 13, 14], 119/1600, 147233/156800, 139/140, 19⟩,
    ⟨[10], [0, 1, 2, 3, 5, 6, 7, 8, 10, 12, 13, 14], 119/1600, 147233/156800, 139/140, 19⟩,
    ⟨[10], [0, 1, 2, 3, 5, 6, 7, 8, 11, 12, 13, 14], 119/1600, 147233/156800, 139/140, 19⟩,
    ⟨[10], [0, 1, 2, 3, 5, 6, 7, 9, 10, 11, 12, 13], 119/1600, 136033/145600, 139/140, 18⟩,
    ⟨[10], [0, 1, 2, 3, 5, 6, 7, 9, 10, 11, 12, 14], 119/1600, 147233/156800, 139/140, 19⟩,
    ⟨[10], [0, 1, 2, 3, 5, 6, 7, 9, 10, 11, 13, 14], 119/1600, 147233/156800, 139/140, 19⟩,
    ⟨[10], [0, 1, 2, 3, 5, 6, 7, 9, 10, 12, 13, 14], 119/1600, 147233/156800, 139/140, 19⟩,
    ⟨[10], [0, 1, 2, 3, 5, 6, 7, 9, 11, 12, 13, 14], 119/1600, 147233/156800, 139/140, 19⟩,
    ⟨[10], [0, 1, 2, 3, 5, 6, 7, 10, 11, 12, 13, 14], 119/1600, 147233/156800, 139/140, 19⟩,
    ⟨[10], [0, 1, 2, 3, 5, 6, 8, 9, 10, 11, 12, 13], 119/1600, 136033/145600, 139/140, 18⟩,
    ⟨[10], [0, 1, 2, 3, 5, 6, 8, 9, 10, 11, 12, 14], 119/1600, 147233/156800, 139/140, 19⟩,
    ⟨[10], [0, 1, 2, 3, 5, 6, 8, 9, 10, 11, 13, 14], 119/1600, 147233/156800, 139/140, 19⟩,
    ⟨[10], [0, 1, 2, 3, 5, 6, 8, 9, 10, 12, 13, 14], 119/1600, 147233/156800, 139/140, 19⟩,
    ⟨[10], [0, 1, 2, 3, 5, 6, 8, 9, 11, 12, 13, 14], 119/1600, 147233/156800, 139/140, 19⟩,
    ⟨[10], [0, 1, 2, 3, 5, 6, 8, 10, 11, 12, 13, 14], 119/1600, 147233/156800, 139/140, 19⟩,
    ⟨[10], [0, 1, 2, 3, 5, 6, 9, 10, 11, 12, 13, 14], 119/1600, 147233/156800, 139/140, 19⟩,
    ⟨[10], [0, 1, 2, 3, 5, 7, 8, 9, 10, 11, 12, 13], 119/1600, 136033/145600, 139/140, 18⟩,
    ⟨[10], [0, 1, 2, 3, 5, 7, 8, 9, 10, 11, 12, 14], 119/1600, 147233/156800, 139/140, 19⟩,
    ⟨[10], [0, 1, 2, 3, 5, 7, 8, 9, 10, 11, 13, 14], 119/1600, 147233/156800, 139/140, 19⟩,
    ⟨[10], [0, 1, 2, 3, 5, 7, 8, 9, 10, 12, 13, 14], 119/1600, 147233/156800, 139/140, 19⟩,
    ⟨[10], [0, 1, 2, 3, 5, 7, 8, 9, 11, 12, 13, 14], 119/1600, 147233/156800, 139/140, 19⟩,
    ⟨[10], [0, 1, 2, 3, 5, 7, 8, 10, 11, 12, 13, 14], 119/1600, 147233/156800, 139/140, 19⟩,
    ⟨[10], [0, 1, 2, 3, 5, 7, 9, 10, 11, 12, 13, 14], 119/1600, 147233/156800, 139/140, 19⟩,
    ⟨[10], [0, 1, 2, 3, 5, 8, 9, 10, 11, 12, 13, 14], 119/1600, 147233/156800, 139/140, 19⟩,
    ⟨[10], [0, 1, 2, 3, 6, 7, 8, 9, 10, 11, 12, 13], 119/1600, 136033/145600, 139/140, 18⟩,
    ⟨[10], [0, 1, 2, 3, 6, 7, 8, 9, 10, 11, 12, 14], 119/1600, 147233/156800, 139/140, 19⟩,
    ⟨[10], [0, 1, 2, 3, 6, 7, 8, 9, 10, 11, 13, 14], 119/1600, 147233/156800, 139/140, 19⟩,
    ⟨[10], [0, 1, 2, 3, 6, 7, 8, 9, 10, 12, 13, 14], 119/1600, 147233/156800, 139/140, 19⟩,
    ⟨[10], [0, 1, 2, 3, 6, 7, 8, 9, 11, 12, 13, 14], 119/1600, 147233/156800, 139/140, 19⟩,
    ⟨[10], [0, 1, 2, 3, 6, 7, 8, 10, 11, 12, 13, 14], 119/1600, 147233/156800, 139/140, 19⟩,
    ⟨[10], [0, 1, 2, 3, 6, 7, 9, 10, 11, 12, 13, 14], 119/1600, 147233/156800, 139/140, 19⟩,
    ⟨[10], [0, 1, 2, 3, 6, 8, 9, 10, 11, 12, 13, 14], 119/1600, 147233/156800, 139/140, 19⟩,
    ⟨[10], [0, 1, 2, 3, 7, 8, 9, 10, 11, 12, 13, 14], 119/1600, 147233/156800, 139/140, 19⟩,
    ⟨[10], [0, 1, 2, 4, 5, 6, 7, 8, 9, 10, 11, 12], 119/1600, 41611/44800, 139/140, 16⟩,
    ⟨[10], [0, 1, 2, 4, 5, 6, 7, 8, 9, 10, 11, 13], 119/1600, 136033/145600, 139/140, 18⟩,
    ⟨[10], [0, 1, 2, 4, 5, 6, 7, 8, 9, 10, 11, 14], 119/1600, 147233/156800, 139/140, 19⟩,
    ⟨[10], [0, 1, 2, 4, 5, 6, 7, 8, 9, 10, 12, 13], 119/1600, 136033/145600, 139/140, 18⟩,
    ⟨[10], [0, 1, 2, 4, 5, 6, 7, 8, 9, 10, 12, 14], 119/1600, 147233/156800, 139/140, 19⟩,
    ⟨[10], [0, 1, 2, 4, 5, 6, 7, 8, 9, 10, 13, 14], 119/1600, 147233/156800, 139/140, 19⟩,
    ⟨[10], [0, 1, 2, 4, 5, 6, 7, 8, 9, 11, 12, 13], 119/1600, 136033/145600, 139/140, 18⟩,
    ⟨[10], [0, 1, 2, 4, 5, 6, 7, 8, 9, 11, 12, 14], 119/1600, 147233/156800, 139/140, 19⟩,
    ⟨[10], [0, 1, 2, 4, 5, 6, 7, 8, 9, 11, 13, 14], 119/1600, 147233/156800, 139/140, 19⟩,
    ⟨[10], [0, 1, 2, 4, 5, 6, 7, 8, 9, 12, 13, 14], 119/1600, 147233/156800, 139/140, 19⟩,
    ⟨[10], [0, 1, 2, 4, 5, 6, 7, 8, 10, 11, 12, 13], 119/1600, 136033/145600, 139/140, 18⟩,
    ⟨[10], [0, 1, 2, 4, 5, 6, 7, 8, 10, 11, 12, 14], 119/1600, 147233/156800, 139/140, 19⟩,
    ⟨[10], [0, 1, 2, 4, 5, 6, 7, 8, 10, 11, 13, 14], 119/1600, 147233/156800, 139/140, 19⟩,
    ⟨[10], [0, 1, 2, 4, 5, 6, 7, 8, 10, 12, 13, 14], 119/1600, 147233/156800, 139/140, 19⟩,
    ⟨[10], [0, 1, 2, 4, 5, 6, 7, 8, 11, 12, 13, 14], 119/1600, 147233/156800, 139/140, 19⟩,
    ⟨[10], [0, 1, 2, 4, 5, 6, 7, 9, 10, 11, 12, 13], 119/1600, 136033/145600, 139/140, 18⟩,
    ⟨[10], [0, 1, 2, 4, 5, 6, 7, 9, 10, 11, 12, 14], 119/1600, 147233/156800, 139/140, 19⟩,
    ⟨[10], [0, 1, 2, 4, 5, 6, 7, 9, 10, 11, 13, 14], 119/1600, 147233/156800, 139/140, 19⟩,
    ⟨[10], [0, 1, 2, 4, 5, 6, 7, 9, 10, 12, 13, 14], 119/1600, 147233/156800, 139/140, 19⟩,
    ⟨[10], [0, 1, 2, 4, 5, 6, 7, 9, 11, 12, 13, 14], 119/1600, 147233/156800, 139/140, 19⟩,
    ⟨[10], [0, 1, 2, 4, 5, 6, 7, 10, 11, 12, 13, 14], 119/1600, 147233/156800, 139/140, 19⟩,
    ⟨[10], [0, 1, 2, 4, 5, 6, 8, 9, 10, 11, 12, 13], 119/1600, 136033/145600, 139/140, 18⟩,
    ⟨[10], [0, 1, 2, 4, 5, 6, 8, 9, 10, 11, 12, 14], 119/1600, 147233/156800, 139/140, 19⟩,
    ⟨[10], [0, 1, 2, 4, 5, 6, 8, 9, 10, 11, 13, 14], 119/1600, 147233/156800, 139/140, 19⟩,
    ⟨[10], [0, 1, 2, 4, 5, 6, 8, 9, 10, 12, 13, 14], 119/1600, 147233/156800, 139/140, 19⟩,
    ⟨[10], [0, 1, 2, 4, 5, 6, 8, 9, 11, 12, 13, 14], 119/1600, 147233/156800, 139/140, 19⟩,
    ⟨[10], [0, 1, 2, 4, 5, 6, 8, 10, 11, 12, 13, 14], 119/1600, 147233/156800, 139/140, 19⟩,
    ⟨[10], [0, 1, 2, 4, 5, 6, 9, 10, 11, 12, 13, 14], 119/1600, 147233/156800, 139/140, 19⟩,
    ⟨[10], [0, 1, 2, 4, 5, 7, 8, 9, 10, 11, 12, 13], 119/1600, 136033/145600, 139/140, 18⟩,
    ⟨[10], [0, 1, 2, 4, 5, 7, 8, 9, 10, 11, 12, 14], 119/1600, 147233/156800, 139/140, 19⟩,
    ⟨[10], [0, 1, 2, 4, 5, 7, 8, 9, 10, 11, 13, 14], 119/1600, 147233/156800, 139/140, 19⟩,
    ⟨[10], [0, 1, 2, 4, 5, 7, 8, 9, 10, 12, 13, 14], 119/1600, 147233/156800, 139/140, 19⟩,
    ⟨[10], [0, 1, 2, 4, 5, 7, 8, 9, 11, 12, 13, 14], 119/1600, 147233/156800, 139/140, 19⟩,
    ⟨[10], [0, 1, 2, 4, 5, 7, 8, 10, 11, 12, 13, 14], 119/1600, 147233/156800, 139/140, 19⟩,
    ⟨[10], [0, 1, 2, 4, 5, 7, 9, 10, 11, 12, 13, 14], 119/1600, 147233/156800, 139/140, 19⟩,
    ⟨[10], [0, 1, 2, 4, 5, 8, 9, 10, 11, 12, 13, 14], 119/1600, 147233/156800, 139/140, 19⟩,
    ⟨[10], [0, 1, 2, 4, 6, 7, 8, 9, 10, 11, 12, 13], 119/1600, 136033/145600, 139/140, 18⟩,
    ⟨[10], [0, 1, 2, 4, 6, 7, 8, 9, 10, 11, 12, 14], 119/1600, 147233/156800, 139/140, 19⟩,
    ⟨[10], [0, 1, 2, 4, 6, 7, 8, 9, 10, 11, 13, 14], 119/1600, 147233/156800, 139/140, 19⟩,
    ⟨[10], [0, 1, 2, 4, 6, 7, 8, 9, 10, 12, 13, 14], 119/1600, 147233/156800, 139/140, 19⟩,
    ⟨[10], [0, 1, 2, 4, 6, 7, 8, 9, 11, 12, 13, 14], 119/1600, 147233/156800, 139/140, 19⟩,
    ⟨[10], [0, 1, 2, 4, 6, 7, 8, 10, 11, 12, 13, 14], 119/1600, 147233/156800, 139/140, 19⟩,
    ⟨[10], [0, 1, 2, 4, 6, 7, 9, 10, 11, 12, 13, 14], 119/1600, 147233/156800, 139/140, 19⟩,
    ⟨[10], [0, 1, 2, 4, 6, 8, 9, 10, 11, 12, 13, 14], 119/1600, 147233/156800, 139/140, 19⟩,
    ⟨[10], [0, 1, 2, 4, 7, 8, 9, 10, 11, 12, 13, 14], 119/1600, 147233/156800, 139/140, 19⟩,
    ⟨[10], [0, 1, 2, 5, 6, 7, 8, 9, 10, 11, 12, 13], 119/1600, 136033/145600, 139/140, 18⟩,
    ⟨[10], [0, 1, 2, 5, 6, 7, 8, 9, 10, 11, 12, 14], 119/1600, 147233/156800, 139/140, 19⟩,
    ⟨[10], [0, 1, 2, 5, 6, 7, 8, 9, 10, 11, 13, 14], 119/1600, 147233/156800, 139/140, 19⟩,
    ⟨[10], [0, 1, 2, 5, 6, 7, 8, 9, 10, 12, 13, 14], 119/1600, 147233/156800, 139/140, 19⟩,
    ⟨[10], [0, 1, 2, 5, 6, 7, 8, 9, 11, 12, 13, 14], 119/1600, 147233/156800, 139/140, 19⟩,
    ⟨[10], [0, 1, 2, 5, 6, 7, 8, 10, 11, 12, 13, 14], 119/1600, 147233/156800, 139/140, 19⟩,
    ⟨[10], [0, 1, 2, 5, 6, 7, 9, 10, 11, 12, 13, 14], 119/1600, 147233/156800, 139/140, 19⟩,
    ⟨[10], [0, 1, 2, 5, 6, 8, 9, 10, 11, 12, 13, 14], 119/1600, 147233/156800, 139/140, 19⟩,
    ⟨[10], [0, 1, 2, 5, 7, 8, 9, 10, 11, 12, 13, 14], 119/1600, 147233/156800, 139/140, 19⟩,
    ⟨[10], [0, 1, 2, 6, 7, 8, 9, 10, 11, 12, 13, 14], 119/1600, 147233/156800, 139/140, 19⟩,
    ⟨[10], [0, 1, 3, 4, 5, 6, 7, 8, 9, 10, 11, 12], 119/1600, 41611/44800, 139/140, 16⟩,
    ⟨[10], [0, 1, 3, 4, 5, 6, 7, 8, 9, 10, 11, 13], 119/1600, 136033/145600, 139/140, 18⟩,
    ⟨[10], [0, 1, 3, 4, 5, 6, 7, 8, 9, 10, 11, 14], 119/1600, 147233/156800, 139/140, 19⟩,
    ⟨[10], [0, 1, 3, 4, 5, 6, 7, 8, 9, 10, 12, 13], 119/1600, 136033/145600, 139/140, 18⟩,
    ⟨[10], [0, 1, 3, 4, 5, 6, 7, 8, 9, 10, 12, 14], 119/1600, 147233/156800, 139/140, 19⟩,
    ⟨[10], [0, 1, 3, 4, 5, 6, 7, 8, 9, 10, 13, 14], 119/1600, 147233/156800, 139/140, 19⟩,
    ⟨[10], [0, 1, 3, 4, 5, 6, 7, 8, 9, 11, 12, 13], 119/1600, 136033/145600, 139/140, 18⟩,
    ⟨[10], [0, 1, 3, 4, 5, 6, 7, 8, 9, 11, 12, 14], 119/1600, 147233/156800, 139/140, 19⟩,
    ⟨[10], [0, 1, 3, 4, 5, 6, 7, 8, 9, 11, 13, 14], 119/1600, 147233/156800, 139/140, 19⟩,
    ⟨[10], [0, 1, 3, 4, 5, 6, 7, 8, 9, 12, 13, 14], 119/1600, 147233/156800, 139/140, 19⟩,
    ⟨[10], [0, 1, 3, 4, 5, 6, 7, 8, 10, 11, 12, 13], 119/1600, 136033/145600, 139/140, 18⟩,
    ⟨[10], [0, 1, 3, 4, 5, 6, 7, 8, 10, 11, 12, 14], 119/1600, 147233/156800, 139/140, 19⟩,
    ⟨[10], [0, 1, 3, 4, 5, 6, 7, 8, 10, 11, 13, 14], 119/1600, 147233/156800, 139/140, 19⟩,
    ⟨[10], [0, 1, 3, 4, 5, 6, 7, 8, 10, 12, 13, 14], 119/1600, 147233/156800, 139/140, 19⟩,
    ⟨[10], [0, 1, 3, 4, 5, 6, 7, 8, 11, 12, 13, 14], 119/1600, 147233/156800, 139/140, 19⟩,
    ⟨[10], [0, 1, 3, 4, 5, 6, 7, 9, 10, 11, 12, 13], 119/1600, 136033/145600, 139/140, 18⟩,
    ⟨[10], [0, 1, 3, 4, 5, 6, 7, 9, 10, 11, 12, 14], 119/1600, 147233/156800, 139/140, 19⟩,
    ⟨[10], [0, 1, 3, 4, 5, 6, 7, 9, 10, 11, 13, 14], 119/1600, 147233/156800, 139/140, 19⟩,
    ⟨[10], [0, 1, 3, 4, 5, 6, 7, 9, 10, 12, 13, 14], 119/1600, 147233/156800, 139/140, 19⟩,
    ⟨[10], [0, 1, 3, 4, 5, 6, 7, 9, 11, 12, 13, 14], 119/1600, 147233/156800, 139/140, 19⟩,
    ⟨[10], [0, 1, 3, 4, 5, 6, 7, 10, 11, 12, 13, 14], 119/1600, 147233/156800, 139/140, 19⟩,
    ⟨[10], [0, 1, 3, 4, 5, 6, 8, 9, 10, 11, 12, 13], 119/1600, 136033/145600, 139/140, 18⟩,
    ⟨[10], [0, 1, 3, 4, 5, 6, 8, 9, 10, 11, 12, 14], 119/1600, 147233/156800, 139/140, 19⟩,
    ⟨[10], [0, 1, 3, 4, 5, 6, 8, 9, 10, 11, 13, 14], 119/1600, 147233/156800, 139/140, 19⟩,
    ⟨[10], [0, 1, 3, 4, 5, 6, 8, 9, 10, 12, 13, 14], 119/1600, 147233/156800, 139/140, 19⟩,
    ⟨[10], [0, 1, 3, 4, 5, 6, 8, 9, 11, 12, 13, 14], 119/1600, 147233/156800, 139/140, 19⟩,
    ⟨[10], [0, 1, 3, 4, 5, 6, 8, 10, 11, 12, 13, 14], 119/1600, 147233/156800, 139/140, 19⟩,
    ⟨[10], [0, 1, 3, 4, 5, 6, 9, 10, 11, 12, 13, 14], 119/1600, 147233/156800, 139/140, 19⟩,
    ⟨[10], [0, 1, 3, 4, 5, 7, 8, 9, 10, 11, 12, 13], 119/1600, 136033/145600, 139/140, 18⟩,
    ⟨[10], [0, 1, 3, 4, 5, 7, 8, 9, 10, 11, 12, 14], 119/1600, 147233/156800, 139/140, 19⟩,
    ⟨[10], [0, 1, 3, 4, 5, 7, 8, 9, 10, 11, 13, 14], 119/1600, 147233/156800, 139/140, 19⟩,
    ⟨[10], [0, 1, 3, 4, 5, 7, 8, 9, 10, 12, 13, 14], 119/1600, 147233/156800, 139/140, 19⟩,
    ⟨[10], [0, 1, 3, 4, 5, 7, 8, 9, 11, 12, 13, 14], 119/1600, 147233/156800, 139/140, 19⟩,
    ⟨[10], [0, 1, 3, 4, 5, 7, 8, 10, 11, 12, 13, 14], 119/1600, 147233/156800, 139/140, 19⟩,
    ⟨[10], [0, 1, 3, 4, 5, 7, 9, 10, 11, 12, 13, 14], 119/1600, 147233/156800, 139/140, 19⟩,
    ⟨[10], [0, 1, 3, 4, 5, 8, 9, 10, 11, 12, 13, 14], 119/1600, 147233/156800, 139/140, 19⟩,
    ⟨[10], [0, 1, 3, 4, 6, 7, 8, 9, 10, 11, 12, 13], 119/1600, 136033/145600, 139/140, 18⟩,
    ⟨[10], [0, 1, 3, 4, 6, 7, 8, 9, 10, 11, 12, 14], 119/1600, 147233/156800, 139/140, 19⟩,
    ⟨[10], [0, 1, 3, 4, 6, 7, 8, 9, 10, 11, 13, 14], 119/1600, 147233/156800, 139/140, 19⟩,
    ⟨[10], [0, 1, 3, 4, 6, 7, 8, 9, 10, 12, 13, 14], 119/1600, 147233/156800, 139/140, 19⟩,
    ⟨[10], [0, 1, 3, 4, 6, 7, 8, 9, 11, 12, 13, 14], 119/1600, 147233/156800, 139/140, 19⟩,
    ⟨[10], [0, 1, 3, 4, 6, 7, 8, 10, 11, 12, 13, 14], 119/1600, 147233/156800, 139/140, 19⟩,
    ⟨[10], [0, 1, 3, 4, 6, 7, 9, 10, 11, 12, 13, 14], 119/1600, 147233/156800, 139/140, 19⟩,
    ⟨[10], [0, 1, 3, 4, 6, 8, 9, 10, 11, 12, 13, 14], 119/1600, 147233/156800, 139/140, 19⟩,
    ⟨[10], [0, 1, 3, 4, 7, 8, 9, 10, 11, 12, 13, 14], 119/1600, 147233/156800, 139/140, 19⟩,
    ⟨[10], [0, 1, 3, 5, 6, 7, 8, 9, 10, 11, 12, 13], 119/1600, 136033/145600, 139/140, 18⟩,
    ⟨[10], [0, 1, 3, 5, 6, 7, 8, 9, 10, 11, 12, 14], 119/1600, 147233/156800, 139/140, 19⟩,
    ⟨[10], [0, 1, 3, 5, 6, 7, 8, 9, 10, 11, 13, 14], 119/1600, 147233/156800, 139/140, 19⟩,
    ⟨[10], [0, 1, 3, 5, 6, 7, 8, 9, 10, 12, 13, 14], 119/1600, 147233/156800, 139/140, 19⟩,
    ⟨[10], [0, 1, 3, 5, 6, 7, 8, 9, 11, 12, 13, 14], 119/1600, 147233/156800, 139/140, 19⟩,
    ⟨[10], [0, 1, 3, 5, 6, 7, 8, 10, 11, 12, 13, 14], 119/1600, 147233/156800, 139/140, 19⟩,
    ⟨[10], [0, 1, 3, 5, 6, 7, 9, 10, 11, 12, 13, 14], 119/1600, 147233/156800, 139/140, 19⟩,
    ⟨[10], [0, 1, 3, 5, 6, 8, 9, 10, 11, 12, 13, 14], 119/1600, 147233/156800, 139/140, 19⟩,
    ⟨[10], [0, 1, 3, 5, 7, 8, 9, 10, 11, 12, 13, 14], 119/1600, 147233/156800, 139/140, 19⟩,
    ⟨[10], [0, 1, 3, 6, 7, 8, 9, 10, 11, 12, 13, 14], 119/1600, 147233/156800, 139/140, 19⟩,
    ⟨[10], [0, 1, 4, 5, 6, 7, 8, 9, 10, 11, 12, 13], 119/1600, 136033/145600, 139/140, 18⟩,
    ⟨[10], [0, 1, 4, 5, 6, 7, 8, 9, 10, 11, 12, 14], 119/1600, 147233/156800, 139/140, 19⟩,
    ⟨[10], [0, 1, 4, 5, 6, 7, 8, 9, 10, 11, 13, 14], 119/1600, 147233/156800, 139/140, 19⟩,
    ⟨[10], [0, 1, 4, 5, 6, 7, 8, 9, 10, 12, 13, 14], 119/1600, 147233/156800, 139/140, 19⟩,
    ⟨[10], [0, 1, 4, 5, 6, 7, 8, 9, 11, 12, 13, 14], 119/1600, 147233/156800, 139/140, 19⟩,
    ⟨[10], [0, 1, 4, 5, 6, 7, 8, 10, 11, 12, 13, 14], 119/1600, 147233/156800, 139/140, 19⟩,
    ⟨[10], [0, 1, 4, 5, 6, 7, 9, 10, 11, 12, 13, 14], 119/1600, 147233/156800, 139/140, 19⟩,
    ⟨[10], [0, 1, 4, 5, 6, 8, 9, 10, 11, 12, 13, 14], 119/1600, 147233/156800, 139/140, 19⟩,
    ⟨[10], [0, 1, 4, 5, 7, 8, 9, 10, 11, 12, 13, 14], 119/1600, 147233/156800, 139/140, 19⟩,
    ⟨[10], [0, 1, 4, 6, 7, 8, 9, 10, 11, 12, 13, 14], 119/1600, 147233/156800, 139/140, 19⟩,
    ⟨[10], [0, 1, 5, 6, 7, 8, 9, 10, 11, 12, 13, 14], 119/1600, 147233/156800, 139/140, 19⟩,
    ⟨[10], [0, 2, 3, 4, 5, 6, 7, 8, 9, 10, 11, 12], 119/1600, 41611/44800, 139/140, 16⟩,
    ⟨[10], [0, 2, 3, 4, 5, 6, 7, 8, 9, 10, 11, 13], 119/1600, 136033/145600, 139/140, 18⟩,
    ⟨[10], [0, 2, 3, 4, 5, 6, 7, 8, 9, 10, 11, 14], 119/1600, 147233/156800, 139/140, 19⟩,
    ⟨[10], [0, 2, 3, 4, 5, 6, 7, 8, 9, 10, 12, 13], 119/1600, 136033/145600, 139/140, 18⟩,
    ⟨[10], [0, 2, 3, 4, 5, 6, 7, 8, 9, 10, 12, 14], 119/1600, 147233/156800, 139/140, 19⟩,
    ⟨[10], [0, 2, 3, 4, 5, 6, 7, 8, 9, 10, 13, 14], 119/1600, 147233/156800, 139/140, 19⟩,
    ⟨[10], [0, 2, 3, 4, 5, 6, 7, 8, 9, 11, 12, 13], 119/1600, 136033/145600, 139/140, 18⟩,
    ⟨[10], [0, 2, 3, 4, 5, 6, 7, 8, 9, 11, 12, 14], 119/1600, 147233/156800, 139/140, 19⟩,
    ⟨[10], [0, 2, 3, 4, 5, 6, 7, 8, 9, 11, 13, 14], 119/1600, 147233/156800, 139/140, 19⟩,
    ⟨[10], [0, 2, 3, 4, 5, 6, 7, 8, 9, 12, 13, 14], 119/1600, 147233/156800, 139/140, 19⟩,
    ⟨[10], [0, 2, 3, 4, 5, 6, 7, 8, 10, 11, 12, 13], 119/1600, 136033/145600, 139/140, 18⟩,
    ⟨[10], [0, 2, 3, 4, 5, 6, 7, 8, 10, 11, 12, 14], 119/1600, 147233/156800, 139/140, 19⟩,
    ⟨[10], [0, 2, 3, 4, 5, 6, 7, 8, 10, 11, 13, 14], 119/1600, 147233/156800, 139/140, 19⟩,
    ⟨[10], [0, 2, 3, 4, 5, 6, 7, 8, 10, 12, 13, 14], 119/1600, 147233/156800, 139/140, 19⟩,
    ⟨[10], [0, 2, 3, 4, 5, 6, 7, 8, 11, 12, 13, 14], 119/1600, 147233/156800, 139/140, 19⟩,
    ⟨[10], [0, 2, 3, 4, 5, 6, 7, 9, 10, 11, 12, 13], 119/1600, 136033/145600, 139/140, 18⟩,
    ⟨[10], [0, 2, 3, 4, 5, 6, 7, 9, 10, 11, 12, 14], 119/1600, 147233/156800, 139/140, 19⟩,
    ⟨[10], [0, 2, 3, 4, 5, 6, 7, 9, 10, 11, 13, 14], 119/1600, 147233/156800, 139/140, 19⟩,
    ⟨[10], [0, 2, 3, 4, 5, 6, 7, 9, 10, 12, 13, 14], 119/1600, 147233/156800, 139/140, 19⟩,
    ⟨[10], [0, 2, 3, 4, 5, 6, 7, 9, 11, 12, 13, 14], 119/1600, 147233/156800, 139/140, 19⟩,
    ⟨[10], [0, 2, 3, 4, 5, 6, 7, 10, 11, 12, 13, 14], 119/1600, 147233/156800, 139/140, 19⟩,
    ⟨[10], [0, 2, 3, 4, 5, 6, 8, 9, 10, 11, 12, 13], 119/1600, 136033/145600, 139/140, 18⟩,
    ⟨[10], [0, 2, 3, 4, 5, 6, 8, 9, 10, 11, 12, 14], 119/1600, 147233/156800, 139/140, 19⟩,
    ⟨[10], [0, 2, 3, 4, 5, 6, 8, 9, 10, 11, 13, 14], 119/1600, 147233/156800, 139/140, 19⟩,
    ⟨[10], [0, 2, 3, 4, 5, 6, 8, 9, 10, 12, 13, 14], 119/1600, 147233/156800, 139/140, 19⟩,
    ⟨[10], [0, 2, 3, 4, 5, 6, 8, 9, 11, 12, 13, 14], 119/1600, 147233/156800, 139/140, 19⟩,
    ⟨[10], [0, 2, 3, 4, 5, 6, 8, 10, 11, 12, 13, 14], 119/1600, 147233/156800, 139/140, 19⟩,
    ⟨[10], [0, 2, 3, 4, 5, 6, 9, 10, 11, 12, 13, 14], 119/1600, 147233/156800, 139/140, 19⟩,
    ⟨[10], [0, 2, 3, 4, 5, 7, 8, 9, 10, 11, 12, 13], 119/1600, 136033/145600, 139/140, 18⟩,
    ⟨[10], [0, 2, 3, 4, 5, 7, 8, 9, 10, 11, 12, 14], 119/1600, 147233/156800, 139/140, 19⟩,
    ⟨[10], [0, 2, 3, 4, 5, 7, 8, 9, 10, 11, 13, 14], 119/1600, 147233/156800, 139/140, 19⟩,
    ⟨[10], [0, 2, 3, 4, 5, 7, 8, 9, 10, 12, 13, 14], 119/1600, 147233/156800, 139/140, 19⟩,
    ⟨[10], [0, 2, 3, 4, 5, 7, 8, 9, 11, 12, 13, 14], 119/1600, 147233/156800, 139/140, 19⟩,
    ⟨[10], [0, 2, 3, 4, 5, 7, 8, 10, 11, 12, 13, 14], 119/1600, 147233/156800, 139/140, 19⟩,
    ⟨[10], [0, 2, 3, 4, 5, 7, 9, 10, 11, 12, 13, 14], 119/1600, 147233/156800, 139/140, 19⟩,
    ⟨[10], [0, 2, 3, 4, 5, 8, 9, 10, 11, 12, 13, 14], 119/1600, 147233/156800, 139/140, 19⟩,
    ⟨[10], [0, 2, 3, 4, 6, 7, 8, 9, 10, 11, 12, 13], 119/1600, 136033/145600, 139/140, 18⟩,
    ⟨[10], [0, 2, 3, 4, 6, 7, 8, 9, 10, 11, 12, 14], 119/1600, 147233/156800, 139/140, 19⟩,
    ⟨[10], [0, 2, 3, 4, 6, 7, 8, 9, 10, 11, 13, 14], 119/1600, 147233/156800, 139/140, 19⟩,
    ⟨[10], [0, 2, 3, 4, 6, 7, 8, 9, 10, 12, 13, 14], 119/1600, 147233/156800, 139/140, 19⟩,
    ⟨[10], [0, 2, 3, 4, 6, 7, 8, 9, 11, 12, 13, 14], 119/1600, 147233/156800, 139/140, 19⟩,
    ⟨[10], [0, 2, 3, 4, 6, 7, 8, 10, 11, 12, 13, 14], 119/1600, 147233/156800, 139/140, 19⟩,
    ⟨[10], [0, 2, 3, 4, 6, 7, 9, 10, 11, 12, 13, 14], 119/1600, 147233/156800, 139/140, 19⟩,
    ⟨[10], [0, 2, 3, 4, 6, 8, 9, 10, 11, 12, 13, 14], 119/1600, 147233/156800, 139/140, 19⟩,
    ⟨[10], [0, 2, 3, 4, 7, 8, 9, 10, 11, 12, 13, 14], 119/1600, 147233/156800, 139/140, 19⟩,
    ⟨[10], [0, 2, 3, 5, 6, 7, 8, 9, 10, 11, 12, 13], 119/1600, 136033/145600, 139/140, 18⟩,
    ⟨[10], [0, 2, 3, 5, 6, 7, 8, 9, 10, 11, 12, 14], 119/1600, 147233/156800, 139/140, 19⟩,
    ⟨[10], [0, 2, 3, 5, 6, 7, 8, 9, 10, 11, 13, 14], 119/1600, 147233/156800, 139/140, 19⟩,
    ⟨[10], [0, 2, 3, 5, 6, 7, 8, 9, 10, 12, 13, 14], 119/1600, 147233/156800, 139/140, 19⟩,
    ⟨[10], [0, 2, 3, 5, 6, 7, 8, 9, 11, 12, 13, 14], 119/1600, 147233/156800, 139/140, 19⟩,
    ⟨[10], [0, 2, 3, 5, 6, 7, 8, 10, 11, 12, 13, 14], 119/1600, 147233/156800, 139/140, 19⟩,
    ⟨[10], [0, 2, 3, 5, 6, 7, 9, 10, 11, 12, 13, 14], 119/1600, 147233/156800, 139/140, 19⟩,
    ⟨[10], [0, 2, 3, 5, 6, 8, 9, 10, 11, 12, 13, 14], 119/1600, 147233/156800, 139/140, 19⟩,
    ⟨[10], [0, 2, 3, 5, 7, 8, 9, 10, 11, 12, 13, 14], 119/1600, 147233/156800, 139/140, 19⟩,
    ⟨[10], [0, 2, 3, 6, 7, 8, 9, 10, 11, 12, 13, 14], 119/1600, 147233/156800, 139/140, 19⟩,
    ⟨[10], [0, 2, 4, 5, 6, 7, 8, 9, 10, 11, 12, 13], 119/1600, 136033/145600, 139/140, 18⟩,
    ⟨[10], [0, 2, 4, 5, 6, 7, 8, 9, 10, 11, 12, 14], 119/1600, 147233/156800, 139/140, 19⟩,
    ⟨[10], [0, 2, 4, 5, 6, 7, 8, 9, 10, 11, 13, 14], 119/1600, 147233/156800, 139/140, 19⟩,
    ⟨[10], [0, 2, 4, 5, 6, 7, 8, 9, 10, 12, 13, 14], 119/1600, 147233/156800, 139/140, 19⟩,
    ⟨[10], [0, 2, 4, 5, 6, 7, 8, 9, 11, 12, 13, 14], 119/1600, 147233/156800, 139/140, 19⟩,
    ⟨[10], [0, 2, 4, 5, 6, 7, 8, 10, 11, 12, 13, 14], 119/1600, 147233/156800, 139/140, 19⟩,
    ⟨[10], [0, 2, 4, 5, 6, 7, 9, 10, 11, 12, 13, 14], 119/1600, 147233/156800, 139/140, 19⟩,
    ⟨[10], [0, 2, 4, 5, 6, 8, 9, 10, 11, 12, 13, 14], 119/1600, 147233/156800, 139/140, 19⟩,
    ⟨[10], [0, 2, 4, 5, 7, 8, 9, 10, 11, 12, 13, 14], 119/1600, 147233/156800, 139/140, 19⟩,
    ⟨[10], [0, 2, 4, 6, 7, 8, 9, 10, 11, 12, 13, 14], 119/1600, 147233/156800, 139/140, 19⟩,
    ⟨[10], [0, 2, 5, 6, 7, 8, 9, 10, 11, 12, 13, 14], 119/1600, 147233/156800, 139/140, 19⟩,
    ⟨[10], [0, 3, 4, 5, 6, 7, 8, 9, 10, 11, 12, 13], 119/1600, 136033/145600, 139/140, 18⟩,
    ⟨[10], [0, 3, 4, 5, 6, 7, 8, 9, 10, 11, 12, 14], 119/1600, 147233/156800, 139/140, 19⟩,
    ⟨[10], [0, 3, 4, 5, 6, 7, 8, 9, 10, 11, 13, 14], 119/1600, 147233/156800, 139/140, 19⟩,
    ⟨[10], [0, 3, 4, 5, 6, 7, 8, 9, 10, 12, 13, 14], 119/1600, 147233/156800, 139/140, 19⟩,
    ⟨[10], [0, 3, 4, 5, 6, 7, 8, 9, 11, 12, 13, 14], 119/1600, 147233/156800, 139/140, 19⟩,
    ⟨[10], [0, 3, 4, 5, 6, 7, 8, 10, 11, 12, 13, 14], 119/1600, 147233/156800, 139/140, 19⟩,
    ⟨[10], [0, 3, 4, 5, 6, 7, 9, 10, 11, 12, 13, 14], 119/1600, 147233/156800, 139/140, 19⟩,
    ⟨[10], [0, 3, 4, 5, 6, 8, 9, 10, 11, 12, 13, 14], 119/1600, 147233/156800, 139/140, 19⟩,
    ⟨[10], [0, 3, 4, 5, 7, 8, 9, 10, 11, 12, 13, 14], 119/1600, 147233/156800, 139/140, 19⟩,
    ⟨[10], [0, 3, 4, 6, 7, 8, 9, 10, 11, 12, 13, 14], 119/1600, 147233/156800, 139/140, 19⟩,
    ⟨[10], [0, 3, 5, 6, 7, 8, 9, 10, 11, 12, 13, 14], 119/1600, 147233/156800, 139/140, 19⟩,
    ⟨[10], [0, 4, 5, 6, 7, 8, 9, 10, 11, 12, 13, 14], 119/1600, 147233/156800, 139/140, 19⟩,
    ⟨[11], [0, 1, 2, 3, 4, 5, 6, 7, 8, 9, 10, 11], 119/1600, 113633/123200, 153/154, 15⟩,
    ⟨[11], [0, 1, 2, 3, 4, 5, 6, 7, 8, 9, 10, 12], 119/1600, 41611/44800, 153/154, 16⟩,
    ⟨[11], [0, 1, 2, 3, 4, 5, 6, 7, 8, 9, 10, 13], 119/1600, 136033/145600, 153/154, 17⟩,
    ⟨[11], [0, 1, 2, 3, 4, 5, 6, 7, 8, 9, 10, 14], 119/1600, 147233/156800, 153/154, 19⟩,
    ⟨[11], [0, 1, 2, 3, 4, 5, 6, 7, 8, 9, 11, 12], 119/1600, 41611/44800, 153/154, 16⟩,
    ⟨[11], [0, 1, 2, 3, 4, 5, 6, 7, 8, 9, 11, 13], 119/1600, 136033/145600, 153/154, 17⟩,
    ⟨[11], [0, 1, 2, 3, 4, 5, 6, 7, 8, 9, 11, 14], 119/1600, 147233/156800, 153/154, 19⟩,
    ⟨[11], [0, 1, 2, 3, 4, 5, 6, 7, 8, 9, 12, 13], 119/1600, 136033/145600, 153/154, 17⟩,
    ⟨[11], [0, 1, 2, 3, 4, 5, 6, 7, 8, 9, 12, 14], 119/1600, 147233/156800, 153/154, 19⟩,
    ⟨[11], [0, 1, 2, 3, 4, 5, 6, 7, 8, 9, 13, 14], 119/1600, 147233/156800, 153/154, 19⟩,
    ⟨[11], [0, 1, 2, 3, 4, 5, 6, 7, 8, 10, 11, 12], 119/1600, 41611/44800, 153/154, 16⟩,
    ⟨[11], [0, 1, 2, 3, 4, 5, 6, 7, 8, 10, 11, 13], 119/1600, 136033/145600, 153/154, 17⟩,
    ⟨[11], [0, 1, 2, 3, 4, 5, 6, 7, 8, 10, 11, 14], 119/1600, 147233/156800, 153/154, 19⟩,
    ⟨[11], [0, 1, 2, 3, 4, 5, 6, 7, 8, 10, 12, 13], 119/1600, 136033/145600, 153/154, 17⟩,
    ⟨[11], [0, 1, 2, 3, 4, 5, 6, 7, 8, 10, 12, 14], 119/1600, 147233/156800, 153/154, 19⟩,
    ⟨[11], [0, 1, 2, 3, 4, 5, 6, 7, 8, 10, 13, 14], 119/1600, 147233/156800, 153/154, 19⟩,
    ⟨[11], [0, 1, 2, 3, 4, 5, 6, 7, 8, 11, 12, 13], 119/1600, 136033/145600, 153/154, 17⟩,
    ⟨[11], [0, 1, 2, 3, 4, 5, 6, 7, 8, 11, 12, 14], 119/1600, 147233/156800, 153/154, 19⟩,
    ⟨[11], [0, 1, 2, 3, 4, 5, 6, 7, 8, 11, 13, 14], 119/1600, 147233/156800, 153/154, 19⟩,
    ⟨[11], [0, 1, 2, 3, 4, 5, 6, 7, 8, 12, 13, 14], 119/1600, 147233/156800, 153/154, 19⟩,
    ⟨[11], [0, 1, 2, 3, 4, 5, 6, 7, 9, 10, 11, 12], 119/1600, 41611/44800, 153/154, 16⟩,
    ⟨[11], [0, 1, 2, 3, 4, 5, 6, 7, 9, 10, 11, 13], 119/1600, 136033/145600, 153/154, 17⟩,
    ⟨[11], [0, 1, 2, 3, 4, 5, 6, 7, 9, 10, 11, 14], 119/1600, 147233/156800, 153/154, 19⟩,
    ⟨[11], [0, 1, 2, 3, 4, 5, 6, 7, 9, 10, 12, 13], 119/1600, 136033/145600, 153/154, 17⟩,
    ⟨[11], [0, 1, 2, 3, 4, 5, 6, 7, 9, 10, 12, 14], 119/1600, 147233/156800, 153/154, 19⟩,
    ⟨[11], [0, 1, 2, 3, 4, 5, 6, 7, 9, 10, 13, 14], 119/1600, 147233/156800, 153/154, 19⟩,
    ⟨[11], [0, 1, 2, 3, 4, 5, 6, 7, 9, 11, 12, 13], 119/1600, 136033/145600, 153/154, 17⟩,
    ⟨[11], [0, 1, 2, 3, 4, 5, 6, 7, 9, 11, 12, 14], 119/1600, 147233/156800, 153/154, 19⟩,
    ⟨[11], [0, 1, 2, 3, 4, 5, 6, 7, 9, 11, 13, 14], 119/1600, 147233/156800, 153/154, 19⟩,
    ⟨[11], [0, 1, 2, 3, 4, 5, 6, 7, 9, 12, 13, 14], 119/1600, 147233/156800, 153/154, 19⟩,
    ⟨[11], [0, 1, 2, 3, 4, 5, 6, 7, 10, 11, 12, 13], 119/1600, 136033/145600, 153/154, 17⟩,
    ⟨[11], [0, 1, 2, 3, 4, 5, 6, 7, 10, 11, 12, 14], 119/1600, 147233/156800, 153/154, 19⟩,
    ⟨[11], [0, 1, 2, 3, 4, 5, 6, 7, 10, 11, 13, 14], 119/1600, 147233/156800, 153/154, 19⟩,
    ⟨[11], [0, 1, 2, 3, 4, 5, 6, 7, 10, 12, 13, 14], 119/1600, 147233/156800, 153/154, 19⟩,
    ⟨[11], [0, 1, 2, 3, 4, 5, 6, 7, 11, 12, 13, 14], 119/1600, 147233/156800, 153/154, 19⟩,
    ⟨[11], [0, 1, 2, 3, 4, 5, 6, 8, 9, 10, 11, 12], 119/1600, 41611/44800, 153/154, 16⟩,
    ⟨[11], [0, 1, 2, 3, 4, 5, 6, 8, 9, 10, 11, 13], 119/1600, 136033/145600, 153/154, 17⟩,
    ⟨[11], [0, 1, 2, 3, 4, 5, 6, 8, 9, 10, 11, 14], 119/1600, 147233/156800, 153/154, 19⟩,
    ⟨[11], [0, 1, 2, 3, 4, 5, 6, 8, 9, 10, 12, 13], 119/1600, 136033/145600, 153/154, 17⟩,
    ⟨[11], [0, 1, 2, 3, 4, 5, 6, 8, 9, 10, 12, 14], 119/1600, 147233/156800, 153/154, 19⟩,
    ⟨[11], [0, 1, 2, 3, 4, 5, 6, 8, 9, 10, 13, 14], 119/1600, 147233/156800, 153/154, 19⟩,
    ⟨[11], [0, 1, 2, 3, 4, 5, 6, 8, 9, 11, 12, 13], 119/1600, 136033/145600, 153/154, 17⟩,
    ⟨[11], [0, 1, 2, 3, 4, 5, 6, 8, 9, 11, 12, 14], 119/1600, 147233/156800, 153/154, 19⟩,
    ⟨[11], [0, 1, 2, 3, 4, 5, 6, 8, 9, 11, 13, 14], 119/1600, 147233/156800, 153/154, 19⟩,
    ⟨[11], [0, 1, 2, 3, 4, 5, 6, 8, 9, 12, 13, 14], 119/1600, 147233/156800, 153/154, 19⟩,
    ⟨[11], [0, 1, 2, 3, 4, 5, 6, 8, 10, 11, 12, 13], 119/1600, 136033/145600, 153/154, 17⟩,
    ⟨[11], [0, 1, 2, 3, 4, 5, 6, 8, 10, 11, 12, 14], 119/1600, 147233/156800, 153/154, 19⟩,
    ⟨[11], [0, 1, 2, 3, 4, 5, 6, 8, 10, 11, 13, 14], 119/1600, 147233/156800, 153/154, 19⟩,
    ⟨[11], [0, 1, 2, 3, 4, 5, 6, 8, 10, 12, 13, 14], 119/1600, 147233/156800, 153/154, 19⟩,
    ⟨[11], [0, 1, 2, 3, 4, 5, 6, 8, 11, 12, 13, 14], 119/1600, 147233/156800, 153/154, 19⟩,
    ⟨[11], [0, 1, 2, 3, 4, 5, 6, 9, 10, 11, 12, 13], 119/1600, 136033/145600, 153/154, 17⟩,
    ⟨[11], [0, 1, 2, 3, 4, 5, 6, 9, 10, 11, 12, 14], 119/1600, 147233/156800, 153/154, 19⟩,
    ⟨[11], [0, 1, 2, 3, 4, 5, 6, 9, 10, 11, 13, 14], 119/1600, 147233/156800, 153/154, 19⟩,
    ⟨[11], [0, 1, 2, 3, 4, 5, 6, 9, 10, 12, 13, 14], 119/1600, 147233/156800, 153/154, 19⟩,
    ⟨[11], [0, 1, 2, 3, 4, 5, 6, 9, 11, 12, 13, 14], 119/1600, 147233/156800, 153/154, 19⟩,
    ⟨[11], [0, 1, 2, 3, 4, 5, 6, 10, 11, 12, 13, 14], 119/1600, 147233/156800, 153/154, 19⟩,
    ⟨[11], [0, 1, 2, 3, 4, 5, 7, 8, 9, 10, 11, 12], 119/1600, 41611/44800, 153/154, 16⟩,
    ⟨[11], [0, 1, 2, 3, 4, 5, 7, 8, 9, 10, 11, 13], 119/1600, 136033/145600, 153/154, 17⟩,
    ⟨[11], [0, 1, 2, 3, 4, 5, 7, 8, 9, 10, 11, 14], 119/1600, 147233/156800, 153/154, 19⟩,
    ⟨[11], [0, 1, 2, 3, 4, 5, 7, 8, 9, 10, 12, 13], 119/1600, 136033/145600, 153/154, 17⟩,
    ⟨[11], [0, 1, 2, 3, 4, 5, 7, 8, 9, 10, 12, 14], 119/1600, 147233/156800, 153/154, 19⟩,
    ⟨[11], [0, 1, 2, 3, 4, 5, 7, 8, 9, 10, 13, 14], 119/1600, 147233/156800, 153/154, 19⟩,
    ⟨[11], [0, 1, 2, 3, 4, 5, 7, 8, 9, 11, 12, 13], 119/1600, 136033/145600, 153/154, 17⟩,
    ⟨[11], [0, 1, 2, 3, 4, 5, 7, 8, 9, 11, 12, 14], 119/1600, 147233/156800, 153/154, 19⟩,
    ⟨[11], [0, 1, 2, 3, 4, 5, 7, 8, 9, 11, 13, 14], 119/1600, 147233/156800, 153/154, 19⟩,
    ⟨[11], [0, 1, 2, 3, 4, 5, 7, 8, 9, 12, 13, 14], 119/1600, 147233/156800, 153/154, 19⟩,
    ⟨[11], [0, 1, 2, 3, 4, 5, 7, 8, 10, 11, 12, 13], 119/1600, 136033/145600, 153/154, 17⟩,
    ⟨[11], [0, 1, 2, 3, 4, 5, 7, 8, 10, 11, 12, 14], 119/1600, 147233/156800, 153/154, 19⟩,
    ⟨[11], [0, 1, 2, 3, 4, 5, 7, 8, 10, 11, 13, 14], 119/1600, 147233/156800, 153/154, 19⟩,
    ⟨[11], [0, 1, 2, 3, 4, 5, 7, 8, 10, 12, 13, 14], 119/1600, 147233/156800, 153/154, 19⟩,
    ⟨[11], [0, 1, 2, 3, 4, 5, 7, 8, 11, 12, 13, 14], 119/1600, 147233/156800, 153/154, 19⟩,
    ⟨[11], [0, 1, 2, 3, 4, 5, 7, 9, 10, 11, 12, 13], 119/1600, 136033/145600, 153/154, 17⟩,
    ⟨[11], [0, 1, 2, 3, 4, 5, 7, 9, 10, 11, 12, 14], 119/1600, 147233/156800, 153/154, 19⟩,
    ⟨[11], [0, 1, 2, 3, 4, 5, 7, 9, 10, 11, 13, 14], 119/1600, 147233/156800, 153/154, 19⟩,
    ⟨[11], [0, 1, 2, 3, 4, 5, 7, 9, 10, 12, 13, 14], 119/1600, 147233/156800, 153/154, 19⟩,
    ⟨[11], [0, 1, 2, 3, 4, 5, 7, 9, 11, 12, 13, 14], 119/1600, 147233/156800, 153/154, 19⟩,
    ⟨[11], [0, 1, 2, 3, 4, 5, 7, 10, 11, 12, 13, 14], 119/1600, 147233/156800, 153/154, 19⟩,
    ⟨[11], [0, 1, 2, 3, 4, 5, 8, 9, 10, 11, 12, 13], 119/1600, 136033/145600, 153/154, 17⟩,
    ⟨[11], [0, 1, 2, 3, 4, 5, 8, 9, 10, 11, 12, 14], 119/1600, 147233/156800, 153/154, 19⟩,
    ⟨[11], [0, 1, 2, 3, 4, 5, 8, 9, 10, 11, 13, 14], 119/1600, 147233/156800, 153/154, 19⟩,
    ⟨[11], [0, 1, 2, 3, 4, 5, 8, 9, 10, 12, 13, 14], 119/1600, 147233/156800, 153/154, 19⟩,
    ⟨[11], [0, 1, 2, 3, 4, 5, 8, 9, 11, 12, 13, 14], 119/1600, 147233/156800, 153/154, 19⟩,
    ⟨[11], [0, 1, 2, 3, 4, 5, 8, 10, 11, 12, 13, 14], 119/1600, 147233/156800, 153/154, 19⟩,
    ⟨[11], [0, 1, 2, 3, 4, 5, 9, 10, 11, 12, 13, 14], 119/1600, 147233/156800, 153/154, 19⟩,
    ⟨[11], [0, 1, 2, 3, 4, 6, 7, 8, 9, 10, 11, 12], 119/1600, 41611/44800, 153/154, 16⟩,
    ⟨[11], [0, 1, 2, 3, 4, 6, 7, 8, 9, 10, 11, 13], 119/1600, 136033/145600, 153/154, 17⟩,
    ⟨[11], [0, 1, 2, 3, 4, 6, 7, 8, 9, 10, 11, 14], 119/1600, 147233/156800, 153/154, 19⟩,
    ⟨[11], [0, 1, 2, 3, 4, 6, 7, 8, 9, 10, 12, 13], 119/1600, 136033/145600, 153/154, 17⟩,
    ⟨[11], [0, 1, 2, 3, 4, 6, 7, 8, 9, 10, 12, 14], 119/1600, 147233/156800, 153/154, 19⟩,
    ⟨[11], [0, 1, 2, 3, 4, 6, 7, 8, 9, 10, 13, 14], 119/1600, 147233/156800, 153/154, 19⟩,
    ⟨[11], [0, 1, 2, 3, 4, 6, 7, 8, 9, 11, 12, 13], 119/1600, 136033/145600, 153/154, 17⟩,
    ⟨[11], [0, 1, 2, 3, 4, 6, 7, 8, 9, 11, 12, 14], 119/1600, 147233/156800, 153/154, 19⟩,
    ⟨[11], [0, 1, 2, 3, 4, 6, 7, 8, 9, 11, 13, 14], 119/1600, 147233/156800, 153/154, 19⟩,
    ⟨[11], [0, 1, 2, 3, 4, 6, 7, 8, 9, 12, 13, 14], 119/1600, 147233/156800, 153/154, 19⟩,
    ⟨[11], [0, 1, 2, 3, 4, 6, 7, 8, 10, 11, 12, 13], 119/1600, 136033/145600, 153/154, 17⟩,
    ⟨[11], [0, 1, 2, 3, 4, 6, 7, 8, 10, 11, 12, 14], 119/1600, 147233/156800, 153/154, 19⟩,
    ⟨[11], [0, 1, 2, 3, 4, 6, 7, 8, 10, 11, 13, 14], 119/1600, 147233/156800, 153/154, 19⟩,
    ⟨[11], [0, 1, 2, 3, 4, 6, 7, 8, 10, 12, 13, 14], 119/1600, 147233/156800, 153/154, 19⟩,
    ⟨[11], [0, 1, 2, 3, 4, 6, 7, 8, 11, 12, 13, 14], 119/1600, 147233/156800, 153/154, 19⟩,
    ⟨[11], [0, 1, 2, 3, 4, 6, 7, 9, 10, 11, 12, 13], 119/1600, 136033/145600, 153/154, 17⟩,
    ⟨[11], [0, 1, 2, 3, 4, 6, 7, 9, 10, 11, 12, 14], 119/1600, 147233/156800, 153/154, 19⟩,
    ⟨[11], [0, 1, 2, 3, 4, 6, 7, 9, 10, 11, 13, 14], 119/1600, 147233/156800, 153/154, 19⟩,
    ⟨[11], [0, 1, 2, 3, 4, 6, 7, 9, 10, 12, 13, 14], 119/1600, 147233/156800, 153/154, 19⟩,
    ⟨[11], [0, 1, 2, 3, 4, 6, 7, 9, 11, 12, 13, 14], 119/1600, 147233/156800, 153/154, 19⟩,
    ⟨[11], [0, 1, 2, 3, 4, 6, 7, 10, 11, 12, 13, 14], 119/1600, 147233/156800, 153/154, 19⟩,
    ⟨[11], [0, 1, 2, 3, 4, 6, 8, 9, 10, 11, 12, 13], 119/1600, 136033/145600, 153/154, 17⟩,
    ⟨[11], [0, 1, 2, 3, 4, 6, 8, 9, 10, 11, 12, 14], 119/1600, 147233/156800, 153/154, 19⟩,
    ⟨[11], [0, 1, 2, 3, 4, 6, 8, 9, 10, 11, 13, 14], 119/1600, 147233/156800, 153/154, 19⟩,
    ⟨[11], [0, 1, 2, 3, 4, 6, 8, 9, 10, 12, 13, 14], 119/1600, 147233/156800, 153/154, 19⟩,
    ⟨[11], [0, 1, 2, 3, 4, 6, 8, 9, 11, 12, 13, 14], 119/1600, 147233/156800, 153/154, 19⟩,
    ⟨[11], [0, 1, 2, 3, 4, 6, 8, 10, 11, 12, 13, 14], 119/1600, 147233/156800, 153/154, 19⟩,
    ⟨[11], [0, 1, 2, 3, 4, 6, 9, 10, 11, 12, 13, 14], 119/1600, 147233/156800, 153/154, 19⟩,
    ⟨[11], [0, 1, 2, 3, 4, 7, 8, 9, 10, 11, 12, 13], 119/1600, 136033/145600, 153/154, 17⟩,
    ⟨[11], [0, 1, 2, 3, 4, 7, 8, 9, 10, 11, 12, 14], 119/1600, 147233/156800, 153/154, 19⟩,
    ⟨[11], [0, 1, 2, 3, 4, 7, 8, 9, 10, 11, 13, 14], 119/1600, 147233/156800, 153/154, 19⟩,
    ⟨[11], [0, 1, 2, 3, 4, 7, 8, 9, 10, 12, 13, 14], 119/1600, 147233/156800, 153/154, 19⟩,
    ⟨[11], [0, 1, 2, 3, 4, 7, 8, 9, 11, 12, 13, 14], 119/1600, 147233/156800, 153/154, 19⟩,
    ⟨[11], [0, 1, 2, 3, 4, 7, 8, 10, 11, 12, 13, 14], 119/1600, 147233/156800, 153/154, 19⟩,
    ⟨[11], [0, 1, 2, 3, 4, 7, 9, 10, 11, 12, 13, 14], 119/1600, 147233/156800, 153/154, 19⟩,
    ⟨[11], [0, 1, 2, 3, 4, 8, 9, 10, 11, 12, 13, 14], 119/1600, 147233/156800, 153/154, 19⟩,
    ⟨[11], [0, 1, 2, 3, 5, 6, 7, 8, 9, 10, 11, 12], 119/1600, 41611/44800, 153/154, 16⟩,
    ⟨[11], [0, 1, 2, 3, 5, 6, 7, 8, 9, 10, 11, 13], 119/1600, 136033/145600, 153/154, 17⟩,
    ⟨[11], [0, 1, 2, 3, 5, 6, 7, 8, 9, 10, 11, 14], 119/1600, 147233/156800, 153/154, 19⟩,
    ⟨[11], [0, 1, 2, 3, 5, 6, 7, 8, 9, 10, 12, 13], 119/1600, 136033/145600, 153/154, 17⟩,
    ⟨[11], [0, 1, 2, 3, 5, 6, 7, 8, 9, 10, 12, 14], 119/1600, 147233/156800, 153/154, 19⟩,
    ⟨[11], [0, 1, 2, 3, 5, 6, 7, 8, 9, 10, 13, 14], 119/1600, 147233/156800, 153/154, 19⟩,
    ⟨[11], [0, 1, 2, 3, 5, 6, 7, 8, 9, 11, 12, 13], 119/1600, 136033/145600, 153/154, 17⟩,
    ⟨[11], [0, 1, 2, 3, 5, 6, 7, 8, 9, 11, 12, 14], 119/1600, 147233/156800, 153/154, 19⟩,
    ⟨[11], [0, 1, 2, 3, 5, 6, 7, 8, 9, 11, 13, 14], 119/1600, 147233/156800, 153/154, 19⟩,
    ⟨[11], [0, 1, 2, 3, 5, 6, 7, 8, 9, 12, 13, 14], 119/1600, 147233/156800, 153/154, 19⟩,
    ⟨[11], [0, 1, 2, 3, 5, 6, 7, 8, 10, 11, 12, 13], 119/1600, 136033/145600, 153/154, 17⟩,
    ⟨[11], [0, 1, 2, 3, 5, 6, 7, 8, 10, 11, 12, 14], 119/1600, 147233/156800, 153/154, 19⟩,
    ⟨[11], [0, 1, 2, 3, 5, 6, 7, 8, 10, 11, 13, 14], 119/1600, 147233/156800, 153/154, 19⟩,
    ⟨[11], [0, 1, 2, 3, 5, 6, 7, 8, 10, 12, 13, 14], 119/1600, 147233/156800, 153/154, 19⟩,
    ⟨[11], [0, 1, 2, 3, 5, 6, 7, 8, 11, 12, 13, 14], 119/1600, 147233/156800, 153/154, 19⟩,
    ⟨[11], [0, 1, 2, 3, 5, 6, 7, 9, 10, 11, 12, 13], 119/1600, 136033/145600, 153/154, 17⟩,
    ⟨[11], [0, 1, 2, 3, 5, 6, 7, 9, 10, 11, 12, 14], 119/1600, 147233/156800, 153/154, 19⟩,
    ⟨[11], [0, 1, 2, 3, 5, 6, 7, 9, 10, 11, 13, 14], 119/1600, 147233/156800, 153/154, 19⟩,
    ⟨[11], [0, 1, 2, 3, 5, 6, 7, 9, 10, 12, 13, 14], 119/1600, 147233/156800, 153/154, 19⟩,
    ⟨[11], [0, 1, 2, 3, 5, 6, 7, 9, 11, 12, 13, 14], 119/1600, 147233/156800, 153/154, 19⟩,
    ⟨[11], [0, 1, 2, 3, 5, 6, 7, 10, 11, 12, 13, 14], 119/1600, 147233/156800, 153/154, 19⟩,
    ⟨[11], [0, 1, 2, 3, 5, 6, 8, 9, 10, 11, 12, 13], 119/1600, 136033/145600, 153/154, 17⟩,
    ⟨[11], [0, 1, 2, 3, 5, 6, 8, 9, 10, 11, 12, 14], 119/1600, 147233/156800, 153/154, 19⟩,
    ⟨[11], [0, 1, 2, 3, 5, 6, 8, 9, 10, 11, 13, 14], 119/1600, 147233/156800, 153/154, 19⟩,
    ⟨[11], [0, 1, 2, 3, 5, 6, 8, 9, 10, 12, 13, 14], 119/1600, 147233/156800, 153/154, 19⟩,
    ⟨[11], [0, 1, 2, 3, 5, 6, 8, 9, 11, 12, 13, 14], 119/1600, 147233/156800, 153/154, 19⟩,
    ⟨[11], [0, 1, 2, 3, 5, 6, 8, 10, 11, 12, 13, 14], 119/1600, 147233/156800, 153/154, 19⟩,
    ⟨[11], [0, 1, 2, 3, 5, 6, 9, 10, 11, 12, 13, 14], 119/1600, 147233/156800, 153/154, 19⟩,
    ⟨[11], [0, 1, 2, 3, 5, 7, 8, 9, 10, 11, 12, 13], 119/1600, 136033/145600, 153/154, 17⟩,
    ⟨[11], [0, 1, 2, 3, 5, 7, 8, 9, 10, 11, 12, 14], 119/1600, 147233/156800, 153/154, 19⟩,
    ⟨[11], [0, 1, 2, 3, 5, 7, 8, 9, 10, 11, 13, 14], 119/1600, 147233/156800, 153/154, 19⟩,
    ⟨[11], [0, 1, 2, 3, 5, 7, 8, 9, 10, 12, 13, 14], 119/1600, 147233/156800, 153/154, 19⟩,
    ⟨[11], [0, 1, 2, 3, 5, 7, 8, 9, 11, 12, 13, 14], 119/1600, 147233/156800, 153/154, 19⟩,
    ⟨[11], [0, 1, 2, 3, 5, 7, 8, 10, 11, 12, 13, 14], 119/1600, 147233/156800, 153/154, 19⟩,
    ⟨[11], [0, 1, 2, 3, 5, 7, 9, 10, 11, 12, 13, 14], 119/1600, 147233/156800, 153/154, 19⟩,
    ⟨[11], [0, 1, 2, 3, 5, 8, 9, 10, 11, 12, 13, 14], 119/1600, 147233/156800, 153/154, 19⟩,
    ⟨[11], [0, 1, 2, 3, 6, 7, 8, 9, 10, 11, 12, 13], 119/1600, 136033/145600, 153/154, 17⟩,
    ⟨[11], [0, 1, 2, 3, 6, 7, 8, 9, 10, 11, 12, 14], 119/1600, 147233/156800, 153/154, 19⟩,
    ⟨[11], [0, 1, 2, 3, 6, 7, 8, 9, 10, 11, 13, 14], 119/1600, 147233/156800, 153/154, 19⟩,
    ⟨[11], [0, 1, 2, 3, 6, 7, 8, 9, 10, 12, 13, 14], 119/1600, 147233/156800, 153/154, 19⟩,
    ⟨[11], [0, 1, 2, 3, 6, 7, 8, 9, 11, 12, 13, 14], 119/1600, 147233/156800, 153/154, 19⟩,
    ⟨[11], [0, 1, 2, 3, 6, 7, 8, 10, 11, 12, 13, 14], 119/1600, 147233/156800, 153/154, 19⟩,
    ⟨[11], [0, 1, 2, 3, 6, 7, 9, 10, 11, 12, 13, 14], 119/1600, 147233/156800, 153/154, 19⟩,
    ⟨[11], [0, 1, 2, 3, 6, 8, 9, 10, 11, 12, 13, 14], 119/1600, 147233/156800, 153/154, 19⟩,
    ⟨[11], [0, 1, 2, 3, 7, 8, 9, 10, 11, 12, 13, 14], 119/1600, 147233/156800, 153/154, 19⟩,
    ⟨[11], [0, 1, 2, 4, 5, 6, 7, 8, 9, 10, 11, 12], 119/1600, 41611/44800, 153/154, 16⟩,
    ⟨[11], [0, 1, 2, 4, 5, 6, 7, 8, 9, 10, 11, 13], 119/1600, 136033/145600, 153/154, 17⟩,
    ⟨[11], [0, 1, 2, 4, 5, 6, 7, 8, 9, 10, 11, 14], 119/1600, 147233/156800, 153/154, 19⟩,
    ⟨[11], [0, 1, 2, 4, 5, 6, 7, 8, 9, 10, 12, 13], 119/1600, 136033/145600, 153/154, 17⟩,
    ⟨[11], [0, 1, 2, 4, 5, 6, 7, 8, 9, 10, 12, 14], 119/1600, 147233/156800, 153/154, 19⟩,
    ⟨[11], [0, 1, 2, 4, 5, 6, 7, 8, 9, 10, 13, 14], 119/1600, 147233/156800, 153/154, 19⟩,
    ⟨[11], [0, 1, 2, 4, 5, 6, 7, 8, 9, 11, 12, 13], 119/1600, 136033/145600, 153/154, 17⟩,
    ⟨[11], [0, 1, 2, 4, 5, 6, 7, 8, 9, 11, 12, 14], 119/1600, 147233/156800, 153/154, 19⟩,
    ⟨[11], [0, 1, 2, 4, 5, 6, 7, 8, 9, 11, 13, 14], 119/1600, 147233/156800, 153/154, 19⟩,
    ⟨[11], [0, 1, 2, 4, 5, 6, 7, 8, 9, 12, 13, 14], 119/1600, 147233/156800, 153/154, 19⟩,
    ⟨[11], [0, 1, 2, 4, 5, 6, 7, 8, 10, 11, 12, 13], 119/1600, 136033/145600, 153/154, 17⟩,
    ⟨[11], [0, 1, 2, 4, 5, 6, 7, 8, 10, 11, 12, 14], 119/1600, 147233/156800, 153/154, 19⟩,
    ⟨[11], [0, 1, 2, 4, 5, 6, 7, 8, 10, 11, 13, 14], 119/1600, 147233/156800, 153/154, 19⟩,
    ⟨[11], [0, 1, 2, 4, 5, 6, 7, 8, 10, 12, 13, 14], 119/1600, 147233/156800, 153/154, 19⟩,
    ⟨[11], [0, 1, 2, 4, 5, 6, 7, 8, 11, 12, 13, 14], 119/1600, 147233/156800, 153/154, 19⟩,
    ⟨[11], [0, 1, 2, 4, 5, 6, 7, 9, 10, 11, 12, 13], 119/1600, 136033/145600, 153/154, 17⟩,
    ⟨[11], [0, 1, 2, 4, 5, 6, 7, 9, 10, 11, 12, 14], 119/1600, 147233/156800, 153/154, 19⟩,
    ⟨[11], [0, 1, 2, 4, 5, 6, 7, 9, 10, 11, 13, 14], 119/1600, 147233/156800, 153/154, 19⟩,
    ⟨[11], [0, 1, 2, 4, 5, 6, 7, 9, 10, 12, 13, 14], 119/1600, 147233/156800, 153/154, 19⟩,
    ⟨[11], [0, 1, 2, 4, 5, 6, 7, 9, 11, 12, 13, 14], 119/1600, 147233/156800, 153/154, 19⟩,
    ⟨[11], [0, 1, 2, 4, 5, 6, 7, 10, 11, 12, 13, 14], 119/1600, 147233/156800, 153/154, 19⟩,
    ⟨[11], [0, 1, 2, 4, 5, 6, 8, 9, 10, 11, 12, 13], 119/1600, 136033/145600, 153/154, 17⟩,
    ⟨[11], [0, 1, 2, 4, 5, 6, 8, 9, 10, 11, 12, 14], 119/1600, 147233/156800, 153/154, 19⟩,
    ⟨[11], [0, 1, 2, 4, 5, 6, 8, 9, 10, 11, 13, 14], 119/1600, 147233/156800, 153/154, 19⟩,
    ⟨[11], [0, 1, 2, 4, 5, 6, 8, 9, 10, 12, 13, 14], 119/1600, 147233/156800, 153/154, 19⟩,
    ⟨[11], [0, 1, 2, 4, 5, 6, 8, 9, 11, 12, 13, 14], 119/1600, 147233/156800, 153/154, 19⟩,
    ⟨[11], [0, 1, 2, 4, 5, 6, 8, 10, 11, 12, 13, 14], 119/1600, 147233/156800, 153/154, 19⟩,
    ⟨[11], [0, 1, 2, 4, 5, 6, 9, 10, 11, 12, 13, 14], 119/1600, 147233/156800, 153/154, 19⟩,
    ⟨[11], [0, 1, 2, 4, 5, 7, 8, 9, 10, 11, 12, 13], 119/1600, 136033/145600, 153/154, 17⟩,
    ⟨[11], [0, 1, 2, 4, 5, 7, 8, 9, 10, 11, 12, 14], 119/1600, 147233/156800, 153/154, 19⟩,
    ⟨[11], [0, 1, 2, 4, 5, 7, 8, 9, 10, 11, 13, 14], 119/1600, 147233/156800, 153/154, 19⟩,
    ⟨[11], [0, 1, 2, 4, 5, 7, 8, 9, 10, 12, 13, 14], 119/1600, 147233/156800, 153/154, 19⟩,
    ⟨[11], [0, 1, 2, 4, 5, 7, 8, 9, 11, 12, 13, 14], 119/1600, 147233/156800, 153/154, 19⟩,
    ⟨[11], [0, 1, 2, 4, 5, 7, 8, 10, 11, 12, 13, 14], 119/1600, 147233/156800, 153/154, 19⟩,
    ⟨[11], [0, 1, 2, 4, 5, 7, 9, 10, 11, 12, 13, 14], 119/1600, 147233/156800, 153/154, 19⟩,
    ⟨[11], [0, 1, 2, 4, 5, 8, 9, 10, 11, 12, 13, 14], 119/1600, 147233/156800, 153/154, 19⟩,
    ⟨[11], [0, 1, 2, 4, 6, 7, 8, 9, 10, 11, 12, 13], 119/1600, 136033/145600, 153/154, 17⟩,
    ⟨[11], [0, 1, 2, 4, 6, 7, 8, 9, 10, 11, 12, 14], 119/1600, 147233/156800, 153/154, 19⟩,
    ⟨[11], [0, 1, 2, 4, 6, 7, 8, 9, 10, 11, 13, 14], 119/1600, 147233/156800, 153/154, 19⟩,
    ⟨[11], [0, 1, 2, 4, 6, 7, 8, 9, 10, 12, 13, 14], 119/1600, 147233/156800, 153/154, 19⟩,
    ⟨[11], [0, 1, 2, 4, 6, 7, 8, 9, 11, 12, 13, 14], 119/1600, 147233/156800, 153/154, 19⟩,
    ⟨[11], [0, 1, 2, 4, 6, 7, 8, 10, 11, 12, 13, 14], 119/1600, 147233/156800, 153/154, 19⟩,
    ⟨[11], [0, 1, 2, 4, 6, 7, 9, 10, 11, 12, 13, 14], 119/1600, 147233/156800, 153/154, 19⟩,
    ⟨[11], [0, 1, 2, 4, 6, 8, 9, 10, 11, 12, 13, 14], 119/1600, 147233/156800, 153/154, 19⟩,
    ⟨[11], [0, 1, 2, 4, 7, 8, 9, 10, 11, 12, 13, 14], 119/1600, 147233/156800, 153/154, 19⟩,
    ⟨[11], [0, 1, 2, 5, 6, 7, 8, 9, 10, 11, 12, 13], 119/1600, 136033/145600, 153/154, 17⟩,
    ⟨[11], [0, 1, 2, 5, 6, 7, 8, 9, 10, 11, 12, 14], 119/1600, 147233/156800, 153/154, 19⟩,
    ⟨[11], [0, 1, 2, 5, 6, 7, 8, 9, 10, 11, 13, 14], 119/1600, 147233/156800, 153/154, 19⟩,
    ⟨[11], [0, 1, 2, 5, 6, 7, 8, 9, 10, 12, 13, 14], 119/1600, 147233/156800, 153/154, 19⟩,
    ⟨[11], [0, 1, 2, 5, 6, 7, 8, 9, 11, 12, 13, 14], 119/1600, 147233/156800, 153/154, 19⟩,
    ⟨[11], [0, 1, 2, 5, 6, 7, 8, 10, 11, 12, 13, 14], 119/1600, 147233/156800, 153/154, 19⟩,
    ⟨[11], [0, 1, 2, 5, 6, 7, 9, 10, 11, 12, 13, 14], 119/1600, 147233/156800, 153/154, 19⟩,
    ⟨[11], [0, 1, 2, 5, 6, 8, 9, 10, 11, 12, 13, 14], 119/1600, 147233/156800, 153/154, 19⟩,
    ⟨[11], [0, 1, 2, 5, 7, 8, 9, 10, 11, 12, 13, 14], 119/1600, 147233/156800, 153/154, 19⟩,
    ⟨[11], [0, 1, 2, 6, 7, 8, 9, 10, 11, 12, 13, 14], 119/1600, 147233/156800, 153/154, 19⟩,
    ⟨[11], [0, 1, 3, 4, 5, 6, 7, 8, 9, 10, 11, 12], 119/1600, 41611/44800, 153/154, 16⟩,
    ⟨[11], [0, 1, 3, 4, 5, 6, 7, 8, 9, 10, 11, 13], 119/1600, 136033/145600, 153/154, 17⟩,
    ⟨[11], [0, 1, 3, 4, 5, 6, 7, 8, 9, 10, 11, 14], 119/1600, 147233/156800, 153/154, 19⟩,
    ⟨[11], [0, 1, 3, 4, 5, 6, 7, 8, 9, 10, 12, 13], 119/1600, 136033/145600, 153/154, 17⟩,
    ⟨[11], [0, 1, 3, 4, 5, 6, 7, 8, 9, 10, 12, 14], 119/1600, 147233/156800, 153/154, 19⟩,
    ⟨[11], [0, 1, 3, 4, 5, 6, 7, 8, 9, 10, 13, 14], 119/1600, 147233/156800, 153/154, 19⟩,
    ⟨[11], [0, 1, 3, 4, 5, 6, 7, 8, 9, 11, 12, 13], 119/1600, 136033/145600, 153/154, 17⟩,
    ⟨[11], [0, 1, 3, 4, 5, 6, 7, 8, 9, 11, 12, 14], 119/1600, 147233/156800, 153/154, 19⟩,
    ⟨[11], [0, 1, 3, 4, 5, 6, 7, 8, 9, 11, 13, 14], 119/1600, 147233/156800, 153/154, 19⟩,
    ⟨[11], [0, 1, 3, 4, 5, 6, 7, 8, 9, 12, 13, 14], 119/1600, 147233/156800, 153/154, 19⟩,
    ⟨[11], [0, 1, 3, 4, 5, 6, 7, 8, 10, 11, 12, 13], 119/1600, 136033/145600, 153/154, 17⟩,
    ⟨[11], [0, 1, 3, 4, 5, 6, 7, 8, 10, 11, 12, 14], 119/1600, 147233/156800, 153/154, 19⟩,
    ⟨[11], [0, 1, 3, 4, 5, 6, 7, 8, 10, 11, 13, 14], 119/1600, 147233/156800, 153/154, 19⟩,
    ⟨[11], [0, 1, 3, 4, 5, 6, 7, 8, 10, 12, 13, 14], 119/1600, 147233/156800, 153/154, 19⟩,
    ⟨[11], [0, 1, 3, 4, 5, 6, 7, 8, 11, 12, 13, 14], 119/1600, 147233/156800, 153/154, 19⟩,
    ⟨[11], [0, 1, 3, 4, 5, 6, 7, 9, 10, 11, 12, 13], 119/1600, 136033/145600, 153/154, 17⟩,
    ⟨[11], [0, 1, 3, 4, 5, 6, 7, 9, 10, 11, 12, 14], 119/1600, 147233/156800, 153/154, 19⟩,
    ⟨[11], [0, 1, 3, 4, 5, 6, 7, 9, 10, 11, 13, 14], 119/1600, 147233/156800, 153/154, 19⟩,
    ⟨[11], [0, 1, 3, 4, 5, 6, 7, 9, 10, 12, 13, 14], 119/1600, 147233/156800, 153/154, 19⟩,
    ⟨[11], [0, 1, 3, 4, 5, 6, 7, 9, 11, 12, 13, 14], 119/1600, 147233/156800, 153/154, 19⟩,
    ⟨[11], [0, 1, 3, 4, 5, 6, 7, 10, 11, 12, 13, 14], 119/1600, 147233/156800, 153/154, 19⟩,
    ⟨[11], [0, 1, 3, 4, 5, 6, 8, 9, 10, 11, 12, 13], 119/1600, 136033/145600, 153/154, 17⟩,
    ⟨[11], [0, 1, 3, 4, 5, 6, 8, 9, 10, 11, 12, 14], 119/1600, 147233/156800, 153/154, 19⟩,
    ⟨[11], [0, 1, 3, 4, 5, 6, 8, 9, 10, 11, 13, 14], 119/1600, 147233/156800, 153/154, 19⟩,
    ⟨[11], [0, 1, 3, 4, 5, 6, 8, 9, 10, 12, 13, 14], 119/1600, 147233/156800, 153/154, 19⟩,
    ⟨[11], [0, 1, 3, 4, 5, 6, 8, 9, 11, 12, 13, 14], 119/1600, 147233/156800, 153/154, 19⟩,
    ⟨[11], [0, 1, 3, 4, 5, 6, 8, 10, 11, 12, 13, 14], 119/1600, 147233/156800, 153/154, 19⟩,
    ⟨[11], [0, 1, 3, 4, 5, 6, 9, 10, 11, 12, 13, 14], 119/1600, 147233/156800, 153/154, 19⟩,
    ⟨[11], [0, 1, 3, 4, 5, 7, 8, 9, 10, 11, 12, 13], 119/1600, 136033/145600, 153/154, 17⟩,
    ⟨[11], [0, 1, 3, 4, 5, 7, 8, 9, 10, 11, 12, 14], 119/1600, 147233/156800, 153/154, 19⟩,
    ⟨[11], [0, 1, 3, 4, 5, 7, 8, 9, 10, 11, 13, 14], 119/1600, 147233/156800, 153/154, 19⟩,
    ⟨[11], [0, 1, 3, 4, 5, 7, 8, 9, 10, 12, 13, 14], 119/1600, 147233/156800, 153/154, 19⟩,
    ⟨[11], [0, 1, 3, 4, 5, 7, 8, 9, 11, 12, 13, 14], 119/1600, 147233/156800, 153/154, 19⟩,
    ⟨[11], [0, 1, 3, 4, 5, 7, 8, 10, 11, 12, 13, 14], 119/1600, 147233/156800, 153/154, 19⟩,
    ⟨[11], [0, 1, 3, 4, 5, 7, 9, 10, 11, 12, 13, 14], 119/1600, 147233/156800, 153/154, 19⟩,
    ⟨[11], [0, 1, 3, 4, 5, 8, 9, 10, 11, 12, 13, 14], 119/1600, 147233/156800, 153/154, 19⟩,
    ⟨[11], [0, 1, 3, 4, 6, 7, 8, 9, 10, 11, 12, 13], 119/1600, 136033/145600, 153/154, 17⟩,
    ⟨[11], [0, 1, 3, 4, 6, 7, 8, 9, 10, 11, 12, 14], 119/1600, 147233/156800, 153/154, 19⟩,
    ⟨[11], [0, 1, 3, 4, 6, 7, 8, 9, 10, 11, 13, 14], 119/1600, 147233/156800, 153/154, 19⟩,
    ⟨[11], [0, 1, 3, 4, 6, 7, 8, 9, 10, 12, 13, 14], 119/1600, 147233/156800, 153/154, 19⟩,
    ⟨[11], [0, 1, 3, 4, 6, 7, 8, 9, 11, 12, 13, 14], 119/1600, 147233/156800, 153/154, 19⟩,
    ⟨[11], [0, 1, 3, 4, 6, 7, 8, 10, 11, 12, 13, 14], 119/1600, 147233/156800, 153/154, 19⟩,
    ⟨[11], [0, 1, 3, 4, 6, 7, 9, 10, 11, 12, 13, 14], 119/1600, 147233/156800, 153/154, 19⟩,
    ⟨[11], [0, 1, 3, 4, 6, 8, 9, 10, 11, 12, 13, 14], 119/1600, 147233/156800, 153/154, 19⟩,
    ⟨[11], [0, 1, 3, 4, 7, 8, 9, 10, 11, 12, 13, 14], 119/1600, 147233/156800, 153/154, 19⟩,
    ⟨[11], [0, 1, 3, 5, 6, 7, 8, 9, 10, 11, 12, 13], 119/1600, 136033/145600, 153/154, 17⟩,
    ⟨[11], [0, 1, 3, 5, 6, 7, 8, 9, 10, 11, 12, 14], 119/1600, 147233/156800, 153/154, 19⟩,
    ⟨[11], [0, 1, 3, 5, 6, 7, 8, 9, 10, 11, 13, 14], 119/1600, 147233/156800, 153/154, 19⟩,
    ⟨[11], [0, 1, 3, 5, 6, 7, 8, 9, 10, 12, 13, 14], 119/1600, 147233/156800, 153/154, 19⟩,
    ⟨[11], [0, 1, 3, 5, 6, 7, 8, 9, 11, 12, 13, 14], 119/1600, 147233/156800, 153/154, 19⟩,
    ⟨[11], [0, 1, 3, 5, 6, 7, 8, 10, 11, 12, 13, 14], 119/1600, 147233/156800, 153/154, 19⟩,
    ⟨[11], [0, 1, 3, 5, 6, 7, 9, 10, 11, 12, 13, 14], 119/1600, 147233/156800, 153/154, 19⟩,
    ⟨[11], [0, 1, 3, 5, 6, 8, 9, 10, 11, 12, 13, 14], 119/1600, 147233/156800, 153/154, 19⟩,
    ⟨[11], [0, 1, 3, 5, 7, 8, 9, 10, 11, 12, 13, 14], 119/1600, 147233/156800, 153/154, 19⟩,
    ⟨[11], [0, 1, 3, 6, 7, 8, 9, 10, 11, 12, 13, 14], 119/1600, 147233/156800, 153/154, 19⟩,
    ⟨[11], [0, 1, 4, 5, 6, 7, 8, 9, 10, 11, 12, 13], 119/1600, 136033/145600, 153/154, 17⟩,
    ⟨[11], [0, 1, 4, 5, 6, 7, 8, 9, 10, 11, 12, 14], 119/1600, 147233/156800, 153/154, 19⟩,
    ⟨[11], [0, 1, 4, 5, 6, 7, 8, 9, 10, 11, 13, 14], 119/1600, 147233/156800, 153/154, 19⟩,
    ⟨[11], [0, 1, 4, 5, 6, 7, 8, 9, 10, 12, 13, 14], 119/1600, 147233/156800, 153/154, 19⟩,
    ⟨[11], [0, 1, 4, 5, 6, 7, 8, 9, 11, 12, 13, 14], 119/1600, 147233/156800, 153/154, 19⟩,
    ⟨[11], [0, 1, 4, 5, 6, 7, 8, 10, 11, 12, 13, 14], 119/1600, 147233/156800, 153/154, 19⟩,
    ⟨[11], [0, 1, 4, 5, 6, 7, 9, 10, 11, 12, 13, 14], 119/1600, 147233/156800, 153/154, 19⟩,
    ⟨[11], [0, 1, 4, 5, 6, 8, 9, 10, 11, 12, 13, 14], 119/1600, 147233/156800, 153/154, 19⟩,
    ⟨[11], [0, 1, 4, 5, 7, 8, 9, 10, 11, 12, 13, 14], 119/1600, 147233/156800, 153/154, 19⟩,
    ⟨[11], [0, 1, 4, 6, 7, 8, 9, 10, 11, 12, 13, 14], 119/1600, 147233/156800, 153/154, 19⟩,
    ⟨[11], [0, 1, 5, 6, 7, 8, 9, 10, 11, 12, 13, 14], 119/1600, 147233/156800, 153/154, 19⟩,
    ⟨[11], [0, 2, 3, 4, 5, 6, 7, 8, 9, 10, 11, 12], 119/1600, 41611/44800, 153/154, 16⟩,
    ⟨[11], [0, 2, 3, 4, 5, 6, 7, 8, 9, 10, 11, 13], 119/1600, 136033/145600, 153/154, 17⟩,
    ⟨[11], [0, 2, 3, 4, 5, 6, 7, 8, 9, 10, 11, 14], 119/1600, 147233/156800, 153/154, 19⟩,
    ⟨[11], [0, 2, 3, 4, 5, 6, 7, 8, 9, 10, 12, 13], 119/1600, 136033/145600, 153/154, 17⟩,
    ⟨[11], [0, 2, 3, 4, 5, 6, 7, 8, 9, 10, 12, 14], 119/1600, 147233/156800, 153/154, 19⟩,
    ⟨[11], [0, 2, 3, 4, 5, 6, 7, 8, 9, 10, 13, 14], 119/1600, 147233/156800, 153/154, 19⟩,
    ⟨[11], [0, 2, 3, 4, 5, 6, 7, 8, 9, 11, 12, 13], 119/1600, 136033/145600, 153/154, 17⟩,
    ⟨[11], [0, 2, 3, 4, 5, 6, 7, 8, 9, 11, 12, 14], 119/1600, 147233/156800, 153/154, 19⟩,
    ⟨[11], [0, 2, 3, 4, 5, 6, 7, 8, 9, 11, 13, 14], 119/1600, 147233/156800, 153/154, 19⟩,
    ⟨[11], [0, 2, 3, 4, 5, 6, 7, 8, 9, 12, 13, 14], 119/1600, 147233/156800, 153/154, 19⟩,
    ⟨[11], [0, 2, 3, 4, 5, 6, 7, 8, 10, 11, 12, 13], 119/1600, 136033/145600, 153/154, 17⟩,
    ⟨[11], [0, 2, 3, 4, 5, 6, 7, 8, 10, 11, 12, 14], 119/1600, 147233/156800, 153/154, 19⟩,
    ⟨[11], [0, 2, 3, 4, 5, 6, 7, 8, 10, 11, 13, 14], 119/1600, 147233/156800, 153/154, 19⟩,
    ⟨[11], [0, 2, 3, 4, 5, 6, 7, 8, 10, 12, 13, 14], 119/1600, 147233/156800, 153/154, 19⟩,
    ⟨[11], [0, 2, 3, 4, 5, 6, 7, 8, 11, 12, 13, 14], 119/1600, 147233/156800, 153/154, 19⟩,
    ⟨[11], [0, 2, 3, 4, 5, 6, 7, 9, 10, 11, 12, 13], 119/1600, 136033/145600, 153/154, 17⟩,
    ⟨[11], [0, 2, 3, 4, 5, 6, 7, 9, 10, 11, 12, 14], 119/1600, 147233/156800, 153/154, 19⟩,
    ⟨[11], [0, 2, 3, 4, 5, 6, 7, 9, 10, 11, 13, 14], 119/1600, 147233/156800, 153/154, 19⟩,
    ⟨[11], [0, 2, 3, 4, 5, 6, 7, 9, 10, 12, 13, 14], 119/1600, 147233/156800, 153/154, 19⟩,
    ⟨[11], [0, 2, 3, 4, 5, 6, 7, 9, 11, 12, 13, 14], 119/1600, 147233/156800, 153/154, 19⟩,
    ⟨[11], [0, 2, 3, 4, 5, 6, 7, 10, 11, 12, 13, 14], 119/1600, 147233/156800, 153/154, 19⟩,
    ⟨[11], [0, 2, 3, 4, 5, 6, 8, 9, 10, 11, 12, 13], 119/1600, 136033/145600, 153/154, 17⟩,
    ⟨[11], [0, 2, 3, 4, 5, 6, 8, 9, 10, 11, 12, 14], 119/1600, 147233/156800, 153/154, 19⟩,
    ⟨[11], [0, 2, 3, 4, 5, 6, 8, 9, 10, 11, 13, 14], 119/1600, 147233/156800, 153/154, 19⟩,
    ⟨[11], [0, 2, 3, 4, 5, 6, 8, 9, 10, 12, 13, 14], 119/1600, 147233/156800, 153/154, 19⟩,
    ⟨[11], [0, 2, 3, 4, 5, 6, 8, 9, 11, 12, 13, 14], 119/1600, 147233/156800, 153/154, 19⟩,
    ⟨[11], [0, 2, 3, 4, 5, 6, 8, 10, 11, 12, 13, 14], 119/1600, 147233/156800, 153/154, 19⟩,
    ⟨[11], [0, 2, 3, 4, 5, 6, 9, 10, 11, 12, 13, 14], 119/1600, 147233/156800, 153/154, 19⟩,
    ⟨[11], [0, 2, 3, 4, 5, 7, 8, 9, 10, 11, 12, 13], 119/1600, 136033/145600, 153/154, 17⟩,
    ⟨[11], [0, 2, 3, 4, 5, 7, 8, 9, 10, 11, 12, 14], 119/1600, 147233/156800, 153/154, 19⟩,
    ⟨[11], [0, 2, 3, 4, 5, 7, 8, 9, 10, 11, 13, 14], 119/1600, 147233/156800, 153/154, 19⟩,
    ⟨[11], [0, 2, 3, 4, 5, 7, 8, 9, 10, 12, 13, 14], 119/1600, 147233/156800, 153/154, 19⟩,
    ⟨[11], [0, 2, 3, 4, 5, 7, 8, 9, 11, 12, 13, 14], 119/1600, 147233/156800, 153/154, 19⟩,
    ⟨[11], [0, 2, 3, 4, 5, 7, 8, 10, 11, 12, 13, 14], 119/1600, 147233/156800, 153/154, 19⟩,
    ⟨[11], [0, 2, 3, 4, 5, 7, 9, 10, 11, 12, 13, 14], 119/1600, 147233/156800, 153/154, 19⟩,
    ⟨[11], [0, 2, 3, 4, 5, 8, 9, 10, 11, 12, 13, 14], 119/1600, 147233/156800, 153/154, 19⟩,
    ⟨[11], [0, 2, 3, 4, 6, 7, 8, 9, 10, 11, 12, 13], 119/1600, 136033/145600, 153/154, 17⟩,
    ⟨[11], [0, 2, 3, 4, 6, 7, 8, 9, 10, 11, 12, 14], 119/1600, 147233/156800, 153/154, 19⟩,
    ⟨[11], [0, 2, 3, 4, 6, 7, 8, 9, 10, 11, 13, 14], 119/1600, 147233/156800, 153/154, 19⟩,
    ⟨[11], [0, 2, 3, 4, 6, 7, 8, 9, 10, 12, 13, 14], 119/1600, 147233/156800, 153/154, 19⟩,
    ⟨[11], [0, 2, 3, 4, 6, 7, 8, 9, 11, 12, 13, 14], 119/1600, 147233/156800, 153/154, 19⟩,
    ⟨[11], [0, 2, 3, 4, 6, 7, 8, 10, 11, 12, 13, 14], 119/1600, 147233/156800, 153/154, 19⟩,
    ⟨[11], [0, 2, 3, 4, 6, 7, 9, 10, 11, 12, 13, 14], 119/1600, 147233/156800, 153/154, 19⟩,
    ⟨[11], [0, 2, 3, 4, 6, 8, 9, 10, 11, 12, 13, 14], 119/1600, 147233/156800, 153/154, 19⟩,
    ⟨[11], [0, 2, 3, 4, 7, 8, 9, 10, 11, 12, 13, 14], 119/1600, 147233/156800, 153/154, 19⟩,
    ⟨[11], [0, 2, 3, 5, 6, 7, 8, 9, 10, 11, 12, 13], 119/1600, 136033/145600, 153/154, 17⟩,
    ⟨[11], [0, 2, 3, 5, 6, 7, 8, 9, 10, 11, 12, 14], 119/1600, 147233/156800, 153/154, 19⟩,
    ⟨[11], [0, 2, 3, 5, 6, 7, 8, 9, 10, 11, 13, 14], 119/1600, 147233/156800, 153/154, 19⟩,
    ⟨[11], [0, 2, 3, 5, 6, 7, 8, 9, 10, 12, 13, 14], 119/1600, 147233/156800, 153/154, 19⟩,
    ⟨[11], [0, 2, 3, 5, 6, 7, 8, 9, 11, 12, 13, 14], 119/1600, 147233/156800, 153/154, 19⟩,
    ⟨[11], [0, 2, 3, 5, 6, 7, 8, 10, 11, 12, 13, 14], 119/1600, 147233/156800, 153/154, 19⟩,
    ⟨[11], [0, 2, 3, 5, 6, 7, 9, 10, 11, 12, 13, 14], 119/1600, 147233/156800, 153/154, 19⟩,
    ⟨[11], [0, 2, 3, 5, 6, 8, 9, 10, 11, 12, 13, 14], 119/1600, 147233/156800, 153/154, 19⟩,
    ⟨[11], [0, 2, 3, 5, 7, 8, 9, 10, 11, 12, 13, 14], 119/1600, 147233/156800, 153/154, 19⟩,
    ⟨[11], [0, 2, 3, 6, 7, 8, 9, 10, 11, 12, 13, 14], 119/1600, 147233/156800, 153/154, 19⟩,
    ⟨[11], [0, 2, 4, 5, 6, 7, 8, 9, 10, 11, 12, 13], 119/1600, 136033/145600, 153/154, 17⟩,
    ⟨[11], [0, 2, 4, 5, 6, 7, 8, 9, 10, 11, 12, 14], 119/1600, 147233/156800, 153/154, 19⟩,
    ⟨[11], [0, 2, 4, 5, 6, 7, 8, 9, 10, 11, 13, 14], 119/1600, 147233/156800, 153/154, 19⟩,
    ⟨[11], [0, 2, 4, 5, 6, 7, 8, 9, 10, 12, 13, 14], 119/1600, 147233/156800, 153/154, 19⟩,
    ⟨[11], [0, 2, 4, 5, 6, 7, 8, 9, 11, 12, 13, 14], 119/1600, 147233/156800, 153/154, 19⟩,
    ⟨[11], [0, 2, 4, 5, 6, 7, 8, 10, 11, 12, 13, 14], 119/1600, 147233/156800, 153/154, 19⟩,
    ⟨[11], [0, 2, 4, 5, 6, 7, 9, 10, 11, 12, 13, 14], 119/1600, 147233/156800, 153/154, 19⟩,
    ⟨[11], [0, 2, 4, 5, 6, 8, 9, 10, 11, 12, 13, 14], 119/1600, 147233/156800, 153/154, 19⟩,
    ⟨[11], [0, 2, 4, 5, 7, 8, 9, 10, 11, 12, 13, 14], 119/1600, 147233/156800, 153/154, 19⟩,
    ⟨[11], [0, 2, 4, 6, 7, 8, 9, 10, 11, 12, 13, 14], 119/1600, 147233/156800, 153/154, 19⟩,
    ⟨[11], [0, 2, 5, 6, 7, 8, 9, 10, 11, 12, 13, 14], 119/1600, 147233/156800, 153/154, 19⟩,
    ⟨[11], [0, 3, 4, 5, 6, 7, 8, 9, 10, 11, 12, 13], 119/1600, 136033/145600, 153/154, 17⟩,
    ⟨[11], [0, 3, 4, 5, 6, 7, 8, 9, 10, 11, 12, 14], 119/1600, 147233/156800, 153/154, 19⟩,
    ⟨[11], [0, 3, 4, 5, 6, 7, 8, 9, 10, 11, 13, 14], 119/1600, 147233/156800, 153/154, 19⟩,
    ⟨[11], [0, 3, 4, 5, 6, 7, 8, 9, 10, 12, 13, 14], 119/1600, 147233/156800, 153/154, 19⟩,
    ⟨[11], [0, 3, 4, 5, 6, 7, 8, 9, 11, 12, 13, 14], 119/1600, 147233/156800, 153/154, 19⟩,
    ⟨[11], [0, 3, 4, 5, 6, 7, 8, 10, 11, 12, 13, 14], 119/1600, 147233/156800, 153/154, 19⟩,
    ⟨[11], [0, 3, 4, 5, 6, 7, 9, 10, 11, 12, 13, 14], 119/1600, 147233/156800, 153/154, 19⟩,
    ⟨[11], [0, 3, 4, 5, 6, 8, 9, 10, 11, 12, 13, 14], 119/1600, 147233/156800, 153/154, 19⟩,
    ⟨[11], [0, 3, 4, 5, 7, 8, 9, 10, 11, 12, 13, 14], 119/1600, 147233/156800, 153/154, 19⟩,
    ⟨[11], [0, 3, 4, 6, 7, 8, 9, 10, 11, 12, 13, 14], 119/1600, 147233/156800, 153/154, 19⟩,
    ⟨[11], [0, 3, 5, 6, 7, 8, 9, 10, 11, 12, 13, 14], 119/1600, 147233/156800, 153/154, 19⟩,
    ⟨[11], [0, 4, 5, 6, 7, 8, 9, 10, 11, 12, 13, 14], 119/1600, 147233/156800, 153/154, 19⟩,
    ⟨[12], [0, 1, 2, 3, 4, 5, 6, 7, 8, 9, 10, 11], 119/1600, 155/168, 167/168, 15⟩,
    ⟨[12], [0, 1, 2, 3, 4, 5, 6, 7, 8, 9, 10, 12], 119/1600, 41611/44800, 167/168, 16⟩,
    ⟨[12], [0, 1, 2, 3, 4, 5, 6, 7, 8, 9, 10, 13], 119/1600, 136033/145600, 167/168, 17⟩,
    ⟨[12], [0, 1, 2, 3, 4, 5, 6, 7, 8, 9, 10, 14], 119/1600, 147233/156800, 167/168, 19⟩,
    ⟨[12], [0, 1, 2, 3, 4, 5, 6, 7, 8, 9, 11, 12], 119/1600, 41611/44800, 167/168, 16⟩,
    ⟨[12], [0, 1, 2, 3, 4, 5, 6, 7, 8, 9, 11, 13], 119/1600, 136033/145600, 167/168, 17⟩,
    ⟨[12], [0, 1, 2, 3, 4, 5, 6, 7, 8, 9, 11, 14], 119/1600, 147233/156800, 167/168, 19⟩,
    ⟨[12], [0, 1, 2, 3, 4, 5, 6, 7, 8, 9, 12, 13], 119/1600, 136033/145600, 167/168, 17⟩,
    ⟨[12], [0, 1, 2, 3, 4, 5, 6, 7, 8, 9, 12, 14], 119/1600, 147233/156800, 167/168, 19⟩,
    ⟨[12], [0, 1, 2, 3, 4, 5, 6, 7, 8, 9, 13, 14], 119/1600, 147233/156800, 167/168, 19⟩,
    ⟨[12], [0, 1, 2, 3, 4, 5, 6, 7, 8, 10, 11, 12], 119/1600, 41611/44800, 167/168, 16⟩,
    ⟨[12], [0, 1, 2, 3, 4, 5, 6, 7, 8, 10, 11, 13], 119/1600, 136033/145600, 167/168, 17⟩,
    ⟨[12], [0, 1, 2, 3, 4, 5, 6, 7, 8, 10, 11, 14], 119/1600, 147233/156800, 167/168, 19⟩,
    ⟨[12], [0, 1, 2, 3, 4, 5, 6, 7, 8, 10, 12, 13], 119/1600, 136033/145600, 167/168, 17⟩,
    ⟨[12], [0, 1, 2, 3, 4, 5, 6, 7, 8, 10, 12, 14], 119/1600, 147233/156800, 167/168, 19⟩,
    ⟨[12], [0, 1, 2, 3, 4, 5, 6, 7, 8, 10, 13, 14], 119/1600, 147233/156800, 167/168, 19⟩,
    ⟨[12], [0, 1, 2, 3, 4, 5, 6, 7, 8, 11, 12, 13], 119/1600, 136033/145600, 167/168, 17⟩,
    ⟨[12], [0, 1, 2, 3, 4, 5, 6, 7, 8, 11, 12, 14], 119/1600, 147233/156800, 167/168, 19⟩,
    ⟨[12], [0, 1, 2, 3, 4, 5, 6, 7, 8, 11, 13, 14], 119/1600, 147233/156800, 167/168, 19⟩,
    ⟨[12], [0, 1, 2, 3, 4, 5, 6, 7, 8, 12, 13, 14], 119/1600, 147233/156800, 167/168, 19⟩,
    ⟨[12], [0, 1, 2, 3, 4, 5, 6, 7, 9, 10, 11, 12], 119/1600, 41611/44800, 167/168, 16⟩,
    ⟨[12], [0, 1, 2, 3, 4, 5, 6, 7, 9, 10, 11, 13], 119/1600, 136033/145600, 167/168, 17⟩,
    ⟨[12], [0, 1, 2, 3, 4, 5, 6, 7, 9, 10, 11, 14], 119/1600, 147233/156800, 167/168, 19⟩,
    ⟨[12], [0, 1, 2, 3, 4, 5, 6, 7, 9, 10, 12, 13], 119/1600, 136033/145600, 167/168, 17⟩,
    ⟨[12], [0, 1, 2, 3, 4, 5, 6, 7, 9, 10, 12, 14], 119/1600, 147233/156800, 167/168, 19⟩,
    ⟨[12], [0, 1, 2, 3, 4, 5, 6, 7, 9, 10, 13, 14], 119/1600, 147233/156800, 167/168, 19⟩,
    ⟨[12], [0, 1, 2, 3, 4, 5, 6, 7, 9, 11, 12, 13], 119/1600, 136033/145600, 167/168, 17⟩,
    ⟨[12], [0, 1, 2, 3, 4, 5, 6, 7, 9, 11, 12, 14], 119/1600, 147233/156800, 167/168, 19⟩,
    ⟨[12], [0, 1, 2, 3, 4, 5, 6, 7, 9, 11, 13, 14], 119/1600, 147233/156800, 167/168, 19⟩,
    ⟨[12], [0, 1, 2, 3, 4, 5, 6, 7, 9, 12, 13, 14], 119/1600, 147233/156800, 167/168, 19⟩,
    ⟨[12], [0, 1, 2, 3, 4, 5, 6, 7, 10, 11, 12, 13], 119/1600, 136033/145600, 167/168, 17⟩,
    ⟨[12], [0, 1, 2, 3, 4, 5, 6, 7, 10, 11, 12, 14], 119/1600, 147233/156800, 167/168, 19⟩,
    ⟨[12], [0, 1, 2, 3, 4, 5, 6, 7, 10, 11, 13, 14], 119/1600, 147233/156800, 167/168, 19⟩,
    ⟨[12], [0, 1, 2, 3, 4, 5, 6, 7, 10, 12, 13, 14], 119/1600, 147233/156800, 167/168, 19⟩,
    ⟨[12], [0, 1, 2, 3, 4, 5, 6, 7, 11, 12, 13, 14], 119/1600, 147233/156800, 167/168, 19⟩,
    ⟨[12], [0, 1, 2, 3, 4, 5, 6, 8, 9, 10, 11, 12], 119/1600, 41611/44800, 167/168, 16⟩,
    ⟨[12], [0, 1, 2, 3, 4, 5, 6, 8, 9, 10, 11, 13], 119/1600, 136033/145600, 167/168, 17⟩,
    ⟨[12], [0, 1, 2, 3, 4, 5, 6, 8, 9, 10, 11, 14], 119/1600, 147233/156800, 167/168, 19⟩,
    ⟨[12], [0, 1, 2, 3, 4, 5, 6, 8, 9, 10, 12, 13], 119/1600, 136033/145600, 167/168, 17⟩,
    ⟨[12], [0, 1, 2, 3, 4, 5, 6, 8, 9, 10, 12, 14], 119/1600, 147233/156800, 167/168, 19⟩,
    ⟨[12], [0, 1, 2, 3, 4, 5, 6, 8, 9, 10, 13, 14], 119/1600, 147233/156800, 167/168, 19⟩,
    ⟨[12], [0, 1, 2, 3, 4, 5, 6, 8, 9, 11, 12, 13], 119/1600, 136033/145600, 167/168, 17⟩,
    ⟨[12], [0, 1, 2, 3, 4, 5, 6, 8, 9, 11, 12, 14], 119/1600, 147233/156800, 167/168, 19⟩,
    ⟨[12], [0, 1, 2, 3, 4, 5, 6, 8, 9, 11, 13, 14], 119/1600, 147233/156800, 167/168, 19⟩,
    ⟨[12], [0, 1, 2, 3, 4, 5, 6, 8, 9, 12, 13, 14], 119/1600, 147233/156800, 167/168, 19⟩,
    ⟨[12], [0, 1, 2, 3, 4, 5, 6, 8, 10, 11, 12, 13], 119/1600, 136033/145600, 167/168, 17⟩,
    ⟨[12], [0, 1, 2, 3, 4, 5, 6, 8, 10, 11, 12, 14], 119/1600, 147233/156800, 167/168, 19⟩,
    ⟨[12], [0, 1, 2, 3, 4, 5, 6, 8, 10, 11, 13, 14], 119/1600, 147233/156800, 167/168, 19⟩,
    ⟨[12], [0, 1, 2, 3, 4, 5, 6, 8, 10, 12, 13, 14], 119/1600, 147233/156800, 167/168, 19⟩,
    ⟨[12], [0, 1, 2, 3, 4, 5, 6, 8, 11, 12, 13, 14], 119/1600, 147233/156800, 167/168, 19⟩,
    ⟨[12], [0, 1, 2, 3, 4, 5, 6, 9, 10, 11, 12, 13], 119/1600, 136033/145600, 167/168, 17⟩,
    ⟨[12], [0, 1, 2, 3, 4, 5, 6, 9, 10, 11, 12, 14], 119/1600, 147233/156800, 167/168, 19⟩,
    ⟨[12], [0, 1, 2, 3, 4, 5, 6, 9, 10, 11, 13, 14], 119/1600, 147233/156800, 167/168, 19⟩,
    ⟨[12], [0, 1, 2, 3, 4, 5, 6, 9, 10, 12, 13, 14], 119/1600, 147233/156800, 167/168, 19⟩,
    ⟨[12], [0, 1, 2, 3, 4, 5, 6, 9, 11, 12, 13, 14], 119/1600, 147233/156800, 167/168, 19⟩,
    ⟨[12], [0, 1, 2, 3, 4, 5, 6, 10, 11, 12, 13, 14], 119/1600, 147233/156800, 167/168, 19⟩,
    ⟨[12], [0, 1, 2, 3, 4, 5, 7, 8, 9, 10, 11, 12], 119/1600, 41611/44800, 167/168, 16⟩,
    ⟨[12], [0, 1, 2, 3, 4, 5, 7, 8, 9, 10, 11, 13], 119/1600, 136033/145600, 167/168, 17⟩,
    ⟨[12], [0, 1, 2, 3, 4, 5, 7, 8, 9, 10, 11, 14], 119/1600, 147233/156800, 167/168, 19⟩,
    ⟨[12], [0, 1, 2, 3, 4, 5, 7, 8, 9, 10, 12, 13], 119/1600, 136033/145600, 167/168, 17⟩,
    ⟨[12], [0, 1, 2, 3, 4, 5, 7, 8, 9, 10, 12, 14], 119/1600, 147233/156800, 167/168, 19⟩,
    ⟨[12], [0, 1, 2, 3, 4, 5, 7, 8, 9, 10, 13, 14], 119/1600, 147233/156800, 167/168, 19⟩,
    ⟨[12], [0, 1, 2, 3, 4, 5, 7, 8, 9, 11, 12, 13], 119/1600, 136033/145600, 167/168, 17⟩,
    ⟨[12], [0, 1, 2, 3, 4, 5, 7, 8, 9, 11, 12, 14], 119/1600, 147233/156800, 167/168, 19⟩,
    ⟨[12], [0, 1, 2, 3, 4, 5, 7, 8, 9, 11, 13, 14], 119/1600, 147233/156800, 167/168, 19⟩,
    ⟨[12], [0, 1, 2, 3, 4, 5, 7, 8, 9, 12, 13, 14], 119/1600, 147233/156800, 167/168, 19⟩,
    ⟨[12], [0, 1, 2, 3, 4, 5, 7, 8, 10, 11, 12, 13], 119/1600, 136033/145600, 167/168, 17⟩,
    ⟨[12], [0, 1, 2, 3, 4, 5, 7, 8, 10, 11, 12, 14], 119/1600, 147233/156800, 167/168, 19⟩,
    ⟨[12], [0, 1, 2, 3, 4, 5, 7, 8, 10, 11, 13, 14], 119/1600, 147233/156800, 167/168, 19⟩,
    ⟨[12], [0, 1, 2, 3, 4, 5, 7, 8, 10, 12, 13, 14], 119/1600, 147233/156800, 167/168, 19⟩,
    ⟨[12], [0, 1, 2, 3, 4, 5, 7, 8, 11, 12, 13, 14], 119/1600, 147233/156800, 167/168, 19⟩,
    ⟨[12], [0, 1, 2, 3, 4, 5, 7, 9, 10, 11, 12, 13], 119/1600, 136033/145600, 167/168, 17⟩,
    ⟨[12], [0, 1, 2, 3, 4, 5, 7, 9, 10, 11, 12, 14], 119/1600, 147233/156800, 167/168, 19⟩,
    ⟨[12], [0, 1, 2, 3, 4, 5, 7, 9, 10, 11, 13, 14], 119/1600, 147233/156800, 167/168, 19⟩,
    ⟨[12], [0, 1, 2, 3, 4, 5, 7, 9, 10, 12, 13, 14], 119/1600, 147233/156800, 167/168, 19⟩,
    ⟨[12], [0, 1, 2, 3, 4, 5, 7, 9, 11, 12, 13, 14], 119/1600, 147233/156800, 167/168, 19⟩,
    ⟨[12], [0, 1, 2, 3, 4, 5, 7, 10, 11, 12, 13, 14], 119/1600, 147233/156800, 167/168, 19⟩,
    ⟨[12], [0, 1, 2, 3, 4, 5, 8, 9, 10, 11, 12, 13], 119/1600, 136033/145600, 167/168, 17⟩,
    ⟨[12], [0, 1, 2, 3, 4, 5, 8, 9, 10, 11, 12, 14], 119/1600, 147233/156800, 167/168, 19⟩,
    ⟨[12], [0, 1, 2, 3, 4, 5, 8, 9, 10, 11, 13, 14], 119/1600, 147233/156800, 167/168, 19⟩,
    ⟨[12], [0, 1, 2, 3, 4, 5, 8, 9, 10, 12, 13, 14], 119/1600, 147233/156800, 167/168, 19⟩,
    ⟨[12], [0, 1, 2, 3, 4, 5, 8, 9, 11, 12, 13, 14], 119/1600, 147233/156800, 167/168, 19⟩,
    ⟨[12], [0, 1, 2, 3, 4, 5, 8, 10, 11, 12, 13, 14], 119/1600, 147233/156800, 167/168, 19⟩,
    ⟨[12], [0, 1, 2, 3, 4, 5, 9, 10, 11, 12, 13, 14], 119/1600, 147233/156800, 167/168, 19⟩,
    ⟨[12], [0, 1, 2, 3, 4, 6, 7, 8, 9, 10, 11, 12], 119/1600, 41611/44800, 167/168, 16⟩,
    ⟨[12], [0, 1, 2, 3, 4, 6, 7, 8, 9, 10, 11, 13], 119/1600, 136033/145600, 167/168, 17⟩,
    ⟨[12], [0, 1, 2, 3, 4, 6, 7, 8, 9, 10, 11, 14], 119/1600, 147233/156800, 167/168, 19⟩,
    ⟨[12], [0, 1, 2, 3, 4, 6, 7, 8, 9, 10, 12, 13], 119/1600, 136033/145600, 167/168, 17⟩,
    ⟨[12], [0, 1, 2, 3, 4, 6, 7, 8, 9, 10, 12, 14], 119/1600, 147233/156800, 167/168, 19⟩,
    ⟨[12], [0, 1, 2, 3, 4, 6, 7, 8, 9, 10, 13, 14], 119/1600, 147233/156800, 167/168, 19⟩,
    ⟨[12], [0, 1, 2, 3, 4, 6, 7, 8, 9, 11, 12, 13], 119/1600, 136033/145600, 167/168, 17⟩,
    ⟨[12], [0, 1, 2, 3, 4, 6, 7, 8, 9, 11, 12, 14], 119/1600, 147233/156800, 167/168, 19⟩,
    ⟨[12], [0, 1, 2, 3, 4, 6, 7, 8, 9, 11, 13, 14], 119/1600, 147233/156800, 167/168, 19⟩,
    ⟨[12], [0, 1, 2, 3, 4, 6, 7, 8, 9, 12, 13, 14], 119/1600, 147233/156800, 167/168, 19⟩,
    ⟨[12], [0, 1, 2, 3, 4, 6, 7, 8, 10, 11, 12, 13], 119/1600, 136033/145600, 167/168, 17⟩,
    ⟨[12], [0, 1, 2, 3, 4, 6, 7, 8, 10, 11, 12, 14], 119/1600, 147233/156800, 167/168, 19⟩,
    ⟨[12], [0, 1, 2, 3, 4, 6, 7, 8, 10, 11, 13, 14], 119/1600, 147233/156800, 167/168, 19⟩,
    ⟨[12], [0, 1, 2, 3, 4, 6, 7, 8, 10, 12, 13, 14], 119/1600, 147233/156800, 167/168, 19⟩,
    ⟨[12], [0, 1, 2, 3, 4, 6, 7, 8, 11, 12, 13, 14], 119/1600, 147233/156800, 167/168, 19⟩,
    ⟨[12], [0, 1, 2, 3, 4, 6, 7, 9, 10, 11, 12, 13], 119/1600, 136033/145600, 167/168, 17⟩,
    ⟨[12], [0, 1, 2, 3, 4, 6, 7, 9, 10, 11, 12, 14], 119/1600, 147233/156800, 167/168, 19⟩,
    ⟨[12], [0, 1, 2, 3, 4, 6, 7, 9, 10, 11, 13, 14], 119/1600, 147233/156800, 167/168, 19⟩,
    ⟨[12], [0, 1, 2, 3, 4, 6, 7, 9, 10, 12, 13, 14], 119/1600, 147233/156800, 167/168, 19⟩,
    ⟨[12], [0, 1, 2, 3, 4, 6, 7, 9, 11, 12, 13, 14], 119/1600, 147233/156800, 167/168, 19⟩,
    ⟨[12], [0, 1, 2, 3, 4, 6, 7, 10, 11, 12, 13, 14], 119/1600, 147233/156800, 167/168, 19⟩,
    ⟨[12], [0, 1, 2, 3, 4, 6, 8, 9, 10, 11, 12, 13], 119/1600, 136033/145600, 167/168, 17⟩,
    ⟨[12], [0, 1, 2, 3, 4, 6, 8, 9, 10, 11, 12, 14], 119/1600, 147233/156800, 167/168, 19⟩,
    ⟨[12], [0, 1, 2, 3, 4, 6, 8, 9, 10, 11, 13, 14], 119/1600, 147233/156800, 167/168, 19⟩,
    ⟨[12], [0, 1, 2, 3, 4, 6, 8, 9, 10, 12, 13, 14], 119/1600, 147233/156800, 167/168, 19⟩,
    ⟨[12], [0, 1, 2, 3, 4, 6, 8, 9, 11, 12, 13, 14], 119/1600, 147233/156800, 167/168, 19⟩,
    ⟨[12], [0, 1, 2, 3, 4, 6, 8, 10, 11, 12, 13, 14], 119/1600, 147233/156800, 167/168, 19⟩,
    ⟨[12], [0, 1, 2, 3, 4, 6, 9, 10, 11, 12, 13, 14], 119/1600, 147233/156800, 167/168, 19⟩,
    ⟨[12], [0, 1, 2, 3, 4, 7, 8, 9, 10, 11, 12, 13], 119/1600, 136033/145600, 167/168, 17⟩,
    ⟨[12], [0, 1, 2, 3, 4, 7, 8, 9, 10, 11, 12, 14], 119/1600, 147233/156800, 167/168, 19⟩,
    ⟨[12], [0, 1, 2, 3, 4, 7, 8, 9, 10, 11, 13, 14], 119/1600, 147233/156800, 167/168, 19⟩,
    ⟨[12], [0, 1, 2, 3, 4, 7, 8, 9, 10, 12, 13, 14], 119/1600, 147233/156800, 167/168, 19⟩,
    ⟨[12], [0, 1, 2, 3, 4, 7, 8, 9, 11, 12, 13, 14], 119/1600, 147233/156800, 167/168, 19⟩,
    ⟨[12], [0, 1, 2, 3, 4, 7, 8, 10, 11, 12, 13, 14], 119/1600, 147233/156800, 167/168, 19⟩,
    ⟨[12], [0, 1, 2, 3, 4, 7, 9, 10, 11, 12, 13, 14], 119/1600, 147233/156800, 167/168, 19⟩,
    ⟨[12], [0, 1, 2, 3, 4, 8, 9, 10, 11, 12, 13, 14], 119/1600, 147233/156800, 167/168, 19⟩,
    ⟨[12], [0, 1, 2, 3, 5, 6, 7, 8, 9, 10, 11, 12], 119/1600, 41611/44800, 167/168, 16⟩,
    ⟨[12], [0, 1, 2, 3, 5, 6, 7, 8, 9, 10, 11, 13], 119/1600, 136033/145600, 167/168, 17⟩,
    ⟨[12], [0, 1, 2, 3, 5, 6, 7, 8, 9, 10, 11, 14], 119/1600, 147233/156800, 167/168, 19⟩,
    ⟨[12], [0, 1, 2, 3, 5, 6, 7, 8, 9, 10, 12, 13], 119/1600, 136033/145600, 167/168, 17⟩,
    ⟨[12], [0, 1, 2, 3, 5, 6, 7, 8, 9, 10, 12, 14], 119/1600, 147233/156800, 167/168, 19⟩,
    ⟨[12], [0, 1, 2, 3, 5, 6, 7, 8, 9, 10, 13, 14], 119/1600, 147233/156800, 167/168, 19⟩,
    ⟨[12], [0, 1, 2, 3, 5, 6, 7, 8, 9, 11, 12, 13], 119/1600, 136033/145600, 167/168, 17⟩,
    ⟨[12], [0, 1, 2, 3, 5, 6, 7, 8, 9, 11, 12, 14], 119/1600, 147233/156800, 167/168, 19⟩,
    ⟨[12], [0, 1, 2, 3, 5, 6, 7, 8, 9, 11, 13, 14], 119/1600, 147233/156800, 167/168, 19⟩,
    ⟨[12], [0, 1, 2, 3, 5, 6, 7, 8, 9, 12, 13, 14], 119/1600, 147233/156800, 167/168, 19⟩,
    ⟨[12], [0, 1, 2, 3, 5, 6, 7, 8, 10, 11, 12, 13], 119/1600, 136033/145600, 167/168, 17⟩,
    ⟨[12], [0, 1, 2, 3, 5, 6, 7, 8, 10, 11, 12, 14], 119/1600, 147233/156800, 167/168, 19⟩,
    ⟨[12], [0, 1, 2, 3, 5, 6, 7, 8, 10, 11, 13, 14], 119/1600, 147233/156800, 167/168, 19⟩,
    ⟨[12], [0, 1, 2, 3, 5, 6, 7, 8, 10, 12, 13, 14], 119/1600, 147233/156800, 167/168, 19⟩,
    ⟨[12], [0, 1, 2, 3, 5, 6, 7, 8, 11, 12, 13, 14], 119/1600, 147233/156800, 167/168, 19⟩,
    ⟨[12], [0, 1, 2, 3, 5, 6, 7, 9, 10, 11, 12, 13], 119/1600, 136033/145600, 167/168, 17⟩,
    ⟨[12], [0, 1, 2, 3, 5, 6, 7, 9, 10, 11, 12, 14], 119/1600, 147233/156800, 167/168, 19⟩,
    ⟨[12], [0, 1, 2, 3, 5, 6, 7, 9, 10, 11, 13, 14], 119/1600, 147233/156800, 167/168, 19⟩,
    ⟨[12], [0, 1, 2, 3, 5, 6, 7, 9, 10, 12, 13, 14], 119/1600, 147233/156800, 167/168, 19⟩,
    ⟨[12], [0, 1, 2, 3, 5, 6, 7, 9, 11, 12, 13, 14], 119/1600, 147233/156800, 167/168, 19⟩,
    ⟨[12], [0, 1, 2, 3, 5, 6, 7, 10, 11, 12, 13, 14], 119/1600, 147233/156800, 167/168, 19⟩,
    ⟨[12], [0, 1, 2, 3, 5, 6, 8, 9, 10, 11, 12, 13], 119/1600, 136033/145600, 167/168, 17⟩,
    ⟨[12], [0, 1, 2, 3, 5, 6, 8, 9, 10, 11, 12, 14], 119/1600, 147233/156800, 167/168, 19⟩,
    ⟨[12], [0, 1, 2, 3, 5, 6, 8, 9, 10, 11, 13, 14], 119/1600, 147233/156800, 167/168, 19⟩,
    ⟨[12], [0, 1, 2, 3, 5, 6, 8, 9, 10, 12, 13, 14], 119/1600, 147233/156800, 167/168, 19⟩,
    ⟨[12], [0, 1, 2, 3, 5, 6, 8, 9, 11, 12, 13, 14], 119/1600, 147233/156800, 167/168, 19⟩,
    ⟨[12], [0, 1, 2, 3, 5, 6, 8, 10, 11, 12, 13, 14], 119/1600, 147233/156800, 167/168, 19⟩,
    ⟨[12], [0, 1, 2, 3, 5, 6, 9, 10, 11, 12, 13, 14], 119/1600, 147233/156800, 167/168, 19⟩,
    ⟨[12], [0, 1, 2, 3, 5, 7, 8, 9, 10, 11, 12, 13], 119/1600, 136033/145600, 167/168, 17⟩,
    ⟨[12], [0, 1, 2, 3, 5, 7, 8, 9, 10, 11, 12, 14], 119/1600, 147233/156800, 167/168, 19⟩,
    ⟨[12], [0, 1, 2, 3, 5, 7, 8, 9, 10, 11, 13, 14], 119/1600, 147233/156800, 167/168, 19⟩,
    ⟨[12], [0, 1, 2, 3, 5, 7, 8, 9, 10, 12, 13, 14], 119/1600, 147233/156800, 167/168, 19⟩,
    ⟨[12], [0, 1, 2, 3, 5, 7, 8, 9, 11, 12, 13, 14], 119/1600, 147233/156800, 167/168, 19⟩,
    ⟨[12], [0, 1, 2, 3, 5, 7, 8, 10, 11, 12, 13, 14], 119/1600, 147233/156800, 167/168, 19⟩,
    ⟨[12], [0, 1, 2, 3, 5, 7, 9, 10, 11, 12, 13, 14], 119/1600, 147233/156800, 167/168, 19⟩,
    ⟨[12], [0, 1, 2, 3, 5, 8, 9, 10, 11, 12, 13, 14], 119/1600, 147233/156800, 167/168, 19⟩,
    ⟨[12], [0, 1, 2, 3, 6, 7, 8, 9, 10, 11, 12, 13], 119/1600, 136033/145600, 167/168, 17⟩,
    ⟨[12], [0, 1, 2, 3, 6, 7, 8, 9, 10, 11, 12, 14], 119/1600, 147233/156800, 167/168, 19⟩,
    ⟨[12], [0, 1, 2, 3, 6, 7, 8, 9, 10, 11, 13, 14], 119/1600, 147233/156800, 167/168, 19⟩,
    ⟨[12], [0, 1, 2, 3, 6, 7, 8, 9, 10, 12, 13, 14], 119/1600, 147233/156800, 167/168, 19⟩,
    ⟨[12], [0, 1, 2, 3, 6, 7, 8, 9, 11, 12, 13, 14], 119/1600, 147233/156800, 167/168, 19⟩,
    ⟨[12], [0, 1, 2, 3, 6, 7, 8, 10, 11, 12, 13, 14], 119/1600, 147233/156800, 167/168, 19⟩,
    ⟨[12], [0, 1, 2, 3, 6, 7, 9, 10, 11, 12, 13, 14], 119/1600, 147233/156800, 167/168, 19⟩,
    ⟨[12], [0, 1, 2, 3, 6, 8, 9, 10, 11, 12, 13, 14], 119/1600, 147233/156800, 167/168, 19⟩,
    ⟨[12], [0, 1, 2, 3, 7, 8, 9, 10, 11, 12, 13, 14], 119/1600, 147233/156800, 167/168, 19⟩,
    ⟨[12], [0, 1, 2, 4, 5, 6, 7, 8, 9, 10, 11, 12], 119/1600, 41611/44800, 167/168, 16⟩,
    ⟨[12], [0, 1, 2, 4, 5, 6, 7, 8, 9, 10, 11, 13], 119/1600, 136033/145600, 167/168, 17⟩,
    ⟨[12], [0, 1, 2, 4, 5, 6, 7, 8, 9, 10, 11, 14], 119/1600, 147233/156800, 167/168, 19⟩,
    ⟨[12], [0, 1, 2, 4, 5, 6, 7, 8, 9, 10, 12, 13], 119/1600, 136033/145600, 167/168, 17⟩,
    ⟨[12], [0, 1, 2, 4, 5, 6, 7, 8, 9, 10, 12, 14], 119/1600, 147233/156800, 167/168, 19⟩,
    ⟨[12], [0, 1, 2, 4, 5, 6, 7, 8, 9, 10, 13, 14], 119/1600, 147233/156800, 167/168, 19⟩,
    ⟨[12], [0, 1, 2, 4, 5, 6, 7, 8, 9, 11, 12, 13], 119/1600, 136033/145600, 167/168, 17⟩,
    ⟨[12], [0, 1, 2, 4, 5, 6, 7, 8, 9, 11, 12, 14], 119/1600, 147233/156800, 167/168, 19⟩,
    ⟨[12], [0, 1, 2, 4, 5, 6, 7, 8, 9, 11, 13, 14], 119/1600, 147233/156800, 167/168, 19⟩,
    ⟨[12], [0, 1, 2, 4, 5, 6, 7, 8, 9, 12, 13, 14], 119/1600, 147233/156800, 167/168, 19⟩,
    ⟨[12], [0, 1, 2, 4, 5, 6, 7, 8, 10, 11, 12, 13], 119/1600, 136033/145600, 167/168, 17⟩,
    ⟨[12], [0, 1, 2, 4, 5, 6, 7, 8, 10, 11, 12, 14], 119/1600, 147233/156800, 167/168, 19⟩,
    ⟨[12], [0, 1, 2, 4, 5, 6, 7, 8, 10, 11, 13, 14], 119/1600, 147233/156800, 167/168, 19⟩,
    ⟨[12], [0, 1, 2, 4, 5, 6, 7, 8, 10, 12, 13, 14], 119/1600, 147233/156800, 167/168, 19⟩,
    ⟨[12], [0, 1, 2, 4, 5, 6, 7, 8, 11, 12, 13, 14], 119/1600, 147233/156800, 167/168, 19⟩,
    ⟨[12], [0, 1, 2, 4, 5, 6, 7, 9, 10, 11, 12, 13], 119/1600, 136033/145600, 167/168, 17⟩,
    ⟨[12], [0, 1, 2, 4, 5, 6, 7, 9, 10, 11, 12, 14], 119/1600, 147233/156800, 167/168, 19⟩,
    ⟨[12], [0, 1, 2, 4, 5, 6, 7, 9, 10, 11, 13, 14], 119/1600, 147233/156800, 167/168, 19⟩,
    ⟨[12], [0, 1, 2, 4, 5, 6, 7, 9, 10, 12, 13, 14], 119/1600, 147233/156800, 167/168, 19⟩,
    ⟨[12], [0, 1, 2, 4, 5, 6, 7, 9, 11, 12, 13, 14], 119/1600, 147233/156800, 167/168, 19⟩,
    ⟨[12], [0, 1, 2, 4, 5, 6, 7, 10, 11, 12, 13, 14], 119/1600, 147233/156800, 167/168, 19⟩,
    ⟨[12], [0, 1, 2, 4, 5, 6, 8, 9, 10, 11, 12, 13], 119/1600, 136033/145600, 167/168, 17⟩,
    ⟨[12], [0, 1, 2, 4, 5, 6, 8, 9, 10, 11, 12, 14], 119/1600, 147233/156800, 167/168, 19⟩,
    ⟨[12], [0, 1, 2, 4, 5, 6, 8, 9, 10, 11, 13, 14], 119/1600, 147233/156800, 167/168, 19⟩,
    ⟨[12], [0, 1, 2, 4, 5, 6, 8, 9, 10, 12, 13, 14], 119/1600, 147233/156800, 167/168, 19⟩,
    ⟨[12], [0, 1, 2, 4, 5, 6, 8, 9, 11, 12, 13, 14], 119/1600, 147233/156800, 167/168, 19⟩,
    ⟨[12], [0, 1, 2, 4, 5, 6, 8, 10, 11, 12, 13, 14], 119/1600, 147233/156800, 167/168, 19⟩,
    ⟨[12], [0, 1, 2, 4, 5, 6, 9, 10, 11, 12, 13, 14], 119/1600, 147233/156800, 167/168, 19⟩,
    ⟨[12], [0, 1, 2, 4, 5, 7, 8, 9, 10, 11, 12, 13], 119/1600, 136033/145600, 167/168, 17⟩,
    ⟨[12], [0, 1, 2, 4, 5, 7, 8, 9, 10, 11, 12, 14], 119/1600, 147233/156800, 167/168, 19⟩,
    ⟨[12], [0, 1, 2, 4, 5, 7, 8, 9, 10, 11, 13, 14], 119/1600, 147233/156800, 167/168, 19⟩,
    ⟨[12], [0, 1, 2, 4, 5, 7, 8, 9, 10, 12, 13, 14], 119/1600, 147233/156800, 167/168, 19⟩,
    ⟨[12], [0, 1, 2, 4, 5, 7, 8, 9, 11, 12, 13, 14], 119/1600, 147233/156800, 167/168, 19⟩,
    ⟨[12], [0, 1, 2, 4, 5, 7, 8, 10, 11, 12, 13, 14], 119/1600, 147233/156800, 167/168, 19⟩,
    ⟨[12], [0, 1, 2, 4, 5, 7, 9, 10, 11, 12, 13, 14], 119/1600, 147233/156800, 167/168, 19⟩,
    ⟨[12], [0, 1, 2, 4, 5, 8, 9, 10, 11, 12, 13, 14], 119/1600, 147233/156800, 167/168, 19⟩,
    ⟨[12], [0, 1, 2, 4, 6, 7, 8, 9, 10, 11, 12, 13], 119/1600, 136033/145600, 167/168, 17⟩,
    ⟨[12], [0, 1, 2, 4, 6, 7, 8, 9, 10, 11, 12, 14], 119/1600, 147233/156800, 167/168, 19⟩,
    ⟨[12], [0, 1, 2, 4, 6, 7, 8, 9, 10, 11, 13, 14], 119/1600, 147233/156800, 167/168, 19⟩,
    ⟨[12], [0, 1, 2, 4, 6, 7, 8, 9, 10, 12, 13, 14], 119/1600, 147233/156800, 167/168, 19⟩,
    ⟨[12], [0, 1, 2, 4, 6, 7, 8, 9, 11, 12, 13, 14], 119/1600, 147233/156800, 167/168, 19⟩,
    ⟨[12], [0, 1, 2, 4, 6, 7, 8, 10, 11, 12, 13, 14], 119/1600, 147233/156800, 167/168, 19⟩,
    ⟨[12], [0, 1, 2, 4, 6, 7, 9, 10, 11, 12, 13, 14], 119/1600, 147233/156800, 167/168, 19⟩,
    ⟨[12], [0, 1, 2, 4, 6, 8, 9, 10, 11, 12, 13, 14], 119/1600, 147233/156800, 167/168, 19⟩,
    ⟨[12], [0, 1, 2, 4, 7, 8, 9, 10, 11, 12, 13, 14], 119/1600, 147233/156800, 167/168, 19⟩,
    ⟨[12], [0, 1, 2, 5, 6, 7, 8, 9, 10, 11, 12, 13], 119/1600, 136033/145600, 167/168, 17⟩,
    ⟨[12], [0, 1, 2, 5, 6, 7, 8, 9, 10, 11, 12, 14], 119/1600, 147233/156800, 167/168, 19⟩,
    ⟨[12], [0, 1, 2, 5, 6, 7, 8, 9, 10, 11, 13, 14], 119/1600, 147233/156800, 167/168, 19⟩,
    ⟨[12], [0, 1, 2, 5, 6, 7, 8, 9, 10, 12, 13, 14], 119/1600, 147233/156800, 167/168, 19⟩,
    ⟨[12], [0, 1, 2, 5, 6, 7, 8, 9, 11, 12, 13, 14], 119/1600, 147233/156800, 167/168, 19⟩,
    ⟨[12], [0, 1, 2, 5, 6, 7, 8, 10, 11, 12, 13, 14], 119/1600, 147233/156800, 167/168, 19⟩,
    ⟨[12], [0, 1, 2, 5, 6, 7, 9, 10, 11, 12, 13, 14], 119/1600, 147233/156800, 167/168, 19⟩,
    ⟨[12], [0, 1, 2, 5, 6, 8, 9, 10, 11, 12, 13, 14], 119/1600, 147233/156800, 167/168, 19⟩,
    ⟨[12], [0, 1, 2, 5, 7, 8, 9, 10, 11, 12, 13, 14], 119/1600, 147233/156800, 167/168, 19⟩,
    ⟨[12], [0, 1, 2, 6, 7, 8, 9, 10, 11, 12, 13, 14], 119/1600, 147233/156800, 167/168, 19⟩,
    ⟨[12], [0, 1, 3, 4, 5, 6, 7, 8, 9, 10, 11, 12], 119/1600, 41611/44800, 167/168, 16⟩,
    ⟨[12], [0, 1, 3, 4, 5, 6, 7, 8, 9, 10, 11, 13], 119/1600, 136033/145600, 167/168, 17⟩,
    ⟨[12], [0, 1, 3, 4, 5, 6, 7, 8, 9, 10, 11, 14], 119/1600, 147233/156800, 167/168, 19⟩,
    ⟨[12], [0, 1, 3, 4, 5, 6, 7, 8, 9, 10, 12, 13], 119/1600, 136033/145600, 167/168, 17⟩,
    ⟨[12], [0, 1, 3, 4, 5, 6, 7, 8, 9, 10, 12, 14], 119/1600, 147233/156800, 167/168, 19⟩,
    ⟨[12], [0, 1, 3, 4, 5, 6, 7, 8, 9, 10, 13, 14], 119/1600, 147233/156800, 167/168, 19⟩,
    ⟨[12], [0, 1, 3, 4, 5, 6, 7, 8, 9, 11, 12, 13], 119/1600, 136033/145600, 167/168, 17⟩,
    ⟨[12], [0, 1, 3, 4, 5, 6, 7, 8, 9, 11, 12, 14], 119/1600, 147233/156800, 167/168, 19⟩,
    ⟨[12], [0, 1, 3, 4, 5, 6, 7, 8, 9, 11, 13, 14], 119/1600, 147233/156800, 167/168, 19⟩,
    ⟨[12], [0, 1, 3, 4, 5, 6, 7, 8, 9, 12, 13, 14], 119/1600, 147233/156800, 167/168, 19⟩,
    ⟨[12], [0, 1, 3, 4, 5, 6, 7, 8, 10, 11, 12, 13], 119/1600, 136033/145600, 167/168, 17⟩,
    ⟨[12], [0, 1, 3, 4, 5, 6, 7, 8, 10, 11, 12, 14], 119/1600, 147233/156800, 167/168, 19⟩,
    ⟨[12], [0, 1, 3, 4, 5, 6, 7, 8, 10, 11, 13, 14], 119/1600, 147233/156800, 167/168, 19⟩,
    ⟨[12], [0, 1, 3, 4, 5, 6, 7, 8, 10, 12, 13, 14], 119/1600, 147233/156800, 167/168, 19⟩,
    ⟨[12], [0, 1, 3, 4, 5, 6, 7, 8, 11, 12, 13, 14], 119/1600, 147233/156800, 167/168, 19⟩,
    ⟨[12], [0, 1, 3, 4, 5, 6, 7, 9, 10, 11, 12, 13], 119/1600, 136033/145600, 167/168, 17⟩,
    ⟨[12], [0, 1, 3, 4, 5, 6, 7, 9, 10, 11, 12, 14], 119/1600, 147233/156800, 167/168, 19⟩,
    ⟨[12], [0, 1, 3, 4, 5, 6, 7, 9, 10, 11, 13, 14], 119/1600, 147233/156800, 167/168, 19⟩,
    ⟨[12], [0, 1, 3, 4, 5, 6, 7, 9, 10, 12, 13, 14], 119/1600, 147233/156800, 167/168, 19⟩,
    ⟨[12], [0, 1, 3, 4, 5, 6, 7, 9, 11, 12, 13, 14], 119/1600, 147233/156800, 167/168, 19⟩,
    ⟨[12], [0, 1, 3, 4, 5, 6, 7, 10, 11, 12, 13, 14], 119/1600, 147233/156800, 167/168, 19⟩,
    ⟨[12], [0, 1, 3, 4, 5, 6, 8, 9, 10, 11, 12, 13], 119/1600, 136033/145600, 167/168, 17⟩,
    ⟨[12], [0, 1, 3, 4, 5, 6, 8, 9, 10, 11, 12, 14], 119/1600, 147233/156800, 167/168, 19⟩,
    ⟨[12], [0, 1, 3, 4, 5, 6, 8, 9, 10, 11, 13, 14], 119/1600, 147233/156800, 167/168, 19⟩,
    ⟨[12], [0, 1, 3, 4, 5, 6, 8, 9, 10, 12, 13, 14], 119/1600, 147233/156800, 167/168, 19⟩,
    ⟨[12], [0, 1, 3, 4, 5, 6, 8, 9, 11, 12, 13, 14], 119/1600, 147233/156800, 167/168, 19⟩,
    ⟨[12], [0, 1, 3, 4, 5, 6, 8, 10, 11, 12, 13, 14], 119/1600, 147233/156800, 167/168, 19⟩,
    ⟨[12], [0, 1, 3, 4, 5, 6, 9, 10, 11, 12, 13, 14], 119/1600, 147233/156800, 167/168, 19⟩,
    ⟨[12], [0, 1, 3, 4, 5, 7, 8, 9, 10, 11, 12, 13], 119/1600, 136033/145600, 167/168, 17⟩,
    ⟨[12], [0, 1, 3, 4, 5, 7, 8, 9, 10, 11, 12, 14], 119/1600, 147233/156800, 167/168, 19⟩,
    ⟨[12], [0, 1, 3, 4, 5, 7, 8, 9, 10, 11, 13, 14], 119/1600, 147233/156800, 167/168, 19⟩,
    ⟨[12], [0, 1, 3, 4, 5, 7, 8, 9, 10, 12, 13, 14], 119/1600, 147233/156800, 167/168, 19⟩,
    ⟨[12], [0, 1, 3, 4, 5, 7, 8, 9, 11, 12, 13, 14], 119/1600, 147233/156800, 167/168, 19⟩,
    ⟨[12], [0, 1, 3, 4, 5, 7, 8, 10, 11, 12, 13, 14], 119/1600, 147233/156800, 167/168, 19⟩,
    ⟨[12], [0, 1, 3, 4, 5, 7, 9, 10, 11, 12, 13, 14], 119/1600, 147233/156800, 167/168, 19⟩,
    ⟨[12], [0, 1, 3, 4, 5, 8, 9, 10, 11, 12, 13, 14], 119/1600, 147233/156800, 167/168, 19⟩,
    ⟨[12], [0, 1, 3, 4, 6, 7, 8, 9, 10, 11, 12, 13], 119/1600, 136033/145600, 167/168, 17⟩,
    ⟨[12], [0, 1, 3, 4, 6, 7, 8, 9, 10, 11, 12, 14], 119/1600, 147233/156800, 167/168, 19⟩,
    ⟨[12], [0, 1, 3, 4, 6, 7, 8, 9, 10, 11, 13, 14], 119/1600, 147233/156800, 167/168, 19⟩,
    ⟨[12], [0, 1, 3, 4, 6, 7, 8, 9, 10, 12, 13, 14], 119/1600, 147233/156800, 167/168, 19⟩,
    ⟨[12], [0, 1, 3, 4, 6, 7, 8, 9, 11, 12, 13, 14], 119/1600, 147233/156800, 167/168, 19⟩,
    ⟨[12], [0, 1, 3, 4, 6, 7, 8, 10, 11, 12, 13, 14], 119/1600, 147233/156800, 167/168, 19⟩,
    ⟨[12], [0, 1, 3, 4, 6, 7, 9, 10, 11, 12, 13, 14], 119/1600, 147233/156800, 167/168, 19⟩,
    ⟨[12], [0, 1, 3, 4, 6, 8, 9, 10, 11, 12, 13, 14], 119/1600, 147233/156800, 167/168, 19⟩,
    ⟨[12], [0, 1, 3, 4, 7, 8, 9, 10, 11, 12, 13, 14], 119/1600, 147233/156800, 167/168, 19⟩,
    ⟨[12], [0, 1, 3, 5, 6, 7, 8, 9, 10, 11, 12, 13], 119/1600, 136033/145600, 167/168, 17⟩,
    ⟨[12], [0, 1, 3, 5, 6, 7, 8, 9, 10, 11, 12, 14], 119/1600, 147233/156800, 167/168, 19⟩,
    ⟨[12], [0, 1, 3, 5, 6, 7, 8, 9, 10, 11, 13, 14], 119/1600, 147233/156800, 167/168, 19⟩,
    ⟨[12], [0, 1, 3, 5, 6, 7, 8, 9, 10, 12, 13, 14], 119/1600, 147233/156800, 167/168, 19⟩,
    ⟨[12], [0, 1, 3, 5, 6, 7, 8, 9, 11, 12, 13, 14], 119/1600, 147233/156800, 167/168, 19⟩,
    ⟨[12], [0, 1, 3, 5, 6, 7, 8, 10, 11, 12, 13, 14], 119/1600, 147233/156800, 167/168, 19⟩,
    ⟨[12], [0, 1, 3, 5, 6, 7, 9, 10, 11, 12, 13, 14], 119/1600, 147233/156800, 167/168, 19⟩,
    ⟨[12], [0, 1, 3, 5, 6, 8, 9, 10, 11, 12, 13, 14], 119/1600, 147233/156800, 167/168, 19⟩,
    ⟨[12], [0, 1, 3, 5, 7, 8, 9, 10, 11, 12, 13, 14], 119/1600, 147233/156800, 167/168, 19⟩,
    ⟨[12], [0, 1, 3, 6, 7, 8, 9, 10, 11, 12, 13, 14], 119/1600, 147233/156800, 167/168, 19⟩,
    ⟨[12], [0, 1, 4, 5, 6, 7, 8, 9, 10, 11, 12, 13], 119/1600, 136033/145600, 167/168, 17⟩,
    ⟨[12], [0, 1, 4, 5, 6, 7, 8, 9, 10, 11, 12, 14], 119/1600, 147233/156800, 167/168, 19⟩,
    ⟨[12], [0, 1, 4, 5, 6, 7, 8, 9, 10, 11, 13, 14], 119/1600, 147233/156800, 167/168, 19⟩,
    ⟨[12], [0, 1, 4, 5, 6, 7, 8, 9, 10, 12, 13, 14], 119/1600, 147233/156800, 167/168, 19⟩,
    ⟨[12], [0, 1, 4, 5, 6, 7, 8, 9, 11, 12, 13, 14], 119/1600, 147233/156800, 167/168, 19⟩,
    ⟨[12], [0, 1, 4, 5, 6, 7, 8, 10, 11, 12, 13, 14], 119/1600, 147233/156800, 167/168, 19⟩,
    ⟨[12], [0, 1, 4, 5, 6, 7, 9, 10, 11, 12, 13, 14], 119/1600, 147233/156800, 167/168, 19⟩,
    ⟨[12], [0, 1, 4, 5, 6, 8, 9, 10, 11, 12, 13, 14], 119/1600, 147233/156800, 167/168, 19⟩,
    ⟨[12], [0, 1, 4, 5, 7, 8, 9, 10, 11, 12, 13, 14], 119/1600, 147233/156800, 167/168, 19⟩,
    ⟨[12], [0, 1, 4, 6, 7, 8, 9, 10, 11, 12, 13, 14], 119/1600, 147233/156800, 167/168, 19⟩,
    ⟨[12], [0, 1, 5, 6, 7, 8, 9, 10, 11, 12, 13, 14], 119/1600, 147233/156800, 167/168, 19⟩,
    ⟨[12], [0, 2, 3, 4, 5, 6, 7, 8, 9, 10, 11, 12], 119/1600, 41611/44800, 167/168, 16⟩,
    ⟨[12], [0, 2, 3, 4, 5, 6, 7, 8, 9, 10, 11, 13], 119/1600, 136033/145600, 167/168, 17⟩,
    ⟨[12], [0, 2, 3, 4, 5, 6, 7, 8, 9, 10, 11, 14], 119/1600, 147233/156800, 167/168, 19⟩,
    ⟨[12], [0, 2, 3, 4, 5, 6, 7, 8, 9, 10, 12, 13], 119/1600, 136033/145600, 167/168, 17⟩,
    ⟨[12], [0, 2, 3, 4, 5, 6, 7, 8, 9, 10, 12, 14], 119/1600, 147233/156800, 167/168, 19⟩,
    ⟨[12], [0, 2, 3, 4, 5, 6, 7, 8, 9, 10, 13, 14], 119/1600, 147233/156800, 167/168, 19⟩,
    ⟨[12], [0, 2, 3, 4, 5, 6, 7, 8, 9, 11, 12, 13], 119/1600, 136033/145600, 167/168, 17⟩,
    ⟨[12], [0, 2, 3, 4, 5, 6, 7, 8, 9, 11, 12, 14], 119/1600, 147233/156800, 167/168, 19⟩,
    ⟨[12], [0, 2, 3, 4, 5, 6, 7, 8, 9, 11, 13, 14], 119/1600, 147233/156800, 167/168, 19⟩,
    ⟨[12], [0, 2, 3, 4, 5, 6, 7, 8, 9, 12, 13, 14], 119/1600, 147233/156800, 167/168, 19⟩,
    ⟨[12], [0, 2, 3, 4, 5, 6, 7, 8, 10, 11, 12, 13], 119/1600, 136033/145600, 167/168, 17⟩,
    ⟨[12], [0, 2, 3, 4, 5, 6, 7, 8, 10, 11, 12, 14], 119/1600, 147233/156800, 167/168, 19⟩,
    ⟨[12], [0, 2, 3, 4, 5, 6, 7, 8, 10, 11, 13, 14], 119/1600, 147233/156800, 167/168, 19⟩,
    ⟨[12], [0, 2, 3, 4, 5, 6, 7, 8, 10, 12, 13, 14], 119/1600, 147233/156800, 167/168, 19⟩,
    ⟨[12], [0, 2, 3, 4, 5, 6, 7, 8, 11, 12, 13, 14], 119/1600, 147233/156800, 167/168, 19⟩,
    ⟨[12], [0, 2, 3, 4, 5, 6, 7, 9, 10, 11, 12, 13], 119/1600, 136033/145600, 167/168, 17⟩,
    ⟨[12], [0, 2, 3, 4, 5, 6, 7, 9, 10, 11, 12, 14], 119/1600, 147233/156800, 167/168, 19⟩,
    ⟨[12], [0, 2, 3, 4, 5, 6, 7, 9, 10, 11, 13, 14], 119/1600, 147233/156800, 167/168, 19⟩,
    ⟨[12], [0, 2, 3, 4, 5, 6, 7, 9, 10, 12, 13, 14], 119/1600, 147233/156800, 167/168, 19⟩,
    ⟨[12], [0, 2, 3, 4, 5, 6, 7, 9, 11, 12, 13, 14], 119/1600, 147233/156800, 167/168, 19⟩,
    ⟨[12], [0, 2, 3, 4, 5, 6, 7, 10, 11, 12, 13, 14], 119/1600, 147233/156800, 167/168, 19⟩,
    ⟨[12], [0, 2, 3, 4, 5, 6, 8, 9, 10, 11, 12, 13], 119/1600, 136033/145600, 167/168, 17⟩,
    ⟨[12], [0, 2, 3, 4, 5, 6, 8, 9, 10, 11, 12, 14], 119/1600, 147233/156800, 167/168, 19⟩,
    ⟨[12], [0, 2, 3, 4, 5, 6, 8, 9, 10, 11, 13, 14], 119/1600, 147233/156800, 167/168, 19⟩,
    ⟨[12], [0, 2, 3, 4, 5, 6, 8, 9, 10, 12, 13, 14], 119/1600, 147233/156800, 167/168, 19⟩,
    ⟨[12], [0, 2, 3, 4, 5, 6, 8, 9, 11, 12, 13, 14], 119/1600, 147233/156800, 167/168, 19⟩,
    ⟨[12], [0, 2, 3, 4, 5, 6, 8, 10, 11, 12, 13, 14], 119/1600, 147233/156800, 167/168, 19⟩,
    ⟨[12], [0, 2, 3, 4, 5, 6, 9, 10, 11, 12, 13, 14], 119/1600, 147233/156800, 167/168, 19⟩,
    ⟨[12], [0, 2, 3, 4, 5, 7, 8, 9, 10, 11, 12, 13], 119/1600, 136033/145600, 167/168, 17⟩,
    ⟨[12], [0, 2, 3, 4, 5, 7, 8, 9, 10, 11, 12, 14], 119/1600, 147233/156800, 167/168, 19⟩,
    ⟨[12], [0, 2, 3, 4, 5, 7, 8, 9, 10, 11, 13, 14], 119/1600, 147233/156800, 167/168, 19⟩,
    ⟨[12], [0, 2, 3, 4, 5, 7, 8, 9, 10, 12, 13, 14], 119/1600, 147233/156800, 167/168, 19⟩,
    ⟨[12], [0, 2, 3, 4, 5, 7, 8, 9, 11, 12, 13, 14], 119/1600, 147233/156800, 167/168, 19⟩,
    ⟨[12], [0, 2, 3, 4, 5, 7, 8, 10, 11, 12, 13, 14], 119/1600, 147233/156800, 167/168, 19⟩,
    ⟨[12], [0, 2, 3, 4, 5, 7, 9, 10, 11, 12, 13, 14], 119/1600, 147233/156800, 167/168, 19⟩,
    ⟨[12], [0, 2, 3, 4, 5, 8, 9, 10, 11, 12, 13, 14], 119/1600, 147233/156800, 167/168, 19⟩,
    ⟨[12], [0, 2, 3, 4, 6, 7, 8, 9, 10, 11, 12, 13], 119/1600, 136033/145600, 167/168, 17⟩,
    ⟨[12], [0, 2, 3, 4, 6, 7, 8, 9, 10, 11, 12, 14], 119/1600, 147233/156800, 167/168, 19⟩,
    ⟨[12], [0, 2, 3, 4, 6, 7, 8, 9, 10, 11, 13, 14], 119/1600, 147233/156800, 167/168, 19⟩,
    ⟨[12], [0, 2, 3, 4, 6, 7, 8, 9, 10, 12, 13, 14], 119/1600, 147233/156800, 167/168, 19⟩,
    ⟨[12], [0, 2, 3, 4, 6, 7, 8, 9, 11, 12, 13, 14], 119/1600, 147233/156800, 167/168, 19⟩,
    ⟨[12], [0, 2, 3, 4, 6, 7, 8, 10, 11, 12, 13, 14], 119/1600, 147233/156800, 167/168, 19⟩,
    ⟨[12], [0, 2, 3, 4, 6, 7, 9, 10, 11, 12, 13, 14], 119/1600, 147233/156800, 167/168, 19⟩,
    ⟨[12], [0, 2, 3, 4, 6, 8, 9, 10, 11, 12, 13, 14], 119/1600, 147233/156800, 167/168, 19⟩,
    ⟨[12], [0, 2, 3, 4, 7, 8, 9, 10, 11, 12, 13, 14], 119/1600, 147233/156800, 167/168, 19⟩,
    ⟨[12], [0, 2, 3, 5, 6, 7, 8, 9, 10, 11, 12, 13], 119/1600, 136033/145600, 167/168, 17⟩,
    ⟨[12], [0, 2, 3, 5, 6, 7, 8, 9, 10, 11, 12, 14], 119/1600, 147233/156800, 167/168, 19⟩,
    ⟨[12], [0, 2, 3, 5, 6, 7, 8, 9, 10, 11, 13, 14], 119/1600, 147233/156800, 167/168, 19⟩,
    ⟨[12], [0, 2, 3, 5, 6, 7, 8, 9, 10, 12, 13, 14], 119/1600, 147233/156800, 167/168, 19⟩,
    ⟨[12], [0, 2, 3, 5, 6, 7, 8, 9, 11, 12, 13, 14], 119/1600, 147233/156800, 167/168, 19⟩,
    ⟨[12], [0, 2, 3, 5, 6, 7, 8, 10, 11, 12, 13, 14], 119/1600, 147233/156800, 167/168, 19⟩,
    ⟨[12], [0, 2, 3, 5, 6, 7, 9, 10, 11, 12, 13, 14], 119/1600, 147233/156800, 167/168, 19⟩,
    ⟨[12], [0, 2, 3, 5, 6, 8, 9, 10, 11, 12, 13, 14], 119/1600, 147233/156800, 167/168, 19⟩,
    ⟨[12], [0, 2, 3, 5, 7, 8, 9, 10, 11, 12, 13, 14], 119/1600, 147233/156800, 167/168, 19⟩,
    ⟨[12], [0, 2, 3, 6, 7, 8, 9, 10, 11, 12, 13, 14], 119/1600, 147233/156800, 167/168, 19⟩,
    ⟨[12], [0, 2, 4, 5, 6, 7, 8, 9, 10, 11, 12, 13], 119/1600, 136033/145600, 167/168, 17⟩,
    ⟨[12], [0, 2, 4, 5, 6, 7, 8, 9, 10, 11, 12, 14], 119/1600, 147233/156800, 167/168, 19⟩,
    ⟨[12], [0, 2, 4, 5, 6, 7, 8, 9, 10, 11, 13, 14], 119/1600, 147233/156800, 167/168, 19⟩,
    ⟨[12], [0, 2, 4, 5, 6, 7, 8, 9, 10, 12, 13, 14], 119/1600, 147233/156800, 167/168, 19⟩,
    ⟨[12], [0, 2, 4, 5, 6, 7, 8, 9, 11, 12, 13, 14], 119/1600, 147233/156800, 167/168, 19⟩,
    ⟨[12], [0, 2, 4, 5, 6, 7, 8, 10, 11, 12, 13, 14], 119/1600, 147233/156800, 167/168, 19⟩,
    ⟨[12], [0, 2, 4, 5, 6, 7, 9, 10, 11, 12, 13, 14], 119/1600, 147233/156800, 167/168, 19⟩,
    ⟨[12], [0, 2, 4, 5, 6, 8, 9, 10, 11, 12, 13, 14], 119/1600, 147233/156800, 167/168, 19⟩,
    ⟨[12], [0, 2, 4, 5, 7, 8, 9, 10, 11, 12, 13, 14], 119/1600, 147233/156800, 167/168, 19⟩,
    ⟨[12], [0, 2, 4, 6, 7, 8, 9, 10, 11, 12, 13, 14], 119/1600, 147233/156800, 167/168, 19⟩,
    ⟨[12], [0, 2, 5, 6, 7, 8, 9, 10, 11, 12, 13, 14], 119/1600, 147233/156800, 167/168, 19⟩,
    ⟨[12], [0, 3, 4, 5, 6, 7, 8, 9, 10, 11, 12, 13], 119/1600, 136033/145600, 167/168, 17⟩,
    ⟨[12], [0, 3, 4, 5, 6, 7, 8, 9, 10, 11, 12, 14], 119/1600, 147233/156800, 167/168, 19⟩,
    ⟨[12], [0, 3, 4, 5, 6, 7, 8, 9, 10, 11, 13, 14], 119/1600, 147233/156800, 167/168, 19⟩,
    ⟨[12], [0, 3, 4, 5, 6, 7, 8, 9, 10, 12, 13, 14], 119/1600, 147233/156800, 167/168, 19⟩,
    ⟨[12], [0, 3, 4, 5, 6, 7, 8, 9, 11, 12, 13, 14], 119/1600, 147233/156800, 167/168, 19⟩,
    ⟨[12], [0, 3, 4, 5, 6, 7, 8, 10, 11, 12, 13, 14], 119/1600, 147233/156800, 167/168, 19⟩,
    ⟨[12], [0, 3, 4, 5, 6, 7, 9, 10, 11, 12, 13, 14], 119/1600, 147233/156800, 167/168, 19⟩,
    ⟨[12], [0, 3, 4, 5, 6, 8, 9, 10, 11, 12, 13, 14], 119/1600, 147233/156800, 167/168, 19⟩,
    ⟨[12], [0, 3, 4, 5, 7, 8, 9, 10, 11, 12, 13, 14], 119/1600, 147233/156800, 167/168, 19⟩,
    ⟨[12], [0, 3, 4, 6, 7, 8, 9, 10, 11, 12, 13, 14], 119/1600, 147233/156800, 167/168, 19⟩,
    ⟨[12], [0, 3, 5, 6, 7, 8, 9, 10, 11, 12, 13, 14], 119/1600, 147233/156800, 167/168, 19⟩,
    ⟨[12], [0, 4, 5, 6, 7, 8, 9, 10, 11, 12, 13, 14], 119/1600, 147233/156800, 167/168, 19⟩,
    ⟨[13], [0, 1, 2, 3, 4, 5, 6, 7, 8, 9, 10, 11], 1381/1600, 1/182, 1/14, 16⟩,
    ⟨[13], [0, 1, 2, 3, 4, 5, 6, 7, 8, 9, 10, 12], 119/1600, 41611/44800, 181/182, 16⟩,
    ⟨[13], [0, 1, 2, 3, 4, 5, 6, 7, 8, 9, 10, 13], 119/1600, 136033/145600, 181/182, 17⟩,
    ⟨[13], [0, 1, 2, 3, 4, 5, 6, 7, 8, 9, 10, 14], 119/1600, 147233/156800, 181/182, 19⟩,
    ⟨[13], [0, 1, 2, 3, 4, 5, 6, 7, 8, 9, 11, 12], 119/1600, 41611/44800, 181/182, 16⟩,
    ⟨[13], [0, 1, 2, 3, 4, 5, 6, 7, 8, 9, 11, 13], 119/1600, 136033/145600, 181/182, 17⟩,
    ⟨[13], [0, 1, 2, 3, 4, 5, 6, 7, 8, 9, 11, 14], 119/1600, 147233/156800, 181/182, 19⟩,
    ⟨[13], [0, 1, 2, 3, 4, 5, 6, 7, 8, 9, 12, 13], 119/1600, 136033/145600, 181/182, 17⟩,
    ⟨[13], [0, 1, 2, 3, 4, 5, 6, 7, 8, 9, 12, 14], 119/1600, 147233/156800, 181/182, 19⟩,
    ⟨[13], [0, 1, 2, 3, 4, 5, 6, 7, 8, 9, 13, 14], 119/1600, 147233/156800, 181/182, 19⟩,
    ⟨[13], [0, 1, 2, 3, 4, 5, 6, 7, 8, 10, 11, 12], 119/1600, 41611/44800, 181/182, 16⟩,
    ⟨[13], [0, 1, 2, 3, 4, 5, 6, 7, 8, 10, 11, 13], 119/1600, 136033/145600, 181/182, 17⟩,
    ⟨[13], [0, 1, 2, 3, 4, 5, 6, 7, 8, 10, 11, 14], 119/1600, 147233/156800, 181/182, 19⟩,
    ⟨[13], [0, 1, 2, 3, 4, 5, 6, 7, 8, 10, 12, 13], 119/1600, 136033/145600, 181/182, 17⟩,
    ⟨[13], [0, 1, 2, 3, 4, 5, 6, 7, 8, 10, 12, 14], 119/1600, 147233/156800, 181/182, 19⟩,
    ⟨[13], [0, 1, 2, 3, 4, 5, 6, 7, 8, 10, 13, 14], 119/1600, 147233/156800, 181/182, 19⟩,
    ⟨[13], [0, 1, 2, 3, 4, 5, 6, 7, 8, 11, 12, 13], 119/1600, 136033/145600, 181/182, 17⟩,
    ⟨[13], [0, 1, 2, 3, 4, 5, 6, 7, 8, 11, 12, 14], 119/1600, 147233/156800, 181/182, 19⟩,
    ⟨[13], [0, 1, 2, 3, 4, 5, 6, 7, 8, 11, 13, 14], 119/1600, 147233/156800, 181/182, 19⟩,
    ⟨[13], [0, 1, 2, 3, 4, 5, 6, 7, 8, 12, 13, 14], 119/1600, 147233/156800, 181/182, 19⟩,
    ⟨[13], [0, 1, 2, 3, 4, 5, 6, 7, 9, 10, 11, 12], 119/1600, 41611/44800, 181/182, 16⟩,
    ⟨[13], [0, 1, 2, 3, 4, 5, 6, 7, 9, 10, 11, 13], 119/1600, 136033/145600, 181/182, 17⟩,
    ⟨[13], [0, 1, 2, 3, 4, 5, 6, 7, 9, 10, 11, 14], 119/1600, 147233/156800, 181/182, 19⟩,
    ⟨[13], [0, 1, 2, 3, 4, 5, 6, 7, 9, 10, 12, 13], 119/1600, 136033/145600, 181/182, 17⟩,
    ⟨[13], [0, 1, 2, 3, 4, 5, 6, 7, 9, 10, 12, 14], 119/1600, 147233/156800, 181/182, 19⟩,
    ⟨[13], [0, 1, 2, 3, 4, 5, 6, 7, 9, 10, 13, 14], 119/1600, 147233/156800, 181/182, 19⟩,
    ⟨[13], [0, 1, 2, 3, 4, 5, 6, 7, 9, 11, 12, 13], 119/1600, 136033/145600, 181/182, 17⟩,
    ⟨[13], [0, 1, 2, 3, 4, 5, 6, 7, 9, 11, 12, 14], 119/1600, 147233/156800, 181/182, 19⟩,
    ⟨[13], [0, 1, 2, 3, 4, 5, 6, 7, 9, 11, 13, 14], 119/1600, 147233/156800, 181/182, 19⟩,
    ⟨[13], [0, 1, 2, 3, 4, 5, 6, 7, 9, 12, 13, 14], 119/1600, 147233/156800, 181/182, 19⟩,
    ⟨[13], [0, 1, 2, 3, 4, 5, 6, 7, 10, 11, 12, 13], 119/1600, 136033/145600, 181/182, 17⟩,
    ⟨[13], [0, 1, 2, 3, 4, 5, 6, 7, 10, 11, 12, 14], 119/1600, 147233/156800, 181/182, 19⟩,
    ⟨[13], [0, 1, 2, 3, 4, 5, 6, 7, 10, 11, 13, 14], 119/1600, 147233/156800, 181/182, 19⟩,
    ⟨[13], [0, 1, 2, 3, 4, 5, 6, 7, 10, 12, 13, 14], 119/1600, 147233/156800, 181/182, 19⟩,
    ⟨[13], [0, 1, 2, 3, 4, 5, 6, 7, 11, 12, 13, 14], 119/1600, 147233/156800, 181/182, 19⟩,
    ⟨[13], [0, 1, 2, 3, 4, 5, 6, 8, 9, 10, 11, 12], 119/1600, 41611/44800, 181/182, 16⟩,
    ⟨[13], [0, 1, 2, 3, 4, 5, 6, 8, 9, 10, 11, 13], 119/1600, 136033/145600, 181/182, 17⟩,
    ⟨[13], [0, 1, 2, 3, 4, 5, 6, 8, 9, 10, 11, 14], 119/1600, 147233/156800, 181/182, 19⟩,
    ⟨[13], [0, 1, 2, 3, 4, 5, 6, 8, 9, 10, 12, 13], 119/1600, 136033/145600, 181/182, 17⟩,
    ⟨[13], [0, 1, 2, 3, 4, 5, 6, 8, 9, 10, 12, 14], 119/1600, 147233/156800, 181/182, 19⟩,
    ⟨[13], [0, 1, 2, 3, 4, 5, 6, 8, 9, 10, 13, 14], 119/1600, 147233/156800, 181/182, 19⟩,
    ⟨[13], [0, 1, 2, 3, 4, 5, 6, 8, 9, 11, 12, 13], 119/1600, 136033/145600, 181/182, 17⟩,
    ⟨[13], [0, 1, 2, 3, 4, 5, 6, 8, 9, 11, 12, 14], 119/1600, 147233/156800, 181/182, 19⟩,
    ⟨[13], [0, 1, 2, 3, 4, 5, 6, 8, 9, 11, 13, 14], 119/1600, 147233/156800, 181/182, 19⟩,
    ⟨[13], [0, 1, 2, 3, 4, 5, 6, 8, 9, 12, 13, 14], 119/1600, 147233/156800, 181/182, 19⟩,
    ⟨[13], [0, 1, 2, 3, 4, 5, 6, 8, 10, 11, 12, 13], 119/1600, 136033/145600, 181/182, 17⟩,
    ⟨[13], [0, 1, 2, 3, 4, 5, 6, 8, 10, 11, 12, 14], 119/1600, 147233/156800, 181/182, 19⟩,
    ⟨[13], [0, 1, 2, 3, 4, 5, 6, 8, 10, 11, 13, 14], 119/1600, 147233/156800, 181/182, 19⟩,
    ⟨[13], [0, 1, 2, 3, 4, 5, 6, 8, 10, 12, 13, 14], 119/1600, 147233/156800, 181/182, 19⟩,
    ⟨[13], [0, 1, 2, 3, 4, 5, 6, 8, 11, 12, 13, 14], 119/1600, 147233/156800, 181/182, 19⟩,
    ⟨[13], [0, 1, 2, 3, 4, 5, 6, 9, 10, 11, 12, 13], 119/1600, 136033/145600, 181/182, 17⟩,
    ⟨[13], [0, 1, 2, 3, 4, 5, 6, 9, 10, 11, 12, 14], 119/1600, 147233/156800, 181/182, 19⟩,
    ⟨[13], [0, 1, 2, 3, 4, 5, 6, 9, 10, 11, 13, 14], 119/1600, 147233/156800, 181/182, 19⟩,
    ⟨[13], [0, 1, 2, 3, 4, 5, 6, 9, 10, 12, 13, 14], 119/1600, 147233/156800, 181/182, 19⟩,
    ⟨[13], [0, 1, 2, 3, 4, 5, 6, 9, 11, 12, 13, 14], 119/1600, 147233/156800, 181/182, 19⟩,
    ⟨[13], [0, 1, 2, 3, 4, 5, 6, 10, 11, 12, 13, 14], 119/1600, 147233/156800, 181/182, 19⟩,
    ⟨[13], [0, 1, 2, 3, 4, 5, 7, 8, 9, 10, 11, 12], 119/1600, 41611/44800, 181/182, 16⟩,
    ⟨[13], [0, 1, 2, 3, 4, 5, 7, 8, 9, 10, 11, 13], 119/1600, 136033/145600, 181/182, 17⟩,
    ⟨[13], [0, 1, 2, 3, 4, 5, 7, 8, 9, 10, 11, 14], 119/1600, 147233/156800, 181/182, 19⟩,
    ⟨[13], [0, 1, 2, 3, 4, 5, 7, 8, 9, 10, 12, 13], 119/1600, 136033/145600, 181/182, 17⟩,
    ⟨[13], [0, 1, 2, 3, 4, 5, 7, 8, 9, 10, 12, 14], 119/1600, 147233/156800, 181/182, 19⟩,
    ⟨[13], [0, 1, 2, 3, 4, 5, 7, 8, 9, 10, 13, 14], 119/1600, 147233/156800, 181/182, 19⟩,
    ⟨[13], [0, 1, 2, 3, 4, 5, 7, 8, 9, 11, 12, 13], 119/1600, 136033/145600, 181/182, 17⟩,
    ⟨[13], [0, 1, 2, 3, 4, 5, 7, 8, 9, 11, 12, 14], 119/1600, 147233/156800, 181/182, 19⟩,
    ⟨[13], [0, 1, 2, 3, 4, 5, 7, 8, 9, 11, 13, 14], 119/1600, 147233/156800, 181/182, 19⟩,
    ⟨[13], [0, 1, 2, 3, 4, 5, 7, 8, 9, 12, 13, 14], 119/1600, 147233/156800, 181/182, 19⟩,
    ⟨[13], [0, 1, 2, 3, 4, 5, 7, 8, 10, 11, 12, 13], 119/1600, 136033/145600, 181/182, 17⟩,
    ⟨[13], [0, 1, 2, 3, 4, 5, 7, 8, 10, 11, 12, 14], 119/1600, 147233/156800, 181/182, 19⟩,
    ⟨[13], [0, 1, 2, 3, 4, 5, 7, 8, 10, 11, 13, 14], 119/1600, 147233/156800, 181/182, 19⟩,
    ⟨[13], [0, 1, 2, 3, 4, 5, 7, 8, 10, 12, 13, 14], 119/1600, 147233/156800, 181/182, 19⟩,
    ⟨[13], [0, 1, 2, 3, 4, 5, 7, 8, 11, 12, 13, 14], 119/1600, 147233/156800, 181/182, 19⟩,
    ⟨[13], [0, 1, 2, 3, 4, 5, 7, 9, 10, 11, 12, 13], 119/1600, 136033/145600, 181/182, 17⟩,
    ⟨[13], [0, 1, 2, 3, 4, 5, 7, 9, 10, 11, 12, 14], 119/1600, 147233/156800, 181/182, 19⟩,
    ⟨[13], [0, 1, 2, 3, 4, 5, 7, 9, 10, 11, 13, 14], 119/1600, 147233/156800, 181/182, 19⟩,
    ⟨[13], [0, 1, 2, 3, 4, 5, 7, 9, 10, 12, 13, 14], 119/1600, 147233/156800, 181/182, 19⟩,
    ⟨[13], [0, 1, 2, 3, 4, 5, 7, 9, 11, 12, 13, 14], 119/1600, 147233/156800, 181/182, 19⟩,
    ⟨[13], [0, 1, 2, 3, 4, 5, 7, 10, 11, 12, 13, 14], 119/1600, 147233/156800, 181/182, 19⟩,
    ⟨[13], [0, 1, 2, 3, 4, 5, 8, 9, 10, 11, 12, 13], 119/1600, 136033/145600, 181/182, 17⟩,
    ⟨[13], [0, 1, 2, 3, 4, 5, 8, 9, 10, 11, 12, 14], 119/1600, 147233/156800, 181/182, 19⟩,
    ⟨[13], [0, 1, 2, 3, 4, 5, 8, 9, 10, 11, 13, 14], 119/1600, 147233/156800, 181/182, 19⟩,
    ⟨[13], [0, 1, 2, 3, 4, 5, 8, 9, 10, 12, 13, 14], 119/1600, 147233/156800, 181/182, 19⟩,
    ⟨[13], [0, 1, 2, 3, 4, 5, 8, 9, 11, 12, 13, 14], 119/1600, 147233/156800, 181/182, 19⟩,
    ⟨[13], [0, 1, 2, 3, 4, 5, 8, 10, 11, 12, 13, 14], 119/1600, 147233/156800, 181/182, 19⟩,
    ⟨[13], [0, 1, 2, 3, 4, 5, 9, 10, 11, 12, 13, 14], 119/1600, 147233/156800, 181/182, 19⟩,
    ⟨[13], [0, 1, 2, 3, 4, 6, 7, 8, 9, 10, 11, 12], 119/1600, 41611/44800, 181/182, 16⟩,
    ⟨[13], [0, 1, 2, 3, 4, 6, 7, 8, 9, 10, 11, 13], 119/1600, 136033/145600, 181/182, 17⟩,
    ⟨[13], [0, 1, 2, 3, 4, 6, 7, 8, 9, 10, 11, 14], 119/1600, 147233/156800, 181/182, 19⟩,
    ⟨[13], [0, 1, 2, 3, 4, 6, 7, 8, 9, 10, 12, 13], 119/1600, 136033/145600, 181/182, 17⟩,
    ⟨[13], [0, 1, 2, 3, 4, 6, 7, 8, 9, 10, 12, 14], 119/1600, 147233/156800, 181/182, 19⟩,
    ⟨[13], [0, 1, 2, 3, 4, 6, 7, 8, 9, 10, 13, 14], 119/1600, 147233/156800, 181/182, 19⟩,
    ⟨[13], [0, 1, 2, 3, 4, 6, 7, 8, 9, 11, 12, 13], 119/1600, 136033/145600, 181/182, 17⟩,
    ⟨[13], [0, 1, 2, 3, 4, 6, 7, 8, 9, 11, 12, 14], 119/1600, 147233/156800, 181/182, 19⟩,
    ⟨[13], [0, 1, 2, 3, 4, 6, 7, 8, 9, 11, 13, 14], 119/1600, 147233/156800, 181/182, 19⟩,
    ⟨[13], [0, 1, 2, 3, 4, 6, 7, 8, 9, 12, 13, 14], 119/1600, 147233/156800, 181/182, 19⟩,
    ⟨[13], [0, 1, 2, 3, 4, 6, 7, 8, 10, 11, 12, 13], 119/1600, 136033/145600, 181/182, 17⟩,
    ⟨[13], [0, 1, 2, 3, 4, 6, 7, 8, 10, 11, 12, 14], 119/1600, 147233/156800, 181/182, 19⟩,
    ⟨[13], [0, 1, 2, 3, 4, 6, 7, 8, 10, 11, 13, 14], 119/1600, 147233/156800, 181/182, 19⟩,
    ⟨[13], [0, 1, 2, 3, 4, 6, 7, 8, 10, 12, 13, 14], 119/1600, 147233/156800, 181/182, 19⟩,
    ⟨[13], [0, 1, 2, 3, 4, 6, 7, 8, 11, 12, 13, 14], 119/1600, 147233/156800, 181/182, 19⟩,
    ⟨[13], [0, 1, 2, 3, 4, 6, 7, 9, 10, 11, 12, 13], 119/1600, 136033/145600, 181/182, 17⟩,
    ⟨[13], [0, 1, 2, 3, 4, 6, 7, 9, 10, 11, 12, 14], 119/1600, 147233/156800, 181/182, 19⟩,
    ⟨[13], [0, 1, 2, 3, 4, 6, 7, 9, 10, 11, 13, 14], 119/1600, 147233/156800, 181/182, 19⟩,
    ⟨[13], [0, 1, 2, 3, 4, 6, 7, 9, 10, 12, 13, 14], 119/1600, 147233/156800, 181/182, 19⟩,
    ⟨[13], [0, 1, 2, 3, 4, 6, 7, 9, 11, 12, 13, 14], 119/1600, 147233/156800, 181/182, 19⟩,
    ⟨[13], [0, 1, 2, 3, 4, 6, 7, 10, 11, 12, 13, 14], 119/1600, 147233/156800, 181/182, 19⟩,
    ⟨[13], [0, 1, 2, 3, 4, 6, 8, 9, 10, 11, 12, 13], 119/1600, 136033/145600, 181/182, 17⟩,
    ⟨[13], [0, 1, 2, 3, 4, 6, 8, 9, 10, 11, 12, 14], 119/1600, 147233/156800, 181/182, 19⟩,
    ⟨[13], [0, 1, 2, 3, 4, 6, 8, 9, 10, 11, 13, 14], 119/1600, 147233/156800, 181/182, 19⟩,
    ⟨[13], [0, 1, 2, 3, 4, 6, 8, 9, 10, 12, 13, 14], 119/1600, 147233/156800, 181/182, 19⟩,
    ⟨[13], [0, 1, 2, 3, 4, 6, 8, 9, 11, 12, 13, 14], 119/1600, 147233/156800, 181/182, 19⟩,
    ⟨[13], [0, 1, 2, 3, 4, 6, 8, 10, 11, 12, 13, 14], 119/1600, 147233/156800, 181/182, 19⟩,
    ⟨[13], [0, 1, 2, 3, 4, 6, 9, 10, 11, 12, 13, 14], 119/1600, 147233/156800, 181/182, 19⟩,
    ⟨[13], [0, 1, 2, 3, 4, 7, 8, 9, 10, 11, 12, 13], 119/1600, 136033/145600, 181/182, 17⟩,
    ⟨[13], [0, 1, 2, 3, 4, 7, 8, 9, 10, 11, 12, 14], 119/1600, 147233/156800, 181/182, 19⟩,
    ⟨[13], [0, 1, 2, 3, 4, 7, 8, 9, 10, 11, 13, 14], 119/1600, 147233/156800, 181/182, 19⟩,
    ⟨[13], [0, 1, 2, 3, 4, 7, 8, 9, 10, 12, 13, 14], 119/1600, 147233/156800, 181/182, 19⟩,
    ⟨[13], [0, 1, 2, 3, 4, 7, 8, 9, 11, 12, 13, 14], 119/1600, 147233/156800, 181/182, 19⟩,
    ⟨[13], [0, 1, 2, 3, 4, 7, 8, 10, 11, 12, 13, 14], 119/1600, 147233/156800, 181/182, 19⟩,
    ⟨[13], [0, 1, 2, 3, 4, 7, 9, 10, 11, 12, 13, 14], 119/1600, 147233/156800, 181/182, 19⟩,
    ⟨[13], [0, 1, 2, 3, 4, 8, 9, 10, 11, 12, 13, 14], 119/1600, 147233/156800, 181/182, 19⟩,
    ⟨[13], [0, 1, 2, 3, 5, 6, 7, 8, 9, 10, 11, 12], 119/1600, 41611/44800, 181/182, 16⟩,
    ⟨[13], [0, 1, 2, 3, 5, 6, 7, 8, 9, 10, 11, 13], 119/1600, 136033/145600, 181/182, 17⟩,
    ⟨[13], [0, 1, 2, 3, 5, 6, 7, 8, 9, 10, 11, 14], 119/1600, 147233/156800, 181/182, 19⟩,
    ⟨[13], [0, 1, 2, 3, 5, 6, 7, 8, 9, 10, 12, 13], 119/1600, 136033/145600, 181/182, 17⟩,
    ⟨[13], [0, 1, 2, 3, 5, 6, 7, 8, 9, 10, 12, 14], 119/1600, 147233/156800, 181/182, 19⟩,
    ⟨[13], [0, 1, 2, 3, 5, 6, 7, 8, 9, 10, 13, 14], 119/1600, 147233/156800, 181/182, 19⟩,
    ⟨[13], [0, 1, 2, 3, 5, 6, 7, 8, 9, 11, 12, 13], 119/1600, 136033/145600, 181/182, 17⟩,
    ⟨[13], [0, 1, 2, 3, 5, 6, 7, 8, 9, 11, 12, 14], 119/1600, 147233/156800, 181/182, 19⟩,
    ⟨[13], [0, 1, 2, 3, 5, 6, 7, 8, 9, 11, 13, 14], 119/1600, 147233/156800, 181/182, 19⟩,
    ⟨[13], [0, 1, 2, 3, 5, 6, 7, 8, 9, 12, 13, 14], 119/1600, 147233/156800, 181/182, 19⟩,
    ⟨[13], [0, 1, 2, 3, 5, 6, 7, 8, 10, 11, 12, 13], 119/1600, 136033/145600, 181/182, 17⟩,
    ⟨[13], [0, 1, 2, 3, 5, 6, 7, 8, 10, 11, 12, 14], 119/1600, 147233/156800, 181/182, 19⟩,
    ⟨[13], [0, 1, 2, 3, 5, 6, 7, 8, 10, 11, 13, 14], 119/1600, 147233/156800, 181/182, 19⟩,
    ⟨[13], [0, 1, 2, 3, 5, 6, 7, 8, 10, 12, 13, 14], 119/1600, 147233/156800, 181/182, 19⟩,
    ⟨[13], [0, 1, 2, 3, 5, 6, 7, 8, 11, 12, 13, 14], 119/1600, 147233/156800, 181/182, 19⟩,
    ⟨[13], [0, 1, 2, 3, 5, 6, 7, 9, 10, 11, 12, 13], 119/1600, 136033/145600, 181/182, 17⟩,
    ⟨[13], [0, 1, 2, 3, 5, 6, 7, 9, 10, 11, 12, 14], 119/1600, 147233/156800, 181/182, 19⟩,
    ⟨[13], [0, 1, 2, 3, 5, 6, 7, 9, 10, 11, 13, 14], 119/1600, 147233/156800, 181/182, 19⟩,
    ⟨[13], [0, 1, 2, 3, 5, 6, 7, 9, 10, 12, 13, 14], 119/1600, 147233/156800, 181/182, 19⟩,
    ⟨[13], [0, 1, 2, 3, 5, 6, 7, 9, 11, 12, 13, 14], 119/1600, 147233/156800, 181/182, 19⟩,
    ⟨[13], [0, 1, 2, 3, 5, 6, 7, 10, 11, 12, 13, 14], 119/1600, 147233/156800, 181/182, 19⟩,
    ⟨[13], [0, 1, 2, 3, 5, 6, 8, 9, 10, 11, 12, 13], 119/1600, 136033/145600, 181/182, 17⟩,
    ⟨[13], [0, 1, 2, 3, 5, 6, 8, 9, 10, 11, 12, 14], 119/1600, 147233/156800, 181/182, 19⟩,
    ⟨[13], [0, 1, 2, 3, 5, 6, 8, 9, 10, 11, 13, 14], 119/1600, 147233/156800, 181/182, 19⟩,
    ⟨[13], [0, 1, 2, 3, 5, 6, 8, 9, 10, 12, 13, 14], 119/1600, 147233/156800, 181/182, 19⟩,
    ⟨[13], [0, 1, 2, 3, 5, 6, 8, 9, 11, 12, 13, 14], 119/1600, 147233/156800, 181/182, 19⟩,
    ⟨[13], [0, 1, 2, 3, 5, 6, 8, 10, 11, 12, 13, 14], 119/1600, 147233/156800, 181/182, 19⟩,
    ⟨[13], [0, 1, 2, 3, 5, 6, 9, 10, 11, 12, 13, 14], 119/1600, 147233/156800, 181/182, 19⟩,
    ⟨[13], [0, 1, 2, 3, 5, 7, 8, 9, 10, 11, 12, 13], 119/1600, 136033/145600, 181/182, 17⟩,
    ⟨[13], [0, 1, 2, 3, 5, 7, 8, 9, 10, 11, 12, 14], 119/1600, 147233/156800, 181/182, 19⟩,
    ⟨[13], [0, 1, 2, 3, 5, 7, 8, 9, 10, 11, 13, 14], 119/1600, 147233/156800, 181/182, 19⟩,
    ⟨[13], [0, 1, 2, 3, 5, 7, 8, 9, 10, 12, 13, 14], 119/1600, 147233/156800, 181/182, 19⟩,
    ⟨[13], [0, 1, 2, 3, 5, 7, 8, 9, 11, 12, 13, 14], 119/1600, 147233/156800, 181/182, 19⟩,
    ⟨[13], [0, 1, 2, 3, 5, 7, 8, 10, 11, 12, 13, 14], 119/1600, 147233/156800, 181/182, 19⟩,
    ⟨[13], [0, 1, 2, 3, 5, 7, 9, 10, 11, 12, 13, 14], 119/1600, 147233/156800, 181/182, 19⟩,
    ⟨[13], [0, 1, 2, 3, 5, 8, 9, 10, 11, 12, 13, 14], 119/1600, 147233/156800, 181/182, 19⟩,
    ⟨[13], [0, 1, 2, 3, 6, 7, 8, 9, 10, 11, 12, 13], 119/1600, 136033/145600, 181/182, 17⟩,
    ⟨[13], [0, 1, 2, 3, 6, 7, 8, 9, 10, 11, 12, 14], 119/1600, 147233/156800, 181/182, 19⟩,
    ⟨[13], [0, 1, 2, 3, 6, 7, 8, 9, 10, 11, 13, 14], 119/1600, 147233/156800, 181/182, 19⟩,
    ⟨[13], [0, 1, 2, 3, 6, 7, 8, 9, 10, 12, 13, 14], 119/1600, 147233/156800, 181/182, 19⟩,
    ⟨[13], [0, 1, 2, 3, 6, 7, 8, 9, 11, 12, 13, 14], 119/1600, 147233/156800, 181/182, 19⟩,
    ⟨[13], [0, 1, 2, 3, 6, 7, 8, 10, 11, 12, 13, 14], 119/1600, 147233/156800, 181/182, 19⟩,
    ⟨[13], [0, 1, 2, 3, 6, 7, 9, 10, 11, 12, 13, 14], 119/1600, 147233/156800, 181/182, 19⟩,
    ⟨[13], [0, 1, 2, 3, 6, 8, 9, 10, 11, 12, 13, 14], 119/1600, 147233/156800, 181/182, 19⟩,
    ⟨[13], [0, 1, 2, 3, 7, 8, 9, 10, 11, 12, 13, 14], 119/1600, 147233/156800, 181/182, 19⟩,
    ⟨[13], [0, 1, 2, 4, 5, 6, 7, 8, 9, 10, 11, 12], 119/1600, 41611/44800, 181/182, 16⟩,
    ⟨[13], [0, 1, 2, 4, 5, 6, 7, 8, 9, 10, 11, 13], 119/1600, 136033/145600, 181/182, 17⟩,
    ⟨[13], [0, 1, 2, 4, 5, 6, 7, 8, 9, 10, 11, 14], 119/1600, 147233/156800, 181/182, 19⟩,
    ⟨[13], [0, 1, 2, 4, 5, 6, 7, 8, 9, 10, 12, 13], 119/1600, 136033/145600, 181/182, 17⟩,
    ⟨[13], [0, 1, 2, 4, 5, 6, 7, 8, 9, 10, 12, 14], 119/1600, 147233/156800, 181/182, 19⟩,
    ⟨[13], [0, 1, 2, 4, 5, 6, 7, 8, 9, 10, 13, 14], 119/1600, 147233/156800, 181/182, 19⟩,
    ⟨[13], [0, 1, 2, 4, 5, 6, 7, 8, 9, 11, 12, 13], 119/1600, 136033/145600, 181/182, 17⟩,
    ⟨[13], [0, 1, 2, 4, 5, 6, 7, 8, 9, 11, 12, 14], 119/1600, 147233/156800, 181/182, 19⟩,
    ⟨[13], [0, 1, 2, 4, 5, 6, 7, 8, 9, 11, 13, 14], 119/1600, 147233/156800, 181/182, 19⟩,
    ⟨[13], [0, 1, 2, 4, 5, 6, 7, 8, 9, 12, 13, 14], 119/1600, 147233/156800, 181/182, 19⟩,
    ⟨[13], [0, 1, 2, 4, 5, 6, 7, 8, 10, 11, 12, 13], 119/1600, 136033/145600, 181/182, 17⟩,
    ⟨[13], [0, 1, 2, 4, 5, 6, 7, 8, 10, 11, 12, 14], 119/1600, 147233/156800, 181/182, 19⟩,
    ⟨[13], [0, 1, 2, 4, 5, 6, 7, 8, 10, 11, 13, 14], 119/1600, 147233/156800, 181/182, 19⟩,
    ⟨[13], [0, 1, 2, 4, 5, 6, 7, 8, 10, 12, 13, 14], 119/1600, 147233/156800, 181/182, 19⟩,
    ⟨[13], [0, 1, 2, 4, 5, 6, 7, 8, 11, 12, 13, 14], 119/1600, 147233/156800, 181/182, 19⟩,
    ⟨[13], [0, 1, 2, 4, 5, 6, 7, 9, 10, 11, 12, 13], 119/1600, 136033/145600, 181/182, 17⟩,
    ⟨[13], [0, 1, 2, 4, 5, 6, 7, 9, 10, 11, 12, 14], 119/1600, 147233/156800, 181/182, 19⟩,
    ⟨[13], [0, 1, 2, 4, 5, 6, 7, 9, 10, 11, 13, 14], 119/1600, 147233/156800, 181/182, 19⟩,
    ⟨[13], [0, 1, 2, 4, 5, 6, 7, 9, 10, 12, 13, 14], 119/1600, 147233/156800, 181/182, 19⟩,
    ⟨[13], [0, 1, 2, 4, 5, 6, 7, 9, 11, 12, 13, 14], 119/1600, 147233/156800, 181/182, 19⟩,
    ⟨[13], [0, 1, 2, 4, 5, 6, 7, 10, 11, 12, 13, 14], 119/1600, 147233/156800, 181/182, 19⟩,
    ⟨[13], [0, 1, 2, 4, 5, 6, 8, 9, 10, 11, 12, 13], 119/1600, 136033/145600, 181/182, 17⟩,
    ⟨[13], [0, 1, 2, 4, 5, 6, 8, 9, 10, 11, 12, 14], 119/1600, 147233/156800, 181/182, 19⟩,
    ⟨[13], [0, 1, 2, 4, 5, 6, 8, 9, 10, 11, 13, 14], 119/1600, 147233/156800, 181/182, 19⟩,
    ⟨[13], [0, 1, 2, 4, 5, 6, 8, 9, 10, 12, 13, 14], 119/1600, 147233/156800, 181/182, 19⟩,
    ⟨[13], [0, 1, 2, 4, 5, 6, 8, 9, 11, 12, 13, 14], 119/1600, 147233/156800, 181/182, 19⟩,
    ⟨[13], [0, 1, 2, 4, 5, 6, 8, 10, 11, 12, 13, 14], 119/1600, 147233/156800, 181/182, 19⟩,
    ⟨[13], [0, 1, 2, 4, 5, 6, 9, 10, 11, 12, 13, 14], 119/1600, 147233/156800, 181/182, 19⟩,
    ⟨[13], [0, 1, 2, 4, 5, 7, 8, 9, 10, 11, 12, 13], 119/1600, 136033/145600, 181/182, 17⟩,
    ⟨[13], [0, 1, 2, 4, 5, 7, 8, 9, 10, 11, 12, 14], 119/1600, 147233/156800, 181/182, 19⟩,
    ⟨[13], [0, 1, 2, 4, 5, 7, 8, 9, 10, 11, 13, 14], 119/1600, 147233/156800, 181/182, 19⟩,
    ⟨[13], [0, 1, 2, 4, 5, 7, 8, 9, 10, 12, 13, 14], 119/1600, 147233/156800, 181/182, 19⟩,
    ⟨[13], [0, 1, 2, 4, 5, 7, 8, 9, 11, 12, 13, 14], 119/1600, 147233/156800, 181/182, 19⟩,
    ⟨[13], [0, 1, 2, 4, 5, 7, 8, 10, 11, 12, 13, 14], 119/1600, 147233/156800, 181/182, 19⟩,
    ⟨[13], [0, 1, 2, 4, 5, 7, 9, 10, 11, 12, 13, 14], 119/1600, 147233/156800, 181/182, 19⟩,
    ⟨[13], [0, 1, 2, 4, 5, 8, 9, 10, 11, 12, 13, 14], 119/1600, 147233/156800, 181/182, 19⟩,
    ⟨[13], [0, 1, 2, 4, 6, 7, 8, 9, 10, 11, 12, 13], 119/1600, 136033/145600, 181/182, 17⟩,
    ⟨[13], [0, 1, 2, 4, 6, 7, 8, 9, 10, 11, 12, 14], 119/1600, 147233/156800, 181/182, 19⟩,
    ⟨[13], [0, 1, 2, 4, 6, 7, 8, 9, 10, 11, 13, 14], 119/1600, 147233/156800, 181/182, 19⟩,
    ⟨[13], [0, 1, 2, 4, 6, 7, 8, 9, 10, 12, 13, 14], 119/1600, 147233/156800, 181/182, 19⟩,
    ⟨[13], [0, 1, 2, 4, 6, 7, 8, 9, 11, 12, 13, 14], 119/1600, 147233/156800, 181/182, 19⟩,
    ⟨[13], [0, 1, 2, 4, 6, 7, 8, 10, 11, 12, 13, 14], 119/1600, 147233/156800, 181/182, 19⟩,
    ⟨[13], [0, 1, 2, 4, 6, 7, 9, 10, 11, 12, 13, 14], 119/1600, 147233/156800, 181/182, 19⟩,
    ⟨[13], [0, 1, 2, 4, 6, 8, 9, 10, 11, 12, 13, 14], 119/1600, 147233/156800, 181/182, 19⟩,
    ⟨[13], [0, 1, 2, 4, 7, 8, 9, 10, 11, 12, 13, 14], 119/1600, 147233/156800, 181/182, 19⟩,
    ⟨[13], [0, 1, 2, 5, 6, 7, 8, 9, 10, 11, 12, 13], 119/1600, 136033/145600, 181/182, 17⟩,
    ⟨[13], [0, 1, 2, 5, 6, 7, 8, 9, 10, 11, 12, 14], 119/1600, 147233/156800, 181/182, 19⟩,
    ⟨[13], [0, 1, 2, 5, 6, 7, 8, 9, 10, 11, 13, 14], 119/1600, 147233/156800, 181/182, 19⟩,
    ⟨[13], [0, 1, 2, 5, 6, 7, 8, 9, 10, 12, 13, 14], 119/1600, 147233/156800, 181/182, 19⟩,
    ⟨[13], [0, 1, 2, 5, 6, 7, 8, 9, 11, 12, 13, 14], 119/1600, 147233/156800, 181/182, 19⟩,
    ⟨[13], [0, 1, 2, 5, 6, 7, 8, 10, 11, 12, 13, 14], 119/1600, 147233/156800, 181/182, 19⟩,
    ⟨[13], [0, 1, 2, 5, 6, 7, 9, 10, 11, 12, 13, 14], 119/1600, 147233/156800, 181/182, 19⟩,
    ⟨[13], [0, 1, 2, 5, 6, 8, 9, 10, 11, 12, 13, 14], 119/1600, 147233/156800, 181/182, 19⟩,
    ⟨[13], [0, 1, 2, 5, 7, 8, 9, 10, 11, 12, 13, 14], 119/1600, 147233/156800, 181/182, 19⟩,
    ⟨[13], [0, 1, 2, 6, 7, 8, 9, 10, 11, 12, 13, 14], 119/1600, 147233/156800, 181/182, 19⟩,
    ⟨[13], [0, 1, 3, 4, 5, 6, 7, 8, 9, 10, 11, 12], 119/1600, 41611/44800, 181/182, 16⟩,
    ⟨[13], [0, 1, 3, 4, 5, 6, 7, 8, 9, 10, 11, 13], 119/1600, 136033/145600, 181/182, 17⟩,
    ⟨[13], [0, 1, 3, 4, 5, 6, 7, 8, 9, 10, 11, 14], 119/1600, 147233/156800, 181/182, 19⟩,
    ⟨[13], [0, 1, 3, 4, 5, 6, 7, 8, 9, 10, 12, 13], 119/1600, 136033/145600, 181/182, 17⟩,
    ⟨[13], [0, 1, 3, 4, 5, 6, 7, 8, 9, 10, 12, 14], 119/1600, 147233/156800, 181/182, 19⟩,
    ⟨[13], [0, 1, 3, 4, 5, 6, 7, 8, 9, 10, 13, 14], 119/1600, 147233/156800, 181/182, 19⟩,
    ⟨[13], [0, 1, 3, 4, 5, 6, 7, 8, 9, 11, 12, 13], 119/1600, 136033/145600, 181/182, 17⟩,
    ⟨[13], [0, 1, 3, 4, 5, 6, 7, 8, 9, 11, 12, 14], 119/1600, 147233/156800, 181/182, 19⟩,
    ⟨[13], [0, 1, 3, 4, 5, 6, 7, 8, 9, 11, 13, 14], 119/1600, 147233/156800, 181/182, 19⟩,
    ⟨[13], [0, 1, 3, 4, 5, 6, 7, 8, 9, 12, 13, 14], 119/1600, 147233/156800, 181/182, 19⟩,
    ⟨[13], [0, 1, 3, 4, 5, 6, 7, 8, 10, 11, 12, 13], 119/1600, 136033/145600, 181/182, 17⟩,
    ⟨[13], [0, 1, 3, 4, 5, 6, 7, 8, 10, 11, 12, 14], 119/1600, 147233/156800, 181/182, 19⟩,
    ⟨[13], [0, 1, 3, 4, 5, 6, 7, 8, 10, 11, 13, 14], 119/1600, 147233/156800, 181/182, 19⟩,
    ⟨[13], [0, 1, 3, 4, 5, 6, 7, 8, 10, 12, 13, 14], 119/1600, 147233/156800, 181/182, 19⟩,
    ⟨[13], [0, 1, 3, 4, 5, 6, 7, 8, 11, 12, 13, 14], 119/1600, 147233/156800, 181/182, 19⟩,
    ⟨[13], [0, 1, 3, 4, 5, 6, 7, 9, 10, 11, 12, 13], 119/1600, 136033/145600, 181/182, 17⟩,
    ⟨[13], [0, 1, 3, 4, 5, 6, 7, 9, 10, 11, 12, 14], 119/1600, 147233/156800, 181/182, 19⟩,
    ⟨[13], [0, 1, 3, 4, 5, 6, 7, 9, 10, 11, 13, 14], 119/1600, 147233/156800, 181/182, 19⟩,
    ⟨[13], [0, 1, 3, 4, 5, 6, 7, 9, 10, 12, 13, 14], 119/1600, 147233/156800, 181/182, 19⟩,
    ⟨[13], [0, 1, 3, 4, 5, 6, 7, 9, 11, 12, 13, 14], 119/1600, 147233/156800, 181/182, 19⟩,
    ⟨[13], [0, 1, 3, 4, 5, 6, 7, 10, 11, 12, 13, 14], 119/1600, 147233/156800, 181/182, 19⟩,
    ⟨[13], [0, 1, 3, 4, 5, 6, 8, 9, 10, 11, 12, 13], 119/1600, 136033/145600, 181/182, 17⟩,
    ⟨[13], [0, 1, 3, 4, 5, 6, 8, 9, 10, 11, 12, 14], 119/1600, 147233/156800, 181/182, 19⟩,
    ⟨[13], [0, 1, 3, 4, 5, 6, 8, 9, 10, 11, 13, 14], 119/1600, 147233/156800, 181/182, 19⟩,
    ⟨[13], [0, 1, 3, 4, 5, 6, 8, 9, 10, 12, 13, 14], 119/1600, 147233/156800, 181/182, 19⟩,
    ⟨[13], [0, 1, 3, 4, 5, 6, 8, 9, 11, 12, 13, 14], 119/1600, 147233/156800, 181/182, 19⟩,
    ⟨[13], [0, 1, 3, 4, 5, 6, 8, 10, 11, 12, 13, 14], 119/1600, 147233/156800, 181/182, 19⟩,
    ⟨[13], [0, 1, 3, 4, 5, 6, 9, 10, 11, 12, 13, 14], 119/1600, 147233/156800, 181/182, 19⟩,
    ⟨[13], [0, 1, 3, 4, 5, 7, 8, 9, 10, 11, 12, 13], 119/1600, 136033/145600, 181/182, 17⟩,
    ⟨[13], [0, 1, 3, 4, 5, 7, 8, 9, 10, 11, 12, 14], 119/1600, 147233/156800, 181/182, 19⟩,
    ⟨[13], [0, 1, 3, 4, 5, 7, 8, 9, 10, 11, 13, 14], 119/1600, 147233/156800, 181/182, 19⟩,
    ⟨[13], [0, 1, 3, 4, 5, 7, 8, 9, 10, 12, 13, 14], 119/1600, 147233/156800, 181/182, 19⟩,
    ⟨[13], [0, 1, 3, 4, 5, 7, 8, 9, 11, 12, 13, 14], 119/1600, 147233/156800, 181/182, 19⟩,
    ⟨[13], [0, 1, 3, 4, 5, 7, 8, 10, 11, 12, 13, 14], 119/1600, 147233/156800, 181/182, 19⟩,
    ⟨[13], [0, 1, 3, 4, 5, 7, 9, 10, 11, 12, 13, 14], 119/1600, 147233/156800, 181/182, 19⟩,
    ⟨[13], [0, 1, 3, 4, 5, 8, 9, 10, 11, 12, 13, 14], 119/1600, 147233/156800, 181/182, 19⟩,
    ⟨[13], [0, 1, 3, 4, 6, 7, 8, 9, 10, 11, 12, 13], 119/1600, 136033/145600, 181/182, 17⟩,
    ⟨[13], [0, 1, 3, 4, 6, 7, 8, 9, 10, 11, 12, 14], 119/1600, 147233/156800, 181/182, 19⟩,
    ⟨[13], [0, 1, 3, 4, 6, 7, 8, 9, 10, 11, 13, 14], 119/1600, 147233/156800, 181/182, 19⟩,
    ⟨[13], [0, 1, 3, 4, 6, 7, 8, 9, 10, 12, 13, 14], 119/1600, 147233/156800, 181/182, 19⟩,
    ⟨[13], [0, 1, 3, 4, 6, 7, 8, 9, 11, 12, 13, 14], 119/1600, 147233/156800, 181/182, 19⟩,
    ⟨[13], [0, 1, 3, 4, 6, 7, 8, 10, 11, 12, 13, 14], 119/1600, 147233/156800, 181/182, 19⟩,
    ⟨[13], [0, 1, 3, 4, 6, 7, 9, 10, 11, 12, 13, 14], 119/1600, 147233/156800, 181/182, 19⟩,
    ⟨[13], [0, 1, 3, 4, 6, 8, 9, 10, 11, 12, 13, 14], 119/1600, 147233/156800, 181/182, 19⟩,
    ⟨[13], [0, 1, 3, 4, 7, 8, 9, 10, 11, 12, 13, 14], 119/1600, 147233/156800, 181/182, 19⟩,
    ⟨[13], [0, 1, 3, 5, 6, 7, 8, 9, 10, 11, 12, 13], 119/1600, 136033/145600, 181/182, 17⟩,
    ⟨[13], [0, 1, 3, 5, 6, 7, 8, 9, 10, 11, 12, 14], 119/1600, 147233/156800, 181/182, 19⟩,
    ⟨[13], [0, 1, 3, 5, 6, 7, 8, 9, 10, 11, 13, 14], 119/1600, 147233/156800, 181/182, 19⟩,
    ⟨[13], [0, 1, 3, 5, 6, 7, 8, 9, 10, 12, 13, 14], 119/1600, 147233/156800, 181/182, 19⟩,
    ⟨[13], [0, 1, 3, 5, 6, 7, 8, 9, 11, 12, 13, 14], 119/1600, 147233/156800, 181/182, 19⟩,
    ⟨[13], [0, 1, 3, 5, 6, 7, 8, 10, 11, 12, 13, 14], 119/1600, 147233/156800, 181/182, 19⟩,
    ⟨[13], [0, 1, 3, 5, 6, 7, 9, 10, 11, 12, 13, 14], 119/1600, 147233/156800, 181/182, 19⟩,
    ⟨[13], [0, 1, 3, 5, 6, 8, 9, 10, 11, 12, 13, 14], 119/1600, 147233/156800, 181/182, 19⟩,
    ⟨[13], [0, 1, 3, 5, 7, 8, 9, 10, 11, 12, 13, 14], 119/1600, 147233/156800, 181/182, 19⟩,
    ⟨[13], [0, 1, 3, 6, 7, 8, 9, 10, 11, 12, 13, 14], 119/1600, 147233/156800, 181/182, 19⟩,
    ⟨[13], [0, 1, 4, 5, 6, 7, 8, 9, 10, 11, 12, 13], 119/1600, 136033/145600, 181/182, 17⟩,
    ⟨[13], [0, 1, 4, 5, 6, 7, 8, 9, 10, 11, 12, 14], 119/1600, 147233/156800, 181/182, 19⟩,
    ⟨[13], [0, 1, 4, 5, 6, 7, 8, 9, 10, 11, 13, 14], 119/1600, 147233/156800, 181/182, 19⟩,
    ⟨[13], [0, 1, 4, 5, 6, 7, 8, 9, 10, 12, 13, 14], 119/1600, 147233/156800, 181/182, 19⟩,
    ⟨[13], [0, 1, 4, 5, 6, 7, 8, 9, 11, 12, 13, 14], 119/1600, 147233/156800, 181/182, 19⟩,
    ⟨[13], [0, 1, 4, 5, 6, 7, 8, 10, 11, 12, 13, 14], 119/1600, 147233/156800, 181/182, 19⟩,
    ⟨[13], [0, 1, 4, 5, 6, 7, 9, 10, 11, 12, 13, 14], 119/1600, 147233/156800, 181/182, 19⟩,
    ⟨[13], [0, 1, 4, 5, 6, 8, 9, 10, 11, 12, 13, 14], 119/1600, 147233/156800, 181/182, 19⟩,
    ⟨[13], [0, 1, 4, 5, 7, 8, 9, 10, 11, 12, 13, 14], 119/1600, 147233/156800, 181/182, 19⟩,
    ⟨[13], [0, 1, 4, 6, 7, 8, 9, 10, 11, 12, 13, 14], 119/1600, 147233/156800, 181/182, 19⟩,
    ⟨[13], [0, 1, 5, 6, 7, 8, 9, 10, 11, 12, 13, 14], 119/1600, 147233/156800, 181/182, 19⟩,
    ⟨[13], [0, 2, 3, 4, 5, 6, 7, 8, 9, 10, 11, 12], 119/1600, 41611/44800, 181/182, 16⟩,
    ⟨[13], [0, 2, 3, 4, 5, 6, 7, 8, 9, 10, 11, 13], 119/1600, 136033/145600, 181/182, 17⟩,
    ⟨[13], [0, 2, 3, 4, 5, 6, 7, 8, 9, 10, 11, 14], 119/1600, 147233/156800, 181/182, 19⟩,
    ⟨[13], [0, 2, 3, 4, 5, 6, 7, 8, 9, 10, 12, 13], 119/1600, 136033/145600, 181/182, 17⟩,
    ⟨[13], [0, 2, 3, 4, 5, 6, 7, 8, 9, 10, 12, 14], 119/1600, 147233/156800, 181/182, 19⟩,
    ⟨[13], [0, 2, 3, 4, 5, 6, 7, 8, 9, 10, 13, 14], 119/1600, 147233/156800, 181/182, 19⟩,
    ⟨[13], [0, 2, 3, 4, 5, 6, 7, 8, 9, 11, 12, 13], 119/1600, 136033/145600, 181/182, 17⟩,
    ⟨[13], [0, 2, 3, 4, 5, 6, 7, 8, 9, 11, 12, 14], 119/1600, 147233/156800, 181/182, 19⟩,
    ⟨[13], [0, 2, 3, 4, 5, 6, 7, 8, 9, 11, 13, 14], 119/1600, 147233/156800, 181/182, 19⟩,
    ⟨[13], [0, 2, 3, 4, 5, 6, 7, 8, 9, 12, 13, 14], 119/1600, 147233/156800, 181/182, 19⟩,
    ⟨[13], [0, 2, 3, 4, 5, 6, 7, 8, 10, 11, 12, 13], 119/1600, 136033/145600, 181/182, 17⟩,
    ⟨[13], [0, 2, 3, 4, 5, 6, 7, 8, 10, 11, 12, 14], 119/1600, 147233/156800, 181/182, 19⟩,
    ⟨[13], [0, 2, 3, 4, 5, 6, 7, 8, 10, 11, 13, 14], 119/1600, 147233/156800, 181/182, 19⟩,
    ⟨[13], [0, 2, 3, 4, 5, 6, 7, 8, 10, 12, 13, 14], 119/1600, 147233/156800, 181/182, 19⟩,
    ⟨[13], [0, 2, 3, 4, 5, 6, 7, 8, 11, 12, 13, 14], 119/1600, 147233/156800, 181/182, 19⟩,
    ⟨[13], [0, 2, 3, 4, 5, 6, 7, 9, 10, 11, 12, 13], 119/1600, 136033/145600, 181/182, 17⟩,
    ⟨[13], [0, 2, 3, 4, 5, 6, 7, 9, 10, 11, 12, 14], 119/1600, 147233/156800, 181/182, 19⟩,
    ⟨[13], [0, 2, 3, 4, 5, 6, 7, 9, 10, 11, 13, 14], 119/1600, 147233/156800, 181/182, 19⟩,
    ⟨[13], [0, 2, 3, 4, 5, 6, 7, 9, 10, 12, 13, 14], 119/1600, 147233/156800, 181/182, 19⟩,
    ⟨[13], [0, 2, 3, 4, 5, 6, 7, 9, 11, 12, 13, 14], 119/1600, 147233/156800, 181/182, 19⟩,
    ⟨[13], [0, 2, 3, 4, 5, 6, 7, 10, 11, 12, 13, 14], 119/1600, 147233/156800, 181/182, 19⟩,
    ⟨[13], [0, 2, 3, 4, 5, 6, 8, 9, 10, 11, 12, 13], 119/1600, 136033/145600, 181/182, 17⟩,
    ⟨[13], [0, 2, 3, 4, 5, 6, 8, 9, 10, 11, 12, 14], 119/1600, 147233/156800, 181/182, 19⟩,
    ⟨[13], [0, 2, 3, 4, 5, 6, 8, 9, 10, 11, 13, 14], 119/1600, 147233/156800, 181/182, 19⟩,
    ⟨[13], [0, 2, 3, 4, 5, 6, 8, 9, 10, 12, 13, 14], 119/1600, 147233/156800, 181/182, 19⟩,
    ⟨[13], [0, 2, 3, 4, 5, 6, 8, 9, 11, 12, 13, 14], 119/1600, 147233/156800, 181/182, 19⟩,
    ⟨[13], [0, 2, 3, 4, 5, 6, 8, 10, 11, 12, 13, 14], 119/1600, 147233/156800, 181/182, 19⟩,
    ⟨[13], [0, 2, 3, 4, 5, 6, 9, 10, 11, 12, 13, 14], 119/1600, 147233/156800, 181/182, 19⟩,
    ⟨[13], [0, 2, 3, 4, 5, 7, 8, 9, 10, 11, 12, 13], 119/1600, 136033/145600, 181/182, 17⟩,
    ⟨[13], [0, 2, 3, 4, 5, 7, 8, 9, 10, 11, 12, 14], 119/1600, 147233/156800, 181/182, 19⟩,
    ⟨[13], [0, 2, 3, 4, 5, 7, 8, 9, 10, 11, 13, 14], 119/1600, 147233/156800, 181/182, 19⟩,
    ⟨[13], [0, 2, 3, 4, 5, 7, 8, 9, 10, 12, 13, 14], 119/1600, 147233/156800, 181/182, 19⟩,
    ⟨[13], [0, 2, 3, 4, 5, 7, 8, 9, 11, 12, 13, 14], 119/1600, 147233/156800, 181/182, 19⟩,
    ⟨[13], [0, 2, 3, 4, 5, 7, 8, 10, 11, 12, 13, 14], 119/1600, 147233/156800, 181/182, 19⟩,
    ⟨[13], [0, 2, 3, 4, 5, 7, 9, 10, 11, 12, 13, 14], 119/1600, 147233/156800, 181/182, 19⟩,
    ⟨[13], [0, 2, 3, 4, 5, 8, 9, 10, 11, 12, 13, 14], 119/1600, 147233/156800, 181/182, 19⟩,
    ⟨[13], [0, 2, 3, 4, 6, 7, 8, 9, 10, 11, 12, 13], 119/1600, 136033/145600, 181/182, 17⟩,
    ⟨[13], [0, 2, 3, 4, 6, 7, 8, 9, 10, 11, 12, 14], 119/1600, 147233/156800, 181/182, 19⟩,
    ⟨[13], [0, 2, 3, 4, 6, 7, 8, 9, 10, 11, 13, 14], 119/1600, 147233/156800, 181/182, 19⟩,
    ⟨[13], [0, 2, 3, 4, 6, 7, 8, 9, 10, 12, 13, 14], 119/1600, 147233/156800, 181/182, 19⟩,
    ⟨[13], [0, 2, 3, 4, 6, 7, 8, 9, 11, 12, 13, 14], 119/1600, 147233/156800, 181/182, 19⟩,
    ⟨[13], [0, 2, 3, 4, 6, 7, 8, 10, 11, 12, 13, 14], 119/1600, 147233/156800, 181/182, 19⟩,
    ⟨[13], [0, 2, 3, 4, 6, 7, 9, 10, 11, 12, 13, 14], 119/1600, 147233/156800, 181/182, 19⟩,
    ⟨[13], [0, 2, 3, 4, 6, 8, 9, 10, 11, 12, 13, 14], 119/1600, 147233/156800, 181/182, 19⟩,
    ⟨[13], [0, 2, 3, 4, 7, 8, 9, 10, 11, 12, 13, 14], 119/1600, 147233/156800, 181/182, 19⟩,
    ⟨[13], [0, 2, 3, 5, 6, 7, 8, 9, 10, 11, 12, 13], 119/1600, 136033/145600, 181/182, 17⟩,
    ⟨[13], [0, 2, 3, 5, 6, 7, 8, 9, 10, 11, 12, 14], 119/1600, 147233/156800, 181/182, 19⟩,
    ⟨[13], [0, 2, 3, 5, 6, 7, 8, 9, 10, 11, 13, 14], 119/1600, 147233/156800, 181/182, 19⟩,
    ⟨[13], [0, 2, 3, 5, 6, 7, 8, 9, 10, 12, 13, 14], 119/1600, 147233/156800, 181/182, 19⟩,
    ⟨[13], [0, 2, 3, 5, 6, 7, 8, 9, 11, 12, 13, 14], 119/1600, 147233/156800, 181/182, 19⟩,
    ⟨[13], [0, 2, 3, 5, 6, 7, 8, 10, 11, 12, 13, 14], 119/1600, 147233/156800, 181/182, 19⟩,
    ⟨[13], [0, 2, 3, 5, 6, 7, 9, 10, 11, 12, 13, 14], 119/1600, 147233/156800, 181/182, 19⟩,
    ⟨[13], [0, 2, 3, 5, 6, 8, 9, 10, 11, 12, 13, 14], 119/1600, 147233/156800, 181/182, 19⟩,
    ⟨[13], [0, 2, 3, 5, 7, 8, 9, 10, 11, 12, 13, 14], 119/1600, 147233/156800, 181/182, 19⟩,
    ⟨[13], [0, 2, 3, 6, 7, 8, 9, 10, 11, 12, 13, 14], 119/1600, 147233/156800, 181/182, 19⟩,
    ⟨[13], [0, 2, 4, 5, 6, 7, 8, 9, 10, 11, 12, 13], 119/1600, 136033/145600, 181/182, 17⟩,
    ⟨[13], [0, 2, 4, 5, 6, 7, 8, 9, 10, 11, 12, 14], 119/1600, 147233/156800, 181/182, 19⟩,
    ⟨[13], [0, 2, 4, 5, 6, 7, 8, 9, 10, 11, 13, 14], 119/1600, 147233/156800, 181/182, 19⟩,
    ⟨[13], [0, 2, 4, 5, 6, 7, 8, 9, 10, 12, 13, 14], 119/1600, 147233/156800, 181/182, 19⟩,
    ⟨[13], [0, 2, 4, 5, 6, 7, 8, 9, 11, 12, 13, 14], 119/1600, 147233/156800, 181/182, 19⟩,
    ⟨[13], [0, 2, 4, 5, 6, 7, 8, 10, 11, 12, 13, 14], 119/1600, 147233/156800, 181/182, 19⟩,
    ⟨[13], [0, 2, 4, 5, 6, 7, 9, 10, 11, 12, 13, 14], 119/1600, 147233/156800, 181/182, 19⟩,
    ⟨[13], [0, 2, 4, 5, 6, 8, 9, 10, 11, 12, 13, 14], 119/1600, 147233/156800, 181/182, 19⟩,
    ⟨[13], [0, 2, 4, 5, 7, 8, 9, 10, 11, 12, 13, 14], 119/1600, 147233/156800, 181/182, 19⟩,
    ⟨[13], [0, 2, 4, 6, 7, 8, 9, 10, 11, 12, 13, 14], 119/1600, 147233/156800, 181/182, 19⟩,
    ⟨[13], [0, 2, 5, 6, 7, 8, 9, 10, 11, 12, 13, 14], 119/1600, 147233/156800, 181/182, 19⟩,
    ⟨[13], [0, 3, 4, 5, 6, 7, 8, 9, 10, 11, 12, 13], 119/1600, 136033/145600, 181/182, 17⟩,
    ⟨[13], [0, 3, 4, 5, 6, 7, 8, 9, 10, 11, 12, 14], 119/1600, 147233/156800, 181/182, 19⟩,
    ⟨[13], [0, 3, 4, 5, 6, 7, 8, 9, 10, 11, 13, 14], 119/1600, 147233/156800, 181/182, 19⟩,
    ⟨[13], [0, 3, 4, 5, 6, 7, 8, 9, 10, 12, 13, 14], 119/1600, 147233/156800, 181/182, 19⟩,
    ⟨[13], [0, 3, 4, 5, 6, 7, 8, 9, 11, 12, 13, 14], 119/1600, 147233/156800, 181/182, 19⟩,
    ⟨[13], [0, 3, 4, 5, 6, 7, 8, 10, 11, 12, 13, 14], 119/1600, 147233/156800, 181/182, 19⟩,
    ⟨[13], [0, 3, 4, 5, 6, 7, 9, 10, 11, 12, 13, 14], 119/1600, 147233/156800, 181/182, 19⟩,
    ⟨[13], [0, 3, 4, 5, 6, 8, 9, 10, 11, 12, 13, 14], 119/1600, 147233/156800, 181/182, 19⟩,
    ⟨[13], [0, 3, 4, 5, 7, 8, 9, 10, 11, 12, 13, 14], 119/1600, 147233/156800, 181/182, 19⟩,
    ⟨[13], [0, 3, 4, 6, 7, 8, 9, 10, 11, 12, 13, 14], 119/1600, 147233/156800, 181/182, 19⟩,
    ⟨[13], [0, 3, 5, 6, 7, 8, 9, 10, 11, 12, 13, 14], 119/1600, 147233/156800, 181/182, 19⟩,
    ⟨[13], [0, 4, 5, 6, 7, 8, 9, 10, 11, 12, 13, 14], 119/1600, 147233/156800, 181/182, 19⟩,
