BODY (1, 2, 3, 8, 10, 12) L 1680 high 166 d1 84 counts 31 31 0 0 trials 10660 checks 1679
BODY (1, 2, 3, 8, 10, 14) L 11760 high 1159 d1 588 counts 90 60 30 0 trials 35990 checks 11759
BODY (1, 2, 3, 9, 10, 12) L 2520 high 249 d1 126 counts 18 18 0 0 trials 18424 checks 2519
BODY (1, 2, 3, 10, 12, 14) L 5880 high 580 d1 294 counts 4 0 4 0 trials 18424 checks 5879
BODY (1, 2, 4, 8, 10, 12) L 1680 high 166 d1 84 counts 57 54 3 0 trials 10660 checks 1679
BODY (1, 2, 4, 8, 10, 14) L 3920 high 387 d1 196 counts 60 13 47 0 trials 4495 checks 3919
BODY (1, 2, 4, 8, 12, 14) L 2352 high 232 d1 588 counts 1 1 0 0 trials 4495 checks 2351
BODY (1, 2, 4, 10, 12, 14) L 5880 high 580 d1 294 counts 19 9 10 0 trials 18424 checks 5879
BODY (1, 2, 5, 8, 10, 14) L 3920 high 387 d1 196 counts 2 0 2 0 trials 4495 checks 3919
BODY (1, 2, 6, 8, 10, 12) L 1680 high 166 d1 84 counts 12 12 0 0 trials 10660 checks 1679
BODY (1, 2, 6, 8, 10, 14) L 11760 high 1159 d1 588 counts 304 29 275 0 trials 35990 checks 11759
BODY (1, 2, 6, 8, 12, 14) L 2352 high 232 d1 588 counts 1 0 1 0 trials 4495 checks 2351
BODY (1, 2, 6, 9, 10, 12) L 2520 high 249 d1 126 counts 11 11 0 0 trials 18424 checks 2519
BODY (1, 2, 6, 10, 12, 14) L 5880 high 580 d1 294 counts 68 11 57 0 trials 18424 checks 5879
BODY (1, 2, 8, 10, 11, 14) L 43120 high 4247 d1 2156 counts 120 35 81 4 trials 35990 checks 43119
RES (1, 2, 8, 10, 11, 14) (220, 2156, 3920, 4312) {'labels': (260, 4508, 297, 270), 'total': Fraction(4849423, 406125720), 'excess': Fraction(84473, 203062860)}
RES (1, 2, 8, 10, 11, 14) (440, 2156, 3920, 4312) {'labels': (260, 6174, 297, 270), 'total': Fraction(1474357, 123603480), 'excess': Fraction(6233, 15450435)}
RES (1, 2, 8, 10, 11, 14) (1540, 2156, 3920, 4312) {'labels': (260, 4284, 297, 270), 'total': Fraction(3628997, 300179880), 'excess': Fraction(84757, 150089940)}
RES (1, 2, 8, 10, 11, 14) (2156, 3080, 3920, 4312) {'labels': (260, 4494, 297, 270), 'total': Fraction(23035057, 1889367480), 'excess': Fraction(157583, 236170935)}
BODY (1, 2, 8, 10, 12, 13) L 21840 high 2151 d1 84 counts 2 2 0 0 trials 85320 checks 21839
BODY (1, 2, 8, 10, 12, 14) L 11760 high 1159 d1 588 counts 1295 453 842 0 trials 35990 checks 11759
BODY (1, 2, 9, 10, 12, 14) L 17640 high 1738 d1 882 counts 74 3 71 0 trials 62196 checks 17639
BODY (1, 2, 10, 11, 12, 14) L 64680 high 6371 d1 3234 counts 1191 268 897 26 trials 147440 checks 64679
RES (1, 2, 10, 11, 12, 14) (220, 1960, 3234, 5390) {'labels': (260, 6762, 297, 324), 'total': Fraction(1573303, 140581980), 'excess': Fraction(512, 91378287)}
RES (1, 2, 10, 11, 12, 14) (264, 1960, 3234, 5390) {'labels': (260, 8575, 297, 324), 'total': Fraction(1197059, 106964550), 'excess': Fraction(15079, 2781078300)}
RES (1, 2, 10, 11, 12, 14) (392, 1540, 3234, 5390) {'labels': (260, 9075, 378, 324), 'total': Fraction(954341, 84043575), 'excess': Fraction(741017, 4370265900)}
RES (1, 2, 10, 11, 12, 14) (440, 1960, 3234, 5390) {'labels': (260, 8967, 297, 324), 'total': Fraction(4176479, 372847860), 'excess': Fraction(38317, 2423511090)}
RES (1, 2, 10, 11, 12, 14) (616, 1960, 3234, 5390) {'labels': (260, 7035, 297, 324), 'total': Fraction(4610579, 409521420), 'excess': Fraction(96764, 1330944615)}
RES (1, 2, 10, 11, 12, 14) (616, 3234, 5390, 5880) {'labels': (260, 7035, 324, 451), 'total': Fraction(9413909, 839518911), 'excess': Fraction(6047029, 218274916860)}
RES (1, 2, 10, 11, 12, 14) (660, 1960, 3234, 5390) {'labels': (260, 7742, 297, 324), 'total': Fraction(5432879, 482868540), 'excess': Fraction(20560, 313864551)}
RES (1, 2, 10, 11, 12, 14) (660, 3234, 5390, 5880) {'labels': (260, 7742, 324, 451), 'total': Fraction(55464289, 4949402535), 'excess': Fraction(5277721, 257368931820)}
RES (1, 2, 10, 11, 12, 14) (1176, 1540, 3234, 5390) {'labels': (260, 7535, 378, 324), 'total': Fraction(2374864, 209344905), 'excess': Fraction(1725547, 10885935060)}
RES (1, 2, 10, 11, 12, 14) (1320, 1960, 3234, 5390) {'labels': (260, 6811, 297, 324), 'total': Fraction(4777117, 424802070), 'excess': Fraction(132007, 2208970764)}
RES (1, 2, 10, 11, 12, 14) (1320, 3234, 5390, 5880) {'labels': (260, 6811, 324, 451), 'total': Fraction(390156091, 34833769740), 'excess': Fraction(1670974, 113209751655)}
RES (1, 2, 10, 11, 12, 14) (1540, 1960, 3234, 5390) {'labels': (260, 7434, 297, 324), 'total': Fraction(4103959, 360623340), 'excess': Fraction(45575, 234405171)}
RES (1, 2, 10, 11, 12, 14) (1540, 3234, 4312, 5390) {'labels': (260, 378, 7125, 324), 'total': Fraction(1490753, 131969250), 'excess': Fraction(4169183, 37743205500)}
RES (1, 2, 10, 11, 12, 14) (1540, 3234, 5390, 5880) {'labels': (260, 378, 324, 7073), 'total': Fraction(22330657, 1965091590), 'excess': Fraction(826393, 4644761940)}
RES (1, 2, 10, 11, 12, 14) (1540, 3234, 5390, 12936) {'labels': (260, 378, 324, 8245), 'total': Fraction(2074645, 183256668), 'excess': Fraction(8859269, 65514258810)}
RES (1, 2, 10, 11, 12, 14) (1540, 3234, 5390, 21560) {'labels': (260, 378, 324, 8517), 'total': Fraction(195857201, 17352706140), 'excess': Fraction(1036523, 10253871810)}
RES (1, 2, 10, 11, 12, 14) (1540, 3234, 5390, 64680) {'labels': (260, 378, 324, 7159), 'total': Fraction(123489491, 10939417335), 'excess': Fraction(11688253, 113769940284)}
RES (1, 2, 10, 11, 12, 14) (1848, 1960, 3234, 5390) {'labels': (260, 8995, 297, 324), 'total': Fraction(8832143, 785425410), 'excess': Fraction(1210777, 20421060660)}
RES (1, 2, 10, 11, 12, 14) (1848, 3234, 5390, 5880) {'labels': (260, 8995, 324, 451), 'total': Fraction(721337537, 64404883620), 'excess': Fraction(598270, 41863174353)}
RES (1, 2, 10, 11, 12, 14) (1960, 2310, 3234, 10780) {'labels': (260, 297, 364, 7302), 'total': Fraction(6023821, 537233697), 'excess': Fraction(289151, 10744673940)}
RES (1, 2, 10, 11, 12, 14) (1960, 3080, 3234, 5390) {'labels': (260, 297, 6657, 324), 'total': Fraction(21766903, 1937586420), 'excess': Fraction(608009, 12594311730)}
RES (1, 2, 10, 11, 12, 14) (1960, 3234, 4620, 5390) {'labels': (260, 297, 6454, 324), 'total': Fraction(32069581, 2817751860), 'excess': Fraction(358088, 1831538709)}
RES (1, 2, 10, 11, 12, 14) (1960, 3234, 5390, 9240) {'labels': (260, 297, 324, 6643), 'total': Fraction(1492159, 131830335), 'excess': Fraction(771647, 5800534740)}
RES (1, 2, 10, 11, 12, 14) (3080, 3234, 5390, 5880) {'labels': (260, 6657, 324, 451), 'total': Fraction(444434107, 39720521610), 'excess': Fraction(3384221, 1032733561860)}
RES (1, 2, 10, 11, 12, 14) (3234, 4620, 5390, 5880) {'labels': (260, 6454, 324, 451), 'total': Fraction(327413531, 28881956565), 'excess': Fraction(226049099, 1501861741380)}
RES (1, 2, 10, 11, 12, 14) (3234, 5390, 5880, 9240) {'labels': (260, 324, 451, 6643), 'total': Fraction(2681152963, 237821924340), 'excess': Fraction(10467827, 118910962170)}
BODY (1, 3, 4, 8, 9, 10) L 5040 high 497 d1 252 counts 4 4 0 0 trials 35990 checks 5039
BODY (1, 3, 4, 8, 10, 12) L 1680 high 166 d1 84 counts 366 341 25 0 trials 10660 checks 1679
BODY (1, 3, 4, 8, 10, 14) L 11760 high 1159 d1 588 counts 211 141 70 0 trials 35990 checks 11759
BODY (1, 3, 4, 8, 12, 14) L 2352 high 232 d1 588 counts 1 0 1 0 trials 4495 checks 2351
BODY (1, 3, 4, 9, 10, 12) L 2520 high 249 d1 126 counts 88 86 2 0 trials 18424 checks 2519
BODY (1, 3, 4, 10, 12, 14) L 5880 high 580 d1 294 counts 29 21 8 0 trials 18424 checks 5879
BODY (1, 3, 5, 8, 10, 12) L 1680 high 166 d1 84 counts 2 2 0 0 trials 10660 checks 1679
BODY (1, 3, 6, 8, 10, 12) L 1680 high 166 d1 84 counts 5 5 0 0 trials 10660 checks 1679
BODY (1, 3, 6, 9, 10, 12) L 2520 high 249 d1 126 counts 19 19 0 0 trials 18424 checks 2519
BODY (1, 3, 6, 10, 12, 14) L 5880 high 580 d1 294 counts 2 2 0 0 trials 18424 checks 5879
BODY (1, 3, 8, 9, 10, 12) L 5040 high 497 d1 252 counts 77 75 2 0 trials 35990 checks 5039
BODY (1, 3, 8, 10, 11, 12) L 18480 high 1821 d1 924 counts 156 116 40 0 trials 85320 checks 18479
BODY (1, 3, 8, 10, 11, 14) L 129360 high 12741 d1 6468 counts 891 453 347 91 trials 287980 checks 129359
RES (1, 3, 8, 10, 11, 14) (2, 3920, 4312, 6468) {'labels': (260, 64680, 297, 270), 'total': Fraction(116345, 10594584), 'excess': Fraction(3739, 7567560)}
RES (1, 3, 8, 10, 11, 14) (15, 3920, 4312, 6468) {'labels': (260, 17248, 297, 270), 'total': Fraction(582193, 52972920), 'excess': Fraction(26641, 52972920)}
RES (1, 3, 8, 10, 11, 14) (30, 3920, 4312, 6468) {'labels': (260, 125048, 297, 270), 'total': Fraction(16873067, 1536214680), 'excess': Fraction(762059, 1536214680)}
RES (1, 3, 8, 10, 11, 14) (55, 2352, 3920, 6468) {'labels': (260, 28224, 275, 297), 'total': Fraction(267733, 25225200), 'excess': Fraction(22291, 176576400)}
RES (1, 3, 8, 10, 11, 14) (55, 3920, 4312, 6468) {'labels': (260, 28224, 297, 270), 'total': Fraction(23759, 2162160), 'excess': Fraction(53087, 105945840)}
RES (1, 3, 8, 10, 11, 14) (55, 3920, 5880, 6468) {'labels': (260, 28224, 297, 286), 'total': Fraction(7649, 720720), 'excess': Fraction(31, 246960)}
RES (1, 3, 8, 10, 11, 14) (60, 3920, 4312, 6468) {'labels': (260, 28028, 297, 270), 'total': Fraction(582193, 52972920), 'excess': Fraction(26641, 52972920)}
RES (1, 3, 8, 10, 11, 14) (80, 4312, 5390, 6468) {'labels': (260, 30723, 270, 312), 'total': Fraction(1515337, 143783640), 'excess': Fraction(51871, 1006485480)}
RES (1, 3, 8, 10, 11, 14) (80, 4312, 5880, 6468) {'labels': (260, 30723, 270, 286), 'total': Fraction(779813, 71891820), 'excess': Fraction(13919, 38710980)}
RES (1, 3, 8, 10, 11, 14) (110, 2352, 3920, 6468) {'labels': (260, 15288, 275, 297), 'total': Fraction(469289, 44144100), 'excess': Fraction(6329, 44144100)}
RES (1, 3, 8, 10, 11, 14) (110, 3920, 4312, 6468) {'labels': (260, 15288, 297, 270), 'total': Fraction(583003, 52972920), 'excess': Fraction(27451, 52972920)}
RES (1, 3, 8, 10, 11, 14) (110, 3920, 5880, 6468) {'labels': (260, 15288, 297, 286), 'total': Fraction(187703, 17657640), 'excess': Fraction(229, 1605240)}
RES (1, 3, 8, 10, 11, 14) (120, 3920, 4312, 6468) {'labels': (260, 14014, 297, 270), 'total': Fraction(582193, 52972920), 'excess': Fraction(26641, 52972920)}
RES (1, 3, 8, 10, 11, 14) (165, 2352, 3920, 6468) {'labels': (260, 13328, 275, 297), 'total': Fraction(31938877, 3001798800), 'excess': Fraction(65371, 428828400)}
RES (1, 3, 8, 10, 11, 14) (165, 2352, 5880, 6468) {'labels': (260, 13328, 275, 286), 'total': Fraction(10499129, 1000599600), 'excess': Fraction(59, 10995600)}
RES (1, 3, 8, 10, 11, 14) (165, 3920, 4312, 6468) {'labels': (260, 13328, 297, 270), 'total': Fraction(19838437, 1801079280), 'excess': Fraction(19381, 36756720)}
RES (1, 3, 8, 10, 11, 14) (165, 3920, 5880, 6468) {'labels': (260, 13328, 297, 286), 'total': Fraction(6387347, 600359760), 'excess': Fraction(13, 85680)}
RES (1, 3, 8, 10, 11, 14) (176, 3920, 5880, 6468) {'labels': (260, 21315, 297, 286), 'total': Fraction(1088453, 102414312), 'excess': Fraction(503, 3580920)}
RES (1, 3, 8, 10, 11, 14) (220, 2352, 3920, 6468) {'labels': (260, 24108, 275, 297), 'total': Fraction(4806706, 452477025), 'excess': Fraction(61366, 452477025)}
RES (1, 3, 8, 10, 11, 14) (220, 3920, 4312, 6468) {'labels': (260, 24108, 297, 270), 'total': Fraction(23886293, 2171889720), 'excess': Fraction(1108661, 2171889720)}
RES (1, 3, 8, 10, 11, 14) (220, 3920, 5880, 6468) {'labels': (260, 24108, 297, 286), 'total': Fraction(7690213, 723963240), 'excess': Fraction(683, 5062680)}
RES (1, 3, 8, 10, 11, 14) (240, 4312, 5390, 6468) {'labels': (260, 28567, 270, 312), 'total': Fraction(14803819, 1403782380), 'excess': Fraction(81691, 1403782380)}
RES (1, 3, 8, 10, 11, 14) (240, 4312, 5880, 6468) {'labels': (260, 28567, 270, 286), 'total': Fraction(30472439, 2807564760), 'excess': Fraction(79091, 215966520)}
RES (1, 3, 8, 10, 11, 14) (330, 2352, 3920, 6468) {'labels': (260, 30968, 275, 297), 'total': Fraction(10584391, 996395400), 'excess': Fraction(943057, 6974767800)}
RES (1, 3, 8, 10, 11, 14) (330, 3920, 4312, 6468) {'labels': (260, 30968, 297, 270), 'total': Fraction(3287363, 298918620), 'excess': Fraction(1067237, 2092430340)}
RES (1, 3, 8, 10, 11, 14) (330, 3920, 5880, 6468) {'labels': (260, 30968, 297, 286), 'total': Fraction(264592, 24909885), 'excess': Fraction(164, 1219365)}
RES (1, 3, 8, 10, 11, 14) (385, 2352, 3920, 6468) {'labels': (260, 13104, 275, 297), 'total': Fraction(1888981, 176576400), 'excess': Fraction(2857, 13582800)}
RES (1, 3, 8, 10, 11, 14) (385, 2352, 5880, 6468) {'labels': (260, 13104, 275, 286), 'total': Fraction(1863011, 176576400), 'excess': Fraction(11171, 176576400)}
RES (1, 3, 8, 10, 11, 14) (385, 3920, 4312, 6468) {'labels': (260, 13104, 297, 270), 'total': Fraction(1173101, 105945840), 'excess': Fraction(4769, 8149680)}
RES (1, 3, 8, 10, 11, 14) (385, 3920, 5880, 6468) {'labels': (260, 13104, 297, 286), 'total': Fraction(377771, 35315280), 'excess': Fraction(673, 3210480)}
RES (1, 3, 8, 10, 11, 14) (440, 2352, 3920, 6468) {'labels': (260, 18522, 275, 297), 'total': Fraction(1642099, 154504350), 'excess': Fraction(21739, 154504350)}
RES (1, 3, 8, 10, 11, 14) (440, 3920, 4312, 6468) {'labels': (260, 18522, 297, 270), 'total': Fraction(4080031, 370810440), 'excess': Fraction(191167, 370810440)}
RES (1, 3, 8, 10, 11, 14) (440, 3920, 5880, 6468) {'labels': (260, 18522, 297, 286), 'total': Fraction(1313591, 123603480), 'excess': Fraction(121, 864360)}
RES (1, 3, 8, 10, 11, 14) (528, 3920, 5880, 6468) {'labels': (260, 17395, 297, 286), 'total': Fraction(13324123, 1253692440), 'excess': Fraction(13543, 96437880)}
RES (1, 3, 8, 10, 11, 14) (560, 4312, 5390, 6468) {'labels': (260, 14091, 270, 312), 'total': Fraction(6825017, 646269624), 'excess': Fraction(236413, 3231348120)}
RES (1, 3, 8, 10, 11, 14) (560, 4312, 5880, 6468) {'labels': (260, 14091, 270, 286), 'total': Fraction(17560211, 1615674060), 'excess': Fraction(9475, 24856524)}
RES (1, 3, 8, 10, 11, 14) (660, 2352, 3920, 6468) {'labels': (260, 20188, 275, 297), 'total': Fraction(48316967, 4546842300), 'excess': Fraction(632087, 4546842300)}
RES (1, 3, 8, 10, 11, 14) (660, 3920, 5880, 6468) {'labels': (260, 20188, 297, 286), 'total': Fraction(19325489, 1818736920), 'excess': Fraction(1759, 12718440)}
RES (1, 3, 8, 10, 11, 14) (770, 2352, 3920, 6468) {'labels': (260, 18984, 275, 297), 'total': Fraction(106404989, 9976566600), 'excess': Fraction(1776029, 9976566600)}
RES (1, 3, 8, 10, 11, 14) (770, 2352, 5880, 6468) {'labels': (260, 18984, 275, 286), 'total': Fraction(8744807, 831380550), 'excess': Fraction(1979, 63952350)}
RES (1, 3, 8, 10, 11, 14) (770, 3920, 4312, 6468) {'labels': (260, 18984, 297, 270), 'total': Fraction(8260843, 748242495), 'excess': Fraction(413671, 748242495)}
RES (1, 3, 8, 10, 11, 14) (770, 3920, 5880, 6468) {'labels': (260, 18984, 297, 286), 'total': Fraction(10639787, 997656660), 'excess': Fraction(1237, 6976620)}
RES (1, 3, 8, 10, 11, 14) (840, 3920, 4312, 6468) {'labels': (260, 15862, 297, 270), 'total': Fraction(60358999, 5456210760), 'excess': Fraction(3137143, 5456210760)}
RES (1, 3, 8, 10, 11, 14) (880, 2352, 3920, 6468) {'labels': (260, 13671, 275, 297), 'total': Fraction(2645563, 248812200), 'excess': Fraction(397673, 2736934200)}
RES (1, 3, 8, 10, 11, 14) (880, 3920, 5880, 6468) {'labels': (260, 13671, 297, 286), 'total': Fraction(727481, 68423355), 'excess': Fraction(761, 5263335)}
RES (1, 3, 8, 10, 11, 14) (880, 4312, 5390, 6468) {'labels': (260, 13671, 270, 312), 'total': Fraction(1732891, 164216052), 'excess': Fraction(53399, 821080260)}
RES (1, 3, 8, 10, 11, 14) (880, 4312, 5880, 6468) {'labels': (260, 13671, 270, 286), 'total': Fraction(17834737, 1642160520), 'excess': Fraction(9425, 25264008)}
RES (1, 3, 8, 10, 11, 14) (1155, 2352, 3920, 6468) {'labels': (260, 13888, 275, 297), 'total': Fraction(117014797, 10947736800), 'excess': Fraction(2200717, 10947736800)}
RES (1, 3, 8, 10, 11, 14) (1155, 2352, 5880, 6468) {'labels': (260, 13888, 275, 286), 'total': Fraction(38468219, 3649245600), 'excess': Fraction(15143, 280711200)}
RES (1, 3, 8, 10, 11, 14) (1155, 3920, 5880, 6468) {'labels': (260, 13888, 297, 286), 'total': Fraction(23401397, 2189547360), 'excess': Fraction(3067, 15311520)}
RES (1, 3, 8, 10, 11, 14) (1232, 3920, 5880, 6468) {'labels': (260, 13125, 297, 286), 'total': Fraction(23506657, 2207205000), 'excess': Fraction(27589, 169785000)}
RES (1, 3, 8, 10, 11, 14) (1320, 2352, 3920, 6468) {'labels': (260, 16562, 275, 297), 'total': Fraction(1525808, 143468325), 'excess': Fraction(21188, 143468325)}
RES (1, 3, 8, 10, 11, 14) (1320, 2352, 5880, 6468) {'labels': (260, 16562, 275, 286), 'total': Fraction(4012553, 382582200), 'excess': Fraction(233, 382582200)}
RES (1, 3, 8, 10, 11, 14) (1320, 3920, 4312, 6468) {'labels': (260, 16562, 297, 270), 'total': Fraction(7582009, 688647960), 'excess': Fraction(359833, 688647960)}
RES (1, 3, 8, 10, 11, 14) (1320, 3920, 5880, 6468) {'labels': (260, 16562, 297, 286), 'total': Fraction(2441129, 229549320), 'excess': Fraction(3067, 20868120)}
RES (1, 3, 8, 10, 11, 14) (1540, 2352, 3920, 6468) {'labels': (260, 14868, 275, 297), 'total': Fraction(27855251, 2604501900), 'excess': Fraction(540611, 2604501900)}
RES (1, 3, 8, 10, 11, 14) (1540, 2352, 5880, 6468) {'labels': (260, 14868, 275, 286), 'total': Fraction(54944387, 5209003800), 'excess': Fraction(24239, 400692600)}
RES (1, 3, 8, 10, 11, 14) (1540, 3920, 4312, 6468) {'labels': (260, 14868, 297, 270), 'total': Fraction(34597817, 3125402280), 'excess': Fraction(1820249, 3125402280)}
RES (1, 3, 8, 10, 11, 14) (1540, 3920, 5880, 6468) {'labels': (260, 14868, 297, 286), 'total': Fraction(11141357, 1041800760), 'excess': Fraction(1507, 7285320)}
RES (1, 3, 8, 10, 11, 14) (1680, 4312, 5390, 6468) {'labels': (260, 18403, 270, 312), 'total': Fraction(133854059, 12660527880), 'excess': Fraction(97921, 1150957080)}
RES (1, 3, 8, 10, 11, 14) (1680, 4312, 5880, 6468) {'labels': (260, 18403, 270, 286), 'total': Fraction(68876911, 6330263940), 'excess': Fraction(191419, 486943380)}
RES (1, 3, 8, 10, 11, 14) (2310, 2352, 3920, 6468) {'labels': (260, 13496, 275, 297), 'total': Fraction(56795587, 5319364050), 'excess': Fraction(1008907, 5319364050)}
RES (1, 3, 8, 10, 11, 14) (2310, 2352, 5880, 6468) {'labels': (260, 13496, 275, 286), 'total': Fraction(74684321, 7092485400), 'excess': Fraction(23237, 545575800)}
RES (1, 3, 8, 10, 11, 14) (2310, 3920, 5880, 6468) {'labels': (260, 13496, 297, 286), 'total': Fraction(45433433, 4255491240), 'excess': Fraction(5623, 29758680)}
RES (1, 3, 8, 10, 11, 14) (2352, 2640, 3920, 6468) {'labels': (260, 275, 16807, 297), 'total': Fraction(322377709, 30282852600), 'excess': Fraction(4787149, 30282852600)}
RES (1, 3, 8, 10, 11, 14) (2352, 2640, 5880, 6468) {'labels': (260, 275, 16807, 286), 'total': Fraction(52987309, 5047142100), 'excess': Fraction(4273, 388241700)}
RES (1, 3, 8, 10, 11, 14) (2352, 3080, 3920, 6468) {'labels': (260, 275, 13902, 297), 'total': Fraction(78279067, 7305848550), 'excess': Fraction(1659187, 7305848550)}
RES (1, 3, 8, 10, 11, 14) (2352, 3080, 5880, 6468) {'labels': (260, 275, 13902, 286), 'total': Fraction(34313137, 3247043800), 'excess': Fraction(19989, 249772600)}
RES (1, 3, 8, 10, 11, 14) (2352, 3920, 4620, 6468) {'labels': (260, 275, 297, 12908), 'total': Fraction(108793577, 10175215050), 'excess': Fraction(2081297, 10175215050)}
RES (1, 3, 8, 10, 11, 14) (2352, 3920, 6160, 6468) {'labels': (260, 275, 297, 15267), 'total': Fraction(171190219, 16046380350), 'excess': Fraction(2904259, 16046380350)}
RES (1, 3, 8, 10, 11, 14) (2352, 3920, 6468, 9240) {'labels': (260, 275, 297, 14882), 'total': Fraction(125527208, 11731294575), 'excess': Fraction(2495588, 11731294575)}
RES (1, 3, 8, 10, 11, 14) (2352, 3920, 6468, 18480) {'labels': (260, 275, 297, 13111), 'total': Fraction(1765931719, 165363798600), 'excess': Fraction(31683559, 165363798600)}
RES (1, 3, 8, 10, 11, 14) (2352, 4620, 5880, 6468) {'labels': (260, 275, 12908, 286), 'total': Fraction(143062741, 13566953400), 'excess': Fraction(59977, 1043611800)}
RES (1, 3, 8, 10, 11, 14) (2352, 5880, 6160, 6468) {'labels': (260, 275, 286, 15267), 'total': Fraction(225106927, 21395173800), 'excess': Fraction(55819, 1645782600)}
RES (1, 3, 8, 10, 11, 14) (2352, 5880, 6468, 9240) {'labels': (260, 275, 286, 14882), 'total': Fraction(330138203, 31283452200), 'excess': Fraction(157991, 2406419400)}
RES (1, 3, 8, 10, 11, 14) (2352, 5880, 6468, 18480) {'labels': (260, 275, 286, 13111), 'total': Fraction(290268469, 27560633100), 'excess': Fraction(94393, 2120048700)}
RES (1, 3, 8, 10, 11, 14) (2640, 3920, 5880, 6468) {'labels': (260, 16807, 297, 286), 'total': Fraction(293051, 27529866), 'excess': Fraction(18329, 116472510)}
RES (1, 3, 8, 10, 11, 14) (2640, 4312, 5390, 6468) {'labels': (260, 16807, 270, 312), 'total': Fraction(95984129, 9084855780), 'excess': Fraction(706961, 9084855780)}
RES (1, 3, 8, 10, 11, 14) (2640, 4312, 5880, 6468) {'labels': (260, 16807, 270, 286), 'total': Fraction(197564989, 18169711560), 'excess': Fraction(539281, 1397670120)}
RES (1, 3, 8, 10, 11, 14) (3080, 3920, 4312, 6468) {'labels': (260, 13902, 297, 270), 'total': Fraction(194442163, 17534036520), 'excess': Fraction(10554451, 17534036520)}
RES (1, 3, 8, 10, 11, 14) (3080, 3920, 5880, 6468) {'labels': (260, 13902, 297, 286), 'total': Fraction(62619083, 5844678840), 'excess': Fraction(9253, 40871880)}
RES (1, 3, 8, 10, 11, 14) (3696, 3920, 5880, 6468) {'labels': (260, 17605, 297, 286), 'total': Fraction(94596571, 8881792920), 'excess': Fraction(10133, 62110440)}
RES (1, 3, 8, 10, 11, 14) (3920, 4312, 6468, 9240) {'labels': (260, 297, 270, 14882), 'total': Fraction(623637739, 56310213960), 'excess': Fraction(33085963, 56310213960)}
RES (1, 3, 8, 10, 11, 14) (3920, 4620, 5880, 6468) {'labels': (260, 297, 12908, 286), 'total': Fraction(87029053, 8140172040), 'excess': Fraction(11603, 56924280)}
RES (1, 3, 8, 10, 11, 14) (3920, 5880, 6160, 6468) {'labels': (260, 297, 286, 15267), 'total': Fraction(2489873, 233401896), 'excess': Fraction(178019, 987469560)}
RES (1, 3, 8, 10, 11, 14) (3920, 5880, 6468, 9240) {'labels': (260, 297, 286, 14882), 'total': Fraction(200830139, 18770071320), 'excess': Fraction(27829, 131259240)}
RES (1, 3, 8, 10, 11, 14) (3920, 5880, 6468, 18480) {'labels': (260, 297, 286, 13111), 'total': Fraction(4013213, 375826815), 'excess': Fraction(60703, 318007305)}
RES (1, 3, 8, 10, 11, 14) (4312, 5390, 6160, 6468) {'labels': (260, 270, 312, 15267), 'total': Fraction(407765467, 38511312840), 'excess': Fraction(3879163, 38511312840)}
RES (1, 3, 8, 10, 11, 14) (4312, 5390, 6468, 18480) {'labels': (260, 270, 312, 13111), 'total': Fraction(105159541, 9921827916), 'excess': Fraction(5523257, 49609139580)}
RES (1, 3, 8, 10, 11, 14) (4312, 5880, 6160, 6468) {'labels': (260, 270, 286, 15267), 'total': Fraction(209813963, 19255656420), 'excess': Fraction(605447, 1481204340)}
RES (1, 3, 8, 10, 11, 14) (4312, 5880, 6468, 18480) {'labels': (260, 270, 286, 13111), 'total': Fraction(1082157151, 99218279160), 'excess': Fraction(640127, 1526435064)}
BODY (1, 3, 8, 10, 12, 14) L 11760 high 1159 d1 588 counts 782 480 294 8 trials 35990 checks 11759
RES (1, 3, 8, 10, 12, 14) (80, 490, 588, 1470) {'labels': (260, 1911, 312, 328), 'total': Fraction(7387, 626808), 'excess': Fraction(3013, 10969140)}
RES (1, 3, 8, 10, 12, 14) (240, 490, 588, 1470) {'labels': (260, 1519, 312, 328), 'total': Fraction(66321, 5667389), 'excess': Fraction(6211, 32385080)}
RES (1, 3, 8, 10, 12, 14) (490, 560, 588, 735) {'labels': (260, 312, 357, 1216), 'total': Fraction(8161997, 691323360), 'excess': Fraction(204569, 691323360)}
RES (1, 3, 8, 10, 12, 14) (490, 560, 588, 1470) {'labels': (260, 312, 2037, 328), 'total': Fraction(12663109, 1064006580), 'excess': Fraction(166375, 425602632)}
RES (1, 3, 8, 10, 12, 14) (490, 560, 588, 5880) {'labels': (260, 312, 2037, 298), 'total': Fraction(7483309, 644459270), 'excess': Fraction(261227, 2577837080)}
RES (1, 3, 8, 10, 12, 14) (490, 588, 784, 840) {'labels': (260, 312, 1245, 574), 'total': Fraction(21256649, 1820877240), 'excess': Fraction(74393, 455219310)}
RES (1, 3, 8, 10, 12, 14) (490, 588, 840, 3920) {'labels': (260, 312, 574, 1203), 'total': Fraction(20515517, 1759450056), 'excess': Fraction(658733, 4398625140)}
RES (1, 3, 8, 10, 12, 14) (490, 588, 1470, 1680) {'labels': (260, 312, 328, 1351), 'total': Fraction(3442533, 282272536), 'excess': Fraction(241819, 352840670)}
BODY (1, 3, 9, 10, 12, 14) L 17640 high 1738 d1 882 counts 75 63 12 0 trials 62196 checks 17639
BODY (1, 3, 10, 11, 12, 14) L 64680 high 6371 d1 3234 counts 2051 633 1328 90 trials 147440 checks 64679
RES (1, 3, 10, 11, 12, 14) (2, 1176, 2695, 3234) {'labels': (260, 32340, 275, 312), 'total': Fraction(327253, 29429400), 'excess': Fraction(289, 4204200)}
RES (1, 3, 10, 11, 12, 14) (2, 2695, 3234, 5880) {'labels': (260, 32340, 312, 451), 'total': Fraction(907911, 80440360), 'excess': Fraction(2707, 11491480)}
RES (1, 3, 10, 11, 12, 14) (3, 1176, 2695, 3234) {'labels': (260, 21560, 275, 312), 'total': Fraction(46769, 4204200), 'excess': Fraction(2153, 29429400)}
RES (1, 3, 10, 11, 12, 14) (4, 2695, 3234, 5880) {'labels': (260, 16170, 312, 451), 'total': Fraction(908977, 80440360), 'excess': Fraction(4003, 16088072)}
RES (1, 3, 10, 11, 12, 14) (8, 2695, 3234, 5880) {'labels': (260, 24255, 312, 451), 'total': Fraction(8176529, 723963240), 'excess': Fraction(175871, 723963240)}
RES (1, 3, 10, 11, 12, 14) (15, 1176, 2695, 3234) {'labels': (260, 8624, 275, 312), 'total': Fraction(327773, 29429400), 'excess': Fraction(2543, 29429400)}
RES (1, 3, 10, 11, 12, 14) (15, 2695, 3234, 5880) {'labels': (260, 8624, 312, 451), 'total': Fraction(2727997, 241321080), 'excess': Fraction(61111, 241321080)}
RES (1, 3, 10, 11, 12, 14) (24, 2695, 3234, 5880) {'labels': (260, 35035, 312, 451), 'total': Fraction(2726849, 241321080), 'excess': Fraction(59963, 241321080)}
RES (1, 3, 10, 11, 12, 14) (30, 1176, 2695, 3234) {'labels': (260, 49588, 275, 312), 'total': Fraction(7529029, 676876200), 'excess': Fraction(48739, 676876200)}
RES (1, 3, 10, 11, 12, 14) (30, 2695, 3234, 5880) {'labels': (260, 49588, 312, 451), 'total': Fraction(62663981, 5550384840), 'excess': Fraction(1325603, 5550384840)}
RES (1, 3, 10, 11, 12, 14) (40, 1176, 2695, 3234) {'labels': (260, 17787, 275, 312), 'total': Fraction(3602773, 323723400), 'excess': Fraction(25243, 323723400)}
RES (1, 3, 10, 11, 12, 14) (40, 2695, 3234, 5880) {'labels': (260, 17787, 312, 451), 'total': Fraction(29985581, 2654531880), 'excess': Fraction(129967, 530906376)}
RES (1, 3, 10, 11, 12, 14) (60, 1176, 2695, 3234) {'labels': (260, 31262, 275, 312), 'total': Fraction(9503467, 853452600), 'excess': Fraction(6527, 77586600)}
RES (1, 3, 10, 11, 12, 14) (60, 2695, 3234, 5880) {'labels': (260, 31262, 312, 451), 'total': Fraction(79095923, 6998311320), 'excess': Fraction(1756229, 6998311320)}
RES (1, 3, 10, 11, 12, 14) (88, 2695, 3234, 5880) {'labels': (260, 12495, 312, 451), 'total': Fraction(15482457, 1367486120), 'excess': Fraction(370103, 1367486120)}
RES (1, 3, 10, 11, 12, 14) (120, 1176, 2695, 3234) {'labels': (260, 9163, 275, 312), 'total': Fraction(109691, 9809800), 'excess': Fraction(183, 1401400)}
RES (1, 3, 10, 11, 12, 14) (120, 2695, 3234, 5880) {'labels': (260, 9163, 312, 451), 'total': Fraction(2738657, 241321080), 'excess': Fraction(10253, 34474440)}
RES (1, 3, 10, 11, 12, 14) (165, 1176, 2695, 3234) {'labels': (260, 7448, 275, 312), 'total': Fraction(780289, 69894825), 'excess': Fraction(2861, 25416300)}
RES (1, 3, 10, 11, 12, 14) (165, 2695, 3234, 5880) {'labels': (260, 7448, 312, 451), 'total': Fraction(12987967, 1146275130), 'excess': Fraction(640517, 2292550260)}
RES (1, 3, 10, 11, 12, 14) (264, 2695, 3234, 5880) {'labels': (260, 8575, 312, 451), 'total': Fraction(13680493, 1206605400), 'excess': Fraction(346063, 1206605400)}
RES (1, 3, 10, 11, 12, 14) (330, 1176, 2695, 3234) {'labels': (260, 9604, 275, 312), 'total': Fraction(16068677, 1442040600), 'excess': Fraction(12037, 131094600)}
RES (1, 3, 10, 11, 12, 14) (330, 2695, 3234, 5880) {'labels': (260, 9604, 312, 451), 'total': Fraction(133735813, 11824732920), 'excess': Fraction(3058399, 11824732920)}
RES (1, 3, 10, 11, 12, 14) (392, 1540, 2695, 3234) {'labels': (260, 6765, 378, 312), 'total': Fraction(550633, 48264216), 'excess': Fraction(86279, 241321080)}
RES (1, 3, 10, 11, 12, 14) (392, 2310, 2695, 3234) {'labels': (260, 6765, 364, 312), 'total': Fraction(550633, 48264216), 'excess': Fraction(86279, 241321080)}
RES (1, 3, 10, 11, 12, 14) (440, 1176, 2695, 3234) {'labels': (260, 8967, 275, 312), 'total': Fraction(20060323, 1795193400), 'excess': Fraction(221293, 1795193400)}
RES (1, 3, 10, 11, 12, 14) (440, 2695, 3234, 5880) {'labels': (260, 8967, 312, 451), 'total': Fraction(55650137, 4906861960), 'excess': Fraction(25881, 89215672)}
RES (1, 3, 10, 11, 12, 14) (616, 2695, 3234, 5880) {'labels': (260, 7245, 312, 451), 'total': Fraction(37848259, 3330230904), 'excess': Fraction(5226161, 16651154520)}
RES (1, 3, 10, 11, 12, 14) (660, 1176, 2695, 3234) {'labels': (260, 7742, 275, 312), 'total': Fraction(26055917, 2324922600), 'excess': Fraction(673, 4313400)}
RES (1, 3, 10, 11, 12, 14) (660, 2695, 3234, 5880) {'labels': (260, 7742, 312, 451), 'total': Fraction(216838933, 19064365320), 'excess': Fraction(125611, 389068680)}
RES (1, 3, 10, 11, 12, 14) (1155, 1176, 2695, 3234) {'labels': (260, 7616, 275, 312), 'total': Fraction(5628691, 500299800), 'excess': Fraction(9071, 45481800)}
RES (1, 3, 10, 11, 12, 14) (1155, 2695, 3234, 5880) {'labels': (260, 7616, 312, 451), 'total': Fraction(46839659, 4102458360), 'excess': Fraction(1502597, 4102458360)}
RES (1, 3, 10, 11, 12, 14) (1155, 3234, 5390, 5880) {'labels': (260, 7616, 324, 451), 'total': Fraction(4708985, 426024522), 'excess': Fraction(117713, 55383187860)}
RES (1, 3, 10, 11, 12, 14) (1176, 1320, 2695, 3234) {'labels': (260, 275, 6811, 312), 'total': Fraction(44543, 3975400), 'excess': Fraction(209259, 1363562200)}
RES (1, 3, 10, 11, 12, 14) (1176, 1540, 3234, 8085) {'labels': (260, 275, 378, 6488), 'total': Fraction(20738491, 1835941800), 'excess': Fraction(5838853, 23867243400)}
RES (1, 3, 10, 11, 12, 14) (1176, 1540, 3234, 16170) {'labels': (260, 275, 378, 6932), 'total': Fraction(11078777, 980791350), 'excess': Fraction(6236407, 25500575100)}
RES (1, 3, 10, 11, 12, 14) (1176, 1540, 3234, 21560) {'labels': (260, 275, 378, 7473), 'total': Fraction(15949039, 1409781450), 'excess': Fraction(9601049, 36654317700)}
RES (1, 3, 10, 11, 12, 14) (1176, 1540, 3234, 32340) {'labels': (260, 275, 378, 9118), 'total': Fraction(5301547, 469121100), 'excess': Fraction(4189859, 16771079325)}
RES (1, 3, 10, 11, 12, 14) (1176, 1540, 3234, 64680) {'labels': (260, 275, 378, 6521), 'total': Fraction(13885943, 1230186650), 'excess': Fraction(7563713, 31984852900)}
RES (1, 3, 10, 11, 12, 14) (1176, 2310, 2695, 3234) {'labels': (260, 7535, 364, 312), 'total': Fraction(278401, 24435320), 'excess': Fraction(91977, 268788520)}
RES (1, 3, 10, 11, 12, 14) (1176, 2310, 3234, 5390) {'labels': (260, 275, 364, 6372), 'total': Fraction(2284901, 200346300), 'excess': Fraction(460429, 1302250950)}
RES (1, 3, 10, 11, 12, 14) (1176, 2310, 3234, 8085) {'labels': (260, 275, 364, 6488), 'total': Fraction(20738491, 1835941800), 'excess': Fraction(5838853, 23867243400)}
RES (1, 3, 10, 11, 12, 14) (1176, 2310, 3234, 10780) {'labels': (260, 275, 364, 7302), 'total': Fraction(5203047, 459174100), 'excess': Fraction(836063, 2984631650)}
RES (1, 3, 10, 11, 12, 14) (1176, 2310, 3234, 16170) {'labels': (260, 275, 364, 6932), 'total': Fraction(11078777, 980791350), 'excess': Fraction(6236407, 25500575100)}
RES (1, 3, 10, 11, 12, 14) (1176, 2310, 3234, 21560) {'labels': (260, 275, 364, 7473), 'total': Fraction(15949039, 1409781450), 'excess': Fraction(9601049, 36654317700)}
RES (1, 3, 10, 11, 12, 14) (1176, 2310, 3234, 32340) {'labels': (260, 275, 364, 9118), 'total': Fraction(5301547, 469121100), 'excess': Fraction(4189859, 16771079325)}
RES (1, 3, 10, 11, 12, 14) (1176, 2310, 3234, 64680) {'labels': (260, 275, 364, 6521), 'total': Fraction(13885943, 1230186650), 'excess': Fraction(7563713, 31984852900)}
RES (1, 3, 10, 11, 12, 14) (1176, 2695, 3080, 3234) {'labels': (260, 275, 312, 8421), 'total': Fraction(132392863, 11801189400), 'excess': Fraction(179603, 1072835400)}
RES (1, 3, 10, 11, 12, 14) (1176, 2695, 3234, 4620) {'labels': (260, 275, 312, 6454), 'total': Fraction(153414103, 13566953400), 'excess': Fraction(316643, 1233359400)}
RES (1, 3, 10, 11, 12, 14) (1176, 2695, 3234, 9240) {'labels': (260, 275, 312, 6643), 'total': Fraction(8091843, 716115400), 'excess': Fraction(177913, 716115400)}
RES (1, 3, 10, 11, 12, 14) (1320, 2695, 3234, 5880) {'labels': (260, 6811, 312, 451), 'total': Fraction(7784507, 684563880), 'excess': Fraction(976699, 3049420920)}
RES (1, 3, 10, 11, 12, 14) (1540, 1960, 2695, 3234) {'labels': (260, 378, 8151, 312), 'total': Fraction(423541, 37277240), 'excess': Fraction(81, 260680)}
RES (1, 3, 10, 11, 12, 14) (1540, 2695, 3234, 4312) {'labels': (260, 378, 312, 9435), 'total': Fraction(42004993, 3702218520), 'excess': Fraction(1091059, 3702218520)}
RES (1, 3, 10, 11, 12, 14) (1540, 2695, 3234, 21560) {'labels': (260, 378, 312, 7473), 'total': Fraction(166396603, 14661727080), 'excess': Fraction(4367017, 14661727080)}
RES (1, 3, 10, 11, 12, 14) (1540, 2940, 3234, 4312) {'labels': (260, 378, 286, 9435), 'total': Fraction(1712966, 154259105), 'excess': Fraction(6575, 123407284)}
RES (1, 3, 10, 11, 12, 14) (1540, 2940, 3234, 12936) {'labels': (260, 378, 286, 8245), 'total': Fraction(17964591, 1617636020), 'excess': Fraction(43891, 808818010)}
RES (1, 3, 10, 11, 12, 14) (1540, 2940, 3234, 21560) {'labels': (260, 378, 286, 7473), 'total': Fraction(3701293, 333221070), 'excess': Fraction(413653, 7330863540)}
RES (1, 3, 10, 11, 12, 14) (1540, 2940, 3234, 64680) {'labels': (260, 378, 286, 6521), 'total': Fraction(7089227, 639697058), 'excess': Fraction(198109, 6396970580)}
RES (1, 3, 10, 11, 12, 14) (1540, 3234, 4312, 5880) {'labels': (260, 378, 9435, 451), 'total': Fraction(33501451, 2919056910), 'excess': Fraction(32302079, 75895479660)}
RES (1, 3, 10, 11, 12, 14) (1540, 3234, 5880, 8085) {'labels': (260, 378, 451, 6488), 'total': Fraction(5229307, 456203720), 'excess': Fraction(26842719, 65237131960)}
RES (1, 3, 10, 11, 12, 14) (1540, 3234, 5880, 12936) {'labels': (260, 378, 451, 8245), 'total': Fraction(175671359, 15305325420), 'excess': Fraction(4244008, 9948461523)}
RES (1, 3, 10, 11, 12, 14) (1540, 3234, 5880, 16170) {'labels': (260, 378, 451, 6932), 'total': Fraction(3072922, 268082969), 'excess': Fraction(28674147, 69701571940)}
RES (1, 3, 10, 11, 12, 14) (1540, 3234, 5880, 21560) {'labels': (260, 378, 451, 7473), 'total': Fraction(22118442, 1926701315), 'excess': Fraction(42956813, 100188468380)}
RES (1, 3, 10, 11, 12, 14) (1540, 3234, 5880, 32340) {'labels': (260, 378, 451, 9118), 'total': Fraction(97051739, 8462944644), 'excess': Fraction(114598199, 275045700930)}
RES (1, 3, 10, 11, 12, 14) (1540, 3234, 5880, 64680) {'labels': (260, 378, 451, 6521), 'total': Fraction(173321378, 15131295795), 'excess': Fraction(317329853, 786827381340)}
RES (1, 3, 10, 11, 12, 14) (1848, 2695, 3234, 5880) {'labels': (260, 8995, 312, 451), 'total': Fraction(706188577, 62019517560), 'excess': Fraction(4159775, 12403903512)}
RES (1, 3, 10, 11, 12, 14) (1960, 2310, 2695, 3234) {'labels': (260, 8151, 364, 312), 'total': Fraction(423541, 37277240), 'excess': Fraction(81, 260680)}
RES (1, 3, 10, 11, 12, 14) (2310, 2695, 3234, 4312) {'labels': (260, 364, 312, 9435), 'total': Fraction(42004993, 3702218520), 'excess': Fraction(1091059, 3702218520)}
RES (1, 3, 10, 11, 12, 14) (2310, 2695, 3234, 5880) {'labels': (260, 364, 6504, 451), 'total': Fraction(57984959, 5030616360), 'excess': Fraction(31078361, 65398012680)}
RES (1, 3, 10, 11, 12, 14) (2310, 2695, 3234, 12936) {'labels': (260, 364, 312, 8245), 'total': Fraction(22026155, 1941163224), 'excess': Fraction(2869921, 9705816120)}
RES (1, 3, 10, 11, 12, 14) (2310, 2695, 3234, 21560) {'labels': (260, 364, 312, 7473), 'total': Fraction(166396603, 14661727080), 'excess': Fraction(4367017, 14661727080)}
RES (1, 3, 10, 11, 12, 14) (2310, 2695, 3234, 64680) {'labels': (260, 364, 312, 6521), 'total': Fraction(434619961, 38381823480), 'excess': Fraction(2090999, 7676364696)}
RES (1, 3, 10, 11, 12, 14) (2310, 2940, 3234, 4312) {'labels': (260, 364, 286, 9435), 'total': Fraction(1712966, 154259105), 'excess': Fraction(6575, 123407284)}
RES (1, 3, 10, 11, 12, 14) (2310, 2940, 3234, 12936) {'labels': (260, 364, 286, 8245), 'total': Fraction(17964591, 1617636020), 'excess': Fraction(43891, 808818010)}
RES (1, 3, 10, 11, 12, 14) (2310, 2940, 3234, 21560) {'labels': (260, 364, 286, 7473), 'total': Fraction(3701293, 333221070), 'excess': Fraction(413653, 7330863540)}
RES (1, 3, 10, 11, 12, 14) (2310, 2940, 3234, 64680) {'labels': (260, 364, 286, 6521), 'total': Fraction(7089227, 639697058), 'excess': Fraction(198109, 6396970580)}
RES (1, 3, 10, 11, 12, 14) (2310, 3234, 4312, 5880) {'labels': (260, 364, 9435, 451), 'total': Fraction(33501451, 2919056910), 'excess': Fraction(32302079, 75895479660)}
RES (1, 3, 10, 11, 12, 14) (2310, 3234, 5390, 5880) {'labels': (260, 364, 6372, 451), 'total': Fraction(345641, 29869812), 'excess': Fraction(2778476, 5339228895)}
RES (1, 3, 10, 11, 12, 14) (2310, 3234, 5880, 8085) {'labels': (260, 364, 451, 6488), 'total': Fraction(5229307, 456203720), 'excess': Fraction(26842719, 65237131960)}
RES (1, 3, 10, 11, 12, 14) (2310, 3234, 5880, 10780) {'labels': (260, 364, 451, 7302), 'total': Fraction(129879359, 11295682860), 'excess': Fraction(16407884, 36710969295)}
RES (1, 3, 10, 11, 12, 14) (2310, 3234, 5880, 12936) {'labels': (260, 364, 451, 8245), 'total': Fraction(175671359, 15305325420), 'excess': Fraction(4244008, 9948461523)}
RES (1, 3, 10, 11, 12, 14) (2310, 3234, 5880, 16170) {'labels': (260, 364, 451, 6932), 'total': Fraction(3072922, 268082969), 'excess': Fraction(28674147, 69701571940)}
RES (1, 3, 10, 11, 12, 14) (2310, 3234, 5880, 21560) {'labels': (260, 364, 451, 7473), 'total': Fraction(22118442, 1926701315), 'excess': Fraction(42956813, 100188468380)}
RES (1, 3, 10, 11, 12, 14) (2310, 3234, 5880, 32340) {'labels': (260, 364, 451, 9118), 'total': Fraction(97051739, 8462944644), 'excess': Fraction(114598199, 275045700930)}
RES (1, 3, 10, 11, 12, 14) (2310, 3234, 5880, 64680) {'labels': (260, 364, 451, 6521), 'total': Fraction(173321378, 15131295795), 'excess': Fraction(317329853, 786827381340)}
RES (1, 3, 10, 11, 12, 14) (2695, 2940, 3234, 9240) {'labels': (260, 312, 286, 6643), 'total': Fraction(317787, 28644616), 'excess': Fraction(43, 1001560)}
RES (1, 3, 10, 11, 12, 14) (2695, 3080, 3234, 5880) {'labels': (260, 312, 8421, 451), 'total': Fraction(220353019, 19353950616), 'excess': Fraction(32343809, 96769753080)}
RES (1, 3, 10, 11, 12, 14) (2695, 3234, 4620, 5880) {'labels': (260, 312, 6454, 451), 'total': Fraction(1276554767, 111249017880), 'excess': Fraction(47120321, 111249017880)}
RES (1, 3, 10, 11, 12, 14) (2695, 3234, 5880, 9240) {'labels': (260, 312, 451, 6643), 'total': Fraction(201998201, 17616438840), 'excess': Fraction(7315523, 17616438840)}
RES (1, 3, 10, 11, 12, 14) (3234, 4620, 5390, 5880) {'labels': (260, 6454, 324, 451), 'total': Fraction(128358449, 11552782626), 'excess': Fraction(89233349, 1501861741380)}
RES (1, 3, 10, 11, 12, 14) (3234, 5390, 5880, 9240) {'labels': (260, 324, 451, 6643), 'total': Fraction(528074951, 47564384868), 'excess': Fraction(6079301, 118910962170)}
BODY (1, 4, 5, 8, 10, 12) L 1680 high 166 d1 84 counts 23 23 0 0 trials 10660 checks 1679
BODY (1, 4, 5, 8, 10, 14) L 3920 high 387 d1 196 counts 10 5 5 0 trials 4495 checks 3919
BODY (1, 4, 5, 8, 12, 14) L 11760 high 1159 d1 588 counts 9 7 2 0 trials 35990 checks 11759
BODY (1, 4, 6, 8, 10, 12) L 1680 high 166 d1 84 counts 165 160 5 0 trials 10660 checks 1679
BODY (1, 4, 6, 8, 10, 14) L 11760 high 1159 d1 588 counts 1648 639 1009 0 trials 35990 checks 11759
BODY (1, 4, 6, 8, 12, 14) L 2352 high 232 d1 588 counts 20 14 6 0 trials 4495 checks 2351
BODY (1, 4, 6, 9, 10, 12) L 2520 high 249 d1 126 counts 20 20 0 0 trials 18424 checks 2519
BODY (1, 4, 6, 10, 11, 14) L 64680 high 6371 d1 3234 counts 282 24 258 0 trials 147440 checks 64679
BODY (1, 4, 6, 10, 12, 14) L 5880 high 580 d1 294 counts 200 74 126 0 trials 18424 checks 5879
BODY (1, 4, 7, 8, 10, 12) L 11760 high 1159 d1 588 counts 25 25 0 0 trials 35990 checks 11759
BODY (1, 4, 7, 8, 10, 14) L 3920 high 387 d1 196 counts 1 0 1 0 trials 4495 checks 3919
BODY (1, 4, 8, 9, 10, 12) L 5040 high 497 d1 252 counts 229 227 2 0 trials 35990 checks 5039
BODY (1, 4, 8, 9, 10, 14) L 35280 high 3475 d1 1764 counts 229 64 165 0 trials 121485 checks 35279
BODY (1, 4, 8, 10, 11, 12) L 18480 high 1821 d1 924 counts 2 2 0 0 trials 85320 checks 18479
BODY (1, 4, 8, 10, 11, 14) L 43120 high 4247 d1 2156 counts 345 72 273 0 trials 35990 checks 43119
BODY (1, 4, 8, 10, 12, 13) L 21840 high 2151 d1 84 counts 29 29 0 0 trials 85320 checks 21839
BODY (1, 4, 8, 10, 12, 14) L 11760 high 1159 d1 588 counts 4182 1915 2267 0 trials 35990 checks 11759
BODY (1, 4, 9, 10, 12, 14) L 17640 high 1738 d1 882 counts 505 225 272 8 trials 62196 checks 17639
RES (1, 4, 9, 10, 12, 14) (120, 490, 882, 1764) {'labels': (260, 1911, 324, 410), 'total': Fraction(845608, 74041695), 'excess': Fraction(31543, 296166780)}
RES (1, 4, 9, 10, 12, 14) (120, 490, 882, 8820) {'labels': (260, 1911, 324, 298), 'total': Fraction(6116183, 538156710), 'excess': Fraction(10949, 215262684)}
RES (1, 4, 9, 10, 12, 14) (360, 490, 882, 1764) {'labels': (260, 2303, 324, 410), 'total': Fraction(79196011, 6959919330), 'excess': Fraction(900239, 13919838660)}
RES (1, 4, 9, 10, 12, 14) (360, 490, 882, 8820) {'labels': (260, 2303, 324, 298), 'total': Fraction(143201276, 12646682685), 'excess': Fraction(456917, 50586730740)}
RES (1, 4, 9, 10, 12, 14) (490, 840, 882, 1764) {'labels': (260, 324, 1743, 410), 'total': Fraction(142532899, 12290921370), 'excess': Fraction(6942011, 24581842740)}
RES (1, 4, 9, 10, 12, 14) (490, 840, 882, 8820) {'labels': (260, 324, 1743, 298), 'total': Fraction(257750054, 22333503465), 'excess': Fraction(20257673, 89334013860)}
RES (1, 4, 9, 10, 12, 14) (490, 882, 1764, 2520) {'labels': (260, 324, 410, 2527), 'total': Fraction(1238940061, 106916207580), 'excess': Fraction(7317283, 26729051895)}
RES (1, 4, 9, 10, 12, 14) (490, 882, 2520, 8820) {'labels': (260, 324, 2527, 298), 'total': Fraction(4480870327, 388549144620), 'excess': Fraction(42374573, 194274572310)}
BODY (1, 4, 10, 11, 12, 14) L 64680 high 6371 d1 3234 counts 2369 683 1605 81 trials 147440 checks 64679
RES (1, 4, 10, 11, 12, 14) (40, 2156, 2695, 3234) {'labels': (260, 17787, 270, 312), 'total': Fraction(802531, 72837765), 'excess': Fraction(34303, 291351060)}
RES (1, 4, 10, 11, 12, 14) (40, 2156, 3234, 5390) {'labels': (260, 17787, 270, 324), 'total': Fraction(1002107, 87405318), 'excess': Fraction(493607, 874053180)}
RES (1, 4, 10, 11, 12, 14) (120, 2156, 2695, 3234) {'labels': (260, 9163, 270, 312), 'total': Fraction(4967323, 450269820), 'excess': Fraction(14809, 112567455)}
RES (1, 4, 10, 11, 12, 14) (120, 2156, 3234, 5390) {'labels': (260, 9163, 270, 324), 'total': Fraction(3101155, 270161892), 'excess': Fraction(390757, 675404730)}
RES (1, 4, 10, 11, 12, 14) (165, 1960, 2156, 3234) {'labels': (260, 7448, 297, 270), 'total': Fraction(749261, 67099032), 'excess': Fraction(12757, 47927880)}
RES (1, 4, 10, 11, 12, 14) (196, 2310, 3234, 64680) {'labels': (260, 8250, 364, 299), 'total': Fraction(421646, 38458875), 'excess': Fraction(106999, 1692190500)}
RES (1, 4, 10, 11, 12, 14) (280, 2156, 2695, 3234) {'labels': (260, 7623, 270, 312), 'total': Fraction(806236, 72837765), 'excess': Fraction(49123, 291351060)}
RES (1, 4, 10, 11, 12, 14) (280, 2156, 3234, 5390) {'labels': (260, 7623, 270, 324), 'total': Fraction(1006553, 87405318), 'excess': Fraction(538067, 874053180)}
RES (1, 4, 10, 11, 12, 14) (330, 1960, 2156, 3234) {'labels': (260, 9604, 297, 270), 'total': Fraction(241174, 21630609), 'excess': Fraction(107867, 432612180)}
RES (1, 4, 10, 11, 12, 14) (392, 2310, 3234, 64680) {'labels': (260, 6765, 364, 299), 'total': Fraction(30491863, 2775192420), 'excess': Fraction(120683, 1387596210)}
RES (1, 4, 10, 11, 12, 14) (440, 1960, 2156, 3234) {'labels': (260, 10731, 297, 270), 'total': Fraction(51235, 4603599), 'excess': Fraction(147599, 644503860)}
RES (1, 4, 10, 11, 12, 14) (440, 2156, 2695, 3234) {'labels': (260, 10731, 270, 312), 'total': Fraction(1525297, 138107970), 'excess': Fraction(55651, 386702316)}
RES (1, 4, 10, 11, 12, 14) (440, 2156, 3234, 5390) {'labels': (260, 10731, 270, 324), 'total': Fraction(340078, 29594565), 'excess': Fraction(3427579, 5800534740)}
RES (1, 4, 10, 11, 12, 14) (588, 2310, 3234, 21560) {'labels': (260, 550, 364, 8517), 'total': Fraction(466125973, 41775033300), 'excess': Fraction(2691142, 10443758325)}
RES (1, 4, 10, 11, 12, 14) (588, 2310, 3234, 64680) {'labels': (260, 550, 364, 6389), 'total': Fraction(47735689, 4273282650), 'excess': Fraction(25421503, 94012218300)}
RES (1, 4, 10, 11, 12, 14) (616, 1960, 3234, 5390) {'labels': (260, 7035, 297, 324), 'total': Fraction(58109239, 5323778460), 'excess': Fraction(19582, 1330944615)}
RES (1, 4, 10, 11, 12, 14) (660, 1960, 2156, 3234) {'labels': (260, 7742, 297, 270), 'total': Fraction(389173, 34873839), 'excess': Fraction(180737, 697476780)}
RES (1, 4, 10, 11, 12, 14) (840, 2156, 2695, 3234) {'labels': (260, 9779, 270, 312), 'total': Fraction(37158419, 3363780420), 'excess': Fraction(246061, 1681890210)}
RES (1, 4, 10, 11, 12, 14) (840, 2156, 3234, 5390) {'labels': (260, 9779, 270, 324), 'total': Fraction(115986043, 10091341260), 'excess': Fraction(1496788, 2522835315)}
RES (1, 4, 10, 11, 12, 14) (924, 1960, 2695, 3234) {'labels': (260, 350, 297, 7872), 'total': Fraction(960468721, 86875588800), 'excess': Fraction(13496641, 86875588800)}
RES (1, 4, 10, 11, 12, 14) (924, 1960, 3234, 5390) {'labels': (260, 350, 8151, 324), 'total': Fraction(85912427, 7548641100), 'excess': Fraction(907448, 1887160275)}
RES (1, 4, 10, 11, 12, 14) (924, 1960, 3234, 8085) {'labels': (260, 350, 297, 7096), 'total': Fraction(117858857, 10678859100), 'excess': Fraction(8007071, 58733725050)}
RES (1, 4, 10, 11, 12, 14) (924, 1960, 3234, 10780) {'labels': (260, 350, 297, 6882), 'total': Fraction(837016051, 75949924050), 'excess': Fraction(18274517, 151899848100)}
RES (1, 4, 10, 11, 12, 14) (924, 1960, 3234, 16170) {'labels': (260, 350, 297, 6932), 'total': Fraction(115520569, 10432053450), 'excess': Fraction(39771703, 229505175900)}
RES (1, 4, 10, 11, 12, 14) (924, 1960, 3234, 21560) {'labels': (260, 350, 297, 8517), 'total': Fraction(1032681341, 93993824925), 'excess': Fraction(32472719, 375975299700)}
RES (1, 4, 10, 11, 12, 14) (924, 1960, 3234, 32340) {'labels': (260, 350, 297, 6478), 'total': Fraction(107288651, 9748823175), 'excess': Fraction(45025999, 428948219700)}
RES (1, 4, 10, 11, 12, 14) (924, 1960, 3234, 64680) {'labels': (260, 350, 297, 6389), 'total': Fraction(9306719179, 846109964700), 'excess': Fraction(20961571, 211527491175)}
RES (1, 4, 10, 11, 12, 14) (924, 2695, 3234, 5880) {'labels': (260, 350, 312, 7073), 'total': Fraction(103776677, 9461552100), 'excess': Fraction(160673, 2365388025)}
RES (1, 4, 10, 11, 12, 14) (924, 2695, 3234, 21560) {'labels': (260, 350, 312, 8517), 'total': Fraction(227707213, 20887516650), 'excess': Fraction(53021, 41775033300)}
RES (1, 4, 10, 11, 12, 14) (924, 2695, 3234, 64680) {'labels': (260, 350, 312, 6389), 'total': Fraction(31093317, 2848855100), 'excess': Fraction(219301, 15668703050)}
RES (1, 4, 10, 11, 12, 14) (924, 3234, 5390, 5880) {'labels': (260, 350, 324, 7073), 'total': Fraction(2916160649, 255461906700), 'excess': Fraction(65771527, 127730953350)}
RES (1, 4, 10, 11, 12, 14) (924, 3234, 5390, 21560) {'labels': (260, 350, 324, 8517), 'total': Fraction(3200091878, 281981474775), 'excess': Fraction(45964507, 102538718100)}
RES (1, 4, 10, 11, 12, 14) (924, 3234, 5390, 64680) {'labels': (260, 350, 324, 6389), 'total': Fraction(28838767957, 2538329894100), 'excess': Fraction(292537318, 634582473525)}
RES (1, 4, 10, 11, 12, 14) (980, 2310, 3234, 4312) {'labels': (260, 9042, 364, 405), 'total': Fraction(13606169, 1209548340), 'excess': Fraction(21085, 60477417)}
RES (1, 4, 10, 11, 12, 14) (980, 2310, 3234, 64680) {'labels': (260, 9042, 364, 299), 'total': Fraction(101718269, 9273203940), 'excess': Fraction(2897, 42150927)}
RES (1, 4, 10, 11, 12, 14) (1155, 1960, 2156, 3234) {'labels': (260, 7616, 297, 270), 'total': Fraction(5402351, 480287808), 'excess': Fraction(835291, 2401439040)}
RES (1, 4, 10, 11, 12, 14) (1176, 2310, 3234, 64680) {'labels': (260, 7535, 364, 299), 'total': Fraction(33957717, 3091067980), 'excess': Fraction(132037, 1545533990)}
RES (1, 4, 10, 11, 12, 14) (1320, 1960, 2156, 3234) {'labels': (260, 6811, 297, 270), 'total': Fraction(2736667, 245441196), 'excess': Fraction(76598, 306801495)}
RES (1, 4, 10, 11, 12, 14) (1320, 2156, 2695, 3234) {'labels': (260, 6811, 270, 312), 'total': Fraction(40736699, 3681617940), 'excess': Fraction(60587, 368161794)}
RES (1, 4, 10, 11, 12, 14) (1320, 2156, 3234, 5390) {'labels': (260, 6811, 270, 324), 'total': Fraction(127147099, 11044853820), 'excess': Fraction(1688653, 2761213455)}
RES (1, 4, 10, 11, 12, 14) (1960, 2156, 2310, 3234) {'labels': (260, 8151, 270, 364), 'total': Fraction(124406, 9677745), 'excess': Fraction(983603, 503242740)}
RES (1, 4, 10, 11, 12, 14) (1960, 2156, 3080, 3234) {'labels': (260, 297, 270, 8799), 'total': Fraction(20637299, 1849637790), 'excess': Fraction(190259, 739855116)}
RES (1, 4, 10, 11, 12, 14) (1960, 2156, 3234, 4620) {'labels': (260, 297, 270, 9002), 'total': Fraction(3197809, 283846563), 'excess': Fraction(2075789, 5676931260)}
RES (1, 4, 10, 11, 12, 14) (1960, 2156, 3234, 9240) {'labels': (260, 297, 270, 6643), 'total': Fraction(7240643, 644503860), 'excess': Fraction(107671, 322251930)}
RES (1, 4, 10, 11, 12, 14) (1960, 2310, 3234, 4312) {'labels': (260, 297, 364, 7125), 'total': Fraction(13974323, 1143733500), 'excess': Fraction(4144957, 3145267125)}
RES (1, 4, 10, 11, 12, 14) (1960, 2310, 3234, 6468) {'labels': (260, 297, 364, 7270), 'total': Fraction(118441139, 9627828210), 'excess': Fraction(26989381, 19255656420)}
RES (1, 4, 10, 11, 12, 14) (1960, 2310, 3234, 10780) {'labels': (260, 297, 364, 6882), 'total': Fraction(185526269, 15189984810), 'excess': Fraction(39901021, 30379969620)}
RES (1, 4, 10, 11, 12, 14) (1960, 2310, 3234, 12936) {'labels': (260, 297, 364, 6565), 'total': Fraction(1256599, 102889710), 'excess': Fraction(3511763, 2675132460)}
RES (1, 4, 10, 11, 12, 14) (1960, 2310, 3234, 21560) {'labels': (260, 297, 364, 8517), 'total': Fraction(228964936, 18798764985), 'excess': Fraction(19241843, 15039011988)}
RES (1, 4, 10, 11, 12, 14) (1960, 2310, 3234, 32340) {'labels': (260, 297, 364, 6478), 'total': Fraction(4756796, 389952927), 'excess': Fraction(111360191, 85789643940)}
RES (1, 4, 10, 11, 12, 14) (1960, 2310, 3234, 64680) {'labels': (260, 297, 364, 6389), 'total': Fraction(2063241347, 169221992940), 'excess': Fraction(54666692, 42305498235)}
RES (1, 4, 10, 11, 12, 14) (1960, 3234, 4620, 5390) {'labels': (260, 297, 9002, 324), 'total': Fraction(112253987, 10218476268), 'excess': Fraction(1086604, 12773095335)}
RES (1, 4, 10, 11, 12, 14) (1960, 3234, 5390, 9240) {'labels': (260, 297, 324, 6643), 'total': Fraction(15884563, 1450133685), 'excess': Fraction(310543, 5800534740)}
RES (1, 4, 10, 11, 12, 14) (2156, 2310, 3234, 5880) {'labels': (260, 270, 364, 7073), 'total': Fraction(9977663, 774126990), 'excess': Fraction(33867413, 17030793780)}
RES (1, 4, 10, 11, 12, 14) (2156, 2310, 3234, 21560) {'labels': (260, 270, 364, 8517), 'total': Fraction(964171007, 75195059940), 'excess': Fraction(72260239, 37597529970)}
RES (1, 4, 10, 11, 12, 14) (2156, 2310, 3234, 64680) {'labels': (260, 270, 364, 6389), 'total': Fraction(108598148, 8461099647), 'excess': Fraction(327388381, 169221992940)}
RES (1, 4, 10, 11, 12, 14) (2156, 2695, 3080, 3234) {'labels': (260, 270, 312, 8799), 'total': Fraction(30719842, 2774456685), 'excess': Fraction(1909459, 11097826740)}
RES (1, 4, 10, 11, 12, 14) (2156, 2695, 3234, 9240) {'labels': (260, 270, 312, 6643), 'total': Fraction(21557387, 1933511580), 'excess': Fraction(120371, 483377895)}
RES (1, 4, 10, 11, 12, 14) (2156, 3080, 3234, 5390) {'labels': (260, 270, 8799, 324), 'total': Fraction(191760073, 16646740110), 'excess': Fraction(20610419, 33293480220)}
RES (1, 4, 10, 11, 12, 14) (2156, 3234, 5390, 9240) {'labels': (260, 270, 324, 6643), 'total': Fraction(13452995, 1160106948), 'excess': Fraction(2018633, 2900267370)}
RES (1, 4, 10, 11, 12, 14) (2310, 2940, 3234, 4312) {'labels': (260, 364, 286, 7125), 'total': Fraction(8259271, 698948250), 'excess': Fraction(1281017, 1397896500)}
RES (1, 4, 10, 11, 12, 14) (2310, 2940, 3234, 12936) {'labels': (260, 364, 286, 6565), 'total': Fraction(1170283, 99078980), 'excess': Fraction(9029, 9907898)}
RES (1, 4, 10, 11, 12, 14) (2310, 2940, 3234, 21560) {'labels': (260, 364, 286, 8517), 'total': Fraction(32802691, 2785002220), 'excess': Fraction(611316, 696250555)}
RES (1, 4, 10, 11, 12, 14) (2310, 2940, 3234, 64680) {'labels': (260, 364, 286, 6389), 'total': Fraction(22170079, 1880244366), 'excess': Fraction(16748059, 18802443660)}
RES (1, 4, 10, 11, 12, 14) (2310, 3234, 4312, 5880) {'labels': (260, 364, 7125, 451), 'total': Fraction(659195497, 57313756500), 'excess': Fraction(783113, 1302585375)}
RES (1, 4, 10, 11, 12, 14) (2310, 3234, 4312, 10780) {'labels': (260, 364, 405, 6882), 'total': Fraction(56971163, 5063328270), 'excess': Fraction(3558487, 10126656540)}
RES (1, 4, 10, 11, 12, 14) (2310, 3234, 4312, 21560) {'labels': (260, 364, 405, 8517), 'total': Fraction(70293502, 6266254995), 'excess': Fraction(1591433, 5013003996)}
RES (1, 4, 10, 11, 12, 14) (2310, 3234, 4312, 32340) {'labels': (260, 364, 405, 6478), 'total': Fraction(16066090, 1429827399), 'excess': Fraction(9610157, 28596547980)}
RES (1, 4, 10, 11, 12, 14) (2310, 3234, 4312, 64680) {'labels': (260, 364, 405, 6389), 'total': Fraction(633483209, 56407330980), 'excess': Fraction(4656254, 14101832745)}
RES (1, 4, 10, 11, 12, 14) (2310, 3234, 5880, 6468) {'labels': (260, 364, 451, 7270), 'total': Fraction(46193933, 3987282390), 'excess': Fraction(60087773, 87720212580)}
RES (1, 4, 10, 11, 12, 14) (2310, 3234, 5880, 10780) {'labels': (260, 364, 451, 6882), 'total': Fraction(265194851, 23066273230), 'excess': Fraction(27529991, 46132546460)}
RES (1, 4, 10, 11, 12, 14) (2310, 3234, 5880, 12936) {'labels': (260, 364, 451, 6565), 'total': Fraction(163291, 14203630), 'excess': Fraction(2421513, 4062238180)}
RES (1, 4, 10, 11, 12, 14) (2310, 3234, 5880, 21560) {'labels': (260, 364, 451, 8517), 'total': Fraction(327230082, 28546272755), 'excess': Fraction(64265821, 114185091020)}
RES (1, 4, 10, 11, 12, 14) (2310, 3234, 5880, 32340) {'labels': (260, 364, 451, 6478), 'total': Fraction(27361522, 2383045665), 'excess': Fraction(503837, 866562060)}
RES (1, 4, 10, 11, 12, 14) (2310, 3234, 5880, 64680) {'labels': (260, 364, 451, 6389), 'total': Fraction(8846752331, 770900190060), 'excess': Fraction(22184518, 38545009503)}
RES (1, 4, 10, 11, 12, 14) (2310, 3234, 6468, 64680) {'labels': (260, 364, 7270, 299), 'total': Fraction(272126293, 24604449870), 'excess': Fraction(7859627, 49208899740)}
RES (1, 4, 10, 11, 12, 14) (2310, 3234, 10780, 64680) {'labels': (260, 364, 6882, 299), 'total': Fraction(141971001, 12939616690), 'excess': Fraction(168179, 2352657580)}
RES (1, 4, 10, 11, 12, 14) (2310, 3234, 12936, 64680) {'labels': (260, 364, 6565, 299), 'total': Fraction(12500623, 1139408270), 'excess': Fraction(161407, 2278816540)}
RES (1, 4, 10, 11, 12, 14) (2310, 3234, 21560, 64680) {'labels': (260, 364, 8517, 299), 'total': Fraction(175156484, 16013762765), 'excess': Fraction(481023, 12811010212)}
RES (1, 4, 10, 11, 12, 14) (2310, 3234, 32340, 64680) {'labels': (260, 364, 6478, 299), 'total': Fraction(120104944, 10962010059), 'excess': Fraction(12309617, 219240201180)}
RES (1, 4, 10, 11, 12, 14) (2310, 3234, 64680, 64680) {'labels': (260, 364, 6389, 299), 'total': Fraction(4735654349, 432456204180), 'excess': Fraction(5435384, 108114051045)}
BODY (1, 5, 8, 10, 12, 14) L 11760 high 1159 d1 588 counts 15 12 3 0 trials 35990 checks 11759
BODY (1, 6, 7, 9, 12, 14) L 3528 high 348 d1 882 counts 1 0 1 0 trials 7770 checks 3527
BODY (1, 6, 7, 10, 12, 14) L 5880 high 580 d1 294 counts 1 0 1 0 trials 18424 checks 5879
BODY (1, 6, 8, 9, 10, 12) L 5040 high 497 d1 252 counts 29 29 0 0 trials 35990 checks 5039
BODY (1, 6, 8, 9, 10, 14) L 35280 high 3475 d1 1764 counts 26 0 26 0 trials 121485 checks 35279
BODY (1, 6, 8, 10, 11, 12) L 18480 high 1821 d1 924 counts 12 12 0 0 trials 85320 checks 18479
BODY (1, 6, 8, 10, 11, 14) L 129360 high 12741 d1 6468 counts 3509 1123 2221 165 trials 287980 checks 129359
RES (1, 6, 8, 10, 11, 14) (2, 1848, 3920, 6468) {'labels': (260, 64680, 350, 297), 'total': Fraction(244229, 22072050), 'excess': Fraction(11303, 12612600)}
RES (1, 6, 8, 10, 11, 14) (2, 2352, 4620, 6468) {'labels': (260, 64680, 275, 364), 'total': Fraction(309989, 29429400), 'excess': Fraction(383, 1051050)}
RES (1, 6, 8, 10, 11, 14) (2, 2352, 5390, 6468) {'labels': (260, 64680, 275, 312), 'total': Fraction(151687, 14714700), 'excess': Fraction(587, 4204200)}
RES (1, 6, 8, 10, 11, 14) (2, 3920, 4312, 6468) {'labels': (260, 64680, 297, 270), 'total': Fraction(68291, 6621615), 'excess': Fraction(1093, 7567560)}
RES (1, 6, 8, 10, 11, 14) (2, 3920, 4620, 6468) {'labels': (260, 64680, 297, 364), 'total': Fraction(98939, 8828820), 'excess': Fraction(2617, 2522520)}
RES (1, 6, 8, 10, 11, 14) (2, 3920, 5390, 6468) {'labels': (260, 64680, 297, 312), 'total': Fraction(193909, 17657640), 'excess': Fraction(205, 252252)}
RES (1, 6, 8, 10, 11, 14) (2, 3920, 6468, 32340) {'labels': (260, 64680, 297, 268), 'total': Fraction(1548947, 147882735), 'excess': Fraction(51589, 169008840)}
RES (1, 6, 8, 10, 11, 14) (2, 4620, 6468, 11760) {'labels': (260, 64680, 364, 451), 'total': Fraction(163923, 16088072), 'excess': Fraction(29, 1436435)}
RES (1, 6, 8, 10, 11, 14) (3, 2352, 5390, 6468) {'labels': (260, 43120, 275, 312), 'total': Fraction(202271, 19619600), 'excess': Fraction(251, 1783600)}
RES (1, 6, 8, 10, 11, 14) (3, 3920, 5390, 6468) {'labels': (260, 43120, 297, 312), 'total': Fraction(387857, 35315280), 'excess': Fraction(28739, 35315280)}
RES (1, 6, 8, 10, 11, 14) (3, 3920, 6468, 32340) {'labels': (260, 43120, 297, 268), 'total': Fraction(4957153, 473224752), 'excess': Fraction(724859, 2366123760)}
RES (1, 6, 8, 10, 11, 14) (15, 3920, 6468, 32340) {'labels': (260, 17248, 297, 268), 'total': Fraction(3545303, 338017680), 'excess': Fraction(151243, 473224752)}
RES (1, 6, 8, 10, 11, 14) (16, 4620, 5880, 6468) {'labels': (260, 24255, 364, 286), 'total': Fraction(1546, 147147), 'excess': Fraction(1987, 5885880)}
RES (1, 6, 8, 10, 11, 14) (16, 4620, 6468, 11760) {'labels': (260, 24255, 364, 451), 'total': Fraction(1229689, 120660540), 'excess': Fraction(1081, 48264216)}
RES (1, 6, 8, 10, 11, 14) (16, 5390, 5880, 6468) {'labels': (260, 24255, 312, 286), 'total': Fraction(60517, 5885880), 'excess': Fraction(83, 735735)}
RES (1, 6, 8, 10, 11, 14) (30, 3920, 6468, 32340) {'labels': (260, 81928, 297, 268), 'total': Fraction(117753941, 11239087860), 'excess': Fraction(1385855, 4495635144)}
RES (1, 6, 8, 10, 11, 14) (40, 2352, 5390, 6468) {'labels': (260, 42042, 275, 312), 'total': Fraction(303559, 29429400), 'excess': Fraction(2147, 14714700)}
RES (1, 6, 8, 10, 11, 14) (48, 3920, 5390, 6468) {'labels': (260, 13475, 297, 312), 'total': Fraction(242747, 22072050), 'excess': Fraction(73193, 88288200)}
RES (1, 6, 8, 10, 11, 14) (48, 3920, 6468, 32340) {'labels': (260, 13475, 297, 268), 'total': Fraction(62054561, 5915309400), 'excess': Fraction(21617, 67219425)}
RES (1, 6, 8, 10, 11, 14) (48, 5390, 5880, 6468) {'labels': (260, 13475, 312, 286), 'total': Fraction(303001, 29429400), 'excess': Fraction(467, 3678675)}
RES (1, 6, 8, 10, 11, 14) (55, 2352, 3920, 6468) {'labels': (260, 44688, 275, 297), 'total': Fraction(34371241, 3354951600), 'excess': Fraction(36433, 479278800)}
RES (1, 6, 8, 10, 11, 14) (55, 3920, 5880, 6468) {'labels': (260, 44688, 297, 286), 'total': Fraction(6854777, 670990320), 'excess': Fraction(901, 19171152)}
RES (1, 6, 8, 10, 11, 14) (80, 2352, 5390, 6468) {'labels': (260, 17787, 275, 312), 'total': Fraction(477167, 46246200), 'excess': Fraction(24127, 161861700)}
RES (1, 6, 8, 10, 11, 14) (80, 5390, 5880, 6468) {'labels': (260, 17787, 312, 286), 'total': Fraction(2719, 264264), 'excess': Fraction(1943, 16186170)}
RES (1, 6, 8, 10, 11, 14) (110, 2352, 3920, 6468) {'labels': (260, 15288, 275, 297), 'total': Fraction(905657, 88288200), 'excess': Fraction(3931, 44144100)}
RES (1, 6, 8, 10, 11, 14) (110, 3920, 5880, 6468) {'labels': (260, 15288, 297, 286), 'total': Fraction(180619, 17657640), 'excess': Fraction(53, 882882)}
RES (1, 6, 8, 10, 11, 14) (112, 5390, 5880, 6468) {'labels': (260, 33495, 312, 286), 'total': Fraction(878803, 85345260), 'excess': Fraction(21869, 170690520)}
RES (1, 6, 8, 10, 11, 14) (120, 2352, 5390, 6468) {'labels': (260, 31262, 275, 312), 'total': Fraction(2936537, 284484200), 'excess': Fraction(21821, 142242100)}
RES (1, 6, 8, 10, 11, 14) (120, 3920, 5390, 6468) {'labels': (260, 31262, 297, 312), 'total': Fraction(281521, 25603578), 'excess': Fraction(423209, 512071560)}
RES (1, 6, 8, 10, 11, 14) (120, 3920, 6468, 32340) {'labels': (260, 31262, 297, 268), 'total': Fraction(359828657, 34308794520), 'excess': Fraction(273638, 857719863)}
RES (1, 6, 8, 10, 11, 14) (165, 2352, 3920, 6468) {'labels': (260, 13328, 275, 297), 'total': Fraction(453241, 44144100), 'excess': Fraction(1241, 12612600)}
RES (1, 6, 8, 10, 11, 14) (165, 3920, 5880, 6468) {'labels': (260, 13328, 297, 286), 'total': Fraction(22598, 2207205), 'excess': Fraction(5, 72072)}
RES (1, 6, 8, 10, 11, 14) (176, 3920, 5390, 6468) {'labels': (260, 18375, 297, 312), 'total': Fraction(4854511, 441441000), 'excess': Fraction(45692, 55180125)}
RES (1, 6, 8, 10, 11, 14) (176, 3920, 5880, 6468) {'labels': (260, 18375, 297, 286), 'total': Fraction(564092, 55180125), 'excess': Fraction(23761, 441441000)}
RES (1, 6, 8, 10, 11, 14) (176, 3920, 6468, 32340) {'labels': (260, 18375, 297, 268), 'total': Fraction(155122031, 14788273500), 'excess': Fraction(862067, 2688777000)}
RES (1, 6, 8, 10, 11, 14) (176, 5390, 5880, 6468) {'labels': (260, 18375, 312, 286), 'total': Fraction(252477, 24524500), 'excess': Fraction(6179, 49049000)}
RES (1, 6, 8, 10, 11, 14) (220, 2352, 3920, 6468) {'labels': (260, 24108, 275, 297), 'total': Fraction(37133587, 3619816200), 'excess': Fraction(40499, 452477025)}
RES (1, 6, 8, 10, 11, 14) (220, 3920, 5880, 6468) {'labels': (260, 24108, 297, 286), 'total': Fraction(7405709, 723963240), 'excess': Fraction(4379, 72396324)}
RES (1, 6, 8, 10, 11, 14) (240, 2352, 5390, 6468) {'labels': (260, 15631, 275, 312), 'total': Fraction(2939137, 284484200), 'excess': Fraction(3303, 20320300)}
RES (1, 6, 8, 10, 11, 14) (240, 3920, 5390, 6468) {'labels': (260, 15631, 297, 312), 'total': Fraction(281755, 25603578), 'excess': Fraction(5557, 6650280)}
RES (1, 6, 8, 10, 11, 14) (240, 3920, 6468, 32340) {'labels': (260, 15631, 297, 268), 'total': Fraction(360142217, 34308794520), 'excess': Fraction(40211, 122531409)}
RES (1, 6, 8, 10, 11, 14) (240, 5390, 5880, 6468) {'labels': (260, 15631, 312, 286), 'total': Fraction(1758529, 170690520), 'excess': Fraction(37, 277095)}
RES (1, 6, 8, 10, 11, 14) (280, 2352, 5390, 6468) {'labels': (260, 15246, 275, 312), 'total': Fraction(914477, 88288200), 'excess': Fraction(8341, 44144100)}
RES (1, 6, 8, 10, 11, 14) (330, 2352, 3920, 6468) {'labels': (260, 23128, 275, 297), 'total': Fraction(6677261, 651125475), 'excess': Fraction(448183, 5209003800)}
RES (1, 6, 8, 10, 11, 14) (330, 3920, 5880, 6468) {'labels': (260, 23128, 297, 286), 'total': Fraction(5326693, 520900380), 'excess': Fraction(11881, 208360152)}
RES (1, 6, 8, 10, 11, 14) (336, 3920, 5390, 6468) {'labels': (260, 22715, 297, 312), 'total': Fraction(573145, 52090038), 'excess': Fraction(868919, 1041800760)}
RES (1, 6, 8, 10, 11, 14) (336, 3920, 6468, 32340) {'labels': (260, 22715, 297, 268), 'total': Fraction(732595007, 69800650920), 'excess': Fraction(569957, 1745016273)}
RES (1, 6, 8, 10, 11, 14) (336, 5390, 5880, 6468) {'labels': (260, 22715, 312, 286), 'total': Fraction(3577159, 347266920), 'excess': Fraction(5729, 43408365)}
RES (1, 6, 8, 10, 11, 14) (385, 2352, 3920, 6468) {'labels': (260, 13104, 275, 297), 'total': Fraction(608263, 58858800), 'excess': Fraction(9733, 58858800)}
RES (1, 6, 8, 10, 11, 14) (385, 3920, 5880, 6468) {'labels': (260, 13104, 297, 286), 'total': Fraction(40437, 3923920), 'excess': Fraction(107, 784784)}
RES (1, 6, 8, 10, 11, 14) (440, 2352, 3920, 6468) {'labels': (260, 15582, 275, 297), 'total': Fraction(48054271, 4679274600), 'excess': Fraction(58892, 584909325)}
RES (1, 6, 8, 10, 11, 14) (440, 2352, 5390, 6468) {'labels': (260, 15582, 275, 312), 'total': Fraction(16130627, 1559758200), 'excess': Fraction(134791, 779879100)}
RES (1, 6, 8, 10, 11, 14) (440, 3920, 5390, 6468) {'labels': (260, 15582, 297, 312), 'total': Fraction(515413, 46792746), 'excess': Fraction(791633, 935854920)}
RES (1, 6, 8, 10, 11, 14) (440, 3920, 5880, 6468) {'labels': (260, 15582, 297, 286), 'total': Fraction(9583697, 935854920), 'excess': Fraction(6707, 93585492)}
RES (1, 6, 8, 10, 11, 14) (440, 3920, 6468, 32340) {'labels': (260, 15582, 297, 268), 'total': Fraction(658836089, 62702279640), 'excess': Fraction(48232, 142505181)}
RES (1, 6, 8, 10, 11, 14) (528, 3920, 5390, 6468) {'labels': (260, 17395, 297, 312), 'total': Fraction(313543, 28493010), 'excess': Fraction(1047203, 1253692440)}
RES (1, 6, 8, 10, 11, 14) (528, 3920, 5880, 6468) {'labels': (260, 17395, 297, 286), 'total': Fraction(12825251, 1253692440), 'excess': Fraction(38281, 626846220)}
RES (1, 6, 8, 10, 11, 14) (528, 3920, 6468, 32340) {'labels': (260, 17395, 297, 268), 'total': Fraction(881701547, 83997393480), 'excess': Fraction(3442423, 10499674185)}
RES (1, 6, 8, 10, 11, 14) (528, 5390, 5880, 6468) {'labels': (260, 17395, 312, 286), 'total': Fraction(78277, 7598136), 'excess': Fraction(6959, 52237185)}
RES (1, 6, 8, 10, 11, 14) (560, 2352, 5390, 6468) {'labels': (260, 14091, 275, 312), 'total': Fraction(6190033, 598397800), 'excess': Fraction(52489, 299198900)}
RES (1, 6, 8, 10, 11, 14) (560, 5390, 5880, 6468) {'labels': (260, 14091, 312, 286), 'total': Fraction(336691, 32639880), 'excess': Fraction(6571, 44879835)}
RES (1, 6, 8, 10, 11, 14) (660, 2352, 3920, 6468) {'labels': (260, 20188, 275, 297), 'total': Fraction(93335471, 9093684600), 'excess': Fraction(431293, 4546842300)}
RES (1, 6, 8, 10, 11, 14) (660, 3920, 5880, 6468) {'labels': (260, 20188, 297, 286), 'total': Fraction(18614317, 1818736920), 'excess': Fraction(5987, 90936846)}
RES (1, 6, 8, 10, 11, 14) (770, 2352, 3920, 6468) {'labels': (260, 18984, 275, 297), 'total': Fraction(102743491, 9976566600), 'excess': Fraction(161582, 1247070825)}
RES (1, 6, 8, 10, 11, 14) (770, 3920, 5880, 6468) {'labels': (260, 18984, 297, 286), 'total': Fraction(20490797, 1995313320), 'excess': Fraction(20063, 199531332)}
RES (1, 6, 8, 10, 11, 14) (784, 4620, 5880, 6468) {'labels': (260, 18315, 364, 286), 'total': Fraction(1723847, 163333170), 'excess': Fraction(50341, 130666536)}
RES (1, 6, 8, 10, 11, 14) (784, 4620, 6468, 11760) {'labels': (260, 18315, 364, 451), 'total': Fraction(137134013, 13393319940), 'excess': Fraction(1877023, 26786639880)}
RES (1, 6, 8, 10, 11, 14) (784, 5390, 6468, 18480) {'labels': (260, 18315, 312, 371), 'total': Fraction(70550789, 6925326408), 'excess': Fraction(319373, 17313316020)}
RES (1, 6, 8, 10, 11, 14) (840, 2352, 5390, 6468) {'labels': (260, 13706, 275, 312), 'total': Fraction(825047, 79370200), 'excess': Fraction(98661, 436536100)}
RES (1, 6, 8, 10, 11, 14) (840, 3920, 5390, 6468) {'labels': (260, 13706, 297, 312), 'total': Fraction(869683, 78576498), 'excess': Fraction(1412909, 1571529960)}
RES (1, 6, 8, 10, 11, 14) (840, 3920, 6468, 32340) {'labels': (260, 13706, 297, 268), 'total': Fraction(1111946117, 105292507320), 'excess': Fraction(1030895, 2632312683)}
RES (1, 6, 8, 10, 11, 14) (880, 2352, 3920, 6468) {'labels': (260, 13671, 275, 297), 'total': Fraction(4681757, 456155700), 'excess': Fraction(86299, 912311400)}
RES (1, 6, 8, 10, 11, 14) (880, 2352, 5390, 6468) {'labels': (260, 13671, 275, 312), 'total': Fraction(7072003, 684233550), 'excess': Fraction(456367, 2736934200)}
RES (1, 6, 8, 10, 11, 14) (880, 3920, 5390, 6468) {'labels': (260, 13671, 297, 312), 'total': Fraction(401735, 36492456), 'excess': Fraction(19154, 22807785)}
RES (1, 6, 8, 10, 11, 14) (880, 3920, 5880, 6468) {'labels': (260, 13671, 297, 286), 'total': Fraction(233426, 22807785), 'excess': Fraction(2393, 36492456)}
RES (1, 6, 8, 10, 11, 14) (880, 3920, 6468, 32340) {'labels': (260, 13671, 297, 268), 'total': Fraction(64188923, 6112486380), 'excess': Fraction(812633, 2444994552)}
RES (1, 6, 8, 10, 11, 14) (880, 5390, 5880, 6468) {'labels': (260, 13671, 312, 286), 'total': Fraction(2820859, 273693420), 'excess': Fraction(75389, 547386840)}
RES (1, 6, 8, 10, 11, 14) (1155, 2352, 3920, 6468) {'labels': (260, 13888, 275, 297), 'total': Fraction(113208143, 10947736800), 'excess': Fraction(1881563, 10947736800)}
RES (1, 6, 8, 10, 11, 14) (1155, 3920, 5880, 6468) {'labels': (260, 13888, 297, 286), 'total': Fraction(22578091, 2189547360), 'excess': Fraction(62555, 437909472)}
RES (1, 6, 8, 10, 11, 14) (1232, 3920, 5390, 6468) {'labels': (260, 21735, 297, 312), 'total': Fraction(13421347, 1218377160), 'excess': Fraction(128972, 152297145)}
RES (1, 6, 8, 10, 11, 14) (1232, 3920, 5880, 6468) {'labels': (260, 21735, 297, 286), 'total': Fraction(141796, 13845195), 'excess': Fraction(88477, 1218377160)}
RES (1, 6, 8, 10, 11, 14) (1232, 3920, 6468, 32340) {'labels': (260, 21735, 297, 268), 'total': Fraction(428903843, 40815634860), 'excess': Fraction(27706429, 81631269720)}
RES (1, 6, 8, 10, 11, 14) (1232, 5390, 5880, 6468) {'labels': (260, 21735, 312, 286), 'total': Fraction(6282977, 609188580), 'excess': Fraction(176383, 1218377160)}
RES (1, 6, 8, 10, 11, 14) (1320, 2352, 3920, 6468) {'labels': (260, 16562, 275, 297), 'total': Fraction(1683113, 163963800), 'excess': Fraction(13807, 143468325)}
RES (1, 6, 8, 10, 11, 14) (1320, 2352, 5390, 6468) {'labels': (260, 16562, 275, 312), 'total': Fraction(188327, 18218200), 'excess': Fraction(10737, 63763700)}
RES (1, 6, 8, 10, 11, 14) (1320, 3920, 5390, 6468) {'labels': (260, 16562, 297, 312), 'total': Fraction(2579, 234234), 'excess': Fraction(193153, 229549320)}
RES (1, 6, 8, 10, 11, 14) (1320, 3920, 5880, 6468) {'labels': (260, 16562, 297, 286), 'total': Fraction(47953, 4684680), 'excess': Fraction(1543, 22954932)}
RES (1, 6, 8, 10, 11, 14) (1320, 3920, 6468, 32340) {'labels': (260, 16562, 297, 268), 'total': Fraction(23076127, 2197114920), 'excess': Fraction(11675, 34954101)}
RES (1, 6, 8, 10, 11, 14) (1540, 2352, 3920, 6468) {'labels': (260, 14868, 275, 297), 'total': Fraction(53814913, 5209003800), 'excess': Fraction(105626, 651125475)}
RES (1, 6, 8, 10, 11, 14) (1540, 3920, 5880, 6468) {'labels': (260, 14868, 297, 286), 'total': Fraction(10732751, 1041800760), 'excess': Fraction(13877, 104180076)}
RES (1, 6, 8, 10, 11, 14) (1680, 2352, 5390, 6468) {'labels': (260, 16247, 275, 312), 'total': Fraction(2680981, 258733475), 'excess': Fraction(399543, 2069867800)}
RES (1, 6, 8, 10, 11, 14) (1680, 3920, 5390, 6468) {'labels': (260, 16247, 297, 312), 'total': Fraction(41113777, 3725762040), 'excess': Fraction(73337, 84676410)}
RES (1, 6, 8, 10, 11, 14) (1680, 3920, 6468, 32340) {'labels': (260, 16247, 297, 268), 'total': Fraction(1313977031, 124813028340), 'excess': Fraction(89528479, 249626056680)}
RES (1, 6, 8, 10, 11, 14) (1680, 5390, 5880, 6468) {'labels': (260, 16247, 312, 286), 'total': Fraction(1283267, 124192068), 'excess': Fraction(18517, 112901880)}
RES (1, 6, 8, 10, 11, 14) (1960, 2352, 4620, 6468) {'labels': (260, 14586, 275, 364), 'total': Fraction(220807, 20845825), 'excess': Fraction(70621, 166766600)}
RES (1, 6, 8, 10, 11, 14) (1960, 4620, 6468, 11760) {'labels': (260, 14586, 364, 451), 'total': Fraction(10510679, 1025614590), 'excess': Fraction(65035, 820491672)}
RES (1, 6, 8, 10, 11, 14) (1960, 5390, 6468, 18480) {'labels': (260, 14586, 312, 371), 'total': Fraction(54074117, 5303177880), 'excess': Fraction(3331, 120526770)}
RES (1, 6, 8, 10, 11, 14) (2310, 2352, 3920, 6468) {'labels': (260, 17416, 275, 297), 'total': Fraction(141537101, 13728815100), 'excess': Fraction(3859957, 27457630200)}
RES (1, 6, 8, 10, 11, 14) (2310, 3920, 5880, 6468) {'labels': (260, 17416, 297, 286), 'total': Fraction(14113871, 1372881510), 'excess': Fraction(122527, 1098305208)}
RES (1, 6, 8, 10, 11, 14) (2352, 2640, 3920, 6468) {'labels': (260, 275, 16807, 297), 'total': Fraction(3176197, 309008700), 'excess': Fraction(67829, 618017400)}
RES (1, 6, 8, 10, 11, 14) (2352, 2640, 5390, 6468) {'labels': (260, 275, 16807, 312), 'total': Fraction(8077, 780325), 'excess': Fraction(12491, 68668600)}
RES (1, 6, 8, 10, 11, 14) (2352, 3080, 3920, 6468) {'labels': (260, 275, 13902, 297), 'total': Fraction(302694617, 29223394200), 'excess': Fraction(690559, 3652924275)}
RES (1, 6, 8, 10, 11, 14) (2352, 3080, 5390, 6468) {'labels': (260, 275, 13902, 312), 'total': Fraction(101601029, 9741131400), 'excess': Fraction(1272157, 4870565700)}
RES (1, 6, 8, 10, 11, 14) (2352, 3920, 4620, 6468) {'labels': (260, 14135, 297, 364), 'total': Fraction(25590889, 2269006740), 'excess': Fraction(1007023, 907602696)}
RES (1, 6, 8, 10, 11, 14) (2352, 3920, 6160, 6468) {'labels': (260, 275, 297, 15267), 'total': Fraction(660705209, 64185521400), 'excess': Fraction(2002061, 16046380350)}
RES (1, 6, 8, 10, 11, 14) (2352, 3920, 6468, 9240) {'labels': (260, 275, 297, 13118), 'total': Fraction(855519059, 82726043400), 'excess': Fraction(1785643, 10340755425)}
RES (1, 6, 8, 10, 11, 14) (2352, 3920, 6468, 18480) {'labels': (260, 275, 297, 13111), 'total': Fraction(852968593, 82681899300), 'excess': Fraction(24367151, 165363798600)}
RES (1, 6, 8, 10, 11, 14) (2352, 4620, 5880, 6468) {'labels': (260, 275, 364, 13354), 'total': Fraction(23668136, 2232955725), 'excess': Fraction(699203, 1623967800)}
RES (1, 6, 8, 10, 11, 14) (2352, 4620, 6468, 11760) {'labels': (260, 275, 364, 16313), 'total': Fraction(154327339, 14547933400), 'excess': Fraction(3195337, 7273966700)}
RES (1, 6, 8, 10, 11, 14) (2352, 4620, 6468, 21560) {'labels': (260, 275, 364, 12762), 'total': Fraction(331791359, 31298166900), 'excess': Fraction(2458733, 5690575800)}
RES (1, 6, 8, 10, 11, 14) (2352, 4620, 6468, 43120) {'labels': (260, 275, 364, 14019), 'total': Fraction(242738227, 22920597700), 'excess': Fraction(19321339, 45841195400)}
RES (1, 6, 8, 10, 11, 14) (2352, 4620, 6468, 64680) {'labels': (260, 275, 364, 12814), 'total': Fraction(332910503, 31425694300), 'excess': Fraction(26690721, 62851388600)}
RES (1, 6, 8, 10, 11, 14) (2352, 4620, 6468, 129360) {'labels': (260, 275, 364, 12961), 'total': Fraction(9411981, 889124600), 'excess': Fraction(509507, 1222546325)}
RES (1, 6, 8, 10, 11, 14) (2352, 5390, 6160, 6468) {'labels': (260, 275, 312, 15267), 'total': Fraction(20161703, 1945015800), 'excess': Fraction(2106539, 10697586900)}
RES (1, 6, 8, 10, 11, 14) (2352, 5390, 6468, 9240) {'labels': (260, 275, 312, 13118), 'total': Fraction(95720861, 9191782600), 'excess': Fraction(1125213, 4595891300)}
RES (1, 6, 8, 10, 11, 14) (2352, 5390, 6468, 18480) {'labels': (260, 275, 312, 13111), 'total': Fraction(4338051, 417585350), 'excess': Fraction(4033129, 18373755400)}
RES (1, 6, 8, 10, 11, 14) (2640, 3920, 5390, 6468) {'labels': (260, 16807, 297, 312), 'total': Fraction(1362589, 123603480), 'excess': Fraction(26419, 30900870)}
RES (1, 6, 8, 10, 11, 14) (2640, 3920, 5880, 6468) {'labels': (260, 16807, 297, 286), 'total': Fraction(28793, 2809170), 'excess': Fraction(9979, 123603480)}
RES (1, 6, 8, 10, 11, 14) (2640, 3920, 6468, 32340) {'labels': (260, 16807, 297, 268), 'total': Fraction(43545587, 4140716580), 'excess': Fraction(2878003, 8281433160)}
RES (1, 6, 8, 10, 11, 14) (2640, 5390, 5880, 6468) {'labels': (260, 16807, 312, 286), 'total': Fraction(42527, 4120116), 'excess': Fraction(6299, 41201160)}
RES (1, 6, 8, 10, 11, 14) (3080, 3920, 5390, 6468) {'labels': (260, 13902, 297, 312), 'total': Fraction(3244721, 292233942), 'excess': Fraction(5460391, 5844678840)}
RES (1, 6, 8, 10, 11, 14) (3080, 3920, 5880, 6468) {'labels': (260, 13902, 297, 286), 'total': Fraction(60369319, 5844678840), 'excess': Fraction(93529, 584467884)}
RES (1, 6, 8, 10, 11, 14) (3080, 3920, 6468, 32340) {'labels': (260, 13902, 297, 268), 'total': Fraction(4149217903, 391593482280), 'excess': Fraction(379859, 889985187)}
RES (1, 6, 8, 10, 11, 14) (3696, 3920, 5390, 6468) {'labels': (260, 16835, 297, 312), 'total': Fraction(1800763, 163333170), 'excess': Fraction(559369, 653332680)}
RES (1, 6, 8, 10, 11, 14) (3696, 3920, 5880, 6468) {'labels': (260, 16835, 297, 286), 'total': Fraction(1339445, 130666536), 'excess': Fraction(26771, 326666340)}
RES (1, 6, 8, 10, 11, 14) (3696, 3920, 6468, 32340) {'labels': (260, 16835, 297, 268), 'total': Fraction(92078477, 8754657912), 'excess': Fraction(173473, 497423745)}
RES (1, 6, 8, 10, 11, 14) (3696, 5390, 5880, 6468) {'labels': (260, 16835, 312, 286), 'total': Fraction(2248121, 217777560), 'excess': Fraction(839, 5444439)}
RES (1, 6, 8, 10, 11, 14) (3920, 4620, 5880, 6468) {'labels': (260, 297, 364, 13354), 'total': Fraction(24164201, 2143637496), 'excess': Fraction(2957173, 2679546870)}
RES (1, 6, 8, 10, 11, 14) (3920, 4620, 6468, 8624) {'labels': (260, 297, 364, 18045), 'total': Fraction(9961304, 885089205), 'excess': Fraction(698843, 643701240)}
RES (1, 6, 8, 10, 11, 14) (3920, 4620, 6468, 11760) {'labels': (260, 297, 364, 16313), 'total': Fraction(36926759, 3273285015), 'excess': Fraction(5825615, 5237256024)}
RES (1, 6, 8, 10, 11, 14) (3920, 4620, 6468, 21560) {'labels': (260, 297, 364, 12762), 'total': Fraction(3136505, 278205928), 'excess': Fraction(768633, 695514820)}
RES (1, 6, 8, 10, 11, 14) (3920, 4620, 6468, 25872) {'labels': (260, 297, 364, 14125), 'total': Fraction(28088971, 2494141650), 'excess': Fraction(10905049, 9976566600)}
RES (1, 6, 8, 10, 11, 14) (3920, 4620, 6468, 43120) {'labels': (260, 297, 364, 14019), 'total': Fraction(929394353, 82514151720), 'excess': Fraction(45157573, 41257075860)}
RES (1, 6, 8, 10, 11, 14) (3920, 4620, 6468, 64680) {'labels': (260, 297, 364, 12814), 'total': Fraction(1274622443, 113132499480), 'excess': Fraction(12418793, 11313249948)}
RES (1, 6, 8, 10, 11, 14) (3920, 4620, 6468, 129360) {'labels': (260, 297, 364, 12961), 'total': Fraction(19820617, 1760466708), 'excess': Fraction(19185847, 17604667080)}
RES (1, 6, 8, 10, 11, 14) (3920, 5390, 6160, 6468) {'labels': (260, 297, 312, 15267), 'total': Fraction(17713418, 1604638035), 'excess': Fraction(11167951, 12837104280)}
RES (1, 6, 8, 10, 11, 14) (3920, 5390, 6468, 9240) {'labels': (260, 297, 312, 13118), 'total': Fraction(9171671, 827260434), 'excess': Fraction(15186637, 16545208680)}
RES (1, 6, 8, 10, 11, 14) (3920, 5390, 6468, 18480) {'labels': (260, 297, 312, 13111), 'total': Fraction(73166699, 6614551944), 'excess': Fraction(3689936, 4134094965)}
RES (1, 6, 8, 10, 11, 14) (3920, 5880, 6160, 6468) {'labels': (260, 297, 286, 15267), 'total': Fraction(11978957, 1167009480), 'excess': Fraction(614567, 6418552140)}
RES (1, 6, 8, 10, 11, 14) (3920, 5880, 6468, 9240) {'labels': (260, 297, 286, 13118), 'total': Fraction(170623693, 16545208680), 'excess': Fraction(237691, 1654520868)}
RES (1, 6, 8, 10, 11, 14) (3920, 5880, 6468, 18480) {'labels': (260, 297, 286, 13111), 'total': Fraction(3866224, 375826815), 'excess': Fraction(782741, 6614551944)}
RES (1, 6, 8, 10, 11, 14) (3920, 6160, 6468, 32340) {'labels': (260, 297, 15267, 268), 'total': Fraction(9057954319, 860085986760), 'excess': Fraction(77953747, 215021496690)}
RES (1, 6, 8, 10, 11, 14) (3920, 6468, 9240, 32340) {'labels': (260, 297, 13118, 268), 'total': Fraction(11727532741, 1108528981560), 'excess': Fraction(1034087, 2519384049)}
RES (1, 6, 8, 10, 11, 14) (3920, 6468, 18480, 32340) {'labels': (260, 297, 13111, 268), 'total': Fraction(11693215847, 1107937450620), 'excess': Fraction(170678645, 443174980248)}
RES (1, 6, 8, 10, 11, 14) (4620, 5880, 6468, 8624) {'labels': (260, 364, 286, 18045), 'total': Fraction(14943847, 1416142728), 'excess': Fraction(61729, 160925310)}
RES (1, 6, 8, 10, 11, 14) (4620, 5880, 6468, 11760) {'labels': (260, 364, 286, 16313), 'total': Fraction(92343107, 8728760040), 'excess': Fraction(895277, 2182190010)}
RES (1, 6, 8, 10, 11, 14) (4620, 5880, 6468, 25872) {'labels': (260, 364, 286, 14125), 'total': Fraction(11705731, 1108507400), 'excess': Fraction(54177, 138563425)}
RES (1, 6, 8, 10, 11, 14) (4620, 5880, 6468, 43120) {'labels': (260, 364, 286, 14019), 'total': Fraction(72621931, 6876179310), 'excess': Fraction(2158931, 5500943448)}
RES (1, 6, 8, 10, 11, 14) (4620, 5880, 6468, 129360) {'labels': (260, 364, 286, 12961), 'total': Fraction(61948787, 5868222360), 'excess': Fraction(1137673, 2934111180)}
RES (1, 6, 8, 10, 11, 14) (4620, 6468, 8624, 11760) {'labels': (260, 364, 18045, 451), 'total': Fraction(2971986049, 290309259240), 'excess': Fraction(1985653, 29030925924)}
RES (1, 6, 8, 10, 11, 14) (4620, 6468, 11760, 11760) {'labels': (260, 364, 16313, 451), 'total': Fraction(3673267441, 357879161640), 'excess': Fraction(17012741, 178939580820)}
RES (1, 6, 8, 10, 11, 14) (4620, 6468, 11760, 21560) {'labels': (260, 364, 451, 12762), 'total': Fraction(2632349729, 256644968580), 'excess': Fraction(45098887, 513289937160)}
RES (1, 6, 8, 10, 11, 14) (4620, 6468, 11760, 25872) {'labels': (260, 364, 451, 14125), 'total': Fraction(465609961, 45448803400), 'excess': Fraction(156593, 2065854700)}
RES (1, 6, 8, 10, 11, 14) (4620, 6468, 11760, 43120) {'labels': (260, 364, 451, 14019), 'total': Fraction(5777279479, 563846703420), 'excess': Fraction(87143129, 1127693406840)}
RES (1, 6, 8, 10, 11, 14) (4620, 6468, 11760, 64680) {'labels': (260, 364, 451, 12814), 'total': Fraction(7923500287, 773072079780), 'excess': Fraction(124395563, 1546144159560)}
RES (1, 6, 8, 10, 11, 14) (4620, 6468, 11760, 129360) {'labels': (260, 364, 451, 12961), 'total': Fraction(2464066453, 240597116760), 'excess': Fraction(396713, 5468116290)}
RES (1, 6, 8, 10, 11, 14) (5390, 5880, 6160, 6468) {'labels': (260, 312, 286, 15267), 'total': Fraction(8846315, 855806952), 'excess': Fraction(179611, 1069758690)}
RES (1, 6, 8, 10, 11, 14) (5390, 5880, 6468, 18480) {'labels': (260, 312, 286, 13111), 'total': Fraction(57102319, 5512126620), 'excess': Fraction(2099969, 11024253240)}
RES (1, 6, 8, 10, 11, 14) (5390, 6468, 8624, 18480) {'labels': (260, 312, 18045, 371), 'total': Fraction(43437061, 4264520715), 'excess': Fraction(6293941, 375277822920)}
RES (1, 6, 8, 10, 11, 14) (5390, 6468, 11760, 18480) {'labels': (260, 312, 16313, 371), 'total': Fraction(590560808, 57828035265), 'excess': Fraction(20100517, 462624282120)}
RES (1, 6, 8, 10, 11, 14) (5390, 6468, 18480, 21560) {'labels': (260, 312, 371, 12762), 'total': Fraction(6771331873, 663521138280), 'excess': Fraction(2404333, 66352113828)}
RES (1, 6, 8, 10, 11, 14) (5390, 6468, 18480, 25872) {'labels': (260, 312, 371, 14125), 'total': Fraction(149713237, 14687723050), 'excess': Fraction(1420253, 58750892200)}
RES (1, 6, 8, 10, 11, 14) (5390, 6468, 18480, 43120) {'labels': (260, 312, 371, 14019), 'total': Fraction(2972224531, 291550002744), 'excess': Fraction(18694999, 728875006860)}
RES (1, 6, 8, 10, 11, 14) (5390, 6468, 18480, 64680) {'labels': (260, 312, 371, 12814), 'total': Fraction(20381962661, 1998674157480), 'excess': Fraction(28809799, 999337078740)}
RES (1, 6, 8, 10, 11, 14) (5390, 6468, 18480, 129360) {'labels': (260, 312, 371, 12961), 'total': Fraction(1584599999, 155507892540), 'excess': Fraction(1301525, 62203157016)}
BODY (1, 6, 8, 10, 12, 14) L 11760 high 1159 d1 588 counts 1059 390 669 0 trials 35990 checks 11759
BODY (1, 6, 9, 10, 12, 14) L 17640 high 1738 d1 882 counts 546 177 369 0 trials 62196 checks 17639
BODY (1, 6, 10, 11, 12, 14) L 64680 high 6371 d1 3234 counts 1381 666 714 1 trials 147440 checks 64679
RES (1, 6, 10, 11, 12, 14) (2940, 3234, 5390, 9240) {'labels': (260, 286, 324, 6643), 'total': Fraction(6026603, 527321340), 'excess': Fraction(83777, 2900267370)}
BODY (1, 7, 8, 10, 11, 12) L 129360 high 12741 d1 6468 counts 275 137 130 8 trials 287980 checks 129359
RES (1, 7, 8, 10, 11, 12) (784, 5390, 5880, 6468) {'labels': (260, 20295, 312, 286), 'total': Fraction(7688567, 723963240), 'excess': Fraction(3547, 361981620)}
RES (1, 7, 8, 10, 11, 12) (2352, 5390, 5880, 6468) {'labels': (260, 15235, 312, 286), 'total': Fraction(1445221, 135865730), 'excess': Fraction(265, 9881144)}
RES (1, 7, 8, 10, 11, 12) (3920, 5390, 5880, 6468) {'labels': (260, 14157, 312, 286), 'total': Fraction(1033757, 97117020), 'excess': Fraction(6631, 194234040)}
RES (1, 7, 8, 10, 11, 12) (5390, 5880, 6468, 8624) {'labels': (260, 312, 286, 13005), 'total': Fraction(54296981, 5103057960), 'excess': Fraction(37991, 1275764490)}
RES (1, 7, 8, 10, 11, 12) (5390, 5880, 6468, 11760) {'labels': (260, 312, 286, 16313), 'total': Fraction(92777549, 8728760040), 'excess': Fraction(40679, 2182190010)}
RES (1, 7, 8, 10, 11, 12) (5390, 5880, 6468, 25872) {'labels': (260, 312, 286, 14695), 'total': Fraction(61245533, 5766200440), 'excess': Fraction(6437, 576620044)}
RES (1, 7, 8, 10, 11, 12) (5390, 5880, 6468, 43120) {'labels': (260, 312, 286, 13599), 'total': Fraction(94478717, 8893564680), 'excess': Fraction(14407, 1111695585)}
RES (1, 7, 8, 10, 11, 12) (5390, 5880, 6468, 129360) {'labels': (260, 312, 286, 13019), 'total': Fraction(271327629, 25542757240), 'excess': Fraction(155553, 12771378620)}
BODY (1, 7, 8, 10, 12, 14) L 11760 high 1159 d1 588 counts 17 14 3 0 trials 35990 checks 11759
BODY (1, 7, 10, 11, 12, 14) L 64680 high 6371 d1 3234 counts 0 0 0 0 trials 147440 checks 64679
BODY (1, 8, 9, 10, 11, 12) L 55440 high 5461 d1 2772 counts 244 159 84 1 trials 287980 checks 55439
RES (1, 8, 9, 10, 11, 12) (2, 1008, 2310, 2772) {'labels': (260, 27720, 275, 312), 'total': Fraction(35521, 3153150), 'excess': Fraction(157, 1801800)}
BODY (1, 8, 9, 10, 11, 14) L 388080 high 38221 d1 19404 counts 179 60 82 37 trials 971970 checks 388079
RES (1, 8, 9, 10, 11, 14) (2, 7056, 16170, 19404) {'labels': (260, 194040, 275, 312), 'total': Fraction(933571, 88288200), 'excess': Fraction(2459, 6306300)}
RES (1, 8, 9, 10, 11, 14) (20, 7056, 16170, 19404) {'labels': (260, 135828, 275, 312), 'total': Fraction(90781, 8583575), 'excess': Fraction(26913, 68668600)}
RES (1, 8, 9, 10, 11, 14) (40, 7056, 16170, 19404) {'labels': (260, 67914, 275, 312), 'total': Fraction(1634383, 154504350), 'excess': Fraction(243517, 618017400)}
RES (1, 8, 9, 10, 11, 14) (60, 7056, 16170, 19404) {'labels': (260, 71148, 275, 312), 'total': Fraction(2567759, 242792550), 'excess': Fraction(380441, 971170200)}
RES (1, 8, 9, 10, 11, 14) (80, 7056, 16170, 19404) {'labels': (260, 63063, 275, 312), 'total': Fraction(934111, 88288200), 'excess': Fraction(17483, 44144100)}
RES (1, 8, 9, 10, 11, 14) (120, 7056, 16170, 19404) {'labels': (260, 42042, 275, 312), 'total': Fraction(33367, 3153150), 'excess': Fraction(35131, 88288200)}
RES (1, 8, 9, 10, 11, 14) (140, 7056, 16170, 19404) {'labels': (260, 52668, 275, 312), 'total': Fraction(8879747, 838737900), 'excess': Fraction(675739, 1677475800)}
RES (1, 8, 9, 10, 11, 14) (180, 7056, 16170, 19404) {'labels': (260, 40964, 275, 312), 'total': Fraction(4436461, 419368950), 'excess': Fraction(662089, 1677475800)}
RES (1, 8, 9, 10, 11, 14) (220, 7056, 16170, 19404) {'labels': (260, 47628, 275, 312), 'total': Fraction(6306463, 595945350), 'excess': Fraction(86267, 216707400)}
RES (1, 8, 9, 10, 11, 14) (240, 7056, 16170, 19404) {'labels': (260, 114807, 275, 312), 'total': Fraction(66309281, 6268462200), 'excess': Fraction(1234993, 3134231100)}
RES (1, 8, 9, 10, 11, 14) (280, 7056, 16170, 19404) {'labels': (260, 56826, 275, 312), 'total': Fraction(9585629, 904954050), 'excess': Fraction(1477571, 3619816200)}
RES (1, 8, 9, 10, 11, 14) (360, 7056, 16170, 19404) {'labels': (260, 52822, 275, 312), 'total': Fraction(11442631, 1081530450), 'excess': Fraction(1712419, 4326121800)}
RES (1, 8, 9, 10, 11, 14) (420, 7056, 16170, 19404) {'labels': (260, 61908, 275, 312), 'total': Fraction(31331471, 2957654700), 'excess': Fraction(2420227, 5915309400)}
RES (1, 8, 9, 10, 11, 14) (440, 7056, 16170, 19404) {'labels': (260, 41454, 275, 312), 'total': Fraction(10976593, 1037386350), 'excess': Fraction(149687, 377231400)}
RES (1, 8, 9, 10, 11, 14) (560, 7056, 16170, 19404) {'labels': (260, 67221, 275, 312), 'total': Fraction(11330314, 1070494425), 'excess': Fraction(3425447, 8563955400)}
RES (1, 8, 9, 10, 11, 14) (660, 7056, 16170, 19404) {'labels': (260, 41748, 275, 312), 'total': Fraction(16587899, 1567115550), 'excess': Fraction(228391, 569860200)}
RES (1, 8, 9, 10, 11, 14) (720, 7056, 16170, 19404) {'labels': (260, 39347, 275, 312), 'total': Fraction(68214253, 6445038600), 'excess': Fraction(644167, 1611259650)}
RES (1, 8, 9, 10, 11, 14) (840, 7056, 16170, 19404) {'labels': (260, 63294, 275, 312), 'total': Fraction(32037353, 3023870850), 'excess': Fraction(4966547, 12095483400)}
RES (1, 8, 9, 10, 11, 14) (880, 7056, 16170, 19404) {'labels': (260, 47187, 275, 312), 'total': Fraction(99971527, 9446837400), 'excess': Fraction(85523, 214700850)}
RES (1, 8, 9, 10, 11, 14) (1260, 7056, 16170, 19404) {'labels': (260, 40348, 275, 312), 'total': Fraction(61326253, 5782877100), 'excess': Fraction(4864511, 11565754200)}
RES (1, 8, 9, 10, 11, 14) (1320, 7056, 16170, 19404) {'labels': (260, 44394, 275, 312), 'total': Fraction(35282719, 3332879550), 'excess': Fraction(487271, 1211956200)}
RES (1, 8, 9, 10, 11, 14) (1540, 7056, 16170, 19404) {'labels': (260, 50148, 275, 312), 'total': Fraction(93121487, 8784675900), 'excess': Fraction(664829, 1597213800)}
RES (1, 8, 9, 10, 11, 14) (1680, 7056, 16170, 19404) {'labels': (260, 38577, 275, 312), 'total': Fraction(156143087, 14744129400), 'excess': Fraction(748234, 1843016175)}
RES (1, 8, 9, 10, 11, 14) (1980, 7056, 16170, 19404) {'labels': (260, 45668, 275, 312), 'total': Fraction(54448127, 5142787650), 'excess': Fraction(753793, 1870104600)}
RES (1, 8, 9, 10, 11, 14) (2520, 7056, 16170, 19404) {'labels': (260, 41734, 275, 312), 'total': Fraction(63443899, 5981525550), 'excess': Fraction(10107301, 23926102200)}
RES (1, 8, 9, 10, 11, 14) (2640, 7056, 16170, 19404) {'labels': (260, 44247, 275, 312), 'total': Fraction(40197373, 3796392600), 'excess': Fraction(767069, 1898196300)}
RES (1, 8, 9, 10, 11, 14) (3080, 7056, 16170, 19404) {'labels': (260, 46242, 275, 312), 'total': Fraction(9547497, 900049150), 'excess': Fraction(138623, 327290600)}
RES (1, 8, 9, 10, 11, 14) (3960, 7056, 16170, 19404) {'labels': (260, 40082, 275, 312), 'total': Fraction(95581021, 9027468450), 'excess': Fraction(1324889, 3282715800)}
RES (1, 8, 9, 10, 11, 14) (4620, 7056, 16170, 19404) {'labels': (260, 38388, 275, 312), 'total': Fraction(214082741, 20173853700), 'excess': Fraction(1568747, 3667973400)}
RES (1, 8, 9, 10, 11, 14) (5040, 7056, 16170, 19404) {'labels': (260, 47201, 275, 312), 'total': Fraction(63695397, 6013407400), 'excess': Fraction(306704, 751675925)}
RES (1, 8, 9, 10, 11, 14) (6160, 7056, 16170, 19404) {'labels': (260, 52101, 275, 312), 'total': Fraction(96664349, 9126792675), 'excess': Fraction(29721877, 73014341400)}
RES (1, 8, 9, 10, 11, 14) (7056, 7920, 16170, 19404) {'labels': (260, 275, 41111, 312), 'total': Fraction(784345589, 74073799800), 'excess': Fraction(14981467, 37036899900)}
RES (1, 8, 9, 10, 11, 14) (7056, 9240, 16170, 19404) {'labels': (260, 275, 40362, 312), 'total': Fraction(225141559, 21211240050), 'excess': Fraction(3317081, 7713178200)}
RES (1, 8, 9, 10, 11, 14) (7056, 13860, 16170, 19404) {'labels': (260, 275, 57988, 312), 'total': Fraction(969257423, 91422431100), 'excess': Fraction(6944141, 16622260200)}
RES (1, 8, 9, 10, 11, 14) (7056, 16170, 18480, 19404) {'labels': (260, 275, 312, 40551), 'total': Fraction(1806606881, 170484514200), 'excess': Fraction(35178943, 85242257100)}
RES (1, 8, 9, 10, 11, 14) (7056, 16170, 19404, 27720) {'labels': (260, 275, 312, 44282), 'total': Fraction(741006697, 69813894150), 'excess': Fraction(10911923, 25386870600)}
RES (1, 8, 9, 10, 11, 14) (7056, 16170, 19404, 55440) {'labels': (260, 275, 312, 39767), 'total': Fraction(45435723, 4286882600), 'excess': Fraction(888619, 2143441300)}
BODY (1, 8, 9, 10, 12, 14) L 35280 high 3475 d1 1764 counts 2189 889 1262 38 trials 121485 checks 35279
RES (1, 8, 9, 10, 12, 14) (2, 1470, 1680, 1764) {'labels': (260, 17640, 312, 357), 'total': Fraction(24949, 2274090), 'excess': Fraction(8, 162435)}
RES (1, 8, 9, 10, 12, 14) (2, 1470, 1764, 3920) {'labels': (260, 17640, 312, 369), 'total': Fraction(749059, 65814840), 'excess': Fraction(4321, 9402120)}
RES (1, 8, 9, 10, 12, 14) (2, 1470, 1764, 7056) {'labels': (260, 17640, 312, 265), 'total': Fraction(962747, 85077720), 'excess': Fraction(4793, 12153960)}
RES (1, 8, 9, 10, 12, 14) (16, 1470, 1764, 3920) {'labels': (260, 6615, 312, 369), 'total': Fraction(40309, 3525795), 'excess': Fraction(25217, 49361130)}
RES (1, 8, 9, 10, 12, 14) (16, 1470, 1764, 17640) {'labels': (260, 6615, 312, 298), 'total': Fraction(1149221, 102506040), 'excess': Fraction(207743, 717542280)}
RES (1, 8, 9, 10, 12, 14) (80, 1470, 1764, 3528) {'labels': (260, 13671, 312, 410), 'total': Fraction(22588847, 2040260040), 'excess': Fraction(61135, 408052008)}
RES (1, 8, 9, 10, 12, 14) (80, 1470, 1764, 7056) {'labels': (260, 13671, 312, 265), 'total': Fraction(7480409, 659352330), 'excess': Fraction(27914, 65935233)}
RES (1, 8, 9, 10, 12, 14) (80, 1470, 1764, 17640) {'labels': (260, 13671, 312, 298), 'total': Fraction(16592339, 1482920712), 'excess': Fraction(1981387, 7414603560)}
RES (1, 8, 9, 10, 12, 14) (240, 1470, 1764, 3528) {'labels': (260, 4263, 312, 410), 'total': Fraction(21196081, 1908630360), 'excess': Fraction(350533, 1908630360)}
RES (1, 8, 9, 10, 12, 14) (240, 1470, 1764, 3920) {'labels': (260, 4263, 312, 369), 'total': Fraction(5460659, 477157590), 'excess': Fraction(124636, 238578795)}
RES (1, 8, 9, 10, 12, 14) (240, 1470, 1764, 7056) {'labels': (260, 4263, 312, 265), 'total': Fraction(3509336, 308406735), 'excess': Fraction(282001, 616813470)}
RES (1, 8, 9, 10, 12, 14) (240, 1470, 1764, 17640) {'labels': (260, 4263, 312, 298), 'total': Fraction(77844017, 6936242040), 'excess': Fraction(417649, 1387248408)}
RES (1, 8, 9, 10, 12, 14) (392, 1470, 1680, 1764) {'labels': (260, 4590, 312, 357), 'total': Fraction(912841, 81867240), 'excess': Fraction(18709, 81867240)}
RES (1, 8, 9, 10, 12, 14) (560, 1176, 1470, 1764) {'labels': (260, 3717, 390, 312), 'total': Fraction(39857, 3642660), 'excess': Fraction(947, 47354580)}
RES (1, 8, 9, 10, 12, 14) (560, 1470, 1764, 3528) {'labels': (260, 3717, 312, 410), 'total': Fraction(3638993, 323589630), 'excess': Fraction(52417, 161794815)}
RES (1, 8, 9, 10, 12, 14) (560, 1470, 1764, 7056) {'labels': (260, 3717, 312, 265), 'total': Fraction(19273931, 1673195160), 'excess': Fraction(999743, 1673195160)}
RES (1, 8, 9, 10, 12, 14) (560, 1470, 1764, 17640) {'labels': (260, 3717, 312, 298), 'total': Fraction(20044049, 1763958105), 'excess': Fraction(311429, 705583242)}
RES (1, 8, 9, 10, 12, 14) (720, 1470, 1764, 3528) {'labels': (260, 3479, 312, 410), 'total': Fraction(17397469, 1557617880), 'excess': Fraction(77117, 311523576)}
RES (1, 8, 9, 10, 12, 14) (720, 1470, 1764, 3920) {'labels': (260, 3479, 312, 369), 'total': Fraction(6721919, 584106705), 'excess': Fraction(136985, 233642682)}
RES (1, 8, 9, 10, 12, 14) (720, 1470, 1764, 7056) {'labels': (260, 3479, 312, 265), 'total': Fraction(5760043, 503376510), 'excess': Fraction(26230, 50337651)}
RES (1, 8, 9, 10, 12, 14) (720, 1470, 1764, 17640) {'labels': (260, 3479, 312, 298), 'total': Fraction(38333723, 3396366792), 'excess': Fraction(6197587, 16981833960)}
RES (1, 8, 9, 10, 12, 14) (784, 1470, 1680, 1764) {'labels': (260, 3735, 312, 357), 'total': Fraction(2796751, 251665960), 'excess': Fraction(48123, 251665960)}
RES (1, 8, 9, 10, 12, 14) (980, 1764, 5040, 7056) {'labels': (260, 324, 4487, 265), 'total': Fraction(99839741, 9089136420), 'excess': Fraction(8779, 139832868)}
RES (1, 8, 9, 10, 12, 14) (1176, 1470, 1680, 1764) {'labels': (260, 3750, 312, 357), 'total': Fraction(2125567, 189507500), 'excess': Fraction(55817, 189507500)}
RES (1, 8, 9, 10, 12, 14) (1176, 1470, 1764, 5040) {'labels': (260, 390, 312, 4487), 'total': Fraction(867211, 79150680), 'excess': Fraction(35731, 1028958840)}
RES (1, 8, 9, 10, 12, 14) (1470, 1680, 1764, 1960) {'labels': (260, 312, 357, 3762), 'total': Fraction(7990687, 712927215), 'excess': Fraction(81715, 285170886)}
RES (1, 8, 9, 10, 12, 14) (1470, 1680, 1764, 2352) {'labels': (260, 312, 357, 3765), 'total': Fraction(1273037, 114159318), 'excess': Fraction(65549, 285398295)}
RES (1, 8, 9, 10, 12, 14) (1470, 1680, 1764, 3528) {'labels': (260, 312, 357, 4330), 'total': Fraction(16664387, 1477021455), 'excess': Fraction(1065511, 2954042910)}
RES (1, 8, 9, 10, 12, 14) (1470, 1680, 1764, 3920) {'labels': (260, 312, 5271, 369), 'total': Fraction(23816929, 2064940605), 'excess': Fraction(505681, 825976242)}
RES (1, 8, 9, 10, 12, 14) (1470, 1680, 1764, 5880) {'labels': (260, 312, 357, 3522), 'total': Fraction(89241683, 8009344980), 'excess': Fraction(1765769, 8009344980)}
RES (1, 8, 9, 10, 12, 14) (1470, 1680, 1764, 7056) {'labels': (260, 312, 5271, 265), 'total': Fraction(61227289, 5338626930), 'excess': Fraction(292024, 533862693)}
RES (1, 8, 9, 10, 12, 14) (1470, 1680, 1764, 11760) {'labels': (260, 312, 357, 3729), 'total': Fraction(42002601, 3768925160), 'excess': Fraction(839413, 3768925160)}
RES (1, 8, 9, 10, 12, 14) (1470, 1680, 1764, 17640) {'labels': (260, 312, 5271, 298), 'total': Fraction(135829039, 12006874152), 'excess': Fraction(23465927, 60034370760)}
RES (1, 8, 9, 10, 12, 14) (1470, 1680, 1764, 35280) {'labels': (260, 312, 357, 4427), 'total': Fraction(448529657, 40269585720), 'excess': Fraction(8716061, 40269585720)}
RES (1, 8, 9, 10, 12, 14) (1470, 1764, 3528, 5040) {'labels': (260, 312, 410, 4487), 'total': Fraction(158349103, 14062437480), 'excess': Fraction(4762939, 14062437480)}
RES (1, 8, 9, 10, 12, 14) (1470, 1764, 3920, 5040) {'labels': (260, 312, 369, 4487), 'total': Fraction(122334601, 10546828110), 'excess': Fraction(3572489, 5273414055)}
RES (1, 8, 9, 10, 12, 14) (1470, 1764, 5040, 7056) {'labels': (260, 312, 4487, 265), 'total': Fraction(26208443, 2272284105), 'excess': Fraction(2782333, 4544568210)}
RES (1, 8, 9, 10, 12, 14) (1470, 1764, 5040, 17640) {'labels': (260, 312, 4487, 298), 'total': Fraction(1744391533, 153314867160), 'excess': Fraction(13985549, 30662973432)}
BODY (1, 8, 10, 11, 12, 14) L 129360 high 12741 d1 6468 counts 17586 7630 9205 751 trials 287980 checks 129359
RES (1, 8, 10, 11, 12, 14) (2, 2352, 5390, 6468) {'labels': (260, 64680, 275, 312), 'total': Fraction(87691, 7357350), 'excess': Fraction(3041, 2102100)}
RES (1, 8, 10, 11, 12, 14) (2, 2352, 6468, 10780) {'labels': (260, 64680, 275, 324), 'total': Fraction(2819161, 264864600), 'excess': Fraction(6493, 37837800)}
RES (1, 8, 10, 11, 12, 14) (2, 2695, 3920, 6468) {'labels': (260, 64680, 288, 297), 'total': Fraction(459587, 42378336), 'excess': Fraction(11281, 30270240)}
RES (1, 8, 10, 11, 12, 14) (2, 3920, 4312, 6468) {'labels': (260, 64680, 297, 270), 'total': Fraction(621781, 52972920), 'excess': Fraction(9577, 7567560)}
RES (1, 8, 10, 11, 12, 14) (2, 3920, 5390, 6468) {'labels': (260, 64680, 297, 312), 'total': Fraction(345299, 26486460), 'excess': Fraction(2426, 945945)}
RES (1, 8, 10, 11, 12, 14) (2, 3920, 6468, 10780) {'labels': (260, 64680, 297, 324), 'total': Fraction(41537, 3531528), 'excess': Fraction(3253, 2522520)}
RES (1, 8, 10, 11, 12, 14) (2, 3920, 6468, 16170) {'labels': (260, 64680, 297, 328), 'total': Fraction(11495761, 1085944860), 'excess': Fraction(1765, 15513498)}
RES (1, 8, 10, 11, 12, 14) (2, 3920, 6468, 18480) {'labels': (260, 64680, 297, 371), 'total': Fraction(6139555, 561512952), 'excess': Fraction(16837, 36461880)}
RES (1, 8, 10, 11, 12, 14) (2, 3920, 6468, 32340) {'labels': (260, 64680, 297, 268), 'total': Fraction(8010053, 709837128), 'excess': Fraction(411793, 507026520)}
RES (1, 8, 10, 11, 12, 14) (2, 4312, 6468, 11760) {'labels': (260, 64680, 270, 451), 'total': Fraction(3932627, 361981620), 'excess': Fraction(2027, 5171166)}
RES (1, 8, 10, 11, 12, 14) (2, 4312, 6468, 18480) {'labels': (260, 64680, 270, 371), 'total': Fraction(1053001, 93585492), 'excess': Fraction(13028, 16711695)}
RES (1, 8, 10, 11, 12, 14) (2, 5390, 6160, 6468) {'labels': (260, 64680, 312, 567), 'total': Fraction(905767, 79459380), 'excess': Fraction(5261, 5675670)}
RES (1, 8, 10, 11, 12, 14) (2, 5390, 6468, 8624) {'labels': (260, 64680, 312, 405), 'total': Fraction(870277, 79459380), 'excess': Fraction(1363, 2837835)}
RES (1, 8, 10, 11, 12, 14) (2, 5390, 6468, 11760) {'labels': (260, 64680, 312, 451), 'total': Fraction(88947, 7312760), 'excess': Fraction(19433, 11491480)}
RES (1, 8, 10, 11, 12, 14) (2, 5390, 6468, 18480) {'labels': (260, 64680, 312, 371), 'total': Fraction(3915259, 311951640), 'excess': Fraction(18527, 8912904)}
RES (1, 8, 10, 11, 12, 14) (2, 5390, 6468, 25872) {'labels': (260, 64680, 312, 685), 'total': Fraction(452657, 40318278), 'excess': Fraction(43481, 57597540)}
RES (1, 8, 10, 11, 12, 14) (2, 5390, 6468, 43120) {'labels': (260, 64680, 312, 327), 'total': Fraction(3566107, 320780460), 'excess': Fraction(7387, 11456445)}
RES (1, 8, 10, 11, 12, 14) (2, 5390, 6468, 129360) {'labels': (260, 64680, 312, 349), 'total': Fraction(2835109, 256771515), 'excess': Fraction(16703, 29345316)}
RES (1, 8, 10, 11, 12, 14) (2, 5880, 6468, 18480) {'labels': (260, 64680, 286, 371), 'total': Fraction(821047, 77987910), 'excess': Fraction(1241, 22282260)}
RES (1, 8, 10, 11, 12, 14) (2, 6468, 10780, 11760) {'labels': (260, 64680, 324, 451), 'total': Fraction(5911999, 542972430), 'excess': Fraction(64541, 155134980)}
RES (1, 8, 10, 11, 12, 14) (2, 6468, 10780, 18480) {'labels': (260, 64680, 324, 371), 'total': Fraction(3957194, 350945595), 'excess': Fraction(161159, 200540340)}
RES (1, 8, 10, 11, 12, 14) (2, 6468, 18480, 32340) {'labels': (260, 64680, 371, 268), 'total': Fraction(56423659, 5225189970), 'excess': Fraction(487007, 1492911420)}
RES (1, 8, 10, 11, 12, 14) (3, 2352, 5390, 6468) {'labels': (260, 86240, 275, 312), 'total': Fraction(116943, 9809800), 'excess': Fraction(14213, 9809800)}
RES (1, 8, 10, 11, 12, 14) (3, 2352, 6468, 10780) {'labels': (260, 86240, 275, 324), 'total': Fraction(1409873, 132432300), 'excess': Fraction(11509, 66216150)}
RES (1, 8, 10, 11, 12, 14) (3, 2695, 3920, 6468) {'labels': (260, 86240, 288, 297), 'total': Fraction(2298403, 211891680), 'excess': Fraction(15887, 42378336)}
RES (1, 8, 10, 11, 12, 14) (3, 3920, 5390, 6468) {'labels': (260, 86240, 297, 312), 'total': Fraction(138143, 10594584), 'excess': Fraction(135973, 52972920)}
RES (1, 8, 10, 11, 12, 14) (3, 3920, 6468, 10780) {'labels': (260, 86240, 297, 324), 'total': Fraction(4721, 401310), 'excess': Fraction(2281, 1765764)}
RES (1, 8, 10, 11, 12, 14) (3, 3920, 6468, 16170) {'labels': (260, 86240, 297, 328), 'total': Fraction(22996319, 2171889720), 'excess': Fraction(251897, 2171889720)}
RES (1, 8, 10, 11, 12, 14) (3, 3920, 6468, 32340) {'labels': (260, 86240, 297, 268), 'total': Fraction(5007263, 443648205), 'excess': Fraction(289039, 354918564)}
RES (1, 8, 10, 11, 12, 14) (3, 5390, 6468, 8624) {'labels': (260, 86240, 312, 405), 'total': Fraction(348181, 31783752), 'excess': Fraction(76679, 158918760)}
RES (1, 8, 10, 11, 12, 14) (3, 5390, 6468, 11760) {'labels': (260, 86240, 312, 451), 'total': Fraction(366973, 30165135), 'excess': Fraction(204313, 120660540)}
RES (1, 8, 10, 11, 12, 14) (3, 5390, 6468, 25872) {'labels': (260, 86240, 312, 685), 'total': Fraction(3018307, 268788520), 'excess': Fraction(40701, 53757704)}
RES (1, 8, 10, 11, 12, 14) (3, 5390, 6468, 43120) {'labels': (260, 86240, 312, 327), 'total': Fraction(2377877, 213853640), 'excess': Fraction(138363, 213853640)}
RES (1, 8, 10, 11, 12, 14) (3, 5390, 6468, 129360) {'labels': (260, 86240, 312, 349), 'total': Fraction(7561803, 684724040), 'excess': Fraction(391249, 684724040)}
RES (1, 8, 10, 11, 12, 14) (3, 6468, 10780, 11760) {'labels': (260, 86240, 324, 451), 'total': Fraction(23652793, 2171889720), 'excess': Fraction(908371, 2171889720)}
RES (1, 8, 10, 11, 12, 14) (5, 4312, 6468, 11760) {'labels': (260, 103488, 270, 451), 'total': Fraction(12586645, 1158341184), 'excess': Fraction(29629, 75216960)}
RES (1, 8, 10, 11, 12, 14) (8, 5390, 6468, 11760) {'labels': (260, 48510, 312, 451), 'total': Fraction(179731, 14774760), 'excess': Fraction(22279, 13162968)}
RES (1, 8, 10, 11, 12, 14) (8, 5390, 6468, 43120) {'labels': (260, 48510, 312, 327), 'total': Fraction(109181, 9819810), 'excess': Fraction(124385, 192468276)}
RES (1, 8, 10, 11, 12, 14) (8, 5390, 6468, 129360) {'labels': (260, 48510, 312, 349), 'total': Fraction(138881, 12576564), 'excess': Fraction(439588, 770314545)}
RES (1, 8, 10, 11, 12, 14) (8, 6468, 10780, 11760) {'labels': (260, 48510, 324, 451), 'total': Fraction(1689371, 155134980), 'excess': Fraction(226693, 542972430)}
RES (1, 8, 10, 11, 12, 14) (10, 4312, 6468, 11760) {'labels': (260, 38808, 270, 451), 'total': Fraction(524599, 48264216), 'excess': Fraction(13691, 34474440)}
RES (1, 8, 10, 11, 12, 14) (15, 2352, 5390, 6468) {'labels': (260, 60368, 275, 312), 'total': Fraction(1637787, 137337200), 'excess': Fraction(199567, 137337200)}
RES (1, 8, 10, 11, 12, 14) (15, 2352, 6468, 10780) {'labels': (260, 60368, 275, 324), 'total': Fraction(39492239, 3708104400), 'excess': Fraction(660299, 3708104400)}
RES (1, 8, 10, 11, 12, 14) (15, 2695, 3920, 6468) {'labels': (260, 60368, 288, 297), 'total': Fraction(16095139, 1483241760), 'excess': Fraction(562363, 1483241760)}
RES (1, 8, 10, 11, 12, 14) (15, 3920, 4312, 6468) {'labels': (260, 60368, 297, 270), 'total': Fraction(8709731, 741620880), 'excess': Fraction(943343, 741620880)}
RES (1, 8, 10, 11, 12, 14) (15, 3920, 5390, 6468) {'labels': (260, 60368, 297, 312), 'total': Fraction(879379, 67420080), 'excess': Fraction(1906781, 741620880)}
RES (1, 8, 10, 11, 12, 14) (15, 3920, 6468, 10780) {'labels': (260, 60368, 297, 324), 'total': Fraction(2909189, 247206960), 'excess': Fraction(320393, 247206960)}
RES (1, 8, 10, 11, 12, 14) (15, 3920, 6468, 16170) {'labels': (260, 60368, 297, 328), 'total': Fraction(64415597, 6081291216), 'excess': Fraction(3656077, 30406456080)}
RES (1, 8, 10, 11, 12, 14) (15, 3920, 6468, 32340) {'labels': (260, 60368, 297, 268), 'total': Fraction(561025109, 49688598960), 'excess': Fraction(40677113, 49688598960)}
RES (1, 8, 10, 11, 12, 14) (15, 4312, 6468, 11760) {'labels': (260, 60368, 270, 451), 'total': Fraction(22035823, 2027097072), 'excess': Fraction(4038479, 10135485360)}
RES (1, 8, 10, 11, 12, 14) (15, 5390, 6468, 8624) {'labels': (260, 60368, 312, 405), 'total': Fraction(24382147, 2224862640), 'excess': Fraction(98453, 202260240)}
RES (1, 8, 10, 11, 12, 14) (15, 5390, 6468, 11760) {'labels': (260, 60368, 312, 451), 'total': Fraction(41115367, 3378495120), 'excess': Fraction(1147031, 675699024)}
RES (1, 8, 10, 11, 12, 14) (15, 5390, 6468, 25872) {'labels': (260, 60368, 312, 685), 'total': Fraction(42272327, 3763039280), 'excess': Fraction(2865099, 3763039280)}
RES (1, 8, 10, 11, 12, 14) (15, 5390, 6468, 43120) {'labels': (260, 60368, 312, 327), 'total': Fraction(33303031, 2993950960), 'excess': Fraction(389967, 598790192)}
RES (1, 8, 10, 11, 12, 14) (15, 5390, 6468, 129360) {'labels': (260, 60368, 312, 349), 'total': Fraction(1925565, 174293392), 'excess': Fraction(5518319, 9586136560)}
RES (1, 8, 10, 11, 12, 14) (15, 6468, 10780, 11760) {'labels': (260, 60368, 324, 451), 'total': Fraction(331268621, 30406456080), 'excess': Fraction(1167883, 2764223280)}
RES (1, 8, 10, 11, 12, 14) (16, 5390, 5880, 6468) {'labels': (260, 56595, 312, 286), 'total': Fraction(34709, 2746744), 'excess': Fraction(29723, 13733720)}
RES (1, 8, 10, 11, 12, 14) (16, 5390, 6468, 11760) {'labels': (260, 56595, 312, 451), 'total': Fraction(6852117, 563082520), 'excess': Fraction(191083, 112616504)}
RES (1, 8, 10, 11, 12, 14) (16, 5390, 6468, 21560) {'labels': (260, 56595, 312, 414), 'total': Fraction(6381457, 568576008), 'excess': Fraction(2136131, 2842880040)}
RES (1, 8, 10, 11, 12, 14) (16, 5390, 6468, 43120) {'labels': (260, 56595, 312, 327), 'total': Fraction(12487751, 1122731610), 'excess': Fraction(292121, 449092644)}
RES (1, 8, 10, 11, 12, 14) (16, 5390, 6468, 64680) {'labels': (260, 56595, 312, 442), 'total': Fraction(102671, 8979740), 'excess': Fraction(28059, 29184155)}
RES (1, 8, 10, 11, 12, 14) (16, 5390, 6468, 129360) {'labels': (260, 56595, 312, 349), 'total': Fraction(15884777, 1437920484), 'excess': Fraction(1033267, 1797400605)}
RES (1, 8, 10, 11, 12, 14) (16, 5880, 6468, 10780) {'labels': (260, 56595, 286, 324), 'total': Fraction(2106457, 185405220), 'excess': Fraction(8243, 9270261)}
RES (1, 8, 10, 11, 12, 14) (16, 5880, 6468, 32340) {'labels': (260, 56595, 286, 268), 'total': Fraction(5007487, 460079620), 'excess': Fraction(18945, 46007962)}
RES (1, 8, 10, 11, 12, 14) (16, 6468, 10780, 11760) {'labels': (260, 56595, 324, 451), 'total': Fraction(82811159, 7601614020), 'excess': Fraction(1602841, 3800807010)}
RES (1, 8, 10, 11, 12, 14) (20, 4312, 6468, 11760) {'labels': (260, 71148, 270, 451), 'total': Fraction(4327009, 398179782), 'excess': Fraction(224569, 568828260)}
RES (1, 8, 10, 11, 12, 14) (24, 2695, 3920, 6468) {'labels': (260, 70070, 288, 297), 'total': Fraction(2298727, 211891680), 'excess': Fraction(79759, 211891680)}
RES (1, 8, 10, 11, 12, 14) (24, 3920, 5390, 6468) {'labels': (260, 70070, 297, 312), 'total': Fraction(172699, 13243230), 'excess': Fraction(68027, 26486460)}
RES (1, 8, 10, 11, 12, 14) (24, 3920, 6468, 10780) {'labels': (260, 70070, 297, 324), 'total': Fraction(207751, 17657640), 'excess': Fraction(22837, 17657640)}
RES (1, 8, 10, 11, 12, 14) (24, 3920, 6468, 16170) {'labels': (260, 70070, 297, 328), 'total': Fraction(574991, 54297243), 'excess': Fraction(127609, 1085944860)}
RES (1, 8, 10, 11, 12, 14) (24, 3920, 6468, 32340) {'labels': (260, 70070, 297, 268), 'total': Fraction(40063531, 3549185640), 'excess': Fraction(2895817, 3549185640)}
RES (1, 8, 10, 11, 12, 14) (24, 5390, 6468, 43120) {'labels': (260, 70070, 312, 327), 'total': Fraction(594551, 53463410), 'excess': Fraction(13869, 21385364)}
RES (1, 8, 10, 11, 12, 14) (24, 6468, 10780, 11760) {'labels': (260, 70070, 324, 451), 'total': Fraction(11828057, 1085944860), 'excess': Fraction(227923, 542972430)}
RES (1, 8, 10, 11, 12, 14) (30, 3920, 4312, 6468) {'labels': (260, 125048, 297, 270), 'total': Fraction(9018223, 768107340), 'excess': Fraction(243616, 192026835)}
RES (1, 8, 10, 11, 12, 14) (30, 4312, 6468, 11760) {'labels': (260, 125048, 270, 451), 'total': Fraction(45631585, 4198986792), 'excess': Fraction(8295179, 20994933960)}
RES (1, 8, 10, 11, 12, 14) (35, 4312, 6468, 11760) {'labels': (260, 29568, 270, 451), 'total': Fraction(25264433, 2316682368), 'excess': Fraction(5018581, 11583411840)}
RES (1, 8, 10, 11, 12, 14) (40, 2352, 5390, 6468) {'labels': (260, 35574, 275, 312), 'total': Fraction(1930307, 161861700), 'excess': Fraction(117631, 80930850)}
RES (1, 8, 10, 11, 12, 14) (40, 2352, 6468, 10780) {'labels': (260, 35574, 275, 324), 'total': Fraction(31030661, 2913510600), 'excess': Fraction(519851, 2913510600)}
RES (1, 8, 10, 11, 12, 14) (40, 4312, 6468, 11760) {'labels': (260, 35574, 270, 451), 'total': Fraction(2164304, 199089891), 'excess': Fraction(1587973, 3981797820)}
RES (1, 8, 10, 11, 12, 14) (40, 5390, 6468, 8624) {'labels': (260, 35574, 312, 405), 'total': Fraction(4789507, 437026590), 'excess': Fraction(425771, 874053180)}
RES (1, 8, 10, 11, 12, 14) (40, 5390, 6468, 11760) {'labels': (260, 35574, 312, 451), 'total': Fraction(32305883, 2654531880), 'excess': Fraction(901429, 530906376)}
RES (1, 8, 10, 11, 12, 14) (40, 5390, 6468, 25872) {'labels': (260, 35574, 312, 685), 'total': Fraction(49822547, 4435010580), 'excess': Fraction(1689157, 2217505290)}
RES (1, 8, 10, 11, 12, 14) (40, 5390, 6468, 43120) {'labels': (260, 35574, 312, 327), 'total': Fraction(19625633, 1764292530), 'excess': Fraction(459857, 705717012)}
RES (1, 8, 10, 11, 12, 14) (40, 5390, 6468, 129360) {'labels': (260, 35574, 312, 349), 'total': Fraction(24964385, 2259589332), 'excess': Fraction(1626946, 2824486665)}
RES (1, 8, 10, 11, 12, 14) (40, 6468, 10780, 11760) {'labels': (260, 35574, 324, 451), 'total': Fraction(130145527, 11945393460), 'excess': Fraction(2525603, 5972696730)}
RES (1, 8, 10, 11, 12, 14) (48, 1960, 5390, 6468) {'labels': (260, 13475, 594, 312), 'total': Fraction(265651, 24078600), 'excess': Fraction(148451, 264864600)}
RES (1, 8, 10, 11, 12, 14) (48, 2695, 3920, 6468) {'labels': (260, 13475, 288, 297), 'total': Fraction(11512139, 1059458400), 'excess': Fraction(417299, 1059458400)}
RES (1, 8, 10, 11, 12, 14) (48, 3920, 5390, 6468) {'labels': (260, 13475, 297, 312), 'total': Fraction(1729303, 132432300), 'excess': Fraction(85612, 33108075)}
RES (1, 8, 10, 11, 12, 14) (48, 3920, 6468, 10780) {'labels': (260, 13475, 297, 324), 'total': Fraction(1040297, 88288200), 'excess': Fraction(115727, 88288200)}
RES (1, 8, 10, 11, 12, 14) (48, 3920, 6468, 16170) {'labels': (260, 13475, 297, 328), 'total': Fraction(57593933, 5429724300), 'excess': Fraction(366439, 2714862150)}
RES (1, 8, 10, 11, 12, 14) (48, 3920, 6468, 32340) {'labels': (260, 13475, 297, 268), 'total': Fraction(200627597, 17745928200), 'excess': Fraction(1344457, 1613266200)}
RES (1, 8, 10, 11, 12, 14) (48, 5390, 6468, 21560) {'labels': (260, 13475, 312, 414), 'total': Fraction(22822441, 2030628600), 'excess': Fraction(1557331, 2030628600)}
RES (1, 8, 10, 11, 12, 14) (48, 5390, 6468, 43120) {'labels': (260, 13475, 312, 327), 'total': Fraction(17864543, 1603902300), 'excess': Fraction(24277, 36452325)}
RES (1, 8, 10, 11, 12, 14) (48, 5880, 6468, 10780) {'labels': (260, 13475, 286, 324), 'total': Fraction(376667, 33108075), 'excess': Fraction(119813, 132432300)}
RES (1, 8, 10, 11, 12, 14) (48, 5880, 6468, 32340) {'labels': (260, 13475, 286, 268), 'total': Fraction(1790939, 164314150), 'excess': Fraction(140423, 328628300)}
RES (1, 8, 10, 11, 12, 14) (48, 6468, 10780, 11760) {'labels': (260, 13475, 324, 451), 'total': Fraction(29617559, 2714862150), 'excess': Fraction(2374063, 5429724300)}
RES (1, 8, 10, 11, 12, 14) (55, 3920, 4312, 6468) {'labels': (260, 28224, 297, 270), 'total': Fraction(4977407, 423783360), 'excess': Fraction(539471, 423783360)}
RES (1, 8, 10, 11, 12, 14) (55, 3920, 5880, 6468) {'labels': (260, 28224, 297, 286), 'total': Fraction(4670639, 423783360), 'excess': Fraction(232703, 423783360)}
RES (1, 8, 10, 11, 12, 14) (55, 3920, 6468, 11760) {'labels': (260, 28224, 297, 451), 'total': Fraction(36674747, 3475023552), 'excess': Fraction(1418359, 17375117760)}
RES (1, 8, 10, 11, 12, 14) (55, 4312, 6468, 11760) {'labels': (260, 28224, 270, 451), 'total': Fraction(12593041, 1158341184), 'excess': Fraction(2313413, 5791705920)}
RES (1, 8, 10, 11, 12, 14) (56, 5390, 6468, 11760) {'labels': (260, 43890, 312, 451), 'total': Fraction(55890227, 4585100520), 'excess': Fraction(1574845, 917020104)}
RES (1, 8, 10, 11, 12, 14) (56, 5390, 6468, 43120) {'labels': (260, 43890, 312, 327), 'total': Fraction(11319359, 1015804790), 'excess': Fraction(272667, 406321916)}
RES (1, 8, 10, 11, 12, 14) (56, 5390, 6468, 129360) {'labels': (260, 43890, 312, 349), 'total': Fraction(14398731, 1300975676), 'excess': Fraction(968348, 1626219595)}
RES (1, 8, 10, 11, 12, 14) (56, 6468, 10780, 11760) {'labels': (260, 43890, 324, 451), 'total': Fraction(225198023, 20632952340), 'excess': Fraction(4563007, 10316476170)}
RES (1, 8, 10, 11, 12, 14) (60, 3920, 4312, 6468) {'labels': (260, 23716, 297, 270), 'total': Fraction(6848249, 582702120), 'excess': Fraction(746087, 582702120)}
RES (1, 8, 10, 11, 12, 14) (60, 4312, 6468, 11760) {'labels': (260, 23716, 270, 451), 'total': Fraction(2165903, 199089891), 'excess': Fraction(1619953, 3981797820)}
RES (1, 8, 10, 11, 12, 14) (70, 4312, 6468, 11760) {'labels': (260, 16632, 270, 451), 'total': Fraction(175577, 16088072), 'excess': Fraction(35499, 80440360)}
RES (1, 8, 10, 11, 12, 14) (80, 1176, 5390, 6468) {'labels': (260, 30723, 550, 312), 'total': Fraction(6539053, 559158600), 'excess': Fraction(683443, 559158600)}
RES (1, 8, 10, 11, 12, 14) (80, 2352, 5390, 6468) {'labels': (260, 30723, 275, 312), 'total': Fraction(1112031, 93193100), 'excess': Fraction(34024, 23298275)}
RES (1, 8, 10, 11, 12, 14) (80, 2352, 6468, 10780) {'labels': (260, 30723, 275, 324), 'total': Fraction(53633089, 5032427400), 'excess': Fraction(932599, 5032427400)}
RES (1, 8, 10, 11, 12, 14) (80, 2695, 4312, 6468) {'labels': (260, 30723, 288, 270), 'total': Fraction(14998483, 1341980640), 'excess': Fraction(945019, 1341980640)}
RES (1, 8, 10, 11, 12, 14) (80, 4312, 5390, 6468) {'labels': (260, 30723, 270, 312), 'total': Fraction(4485011, 335495160), 'excess': Fraction(194329, 67099032)}
RES (1, 8, 10, 11, 12, 14) (80, 4312, 5880, 6468) {'labels': (260, 30723, 270, 286), 'total': Fraction(475789, 41936895), 'excess': Fraction(146473, 167747580)}
RES (1, 8, 10, 11, 12, 14) (80, 4312, 6468, 10780) {'labels': (260, 30723, 270, 324), 'total': Fraction(3042929, 251621370), 'excess': Fraction(815809, 503242740)}
RES (1, 8, 10, 11, 12, 14) (80, 4312, 6468, 16170) {'labels': (260, 30723, 270, 328), 'total': Fraction(150173143, 13755301560), 'excess': Fraction(6125137, 13755301560)}
RES (1, 8, 10, 11, 12, 14) (80, 4312, 6468, 32340) {'labels': (260, 30723, 270, 268), 'total': Fraction(32637958, 2809771965), 'excess': Fraction(12854071, 11239087860)}
RES (1, 8, 10, 11, 12, 14) (80, 5390, 5880, 6468) {'labels': (260, 30723, 312, 286), 'total': Fraction(1414051, 111831720), 'excess': Fraction(242929, 111831720)}
RES (1, 8, 10, 11, 12, 14) (80, 5390, 6468, 8624) {'labels': (260, 30723, 312, 405), 'total': Fraction(4138993, 377432055), 'excess': Fraction(149165, 301945644)}
RES (1, 8, 10, 11, 12, 14) (80, 5390, 6468, 11760) {'labels': (260, 30723, 312, 451), 'total': Fraction(55832663, 4585100520), 'excess': Fraction(7816661, 4585100520)}
RES (1, 8, 10, 11, 12, 14) (80, 5390, 6468, 12936) {'labels': (260, 30723, 312, 410), 'total': Fraction(10425829, 917020104), 'excess': Fraction(4113143, 4585100520)}
RES (1, 8, 10, 11, 12, 14) (80, 5390, 6468, 21560) {'labels': (260, 30723, 312, 414), 'total': Fraction(86667509, 7716388680), 'excess': Fraction(5860091, 7716388680)}
RES (1, 8, 10, 11, 12, 14) (80, 5390, 6468, 25872) {'labels': (260, 30723, 312, 685), 'total': Fraction(28703303, 2553490940), 'excess': Fraction(490671, 638372735)}
RES (1, 8, 10, 11, 12, 14) (80, 5390, 6468, 43120) {'labels': (260, 30723, 312, 327), 'total': Fraction(5653303, 507902395), 'excess': Fraction(1337829, 2031609580)}
RES (1, 8, 10, 11, 12, 14) (80, 5390, 6468, 64680) {'labels': (260, 30723, 312, 442), 'total': Fraction(836623, 73120740), 'excess': Fraction(460781, 475284810)}
RES (1, 8, 10, 11, 12, 14) (80, 5390, 6468, 129360) {'labels': (260, 30723, 312, 349), 'total': Fraction(71911989, 6504878380), 'excess': Fraction(1895863, 3252439190)}
RES (1, 8, 10, 11, 12, 14) (80, 5880, 6468, 10780) {'labels': (260, 30723, 286, 324), 'total': Fraction(5721571, 503242740), 'excess': Fraction(225761, 251621370)}
RES (1, 8, 10, 11, 12, 14) (80, 5880, 6468, 32340) {'labels': (260, 30723, 286, 268), 'total': Fraction(40805363, 3746362620), 'excess': Fraction(393194, 936590655)}
RES (1, 8, 10, 11, 12, 14) (80, 6468, 10780, 11760) {'labels': (260, 30723, 324, 451), 'total': Fraction(44987797, 4126590468), 'excess': Fraction(2216744, 5158238085)}
RES (1, 8, 10, 11, 12, 14) (88, 2695, 3920, 6468) {'labels': (260, 19110, 288, 297), 'total': Fraction(460091, 42378336), 'excess': Fraction(1663, 4324320)}
RES (1, 8, 10, 11, 12, 14) (88, 3920, 5390, 6468) {'labels': (260, 19110, 297, 312), 'total': Fraction(172807, 13243230), 'excess': Fraction(9749, 3783780)}
RES (1, 8, 10, 11, 12, 14) (88, 3920, 5880, 6468) {'labels': (260, 19110, 297, 286), 'total': Fraction(116813, 10594584), 'excess': Fraction(4189, 7567560)}
RES (1, 8, 10, 11, 12, 14) (88, 3920, 6468, 10780) {'labels': (260, 19110, 297, 324), 'total': Fraction(41579, 3531528), 'excess': Fraction(67, 51480)}
RES (1, 8, 10, 11, 12, 14) (88, 3920, 6468, 16170) {'labels': (260, 19110, 297, 328), 'total': Fraction(2877169, 271486215), 'excess': Fraction(557, 4432428)}
RES (1, 8, 10, 11, 12, 14) (88, 3920, 6468, 32340) {'labels': (260, 19110, 297, 268), 'total': Fraction(8018495, 709837128), 'excess': Fraction(8527, 10347480)}
RES (1, 8, 10, 11, 12, 14) (88, 5390, 6468, 11760) {'labels': (260, 19110, 312, 451), 'total': Fraction(2938121, 241321080), 'excess': Fraction(8387, 4924920)}
RES (1, 8, 10, 11, 12, 14) (88, 5390, 6468, 43120) {'labels': (260, 19110, 312, 327), 'total': Fraction(594987, 53463410), 'excess': Fraction(1433, 2182180)}
RES (1, 8, 10, 11, 12, 14) (88, 5390, 6468, 129360) {'labels': (260, 19110, 312, 349), 'total': Fraction(3784217, 342362020), 'excess': Fraction(29, 49907)}
RES (1, 8, 10, 11, 12, 14) (88, 6468, 10780, 11760) {'labels': (260, 19110, 324, 451), 'total': Fraction(1076083, 98722260), 'excess': Fraction(33193, 77567490)}
RES (1, 8, 10, 11, 12, 14) (105, 3920, 4312, 6468) {'labels': (260, 16016, 297, 270), 'total': Fraction(1248683, 105945840), 'excess': Fraction(139199, 105945840)}
RES (1, 8, 10, 11, 12, 14) (105, 4312, 6468, 11760) {'labels': (260, 16016, 270, 451), 'total': Fraction(3160099, 289585296), 'excess': Fraction(637547, 1447926480)}
RES (1, 8, 10, 11, 12, 14) (110, 3920, 4312, 6468) {'labels': (260, 15288, 297, 270), 'total': Fraction(77888, 6621615), 'excess': Fraction(4883, 3783780)}
RES (1, 8, 10, 11, 12, 14) (110, 3920, 5880, 6468) {'labels': (260, 15288, 297, 286), 'total': Fraction(292379, 26486460), 'excess': Fraction(536, 945945)}
RES (1, 8, 10, 11, 12, 14) (110, 3920, 6468, 11760) {'labels': (260, 15288, 297, 451), 'total': Fraction(2295977, 217188972), 'excess': Fraction(7691, 77567490)}
RES (1, 8, 10, 11, 12, 14) (110, 4312, 6468, 11760) {'labels': (260, 15288, 270, 451), 'total': Fraction(1576667, 144792648), 'excess': Fraction(43123, 103423320)}
RES (1, 8, 10, 11, 12, 14) (112, 5390, 5880, 6468) {'labels': (260, 33495, 312, 286), 'total': Fraction(1079423, 85345260), 'excess': Fraction(46418, 21336315)}
RES (1, 8, 10, 11, 12, 14) (112, 5390, 6468, 11760) {'labels': (260, 33495, 312, 451), 'total': Fraction(42620569, 3499155660), 'excess': Fraction(2988389, 1749577830)}
RES (1, 8, 10, 11, 12, 14) (112, 5390, 6468, 21560) {'labels': (260, 33495, 312, 414), 'total': Fraction(16540058, 1472205735), 'excess': Fraction(4491413, 5888822940)}
RES (1, 8, 10, 11, 12, 14) (112, 5390, 6468, 64680) {'labels': (260, 33495, 312, 442), 'total': Fraction(2554631, 223210680), 'excess': Fraction(2822669, 2901738840)}
RES (1, 8, 10, 11, 12, 14) (112, 5390, 6468, 129360) {'labels': (260, 33495, 312, 349), 'total': Fraction(658757039, 59570991480), 'excess': Fraction(34918841, 59570991480)}
RES (1, 8, 10, 11, 12, 14) (112, 5880, 6468, 10780) {'labels': (260, 33495, 286, 324), 'total': Fraction(17470867, 1536214680), 'excess': Fraction(125759, 139655880)}
RES (1, 8, 10, 11, 12, 14) (112, 5880, 6468, 32340) {'labels': (260, 33495, 286, 268), 'total': Fraction(124601101, 11436264840), 'excess': Fraction(4838467, 11436264840)}
RES (1, 8, 10, 11, 12, 14) (112, 6468, 10780, 11760) {'labels': (260, 33495, 324, 451), 'total': Fraction(12488393, 1145178216), 'excess': Fraction(27273377, 62984801880)}
RES (1, 8, 10, 11, 12, 14) (120, 2352, 6468, 10780) {'labels': (260, 31262, 275, 324), 'total': Fraction(1063327, 99754200), 'excess': Fraction(1438589, 7681073400)}
RES (1, 8, 10, 11, 12, 14) (120, 2695, 3920, 6468) {'labels': (260, 31262, 288, 297), 'total': Fraction(9533789, 877836960), 'excess': Fraction(2386451, 6144858720)}
RES (1, 8, 10, 11, 12, 14) (120, 3920, 4312, 6468) {'labels': (260, 31262, 297, 270), 'total': Fraction(2579393, 219459240), 'excess': Fraction(1968233, 1536214680)}
RES (1, 8, 10, 11, 12, 14) (120, 3920, 5390, 6468) {'labels': (260, 31262, 297, 312), 'total': Fraction(716123, 54864810), 'excess': Fraction(1981963, 768107340)}
RES (1, 8, 10, 11, 12, 14) (120, 3920, 6468, 10780) {'labels': (260, 31262, 297, 324), 'total': Fraction(861557, 73153080), 'excess': Fraction(60763, 46551960)}
RES (1, 8, 10, 11, 12, 14) (120, 3920, 6468, 16170) {'labels': (260, 31262, 297, 328), 'total': Fraction(2384794, 224945721), 'excess': Fraction(4077041, 31492400940)}
RES (1, 8, 10, 11, 12, 14) (120, 3920, 6468, 32340) {'labels': (260, 31262, 297, 268), 'total': Fraction(166153217, 14703769080), 'excess': Fraction(85208813, 102926383560)}
RES (1, 8, 10, 11, 12, 14) (120, 4312, 6468, 11760) {'labels': (260, 31262, 270, 451), 'total': Fraction(815792, 74981907), 'excess': Fraction(4279507, 10497466980)}
RES (1, 8, 10, 11, 12, 14) (120, 5390, 6468, 8624) {'labels': (260, 31262, 312, 405), 'total': Fraction(1805299, 164594430), 'excess': Fraction(1142909, 2304322020)}
RES (1, 8, 10, 11, 12, 14) (120, 5390, 6468, 43120) {'labels': (260, 31262, 312, 327), 'total': Fraction(2465787, 221491270), 'excess': Fraction(409613, 620175556)}
RES (1, 8, 10, 11, 12, 14) (120, 6468, 10780, 11760) {'labels': (260, 31262, 324, 451), 'total': Fraction(49055719, 4498914420), 'excess': Fraction(6797957, 15746200470)}
RES (1, 8, 10, 11, 12, 14) (140, 4312, 6468, 11760) {'labels': (260, 36036, 270, 451), 'total': Fraction(394259, 36198162), 'excess': Fraction(11681, 27844740)}
RES (1, 8, 10, 11, 12, 14) (165, 3920, 4312, 6468) {'labels': (260, 13328, 297, 270), 'total': Fraction(21203851, 1801079280), 'excess': Fraction(2342623, 1801079280)}
RES (1, 8, 10, 11, 12, 14) (165, 3920, 5880, 6468) {'labels': (260, 13328, 297, 286), 'total': Fraction(19900087, 1801079280), 'excess': Fraction(1038859, 1801079280)}
RES (1, 8, 10, 11, 12, 14) (165, 3920, 6468, 11760) {'labels': (260, 13328, 297, 451), 'total': Fraction(156276619, 14768850096), 'excess': Fraction(8072747, 73844250480)}
RES (1, 8, 10, 11, 12, 14) (165, 4312, 6468, 11760) {'labels': (260, 13328, 270, 451), 'total': Fraction(53656739, 4922950032), 'excess': Fraction(10513579, 24614750160)}
RES (1, 8, 10, 11, 12, 14) (168, 2695, 3920, 6468) {'labels': (260, 14630, 288, 297), 'total': Fraction(43845157, 4025941920), 'excess': Fraction(336953, 805188384)}
RES (1, 8, 10, 11, 12, 14) (168, 3920, 5390, 6468) {'labels': (260, 14630, 297, 312), 'total': Fraction(658373, 50324274), 'excess': Fraction(1313681, 503242740)}
RES (1, 8, 10, 11, 12, 14) (168, 3920, 6468, 10780) {'labels': (260, 14630, 297, 324), 'total': Fraction(3961381, 335495160), 'excess': Fraction(89603, 67099032)}
RES (1, 8, 10, 11, 12, 14) (168, 3920, 6468, 16170) {'labels': (260, 14630, 297, 328), 'total': Fraction(54841117, 5158238085), 'excess': Fraction(3292459, 20632952340)}
RES (1, 8, 10, 11, 12, 14) (168, 3920, 6468, 32340) {'labels': (260, 14630, 297, 268), 'total': Fraction(764043601, 67434527160), 'excess': Fraction(11571407, 13486905432)}
RES (1, 8, 10, 11, 12, 14) (168, 5390, 6468, 43120) {'labels': (260, 770, 312, 16581), 'total': Fraction(384220181, 32531258760), 'excess': Fraction(8709391, 6506251752)}
RES (1, 8, 10, 11, 12, 14) (168, 6468, 10780, 11760) {'labels': (260, 14630, 324, 451), 'total': Fraction(225600971, 20632952340), 'excess': Fraction(4764481, 10316476170)}
RES (1, 8, 10, 11, 12, 14) (168, 6468, 10780, 43120) {'labels': (260, 770, 324, 16581), 'total': Fraction(771167867, 73195332210), 'excess': Fraction(9306217, 146390664420)}
RES (1, 8, 10, 11, 12, 14) (168, 6468, 10780, 129360) {'labels': (260, 770, 324, 13039), 'total': Fraction(112036147, 10626367752), 'excess': Fraction(3774509, 53131838760)}
RES (1, 8, 10, 11, 12, 14) (176, 1960, 5390, 6468) {'labels': (260, 21315, 594, 312), 'total': Fraction(16948487, 1536214680), 'excess': Fraction(860969, 1536214680)}
RES (1, 8, 10, 11, 12, 14) (176, 2695, 3920, 6468) {'labels': (260, 21315, 288, 297), 'total': Fraction(66770219, 6144858720), 'excess': Fraction(2420147, 6144858720)}
RES (1, 8, 10, 11, 12, 14) (176, 3920, 5390, 6468) {'labels': (260, 21315, 297, 312), 'total': Fraction(5014967, 384053670), 'excess': Fraction(397235, 153621468)}
RES (1, 8, 10, 11, 12, 14) (176, 3920, 5880, 6468) {'labels': (260, 21315, 297, 286), 'total': Fraction(16952141, 1536214680), 'excess': Fraction(864623, 1536214680)}
RES (1, 8, 10, 11, 12, 14) (176, 3920, 6468, 10780) {'labels': (260, 21315, 297, 324), 'total': Fraction(6033707, 512071560), 'excess': Fraction(671201, 512071560)}
RES (1, 8, 10, 11, 12, 14) (176, 3920, 6468, 11760) {'labels': (260, 21315, 297, 451), 'total': Fraction(665593849, 62984801880), 'excess': Fraction(6005611, 62984801880)}
RES (1, 8, 10, 11, 12, 14) (176, 3920, 6468, 16170) {'labels': (260, 21315, 297, 328), 'total': Fraction(83510963, 7873100235), 'excess': Fraction(4249733, 31492400940)}
RES (1, 8, 10, 11, 12, 14) (176, 3920, 6468, 32340) {'labels': (260, 21315, 297, 268), 'total': Fraction(1163636927, 102926383560), 'excess': Fraction(85773221, 102926383560)}
RES (1, 8, 10, 11, 12, 14) (176, 5390, 5880, 6468) {'labels': (260, 21315, 312, 286), 'total': Fraction(2159561, 170690520), 'excess': Fraction(372059, 170690520)}
RES (1, 8, 10, 11, 12, 14) (176, 5390, 6468, 11760) {'labels': (260, 21315, 312, 451), 'total': Fraction(85270453, 6998311320), 'excess': Fraction(11982871, 6998311320)}
RES (1, 8, 10, 11, 12, 14) (176, 5390, 6468, 21560) {'labels': (260, 21315, 312, 414), 'total': Fraction(132369799, 11777645880), 'excess': Fraction(9032161, 11777645880)}
RES (1, 8, 10, 11, 12, 14) (176, 5390, 6468, 43120) {'labels': (260, 21315, 312, 327), 'total': Fraction(17269011, 1550438890), 'excess': Fraction(2065069, 3100877780)}
RES (1, 8, 10, 11, 12, 14) (176, 5390, 6468, 64680) {'labels': (260, 21315, 312, 442), 'total': Fraction(1277783, 111605340), 'excess': Fraction(354353, 362717355)}
RES (1, 8, 10, 11, 12, 14) (176, 5390, 6468, 129360) {'labels': (260, 21315, 312, 349), 'total': Fraction(109834429, 9928498580), 'excess': Fraction(1465349, 2482124645)}
RES (1, 8, 10, 11, 12, 14) (176, 5880, 6468, 10780) {'labels': (260, 21315, 286, 324), 'total': Fraction(8738651, 768107340), 'excess': Fraction(15793, 17456985)}
RES (1, 8, 10, 11, 12, 14) (176, 5880, 6468, 32340) {'labels': (260, 21315, 286, 268), 'total': Fraction(62324503, 5718132420), 'excess': Fraction(1221593, 2859066210)}
RES (1, 8, 10, 11, 12, 14) (176, 6468, 10780, 11760) {'labels': (260, 21315, 324, 451), 'total': Fraction(6246595, 572589108), 'excess': Fraction(6884303, 15746200470)}
RES (1, 8, 10, 11, 12, 14) (210, 3920, 4312, 6468) {'labels': (260, 25256, 297, 270), 'total': Fraction(12797347, 1085944860), 'excess': Fraction(356284, 271486215)}
RES (1, 8, 10, 11, 12, 14) (210, 4312, 6468, 11760) {'labels': (260, 25256, 270, 451), 'total': Fraction(1579829, 144792648), 'excess': Fraction(317671, 723963240)}
RES (1, 8, 10, 11, 12, 14) (220, 3920, 4312, 6468) {'labels': (260, 18228, 297, 270), 'total': Fraction(19297909, 1642160520), 'excess': Fraction(2100907, 1642160520)}
RES (1, 8, 10, 11, 12, 14) (220, 3920, 5880, 6468) {'labels': (260, 18228, 297, 286), 'total': Fraction(18109183, 1642160520), 'excess': Fraction(912181, 1642160520)}
RES (1, 8, 10, 11, 12, 14) (220, 3920, 6468, 11760) {'labels': (260, 18228, 297, 451), 'total': Fraction(142200391, 13465716264), 'excess': Fraction(5924873, 67328581320)}
RES (1, 8, 10, 11, 12, 14) (220, 4312, 6468, 11760) {'labels': (260, 18228, 270, 451), 'total': Fraction(6103327, 561071511), 'excess': Fraction(4553693, 11221430220)}
RES (1, 8, 10, 11, 12, 14) (240, 392, 5390, 6468) {'labels': (260, 28567, 1650, 312), 'total': Fraction(504643, 47265400), 'excess': Fraction(106383, 519919400)}
RES (1, 8, 10, 11, 12, 14) (240, 1960, 5390, 6468) {'labels': (260, 28567, 594, 312), 'total': Fraction(15476467, 1403782380), 'excess': Fraction(193951, 350945595)}
RES (1, 8, 10, 11, 12, 14) (240, 2352, 6468, 10780) {'labels': (260, 28567, 275, 324), 'total': Fraction(74801659, 7018911900), 'excess': Fraction(324586, 1754727975)}
RES (1, 8, 10, 11, 12, 14) (240, 2695, 3920, 6468) {'labels': (260, 28567, 288, 297), 'total': Fraction(121940783, 11230259040), 'excess': Fraction(4335479, 11230259040)}
RES (1, 8, 10, 11, 12, 14) (240, 2695, 4312, 6468) {'labels': (260, 28567, 288, 270), 'total': Fraction(41836601, 3743419680), 'excess': Fraction(2634833, 3743419680)}
RES (1, 8, 10, 11, 12, 14) (240, 3920, 5390, 6468) {'labels': (260, 28567, 297, 312), 'total': Fraction(3330841, 255233160), 'excess': Fraction(1447585, 561512952)}
RES (1, 8, 10, 11, 12, 14) (240, 3920, 6468, 10780) {'labels': (260, 28567, 297, 324), 'total': Fraction(1377478, 116981865), 'excess': Fraction(609691, 467927460)}
RES (1, 8, 10, 11, 12, 14) (240, 3920, 6468, 16170) {'labels': (260, 28567, 297, 328), 'total': Fraction(1220090503, 115110155160), 'excess': Fraction(14636137, 115110155160)}
RES (1, 8, 10, 11, 12, 14) (240, 3920, 6468, 32340) {'labels': (260, 28567, 297, 268), 'total': Fraction(531295091, 47026709730), 'excess': Fraction(77645761, 94053419460)}
RES (1, 8, 10, 11, 12, 14) (240, 4312, 5390, 6468) {'labels': (260, 28567, 270, 312), 'total': Fraction(6255251, 467927460), 'excess': Fraction(135503, 46792746)}
RES (1, 8, 10, 11, 12, 14) (240, 4312, 5880, 6468) {'labels': (260, 28567, 270, 286), 'total': Fraction(10617289, 935854920), 'excess': Fraction(816847, 935854920)}
RES (1, 8, 10, 11, 12, 14) (240, 4312, 6468, 10780) {'labels': (260, 28567, 270, 324), 'total': Fraction(33951727, 2807564760), 'excess': Fraction(4550401, 2807564760)}
RES (1, 8, 10, 11, 12, 14) (240, 4312, 6468, 16170) {'labels': (260, 28567, 270, 328), 'total': Fraction(209445493, 19185025860), 'excess': Fraction(2134108, 4796256465)}
RES (1, 8, 10, 11, 12, 14) (240, 4312, 6468, 32340) {'labels': (260, 28567, 270, 268), 'total': Fraction(66210953, 5700207240), 'excess': Fraction(71690869, 62702279640)}
RES (1, 8, 10, 11, 12, 14) (240, 5390, 6468, 8624) {'labels': (260, 28567, 312, 405), 'total': Fraction(92362033, 8422694280), 'excess': Fraction(75601, 153139896)}
RES (1, 8, 10, 11, 12, 14) (240, 5390, 6468, 21560) {'labels': (260, 28567, 312, 414), 'total': Fraction(120874709, 10762331580), 'excess': Fraction(4084813, 5381165790)}
RES (1, 8, 10, 11, 12, 14) (240, 5390, 6468, 43120) {'labels': (260, 28567, 312, 327), 'total': Fraction(378462199, 34002728760), 'excess': Fraction(22379473, 34002728760)}
RES (1, 8, 10, 11, 12, 14) (240, 5880, 6468, 10780) {'labels': (260, 28567, 286, 324), 'total': Fraction(31919389, 2807564760), 'excess': Fraction(2518063, 2807564760)}
RES (1, 8, 10, 11, 12, 14) (240, 5880, 6468, 32340) {'labels': (260, 28567, 286, 268), 'total': Fraction(6898299, 633356360), 'excess': Fraction(2922443, 6966919960)}
RES (1, 8, 10, 11, 12, 14) (240, 6468, 10780, 11760) {'labels': (260, 28567, 324, 451), 'total': Fraction(250976725, 23022031032), 'excess': Fraction(4493569, 10464559560)}
RES (1, 8, 10, 11, 12, 14) (245, 4312, 6468, 18480) {'labels': (260, 16896, 270, 371), 'total': Fraction(339281561, 29947357440), 'excess': Fraction(25667417, 29947357440)}
RES (1, 8, 10, 11, 12, 14) (264, 2695, 3920, 6468) {'labels': (260, 14210, 288, 297), 'total': Fraction(66770219, 6144858720), 'excess': Fraction(2420147, 6144858720)}
RES (1, 8, 10, 11, 12, 14) (264, 3920, 5390, 6468) {'labels': (260, 14210, 297, 312), 'total': Fraction(5014967, 384053670), 'excess': Fraction(397235, 153621468)}
RES (1, 8, 10, 11, 12, 14) (264, 3920, 5880, 6468) {'labels': (260, 14210, 297, 286), 'total': Fraction(16952141, 1536214680), 'excess': Fraction(864623, 1536214680)}
RES (1, 8, 10, 11, 12, 14) (264, 3920, 6468, 10780) {'labels': (260, 14210, 297, 324), 'total': Fraction(6033707, 512071560), 'excess': Fraction(671201, 512071560)}
RES (1, 8, 10, 11, 12, 14) (264, 3920, 6468, 16170) {'labels': (260, 14210, 297, 328), 'total': Fraction(83510963, 7873100235), 'excess': Fraction(4249733, 31492400940)}
RES (1, 8, 10, 11, 12, 14) (264, 3920, 6468, 32340) {'labels': (260, 14210, 297, 268), 'total': Fraction(1163636927, 102926383560), 'excess': Fraction(85773221, 102926383560)}
RES (1, 8, 10, 11, 12, 14) (264, 5390, 6468, 43120) {'labels': (260, 14210, 312, 327), 'total': Fraction(17269011, 1550438890), 'excess': Fraction(2065069, 3100877780)}
RES (1, 8, 10, 11, 12, 14) (264, 6468, 10780, 11760) {'labels': (260, 14210, 324, 451), 'total': Fraction(6246595, 572589108), 'excess': Fraction(6884303, 15746200470)}
RES (1, 8, 10, 11, 12, 14) (280, 2352, 5390, 6468) {'labels': (260, 18018, 275, 312), 'total': Fraction(13549, 1131900), 'excess': Fraction(11021, 7357350)}
RES (1, 8, 10, 11, 12, 14) (280, 2352, 6468, 10780) {'labels': (260, 18018, 275, 324), 'total': Fraction(2832751, 264864600), 'excess': Fraction(59041, 264864600)}
RES (1, 8, 10, 11, 12, 14) (280, 4312, 6468, 11760) {'labels': (260, 18018, 270, 451), 'total': Fraction(17960, 1645371), 'excess': Fraction(160463, 361981620)}
RES (1, 8, 10, 11, 12, 14) (280, 5390, 6468, 8624) {'labels': (260, 18018, 312, 405), 'total': Fraction(33629, 3056130), 'excess': Fraction(42241, 79459380)}
RES (1, 8, 10, 11, 12, 14) (280, 5390, 6468, 11760) {'labels': (260, 18018, 312, 451), 'total': Fraction(226741, 18563160), 'excess': Fraction(7645, 4387656)}
RES (1, 8, 10, 11, 12, 14) (280, 5390, 6468, 25872) {'labels': (260, 18018, 312, 685), 'total': Fraction(31799, 2819460), 'excess': Fraction(162527, 201591390)}
RES (1, 8, 10, 11, 12, 14) (280, 5390, 6468, 43120) {'labels': (260, 18018, 312, 327), 'total': Fraction(137791, 12337710), 'excess': Fraction(44659, 64156092)}
RES (1, 8, 10, 11, 12, 14) (280, 5390, 6468, 129360) {'labels': (260, 18018, 312, 349), 'total': Fraction(175279, 15801324), 'excess': Fraction(159326, 256771515)}
RES (1, 8, 10, 11, 12, 14) (280, 6468, 10780, 11760) {'labels': (260, 18018, 324, 451), 'total': Fraction(11879717, 1085944860), 'excess': Fraction(253753, 542972430)}
RES (1, 8, 10, 11, 12, 14) (330, 3920, 4312, 6468) {'labels': (260, 30968, 297, 270), 'total': Fraction(24597263, 2092430340), 'excess': Fraction(1342477, 1046215170)}
RES (1, 8, 10, 11, 12, 14) (330, 3920, 5880, 6468) {'labels': (260, 30968, 297, 286), 'total': Fraction(5770649, 523107585), 'excess': Fraction(1170287, 2092430340)}
RES (1, 8, 10, 11, 12, 14) (330, 3920, 6468, 11760) {'labels': (260, 30968, 297, 451), 'total': Fraction(90628177, 8578964394), 'excess': Fraction(7877101, 85789643940)}
RES (1, 8, 10, 11, 12, 14) (330, 4312, 6468, 11760) {'labels': (260, 30968, 270, 451), 'total': Fraction(124472807, 11438619192), 'excess': Fraction(23427589, 57193095960)}
RES (1, 8, 10, 11, 12, 14) (336, 1960, 5390, 6468) {'labels': (260, 385, 14586, 312), 'total': Fraction(581531, 50029980), 'excess': Fraction(14402, 12507495)}
RES (1, 8, 10, 11, 12, 14) (336, 2695, 3920, 6468) {'labels': (260, 22715, 288, 297), 'total': Fraction(27160561, 2500321824), 'excess': Fraction(4883693, 12501609120)}
RES (1, 8, 10, 11, 12, 14) (336, 3920, 5390, 6468) {'labels': (260, 22715, 297, 312), 'total': Fraction(1854611, 142063740), 'excess': Fraction(1008958, 390675285)}
RES (1, 8, 10, 11, 12, 14) (336, 3920, 6468, 10780) {'labels': (260, 22715, 297, 324), 'total': Fraction(2454427, 208360152), 'excess': Fraction(1362209, 1041800760)}
RES (1, 8, 10, 11, 12, 14) (336, 3920, 6468, 16170) {'labels': (260, 22715, 297, 328), 'total': Fraction(679401179, 64070746740), 'excess': Fraction(844073, 6407074674)}
RES (1, 8, 10, 11, 12, 14) (336, 3920, 6468, 32340) {'labels': (260, 22715, 297, 268), 'total': Fraction(473345671, 41880390552), 'excess': Fraction(173833229, 209401952760)}
RES (1, 8, 10, 11, 12, 14) (336, 5390, 6468, 21560) {'labels': (260, 385, 312, 16122), 'total': Fraction(183836509, 15815359560), 'excess': Fraction(18215203, 15815359560)}
RES (1, 8, 10, 11, 12, 14) (336, 5390, 6468, 43120) {'labels': (260, 385, 312, 16581), 'total': Fraction(18884087, 1626562938), 'excess': Fraction(18504257, 16265629380)}
RES (1, 8, 10, 11, 12, 14) (336, 5880, 6468, 10780) {'labels': (260, 22715, 286, 324), 'total': Fraction(4443407, 390675285), 'excess': Fraction(1408739, 1562701140)}
RES (1, 8, 10, 11, 12, 14) (336, 5880, 6468, 32340) {'labels': (260, 22715, 286, 268), 'total': Fraction(1920619, 176264270), 'excess': Fraction(1644449, 3877813940)}
RES (1, 8, 10, 11, 12, 14) (336, 6468, 10780, 11760) {'labels': (260, 22715, 324, 451), 'total': Fraction(349383581, 32035373370), 'excess': Fraction(2527883, 5824613340)}
RES (1, 8, 10, 11, 12, 14) (385, 3920, 4312, 6468) {'labels': (260, 13104, 297, 270), 'total': Fraction(1253303, 105945840), 'excess': Fraction(11063, 8149680)}
RES (1, 8, 10, 11, 12, 14) (385, 3920, 5880, 6468) {'labels': (260, 13104, 297, 286), 'total': Fraction(1176611, 105945840), 'excess': Fraction(67127, 105945840)}
RES (1, 8, 10, 11, 12, 14) (385, 3920, 6468, 11760) {'labels': (260, 13104, 297, 451), 'total': Fraction(9242087, 868755888), 'excess': Fraction(55507, 334136880)}
RES (1, 8, 10, 11, 12, 14) (385, 4312, 6468, 11760) {'labels': (260, 13104, 270, 451), 'total': Fraction(3172727, 289585296), 'excess': Fraction(53899, 111378960)}
RES (1, 8, 10, 11, 12, 14) (385, 4312, 6468, 43120) {'labels': (260, 336, 270, 16581), 'total': Fraction(2065333219, 195187552560), 'excess': Fraction(21293863, 195187552560)}
RES (1, 8, 10, 11, 12, 14) (385, 4312, 6468, 129360) {'labels': (260, 336, 270, 13039), 'total': Fraction(375066313, 35421225840), 'excess': Fraction(4128829, 35421225840)}
RES (1, 8, 10, 11, 12, 14) (392, 880, 5390, 6468) {'labels': (260, 1650, 18963, 312), 'total': Fraction(10150823, 949098150), 'excess': Fraction(423391, 1898196300)}
RES (1, 8, 10, 11, 12, 14) (392, 1680, 5390, 6468) {'labels': (260, 1650, 18403, 312), 'total': Fraction(12555537, 1172271100), 'excess': Fraction(139651, 586135550)}
RES (1, 8, 10, 11, 12, 14) (392, 2640, 5390, 6468) {'labels': (260, 15510, 343, 312), 'total': Fraction(5461349, 484113630), 'excess': Fraction(783247, 968227260)}
RES (1, 8, 10, 11, 12, 14) (392, 4620, 6468, 11760) {'labels': (260, 15510, 364, 451), 'total': Fraction(6029171, 515549580), 'excess': Fraction(1733167, 1417761345)}
RES (1, 8, 10, 11, 12, 14) (392, 4620, 6468, 43120) {'labels': (260, 15510, 364, 327), 'total': Fraction(321083843, 30153363240), 'excess': Fraction(5312369, 30153363240)}
RES (1, 8, 10, 11, 12, 14) (392, 4620, 6468, 129360) {'labels': (260, 15510, 364, 349), 'total': Fraction(1020758369, 96546089640), 'excess': Fraction(1942051, 19309217928)}
RES (1, 8, 10, 11, 12, 14) (392, 5390, 6160, 6468) {'labels': (260, 15510, 312, 567), 'total': Fraction(42912923, 3734590860), 'excess': Fraction(950903, 933647715)}
RES (1, 8, 10, 11, 12, 14) (392, 5390, 6468, 18480) {'labels': (260, 15510, 312, 371), 'total': Fraction(37071869, 2932345416), 'excess': Fraction(31819087, 14661727080)}
RES (1, 8, 10, 11, 12, 14) (392, 5880, 6468, 18480) {'labels': (260, 15510, 286, 371), 'total': Fraction(19462376, 1832715885), 'excess': Fraction(19625, 133288428)}
RES (1, 8, 10, 11, 12, 14) (392, 6468, 10780, 18480) {'labels': (260, 15510, 324, 371), 'total': Fraction(374996123, 32988885930), 'excess': Fraction(11812217, 13195554372)}
RES (1, 8, 10, 11, 12, 14) (392, 6468, 18480, 32340) {'labels': (260, 15510, 371, 268), 'total': Fraction(1337196677, 122791964295), 'excess': Fraction(41037613, 98233571436)}
RES (1, 8, 10, 11, 12, 14) (420, 3920, 4312, 6468) {'labels': (260, 14476, 297, 270), 'total': Fraction(29459813, 2489727240), 'excess': Fraction(3386939, 2489727240)}
RES (1, 8, 10, 11, 12, 14) (420, 4312, 6468, 11760) {'labels': (260, 14476, 270, 451), 'total': Fraction(9322343, 850656807), 'excess': Fraction(8282221, 17013136140)}
RES (1, 8, 10, 11, 12, 14) (440, 2352, 5390, 6468) {'labels': (260, 15582, 275, 312), 'total': Fraction(1330223, 111411300), 'excess': Fraction(572263, 389939550)}
RES (1, 8, 10, 11, 12, 14) (440, 2352, 6468, 10780) {'labels': (260, 15582, 275, 324), 'total': Fraction(21387029, 2005403400), 'excess': Fraction(2702573, 14037823800)}
RES (1, 8, 10, 11, 12, 14) (440, 2695, 3920, 6468) {'labels': (260, 15582, 288, 297), 'total': Fraction(17432213, 1604322720), 'excess': Fraction(4420187, 11230259040)}
RES (1, 8, 10, 11, 12, 14) (440, 3920, 4312, 6468) {'labels': (260, 15582, 297, 270), 'total': Fraction(4716161, 401080680), 'excess': Fraction(3611801, 2807564760)}
RES (1, 8, 10, 11, 12, 14) (440, 3920, 5390, 6468) {'labels': (260, 15582, 297, 312), 'total': Fraction(187043, 14324310), 'excess': Fraction(3629551, 1403782380)}
RES (1, 8, 10, 11, 12, 14) (440, 3920, 5880, 6468) {'labels': (260, 15582, 297, 286), 'total': Fraction(90323, 8185320), 'excess': Fraction(1579463, 2807564760)}
RES (1, 8, 10, 11, 12, 14) (440, 3920, 6468, 10780) {'labels': (260, 15582, 297, 324), 'total': Fraction(1575269, 133693560), 'excess': Fraction(1226441, 935854920)}
RES (1, 8, 10, 11, 12, 14) (440, 3920, 6468, 11760) {'labels': (260, 15582, 297, 451), 'total': Fraction(34754315, 3288861576), 'excess': Fraction(10946659, 115110155160)}
RES (1, 8, 10, 11, 12, 14) (440, 3920, 6468, 16170) {'labels': (260, 15582, 297, 328), 'total': Fraction(4360567, 411107697), 'excess': Fraction(7752197, 57555077580)}
RES (1, 8, 10, 11, 12, 14) (440, 3920, 6468, 32340) {'labels': (260, 15582, 297, 268), 'total': Fraction(303799889, 26872405560), 'excess': Fraction(156710381, 188106838920)}
RES (1, 8, 10, 11, 12, 14) (440, 4312, 6468, 11760) {'labels': (260, 15582, 270, 451), 'total': Fraction(1491647, 137035899), 'excess': Fraction(7921519, 19185025860)}
RES (1, 8, 10, 11, 12, 14) (440, 5390, 6468, 8624) {'labels': (260, 15582, 312, 405), 'total': Fraction(42869, 3906630), 'excess': Fraction(2110793, 4211347140)}
RES (1, 8, 10, 11, 12, 14) (440, 5390, 6468, 11760) {'labels': (260, 15582, 312, 451), 'total': Fraction(22262267, 1827145320), 'excess': Fraction(4379299, 2558003448)}
RES (1, 8, 10, 11, 12, 14) (440, 5390, 6468, 25872) {'labels': (260, 15582, 312, 685), 'total': Fraction(4905209, 436095660), 'excess': Fraction(8289241, 10684343670)}
RES (1, 8, 10, 11, 12, 14) (440, 5390, 6468, 43120) {'labels': (260, 15582, 312, 327), 'total': Fraction(13525667, 1214383170), 'excess': Fraction(2263595, 3400272876)}
RES (1, 8, 10, 11, 12, 14) (440, 5390, 6468, 129360) {'labels': (260, 15582, 312, 349), 'total': Fraction(17205197, 1555301748), 'excess': Fraction(8030713, 13608890295)}
RES (1, 8, 10, 11, 12, 14) (440, 6468, 10780, 11760) {'labels': (260, 15582, 324, 451), 'total': Fraction(8154233, 747468540), 'excess': Fraction(12574379, 28777538790)}
RES (1, 8, 10, 11, 12, 14) (490, 4312, 6468, 18480) {'labels': (260, 16104, 270, 371), 'total': Fraction(323670509, 28543575060), 'excess': Fraction(6189257, 7135893765)}
RES (1, 8, 10, 11, 12, 14) (528, 1960, 5390, 6468) {'labels': (260, 17395, 594, 312), 'total': Fraction(5926649, 537296760), 'excess': Fraction(2099861, 3761077320)}
RES (1, 8, 10, 11, 12, 14) (528, 2695, 3920, 6468) {'labels': (260, 17395, 288, 297), 'total': Fraction(23348543, 2149187040), 'excess': Fraction(5893073, 15044309280)}
RES (1, 8, 10, 11, 12, 14) (528, 3920, 5390, 6468) {'labels': (260, 17395, 297, 312), 'total': Fraction(3507433, 268648380), 'excess': Fraction(485869, 188053866)}
RES (1, 8, 10, 11, 12, 14) (528, 3920, 5880, 6468) {'labels': (260, 17395, 297, 286), 'total': Fraction(5927927, 537296760), 'excess': Fraction(2108807, 3761077320)}
RES (1, 8, 10, 11, 12, 14) (528, 3920, 6468, 10780) {'labels': (260, 17395, 297, 324), 'total': Fraction(2109929, 179098920), 'excess': Fraction(1640609, 1253692440)}
RES (1, 8, 10, 11, 12, 14) (528, 3920, 6468, 11760) {'labels': (260, 17395, 297, 451), 'total': Fraction(232746883, 22029167160), 'excess': Fraction(14374219, 154204170120)}
RES (1, 8, 10, 11, 12, 14) (528, 3920, 6468, 16170) {'labels': (260, 17395, 297, 328), 'total': Fraction(116809559, 11014583580), 'excess': Fraction(2559983, 19275521265)}
RES (1, 8, 10, 11, 12, 14) (528, 3920, 6468, 32340) {'labels': (260, 17395, 297, 268), 'total': Fraction(406909469, 35998882920), 'excess': Fraction(209458589, 251992180440)}
RES (1, 8, 10, 11, 12, 14) (528, 5390, 6468, 21560) {'labels': (260, 17395, 312, 414), 'total': Fraction(4208003, 374479560), 'excess': Fraction(22051669, 28834926120)}
RES (1, 8, 10, 11, 12, 14) (528, 5390, 6468, 43120) {'labels': (260, 17395, 312, 327), 'total': Fraction(36232457, 3253630380), 'excess': Fraction(7559479, 11387706330)}
RES (1, 8, 10, 11, 12, 14) (528, 5880, 6468, 10780) {'labels': (260, 17395, 286, 324), 'total': Fraction(1527901, 134324190), 'excess': Fraction(1697273, 1880538660)}
RES (1, 8, 10, 11, 12, 14) (528, 5880, 6468, 32340) {'labels': (260, 17395, 286, 268), 'total': Fraction(1816163, 166661495), 'excess': Fraction(1983903, 4666521860)}
RES (1, 8, 10, 11, 12, 14) (528, 6468, 10780, 11760) {'labels': (260, 17395, 324, 451), 'total': Fraction(6006941, 550729179), 'excess': Fraction(33544759, 77102085060)}
RES (1, 8, 10, 11, 12, 14) (560, 1176, 5390, 6468) {'labels': (260, 14091, 550, 312), 'total': Fraction(7013429, 598397800), 'excess': Fraction(746899, 598397800)}
RES (1, 8, 10, 11, 12, 14) (560, 2352, 5390, 6468) {'labels': (260, 14091, 275, 312), 'total': Fraction(10733857, 897596700), 'excess': Fraction(667031, 448798350)}
RES (1, 8, 10, 11, 12, 14) (560, 2352, 6468, 10780) {'labels': (260, 14091, 275, 324), 'total': Fraction(172608811, 16156740600), 'excess': Fraction(3412501, 16156740600)}
RES (1, 8, 10, 11, 12, 14) (560, 2695, 4312, 6468) {'labels': (260, 14091, 288, 270), 'total': Fraction(48264589, 4308464160), 'excess': Fraction(3145573, 4308464160)}
RES (1, 8, 10, 11, 12, 14) (560, 2695, 5880, 6468) {'labels': (260, 14091, 288, 286), 'total': Fraction(45145781, 4308464160), 'excess': Fraction(5353, 861692832)}
RES (1, 8, 10, 11, 12, 14) (560, 4312, 5390, 6468) {'labels': (260, 14091, 270, 312), 'total': Fraction(14427137, 1077116040), 'excess': Fraction(3147383, 1077116040)}
RES (1, 8, 10, 11, 12, 14) (560, 4312, 5880, 6468) {'labels': (260, 14091, 270, 286), 'total': Fraction(3062039, 269279010), 'excess': Fraction(484201, 538558020)}
RES (1, 8, 10, 11, 12, 14) (560, 4312, 6468, 10780) {'labels': (260, 14091, 270, 324), 'total': Fraction(4895161, 403918515), 'excess': Fraction(2661013, 1615674060)}
RES (1, 8, 10, 11, 12, 14) (560, 4312, 6468, 16170) {'labels': (260, 14091, 270, 328), 'total': Fraction(96655673, 8832351528), 'excess': Fraction(20808451, 44161757640)}
RES (1, 8, 10, 11, 12, 14) (560, 4312, 6468, 32340) {'labels': (260, 14091, 270, 268), 'total': Fraction(19094293, 1640153970), 'excess': Fraction(42202687, 36083387340)}
RES (1, 8, 10, 11, 12, 14) (560, 5390, 5880, 6468) {'labels': (260, 14091, 312, 286), 'total': Fraction(909829, 71807736), 'excess': Fraction(789227, 359038680)}
RES (1, 8, 10, 11, 12, 14) (560, 5390, 6468, 11760) {'labels': (260, 14091, 312, 451), 'total': Fraction(179633413, 14720585880), 'excess': Fraction(5095355, 2944117176)}
RES (1, 8, 10, 11, 12, 14) (560, 5390, 6468, 12936) {'labels': (260, 14091, 312, 410), 'total': Fraction(167743171, 14720585880), 'excess': Fraction(13586533, 14720585880)}
RES (1, 8, 10, 11, 12, 14) (560, 5390, 6468, 21560) {'labels': (260, 14091, 312, 414), 'total': Fraction(55777963, 4954733784), 'excess': Fraction(19455473, 24773668920)}
RES (1, 8, 10, 11, 12, 14) (560, 5390, 6468, 25872) {'labels': (260, 14091, 312, 685), 'total': Fraction(277094977, 24594149580), 'excess': Fraction(9770297, 12297074790)}
RES (1, 8, 10, 11, 12, 14) (560, 5390, 6468, 64680) {'labels': (260, 14091, 312, 442), 'total': Fraction(2692079, 234756060), 'excess': Fraction(759431, 762957195)}
RES (1, 8, 10, 11, 12, 14) (560, 5390, 6468, 129360) {'labels': (260, 14091, 312, 349), 'total': Fraction(12622697, 1139131812), 'excess': Fraction(9535661, 15663062415)}
RES (1, 8, 10, 11, 12, 14) (560, 5880, 6468, 10780) {'labels': (260, 14091, 286, 324), 'total': Fraction(18411091, 1615674060), 'excess': Fraction(74573, 80783703)}
RES (1, 8, 10, 11, 12, 14) (560, 5880, 6468, 32340) {'labels': (260, 14091, 286, 268), 'total': Fraction(11938013, 1093435980), 'excess': Fraction(536089, 1202779578)}
RES (1, 8, 10, 11, 12, 14) (560, 6468, 10780, 11760) {'labels': (260, 14091, 324, 451), 'total': Fraction(723887837, 66242636460), 'excess': Fraction(1371953, 3011028930)}
RES (1, 8, 10, 11, 12, 14) (616, 2695, 3920, 6468) {'labels': (260, 14490, 288, 297), 'total': Fraction(53292737, 4873508640), 'excess': Fraction(2256473, 4873508640)}
RES (1, 8, 10, 11, 12, 14) (616, 3920, 5390, 6468) {'labels': (260, 14490, 297, 312), 'total': Fraction(3998453, 304594290), 'excess': Fraction(1617373, 609188580)}
RES (1, 8, 10, 11, 12, 14) (616, 3920, 5880, 6468) {'labels': (260, 14490, 297, 286), 'total': Fraction(13529063, 1218377160), 'excess': Fraction(769997, 1218377160)}
RES (1, 8, 10, 11, 12, 14) (616, 3920, 6468, 10780) {'labels': (260, 14490, 297, 324), 'total': Fraction(4813441, 406125720), 'excess': Fraction(560419, 406125720)}
RES (1, 8, 10, 11, 12, 14) (616, 3920, 6468, 16170) {'labels': (260, 14490, 297, 328), 'total': Fraction(66664673, 6244182945), 'excess': Fraction(5097839, 24976731780)}
RES (1, 8, 10, 11, 12, 14) (616, 3920, 6468, 32340) {'labels': (260, 14490, 297, 268), 'total': Fraction(928529981, 81631269720), 'excess': Fraction(73672559, 81631269720)}
RES (1, 8, 10, 11, 12, 14) (616, 5390, 6468, 11760) {'labels': (260, 14490, 312, 451), 'total': Fraction(40807289, 3330230904), 'excess': Fraction(29662543, 16651154520)}
RES (1, 8, 10, 11, 12, 14) (616, 5390, 6468, 43120) {'labels': (260, 14490, 312, 327), 'total': Fraction(24806077, 2213385174), 'excess': Fraction(16271071, 22133851740)}
RES (1, 8, 10, 11, 12, 14) (616, 5390, 6468, 129360) {'labels': (260, 14490, 312, 349), 'total': Fraction(788891791, 70868938140), 'excess': Fraction(11684863, 17717234535)}
RES (1, 8, 10, 11, 12, 14) (616, 6468, 10780, 11760) {'labels': (260, 14490, 324, 451), 'total': Fraction(24928013, 2270611980), 'excess': Fraction(1264729, 2497673178)}
RES (1, 8, 10, 11, 12, 14) (616, 6468, 11760, 32340) {'labels': (260, 14490, 451, 268), 'total': Fraction(5857675517, 557813676420), 'excess': Fraction(807490, 27890683821)}
RES (1, 8, 10, 11, 12, 14) (660, 3920, 4312, 6468) {'labels': (260, 20188, 297, 270), 'total': Fraction(1311073, 111351240), 'excess': Fraction(7104151, 5456210760)}
RES (1, 8, 10, 11, 12, 14) (660, 3920, 5880, 6468) {'labels': (260, 20188, 297, 286), 'total': Fraction(8613277, 779458680), 'excess': Fraction(3154513, 5456210760)}
RES (1, 8, 10, 11, 12, 14) (660, 3920, 6468, 11760) {'labels': (260, 20188, 297, 451), 'total': Fraction(9662995, 913080168), 'excess': Fraction(24758309, 223704641160)}
RES (1, 8, 10, 11, 12, 14) (660, 4312, 6468, 11760) {'labels': (260, 20188, 270, 451), 'total': Fraction(5806019, 532630098), 'excess': Fraction(15975419, 37284106860)}
RES (1, 8, 10, 11, 12, 14) (735, 1848, 3920, 6468) {'labels': (260, 15664, 350, 297), 'total': Fraction(22784855, 1885835952), 'excess': Fraction(15180199, 9429179760)}
RES (1, 8, 10, 11, 12, 14) (735, 1848, 6468, 11760) {'labels': (260, 15664, 350, 451), 'total': Fraction(43769527, 3905013840), 'excess': Fraction(31630673, 42955152240)}
RES (1, 8, 10, 11, 12, 14) (735, 3080, 3920, 6468) {'labels': (260, 15664, 378, 297), 'total': Fraction(101095459, 9429179760), 'excess': Fraction(2351383, 9429179760)}
RES (1, 8, 10, 11, 12, 14) (735, 3920, 6468, 18480) {'labels': (260, 15664, 297, 371), 'total': Fraction(5502383507, 499746527280), 'excess': Fraction(268947479, 499746527280)}
RES (1, 8, 10, 11, 12, 14) (735, 4312, 6468, 18480) {'labels': (260, 15664, 270, 371), 'total': Fraction(1887068299, 166582175760), 'excess': Fraction(12962693, 15143834160)}
RES (1, 8, 10, 11, 12, 14) (735, 5880, 6468, 18480) {'labels': (260, 15664, 286, 371), 'total': Fraction(196275879, 18509130640), 'excess': Fraction(44453, 336529648)}
RES (1, 8, 10, 11, 12, 14) (770, 3920, 4312, 6468) {'labels': (260, 18984, 297, 270), 'total': Fraction(35324671, 2992969980), 'excess': Fraction(995437, 748242495)}
RES (1, 8, 10, 11, 12, 14) (770, 3920, 5880, 6468) {'labels': (260, 18984, 297, 286), 'total': Fraction(16579061, 1496484990), 'excess': Fraction(1815199, 2992969980)}
RES (1, 8, 10, 11, 12, 14) (770, 3920, 6468, 11760) {'labels': (260, 18984, 297, 451), 'total': Fraction(65105905, 6135588459), 'excess': Fraction(17058257, 122711769180)}
RES (1, 8, 10, 11, 12, 14) (770, 4312, 6468, 11760) {'labels': (260, 18984, 270, 451), 'total': Fraction(178815517, 16361569224), 'excess': Fraction(37371023, 81807846120)}
RES (1, 8, 10, 11, 12, 14) (784, 840, 5390, 6468) {'labels': (260, 18315, 1694, 312), 'total': Fraction(7599253, 718665948), 'excess': Fraction(183133, 1796664870)}
RES (1, 8, 10, 11, 12, 14) (784, 2640, 5390, 6468) {'labels': (260, 18315, 343, 312), 'total': Fraction(51424733, 4573328760), 'excess': Fraction(3532007, 4573328760)}
RES (1, 8, 10, 11, 12, 14) (784, 3080, 5390, 6468) {'labels': (260, 18315, 378, 312), 'total': Fraction(804707, 65333268), 'excess': Fraction(301313, 163333170)}
RES (1, 8, 10, 11, 12, 14) (784, 3080, 6468, 10780) {'labels': (260, 18315, 378, 324), 'total': Fraction(21642119, 1959998040), 'excess': Fraction(20303, 35636328)}
RES (1, 8, 10, 11, 12, 14) (784, 3080, 6468, 32340) {'labels': (260, 18315, 378, 268), 'total': Fraction(462442811, 43773289560), 'excess': Fraction(808201, 8754657912)}
RES (1, 8, 10, 11, 12, 14) (784, 4620, 5880, 6468) {'labels': (260, 18315, 364, 286), 'total': Fraction(7921973, 653332680), 'excess': Fraction(216031, 130666536)}
RES (1, 8, 10, 11, 12, 14) (784, 4620, 6468, 11760) {'labels': (260, 18315, 364, 451), 'total': Fraction(312278761, 26786639880), 'excess': Fraction(31764223, 26786639880)}
RES (1, 8, 10, 11, 12, 14) (784, 4620, 6468, 21560) {'labels': (260, 18315, 364, 414), 'total': Fraction(53658383, 5008883880), 'excess': Fraction(21899, 91070616)}
RES (1, 8, 10, 11, 12, 14) (784, 4620, 6468, 43120) {'labels': (260, 18315, 364, 327), 'total': Fraction(377847427, 35606631060), 'excess': Fraction(2484173, 17803315530)}
RES (1, 8, 10, 11, 12, 14) (784, 4620, 6468, 64680) {'labels': (260, 18315, 364, 442), 'total': Fraction(6065729, 555332778), 'excess': Fraction(192449, 427179060)}
RES (1, 8, 10, 11, 12, 14) (784, 4620, 6468, 129360) {'labels': (260, 18315, 364, 349), 'total': Fraction(600592973, 57003276330), 'excess': Fraction(1457741, 22801310532)}
RES (1, 8, 10, 11, 12, 14) (784, 5390, 6468, 9240) {'labels': (260, 18315, 312, 574), 'total': Fraction(32104099, 2678663988), 'excess': Fraction(10131613, 6696659970)}
RES (1, 8, 10, 11, 12, 14) (784, 5390, 6468, 18480) {'labels': (260, 18315, 312, 371), 'total': Fraction(21824735, 1731331602), 'excess': Fraction(36939173, 17313316020)}
RES (1, 8, 10, 11, 12, 14) (784, 5880, 6468, 18480) {'labels': (260, 18315, 286, 371), 'total': Fraction(366445819, 34626632040), 'excess': Fraction(765893, 6925326408)}
RES (1, 8, 10, 11, 12, 14) (784, 6468, 9240, 10780) {'labels': (260, 18315, 574, 324), 'total': Fraction(860660239, 80359919640), 'excess': Fraction(347575, 1461089448)}
RES (1, 8, 10, 11, 12, 14) (784, 6468, 10780, 18480) {'labels': (260, 18315, 324, 371), 'total': Fraction(1177032277, 103879896120), 'excess': Fraction(1621513, 1888725384)}
RES (1, 8, 10, 11, 12, 14) (784, 6468, 18480, 32340) {'labels': (260, 18315, 371, 268), 'total': Fraction(25179468313, 2319984346680), 'excess': Fraction(176834519, 463996869336)}
RES (1, 8, 10, 11, 12, 14) (840, 2352, 6468, 10780) {'labels': (260, 13706, 275, 324), 'total': Fraction(252921239, 23572949400), 'excess': Fraction(6061049, 23572949400)}
RES (1, 8, 10, 11, 12, 14) (840, 2695, 3920, 6468) {'labels': (260, 13706, 288, 297), 'total': Fraction(206128943, 18858359520), 'excess': Fraction(8640791, 18858359520)}
RES (1, 8, 10, 11, 12, 14) (840, 3920, 4312, 6468) {'labels': (260, 13706, 297, 270), 'total': Fraction(55741691, 4714589880), 'excess': Fraction(6369653, 4714589880)}
RES (1, 8, 10, 11, 12, 14) (840, 3920, 5390, 6468) {'labels': (260, 13706, 297, 312), 'total': Fraction(15466601, 1178647470), 'excess': Fraction(6247183, 2357294940)}
RES (1, 8, 10, 11, 12, 14) (840, 3920, 6468, 10780) {'labels': (260, 13706, 297, 324), 'total': Fraction(18618359, 1571529960), 'excess': Fraction(2161013, 1571529960)}
RES (1, 8, 10, 11, 12, 14) (840, 3920, 6468, 16170) {'labels': (260, 13706, 297, 328), 'total': Fraction(51569398, 4832454627), 'excess': Fraction(19261181, 96649092540)}
RES (1, 8, 10, 11, 12, 14) (840, 3920, 6468, 32340) {'labels': (260, 13706, 297, 268), 'total': Fraction(3591486779, 315877521960), 'excess': Fraction(25778203, 28716138360)}
RES (1, 8, 10, 11, 12, 14) (840, 4312, 6468, 11760) {'labels': (260, 13706, 270, 451), 'total': Fraction(17637944, 1610818209), 'excess': Fraction(15383287, 32216364180)}
RES (1, 8, 10, 11, 12, 14) (840, 5390, 6468, 8624) {'labels': (260, 13706, 312, 405), 'total': Fraction(39029713, 3535942410), 'excess': Fraction(4001369, 7071884820)}
RES (1, 8, 10, 11, 12, 14) (840, 5390, 6468, 43120) {'labels': (260, 13706, 312, 327), 'total': Fraction(53304169, 4758243490), 'excess': Fraction(126363, 173027036)}
RES (1, 8, 10, 11, 12, 14) (840, 6468, 10780, 11760) {'labels': (260, 13706, 324, 451), 'total': Fraction(1060601053, 96649092540), 'excess': Fraction(24237137, 48324546270)}
RES (1, 8, 10, 11, 12, 14) (840, 6468, 11760, 32340) {'labels': (260, 13706, 451, 268), 'total': Fraction(7552089029, 719498800020), 'excess': Fraction(4341863, 179874700005)}
RES (1, 8, 10, 11, 12, 14) (880, 1176, 5390, 6468) {'labels': (260, 18963, 550, 312), 'total': Fraction(44465423, 3796392600), 'excess': Fraction(428083, 345126600)}
RES (1, 8, 10, 11, 12, 14) (880, 1960, 5390, 6468) {'labels': (260, 18963, 594, 312), 'total': Fraction(25154749, 2277835560), 'excess': Fraction(1300843, 2277835560)}
RES (1, 8, 10, 11, 12, 14) (880, 2352, 5390, 6468) {'labels': (260, 18963, 275, 312), 'total': Fraction(22684663, 1898196300), 'excess': Fraction(63782, 43140825)}
RES (1, 8, 10, 11, 12, 14) (880, 2352, 6468, 10780) {'labels': (260, 18963, 275, 324), 'total': Fraction(121586233, 11389177800), 'excess': Fraction(2316703, 11389177800)}
RES (1, 8, 10, 11, 12, 14) (880, 2695, 4312, 6468) {'labels': (260, 18963, 288, 270), 'total': Fraction(33998891, 3037114080), 'excess': Fraction(2193683, 3037114080)}
RES (1, 8, 10, 11, 12, 14) (880, 3920, 5880, 6468) {'labels': (260, 18963, 297, 286), 'total': Fraction(25160167, 2277835560), 'excess': Fraction(118751, 207075960)}
RES (1, 8, 10, 11, 12, 14) (880, 3920, 6468, 10780) {'labels': (260, 18963, 297, 324), 'total': Fraction(8954609, 759278520), 'excess': Fraction(1003307, 759278520)}
RES (1, 8, 10, 11, 12, 14) (880, 3920, 6468, 11760) {'labels': (260, 18963, 297, 451), 'total': Fraction(89809873, 8490114360), 'excess': Fraction(9898457, 93391257960)}
RES (1, 8, 10, 11, 12, 14) (880, 3920, 6468, 16170) {'labels': (260, 18963, 297, 328), 'total': Fraction(247901597, 23347814490), 'excess': Fraction(618011, 4245057180)}
RES (1, 8, 10, 11, 12, 14) (880, 3920, 6468, 32340) {'labels': (260, 18963, 297, 268), 'total': Fraction(1727016349, 152614982520), 'excess': Fraction(128804647, 152614982520)}
RES (1, 8, 10, 11, 12, 14) (880, 4312, 5390, 6468) {'labels': (260, 18963, 270, 312), 'total': Fraction(3388009, 253092840), 'excess': Fraction(147515, 50618568)}
RES (1, 8, 10, 11, 12, 14) (880, 4312, 5880, 6468) {'labels': (260, 18963, 270, 286), 'total': Fraction(359501, 31636605), 'excess': Fraction(112787, 126546420)}
RES (1, 8, 10, 11, 12, 14) (880, 4312, 6468, 10780) {'labels': (260, 18963, 270, 324), 'total': Fraction(6896933, 569458890), 'excess': Fraction(1866913, 1138917780)}
RES (1, 8, 10, 11, 12, 14) (880, 4312, 6468, 16170) {'labels': (260, 18963, 270, 328), 'total': Fraction(113476277, 10376806440), 'excess': Fraction(4808483, 10376806440)}
RES (1, 8, 10, 11, 12, 14) (880, 4312, 6468, 32340) {'labels': (260, 18963, 270, 268), 'total': Fraction(24659972, 2119652535), 'excess': Fraction(9850349, 8478610140)}
RES (1, 8, 10, 11, 12, 14) (880, 5390, 5880, 6468) {'labels': (260, 18963, 312, 286), 'total': Fraction(9614401, 759278520), 'excess': Fraction(1663099, 759278520)}
RES (1, 8, 10, 11, 12, 14) (880, 5390, 6468, 11760) {'labels': (260, 18963, 312, 451), 'total': Fraction(379637693, 31130419320), 'excess': Fraction(53634311, 31130419320)}
RES (1, 8, 10, 11, 12, 14) (880, 5390, 6468, 12936) {'labels': (260, 18963, 312, 410), 'total': Fraction(70898551, 6226083864), 'excess': Fraction(2589943, 2830038120)}
RES (1, 8, 10, 11, 12, 14) (880, 5390, 6468, 21560) {'labels': (260, 18963, 312, 414), 'total': Fraction(196458253, 17463405960), 'excess': Fraction(13578307, 17463405960)}
RES (1, 8, 10, 11, 12, 14) (880, 5390, 6468, 25872) {'labels': (260, 18963, 312, 685), 'total': Fraction(585582079, 52010578620), 'excess': Fraction(10229473, 13002644655)}
RES (1, 8, 10, 11, 12, 14) (880, 5390, 6468, 64680) {'labels': (260, 18963, 312, 442), 'total': Fraction(5689213, 496451340), 'excess': Fraction(3186851, 3226933710)}
RES (1, 8, 10, 11, 12, 14) (880, 5390, 6468, 129360) {'labels': (260, 18963, 312, 349), 'total': Fraction(1467131117, 132494101740), 'excess': Fraction(39814459, 66247050870)}
RES (1, 8, 10, 11, 12, 14) (880, 5880, 6468, 10780) {'labels': (260, 18963, 286, 324), 'total': Fraction(12969427, 1138917780), 'excess': Fraction(521237, 569458890)}
RES (1, 8, 10, 11, 12, 14) (880, 5880, 6468, 32340) {'labels': (260, 18963, 286, 268), 'total': Fraction(277507193, 25435830420), 'excess': Fraction(2784644, 6358957605)}
RES (1, 8, 10, 11, 12, 14) (880, 6468, 10780, 11760) {'labels': (260, 18963, 324, 451), 'total': Fraction(101983477, 9339125796), 'excess': Fraction(5228078, 11673907245)}
RES (1, 8, 10, 11, 12, 14) (980, 1848, 6468, 11760) {'labels': (260, 13596, 350, 451), 'total': Fraction(34876969, 3107008905), 'excess': Fraction(9359239, 12428035620)}
RES (1, 8, 10, 11, 12, 14) (980, 4312, 6468, 18480) {'labels': (260, 13596, 270, 371), 'total': Fraction(136695743, 12049132095), 'excess': Fraction(42060209, 48196528380)}
RES (1, 8, 10, 11, 12, 14) (980, 5880, 6468, 18480) {'labels': (260, 13596, 286, 371), 'total': Fraction(56877167, 5355169820), 'excess': Fraction(39843, 267758491)}
RES (1, 8, 10, 11, 12, 14) (1155, 3920, 4312, 6468) {'labels': (260, 14672, 297, 270), 'total': Fraction(164034853, 13878905040), 'excess': Fraction(18692449, 13878905040)}
RES (1, 8, 10, 11, 12, 14) (1155, 3920, 5880, 6468) {'labels': (260, 14672, 297, 286), 'total': Fraction(153988201, 13878905040), 'excess': Fraction(8645797, 13878905040)}
RES (1, 8, 10, 11, 12, 14) (1155, 3920, 6468, 11760) {'labels': (260, 14672, 297, 451), 'total': Fraction(1209501109, 113807021328), 'excess': Fraction(88466981, 569035106640)}
RES (1, 8, 10, 11, 12, 14) (1155, 4312, 6468, 11760) {'labels': (260, 14672, 270, 451), 'total': Fraction(415223141, 37935673776), 'excess': Fraction(89769517, 189678368880)}
RES (1, 8, 10, 11, 12, 14) (1176, 3080, 3920, 6468) {'labels': (260, 13970, 378, 297), 'total': Fraction(9022616, 840945105), 'excess': Fraction(78577, 305798220)}
RES (1, 8, 10, 11, 12, 14) (1176, 3920, 4620, 6468) {'labels': (260, 13970, 297, 364), 'total': Fraction(21125617, 1681890210), 'excess': Fraction(638647, 305798220)}
RES (1, 8, 10, 11, 12, 14) (1176, 4620, 6468, 11760) {'labels': (260, 13970, 364, 451), 'total': Fraction(71636651, 6129555432), 'excess': Fraction(37234189, 30647777160)}
RES (1, 8, 10, 11, 12, 14) (1176, 4620, 6468, 43120) {'labels': (260, 550, 364, 16581), 'total': Fraction(302650919, 27109382300), 'excess': Fraction(4689141, 6777345575)}
RES (1, 8, 10, 11, 12, 14) (1176, 4620, 6468, 129360) {'labels': (260, 550, 364, 13039), 'total': Fraction(329757881, 29517688200), 'excess': Fraction(1587947, 2270591400)}
RES (1, 8, 10, 11, 12, 14) (1176, 5390, 6160, 6468) {'labels': (260, 550, 312, 15267), 'total': Fraction(83816283, 7131724600), 'excess': Fraction(830143, 648338600)}
RES (1, 8, 10, 11, 12, 14) (1176, 5880, 6468, 18480) {'labels': (260, 13970, 286, 371), 'total': Fraction(420419057, 39617858280), 'excess': Fraction(5533679, 39617858280)}
RES (1, 8, 10, 11, 12, 14) (1176, 6160, 6468, 10780) {'labels': (260, 550, 15267, 324), 'total': Fraction(504380209, 48139141050), 'excess': Fraction(516833, 96278282100)}
RES (1, 8, 10, 11, 12, 14) (1176, 6468, 10780, 18480) {'labels': (260, 13970, 324, 371), 'total': Fraction(4050453733, 356560724520), 'excess': Fraction(316485331, 356560724520)}
RES (1, 8, 10, 11, 12, 14) (1176, 6468, 18480, 32340) {'labels': (260, 13970, 371, 268), 'total': Fraction(28886139899, 2654396504760), 'excess': Fraction(1088819573, 2654396504760)}
RES (1, 8, 10, 11, 12, 14) (1232, 1960, 5390, 6468) {'labels': (260, 14385, 594, 312), 'total': Fraction(40114909, 3628645020), 'excess': Fraction(1057541, 1814322510)}
RES (1, 8, 10, 11, 12, 14) (1232, 2695, 5880, 6468) {'labels': (260, 14385, 288, 286), 'total': Fraction(101431669, 9676386720), 'excess': Fraction(98797, 9676386720)}
RES (1, 8, 10, 11, 12, 14) (1232, 3920, 5880, 6468) {'labels': (260, 14385, 297, 286), 'total': Fraction(2006177, 181432251), 'excess': Fraction(2123713, 3628645020)}
RES (1, 8, 10, 11, 12, 14) (1232, 3920, 6468, 10780) {'labels': (260, 14385, 297, 324), 'total': Fraction(1427917, 120954834), 'excess': Fraction(1612561, 1209548340)}
RES (1, 8, 10, 11, 12, 14) (1232, 3920, 6468, 11760) {'labels': (260, 14385, 297, 451), 'total': Fraction(787758271, 74387222910), 'excess': Fraction(3504727, 29754889164)}
RES (1, 8, 10, 11, 12, 14) (1232, 3920, 6468, 16170) {'labels': (260, 14385, 297, 328), 'total': Fraction(3162814399, 297548891640), 'excess': Fraction(9365717, 59509778328)}
RES (1, 8, 10, 11, 12, 14) (1232, 3920, 6468, 32340) {'labels': (260, 14385, 297, 268), 'total': Fraction(137702270, 12155960817), 'excess': Fraction(208056991, 243119216340)}
RES (1, 8, 10, 11, 12, 14) (1232, 5390, 5880, 6468) {'labels': (260, 14385, 312, 286), 'total': Fraction(2555039, 201591390), 'excess': Fraction(177575, 80636556)}
RES (1, 8, 10, 11, 12, 14) (1232, 5390, 6468, 11760) {'labels': (260, 14385, 312, 451), 'total': Fraction(50446394, 4132623495), 'excess': Fraction(28675253, 16530493980)}
RES (1, 8, 10, 11, 12, 14) (1232, 5390, 6468, 21560) {'labels': (260, 14385, 312, 414), 'total': Fraction(313290767, 27819611820), 'excess': Fraction(1097938, 1390980591)}
RES (1, 8, 10, 11, 12, 14) (1232, 5390, 6468, 64680) {'labels': (260, 14385, 312, 442), 'total': Fraction(2419301, 210895608), 'excess': Fraction(13699663, 13708214520)}
RES (1, 8, 10, 11, 12, 14) (1232, 5390, 6468, 129360) {'labels': (260, 14385, 312, 349), 'total': Fraction(1039850683, 93807193480), 'excess': Fraction(11496957, 18761438696)}
RES (1, 8, 10, 11, 12, 14) (1232, 5880, 6468, 10780) {'labels': (260, 14385, 286, 324), 'total': Fraction(82728013, 7257290040), 'excess': Fraction(611669, 659753640)}
RES (1, 8, 10, 11, 12, 14) (1232, 5880, 6468, 32340) {'labels': (260, 14385, 286, 268), 'total': Fraction(590071259, 54026492520), 'excess': Fraction(24296057, 54026492520)}
RES (1, 8, 10, 11, 12, 14) (1232, 6468, 10780, 11760) {'labels': (260, 14385, 324, 451), 'total': Fraction(295704667, 27049899240), 'excess': Fraction(136765523, 297548891640)}
RES (1, 8, 10, 11, 12, 14) (1320, 2352, 6468, 10780) {'labels': (260, 13622, 275, 324), 'total': Fraction(392978389, 36816179400), 'excess': Fraction(7432699, 36816179400)}
RES (1, 8, 10, 11, 12, 14) (1320, 2695, 3920, 6468) {'labels': (260, 13622, 288, 297), 'total': Fraction(320304973, 29452943520), 'excess': Fraction(11868421, 29452943520)}
RES (1, 8, 10, 11, 12, 14) (1320, 3920, 4312, 6468) {'labels': (260, 13622, 297, 270), 'total': Fraction(86650561, 7363235880), 'excess': Fraction(9541423, 7363235880)}
RES (1, 8, 10, 11, 12, 14) (1320, 3920, 5390, 6468) {'labels': (260, 13622, 297, 312), 'total': Fraction(24054031, 1840808970), 'excess': Fraction(9553493, 3681617940)}
RES (1, 8, 10, 11, 12, 14) (1320, 3920, 5880, 6468) {'labels': (260, 13622, 297, 286), 'total': Fraction(81320467, 7363235880), 'excess': Fraction(4211329, 7363235880)}
RES (1, 8, 10, 11, 12, 14) (1320, 3920, 6468, 10780) {'labels': (260, 13622, 297, 324), 'total': Fraction(28942549, 2454411960), 'excess': Fraction(3239503, 2454411960)}
RES (1, 8, 10, 11, 12, 14) (1320, 3920, 6468, 11760) {'labels': (260, 13622, 297, 451), 'total': Fraction(638602267, 60378534216), 'excess': Fraction(31536677, 301892671080)}
RES (1, 8, 10, 11, 12, 14) (1320, 3920, 6468, 16170) {'labels': (260, 13622, 297, 328), 'total': Fraction(80124116, 7547316777), 'excess': Fraction(21744991, 150946335540)}
RES (1, 8, 10, 11, 12, 14) (1320, 3920, 6468, 32340) {'labels': (260, 13622, 297, 268), 'total': Fraction(5581927969, 493336803960), 'excess': Fraction(415615723, 493336803960)}
RES (1, 8, 10, 11, 12, 14) (1320, 4312, 6468, 11760) {'labels': (260, 13622, 270, 451), 'total': Fraction(27407950, 2515772259), 'excess': Fraction(21246557, 50315445180)}
RES (1, 8, 10, 11, 12, 14) (1320, 5390, 6468, 8624) {'labels': (260, 13622, 312, 405), 'total': Fraction(5513773, 502038810), 'excess': Fraction(5639299, 11044853820)}
RES (1, 8, 10, 11, 12, 14) (1320, 5390, 6468, 43120) {'labels': (260, 13622, 312, 327), 'total': Fraction(82839879, 7431413990), 'excess': Fraction(2006707, 2972565596)}
RES (1, 8, 10, 11, 12, 14) (1320, 6468, 10780, 11760) {'labels': (260, 13622, 324, 451), 'total': Fraction(149827933, 13722394140), 'excess': Fraction(33684967, 75473167770)}
RES (1, 8, 10, 11, 12, 14) (1470, 1848, 3920, 6468) {'labels': (260, 15224, 350, 297), 'total': Fraction(110833427, 9164315160), 'excess': Fraction(14863061, 9164315160)}
RES (1, 8, 10, 11, 12, 14) (1470, 1848, 6468, 11760) {'labels': (260, 15224, 350, 451), 'total': Fraction(709755, 63255374), 'excess': Fraction(5206661, 6958091140)}
RES (1, 8, 10, 11, 12, 14) (1470, 3080, 3920, 6468) {'labels': (260, 15224, 378, 297), 'total': Fraction(98364971, 9164315160), 'excess': Fraction(478921, 1832863032)}
RES (1, 8, 10, 11, 12, 14) (1470, 3920, 6468, 18480) {'labels': (260, 15224, 297, 371), 'total': Fraction(5353613593, 485708703480), 'excess': Fraction(53436839, 97141740696)}
RES (1, 8, 10, 11, 12, 14) (1470, 4312, 6468, 18480) {'labels': (260, 15224, 270, 371), 'total': Fraction(458997809, 40475725290), 'excess': Fraction(1277407, 1471844556)}
RES (1, 8, 10, 11, 12, 14) (1470, 5880, 6468, 18480) {'labels': (260, 15224, 286, 371), 'total': Fraction(286465513, 26983816860), 'excess': Fraction(176641, 1226537130)}
RES (1, 8, 10, 11, 12, 14) (1540, 3920, 4312, 6468) {'labels': (260, 14868, 297, 270), 'total': Fraction(36958001, 3125402280), 'excess': Fraction(4228223, 3125402280)}
RES (1, 8, 10, 11, 12, 14) (1540, 3920, 5880, 6468) {'labels': (260, 14868, 297, 286), 'total': Fraction(34695587, 3125402280), 'excess': Fraction(1965809, 3125402280)}
RES (1, 8, 10, 11, 12, 14) (1540, 3920, 6468, 11760) {'labels': (260, 14868, 297, 451), 'total': Fraction(272523179, 25628298696), 'excess': Fraction(20694997, 128141493480)}
RES (1, 8, 10, 11, 12, 14) (1540, 4312, 6468, 11760) {'labels': (260, 14868, 270, 451), 'total': Fraction(3898166, 355948593), 'excess': Fraction(3412159, 7118971860)}
RES (1, 8, 10, 11, 12, 14) (1680, 1960, 5390, 6468) {'labels': (260, 18403, 594, 312), 'total': Fraction(140006147, 12660527880), 'excess': Fraction(7422809, 12660527880)}
RES (1, 8, 10, 11, 12, 14) (1680, 2352, 6468, 10780) {'labels': (260, 18403, 275, 324), 'total': Fraction(61523269, 5754785400), 'excess': Fraction(13839269, 63302639400)}
RES (1, 8, 10, 11, 12, 14) (1680, 2695, 3920, 6468) {'labels': (260, 18403, 288, 297), 'total': Fraction(551587649, 50642111520), 'excess': Fraction(21254297, 50642111520)}
RES (1, 8, 10, 11, 12, 14) (1680, 2695, 4312, 6468) {'labels': (260, 18403, 288, 270), 'total': Fraction(189227303, 16880703840), 'excess': Fraction(12449519, 16880703840)}
RES (1, 8, 10, 11, 12, 14) (1680, 3920, 5390, 6468) {'labels': (260, 18403, 297, 312), 'total': Fraction(82824109, 6330263940), 'excess': Fraction(826622, 316513197)}
RES (1, 8, 10, 11, 12, 14) (1680, 3920, 6468, 10780) {'labels': (260, 18403, 297, 324), 'total': Fraction(49835147, 4220175960), 'excess': Fraction(512791, 383652360)}
RES (1, 8, 10, 11, 12, 14) (1680, 3920, 6468, 16170) {'labels': (260, 18403, 297, 328), 'total': Fraction(2759690447, 259540821540), 'excess': Fraction(20866009, 129770410770)}
RES (1, 8, 10, 11, 12, 14) (1680, 3920, 6468, 32340) {'labels': (260, 18403, 297, 268), 'total': Fraction(9611898167, 848255367960), 'excess': Fraction(728814521, 848255367960)}
RES (1, 8, 10, 11, 12, 14) (1680, 4312, 5390, 6468) {'labels': (260, 18403, 270, 312), 'total': Fraction(56557261, 4220175960), 'excess': Fraction(2472563, 844035192)}
RES (1, 8, 10, 11, 12, 14) (1680, 4312, 5880, 6468) {'labels': (260, 18403, 270, 286), 'total': Fraction(24009971, 2110087980), 'excess': Fraction(478187, 527521995)}
RES (1, 8, 10, 11, 12, 14) (1680, 4312, 6468, 10780) {'labels': (260, 18403, 270, 324), 'total': Fraction(76764503, 6330263940), 'excess': Fraction(5236417, 3165131970)}
RES (1, 8, 10, 11, 12, 14) (1680, 4312, 6468, 16170) {'labels': (260, 18403, 270, 328), 'total': Fraction(1894782353, 173027214360), 'excess': Fraction(82810067, 173027214360)}
RES (1, 8, 10, 11, 12, 14) (1680, 4312, 6468, 32340) {'labels': (260, 18403, 270, 268), 'total': Fraction(1646912837, 141375894660), 'excess': Fraction(41599724, 35343973665)}
RES (1, 8, 10, 11, 12, 14) (1680, 5390, 6468, 8624) {'labels': (260, 18403, 312, 405), 'total': Fraction(208889147, 18990791820), 'excess': Fraction(500707, 949539591)}
RES (1, 8, 10, 11, 12, 14) (1680, 5390, 6468, 21560) {'labels': (260, 18403, 312, 414), 'total': Fraction(1093418539, 97064047080), 'excess': Fraction(76946281, 97064047080)}
RES (1, 8, 10, 11, 12, 14) (1680, 5390, 6468, 43120) {'labels': (260, 18403, 312, 327), 'total': Fraction(855904421, 76666529940), 'excess': Fraction(13259663, 19166632485)}
RES (1, 8, 10, 11, 12, 14) (1680, 5880, 6468, 10780) {'labels': (260, 18403, 286, 324), 'total': Fraction(18045539, 1582565985), 'excess': Fraction(5890487, 6330263940)}
RES (1, 8, 10, 11, 12, 14) (1680, 5880, 6468, 32340) {'labels': (260, 18403, 286, 268), 'total': Fraction(85809653, 7854216370), 'excess': Fraction(7117757, 15708432740)}
RES (1, 8, 10, 11, 12, 14) (1680, 6468, 10780, 11760) {'labels': (260, 18403, 324, 451), 'total': Fraction(283813909, 25954082154), 'excess': Fraction(120180661, 259540821540)}
RES (1, 8, 10, 11, 12, 14) (1848, 1960, 6468, 11760) {'labels': (260, 350, 14586, 451), 'total': Fraction(1530145, 136748612), 'excess': Fraction(122611, 170935765)}
RES (1, 8, 10, 11, 12, 14) (1848, 2695, 3920, 6468) {'labels': (260, 350, 13536, 297), 'total': Fraction(24068041, 1991781792), 'excess': Fraction(16048709, 9958908960)}
RES (1, 8, 10, 11, 12, 14) (1848, 2695, 6468, 43120) {'labels': (260, 350, 288, 16581), 'total': Fraction(4479215639, 390375105120), 'excess': Fraction(391136927, 390375105120)}
RES (1, 8, 10, 11, 12, 14) (1848, 2940, 3920, 6468) {'labels': (260, 350, 16148, 297), 'total': Fraction(234376999, 19441061640), 'excess': Fraction(6157337, 3888212328)}
RES (1, 8, 10, 11, 12, 14) (1848, 2940, 6468, 11760) {'labels': (260, 350, 16148, 451), 'total': Fraction(495175717, 44282418180), 'excess': Fraction(714596, 1006418595)}
RES (1, 8, 10, 11, 12, 14) (1848, 3920, 5390, 6468) {'labels': (260, 350, 12771, 312), 'total': Fraction(1155111, 84364280), 'excess': Fraction(271633, 84364280)}
RES (1, 8, 10, 11, 12, 14) (1848, 3920, 5880, 6468) {'labels': (260, 350, 297, 14146), 'total': Fraction(7476295, 619301592), 'excess': Fraction(54497119, 34061587560)}
RES (1, 8, 10, 11, 12, 14) (1848, 3920, 6468, 8085) {'labels': (260, 350, 297, 13312), 'total': Fraction(8203709, 678053376), 'excess': Fraction(5515057, 3390266880)}
RES (1, 8, 10, 11, 12, 14) (1848, 3920, 6468, 10780) {'labels': (260, 350, 12771, 324), 'total': Fraction(3535456, 284729445), 'excess': Fraction(2214871, 1138917780)}
RES (1, 8, 10, 11, 12, 14) (1848, 3920, 6468, 16170) {'labels': (260, 350, 297, 15896), 'total': Fraction(28899209, 2392208910), 'excess': Fraction(84646421, 52628596020)}
RES (1, 8, 10, 11, 12, 14) (1848, 3920, 6468, 21560) {'labels': (260, 350, 297, 16122), 'total': Fraction(858534253, 71169118020), 'excess': Fraction(28309594, 17792279505)}
RES (1, 8, 10, 11, 12, 14) (1848, 3920, 6468, 32340) {'labels': (260, 350, 297, 12812), 'total': Fraction(410707015, 33934452552), 'excess': Fraction(276696449, 169672262760)}
RES (1, 8, 10, 11, 12, 14) (1848, 3920, 6468, 64680) {'labels': (260, 350, 297, 13598), 'total': Fraction(5143361, 426228264), 'excess': Fraction(44188399, 27704837160)}
RES (1, 8, 10, 11, 12, 14) (1848, 5390, 6468, 43120) {'labels': (260, 350, 312, 16581), 'total': Fraction(40415911, 2957387160), 'excess': Fraction(20780359, 6506251752)}
RES (1, 8, 10, 11, 12, 14) (1848, 5880, 6468, 11760) {'labels': (260, 350, 286, 13387), 'total': Fraction(16712425, 1432623192), 'excess': Fraction(8548679, 7163115960)}
RES (1, 8, 10, 11, 12, 14) (1848, 5880, 6468, 43120) {'labels': (260, 350, 286, 16581), 'total': Fraction(47345629, 4066407345), 'excess': Fraction(19045903, 16265629380)}
RES (1, 8, 10, 11, 12, 14) (1848, 5880, 6468, 129360) {'labels': (260, 350, 286, 13039), 'total': Fraction(4585309, 393569176), 'excess': Fraction(2318907, 1967845880)}
RES (1, 8, 10, 11, 12, 14) (1848, 6468, 8085, 11760) {'labels': (260, 350, 13312, 451), 'total': Fraction(173370641, 15444549120), 'excess': Fraction(11632529, 15444549120)}
RES (1, 8, 10, 11, 12, 14) (1848, 6468, 10780, 11760) {'labels': (260, 350, 324, 13387), 'total': Fraction(160055333, 12893608728), 'excess': Fraction(125155651, 64468043640)}
RES (1, 8, 10, 11, 12, 14) (1848, 6468, 10780, 43120) {'labels': (260, 350, 324, 16581), 'total': Fraction(906966257, 73195332210), 'excess': Fraction(280902997, 146390664420)}
RES (1, 8, 10, 11, 12, 14) (1848, 6468, 10780, 129360) {'labels': (260, 350, 324, 13039), 'total': Fraction(131751115, 10626367752), 'excess': Fraction(102349349, 53131838760)}
RES (1, 8, 10, 11, 12, 14) (1848, 6468, 11760, 16170) {'labels': (260, 350, 13387, 328), 'total': Fraction(825095839, 73421938590), 'excess': Fraction(22483207, 29368775436)}
RES (1, 8, 10, 11, 12, 14) (1848, 6468, 11760, 21560) {'labels': (260, 350, 451, 16122), 'total': Fraction(219871629, 19649386120), 'excess': Fraction(155096737, 216143247320)}
RES (1, 8, 10, 11, 12, 14) (1848, 6468, 11760, 32340) {'labels': (260, 350, 13387, 268), 'total': Fraction(1145698387, 95985753864), 'excess': Fraction(702591053, 479928769320)}
RES (1, 8, 10, 11, 12, 14) (1848, 6468, 11760, 64680) {'labels': (260, 350, 451, 13598), 'total': Fraction(13584178, 1213566585), 'excess': Fraction(45525439, 63105462420)}
RES (1, 8, 10, 11, 12, 14) (1848, 6468, 16170, 43120) {'labels': (260, 350, 328, 16581), 'total': Fraction(14958664873, 1333781609160), 'excess': Fraction(991062607, 1333781609160)}
RES (1, 8, 10, 11, 12, 14) (1848, 6468, 16170, 129360) {'labels': (260, 350, 328, 13039), 'total': Fraction(113183261, 10085210135), 'excess': Fraction(6055293, 8068168108)}
RES (1, 8, 10, 11, 12, 14) (1848, 6468, 32340, 43120) {'labels': (260, 350, 268, 16581), 'total': Fraction(3245859688, 272449292115), 'excess': Fraction(1570885681, 1089797168460)}
RES (1, 8, 10, 11, 12, 14) (1848, 6468, 32340, 129360) {'labels': (260, 350, 268, 13039), 'total': Fraction(314349039, 26369134792), 'excess': Fraction(191033449, 131845673960)}
RES (1, 8, 10, 11, 12, 14) (1960, 2352, 4620, 6468) {'labels': (260, 14586, 275, 364), 'total': Fraction(5711423, 500299800), 'excess': Fraction(472193, 500299800)}
RES (1, 8, 10, 11, 12, 14) (1960, 2640, 5390, 6468) {'labels': (260, 14586, 343, 312), 'total': Fraction(196939, 17510493), 'excess': Fraction(271319, 350209860)}
RES (1, 8, 10, 11, 12, 14) (1960, 3696, 5390, 6468) {'labels': (260, 594, 13895, 312), 'total': Fraction(23253787, 2103024924), 'excess': Fraction(1538162, 2628781155)}
RES (1, 8, 10, 11, 12, 14) (1960, 4312, 6468, 18480) {'labels': (260, 14586, 270, 371), 'total': Fraction(89961097, 7954766820), 'excess': Fraction(332867, 397738341)}
RES (1, 8, 10, 11, 12, 14) (1960, 4620, 6468, 8624) {'labels': (260, 594, 364, 16365), 'total': Fraction(607424033, 57793455720), 'excess': Fraction(2200511, 57793455720)}
RES (1, 8, 10, 11, 12, 14) (1960, 4620, 6468, 11760) {'labels': (260, 14586, 364, 451), 'total': Fraction(7972739, 683743060), 'excess': Fraction(406229, 341871530)}
RES (1, 8, 10, 11, 12, 14) (1960, 4620, 6468, 25872) {'labels': (260, 14586, 364, 685), 'total': Fraction(147010499, 13708214520), 'excess': Fraction(3455597, 13708214520)}
RES (1, 8, 10, 11, 12, 14) (1960, 4620, 6468, 43120) {'labels': (260, 14586, 364, 327), 'total': Fraction(115763521, 10906535640), 'excess': Fraction(1548307, 10906535640)}
RES (1, 8, 10, 11, 12, 14) (1960, 4620, 6468, 129360) {'labels': (260, 14586, 364, 349), 'total': Fraction(368015587, 34920926040), 'excess': Fraction(2317333, 34920926040)}
RES (1, 8, 10, 11, 12, 14) (1960, 5390, 6160, 6468) {'labels': (260, 14586, 312, 567), 'total': Fraction(3095095, 270161892), 'excess': Fraction(664777, 675404730)}
RES (1, 8, 10, 11, 12, 14) (1960, 5390, 6468, 18480) {'labels': (260, 14586, 312, 371), 'total': Fraction(66863411, 5303177880), 'excess': Fraction(11327573, 5303177880)}
RES (1, 8, 10, 11, 12, 14) (1960, 5880, 6468, 18480) {'labels': (260, 14586, 286, 371), 'total': Fraction(14033801, 1325794470), 'excess': Fraction(299683, 2651588940)}
RES (1, 8, 10, 11, 12, 14) (1960, 6468, 10780, 18480) {'labels': (260, 14586, 324, 371), 'total': Fraction(67614307, 5966075115), 'excess': Fraction(20545957, 23864300460)}
RES (1, 8, 10, 11, 12, 14) (1960, 6468, 18480, 32340) {'labels': (260, 14586, 371, 268), 'total': Fraction(964294337, 88828229490), 'excess': Fraction(68138101, 177656458980)}
RES (1, 8, 10, 11, 12, 14) (2310, 3920, 4312, 6468) {'labels': (260, 13496, 297, 270), 'total': Fraction(37729621, 3191618430), 'excess': Fraction(8612831, 6383236860)}
RES (1, 8, 10, 11, 12, 14) (2310, 3920, 5880, 6468) {'labels': (260, 13496, 297, 286), 'total': Fraction(70838549, 6383236860), 'excess': Fraction(1996069, 3191618430)}
RES (1, 8, 10, 11, 12, 14) (2310, 3920, 6468, 11760) {'labels': (260, 13496, 297, 451), 'total': Fraction(556407179, 52342542252), 'excess': Fraction(10333261, 65428177815)}
RES (1, 8, 10, 11, 12, 14) (2310, 4312, 6468, 11760) {'labels': (260, 13496, 270, 451), 'total': Fraction(382027895, 34895028168), 'excess': Fraction(83004241, 174475140840)}
RES (1, 8, 10, 11, 12, 14) (2352, 2640, 6468, 10780) {'labels': (260, 275, 16807, 324), 'total': Fraction(485010329, 45424278900), 'excess': Fraction(2329766, 11356069725)}
RES (1, 8, 10, 11, 12, 14) (2352, 3080, 3920, 6468) {'labels': (260, 14135, 378, 297), 'total': Fraction(36460889, 3403510110), 'excess': Fraction(1637431, 6807020220)}
RES (1, 8, 10, 11, 12, 14) (2352, 3080, 5390, 6468) {'labels': (260, 14135, 378, 312), 'total': Fraction(466267, 37816779), 'excess': Fraction(1404857, 756335580)}
RES (1, 8, 10, 11, 12, 14) (2352, 3080, 6468, 10780) {'labels': (260, 14135, 378, 324), 'total': Fraction(150497569, 13614040440), 'excess': Fraction(1585775, 2722808088)}
RES (1, 8, 10, 11, 12, 14) (2352, 3080, 6468, 32340) {'labels': (260, 14135, 378, 268), 'total': Fraction(1071985687, 101348967720), 'excess': Fraction(2128193, 20269793544)}
RES (1, 8, 10, 11, 12, 14) (2352, 3920, 4620, 6468) {'labels': (260, 14135, 297, 364), 'total': Fraction(21347212, 1701755055), 'excess': Fraction(14104501, 6807020220)}
RES (1, 8, 10, 11, 12, 14) (2352, 3920, 6468, 18480) {'labels': (260, 14135, 297, 371), 'total': Fraction(3969043319, 360772071660), 'excess': Fraction(47743232, 90193017915)}
RES (1, 8, 10, 11, 12, 14) (2352, 4620, 5880, 6468) {'labels': (260, 14135, 364, 286), 'total': Fraction(6120347, 504223720), 'excess': Fraction(168005, 100844744)}
RES (1, 8, 10, 11, 12, 14) (2352, 4620, 6468, 11760) {'labels': (260, 14135, 364, 451), 'total': Fraction(241269999, 20673172520), 'excess': Fraction(24776797, 20673172520)}
RES (1, 8, 10, 11, 12, 14) (2352, 4620, 6468, 21560) {'labels': (260, 275, 364, 16122), 'total': Fraction(112845286, 9884599725), 'excess': Fraction(37327879, 39538398900)}
RES (1, 8, 10, 11, 12, 14) (2352, 4620, 6468, 43120) {'labels': (260, 275, 364, 16581), 'total': Fraction(1854633203, 162656293800), 'excess': Fraction(151267073, 162656293800)}
RES (1, 8, 10, 11, 12, 14) (2352, 4620, 6468, 64680) {'labels': (260, 275, 364, 13598), 'total': Fraction(58591249, 5130525400), 'excess': Fraction(4863459, 5130525400)}
RES (1, 8, 10, 11, 12, 14) (2352, 4620, 6468, 129360) {'labels': (260, 275, 364, 13039), 'total': Fraction(168392951, 14758844100), 'excess': Fraction(532141, 567647850)}
RES (1, 8, 10, 11, 12, 14) (2352, 5390, 6160, 6468) {'labels': (260, 275, 312, 15267), 'total': Fraction(128271469, 10697586900), 'excess': Fraction(369191, 243126975)}
RES (1, 8, 10, 11, 12, 14) (2352, 5880, 6468, 18480) {'labels': (260, 14135, 286, 371), 'total': Fraction(849453923, 80171571480), 'excess': Fraction(1976545, 16034314296)}
RES (1, 8, 10, 11, 12, 14) (2352, 6160, 6468, 10780) {'labels': (260, 275, 15267, 324), 'total': Fraction(2063367637, 192556564200), 'excess': Fraction(46880467, 192556564200)}
RES (1, 8, 10, 11, 12, 14) (2352, 6468, 9240, 10780) {'labels': (260, 275, 14294, 324), 'total': Fraction(2909236171, 270426756600), 'excess': Fraction(77278261, 270426756600)}
RES (1, 8, 10, 11, 12, 14) (2352, 6468, 10780, 18480) {'labels': (260, 14135, 324, 371), 'total': Fraction(8184749327, 721544143320), 'excess': Fraction(125721709, 144308828664)}
RES (1, 8, 10, 11, 12, 14) (2352, 6468, 18480, 32340) {'labels': (260, 14135, 371, 268), 'total': Fraction(58366501121, 5371495289160), 'excess': Fraction(423046171, 1074299057832)}
RES (1, 8, 10, 11, 12, 14) (2640, 2695, 3920, 6468) {'labels': (260, 16807, 288, 297), 'total': Fraction(790630453, 72678846240), 'excess': Fraction(2684039, 6607167840)}
RES (1, 8, 10, 11, 12, 14) (2640, 2695, 4312, 6468) {'labels': (260, 16807, 288, 270), 'total': Fraction(271242691, 24226282080), 'excess': Fraction(17540683, 24226282080)}
RES (1, 8, 10, 11, 12, 14) (2640, 3920, 5390, 6468) {'labels': (260, 16807, 297, 312), 'total': Fraction(237484801, 18169711560), 'excess': Fraction(9441659, 3633942312)}
RES (1, 8, 10, 11, 12, 14) (2640, 3920, 5880, 6468) {'labels': (260, 16807, 297, 286), 'total': Fraction(50181973, 4542427890), 'excess': Fraction(475063, 825895980)}
RES (1, 8, 10, 11, 12, 14) (2640, 3920, 6468, 10780) {'labels': (260, 16807, 297, 324), 'total': Fraction(8929898, 757071315), 'excess': Fraction(4006841, 3028285260)}
RES (1, 8, 10, 11, 12, 14) (2640, 3920, 6468, 11760) {'labels': (260, 16807, 297, 451), 'total': Fraction(89563556, 8465433795), 'excess': Fraction(40128091, 372479086980)}
RES (1, 8, 10, 11, 12, 14) (2640, 3920, 6468, 16170) {'labels': (260, 16807, 297, 328), 'total': Fraction(7911089213, 744958173960), 'excess': Fraction(9977497, 67723470360)}
RES (1, 8, 10, 11, 12, 14) (2640, 3920, 6468, 32340) {'labels': (260, 16807, 297, 268), 'total': Fraction(3444522481, 304342668630), 'excess': Fraction(514782011, 608685337260)}
RES (1, 8, 10, 11, 12, 14) (2640, 4312, 5390, 6468) {'labels': (260, 16807, 270, 312), 'total': Fraction(40543201, 3028285260), 'excess': Fraction(883045, 302828526)}
RES (1, 8, 10, 11, 12, 14) (2640, 4312, 5880, 6468) {'labels': (260, 16807, 270, 286), 'total': Fraction(68834099, 6056570520), 'excess': Fraction(5408597, 6056570520)}
RES (1, 8, 10, 11, 12, 14) (2640, 4312, 6468, 10780) {'labels': (260, 16807, 270, 324), 'total': Fraction(220091957, 18169711560), 'excess': Fraction(29815451, 18169711560)}
RES (1, 8, 10, 11, 12, 14) (2640, 4312, 6468, 16170) {'labels': (260, 16807, 270, 328), 'total': Fraction(1357973303, 124159695660), 'excess': Fraction(14437628, 31039923915)}
RES (1, 8, 10, 11, 12, 14) (2640, 4312, 6468, 32340) {'labels': (260, 16807, 270, 268), 'total': Fraction(4721658353, 405790224840), 'excess': Fraction(472149719, 405790224840)}
RES (1, 8, 10, 11, 12, 14) (2640, 5390, 6468, 8624) {'labels': (260, 343, 312, 16365), 'total': Fraction(101125439, 8990093112), 'excess': Fraction(34897789, 44950465560)}
RES (1, 8, 10, 11, 12, 14) (2640, 5390, 6468, 21560) {'labels': (260, 16807, 312, 414), 'total': Fraction(783670039, 69650560980), 'excess': Fraction(27138383, 34825280490)}
RES (1, 8, 10, 11, 12, 14) (2640, 5390, 6468, 43120) {'labels': (260, 343, 312, 16581), 'total': Fraction(116271913, 10350855060), 'excess': Fraction(21658688, 28464851415)}
RES (1, 8, 10, 11, 12, 14) (2640, 5880, 6468, 10780) {'labels': (260, 16807, 286, 324), 'total': Fraction(206939279, 18169711560), 'excess': Fraction(16662773, 18169711560)}
RES (1, 8, 10, 11, 12, 14) (2640, 5880, 6468, 32340) {'labels': (260, 16807, 286, 268), 'total': Fraction(491990579, 45087802760), 'excess': Fraction(19822953, 45087802760)}
RES (1, 8, 10, 11, 12, 14) (2640, 6468, 10780, 11760) {'labels': (260, 16807, 324, 451), 'total': Fraction(1627251959, 148991634792), 'excess': Fraction(334923049, 744958173960)}
RES (1, 8, 10, 11, 12, 14) (2695, 3080, 3920, 6468) {'labels': (260, 288, 13902, 297), 'total': Fraction(769224877, 70136146080), 'excess': Fraction(34746469, 70136146080)}
RES (1, 8, 10, 11, 12, 14) (2695, 3696, 3920, 6468) {'labels': (260, 288, 13895, 297), 'total': Fraction(916136983, 84120996960), 'excess': Fraction(35206687, 84120996960)}
RES (1, 8, 10, 11, 12, 14) (2695, 3920, 6468, 9240) {'labels': (260, 288, 297, 14294), 'total': Fraction(2370889867, 216341405280), 'excess': Fraction(105323539, 216341405280)}
RES (1, 8, 10, 11, 12, 14) (2695, 3920, 6468, 18480) {'labels': (260, 13536, 297, 371), 'total': Fraction(5812337737, 527822174880), 'excess': Fraction(284888449, 527822174880)}
RES (1, 8, 10, 11, 12, 14) (2695, 4312, 6160, 6468) {'labels': (260, 288, 270, 15267), 'total': Fraction(576874999, 51348417120), 'excess': Fraction(39145087, 51348417120)}
RES (1, 8, 10, 11, 12, 14) (2695, 4312, 6468, 18480) {'labels': (260, 13536, 270, 371), 'total': Fraction(1993360559, 175940724960), 'excess': Fraction(13716133, 15994611360)}
RES (1, 8, 10, 11, 12, 14) (2695, 5880, 6160, 6468) {'labels': (260, 288, 286, 15267), 'total': Fraction(539704943, 51348417120), 'excess': Fraction(1975031, 51348417120)}
RES (1, 8, 10, 11, 12, 14) (2940, 3080, 3920, 6468) {'labels': (260, 16148, 378, 297), 'total': Fraction(41585315, 3888212328), 'excess': Fraction(4336261, 19441061640)}
RES (1, 8, 10, 11, 12, 14) (2940, 3920, 6468, 18480) {'labels': (260, 16148, 297, 371), 'total': Fraction(2263535149, 206075253384), 'excess': Fraction(527389103, 1030376266920)}
RES (1, 8, 10, 11, 12, 14) (2940, 4312, 6468, 18480) {'labels': (260, 16148, 270, 371), 'total': Fraction(388171111, 34345875564), 'excess': Fraction(35618612, 42932344455)}
RES (1, 8, 10, 11, 12, 14) (2940, 5880, 6468, 18480) {'labels': (260, 16148, 286, 371), 'total': Fraction(100919123, 9540520990), 'excess': Fraction(2018123, 19081041980)}
RES (1, 8, 10, 11, 12, 14) (3080, 3920, 4312, 6468) {'labels': (260, 13902, 297, 270), 'total': Fraction(207961609, 17534036520), 'excess': Fraction(24342007, 17534036520)}
RES (1, 8, 10, 11, 12, 14) (3080, 3920, 5390, 6468) {'labels': (260, 13902, 297, 312), 'total': Fraction(57685009, 4383509130), 'excess': Fraction(23560217, 8767018260)}
RES (1, 8, 10, 11, 12, 14) (3080, 3920, 5880, 6468) {'labels': (260, 13902, 297, 286), 'total': Fraction(195269083, 17534036520), 'excess': Fraction(11649481, 17534036520)}
RES (1, 8, 10, 11, 12, 14) (3080, 3920, 6468, 8085) {'labels': (260, 378, 297, 13312), 'total': Fraction(36405937, 3390266880), 'excess': Fraction(902449, 3390266880)}
RES (1, 8, 10, 11, 12, 14) (3080, 3920, 6468, 8624) {'labels': (260, 378, 297, 16365), 'total': Fraction(77328439, 7224181965), 'excess': Fraction(1340399, 5779345572)}
RES (1, 8, 10, 11, 12, 14) (3080, 3920, 6468, 10780) {'labels': (260, 13902, 297, 324), 'total': Fraction(69461101, 5844678840), 'excess': Fraction(8254567, 5844678840)}
RES (1, 8, 10, 11, 12, 14) (3080, 3920, 6468, 11760) {'labels': (260, 378, 297, 13387), 'total': Fraction(172631597, 16117010910), 'excess': Fraction(7702687, 32234021820)}
RES (1, 8, 10, 11, 12, 14) (3080, 3920, 6468, 12936) {'labels': (260, 378, 297, 14830), 'total': Fraction(843962461, 78558840360), 'excess': Fraction(4256015, 15711768072)}
RES (1, 8, 10, 11, 12, 14) (3080, 3920, 6468, 16170) {'labels': (260, 378, 297, 15896), 'total': Fraction(25644503, 2392208910), 'excess': Fraction(13042889, 52628596020)}
RES (1, 8, 10, 11, 12, 14) (3080, 3920, 6468, 21560) {'labels': (260, 378, 297, 16122), 'total': Fraction(761705521, 71169118020), 'excess': Fraction(4102411, 17792279505)}
RES (1, 8, 10, 11, 12, 14) (3080, 3920, 6468, 25872) {'labels': (260, 378, 297, 14125), 'total': Fraction(800660947, 74824249500), 'excess': Fraction(4271968, 18706062375)}
RES (1, 8, 10, 11, 12, 14) (3080, 3920, 6468, 32340) {'labels': (260, 13902, 297, 268), 'total': Fraction(13400828281, 1174780446840), 'excess': Fraction(1098314947, 1174780446840)}
RES (1, 8, 10, 11, 12, 14) (3080, 3920, 6468, 43120) {'labels': (260, 378, 297, 16581), 'total': Fraction(3129434641, 292781328840), 'excess': Fraction(63375607, 292781328840)}
RES (1, 8, 10, 11, 12, 14) (3080, 3920, 6468, 64680) {'labels': (260, 378, 297, 13598), 'total': Fraction(22817293, 2131141320), 'excess': Fraction(6494743, 27704837160)}
RES (1, 8, 10, 11, 12, 14) (3080, 3920, 6468, 129360) {'labels': (260, 378, 297, 13039), 'total': Fraction(71038004, 6641479845), 'excess': Fraction(5948903, 26565919380)}
RES (1, 8, 10, 11, 12, 14) (3080, 4312, 6468, 11760) {'labels': (260, 378, 270, 13387), 'total': Fraction(237004861, 21489347880), 'excess': Fraction(11964523, 21489347880)}
RES (1, 8, 10, 11, 12, 14) (3080, 4312, 6468, 43120) {'labels': (260, 378, 270, 16581), 'total': Fraction(537080281, 48796888140), 'excess': Fraction(13035221, 24398444070)}
RES (1, 8, 10, 11, 12, 14) (3080, 4312, 6468, 129360) {'labels': (260, 378, 270, 13039), 'total': Fraction(195063179, 17710612920), 'excess': Fraction(9594437, 17710612920)}
RES (1, 8, 10, 11, 12, 14) (3080, 5390, 6468, 8624) {'labels': (260, 378, 312, 16365), 'total': Fraction(19779829, 1605373770), 'excess': Fraction(5936129, 3210747540)}
RES (1, 8, 10, 11, 12, 14) (3080, 5390, 6468, 11760) {'labels': (260, 378, 312, 13387), 'total': Fraction(334497, 27133015), 'excess': Fraction(2215627, 1193852660)}
RES (1, 8, 10, 11, 12, 14) (3080, 5390, 6468, 25872) {'labels': (260, 378, 312, 14125), 'total': Fraction(102404933, 8313805500), 'excess': Fraction(7670629, 4156902750)}
RES (1, 8, 10, 11, 12, 14) (3080, 5390, 6468, 43120) {'labels': (260, 378, 312, 16581), 'total': Fraction(7278451, 591477432), 'excess': Fraction(59641579, 32531258760)}
RES (1, 8, 10, 11, 12, 14) (3080, 5390, 6468, 129360) {'labels': (260, 378, 312, 13039), 'total': Fraction(127081, 10320870), 'excess': Fraction(5433709, 2951768820)}
RES (1, 8, 10, 11, 12, 14) (3080, 6468, 8624, 10780) {'labels': (260, 378, 16365, 324), 'total': Fraction(638384431, 57793455720), 'excess': Fraction(33160909, 57793455720)}
RES (1, 8, 10, 11, 12, 14) (3080, 6468, 8624, 32340) {'labels': (260, 378, 16365, 268), 'total': Fraction(4547016073, 430240170360), 'excess': Fraction(41463187, 430240170360)}
RES (1, 8, 10, 11, 12, 14) (3080, 6468, 10780, 11760) {'labels': (260, 378, 324, 13387), 'total': Fraction(712565041, 64468043640), 'excess': Fraction(37444027, 64468043640)}
RES (1, 8, 10, 11, 12, 14) (3080, 6468, 10780, 25872) {'labels': (260, 378, 324, 14125), 'total': Fraction(1652479819, 149648499000), 'excess': Fraction(85333669, 149648499000)}
RES (1, 8, 10, 11, 12, 14) (3080, 6468, 10780, 43120) {'labels': (260, 378, 324, 16581), 'total': Fraction(807380771, 73195332210), 'excess': Fraction(16346405, 29278132884)}
RES (1, 8, 10, 11, 12, 14) (3080, 6468, 10780, 129360) {'labels': (260, 378, 324, 13039), 'total': Fraction(586467359, 53131838760), 'excess': Fraction(30061133, 53131838760)}
RES (1, 8, 10, 11, 12, 14) (3080, 6468, 11760, 32340) {'labels': (260, 378, 13387, 268), 'total': Fraction(1691842541, 159976256440), 'excess': Fraction(16542247, 159976256440)}
RES (1, 8, 10, 11, 12, 14) (3080, 6468, 25872, 32340) {'labels': (260, 378, 14125, 268), 'total': Fraction(11769934597, 1114049937000), 'excess': Fraction(103402147, 1114049937000)}
RES (1, 8, 10, 11, 12, 14) (3080, 6468, 32340, 43120) {'labels': (260, 378, 268, 16581), 'total': Fraction(2875180379, 272449292115), 'excess': Fraction(17633689, 217959433692)}
RES (1, 8, 10, 11, 12, 14) (3080, 6468, 32340, 129360) {'labels': (260, 378, 268, 13039), 'total': Fraction(4177089977, 395537021880), 'excess': Fraction(34954739, 395537021880)}
RES (1, 8, 10, 11, 12, 14) (3696, 3920, 5390, 6468) {'labels': (260, 13895, 297, 312), 'total': Fraction(275131603, 21030249240), 'excess': Fraction(54899029, 21030249240)}
RES (1, 8, 10, 11, 12, 14) (3696, 3920, 5880, 6468) {'labels': (260, 13895, 297, 286), 'total': Fraction(58146973, 5257562310), 'excess': Fraction(6177659, 10515124620)}
RES (1, 8, 10, 11, 12, 14) (3696, 3920, 6468, 10780) {'labels': (260, 13895, 297, 324), 'total': Fraction(10346543, 876260385), 'excess': Fraction(4680743, 3505041540)}
RES (1, 8, 10, 11, 12, 14) (3696, 3920, 6468, 11760) {'labels': (260, 13895, 297, 451), 'total': Fraction(1141628287, 107780027355), 'excess': Fraction(51745381, 431120109420)}
RES (1, 8, 10, 11, 12, 14) (3696, 3920, 6468, 16170) {'labels': (260, 13895, 297, 328), 'total': Fraction(9167166311, 862240218840), 'excess': Fraction(137630777, 862240218840)}
RES (1, 8, 10, 11, 12, 14) (3696, 3920, 6468, 32340) {'labels': (260, 13895, 297, 268), 'total': Fraction(3991139101, 352256674770), 'excess': Fraction(604486973, 704513349540)}
RES (1, 8, 10, 11, 12, 14) (3696, 5390, 6468, 21560) {'labels': (260, 13895, 312, 414), 'total': Fraction(908037673, 80615955420), 'excess': Fraction(31906403, 40307977710)}
RES (1, 8, 10, 11, 12, 14) (3696, 5390, 6468, 43120) {'labels': (260, 13895, 312, 327), 'total': Fraction(568633291, 50939937048), 'excess': Fraction(175905281, 254699685240)}
RES (1, 8, 10, 11, 12, 14) (3696, 5880, 6468, 10780) {'labels': (260, 13895, 286, 324), 'total': Fraction(47955433, 4206049848), 'excess': Fraction(1776781, 1911840840)}
RES (1, 8, 10, 11, 12, 14) (3696, 5880, 6468, 32340) {'labels': (260, 13895, 286, 268), 'total': Fraction(114017669, 10437234808), 'excess': Fraction(23585291, 52186174040)}
RES (1, 8, 10, 11, 12, 14) (3696, 6468, 10780, 11760) {'labels': (260, 13895, 324, 451), 'total': Fraction(857071499, 78385474440), 'excess': Fraction(79650191, 172448043768)}
RES (1, 8, 10, 11, 12, 14) (3920, 4312, 4620, 6468) {'labels': (260, 12771, 270, 364), 'total': Fraction(976721, 75927852), 'excess': Fraction(453977, 189819630)}
RES (1, 8, 10, 11, 12, 14) (3920, 4312, 6468, 9240) {'labels': (260, 297, 270, 14294), 'total': Fraction(641012959, 54085351320), 'excess': Fraction(74621377, 54085351320)}
RES (1, 8, 10, 11, 12, 14) (3920, 4620, 5880, 6468) {'labels': (260, 297, 364, 14146), 'total': Fraction(38839799, 3096507960), 'excess': Fraction(70538683, 34061587560)}
RES (1, 8, 10, 11, 12, 14) (3920, 4620, 6468, 8624) {'labels': (260, 297, 364, 16365), 'total': Fraction(181119083, 14448363930), 'excess': Fraction(11925281, 5779345572)}
RES (1, 8, 10, 11, 12, 14) (3920, 4620, 6468, 11760) {'labels': (260, 297, 364, 13387), 'total': Fraction(101074966, 8058505455), 'excess': Fraction(66739357, 32234021820)}
RES (1, 8, 10, 11, 12, 14) (3920, 4620, 6468, 12936) {'labels': (260, 297, 364, 14830), 'total': Fraction(987843121, 78558840360), 'excess': Fraction(33032147, 15711768072)}
RES (1, 8, 10, 11, 12, 14) (3920, 4620, 6468, 21560) {'labels': (260, 297, 364, 16122), 'total': Fraction(892051891, 71169118020), 'excess': Fraction(73378007, 35584559010)}
RES (1, 8, 10, 11, 12, 14) (3920, 4620, 6468, 25872) {'labels': (260, 297, 364, 14125), 'total': Fraction(937701697, 74824249500), 'excess': Fraction(77064311, 37412124750)}
RES (1, 8, 10, 11, 12, 14) (3920, 4620, 6468, 43120) {'labels': (260, 297, 364, 16581), 'total': Fraction(3665664181, 292781328840), 'excess': Fraction(599605147, 292781328840)}
RES (1, 8, 10, 11, 12, 14) (3920, 4620, 6468, 64680) {'labels': (260, 297, 364, 13598), 'total': Fraction(347366269, 27704837160), 'excess': Fraction(57236203, 27704837160)}
RES (1, 8, 10, 11, 12, 14) (3920, 4620, 6468, 129360) {'labels': (260, 297, 364, 13039), 'total': Fraction(166403773, 13282959690), 'excess': Fraction(4200341, 2043532260)}
RES (1, 8, 10, 11, 12, 14) (3920, 5390, 6468, 9240) {'labels': (260, 297, 312, 14294), 'total': Fraction(177818779, 13521337830), 'excess': Fraction(72441767, 27042675660)}
RES (1, 8, 10, 11, 12, 14) (3920, 5390, 6468, 18480) {'labels': (260, 297, 312, 13111), 'total': Fraction(1300306123, 99218279160), 'excess': Fraction(261274357, 99218279160)}
RES (1, 8, 10, 11, 12, 14) (3920, 5880, 6160, 6468) {'labels': (260, 297, 286, 15267), 'total': Fraction(426924763, 38511312840), 'excess': Fraction(2147939, 3501028440)}
RES (1, 8, 10, 11, 12, 14) (3920, 5880, 6468, 9240) {'labels': (260, 297, 286, 14294), 'total': Fraction(601861693, 54085351320), 'excess': Fraction(35470111, 54085351320)}
RES (1, 8, 10, 11, 12, 14) (3920, 5880, 6468, 18480) {'labels': (260, 297, 286, 13111), 'total': Fraction(137448728, 12402284895), 'excess': Fraction(2752639, 4509921780)}
RES (1, 8, 10, 11, 12, 14) (3920, 6160, 6468, 10780) {'labels': (260, 297, 15267, 324), 'total': Fraction(151909501, 12837104280), 'excess': Fraction(17477023, 12837104280)}
RES (1, 8, 10, 11, 12, 14) (3920, 6160, 6468, 11760) {'labels': (260, 297, 15267, 451), 'total': Fraction(1524162397, 143542166040), 'excess': Fraction(230591573, 1578963826440)}
RES (1, 8, 10, 11, 12, 14) (3920, 6160, 6468, 16170) {'labels': (260, 297, 15267, 328), 'total': Fraction(4207076183, 394740956610), 'excess': Fraction(13323179, 71771083020)}
RES (1, 8, 10, 11, 12, 14) (3920, 6160, 6468, 32340) {'labels': (260, 297, 15267, 268), 'total': Fraction(29301966361, 2580257960280), 'excess': Fraction(2281038283, 2580257960280)}
RES (1, 8, 10, 11, 12, 14) (3920, 6468, 8085, 18480) {'labels': (260, 297, 13312, 371), 'total': Fraction(1981406501, 179684144640), 'excess': Fraction(99721637, 179684144640)}
RES (1, 8, 10, 11, 12, 14) (3920, 6468, 8624, 18480) {'labels': (260, 297, 16365, 371), 'total': Fraction(16835925923, 1531526576580), 'excess': Fraction(79750259, 153152657658)}
RES (1, 8, 10, 11, 12, 14) (3920, 6468, 9240, 10780) {'labels': (260, 297, 14294, 324), 'total': Fraction(214104571, 18028450440), 'excess': Fraction(25307377, 18028450440)}
RES (1, 8, 10, 11, 12, 14) (3920, 6468, 9240, 11760) {'labels': (260, 297, 14294, 451), 'total': Fraction(4727939989, 443499880824), 'excess': Fraction(417645083, 2217499404120)}
RES (1, 8, 10, 11, 12, 14) (3920, 6468, 9240, 16170) {'labels': (260, 297, 14294, 328), 'total': Fraction(593187521, 55437485103), 'excess': Fraction(252722989, 1108749702060)}
RES (1, 8, 10, 11, 12, 14) (3920, 6468, 9240, 32340) {'labels': (260, 297, 14294, 268), 'total': Fraction(41305015951, 3623718538440), 'excess': Fraction(3356779957, 3623718538440)}
RES (1, 8, 10, 11, 12, 14) (3920, 6468, 10780, 18480) {'labels': (260, 297, 324, 13111), 'total': Fraction(97816507, 8268189930), 'excess': Fraction(22461053, 16536379860)}
RES (1, 8, 10, 11, 12, 14) (3920, 6468, 11760, 18480) {'labels': (260, 297, 13387, 371), 'total': Fraction(18792327167, 1708403156460), 'excess': Fraction(225405074, 427100789115)}
RES (1, 8, 10, 11, 12, 14) (3920, 6468, 16170, 18480) {'labels': (260, 297, 15896, 371), 'total': Fraction(2791548203, 253574144460), 'excess': Fraction(374203213, 697328897265)}
RES (1, 8, 10, 11, 12, 14) (3920, 6468, 18480, 21560) {'labels': (260, 297, 371, 16122), 'total': Fraction(10364928962, 942990813765), 'excess': Fraction(1959034367, 3771963255060)}
RES (1, 8, 10, 11, 12, 14) (3920, 6468, 18480, 25872) {'labels': (260, 297, 371, 14125), 'total': Fraction(10895074829, 991421305875), 'excess': Fraction(2050926341, 3965685223500)}
RES (1, 8, 10, 11, 12, 14) (3920, 6468, 18480, 32340) {'labels': (260, 297, 13111, 268), 'total': Fraction(9433852871, 830953087965), 'excess': Fraction(2927847323, 3323812351860)}
RES (1, 8, 10, 11, 12, 14) (3920, 6468, 18480, 43120) {'labels': (260, 297, 371, 16581), 'total': Fraction(170341382843, 15517410428520), 'excess': Fraction(7840254041, 15517410428520)}
RES (1, 8, 10, 11, 12, 14) (3920, 6468, 18480, 64680) {'labels': (260, 297, 371, 13598), 'total': Fraction(1241936039, 112950489960), 'excess': Fraction(768275009, 1468356369480)}
RES (1, 8, 10, 11, 12, 14) (3920, 6468, 18480, 129360) {'labels': (260, 297, 371, 13039), 'total': Fraction(15466678063, 1407993727140), 'excess': Fraction(360956537, 703996863570)}
RES (1, 8, 10, 11, 12, 14) (4312, 4620, 6468, 11760) {'labels': (260, 270, 364, 13387), 'total': Fraction(276362641, 21489347880), 'excess': Fraction(51322303, 21489347880)}
RES (1, 8, 10, 11, 12, 14) (4312, 4620, 6468, 43120) {'labels': (260, 270, 364, 16581), 'total': Fraction(626451871, 48796888140), 'excess': Fraction(28860508, 12199222035)}
RES (1, 8, 10, 11, 12, 14) (4312, 4620, 6468, 129360) {'labels': (260, 270, 364, 13039), 'total': Fraction(227500199, 17710612920), 'excess': Fraction(3233189, 1362354840)}
RES (1, 8, 10, 11, 12, 14) (4312, 5390, 6160, 6468) {'labels': (260, 270, 312, 15267), 'total': Fraction(172357103, 12837104280), 'excess': Fraction(7584925, 2567420856)}
RES (1, 8, 10, 11, 12, 14) (4312, 5390, 6468, 18480) {'labels': (260, 270, 312, 13111), 'total': Fraction(221973013, 16536379860), 'excess': Fraction(12200263, 4134094965)}
RES (1, 8, 10, 11, 12, 14) (4312, 5880, 6160, 6468) {'labels': (260, 270, 286, 15267), 'total': Fraction(18298492, 1604638035), 'excess': Fraction(5977729, 6418552140)}
RES (1, 8, 10, 11, 12, 14) (4312, 5880, 6468, 18480) {'labels': (260, 270, 286, 13111), 'total': Fraction(377040593, 33072759720), 'excess': Fraction(30696671, 33072759720)}
RES (1, 8, 10, 11, 12, 14) (4312, 6160, 6468, 10780) {'labels': (260, 270, 15267, 324), 'total': Fraction(116991887, 9627828210), 'excess': Fraction(32335057, 19255656420)}
RES (1, 8, 10, 11, 12, 14) (4312, 6160, 6468, 16170) {'labels': (260, 270, 15267, 328), 'total': Fraction(5776701859, 526321275480), 'excess': Fraction(264970261, 526321275480)}
RES (1, 8, 10, 11, 12, 14) (4312, 6160, 6468, 32340) {'labels': (260, 270, 15267, 268), 'total': Fraction(1255082599, 107510748345), 'excess': Fraction(516842383, 430042993380)}
RES (1, 8, 10, 11, 12, 14) (4312, 6468, 8085, 18480) {'labels': (260, 270, 13312, 371), 'total': Fraction(679503607, 59894714880), 'excess': Fraction(52275319, 59894714880)}
RES (1, 8, 10, 11, 12, 14) (4312, 6468, 9240, 11760) {'labels': (260, 270, 14294, 451), 'total': Fraction(202870249, 18479161701), 'excess': Fraction(187062503, 369583234020)}
RES (1, 8, 10, 11, 12, 14) (4312, 6468, 9240, 43120) {'labels': (260, 270, 574, 16581), 'total': Fraction(21356388281, 2000672413740), 'excess': Fraction(202492441, 1000336206870)}
RES (1, 8, 10, 11, 12, 14) (4312, 6468, 9240, 129360) {'labels': (260, 270, 574, 13039), 'total': Fraction(7756629619, 726135129720), 'excess': Fraction(152411197, 726135129720)}
RES (1, 8, 10, 11, 12, 14) (4312, 6468, 10780, 18480) {'labels': (260, 270, 324, 13111), 'total': Fraction(1205330039, 99218279160), 'excess': Fraction(166298273, 99218279160)}
RES (1, 8, 10, 11, 12, 14) (4312, 6468, 16170, 18480) {'labels': (260, 270, 15896, 371), 'total': Fraction(21062323717, 1859543726040), 'excess': Fraction(1588845463, 1859543726040)}
RES (1, 8, 10, 11, 12, 14) (4312, 6468, 18480, 21560) {'labels': (260, 270, 371, 16122), 'total': Fraction(28438973627, 2514642170040), 'excess': Fraction(191380543, 228603833640)}
RES (1, 8, 10, 11, 12, 14) (4312, 6468, 18480, 32340) {'labels': (260, 270, 13111, 268), 'total': Fraction(25861154651, 2215874901240), 'excess': Fraction(2656111877, 2215874901240)}
RES (1, 8, 10, 11, 12, 14) (4312, 6468, 18480, 64680) {'labels': (260, 270, 371, 13598), 'total': Fraction(53243006, 4706270415), 'excess': Fraction(205820729, 244726061580)}
RES (1, 8, 10, 11, 12, 14) (4620, 5880, 6468, 8624) {'labels': (260, 364, 286, 16365), 'total': Fraction(25963253, 2140498360), 'excess': Fraction(3547567, 2140498360)}
RES (1, 8, 10, 11, 12, 14) (4620, 5880, 6468, 11760) {'labels': (260, 364, 286, 13387), 'total': Fraction(86935649, 7163115960), 'excess': Fraction(11922203, 7163115960)}
RES (1, 8, 10, 11, 12, 14) (4620, 5880, 6468, 25872) {'labels': (260, 364, 286, 14125), 'total': Fraction(67208697, 5542537000), 'excess': Fraction(9166247, 5542537000)}
RES (1, 8, 10, 11, 12, 14) (4620, 5880, 6468, 43120) {'labels': (260, 364, 286, 16581), 'total': Fraction(98521469, 8132814690), 'excess': Fraction(5341265, 3253125876)}
RES (1, 8, 10, 11, 12, 14) (4620, 5880, 6468, 129360) {'labels': (260, 364, 286, 13039), 'total': Fraction(23853317, 1967845880), 'excess': Fraction(3245679, 1967845880)}
RES (1, 8, 10, 11, 12, 14) (4620, 6468, 8624, 11760) {'labels': (260, 364, 16365, 451), 'total': Fraction(1023467409, 87760432760), 'excess': Fraction(104424283, 87760432760)}
RES (1, 8, 10, 11, 12, 14) (4620, 6468, 8624, 21560) {'labels': (260, 364, 16365, 414), 'total': Fraction(4748388481, 443083160520), 'excess': Fraction(108341479, 443083160520)}
RES (1, 8, 10, 11, 12, 14) (4620, 6468, 8624, 43120) {'labels': (260, 364, 16365, 327), 'total': Fraction(1857608497, 174985740930), 'excess': Fraction(50252333, 349971481860)}
RES (1, 8, 10, 11, 12, 14) (4620, 6468, 8624, 64680) {'labels': (260, 364, 16365, 442), 'total': Fraction(198803827, 18194236060), 'excess': Fraction(159048, 349889155)}
RES (1, 8, 10, 11, 12, 14) (4620, 6468, 8624, 129360) {'labels': (260, 364, 16365, 349), 'total': Fraction(11810795453, 1120550891460), 'excess': Fraction(19045958, 280137722865)}
RES (1, 8, 10, 11, 12, 14) (4620, 6468, 11760, 11760) {'labels': (260, 364, 13387, 451), 'total': Fraction(685413881, 58737550872), 'excess': Fraction(351518119, 293687754360)}
RES (1, 8, 10, 11, 12, 14) (4620, 6468, 11760, 12936) {'labels': (260, 364, 451, 14830), 'total': Fraction(523443512, 44734895205), 'excess': Fraction(219886391, 178939580820)}
RES (1, 8, 10, 11, 12, 14) (4620, 6468, 11760, 21560) {'labels': (260, 364, 451, 16122), 'total': Fraction(229125657, 19649386120), 'excess': Fraction(51378209, 43228649464)}
RES (1, 8, 10, 11, 12, 14) (4620, 6468, 11760, 25872) {'labels': (260, 364, 451, 14125), 'total': Fraction(2649325277, 227244017000), 'excess': Fraction(269584827, 227244017000)}
RES (1, 8, 10, 11, 12, 14) (4620, 6468, 11760, 43120) {'labels': (260, 364, 451, 16581), 'total': Fraction(1941751124, 166722701145), 'excess': Fraction(783203363, 666890804580)}
RES (1, 8, 10, 11, 12, 14) (4620, 6468, 11760, 64680) {'labels': (260, 364, 451, 13598), 'total': Fraction(368048627, 31552731210), 'excess': Fraction(75245437, 63105462420)}
RES (1, 8, 10, 11, 12, 14) (4620, 6468, 11760, 129360) {'labels': (260, 364, 451, 13039), 'total': Fraction(188053837, 16136336216), 'excess': Fraction(7335079, 6206283160)}
RES (1, 8, 10, 11, 12, 14) (4620, 6468, 12936, 43120) {'labels': (260, 364, 410, 16581), 'total': Fraction(7228337549, 666890804580), 'excess': Fraction(61134104, 166722701145)}
RES (1, 8, 10, 11, 12, 14) (4620, 6468, 12936, 129360) {'labels': (260, 364, 410, 13039), 'total': Fraction(875100263, 80681681080), 'excess': Fraction(464417, 1241256632)}
RES (1, 8, 10, 11, 12, 14) (4620, 6468, 21560, 25872) {'labels': (260, 364, 16122, 685), 'total': Fraction(2904611911, 270838032465), 'excess': Fraction(273388183, 1083352129860)}
RES (1, 8, 10, 11, 12, 14) (4620, 6468, 21560, 43120) {'labels': (260, 364, 414, 16581), 'total': Fraction(12010294057, 1122328427220), 'excess': Fraction(12853388, 56116421361)}
RES (1, 8, 10, 11, 12, 14) (4620, 6468, 21560, 129360) {'labels': (260, 364, 414, 13039), 'total': Fraction(4362125249, 407344097160), 'excess': Fraction(7411091, 31334161320)}
RES (1, 8, 10, 11, 12, 14) (4620, 6468, 25872, 43120) {'labels': (260, 364, 685, 16581), 'total': Fraction(9546804907, 891356490024), 'excess': Fraction(1061792573, 4456782450120)}
RES (1, 8, 10, 11, 12, 14) (4620, 6468, 25872, 64680) {'labels': (260, 364, 14125, 442), 'total': Fraction(257304331, 23555782250), 'excess': Fraction(1634449, 3623966500)}
RES (1, 8, 10, 11, 12, 14) (4620, 6468, 25872, 129360) {'labels': (260, 364, 685, 13039), 'total': Fraction(4334233367, 404392328340), 'excess': Fraction(3821683, 15553551090)}
RES (1, 8, 10, 11, 12, 14) (4620, 6468, 43120, 43120) {'labels': (260, 364, 16581, 327), 'total': Fraction(3417062483, 322355200440), 'excess': Fraction(454305679, 3545907204840)}
RES (1, 8, 10, 11, 12, 14) (4620, 6468, 43120, 64680) {'labels': (260, 364, 16581, 442), 'total': Fraction(1206855983, 110606279784), 'excess': Fraction(18679621, 42540876840)}
RES (1, 8, 10, 11, 12, 14) (4620, 6468, 43120, 129360) {'labels': (260, 364, 327, 13039), 'total': Fraction(31027037, 2924934558), 'excess': Fraction(3355789, 24749446260)}
RES (1, 8, 10, 11, 12, 14) (4620, 6468, 64680, 129360) {'labels': (260, 364, 442, 13039), 'total': Fraction(10743207, 983922940), 'excess': Fraction(109847, 245980735)}
RES (1, 8, 10, 11, 12, 14) (4620, 6468, 129360, 129360) {'labels': (260, 364, 13039, 349), 'total': Fraction(10849896697, 1030167318180), 'excess': Fraction(1188427, 19810909965)}
RES (1, 8, 10, 11, 12, 14) (5390, 5880, 6160, 6468) {'labels': (260, 312, 286, 15267), 'total': Fraction(54354863, 4279034760), 'excess': Fraction(9544037, 4279034760)}
RES (1, 8, 10, 11, 12, 14) (5390, 6160, 6468, 11760) {'labels': (260, 312, 15267, 451), 'total': Fraction(2146535059, 175440425160), 'excess': Fraction(309291193, 175440425160)}
RES (1, 8, 10, 11, 12, 14) (5390, 6160, 6468, 12936) {'labels': (260, 312, 567, 14830), 'total': Fraction(6158134, 535628457), 'excess': Fraction(120765901, 117838260540)}
RES (1, 8, 10, 11, 12, 14) (5390, 6160, 6468, 21560) {'labels': (260, 312, 567, 16122), 'total': Fraction(4892186779, 427014708120), 'excess': Fraction(420411517, 427014708120)}
RES (1, 8, 10, 11, 12, 14) (5390, 6160, 6468, 25872) {'labels': (260, 312, 567, 14125), 'total': Fraction(5142454357, 448945497000), 'excess': Fraction(441015907, 448945497000)}
RES (1, 8, 10, 11, 12, 14) (5390, 6160, 6468, 64680) {'labels': (260, 312, 15267, 442), 'total': Fraction(32174519, 2797830420), 'excess': Fraction(18688363, 18185897730)}
RES (1, 8, 10, 11, 12, 14) (5390, 6160, 6468, 129360) {'labels': (260, 312, 567, 13039), 'total': Fraction(12762871, 1114653960), 'excess': Fraction(31174375, 31879103256)}
RES (1, 8, 10, 11, 12, 14) (5390, 6468, 8624, 9240) {'labels': (260, 312, 16365, 574), 'total': Fraction(263043723, 21940108190), 'excess': Fraction(66565883, 43880216380)}
RES (1, 8, 10, 11, 12, 14) (5390, 6468, 8624, 18480) {'labels': (260, 312, 16365, 371), 'total': Fraction(2145805969, 170169619620), 'excess': Fraction(90939733, 42542404905)}
RES (1, 8, 10, 11, 12, 14) (5390, 6468, 9240, 43120) {'labels': (260, 312, 574, 16581), 'total': Fraction(290369179, 24250574712), 'excess': Fraction(2002702579, 1333781609160)}
RES (1, 8, 10, 11, 12, 14) (5390, 6468, 18480, 21560) {'labels': (260, 312, 371, 16122), 'total': Fraction(2642144963, 209553514170), 'excess': Fraction(895325317, 419107028340)}
RES (1, 8, 10, 11, 12, 14) (5390, 6468, 18480, 43120) {'labels': (260, 312, 371, 16581), 'total': Fraction(394811129, 31348303896), 'excess': Fraction(3658931117, 1724156714280)}
RES (1, 8, 10, 11, 12, 14) (5880, 5880, 6468, 18480) {'labels': (260, 14146, 286, 371), 'total': Fraction(354176587, 33430817420), 'excess': Fraction(204151, 1671540871)}
RES (1, 8, 10, 11, 12, 14) (5880, 6160, 6468, 10780) {'labels': (260, 286, 15267, 324), 'total': Fraction(220045003, 19255656420), 'excess': Fraction(9198143, 9627828210)}
RES (1, 8, 10, 11, 12, 14) (5880, 6160, 6468, 32340) {'labels': (260, 286, 15267, 268), 'total': Fraction(1569677059, 143347664460), 'excess': Fraction(17128597, 35836916115)}
RES (1, 8, 10, 11, 12, 14) (5880, 6468, 8085, 18480) {'labels': (260, 286, 13312, 371), 'total': Fraction(70683007, 6654968320), 'excess': Fraction(198195, 1330993664)}
RES (1, 8, 10, 11, 12, 14) (5880, 6468, 8624, 18480) {'labels': (260, 286, 16365, 371), 'total': Fraction(3603113477, 340339239240), 'excess': Fraction(39019403, 340339239240)}
RES (1, 8, 10, 11, 12, 14) (5880, 6468, 10780, 18480) {'labels': (260, 286, 324, 13111), 'total': Fraction(1133507981, 99218279160), 'excess': Fraction(18895243, 19843655832)}
RES (1, 8, 10, 11, 12, 14) (5880, 6468, 11760, 18480) {'labels': (260, 286, 13387, 371), 'total': Fraction(1340636049, 126548381960), 'excess': Fraction(15398503, 126548381960)}
RES (1, 8, 10, 11, 12, 14) (5880, 6468, 12936, 18480) {'labels': (260, 286, 14830, 371), 'total': Fraction(2457872143, 231312141060), 'excess': Fraction(17764781, 115656070530)}
RES (1, 8, 10, 11, 12, 14) (5880, 6468, 16170, 18480) {'labels': (260, 286, 15896, 371), 'total': Fraction(1314415901, 123969581736), 'excess': Fraction(80920087, 619847908680)}
RES (1, 8, 10, 11, 12, 14) (5880, 6468, 18480, 21560) {'labels': (260, 286, 371, 16122), 'total': Fraction(1774578415, 167642811336), 'excess': Fraction(8632987, 76201277880)}
RES (1, 8, 10, 11, 12, 14) (5880, 6468, 18480, 25872) {'labels': (260, 286, 371, 14125), 'total': Fraction(9326651573, 881263383000), 'excess': Fraction(97902023, 881263383000)}
RES (1, 8, 10, 11, 12, 14) (5880, 6468, 18480, 32340) {'labels': (260, 286, 13111, 268), 'total': Fraction(2695236521, 246208322360), 'excess': Fraction(23379687, 49241664472)}
RES (1, 8, 10, 11, 12, 14) (5880, 6468, 18480, 43120) {'labels': (260, 286, 371, 16581), 'total': Fraction(9113341339, 862078357140), 'excess': Fraction(8550085, 86207835714)}
RES (1, 8, 10, 11, 12, 14) (5880, 6468, 18480, 64680) {'labels': (260, 286, 371, 13598), 'total': Fraction(287942687, 27191784620), 'excess': Fraction(159270, 1359589231)}
RES (1, 8, 10, 11, 12, 14) (5880, 6468, 18480, 129360) {'labels': (260, 286, 371, 13039), 'total': Fraction(3309983653, 312887494920), 'excess': Fraction(33369211, 312887494920)}
RES (1, 8, 10, 11, 12, 14) (6160, 6468, 10780, 11760) {'labels': (260, 15267, 324, 451), 'total': Fraction(1730556133, 157896382644), 'excess': Fraction(96295817, 197370478305)}
RES (1, 8, 10, 11, 12, 14) (6160, 6468, 11760, 32340) {'labels': (260, 15267, 451, 268), 'total': Fraction(12321855913, 1175450848572), 'excess': Fraction(2800457, 267147920130)}
RES (1, 8, 10, 11, 12, 14) (6468, 8624, 9240, 10780) {'labels': (260, 16365, 574, 324), 'total': Fraction(25387456151, 2369531684520), 'excess': Fraction(573291749, 2369531684520)}
RES (1, 8, 10, 11, 12, 14) (6468, 8624, 10780, 18480) {'labels': (260, 16365, 324, 371), 'total': Fraction(34718968553, 3063053153160), 'excess': Fraction(2642121887, 3063053153160)}
RES (1, 8, 10, 11, 12, 14) (6468, 8624, 18480, 32340) {'labels': (260, 16365, 371, 268), 'total': Fraction(247577160599, 22802729029080), 'excess': Fraction(8782857641, 22802729029080)}
RES (1, 8, 10, 11, 12, 14) (6468, 9240, 10780, 11760) {'labels': (260, 14294, 324, 451), 'total': Fraction(1108989127, 100795427460), 'excess': Fraction(293926483, 554374851030)}
RES (1, 8, 10, 11, 12, 14) (6468, 9240, 10780, 25872) {'labels': (260, 574, 324, 14125), 'total': Fraction(65715638579, 6135588459000), 'excess': Fraction(1462646429, 6135588459000)}
RES (1, 8, 10, 11, 12, 14) (6468, 9240, 10780, 43120) {'labels': (260, 574, 324, 16581), 'total': Fraction(32106756751, 3001008620610), 'excess': Fraction(271860661, 1200403448244)}
RES (1, 8, 10, 11, 12, 14) (6468, 9240, 10780, 129360) {'labels': (260, 574, 324, 13039), 'total': Fraction(23322279559, 2178405389160), 'excess': Fraction(509624293, 2178405389160)}
RES (1, 8, 10, 11, 12, 14) (6468, 9240, 11760, 32340) {'labels': (260, 14294, 451, 268), 'total': Fraction(86873325421, 8254025559780), 'excess': Fraction(108919192, 2063506389945)}
RES (1, 8, 10, 11, 12, 14) (6468, 10780, 11760, 18480) {'labels': (260, 324, 13387, 371), 'total': Fraction(38752702943, 3416806312920), 'excess': Fraction(2971289201, 3416806312920)}
RES (1, 8, 10, 11, 12, 14) (6468, 10780, 12936, 18480) {'labels': (260, 324, 14830, 371), 'total': Fraction(23677895477, 2081809269540), 'excess': Fraction(469203062, 520452317385)}
RES (1, 8, 10, 11, 12, 14) (6468, 10780, 18480, 21560) {'labels': (260, 324, 371, 16122), 'total': Fraction(17099670499, 1508785302024), 'excess': Fraction(6496989533, 7543926510120)}
RES (1, 8, 10, 11, 12, 14) (6468, 10780, 18480, 25872) {'labels': (260, 324, 371, 14125), 'total': Fraction(89871968657, 7931370447000), 'excess': Fraction(6813222707, 7931370447000)}
RES (1, 8, 10, 11, 12, 14) (6468, 10780, 18480, 43120) {'labels': (260, 324, 371, 16581), 'total': Fraction(87823035161, 7758705214260), 'excess': Fraction(328623538, 387935260713)}
RES (1, 8, 10, 11, 12, 14) (6468, 10780, 18480, 64680) {'labels': (260, 324, 371, 13598), 'total': Fraction(640274303, 56475244980), 'excess': Fraction(63511919, 73417818474)}
RES (1, 8, 10, 11, 12, 14) (6468, 10780, 18480, 129360) {'labels': (260, 324, 371, 13039), 'total': Fraction(31896012457, 2815987454280), 'excess': Fraction(2406482479, 2815987454280)}
RES (1, 8, 10, 11, 12, 14) (6468, 11760, 18480, 32340) {'labels': (260, 13387, 371, 268), 'total': Fraction(92116270843, 8478741591320), 'excess': Fraction(3325355261, 8478741591320)}
RES (1, 8, 10, 11, 12, 14) (6468, 12936, 18480, 32340) {'labels': (260, 14830, 371, 268), 'total': Fraction(168869904241, 15497913451020), 'excess': Fraction(3286475657, 7748956725510)}
RES (1, 8, 10, 11, 12, 14) (6468, 18480, 21560, 32340) {'labels': (260, 371, 16122, 268), 'total': Fraction(121935234901, 11232068359512), 'excess': Fraction(21554916899, 56160341797560)}
RES (1, 8, 10, 11, 12, 14) (6468, 18480, 25872, 32340) {'labels': (260, 371, 14125, 268), 'total': Fraction(640858318391, 59044646661000), 'excess': Fraction(22532098541, 59044646661000)}
RES (1, 8, 10, 11, 12, 14) (6468, 18480, 32340, 43120) {'labels': (260, 371, 268, 16581), 'total': Fraction(626218809253, 57759249928380), 'excess': Fraction(2135349649, 5775924992838)}
RES (1, 8, 10, 11, 12, 14) (6468, 18480, 32340, 64680) {'labels': (260, 371, 268, 13598), 'total': Fraction(1521923373, 140142274580), 'excess': Fraction(35313281, 91092478477)}
RES (1, 8, 10, 11, 12, 14) (6468, 18480, 32340, 129360) {'labels': (260, 371, 268, 13039), 'total': Fraction(227439906871, 20963462159640), 'excess': Fraction(7906739257, 20963462159640)}
BODY (1, 8, 10, 12, 13, 14) L 152880 high 15057 d1 588 counts 600 339 261 0 trials 287980 checks 152879
BODY (1, 9, 10, 11, 12, 14) L 194040 high 19111 d1 9702 counts 13164 3952 7668 1544 trials 497640 checks 194039
RES (1, 9, 10, 11, 12, 14) (2, 3528, 5390, 9702) {'labels': (260, 97020, 275, 324), 'total': Fraction(767863, 66216150), 'excess': Fraction(19763, 18918900)}
RES (1, 9, 10, 11, 12, 14) (2, 3528, 8085, 9702) {'labels': (260, 97020, 275, 312), 'total': Fraction(1055539, 88288200), 'excess': Fraction(17707, 12612600)}
RES (1, 9, 10, 11, 12, 14) (2, 3528, 9702, 16170) {'labels': (260, 97020, 275, 492), 'total': Fraction(19322197, 1809908100), 'excess': Fraction(16043, 129279150)}
RES (1, 9, 10, 11, 12, 14) (2, 3528, 9702, 21560) {'labels': (260, 97020, 275, 351), 'total': Fraction(1427611, 132432300), 'excess': Fraction(2159, 9459450)}
RES (1, 9, 10, 11, 12, 14) (2, 3528, 9702, 194040) {'labels': (260, 97020, 275, 299), 'total': Fraction(3652477, 338438100), 'excess': Fraction(5813, 24174150)}
RES (1, 9, 10, 11, 12, 14) (2, 5390, 9702, 17640) {'labels': (260, 97020, 324, 451), 'total': Fraction(6301609, 542972430), 'excess': Fraction(163523, 155134980)}
RES (1, 9, 10, 11, 12, 14) (2, 5390, 9702, 21560) {'labels': (260, 97020, 324, 351), 'total': Fraction(96533, 8828820), 'excess': Fraction(241, 630630)}
RES (1, 9, 10, 11, 12, 14) (2, 5390, 9702, 194040) {'labels': (260, 97020, 324, 299), 'total': Fraction(1333645, 121837716), 'excess': Fraction(17161, 43513470)}
RES (1, 9, 10, 11, 12, 14) (2, 5880, 8085, 9702) {'labels': (260, 97020, 429, 312), 'total': Fraction(63163, 5885880), 'excess': Fraction(151, 840840)}
RES (1, 9, 10, 11, 12, 14) (2, 6468, 9702, 17640) {'labels': (260, 97020, 390, 451), 'total': Fraction(41031, 3656380), 'excess': Fraction(5, 7462)}
RES (1, 9, 10, 11, 12, 14) (2, 6468, 9702, 194040) {'labels': (260, 97020, 390, 299), 'total': Fraction(536191, 50765715), 'excess': Fraction(43, 4144140)}
RES (1, 9, 10, 11, 12, 14) (2, 8085, 9702, 17640) {'labels': (260, 97020, 312, 451), 'total': Fraction(2887421, 241321080), 'excess': Fraction(9745, 6894888)}
RES (1, 9, 10, 11, 12, 14) (2, 8085, 9702, 21560) {'labels': (260, 97020, 312, 351), 'total': Fraction(598231, 52972920), 'excess': Fraction(5611, 7567560)}
RES (1, 9, 10, 11, 12, 14) (2, 8085, 9702, 194040) {'labels': (260, 97020, 312, 299), 'total': Fraction(4591403, 406125720), 'excess': Fraction(43727, 58017960)}
RES (1, 9, 10, 11, 12, 14) (2, 9702, 16170, 17640) {'labels': (260, 97020, 492, 451), 'total': Fraction(1289287, 120660540), 'excess': Fraction(1151, 8618610)}
RES (1, 9, 10, 11, 12, 14) (2, 9702, 17640, 19404) {'labels': (260, 97020, 451, 410), 'total': Fraction(4037303, 361981620), 'excess': Fraction(7778, 12927915)}
RES (1, 9, 10, 11, 12, 14) (2, 9702, 17640, 21560) {'labels': (260, 97020, 451, 351), 'total': Fraction(2343335, 217188972), 'excess': Fraction(18437, 77567490)}
RES (1, 9, 10, 11, 12, 14) (2, 9702, 17640, 194040) {'labels': (260, 97020, 451, 299), 'total': Fraction(8175421, 756870660), 'excess': Fraction(13511, 54062190)}
RES (1, 9, 10, 11, 12, 14) (3, 5390, 9702, 17640) {'labels': (260, 64680, 324, 451), 'total': Fraction(6301609, 542972430), 'excess': Fraction(163523, 155134980)}
RES (1, 9, 10, 11, 12, 14) (3, 5390, 9702, 21560) {'labels': (260, 64680, 324, 351), 'total': Fraction(96533, 8828820), 'excess': Fraction(241, 630630)}
RES (1, 9, 10, 11, 12, 14) (3, 5390, 9702, 194040) {'labels': (260, 64680, 324, 299), 'total': Fraction(1333645, 121837716), 'excess': Fraction(17161, 43513470)}
RES (1, 9, 10, 11, 12, 14) (3, 8085, 9702, 17640) {'labels': (260, 64680, 312, 451), 'total': Fraction(2887421, 241321080), 'excess': Fraction(9745, 6894888)}
RES (1, 9, 10, 11, 12, 14) (3, 8085, 9702, 194040) {'labels': (260, 64680, 312, 299), 'total': Fraction(4591403, 406125720), 'excess': Fraction(43727, 58017960)}
RES (1, 9, 10, 11, 12, 14) (3, 9702, 16170, 17640) {'labels': (260, 64680, 492, 451), 'total': Fraction(1289287, 120660540), 'excess': Fraction(1151, 8618610)}
RES (1, 9, 10, 11, 12, 14) (4, 5390, 9702, 17640) {'labels': (260, 145530, 324, 451), 'total': Fraction(12604817, 1085944860), 'excess': Fraction(57313, 54297243)}
RES (1, 9, 10, 11, 12, 14) (4, 5390, 9702, 194040) {'labels': (260, 145530, 324, 299), 'total': Fraction(3334561, 304594290), 'excess': Fraction(241151, 609188580)}
RES (1, 9, 10, 11, 12, 14) (4, 8085, 9702, 17640) {'labels': (260, 145530, 312, 451), 'total': Fraction(8663329, 723963240), 'excess': Fraction(1024291, 723963240)}
RES (1, 9, 10, 11, 12, 14) (4, 8085, 9702, 21560) {'labels': (260, 145530, 312, 351), 'total': Fraction(598309, 52972920), 'excess': Fraction(7871, 10594584)}
RES (1, 9, 10, 11, 12, 14) (4, 8085, 9702, 194040) {'labels': (260, 145530, 312, 299), 'total': Fraction(1530667, 135375240), 'excess': Fraction(102229, 135375240)}
RES (1, 9, 10, 11, 12, 14) (4, 9702, 16170, 17640) {'labels': (260, 145530, 492, 451), 'total': Fraction(1934197, 180990810), 'excess': Fraction(9775, 72396324)}
RES (1, 9, 10, 11, 12, 14) (5, 3528, 9702, 16170) {'labels': (260, 38808, 275, 492), 'total': Fraction(2147503, 201100900), 'excess': Fraction(6387, 50275225)}
RES (1, 9, 10, 11, 12, 14) (5, 3528, 9702, 21560) {'labels': (260, 38808, 275, 351), 'total': Fraction(1428001, 132432300), 'excess': Fraction(7654, 33108075)}
RES (1, 9, 10, 11, 12, 14) (5, 3528, 9702, 194040) {'labels': (260, 38808, 275, 299), 'total': Fraction(10960421, 1015314300), 'excess': Fraction(61784, 253828575)}
RES (1, 9, 10, 11, 12, 14) (5, 6468, 9702, 17640) {'labels': (260, 38808, 390, 451), 'total': Fraction(812627, 72396324), 'excess': Fraction(60904, 90495405)}
RES (1, 9, 10, 11, 12, 14) (5, 6468, 9702, 21560) {'labels': (260, 38808, 390, 351), 'total': Fraction(139753, 13243230), 'excess': Fraction(29, 26486460)}
RES (1, 9, 10, 11, 12, 14) (5, 6468, 9702, 194040) {'labels': (260, 38808, 390, 299), 'total': Fraction(1072681, 101531430), 'excess': Fraction(541, 40612572)}
RES (1, 9, 10, 11, 12, 14) (5, 9702, 16170, 17640) {'labels': (260, 38808, 492, 451), 'total': Fraction(3868927, 361981620), 'excess': Fraction(12352, 90495405)}
RES (1, 9, 10, 11, 12, 14) (5, 9702, 17640, 19404) {'labels': (260, 38808, 451, 410), 'total': Fraction(1346123, 120660540), 'excess': Fraction(7295, 12066054)}
RES (1, 9, 10, 11, 12, 14) (5, 9702, 17640, 21560) {'labels': (260, 38808, 451, 351), 'total': Fraction(1065443, 98722260), 'excess': Fraction(5939, 24680565)}
RES (1, 9, 10, 11, 12, 14) (5, 9702, 17640, 194040) {'labels': (260, 38808, 451, 299), 'total': Fraction(89954149, 8325577260), 'excess': Fraction(526303, 2081394315)}
RES (1, 9, 10, 11, 12, 14) (8, 5390, 8085, 9702) {'labels': (260, 24255, 324, 312), 'total': Fraction(91673, 7567560), 'excess': Fraction(82757, 52972920)}
RES (1, 9, 10, 11, 12, 14) (8, 5390, 8820, 9702) {'labels': (260, 24255, 324, 286), 'total': Fraction(40933, 3783780), 'excess': Fraction(3527, 13243230)}
RES (1, 9, 10, 11, 12, 14) (8, 5390, 9702, 16170) {'labels': (260, 24255, 324, 492), 'total': Fraction(420188, 38783745), 'excess': Fraction(306707, 1085944860)}
RES (1, 9, 10, 11, 12, 14) (8, 5390, 9702, 17640) {'labels': (260, 24255, 324, 451), 'total': Fraction(360229, 31026996), 'excess': Fraction(574729, 542972430)}
RES (1, 9, 10, 11, 12, 14) (8, 5390, 9702, 48510) {'labels': (260, 24255, 324, 268), 'total': Fraction(673441, 63378315), 'excess': Fraction(131389, 1774592820)}
RES (1, 9, 10, 11, 12, 14) (8, 5390, 9702, 194040) {'labels': (260, 24255, 324, 299), 'total': Fraction(238247, 21756735), 'excess': Fraction(48589, 121837716)}
RES (1, 9, 10, 11, 12, 14) (8, 8085, 8820, 9702) {'labels': (260, 24255, 312, 286), 'total': Fraction(5639, 504504), 'excess': Fraction(11047, 17657640)}
RES (1, 9, 10, 11, 12, 14) (8, 8085, 9702, 16170) {'labels': (260, 24255, 312, 492), 'total': Fraction(128629, 11491480), 'excess': Fraction(51621, 80440360)}
RES (1, 9, 10, 11, 12, 14) (8, 8085, 9702, 17640) {'labels': (260, 24255, 312, 451), 'total': Fraction(137547, 11491480), 'excess': Fraction(114047, 80440360)}
RES (1, 9, 10, 11, 12, 14) (8, 8085, 9702, 21560) {'labels': (260, 24255, 312, 351), 'total': Fraction(17099, 1513512), 'excess': Fraction(39511, 52972920)}
RES (1, 9, 10, 11, 12, 14) (8, 8085, 9702, 32340) {'labels': (260, 24255, 312, 402), 'total': Fraction(86687, 8048040), 'excess': Fraction(86561, 394353960)}
RES (1, 9, 10, 11, 12, 14) (8, 8085, 9702, 48510) {'labels': (260, 24255, 312, 268), 'total': Fraction(1856567, 169008840), 'excess': Fraction(512663, 1183061880)}
RES (1, 9, 10, 11, 12, 14) (8, 8085, 9702, 194040) {'labels': (260, 24255, 312, 299), 'total': Fraction(656171, 58017960), 'excess': Fraction(307883, 406125720)}
RES (1, 9, 10, 11, 12, 14) (8, 9702, 16170, 17640) {'labels': (260, 24255, 492, 451), 'total': Fraction(3071, 287287), 'excess': Fraction(5549, 40220180)}
RES (1, 9, 10, 11, 12, 14) (8, 9702, 17640, 21560) {'labels': (260, 24255, 451, 351), 'total': Fraction(418624, 38783745), 'excess': Fraction(52583, 217188972)}
RES (1, 9, 10, 11, 12, 14) (8, 9702, 17640, 194040) {'labels': (260, 24255, 451, 299), 'total': Fraction(3213086, 297342045), 'excess': Fraction(2117471, 8325577260)}
RES (1, 9, 10, 11, 12, 14) (10, 3528, 8085, 9702) {'labels': (260, 19404, 275, 312), 'total': Fraction(117311, 9809800), 'excess': Fraction(13801, 9809800)}
RES (1, 9, 10, 11, 12, 14) (10, 3528, 9702, 16170) {'labels': (260, 19404, 275, 492), 'total': Fraction(2147503, 201100900), 'excess': Fraction(6387, 50275225)}
RES (1, 9, 10, 11, 12, 14) (10, 3528, 9702, 21560) {'labels': (260, 19404, 275, 351), 'total': Fraction(1428001, 132432300), 'excess': Fraction(7654, 33108075)}
RES (1, 9, 10, 11, 12, 14) (10, 3528, 9702, 194040) {'labels': (260, 19404, 275, 299), 'total': Fraction(10960421, 1015314300), 'excess': Fraction(61784, 253828575)}
RES (1, 9, 10, 11, 12, 14) (10, 6468, 9702, 17640) {'labels': (260, 19404, 390, 451), 'total': Fraction(812627, 72396324), 'excess': Fraction(60904, 90495405)}
RES (1, 9, 10, 11, 12, 14) (10, 6468, 9702, 21560) {'labels': (260, 19404, 390, 351), 'total': Fraction(139753, 13243230), 'excess': Fraction(29, 26486460)}
RES (1, 9, 10, 11, 12, 14) (10, 6468, 9702, 194040) {'labels': (260, 19404, 390, 299), 'total': Fraction(1072681, 101531430), 'excess': Fraction(541, 40612572)}
RES (1, 9, 10, 11, 12, 14) (10, 8085, 9702, 17640) {'labels': (260, 19404, 312, 451), 'total': Fraction(1732879, 144792648), 'excess': Fraction(1025357, 723963240)}
RES (1, 9, 10, 11, 12, 14) (10, 8085, 9702, 194040) {'labels': (260, 19404, 312, 299), 'total': Fraction(417509, 36920520), 'excess': Fraction(5587, 7384104)}
RES (1, 9, 10, 11, 12, 14) (10, 9702, 16170, 17640) {'labels': (260, 19404, 492, 451), 'total': Fraction(3868927, 361981620), 'excess': Fraction(12352, 90495405)}
RES (1, 9, 10, 11, 12, 14) (10, 9702, 17640, 19404) {'labels': (260, 19404, 451, 410), 'total': Fraction(1346123, 120660540), 'excess': Fraction(7295, 12066054)}
RES (1, 9, 10, 11, 12, 14) (10, 9702, 17640, 21560) {'labels': (260, 19404, 451, 351), 'total': Fraction(1065443, 98722260), 'excess': Fraction(5939, 24680565)}
RES (1, 9, 10, 11, 12, 14) (10, 9702, 17640, 194040) {'labels': (260, 19404, 451, 299), 'total': Fraction(89954149, 8325577260), 'excess': Fraction(526303, 2081394315)}
RES (1, 9, 10, 11, 12, 14) (12, 5390, 9702, 17640) {'labels': (260, 80850, 324, 451), 'total': Fraction(63030481, 5429724300), 'excess': Fraction(1434424, 1357431075)}
RES (1, 9, 10, 11, 12, 14) (12, 5390, 9702, 21560) {'labels': (260, 80850, 324, 351), 'total': Fraction(241391, 22072050), 'excess': Fraction(16987, 44144100)}
RES (1, 9, 10, 11, 12, 14) (12, 5390, 9702, 194040) {'labels': (260, 80850, 324, 299), 'total': Fraction(16674599, 1522971450), 'excess': Fraction(1209343, 3045942900)}
RES (1, 9, 10, 11, 12, 14) (12, 8085, 9702, 17640) {'labels': (260, 80850, 312, 451), 'total': Fraction(14440303, 1206605400), 'excess': Fraction(1708573, 1206605400)}
RES (1, 9, 10, 11, 12, 14) (12, 8085, 9702, 21560) {'labels': (260, 80850, 312, 351), 'total': Fraction(271987, 24078600), 'excess': Fraction(17917, 24078600)}
RES (1, 9, 10, 11, 12, 14) (12, 8085, 9702, 194040) {'labels': (260, 80850, 312, 299), 'total': Fraction(22962397, 2030628600), 'excess': Fraction(1535827, 2030628600)}
RES (1, 9, 10, 11, 12, 14) (12, 9702, 16170, 17640) {'labels': (260, 80850, 492, 451), 'total': Fraction(3224017, 301651350), 'excess': Fraction(82169, 603302700)}
RES (1, 9, 10, 11, 12, 14) (15, 3528, 5390, 9702) {'labels': (260, 51744, 275, 324), 'total': Fraction(558499, 48157200), 'excess': Fraction(50359, 48157200)}
RES (1, 9, 10, 11, 12, 14) (15, 3528, 9702, 16170) {'labels': (260, 51744, 275, 492), 'total': Fraction(77296783, 7239632400), 'excess': Fraction(906403, 7239632400)}
RES (1, 9, 10, 11, 12, 14) (15, 3528, 9702, 21560) {'labels': (260, 51744, 275, 351), 'total': Fraction(5711029, 529729200), 'excess': Fraction(121489, 529729200)}
RES (1, 9, 10, 11, 12, 14) (15, 3528, 9702, 194040) {'labels': (260, 51744, 275, 299), 'total': Fraction(14611403, 1353752400), 'excess': Fraction(327023, 1353752400)}
RES (1, 9, 10, 11, 12, 14) (15, 5390, 9702, 17640) {'labels': (260, 51744, 324, 451), 'total': Fraction(50417669, 4343779440), 'excess': Fraction(4583441, 4343779440)}
RES (1, 9, 10, 11, 12, 14) (15, 5390, 9702, 194040) {'labels': (260, 51744, 324, 299), 'total': Fraction(26675591, 2436754320), 'excess': Fraction(963707, 2436754320)}
RES (1, 9, 10, 11, 12, 14) (15, 6468, 9702, 17640) {'labels': (260, 51744, 390, 451), 'total': Fraction(1083325, 96528432), 'excess': Fraction(323933, 482642160)}
RES (1, 9, 10, 11, 12, 14) (15, 6468, 9702, 194040) {'labels': (260, 51744, 390, 299), 'total': Fraction(8579953, 812251440), 'excess': Fraction(1865, 162450288)}
RES (1, 9, 10, 11, 12, 14) (15, 9702, 16170, 17640) {'labels': (260, 51744, 492, 451), 'total': Fraction(1719227, 160880720), 'excess': Fraction(21663, 160880720)}
RES (1, 9, 10, 11, 12, 14) (15, 9702, 17640, 19404) {'labels': (260, 51744, 451, 410), 'total': Fraction(16150811, 1447926480), 'excess': Fraction(174547, 289585296)}
RES (1, 9, 10, 11, 12, 14) (15, 9702, 17640, 21560) {'labels': (260, 51744, 451, 351), 'total': Fraction(46871497, 4343779440), 'excess': Fraction(1037269, 4343779440)}
RES (1, 9, 10, 11, 12, 14) (15, 9702, 17640, 194040) {'labels': (260, 51744, 451, 299), 'total': Fraction(359755301, 33302309040), 'excess': Fraction(8359553, 33302309040)}
RES (1, 9, 10, 11, 12, 14) (20, 3528, 8085, 9702) {'labels': (260, 29106, 275, 312), 'total': Fraction(3168047, 264864600), 'excess': Fraction(373277, 264864600)}
RES (1, 9, 10, 11, 12, 14) (20, 3528, 9702, 16170) {'labels': (260, 29106, 275, 492), 'total': Fraction(28997953, 2714862150), 'excess': Fraction(703121, 5429724300)}
RES (1, 9, 10, 11, 12, 14) (20, 3528, 9702, 21560) {'labels': (260, 29106, 275, 351), 'total': Fraction(714163, 66216150), 'excess': Fraction(30941, 132432300)}
RES (1, 9, 10, 11, 12, 14) (20, 3528, 9702, 194040) {'labels': (260, 29106, 275, 299), 'total': Fraction(16444369, 1522971450), 'excess': Fraction(748883, 3045942900)}
RES (1, 9, 10, 11, 12, 14) (20, 6468, 9702, 17640) {'labels': (260, 29106, 390, 451), 'total': Fraction(110837, 9872226), 'excess': Fraction(66683, 98722260)}
RES (1, 9, 10, 11, 12, 14) (20, 6468, 9702, 21560) {'labels': (260, 29106, 390, 351), 'total': Fraction(279571, 26486460), 'excess': Fraction(47, 13243230)}
RES (1, 9, 10, 11, 12, 14) (20, 6468, 9702, 194040) {'labels': (260, 29106, 390, 299), 'total': Fraction(6437581, 609188580), 'excess': Fraction(961, 60918858)}
RES (1, 9, 10, 11, 12, 14) (20, 8085, 9702, 17640) {'labels': (260, 29106, 312, 451), 'total': Fraction(5199703, 434377944), 'excess': Fraction(3081401, 2171889720)}
RES (1, 9, 10, 11, 12, 14) (20, 8085, 9702, 21560) {'labels': (260, 29106, 312, 351), 'total': Fraction(598517, 52972920), 'excess': Fraction(39563, 52972920)}
RES (1, 9, 10, 11, 12, 14) (20, 8085, 9702, 194040) {'labels': (260, 29106, 312, 299), 'total': Fraction(13780787, 1218377160), 'excess': Fraction(184969, 243675432)}
RES (1, 9, 10, 11, 12, 14) (20, 9702, 16170, 17640) {'labels': (260, 29106, 492, 451), 'total': Fraction(5804723, 542972430), 'excess': Fraction(150889, 1085944860)}
RES (1, 9, 10, 11, 12, 14) (20, 9702, 17640, 19404) {'labels': (260, 29106, 451, 410), 'total': Fraction(3029443, 271486215), 'excess': Fraction(131843, 217188972)}
RES (1, 9, 10, 11, 12, 14) (20, 9702, 17640, 21560) {'labels': (260, 29106, 451, 351), 'total': Fraction(5861269, 542972430), 'excess': Fraction(263981, 1085944860)}
RES (1, 9, 10, 11, 12, 14) (20, 9702, 17640, 194040) {'labels': (260, 29106, 451, 299), 'total': Fraction(12269261, 1135305990), 'excess': Fraction(579721, 2270611980)}
RES (1, 9, 10, 11, 12, 14) (24, 5390, 8085, 9702) {'labels': (260, 88935, 324, 312), 'total': Fraction(7056949, 582702120), 'excess': Fraction(181691, 116540424)}
RES (1, 9, 10, 11, 12, 14) (24, 5390, 8820, 9702) {'labels': (260, 88935, 324, 286), 'total': Fraction(630181, 58270212), 'excess': Fraction(38329, 145675530)}
RES (1, 9, 10, 11, 12, 14) (24, 5390, 9702, 16170) {'labels': (260, 88935, 324, 492), 'total': Fraction(32344882, 2986348365), 'excess': Fraction(3335401, 11945393460)}
RES (1, 9, 10, 11, 12, 14) (24, 5390, 9702, 17640) {'labels': (260, 88935, 324, 451), 'total': Fraction(138649789, 11945393460), 'excess': Fraction(6302831, 5972696730)}
RES (1, 9, 10, 11, 12, 14) (24, 5390, 9702, 21560) {'labels': (260, 88935, 324, 351), 'total': Fraction(53099, 4855851), 'excess': Fraction(37231, 97117020)}
RES (1, 9, 10, 11, 12, 14) (24, 5390, 9702, 48510) {'labels': (260, 88935, 324, 268), 'total': Fraction(51839279, 4880130255), 'excess': Fraction(1382567, 19520521020)}
RES (1, 9, 10, 11, 12, 14) (24, 5390, 9702, 194040) {'labels': (260, 88935, 324, 299), 'total': Fraction(18339637, 1675268595), 'excess': Fraction(2650867, 6701074380)}
RES (1, 9, 10, 11, 12, 14) (24, 8085, 8820, 9702) {'labels': (260, 88935, 312, 286), 'total': Fraction(2170391, 194234040), 'excess': Fraction(120893, 194234040)}
RES (1, 9, 10, 11, 12, 14) (24, 8085, 9702, 16170) {'labels': (260, 88935, 312, 492), 'total': Fraction(29704771, 2654531880), 'excess': Fraction(338993, 530906376)}
RES (1, 9, 10, 11, 12, 14) (24, 8085, 9702, 17640) {'labels': (260, 88935, 312, 451), 'total': Fraction(31764829, 2654531880), 'excess': Fraction(3755023, 2654531880)}
RES (1, 9, 10, 11, 12, 14) (24, 8085, 9702, 21560) {'labels': (260, 88935, 312, 351), 'total': Fraction(6581243, 582702120), 'excess': Fraction(432749, 582702120)}
RES (1, 9, 10, 11, 12, 14) (24, 8085, 9702, 32340) {'labels': (260, 88935, 312, 402), 'total': Fraction(15570119, 1445964520), 'excess': Fraction(62549, 289192904)}
RES (1, 9, 10, 11, 12, 14) (24, 8085, 9702, 48510) {'labels': (260, 88935, 312, 268), 'total': Fraction(142913851, 13013680680), 'excess': Fraction(1119497, 2602736136)}
RES (1, 9, 10, 11, 12, 14) (24, 8085, 9702, 194040) {'labels': (260, 88935, 312, 299), 'total': Fraction(10102163, 893476584), 'excess': Fraction(3372361, 4467382920)}
RES (1, 9, 10, 11, 12, 14) (24, 9702, 16170, 17640) {'labels': (260, 88935, 492, 451), 'total': Fraction(3545939, 331816485), 'excess': Fraction(178853, 1327265940)}
RES (1, 9, 10, 11, 12, 14) (24, 9702, 17640, 21560) {'labels': (260, 88935, 451, 351), 'total': Fraction(32224454, 2986348365), 'excess': Fraction(2853689, 11945393460)}
RES (1, 9, 10, 11, 12, 14) (24, 9702, 17640, 194040) {'labels': (260, 88935, 451, 299), 'total': Fraction(247334068, 22895337465), 'excess': Fraction(4599593, 18316269972)}
RES (1, 9, 10, 11, 12, 14) (28, 8085, 9702, 17640) {'labels': (260, 34650, 312, 451), 'total': Fraction(14470151, 1206605400), 'excess': Fraction(1738421, 1206605400)}
RES (1, 9, 10, 11, 12, 14) (28, 8085, 9702, 21560) {'labels': (260, 34650, 312, 351), 'total': Fraction(2998409, 264864600), 'excess': Fraction(203639, 264864600)}
RES (1, 9, 10, 11, 12, 14) (28, 8085, 9702, 194040) {'labels': (260, 34650, 312, 299), 'total': Fraction(23012629, 2030628600), 'excess': Fraction(1586059, 2030628600)}
RES (1, 9, 10, 11, 12, 14) (28, 9702, 16170, 17640) {'labels': (260, 34650, 492, 451), 'total': Fraction(3231479, 301651350), 'excess': Fraction(97093, 603302700)}
RES (1, 9, 10, 11, 12, 14) (30, 3528, 9702, 21560) {'labels': (260, 71148, 275, 351), 'total': Fraction(2243723, 208107900), 'excess': Fraction(167413, 728377650)}
RES (1, 9, 10, 11, 12, 14) (30, 3528, 9702, 194040) {'labels': (260, 71148, 275, 299), 'total': Fraction(1913487, 177277100), 'excess': Fraction(150197, 620469850)}
RES (1, 9, 10, 11, 12, 14) (30, 5390, 9702, 21560) {'labels': (260, 71148, 324, 351), 'total': Fraction(151717, 13873860), 'excess': Fraction(3727, 9711702)}
RES (1, 9, 10, 11, 12, 14) (30, 6468, 9702, 17640) {'labels': (260, 71148, 390, 451), 'total': Fraction(425611, 37921884), 'excess': Fraction(445741, 663632970)}
RES (1, 9, 10, 11, 12, 14) (30, 6468, 9702, 194040) {'labels': (260, 71148, 390, 299), 'total': Fraction(842714, 79774695), 'excess': Fraction(5353, 446738292)}
RES (1, 9, 10, 11, 12, 14) (30, 9702, 17640, 19404) {'labels': (260, 71148, 451, 410), 'total': Fraction(6345247, 568828260), 'excess': Fraction(120101, 199089891)}
RES (1, 9, 10, 11, 12, 14) (30, 9702, 17640, 21560) {'labels': (260, 71148, 451, 351), 'total': Fraction(18414659, 1706484780), 'excess': Fraction(1429243, 5972696730)}
RES (1, 9, 10, 11, 12, 14) (30, 9702, 17640, 194040) {'labels': (260, 71148, 451, 299), 'total': Fraction(141339007, 13083049980), 'excess': Fraction(11517371, 45790674930)}
RES (1, 9, 10, 11, 12, 14) (35, 3528, 9702, 21560) {'labels': (260, 33264, 275, 351), 'total': Fraction(5720129, 529729200), 'excess': Fraction(130589, 529729200)}
RES (1, 9, 10, 11, 12, 14) (35, 3528, 9702, 194040) {'labels': (260, 33264, 275, 299), 'total': Fraction(131711927, 12183771600), 'excess': Fraction(3152507, 12183771600)}
RES (1, 9, 10, 11, 12, 14) (35, 6468, 9702, 17640) {'labels': (260, 33264, 390, 451), 'total': Fraction(9764849, 868755888), 'excess': Fraction(2990017, 4343779440)}
RES (1, 9, 10, 11, 12, 14) (35, 6468, 9702, 21560) {'labels': (260, 33264, 390, 351), 'total': Fraction(1119649, 105945840), 'excess': Fraction(1741, 105945840)}
RES (1, 9, 10, 11, 12, 14) (35, 6468, 9702, 194040) {'labels': (260, 33264, 390, 299), 'total': Fraction(25781719, 2436754320), 'excess': Fraction(13967, 487350864)}
RES (1, 9, 10, 11, 12, 14) (35, 9702, 17640, 19404) {'labels': (260, 33264, 451, 410), 'total': Fraction(48527053, 4343779440), 'excess': Fraction(538565, 868755888)}
RES (1, 9, 10, 11, 12, 14) (35, 9702, 17640, 21560) {'labels': (260, 33264, 451, 351), 'total': Fraction(46946117, 4343779440), 'excess': Fraction(1111889, 4343779440)}
RES (1, 9, 10, 11, 12, 14) (35, 9702, 17640, 194040) {'labels': (260, 33264, 451, 299), 'total': Fraction(1080982163, 99906927120), 'excess': Fraction(26794919, 99906927120)}
RES (1, 9, 10, 11, 12, 14) (36, 1960, 8085, 9702) {'labels': (260, 70070, 297, 312), 'total': Fraction(575899, 52972920), 'excess': Fraction(3389, 10594584)}
RES (1, 9, 10, 11, 12, 14) (36, 5390, 9702, 17640) {'labels': (260, 70070, 324, 451), 'total': Fraction(12609491, 1085944860), 'excess': Fraction(575467, 542972430)}
RES (1, 9, 10, 11, 12, 14) (36, 5390, 9702, 21560) {'labels': (260, 70070, 324, 351), 'total': Fraction(24146, 2207205), 'excess': Fraction(685, 1765764)}
RES (1, 9, 10, 11, 12, 14) (36, 5390, 9702, 194040) {'labels': (260, 70070, 324, 299), 'total': Fraction(1667936, 152297145), 'excess': Fraction(243773, 609188580)}
RES (1, 9, 10, 11, 12, 14) (36, 5880, 8085, 9702) {'labels': (260, 70070, 429, 312), 'total': Fraction(63197, 5885880), 'excess': Fraction(1091, 5885880)}
RES (1, 9, 10, 11, 12, 14) (36, 8085, 9702, 17640) {'labels': (260, 70070, 312, 451), 'total': Fraction(577763, 48264216), 'excess': Fraction(342469, 241321080)}
RES (1, 9, 10, 11, 12, 14) (36, 8085, 9702, 21560) {'labels': (260, 70070, 312, 351), 'total': Fraction(598537, 52972920), 'excess': Fraction(39583, 52972920)}
RES (1, 9, 10, 11, 12, 14) (36, 8085, 9702, 194040) {'labels': (260, 70070, 312, 299), 'total': Fraction(4593749, 406125720), 'excess': Fraction(61687, 81225144)}
RES (1, 9, 10, 11, 12, 14) (36, 9702, 16170, 17640) {'labels': (260, 70070, 492, 451), 'total': Fraction(322496, 30165135), 'excess': Fraction(16811, 120660540)}
RES (1, 9, 10, 11, 12, 14) (40, 1764, 5390, 9702) {'labels': (260, 63063, 550, 324), 'total': Fraction(1425353, 132432300), 'excess': Fraction(6992, 33108075)}
RES (1, 9, 10, 11, 12, 14) (40, 1764, 8085, 9702) {'labels': (260, 63063, 550, 312), 'total': Fraction(327319, 29429400), 'excess': Fraction(16789, 29429400)}
RES (1, 9, 10, 11, 12, 14) (40, 3528, 5390, 9702) {'labels': (260, 63063, 275, 324), 'total': Fraction(1536191, 132432300), 'excess': Fraction(69403, 66216150)}
RES (1, 9, 10, 11, 12, 14) (40, 3528, 8085, 9702) {'labels': (260, 63063, 275, 312), 'total': Fraction(1055849, 88288200), 'excess': Fraction(124259, 88288200)}
RES (1, 9, 10, 11, 12, 14) (40, 3528, 9702, 16170) {'labels': (260, 63063, 275, 492), 'total': Fraction(4832138, 452477025), 'excess': Fraction(230957, 1809908100)}
RES (1, 9, 10, 11, 12, 14) (40, 3528, 9702, 21560) {'labels': (260, 63063, 275, 351), 'total': Fraction(27463, 2546775), 'excess': Fraction(30691, 132432300)}
RES (1, 9, 10, 11, 12, 14) (40, 3528, 9702, 194040) {'labels': (260, 63063, 275, 299), 'total': Fraction(2740249, 253828575), 'excess': Fraction(247711, 1015314300)}
RES (1, 9, 10, 11, 12, 14) (40, 5390, 6468, 9702) {'labels': (260, 63063, 324, 390), 'total': Fraction(75286, 6621615), 'excess': Fraction(21667, 26486460)}
RES (1, 9, 10, 11, 12, 14) (40, 5390, 8820, 9702) {'labels': (260, 63063, 324, 286), 'total': Fraction(22039, 2037420), 'excess': Fraction(703, 2648646)}
RES (1, 9, 10, 11, 12, 14) (40, 5390, 9702, 16170) {'labels': (260, 63063, 324, 492), 'total': Fraction(53474, 4936113), 'excess': Fraction(27793, 98722260)}
RES (1, 9, 10, 11, 12, 14) (40, 5390, 9702, 17640) {'labels': (260, 63063, 324, 451), 'total': Fraction(12607031, 1085944860), 'excess': Fraction(574237, 542972430)}
RES (1, 9, 10, 11, 12, 14) (40, 5390, 9702, 19404) {'labels': (260, 63063, 324, 410), 'total': Fraction(6136303, 542972430), 'excess': Fraction(814049, 1085944860)}
RES (1, 9, 10, 11, 12, 14) (40, 5390, 9702, 48510) {'labels': (260, 63063, 324, 268), 'total': Fraction(942737, 88729641), 'excess': Fraction(129781, 1774592820)}
RES (1, 9, 10, 11, 12, 14) (40, 5390, 9702, 194040) {'labels': (260, 63063, 324, 299), 'total': Fraction(1667591, 152297145), 'excess': Fraction(242393, 609188580)}
RES (1, 9, 10, 11, 12, 14) (40, 6468, 8085, 9702) {'labels': (260, 63063, 390, 312), 'total': Fraction(207107, 17657640), 'excess': Fraction(20789, 17657640)}
RES (1, 9, 10, 11, 12, 14) (40, 8085, 8820, 9702) {'labels': (260, 63063, 312, 286), 'total': Fraction(65783, 5885880), 'excess': Fraction(3677, 5885880)}
RES (1, 9, 10, 11, 12, 14) (40, 8085, 9702, 17640) {'labels': (260, 63063, 312, 451), 'total': Fraction(1732961, 144792648), 'excess': Fraction(1025767, 723963240)}
RES (1, 9, 10, 11, 12, 14) (40, 8085, 9702, 19404) {'labels': (260, 63063, 312, 410), 'total': Fraction(1688371, 144792648), 'excess': Fraction(802817, 723963240)}
RES (1, 9, 10, 11, 12, 14) (40, 8085, 9702, 21560) {'labels': (260, 63063, 312, 351), 'total': Fraction(598417, 52972920), 'excess': Fraction(39463, 52972920)}
RES (1, 9, 10, 11, 12, 14) (40, 8085, 9702, 32340) {'labels': (260, 63063, 312, 402), 'total': Fraction(12741917, 1183061880), 'excess': Fraction(258611, 1183061880)}
RES (1, 9, 10, 11, 12, 14) (40, 8085, 9702, 48510) {'labels': (260, 63063, 312, 268), 'total': Fraction(12994897, 1183061880), 'excess': Fraction(511591, 1183061880)}
RES (1, 9, 10, 11, 12, 14) (40, 8085, 9702, 194040) {'labels': (260, 63063, 312, 299), 'total': Fraction(1530943, 135375240), 'excess': Fraction(1577, 2082696)}
RES (1, 9, 10, 11, 12, 14) (40, 9702, 16170, 17640) {'labels': (260, 63063, 492, 451), 'total': Fraction(967283, 90495405), 'excess': Fraction(49613, 361981620)}
RES (1, 9, 10, 11, 12, 14) (40, 9702, 17640, 21560) {'labels': (260, 63063, 451, 351), 'total': Fraction(225394, 20883555), 'excess': Fraction(261931, 1085944860)}
RES (1, 9, 10, 11, 12, 14) (40, 9702, 17640, 194040) {'labels': (260, 63063, 451, 299), 'total': Fraction(7496572, 693798105), 'excess': Fraction(703309, 2775192420)}
RES (1, 9, 10, 11, 12, 14) (44, 1960, 8085, 9702) {'labels': (260, 22050, 297, 312), 'total': Fraction(2880539, 264864600), 'excess': Fraction(85769, 264864600)}
RES (1, 9, 10, 11, 12, 14) (44, 5880, 8085, 9702) {'labels': (260, 22050, 429, 312), 'total': Fraction(105367, 9809800), 'excess': Fraction(1857, 9809800)}
RES (1, 9, 10, 11, 12, 14) (44, 8085, 9702, 17640) {'labels': (260, 22050, 312, 451), 'total': Fraction(4816277, 402201800), 'excess': Fraction(572367, 402201800)}
RES (1, 9, 10, 11, 12, 14) (44, 8085, 9702, 21560) {'labels': (260, 22050, 312, 351), 'total': Fraction(2993729, 264864600), 'excess': Fraction(198959, 264864600)}
RES (1, 9, 10, 11, 12, 14) (44, 8085, 9702, 194040) {'labels': (260, 22050, 312, 299), 'total': Fraction(22976749, 2030628600), 'excess': Fraction(1550179, 2030628600)}
RES (1, 9, 10, 11, 12, 14) (44, 8820, 9702, 17640) {'labels': (260, 22050, 286, 451), 'total': Fraction(19327739, 1809908100), 'excess': Fraction(57536, 452477025)}
RES (1, 9, 10, 11, 12, 14) (44, 9702, 16170, 17640) {'labels': (260, 22050, 492, 451), 'total': Fraction(1075383, 100550450), 'excess': Fraction(28811, 201100900)}
RES (1, 9, 10, 11, 12, 14) (45, 1960, 8085, 9702) {'labels': (260, 60368, 297, 312), 'total': Fraction(4031023, 370810440), 'excess': Fraction(23669, 74162088)}
RES (1, 9, 10, 11, 12, 14) (45, 3528, 5390, 9702) {'labels': (260, 60368, 275, 324), 'total': Fraction(5377381, 463513050), 'excess': Fraction(973067, 927026100)}
RES (1, 9, 10, 11, 12, 14) (45, 3528, 8085, 9702) {'labels': (260, 60368, 275, 312), 'total': Fraction(7391893, 618017400), 'excess': Fraction(870763, 618017400)}
RES (1, 9, 10, 11, 12, 14) (45, 3528, 9702, 16170) {'labels': (260, 60368, 275, 492), 'total': Fraction(135319339, 12669356700), 'excess': Fraction(818087, 6334678350)}
RES (1, 9, 10, 11, 12, 14) (45, 3528, 9702, 21560) {'labels': (260, 60368, 275, 351), 'total': Fraction(9997957, 927026100), 'excess': Fraction(108131, 463513050)}
RES (1, 9, 10, 11, 12, 14) (45, 3528, 9702, 194040) {'labels': (260, 60368, 275, 299), 'total': Fraction(8526433, 789688900), 'excess': Fraction(96939, 394844450)}
RES (1, 9, 10, 11, 12, 14) (45, 5390, 9702, 17640) {'labels': (260, 60368, 324, 451), 'total': Fraction(44130451, 3800807010), 'excess': Fraction(8051003, 7601614020)}
RES (1, 9, 10, 11, 12, 14) (45, 5390, 9702, 21560) {'labels': (260, 60368, 324, 351), 'total': Fraction(676043, 61801740), 'excess': Fraction(2393, 6180174)}
RES (1, 9, 10, 11, 12, 14) (45, 5390, 9702, 194040) {'labels': (260, 60368, 324, 299), 'total': Fraction(4245373, 387665460), 'excess': Fraction(77423, 193832730)}
RES (1, 9, 10, 11, 12, 14) (45, 5880, 8085, 9702) {'labels': (260, 60368, 429, 312), 'total': Fraction(442349, 41201160), 'excess': Fraction(7607, 41201160)}
RES (1, 9, 10, 11, 12, 14) (45, 6468, 9702, 17640) {'labels': (260, 60368, 390, 451), 'total': Fraction(1896485, 168924756), 'excess': Fraction(285107, 422311890)}
RES (1, 9, 10, 11, 12, 14) (45, 6468, 9702, 21560) {'labels': (260, 60368, 390, 351), 'total': Fraction(489233, 46351305), 'excess': Fraction(593, 185405220)}
RES (1, 9, 10, 11, 12, 14) (45, 6468, 9702, 194040) {'labels': (260, 60368, 390, 299), 'total': Fraction(3755131, 355360005), 'excess': Fraction(4385, 284288004)}
RES (1, 9, 10, 11, 12, 14) (45, 8085, 9702, 17640) {'labels': (260, 60368, 312, 451), 'total': Fraction(367645, 30713592), 'excess': Fraction(217823, 153567960)}
RES (1, 9, 10, 11, 12, 14) (45, 8085, 9702, 21560) {'labels': (260, 60368, 312, 351), 'total': Fraction(4189489, 370810440), 'excess': Fraction(276811, 370810440)}
RES (1, 9, 10, 11, 12, 14) (45, 8085, 9702, 194040) {'labels': (260, 60368, 312, 299), 'total': Fraction(32154173, 2842880040), 'excess': Fraction(431395, 568576008)}
RES (1, 9, 10, 11, 12, 14) (45, 9702, 16170, 17640) {'labels': (260, 60368, 492, 451), 'total': Fraction(820843, 76783980), 'excess': Fraction(5321, 38391990)}
RES (1, 9, 10, 11, 12, 14) (45, 9702, 17640, 19404) {'labels': (260, 60368, 451, 410), 'total': Fraction(28273913, 2533871340), 'excess': Fraction(76864, 126693567)}
RES (1, 9, 10, 11, 12, 14) (45, 9702, 17640, 21560) {'labels': (260, 60368, 451, 351), 'total': Fraction(82055101, 7601614020), 'excess': Fraction(922601, 3800807010)}
RES (1, 9, 10, 11, 12, 14) (45, 9702, 17640, 194040) {'labels': (260, 60368, 451, 299), 'total': Fraction(629801633, 58279040820), 'excess': Fraction(7429537, 29139520410)}
RES (1, 9, 10, 11, 12, 14) (55, 1764, 9702, 17640) {'labels': (260, 28224, 550, 451), 'total': Fraction(224303, 21106800), 'excess': Fraction(545549, 7239632400)}
RES (1, 9, 10, 11, 12, 14) (55, 3528, 8820, 9702) {'labels': (260, 28224, 275, 286), 'total': Fraction(4273, 400400), 'excess': Fraction(2357, 19619600)}
RES (1, 9, 10, 11, 12, 14) (55, 3528, 9702, 17640) {'labels': (260, 28224, 275, 451), 'total': Fraction(1693777, 147747600), 'excess': Fraction(6604693, 7239632400)}
RES (1, 9, 10, 11, 12, 14) (55, 3528, 9702, 21560) {'labels': (260, 28224, 275, 351), 'total': Fraction(116671, 10810800), 'excess': Fraction(127339, 529729200)}
RES (1, 9, 10, 11, 12, 14) (55, 3528, 9702, 194040) {'labels': (260, 28224, 275, 299), 'total': Fraction(99499, 9209200), 'excess': Fraction(113991, 451250800)}
RES (1, 9, 10, 11, 12, 14) (55, 6468, 9702, 17640) {'labels': (260, 28224, 390, 451), 'total': Fraction(14083, 1253616), 'excess': Fraction(29933, 43876560)}
RES (1, 9, 10, 11, 12, 14) (55, 6468, 9702, 21560) {'labels': (260, 28224, 390, 351), 'total': Fraction(159857, 15135120), 'excess': Fraction(1091, 105945840)}
RES (1, 9, 10, 11, 12, 14) (55, 6468, 9702, 194040) {'labels': (260, 28224, 390, 299), 'total': Fraction(1226989, 116035920), 'excess': Fraction(3659, 162450288)}
RES (1, 9, 10, 11, 12, 14) (55, 8820, 9702, 17640) {'labels': (260, 28224, 286, 451), 'total': Fraction(2209387, 206846640), 'excess': Fraction(187633, 1447926480)}
RES (1, 9, 10, 11, 12, 14) (55, 9702, 17640, 19404) {'labels': (260, 28224, 451, 410), 'total': Fraction(2309543, 206846640), 'excess': Fraction(177745, 289585296)}
RES (1, 9, 10, 11, 12, 14) (55, 9702, 17640, 21560) {'labels': (260, 28224, 451, 351), 'total': Fraction(6702781, 620539920), 'excess': Fraction(1085239, 4343779440)}
RES (1, 9, 10, 11, 12, 14) (55, 9702, 17640, 194040) {'labels': (260, 28224, 451, 299), 'total': Fraction(4676923, 432497520), 'excess': Fraction(793393, 3027482640)}
RES (1, 9, 10, 11, 12, 14) (56, 5390, 8820, 9702) {'labels': (260, 45045, 324, 286), 'total': Fraction(57359, 5297292), 'excess': Fraction(3659, 13243230)}
RES (1, 9, 10, 11, 12, 14) (56, 5390, 9702, 16170) {'labels': (260, 45045, 324, 492), 'total': Fraction(2944022, 271486215), 'excess': Fraction(317531, 1085944860)}
RES (1, 9, 10, 11, 12, 14) (56, 5390, 9702, 17640) {'labels': (260, 45045, 324, 451), 'total': Fraction(12618839, 1085944860), 'excess': Fraction(580141, 542972430)}
RES (1, 9, 10, 11, 12, 14) (56, 5390, 9702, 48510) {'labels': (260, 45045, 324, 268), 'total': Fraction(4718509, 443648205), 'excess': Fraction(149077, 1774592820)}
RES (1, 9, 10, 11, 12, 14) (56, 5390, 9702, 194040) {'labels': (260, 45045, 324, 299), 'total': Fraction(1669247, 152297145), 'excess': Fraction(249017, 609188580)}
RES (1, 9, 10, 11, 12, 14) (56, 8085, 8820, 9702) {'labels': (260, 45045, 312, 286), 'total': Fraction(21949, 1961960), 'excess': Fraction(1247, 1961960)}
RES (1, 9, 10, 11, 12, 14) (56, 8085, 9702, 17640) {'labels': (260, 45045, 312, 451), 'total': Fraction(667129, 55689480), 'excess': Fraction(1033639, 723963240)}
RES (1, 9, 10, 11, 12, 14) (56, 8085, 9702, 21560) {'labels': (260, 45045, 312, 351), 'total': Fraction(598993, 52972920), 'excess': Fraction(40039, 52972920)}
RES (1, 9, 10, 11, 12, 14) (56, 8085, 9702, 32340) {'labels': (260, 45045, 312, 402), 'total': Fraction(981137, 91004760), 'excess': Fraction(54295, 236612376)}
RES (1, 9, 10, 11, 12, 14) (56, 8085, 9702, 48510) {'labels': (260, 45045, 312, 268), 'total': Fraction(1000597, 91004760), 'excess': Fraction(104891, 236612376)}
RES (1, 9, 10, 11, 12, 14) (56, 8085, 9702, 194040) {'labels': (260, 45045, 312, 299), 'total': Fraction(102161, 9025016), 'excess': Fraction(34659, 45125080)}
RES (1, 9, 10, 11, 12, 14) (56, 9702, 16170, 17640) {'labels': (260, 45045, 492, 451), 'total': Fraction(968267, 90495405), 'excess': Fraction(53549, 361981620)}
RES (1, 9, 10, 11, 12, 14) (56, 9702, 17640, 21560) {'labels': (260, 45045, 451, 351), 'total': Fraction(2933074, 271486215), 'excess': Fraction(273739, 1085944860)}
RES (1, 9, 10, 11, 12, 14) (56, 9702, 17640, 194040) {'labels': (260, 45045, 451, 299), 'total': Fraction(2501372, 231266035), 'excess': Fraction(48899, 185012828)}
RES (1, 9, 10, 11, 12, 14) (60, 3528, 5390, 9702) {'labels': (260, 42042, 275, 324), 'total': Fraction(219563, 18918900), 'excess': Fraction(34889, 33108075)}
RES (1, 9, 10, 11, 12, 14) (60, 3528, 8085, 9702) {'labels': (260, 42042, 275, 312), 'total': Fraction(150907, 12612600), 'excess': Fraction(124759, 88288200)}
RES (1, 9, 10, 11, 12, 14) (60, 3528, 9702, 16170) {'labels': (260, 42042, 275, 492), 'total': Fraction(1381343, 129279150), 'excess': Fraction(241207, 1809908100)}
RES (1, 9, 10, 11, 12, 14) (60, 3528, 9702, 21560) {'labels': (260, 42042, 275, 351), 'total': Fraction(102059, 9459450), 'excess': Fraction(31441, 132432300)}
RES (1, 9, 10, 11, 12, 14) (60, 3528, 9702, 194040) {'labels': (260, 42042, 275, 299), 'total': Fraction(261113, 24174150), 'excess': Fraction(6499, 26033700)}
RES (1, 9, 10, 11, 12, 14) (60, 5390, 9702, 17640) {'labels': (260, 42042, 324, 451), 'total': Fraction(1801883, 155134980), 'excess': Fraction(288656, 271486215)}
RES (1, 9, 10, 11, 12, 14) (60, 5390, 9702, 21560) {'labels': (260, 42042, 324, 351), 'total': Fraction(6901, 630630), 'excess': Fraction(691, 1765764)}
RES (1, 9, 10, 11, 12, 14) (60, 5390, 9702, 194040) {'labels': (260, 42042, 324, 299), 'total': Fraction(476701, 43513470), 'excess': Fraction(18911, 46860660)}
RES (1, 9, 10, 11, 12, 14) (60, 6468, 9702, 17640) {'labels': (260, 42042, 390, 451), 'total': Fraction(6453, 574574), 'excess': Fraction(27319, 40220180)}
RES (1, 9, 10, 11, 12, 14) (60, 6468, 9702, 21560) {'labels': (260, 42042, 390, 351), 'total': Fraction(39953, 3783780), 'excess': Fraction(97, 13243230)}
RES (1, 9, 10, 11, 12, 14) (60, 6468, 9702, 194040) {'labels': (260, 42042, 390, 299), 'total': Fraction(306661, 29008980), 'excess': Fraction(397, 20306286)}
RES (1, 9, 10, 11, 12, 14) (60, 8085, 9702, 17640) {'labels': (260, 42042, 312, 451), 'total': Fraction(82561, 6894888), 'excess': Fraction(343289, 241321080)}
RES (1, 9, 10, 11, 12, 14) (60, 8085, 9702, 21560) {'labels': (260, 42042, 312, 351), 'total': Fraction(85531, 7567560), 'excess': Fraction(39763, 52972920)}
RES (1, 9, 10, 11, 12, 14) (60, 8085, 9702, 194040) {'labels': (260, 42042, 312, 299), 'total': Fraction(59677, 5274360), 'excess': Fraction(5633, 7384104)}
RES (1, 9, 10, 11, 12, 14) (60, 9702, 16170, 17640) {'labels': (260, 42042, 492, 451), 'total': Fraction(92171, 8618610), 'excess': Fraction(17221, 120660540)}
RES (1, 9, 10, 11, 12, 14) (60, 9702, 17640, 19404) {'labels': (260, 42042, 451, 410), 'total': Fraction(144308, 12927915), 'excess': Fraction(44221, 72396324)}
RES (1, 9, 10, 11, 12, 14) (60, 9702, 17640, 21560) {'labels': (260, 42042, 451, 351), 'total': Fraction(76147, 7051590), 'excess': Fraction(24371, 98722260)}
RES (1, 9, 10, 11, 12, 14) (60, 9702, 17640, 194040) {'labels': (260, 42042, 451, 299), 'total': Fraction(6429001, 594684090), 'excess': Fraction(165929, 640429020)}
RES (1, 9, 10, 11, 12, 14) (70, 3528, 9702, 21560) {'labels': (260, 36036, 275, 351), 'total': Fraction(357694, 33108075), 'excess': Fraction(33391, 132432300)}
RES (1, 9, 10, 11, 12, 14) (70, 3528, 9702, 194040) {'labels': (260, 36036, 275, 299), 'total': Fraction(249584, 23075325), 'excess': Fraction(1877, 7100100)}
RES (1, 9, 10, 11, 12, 14) (70, 6468, 9702, 17640) {'labels': (260, 36036, 390, 451), 'total': Fraction(203536, 18099081), 'excess': Fraction(251201, 361981620)}
RES (1, 9, 10, 11, 12, 14) (70, 6468, 9702, 21560) {'labels': (260, 36036, 390, 351), 'total': Fraction(280061, 26486460), 'excess': Fraction(146, 6621615)}
RES (1, 9, 10, 11, 12, 14) (70, 6468, 9702, 194040) {'labels': (260, 36036, 390, 299), 'total': Fraction(716539, 67687620), 'excess': Fraction(116, 3384381)}
RES (1, 9, 10, 11, 12, 14) (70, 9702, 17640, 19404) {'labels': (260, 36036, 451, 410), 'total': Fraction(183907, 16453710), 'excess': Fraction(4117, 6581484)}
RES (1, 9, 10, 11, 12, 14) (70, 9702, 17640, 21560) {'labels': (260, 36036, 451, 351), 'total': Fraction(2935657, 271486215), 'excess': Fraction(284071, 1085944860)}
RES (1, 9, 10, 11, 12, 14) (70, 9702, 17640, 194040) {'labels': (260, 36036, 451, 299), 'total': Fraction(7510717, 693798105), 'excess': Fraction(58453, 213476340)}
RES (1, 9, 10, 11, 12, 14) (72, 1960, 8085, 9702) {'labels': (260, 35035, 297, 312), 'total': Fraction(576409, 52972920), 'excess': Fraction(3491, 10594584)}
RES (1, 9, 10, 11, 12, 14) (72, 5390, 8820, 9702) {'labels': (260, 35035, 324, 286), 'total': Fraction(143411, 13243230), 'excess': Fraction(113, 407484)}
RES (1, 9, 10, 11, 12, 14) (72, 5390, 9702, 17640) {'labels': (260, 35035, 324, 451), 'total': Fraction(6309973, 542972430), 'excess': Fraction(1161389, 1085944860)}
RES (1, 9, 10, 11, 12, 14) (72, 5390, 9702, 21560) {'labels': (260, 35035, 324, 351), 'total': Fraction(10741, 980980), 'excess': Fraction(3, 7546)}
RES (1, 9, 10, 11, 12, 14) (72, 5390, 9702, 48510) {'labels': (260, 35035, 324, 268), 'total': Fraction(3775169, 354918564), 'excess': Fraction(75443, 887296410)}
RES (1, 9, 10, 11, 12, 14) (72, 5390, 9702, 194040) {'labels': (260, 35035, 324, 299), 'total': Fraction(6677609, 609188580), 'excess': Fraction(124819, 304594290)}
RES (1, 9, 10, 11, 12, 14) (72, 5880, 8085, 9702) {'labels': (260, 35035, 429, 312), 'total': Fraction(1327, 123480), 'excess': Fraction(313, 1605240)}
RES (1, 9, 10, 11, 12, 14) (72, 8085, 8820, 9702) {'labels': (260, 35035, 312, 286), 'total': Fraction(21951, 1961960), 'excess': Fraction(1249, 1961960)}
RES (1, 9, 10, 11, 12, 14) (72, 8085, 9702, 17640) {'labels': (260, 35035, 312, 451), 'total': Fraction(1734683, 144792648), 'excess': Fraction(1034377, 723963240)}
RES (1, 9, 10, 11, 12, 14) (72, 8085, 9702, 21560) {'labels': (260, 35035, 312, 351), 'total': Fraction(599047, 52972920), 'excess': Fraction(40093, 52972920)}
RES (1, 9, 10, 11, 12, 14) (72, 8085, 9702, 32340) {'labels': (260, 35035, 312, 402), 'total': Fraction(12755987, 1183061880), 'excess': Fraction(272681, 1183061880)}
RES (1, 9, 10, 11, 12, 14) (72, 8085, 9702, 48510) {'labels': (260, 35035, 312, 268), 'total': Fraction(13008967, 1183061880), 'excess': Fraction(525661, 1183061880)}
RES (1, 9, 10, 11, 12, 14) (72, 8085, 9702, 194040) {'labels': (260, 35035, 312, 299), 'total': Fraction(46441, 4102280), 'excess': Fraction(631, 820456)}
RES (1, 9, 10, 11, 12, 14) (72, 9702, 16170, 17640) {'labels': (260, 35035, 492, 451), 'total': Fraction(3873437, 361981620), 'excess': Fraction(26959, 180990810)}
RES (1, 9, 10, 11, 12, 14) (72, 9702, 17640, 21560) {'labels': (260, 35035, 451, 351), 'total': Fraction(1066673, 98722260), 'excess': Fraction(961, 3797010)}
RES (1, 9, 10, 11, 12, 14) (72, 9702, 17640, 194040) {'labels': (260, 35035, 451, 299), 'total': Fraction(10006431, 925064140), 'excess': Fraction(122719, 462532070)}
RES (1, 9, 10, 11, 12, 14) (84, 5390, 9702, 17640) {'labels': (260, 43890, 324, 451), 'total': Fraction(48015991, 4126590468), 'excess': Fraction(5591843, 5158238085)}
RES (1, 9, 10, 11, 12, 14) (84, 5390, 9702, 21560) {'labels': (260, 43890, 324, 351), 'total': Fraction(919579, 83873790), 'excess': Fraction(69137, 167747580)}
RES (1, 9, 10, 11, 12, 14) (84, 5390, 9702, 194040) {'labels': (260, 43890, 324, 299), 'total': Fraction(63521707, 5787291510), 'excess': Fraction(982393, 2314916604)}
RES (1, 9, 10, 11, 12, 14) (84, 8085, 9702, 17640) {'labels': (260, 43890, 312, 451), 'total': Fraction(54998513, 4585100520), 'excess': Fraction(6617939, 4585100520)}
RES (1, 9, 10, 11, 12, 14) (84, 8085, 9702, 21560) {'labels': (260, 43890, 312, 351), 'total': Fraction(2279315, 201297096), 'excess': Fraction(776449, 1006485480)}
RES (1, 9, 10, 11, 12, 14) (84, 8085, 9702, 194040) {'labels': (260, 43890, 312, 299), 'total': Fraction(87468083, 7716388680), 'excess': Fraction(6047117, 7716388680)}
RES (1, 9, 10, 11, 12, 14) (84, 9702, 16170, 17640) {'labels': (260, 43890, 492, 451), 'total': Fraction(2456521, 229255026), 'excess': Fraction(374923, 2292550260)}
RES (1, 9, 10, 11, 12, 14) (88, 1960, 8085, 9702) {'labels': (260, 28665, 297, 312), 'total': Fraction(82261, 7567560), 'excess': Fraction(16873, 52972920)}
RES (1, 9, 10, 11, 12, 14) (88, 5390, 8820, 9702) {'labels': (260, 28665, 324, 286), 'total': Fraction(40933, 3783780), 'excess': Fraction(3527, 13243230)}
RES (1, 9, 10, 11, 12, 14) (88, 5390, 9702, 16170) {'labels': (260, 28665, 324, 492), 'total': Fraction(420188, 38783745), 'excess': Fraction(306707, 1085944860)}
RES (1, 9, 10, 11, 12, 14) (88, 5390, 9702, 17640) {'labels': (260, 28665, 324, 451), 'total': Fraction(360229, 31026996), 'excess': Fraction(574729, 542972430)}
RES (1, 9, 10, 11, 12, 14) (88, 5390, 9702, 48510) {'labels': (260, 28665, 324, 268), 'total': Fraction(673441, 63378315), 'excess': Fraction(131389, 1774592820)}
RES (1, 9, 10, 11, 12, 14) (88, 5390, 9702, 194040) {'labels': (260, 28665, 324, 299), 'total': Fraction(238247, 21756735), 'excess': Fraction(48589, 121837716)}
RES (1, 9, 10, 11, 12, 14) (88, 5880, 8085, 9702) {'labels': (260, 28665, 429, 312), 'total': Fraction(3009, 280280), 'excess': Fraction(361, 1961960)}
RES (1, 9, 10, 11, 12, 14) (88, 8085, 8820, 9702) {'labels': (260, 28665, 312, 286), 'total': Fraction(5639, 504504), 'excess': Fraction(11047, 17657640)}
RES (1, 9, 10, 11, 12, 14) (88, 8085, 9702, 17640) {'labels': (260, 28665, 312, 451), 'total': Fraction(137547, 11491480), 'excess': Fraction(114047, 80440360)}
RES (1, 9, 10, 11, 12, 14) (88, 8085, 9702, 21560) {'labels': (260, 28665, 312, 351), 'total': Fraction(17099, 1513512), 'excess': Fraction(39511, 52972920)}
RES (1, 9, 10, 11, 12, 14) (88, 8085, 9702, 32340) {'labels': (260, 28665, 312, 402), 'total': Fraction(86687, 8048040), 'excess': Fraction(86561, 394353960)}
RES (1, 9, 10, 11, 12, 14) (88, 8085, 9702, 48510) {'labels': (260, 28665, 312, 268), 'total': Fraction(1856567, 169008840), 'excess': Fraction(512663, 1183061880)}
RES (1, 9, 10, 11, 12, 14) (88, 8085, 9702, 194040) {'labels': (260, 28665, 312, 299), 'total': Fraction(656171, 58017960), 'excess': Fraction(307883, 406125720)}
RES (1, 9, 10, 11, 12, 14) (88, 8820, 9702, 17640) {'labels': (260, 28665, 286, 451), 'total': Fraction(50177, 4701060), 'excess': Fraction(401, 3290742)}
RES (1, 9, 10, 11, 12, 14) (88, 9702, 16170, 17640) {'labels': (260, 28665, 492, 451), 'total': Fraction(3071, 287287), 'excess': Fraction(5549, 40220180)}
RES (1, 9, 10, 11, 12, 14) (88, 9702, 17640, 21560) {'labels': (260, 28665, 451, 351), 'total': Fraction(418624, 38783745), 'excess': Fraction(52583, 217188972)}
RES (1, 9, 10, 11, 12, 14) (88, 9702, 17640, 194040) {'labels': (260, 28665, 451, 299), 'total': Fraction(3213086, 297342045), 'excess': Fraction(2117471, 8325577260)}
RES (1, 9, 10, 11, 12, 14) (90, 1960, 8085, 9702) {'labels': (260, 23716, 297, 312), 'total': Fraction(6335969, 582702120), 'excess': Fraction(37495, 116540424)}
RES (1, 9, 10, 11, 12, 14) (90, 3528, 5390, 9702) {'labels': (260, 23716, 275, 324), 'total': Fraction(16904101, 1456755300), 'excess': Fraction(766433, 728377650)}
RES (1, 9, 10, 11, 12, 14) (90, 3528, 8085, 9702) {'labels': (260, 23716, 275, 312), 'total': Fraction(11618339, 971170200), 'excess': Fraction(1370849, 971170200)}
RES (1, 9, 10, 11, 12, 14) (90, 3528, 9702, 16170) {'labels': (260, 23716, 275, 492), 'total': Fraction(53174018, 4977247275), 'excess': Fraction(2622527, 19908989100)}
RES (1, 9, 10, 11, 12, 14) (90, 3528, 9702, 21560) {'labels': (260, 23716, 275, 351), 'total': Fraction(3928709, 364188825), 'excess': Fraction(343601, 1456755300)}
RES (1, 9, 10, 11, 12, 14) (90, 3528, 9702, 194040) {'labels': (260, 23716, 275, 299), 'total': Fraction(3350471, 310234925), 'excess': Fraction(307869, 1240939700)}
RES (1, 9, 10, 11, 12, 14) (90, 5390, 9702, 17640) {'labels': (260, 23716, 324, 451), 'total': Fraction(138726541, 11945393460), 'excess': Fraction(6341207, 5972696730)}
RES (1, 9, 10, 11, 12, 14) (90, 5390, 9702, 21560) {'labels': (260, 23716, 324, 351), 'total': Fraction(265651, 24279255), 'excess': Fraction(7571, 19423404)}
RES (1, 9, 10, 11, 12, 14) (90, 5390, 9702, 194040) {'labels': (260, 23716, 324, 299), 'total': Fraction(18350401, 1675268595), 'excess': Fraction(2693923, 6701074380)}
RES (1, 9, 10, 11, 12, 14) (90, 5880, 8085, 9702) {'labels': (260, 23716, 429, 312), 'total': Fraction(695287, 64744680), 'excess': Fraction(12121, 64744680)}
RES (1, 9, 10, 11, 12, 14) (90, 6468, 9702, 17640) {'labels': (260, 23716, 390, 451), 'total': Fraction(745219, 66363297), 'excess': Fraction(899477, 1327265940)}
RES (1, 9, 10, 11, 12, 14) (90, 6468, 9702, 21560) {'labels': (260, 23716, 390, 351), 'total': Fraction(3075931, 291351060), 'excess': Fraction(421, 72837765)}
RES (1, 9, 10, 11, 12, 14) (90, 6468, 9702, 194040) {'labels': (260, 23716, 390, 299), 'total': Fraction(23609447, 2233691460), 'excess': Fraction(2011, 111684573)}
RES (1, 9, 10, 11, 12, 14) (90, 8085, 9702, 17640) {'labels': (260, 23716, 312, 451), 'total': Fraction(6356377, 530906376), 'excess': Fraction(3772079, 2654531880)}
RES (1, 9, 10, 11, 12, 14) (90, 8085, 9702, 21560) {'labels': (260, 23716, 312, 351), 'total': Fraction(6584987, 582702120), 'excess': Fraction(436493, 582702120)}
RES (1, 9, 10, 11, 12, 14) (90, 8085, 9702, 194040) {'labels': (260, 23716, 312, 299), 'total': Fraction(50539519, 4467382920), 'excess': Fraction(680213, 893476584)}
RES (1, 9, 10, 11, 12, 14) (90, 9702, 16170, 17640) {'labels': (260, 23716, 492, 451), 'total': Fraction(3548071, 331816485), 'excess': Fraction(187381, 1327265940)}
RES (1, 9, 10, 11, 12, 14) (90, 9702, 17640, 19404) {'labels': (260, 23716, 451, 410), 'total': Fraction(22220357, 1990898910), 'excess': Fraction(485201, 796359564)}
RES (1, 9, 10, 11, 12, 14) (90, 9702, 17640, 21560) {'labels': (260, 23716, 451, 351), 'total': Fraction(32243642, 2986348365), 'excess': Fraction(2930441, 11945393460)}
RES (1, 9, 10, 11, 12, 14) (90, 9702, 17640, 194040) {'labels': (260, 23716, 451, 299), 'total': Fraction(247481176, 22895337465), 'excess': Fraction(23586397, 91581349860)}
RES (1, 9, 10, 11, 12, 14) (105, 3528, 9702, 21560) {'labels': (260, 29568, 275, 351), 'total': Fraction(45831557, 4237833600), 'excess': Fraction(1115237, 4237833600)}
RES (1, 9, 10, 11, 12, 14) (105, 3528, 9702, 194040) {'labels': (260, 29568, 275, 299), 'total': Fraction(39085833, 3610006400), 'excess': Fraction(994153, 3610006400)}
RES (1, 9, 10, 11, 12, 14) (105, 6468, 9702, 17640) {'labels': (260, 29568, 390, 451), 'total': Fraction(790247, 70202496), 'excess': Fraction(247459, 351012480)}
RES (1, 9, 10, 11, 12, 14) (105, 6468, 9702, 21560) {'labels': (260, 29568, 390, 351), 'total': Fraction(8971297, 847566720), 'excess': Fraction(28033, 847566720)}
RES (1, 9, 10, 11, 12, 14) (105, 6468, 9702, 194040) {'labels': (260, 29568, 390, 299), 'total': Fraction(68859389, 6498011520), 'excess': Fraction(58873, 1299602304)}
RES (1, 9, 10, 11, 12, 14) (105, 9702, 17640, 19404) {'labels': (260, 29568, 451, 410), 'total': Fraction(129598243, 11583411840), 'excess': Fraction(1474727, 2316682368)}
RES (1, 9, 10, 11, 12, 14) (105, 9702, 17640, 21560) {'labels': (260, 29568, 451, 351), 'total': Fraction(376147241, 34750235520), 'excess': Fraction(9473417, 34750235520)}
RES (1, 9, 10, 11, 12, 14) (105, 9702, 17640, 194040) {'labels': (260, 29568, 451, 299), 'total': Fraction(262459343, 24219861120), 'excess': Fraction(6898799, 24219861120)}
RES (1, 9, 10, 11, 12, 14) (110, 1764, 9702, 17640) {'labels': (260, 47628, 550, 451), 'total': Fraction(259567151, 24433759350), 'excess': Fraction(71413, 997296300)}
RES (1, 9, 10, 11, 12, 14) (110, 3528, 8820, 9702) {'labels': (260, 47628, 275, 286), 'total': Fraction(3178796, 297972675), 'excess': Fraction(2831, 24324300)}
RES (1, 9, 10, 11, 12, 14) (110, 3528, 9702, 17640) {'labels': (260, 47628, 275, 451), 'total': Fraction(140008381, 12216879675), 'excess': Fraction(906091, 997296300)}
RES (1, 9, 10, 11, 12, 14) (110, 3528, 9702, 21560) {'labels': (260, 47628, 275, 351), 'total': Fraction(12858509, 1191890700), 'excess': Fraction(1439, 6081075)}
RES (1, 9, 10, 11, 12, 14) (110, 3528, 9702, 194040) {'labels': (260, 47628, 275, 299), 'total': Fraction(296080867, 27413486100), 'excess': Fraction(34807, 139864725)}
RES (1, 9, 10, 11, 12, 14) (110, 6468, 9702, 17640) {'labels': (260, 47628, 390, 451), 'total': Fraction(1995599, 177700068), 'excess': Fraction(21529, 31732155)}
RES (1, 9, 10, 11, 12, 14) (110, 6468, 9702, 21560) {'labels': (260, 47628, 390, 351), 'total': Fraction(1258427, 119189070), 'excess': Fraction(223, 34054020)}
RES (1, 9, 10, 11, 12, 14) (110, 6468, 9702, 194040) {'labels': (260, 47628, 390, 299), 'total': Fraction(28977337, 2741348610), 'excess': Fraction(2941, 156648492)}
RES (1, 9, 10, 11, 12, 14) (110, 8820, 9702, 17640) {'labels': (260, 47628, 286, 451), 'total': Fraction(26089223, 2443375935), 'excess': Fraction(175697, 1396214820)}
RES (1, 9, 10, 11, 12, 14) (110, 9702, 17640, 19404) {'labels': (260, 47628, 451, 410), 'total': Fraction(109089263, 9773503740), 'excess': Fraction(85175, 139621482)}
RES (1, 9, 10, 11, 12, 14) (110, 9702, 17640, 21560) {'labels': (260, 47628, 451, 351), 'total': Fraction(105532157, 9773503740), 'excess': Fraction(85898, 349053705)}
RES (1, 9, 10, 11, 12, 14) (110, 9702, 17640, 194040) {'labels': (260, 47628, 451, 299), 'total': Fraction(220907993, 20435507820), 'excess': Fraction(188528, 729839565)}
RES (1, 9, 10, 11, 12, 14) (120, 1764, 5390, 9702) {'labels': (260, 21021, 550, 324), 'total': Fraction(1426283, 132432300), 'excess': Fraction(14449, 66216150)}
RES (1, 9, 10, 11, 12, 14) (120, 1764, 8085, 9702) {'labels': (260, 21021, 550, 312), 'total': Fraction(982577, 88288200), 'excess': Fraction(50987, 88288200)}
RES (1, 9, 10, 11, 12, 14) (120, 3528, 5390, 9702) {'labels': (260, 21021, 275, 324), 'total': Fraction(1537121, 132432300), 'excess': Fraction(34934, 33108075)}
RES (1, 9, 10, 11, 12, 14) (120, 3528, 8085, 9702) {'labels': (260, 21021, 275, 312), 'total': Fraction(1056469, 88288200), 'excess': Fraction(124879, 88288200)}
RES (1, 9, 10, 11, 12, 14) (120, 3528, 9702, 16170) {'labels': (260, 21021, 275, 492), 'total': Fraction(9670631, 904954050), 'excess': Fraction(243667, 1809908100)}
RES (1, 9, 10, 11, 12, 14) (120, 3528, 9702, 21560) {'labels': (260, 21021, 275, 351), 'total': Fraction(714503, 66216150), 'excess': Fraction(31621, 132432300)}
RES (1, 9, 10, 11, 12, 14) (120, 3528, 9702, 194040) {'labels': (260, 21021, 275, 299), 'total': Fraction(140617, 13016850), 'excess': Fraction(84947, 338438100)}
RES (1, 9, 10, 11, 12, 14) (120, 5390, 6468, 9702) {'labels': (260, 21021, 324, 390), 'total': Fraction(30133, 2648646), 'excess': Fraction(1681, 2037420)}
RES (1, 9, 10, 11, 12, 14) (120, 5390, 8820, 9702) {'labels': (260, 21021, 324, 286), 'total': Fraction(26063, 2407860), 'excess': Fraction(164, 601965)}
RES (1, 9, 10, 11, 12, 14) (120, 5390, 9702, 16170) {'labels': (260, 21021, 324, 492), 'total': Fraction(5885953, 542972430), 'excess': Fraction(313349, 1085944860)}
RES (1, 9, 10, 11, 12, 14) (120, 5390, 9702, 17640) {'labels': (260, 21021, 324, 451), 'total': Fraction(1146787, 98722260), 'excess': Fraction(5255, 4936113)}
RES (1, 9, 10, 11, 12, 14) (120, 5390, 9702, 19404) {'labels': (260, 21021, 324, 410), 'total': Fraction(3070058, 271486215), 'excess': Fraction(164335, 217188972)}
RES (1, 9, 10, 11, 12, 14) (120, 5390, 9702, 21560) {'labels': (260, 21021, 324, 351), 'total': Fraction(48313, 4414410), 'excess': Fraction(3467, 8828820)}
RES (1, 9, 10, 11, 12, 14) (120, 5390, 9702, 48510) {'labels': (260, 21021, 324, 268), 'total': Fraction(9433601, 887296410), 'excess': Fraction(142243, 1774592820)}
RES (1, 9, 10, 11, 12, 14) (120, 5390, 9702, 194040) {'labels': (260, 21021, 324, 299), 'total': Fraction(256717, 23430330), 'excess': Fraction(246671, 609188580)}
RES (1, 9, 10, 11, 12, 14) (120, 6468, 8085, 9702) {'labels': (260, 21021, 390, 312), 'total': Fraction(69077, 5885880), 'excess': Fraction(6971, 5885880)}
RES (1, 9, 10, 11, 12, 14) (120, 8085, 8820, 9702) {'labels': (260, 21021, 312, 286), 'total': Fraction(197473, 17657640), 'excess': Fraction(2231, 3531528)}
RES (1, 9, 10, 11, 12, 14) (120, 8085, 9702, 17640) {'labels': (260, 21021, 312, 451), 'total': Fraction(963321, 80440360), 'excess': Fraction(114539, 80440360)}
RES (1, 9, 10, 11, 12, 14) (120, 8085, 9702, 19404) {'labels': (260, 21021, 312, 410), 'total': Fraction(8446939, 723963240), 'excess': Fraction(807901, 723963240)}
RES (1, 9, 10, 11, 12, 14) (120, 8085, 9702, 21560) {'labels': (260, 21021, 312, 351), 'total': Fraction(598789, 52972920), 'excess': Fraction(7967, 10594584)}
RES (1, 9, 10, 11, 12, 14) (120, 8085, 9702, 32340) {'labels': (260, 21021, 312, 402), 'total': Fraction(850015, 78870792), 'excess': Fraction(88973, 394353960)}
RES (1, 9, 10, 11, 12, 14) (120, 8085, 9702, 48510) {'labels': (260, 21021, 312, 268), 'total': Fraction(2600641, 236612376), 'excess': Fraction(519899, 1183061880)}
RES (1, 9, 10, 11, 12, 14) (120, 8085, 9702, 194040) {'labels': (260, 21021, 312, 299), 'total': Fraction(4595681, 406125720), 'excess': Fraction(310367, 406125720)}
RES (1, 9, 10, 11, 12, 14) (120, 9702, 16170, 17640) {'labels': (260, 21021, 492, 451), 'total': Fraction(215093, 20110090), 'excess': Fraction(1159, 8044036)}
RES (1, 9, 10, 11, 12, 14) (120, 9702, 17640, 21560) {'labels': (260, 21021, 451, 351), 'total': Fraction(5864057, 542972430), 'excess': Fraction(269557, 1085944860)}
RES (1, 9, 10, 11, 12, 14) (120, 9702, 17640, 194040) {'labels': (260, 21021, 451, 299), 'total': Fraction(692441, 64042902), 'excess': Fraction(2168393, 8325577260)}
RES (1, 9, 10, 11, 12, 14) (132, 1960, 8085, 9702) {'labels': (260, 27930, 297, 312), 'total': Fraction(1563427, 143783640), 'excess': Fraction(323863, 1006485480)}
RES (1, 9, 10, 11, 12, 14) (132, 5390, 9702, 17640) {'labels': (260, 27930, 324, 451), 'total': Fraction(34231349, 2947564620), 'excess': Fraction(1095343, 1031647617)}
RES (1, 9, 10, 11, 12, 14) (132, 5390, 9702, 21560) {'labels': (260, 27930, 324, 351), 'total': Fraction(131101, 11981970), 'excess': Fraction(65393, 167747580)}
RES (1, 9, 10, 11, 12, 14) (132, 5390, 9702, 194040) {'labels': (260, 27930, 324, 299), 'total': Fraction(9056077, 826755930), 'excess': Fraction(4653629, 11574583020)}
RES (1, 9, 10, 11, 12, 14) (132, 5880, 8085, 9702) {'labels': (260, 27930, 429, 312), 'total': Fraction(34313, 3195192), 'excess': Fraction(20941, 111831720)}
RES (1, 9, 10, 11, 12, 14) (132, 8085, 9702, 17640) {'labels': (260, 27930, 312, 451), 'total': Fraction(7842311, 655014360), 'excess': Fraction(6515603, 4585100520)}
RES (1, 9, 10, 11, 12, 14) (132, 8085, 9702, 21560) {'labels': (260, 27930, 312, 351), 'total': Fraction(1624873, 143783640), 'excess': Fraction(150797, 201297096)}
RES (1, 9, 10, 11, 12, 14) (132, 8085, 9702, 194040) {'labels': (260, 27930, 312, 299), 'total': Fraction(12470837, 1102341240), 'excess': Fraction(5874893, 7716388680)}
RES (1, 9, 10, 11, 12, 14) (132, 8820, 9702, 17640) {'labels': (260, 27930, 286, 451), 'total': Fraction(10490191, 982521540), 'excess': Fraction(215119, 1719412695)}
RES (1, 9, 10, 11, 12, 14) (132, 9702, 16170, 17640) {'labels': (260, 27930, 492, 451), 'total': Fraction(1751003, 163753590), 'excess': Fraction(64751, 458510052)}
RES (1, 9, 10, 11, 12, 14) (140, 3528, 8085, 9702) {'labels': (260, 37422, 275, 312), 'total': Fraction(9522341, 794593800), 'excess': Fraction(1138031, 794593800)}
RES (1, 9, 10, 11, 12, 14) (140, 3528, 9702, 16170) {'labels': (260, 37422, 275, 492), 'total': Fraction(87180409, 8144586450), 'excess': Fraction(2482463, 16289172900)}
RES (1, 9, 10, 11, 12, 14) (140, 3528, 9702, 21560) {'labels': (260, 37422, 275, 351), 'total': Fraction(2147039, 198648450), 'excess': Fraction(101923, 397296900)}
RES (1, 9, 10, 11, 12, 14) (140, 3528, 9702, 194040) {'labels': (260, 37422, 275, 299), 'total': Fraction(49437757, 4568914350), 'excess': Fraction(2455949, 9137828700)}
RES (1, 9, 10, 11, 12, 14) (140, 6468, 9702, 17640) {'labels': (260, 37422, 390, 451), 'total': Fraction(3665083, 325783458), 'excess': Fraction(2275159, 3257834580)}
RES (1, 9, 10, 11, 12, 14) (140, 6468, 9702, 21560) {'labels': (260, 37422, 390, 351), 'total': Fraction(840533, 79459380), 'excess': Fraction(1051, 39729690)}
RES (1, 9, 10, 11, 12, 14) (140, 6468, 9702, 194040) {'labels': (260, 37422, 390, 299), 'total': Fraction(19354603, 1827565740), 'excess': Fraction(7069, 182756574)}
RES (1, 9, 10, 11, 12, 14) (140, 8085, 9702, 17640) {'labels': (260, 37422, 312, 451), 'total': Fraction(15628957, 1303133832), 'excess': Fraction(9393443, 6515669160)}
RES (1, 9, 10, 11, 12, 14) (140, 8085, 9702, 21560) {'labels': (260, 37422, 312, 351), 'total': Fraction(1799191, 158918760), 'excess': Fraction(122329, 158918760)}
RES (1, 9, 10, 11, 12, 14) (140, 8085, 9702, 194040) {'labels': (260, 37422, 312, 299), 'total': Fraction(41426081, 3655131480), 'excess': Fraction(571651, 731026296)}
RES (1, 9, 10, 11, 12, 14) (140, 9702, 16170, 17640) {'labels': (260, 37422, 492, 451), 'total': Fraction(17451479, 1628917290), 'excess': Fraction(527287, 3257834580)}
RES (1, 9, 10, 11, 12, 14) (140, 9702, 17640, 19404) {'labels': (260, 37422, 451, 410), 'total': Fraction(9106984, 814458645), 'excess': Fraction(410453, 651566916)}
RES (1, 9, 10, 11, 12, 14) (140, 9702, 17640, 21560) {'labels': (260, 37422, 451, 351), 'total': Fraction(17621117, 1628917290), 'excess': Fraction(866563, 3257834580)}
RES (1, 9, 10, 11, 12, 14) (140, 9702, 17640, 194040) {'labels': (260, 37422, 451, 299), 'total': Fraction(405743743, 37465097670), 'excess': Fraction(20847053, 74930195340)}
RES (1, 9, 10, 11, 12, 14) (165, 1764, 9702, 17640) {'labels': (260, 79968, 550, 451), 'total': Fraction(1307031343, 123073750800), 'excess': Fraction(1199269, 17581964400)}
RES (1, 9, 10, 11, 12, 14) (165, 3528, 8820, 9702) {'labels': (260, 79968, 275, 286), 'total': Fraction(10671077, 1000599600), 'excess': Fraction(16151, 142942800)}
RES (1, 9, 10, 11, 12, 14) (165, 3528, 9702, 17640) {'labels': (260, 79968, 275, 451), 'total': Fraction(1410036791, 123073750800), 'excess': Fraction(15914333, 17581964400)}
RES (1, 9, 10, 11, 12, 14) (165, 3528, 9702, 21560) {'labels': (260, 79968, 275, 351), 'total': Fraction(97122593, 9005396400), 'excess': Fraction(300059, 1286485200)}
RES (1, 9, 10, 11, 12, 14) (165, 3528, 9702, 194040) {'labels': (260, 79968, 275, 299), 'total': Fraction(248483551, 23013790800), 'excess': Fraction(807013, 3287684400)}
RES (1, 9, 10, 11, 12, 14) (165, 6468, 9702, 17640) {'labels': (260, 79968, 390, 451), 'total': Fraction(1674811, 149180304), 'excess': Fraction(71933, 106557360)}
RES (1, 9, 10, 11, 12, 14) (165, 6468, 9702, 21560) {'labels': (260, 79968, 390, 351), 'total': Fraction(19010113, 1801079280), 'excess': Fraction(811, 257297040)}
RES (1, 9, 10, 11, 12, 14) (165, 6468, 9702, 194040) {'labels': (260, 79968, 390, 299), 'total': Fraction(145913021, 13808274480), 'excess': Fraction(6067, 394522128)}
RES (1, 9, 10, 11, 12, 14) (165, 8820, 9702, 17640) {'labels': (260, 79968, 286, 451), 'total': Fraction(262741163, 24614750160), 'excess': Fraction(430553, 3516392880)}
RES (1, 9, 10, 11, 12, 14) (165, 9702, 17640, 19404) {'labels': (260, 79968, 451, 410), 'total': Fraction(274659727, 24614750160), 'excess': Fraction(426641, 703278576)}
RES (1, 9, 10, 11, 12, 14) (165, 9702, 17640, 21560) {'labels': (260, 79968, 451, 351), 'total': Fraction(797103269, 73844250480), 'excess': Fraction(2560199, 10549178640)}
RES (1, 9, 10, 11, 12, 14) (165, 9702, 17640, 194040) {'labels': (260, 79968, 451, 299), 'total': Fraction(556186067, 51467204880), 'excess': Fraction(1874273, 7352457840)}
RES (1, 9, 10, 11, 12, 14) (168, 5390, 8820, 9702) {'labels': (260, 21945, 324, 286), 'total': Fraction(1090409, 100648548), 'excess': Fraction(70991, 251621370)}
RES (1, 9, 10, 11, 12, 14) (168, 5390, 9702, 16170) {'labels': (260, 21945, 324, 492), 'total': Fraction(55966553, 5158238085), 'excess': Fraction(6153629, 20632952340)}
RES (1, 9, 10, 11, 12, 14) (168, 5390, 9702, 17640) {'labels': (260, 21945, 324, 451), 'total': Fraction(239878481, 20632952340), 'excess': Fraction(11082949, 10316476170)}
RES (1, 9, 10, 11, 12, 14) (168, 5390, 9702, 21560) {'labels': (260, 21945, 324, 351), 'total': Fraction(91876, 8387379), 'excess': Fraction(67499, 167747580)}
RES (1, 9, 10, 11, 12, 14) (168, 5390, 9702, 48510) {'labels': (260, 21945, 324, 268), 'total': Fraction(89700916, 8429315895), 'excess': Fraction(3029443, 33717263580)}
RES (1, 9, 10, 11, 12, 14) (168, 5390, 9702, 194040) {'labels': (260, 21945, 324, 299), 'total': Fraction(31732598, 2893645755), 'excess': Fraction(4798943, 11574583020)}
RES (1, 9, 10, 11, 12, 14) (168, 8085, 8820, 9702) {'labels': (260, 21945, 312, 286), 'total': Fraction(3755239, 335495160), 'excess': Fraction(215197, 335495160)}
RES (1, 9, 10, 11, 12, 14) (168, 8085, 9702, 17640) {'labels': (260, 21945, 312, 451), 'total': Fraction(54953741, 4585100520), 'excess': Fraction(6573167, 4585100520)}
RES (1, 9, 10, 11, 12, 14) (168, 8085, 9702, 21560) {'labels': (260, 21945, 312, 351), 'total': Fraction(11386747, 1006485480), 'excess': Fraction(766621, 1006485480)}
RES (1, 9, 10, 11, 12, 14) (168, 8085, 9702, 32340) {'labels': (260, 21945, 312, 402), 'total': Fraction(26941351, 2497575080), 'excess': Fraction(117541, 499515016)}
RES (1, 9, 10, 11, 12, 14) (168, 8085, 9702, 48510) {'labels': (260, 21945, 312, 268), 'total': Fraction(22479889, 2043470520), 'excess': Fraction(183563, 408694104)}
RES (1, 9, 10, 11, 12, 14) (168, 8085, 9702, 194040) {'labels': (260, 21945, 312, 299), 'total': Fraction(17478547, 1543277736), 'excess': Fraction(5971769, 7716388680)}
RES (1, 9, 10, 11, 12, 14) (168, 9702, 16170, 17640) {'labels': (260, 21945, 492, 451), 'total': Fraction(6135706, 573137565), 'excess': Fraction(352537, 2292550260)}
RES (1, 9, 10, 11, 12, 14) (168, 9702, 17640, 21560) {'labels': (260, 21945, 451, 351), 'total': Fraction(55758541, 5158238085), 'excess': Fraction(5321581, 20632952340)}
RES (1, 9, 10, 11, 12, 14) (168, 9702, 17640, 194040) {'labels': (260, 21945, 451, 299), 'total': Fraction(427965647, 39546491985), 'excess': Fraction(8546557, 31637193588)}
RES (1, 9, 10, 11, 12, 14) (180, 1960, 8085, 9702) {'labels': (260, 31262, 297, 312), 'total': Fraction(16720511, 1536214680), 'excess': Fraction(102169, 307242936)}
RES (1, 9, 10, 11, 12, 14) (180, 3528, 5390, 9702) {'labels': (260, 31262, 275, 324), 'total': Fraction(44606839, 3840536700), 'excess': Fraction(2041337, 1920268350)}
RES (1, 9, 10, 11, 12, 14) (180, 3528, 8085, 9702) {'labels': (260, 31262, 275, 312), 'total': Fraction(30657821, 2560357800), 'excess': Fraction(3641711, 2560357800)}
RES (1, 9, 10, 11, 12, 14) (180, 3528, 9702, 16170) {'labels': (260, 31262, 275, 492), 'total': Fraction(140327777, 13121833725), 'excess': Fraction(7480853, 52487334900)}
RES (1, 9, 10, 11, 12, 14) (180, 3528, 9702, 21560) {'labels': (260, 31262, 275, 351), 'total': Fraction(10367876, 960134175), 'excess': Fraction(947339, 3840536700)}
RES (1, 9, 10, 11, 12, 14) (180, 3528, 9702, 194040) {'labels': (260, 31262, 275, 299), 'total': Fraction(8841894, 817892075), 'excess': Fraction(846991, 3271568300)}
RES (1, 9, 10, 11, 12, 14) (180, 5390, 9702, 17640) {'labels': (260, 31262, 324, 451), 'total': Fraction(366073759, 31492400940), 'excess': Fraction(16887803, 15746200470)}
RES (1, 9, 10, 11, 12, 14) (180, 5390, 9702, 21560) {'labels': (260, 31262, 324, 351), 'total': Fraction(701044, 64008945), 'excess': Fraction(20513, 51207156)}
RES (1, 9, 10, 11, 12, 14) (180, 5390, 9702, 194040) {'labels': (260, 31262, 324, 299), 'total': Fraction(48426034, 4416617205), 'excess': Fraction(7292977, 17666468820)}
RES (1, 9, 10, 11, 12, 14) (180, 5880, 8085, 9702) {'labels': (260, 31262, 429, 312), 'total': Fraction(1834873, 170690520), 'excess': Fraction(33799, 170690520)}
RES (1, 9, 10, 11, 12, 14) (180, 6468, 9702, 17640) {'labels': (260, 31262, 390, 451), 'total': Fraction(178778, 15905253), 'excess': Fraction(219013, 318105060)}
RES (1, 9, 10, 11, 12, 14) (180, 6468, 9702, 21560) {'labels': (260, 31262, 390, 351), 'total': Fraction(8117569, 768107340), 'excess': Fraction(3184, 192026835)}
RES (1, 9, 10, 11, 12, 14) (180, 6468, 9702, 194040) {'labels': (260, 31262, 390, 299), 'total': Fraction(62306693, 5888822940), 'excess': Fraction(8482, 294441147)}
RES (1, 9, 10, 11, 12, 14) (180, 8085, 9702, 17640) {'labels': (260, 31262, 312, 451), 'total': Fraction(16772839, 1399662264), 'excess': Fraction(10020161, 6998311320)}
RES (1, 9, 10, 11, 12, 14) (180, 8085, 9702, 21560) {'labels': (260, 31262, 312, 351), 'total': Fraction(17377013, 1536214680), 'excess': Fraction(1167347, 1536214680)}
RES (1, 9, 10, 11, 12, 14) (180, 8085, 9702, 194040) {'labels': (260, 31262, 312, 299), 'total': Fraction(133367761, 11777645880), 'excess': Fraction(1818731, 2355529176)}
RES (1, 9, 10, 11, 12, 14) (180, 9702, 16170, 17640) {'labels': (260, 31262, 492, 451), 'total': Fraction(9363454, 874788915), 'excess': Fraction(531799, 3499155660)}
RES (1, 9, 10, 11, 12, 14) (180, 9702, 17640, 19404) {'labels': (260, 31262, 451, 410), 'total': Fraction(58637633, 5248733490), 'excess': Fraction(1301843, 2099493396)}
RES (1, 9, 10, 11, 12, 14) (180, 9702, 17640, 21560) {'labels': (260, 31262, 451, 351), 'total': Fraction(85091003, 7873100235), 'excess': Fraction(8065859, 31492400940)}
RES (1, 9, 10, 11, 12, 14) (180, 9702, 17640, 194040) {'labels': (260, 31262, 451, 299), 'total': Fraction(59372939, 5487312285), 'excess': Fraction(5890013, 21949249140)}
RES (1, 9, 10, 11, 12, 14) (196, 3960, 8085, 9702) {'labels': (260, 24750, 343, 312), 'total': Fraction(518877, 49049000), 'excess': Fraction(1327, 49049000)}
RES (1, 9, 10, 11, 12, 14) (196, 6930, 9702, 17640) {'labels': (260, 24750, 364, 451), 'total': Fraction(33763573, 3016513500), 'excess': Fraction(483562, 754128375)}
RES (1, 9, 10, 11, 12, 14) (196, 8085, 9702, 27720) {'labels': (260, 24750, 312, 763), 'total': Fraction(507835337, 48117069000), 'excess': Fraction(118787, 48117069000)}
RES (1, 9, 10, 11, 12, 14) (210, 3528, 9702, 21560) {'labels': (260, 26796, 275, 351), 'total': Fraction(10367876, 960134175), 'excess': Fraction(947339, 3840536700)}
RES (1, 9, 10, 11, 12, 14) (210, 3528, 9702, 194040) {'labels': (260, 26796, 275, 299), 'total': Fraction(8841894, 817892075), 'excess': Fraction(846991, 3271568300)}
RES (1, 9, 10, 11, 12, 14) (210, 5390, 9702, 21560) {'labels': (260, 26796, 324, 351), 'total': Fraction(701044, 64008945), 'excess': Fraction(20513, 51207156)}
RES (1, 9, 10, 11, 12, 14) (210, 6468, 9702, 17640) {'labels': (260, 26796, 390, 451), 'total': Fraction(178778, 15905253), 'excess': Fraction(219013, 318105060)}
RES (1, 9, 10, 11, 12, 14) (210, 6468, 9702, 21560) {'labels': (260, 26796, 390, 351), 'total': Fraction(8117569, 768107340), 'excess': Fraction(3184, 192026835)}
RES (1, 9, 10, 11, 12, 14) (210, 6468, 9702, 194040) {'labels': (260, 26796, 390, 299), 'total': Fraction(62306693, 5888822940), 'excess': Fraction(8482, 294441147)}
RES (1, 9, 10, 11, 12, 14) (210, 9702, 17640, 19404) {'labels': (260, 26796, 451, 410), 'total': Fraction(58637633, 5248733490), 'excess': Fraction(1301843, 2099493396)}
RES (1, 9, 10, 11, 12, 14) (210, 9702, 17640, 21560) {'labels': (260, 26796, 451, 351), 'total': Fraction(85091003, 7873100235), 'excess': Fraction(8065859, 31492400940)}
RES (1, 9, 10, 11, 12, 14) (210, 9702, 17640, 194040) {'labels': (260, 26796, 451, 299), 'total': Fraction(59372939, 5487312285), 'excess': Fraction(5890013, 21949249140)}
RES (1, 9, 10, 11, 12, 14) (220, 1764, 9702, 17640) {'labels': (260, 36162, 550, 451), 'total': Fraction(19231301, 1809908100), 'excess': Fraction(66853, 904954050)}
RES (1, 9, 10, 11, 12, 14) (220, 1960, 8085, 9702) {'labels': (260, 36162, 297, 312), 'total': Fraction(23622479, 2171889720), 'excess': Fraction(141073, 434377944)}
RES (1, 9, 10, 11, 12, 14) (220, 3528, 8085, 9702) {'labels': (260, 36162, 275, 312), 'total': Fraction(43315709, 3619816200), 'excess': Fraction(5120519, 3619816200)}
RES (1, 9, 10, 11, 12, 14) (220, 3528, 8820, 9702) {'labels': (260, 36162, 275, 286), 'total': Fraction(6437449, 603302700), 'excess': Fraction(17896, 150825675)}
RES (1, 9, 10, 11, 12, 14) (220, 3528, 9702, 16170) {'labels': (260, 36162, 275, 492), 'total': Fraction(9670751, 904954050), 'excess': Fraction(243907, 1809908100)}
RES (1, 9, 10, 11, 12, 14) (220, 3528, 9702, 17640) {'labels': (260, 36162, 275, 451), 'total': Fraction(20746087, 1809908100), 'excess': Fraction(412123, 452477025)}
RES (1, 9, 10, 11, 12, 14) (220, 3528, 9702, 21560) {'labels': (260, 36162, 275, 351), 'total': Fraction(29294983, 2714862150), 'excess': Fraction(1297181, 5429724300)}
RES (1, 9, 10, 11, 12, 14) (220, 3528, 9702, 194040) {'labels': (260, 36162, 275, 299), 'total': Fraction(74949781, 6937981050), 'excess': Fraction(3484667, 13875962100)}
RES (1, 9, 10, 11, 12, 14) (220, 5880, 8085, 9702) {'labels': (260, 36162, 429, 312), 'total': Fraction(2592257, 241321080), 'excess': Fraction(45911, 241321080)}
RES (1, 9, 10, 11, 12, 14) (220, 6468, 9702, 17640) {'labels': (260, 36162, 390, 451), 'total': Fraction(4107, 365638), 'excess': Fraction(2489, 3656380)}
RES (1, 9, 10, 11, 12, 14) (220, 6468, 9702, 21560) {'labels': (260, 36162, 390, 351), 'total': Fraction(11468131, 1085944860), 'excess': Fraction(4787, 542972430)}
RES (1, 9, 10, 11, 12, 14) (220, 6468, 9702, 194040) {'labels': (260, 36162, 390, 299), 'total': Fraction(88024127, 8325577260), 'excess': Fraction(17519, 832557726)}
RES (1, 9, 10, 11, 12, 14) (220, 8085, 9702, 17640) {'labels': (260, 36162, 312, 451), 'total': Fraction(577999, 48264216), 'excess': Fraction(343649, 241321080)}
RES (1, 9, 10, 11, 12, 14) (220, 8085, 9702, 21560) {'labels': (260, 36162, 312, 351), 'total': Fraction(24550637, 2171889720), 'excess': Fraction(1633523, 2171889720)}
RES (1, 9, 10, 11, 12, 14) (220, 8085, 9702, 194040) {'labels': (260, 36162, 312, 299), 'total': Fraction(188425129, 16651154520), 'excess': Fraction(2545451, 3330230904)}
RES (1, 9, 10, 11, 12, 14) (220, 8820, 9702, 17640) {'labels': (260, 36162, 286, 451), 'total': Fraction(3865891, 361981620), 'excess': Fraction(11593, 90495405)}
RES (1, 9, 10, 11, 12, 14) (220, 9702, 16170, 17640) {'labels': (260, 36162, 492, 451), 'total': Fraction(645287, 60330270), 'excess': Fraction(17401, 120660540)}
RES (1, 9, 10, 11, 12, 14) (220, 9702, 17640, 19404) {'labels': (260, 36162, 451, 410), 'total': Fraction(1010291, 90495405), 'excess': Fraction(44329, 72396324)}
RES (1, 9, 10, 11, 12, 14) (220, 9702, 17640, 21560) {'labels': (260, 36162, 451, 351), 'total': Fraction(5864129, 542972430), 'excess': Fraction(269701, 1085944860)}
RES (1, 9, 10, 11, 12, 14) (220, 9702, 17640, 194040) {'labels': (260, 36162, 451, 299), 'total': Fraction(4091747, 378435330), 'excess': Fraction(197227, 756870660)}
RES (1, 9, 10, 11, 12, 14) (245, 2772, 9702, 17640) {'labels': (260, 21384, 350, 451), 'total': Fraction(29057869, 2443375935), 'excess': Fraction(13104463, 9773503740)}
RES (1, 9, 10, 11, 12, 14) (245, 2772, 9702, 21560) {'labels': (260, 21384, 350, 351), 'total': Fraction(534949, 47675628), 'excess': Fraction(39863, 59594535)}
RES (1, 9, 10, 11, 12, 14) (245, 2772, 9702, 194040) {'labels': (260, 21384, 350, 299), 'total': Fraction(61586167, 5482697220), 'excess': Fraction(933607, 1370674305)}
RES (1, 9, 10, 11, 12, 14) (245, 3528, 6930, 9702) {'labels': (260, 21384, 275, 364), 'total': Fraction(13321309, 1191890700), 'excess': Fraction(186211, 297972675)}
RES (1, 9, 10, 11, 12, 14) (245, 6930, 9702, 17640) {'labels': (260, 21384, 364, 451), 'total': Fraction(109327117, 9773503740), 'excess': Fraction(1550026, 2443375935)}
RES (1, 9, 10, 11, 12, 14) (252, 1960, 5390, 9702) {'labels': (260, 23870, 297, 324), 'total': Fraction(192575, 18246228), 'excess': Fraction(58, 22807785)}
RES (1, 9, 10, 11, 12, 14) (252, 1960, 8085, 9702) {'labels': (260, 23870, 297, 312), 'total': Fraction(17921773, 1642160520), 'excess': Fraction(594199, 1642160520)}
RES (1, 9, 10, 11, 12, 14) (252, 5390, 9702, 17640) {'labels': (260, 23870, 324, 451), 'total': Fraction(392306753, 33664290660), 'excess': Fraction(18545743, 16832145330)}
RES (1, 9, 10, 11, 12, 14) (252, 5390, 9702, 21560) {'labels': (260, 23870, 324, 351), 'total': Fraction(751397, 68423355), 'excess': Fraction(117659, 273693420)}
RES (1, 9, 10, 11, 12, 14) (252, 5390, 9702, 194040) {'labels': (260, 23870, 324, 299), 'total': Fraction(10380823, 944242299), 'excess': Fraction(8349359, 18884845980)}
RES (1, 9, 10, 11, 12, 14) (252, 5880, 8085, 9702) {'labels': (260, 23870, 429, 312), 'total': Fraction(1966763, 182462280), 'excess': Fraction(41477, 182462280)}
RES (1, 9, 10, 11, 12, 14) (252, 8085, 9702, 17640) {'labels': (260, 23870, 312, 451), 'total': Fraction(89867161, 7480953480), 'excess': Fraction(2186087, 1496190696)}
RES (1, 9, 10, 11, 12, 14) (252, 8085, 9702, 21560) {'labels': (260, 23870, 312, 351), 'total': Fraction(18623551, 1642160520), 'excess': Fraction(1295977, 1642160520)}
RES (1, 9, 10, 11, 12, 14) (252, 8085, 9702, 194040) {'labels': (260, 23870, 312, 299), 'total': Fraction(142934483, 12589897320), 'excess': Fraction(10089749, 12589897320)}
RES (1, 9, 10, 11, 12, 14) (252, 9702, 16170, 17640) {'labels': (260, 23870, 492, 451), 'total': Fraction(10036613, 935119185), 'excess': Fraction(678089, 3740476740)}
RES (1, 9, 10, 11, 12, 14) (264, 1960, 8085, 9702) {'labels': (260, 31605, 297, 312), 'total': Fraction(2251811, 207075960), 'excess': Fraction(66809, 207075960)}
RES (1, 9, 10, 11, 12, 14) (264, 5390, 8820, 9702) {'labels': (260, 31605, 324, 286), 'total': Fraction(12325513, 1138917780), 'excess': Fraction(154001, 569458890)}
RES (1, 9, 10, 11, 12, 14) (264, 5390, 9702, 16170) {'labels': (260, 31605, 324, 492), 'total': Fraction(126524558, 11673907245), 'excess': Fraction(13380281, 46695628980)}
RES (1, 9, 10, 11, 12, 14) (264, 5390, 9702, 17640) {'labels': (260, 31605, 324, 451), 'total': Fraction(108467305, 9339125796), 'excess': Fraction(24809287, 23347814490)}
RES (1, 9, 10, 11, 12, 14) (264, 5390, 9702, 21560) {'labels': (260, 31605, 324, 351), 'total': Fraction(1038539, 94909815), 'excess': Fraction(148319, 379639260)}
RES (1, 9, 10, 11, 12, 14) (264, 5390, 9702, 48510) {'labels': (260, 31605, 324, 268), 'total': Fraction(18434921, 1734261165), 'excess': Fraction(542117, 6937044660)}
RES (1, 9, 10, 11, 12, 14) (264, 5390, 9702, 194040) {'labels': (260, 31605, 324, 299), 'total': Fraction(71739257, 6548777235), 'excess': Fraction(2110855, 5239021788)}
RES (1, 9, 10, 11, 12, 14) (264, 5880, 8085, 9702) {'labels': (260, 31605, 429, 312), 'total': Fraction(2718167, 253092840), 'excess': Fraction(47609, 253092840)}
RES (1, 9, 10, 11, 12, 14) (264, 8085, 8820, 9702) {'labels': (260, 31605, 312, 286), 'total': Fraction(1697963, 151855704), 'excess': Fraction(478141, 759278520)}
RES (1, 9, 10, 11, 12, 14) (264, 8085, 9702, 17640) {'labels': (260, 31605, 312, 451), 'total': Fraction(124247581, 10376806440), 'excess': Fraction(14754703, 10376806440)}
RES (1, 9, 10, 11, 12, 14) (264, 8085, 9702, 21560) {'labels': (260, 31605, 312, 351), 'total': Fraction(468061, 41415192), 'excess': Fraction(155303, 207075960)}
RES (1, 9, 10, 11, 12, 14) (264, 8085, 9702, 32340) {'labels': (260, 31605, 312, 402), 'total': Fraction(182719189, 16957220280), 'excess': Fraction(3791803, 16957220280)}
RES (1, 9, 10, 11, 12, 14) (264, 8085, 9702, 48510) {'labels': (260, 31605, 312, 268), 'total': Fraction(559035707, 50871660840), 'excess': Fraction(22253549, 50871660840)}
RES (1, 9, 10, 11, 12, 14) (264, 8085, 9702, 194040) {'labels': (260, 31605, 312, 299), 'total': Fraction(197579231, 17463405960), 'excess': Fraction(13310729, 17463405960)}
RES (1, 9, 10, 11, 12, 14) (264, 8820, 9702, 17640) {'labels': (260, 31605, 286, 451), 'total': Fraction(166200007, 15565209660), 'excess': Fraction(196069, 1556520966)}
RES (1, 9, 10, 11, 12, 14) (264, 9702, 16170, 17640) {'labels': (260, 31605, 492, 451), 'total': Fraction(2774179, 259420161), 'excess': Fraction(737141, 5188403220)}
RES (1, 9, 10, 11, 12, 14) (264, 9702, 17640, 21560) {'labels': (260, 31605, 451, 351), 'total': Fraction(126053794, 11673907245), 'excess': Fraction(2299445, 9339125796)}
RES (1, 9, 10, 11, 12, 14) (264, 9702, 17640, 194040) {'labels': (260, 31605, 451, 299), 'total': Fraction(967506656, 89499955545), 'excess': Fraction(92522333, 357999822180)}
RES (1, 9, 10, 11, 12, 14) (280, 1764, 5390, 9702) {'labels': (260, 25641, 550, 324), 'total': Fraction(52852871, 4899995100), 'excess': Fraction(574813, 2449997550)}
RES (1, 9, 10, 11, 12, 14) (280, 1764, 8085, 9702) {'labels': (260, 25641, 550, 312), 'total': Fraction(36408949, 3266663400), 'excess': Fraction(1940119, 3266663400)}
RES (1, 9, 10, 11, 12, 14) (280, 3528, 5390, 9702) {'labels': (260, 25641, 275, 324), 'total': Fraction(56953877, 4899995100), 'excess': Fraction(1312658, 1224998775)}
RES (1, 9, 10, 11, 12, 14) (280, 3528, 8085, 9702) {'labels': (260, 25641, 275, 312), 'total': Fraction(4349217, 362962600), 'excess': Fraction(519347, 362962600)}
RES (1, 9, 10, 11, 12, 14) (280, 3528, 9702, 16170) {'labels': (260, 25641, 275, 492), 'total': Fraction(39818083, 3720366650), 'excess': Fraction(1123831, 7440733300)}
RES (1, 9, 10, 11, 12, 14) (280, 3528, 9702, 21560) {'labels': (260, 25641, 275, 351), 'total': Fraction(26476811, 2449997550), 'excess': Fraction(1250377, 4899995100)}
RES (1, 9, 10, 11, 12, 14) (280, 3528, 9702, 194040) {'labels': (260, 25641, 275, 299), 'total': Fraction(203218531, 18783314550), 'excess': Fraction(10045517, 37566629100)}
RES (1, 9, 10, 11, 12, 14) (280, 5390, 6468, 9702) {'labels': (260, 25641, 324, 390), 'total': Fraction(1116529, 97999902), 'excess': Fraction(824641, 979999020)}
RES (1, 9, 10, 11, 12, 14) (280, 5390, 8820, 9702) {'labels': (260, 25641, 324, 286), 'total': Fraction(10623721, 979999020), 'excess': Fraction(70768, 244999755)}
RES (1, 9, 10, 11, 12, 14) (280, 5390, 9702, 16170) {'labels': (260, 25641, 324, 492), 'total': Fraction(218109901, 20089979910), 'excess': Fraction(12253193, 40179959820)}
RES (1, 9, 10, 11, 12, 14) (280, 5390, 9702, 17640) {'labels': (260, 25641, 324, 451), 'total': Fraction(467401589, 40179959820), 'excess': Fraction(2171749, 2008997991)}
RES (1, 9, 10, 11, 12, 14) (280, 5390, 9702, 19404) {'labels': (260, 25641, 324, 410), 'total': Fraction(113756966, 10044989955), 'excess': Fraction(6212251, 8035991964)}
RES (1, 9, 10, 11, 12, 14) (280, 5390, 9702, 48510) {'labels': (260, 25641, 324, 268), 'total': Fraction(349581917, 32829967170), 'excess': Fraction(6340351, 65659934340)}
RES (1, 9, 10, 11, 12, 14) (280, 5390, 9702, 194040) {'labels': (260, 25641, 324, 299), 'total': Fraction(123665797, 11269988730), 'excess': Fraction(9496667, 22539977460)}
RES (1, 9, 10, 11, 12, 14) (280, 6468, 8085, 9702) {'labels': (260, 25641, 390, 312), 'total': Fraction(7678267, 653332680), 'excess': Fraction(784501, 653332680)}
RES (1, 9, 10, 11, 12, 14) (280, 8085, 8820, 9702) {'labels': (260, 25641, 312, 286), 'total': Fraction(7317221, 653332680), 'excess': Fraction(84691, 130666536)}
RES (1, 9, 10, 11, 12, 14) (280, 8085, 9702, 17640) {'labels': (260, 25641, 312, 451), 'total': Fraction(321225413, 26786639880), 'excess': Fraction(38581007, 26786639880)}
RES (1, 9, 10, 11, 12, 14) (280, 8085, 9702, 19404) {'labels': (260, 25641, 312, 410), 'total': Fraction(104325421, 8928879960), 'excess': Fraction(10110619, 8928879960)}
RES (1, 9, 10, 11, 12, 14) (280, 8085, 9702, 21560) {'labels': (260, 25641, 312, 351), 'total': Fraction(22187353, 1959998040), 'excess': Fraction(301211, 391999608)}
RES (1, 9, 10, 11, 12, 14) (280, 8085, 9702, 32340) {'labels': (260, 25641, 312, 402), 'total': Fraction(8590483, 795877992), 'excess': Fraction(963113, 3979389960)}
RES (1, 9, 10, 11, 12, 14) (280, 8085, 9702, 48510) {'labels': (260, 25641, 312, 268), 'total': Fraction(10707485, 972739768), 'excess': Fraction(2217167, 4863698840)}
RES (1, 9, 10, 11, 12, 14) (280, 8085, 9702, 194040) {'labels': (260, 25641, 312, 299), 'total': Fraction(170286757, 15026651640), 'excess': Fraction(11730139, 15026651640)}
RES (1, 9, 10, 11, 12, 14) (280, 9702, 16170, 17640) {'labels': (260, 25641, 492, 451), 'total': Fraction(71735849, 6696659970), 'excess': Fraction(429899, 2678663988)}
RES (1, 9, 10, 11, 12, 14) (280, 9702, 17640, 21560) {'labels': (260, 25641, 451, 351), 'total': Fraction(217299749, 20089979910), 'excess': Fraction(10632889, 40179959820)}
RES (1, 9, 10, 11, 12, 14) (280, 9702, 17640, 194040) {'labels': (260, 25641, 451, 299), 'total': Fraction(333569569, 30804635862), 'excess': Fraction(85285021, 308046358620)}
RES (1, 9, 10, 11, 12, 14) (308, 1960, 8085, 9702) {'labels': (260, 32130, 297, 312), 'total': Fraction(1964395, 180107928), 'excess': Fraction(319757, 900539640)}
RES (1, 9, 10, 11, 12, 14) (308, 5880, 8085, 9702) {'labels': (260, 32130, 429, 312), 'total': Fraction(3233611, 300179880), 'excess': Fraction(13241, 60035976)}
RES (1, 9, 10, 11, 12, 14) (308, 8085, 9702, 17640) {'labels': (260, 32130, 312, 451), 'total': Fraction(147762689, 12307375080), 'excess': Fraction(17899043, 12307375080)}
RES (1, 9, 10, 11, 12, 14) (308, 8085, 9702, 21560) {'labels': (260, 32130, 312, 351), 'total': Fraction(10206821, 900539640), 'excess': Fraction(704603, 900539640)}
RES (1, 9, 10, 11, 12, 14) (308, 8085, 9702, 194040) {'labels': (260, 32130, 312, 299), 'total': Fraction(5222447, 460275816), 'excess': Fraction(1828789, 2301379080)}
RES (1, 9, 10, 11, 12, 14) (308, 8820, 9702, 17640) {'labels': (260, 32130, 286, 451), 'total': Fraction(21968873, 2051229180), 'excess': Fraction(81233, 512807295)}
RES (1, 9, 10, 11, 12, 14) (308, 9702, 16170, 17640) {'labels': (260, 32130, 492, 451), 'total': Fraction(33002873, 3076843770), 'excess': Fraction(1073923, 6153687540)}
RES (1, 9, 10, 11, 12, 14) (315, 1960, 5390, 9702) {'labels': (260, 20944, 297, 324), 'total': Fraction(2112791, 200119920), 'excess': Fraction(1187, 200119920)}
RES (1, 9, 10, 11, 12, 14) (315, 3528, 5390, 9702) {'labels': (260, 20944, 275, 324), 'total': Fraction(9535433, 818672400), 'excess': Fraction(897053, 818672400)}
RES (1, 9, 10, 11, 12, 14) (315, 3528, 9702, 16170) {'labels': (260, 20944, 275, 492), 'total': Fraction(1320201461, 123073750800), 'excess': Fraction(21565001, 123073750800)}
RES (1, 9, 10, 11, 12, 14) (315, 3528, 9702, 21560) {'labels': (260, 20944, 275, 351), 'total': Fraction(97537943, 9005396400), 'excess': Fraction(2515763, 9005396400)}
RES (1, 9, 10, 11, 12, 14) (315, 3528, 9702, 194040) {'labels': (260, 20944, 275, 299), 'total': Fraction(83181667, 7671263600), 'excess': Fraction(2236847, 7671263600)}
RES (1, 9, 10, 11, 12, 14) (315, 5390, 9702, 17640) {'labels': (260, 20944, 324, 451), 'total': Fraction(860794063, 73844250480), 'excess': Fraction(81612187, 73844250480)}
RES (1, 9, 10, 11, 12, 14) (315, 5390, 9702, 21560) {'labels': (260, 20944, 324, 351), 'total': Fraction(6594937, 600359760), 'excess': Fraction(52025, 120071952)}
RES (1, 9, 10, 11, 12, 14) (315, 5390, 9702, 194040) {'labels': (260, 20944, 324, 299), 'total': Fraction(455557117, 41424823440), 'excess': Fraction(18455089, 41424823440)}
RES (1, 9, 10, 11, 12, 14) (315, 6468, 9702, 17640) {'labels': (260, 20944, 390, 451), 'total': Fraction(18498607, 1640983344), 'excess': Fraction(5917271, 8204916720)}
RES (1, 9, 10, 11, 12, 14) (315, 6468, 9702, 21560) {'labels': (260, 20944, 390, 351), 'total': Fraction(19093183, 1801079280), 'excess': Fraction(88747, 1801079280)}
RES (1, 9, 10, 11, 12, 14) (315, 6468, 9702, 194040) {'labels': (260, 20944, 390, 299), 'total': Fraction(146549891, 13808274480), 'excess': Fraction(169843, 2761654896)}
RES (1, 9, 10, 11, 12, 14) (315, 9702, 16170, 17640) {'labels': (260, 20944, 492, 451), 'total': Fraction(88090987, 8204916720), 'excess': Fraction(1515223, 8204916720)}
RES (1, 9, 10, 11, 12, 14) (315, 9702, 17640, 19404) {'labels': (260, 20944, 451, 410), 'total': Fraction(275795017, 24614750160), 'excess': Fraction(3213545, 4922950032)}
RES (1, 9, 10, 11, 12, 14) (315, 9702, 17640, 21560) {'labels': (260, 20944, 451, 351), 'total': Fraction(800509139, 73844250480), 'excess': Fraction(21327263, 73844250480)}
RES (1, 9, 10, 11, 12, 14) (315, 9702, 17640, 194040) {'labels': (260, 20944, 451, 299), 'total': Fraction(6144158407, 566139253680), 'excess': Fraction(170430691, 566139253680)}
RES (1, 9, 10, 11, 12, 14) (330, 1764, 9702, 17640) {'labels': (260, 21756, 550, 451), 'total': Fraction(177886853, 16741649925), 'excess': Fraction(4936397, 66966599700)}
RES (1, 9, 10, 11, 12, 14) (330, 3528, 8820, 9702) {'labels': (260, 21756, 275, 286), 'total': Fraction(2904659, 272221950), 'excess': Fraction(64513, 544443900)}
RES (1, 9, 10, 11, 12, 14) (330, 3528, 9702, 17640) {'labels': (260, 21756, 275, 451), 'total': Fraction(383797247, 33483299850), 'excess': Fraction(60983479, 66966599700)}
RES (1, 9, 10, 11, 12, 14) (330, 3528, 9702, 21560) {'labels': (260, 21756, 275, 351), 'total': Fraction(52873087, 4899995100), 'excess': Fraction(584921, 2449997550)}
RES (1, 9, 10, 11, 12, 14) (330, 3528, 9702, 194040) {'labels': (260, 21756, 275, 299), 'total': Fraction(135273209, 12522209700), 'excess': Fraction(1571347, 6261104850)}
RES (1, 9, 10, 11, 12, 14) (330, 5390, 9702, 21560) {'labels': (260, 21756, 324, 351), 'total': Fraction(3575153, 326666340), 'excess': Fraction(12827, 32666634)}
RES (1, 9, 10, 11, 12, 14) (330, 6468, 9702, 17640) {'labels': (260, 21756, 390, 451), 'total': Fraction(911741, 81171636), 'excess': Fraction(138107, 202929090)}
RES (1, 9, 10, 11, 12, 14) (330, 6468, 9702, 21560) {'labels': (260, 21756, 390, 351), 'total': Fraction(2587283, 244999755), 'excess': Fraction(8483, 979999020)}
RES (1, 9, 10, 11, 12, 14) (330, 6468, 9702, 194040) {'labels': (260, 21756, 390, 299), 'total': Fraction(19858801, 1878331455), 'excess': Fraction(31379, 1502665164)}
RES (1, 9, 10, 11, 12, 14) (330, 8820, 9702, 17640) {'labels': (260, 21756, 286, 451), 'total': Fraction(71517911, 6696659970), 'excess': Fraction(1713619, 13393319940)}
RES (1, 9, 10, 11, 12, 14) (330, 9702, 17640, 19404) {'labels': (260, 21756, 451, 410), 'total': Fraction(149520923, 13393319940), 'excess': Fraction(409936, 669665997)}
RES (1, 9, 10, 11, 12, 14) (330, 9702, 17640, 21560) {'labels': (260, 21756, 451, 351), 'total': Fraction(433939111, 40179959820), 'excess': Fraction(4986251, 20089979910)}
RES (1, 9, 10, 11, 12, 14) (330, 9702, 17640, 194040) {'labels': (260, 21756, 451, 299), 'total': Fraction(302784793, 28004214420), 'excess': Fraction(3646457, 14002107210)}
RES (1, 9, 10, 11, 12, 14) (360, 1764, 5390, 9702) {'labels': (260, 19943, 550, 324), 'total': Fraction(32437, 3009825), 'excess': Fraction(2713, 12039300)}
RES (1, 9, 10, 11, 12, 14) (360, 1764, 8085, 9702) {'labels': (260, 19943, 550, 312), 'total': Fraction(983207, 88288200), 'excess': Fraction(51617, 88288200)}
RES (1, 9, 10, 11, 12, 14) (360, 1960, 8085, 9702) {'labels': (260, 19943, 297, 312), 'total': Fraction(576529, 52972920), 'excess': Fraction(3515, 10594584)}
RES (1, 9, 10, 11, 12, 14) (360, 3528, 5390, 9702) {'labels': (260, 19943, 275, 324), 'total': Fraction(769033, 66216150), 'excess': Fraction(140681, 132432300)}
RES (1, 9, 10, 11, 12, 14) (360, 3528, 8085, 9702) {'labels': (260, 19943, 275, 312), 'total': Fraction(1057099, 88288200), 'excess': Fraction(125509, 88288200)}
RES (1, 9, 10, 11, 12, 14) (360, 3528, 9702, 16170) {'labels': (260, 19943, 275, 492), 'total': Fraction(19354177, 1809908100), 'excess': Fraction(128291, 904954050)}
RES (1, 9, 10, 11, 12, 14) (360, 3528, 9702, 21560) {'labels': (260, 19943, 275, 351), 'total': Fraction(1429951, 132432300), 'excess': Fraction(16283, 66216150)}
RES (1, 9, 10, 11, 12, 14) (360, 3528, 9702, 194040) {'labels': (260, 19943, 275, 299), 'total': Fraction(332587, 30767100), 'excess': Fraction(3971, 15383550)}
RES (1, 9, 10, 11, 12, 14) (360, 5390, 6468, 9702) {'labels': (260, 19943, 324, 390), 'total': Fraction(301519, 26486460), 'excess': Fraction(11021, 13243230)}
RES (1, 9, 10, 11, 12, 14) (360, 5390, 8820, 9702) {'labels': (260, 19943, 324, 286), 'total': Fraction(143441, 13243230), 'excess': Fraction(1481, 5297292)}
RES (1, 9, 10, 11, 12, 14) (360, 5390, 9702, 17640) {'labels': (260, 19943, 324, 451), 'total': Fraction(6311203, 542972430), 'excess': Fraction(1163849, 1085944860)}
RES (1, 9, 10, 11, 12, 14) (360, 5390, 9702, 19404) {'labels': (260, 19943, 324, 410), 'total': Fraction(12287981, 1085944860), 'excess': Fraction(207356, 271486215)}
RES (1, 9, 10, 11, 12, 14) (360, 5390, 9702, 21560) {'labels': (260, 19943, 324, 351), 'total': Fraction(96689, 8828820), 'excess': Fraction(353, 882882)}
RES (1, 9, 10, 11, 12, 14) (360, 5390, 9702, 48510) {'labels': (260, 19943, 324, 268), 'total': Fraction(3775973, 354918564), 'excess': Fraction(77453, 887296410)}
RES (1, 9, 10, 11, 12, 14) (360, 5390, 9702, 194040) {'labels': (260, 19943, 324, 299), 'total': Fraction(6678989, 609188580), 'excess': Fraction(125509, 304594290)}
RES (1, 9, 10, 11, 12, 14) (360, 5880, 8085, 9702) {'labels': (260, 19943, 429, 312), 'total': Fraction(21089, 1961960), 'excess': Fraction(387, 1961960)}
RES (1, 9, 10, 11, 12, 14) (360, 6468, 8085, 9702) {'labels': (260, 19943, 390, 312), 'total': Fraction(69119, 5885880), 'excess': Fraction(7013, 5885880)}
RES (1, 9, 10, 11, 12, 14) (360, 8085, 8820, 9702) {'labels': (260, 19943, 312, 286), 'total': Fraction(197599, 17657640), 'excess': Fraction(11281, 17657640)}
RES (1, 9, 10, 11, 12, 14) (360, 8085, 9702, 17640) {'labels': (260, 19943, 312, 451), 'total': Fraction(192779, 16088072), 'excess': Fraction(115113, 80440360)}
RES (1, 9, 10, 11, 12, 14) (360, 8085, 9702, 19404) {'labels': (260, 19943, 312, 410), 'total': Fraction(1690421, 144792648), 'excess': Fraction(813067, 723963240)}
RES (1, 9, 10, 11, 12, 14) (360, 8085, 9702, 21560) {'labels': (260, 19943, 312, 351), 'total': Fraction(599167, 52972920), 'excess': Fraction(40213, 52972920)}
RES (1, 9, 10, 11, 12, 14) (360, 8085, 9702, 32340) {'labels': (260, 19943, 312, 402), 'total': Fraction(4252889, 394353960), 'excess': Fraction(91787, 394353960)}
RES (1, 9, 10, 11, 12, 14) (360, 8085, 9702, 48510) {'labels': (260, 19943, 312, 268), 'total': Fraction(1182877, 107551080), 'excess': Fraction(48031, 107551080)}
RES (1, 9, 10, 11, 12, 14) (360, 8085, 9702, 194040) {'labels': (260, 19943, 312, 299), 'total': Fraction(4598579, 406125720), 'excess': Fraction(62653, 81225144)}
RES (1, 9, 10, 11, 12, 14) (360, 9702, 16170, 17640) {'labels': (260, 19943, 492, 451), 'total': Fraction(430473, 40220180), 'excess': Fraction(3041, 20110090)}
RES (1, 9, 10, 11, 12, 14) (360, 9702, 17640, 21560) {'labels': (260, 19943, 451, 351), 'total': Fraction(11735863, 1085944860), 'excess': Fraction(138653, 542972430)}
RES (1, 9, 10, 11, 12, 14) (360, 9702, 17640, 194040) {'labels': (260, 19943, 451, 299), 'total': Fraction(90076739, 8325577260), 'excess': Fraction(1113901, 4162788630)}
RES (1, 9, 10, 11, 12, 14) (385, 1764, 9702, 17640) {'labels': (260, 23688, 550, 451), 'total': Fraction(1813344319, 170131361400), 'excess': Fraction(18170389, 170131361400)}
RES (1, 9, 10, 11, 12, 14) (385, 3528, 8820, 9702) {'labels': (260, 23688, 275, 286), 'total': Fraction(44413723, 4149545400), 'excess': Fraction(628993, 4149545400)}
RES (1, 9, 10, 11, 12, 14) (385, 3528, 9702, 17640) {'labels': (260, 23688, 275, 451), 'total': Fraction(651911401, 56710453800), 'excess': Fraction(53520091, 56710453800)}
RES (1, 9, 10, 11, 12, 14) (385, 3528, 9702, 21560) {'labels': (260, 23688, 275, 351), 'total': Fraction(134738119, 12448636200), 'excess': Fraction(3383929, 12448636200)}
RES (1, 9, 10, 11, 12, 14) (385, 3528, 9702, 194040) {'labels': (260, 23688, 275, 299), 'total': Fraction(1034159099, 95439544200), 'excess': Fraction(27110309, 95439544200)}
RES (1, 9, 10, 11, 12, 14) (385, 6468, 9702, 17640) {'labels': (260, 23688, 390, 451), 'total': Fraction(6969415, 618659496), 'excess': Fraction(2207549, 3093297480)}
RES (1, 9, 10, 11, 12, 14) (385, 6468, 9702, 21560) {'labels': (260, 23688, 390, 351), 'total': Fraction(26374769, 2489727240), 'excess': Fraction(103931, 2489727240)}
RES (1, 9, 10, 11, 12, 14) (385, 6468, 9702, 194040) {'labels': (260, 23688, 390, 299), 'total': Fraction(202439933, 19087908840), 'excess': Fraction(206035, 3817581768)}
RES (1, 9, 10, 11, 12, 14) (385, 8820, 9702, 17640) {'labels': (260, 23688, 286, 451), 'total': Fraction(364514159, 34026272280), 'excess': Fraction(5479373, 34026272280)}
RES (1, 9, 10, 11, 12, 14) (385, 9702, 17640, 19404) {'labels': (260, 23688, 451, 410), 'total': Fraction(126996607, 11342090760), 'excess': Fraction(1463669, 2268418152)}
RES (1, 9, 10, 11, 12, 14) (385, 9702, 17640, 21560) {'labels': (260, 23688, 451, 351), 'total': Fraction(1105817467, 102078816840), 'excess': Fraction(28713109, 102078816840)}
RES (1, 9, 10, 11, 12, 14) (385, 9702, 17640, 194040) {'labels': (260, 23688, 451, 299), 'total': Fraction(771591101, 71145842040), 'excess': Fraction(20882003, 71145842040)}
RES (1, 9, 10, 11, 12, 14) (392, 1540, 8085, 9702) {'labels': (260, 25245, 378, 312), 'total': Fraction(10940729, 900539640), 'excess': Fraction(1438511, 900539640)}
RES (1, 9, 10, 11, 12, 14) (392, 1540, 8820, 9702) {'labels': (260, 25245, 378, 286), 'total': Fraction(1221712, 112567455), 'excess': Fraction(135739, 450269820)}
RES (1, 9, 10, 11, 12, 14) (392, 1540, 9702, 16170) {'labels': (260, 25245, 378, 492), 'total': Fraction(200658149, 18461062620), 'excess': Fraction(293134, 923053131)}
RES (1, 9, 10, 11, 12, 14) (392, 1540, 9702, 17640) {'labels': (260, 25245, 378, 451), 'total': Fraction(53746229, 4615265655), 'excess': Fraction(20189447, 18461062620)}
RES (1, 9, 10, 11, 12, 14) (392, 1540, 9702, 48510) {'labels': (260, 25245, 378, 268), 'total': Fraction(29237993, 2742552540), 'excess': Fraction(14971, 137127627)}
RES (1, 9, 10, 11, 12, 14) (392, 1540, 9702, 194040) {'labels': (260, 25245, 378, 299), 'total': Fraction(22753891, 2071241172), 'excess': Fraction(1123487, 2589051465)}
RES (1, 9, 10, 11, 12, 14) (392, 4620, 8085, 9702) {'labels': (260, 25245, 546, 312), 'total': Fraction(9684089, 900539640), 'excess': Fraction(181871, 900539640)}
RES (1, 9, 10, 11, 12, 14) (392, 5390, 6930, 9702) {'labels': (260, 25245, 324, 364), 'total': Fraction(1697533, 150089940), 'excess': Fraction(11383, 15008994)}
RES (1, 9, 10, 11, 12, 14) (392, 6930, 8085, 9702) {'labels': (260, 25245, 364, 312), 'total': Fraction(10508759, 900539640), 'excess': Fraction(1006541, 900539640)}
RES (1, 9, 10, 11, 12, 14) (392, 6930, 9702, 17640) {'labels': (260, 25245, 364, 451), 'total': Fraction(206129531, 18461062620), 'excess': Fraction(5667031, 9230531310)}
RES (1, 9, 10, 11, 12, 14) (392, 8085, 9702, 13860) {'labels': (260, 25245, 312, 574), 'total': Fraction(394455829, 36922125240), 'excess': Fraction(4864891, 36922125240)}
RES (1, 9, 10, 11, 12, 14) (396, 1960, 8085, 9702) {'labels': (260, 46550, 297, 312), 'total': Fraction(1117469, 102702600), 'excess': Fraction(1655351, 5032427400)}
RES (1, 9, 10, 11, 12, 14) (396, 5390, 9702, 17640) {'labels': (260, 46550, 324, 451), 'total': Fraction(171262279, 14737823100), 'excess': Fraction(55136519, 51582380850)}
RES (1, 9, 10, 11, 12, 14) (396, 5390, 9702, 21560) {'labels': (260, 46550, 324, 351), 'total': Fraction(327967, 29954925), 'excess': Fraction(332971, 838737900)}
RES (1, 9, 10, 11, 12, 14) (396, 5390, 9702, 194040) {'labels': (260, 46550, 324, 299), 'total': Fraction(22654993, 2066889825), 'excess': Fraction(23682559, 57872915100)}
RES (1, 9, 10, 11, 12, 14) (396, 5880, 8085, 9702) {'labels': (260, 46550, 429, 312), 'total': Fraction(858397, 79879800), 'excess': Fraction(108709, 559158600)}
RES (1, 9, 10, 11, 12, 14) (396, 8085, 9702, 17640) {'labels': (260, 46550, 312, 451), 'total': Fraction(5605001, 467867400), 'excess': Fraction(32742179, 22925502600)}
RES (1, 9, 10, 11, 12, 14) (396, 8085, 9702, 21560) {'labels': (260, 46550, 312, 351), 'total': Fraction(1161359, 102702600), 'excess': Fraction(3805961, 5032427400)}
RES (1, 9, 10, 11, 12, 14) (396, 8085, 9702, 194040) {'labels': (260, 46550, 312, 299), 'total': Fraction(8913379, 787386600), 'excess': Fraction(29650741, 38581943400)}
RES (1, 9, 10, 11, 12, 14) (396, 8820, 9702, 17640) {'labels': (260, 46550, 286, 451), 'total': Fraction(7498019, 701801100), 'excess': Fraction(2274313, 17194126950)}
RES (1, 9, 10, 11, 12, 14) (396, 9702, 16170, 17640) {'labels': (260, 46550, 492, 451), 'total': Fraction(625777, 58483425), 'excess': Fraction(1700857, 11462751300)}
RES (1, 9, 10, 11, 12, 14) (420, 3528, 5390, 9702) {'labels': (260, 21714, 275, 324), 'total': Fraction(6587957, 565847100), 'excess': Fraction(154328, 141461775)}
RES (1, 9, 10, 11, 12, 14) (420, 3528, 8085, 9702) {'labels': (260, 21714, 275, 312), 'total': Fraction(49802603, 4149545400), 'excess': Fraction(6017873, 4149545400)}
RES (1, 9, 10, 11, 12, 14) (420, 3528, 9702, 16170) {'labels': (260, 21714, 275, 492), 'total': Fraction(456042397, 42532840350), 'excess': Fraction(14497829, 85065680700)}
RES (1, 9, 10, 11, 12, 14) (420, 3528, 9702, 21560) {'labels': (260, 21714, 275, 351), 'total': Fraction(33693061, 3112159050), 'excess': Fraction(1709027, 6224318100)}
RES (1, 9, 10, 11, 12, 14) (420, 3528, 9702, 194040) {'labels': (260, 21714, 275, 299), 'total': Fraction(28733909, 2651098450), 'excess': Fraction(1520663, 5302196900)}
RES (1, 9, 10, 11, 12, 14) (420, 5390, 9702, 17640) {'labels': (260, 21714, 324, 451), 'total': Fraction(594716167, 51039408420), 'excess': Fraction(14040997, 12759852105)}
RES (1, 9, 10, 11, 12, 14) (420, 5390, 9702, 21560) {'labels': (260, 21714, 324, 351), 'total': Fraction(2278139, 207477270), 'excess': Fraction(35561, 82990908)}
RES (1, 9, 10, 11, 12, 14) (420, 5390, 9702, 194040) {'labels': (260, 21714, 324, 299), 'total': Fraction(157366619, 14315931630), 'excess': Fraction(12618601, 28631863260)}
RES (1, 9, 10, 11, 12, 14) (420, 6468, 9702, 17640) {'labels': (260, 21714, 390, 451), 'total': Fraction(6390185, 567104538), 'excess': Fraction(4062719, 5671045380)}
RES (1, 9, 10, 11, 12, 14) (420, 6468, 9702, 21560) {'labels': (260, 21714, 390, 351), 'total': Fraction(13190797, 1244863620), 'excess': Fraction(27689, 622431810)}
RES (1, 9, 10, 11, 12, 14) (420, 6468, 9702, 194040) {'labels': (260, 21714, 390, 299), 'total': Fraction(101246129, 9543954420), 'excess': Fraction(54125, 954395442)}
RES (1, 9, 10, 11, 12, 14) (420, 8085, 9702, 17640) {'labels': (260, 21714, 312, 451), 'total': Fraction(27246865, 2268418152), 'excess': Fraction(16556063, 11342090760)}
RES (1, 9, 10, 11, 12, 14) (420, 8085, 9702, 21560) {'labels': (260, 21714, 312, 351), 'total': Fraction(28232219, 2489727240), 'excess': Fraction(1961381, 2489727240)}
RES (1, 9, 10, 11, 12, 14) (420, 8085, 9702, 194040) {'labels': (260, 21714, 312, 299), 'total': Fraction(216680383, 19087908840), 'excess': Fraction(3054125, 3817581768)}
RES (1, 9, 10, 11, 12, 14) (420, 9702, 16170, 17640) {'labels': (260, 21714, 492, 451), 'total': Fraction(30429629, 2835522690), 'excess': Fraction(1020127, 5671045380)}
RES (1, 9, 10, 11, 12, 14) (420, 9702, 17640, 19404) {'labels': (260, 21714, 451, 410), 'total': Fraction(47635387, 4253284035), 'excess': Fraction(2204831, 3402627228)}
RES (1, 9, 10, 11, 12, 14) (420, 9702, 17640, 21560) {'labels': (260, 21714, 451, 351), 'total': Fraction(276524323, 25519704210), 'excess': Fraction(14496467, 51039408420)}
RES (1, 9, 10, 11, 12, 14) (420, 9702, 17640, 194040) {'labels': (260, 21714, 451, 299), 'total': Fraction(2122411859, 195651065610), 'excess': Fraction(115923679, 391302131220)}
RES (1, 9, 10, 11, 12, 14) (440, 1764, 5390, 9702) {'labels': (260, 38367, 550, 324), 'total': Fraction(5909821, 548648100), 'excess': Fraction(422291, 1920268350)}
RES (1, 9, 10, 11, 12, 14) (440, 1764, 8085, 9702) {'labels': (260, 38367, 550, 312), 'total': Fraction(4071299, 365765400), 'excess': Fraction(1482983, 2560357800)}
RES (1, 9, 10, 11, 12, 14) (440, 1960, 8085, 9702) {'labels': (260, 38367, 297, 312), 'total': Fraction(477457, 43891848), 'excess': Fraction(501329, 1536214680)}
RES (1, 9, 10, 11, 12, 14) (440, 3528, 5390, 9702) {'labels': (260, 38367, 275, 324), 'total': Fraction(6369007, 548648100), 'excess': Fraction(1014721, 960134175)}
RES (1, 9, 10, 11, 12, 14) (440, 3528, 8085, 9702) {'labels': (260, 38367, 275, 312), 'total': Fraction(1459141, 121921800), 'excess': Fraction(1208617, 853452600)}
RES (1, 9, 10, 11, 12, 14) (440, 3528, 8820, 9702) {'labels': (260, 38367, 275, 286), 'total': Fraction(1951709, 182882700), 'excess': Fraction(38477, 320044725)}
RES (1, 9, 10, 11, 12, 14) (440, 3528, 9702, 16170) {'labels': (260, 38367, 275, 492), 'total': Fraction(13356809, 1249698450), 'excess': Fraction(2385241, 17495778300)}
RES (1, 9, 10, 11, 12, 14) (440, 3528, 9702, 17640) {'labels': (260, 38367, 275, 451), 'total': Fraction(28653283, 2499396900), 'excess': Fraction(3990724, 4373944575)}
RES (1, 9, 10, 11, 12, 14) (440, 3528, 9702, 21560) {'labels': (260, 38367, 275, 351), 'total': Fraction(269141, 24938550), 'excess': Fraction(83959, 349139700)}
RES (1, 9, 10, 11, 12, 14) (440, 3528, 9702, 194040) {'labels': (260, 38367, 275, 299), 'total': Fraction(22723271, 2103151050), 'excess': Fraction(7440529, 29444114700)}
RES (1, 9, 10, 11, 12, 14) (440, 5390, 6468, 9702) {'labels': (260, 38367, 324, 390), 'total': Fraction(624277, 54864810), 'excess': Fraction(127009, 153621468)}
RES (1, 9, 10, 11, 12, 14) (440, 5390, 8820, 9702) {'labels': (260, 38367, 324, 286), 'total': Fraction(237583, 21945924), 'excess': Fraction(52643, 192026835)}
RES (1, 9, 10, 11, 12, 14) (440, 5390, 9702, 16170) {'labels': (260, 38367, 324, 492), 'total': Fraction(24388493, 2249457210), 'excess': Fraction(9140749, 31492400940)}
RES (1, 9, 10, 11, 12, 14) (440, 5390, 9702, 17640) {'labels': (260, 38367, 324, 451), 'total': Fraction(52268383, 4498914420), 'excess': Fraction(8395132, 7873100235)}
RES (1, 9, 10, 11, 12, 14) (440, 5390, 9702, 19404) {'labels': (260, 38367, 324, 410), 'total': Fraction(12720727, 1124728605), 'excess': Fraction(23882203, 31492400940)}
RES (1, 9, 10, 11, 12, 14) (440, 5390, 9702, 48510) {'labels': (260, 38367, 324, 268), 'total': Fraction(39088321, 3675942270), 'excess': Fraction(4212683, 51463191780)}
RES (1, 9, 10, 11, 12, 14) (440, 5390, 9702, 194040) {'labels': (260, 38367, 324, 299), 'total': Fraction(13828193, 1261890630), 'excess': Fraction(7183543, 17666468820)}
RES (1, 9, 10, 11, 12, 14) (440, 5880, 8085, 9702) {'labels': (260, 38367, 429, 312), 'total': Fraction(785921, 73153080), 'excess': Fraction(19645, 102414312)}
RES (1, 9, 10, 11, 12, 14) (440, 6468, 8085, 9702) {'labels': (260, 38367, 390, 312), 'total': Fraction(858653, 73153080), 'excess': Fraction(607349, 512071560)}
RES (1, 9, 10, 11, 12, 14) (440, 8085, 8820, 9702) {'labels': (260, 38367, 312, 286), 'total': Fraction(818227, 73153080), 'excess': Fraction(324367, 512071560)}
RES (1, 9, 10, 11, 12, 14) (440, 8085, 9702, 17640) {'labels': (260, 38367, 312, 451), 'total': Fraction(35923219, 2999276280), 'excess': Fraction(29930431, 20994933960)}
RES (1, 9, 10, 11, 12, 14) (440, 8085, 9702, 19404) {'labels': (260, 38367, 312, 410), 'total': Fraction(353531, 30295720), 'excess': Fraction(237019, 212070040)}
RES (1, 9, 10, 11, 12, 14) (440, 8085, 9702, 21560) {'labels': (260, 38367, 312, 351), 'total': Fraction(2481071, 219459240), 'excess': Fraction(1157831, 1536214680)}
RES (1, 9, 10, 11, 12, 14) (440, 8085, 9702, 32340) {'labels': (260, 38367, 312, 402), 'total': Fraction(52830707, 4901256360), 'excess': Fraction(1559815, 6861758904)}
RES (1, 9, 10, 11, 12, 14) (440, 8085, 9702, 48510) {'labels': (260, 38367, 312, 268), 'total': Fraction(17959589, 1633752120), 'excess': Fraction(1009033, 2287252968)}
RES (1, 9, 10, 11, 12, 14) (440, 8085, 9702, 194040) {'labels': (260, 38367, 312, 299), 'total': Fraction(3808423, 336504168), 'excess': Fraction(9020699, 11777645880)}
RES (1, 9, 10, 11, 12, 14) (440, 8820, 9702, 17640) {'labels': (260, 38367, 286, 451), 'total': Fraction(1456199, 136330740), 'excess': Fraction(30938, 238578795)}
RES (1, 9, 10, 11, 12, 14) (440, 9702, 16170, 17640) {'labels': (260, 38367, 492, 451), 'total': Fraction(8021173, 749819070), 'excess': Fraction(1530371, 10497466980)}
RES (1, 9, 10, 11, 12, 14) (440, 9702, 17640, 21560) {'labels': (260, 38367, 451, 351), 'total': Fraction(24297781, 2249457210), 'excess': Fraction(7870781, 31492400940)}
RES (1, 9, 10, 11, 12, 14) (440, 9702, 17640, 194040) {'labels': (260, 38367, 451, 299), 'total': Fraction(186493837, 17245838610), 'excess': Fraction(12658909, 48288348108)}
RES (1, 9, 10, 11, 12, 14) (490, 2772, 9702, 17640) {'labels': (260, 24156, 350, 451), 'total': Fraction(263137757, 22080878820), 'excess': Fraction(15073549, 11040439410)}
RES (1, 9, 10, 11, 12, 14) (490, 2772, 9702, 21560) {'labels': (260, 24156, 350, 351), 'total': Fraction(412918, 36719865), 'excess': Fraction(20369, 29375892)}
RES (1, 9, 10, 11, 12, 14) (490, 2772, 9702, 194040) {'labels': (260, 24156, 350, 299), 'total': Fraction(11620204, 1032236205), 'excess': Fraction(2913457, 4128944820)}
RES (1, 9, 10, 11, 12, 14) (490, 3528, 6930, 9702) {'labels': (260, 24156, 275, 364), 'total': Fraction(7540558, 673197525), 'excess': Fraction(1748737, 2692790100)}
RES (1, 9, 10, 11, 12, 14) (490, 6930, 9702, 17640) {'labels': (260, 24156, 364, 451), 'total': Fraction(12376951, 1104043941), 'excess': Fraction(14548361, 22080878820)}
RES (1, 9, 10, 11, 12, 14) (495, 1764, 9702, 17640) {'labels': (260, 36848, 550, 451), 'total': Fraction(1808653919, 170131361400), 'excess': Fraction(13479989, 170131361400)}
RES (1, 9, 10, 11, 12, 14) (495, 3528, 5390, 9702) {'labels': (260, 36848, 275, 324), 'total': Fraction(144557729, 12448636200), 'excess': Fraction(13203539, 12448636200)}
RES (1, 9, 10, 11, 12, 14) (495, 3528, 8820, 9702) {'labels': (260, 36848, 275, 286), 'total': Fraction(4922147, 461060600), 'excess': Fraction(57177, 461060600)}
RES (1, 9, 10, 11, 12, 14) (495, 3528, 9702, 16170) {'labels': (260, 36848, 275, 492), 'total': Fraction(1819012813, 170131361400), 'excess': Fraction(23838883, 170131361400)}
RES (1, 9, 10, 11, 12, 14) (495, 3528, 9702, 17640) {'labels': (260, 36848, 275, 451), 'total': Fraction(1951043803, 170131361400), 'excess': Fraction(155869873, 170131361400)}
RES (1, 9, 10, 11, 12, 14) (495, 3528, 9702, 21560) {'labels': (260, 36848, 275, 351), 'total': Fraction(134394919, 12448636200), 'excess': Fraction(3040729, 12448636200)}
RES (1, 9, 10, 11, 12, 14) (495, 3528, 9702, 194040) {'labels': (260, 36848, 275, 299), 'total': Fraction(114614211, 10604393800), 'excess': Fraction(2719901, 10604393800)}
RES (1, 9, 10, 11, 12, 14) (495, 5390, 9702, 17640) {'labels': (260, 36848, 324, 451), 'total': Fraction(1186338269, 102078816840), 'excess': Fraction(109233911, 102078816840)}
RES (1, 9, 10, 11, 12, 14) (495, 5390, 9702, 21560) {'labels': (260, 36848, 324, 351), 'total': Fraction(9087401, 829909080), 'excess': Fraction(66091, 165981816)}
RES (1, 9, 10, 11, 12, 14) (495, 5390, 9702, 194040) {'labels': (260, 36848, 324, 299), 'total': Fraction(627730781, 57263726520), 'excess': Fraction(23501507, 57263726520)}
RES (1, 9, 10, 11, 12, 14) (495, 6468, 9702, 17640) {'labels': (260, 36848, 390, 451), 'total': Fraction(2317453, 206219832), 'excess': Fraction(707423, 1031099160)}
RES (1, 9, 10, 11, 12, 14) (495, 6468, 9702, 21560) {'labels': (260, 36848, 390, 351), 'total': Fraction(26306129, 2489727240), 'excess': Fraction(35291, 2489727240)}
RES (1, 9, 10, 11, 12, 14) (495, 6468, 9702, 194040) {'labels': (260, 36848, 390, 299), 'total': Fraction(201913693, 19087908840), 'excess': Fraction(100787, 3817581768)}
RES (1, 9, 10, 11, 12, 14) (495, 8820, 9702, 17640) {'labels': (260, 36848, 286, 451), 'total': Fraction(363576079, 34026272280), 'excess': Fraction(4541293, 34026272280)}
RES (1, 9, 10, 11, 12, 14) (495, 9702, 16170, 17640) {'labels': (260, 36848, 492, 451), 'total': Fraction(121374731, 11342090760), 'excess': Fraction(1696469, 11342090760)}
RES (1, 9, 10, 11, 12, 14) (495, 9702, 17640, 19404) {'labels': (260, 36848, 451, 410), 'total': Fraction(380051741, 34026272280), 'excess': Fraction(4203391, 6805254456)}
RES (1, 9, 10, 11, 12, 14) (495, 9702, 17640, 21560) {'labels': (260, 36848, 451, 351), 'total': Fraction(1103003227, 102078816840), 'excess': Fraction(25898869, 102078816840)}
RES (1, 9, 10, 11, 12, 14) (495, 9702, 17640, 194040) {'labels': (260, 36848, 451, 299), 'total': Fraction(769629661, 71145842040), 'excess': Fraction(18920563, 71145842040)}
RES (1, 9, 10, 11, 12, 14) (504, 980, 8085, 9702) {'labels': (260, 385, 20394, 312), 'total': Fraction(585859, 55113240), 'excess': Fraction(4321, 55113240)}
RES (1, 9, 10, 11, 12, 14) (504, 1960, 8085, 9702) {'labels': (260, 22715, 297, 312), 'total': Fraction(6806365, 625080456), 'excess': Fraction(1053539, 3125402280)}
RES (1, 9, 10, 11, 12, 14) (504, 2940, 8085, 9702) {'labels': (260, 385, 28446, 312), 'total': Fraction(80675347, 7610442840), 'excess': Fraction(372289, 7610442840)}
RES (1, 9, 10, 11, 12, 14) (504, 4410, 8085, 9702) {'labels': (260, 385, 19228, 312), 'total': Fraction(9105409, 857376520), 'excess': Fraction(11727, 171475304)}
RES (1, 9, 10, 11, 12, 14) (504, 5390, 8820, 9702) {'labels': (260, 22715, 324, 286), 'total': Fraction(3386869, 312540228), 'excess': Fraction(222601, 781350570)}
RES (1, 9, 10, 11, 12, 14) (504, 5390, 9702, 17640) {'labels': (260, 22715, 324, 451), 'total': Fraction(745062541, 64070746740), 'excess': Fraction(34503839, 32035373370)}
RES (1, 9, 10, 11, 12, 14) (504, 5390, 9702, 21560) {'labels': (260, 22715, 324, 351), 'total': Fraction(285371, 26045019), 'excess': Fraction(211039, 520900380)}
RES (1, 9, 10, 11, 12, 14) (504, 5390, 9702, 48510) {'labels': (260, 22715, 324, 268), 'total': Fraction(278617151, 26175244095), 'excess': Fraction(9696023, 104700976380)}
RES (1, 9, 10, 11, 12, 14) (504, 5390, 9702, 194040) {'labels': (260, 22715, 324, 299), 'total': Fraction(98562853, 8985531555), 'excess': Fraction(15001123, 35942126220)}
RES (1, 9, 10, 11, 12, 14) (504, 5880, 8085, 9702) {'labels': (260, 22715, 429, 312), 'total': Fraction(339509, 31569720), 'excess': Fraction(1279, 6313944)}
RES (1, 9, 10, 11, 12, 14) (504, 8085, 8820, 9702) {'labels': (260, 22715, 312, 286), 'total': Fraction(11663879, 1041800760), 'excess': Fraction(671117, 1041800760)}
RES (1, 9, 10, 11, 12, 14) (504, 8085, 9702, 10780) {'labels': (260, 385, 312, 23418), 'total': Fraction(244079569, 22972589640), 'excess': Fraction(1679851, 22972589640)}
RES (1, 9, 10, 11, 12, 14) (504, 8085, 9702, 17640) {'labels': (260, 22715, 312, 451), 'total': Fraction(170685101, 14237943720), 'excess': Fraction(20450687, 14237943720)}
RES (1, 9, 10, 11, 12, 14) (504, 8085, 9702, 21560) {'labels': (260, 22715, 312, 351), 'total': Fraction(35367467, 3125402280), 'excess': Fraction(2389181, 3125402280)}
RES (1, 9, 10, 11, 12, 14) (504, 8085, 9702, 32340) {'labels': (260, 22715, 312, 402), 'total': Fraction(251044133, 23266883640), 'excess': Fraction(1107823, 4653376728)}
RES (1, 9, 10, 11, 12, 14) (504, 8085, 9702, 48510) {'labels': (260, 22715, 312, 268), 'total': Fraction(768058219, 69800650920), 'excess': Fraction(6308633, 13960130184)}
RES (1, 9, 10, 11, 12, 14) (504, 8085, 9702, 64680) {'labels': (260, 385, 312, 20859), 'total': Fraction(118426067, 11161233720), 'excess': Fraction(656153, 11161233720)}
RES (1, 9, 10, 11, 12, 14) (504, 8085, 9702, 97020) {'labels': (260, 385, 312, 20198), 'total': Fraction(630474737, 59441502120), 'excess': Fraction(3266243, 59441502120)}
RES (1, 9, 10, 11, 12, 14) (504, 8085, 9702, 194040) {'labels': (260, 22715, 312, 299), 'total': Fraction(4935337, 435662136), 'excess': Fraction(1691819, 2178310680)}
RES (1, 9, 10, 11, 12, 14) (504, 9702, 16170, 17640) {'labels': (260, 22715, 492, 451), 'total': Fraction(19057891, 1779742965), 'excess': Fraction(1114357, 7118971860)}
RES (1, 9, 10, 11, 12, 14) (504, 9702, 17640, 21560) {'labels': (260, 22715, 451, 351), 'total': Fraction(15744466, 1456153335), 'excess': Fraction(1518331, 5824613340)}
RES (1, 9, 10, 11, 12, 14) (504, 9702, 17640, 194040) {'labels': (260, 22715, 451, 299), 'total': Fraction(1329284692, 122802264585), 'excess': Fraction(26810297, 98241811668)}
RES (1, 9, 10, 11, 12, 14) (588, 1540, 9702, 17640) {'labels': (260, 33990, 378, 451), 'total': Fraction(217304693, 18642053430), 'excess': Fraction(41198929, 37284106860)}
RES (1, 9, 10, 11, 12, 14) (588, 1540, 9702, 21560) {'labels': (260, 33990, 378, 351), 'total': Fraction(2724331, 248009580), 'excess': Fraction(10741, 24800958)}
RES (1, 9, 10, 11, 12, 14) (588, 1540, 9702, 194040) {'labels': (260, 33990, 378, 299), 'total': Fraction(230007629, 20915474580), 'excess': Fraction(4656979, 10457737290)}
RES (1, 9, 10, 11, 12, 14) (588, 3960, 8085, 9702) {'labels': (260, 33990, 343, 312), 'total': Fraction(6403681, 606245640), 'excess': Fraction(6763, 606245640)}
RES (1, 9, 10, 11, 12, 14) (588, 6930, 9702, 17640) {'labels': (260, 33990, 364, 451), 'total': Fraction(138908327, 12428035620), 'excess': Fraction(1942877, 3107008905)}
RES (1, 9, 10, 11, 12, 14) (616, 1960, 8085, 9702) {'labels': (260, 21735, 297, 312), 'total': Fraction(13278341, 1218377160), 'excess': Fraction(422399, 1218377160)}
RES (1, 9, 10, 11, 12, 14) (616, 5390, 8820, 9702) {'labels': (260, 21735, 324, 286), 'total': Fraction(6607373, 609188580), 'excess': Fraction(89701, 304594290)}
RES (1, 9, 10, 11, 12, 14) (616, 5390, 9702, 16170) {'labels': (260, 21735, 324, 492), 'total': Fraction(67826158, 6244182945), 'excess': Fraction(7757821, 24976731780)}
RES (1, 9, 10, 11, 12, 14) (616, 5390, 9702, 17640) {'labels': (260, 21735, 324, 451), 'total': Fraction(58137581, 4995346356), 'excess': Fraction(13570547, 12488365890)}
RES (1, 9, 10, 11, 12, 14) (616, 5390, 9702, 48510) {'labels': (260, 21735, 324, 268), 'total': Fraction(108711431, 10203908715), 'excess': Fraction(4171667, 40815634860)}
RES (1, 9, 10, 11, 12, 14) (616, 5390, 9702, 194040) {'labels': (260, 21735, 324, 299), 'total': Fraction(1672019, 152297145), 'excess': Fraction(52021, 121837716)}
RES (1, 9, 10, 11, 12, 14) (616, 5880, 8085, 9702) {'labels': (260, 21735, 429, 312), 'total': Fraction(4371481, 406125720), 'excess': Fraction(86167, 406125720)}
RES (1, 9, 10, 11, 12, 14) (616, 8085, 8820, 9702) {'labels': (260, 21735, 312, 286), 'total': Fraction(303389, 27075048), 'excess': Fraction(88507, 135375240)}
RES (1, 9, 10, 11, 12, 14) (616, 8085, 9702, 17640) {'labels': (260, 21735, 312, 451), 'total': Fraction(199774643, 16651154520), 'excess': Fraction(24076769, 16651154520)}
RES (1, 9, 10, 11, 12, 14) (616, 8085, 9702, 21560) {'labels': (260, 21735, 312, 351), 'total': Fraction(2759803, 243675432), 'excess': Fraction(943073, 1218377160)}
RES (1, 9, 10, 11, 12, 14) (616, 8085, 9702, 32340) {'labels': (260, 21735, 312, 402), 'total': Fraction(293855227, 27210423240), 'excess': Fraction(6739189, 27210423240)}
RES (1, 9, 10, 11, 12, 14) (616, 8085, 9702, 48510) {'labels': (260, 21735, 312, 268), 'total': Fraction(299673767, 27210423240), 'excess': Fraction(12557729, 27210423240)}
RES (1, 9, 10, 11, 12, 14) (616, 8085, 9702, 194040) {'labels': (260, 21735, 312, 299), 'total': Fraction(1534879, 135375240), 'excess': Fraction(106441, 135375240)}
RES (1, 9, 10, 11, 12, 14) (616, 8820, 9702, 17640) {'labels': (260, 21735, 286, 451), 'total': Fraction(2699939, 252290220), 'excess': Fraction(3785, 25229022)}
RES (1, 9, 10, 11, 12, 14) (616, 9702, 16170, 17640) {'labels': (260, 21735, 492, 451), 'total': Fraction(4461605, 416278863), 'excess': Fraction(1383163, 8325577260)}
RES (1, 9, 10, 11, 12, 14) (616, 9702, 17640, 21560) {'labels': (260, 21735, 451, 351), 'total': Fraction(67574354, 6244182945), 'excess': Fraction(1350121, 4995346356)}
RES (1, 9, 10, 11, 12, 14) (616, 9702, 17640, 194040) {'labels': (260, 21735, 451, 299), 'total': Fraction(7516744, 693798105), 'excess': Fraction(783997, 2775192420)}
RES (1, 9, 10, 11, 12, 14) (630, 1960, 8085, 9702) {'labels': (260, 40348, 297, 312), 'total': Fraction(75621239, 6939452520), 'excess': Fraction(479653, 1387890504)}
RES (1, 9, 10, 11, 12, 14) (630, 3528, 5390, 9702) {'labels': (260, 40348, 275, 324), 'total': Fraction(50431624, 4337157825), 'excess': Fraction(18669061, 17348631300)}
RES (1, 9, 10, 11, 12, 14) (630, 3528, 8085, 9702) {'labels': (260, 40348, 275, 312), 'total': Fraction(138639869, 11565754200), 'excess': Fraction(16601579, 11565754200)}
RES (1, 9, 10, 11, 12, 14) (630, 3528, 9702, 16170) {'labels': (260, 40348, 275, 492), 'total': Fraction(2538675137, 237097961100), 'excess': Fraction(9222548, 59274490275)}
RES (1, 9, 10, 11, 12, 14) (630, 3528, 9702, 21560) {'labels': (260, 40348, 275, 351), 'total': Fraction(17051221, 1577148300), 'excess': Fraction(102409, 394287075)}
RES (1, 9, 10, 11, 12, 14) (630, 3528, 9702, 194040) {'labels': (260, 40348, 275, 299), 'total': Fraction(159956939, 14778463700), 'excess': Fraction(1004781, 3694615925)}
RES (1, 9, 10, 11, 12, 14) (630, 5390, 9702, 17640) {'labels': (260, 40348, 324, 451), 'total': Fraction(413875489, 35564694165), 'excess': Fraction(154430989, 142258776660)}
RES (1, 9, 10, 11, 12, 14) (630, 5390, 9702, 21560) {'labels': (260, 40348, 324, 351), 'total': Fraction(12682249, 1156575420), 'excess': Fraction(23921, 57828771)}
RES (1, 9, 10, 11, 12, 14) (630, 5390, 9702, 194040) {'labels': (260, 40348, 324, 299), 'total': Fraction(876050869, 79803703980), 'excess': Fraction(8496667, 19950925995)}
RES (1, 9, 10, 11, 12, 14) (630, 5880, 8085, 9702) {'labels': (260, 40348, 429, 312), 'total': Fraction(8298637, 771050280), 'excess': Fraction(162751, 771050280)}
RES (1, 9, 10, 11, 12, 14) (630, 6468, 9702, 17640) {'labels': (260, 40348, 390, 451), 'total': Fraction(35574967, 3161306148), 'excess': Fraction(2772293, 3951632685)}
RES (1, 9, 10, 11, 12, 14) (630, 6468, 9702, 21560) {'labels': (260, 40348, 390, 351), 'total': Fraction(18357173, 1734863130), 'excess': Fraction(102859, 3469726260)}
RES (1, 9, 10, 11, 12, 14) (630, 6468, 9702, 194040) {'labels': (260, 40348, 390, 299), 'total': Fraction(140900941, 13300617330), 'excess': Fraction(222763, 5320246932)}
RES (1, 9, 10, 11, 12, 14) (630, 8085, 9702, 17640) {'labels': (260, 40348, 312, 451), 'total': Fraction(75849559, 6322612296), 'excess': Fraction(45676469, 31613061480)}
RES (1, 9, 10, 11, 12, 14) (630, 8085, 9702, 21560) {'labels': (260, 40348, 312, 351), 'total': Fraction(78586817, 6939452520), 'excess': Fraction(5363843, 6939452520)}
RES (1, 9, 10, 11, 12, 14) (630, 8085, 9702, 194040) {'labels': (260, 40348, 312, 299), 'total': Fraction(603149389, 53202469320), 'excess': Fraction(8354651, 10640493864)}
RES (1, 9, 10, 11, 12, 14) (630, 9702, 16170, 17640) {'labels': (260, 40348, 492, 451), 'total': Fraction(169394419, 15806530740), 'excess': Fraction(652189, 3951632685)}
RES (1, 9, 10, 11, 12, 14) (630, 9702, 17640, 19404) {'labels': (260, 40348, 451, 410), 'total': Fraction(530380159, 47419592220), 'excess': Fraction(3002317, 4741959222)}
RES (1, 9, 10, 11, 12, 14) (630, 9702, 17640, 21560) {'labels': (260, 40348, 451, 351), 'total': Fraction(1539364823, 142258776660), 'excess': Fraction(9573464, 35564694165)}
RES (1, 9, 10, 11, 12, 14) (630, 9702, 17640, 194040) {'labels': (260, 40348, 451, 299), 'total': Fraction(11815131379, 1090650621060), 'excess': Fraction(76730158, 272662655265)}
RES (1, 9, 10, 11, 12, 14) (660, 1764, 9702, 17640) {'labels': (260, 24402, 550, 451), 'total': Fraction(1596970183, 150222372300), 'excess': Fraction(5934899, 75111186150)}
RES (1, 9, 10, 11, 12, 14) (660, 1960, 8085, 9702) {'labels': (260, 24402, 297, 312), 'total': Fraction(47843717, 4396752360), 'excess': Fraction(290107, 879350472)}
RES (1, 9, 10, 11, 12, 14) (660, 3528, 5390, 9702) {'labels': (260, 24402, 275, 324), 'total': Fraction(127639003, 10991880900), 'excess': Fraction(2914012, 2747970225)}
RES (1, 9, 10, 11, 12, 14) (660, 3528, 8085, 9702) {'labels': (260, 24402, 275, 312), 'total': Fraction(87725567, 7327920600), 'excess': Fraction(10403597, 7327920600)}
RES (1, 9, 10, 11, 12, 14) (660, 3528, 8820, 9702) {'labels': (260, 24402, 275, 286), 'total': Fraction(13038187, 1221320100), 'excess': Fraction(37798, 305330025)}
RES (1, 9, 10, 11, 12, 14) (660, 3528, 9702, 16170) {'labels': (260, 24402, 275, 492), 'total': Fraction(803058433, 75111186150), 'excess': Fraction(21016481, 150222372300)}
RES (1, 9, 10, 11, 12, 14) (660, 3528, 9702, 17640) {'labels': (260, 24402, 275, 451), 'total': Fraction(1722697421, 150222372300), 'excess': Fraction(34399259, 37555593075)}
RES (1, 9, 10, 11, 12, 14) (660, 3528, 9702, 21560) {'labels': (260, 24402, 275, 351), 'total': Fraction(59332729, 5495940450), 'excess': Fraction(2682503, 10991880900)}
RES (1, 9, 10, 11, 12, 14) (660, 3528, 9702, 194040) {'labels': (260, 24402, 275, 299), 'total': Fraction(151799803, 14045181150), 'excess': Fraction(7198721, 28090362300)}
RES (1, 9, 10, 11, 12, 14) (660, 5390, 9702, 17640) {'labels': (260, 24402, 324, 451), 'total': Fraction(1047491803, 90133423380), 'excess': Fraction(24107893, 22533355845)}
RES (1, 9, 10, 11, 12, 14) (660, 5390, 9702, 21560) {'labels': (260, 24402, 324, 351), 'total': Fraction(4011911, 366396030), 'excess': Fraction(58325, 146558412)}
RES (1, 9, 10, 11, 12, 14) (660, 5390, 9702, 194040) {'labels': (260, 24402, 324, 299), 'total': Fraction(277130951, 25281326070), 'excess': Fraction(20740309, 50562652140)}
RES (1, 9, 10, 11, 12, 14) (660, 5880, 8085, 9702) {'labels': (260, 24402, 429, 312), 'total': Fraction(5250251, 488528040), 'excess': Fraction(95453, 488528040)}
RES (1, 9, 10, 11, 12, 14) (660, 6468, 9702, 17640) {'labels': (260, 24402, 390, 451), 'total': Fraction(341037, 30347954), 'excess': Fraction(208147, 303479540)}
RES (1, 9, 10, 11, 12, 14) (660, 6468, 9702, 21560) {'labels': (260, 24402, 390, 351), 'total': Fraction(23227273, 2198376180), 'excess': Fraction(15341, 1099188090)}
RES (1, 9, 10, 11, 12, 14) (660, 6468, 9702, 194040) {'labels': (260, 24402, 390, 299), 'total': Fraction(178281821, 16854217380), 'excess': Fraction(44129, 1685421738)}
RES (1, 9, 10, 11, 12, 14) (660, 8085, 9702, 17640) {'labels': (260, 24402, 312, 451), 'total': Fraction(47994509, 4005929928), 'excess': Fraction(28625827, 20029649640)}
RES (1, 9, 10, 11, 12, 14) (660, 8085, 9702, 21560) {'labels': (260, 24402, 312, 351), 'total': Fraction(49722671, 4396752360), 'excess': Fraction(3329489, 4396752360)}
RES (1, 9, 10, 11, 12, 14) (660, 8085, 9702, 194040) {'labels': (260, 24402, 312, 299), 'total': Fraction(381619267, 33708434760), 'excess': Fraction(5187641, 6741686952)}
RES (1, 9, 10, 11, 12, 14) (660, 8820, 9702, 17640) {'labels': (260, 24402, 286, 451), 'total': Fraction(321023393, 30044474460), 'excess': Fraction(1000829, 7511118615)}
RES (1, 9, 10, 11, 12, 14) (660, 9702, 16170, 17640) {'labels': (260, 24402, 492, 451), 'total': Fraction(53584561, 5007412410), 'excess': Fraction(1495763, 10014824820)}
RES (1, 9, 10, 11, 12, 14) (660, 9702, 17640, 19404) {'labels': (260, 24402, 451, 410), 'total': Fraction(83892763, 7511118615), 'excess': Fraction(3710195, 6008894892)}
RES (1, 9, 10, 11, 12, 14) (660, 9702, 17640, 21560) {'labels': (260, 24402, 451, 351), 'total': Fraction(486954367, 45066711690), 'excess': Fraction(22848503, 90133423380)}
RES (1, 9, 10, 11, 12, 14) (660, 9702, 17640, 194040) {'labels': (260, 24402, 451, 299), 'total': Fraction(339776461, 31410132390), 'excess': Fraction(16692761, 62820264780)}
RES (1, 9, 10, 11, 12, 14) (735, 1540, 3528, 9702) {'labels': (260, 21648, 378, 275), 'total': Fraction(1757381, 150825675), 'excess': Fraction(663659, 603302700)}
RES (1, 9, 10, 11, 12, 14) (735, 1540, 9702, 17640) {'labels': (260, 21648, 378, 451), 'total': Fraction(1055284, 90495405), 'excess': Fraction(401617, 361981620)}
RES (1, 9, 10, 11, 12, 14) (735, 1540, 9702, 21560) {'labels': (260, 21648, 378, 351), 'total': Fraction(11933749, 1085944860), 'excess': Fraction(118798, 271486215)}
RES (1, 9, 10, 11, 12, 14) (735, 1540, 9702, 194040) {'labels': (260, 21648, 378, 299), 'total': Fraction(1665343, 151374132), 'excess': Fraction(85112, 189217665)}
RES (1, 9, 10, 11, 12, 14) (735, 2772, 9702, 17640) {'labels': (260, 21648, 350, 451), 'total': Fraction(717203, 60330270), 'excess': Fraction(161233, 120660540)}
RES (1, 9, 10, 11, 12, 14) (735, 2772, 9702, 21560) {'labels': (260, 21648, 350, 351), 'total': Fraction(2435999, 217188972), 'excess': Fraction(360719, 542972430)}
RES (1, 9, 10, 11, 12, 14) (735, 2772, 9702, 194040) {'labels': (260, 21648, 350, 299), 'total': Fraction(8498341, 756870660), 'excess': Fraction(256037, 378435330)}
RES (1, 9, 10, 11, 12, 14) (735, 3528, 6930, 9702) {'labels': (260, 21648, 275, 364), 'total': Fraction(20220397, 1809908100), 'excess': Fraction(561401, 904954050)}
RES (1, 9, 10, 11, 12, 14) (735, 6930, 9702, 17640) {'labels': (260, 21648, 364, 451), 'total': Fraction(1349167, 120660540), 'excess': Fraction(37997, 60330270)}
RES (1, 9, 10, 11, 12, 14) (770, 1764, 9702, 17640) {'labels': (260, 21924, 550, 451), 'total': Fraction(1678449937, 157462004700), 'excess': Fraction(4239793, 39365501175)}
RES (1, 9, 10, 11, 12, 14) (770, 3528, 8820, 9702) {'labels': (260, 21924, 275, 286), 'total': Fraction(41109779, 3840536700), 'excess': Fraction(292807, 1920268350)}
RES (1, 9, 10, 11, 12, 14) (770, 3528, 9702, 17640) {'labels': (260, 21924, 275, 451), 'total': Fraction(1810236319, 157462004700), 'excess': Fraction(74372777, 78731002350)}
RES (1, 9, 10, 11, 12, 14) (770, 3528, 9702, 21560) {'labels': (260, 21924, 275, 351), 'total': Fraction(10392901, 960134175), 'excess': Fraction(1047439, 3840536700)}
RES (1, 9, 10, 11, 12, 14) (770, 3528, 9702, 194040) {'labels': (260, 21924, 275, 299), 'total': Fraction(239306713, 22083086025), 'excess': Fraction(25171057, 88332344100)}
RES (1, 9, 10, 11, 12, 14) (770, 6468, 9702, 17640) {'labels': (260, 21924, 390, 451), 'total': Fraction(1612733, 143147277), 'excess': Fraction(2045737, 2862945540)}
RES (1, 9, 10, 11, 12, 14) (770, 6468, 9702, 21560) {'labels': (260, 21924, 390, 351), 'total': Fraction(8137589, 768107340), 'excess': Fraction(8189, 192026835)}
RES (1, 9, 10, 11, 12, 14) (770, 6468, 9702, 194040) {'labels': (260, 21924, 390, 299), 'total': Fraction(187380539, 17666468820), 'excess': Fraction(48469, 883323441)}
RES (1, 9, 10, 11, 12, 14) (770, 8820, 9702, 17640) {'labels': (260, 21924, 286, 451), 'total': Fraction(337397867, 31492400940), 'excess': Fraction(2549857, 15746200470)}
RES (1, 9, 10, 11, 12, 14) (770, 9702, 17640, 19404) {'labels': (260, 21924, 451, 410), 'total': Fraction(176323309, 15746200470), 'excess': Fraction(4069693, 6298480188)}
RES (1, 9, 10, 11, 12, 14) (770, 9702, 17640, 21560) {'labels': (260, 21924, 451, 351), 'total': Fraction(85296208, 7873100235), 'excess': Fraction(8886679, 31492400940)}
RES (1, 9, 10, 11, 12, 14) (770, 9702, 17640, 194040) {'labels': (260, 21924, 451, 299), 'total': Fraction(178547882, 16461936855), 'excess': Fraction(19386299, 65847747420)}
RES (1, 9, 10, 11, 12, 14) (792, 1960, 8085, 9702) {'labels': (260, 26215, 297, 312), 'total': Fraction(1122269, 103056408), 'excess': Fraction(174247, 515282040)}
RES (1, 9, 10, 11, 12, 14) (792, 5390, 8820, 9702) {'labels': (260, 26215, 324, 286), 'total': Fraction(3071447, 283405122), 'excess': Fraction(810431, 2834051220)}
RES (1, 9, 10, 11, 12, 14) (792, 5390, 9702, 17640) {'labels': (260, 26215, 324, 451), 'total': Fraction(675669689, 58098050010), 'excess': Fraction(125273779, 116196100020)}
RES (1, 9, 10, 11, 12, 14) (792, 5390, 9702, 21560) {'labels': (260, 26215, 324, 351), 'total': Fraction(230039, 20992972), 'excess': Fraction(21319, 52482430)}
RES (1, 9, 10, 11, 12, 14) (792, 5390, 9702, 48510) {'labels': (260, 26215, 324, 268), 'total': Fraction(183759817, 17261948340), 'excess': Fraction(808517, 8630974170)}
RES (1, 9, 10, 11, 12, 14) (792, 5390, 9702, 194040) {'labels': (260, 26215, 324, 299), 'total': Fraction(715068031, 65183178060), 'excess': Fraction(13637567, 32591589030)}
RES (1, 9, 10, 11, 12, 14) (792, 5880, 8085, 9702) {'labels': (260, 26215, 429, 312), 'total': Fraction(20320771, 1889367480), 'excess': Fraction(76949, 377873496)}
RES (1, 9, 10, 11, 12, 14) (792, 8085, 8820, 9702) {'labels': (260, 26215, 312, 286), 'total': Fraction(2350573, 209929720), 'excess': Fraction(135459, 209929720)}
RES (1, 9, 10, 11, 12, 14) (792, 8085, 9702, 17640) {'labels': (260, 26215, 312, 451), 'total': Fraction(928725509, 77464066680), 'excess': Fraction(111348443, 77464066680)}
RES (1, 9, 10, 11, 12, 14) (792, 8085, 9702, 21560) {'labels': (260, 26215, 312, 351), 'total': Fraction(5831551, 515282040), 'excess': Fraction(394453, 515282040)}
RES (1, 9, 10, 11, 12, 14) (792, 8085, 9702, 32340) {'labels': (260, 26215, 312, 402), 'total': Fraction(1365985657, 126587621160), 'excess': Fraction(6054383, 25317524232)}
RES (1, 9, 10, 11, 12, 14) (792, 8085, 9702, 48510) {'labels': (260, 26215, 312, 268), 'total': Fraction(1393054517, 126587621160), 'excess': Fraction(11468155, 25317524232)}
RES (1, 9, 10, 11, 12, 14) (792, 8085, 9702, 194040) {'labels': (260, 26215, 312, 299), 'total': Fraction(10940565, 965676712), 'excess': Fraction(3755203, 4828383560)}
RES (1, 9, 10, 11, 12, 14) (792, 8820, 9702, 17640) {'labels': (260, 26215, 286, 451), 'total': Fraction(23009383, 2151779630), 'excess': Fraction(608929, 4303559260)}
RES (1, 9, 10, 11, 12, 14) (792, 9702, 16170, 17640) {'labels': (260, 26215, 492, 451), 'total': Fraction(414792811, 38732033340), 'excess': Fraction(3052139, 19366016670)}
RES (1, 9, 10, 11, 12, 14) (792, 9702, 17640, 21560) {'labels': (260, 26215, 451, 351), 'total': Fraction(1256479277, 116196100020), 'excess': Fraction(15206839, 58098050010)}
RES (1, 9, 10, 11, 12, 14) (792, 9702, 17640, 194040) {'labels': (260, 26215, 451, 299), 'total': Fraction(1071544361, 98981862980), 'excess': Fraction(2711811, 9898186298)}
RES (1, 9, 10, 11, 12, 14) (840, 1764, 5390, 9702) {'labels': (260, 19173, 550, 324), 'total': Fraction(118563469, 10991880900), 'excess': Fraction(1290257, 5495940450)}
RES (1, 9, 10, 11, 12, 14) (840, 1764, 8085, 9702) {'labels': (260, 19173, 550, 312), 'total': Fraction(81675211, 7327920600), 'excess': Fraction(4353241, 7327920600)}
RES (1, 9, 10, 11, 12, 14) (840, 3528, 5390, 9702) {'labels': (260, 19173, 275, 324), 'total': Fraction(127763023, 10991880900), 'excess': Fraction(2945017, 2747970225)}
RES (1, 9, 10, 11, 12, 14) (840, 3528, 8085, 9702) {'labels': (260, 19173, 275, 312), 'total': Fraction(87808247, 7327920600), 'excess': Fraction(10486277, 7327920600)}
RES (1, 9, 10, 11, 12, 14) (840, 3528, 9702, 16170) {'labels': (260, 19173, 275, 492), 'total': Fraction(803905903, 75111186150), 'excess': Fraction(22711421, 150222372300)}
RES (1, 9, 10, 11, 12, 14) (840, 3528, 9702, 21560) {'labels': (260, 19173, 275, 351), 'total': Fraction(59394739, 5495940450), 'excess': Fraction(2806523, 10991880900)}
RES (1, 9, 10, 11, 12, 14) (840, 3528, 9702, 194040) {'labels': (260, 19173, 275, 299), 'total': Fraction(151958273, 14045181150), 'excess': Fraction(7515661, 28090362300)}
RES (1, 9, 10, 11, 12, 14) (840, 5390, 6468, 9702) {'labels': (260, 19173, 324, 390), 'total': Fraction(12523393, 1099188090), 'excess': Fraction(370039, 439675236)}
RES (1, 9, 10, 11, 12, 14) (840, 5390, 8820, 9702) {'labels': (260, 19173, 324, 286), 'total': Fraction(4766383, 439675236), 'excess': Fraction(158831, 549594045)}
RES (1, 9, 10, 11, 12, 14) (840, 5390, 9702, 16170) {'labels': (260, 19173, 324, 492), 'total': Fraction(489280217, 45066711690), 'excess': Fraction(27500203, 90133423380)}
RES (1, 9, 10, 11, 12, 14) (840, 5390, 9702, 17640) {'labels': (260, 19173, 324, 451), 'total': Fraction(1048508767, 90133423380), 'excess': Fraction(24362134, 22533355845)}
RES (1, 9, 10, 11, 12, 14) (840, 5390, 9702, 19404) {'labels': (260, 19173, 324, 410), 'total': Fraction(255187873, 22533355845), 'excess': Fraction(69691261, 90133423380)}
RES (1, 9, 10, 11, 12, 14) (840, 5390, 9702, 21560) {'labels': (260, 19173, 324, 351), 'total': Fraction(73019, 6661746), 'excess': Fraction(27263, 66617460)}
RES (1, 9, 10, 11, 12, 14) (840, 5390, 9702, 48510) {'labels': (260, 19173, 324, 268), 'total': Fraction(784208149, 73645602030), 'excess': Fraction(14244701, 147291204060)}
RES (1, 9, 10, 11, 12, 14) (840, 5390, 9702, 194040) {'labels': (260, 19173, 324, 299), 'total': Fraction(277416197, 25281326070), 'excess': Fraction(21310801, 50562652140)}
RES (1, 9, 10, 11, 12, 14) (840, 6468, 8085, 9702) {'labels': (260, 19173, 390, 312), 'total': Fraction(5741479, 488528040), 'excess': Fraction(586681, 488528040)}
RES (1, 9, 10, 11, 12, 14) (840, 8085, 8820, 9702) {'labels': (260, 19173, 312, 286), 'total': Fraction(16414523, 1465584120), 'excess': Fraction(950129, 1465584120)}
RES (1, 9, 10, 11, 12, 14) (840, 8085, 9702, 17640) {'labels': (260, 19173, 312, 451), 'total': Fraction(80066179, 6676549880), 'excess': Fraction(9617273, 6676549880)}
RES (1, 9, 10, 11, 12, 14) (840, 8085, 9702, 19404) {'labels': (260, 19173, 312, 410), 'total': Fraction(702090761, 60088948920), 'excess': Fraction(68050607, 60088948920)}
RES (1, 9, 10, 11, 12, 14) (840, 8085, 9702, 21560) {'labels': (260, 19173, 312, 351), 'total': Fraction(49772279, 4396752360), 'excess': Fraction(3379097, 4396752360)}
RES (1, 9, 10, 11, 12, 14) (840, 8085, 9702, 32340) {'labels': (260, 19173, 312, 402), 'total': Fraction(32118011, 2975579880), 'excess': Fraction(144121, 595115976)}
RES (1, 9, 10, 11, 12, 14) (840, 8085, 9702, 48510) {'labels': (260, 19173, 312, 268), 'total': Fraction(1080891703, 98194136040), 'excess': Fraction(8955461, 19638827208)}
RES (1, 9, 10, 11, 12, 14) (840, 8085, 9702, 194040) {'labels': (260, 19173, 312, 299), 'total': Fraction(76399919, 6741686952), 'excess': Fraction(26318533, 33708434760)}
RES (1, 9, 10, 11, 12, 14) (840, 9702, 16170, 17640) {'labels': (260, 19173, 492, 451), 'total': Fraction(17880353, 1669137470), 'excess': Fraction(536253, 3338274940)}
RES (1, 9, 10, 11, 12, 14) (840, 9702, 17640, 21560) {'labels': (260, 19173, 451, 351), 'total': Fraction(487462849, 45066711690), 'excess': Fraction(23865467, 90133423380)}
RES (1, 9, 10, 11, 12, 14) (840, 9702, 17640, 194040) {'labels': (260, 19173, 451, 299), 'total': Fraction(3741439433, 345511456290), 'excess': Fraction(38283419, 138204582516)}
RES (1, 9, 10, 11, 12, 14) (924, 1960, 5390, 9702) {'labels': (260, 20370, 297, 324), 'total': Fraction(3021691, 285465180), 'excess': Fraction(955, 28546518)}
RES (1, 9, 10, 11, 12, 14) (924, 1960, 8085, 9702) {'labels': (260, 20370, 297, 312), 'total': Fraction(56236639, 5138373240), 'excess': Fraction(2018101, 5138373240)}
RES (1, 9, 10, 11, 12, 14) (924, 5390, 9702, 17640) {'labels': (260, 20370, 324, 451), 'total': Fraction(246159313, 21067330284), 'excess': Fraction(29829134, 26334162855)}
RES (1, 9, 10, 11, 12, 14) (924, 5390, 9702, 21560) {'labels': (260, 20370, 324, 351), 'total': Fraction(4715527, 428197770), 'excess': Fraction(394631, 856395540)}
RES (1, 9, 10, 11, 12, 14) (924, 5390, 9702, 194040) {'labels': (260, 20370, 324, 299), 'total': Fraction(325732591, 29545646130), 'excess': Fraction(5590399, 11818258452)}
RES (1, 9, 10, 11, 12, 14) (924, 5880, 8085, 9702) {'labels': (260, 20370, 429, 312), 'total': Fraction(6171713, 570930360), 'excess': Fraction(147431, 570930360)}
RES (1, 9, 10, 11, 12, 14) (924, 8085, 9702, 17640) {'labels': (260, 20370, 312, 451), 'total': Fraction(281920819, 23408144760), 'excess': Fraction(34925257, 23408144760)}
RES (1, 9, 10, 11, 12, 14) (924, 8085, 9702, 21560) {'labels': (260, 20370, 312, 351), 'total': Fraction(11686505, 1027674648), 'excess': Fraction(4213987, 5138373240)}
RES (1, 9, 10, 11, 12, 14) (924, 8085, 9702, 194040) {'labels': (260, 20370, 312, 299), 'total': Fraction(448464329, 39394194840), 'excess': Fraction(32788871, 39394194840)}
RES (1, 9, 10, 11, 12, 14) (924, 8820, 9702, 17640) {'labels': (260, 20370, 286, 451), 'total': Fraction(377378383, 35112217140), 'excess': Fraction(344252, 1755610857)}
RES (1, 9, 10, 11, 12, 14) (924, 9702, 16170, 17640) {'labels': (260, 20370, 492, 451), 'total': Fraction(12598133, 1170407238), 'excess': Fraction(2483549, 11704072380)}
RES (1, 9, 10, 11, 12, 14) (924, 9702, 17640, 48510) {'labels': (260, 20370, 451, 268), 'total': Fraction(2483199575, 235251854838), 'excess': Fraction(8941769, 2352518548380)}
RES (1, 9, 10, 11, 12, 14) (980, 2772, 9702, 17640) {'labels': (260, 20394, 350, 451), 'total': Fraction(111008473, 9321026715), 'excess': Fraction(10124687, 7456821372)}
RES (1, 9, 10, 11, 12, 14) (980, 2772, 9702, 21560) {'labels': (260, 20394, 350, 351), 'total': Fraction(30657239, 2728105380), 'excess': Fraction(467777, 682026345)}
RES (1, 9, 10, 11, 12, 14) (980, 2772, 9702, 194040) {'labels': (260, 20394, 350, 299), 'total': Fraction(235294547, 20915474580), 'excess': Fraction(3650219, 5228868645)}
RES (1, 9, 10, 11, 12, 14) (980, 3528, 6930, 9702) {'labels': (260, 20394, 275, 364), 'total': Fraction(5655049, 505204700), 'excess': Fraction(81071, 126301175)}
RES (1, 9, 10, 11, 12, 14) (980, 3960, 8085, 9702) {'labels': (260, 20394, 343, 312), 'total': Fraction(19258363, 1818736920), 'excess': Fraction(67609, 1818736920)}
RES (1, 9, 10, 11, 12, 14) (980, 6930, 9702, 17640) {'labels': (260, 20394, 364, 451), 'total': Fraction(417695041, 37284106860), 'excess': Fraction(6071146, 9321026715)}
RES (1, 9, 10, 11, 12, 14) (980, 8085, 9702, 27720) {'labels': (260, 20394, 312, 763), 'total': Fraction(232698623, 22026924920), 'excess': Fraction(277269, 22026924920)}
RES (1, 9, 10, 11, 12, 14) (990, 1764, 9702, 17640) {'labels': (260, 20188, 550, 451), 'total': Fraction(1982089553, 186420534300), 'excess': Fraction(3759317, 46605133575)}
RES (1, 9, 10, 11, 12, 14) (990, 1960, 8085, 9702) {'labels': (260, 20188, 297, 312), 'total': Fraction(59381317, 5456210760), 'excess': Fraction(361811, 1091242152)}
RES (1, 9, 10, 11, 12, 14) (990, 3528, 5390, 9702) {'labels': (260, 20188, 275, 324), 'total': Fraction(158417873, 13640526900), 'excess': Fraction(7243609, 6820263450)}
RES (1, 9, 10, 11, 12, 14) (990, 3528, 8085, 9702) {'labels': (260, 20188, 275, 312), 'total': Fraction(108879247, 9093684600), 'excess': Fraction(12925477, 9093684600)}
RES (1, 9, 10, 11, 12, 14) (990, 3528, 8820, 9702) {'labels': (260, 20188, 275, 286), 'total': Fraction(5394139, 505204700), 'excess': Fraction(31687, 252602350)}
RES (1, 9, 10, 11, 12, 14) (990, 3528, 9702, 16170) {'labels': (260, 20188, 275, 492), 'total': Fraction(498360064, 46605133575), 'excess': Fraction(26387971, 186420534300)}
RES (1, 9, 10, 11, 12, 14) (990, 3528, 9702, 17640) {'labels': (260, 20188, 275, 451), 'total': Fraction(2138112511, 186420534300), 'excess': Fraction(85530113, 93210267150)}
RES (1, 9, 10, 11, 12, 14) (990, 3528, 9702, 21560) {'labels': (260, 20188, 275, 351), 'total': Fraction(36820507, 3410131725), 'excess': Fraction(3351373, 13640526900)}
RES (1, 9, 10, 11, 12, 14) (990, 3528, 9702, 194040) {'labels': (260, 20188, 275, 299), 'total': Fraction(31401133, 2904927025), 'excess': Fraction(2996937, 11619708100)}
RES (1, 9, 10, 11, 12, 14) (990, 5390, 9702, 17640) {'labels': (260, 20188, 324, 451), 'total': Fraction(1300083833, 111852320580), 'excess': Fraction(59926231, 55926160290)}
RES (1, 9, 10, 11, 12, 14) (990, 5390, 9702, 21560) {'labels': (260, 20188, 324, 351), 'total': Fraction(2489693, 227342115), 'excess': Fraction(72679, 181873692)}
RES (1, 9, 10, 11, 12, 14) (990, 5390, 9702, 194040) {'labels': (260, 20188, 324, 299), 'total': Fraction(171980603, 15686605935), 'excess': Fraction(25841399, 62746423740)}
RES (1, 9, 10, 11, 12, 14) (990, 5880, 8085, 9702) {'labels': (260, 20188, 429, 312), 'total': Fraction(6516371, 606245640), 'excess': Fraction(119453, 606245640)}
RES (1, 9, 10, 11, 12, 14) (990, 6468, 9702, 17640) {'labels': (260, 20188, 390, 451), 'total': Fraction(634915, 56491071), 'excess': Fraction(776771, 1129821420)}
RES (1, 9, 10, 11, 12, 14) (990, 6468, 9702, 21560) {'labels': (260, 20188, 390, 351), 'total': Fraction(28828703, 2728105380), 'excess': Fraction(10643, 682026345)}
RES (1, 9, 10, 11, 12, 14) (990, 6468, 9702, 194040) {'labels': (260, 20188, 390, 299), 'total': Fraction(221275771, 20915474580), 'excess': Fraction(29105, 1045773729)}
RES (1, 9, 10, 11, 12, 14) (990, 8085, 9702, 17640) {'labels': (260, 20188, 312, 451), 'total': Fraction(59567645, 4971214248), 'excess': Fraction(35564587, 24856071240)}
RES (1, 9, 10, 11, 12, 14) (990, 8085, 9702, 21560) {'labels': (260, 20188, 312, 351), 'total': Fraction(61713031, 5456210760), 'excess': Fraction(4140769, 5456210760)}
RES (1, 9, 10, 11, 12, 14) (990, 8085, 9702, 194040) {'labels': (260, 20188, 312, 299), 'total': Fraction(473644667, 41830949160), 'excess': Fraction(6451465, 8366189832)}
RES (1, 9, 10, 11, 12, 14) (990, 8820, 9702, 17640) {'labels': (260, 20188, 286, 451), 'total': Fraction(398439883, 37284106860), 'excess': Fraction(2514713, 18642053430)}
RES (1, 9, 10, 11, 12, 14) (990, 9702, 16170, 17640) {'labels': (260, 20188, 492, 451), 'total': Fraction(33253373, 3107008905), 'excess': Fraction(1876673, 12428035620)}
RES (1, 9, 10, 11, 12, 14) (990, 9702, 17640, 19404) {'labels': (260, 20188, 451, 410), 'total': Fraction(208246501, 18642053430), 'excess': Fraction(4616509, 7456821372)}
RES (1, 9, 10, 11, 12, 14) (990, 9702, 17640, 21560) {'labels': (260, 20188, 451, 351), 'total': Fraction(302192476, 27963080145), 'excess': Fraction(28538533, 111852320580)}
RES (1, 9, 10, 11, 12, 14) (990, 9702, 17640, 194040) {'labels': (260, 20188, 451, 299), 'total': Fraction(210857278, 19489419495), 'excess': Fraction(20843611, 77957677980)}
RES (1, 9, 10, 11, 12, 14) (1155, 1764, 9702, 17640) {'labels': (260, 21336, 550, 451), 'total': Fraction(4898403379, 459716657400), 'excess': Fraction(47614249, 459716657400)}
RES (1, 9, 10, 11, 12, 14) (1155, 3528, 8820, 9702) {'labels': (260, 21336, 275, 286), 'total': Fraction(39991781, 3737533800), 'excess': Fraction(554471, 3737533800)}
RES (1, 9, 10, 11, 12, 14) (1155, 3528, 9702, 17640) {'labels': (260, 21336, 275, 451), 'total': Fraction(5283159023, 459716657400), 'excess': Fraction(432369893, 459716657400)}
RES (1, 9, 10, 11, 12, 14) (1155, 3528, 9702, 21560) {'labels': (260, 21336, 275, 351), 'total': Fraction(363970979, 33637804200), 'excess': Fraction(9035189, 33637804200)}
RES (1, 9, 10, 11, 12, 14) (1155, 3528, 9702, 194040) {'labels': (260, 21336, 275, 299), 'total': Fraction(931199053, 85963277400), 'excess': Fraction(24140923, 85963277400)}
RES (1, 9, 10, 11, 12, 14) (1155, 6468, 9702, 17640) {'labels': (260, 21336, 390, 451), 'total': Fraction(6275617, 557232312), 'excess': Fraction(1979363, 2786161560)}
RES (1, 9, 10, 11, 12, 14) (1155, 6468, 9702, 21560) {'labels': (260, 21336, 390, 351), 'total': Fraction(71246269, 6727560840), 'excess': Fraction(259111, 6727560840)}
RES (1, 9, 10, 11, 12, 14) (1155, 6468, 9702, 194040) {'labels': (260, 21336, 390, 299), 'total': Fraction(546851993, 51577966440), 'excess': Fraction(523423, 10315593288)}
RES (1, 9, 10, 11, 12, 14) (1155, 8820, 9702, 17640) {'labels': (260, 21336, 286, 451), 'total': Fraction(984666899, 91943331480), 'excess': Fraction(14509073, 91943331480)}
RES (1, 9, 10, 11, 12, 14) (1155, 9702, 17640, 19404) {'labels': (260, 21336, 451, 410), 'total': Fraction(1029186241, 91943331480), 'excess': Fraction(11805683, 18388666296)}
RES (1, 9, 10, 11, 12, 14) (1155, 9702, 17640, 21560) {'labels': (260, 21336, 451, 351), 'total': Fraction(2987169287, 275829994440), 'excess': Fraction(76695809, 275829994440)}
RES (1, 9, 10, 11, 12, 14) (1155, 9702, 17640, 194040) {'labels': (260, 21336, 451, 299), 'total': Fraction(2084316881, 192245147640), 'excess': Fraction(55805063, 192245147640)}
RES (1, 9, 10, 11, 12, 14) (1176, 1540, 8085, 9702) {'labels': (260, 27555, 378, 312), 'total': Fraction(7177685, 589765176), 'excess': Fraction(4773319, 2948825880)}
RES (1, 9, 10, 11, 12, 14) (1176, 1540, 8820, 9702) {'labels': (260, 27555, 378, 286), 'total': Fraction(890749, 81911830), 'excess': Fraction(52881, 163823660)}
RES (1, 9, 10, 11, 12, 14) (1176, 1540, 9702, 16170) {'labels': (260, 27555, 378, 492), 'total': Fraction(658346539, 60450930540), 'excess': Fraction(10243433, 30225465270)}
RES (1, 9, 10, 11, 12, 14) (1176, 1540, 9702, 17640) {'labels': (260, 27555, 378, 451), 'total': Fraction(352629839, 30225465270), 'excess': Fraction(13480001, 12090186108)}
RES (1, 9, 10, 11, 12, 14) (1176, 1540, 9702, 21560) {'labels': (260, 27555, 378, 351), 'total': Fraction(48632341, 4423238820), 'excess': Fraction(979841, 2211619410)}
RES (1, 9, 10, 11, 12, 14) (1176, 1540, 9702, 48510) {'labels': (260, 27555, 378, 268), 'total': Fraction(1055248213, 98785666980), 'excess': Fraction(6446081, 49392833490)}
RES (1, 9, 10, 11, 12, 14) (1176, 1540, 9702, 194040) {'labels': (260, 27555, 378, 299), 'total': Fraction(41473617, 3767944180), 'excess': Fraction(857713, 1883972090)}
RES (1, 9, 10, 11, 12, 14) (1176, 3960, 8085, 9702) {'labels': (260, 27555, 343, 312), 'total': Fraction(566861, 53615016), 'excess': Fraction(5659, 268075080)}
RES (1, 9, 10, 11, 12, 14) (1176, 4620, 8085, 9702) {'labels': (260, 27555, 546, 312), 'total': Fraction(6354709, 589765176), 'excess': Fraction(658439, 2948825880)}
RES (1, 9, 10, 11, 12, 14) (1176, 5390, 6930, 9702) {'labels': (260, 27555, 324, 364), 'total': Fraction(50121647, 4423238820), 'excess': Fraction(862247, 1105809705)}
RES (1, 9, 10, 11, 12, 14) (1176, 6930, 8085, 9702) {'labels': (260, 27555, 364, 312), 'total': Fraction(6894787, 589765176), 'excess': Fraction(3358829, 2948825880)}
RES (1, 9, 10, 11, 12, 14) (1176, 6930, 9702, 17640) {'labels': (260, 27555, 364, 451), 'total': Fraction(676262633, 60450930540), 'excess': Fraction(1920148, 3022546527)}
RES (1, 9, 10, 11, 12, 14) (1176, 8085, 9702, 13860) {'labels': (260, 27555, 312, 574), 'total': Fraction(258845681, 24180372216), 'excess': Fraction(18509059, 120901861080)}
RES (1, 9, 10, 11, 12, 14) (1260, 1960, 5390, 9702) {'labels': (260, 20174, 297, 324), 'total': Fraction(4080407, 385525140), 'excess': Fraction(3116, 96381285)}
RES (1, 9, 10, 11, 12, 14) (1260, 1960, 8085, 9702) {'labels': (260, 20174, 297, 312), 'total': Fraction(75940649, 6939452520), 'excess': Fraction(543535, 1387890504)}
RES (1, 9, 10, 11, 12, 14) (1260, 3528, 5390, 9702) {'labels': (260, 20174, 275, 324), 'total': Fraction(202525021, 17348631300), 'excess': Fraction(9733793, 8674315650)}
RES (1, 9, 10, 11, 12, 14) (1260, 3528, 8085, 9702) {'labels': (260, 20174, 275, 312), 'total': Fraction(139172219, 11565754200), 'excess': Fraction(17133929, 11565754200)}
RES (1, 9, 10, 11, 12, 14) (1260, 3528, 9702, 16170) {'labels': (260, 20174, 275, 492), 'total': Fraction(637397078, 59274490275), 'excess': Fraction(47803367, 237097961100)}
RES (1, 9, 10, 11, 12, 14) (1260, 3528, 9702, 21560) {'labels': (260, 20174, 275, 351), 'total': Fraction(47090489, 4337157825), 'excess': Fraction(5304521, 17348631300)}
RES (1, 9, 10, 11, 12, 14) (1260, 3528, 9702, 194040) {'labels': (260, 20174, 275, 299), 'total': Fraction(40159291, 3694615925), 'excess': Fraction(4699349, 14778463700)}
RES (1, 9, 10, 11, 12, 14) (1260, 5390, 9702, 17640) {'labels': (260, 20174, 324, 451), 'total': Fraction(1662049861, 142258776660), 'excess': Fraction(80489447, 71129388330)}
RES (1, 9, 10, 11, 12, 14) (1260, 5390, 9702, 21560) {'labels': (260, 20174, 324, 351), 'total': Fraction(3183871, 289143855), 'excess': Fraction(106331, 231315084)}
RES (1, 9, 10, 11, 12, 14) (1260, 5390, 9702, 194040) {'labels': (260, 20174, 324, 299), 'total': Fraction(219931021, 19950925995), 'excess': Fraction(37659883, 79803703980)}
RES (1, 9, 10, 11, 12, 14) (1260, 5880, 8085, 9702) {'labels': (260, 20174, 429, 312), 'total': Fraction(8334127, 771050280), 'excess': Fraction(198241, 771050280)}
RES (1, 9, 10, 11, 12, 14) (1260, 6468, 9702, 17640) {'labels': (260, 20174, 390, 451), 'total': Fraction(811829, 71847867), 'excess': Fraction(1074247, 1436957340)}
RES (1, 9, 10, 11, 12, 14) (1260, 6468, 9702, 21560) {'labels': (260, 20174, 390, 351), 'total': Fraction(36874051, 3469726260), 'excess': Fraction(65641, 867431565)}
RES (1, 9, 10, 11, 12, 14) (1260, 6468, 9702, 194040) {'labels': (260, 20174, 390, 299), 'total': Fraction(283026287, 26601234660), 'excess': Fraction(116911, 1330061733)}
RES (1, 9, 10, 11, 12, 14) (1260, 8085, 9702, 17640) {'labels': (260, 20174, 312, 451), 'total': Fraction(76140577, 6322612296), 'excess': Fraction(47131559, 31613061480)}
RES (1, 9, 10, 11, 12, 14) (1260, 8085, 9702, 21560) {'labels': (260, 20174, 312, 351), 'total': Fraction(78906227, 6939452520), 'excess': Fraction(5683253, 6939452520)}
RES (1, 9, 10, 11, 12, 14) (1260, 8085, 9702, 38808) {'labels': (260, 20174, 312, 415), 'total': Fraction(2031541087, 191991519720), 'excess': Fraction(5705473, 191991519720)}
RES (1, 9, 10, 11, 12, 14) (1260, 8085, 9702, 194040) {'labels': (260, 20174, 312, 299), 'total': Fraction(605598199, 53202469320), 'excess': Fraction(8844413, 10640493864)}
RES (1, 9, 10, 11, 12, 14) (1260, 9702, 16170, 17640) {'labels': (260, 20174, 492, 451), 'total': Fraction(42530491, 3951632685), 'excess': Fraction(3336301, 15806530740)}
RES (1, 9, 10, 11, 12, 14) (1260, 9702, 17640, 19404) {'labels': (260, 20174, 451, 410), 'total': Fraction(266281397, 23709796110), 'excess': Fraction(6441161, 9483918444)}
RES (1, 9, 10, 11, 12, 14) (1260, 9702, 17640, 21560) {'labels': (260, 20174, 451, 351), 'total': Fraction(386478182, 35564694165), 'excess': Fraction(44841761, 142258776660)}
RES (1, 9, 10, 11, 12, 14) (1260, 9702, 17640, 48510) {'labels': (260, 20174, 451, 268), 'total': Fraction(8383105606, 794278169685), 'excess': Fraction(8504161, 3177112678740)}
RES (1, 9, 10, 11, 12, 14) (1260, 9702, 17640, 194040) {'labels': (260, 20174, 451, 299), 'total': Fraction(269666636, 24787514115), 'excess': Fraction(32465567, 99150056460)}
RES (1, 9, 10, 11, 12, 14) (1260, 9702, 19404, 21560) {'labels': (260, 20174, 410, 351), 'total': Fraction(136554823, 12932616060), 'excess': Fraction(46913, 6466308030)}
RES (1, 9, 10, 11, 12, 14) (1260, 9702, 19404, 194040) {'labels': (260, 20174, 410, 299), 'total': Fraction(3843152603, 363550207020), 'excess': Fraction(3541177, 181775103510)}
RES (1, 9, 10, 11, 12, 14) (1320, 1764, 5390, 9702) {'labels': (260, 21903, 550, 324), 'total': Fraction(212718397, 19732412700), 'excess': Fraction(1127008, 4933103175)}
RES (1, 9, 10, 11, 12, 14) (1320, 1764, 8085, 9702) {'labels': (260, 21903, 550, 312), 'total': Fraction(146538793, 13154941800), 'excess': Fraction(7731883, 13154941800)}
RES (1, 9, 10, 11, 12, 14) (1320, 1960, 8085, 9702) {'labels': (260, 21903, 297, 312), 'total': Fraction(7811581, 717542280), 'excess': Fraction(48059, 143508456)}
RES (1, 9, 10, 11, 12, 14) (1320, 3528, 5390, 9702) {'labels': (260, 21903, 275, 324), 'total': Fraction(229233259, 19732412700), 'excess': Fraction(10511447, 9866206350)}
RES (1, 9, 10, 11, 12, 14) (1320, 3528, 8085, 9702) {'labels': (260, 21903, 275, 312), 'total': Fraction(157548701, 13154941800), 'excess': Fraction(18741791, 13154941800)}
RES (1, 9, 10, 11, 12, 14) (1320, 3528, 8820, 9702) {'labels': (260, 21903, 275, 286), 'total': Fraction(2128801, 199317300), 'excess': Fraction(12833, 99658650)}
RES (1, 9, 10, 11, 12, 14) (1320, 3528, 9702, 16170) {'labels': (260, 21903, 275, 492), 'total': Fraction(721152962, 67419076725), 'excess': Fraction(39070193, 269676306900)}
RES (1, 9, 10, 11, 12, 14) (1320, 3528, 9702, 17640) {'labels': (260, 21903, 275, 451), 'total': Fraction(281263183, 24516027900), 'excess': Fraction(11288789, 12258013950)}
RES (1, 9, 10, 11, 12, 14) (1320, 3528, 9702, 21560) {'labels': (260, 21903, 275, 351), 'total': Fraction(53281031, 4933103175), 'excess': Fraction(4913759, 19732412700)}
RES (1, 9, 10, 11, 12, 14) (1320, 3528, 9702, 194040) {'labels': (260, 21903, 275, 299), 'total': Fraction(136316767, 12606819225), 'excess': Fraction(13173913, 50427276900)}
RES (1, 9, 10, 11, 12, 14) (1320, 5390, 6468, 9702) {'labels': (260, 21903, 324, 390), 'total': Fraction(11234654, 986620635), 'excess': Fraction(3296543, 3946482540)}
RES (1, 9, 10, 11, 12, 14) (1320, 5390, 8820, 9702) {'labels': (260, 21903, 324, 286), 'total': Fraction(42757703, 3946482540), 'excess': Fraction(111563, 394648254)}
RES (1, 9, 10, 11, 12, 14) (1320, 5390, 9702, 16170) {'labels': (260, 21903, 324, 492), 'total': Fraction(87783614, 8090289207), 'excess': Fraction(48347287, 161805784140)}
RES (1, 9, 10, 11, 12, 14) (1320, 5390, 9702, 17640) {'labels': (260, 21903, 324, 451), 'total': Fraction(1881242179, 161805784140), 'excess': Fraction(86958593, 80902892070)}
RES (1, 9, 10, 11, 12, 14) (1320, 5390, 9702, 19404) {'labels': (260, 21903, 324, 410), 'total': Fraction(915706427, 80902892070), 'excess': Fraction(124087861, 161805784140)}
RES (1, 9, 10, 11, 12, 14) (1320, 5390, 9702, 21560) {'labels': (260, 21903, 324, 351), 'total': Fraction(3602689, 328873545), 'excess': Fraction(106013, 263098836)}
RES (1, 9, 10, 11, 12, 14) (1320, 5390, 9702, 48510) {'labels': (260, 21903, 324, 268), 'total': Fraction(12790559, 1201883319), 'excess': Fraction(2173099, 24037666380)}
RES (1, 9, 10, 11, 12, 14) (1320, 5390, 9702, 194040) {'labels': (260, 21903, 324, 299), 'total': Fraction(248862979, 22692274605), 'excess': Fraction(37684237, 90769098420)}
RES (1, 9, 10, 11, 12, 14) (1320, 5880, 8085, 9702) {'labels': (260, 21903, 429, 312), 'total': Fraction(3143171, 292332040), 'excess': Fraction(58573, 292332040)}
RES (1, 9, 10, 11, 12, 14) (1320, 6468, 8085, 9702) {'labels': (260, 21903, 390, 312), 'total': Fraction(10301461, 876996120), 'excess': Fraction(1047667, 876996120)}
RES (1, 9, 10, 11, 12, 14) (1320, 8085, 8820, 9702) {'labels': (260, 21903, 312, 286), 'total': Fraction(29450441, 2630988360), 'excess': Fraction(1689059, 2630988360)}
RES (1, 9, 10, 11, 12, 14) (1320, 8085, 9702, 17640) {'labels': (260, 21903, 312, 451), 'total': Fraction(28731533, 2397122728), 'excess': Fraction(17189147, 11985613640)}
RES (1, 9, 10, 11, 12, 14) (1320, 8085, 9702, 19404) {'labels': (260, 21903, 312, 410), 'total': Fraction(251939887, 21574104552), 'excess': Fraction(121482773, 107870522760)}
RES (1, 9, 10, 11, 12, 14) (1320, 8085, 9702, 21560) {'labels': (260, 21903, 312, 351), 'total': Fraction(8118223, 717542280), 'excess': Fraction(546937, 717542280)}
RES (1, 9, 10, 11, 12, 14) (1320, 8085, 9702, 32340) {'labels': (260, 21903, 312, 402), 'total': Fraction(633863371, 58758740040), 'excess': Fraction(13859173, 58758740040)}
RES (1, 9, 10, 11, 12, 14) (1320, 8085, 9702, 48510) {'labels': (260, 21903, 312, 268), 'total': Fraction(1939284133, 176276220120), 'excess': Fraction(79271539, 176276220120)}
RES (1, 9, 10, 11, 12, 14) (1320, 8085, 9702, 194040) {'labels': (260, 21903, 312, 299), 'total': Fraction(685376641, 60512732280), 'excess': Fraction(9372971, 12102546456)}
RES (1, 9, 10, 11, 12, 14) (1320, 8820, 9702, 17640) {'labels': (260, 21903, 286, 451), 'total': Fraction(576563369, 53935261380), 'excess': Fraction(3727519, 26967630690)}
RES (1, 9, 10, 11, 12, 14) (1320, 9702, 16170, 17640) {'labels': (260, 21903, 492, 451), 'total': Fraction(16039783, 1498201705), 'excess': Fraction(924873, 5992806820)}
RES (1, 9, 10, 11, 12, 14) (1320, 9702, 17640, 21560) {'labels': (260, 21903, 451, 351), 'total': Fraction(437286818, 40451446035), 'excess': Fraction(41822279, 161805784140)}
RES (1, 9, 10, 11, 12, 14) (1320, 9702, 17640, 194040) {'labels': (260, 21903, 451, 299), 'total': Fraction(3356323924, 310127752935), 'excess': Fraction(335804083, 1240511011740)}
RES (1, 9, 10, 11, 12, 14) (1470, 1540, 3528, 9702) {'labels': (260, 22308, 378, 275), 'total': Fraction(6693191, 573873300), 'excess': Fraction(159464, 143468325)}
RES (1, 9, 10, 11, 12, 14) (1470, 1540, 9702, 17640) {'labels': (260, 22308, 378, 451), 'total': Fraction(6103183, 522862340), 'excess': Fraction(29305, 26143117)}
RES (1, 9, 10, 11, 12, 14) (1470, 1540, 9702, 21560) {'labels': (260, 22308, 378, 351), 'total': Fraction(1893907, 172161990), 'excess': Fraction(154613, 344323980)}
RES (1, 9, 10, 11, 12, 14) (1470, 1540, 9702, 194040) {'labels': (260, 22308, 378, 299), 'total': Fraction(14536091, 1319908590), 'excess': Fraction(1217641, 2639817180)}
RES (1, 9, 10, 11, 12, 14) (1470, 2772, 9702, 17640) {'labels': (260, 22308, 350, 451), 'total': Fraction(55995713, 4705761060), 'excess': Fraction(3170983, 2352880530)}
RES (1, 9, 10, 11, 12, 14) (1470, 2772, 9702, 21560) {'labels': (260, 22308, 350, 351), 'total': Fraction(966473, 86080995), 'excess': Fraction(232691, 344323980)}
RES (1, 9, 10, 11, 12, 14) (1470, 2772, 9702, 194040) {'labels': (260, 22308, 350, 299), 'total': Fraction(494513, 43996953), 'excess': Fraction(605413, 879939060)}
RES (1, 9, 10, 11, 12, 14) (1470, 3528, 6930, 9702) {'labels': (260, 22308, 275, 364), 'total': Fraction(1604479, 143468325), 'excess': Fraction(362581, 573873300)}
RES (1, 9, 10, 11, 12, 14) (1470, 6930, 9702, 17640) {'labels': (260, 22308, 364, 451), 'total': Fraction(13167848, 1176440265), 'excess': Fraction(603529, 941152212)}
RES (1, 9, 10, 11, 12, 14) (1540, 1764, 1960, 9702) {'labels': (260, 378, 550, 19503), 'total': Fraction(4276201, 395290350), 'excess': Fraction(210437, 790580700)}
RES (1, 9, 10, 11, 12, 14) (1540, 1764, 5880, 9702) {'labels': (260, 378, 550, 22011), 'total': Fraction(8855467, 817892075), 'excess': Fraction(901283, 3271568300)}
RES (1, 9, 10, 11, 12, 14) (1540, 1764, 9702, 17640) {'labels': (260, 378, 19690, 451), 'total': Fraction(756468319, 64794709980), 'excess': Fraction(36387209, 32397354990)}
RES (1, 9, 10, 11, 12, 14) (1540, 1764, 9702, 21560) {'labels': (260, 378, 19690, 351), 'total': Fraction(13041439, 1185269085), 'excess': Fraction(2139373, 4741076340)}
RES (1, 9, 10, 11, 12, 14) (1540, 1764, 9702, 64680) {'labels': (260, 378, 550, 20859), 'total': Fraction(1660006739, 153466963650), 'excess': Fraction(81340843, 306933927300)}
RES (1, 9, 10, 11, 12, 14) (1540, 1764, 9702, 194040) {'labels': (260, 378, 19690, 299), 'total': Fraction(6673031, 605804199), 'excess': Fraction(5615419, 12116083980)}
RES (1, 9, 10, 11, 12, 14) (1540, 1960, 2205, 9702) {'labels': (260, 378, 297, 20768), 'total': Fraction(33048017, 3125402280), 'excess': Fraction(69731, 3125402280)}
RES (1, 9, 10, 11, 12, 14) (1540, 1960, 3528, 9702) {'labels': (260, 378, 19503, 275), 'total': Fraction(8446232, 724698975), 'excess': Fraction(3197723, 2898795900)}
RES (1, 9, 10, 11, 12, 14) (1540, 1960, 4410, 9702) {'labels': (260, 378, 297, 19228), 'total': Fraction(30595777, 2893645755), 'excess': Fraction(251659, 11574583020)}
RES (1, 9, 10, 11, 12, 14) (1540, 1960, 6468, 9702) {'labels': (260, 378, 19503, 390), 'total': Fraction(19870771, 1739277540), 'excess': Fraction(379612, 434819385)}
RES (1, 9, 10, 11, 12, 14) (1540, 1960, 8085, 9702) {'labels': (260, 378, 19503, 312), 'total': Fraction(42327167, 3478555080), 'excess': Fraction(5622521, 3478555080)}
RES (1, 9, 10, 11, 12, 14) (1540, 1960, 8820, 9702) {'labels': (260, 378, 19503, 286), 'total': Fraction(4727402, 434819385), 'excess': Fraction(111457, 347855508)}
RES (1, 9, 10, 11, 12, 14) (1540, 1960, 9702, 12936) {'labels': (260, 378, 297, 19725), 'total': Fraction(8369887, 791583975), 'excess': Fraction(69343, 3166335900)}
RES (1, 9, 10, 11, 12, 14) (1540, 1960, 9702, 16170) {'labels': (260, 378, 19503, 492), 'total': Fraction(155288527, 14262075828), 'excess': Fraction(5999348, 17827594785)}
RES (1, 9, 10, 11, 12, 14) (1540, 1960, 9702, 17640) {'labels': (260, 378, 19503, 451), 'total': Fraction(207945821, 17827594785), 'excess': Fraction(79338041, 71310379140)}
RES (1, 9, 10, 11, 12, 14) (1540, 1960, 9702, 19404) {'labels': (260, 378, 19503, 410), 'total': Fraction(89980301, 7923375460), 'excess': Fraction(3187637, 3961687730)}
RES (1, 9, 10, 11, 12, 14) (1540, 1960, 9702, 24255) {'labels': (260, 378, 297, 19424), 'total': Fraction(271604471, 25723649952), 'excess': Fraction(882043, 128618249760)}
RES (1, 9, 10, 11, 12, 14) (1540, 1960, 9702, 32340) {'labels': (260, 378, 297, 20238), 'total': Fraction(188759017, 17867765916), 'excess': Fraction(279791, 22334707395)}
RES (1, 9, 10, 11, 12, 14) (1540, 1960, 9702, 38808) {'labels': (260, 378, 297, 22805), 'total': Fraction(116061727, 10982249460), 'excess': Fraction(9020, 549112473)}
RES (1, 9, 10, 11, 12, 14) (1540, 1960, 9702, 48510) {'labels': (260, 378, 19503, 268), 'total': Fraction(82969091, 7768773012), 'excess': Fraction(1244227, 9710966265)}
RES (1, 9, 10, 11, 12, 14) (1540, 1960, 9702, 64680) {'labels': (260, 378, 297, 20859), 'total': Fraction(972719837, 92080178190), 'excess': Fraction(2236093, 184160356380)}
RES (1, 9, 10, 11, 12, 14) (1540, 1960, 9702, 97020) {'labels': (260, 378, 297, 20198), 'total': Fraction(128393591, 12158489070), 'excess': Fraction(201889, 24316978140)}
RES (1, 9, 10, 11, 12, 14) (1540, 1960, 9702, 194040) {'labels': (260, 378, 19503, 299), 'total': Fraction(440220481, 40003383420), 'excess': Fraction(4529263, 10000845855)}
RES (1, 9, 10, 11, 12, 14) (1540, 2205, 3528, 9702) {'labels': (260, 378, 20768, 275), 'total': Fraction(60756851, 5209003800), 'excess': Fraction(5793041, 5209003800)}
RES (1, 9, 10, 11, 12, 14) (1540, 2205, 9702, 17640) {'labels': (260, 378, 20768, 451), 'total': Fraction(55401103, 4745981240), 'excess': Fraction(1064593, 949196248)}
RES (1, 9, 10, 11, 12, 14) (1540, 2205, 9702, 21560) {'labels': (260, 378, 20768, 351), 'total': Fraction(34383659, 3125402280), 'excess': Fraction(1405373, 3125402280)}
RES (1, 9, 10, 11, 12, 14) (1540, 2205, 9702, 194040) {'labels': (260, 378, 20768, 299), 'total': Fraction(263901007, 23961417480), 'excess': Fraction(11067481, 23961417480)}
RES (1, 9, 10, 11, 12, 14) (1540, 2940, 3528, 9702) {'labels': (260, 378, 28446, 275), 'total': Fraction(12307539, 1057005950), 'excess': Fraction(2308673, 2114011900)}
RES (1, 9, 10, 11, 12, 14) (1540, 2940, 9702, 17640) {'labels': (260, 378, 28446, 451), 'total': Fraction(909033733, 78007039110), 'excess': Fraction(171854777, 156014078220)}
RES (1, 9, 10, 11, 12, 14) (1540, 2940, 9702, 21560) {'labels': (260, 378, 28446, 351), 'total': Fraction(125359009, 11415664260), 'excess': Fraction(2452211, 5707832130)}
RES (1, 9, 10, 11, 12, 14) (1540, 2940, 9702, 194040) {'labels': (260, 378, 28446, 299), 'total': Fraction(192431153, 17504018532), 'excess': Fraction(19335299, 43760046330)}
RES (1, 9, 10, 11, 12, 14) (1540, 3528, 4410, 9702) {'labels': (260, 378, 275, 19228), 'total': Fraction(112497667, 9645485850), 'excess': Fraction(21442919, 19290971700)}
RES (1, 9, 10, 11, 12, 14) (1540, 3528, 5880, 9702) {'labels': (260, 378, 275, 22011), 'total': Fraction(171719897, 14722057350), 'excess': Fraction(32754529, 29444114700)}
RES (1, 9, 10, 11, 12, 14) (1540, 3528, 8085, 9702) {'labels': (260, 378, 19855, 312), 'total': Fraction(7054433, 579491640), 'excess': Fraction(187963, 115898328)}
RES (1, 9, 10, 11, 12, 14) (1540, 3528, 8820, 9702) {'labels': (260, 378, 275, 24926), 'total': Fraction(582547561, 50015265300), 'excess': Fraction(27400913, 25007632650)}
RES (1, 9, 10, 11, 12, 14) (1540, 3528, 9702, 16170) {'labels': (260, 378, 275, 19308), 'total': Fraction(92119647, 7891984100), 'excess': Fraction(2211463, 1972996025)}
RES (1, 9, 10, 11, 12, 14) (1540, 3528, 9702, 17640) {'labels': (260, 378, 19855, 451), 'total': Fraction(381236257, 32668841205), 'excess': Fraction(146098669, 130675364820)}
RES (1, 9, 10, 11, 12, 14) (1540, 3528, 9702, 21560) {'labels': (260, 378, 275, 19521), 'total': Fraction(279482912, 23937138225), 'excess': Fraction(107622293, 95748552900)}
RES (1, 9, 10, 11, 12, 14) (1540, 3528, 9702, 24255) {'labels': (260, 378, 275, 19424), 'total': Fraction(832328759, 71454583200), 'excess': Fraction(78361919, 71454583200)}
RES (1, 9, 10, 11, 12, 14) (1540, 3528, 9702, 32340) {'labels': (260, 378, 275, 20238), 'total': Fraction(1735262341, 148898049300), 'excess': Fraction(82067903, 74449024650)}
RES (1, 9, 10, 11, 12, 14) (1540, 3528, 9702, 48510) {'labels': (260, 378, 275, 23948), 'total': Fraction(85471839, 7341409075), 'excess': Fraction(32030171, 29365636300)}
RES (1, 9, 10, 11, 12, 14) (1540, 3528, 9702, 64680) {'labels': (260, 378, 275, 20859), 'total': Fraction(99358306, 8525942425), 'excess': Fraction(37580709, 34103769700)}
RES (1, 9, 10, 11, 12, 14) (1540, 3528, 9702, 97020) {'labels': (260, 378, 275, 20198), 'total': Fraction(1298403607, 111452816475), 'excess': Fraction(489550723, 445811265900)}
RES (1, 9, 10, 11, 12, 14) (1540, 3528, 9702, 194040) {'labels': (260, 378, 275, 20609), 'total': Fraction(2649702067, 227441439225), 'excess': Fraction(999239113, 909765756900)}
RES (1, 9, 10, 11, 12, 14) (1540, 4312, 8085, 9702) {'labels': (260, 378, 20025, 312), 'total': Fraction(19109039, 1571529960), 'excess': Fraction(2526737, 1571529960)}
RES (1, 9, 10, 11, 12, 14) (1540, 4312, 8820, 9702) {'labels': (260, 378, 20025, 286), 'total': Fraction(4268113, 392882490), 'excess': Fraction(49015, 157152996)}
RES (1, 9, 10, 11, 12, 14) (1540, 4312, 9702, 16170) {'labels': (260, 378, 20025, 492), 'total': Fraction(70100845, 6443272836), 'excess': Fraction(5283517, 16108182090)}
RES (1, 9, 10, 11, 12, 14) (1540, 4312, 9702, 17640) {'labels': (260, 378, 20025, 451), 'total': Fraction(187752919, 16108182090), 'excess': Fraction(35568647, 32216364180)}
RES (1, 9, 10, 11, 12, 14) (1540, 4312, 9702, 48510) {'labels': (260, 378, 20025, 268), 'total': Fraction(37453601, 3509750244), 'excess': Fraction(1049483, 8774375610)}
RES (1, 9, 10, 11, 12, 14) (1540, 4312, 9702, 194040) {'labels': (260, 378, 20025, 299), 'total': Fraction(198727387, 18072594540), 'excess': Fraction(4015457, 9036297270)}
RES (1, 9, 10, 11, 12, 14) (1540, 4410, 9702, 17640) {'labels': (260, 378, 19228, 451), 'total': Fraction(923228489, 79092983970), 'excess': Fraction(35465435, 31637193588)}
RES (1, 9, 10, 11, 12, 14) (1540, 4410, 9702, 21560) {'labels': (260, 378, 19228, 351), 'total': Fraction(127329511, 11574583020), 'excess': Fraction(2599031, 5787291510)}
RES (1, 9, 10, 11, 12, 14) (1540, 4410, 9702, 194040) {'labels': (260, 378, 19228, 299), 'total': Fraction(4721149, 428688260), 'excess': Fraction(98881, 214344130)}
RES (1, 9, 10, 11, 12, 14) (1540, 5880, 6468, 9702) {'labels': (260, 378, 22011, 390), 'total': Fraction(13466603, 1177764588), 'excess': Fraction(2597981, 2944411470)}
RES (1, 9, 10, 11, 12, 14) (1540, 5880, 8085, 9702) {'labels': (260, 378, 22011, 312), 'total': Fraction(28684081, 2355529176), 'excess': Fraction(19146299, 11777645880)}
RES (1, 9, 10, 11, 12, 14) (1540, 5880, 8820, 9702) {'labels': (260, 378, 22011, 286), 'total': Fraction(3559929, 327156830), 'excess': Fraction(215741, 654313660)}
RES (1, 9, 10, 11, 12, 14) (1540, 5880, 9702, 16170) {'labels': (260, 378, 22011, 492), 'total': Fraction(2631116879, 241441740540), 'excess': Fraction(41748853, 120720870270)}
RES (1, 9, 10, 11, 12, 14) (1540, 5880, 9702, 17640) {'labels': (260, 378, 22011, 451), 'total': Fraction(1409244259, 120720870270), 'excess': Fraction(54173869, 48288348108)}
RES (1, 9, 10, 11, 12, 14) (1540, 5880, 9702, 19404) {'labels': (260, 378, 22011, 410), 'total': Fraction(2744134693, 241441740540), 'excess': Fraction(9825776, 12072087027)}
RES (1, 9, 10, 11, 12, 14) (1540, 5880, 9702, 21560) {'labels': (260, 378, 22011, 351), 'total': Fraction(194360561, 17666468820), 'excess': Fraction(3974701, 8833234410)}
RES (1, 9, 10, 11, 12, 14) (1540, 5880, 9702, 48510) {'labels': (260, 378, 22011, 268), 'total': Fraction(4217407793, 394551136980), 'excess': Fraction(27112621, 197275568490)}
RES (1, 9, 10, 11, 12, 14) (1540, 5880, 9702, 194040) {'labels': (260, 378, 22011, 299), 'total': Fraction(7206539, 654313660), 'excess': Fraction(151211, 327156830)}
RES (1, 9, 10, 11, 12, 14) (1540, 6468, 9702, 17640) {'labels': (260, 378, 21390, 451), 'total': Fraction(753057677, 64523223765), 'excess': Fraction(288913661, 258092895060)}
RES (1, 9, 10, 11, 12, 14) (1540, 6468, 9702, 21560) {'labels': (260, 378, 390, 19521), 'total': Fraction(219180223, 19149710580), 'excess': Fraction(4279588, 4787427645)}
RES (1, 9, 10, 11, 12, 14) (1540, 6468, 9702, 64680) {'labels': (260, 378, 390, 20859), 'total': Fraction(701255479, 61386785460), 'excess': Fraction(13380238, 15346696365)}
RES (1, 9, 10, 11, 12, 14) (1540, 6468, 9702, 194040) {'labels': (260, 378, 390, 20609), 'total': Fraction(692632177, 60651050460), 'excess': Fraction(2633045, 3032552523)}
RES (1, 9, 10, 11, 12, 14) (1540, 8085, 9702, 12936) {'labels': (260, 378, 312, 19725), 'total': Fraction(282738637, 23219796600), 'excess': Fraction(37730467, 23219796600)}
RES (1, 9, 10, 11, 12, 14) (1540, 8085, 9702, 17640) {'labels': (260, 378, 312, 20779), 'total': Fraction(406257473, 33355281960), 'excess': Fraction(54302771, 33355281960)}
RES (1, 9, 10, 11, 12, 14) (1540, 8085, 9702, 21560) {'labels': (260, 378, 312, 19521), 'total': Fraction(42438961, 3481765560), 'excess': Fraction(5700439, 3481765560)}
RES (1, 9, 10, 11, 12, 14) (1540, 8085, 9702, 38808) {'labels': (260, 378, 312, 22805), 'total': Fraction(980221477, 80536496040), 'excess': Fraction(130425079, 80536496040)}
RES (1, 9, 10, 11, 12, 14) (1540, 8085, 9702, 64680) {'labels': (260, 378, 312, 20859), 'total': Fraction(1493769083, 122773570920), 'excess': Fraction(198300029, 122773570920)}
RES (1, 9, 10, 11, 12, 14) (1540, 8085, 9702, 194040) {'labels': (260, 378, 312, 20609), 'total': Fraction(1475428729, 121302100920), 'excess': Fraction(39097235, 24260420184)}
RES (1, 9, 10, 11, 12, 14) (1540, 8820, 9702, 12936) {'labels': (260, 378, 286, 19725), 'total': Fraction(63161873, 5804949150), 'excess': Fraction(3819661, 11609898300)}
RES (1, 9, 10, 11, 12, 14) (1540, 8820, 9702, 17640) {'labels': (260, 378, 24926, 451), 'total': Fraction(531196297, 45569463940), 'excess': Fraction(25180647, 22784731970)}
RES (1, 9, 10, 11, 12, 14) (1540, 8820, 9702, 21560) {'labels': (260, 378, 24926, 351), 'total': Fraction(82412173, 7502289795), 'excess': Fraction(13001251, 30009159180)}
RES (1, 9, 10, 11, 12, 14) (1540, 8820, 9702, 38808) {'labels': (260, 378, 286, 22805), 'total': Fraction(437926057, 40268248020), 'excess': Fraction(6513929, 20134124010)}
RES (1, 9, 10, 11, 12, 14) (1540, 8820, 9702, 64680) {'labels': (260, 378, 286, 20859), 'total': Fraction(166832948, 15346696365), 'excess': Fraction(3919453, 12277357092)}
RES (1, 9, 10, 11, 12, 14) (1540, 8820, 9702, 194040) {'labels': (260, 378, 24926, 299), 'total': Fraction(126505975, 11503511019), 'excess': Fraction(102489119, 230070220380)}
RES (1, 9, 10, 11, 12, 14) (1540, 9702, 12936, 16170) {'labels': (260, 378, 19725, 492), 'total': Fraction(5186941351, 476005830300), 'excess': Fraction(82136933, 238002915150)}
RES (1, 9, 10, 11, 12, 14) (1540, 9702, 12936, 17640) {'labels': (260, 378, 19725, 451), 'total': Fraction(2778173603, 238002915150), 'excess': Fraction(533679721, 476005830300)}
RES (1, 9, 10, 11, 12, 14) (1540, 9702, 12936, 21560) {'labels': (260, 378, 19725, 351), 'total': Fraction(34832683, 3166335900), 'excess': Fraction(711239, 1583167950)}
RES (1, 9, 10, 11, 12, 14) (1540, 9702, 12936, 48510) {'labels': (260, 378, 19725, 268), 'total': Fraction(923790993, 86429242900), 'excess': Fraction(5908069, 43214621450)}
RES (1, 9, 10, 11, 12, 14) (1540, 9702, 12936, 194040) {'labels': (260, 378, 19725, 299), 'total': Fraction(2940820973, 267027660900), 'excess': Fraction(61613509, 133513830450)}
RES (1, 9, 10, 11, 12, 14) (1540, 9702, 16170, 17640) {'labels': (260, 378, 19308, 451), 'total': Fraction(618539573, 52948038780), 'excess': Fraction(14962028, 13237009695)}
RES (1, 9, 10, 11, 12, 14) (1540, 9702, 16170, 21560) {'labels': (260, 378, 19308, 351), 'total': Fraction(234607129, 21308357070), 'excess': Fraction(3907153, 8523342828)}
RES (1, 9, 10, 11, 12, 14) (1540, 9702, 16170, 38808) {'labels': (260, 378, 492, 22805), 'total': Fraction(4495390882, 412749542205), 'excess': Fraction(560737369, 1650998168820)}
RES (1, 9, 10, 11, 12, 14) (1540, 9702, 16170, 64680) {'labels': (260, 378, 492, 20859), 'total': Fraction(5480229283, 503371640772), 'excess': Fraction(211007702, 629214550965)}
RES (1, 9, 10, 11, 12, 14) (1540, 9702, 16170, 194040) {'labels': (260, 378, 19308, 299), 'total': Fraction(1800651961, 163364070870), 'excess': Fraction(153768809, 326728141740)}
RES (1, 9, 10, 11, 12, 14) (1540, 9702, 17640, 17640) {'labels': (260, 378, 20779, 451), 'total': Fraction(1596762487, 136756656036), 'excess': Fraction(192185261, 170945820045)}
RES (1, 9, 10, 11, 12, 14) (1540, 9702, 17640, 19404) {'labels': (260, 378, 451, 19450), 'total': Fraction(4115271421, 352027125450), 'excess': Fraction(801578387, 704054250900)}
RES (1, 9, 10, 11, 12, 14) (1540, 9702, 17640, 21560) {'labels': (260, 378, 451, 19521), 'total': Fraction(2293615241, 196284533445), 'excess': Fraction(889924253, 785138133780)}
RES (1, 9, 10, 11, 12, 14) (1540, 9702, 17640, 24255) {'labels': (260, 378, 451, 19424), 'total': Fraction(1862900251, 159798431520), 'excess': Fraction(176756227, 159798431520)}
RES (1, 9, 10, 11, 12, 14) (1540, 9702, 17640, 32340) {'labels': (260, 378, 451, 20238), 'total': Fraction(14240692253, 1220964004260), 'excess': Fraction(678727333, 610482002130)}
RES (1, 9, 10, 11, 12, 14) (1540, 9702, 17640, 38808) {'labels': (260, 378, 451, 22805), 'total': Fraction(3852565193, 330199633764), 'excess': Fraction(920999903, 825499084410)}
RES (1, 9, 10, 11, 12, 14) (1540, 9702, 17640, 48510) {'labels': (260, 378, 451, 23948), 'total': Fraction(6312942998, 541795989735), 'excess': Fraction(2384311739, 2167183958940)}
RES (1, 9, 10, 11, 12, 14) (1540, 9702, 17640, 64680) {'labels': (260, 378, 451, 20859), 'total': Fraction(7338590579, 629214550965), 'excess': Fraction(2797246709, 2516858203860)}
RES (1, 9, 10, 11, 12, 14) (1540, 9702, 17640, 97020) {'labels': (260, 378, 451, 20198), 'total': Fraction(10655548262, 913913095095), 'excess': Fraction(4048870667, 3655652380380)}
RES (1, 9, 10, 11, 12, 14) (1540, 9702, 17640, 194040) {'labels': (260, 378, 451, 20609), 'total': Fraction(7248395296, 621673267215), 'excess': Fraction(2754758827, 2486693068860)}
RES (1, 9, 10, 11, 12, 14) (1540, 9702, 19404, 21560) {'labels': (260, 378, 410, 19521), 'total': Fraction(8932671689, 785138133780), 'excess': Fraction(324067489, 392569066890)}
RES (1, 9, 10, 11, 12, 14) (1540, 9702, 19404, 64680) {'labels': (260, 378, 410, 20859), 'total': Fraction(9526425547, 838952734620), 'excess': Fraction(337026839, 419476367310)}
RES (1, 9, 10, 11, 12, 14) (1540, 9702, 19404, 194040) {'labels': (260, 378, 410, 20609), 'total': Fraction(84683355277, 7460079206580), 'excess': Fraction(2983444103, 3730039603290)}
RES (1, 9, 10, 11, 12, 14) (1540, 9702, 21560, 24255) {'labels': (260, 378, 351, 19424), 'total': Fraction(1412987419, 128618249760), 'excess': Fraction(55847107, 128618249760)}
RES (1, 9, 10, 11, 12, 14) (1540, 9702, 21560, 32340) {'labels': (260, 378, 351, 20238), 'total': Fraction(245493518, 22334707395), 'excess': Fraction(39298151, 89338829580)}
RES (1, 9, 10, 11, 12, 14) (1540, 9702, 21560, 38808) {'labels': (260, 378, 351, 22805), 'total': Fraction(30188749, 2745562365), 'excess': Fraction(4873669, 10982249460)}
RES (1, 9, 10, 11, 12, 14) (1540, 9702, 21560, 48510) {'labels': (260, 378, 351, 23948), 'total': Fraction(158285693, 14415857820), 'excess': Fraction(1543496, 3603964455)}
RES (1, 9, 10, 11, 12, 14) (1540, 9702, 21560, 64680) {'labels': (260, 378, 351, 20859), 'total': Fraction(2024140681, 184160356380), 'excess': Fraction(4046855, 9208017819)}
RES (1, 9, 10, 11, 12, 14) (1540, 9702, 21560, 97020) {'labels': (260, 378, 351, 20198), 'total': Fraction(267179053, 24316978140), 'excess': Fraction(529688, 1215848907)}
RES (1, 9, 10, 11, 12, 14) (1540, 9702, 21560, 194040) {'labels': (260, 378, 19521, 299), 'total': Fraction(971218945, 88088668668), 'excess': Fraction(52167923, 110110835835)}
RES (1, 9, 10, 11, 12, 14) (1540, 9702, 24255, 194040) {'labels': (260, 378, 19424, 299), 'total': Fraction(2168991875, 197214649632), 'excess': Fraction(440216983, 986073248160)}
RES (1, 9, 10, 11, 12, 14) (1540, 9702, 32340, 194040) {'labels': (260, 378, 20238, 299), 'total': Fraction(41871344, 3805172371), 'excess': Fraction(34406651, 76103447420)}
RES (1, 9, 10, 11, 12, 14) (1540, 9702, 38808, 48510) {'labels': (260, 378, 22805, 268), 'total': Fraction(2401855333, 224831051445), 'excess': Fraction(118028221, 899324205780)}
RES (1, 9, 10, 11, 12, 14) (1540, 9702, 38808, 194040) {'labels': (260, 378, 22805, 299), 'total': Fraction(2548748693, 231542426115), 'excess': Fraction(84467239, 185233940892)}
RES (1, 9, 10, 11, 12, 14) (1540, 9702, 48510, 64680) {'labels': (260, 378, 268, 20859), 'total': Fraction(976008333, 91398102796), 'excess': Fraction(14504491, 114247628495)}
RES (1, 9, 10, 11, 12, 14) (1540, 9702, 48510, 194040) {'labels': (260, 378, 23948, 299), 'total': Fraction(2672724767, 243147468564), 'excess': Fraction(133884094, 303934335705)}
RES (1, 9, 10, 11, 12, 14) (1540, 9702, 64680, 194040) {'labels': (260, 378, 20859, 299), 'total': Fraction(15535673869, 1411896065580), 'excess': Fraction(159444937, 352974016395)}
RES (1, 9, 10, 11, 12, 14) (1540, 9702, 97020, 194040) {'labels': (260, 378, 20198, 299), 'total': Fraction(7519057529, 683577274380), 'excess': Fraction(76539962, 170894318595)}
RES (1, 9, 10, 11, 12, 14) (1540, 9702, 194040, 194040) {'labels': (260, 378, 20609, 299), 'total': Fraction(46033342769, 4184922481740), 'excess': Fraction(468831164, 1046230620435)}
RES (1, 9, 10, 11, 12, 14) (1764, 1980, 9702, 17640) {'labels': (260, 550, 20678, 451), 'total': Fraction(4063317161, 381890609100), 'excess': Fraction(8431154, 95472652275)}
RES (1, 9, 10, 11, 12, 14) (1764, 2310, 9702, 17640) {'labels': (260, 550, 19572, 451), 'total': Fraction(4493720233, 421708587300), 'excess': Fraction(21990299, 210854293650)}
RES (1, 9, 10, 11, 12, 14) (1764, 2520, 5390, 9702) {'labels': (260, 550, 19789, 324), 'total': Fraction(367412821, 34035101100), 'excess': Fraction(2071219, 8508775275)}
RES (1, 9, 10, 11, 12, 14) (1764, 2520, 8085, 9702) {'labels': (260, 550, 19789, 312), 'total': Fraction(84364783, 7563355800), 'excess': Fraction(4558573, 7563355800)}
RES (1, 9, 10, 11, 12, 14) (1764, 3080, 5390, 9702) {'labels': (260, 550, 20349, 324), 'total': Fraction(462212419, 42775632900), 'excess': Fraction(2714266, 10693908225)}
RES (1, 9, 10, 11, 12, 14) (1764, 3080, 8085, 9702) {'labels': (260, 550, 20349, 312), 'total': Fraction(106129237, 9505696200), 'excess': Fraction(5828047, 9505696200)}
RES (1, 9, 10, 11, 12, 14) (1764, 3465, 9702, 17640) {'labels': (260, 550, 21728, 451), 'total': Fraction(14987571451, 1404488685600), 'excess': Fraction(167837731, 1404488685600)}
RES (1, 9, 10, 11, 12, 14) (1764, 3960, 5390, 9702) {'labels': (260, 550, 19747, 324), 'total': Fraction(22153129, 2052700650), 'excess': Fraction(987323, 4105401300)}
RES (1, 9, 10, 11, 12, 14) (1764, 3960, 8085, 9702) {'labels': (260, 550, 19747, 312), 'total': Fraction(30520877, 2736934200), 'excess': Fraction(1641587, 2736934200)}
RES (1, 9, 10, 11, 12, 14) (1764, 4620, 9702, 17640) {'labels': (260, 550, 19194, 451), 'total': Fraction(8839069157, 827128001700), 'excess': Fraction(55734121, 413564000850)}
RES (1, 9, 10, 11, 12, 14) (1764, 5390, 9240, 9702) {'labels': (260, 550, 324, 26061), 'total': Fraction(1774631503, 164348484300), 'excess': Fraction(20238359, 82174242150)}
RES (1, 9, 10, 11, 12, 14) (1764, 5390, 9702, 27720) {'labels': (260, 550, 324, 20167), 'total': Fraction(2061487429, 190768728150), 'excess': Fraction(97108673, 381537456300)}
RES (1, 9, 10, 11, 12, 14) (1764, 6930, 9702, 17640) {'labels': (260, 19690, 364, 451), 'total': Fraction(362693827, 32397354990), 'excess': Fraction(41693753, 64794709980)}
RES (1, 9, 10, 11, 12, 14) (1764, 8085, 9240, 9702) {'labels': (260, 550, 312, 26061), 'total': Fraction(1222454257, 109565656200), 'excess': Fraction(66351067, 109565656200)}
RES (1, 9, 10, 11, 12, 14) (1764, 8085, 9702, 27720) {'labels': (260, 550, 312, 20167), 'total': Fraction(28687273, 2569275800), 'excess': Fraction(1577063, 2569275800)}
RES (1, 9, 10, 11, 12, 14) (1764, 9702, 13860, 17640) {'labels': (260, 550, 23702, 451), 'total': Fraction(32742869543, 3064174413300), 'excess': Fraction(102660302, 766043603325)}
RES (1, 9, 10, 11, 12, 14) (1848, 1960, 8085, 9702) {'labels': (260, 33285, 297, 312), 'total': Fraction(36581563, 3358483128), 'excess': Fraction(5719397, 16792415640)}
RES (1, 9, 10, 11, 12, 14) (1848, 5390, 8820, 9702) {'labels': (260, 33285, 324, 286), 'total': Fraction(18203131, 1679241564), 'excess': Fraction(1210723, 4198103910)}
RES (1, 9, 10, 11, 12, 14) (1848, 5390, 9702, 16170) {'labels': (260, 33285, 324, 492), 'total': Fraction(934296784, 86061130155), 'excess': Fraction(104824567, 344244520620)}
RES (1, 9, 10, 11, 12, 14) (1848, 5390, 9702, 17640) {'labels': (260, 33285, 324, 451), 'total': Fraction(4004339203, 344244520620), 'excess': Fraction(185988317, 172122260310)}
RES (1, 9, 10, 11, 12, 14) (1848, 5390, 9702, 21560) {'labels': (260, 33285, 324, 351), 'total': Fraction(1533755, 139936797), 'excess': Fraction(1143697, 2798735940)}
RES (1, 9, 10, 11, 12, 14) (1848, 5390, 9702, 48510) {'labels': (260, 33285, 324, 268), 'total': Fraction(1497469823, 140636480985), 'excess': Fraction(54067289, 562545923940)}
RES (1, 9, 10, 11, 12, 14) (1848, 5390, 9702, 194040) {'labels': (260, 33285, 324, 299), 'total': Fraction(529735729, 48278194965), 'excess': Fraction(81276109, 193112779860)}
RES (1, 9, 10, 11, 12, 14) (1848, 5880, 8085, 9702) {'labels': (260, 33285, 429, 312), 'total': Fraction(6690699, 621941320), 'excess': Fraction(25633, 124388264)}
RES (1, 9, 10, 11, 12, 14) (1848, 8085, 8820, 9702) {'labels': (260, 33285, 312, 286), 'total': Fraction(62688257, 5597471880), 'excess': Fraction(3625451, 5597471880)}
RES (1, 9, 10, 11, 12, 14) (1848, 8085, 9702, 17640) {'labels': (260, 33285, 312, 451), 'total': Fraction(305779641, 25499594120), 'excess': Fraction(36715747, 25499594120)}
RES (1, 9, 10, 11, 12, 14) (1848, 8085, 9702, 21560) {'labels': (260, 33285, 312, 351), 'total': Fraction(190084061, 16792415640), 'excess': Fraction(12895643, 16792415640)}
RES (1, 9, 10, 11, 12, 14) (1848, 8085, 9702, 32340) {'labels': (260, 33285, 312, 402), 'total': Fraction(1349268499, 125010205320), 'excess': Fraction(6039833, 25002041064)}
RES (1, 9, 10, 11, 12, 14) (1848, 8085, 9702, 48510) {'labels': (260, 33285, 312, 268), 'total': Fraction(4128000157, 375030615960), 'excess': Fraction(34158431, 75006123192)}
RES (1, 9, 10, 11, 12, 14) (1848, 8085, 9702, 194040) {'labels': (260, 33285, 312, 299), 'total': Fraction(291777029, 25748370648), 'excess': Fraction(100440607, 128741853240)}
RES (1, 9, 10, 11, 12, 14) (1848, 8820, 9702, 17640) {'labels': (260, 33285, 286, 451), 'total': Fraction(111573019, 10431652140), 'excess': Fraction(750713, 5215826070)}
RES (1, 9, 10, 11, 12, 14) (1848, 9702, 16170, 17640) {'labels': (260, 33285, 492, 451), 'total': Fraction(34143101, 3187449265), 'excess': Fraction(2040457, 12749797060)}
RES (1, 9, 10, 11, 12, 14) (1848, 9702, 17640, 21560) {'labels': (260, 33285, 451, 351), 'total': Fraction(930826268, 86061130155), 'excess': Fraction(90942503, 344244520620)}
RES (1, 9, 10, 11, 12, 14) (1848, 9702, 17640, 194040) {'labels': (260, 33285, 451, 299), 'total': Fraction(7144401526, 659801997855), 'excess': Fraction(145898615, 527841598284)}
RES (1, 9, 10, 11, 12, 14) (1960, 1980, 8085, 9702) {'labels': (260, 297, 20678, 312), 'total': Fraction(121730689, 11177286120), 'excess': Fraction(758279, 2235457224)}
RES (1, 9, 10, 11, 12, 14) (1960, 2205, 2772, 9702) {'labels': (260, 297, 20768, 350), 'total': Fraction(6751345, 625080456), 'excess': Fraction(778439, 3125402280)}
RES (1, 9, 10, 11, 12, 14) (1960, 2520, 8085, 9702) {'labels': (260, 297, 19789, 312), 'total': Fraction(148414043, 13614040440), 'excess': Fraction(952573, 2722808088)}
RES (1, 9, 10, 11, 12, 14) (1960, 2695, 2772, 9702) {'labels': (260, 297, 19296, 350), 'total': Fraction(15295135, 1419674256), 'excess': Fraction(1575839, 7098371280)}
RES (1, 9, 10, 11, 12, 14) (1960, 2772, 4410, 9702) {'labels': (260, 297, 350, 19228), 'total': Fraction(12500773, 1157458302), 'excess': Fraction(2876281, 11574583020)}
RES (1, 9, 10, 11, 12, 14) (1960, 2772, 5390, 9702) {'labels': (260, 19503, 350, 324), 'total': Fraction(31399591, 2608916310), 'excess': Fraction(7742213, 5217832620)}
RES (1, 9, 10, 11, 12, 14) (1960, 2772, 8085, 9702) {'labels': (260, 19503, 350, 312), 'total': Fraction(2874397, 231903672), 'excess': Fraction(2137103, 1159518360)}
RES (1, 9, 10, 11, 12, 14) (1960, 2772, 8820, 9702) {'labels': (260, 19503, 350, 286), 'total': Fraction(9652001, 869638770), 'excess': Fraction(951679, 1739277540)}
RES (1, 9, 10, 11, 12, 14) (1960, 2772, 9702, 10780) {'labels': (260, 297, 350, 23418), 'total': Fraction(186162887, 17229442230), 'excess': Fraction(8726197, 34458884460)}
RES (1, 9, 10, 11, 12, 14) (1960, 2772, 9702, 16170) {'labels': (260, 19503, 350, 492), 'total': Fraction(264204263, 23770126380), 'excess': Fraction(6694591, 11885063190)}
RES (1, 9, 10, 11, 12, 14) (1960, 2772, 9702, 24255) {'labels': (260, 297, 350, 19424), 'total': Fraction(1387187491, 128618249760), 'excess': Fraction(30047179, 128618249760)}
RES (1, 9, 10, 11, 12, 14) (1960, 2772, 9702, 32340) {'labels': (260, 297, 350, 20238), 'total': Fraction(964053323, 89338829580), 'excess': Fraction(10688701, 44669414790)}
RES (1, 9, 10, 11, 12, 14) (1960, 2772, 9702, 48510) {'labels': (260, 19503, 350, 268), 'total': Fraction(1270960763, 116531595180), 'excess': Fraction(20677561, 58265797590)}
RES (1, 9, 10, 11, 12, 14) (1960, 2772, 9702, 97020) {'labels': (260, 297, 350, 20198), 'total': Fraction(65575309, 6079244535), 'excess': Fraction(5715943, 24316978140)}
RES (1, 9, 10, 11, 12, 14) (1960, 3080, 8085, 9702) {'labels': (260, 297, 20349, 312), 'total': Fraction(186705977, 17110253160), 'excess': Fraction(1232767, 3422050632)}
RES (1, 9, 10, 11, 12, 14) (1960, 3465, 5390, 9702) {'labels': (260, 297, 21728, 324), 'total': Fraction(24122477, 2283721440), 'excess': Fraction(25349, 2283721440)}
RES (1, 9, 10, 11, 12, 14) (1960, 3528, 6930, 9702) {'labels': (260, 19503, 275, 364), 'total': Fraction(97183309, 8696387700), 'excess': Fraction(2710847, 4348193850)}
RES (1, 9, 10, 11, 12, 14) (1960, 3960, 8085, 9702) {'labels': (260, 297, 19747, 312), 'total': Fraction(325405, 29857464), 'excess': Fraction(51791, 149287320)}
RES (1, 9, 10, 11, 12, 14) (1960, 4620, 5390, 9702) {'labels': (260, 297, 19194, 324), 'total': Fraction(14226679, 1344923580), 'excess': Fraction(17729, 672461790)}
RES (1, 9, 10, 11, 12, 14) (1960, 4620, 8085, 9702) {'labels': (260, 297, 19194, 312), 'total': Fraction(264778303, 24208624440), 'excess': Fraction(1867265, 4841724888)}
RES (1, 9, 10, 11, 12, 14) (1960, 5390, 6930, 9702) {'labels': (260, 19503, 324, 364), 'total': Fraction(11822623, 1043566524), 'excess': Fraction(2028073, 2608916310)}
RES (1, 9, 10, 11, 12, 14) (1960, 5390, 9702, 13860) {'labels': (260, 297, 324, 23702), 'total': Fraction(52700341, 4982397420), 'excess': Fraction(31903, 1245599355)}
RES (1, 9, 10, 11, 12, 14) (1960, 5390, 9702, 27720) {'labels': (260, 297, 324, 20167), 'total': Fraction(134216531, 12717915210), 'excess': Fraction(41983, 25435830420)}
RES (1, 9, 10, 11, 12, 14) (1960, 5544, 8085, 9702) {'labels': (260, 297, 19285, 312), 'total': Fraction(5785667, 530692344), 'excess': Fraction(929821, 2653461720)}
RES (1, 9, 10, 11, 12, 14) (1960, 6468, 6930, 9702) {'labels': (260, 19503, 390, 364), 'total': Fraction(528791, 48313265), 'excess': Fraction(76017, 193253060)}
RES (1, 9, 10, 11, 12, 14) (1960, 6930, 8085, 9702) {'labels': (260, 19503, 364, 312), 'total': Fraction(13552859, 1159518360), 'excess': Fraction(1317977, 1159518360)}
RES (1, 9, 10, 11, 12, 14) (1960, 6930, 9702, 17640) {'labels': (260, 19503, 364, 451), 'total': Fraction(265859063, 23770126380), 'excess': Fraction(7521991, 11885063190)}
RES (1, 9, 10, 11, 12, 14) (1960, 6930, 9702, 19404) {'labels': (260, 19503, 364, 410), 'total': Fraction(387808307, 35655189570), 'excess': Fraction(23171371, 71310379140)}
RES (1, 9, 10, 11, 12, 14) (1960, 8085, 9240, 9702) {'labels': (260, 297, 312, 26061), 'total': Fraction(65168101, 5976308520), 'excess': Fraction(2107927, 5976308520)}
RES (1, 9, 10, 11, 12, 14) (1960, 8085, 9702, 13860) {'labels': (260, 297, 312, 23702), 'total': Fraction(980829007, 89683153560), 'excess': Fraction(6903977, 17936630712)}
RES (1, 9, 10, 11, 12, 14) (1960, 8085, 9702, 27720) {'labels': (260, 297, 312, 20167), 'total': Fraction(333086489, 30522996504), 'excess': Fraction(55085971, 152614982520)}
RES (1, 9, 10, 11, 12, 14) (1980, 3528, 5390, 9702) {'labels': (260, 20678, 275, 324), 'total': Fraction(324739601, 27943215300), 'excess': Fraction(14945683, 13971607650)}
RES (1, 9, 10, 11, 12, 14) (1980, 3528, 8085, 9702) {'labels': (260, 20678, 275, 312), 'total': Fraction(223186339, 18628810200), 'excess': Fraction(26620849, 18628810200)}
RES (1, 9, 10, 11, 12, 14) (1980, 3528, 8820, 9702) {'labels': (260, 20678, 275, 286), 'total': Fraction(11058043, 1034933900), 'excess': Fraction(68869, 517466950)}
RES (1, 9, 10, 11, 12, 14) (1980, 3528, 9702, 16170) {'labels': (260, 20678, 275, 492), 'total': Fraction(1021642393, 95472652275), 'excess': Fraction(56977027, 381890609100)}
RES (1, 9, 10, 11, 12, 14) (1980, 3528, 9702, 17640) {'labels': (260, 20678, 275, 451), 'total': Fraction(4382937007, 381890609100), 'excess': Fraction(176672231, 190945304550)}
RES (1, 9, 10, 11, 12, 14) (1980, 3528, 9702, 21560) {'labels': (260, 20678, 275, 351), 'total': Fraction(75481834, 6985803825), 'excess': Fraction(7079101, 27943215300)}
RES (1, 9, 10, 11, 12, 14) (1980, 3528, 9702, 194040) {'labels': (260, 20678, 275, 299), 'total': Fraction(64372096, 5950869925), 'excess': Fraction(6321369, 23803479700)}
RES (1, 9, 10, 11, 12, 14) (1980, 5390, 9702, 17640) {'labels': (260, 20678, 324, 451), 'total': Fraction(2665030601, 229134365460), 'excess': Fraction(123637537, 114567182730)}
RES (1, 9, 10, 11, 12, 14) (1980, 5390, 9702, 21560) {'labels': (260, 20678, 324, 351), 'total': Fraction(5103806, 465720255), 'excess': Fraction(151735, 372576204)}
RES (1, 9, 10, 11, 12, 14) (1980, 5390, 9702, 194040) {'labels': (260, 20678, 324, 299), 'total': Fraction(352555496, 32134697595), 'excess': Fraction(53920103, 128538790380)}
RES (1, 9, 10, 11, 12, 14) (1980, 5880, 8085, 9702) {'labels': (260, 20678, 429, 312), 'total': Fraction(13358567, 1241920680), 'excess': Fraction(254201, 1241920680)}
RES (1, 9, 10, 11, 12, 14) (1980, 6468, 9702, 17640) {'labels': (260, 20678, 390, 451), 'total': Fraction(1301536, 115724427), 'excess': Fraction(1608947, 2314488540)}
RES (1, 9, 10, 11, 12, 14) (1980, 6468, 9702, 21560) {'labels': (260, 20678, 390, 351), 'total': Fraction(59099591, 5588643060), 'excess': Fraction(32486, 1397160765)}
RES (1, 9, 10, 11, 12, 14) (1980, 6468, 9702, 194040) {'labels': (260, 20678, 390, 299), 'total': Fraction(453620707, 42846263460), 'excess': Fraction(76004, 2142313173)}
RES (1, 9, 10, 11, 12, 14) (1980, 8085, 9702, 17640) {'labels': (260, 20678, 312, 451), 'total': Fraction(122104793, 10183749576), 'excess': Fraction(73244959, 50918747880)}
RES (1, 9, 10, 11, 12, 14) (1980, 8085, 9702, 21560) {'labels': (260, 20678, 312, 351), 'total': Fraction(126507307, 11177286120), 'excess': Fraction(8568013, 11177286120)}
RES (1, 9, 10, 11, 12, 14) (1980, 8085, 9702, 194040) {'labels': (260, 20678, 312, 299), 'total': Fraction(970937039, 85692526920), 'excess': Fraction(13347157, 17138505384)}
RES (1, 9, 10, 11, 12, 14) (1980, 8820, 9702, 17640) {'labels': (260, 20678, 286, 451), 'total': Fraction(816805531, 76378121820), 'excess': Fraction(5443511, 38189060910)}
RES (1, 9, 10, 11, 12, 14) (1980, 9702, 16170, 17640) {'labels': (260, 20678, 492, 451), 'total': Fraction(68169656, 6364843485), 'excess': Fraction(4039121, 25459373940)}
RES (1, 9, 10, 11, 12, 14) (1980, 9702, 17640, 19404) {'labels': (260, 20678, 451, 410), 'total': Fraction(426894067, 38189060910), 'excess': Fraction(9573925, 15275624364)}
RES (1, 9, 10, 11, 12, 14) (1980, 9702, 17640, 21560) {'labels': (260, 20678, 451, 351), 'total': Fraction(619492507, 57283591365), 'excess': Fraction(60214501, 229134365460)}
RES (1, 9, 10, 11, 12, 14) (1980, 9702, 17640, 194040) {'labels': (260, 20678, 451, 299), 'total': Fraction(432255631, 39924927315), 'excess': Fraction(43920187, 159699709260)}
RES (1, 9, 10, 11, 12, 14) (2156, 3960, 8085, 9702) {'labels': (260, 27270, 343, 312), 'total': Fraction(56558539, 5350264920), 'excess': Fraction(20837, 1070052984)}
RES (1, 9, 10, 11, 12, 14) (2156, 6930, 9702, 17640) {'labels': (260, 27270, 364, 451), 'total': Fraction(111528359, 9970948260), 'excess': Fraction(1579493, 2492737065)}
RES (1, 9, 10, 11, 12, 14) (2205, 2772, 5880, 9702) {'labels': (260, 20768, 350, 429), 'total': Fraction(11112097, 1041800760), 'excess': Fraction(23867, 208360152)}
RES (1, 9, 10, 11, 12, 14) (2205, 2772, 9702, 17640) {'labels': (260, 20768, 350, 451), 'total': Fraction(508295603, 42713831160), 'excess': Fraction(57592361, 42713831160)}
RES (1, 9, 10, 11, 12, 14) (2205, 2772, 9702, 21560) {'labels': (260, 20768, 350, 351), 'total': Fraction(35092367, 3125402280), 'excess': Fraction(2114081, 3125402280)}
RES (1, 9, 10, 11, 12, 14) (2205, 2772, 9702, 194040) {'labels': (260, 20768, 350, 299), 'total': Fraction(17955629, 1597427832), 'excess': Fraction(5500303, 7987139160)}
RES (1, 9, 10, 11, 12, 14) (2205, 3528, 6930, 9702) {'labels': (260, 20768, 275, 364), 'total': Fraction(58258201, 5209003800), 'excess': Fraction(3294391, 5209003800)}
RES (1, 9, 10, 11, 12, 14) (2205, 6930, 9702, 17640) {'labels': (260, 20768, 364, 451), 'total': Fraction(478120997, 42713831160), 'excess': Fraction(5483551, 8542766232)}
RES (1, 9, 10, 11, 12, 14) (2310, 3528, 8820, 9702) {'labels': (260, 19572, 275, 286), 'total': Fraction(12229279, 1142841700), 'excess': Fraction(42591, 285710425)}
RES (1, 9, 10, 11, 12, 14) (2310, 3528, 9702, 17640) {'labels': (260, 19572, 275, 451), 'total': Fraction(4846665371, 421708587300), 'excess': Fraction(99231434, 105427146825)}
RES (1, 9, 10, 11, 12, 14) (2310, 3528, 9702, 21560) {'labels': (260, 19572, 275, 351), 'total': Fraction(166950529, 15428362950), 'excess': Fraction(8310353, 30856725900)}
RES (1, 9, 10, 11, 12, 14) (2310, 3528, 9702, 194040) {'labels': (260, 19572, 275, 299), 'total': Fraction(142377801, 13142679550), 'excess': Fraction(7400557, 26285359100)}
RES (1, 9, 10, 11, 12, 14) (2310, 5390, 9702, 21560) {'labels': (260, 19572, 324, 351), 'total': Fraction(11288351, 1028557530), 'excess': Fraction(174131, 411423012)}
RES (1, 9, 10, 11, 12, 14) (2310, 6468, 9702, 17640) {'labels': (260, 19572, 390, 451), 'total': Fraction(2878567, 255580962), 'excess': Fraction(1817551, 2555809620)}
RES (1, 9, 10, 11, 12, 14) (2310, 6468, 9702, 21560) {'labels': (260, 19572, 390, 351), 'total': Fraction(65360263, 6171345180), 'excess': Fraction(121061, 3085672590)}
RES (1, 9, 10, 11, 12, 14) (2310, 6468, 9702, 194040) {'labels': (260, 19572, 390, 299), 'total': Fraction(501673811, 47313646380), 'excess': Fraction(243473, 4731364638)}
RES (1, 9, 10, 11, 12, 14) (2310, 8820, 9702, 17640) {'labels': (260, 19572, 286, 451), 'total': Fraction(903318023, 84341717460), 'excess': Fraction(3342524, 21085429365)}
RES (1, 9, 10, 11, 12, 14) (2310, 9702, 17640, 19404) {'labels': (260, 19572, 451, 410), 'total': Fraction(236039158, 21085429365), 'excess': Fraction(10841741, 16868343492)}
RES (1, 9, 10, 11, 12, 14) (2310, 9702, 17640, 21560) {'labels': (260, 19572, 451, 351), 'total': Fraction(1370190187, 126512576190), 'excess': Fraction(70536593, 253025152380)}
RES (1, 9, 10, 11, 12, 14) (2310, 9702, 17640, 194040) {'labels': (260, 19572, 451, 299), 'total': Fraction(956059081, 88175431890), 'excess': Fraction(51317951, 176350863780)}
RES (1, 9, 10, 11, 12, 14) (2520, 3528, 5390, 9702) {'labels': (260, 19789, 275, 324), 'total': Fraction(395898187, 34035101100), 'excess': Fraction(18385121, 17017550550)}
RES (1, 9, 10, 11, 12, 14) (2520, 3528, 8085, 9702) {'labels': (260, 19789, 275, 312), 'total': Fraction(24734963, 2062733400), 'excess': Fraction(2969633, 2062733400)}
RES (1, 9, 10, 11, 12, 14) (2520, 3528, 9702, 16170) {'labels': (260, 19789, 275, 492), 'total': Fraction(113237081, 10571508675), 'excess': Fraction(6759059, 42286034700)}
RES (1, 9, 10, 11, 12, 14) (2520, 3528, 9702, 21560) {'labels': (260, 19789, 275, 351), 'total': Fraction(92028158, 8508775275), 'excess': Fraction(8984687, 34035101100)}
RES (1, 9, 10, 11, 12, 14) (2520, 3528, 9702, 194040) {'labels': (260, 19789, 275, 299), 'total': Fraction(706346768, 65233943775), 'excess': Fraction(72072827, 260935775100)}
RES (1, 9, 10, 11, 12, 14) (2520, 5390, 6468, 9702) {'labels': (260, 19789, 324, 390), 'total': Fraction(19403357, 1701755055), 'excess': Fraction(5787839, 6807020220)}
RES (1, 9, 10, 11, 12, 14) (2520, 5390, 8820, 9702) {'labels': (260, 19789, 324, 286), 'total': Fraction(73851719, 6807020220), 'excess': Fraction(202613, 680702022)}
RES (1, 9, 10, 11, 12, 14) (2520, 5390, 9702, 17640) {'labels': (260, 19789, 324, 451), 'total': Fraction(3249003187, 279087829020), 'excess': Fraction(152077019, 139543914510)}
RES (1, 9, 10, 11, 12, 14) (2520, 5390, 9702, 19404) {'labels': (260, 19789, 324, 410), 'total': Fraction(143775271, 12685810410), 'excess': Fraction(19836983, 25371620820)}
RES (1, 9, 10, 11, 12, 14) (2520, 5390, 9702, 21560) {'labels': (260, 19789, 324, 351), 'total': Fraction(2074174, 189083895), 'excess': Fraction(63215, 151267116)}
RES (1, 9, 10, 11, 12, 14) (2520, 5390, 9702, 48510) {'labels': (260, 19789, 324, 268), 'total': Fraction(243018466, 22803517737), 'excess': Fraction(48054857, 456070354740)}
RES (1, 9, 10, 11, 12, 14) (2520, 5390, 9702, 194040) {'labels': (260, 19789, 324, 299), 'total': Fraction(429832552, 39140366265), 'excess': Fraction(67341661, 156561465060)}
RES (1, 9, 10, 11, 12, 14) (2520, 5880, 8085, 9702) {'labels': (260, 19789, 429, 312), 'total': Fraction(48860887, 4538013480), 'excess': Fraction(977161, 4538013480)}
RES (1, 9, 10, 11, 12, 14) (2520, 6468, 8085, 9702) {'labels': (260, 19789, 390, 312), 'total': Fraction(53372779, 4538013480), 'excess': Fraction(5489053, 4538013480)}
RES (1, 9, 10, 11, 12, 14) (2520, 8085, 8820, 9702) {'labels': (260, 19789, 312, 286), 'total': Fraction(16954991, 1512671160), 'excess': Fraction(993749, 1512671160)}
RES (1, 9, 10, 11, 12, 14) (2520, 8085, 9702, 17640) {'labels': (260, 19789, 312, 451), 'total': Fraction(446570473, 37211710536), 'excess': Fraction(269619599, 186058552680)}
RES (1, 9, 10, 11, 12, 14) (2520, 8085, 9702, 19404) {'labels': (260, 19789, 312, 410), 'total': Fraction(435110843, 37211710536), 'excess': Fraction(212321449, 186058552680)}
RES (1, 9, 10, 11, 12, 14) (2520, 8085, 9702, 21560) {'labels': (260, 19789, 312, 351), 'total': Fraction(154232009, 13614040440), 'excess': Fraction(10580831, 13614040440)}
RES (1, 9, 10, 11, 12, 14) (2520, 8085, 9702, 32340) {'labels': (260, 19789, 312, 402), 'total': Fraction(3284473429, 304046903160), 'excess': Fraction(76263787, 304046903160)}
RES (1, 9, 10, 11, 12, 14) (2520, 8085, 9702, 48510) {'labels': (260, 19789, 312, 268), 'total': Fraction(3349489289, 304046903160), 'excess': Fraction(141279647, 304046903160)}
RES (1, 9, 10, 11, 12, 14) (2520, 8085, 9702, 194040) {'labels': (260, 19789, 312, 299), 'total': Fraction(394573831, 34791436680), 'excess': Fraction(5493053, 6958287336)}
RES (1, 9, 10, 11, 12, 14) (2520, 9702, 16170, 17640) {'labels': (260, 19789, 492, 451), 'total': Fraction(249341416, 23257319085), 'excess': Fraction(15749281, 93029276340)}
RES (1, 9, 10, 11, 12, 14) (2520, 9702, 17640, 21560) {'labels': (260, 19789, 451, 351), 'total': Fraction(755290409, 69771957255), 'excess': Fraction(76312487, 279087829020)}
RES (1, 9, 10, 11, 12, 14) (2520, 9702, 17640, 194040) {'labels': (260, 19789, 451, 299), 'total': Fraction(1932366589, 178306112985), 'excess': Fraction(203740753, 713224451940)}
RES (1, 9, 10, 11, 12, 14) (2695, 2772, 5880, 9702) {'labels': (260, 19296, 350, 429), 'total': Fraction(8391199, 788707920), 'excess': Fraction(13799, 157741584)}
RES (1, 9, 10, 11, 12, 14) (2695, 2772, 9702, 17640) {'labels': (260, 19296, 350, 451), 'total': Fraction(383936051, 32337024720), 'excess': Fraction(42725687, 32337024720)}
RES (1, 9, 10, 11, 12, 14) (2695, 2772, 9702, 21560) {'labels': (260, 19296, 350, 351), 'total': Fraction(79509167, 7098371280), 'excess': Fraction(4609331, 7098371280)}
RES (1, 9, 10, 11, 12, 14) (2695, 2772, 9702, 194040) {'labels': (260, 19296, 350, 299), 'total': Fraction(122047127, 10884169296), 'excess': Fraction(36003559, 54420846480)}
RES (1, 9, 10, 11, 12, 14) (2695, 3528, 6930, 9702) {'labels': (260, 19296, 275, 364), 'total': Fraction(131995001, 11830618800), 'excess': Fraction(7161941, 11830618800)}
RES (1, 9, 10, 11, 12, 14) (2695, 6930, 9702, 17640) {'labels': (260, 19296, 364, 451), 'total': Fraction(361091999, 32337024720), 'excess': Fraction(3976327, 6467404944)}
RES (1, 9, 10, 11, 12, 14) (2772, 2940, 9702, 17640) {'labels': (260, 350, 28446, 451), 'total': Fraction(51484578, 4333724395), 'excess': Fraction(23025791, 17334897580)}
RES (1, 9, 10, 11, 12, 14) (2772, 2940, 9702, 21560) {'labels': (260, 350, 28446, 351), 'total': Fraction(25589519, 2283132852), 'excess': Fraction(1873252, 2853916065)}
RES (1, 9, 10, 11, 12, 14) (2772, 2940, 9702, 194040) {'labels': (260, 350, 28446, 299), 'total': Fraction(982001591, 87520092660), 'excess': Fraction(14629106, 21880023165)}
RES (1, 9, 10, 11, 12, 14) (2772, 4410, 5880, 9702) {'labels': (260, 350, 19228, 429), 'total': Fraction(41150233, 3858194340), 'excess': Fraction(43975, 385819434)}
RES (1, 9, 10, 11, 12, 14) (2772, 4410, 9702, 17640) {'labels': (260, 350, 19228, 451), 'total': Fraction(470581703, 39546491985), 'excess': Fraction(213197009, 158185967940)}
RES (1, 9, 10, 11, 12, 14) (2772, 4410, 9702, 21560) {'labels': (260, 350, 19228, 351), 'total': Fraction(129954133, 11574583020), 'excess': Fraction(1955671, 2893645755)}
RES (1, 9, 10, 11, 12, 14) (2772, 4410, 9702, 194040) {'labels': (260, 350, 19228, 299), 'total': Fraction(8673043, 771638868), 'excess': Fraction(663683, 964548585)}
RES (1, 9, 10, 11, 12, 14) (2772, 5390, 5880, 9702) {'labels': (260, 350, 324, 22011), 'total': Fraction(4836116, 401510655), 'excess': Fraction(479599, 321208524)}
RES (1, 9, 10, 11, 12, 14) (2772, 5390, 9702, 17640) {'labels': (260, 350, 324, 20779), 'total': Fraction(120550975, 10006584588), 'excess': Fraction(37411411, 25016461470)}
RES (1, 9, 10, 11, 12, 14) (2772, 5390, 9702, 21560) {'labels': (260, 350, 324, 19521), 'total': Fraction(115438097, 9574855290), 'excess': Fraction(28814323, 19149710580)}
RES (1, 9, 10, 11, 12, 14) (2772, 5390, 9702, 64680) {'labels': (260, 350, 324, 20859), 'total': Fraction(1108122559, 92080178190), 'excess': Fraction(273041537, 184160356380)}
RES (1, 9, 10, 11, 12, 14) (2772, 5390, 9702, 194040) {'labels': (260, 350, 324, 20609), 'total': Fraction(3283540693, 272929727070), 'excess': Fraction(807339893, 545859454140)}
RES (1, 9, 10, 11, 12, 14) (2772, 5880, 8085, 9702) {'labels': (260, 350, 22011, 312), 'total': Fraction(146091073, 11777645880), 'excess': Fraction(21816967, 11777645880)}
RES (1, 9, 10, 11, 12, 14) (2772, 5880, 8820, 9702) {'labels': (260, 350, 22011, 286), 'total': Fraction(16353514, 1472205735), 'excess': Fraction(3277003, 5888822940)}
RES (1, 9, 10, 11, 12, 14) (2772, 5880, 9702, 10780) {'labels': (260, 350, 429, 23418), 'total': Fraction(40854479, 3828764940), 'excess': Fraction(227263, 1914382470)}
RES (1, 9, 10, 11, 12, 14) (2772, 5880, 9702, 16170) {'labels': (260, 350, 22011, 492), 'total': Fraction(2685865573, 241441740540), 'excess': Fraction(6912320, 12072087027)}
RES (1, 9, 10, 11, 12, 14) (2772, 5880, 9702, 24255) {'labels': (260, 350, 429, 19424), 'total': Fraction(152209507, 14290916640), 'excess': Fraction(1416139, 14290916640)}
RES (1, 9, 10, 11, 12, 14) (2772, 5880, 9702, 32340) {'labels': (260, 350, 22011, 402), 'total': Fraction(4222506341, 394551136980), 'excess': Fraction(5932379, 39455113698)}
RES (1, 9, 10, 11, 12, 14) (2772, 5880, 9702, 48510) {'labels': (260, 350, 22011, 268), 'total': Fraction(1435625057, 131517045660), 'excess': Fraction(2394877, 6575852283)}
RES (1, 9, 10, 11, 12, 14) (2772, 5880, 9702, 97020) {'labels': (260, 350, 429, 20198), 'total': Fraction(949776953, 89162253180), 'excess': Fraction(2241053, 22290563295)}
RES (1, 9, 10, 11, 12, 14) (2772, 8085, 9702, 17640) {'labels': (260, 350, 312, 20779), 'total': Fraction(137940343, 11118427320), 'excess': Fraction(20622109, 11118427320)}
RES (1, 9, 10, 11, 12, 14) (2772, 8085, 9702, 21560) {'labels': (260, 350, 312, 19521), 'total': Fraction(43228477, 3481765560), 'excess': Fraction(1297991, 696353112)}
RES (1, 9, 10, 11, 12, 14) (2772, 8085, 9702, 64680) {'labels': (260, 350, 312, 20859), 'total': Fraction(33813531, 2728301576), 'excess': Fraction(25126649, 13641507880)}
RES (1, 9, 10, 11, 12, 14) (2772, 8085, 9702, 194040) {'labels': (260, 350, 312, 20609), 'total': Fraction(4508804623, 363906302760), 'excess': Fraction(668976961, 363906302760)}
RES (1, 9, 10, 11, 12, 14) (2772, 8820, 9702, 17640) {'labels': (260, 350, 24926, 451), 'total': Fraction(4873765579, 410125175460), 'excess': Fraction(136562638, 102531293865)}
RES (1, 9, 10, 11, 12, 14) (2772, 8820, 9702, 21560) {'labels': (260, 350, 24926, 351), 'total': Fraction(33645349, 3000915918), 'excess': Fraction(19806049, 30009159180)}
RES (1, 9, 10, 11, 12, 14) (2772, 8820, 9702, 64680) {'labels': (260, 350, 286, 20859), 'total': Fraction(340625849, 30693392730), 'excess': Fraction(33517171, 61386785460)}
RES (1, 9, 10, 11, 12, 14) (2772, 8820, 9702, 194040) {'labels': (260, 350, 24926, 299), 'total': Fraction(430381603, 38345036730), 'excess': Fraction(51553079, 76690073460)}
RES (1, 9, 10, 11, 12, 14) (2772, 9702, 10780, 17640) {'labels': (260, 350, 23418, 451), 'total': Fraction(42470732, 3567712785), 'excess': Fraction(3860257, 2854170228)}
RES (1, 9, 10, 11, 12, 14) (2772, 9702, 10780, 21560) {'labels': (260, 350, 23418, 351), 'total': Fraction(387051793, 34458884460), 'excess': Fraction(5863054, 8614721115)}
RES (1, 9, 10, 11, 12, 14) (2772, 9702, 10780, 194040) {'labels': (260, 350, 23418, 299), 'total': Fraction(2970627029, 264184780860), 'excess': Fraction(45757568, 66046195215)}
RES (1, 9, 10, 11, 12, 14) (2772, 9702, 16170, 17640) {'labels': (260, 350, 19308, 451), 'total': Fraction(70060659, 5883115420), 'excess': Fraction(798383, 588311542)}
RES (1, 9, 10, 11, 12, 14) (2772, 9702, 16170, 21560) {'labels': (260, 350, 19308, 351), 'total': Fraction(119719478, 10654178535), 'excess': Fraction(29199419, 42616714140)}
RES (1, 9, 10, 11, 12, 14) (2772, 9702, 16170, 64680) {'labels': (260, 350, 492, 20859), 'total': Fraction(3107984729, 279650911540), 'excess': Fraction(78597053, 139825455770)}
RES (1, 9, 10, 11, 12, 14) (2772, 9702, 16170, 194040) {'labels': (260, 350, 19308, 299), 'total': Fraction(918847984, 81682035435), 'excess': Fraction(227856823, 326728141740)}
RES (1, 9, 10, 11, 12, 14) (2772, 9702, 17640, 24255) {'labels': (260, 350, 451, 19424), 'total': Fraction(633045241, 53266143840), 'excess': Fraction(70997233, 53266143840)}
RES (1, 9, 10, 11, 12, 14) (2772, 9702, 17640, 32340) {'labels': (260, 350, 451, 20238), 'total': Fraction(14517554839, 1220964004260), 'excess': Fraction(408579313, 305241001065)}
RES (1, 9, 10, 11, 12, 14) (2772, 9702, 17640, 48510) {'labels': (260, 350, 451, 23948), 'total': Fraction(1430177607, 120399108830), 'excess': Fraction(319526297, 240798217660)}
RES (1, 9, 10, 11, 12, 14) (2772, 9702, 17640, 97020) {'labels': (260, 350, 451, 20198), 'total': Fraction(21725569583, 1827826190190), 'excess': Fraction(975563357, 731130476076)}
RES (1, 9, 10, 11, 12, 14) (2772, 9702, 21560, 24255) {'labels': (260, 350, 351, 19424), 'total': Fraction(288430511, 25723649952), 'excess': Fraction(85012243, 128618249760)}
RES (1, 9, 10, 11, 12, 14) (2772, 9702, 21560, 32340) {'labels': (260, 350, 351, 20238), 'total': Fraction(100223231, 8933882958), 'excess': Fraction(59556389, 89338829580)}
RES (1, 9, 10, 11, 12, 14) (2772, 9702, 21560, 48510) {'labels': (260, 350, 351, 23948), 'total': Fraction(32310919, 2883171564), 'excess': Fraction(4721443, 7207928910)}
RES (1, 9, 10, 11, 12, 14) (2772, 9702, 21560, 97020) {'labels': (260, 350, 351, 20198), 'total': Fraction(272693107, 24316978140), 'excess': Fraction(8053907, 12158489070)}
RES (1, 9, 10, 11, 12, 14) (2772, 9702, 24255, 194040) {'labels': (260, 350, 19424, 299), 'total': Fraction(11068558751, 986073248160), 'excess': Fraction(663816359, 986073248160)}
RES (1, 9, 10, 11, 12, 14) (2772, 9702, 32340, 64680) {'labels': (260, 350, 402, 20859), 'total': Fraction(14657841239, 1370971541940), 'excess': Fraction(47942534, 342742885485)}
RES (1, 9, 10, 11, 12, 14) (2772, 9702, 32340, 194040) {'labels': (260, 350, 20238, 299), 'total': Fraction(3846077539, 342465513390), 'excess': Fraction(464973017, 684931026780)}
RES (1, 9, 10, 11, 12, 14) (2772, 9702, 48510, 64680) {'labels': (260, 350, 268, 20859), 'total': Fraction(44853008687, 4112914625820), 'excess': Fraction(727397689, 2056457312910)}
RES (1, 9, 10, 11, 12, 14) (2772, 9702, 48510, 194040) {'labels': (260, 350, 23948, 299), 'total': Fraction(13639301237, 1215737342820), 'excess': Fraction(405606889, 607868671410)}
RES (1, 9, 10, 11, 12, 14) (2772, 9702, 97020, 194040) {'labels': (260, 350, 20198, 299), 'total': Fraction(23022191141, 2050731823140), 'excess': Fraction(691749049, 1025365911570)}
RES (1, 9, 10, 11, 12, 14) (2940, 3528, 6930, 9702) {'labels': (260, 28446, 275, 364), 'total': Fraction(212409277, 19026107100), 'excess': Fraction(2912908, 4756526775)}
RES (1, 9, 10, 11, 12, 14) (2940, 3960, 8085, 9702) {'labels': (260, 28446, 343, 312), 'total': Fraction(26787193, 2536814280), 'excess': Fraction(19507, 2536814280)}
RES (1, 9, 10, 11, 12, 14) (2940, 6930, 9702, 17640) {'labels': (260, 28446, 364, 451), 'total': Fraction(193692309, 17334897580), 'excess': Fraction(2694947, 4333724395)}
RES (1, 9, 10, 11, 12, 14) (3080, 3528, 5390, 9702) {'labels': (260, 20349, 275, 324), 'total': Fraction(498013093, 42775632900), 'excess': Fraction(23328869, 21387816450)}
RES (1, 9, 10, 11, 12, 14) (3080, 3528, 8085, 9702) {'labels': (260, 20349, 275, 312), 'total': Fraction(342254827, 28517088600), 'excess': Fraction(41351257, 28517088600)}
RES (1, 9, 10, 11, 12, 14) (3080, 3528, 8820, 9702) {'labels': (260, 20349, 275, 286), 'total': Fraction(152649391, 14258544300), 'excess': Fraction(1098803, 7129272150)}
RES (1, 9, 10, 11, 12, 14) (3080, 3528, 9702, 16170) {'labels': (260, 20349, 275, 492), 'total': Fraction(1567010524, 146150079075), 'excess': Fraction(99518911, 584600316300)}
RES (1, 9, 10, 11, 12, 14) (3080, 3528, 9702, 17640) {'labels': (260, 20349, 275, 451), 'total': Fraction(6721723051, 584600316300), 'excess': Fraction(276599933, 292300158150)}
RES (1, 9, 10, 11, 12, 14) (3080, 3528, 9702, 21560) {'labels': (260, 20349, 275, 351), 'total': Fraction(10524817, 972173475), 'excess': Fraction(1066963, 3888693900)}
RES (1, 9, 10, 11, 12, 14) (3080, 3528, 9702, 194040) {'labels': (260, 20349, 275, 299), 'total': Fraction(888595277, 81986629725), 'excess': Fraction(93990053, 327946518900)}
RES (1, 9, 10, 11, 12, 14) (3080, 5390, 6468, 9702) {'labels': (260, 20349, 324, 390), 'total': Fraction(24408548, 2138781645), 'excess': Fraction(7363121, 8555126580)}
RES (1, 9, 10, 11, 12, 14) (3080, 5390, 8820, 9702) {'labels': (260, 20349, 324, 286), 'total': Fraction(92906441, 8555126580), 'excess': Fraction(263537, 855512658)}
RES (1, 9, 10, 11, 12, 14) (3080, 5390, 9702, 16170) {'labels': (260, 20349, 324, 492), 'total': Fraction(190740716, 17538009489), 'excess': Fraction(113700409, 350760189780)}
RES (1, 9, 10, 11, 12, 14) (3080, 5390, 9702, 17640) {'labels': (260, 20349, 324, 451), 'total': Fraction(4087022893, 350760189780), 'excess': Fraction(192954491, 175380094890)}
RES (1, 9, 10, 11, 12, 14) (3080, 5390, 9702, 19404) {'labels': (260, 20349, 324, 410), 'total': Fraction(1989501809, 175380094890), 'excess': Fraction(277889707, 350760189780)}
RES (1, 9, 10, 11, 12, 14) (3080, 5390, 9702, 48510) {'labels': (260, 20349, 324, 268), 'total': Fraction(305725729, 28659674043), 'excess': Fraction(66352823, 573193480860)}
RES (1, 9, 10, 11, 12, 14) (3080, 5390, 9702, 194040) {'labels': (260, 20349, 324, 299), 'total': Fraction(540728803, 49191977835), 'excess': Fraction(86680579, 196767911340)}
RES (1, 9, 10, 11, 12, 14) (3080, 5880, 8085, 9702) {'labels': (260, 20349, 429, 312), 'total': Fraction(61468093, 5703417720), 'excess': Fraction(1287379, 5703417720)}
RES (1, 9, 10, 11, 12, 14) (3080, 6468, 8085, 9702) {'labels': (260, 20349, 390, 312), 'total': Fraction(67138681, 5703417720), 'excess': Fraction(6957967, 5703417720)}
RES (1, 9, 10, 11, 12, 14) (3080, 8085, 8820, 9702) {'labels': (260, 20349, 312, 286), 'total': Fraction(21328949, 1901139240), 'excess': Fraction(1268711, 1901139240)}
RES (1, 9, 10, 11, 12, 14) (3080, 8085, 9702, 10780) {'labels': (260, 20349, 312, 486), 'total': Fraction(147858821, 13999298040), 'excess': Fraction(142523, 13999298040)}
RES (1, 9, 10, 11, 12, 14) (3080, 8085, 9702, 17640) {'labels': (260, 20349, 312, 451), 'total': Fraction(561739987, 46768025304), 'excess': Fraction(341290661, 233840126520)}
RES (1, 9, 10, 11, 12, 14) (3080, 8085, 9702, 19404) {'labels': (260, 20349, 312, 410), 'total': Fraction(49757947, 4251638664), 'excess': Fraction(24479801, 21258193320)}
RES (1, 9, 10, 11, 12, 14) (3080, 8085, 9702, 21560) {'labels': (260, 20349, 312, 351), 'total': Fraction(194018051, 17110253160), 'excess': Fraction(13475909, 17110253160)}
RES (1, 9, 10, 11, 12, 14) (3080, 8085, 9702, 32340) {'labels': (260, 20349, 312, 402), 'total': Fraction(4131928231, 382128987240), 'excess': Fraction(99820393, 382128987240)}
RES (1, 9, 10, 11, 12, 14) (3080, 8085, 9702, 48510) {'labels': (260, 20349, 312, 268), 'total': Fraction(4213640771, 382128987240), 'excess': Fraction(181532933, 382128987240)}
RES (1, 9, 10, 11, 12, 14) (3080, 8085, 9702, 194040) {'labels': (260, 20349, 312, 299), 'total': Fraction(496358509, 43726202520), 'excess': Fraction(6994607, 8745240504)}
RES (1, 9, 10, 11, 12, 14) (3080, 8820, 9702, 17640) {'labels': (260, 20349, 286, 451), 'total': Fraction(37964551, 3543032220), 'excess': Fraction(289781, 1771516110)}
RES (1, 9, 10, 11, 12, 14) (3080, 9702, 16170, 17640) {'labels': (260, 20349, 492, 451), 'total': Fraction(313678399, 29230015815), 'excess': Fraction(21008959, 116920063260)}
RES (1, 9, 10, 11, 12, 14) (3080, 9702, 17640, 21560) {'labels': (260, 20349, 451, 351), 'total': Fraction(950167376, 87690047445), 'excess': Fraction(99555593, 350760189780)}
RES (1, 9, 10, 11, 12, 14) (3080, 9702, 17640, 194040) {'labels': (260, 20349, 451, 299), 'total': Fraction(2430945346, 224096787915), 'excess': Fraction(265379167, 896387151660)}
RES (1, 9, 10, 11, 12, 14) (3465, 3528, 5390, 9702) {'labels': (260, 21728, 275, 324), 'total': Fraction(1197508441, 102767464800), 'excess': Fraction(113137681, 102767464800)}
RES (1, 9, 10, 11, 12, 14) (3465, 3528, 8820, 9702) {'labels': (260, 21728, 275, 286), 'total': Fraction(40787163, 3806202400), 'excess': Fraction(625283, 3806202400)}
RES (1, 9, 10, 11, 12, 14) (3465, 3528, 9702, 16170) {'labels': (260, 21728, 275, 492), 'total': Fraction(15073087427, 1404488685600), 'excess': Fraction(253353707, 1404488685600)}
RES (1, 9, 10, 11, 12, 14) (3465, 3528, 9702, 17640) {'labels': (260, 21728, 275, 451), 'total': Fraction(16163045387, 1404488685600), 'excess': Fraction(1343311667, 1404488685600)}
RES (1, 9, 10, 11, 12, 14) (3465, 3528, 9702, 21560) {'labels': (260, 21728, 275, 351), 'total': Fraction(1113611201, 102767464800), 'excess': Fraction(29240441, 102767464800)}
RES (1, 9, 10, 11, 12, 14) (3465, 3528, 9702, 194040) {'labels': (260, 21728, 275, 299), 'total': Fraction(949702069, 87542655200), 'excess': Fraction(25978829, 87542655200)}
RES (1, 9, 10, 11, 12, 14) (3465, 5390, 9702, 17640) {'labels': (260, 21728, 324, 451), 'total': Fraction(9827534701, 842693211360), 'excess': Fraction(935694469, 842693211360)}
RES (1, 9, 10, 11, 12, 14) (3465, 5390, 9702, 21560) {'labels': (260, 21728, 324, 351), 'total': Fraction(75295279, 6851164320), 'excess': Fraction(600779, 1370232864)}
RES (1, 9, 10, 11, 12, 14) (3465, 5390, 9702, 194040) {'labels': (260, 21728, 324, 299), 'total': Fraction(5201153899, 472730338080), 'excess': Fraction(213048403, 472730338080)}
RES (1, 9, 10, 11, 12, 14) (3465, 6468, 9702, 17640) {'labels': (260, 21728, 390, 451), 'total': Fraction(19199867, 1702410528), 'excess': Fraction(6182767, 8512052640)}
RES (1, 9, 10, 11, 12, 14) (3465, 6468, 9702, 21560) {'labels': (260, 21728, 390, 351), 'total': Fraction(217993141, 20553492960), 'excess': Fraction(1118989, 20553492960)}
RES (1, 9, 10, 11, 12, 14) (3465, 6468, 9702, 194040) {'labels': (260, 21728, 390, 299), 'total': Fraction(1673207297, 157576779360), 'excess': Fraction(2101093, 31515355872)}
RES (1, 9, 10, 11, 12, 14) (3465, 8820, 9702, 17640) {'labels': (260, 21728, 286, 451), 'total': Fraction(3012747791, 280897737120), 'excess': Fraction(48801047, 280897737120)}
RES (1, 9, 10, 11, 12, 14) (3465, 9702, 16170, 17640) {'labels': (260, 21728, 492, 451), 'total': Fraction(1005757549, 93632579040), 'excess': Fraction(17775301, 93632579040)}
RES (1, 9, 10, 11, 12, 14) (3465, 9702, 17640, 19404) {'labels': (260, 21728, 451, 410), 'total': Fraction(3148759639, 280897737120), 'excess': Fraction(36962579, 56179547424)}
RES (1, 9, 10, 11, 12, 14) (3465, 9702, 17640, 21560) {'labels': (260, 21728, 451, 351), 'total': Fraction(9139577333, 842693211360), 'excess': Fraction(247737101, 842693211360)}
RES (1, 9, 10, 11, 12, 14) (3465, 9702, 17640, 194040) {'labels': (260, 21728, 451, 299), 'total': Fraction(6377189219, 587331632160), 'excess': Fraction(179846027, 587331632160)}
RES (1, 9, 10, 11, 12, 14) (3528, 3960, 5390, 9702) {'labels': (260, 275, 19747, 324), 'total': Fraction(11935559, 1026350325), 'excess': Fraction(4423301, 4105401300)}
RES (1, 9, 10, 11, 12, 14) (3528, 3960, 8085, 9702) {'labels': (260, 275, 19747, 312), 'total': Fraction(32811529, 2736934200), 'excess': Fraction(3932239, 2736934200)}
RES (1, 9, 10, 11, 12, 14) (3528, 3960, 8820, 9702) {'labels': (260, 275, 19747, 286), 'total': Fraction(8527, 797475), 'excess': Fraction(5839, 41468700)}
RES (1, 9, 10, 11, 12, 14) (3528, 3960, 9702, 16170) {'labels': (260, 275, 19747, 492), 'total': Fraction(600829417, 56107151100), 'excess': Fraction(2200993, 14026787775)}
RES (1, 9, 10, 11, 12, 14) (3528, 3960, 9702, 17640) {'labels': (260, 275, 19747, 451), 'total': Fraction(14644808, 1275162525), 'excess': Fraction(4758737, 5100650100)}
RES (1, 9, 10, 11, 12, 14) (3528, 3960, 9702, 21560) {'labels': (260, 275, 19747, 351), 'total': Fraction(3414667, 315800100), 'excess': Fraction(267934, 1026350325)}
RES (1, 9, 10, 11, 12, 14) (3528, 3960, 9702, 194040) {'labels': (260, 275, 19747, 299), 'total': Fraction(113571097, 10491581100), 'excess': Fraction(716788, 2622895275)}
RES (1, 9, 10, 11, 12, 14) (3528, 4410, 6930, 9702) {'labels': (260, 275, 19228, 364), 'total': Fraction(71913953, 6430323900), 'excess': Fraction(1015787, 1607580975)}
RES (1, 9, 10, 11, 12, 14) (3528, 4620, 5390, 9702) {'labels': (260, 275, 19194, 324), 'total': Fraction(706157537, 60521561100), 'excess': Fraction(16888148, 15130390275)}
RES (1, 9, 10, 11, 12, 14) (3528, 4620, 8085, 9702) {'labels': (260, 275, 19194, 312), 'total': Fraction(485268493, 40347707400), 'excess': Fraction(59531863, 40347707400)}
RES (1, 9, 10, 11, 12, 14) (3528, 4620, 8820, 9702) {'labels': (260, 275, 19194, 286), 'total': Fraction(24054491, 2241539300), 'excess': Fraction(100614, 560384825)}
RES (1, 9, 10, 11, 12, 14) (3528, 4620, 9702, 16170) {'labels': (260, 275, 19194, 492), 'total': Fraction(4444715507, 413564000850), 'excess': Fraction(161830099, 827128001700)}
RES (1, 9, 10, 11, 12, 14) (3528, 4620, 9702, 17640) {'labels': (260, 275, 19194, 451), 'total': Fraction(9531326359, 827128001700), 'excess': Fraction(200931361, 206782000425)}
RES (1, 9, 10, 11, 12, 14) (3528, 4620, 9702, 21560) {'labels': (260, 275, 19194, 351), 'total': Fraction(328374491, 30260780550), 'excess': Fraction(18144037, 60521561100)}
RES (1, 9, 10, 11, 12, 14) (3528, 4620, 9702, 194040) {'labels': (260, 275, 19194, 299), 'total': Fraction(280041579, 25777701950), 'excess': Fraction(16086353, 51555403900)}
RES (1, 9, 10, 11, 12, 14) (3528, 5390, 6930, 9702) {'labels': (260, 275, 324, 22708), 'total': Fraction(312871019, 26850648825), 'excess': Fraction(118204841, 107402595300)}
RES (1, 9, 10, 11, 12, 14) (3528, 5390, 9240, 9702) {'labels': (260, 275, 324, 26061), 'total': Fraction(1912181461, 164348484300), 'excess': Fraction(44506669, 41087121075)}
RES (1, 9, 10, 11, 12, 14) (3528, 5390, 9702, 13860) {'labels': (260, 275, 324, 23702), 'total': Fraction(2615859263, 224207883900), 'excess': Fraction(125043229, 112103941950)}
RES (1, 9, 10, 11, 12, 14) (3528, 5390, 9702, 27720) {'labels': (260, 275, 324, 20167), 'total': Fraction(100961344, 8671305825), 'excess': Fraction(37857541, 34685223300)}
RES (1, 9, 10, 11, 12, 14) (3528, 5880, 6930, 9702) {'labels': (260, 275, 22011, 364), 'total': Fraction(109772023, 9814704900), 'excess': Fraction(1552567, 2453676225)}
RES (1, 9, 10, 11, 12, 14) (3528, 6930, 8085, 9702) {'labels': (260, 275, 22708, 312), 'total': Fraction(860048989, 71601730200), 'excess': Fraction(104529499, 71601730200)}
RES (1, 9, 10, 11, 12, 14) (3528, 6930, 8820, 9702) {'labels': (260, 275, 364, 24926), 'total': Fraction(279278143, 25007632650), 'excess': Fraction(30810551, 50015265300)}
RES (1, 9, 10, 11, 12, 14) (3528, 6930, 9702, 10780) {'labels': (260, 275, 364, 23418), 'total': Fraction(642560647, 57431474100), 'excess': Fraction(9140338, 14357868525)}
RES (1, 9, 10, 11, 12, 14) (3528, 6930, 9702, 16170) {'labels': (260, 275, 364, 19308), 'total': Fraction(198751562, 17756964225), 'excess': Fraction(45542093, 71027856900)}
RES (1, 9, 10, 11, 12, 14) (3528, 6930, 9702, 17640) {'labels': (260, 275, 22708, 451), 'total': Fraction(4222890208, 366958867275), 'excess': Fraction(1403411287, 1467835469100)}
RES (1, 9, 10, 11, 12, 14) (3528, 6930, 9702, 21560) {'labels': (260, 275, 364, 19521), 'total': Fraction(1072003073, 95748552900), 'excess': Fraction(30846859, 47874276450)}
RES (1, 9, 10, 11, 12, 14) (3528, 6930, 9702, 24255) {'labels': (260, 275, 364, 19424), 'total': Fraction(2394160477, 214363749600), 'excess': Fraction(132259957, 214363749600)}
RES (1, 9, 10, 11, 12, 14) (3528, 6930, 9702, 32340) {'labels': (260, 275, 364, 20238), 'total': Fraction(277306511, 24816341550), 'excess': Fraction(30904177, 49632683100)}
RES (1, 9, 10, 11, 12, 14) (3528, 6930, 9702, 48510) {'labels': (260, 275, 364, 23948), 'total': Fraction(2950211479, 264290726700), 'excess': Fraction(80748407, 132145363350)}
RES (1, 9, 10, 11, 12, 14) (3528, 6930, 9702, 64680) {'labels': (260, 275, 364, 20859), 'total': Fraction(3429669241, 306933927300), 'excess': Fraction(95498303, 153466963650)}
RES (1, 9, 10, 11, 12, 14) (3528, 6930, 9702, 97020) {'labels': (260, 275, 364, 20198), 'total': Fraction(553307567, 49534585100), 'excess': Fraction(15316911, 24767292550)}
RES (1, 9, 10, 11, 12, 14) (3528, 6930, 9702, 194040) {'labels': (260, 275, 364, 20609), 'total': Fraction(10162412693, 909765756900), 'excess': Fraction(281421769, 454882878450)}
RES (1, 9, 10, 11, 12, 14) (3528, 8085, 9240, 9702) {'labels': (260, 275, 312, 26061), 'total': Fraction(1314154229, 109565656200), 'excess': Fraction(158051039, 109565656200)}
RES (1, 9, 10, 11, 12, 14) (3528, 8085, 9702, 13860) {'labels': (260, 275, 312, 23702), 'total': Fraction(1797610957, 149471922600), 'excess': Fraction(220429087, 149471922600)}
RES (1, 9, 10, 11, 12, 14) (3528, 8085, 9702, 27720) {'labels': (260, 275, 312, 20167), 'total': Fraction(3052922879, 254358304200), 'excess': Fraction(369012089, 254358304200)}
RES (1, 9, 10, 11, 12, 14) (3528, 8820, 9240, 9702) {'labels': (260, 275, 286, 26061), 'total': Fraction(17760079, 1660085700), 'excess': Fraction(60841, 415021425)}
RES (1, 9, 10, 11, 12, 14) (3528, 8820, 9702, 13860) {'labels': (260, 275, 286, 23702), 'total': Fraction(89105909, 8303995700), 'excess': Fraction(742347, 4151997850)}
RES (1, 9, 10, 11, 12, 14) (3528, 8820, 9702, 27720) {'labels': (260, 275, 286, 20167), 'total': Fraction(340411658, 31794788025), 'excess': Fraction(19691237, 127179152100)}
RES (1, 9, 10, 11, 12, 14) (3528, 9240, 9702, 16170) {'labels': (260, 275, 26061, 492), 'total': Fraction(12032784121, 1123047976050), 'excess': Fraction(365452847, 2246095952100)}
RES (1, 9, 10, 11, 12, 14) (3528, 9240, 9702, 17640) {'labels': (260, 275, 26061, 451), 'total': Fraction(2346241657, 204190541100), 'excess': Fraction(47921428, 51047635275)}
RES (1, 9, 10, 11, 12, 14) (3528, 9240, 9702, 21560) {'labels': (260, 275, 26061, 351), 'total': Fraction(889005373, 82174242150), 'excess': Fraction(43855961, 164348484300)}
RES (1, 9, 10, 11, 12, 14) (3528, 9240, 9702, 194040) {'labels': (260, 275, 26061, 299), 'total': Fraction(2274470111, 210000841050), 'excess': Fraction(117211327, 420001682100)}
RES (1, 9, 10, 11, 12, 14) (3528, 9702, 13860, 16170) {'labels': (260, 275, 23702, 492), 'total': Fraction(8232359959, 766043603325), 'excess': Fraction(597211501, 3064174413300)}
RES (1, 9, 10, 11, 12, 14) (3528, 9702, 13860, 17640) {'labels': (260, 275, 23702, 451), 'total': Fraction(35307402241, 3064174413300), 'excess': Fraction(1487586953, 1532087206650)}
RES (1, 9, 10, 11, 12, 14) (3528, 9702, 13860, 21560) {'labels': (260, 275, 23702, 351), 'total': Fraction(608205142, 56051970975), 'excess': Fraction(67047763, 224207883900)}
RES (1, 9, 10, 11, 12, 14) (3528, 9702, 13860, 194040) {'labels': (260, 275, 23702, 299), 'total': Fraction(518684448, 47747975275), 'excess': Fraction(59449847, 190991901100)}
RES (1, 9, 10, 11, 12, 14) (3528, 9702, 16170, 27720) {'labels': (260, 275, 492, 20167), 'total': Fraction(55911507467, 5214345236100), 'excess': Fraction(222834068, 1303586309025)}
RES (1, 9, 10, 11, 12, 14) (3528, 9702, 17640, 27720) {'labels': (260, 275, 451, 20167), 'total': Fraction(14989529213, 1303586309025), 'excess': Fraction(4937945657, 5214345236100)}
RES (1, 9, 10, 11, 12, 14) (3528, 9702, 21560, 27720) {'labels': (260, 275, 351, 20167), 'total': Fraction(4130819821, 381537456300), 'excess': Fraction(26238409, 95384364075)}
RES (1, 9, 10, 11, 12, 14) (3528, 9702, 27720, 194040) {'labels': (260, 275, 20167, 299), 'total': Fraction(31705381441, 2925120498300), 'excess': Fraction(210101839, 731280124575)}
RES (1, 9, 10, 11, 12, 14) (3960, 4312, 8085, 9702) {'labels': (260, 343, 20025, 312), 'total': Fraction(1844261, 174614440), 'excess': Fraction(1783, 174614440)}
RES (1, 9, 10, 11, 12, 14) (3960, 4410, 8085, 9702) {'labels': (260, 343, 19228, 312), 'total': Fraction(16326109, 1543277736), 'excess': Fraction(209579, 7716388680)}
RES (1, 9, 10, 11, 12, 14) (3960, 5390, 6468, 9702) {'labels': (260, 19747, 324, 390), 'total': Fraction(9359527, 821080260), 'excess': Fraction(34787, 41054013)}
RES (1, 9, 10, 11, 12, 14) (3960, 5390, 8820, 9702) {'labels': (260, 19747, 324, 286), 'total': Fraction(34253, 3158001), 'excess': Fraction(241993, 821080260)}
RES (1, 9, 10, 11, 12, 14) (3960, 5390, 9702, 17640) {'labels': (260, 19747, 324, 451), 'total': Fraction(97951136, 8416072665), 'excess': Fraction(36589277, 33664290660)}
RES (1, 9, 10, 11, 12, 14) (3960, 5390, 9702, 19404) {'labels': (260, 19747, 324, 410), 'total': Fraction(381437369, 33664290660), 'excess': Fraction(13111051, 16832145330)}
RES (1, 9, 10, 11, 12, 14) (3960, 5390, 9702, 21560) {'labels': (260, 19747, 324, 351), 'total': Fraction(46177, 4210668), 'excess': Fraction(28394, 68423355)}
RES (1, 9, 10, 11, 12, 14) (3960, 5390, 9702, 48510) {'labels': (260, 19747, 324, 268), 'total': Fraction(53282651, 5001125220), 'excess': Fraction(128078, 1250281305)}
RES (1, 9, 10, 11, 12, 14) (3960, 5390, 9702, 194040) {'labels': (260, 19747, 324, 299), 'total': Fraction(207334733, 18884845980), 'excess': Fraction(2016908, 4721211495)}
RES (1, 9, 10, 11, 12, 14) (3960, 5880, 8085, 9702) {'labels': (260, 19747, 429, 312), 'total': Fraction(1964041, 182462280), 'excess': Fraction(7751, 36492456)}
RES (1, 9, 10, 11, 12, 14) (3960, 6468, 8085, 9702) {'labels': (260, 19747, 390, 312), 'total': Fraction(715151, 60820760), 'excess': Fraction(73389, 60820760)}
RES (1, 9, 10, 11, 12, 14) (3960, 8085, 8820, 9702) {'labels': (260, 19747, 312, 286), 'total': Fraction(6133861, 547386840), 'excess': Fraction(358003, 547386840)}
RES (1, 9, 10, 11, 12, 14) (3960, 8085, 9702, 10780) {'labels': (260, 343, 312, 23418), 'total': Fraction(81044147, 7657529880), 'excess': Fraction(244241, 7657529880)}
RES (1, 9, 10, 11, 12, 14) (3960, 8085, 9702, 12936) {'labels': (260, 343, 312, 19725), 'total': Fraction(81880829, 7739932200), 'excess': Fraction(211439, 7739932200)}
RES (1, 9, 10, 11, 12, 14) (3960, 8085, 9702, 17640) {'labels': (260, 19747, 312, 451), 'total': Fraction(89755559, 7480953480), 'excess': Fraction(10818833, 7480953480)}
RES (1, 9, 10, 11, 12, 14) (3960, 8085, 9702, 19404) {'labels': (260, 19747, 312, 410), 'total': Fraction(262355227, 22442860440), 'excess': Fraction(25545049, 22442860440)}
RES (1, 9, 10, 11, 12, 14) (3960, 8085, 9702, 21560) {'labels': (260, 19747, 312, 351), 'total': Fraction(1690823, 149287320), 'excess': Fraction(115589, 149287320)}
RES (1, 9, 10, 11, 12, 14) (3960, 8085, 9702, 32340) {'labels': (260, 19747, 312, 402), 'total': Fraction(44008249, 4074990920), 'excess': Fraction(202039, 814998184)}
RES (1, 9, 10, 11, 12, 14) (3960, 8085, 9702, 38808) {'labels': (260, 343, 312, 22805), 'total': Fraction(283851889, 26845498680), 'excess': Fraction(586423, 26845498680)}
RES (1, 9, 10, 11, 12, 14) (3960, 8085, 9702, 48510) {'labels': (260, 19747, 312, 268), 'total': Fraction(403916621, 36674918280), 'excess': Fraction(3386827, 7334983656)}
RES (1, 9, 10, 11, 12, 14) (3960, 8085, 9702, 64680) {'labels': (260, 343, 312, 20859), 'total': Fraction(432541651, 40924523640), 'excess': Fraction(718633, 40924523640)}
RES (1, 9, 10, 11, 12, 14) (3960, 8085, 9702, 97020) {'labels': (260, 343, 312, 20198), 'total': Fraction(1884072139, 178324506360), 'excess': Fraction(2446657, 178324506360)}
RES (1, 9, 10, 11, 12, 14) (3960, 8085, 9702, 194040) {'labels': (260, 19747, 312, 299), 'total': Fraction(28549333, 2517979464), 'excess': Fraction(761687, 968453640)}
RES (1, 9, 10, 11, 12, 14) (3960, 8820, 9702, 17640) {'labels': (260, 19747, 286, 451), 'total': Fraction(2309446, 215796735), 'excess': Fraction(1686103, 11221430220)}
RES (1, 9, 10, 11, 12, 14) (3960, 9702, 16170, 17640) {'labels': (260, 19747, 492, 451), 'total': Fraction(40090651, 3740476740), 'excess': Fraction(155572, 935119185)}
RES (1, 9, 10, 11, 12, 14) (3960, 9702, 17640, 21560) {'labels': (260, 19747, 451, 351), 'total': Fraction(28024747, 2589560820), 'excess': Fraction(2276611, 8416072665)}
RES (1, 9, 10, 11, 12, 14) (3960, 9702, 17640, 194040) {'labels': (260, 19747, 451, 299), 'total': Fraction(2796288587, 258092895060), 'excess': Fraction(3648577, 12904644753)}
RES (1, 9, 10, 11, 12, 14) (4312, 4620, 8085, 9702) {'labels': (260, 20025, 546, 312), 'total': Fraction(5638693, 523843320), 'excess': Fraction(111259, 523843320)}
RES (1, 9, 10, 11, 12, 14) (4312, 5390, 6930, 9702) {'labels': (260, 20025, 324, 364), 'total': Fraction(5337169, 471458988), 'excess': Fraction(453098, 589323735)}
RES (1, 9, 10, 11, 12, 14) (4312, 6930, 8085, 9702) {'labels': (260, 20025, 364, 312), 'total': Fraction(6118403, 523843320), 'excess': Fraction(590969, 523843320)}
RES (1, 9, 10, 11, 12, 14) (4312, 6930, 9702, 17640) {'labels': (260, 20025, 364, 451), 'total': Fraction(120017441, 10738788060), 'excess': Fraction(1676261, 2684697015)}
RES (1, 9, 10, 11, 12, 14) (4312, 8085, 9702, 13860) {'labels': (260, 20025, 312, 574), 'total': Fraction(229678753, 21477576120), 'excess': Fraction(3053959, 21477576120)}
RES (1, 9, 10, 11, 12, 14) (4410, 6930, 9702, 17640) {'labels': (260, 19228, 364, 451), 'total': Fraction(1770578483, 158185967940), 'excess': Fraction(5072434, 7909298397)}
RES (1, 9, 10, 11, 12, 14) (4410, 8085, 9702, 27720) {'labels': (260, 19228, 312, 763), 'total': Fraction(591803371, 56072424408), 'excess': Fraction(721757, 280362122040)}
RES (1, 9, 10, 11, 12, 14) (4620, 5390, 9702, 17640) {'labels': (260, 19194, 324, 451), 'total': Fraction(5795182817, 496276801020), 'excess': Fraction(139655567, 124069200255)}
RES (1, 9, 10, 11, 12, 14) (4620, 5390, 9702, 21560) {'labels': (260, 19194, 324, 351), 'total': Fraction(22202149, 2017385370), 'excess': Fraction(366127, 806954148)}
RES (1, 9, 10, 11, 12, 14) (4620, 5390, 9702, 194040) {'labels': (260, 19194, 324, 299), 'total': Fraction(1533650149, 139199590530), 'excess': Fraction(129717551, 278399181060)}
RES (1, 9, 10, 11, 12, 14) (4620, 5880, 8085, 9702) {'labels': (260, 19194, 429, 312), 'total': Fraction(29057969, 2689847160), 'excess': Fraction(675527, 2689847160)}
RES (1, 9, 10, 11, 12, 14) (4620, 6468, 9702, 17640) {'labels': (260, 19194, 390, 451), 'total': Fraction(5661221, 501289698), 'excess': Fraction(3717659, 5012896980)}
RES (1, 9, 10, 11, 12, 14) (4620, 6468, 9702, 21560) {'labels': (260, 19194, 390, 351), 'total': Fraction(128564747, 12104312220), 'excess': Fraction(421879, 6052156110)}
RES (1, 9, 10, 11, 12, 14) (4620, 6468, 9702, 194040) {'labels': (260, 19194, 390, 299), 'total': Fraction(986797639, 92799727020), 'excess': Fraction(760339, 9279972702)}
RES (1, 9, 10, 11, 12, 14) (4620, 8085, 9702, 12936) {'labels': (260, 546, 312, 19725), 'total': Fraction(83445679, 7739932200), 'excess': Fraction(1776289, 7739932200)}
RES (1, 9, 10, 11, 12, 14) (4620, 8085, 9702, 17640) {'labels': (260, 19194, 312, 451), 'total': Fraction(265488599, 22056746712), 'excess': Fraction(163762873, 110283733560)}
RES (1, 9, 10, 11, 12, 14) (4620, 8085, 9702, 21560) {'labels': (260, 19194, 312, 351), 'total': Fraction(275123869, 24208624440), 'excess': Fraction(19681891, 24208624440)}
RES (1, 9, 10, 11, 12, 14) (4620, 8085, 9702, 38808) {'labels': (260, 546, 312, 22805), 'total': Fraction(96426493, 8948499560), 'excess': Fraction(2004671, 8948499560)}
RES (1, 9, 10, 11, 12, 14) (4620, 8085, 9702, 64680) {'labels': (260, 546, 312, 20859), 'total': Fraction(440815721, 40924523640), 'excess': Fraction(8992703, 40924523640)}
RES (1, 9, 10, 11, 12, 14) (4620, 8085, 9702, 194040) {'labels': (260, 19194, 312, 299), 'total': Fraction(2111552153, 185599454040), 'excess': Fraction(30632731, 37119890808)}
RES (1, 9, 10, 11, 12, 14) (4620, 8820, 9702, 17640) {'labels': (260, 19194, 286, 451), 'total': Fraction(1776785107, 165425600340), 'excess': Fraction(7816231, 41356400085)}
RES (1, 9, 10, 11, 12, 14) (4620, 9702, 16170, 17640) {'labels': (260, 19194, 492, 451), 'total': Fraction(296574979, 27570933390), 'excess': Fraction(11309897, 55141866780)}
RES (1, 9, 10, 11, 12, 14) (4620, 9702, 17640, 19404) {'labels': (260, 19194, 451, 410), 'total': Fraction(464221217, 41356400085), 'excess': Fraction(22272937, 33085120068)}
RES (1, 9, 10, 11, 12, 14) (4620, 9702, 17640, 21560) {'labels': (260, 19194, 451, 351), 'total': Fraction(2695016333, 248138400510), 'excess': Fraction(153472117, 496276801020)}
RES (1, 9, 10, 11, 12, 14) (4620, 9702, 17640, 194040) {'labels': (260, 19194, 451, 299), 'total': Fraction(1880459159, 172944945810), 'excess': Fraction(111194299, 345889891620)}
RES (1, 9, 10, 11, 12, 14) (4620, 9702, 19404, 21560) {'labels': (260, 19194, 410, 351), 'total': Fraction(476109131, 45116072820), 'excess': Fraction(14543, 11279018205)}
RES (1, 9, 10, 11, 12, 14) (4620, 9702, 19404, 194040) {'labels': (260, 19194, 410, 299), 'total': Fraction(13399462591, 1268262935940), 'excess': Fraction(4285297, 317065733985)}
RES (1, 9, 10, 11, 12, 14) (5390, 5544, 8820, 9702) {'labels': (260, 324, 19285, 286), 'total': Fraction(31668817, 2918807892), 'excess': Fraction(2176129, 7297019730)}
RES (1, 9, 10, 11, 12, 14) (5390, 5544, 9702, 17640) {'labels': (260, 324, 19285, 451), 'total': Fraction(6966101929, 598355617860), 'excess': Fraction(326218511, 299177808930)}
RES (1, 9, 10, 11, 12, 14) (5390, 5544, 9702, 21560) {'labels': (260, 324, 19285, 351), 'total': Fraction(889439, 81077997), 'excess': Fraction(678577, 1621559940)}
RES (1, 9, 10, 11, 12, 14) (5390, 5544, 9702, 48510) {'labels': (260, 324, 19285, 268), 'total': Fraction(236841739, 22222741905), 'excess': Fraction(9416737, 88890967620)}
RES (1, 9, 10, 11, 12, 14) (5390, 5544, 9702, 194040) {'labels': (260, 324, 19285, 299), 'total': Fraction(921595327, 83915726895), 'excess': Fraction(144569287, 335662907580)}
RES (1, 9, 10, 11, 12, 14) (5390, 5880, 6930, 9702) {'labels': (260, 324, 22011, 364), 'total': Fraction(18209897, 1606042620), 'excess': Fraction(315857, 401510655)}
RES (1, 9, 10, 11, 12, 14) (5390, 6468, 9240, 9702) {'labels': (260, 324, 390, 26061), 'total': Fraction(37487339, 3286969686), 'excess': Fraction(28042433, 32869696860)}
RES (1, 9, 10, 11, 12, 14) (5390, 6468, 9702, 27720) {'labels': (260, 324, 390, 20167), 'total': Fraction(870902437, 76307491260), 'excess': Fraction(3286460, 3815374563)}
RES (1, 9, 10, 11, 12, 14) (5390, 6930, 9702, 12936) {'labels': (260, 324, 364, 19725), 'total': Fraction(394886683, 34829694900), 'excess': Fraction(6843607, 8707423725)}
RES (1, 9, 10, 11, 12, 14) (5390, 6930, 9702, 17640) {'labels': (260, 324, 22708, 451), 'total': Fraction(2567623544, 220175320365), 'excess': Fraction(977604449, 880701281460)}
RES (1, 9, 10, 11, 12, 14) (5390, 6930, 9702, 21560) {'labels': (260, 324, 364, 19521), 'total': Fraction(217348141, 19149710580), 'excess': Fraction(1528627, 1914971058)}
RES (1, 9, 10, 11, 12, 14) (5390, 6930, 9702, 38808) {'labels': (260, 324, 364, 22805), 'total': Fraction(684489977, 60402372030), 'excess': Fraction(94285357, 120804744060)}
RES (1, 9, 10, 11, 12, 14) (5390, 6930, 9702, 64680) {'labels': (260, 324, 364, 20859), 'total': Fraction(417229507, 36832071276), 'excess': Fraction(71471977, 92080178190)}
RES (1, 9, 10, 11, 12, 14) (5390, 6930, 9702, 194040) {'labels': (260, 324, 364, 20609), 'total': Fraction(6181466387, 545859454140), 'excess': Fraction(210862447, 272929727070)}
RES (1, 9, 10, 11, 12, 14) (5390, 8820, 9240, 9702) {'labels': (260, 324, 286, 26061), 'total': Fraction(356708873, 32869696860), 'excess': Fraction(2469479, 8217424215)}
RES (1, 9, 10, 11, 12, 14) (5390, 8820, 9702, 27720) {'labels': (260, 324, 286, 20167), 'total': Fraction(41436662, 3815374563), 'excess': Fraction(23560003, 76307491260)}
RES (1, 9, 10, 11, 12, 14) (5390, 9240, 9702, 16170) {'labels': (260, 324, 26061, 492), 'total': Fraction(7323386303, 673828785630), 'excess': Fraction(426703369, 1347657571260)}
RES (1, 9, 10, 11, 12, 14) (5390, 9240, 9702, 17640) {'labels': (260, 324, 26061, 451), 'total': Fraction(15692626597, 1347657571260), 'excess': Fraction(73627868, 67382878563)}
RES (1, 9, 10, 11, 12, 14) (5390, 9240, 9702, 19404) {'labels': (260, 324, 26061, 410), 'total': Fraction(3819401293, 336914392815), 'excess': Fraction(211507187, 269531514252)}
RES (1, 9, 10, 11, 12, 14) (5390, 9240, 9702, 21560) {'labels': (260, 324, 26061, 351), 'total': Fraction(60110243, 5478282810), 'excess': Fraction(4610167, 10956565620)}
RES (1, 9, 10, 11, 12, 14) (5390, 9240, 9702, 48510) {'labels': (260, 324, 26061, 268), 'total': Fraction(1067092241, 100103167710), 'excess': Fraction(21668653, 200206335420)}
RES (1, 9, 10, 11, 12, 14) (5390, 9240, 9702, 194040) {'labels': (260, 324, 26061, 299), 'total': Fraction(4152228251, 378001513890), 'excess': Fraction(327344491, 756003027780)}
RES (1, 9, 10, 11, 12, 14) (5390, 9702, 13860, 17640) {'labels': (260, 324, 23702, 451), 'total': Fraction(21467424263, 1838504647980), 'excess': Fraction(1034043631, 919252323990)}
RES (1, 9, 10, 11, 12, 14) (5390, 9702, 13860, 21560) {'labels': (260, 324, 23702, 351), 'total': Fraction(41122178, 3736798065), 'excess': Fraction(1354105, 2989438452)}
RES (1, 9, 10, 11, 12, 14) (5390, 9702, 13860, 194040) {'labels': (260, 324, 23702, 299), 'total': Fraction(2840582648, 257839066485), 'excess': Fraction(479775689, 1031356265940)}
RES (1, 9, 10, 11, 12, 14) (5390, 9702, 17640, 27720) {'labels': (260, 324, 451, 20167), 'total': Fraction(9114106451, 782151785415), 'excess': Fraction(3444323087, 3128607141660)}
RES (1, 9, 10, 11, 12, 14) (5390, 9702, 19404, 27720) {'labels': (260, 324, 410, 20167), 'total': Fraction(35492947379, 3128607141660), 'excess': Fraction(1240422331, 1564303570830)}
RES (1, 9, 10, 11, 12, 14) (5390, 9702, 21560, 27720) {'labels': (260, 324, 351, 20167), 'total': Fraction(6206735, 565240676), 'excess': Fraction(303111, 706550845)}
RES (1, 9, 10, 11, 12, 14) (5390, 9702, 27720, 48510) {'labels': (260, 324, 20167, 268), 'total': Fraction(814060393, 76307491260), 'excess': Fraction(2221789, 19076872815)}
RES (1, 9, 10, 11, 12, 14) (5390, 9702, 27720, 194040) {'labels': (260, 324, 20167, 299), 'total': Fraction(19293369863, 1755072298980), 'excess': Fraction(193596353, 438768074745)}
RES (1, 9, 10, 11, 12, 14) (5544, 5880, 8085, 9702) {'labels': (260, 19285, 429, 312), 'total': Fraction(104761753, 9729359640), 'excess': Fraction(420107, 1945871928)}
RES (1, 9, 10, 11, 12, 14) (5544, 8085, 8820, 9702) {'labels': (260, 19285, 312, 286), 'total': Fraction(36352817, 3243119880), 'excess': Fraction(2132411, 3243119880)}
RES (1, 9, 10, 11, 12, 14) (5544, 8085, 9702, 10780) {'labels': (260, 19285, 312, 486), 'total': Fraction(2771946571, 262692710280), 'excess': Fraction(18737, 52538542056)}
RES (1, 9, 10, 11, 12, 14) (5544, 8085, 9702, 17640) {'labels': (260, 19285, 312, 451), 'total': Fraction(4787392787, 398903745240), 'excess': Fraction(578282849, 398903745240)}
RES (1, 9, 10, 11, 12, 14) (5544, 8085, 9702, 21560) {'labels': (260, 19285, 312, 351), 'total': Fraction(30062293, 2653461720), 'excess': Fraction(2063779, 2653461720)}
RES (1, 9, 10, 11, 12, 14) (5544, 8085, 9702, 32340) {'labels': (260, 19285, 312, 402), 'total': Fraction(7042179451, 651867095880), 'excess': Fraction(32775569, 130373419176)}
RES (1, 9, 10, 11, 12, 14) (5544, 8085, 9702, 48510) {'labels': (260, 19285, 312, 268), 'total': Fraction(7181571431, 651867095880), 'excess': Fraction(60653965, 130373419176)}
RES (1, 9, 10, 11, 12, 14) (5544, 8085, 9702, 194040) {'labels': (260, 19285, 312, 299), 'total': Fraction(169199285, 14918351448), 'excess': Fraction(58927087, 74591757240)}
RES (1, 9, 10, 11, 12, 14) (5544, 8820, 9702, 17640) {'labels': (260, 19285, 286, 451), 'total': Fraction(711740489, 66483957540), 'excess': Fraction(5111083, 33241978770)}
RES (1, 9, 10, 11, 12, 14) (5544, 9702, 16170, 17640) {'labels': (260, 19285, 492, 451), 'total': Fraction(534608587, 49862968155), 'excess': Fraction(33879379, 199451872620)}
RES (1, 9, 10, 11, 12, 14) (5544, 9702, 17640, 21560) {'labels': (260, 19285, 451, 351), 'total': Fraction(1619404184, 149588904465), 'excess': Fraction(163951829, 598355617860)}
RES (1, 9, 10, 11, 12, 14) (5544, 9702, 17640, 194040) {'labels': (260, 19285, 451, 299), 'total': Fraction(4143151186, 382282755855), 'excess': Fraction(87536663, 305826204684)}
RES (1, 9, 10, 11, 12, 14) (5880, 6468, 6930, 9702) {'labels': (260, 22011, 390, 364), 'total': Fraction(6450827, 588882294), 'excess': Fraction(2371217, 5888822940)}
RES (1, 9, 10, 11, 12, 14) (5880, 6930, 8085, 9702) {'labels': (260, 22011, 364, 312), 'total': Fraction(27554183, 2355529176), 'excess': Fraction(13496809, 11777645880)}
RES (1, 9, 10, 11, 12, 14) (5880, 6930, 9702, 17640) {'labels': (260, 22011, 364, 451), 'total': Fraction(2702673973, 241441740540), 'excess': Fraction(7752740, 12072087027)}
RES (1, 9, 10, 11, 12, 14) (5880, 6930, 9702, 19404) {'labels': (260, 22011, 364, 410), 'total': Fraction(73008893, 6706715015), 'excess': Fraction(1793355, 5365372012)}
RES (1, 9, 10, 11, 12, 14) (5880, 8085, 9240, 9702) {'labels': (260, 429, 312, 26061), 'total': Fraction(5244487, 486958472), 'excess': Fraction(531253, 2434792360)}
RES (1, 9, 10, 11, 12, 14) (5880, 8085, 9702, 13860) {'labels': (260, 429, 312, 23702), 'total': Fraction(107640521, 9964794840), 'excess': Fraction(2495063, 9964794840)}
RES (1, 9, 10, 11, 12, 14) (5880, 8085, 9702, 27720) {'labels': (260, 429, 312, 20167), 'total': Fraction(548300813, 50871660840), 'excess': Fraction(2303731, 10174332168)}
RES (1, 9, 10, 11, 12, 14) (6468, 6930, 9702, 17640) {'labels': (260, 390, 22708, 451), 'total': Fraction(20065249, 1779194508), 'excess': Fraction(1614668, 2223993135)}
RES (1, 9, 10, 11, 12, 14) (6468, 6930, 9702, 21560) {'labels': (260, 390, 364, 19521), 'total': Fraction(52498627, 4787427645), 'excess': Fraction(7932637, 19149710580)}
RES (1, 9, 10, 11, 12, 14) (6468, 6930, 9702, 64680) {'labels': (260, 390, 364, 20859), 'total': Fraction(55984127, 5115565455), 'excess': Fraction(8024999, 20462261820)}
RES (1, 9, 10, 11, 12, 14) (6468, 6930, 9702, 194040) {'labels': (260, 390, 364, 20609), 'total': Fraction(497654354, 45488287845), 'excess': Fraction(14140717, 36390630276)}
RES (1, 9, 10, 11, 12, 14) (6468, 8085, 9240, 9702) {'labels': (260, 390, 312, 26061), 'total': Fraction(85929637, 7304377080), 'excess': Fraction(8856091, 7304377080)}
RES (1, 9, 10, 11, 12, 14) (6468, 8085, 9702, 27720) {'labels': (260, 390, 312, 20167), 'total': Fraction(598879649, 50871660840), 'excess': Fraction(62097491, 50871660840)}
RES (1, 9, 10, 11, 12, 14) (6468, 9702, 13860, 17640) {'labels': (260, 390, 23702, 451), 'total': Fraction(10485568, 928537701), 'excess': Fraction(13758461, 18570754020)}
RES (1, 9, 10, 11, 12, 14) (6468, 9702, 13860, 21560) {'labels': (260, 390, 23702, 351), 'total': Fraction(476246633, 44841576780), 'excess': Fraction(773018, 11210394195)}
RES (1, 9, 10, 11, 12, 14) (6468, 9702, 13860, 194040) {'labels': (260, 390, 23702, 299), 'total': Fraction(3655427341, 343785421980), 'excess': Fraction(1395452, 17189271099)}
RES (1, 9, 10, 11, 12, 14) (6930, 8085, 9702, 12936) {'labels': (260, 364, 312, 19725), 'total': Fraction(30177843, 2579977400), 'excess': Fraction(2954713, 2579977400)}
RES (1, 9, 10, 11, 12, 14) (6930, 8085, 9702, 17640) {'labels': (260, 22708, 312, 451), 'total': Fraction(470530103, 39142279176), 'excess': Fraction(287563909, 195711395880)}
RES (1, 9, 10, 11, 12, 14) (6930, 8085, 9702, 21560) {'labels': (260, 364, 312, 19521), 'total': Fraction(40768831, 3481765560), 'excess': Fraction(4030309, 3481765560)}
RES (1, 9, 10, 11, 12, 14) (6930, 8085, 9702, 38808) {'labels': (260, 364, 312, 22805), 'total': Fraction(313863269, 26845498680), 'excess': Fraction(30597803, 26845498680)}
RES (1, 9, 10, 11, 12, 14) (6930, 8085, 9702, 64680) {'labels': (260, 364, 312, 20859), 'total': Fraction(159430797, 13641507880), 'excess': Fraction(15489791, 13641507880)}
RES (1, 9, 10, 11, 12, 14) (6930, 8085, 9702, 194040) {'labels': (260, 364, 312, 20609), 'total': Fraction(4251727957, 363906302760), 'excess': Fraction(82380059, 72781260552)}
RES (1, 9, 10, 11, 12, 14) (6930, 8820, 9702, 17640) {'labels': (260, 364, 24926, 451), 'total': Fraction(2292019109, 205062587730), 'excess': Fraction(256523191, 410125175460)}
RES (1, 9, 10, 11, 12, 14) (6930, 9702, 10780, 17640) {'labels': (260, 364, 23418, 451), 'total': Fraction(159801479, 14270851140), 'excess': Fraction(2304959, 3567712785)}
RES (1, 9, 10, 11, 12, 14) (6930, 9702, 12936, 17640) {'labels': (260, 364, 19725, 451), 'total': Fraction(592001909, 52889536700), 'excess': Fraction(8481936, 13222384175)}
RES (1, 9, 10, 11, 12, 14) (6930, 9702, 16170, 17640) {'labels': (260, 364, 19308, 451), 'total': Fraction(16476153, 1470778855), 'excess': Fraction(3827783, 5883115420)}
RES (1, 9, 10, 11, 12, 14) (6930, 9702, 17640, 17640) {'labels': (260, 364, 20779, 451), 'total': Fraction(127596932, 11396388003), 'excess': Fraction(146914843, 227927760060)}
RES (1, 9, 10, 11, 12, 14) (6930, 9702, 17640, 19404) {'labels': (260, 364, 451, 19450), 'total': Fraction(7892822767, 704054250900), 'excess': Fraction(115964578, 176013562725)}
RES (1, 9, 10, 11, 12, 14) (6930, 9702, 17640, 21560) {'labels': (260, 364, 451, 19521), 'total': Fraction(8797846649, 785138133780), 'excess': Fraction(256654969, 392569066890)}
RES (1, 9, 10, 11, 12, 14) (6930, 9702, 17640, 24255) {'labels': (260, 364, 451, 19424), 'total': Fraction(595416097, 53266143840), 'excess': Fraction(33368089, 53266143840)}
RES (1, 9, 10, 11, 12, 14) (6930, 9702, 17640, 32340) {'labels': (260, 364, 451, 20238), 'total': Fraction(6827510699, 610482002130), 'excess': Fraction(771783811, 1220964004260)}
RES (1, 9, 10, 11, 12, 14) (6930, 9702, 17640, 38808) {'labels': (260, 364, 451, 22805), 'total': Fraction(615695891, 55033272294), 'excess': Fraction(350016857, 550332722940)}
RES (1, 9, 10, 11, 12, 14) (6930, 9702, 17640, 48510) {'labels': (260, 364, 451, 23948), 'total': Fraction(2690246583, 240798217660), 'excess': Fraction(74708833, 120399108830)}
RES (1, 9, 10, 11, 12, 14) (6930, 9702, 17640, 64680) {'labels': (260, 364, 451, 20859), 'total': Fraction(3127453129, 279650911540), 'excess': Fraction(88331253, 139825455770)}
RES (1, 9, 10, 11, 12, 14) (6930, 9702, 17640, 97020) {'labels': (260, 364, 451, 20198), 'total': Fraction(40868653183, 3655652380380), 'excess': Fraction(1147665401, 1827826190190)}
RES (1, 9, 10, 11, 12, 14) (6930, 9702, 17640, 194040) {'labels': (260, 364, 451, 20609), 'total': Fraction(83402299837, 7460079206580), 'excess': Fraction(2342916383, 3730039603290)}
RES (1, 9, 10, 11, 12, 14) (6930, 9702, 19404, 21560) {'labels': (260, 364, 410, 19521), 'total': Fraction(4278028687, 392569066890), 'excess': Fraction(271520663, 785138133780)}
RES (1, 9, 10, 11, 12, 14) (6930, 9702, 19404, 64680) {'labels': (260, 364, 410, 20859), 'total': Fraction(13685996243, 1258429101930), 'excess': Fraction(814876879, 2516858203860)}
RES (1, 9, 10, 11, 12, 14) (6930, 9702, 19404, 194040) {'labels': (260, 364, 410, 20609), 'total': Fraction(40552455781, 3730039603290), 'excess': Fraction(2388444491, 7460079206580)}
RES (1, 9, 10, 11, 12, 14) (8085, 8820, 9240, 9702) {'labels': (260, 312, 286, 26061), 'total': Fraction(245679233, 21913131240), 'excess': Fraction(2891719, 4382626248)}
RES (1, 9, 10, 11, 12, 14) (8085, 8820, 9702, 27720) {'labels': (260, 312, 286, 20167), 'total': Fraction(63418539, 5652406760), 'excess': Fraction(3776077, 5652406760)}
RES (1, 9, 10, 11, 12, 14) (8085, 9240, 9702, 10780) {'labels': (260, 312, 26061, 486), 'total': Fraction(1248905309, 118330908696), 'excess': Fraction(1569319, 591654543480)}
RES (1, 9, 10, 11, 12, 14) (8085, 9240, 9702, 17640) {'labels': (260, 312, 26061, 451), 'total': Fraction(1198284121, 99826486760), 'excess': Fraction(144945659, 99826486760)}
RES (1, 9, 10, 11, 12, 14) (8085, 9240, 9702, 19404) {'labels': (260, 312, 26061, 410), 'total': Fraction(10507876139, 898438380840), 'excess': Fraction(1027829981, 898438380840)}
RES (1, 9, 10, 11, 12, 14) (8085, 9240, 9702, 21560) {'labels': (260, 312, 26061, 351), 'total': Fraction(67722079, 5976308520), 'excess': Fraction(932381, 1195261704)}
RES (1, 9, 10, 11, 12, 14) (8085, 9240, 9702, 32340) {'labels': (260, 312, 26061, 402), 'total': Fraction(1057616687, 97878652872), 'excess': Fraction(124155853, 489393264360)}
RES (1, 9, 10, 11, 12, 14) (8085, 9240, 9702, 48510) {'labels': (260, 312, 26061, 268), 'total': Fraction(3235639697, 293635958616), 'excess': Fraction(686415739, 1468179793080)}
RES (1, 9, 10, 11, 12, 14) (8085, 9240, 9702, 194040) {'labels': (260, 312, 26061, 299), 'total': Fraction(5717390641, 504002018520), 'excess': Fraction(399315967, 504002018520)}
RES (1, 9, 10, 11, 12, 14) (8085, 9702, 10780, 27720) {'labels': (260, 312, 486, 20167), 'total': Fraction(14508070391, 1373534842680), 'excess': Fraction(2990425, 274706968536)}
RES (1, 9, 10, 11, 12, 14) (8085, 9702, 12936, 13860) {'labels': (260, 312, 19725, 574), 'total': Fraction(1132998913, 105779073400), 'excess': Fraction(16850583, 105779073400)}
RES (1, 9, 10, 11, 12, 14) (8085, 9702, 12936, 27720) {'labels': (260, 312, 19725, 763), 'total': Fraction(26712805283, 2530957829400), 'excess': Fraction(6914753, 2530957829400)}
RES (1, 9, 10, 11, 12, 14) (8085, 9702, 13860, 17640) {'labels': (260, 312, 23702, 451), 'total': Fraction(983466359, 81711317688), 'excess': Fraction(606368017, 408556588440)}
RES (1, 9, 10, 11, 12, 14) (8085, 9702, 13860, 21560) {'labels': (260, 312, 23702, 351), 'total': Fraction(1019155141, 89683153560), 'excess': Fraction(72846019, 89683153560)}
RES (1, 9, 10, 11, 12, 14) (8085, 9702, 13860, 38808) {'labels': (260, 312, 574, 22805), 'total': Fraction(11783195299, 1100665445880), 'excess': Fraction(169311193, 1100665445880)}
RES (1, 9, 10, 11, 12, 14) (8085, 9702, 13860, 64680) {'labels': (260, 312, 574, 20859), 'total': Fraction(5985220247, 559301823080), 'excess': Fraction(83639001, 559301823080)}
RES (1, 9, 10, 11, 12, 14) (8085, 9702, 13860, 194040) {'labels': (260, 312, 23702, 299), 'total': Fraction(7821929057, 687570843960), 'excess': Fraction(113378491, 137514168792)}
RES (1, 9, 10, 11, 12, 14) (8085, 9702, 17640, 27720) {'labels': (260, 312, 451, 20167), 'total': Fraction(25053682867, 2085738094440), 'excess': Fraction(3045614389, 2085738094440)}
RES (1, 9, 10, 11, 12, 14) (8085, 9702, 19404, 27720) {'labels': (260, 312, 410, 20167), 'total': Fraction(24411363917, 2085738094440), 'excess': Fraction(2403295439, 2085738094440)}
RES (1, 9, 10, 11, 12, 14) (8085, 9702, 21560, 27720) {'labels': (260, 312, 351, 20167), 'total': Fraction(1730652523, 152614982520), 'excess': Fraction(120306049, 152614982520)}
RES (1, 9, 10, 11, 12, 14) (8085, 9702, 27720, 32340) {'labels': (260, 312, 20167, 402), 'total': Fraction(550106813, 50871660840), 'excess': Fraction(2664931, 10174332168)}
RES (1, 9, 10, 11, 12, 14) (8085, 9702, 27720, 48510) {'labels': (260, 312, 20167, 268), 'total': Fraction(560984953, 50871660840), 'excess': Fraction(4840559, 10174332168)}
RES (1, 9, 10, 11, 12, 14) (8085, 9702, 27720, 194040) {'labels': (260, 312, 20167, 299), 'total': Fraction(295169803, 26001071096), 'excess': Fraction(104072389, 130005355480)}
RES (1, 9, 10, 11, 12, 14) (8820, 9240, 9702, 17640) {'labels': (260, 286, 26061, 451), 'total': Fraction(4810123583, 449219190420), 'excess': Fraction(17525126, 112304797605)}
RES (1, 9, 10, 11, 12, 14) (8820, 9702, 13860, 17640) {'labels': (260, 286, 23702, 451), 'total': Fraction(6581808853, 612834882660), 'excess': Fraction(57681593, 306417441330)}
RES (1, 9, 10, 11, 12, 14) (8820, 9702, 17640, 27720) {'labels': (260, 286, 451, 20167), 'total': Fraction(310426667, 28968584645), 'excess': Fraction(19036197, 115874338580)}
RES (1, 9, 10, 11, 12, 14) (9240, 9702, 16170, 17640) {'labels': (260, 26061, 492, 451), 'total': Fraction(267631103, 24956621690), 'excess': Fraction(1718595, 9982648676)}
RES (1, 9, 10, 11, 12, 14) (9240, 9702, 17640, 21560) {'labels': (260, 26061, 451, 351), 'total': Fraction(7296213367, 673828785630), 'excess': Fraction(372357497, 1347657571260)}
RES (1, 9, 10, 11, 12, 14) (9240, 9702, 17640, 194040) {'labels': (260, 26061, 451, 299), 'total': Fraction(11200159219, 1033204137966), 'excess': Fraction(2981061373, 10332041379660)}
RES (1, 9, 10, 11, 12, 14) (9702, 13860, 16170, 17640) {'labels': (260, 23702, 492, 451), 'total': Fraction(549306728, 51069573555), 'excess': Fraction(41745023, 204278294220)}
RES (1, 9, 10, 11, 12, 14) (9702, 13860, 17640, 19404) {'labels': (260, 23702, 451, 410), 'total': Fraction(3439273021, 306417441330), 'excess': Fraction(82420075, 122566976532)}
RES (1, 9, 10, 11, 12, 14) (9702, 13860, 17640, 21560) {'labels': (260, 23702, 451, 351), 'total': Fraction(4991626741, 459626161995), 'excess': Fraction(567169963, 1838504647980)}
RES (1, 9, 10, 11, 12, 14) (9702, 13860, 17640, 194040) {'labels': (260, 23702, 451, 299), 'total': Fraction(3482929153, 320345506845), 'excess': Fraction(410966581, 1281382027380)}
RES (1, 9, 10, 11, 12, 14) (9702, 13860, 19404, 21560) {'labels': (260, 23702, 410, 351), 'total': Fraction(1763665949, 167136786180), 'excess': Fraction(44929, 83568393090)}
RES (1, 9, 10, 11, 12, 14) (9702, 13860, 19404, 194040) {'labels': (260, 23702, 410, 299), 'total': Fraction(49636052569, 4698400767060), 'excess': Fraction(29984561, 2349200383530)}
RES (1, 9, 10, 11, 12, 14) (9702, 16170, 17640, 27720) {'labels': (260, 492, 451, 20167), 'total': Fraction(11192159123, 1042869047220), 'excess': Fraction(47031221, 260717261805)}
RES (1, 9, 10, 11, 12, 14) (9702, 17640, 21560, 27720) {'labels': (260, 451, 351, 20167), 'total': Fraction(33902295421, 3128607141660), 'excess': Fraction(222548176, 782151785415)}
RES (1, 9, 10, 11, 12, 14) (9702, 17640, 27720, 194040) {'labels': (260, 451, 20167, 299), 'total': Fraction(28912317033, 2665109787340), 'excess': Fraction(39544810, 133255489367)}
BODY (2, 3, 4, 8, 10, 12) L 1680 high 166 d1 84 counts 43 43 0 0 trials 10660 checks 1679
BODY (2, 3, 4, 8, 10, 14) L 11760 high 1159 d1 588 counts 9 3 6 0 trials 35990 checks 11759
BODY (2, 3, 4, 9, 10, 12) L 2520 high 249 d1 126 counts 5 5 0 0 trials 18424 checks 2519
BODY (2, 3, 4, 10, 12, 14) L 5880 high 580 d1 294 counts 1 0 1 0 trials 18424 checks 5879
BODY (2, 3, 6, 8, 10, 14) L 11760 high 1159 d1 588 counts 5 1 4 0 trials 35990 checks 11759
BODY (2, 3, 6, 9, 10, 12) L 2520 high 249 d1 126 counts 1 1 0 0 trials 18424 checks 2519
BODY (2, 3, 6, 10, 12, 14) L 5880 high 580 d1 294 counts 2 0 2 0 trials 18424 checks 5879
BODY (2, 3, 8, 9, 10, 12) L 5040 high 497 d1 252 counts 8 8 0 0 trials 35990 checks 5039
BODY (2, 3, 8, 10, 11, 14) L 129360 high 12741 d1 6468 counts 562 245 302 15 trials 287980 checks 129359
RES (2, 3, 8, 10, 11, 14) (15, 3920, 4312, 6468) {'labels': (260, 17248, 297, 270), 'total': Fraction(143419, 13243230), 'excess': Fraction(4759, 52972920)}
RES (2, 3, 8, 10, 11, 14) (30, 3920, 4312, 6468) {'labels': (260, 125048, 297, 270), 'total': Fraction(8313037, 768107340), 'excess': Fraction(127481, 1536214680)}
RES (2, 3, 8, 10, 11, 14) (220, 3920, 4312, 6468) {'labels': (260, 24108, 297, 270), 'total': Fraction(2140321, 197444520), 'excess': Fraction(108967, 1085944860)}
RES (2, 3, 8, 10, 11, 14) (440, 3920, 4312, 6468) {'labels': (260, 15582, 297, 270), 'total': Fraction(2768383, 255233160), 'excess': Fraction(74903, 701891190)}
RES (2, 3, 8, 10, 11, 14) (660, 3920, 4312, 6468) {'labels': (260, 20188, 297, 270), 'total': Fraction(5378873, 496019160), 'excess': Fraction(71144, 682026345)}
RES (2, 3, 8, 10, 11, 14) (880, 3920, 4312, 6468) {'labels': (260, 14847, 297, 270), 'total': Fraction(753841, 69483960), 'excess': Fraction(29257, 267513246)}
RES (2, 3, 8, 10, 11, 14) (1320, 3920, 4312, 6468) {'labels': (260, 16954, 297, 270), 'total': Fraction(26341, 2428920), 'excess': Fraction(120244, 1145539395)}
RES (2, 3, 8, 10, 11, 14) (1540, 3920, 4312, 6468) {'labels': (260, 14868, 297, 270), 'total': Fraction(3100159, 284127480), 'excess': Fraction(267823, 1562701140)}
RES (2, 3, 8, 10, 11, 14) (2640, 3920, 4312, 6468) {'labels': (260, 16807, 297, 270), 'total': Fraction(98609723, 9084855780), 'excess': Fraction(416183, 3633942312)}
RES (2, 3, 8, 10, 11, 14) (3080, 3920, 4312, 6468) {'labels': (260, 13902, 297, 270), 'total': Fraction(17446601, 1594003320), 'excess': Fraction(900271, 4383509130)}
RES (2, 3, 8, 10, 11, 14) (3920, 4312, 4620, 6468) {'labels': (260, 297, 270, 12908), 'total': Fraction(24241831, 2220046920), 'excess': Fraction(1097351, 6105129030)}
RES (2, 3, 8, 10, 11, 14) (3920, 4312, 6160, 6468) {'labels': (260, 297, 270, 15267), 'total': Fraction(418797679, 38511312840), 'excess': Fraction(259751, 1925565642)}
RES (2, 3, 8, 10, 11, 14) (3920, 4312, 6468, 9240) {'labels': (260, 297, 270, 15274), 'total': Fraction(57350221, 5253950520), 'excess': Fraction(1270498, 7224181965)}
RES (2, 3, 8, 10, 11, 14) (3920, 4312, 6468, 18480) {'labels': (260, 297, 270, 13111), 'total': Fraction(540215279, 49609139580), 'excess': Fraction(14849017, 99218279160)}
RES (2, 3, 8, 10, 11, 14) (4312, 4620, 6468, 11760) {'labels': (260, 270, 364, 16313), 'total': Fraction(1181417, 109872504), 'excess': Fraction(252311, 19639710090)}
BODY (2, 3, 8, 10, 12, 14) L 11760 high 1159 d1 588 counts 524 91 433 0 trials 35990 checks 11759
BODY (2, 3, 9, 10, 12, 14) L 17640 high 1738 d1 882 counts 19 0 19 0 trials 62196 checks 17639
BODY (2, 3, 10, 11, 12, 14) L 64680 high 6371 d1 3234 counts 649 60 589 0 trials 147440 checks 64679
BODY (2, 4, 5, 8, 10, 14) L 3920 high 387 d1 196 counts 5 0 5 0 trials 4495 checks 3919
BODY (2, 4, 5, 8, 12, 14) L 11760 high 1159 d1 588 counts 1 0 1 0 trials 35990 checks 11759
BODY (2, 4, 6, 8, 10, 12) L 1680 high 166 d1 84 counts 30 30 0 0 trials 10660 checks 1679
BODY (2, 4, 6, 8, 10, 14) L 11760 high 1159 d1 588 counts 549 88 461 0 trials 35990 checks 11759
BODY (2, 4, 6, 8, 12, 14) L 2352 high 232 d1 588 counts 4 1 3 0 trials 4495 checks 2351
BODY (2, 4, 6, 10, 11, 14) L 64680 high 6371 d1 3234 counts 1 1 0 0 trials 147440 checks 64679
BODY (2, 4, 6, 10, 12, 14) L 5880 high 580 d1 294 counts 51 5 46 0 trials 18424 checks 5879
BODY (2, 4, 8, 9, 10, 12) L 5040 high 497 d1 252 counts 8 8 0 0 trials 35990 checks 5039
BODY (2, 4, 8, 9, 10, 14) L 35280 high 3475 d1 1764 counts 12 1 11 0 trials 121485 checks 35279
BODY (2, 4, 8, 10, 12, 14) L 11760 high 1159 d1 588 counts 1637 571 1066 0 trials 35990 checks 11759
BODY (2, 4, 9, 10, 12, 14) L 17640 high 1738 d1 882 counts 12 5 7 0 trials 62196 checks 17639
BODY (2, 4, 10, 11, 12, 14) L 64680 high 6371 d1 3234 counts 382 214 168 0 trials 147440 checks 64679
BODY (2, 5, 6, 8, 10, 14) L 11760 high 1159 d1 588 counts 2 0 2 0 trials 35990 checks 11759
BODY (2, 5, 8, 10, 12, 14) L 11760 high 1159 d1 588 counts 24 1 23 0 trials 35990 checks 11759
BODY (2, 6, 8, 9, 10, 12) L 5040 high 497 d1 252 counts 2 2 0 0 trials 35990 checks 5039
BODY (2, 6, 8, 9, 10, 14) L 35280 high 3475 d1 1764 counts 265 0 265 0 trials 121485 checks 35279
BODY (2, 6, 8, 10, 11, 14) L 129360 high 12741 d1 6468 counts 3260 1607 1649 4 trials 287980 checks 129359
RES (2, 6, 8, 10, 11, 14) (2, 2352, 4620, 6468) {'labels': (260, 64680, 275, 364), 'total': Fraction(333521, 29429400), 'excess': Fraction(376, 525525)}
RES (2, 6, 8, 10, 11, 14) (2, 3920, 4620, 6468) {'labels': (260, 64680, 297, 364), 'total': Fraction(27959, 2407860), 'excess': Fraction(7523, 7567560)}
RES (2, 6, 8, 10, 11, 14) (2, 3920, 6468, 32340) {'labels': (260, 64680, 297, 268), 'total': Fraction(859609, 80663310), 'excess': Fraction(19931, 507026520)}
RES (2, 6, 8, 10, 11, 14) (3, 3920, 6468, 32340) {'labels': (260, 43120, 297, 268), 'total': Fraction(7566127, 709837128), 'excess': Fraction(3349, 80663310)}
BODY (2, 6, 8, 10, 12, 14) L 11760 high 1159 d1 588 counts 1083 168 915 0 trials 35990 checks 11759
BODY (2, 6, 9, 10, 12, 14) L 17640 high 1738 d1 882 counts 370 47 323 0 trials 62196 checks 17639
BODY (2, 6, 10, 11, 12, 14) L 64680 high 6371 d1 3234 counts 1151 661 490 0 trials 147440 checks 64679
BODY (2, 8, 9, 10, 11, 14) L 388080 high 38221 d1 19404 counts 179 88 91 0 trials 971970 checks 388079
BODY (2, 8, 9, 10, 12, 14) L 35280 high 3475 d1 1764 counts 1421 200 1221 0 trials 121485 checks 35279
BODY (2, 8, 10, 11, 12, 14) L 129360 high 12741 d1 6468 counts 12837 7030 5696 111 trials 287980 checks 129359
RES (2, 8, 10, 11, 12, 14) (2, 2352, 5390, 6468) {'labels': (260, 64680, 275, 312), 'total': Fraction(40361, 3678675), 'excess': Fraction(1039, 4204200)}
RES (2, 8, 10, 11, 12, 14) (2, 3920, 4312, 6468) {'labels': (260, 64680, 297, 270), 'total': Fraction(76658, 6621615), 'excess': Fraction(6451, 7567560)}
RES (2, 8, 10, 11, 12, 14) (2, 3920, 5390, 6468) {'labels': (260, 64680, 297, 312), 'total': Fraction(41735, 3531528), 'excess': Fraction(197, 180180)}
RES (2, 8, 10, 11, 12, 14) (2, 3920, 6468, 10780) {'labels': (260, 64680, 297, 324), 'total': Fraction(907793, 79459380), 'excess': Fraction(289, 412776)}
RES (2, 8, 10, 11, 12, 14) (2, 3920, 6468, 32340) {'labels': (260, 64680, 297, 268), 'total': Fraction(6584609, 591530940), 'excess': Fraction(13757, 33801768)}
RES (2, 8, 10, 11, 12, 14) (2, 4312, 6468, 18480) {'labels': (260, 64680, 270, 371), 'total': Fraction(30599909, 2807564760), 'excess': Fraction(35017, 200540340)}
RES (2, 8, 10, 11, 12, 14) (2, 5390, 6468, 18480) {'labels': (260, 64680, 312, 371), 'total': Fraction(1737569, 155975820), 'excess': Fraction(18517, 44564520)}
RES (2, 8, 10, 11, 12, 14) (2, 6468, 10780, 18480) {'labels': (260, 64680, 324, 371), 'total': Fraction(90516809, 8422694280), 'excess': Fraction(6707, 300810510)}
RES (2, 8, 10, 11, 12, 14) (3, 2352, 5390, 6468) {'labels': (260, 86240, 275, 312), 'total': Fraction(107651, 9809800), 'excess': Fraction(1223, 4904900)}
RES (2, 8, 10, 11, 12, 14) (3, 3920, 5390, 6468) {'labels': (260, 86240, 297, 312), 'total': Fraction(9487, 802620), 'excess': Fraction(3869, 3531528)}
RES (2, 8, 10, 11, 12, 14) (3, 3920, 6468, 10780) {'labels': (260, 86240, 297, 324), 'total': Fraction(1815937, 158918760), 'excess': Fraction(13952, 19864845)}
RES (2, 8, 10, 11, 12, 14) (3, 3920, 6468, 32340) {'labels': (260, 86240, 297, 268), 'total': Fraction(13171831, 1183061880), 'excess': Fraction(121027, 295765470)}
RES (2, 8, 10, 11, 12, 14) (15, 3920, 5390, 6468) {'labels': (260, 60368, 297, 312), 'total': Fraction(2923049, 247206960), 'excess': Fraction(271883, 247206960)}
RES (2, 8, 10, 11, 12, 14) (15, 3920, 6468, 10780) {'labels': (260, 60368, 297, 324), 'total': Fraction(5086519, 444972528), 'excess': Fraction(1572101, 2224862640)}
RES (2, 8, 10, 11, 12, 14) (15, 3920, 6468, 32340) {'labels': (260, 60368, 297, 268), 'total': Fraction(36895237, 3312573264), 'excess': Fraction(6848063, 16562866320)}
RES (2, 8, 10, 11, 12, 14) (30, 3920, 5390, 6468) {'labels': (260, 125048, 297, 312), 'total': Fraction(3026587, 256035780), 'excess': Fraction(51043, 46551960)}
RES (2, 8, 10, 11, 12, 14) (30, 3920, 6468, 10780) {'labels': (260, 125048, 297, 324), 'total': Fraction(10533277, 921728808), 'excess': Fraction(810269, 1152161010)}
RES (2, 8, 10, 11, 12, 14) (30, 3920, 6468, 32340) {'labels': (260, 125048, 297, 268), 'total': Fraction(76402891, 6861758904), 'excess': Fraction(1758811, 4288599315)}
RES (2, 8, 10, 11, 12, 14) (60, 3920, 5390, 6468) {'labels': (260, 23716, 297, 312), 'total': Fraction(1148863, 97117020), 'excess': Fraction(214667, 194234040)}
RES (2, 8, 10, 11, 12, 14) (60, 3920, 6468, 10780) {'labels': (260, 23716, 297, 324), 'total': Fraction(3998431, 349621272), 'excess': Fraction(155578, 218513295)}
RES (2, 8, 10, 11, 12, 14) (60, 3920, 6468, 32340) {'labels': (260, 23716, 297, 268), 'total': Fraction(29003113, 2602736136), 'excess': Fraction(1362653, 3253420170)}
RES (2, 8, 10, 11, 12, 14) (105, 3920, 5390, 6468) {'labels': (260, 16016, 297, 312), 'total': Fraction(52399, 4414410), 'excess': Fraction(20227, 17657640)}
RES (2, 8, 10, 11, 12, 14) (105, 3920, 6468, 10780) {'labels': (260, 16016, 297, 324), 'total': Fraction(364775, 31783752), 'excess': Fraction(59777, 79459380)}
RES (2, 8, 10, 11, 12, 14) (105, 3920, 6468, 32340) {'labels': (260, 16016, 297, 268), 'total': Fraction(2646185, 236612376), 'excess': Fraction(24691, 53775540)}
RES (2, 8, 10, 11, 12, 14) (120, 3920, 5390, 6468) {'labels': (260, 31262, 297, 312), 'total': Fraction(1515341, 128017890), 'excess': Fraction(569663, 512071560)}
RES (2, 8, 10, 11, 12, 14) (120, 3920, 6468, 10780) {'labels': (260, 31262, 297, 324), 'total': Fraction(10548019, 921728808), 'excess': Fraction(1657393, 2304322020)}
RES (2, 8, 10, 11, 12, 14) (120, 3920, 6468, 32340) {'labels': (260, 31262, 297, 268), 'total': Fraction(76512637, 6861758904), 'excess': Fraction(7309609, 17154397260)}
RES (2, 8, 10, 11, 12, 14) (165, 3920, 5390, 6468) {'labels': (260, 13328, 297, 312), 'total': Fraction(7116049, 600359760), 'excess': Fraction(677503, 600359760)}
RES (2, 8, 10, 11, 12, 14) (165, 3920, 6468, 10780) {'labels': (260, 13328, 297, 324), 'total': Fraction(12383963, 1080647568), 'excess': Fraction(3972901, 5403237840)}
RES (2, 8, 10, 11, 12, 14) (165, 3920, 6468, 32340) {'labels': (260, 13328, 297, 268), 'total': Fraction(89833409, 8044820784), 'excess': Fraction(17784463, 40224103920)}
RES (2, 8, 10, 11, 12, 14) (210, 3920, 5390, 6468) {'labels': (260, 25256, 297, 312), 'total': Fraction(8592491, 723963240), 'excess': Fraction(414181, 361981620)}
RES (2, 8, 10, 11, 12, 14) (210, 3920, 6468, 10780) {'labels': (260, 25256, 297, 324), 'total': Fraction(7477037, 651566916), 'excess': Fraction(4893209, 6515669160)}
RES (2, 8, 10, 11, 12, 14) (210, 3920, 6468, 32340) {'labels': (260, 25256, 297, 268), 'total': Fraction(4930951, 440959428), 'excess': Fraction(22207967, 48505537080)}
RES (2, 8, 10, 11, 12, 14) (245, 4620, 6468, 11760) {'labels': (260, 16896, 364, 451), 'total': Fraction(30096181, 2574091520), 'excess': Fraction(226399, 234008320)}
RES (2, 8, 10, 11, 12, 14) (245, 4620, 6468, 43120) {'labels': (260, 16896, 364, 333), 'total': Fraction(5084173, 464592128), 'excess': Fraction(46211, 211178240)}
RES (2, 8, 10, 11, 12, 14) (245, 4620, 6468, 129360) {'labels': (260, 16896, 364, 349), 'total': Fraction(747338923, 65733507840), 'excess': Fraction(42381259, 65733507840)}
RES (2, 8, 10, 11, 12, 14) (330, 3920, 5390, 6468) {'labels': (260, 30968, 297, 312), 'total': Fraction(1179281, 99639540), 'excess': Fraction(1549783, 1394953560)}
RES (2, 8, 10, 11, 12, 14) (330, 3920, 6468, 10780) {'labels': (260, 30968, 297, 324), 'total': Fraction(4104365, 358702344), 'excess': Fraction(1126427, 1569322755)}
RES (2, 8, 10, 11, 12, 14) (330, 3920, 6468, 32340) {'labels': (260, 30968, 297, 268), 'total': Fraction(29771915, 2670339672), 'excess': Fraction(9921727, 23365472130)}
RES (2, 8, 10, 11, 12, 14) (420, 2695, 3920, 6468) {'labels': (260, 14476, 288, 297), 'total': Fraction(7120457, 663927264), 'excess': Fraction(83, 301785120)}
RES (2, 8, 10, 11, 12, 14) (420, 3920, 5390, 6468) {'labels': (260, 14476, 297, 312), 'total': Fraction(2474093, 207477270), 'excess': Fraction(996029, 829909080)}
RES (2, 8, 10, 11, 12, 14) (420, 3920, 6468, 10780) {'labels': (260, 14476, 297, 324), 'total': Fraction(17226073, 1493836344), 'excess': Fraction(3013639, 3734590860)}
RES (2, 8, 10, 11, 12, 14) (420, 3920, 6468, 32340) {'labels': (260, 14476, 297, 268), 'total': Fraction(124978519, 11120781672), 'excess': Fraction(14284807, 27801954180)}
RES (2, 8, 10, 11, 12, 14) (490, 4620, 6468, 11760) {'labels': (260, 16104, 364, 451), 'total': Fraction(43065881, 3680146470), 'excess': Fraction(14392901, 14720585880)}
RES (2, 8, 10, 11, 12, 14) (490, 4620, 6468, 43120) {'labels': (260, 16104, 364, 333), 'total': Fraction(14551183, 1328443116), 'excess': Fraction(3043219, 13284431160)}
RES (2, 8, 10, 11, 12, 14) (490, 4620, 6468, 129360) {'labels': (260, 16104, 364, 349), 'total': Fraction(43209093, 3797106040), 'excess': Fraction(13679087, 20884083220)}
RES (2, 8, 10, 11, 12, 14) (660, 3920, 5390, 6468) {'labels': (260, 20188, 297, 312), 'total': Fraction(10783169, 909368460), 'excess': Fraction(2061331, 1818736920)}
RES (2, 8, 10, 11, 12, 14) (660, 3920, 6468, 10780) {'labels': (260, 20188, 297, 324), 'total': Fraction(37532135, 3273726456), 'excess': Fraction(3028903, 4092158070)}
RES (2, 8, 10, 11, 12, 14) (660, 3920, 6468, 32340) {'labels': (260, 20188, 297, 268), 'total': Fraction(272261585, 24371074728), 'excess': Fraction(6809057, 15231921705)}
RES (2, 8, 10, 11, 12, 14) (735, 3920, 4620, 6468) {'labels': (260, 13376, 297, 364), 'total': Fraction(34608437, 2683961280), 'excess': Fraction(5824349, 2683961280)}
RES (2, 8, 10, 11, 12, 14) (735, 4620, 6468, 11760) {'labels': (260, 13376, 364, 451), 'total': Fraction(142963389, 12226934720), 'excess': Fraction(11835877, 12226934720)}
RES (2, 8, 10, 11, 12, 14) (735, 4620, 6468, 43120) {'labels': (260, 13376, 364, 333), 'total': Fraction(120755001, 11034063040), 'excess': Fraction(2420417, 11034063040)}
RES (2, 8, 10, 11, 12, 14) (735, 4620, 6468, 129360) {'labels': (260, 13376, 364, 349), 'total': Fraction(3550026619, 312234162240), 'excess': Fraction(40295543, 62446832448)}
RES (2, 8, 10, 11, 12, 14) (840, 3920, 5390, 6468) {'labels': (260, 13706, 297, 312), 'total': Fraction(4681151, 392882490), 'excess': Fraction(1870763, 1571529960)}
RES (2, 8, 10, 11, 12, 14) (840, 3920, 6468, 10780) {'labels': (260, 13706, 297, 324), 'total': Fraction(32591983, 2828753928), 'excess': Fraction(5637673, 7071884820)}
RES (2, 8, 10, 11, 12, 14) (840, 3920, 6468, 32340) {'labels': (260, 13706, 297, 268), 'total': Fraction(236455969, 21058501464), 'excess': Fraction(26536249, 52646253660)}
RES (2, 8, 10, 11, 12, 14) (980, 4620, 6468, 11760) {'labels': (260, 14916, 364, 451), 'total': Fraction(159897649, 13634641020), 'excess': Fraction(27346439, 27269282040)}
RES (2, 8, 10, 11, 12, 14) (980, 4620, 6468, 43120) {'labels': (260, 14916, 364, 333), 'total': Fraction(67543033, 6152216070), 'excess': Fraction(6254869, 24608864280)}
RES (2, 8, 10, 11, 12, 14) (980, 4620, 6468, 129360) {'labels': (260, 14916, 364, 349), 'total': Fraction(2647245311, 232121449560), 'excess': Fraction(3946589, 5803036239)}
RES (2, 8, 10, 11, 12, 14) (1155, 3920, 5390, 6468) {'labels': (260, 14672, 297, 312), 'total': Fraction(27540551, 2313150840), 'excess': Fraction(683303, 578287710)}
RES (2, 8, 10, 11, 12, 14) (1155, 3920, 6468, 10780) {'labels': (260, 14672, 297, 324), 'total': Fraction(11983945, 1040917878), 'excess': Fraction(16412849, 20818357560)}
RES (2, 8, 10, 11, 12, 14) (1155, 3920, 6468, 32340) {'labels': (260, 14672, 297, 268), 'total': Fraction(43471100, 3874527657), 'excess': Fraction(76752287, 154981106280)}
RES (2, 8, 10, 11, 12, 14) (1320, 3920, 5390, 6468) {'labels': (260, 19502, 297, 312), 'total': Fraction(10406161, 878467590), 'excess': Fraction(3940213, 3513870360)}
RES (2, 8, 10, 11, 12, 14) (1320, 3920, 6468, 10780) {'labels': (260, 19502, 297, 324), 'total': Fraction(72437297, 6324966648), 'excess': Fraction(11513303, 15812416620)}
RES (2, 8, 10, 11, 12, 14) (1320, 3920, 6468, 32340) {'labels': (260, 19502, 297, 268), 'total': Fraction(525452351, 47085862824), 'excess': Fraction(51202439, 117714657060)}
RES (2, 8, 10, 11, 12, 14) (1470, 3920, 4620, 6468) {'labels': (260, 15224, 297, 364), 'total': Fraction(39440369, 3054771720), 'excess': Fraction(1669883, 763692930)}
RES (2, 8, 10, 11, 12, 14) (1470, 4620, 6468, 11760) {'labels': (260, 15224, 364, 451), 'total': Fraction(740659, 63255374), 'excess': Fraction(13701167, 13916182280)}
RES (2, 8, 10, 11, 12, 14) (1470, 4620, 6468, 43120) {'labels': (260, 15224, 364, 333), 'total': Fraction(6256631, 570841180), 'excess': Fraction(2962441, 12558505960)}
RES (2, 8, 10, 11, 12, 14) (1470, 4620, 6468, 129360) {'labels': (260, 15224, 364, 349), 'total': Fraction(4046366029, 355371776760), 'excess': Fraction(117594329, 177685888380)}
RES (2, 8, 10, 11, 12, 14) (1960, 4620, 6468, 11760) {'labels': (260, 14586, 364, 451), 'total': Fraction(1600787, 136748612), 'excess': Fraction(1342293, 1367486120)}
RES (2, 8, 10, 11, 12, 14) (1960, 4620, 6468, 43120) {'labels': (260, 726, 364, 15021), 'total': Fraction(1203888379, 108058870920), 'excess': Fraction(22506611, 54029435460)}
RES (2, 8, 10, 11, 12, 14) (1960, 4620, 6468, 129360) {'labels': (260, 14586, 364, 349), 'total': Fraction(397515991, 34920926040), 'excess': Fraction(2875904, 4365115755)}
RES (2, 8, 10, 11, 12, 14) (2310, 3920, 5390, 6468) {'labels': (260, 13496, 297, 312), 'total': Fraction(50679271, 4255491240), 'excess': Fraction(2520671, 2127745620)}
RES (2, 8, 10, 11, 12, 14) (2310, 3920, 6468, 10780) {'labels': (260, 13496, 297, 324), 'total': Fraction(44105359, 3829942116), 'excess': Fraction(30312229, 38299421160)}
RES (2, 8, 10, 11, 12, 14) (2310, 3920, 6468, 32340) {'labels': (260, 13496, 297, 268), 'total': Fraction(319981747, 28511791308), 'excess': Fraction(142076227, 285117913080)}
RES (2, 8, 10, 11, 12, 14) (2695, 3920, 4620, 6468) {'labels': (260, 14736, 297, 364), 'total': Fraction(69884491, 5420895480), 'excess': Fraction(1468526, 677611935)}
RES (2, 8, 10, 11, 12, 14) (2695, 3920, 6468, 9240) {'labels': (260, 288, 297, 14294), 'total': Fraction(154874059, 14422760352), 'excess': Fraction(987299, 72113801760)}
RES (2, 8, 10, 11, 12, 14) (2695, 4620, 6468, 11760) {'labels': (260, 288, 364, 13541), 'total': Fraction(97598723, 7904201760), 'excess': Fraction(141132997, 86946219360)}
RES (2, 8, 10, 11, 12, 14) (2940, 3920, 4620, 6468) {'labels': (260, 16148, 297, 364), 'total': Fraction(83565523, 6480353880), 'excess': Fraction(703355, 324017694)}
RES (2, 8, 10, 11, 12, 14) (2940, 4620, 6468, 11760) {'labels': (260, 16148, 364, 451), 'total': Fraction(258900911, 22141209090), 'excess': Fraction(85791863, 88564836360)}
RES (2, 8, 10, 11, 12, 14) (2940, 4620, 6468, 43120) {'labels': (260, 16148, 364, 333), 'total': Fraction(437366561, 39962182260), 'excess': Fraction(3517181, 15984872904)}
RES (2, 8, 10, 11, 12, 14) (2940, 4620, 6468, 129360) {'labels': (260, 16148, 364, 349), 'total': Fraction(2857317789, 251293722680), 'excess': Fraction(81161693, 125646861340)}
RES (2, 8, 10, 11, 12, 14) (3920, 4620, 5390, 6468) {'labels': (260, 12771, 364, 312), 'total': Fraction(30869957, 2277835560), 'excess': Fraction(1610339, 569458890)}
RES (2, 8, 10, 11, 12, 14) (3920, 4620, 5880, 6468) {'labels': (260, 297, 364, 13354), 'total': Fraction(138383017, 10718187480), 'excess': Fraction(11718017, 5359093740)}
RES (2, 8, 10, 11, 12, 14) (3920, 4620, 6468, 8085) {'labels': (260, 297, 364, 13312), 'total': Fraction(5832223, 452035584), 'excess': Fraction(4921883, 2260177920)}
RES (2, 8, 10, 11, 12, 14) (3920, 4620, 6468, 10780) {'labels': (260, 12771, 364, 324), 'total': Fraction(2043701, 155306970), 'excess': Fraction(16637041, 6833506680)}
RES (2, 8, 10, 11, 12, 14) (3920, 4620, 6468, 11760) {'labels': (260, 297, 364, 13541), 'total': Fraction(280242709, 21736554840), 'excess': Fraction(4712947, 2173655484)}
RES (2, 8, 10, 11, 12, 14) (3920, 4620, 6468, 16170) {'labels': (260, 297, 364, 13544), 'total': Fraction(385811389, 29894384520), 'excess': Fraction(741019, 339708915)}
RES (2, 8, 10, 11, 12, 14) (3920, 4620, 6468, 21560) {'labels': (260, 297, 364, 13182), 'total': Fraction(2960053, 229549320), 'excess': Fraction(5662, 2608515)}
RES (2, 8, 10, 11, 12, 14) (3920, 4620, 6468, 32340) {'labels': (260, 297, 364, 12812), 'total': Fraction(146192077, 11311484184), 'excess': Fraction(62205739, 28278710460)}
RES (2, 8, 10, 11, 12, 14) (3920, 4620, 6468, 43120) {'labels': (260, 297, 364, 15021), 'total': Fraction(47408486, 3683825145), 'excess': Fraction(5746457, 2679145560)}
RES (2, 8, 10, 11, 12, 14) (3920, 4620, 6468, 64680) {'labels': (260, 297, 364, 12794), 'total': Fraction(1456908367, 112955923080), 'excess': Fraction(11159767, 5134360140)}
RES (2, 8, 10, 11, 12, 14) (3920, 4620, 6468, 129360) {'labels': (260, 297, 364, 12961), 'total': Fraction(113316101, 8802333540), 'excess': Fraction(37831309, 17604667080)}
RES (2, 8, 10, 11, 12, 14) (3920, 5390, 6468, 9240) {'labels': (260, 297, 312, 14294), 'total': Fraction(53806189, 4507112610), 'excess': Fraction(21879007, 18028450440)}
RES (2, 8, 10, 11, 12, 14) (3920, 6468, 9240, 10780) {'labels': (260, 297, 14294, 324), 'total': Fraction(374644307, 32451210792), 'excess': Fraction(66554897, 81128026980)}
RES (2, 8, 10, 11, 12, 14) (3920, 6468, 9240, 32340) {'labels': (260, 297, 14294, 268), 'total': Fraction(2718199901, 241581235896), 'excess': Fraction(318417161, 603953089740)}
RES (2, 8, 10, 11, 12, 14) (4620, 5390, 6468, 11760) {'labels': (260, 364, 312, 13541), 'total': Fraction(32719777, 2415172760), 'excess': Fraction(309923, 109780580)}
RES (2, 8, 10, 11, 12, 14) (4620, 5880, 6468, 11760) {'labels': (260, 364, 418, 13541), 'total': Fraction(546466587, 45888282440), 'excess': Fraction(27169319, 22944141220)}
RES (2, 8, 10, 11, 12, 14) (4620, 5880, 6468, 43120) {'labels': (260, 364, 418, 15021), 'total': Fraction(36972627, 3110785678), 'excess': Fraction(72221389, 62215713560)}
RES (2, 8, 10, 11, 12, 14) (4620, 5880, 6468, 129360) {'labels': (260, 364, 418, 12961), 'total': Fraction(220936349, 18582704140), 'excess': Fraction(8658607, 7433081656)}
RES (2, 8, 10, 11, 12, 14) (4620, 6468, 8085, 11760) {'labels': (260, 364, 13312, 451), 'total': Fraction(32855027, 2808099840), 'excess': Fraction(30135793, 30889098240)}
RES (2, 8, 10, 11, 12, 14) (4620, 6468, 10780, 11760) {'labels': (260, 364, 324, 13541), 'total': Fraction(1286688989, 97814496780), 'excess': Fraction(475358827, 195628993560)}
RES (2, 8, 10, 11, 12, 14) (4620, 6468, 11760, 11760) {'labels': (260, 364, 13541, 451), 'total': Fraction(578816347, 49511041580), 'excess': Fraction(95672383, 99022083160)}
RES (2, 8, 10, 11, 12, 14) (4620, 6468, 11760, 16170) {'labels': (260, 364, 13541, 328), 'total': Fraction(107734349, 9002007560), 'excess': Fraction(15389691, 12377760395)}
RES (2, 8, 10, 11, 12, 14) (4620, 6468, 11760, 21560) {'labels': (260, 364, 13541, 474), 'total': Fraction(1121362199, 95399324020), 'excess': Fraction(196508189, 190798648040)}
RES (2, 8, 10, 11, 12, 14) (4620, 6468, 11760, 32340) {'labels': (260, 364, 13541, 268), 'total': Fraction(1040580273, 80908287460), 'excess': Fraction(345761989, 161816574920)}
RES (2, 8, 10, 11, 12, 14) (4620, 6468, 11760, 43120) {'labels': (260, 364, 451, 15021), 'total': Fraction(1566396059, 134254960840), 'excess': Fraction(12658147, 13425496084)}
RES (2, 8, 10, 11, 12, 14) (4620, 6468, 11760, 64680) {'labels': (260, 364, 451, 12794), 'total': Fraction(9027727091, 771865474380), 'excess': Fraction(1499743111, 1543730948760)}
RES (2, 8, 10, 11, 12, 14) (4620, 6468, 11760, 129360) {'labels': (260, 364, 451, 12961), 'total': Fraction(85093919, 7290821720), 'excess': Fraction(9492519, 10024879865)}
RES (2, 8, 10, 11, 12, 14) (5390, 6468, 9240, 11760) {'labels': (260, 312, 574, 13541), 'total': Fraction(1119709277, 99022083160), 'excess': Fraction(2624953, 4501003780)}
RES (2, 8, 10, 11, 12, 14) (6468, 9240, 10780, 11760) {'labels': (260, 574, 324, 13541), 'total': Fraction(43771284559, 4010394367980), 'excess': Fraction(1523783927, 8020788735960)}
BODY (2, 8, 10, 12, 13, 14) L 152880 high 15057 d1 588 counts 20 0 20 0 trials 287980 checks 152879
BODY (2, 9, 10, 11, 12, 14) L 194040 high 19111 d1 9702 counts 4835 1431 3253 151 trials 497640 checks 194039
RES (2, 9, 10, 11, 12, 14) (2, 3528, 5390, 9702) {'labels': (260, 97020, 275, 324), 'total': Fraction(1168831, 99324225), 'excess': Fraction(61387, 56756700)}
RES (2, 9, 10, 11, 12, 14) (2, 3528, 8085, 9702) {'labels': (260, 97020, 275, 312), 'total': Fraction(90257, 8026200), 'excess': Fraction(641, 1146600)}
RES (2, 9, 10, 11, 12, 14) (2, 3528, 9702, 17640) {'labels': (260, 97020, 275, 451), 'total': Fraction(9720593, 904954050), 'excess': Fraction(14293, 258558300)}
RES (2, 9, 10, 11, 12, 14) (2, 3528, 9702, 21560) {'labels': (260, 97020, 275, 351), 'total': Fraction(473261, 44144100), 'excess': Fraction(109, 3153150)}
RES (2, 9, 10, 11, 12, 14) (2, 5390, 9702, 17640) {'labels': (260, 97020, 324, 451), 'total': Fraction(8745922, 814458645), 'excess': Fraction(4847, 93080988)}
RES (2, 9, 10, 11, 12, 14) (2, 5390, 9702, 21560) {'labels': (260, 97020, 324, 351), 'total': Fraction(170323, 15891876), 'excess': Fraction(89, 2837835)}
RES (2, 9, 10, 11, 12, 14) (3, 5390, 9702, 17640) {'labels': (260, 64680, 324, 451), 'total': Fraction(8745922, 814458645), 'excess': Fraction(4847, 93080988)}
RES (2, 9, 10, 11, 12, 14) (3, 5390, 9702, 21560) {'labels': (260, 64680, 324, 351), 'total': Fraction(170323, 15891876), 'excess': Fraction(89, 2837835)}
RES (2, 9, 10, 11, 12, 14) (5, 3528, 9702, 21560) {'labels': (260, 38808, 275, 351), 'total': Fraction(315659, 29429400), 'excess': Fraction(167, 4204200)}
RES (2, 9, 10, 11, 12, 14) (8, 5390, 6468, 9702) {'labels': (260, 72765, 324, 390), 'total': Fraction(446317, 39729690), 'excess': Fraction(3347, 6112260)}
RES (2, 9, 10, 11, 12, 14) (8, 5390, 8085, 9702) {'labels': (260, 72765, 324, 312), 'total': Fraction(1786969, 158918760), 'excess': Fraction(88723, 158918760)}
RES (2, 9, 10, 11, 12, 14) (8, 5390, 9702, 17640) {'labels': (260, 72765, 324, 451), 'total': Fraction(34991683, 3257834580), 'excess': Fraction(8882, 162891729)}
RES (2, 9, 10, 11, 12, 14) (8, 5390, 9702, 19404) {'labels': (260, 72765, 324, 410), 'total': Fraction(9064669, 814458645), 'excess': Fraction(1444633, 3257834580)}
RES (2, 9, 10, 11, 12, 14) (8, 6468, 8085, 9702) {'labels': (260, 72765, 390, 312), 'total': Fraction(567409, 52972920), 'excess': Fraction(1327, 52972920)}
RES (2, 9, 10, 11, 12, 14) (10, 3528, 8085, 9702) {'labels': (260, 19404, 275, 312), 'total': Fraction(141851, 12612600), 'excess': Fraction(49487, 88288200)}
RES (2, 9, 10, 11, 12, 14) (10, 3528, 9702, 21560) {'labels': (260, 19404, 275, 351), 'total': Fraction(33809, 3153150), 'excess': Fraction(1591, 44144100)}
RES (2, 9, 10, 11, 12, 14) (15, 3528, 5390, 9702) {'labels': (260, 103488, 275, 324), 'total': Fraction(74817469, 6356750400), 'excess': Fraction(983947, 908107200)}
RES (2, 9, 10, 11, 12, 14) (15, 3528, 9702, 21560) {'labels': (260, 103488, 275, 351), 'total': Fraction(7573541, 706305600), 'excess': Fraction(3683, 100900800)}
RES (2, 9, 10, 11, 12, 14) (15, 5390, 9702, 17640) {'labels': (260, 103488, 324, 451), 'total': Fraction(111967949, 10425070656), 'excess': Fraction(402151, 7446479040)}
RES (2, 9, 10, 11, 12, 14) (15, 5390, 9702, 21560) {'labels': (260, 103488, 324, 351), 'total': Fraction(13628297, 1271350080), 'excess': Fraction(6047, 181621440)}
RES (2, 9, 10, 11, 12, 14) (30, 3528, 9702, 21560) {'labels': (260, 71148, 275, 351), 'total': Fraction(1301809, 121396275), 'excess': Fraction(2593, 69369300)}
RES (2, 9, 10, 11, 12, 14) (30, 5390, 9702, 21560) {'labels': (260, 71148, 324, 351), 'total': Fraction(4685111, 437026590), 'excess': Fraction(4267, 124864740)}
RES (2, 9, 10, 11, 12, 14) (45, 5390, 9702, 21560) {'labels': (260, 60368, 324, 351), 'total': Fraction(23859611, 2224862640), 'excess': Fraction(84167, 2224862640)}
RES (2, 9, 10, 11, 12, 14) (55, 3528, 9702, 21560) {'labels': (260, 28224, 275, 351), 'total': Fraction(1082863, 100900800), 'excess': Fraction(32281, 706305600)}
RES (2, 9, 10, 11, 12, 14) (60, 5390, 9702, 21560) {'labels': (260, 42042, 324, 351), 'total': Fraction(213113, 19864845), 'excess': Fraction(3329, 79459380)}
RES (2, 9, 10, 11, 12, 14) (90, 5390, 9702, 21560) {'labels': (260, 23716, 324, 351), 'total': Fraction(852317, 79459380), 'excess': Fraction(1597, 39729690)}
RES (2, 9, 10, 11, 12, 14) (110, 3528, 9702, 21560) {'labels': (260, 47628, 275, 351), 'total': Fraction(6395101, 595945350), 'excess': Fraction(53357, 1191890700)}
RES (2, 9, 10, 11, 12, 14) (120, 5390, 8085, 9702) {'labels': (260, 21021, 324, 312), 'total': Fraction(1788469, 158918760), 'excess': Fraction(12889, 22702680)}
RES (2, 9, 10, 11, 12, 14) (120, 5390, 9702, 21560) {'labels': (260, 21021, 324, 351), 'total': Fraction(42628, 3972969), 'excess': Fraction(491, 11351340)}
RES (2, 9, 10, 11, 12, 14) (165, 3528, 9702, 21560) {'labels': (260, 27048, 275, 351), 'total': Fraction(21785021, 2030628600), 'excess': Fraction(1739, 41441400)}
RES (2, 9, 10, 11, 12, 14) (180, 5390, 9702, 21560) {'labels': (260, 31262, 324, 351), 'total': Fraction(12371759, 1152161010), 'excess': Fraction(16993, 329188860)}
RES (2, 9, 10, 11, 12, 14) (210, 5390, 9702, 21560) {'labels': (260, 26796, 324, 351), 'total': Fraction(6186757, 576080505), 'excess': Fraction(122461, 2304322020)}
RES (2, 9, 10, 11, 12, 14) (220, 3528, 8085, 9702) {'labels': (260, 36162, 275, 312), 'total': Fraction(3704567, 329074200), 'excess': Fraction(187997, 329074200)}
RES (2, 9, 10, 11, 12, 14) (220, 3528, 9702, 21560) {'labels': (260, 36162, 275, 351), 'total': Fraction(9712933, 904954050), 'excess': Fraction(84731, 1809908100)}
RES (2, 9, 10, 11, 12, 14) (330, 3528, 9702, 21560) {'labels': (260, 21756, 275, 351), 'total': Fraction(8764981, 816665850), 'excess': Fraction(75767, 1633331700)}
RES (2, 9, 10, 11, 12, 14) (330, 5390, 9702, 21560) {'labels': (260, 21756, 324, 351), 'total': Fraction(7886126, 734999265), 'excess': Fraction(126953, 2939997060)}
RES (2, 9, 10, 11, 12, 14) (360, 5390, 9702, 21560) {'labels': (260, 19943, 324, 351), 'total': Fraction(31538537, 2939997060), 'excess': Fraction(60493, 1469998530)}
RES (2, 9, 10, 11, 12, 14) (392, 1540, 8085, 9702) {'labels': (260, 32175, 378, 312), 'total': Fraction(2954173, 264864600), 'excess': Fraction(123763, 264864600)}
RES (2, 9, 10, 11, 12, 14) (392, 6930, 8085, 9702) {'labels': (260, 32175, 364, 312), 'total': Fraction(944941, 88288200), 'excess': Fraction(1471, 88288200)}
RES (2, 9, 10, 11, 12, 14) (420, 5390, 9702, 21560) {'labels': (260, 21714, 324, 351), 'total': Fraction(10058161, 933647715), 'excess': Fraction(323863, 3734590860)}
RES (2, 9, 10, 11, 12, 14) (440, 3528, 5390, 9702) {'labels': (260, 26901, 275, 324), 'total': Fraction(285466789, 24235110900), 'excess': Fraction(13242137, 12117555450)}
RES (2, 9, 10, 11, 12, 14) (440, 3528, 8085, 9702) {'labels': (260, 26901, 275, 312), 'total': Fraction(60622897, 5385580200), 'excess': Fraction(3071227, 5385580200)}
RES (2, 9, 10, 11, 12, 14) (440, 3528, 9702, 21560) {'labels': (260, 26901, 275, 351), 'total': Fraction(14449573, 1346395050), 'excess': Fraction(123311, 2692790100)}
RES (2, 9, 10, 11, 12, 14) (440, 5390, 9702, 17640) {'labels': (260, 26901, 324, 451), 'total': Fraction(2136235573, 198727909380), 'excess': Fraction(1257895, 19872790938)}
RES (2, 9, 10, 11, 12, 14) (495, 3528, 5390, 9702) {'labels': (260, 36848, 275, 324), 'total': Fraction(880331567, 74691817200), 'excess': Fraction(82155947, 74691817200)}
RES (2, 9, 10, 11, 12, 14) (495, 3528, 9702, 21560) {'labels': (260, 36848, 275, 351), 'total': Fraction(89125363, 8299090800), 'excess': Fraction(439183, 8299090800)}
RES (2, 9, 10, 11, 12, 14) (495, 5390, 9702, 17640) {'labels': (260, 36848, 324, 451), 'total': Fraction(1317634543, 122494580208), 'excess': Fraction(43132631, 612472901040)}
RES (2, 9, 10, 11, 12, 14) (495, 5390, 9702, 21560) {'labels': (260, 36848, 324, 351), 'total': Fraction(160377751, 14938363440), 'excess': Fraction(742627, 14938363440)}
RES (2, 9, 10, 11, 12, 14) (660, 3528, 5390, 9702) {'labels': (260, 20874, 275, 324), 'total': Fraction(332469239, 28208079900), 'excess': Fraction(15515287, 14104039950)}
RES (2, 9, 10, 11, 12, 14) (660, 3528, 8085, 9702) {'labels': (260, 20874, 275, 312), 'total': Fraction(6418777, 569860200), 'excess': Fraction(329107, 569860200)}
RES (2, 9, 10, 11, 12, 14) (660, 3528, 9702, 21560) {'labels': (260, 20874, 275, 351), 'total': Fraction(16829723, 1567115550), 'excess': Fraction(166261, 3134231100)}
RES (2, 9, 10, 11, 12, 14) (660, 5390, 9702, 17640) {'labels': (260, 20874, 324, 451), 'total': Fraction(497623195, 46261251036), 'excess': Fraction(8159461, 115653127590)}
RES (2, 9, 10, 11, 12, 14) (660, 5390, 9702, 21560) {'labels': (260, 20874, 324, 351), 'total': Fraction(15142228, 1410403995), 'excess': Fraction(281179, 5641615980)}
RES (2, 9, 10, 11, 12, 14) (840, 5390, 8085, 9702) {'labels': (260, 19173, 324, 312), 'total': Fraction(148618103, 13190257080), 'excess': Fraction(1532737, 2638051416)}
RES (2, 9, 10, 11, 12, 14) (840, 5390, 9702, 21560) {'labels': (260, 19173, 324, 351), 'total': Fraction(17712517, 1648782135), 'excess': Fraction(372859, 6595128540)}
RES (2, 9, 10, 11, 12, 14) (990, 3528, 5390, 9702) {'labels': (260, 20188, 275, 324), 'total': Fraction(241223201, 20460790350), 'excess': Fraction(45148057, 40921580700)}
RES (2, 9, 10, 11, 12, 14) (990, 3528, 8085, 9702) {'labels': (260, 20188, 275, 312), 'total': Fraction(9314411, 826698600), 'excess': Fraction(480101, 826698600)}
RES (2, 9, 10, 11, 12, 14) (990, 3528, 9702, 21560) {'labels': (260, 20188, 275, 351), 'total': Fraction(48844553, 4546842300), 'excess': Fraction(63962, 1136710575)}
RES (2, 9, 10, 11, 12, 14) (990, 5390, 9702, 17640) {'labels': (260, 20188, 324, 451), 'total': Fraction(361060171, 33555696174), 'excess': Fraction(24755281, 335556961740)}
RES (2, 9, 10, 11, 12, 14) (990, 5390, 9702, 21560) {'labels': (260, 20188, 324, 351), 'total': Fraction(87893951, 8184316140), 'excess': Fraction(217141, 4092158070)}
RES (2, 9, 10, 11, 12, 14) (1155, 3528, 9702, 21560) {'labels': (260, 21336, 275, 351), 'total': Fraction(120729529, 11212601400), 'excess': Fraction(908839, 11212601400)}
RES (2, 9, 10, 11, 12, 14) (1176, 1540, 8085, 9702) {'labels': (260, 27555, 378, 312), 'total': Fraction(98855539, 8846477640), 'excess': Fraction(863969, 1769295528)}
RES (2, 9, 10, 11, 12, 14) (1176, 5390, 6930, 9702) {'labels': (260, 27555, 324, 364), 'total': Fraction(149237797, 13269716460), 'excess': Fraction(1858564, 3317429115)}
RES (2, 9, 10, 11, 12, 14) (1176, 6930, 8085, 9702) {'labels': (260, 27555, 364, 312), 'total': Fraction(31623083, 2948825880), 'excess': Fraction(22237, 589765176)}
RES (2, 9, 10, 11, 12, 14) (1320, 3528, 5390, 9702) {'labels': (260, 22197, 275, 324), 'total': Fraction(64256189, 5453802900), 'excess': Fraction(2987737, 2726901450)}
RES (2, 9, 10, 11, 12, 14) (1320, 3528, 8085, 9702) {'labels': (260, 22197, 275, 312), 'total': Fraction(150104467, 13331518200), 'excess': Fraction(7640497, 13331518200)}
RES (2, 9, 10, 11, 12, 14) (1320, 3528, 9702, 21560) {'labels': (260, 22197, 275, 351), 'total': Fraction(35778103, 3332879550), 'excess': Fraction(324221, 6665759100)}
RES (2, 9, 10, 11, 12, 14) (1320, 5390, 8085, 9702) {'labels': (260, 22197, 324, 312), 'total': Fraction(270111091, 23996732760), 'excess': Fraction(2735189, 4799346552)}
RES (2, 9, 10, 11, 12, 14) (1320, 5390, 9702, 17640) {'labels': (260, 22197, 324, 451), 'total': Fraction(5289458959, 491933021580), 'excess': Fraction(16269233, 245966510790)}
RES (2, 9, 10, 11, 12, 14) (1320, 5390, 9702, 21560) {'labels': (260, 22197, 324, 351), 'total': Fraction(32190674, 2999591595), 'excess': Fraction(545123, 11998366380)}
RES (2, 9, 10, 11, 12, 14) (1540, 1960, 8085, 9702) {'labels': (260, 378, 25047, 312), 'total': Fraction(149695589, 13402148760), 'excess': Fraction(6476843, 13402148760)}
RES (2, 9, 10, 11, 12, 14) (1540, 3528, 8085, 9702) {'labels': (260, 378, 275, 22992), 'total': Fraction(2970546343, 253740286800), 'excess': Fraction(259013563, 253740286800)}
RES (2, 9, 10, 11, 12, 14) (1540, 3528, 9702, 16170) {'labels': (260, 378, 275, 19812), 'total': Fraction(197120531, 16818902100), 'excess': Fraction(4347374, 4204725525)}
RES (2, 9, 10, 11, 12, 14) (1540, 3528, 9702, 24255) {'labels': (260, 378, 275, 21584), 'total': Fraction(1045269821, 89325586350), 'excess': Fraction(181428097, 178651172700)}
RES (2, 9, 10, 11, 12, 14) (1540, 3528, 9702, 32340) {'labels': (260, 378, 275, 19482), 'total': Fraction(2518171303, 215003839050), 'excess': Fraction(441171971, 430007678100)}
RES (2, 9, 10, 11, 12, 14) (1540, 3528, 9702, 48510) {'labels': (260, 378, 275, 21436), 'total': Fraction(377152541, 32259304350), 'excess': Fraction(64842937, 64518608700)}
RES (2, 9, 10, 11, 12, 14) (1540, 3528, 9702, 64680) {'labels': (260, 378, 275, 20859), 'total': Fraction(5387457767, 460400890950), 'excess': Fraction(934995169, 920801781900)}
RES (2, 9, 10, 11, 12, 14) (1540, 3528, 9702, 97020) {'labels': (260, 378, 275, 22562), 'total': Fraction(17477604413, 1493968776300), 'excess': Fraction(378169202, 373492194075)}
RES (2, 9, 10, 11, 12, 14) (1540, 3528, 9702, 194040) {'labels': (260, 378, 275, 19427), 'total': Fraction(30087909031, 2572762292100), 'excess': Fraction(648680374, 643190573025)}
RES (2, 9, 10, 11, 12, 14) (1540, 4312, 8085, 9702) {'labels': (260, 378, 20025, 312), 'total': Fraction(263262521, 23572949400), 'excess': Fraction(11356031, 23572949400)}
RES (2, 9, 10, 11, 12, 14) (1540, 5880, 8085, 9702) {'labels': (260, 378, 22011, 312), 'total': Fraction(394738871, 35332937640), 'excess': Fraction(17162177, 35332937640)}
RES (2, 9, 10, 11, 12, 14) (1540, 8085, 9702, 12936) {'labels': (260, 378, 312, 19725), 'total': Fraction(779514707, 69659389800), 'excess': Fraction(35116877, 69659389800)}
RES (2, 9, 10, 11, 12, 14) (1540, 8085, 9702, 17640) {'labels': (260, 378, 312, 20779), 'total': Fraction(1118806891, 100065845880), 'excess': Fraction(49477993, 100065845880)}
RES (2, 9, 10, 11, 12, 14) (1540, 8085, 9702, 21560) {'labels': (260, 378, 312, 19521), 'total': Fraction(38939933, 3481765560), 'excess': Fraction(1732907, 3481765560)}
RES (2, 9, 10, 11, 12, 14) (1540, 8085, 9702, 38808) {'labels': (260, 378, 312, 22805), 'total': Fraction(2701279571, 241609488120), 'excess': Fraction(119379569, 241609488120)}
RES (2, 9, 10, 11, 12, 14) (1540, 8085, 9702, 64680) {'labels': (260, 378, 312, 20859), 'total': Fraction(4116323773, 368320712760), 'excess': Fraction(180355627, 368320712760)}
RES (2, 9, 10, 11, 12, 14) (1540, 8085, 9702, 194040) {'labels': (260, 378, 312, 19427), 'total': Fraction(11494117777, 1029104916840), 'excess': Fraction(496842763, 1029104916840)}
RES (2, 9, 10, 11, 12, 14) (1540, 9702, 12936, 17640) {'labels': (260, 378, 19725, 451), 'total': Fraction(3815166734, 357004372725), 'excess': Fraction(511421, 1428017490900)}
RES (2, 9, 10, 11, 12, 14) (1540, 9702, 16170, 17640) {'labels': (260, 378, 19812, 451), 'total': Fraction(294880735, 27582999444), 'excess': Fraction(152297, 34478749305)}
RES (2, 9, 10, 11, 12, 14) (1960, 6930, 8085, 9702) {'labels': (260, 25047, 364, 312), 'total': Fraction(15961831, 1489127640), 'excess': Fraction(48637, 1489127640)}
RES (2, 9, 10, 11, 12, 14) (1980, 3528, 5390, 9702) {'labels': (260, 21854, 275, 324), 'total': Fraction(1044933157, 88597208700), 'excess': Fraction(24540253, 22149302175)}
RES (2, 9, 10, 11, 12, 14) (1980, 3528, 8085, 9702) {'labels': (260, 21854, 275, 312), 'total': Fraction(20174501, 1789842600), 'excess': Fraction(1047791, 1789842600)}
RES (2, 9, 10, 11, 12, 14) (1980, 3528, 9702, 21560) {'labels': (260, 21854, 275, 351), 'total': Fraction(26449187, 2461033575), 'excess': Fraction(599843, 9844134300)}
RES (2, 9, 10, 11, 12, 14) (1980, 5390, 9702, 17640) {'labels': (260, 21854, 324, 451), 'total': Fraction(1564103369, 145299422268), 'excess': Fraction(14246314, 181624277835)}
RES (2, 9, 10, 11, 12, 14) (1980, 5390, 9702, 21560) {'labels': (260, 21854, 324, 351), 'total': Fraction(95188663, 8859720870), 'excess': Fraction(1022897, 17719441740)}
RES (2, 9, 10, 11, 12, 14) (2310, 3528, 9702, 21560) {'labels': (260, 26628, 275, 351), 'total': Fraction(37666273, 3498419925), 'excess': Fraction(1125097, 13993679700)}
RES (2, 9, 10, 11, 12, 14) (2310, 5390, 9702, 21560) {'labels': (260, 26628, 324, 351), 'total': Fraction(135558197, 12594311730), 'excess': Fraction(1944403, 25188623460)}
RES (2, 9, 10, 11, 12, 14) (2695, 3528, 6930, 9702) {'labels': (260, 23256, 275, 364), 'total': Fraction(160104023, 14258544300), 'excess': Fraction(3866809, 7129272150)}
RES (2, 9, 10, 11, 12, 14) (3080, 3528, 8085, 9702) {'labels': (260, 20349, 275, 312), 'total': Fraction(16936169, 1500899400), 'excess': Fraction(897179, 1500899400)}
RES (2, 9, 10, 11, 12, 14) (3465, 3528, 5390, 9702) {'labels': (260, 21728, 275, 324), 'total': Fraction(3648070709, 308302394400), 'excess': Fraction(353473469, 308302394400)}
RES (2, 9, 10, 11, 12, 14) (3465, 3528, 9702, 21560) {'labels': (260, 21728, 275, 351), 'total': Fraction(369474901, 34255821600), 'excess': Fraction(3408541, 34255821600)}
RES (2, 9, 10, 11, 12, 14) (3465, 5390, 9702, 17640) {'labels': (260, 21728, 324, 451), 'total': Fraction(5462300005, 505615926816), 'excess': Fraction(295802657, 2528079634080)}
RES (2, 9, 10, 11, 12, 14) (3528, 3960, 5390, 9702) {'labels': (260, 275, 19747, 324), 'total': Fraction(72642887, 6158101950), 'excess': Fraction(13671709, 12316203900)}
RES (2, 9, 10, 11, 12, 14) (3528, 3960, 8085, 9702) {'labels': (260, 275, 19747, 312), 'total': Fraction(30855577, 2736934200), 'excess': Fraction(1608007, 2736934200)}
RES (2, 9, 10, 11, 12, 14) (3528, 3960, 9702, 21560) {'labels': (260, 275, 19747, 351), 'total': Fraction(14710061, 1368467100), 'excess': Fraction(21569, 342116775)}
RES (2, 9, 10, 11, 12, 14) (3528, 4620, 5390, 9702) {'labels': (260, 275, 19194, 324), 'total': Fraction(2151854713, 181564683300), 'excess': Fraction(105804329, 90782341650)}
RES (2, 9, 10, 11, 12, 14) (3528, 4620, 8085, 9702) {'labels': (260, 275, 19194, 312), 'total': Fraction(41555159, 3667973400), 'excess': Fraction(2358269, 3667973400)}
RES (2, 9, 10, 11, 12, 14) (3528, 4620, 9702, 21560) {'labels': (260, 275, 19194, 351), 'total': Fraction(108986341, 10086926850), 'excess': Fraction(2389787, 20173853700)}
RES (2, 9, 10, 11, 12, 14) (3528, 5390, 6930, 9702) {'labels': (260, 275, 324, 22708), 'total': Fraction(953095681, 80551946475), 'excess': Fraction(369188959, 322207785900)}
RES (2, 9, 10, 11, 12, 14) (3528, 5390, 9240, 9702) {'labels': (260, 275, 324, 26061), 'total': Fraction(5820109709, 493045452900), 'excess': Fraction(275650747, 246522726450)}
RES (2, 9, 10, 11, 12, 14) (3528, 5390, 9702, 13860) {'labels': (260, 275, 324, 23702), 'total': Fraction(7968045487, 672623651700), 'excess': Fraction(195054823, 168155912925)}
RES (2, 9, 10, 11, 12, 14) (3528, 5390, 9702, 27720) {'labels': (260, 275, 324, 20167), 'total': Fraction(6760338887, 572306184450), 'excess': Fraction(1289060959, 1144612368900)}
RES (2, 9, 10, 11, 12, 14) (3528, 6930, 8085, 9702) {'labels': (260, 275, 22708, 312), 'total': Fraction(73616507, 6509248200), 'excess': Fraction(4057037, 6509248200)}
RES (2, 9, 10, 11, 12, 14) (3528, 6930, 9702, 10780) {'labels': (260, 275, 364, 23418), 'total': Fraction(646992001, 57431474100), 'excess': Fraction(16632383, 28715737050)}
RES (2, 9, 10, 11, 12, 14) (3528, 6930, 9702, 16170) {'labels': (260, 275, 364, 19812), 'total': Fraction(31590301, 2803150350), 'excess': Fraction(3270257, 5606300700)}
RES (2, 9, 10, 11, 12, 14) (3528, 6930, 9702, 21560) {'labels': (260, 275, 364, 19521), 'total': Fraction(1078042369, 95748552900), 'excess': Fraction(27424577, 47874276450)}
RES (2, 9, 10, 11, 12, 14) (3528, 6930, 9702, 24255) {'labels': (260, 275, 364, 21584), 'total': Fraction(223337563, 19850130300), 'excess': Fraction(5607029, 9925065150)}
RES (2, 9, 10, 11, 12, 14) (3528, 6930, 9702, 32340) {'labels': (260, 275, 364, 19482), 'total': Fraction(538064209, 47778630900), 'excess': Fraction(13744847, 23889315450)}
RES (2, 9, 10, 11, 12, 14) (3528, 6930, 9702, 48510) {'labels': (260, 275, 364, 21436), 'total': Fraction(241744169, 21506202900), 'excess': Fraction(5961727, 10753101450)}
RES (2, 9, 10, 11, 12, 14) (3528, 6930, 9702, 64680) {'labels': (260, 275, 364, 20859), 'total': Fraction(3453331753, 306933927300), 'excess': Fraction(86679149, 153466963650)}
RES (2, 9, 10, 11, 12, 14) (3528, 6930, 9702, 97020) {'labels': (260, 275, 364, 22562), 'total': Fraction(2800735123, 248994796050), 'excess': Fraction(279827711, 497989592100)}
RES (2, 9, 10, 11, 12, 14) (3528, 6930, 9702, 194040) {'labels': (260, 275, 364, 19427), 'total': Fraction(4821433801, 428793715350), 'excess': Fraction(478471757, 857587430700)}
RES (2, 9, 10, 11, 12, 14) (3528, 8085, 9240, 9702) {'labels': (260, 275, 312, 26061), 'total': Fraction(1236105557, 109565656200), 'excess': Fraction(65259287, 109565656200)}
RES (2, 9, 10, 11, 12, 14) (3528, 8085, 9702, 13860) {'labels': (260, 275, 312, 23702), 'total': Fraction(153870191, 13588356600), 'excess': Fraction(8661581, 13588356600)}
RES (2, 9, 10, 11, 12, 14) (3528, 8085, 9702, 27720) {'labels': (260, 275, 312, 20167), 'total': Fraction(2871683327, 254358304200), 'excess': Fraction(153546257, 254358304200)}
RES (2, 9, 10, 11, 12, 14) (3528, 9240, 9702, 21560) {'labels': (260, 275, 26061, 351), 'total': Fraction(294660263, 27391414050), 'excess': Fraction(3897391, 54782828100)}
RES (2, 9, 10, 11, 12, 14) (3528, 9702, 13860, 21560) {'labels': (260, 275, 23702, 351), 'total': Fraction(201772217, 18683990325), 'excess': Fraction(8441513, 74735961300)}
RES (2, 9, 10, 11, 12, 14) (3528, 9702, 21560, 27720) {'labels': (260, 275, 351, 20167), 'total': Fraction(1369139311, 127179152100), 'excess': Fraction(2517694, 31794788025)}
RES (2, 9, 10, 11, 12, 14) (3960, 5390, 9702, 17640) {'labels': (260, 19747, 324, 451), 'total': Fraction(543685157, 50496435990), 'excess': Fraction(8134981, 100992871980)}
RES (2, 9, 10, 11, 12, 14) (3960, 5390, 9702, 21560) {'labels': (260, 19747, 324, 351), 'total': Fraction(26470211, 2463240780), 'excess': Fraction(73699, 1231620390)}
RES (2, 9, 10, 11, 12, 14) (4312, 6930, 8085, 9702) {'labels': (260, 20025, 364, 312), 'total': Fraction(84213457, 7857649800), 'excess': Fraction(244627, 7857649800)}
RES (2, 9, 10, 11, 12, 14) (4620, 5390, 9702, 17640) {'labels': (260, 19194, 324, 451), 'total': Fraction(3222488981, 297766080612), 'excess': Fraction(101213627, 744415201530)}
RES (2, 9, 10, 11, 12, 14) (4620, 5390, 9702, 21560) {'labels': (260, 19194, 324, 351), 'total': Fraction(98058596, 9078234165), 'excess': Fraction(4185173, 36312936660)}
RES (2, 9, 10, 11, 12, 14) (5390, 5880, 6930, 9702) {'labels': (260, 324, 22011, 364), 'total': Fraction(10834919, 963625572), 'excess': Fraction(671716, 1204531965)}
RES (2, 9, 10, 11, 12, 14) (5390, 6930, 9702, 12936) {'labels': (260, 324, 364, 19725), 'total': Fraction(1176787943, 104489084700), 'excess': Fraction(30095599, 52244542350)}
RES (2, 9, 10, 11, 12, 14) (5390, 6930, 9702, 17640) {'labels': (260, 324, 364, 20779), 'total': Fraction(422251729, 37524692205), 'excess': Fraction(85013569, 150098768820)}
RES (2, 9, 10, 11, 12, 14) (5390, 6930, 9702, 38808) {'labels': (260, 324, 364, 22805), 'total': Fraction(1019496938, 90603558045), 'excess': Fraction(205137749, 362414232180)}
RES (2, 9, 10, 11, 12, 14) (5390, 6930, 9702, 64680) {'labels': (260, 324, 364, 20859), 'total': Fraction(6214225531, 552481069140), 'excess': Fraction(77568328, 138120267285)}
RES (2, 9, 10, 11, 12, 14) (5390, 6930, 9702, 194040) {'labels': (260, 324, 364, 19427), 'total': Fraction(4338052921, 385914343815), 'excess': Fraction(856299163, 1543657375260)}
RES (2, 9, 10, 11, 12, 14) (5390, 8085, 9240, 9702) {'labels': (260, 324, 312, 26061), 'total': Fraction(2224357589, 197218181160), 'excess': Fraction(116834303, 197218181160)}
RES (2, 9, 10, 11, 12, 14) (5390, 9240, 9702, 17640) {'labels': (260, 324, 26061, 451), 'total': Fraction(43562624333, 4042972713780), 'excess': Fraction(35839697, 404297271378)}
RES (2, 9, 10, 11, 12, 14) (5390, 9240, 9702, 21560) {'labels': (260, 324, 26061, 351), 'total': Fraction(53023037, 4930454529), 'excess': Fraction(6699097, 98609090580)}
RES (2, 9, 10, 11, 12, 14) (5390, 9702, 13860, 17640) {'labels': (260, 324, 23702, 451), 'total': Fraction(11931940763, 1103102788788), 'excess': Fraction(179882254, 1378878485985)}
RES (2, 9, 10, 11, 12, 14) (5390, 9702, 17640, 27720) {'labels': (260, 324, 451, 20167), 'total': Fraction(50603386817, 4692910712490), 'excess': Fraction(907515751, 9385821424980)}
RES (2, 9, 10, 11, 12, 14) (5880, 6930, 8085, 9702) {'labels': (260, 22011, 364, 312), 'total': Fraction(126272527, 11777645880), 'excess': Fraction(413629, 11777645880)}
RES (2, 9, 10, 11, 12, 14) (6930, 8085, 9702, 12936) {'labels': (260, 364, 312, 19725), 'total': Fraction(83125073, 7739932200), 'excess': Fraction(414203, 7739932200)}
RES (2, 9, 10, 11, 12, 14) (6930, 8085, 9702, 17640) {'labels': (260, 364, 312, 20779), 'total': Fraction(119301829, 11118427320), 'excess': Fraction(487507, 11118427320)}
RES (2, 9, 10, 11, 12, 14) (6930, 8085, 9702, 21560) {'labels': (260, 364, 312, 19521), 'total': Fraction(37371023, 3481765560), 'excess': Fraction(163997, 3481765560)}
RES (2, 9, 10, 11, 12, 14) (6930, 8085, 9702, 38808) {'labels': (260, 364, 312, 22805), 'total': Fraction(288045389, 26845498680), 'excess': Fraction(1167611, 26845498680)}
RES (2, 9, 10, 11, 12, 14) (6930, 8085, 9702, 64680) {'labels': (260, 364, 312, 20859), 'total': Fraction(146309469, 13641507880), 'excess': Fraction(532871, 13641507880)}
RES (2, 9, 10, 11, 12, 14) (6930, 8085, 9702, 194040) {'labels': (260, 364, 312, 19427), 'total': Fraction(3676798429, 343034972280), 'excess': Fraction(11040091, 343034972280)}
BODY (3, 4, 6, 8, 10, 12) L 1680 high 166 d1 84 counts 5 5 0 0 trials 10660 checks 1679
BODY (3, 4, 6, 8, 10, 14) L 11760 high 1159 d1 588 counts 18 6 12 0 trials 35990 checks 11759
BODY (3, 4, 6, 9, 10, 12) L 2520 high 249 d1 126 counts 2 2 0 0 trials 18424 checks 2519
BODY (3, 4, 8, 9, 10, 12) L 5040 high 497 d1 252 counts 85 84 1 0 trials 35990 checks 5039
BODY (3, 4, 8, 10, 11, 14) L 129360 high 12741 d1 6468 counts 119 0 119 0 trials 287980 checks 129359
BODY (3, 4, 8, 10, 12, 14) L 11760 high 1159 d1 588 counts 1124 500 624 0 trials 35990 checks 11759
BODY (3, 4, 9, 10, 12, 14) L 17640 high 1738 d1 882 counts 9 7 2 0 trials 62196 checks 17639
BODY (3, 4, 10, 11, 12, 14) L 64680 high 6371 d1 3234 counts 282 0 278 4 trials 147440 checks 64679
RES (3, 4, 10, 11, 12, 14) (2310, 2940, 3234, 4312) {'labels': (260, 364, 286, 7125), 'total': Fraction(16897627, 1397896500), 'excess': Fraction(140713, 349474125)}
RES (3, 4, 10, 11, 12, 14) (2310, 2940, 3234, 12936) {'labels': (260, 364, 286, 7405), 'total': Fraction(26304779, 2179247070), 'excess': Fraction(1679449, 4358494140)}
RES (3, 4, 10, 11, 12, 14) (2310, 2940, 3234, 21560) {'labels': (260, 364, 286, 7587), 'total': Fraction(89961449, 7442695260), 'excess': Fraction(747917, 1860673815)}
RES (3, 4, 10, 11, 12, 14) (2310, 2940, 3234, 64680) {'labels': (260, 364, 286, 6689), 'total': Fraction(39544441, 3280887610), 'excess': Fraction(482575, 1312355044)}
BODY (3, 6, 8, 10, 12, 14) L 11760 high 1159 d1 588 counts 8 1 7 0 trials 35990 checks 11759
BODY (3, 8, 9, 10, 11, 14) L 388080 high 38221 d1 19404 counts 0 0 0 0 trials 971970 checks 388079
BODY (3, 8, 9, 10, 12, 14) L 35280 high 3475 d1 1764 counts 291 167 124 0 trials 121485 checks 35279
BODY (3, 8, 10, 11, 12, 14) L 129360 high 12741 d1 6468 counts 4075 1537 2489 49 trials 287980 checks 129359
RES (3, 8, 10, 11, 12, 14) (2, 5390, 6468, 11760) {'labels': (260, 64680, 312, 451), 'total': Fraction(186085, 16088072), 'excess': Fraction(3557, 11491480)}
RES (3, 8, 10, 11, 12, 14) (3, 5390, 6468, 11760) {'labels': (260, 86240, 312, 451), 'total': Fraction(3722233, 321761440), 'excess': Fraction(100129, 321761440)}
RES (3, 8, 10, 11, 12, 14) (8, 5390, 6468, 11760) {'labels': (260, 16170, 312, 451), 'total': Fraction(2792341, 241321080), 'excess': Fraction(75763, 241321080)}
RES (3, 8, 10, 11, 12, 14) (80, 4312, 5390, 6468) {'labels': (260, 37191, 270, 312), 'total': Fraction(47539, 4144140), 'excess': Fraction(4351, 20306286)}
RES (3, 8, 10, 11, 12, 14) (176, 2695, 5880, 6468) {'labels': (260, 18375, 288, 286), 'total': Fraction(20381437, 1765764000), 'excess': Fraction(504037, 1765764000)}
RES (3, 8, 10, 11, 12, 14) (176, 5390, 5880, 6468) {'labels': (260, 18375, 312, 286), 'total': Fraction(920663, 73573500), 'excess': Fraction(46219, 36786750)}
RES (3, 8, 10, 11, 12, 14) (176, 5390, 6468, 11760) {'labels': (260, 18375, 312, 451), 'total': Fraction(34924783, 3016513500), 'excess': Fraction(483779, 1508256750)}
RES (3, 8, 10, 11, 12, 14) (240, 4312, 5390, 6468) {'labels': (260, 19943, 270, 312), 'total': Fraction(535673, 46666620), 'excess': Fraction(18098, 81666585)}
RES (3, 8, 10, 11, 12, 14) (440, 5390, 6468, 11760) {'labels': (260, 18522, 312, 451), 'total': Fraction(25177973, 2171889720), 'excess': Fraction(728771, 2171889720)}
RES (3, 8, 10, 11, 12, 14) (560, 4312, 5390, 6468) {'labels': (260, 15477, 270, 312), 'total': Fraction(13602217, 1183061880), 'excess': Fraction(284359, 1183061880)}
RES (3, 8, 10, 11, 12, 14) (880, 2695, 5880, 6468) {'labels': (260, 16023, 288, 286), 'total': Fraction(88948753, 7698731040), 'excess': Fraction(2283289, 7698731040)}
RES (3, 8, 10, 11, 12, 14) (880, 4312, 5390, 6468) {'labels': (260, 16023, 270, 312), 'total': Fraction(11051927, 962341380), 'excess': Fraction(54686, 240585345)}
RES (3, 8, 10, 11, 12, 14) (880, 5390, 5880, 6468) {'labels': (260, 16023, 312, 286), 'total': Fraction(4017661, 320780460), 'excess': Fraction(20330, 16039023)}
RES (3, 8, 10, 11, 12, 14) (880, 5390, 6468, 11760) {'labels': (260, 16023, 312, 451), 'total': Fraction(152418437, 13151998860), 'excess': Fraction(1091234, 3287999715)}
RES (3, 8, 10, 11, 12, 14) (1232, 2695, 5880, 6468) {'labels': (260, 13125, 288, 286), 'total': Fraction(102313877, 8828820000), 'excess': Fraction(2926877, 8828820000)}
RES (3, 8, 10, 11, 12, 14) (1232, 5390, 5880, 6468) {'labels': (260, 13125, 312, 286), 'total': Fraction(9240521, 735735000), 'excess': Fraction(958271, 735735000)}
RES (3, 8, 10, 11, 12, 14) (1232, 5390, 6468, 11760) {'labels': (260, 13125, 312, 451), 'total': Fraction(350637361, 30165135000), 'excess': Fraction(11065111, 30165135000)}
RES (3, 8, 10, 11, 12, 14) (1680, 4312, 5390, 6468) {'labels': (260, 16247, 270, 312), 'total': Fraction(1949743, 169352820), 'excess': Fraction(119129, 465720255)}
RES (3, 8, 10, 11, 12, 14) (1960, 5390, 6468, 18480) {'labels': (260, 14586, 312, 371), 'total': Fraction(1110383, 96421416), 'excess': Fraction(1372607, 5303177880)}
RES (3, 8, 10, 11, 12, 14) (2640, 4312, 5390, 6468) {'labels': (260, 12887, 270, 312), 'total': Fraction(26694649, 2321979660), 'excess': Fraction(138967, 580494915)}
RES (3, 8, 10, 11, 12, 14) (2695, 5880, 6160, 6468) {'labels': (260, 288, 286, 15267), 'total': Fraction(54098669, 4668037920), 'excess': Fraction(17050567, 51348417120)}
RES (3, 8, 10, 11, 12, 14) (3080, 3920, 5390, 6468) {'labels': (260, 378, 12771, 312), 'total': Fraction(27226879, 2277835560), 'excess': Fraction(1585033, 2277835560)}
RES (3, 8, 10, 11, 12, 14) (3080, 5390, 6468, 8624) {'labels': (260, 378, 312, 16365), 'total': Fraction(69024419, 5779345572), 'excess': Fraction(4957111, 7224181965)}
RES (3, 8, 10, 11, 12, 14) (3080, 5390, 6468, 11760) {'labels': (260, 378, 312, 14927), 'total': Fraction(107404478, 8985531555), 'excess': Fraction(5002687, 7188425244)}
RES (3, 8, 10, 11, 12, 14) (3080, 5390, 6468, 25872) {'labels': (260, 378, 312, 15245), 'total': Fraction(192800467, 16151443308), 'excess': Fraction(27454723, 40378608270)}
RES (3, 8, 10, 11, 12, 14) (3080, 5390, 6468, 43120) {'labels': (260, 378, 312, 13467), 'total': Fraction(710026279, 59448859470), 'excess': Fraction(81607829, 118897718940)}
RES (3, 8, 10, 11, 12, 14) (3080, 5390, 6468, 129360) {'labels': (260, 378, 312, 16603), 'total': Fraction(5245442177, 439754695380), 'excess': Fraction(147537547, 219877347690)}
RES (3, 8, 10, 11, 12, 14) (3920, 5390, 6468, 9240) {'labels': (260, 12771, 312, 574), 'total': Fraction(352587853, 31130419320), 'excess': Fraction(2149291, 31130419320)}
RES (3, 8, 10, 11, 12, 14) (3920, 5390, 6468, 18480) {'labels': (260, 12771, 312, 371), 'total': Fraction(464508379, 40241761560), 'excess': Fraction(11502433, 40241761560)}
RES (3, 8, 10, 11, 12, 14) (4312, 5390, 6160, 6468) {'labels': (260, 270, 312, 15267), 'total': Fraction(147882037, 12837104280), 'excess': Fraction(3373339, 12837104280)}
RES (3, 8, 10, 11, 12, 14) (4312, 5390, 6468, 18480) {'labels': (260, 14130, 312, 371), 'total': Fraction(113072243, 9795281496), 'excess': Fraction(14028397, 48976407480)}
RES (3, 8, 10, 11, 12, 14) (4620, 5880, 6468, 8624) {'labels': (260, 364, 286, 16365), 'total': Fraction(79605193, 6421495080), 'excess': Fraction(1463543, 1284299016)}
RES (3, 8, 10, 11, 12, 14) (4620, 5880, 6468, 25872) {'labels': (260, 364, 286, 15245), 'total': Fraction(222359167, 17946048120), 'excess': Fraction(4067705, 3589209624)}
RES (3, 8, 10, 11, 12, 14) (4620, 5880, 6468, 43120) {'labels': (260, 364, 286, 13467), 'total': Fraction(109182127, 8807238440), 'excess': Fraction(10038073, 8807238440)}
RES (3, 8, 10, 11, 12, 14) (4620, 5880, 6468, 129360) {'labels': (260, 364, 286, 16603), 'total': Fraction(241991969, 19544653128), 'excess': Fraction(109878271, 97723265640)}
RES (3, 8, 10, 11, 12, 14) (4620, 6468, 8624, 11760) {'labels': (260, 364, 16365, 451), 'total': Fraction(3017473841, 263281298280), 'excess': Fraction(53687243, 263281298280)}
RES (3, 8, 10, 11, 12, 14) (4620, 6468, 11760, 12936) {'labels': (260, 364, 451, 14830), 'total': Fraction(18687661, 1626723462), 'excess': Fraction(41300123, 178939580820)}
RES (3, 8, 10, 11, 12, 14) (4620, 6468, 11760, 21560) {'labels': (260, 364, 451, 13182), 'total': Fraction(234046909, 20391631260), 'excess': Fraction(1124017, 5097907815)}
RES (3, 8, 10, 11, 12, 14) (4620, 6468, 11760, 25872) {'labels': (260, 364, 451, 15245), 'total': Fraction(8428286039, 735787972920), 'excess': Fraction(145439717, 735787972920)}
RES (3, 8, 10, 11, 12, 14) (4620, 6468, 11760, 43120) {'labels': (260, 364, 451, 13467), 'total': Fraction(4138607111, 361096776040), 'excess': Fraction(73700897, 361096776040)}
RES (3, 8, 10, 11, 12, 14) (4620, 6468, 11760, 64680) {'labels': (260, 364, 451, 14722), 'total': Fraction(3389063617, 296060744980), 'excess': Fraction(28137587, 148030372490)}
RES (3, 8, 10, 11, 12, 14) (4620, 6468, 11760, 129360) {'labels': (260, 364, 451, 16603), 'total': Fraction(45859529069, 4006653891240), 'excess': Fraction(151236907, 801330778248)}
RES (3, 8, 10, 11, 12, 14) (5390, 5880, 6160, 6468) {'labels': (260, 312, 286, 15267), 'total': Fraction(53745191, 4279034760), 'excess': Fraction(101375, 77800632)}
RES (3, 8, 10, 11, 12, 14) (5390, 6160, 6468, 11760) {'labels': (260, 312, 15267, 451), 'total': Fraction(2039402047, 175440425160), 'excess': Fraction(64449841, 175440425160)}
RES (3, 8, 10, 11, 12, 14) (5390, 6468, 8624, 9240) {'labels': (260, 312, 16365, 574), 'total': Fraction(297941867, 26328129828), 'excess': Fraction(1954009, 32910162285)}
RES (3, 8, 10, 11, 12, 14) (5390, 6468, 8624, 18480) {'labels': (260, 312, 16365, 371), 'total': Fraction(196261319, 17016961962), 'excess': Fraction(46995023, 170169619620)}
RES (3, 8, 10, 11, 12, 14) (5390, 6468, 9240, 43120) {'labels': (260, 312, 574, 13467), 'total': Fraction(1021603377, 90274194010), 'excess': Fraction(10753647, 180548388020)}
RES (3, 8, 10, 11, 12, 14) (5390, 6468, 18480, 21560) {'labels': (260, 312, 371, 13182), 'total': Fraction(202968629, 17573275720), 'excess': Fraction(5144327, 17573275720)}
RES (3, 8, 10, 11, 12, 14) (5390, 6468, 18480, 43120) {'labels': (260, 312, 371, 13467), 'total': Fraction(8075447711, 700175455980), 'excess': Fraction(96747709, 350087727990)}
BODY (3, 9, 10, 11, 12, 14) L 194040 high 19111 d1 9702 counts 2415 860 1554 1 trials 497640 checks 194039
RES (3, 9, 10, 11, 12, 14) (2, 8085, 9702, 17640) {'labels': (260, 97020, 312, 451), 'total': Fraction(2840003, 241321080), 'excess': Fraction(1957, 11491480)}
BODY (4, 5, 6, 8, 10, 14) L 11760 high 1159 d1 588 counts 21 9 12 0 trials 35990 checks 11759
BODY (4, 5, 8, 10, 12, 14) L 11760 high 1159 d1 588 counts 210 115 95 0 trials 35990 checks 11759
BODY (4, 6, 8, 9, 10, 12) L 5040 high 497 d1 252 counts 28 28 0 0 trials 35990 checks 5039
BODY (4, 6, 8, 9, 10, 14) L 35280 high 3475 d1 1764 counts 350 62 288 0 trials 121485 checks 35279
BODY (4, 6, 8, 10, 11, 14) L 129360 high 12741 d1 6468 counts 3602 1935 1667 0 trials 287980 checks 129359
BODY (4, 6, 8, 10, 12, 14) L 11760 high 1159 d1 588 counts 2221 849 1372 0 trials 35990 checks 11759
BODY (4, 6, 9, 10, 12, 14) L 17640 high 1738 d1 882 counts 366 110 256 0 trials 62196 checks 17639
BODY (4, 6, 10, 11, 12, 14) L 64680 high 6371 d1 3234 counts 509 294 215 0 trials 147440 checks 64679
BODY (4, 7, 8, 10, 12, 14) L 11760 high 1159 d1 588 counts 4 4 0 0 trials 35990 checks 11759
BODY (4, 8, 9, 10, 12, 14) L 35280 high 3475 d1 1764 counts 3969 1503 2466 0 trials 121485 checks 35279
BODY (4, 8, 10, 11, 12, 14) L 129360 high 12741 d1 6468 counts 11105 6371 4729 5 trials 287980 checks 129359
RES (4, 8, 10, 11, 12, 14) (2, 3920, 5390, 6468) {'labels': (260, 64680, 297, 312), 'total': Fraction(161303, 13243230), 'excess': Fraction(37, 216216)}
RES (4, 8, 10, 11, 12, 14) (2, 3920, 6468, 10780) {'labels': (260, 64680, 297, 492), 'total': Fraction(13356437, 1085944860), 'excess': Fraction(90121, 310269960)}
RES (4, 8, 10, 11, 12, 14) (3, 3920, 5390, 6468) {'labels': (260, 86240, 297, 312), 'total': Fraction(645329, 52972920), 'excess': Fraction(4591, 26486460)}
RES (4, 8, 10, 11, 12, 14) (3, 3920, 6468, 10780) {'labels': (260, 86240, 297, 492), 'total': Fraction(26717671, 2171889720), 'excess': Fraction(158911, 542972430)}
RES (4, 8, 10, 11, 12, 14) (3, 3920, 6468, 32340) {'labels': (260, 86240, 297, 268), 'total': Fraction(43854947, 3549185640), 'excess': Fraction(616549, 1774592820)}
BODY (4, 8, 10, 12, 13, 14) L 152880 high 15057 d1 588 counts 0 0 0 0 trials 287980 checks 152879
BODY (4, 9, 10, 11, 12, 14) L 194040 high 19111 d1 9702 counts 1103 161 942 0 trials 497640 checks 194039
BODY (6, 8, 9, 10, 12, 14) L 35280 high 3475 d1 1764 counts 265 66 199 0 trials 121485 checks 35279
BODY (6, 8, 10, 11, 12, 14) L 129360 high 12741 d1 6468 counts 1113 765 348 0 trials 287980 checks 129359
BODY (6, 9, 10, 11, 12, 14) L 194040 high 19111 d1 9702 counts 306 177 129 0 trials 497640 checks 194039
BODY (8, 9, 10, 11, 12, 14) L 388080 high 38221 d1 19404 counts 3230 1521 1706 3 trials 971970 checks 388079
RES (8, 9, 10, 11, 12, 14) (2, 16170, 19404, 43120) {'labels': (260, 194040, 312, 351), 'total': Fraction(1766, 147147), 'excess': Fraction(1, 15015)}
RES (8, 9, 10, 11, 12, 14) (2, 16170, 19404, 77616) {'labels': (260, 194040, 312, 395), 'total': Fraction(1399501, 116246130), 'excess': Fraction(19, 182490)}
RES (8, 9, 10, 11, 12, 14) (2, 16170, 19404, 388080) {'labels': (260, 194040, 312, 299), 'total': Fraction(2428603, 203062860), 'excess': Fraction(103, 4144140)}
TOTAL [126049, 53003, 69850, 3196]
