LRC14 THM2915 failure-recursion route roots
PT2_ROOT=1,2,3,4,5,6,7
PT2_ROOT=1,2,3,4,5,6,8
PT2_ROOT=1,2,3,4,5,6,9
PT2_ROOT=1,2,3,4,5,6,10
PT2_ROOT=1,2,3,4,5,6,11
PT2_ROOT=1,2,3,4,5,6,12
PT2_ROOT=1,2,3,4,5,6,14
PT2_ROOT=1,2,3,4,5,7,8
PT2_ROOT=1,2,3,4,5,7,9
PT2_ROOT=1,2,3,4,5,7,10
PT2_ROOT=1,2,3,4,5,7,11
PT2_ROOT=1,2,3,4,5,7,12
PT2_ROOT=1,2,3,4,5,7,13
PT2_ROOT=1,2,3,4,5,7,14
PT2_ROOT=1,2,3,4,5,8,9
PT2_ROOT=1,2,3,4,5,8,10
PT2_ROOT=1,2,3,4,5,8,11
PT2_ROOT=1,2,3,4,5,8,12
PT2_ROOT=1,2,3,4,5,8,13
PT2_ROOT=1,2,3,4,5,8,14
PT2_ROOT=1,2,3,4,5,9,10
PT2_ROOT=1,2,3,4,5,9,11
PT2_ROOT=1,2,3,4,5,9,12
PT2_ROOT=1,2,3,4,5,9,13
PT2_ROOT=1,2,3,4,5,9,14
PT2_ROOT=1,2,3,4,5,10,11
PT2_ROOT=1,2,3,4,5,10,12
PT2_ROOT=1,2,3,4,5,10,13
PT2_ROOT=1,2,3,4,5,10,14
PT2_ROOT=1,2,3,4,5,11,12
PT2_ROOT=1,2,3,4,5,11,13
PT2_ROOT=1,2,3,4,5,11,14
PT2_ROOT=1,2,3,4,5,12,14
PT2_ROOT=1,2,3,4,5,13,14
PT2_ROOT=1,2,3,4,6,7,8
PT2_ROOT=1,2,3,4,6,7,9
PT2_ROOT=1,2,3,4,6,7,10
PT2_ROOT=1,2,3,4,6,7,11
PT2_ROOT=1,2,3,4,6,7,12
PT2_ROOT=1,2,3,4,6,8,9
PT2_ROOT=1,2,3,4,6,8,10
PT2_ROOT=1,2,3,4,6,8,11
PT2_ROOT=1,2,3,4,6,8,12
PT2_ROOT=1,2,3,4,6,8,14
PT2_ROOT=1,2,3,4,6,9,10
PT2_ROOT=1,2,3,4,6,9,11
PT2_ROOT=1,2,3,4,6,9,12
PT2_ROOT=1,2,3,4,6,9,13
PT2_ROOT=1,2,3,4,6,9,14
PT2_ROOT=1,2,3,4,6,10,11
PT2_ROOT=1,2,3,4,6,10,12
PT2_ROOT=1,2,3,4,6,10,13
PT2_ROOT=1,2,3,4,6,10,14
PT2_ROOT=1,2,3,4,6,11,14
PT2_ROOT=1,2,3,4,6,12,14
PT2_ROOT=1,2,3,4,6,13,14
PT2_ROOT=1,2,3,4,7,8,9
PT2_ROOT=1,2,3,4,7,8,10
PT2_ROOT=1,2,3,4,7,8,11
PT2_ROOT=1,2,3,4,7,8,12
PT2_ROOT=1,2,3,4,7,8,13
PT2_ROOT=1,2,3,4,7,8,14
PT2_ROOT=1,2,3,4,7,9,10
PT2_ROOT=1,2,3,4,7,9,11
PT2_ROOT=1,2,3,4,7,9,12
PT2_ROOT=1,2,3,4,7,9,13
PT2_ROOT=1,2,3,4,7,9,14
PT2_ROOT=1,2,3,4,7,10,11
PT2_ROOT=1,2,3,4,7,10,12
PT2_ROOT=1,2,3,4,7,10,13
PT2_ROOT=1,2,3,4,7,10,14
PT2_ROOT=1,2,3,4,7,11,12
PT2_ROOT=1,2,3,4,7,11,13
PT2_ROOT=1,2,3,4,7,11,14
PT2_ROOT=1,2,3,4,7,12,13
PT2_ROOT=1,2,3,4,7,12,14
PT2_ROOT=1,2,3,4,7,13,14
PT2_ROOT=1,2,3,4,8,9,10
PT2_ROOT=1,2,3,4,8,9,12
PT2_ROOT=1,2,3,4,8,9,13
PT2_ROOT=1,2,3,4,8,9,14
PT2_ROOT=1,2,3,4,8,10,11
PT2_ROOT=1,2,3,4,8,10,12
PT2_ROOT=1,2,3,4,8,10,13
PT2_ROOT=1,2,3,4,8,10,14
PT2_ROOT=1,2,3,4,8,11,12
PT2_ROOT=1,2,3,4,8,11,13
PT2_ROOT=1,2,3,4,8,11,14
PT2_ROOT=1,2,3,4,8,12,13
PT2_ROOT=1,2,3,4,8,12,14
PT2_ROOT=1,2,3,4,8,13,14
PT2_ROOT=1,2,3,4,9,10,11
PT2_ROOT=1,2,3,4,9,10,12
PT2_ROOT=1,2,3,4,9,10,13
PT2_ROOT=1,2,3,4,9,10,14
PT2_ROOT=1,2,3,4,9,11,12
PT2_ROOT=1,2,3,4,9,11,13
PT2_ROOT=1,2,3,4,9,11,14
PT2_ROOT=1,2,3,4,9,12,13
PT2_ROOT=1,2,3,4,9,12,14
PT2_ROOT=1,2,3,4,9,13,14
PT2_ROOT=1,2,3,4,10,11,12
PT2_ROOT=1,2,3,4,10,11,13
PT2_ROOT=1,2,3,4,10,11,14
PT2_ROOT=1,2,3,4,10,12,13
PT2_ROOT=1,2,3,4,10,12,14
PT2_ROOT=1,2,3,4,10,13,14
PT2_ROOT=1,2,3,4,11,12,13
PT2_ROOT=1,2,3,4,11,12,14
PT2_ROOT=1,2,3,4,11,13,14
PT2_ROOT=1,2,3,4,12,13,14
PT2_ROOT=1,2,3,5,6,7,8
PT2_ROOT=1,2,3,5,6,7,9
PT2_ROOT=1,2,3,5,6,7,10
PT2_ROOT=1,2,3,5,6,7,11
PT2_ROOT=1,2,3,5,6,7,12
PT2_ROOT=1,2,3,5,6,7,13
PT2_ROOT=1,2,3,5,6,7,14
PT2_ROOT=1,2,3,5,6,8,9
PT2_ROOT=1,2,3,5,6,8,10
PT2_ROOT=1,2,3,5,6,8,11
PT2_ROOT=1,2,3,5,6,8,12
PT2_ROOT=1,2,3,5,6,8,13
PT2_ROOT=1,2,3,5,6,8,14
PT2_ROOT=1,2,3,5,6,9,10
PT2_ROOT=1,2,3,5,6,9,11
PT2_ROOT=1,2,3,5,6,9,12
PT2_ROOT=1,2,3,5,6,9,13
PT2_ROOT=1,2,3,5,6,9,14
PT2_ROOT=1,2,3,5,6,10,11
PT2_ROOT=1,2,3,5,6,10,12
PT2_ROOT=1,2,3,5,6,10,14
PT2_ROOT=1,2,3,5,6,11,12
PT2_ROOT=1,2,3,5,6,11,13
PT2_ROOT=1,2,3,5,6,11,14
PT2_ROOT=1,2,3,5,6,12,13
PT2_ROOT=1,2,3,5,6,12,14
PT2_ROOT=1,2,3,5,6,13,14
PT2_ROOT=1,2,3,5,7,8,9
PT2_ROOT=1,2,3,5,7,8,10
PT2_ROOT=1,2,3,5,7,8,11
PT2_ROOT=1,2,3,5,7,8,12
PT2_ROOT=1,2,3,5,7,8,13
PT2_ROOT=1,2,3,5,7,8,14
PT2_ROOT=1,2,3,5,7,9,10
PT2_ROOT=1,2,3,5,7,9,11
PT2_ROOT=1,2,3,5,7,9,12
PT2_ROOT=1,2,3,5,7,9,13
PT2_ROOT=1,2,3,5,7,9,14
PT2_ROOT=1,2,3,5,7,10,11
PT2_ROOT=1,2,3,5,7,10,12
PT2_ROOT=1,2,3,5,7,10,13
PT2_ROOT=1,2,3,5,7,10,14
PT2_ROOT=1,2,3,5,7,11,12
PT2_ROOT=1,2,3,5,7,11,13
PT2_ROOT=1,2,3,5,7,11,14
PT2_ROOT=1,2,3,5,7,12,13
PT2_ROOT=1,2,3,5,7,12,14
PT2_ROOT=1,2,3,5,7,13,14
PT2_ROOT=1,2,3,5,8,9,10
PT2_ROOT=1,2,3,5,8,9,11
PT2_ROOT=1,2,3,5,8,9,12
PT2_ROOT=1,2,3,5,8,9,13
PT2_ROOT=1,2,3,5,8,9,14
PT2_ROOT=1,2,3,5,8,10,11
PT2_ROOT=1,2,3,5,8,10,12
PT2_ROOT=1,2,3,5,8,10,13
PT2_ROOT=1,2,3,5,8,10,14
PT2_ROOT=1,2,3,5,8,11,12
PT2_ROOT=1,2,3,5,8,11,13
PT2_ROOT=1,2,3,5,8,11,14
PT2_ROOT=1,2,3,5,8,12,13
PT2_ROOT=1,2,3,5,8,12,14
PT2_ROOT=1,2,3,5,8,13,14
PT2_ROOT=1,2,3,5,9,10,11
PT2_ROOT=1,2,3,5,9,10,12
PT2_ROOT=1,2,3,5,9,10,13
PT2_ROOT=1,2,3,5,9,10,14
PT2_ROOT=1,2,3,5,9,11,12
PT2_ROOT=1,2,3,5,9,11,13
PT2_ROOT=1,2,3,5,9,11,14
PT2_ROOT=1,2,3,5,9,12,13
PT2_ROOT=1,2,3,5,9,12,14
PT2_ROOT=1,2,3,5,9,13,14
PT2_ROOT=1,2,3,5,10,11,12
PT2_ROOT=1,2,3,5,10,11,13
PT2_ROOT=1,2,3,5,10,11,14
PT2_ROOT=1,2,3,5,10,12,13
PT2_ROOT=1,2,3,5,10,12,14
PT2_ROOT=1,2,3,5,10,13,14
PT2_ROOT=1,2,3,5,11,12,13
PT2_ROOT=1,2,3,5,11,12,14
PT2_ROOT=1,2,3,5,11,13,14
PT2_ROOT=1,2,3,5,12,13,14
PT2_ROOT=1,2,3,6,7,8,9
PT2_ROOT=1,2,3,6,7,8,10
PT2_ROOT=1,2,3,6,7,8,11
PT2_ROOT=1,2,3,6,7,8,12
PT2_ROOT=1,2,3,6,7,8,13
PT2_ROOT=1,2,3,6,7,8,14
PT2_ROOT=1,2,3,6,7,9,10
PT2_ROOT=1,2,3,6,7,9,11
PT2_ROOT=1,2,3,6,7,9,12
PT2_ROOT=1,2,3,6,7,9,13
PT2_ROOT=1,2,3,6,7,9,14
PT2_ROOT=1,2,3,6,7,10,11
PT2_ROOT=1,2,3,6,7,10,12
PT2_ROOT=1,2,3,6,7,10,13
PT2_ROOT=1,2,3,6,7,10,14
PT2_ROOT=1,2,3,6,7,11,12
PT2_ROOT=1,2,3,6,7,11,13
PT2_ROOT=1,2,3,6,7,11,14
PT2_ROOT=1,2,3,6,7,12,13
PT2_ROOT=1,2,3,6,7,12,14
PT2_ROOT=1,2,3,6,7,13,14
PT2_ROOT=1,2,3,6,8,9,10
PT2_ROOT=1,2,3,6,8,9,11
PT2_ROOT=1,2,3,6,8,9,12
PT2_ROOT=1,2,3,6,8,9,13
PT2_ROOT=1,2,3,6,8,9,14
PT2_ROOT=1,2,3,6,8,10,11
PT2_ROOT=1,2,3,6,8,10,12
PT2_ROOT=1,2,3,6,8,10,13
PT2_ROOT=1,2,3,6,8,10,14
PT2_ROOT=1,2,3,6,8,11,12
PT2_ROOT=1,2,3,6,8,11,13
PT2_ROOT=1,2,3,6,8,11,14
PT2_ROOT=1,2,3,6,8,12,13
PT2_ROOT=1,2,3,6,8,12,14
PT2_ROOT=1,2,3,6,8,13,14
PT2_ROOT=1,2,3,6,9,10,11
PT2_ROOT=1,2,3,6,9,10,12
PT2_ROOT=1,2,3,6,9,10,13
PT2_ROOT=1,2,3,6,9,10,14
PT2_ROOT=1,2,3,6,9,11,12
PT2_ROOT=1,2,3,6,9,11,13
PT2_ROOT=1,2,3,6,9,11,14
PT2_ROOT=1,2,3,6,9,12,13
PT2_ROOT=1,2,3,6,9,12,14
PT2_ROOT=1,2,3,6,9,13,14
PT2_ROOT=1,2,3,6,10,11,12
PT2_ROOT=1,2,3,6,10,11,13
PT2_ROOT=1,2,3,6,10,11,14
PT2_ROOT=1,2,3,6,10,12,13
PT2_ROOT=1,2,3,6,10,12,14
PT2_ROOT=1,2,3,6,10,13,14
PT2_ROOT=1,2,3,6,11,12,13
PT2_ROOT=1,2,3,6,11,12,14
PT2_ROOT=1,2,3,6,11,13,14
PT2_ROOT=1,2,3,6,12,13,14
PT2_ROOT=1,2,3,7,8,9,10
PT2_ROOT=1,2,3,7,8,9,11
PT2_ROOT=1,2,3,7,8,9,12
PT2_ROOT=1,2,3,7,8,9,13
PT2_ROOT=1,2,3,7,8,9,14
PT2_ROOT=1,2,3,7,8,10,11
PT2_ROOT=1,2,3,7,8,10,12
PT2_ROOT=1,2,3,7,8,10,13
PT2_ROOT=1,2,3,7,8,10,14
PT2_ROOT=1,2,3,7,8,11,12
PT2_ROOT=1,2,3,7,8,11,13
PT2_ROOT=1,2,3,7,8,11,14
PT2_ROOT=1,2,3,7,8,12,13
PT2_ROOT=1,2,3,7,8,12,14
PT2_ROOT=1,2,3,7,8,13,14
PT2_ROOT=1,2,3,7,9,10,11
PT2_ROOT=1,2,3,7,9,10,12
PT2_ROOT=1,2,3,7,9,10,13
PT2_ROOT=1,2,3,7,9,10,14
PT2_ROOT=1,2,3,7,9,11,12
PT2_ROOT=1,2,3,7,9,11,13
PT2_ROOT=1,2,3,7,9,11,14
PT2_ROOT=1,2,3,7,9,12,13
PT2_ROOT=1,2,3,7,9,12,14
PT2_ROOT=1,2,3,7,9,13,14
PT2_ROOT=1,2,3,7,10,11,12
PT2_ROOT=1,2,3,7,10,11,13
PT2_ROOT=1,2,3,7,10,11,14
PT2_ROOT=1,2,3,7,10,12,13
PT2_ROOT=1,2,3,7,10,12,14
PT2_ROOT=1,2,3,7,10,13,14
PT2_ROOT=1,2,3,7,11,12,13
PT2_ROOT=1,2,3,7,11,12,14
PT2_ROOT=1,2,3,7,11,13,14
PT2_ROOT=1,2,3,7,12,13,14
PT2_ROOT=1,2,3,8,9,10,11
PT2_ROOT=1,2,3,8,9,10,12
PT2_ROOT=1,2,3,8,9,10,13
PT2_ROOT=1,2,3,8,9,10,14
PT2_ROOT=1,2,3,8,9,11,12
PT2_ROOT=1,2,3,8,9,11,13
PT2_ROOT=1,2,3,8,9,11,14
PT2_ROOT=1,2,3,8,9,12,13
PT2_ROOT=1,2,3,8,9,12,14
PT2_ROOT=1,2,3,8,9,13,14
PT2_ROOT=1,2,3,8,10,11,12
PT2_ROOT=1,2,3,8,10,11,13
PT2_ROOT=1,2,3,8,10,11,14
PT2_ROOT=1,2,3,8,10,12,13
PT2_ROOT=1,2,3,8,10,12,14
PT2_ROOT=1,2,3,8,10,13,14
PT2_ROOT=1,2,3,8,11,12,13
PT2_ROOT=1,2,3,8,11,12,14
PT2_ROOT=1,2,3,8,11,13,14
PT2_ROOT=1,2,3,8,12,13,14
PT2_ROOT=1,2,3,9,10,11,12
PT2_ROOT=1,2,3,9,10,11,13
PT2_ROOT=1,2,3,9,10,11,14
PT2_ROOT=1,2,3,9,10,12,13
PT2_ROOT=1,2,3,9,10,12,14
PT2_ROOT=1,2,3,9,10,13,14
PT2_ROOT=1,2,3,9,11,12,13
PT2_ROOT=1,2,3,9,11,12,14
PT2_ROOT=1,2,3,9,11,13,14
PT2_ROOT=1,2,3,9,12,13,14
PT2_ROOT=1,2,3,10,11,12,13
PT2_ROOT=1,2,3,10,11,12,14
PT2_ROOT=1,2,3,10,11,13,14
PT2_ROOT=1,2,3,10,12,13,14
PT2_ROOT=1,2,3,11,12,13,14
PT2_ROOT=1,2,4,5,6,7,8
PT2_ROOT=1,2,4,5,6,7,9
PT2_ROOT=1,2,4,5,6,7,10
PT2_ROOT=1,2,4,5,6,7,11
PT2_ROOT=1,2,4,5,6,7,12
PT2_ROOT=1,2,4,5,6,7,13
PT2_ROOT=1,2,4,5,6,7,14
PT2_ROOT=1,2,4,5,6,8,9
PT2_ROOT=1,2,4,5,6,8,10
PT2_ROOT=1,2,4,5,6,8,11
PT2_ROOT=1,2,4,5,6,8,12
PT2_ROOT=1,2,4,5,6,8,13
PT2_ROOT=1,2,4,5,6,8,14
PT2_ROOT=1,2,4,5,6,9,10
PT2_ROOT=1,2,4,5,6,9,11
PT2_ROOT=1,2,4,5,6,9,12
PT2_ROOT=1,2,4,5,6,9,13
PT2_ROOT=1,2,4,5,6,9,14
PT2_ROOT=1,2,4,5,6,10,11
PT2_ROOT=1,2,4,5,6,10,12
PT2_ROOT=1,2,4,5,6,10,14
PT2_ROOT=1,2,4,5,6,11,12
PT2_ROOT=1,2,4,5,6,11,13
PT2_ROOT=1,2,4,5,6,11,14
PT2_ROOT=1,2,4,5,6,12,14
PT2_ROOT=1,2,4,5,6,13,14
PT2_ROOT=1,2,4,5,7,8,9
PT2_ROOT=1,2,4,5,7,8,10
PT2_ROOT=1,2,4,5,7,8,11
PT2_ROOT=1,2,4,5,7,8,12
PT2_ROOT=1,2,4,5,7,8,13
PT2_ROOT=1,2,4,5,7,8,14
PT2_ROOT=1,2,4,5,7,9,10
PT2_ROOT=1,2,4,5,7,9,11
PT2_ROOT=1,2,4,5,7,9,12
PT2_ROOT=1,2,4,5,7,9,13
PT2_ROOT=1,2,4,5,7,9,14
PT2_ROOT=1,2,4,5,7,10,11
PT2_ROOT=1,2,4,5,7,10,12
PT2_ROOT=1,2,4,5,7,10,13
PT2_ROOT=1,2,4,5,7,10,14
PT2_ROOT=1,2,4,5,7,11,12
PT2_ROOT=1,2,4,5,7,11,13
PT2_ROOT=1,2,4,5,7,11,14
PT2_ROOT=1,2,4,5,7,12,13
PT2_ROOT=1,2,4,5,7,12,14
PT2_ROOT=1,2,4,5,7,13,14
PT2_ROOT=1,2,4,5,8,9,10
PT2_ROOT=1,2,4,5,8,9,11
PT2_ROOT=1,2,4,5,8,9,12
PT2_ROOT=1,2,4,5,8,9,13
PT2_ROOT=1,2,4,5,8,9,14
PT2_ROOT=1,2,4,5,8,10,11
PT2_ROOT=1,2,4,5,8,10,12
PT2_ROOT=1,2,4,5,8,10,13
PT2_ROOT=1,2,4,5,8,10,14
PT2_ROOT=1,2,4,5,8,11,12
PT2_ROOT=1,2,4,5,8,11,13
PT2_ROOT=1,2,4,5,8,11,14
PT2_ROOT=1,2,4,5,8,12,13
PT2_ROOT=1,2,4,5,8,12,14
PT2_ROOT=1,2,4,5,8,13,14
PT2_ROOT=1,2,4,5,9,10,11
PT2_ROOT=1,2,4,5,9,10,12
PT2_ROOT=1,2,4,5,9,10,13
PT2_ROOT=1,2,4,5,9,10,14
PT2_ROOT=1,2,4,5,9,11,12
PT2_ROOT=1,2,4,5,9,11,13
PT2_ROOT=1,2,4,5,9,11,14
PT2_ROOT=1,2,4,5,9,12,13
PT2_ROOT=1,2,4,5,9,12,14
PT2_ROOT=1,2,4,5,9,13,14
PT2_ROOT=1,2,4,5,10,11,12
PT2_ROOT=1,2,4,5,10,11,13
PT2_ROOT=1,2,4,5,10,11,14
PT2_ROOT=1,2,4,5,10,12,13
PT2_ROOT=1,2,4,5,10,12,14
PT2_ROOT=1,2,4,5,10,13,14
PT2_ROOT=1,2,4,5,11,12,13
PT2_ROOT=1,2,4,5,11,12,14
PT2_ROOT=1,2,4,5,11,13,14
PT2_ROOT=1,2,4,5,12,13,14
PT2_ROOT=1,2,4,6,7,8,9
PT2_ROOT=1,2,4,6,7,8,10
PT2_ROOT=1,2,4,6,7,8,11
PT2_ROOT=1,2,4,6,7,8,12
PT2_ROOT=1,2,4,6,7,8,13
PT2_ROOT=1,2,4,6,7,8,14
PT2_ROOT=1,2,4,6,7,9,10
PT2_ROOT=1,2,4,6,7,9,11
PT2_ROOT=1,2,4,6,7,9,12
PT2_ROOT=1,2,4,6,7,9,13
PT2_ROOT=1,2,4,6,7,9,14
PT2_ROOT=1,2,4,6,7,10,11
PT2_ROOT=1,2,4,6,7,10,12
PT2_ROOT=1,2,4,6,7,10,13
PT2_ROOT=1,2,4,6,7,10,14
PT2_ROOT=1,2,4,6,7,11,12
PT2_ROOT=1,2,4,6,7,11,13
PT2_ROOT=1,2,4,6,7,11,14
PT2_ROOT=1,2,4,6,7,12,13
PT2_ROOT=1,2,4,6,7,12,14
PT2_ROOT=1,2,4,6,7,13,14
PT2_ROOT=1,2,4,6,8,9,10
PT2_ROOT=1,2,4,6,8,9,11
PT2_ROOT=1,2,4,6,8,9,12
PT2_ROOT=1,2,4,6,8,9,13
PT2_ROOT=1,2,4,6,8,9,14
PT2_ROOT=1,2,4,6,8,10,11
PT2_ROOT=1,2,4,6,8,10,12
PT2_ROOT=1,2,4,6,8,10,13
PT2_ROOT=1,2,4,6,8,10,14
PT2_ROOT=1,2,4,6,8,11,12
PT2_ROOT=1,2,4,6,8,11,13
PT2_ROOT=1,2,4,6,8,11,14
PT2_ROOT=1,2,4,6,8,12,13
PT2_ROOT=1,2,4,6,8,12,14
PT2_ROOT=1,2,4,6,8,13,14
PT2_ROOT=1,2,4,6,9,10,11
PT2_ROOT=1,2,4,6,9,10,12
PT2_ROOT=1,2,4,6,9,10,13
PT2_ROOT=1,2,4,6,9,10,14
PT2_ROOT=1,2,4,6,9,11,12
PT2_ROOT=1,2,4,6,9,11,13
PT2_ROOT=1,2,4,6,9,11,14
PT2_ROOT=1,2,4,6,9,12,13
PT2_ROOT=1,2,4,6,9,12,14
PT2_ROOT=1,2,4,6,9,13,14
PT2_ROOT=1,2,4,6,10,11,12
PT2_ROOT=1,2,4,6,10,11,13
PT2_ROOT=1,2,4,6,10,11,14
PT2_ROOT=1,2,4,6,10,12,13
PT2_ROOT=1,2,4,6,10,12,14
PT2_ROOT=1,2,4,6,10,13,14
PT2_ROOT=1,2,4,6,11,12,13
PT2_ROOT=1,2,4,6,11,12,14
PT2_ROOT=1,2,4,6,11,13,14
PT2_ROOT=1,2,4,6,12,13,14
PT2_ROOT=1,2,4,7,8,9,10
PT2_ROOT=1,2,4,7,8,9,11
PT2_ROOT=1,2,4,7,8,9,12
PT2_ROOT=1,2,4,7,8,9,13
PT2_ROOT=1,2,4,7,8,9,14
PT2_ROOT=1,2,4,7,8,10,11
PT2_ROOT=1,2,4,7,8,10,12
PT2_ROOT=1,2,4,7,8,10,13
PT2_ROOT=1,2,4,7,8,10,14
PT2_ROOT=1,2,4,7,8,11,12
PT2_ROOT=1,2,4,7,8,11,13
PT2_ROOT=1,2,4,7,8,11,14
PT2_ROOT=1,2,4,7,8,12,13
PT2_ROOT=1,2,4,7,8,12,14
PT2_ROOT=1,2,4,7,8,13,14
PT2_ROOT=1,2,4,7,9,10,11
PT2_ROOT=1,2,4,7,9,10,12
PT2_ROOT=1,2,4,7,9,10,13
PT2_ROOT=1,2,4,7,9,10,14
PT2_ROOT=1,2,4,7,9,11,12
PT2_ROOT=1,2,4,7,9,11,13
PT2_ROOT=1,2,4,7,9,11,14
PT2_ROOT=1,2,4,7,9,12,13
PT2_ROOT=1,2,4,7,9,12,14
PT2_ROOT=1,2,4,7,9,13,14
PT2_ROOT=1,2,4,7,10,11,12
PT2_ROOT=1,2,4,7,10,11,13
PT2_ROOT=1,2,4,7,10,11,14
PT2_ROOT=1,2,4,7,10,12,13
PT2_ROOT=1,2,4,7,10,12,14
PT2_ROOT=1,2,4,7,10,13,14
PT2_ROOT=1,2,4,7,11,12,13
PT2_ROOT=1,2,4,7,11,12,14
PT2_ROOT=1,2,4,7,11,13,14
PT2_ROOT=1,2,4,7,12,13,14
PT2_ROOT=1,2,4,8,9,10,11
PT2_ROOT=1,2,4,8,9,10,12
PT2_ROOT=1,2,4,8,9,10,13
PT2_ROOT=1,2,4,8,9,10,14
PT2_ROOT=1,2,4,8,9,11,12
PT2_ROOT=1,2,4,8,9,11,13
PT2_ROOT=1,2,4,8,9,11,14
PT2_ROOT=1,2,4,8,9,12,13
PT2_ROOT=1,2,4,8,9,12,14
PT2_ROOT=1,2,4,8,9,13,14
PT2_ROOT=1,2,4,8,10,11,12
PT2_ROOT=1,2,4,8,10,11,13
PT2_ROOT=1,2,4,8,10,11,14
PT2_ROOT=1,2,4,8,10,12,13
PT2_ROOT=1,2,4,8,10,12,14
PT2_ROOT=1,2,4,8,10,13,14
PT2_ROOT=1,2,4,8,11,12,13
PT2_ROOT=1,2,4,8,11,12,14
PT2_ROOT=1,2,4,8,11,13,14
PT2_ROOT=1,2,4,8,12,13,14
PT2_ROOT=1,2,4,9,10,11,12
PT2_ROOT=1,2,4,9,10,11,13
PT2_ROOT=1,2,4,9,10,11,14
PT2_ROOT=1,2,4,9,10,12,13
PT2_ROOT=1,2,4,9,10,12,14
PT2_ROOT=1,2,4,9,10,13,14
PT2_ROOT=1,2,4,9,11,12,13
PT2_ROOT=1,2,4,9,11,12,14
PT2_ROOT=1,2,4,9,11,13,14
PT2_ROOT=1,2,4,9,12,13,14
PT2_ROOT=1,2,4,10,11,12,13
PT2_ROOT=1,2,4,10,11,12,14
PT2_ROOT=1,2,4,10,11,13,14
PT2_ROOT=1,2,4,10,12,13,14
PT2_ROOT=1,2,4,11,12,13,14
PT2_ROOT=1,2,5,6,7,8,9
PT2_ROOT=1,2,5,6,7,8,10
PT2_ROOT=1,2,5,6,7,8,11
PT2_ROOT=1,2,5,6,7,8,12
PT2_ROOT=1,2,5,6,7,8,13
PT2_ROOT=1,2,5,6,7,8,14
PT2_ROOT=1,2,5,6,7,9,10
PT2_ROOT=1,2,5,6,7,9,11
PT2_ROOT=1,2,5,6,7,9,12
PT2_ROOT=1,2,5,6,7,9,13
PT2_ROOT=1,2,5,6,7,9,14
PT2_ROOT=1,2,5,6,7,10,11
PT2_ROOT=1,2,5,6,7,10,12
PT2_ROOT=1,2,5,6,7,10,13
PT2_ROOT=1,2,5,6,7,10,14
PT2_ROOT=1,2,5,6,7,11,12
PT2_ROOT=1,2,5,6,7,11,13
PT2_ROOT=1,2,5,6,7,11,14
PT2_ROOT=1,2,5,6,7,12,13
PT2_ROOT=1,2,5,6,7,12,14
PT2_ROOT=1,2,5,6,7,13,14
PT2_ROOT=1,2,5,6,8,9,10
PT2_ROOT=1,2,5,6,8,9,11
PT2_ROOT=1,2,5,6,8,9,12
PT2_ROOT=1,2,5,6,8,9,13
PT2_ROOT=1,2,5,6,8,9,14
PT2_ROOT=1,2,5,6,8,10,11
PT2_ROOT=1,2,5,6,8,10,12
PT2_ROOT=1,2,5,6,8,10,13
PT2_ROOT=1,2,5,6,8,10,14
PT2_ROOT=1,2,5,6,8,11,12
PT2_ROOT=1,2,5,6,8,11,13
PT2_ROOT=1,2,5,6,8,11,14
PT2_ROOT=1,2,5,6,8,12,13
PT2_ROOT=1,2,5,6,8,12,14
PT2_ROOT=1,2,5,6,8,13,14
PT2_ROOT=1,2,5,6,9,10,11
PT2_ROOT=1,2,5,6,9,10,12
PT2_ROOT=1,2,5,6,9,10,13
PT2_ROOT=1,2,5,6,9,10,14
PT2_ROOT=1,2,5,6,9,11,12
PT2_ROOT=1,2,5,6,9,11,13
PT2_ROOT=1,2,5,6,9,11,14
PT2_ROOT=1,2,5,6,9,12,13
PT2_ROOT=1,2,5,6,9,12,14
PT2_ROOT=1,2,5,6,9,13,14
PT2_ROOT=1,2,5,6,10,11,12
PT2_ROOT=1,2,5,6,10,11,13
PT2_ROOT=1,2,5,6,10,11,14
PT2_ROOT=1,2,5,6,10,12,13
PT2_ROOT=1,2,5,6,10,12,14
PT2_ROOT=1,2,5,6,10,13,14
PT2_ROOT=1,2,5,6,11,12,13
PT2_ROOT=1,2,5,6,11,12,14
PT2_ROOT=1,2,5,6,11,13,14
PT2_ROOT=1,2,5,6,12,13,14
PT2_ROOT=1,2,5,7,8,9,10
PT2_ROOT=1,2,5,7,8,9,11
PT2_ROOT=1,2,5,7,8,9,12
PT2_ROOT=1,2,5,7,8,9,13
PT2_ROOT=1,2,5,7,8,9,14
PT2_ROOT=1,2,5,7,8,10,11
PT2_ROOT=1,2,5,7,8,10,12
PT2_ROOT=1,2,5,7,8,10,13
PT2_ROOT=1,2,5,7,8,10,14
PT2_ROOT=1,2,5,7,8,11,12
PT2_ROOT=1,2,5,7,8,11,13
PT2_ROOT=1,2,5,7,8,11,14
PT2_ROOT=1,2,5,7,8,12,13
PT2_ROOT=1,2,5,7,8,12,14
PT2_ROOT=1,2,5,7,8,13,14
PT2_ROOT=1,2,5,7,9,10,11
PT2_ROOT=1,2,5,7,9,10,12
PT2_ROOT=1,2,5,7,9,10,13
PT2_ROOT=1,2,5,7,9,10,14
PT2_ROOT=1,2,5,7,9,11,12
PT2_ROOT=1,2,5,7,9,11,13
PT2_ROOT=1,2,5,7,9,11,14
PT2_ROOT=1,2,5,7,9,12,13
PT2_ROOT=1,2,5,7,9,12,14
PT2_ROOT=1,2,5,7,9,13,14
PT2_ROOT=1,2,5,7,10,11,12
PT2_ROOT=1,2,5,7,10,11,13
PT2_ROOT=1,2,5,7,10,11,14
PT2_ROOT=1,2,5,7,10,12,13
PT2_ROOT=1,2,5,7,10,12,14
PT2_ROOT=1,2,5,7,10,13,14
PT2_ROOT=1,2,5,7,11,12,13
PT2_ROOT=1,2,5,7,11,12,14
PT2_ROOT=1,2,5,7,11,13,14
PT2_ROOT=1,2,5,7,12,13,14
PT2_ROOT=1,2,5,8,9,10,11
PT2_ROOT=1,2,5,8,9,10,12
PT2_ROOT=1,2,5,8,9,10,13
PT2_ROOT=1,2,5,8,9,10,14
PT2_ROOT=1,2,5,8,9,11,12
PT2_ROOT=1,2,5,8,9,11,13
PT2_ROOT=1,2,5,8,9,11,14
PT2_ROOT=1,2,5,8,9,12,13
PT2_ROOT=1,2,5,8,9,12,14
PT2_ROOT=1,2,5,8,9,13,14
PT2_ROOT=1,2,5,8,10,11,12
PT2_ROOT=1,2,5,8,10,11,13
PT2_ROOT=1,2,5,8,10,11,14
PT2_ROOT=1,2,5,8,10,12,13
PT2_ROOT=1,2,5,8,10,12,14
PT2_ROOT=1,2,5,8,10,13,14
PT2_ROOT=1,2,5,8,11,12,13
PT2_ROOT=1,2,5,8,11,12,14
PT2_ROOT=1,2,5,8,11,13,14
PT2_ROOT=1,2,5,8,12,13,14
PT2_ROOT=1,2,5,9,10,11,12
PT2_ROOT=1,2,5,9,10,11,13
PT2_ROOT=1,2,5,9,10,11,14
PT2_ROOT=1,2,5,9,10,12,13
PT2_ROOT=1,2,5,9,10,12,14
PT2_ROOT=1,2,5,9,10,13,14
PT2_ROOT=1,2,5,9,11,12,13
PT2_ROOT=1,2,5,9,11,12,14
PT2_ROOT=1,2,5,9,11,13,14
PT2_ROOT=1,2,5,9,12,13,14
PT2_ROOT=1,2,5,10,11,12,13
PT2_ROOT=1,2,5,10,11,12,14
PT2_ROOT=1,2,5,10,11,13,14
PT2_ROOT=1,2,5,10,12,13,14
PT2_ROOT=1,2,5,11,12,13,14
PT2_ROOT=1,2,6,7,8,9,10
PT2_ROOT=1,2,6,7,8,9,11
PT2_ROOT=1,2,6,7,8,9,12
PT2_ROOT=1,2,6,7,8,9,13
PT2_ROOT=1,2,6,7,8,9,14
PT2_ROOT=1,2,6,7,8,10,11
PT2_ROOT=1,2,6,7,8,10,12
PT2_ROOT=1,2,6,7,8,10,13
PT2_ROOT=1,2,6,7,8,10,14
PT2_ROOT=1,2,6,7,8,11,12
PT2_ROOT=1,2,6,7,8,11,13
PT2_ROOT=1,2,6,7,8,11,14
PT2_ROOT=1,2,6,7,8,12,13
PT2_ROOT=1,2,6,7,8,12,14
PT2_ROOT=1,2,6,7,8,13,14
PT2_ROOT=1,2,6,7,9,10,11
PT2_ROOT=1,2,6,7,9,10,12
PT2_ROOT=1,2,6,7,9,10,13
PT2_ROOT=1,2,6,7,9,10,14
PT2_ROOT=1,2,6,7,9,11,12
PT2_ROOT=1,2,6,7,9,11,13
PT2_ROOT=1,2,6,7,9,11,14
PT2_ROOT=1,2,6,7,9,12,13
PT2_ROOT=1,2,6,7,9,12,14
PT2_ROOT=1,2,6,7,9,13,14
PT2_ROOT=1,2,6,7,10,11,12
PT2_ROOT=1,2,6,7,10,11,13
PT2_ROOT=1,2,6,7,10,11,14
PT2_ROOT=1,2,6,7,10,12,13
PT2_ROOT=1,2,6,7,10,12,14
PT2_ROOT=1,2,6,7,10,13,14
PT2_ROOT=1,2,6,7,11,12,13
PT2_ROOT=1,2,6,7,11,12,14
PT2_ROOT=1,2,6,7,11,13,14
PT2_ROOT=1,2,6,7,12,13,14
PT2_ROOT=1,2,6,8,9,10,11
PT2_ROOT=1,2,6,8,9,10,12
PT2_ROOT=1,2,6,8,9,10,13
PT2_ROOT=1,2,6,8,9,10,14
PT2_ROOT=1,2,6,8,9,11,12
PT2_ROOT=1,2,6,8,9,11,13
PT2_ROOT=1,2,6,8,9,11,14
PT2_ROOT=1,2,6,8,9,12,13
PT2_ROOT=1,2,6,8,9,12,14
PT2_ROOT=1,2,6,8,9,13,14
PT2_ROOT=1,2,6,8,10,11,12
PT2_ROOT=1,2,6,8,10,11,13
PT2_ROOT=1,2,6,8,10,11,14
PT2_ROOT=1,2,6,8,10,12,13
PT2_ROOT=1,2,6,8,10,12,14
PT2_ROOT=1,2,6,8,10,13,14
PT2_ROOT=1,2,6,8,11,12,13
PT2_ROOT=1,2,6,8,11,12,14
PT2_ROOT=1,2,6,8,11,13,14
PT2_ROOT=1,2,6,8,12,13,14
PT2_ROOT=1,2,6,9,10,11,12
PT2_ROOT=1,2,6,9,10,11,13
PT2_ROOT=1,2,6,9,10,11,14
PT2_ROOT=1,2,6,9,10,12,13
PT2_ROOT=1,2,6,9,10,12,14
PT2_ROOT=1,2,6,9,10,13,14
PT2_ROOT=1,2,6,9,11,12,13
PT2_ROOT=1,2,6,9,11,12,14
PT2_ROOT=1,2,6,9,11,13,14
PT2_ROOT=1,2,6,9,12,13,14
PT2_ROOT=1,2,6,10,11,12,13
PT2_ROOT=1,2,6,10,11,12,14
PT2_ROOT=1,2,6,10,11,13,14
PT2_ROOT=1,2,6,10,12,13,14
PT2_ROOT=1,2,6,11,12,13,14
PT2_ROOT=1,2,7,8,9,10,11
PT2_ROOT=1,2,7,8,9,10,12
PT2_ROOT=1,2,7,8,9,10,13
PT2_ROOT=1,2,7,8,9,10,14
PT2_ROOT=1,2,7,8,9,11,12
PT2_ROOT=1,2,7,8,9,11,13
PT2_ROOT=1,2,7,8,9,11,14
PT2_ROOT=1,2,7,8,9,12,13
PT2_ROOT=1,2,7,8,9,12,14
PT2_ROOT=1,2,7,8,9,13,14
PT2_ROOT=1,2,7,8,10,11,12
PT2_ROOT=1,2,7,8,10,11,13
PT2_ROOT=1,2,7,8,10,11,14
PT2_ROOT=1,2,7,8,10,12,13
PT2_ROOT=1,2,7,8,10,12,14
PT2_ROOT=1,2,7,8,10,13,14
PT2_ROOT=1,2,7,8,11,12,13
PT2_ROOT=1,2,7,8,11,12,14
PT2_ROOT=1,2,7,8,11,13,14
PT2_ROOT=1,2,7,8,12,13,14
PT2_ROOT=1,2,7,9,10,11,12
PT2_ROOT=1,2,7,9,10,11,13
PT2_ROOT=1,2,7,9,10,11,14
PT2_ROOT=1,2,7,9,10,12,13
PT2_ROOT=1,2,7,9,10,12,14
PT2_ROOT=1,2,7,9,10,13,14
PT2_ROOT=1,2,7,9,11,12,13
PT2_ROOT=1,2,7,9,11,12,14
PT2_ROOT=1,2,7,9,11,13,14
PT2_ROOT=1,2,7,9,12,13,14
PT2_ROOT=1,2,7,10,11,12,13
PT2_ROOT=1,2,7,10,11,12,14
PT2_ROOT=1,2,7,10,11,13,14
PT2_ROOT=1,2,7,10,12,13,14
PT2_ROOT=1,2,7,11,12,13,14
PT2_ROOT=1,2,8,9,10,11,12
PT2_ROOT=1,2,8,9,10,11,13
PT2_ROOT=1,2,8,9,10,11,14
PT2_ROOT=1,2,8,9,10,12,13
PT2_ROOT=1,2,8,9,10,12,14
PT2_ROOT=1,2,8,9,10,13,14
PT2_ROOT=1,2,8,9,11,12,13
PT2_ROOT=1,2,8,9,11,12,14
PT2_ROOT=1,2,8,9,11,13,14
PT2_ROOT=1,2,8,9,12,13,14
PT2_ROOT=1,2,8,10,11,12,13
PT2_ROOT=1,2,8,10,11,12,14
PT2_ROOT=1,2,8,10,11,13,14
PT2_ROOT=1,2,8,10,12,13,14
PT2_ROOT=1,2,8,11,12,13,14
PT2_ROOT=1,2,9,10,11,12,13
PT2_ROOT=1,2,9,10,11,12,14
PT2_ROOT=1,2,9,10,11,13,14
PT2_ROOT=1,2,9,10,12,13,14
PT2_ROOT=1,2,9,11,12,13,14
PT2_ROOT=1,2,10,11,12,13,14
PT2_ROOT=1,3,4,5,6,7,8
PT2_ROOT=1,3,4,5,6,7,9
PT2_ROOT=1,3,4,5,6,7,10
PT2_ROOT=1,3,4,5,6,7,11
PT2_ROOT=1,3,4,5,6,7,12
PT2_ROOT=1,3,4,5,6,7,13
PT2_ROOT=1,3,4,5,6,8,9
PT2_ROOT=1,3,4,5,6,8,10
PT2_ROOT=1,3,4,5,6,8,11
PT2_ROOT=1,3,4,5,6,8,12
PT2_ROOT=1,3,4,5,6,8,13
PT2_ROOT=1,3,4,5,6,8,14
PT2_ROOT=1,3,4,5,6,9,10
PT2_ROOT=1,3,4,5,6,9,11
PT2_ROOT=1,3,4,5,6,9,12
PT2_ROOT=1,3,4,5,6,9,13
PT2_ROOT=1,3,4,5,6,9,14
PT2_ROOT=1,3,4,5,6,10,11
PT2_ROOT=1,3,4,5,6,10,12
PT2_ROOT=1,3,4,5,6,10,13
PT2_ROOT=1,3,4,5,6,10,14
PT2_ROOT=1,3,4,5,6,11,12
PT2_ROOT=1,3,4,5,6,11,13
PT2_ROOT=1,3,4,5,6,11,14
PT2_ROOT=1,3,4,5,6,12,13
PT2_ROOT=1,3,4,5,6,12,14
PT2_ROOT=1,3,4,5,6,13,14
PT2_ROOT=1,3,4,5,7,8,9
PT2_ROOT=1,3,4,5,7,8,10
PT2_ROOT=1,3,4,5,7,8,11
PT2_ROOT=1,3,4,5,7,8,12
PT2_ROOT=1,3,4,5,7,8,13
PT2_ROOT=1,3,4,5,7,8,14
PT2_ROOT=1,3,4,5,7,9,10
PT2_ROOT=1,3,4,5,7,9,11
PT2_ROOT=1,3,4,5,7,9,12
PT2_ROOT=1,3,4,5,7,9,13
PT2_ROOT=1,3,4,5,7,9,14
PT2_ROOT=1,3,4,5,7,10,11
PT2_ROOT=1,3,4,5,7,10,12
PT2_ROOT=1,3,4,5,7,10,13
PT2_ROOT=1,3,4,5,7,10,14
PT2_ROOT=1,3,4,5,7,11,12
PT2_ROOT=1,3,4,5,7,11,13
PT2_ROOT=1,3,4,5,7,11,14
PT2_ROOT=1,3,4,5,7,12,13
PT2_ROOT=1,3,4,5,7,12,14
PT2_ROOT=1,3,4,5,7,13,14
PT2_ROOT=1,3,4,5,8,9,10
PT2_ROOT=1,3,4,5,8,9,11
PT2_ROOT=1,3,4,5,8,9,12
PT2_ROOT=1,3,4,5,8,9,13
PT2_ROOT=1,3,4,5,8,9,14
PT2_ROOT=1,3,4,5,8,10,11
PT2_ROOT=1,3,4,5,8,10,12
PT2_ROOT=1,3,4,5,8,10,13
PT2_ROOT=1,3,4,5,8,10,14
PT2_ROOT=1,3,4,5,8,11,12
PT2_ROOT=1,3,4,5,8,11,13
PT2_ROOT=1,3,4,5,8,11,14
PT2_ROOT=1,3,4,5,8,12,13
PT2_ROOT=1,3,4,5,8,12,14
PT2_ROOT=1,3,4,5,8,13,14
PT2_ROOT=1,3,4,5,9,10,11
PT2_ROOT=1,3,4,5,9,10,12
PT2_ROOT=1,3,4,5,9,10,13
PT2_ROOT=1,3,4,5,9,10,14
PT2_ROOT=1,3,4,5,9,11,12
PT2_ROOT=1,3,4,5,9,11,13
PT2_ROOT=1,3,4,5,9,11,14
PT2_ROOT=1,3,4,5,9,12,13
PT2_ROOT=1,3,4,5,9,12,14
PT2_ROOT=1,3,4,5,9,13,14
PT2_ROOT=1,3,4,5,10,11,12
PT2_ROOT=1,3,4,5,10,11,13
PT2_ROOT=1,3,4,5,10,11,14
PT2_ROOT=1,3,4,5,10,12,13
PT2_ROOT=1,3,4,5,10,12,14
PT2_ROOT=1,3,4,5,10,13,14
PT2_ROOT=1,3,4,5,11,12,13
PT2_ROOT=1,3,4,5,11,12,14
PT2_ROOT=1,3,4,5,11,13,14
PT2_ROOT=1,3,4,5,12,13,14
PT2_ROOT=1,3,4,6,7,8,9
PT2_ROOT=1,3,4,6,7,8,10
PT2_ROOT=1,3,4,6,7,8,11
PT2_ROOT=1,3,4,6,7,8,12
PT2_ROOT=1,3,4,6,7,8,13
PT2_ROOT=1,3,4,6,7,8,14
PT2_ROOT=1,3,4,6,7,9,10
PT2_ROOT=1,3,4,6,7,9,11
PT2_ROOT=1,3,4,6,7,9,12
PT2_ROOT=1,3,4,6,7,9,13
PT2_ROOT=1,3,4,6,7,9,14
PT2_ROOT=1,3,4,6,7,10,11
PT2_ROOT=1,3,4,6,7,10,12
PT2_ROOT=1,3,4,6,7,10,13
PT2_ROOT=1,3,4,6,7,10,14
PT2_ROOT=1,3,4,6,7,11,12
PT2_ROOT=1,3,4,6,7,11,13
PT2_ROOT=1,3,4,6,7,11,14
PT2_ROOT=1,3,4,6,7,12,13
PT2_ROOT=1,3,4,6,7,12,14
PT2_ROOT=1,3,4,6,7,13,14
PT2_ROOT=1,3,4,6,8,9,10
PT2_ROOT=1,3,4,6,8,9,11
PT2_ROOT=1,3,4,6,8,9,12
PT2_ROOT=1,3,4,6,8,9,13
PT2_ROOT=1,3,4,6,8,9,14
PT2_ROOT=1,3,4,6,8,10,11
PT2_ROOT=1,3,4,6,8,10,12
PT2_ROOT=1,3,4,6,8,10,13
PT2_ROOT=1,3,4,6,8,10,14
PT2_ROOT=1,3,4,6,8,11,12
PT2_ROOT=1,3,4,6,8,11,13
PT2_ROOT=1,3,4,6,8,11,14
PT2_ROOT=1,3,4,6,8,12,13
PT2_ROOT=1,3,4,6,8,12,14
PT2_ROOT=1,3,4,6,8,13,14
PT2_ROOT=1,3,4,6,9,10,11
PT2_ROOT=1,3,4,6,9,10,12
PT2_ROOT=1,3,4,6,9,10,13
PT2_ROOT=1,3,4,6,9,10,14
PT2_ROOT=1,3,4,6,9,11,12
PT2_ROOT=1,3,4,6,9,11,13
PT2_ROOT=1,3,4,6,9,11,14
PT2_ROOT=1,3,4,6,9,12,13
PT2_ROOT=1,3,4,6,9,12,14
PT2_ROOT=1,3,4,6,9,13,14
PT2_ROOT=1,3,4,6,10,11,12
PT2_ROOT=1,3,4,6,10,11,13
PT2_ROOT=1,3,4,6,10,11,14
PT2_ROOT=1,3,4,6,10,12,13
PT2_ROOT=1,3,4,6,10,12,14
PT2_ROOT=1,3,4,6,10,13,14
PT2_ROOT=1,3,4,6,11,12,13
PT2_ROOT=1,3,4,6,11,12,14
PT2_ROOT=1,3,4,6,11,13,14
PT2_ROOT=1,3,4,6,12,13,14
PT2_ROOT=1,3,4,7,8,9,10
PT2_ROOT=1,3,4,7,8,9,11
PT2_ROOT=1,3,4,7,8,9,12
PT2_ROOT=1,3,4,7,8,9,13
PT2_ROOT=1,3,4,7,8,9,14
PT2_ROOT=1,3,4,7,8,10,11
PT2_ROOT=1,3,4,7,8,10,12
PT2_ROOT=1,3,4,7,8,10,13
PT2_ROOT=1,3,4,7,8,10,14
PT2_ROOT=1,3,4,7,8,11,12
PT2_ROOT=1,3,4,7,8,11,13
PT2_ROOT=1,3,4,7,8,11,14
PT2_ROOT=1,3,4,7,8,12,13
PT2_ROOT=1,3,4,7,8,12,14
PT2_ROOT=1,3,4,7,8,13,14
PT2_ROOT=1,3,4,7,9,10,11
PT2_ROOT=1,3,4,7,9,10,12
PT2_ROOT=1,3,4,7,9,10,13
PT2_ROOT=1,3,4,7,9,10,14
PT2_ROOT=1,3,4,7,9,11,12
PT2_ROOT=1,3,4,7,9,11,13
PT2_ROOT=1,3,4,7,9,11,14
PT2_ROOT=1,3,4,7,9,12,13
PT2_ROOT=1,3,4,7,9,12,14
PT2_ROOT=1,3,4,7,9,13,14
PT2_ROOT=1,3,4,7,10,11,12
PT2_ROOT=1,3,4,7,10,11,13
PT2_ROOT=1,3,4,7,10,11,14
PT2_ROOT=1,3,4,7,10,12,13
PT2_ROOT=1,3,4,7,10,12,14
PT2_ROOT=1,3,4,7,10,13,14
PT2_ROOT=1,3,4,7,11,12,13
PT2_ROOT=1,3,4,7,11,12,14
PT2_ROOT=1,3,4,7,11,13,14
PT2_ROOT=1,3,4,7,12,13,14
PT2_ROOT=1,3,4,8,9,10,11
PT2_ROOT=1,3,4,8,9,10,12
PT2_ROOT=1,3,4,8,9,10,13
PT2_ROOT=1,3,4,8,9,10,14
PT2_ROOT=1,3,4,8,9,11,12
PT2_ROOT=1,3,4,8,9,11,13
PT2_ROOT=1,3,4,8,9,11,14
PT2_ROOT=1,3,4,8,9,12,13
PT2_ROOT=1,3,4,8,9,12,14
PT2_ROOT=1,3,4,8,9,13,14
PT2_ROOT=1,3,4,8,10,11,12
PT2_ROOT=1,3,4,8,10,11,13
PT2_ROOT=1,3,4,8,10,11,14
PT2_ROOT=1,3,4,8,10,12,13
PT2_ROOT=1,3,4,8,10,12,14
PT2_ROOT=1,3,4,8,10,13,14
PT2_ROOT=1,3,4,8,11,12,13
PT2_ROOT=1,3,4,8,11,12,14
PT2_ROOT=1,3,4,8,11,13,14
PT2_ROOT=1,3,4,8,12,13,14
PT2_ROOT=1,3,4,9,10,11,12
PT2_ROOT=1,3,4,9,10,11,13
PT2_ROOT=1,3,4,9,10,11,14
PT2_ROOT=1,3,4,9,10,12,13
PT2_ROOT=1,3,4,9,10,12,14
PT2_ROOT=1,3,4,9,10,13,14
PT2_ROOT=1,3,4,9,11,12,13
PT2_ROOT=1,3,4,9,11,12,14
PT2_ROOT=1,3,4,9,11,13,14
PT2_ROOT=1,3,4,9,12,13,14
PT2_ROOT=1,3,4,10,11,12,13
PT2_ROOT=1,3,4,10,11,12,14
PT2_ROOT=1,3,4,10,11,13,14
PT2_ROOT=1,3,4,10,12,13,14
PT2_ROOT=1,3,4,11,12,13,14
PT2_ROOT=1,3,5,6,7,8,9
PT2_ROOT=1,3,5,6,7,8,10
PT2_ROOT=1,3,5,6,7,8,11
PT2_ROOT=1,3,5,6,7,8,12
PT2_ROOT=1,3,5,6,7,8,13
PT2_ROOT=1,3,5,6,7,8,14
PT2_ROOT=1,3,5,6,7,9,10
PT2_ROOT=1,3,5,6,7,9,11
PT2_ROOT=1,3,5,6,7,9,12
PT2_ROOT=1,3,5,6,7,9,13
PT2_ROOT=1,3,5,6,7,9,14
PT2_ROOT=1,3,5,6,7,10,11
PT2_ROOT=1,3,5,6,7,10,12
PT2_ROOT=1,3,5,6,7,10,13
PT2_ROOT=1,3,5,6,7,10,14
PT2_ROOT=1,3,5,6,7,11,12
PT2_ROOT=1,3,5,6,7,11,13
PT2_ROOT=1,3,5,6,7,11,14
PT2_ROOT=1,3,5,6,7,12,13
PT2_ROOT=1,3,5,6,7,12,14
PT2_ROOT=1,3,5,6,7,13,14
PT2_ROOT=1,3,5,6,8,9,10
PT2_ROOT=1,3,5,6,8,9,11
PT2_ROOT=1,3,5,6,8,9,12
PT2_ROOT=1,3,5,6,8,9,13
PT2_ROOT=1,3,5,6,8,9,14
PT2_ROOT=1,3,5,6,8,10,11
PT2_ROOT=1,3,5,6,8,10,12
PT2_ROOT=1,3,5,6,8,10,13
PT2_ROOT=1,3,5,6,8,10,14
PT2_ROOT=1,3,5,6,8,11,12
PT2_ROOT=1,3,5,6,8,11,13
PT2_ROOT=1,3,5,6,8,11,14
PT2_ROOT=1,3,5,6,8,12,13
PT2_ROOT=1,3,5,6,8,12,14
PT2_ROOT=1,3,5,6,8,13,14
PT2_ROOT=1,3,5,6,9,10,11
PT2_ROOT=1,3,5,6,9,10,12
PT2_ROOT=1,3,5,6,9,10,13
PT2_ROOT=1,3,5,6,9,10,14
PT2_ROOT=1,3,5,6,9,11,12
PT2_ROOT=1,3,5,6,9,11,13
PT2_ROOT=1,3,5,6,9,11,14
PT2_ROOT=1,3,5,6,9,12,13
PT2_ROOT=1,3,5,6,9,12,14
PT2_ROOT=1,3,5,6,9,13,14
PT2_ROOT=1,3,5,6,10,11,12
PT2_ROOT=1,3,5,6,10,11,13
PT2_ROOT=1,3,5,6,10,11,14
PT2_ROOT=1,3,5,6,10,12,13
PT2_ROOT=1,3,5,6,10,12,14
PT2_ROOT=1,3,5,6,10,13,14
PT2_ROOT=1,3,5,6,11,12,13
PT2_ROOT=1,3,5,6,11,12,14
PT2_ROOT=1,3,5,6,11,13,14
PT2_ROOT=1,3,5,6,12,13,14
PT2_ROOT=1,3,5,7,8,9,10
PT2_ROOT=1,3,5,7,8,9,11
PT2_ROOT=1,3,5,7,8,9,12
PT2_ROOT=1,3,5,7,8,9,13
PT2_ROOT=1,3,5,7,8,9,14
PT2_ROOT=1,3,5,7,8,10,11
PT2_ROOT=1,3,5,7,8,10,12
PT2_ROOT=1,3,5,7,8,10,13
PT2_ROOT=1,3,5,7,8,10,14
PT2_ROOT=1,3,5,7,8,11,12
PT2_ROOT=1,3,5,7,8,11,13
PT2_ROOT=1,3,5,7,8,11,14
PT2_ROOT=1,3,5,7,8,12,13
PT2_ROOT=1,3,5,7,8,12,14
PT2_ROOT=1,3,5,7,8,13,14
PT2_ROOT=1,3,5,7,9,10,11
PT2_ROOT=1,3,5,7,9,10,12
PT2_ROOT=1,3,5,7,9,10,13
PT2_ROOT=1,3,5,7,9,10,14
PT2_ROOT=1,3,5,7,9,11,12
PT2_ROOT=1,3,5,7,9,11,13
PT2_ROOT=1,3,5,7,9,11,14
PT2_ROOT=1,3,5,7,9,12,13
PT2_ROOT=1,3,5,7,9,12,14
PT2_ROOT=1,3,5,7,9,13,14
PT2_ROOT=1,3,5,7,10,11,12
PT2_ROOT=1,3,5,7,10,11,13
PT2_ROOT=1,3,5,7,10,11,14
PT2_ROOT=1,3,5,7,10,12,13
PT2_ROOT=1,3,5,7,10,12,14
PT2_ROOT=1,3,5,7,10,13,14
PT2_ROOT=1,3,5,7,11,12,13
PT2_ROOT=1,3,5,7,11,12,14
PT2_ROOT=1,3,5,7,11,13,14
PT2_ROOT=1,3,5,7,12,13,14
PT2_ROOT=1,3,5,8,9,10,11
PT2_ROOT=1,3,5,8,9,10,12
PT2_ROOT=1,3,5,8,9,10,13
PT2_ROOT=1,3,5,8,9,10,14
PT2_ROOT=1,3,5,8,9,11,12
PT2_ROOT=1,3,5,8,9,11,13
PT2_ROOT=1,3,5,8,9,11,14
PT2_ROOT=1,3,5,8,9,12,13
PT2_ROOT=1,3,5,8,9,12,14
PT2_ROOT=1,3,5,8,9,13,14
PT2_ROOT=1,3,5,8,10,11,12
PT2_ROOT=1,3,5,8,10,11,13
PT2_ROOT=1,3,5,8,10,11,14
PT2_ROOT=1,3,5,8,10,12,13
PT2_ROOT=1,3,5,8,10,12,14
PT2_ROOT=1,3,5,8,10,13,14
PT2_ROOT=1,3,5,8,11,12,13
PT2_ROOT=1,3,5,8,11,12,14
PT2_ROOT=1,3,5,8,11,13,14
PT2_ROOT=1,3,5,8,12,13,14
PT2_ROOT=1,3,5,9,10,11,12
PT2_ROOT=1,3,5,9,10,11,13
PT2_ROOT=1,3,5,9,10,11,14
PT2_ROOT=1,3,5,9,10,12,13
PT2_ROOT=1,3,5,9,10,12,14
PT2_ROOT=1,3,5,9,10,13,14
PT2_ROOT=1,3,5,9,11,12,13
PT2_ROOT=1,3,5,9,11,12,14
PT2_ROOT=1,3,5,9,11,13,14
PT2_ROOT=1,3,5,9,12,13,14
PT2_ROOT=1,3,5,10,11,12,13
PT2_ROOT=1,3,5,10,11,12,14
PT2_ROOT=1,3,5,10,11,13,14
PT2_ROOT=1,3,5,10,12,13,14
PT2_ROOT=1,3,5,11,12,13,14
PT2_ROOT=1,3,6,7,8,9,10
PT2_ROOT=1,3,6,7,8,9,11
PT2_ROOT=1,3,6,7,8,9,12
PT2_ROOT=1,3,6,7,8,9,13
PT2_ROOT=1,3,6,7,8,9,14
PT2_ROOT=1,3,6,7,8,10,11
PT2_ROOT=1,3,6,7,8,10,12
PT2_ROOT=1,3,6,7,8,10,13
PT2_ROOT=1,3,6,7,8,10,14
PT2_ROOT=1,3,6,7,8,11,12
PT2_ROOT=1,3,6,7,8,11,13
PT2_ROOT=1,3,6,7,8,11,14
PT2_ROOT=1,3,6,7,8,12,13
PT2_ROOT=1,3,6,7,8,12,14
PT2_ROOT=1,3,6,7,8,13,14
PT2_ROOT=1,3,6,7,9,10,11
PT2_ROOT=1,3,6,7,9,10,12
PT2_ROOT=1,3,6,7,9,10,13
PT2_ROOT=1,3,6,7,9,10,14
PT2_ROOT=1,3,6,7,9,11,12
PT2_ROOT=1,3,6,7,9,11,13
PT2_ROOT=1,3,6,7,9,11,14
PT2_ROOT=1,3,6,7,9,12,13
PT2_ROOT=1,3,6,7,9,12,14
PT2_ROOT=1,3,6,7,9,13,14
PT2_ROOT=1,3,6,7,10,11,12
PT2_ROOT=1,3,6,7,10,11,13
PT2_ROOT=1,3,6,7,10,11,14
PT2_ROOT=1,3,6,7,10,12,13
PT2_ROOT=1,3,6,7,10,12,14
PT2_ROOT=1,3,6,7,10,13,14
PT2_ROOT=1,3,6,7,11,12,13
PT2_ROOT=1,3,6,7,11,12,14
PT2_ROOT=1,3,6,7,11,13,14
PT2_ROOT=1,3,6,7,12,13,14
PT2_ROOT=1,3,6,8,9,10,11
PT2_ROOT=1,3,6,8,9,10,12
PT2_ROOT=1,3,6,8,9,10,13
PT2_ROOT=1,3,6,8,9,10,14
PT2_ROOT=1,3,6,8,9,11,12
PT2_ROOT=1,3,6,8,9,11,13
PT2_ROOT=1,3,6,8,9,11,14
PT2_ROOT=1,3,6,8,9,12,13
PT2_ROOT=1,3,6,8,9,12,14
PT2_ROOT=1,3,6,8,9,13,14
PT2_ROOT=1,3,6,8,10,11,12
PT2_ROOT=1,3,6,8,10,11,13
PT2_ROOT=1,3,6,8,10,11,14
PT2_ROOT=1,3,6,8,10,12,13
PT2_ROOT=1,3,6,8,10,12,14
PT2_ROOT=1,3,6,8,10,13,14
PT2_ROOT=1,3,6,8,11,12,13
PT2_ROOT=1,3,6,8,11,12,14
PT2_ROOT=1,3,6,8,11,13,14
PT2_ROOT=1,3,6,8,12,13,14
PT2_ROOT=1,3,6,9,10,11,12
PT2_ROOT=1,3,6,9,10,11,13
PT2_ROOT=1,3,6,9,10,11,14
PT2_ROOT=1,3,6,9,10,12,13
PT2_ROOT=1,3,6,9,10,12,14
PT2_ROOT=1,3,6,9,10,13,14
PT2_ROOT=1,3,6,9,11,12,13
PT2_ROOT=1,3,6,9,11,12,14
PT2_ROOT=1,3,6,9,11,13,14
PT2_ROOT=1,3,6,9,12,13,14
PT2_ROOT=1,3,6,10,11,12,13
PT2_ROOT=1,3,6,10,11,12,14
PT2_ROOT=1,3,6,10,11,13,14
PT2_ROOT=1,3,6,10,12,13,14
PT2_ROOT=1,3,6,11,12,13,14
PT2_ROOT=1,3,7,8,9,10,11
PT2_ROOT=1,3,7,8,9,10,12
PT2_ROOT=1,3,7,8,9,10,13
PT2_ROOT=1,3,7,8,9,10,14
PT2_ROOT=1,3,7,8,9,11,12
PT2_ROOT=1,3,7,8,9,11,13
PT2_ROOT=1,3,7,8,9,11,14
PT2_ROOT=1,3,7,8,9,12,13
PT2_ROOT=1,3,7,8,9,12,14
PT2_ROOT=1,3,7,8,9,13,14
PT2_ROOT=1,3,7,8,10,11,12
PT2_ROOT=1,3,7,8,10,11,13
PT2_ROOT=1,3,7,8,10,11,14
PT2_ROOT=1,3,7,8,10,12,13
PT2_ROOT=1,3,7,8,10,12,14
PT2_ROOT=1,3,7,8,10,13,14
PT2_ROOT=1,3,7,8,11,12,13
PT2_ROOT=1,3,7,8,11,12,14
PT2_ROOT=1,3,7,8,11,13,14
PT2_ROOT=1,3,7,8,12,13,14
PT2_ROOT=1,3,7,9,10,11,12
PT2_ROOT=1,3,7,9,10,11,13
PT2_ROOT=1,3,7,9,10,11,14
PT2_ROOT=1,3,7,9,10,12,13
PT2_ROOT=1,3,7,9,10,12,14
PT2_ROOT=1,3,7,9,10,13,14
PT2_ROOT=1,3,7,9,11,12,13
PT2_ROOT=1,3,7,9,11,12,14
PT2_ROOT=1,3,7,9,11,13,14
PT2_ROOT=1,3,7,9,12,13,14
PT2_ROOT=1,3,7,10,11,12,13
PT2_ROOT=1,3,7,10,11,12,14
PT2_ROOT=1,3,7,10,11,13,14
PT2_ROOT=1,3,7,10,12,13,14
PT2_ROOT=1,3,7,11,12,13,14
PT2_ROOT=1,3,8,9,10,11,12
PT2_ROOT=1,3,8,9,10,11,13
PT2_ROOT=1,3,8,9,10,11,14
PT2_ROOT=1,3,8,9,10,12,13
PT2_ROOT=1,3,8,9,10,12,14
PT2_ROOT=1,3,8,9,10,13,14
PT2_ROOT=1,3,8,9,11,12,13
PT2_ROOT=1,3,8,9,11,12,14
PT2_ROOT=1,3,8,9,11,13,14
PT2_ROOT=1,3,8,9,12,13,14
PT2_ROOT=1,3,8,10,11,12,13
PT2_ROOT=1,3,8,10,11,12,14
PT2_ROOT=1,3,8,10,11,13,14
PT2_ROOT=1,3,8,10,12,13,14
PT2_ROOT=1,3,8,11,12,13,14
PT2_ROOT=1,3,9,10,11,12,13
PT2_ROOT=1,3,9,10,11,12,14
PT2_ROOT=1,3,9,10,11,13,14
PT2_ROOT=1,3,9,10,12,13,14
PT2_ROOT=1,3,9,11,12,13,14
PT2_ROOT=1,3,10,11,12,13,14
PT2_ROOT=1,4,5,6,7,8,9
PT2_ROOT=1,4,5,6,7,8,10
PT2_ROOT=1,4,5,6,7,8,11
PT2_ROOT=1,4,5,6,7,8,12
PT2_ROOT=1,4,5,6,7,8,13
PT2_ROOT=1,4,5,6,7,8,14
PT2_ROOT=1,4,5,6,7,9,10
PT2_ROOT=1,4,5,6,7,9,11
PT2_ROOT=1,4,5,6,7,9,12
PT2_ROOT=1,4,5,6,7,9,13
PT2_ROOT=1,4,5,6,7,9,14
PT2_ROOT=1,4,5,6,7,10,11
PT2_ROOT=1,4,5,6,7,10,12
PT2_ROOT=1,4,5,6,7,10,13
PT2_ROOT=1,4,5,6,7,10,14
PT2_ROOT=1,4,5,6,7,11,12
PT2_ROOT=1,4,5,6,7,11,13
PT2_ROOT=1,4,5,6,7,11,14
PT2_ROOT=1,4,5,6,7,12,13
PT2_ROOT=1,4,5,6,7,12,14
PT2_ROOT=1,4,5,6,7,13,14
PT2_ROOT=1,4,5,6,8,9,10
PT2_ROOT=1,4,5,6,8,9,11
PT2_ROOT=1,4,5,6,8,9,12
PT2_ROOT=1,4,5,6,8,9,13
PT2_ROOT=1,4,5,6,8,9,14
PT2_ROOT=1,4,5,6,8,10,11
PT2_ROOT=1,4,5,6,8,10,12
PT2_ROOT=1,4,5,6,8,10,13
PT2_ROOT=1,4,5,6,8,10,14
PT2_ROOT=1,4,5,6,8,11,12
PT2_ROOT=1,4,5,6,8,11,13
PT2_ROOT=1,4,5,6,8,11,14
PT2_ROOT=1,4,5,6,8,12,13
PT2_ROOT=1,4,5,6,8,12,14
PT2_ROOT=1,4,5,6,8,13,14
PT2_ROOT=1,4,5,6,9,10,11
PT2_ROOT=1,4,5,6,9,10,12
PT2_ROOT=1,4,5,6,9,10,13
PT2_ROOT=1,4,5,6,9,10,14
PT2_ROOT=1,4,5,6,9,11,12
PT2_ROOT=1,4,5,6,9,11,13
PT2_ROOT=1,4,5,6,9,11,14
PT2_ROOT=1,4,5,6,9,12,13
PT2_ROOT=1,4,5,6,9,12,14
PT2_ROOT=1,4,5,6,9,13,14
PT2_ROOT=1,4,5,6,10,11,12
PT2_ROOT=1,4,5,6,10,11,13
PT2_ROOT=1,4,5,6,10,11,14
PT2_ROOT=1,4,5,6,10,12,13
PT2_ROOT=1,4,5,6,10,12,14
PT2_ROOT=1,4,5,6,10,13,14
PT2_ROOT=1,4,5,6,11,12,13
PT2_ROOT=1,4,5,6,11,12,14
PT2_ROOT=1,4,5,6,11,13,14
PT2_ROOT=1,4,5,6,12,13,14
PT2_ROOT=1,4,5,7,8,9,10
PT2_ROOT=1,4,5,7,8,9,11
PT2_ROOT=1,4,5,7,8,9,12
PT2_ROOT=1,4,5,7,8,9,13
PT2_ROOT=1,4,5,7,8,9,14
PT2_ROOT=1,4,5,7,8,10,11
PT2_ROOT=1,4,5,7,8,10,12
PT2_ROOT=1,4,5,7,8,10,13
PT2_ROOT=1,4,5,7,8,10,14
PT2_ROOT=1,4,5,7,8,11,12
PT2_ROOT=1,4,5,7,8,11,13
PT2_ROOT=1,4,5,7,8,11,14
PT2_ROOT=1,4,5,7,8,12,13
PT2_ROOT=1,4,5,7,8,12,14
PT2_ROOT=1,4,5,7,8,13,14
PT2_ROOT=1,4,5,7,9,10,11
PT2_ROOT=1,4,5,7,9,10,12
PT2_ROOT=1,4,5,7,9,10,13
PT2_ROOT=1,4,5,7,9,10,14
PT2_ROOT=1,4,5,7,9,11,12
PT2_ROOT=1,4,5,7,9,11,13
PT2_ROOT=1,4,5,7,9,11,14
PT2_ROOT=1,4,5,7,9,12,13
PT2_ROOT=1,4,5,7,9,12,14
PT2_ROOT=1,4,5,7,9,13,14
PT2_ROOT=1,4,5,7,10,11,12
PT2_ROOT=1,4,5,7,10,11,13
PT2_ROOT=1,4,5,7,10,11,14
PT2_ROOT=1,4,5,7,10,12,13
PT2_ROOT=1,4,5,7,10,12,14
PT2_ROOT=1,4,5,7,10,13,14
PT2_ROOT=1,4,5,7,11,12,13
PT2_ROOT=1,4,5,7,11,12,14
PT2_ROOT=1,4,5,7,11,13,14
PT2_ROOT=1,4,5,7,12,13,14
PT2_ROOT=1,4,5,8,9,10,11
PT2_ROOT=1,4,5,8,9,10,12
PT2_ROOT=1,4,5,8,9,10,13
PT2_ROOT=1,4,5,8,9,10,14
PT2_ROOT=1,4,5,8,9,11,12
PT2_ROOT=1,4,5,8,9,11,13
PT2_ROOT=1,4,5,8,9,11,14
PT2_ROOT=1,4,5,8,9,12,13
PT2_ROOT=1,4,5,8,9,12,14
PT2_ROOT=1,4,5,8,9,13,14
PT2_ROOT=1,4,5,8,10,11,12
PT2_ROOT=1,4,5,8,10,11,13
PT2_ROOT=1,4,5,8,10,11,14
PT2_ROOT=1,4,5,8,10,12,13
PT2_ROOT=1,4,5,8,10,12,14
PT2_ROOT=1,4,5,8,10,13,14
PT2_ROOT=1,4,5,8,11,12,13
PT2_ROOT=1,4,5,8,11,12,14
PT2_ROOT=1,4,5,8,11,13,14
PT2_ROOT=1,4,5,8,12,13,14
PT2_ROOT=1,4,5,9,10,11,12
PT2_ROOT=1,4,5,9,10,11,13
PT2_ROOT=1,4,5,9,10,11,14
PT2_ROOT=1,4,5,9,10,12,13
PT2_ROOT=1,4,5,9,10,12,14
PT2_ROOT=1,4,5,9,10,13,14
PT2_ROOT=1,4,5,9,11,12,13
PT2_ROOT=1,4,5,9,11,12,14
PT2_ROOT=1,4,5,9,11,13,14
PT2_ROOT=1,4,5,9,12,13,14
PT2_ROOT=1,4,5,10,11,12,13
PT2_ROOT=1,4,5,10,11,12,14
PT2_ROOT=1,4,5,10,11,13,14
PT2_ROOT=1,4,5,10,12,13,14
PT2_ROOT=1,4,5,11,12,13,14
PT2_ROOT=1,4,6,7,8,9,10
PT2_ROOT=1,4,6,7,8,9,11
PT2_ROOT=1,4,6,7,8,9,12
PT2_ROOT=1,4,6,7,8,9,13
PT2_ROOT=1,4,6,7,8,9,14
PT2_ROOT=1,4,6,7,8,10,11
PT2_ROOT=1,4,6,7,8,10,12
PT2_ROOT=1,4,6,7,8,10,13
PT2_ROOT=1,4,6,7,8,10,14
PT2_ROOT=1,4,6,7,8,11,12
PT2_ROOT=1,4,6,7,8,11,13
PT2_ROOT=1,4,6,7,8,11,14
PT2_ROOT=1,4,6,7,8,12,13
PT2_ROOT=1,4,6,7,8,12,14
PT2_ROOT=1,4,6,7,8,13,14
PT2_ROOT=1,4,6,7,9,10,11
PT2_ROOT=1,4,6,7,9,10,12
PT2_ROOT=1,4,6,7,9,10,13
PT2_ROOT=1,4,6,7,9,10,14
PT2_ROOT=1,4,6,7,9,11,12
PT2_ROOT=1,4,6,7,9,11,13
PT2_ROOT=1,4,6,7,9,11,14
PT2_ROOT=1,4,6,7,9,12,13
PT2_ROOT=1,4,6,7,9,12,14
PT2_ROOT=1,4,6,7,9,13,14
PT2_ROOT=1,4,6,7,10,11,12
PT2_ROOT=1,4,6,7,10,11,13
PT2_ROOT=1,4,6,7,10,11,14
PT2_ROOT=1,4,6,7,10,12,13
PT2_ROOT=1,4,6,7,10,12,14
PT2_ROOT=1,4,6,7,10,13,14
PT2_ROOT=1,4,6,7,11,12,13
PT2_ROOT=1,4,6,7,11,12,14
PT2_ROOT=1,4,6,7,11,13,14
PT2_ROOT=1,4,6,7,12,13,14
PT2_ROOT=1,4,6,8,9,10,11
PT2_ROOT=1,4,6,8,9,10,12
PT2_ROOT=1,4,6,8,9,10,13
PT2_ROOT=1,4,6,8,9,10,14
PT2_ROOT=1,4,6,8,9,11,12
PT2_ROOT=1,4,6,8,9,11,13
PT2_ROOT=1,4,6,8,9,11,14
PT2_ROOT=1,4,6,8,9,12,13
PT2_ROOT=1,4,6,8,9,12,14
PT2_ROOT=1,4,6,8,9,13,14
PT2_ROOT=1,4,6,8,10,11,12
PT2_ROOT=1,4,6,8,10,11,13
PT2_ROOT=1,4,6,8,10,11,14
PT2_ROOT=1,4,6,8,10,12,13
PT2_ROOT=1,4,6,8,10,12,14
PT2_ROOT=1,4,6,8,10,13,14
PT2_ROOT=1,4,6,8,11,12,13
PT2_ROOT=1,4,6,8,11,12,14
PT2_ROOT=1,4,6,8,11,13,14
PT2_ROOT=1,4,6,8,12,13,14
PT2_ROOT=1,4,6,9,10,11,12
PT2_ROOT=1,4,6,9,10,11,13
PT2_ROOT=1,4,6,9,10,11,14
PT2_ROOT=1,4,6,9,10,12,13
PT2_ROOT=1,4,6,9,10,12,14
PT2_ROOT=1,4,6,9,10,13,14
PT2_ROOT=1,4,6,9,11,12,13
PT2_ROOT=1,4,6,9,11,12,14
PT2_ROOT=1,4,6,9,11,13,14
PT2_ROOT=1,4,6,9,12,13,14
PT2_ROOT=1,4,6,10,11,12,13
PT2_ROOT=1,4,6,10,11,12,14
PT2_ROOT=1,4,6,10,11,13,14
PT2_ROOT=1,4,6,10,12,13,14
PT2_ROOT=1,4,6,11,12,13,14
PT2_ROOT=1,4,7,8,9,10,11
PT2_ROOT=1,4,7,8,9,10,12
PT2_ROOT=1,4,7,8,9,10,13
PT2_ROOT=1,4,7,8,9,10,14
PT2_ROOT=1,4,7,8,9,11,12
PT2_ROOT=1,4,7,8,9,11,13
PT2_ROOT=1,4,7,8,9,11,14
PT2_ROOT=1,4,7,8,9,12,13
PT2_ROOT=1,4,7,8,9,12,14
PT2_ROOT=1,4,7,8,9,13,14
PT2_ROOT=1,4,7,8,10,11,12
PT2_ROOT=1,4,7,8,10,11,13
PT2_ROOT=1,4,7,8,10,11,14
PT2_ROOT=1,4,7,8,10,12,13
PT2_ROOT=1,4,7,8,10,12,14
PT2_ROOT=1,4,7,8,10,13,14
PT2_ROOT=1,4,7,8,11,12,13
PT2_ROOT=1,4,7,8,11,12,14
PT2_ROOT=1,4,7,8,11,13,14
PT2_ROOT=1,4,7,8,12,13,14
PT2_ROOT=1,4,7,9,10,11,12
PT2_ROOT=1,4,7,9,10,11,13
PT2_ROOT=1,4,7,9,10,11,14
PT2_ROOT=1,4,7,9,10,12,13
PT2_ROOT=1,4,7,9,10,12,14
PT2_ROOT=1,4,7,9,10,13,14
PT2_ROOT=1,4,7,9,11,12,13
PT2_ROOT=1,4,7,9,11,12,14
PT2_ROOT=1,4,7,9,11,13,14
PT2_ROOT=1,4,7,9,12,13,14
PT2_ROOT=1,4,7,10,11,12,13
PT2_ROOT=1,4,7,10,11,12,14
PT2_ROOT=1,4,7,10,11,13,14
PT2_ROOT=1,4,7,10,12,13,14
PT2_ROOT=1,4,7,11,12,13,14
PT2_ROOT=1,4,8,9,10,11,12
PT2_ROOT=1,4,8,9,10,11,13
PT2_ROOT=1,4,8,9,10,11,14
PT2_ROOT=1,4,8,9,10,12,13
PT2_ROOT=1,4,8,9,10,12,14
PT2_ROOT=1,4,8,9,10,13,14
PT2_ROOT=1,4,8,9,11,12,13
PT2_ROOT=1,4,8,9,11,12,14
PT2_ROOT=1,4,8,9,11,13,14
PT2_ROOT=1,4,8,9,12,13,14
PT2_ROOT=1,4,8,10,11,12,13
PT2_ROOT=1,4,8,10,11,12,14
PT2_ROOT=1,4,8,10,11,13,14
PT2_ROOT=1,4,8,10,12,13,14
PT2_ROOT=1,4,8,11,12,13,14
PT2_ROOT=1,4,9,10,11,12,13
PT2_ROOT=1,4,9,10,11,12,14
PT2_ROOT=1,4,9,10,11,13,14
PT2_ROOT=1,4,9,10,12,13,14
PT2_ROOT=1,4,9,11,12,13,14
PT2_ROOT=1,4,10,11,12,13,14
PT2_ROOT=1,5,6,7,8,9,10
PT2_ROOT=1,5,6,7,8,9,11
PT2_ROOT=1,5,6,7,8,9,12
PT2_ROOT=1,5,6,7,8,9,13
PT2_ROOT=1,5,6,7,8,9,14
PT2_ROOT=1,5,6,7,8,10,11
PT2_ROOT=1,5,6,7,8,10,12
PT2_ROOT=1,5,6,7,8,10,13
PT2_ROOT=1,5,6,7,8,10,14
PT2_ROOT=1,5,6,7,8,11,12
PT2_ROOT=1,5,6,7,8,11,13
PT2_ROOT=1,5,6,7,8,11,14
PT2_ROOT=1,5,6,7,8,12,13
PT2_ROOT=1,5,6,7,8,12,14
PT2_ROOT=1,5,6,7,8,13,14
PT2_ROOT=1,5,6,7,9,10,11
PT2_ROOT=1,5,6,7,9,10,12
PT2_ROOT=1,5,6,7,9,10,13
PT2_ROOT=1,5,6,7,9,10,14
PT2_ROOT=1,5,6,7,9,11,12
PT2_ROOT=1,5,6,7,9,11,13
PT2_ROOT=1,5,6,7,9,11,14
PT2_ROOT=1,5,6,7,9,12,13
PT2_ROOT=1,5,6,7,9,12,14
PT2_ROOT=1,5,6,7,9,13,14
PT2_ROOT=1,5,6,7,10,11,12
PT2_ROOT=1,5,6,7,10,11,13
PT2_ROOT=1,5,6,7,10,11,14
PT2_ROOT=1,5,6,7,10,12,13
PT2_ROOT=1,5,6,7,10,12,14
PT2_ROOT=1,5,6,7,10,13,14
PT2_ROOT=1,5,6,7,11,12,13
PT2_ROOT=1,5,6,7,11,12,14
PT2_ROOT=1,5,6,7,11,13,14
PT2_ROOT=1,5,6,7,12,13,14
PT2_ROOT=1,5,6,8,9,10,11
PT2_ROOT=1,5,6,8,9,10,12
PT2_ROOT=1,5,6,8,9,10,13
PT2_ROOT=1,5,6,8,9,10,14
PT2_ROOT=1,5,6,8,9,11,12
PT2_ROOT=1,5,6,8,9,11,13
PT2_ROOT=1,5,6,8,9,11,14
PT2_ROOT=1,5,6,8,9,12,13
PT2_ROOT=1,5,6,8,9,12,14
PT2_ROOT=1,5,6,8,9,13,14
PT2_ROOT=1,5,6,8,10,11,12
PT2_ROOT=1,5,6,8,10,11,13
PT2_ROOT=1,5,6,8,10,11,14
PT2_ROOT=1,5,6,8,10,12,13
PT2_ROOT=1,5,6,8,10,12,14
PT2_ROOT=1,5,6,8,10,13,14
PT2_ROOT=1,5,6,8,11,12,13
PT2_ROOT=1,5,6,8,11,12,14
PT2_ROOT=1,5,6,8,11,13,14
PT2_ROOT=1,5,6,8,12,13,14
PT2_ROOT=1,5,6,9,10,11,12
PT2_ROOT=1,5,6,9,10,11,13
PT2_ROOT=1,5,6,9,10,11,14
PT2_ROOT=1,5,6,9,10,12,13
PT2_ROOT=1,5,6,9,10,12,14
PT2_ROOT=1,5,6,9,10,13,14
PT2_ROOT=1,5,6,9,11,12,13
PT2_ROOT=1,5,6,9,11,12,14
PT2_ROOT=1,5,6,9,11,13,14
PT2_ROOT=1,5,6,9,12,13,14
PT2_ROOT=1,5,6,10,11,12,13
PT2_ROOT=1,5,6,10,11,12,14
PT2_ROOT=1,5,6,10,11,13,14
PT2_ROOT=1,5,6,10,12,13,14
PT2_ROOT=1,5,6,11,12,13,14
PT2_ROOT=1,5,7,8,9,10,11
PT2_ROOT=1,5,7,8,9,10,12
PT2_ROOT=1,5,7,8,9,10,13
PT2_ROOT=1,5,7,8,9,10,14
PT2_ROOT=1,5,7,8,9,11,12
PT2_ROOT=1,5,7,8,9,11,13
PT2_ROOT=1,5,7,8,9,11,14
PT2_ROOT=1,5,7,8,9,12,13
PT2_ROOT=1,5,7,8,9,12,14
PT2_ROOT=1,5,7,8,9,13,14
PT2_ROOT=1,5,7,8,10,11,12
PT2_ROOT=1,5,7,8,10,11,13
PT2_ROOT=1,5,7,8,10,11,14
PT2_ROOT=1,5,7,8,10,12,13
PT2_ROOT=1,5,7,8,10,12,14
PT2_ROOT=1,5,7,8,10,13,14
PT2_ROOT=1,5,7,8,11,12,13
PT2_ROOT=1,5,7,8,11,12,14
PT2_ROOT=1,5,7,8,11,13,14
PT2_ROOT=1,5,7,8,12,13,14
PT2_ROOT=1,5,7,9,10,11,12
PT2_ROOT=1,5,7,9,10,11,13
PT2_ROOT=1,5,7,9,10,11,14
PT2_ROOT=1,5,7,9,10,12,13
PT2_ROOT=1,5,7,9,10,12,14
PT2_ROOT=1,5,7,9,10,13,14
PT2_ROOT=1,5,7,9,11,12,13
PT2_ROOT=1,5,7,9,11,12,14
PT2_ROOT=1,5,7,9,11,13,14
PT2_ROOT=1,5,7,9,12,13,14
PT2_ROOT=1,5,7,10,11,12,13
PT2_ROOT=1,5,7,10,11,12,14
PT2_ROOT=1,5,7,10,11,13,14
PT2_ROOT=1,5,7,10,12,13,14
PT2_ROOT=1,5,7,11,12,13,14
PT2_ROOT=1,5,8,9,10,11,12
PT2_ROOT=1,5,8,9,10,11,13
PT2_ROOT=1,5,8,9,10,11,14
PT2_ROOT=1,5,8,9,10,12,13
PT2_ROOT=1,5,8,9,10,12,14
PT2_ROOT=1,5,8,9,10,13,14
PT2_ROOT=1,5,8,9,11,12,13
PT2_ROOT=1,5,8,9,11,12,14
PT2_ROOT=1,5,8,9,11,13,14
PT2_ROOT=1,5,8,9,12,13,14
PT2_ROOT=1,5,8,10,11,12,13
PT2_ROOT=1,5,8,10,11,12,14
PT2_ROOT=1,5,8,10,11,13,14
PT2_ROOT=1,5,8,10,12,13,14
PT2_ROOT=1,5,8,11,12,13,14
PT2_ROOT=1,5,9,10,11,12,13
PT2_ROOT=1,5,9,10,11,12,14
PT2_ROOT=1,5,9,10,11,13,14
PT2_ROOT=1,5,9,10,12,13,14
PT2_ROOT=1,5,9,11,12,13,14
PT2_ROOT=1,5,10,11,12,13,14
PT2_ROOT=1,6,7,8,9,10,11
PT2_ROOT=1,6,7,8,9,10,12
PT2_ROOT=1,6,7,8,9,10,13
PT2_ROOT=1,6,7,8,9,10,14
PT2_ROOT=1,6,7,8,9,11,12
PT2_ROOT=1,6,7,8,9,11,13
PT2_ROOT=1,6,7,8,9,11,14
PT2_ROOT=1,6,7,8,9,12,13
PT2_ROOT=1,6,7,8,9,12,14
PT2_ROOT=1,6,7,8,9,13,14
PT2_ROOT=1,6,7,8,10,11,12
PT2_ROOT=1,6,7,8,10,11,13
PT2_ROOT=1,6,7,8,10,11,14
PT2_ROOT=1,6,7,8,10,12,13
PT2_ROOT=1,6,7,8,10,12,14
PT2_ROOT=1,6,7,8,10,13,14
PT2_ROOT=1,6,7,8,11,12,13
PT2_ROOT=1,6,7,8,11,12,14
PT2_ROOT=1,6,7,8,11,13,14
PT2_ROOT=1,6,7,8,12,13,14
PT2_ROOT=1,6,7,9,10,11,12
PT2_ROOT=1,6,7,9,10,11,13
PT2_ROOT=1,6,7,9,10,11,14
PT2_ROOT=1,6,7,9,10,12,13
PT2_ROOT=1,6,7,9,10,12,14
PT2_ROOT=1,6,7,9,10,13,14
PT2_ROOT=1,6,7,9,11,12,13
PT2_ROOT=1,6,7,9,11,12,14
PT2_ROOT=1,6,7,9,11,13,14
PT2_ROOT=1,6,7,9,12,13,14
PT2_ROOT=1,6,7,10,11,12,13
PT2_ROOT=1,6,7,10,11,12,14
PT2_ROOT=1,6,7,10,11,13,14
PT2_ROOT=1,6,7,10,12,13,14
PT2_ROOT=1,6,7,11,12,13,14
PT2_ROOT=1,6,8,9,10,11,12
PT2_ROOT=1,6,8,9,10,11,13
PT2_ROOT=1,6,8,9,10,11,14
PT2_ROOT=1,6,8,9,10,12,13
PT2_ROOT=1,6,8,9,10,12,14
PT2_ROOT=1,6,8,9,10,13,14
PT2_ROOT=1,6,8,9,11,12,13
PT2_ROOT=1,6,8,9,11,12,14
PT2_ROOT=1,6,8,9,11,13,14
PT2_ROOT=1,6,8,9,12,13,14
PT2_ROOT=1,6,8,10,11,12,13
PT2_ROOT=1,6,8,10,11,12,14
PT2_ROOT=1,6,8,10,11,13,14
PT2_ROOT=1,6,8,10,12,13,14
PT2_ROOT=1,6,8,11,12,13,14
PT2_ROOT=1,6,9,10,11,12,13
PT2_ROOT=1,6,9,10,11,12,14
PT2_ROOT=1,6,9,10,11,13,14
PT2_ROOT=1,6,9,10,12,13,14
PT2_ROOT=1,6,9,11,12,13,14
PT2_ROOT=1,6,10,11,12,13,14
PT2_ROOT=1,7,8,9,10,11,12
PT2_ROOT=1,7,8,9,10,11,13
PT2_ROOT=1,7,8,9,10,11,14
PT2_ROOT=1,7,8,9,10,12,13
PT2_ROOT=1,7,8,9,10,12,14
PT2_ROOT=1,7,8,9,10,13,14
PT2_ROOT=1,7,8,9,11,12,13
PT2_ROOT=1,7,8,9,11,12,14
PT2_ROOT=1,7,8,9,11,13,14
PT2_ROOT=1,7,8,9,12,13,14
PT2_ROOT=1,7,8,10,11,12,13
PT2_ROOT=1,7,8,10,11,12,14
PT2_ROOT=1,7,8,10,11,13,14
PT2_ROOT=1,7,8,10,12,13,14
PT2_ROOT=1,7,8,11,12,13,14
PT2_ROOT=1,7,9,10,11,12,13
PT2_ROOT=1,7,9,10,11,12,14
PT2_ROOT=1,7,9,10,11,13,14
PT2_ROOT=1,7,9,10,12,13,14
PT2_ROOT=1,7,9,11,12,13,14
PT2_ROOT=1,7,10,11,12,13,14
PT2_ROOT=1,8,9,10,11,12,13
PT2_ROOT=1,8,9,10,11,12,14
PT2_ROOT=1,8,9,10,11,13,14
PT2_ROOT=1,8,9,10,12,13,14
PT2_ROOT=1,8,9,11,12,13,14
PT2_ROOT=1,8,10,11,12,13,14
PT2_ROOT=1,9,10,11,12,13,14
PT2_ROOT=2,3,4,5,6,7,8
PT2_ROOT=2,3,4,5,6,7,9
PT2_ROOT=2,3,4,5,6,7,10
PT2_ROOT=2,3,4,5,6,7,11
PT2_ROOT=2,3,4,5,6,7,12
PT2_ROOT=2,3,4,5,6,7,13
PT2_ROOT=2,3,4,5,6,7,14
PT2_ROOT=2,3,4,5,6,8,9
PT2_ROOT=2,3,4,5,6,8,10
PT2_ROOT=2,3,4,5,6,8,11
PT2_ROOT=2,3,4,5,6,8,12
PT2_ROOT=2,3,4,5,6,8,13
PT2_ROOT=2,3,4,5,6,8,14
PT2_ROOT=2,3,4,5,6,9,10
PT2_ROOT=2,3,4,5,6,9,11
PT2_ROOT=2,3,4,5,6,9,12
PT2_ROOT=2,3,4,5,6,9,13
PT2_ROOT=2,3,4,5,6,9,14
PT2_ROOT=2,3,4,5,6,10,11
PT2_ROOT=2,3,4,5,6,10,12
PT2_ROOT=2,3,4,5,6,10,13
PT2_ROOT=2,3,4,5,6,10,14
PT2_ROOT=2,3,4,5,6,11,12
PT2_ROOT=2,3,4,5,6,11,13
PT2_ROOT=2,3,4,5,6,11,14
PT2_ROOT=2,3,4,5,6,12,13
PT2_ROOT=2,3,4,5,6,12,14
PT2_ROOT=2,3,4,5,6,13,14
PT2_ROOT=2,3,4,5,7,8,9
PT2_ROOT=2,3,4,5,7,8,10
PT2_ROOT=2,3,4,5,7,8,11
PT2_ROOT=2,3,4,5,7,8,12
PT2_ROOT=2,3,4,5,7,8,13
PT2_ROOT=2,3,4,5,7,8,14
PT2_ROOT=2,3,4,5,7,9,10
PT2_ROOT=2,3,4,5,7,9,11
PT2_ROOT=2,3,4,5,7,9,12
PT2_ROOT=2,3,4,5,7,9,13
PT2_ROOT=2,3,4,5,7,9,14
PT2_ROOT=2,3,4,5,7,10,11
PT2_ROOT=2,3,4,5,7,10,12
PT2_ROOT=2,3,4,5,7,10,13
PT2_ROOT=2,3,4,5,7,10,14
PT2_ROOT=2,3,4,5,7,11,12
PT2_ROOT=2,3,4,5,7,11,13
PT2_ROOT=2,3,4,5,7,11,14
PT2_ROOT=2,3,4,5,7,12,13
PT2_ROOT=2,3,4,5,7,12,14
PT2_ROOT=2,3,4,5,7,13,14
PT2_ROOT=2,3,4,5,8,9,10
PT2_ROOT=2,3,4,5,8,9,11
PT2_ROOT=2,3,4,5,8,9,12
PT2_ROOT=2,3,4,5,8,9,13
PT2_ROOT=2,3,4,5,8,9,14
PT2_ROOT=2,3,4,5,8,10,11
PT2_ROOT=2,3,4,5,8,10,12
PT2_ROOT=2,3,4,5,8,10,13
PT2_ROOT=2,3,4,5,8,10,14
PT2_ROOT=2,3,4,5,8,11,12
PT2_ROOT=2,3,4,5,8,11,13
PT2_ROOT=2,3,4,5,8,11,14
PT2_ROOT=2,3,4,5,8,12,13
PT2_ROOT=2,3,4,5,8,12,14
PT2_ROOT=2,3,4,5,8,13,14
PT2_ROOT=2,3,4,5,9,10,11
PT2_ROOT=2,3,4,5,9,10,12
PT2_ROOT=2,3,4,5,9,10,13
PT2_ROOT=2,3,4,5,9,10,14
PT2_ROOT=2,3,4,5,9,11,12
PT2_ROOT=2,3,4,5,9,11,13
PT2_ROOT=2,3,4,5,9,11,14
PT2_ROOT=2,3,4,5,9,12,13
PT2_ROOT=2,3,4,5,9,12,14
PT2_ROOT=2,3,4,5,9,13,14
PT2_ROOT=2,3,4,5,10,11,12
PT2_ROOT=2,3,4,5,10,11,13
PT2_ROOT=2,3,4,5,10,11,14
PT2_ROOT=2,3,4,5,10,12,13
PT2_ROOT=2,3,4,5,10,12,14
PT2_ROOT=2,3,4,5,10,13,14
PT2_ROOT=2,3,4,5,11,12,13
PT2_ROOT=2,3,4,5,11,12,14
PT2_ROOT=2,3,4,5,11,13,14
PT2_ROOT=2,3,4,5,12,13,14
PT2_ROOT=2,3,4,6,7,8,9
PT2_ROOT=2,3,4,6,7,8,10
PT2_ROOT=2,3,4,6,7,8,11
PT2_ROOT=2,3,4,6,7,8,12
PT2_ROOT=2,3,4,6,7,8,13
PT2_ROOT=2,3,4,6,7,8,14
PT2_ROOT=2,3,4,6,7,9,10
PT2_ROOT=2,3,4,6,7,9,11
PT2_ROOT=2,3,4,6,7,9,12
PT2_ROOT=2,3,4,6,7,9,13
PT2_ROOT=2,3,4,6,7,9,14
PT2_ROOT=2,3,4,6,7,10,11
PT2_ROOT=2,3,4,6,7,10,12
PT2_ROOT=2,3,4,6,7,10,13
PT2_ROOT=2,3,4,6,7,10,14
PT2_ROOT=2,3,4,6,7,11,12
PT2_ROOT=2,3,4,6,7,11,13
PT2_ROOT=2,3,4,6,7,11,14
PT2_ROOT=2,3,4,6,7,12,13
PT2_ROOT=2,3,4,6,7,12,14
PT2_ROOT=2,3,4,6,7,13,14
PT2_ROOT=2,3,4,6,8,9,10
PT2_ROOT=2,3,4,6,8,9,11
PT2_ROOT=2,3,4,6,8,9,12
PT2_ROOT=2,3,4,6,8,9,13
PT2_ROOT=2,3,4,6,8,9,14
PT2_ROOT=2,3,4,6,8,10,11
PT2_ROOT=2,3,4,6,8,10,12
PT2_ROOT=2,3,4,6,8,10,13
PT2_ROOT=2,3,4,6,8,10,14
PT2_ROOT=2,3,4,6,8,11,12
PT2_ROOT=2,3,4,6,8,11,13
PT2_ROOT=2,3,4,6,8,11,14
PT2_ROOT=2,3,4,6,8,12,13
PT2_ROOT=2,3,4,6,8,12,14
PT2_ROOT=2,3,4,6,8,13,14
PT2_ROOT=2,3,4,6,9,10,11
PT2_ROOT=2,3,4,6,9,10,12
PT2_ROOT=2,3,4,6,9,10,13
PT2_ROOT=2,3,4,6,9,10,14
PT2_ROOT=2,3,4,6,9,11,12
PT2_ROOT=2,3,4,6,9,11,13
PT2_ROOT=2,3,4,6,9,11,14
PT2_ROOT=2,3,4,6,9,12,13
PT2_ROOT=2,3,4,6,9,12,14
PT2_ROOT=2,3,4,6,9,13,14
PT2_ROOT=2,3,4,6,10,11,12
PT2_ROOT=2,3,4,6,10,11,13
PT2_ROOT=2,3,4,6,10,11,14
PT2_ROOT=2,3,4,6,10,12,13
PT2_ROOT=2,3,4,6,10,12,14
PT2_ROOT=2,3,4,6,10,13,14
PT2_ROOT=2,3,4,6,11,12,13
PT2_ROOT=2,3,4,6,11,12,14
PT2_ROOT=2,3,4,6,11,13,14
PT2_ROOT=2,3,4,6,12,13,14
PT2_ROOT=2,3,4,7,8,9,10
PT2_ROOT=2,3,4,7,8,9,11
PT2_ROOT=2,3,4,7,8,9,12
PT2_ROOT=2,3,4,7,8,9,13
PT2_ROOT=2,3,4,7,8,9,14
PT2_ROOT=2,3,4,7,8,10,11
PT2_ROOT=2,3,4,7,8,10,12
PT2_ROOT=2,3,4,7,8,10,13
PT2_ROOT=2,3,4,7,8,10,14
PT2_ROOT=2,3,4,7,8,11,12
PT2_ROOT=2,3,4,7,8,11,13
PT2_ROOT=2,3,4,7,8,11,14
PT2_ROOT=2,3,4,7,8,12,13
PT2_ROOT=2,3,4,7,8,12,14
PT2_ROOT=2,3,4,7,8,13,14
PT2_ROOT=2,3,4,7,9,10,11
PT2_ROOT=2,3,4,7,9,10,12
PT2_ROOT=2,3,4,7,9,10,13
PT2_ROOT=2,3,4,7,9,10,14
PT2_ROOT=2,3,4,7,9,11,12
PT2_ROOT=2,3,4,7,9,11,13
PT2_ROOT=2,3,4,7,9,11,14
PT2_ROOT=2,3,4,7,9,12,13
PT2_ROOT=2,3,4,7,9,12,14
PT2_ROOT=2,3,4,7,9,13,14
PT2_ROOT=2,3,4,7,10,11,12
PT2_ROOT=2,3,4,7,10,11,13
PT2_ROOT=2,3,4,7,10,11,14
PT2_ROOT=2,3,4,7,10,12,13
PT2_ROOT=2,3,4,7,10,12,14
PT2_ROOT=2,3,4,7,10,13,14
PT2_ROOT=2,3,4,7,11,12,13
PT2_ROOT=2,3,4,7,11,12,14
PT2_ROOT=2,3,4,7,11,13,14
PT2_ROOT=2,3,4,7,12,13,14
PT2_ROOT=2,3,4,8,9,10,11
PT2_ROOT=2,3,4,8,9,10,12
PT2_ROOT=2,3,4,8,9,10,13
PT2_ROOT=2,3,4,8,9,10,14
PT2_ROOT=2,3,4,8,9,11,12
PT2_ROOT=2,3,4,8,9,11,13
PT2_ROOT=2,3,4,8,9,11,14
PT2_ROOT=2,3,4,8,9,12,13
PT2_ROOT=2,3,4,8,9,12,14
PT2_ROOT=2,3,4,8,9,13,14
PT2_ROOT=2,3,4,8,10,11,12
PT2_ROOT=2,3,4,8,10,11,13
PT2_ROOT=2,3,4,8,10,11,14
PT2_ROOT=2,3,4,8,10,12,13
PT2_ROOT=2,3,4,8,10,12,14
PT2_ROOT=2,3,4,8,10,13,14
PT2_ROOT=2,3,4,8,11,12,13
PT2_ROOT=2,3,4,8,11,12,14
PT2_ROOT=2,3,4,8,11,13,14
PT2_ROOT=2,3,4,8,12,13,14
PT2_ROOT=2,3,4,9,10,11,12
PT2_ROOT=2,3,4,9,10,11,13
PT2_ROOT=2,3,4,9,10,11,14
PT2_ROOT=2,3,4,9,10,12,13
PT2_ROOT=2,3,4,9,10,12,14
PT2_ROOT=2,3,4,9,10,13,14
PT2_ROOT=2,3,4,9,11,12,13
PT2_ROOT=2,3,4,9,11,12,14
PT2_ROOT=2,3,4,9,11,13,14
PT2_ROOT=2,3,4,9,12,13,14
PT2_ROOT=2,3,4,10,11,12,13
PT2_ROOT=2,3,4,10,11,12,14
PT2_ROOT=2,3,4,10,11,13,14
PT2_ROOT=2,3,4,10,12,13,14
PT2_ROOT=2,3,4,11,12,13,14
PT2_ROOT=2,3,5,6,7,8,9
PT2_ROOT=2,3,5,6,7,8,10
PT2_ROOT=2,3,5,6,7,8,11
PT2_ROOT=2,3,5,6,7,8,12
PT2_ROOT=2,3,5,6,7,8,13
PT2_ROOT=2,3,5,6,7,8,14
PT2_ROOT=2,3,5,6,7,9,10
PT2_ROOT=2,3,5,6,7,9,11
PT2_ROOT=2,3,5,6,7,9,12
PT2_ROOT=2,3,5,6,7,9,13
PT2_ROOT=2,3,5,6,7,9,14
PT2_ROOT=2,3,5,6,7,10,11
PT2_ROOT=2,3,5,6,7,10,12
PT2_ROOT=2,3,5,6,7,10,13
PT2_ROOT=2,3,5,6,7,10,14
PT2_ROOT=2,3,5,6,7,11,12
PT2_ROOT=2,3,5,6,7,11,13
PT2_ROOT=2,3,5,6,7,11,14
PT2_ROOT=2,3,5,6,7,12,13
PT2_ROOT=2,3,5,6,7,12,14
PT2_ROOT=2,3,5,6,7,13,14
PT2_ROOT=2,3,5,6,8,9,10
PT2_ROOT=2,3,5,6,8,9,11
PT2_ROOT=2,3,5,6,8,9,12
PT2_ROOT=2,3,5,6,8,9,13
PT2_ROOT=2,3,5,6,8,9,14
PT2_ROOT=2,3,5,6,8,10,11
PT2_ROOT=2,3,5,6,8,10,12
PT2_ROOT=2,3,5,6,8,10,13
PT2_ROOT=2,3,5,6,8,10,14
PT2_ROOT=2,3,5,6,8,11,12
PT2_ROOT=2,3,5,6,8,11,13
PT2_ROOT=2,3,5,6,8,11,14
PT2_ROOT=2,3,5,6,8,12,13
PT2_ROOT=2,3,5,6,8,12,14
PT2_ROOT=2,3,5,6,8,13,14
PT2_ROOT=2,3,5,6,9,10,11
PT2_ROOT=2,3,5,6,9,10,12
PT2_ROOT=2,3,5,6,9,10,13
PT2_ROOT=2,3,5,6,9,10,14
PT2_ROOT=2,3,5,6,9,11,12
PT2_ROOT=2,3,5,6,9,11,13
PT2_ROOT=2,3,5,6,9,11,14
PT2_ROOT=2,3,5,6,9,12,13
PT2_ROOT=2,3,5,6,9,12,14
PT2_ROOT=2,3,5,6,9,13,14
PT2_ROOT=2,3,5,6,10,11,12
PT2_ROOT=2,3,5,6,10,11,13
PT2_ROOT=2,3,5,6,10,11,14
PT2_ROOT=2,3,5,6,10,12,13
PT2_ROOT=2,3,5,6,10,12,14
PT2_ROOT=2,3,5,6,10,13,14
PT2_ROOT=2,3,5,6,11,12,13
PT2_ROOT=2,3,5,6,11,12,14
PT2_ROOT=2,3,5,6,11,13,14
PT2_ROOT=2,3,5,6,12,13,14
PT2_ROOT=2,3,5,7,8,9,10
PT2_ROOT=2,3,5,7,8,9,11
PT2_ROOT=2,3,5,7,8,9,12
PT2_ROOT=2,3,5,7,8,9,13
PT2_ROOT=2,3,5,7,8,9,14
PT2_ROOT=2,3,5,7,8,10,11
PT2_ROOT=2,3,5,7,8,10,12
PT2_ROOT=2,3,5,7,8,10,13
PT2_ROOT=2,3,5,7,8,10,14
PT2_ROOT=2,3,5,7,8,11,12
PT2_ROOT=2,3,5,7,8,11,13
PT2_ROOT=2,3,5,7,8,11,14
PT2_ROOT=2,3,5,7,8,12,13
PT2_ROOT=2,3,5,7,8,12,14
PT2_ROOT=2,3,5,7,8,13,14
PT2_ROOT=2,3,5,7,9,10,11
PT2_ROOT=2,3,5,7,9,10,12
PT2_ROOT=2,3,5,7,9,10,13
PT2_ROOT=2,3,5,7,9,10,14
PT2_ROOT=2,3,5,7,9,11,12
PT2_ROOT=2,3,5,7,9,11,13
PT2_ROOT=2,3,5,7,9,11,14
PT2_ROOT=2,3,5,7,9,12,13
PT2_ROOT=2,3,5,7,9,12,14
PT2_ROOT=2,3,5,7,9,13,14
PT2_ROOT=2,3,5,7,10,11,12
PT2_ROOT=2,3,5,7,10,11,13
PT2_ROOT=2,3,5,7,10,11,14
PT2_ROOT=2,3,5,7,10,12,13
PT2_ROOT=2,3,5,7,10,12,14
PT2_ROOT=2,3,5,7,10,13,14
PT2_ROOT=2,3,5,7,11,12,13
PT2_ROOT=2,3,5,7,11,12,14
PT2_ROOT=2,3,5,7,11,13,14
PT2_ROOT=2,3,5,7,12,13,14
PT2_ROOT=2,3,5,8,9,10,11
PT2_ROOT=2,3,5,8,9,10,12
PT2_ROOT=2,3,5,8,9,10,13
PT2_ROOT=2,3,5,8,9,10,14
PT2_ROOT=2,3,5,8,9,11,12
PT2_ROOT=2,3,5,8,9,11,13
PT2_ROOT=2,3,5,8,9,11,14
PT2_ROOT=2,3,5,8,9,12,13
PT2_ROOT=2,3,5,8,9,12,14
PT2_ROOT=2,3,5,8,9,13,14
PT2_ROOT=2,3,5,8,10,11,12
PT2_ROOT=2,3,5,8,10,11,13
PT2_ROOT=2,3,5,8,10,11,14
PT2_ROOT=2,3,5,8,10,12,13
PT2_ROOT=2,3,5,8,10,12,14
PT2_ROOT=2,3,5,8,10,13,14
PT2_ROOT=2,3,5,8,11,12,13
PT2_ROOT=2,3,5,8,11,12,14
PT2_ROOT=2,3,5,8,11,13,14
PT2_ROOT=2,3,5,8,12,13,14
PT2_ROOT=2,3,5,9,10,11,12
PT2_ROOT=2,3,5,9,10,11,13
PT2_ROOT=2,3,5,9,10,11,14
PT2_ROOT=2,3,5,9,10,12,13
PT2_ROOT=2,3,5,9,10,12,14
PT2_ROOT=2,3,5,9,10,13,14
PT2_ROOT=2,3,5,9,11,12,13
PT2_ROOT=2,3,5,9,11,12,14
PT2_ROOT=2,3,5,9,11,13,14
PT2_ROOT=2,3,5,9,12,13,14
PT2_ROOT=2,3,5,10,11,12,13
PT2_ROOT=2,3,5,10,11,12,14
PT2_ROOT=2,3,5,10,11,13,14
PT2_ROOT=2,3,5,10,12,13,14
PT2_ROOT=2,3,5,11,12,13,14
PT2_ROOT=2,3,6,7,8,9,10
PT2_ROOT=2,3,6,7,8,9,11
PT2_ROOT=2,3,6,7,8,9,12
PT2_ROOT=2,3,6,7,8,9,13
PT2_ROOT=2,3,6,7,8,9,14
PT2_ROOT=2,3,6,7,8,10,11
PT2_ROOT=2,3,6,7,8,10,12
PT2_ROOT=2,3,6,7,8,10,13
PT2_ROOT=2,3,6,7,8,10,14
PT2_ROOT=2,3,6,7,8,11,12
PT2_ROOT=2,3,6,7,8,11,13
PT2_ROOT=2,3,6,7,8,11,14
PT2_ROOT=2,3,6,7,8,12,13
PT2_ROOT=2,3,6,7,8,12,14
PT2_ROOT=2,3,6,7,8,13,14
PT2_ROOT=2,3,6,7,9,10,11
PT2_ROOT=2,3,6,7,9,10,12
PT2_ROOT=2,3,6,7,9,10,13
PT2_ROOT=2,3,6,7,9,10,14
PT2_ROOT=2,3,6,7,9,11,12
PT2_ROOT=2,3,6,7,9,11,13
PT2_ROOT=2,3,6,7,9,11,14
PT2_ROOT=2,3,6,7,9,12,13
PT2_ROOT=2,3,6,7,9,12,14
PT2_ROOT=2,3,6,7,9,13,14
PT2_ROOT=2,3,6,7,10,11,12
PT2_ROOT=2,3,6,7,10,11,13
PT2_ROOT=2,3,6,7,10,11,14
PT2_ROOT=2,3,6,7,10,12,13
PT2_ROOT=2,3,6,7,10,12,14
PT2_ROOT=2,3,6,7,10,13,14
PT2_ROOT=2,3,6,7,11,12,13
PT2_ROOT=2,3,6,7,11,12,14
PT2_ROOT=2,3,6,7,11,13,14
PT2_ROOT=2,3,6,7,12,13,14
PT2_ROOT=2,3,6,8,9,10,11
PT2_ROOT=2,3,6,8,9,10,12
PT2_ROOT=2,3,6,8,9,10,13
PT2_ROOT=2,3,6,8,9,10,14
PT2_ROOT=2,3,6,8,9,11,12
PT2_ROOT=2,3,6,8,9,11,13
PT2_ROOT=2,3,6,8,9,11,14
PT2_ROOT=2,3,6,8,9,12,13
PT2_ROOT=2,3,6,8,9,12,14
PT2_ROOT=2,3,6,8,9,13,14
PT2_ROOT=2,3,6,8,10,11,12
PT2_ROOT=2,3,6,8,10,11,13
PT2_ROOT=2,3,6,8,10,11,14
PT2_ROOT=2,3,6,8,10,12,13
PT2_ROOT=2,3,6,8,10,12,14
PT2_ROOT=2,3,6,8,10,13,14
PT2_ROOT=2,3,6,8,11,12,13
PT2_ROOT=2,3,6,8,11,12,14
PT2_ROOT=2,3,6,8,11,13,14
PT2_ROOT=2,3,6,8,12,13,14
PT2_ROOT=2,3,6,9,10,11,12
PT2_ROOT=2,3,6,9,10,11,13
PT2_ROOT=2,3,6,9,10,11,14
PT2_ROOT=2,3,6,9,10,12,13
PT2_ROOT=2,3,6,9,10,12,14
PT2_ROOT=2,3,6,9,10,13,14
PT2_ROOT=2,3,6,9,11,12,13
PT2_ROOT=2,3,6,9,11,12,14
PT2_ROOT=2,3,6,9,11,13,14
PT2_ROOT=2,3,6,9,12,13,14
PT2_ROOT=2,3,6,10,11,12,13
PT2_ROOT=2,3,6,10,11,12,14
PT2_ROOT=2,3,6,10,11,13,14
PT2_ROOT=2,3,6,10,12,13,14
PT2_ROOT=2,3,6,11,12,13,14
PT2_ROOT=2,3,7,8,9,10,11
PT2_ROOT=2,3,7,8,9,10,12
PT2_ROOT=2,3,7,8,9,10,13
PT2_ROOT=2,3,7,8,9,10,14
PT2_ROOT=2,3,7,8,9,11,12
PT2_ROOT=2,3,7,8,9,11,13
PT2_ROOT=2,3,7,8,9,11,14
PT2_ROOT=2,3,7,8,9,12,13
PT2_ROOT=2,3,7,8,9,12,14
PT2_ROOT=2,3,7,8,9,13,14
PT2_ROOT=2,3,7,8,10,11,12
PT2_ROOT=2,3,7,8,10,11,13
PT2_ROOT=2,3,7,8,10,11,14
PT2_ROOT=2,3,7,8,10,12,13
PT2_ROOT=2,3,7,8,10,12,14
PT2_ROOT=2,3,7,8,10,13,14
PT2_ROOT=2,3,7,8,11,12,13
PT2_ROOT=2,3,7,8,11,12,14
PT2_ROOT=2,3,7,8,11,13,14
PT2_ROOT=2,3,7,8,12,13,14
PT2_ROOT=2,3,7,9,10,11,12
PT2_ROOT=2,3,7,9,10,11,13
PT2_ROOT=2,3,7,9,10,11,14
PT2_ROOT=2,3,7,9,10,12,13
PT2_ROOT=2,3,7,9,10,12,14
PT2_ROOT=2,3,7,9,10,13,14
PT2_ROOT=2,3,7,9,11,12,13
PT2_ROOT=2,3,7,9,11,12,14
PT2_ROOT=2,3,7,9,11,13,14
PT2_ROOT=2,3,7,9,12,13,14
PT2_ROOT=2,3,7,10,11,12,13
PT2_ROOT=2,3,7,10,11,12,14
PT2_ROOT=2,3,7,10,11,13,14
PT2_ROOT=2,3,7,10,12,13,14
PT2_ROOT=2,3,7,11,12,13,14
PT2_ROOT=2,3,8,9,10,11,12
PT2_ROOT=2,3,8,9,10,11,13
PT2_ROOT=2,3,8,9,10,11,14
PT2_ROOT=2,3,8,9,10,12,13
PT2_ROOT=2,3,8,9,10,12,14
PT2_ROOT=2,3,8,9,10,13,14
PT2_ROOT=2,3,8,9,11,12,13
PT2_ROOT=2,3,8,9,11,12,14
PT2_ROOT=2,3,8,9,11,13,14
PT2_ROOT=2,3,8,9,12,13,14
PT2_ROOT=2,3,8,10,11,12,13
PT2_ROOT=2,3,8,10,11,12,14
PT2_ROOT=2,3,8,10,11,13,14
PT2_ROOT=2,3,8,10,12,13,14
PT2_ROOT=2,3,8,11,12,13,14
PT2_ROOT=2,3,9,10,11,12,13
PT2_ROOT=2,3,9,10,11,12,14
PT2_ROOT=2,3,9,10,11,13,14
PT2_ROOT=2,3,9,10,12,13,14
PT2_ROOT=2,3,9,11,12,13,14
PT2_ROOT=2,3,10,11,12,13,14
PT2_ROOT=2,4,5,6,7,8,9
PT2_ROOT=2,4,5,6,7,8,10
PT2_ROOT=2,4,5,6,7,8,11
PT2_ROOT=2,4,5,6,7,8,12
PT2_ROOT=2,4,5,6,7,8,13
PT2_ROOT=2,4,5,6,7,8,14
PT2_ROOT=2,4,5,6,7,9,10
PT2_ROOT=2,4,5,6,7,9,11
PT2_ROOT=2,4,5,6,7,9,12
PT2_ROOT=2,4,5,6,7,9,13
PT2_ROOT=2,4,5,6,7,9,14
PT2_ROOT=2,4,5,6,7,10,11
PT2_ROOT=2,4,5,6,7,10,12
PT2_ROOT=2,4,5,6,7,10,13
PT2_ROOT=2,4,5,6,7,10,14
PT2_ROOT=2,4,5,6,7,11,12
PT2_ROOT=2,4,5,6,7,11,13
PT2_ROOT=2,4,5,6,7,11,14
PT2_ROOT=2,4,5,6,7,12,13
PT2_ROOT=2,4,5,6,7,12,14
PT2_ROOT=2,4,5,6,7,13,14
PT2_ROOT=2,4,5,6,8,9,10
PT2_ROOT=2,4,5,6,8,9,11
PT2_ROOT=2,4,5,6,8,9,12
PT2_ROOT=2,4,5,6,8,9,13
PT2_ROOT=2,4,5,6,8,9,14
PT2_ROOT=2,4,5,6,8,10,11
PT2_ROOT=2,4,5,6,8,10,12
PT2_ROOT=2,4,5,6,8,10,13
PT2_ROOT=2,4,5,6,8,10,14
PT2_ROOT=2,4,5,6,8,11,12
PT2_ROOT=2,4,5,6,8,11,13
PT2_ROOT=2,4,5,6,8,11,14
PT2_ROOT=2,4,5,6,8,12,13
PT2_ROOT=2,4,5,6,8,12,14
PT2_ROOT=2,4,5,6,8,13,14
PT2_ROOT=2,4,5,6,9,10,11
PT2_ROOT=2,4,5,6,9,10,12
PT2_ROOT=2,4,5,6,9,10,13
PT2_ROOT=2,4,5,6,9,10,14
PT2_ROOT=2,4,5,6,9,11,12
PT2_ROOT=2,4,5,6,9,11,13
PT2_ROOT=2,4,5,6,9,11,14
PT2_ROOT=2,4,5,6,9,12,13
PT2_ROOT=2,4,5,6,9,12,14
PT2_ROOT=2,4,5,6,9,13,14
PT2_ROOT=2,4,5,6,10,11,12
PT2_ROOT=2,4,5,6,10,11,13
PT2_ROOT=2,4,5,6,10,11,14
PT2_ROOT=2,4,5,6,10,12,13
PT2_ROOT=2,4,5,6,10,12,14
PT2_ROOT=2,4,5,6,10,13,14
PT2_ROOT=2,4,5,6,11,12,13
PT2_ROOT=2,4,5,6,11,12,14
PT2_ROOT=2,4,5,6,11,13,14
PT2_ROOT=2,4,5,6,12,13,14
PT2_ROOT=2,4,5,7,8,9,10
PT2_ROOT=2,4,5,7,8,9,11
PT2_ROOT=2,4,5,7,8,9,12
PT2_ROOT=2,4,5,7,8,9,13
PT2_ROOT=2,4,5,7,8,9,14
PT2_ROOT=2,4,5,7,8,10,11
PT2_ROOT=2,4,5,7,8,10,12
PT2_ROOT=2,4,5,7,8,10,13
PT2_ROOT=2,4,5,7,8,10,14
PT2_ROOT=2,4,5,7,8,11,12
PT2_ROOT=2,4,5,7,8,11,13
PT2_ROOT=2,4,5,7,8,11,14
PT2_ROOT=2,4,5,7,8,12,13
PT2_ROOT=2,4,5,7,8,12,14
PT2_ROOT=2,4,5,7,8,13,14
PT2_ROOT=2,4,5,7,9,10,11
PT2_ROOT=2,4,5,7,9,10,12
PT2_ROOT=2,4,5,7,9,10,13
PT2_ROOT=2,4,5,7,9,10,14
PT2_ROOT=2,4,5,7,9,11,12
PT2_ROOT=2,4,5,7,9,11,13
PT2_ROOT=2,4,5,7,9,11,14
PT2_ROOT=2,4,5,7,9,12,13
PT2_ROOT=2,4,5,7,9,12,14
PT2_ROOT=2,4,5,7,9,13,14
PT2_ROOT=2,4,5,7,10,11,12
PT2_ROOT=2,4,5,7,10,11,13
PT2_ROOT=2,4,5,7,10,11,14
PT2_ROOT=2,4,5,7,10,12,13
PT2_ROOT=2,4,5,7,10,12,14
PT2_ROOT=2,4,5,7,10,13,14
PT2_ROOT=2,4,5,7,11,12,13
PT2_ROOT=2,4,5,7,11,12,14
PT2_ROOT=2,4,5,7,11,13,14
PT2_ROOT=2,4,5,7,12,13,14
PT2_ROOT=2,4,5,8,9,10,11
PT2_ROOT=2,4,5,8,9,10,12
PT2_ROOT=2,4,5,8,9,10,13
PT2_ROOT=2,4,5,8,9,10,14
PT2_ROOT=2,4,5,8,9,11,12
PT2_ROOT=2,4,5,8,9,11,13
PT2_ROOT=2,4,5,8,9,11,14
PT2_ROOT=2,4,5,8,9,12,13
PT2_ROOT=2,4,5,8,9,12,14
PT2_ROOT=2,4,5,8,9,13,14
PT2_ROOT=2,4,5,8,10,11,12
PT2_ROOT=2,4,5,8,10,11,13
PT2_ROOT=2,4,5,8,10,11,14
PT2_ROOT=2,4,5,8,10,12,13
PT2_ROOT=2,4,5,8,10,12,14
PT2_ROOT=2,4,5,8,10,13,14
PT2_ROOT=2,4,5,8,11,12,13
PT2_ROOT=2,4,5,8,11,12,14
PT2_ROOT=2,4,5,8,11,13,14
PT2_ROOT=2,4,5,8,12,13,14
PT2_ROOT=2,4,5,9,10,11,12
PT2_ROOT=2,4,5,9,10,11,13
PT2_ROOT=2,4,5,9,10,11,14
PT2_ROOT=2,4,5,9,10,12,13
PT2_ROOT=2,4,5,9,10,12,14
PT2_ROOT=2,4,5,9,10,13,14
PT2_ROOT=2,4,5,9,11,12,13
PT2_ROOT=2,4,5,9,11,12,14
PT2_ROOT=2,4,5,9,11,13,14
PT2_ROOT=2,4,5,9,12,13,14
PT2_ROOT=2,4,5,10,11,12,13
PT2_ROOT=2,4,5,10,11,12,14
PT2_ROOT=2,4,5,10,11,13,14
PT2_ROOT=2,4,5,10,12,13,14
PT2_ROOT=2,4,5,11,12,13,14
PT2_ROOT=2,4,6,7,8,9,10
PT2_ROOT=2,4,6,7,8,9,11
PT2_ROOT=2,4,6,7,8,9,12
PT2_ROOT=2,4,6,7,8,9,13
PT2_ROOT=2,4,6,7,8,9,14
PT2_ROOT=2,4,6,7,8,10,11
PT2_ROOT=2,4,6,7,8,10,12
PT2_ROOT=2,4,6,7,8,10,13
PT2_ROOT=2,4,6,7,8,10,14
PT2_ROOT=2,4,6,7,8,11,12
PT2_ROOT=2,4,6,7,8,11,13
PT2_ROOT=2,4,6,7,8,11,14
PT2_ROOT=2,4,6,7,8,12,13
PT2_ROOT=2,4,6,7,8,12,14
PT2_ROOT=2,4,6,7,8,13,14
PT2_ROOT=2,4,6,7,9,10,11
PT2_ROOT=2,4,6,7,9,10,12
PT2_ROOT=2,4,6,7,9,10,13
PT2_ROOT=2,4,6,7,9,10,14
PT2_ROOT=2,4,6,7,9,11,12
PT2_ROOT=2,4,6,7,9,11,13
PT2_ROOT=2,4,6,7,9,11,14
PT2_ROOT=2,4,6,7,9,12,13
PT2_ROOT=2,4,6,7,9,12,14
PT2_ROOT=2,4,6,7,9,13,14
PT2_ROOT=2,4,6,7,10,11,12
PT2_ROOT=2,4,6,7,10,11,13
PT2_ROOT=2,4,6,7,10,11,14
PT2_ROOT=2,4,6,7,10,12,13
PT2_ROOT=2,4,6,7,10,12,14
PT2_ROOT=2,4,6,7,10,13,14
PT2_ROOT=2,4,6,7,11,12,13
PT2_ROOT=2,4,6,7,11,12,14
PT2_ROOT=2,4,6,7,11,13,14
PT2_ROOT=2,4,6,7,12,13,14
PT2_ROOT=2,4,6,8,9,10,11
PT2_ROOT=2,4,6,8,9,10,12
PT2_ROOT=2,4,6,8,9,10,13
PT2_ROOT=2,4,6,8,9,10,14
PT2_ROOT=2,4,6,8,9,11,12
PT2_ROOT=2,4,6,8,9,11,13
PT2_ROOT=2,4,6,8,9,11,14
PT2_ROOT=2,4,6,8,9,12,13
PT2_ROOT=2,4,6,8,9,12,14
PT2_ROOT=2,4,6,8,9,13,14
PT2_ROOT=2,4,6,8,10,11,12
PT2_ROOT=2,4,6,8,10,11,13
PT2_ROOT=2,4,6,8,10,11,14
PT2_ROOT=2,4,6,8,10,12,13
PT2_ROOT=2,4,6,8,10,13,14
PT2_ROOT=2,4,6,8,11,12,13
PT2_ROOT=2,4,6,8,11,12,14
PT2_ROOT=2,4,6,8,11,13,14
PT2_ROOT=2,4,6,8,12,13,14
PT2_ROOT=2,4,6,9,10,11,12
PT2_ROOT=2,4,6,9,10,11,13
PT2_ROOT=2,4,6,9,10,11,14
PT2_ROOT=2,4,6,9,10,12,13
PT2_ROOT=2,4,6,9,10,12,14
PT2_ROOT=2,4,6,9,10,13,14
PT2_ROOT=2,4,6,9,11,12,13
PT2_ROOT=2,4,6,9,11,12,14
PT2_ROOT=2,4,6,9,11,13,14
PT2_ROOT=2,4,6,9,12,13,14
PT2_ROOT=2,4,6,10,11,12,13
PT2_ROOT=2,4,6,10,11,12,14
PT2_ROOT=2,4,6,10,11,13,14
PT2_ROOT=2,4,6,10,12,13,14
PT2_ROOT=2,4,6,11,12,13,14
PT2_ROOT=2,4,7,8,9,10,11
PT2_ROOT=2,4,7,8,9,10,12
PT2_ROOT=2,4,7,8,9,10,13
PT2_ROOT=2,4,7,8,9,10,14
PT2_ROOT=2,4,7,8,9,11,12
PT2_ROOT=2,4,7,8,9,11,13
PT2_ROOT=2,4,7,8,9,11,14
PT2_ROOT=2,4,7,8,9,12,13
PT2_ROOT=2,4,7,8,9,12,14
PT2_ROOT=2,4,7,8,9,13,14
PT2_ROOT=2,4,7,8,10,11,12
PT2_ROOT=2,4,7,8,10,11,13
PT2_ROOT=2,4,7,8,10,11,14
PT2_ROOT=2,4,7,8,10,12,13
PT2_ROOT=2,4,7,8,10,12,14
PT2_ROOT=2,4,7,8,10,13,14
PT2_ROOT=2,4,7,8,11,12,13
PT2_ROOT=2,4,7,8,11,12,14
PT2_ROOT=2,4,7,8,11,13,14
PT2_ROOT=2,4,7,8,12,13,14
PT2_ROOT=2,4,7,9,10,11,12
PT2_ROOT=2,4,7,9,10,11,13
PT2_ROOT=2,4,7,9,10,11,14
PT2_ROOT=2,4,7,9,10,12,13
PT2_ROOT=2,4,7,9,10,12,14
PT2_ROOT=2,4,7,9,10,13,14
PT2_ROOT=2,4,7,9,11,12,13
PT2_ROOT=2,4,7,9,11,12,14
PT2_ROOT=2,4,7,9,11,13,14
PT2_ROOT=2,4,7,9,12,13,14
PT2_ROOT=2,4,7,10,11,12,13
PT2_ROOT=2,4,7,10,11,12,14
PT2_ROOT=2,4,7,10,11,13,14
PT2_ROOT=2,4,7,10,12,13,14
PT2_ROOT=2,4,7,11,12,13,14
PT2_ROOT=2,4,8,9,10,11,12
PT2_ROOT=2,4,8,9,10,11,13
PT2_ROOT=2,4,8,9,10,11,14
PT2_ROOT=2,4,8,9,10,12,13
PT2_ROOT=2,4,8,9,10,12,14
PT2_ROOT=2,4,8,9,10,13,14
PT2_ROOT=2,4,8,9,11,12,13
PT2_ROOT=2,4,8,9,11,12,14
PT2_ROOT=2,4,8,9,11,13,14
PT2_ROOT=2,4,8,9,12,13,14
PT2_ROOT=2,4,8,10,11,12,13
PT2_ROOT=2,4,8,10,11,12,14
PT2_ROOT=2,4,8,10,11,13,14
PT2_ROOT=2,4,8,10,12,13,14
PT2_ROOT=2,4,8,11,12,13,14
PT2_ROOT=2,4,9,10,11,12,13
PT2_ROOT=2,4,9,10,11,12,14
PT2_ROOT=2,4,9,10,11,13,14
PT2_ROOT=2,4,9,10,12,13,14
PT2_ROOT=2,4,9,11,12,13,14
PT2_ROOT=2,4,10,11,12,13,14
PT2_ROOT=2,5,6,7,8,9,10
PT2_ROOT=2,5,6,7,8,9,11
PT2_ROOT=2,5,6,7,8,9,12
PT2_ROOT=2,5,6,7,8,9,13
PT2_ROOT=2,5,6,7,8,9,14
PT2_ROOT=2,5,6,7,8,10,11
PT2_ROOT=2,5,6,7,8,10,12
PT2_ROOT=2,5,6,7,8,10,13
PT2_ROOT=2,5,6,7,8,10,14
PT2_ROOT=2,5,6,7,8,11,12
PT2_ROOT=2,5,6,7,8,11,13
PT2_ROOT=2,5,6,7,8,11,14
PT2_ROOT=2,5,6,7,8,12,13
PT2_ROOT=2,5,6,7,8,12,14
PT2_ROOT=2,5,6,7,8,13,14
PT2_ROOT=2,5,6,7,9,10,11
PT2_ROOT=2,5,6,7,9,10,12
PT2_ROOT=2,5,6,7,9,10,13
PT2_ROOT=2,5,6,7,9,10,14
PT2_ROOT=2,5,6,7,9,11,12
PT2_ROOT=2,5,6,7,9,11,13
PT2_ROOT=2,5,6,7,9,11,14
PT2_ROOT=2,5,6,7,9,12,13
PT2_ROOT=2,5,6,7,9,12,14
PT2_ROOT=2,5,6,7,9,13,14
PT2_ROOT=2,5,6,7,10,11,12
PT2_ROOT=2,5,6,7,10,11,13
PT2_ROOT=2,5,6,7,10,11,14
PT2_ROOT=2,5,6,7,10,12,13
PT2_ROOT=2,5,6,7,10,12,14
PT2_ROOT=2,5,6,7,10,13,14
PT2_ROOT=2,5,6,7,11,12,13
PT2_ROOT=2,5,6,7,11,12,14
PT2_ROOT=2,5,6,7,11,13,14
PT2_ROOT=2,5,6,7,12,13,14
PT2_ROOT=2,5,6,8,9,10,11
PT2_ROOT=2,5,6,8,9,10,12
PT2_ROOT=2,5,6,8,9,10,13
PT2_ROOT=2,5,6,8,9,10,14
PT2_ROOT=2,5,6,8,9,11,12
PT2_ROOT=2,5,6,8,9,11,13
PT2_ROOT=2,5,6,8,9,11,14
PT2_ROOT=2,5,6,8,9,12,13
PT2_ROOT=2,5,6,8,9,12,14
PT2_ROOT=2,5,6,8,9,13,14
PT2_ROOT=2,5,6,8,10,11,12
PT2_ROOT=2,5,6,8,10,11,13
PT2_ROOT=2,5,6,8,10,11,14
PT2_ROOT=2,5,6,8,10,12,13
PT2_ROOT=2,5,6,8,10,12,14
PT2_ROOT=2,5,6,8,10,13,14
PT2_ROOT=2,5,6,8,11,12,13
PT2_ROOT=2,5,6,8,11,12,14
PT2_ROOT=2,5,6,8,11,13,14
PT2_ROOT=2,5,6,8,12,13,14
PT2_ROOT=2,5,6,9,10,11,12
PT2_ROOT=2,5,6,9,10,11,13
PT2_ROOT=2,5,6,9,10,11,14
PT2_ROOT=2,5,6,9,10,12,13
PT2_ROOT=2,5,6,9,10,12,14
PT2_ROOT=2,5,6,9,10,13,14
PT2_ROOT=2,5,6,9,11,12,13
PT2_ROOT=2,5,6,9,11,12,14
PT2_ROOT=2,5,6,9,11,13,14
PT2_ROOT=2,5,6,9,12,13,14
PT2_ROOT=2,5,6,10,11,12,13
PT2_ROOT=2,5,6,10,11,12,14
PT2_ROOT=2,5,6,10,11,13,14
PT2_ROOT=2,5,6,10,12,13,14
PT2_ROOT=2,5,6,11,12,13,14
PT2_ROOT=2,5,7,8,9,10,11
PT2_ROOT=2,5,7,8,9,10,12
PT2_ROOT=2,5,7,8,9,10,13
PT2_ROOT=2,5,7,8,9,10,14
PT2_ROOT=2,5,7,8,9,11,12
PT2_ROOT=2,5,7,8,9,11,13
PT2_ROOT=2,5,7,8,9,11,14
PT2_ROOT=2,5,7,8,9,12,13
PT2_ROOT=2,5,7,8,9,12,14
PT2_ROOT=2,5,7,8,9,13,14
PT2_ROOT=2,5,7,8,10,11,12
PT2_ROOT=2,5,7,8,10,11,13
PT2_ROOT=2,5,7,8,10,11,14
PT2_ROOT=2,5,7,8,10,12,13
PT2_ROOT=2,5,7,8,10,12,14
PT2_ROOT=2,5,7,8,10,13,14
PT2_ROOT=2,5,7,8,11,12,13
PT2_ROOT=2,5,7,8,11,12,14
PT2_ROOT=2,5,7,8,11,13,14
PT2_ROOT=2,5,7,8,12,13,14
PT2_ROOT=2,5,7,9,10,11,12
PT2_ROOT=2,5,7,9,10,11,13
PT2_ROOT=2,5,7,9,10,11,14
PT2_ROOT=2,5,7,9,10,12,13
PT2_ROOT=2,5,7,9,10,12,14
PT2_ROOT=2,5,7,9,10,13,14
PT2_ROOT=2,5,7,9,11,12,13
PT2_ROOT=2,5,7,9,11,12,14
PT2_ROOT=2,5,7,9,11,13,14
PT2_ROOT=2,5,7,9,12,13,14
PT2_ROOT=2,5,7,10,11,12,13
PT2_ROOT=2,5,7,10,11,12,14
PT2_ROOT=2,5,7,10,11,13,14
PT2_ROOT=2,5,7,10,12,13,14
PT2_ROOT=2,5,7,11,12,13,14
PT2_ROOT=2,5,8,9,10,11,12
PT2_ROOT=2,5,8,9,10,11,13
PT2_ROOT=2,5,8,9,10,11,14
PT2_ROOT=2,5,8,9,10,12,13
PT2_ROOT=2,5,8,9,10,12,14
PT2_ROOT=2,5,8,9,10,13,14
PT2_ROOT=2,5,8,9,11,12,13
PT2_ROOT=2,5,8,9,11,12,14
PT2_ROOT=2,5,8,9,11,13,14
PT2_ROOT=2,5,8,9,12,13,14
PT2_ROOT=2,5,8,10,11,12,13
PT2_ROOT=2,5,8,10,11,12,14
PT2_ROOT=2,5,8,10,11,13,14
PT2_ROOT=2,5,8,10,12,13,14
PT2_ROOT=2,5,8,11,12,13,14
PT2_ROOT=2,5,9,10,11,12,13
PT2_ROOT=2,5,9,10,11,12,14
PT2_ROOT=2,5,9,10,11,13,14
PT2_ROOT=2,5,9,10,12,13,14
PT2_ROOT=2,5,9,11,12,13,14
PT2_ROOT=2,5,10,11,12,13,14
PT2_ROOT=2,6,7,8,9,10,11
PT2_ROOT=2,6,7,8,9,10,12
PT2_ROOT=2,6,7,8,9,10,13
PT2_ROOT=2,6,7,8,9,10,14
PT2_ROOT=2,6,7,8,9,11,12
PT2_ROOT=2,6,7,8,9,11,13
PT2_ROOT=2,6,7,8,9,11,14
PT2_ROOT=2,6,7,8,9,12,13
PT2_ROOT=2,6,7,8,9,12,14
PT2_ROOT=2,6,7,8,9,13,14
PT2_ROOT=2,6,7,8,10,11,12
PT2_ROOT=2,6,7,8,10,11,13
PT2_ROOT=2,6,7,8,10,11,14
PT2_ROOT=2,6,7,8,10,12,13
PT2_ROOT=2,6,7,8,10,12,14
PT2_ROOT=2,6,7,8,10,13,14
PT2_ROOT=2,6,7,8,11,12,13
PT2_ROOT=2,6,7,8,11,12,14
PT2_ROOT=2,6,7,8,11,13,14
PT2_ROOT=2,6,7,8,12,13,14
PT2_ROOT=2,6,7,9,10,11,12
PT2_ROOT=2,6,7,9,10,11,13
PT2_ROOT=2,6,7,9,10,11,14
PT2_ROOT=2,6,7,9,10,12,13
PT2_ROOT=2,6,7,9,10,12,14
PT2_ROOT=2,6,7,9,10,13,14
PT2_ROOT=2,6,7,9,11,12,13
PT2_ROOT=2,6,7,9,11,12,14
PT2_ROOT=2,6,7,9,11,13,14
PT2_ROOT=2,6,7,9,12,13,14
PT2_ROOT=2,6,7,10,11,12,13
PT2_ROOT=2,6,7,10,11,12,14
PT2_ROOT=2,6,7,10,11,13,14
PT2_ROOT=2,6,7,10,12,13,14
PT2_ROOT=2,6,7,11,12,13,14
PT2_ROOT=2,6,8,9,10,11,12
PT2_ROOT=2,6,8,9,10,11,13
PT2_ROOT=2,6,8,9,10,11,14
PT2_ROOT=2,6,8,9,10,12,13
PT2_ROOT=2,6,8,9,10,12,14
PT2_ROOT=2,6,8,9,10,13,14
PT2_ROOT=2,6,8,9,11,12,13
PT2_ROOT=2,6,8,9,11,12,14
PT2_ROOT=2,6,8,9,11,13,14
PT2_ROOT=2,6,8,9,12,13,14
PT2_ROOT=2,6,8,10,11,12,13
PT2_ROOT=2,6,8,10,11,12,14
PT2_ROOT=2,6,8,10,11,13,14
PT2_ROOT=2,6,8,10,12,13,14
PT2_ROOT=2,6,8,11,12,13,14
PT2_ROOT=2,6,9,10,11,12,13
PT2_ROOT=2,6,9,10,11,12,14
PT2_ROOT=2,6,9,10,11,13,14
PT2_ROOT=2,6,9,10,12,13,14
PT2_ROOT=2,6,9,11,12,13,14
PT2_ROOT=2,6,10,11,12,13,14
PT2_ROOT=2,7,8,9,10,11,12
PT2_ROOT=2,7,8,9,10,11,13
PT2_ROOT=2,7,8,9,10,11,14
PT2_ROOT=2,7,8,9,10,12,13
PT2_ROOT=2,7,8,9,10,12,14
PT2_ROOT=2,7,8,9,10,13,14
PT2_ROOT=2,7,8,9,11,12,13
PT2_ROOT=2,7,8,9,11,12,14
PT2_ROOT=2,7,8,9,11,13,14
PT2_ROOT=2,7,8,9,12,13,14
PT2_ROOT=2,7,8,10,11,12,13
PT2_ROOT=2,7,8,10,11,12,14
PT2_ROOT=2,7,8,10,11,13,14
PT2_ROOT=2,7,8,10,12,13,14
PT2_ROOT=2,7,8,11,12,13,14
PT2_ROOT=2,7,9,10,11,12,13
PT2_ROOT=2,7,9,10,11,12,14
PT2_ROOT=2,7,9,10,11,13,14
PT2_ROOT=2,7,9,10,12,13,14
PT2_ROOT=2,7,9,11,12,13,14
PT2_ROOT=2,7,10,11,12,13,14
PT2_ROOT=2,8,9,10,11,12,13
PT2_ROOT=2,8,9,10,11,12,14
PT2_ROOT=2,8,9,10,11,13,14
PT2_ROOT=2,8,9,10,12,13,14
PT2_ROOT=2,8,9,11,12,13,14
PT2_ROOT=2,8,10,11,12,13,14
PT2_ROOT=2,9,10,11,12,13,14
PT2_ROOT=3,4,5,6,7,8,9
PT2_ROOT=3,4,5,6,7,8,10
PT2_ROOT=3,4,5,6,7,8,11
PT2_ROOT=3,4,5,6,7,8,12
PT2_ROOT=3,4,5,6,7,8,13
PT2_ROOT=3,4,5,6,7,8,14
PT2_ROOT=3,4,5,6,7,9,10
PT2_ROOT=3,4,5,6,7,9,11
PT2_ROOT=3,4,5,6,7,9,12
PT2_ROOT=3,4,5,6,7,9,13
PT2_ROOT=3,4,5,6,7,9,14
PT2_ROOT=3,4,5,6,7,10,11
PT2_ROOT=3,4,5,6,7,10,12
PT2_ROOT=3,4,5,6,7,10,13
PT2_ROOT=3,4,5,6,7,10,14
PT2_ROOT=3,4,5,6,7,11,12
PT2_ROOT=3,4,5,6,7,11,13
PT2_ROOT=3,4,5,6,7,11,14
PT2_ROOT=3,4,5,6,7,12,13
PT2_ROOT=3,4,5,6,7,12,14
PT2_ROOT=3,4,5,6,7,13,14
PT2_ROOT=3,4,5,6,8,9,10
PT2_ROOT=3,4,5,6,8,9,11
PT2_ROOT=3,4,5,6,8,9,12
PT2_ROOT=3,4,5,6,8,9,13
PT2_ROOT=3,4,5,6,8,9,14
PT2_ROOT=3,4,5,6,8,10,11
PT2_ROOT=3,4,5,6,8,10,12
PT2_ROOT=3,4,5,6,8,10,13
PT2_ROOT=3,4,5,6,8,10,14
PT2_ROOT=3,4,5,6,8,11,12
PT2_ROOT=3,4,5,6,8,11,13
PT2_ROOT=3,4,5,6,8,11,14
PT2_ROOT=3,4,5,6,8,12,13
PT2_ROOT=3,4,5,6,8,12,14
PT2_ROOT=3,4,5,6,8,13,14
PT2_ROOT=3,4,5,6,9,10,11
PT2_ROOT=3,4,5,6,9,10,12
PT2_ROOT=3,4,5,6,9,10,13
PT2_ROOT=3,4,5,6,9,10,14
PT2_ROOT=3,4,5,6,9,11,12
PT2_ROOT=3,4,5,6,9,11,13
PT2_ROOT=3,4,5,6,9,11,14
PT2_ROOT=3,4,5,6,9,12,13
PT2_ROOT=3,4,5,6,9,12,14
PT2_ROOT=3,4,5,6,9,13,14
PT2_ROOT=3,4,5,6,10,11,12
PT2_ROOT=3,4,5,6,10,11,13
PT2_ROOT=3,4,5,6,10,11,14
PT2_ROOT=3,4,5,6,10,12,13
PT2_ROOT=3,4,5,6,10,12,14
PT2_ROOT=3,4,5,6,10,13,14
PT2_ROOT=3,4,5,6,11,12,13
PT2_ROOT=3,4,5,6,11,12,14
PT2_ROOT=3,4,5,6,11,13,14
PT2_ROOT=3,4,5,6,12,13,14
PT2_ROOT=3,4,5,7,8,9,10
PT2_ROOT=3,4,5,7,8,9,11
PT2_ROOT=3,4,5,7,8,9,12
PT2_ROOT=3,4,5,7,8,9,13
PT2_ROOT=3,4,5,7,8,9,14
PT2_ROOT=3,4,5,7,8,10,11
PT2_ROOT=3,4,5,7,8,10,12
PT2_ROOT=3,4,5,7,8,10,13
PT2_ROOT=3,4,5,7,8,10,14
PT2_ROOT=3,4,5,7,8,11,12
PT2_ROOT=3,4,5,7,8,11,13
PT2_ROOT=3,4,5,7,8,11,14
PT2_ROOT=3,4,5,7,8,12,13
PT2_ROOT=3,4,5,7,8,12,14
PT2_ROOT=3,4,5,7,8,13,14
PT2_ROOT=3,4,5,7,9,10,11
PT2_ROOT=3,4,5,7,9,10,12
PT2_ROOT=3,4,5,7,9,10,13
PT2_ROOT=3,4,5,7,9,10,14
PT2_ROOT=3,4,5,7,9,11,12
PT2_ROOT=3,4,5,7,9,11,13
PT2_ROOT=3,4,5,7,9,11,14
PT2_ROOT=3,4,5,7,9,12,13
PT2_ROOT=3,4,5,7,9,12,14
PT2_ROOT=3,4,5,7,9,13,14
PT2_ROOT=3,4,5,7,10,11,12
PT2_ROOT=3,4,5,7,10,11,13
PT2_ROOT=3,4,5,7,10,11,14
PT2_ROOT=3,4,5,7,10,12,13
PT2_ROOT=3,4,5,7,10,12,14
PT2_ROOT=3,4,5,7,10,13,14
PT2_ROOT=3,4,5,7,11,12,13
PT2_ROOT=3,4,5,7,11,12,14
PT2_ROOT=3,4,5,7,11,13,14
PT2_ROOT=3,4,5,7,12,13,14
PT2_ROOT=3,4,5,8,9,10,11
PT2_ROOT=3,4,5,8,9,10,12
PT2_ROOT=3,4,5,8,9,10,13
PT2_ROOT=3,4,5,8,9,10,14
PT2_ROOT=3,4,5,8,9,11,12
PT2_ROOT=3,4,5,8,9,11,13
PT2_ROOT=3,4,5,8,9,11,14
PT2_ROOT=3,4,5,8,9,12,13
PT2_ROOT=3,4,5,8,9,12,14
PT2_ROOT=3,4,5,8,9,13,14
PT2_ROOT=3,4,5,8,10,11,12
PT2_ROOT=3,4,5,8,10,11,13
PT2_ROOT=3,4,5,8,10,11,14
PT2_ROOT=3,4,5,8,10,12,13
PT2_ROOT=3,4,5,8,10,12,14
PT2_ROOT=3,4,5,8,10,13,14
PT2_ROOT=3,4,5,8,11,12,13
PT2_ROOT=3,4,5,8,11,12,14
PT2_ROOT=3,4,5,8,11,13,14
PT2_ROOT=3,4,5,8,12,13,14
PT2_ROOT=3,4,5,9,10,11,12
PT2_ROOT=3,4,5,9,10,11,13
PT2_ROOT=3,4,5,9,10,11,14
PT2_ROOT=3,4,5,9,10,12,13
PT2_ROOT=3,4,5,9,10,12,14
PT2_ROOT=3,4,5,9,10,13,14
PT2_ROOT=3,4,5,9,11,12,13
PT2_ROOT=3,4,5,9,11,12,14
PT2_ROOT=3,4,5,9,11,13,14
PT2_ROOT=3,4,5,9,12,13,14
PT2_ROOT=3,4,5,10,11,12,13
PT2_ROOT=3,4,5,10,11,12,14
PT2_ROOT=3,4,5,10,11,13,14
PT2_ROOT=3,4,5,10,12,13,14
PT2_ROOT=3,4,5,11,12,13,14
PT2_ROOT=3,4,6,7,8,9,10
PT2_ROOT=3,4,6,7,8,9,11
PT2_ROOT=3,4,6,7,8,9,12
PT2_ROOT=3,4,6,7,8,9,13
PT2_ROOT=3,4,6,7,8,9,14
PT2_ROOT=3,4,6,7,8,10,11
PT2_ROOT=3,4,6,7,8,10,12
PT2_ROOT=3,4,6,7,8,10,13
PT2_ROOT=3,4,6,7,8,10,14
PT2_ROOT=3,4,6,7,8,11,12
PT2_ROOT=3,4,6,7,8,11,13
PT2_ROOT=3,4,6,7,8,11,14
PT2_ROOT=3,4,6,7,8,12,13
PT2_ROOT=3,4,6,7,8,12,14
PT2_ROOT=3,4,6,7,8,13,14
PT2_ROOT=3,4,6,7,9,10,11
PT2_ROOT=3,4,6,7,9,10,12
PT2_ROOT=3,4,6,7,9,10,13
PT2_ROOT=3,4,6,7,9,10,14
PT2_ROOT=3,4,6,7,9,11,12
PT2_ROOT=3,4,6,7,9,11,13
PT2_ROOT=3,4,6,7,9,11,14
PT2_ROOT=3,4,6,7,9,12,13
PT2_ROOT=3,4,6,7,9,12,14
PT2_ROOT=3,4,6,7,9,13,14
PT2_ROOT=3,4,6,7,10,11,12
PT2_ROOT=3,4,6,7,10,11,13
PT2_ROOT=3,4,6,7,10,11,14
PT2_ROOT=3,4,6,7,10,12,13
PT2_ROOT=3,4,6,7,10,12,14
PT2_ROOT=3,4,6,7,10,13,14
PT2_ROOT=3,4,6,7,11,12,13
PT2_ROOT=3,4,6,7,11,12,14
PT2_ROOT=3,4,6,7,11,13,14
PT2_ROOT=3,4,6,7,12,13,14
PT2_ROOT=3,4,6,8,9,10,11
PT2_ROOT=3,4,6,8,9,10,12
PT2_ROOT=3,4,6,8,9,10,13
PT2_ROOT=3,4,6,8,9,10,14
PT2_ROOT=3,4,6,8,9,11,12
PT2_ROOT=3,4,6,8,9,11,13
PT2_ROOT=3,4,6,8,9,11,14
PT2_ROOT=3,4,6,8,9,12,13
PT2_ROOT=3,4,6,8,9,12,14
PT2_ROOT=3,4,6,8,9,13,14
PT2_ROOT=3,4,6,8,10,11,12
PT2_ROOT=3,4,6,8,10,11,13
PT2_ROOT=3,4,6,8,10,11,14
PT2_ROOT=3,4,6,8,10,12,13
PT2_ROOT=3,4,6,8,10,12,14
PT2_ROOT=3,4,6,8,10,13,14
PT2_ROOT=3,4,6,8,11,12,13
PT2_ROOT=3,4,6,8,11,12,14
PT2_ROOT=3,4,6,8,11,13,14
PT2_ROOT=3,4,6,8,12,13,14
PT2_ROOT=3,4,6,9,10,11,12
PT2_ROOT=3,4,6,9,10,11,13
PT2_ROOT=3,4,6,9,10,11,14
PT2_ROOT=3,4,6,9,10,12,13
PT2_ROOT=3,4,6,9,10,12,14
PT2_ROOT=3,4,6,9,10,13,14
PT2_ROOT=3,4,6,9,11,12,13
PT2_ROOT=3,4,6,9,11,12,14
PT2_ROOT=3,4,6,9,11,13,14
PT2_ROOT=3,4,6,9,12,13,14
PT2_ROOT=3,4,6,10,11,12,13
PT2_ROOT=3,4,6,10,11,12,14
PT2_ROOT=3,4,6,10,11,13,14
PT2_ROOT=3,4,6,10,12,13,14
PT2_ROOT=3,4,6,11,12,13,14
PT2_ROOT=3,4,7,8,9,10,11
PT2_ROOT=3,4,7,8,9,10,12
PT2_ROOT=3,4,7,8,9,10,13
PT2_ROOT=3,4,7,8,9,10,14
PT2_ROOT=3,4,7,8,9,11,12
PT2_ROOT=3,4,7,8,9,11,13
PT2_ROOT=3,4,7,8,9,11,14
PT2_ROOT=3,4,7,8,9,12,13
PT2_ROOT=3,4,7,8,9,12,14
PT2_ROOT=3,4,7,8,9,13,14
PT2_ROOT=3,4,7,8,10,11,12
PT2_ROOT=3,4,7,8,10,11,13
PT2_ROOT=3,4,7,8,10,11,14
PT2_ROOT=3,4,7,8,10,12,13
PT2_ROOT=3,4,7,8,10,12,14
PT2_ROOT=3,4,7,8,10,13,14
PT2_ROOT=3,4,7,8,11,12,13
PT2_ROOT=3,4,7,8,11,12,14
PT2_ROOT=3,4,7,8,11,13,14
PT2_ROOT=3,4,7,8,12,13,14
PT2_ROOT=3,4,7,9,10,11,12
PT2_ROOT=3,4,7,9,10,11,13
PT2_ROOT=3,4,7,9,10,11,14
PT2_ROOT=3,4,7,9,10,12,13
PT2_ROOT=3,4,7,9,10,12,14
PT2_ROOT=3,4,7,9,10,13,14
PT2_ROOT=3,4,7,9,11,12,13
PT2_ROOT=3,4,7,9,11,12,14
PT2_ROOT=3,4,7,9,11,13,14
PT2_ROOT=3,4,7,9,12,13,14
PT2_ROOT=3,4,7,10,11,12,13
PT2_ROOT=3,4,7,10,11,12,14
PT2_ROOT=3,4,7,10,11,13,14
PT2_ROOT=3,4,7,10,12,13,14
PT2_ROOT=3,4,7,11,12,13,14
PT2_ROOT=3,4,8,9,10,11,12
PT2_ROOT=3,4,8,9,10,11,13
PT2_ROOT=3,4,8,9,10,11,14
PT2_ROOT=3,4,8,9,10,12,13
PT2_ROOT=3,4,8,9,10,12,14
PT2_ROOT=3,4,8,9,10,13,14
PT2_ROOT=3,4,8,9,11,12,13
PT2_ROOT=3,4,8,9,11,12,14
PT2_ROOT=3,4,8,9,11,13,14
PT2_ROOT=3,4,8,9,12,13,14
PT2_ROOT=3,4,8,10,11,12,13
PT2_ROOT=3,4,8,10,11,12,14
PT2_ROOT=3,4,8,10,11,13,14
PT2_ROOT=3,4,8,10,12,13,14
PT2_ROOT=3,4,8,11,12,13,14
PT2_ROOT=3,4,9,10,11,12,13
PT2_ROOT=3,4,9,10,11,12,14
PT2_ROOT=3,4,9,10,11,13,14
PT2_ROOT=3,4,9,10,12,13,14
PT2_ROOT=3,4,9,11,12,13,14
PT2_ROOT=3,4,10,11,12,13,14
PT2_ROOT=3,5,6,7,8,9,10
PT2_ROOT=3,5,6,7,8,9,11
PT2_ROOT=3,5,6,7,8,9,12
PT2_ROOT=3,5,6,7,8,9,13
PT2_ROOT=3,5,6,7,8,9,14
PT2_ROOT=3,5,6,7,8,10,11
PT2_ROOT=3,5,6,7,8,10,12
PT2_ROOT=3,5,6,7,8,10,13
PT2_ROOT=3,5,6,7,8,10,14
PT2_ROOT=3,5,6,7,8,11,12
PT2_ROOT=3,5,6,7,8,11,13
PT2_ROOT=3,5,6,7,8,11,14
PT2_ROOT=3,5,6,7,8,12,13
PT2_ROOT=3,5,6,7,8,12,14
PT2_ROOT=3,5,6,7,8,13,14
PT2_ROOT=3,5,6,7,9,10,11
PT2_ROOT=3,5,6,7,9,10,12
PT2_ROOT=3,5,6,7,9,10,13
PT2_ROOT=3,5,6,7,9,10,14
PT2_ROOT=3,5,6,7,9,11,12
PT2_ROOT=3,5,6,7,9,11,13
PT2_ROOT=3,5,6,7,9,11,14
PT2_ROOT=3,5,6,7,9,12,13
PT2_ROOT=3,5,6,7,9,12,14
PT2_ROOT=3,5,6,7,9,13,14
PT2_ROOT=3,5,6,7,10,11,12
PT2_ROOT=3,5,6,7,10,11,13
PT2_ROOT=3,5,6,7,10,11,14
PT2_ROOT=3,5,6,7,10,12,13
PT2_ROOT=3,5,6,7,10,12,14
PT2_ROOT=3,5,6,7,10,13,14
PT2_ROOT=3,5,6,7,11,12,13
PT2_ROOT=3,5,6,7,11,12,14
PT2_ROOT=3,5,6,7,11,13,14
PT2_ROOT=3,5,6,7,12,13,14
PT2_ROOT=3,5,6,8,9,10,11
PT2_ROOT=3,5,6,8,9,10,12
PT2_ROOT=3,5,6,8,9,10,13
PT2_ROOT=3,5,6,8,9,10,14
PT2_ROOT=3,5,6,8,9,11,12
PT2_ROOT=3,5,6,8,9,11,13
PT2_ROOT=3,5,6,8,9,11,14
PT2_ROOT=3,5,6,8,9,12,13
PT2_ROOT=3,5,6,8,9,12,14
PT2_ROOT=3,5,6,8,9,13,14
PT2_ROOT=3,5,6,8,10,11,12
PT2_ROOT=3,5,6,8,10,11,13
PT2_ROOT=3,5,6,8,10,11,14
PT2_ROOT=3,5,6,8,10,12,13
PT2_ROOT=3,5,6,8,10,12,14
PT2_ROOT=3,5,6,8,10,13,14
PT2_ROOT=3,5,6,8,11,12,13
PT2_ROOT=3,5,6,8,11,12,14
PT2_ROOT=3,5,6,8,11,13,14
PT2_ROOT=3,5,6,8,12,13,14
PT2_ROOT=3,5,6,9,10,11,12
PT2_ROOT=3,5,6,9,10,11,13
PT2_ROOT=3,5,6,9,10,11,14
PT2_ROOT=3,5,6,9,10,12,13
PT2_ROOT=3,5,6,9,10,12,14
PT2_ROOT=3,5,6,9,10,13,14
PT2_ROOT=3,5,6,9,11,12,13
PT2_ROOT=3,5,6,9,11,12,14
PT2_ROOT=3,5,6,9,11,13,14
PT2_ROOT=3,5,6,9,12,13,14
PT2_ROOT=3,5,6,10,11,12,13
PT2_ROOT=3,5,6,10,11,12,14
PT2_ROOT=3,5,6,10,11,13,14
PT2_ROOT=3,5,6,10,12,13,14
PT2_ROOT=3,5,6,11,12,13,14
PT2_ROOT=3,5,7,8,9,10,11
PT2_ROOT=3,5,7,8,9,10,12
PT2_ROOT=3,5,7,8,9,10,13
PT2_ROOT=3,5,7,8,9,10,14
PT2_ROOT=3,5,7,8,9,11,12
PT2_ROOT=3,5,7,8,9,11,13
PT2_ROOT=3,5,7,8,9,11,14
PT2_ROOT=3,5,7,8,9,12,13
PT2_ROOT=3,5,7,8,9,12,14
PT2_ROOT=3,5,7,8,9,13,14
PT2_ROOT=3,5,7,8,10,11,12
PT2_ROOT=3,5,7,8,10,11,13
PT2_ROOT=3,5,7,8,10,11,14
PT2_ROOT=3,5,7,8,10,12,13
PT2_ROOT=3,5,7,8,10,12,14
PT2_ROOT=3,5,7,8,10,13,14
PT2_ROOT=3,5,7,8,11,12,13
PT2_ROOT=3,5,7,8,11,12,14
PT2_ROOT=3,5,7,8,11,13,14
PT2_ROOT=3,5,7,8,12,13,14
PT2_ROOT=3,5,7,9,10,11,12
PT2_ROOT=3,5,7,9,10,11,13
PT2_ROOT=3,5,7,9,10,11,14
PT2_ROOT=3,5,7,9,10,12,13
PT2_ROOT=3,5,7,9,10,12,14
PT2_ROOT=3,5,7,9,10,13,14
PT2_ROOT=3,5,7,9,11,12,13
PT2_ROOT=3,5,7,9,11,12,14
PT2_ROOT=3,5,7,9,11,13,14
PT2_ROOT=3,5,7,9,12,13,14
PT2_ROOT=3,5,7,10,11,12,13
PT2_ROOT=3,5,7,10,11,12,14
PT2_ROOT=3,5,7,10,11,13,14
PT2_ROOT=3,5,7,10,12,13,14
PT2_ROOT=3,5,7,11,12,13,14
PT2_ROOT=3,5,8,9,10,11,12
PT2_ROOT=3,5,8,9,10,11,13
PT2_ROOT=3,5,8,9,10,11,14
PT2_ROOT=3,5,8,9,10,12,13
PT2_ROOT=3,5,8,9,10,12,14
PT2_ROOT=3,5,8,9,10,13,14
PT2_ROOT=3,5,8,9,11,12,13
PT2_ROOT=3,5,8,9,11,12,14
PT2_ROOT=3,5,8,9,11,13,14
PT2_ROOT=3,5,8,9,12,13,14
PT2_ROOT=3,5,8,10,11,12,13
PT2_ROOT=3,5,8,10,11,12,14
PT2_ROOT=3,5,8,10,11,13,14
PT2_ROOT=3,5,8,10,12,13,14
PT2_ROOT=3,5,8,11,12,13,14
PT2_ROOT=3,5,9,10,11,12,13
PT2_ROOT=3,5,9,10,11,12,14
PT2_ROOT=3,5,9,10,11,13,14
PT2_ROOT=3,5,9,10,12,13,14
PT2_ROOT=3,5,9,11,12,13,14
PT2_ROOT=3,5,10,11,12,13,14
PT2_ROOT=3,6,7,8,9,10,11
PT2_ROOT=3,6,7,8,9,10,12
PT2_ROOT=3,6,7,8,9,10,13
PT2_ROOT=3,6,7,8,9,10,14
PT2_ROOT=3,6,7,8,9,11,12
PT2_ROOT=3,6,7,8,9,11,13
PT2_ROOT=3,6,7,8,9,11,14
PT2_ROOT=3,6,7,8,9,12,13
PT2_ROOT=3,6,7,8,9,12,14
PT2_ROOT=3,6,7,8,9,13,14
PT2_ROOT=3,6,7,8,10,11,12
PT2_ROOT=3,6,7,8,10,11,13
PT2_ROOT=3,6,7,8,10,11,14
PT2_ROOT=3,6,7,8,10,12,13
PT2_ROOT=3,6,7,8,10,12,14
PT2_ROOT=3,6,7,8,10,13,14
PT2_ROOT=3,6,7,8,11,12,13
PT2_ROOT=3,6,7,8,11,12,14
PT2_ROOT=3,6,7,8,11,13,14
PT2_ROOT=3,6,7,8,12,13,14
PT2_ROOT=3,6,7,9,10,11,12
PT2_ROOT=3,6,7,9,10,11,13
PT2_ROOT=3,6,7,9,10,11,14
PT2_ROOT=3,6,7,9,10,12,13
PT2_ROOT=3,6,7,9,10,12,14
PT2_ROOT=3,6,7,9,10,13,14
PT2_ROOT=3,6,7,9,11,12,13
PT2_ROOT=3,6,7,9,11,12,14
PT2_ROOT=3,6,7,9,11,13,14
PT2_ROOT=3,6,7,9,12,13,14
PT2_ROOT=3,6,7,10,11,12,13
PT2_ROOT=3,6,7,10,11,12,14
PT2_ROOT=3,6,7,10,11,13,14
PT2_ROOT=3,6,7,10,12,13,14
PT2_ROOT=3,6,7,11,12,13,14
PT2_ROOT=3,6,8,9,10,11,12
PT2_ROOT=3,6,8,9,10,11,13
PT2_ROOT=3,6,8,9,10,11,14
PT2_ROOT=3,6,8,9,10,12,13
PT2_ROOT=3,6,8,9,10,12,14
PT2_ROOT=3,6,8,9,10,13,14
PT2_ROOT=3,6,8,9,11,12,13
PT2_ROOT=3,6,8,9,11,12,14
PT2_ROOT=3,6,8,9,11,13,14
PT2_ROOT=3,6,8,9,12,13,14
PT2_ROOT=3,6,8,10,11,12,13
PT2_ROOT=3,6,8,10,11,12,14
PT2_ROOT=3,6,8,10,11,13,14
PT2_ROOT=3,6,8,10,12,13,14
PT2_ROOT=3,6,8,11,12,13,14
PT2_ROOT=3,6,9,10,11,12,13
PT2_ROOT=3,6,9,10,11,12,14
PT2_ROOT=3,6,9,10,11,13,14
PT2_ROOT=3,6,9,10,12,13,14
PT2_ROOT=3,6,9,11,12,13,14
PT2_ROOT=3,6,10,11,12,13,14
PT2_ROOT=3,7,8,9,10,11,12
PT2_ROOT=3,7,8,9,10,11,13
PT2_ROOT=3,7,8,9,10,11,14
PT2_ROOT=3,7,8,9,10,12,13
PT2_ROOT=3,7,8,9,10,12,14
PT2_ROOT=3,7,8,9,10,13,14
PT2_ROOT=3,7,8,9,11,12,13
PT2_ROOT=3,7,8,9,11,12,14
PT2_ROOT=3,7,8,9,11,13,14
PT2_ROOT=3,7,8,9,12,13,14
PT2_ROOT=3,7,8,10,11,12,13
PT2_ROOT=3,7,8,10,11,12,14
PT2_ROOT=3,7,8,10,11,13,14
PT2_ROOT=3,7,8,10,12,13,14
PT2_ROOT=3,7,8,11,12,13,14
PT2_ROOT=3,7,9,10,11,12,13
PT2_ROOT=3,7,9,10,11,12,14
PT2_ROOT=3,7,9,10,11,13,14
PT2_ROOT=3,7,9,10,12,13,14
PT2_ROOT=3,7,9,11,12,13,14
PT2_ROOT=3,7,10,11,12,13,14
PT2_ROOT=3,8,9,10,11,12,13
PT2_ROOT=3,8,9,10,11,12,14
PT2_ROOT=3,8,9,10,11,13,14
PT2_ROOT=3,8,9,10,12,13,14
PT2_ROOT=3,8,9,11,12,13,14
PT2_ROOT=3,8,10,11,12,13,14
PT2_ROOT=3,9,10,11,12,13,14
PT2_ROOT=4,5,6,7,8,9,10
PT2_ROOT=4,5,6,7,8,9,11
PT2_ROOT=4,5,6,7,8,9,12
PT2_ROOT=4,5,6,7,8,9,13
PT2_ROOT=4,5,6,7,8,9,14
PT2_ROOT=4,5,6,7,8,10,11
PT2_ROOT=4,5,6,7,8,10,12
PT2_ROOT=4,5,6,7,8,10,13
PT2_ROOT=4,5,6,7,8,10,14
PT2_ROOT=4,5,6,7,8,11,12
PT2_ROOT=4,5,6,7,8,11,13
PT2_ROOT=4,5,6,7,8,11,14
PT2_ROOT=4,5,6,7,8,12,13
PT2_ROOT=4,5,6,7,8,12,14
PT2_ROOT=4,5,6,7,8,13,14
PT2_ROOT=4,5,6,7,9,10,11
PT2_ROOT=4,5,6,7,9,10,12
PT2_ROOT=4,5,6,7,9,10,13
PT2_ROOT=4,5,6,7,9,10,14
PT2_ROOT=4,5,6,7,9,11,12
PT2_ROOT=4,5,6,7,9,11,13
PT2_ROOT=4,5,6,7,9,11,14
PT2_ROOT=4,5,6,7,9,12,13
PT2_ROOT=4,5,6,7,9,12,14
PT2_ROOT=4,5,6,7,9,13,14
PT2_ROOT=4,5,6,7,10,11,12
PT2_ROOT=4,5,6,7,10,11,13
PT2_ROOT=4,5,6,7,10,11,14
PT2_ROOT=4,5,6,7,10,12,13
PT2_ROOT=4,5,6,7,10,12,14
PT2_ROOT=4,5,6,7,10,13,14
PT2_ROOT=4,5,6,7,11,12,13
PT2_ROOT=4,5,6,7,11,12,14
PT2_ROOT=4,5,6,7,11,13,14
PT2_ROOT=4,5,6,7,12,13,14
PT2_ROOT=4,5,6,8,9,10,11
PT2_ROOT=4,5,6,8,9,10,12
PT2_ROOT=4,5,6,8,9,10,13
PT2_ROOT=4,5,6,8,9,10,14
PT2_ROOT=4,5,6,8,9,11,12
PT2_ROOT=4,5,6,8,9,11,13
PT2_ROOT=4,5,6,8,9,11,14
PT2_ROOT=4,5,6,8,9,12,13
PT2_ROOT=4,5,6,8,9,12,14
PT2_ROOT=4,5,6,8,9,13,14
PT2_ROOT=4,5,6,8,10,11,13
PT2_ROOT=4,5,6,8,10,11,14
PT2_ROOT=4,5,6,8,10,12,13
PT2_ROOT=4,5,6,8,10,12,14
PT2_ROOT=4,5,6,8,10,13,14
PT2_ROOT=4,5,6,8,11,12,13
PT2_ROOT=4,5,6,8,11,12,14
PT2_ROOT=4,5,6,8,11,13,14
PT2_ROOT=4,5,6,8,12,13,14
PT2_ROOT=4,5,6,9,10,11,12
PT2_ROOT=4,5,6,9,10,11,13
PT2_ROOT=4,5,6,9,10,11,14
PT2_ROOT=4,5,6,9,10,12,13
PT2_ROOT=4,5,6,9,10,12,14
PT2_ROOT=4,5,6,9,10,13,14
PT2_ROOT=4,5,6,9,11,12,13
PT2_ROOT=4,5,6,9,11,12,14
PT2_ROOT=4,5,6,9,11,13,14
PT2_ROOT=4,5,6,9,12,13,14
PT2_ROOT=4,5,6,10,11,12,13
PT2_ROOT=4,5,6,10,11,12,14
PT2_ROOT=4,5,6,10,11,13,14
PT2_ROOT=4,5,6,10,12,13,14
PT2_ROOT=4,5,6,11,12,13,14
PT2_ROOT=4,5,7,8,9,10,11
PT2_ROOT=4,5,7,8,9,10,12
PT2_ROOT=4,5,7,8,9,10,13
PT2_ROOT=4,5,7,8,9,10,14
PT2_ROOT=4,5,7,8,9,11,12
PT2_ROOT=4,5,7,8,9,11,13
PT2_ROOT=4,5,7,8,9,11,14
PT2_ROOT=4,5,7,8,9,12,13
PT2_ROOT=4,5,7,8,9,12,14
PT2_ROOT=4,5,7,8,9,13,14
PT2_ROOT=4,5,7,8,10,11,12
PT2_ROOT=4,5,7,8,10,11,13
PT2_ROOT=4,5,7,8,10,11,14
PT2_ROOT=4,5,7,8,10,12,13
PT2_ROOT=4,5,7,8,10,12,14
PT2_ROOT=4,5,7,8,10,13,14
PT2_ROOT=4,5,7,8,11,12,13
PT2_ROOT=4,5,7,8,11,12,14
PT2_ROOT=4,5,7,8,11,13,14
PT2_ROOT=4,5,7,8,12,13,14
PT2_ROOT=4,5,7,9,10,11,12
PT2_ROOT=4,5,7,9,10,11,13
PT2_ROOT=4,5,7,9,10,11,14
PT2_ROOT=4,5,7,9,10,12,13
PT2_ROOT=4,5,7,9,10,12,14
PT2_ROOT=4,5,7,9,10,13,14
PT2_ROOT=4,5,7,9,11,12,13
PT2_ROOT=4,5,7,9,11,12,14
PT2_ROOT=4,5,7,9,11,13,14
PT2_ROOT=4,5,7,9,12,13,14
PT2_ROOT=4,5,7,10,11,12,13
PT2_ROOT=4,5,7,10,11,12,14
PT2_ROOT=4,5,7,10,11,13,14
PT2_ROOT=4,5,7,10,12,13,14
PT2_ROOT=4,5,7,11,12,13,14
PT2_ROOT=4,5,8,9,10,11,12
PT2_ROOT=4,5,8,9,10,11,13
PT2_ROOT=4,5,8,9,10,11,14
PT2_ROOT=4,5,8,9,10,12,13
PT2_ROOT=4,5,8,9,10,12,14
PT2_ROOT=4,5,8,9,10,13,14
PT2_ROOT=4,5,8,9,11,12,13
PT2_ROOT=4,5,8,9,11,12,14
PT2_ROOT=4,5,8,9,11,13,14
PT2_ROOT=4,5,8,9,12,13,14
PT2_ROOT=4,5,8,10,11,12,13
PT2_ROOT=4,5,8,10,11,12,14
PT2_ROOT=4,5,8,10,11,13,14
PT2_ROOT=4,5,8,10,12,13,14
PT2_ROOT=4,5,8,11,12,13,14
PT2_ROOT=4,5,9,10,11,12,13
PT2_ROOT=4,5,9,10,11,12,14
PT2_ROOT=4,5,9,10,11,13,14
PT2_ROOT=4,5,9,10,12,13,14
PT2_ROOT=4,5,9,11,12,13,14
PT2_ROOT=4,5,10,11,12,13,14
PT2_ROOT=4,6,7,8,9,10,11
PT2_ROOT=4,6,7,8,9,10,12
PT2_ROOT=4,6,7,8,9,10,13
PT2_ROOT=4,6,7,8,9,10,14
PT2_ROOT=4,6,7,8,9,11,12
PT2_ROOT=4,6,7,8,9,11,13
PT2_ROOT=4,6,7,8,9,11,14
PT2_ROOT=4,6,7,8,9,12,13
PT2_ROOT=4,6,7,8,9,12,14
PT2_ROOT=4,6,7,8,9,13,14
PT2_ROOT=4,6,7,8,10,11,12
PT2_ROOT=4,6,7,8,10,11,13
PT2_ROOT=4,6,7,8,10,11,14
PT2_ROOT=4,6,7,8,10,12,13
PT2_ROOT=4,6,7,8,10,12,14
PT2_ROOT=4,6,7,8,10,13,14
PT2_ROOT=4,6,7,8,11,12,13
PT2_ROOT=4,6,7,8,11,12,14
PT2_ROOT=4,6,7,8,11,13,14
PT2_ROOT=4,6,7,8,12,13,14
PT2_ROOT=4,6,7,9,10,11,12
PT2_ROOT=4,6,7,9,10,11,13
PT2_ROOT=4,6,7,9,10,11,14
PT2_ROOT=4,6,7,9,10,12,13
PT2_ROOT=4,6,7,9,10,12,14
PT2_ROOT=4,6,7,9,10,13,14
PT2_ROOT=4,6,7,9,11,12,13
PT2_ROOT=4,6,7,9,11,12,14
PT2_ROOT=4,6,7,9,11,13,14
PT2_ROOT=4,6,7,9,12,13,14
PT2_ROOT=4,6,7,10,11,12,13
PT2_ROOT=4,6,7,10,11,12,14
PT2_ROOT=4,6,7,10,11,13,14
PT2_ROOT=4,6,7,10,12,13,14
PT2_ROOT=4,6,7,11,12,13,14
PT2_ROOT=4,6,8,9,10,11,12
PT2_ROOT=4,6,8,9,10,11,13
PT2_ROOT=4,6,8,9,10,11,14
PT2_ROOT=4,6,8,9,10,12,13
PT2_ROOT=4,6,8,9,10,12,14
PT2_ROOT=4,6,8,9,10,13,14
PT2_ROOT=4,6,8,9,11,12,13
PT2_ROOT=4,6,8,9,11,12,14
PT2_ROOT=4,6,8,9,11,13,14
PT2_ROOT=4,6,8,9,12,13,14
PT2_ROOT=4,6,8,10,11,12,13
PT2_ROOT=4,6,8,10,11,12,14
PT2_ROOT=4,6,8,10,11,13,14
PT2_ROOT=4,6,8,10,12,13,14
PT2_ROOT=4,6,8,11,12,13,14
PT2_ROOT=4,6,9,10,11,12,13
PT2_ROOT=4,6,9,10,11,12,14
PT2_ROOT=4,6,9,10,11,13,14
PT2_ROOT=4,6,9,10,12,13,14
PT2_ROOT=4,6,9,11,12,13,14
PT2_ROOT=4,6,10,11,12,13,14
PT2_ROOT=4,7,8,9,10,11,12
PT2_ROOT=4,7,8,9,10,11,13
PT2_ROOT=4,7,8,9,10,11,14
PT2_ROOT=4,7,8,9,10,12,13
PT2_ROOT=4,7,8,9,10,12,14
PT2_ROOT=4,7,8,9,10,13,14
PT2_ROOT=4,7,8,9,11,12,13
PT2_ROOT=4,7,8,9,11,12,14
PT2_ROOT=4,7,8,9,11,13,14
PT2_ROOT=4,7,8,9,12,13,14
PT2_ROOT=4,7,8,10,11,12,13
PT2_ROOT=4,7,8,10,11,12,14
PT2_ROOT=4,7,8,10,11,13,14
PT2_ROOT=4,7,8,10,12,13,14
PT2_ROOT=4,7,8,11,12,13,14
PT2_ROOT=4,7,9,10,11,12,13
PT2_ROOT=4,7,9,10,11,12,14
PT2_ROOT=4,7,9,10,11,13,14
PT2_ROOT=4,7,9,10,12,13,14
PT2_ROOT=4,7,9,11,12,13,14
PT2_ROOT=4,7,10,11,12,13,14
PT2_ROOT=4,8,9,10,11,12,13
PT2_ROOT=4,8,9,10,11,12,14
PT2_ROOT=4,8,9,10,11,13,14
PT2_ROOT=4,8,9,10,12,13,14
PT2_ROOT=4,8,9,11,12,13,14
PT2_ROOT=4,8,10,11,12,13,14
PT2_ROOT=4,9,10,11,12,13,14
PT2_ROOT=5,6,7,8,9,10,11
PT2_ROOT=5,6,7,8,9,10,12
PT2_ROOT=5,6,7,8,9,10,13
PT2_ROOT=5,6,7,8,9,10,14
PT2_ROOT=5,6,7,8,9,11,12
PT2_ROOT=5,6,7,8,9,11,13
PT2_ROOT=5,6,7,8,9,11,14
PT2_ROOT=5,6,7,8,9,12,13
PT2_ROOT=5,6,7,8,9,12,14
PT2_ROOT=5,6,7,8,9,13,14
PT2_ROOT=5,6,7,8,10,11,12
PT2_ROOT=5,6,7,8,10,11,13
PT2_ROOT=5,6,7,8,10,11,14
PT2_ROOT=5,6,7,8,10,12,13
PT2_ROOT=5,6,7,8,10,12,14
PT2_ROOT=5,6,7,8,10,13,14
PT2_ROOT=5,6,7,8,11,12,13
PT2_ROOT=5,6,7,8,11,12,14
PT2_ROOT=5,6,7,8,11,13,14
PT2_ROOT=5,6,7,8,12,13,14
PT2_ROOT=5,6,7,9,10,11,12
PT2_ROOT=5,6,7,9,10,11,13
PT2_ROOT=5,6,7,9,10,12,13
PT2_ROOT=5,6,7,9,10,12,14
PT2_ROOT=5,6,7,9,10,13,14
PT2_ROOT=5,6,7,9,11,12,13
PT2_ROOT=5,6,7,9,11,12,14
PT2_ROOT=5,6,7,9,11,13,14
PT2_ROOT=5,6,7,9,12,13,14
PT2_ROOT=5,6,7,10,11,12,13
PT2_ROOT=5,6,7,10,11,12,14
PT2_ROOT=5,6,7,10,11,13,14
PT2_ROOT=5,6,7,10,12,13,14
PT2_ROOT=5,6,7,11,12,13,14
PT2_ROOT=5,6,8,9,10,11,13
PT2_ROOT=5,6,8,9,10,11,14
PT2_ROOT=5,6,8,9,10,12,14
PT2_ROOT=5,6,8,9,10,13,14
PT2_ROOT=5,6,8,9,11,12,13
PT2_ROOT=5,6,8,9,11,12,14
PT2_ROOT=5,6,8,9,11,13,14
PT2_ROOT=5,6,8,9,12,13,14
PT2_ROOT=5,6,8,10,11,12,14
PT2_ROOT=5,6,8,10,11,13,14
PT2_ROOT=5,6,8,10,12,13,14
PT2_ROOT=5,6,8,11,12,13,14
PT2_ROOT=5,6,9,10,11,12,13
PT2_ROOT=5,6,9,10,11,12,14
PT2_ROOT=5,6,9,10,11,13,14
PT2_ROOT=5,6,9,10,12,13,14
PT2_ROOT=5,6,9,11,12,13,14
PT2_ROOT=5,6,10,11,12,13,14
PT2_ROOT=5,7,8,9,10,11,12
PT2_ROOT=5,7,8,9,10,11,13
PT2_ROOT=5,7,8,9,10,11,14
PT2_ROOT=5,7,8,9,10,12,13
PT2_ROOT=5,7,8,9,10,12,14
PT2_ROOT=5,7,8,9,10,13,14
PT2_ROOT=5,7,8,9,11,12,13
PT2_ROOT=5,7,8,9,11,12,14
PT2_ROOT=5,7,8,9,11,13,14
PT2_ROOT=5,7,8,9,12,13,14
PT2_ROOT=5,7,8,10,11,12,13
PT2_ROOT=5,7,8,10,11,12,14
PT2_ROOT=5,7,8,10,12,13,14
PT2_ROOT=5,7,8,11,12,13,14
PT2_ROOT=5,7,9,10,11,12,13
PT2_ROOT=5,7,9,10,11,12,14
PT2_ROOT=5,7,9,10,11,13,14
PT2_ROOT=5,7,9,10,12,13,14
PT2_ROOT=5,7,9,11,12,13,14
PT2_ROOT=5,7,10,11,12,13,14
PT2_ROOT=5,8,9,10,11,12,13
PT2_ROOT=5,8,9,10,11,12,14
PT2_ROOT=5,8,9,10,11,13,14
PT2_ROOT=5,8,9,10,12,13,14
PT2_ROOT=5,8,9,11,12,13,14
PT2_ROOT=5,8,10,11,12,13,14
PT2_ROOT=5,9,10,11,12,13,14
PT2_ROOT=6,7,8,9,10,11,12
PT2_ROOT=6,7,8,9,10,11,13
PT2_ROOT=6,7,8,9,10,11,14
PT2_ROOT=6,7,8,9,10,12,13
PT2_ROOT=6,7,8,9,10,12,14
PT2_ROOT=6,7,8,9,10,13,14
PT2_ROOT=6,7,8,9,11,12,13
PT2_ROOT=6,7,8,9,11,12,14
PT2_ROOT=6,7,8,9,11,13,14
PT2_ROOT=6,7,8,9,12,13,14
PT2_ROOT=6,7,8,10,11,12,13
PT2_ROOT=6,7,8,10,11,12,14
PT2_ROOT=6,7,8,10,11,13,14
PT2_ROOT=6,7,8,10,12,13,14
PT2_ROOT=6,7,8,11,12,13,14
PT2_ROOT=6,7,9,10,11,12,13
PT2_ROOT=6,7,9,10,11,12,14
PT2_ROOT=6,7,9,10,11,13,14
PT2_ROOT=6,7,9,10,12,13,14
PT2_ROOT=6,7,10,11,12,13,14
PT2_ROOT=6,8,9,10,11,12,13
PT2_ROOT=6,8,9,10,11,12,14
PT2_ROOT=6,8,9,10,11,13,14
PT2_ROOT=6,8,9,10,12,13,14
PT2_ROOT=6,8,9,11,12,13,14
PT2_ROOT=6,8,10,11,12,13,14
PT2_ROOT=6,9,10,11,12,13,14
PT2_ROOT=7,8,9,10,11,12,13
PT2_ROOT=7,8,9,10,11,12,14
PT2_ROOT=7,8,9,10,11,13,14
PT2_ROOT=7,8,9,10,12,13,14
PT2_ROOT=7,8,10,11,12,13,14
PT2_ROOT=7,9,10,11,12,13,14
PT2_ROOT=8,9,10,11,12,13,14
EPT2_ROOT=1,2,3,4,5,6,7
EPT2_ROOT=1,2,3,4,5,6,8
EPT2_ROOT=1,2,3,4,5,6,9
EPT2_ROOT=1,2,3,4,5,6,10
EPT2_ROOT=1,2,3,4,5,6,11
EPT2_ROOT=1,2,3,4,5,6,12
EPT2_ROOT=1,2,3,4,5,6,14
EPT2_ROOT=1,2,3,4,5,7,8
EPT2_ROOT=1,2,3,4,5,7,9
EPT2_ROOT=1,2,3,4,5,7,10
EPT2_ROOT=1,2,3,4,5,7,11
EPT2_ROOT=1,2,3,4,5,7,12
EPT2_ROOT=1,2,3,4,5,7,13
EPT2_ROOT=1,2,3,4,5,7,14
EPT2_ROOT=1,2,3,4,5,8,9
EPT2_ROOT=1,2,3,4,5,8,10
EPT2_ROOT=1,2,3,4,5,8,11
EPT2_ROOT=1,2,3,4,5,8,12
EPT2_ROOT=1,2,3,4,5,8,13
EPT2_ROOT=1,2,3,4,5,8,14
EPT2_ROOT=1,2,3,4,5,9,10
EPT2_ROOT=1,2,3,4,5,9,11
EPT2_ROOT=1,2,3,4,5,9,12
EPT2_ROOT=1,2,3,4,5,9,13
EPT2_ROOT=1,2,3,4,5,9,14
EPT2_ROOT=1,2,3,4,5,10,11
EPT2_ROOT=1,2,3,4,5,10,12
EPT2_ROOT=1,2,3,4,5,10,13
EPT2_ROOT=1,2,3,4,5,10,14
EPT2_ROOT=1,2,3,4,5,11,12
EPT2_ROOT=1,2,3,4,5,11,13
EPT2_ROOT=1,2,3,4,5,11,14
EPT2_ROOT=1,2,3,4,5,12,14
EPT2_ROOT=1,2,3,4,5,13,14
EPT2_ROOT=1,2,3,4,6,7,8
EPT2_ROOT=1,2,3,4,6,7,9
EPT2_ROOT=1,2,3,4,6,7,10
EPT2_ROOT=1,2,3,4,6,7,11
EPT2_ROOT=1,2,3,4,6,7,12
EPT2_ROOT=1,2,3,4,6,8,9
EPT2_ROOT=1,2,3,4,6,8,10
EPT2_ROOT=1,2,3,4,6,8,11
EPT2_ROOT=1,2,3,4,6,8,12
EPT2_ROOT=1,2,3,4,6,8,14
EPT2_ROOT=1,2,3,4,6,9,10
EPT2_ROOT=1,2,3,4,6,9,11
EPT2_ROOT=1,2,3,4,6,9,12
EPT2_ROOT=1,2,3,4,6,9,13
EPT2_ROOT=1,2,3,4,6,9,14
EPT2_ROOT=1,2,3,4,6,10,11
EPT2_ROOT=1,2,3,4,6,10,12
EPT2_ROOT=1,2,3,4,6,10,13
EPT2_ROOT=1,2,3,4,6,10,14
EPT2_ROOT=1,2,3,4,6,11,14
EPT2_ROOT=1,2,3,4,6,12,14
EPT2_ROOT=1,2,3,4,6,13,14
EPT2_ROOT=1,2,3,4,7,8,9
EPT2_ROOT=1,2,3,4,7,8,10
EPT2_ROOT=1,2,3,4,7,8,11
EPT2_ROOT=1,2,3,4,7,8,12
EPT2_ROOT=1,2,3,4,7,8,13
EPT2_ROOT=1,2,3,4,7,8,14
EPT2_ROOT=1,2,3,4,7,9,10
EPT2_ROOT=1,2,3,4,7,9,11
EPT2_ROOT=1,2,3,4,7,9,12
EPT2_ROOT=1,2,3,4,7,9,13
EPT2_ROOT=1,2,3,4,7,9,14
EPT2_ROOT=1,2,3,4,7,10,11
EPT2_ROOT=1,2,3,4,7,10,12
EPT2_ROOT=1,2,3,4,7,10,13
EPT2_ROOT=1,2,3,4,7,10,14
EPT2_ROOT=1,2,3,4,7,11,12
EPT2_ROOT=1,2,3,4,7,11,13
EPT2_ROOT=1,2,3,4,7,11,14
EPT2_ROOT=1,2,3,4,7,12,13
EPT2_ROOT=1,2,3,4,7,12,14
EPT2_ROOT=1,2,3,4,7,13,14
EPT2_ROOT=1,2,3,4,8,9,10
EPT2_ROOT=1,2,3,4,8,9,12
EPT2_ROOT=1,2,3,4,8,9,13
EPT2_ROOT=1,2,3,4,8,9,14
EPT2_ROOT=1,2,3,4,8,10,11
EPT2_ROOT=1,2,3,4,8,10,12
EPT2_ROOT=1,2,3,4,8,10,13
EPT2_ROOT=1,2,3,4,8,10,14
EPT2_ROOT=1,2,3,4,8,11,12
EPT2_ROOT=1,2,3,4,8,11,13
EPT2_ROOT=1,2,3,4,8,11,14
EPT2_ROOT=1,2,3,4,8,12,13
EPT2_ROOT=1,2,3,4,8,12,14
EPT2_ROOT=1,2,3,4,8,13,14
EPT2_ROOT=1,2,3,4,9,10,11
EPT2_ROOT=1,2,3,4,9,10,12
EPT2_ROOT=1,2,3,4,9,10,13
EPT2_ROOT=1,2,3,4,9,10,14
EPT2_ROOT=1,2,3,4,9,11,12
EPT2_ROOT=1,2,3,4,9,11,13
EPT2_ROOT=1,2,3,4,9,11,14
EPT2_ROOT=1,2,3,4,9,12,13
EPT2_ROOT=1,2,3,4,9,12,14
EPT2_ROOT=1,2,3,4,9,13,14
EPT2_ROOT=1,2,3,4,10,11,12
EPT2_ROOT=1,2,3,4,10,11,13
EPT2_ROOT=1,2,3,4,10,11,14
EPT2_ROOT=1,2,3,4,10,12,13
EPT2_ROOT=1,2,3,4,10,12,14
EPT2_ROOT=1,2,3,4,10,13,14
EPT2_ROOT=1,2,3,4,11,12,13
EPT2_ROOT=1,2,3,4,11,12,14
EPT2_ROOT=1,2,3,4,11,13,14
EPT2_ROOT=1,2,3,4,12,13,14
EPT2_ROOT=1,2,3,5,6,7,8
EPT2_ROOT=1,2,3,5,6,7,9
EPT2_ROOT=1,2,3,5,6,7,10
EPT2_ROOT=1,2,3,5,6,7,11
EPT2_ROOT=1,2,3,5,6,7,12
EPT2_ROOT=1,2,3,5,6,7,13
EPT2_ROOT=1,2,3,5,6,7,14
EPT2_ROOT=1,2,3,5,6,8,9
EPT2_ROOT=1,2,3,5,6,8,10
EPT2_ROOT=1,2,3,5,6,8,11
EPT2_ROOT=1,2,3,5,6,8,12
EPT2_ROOT=1,2,3,5,6,8,13
EPT2_ROOT=1,2,3,5,6,8,14
EPT2_ROOT=1,2,3,5,6,9,10
EPT2_ROOT=1,2,3,5,6,9,11
EPT2_ROOT=1,2,3,5,6,9,12
EPT2_ROOT=1,2,3,5,6,9,13
EPT2_ROOT=1,2,3,5,6,9,14
EPT2_ROOT=1,2,3,5,6,10,11
EPT2_ROOT=1,2,3,5,6,10,12
EPT2_ROOT=1,2,3,5,6,10,14
EPT2_ROOT=1,2,3,5,6,11,12
EPT2_ROOT=1,2,3,5,6,11,13
EPT2_ROOT=1,2,3,5,6,11,14
EPT2_ROOT=1,2,3,5,6,12,13
EPT2_ROOT=1,2,3,5,6,12,14
EPT2_ROOT=1,2,3,5,6,13,14
EPT2_ROOT=1,2,3,5,7,8,9
EPT2_ROOT=1,2,3,5,7,8,10
EPT2_ROOT=1,2,3,5,7,8,11
EPT2_ROOT=1,2,3,5,7,8,12
EPT2_ROOT=1,2,3,5,7,8,13
EPT2_ROOT=1,2,3,5,7,8,14
EPT2_ROOT=1,2,3,5,7,9,10
EPT2_ROOT=1,2,3,5,7,9,11
EPT2_ROOT=1,2,3,5,7,9,12
EPT2_ROOT=1,2,3,5,7,9,13
EPT2_ROOT=1,2,3,5,7,9,14
EPT2_ROOT=1,2,3,5,7,10,11
EPT2_ROOT=1,2,3,5,7,10,12
EPT2_ROOT=1,2,3,5,7,10,13
EPT2_ROOT=1,2,3,5,7,10,14
EPT2_ROOT=1,2,3,5,7,11,12
EPT2_ROOT=1,2,3,5,7,11,13
EPT2_ROOT=1,2,3,5,7,11,14
EPT2_ROOT=1,2,3,5,7,12,13
EPT2_ROOT=1,2,3,5,7,12,14
EPT2_ROOT=1,2,3,5,7,13,14
EPT2_ROOT=1,2,3,5,8,9,10
EPT2_ROOT=1,2,3,5,8,9,11
EPT2_ROOT=1,2,3,5,8,9,12
EPT2_ROOT=1,2,3,5,8,9,13
EPT2_ROOT=1,2,3,5,8,9,14
EPT2_ROOT=1,2,3,5,8,10,11
EPT2_ROOT=1,2,3,5,8,10,12
EPT2_ROOT=1,2,3,5,8,10,13
EPT2_ROOT=1,2,3,5,8,10,14
EPT2_ROOT=1,2,3,5,8,11,12
EPT2_ROOT=1,2,3,5,8,11,13
EPT2_ROOT=1,2,3,5,8,11,14
EPT2_ROOT=1,2,3,5,8,12,13
EPT2_ROOT=1,2,3,5,8,12,14
EPT2_ROOT=1,2,3,5,8,13,14
EPT2_ROOT=1,2,3,5,9,10,11
EPT2_ROOT=1,2,3,5,9,10,12
EPT2_ROOT=1,2,3,5,9,10,13
EPT2_ROOT=1,2,3,5,9,10,14
EPT2_ROOT=1,2,3,5,9,11,12
EPT2_ROOT=1,2,3,5,9,11,13
EPT2_ROOT=1,2,3,5,9,11,14
EPT2_ROOT=1,2,3,5,9,12,13
EPT2_ROOT=1,2,3,5,9,12,14
EPT2_ROOT=1,2,3,5,9,13,14
EPT2_ROOT=1,2,3,5,10,11,12
EPT2_ROOT=1,2,3,5,10,11,13
EPT2_ROOT=1,2,3,5,10,11,14
EPT2_ROOT=1,2,3,5,10,12,13
EPT2_ROOT=1,2,3,5,10,12,14
EPT2_ROOT=1,2,3,5,10,13,14
EPT2_ROOT=1,2,3,5,11,12,13
EPT2_ROOT=1,2,3,5,11,12,14
EPT2_ROOT=1,2,3,5,11,13,14
EPT2_ROOT=1,2,3,5,12,13,14
EPT2_ROOT=1,2,3,6,7,8,9
EPT2_ROOT=1,2,3,6,7,8,10
EPT2_ROOT=1,2,3,6,7,8,11
EPT2_ROOT=1,2,3,6,7,8,12
EPT2_ROOT=1,2,3,6,7,8,13
EPT2_ROOT=1,2,3,6,7,8,14
EPT2_ROOT=1,2,3,6,7,9,10
EPT2_ROOT=1,2,3,6,7,9,11
EPT2_ROOT=1,2,3,6,7,9,12
EPT2_ROOT=1,2,3,6,7,9,13
EPT2_ROOT=1,2,3,6,7,9,14
EPT2_ROOT=1,2,3,6,7,10,11
EPT2_ROOT=1,2,3,6,7,10,12
EPT2_ROOT=1,2,3,6,7,10,13
EPT2_ROOT=1,2,3,6,7,10,14
EPT2_ROOT=1,2,3,6,7,11,12
EPT2_ROOT=1,2,3,6,7,11,13
EPT2_ROOT=1,2,3,6,7,11,14
EPT2_ROOT=1,2,3,6,7,12,13
EPT2_ROOT=1,2,3,6,7,12,14
EPT2_ROOT=1,2,3,6,7,13,14
EPT2_ROOT=1,2,3,6,8,9,10
EPT2_ROOT=1,2,3,6,8,9,11
EPT2_ROOT=1,2,3,6,8,9,12
EPT2_ROOT=1,2,3,6,8,9,13
EPT2_ROOT=1,2,3,6,8,9,14
EPT2_ROOT=1,2,3,6,8,10,11
EPT2_ROOT=1,2,3,6,8,10,12
EPT2_ROOT=1,2,3,6,8,10,13
EPT2_ROOT=1,2,3,6,8,10,14
EPT2_ROOT=1,2,3,6,8,11,12
EPT2_ROOT=1,2,3,6,8,11,13
EPT2_ROOT=1,2,3,6,8,11,14
EPT2_ROOT=1,2,3,6,8,12,13
EPT2_ROOT=1,2,3,6,8,12,14
EPT2_ROOT=1,2,3,6,8,13,14
EPT2_ROOT=1,2,3,6,9,10,11
EPT2_ROOT=1,2,3,6,9,10,12
EPT2_ROOT=1,2,3,6,9,10,13
EPT2_ROOT=1,2,3,6,9,10,14
EPT2_ROOT=1,2,3,6,9,11,12
EPT2_ROOT=1,2,3,6,9,11,13
EPT2_ROOT=1,2,3,6,9,11,14
EPT2_ROOT=1,2,3,6,9,12,13
EPT2_ROOT=1,2,3,6,9,12,14
EPT2_ROOT=1,2,3,6,9,13,14
EPT2_ROOT=1,2,3,6,10,11,12
EPT2_ROOT=1,2,3,6,10,11,13
EPT2_ROOT=1,2,3,6,10,11,14
EPT2_ROOT=1,2,3,6,10,12,13
EPT2_ROOT=1,2,3,6,10,12,14
EPT2_ROOT=1,2,3,6,10,13,14
EPT2_ROOT=1,2,3,6,11,12,13
EPT2_ROOT=1,2,3,6,11,12,14
EPT2_ROOT=1,2,3,6,11,13,14
EPT2_ROOT=1,2,3,6,12,13,14
EPT2_ROOT=1,2,3,7,8,9,10
EPT2_ROOT=1,2,3,7,8,9,11
EPT2_ROOT=1,2,3,7,8,9,12
EPT2_ROOT=1,2,3,7,8,9,13
EPT2_ROOT=1,2,3,7,8,9,14
EPT2_ROOT=1,2,3,7,8,10,11
EPT2_ROOT=1,2,3,7,8,10,12
EPT2_ROOT=1,2,3,7,8,10,13
EPT2_ROOT=1,2,3,7,8,10,14
EPT2_ROOT=1,2,3,7,8,11,12
EPT2_ROOT=1,2,3,7,8,11,13
EPT2_ROOT=1,2,3,7,8,11,14
EPT2_ROOT=1,2,3,7,8,12,13
EPT2_ROOT=1,2,3,7,8,12,14
EPT2_ROOT=1,2,3,7,8,13,14
EPT2_ROOT=1,2,3,7,9,10,11
EPT2_ROOT=1,2,3,7,9,10,12
EPT2_ROOT=1,2,3,7,9,10,13
EPT2_ROOT=1,2,3,7,9,10,14
EPT2_ROOT=1,2,3,7,9,11,12
EPT2_ROOT=1,2,3,7,9,11,13
EPT2_ROOT=1,2,3,7,9,11,14
EPT2_ROOT=1,2,3,7,9,12,13
EPT2_ROOT=1,2,3,7,9,12,14
EPT2_ROOT=1,2,3,7,9,13,14
EPT2_ROOT=1,2,3,7,10,11,12
EPT2_ROOT=1,2,3,7,10,11,13
EPT2_ROOT=1,2,3,7,10,11,14
EPT2_ROOT=1,2,3,7,10,12,13
EPT2_ROOT=1,2,3,7,10,12,14
EPT2_ROOT=1,2,3,7,10,13,14
EPT2_ROOT=1,2,3,7,11,12,13
EPT2_ROOT=1,2,3,7,11,12,14
EPT2_ROOT=1,2,3,7,11,13,14
EPT2_ROOT=1,2,3,7,12,13,14
EPT2_ROOT=1,2,3,8,9,10,11
EPT2_ROOT=1,2,3,8,9,10,12
EPT2_ROOT=1,2,3,8,9,10,13
EPT2_ROOT=1,2,3,8,9,10,14
EPT2_ROOT=1,2,3,8,9,11,12
EPT2_ROOT=1,2,3,8,9,11,13
EPT2_ROOT=1,2,3,8,9,11,14
EPT2_ROOT=1,2,3,8,9,12,13
EPT2_ROOT=1,2,3,8,9,12,14
EPT2_ROOT=1,2,3,8,9,13,14
EPT2_ROOT=1,2,3,8,10,11,12
EPT2_ROOT=1,2,3,8,10,11,13
EPT2_ROOT=1,2,3,8,10,11,14
EPT2_ROOT=1,2,3,8,10,12,13
EPT2_ROOT=1,2,3,8,10,12,14
EPT2_ROOT=1,2,3,8,10,13,14
EPT2_ROOT=1,2,3,8,11,12,13
EPT2_ROOT=1,2,3,8,11,12,14
EPT2_ROOT=1,2,3,8,11,13,14
EPT2_ROOT=1,2,3,8,12,13,14
EPT2_ROOT=1,2,3,9,10,11,12
EPT2_ROOT=1,2,3,9,10,11,13
EPT2_ROOT=1,2,3,9,10,11,14
EPT2_ROOT=1,2,3,9,10,12,13
EPT2_ROOT=1,2,3,9,10,12,14
EPT2_ROOT=1,2,3,9,10,13,14
EPT2_ROOT=1,2,3,9,11,12,13
EPT2_ROOT=1,2,3,9,11,12,14
EPT2_ROOT=1,2,3,9,11,13,14
EPT2_ROOT=1,2,3,9,12,13,14
EPT2_ROOT=1,2,3,10,11,12,13
EPT2_ROOT=1,2,3,10,11,12,14
EPT2_ROOT=1,2,3,10,11,13,14
EPT2_ROOT=1,2,3,10,12,13,14
EPT2_ROOT=1,2,3,11,12,13,14
EPT2_ROOT=1,2,4,5,6,7,8
EPT2_ROOT=1,2,4,5,6,7,9
EPT2_ROOT=1,2,4,5,6,7,10
EPT2_ROOT=1,2,4,5,6,7,11
EPT2_ROOT=1,2,4,5,6,7,12
EPT2_ROOT=1,2,4,5,6,7,13
EPT2_ROOT=1,2,4,5,6,7,14
EPT2_ROOT=1,2,4,5,6,8,9
EPT2_ROOT=1,2,4,5,6,8,10
EPT2_ROOT=1,2,4,5,6,8,11
EPT2_ROOT=1,2,4,5,6,8,12
EPT2_ROOT=1,2,4,5,6,8,13
EPT2_ROOT=1,2,4,5,6,8,14
EPT2_ROOT=1,2,4,5,6,9,10
EPT2_ROOT=1,2,4,5,6,9,11
EPT2_ROOT=1,2,4,5,6,9,12
EPT2_ROOT=1,2,4,5,6,9,13
EPT2_ROOT=1,2,4,5,6,9,14
EPT2_ROOT=1,2,4,5,6,10,11
EPT2_ROOT=1,2,4,5,6,10,12
EPT2_ROOT=1,2,4,5,6,10,14
EPT2_ROOT=1,2,4,5,6,11,12
EPT2_ROOT=1,2,4,5,6,11,13
EPT2_ROOT=1,2,4,5,6,11,14
EPT2_ROOT=1,2,4,5,6,12,14
EPT2_ROOT=1,2,4,5,6,13,14
EPT2_ROOT=1,2,4,5,7,8,9
EPT2_ROOT=1,2,4,5,7,8,10
EPT2_ROOT=1,2,4,5,7,8,11
EPT2_ROOT=1,2,4,5,7,8,12
EPT2_ROOT=1,2,4,5,7,8,13
EPT2_ROOT=1,2,4,5,7,8,14
EPT2_ROOT=1,2,4,5,7,9,10
EPT2_ROOT=1,2,4,5,7,9,11
EPT2_ROOT=1,2,4,5,7,9,12
EPT2_ROOT=1,2,4,5,7,9,13
EPT2_ROOT=1,2,4,5,7,9,14
EPT2_ROOT=1,2,4,5,7,10,11
EPT2_ROOT=1,2,4,5,7,10,12
EPT2_ROOT=1,2,4,5,7,10,13
EPT2_ROOT=1,2,4,5,7,10,14
EPT2_ROOT=1,2,4,5,7,11,12
EPT2_ROOT=1,2,4,5,7,11,13
EPT2_ROOT=1,2,4,5,7,11,14
EPT2_ROOT=1,2,4,5,7,12,13
EPT2_ROOT=1,2,4,5,7,12,14
EPT2_ROOT=1,2,4,5,7,13,14
EPT2_ROOT=1,2,4,5,8,9,10
EPT2_ROOT=1,2,4,5,8,9,11
EPT2_ROOT=1,2,4,5,8,9,12
EPT2_ROOT=1,2,4,5,8,9,13
EPT2_ROOT=1,2,4,5,8,9,14
EPT2_ROOT=1,2,4,5,8,10,11
EPT2_ROOT=1,2,4,5,8,10,12
EPT2_ROOT=1,2,4,5,8,10,13
EPT2_ROOT=1,2,4,5,8,10,14
EPT2_ROOT=1,2,4,5,8,11,12
EPT2_ROOT=1,2,4,5,8,11,13
EPT2_ROOT=1,2,4,5,8,11,14
EPT2_ROOT=1,2,4,5,8,12,13
EPT2_ROOT=1,2,4,5,8,12,14
EPT2_ROOT=1,2,4,5,8,13,14
EPT2_ROOT=1,2,4,5,9,10,11
EPT2_ROOT=1,2,4,5,9,10,12
EPT2_ROOT=1,2,4,5,9,10,13
EPT2_ROOT=1,2,4,5,9,10,14
EPT2_ROOT=1,2,4,5,9,11,12
EPT2_ROOT=1,2,4,5,9,11,13
EPT2_ROOT=1,2,4,5,9,11,14
EPT2_ROOT=1,2,4,5,9,12,13
EPT2_ROOT=1,2,4,5,9,12,14
EPT2_ROOT=1,2,4,5,9,13,14
EPT2_ROOT=1,2,4,5,10,11,12
EPT2_ROOT=1,2,4,5,10,11,13
EPT2_ROOT=1,2,4,5,10,11,14
EPT2_ROOT=1,2,4,5,10,12,13
EPT2_ROOT=1,2,4,5,10,12,14
EPT2_ROOT=1,2,4,5,10,13,14
EPT2_ROOT=1,2,4,5,11,12,13
EPT2_ROOT=1,2,4,5,11,12,14
EPT2_ROOT=1,2,4,5,11,13,14
EPT2_ROOT=1,2,4,5,12,13,14
EPT2_ROOT=1,2,4,6,7,8,9
EPT2_ROOT=1,2,4,6,7,8,10
EPT2_ROOT=1,2,4,6,7,8,11
EPT2_ROOT=1,2,4,6,7,8,12
EPT2_ROOT=1,2,4,6,7,8,13
EPT2_ROOT=1,2,4,6,7,8,14
EPT2_ROOT=1,2,4,6,7,9,10
EPT2_ROOT=1,2,4,6,7,9,11
EPT2_ROOT=1,2,4,6,7,9,12
EPT2_ROOT=1,2,4,6,7,9,13
EPT2_ROOT=1,2,4,6,7,9,14
EPT2_ROOT=1,2,4,6,7,10,11
EPT2_ROOT=1,2,4,6,7,10,12
EPT2_ROOT=1,2,4,6,7,10,13
EPT2_ROOT=1,2,4,6,7,10,14
EPT2_ROOT=1,2,4,6,7,11,12
EPT2_ROOT=1,2,4,6,7,11,13
EPT2_ROOT=1,2,4,6,7,11,14
EPT2_ROOT=1,2,4,6,7,12,13
EPT2_ROOT=1,2,4,6,7,12,14
EPT2_ROOT=1,2,4,6,7,13,14
EPT2_ROOT=1,2,4,6,8,9,10
EPT2_ROOT=1,2,4,6,8,9,11
EPT2_ROOT=1,2,4,6,8,9,12
EPT2_ROOT=1,2,4,6,8,9,13
EPT2_ROOT=1,2,4,6,8,9,14
EPT2_ROOT=1,2,4,6,8,10,11
EPT2_ROOT=1,2,4,6,8,10,12
EPT2_ROOT=1,2,4,6,8,10,13
EPT2_ROOT=1,2,4,6,8,10,14
EPT2_ROOT=1,2,4,6,8,11,12
EPT2_ROOT=1,2,4,6,8,11,13
EPT2_ROOT=1,2,4,6,8,11,14
EPT2_ROOT=1,2,4,6,8,12,13
EPT2_ROOT=1,2,4,6,8,12,14
EPT2_ROOT=1,2,4,6,8,13,14
EPT2_ROOT=1,2,4,6,9,10,11
EPT2_ROOT=1,2,4,6,9,10,12
EPT2_ROOT=1,2,4,6,9,10,13
EPT2_ROOT=1,2,4,6,9,10,14
EPT2_ROOT=1,2,4,6,9,11,12
EPT2_ROOT=1,2,4,6,9,11,13
EPT2_ROOT=1,2,4,6,9,11,14
EPT2_ROOT=1,2,4,6,9,12,13
EPT2_ROOT=1,2,4,6,9,12,14
EPT2_ROOT=1,2,4,6,9,13,14
EPT2_ROOT=1,2,4,6,10,11,12
EPT2_ROOT=1,2,4,6,10,11,13
EPT2_ROOT=1,2,4,6,10,11,14
EPT2_ROOT=1,2,4,6,10,12,13
EPT2_ROOT=1,2,4,6,10,12,14
EPT2_ROOT=1,2,4,6,10,13,14
EPT2_ROOT=1,2,4,6,11,12,13
EPT2_ROOT=1,2,4,6,11,12,14
EPT2_ROOT=1,2,4,6,11,13,14
EPT2_ROOT=1,2,4,6,12,13,14
EPT2_ROOT=1,2,4,7,8,9,10
EPT2_ROOT=1,2,4,7,8,9,11
EPT2_ROOT=1,2,4,7,8,9,12
EPT2_ROOT=1,2,4,7,8,9,13
EPT2_ROOT=1,2,4,7,8,9,14
EPT2_ROOT=1,2,4,7,8,10,11
EPT2_ROOT=1,2,4,7,8,10,12
EPT2_ROOT=1,2,4,7,8,10,13
EPT2_ROOT=1,2,4,7,8,10,14
EPT2_ROOT=1,2,4,7,8,11,12
EPT2_ROOT=1,2,4,7,8,11,13
EPT2_ROOT=1,2,4,7,8,11,14
EPT2_ROOT=1,2,4,7,8,12,13
EPT2_ROOT=1,2,4,7,8,12,14
EPT2_ROOT=1,2,4,7,8,13,14
EPT2_ROOT=1,2,4,7,9,10,11
EPT2_ROOT=1,2,4,7,9,10,12
EPT2_ROOT=1,2,4,7,9,10,13
EPT2_ROOT=1,2,4,7,9,10,14
EPT2_ROOT=1,2,4,7,9,11,12
EPT2_ROOT=1,2,4,7,9,11,13
EPT2_ROOT=1,2,4,7,9,11,14
EPT2_ROOT=1,2,4,7,9,12,13
EPT2_ROOT=1,2,4,7,9,12,14
EPT2_ROOT=1,2,4,7,9,13,14
EPT2_ROOT=1,2,4,7,10,11,12
EPT2_ROOT=1,2,4,7,10,11,13
EPT2_ROOT=1,2,4,7,10,11,14
EPT2_ROOT=1,2,4,7,10,12,13
EPT2_ROOT=1,2,4,7,10,12,14
EPT2_ROOT=1,2,4,7,10,13,14
EPT2_ROOT=1,2,4,7,11,12,13
EPT2_ROOT=1,2,4,7,11,12,14
EPT2_ROOT=1,2,4,7,11,13,14
EPT2_ROOT=1,2,4,7,12,13,14
EPT2_ROOT=1,2,4,8,9,10,11
EPT2_ROOT=1,2,4,8,9,10,12
EPT2_ROOT=1,2,4,8,9,10,13
EPT2_ROOT=1,2,4,8,9,10,14
EPT2_ROOT=1,2,4,8,9,11,12
EPT2_ROOT=1,2,4,8,9,11,13
EPT2_ROOT=1,2,4,8,9,11,14
EPT2_ROOT=1,2,4,8,9,12,13
EPT2_ROOT=1,2,4,8,9,12,14
EPT2_ROOT=1,2,4,8,9,13,14
EPT2_ROOT=1,2,4,8,10,11,12
EPT2_ROOT=1,2,4,8,10,11,13
EPT2_ROOT=1,2,4,8,10,11,14
EPT2_ROOT=1,2,4,8,10,12,13
EPT2_ROOT=1,2,4,8,10,12,14
EPT2_ROOT=1,2,4,8,10,13,14
EPT2_ROOT=1,2,4,8,11,12,13
EPT2_ROOT=1,2,4,8,11,12,14
EPT2_ROOT=1,2,4,8,11,13,14
EPT2_ROOT=1,2,4,8,12,13,14
EPT2_ROOT=1,2,4,9,10,11,12
EPT2_ROOT=1,2,4,9,10,11,13
EPT2_ROOT=1,2,4,9,10,11,14
EPT2_ROOT=1,2,4,9,10,12,13
EPT2_ROOT=1,2,4,9,10,12,14
EPT2_ROOT=1,2,4,9,10,13,14
EPT2_ROOT=1,2,4,9,11,12,13
EPT2_ROOT=1,2,4,9,11,12,14
EPT2_ROOT=1,2,4,9,11,13,14
EPT2_ROOT=1,2,4,9,12,13,14
EPT2_ROOT=1,2,4,10,11,12,13
EPT2_ROOT=1,2,4,10,11,12,14
EPT2_ROOT=1,2,4,10,11,13,14
EPT2_ROOT=1,2,4,10,12,13,14
EPT2_ROOT=1,2,4,11,12,13,14
EPT2_ROOT=1,2,5,6,7,8,9
EPT2_ROOT=1,2,5,6,7,8,10
EPT2_ROOT=1,2,5,6,7,8,11
EPT2_ROOT=1,2,5,6,7,8,12
EPT2_ROOT=1,2,5,6,7,8,13
EPT2_ROOT=1,2,5,6,7,8,14
EPT2_ROOT=1,2,5,6,7,9,10
EPT2_ROOT=1,2,5,6,7,9,11
EPT2_ROOT=1,2,5,6,7,9,12
EPT2_ROOT=1,2,5,6,7,9,13
EPT2_ROOT=1,2,5,6,7,9,14
EPT2_ROOT=1,2,5,6,7,10,11
EPT2_ROOT=1,2,5,6,7,10,12
EPT2_ROOT=1,2,5,6,7,10,13
EPT2_ROOT=1,2,5,6,7,10,14
EPT2_ROOT=1,2,5,6,7,11,12
EPT2_ROOT=1,2,5,6,7,11,13
EPT2_ROOT=1,2,5,6,7,11,14
EPT2_ROOT=1,2,5,6,7,12,13
EPT2_ROOT=1,2,5,6,7,12,14
EPT2_ROOT=1,2,5,6,7,13,14
EPT2_ROOT=1,2,5,6,8,9,10
EPT2_ROOT=1,2,5,6,8,9,11
EPT2_ROOT=1,2,5,6,8,9,12
EPT2_ROOT=1,2,5,6,8,9,13
EPT2_ROOT=1,2,5,6,8,9,14
EPT2_ROOT=1,2,5,6,8,10,11
EPT2_ROOT=1,2,5,6,8,10,12
EPT2_ROOT=1,2,5,6,8,10,13
EPT2_ROOT=1,2,5,6,8,10,14
EPT2_ROOT=1,2,5,6,8,11,12
EPT2_ROOT=1,2,5,6,8,11,13
EPT2_ROOT=1,2,5,6,8,11,14
EPT2_ROOT=1,2,5,6,8,12,13
EPT2_ROOT=1,2,5,6,8,12,14
EPT2_ROOT=1,2,5,6,8,13,14
EPT2_ROOT=1,2,5,6,9,10,11
EPT2_ROOT=1,2,5,6,9,10,12
EPT2_ROOT=1,2,5,6,9,10,13
EPT2_ROOT=1,2,5,6,9,10,14
EPT2_ROOT=1,2,5,6,9,11,12
EPT2_ROOT=1,2,5,6,9,11,13
EPT2_ROOT=1,2,5,6,9,11,14
EPT2_ROOT=1,2,5,6,9,12,13
EPT2_ROOT=1,2,5,6,9,12,14
EPT2_ROOT=1,2,5,6,9,13,14
EPT2_ROOT=1,2,5,6,10,11,12
EPT2_ROOT=1,2,5,6,10,11,13
EPT2_ROOT=1,2,5,6,10,11,14
EPT2_ROOT=1,2,5,6,10,12,13
EPT2_ROOT=1,2,5,6,10,12,14
EPT2_ROOT=1,2,5,6,10,13,14
EPT2_ROOT=1,2,5,6,11,12,13
EPT2_ROOT=1,2,5,6,11,12,14
EPT2_ROOT=1,2,5,6,11,13,14
EPT2_ROOT=1,2,5,6,12,13,14
EPT2_ROOT=1,2,5,7,8,9,10
EPT2_ROOT=1,2,5,7,8,9,11
EPT2_ROOT=1,2,5,7,8,9,12
EPT2_ROOT=1,2,5,7,8,9,13
EPT2_ROOT=1,2,5,7,8,9,14
EPT2_ROOT=1,2,5,7,8,10,11
EPT2_ROOT=1,2,5,7,8,10,12
EPT2_ROOT=1,2,5,7,8,10,13
EPT2_ROOT=1,2,5,7,8,10,14
EPT2_ROOT=1,2,5,7,8,11,12
EPT2_ROOT=1,2,5,7,8,11,13
EPT2_ROOT=1,2,5,7,8,11,14
EPT2_ROOT=1,2,5,7,8,12,13
EPT2_ROOT=1,2,5,7,8,12,14
EPT2_ROOT=1,2,5,7,8,13,14
EPT2_ROOT=1,2,5,7,9,10,11
EPT2_ROOT=1,2,5,7,9,10,12
EPT2_ROOT=1,2,5,7,9,10,13
EPT2_ROOT=1,2,5,7,9,10,14
EPT2_ROOT=1,2,5,7,9,11,12
EPT2_ROOT=1,2,5,7,9,11,13
EPT2_ROOT=1,2,5,7,9,11,14
EPT2_ROOT=1,2,5,7,9,12,13
EPT2_ROOT=1,2,5,7,9,12,14
EPT2_ROOT=1,2,5,7,9,13,14
EPT2_ROOT=1,2,5,7,10,11,12
EPT2_ROOT=1,2,5,7,10,11,13
EPT2_ROOT=1,2,5,7,10,11,14
EPT2_ROOT=1,2,5,7,10,12,13
EPT2_ROOT=1,2,5,7,10,12,14
EPT2_ROOT=1,2,5,7,10,13,14
EPT2_ROOT=1,2,5,7,11,12,13
EPT2_ROOT=1,2,5,7,11,12,14
EPT2_ROOT=1,2,5,7,11,13,14
EPT2_ROOT=1,2,5,7,12,13,14
EPT2_ROOT=1,2,5,8,9,10,11
EPT2_ROOT=1,2,5,8,9,10,12
EPT2_ROOT=1,2,5,8,9,10,13
EPT2_ROOT=1,2,5,8,9,10,14
EPT2_ROOT=1,2,5,8,9,11,12
EPT2_ROOT=1,2,5,8,9,11,13
EPT2_ROOT=1,2,5,8,9,11,14
EPT2_ROOT=1,2,5,8,9,12,13
EPT2_ROOT=1,2,5,8,9,12,14
EPT2_ROOT=1,2,5,8,9,13,14
EPT2_ROOT=1,2,5,8,10,11,12
EPT2_ROOT=1,2,5,8,10,11,13
EPT2_ROOT=1,2,5,8,10,11,14
EPT2_ROOT=1,2,5,8,10,12,13
EPT2_ROOT=1,2,5,8,10,12,14
EPT2_ROOT=1,2,5,8,10,13,14
EPT2_ROOT=1,2,5,8,11,12,13
EPT2_ROOT=1,2,5,8,11,12,14
EPT2_ROOT=1,2,5,8,11,13,14
EPT2_ROOT=1,2,5,8,12,13,14
EPT2_ROOT=1,2,5,9,10,11,12
EPT2_ROOT=1,2,5,9,10,11,13
EPT2_ROOT=1,2,5,9,10,11,14
EPT2_ROOT=1,2,5,9,10,12,13
EPT2_ROOT=1,2,5,9,10,12,14
EPT2_ROOT=1,2,5,9,10,13,14
EPT2_ROOT=1,2,5,9,11,12,13
EPT2_ROOT=1,2,5,9,11,12,14
EPT2_ROOT=1,2,5,9,11,13,14
EPT2_ROOT=1,2,5,9,12,13,14
EPT2_ROOT=1,2,5,10,11,12,13
EPT2_ROOT=1,2,5,10,11,12,14
EPT2_ROOT=1,2,5,10,11,13,14
EPT2_ROOT=1,2,5,10,12,13,14
EPT2_ROOT=1,2,5,11,12,13,14
EPT2_ROOT=1,2,6,7,8,9,10
EPT2_ROOT=1,2,6,7,8,9,11
EPT2_ROOT=1,2,6,7,8,9,12
EPT2_ROOT=1,2,6,7,8,9,13
EPT2_ROOT=1,2,6,7,8,9,14
EPT2_ROOT=1,2,6,7,8,10,11
EPT2_ROOT=1,2,6,7,8,10,12
EPT2_ROOT=1,2,6,7,8,10,13
EPT2_ROOT=1,2,6,7,8,10,14
EPT2_ROOT=1,2,6,7,8,11,12
EPT2_ROOT=1,2,6,7,8,11,13
EPT2_ROOT=1,2,6,7,8,11,14
EPT2_ROOT=1,2,6,7,8,12,13
EPT2_ROOT=1,2,6,7,8,12,14
EPT2_ROOT=1,2,6,7,8,13,14
EPT2_ROOT=1,2,6,7,9,10,11
EPT2_ROOT=1,2,6,7,9,10,12
EPT2_ROOT=1,2,6,7,9,10,13
EPT2_ROOT=1,2,6,7,9,10,14
EPT2_ROOT=1,2,6,7,9,11,12
EPT2_ROOT=1,2,6,7,9,11,13
EPT2_ROOT=1,2,6,7,9,11,14
EPT2_ROOT=1,2,6,7,9,12,13
EPT2_ROOT=1,2,6,7,9,12,14
EPT2_ROOT=1,2,6,7,9,13,14
EPT2_ROOT=1,2,6,7,10,11,12
EPT2_ROOT=1,2,6,7,10,11,13
EPT2_ROOT=1,2,6,7,10,11,14
EPT2_ROOT=1,2,6,7,10,12,13
EPT2_ROOT=1,2,6,7,10,12,14
EPT2_ROOT=1,2,6,7,10,13,14
EPT2_ROOT=1,2,6,7,11,12,13
EPT2_ROOT=1,2,6,7,11,12,14
EPT2_ROOT=1,2,6,7,11,13,14
EPT2_ROOT=1,2,6,7,12,13,14
EPT2_ROOT=1,2,6,8,9,10,11
EPT2_ROOT=1,2,6,8,9,10,12
EPT2_ROOT=1,2,6,8,9,10,13
EPT2_ROOT=1,2,6,8,9,10,14
EPT2_ROOT=1,2,6,8,9,11,12
EPT2_ROOT=1,2,6,8,9,11,13
EPT2_ROOT=1,2,6,8,9,11,14
EPT2_ROOT=1,2,6,8,9,12,13
EPT2_ROOT=1,2,6,8,9,12,14
EPT2_ROOT=1,2,6,8,9,13,14
EPT2_ROOT=1,2,6,8,10,11,12
EPT2_ROOT=1,2,6,8,10,11,13
EPT2_ROOT=1,2,6,8,10,11,14
EPT2_ROOT=1,2,6,8,10,12,13
EPT2_ROOT=1,2,6,8,10,12,14
EPT2_ROOT=1,2,6,8,10,13,14
EPT2_ROOT=1,2,6,8,11,12,13
EPT2_ROOT=1,2,6,8,11,12,14
EPT2_ROOT=1,2,6,8,11,13,14
EPT2_ROOT=1,2,6,8,12,13,14
EPT2_ROOT=1,2,6,9,10,11,12
EPT2_ROOT=1,2,6,9,10,11,13
EPT2_ROOT=1,2,6,9,10,11,14
EPT2_ROOT=1,2,6,9,10,12,13
EPT2_ROOT=1,2,6,9,10,12,14
EPT2_ROOT=1,2,6,9,10,13,14
EPT2_ROOT=1,2,6,9,11,12,13
EPT2_ROOT=1,2,6,9,11,12,14
EPT2_ROOT=1,2,6,9,11,13,14
EPT2_ROOT=1,2,6,9,12,13,14
EPT2_ROOT=1,2,6,10,11,12,13
EPT2_ROOT=1,2,6,10,11,12,14
EPT2_ROOT=1,2,6,10,11,13,14
EPT2_ROOT=1,2,6,10,12,13,14
EPT2_ROOT=1,2,6,11,12,13,14
EPT2_ROOT=1,2,7,8,9,10,11
EPT2_ROOT=1,2,7,8,9,10,12
EPT2_ROOT=1,2,7,8,9,10,13
EPT2_ROOT=1,2,7,8,9,10,14
EPT2_ROOT=1,2,7,8,9,11,12
EPT2_ROOT=1,2,7,8,9,11,13
EPT2_ROOT=1,2,7,8,9,11,14
EPT2_ROOT=1,2,7,8,9,12,13
EPT2_ROOT=1,2,7,8,9,12,14
EPT2_ROOT=1,2,7,8,9,13,14
EPT2_ROOT=1,2,7,8,10,11,12
EPT2_ROOT=1,2,7,8,10,11,13
EPT2_ROOT=1,2,7,8,10,11,14
EPT2_ROOT=1,2,7,8,10,12,13
EPT2_ROOT=1,2,7,8,10,12,14
EPT2_ROOT=1,2,7,8,10,13,14
EPT2_ROOT=1,2,7,8,11,12,13
EPT2_ROOT=1,2,7,8,11,12,14
EPT2_ROOT=1,2,7,8,11,13,14
EPT2_ROOT=1,2,7,8,12,13,14
EPT2_ROOT=1,2,7,9,10,11,12
EPT2_ROOT=1,2,7,9,10,11,13
EPT2_ROOT=1,2,7,9,10,11,14
EPT2_ROOT=1,2,7,9,10,12,13
EPT2_ROOT=1,2,7,9,10,12,14
EPT2_ROOT=1,2,7,9,10,13,14
EPT2_ROOT=1,2,7,9,11,12,13
EPT2_ROOT=1,2,7,9,11,12,14
EPT2_ROOT=1,2,7,9,11,13,14
EPT2_ROOT=1,2,7,9,12,13,14
EPT2_ROOT=1,2,7,10,11,12,13
EPT2_ROOT=1,2,7,10,11,12,14
EPT2_ROOT=1,2,7,10,11,13,14
EPT2_ROOT=1,2,7,10,12,13,14
EPT2_ROOT=1,2,7,11,12,13,14
EPT2_ROOT=1,2,8,9,10,11,12
EPT2_ROOT=1,2,8,9,10,11,13
EPT2_ROOT=1,2,8,9,10,11,14
EPT2_ROOT=1,2,8,9,10,12,13
EPT2_ROOT=1,2,8,9,10,12,14
EPT2_ROOT=1,2,8,9,10,13,14
EPT2_ROOT=1,2,8,9,11,12,13
EPT2_ROOT=1,2,8,9,11,12,14
EPT2_ROOT=1,2,8,9,11,13,14
EPT2_ROOT=1,2,8,9,12,13,14
EPT2_ROOT=1,2,8,10,11,12,13
EPT2_ROOT=1,2,8,10,11,12,14
EPT2_ROOT=1,2,8,10,11,13,14
EPT2_ROOT=1,2,8,10,12,13,14
EPT2_ROOT=1,2,8,11,12,13,14
EPT2_ROOT=1,2,9,10,11,12,13
EPT2_ROOT=1,2,9,10,11,12,14
EPT2_ROOT=1,2,9,10,11,13,14
EPT2_ROOT=1,2,9,10,12,13,14
EPT2_ROOT=1,2,9,11,12,13,14
EPT2_ROOT=1,2,10,11,12,13,14
EPT2_ROOT=1,3,4,5,6,7,8
EPT2_ROOT=1,3,4,5,6,7,9
EPT2_ROOT=1,3,4,5,6,7,10
EPT2_ROOT=1,3,4,5,6,7,11
EPT2_ROOT=1,3,4,5,6,7,12
EPT2_ROOT=1,3,4,5,6,7,13
EPT2_ROOT=1,3,4,5,6,8,9
EPT2_ROOT=1,3,4,5,6,8,10
EPT2_ROOT=1,3,4,5,6,8,11
EPT2_ROOT=1,3,4,5,6,8,12
EPT2_ROOT=1,3,4,5,6,8,13
EPT2_ROOT=1,3,4,5,6,8,14
EPT2_ROOT=1,3,4,5,6,9,10
EPT2_ROOT=1,3,4,5,6,9,11
EPT2_ROOT=1,3,4,5,6,9,12
EPT2_ROOT=1,3,4,5,6,9,13
EPT2_ROOT=1,3,4,5,6,9,14
EPT2_ROOT=1,3,4,5,6,10,11
EPT2_ROOT=1,3,4,5,6,10,12
EPT2_ROOT=1,3,4,5,6,10,13
EPT2_ROOT=1,3,4,5,6,10,14
EPT2_ROOT=1,3,4,5,6,11,12
EPT2_ROOT=1,3,4,5,6,11,13
EPT2_ROOT=1,3,4,5,6,11,14
EPT2_ROOT=1,3,4,5,6,12,13
EPT2_ROOT=1,3,4,5,6,12,14
EPT2_ROOT=1,3,4,5,6,13,14
EPT2_ROOT=1,3,4,5,7,8,9
EPT2_ROOT=1,3,4,5,7,8,10
EPT2_ROOT=1,3,4,5,7,8,11
EPT2_ROOT=1,3,4,5,7,8,12
EPT2_ROOT=1,3,4,5,7,8,13
EPT2_ROOT=1,3,4,5,7,8,14
EPT2_ROOT=1,3,4,5,7,9,10
EPT2_ROOT=1,3,4,5,7,9,11
EPT2_ROOT=1,3,4,5,7,9,12
EPT2_ROOT=1,3,4,5,7,9,13
EPT2_ROOT=1,3,4,5,7,9,14
EPT2_ROOT=1,3,4,5,7,10,11
EPT2_ROOT=1,3,4,5,7,10,12
EPT2_ROOT=1,3,4,5,7,10,13
EPT2_ROOT=1,3,4,5,7,10,14
EPT2_ROOT=1,3,4,5,7,11,12
EPT2_ROOT=1,3,4,5,7,11,13
EPT2_ROOT=1,3,4,5,7,11,14
EPT2_ROOT=1,3,4,5,7,12,13
EPT2_ROOT=1,3,4,5,7,12,14
EPT2_ROOT=1,3,4,5,7,13,14
EPT2_ROOT=1,3,4,5,8,9,10
EPT2_ROOT=1,3,4,5,8,9,11
EPT2_ROOT=1,3,4,5,8,9,12
EPT2_ROOT=1,3,4,5,8,9,13
EPT2_ROOT=1,3,4,5,8,9,14
EPT2_ROOT=1,3,4,5,8,10,11
EPT2_ROOT=1,3,4,5,8,10,12
EPT2_ROOT=1,3,4,5,8,10,13
EPT2_ROOT=1,3,4,5,8,10,14
EPT2_ROOT=1,3,4,5,8,11,12
EPT2_ROOT=1,3,4,5,8,11,13
EPT2_ROOT=1,3,4,5,8,11,14
EPT2_ROOT=1,3,4,5,8,12,13
EPT2_ROOT=1,3,4,5,8,12,14
EPT2_ROOT=1,3,4,5,8,13,14
EPT2_ROOT=1,3,4,5,9,10,11
EPT2_ROOT=1,3,4,5,9,10,12
EPT2_ROOT=1,3,4,5,9,10,13
EPT2_ROOT=1,3,4,5,9,10,14
EPT2_ROOT=1,3,4,5,9,11,12
EPT2_ROOT=1,3,4,5,9,11,13
EPT2_ROOT=1,3,4,5,9,11,14
EPT2_ROOT=1,3,4,5,9,12,13
EPT2_ROOT=1,3,4,5,9,12,14
EPT2_ROOT=1,3,4,5,9,13,14
EPT2_ROOT=1,3,4,5,10,11,12
EPT2_ROOT=1,3,4,5,10,11,13
EPT2_ROOT=1,3,4,5,10,11,14
EPT2_ROOT=1,3,4,5,10,12,13
EPT2_ROOT=1,3,4,5,10,12,14
EPT2_ROOT=1,3,4,5,10,13,14
EPT2_ROOT=1,3,4,5,11,12,13
EPT2_ROOT=1,3,4,5,11,12,14
EPT2_ROOT=1,3,4,5,11,13,14
EPT2_ROOT=1,3,4,5,12,13,14
EPT2_ROOT=1,3,4,6,7,8,9
EPT2_ROOT=1,3,4,6,7,8,10
EPT2_ROOT=1,3,4,6,7,8,11
EPT2_ROOT=1,3,4,6,7,8,12
EPT2_ROOT=1,3,4,6,7,8,13
EPT2_ROOT=1,3,4,6,7,8,14
EPT2_ROOT=1,3,4,6,7,9,10
EPT2_ROOT=1,3,4,6,7,9,11
EPT2_ROOT=1,3,4,6,7,9,12
EPT2_ROOT=1,3,4,6,7,9,13
EPT2_ROOT=1,3,4,6,7,9,14
EPT2_ROOT=1,3,4,6,7,10,11
EPT2_ROOT=1,3,4,6,7,10,12
EPT2_ROOT=1,3,4,6,7,10,13
EPT2_ROOT=1,3,4,6,7,10,14
EPT2_ROOT=1,3,4,6,7,11,12
EPT2_ROOT=1,3,4,6,7,11,13
EPT2_ROOT=1,3,4,6,7,11,14
EPT2_ROOT=1,3,4,6,7,12,13
EPT2_ROOT=1,3,4,6,7,12,14
EPT2_ROOT=1,3,4,6,7,13,14
EPT2_ROOT=1,3,4,6,8,9,10
EPT2_ROOT=1,3,4,6,8,9,11
EPT2_ROOT=1,3,4,6,8,9,12
EPT2_ROOT=1,3,4,6,8,9,13
EPT2_ROOT=1,3,4,6,8,9,14
EPT2_ROOT=1,3,4,6,8,10,11
EPT2_ROOT=1,3,4,6,8,10,12
EPT2_ROOT=1,3,4,6,8,10,13
EPT2_ROOT=1,3,4,6,8,10,14
EPT2_ROOT=1,3,4,6,8,11,12
EPT2_ROOT=1,3,4,6,8,11,13
EPT2_ROOT=1,3,4,6,8,11,14
EPT2_ROOT=1,3,4,6,8,12,13
EPT2_ROOT=1,3,4,6,8,12,14
EPT2_ROOT=1,3,4,6,8,13,14
EPT2_ROOT=1,3,4,6,9,10,11
EPT2_ROOT=1,3,4,6,9,10,12
EPT2_ROOT=1,3,4,6,9,10,13
EPT2_ROOT=1,3,4,6,9,10,14
EPT2_ROOT=1,3,4,6,9,11,12
EPT2_ROOT=1,3,4,6,9,11,13
EPT2_ROOT=1,3,4,6,9,11,14
EPT2_ROOT=1,3,4,6,9,12,13
EPT2_ROOT=1,3,4,6,9,12,14
EPT2_ROOT=1,3,4,6,9,13,14
EPT2_ROOT=1,3,4,6,10,11,12
EPT2_ROOT=1,3,4,6,10,11,13
EPT2_ROOT=1,3,4,6,10,11,14
EPT2_ROOT=1,3,4,6,10,12,13
EPT2_ROOT=1,3,4,6,10,12,14
EPT2_ROOT=1,3,4,6,10,13,14
EPT2_ROOT=1,3,4,6,11,12,13
EPT2_ROOT=1,3,4,6,11,12,14
EPT2_ROOT=1,3,4,6,11,13,14
EPT2_ROOT=1,3,4,6,12,13,14
EPT2_ROOT=1,3,4,7,8,9,10
EPT2_ROOT=1,3,4,7,8,9,11
EPT2_ROOT=1,3,4,7,8,9,12
EPT2_ROOT=1,3,4,7,8,9,13
EPT2_ROOT=1,3,4,7,8,9,14
EPT2_ROOT=1,3,4,7,8,10,11
EPT2_ROOT=1,3,4,7,8,10,12
EPT2_ROOT=1,3,4,7,8,10,13
EPT2_ROOT=1,3,4,7,8,10,14
EPT2_ROOT=1,3,4,7,8,11,12
EPT2_ROOT=1,3,4,7,8,11,13
EPT2_ROOT=1,3,4,7,8,11,14
EPT2_ROOT=1,3,4,7,8,12,13
EPT2_ROOT=1,3,4,7,8,12,14
EPT2_ROOT=1,3,4,7,8,13,14
EPT2_ROOT=1,3,4,7,9,10,11
EPT2_ROOT=1,3,4,7,9,10,12
EPT2_ROOT=1,3,4,7,9,10,13
EPT2_ROOT=1,3,4,7,9,10,14
EPT2_ROOT=1,3,4,7,9,11,12
EPT2_ROOT=1,3,4,7,9,11,13
EPT2_ROOT=1,3,4,7,9,11,14
EPT2_ROOT=1,3,4,7,9,12,13
EPT2_ROOT=1,3,4,7,9,12,14
EPT2_ROOT=1,3,4,7,9,13,14
EPT2_ROOT=1,3,4,7,10,11,12
EPT2_ROOT=1,3,4,7,10,11,13
EPT2_ROOT=1,3,4,7,10,11,14
EPT2_ROOT=1,3,4,7,10,12,13
EPT2_ROOT=1,3,4,7,10,12,14
EPT2_ROOT=1,3,4,7,10,13,14
EPT2_ROOT=1,3,4,7,11,12,13
EPT2_ROOT=1,3,4,7,11,12,14
EPT2_ROOT=1,3,4,7,11,13,14
EPT2_ROOT=1,3,4,7,12,13,14
EPT2_ROOT=1,3,4,8,9,10,11
EPT2_ROOT=1,3,4,8,9,10,12
EPT2_ROOT=1,3,4,8,9,10,13
EPT2_ROOT=1,3,4,8,9,10,14
EPT2_ROOT=1,3,4,8,9,11,12
EPT2_ROOT=1,3,4,8,9,11,13
EPT2_ROOT=1,3,4,8,9,11,14
EPT2_ROOT=1,3,4,8,9,12,13
EPT2_ROOT=1,3,4,8,9,12,14
EPT2_ROOT=1,3,4,8,9,13,14
EPT2_ROOT=1,3,4,8,10,11,12
EPT2_ROOT=1,3,4,8,10,11,13
EPT2_ROOT=1,3,4,8,10,11,14
EPT2_ROOT=1,3,4,8,10,12,13
EPT2_ROOT=1,3,4,8,10,12,14
EPT2_ROOT=1,3,4,8,10,13,14
EPT2_ROOT=1,3,4,8,11,12,13
EPT2_ROOT=1,3,4,8,11,12,14
EPT2_ROOT=1,3,4,8,11,13,14
EPT2_ROOT=1,3,4,8,12,13,14
EPT2_ROOT=1,3,4,9,10,11,12
EPT2_ROOT=1,3,4,9,10,11,13
EPT2_ROOT=1,3,4,9,10,11,14
EPT2_ROOT=1,3,4,9,10,12,13
EPT2_ROOT=1,3,4,9,10,12,14
EPT2_ROOT=1,3,4,9,10,13,14
EPT2_ROOT=1,3,4,9,11,12,13
EPT2_ROOT=1,3,4,9,11,12,14
EPT2_ROOT=1,3,4,9,11,13,14
EPT2_ROOT=1,3,4,9,12,13,14
EPT2_ROOT=1,3,4,10,11,12,13
EPT2_ROOT=1,3,4,10,11,12,14
EPT2_ROOT=1,3,4,10,11,13,14
EPT2_ROOT=1,3,4,10,12,13,14
EPT2_ROOT=1,3,4,11,12,13,14
EPT2_ROOT=1,3,5,6,7,8,9
EPT2_ROOT=1,3,5,6,7,8,10
EPT2_ROOT=1,3,5,6,7,8,11
EPT2_ROOT=1,3,5,6,7,8,12
EPT2_ROOT=1,3,5,6,7,8,13
EPT2_ROOT=1,3,5,6,7,8,14
EPT2_ROOT=1,3,5,6,7,9,10
EPT2_ROOT=1,3,5,6,7,9,11
EPT2_ROOT=1,3,5,6,7,9,12
EPT2_ROOT=1,3,5,6,7,9,13
EPT2_ROOT=1,3,5,6,7,9,14
EPT2_ROOT=1,3,5,6,7,10,11
EPT2_ROOT=1,3,5,6,7,10,12
EPT2_ROOT=1,3,5,6,7,10,13
EPT2_ROOT=1,3,5,6,7,10,14
EPT2_ROOT=1,3,5,6,7,11,12
EPT2_ROOT=1,3,5,6,7,11,13
EPT2_ROOT=1,3,5,6,7,11,14
EPT2_ROOT=1,3,5,6,7,12,13
EPT2_ROOT=1,3,5,6,7,12,14
EPT2_ROOT=1,3,5,6,7,13,14
EPT2_ROOT=1,3,5,6,8,9,10
EPT2_ROOT=1,3,5,6,8,9,11
EPT2_ROOT=1,3,5,6,8,9,12
EPT2_ROOT=1,3,5,6,8,9,13
EPT2_ROOT=1,3,5,6,8,9,14
EPT2_ROOT=1,3,5,6,8,10,11
EPT2_ROOT=1,3,5,6,8,10,12
EPT2_ROOT=1,3,5,6,8,10,13
EPT2_ROOT=1,3,5,6,8,10,14
EPT2_ROOT=1,3,5,6,8,11,12
EPT2_ROOT=1,3,5,6,8,11,13
EPT2_ROOT=1,3,5,6,8,11,14
EPT2_ROOT=1,3,5,6,8,12,13
EPT2_ROOT=1,3,5,6,8,12,14
EPT2_ROOT=1,3,5,6,8,13,14
EPT2_ROOT=1,3,5,6,9,10,11
EPT2_ROOT=1,3,5,6,9,10,12
EPT2_ROOT=1,3,5,6,9,10,13
EPT2_ROOT=1,3,5,6,9,10,14
EPT2_ROOT=1,3,5,6,9,11,12
EPT2_ROOT=1,3,5,6,9,11,13
EPT2_ROOT=1,3,5,6,9,11,14
EPT2_ROOT=1,3,5,6,9,12,13
EPT2_ROOT=1,3,5,6,9,12,14
EPT2_ROOT=1,3,5,6,9,13,14
EPT2_ROOT=1,3,5,6,10,11,12
EPT2_ROOT=1,3,5,6,10,11,13
EPT2_ROOT=1,3,5,6,10,11,14
EPT2_ROOT=1,3,5,6,10,12,13
EPT2_ROOT=1,3,5,6,10,12,14
EPT2_ROOT=1,3,5,6,10,13,14
EPT2_ROOT=1,3,5,6,11,12,13
EPT2_ROOT=1,3,5,6,11,12,14
EPT2_ROOT=1,3,5,6,11,13,14
EPT2_ROOT=1,3,5,6,12,13,14
EPT2_ROOT=1,3,5,7,8,9,10
EPT2_ROOT=1,3,5,7,8,9,11
EPT2_ROOT=1,3,5,7,8,9,12
EPT2_ROOT=1,3,5,7,8,9,13
EPT2_ROOT=1,3,5,7,8,9,14
EPT2_ROOT=1,3,5,7,8,10,11
EPT2_ROOT=1,3,5,7,8,10,12
EPT2_ROOT=1,3,5,7,8,10,13
EPT2_ROOT=1,3,5,7,8,10,14
EPT2_ROOT=1,3,5,7,8,11,12
EPT2_ROOT=1,3,5,7,8,11,13
EPT2_ROOT=1,3,5,7,8,11,14
EPT2_ROOT=1,3,5,7,8,12,13
EPT2_ROOT=1,3,5,7,8,12,14
EPT2_ROOT=1,3,5,7,8,13,14
EPT2_ROOT=1,3,5,7,9,10,11
EPT2_ROOT=1,3,5,7,9,10,12
EPT2_ROOT=1,3,5,7,9,10,13
EPT2_ROOT=1,3,5,7,9,10,14
EPT2_ROOT=1,3,5,7,9,11,12
EPT2_ROOT=1,3,5,7,9,11,13
EPT2_ROOT=1,3,5,7,9,11,14
EPT2_ROOT=1,3,5,7,9,12,13
EPT2_ROOT=1,3,5,7,9,12,14
EPT2_ROOT=1,3,5,7,9,13,14
EPT2_ROOT=1,3,5,7,10,11,12
EPT2_ROOT=1,3,5,7,10,11,13
EPT2_ROOT=1,3,5,7,10,11,14
EPT2_ROOT=1,3,5,7,10,12,13
EPT2_ROOT=1,3,5,7,10,12,14
EPT2_ROOT=1,3,5,7,10,13,14
EPT2_ROOT=1,3,5,7,11,12,13
EPT2_ROOT=1,3,5,7,11,12,14
EPT2_ROOT=1,3,5,7,11,13,14
EPT2_ROOT=1,3,5,7,12,13,14
EPT2_ROOT=1,3,5,8,9,10,11
EPT2_ROOT=1,3,5,8,9,10,12
EPT2_ROOT=1,3,5,8,9,10,13
EPT2_ROOT=1,3,5,8,9,10,14
EPT2_ROOT=1,3,5,8,9,11,12
EPT2_ROOT=1,3,5,8,9,11,13
EPT2_ROOT=1,3,5,8,9,11,14
EPT2_ROOT=1,3,5,8,9,12,13
EPT2_ROOT=1,3,5,8,9,12,14
EPT2_ROOT=1,3,5,8,9,13,14
EPT2_ROOT=1,3,5,8,10,11,12
EPT2_ROOT=1,3,5,8,10,11,13
EPT2_ROOT=1,3,5,8,10,11,14
EPT2_ROOT=1,3,5,8,10,12,13
EPT2_ROOT=1,3,5,8,10,12,14
EPT2_ROOT=1,3,5,8,10,13,14
EPT2_ROOT=1,3,5,8,11,12,13
EPT2_ROOT=1,3,5,8,11,12,14
EPT2_ROOT=1,3,5,8,11,13,14
EPT2_ROOT=1,3,5,8,12,13,14
EPT2_ROOT=1,3,5,9,10,11,12
EPT2_ROOT=1,3,5,9,10,11,13
EPT2_ROOT=1,3,5,9,10,11,14
EPT2_ROOT=1,3,5,9,10,12,13
EPT2_ROOT=1,3,5,9,10,12,14
EPT2_ROOT=1,3,5,9,10,13,14
EPT2_ROOT=1,3,5,9,11,12,13
EPT2_ROOT=1,3,5,9,11,12,14
EPT2_ROOT=1,3,5,9,11,13,14
EPT2_ROOT=1,3,5,9,12,13,14
EPT2_ROOT=1,3,5,10,11,12,13
EPT2_ROOT=1,3,5,10,11,12,14
EPT2_ROOT=1,3,5,10,11,13,14
EPT2_ROOT=1,3,5,10,12,13,14
EPT2_ROOT=1,3,5,11,12,13,14
EPT2_ROOT=1,3,6,7,8,9,10
EPT2_ROOT=1,3,6,7,8,9,11
EPT2_ROOT=1,3,6,7,8,9,12
EPT2_ROOT=1,3,6,7,8,9,13
EPT2_ROOT=1,3,6,7,8,9,14
EPT2_ROOT=1,3,6,7,8,10,11
EPT2_ROOT=1,3,6,7,8,10,12
EPT2_ROOT=1,3,6,7,8,10,13
EPT2_ROOT=1,3,6,7,8,10,14
EPT2_ROOT=1,3,6,7,8,11,12
EPT2_ROOT=1,3,6,7,8,11,13
EPT2_ROOT=1,3,6,7,8,11,14
EPT2_ROOT=1,3,6,7,8,12,13
EPT2_ROOT=1,3,6,7,8,12,14
EPT2_ROOT=1,3,6,7,8,13,14
EPT2_ROOT=1,3,6,7,9,10,11
EPT2_ROOT=1,3,6,7,9,10,12
EPT2_ROOT=1,3,6,7,9,10,13
EPT2_ROOT=1,3,6,7,9,10,14
EPT2_ROOT=1,3,6,7,9,11,12
EPT2_ROOT=1,3,6,7,9,11,13
EPT2_ROOT=1,3,6,7,9,11,14
EPT2_ROOT=1,3,6,7,9,12,13
EPT2_ROOT=1,3,6,7,9,12,14
EPT2_ROOT=1,3,6,7,9,13,14
EPT2_ROOT=1,3,6,7,10,11,12
EPT2_ROOT=1,3,6,7,10,11,13
EPT2_ROOT=1,3,6,7,10,11,14
EPT2_ROOT=1,3,6,7,10,12,13
EPT2_ROOT=1,3,6,7,10,12,14
EPT2_ROOT=1,3,6,7,10,13,14
EPT2_ROOT=1,3,6,7,11,12,13
EPT2_ROOT=1,3,6,7,11,12,14
EPT2_ROOT=1,3,6,7,11,13,14
EPT2_ROOT=1,3,6,7,12,13,14
EPT2_ROOT=1,3,6,8,9,10,11
EPT2_ROOT=1,3,6,8,9,10,12
EPT2_ROOT=1,3,6,8,9,10,13
EPT2_ROOT=1,3,6,8,9,10,14
EPT2_ROOT=1,3,6,8,9,11,12
EPT2_ROOT=1,3,6,8,9,11,13
EPT2_ROOT=1,3,6,8,9,11,14
EPT2_ROOT=1,3,6,8,9,12,13
EPT2_ROOT=1,3,6,8,9,12,14
EPT2_ROOT=1,3,6,8,9,13,14
EPT2_ROOT=1,3,6,8,10,11,12
EPT2_ROOT=1,3,6,8,10,11,13
EPT2_ROOT=1,3,6,8,10,11,14
EPT2_ROOT=1,3,6,8,10,12,13
EPT2_ROOT=1,3,6,8,10,12,14
EPT2_ROOT=1,3,6,8,10,13,14
EPT2_ROOT=1,3,6,8,11,12,13
EPT2_ROOT=1,3,6,8,11,12,14
EPT2_ROOT=1,3,6,8,11,13,14
EPT2_ROOT=1,3,6,8,12,13,14
EPT2_ROOT=1,3,6,9,10,11,12
EPT2_ROOT=1,3,6,9,10,11,13
EPT2_ROOT=1,3,6,9,10,11,14
EPT2_ROOT=1,3,6,9,10,12,13
EPT2_ROOT=1,3,6,9,10,12,14
EPT2_ROOT=1,3,6,9,10,13,14
EPT2_ROOT=1,3,6,9,11,12,13
EPT2_ROOT=1,3,6,9,11,12,14
EPT2_ROOT=1,3,6,9,11,13,14
EPT2_ROOT=1,3,6,9,12,13,14
EPT2_ROOT=1,3,6,10,11,12,13
EPT2_ROOT=1,3,6,10,11,12,14
EPT2_ROOT=1,3,6,10,11,13,14
EPT2_ROOT=1,3,6,10,12,13,14
EPT2_ROOT=1,3,6,11,12,13,14
EPT2_ROOT=1,3,7,8,9,10,11
EPT2_ROOT=1,3,7,8,9,10,12
EPT2_ROOT=1,3,7,8,9,10,13
EPT2_ROOT=1,3,7,8,9,10,14
EPT2_ROOT=1,3,7,8,9,11,12
EPT2_ROOT=1,3,7,8,9,11,13
EPT2_ROOT=1,3,7,8,9,11,14
EPT2_ROOT=1,3,7,8,9,12,13
EPT2_ROOT=1,3,7,8,9,12,14
EPT2_ROOT=1,3,7,8,9,13,14
EPT2_ROOT=1,3,7,8,10,11,12
EPT2_ROOT=1,3,7,8,10,11,13
EPT2_ROOT=1,3,7,8,10,11,14
EPT2_ROOT=1,3,7,8,10,12,13
EPT2_ROOT=1,3,7,8,10,12,14
EPT2_ROOT=1,3,7,8,10,13,14
EPT2_ROOT=1,3,7,8,11,12,13
EPT2_ROOT=1,3,7,8,11,12,14
EPT2_ROOT=1,3,7,8,11,13,14
EPT2_ROOT=1,3,7,8,12,13,14
EPT2_ROOT=1,3,7,9,10,11,12
EPT2_ROOT=1,3,7,9,10,11,13
EPT2_ROOT=1,3,7,9,10,11,14
EPT2_ROOT=1,3,7,9,10,12,13
EPT2_ROOT=1,3,7,9,10,12,14
EPT2_ROOT=1,3,7,9,10,13,14
EPT2_ROOT=1,3,7,9,11,12,13
EPT2_ROOT=1,3,7,9,11,12,14
EPT2_ROOT=1,3,7,9,11,13,14
EPT2_ROOT=1,3,7,9,12,13,14
EPT2_ROOT=1,3,7,10,11,12,13
EPT2_ROOT=1,3,7,10,11,12,14
EPT2_ROOT=1,3,7,10,11,13,14
EPT2_ROOT=1,3,7,10,12,13,14
EPT2_ROOT=1,3,7,11,12,13,14
EPT2_ROOT=1,3,8,9,10,11,12
EPT2_ROOT=1,3,8,9,10,11,13
EPT2_ROOT=1,3,8,9,10,11,14
EPT2_ROOT=1,3,8,9,10,12,13
EPT2_ROOT=1,3,8,9,10,12,14
EPT2_ROOT=1,3,8,9,10,13,14
EPT2_ROOT=1,3,8,9,11,12,13
EPT2_ROOT=1,3,8,9,11,12,14
EPT2_ROOT=1,3,8,9,11,13,14
EPT2_ROOT=1,3,8,9,12,13,14
EPT2_ROOT=1,3,8,10,11,12,13
EPT2_ROOT=1,3,8,10,11,12,14
EPT2_ROOT=1,3,8,10,11,13,14
EPT2_ROOT=1,3,8,10,12,13,14
EPT2_ROOT=1,3,8,11,12,13,14
EPT2_ROOT=1,3,9,10,11,12,13
EPT2_ROOT=1,3,9,10,11,12,14
EPT2_ROOT=1,3,9,10,11,13,14
EPT2_ROOT=1,3,9,10,12,13,14
EPT2_ROOT=1,3,9,11,12,13,14
EPT2_ROOT=1,3,10,11,12,13,14
EPT2_ROOT=1,4,5,6,7,8,9
EPT2_ROOT=1,4,5,6,7,8,10
EPT2_ROOT=1,4,5,6,7,8,11
EPT2_ROOT=1,4,5,6,7,8,12
EPT2_ROOT=1,4,5,6,7,8,13
EPT2_ROOT=1,4,5,6,7,8,14
EPT2_ROOT=1,4,5,6,7,9,10
EPT2_ROOT=1,4,5,6,7,9,11
EPT2_ROOT=1,4,5,6,7,9,12
EPT2_ROOT=1,4,5,6,7,9,13
EPT2_ROOT=1,4,5,6,7,9,14
EPT2_ROOT=1,4,5,6,7,10,11
EPT2_ROOT=1,4,5,6,7,10,12
EPT2_ROOT=1,4,5,6,7,10,13
EPT2_ROOT=1,4,5,6,7,10,14
EPT2_ROOT=1,4,5,6,7,11,12
EPT2_ROOT=1,4,5,6,7,11,13
EPT2_ROOT=1,4,5,6,7,11,14
EPT2_ROOT=1,4,5,6,7,12,13
EPT2_ROOT=1,4,5,6,7,12,14
EPT2_ROOT=1,4,5,6,7,13,14
EPT2_ROOT=1,4,5,6,8,9,10
EPT2_ROOT=1,4,5,6,8,9,11
EPT2_ROOT=1,4,5,6,8,9,12
EPT2_ROOT=1,4,5,6,8,9,13
EPT2_ROOT=1,4,5,6,8,9,14
EPT2_ROOT=1,4,5,6,8,10,11
EPT2_ROOT=1,4,5,6,8,10,12
EPT2_ROOT=1,4,5,6,8,10,13
EPT2_ROOT=1,4,5,6,8,10,14
EPT2_ROOT=1,4,5,6,8,11,12
EPT2_ROOT=1,4,5,6,8,11,13
EPT2_ROOT=1,4,5,6,8,11,14
EPT2_ROOT=1,4,5,6,8,12,13
EPT2_ROOT=1,4,5,6,8,12,14
EPT2_ROOT=1,4,5,6,8,13,14
EPT2_ROOT=1,4,5,6,9,10,11
EPT2_ROOT=1,4,5,6,9,10,12
EPT2_ROOT=1,4,5,6,9,10,13
EPT2_ROOT=1,4,5,6,9,10,14
EPT2_ROOT=1,4,5,6,9,11,12
EPT2_ROOT=1,4,5,6,9,11,13
EPT2_ROOT=1,4,5,6,9,11,14
EPT2_ROOT=1,4,5,6,9,12,13
EPT2_ROOT=1,4,5,6,9,12,14
EPT2_ROOT=1,4,5,6,9,13,14
EPT2_ROOT=1,4,5,6,10,11,12
EPT2_ROOT=1,4,5,6,10,11,13
EPT2_ROOT=1,4,5,6,10,11,14
EPT2_ROOT=1,4,5,6,10,12,13
EPT2_ROOT=1,4,5,6,10,12,14
EPT2_ROOT=1,4,5,6,10,13,14
EPT2_ROOT=1,4,5,6,11,12,13
EPT2_ROOT=1,4,5,6,11,12,14
EPT2_ROOT=1,4,5,6,11,13,14
EPT2_ROOT=1,4,5,6,12,13,14
EPT2_ROOT=1,4,5,7,8,9,10
EPT2_ROOT=1,4,5,7,8,9,11
EPT2_ROOT=1,4,5,7,8,9,12
EPT2_ROOT=1,4,5,7,8,9,13
EPT2_ROOT=1,4,5,7,8,9,14
EPT2_ROOT=1,4,5,7,8,10,11
EPT2_ROOT=1,4,5,7,8,10,12
EPT2_ROOT=1,4,5,7,8,10,13
EPT2_ROOT=1,4,5,7,8,10,14
EPT2_ROOT=1,4,5,7,8,11,12
EPT2_ROOT=1,4,5,7,8,11,13
EPT2_ROOT=1,4,5,7,8,11,14
EPT2_ROOT=1,4,5,7,8,12,13
EPT2_ROOT=1,4,5,7,8,12,14
EPT2_ROOT=1,4,5,7,8,13,14
EPT2_ROOT=1,4,5,7,9,10,11
EPT2_ROOT=1,4,5,7,9,10,12
EPT2_ROOT=1,4,5,7,9,10,13
EPT2_ROOT=1,4,5,7,9,10,14
EPT2_ROOT=1,4,5,7,9,11,12
EPT2_ROOT=1,4,5,7,9,11,13
EPT2_ROOT=1,4,5,7,9,11,14
EPT2_ROOT=1,4,5,7,9,12,13
EPT2_ROOT=1,4,5,7,9,12,14
EPT2_ROOT=1,4,5,7,9,13,14
EPT2_ROOT=1,4,5,7,10,11,12
EPT2_ROOT=1,4,5,7,10,11,13
EPT2_ROOT=1,4,5,7,10,11,14
EPT2_ROOT=1,4,5,7,10,12,13
EPT2_ROOT=1,4,5,7,10,12,14
EPT2_ROOT=1,4,5,7,10,13,14
EPT2_ROOT=1,4,5,7,11,12,13
EPT2_ROOT=1,4,5,7,11,12,14
EPT2_ROOT=1,4,5,7,11,13,14
EPT2_ROOT=1,4,5,7,12,13,14
EPT2_ROOT=1,4,5,8,9,10,11
EPT2_ROOT=1,4,5,8,9,10,12
EPT2_ROOT=1,4,5,8,9,10,13
EPT2_ROOT=1,4,5,8,9,10,14
EPT2_ROOT=1,4,5,8,9,11,12
EPT2_ROOT=1,4,5,8,9,11,13
EPT2_ROOT=1,4,5,8,9,11,14
EPT2_ROOT=1,4,5,8,9,12,13
EPT2_ROOT=1,4,5,8,9,12,14
EPT2_ROOT=1,4,5,8,9,13,14
EPT2_ROOT=1,4,5,8,10,11,12
EPT2_ROOT=1,4,5,8,10,11,13
EPT2_ROOT=1,4,5,8,10,11,14
EPT2_ROOT=1,4,5,8,10,12,13
EPT2_ROOT=1,4,5,8,10,12,14
EPT2_ROOT=1,4,5,8,10,13,14
EPT2_ROOT=1,4,5,8,11,12,13
EPT2_ROOT=1,4,5,8,11,12,14
EPT2_ROOT=1,4,5,8,11,13,14
EPT2_ROOT=1,4,5,8,12,13,14
EPT2_ROOT=1,4,5,9,10,11,12
EPT2_ROOT=1,4,5,9,10,11,13
EPT2_ROOT=1,4,5,9,10,11,14
EPT2_ROOT=1,4,5,9,10,12,13
EPT2_ROOT=1,4,5,9,10,12,14
EPT2_ROOT=1,4,5,9,10,13,14
EPT2_ROOT=1,4,5,9,11,12,13
EPT2_ROOT=1,4,5,9,11,12,14
EPT2_ROOT=1,4,5,9,11,13,14
EPT2_ROOT=1,4,5,9,12,13,14
EPT2_ROOT=1,4,5,10,11,12,13
EPT2_ROOT=1,4,5,10,11,12,14
EPT2_ROOT=1,4,5,10,11,13,14
EPT2_ROOT=1,4,5,10,12,13,14
EPT2_ROOT=1,4,5,11,12,13,14
EPT2_ROOT=1,4,6,7,8,9,10
EPT2_ROOT=1,4,6,7,8,9,11
EPT2_ROOT=1,4,6,7,8,9,12
EPT2_ROOT=1,4,6,7,8,9,13
EPT2_ROOT=1,4,6,7,8,9,14
EPT2_ROOT=1,4,6,7,8,10,11
EPT2_ROOT=1,4,6,7,8,10,12
EPT2_ROOT=1,4,6,7,8,10,13
EPT2_ROOT=1,4,6,7,8,10,14
EPT2_ROOT=1,4,6,7,8,11,12
EPT2_ROOT=1,4,6,7,8,11,13
EPT2_ROOT=1,4,6,7,8,11,14
EPT2_ROOT=1,4,6,7,8,12,13
EPT2_ROOT=1,4,6,7,8,12,14
EPT2_ROOT=1,4,6,7,8,13,14
EPT2_ROOT=1,4,6,7,9,10,11
EPT2_ROOT=1,4,6,7,9,10,12
EPT2_ROOT=1,4,6,7,9,10,13
EPT2_ROOT=1,4,6,7,9,10,14
EPT2_ROOT=1,4,6,7,9,11,12
EPT2_ROOT=1,4,6,7,9,11,13
EPT2_ROOT=1,4,6,7,9,11,14
EPT2_ROOT=1,4,6,7,9,12,13
EPT2_ROOT=1,4,6,7,9,12,14
EPT2_ROOT=1,4,6,7,9,13,14
EPT2_ROOT=1,4,6,7,10,11,12
EPT2_ROOT=1,4,6,7,10,11,13
EPT2_ROOT=1,4,6,7,10,11,14
EPT2_ROOT=1,4,6,7,10,12,13
EPT2_ROOT=1,4,6,7,10,12,14
EPT2_ROOT=1,4,6,7,10,13,14
EPT2_ROOT=1,4,6,7,11,12,13
EPT2_ROOT=1,4,6,7,11,12,14
EPT2_ROOT=1,4,6,7,11,13,14
EPT2_ROOT=1,4,6,7,12,13,14
EPT2_ROOT=1,4,6,8,9,10,11
EPT2_ROOT=1,4,6,8,9,10,12
EPT2_ROOT=1,4,6,8,9,10,13
EPT2_ROOT=1,4,6,8,9,10,14
EPT2_ROOT=1,4,6,8,9,11,12
EPT2_ROOT=1,4,6,8,9,11,13
EPT2_ROOT=1,4,6,8,9,11,14
EPT2_ROOT=1,4,6,8,9,12,13
EPT2_ROOT=1,4,6,8,9,12,14
EPT2_ROOT=1,4,6,8,9,13,14
EPT2_ROOT=1,4,6,8,10,11,12
EPT2_ROOT=1,4,6,8,10,11,13
EPT2_ROOT=1,4,6,8,10,11,14
EPT2_ROOT=1,4,6,8,10,12,13
EPT2_ROOT=1,4,6,8,10,12,14
EPT2_ROOT=1,4,6,8,10,13,14
EPT2_ROOT=1,4,6,8,11,12,13
EPT2_ROOT=1,4,6,8,11,12,14
EPT2_ROOT=1,4,6,8,11,13,14
EPT2_ROOT=1,4,6,8,12,13,14
EPT2_ROOT=1,4,6,9,10,11,12
EPT2_ROOT=1,4,6,9,10,11,13
EPT2_ROOT=1,4,6,9,10,11,14
EPT2_ROOT=1,4,6,9,10,12,13
EPT2_ROOT=1,4,6,9,10,12,14
EPT2_ROOT=1,4,6,9,10,13,14
EPT2_ROOT=1,4,6,9,11,12,13
EPT2_ROOT=1,4,6,9,11,12,14
EPT2_ROOT=1,4,6,9,11,13,14
EPT2_ROOT=1,4,6,9,12,13,14
EPT2_ROOT=1,4,6,10,11,12,13
EPT2_ROOT=1,4,6,10,11,12,14
EPT2_ROOT=1,4,6,10,11,13,14
EPT2_ROOT=1,4,6,10,12,13,14
EPT2_ROOT=1,4,6,11,12,13,14
EPT2_ROOT=1,4,7,8,9,10,11
EPT2_ROOT=1,4,7,8,9,10,12
EPT2_ROOT=1,4,7,8,9,10,13
EPT2_ROOT=1,4,7,8,9,10,14
EPT2_ROOT=1,4,7,8,9,11,12
EPT2_ROOT=1,4,7,8,9,11,13
EPT2_ROOT=1,4,7,8,9,11,14
EPT2_ROOT=1,4,7,8,9,12,13
EPT2_ROOT=1,4,7,8,9,12,14
EPT2_ROOT=1,4,7,8,9,13,14
EPT2_ROOT=1,4,7,8,10,11,12
EPT2_ROOT=1,4,7,8,10,11,13
EPT2_ROOT=1,4,7,8,10,11,14
EPT2_ROOT=1,4,7,8,10,12,13
EPT2_ROOT=1,4,7,8,10,12,14
EPT2_ROOT=1,4,7,8,10,13,14
EPT2_ROOT=1,4,7,8,11,12,13
EPT2_ROOT=1,4,7,8,11,12,14
EPT2_ROOT=1,4,7,8,11,13,14
EPT2_ROOT=1,4,7,8,12,13,14
EPT2_ROOT=1,4,7,9,10,11,12
EPT2_ROOT=1,4,7,9,10,11,13
EPT2_ROOT=1,4,7,9,10,11,14
EPT2_ROOT=1,4,7,9,10,12,13
EPT2_ROOT=1,4,7,9,10,12,14
EPT2_ROOT=1,4,7,9,10,13,14
EPT2_ROOT=1,4,7,9,11,12,13
EPT2_ROOT=1,4,7,9,11,12,14
EPT2_ROOT=1,4,7,9,11,13,14
EPT2_ROOT=1,4,7,9,12,13,14
EPT2_ROOT=1,4,7,10,11,12,13
EPT2_ROOT=1,4,7,10,11,12,14
EPT2_ROOT=1,4,7,10,11,13,14
EPT2_ROOT=1,4,7,10,12,13,14
EPT2_ROOT=1,4,7,11,12,13,14
EPT2_ROOT=1,4,8,9,10,11,12
EPT2_ROOT=1,4,8,9,10,11,13
EPT2_ROOT=1,4,8,9,10,11,14
EPT2_ROOT=1,4,8,9,10,12,13
EPT2_ROOT=1,4,8,9,10,12,14
EPT2_ROOT=1,4,8,9,10,13,14
EPT2_ROOT=1,4,8,9,11,12,13
EPT2_ROOT=1,4,8,9,11,12,14
EPT2_ROOT=1,4,8,9,11,13,14
EPT2_ROOT=1,4,8,9,12,13,14
EPT2_ROOT=1,4,8,10,11,12,13
EPT2_ROOT=1,4,8,10,11,12,14
EPT2_ROOT=1,4,8,10,11,13,14
EPT2_ROOT=1,4,8,10,12,13,14
EPT2_ROOT=1,4,8,11,12,13,14
EPT2_ROOT=1,4,9,10,11,12,13
EPT2_ROOT=1,4,9,10,11,12,14
EPT2_ROOT=1,4,9,10,11,13,14
EPT2_ROOT=1,4,9,10,12,13,14
EPT2_ROOT=1,4,9,11,12,13,14
EPT2_ROOT=1,4,10,11,12,13,14
EPT2_ROOT=1,5,6,7,8,9,10
EPT2_ROOT=1,5,6,7,8,9,11
EPT2_ROOT=1,5,6,7,8,9,12
EPT2_ROOT=1,5,6,7,8,9,13
EPT2_ROOT=1,5,6,7,8,9,14
EPT2_ROOT=1,5,6,7,8,10,11
EPT2_ROOT=1,5,6,7,8,10,12
EPT2_ROOT=1,5,6,7,8,10,13
EPT2_ROOT=1,5,6,7,8,10,14
EPT2_ROOT=1,5,6,7,8,11,12
EPT2_ROOT=1,5,6,7,8,11,13
EPT2_ROOT=1,5,6,7,8,11,14
EPT2_ROOT=1,5,6,7,8,12,13
EPT2_ROOT=1,5,6,7,8,12,14
EPT2_ROOT=1,5,6,7,8,13,14
EPT2_ROOT=1,5,6,7,9,10,11
EPT2_ROOT=1,5,6,7,9,10,12
EPT2_ROOT=1,5,6,7,9,10,13
EPT2_ROOT=1,5,6,7,9,10,14
EPT2_ROOT=1,5,6,7,9,11,12
EPT2_ROOT=1,5,6,7,9,11,13
EPT2_ROOT=1,5,6,7,9,11,14
EPT2_ROOT=1,5,6,7,9,12,13
EPT2_ROOT=1,5,6,7,9,12,14
EPT2_ROOT=1,5,6,7,9,13,14
EPT2_ROOT=1,5,6,7,10,11,12
EPT2_ROOT=1,5,6,7,10,11,13
EPT2_ROOT=1,5,6,7,10,11,14
EPT2_ROOT=1,5,6,7,10,12,13
EPT2_ROOT=1,5,6,7,10,12,14
EPT2_ROOT=1,5,6,7,10,13,14
EPT2_ROOT=1,5,6,7,11,12,13
EPT2_ROOT=1,5,6,7,11,12,14
EPT2_ROOT=1,5,6,7,11,13,14
EPT2_ROOT=1,5,6,7,12,13,14
EPT2_ROOT=1,5,6,8,9,10,11
EPT2_ROOT=1,5,6,8,9,10,12
EPT2_ROOT=1,5,6,8,9,10,13
EPT2_ROOT=1,5,6,8,9,10,14
EPT2_ROOT=1,5,6,8,9,11,12
EPT2_ROOT=1,5,6,8,9,11,13
EPT2_ROOT=1,5,6,8,9,11,14
EPT2_ROOT=1,5,6,8,9,12,13
EPT2_ROOT=1,5,6,8,9,12,14
EPT2_ROOT=1,5,6,8,9,13,14
EPT2_ROOT=1,5,6,8,10,11,12
EPT2_ROOT=1,5,6,8,10,11,13
EPT2_ROOT=1,5,6,8,10,11,14
EPT2_ROOT=1,5,6,8,10,12,13
EPT2_ROOT=1,5,6,8,10,12,14
EPT2_ROOT=1,5,6,8,10,13,14
EPT2_ROOT=1,5,6,8,11,12,13
EPT2_ROOT=1,5,6,8,11,12,14
EPT2_ROOT=1,5,6,8,11,13,14
EPT2_ROOT=1,5,6,8,12,13,14
EPT2_ROOT=1,5,6,9,10,11,12
EPT2_ROOT=1,5,6,9,10,11,13
EPT2_ROOT=1,5,6,9,10,11,14
EPT2_ROOT=1,5,6,9,10,12,13
EPT2_ROOT=1,5,6,9,10,12,14
EPT2_ROOT=1,5,6,9,10,13,14
EPT2_ROOT=1,5,6,9,11,12,13
EPT2_ROOT=1,5,6,9,11,12,14
EPT2_ROOT=1,5,6,9,11,13,14
EPT2_ROOT=1,5,6,9,12,13,14
EPT2_ROOT=1,5,6,10,11,12,13
EPT2_ROOT=1,5,6,10,11,12,14
EPT2_ROOT=1,5,6,10,11,13,14
EPT2_ROOT=1,5,6,10,12,13,14
EPT2_ROOT=1,5,6,11,12,13,14
EPT2_ROOT=1,5,7,8,9,10,11
EPT2_ROOT=1,5,7,8,9,10,12
EPT2_ROOT=1,5,7,8,9,10,13
EPT2_ROOT=1,5,7,8,9,10,14
EPT2_ROOT=1,5,7,8,9,11,12
EPT2_ROOT=1,5,7,8,9,11,13
EPT2_ROOT=1,5,7,8,9,11,14
EPT2_ROOT=1,5,7,8,9,12,13
EPT2_ROOT=1,5,7,8,9,12,14
EPT2_ROOT=1,5,7,8,9,13,14
EPT2_ROOT=1,5,7,8,10,11,12
EPT2_ROOT=1,5,7,8,10,11,13
EPT2_ROOT=1,5,7,8,10,11,14
EPT2_ROOT=1,5,7,8,10,12,13
EPT2_ROOT=1,5,7,8,10,12,14
EPT2_ROOT=1,5,7,8,10,13,14
EPT2_ROOT=1,5,7,8,11,12,13
EPT2_ROOT=1,5,7,8,11,12,14
EPT2_ROOT=1,5,7,8,11,13,14
EPT2_ROOT=1,5,7,8,12,13,14
EPT2_ROOT=1,5,7,9,10,11,12
EPT2_ROOT=1,5,7,9,10,11,13
EPT2_ROOT=1,5,7,9,10,11,14
EPT2_ROOT=1,5,7,9,10,12,13
EPT2_ROOT=1,5,7,9,10,12,14
EPT2_ROOT=1,5,7,9,10,13,14
EPT2_ROOT=1,5,7,9,11,12,13
EPT2_ROOT=1,5,7,9,11,12,14
EPT2_ROOT=1,5,7,9,11,13,14
EPT2_ROOT=1,5,7,9,12,13,14
EPT2_ROOT=1,5,7,10,11,12,13
EPT2_ROOT=1,5,7,10,11,12,14
EPT2_ROOT=1,5,7,10,11,13,14
EPT2_ROOT=1,5,7,10,12,13,14
EPT2_ROOT=1,5,7,11,12,13,14
EPT2_ROOT=1,5,8,9,10,11,12
EPT2_ROOT=1,5,8,9,10,11,13
EPT2_ROOT=1,5,8,9,10,11,14
EPT2_ROOT=1,5,8,9,10,12,13
EPT2_ROOT=1,5,8,9,10,12,14
EPT2_ROOT=1,5,8,9,10,13,14
EPT2_ROOT=1,5,8,9,11,12,13
EPT2_ROOT=1,5,8,9,11,12,14
EPT2_ROOT=1,5,8,9,11,13,14
EPT2_ROOT=1,5,8,9,12,13,14
EPT2_ROOT=1,5,8,10,11,12,13
EPT2_ROOT=1,5,8,10,11,12,14
EPT2_ROOT=1,5,8,10,11,13,14
EPT2_ROOT=1,5,8,10,12,13,14
EPT2_ROOT=1,5,8,11,12,13,14
EPT2_ROOT=1,5,9,10,11,12,13
EPT2_ROOT=1,5,9,10,11,12,14
EPT2_ROOT=1,5,9,10,11,13,14
EPT2_ROOT=1,5,9,10,12,13,14
EPT2_ROOT=1,5,9,11,12,13,14
EPT2_ROOT=1,5,10,11,12,13,14
EPT2_ROOT=1,6,7,8,9,10,11
EPT2_ROOT=1,6,7,8,9,10,12
EPT2_ROOT=1,6,7,8,9,10,13
EPT2_ROOT=1,6,7,8,9,10,14
EPT2_ROOT=1,6,7,8,9,11,12
EPT2_ROOT=1,6,7,8,9,11,13
EPT2_ROOT=1,6,7,8,9,11,14
EPT2_ROOT=1,6,7,8,9,12,13
EPT2_ROOT=1,6,7,8,9,12,14
EPT2_ROOT=1,6,7,8,9,13,14
EPT2_ROOT=1,6,7,8,10,11,12
EPT2_ROOT=1,6,7,8,10,11,13
EPT2_ROOT=1,6,7,8,10,11,14
EPT2_ROOT=1,6,7,8,10,12,13
EPT2_ROOT=1,6,7,8,10,12,14
EPT2_ROOT=1,6,7,8,10,13,14
EPT2_ROOT=1,6,7,8,11,12,13
EPT2_ROOT=1,6,7,8,11,12,14
EPT2_ROOT=1,6,7,8,11,13,14
EPT2_ROOT=1,6,7,8,12,13,14
EPT2_ROOT=1,6,7,9,10,11,12
EPT2_ROOT=1,6,7,9,10,11,13
EPT2_ROOT=1,6,7,9,10,11,14
EPT2_ROOT=1,6,7,9,10,12,13
EPT2_ROOT=1,6,7,9,10,12,14
EPT2_ROOT=1,6,7,9,10,13,14
EPT2_ROOT=1,6,7,9,11,12,13
EPT2_ROOT=1,6,7,9,11,12,14
EPT2_ROOT=1,6,7,9,11,13,14
EPT2_ROOT=1,6,7,9,12,13,14
EPT2_ROOT=1,6,7,10,11,12,13
EPT2_ROOT=1,6,7,10,11,12,14
EPT2_ROOT=1,6,7,10,11,13,14
EPT2_ROOT=1,6,7,10,12,13,14
EPT2_ROOT=1,6,7,11,12,13,14
EPT2_ROOT=1,6,8,9,10,11,12
EPT2_ROOT=1,6,8,9,10,11,13
EPT2_ROOT=1,6,8,9,10,11,14
EPT2_ROOT=1,6,8,9,10,12,13
EPT2_ROOT=1,6,8,9,10,12,14
EPT2_ROOT=1,6,8,9,10,13,14
EPT2_ROOT=1,6,8,9,11,12,13
EPT2_ROOT=1,6,8,9,11,12,14
EPT2_ROOT=1,6,8,9,11,13,14
EPT2_ROOT=1,6,8,9,12,13,14
EPT2_ROOT=1,6,8,10,11,12,13
EPT2_ROOT=1,6,8,10,11,12,14
EPT2_ROOT=1,6,8,10,11,13,14
EPT2_ROOT=1,6,8,10,12,13,14
EPT2_ROOT=1,6,8,11,12,13,14
EPT2_ROOT=1,6,9,10,11,12,13
EPT2_ROOT=1,6,9,10,11,12,14
EPT2_ROOT=1,6,9,10,11,13,14
EPT2_ROOT=1,6,9,10,12,13,14
EPT2_ROOT=1,6,9,11,12,13,14
EPT2_ROOT=1,6,10,11,12,13,14
EPT2_ROOT=1,7,8,9,10,11,12
EPT2_ROOT=1,7,8,9,10,11,13
EPT2_ROOT=1,7,8,9,10,11,14
EPT2_ROOT=1,7,8,9,10,12,13
EPT2_ROOT=1,7,8,9,10,12,14
EPT2_ROOT=1,7,8,9,10,13,14
EPT2_ROOT=1,7,8,9,11,12,13
EPT2_ROOT=1,7,8,9,11,12,14
EPT2_ROOT=1,7,8,9,11,13,14
EPT2_ROOT=1,7,8,9,12,13,14
EPT2_ROOT=1,7,8,10,11,12,13
EPT2_ROOT=1,7,8,10,11,12,14
EPT2_ROOT=1,7,8,10,11,13,14
EPT2_ROOT=1,7,8,10,12,13,14
EPT2_ROOT=1,7,8,11,12,13,14
EPT2_ROOT=1,7,9,10,11,12,13
EPT2_ROOT=1,7,9,10,11,12,14
EPT2_ROOT=1,7,9,10,11,13,14
EPT2_ROOT=1,7,9,10,12,13,14
EPT2_ROOT=1,7,9,11,12,13,14
EPT2_ROOT=1,7,10,11,12,13,14
EPT2_ROOT=1,8,9,10,11,12,13
EPT2_ROOT=1,8,9,10,11,12,14
EPT2_ROOT=1,8,9,10,11,13,14
EPT2_ROOT=1,8,9,10,12,13,14
EPT2_ROOT=1,8,9,11,12,13,14
EPT2_ROOT=1,8,10,11,12,13,14
EPT2_ROOT=1,9,10,11,12,13,14
EPT2_ROOT=2,3,4,5,6,7,8
EPT2_ROOT=2,3,4,5,6,7,9
EPT2_ROOT=2,3,4,5,6,7,10
EPT2_ROOT=2,3,4,5,6,7,11
EPT2_ROOT=2,3,4,5,6,7,12
EPT2_ROOT=2,3,4,5,6,7,13
EPT2_ROOT=2,3,4,5,6,7,14
EPT2_ROOT=2,3,4,5,6,8,9
EPT2_ROOT=2,3,4,5,6,8,10
EPT2_ROOT=2,3,4,5,6,8,11
EPT2_ROOT=2,3,4,5,6,8,12
EPT2_ROOT=2,3,4,5,6,8,13
EPT2_ROOT=2,3,4,5,6,8,14
EPT2_ROOT=2,3,4,5,6,9,10
EPT2_ROOT=2,3,4,5,6,9,11
EPT2_ROOT=2,3,4,5,6,9,12
EPT2_ROOT=2,3,4,5,6,9,13
EPT2_ROOT=2,3,4,5,6,9,14
EPT2_ROOT=2,3,4,5,6,10,11
EPT2_ROOT=2,3,4,5,6,10,12
EPT2_ROOT=2,3,4,5,6,10,13
EPT2_ROOT=2,3,4,5,6,10,14
EPT2_ROOT=2,3,4,5,6,11,12
EPT2_ROOT=2,3,4,5,6,11,13
EPT2_ROOT=2,3,4,5,6,11,14
EPT2_ROOT=2,3,4,5,6,12,13
EPT2_ROOT=2,3,4,5,6,12,14
EPT2_ROOT=2,3,4,5,6,13,14
EPT2_ROOT=2,3,4,5,7,8,9
EPT2_ROOT=2,3,4,5,7,8,10
EPT2_ROOT=2,3,4,5,7,8,11
EPT2_ROOT=2,3,4,5,7,8,12
EPT2_ROOT=2,3,4,5,7,8,13
EPT2_ROOT=2,3,4,5,7,8,14
EPT2_ROOT=2,3,4,5,7,9,10
EPT2_ROOT=2,3,4,5,7,9,11
EPT2_ROOT=2,3,4,5,7,9,12
EPT2_ROOT=2,3,4,5,7,9,13
EPT2_ROOT=2,3,4,5,7,9,14
EPT2_ROOT=2,3,4,5,7,10,11
EPT2_ROOT=2,3,4,5,7,10,12
EPT2_ROOT=2,3,4,5,7,10,13
EPT2_ROOT=2,3,4,5,7,10,14
EPT2_ROOT=2,3,4,5,7,11,12
EPT2_ROOT=2,3,4,5,7,11,13
EPT2_ROOT=2,3,4,5,7,11,14
EPT2_ROOT=2,3,4,5,7,12,13
EPT2_ROOT=2,3,4,5,7,12,14
EPT2_ROOT=2,3,4,5,7,13,14
EPT2_ROOT=2,3,4,5,8,9,10
EPT2_ROOT=2,3,4,5,8,9,11
EPT2_ROOT=2,3,4,5,8,9,12
EPT2_ROOT=2,3,4,5,8,9,13
EPT2_ROOT=2,3,4,5,8,9,14
EPT2_ROOT=2,3,4,5,8,10,11
EPT2_ROOT=2,3,4,5,8,10,12
EPT2_ROOT=2,3,4,5,8,10,13
EPT2_ROOT=2,3,4,5,8,10,14
EPT2_ROOT=2,3,4,5,8,11,12
EPT2_ROOT=2,3,4,5,8,11,13
EPT2_ROOT=2,3,4,5,8,11,14
EPT2_ROOT=2,3,4,5,8,12,13
EPT2_ROOT=2,3,4,5,8,12,14
EPT2_ROOT=2,3,4,5,8,13,14
EPT2_ROOT=2,3,4,5,9,10,11
EPT2_ROOT=2,3,4,5,9,10,12
EPT2_ROOT=2,3,4,5,9,10,13
EPT2_ROOT=2,3,4,5,9,10,14
EPT2_ROOT=2,3,4,5,9,11,12
EPT2_ROOT=2,3,4,5,9,11,13
EPT2_ROOT=2,3,4,5,9,11,14
EPT2_ROOT=2,3,4,5,9,12,13
EPT2_ROOT=2,3,4,5,9,12,14
EPT2_ROOT=2,3,4,5,9,13,14
EPT2_ROOT=2,3,4,5,10,11,12
EPT2_ROOT=2,3,4,5,10,11,13
EPT2_ROOT=2,3,4,5,10,11,14
EPT2_ROOT=2,3,4,5,10,12,13
EPT2_ROOT=2,3,4,5,10,12,14
EPT2_ROOT=2,3,4,5,10,13,14
EPT2_ROOT=2,3,4,5,11,12,13
EPT2_ROOT=2,3,4,5,11,12,14
EPT2_ROOT=2,3,4,5,11,13,14
EPT2_ROOT=2,3,4,5,12,13,14
EPT2_ROOT=2,3,4,6,7,8,9
EPT2_ROOT=2,3,4,6,7,8,10
EPT2_ROOT=2,3,4,6,7,8,11
EPT2_ROOT=2,3,4,6,7,8,12
EPT2_ROOT=2,3,4,6,7,8,13
EPT2_ROOT=2,3,4,6,7,8,14
EPT2_ROOT=2,3,4,6,7,9,10
EPT2_ROOT=2,3,4,6,7,9,11
EPT2_ROOT=2,3,4,6,7,9,12
EPT2_ROOT=2,3,4,6,7,9,13
EPT2_ROOT=2,3,4,6,7,9,14
EPT2_ROOT=2,3,4,6,7,10,11
EPT2_ROOT=2,3,4,6,7,10,12
EPT2_ROOT=2,3,4,6,7,10,13
EPT2_ROOT=2,3,4,6,7,10,14
EPT2_ROOT=2,3,4,6,7,11,12
EPT2_ROOT=2,3,4,6,7,11,13
EPT2_ROOT=2,3,4,6,7,11,14
EPT2_ROOT=2,3,4,6,7,12,13
EPT2_ROOT=2,3,4,6,7,12,14
EPT2_ROOT=2,3,4,6,7,13,14
EPT2_ROOT=2,3,4,6,8,9,10
EPT2_ROOT=2,3,4,6,8,9,11
EPT2_ROOT=2,3,4,6,8,9,12
EPT2_ROOT=2,3,4,6,8,9,13
EPT2_ROOT=2,3,4,6,8,9,14
EPT2_ROOT=2,3,4,6,8,10,11
EPT2_ROOT=2,3,4,6,8,10,12
EPT2_ROOT=2,3,4,6,8,10,13
EPT2_ROOT=2,3,4,6,8,10,14
EPT2_ROOT=2,3,4,6,8,11,12
EPT2_ROOT=2,3,4,6,8,11,13
EPT2_ROOT=2,3,4,6,8,11,14
EPT2_ROOT=2,3,4,6,8,12,13
EPT2_ROOT=2,3,4,6,8,12,14
EPT2_ROOT=2,3,4,6,8,13,14
EPT2_ROOT=2,3,4,6,9,10,11
EPT2_ROOT=2,3,4,6,9,10,12
EPT2_ROOT=2,3,4,6,9,10,13
EPT2_ROOT=2,3,4,6,9,10,14
EPT2_ROOT=2,3,4,6,9,11,12
EPT2_ROOT=2,3,4,6,9,11,13
EPT2_ROOT=2,3,4,6,9,11,14
EPT2_ROOT=2,3,4,6,9,12,13
EPT2_ROOT=2,3,4,6,9,12,14
EPT2_ROOT=2,3,4,6,9,13,14
EPT2_ROOT=2,3,4,6,10,11,12
EPT2_ROOT=2,3,4,6,10,11,13
EPT2_ROOT=2,3,4,6,10,11,14
EPT2_ROOT=2,3,4,6,10,12,13
EPT2_ROOT=2,3,4,6,10,12,14
EPT2_ROOT=2,3,4,6,10,13,14
EPT2_ROOT=2,3,4,6,11,12,13
EPT2_ROOT=2,3,4,6,11,12,14
EPT2_ROOT=2,3,4,6,11,13,14
EPT2_ROOT=2,3,4,6,12,13,14
EPT2_ROOT=2,3,4,7,8,9,10
EPT2_ROOT=2,3,4,7,8,9,11
EPT2_ROOT=2,3,4,7,8,9,12
EPT2_ROOT=2,3,4,7,8,9,13
EPT2_ROOT=2,3,4,7,8,9,14
EPT2_ROOT=2,3,4,7,8,10,11
EPT2_ROOT=2,3,4,7,8,10,12
EPT2_ROOT=2,3,4,7,8,10,13
EPT2_ROOT=2,3,4,7,8,10,14
EPT2_ROOT=2,3,4,7,8,11,12
EPT2_ROOT=2,3,4,7,8,11,13
EPT2_ROOT=2,3,4,7,8,11,14
EPT2_ROOT=2,3,4,7,8,12,13
EPT2_ROOT=2,3,4,7,8,12,14
EPT2_ROOT=2,3,4,7,8,13,14
EPT2_ROOT=2,3,4,7,9,10,11
EPT2_ROOT=2,3,4,7,9,10,12
EPT2_ROOT=2,3,4,7,9,10,13
EPT2_ROOT=2,3,4,7,9,10,14
EPT2_ROOT=2,3,4,7,9,11,12
EPT2_ROOT=2,3,4,7,9,11,13
EPT2_ROOT=2,3,4,7,9,11,14
EPT2_ROOT=2,3,4,7,9,12,13
EPT2_ROOT=2,3,4,7,9,12,14
EPT2_ROOT=2,3,4,7,9,13,14
EPT2_ROOT=2,3,4,7,10,11,12
EPT2_ROOT=2,3,4,7,10,11,13
EPT2_ROOT=2,3,4,7,10,11,14
EPT2_ROOT=2,3,4,7,10,12,13
EPT2_ROOT=2,3,4,7,10,12,14
EPT2_ROOT=2,3,4,7,10,13,14
EPT2_ROOT=2,3,4,7,11,12,13
EPT2_ROOT=2,3,4,7,11,12,14
EPT2_ROOT=2,3,4,7,11,13,14
EPT2_ROOT=2,3,4,7,12,13,14
EPT2_ROOT=2,3,4,8,9,10,11
EPT2_ROOT=2,3,4,8,9,10,12
EPT2_ROOT=2,3,4,8,9,10,13
EPT2_ROOT=2,3,4,8,9,10,14
EPT2_ROOT=2,3,4,8,9,11,12
EPT2_ROOT=2,3,4,8,9,11,13
EPT2_ROOT=2,3,4,8,9,11,14
EPT2_ROOT=2,3,4,8,9,12,13
EPT2_ROOT=2,3,4,8,9,12,14
EPT2_ROOT=2,3,4,8,9,13,14
EPT2_ROOT=2,3,4,8,10,11,12
EPT2_ROOT=2,3,4,8,10,11,13
EPT2_ROOT=2,3,4,8,10,11,14
EPT2_ROOT=2,3,4,8,10,12,13
EPT2_ROOT=2,3,4,8,10,12,14
EPT2_ROOT=2,3,4,8,10,13,14
EPT2_ROOT=2,3,4,8,11,12,13
EPT2_ROOT=2,3,4,8,11,12,14
EPT2_ROOT=2,3,4,8,11,13,14
EPT2_ROOT=2,3,4,8,12,13,14
EPT2_ROOT=2,3,4,9,10,11,12
EPT2_ROOT=2,3,4,9,10,11,13
EPT2_ROOT=2,3,4,9,10,11,14
EPT2_ROOT=2,3,4,9,10,12,13
EPT2_ROOT=2,3,4,9,10,12,14
EPT2_ROOT=2,3,4,9,10,13,14
EPT2_ROOT=2,3,4,9,11,12,13
EPT2_ROOT=2,3,4,9,11,12,14
EPT2_ROOT=2,3,4,9,11,13,14
EPT2_ROOT=2,3,4,9,12,13,14
EPT2_ROOT=2,3,4,10,11,12,13
EPT2_ROOT=2,3,4,10,11,12,14
EPT2_ROOT=2,3,4,10,11,13,14
EPT2_ROOT=2,3,4,10,12,13,14
EPT2_ROOT=2,3,4,11,12,13,14
EPT2_ROOT=2,3,5,6,7,8,9
EPT2_ROOT=2,3,5,6,7,8,10
EPT2_ROOT=2,3,5,6,7,8,11
EPT2_ROOT=2,3,5,6,7,8,12
EPT2_ROOT=2,3,5,6,7,8,13
EPT2_ROOT=2,3,5,6,7,8,14
EPT2_ROOT=2,3,5,6,7,9,10
EPT2_ROOT=2,3,5,6,7,9,11
EPT2_ROOT=2,3,5,6,7,9,12
EPT2_ROOT=2,3,5,6,7,9,13
EPT2_ROOT=2,3,5,6,7,9,14
EPT2_ROOT=2,3,5,6,7,10,11
EPT2_ROOT=2,3,5,6,7,10,12
EPT2_ROOT=2,3,5,6,7,10,13
EPT2_ROOT=2,3,5,6,7,10,14
EPT2_ROOT=2,3,5,6,7,11,12
EPT2_ROOT=2,3,5,6,7,11,13
EPT2_ROOT=2,3,5,6,7,11,14
EPT2_ROOT=2,3,5,6,7,12,13
EPT2_ROOT=2,3,5,6,7,12,14
EPT2_ROOT=2,3,5,6,7,13,14
EPT2_ROOT=2,3,5,6,8,9,10
EPT2_ROOT=2,3,5,6,8,9,11
EPT2_ROOT=2,3,5,6,8,9,12
EPT2_ROOT=2,3,5,6,8,9,13
EPT2_ROOT=2,3,5,6,8,9,14
EPT2_ROOT=2,3,5,6,8,10,11
EPT2_ROOT=2,3,5,6,8,10,12
EPT2_ROOT=2,3,5,6,8,10,13
EPT2_ROOT=2,3,5,6,8,10,14
EPT2_ROOT=2,3,5,6,8,11,12
EPT2_ROOT=2,3,5,6,8,11,13
EPT2_ROOT=2,3,5,6,8,11,14
EPT2_ROOT=2,3,5,6,8,12,13
EPT2_ROOT=2,3,5,6,8,12,14
EPT2_ROOT=2,3,5,6,8,13,14
EPT2_ROOT=2,3,5,6,9,10,11
EPT2_ROOT=2,3,5,6,9,10,12
EPT2_ROOT=2,3,5,6,9,10,13
EPT2_ROOT=2,3,5,6,9,10,14
EPT2_ROOT=2,3,5,6,9,11,12
EPT2_ROOT=2,3,5,6,9,11,13
EPT2_ROOT=2,3,5,6,9,11,14
EPT2_ROOT=2,3,5,6,9,12,13
EPT2_ROOT=2,3,5,6,9,12,14
EPT2_ROOT=2,3,5,6,9,13,14
EPT2_ROOT=2,3,5,6,10,11,12
EPT2_ROOT=2,3,5,6,10,11,13
EPT2_ROOT=2,3,5,6,10,11,14
EPT2_ROOT=2,3,5,6,10,12,13
EPT2_ROOT=2,3,5,6,10,12,14
EPT2_ROOT=2,3,5,6,10,13,14
EPT2_ROOT=2,3,5,6,11,12,13
EPT2_ROOT=2,3,5,6,11,12,14
EPT2_ROOT=2,3,5,6,11,13,14
EPT2_ROOT=2,3,5,6,12,13,14
EPT2_ROOT=2,3,5,7,8,9,10
EPT2_ROOT=2,3,5,7,8,9,11
EPT2_ROOT=2,3,5,7,8,9,12
EPT2_ROOT=2,3,5,7,8,9,13
EPT2_ROOT=2,3,5,7,8,9,14
EPT2_ROOT=2,3,5,7,8,10,11
EPT2_ROOT=2,3,5,7,8,10,12
EPT2_ROOT=2,3,5,7,8,10,13
EPT2_ROOT=2,3,5,7,8,10,14
EPT2_ROOT=2,3,5,7,8,11,12
EPT2_ROOT=2,3,5,7,8,11,13
EPT2_ROOT=2,3,5,7,8,11,14
EPT2_ROOT=2,3,5,7,8,12,13
EPT2_ROOT=2,3,5,7,8,12,14
EPT2_ROOT=2,3,5,7,8,13,14
EPT2_ROOT=2,3,5,7,9,10,11
EPT2_ROOT=2,3,5,7,9,10,12
EPT2_ROOT=2,3,5,7,9,10,13
EPT2_ROOT=2,3,5,7,9,10,14
EPT2_ROOT=2,3,5,7,9,11,12
EPT2_ROOT=2,3,5,7,9,11,13
EPT2_ROOT=2,3,5,7,9,11,14
EPT2_ROOT=2,3,5,7,9,12,13
EPT2_ROOT=2,3,5,7,9,12,14
EPT2_ROOT=2,3,5,7,9,13,14
EPT2_ROOT=2,3,5,7,10,11,12
EPT2_ROOT=2,3,5,7,10,11,13
EPT2_ROOT=2,3,5,7,10,11,14
EPT2_ROOT=2,3,5,7,10,12,13
EPT2_ROOT=2,3,5,7,10,12,14
EPT2_ROOT=2,3,5,7,10,13,14
EPT2_ROOT=2,3,5,7,11,12,13
EPT2_ROOT=2,3,5,7,11,12,14
EPT2_ROOT=2,3,5,7,11,13,14
EPT2_ROOT=2,3,5,7,12,13,14
EPT2_ROOT=2,3,5,8,9,10,11
EPT2_ROOT=2,3,5,8,9,10,12
EPT2_ROOT=2,3,5,8,9,10,13
EPT2_ROOT=2,3,5,8,9,10,14
EPT2_ROOT=2,3,5,8,9,11,12
EPT2_ROOT=2,3,5,8,9,11,13
EPT2_ROOT=2,3,5,8,9,11,14
EPT2_ROOT=2,3,5,8,9,12,13
EPT2_ROOT=2,3,5,8,9,12,14
EPT2_ROOT=2,3,5,8,9,13,14
EPT2_ROOT=2,3,5,8,10,11,12
EPT2_ROOT=2,3,5,8,10,11,13
EPT2_ROOT=2,3,5,8,10,11,14
EPT2_ROOT=2,3,5,8,10,12,13
EPT2_ROOT=2,3,5,8,10,12,14
EPT2_ROOT=2,3,5,8,10,13,14
EPT2_ROOT=2,3,5,8,11,12,13
EPT2_ROOT=2,3,5,8,11,12,14
EPT2_ROOT=2,3,5,8,11,13,14
EPT2_ROOT=2,3,5,8,12,13,14
EPT2_ROOT=2,3,5,9,10,11,12
EPT2_ROOT=2,3,5,9,10,11,13
EPT2_ROOT=2,3,5,9,10,11,14
EPT2_ROOT=2,3,5,9,10,12,13
EPT2_ROOT=2,3,5,9,10,12,14
EPT2_ROOT=2,3,5,9,10,13,14
EPT2_ROOT=2,3,5,9,11,12,13
EPT2_ROOT=2,3,5,9,11,12,14
EPT2_ROOT=2,3,5,9,11,13,14
EPT2_ROOT=2,3,5,9,12,13,14
EPT2_ROOT=2,3,5,10,11,12,13
EPT2_ROOT=2,3,5,10,11,12,14
EPT2_ROOT=2,3,5,10,11,13,14
EPT2_ROOT=2,3,5,10,12,13,14
EPT2_ROOT=2,3,5,11,12,13,14
EPT2_ROOT=2,3,6,7,8,9,10
EPT2_ROOT=2,3,6,7,8,9,11
EPT2_ROOT=2,3,6,7,8,9,12
EPT2_ROOT=2,3,6,7,8,9,13
EPT2_ROOT=2,3,6,7,8,9,14
EPT2_ROOT=2,3,6,7,8,10,11
EPT2_ROOT=2,3,6,7,8,10,12
EPT2_ROOT=2,3,6,7,8,10,13
EPT2_ROOT=2,3,6,7,8,10,14
EPT2_ROOT=2,3,6,7,8,11,12
EPT2_ROOT=2,3,6,7,8,11,13
EPT2_ROOT=2,3,6,7,8,11,14
EPT2_ROOT=2,3,6,7,8,12,13
EPT2_ROOT=2,3,6,7,8,12,14
EPT2_ROOT=2,3,6,7,8,13,14
EPT2_ROOT=2,3,6,7,9,10,11
EPT2_ROOT=2,3,6,7,9,10,12
EPT2_ROOT=2,3,6,7,9,10,13
EPT2_ROOT=2,3,6,7,9,10,14
EPT2_ROOT=2,3,6,7,9,11,12
EPT2_ROOT=2,3,6,7,9,11,13
EPT2_ROOT=2,3,6,7,9,11,14
EPT2_ROOT=2,3,6,7,9,12,13
EPT2_ROOT=2,3,6,7,9,12,14
EPT2_ROOT=2,3,6,7,9,13,14
EPT2_ROOT=2,3,6,7,10,11,12
EPT2_ROOT=2,3,6,7,10,11,13
EPT2_ROOT=2,3,6,7,10,11,14
EPT2_ROOT=2,3,6,7,10,12,13
EPT2_ROOT=2,3,6,7,10,12,14
EPT2_ROOT=2,3,6,7,10,13,14
EPT2_ROOT=2,3,6,7,11,12,13
EPT2_ROOT=2,3,6,7,11,12,14
EPT2_ROOT=2,3,6,7,11,13,14
EPT2_ROOT=2,3,6,7,12,13,14
EPT2_ROOT=2,3,6,8,9,10,11
EPT2_ROOT=2,3,6,8,9,10,12
EPT2_ROOT=2,3,6,8,9,10,13
EPT2_ROOT=2,3,6,8,9,10,14
EPT2_ROOT=2,3,6,8,9,11,12
EPT2_ROOT=2,3,6,8,9,11,13
EPT2_ROOT=2,3,6,8,9,11,14
EPT2_ROOT=2,3,6,8,9,12,13
EPT2_ROOT=2,3,6,8,9,12,14
EPT2_ROOT=2,3,6,8,9,13,14
EPT2_ROOT=2,3,6,8,10,11,12
EPT2_ROOT=2,3,6,8,10,11,13
EPT2_ROOT=2,3,6,8,10,11,14
EPT2_ROOT=2,3,6,8,10,12,13
EPT2_ROOT=2,3,6,8,10,12,14
EPT2_ROOT=2,3,6,8,10,13,14
EPT2_ROOT=2,3,6,8,11,12,13
EPT2_ROOT=2,3,6,8,11,12,14
EPT2_ROOT=2,3,6,8,11,13,14
EPT2_ROOT=2,3,6,8,12,13,14
EPT2_ROOT=2,3,6,9,10,11,12
EPT2_ROOT=2,3,6,9,10,11,13
EPT2_ROOT=2,3,6,9,10,11,14
EPT2_ROOT=2,3,6,9,10,12,13
EPT2_ROOT=2,3,6,9,10,12,14
EPT2_ROOT=2,3,6,9,10,13,14
EPT2_ROOT=2,3,6,9,11,12,13
EPT2_ROOT=2,3,6,9,11,12,14
EPT2_ROOT=2,3,6,9,11,13,14
EPT2_ROOT=2,3,6,9,12,13,14
EPT2_ROOT=2,3,6,10,11,12,13
EPT2_ROOT=2,3,6,10,11,12,14
EPT2_ROOT=2,3,6,10,11,13,14
EPT2_ROOT=2,3,6,10,12,13,14
EPT2_ROOT=2,3,6,11,12,13,14
EPT2_ROOT=2,3,7,8,9,10,11
EPT2_ROOT=2,3,7,8,9,10,12
EPT2_ROOT=2,3,7,8,9,10,13
EPT2_ROOT=2,3,7,8,9,10,14
EPT2_ROOT=2,3,7,8,9,11,12
EPT2_ROOT=2,3,7,8,9,11,13
EPT2_ROOT=2,3,7,8,9,11,14
EPT2_ROOT=2,3,7,8,9,12,13
EPT2_ROOT=2,3,7,8,9,12,14
EPT2_ROOT=2,3,7,8,9,13,14
EPT2_ROOT=2,3,7,8,10,11,12
EPT2_ROOT=2,3,7,8,10,11,13
EPT2_ROOT=2,3,7,8,10,11,14
EPT2_ROOT=2,3,7,8,10,12,13
EPT2_ROOT=2,3,7,8,10,12,14
EPT2_ROOT=2,3,7,8,10,13,14
EPT2_ROOT=2,3,7,8,11,12,13
EPT2_ROOT=2,3,7,8,11,12,14
EPT2_ROOT=2,3,7,8,11,13,14
EPT2_ROOT=2,3,7,8,12,13,14
EPT2_ROOT=2,3,7,9,10,11,12
EPT2_ROOT=2,3,7,9,10,11,13
EPT2_ROOT=2,3,7,9,10,11,14
EPT2_ROOT=2,3,7,9,10,12,13
EPT2_ROOT=2,3,7,9,10,12,14
EPT2_ROOT=2,3,7,9,10,13,14
EPT2_ROOT=2,3,7,9,11,12,13
EPT2_ROOT=2,3,7,9,11,12,14
EPT2_ROOT=2,3,7,9,11,13,14
EPT2_ROOT=2,3,7,9,12,13,14
EPT2_ROOT=2,3,7,10,11,12,13
EPT2_ROOT=2,3,7,10,11,12,14
EPT2_ROOT=2,3,7,10,11,13,14
EPT2_ROOT=2,3,7,10,12,13,14
EPT2_ROOT=2,3,7,11,12,13,14
EPT2_ROOT=2,3,8,9,10,11,12
EPT2_ROOT=2,3,8,9,10,11,13
EPT2_ROOT=2,3,8,9,10,11,14
EPT2_ROOT=2,3,8,9,10,12,13
EPT2_ROOT=2,3,8,9,10,12,14
EPT2_ROOT=2,3,8,9,10,13,14
EPT2_ROOT=2,3,8,9,11,12,13
EPT2_ROOT=2,3,8,9,11,12,14
EPT2_ROOT=2,3,8,9,11,13,14
EPT2_ROOT=2,3,8,9,12,13,14
EPT2_ROOT=2,3,8,10,11,12,13
EPT2_ROOT=2,3,8,10,11,12,14
EPT2_ROOT=2,3,8,10,11,13,14
EPT2_ROOT=2,3,8,10,12,13,14
EPT2_ROOT=2,3,8,11,12,13,14
EPT2_ROOT=2,3,9,10,11,12,13
EPT2_ROOT=2,3,9,10,11,12,14
EPT2_ROOT=2,3,9,10,11,13,14
EPT2_ROOT=2,3,9,10,12,13,14
EPT2_ROOT=2,3,9,11,12,13,14
EPT2_ROOT=2,3,10,11,12,13,14
EPT2_ROOT=2,4,5,6,7,8,9
EPT2_ROOT=2,4,5,6,7,8,10
EPT2_ROOT=2,4,5,6,7,8,11
EPT2_ROOT=2,4,5,6,7,8,12
EPT2_ROOT=2,4,5,6,7,8,13
EPT2_ROOT=2,4,5,6,7,8,14
EPT2_ROOT=2,4,5,6,7,9,10
EPT2_ROOT=2,4,5,6,7,9,11
EPT2_ROOT=2,4,5,6,7,9,12
EPT2_ROOT=2,4,5,6,7,9,13
EPT2_ROOT=2,4,5,6,7,9,14
EPT2_ROOT=2,4,5,6,7,10,11
EPT2_ROOT=2,4,5,6,7,10,12
EPT2_ROOT=2,4,5,6,7,10,13
EPT2_ROOT=2,4,5,6,7,10,14
EPT2_ROOT=2,4,5,6,7,11,12
EPT2_ROOT=2,4,5,6,7,11,13
EPT2_ROOT=2,4,5,6,7,11,14
EPT2_ROOT=2,4,5,6,7,12,13
EPT2_ROOT=2,4,5,6,7,12,14
EPT2_ROOT=2,4,5,6,7,13,14
EPT2_ROOT=2,4,5,6,8,9,10
EPT2_ROOT=2,4,5,6,8,9,11
EPT2_ROOT=2,4,5,6,8,9,12
EPT2_ROOT=2,4,5,6,8,9,13
EPT2_ROOT=2,4,5,6,8,9,14
EPT2_ROOT=2,4,5,6,8,10,11
EPT2_ROOT=2,4,5,6,8,10,12
EPT2_ROOT=2,4,5,6,8,10,13
EPT2_ROOT=2,4,5,6,8,10,14
EPT2_ROOT=2,4,5,6,8,11,12
EPT2_ROOT=2,4,5,6,8,11,13
EPT2_ROOT=2,4,5,6,8,11,14
EPT2_ROOT=2,4,5,6,8,12,13
EPT2_ROOT=2,4,5,6,8,12,14
EPT2_ROOT=2,4,5,6,8,13,14
EPT2_ROOT=2,4,5,6,9,10,11
EPT2_ROOT=2,4,5,6,9,10,12
EPT2_ROOT=2,4,5,6,9,10,13
EPT2_ROOT=2,4,5,6,9,10,14
EPT2_ROOT=2,4,5,6,9,11,12
EPT2_ROOT=2,4,5,6,9,11,13
EPT2_ROOT=2,4,5,6,9,11,14
EPT2_ROOT=2,4,5,6,9,12,13
EPT2_ROOT=2,4,5,6,9,12,14
EPT2_ROOT=2,4,5,6,9,13,14
EPT2_ROOT=2,4,5,6,10,11,12
EPT2_ROOT=2,4,5,6,10,11,13
EPT2_ROOT=2,4,5,6,10,11,14
EPT2_ROOT=2,4,5,6,10,12,13
EPT2_ROOT=2,4,5,6,10,12,14
EPT2_ROOT=2,4,5,6,10,13,14
EPT2_ROOT=2,4,5,6,11,12,13
EPT2_ROOT=2,4,5,6,11,12,14
EPT2_ROOT=2,4,5,6,11,13,14
EPT2_ROOT=2,4,5,6,12,13,14
EPT2_ROOT=2,4,5,7,8,9,10
EPT2_ROOT=2,4,5,7,8,9,11
EPT2_ROOT=2,4,5,7,8,9,12
EPT2_ROOT=2,4,5,7,8,9,13
EPT2_ROOT=2,4,5,7,8,9,14
EPT2_ROOT=2,4,5,7,8,10,11
EPT2_ROOT=2,4,5,7,8,10,12
EPT2_ROOT=2,4,5,7,8,10,13
EPT2_ROOT=2,4,5,7,8,10,14
EPT2_ROOT=2,4,5,7,8,11,12
EPT2_ROOT=2,4,5,7,8,11,13
EPT2_ROOT=2,4,5,7,8,11,14
EPT2_ROOT=2,4,5,7,8,12,13
EPT2_ROOT=2,4,5,7,8,12,14
EPT2_ROOT=2,4,5,7,8,13,14
EPT2_ROOT=2,4,5,7,9,10,11
EPT2_ROOT=2,4,5,7,9,10,12
EPT2_ROOT=2,4,5,7,9,10,13
EPT2_ROOT=2,4,5,7,9,10,14
EPT2_ROOT=2,4,5,7,9,11,12
EPT2_ROOT=2,4,5,7,9,11,13
EPT2_ROOT=2,4,5,7,9,11,14
EPT2_ROOT=2,4,5,7,9,12,13
EPT2_ROOT=2,4,5,7,9,12,14
EPT2_ROOT=2,4,5,7,9,13,14
EPT2_ROOT=2,4,5,7,10,11,12
EPT2_ROOT=2,4,5,7,10,11,13
EPT2_ROOT=2,4,5,7,10,11,14
EPT2_ROOT=2,4,5,7,10,12,13
EPT2_ROOT=2,4,5,7,10,12,14
EPT2_ROOT=2,4,5,7,10,13,14
EPT2_ROOT=2,4,5,7,11,12,13
EPT2_ROOT=2,4,5,7,11,12,14
EPT2_ROOT=2,4,5,7,11,13,14
EPT2_ROOT=2,4,5,7,12,13,14
EPT2_ROOT=2,4,5,8,9,10,11
EPT2_ROOT=2,4,5,8,9,10,12
EPT2_ROOT=2,4,5,8,9,10,13
EPT2_ROOT=2,4,5,8,9,10,14
EPT2_ROOT=2,4,5,8,9,11,12
EPT2_ROOT=2,4,5,8,9,11,13
EPT2_ROOT=2,4,5,8,9,11,14
EPT2_ROOT=2,4,5,8,9,12,13
EPT2_ROOT=2,4,5,8,9,12,14
EPT2_ROOT=2,4,5,8,9,13,14
EPT2_ROOT=2,4,5,8,10,11,12
EPT2_ROOT=2,4,5,8,10,11,13
EPT2_ROOT=2,4,5,8,10,11,14
EPT2_ROOT=2,4,5,8,10,12,13
EPT2_ROOT=2,4,5,8,10,12,14
EPT2_ROOT=2,4,5,8,10,13,14
EPT2_ROOT=2,4,5,8,11,12,13
EPT2_ROOT=2,4,5,8,11,12,14
EPT2_ROOT=2,4,5,8,11,13,14
EPT2_ROOT=2,4,5,8,12,13,14
EPT2_ROOT=2,4,5,9,10,11,12
EPT2_ROOT=2,4,5,9,10,11,13
EPT2_ROOT=2,4,5,9,10,11,14
EPT2_ROOT=2,4,5,9,10,12,13
EPT2_ROOT=2,4,5,9,10,12,14
EPT2_ROOT=2,4,5,9,10,13,14
EPT2_ROOT=2,4,5,9,11,12,13
EPT2_ROOT=2,4,5,9,11,12,14
EPT2_ROOT=2,4,5,9,11,13,14
EPT2_ROOT=2,4,5,9,12,13,14
EPT2_ROOT=2,4,5,10,11,12,13
EPT2_ROOT=2,4,5,10,11,12,14
EPT2_ROOT=2,4,5,10,11,13,14
EPT2_ROOT=2,4,5,10,12,13,14
EPT2_ROOT=2,4,5,11,12,13,14
EPT2_ROOT=2,4,6,7,8,9,10
EPT2_ROOT=2,4,6,7,8,9,11
EPT2_ROOT=2,4,6,7,8,9,12
EPT2_ROOT=2,4,6,7,8,9,13
EPT2_ROOT=2,4,6,7,8,9,14
EPT2_ROOT=2,4,6,7,8,10,11
EPT2_ROOT=2,4,6,7,8,10,12
EPT2_ROOT=2,4,6,7,8,10,13
EPT2_ROOT=2,4,6,7,8,10,14
EPT2_ROOT=2,4,6,7,8,11,12
EPT2_ROOT=2,4,6,7,8,11,13
EPT2_ROOT=2,4,6,7,8,11,14
EPT2_ROOT=2,4,6,7,8,12,13
EPT2_ROOT=2,4,6,7,8,12,14
EPT2_ROOT=2,4,6,7,8,13,14
EPT2_ROOT=2,4,6,7,9,10,11
EPT2_ROOT=2,4,6,7,9,10,12
EPT2_ROOT=2,4,6,7,9,10,13
EPT2_ROOT=2,4,6,7,9,10,14
EPT2_ROOT=2,4,6,7,9,11,12
EPT2_ROOT=2,4,6,7,9,11,13
EPT2_ROOT=2,4,6,7,9,11,14
EPT2_ROOT=2,4,6,7,9,12,13
EPT2_ROOT=2,4,6,7,9,12,14
EPT2_ROOT=2,4,6,7,9,13,14
EPT2_ROOT=2,4,6,7,10,11,12
EPT2_ROOT=2,4,6,7,10,11,13
EPT2_ROOT=2,4,6,7,10,11,14
EPT2_ROOT=2,4,6,7,10,12,13
EPT2_ROOT=2,4,6,7,10,12,14
EPT2_ROOT=2,4,6,7,10,13,14
EPT2_ROOT=2,4,6,7,11,12,13
EPT2_ROOT=2,4,6,7,11,12,14
EPT2_ROOT=2,4,6,7,11,13,14
EPT2_ROOT=2,4,6,7,12,13,14
EPT2_ROOT=2,4,6,8,9,10,11
EPT2_ROOT=2,4,6,8,9,10,12
EPT2_ROOT=2,4,6,8,9,10,13
EPT2_ROOT=2,4,6,8,9,10,14
EPT2_ROOT=2,4,6,8,9,11,12
EPT2_ROOT=2,4,6,8,9,11,13
EPT2_ROOT=2,4,6,8,9,11,14
EPT2_ROOT=2,4,6,8,9,12,13
EPT2_ROOT=2,4,6,8,9,12,14
EPT2_ROOT=2,4,6,8,9,13,14
EPT2_ROOT=2,4,6,8,10,11,12
EPT2_ROOT=2,4,6,8,10,11,13
EPT2_ROOT=2,4,6,8,10,11,14
EPT2_ROOT=2,4,6,8,10,12,13
EPT2_ROOT=2,4,6,8,10,12,14
EPT2_ROOT=2,4,6,8,10,13,14
EPT2_ROOT=2,4,6,8,11,12,13
EPT2_ROOT=2,4,6,8,11,12,14
EPT2_ROOT=2,4,6,8,11,13,14
EPT2_ROOT=2,4,6,8,12,13,14
EPT2_ROOT=2,4,6,9,10,11,12
EPT2_ROOT=2,4,6,9,10,11,13
EPT2_ROOT=2,4,6,9,10,11,14
EPT2_ROOT=2,4,6,9,10,12,13
EPT2_ROOT=2,4,6,9,10,12,14
EPT2_ROOT=2,4,6,9,10,13,14
EPT2_ROOT=2,4,6,9,11,12,13
EPT2_ROOT=2,4,6,9,11,12,14
EPT2_ROOT=2,4,6,9,11,13,14
EPT2_ROOT=2,4,6,9,12,13,14
EPT2_ROOT=2,4,6,10,11,12,13
EPT2_ROOT=2,4,6,10,11,12,14
EPT2_ROOT=2,4,6,10,11,13,14
EPT2_ROOT=2,4,6,10,12,13,14
EPT2_ROOT=2,4,6,11,12,13,14
EPT2_ROOT=2,4,7,8,9,10,11
EPT2_ROOT=2,4,7,8,9,10,12
EPT2_ROOT=2,4,7,8,9,10,13
EPT2_ROOT=2,4,7,8,9,10,14
EPT2_ROOT=2,4,7,8,9,11,12
EPT2_ROOT=2,4,7,8,9,11,13
EPT2_ROOT=2,4,7,8,9,11,14
EPT2_ROOT=2,4,7,8,9,12,13
EPT2_ROOT=2,4,7,8,9,12,14
EPT2_ROOT=2,4,7,8,9,13,14
EPT2_ROOT=2,4,7,8,10,11,12
EPT2_ROOT=2,4,7,8,10,11,13
EPT2_ROOT=2,4,7,8,10,11,14
EPT2_ROOT=2,4,7,8,10,12,13
EPT2_ROOT=2,4,7,8,10,12,14
EPT2_ROOT=2,4,7,8,10,13,14
EPT2_ROOT=2,4,7,8,11,12,13
EPT2_ROOT=2,4,7,8,11,12,14
EPT2_ROOT=2,4,7,8,11,13,14
EPT2_ROOT=2,4,7,8,12,13,14
EPT2_ROOT=2,4,7,9,10,11,12
EPT2_ROOT=2,4,7,9,10,11,13
EPT2_ROOT=2,4,7,9,10,11,14
EPT2_ROOT=2,4,7,9,10,12,13
EPT2_ROOT=2,4,7,9,10,12,14
EPT2_ROOT=2,4,7,9,10,13,14
EPT2_ROOT=2,4,7,9,11,12,13
EPT2_ROOT=2,4,7,9,11,12,14
EPT2_ROOT=2,4,7,9,11,13,14
EPT2_ROOT=2,4,7,9,12,13,14
EPT2_ROOT=2,4,7,10,11,12,13
EPT2_ROOT=2,4,7,10,11,12,14
EPT2_ROOT=2,4,7,10,11,13,14
EPT2_ROOT=2,4,7,10,12,13,14
EPT2_ROOT=2,4,7,11,12,13,14
EPT2_ROOT=2,4,8,9,10,11,12
EPT2_ROOT=2,4,8,9,10,11,13
EPT2_ROOT=2,4,8,9,10,11,14
EPT2_ROOT=2,4,8,9,10,12,13
EPT2_ROOT=2,4,8,9,10,12,14
EPT2_ROOT=2,4,8,9,10,13,14
EPT2_ROOT=2,4,8,9,11,12,13
EPT2_ROOT=2,4,8,9,11,12,14
EPT2_ROOT=2,4,8,9,11,13,14
EPT2_ROOT=2,4,8,9,12,13,14
EPT2_ROOT=2,4,8,10,11,12,13
EPT2_ROOT=2,4,8,10,11,12,14
EPT2_ROOT=2,4,8,10,11,13,14
EPT2_ROOT=2,4,8,10,12,13,14
EPT2_ROOT=2,4,8,11,12,13,14
EPT2_ROOT=2,4,9,10,11,12,13
EPT2_ROOT=2,4,9,10,11,12,14
EPT2_ROOT=2,4,9,10,11,13,14
EPT2_ROOT=2,4,9,10,12,13,14
EPT2_ROOT=2,4,9,11,12,13,14
EPT2_ROOT=2,4,10,11,12,13,14
EPT2_ROOT=2,5,6,7,8,9,10
EPT2_ROOT=2,5,6,7,8,9,11
EPT2_ROOT=2,5,6,7,8,9,12
EPT2_ROOT=2,5,6,7,8,9,13
EPT2_ROOT=2,5,6,7,8,9,14
EPT2_ROOT=2,5,6,7,8,10,11
EPT2_ROOT=2,5,6,7,8,10,12
EPT2_ROOT=2,5,6,7,8,10,13
EPT2_ROOT=2,5,6,7,8,10,14
EPT2_ROOT=2,5,6,7,8,11,12
EPT2_ROOT=2,5,6,7,8,11,13
EPT2_ROOT=2,5,6,7,8,11,14
EPT2_ROOT=2,5,6,7,8,12,13
EPT2_ROOT=2,5,6,7,8,12,14
EPT2_ROOT=2,5,6,7,8,13,14
EPT2_ROOT=2,5,6,7,9,10,11
EPT2_ROOT=2,5,6,7,9,10,12
EPT2_ROOT=2,5,6,7,9,10,13
EPT2_ROOT=2,5,6,7,9,10,14
EPT2_ROOT=2,5,6,7,9,11,12
EPT2_ROOT=2,5,6,7,9,11,13
EPT2_ROOT=2,5,6,7,9,11,14
EPT2_ROOT=2,5,6,7,9,12,13
EPT2_ROOT=2,5,6,7,9,12,14
EPT2_ROOT=2,5,6,7,9,13,14
EPT2_ROOT=2,5,6,7,10,11,12
EPT2_ROOT=2,5,6,7,10,11,13
EPT2_ROOT=2,5,6,7,10,11,14
EPT2_ROOT=2,5,6,7,10,12,13
EPT2_ROOT=2,5,6,7,10,12,14
EPT2_ROOT=2,5,6,7,10,13,14
EPT2_ROOT=2,5,6,7,11,12,13
EPT2_ROOT=2,5,6,7,11,12,14
EPT2_ROOT=2,5,6,7,11,13,14
EPT2_ROOT=2,5,6,7,12,13,14
EPT2_ROOT=2,5,6,8,9,10,11
EPT2_ROOT=2,5,6,8,9,10,12
EPT2_ROOT=2,5,6,8,9,10,13
EPT2_ROOT=2,5,6,8,9,10,14
EPT2_ROOT=2,5,6,8,9,11,12
EPT2_ROOT=2,5,6,8,9,11,13
EPT2_ROOT=2,5,6,8,9,11,14
EPT2_ROOT=2,5,6,8,9,12,13
EPT2_ROOT=2,5,6,8,9,12,14
EPT2_ROOT=2,5,6,8,9,13,14
EPT2_ROOT=2,5,6,8,10,11,12
EPT2_ROOT=2,5,6,8,10,11,13
EPT2_ROOT=2,5,6,8,10,11,14
EPT2_ROOT=2,5,6,8,10,12,13
EPT2_ROOT=2,5,6,8,10,12,14
EPT2_ROOT=2,5,6,8,10,13,14
EPT2_ROOT=2,5,6,8,11,12,13
EPT2_ROOT=2,5,6,8,11,12,14
EPT2_ROOT=2,5,6,8,11,13,14
EPT2_ROOT=2,5,6,8,12,13,14
EPT2_ROOT=2,5,6,9,10,11,12
EPT2_ROOT=2,5,6,9,10,11,13
EPT2_ROOT=2,5,6,9,10,11,14
EPT2_ROOT=2,5,6,9,10,12,13
EPT2_ROOT=2,5,6,9,10,12,14
EPT2_ROOT=2,5,6,9,10,13,14
EPT2_ROOT=2,5,6,9,11,12,13
EPT2_ROOT=2,5,6,9,11,12,14
EPT2_ROOT=2,5,6,9,11,13,14
EPT2_ROOT=2,5,6,9,12,13,14
EPT2_ROOT=2,5,6,10,11,12,13
EPT2_ROOT=2,5,6,10,11,12,14
EPT2_ROOT=2,5,6,10,11,13,14
EPT2_ROOT=2,5,6,10,12,13,14
EPT2_ROOT=2,5,6,11,12,13,14
EPT2_ROOT=2,5,7,8,9,10,11
EPT2_ROOT=2,5,7,8,9,10,12
EPT2_ROOT=2,5,7,8,9,10,13
EPT2_ROOT=2,5,7,8,9,10,14
EPT2_ROOT=2,5,7,8,9,11,12
EPT2_ROOT=2,5,7,8,9,11,13
EPT2_ROOT=2,5,7,8,9,11,14
EPT2_ROOT=2,5,7,8,9,12,13
EPT2_ROOT=2,5,7,8,9,12,14
EPT2_ROOT=2,5,7,8,9,13,14
EPT2_ROOT=2,5,7,8,10,11,12
EPT2_ROOT=2,5,7,8,10,11,13
EPT2_ROOT=2,5,7,8,10,11,14
EPT2_ROOT=2,5,7,8,10,12,13
EPT2_ROOT=2,5,7,8,10,12,14
EPT2_ROOT=2,5,7,8,10,13,14
EPT2_ROOT=2,5,7,8,11,12,13
EPT2_ROOT=2,5,7,8,11,12,14
EPT2_ROOT=2,5,7,8,11,13,14
EPT2_ROOT=2,5,7,8,12,13,14
EPT2_ROOT=2,5,7,9,10,11,12
EPT2_ROOT=2,5,7,9,10,11,13
EPT2_ROOT=2,5,7,9,10,11,14
EPT2_ROOT=2,5,7,9,10,12,13
EPT2_ROOT=2,5,7,9,10,12,14
EPT2_ROOT=2,5,7,9,10,13,14
EPT2_ROOT=2,5,7,9,11,12,13
EPT2_ROOT=2,5,7,9,11,12,14
EPT2_ROOT=2,5,7,9,11,13,14
EPT2_ROOT=2,5,7,9,12,13,14
EPT2_ROOT=2,5,7,10,11,12,13
EPT2_ROOT=2,5,7,10,11,12,14
EPT2_ROOT=2,5,7,10,11,13,14
EPT2_ROOT=2,5,7,10,12,13,14
EPT2_ROOT=2,5,7,11,12,13,14
EPT2_ROOT=2,5,8,9,10,11,12
EPT2_ROOT=2,5,8,9,10,11,13
EPT2_ROOT=2,5,8,9,10,11,14
EPT2_ROOT=2,5,8,9,10,12,13
EPT2_ROOT=2,5,8,9,10,12,14
EPT2_ROOT=2,5,8,9,10,13,14
EPT2_ROOT=2,5,8,9,11,12,13
EPT2_ROOT=2,5,8,9,11,12,14
EPT2_ROOT=2,5,8,9,11,13,14
EPT2_ROOT=2,5,8,9,12,13,14
EPT2_ROOT=2,5,8,10,11,12,13
EPT2_ROOT=2,5,8,10,11,12,14
EPT2_ROOT=2,5,8,10,11,13,14
EPT2_ROOT=2,5,8,10,12,13,14
EPT2_ROOT=2,5,8,11,12,13,14
EPT2_ROOT=2,5,9,10,11,12,13
EPT2_ROOT=2,5,9,10,11,12,14
EPT2_ROOT=2,5,9,10,11,13,14
EPT2_ROOT=2,5,9,10,12,13,14
EPT2_ROOT=2,5,9,11,12,13,14
EPT2_ROOT=2,5,10,11,12,13,14
EPT2_ROOT=2,6,7,8,9,10,11
EPT2_ROOT=2,6,7,8,9,10,12
EPT2_ROOT=2,6,7,8,9,10,13
EPT2_ROOT=2,6,7,8,9,10,14
EPT2_ROOT=2,6,7,8,9,11,12
EPT2_ROOT=2,6,7,8,9,11,13
EPT2_ROOT=2,6,7,8,9,11,14
EPT2_ROOT=2,6,7,8,9,12,13
EPT2_ROOT=2,6,7,8,9,12,14
EPT2_ROOT=2,6,7,8,9,13,14
EPT2_ROOT=2,6,7,8,10,11,12
EPT2_ROOT=2,6,7,8,10,11,13
EPT2_ROOT=2,6,7,8,10,11,14
EPT2_ROOT=2,6,7,8,10,12,13
EPT2_ROOT=2,6,7,8,10,12,14
EPT2_ROOT=2,6,7,8,10,13,14
EPT2_ROOT=2,6,7,8,11,12,13
EPT2_ROOT=2,6,7,8,11,12,14
EPT2_ROOT=2,6,7,8,11,13,14
EPT2_ROOT=2,6,7,8,12,13,14
EPT2_ROOT=2,6,7,9,10,11,12
EPT2_ROOT=2,6,7,9,10,11,13
EPT2_ROOT=2,6,7,9,10,11,14
EPT2_ROOT=2,6,7,9,10,12,13
EPT2_ROOT=2,6,7,9,10,12,14
EPT2_ROOT=2,6,7,9,10,13,14
EPT2_ROOT=2,6,7,9,11,12,13
EPT2_ROOT=2,6,7,9,11,12,14
EPT2_ROOT=2,6,7,9,11,13,14
EPT2_ROOT=2,6,7,9,12,13,14
EPT2_ROOT=2,6,7,10,11,12,13
EPT2_ROOT=2,6,7,10,11,12,14
EPT2_ROOT=2,6,7,10,11,13,14
EPT2_ROOT=2,6,7,10,12,13,14
EPT2_ROOT=2,6,7,11,12,13,14
EPT2_ROOT=2,6,8,9,10,11,12
EPT2_ROOT=2,6,8,9,10,11,13
EPT2_ROOT=2,6,8,9,10,11,14
EPT2_ROOT=2,6,8,9,10,12,13
EPT2_ROOT=2,6,8,9,10,12,14
EPT2_ROOT=2,6,8,9,10,13,14
EPT2_ROOT=2,6,8,9,11,12,13
EPT2_ROOT=2,6,8,9,11,12,14
EPT2_ROOT=2,6,8,9,11,13,14
EPT2_ROOT=2,6,8,9,12,13,14
EPT2_ROOT=2,6,8,10,11,12,13
EPT2_ROOT=2,6,8,10,11,12,14
EPT2_ROOT=2,6,8,10,11,13,14
EPT2_ROOT=2,6,8,10,12,13,14
EPT2_ROOT=2,6,8,11,12,13,14
EPT2_ROOT=2,6,9,10,11,12,13
EPT2_ROOT=2,6,9,10,11,12,14
EPT2_ROOT=2,6,9,10,11,13,14
EPT2_ROOT=2,6,9,10,12,13,14
EPT2_ROOT=2,6,9,11,12,13,14
EPT2_ROOT=2,6,10,11,12,13,14
EPT2_ROOT=2,7,8,9,10,11,12
EPT2_ROOT=2,7,8,9,10,11,13
EPT2_ROOT=2,7,8,9,10,11,14
EPT2_ROOT=2,7,8,9,10,12,13
EPT2_ROOT=2,7,8,9,10,12,14
EPT2_ROOT=2,7,8,9,10,13,14
EPT2_ROOT=2,7,8,9,11,12,13
EPT2_ROOT=2,7,8,9,11,12,14
EPT2_ROOT=2,7,8,9,11,13,14
EPT2_ROOT=2,7,8,9,12,13,14
EPT2_ROOT=2,7,8,10,11,12,13
EPT2_ROOT=2,7,8,10,11,12,14
EPT2_ROOT=2,7,8,10,11,13,14
EPT2_ROOT=2,7,8,10,12,13,14
EPT2_ROOT=2,7,8,11,12,13,14
EPT2_ROOT=2,7,9,10,11,12,13
EPT2_ROOT=2,7,9,10,11,12,14
EPT2_ROOT=2,7,9,10,11,13,14
EPT2_ROOT=2,7,9,10,12,13,14
EPT2_ROOT=2,7,9,11,12,13,14
EPT2_ROOT=2,7,10,11,12,13,14
EPT2_ROOT=2,8,9,10,11,12,13
EPT2_ROOT=2,8,9,10,11,12,14
EPT2_ROOT=2,8,9,10,11,13,14
EPT2_ROOT=2,8,9,10,12,13,14
EPT2_ROOT=2,8,9,11,12,13,14
EPT2_ROOT=2,8,10,11,12,13,14
EPT2_ROOT=2,9,10,11,12,13,14
EPT2_ROOT=3,4,5,6,7,8,9
EPT2_ROOT=3,4,5,6,7,8,10
EPT2_ROOT=3,4,5,6,7,8,11
EPT2_ROOT=3,4,5,6,7,8,12
EPT2_ROOT=3,4,5,6,7,8,13
EPT2_ROOT=3,4,5,6,7,8,14
EPT2_ROOT=3,4,5,6,7,9,10
EPT2_ROOT=3,4,5,6,7,9,11
EPT2_ROOT=3,4,5,6,7,9,12
EPT2_ROOT=3,4,5,6,7,9,13
EPT2_ROOT=3,4,5,6,7,9,14
EPT2_ROOT=3,4,5,6,7,10,11
EPT2_ROOT=3,4,5,6,7,10,12
EPT2_ROOT=3,4,5,6,7,10,13
EPT2_ROOT=3,4,5,6,7,10,14
EPT2_ROOT=3,4,5,6,7,11,12
EPT2_ROOT=3,4,5,6,7,11,13
EPT2_ROOT=3,4,5,6,7,11,14
EPT2_ROOT=3,4,5,6,7,12,13
EPT2_ROOT=3,4,5,6,7,12,14
EPT2_ROOT=3,4,5,6,7,13,14
EPT2_ROOT=3,4,5,6,8,9,10
EPT2_ROOT=3,4,5,6,8,9,11
EPT2_ROOT=3,4,5,6,8,9,12
EPT2_ROOT=3,4,5,6,8,9,13
EPT2_ROOT=3,4,5,6,8,9,14
EPT2_ROOT=3,4,5,6,8,10,11
EPT2_ROOT=3,4,5,6,8,10,12
EPT2_ROOT=3,4,5,6,8,10,13
EPT2_ROOT=3,4,5,6,8,10,14
EPT2_ROOT=3,4,5,6,8,11,12
EPT2_ROOT=3,4,5,6,8,11,13
EPT2_ROOT=3,4,5,6,8,11,14
EPT2_ROOT=3,4,5,6,8,12,13
EPT2_ROOT=3,4,5,6,8,12,14
EPT2_ROOT=3,4,5,6,8,13,14
EPT2_ROOT=3,4,5,6,9,10,11
EPT2_ROOT=3,4,5,6,9,10,12
EPT2_ROOT=3,4,5,6,9,10,13
EPT2_ROOT=3,4,5,6,9,10,14
EPT2_ROOT=3,4,5,6,9,11,12
EPT2_ROOT=3,4,5,6,9,11,13
EPT2_ROOT=3,4,5,6,9,11,14
EPT2_ROOT=3,4,5,6,9,12,13
EPT2_ROOT=3,4,5,6,9,12,14
EPT2_ROOT=3,4,5,6,9,13,14
EPT2_ROOT=3,4,5,6,10,11,12
EPT2_ROOT=3,4,5,6,10,11,13
EPT2_ROOT=3,4,5,6,10,11,14
EPT2_ROOT=3,4,5,6,10,12,13
EPT2_ROOT=3,4,5,6,10,12,14
EPT2_ROOT=3,4,5,6,10,13,14
EPT2_ROOT=3,4,5,6,11,12,13
EPT2_ROOT=3,4,5,6,11,12,14
EPT2_ROOT=3,4,5,6,11,13,14
EPT2_ROOT=3,4,5,6,12,13,14
EPT2_ROOT=3,4,5,7,8,9,10
EPT2_ROOT=3,4,5,7,8,9,11
EPT2_ROOT=3,4,5,7,8,9,12
EPT2_ROOT=3,4,5,7,8,9,13
EPT2_ROOT=3,4,5,7,8,9,14
EPT2_ROOT=3,4,5,7,8,10,11
EPT2_ROOT=3,4,5,7,8,10,12
EPT2_ROOT=3,4,5,7,8,10,13
EPT2_ROOT=3,4,5,7,8,10,14
EPT2_ROOT=3,4,5,7,8,11,12
EPT2_ROOT=3,4,5,7,8,11,13
EPT2_ROOT=3,4,5,7,8,11,14
EPT2_ROOT=3,4,5,7,8,12,13
EPT2_ROOT=3,4,5,7,8,12,14
EPT2_ROOT=3,4,5,7,8,13,14
EPT2_ROOT=3,4,5,7,9,10,11
EPT2_ROOT=3,4,5,7,9,10,12
EPT2_ROOT=3,4,5,7,9,10,13
EPT2_ROOT=3,4,5,7,9,10,14
EPT2_ROOT=3,4,5,7,9,11,12
EPT2_ROOT=3,4,5,7,9,11,13
EPT2_ROOT=3,4,5,7,9,11,14
EPT2_ROOT=3,4,5,7,9,12,13
EPT2_ROOT=3,4,5,7,9,12,14
EPT2_ROOT=3,4,5,7,9,13,14
EPT2_ROOT=3,4,5,7,10,11,12
EPT2_ROOT=3,4,5,7,10,11,13
EPT2_ROOT=3,4,5,7,10,11,14
EPT2_ROOT=3,4,5,7,10,12,13
EPT2_ROOT=3,4,5,7,10,12,14
EPT2_ROOT=3,4,5,7,10,13,14
EPT2_ROOT=3,4,5,7,11,12,13
EPT2_ROOT=3,4,5,7,11,12,14
EPT2_ROOT=3,4,5,7,11,13,14
EPT2_ROOT=3,4,5,7,12,13,14
EPT2_ROOT=3,4,5,8,9,10,11
EPT2_ROOT=3,4,5,8,9,10,12
EPT2_ROOT=3,4,5,8,9,10,13
EPT2_ROOT=3,4,5,8,9,10,14
EPT2_ROOT=3,4,5,8,9,11,12
EPT2_ROOT=3,4,5,8,9,11,13
EPT2_ROOT=3,4,5,8,9,11,14
EPT2_ROOT=3,4,5,8,9,12,13
EPT2_ROOT=3,4,5,8,9,12,14
EPT2_ROOT=3,4,5,8,9,13,14
EPT2_ROOT=3,4,5,8,10,11,12
EPT2_ROOT=3,4,5,8,10,11,13
EPT2_ROOT=3,4,5,8,10,11,14
EPT2_ROOT=3,4,5,8,10,12,13
EPT2_ROOT=3,4,5,8,10,12,14
EPT2_ROOT=3,4,5,8,10,13,14
EPT2_ROOT=3,4,5,8,11,12,13
EPT2_ROOT=3,4,5,8,11,12,14
EPT2_ROOT=3,4,5,8,11,13,14
EPT2_ROOT=3,4,5,8,12,13,14
EPT2_ROOT=3,4,5,9,10,11,12
EPT2_ROOT=3,4,5,9,10,11,13
EPT2_ROOT=3,4,5,9,10,11,14
EPT2_ROOT=3,4,5,9,10,12,13
EPT2_ROOT=3,4,5,9,10,12,14
EPT2_ROOT=3,4,5,9,10,13,14
EPT2_ROOT=3,4,5,9,11,12,13
EPT2_ROOT=3,4,5,9,11,12,14
EPT2_ROOT=3,4,5,9,11,13,14
EPT2_ROOT=3,4,5,9,12,13,14
EPT2_ROOT=3,4,5,10,11,12,13
EPT2_ROOT=3,4,5,10,11,12,14
EPT2_ROOT=3,4,5,10,11,13,14
EPT2_ROOT=3,4,5,10,12,13,14
EPT2_ROOT=3,4,5,11,12,13,14
EPT2_ROOT=3,4,6,7,8,9,10
EPT2_ROOT=3,4,6,7,8,9,11
EPT2_ROOT=3,4,6,7,8,9,12
EPT2_ROOT=3,4,6,7,8,9,13
EPT2_ROOT=3,4,6,7,8,9,14
EPT2_ROOT=3,4,6,7,8,10,11
EPT2_ROOT=3,4,6,7,8,10,12
EPT2_ROOT=3,4,6,7,8,10,13
EPT2_ROOT=3,4,6,7,8,10,14
EPT2_ROOT=3,4,6,7,8,11,12
EPT2_ROOT=3,4,6,7,8,11,13
EPT2_ROOT=3,4,6,7,8,11,14
EPT2_ROOT=3,4,6,7,8,12,13
EPT2_ROOT=3,4,6,7,8,12,14
EPT2_ROOT=3,4,6,7,8,13,14
EPT2_ROOT=3,4,6,7,9,10,11
EPT2_ROOT=3,4,6,7,9,10,12
EPT2_ROOT=3,4,6,7,9,10,13
EPT2_ROOT=3,4,6,7,9,10,14
EPT2_ROOT=3,4,6,7,9,11,12
EPT2_ROOT=3,4,6,7,9,11,13
EPT2_ROOT=3,4,6,7,9,11,14
EPT2_ROOT=3,4,6,7,9,12,13
EPT2_ROOT=3,4,6,7,9,12,14
EPT2_ROOT=3,4,6,7,9,13,14
EPT2_ROOT=3,4,6,7,10,11,12
EPT2_ROOT=3,4,6,7,10,11,13
EPT2_ROOT=3,4,6,7,10,11,14
EPT2_ROOT=3,4,6,7,10,12,13
EPT2_ROOT=3,4,6,7,10,12,14
EPT2_ROOT=3,4,6,7,10,13,14
EPT2_ROOT=3,4,6,7,11,12,13
EPT2_ROOT=3,4,6,7,11,12,14
EPT2_ROOT=3,4,6,7,11,13,14
EPT2_ROOT=3,4,6,7,12,13,14
EPT2_ROOT=3,4,6,8,9,10,11
EPT2_ROOT=3,4,6,8,9,10,12
EPT2_ROOT=3,4,6,8,9,10,13
EPT2_ROOT=3,4,6,8,9,10,14
EPT2_ROOT=3,4,6,8,9,11,12
EPT2_ROOT=3,4,6,8,9,11,13
EPT2_ROOT=3,4,6,8,9,11,14
EPT2_ROOT=3,4,6,8,9,12,13
EPT2_ROOT=3,4,6,8,9,12,14
EPT2_ROOT=3,4,6,8,9,13,14
EPT2_ROOT=3,4,6,8,10,11,12
EPT2_ROOT=3,4,6,8,10,11,13
EPT2_ROOT=3,4,6,8,10,11,14
EPT2_ROOT=3,4,6,8,10,12,13
EPT2_ROOT=3,4,6,8,10,12,14
EPT2_ROOT=3,4,6,8,10,13,14
EPT2_ROOT=3,4,6,8,11,12,13
EPT2_ROOT=3,4,6,8,11,12,14
EPT2_ROOT=3,4,6,8,11,13,14
EPT2_ROOT=3,4,6,8,12,13,14
EPT2_ROOT=3,4,6,9,10,11,12
EPT2_ROOT=3,4,6,9,10,11,13
EPT2_ROOT=3,4,6,9,10,11,14
EPT2_ROOT=3,4,6,9,10,12,13
EPT2_ROOT=3,4,6,9,10,12,14
EPT2_ROOT=3,4,6,9,10,13,14
EPT2_ROOT=3,4,6,9,11,12,13
EPT2_ROOT=3,4,6,9,11,12,14
EPT2_ROOT=3,4,6,9,11,13,14
EPT2_ROOT=3,4,6,9,12,13,14
EPT2_ROOT=3,4,6,10,11,12,13
EPT2_ROOT=3,4,6,10,11,12,14
EPT2_ROOT=3,4,6,10,11,13,14
EPT2_ROOT=3,4,6,10,12,13,14
EPT2_ROOT=3,4,6,11,12,13,14
EPT2_ROOT=3,4,7,8,9,10,11
EPT2_ROOT=3,4,7,8,9,10,12
EPT2_ROOT=3,4,7,8,9,10,13
EPT2_ROOT=3,4,7,8,9,10,14
EPT2_ROOT=3,4,7,8,9,11,12
EPT2_ROOT=3,4,7,8,9,11,13
EPT2_ROOT=3,4,7,8,9,11,14
EPT2_ROOT=3,4,7,8,9,12,13
EPT2_ROOT=3,4,7,8,9,12,14
EPT2_ROOT=3,4,7,8,9,13,14
EPT2_ROOT=3,4,7,8,10,11,12
EPT2_ROOT=3,4,7,8,10,11,13
EPT2_ROOT=3,4,7,8,10,11,14
EPT2_ROOT=3,4,7,8,10,12,13
EPT2_ROOT=3,4,7,8,10,12,14
EPT2_ROOT=3,4,7,8,10,13,14
EPT2_ROOT=3,4,7,8,11,12,13
EPT2_ROOT=3,4,7,8,11,12,14
EPT2_ROOT=3,4,7,8,11,13,14
EPT2_ROOT=3,4,7,8,12,13,14
EPT2_ROOT=3,4,7,9,10,11,12
EPT2_ROOT=3,4,7,9,10,11,13
EPT2_ROOT=3,4,7,9,10,11,14
EPT2_ROOT=3,4,7,9,10,12,13
EPT2_ROOT=3,4,7,9,10,12,14
EPT2_ROOT=3,4,7,9,10,13,14
EPT2_ROOT=3,4,7,9,11,12,13
EPT2_ROOT=3,4,7,9,11,12,14
EPT2_ROOT=3,4,7,9,11,13,14
EPT2_ROOT=3,4,7,9,12,13,14
EPT2_ROOT=3,4,7,10,11,12,13
EPT2_ROOT=3,4,7,10,11,12,14
EPT2_ROOT=3,4,7,10,11,13,14
EPT2_ROOT=3,4,7,10,12,13,14
EPT2_ROOT=3,4,7,11,12,13,14
EPT2_ROOT=3,4,8,9,10,11,12
EPT2_ROOT=3,4,8,9,10,11,13
EPT2_ROOT=3,4,8,9,10,11,14
EPT2_ROOT=3,4,8,9,10,12,13
EPT2_ROOT=3,4,8,9,10,12,14
EPT2_ROOT=3,4,8,9,10,13,14
EPT2_ROOT=3,4,8,9,11,12,13
EPT2_ROOT=3,4,8,9,11,12,14
EPT2_ROOT=3,4,8,9,11,13,14
EPT2_ROOT=3,4,8,9,12,13,14
EPT2_ROOT=3,4,8,10,11,12,13
EPT2_ROOT=3,4,8,10,11,12,14
EPT2_ROOT=3,4,8,10,11,13,14
EPT2_ROOT=3,4,8,10,12,13,14
EPT2_ROOT=3,4,8,11,12,13,14
EPT2_ROOT=3,4,9,10,11,12,13
EPT2_ROOT=3,4,9,10,11,12,14
EPT2_ROOT=3,4,9,10,11,13,14
EPT2_ROOT=3,4,9,10,12,13,14
EPT2_ROOT=3,4,9,11,12,13,14
EPT2_ROOT=3,4,10,11,12,13,14
EPT2_ROOT=3,5,6,7,8,9,10
EPT2_ROOT=3,5,6,7,8,9,11
EPT2_ROOT=3,5,6,7,8,9,12
EPT2_ROOT=3,5,6,7,8,9,13
EPT2_ROOT=3,5,6,7,8,9,14
EPT2_ROOT=3,5,6,7,8,10,11
EPT2_ROOT=3,5,6,7,8,10,12
EPT2_ROOT=3,5,6,7,8,10,13
EPT2_ROOT=3,5,6,7,8,10,14
EPT2_ROOT=3,5,6,7,8,11,12
EPT2_ROOT=3,5,6,7,8,11,13
EPT2_ROOT=3,5,6,7,8,11,14
EPT2_ROOT=3,5,6,7,8,12,13
EPT2_ROOT=3,5,6,7,8,12,14
EPT2_ROOT=3,5,6,7,8,13,14
EPT2_ROOT=3,5,6,7,9,10,11
EPT2_ROOT=3,5,6,7,9,10,12
EPT2_ROOT=3,5,6,7,9,10,13
EPT2_ROOT=3,5,6,7,9,10,14
EPT2_ROOT=3,5,6,7,9,11,12
EPT2_ROOT=3,5,6,7,9,11,13
EPT2_ROOT=3,5,6,7,9,11,14
EPT2_ROOT=3,5,6,7,9,12,13
EPT2_ROOT=3,5,6,7,9,12,14
EPT2_ROOT=3,5,6,7,9,13,14
EPT2_ROOT=3,5,6,7,10,11,12
EPT2_ROOT=3,5,6,7,10,11,13
EPT2_ROOT=3,5,6,7,10,11,14
EPT2_ROOT=3,5,6,7,10,12,13
EPT2_ROOT=3,5,6,7,10,12,14
EPT2_ROOT=3,5,6,7,10,13,14
EPT2_ROOT=3,5,6,7,11,12,13
EPT2_ROOT=3,5,6,7,11,12,14
EPT2_ROOT=3,5,6,7,11,13,14
EPT2_ROOT=3,5,6,7,12,13,14
EPT2_ROOT=3,5,6,8,9,10,11
EPT2_ROOT=3,5,6,8,9,10,12
EPT2_ROOT=3,5,6,8,9,10,13
EPT2_ROOT=3,5,6,8,9,10,14
EPT2_ROOT=3,5,6,8,9,11,12
EPT2_ROOT=3,5,6,8,9,11,13
EPT2_ROOT=3,5,6,8,9,11,14
EPT2_ROOT=3,5,6,8,9,12,13
EPT2_ROOT=3,5,6,8,9,12,14
EPT2_ROOT=3,5,6,8,9,13,14
EPT2_ROOT=3,5,6,8,10,11,12
EPT2_ROOT=3,5,6,8,10,11,13
EPT2_ROOT=3,5,6,8,10,11,14
EPT2_ROOT=3,5,6,8,10,12,13
EPT2_ROOT=3,5,6,8,10,12,14
EPT2_ROOT=3,5,6,8,10,13,14
EPT2_ROOT=3,5,6,8,11,12,13
EPT2_ROOT=3,5,6,8,11,12,14
EPT2_ROOT=3,5,6,8,11,13,14
EPT2_ROOT=3,5,6,8,12,13,14
EPT2_ROOT=3,5,6,9,10,11,12
EPT2_ROOT=3,5,6,9,10,11,13
EPT2_ROOT=3,5,6,9,10,11,14
EPT2_ROOT=3,5,6,9,10,12,13
EPT2_ROOT=3,5,6,9,10,12,14
EPT2_ROOT=3,5,6,9,10,13,14
EPT2_ROOT=3,5,6,9,11,12,13
EPT2_ROOT=3,5,6,9,11,12,14
EPT2_ROOT=3,5,6,9,11,13,14
EPT2_ROOT=3,5,6,9,12,13,14
EPT2_ROOT=3,5,6,10,11,12,13
EPT2_ROOT=3,5,6,10,11,12,14
EPT2_ROOT=3,5,6,10,11,13,14
EPT2_ROOT=3,5,6,10,12,13,14
EPT2_ROOT=3,5,6,11,12,13,14
EPT2_ROOT=3,5,7,8,9,10,11
EPT2_ROOT=3,5,7,8,9,10,12
EPT2_ROOT=3,5,7,8,9,10,13
EPT2_ROOT=3,5,7,8,9,10,14
EPT2_ROOT=3,5,7,8,9,11,12
EPT2_ROOT=3,5,7,8,9,11,13
EPT2_ROOT=3,5,7,8,9,11,14
EPT2_ROOT=3,5,7,8,9,12,13
EPT2_ROOT=3,5,7,8,9,12,14
EPT2_ROOT=3,5,7,8,9,13,14
EPT2_ROOT=3,5,7,8,10,11,12
EPT2_ROOT=3,5,7,8,10,11,13
EPT2_ROOT=3,5,7,8,10,11,14
EPT2_ROOT=3,5,7,8,10,12,13
EPT2_ROOT=3,5,7,8,10,12,14
EPT2_ROOT=3,5,7,8,10,13,14
EPT2_ROOT=3,5,7,8,11,12,13
EPT2_ROOT=3,5,7,8,11,12,14
EPT2_ROOT=3,5,7,8,11,13,14
EPT2_ROOT=3,5,7,8,12,13,14
EPT2_ROOT=3,5,7,9,10,11,12
EPT2_ROOT=3,5,7,9,10,11,13
EPT2_ROOT=3,5,7,9,10,11,14
EPT2_ROOT=3,5,7,9,10,12,13
EPT2_ROOT=3,5,7,9,10,12,14
EPT2_ROOT=3,5,7,9,10,13,14
EPT2_ROOT=3,5,7,9,11,12,13
EPT2_ROOT=3,5,7,9,11,12,14
EPT2_ROOT=3,5,7,9,11,13,14
EPT2_ROOT=3,5,7,9,12,13,14
EPT2_ROOT=3,5,7,10,11,12,13
EPT2_ROOT=3,5,7,10,11,12,14
EPT2_ROOT=3,5,7,10,11,13,14
EPT2_ROOT=3,5,7,10,12,13,14
EPT2_ROOT=3,5,7,11,12,13,14
EPT2_ROOT=3,5,8,9,10,11,12
EPT2_ROOT=3,5,8,9,10,11,13
EPT2_ROOT=3,5,8,9,10,11,14
EPT2_ROOT=3,5,8,9,10,12,13
EPT2_ROOT=3,5,8,9,10,12,14
EPT2_ROOT=3,5,8,9,10,13,14
EPT2_ROOT=3,5,8,9,11,12,13
EPT2_ROOT=3,5,8,9,11,12,14
EPT2_ROOT=3,5,8,9,11,13,14
EPT2_ROOT=3,5,8,9,12,13,14
EPT2_ROOT=3,5,8,10,11,12,13
EPT2_ROOT=3,5,8,10,11,12,14
EPT2_ROOT=3,5,8,10,11,13,14
EPT2_ROOT=3,5,8,10,12,13,14
EPT2_ROOT=3,5,8,11,12,13,14
EPT2_ROOT=3,5,9,10,11,12,13
EPT2_ROOT=3,5,9,10,11,12,14
EPT2_ROOT=3,5,9,10,11,13,14
EPT2_ROOT=3,5,9,10,12,13,14
EPT2_ROOT=3,5,9,11,12,13,14
EPT2_ROOT=3,5,10,11,12,13,14
EPT2_ROOT=3,6,7,8,9,10,11
EPT2_ROOT=3,6,7,8,9,10,12
EPT2_ROOT=3,6,7,8,9,10,13
EPT2_ROOT=3,6,7,8,9,10,14
EPT2_ROOT=3,6,7,8,9,11,12
EPT2_ROOT=3,6,7,8,9,11,13
EPT2_ROOT=3,6,7,8,9,11,14
EPT2_ROOT=3,6,7,8,9,12,13
EPT2_ROOT=3,6,7,8,9,12,14
EPT2_ROOT=3,6,7,8,9,13,14
EPT2_ROOT=3,6,7,8,10,11,12
EPT2_ROOT=3,6,7,8,10,11,13
EPT2_ROOT=3,6,7,8,10,11,14
EPT2_ROOT=3,6,7,8,10,12,13
EPT2_ROOT=3,6,7,8,10,12,14
EPT2_ROOT=3,6,7,8,10,13,14
EPT2_ROOT=3,6,7,8,11,12,13
EPT2_ROOT=3,6,7,8,11,12,14
EPT2_ROOT=3,6,7,8,11,13,14
EPT2_ROOT=3,6,7,8,12,13,14
EPT2_ROOT=3,6,7,9,10,11,12
EPT2_ROOT=3,6,7,9,10,11,13
EPT2_ROOT=3,6,7,9,10,11,14
EPT2_ROOT=3,6,7,9,10,12,13
EPT2_ROOT=3,6,7,9,10,12,14
EPT2_ROOT=3,6,7,9,10,13,14
EPT2_ROOT=3,6,7,9,11,12,13
EPT2_ROOT=3,6,7,9,11,12,14
EPT2_ROOT=3,6,7,9,11,13,14
EPT2_ROOT=3,6,7,9,12,13,14
EPT2_ROOT=3,6,7,10,11,12,13
EPT2_ROOT=3,6,7,10,11,12,14
EPT2_ROOT=3,6,7,10,11,13,14
EPT2_ROOT=3,6,7,10,12,13,14
EPT2_ROOT=3,6,7,11,12,13,14
EPT2_ROOT=3,6,8,9,10,11,12
EPT2_ROOT=3,6,8,9,10,11,13
EPT2_ROOT=3,6,8,9,10,11,14
EPT2_ROOT=3,6,8,9,10,12,13
EPT2_ROOT=3,6,8,9,10,12,14
EPT2_ROOT=3,6,8,9,10,13,14
EPT2_ROOT=3,6,8,9,11,12,13
EPT2_ROOT=3,6,8,9,11,12,14
EPT2_ROOT=3,6,8,9,11,13,14
EPT2_ROOT=3,6,8,9,12,13,14
EPT2_ROOT=3,6,8,10,11,12,13
EPT2_ROOT=3,6,8,10,11,12,14
EPT2_ROOT=3,6,8,10,11,13,14
EPT2_ROOT=3,6,8,10,12,13,14
EPT2_ROOT=3,6,8,11,12,13,14
EPT2_ROOT=3,6,9,10,11,12,13
EPT2_ROOT=3,6,9,10,11,12,14
EPT2_ROOT=3,6,9,10,11,13,14
EPT2_ROOT=3,6,9,10,12,13,14
EPT2_ROOT=3,6,9,11,12,13,14
EPT2_ROOT=3,6,10,11,12,13,14
EPT2_ROOT=3,7,8,9,10,11,12
EPT2_ROOT=3,7,8,9,10,11,13
EPT2_ROOT=3,7,8,9,10,11,14
EPT2_ROOT=3,7,8,9,10,12,13
EPT2_ROOT=3,7,8,9,10,12,14
EPT2_ROOT=3,7,8,9,10,13,14
EPT2_ROOT=3,7,8,9,11,12,13
EPT2_ROOT=3,7,8,9,11,12,14
EPT2_ROOT=3,7,8,9,11,13,14
EPT2_ROOT=3,7,8,9,12,13,14
EPT2_ROOT=3,7,8,10,11,12,13
EPT2_ROOT=3,7,8,10,11,12,14
EPT2_ROOT=3,7,8,10,11,13,14
EPT2_ROOT=3,7,8,10,12,13,14
EPT2_ROOT=3,7,8,11,12,13,14
EPT2_ROOT=3,7,9,10,11,12,13
EPT2_ROOT=3,7,9,10,11,12,14
EPT2_ROOT=3,7,9,10,11,13,14
EPT2_ROOT=3,7,9,10,12,13,14
EPT2_ROOT=3,7,9,11,12,13,14
EPT2_ROOT=3,7,10,11,12,13,14
EPT2_ROOT=3,8,9,10,11,12,13
EPT2_ROOT=3,8,9,10,11,12,14
EPT2_ROOT=3,8,9,10,11,13,14
EPT2_ROOT=3,8,9,10,12,13,14
EPT2_ROOT=3,8,9,11,12,13,14
EPT2_ROOT=3,8,10,11,12,13,14
EPT2_ROOT=3,9,10,11,12,13,14
EPT2_ROOT=4,5,6,7,8,9,10
EPT2_ROOT=4,5,6,7,8,9,11
EPT2_ROOT=4,5,6,7,8,9,12
EPT2_ROOT=4,5,6,7,8,9,13
EPT2_ROOT=4,5,6,7,8,9,14
EPT2_ROOT=4,5,6,7,8,10,11
EPT2_ROOT=4,5,6,7,8,10,12
EPT2_ROOT=4,5,6,7,8,10,13
EPT2_ROOT=4,5,6,7,8,10,14
EPT2_ROOT=4,5,6,7,8,11,12
EPT2_ROOT=4,5,6,7,8,11,13
EPT2_ROOT=4,5,6,7,8,11,14
EPT2_ROOT=4,5,6,7,8,12,13
EPT2_ROOT=4,5,6,7,8,12,14
EPT2_ROOT=4,5,6,7,8,13,14
EPT2_ROOT=4,5,6,7,9,10,11
EPT2_ROOT=4,5,6,7,9,10,12
EPT2_ROOT=4,5,6,7,9,10,13
EPT2_ROOT=4,5,6,7,9,10,14
EPT2_ROOT=4,5,6,7,9,11,12
EPT2_ROOT=4,5,6,7,9,11,13
EPT2_ROOT=4,5,6,7,9,11,14
EPT2_ROOT=4,5,6,7,9,12,13
EPT2_ROOT=4,5,6,7,9,12,14
EPT2_ROOT=4,5,6,7,9,13,14
EPT2_ROOT=4,5,6,7,10,11,12
EPT2_ROOT=4,5,6,7,10,11,13
EPT2_ROOT=4,5,6,7,10,11,14
EPT2_ROOT=4,5,6,7,10,12,13
EPT2_ROOT=4,5,6,7,10,12,14
EPT2_ROOT=4,5,6,7,10,13,14
EPT2_ROOT=4,5,6,7,11,12,13
EPT2_ROOT=4,5,6,7,11,12,14
EPT2_ROOT=4,5,6,7,11,13,14
EPT2_ROOT=4,5,6,7,12,13,14
EPT2_ROOT=4,5,6,8,9,10,11
EPT2_ROOT=4,5,6,8,9,10,12
EPT2_ROOT=4,5,6,8,9,10,13
EPT2_ROOT=4,5,6,8,9,10,14
EPT2_ROOT=4,5,6,8,9,11,12
EPT2_ROOT=4,5,6,8,9,11,13
EPT2_ROOT=4,5,6,8,9,11,14
EPT2_ROOT=4,5,6,8,9,12,13
EPT2_ROOT=4,5,6,8,9,12,14
EPT2_ROOT=4,5,6,8,9,13,14
EPT2_ROOT=4,5,6,8,10,11,13
EPT2_ROOT=4,5,6,8,10,11,14
EPT2_ROOT=4,5,6,8,10,12,13
EPT2_ROOT=4,5,6,8,10,12,14
EPT2_ROOT=4,5,6,8,10,13,14
EPT2_ROOT=4,5,6,8,11,12,13
EPT2_ROOT=4,5,6,8,11,12,14
EPT2_ROOT=4,5,6,8,11,13,14
EPT2_ROOT=4,5,6,8,12,13,14
EPT2_ROOT=4,5,6,9,10,11,12
EPT2_ROOT=4,5,6,9,10,11,13
EPT2_ROOT=4,5,6,9,10,11,14
EPT2_ROOT=4,5,6,9,10,12,13
EPT2_ROOT=4,5,6,9,10,12,14
EPT2_ROOT=4,5,6,9,10,13,14
EPT2_ROOT=4,5,6,9,11,12,13
EPT2_ROOT=4,5,6,9,11,12,14
EPT2_ROOT=4,5,6,9,11,13,14
EPT2_ROOT=4,5,6,9,12,13,14
EPT2_ROOT=4,5,6,10,11,12,13
EPT2_ROOT=4,5,6,10,11,12,14
EPT2_ROOT=4,5,6,10,11,13,14
EPT2_ROOT=4,5,6,10,12,13,14
EPT2_ROOT=4,5,6,11,12,13,14
EPT2_ROOT=4,5,7,8,9,10,11
EPT2_ROOT=4,5,7,8,9,10,12
EPT2_ROOT=4,5,7,8,9,10,13
EPT2_ROOT=4,5,7,8,9,10,14
EPT2_ROOT=4,5,7,8,9,11,12
EPT2_ROOT=4,5,7,8,9,11,13
EPT2_ROOT=4,5,7,8,9,11,14
EPT2_ROOT=4,5,7,8,9,12,13
EPT2_ROOT=4,5,7,8,9,12,14
EPT2_ROOT=4,5,7,8,9,13,14
EPT2_ROOT=4,5,7,8,10,11,12
EPT2_ROOT=4,5,7,8,10,11,13
EPT2_ROOT=4,5,7,8,10,11,14
EPT2_ROOT=4,5,7,8,10,12,13
EPT2_ROOT=4,5,7,8,10,12,14
EPT2_ROOT=4,5,7,8,10,13,14
EPT2_ROOT=4,5,7,8,11,12,13
EPT2_ROOT=4,5,7,8,11,12,14
EPT2_ROOT=4,5,7,8,11,13,14
EPT2_ROOT=4,5,7,8,12,13,14
EPT2_ROOT=4,5,7,9,10,11,12
EPT2_ROOT=4,5,7,9,10,11,13
EPT2_ROOT=4,5,7,9,10,11,14
EPT2_ROOT=4,5,7,9,10,12,13
EPT2_ROOT=4,5,7,9,10,12,14
EPT2_ROOT=4,5,7,9,10,13,14
EPT2_ROOT=4,5,7,9,11,12,13
EPT2_ROOT=4,5,7,9,11,12,14
EPT2_ROOT=4,5,7,9,11,13,14
EPT2_ROOT=4,5,7,9,12,13,14
EPT2_ROOT=4,5,7,10,11,12,13
EPT2_ROOT=4,5,7,10,11,12,14
EPT2_ROOT=4,5,7,10,11,13,14
EPT2_ROOT=4,5,7,10,12,13,14
EPT2_ROOT=4,5,7,11,12,13,14
EPT2_ROOT=4,5,8,9,10,11,12
EPT2_ROOT=4,5,8,9,10,11,13
EPT2_ROOT=4,5,8,9,10,11,14
EPT2_ROOT=4,5,8,9,10,12,13
EPT2_ROOT=4,5,8,9,10,12,14
EPT2_ROOT=4,5,8,9,10,13,14
EPT2_ROOT=4,5,8,9,11,12,13
EPT2_ROOT=4,5,8,9,11,12,14
EPT2_ROOT=4,5,8,9,11,13,14
EPT2_ROOT=4,5,8,9,12,13,14
EPT2_ROOT=4,5,8,10,11,12,13
EPT2_ROOT=4,5,8,10,11,12,14
EPT2_ROOT=4,5,8,10,11,13,14
EPT2_ROOT=4,5,8,10,12,13,14
EPT2_ROOT=4,5,8,11,12,13,14
EPT2_ROOT=4,5,9,10,11,12,13
EPT2_ROOT=4,5,9,10,11,12,14
EPT2_ROOT=4,5,9,10,11,13,14
EPT2_ROOT=4,5,9,10,12,13,14
EPT2_ROOT=4,5,9,11,12,13,14
EPT2_ROOT=4,5,10,11,12,13,14
EPT2_ROOT=4,6,7,8,9,10,11
EPT2_ROOT=4,6,7,8,9,10,12
EPT2_ROOT=4,6,7,8,9,10,13
EPT2_ROOT=4,6,7,8,9,10,14
EPT2_ROOT=4,6,7,8,9,11,12
EPT2_ROOT=4,6,7,8,9,11,13
EPT2_ROOT=4,6,7,8,9,11,14
EPT2_ROOT=4,6,7,8,9,12,13
EPT2_ROOT=4,6,7,8,9,12,14
EPT2_ROOT=4,6,7,8,9,13,14
EPT2_ROOT=4,6,7,8,10,11,12
EPT2_ROOT=4,6,7,8,10,11,13
EPT2_ROOT=4,6,7,8,10,11,14
EPT2_ROOT=4,6,7,8,10,12,13
EPT2_ROOT=4,6,7,8,10,12,14
EPT2_ROOT=4,6,7,8,10,13,14
EPT2_ROOT=4,6,7,8,11,12,13
EPT2_ROOT=4,6,7,8,11,12,14
EPT2_ROOT=4,6,7,8,11,13,14
EPT2_ROOT=4,6,7,8,12,13,14
EPT2_ROOT=4,6,7,9,10,11,12
EPT2_ROOT=4,6,7,9,10,11,13
EPT2_ROOT=4,6,7,9,10,11,14
EPT2_ROOT=4,6,7,9,10,12,13
EPT2_ROOT=4,6,7,9,10,12,14
EPT2_ROOT=4,6,7,9,10,13,14
EPT2_ROOT=4,6,7,9,11,12,13
EPT2_ROOT=4,6,7,9,11,12,14
EPT2_ROOT=4,6,7,9,11,13,14
EPT2_ROOT=4,6,7,9,12,13,14
EPT2_ROOT=4,6,7,10,11,12,13
EPT2_ROOT=4,6,7,10,11,12,14
EPT2_ROOT=4,6,7,10,11,13,14
EPT2_ROOT=4,6,7,10,12,13,14
EPT2_ROOT=4,6,7,11,12,13,14
EPT2_ROOT=4,6,8,9,10,11,12
EPT2_ROOT=4,6,8,9,10,11,13
EPT2_ROOT=4,6,8,9,10,11,14
EPT2_ROOT=4,6,8,9,10,12,13
EPT2_ROOT=4,6,8,9,10,12,14
EPT2_ROOT=4,6,8,9,10,13,14
EPT2_ROOT=4,6,8,9,11,12,13
EPT2_ROOT=4,6,8,9,11,12,14
EPT2_ROOT=4,6,8,9,11,13,14
EPT2_ROOT=4,6,8,9,12,13,14
EPT2_ROOT=4,6,8,10,11,12,13
EPT2_ROOT=4,6,8,10,11,12,14
EPT2_ROOT=4,6,8,10,11,13,14
EPT2_ROOT=4,6,8,10,12,13,14
EPT2_ROOT=4,6,8,11,12,13,14
EPT2_ROOT=4,6,9,10,11,12,13
EPT2_ROOT=4,6,9,10,11,12,14
EPT2_ROOT=4,6,9,10,11,13,14
EPT2_ROOT=4,6,9,10,12,13,14
EPT2_ROOT=4,6,9,11,12,13,14
EPT2_ROOT=4,6,10,11,12,13,14
EPT2_ROOT=4,7,8,9,10,11,12
EPT2_ROOT=4,7,8,9,10,11,13
EPT2_ROOT=4,7,8,9,10,11,14
EPT2_ROOT=4,7,8,9,10,12,13
EPT2_ROOT=4,7,8,9,10,12,14
EPT2_ROOT=4,7,8,9,10,13,14
EPT2_ROOT=4,7,8,9,11,12,13
EPT2_ROOT=4,7,8,9,11,12,14
EPT2_ROOT=4,7,8,9,11,13,14
EPT2_ROOT=4,7,8,9,12,13,14
EPT2_ROOT=4,7,8,10,11,12,13
EPT2_ROOT=4,7,8,10,11,12,14
EPT2_ROOT=4,7,8,10,11,13,14
EPT2_ROOT=4,7,8,10,12,13,14
EPT2_ROOT=4,7,8,11,12,13,14
EPT2_ROOT=4,7,9,10,11,12,13
EPT2_ROOT=4,7,9,10,11,12,14
EPT2_ROOT=4,7,9,10,11,13,14
EPT2_ROOT=4,7,9,10,12,13,14
EPT2_ROOT=4,7,9,11,12,13,14
EPT2_ROOT=4,7,10,11,12,13,14
EPT2_ROOT=4,8,9,10,11,12,13
EPT2_ROOT=4,8,9,10,11,12,14
EPT2_ROOT=4,8,9,10,11,13,14
EPT2_ROOT=4,8,9,10,12,13,14
EPT2_ROOT=4,8,9,11,12,13,14
EPT2_ROOT=4,8,10,11,12,13,14
EPT2_ROOT=4,9,10,11,12,13,14
EPT2_ROOT=5,6,7,8,9,10,11
EPT2_ROOT=5,6,7,8,9,10,12
EPT2_ROOT=5,6,7,8,9,10,13
EPT2_ROOT=5,6,7,8,9,10,14
EPT2_ROOT=5,6,7,8,9,11,12
EPT2_ROOT=5,6,7,8,9,11,13
EPT2_ROOT=5,6,7,8,9,11,14
EPT2_ROOT=5,6,7,8,9,12,13
EPT2_ROOT=5,6,7,8,9,12,14
EPT2_ROOT=5,6,7,8,9,13,14
EPT2_ROOT=5,6,7,8,10,11,12
EPT2_ROOT=5,6,7,8,10,11,13
EPT2_ROOT=5,6,7,8,10,11,14
EPT2_ROOT=5,6,7,8,10,12,13
EPT2_ROOT=5,6,7,8,10,12,14
EPT2_ROOT=5,6,7,8,10,13,14
EPT2_ROOT=5,6,7,8,11,12,13
EPT2_ROOT=5,6,7,8,11,12,14
EPT2_ROOT=5,6,7,8,11,13,14
EPT2_ROOT=5,6,7,8,12,13,14
EPT2_ROOT=5,6,7,9,10,11,12
EPT2_ROOT=5,6,7,9,10,11,13
EPT2_ROOT=5,6,7,9,10,12,13
EPT2_ROOT=5,6,7,9,10,12,14
EPT2_ROOT=5,6,7,9,10,13,14
EPT2_ROOT=5,6,7,9,11,12,13
EPT2_ROOT=5,6,7,9,11,12,14
EPT2_ROOT=5,6,7,9,11,13,14
EPT2_ROOT=5,6,7,9,12,13,14
EPT2_ROOT=5,6,7,10,11,12,13
EPT2_ROOT=5,6,7,10,11,12,14
EPT2_ROOT=5,6,7,10,11,13,14
EPT2_ROOT=5,6,7,10,12,13,14
EPT2_ROOT=5,6,7,11,12,13,14
EPT2_ROOT=5,6,8,9,10,11,13
EPT2_ROOT=5,6,8,9,10,11,14
EPT2_ROOT=5,6,8,9,10,12,14
EPT2_ROOT=5,6,8,9,10,13,14
EPT2_ROOT=5,6,8,9,11,12,13
EPT2_ROOT=5,6,8,9,11,12,14
EPT2_ROOT=5,6,8,9,11,13,14
EPT2_ROOT=5,6,8,9,12,13,14
EPT2_ROOT=5,6,8,10,11,12,14
EPT2_ROOT=5,6,8,10,11,13,14
EPT2_ROOT=5,6,8,10,12,13,14
EPT2_ROOT=5,6,8,11,12,13,14
EPT2_ROOT=5,6,9,10,11,12,13
EPT2_ROOT=5,6,9,10,11,12,14
EPT2_ROOT=5,6,9,10,11,13,14
EPT2_ROOT=5,6,9,10,12,13,14
EPT2_ROOT=5,6,9,11,12,13,14
EPT2_ROOT=5,6,10,11,12,13,14
EPT2_ROOT=5,7,8,9,10,11,12
EPT2_ROOT=5,7,8,9,10,11,13
EPT2_ROOT=5,7,8,9,10,11,14
EPT2_ROOT=5,7,8,9,10,12,13
EPT2_ROOT=5,7,8,9,10,12,14
EPT2_ROOT=5,7,8,9,10,13,14
EPT2_ROOT=5,7,8,9,11,12,13
EPT2_ROOT=5,7,8,9,11,12,14
EPT2_ROOT=5,7,8,9,11,13,14
EPT2_ROOT=5,7,8,9,12,13,14
EPT2_ROOT=5,7,8,10,11,12,13
EPT2_ROOT=5,7,8,10,11,12,14
EPT2_ROOT=5,7,8,10,12,13,14
EPT2_ROOT=5,7,8,11,12,13,14
EPT2_ROOT=5,7,9,10,11,12,13
EPT2_ROOT=5,7,9,10,11,12,14
EPT2_ROOT=5,7,9,10,11,13,14
EPT2_ROOT=5,7,9,10,12,13,14
EPT2_ROOT=5,7,9,11,12,13,14
EPT2_ROOT=5,7,10,11,12,13,14
EPT2_ROOT=5,8,9,10,11,12,13
EPT2_ROOT=5,8,9,10,11,12,14
EPT2_ROOT=5,8,9,10,11,13,14
EPT2_ROOT=5,8,9,10,12,13,14
EPT2_ROOT=5,8,9,11,12,13,14
EPT2_ROOT=5,8,10,11,12,13,14
EPT2_ROOT=5,9,10,11,12,13,14
EPT2_ROOT=6,7,8,9,10,11,12
EPT2_ROOT=6,7,8,9,10,11,13
EPT2_ROOT=6,7,8,9,10,11,14
EPT2_ROOT=6,7,8,9,10,12,13
EPT2_ROOT=6,7,8,9,10,12,14
EPT2_ROOT=6,7,8,9,10,13,14
EPT2_ROOT=6,7,8,9,11,12,13
EPT2_ROOT=6,7,8,9,11,12,14
EPT2_ROOT=6,7,8,9,11,13,14
EPT2_ROOT=6,7,8,9,12,13,14
EPT2_ROOT=6,7,8,10,11,12,13
EPT2_ROOT=6,7,8,10,11,12,14
EPT2_ROOT=6,7,8,10,11,13,14
EPT2_ROOT=6,7,8,10,12,13,14
EPT2_ROOT=6,7,8,11,12,13,14
EPT2_ROOT=6,7,9,10,11,12,13
EPT2_ROOT=6,7,9,10,11,12,14
EPT2_ROOT=6,7,9,10,11,13,14
EPT2_ROOT=6,7,9,10,12,13,14
EPT2_ROOT=6,7,10,11,12,13,14
EPT2_ROOT=6,8,9,10,11,12,13
EPT2_ROOT=6,8,9,10,11,12,14
EPT2_ROOT=6,8,9,10,11,13,14
EPT2_ROOT=6,8,9,10,12,13,14
EPT2_ROOT=6,8,9,11,12,13,14
EPT2_ROOT=6,8,10,11,12,13,14
EPT2_ROOT=6,9,10,11,12,13,14
EPT2_ROOT=7,8,9,10,11,12,13
EPT2_ROOT=7,8,9,10,11,12,14
EPT2_ROOT=7,8,9,10,11,13,14
EPT2_ROOT=7,8,9,10,12,13,14
EPT2_ROOT=7,8,10,11,12,13,14
EPT2_ROOT=7,9,10,11,12,13,14
EPT2_ROOT=8,9,10,11,12,13,14
HPT2_ROOT=1,2,3,4,5,6,7
HPT2_ROOT=1,2,3,4,5,6,8
HPT2_ROOT=1,2,3,4,5,6,9
HPT2_ROOT=1,2,3,4,5,6,10
HPT2_ROOT=1,2,3,4,5,6,11
HPT2_ROOT=1,2,3,4,5,6,12
HPT2_ROOT=1,2,3,4,5,6,14
HPT2_ROOT=1,2,3,4,5,7,8
HPT2_ROOT=1,2,3,4,5,7,9
HPT2_ROOT=1,2,3,4,5,7,10
HPT2_ROOT=1,2,3,4,5,7,11
HPT2_ROOT=1,2,3,4,5,7,12
HPT2_ROOT=1,2,3,4,5,7,13
HPT2_ROOT=1,2,3,4,5,7,14
HPT2_ROOT=1,2,3,4,5,8,9
HPT2_ROOT=1,2,3,4,5,8,10
HPT2_ROOT=1,2,3,4,5,8,11
HPT2_ROOT=1,2,3,4,5,8,12
HPT2_ROOT=1,2,3,4,5,8,13
HPT2_ROOT=1,2,3,4,5,8,14
HPT2_ROOT=1,2,3,4,5,9,10
HPT2_ROOT=1,2,3,4,5,9,11
HPT2_ROOT=1,2,3,4,5,9,12
HPT2_ROOT=1,2,3,4,5,9,13
HPT2_ROOT=1,2,3,4,5,9,14
HPT2_ROOT=1,2,3,4,5,10,11
HPT2_ROOT=1,2,3,4,5,10,12
HPT2_ROOT=1,2,3,4,5,10,13
HPT2_ROOT=1,2,3,4,5,10,14
HPT2_ROOT=1,2,3,4,5,11,12
HPT2_ROOT=1,2,3,4,5,11,13
HPT2_ROOT=1,2,3,4,5,11,14
HPT2_ROOT=1,2,3,4,5,12,14
HPT2_ROOT=1,2,3,4,5,13,14
HPT2_ROOT=1,2,3,4,6,7,8
HPT2_ROOT=1,2,3,4,6,7,9
HPT2_ROOT=1,2,3,4,6,7,10
HPT2_ROOT=1,2,3,4,6,7,11
HPT2_ROOT=1,2,3,4,6,7,12
HPT2_ROOT=1,2,3,4,6,8,9
HPT2_ROOT=1,2,3,4,6,8,10
HPT2_ROOT=1,2,3,4,6,8,11
HPT2_ROOT=1,2,3,4,6,8,12
HPT2_ROOT=1,2,3,4,6,8,14
HPT2_ROOT=1,2,3,4,6,9,10
HPT2_ROOT=1,2,3,4,6,9,11
HPT2_ROOT=1,2,3,4,6,9,12
HPT2_ROOT=1,2,3,4,6,9,13
HPT2_ROOT=1,2,3,4,6,9,14
HPT2_ROOT=1,2,3,4,6,10,11
HPT2_ROOT=1,2,3,4,6,10,12
HPT2_ROOT=1,2,3,4,6,10,13
HPT2_ROOT=1,2,3,4,6,10,14
HPT2_ROOT=1,2,3,4,6,11,14
HPT2_ROOT=1,2,3,4,6,12,14
HPT2_ROOT=1,2,3,4,6,13,14
HPT2_ROOT=1,2,3,4,7,8,9
HPT2_ROOT=1,2,3,4,7,8,10
HPT2_ROOT=1,2,3,4,7,8,11
HPT2_ROOT=1,2,3,4,7,8,12
HPT2_ROOT=1,2,3,4,7,8,13
HPT2_ROOT=1,2,3,4,7,8,14
HPT2_ROOT=1,2,3,4,7,9,10
HPT2_ROOT=1,2,3,4,7,9,11
HPT2_ROOT=1,2,3,4,7,9,12
HPT2_ROOT=1,2,3,4,7,9,13
HPT2_ROOT=1,2,3,4,7,9,14
HPT2_ROOT=1,2,3,4,7,10,11
HPT2_ROOT=1,2,3,4,7,10,12
HPT2_ROOT=1,2,3,4,7,10,13
HPT2_ROOT=1,2,3,4,7,10,14
HPT2_ROOT=1,2,3,4,7,11,12
HPT2_ROOT=1,2,3,4,7,11,13
HPT2_ROOT=1,2,3,4,7,11,14
HPT2_ROOT=1,2,3,4,7,12,13
HPT2_ROOT=1,2,3,4,7,12,14
HPT2_ROOT=1,2,3,4,7,13,14
HPT2_ROOT=1,2,3,4,8,9,10
HPT2_ROOT=1,2,3,4,8,9,12
HPT2_ROOT=1,2,3,4,8,9,13
HPT2_ROOT=1,2,3,4,8,9,14
HPT2_ROOT=1,2,3,4,8,10,11
HPT2_ROOT=1,2,3,4,8,10,12
HPT2_ROOT=1,2,3,4,8,10,13
HPT2_ROOT=1,2,3,4,8,10,14
HPT2_ROOT=1,2,3,4,8,11,12
HPT2_ROOT=1,2,3,4,8,11,13
HPT2_ROOT=1,2,3,4,8,11,14
HPT2_ROOT=1,2,3,4,8,12,13
HPT2_ROOT=1,2,3,4,8,12,14
HPT2_ROOT=1,2,3,4,8,13,14
HPT2_ROOT=1,2,3,4,9,10,11
HPT2_ROOT=1,2,3,4,9,10,12
HPT2_ROOT=1,2,3,4,9,10,13
HPT2_ROOT=1,2,3,4,9,10,14
HPT2_ROOT=1,2,3,4,9,11,12
HPT2_ROOT=1,2,3,4,9,11,13
HPT2_ROOT=1,2,3,4,9,11,14
HPT2_ROOT=1,2,3,4,9,12,13
HPT2_ROOT=1,2,3,4,9,12,14
HPT2_ROOT=1,2,3,4,9,13,14
HPT2_ROOT=1,2,3,4,10,11,12
HPT2_ROOT=1,2,3,4,10,11,13
HPT2_ROOT=1,2,3,4,10,11,14
HPT2_ROOT=1,2,3,4,10,12,13
HPT2_ROOT=1,2,3,4,10,12,14
HPT2_ROOT=1,2,3,4,10,13,14
HPT2_ROOT=1,2,3,4,11,12,13
HPT2_ROOT=1,2,3,4,11,12,14
HPT2_ROOT=1,2,3,4,11,13,14
HPT2_ROOT=1,2,3,4,12,13,14
HPT2_ROOT=1,2,3,5,6,7,8
HPT2_ROOT=1,2,3,5,6,7,9
HPT2_ROOT=1,2,3,5,6,7,10
HPT2_ROOT=1,2,3,5,6,7,11
HPT2_ROOT=1,2,3,5,6,7,12
HPT2_ROOT=1,2,3,5,6,7,13
HPT2_ROOT=1,2,3,5,6,7,14
HPT2_ROOT=1,2,3,5,6,8,9
HPT2_ROOT=1,2,3,5,6,8,10
HPT2_ROOT=1,2,3,5,6,8,11
HPT2_ROOT=1,2,3,5,6,8,12
HPT2_ROOT=1,2,3,5,6,8,13
HPT2_ROOT=1,2,3,5,6,8,14
HPT2_ROOT=1,2,3,5,6,9,10
HPT2_ROOT=1,2,3,5,6,9,11
HPT2_ROOT=1,2,3,5,6,9,12
HPT2_ROOT=1,2,3,5,6,9,13
HPT2_ROOT=1,2,3,5,6,9,14
HPT2_ROOT=1,2,3,5,6,10,11
HPT2_ROOT=1,2,3,5,6,10,12
HPT2_ROOT=1,2,3,5,6,10,14
HPT2_ROOT=1,2,3,5,6,11,12
HPT2_ROOT=1,2,3,5,6,11,13
HPT2_ROOT=1,2,3,5,6,11,14
HPT2_ROOT=1,2,3,5,6,12,13
HPT2_ROOT=1,2,3,5,6,12,14
HPT2_ROOT=1,2,3,5,6,13,14
HPT2_ROOT=1,2,3,5,7,8,9
HPT2_ROOT=1,2,3,5,7,8,10
HPT2_ROOT=1,2,3,5,7,8,11
HPT2_ROOT=1,2,3,5,7,8,12
HPT2_ROOT=1,2,3,5,7,8,13
HPT2_ROOT=1,2,3,5,7,8,14
HPT2_ROOT=1,2,3,5,7,9,10
HPT2_ROOT=1,2,3,5,7,9,11
HPT2_ROOT=1,2,3,5,7,9,12
HPT2_ROOT=1,2,3,5,7,9,13
HPT2_ROOT=1,2,3,5,7,9,14
HPT2_ROOT=1,2,3,5,7,10,11
HPT2_ROOT=1,2,3,5,7,10,12
HPT2_ROOT=1,2,3,5,7,10,13
HPT2_ROOT=1,2,3,5,7,10,14
HPT2_ROOT=1,2,3,5,7,11,12
HPT2_ROOT=1,2,3,5,7,11,13
HPT2_ROOT=1,2,3,5,7,11,14
HPT2_ROOT=1,2,3,5,7,12,13
HPT2_ROOT=1,2,3,5,7,12,14
HPT2_ROOT=1,2,3,5,7,13,14
HPT2_ROOT=1,2,3,5,8,9,10
HPT2_ROOT=1,2,3,5,8,9,11
HPT2_ROOT=1,2,3,5,8,9,12
HPT2_ROOT=1,2,3,5,8,9,13
HPT2_ROOT=1,2,3,5,8,9,14
HPT2_ROOT=1,2,3,5,8,10,11
HPT2_ROOT=1,2,3,5,8,10,12
HPT2_ROOT=1,2,3,5,8,10,13
HPT2_ROOT=1,2,3,5,8,10,14
HPT2_ROOT=1,2,3,5,8,11,12
HPT2_ROOT=1,2,3,5,8,11,13
HPT2_ROOT=1,2,3,5,8,11,14
HPT2_ROOT=1,2,3,5,8,12,13
HPT2_ROOT=1,2,3,5,8,12,14
HPT2_ROOT=1,2,3,5,8,13,14
HPT2_ROOT=1,2,3,5,9,10,11
HPT2_ROOT=1,2,3,5,9,10,12
HPT2_ROOT=1,2,3,5,9,10,13
HPT2_ROOT=1,2,3,5,9,10,14
HPT2_ROOT=1,2,3,5,9,11,12
HPT2_ROOT=1,2,3,5,9,11,13
HPT2_ROOT=1,2,3,5,9,11,14
HPT2_ROOT=1,2,3,5,9,12,13
HPT2_ROOT=1,2,3,5,9,12,14
HPT2_ROOT=1,2,3,5,9,13,14
HPT2_ROOT=1,2,3,5,10,11,12
HPT2_ROOT=1,2,3,5,10,11,13
HPT2_ROOT=1,2,3,5,10,11,14
HPT2_ROOT=1,2,3,5,10,12,13
HPT2_ROOT=1,2,3,5,10,12,14
HPT2_ROOT=1,2,3,5,10,13,14
HPT2_ROOT=1,2,3,5,11,12,13
HPT2_ROOT=1,2,3,5,11,12,14
HPT2_ROOT=1,2,3,5,11,13,14
HPT2_ROOT=1,2,3,5,12,13,14
HPT2_ROOT=1,2,3,6,7,8,9
HPT2_ROOT=1,2,3,6,7,8,10
HPT2_ROOT=1,2,3,6,7,8,11
HPT2_ROOT=1,2,3,6,7,8,12
HPT2_ROOT=1,2,3,6,7,8,13
HPT2_ROOT=1,2,3,6,7,8,14
HPT2_ROOT=1,2,3,6,7,9,10
HPT2_ROOT=1,2,3,6,7,9,11
HPT2_ROOT=1,2,3,6,7,9,12
HPT2_ROOT=1,2,3,6,7,9,13
HPT2_ROOT=1,2,3,6,7,9,14
HPT2_ROOT=1,2,3,6,7,10,11
HPT2_ROOT=1,2,3,6,7,10,12
HPT2_ROOT=1,2,3,6,7,10,13
HPT2_ROOT=1,2,3,6,7,10,14
HPT2_ROOT=1,2,3,6,7,11,12
HPT2_ROOT=1,2,3,6,7,11,13
HPT2_ROOT=1,2,3,6,7,11,14
HPT2_ROOT=1,2,3,6,7,12,13
HPT2_ROOT=1,2,3,6,7,12,14
HPT2_ROOT=1,2,3,6,7,13,14
HPT2_ROOT=1,2,3,6,8,9,10
HPT2_ROOT=1,2,3,6,8,9,11
HPT2_ROOT=1,2,3,6,8,9,12
HPT2_ROOT=1,2,3,6,8,9,13
HPT2_ROOT=1,2,3,6,8,9,14
HPT2_ROOT=1,2,3,6,8,10,11
HPT2_ROOT=1,2,3,6,8,10,12
HPT2_ROOT=1,2,3,6,8,10,13
HPT2_ROOT=1,2,3,6,8,10,14
HPT2_ROOT=1,2,3,6,8,11,12
HPT2_ROOT=1,2,3,6,8,11,13
HPT2_ROOT=1,2,3,6,8,11,14
HPT2_ROOT=1,2,3,6,8,12,13
HPT2_ROOT=1,2,3,6,8,12,14
HPT2_ROOT=1,2,3,6,8,13,14
HPT2_ROOT=1,2,3,6,9,10,11
HPT2_ROOT=1,2,3,6,9,10,12
HPT2_ROOT=1,2,3,6,9,10,13
HPT2_ROOT=1,2,3,6,9,10,14
HPT2_ROOT=1,2,3,6,9,11,12
HPT2_ROOT=1,2,3,6,9,11,13
HPT2_ROOT=1,2,3,6,9,11,14
HPT2_ROOT=1,2,3,6,9,12,13
HPT2_ROOT=1,2,3,6,9,12,14
HPT2_ROOT=1,2,3,6,9,13,14
HPT2_ROOT=1,2,3,6,10,11,12
HPT2_ROOT=1,2,3,6,10,11,13
HPT2_ROOT=1,2,3,6,10,11,14
HPT2_ROOT=1,2,3,6,10,12,13
HPT2_ROOT=1,2,3,6,10,12,14
HPT2_ROOT=1,2,3,6,10,13,14
HPT2_ROOT=1,2,3,6,11,12,13
HPT2_ROOT=1,2,3,6,11,12,14
HPT2_ROOT=1,2,3,6,11,13,14
HPT2_ROOT=1,2,3,6,12,13,14
HPT2_ROOT=1,2,3,7,8,9,10
HPT2_ROOT=1,2,3,7,8,9,11
HPT2_ROOT=1,2,3,7,8,9,12
HPT2_ROOT=1,2,3,7,8,9,13
HPT2_ROOT=1,2,3,7,8,9,14
HPT2_ROOT=1,2,3,7,8,10,11
HPT2_ROOT=1,2,3,7,8,10,12
HPT2_ROOT=1,2,3,7,8,10,13
HPT2_ROOT=1,2,3,7,8,10,14
HPT2_ROOT=1,2,3,7,8,11,12
HPT2_ROOT=1,2,3,7,8,11,13
HPT2_ROOT=1,2,3,7,8,11,14
HPT2_ROOT=1,2,3,7,8,12,13
HPT2_ROOT=1,2,3,7,8,12,14
HPT2_ROOT=1,2,3,7,8,13,14
HPT2_ROOT=1,2,3,7,9,10,11
HPT2_ROOT=1,2,3,7,9,10,12
HPT2_ROOT=1,2,3,7,9,10,13
HPT2_ROOT=1,2,3,7,9,10,14
HPT2_ROOT=1,2,3,7,9,11,12
HPT2_ROOT=1,2,3,7,9,11,13
HPT2_ROOT=1,2,3,7,9,11,14
HPT2_ROOT=1,2,3,7,9,12,13
HPT2_ROOT=1,2,3,7,9,12,14
HPT2_ROOT=1,2,3,7,9,13,14
HPT2_ROOT=1,2,3,7,10,11,12
HPT2_ROOT=1,2,3,7,10,11,13
HPT2_ROOT=1,2,3,7,10,11,14
HPT2_ROOT=1,2,3,7,10,12,13
HPT2_ROOT=1,2,3,7,10,12,14
HPT2_ROOT=1,2,3,7,10,13,14
HPT2_ROOT=1,2,3,7,11,12,13
HPT2_ROOT=1,2,3,7,11,12,14
HPT2_ROOT=1,2,3,7,11,13,14
HPT2_ROOT=1,2,3,7,12,13,14
HPT2_ROOT=1,2,3,8,9,10,11
HPT2_ROOT=1,2,3,8,9,10,12
HPT2_ROOT=1,2,3,8,9,10,13
HPT2_ROOT=1,2,3,8,9,10,14
HPT2_ROOT=1,2,3,8,9,11,12
HPT2_ROOT=1,2,3,8,9,11,13
HPT2_ROOT=1,2,3,8,9,11,14
HPT2_ROOT=1,2,3,8,9,12,13
HPT2_ROOT=1,2,3,8,9,12,14
HPT2_ROOT=1,2,3,8,9,13,14
HPT2_ROOT=1,2,3,8,10,11,12
HPT2_ROOT=1,2,3,8,10,11,13
HPT2_ROOT=1,2,3,8,10,11,14
HPT2_ROOT=1,2,3,8,10,12,13
HPT2_ROOT=1,2,3,8,10,12,14
HPT2_ROOT=1,2,3,8,10,13,14
HPT2_ROOT=1,2,3,8,11,12,13
HPT2_ROOT=1,2,3,8,11,12,14
HPT2_ROOT=1,2,3,8,11,13,14
HPT2_ROOT=1,2,3,8,12,13,14
HPT2_ROOT=1,2,3,9,10,11,12
HPT2_ROOT=1,2,3,9,10,11,13
HPT2_ROOT=1,2,3,9,10,11,14
HPT2_ROOT=1,2,3,9,10,12,13
HPT2_ROOT=1,2,3,9,10,12,14
HPT2_ROOT=1,2,3,9,10,13,14
HPT2_ROOT=1,2,3,9,11,12,13
HPT2_ROOT=1,2,3,9,11,12,14
HPT2_ROOT=1,2,3,9,11,13,14
HPT2_ROOT=1,2,3,9,12,13,14
HPT2_ROOT=1,2,3,10,11,12,13
HPT2_ROOT=1,2,3,10,11,12,14
HPT2_ROOT=1,2,3,10,11,13,14
HPT2_ROOT=1,2,3,10,12,13,14
HPT2_ROOT=1,2,3,11,12,13,14
HPT2_ROOT=1,2,4,5,6,7,8
HPT2_ROOT=1,2,4,5,6,7,9
HPT2_ROOT=1,2,4,5,6,7,10
HPT2_ROOT=1,2,4,5,6,7,11
HPT2_ROOT=1,2,4,5,6,7,12
HPT2_ROOT=1,2,4,5,6,7,13
HPT2_ROOT=1,2,4,5,6,7,14
HPT2_ROOT=1,2,4,5,6,8,9
HPT2_ROOT=1,2,4,5,6,8,10
HPT2_ROOT=1,2,4,5,6,8,11
HPT2_ROOT=1,2,4,5,6,8,12
HPT2_ROOT=1,2,4,5,6,8,13
HPT2_ROOT=1,2,4,5,6,8,14
HPT2_ROOT=1,2,4,5,6,9,10
HPT2_ROOT=1,2,4,5,6,9,11
HPT2_ROOT=1,2,4,5,6,9,12
HPT2_ROOT=1,2,4,5,6,9,13
HPT2_ROOT=1,2,4,5,6,9,14
HPT2_ROOT=1,2,4,5,6,10,11
HPT2_ROOT=1,2,4,5,6,10,12
HPT2_ROOT=1,2,4,5,6,10,14
HPT2_ROOT=1,2,4,5,6,11,12
HPT2_ROOT=1,2,4,5,6,11,13
HPT2_ROOT=1,2,4,5,6,11,14
HPT2_ROOT=1,2,4,5,6,12,14
HPT2_ROOT=1,2,4,5,6,13,14
HPT2_ROOT=1,2,4,5,7,8,9
HPT2_ROOT=1,2,4,5,7,8,10
HPT2_ROOT=1,2,4,5,7,8,11
HPT2_ROOT=1,2,4,5,7,8,12
HPT2_ROOT=1,2,4,5,7,8,13
HPT2_ROOT=1,2,4,5,7,8,14
HPT2_ROOT=1,2,4,5,7,9,10
HPT2_ROOT=1,2,4,5,7,9,11
HPT2_ROOT=1,2,4,5,7,9,12
HPT2_ROOT=1,2,4,5,7,9,13
HPT2_ROOT=1,2,4,5,7,9,14
HPT2_ROOT=1,2,4,5,7,10,11
HPT2_ROOT=1,2,4,5,7,10,12
HPT2_ROOT=1,2,4,5,7,10,13
HPT2_ROOT=1,2,4,5,7,10,14
HPT2_ROOT=1,2,4,5,7,11,12
HPT2_ROOT=1,2,4,5,7,11,13
HPT2_ROOT=1,2,4,5,7,11,14
HPT2_ROOT=1,2,4,5,7,12,13
HPT2_ROOT=1,2,4,5,7,12,14
HPT2_ROOT=1,2,4,5,7,13,14
HPT2_ROOT=1,2,4,5,8,9,10
HPT2_ROOT=1,2,4,5,8,9,11
HPT2_ROOT=1,2,4,5,8,9,12
HPT2_ROOT=1,2,4,5,8,9,13
HPT2_ROOT=1,2,4,5,8,9,14
HPT2_ROOT=1,2,4,5,8,10,11
HPT2_ROOT=1,2,4,5,8,10,12
HPT2_ROOT=1,2,4,5,8,10,13
HPT2_ROOT=1,2,4,5,8,10,14
HPT2_ROOT=1,2,4,5,8,11,12
HPT2_ROOT=1,2,4,5,8,11,13
HPT2_ROOT=1,2,4,5,8,11,14
HPT2_ROOT=1,2,4,5,8,12,13
HPT2_ROOT=1,2,4,5,8,12,14
HPT2_ROOT=1,2,4,5,8,13,14
HPT2_ROOT=1,2,4,5,9,10,11
HPT2_ROOT=1,2,4,5,9,10,12
HPT2_ROOT=1,2,4,5,9,10,13
HPT2_ROOT=1,2,4,5,9,10,14
HPT2_ROOT=1,2,4,5,9,11,12
HPT2_ROOT=1,2,4,5,9,11,13
HPT2_ROOT=1,2,4,5,9,11,14
HPT2_ROOT=1,2,4,5,9,12,13
HPT2_ROOT=1,2,4,5,9,12,14
HPT2_ROOT=1,2,4,5,9,13,14
HPT2_ROOT=1,2,4,5,10,11,12
HPT2_ROOT=1,2,4,5,10,11,13
HPT2_ROOT=1,2,4,5,10,11,14
HPT2_ROOT=1,2,4,5,10,12,13
HPT2_ROOT=1,2,4,5,10,12,14
HPT2_ROOT=1,2,4,5,10,13,14
HPT2_ROOT=1,2,4,5,11,12,13
HPT2_ROOT=1,2,4,5,11,12,14
HPT2_ROOT=1,2,4,5,11,13,14
HPT2_ROOT=1,2,4,5,12,13,14
HPT2_ROOT=1,2,4,6,7,8,9
HPT2_ROOT=1,2,4,6,7,8,10
HPT2_ROOT=1,2,4,6,7,8,11
HPT2_ROOT=1,2,4,6,7,8,12
HPT2_ROOT=1,2,4,6,7,8,13
HPT2_ROOT=1,2,4,6,7,8,14
HPT2_ROOT=1,2,4,6,7,9,10
HPT2_ROOT=1,2,4,6,7,9,11
HPT2_ROOT=1,2,4,6,7,9,12
HPT2_ROOT=1,2,4,6,7,9,13
HPT2_ROOT=1,2,4,6,7,9,14
HPT2_ROOT=1,2,4,6,7,10,11
HPT2_ROOT=1,2,4,6,7,10,12
HPT2_ROOT=1,2,4,6,7,10,13
HPT2_ROOT=1,2,4,6,7,10,14
HPT2_ROOT=1,2,4,6,7,11,12
HPT2_ROOT=1,2,4,6,7,11,13
HPT2_ROOT=1,2,4,6,7,11,14
HPT2_ROOT=1,2,4,6,7,12,13
HPT2_ROOT=1,2,4,6,7,12,14
HPT2_ROOT=1,2,4,6,7,13,14
HPT2_ROOT=1,2,4,6,8,9,10
HPT2_ROOT=1,2,4,6,8,9,11
HPT2_ROOT=1,2,4,6,8,9,12
HPT2_ROOT=1,2,4,6,8,9,13
HPT2_ROOT=1,2,4,6,8,9,14
HPT2_ROOT=1,2,4,6,8,10,11
HPT2_ROOT=1,2,4,6,8,10,12
HPT2_ROOT=1,2,4,6,8,10,13
HPT2_ROOT=1,2,4,6,8,10,14
HPT2_ROOT=1,2,4,6,8,11,12
HPT2_ROOT=1,2,4,6,8,11,13
HPT2_ROOT=1,2,4,6,8,11,14
HPT2_ROOT=1,2,4,6,8,12,13
HPT2_ROOT=1,2,4,6,8,12,14
HPT2_ROOT=1,2,4,6,8,13,14
HPT2_ROOT=1,2,4,6,9,10,11
HPT2_ROOT=1,2,4,6,9,10,12
HPT2_ROOT=1,2,4,6,9,10,13
HPT2_ROOT=1,2,4,6,9,10,14
HPT2_ROOT=1,2,4,6,9,11,12
HPT2_ROOT=1,2,4,6,9,11,13
HPT2_ROOT=1,2,4,6,9,11,14
HPT2_ROOT=1,2,4,6,9,12,13
HPT2_ROOT=1,2,4,6,9,12,14
HPT2_ROOT=1,2,4,6,9,13,14
HPT2_ROOT=1,2,4,6,10,11,12
HPT2_ROOT=1,2,4,6,10,11,13
HPT2_ROOT=1,2,4,6,10,11,14
HPT2_ROOT=1,2,4,6,10,12,13
HPT2_ROOT=1,2,4,6,10,12,14
HPT2_ROOT=1,2,4,6,10,13,14
HPT2_ROOT=1,2,4,6,11,12,13
HPT2_ROOT=1,2,4,6,11,12,14
HPT2_ROOT=1,2,4,6,11,13,14
HPT2_ROOT=1,2,4,6,12,13,14
HPT2_ROOT=1,2,4,7,8,9,10
HPT2_ROOT=1,2,4,7,8,9,11
HPT2_ROOT=1,2,4,7,8,9,12
HPT2_ROOT=1,2,4,7,8,9,13
HPT2_ROOT=1,2,4,7,8,9,14
HPT2_ROOT=1,2,4,7,8,10,11
HPT2_ROOT=1,2,4,7,8,10,12
HPT2_ROOT=1,2,4,7,8,10,13
HPT2_ROOT=1,2,4,7,8,10,14
HPT2_ROOT=1,2,4,7,8,11,12
HPT2_ROOT=1,2,4,7,8,11,13
HPT2_ROOT=1,2,4,7,8,11,14
HPT2_ROOT=1,2,4,7,8,12,13
HPT2_ROOT=1,2,4,7,8,12,14
HPT2_ROOT=1,2,4,7,8,13,14
HPT2_ROOT=1,2,4,7,9,10,11
HPT2_ROOT=1,2,4,7,9,10,12
HPT2_ROOT=1,2,4,7,9,10,13
HPT2_ROOT=1,2,4,7,9,10,14
HPT2_ROOT=1,2,4,7,9,11,12
HPT2_ROOT=1,2,4,7,9,11,13
HPT2_ROOT=1,2,4,7,9,11,14
HPT2_ROOT=1,2,4,7,9,12,13
HPT2_ROOT=1,2,4,7,9,12,14
HPT2_ROOT=1,2,4,7,9,13,14
HPT2_ROOT=1,2,4,7,10,11,12
HPT2_ROOT=1,2,4,7,10,11,13
HPT2_ROOT=1,2,4,7,10,11,14
HPT2_ROOT=1,2,4,7,10,12,13
HPT2_ROOT=1,2,4,7,10,12,14
HPT2_ROOT=1,2,4,7,10,13,14
HPT2_ROOT=1,2,4,7,11,12,13
HPT2_ROOT=1,2,4,7,11,12,14
HPT2_ROOT=1,2,4,7,11,13,14
HPT2_ROOT=1,2,4,7,12,13,14
HPT2_ROOT=1,2,4,8,9,10,11
HPT2_ROOT=1,2,4,8,9,10,12
HPT2_ROOT=1,2,4,8,9,10,13
HPT2_ROOT=1,2,4,8,9,10,14
HPT2_ROOT=1,2,4,8,9,11,12
HPT2_ROOT=1,2,4,8,9,11,13
HPT2_ROOT=1,2,4,8,9,11,14
HPT2_ROOT=1,2,4,8,9,12,13
HPT2_ROOT=1,2,4,8,9,12,14
HPT2_ROOT=1,2,4,8,9,13,14
HPT2_ROOT=1,2,4,8,10,11,12
HPT2_ROOT=1,2,4,8,10,11,13
HPT2_ROOT=1,2,4,8,10,11,14
HPT2_ROOT=1,2,4,8,10,12,13
HPT2_ROOT=1,2,4,8,10,12,14
HPT2_ROOT=1,2,4,8,10,13,14
HPT2_ROOT=1,2,4,8,11,12,13
HPT2_ROOT=1,2,4,8,11,12,14
HPT2_ROOT=1,2,4,8,11,13,14
HPT2_ROOT=1,2,4,8,12,13,14
HPT2_ROOT=1,2,4,9,10,11,12
HPT2_ROOT=1,2,4,9,10,11,13
HPT2_ROOT=1,2,4,9,10,11,14
HPT2_ROOT=1,2,4,9,10,12,13
HPT2_ROOT=1,2,4,9,10,12,14
HPT2_ROOT=1,2,4,9,10,13,14
HPT2_ROOT=1,2,4,9,11,12,13
HPT2_ROOT=1,2,4,9,11,12,14
HPT2_ROOT=1,2,4,9,11,13,14
HPT2_ROOT=1,2,4,9,12,13,14
HPT2_ROOT=1,2,4,10,11,12,13
HPT2_ROOT=1,2,4,10,11,12,14
HPT2_ROOT=1,2,4,10,11,13,14
HPT2_ROOT=1,2,4,10,12,13,14
HPT2_ROOT=1,2,4,11,12,13,14
HPT2_ROOT=1,2,5,6,7,8,9
HPT2_ROOT=1,2,5,6,7,8,10
HPT2_ROOT=1,2,5,6,7,8,11
HPT2_ROOT=1,2,5,6,7,8,12
HPT2_ROOT=1,2,5,6,7,8,13
HPT2_ROOT=1,2,5,6,7,8,14
HPT2_ROOT=1,2,5,6,7,9,10
HPT2_ROOT=1,2,5,6,7,9,11
HPT2_ROOT=1,2,5,6,7,9,12
HPT2_ROOT=1,2,5,6,7,9,13
HPT2_ROOT=1,2,5,6,7,9,14
HPT2_ROOT=1,2,5,6,7,10,11
HPT2_ROOT=1,2,5,6,7,10,12
HPT2_ROOT=1,2,5,6,7,10,13
HPT2_ROOT=1,2,5,6,7,10,14
HPT2_ROOT=1,2,5,6,7,11,12
HPT2_ROOT=1,2,5,6,7,11,13
HPT2_ROOT=1,2,5,6,7,11,14
HPT2_ROOT=1,2,5,6,7,12,13
HPT2_ROOT=1,2,5,6,7,12,14
HPT2_ROOT=1,2,5,6,7,13,14
HPT2_ROOT=1,2,5,6,8,9,10
HPT2_ROOT=1,2,5,6,8,9,11
HPT2_ROOT=1,2,5,6,8,9,12
HPT2_ROOT=1,2,5,6,8,9,13
HPT2_ROOT=1,2,5,6,8,9,14
HPT2_ROOT=1,2,5,6,8,10,11
HPT2_ROOT=1,2,5,6,8,10,12
HPT2_ROOT=1,2,5,6,8,10,13
HPT2_ROOT=1,2,5,6,8,10,14
HPT2_ROOT=1,2,5,6,8,11,12
HPT2_ROOT=1,2,5,6,8,11,13
HPT2_ROOT=1,2,5,6,8,11,14
HPT2_ROOT=1,2,5,6,8,12,13
HPT2_ROOT=1,2,5,6,8,12,14
HPT2_ROOT=1,2,5,6,8,13,14
HPT2_ROOT=1,2,5,6,9,10,11
HPT2_ROOT=1,2,5,6,9,10,12
HPT2_ROOT=1,2,5,6,9,10,13
HPT2_ROOT=1,2,5,6,9,10,14
HPT2_ROOT=1,2,5,6,9,11,12
HPT2_ROOT=1,2,5,6,9,11,13
HPT2_ROOT=1,2,5,6,9,11,14
HPT2_ROOT=1,2,5,6,9,12,13
HPT2_ROOT=1,2,5,6,9,12,14
HPT2_ROOT=1,2,5,6,9,13,14
HPT2_ROOT=1,2,5,6,10,11,12
HPT2_ROOT=1,2,5,6,10,11,13
HPT2_ROOT=1,2,5,6,10,11,14
HPT2_ROOT=1,2,5,6,10,12,13
HPT2_ROOT=1,2,5,6,10,12,14
HPT2_ROOT=1,2,5,6,10,13,14
HPT2_ROOT=1,2,5,6,11,12,13
HPT2_ROOT=1,2,5,6,11,12,14
HPT2_ROOT=1,2,5,6,11,13,14
HPT2_ROOT=1,2,5,6,12,13,14
HPT2_ROOT=1,2,5,7,8,9,10
HPT2_ROOT=1,2,5,7,8,9,11
HPT2_ROOT=1,2,5,7,8,9,12
HPT2_ROOT=1,2,5,7,8,9,13
HPT2_ROOT=1,2,5,7,8,9,14
HPT2_ROOT=1,2,5,7,8,10,11
HPT2_ROOT=1,2,5,7,8,10,12
HPT2_ROOT=1,2,5,7,8,10,13
HPT2_ROOT=1,2,5,7,8,10,14
HPT2_ROOT=1,2,5,7,8,11,12
HPT2_ROOT=1,2,5,7,8,11,13
HPT2_ROOT=1,2,5,7,8,11,14
HPT2_ROOT=1,2,5,7,8,12,13
HPT2_ROOT=1,2,5,7,8,12,14
HPT2_ROOT=1,2,5,7,8,13,14
HPT2_ROOT=1,2,5,7,9,10,11
HPT2_ROOT=1,2,5,7,9,10,12
HPT2_ROOT=1,2,5,7,9,10,13
HPT2_ROOT=1,2,5,7,9,10,14
HPT2_ROOT=1,2,5,7,9,11,12
HPT2_ROOT=1,2,5,7,9,11,13
HPT2_ROOT=1,2,5,7,9,11,14
HPT2_ROOT=1,2,5,7,9,12,13
HPT2_ROOT=1,2,5,7,9,12,14
HPT2_ROOT=1,2,5,7,9,13,14
HPT2_ROOT=1,2,5,7,10,11,12
HPT2_ROOT=1,2,5,7,10,11,13
HPT2_ROOT=1,2,5,7,10,11,14
HPT2_ROOT=1,2,5,7,10,12,13
HPT2_ROOT=1,2,5,7,10,12,14
HPT2_ROOT=1,2,5,7,10,13,14
HPT2_ROOT=1,2,5,7,11,12,13
HPT2_ROOT=1,2,5,7,11,12,14
HPT2_ROOT=1,2,5,7,11,13,14
HPT2_ROOT=1,2,5,7,12,13,14
HPT2_ROOT=1,2,5,8,9,10,11
HPT2_ROOT=1,2,5,8,9,10,12
HPT2_ROOT=1,2,5,8,9,10,13
HPT2_ROOT=1,2,5,8,9,10,14
HPT2_ROOT=1,2,5,8,9,11,12
HPT2_ROOT=1,2,5,8,9,11,13
HPT2_ROOT=1,2,5,8,9,11,14
HPT2_ROOT=1,2,5,8,9,12,13
HPT2_ROOT=1,2,5,8,9,12,14
HPT2_ROOT=1,2,5,8,9,13,14
HPT2_ROOT=1,2,5,8,10,11,12
HPT2_ROOT=1,2,5,8,10,11,13
HPT2_ROOT=1,2,5,8,10,11,14
HPT2_ROOT=1,2,5,8,10,12,13
HPT2_ROOT=1,2,5,8,10,12,14
HPT2_ROOT=1,2,5,8,10,13,14
HPT2_ROOT=1,2,5,8,11,12,13
HPT2_ROOT=1,2,5,8,11,12,14
HPT2_ROOT=1,2,5,8,11,13,14
HPT2_ROOT=1,2,5,8,12,13,14
HPT2_ROOT=1,2,5,9,10,11,12
HPT2_ROOT=1,2,5,9,10,11,13
HPT2_ROOT=1,2,5,9,10,11,14
HPT2_ROOT=1,2,5,9,10,12,13
HPT2_ROOT=1,2,5,9,10,12,14
HPT2_ROOT=1,2,5,9,10,13,14
HPT2_ROOT=1,2,5,9,11,12,13
HPT2_ROOT=1,2,5,9,11,12,14
HPT2_ROOT=1,2,5,9,11,13,14
HPT2_ROOT=1,2,5,9,12,13,14
HPT2_ROOT=1,2,5,10,11,12,13
HPT2_ROOT=1,2,5,10,11,12,14
HPT2_ROOT=1,2,5,10,11,13,14
HPT2_ROOT=1,2,5,10,12,13,14
HPT2_ROOT=1,2,5,11,12,13,14
HPT2_ROOT=1,2,6,7,8,9,10
HPT2_ROOT=1,2,6,7,8,9,11
HPT2_ROOT=1,2,6,7,8,9,12
HPT2_ROOT=1,2,6,7,8,9,13
HPT2_ROOT=1,2,6,7,8,9,14
HPT2_ROOT=1,2,6,7,8,10,11
HPT2_ROOT=1,2,6,7,8,10,12
HPT2_ROOT=1,2,6,7,8,10,13
HPT2_ROOT=1,2,6,7,8,10,14
HPT2_ROOT=1,2,6,7,8,11,12
HPT2_ROOT=1,2,6,7,8,11,13
HPT2_ROOT=1,2,6,7,8,11,14
HPT2_ROOT=1,2,6,7,8,12,13
HPT2_ROOT=1,2,6,7,8,12,14
HPT2_ROOT=1,2,6,7,8,13,14
HPT2_ROOT=1,2,6,7,9,10,11
HPT2_ROOT=1,2,6,7,9,10,12
HPT2_ROOT=1,2,6,7,9,10,13
HPT2_ROOT=1,2,6,7,9,10,14
HPT2_ROOT=1,2,6,7,9,11,12
HPT2_ROOT=1,2,6,7,9,11,13
HPT2_ROOT=1,2,6,7,9,11,14
HPT2_ROOT=1,2,6,7,9,12,13
HPT2_ROOT=1,2,6,7,9,12,14
HPT2_ROOT=1,2,6,7,9,13,14
HPT2_ROOT=1,2,6,7,10,11,12
HPT2_ROOT=1,2,6,7,10,11,13
HPT2_ROOT=1,2,6,7,10,11,14
HPT2_ROOT=1,2,6,7,10,12,13
HPT2_ROOT=1,2,6,7,10,12,14
HPT2_ROOT=1,2,6,7,10,13,14
HPT2_ROOT=1,2,6,7,11,12,13
HPT2_ROOT=1,2,6,7,11,12,14
HPT2_ROOT=1,2,6,7,11,13,14
HPT2_ROOT=1,2,6,7,12,13,14
HPT2_ROOT=1,2,6,8,9,10,11
HPT2_ROOT=1,2,6,8,9,10,12
HPT2_ROOT=1,2,6,8,9,10,13
HPT2_ROOT=1,2,6,8,9,10,14
HPT2_ROOT=1,2,6,8,9,11,12
HPT2_ROOT=1,2,6,8,9,11,13
HPT2_ROOT=1,2,6,8,9,11,14
HPT2_ROOT=1,2,6,8,9,12,13
HPT2_ROOT=1,2,6,8,9,12,14
HPT2_ROOT=1,2,6,8,9,13,14
HPT2_ROOT=1,2,6,8,10,11,12
HPT2_ROOT=1,2,6,8,10,11,13
HPT2_ROOT=1,2,6,8,10,11,14
HPT2_ROOT=1,2,6,8,10,12,13
HPT2_ROOT=1,2,6,8,10,12,14
HPT2_ROOT=1,2,6,8,10,13,14
HPT2_ROOT=1,2,6,8,11,12,13
HPT2_ROOT=1,2,6,8,11,12,14
HPT2_ROOT=1,2,6,8,11,13,14
HPT2_ROOT=1,2,6,8,12,13,14
HPT2_ROOT=1,2,6,9,10,11,12
HPT2_ROOT=1,2,6,9,10,11,13
HPT2_ROOT=1,2,6,9,10,11,14
HPT2_ROOT=1,2,6,9,10,12,13
HPT2_ROOT=1,2,6,9,10,12,14
HPT2_ROOT=1,2,6,9,10,13,14
HPT2_ROOT=1,2,6,9,11,12,13
HPT2_ROOT=1,2,6,9,11,12,14
HPT2_ROOT=1,2,6,9,11,13,14
HPT2_ROOT=1,2,6,9,12,13,14
HPT2_ROOT=1,2,6,10,11,12,13
HPT2_ROOT=1,2,6,10,11,12,14
HPT2_ROOT=1,2,6,10,11,13,14
HPT2_ROOT=1,2,6,10,12,13,14
HPT2_ROOT=1,2,6,11,12,13,14
HPT2_ROOT=1,2,7,8,9,10,11
HPT2_ROOT=1,2,7,8,9,10,12
HPT2_ROOT=1,2,7,8,9,10,13
HPT2_ROOT=1,2,7,8,9,10,14
HPT2_ROOT=1,2,7,8,9,11,12
HPT2_ROOT=1,2,7,8,9,11,13
HPT2_ROOT=1,2,7,8,9,11,14
HPT2_ROOT=1,2,7,8,9,12,13
HPT2_ROOT=1,2,7,8,9,12,14
HPT2_ROOT=1,2,7,8,9,13,14
HPT2_ROOT=1,2,7,8,10,11,12
HPT2_ROOT=1,2,7,8,10,11,13
HPT2_ROOT=1,2,7,8,10,11,14
HPT2_ROOT=1,2,7,8,10,12,13
HPT2_ROOT=1,2,7,8,10,12,14
HPT2_ROOT=1,2,7,8,10,13,14
HPT2_ROOT=1,2,7,8,11,12,13
HPT2_ROOT=1,2,7,8,11,12,14
HPT2_ROOT=1,2,7,8,11,13,14
HPT2_ROOT=1,2,7,8,12,13,14
HPT2_ROOT=1,2,7,9,10,11,12
HPT2_ROOT=1,2,7,9,10,11,13
HPT2_ROOT=1,2,7,9,10,11,14
HPT2_ROOT=1,2,7,9,10,12,13
HPT2_ROOT=1,2,7,9,10,12,14
HPT2_ROOT=1,2,7,9,10,13,14
HPT2_ROOT=1,2,7,9,11,12,13
HPT2_ROOT=1,2,7,9,11,12,14
HPT2_ROOT=1,2,7,9,11,13,14
HPT2_ROOT=1,2,7,9,12,13,14
HPT2_ROOT=1,2,7,10,11,12,13
HPT2_ROOT=1,2,7,10,11,12,14
HPT2_ROOT=1,2,7,10,11,13,14
HPT2_ROOT=1,2,7,10,12,13,14
HPT2_ROOT=1,2,7,11,12,13,14
HPT2_ROOT=1,2,8,9,10,11,12
HPT2_ROOT=1,2,8,9,10,11,13
HPT2_ROOT=1,2,8,9,10,11,14
HPT2_ROOT=1,2,8,9,10,12,13
HPT2_ROOT=1,2,8,9,10,12,14
HPT2_ROOT=1,2,8,9,10,13,14
HPT2_ROOT=1,2,8,9,11,12,13
HPT2_ROOT=1,2,8,9,11,12,14
HPT2_ROOT=1,2,8,9,11,13,14
HPT2_ROOT=1,2,8,9,12,13,14
HPT2_ROOT=1,2,8,10,11,12,13
HPT2_ROOT=1,2,8,10,11,12,14
HPT2_ROOT=1,2,8,10,11,13,14
HPT2_ROOT=1,2,8,10,12,13,14
HPT2_ROOT=1,2,8,11,12,13,14
HPT2_ROOT=1,2,9,10,11,12,13
HPT2_ROOT=1,2,9,10,11,12,14
HPT2_ROOT=1,2,9,10,11,13,14
HPT2_ROOT=1,2,9,10,12,13,14
HPT2_ROOT=1,2,9,11,12,13,14
HPT2_ROOT=1,2,10,11,12,13,14
HPT2_ROOT=1,3,4,5,6,7,8
HPT2_ROOT=1,3,4,5,6,7,9
HPT2_ROOT=1,3,4,5,6,7,10
HPT2_ROOT=1,3,4,5,6,7,11
HPT2_ROOT=1,3,4,5,6,7,12
HPT2_ROOT=1,3,4,5,6,7,13
HPT2_ROOT=1,3,4,5,6,8,9
HPT2_ROOT=1,3,4,5,6,8,10
HPT2_ROOT=1,3,4,5,6,8,11
HPT2_ROOT=1,3,4,5,6,8,12
HPT2_ROOT=1,3,4,5,6,8,13
HPT2_ROOT=1,3,4,5,6,8,14
HPT2_ROOT=1,3,4,5,6,9,10
HPT2_ROOT=1,3,4,5,6,9,11
HPT2_ROOT=1,3,4,5,6,9,12
HPT2_ROOT=1,3,4,5,6,9,13
HPT2_ROOT=1,3,4,5,6,9,14
HPT2_ROOT=1,3,4,5,6,10,11
HPT2_ROOT=1,3,4,5,6,10,12
HPT2_ROOT=1,3,4,5,6,10,13
HPT2_ROOT=1,3,4,5,6,10,14
HPT2_ROOT=1,3,4,5,6,11,12
HPT2_ROOT=1,3,4,5,6,11,13
HPT2_ROOT=1,3,4,5,6,11,14
HPT2_ROOT=1,3,4,5,6,12,13
HPT2_ROOT=1,3,4,5,6,12,14
HPT2_ROOT=1,3,4,5,6,13,14
HPT2_ROOT=1,3,4,5,7,8,9
HPT2_ROOT=1,3,4,5,7,8,10
HPT2_ROOT=1,3,4,5,7,8,11
HPT2_ROOT=1,3,4,5,7,8,12
HPT2_ROOT=1,3,4,5,7,8,13
HPT2_ROOT=1,3,4,5,7,8,14
HPT2_ROOT=1,3,4,5,7,9,10
HPT2_ROOT=1,3,4,5,7,9,11
HPT2_ROOT=1,3,4,5,7,9,12
HPT2_ROOT=1,3,4,5,7,9,13
HPT2_ROOT=1,3,4,5,7,9,14
HPT2_ROOT=1,3,4,5,7,10,11
HPT2_ROOT=1,3,4,5,7,10,12
HPT2_ROOT=1,3,4,5,7,10,13
HPT2_ROOT=1,3,4,5,7,10,14
HPT2_ROOT=1,3,4,5,7,11,12
HPT2_ROOT=1,3,4,5,7,11,13
HPT2_ROOT=1,3,4,5,7,11,14
HPT2_ROOT=1,3,4,5,7,12,13
HPT2_ROOT=1,3,4,5,7,12,14
HPT2_ROOT=1,3,4,5,7,13,14
HPT2_ROOT=1,3,4,5,8,9,10
HPT2_ROOT=1,3,4,5,8,9,11
HPT2_ROOT=1,3,4,5,8,9,12
HPT2_ROOT=1,3,4,5,8,9,13
HPT2_ROOT=1,3,4,5,8,9,14
HPT2_ROOT=1,3,4,5,8,10,11
HPT2_ROOT=1,3,4,5,8,10,12
HPT2_ROOT=1,3,4,5,8,10,13
HPT2_ROOT=1,3,4,5,8,10,14
HPT2_ROOT=1,3,4,5,8,11,12
HPT2_ROOT=1,3,4,5,8,11,13
HPT2_ROOT=1,3,4,5,8,11,14
HPT2_ROOT=1,3,4,5,8,12,13
HPT2_ROOT=1,3,4,5,8,12,14
HPT2_ROOT=1,3,4,5,8,13,14
HPT2_ROOT=1,3,4,5,9,10,11
HPT2_ROOT=1,3,4,5,9,10,12
HPT2_ROOT=1,3,4,5,9,10,13
HPT2_ROOT=1,3,4,5,9,10,14
HPT2_ROOT=1,3,4,5,9,11,12
HPT2_ROOT=1,3,4,5,9,11,13
HPT2_ROOT=1,3,4,5,9,11,14
HPT2_ROOT=1,3,4,5,9,12,13
HPT2_ROOT=1,3,4,5,9,12,14
HPT2_ROOT=1,3,4,5,9,13,14
HPT2_ROOT=1,3,4,5,10,11,12
HPT2_ROOT=1,3,4,5,10,11,13
HPT2_ROOT=1,3,4,5,10,11,14
HPT2_ROOT=1,3,4,5,10,12,13
HPT2_ROOT=1,3,4,5,10,12,14
HPT2_ROOT=1,3,4,5,10,13,14
HPT2_ROOT=1,3,4,5,11,12,13
HPT2_ROOT=1,3,4,5,11,12,14
HPT2_ROOT=1,3,4,5,11,13,14
HPT2_ROOT=1,3,4,5,12,13,14
HPT2_ROOT=1,3,4,6,7,8,9
HPT2_ROOT=1,3,4,6,7,8,10
HPT2_ROOT=1,3,4,6,7,8,11
HPT2_ROOT=1,3,4,6,7,8,12
HPT2_ROOT=1,3,4,6,7,8,13
HPT2_ROOT=1,3,4,6,7,8,14
HPT2_ROOT=1,3,4,6,7,9,10
HPT2_ROOT=1,3,4,6,7,9,11
HPT2_ROOT=1,3,4,6,7,9,12
HPT2_ROOT=1,3,4,6,7,9,13
HPT2_ROOT=1,3,4,6,7,9,14
HPT2_ROOT=1,3,4,6,7,10,11
HPT2_ROOT=1,3,4,6,7,10,12
HPT2_ROOT=1,3,4,6,7,10,13
HPT2_ROOT=1,3,4,6,7,10,14
HPT2_ROOT=1,3,4,6,7,11,12
HPT2_ROOT=1,3,4,6,7,11,13
HPT2_ROOT=1,3,4,6,7,11,14
HPT2_ROOT=1,3,4,6,7,12,13
HPT2_ROOT=1,3,4,6,7,12,14
HPT2_ROOT=1,3,4,6,7,13,14
HPT2_ROOT=1,3,4,6,8,9,10
HPT2_ROOT=1,3,4,6,8,9,11
HPT2_ROOT=1,3,4,6,8,9,12
HPT2_ROOT=1,3,4,6,8,9,13
HPT2_ROOT=1,3,4,6,8,9,14
HPT2_ROOT=1,3,4,6,8,10,11
HPT2_ROOT=1,3,4,6,8,10,12
HPT2_ROOT=1,3,4,6,8,10,13
HPT2_ROOT=1,3,4,6,8,10,14
HPT2_ROOT=1,3,4,6,8,11,12
HPT2_ROOT=1,3,4,6,8,11,13
HPT2_ROOT=1,3,4,6,8,11,14
HPT2_ROOT=1,3,4,6,8,12,13
HPT2_ROOT=1,3,4,6,8,12,14
HPT2_ROOT=1,3,4,6,8,13,14
HPT2_ROOT=1,3,4,6,9,10,11
HPT2_ROOT=1,3,4,6,9,10,12
HPT2_ROOT=1,3,4,6,9,10,13
HPT2_ROOT=1,3,4,6,9,10,14
HPT2_ROOT=1,3,4,6,9,11,12
HPT2_ROOT=1,3,4,6,9,11,13
HPT2_ROOT=1,3,4,6,9,11,14
HPT2_ROOT=1,3,4,6,9,12,13
HPT2_ROOT=1,3,4,6,9,12,14
HPT2_ROOT=1,3,4,6,9,13,14
HPT2_ROOT=1,3,4,6,10,11,12
HPT2_ROOT=1,3,4,6,10,11,13
HPT2_ROOT=1,3,4,6,10,11,14
HPT2_ROOT=1,3,4,6,10,12,13
HPT2_ROOT=1,3,4,6,10,12,14
HPT2_ROOT=1,3,4,6,10,13,14
HPT2_ROOT=1,3,4,6,11,12,13
HPT2_ROOT=1,3,4,6,11,12,14
HPT2_ROOT=1,3,4,6,11,13,14
HPT2_ROOT=1,3,4,6,12,13,14
HPT2_ROOT=1,3,4,7,8,9,10
HPT2_ROOT=1,3,4,7,8,9,11
HPT2_ROOT=1,3,4,7,8,9,12
HPT2_ROOT=1,3,4,7,8,9,13
HPT2_ROOT=1,3,4,7,8,9,14
HPT2_ROOT=1,3,4,7,8,10,11
HPT2_ROOT=1,3,4,7,8,10,12
HPT2_ROOT=1,3,4,7,8,10,13
HPT2_ROOT=1,3,4,7,8,10,14
HPT2_ROOT=1,3,4,7,8,11,12
HPT2_ROOT=1,3,4,7,8,11,13
HPT2_ROOT=1,3,4,7,8,11,14
HPT2_ROOT=1,3,4,7,8,12,13
HPT2_ROOT=1,3,4,7,8,12,14
HPT2_ROOT=1,3,4,7,8,13,14
HPT2_ROOT=1,3,4,7,9,10,11
HPT2_ROOT=1,3,4,7,9,10,12
HPT2_ROOT=1,3,4,7,9,10,13
HPT2_ROOT=1,3,4,7,9,10,14
HPT2_ROOT=1,3,4,7,9,11,12
HPT2_ROOT=1,3,4,7,9,11,13
HPT2_ROOT=1,3,4,7,9,11,14
HPT2_ROOT=1,3,4,7,9,12,13
HPT2_ROOT=1,3,4,7,9,12,14
HPT2_ROOT=1,3,4,7,9,13,14
HPT2_ROOT=1,3,4,7,10,11,12
HPT2_ROOT=1,3,4,7,10,11,13
HPT2_ROOT=1,3,4,7,10,11,14
HPT2_ROOT=1,3,4,7,10,12,13
HPT2_ROOT=1,3,4,7,10,12,14
HPT2_ROOT=1,3,4,7,10,13,14
HPT2_ROOT=1,3,4,7,11,12,13
HPT2_ROOT=1,3,4,7,11,12,14
HPT2_ROOT=1,3,4,7,11,13,14
HPT2_ROOT=1,3,4,7,12,13,14
HPT2_ROOT=1,3,4,8,9,10,11
HPT2_ROOT=1,3,4,8,9,10,12
HPT2_ROOT=1,3,4,8,9,10,13
HPT2_ROOT=1,3,4,8,9,10,14
HPT2_ROOT=1,3,4,8,9,11,12
HPT2_ROOT=1,3,4,8,9,11,13
HPT2_ROOT=1,3,4,8,9,11,14
HPT2_ROOT=1,3,4,8,9,12,13
HPT2_ROOT=1,3,4,8,9,12,14
HPT2_ROOT=1,3,4,8,9,13,14
HPT2_ROOT=1,3,4,8,10,11,12
HPT2_ROOT=1,3,4,8,10,11,13
HPT2_ROOT=1,3,4,8,10,11,14
HPT2_ROOT=1,3,4,8,10,12,13
HPT2_ROOT=1,3,4,8,10,12,14
HPT2_ROOT=1,3,4,8,10,13,14
HPT2_ROOT=1,3,4,8,11,12,13
HPT2_ROOT=1,3,4,8,11,12,14
HPT2_ROOT=1,3,4,8,11,13,14
HPT2_ROOT=1,3,4,8,12,13,14
HPT2_ROOT=1,3,4,9,10,11,12
HPT2_ROOT=1,3,4,9,10,11,13
HPT2_ROOT=1,3,4,9,10,11,14
HPT2_ROOT=1,3,4,9,10,12,13
HPT2_ROOT=1,3,4,9,10,12,14
HPT2_ROOT=1,3,4,9,10,13,14
HPT2_ROOT=1,3,4,9,11,12,13
HPT2_ROOT=1,3,4,9,11,12,14
HPT2_ROOT=1,3,4,9,11,13,14
HPT2_ROOT=1,3,4,9,12,13,14
HPT2_ROOT=1,3,4,10,11,12,13
HPT2_ROOT=1,3,4,10,11,12,14
HPT2_ROOT=1,3,4,10,11,13,14
HPT2_ROOT=1,3,4,10,12,13,14
HPT2_ROOT=1,3,4,11,12,13,14
HPT2_ROOT=1,3,5,6,7,8,9
HPT2_ROOT=1,3,5,6,7,8,10
HPT2_ROOT=1,3,5,6,7,8,11
HPT2_ROOT=1,3,5,6,7,8,12
HPT2_ROOT=1,3,5,6,7,8,13
HPT2_ROOT=1,3,5,6,7,8,14
HPT2_ROOT=1,3,5,6,7,9,10
HPT2_ROOT=1,3,5,6,7,9,11
HPT2_ROOT=1,3,5,6,7,9,12
HPT2_ROOT=1,3,5,6,7,9,13
HPT2_ROOT=1,3,5,6,7,9,14
HPT2_ROOT=1,3,5,6,7,10,11
HPT2_ROOT=1,3,5,6,7,10,12
HPT2_ROOT=1,3,5,6,7,10,13
HPT2_ROOT=1,3,5,6,7,10,14
HPT2_ROOT=1,3,5,6,7,11,12
HPT2_ROOT=1,3,5,6,7,11,13
HPT2_ROOT=1,3,5,6,7,11,14
HPT2_ROOT=1,3,5,6,7,12,13
HPT2_ROOT=1,3,5,6,7,12,14
HPT2_ROOT=1,3,5,6,7,13,14
HPT2_ROOT=1,3,5,6,8,9,10
HPT2_ROOT=1,3,5,6,8,9,11
HPT2_ROOT=1,3,5,6,8,9,12
HPT2_ROOT=1,3,5,6,8,9,13
HPT2_ROOT=1,3,5,6,8,9,14
HPT2_ROOT=1,3,5,6,8,10,11
HPT2_ROOT=1,3,5,6,8,10,12
HPT2_ROOT=1,3,5,6,8,10,13
HPT2_ROOT=1,3,5,6,8,10,14
HPT2_ROOT=1,3,5,6,8,11,12
HPT2_ROOT=1,3,5,6,8,11,13
HPT2_ROOT=1,3,5,6,8,11,14
HPT2_ROOT=1,3,5,6,8,12,13
HPT2_ROOT=1,3,5,6,8,12,14
HPT2_ROOT=1,3,5,6,8,13,14
HPT2_ROOT=1,3,5,6,9,10,11
HPT2_ROOT=1,3,5,6,9,10,12
HPT2_ROOT=1,3,5,6,9,10,13
HPT2_ROOT=1,3,5,6,9,10,14
HPT2_ROOT=1,3,5,6,9,11,12
HPT2_ROOT=1,3,5,6,9,11,13
HPT2_ROOT=1,3,5,6,9,11,14
HPT2_ROOT=1,3,5,6,9,12,13
HPT2_ROOT=1,3,5,6,9,12,14
HPT2_ROOT=1,3,5,6,9,13,14
HPT2_ROOT=1,3,5,6,10,11,12
HPT2_ROOT=1,3,5,6,10,11,13
HPT2_ROOT=1,3,5,6,10,11,14
HPT2_ROOT=1,3,5,6,10,12,13
HPT2_ROOT=1,3,5,6,10,12,14
HPT2_ROOT=1,3,5,6,10,13,14
HPT2_ROOT=1,3,5,6,11,12,13
HPT2_ROOT=1,3,5,6,11,12,14
HPT2_ROOT=1,3,5,6,11,13,14
HPT2_ROOT=1,3,5,6,12,13,14
HPT2_ROOT=1,3,5,7,8,9,10
HPT2_ROOT=1,3,5,7,8,9,11
HPT2_ROOT=1,3,5,7,8,9,12
HPT2_ROOT=1,3,5,7,8,9,13
HPT2_ROOT=1,3,5,7,8,9,14
HPT2_ROOT=1,3,5,7,8,10,11
HPT2_ROOT=1,3,5,7,8,10,12
HPT2_ROOT=1,3,5,7,8,10,13
HPT2_ROOT=1,3,5,7,8,10,14
HPT2_ROOT=1,3,5,7,8,11,12
HPT2_ROOT=1,3,5,7,8,11,13
HPT2_ROOT=1,3,5,7,8,11,14
HPT2_ROOT=1,3,5,7,8,12,13
HPT2_ROOT=1,3,5,7,8,12,14
HPT2_ROOT=1,3,5,7,8,13,14
HPT2_ROOT=1,3,5,7,9,10,11
HPT2_ROOT=1,3,5,7,9,10,12
HPT2_ROOT=1,3,5,7,9,10,13
HPT2_ROOT=1,3,5,7,9,10,14
HPT2_ROOT=1,3,5,7,9,11,12
HPT2_ROOT=1,3,5,7,9,11,13
HPT2_ROOT=1,3,5,7,9,11,14
HPT2_ROOT=1,3,5,7,9,12,13
HPT2_ROOT=1,3,5,7,9,12,14
HPT2_ROOT=1,3,5,7,9,13,14
HPT2_ROOT=1,3,5,7,10,11,12
HPT2_ROOT=1,3,5,7,10,11,13
HPT2_ROOT=1,3,5,7,10,11,14
HPT2_ROOT=1,3,5,7,10,12,13
HPT2_ROOT=1,3,5,7,10,12,14
HPT2_ROOT=1,3,5,7,10,13,14
HPT2_ROOT=1,3,5,7,11,12,13
HPT2_ROOT=1,3,5,7,11,12,14
HPT2_ROOT=1,3,5,7,11,13,14
HPT2_ROOT=1,3,5,7,12,13,14
HPT2_ROOT=1,3,5,8,9,10,11
HPT2_ROOT=1,3,5,8,9,10,12
HPT2_ROOT=1,3,5,8,9,10,13
HPT2_ROOT=1,3,5,8,9,10,14
HPT2_ROOT=1,3,5,8,9,11,12
HPT2_ROOT=1,3,5,8,9,11,13
HPT2_ROOT=1,3,5,8,9,11,14
HPT2_ROOT=1,3,5,8,9,12,13
HPT2_ROOT=1,3,5,8,9,12,14
HPT2_ROOT=1,3,5,8,9,13,14
HPT2_ROOT=1,3,5,8,10,11,12
HPT2_ROOT=1,3,5,8,10,11,13
HPT2_ROOT=1,3,5,8,10,11,14
HPT2_ROOT=1,3,5,8,10,12,13
HPT2_ROOT=1,3,5,8,10,12,14
HPT2_ROOT=1,3,5,8,10,13,14
HPT2_ROOT=1,3,5,8,11,12,13
HPT2_ROOT=1,3,5,8,11,12,14
HPT2_ROOT=1,3,5,8,11,13,14
HPT2_ROOT=1,3,5,8,12,13,14
HPT2_ROOT=1,3,5,9,10,11,12
HPT2_ROOT=1,3,5,9,10,11,13
HPT2_ROOT=1,3,5,9,10,11,14
HPT2_ROOT=1,3,5,9,10,12,13
HPT2_ROOT=1,3,5,9,10,12,14
HPT2_ROOT=1,3,5,9,10,13,14
HPT2_ROOT=1,3,5,9,11,12,13
HPT2_ROOT=1,3,5,9,11,12,14
HPT2_ROOT=1,3,5,9,11,13,14
HPT2_ROOT=1,3,5,9,12,13,14
HPT2_ROOT=1,3,5,10,11,12,13
HPT2_ROOT=1,3,5,10,11,12,14
HPT2_ROOT=1,3,5,10,11,13,14
HPT2_ROOT=1,3,5,10,12,13,14
HPT2_ROOT=1,3,5,11,12,13,14
HPT2_ROOT=1,3,6,7,8,9,10
HPT2_ROOT=1,3,6,7,8,9,11
HPT2_ROOT=1,3,6,7,8,9,12
HPT2_ROOT=1,3,6,7,8,9,13
HPT2_ROOT=1,3,6,7,8,9,14
HPT2_ROOT=1,3,6,7,8,10,11
HPT2_ROOT=1,3,6,7,8,10,12
HPT2_ROOT=1,3,6,7,8,10,13
HPT2_ROOT=1,3,6,7,8,10,14
HPT2_ROOT=1,3,6,7,8,11,12
HPT2_ROOT=1,3,6,7,8,11,13
HPT2_ROOT=1,3,6,7,8,11,14
HPT2_ROOT=1,3,6,7,8,12,13
HPT2_ROOT=1,3,6,7,8,12,14
HPT2_ROOT=1,3,6,7,8,13,14
HPT2_ROOT=1,3,6,7,9,10,11
HPT2_ROOT=1,3,6,7,9,10,12
HPT2_ROOT=1,3,6,7,9,10,13
HPT2_ROOT=1,3,6,7,9,10,14
HPT2_ROOT=1,3,6,7,9,11,12
HPT2_ROOT=1,3,6,7,9,11,13
HPT2_ROOT=1,3,6,7,9,11,14
HPT2_ROOT=1,3,6,7,9,12,13
HPT2_ROOT=1,3,6,7,9,12,14
HPT2_ROOT=1,3,6,7,9,13,14
HPT2_ROOT=1,3,6,7,10,11,12
HPT2_ROOT=1,3,6,7,10,11,13
HPT2_ROOT=1,3,6,7,10,11,14
HPT2_ROOT=1,3,6,7,10,12,13
HPT2_ROOT=1,3,6,7,10,12,14
HPT2_ROOT=1,3,6,7,10,13,14
HPT2_ROOT=1,3,6,7,11,12,13
HPT2_ROOT=1,3,6,7,11,12,14
HPT2_ROOT=1,3,6,7,11,13,14
HPT2_ROOT=1,3,6,7,12,13,14
HPT2_ROOT=1,3,6,8,9,10,11
HPT2_ROOT=1,3,6,8,9,10,12
HPT2_ROOT=1,3,6,8,9,10,13
HPT2_ROOT=1,3,6,8,9,10,14
HPT2_ROOT=1,3,6,8,9,11,12
HPT2_ROOT=1,3,6,8,9,11,13
HPT2_ROOT=1,3,6,8,9,11,14
HPT2_ROOT=1,3,6,8,9,12,13
HPT2_ROOT=1,3,6,8,9,12,14
HPT2_ROOT=1,3,6,8,9,13,14
HPT2_ROOT=1,3,6,8,10,11,12
HPT2_ROOT=1,3,6,8,10,11,13
HPT2_ROOT=1,3,6,8,10,11,14
HPT2_ROOT=1,3,6,8,10,12,13
HPT2_ROOT=1,3,6,8,10,12,14
HPT2_ROOT=1,3,6,8,10,13,14
HPT2_ROOT=1,3,6,8,11,12,13
HPT2_ROOT=1,3,6,8,11,12,14
HPT2_ROOT=1,3,6,8,11,13,14
HPT2_ROOT=1,3,6,8,12,13,14
HPT2_ROOT=1,3,6,9,10,11,12
HPT2_ROOT=1,3,6,9,10,11,13
HPT2_ROOT=1,3,6,9,10,11,14
HPT2_ROOT=1,3,6,9,10,12,13
HPT2_ROOT=1,3,6,9,10,12,14
HPT2_ROOT=1,3,6,9,10,13,14
HPT2_ROOT=1,3,6,9,11,12,13
HPT2_ROOT=1,3,6,9,11,12,14
HPT2_ROOT=1,3,6,9,11,13,14
HPT2_ROOT=1,3,6,9,12,13,14
HPT2_ROOT=1,3,6,10,11,12,13
HPT2_ROOT=1,3,6,10,11,12,14
HPT2_ROOT=1,3,6,10,11,13,14
HPT2_ROOT=1,3,6,10,12,13,14
HPT2_ROOT=1,3,6,11,12,13,14
HPT2_ROOT=1,3,7,8,9,10,11
HPT2_ROOT=1,3,7,8,9,10,12
HPT2_ROOT=1,3,7,8,9,10,13
HPT2_ROOT=1,3,7,8,9,10,14
HPT2_ROOT=1,3,7,8,9,11,12
HPT2_ROOT=1,3,7,8,9,11,13
HPT2_ROOT=1,3,7,8,9,11,14
HPT2_ROOT=1,3,7,8,9,12,13
HPT2_ROOT=1,3,7,8,9,12,14
HPT2_ROOT=1,3,7,8,9,13,14
HPT2_ROOT=1,3,7,8,10,11,12
HPT2_ROOT=1,3,7,8,10,11,13
HPT2_ROOT=1,3,7,8,10,11,14
HPT2_ROOT=1,3,7,8,10,12,13
HPT2_ROOT=1,3,7,8,10,12,14
HPT2_ROOT=1,3,7,8,10,13,14
HPT2_ROOT=1,3,7,8,11,12,13
HPT2_ROOT=1,3,7,8,11,12,14
HPT2_ROOT=1,3,7,8,11,13,14
HPT2_ROOT=1,3,7,8,12,13,14
HPT2_ROOT=1,3,7,9,10,11,12
HPT2_ROOT=1,3,7,9,10,11,13
HPT2_ROOT=1,3,7,9,10,11,14
HPT2_ROOT=1,3,7,9,10,12,13
HPT2_ROOT=1,3,7,9,10,12,14
HPT2_ROOT=1,3,7,9,10,13,14
HPT2_ROOT=1,3,7,9,11,12,13
HPT2_ROOT=1,3,7,9,11,12,14
HPT2_ROOT=1,3,7,9,11,13,14
HPT2_ROOT=1,3,7,9,12,13,14
HPT2_ROOT=1,3,7,10,11,12,13
HPT2_ROOT=1,3,7,10,11,12,14
HPT2_ROOT=1,3,7,10,11,13,14
HPT2_ROOT=1,3,7,10,12,13,14
HPT2_ROOT=1,3,7,11,12,13,14
HPT2_ROOT=1,3,8,9,10,11,12
HPT2_ROOT=1,3,8,9,10,11,13
HPT2_ROOT=1,3,8,9,10,11,14
HPT2_ROOT=1,3,8,9,10,12,13
HPT2_ROOT=1,3,8,9,10,12,14
HPT2_ROOT=1,3,8,9,10,13,14
HPT2_ROOT=1,3,8,9,11,12,13
HPT2_ROOT=1,3,8,9,11,12,14
HPT2_ROOT=1,3,8,9,11,13,14
HPT2_ROOT=1,3,8,9,12,13,14
HPT2_ROOT=1,3,8,10,11,12,13
HPT2_ROOT=1,3,8,10,11,12,14
HPT2_ROOT=1,3,8,10,11,13,14
HPT2_ROOT=1,3,8,10,12,13,14
HPT2_ROOT=1,3,8,11,12,13,14
HPT2_ROOT=1,3,9,10,11,12,13
HPT2_ROOT=1,3,9,10,11,12,14
HPT2_ROOT=1,3,9,10,11,13,14
HPT2_ROOT=1,3,9,10,12,13,14
HPT2_ROOT=1,3,9,11,12,13,14
HPT2_ROOT=1,3,10,11,12,13,14
HPT2_ROOT=1,4,5,6,7,8,9
HPT2_ROOT=1,4,5,6,7,8,10
HPT2_ROOT=1,4,5,6,7,8,11
HPT2_ROOT=1,4,5,6,7,8,12
HPT2_ROOT=1,4,5,6,7,8,13
HPT2_ROOT=1,4,5,6,7,8,14
HPT2_ROOT=1,4,5,6,7,9,10
HPT2_ROOT=1,4,5,6,7,9,11
HPT2_ROOT=1,4,5,6,7,9,12
HPT2_ROOT=1,4,5,6,7,9,13
HPT2_ROOT=1,4,5,6,7,9,14
HPT2_ROOT=1,4,5,6,7,10,11
HPT2_ROOT=1,4,5,6,7,10,12
HPT2_ROOT=1,4,5,6,7,10,13
HPT2_ROOT=1,4,5,6,7,10,14
HPT2_ROOT=1,4,5,6,7,11,12
HPT2_ROOT=1,4,5,6,7,11,13
HPT2_ROOT=1,4,5,6,7,11,14
HPT2_ROOT=1,4,5,6,7,12,13
HPT2_ROOT=1,4,5,6,7,12,14
HPT2_ROOT=1,4,5,6,7,13,14
HPT2_ROOT=1,4,5,6,8,9,10
HPT2_ROOT=1,4,5,6,8,9,11
HPT2_ROOT=1,4,5,6,8,9,12
HPT2_ROOT=1,4,5,6,8,9,13
HPT2_ROOT=1,4,5,6,8,9,14
HPT2_ROOT=1,4,5,6,8,10,11
HPT2_ROOT=1,4,5,6,8,10,12
HPT2_ROOT=1,4,5,6,8,10,13
HPT2_ROOT=1,4,5,6,8,10,14
HPT2_ROOT=1,4,5,6,8,11,12
HPT2_ROOT=1,4,5,6,8,11,13
HPT2_ROOT=1,4,5,6,8,11,14
HPT2_ROOT=1,4,5,6,8,12,13
HPT2_ROOT=1,4,5,6,8,12,14
HPT2_ROOT=1,4,5,6,8,13,14
HPT2_ROOT=1,4,5,6,9,10,11
HPT2_ROOT=1,4,5,6,9,10,12
HPT2_ROOT=1,4,5,6,9,10,13
HPT2_ROOT=1,4,5,6,9,10,14
HPT2_ROOT=1,4,5,6,9,11,12
HPT2_ROOT=1,4,5,6,9,11,13
HPT2_ROOT=1,4,5,6,9,11,14
HPT2_ROOT=1,4,5,6,9,12,13
HPT2_ROOT=1,4,5,6,9,12,14
HPT2_ROOT=1,4,5,6,9,13,14
HPT2_ROOT=1,4,5,6,10,11,12
HPT2_ROOT=1,4,5,6,10,11,13
HPT2_ROOT=1,4,5,6,10,11,14
HPT2_ROOT=1,4,5,6,10,12,13
HPT2_ROOT=1,4,5,6,10,12,14
HPT2_ROOT=1,4,5,6,10,13,14
HPT2_ROOT=1,4,5,6,11,12,13
HPT2_ROOT=1,4,5,6,11,12,14
HPT2_ROOT=1,4,5,6,11,13,14
HPT2_ROOT=1,4,5,6,12,13,14
HPT2_ROOT=1,4,5,7,8,9,10
HPT2_ROOT=1,4,5,7,8,9,11
HPT2_ROOT=1,4,5,7,8,9,12
HPT2_ROOT=1,4,5,7,8,9,13
HPT2_ROOT=1,4,5,7,8,9,14
HPT2_ROOT=1,4,5,7,8,10,11
HPT2_ROOT=1,4,5,7,8,10,12
HPT2_ROOT=1,4,5,7,8,10,13
HPT2_ROOT=1,4,5,7,8,10,14
HPT2_ROOT=1,4,5,7,8,11,12
HPT2_ROOT=1,4,5,7,8,11,13
HPT2_ROOT=1,4,5,7,8,11,14
HPT2_ROOT=1,4,5,7,8,12,13
HPT2_ROOT=1,4,5,7,8,12,14
HPT2_ROOT=1,4,5,7,8,13,14
HPT2_ROOT=1,4,5,7,9,10,11
HPT2_ROOT=1,4,5,7,9,10,12
HPT2_ROOT=1,4,5,7,9,10,13
HPT2_ROOT=1,4,5,7,9,10,14
HPT2_ROOT=1,4,5,7,9,11,12
HPT2_ROOT=1,4,5,7,9,11,13
HPT2_ROOT=1,4,5,7,9,11,14
HPT2_ROOT=1,4,5,7,9,12,13
HPT2_ROOT=1,4,5,7,9,12,14
HPT2_ROOT=1,4,5,7,9,13,14
HPT2_ROOT=1,4,5,7,10,11,12
HPT2_ROOT=1,4,5,7,10,11,13
HPT2_ROOT=1,4,5,7,10,11,14
HPT2_ROOT=1,4,5,7,10,12,13
HPT2_ROOT=1,4,5,7,10,12,14
HPT2_ROOT=1,4,5,7,10,13,14
HPT2_ROOT=1,4,5,7,11,12,13
HPT2_ROOT=1,4,5,7,11,12,14
HPT2_ROOT=1,4,5,7,11,13,14
HPT2_ROOT=1,4,5,7,12,13,14
HPT2_ROOT=1,4,5,8,9,10,11
HPT2_ROOT=1,4,5,8,9,10,12
HPT2_ROOT=1,4,5,8,9,10,13
HPT2_ROOT=1,4,5,8,9,10,14
HPT2_ROOT=1,4,5,8,9,11,12
HPT2_ROOT=1,4,5,8,9,11,13
HPT2_ROOT=1,4,5,8,9,11,14
HPT2_ROOT=1,4,5,8,9,12,13
HPT2_ROOT=1,4,5,8,9,12,14
HPT2_ROOT=1,4,5,8,9,13,14
HPT2_ROOT=1,4,5,8,10,11,12
HPT2_ROOT=1,4,5,8,10,11,13
HPT2_ROOT=1,4,5,8,10,11,14
HPT2_ROOT=1,4,5,8,10,12,13
HPT2_ROOT=1,4,5,8,10,12,14
HPT2_ROOT=1,4,5,8,10,13,14
HPT2_ROOT=1,4,5,8,11,12,13
HPT2_ROOT=1,4,5,8,11,12,14
HPT2_ROOT=1,4,5,8,11,13,14
HPT2_ROOT=1,4,5,8,12,13,14
HPT2_ROOT=1,4,5,9,10,11,12
HPT2_ROOT=1,4,5,9,10,11,13
HPT2_ROOT=1,4,5,9,10,11,14
HPT2_ROOT=1,4,5,9,10,12,13
HPT2_ROOT=1,4,5,9,10,12,14
HPT2_ROOT=1,4,5,9,10,13,14
HPT2_ROOT=1,4,5,9,11,12,13
HPT2_ROOT=1,4,5,9,11,12,14
HPT2_ROOT=1,4,5,9,11,13,14
HPT2_ROOT=1,4,5,9,12,13,14
HPT2_ROOT=1,4,5,10,11,12,13
HPT2_ROOT=1,4,5,10,11,12,14
HPT2_ROOT=1,4,5,10,11,13,14
HPT2_ROOT=1,4,5,10,12,13,14
HPT2_ROOT=1,4,5,11,12,13,14
HPT2_ROOT=1,4,6,7,8,9,10
HPT2_ROOT=1,4,6,7,8,9,11
HPT2_ROOT=1,4,6,7,8,9,12
HPT2_ROOT=1,4,6,7,8,9,13
HPT2_ROOT=1,4,6,7,8,9,14
HPT2_ROOT=1,4,6,7,8,10,11
HPT2_ROOT=1,4,6,7,8,10,12
HPT2_ROOT=1,4,6,7,8,10,13
HPT2_ROOT=1,4,6,7,8,10,14
HPT2_ROOT=1,4,6,7,8,11,12
HPT2_ROOT=1,4,6,7,8,11,13
HPT2_ROOT=1,4,6,7,8,11,14
HPT2_ROOT=1,4,6,7,8,12,13
HPT2_ROOT=1,4,6,7,8,12,14
HPT2_ROOT=1,4,6,7,8,13,14
HPT2_ROOT=1,4,6,7,9,10,11
HPT2_ROOT=1,4,6,7,9,10,12
HPT2_ROOT=1,4,6,7,9,10,13
HPT2_ROOT=1,4,6,7,9,10,14
HPT2_ROOT=1,4,6,7,9,11,12
HPT2_ROOT=1,4,6,7,9,11,13
HPT2_ROOT=1,4,6,7,9,11,14
HPT2_ROOT=1,4,6,7,9,12,13
HPT2_ROOT=1,4,6,7,9,12,14
HPT2_ROOT=1,4,6,7,9,13,14
HPT2_ROOT=1,4,6,7,10,11,12
HPT2_ROOT=1,4,6,7,10,11,13
HPT2_ROOT=1,4,6,7,10,11,14
HPT2_ROOT=1,4,6,7,10,12,13
HPT2_ROOT=1,4,6,7,10,12,14
HPT2_ROOT=1,4,6,7,10,13,14
HPT2_ROOT=1,4,6,7,11,12,13
HPT2_ROOT=1,4,6,7,11,12,14
HPT2_ROOT=1,4,6,7,11,13,14
HPT2_ROOT=1,4,6,7,12,13,14
HPT2_ROOT=1,4,6,8,9,10,11
HPT2_ROOT=1,4,6,8,9,10,12
HPT2_ROOT=1,4,6,8,9,10,13
HPT2_ROOT=1,4,6,8,9,10,14
HPT2_ROOT=1,4,6,8,9,11,12
HPT2_ROOT=1,4,6,8,9,11,13
HPT2_ROOT=1,4,6,8,9,11,14
HPT2_ROOT=1,4,6,8,9,12,13
HPT2_ROOT=1,4,6,8,9,12,14
HPT2_ROOT=1,4,6,8,9,13,14
HPT2_ROOT=1,4,6,8,10,11,12
HPT2_ROOT=1,4,6,8,10,11,13
HPT2_ROOT=1,4,6,8,10,11,14
HPT2_ROOT=1,4,6,8,10,12,13
HPT2_ROOT=1,4,6,8,10,12,14
HPT2_ROOT=1,4,6,8,10,13,14
HPT2_ROOT=1,4,6,8,11,12,13
HPT2_ROOT=1,4,6,8,11,12,14
HPT2_ROOT=1,4,6,8,11,13,14
HPT2_ROOT=1,4,6,8,12,13,14
HPT2_ROOT=1,4,6,9,10,11,12
HPT2_ROOT=1,4,6,9,10,11,13
HPT2_ROOT=1,4,6,9,10,11,14
HPT2_ROOT=1,4,6,9,10,12,13
HPT2_ROOT=1,4,6,9,10,12,14
HPT2_ROOT=1,4,6,9,10,13,14
HPT2_ROOT=1,4,6,9,11,12,13
HPT2_ROOT=1,4,6,9,11,12,14
HPT2_ROOT=1,4,6,9,11,13,14
HPT2_ROOT=1,4,6,9,12,13,14
HPT2_ROOT=1,4,6,10,11,12,13
HPT2_ROOT=1,4,6,10,11,12,14
HPT2_ROOT=1,4,6,10,11,13,14
HPT2_ROOT=1,4,6,10,12,13,14
HPT2_ROOT=1,4,6,11,12,13,14
HPT2_ROOT=1,4,7,8,9,10,11
HPT2_ROOT=1,4,7,8,9,10,12
HPT2_ROOT=1,4,7,8,9,10,13
HPT2_ROOT=1,4,7,8,9,10,14
HPT2_ROOT=1,4,7,8,9,11,12
HPT2_ROOT=1,4,7,8,9,11,13
HPT2_ROOT=1,4,7,8,9,11,14
HPT2_ROOT=1,4,7,8,9,12,13
HPT2_ROOT=1,4,7,8,9,12,14
HPT2_ROOT=1,4,7,8,9,13,14
HPT2_ROOT=1,4,7,8,10,11,12
HPT2_ROOT=1,4,7,8,10,11,13
HPT2_ROOT=1,4,7,8,10,11,14
HPT2_ROOT=1,4,7,8,10,12,13
HPT2_ROOT=1,4,7,8,10,12,14
HPT2_ROOT=1,4,7,8,10,13,14
HPT2_ROOT=1,4,7,8,11,12,13
HPT2_ROOT=1,4,7,8,11,12,14
HPT2_ROOT=1,4,7,8,11,13,14
HPT2_ROOT=1,4,7,8,12,13,14
HPT2_ROOT=1,4,7,9,10,11,12
HPT2_ROOT=1,4,7,9,10,11,13
HPT2_ROOT=1,4,7,9,10,11,14
HPT2_ROOT=1,4,7,9,10,12,13
HPT2_ROOT=1,4,7,9,10,12,14
HPT2_ROOT=1,4,7,9,10,13,14
HPT2_ROOT=1,4,7,9,11,12,13
HPT2_ROOT=1,4,7,9,11,12,14
HPT2_ROOT=1,4,7,9,11,13,14
HPT2_ROOT=1,4,7,9,12,13,14
HPT2_ROOT=1,4,7,10,11,12,13
HPT2_ROOT=1,4,7,10,11,12,14
HPT2_ROOT=1,4,7,10,11,13,14
HPT2_ROOT=1,4,7,10,12,13,14
HPT2_ROOT=1,4,7,11,12,13,14
HPT2_ROOT=1,4,8,9,10,11,12
HPT2_ROOT=1,4,8,9,10,11,13
HPT2_ROOT=1,4,8,9,10,11,14
HPT2_ROOT=1,4,8,9,10,12,13
HPT2_ROOT=1,4,8,9,10,12,14
HPT2_ROOT=1,4,8,9,10,13,14
HPT2_ROOT=1,4,8,9,11,12,13
HPT2_ROOT=1,4,8,9,11,12,14
HPT2_ROOT=1,4,8,9,11,13,14
HPT2_ROOT=1,4,8,9,12,13,14
HPT2_ROOT=1,4,8,10,11,12,13
HPT2_ROOT=1,4,8,10,11,12,14
HPT2_ROOT=1,4,8,10,11,13,14
HPT2_ROOT=1,4,8,10,12,13,14
HPT2_ROOT=1,4,8,11,12,13,14
HPT2_ROOT=1,4,9,10,11,12,13
HPT2_ROOT=1,4,9,10,11,12,14
HPT2_ROOT=1,4,9,10,11,13,14
HPT2_ROOT=1,4,9,10,12,13,14
HPT2_ROOT=1,4,9,11,12,13,14
HPT2_ROOT=1,4,10,11,12,13,14
HPT2_ROOT=1,5,6,7,8,9,10
HPT2_ROOT=1,5,6,7,8,9,11
HPT2_ROOT=1,5,6,7,8,9,12
HPT2_ROOT=1,5,6,7,8,9,13
HPT2_ROOT=1,5,6,7,8,9,14
HPT2_ROOT=1,5,6,7,8,10,11
HPT2_ROOT=1,5,6,7,8,10,12
HPT2_ROOT=1,5,6,7,8,10,13
HPT2_ROOT=1,5,6,7,8,10,14
HPT2_ROOT=1,5,6,7,8,11,12
HPT2_ROOT=1,5,6,7,8,11,13
HPT2_ROOT=1,5,6,7,8,11,14
HPT2_ROOT=1,5,6,7,8,12,13
HPT2_ROOT=1,5,6,7,8,12,14
HPT2_ROOT=1,5,6,7,8,13,14
HPT2_ROOT=1,5,6,7,9,10,11
HPT2_ROOT=1,5,6,7,9,10,12
HPT2_ROOT=1,5,6,7,9,10,13
HPT2_ROOT=1,5,6,7,9,10,14
HPT2_ROOT=1,5,6,7,9,11,12
HPT2_ROOT=1,5,6,7,9,11,13
HPT2_ROOT=1,5,6,7,9,11,14
HPT2_ROOT=1,5,6,7,9,12,13
HPT2_ROOT=1,5,6,7,9,12,14
HPT2_ROOT=1,5,6,7,9,13,14
HPT2_ROOT=1,5,6,7,10,11,12
HPT2_ROOT=1,5,6,7,10,11,13
HPT2_ROOT=1,5,6,7,10,11,14
HPT2_ROOT=1,5,6,7,10,12,13
HPT2_ROOT=1,5,6,7,10,12,14
HPT2_ROOT=1,5,6,7,10,13,14
HPT2_ROOT=1,5,6,7,11,12,13
HPT2_ROOT=1,5,6,7,11,12,14
HPT2_ROOT=1,5,6,7,11,13,14
HPT2_ROOT=1,5,6,7,12,13,14
HPT2_ROOT=1,5,6,8,9,10,11
HPT2_ROOT=1,5,6,8,9,10,12
HPT2_ROOT=1,5,6,8,9,10,13
HPT2_ROOT=1,5,6,8,9,10,14
HPT2_ROOT=1,5,6,8,9,11,12
HPT2_ROOT=1,5,6,8,9,11,13
HPT2_ROOT=1,5,6,8,9,11,14
HPT2_ROOT=1,5,6,8,9,12,13
HPT2_ROOT=1,5,6,8,9,12,14
HPT2_ROOT=1,5,6,8,9,13,14
HPT2_ROOT=1,5,6,8,10,11,12
HPT2_ROOT=1,5,6,8,10,11,13
HPT2_ROOT=1,5,6,8,10,11,14
HPT2_ROOT=1,5,6,8,10,12,13
HPT2_ROOT=1,5,6,8,10,12,14
HPT2_ROOT=1,5,6,8,10,13,14
HPT2_ROOT=1,5,6,8,11,12,13
HPT2_ROOT=1,5,6,8,11,12,14
HPT2_ROOT=1,5,6,8,11,13,14
HPT2_ROOT=1,5,6,8,12,13,14
HPT2_ROOT=1,5,6,9,10,11,12
HPT2_ROOT=1,5,6,9,10,11,13
HPT2_ROOT=1,5,6,9,10,11,14
HPT2_ROOT=1,5,6,9,10,12,13
HPT2_ROOT=1,5,6,9,10,12,14
HPT2_ROOT=1,5,6,9,10,13,14
HPT2_ROOT=1,5,6,9,11,12,13
HPT2_ROOT=1,5,6,9,11,12,14
HPT2_ROOT=1,5,6,9,11,13,14
HPT2_ROOT=1,5,6,9,12,13,14
HPT2_ROOT=1,5,6,10,11,12,13
HPT2_ROOT=1,5,6,10,11,12,14
HPT2_ROOT=1,5,6,10,11,13,14
HPT2_ROOT=1,5,6,10,12,13,14
HPT2_ROOT=1,5,6,11,12,13,14
HPT2_ROOT=1,5,7,8,9,10,11
HPT2_ROOT=1,5,7,8,9,10,12
HPT2_ROOT=1,5,7,8,9,10,13
HPT2_ROOT=1,5,7,8,9,10,14
HPT2_ROOT=1,5,7,8,9,11,12
HPT2_ROOT=1,5,7,8,9,11,13
HPT2_ROOT=1,5,7,8,9,11,14
HPT2_ROOT=1,5,7,8,9,12,13
HPT2_ROOT=1,5,7,8,9,12,14
HPT2_ROOT=1,5,7,8,9,13,14
HPT2_ROOT=1,5,7,8,10,11,12
HPT2_ROOT=1,5,7,8,10,11,13
HPT2_ROOT=1,5,7,8,10,11,14
HPT2_ROOT=1,5,7,8,10,12,13
HPT2_ROOT=1,5,7,8,10,12,14
HPT2_ROOT=1,5,7,8,10,13,14
HPT2_ROOT=1,5,7,8,11,12,13
HPT2_ROOT=1,5,7,8,11,12,14
HPT2_ROOT=1,5,7,8,11,13,14
HPT2_ROOT=1,5,7,8,12,13,14
HPT2_ROOT=1,5,7,9,10,11,12
HPT2_ROOT=1,5,7,9,10,11,13
HPT2_ROOT=1,5,7,9,10,11,14
HPT2_ROOT=1,5,7,9,10,12,13
HPT2_ROOT=1,5,7,9,10,12,14
HPT2_ROOT=1,5,7,9,10,13,14
HPT2_ROOT=1,5,7,9,11,12,13
HPT2_ROOT=1,5,7,9,11,12,14
HPT2_ROOT=1,5,7,9,11,13,14
HPT2_ROOT=1,5,7,9,12,13,14
HPT2_ROOT=1,5,7,10,11,12,13
HPT2_ROOT=1,5,7,10,11,12,14
HPT2_ROOT=1,5,7,10,11,13,14
HPT2_ROOT=1,5,7,10,12,13,14
HPT2_ROOT=1,5,7,11,12,13,14
HPT2_ROOT=1,5,8,9,10,11,12
HPT2_ROOT=1,5,8,9,10,11,13
HPT2_ROOT=1,5,8,9,10,11,14
HPT2_ROOT=1,5,8,9,10,12,13
HPT2_ROOT=1,5,8,9,10,12,14
HPT2_ROOT=1,5,8,9,10,13,14
HPT2_ROOT=1,5,8,9,11,12,13
HPT2_ROOT=1,5,8,9,11,12,14
HPT2_ROOT=1,5,8,9,11,13,14
HPT2_ROOT=1,5,8,9,12,13,14
HPT2_ROOT=1,5,8,10,11,12,13
HPT2_ROOT=1,5,8,10,11,12,14
HPT2_ROOT=1,5,8,10,11,13,14
HPT2_ROOT=1,5,8,10,12,13,14
HPT2_ROOT=1,5,8,11,12,13,14
HPT2_ROOT=1,5,9,10,11,12,13
HPT2_ROOT=1,5,9,10,11,12,14
HPT2_ROOT=1,5,9,10,11,13,14
HPT2_ROOT=1,5,9,10,12,13,14
HPT2_ROOT=1,5,9,11,12,13,14
HPT2_ROOT=1,5,10,11,12,13,14
HPT2_ROOT=1,6,7,8,9,10,11
HPT2_ROOT=1,6,7,8,9,10,12
HPT2_ROOT=1,6,7,8,9,10,13
HPT2_ROOT=1,6,7,8,9,10,14
HPT2_ROOT=1,6,7,8,9,11,12
HPT2_ROOT=1,6,7,8,9,11,13
HPT2_ROOT=1,6,7,8,9,11,14
HPT2_ROOT=1,6,7,8,9,12,13
HPT2_ROOT=1,6,7,8,9,12,14
HPT2_ROOT=1,6,7,8,9,13,14
HPT2_ROOT=1,6,7,8,10,11,12
HPT2_ROOT=1,6,7,8,10,11,13
HPT2_ROOT=1,6,7,8,10,11,14
HPT2_ROOT=1,6,7,8,10,12,13
HPT2_ROOT=1,6,7,8,10,12,14
HPT2_ROOT=1,6,7,8,10,13,14
HPT2_ROOT=1,6,7,8,11,12,13
HPT2_ROOT=1,6,7,8,11,12,14
HPT2_ROOT=1,6,7,8,11,13,14
HPT2_ROOT=1,6,7,8,12,13,14
HPT2_ROOT=1,6,7,9,10,11,12
HPT2_ROOT=1,6,7,9,10,11,13
HPT2_ROOT=1,6,7,9,10,11,14
HPT2_ROOT=1,6,7,9,10,12,13
HPT2_ROOT=1,6,7,9,10,12,14
HPT2_ROOT=1,6,7,9,10,13,14
HPT2_ROOT=1,6,7,9,11,12,13
HPT2_ROOT=1,6,7,9,11,12,14
HPT2_ROOT=1,6,7,9,11,13,14
HPT2_ROOT=1,6,7,9,12,13,14
HPT2_ROOT=1,6,7,10,11,12,13
HPT2_ROOT=1,6,7,10,11,12,14
HPT2_ROOT=1,6,7,10,11,13,14
HPT2_ROOT=1,6,7,10,12,13,14
HPT2_ROOT=1,6,7,11,12,13,14
HPT2_ROOT=1,6,8,9,10,11,12
HPT2_ROOT=1,6,8,9,10,11,13
HPT2_ROOT=1,6,8,9,10,11,14
HPT2_ROOT=1,6,8,9,10,12,13
HPT2_ROOT=1,6,8,9,10,12,14
HPT2_ROOT=1,6,8,9,10,13,14
HPT2_ROOT=1,6,8,9,11,12,13
HPT2_ROOT=1,6,8,9,11,12,14
HPT2_ROOT=1,6,8,9,11,13,14
HPT2_ROOT=1,6,8,9,12,13,14
HPT2_ROOT=1,6,8,10,11,12,13
HPT2_ROOT=1,6,8,10,11,12,14
HPT2_ROOT=1,6,8,10,11,13,14
HPT2_ROOT=1,6,8,10,12,13,14
HPT2_ROOT=1,6,8,11,12,13,14
HPT2_ROOT=1,6,9,10,11,12,13
HPT2_ROOT=1,6,9,10,11,12,14
HPT2_ROOT=1,6,9,10,11,13,14
HPT2_ROOT=1,6,9,10,12,13,14
HPT2_ROOT=1,6,9,11,12,13,14
HPT2_ROOT=1,6,10,11,12,13,14
HPT2_ROOT=1,7,8,9,10,11,12
HPT2_ROOT=1,7,8,9,10,11,13
HPT2_ROOT=1,7,8,9,10,11,14
HPT2_ROOT=1,7,8,9,10,12,13
HPT2_ROOT=1,7,8,9,10,12,14
HPT2_ROOT=1,7,8,9,10,13,14
HPT2_ROOT=1,7,8,9,11,12,13
HPT2_ROOT=1,7,8,9,11,12,14
HPT2_ROOT=1,7,8,9,11,13,14
HPT2_ROOT=1,7,8,9,12,13,14
HPT2_ROOT=1,7,8,10,11,12,13
HPT2_ROOT=1,7,8,10,11,12,14
HPT2_ROOT=1,7,8,10,11,13,14
HPT2_ROOT=1,7,8,10,12,13,14
HPT2_ROOT=1,7,8,11,12,13,14
HPT2_ROOT=1,7,9,10,11,12,13
HPT2_ROOT=1,7,9,10,11,12,14
HPT2_ROOT=1,7,9,10,11,13,14
HPT2_ROOT=1,7,9,10,12,13,14
HPT2_ROOT=1,7,9,11,12,13,14
HPT2_ROOT=1,7,10,11,12,13,14
HPT2_ROOT=1,8,9,10,11,12,13
HPT2_ROOT=1,8,9,10,11,12,14
HPT2_ROOT=1,8,9,10,11,13,14
HPT2_ROOT=1,8,9,10,12,13,14
HPT2_ROOT=1,8,9,11,12,13,14
HPT2_ROOT=1,8,10,11,12,13,14
HPT2_ROOT=1,9,10,11,12,13,14
HPT2_ROOT=2,3,4,5,6,7,8
HPT2_ROOT=2,3,4,5,6,7,9
HPT2_ROOT=2,3,4,5,6,7,10
HPT2_ROOT=2,3,4,5,6,7,11
HPT2_ROOT=2,3,4,5,6,7,12
HPT2_ROOT=2,3,4,5,6,7,13
HPT2_ROOT=2,3,4,5,6,7,14
HPT2_ROOT=2,3,4,5,6,8,9
HPT2_ROOT=2,3,4,5,6,8,10
HPT2_ROOT=2,3,4,5,6,8,11
HPT2_ROOT=2,3,4,5,6,8,12
HPT2_ROOT=2,3,4,5,6,8,13
HPT2_ROOT=2,3,4,5,6,8,14
HPT2_ROOT=2,3,4,5,6,9,10
HPT2_ROOT=2,3,4,5,6,9,11
HPT2_ROOT=2,3,4,5,6,9,12
HPT2_ROOT=2,3,4,5,6,9,13
HPT2_ROOT=2,3,4,5,6,9,14
HPT2_ROOT=2,3,4,5,6,10,11
HPT2_ROOT=2,3,4,5,6,10,12
HPT2_ROOT=2,3,4,5,6,10,13
HPT2_ROOT=2,3,4,5,6,10,14
HPT2_ROOT=2,3,4,5,6,11,12
HPT2_ROOT=2,3,4,5,6,11,13
HPT2_ROOT=2,3,4,5,6,11,14
HPT2_ROOT=2,3,4,5,6,12,13
HPT2_ROOT=2,3,4,5,6,12,14
HPT2_ROOT=2,3,4,5,6,13,14
HPT2_ROOT=2,3,4,5,7,8,9
HPT2_ROOT=2,3,4,5,7,8,10
HPT2_ROOT=2,3,4,5,7,8,11
HPT2_ROOT=2,3,4,5,7,8,12
HPT2_ROOT=2,3,4,5,7,8,13
HPT2_ROOT=2,3,4,5,7,8,14
HPT2_ROOT=2,3,4,5,7,9,10
HPT2_ROOT=2,3,4,5,7,9,11
HPT2_ROOT=2,3,4,5,7,9,12
HPT2_ROOT=2,3,4,5,7,9,13
HPT2_ROOT=2,3,4,5,7,9,14
HPT2_ROOT=2,3,4,5,7,10,11
HPT2_ROOT=2,3,4,5,7,10,12
HPT2_ROOT=2,3,4,5,7,10,13
HPT2_ROOT=2,3,4,5,7,10,14
HPT2_ROOT=2,3,4,5,7,11,12
HPT2_ROOT=2,3,4,5,7,11,13
HPT2_ROOT=2,3,4,5,7,11,14
HPT2_ROOT=2,3,4,5,7,12,13
HPT2_ROOT=2,3,4,5,7,12,14
HPT2_ROOT=2,3,4,5,7,13,14
HPT2_ROOT=2,3,4,5,8,9,10
HPT2_ROOT=2,3,4,5,8,9,11
HPT2_ROOT=2,3,4,5,8,9,12
HPT2_ROOT=2,3,4,5,8,9,13
HPT2_ROOT=2,3,4,5,8,9,14
HPT2_ROOT=2,3,4,5,8,10,11
HPT2_ROOT=2,3,4,5,8,10,12
HPT2_ROOT=2,3,4,5,8,10,13
HPT2_ROOT=2,3,4,5,8,10,14
HPT2_ROOT=2,3,4,5,8,11,12
HPT2_ROOT=2,3,4,5,8,11,13
HPT2_ROOT=2,3,4,5,8,11,14
HPT2_ROOT=2,3,4,5,8,12,13
HPT2_ROOT=2,3,4,5,8,12,14
HPT2_ROOT=2,3,4,5,8,13,14
HPT2_ROOT=2,3,4,5,9,10,11
HPT2_ROOT=2,3,4,5,9,10,12
HPT2_ROOT=2,3,4,5,9,10,13
HPT2_ROOT=2,3,4,5,9,10,14
HPT2_ROOT=2,3,4,5,9,11,12
HPT2_ROOT=2,3,4,5,9,11,13
HPT2_ROOT=2,3,4,5,9,11,14
HPT2_ROOT=2,3,4,5,9,12,13
HPT2_ROOT=2,3,4,5,9,12,14
HPT2_ROOT=2,3,4,5,9,13,14
HPT2_ROOT=2,3,4,5,10,11,12
HPT2_ROOT=2,3,4,5,10,11,13
HPT2_ROOT=2,3,4,5,10,11,14
HPT2_ROOT=2,3,4,5,10,12,13
HPT2_ROOT=2,3,4,5,10,12,14
HPT2_ROOT=2,3,4,5,10,13,14
HPT2_ROOT=2,3,4,5,11,12,13
HPT2_ROOT=2,3,4,5,11,12,14
HPT2_ROOT=2,3,4,5,11,13,14
HPT2_ROOT=2,3,4,5,12,13,14
HPT2_ROOT=2,3,4,6,7,8,9
HPT2_ROOT=2,3,4,6,7,8,10
HPT2_ROOT=2,3,4,6,7,8,11
HPT2_ROOT=2,3,4,6,7,8,12
HPT2_ROOT=2,3,4,6,7,8,13
HPT2_ROOT=2,3,4,6,7,8,14
HPT2_ROOT=2,3,4,6,7,9,10
HPT2_ROOT=2,3,4,6,7,9,11
HPT2_ROOT=2,3,4,6,7,9,12
HPT2_ROOT=2,3,4,6,7,9,13
HPT2_ROOT=2,3,4,6,7,9,14
HPT2_ROOT=2,3,4,6,7,10,11
HPT2_ROOT=2,3,4,6,7,10,12
HPT2_ROOT=2,3,4,6,7,10,13
HPT2_ROOT=2,3,4,6,7,10,14
HPT2_ROOT=2,3,4,6,7,11,12
HPT2_ROOT=2,3,4,6,7,11,13
HPT2_ROOT=2,3,4,6,7,11,14
HPT2_ROOT=2,3,4,6,7,12,13
HPT2_ROOT=2,3,4,6,7,12,14
HPT2_ROOT=2,3,4,6,7,13,14
HPT2_ROOT=2,3,4,6,8,9,10
HPT2_ROOT=2,3,4,6,8,9,11
HPT2_ROOT=2,3,4,6,8,9,12
HPT2_ROOT=2,3,4,6,8,9,13
HPT2_ROOT=2,3,4,6,8,9,14
HPT2_ROOT=2,3,4,6,8,10,11
HPT2_ROOT=2,3,4,6,8,10,12
HPT2_ROOT=2,3,4,6,8,10,13
HPT2_ROOT=2,3,4,6,8,10,14
HPT2_ROOT=2,3,4,6,8,11,12
HPT2_ROOT=2,3,4,6,8,11,13
HPT2_ROOT=2,3,4,6,8,11,14
HPT2_ROOT=2,3,4,6,8,12,13
HPT2_ROOT=2,3,4,6,8,12,14
HPT2_ROOT=2,3,4,6,8,13,14
HPT2_ROOT=2,3,4,6,9,10,11
HPT2_ROOT=2,3,4,6,9,10,12
HPT2_ROOT=2,3,4,6,9,10,13
HPT2_ROOT=2,3,4,6,9,10,14
HPT2_ROOT=2,3,4,6,9,11,12
HPT2_ROOT=2,3,4,6,9,11,13
HPT2_ROOT=2,3,4,6,9,11,14
HPT2_ROOT=2,3,4,6,9,12,13
HPT2_ROOT=2,3,4,6,9,12,14
HPT2_ROOT=2,3,4,6,9,13,14
HPT2_ROOT=2,3,4,6,10,11,12
HPT2_ROOT=2,3,4,6,10,11,13
HPT2_ROOT=2,3,4,6,10,11,14
HPT2_ROOT=2,3,4,6,10,12,13
HPT2_ROOT=2,3,4,6,10,12,14
HPT2_ROOT=2,3,4,6,10,13,14
HPT2_ROOT=2,3,4,6,11,12,13
HPT2_ROOT=2,3,4,6,11,12,14
HPT2_ROOT=2,3,4,6,11,13,14
HPT2_ROOT=2,3,4,6,12,13,14
HPT2_ROOT=2,3,4,7,8,9,10
HPT2_ROOT=2,3,4,7,8,9,11
HPT2_ROOT=2,3,4,7,8,9,12
HPT2_ROOT=2,3,4,7,8,9,13
HPT2_ROOT=2,3,4,7,8,9,14
HPT2_ROOT=2,3,4,7,8,10,11
HPT2_ROOT=2,3,4,7,8,10,12
HPT2_ROOT=2,3,4,7,8,10,13
HPT2_ROOT=2,3,4,7,8,10,14
HPT2_ROOT=2,3,4,7,8,11,12
HPT2_ROOT=2,3,4,7,8,11,13
HPT2_ROOT=2,3,4,7,8,11,14
HPT2_ROOT=2,3,4,7,8,12,13
HPT2_ROOT=2,3,4,7,8,12,14
HPT2_ROOT=2,3,4,7,8,13,14
HPT2_ROOT=2,3,4,7,9,10,11
HPT2_ROOT=2,3,4,7,9,10,12
HPT2_ROOT=2,3,4,7,9,10,13
HPT2_ROOT=2,3,4,7,9,10,14
HPT2_ROOT=2,3,4,7,9,11,12
HPT2_ROOT=2,3,4,7,9,11,13
HPT2_ROOT=2,3,4,7,9,11,14
HPT2_ROOT=2,3,4,7,9,12,13
HPT2_ROOT=2,3,4,7,9,12,14
HPT2_ROOT=2,3,4,7,9,13,14
HPT2_ROOT=2,3,4,7,10,11,12
HPT2_ROOT=2,3,4,7,10,11,13
HPT2_ROOT=2,3,4,7,10,11,14
HPT2_ROOT=2,3,4,7,10,12,13
HPT2_ROOT=2,3,4,7,10,12,14
HPT2_ROOT=2,3,4,7,10,13,14
HPT2_ROOT=2,3,4,7,11,12,13
HPT2_ROOT=2,3,4,7,11,12,14
HPT2_ROOT=2,3,4,7,11,13,14
HPT2_ROOT=2,3,4,7,12,13,14
HPT2_ROOT=2,3,4,8,9,10,11
HPT2_ROOT=2,3,4,8,9,10,12
HPT2_ROOT=2,3,4,8,9,10,13
HPT2_ROOT=2,3,4,8,9,10,14
HPT2_ROOT=2,3,4,8,9,11,12
HPT2_ROOT=2,3,4,8,9,11,13
HPT2_ROOT=2,3,4,8,9,11,14
HPT2_ROOT=2,3,4,8,9,12,13
HPT2_ROOT=2,3,4,8,9,12,14
HPT2_ROOT=2,3,4,8,9,13,14
HPT2_ROOT=2,3,4,8,10,11,12
HPT2_ROOT=2,3,4,8,10,11,13
HPT2_ROOT=2,3,4,8,10,11,14
HPT2_ROOT=2,3,4,8,10,12,13
HPT2_ROOT=2,3,4,8,10,12,14
HPT2_ROOT=2,3,4,8,10,13,14
HPT2_ROOT=2,3,4,8,11,12,13
HPT2_ROOT=2,3,4,8,11,12,14
HPT2_ROOT=2,3,4,8,11,13,14
HPT2_ROOT=2,3,4,8,12,13,14
HPT2_ROOT=2,3,4,9,10,11,12
HPT2_ROOT=2,3,4,9,10,11,13
HPT2_ROOT=2,3,4,9,10,11,14
HPT2_ROOT=2,3,4,9,10,12,13
HPT2_ROOT=2,3,4,9,10,12,14
HPT2_ROOT=2,3,4,9,10,13,14
HPT2_ROOT=2,3,4,9,11,12,13
HPT2_ROOT=2,3,4,9,11,12,14
HPT2_ROOT=2,3,4,9,11,13,14
HPT2_ROOT=2,3,4,9,12,13,14
HPT2_ROOT=2,3,4,10,11,12,13
HPT2_ROOT=2,3,4,10,11,12,14
HPT2_ROOT=2,3,4,10,11,13,14
HPT2_ROOT=2,3,4,10,12,13,14
HPT2_ROOT=2,3,4,11,12,13,14
HPT2_ROOT=2,3,5,6,7,8,9
HPT2_ROOT=2,3,5,6,7,8,10
HPT2_ROOT=2,3,5,6,7,8,11
HPT2_ROOT=2,3,5,6,7,8,12
HPT2_ROOT=2,3,5,6,7,8,13
HPT2_ROOT=2,3,5,6,7,8,14
HPT2_ROOT=2,3,5,6,7,9,10
HPT2_ROOT=2,3,5,6,7,9,11
HPT2_ROOT=2,3,5,6,7,9,12
HPT2_ROOT=2,3,5,6,7,9,13
HPT2_ROOT=2,3,5,6,7,9,14
HPT2_ROOT=2,3,5,6,7,10,11
HPT2_ROOT=2,3,5,6,7,10,12
HPT2_ROOT=2,3,5,6,7,10,13
HPT2_ROOT=2,3,5,6,7,10,14
HPT2_ROOT=2,3,5,6,7,11,12
HPT2_ROOT=2,3,5,6,7,11,13
HPT2_ROOT=2,3,5,6,7,11,14
HPT2_ROOT=2,3,5,6,7,12,13
HPT2_ROOT=2,3,5,6,7,12,14
HPT2_ROOT=2,3,5,6,7,13,14
HPT2_ROOT=2,3,5,6,8,9,10
HPT2_ROOT=2,3,5,6,8,9,11
HPT2_ROOT=2,3,5,6,8,9,12
HPT2_ROOT=2,3,5,6,8,9,13
HPT2_ROOT=2,3,5,6,8,9,14
HPT2_ROOT=2,3,5,6,8,10,11
HPT2_ROOT=2,3,5,6,8,10,12
HPT2_ROOT=2,3,5,6,8,10,13
HPT2_ROOT=2,3,5,6,8,10,14
HPT2_ROOT=2,3,5,6,8,11,12
HPT2_ROOT=2,3,5,6,8,11,13
HPT2_ROOT=2,3,5,6,8,11,14
HPT2_ROOT=2,3,5,6,8,12,13
HPT2_ROOT=2,3,5,6,8,12,14
HPT2_ROOT=2,3,5,6,8,13,14
HPT2_ROOT=2,3,5,6,9,10,11
HPT2_ROOT=2,3,5,6,9,10,12
HPT2_ROOT=2,3,5,6,9,10,13
HPT2_ROOT=2,3,5,6,9,10,14
HPT2_ROOT=2,3,5,6,9,11,12
HPT2_ROOT=2,3,5,6,9,11,13
HPT2_ROOT=2,3,5,6,9,11,14
HPT2_ROOT=2,3,5,6,9,12,13
HPT2_ROOT=2,3,5,6,9,12,14
HPT2_ROOT=2,3,5,6,9,13,14
HPT2_ROOT=2,3,5,6,10,11,12
HPT2_ROOT=2,3,5,6,10,11,13
HPT2_ROOT=2,3,5,6,10,11,14
HPT2_ROOT=2,3,5,6,10,12,13
HPT2_ROOT=2,3,5,6,10,12,14
HPT2_ROOT=2,3,5,6,10,13,14
HPT2_ROOT=2,3,5,6,11,12,13
HPT2_ROOT=2,3,5,6,11,12,14
HPT2_ROOT=2,3,5,6,11,13,14
HPT2_ROOT=2,3,5,6,12,13,14
HPT2_ROOT=2,3,5,7,8,9,10
HPT2_ROOT=2,3,5,7,8,9,11
HPT2_ROOT=2,3,5,7,8,9,12
HPT2_ROOT=2,3,5,7,8,9,13
HPT2_ROOT=2,3,5,7,8,9,14
HPT2_ROOT=2,3,5,7,8,10,11
HPT2_ROOT=2,3,5,7,8,10,12
HPT2_ROOT=2,3,5,7,8,10,13
HPT2_ROOT=2,3,5,7,8,10,14
HPT2_ROOT=2,3,5,7,8,11,12
HPT2_ROOT=2,3,5,7,8,11,13
HPT2_ROOT=2,3,5,7,8,11,14
HPT2_ROOT=2,3,5,7,8,12,13
HPT2_ROOT=2,3,5,7,8,12,14
HPT2_ROOT=2,3,5,7,8,13,14
HPT2_ROOT=2,3,5,7,9,10,11
HPT2_ROOT=2,3,5,7,9,10,12
HPT2_ROOT=2,3,5,7,9,10,13
HPT2_ROOT=2,3,5,7,9,10,14
HPT2_ROOT=2,3,5,7,9,11,12
HPT2_ROOT=2,3,5,7,9,11,13
HPT2_ROOT=2,3,5,7,9,11,14
HPT2_ROOT=2,3,5,7,9,12,13
HPT2_ROOT=2,3,5,7,9,12,14
HPT2_ROOT=2,3,5,7,9,13,14
HPT2_ROOT=2,3,5,7,10,11,12
HPT2_ROOT=2,3,5,7,10,11,13
HPT2_ROOT=2,3,5,7,10,11,14
HPT2_ROOT=2,3,5,7,10,12,13
HPT2_ROOT=2,3,5,7,10,12,14
HPT2_ROOT=2,3,5,7,10,13,14
HPT2_ROOT=2,3,5,7,11,12,13
HPT2_ROOT=2,3,5,7,11,12,14
HPT2_ROOT=2,3,5,7,11,13,14
HPT2_ROOT=2,3,5,7,12,13,14
HPT2_ROOT=2,3,5,8,9,10,11
HPT2_ROOT=2,3,5,8,9,10,12
HPT2_ROOT=2,3,5,8,9,10,13
HPT2_ROOT=2,3,5,8,9,10,14
HPT2_ROOT=2,3,5,8,9,11,12
HPT2_ROOT=2,3,5,8,9,11,13
HPT2_ROOT=2,3,5,8,9,11,14
HPT2_ROOT=2,3,5,8,9,12,13
HPT2_ROOT=2,3,5,8,9,12,14
HPT2_ROOT=2,3,5,8,9,13,14
HPT2_ROOT=2,3,5,8,10,11,12
HPT2_ROOT=2,3,5,8,10,11,13
HPT2_ROOT=2,3,5,8,10,11,14
HPT2_ROOT=2,3,5,8,10,12,13
HPT2_ROOT=2,3,5,8,10,12,14
HPT2_ROOT=2,3,5,8,10,13,14
HPT2_ROOT=2,3,5,8,11,12,13
HPT2_ROOT=2,3,5,8,11,12,14
HPT2_ROOT=2,3,5,8,11,13,14
HPT2_ROOT=2,3,5,8,12,13,14
HPT2_ROOT=2,3,5,9,10,11,12
HPT2_ROOT=2,3,5,9,10,11,13
HPT2_ROOT=2,3,5,9,10,11,14
HPT2_ROOT=2,3,5,9,10,12,13
HPT2_ROOT=2,3,5,9,10,12,14
HPT2_ROOT=2,3,5,9,10,13,14
HPT2_ROOT=2,3,5,9,11,12,13
HPT2_ROOT=2,3,5,9,11,12,14
HPT2_ROOT=2,3,5,9,11,13,14
HPT2_ROOT=2,3,5,9,12,13,14
HPT2_ROOT=2,3,5,10,11,12,13
HPT2_ROOT=2,3,5,10,11,12,14
HPT2_ROOT=2,3,5,10,11,13,14
HPT2_ROOT=2,3,5,10,12,13,14
HPT2_ROOT=2,3,5,11,12,13,14
HPT2_ROOT=2,3,6,7,8,9,10
HPT2_ROOT=2,3,6,7,8,9,11
HPT2_ROOT=2,3,6,7,8,9,12
HPT2_ROOT=2,3,6,7,8,9,13
HPT2_ROOT=2,3,6,7,8,9,14
HPT2_ROOT=2,3,6,7,8,10,11
HPT2_ROOT=2,3,6,7,8,10,12
HPT2_ROOT=2,3,6,7,8,10,13
HPT2_ROOT=2,3,6,7,8,10,14
HPT2_ROOT=2,3,6,7,8,11,12
HPT2_ROOT=2,3,6,7,8,11,13
HPT2_ROOT=2,3,6,7,8,11,14
HPT2_ROOT=2,3,6,7,8,12,13
HPT2_ROOT=2,3,6,7,8,12,14
HPT2_ROOT=2,3,6,7,8,13,14
HPT2_ROOT=2,3,6,7,9,10,11
HPT2_ROOT=2,3,6,7,9,10,12
HPT2_ROOT=2,3,6,7,9,10,13
HPT2_ROOT=2,3,6,7,9,10,14
HPT2_ROOT=2,3,6,7,9,11,12
HPT2_ROOT=2,3,6,7,9,11,13
HPT2_ROOT=2,3,6,7,9,11,14
HPT2_ROOT=2,3,6,7,9,12,13
HPT2_ROOT=2,3,6,7,9,12,14
HPT2_ROOT=2,3,6,7,9,13,14
HPT2_ROOT=2,3,6,7,10,11,12
HPT2_ROOT=2,3,6,7,10,11,13
HPT2_ROOT=2,3,6,7,10,11,14
HPT2_ROOT=2,3,6,7,10,12,13
HPT2_ROOT=2,3,6,7,10,12,14
HPT2_ROOT=2,3,6,7,10,13,14
HPT2_ROOT=2,3,6,7,11,12,13
HPT2_ROOT=2,3,6,7,11,12,14
HPT2_ROOT=2,3,6,7,11,13,14
HPT2_ROOT=2,3,6,7,12,13,14
HPT2_ROOT=2,3,6,8,9,10,11
HPT2_ROOT=2,3,6,8,9,10,12
HPT2_ROOT=2,3,6,8,9,10,13
HPT2_ROOT=2,3,6,8,9,10,14
HPT2_ROOT=2,3,6,8,9,11,12
HPT2_ROOT=2,3,6,8,9,11,13
HPT2_ROOT=2,3,6,8,9,11,14
HPT2_ROOT=2,3,6,8,9,12,13
HPT2_ROOT=2,3,6,8,9,12,14
HPT2_ROOT=2,3,6,8,9,13,14
HPT2_ROOT=2,3,6,8,10,11,12
HPT2_ROOT=2,3,6,8,10,11,13
HPT2_ROOT=2,3,6,8,10,11,14
HPT2_ROOT=2,3,6,8,10,12,13
HPT2_ROOT=2,3,6,8,10,12,14
HPT2_ROOT=2,3,6,8,10,13,14
HPT2_ROOT=2,3,6,8,11,12,13
HPT2_ROOT=2,3,6,8,11,12,14
HPT2_ROOT=2,3,6,8,11,13,14
HPT2_ROOT=2,3,6,8,12,13,14
HPT2_ROOT=2,3,6,9,10,11,12
HPT2_ROOT=2,3,6,9,10,11,13
HPT2_ROOT=2,3,6,9,10,11,14
HPT2_ROOT=2,3,6,9,10,12,13
HPT2_ROOT=2,3,6,9,10,12,14
HPT2_ROOT=2,3,6,9,10,13,14
HPT2_ROOT=2,3,6,9,11,12,13
HPT2_ROOT=2,3,6,9,11,12,14
HPT2_ROOT=2,3,6,9,11,13,14
HPT2_ROOT=2,3,6,9,12,13,14
HPT2_ROOT=2,3,6,10,11,12,13
HPT2_ROOT=2,3,6,10,11,12,14
HPT2_ROOT=2,3,6,10,11,13,14
HPT2_ROOT=2,3,6,10,12,13,14
HPT2_ROOT=2,3,6,11,12,13,14
HPT2_ROOT=2,3,7,8,9,10,11
HPT2_ROOT=2,3,7,8,9,10,12
HPT2_ROOT=2,3,7,8,9,10,13
HPT2_ROOT=2,3,7,8,9,10,14
HPT2_ROOT=2,3,7,8,9,11,12
HPT2_ROOT=2,3,7,8,9,11,13
HPT2_ROOT=2,3,7,8,9,11,14
HPT2_ROOT=2,3,7,8,9,12,13
HPT2_ROOT=2,3,7,8,9,12,14
HPT2_ROOT=2,3,7,8,9,13,14
HPT2_ROOT=2,3,7,8,10,11,12
HPT2_ROOT=2,3,7,8,10,11,13
HPT2_ROOT=2,3,7,8,10,11,14
HPT2_ROOT=2,3,7,8,10,12,13
HPT2_ROOT=2,3,7,8,10,12,14
HPT2_ROOT=2,3,7,8,10,13,14
HPT2_ROOT=2,3,7,8,11,12,13
HPT2_ROOT=2,3,7,8,11,12,14
HPT2_ROOT=2,3,7,8,11,13,14
HPT2_ROOT=2,3,7,8,12,13,14
HPT2_ROOT=2,3,7,9,10,11,12
HPT2_ROOT=2,3,7,9,10,11,13
HPT2_ROOT=2,3,7,9,10,11,14
HPT2_ROOT=2,3,7,9,10,12,13
HPT2_ROOT=2,3,7,9,10,12,14
HPT2_ROOT=2,3,7,9,10,13,14
HPT2_ROOT=2,3,7,9,11,12,13
HPT2_ROOT=2,3,7,9,11,12,14
HPT2_ROOT=2,3,7,9,11,13,14
HPT2_ROOT=2,3,7,9,12,13,14
HPT2_ROOT=2,3,7,10,11,12,13
HPT2_ROOT=2,3,7,10,11,12,14
HPT2_ROOT=2,3,7,10,11,13,14
HPT2_ROOT=2,3,7,10,12,13,14
HPT2_ROOT=2,3,7,11,12,13,14
HPT2_ROOT=2,3,8,9,10,11,12
HPT2_ROOT=2,3,8,9,10,11,13
HPT2_ROOT=2,3,8,9,10,11,14
HPT2_ROOT=2,3,8,9,10,12,13
HPT2_ROOT=2,3,8,9,10,12,14
HPT2_ROOT=2,3,8,9,10,13,14
HPT2_ROOT=2,3,8,9,11,12,13
HPT2_ROOT=2,3,8,9,11,12,14
HPT2_ROOT=2,3,8,9,11,13,14
HPT2_ROOT=2,3,8,9,12,13,14
HPT2_ROOT=2,3,8,10,11,12,13
HPT2_ROOT=2,3,8,10,11,12,14
HPT2_ROOT=2,3,8,10,11,13,14
HPT2_ROOT=2,3,8,10,12,13,14
HPT2_ROOT=2,3,8,11,12,13,14
HPT2_ROOT=2,3,9,10,11,12,13
HPT2_ROOT=2,3,9,10,11,12,14
HPT2_ROOT=2,3,9,10,11,13,14
HPT2_ROOT=2,3,9,10,12,13,14
HPT2_ROOT=2,3,9,11,12,13,14
HPT2_ROOT=2,3,10,11,12,13,14
HPT2_ROOT=2,4,5,6,7,8,9
HPT2_ROOT=2,4,5,6,7,8,10
HPT2_ROOT=2,4,5,6,7,8,11
HPT2_ROOT=2,4,5,6,7,8,12
HPT2_ROOT=2,4,5,6,7,8,13
HPT2_ROOT=2,4,5,6,7,8,14
HPT2_ROOT=2,4,5,6,7,9,10
HPT2_ROOT=2,4,5,6,7,9,11
HPT2_ROOT=2,4,5,6,7,9,12
HPT2_ROOT=2,4,5,6,7,9,13
HPT2_ROOT=2,4,5,6,7,9,14
HPT2_ROOT=2,4,5,6,7,10,11
HPT2_ROOT=2,4,5,6,7,10,12
HPT2_ROOT=2,4,5,6,7,10,13
HPT2_ROOT=2,4,5,6,7,10,14
HPT2_ROOT=2,4,5,6,7,11,12
HPT2_ROOT=2,4,5,6,7,11,13
HPT2_ROOT=2,4,5,6,7,11,14
HPT2_ROOT=2,4,5,6,7,12,13
HPT2_ROOT=2,4,5,6,7,12,14
HPT2_ROOT=2,4,5,6,7,13,14
HPT2_ROOT=2,4,5,6,8,9,10
HPT2_ROOT=2,4,5,6,8,9,11
HPT2_ROOT=2,4,5,6,8,9,12
HPT2_ROOT=2,4,5,6,8,9,13
HPT2_ROOT=2,4,5,6,8,9,14
HPT2_ROOT=2,4,5,6,8,10,11
HPT2_ROOT=2,4,5,6,8,10,12
HPT2_ROOT=2,4,5,6,8,10,13
HPT2_ROOT=2,4,5,6,8,10,14
HPT2_ROOT=2,4,5,6,8,11,12
HPT2_ROOT=2,4,5,6,8,11,13
HPT2_ROOT=2,4,5,6,8,11,14
HPT2_ROOT=2,4,5,6,8,12,13
HPT2_ROOT=2,4,5,6,8,12,14
HPT2_ROOT=2,4,5,6,8,13,14
HPT2_ROOT=2,4,5,6,9,10,11
HPT2_ROOT=2,4,5,6,9,10,12
HPT2_ROOT=2,4,5,6,9,10,13
HPT2_ROOT=2,4,5,6,9,10,14
HPT2_ROOT=2,4,5,6,9,11,12
HPT2_ROOT=2,4,5,6,9,11,13
HPT2_ROOT=2,4,5,6,9,11,14
HPT2_ROOT=2,4,5,6,9,12,13
HPT2_ROOT=2,4,5,6,9,12,14
HPT2_ROOT=2,4,5,6,9,13,14
HPT2_ROOT=2,4,5,6,10,11,12
HPT2_ROOT=2,4,5,6,10,11,13
HPT2_ROOT=2,4,5,6,10,11,14
HPT2_ROOT=2,4,5,6,10,12,13
HPT2_ROOT=2,4,5,6,10,12,14
HPT2_ROOT=2,4,5,6,10,13,14
HPT2_ROOT=2,4,5,6,11,12,13
HPT2_ROOT=2,4,5,6,11,12,14
HPT2_ROOT=2,4,5,6,11,13,14
HPT2_ROOT=2,4,5,6,12,13,14
HPT2_ROOT=2,4,5,7,8,9,10
HPT2_ROOT=2,4,5,7,8,9,11
HPT2_ROOT=2,4,5,7,8,9,12
HPT2_ROOT=2,4,5,7,8,9,13
HPT2_ROOT=2,4,5,7,8,9,14
HPT2_ROOT=2,4,5,7,8,10,11
HPT2_ROOT=2,4,5,7,8,10,12
HPT2_ROOT=2,4,5,7,8,10,13
HPT2_ROOT=2,4,5,7,8,10,14
HPT2_ROOT=2,4,5,7,8,11,12
HPT2_ROOT=2,4,5,7,8,11,13
HPT2_ROOT=2,4,5,7,8,11,14
HPT2_ROOT=2,4,5,7,8,12,13
HPT2_ROOT=2,4,5,7,8,12,14
HPT2_ROOT=2,4,5,7,8,13,14
HPT2_ROOT=2,4,5,7,9,10,11
HPT2_ROOT=2,4,5,7,9,10,12
HPT2_ROOT=2,4,5,7,9,10,13
HPT2_ROOT=2,4,5,7,9,10,14
HPT2_ROOT=2,4,5,7,9,11,12
HPT2_ROOT=2,4,5,7,9,11,13
HPT2_ROOT=2,4,5,7,9,11,14
HPT2_ROOT=2,4,5,7,9,12,13
HPT2_ROOT=2,4,5,7,9,12,14
HPT2_ROOT=2,4,5,7,9,13,14
HPT2_ROOT=2,4,5,7,10,11,12
HPT2_ROOT=2,4,5,7,10,11,13
HPT2_ROOT=2,4,5,7,10,11,14
HPT2_ROOT=2,4,5,7,10,12,13
HPT2_ROOT=2,4,5,7,10,12,14
HPT2_ROOT=2,4,5,7,10,13,14
HPT2_ROOT=2,4,5,7,11,12,13
HPT2_ROOT=2,4,5,7,11,12,14
HPT2_ROOT=2,4,5,7,11,13,14
HPT2_ROOT=2,4,5,7,12,13,14
HPT2_ROOT=2,4,5,8,9,10,11
HPT2_ROOT=2,4,5,8,9,10,12
HPT2_ROOT=2,4,5,8,9,10,13
HPT2_ROOT=2,4,5,8,9,10,14
HPT2_ROOT=2,4,5,8,9,11,12
HPT2_ROOT=2,4,5,8,9,11,13
HPT2_ROOT=2,4,5,8,9,11,14
HPT2_ROOT=2,4,5,8,9,12,13
HPT2_ROOT=2,4,5,8,9,12,14
HPT2_ROOT=2,4,5,8,9,13,14
HPT2_ROOT=2,4,5,8,10,11,12
HPT2_ROOT=2,4,5,8,10,11,13
HPT2_ROOT=2,4,5,8,10,11,14
HPT2_ROOT=2,4,5,8,10,12,13
HPT2_ROOT=2,4,5,8,10,12,14
HPT2_ROOT=2,4,5,8,10,13,14
HPT2_ROOT=2,4,5,8,11,12,13
HPT2_ROOT=2,4,5,8,11,12,14
HPT2_ROOT=2,4,5,8,11,13,14
HPT2_ROOT=2,4,5,8,12,13,14
HPT2_ROOT=2,4,5,9,10,11,12
HPT2_ROOT=2,4,5,9,10,11,13
HPT2_ROOT=2,4,5,9,10,11,14
HPT2_ROOT=2,4,5,9,10,12,13
HPT2_ROOT=2,4,5,9,10,12,14
HPT2_ROOT=2,4,5,9,10,13,14
HPT2_ROOT=2,4,5,9,11,12,13
HPT2_ROOT=2,4,5,9,11,12,14
HPT2_ROOT=2,4,5,9,11,13,14
HPT2_ROOT=2,4,5,9,12,13,14
HPT2_ROOT=2,4,5,10,11,12,13
HPT2_ROOT=2,4,5,10,11,12,14
HPT2_ROOT=2,4,5,10,11,13,14
HPT2_ROOT=2,4,5,10,12,13,14
HPT2_ROOT=2,4,5,11,12,13,14
HPT2_ROOT=2,4,6,7,8,9,10
HPT2_ROOT=2,4,6,7,8,9,11
HPT2_ROOT=2,4,6,7,8,9,12
HPT2_ROOT=2,4,6,7,8,9,13
HPT2_ROOT=2,4,6,7,8,9,14
HPT2_ROOT=2,4,6,7,8,10,11
HPT2_ROOT=2,4,6,7,8,10,12
HPT2_ROOT=2,4,6,7,8,10,13
HPT2_ROOT=2,4,6,7,8,10,14
HPT2_ROOT=2,4,6,7,8,11,12
HPT2_ROOT=2,4,6,7,8,11,13
HPT2_ROOT=2,4,6,7,8,11,14
HPT2_ROOT=2,4,6,7,8,12,13
HPT2_ROOT=2,4,6,7,8,12,14
HPT2_ROOT=2,4,6,7,8,13,14
HPT2_ROOT=2,4,6,7,9,10,11
HPT2_ROOT=2,4,6,7,9,10,12
HPT2_ROOT=2,4,6,7,9,10,13
HPT2_ROOT=2,4,6,7,9,10,14
HPT2_ROOT=2,4,6,7,9,11,12
HPT2_ROOT=2,4,6,7,9,11,13
HPT2_ROOT=2,4,6,7,9,11,14
HPT2_ROOT=2,4,6,7,9,12,13
HPT2_ROOT=2,4,6,7,9,12,14
HPT2_ROOT=2,4,6,7,9,13,14
HPT2_ROOT=2,4,6,7,10,11,12
HPT2_ROOT=2,4,6,7,10,11,13
HPT2_ROOT=2,4,6,7,10,11,14
HPT2_ROOT=2,4,6,7,10,12,13
HPT2_ROOT=2,4,6,7,10,12,14
HPT2_ROOT=2,4,6,7,10,13,14
HPT2_ROOT=2,4,6,7,11,12,13
HPT2_ROOT=2,4,6,7,11,12,14
HPT2_ROOT=2,4,6,7,11,13,14
HPT2_ROOT=2,4,6,7,12,13,14
HPT2_ROOT=2,4,6,8,9,10,11
HPT2_ROOT=2,4,6,8,9,10,12
HPT2_ROOT=2,4,6,8,9,10,13
HPT2_ROOT=2,4,6,8,9,10,14
HPT2_ROOT=2,4,6,8,9,11,12
HPT2_ROOT=2,4,6,8,9,11,13
HPT2_ROOT=2,4,6,8,9,11,14
HPT2_ROOT=2,4,6,8,9,12,13
HPT2_ROOT=2,4,6,8,9,12,14
HPT2_ROOT=2,4,6,8,9,13,14
HPT2_ROOT=2,4,6,8,10,11,12
HPT2_ROOT=2,4,6,8,10,11,13
HPT2_ROOT=2,4,6,8,10,11,14
HPT2_ROOT=2,4,6,8,10,12,13
HPT2_ROOT=2,4,6,8,10,13,14
HPT2_ROOT=2,4,6,8,11,12,13
HPT2_ROOT=2,4,6,8,11,12,14
HPT2_ROOT=2,4,6,8,11,13,14
HPT2_ROOT=2,4,6,8,12,13,14
HPT2_ROOT=2,4,6,9,10,11,12
HPT2_ROOT=2,4,6,9,10,11,13
HPT2_ROOT=2,4,6,9,10,11,14
HPT2_ROOT=2,4,6,9,10,12,13
HPT2_ROOT=2,4,6,9,10,12,14
HPT2_ROOT=2,4,6,9,10,13,14
HPT2_ROOT=2,4,6,9,11,12,13
HPT2_ROOT=2,4,6,9,11,12,14
HPT2_ROOT=2,4,6,9,11,13,14
HPT2_ROOT=2,4,6,9,12,13,14
HPT2_ROOT=2,4,6,10,11,12,13
HPT2_ROOT=2,4,6,10,11,12,14
HPT2_ROOT=2,4,6,10,11,13,14
HPT2_ROOT=2,4,6,10,12,13,14
HPT2_ROOT=2,4,6,11,12,13,14
HPT2_ROOT=2,4,7,8,9,10,11
HPT2_ROOT=2,4,7,8,9,10,12
HPT2_ROOT=2,4,7,8,9,10,13
HPT2_ROOT=2,4,7,8,9,10,14
HPT2_ROOT=2,4,7,8,9,11,12
HPT2_ROOT=2,4,7,8,9,11,13
HPT2_ROOT=2,4,7,8,9,11,14
HPT2_ROOT=2,4,7,8,9,12,13
HPT2_ROOT=2,4,7,8,9,12,14
HPT2_ROOT=2,4,7,8,9,13,14
HPT2_ROOT=2,4,7,8,10,11,12
HPT2_ROOT=2,4,7,8,10,11,13
HPT2_ROOT=2,4,7,8,10,11,14
HPT2_ROOT=2,4,7,8,10,12,13
HPT2_ROOT=2,4,7,8,10,12,14
HPT2_ROOT=2,4,7,8,10,13,14
HPT2_ROOT=2,4,7,8,11,12,13
HPT2_ROOT=2,4,7,8,11,12,14
HPT2_ROOT=2,4,7,8,11,13,14
HPT2_ROOT=2,4,7,8,12,13,14
HPT2_ROOT=2,4,7,9,10,11,12
HPT2_ROOT=2,4,7,9,10,11,13
HPT2_ROOT=2,4,7,9,10,11,14
HPT2_ROOT=2,4,7,9,10,12,13
HPT2_ROOT=2,4,7,9,10,12,14
HPT2_ROOT=2,4,7,9,10,13,14
HPT2_ROOT=2,4,7,9,11,12,13
HPT2_ROOT=2,4,7,9,11,12,14
HPT2_ROOT=2,4,7,9,11,13,14
HPT2_ROOT=2,4,7,9,12,13,14
HPT2_ROOT=2,4,7,10,11,12,13
HPT2_ROOT=2,4,7,10,11,12,14
HPT2_ROOT=2,4,7,10,11,13,14
HPT2_ROOT=2,4,7,10,12,13,14
HPT2_ROOT=2,4,7,11,12,13,14
HPT2_ROOT=2,4,8,9,10,11,12
HPT2_ROOT=2,4,8,9,10,11,13
HPT2_ROOT=2,4,8,9,10,11,14
HPT2_ROOT=2,4,8,9,10,12,13
HPT2_ROOT=2,4,8,9,10,12,14
HPT2_ROOT=2,4,8,9,10,13,14
HPT2_ROOT=2,4,8,9,11,12,13
HPT2_ROOT=2,4,8,9,11,12,14
HPT2_ROOT=2,4,8,9,11,13,14
HPT2_ROOT=2,4,8,9,12,13,14
HPT2_ROOT=2,4,8,10,11,12,13
HPT2_ROOT=2,4,8,10,11,12,14
HPT2_ROOT=2,4,8,10,11,13,14
HPT2_ROOT=2,4,8,10,12,13,14
HPT2_ROOT=2,4,8,11,12,13,14
HPT2_ROOT=2,4,9,10,11,12,13
HPT2_ROOT=2,4,9,10,11,12,14
HPT2_ROOT=2,4,9,10,11,13,14
HPT2_ROOT=2,4,9,10,12,13,14
HPT2_ROOT=2,4,9,11,12,13,14
HPT2_ROOT=2,4,10,11,12,13,14
HPT2_ROOT=2,5,6,7,8,9,10
HPT2_ROOT=2,5,6,7,8,9,11
HPT2_ROOT=2,5,6,7,8,9,12
HPT2_ROOT=2,5,6,7,8,9,13
HPT2_ROOT=2,5,6,7,8,9,14
HPT2_ROOT=2,5,6,7,8,10,11
HPT2_ROOT=2,5,6,7,8,10,12
HPT2_ROOT=2,5,6,7,8,10,13
HPT2_ROOT=2,5,6,7,8,10,14
HPT2_ROOT=2,5,6,7,8,11,12
HPT2_ROOT=2,5,6,7,8,11,13
HPT2_ROOT=2,5,6,7,8,11,14
HPT2_ROOT=2,5,6,7,8,12,13
HPT2_ROOT=2,5,6,7,8,12,14
HPT2_ROOT=2,5,6,7,8,13,14
HPT2_ROOT=2,5,6,7,9,10,11
HPT2_ROOT=2,5,6,7,9,10,12
HPT2_ROOT=2,5,6,7,9,10,13
HPT2_ROOT=2,5,6,7,9,10,14
HPT2_ROOT=2,5,6,7,9,11,12
HPT2_ROOT=2,5,6,7,9,11,13
HPT2_ROOT=2,5,6,7,9,11,14
HPT2_ROOT=2,5,6,7,9,12,13
HPT2_ROOT=2,5,6,7,9,12,14
HPT2_ROOT=2,5,6,7,9,13,14
HPT2_ROOT=2,5,6,7,10,11,12
HPT2_ROOT=2,5,6,7,10,11,13
HPT2_ROOT=2,5,6,7,10,11,14
HPT2_ROOT=2,5,6,7,10,12,13
HPT2_ROOT=2,5,6,7,10,12,14
HPT2_ROOT=2,5,6,7,10,13,14
HPT2_ROOT=2,5,6,7,11,12,13
HPT2_ROOT=2,5,6,7,11,12,14
HPT2_ROOT=2,5,6,7,11,13,14
HPT2_ROOT=2,5,6,7,12,13,14
HPT2_ROOT=2,5,6,8,9,10,11
HPT2_ROOT=2,5,6,8,9,10,12
HPT2_ROOT=2,5,6,8,9,10,13
HPT2_ROOT=2,5,6,8,9,10,14
HPT2_ROOT=2,5,6,8,9,11,12
HPT2_ROOT=2,5,6,8,9,11,13
HPT2_ROOT=2,5,6,8,9,11,14
HPT2_ROOT=2,5,6,8,9,12,13
HPT2_ROOT=2,5,6,8,9,12,14
HPT2_ROOT=2,5,6,8,9,13,14
HPT2_ROOT=2,5,6,8,10,11,12
HPT2_ROOT=2,5,6,8,10,11,13
HPT2_ROOT=2,5,6,8,10,11,14
HPT2_ROOT=2,5,6,8,10,12,13
HPT2_ROOT=2,5,6,8,10,12,14
HPT2_ROOT=2,5,6,8,10,13,14
HPT2_ROOT=2,5,6,8,11,12,13
HPT2_ROOT=2,5,6,8,11,12,14
HPT2_ROOT=2,5,6,8,11,13,14
HPT2_ROOT=2,5,6,8,12,13,14
HPT2_ROOT=2,5,6,9,10,11,12
HPT2_ROOT=2,5,6,9,10,11,13
HPT2_ROOT=2,5,6,9,10,11,14
HPT2_ROOT=2,5,6,9,10,12,13
HPT2_ROOT=2,5,6,9,10,12,14
HPT2_ROOT=2,5,6,9,10,13,14
HPT2_ROOT=2,5,6,9,11,12,13
HPT2_ROOT=2,5,6,9,11,12,14
HPT2_ROOT=2,5,6,9,11,13,14
HPT2_ROOT=2,5,6,9,12,13,14
HPT2_ROOT=2,5,6,10,11,12,13
HPT2_ROOT=2,5,6,10,11,12,14
HPT2_ROOT=2,5,6,10,11,13,14
HPT2_ROOT=2,5,6,10,12,13,14
HPT2_ROOT=2,5,6,11,12,13,14
HPT2_ROOT=2,5,7,8,9,10,11
HPT2_ROOT=2,5,7,8,9,10,12
HPT2_ROOT=2,5,7,8,9,10,13
HPT2_ROOT=2,5,7,8,9,10,14
HPT2_ROOT=2,5,7,8,9,11,12
HPT2_ROOT=2,5,7,8,9,11,13
HPT2_ROOT=2,5,7,8,9,11,14
HPT2_ROOT=2,5,7,8,9,12,13
HPT2_ROOT=2,5,7,8,9,12,14
HPT2_ROOT=2,5,7,8,9,13,14
HPT2_ROOT=2,5,7,8,10,11,12
HPT2_ROOT=2,5,7,8,10,11,13
HPT2_ROOT=2,5,7,8,10,11,14
HPT2_ROOT=2,5,7,8,10,12,13
HPT2_ROOT=2,5,7,8,10,12,14
HPT2_ROOT=2,5,7,8,10,13,14
HPT2_ROOT=2,5,7,8,11,12,13
HPT2_ROOT=2,5,7,8,11,12,14
HPT2_ROOT=2,5,7,8,11,13,14
HPT2_ROOT=2,5,7,8,12,13,14
HPT2_ROOT=2,5,7,9,10,11,12
HPT2_ROOT=2,5,7,9,10,11,13
HPT2_ROOT=2,5,7,9,10,11,14
HPT2_ROOT=2,5,7,9,10,12,13
HPT2_ROOT=2,5,7,9,10,12,14
HPT2_ROOT=2,5,7,9,10,13,14
HPT2_ROOT=2,5,7,9,11,12,13
HPT2_ROOT=2,5,7,9,11,12,14
HPT2_ROOT=2,5,7,9,11,13,14
HPT2_ROOT=2,5,7,9,12,13,14
HPT2_ROOT=2,5,7,10,11,12,13
HPT2_ROOT=2,5,7,10,11,12,14
HPT2_ROOT=2,5,7,10,11,13,14
HPT2_ROOT=2,5,7,10,12,13,14
HPT2_ROOT=2,5,7,11,12,13,14
HPT2_ROOT=2,5,8,9,10,11,12
HPT2_ROOT=2,5,8,9,10,11,13
HPT2_ROOT=2,5,8,9,10,11,14
HPT2_ROOT=2,5,8,9,10,12,13
HPT2_ROOT=2,5,8,9,10,12,14
HPT2_ROOT=2,5,8,9,10,13,14
HPT2_ROOT=2,5,8,9,11,12,13
HPT2_ROOT=2,5,8,9,11,12,14
HPT2_ROOT=2,5,8,9,11,13,14
HPT2_ROOT=2,5,8,9,12,13,14
HPT2_ROOT=2,5,8,10,11,12,13
HPT2_ROOT=2,5,8,10,11,12,14
HPT2_ROOT=2,5,8,10,11,13,14
HPT2_ROOT=2,5,8,10,12,13,14
HPT2_ROOT=2,5,8,11,12,13,14
HPT2_ROOT=2,5,9,10,11,12,13
HPT2_ROOT=2,5,9,10,11,12,14
HPT2_ROOT=2,5,9,10,11,13,14
HPT2_ROOT=2,5,9,10,12,13,14
HPT2_ROOT=2,5,9,11,12,13,14
HPT2_ROOT=2,5,10,11,12,13,14
HPT2_ROOT=2,6,7,8,9,10,11
HPT2_ROOT=2,6,7,8,9,10,12
HPT2_ROOT=2,6,7,8,9,10,13
HPT2_ROOT=2,6,7,8,9,10,14
HPT2_ROOT=2,6,7,8,9,11,12
HPT2_ROOT=2,6,7,8,9,11,13
HPT2_ROOT=2,6,7,8,9,11,14
HPT2_ROOT=2,6,7,8,9,12,13
HPT2_ROOT=2,6,7,8,9,12,14
HPT2_ROOT=2,6,7,8,9,13,14
HPT2_ROOT=2,6,7,8,10,11,12
HPT2_ROOT=2,6,7,8,10,11,13
HPT2_ROOT=2,6,7,8,10,11,14
HPT2_ROOT=2,6,7,8,10,12,13
HPT2_ROOT=2,6,7,8,10,12,14
HPT2_ROOT=2,6,7,8,10,13,14
HPT2_ROOT=2,6,7,8,11,12,13
HPT2_ROOT=2,6,7,8,11,12,14
HPT2_ROOT=2,6,7,8,11,13,14
HPT2_ROOT=2,6,7,8,12,13,14
HPT2_ROOT=2,6,7,9,10,11,12
HPT2_ROOT=2,6,7,9,10,11,13
HPT2_ROOT=2,6,7,9,10,11,14
HPT2_ROOT=2,6,7,9,10,12,13
HPT2_ROOT=2,6,7,9,10,12,14
HPT2_ROOT=2,6,7,9,10,13,14
HPT2_ROOT=2,6,7,9,11,12,13
HPT2_ROOT=2,6,7,9,11,12,14
HPT2_ROOT=2,6,7,9,11,13,14
HPT2_ROOT=2,6,7,9,12,13,14
HPT2_ROOT=2,6,7,10,11,12,13
HPT2_ROOT=2,6,7,10,11,12,14
HPT2_ROOT=2,6,7,10,11,13,14
HPT2_ROOT=2,6,7,10,12,13,14
HPT2_ROOT=2,6,7,11,12,13,14
HPT2_ROOT=2,6,8,9,10,11,12
HPT2_ROOT=2,6,8,9,10,11,13
HPT2_ROOT=2,6,8,9,10,11,14
HPT2_ROOT=2,6,8,9,10,12,13
HPT2_ROOT=2,6,8,9,10,12,14
HPT2_ROOT=2,6,8,9,10,13,14
HPT2_ROOT=2,6,8,9,11,12,13
HPT2_ROOT=2,6,8,9,11,12,14
HPT2_ROOT=2,6,8,9,11,13,14
HPT2_ROOT=2,6,8,9,12,13,14
HPT2_ROOT=2,6,8,10,11,12,13
HPT2_ROOT=2,6,8,10,11,12,14
HPT2_ROOT=2,6,8,10,11,13,14
HPT2_ROOT=2,6,8,10,12,13,14
HPT2_ROOT=2,6,8,11,12,13,14
HPT2_ROOT=2,6,9,10,11,12,13
HPT2_ROOT=2,6,9,10,11,12,14
HPT2_ROOT=2,6,9,10,11,13,14
HPT2_ROOT=2,6,9,10,12,13,14
HPT2_ROOT=2,6,9,11,12,13,14
HPT2_ROOT=2,6,10,11,12,13,14
HPT2_ROOT=2,7,8,9,10,11,12
HPT2_ROOT=2,7,8,9,10,11,13
HPT2_ROOT=2,7,8,9,10,11,14
HPT2_ROOT=2,7,8,9,10,12,13
HPT2_ROOT=2,7,8,9,10,12,14
HPT2_ROOT=2,7,8,9,10,13,14
HPT2_ROOT=2,7,8,9,11,12,13
HPT2_ROOT=2,7,8,9,11,12,14
HPT2_ROOT=2,7,8,9,11,13,14
HPT2_ROOT=2,7,8,9,12,13,14
HPT2_ROOT=2,7,8,10,11,12,13
HPT2_ROOT=2,7,8,10,11,12,14
HPT2_ROOT=2,7,8,10,11,13,14
HPT2_ROOT=2,7,8,10,12,13,14
HPT2_ROOT=2,7,8,11,12,13,14
HPT2_ROOT=2,7,9,10,11,12,13
HPT2_ROOT=2,7,9,10,11,12,14
HPT2_ROOT=2,7,9,10,11,13,14
HPT2_ROOT=2,7,9,10,12,13,14
HPT2_ROOT=2,7,9,11,12,13,14
HPT2_ROOT=2,7,10,11,12,13,14
HPT2_ROOT=2,8,9,10,11,12,13
HPT2_ROOT=2,8,9,10,11,12,14
HPT2_ROOT=2,8,9,10,11,13,14
HPT2_ROOT=2,8,9,10,12,13,14
HPT2_ROOT=2,8,9,11,12,13,14
HPT2_ROOT=2,8,10,11,12,13,14
HPT2_ROOT=2,9,10,11,12,13,14
HPT2_ROOT=3,4,5,6,7,8,9
HPT2_ROOT=3,4,5,6,7,8,10
HPT2_ROOT=3,4,5,6,7,8,11
HPT2_ROOT=3,4,5,6,7,8,12
HPT2_ROOT=3,4,5,6,7,8,13
HPT2_ROOT=3,4,5,6,7,8,14
HPT2_ROOT=3,4,5,6,7,9,10
HPT2_ROOT=3,4,5,6,7,9,11
HPT2_ROOT=3,4,5,6,7,9,12
HPT2_ROOT=3,4,5,6,7,9,13
HPT2_ROOT=3,4,5,6,7,9,14
HPT2_ROOT=3,4,5,6,7,10,11
HPT2_ROOT=3,4,5,6,7,10,12
HPT2_ROOT=3,4,5,6,7,10,13
HPT2_ROOT=3,4,5,6,7,10,14
HPT2_ROOT=3,4,5,6,7,11,12
HPT2_ROOT=3,4,5,6,7,11,13
HPT2_ROOT=3,4,5,6,7,11,14
HPT2_ROOT=3,4,5,6,7,12,13
HPT2_ROOT=3,4,5,6,7,12,14
HPT2_ROOT=3,4,5,6,7,13,14
HPT2_ROOT=3,4,5,6,8,9,10
HPT2_ROOT=3,4,5,6,8,9,11
HPT2_ROOT=3,4,5,6,8,9,12
HPT2_ROOT=3,4,5,6,8,9,13
HPT2_ROOT=3,4,5,6,8,9,14
HPT2_ROOT=3,4,5,6,8,10,11
HPT2_ROOT=3,4,5,6,8,10,12
HPT2_ROOT=3,4,5,6,8,10,13
HPT2_ROOT=3,4,5,6,8,10,14
HPT2_ROOT=3,4,5,6,8,11,12
HPT2_ROOT=3,4,5,6,8,11,13
HPT2_ROOT=3,4,5,6,8,11,14
HPT2_ROOT=3,4,5,6,8,12,13
HPT2_ROOT=3,4,5,6,8,12,14
HPT2_ROOT=3,4,5,6,8,13,14
HPT2_ROOT=3,4,5,6,9,10,11
HPT2_ROOT=3,4,5,6,9,10,12
HPT2_ROOT=3,4,5,6,9,10,13
HPT2_ROOT=3,4,5,6,9,10,14
HPT2_ROOT=3,4,5,6,9,11,12
HPT2_ROOT=3,4,5,6,9,11,13
HPT2_ROOT=3,4,5,6,9,11,14
HPT2_ROOT=3,4,5,6,9,12,13
HPT2_ROOT=3,4,5,6,9,12,14
HPT2_ROOT=3,4,5,6,9,13,14
HPT2_ROOT=3,4,5,6,10,11,12
HPT2_ROOT=3,4,5,6,10,11,13
HPT2_ROOT=3,4,5,6,10,11,14
HPT2_ROOT=3,4,5,6,10,12,13
HPT2_ROOT=3,4,5,6,10,12,14
HPT2_ROOT=3,4,5,6,10,13,14
HPT2_ROOT=3,4,5,6,11,12,13
HPT2_ROOT=3,4,5,6,11,12,14
HPT2_ROOT=3,4,5,6,11,13,14
HPT2_ROOT=3,4,5,6,12,13,14
HPT2_ROOT=3,4,5,7,8,9,10
HPT2_ROOT=3,4,5,7,8,9,11
HPT2_ROOT=3,4,5,7,8,9,12
HPT2_ROOT=3,4,5,7,8,9,13
HPT2_ROOT=3,4,5,7,8,9,14
HPT2_ROOT=3,4,5,7,8,10,11
HPT2_ROOT=3,4,5,7,8,10,12
HPT2_ROOT=3,4,5,7,8,10,13
HPT2_ROOT=3,4,5,7,8,10,14
HPT2_ROOT=3,4,5,7,8,11,12
HPT2_ROOT=3,4,5,7,8,11,13
HPT2_ROOT=3,4,5,7,8,11,14
HPT2_ROOT=3,4,5,7,8,12,13
HPT2_ROOT=3,4,5,7,8,12,14
HPT2_ROOT=3,4,5,7,8,13,14
HPT2_ROOT=3,4,5,7,9,10,11
HPT2_ROOT=3,4,5,7,9,10,12
HPT2_ROOT=3,4,5,7,9,10,13
HPT2_ROOT=3,4,5,7,9,10,14
HPT2_ROOT=3,4,5,7,9,11,12
HPT2_ROOT=3,4,5,7,9,11,13
HPT2_ROOT=3,4,5,7,9,11,14
HPT2_ROOT=3,4,5,7,9,12,13
HPT2_ROOT=3,4,5,7,9,12,14
HPT2_ROOT=3,4,5,7,9,13,14
HPT2_ROOT=3,4,5,7,10,11,12
HPT2_ROOT=3,4,5,7,10,11,13
HPT2_ROOT=3,4,5,7,10,11,14
HPT2_ROOT=3,4,5,7,10,12,13
HPT2_ROOT=3,4,5,7,10,12,14
HPT2_ROOT=3,4,5,7,10,13,14
HPT2_ROOT=3,4,5,7,11,12,13
HPT2_ROOT=3,4,5,7,11,12,14
HPT2_ROOT=3,4,5,7,11,13,14
HPT2_ROOT=3,4,5,7,12,13,14
HPT2_ROOT=3,4,5,8,9,10,11
HPT2_ROOT=3,4,5,8,9,10,12
HPT2_ROOT=3,4,5,8,9,10,13
HPT2_ROOT=3,4,5,8,9,10,14
HPT2_ROOT=3,4,5,8,9,11,12
HPT2_ROOT=3,4,5,8,9,11,13
HPT2_ROOT=3,4,5,8,9,11,14
HPT2_ROOT=3,4,5,8,9,12,13
HPT2_ROOT=3,4,5,8,9,12,14
HPT2_ROOT=3,4,5,8,9,13,14
HPT2_ROOT=3,4,5,8,10,11,12
HPT2_ROOT=3,4,5,8,10,11,13
HPT2_ROOT=3,4,5,8,10,11,14
HPT2_ROOT=3,4,5,8,10,12,13
HPT2_ROOT=3,4,5,8,10,12,14
HPT2_ROOT=3,4,5,8,10,13,14
HPT2_ROOT=3,4,5,8,11,12,13
HPT2_ROOT=3,4,5,8,11,12,14
HPT2_ROOT=3,4,5,8,11,13,14
HPT2_ROOT=3,4,5,8,12,13,14
HPT2_ROOT=3,4,5,9,10,11,12
HPT2_ROOT=3,4,5,9,10,11,13
HPT2_ROOT=3,4,5,9,10,11,14
HPT2_ROOT=3,4,5,9,10,12,13
HPT2_ROOT=3,4,5,9,10,12,14
HPT2_ROOT=3,4,5,9,10,13,14
HPT2_ROOT=3,4,5,9,11,12,13
HPT2_ROOT=3,4,5,9,11,12,14
HPT2_ROOT=3,4,5,9,11,13,14
HPT2_ROOT=3,4,5,9,12,13,14
HPT2_ROOT=3,4,5,10,11,12,13
HPT2_ROOT=3,4,5,10,11,12,14
HPT2_ROOT=3,4,5,10,11,13,14
HPT2_ROOT=3,4,5,10,12,13,14
HPT2_ROOT=3,4,5,11,12,13,14
HPT2_ROOT=3,4,6,7,8,9,10
HPT2_ROOT=3,4,6,7,8,9,11
HPT2_ROOT=3,4,6,7,8,9,12
HPT2_ROOT=3,4,6,7,8,9,13
HPT2_ROOT=3,4,6,7,8,9,14
HPT2_ROOT=3,4,6,7,8,10,11
HPT2_ROOT=3,4,6,7,8,10,12
HPT2_ROOT=3,4,6,7,8,10,13
HPT2_ROOT=3,4,6,7,8,10,14
HPT2_ROOT=3,4,6,7,8,11,12
HPT2_ROOT=3,4,6,7,8,11,13
HPT2_ROOT=3,4,6,7,8,11,14
HPT2_ROOT=3,4,6,7,8,12,13
HPT2_ROOT=3,4,6,7,8,12,14
HPT2_ROOT=3,4,6,7,8,13,14
HPT2_ROOT=3,4,6,7,9,10,11
HPT2_ROOT=3,4,6,7,9,10,12
HPT2_ROOT=3,4,6,7,9,10,13
HPT2_ROOT=3,4,6,7,9,10,14
HPT2_ROOT=3,4,6,7,9,11,12
HPT2_ROOT=3,4,6,7,9,11,13
HPT2_ROOT=3,4,6,7,9,11,14
HPT2_ROOT=3,4,6,7,9,12,13
HPT2_ROOT=3,4,6,7,9,12,14
HPT2_ROOT=3,4,6,7,9,13,14
HPT2_ROOT=3,4,6,7,10,11,12
HPT2_ROOT=3,4,6,7,10,11,13
HPT2_ROOT=3,4,6,7,10,11,14
HPT2_ROOT=3,4,6,7,10,12,13
HPT2_ROOT=3,4,6,7,10,12,14
HPT2_ROOT=3,4,6,7,10,13,14
HPT2_ROOT=3,4,6,7,11,12,13
HPT2_ROOT=3,4,6,7,11,12,14
HPT2_ROOT=3,4,6,7,11,13,14
HPT2_ROOT=3,4,6,7,12,13,14
HPT2_ROOT=3,4,6,8,9,10,11
HPT2_ROOT=3,4,6,8,9,10,12
HPT2_ROOT=3,4,6,8,9,10,13
HPT2_ROOT=3,4,6,8,9,10,14
HPT2_ROOT=3,4,6,8,9,11,12
HPT2_ROOT=3,4,6,8,9,11,13
HPT2_ROOT=3,4,6,8,9,11,14
HPT2_ROOT=3,4,6,8,9,12,13
HPT2_ROOT=3,4,6,8,9,12,14
HPT2_ROOT=3,4,6,8,9,13,14
HPT2_ROOT=3,4,6,8,10,11,12
HPT2_ROOT=3,4,6,8,10,11,13
HPT2_ROOT=3,4,6,8,10,11,14
HPT2_ROOT=3,4,6,8,10,12,13
HPT2_ROOT=3,4,6,8,10,12,14
HPT2_ROOT=3,4,6,8,10,13,14
HPT2_ROOT=3,4,6,8,11,12,13
HPT2_ROOT=3,4,6,8,11,12,14
HPT2_ROOT=3,4,6,8,11,13,14
HPT2_ROOT=3,4,6,8,12,13,14
HPT2_ROOT=3,4,6,9,10,11,12
HPT2_ROOT=3,4,6,9,10,11,13
HPT2_ROOT=3,4,6,9,10,11,14
HPT2_ROOT=3,4,6,9,10,12,13
HPT2_ROOT=3,4,6,9,10,12,14
HPT2_ROOT=3,4,6,9,10,13,14
HPT2_ROOT=3,4,6,9,11,12,13
HPT2_ROOT=3,4,6,9,11,12,14
HPT2_ROOT=3,4,6,9,11,13,14
HPT2_ROOT=3,4,6,9,12,13,14
HPT2_ROOT=3,4,6,10,11,12,13
HPT2_ROOT=3,4,6,10,11,12,14
HPT2_ROOT=3,4,6,10,11,13,14
HPT2_ROOT=3,4,6,10,12,13,14
HPT2_ROOT=3,4,6,11,12,13,14
HPT2_ROOT=3,4,7,8,9,10,11
HPT2_ROOT=3,4,7,8,9,10,12
HPT2_ROOT=3,4,7,8,9,10,13
HPT2_ROOT=3,4,7,8,9,10,14
HPT2_ROOT=3,4,7,8,9,11,12
HPT2_ROOT=3,4,7,8,9,11,13
HPT2_ROOT=3,4,7,8,9,11,14
HPT2_ROOT=3,4,7,8,9,12,13
HPT2_ROOT=3,4,7,8,9,12,14
HPT2_ROOT=3,4,7,8,9,13,14
HPT2_ROOT=3,4,7,8,10,11,12
HPT2_ROOT=3,4,7,8,10,11,13
HPT2_ROOT=3,4,7,8,10,11,14
HPT2_ROOT=3,4,7,8,10,12,13
HPT2_ROOT=3,4,7,8,10,12,14
HPT2_ROOT=3,4,7,8,10,13,14
HPT2_ROOT=3,4,7,8,11,12,13
HPT2_ROOT=3,4,7,8,11,12,14
HPT2_ROOT=3,4,7,8,11,13,14
HPT2_ROOT=3,4,7,8,12,13,14
HPT2_ROOT=3,4,7,9,10,11,12
HPT2_ROOT=3,4,7,9,10,11,13
HPT2_ROOT=3,4,7,9,10,11,14
HPT2_ROOT=3,4,7,9,10,12,13
HPT2_ROOT=3,4,7,9,10,12,14
HPT2_ROOT=3,4,7,9,10,13,14
HPT2_ROOT=3,4,7,9,11,12,13
HPT2_ROOT=3,4,7,9,11,12,14
HPT2_ROOT=3,4,7,9,11,13,14
HPT2_ROOT=3,4,7,9,12,13,14
HPT2_ROOT=3,4,7,10,11,12,13
HPT2_ROOT=3,4,7,10,11,12,14
HPT2_ROOT=3,4,7,10,11,13,14
HPT2_ROOT=3,4,7,10,12,13,14
HPT2_ROOT=3,4,7,11,12,13,14
HPT2_ROOT=3,4,8,9,10,11,12
HPT2_ROOT=3,4,8,9,10,11,13
HPT2_ROOT=3,4,8,9,10,11,14
HPT2_ROOT=3,4,8,9,10,12,13
HPT2_ROOT=3,4,8,9,10,12,14
HPT2_ROOT=3,4,8,9,10,13,14
HPT2_ROOT=3,4,8,9,11,12,13
HPT2_ROOT=3,4,8,9,11,12,14
HPT2_ROOT=3,4,8,9,11,13,14
HPT2_ROOT=3,4,8,9,12,13,14
HPT2_ROOT=3,4,8,10,11,12,13
HPT2_ROOT=3,4,8,10,11,12,14
HPT2_ROOT=3,4,8,10,11,13,14
HPT2_ROOT=3,4,8,10,12,13,14
HPT2_ROOT=3,4,8,11,12,13,14
HPT2_ROOT=3,4,9,10,11,12,13
HPT2_ROOT=3,4,9,10,11,12,14
HPT2_ROOT=3,4,9,10,11,13,14
HPT2_ROOT=3,4,9,10,12,13,14
HPT2_ROOT=3,4,9,11,12,13,14
HPT2_ROOT=3,4,10,11,12,13,14
HPT2_ROOT=3,5,6,7,8,9,10
HPT2_ROOT=3,5,6,7,8,9,11
HPT2_ROOT=3,5,6,7,8,9,12
HPT2_ROOT=3,5,6,7,8,9,13
HPT2_ROOT=3,5,6,7,8,9,14
HPT2_ROOT=3,5,6,7,8,10,11
HPT2_ROOT=3,5,6,7,8,10,12
HPT2_ROOT=3,5,6,7,8,10,13
HPT2_ROOT=3,5,6,7,8,10,14
HPT2_ROOT=3,5,6,7,8,11,12
HPT2_ROOT=3,5,6,7,8,11,13
HPT2_ROOT=3,5,6,7,8,11,14
HPT2_ROOT=3,5,6,7,8,12,13
HPT2_ROOT=3,5,6,7,8,12,14
HPT2_ROOT=3,5,6,7,8,13,14
HPT2_ROOT=3,5,6,7,9,10,11
HPT2_ROOT=3,5,6,7,9,10,12
HPT2_ROOT=3,5,6,7,9,10,13
HPT2_ROOT=3,5,6,7,9,10,14
HPT2_ROOT=3,5,6,7,9,11,12
HPT2_ROOT=3,5,6,7,9,11,13
HPT2_ROOT=3,5,6,7,9,11,14
HPT2_ROOT=3,5,6,7,9,12,13
HPT2_ROOT=3,5,6,7,9,12,14
HPT2_ROOT=3,5,6,7,9,13,14
HPT2_ROOT=3,5,6,7,10,11,12
HPT2_ROOT=3,5,6,7,10,11,13
HPT2_ROOT=3,5,6,7,10,11,14
HPT2_ROOT=3,5,6,7,10,12,13
HPT2_ROOT=3,5,6,7,10,12,14
HPT2_ROOT=3,5,6,7,10,13,14
HPT2_ROOT=3,5,6,7,11,12,13
HPT2_ROOT=3,5,6,7,11,12,14
HPT2_ROOT=3,5,6,7,11,13,14
HPT2_ROOT=3,5,6,7,12,13,14
HPT2_ROOT=3,5,6,8,9,10,11
HPT2_ROOT=3,5,6,8,9,10,12
HPT2_ROOT=3,5,6,8,9,10,13
HPT2_ROOT=3,5,6,8,9,10,14
HPT2_ROOT=3,5,6,8,9,11,12
HPT2_ROOT=3,5,6,8,9,11,13
HPT2_ROOT=3,5,6,8,9,11,14
HPT2_ROOT=3,5,6,8,9,12,13
HPT2_ROOT=3,5,6,8,9,12,14
HPT2_ROOT=3,5,6,8,9,13,14
HPT2_ROOT=3,5,6,8,10,11,12
HPT2_ROOT=3,5,6,8,10,11,13
HPT2_ROOT=3,5,6,8,10,11,14
HPT2_ROOT=3,5,6,8,10,12,13
HPT2_ROOT=3,5,6,8,10,12,14
HPT2_ROOT=3,5,6,8,10,13,14
HPT2_ROOT=3,5,6,8,11,12,13
HPT2_ROOT=3,5,6,8,11,12,14
HPT2_ROOT=3,5,6,8,11,13,14
HPT2_ROOT=3,5,6,8,12,13,14
HPT2_ROOT=3,5,6,9,10,11,12
HPT2_ROOT=3,5,6,9,10,11,13
HPT2_ROOT=3,5,6,9,10,11,14
HPT2_ROOT=3,5,6,9,10,12,13
HPT2_ROOT=3,5,6,9,10,12,14
HPT2_ROOT=3,5,6,9,10,13,14
HPT2_ROOT=3,5,6,9,11,12,13
HPT2_ROOT=3,5,6,9,11,12,14
HPT2_ROOT=3,5,6,9,11,13,14
HPT2_ROOT=3,5,6,9,12,13,14
HPT2_ROOT=3,5,6,10,11,12,13
HPT2_ROOT=3,5,6,10,11,12,14
HPT2_ROOT=3,5,6,10,11,13,14
HPT2_ROOT=3,5,6,10,12,13,14
HPT2_ROOT=3,5,6,11,12,13,14
HPT2_ROOT=3,5,7,8,9,10,11
HPT2_ROOT=3,5,7,8,9,10,12
HPT2_ROOT=3,5,7,8,9,10,13
HPT2_ROOT=3,5,7,8,9,10,14
HPT2_ROOT=3,5,7,8,9,11,12
HPT2_ROOT=3,5,7,8,9,11,13
HPT2_ROOT=3,5,7,8,9,11,14
HPT2_ROOT=3,5,7,8,9,12,13
HPT2_ROOT=3,5,7,8,9,12,14
HPT2_ROOT=3,5,7,8,9,13,14
HPT2_ROOT=3,5,7,8,10,11,12
HPT2_ROOT=3,5,7,8,10,11,13
HPT2_ROOT=3,5,7,8,10,11,14
HPT2_ROOT=3,5,7,8,10,12,13
HPT2_ROOT=3,5,7,8,10,12,14
HPT2_ROOT=3,5,7,8,10,13,14
HPT2_ROOT=3,5,7,8,11,12,13
HPT2_ROOT=3,5,7,8,11,12,14
HPT2_ROOT=3,5,7,8,11,13,14
HPT2_ROOT=3,5,7,8,12,13,14
HPT2_ROOT=3,5,7,9,10,11,12
HPT2_ROOT=3,5,7,9,10,11,13
HPT2_ROOT=3,5,7,9,10,11,14
HPT2_ROOT=3,5,7,9,10,12,13
HPT2_ROOT=3,5,7,9,10,12,14
HPT2_ROOT=3,5,7,9,10,13,14
HPT2_ROOT=3,5,7,9,11,12,13
HPT2_ROOT=3,5,7,9,11,12,14
HPT2_ROOT=3,5,7,9,11,13,14
HPT2_ROOT=3,5,7,9,12,13,14
HPT2_ROOT=3,5,7,10,11,12,13
HPT2_ROOT=3,5,7,10,11,12,14
HPT2_ROOT=3,5,7,10,11,13,14
HPT2_ROOT=3,5,7,10,12,13,14
HPT2_ROOT=3,5,7,11,12,13,14
HPT2_ROOT=3,5,8,9,10,11,12
HPT2_ROOT=3,5,8,9,10,11,13
HPT2_ROOT=3,5,8,9,10,11,14
HPT2_ROOT=3,5,8,9,10,12,13
HPT2_ROOT=3,5,8,9,10,12,14
HPT2_ROOT=3,5,8,9,10,13,14
HPT2_ROOT=3,5,8,9,11,12,13
HPT2_ROOT=3,5,8,9,11,12,14
HPT2_ROOT=3,5,8,9,11,13,14
HPT2_ROOT=3,5,8,9,12,13,14
HPT2_ROOT=3,5,8,10,11,12,13
HPT2_ROOT=3,5,8,10,11,12,14
HPT2_ROOT=3,5,8,10,11,13,14
HPT2_ROOT=3,5,8,10,12,13,14
HPT2_ROOT=3,5,8,11,12,13,14
HPT2_ROOT=3,5,9,10,11,12,13
HPT2_ROOT=3,5,9,10,11,12,14
HPT2_ROOT=3,5,9,10,11,13,14
HPT2_ROOT=3,5,9,10,12,13,14
HPT2_ROOT=3,5,9,11,12,13,14
HPT2_ROOT=3,5,10,11,12,13,14
HPT2_ROOT=3,6,7,8,9,10,11
HPT2_ROOT=3,6,7,8,9,10,12
HPT2_ROOT=3,6,7,8,9,10,13
HPT2_ROOT=3,6,7,8,9,10,14
HPT2_ROOT=3,6,7,8,9,11,12
HPT2_ROOT=3,6,7,8,9,11,13
HPT2_ROOT=3,6,7,8,9,11,14
HPT2_ROOT=3,6,7,8,9,12,13
HPT2_ROOT=3,6,7,8,9,12,14
HPT2_ROOT=3,6,7,8,9,13,14
HPT2_ROOT=3,6,7,8,10,11,12
HPT2_ROOT=3,6,7,8,10,11,13
HPT2_ROOT=3,6,7,8,10,11,14
HPT2_ROOT=3,6,7,8,10,12,13
HPT2_ROOT=3,6,7,8,10,12,14
HPT2_ROOT=3,6,7,8,10,13,14
HPT2_ROOT=3,6,7,8,11,12,13
HPT2_ROOT=3,6,7,8,11,12,14
HPT2_ROOT=3,6,7,8,11,13,14
HPT2_ROOT=3,6,7,8,12,13,14
HPT2_ROOT=3,6,7,9,10,11,12
HPT2_ROOT=3,6,7,9,10,11,13
HPT2_ROOT=3,6,7,9,10,11,14
HPT2_ROOT=3,6,7,9,10,12,13
HPT2_ROOT=3,6,7,9,10,12,14
HPT2_ROOT=3,6,7,9,10,13,14
HPT2_ROOT=3,6,7,9,11,12,13
HPT2_ROOT=3,6,7,9,11,12,14
HPT2_ROOT=3,6,7,9,11,13,14
HPT2_ROOT=3,6,7,9,12,13,14
HPT2_ROOT=3,6,7,10,11,12,13
HPT2_ROOT=3,6,7,10,11,12,14
HPT2_ROOT=3,6,7,10,11,13,14
HPT2_ROOT=3,6,7,10,12,13,14
HPT2_ROOT=3,6,7,11,12,13,14
HPT2_ROOT=3,6,8,9,10,11,12
HPT2_ROOT=3,6,8,9,10,11,13
HPT2_ROOT=3,6,8,9,10,11,14
HPT2_ROOT=3,6,8,9,10,12,13
HPT2_ROOT=3,6,8,9,10,12,14
HPT2_ROOT=3,6,8,9,10,13,14
HPT2_ROOT=3,6,8,9,11,12,13
HPT2_ROOT=3,6,8,9,11,12,14
HPT2_ROOT=3,6,8,9,11,13,14
HPT2_ROOT=3,6,8,9,12,13,14
HPT2_ROOT=3,6,8,10,11,12,13
HPT2_ROOT=3,6,8,10,11,12,14
HPT2_ROOT=3,6,8,10,11,13,14
HPT2_ROOT=3,6,8,10,12,13,14
HPT2_ROOT=3,6,8,11,12,13,14
HPT2_ROOT=3,6,9,10,11,12,13
HPT2_ROOT=3,6,9,10,11,12,14
HPT2_ROOT=3,6,9,10,11,13,14
HPT2_ROOT=3,6,9,10,12,13,14
HPT2_ROOT=3,6,9,11,12,13,14
HPT2_ROOT=3,6,10,11,12,13,14
HPT2_ROOT=3,7,8,9,10,11,12
HPT2_ROOT=3,7,8,9,10,11,13
HPT2_ROOT=3,7,8,9,10,11,14
HPT2_ROOT=3,7,8,9,10,12,13
HPT2_ROOT=3,7,8,9,10,12,14
HPT2_ROOT=3,7,8,9,10,13,14
HPT2_ROOT=3,7,8,9,11,12,13
HPT2_ROOT=3,7,8,9,11,12,14
HPT2_ROOT=3,7,8,9,11,13,14
HPT2_ROOT=3,7,8,9,12,13,14
HPT2_ROOT=3,7,8,10,11,12,13
HPT2_ROOT=3,7,8,10,11,12,14
HPT2_ROOT=3,7,8,10,11,13,14
HPT2_ROOT=3,7,8,10,12,13,14
HPT2_ROOT=3,7,8,11,12,13,14
HPT2_ROOT=3,7,9,10,11,12,13
HPT2_ROOT=3,7,9,10,11,12,14
HPT2_ROOT=3,7,9,10,11,13,14
HPT2_ROOT=3,7,9,10,12,13,14
HPT2_ROOT=3,7,9,11,12,13,14
HPT2_ROOT=3,7,10,11,12,13,14
HPT2_ROOT=3,8,9,10,11,12,13
HPT2_ROOT=3,8,9,10,11,12,14
HPT2_ROOT=3,8,9,10,11,13,14
HPT2_ROOT=3,8,9,10,12,13,14
HPT2_ROOT=3,8,9,11,12,13,14
HPT2_ROOT=3,8,10,11,12,13,14
HPT2_ROOT=3,9,10,11,12,13,14
HPT2_ROOT=4,5,6,7,8,9,10
HPT2_ROOT=4,5,6,7,8,9,11
HPT2_ROOT=4,5,6,7,8,9,12
HPT2_ROOT=4,5,6,7,8,9,13
HPT2_ROOT=4,5,6,7,8,9,14
HPT2_ROOT=4,5,6,7,8,10,11
HPT2_ROOT=4,5,6,7,8,10,12
HPT2_ROOT=4,5,6,7,8,10,13
HPT2_ROOT=4,5,6,7,8,10,14
HPT2_ROOT=4,5,6,7,8,11,12
HPT2_ROOT=4,5,6,7,8,11,13
HPT2_ROOT=4,5,6,7,8,11,14
HPT2_ROOT=4,5,6,7,8,12,13
HPT2_ROOT=4,5,6,7,8,12,14
HPT2_ROOT=4,5,6,7,8,13,14
HPT2_ROOT=4,5,6,7,9,10,11
HPT2_ROOT=4,5,6,7,9,10,12
HPT2_ROOT=4,5,6,7,9,10,13
HPT2_ROOT=4,5,6,7,9,10,14
HPT2_ROOT=4,5,6,7,9,11,12
HPT2_ROOT=4,5,6,7,9,11,13
HPT2_ROOT=4,5,6,7,9,11,14
HPT2_ROOT=4,5,6,7,9,12,13
HPT2_ROOT=4,5,6,7,9,12,14
HPT2_ROOT=4,5,6,7,9,13,14
HPT2_ROOT=4,5,6,7,10,11,12
HPT2_ROOT=4,5,6,7,10,11,13
HPT2_ROOT=4,5,6,7,10,11,14
HPT2_ROOT=4,5,6,7,10,12,13
HPT2_ROOT=4,5,6,7,10,12,14
HPT2_ROOT=4,5,6,7,10,13,14
HPT2_ROOT=4,5,6,7,11,12,13
HPT2_ROOT=4,5,6,7,11,12,14
HPT2_ROOT=4,5,6,7,11,13,14
HPT2_ROOT=4,5,6,7,12,13,14
HPT2_ROOT=4,5,6,8,9,10,11
HPT2_ROOT=4,5,6,8,9,10,12
HPT2_ROOT=4,5,6,8,9,10,13
HPT2_ROOT=4,5,6,8,9,10,14
HPT2_ROOT=4,5,6,8,9,11,12
HPT2_ROOT=4,5,6,8,9,11,13
HPT2_ROOT=4,5,6,8,9,11,14
HPT2_ROOT=4,5,6,8,9,12,13
HPT2_ROOT=4,5,6,8,9,12,14
HPT2_ROOT=4,5,6,8,9,13,14
HPT2_ROOT=4,5,6,8,10,11,13
HPT2_ROOT=4,5,6,8,10,11,14
HPT2_ROOT=4,5,6,8,10,12,13
HPT2_ROOT=4,5,6,8,10,12,14
HPT2_ROOT=4,5,6,8,10,13,14
HPT2_ROOT=4,5,6,8,11,12,13
HPT2_ROOT=4,5,6,8,11,12,14
HPT2_ROOT=4,5,6,8,11,13,14
HPT2_ROOT=4,5,6,8,12,13,14
HPT2_ROOT=4,5,6,9,10,11,12
HPT2_ROOT=4,5,6,9,10,11,13
HPT2_ROOT=4,5,6,9,10,11,14
HPT2_ROOT=4,5,6,9,10,12,13
HPT2_ROOT=4,5,6,9,10,12,14
HPT2_ROOT=4,5,6,9,10,13,14
HPT2_ROOT=4,5,6,9,11,12,13
HPT2_ROOT=4,5,6,9,11,12,14
HPT2_ROOT=4,5,6,9,11,13,14
HPT2_ROOT=4,5,6,9,12,13,14
HPT2_ROOT=4,5,6,10,11,12,13
HPT2_ROOT=4,5,6,10,11,12,14
HPT2_ROOT=4,5,6,10,11,13,14
HPT2_ROOT=4,5,6,10,12,13,14
HPT2_ROOT=4,5,6,11,12,13,14
HPT2_ROOT=4,5,7,8,9,10,11
HPT2_ROOT=4,5,7,8,9,10,12
HPT2_ROOT=4,5,7,8,9,10,13
HPT2_ROOT=4,5,7,8,9,10,14
HPT2_ROOT=4,5,7,8,9,11,12
HPT2_ROOT=4,5,7,8,9,11,13
HPT2_ROOT=4,5,7,8,9,11,14
HPT2_ROOT=4,5,7,8,9,12,13
HPT2_ROOT=4,5,7,8,9,12,14
HPT2_ROOT=4,5,7,8,9,13,14
HPT2_ROOT=4,5,7,8,10,11,12
HPT2_ROOT=4,5,7,8,10,11,13
HPT2_ROOT=4,5,7,8,10,11,14
HPT2_ROOT=4,5,7,8,10,12,13
HPT2_ROOT=4,5,7,8,10,12,14
HPT2_ROOT=4,5,7,8,10,13,14
HPT2_ROOT=4,5,7,8,11,12,13
HPT2_ROOT=4,5,7,8,11,12,14
HPT2_ROOT=4,5,7,8,11,13,14
HPT2_ROOT=4,5,7,8,12,13,14
HPT2_ROOT=4,5,7,9,10,11,12
HPT2_ROOT=4,5,7,9,10,11,13
HPT2_ROOT=4,5,7,9,10,11,14
HPT2_ROOT=4,5,7,9,10,12,13
HPT2_ROOT=4,5,7,9,10,12,14
HPT2_ROOT=4,5,7,9,10,13,14
HPT2_ROOT=4,5,7,9,11,12,13
HPT2_ROOT=4,5,7,9,11,12,14
HPT2_ROOT=4,5,7,9,11,13,14
HPT2_ROOT=4,5,7,9,12,13,14
HPT2_ROOT=4,5,7,10,11,12,13
HPT2_ROOT=4,5,7,10,11,12,14
HPT2_ROOT=4,5,7,10,11,13,14
HPT2_ROOT=4,5,7,10,12,13,14
HPT2_ROOT=4,5,7,11,12,13,14
HPT2_ROOT=4,5,8,9,10,11,12
HPT2_ROOT=4,5,8,9,10,11,13
HPT2_ROOT=4,5,8,9,10,11,14
HPT2_ROOT=4,5,8,9,10,12,13
HPT2_ROOT=4,5,8,9,10,12,14
HPT2_ROOT=4,5,8,9,10,13,14
HPT2_ROOT=4,5,8,9,11,12,13
HPT2_ROOT=4,5,8,9,11,12,14
HPT2_ROOT=4,5,8,9,11,13,14
HPT2_ROOT=4,5,8,9,12,13,14
HPT2_ROOT=4,5,8,10,11,12,13
HPT2_ROOT=4,5,8,10,11,12,14
HPT2_ROOT=4,5,8,10,11,13,14
HPT2_ROOT=4,5,8,10,12,13,14
HPT2_ROOT=4,5,8,11,12,13,14
HPT2_ROOT=4,5,9,10,11,12,13
HPT2_ROOT=4,5,9,10,11,12,14
HPT2_ROOT=4,5,9,10,11,13,14
HPT2_ROOT=4,5,9,10,12,13,14
HPT2_ROOT=4,5,9,11,12,13,14
HPT2_ROOT=4,5,10,11,12,13,14
HPT2_ROOT=4,6,7,8,9,10,11
HPT2_ROOT=4,6,7,8,9,10,12
HPT2_ROOT=4,6,7,8,9,10,13
HPT2_ROOT=4,6,7,8,9,10,14
HPT2_ROOT=4,6,7,8,9,11,12
HPT2_ROOT=4,6,7,8,9,11,13
HPT2_ROOT=4,6,7,8,9,11,14
HPT2_ROOT=4,6,7,8,9,12,13
HPT2_ROOT=4,6,7,8,9,12,14
HPT2_ROOT=4,6,7,8,9,13,14
HPT2_ROOT=4,6,7,8,10,11,12
HPT2_ROOT=4,6,7,8,10,11,13
HPT2_ROOT=4,6,7,8,10,11,14
HPT2_ROOT=4,6,7,8,10,12,13
HPT2_ROOT=4,6,7,8,10,12,14
HPT2_ROOT=4,6,7,8,10,13,14
HPT2_ROOT=4,6,7,8,11,12,13
HPT2_ROOT=4,6,7,8,11,12,14
HPT2_ROOT=4,6,7,8,11,13,14
HPT2_ROOT=4,6,7,8,12,13,14
HPT2_ROOT=4,6,7,9,10,11,12
HPT2_ROOT=4,6,7,9,10,11,13
HPT2_ROOT=4,6,7,9,10,11,14
HPT2_ROOT=4,6,7,9,10,12,13
HPT2_ROOT=4,6,7,9,10,12,14
HPT2_ROOT=4,6,7,9,10,13,14
HPT2_ROOT=4,6,7,9,11,12,13
HPT2_ROOT=4,6,7,9,11,12,14
HPT2_ROOT=4,6,7,9,11,13,14
HPT2_ROOT=4,6,7,9,12,13,14
HPT2_ROOT=4,6,7,10,11,12,13
HPT2_ROOT=4,6,7,10,11,12,14
HPT2_ROOT=4,6,7,10,11,13,14
HPT2_ROOT=4,6,7,10,12,13,14
HPT2_ROOT=4,6,7,11,12,13,14
HPT2_ROOT=4,6,8,9,10,11,12
HPT2_ROOT=4,6,8,9,10,11,13
HPT2_ROOT=4,6,8,9,10,11,14
HPT2_ROOT=4,6,8,9,10,12,13
HPT2_ROOT=4,6,8,9,10,12,14
HPT2_ROOT=4,6,8,9,10,13,14
HPT2_ROOT=4,6,8,9,11,12,13
HPT2_ROOT=4,6,8,9,11,12,14
HPT2_ROOT=4,6,8,9,11,13,14
HPT2_ROOT=4,6,8,9,12,13,14
HPT2_ROOT=4,6,8,10,11,12,13
HPT2_ROOT=4,6,8,10,11,12,14
HPT2_ROOT=4,6,8,10,11,13,14
HPT2_ROOT=4,6,8,10,12,13,14
HPT2_ROOT=4,6,8,11,12,13,14
HPT2_ROOT=4,6,9,10,11,12,13
HPT2_ROOT=4,6,9,10,11,12,14
HPT2_ROOT=4,6,9,10,11,13,14
HPT2_ROOT=4,6,9,10,12,13,14
HPT2_ROOT=4,6,9,11,12,13,14
HPT2_ROOT=4,6,10,11,12,13,14
HPT2_ROOT=4,7,8,9,10,11,12
HPT2_ROOT=4,7,8,9,10,11,13
HPT2_ROOT=4,7,8,9,10,11,14
HPT2_ROOT=4,7,8,9,10,12,13
HPT2_ROOT=4,7,8,9,10,12,14
HPT2_ROOT=4,7,8,9,10,13,14
HPT2_ROOT=4,7,8,9,11,12,13
HPT2_ROOT=4,7,8,9,11,12,14
HPT2_ROOT=4,7,8,9,11,13,14
HPT2_ROOT=4,7,8,9,12,13,14
HPT2_ROOT=4,7,8,10,11,12,13
HPT2_ROOT=4,7,8,10,11,12,14
HPT2_ROOT=4,7,8,10,11,13,14
HPT2_ROOT=4,7,8,10,12,13,14
HPT2_ROOT=4,7,8,11,12,13,14
HPT2_ROOT=4,7,9,10,11,12,13
HPT2_ROOT=4,7,9,10,11,12,14
HPT2_ROOT=4,7,9,10,11,13,14
HPT2_ROOT=4,7,9,10,12,13,14
HPT2_ROOT=4,7,9,11,12,13,14
HPT2_ROOT=4,7,10,11,12,13,14
HPT2_ROOT=4,8,9,10,11,12,13
HPT2_ROOT=4,8,9,10,11,12,14
HPT2_ROOT=4,8,9,10,11,13,14
HPT2_ROOT=4,8,9,10,12,13,14
HPT2_ROOT=4,8,9,11,12,13,14
HPT2_ROOT=4,8,10,11,12,13,14
HPT2_ROOT=4,9,10,11,12,13,14
HPT2_ROOT=5,6,7,8,9,10,11
HPT2_ROOT=5,6,7,8,9,10,12
HPT2_ROOT=5,6,7,8,9,10,13
HPT2_ROOT=5,6,7,8,9,10,14
HPT2_ROOT=5,6,7,8,9,11,12
HPT2_ROOT=5,6,7,8,9,11,13
HPT2_ROOT=5,6,7,8,9,11,14
HPT2_ROOT=5,6,7,8,9,12,13
HPT2_ROOT=5,6,7,8,9,12,14
HPT2_ROOT=5,6,7,8,9,13,14
HPT2_ROOT=5,6,7,8,10,11,12
HPT2_ROOT=5,6,7,8,10,11,13
HPT2_ROOT=5,6,7,8,10,11,14
HPT2_ROOT=5,6,7,8,10,12,13
HPT2_ROOT=5,6,7,8,10,12,14
HPT2_ROOT=5,6,7,8,10,13,14
HPT2_ROOT=5,6,7,8,11,12,13
HPT2_ROOT=5,6,7,8,11,12,14
HPT2_ROOT=5,6,7,8,11,13,14
HPT2_ROOT=5,6,7,8,12,13,14
HPT2_ROOT=5,6,7,9,10,11,12
HPT2_ROOT=5,6,7,9,10,11,13
HPT2_ROOT=5,6,7,9,10,12,13
HPT2_ROOT=5,6,7,9,10,12,14
HPT2_ROOT=5,6,7,9,10,13,14
HPT2_ROOT=5,6,7,9,11,12,13
HPT2_ROOT=5,6,7,9,11,12,14
HPT2_ROOT=5,6,7,9,11,13,14
HPT2_ROOT=5,6,7,9,12,13,14
HPT2_ROOT=5,6,7,10,11,12,13
HPT2_ROOT=5,6,7,10,11,12,14
HPT2_ROOT=5,6,7,10,11,13,14
HPT2_ROOT=5,6,7,10,12,13,14
HPT2_ROOT=5,6,7,11,12,13,14
HPT2_ROOT=5,6,8,9,10,11,13
HPT2_ROOT=5,6,8,9,10,11,14
HPT2_ROOT=5,6,8,9,10,12,14
HPT2_ROOT=5,6,8,9,10,13,14
HPT2_ROOT=5,6,8,9,11,12,13
HPT2_ROOT=5,6,8,9,11,12,14
HPT2_ROOT=5,6,8,9,11,13,14
HPT2_ROOT=5,6,8,9,12,13,14
HPT2_ROOT=5,6,8,10,11,12,14
HPT2_ROOT=5,6,8,10,11,13,14
HPT2_ROOT=5,6,8,10,12,13,14
HPT2_ROOT=5,6,8,11,12,13,14
HPT2_ROOT=5,6,9,10,11,12,13
HPT2_ROOT=5,6,9,10,11,12,14
HPT2_ROOT=5,6,9,10,11,13,14
HPT2_ROOT=5,6,9,10,12,13,14
HPT2_ROOT=5,6,9,11,12,13,14
HPT2_ROOT=5,6,10,11,12,13,14
HPT2_ROOT=5,7,8,9,10,11,12
HPT2_ROOT=5,7,8,9,10,11,13
HPT2_ROOT=5,7,8,9,10,11,14
HPT2_ROOT=5,7,8,9,10,12,13
HPT2_ROOT=5,7,8,9,10,12,14
HPT2_ROOT=5,7,8,9,10,13,14
HPT2_ROOT=5,7,8,9,11,12,13
HPT2_ROOT=5,7,8,9,11,12,14
HPT2_ROOT=5,7,8,9,11,13,14
HPT2_ROOT=5,7,8,9,12,13,14
HPT2_ROOT=5,7,8,10,11,12,13
HPT2_ROOT=5,7,8,10,11,12,14
HPT2_ROOT=5,7,8,10,12,13,14
HPT2_ROOT=5,7,8,11,12,13,14
HPT2_ROOT=5,7,9,10,11,12,13
HPT2_ROOT=5,7,9,10,11,12,14
HPT2_ROOT=5,7,9,10,11,13,14
HPT2_ROOT=5,7,9,10,12,13,14
HPT2_ROOT=5,7,9,11,12,13,14
HPT2_ROOT=5,7,10,11,12,13,14
HPT2_ROOT=5,8,9,10,11,12,13
HPT2_ROOT=5,8,9,10,11,12,14
HPT2_ROOT=5,8,9,10,11,13,14
HPT2_ROOT=5,8,9,10,12,13,14
HPT2_ROOT=5,8,9,11,12,13,14
HPT2_ROOT=5,8,10,11,12,13,14
HPT2_ROOT=5,9,10,11,12,13,14
HPT2_ROOT=6,7,8,9,10,11,12
HPT2_ROOT=6,7,8,9,10,11,13
HPT2_ROOT=6,7,8,9,10,11,14
HPT2_ROOT=6,7,8,9,10,12,13
HPT2_ROOT=6,7,8,9,10,12,14
HPT2_ROOT=6,7,8,9,10,13,14
HPT2_ROOT=6,7,8,9,11,12,13
HPT2_ROOT=6,7,8,9,11,12,14
HPT2_ROOT=6,7,8,9,11,13,14
HPT2_ROOT=6,7,8,9,12,13,14
HPT2_ROOT=6,7,8,10,11,12,13
HPT2_ROOT=6,7,8,10,11,12,14
HPT2_ROOT=6,7,8,10,11,13,14
HPT2_ROOT=6,7,8,10,12,13,14
HPT2_ROOT=6,7,8,11,12,13,14
HPT2_ROOT=6,7,9,10,11,12,13
HPT2_ROOT=6,7,9,10,11,12,14
HPT2_ROOT=6,7,9,10,11,13,14
HPT2_ROOT=6,7,9,10,12,13,14
HPT2_ROOT=6,7,10,11,12,13,14
HPT2_ROOT=6,8,9,10,11,12,13
HPT2_ROOT=6,8,9,10,11,12,14
HPT2_ROOT=6,8,9,10,11,13,14
HPT2_ROOT=6,8,9,10,12,13,14
HPT2_ROOT=6,8,9,11,12,13,14
HPT2_ROOT=6,8,10,11,12,13,14
HPT2_ROOT=6,9,10,11,12,13,14
HPT2_ROOT=7,8,9,10,11,12,13
HPT2_ROOT=7,8,9,10,11,12,14
HPT2_ROOT=7,8,9,10,11,13,14
HPT2_ROOT=7,8,9,10,12,13,14
HPT2_ROOT=7,8,10,11,12,13,14
HPT2_ROOT=7,9,10,11,12,13,14
HPT2_ROOT=8,9,10,11,12,13,14
EHPT2_ROOT=1,2,3,4,5,6,7
EHPT2_ROOT=1,2,3,4,5,6,8
EHPT2_ROOT=1,2,3,4,5,6,9
EHPT2_ROOT=1,2,3,4,5,6,10
EHPT2_ROOT=1,2,3,4,5,6,11
EHPT2_ROOT=1,2,3,4,5,6,12
EHPT2_ROOT=1,2,3,4,5,6,14
EHPT2_ROOT=1,2,3,4,5,7,8
EHPT2_ROOT=1,2,3,4,5,7,9
EHPT2_ROOT=1,2,3,4,5,7,10
EHPT2_ROOT=1,2,3,4,5,7,11
EHPT2_ROOT=1,2,3,4,5,7,12
EHPT2_ROOT=1,2,3,4,5,7,13
EHPT2_ROOT=1,2,3,4,5,7,14
EHPT2_ROOT=1,2,3,4,5,8,9
EHPT2_ROOT=1,2,3,4,5,8,10
EHPT2_ROOT=1,2,3,4,5,8,11
EHPT2_ROOT=1,2,3,4,5,8,12
EHPT2_ROOT=1,2,3,4,5,8,13
EHPT2_ROOT=1,2,3,4,5,8,14
EHPT2_ROOT=1,2,3,4,5,9,10
EHPT2_ROOT=1,2,3,4,5,9,11
EHPT2_ROOT=1,2,3,4,5,9,12
EHPT2_ROOT=1,2,3,4,5,9,13
EHPT2_ROOT=1,2,3,4,5,9,14
EHPT2_ROOT=1,2,3,4,5,10,11
EHPT2_ROOT=1,2,3,4,5,10,12
EHPT2_ROOT=1,2,3,4,5,10,13
EHPT2_ROOT=1,2,3,4,5,10,14
EHPT2_ROOT=1,2,3,4,5,11,12
EHPT2_ROOT=1,2,3,4,5,11,13
EHPT2_ROOT=1,2,3,4,5,11,14
EHPT2_ROOT=1,2,3,4,5,12,14
EHPT2_ROOT=1,2,3,4,5,13,14
EHPT2_ROOT=1,2,3,4,6,7,8
EHPT2_ROOT=1,2,3,4,6,7,9
EHPT2_ROOT=1,2,3,4,6,7,10
EHPT2_ROOT=1,2,3,4,6,7,11
EHPT2_ROOT=1,2,3,4,6,7,12
EHPT2_ROOT=1,2,3,4,6,8,9
EHPT2_ROOT=1,2,3,4,6,8,10
EHPT2_ROOT=1,2,3,4,6,8,11
EHPT2_ROOT=1,2,3,4,6,8,12
EHPT2_ROOT=1,2,3,4,6,8,14
EHPT2_ROOT=1,2,3,4,6,9,10
EHPT2_ROOT=1,2,3,4,6,9,11
EHPT2_ROOT=1,2,3,4,6,9,12
EHPT2_ROOT=1,2,3,4,6,9,13
EHPT2_ROOT=1,2,3,4,6,9,14
EHPT2_ROOT=1,2,3,4,6,10,11
EHPT2_ROOT=1,2,3,4,6,10,12
EHPT2_ROOT=1,2,3,4,6,10,13
EHPT2_ROOT=1,2,3,4,6,10,14
EHPT2_ROOT=1,2,3,4,6,11,14
EHPT2_ROOT=1,2,3,4,6,12,14
EHPT2_ROOT=1,2,3,4,6,13,14
EHPT2_ROOT=1,2,3,4,7,8,9
EHPT2_ROOT=1,2,3,4,7,8,10
EHPT2_ROOT=1,2,3,4,7,8,11
EHPT2_ROOT=1,2,3,4,7,8,12
EHPT2_ROOT=1,2,3,4,7,8,13
EHPT2_ROOT=1,2,3,4,7,8,14
EHPT2_ROOT=1,2,3,4,7,9,10
EHPT2_ROOT=1,2,3,4,7,9,11
EHPT2_ROOT=1,2,3,4,7,9,12
EHPT2_ROOT=1,2,3,4,7,9,13
EHPT2_ROOT=1,2,3,4,7,9,14
EHPT2_ROOT=1,2,3,4,7,10,11
EHPT2_ROOT=1,2,3,4,7,10,12
EHPT2_ROOT=1,2,3,4,7,10,13
EHPT2_ROOT=1,2,3,4,7,10,14
EHPT2_ROOT=1,2,3,4,7,11,12
EHPT2_ROOT=1,2,3,4,7,11,13
EHPT2_ROOT=1,2,3,4,7,11,14
EHPT2_ROOT=1,2,3,4,7,12,13
EHPT2_ROOT=1,2,3,4,7,12,14
EHPT2_ROOT=1,2,3,4,7,13,14
EHPT2_ROOT=1,2,3,4,8,9,10
EHPT2_ROOT=1,2,3,4,8,9,12
EHPT2_ROOT=1,2,3,4,8,9,13
EHPT2_ROOT=1,2,3,4,8,9,14
EHPT2_ROOT=1,2,3,4,8,10,11
EHPT2_ROOT=1,2,3,4,8,10,12
EHPT2_ROOT=1,2,3,4,8,10,13
EHPT2_ROOT=1,2,3,4,8,10,14
EHPT2_ROOT=1,2,3,4,8,11,12
EHPT2_ROOT=1,2,3,4,8,11,13
EHPT2_ROOT=1,2,3,4,8,11,14
EHPT2_ROOT=1,2,3,4,8,12,13
EHPT2_ROOT=1,2,3,4,8,12,14
EHPT2_ROOT=1,2,3,4,8,13,14
EHPT2_ROOT=1,2,3,4,9,10,11
EHPT2_ROOT=1,2,3,4,9,10,12
EHPT2_ROOT=1,2,3,4,9,10,13
EHPT2_ROOT=1,2,3,4,9,10,14
EHPT2_ROOT=1,2,3,4,9,11,12
EHPT2_ROOT=1,2,3,4,9,11,13
EHPT2_ROOT=1,2,3,4,9,11,14
EHPT2_ROOT=1,2,3,4,9,12,13
EHPT2_ROOT=1,2,3,4,9,12,14
EHPT2_ROOT=1,2,3,4,9,13,14
EHPT2_ROOT=1,2,3,4,10,11,12
EHPT2_ROOT=1,2,3,4,10,11,13
EHPT2_ROOT=1,2,3,4,10,11,14
EHPT2_ROOT=1,2,3,4,10,12,13
EHPT2_ROOT=1,2,3,4,10,12,14
EHPT2_ROOT=1,2,3,4,10,13,14
EHPT2_ROOT=1,2,3,4,11,12,13
EHPT2_ROOT=1,2,3,4,11,12,14
EHPT2_ROOT=1,2,3,4,11,13,14
EHPT2_ROOT=1,2,3,4,12,13,14
EHPT2_ROOT=1,2,3,5,6,7,8
EHPT2_ROOT=1,2,3,5,6,7,9
EHPT2_ROOT=1,2,3,5,6,7,10
EHPT2_ROOT=1,2,3,5,6,7,11
EHPT2_ROOT=1,2,3,5,6,7,12
EHPT2_ROOT=1,2,3,5,6,7,13
EHPT2_ROOT=1,2,3,5,6,7,14
EHPT2_ROOT=1,2,3,5,6,8,9
EHPT2_ROOT=1,2,3,5,6,8,10
EHPT2_ROOT=1,2,3,5,6,8,11
EHPT2_ROOT=1,2,3,5,6,8,12
EHPT2_ROOT=1,2,3,5,6,8,13
EHPT2_ROOT=1,2,3,5,6,8,14
EHPT2_ROOT=1,2,3,5,6,9,10
EHPT2_ROOT=1,2,3,5,6,9,11
EHPT2_ROOT=1,2,3,5,6,9,12
EHPT2_ROOT=1,2,3,5,6,9,13
EHPT2_ROOT=1,2,3,5,6,9,14
EHPT2_ROOT=1,2,3,5,6,10,11
EHPT2_ROOT=1,2,3,5,6,10,12
EHPT2_ROOT=1,2,3,5,6,10,14
EHPT2_ROOT=1,2,3,5,6,11,12
EHPT2_ROOT=1,2,3,5,6,11,13
EHPT2_ROOT=1,2,3,5,6,11,14
EHPT2_ROOT=1,2,3,5,6,12,13
EHPT2_ROOT=1,2,3,5,6,12,14
EHPT2_ROOT=1,2,3,5,6,13,14
EHPT2_ROOT=1,2,3,5,7,8,9
EHPT2_ROOT=1,2,3,5,7,8,10
EHPT2_ROOT=1,2,3,5,7,8,11
EHPT2_ROOT=1,2,3,5,7,8,12
EHPT2_ROOT=1,2,3,5,7,8,13
EHPT2_ROOT=1,2,3,5,7,8,14
EHPT2_ROOT=1,2,3,5,7,9,10
EHPT2_ROOT=1,2,3,5,7,9,11
EHPT2_ROOT=1,2,3,5,7,9,12
EHPT2_ROOT=1,2,3,5,7,9,13
EHPT2_ROOT=1,2,3,5,7,9,14
EHPT2_ROOT=1,2,3,5,7,10,11
EHPT2_ROOT=1,2,3,5,7,10,12
EHPT2_ROOT=1,2,3,5,7,10,13
EHPT2_ROOT=1,2,3,5,7,10,14
EHPT2_ROOT=1,2,3,5,7,11,12
EHPT2_ROOT=1,2,3,5,7,11,13
EHPT2_ROOT=1,2,3,5,7,11,14
EHPT2_ROOT=1,2,3,5,7,12,13
EHPT2_ROOT=1,2,3,5,7,12,14
EHPT2_ROOT=1,2,3,5,7,13,14
EHPT2_ROOT=1,2,3,5,8,9,10
EHPT2_ROOT=1,2,3,5,8,9,11
EHPT2_ROOT=1,2,3,5,8,9,12
EHPT2_ROOT=1,2,3,5,8,9,13
EHPT2_ROOT=1,2,3,5,8,9,14
EHPT2_ROOT=1,2,3,5,8,10,11
EHPT2_ROOT=1,2,3,5,8,10,12
EHPT2_ROOT=1,2,3,5,8,10,13
EHPT2_ROOT=1,2,3,5,8,10,14
EHPT2_ROOT=1,2,3,5,8,11,12
EHPT2_ROOT=1,2,3,5,8,11,13
EHPT2_ROOT=1,2,3,5,8,11,14
EHPT2_ROOT=1,2,3,5,8,12,13
EHPT2_ROOT=1,2,3,5,8,12,14
EHPT2_ROOT=1,2,3,5,8,13,14
EHPT2_ROOT=1,2,3,5,9,10,11
EHPT2_ROOT=1,2,3,5,9,10,12
EHPT2_ROOT=1,2,3,5,9,10,13
EHPT2_ROOT=1,2,3,5,9,10,14
EHPT2_ROOT=1,2,3,5,9,11,12
EHPT2_ROOT=1,2,3,5,9,11,13
EHPT2_ROOT=1,2,3,5,9,11,14
EHPT2_ROOT=1,2,3,5,9,12,13
EHPT2_ROOT=1,2,3,5,9,12,14
EHPT2_ROOT=1,2,3,5,9,13,14
EHPT2_ROOT=1,2,3,5,10,11,12
EHPT2_ROOT=1,2,3,5,10,11,13
EHPT2_ROOT=1,2,3,5,10,11,14
EHPT2_ROOT=1,2,3,5,10,12,13
EHPT2_ROOT=1,2,3,5,10,12,14
EHPT2_ROOT=1,2,3,5,10,13,14
EHPT2_ROOT=1,2,3,5,11,12,13
EHPT2_ROOT=1,2,3,5,11,12,14
EHPT2_ROOT=1,2,3,5,11,13,14
EHPT2_ROOT=1,2,3,5,12,13,14
EHPT2_ROOT=1,2,3,6,7,8,9
EHPT2_ROOT=1,2,3,6,7,8,10
EHPT2_ROOT=1,2,3,6,7,8,11
EHPT2_ROOT=1,2,3,6,7,8,12
EHPT2_ROOT=1,2,3,6,7,8,13
EHPT2_ROOT=1,2,3,6,7,8,14
EHPT2_ROOT=1,2,3,6,7,9,10
EHPT2_ROOT=1,2,3,6,7,9,11
EHPT2_ROOT=1,2,3,6,7,9,12
EHPT2_ROOT=1,2,3,6,7,9,13
EHPT2_ROOT=1,2,3,6,7,9,14
EHPT2_ROOT=1,2,3,6,7,10,11
EHPT2_ROOT=1,2,3,6,7,10,12
EHPT2_ROOT=1,2,3,6,7,10,13
EHPT2_ROOT=1,2,3,6,7,10,14
EHPT2_ROOT=1,2,3,6,7,11,12
EHPT2_ROOT=1,2,3,6,7,11,13
EHPT2_ROOT=1,2,3,6,7,11,14
EHPT2_ROOT=1,2,3,6,7,12,13
EHPT2_ROOT=1,2,3,6,7,12,14
EHPT2_ROOT=1,2,3,6,7,13,14
EHPT2_ROOT=1,2,3,6,8,9,10
EHPT2_ROOT=1,2,3,6,8,9,11
EHPT2_ROOT=1,2,3,6,8,9,12
EHPT2_ROOT=1,2,3,6,8,9,13
EHPT2_ROOT=1,2,3,6,8,9,14
EHPT2_ROOT=1,2,3,6,8,10,11
EHPT2_ROOT=1,2,3,6,8,10,12
EHPT2_ROOT=1,2,3,6,8,10,13
EHPT2_ROOT=1,2,3,6,8,10,14
EHPT2_ROOT=1,2,3,6,8,11,12
EHPT2_ROOT=1,2,3,6,8,11,13
EHPT2_ROOT=1,2,3,6,8,11,14
EHPT2_ROOT=1,2,3,6,8,12,13
EHPT2_ROOT=1,2,3,6,8,12,14
EHPT2_ROOT=1,2,3,6,8,13,14
EHPT2_ROOT=1,2,3,6,9,10,11
EHPT2_ROOT=1,2,3,6,9,10,12
EHPT2_ROOT=1,2,3,6,9,10,13
EHPT2_ROOT=1,2,3,6,9,10,14
EHPT2_ROOT=1,2,3,6,9,11,12
EHPT2_ROOT=1,2,3,6,9,11,13
EHPT2_ROOT=1,2,3,6,9,11,14
EHPT2_ROOT=1,2,3,6,9,12,13
EHPT2_ROOT=1,2,3,6,9,12,14
EHPT2_ROOT=1,2,3,6,9,13,14
EHPT2_ROOT=1,2,3,6,10,11,12
EHPT2_ROOT=1,2,3,6,10,11,13
EHPT2_ROOT=1,2,3,6,10,11,14
EHPT2_ROOT=1,2,3,6,10,12,13
EHPT2_ROOT=1,2,3,6,10,12,14
EHPT2_ROOT=1,2,3,6,10,13,14
EHPT2_ROOT=1,2,3,6,11,12,13
EHPT2_ROOT=1,2,3,6,11,12,14
EHPT2_ROOT=1,2,3,6,11,13,14
EHPT2_ROOT=1,2,3,6,12,13,14
EHPT2_ROOT=1,2,3,7,8,9,10
EHPT2_ROOT=1,2,3,7,8,9,11
EHPT2_ROOT=1,2,3,7,8,9,12
EHPT2_ROOT=1,2,3,7,8,9,13
EHPT2_ROOT=1,2,3,7,8,9,14
EHPT2_ROOT=1,2,3,7,8,10,11
EHPT2_ROOT=1,2,3,7,8,10,12
EHPT2_ROOT=1,2,3,7,8,10,13
EHPT2_ROOT=1,2,3,7,8,10,14
EHPT2_ROOT=1,2,3,7,8,11,12
EHPT2_ROOT=1,2,3,7,8,11,13
EHPT2_ROOT=1,2,3,7,8,11,14
EHPT2_ROOT=1,2,3,7,8,12,13
EHPT2_ROOT=1,2,3,7,8,12,14
EHPT2_ROOT=1,2,3,7,8,13,14
EHPT2_ROOT=1,2,3,7,9,10,11
EHPT2_ROOT=1,2,3,7,9,10,12
EHPT2_ROOT=1,2,3,7,9,10,13
EHPT2_ROOT=1,2,3,7,9,10,14
EHPT2_ROOT=1,2,3,7,9,11,12
EHPT2_ROOT=1,2,3,7,9,11,13
EHPT2_ROOT=1,2,3,7,9,11,14
EHPT2_ROOT=1,2,3,7,9,12,13
EHPT2_ROOT=1,2,3,7,9,12,14
EHPT2_ROOT=1,2,3,7,9,13,14
EHPT2_ROOT=1,2,3,7,10,11,12
EHPT2_ROOT=1,2,3,7,10,11,13
EHPT2_ROOT=1,2,3,7,10,11,14
EHPT2_ROOT=1,2,3,7,10,12,13
EHPT2_ROOT=1,2,3,7,10,12,14
EHPT2_ROOT=1,2,3,7,10,13,14
EHPT2_ROOT=1,2,3,7,11,12,13
EHPT2_ROOT=1,2,3,7,11,12,14
EHPT2_ROOT=1,2,3,7,11,13,14
EHPT2_ROOT=1,2,3,7,12,13,14
EHPT2_ROOT=1,2,3,8,9,10,11
EHPT2_ROOT=1,2,3,8,9,10,12
EHPT2_ROOT=1,2,3,8,9,10,13
EHPT2_ROOT=1,2,3,8,9,10,14
EHPT2_ROOT=1,2,3,8,9,11,12
EHPT2_ROOT=1,2,3,8,9,11,13
EHPT2_ROOT=1,2,3,8,9,11,14
EHPT2_ROOT=1,2,3,8,9,12,13
EHPT2_ROOT=1,2,3,8,9,12,14
EHPT2_ROOT=1,2,3,8,9,13,14
EHPT2_ROOT=1,2,3,8,10,11,12
EHPT2_ROOT=1,2,3,8,10,11,13
EHPT2_ROOT=1,2,3,8,10,11,14
EHPT2_ROOT=1,2,3,8,10,12,13
EHPT2_ROOT=1,2,3,8,10,12,14
EHPT2_ROOT=1,2,3,8,10,13,14
EHPT2_ROOT=1,2,3,8,11,12,13
EHPT2_ROOT=1,2,3,8,11,12,14
EHPT2_ROOT=1,2,3,8,11,13,14
EHPT2_ROOT=1,2,3,8,12,13,14
EHPT2_ROOT=1,2,3,9,10,11,12
EHPT2_ROOT=1,2,3,9,10,11,13
EHPT2_ROOT=1,2,3,9,10,11,14
EHPT2_ROOT=1,2,3,9,10,12,13
EHPT2_ROOT=1,2,3,9,10,12,14
EHPT2_ROOT=1,2,3,9,10,13,14
EHPT2_ROOT=1,2,3,9,11,12,13
EHPT2_ROOT=1,2,3,9,11,12,14
EHPT2_ROOT=1,2,3,9,11,13,14
EHPT2_ROOT=1,2,3,9,12,13,14
EHPT2_ROOT=1,2,3,10,11,12,13
EHPT2_ROOT=1,2,3,10,11,12,14
EHPT2_ROOT=1,2,3,10,11,13,14
EHPT2_ROOT=1,2,3,10,12,13,14
EHPT2_ROOT=1,2,3,11,12,13,14
EHPT2_ROOT=1,2,4,5,6,7,8
EHPT2_ROOT=1,2,4,5,6,7,9
EHPT2_ROOT=1,2,4,5,6,7,10
EHPT2_ROOT=1,2,4,5,6,7,11
EHPT2_ROOT=1,2,4,5,6,7,12
EHPT2_ROOT=1,2,4,5,6,7,13
EHPT2_ROOT=1,2,4,5,6,7,14
EHPT2_ROOT=1,2,4,5,6,8,9
EHPT2_ROOT=1,2,4,5,6,8,10
EHPT2_ROOT=1,2,4,5,6,8,11
EHPT2_ROOT=1,2,4,5,6,8,12
EHPT2_ROOT=1,2,4,5,6,8,13
EHPT2_ROOT=1,2,4,5,6,8,14
EHPT2_ROOT=1,2,4,5,6,9,10
EHPT2_ROOT=1,2,4,5,6,9,11
EHPT2_ROOT=1,2,4,5,6,9,12
EHPT2_ROOT=1,2,4,5,6,9,13
EHPT2_ROOT=1,2,4,5,6,9,14
EHPT2_ROOT=1,2,4,5,6,10,11
EHPT2_ROOT=1,2,4,5,6,10,12
EHPT2_ROOT=1,2,4,5,6,10,14
EHPT2_ROOT=1,2,4,5,6,11,12
EHPT2_ROOT=1,2,4,5,6,11,13
EHPT2_ROOT=1,2,4,5,6,11,14
EHPT2_ROOT=1,2,4,5,6,12,14
EHPT2_ROOT=1,2,4,5,6,13,14
EHPT2_ROOT=1,2,4,5,7,8,9
EHPT2_ROOT=1,2,4,5,7,8,10
EHPT2_ROOT=1,2,4,5,7,8,11
EHPT2_ROOT=1,2,4,5,7,8,12
EHPT2_ROOT=1,2,4,5,7,8,13
EHPT2_ROOT=1,2,4,5,7,8,14
EHPT2_ROOT=1,2,4,5,7,9,10
EHPT2_ROOT=1,2,4,5,7,9,11
EHPT2_ROOT=1,2,4,5,7,9,12
EHPT2_ROOT=1,2,4,5,7,9,13
EHPT2_ROOT=1,2,4,5,7,9,14
EHPT2_ROOT=1,2,4,5,7,10,11
EHPT2_ROOT=1,2,4,5,7,10,12
EHPT2_ROOT=1,2,4,5,7,10,13
EHPT2_ROOT=1,2,4,5,7,10,14
EHPT2_ROOT=1,2,4,5,7,11,12
EHPT2_ROOT=1,2,4,5,7,11,13
EHPT2_ROOT=1,2,4,5,7,11,14
EHPT2_ROOT=1,2,4,5,7,12,13
EHPT2_ROOT=1,2,4,5,7,12,14
EHPT2_ROOT=1,2,4,5,7,13,14
EHPT2_ROOT=1,2,4,5,8,9,10
EHPT2_ROOT=1,2,4,5,8,9,11
EHPT2_ROOT=1,2,4,5,8,9,12
EHPT2_ROOT=1,2,4,5,8,9,13
EHPT2_ROOT=1,2,4,5,8,9,14
EHPT2_ROOT=1,2,4,5,8,10,11
EHPT2_ROOT=1,2,4,5,8,10,12
EHPT2_ROOT=1,2,4,5,8,10,13
EHPT2_ROOT=1,2,4,5,8,10,14
EHPT2_ROOT=1,2,4,5,8,11,12
EHPT2_ROOT=1,2,4,5,8,11,13
EHPT2_ROOT=1,2,4,5,8,11,14
EHPT2_ROOT=1,2,4,5,8,12,13
EHPT2_ROOT=1,2,4,5,8,12,14
EHPT2_ROOT=1,2,4,5,8,13,14
EHPT2_ROOT=1,2,4,5,9,10,11
EHPT2_ROOT=1,2,4,5,9,10,12
EHPT2_ROOT=1,2,4,5,9,10,13
EHPT2_ROOT=1,2,4,5,9,10,14
EHPT2_ROOT=1,2,4,5,9,11,12
EHPT2_ROOT=1,2,4,5,9,11,13
EHPT2_ROOT=1,2,4,5,9,11,14
EHPT2_ROOT=1,2,4,5,9,12,13
EHPT2_ROOT=1,2,4,5,9,12,14
EHPT2_ROOT=1,2,4,5,9,13,14
EHPT2_ROOT=1,2,4,5,10,11,12
EHPT2_ROOT=1,2,4,5,10,11,13
EHPT2_ROOT=1,2,4,5,10,11,14
EHPT2_ROOT=1,2,4,5,10,12,13
EHPT2_ROOT=1,2,4,5,10,12,14
EHPT2_ROOT=1,2,4,5,10,13,14
EHPT2_ROOT=1,2,4,5,11,12,13
EHPT2_ROOT=1,2,4,5,11,12,14
EHPT2_ROOT=1,2,4,5,11,13,14
EHPT2_ROOT=1,2,4,5,12,13,14
EHPT2_ROOT=1,2,4,6,7,8,9
EHPT2_ROOT=1,2,4,6,7,8,10
EHPT2_ROOT=1,2,4,6,7,8,11
EHPT2_ROOT=1,2,4,6,7,8,12
EHPT2_ROOT=1,2,4,6,7,8,13
EHPT2_ROOT=1,2,4,6,7,8,14
EHPT2_ROOT=1,2,4,6,7,9,10
EHPT2_ROOT=1,2,4,6,7,9,11
EHPT2_ROOT=1,2,4,6,7,9,12
EHPT2_ROOT=1,2,4,6,7,9,13
EHPT2_ROOT=1,2,4,6,7,9,14
EHPT2_ROOT=1,2,4,6,7,10,11
EHPT2_ROOT=1,2,4,6,7,10,12
EHPT2_ROOT=1,2,4,6,7,10,13
EHPT2_ROOT=1,2,4,6,7,10,14
EHPT2_ROOT=1,2,4,6,7,11,12
EHPT2_ROOT=1,2,4,6,7,11,13
EHPT2_ROOT=1,2,4,6,7,11,14
EHPT2_ROOT=1,2,4,6,7,12,13
EHPT2_ROOT=1,2,4,6,7,12,14
EHPT2_ROOT=1,2,4,6,7,13,14
EHPT2_ROOT=1,2,4,6,8,9,10
EHPT2_ROOT=1,2,4,6,8,9,11
EHPT2_ROOT=1,2,4,6,8,9,12
EHPT2_ROOT=1,2,4,6,8,9,13
EHPT2_ROOT=1,2,4,6,8,9,14
EHPT2_ROOT=1,2,4,6,8,10,11
EHPT2_ROOT=1,2,4,6,8,10,12
EHPT2_ROOT=1,2,4,6,8,10,13
EHPT2_ROOT=1,2,4,6,8,10,14
EHPT2_ROOT=1,2,4,6,8,11,12
EHPT2_ROOT=1,2,4,6,8,11,13
EHPT2_ROOT=1,2,4,6,8,11,14
EHPT2_ROOT=1,2,4,6,8,12,13
EHPT2_ROOT=1,2,4,6,8,12,14
EHPT2_ROOT=1,2,4,6,8,13,14
EHPT2_ROOT=1,2,4,6,9,10,11
EHPT2_ROOT=1,2,4,6,9,10,12
EHPT2_ROOT=1,2,4,6,9,10,13
EHPT2_ROOT=1,2,4,6,9,10,14
EHPT2_ROOT=1,2,4,6,9,11,12
EHPT2_ROOT=1,2,4,6,9,11,13
EHPT2_ROOT=1,2,4,6,9,11,14
EHPT2_ROOT=1,2,4,6,9,12,13
EHPT2_ROOT=1,2,4,6,9,12,14
EHPT2_ROOT=1,2,4,6,9,13,14
EHPT2_ROOT=1,2,4,6,10,11,12
EHPT2_ROOT=1,2,4,6,10,11,13
EHPT2_ROOT=1,2,4,6,10,11,14
EHPT2_ROOT=1,2,4,6,10,12,13
EHPT2_ROOT=1,2,4,6,10,12,14
EHPT2_ROOT=1,2,4,6,10,13,14
EHPT2_ROOT=1,2,4,6,11,12,13
EHPT2_ROOT=1,2,4,6,11,12,14
EHPT2_ROOT=1,2,4,6,11,13,14
EHPT2_ROOT=1,2,4,6,12,13,14
EHPT2_ROOT=1,2,4,7,8,9,10
EHPT2_ROOT=1,2,4,7,8,9,11
EHPT2_ROOT=1,2,4,7,8,9,12
EHPT2_ROOT=1,2,4,7,8,9,13
EHPT2_ROOT=1,2,4,7,8,9,14
EHPT2_ROOT=1,2,4,7,8,10,11
EHPT2_ROOT=1,2,4,7,8,10,12
EHPT2_ROOT=1,2,4,7,8,10,13
EHPT2_ROOT=1,2,4,7,8,10,14
EHPT2_ROOT=1,2,4,7,8,11,12
EHPT2_ROOT=1,2,4,7,8,11,13
EHPT2_ROOT=1,2,4,7,8,11,14
EHPT2_ROOT=1,2,4,7,8,12,13
EHPT2_ROOT=1,2,4,7,8,12,14
EHPT2_ROOT=1,2,4,7,8,13,14
EHPT2_ROOT=1,2,4,7,9,10,11
EHPT2_ROOT=1,2,4,7,9,10,12
EHPT2_ROOT=1,2,4,7,9,10,13
EHPT2_ROOT=1,2,4,7,9,10,14
EHPT2_ROOT=1,2,4,7,9,11,12
EHPT2_ROOT=1,2,4,7,9,11,13
EHPT2_ROOT=1,2,4,7,9,11,14
EHPT2_ROOT=1,2,4,7,9,12,13
EHPT2_ROOT=1,2,4,7,9,12,14
EHPT2_ROOT=1,2,4,7,9,13,14
EHPT2_ROOT=1,2,4,7,10,11,12
EHPT2_ROOT=1,2,4,7,10,11,13
EHPT2_ROOT=1,2,4,7,10,11,14
EHPT2_ROOT=1,2,4,7,10,12,13
EHPT2_ROOT=1,2,4,7,10,12,14
EHPT2_ROOT=1,2,4,7,10,13,14
EHPT2_ROOT=1,2,4,7,11,12,13
EHPT2_ROOT=1,2,4,7,11,12,14
EHPT2_ROOT=1,2,4,7,11,13,14
EHPT2_ROOT=1,2,4,7,12,13,14
EHPT2_ROOT=1,2,4,8,9,10,11
EHPT2_ROOT=1,2,4,8,9,10,12
EHPT2_ROOT=1,2,4,8,9,10,13
EHPT2_ROOT=1,2,4,8,9,10,14
EHPT2_ROOT=1,2,4,8,9,11,12
EHPT2_ROOT=1,2,4,8,9,11,13
EHPT2_ROOT=1,2,4,8,9,11,14
EHPT2_ROOT=1,2,4,8,9,12,13
EHPT2_ROOT=1,2,4,8,9,12,14
EHPT2_ROOT=1,2,4,8,9,13,14
EHPT2_ROOT=1,2,4,8,10,11,12
EHPT2_ROOT=1,2,4,8,10,11,13
EHPT2_ROOT=1,2,4,8,10,11,14
EHPT2_ROOT=1,2,4,8,10,12,13
EHPT2_ROOT=1,2,4,8,10,12,14
EHPT2_ROOT=1,2,4,8,10,13,14
EHPT2_ROOT=1,2,4,8,11,12,13
EHPT2_ROOT=1,2,4,8,11,12,14
EHPT2_ROOT=1,2,4,8,11,13,14
EHPT2_ROOT=1,2,4,8,12,13,14
EHPT2_ROOT=1,2,4,9,10,11,12
EHPT2_ROOT=1,2,4,9,10,11,13
EHPT2_ROOT=1,2,4,9,10,11,14
EHPT2_ROOT=1,2,4,9,10,12,13
EHPT2_ROOT=1,2,4,9,10,12,14
EHPT2_ROOT=1,2,4,9,10,13,14
EHPT2_ROOT=1,2,4,9,11,12,13
EHPT2_ROOT=1,2,4,9,11,12,14
EHPT2_ROOT=1,2,4,9,11,13,14
EHPT2_ROOT=1,2,4,9,12,13,14
EHPT2_ROOT=1,2,4,10,11,12,13
EHPT2_ROOT=1,2,4,10,11,12,14
EHPT2_ROOT=1,2,4,10,11,13,14
EHPT2_ROOT=1,2,4,10,12,13,14
EHPT2_ROOT=1,2,4,11,12,13,14
EHPT2_ROOT=1,2,5,6,7,8,9
EHPT2_ROOT=1,2,5,6,7,8,10
EHPT2_ROOT=1,2,5,6,7,8,11
EHPT2_ROOT=1,2,5,6,7,8,12
EHPT2_ROOT=1,2,5,6,7,8,13
EHPT2_ROOT=1,2,5,6,7,8,14
EHPT2_ROOT=1,2,5,6,7,9,10
EHPT2_ROOT=1,2,5,6,7,9,11
EHPT2_ROOT=1,2,5,6,7,9,12
EHPT2_ROOT=1,2,5,6,7,9,13
EHPT2_ROOT=1,2,5,6,7,9,14
EHPT2_ROOT=1,2,5,6,7,10,11
EHPT2_ROOT=1,2,5,6,7,10,12
EHPT2_ROOT=1,2,5,6,7,10,13
EHPT2_ROOT=1,2,5,6,7,10,14
EHPT2_ROOT=1,2,5,6,7,11,12
EHPT2_ROOT=1,2,5,6,7,11,13
EHPT2_ROOT=1,2,5,6,7,11,14
EHPT2_ROOT=1,2,5,6,7,12,13
EHPT2_ROOT=1,2,5,6,7,12,14
EHPT2_ROOT=1,2,5,6,7,13,14
EHPT2_ROOT=1,2,5,6,8,9,10
EHPT2_ROOT=1,2,5,6,8,9,11
EHPT2_ROOT=1,2,5,6,8,9,12
EHPT2_ROOT=1,2,5,6,8,9,13
EHPT2_ROOT=1,2,5,6,8,9,14
EHPT2_ROOT=1,2,5,6,8,10,11
EHPT2_ROOT=1,2,5,6,8,10,12
EHPT2_ROOT=1,2,5,6,8,10,13
EHPT2_ROOT=1,2,5,6,8,10,14
EHPT2_ROOT=1,2,5,6,8,11,12
EHPT2_ROOT=1,2,5,6,8,11,13
EHPT2_ROOT=1,2,5,6,8,11,14
EHPT2_ROOT=1,2,5,6,8,12,13
EHPT2_ROOT=1,2,5,6,8,12,14
EHPT2_ROOT=1,2,5,6,8,13,14
EHPT2_ROOT=1,2,5,6,9,10,11
EHPT2_ROOT=1,2,5,6,9,10,12
EHPT2_ROOT=1,2,5,6,9,10,13
EHPT2_ROOT=1,2,5,6,9,10,14
EHPT2_ROOT=1,2,5,6,9,11,12
EHPT2_ROOT=1,2,5,6,9,11,13
EHPT2_ROOT=1,2,5,6,9,11,14
EHPT2_ROOT=1,2,5,6,9,12,13
EHPT2_ROOT=1,2,5,6,9,12,14
EHPT2_ROOT=1,2,5,6,9,13,14
EHPT2_ROOT=1,2,5,6,10,11,12
EHPT2_ROOT=1,2,5,6,10,11,13
EHPT2_ROOT=1,2,5,6,10,11,14
EHPT2_ROOT=1,2,5,6,10,12,13
EHPT2_ROOT=1,2,5,6,10,12,14
EHPT2_ROOT=1,2,5,6,10,13,14
EHPT2_ROOT=1,2,5,6,11,12,13
EHPT2_ROOT=1,2,5,6,11,12,14
EHPT2_ROOT=1,2,5,6,11,13,14
EHPT2_ROOT=1,2,5,6,12,13,14
EHPT2_ROOT=1,2,5,7,8,9,10
EHPT2_ROOT=1,2,5,7,8,9,11
EHPT2_ROOT=1,2,5,7,8,9,12
EHPT2_ROOT=1,2,5,7,8,9,13
EHPT2_ROOT=1,2,5,7,8,9,14
EHPT2_ROOT=1,2,5,7,8,10,11
EHPT2_ROOT=1,2,5,7,8,10,12
EHPT2_ROOT=1,2,5,7,8,10,13
EHPT2_ROOT=1,2,5,7,8,10,14
EHPT2_ROOT=1,2,5,7,8,11,12
EHPT2_ROOT=1,2,5,7,8,11,13
EHPT2_ROOT=1,2,5,7,8,11,14
EHPT2_ROOT=1,2,5,7,8,12,13
EHPT2_ROOT=1,2,5,7,8,12,14
EHPT2_ROOT=1,2,5,7,8,13,14
EHPT2_ROOT=1,2,5,7,9,10,11
EHPT2_ROOT=1,2,5,7,9,10,12
EHPT2_ROOT=1,2,5,7,9,10,13
EHPT2_ROOT=1,2,5,7,9,10,14
EHPT2_ROOT=1,2,5,7,9,11,12
EHPT2_ROOT=1,2,5,7,9,11,13
EHPT2_ROOT=1,2,5,7,9,11,14
EHPT2_ROOT=1,2,5,7,9,12,13
EHPT2_ROOT=1,2,5,7,9,12,14
EHPT2_ROOT=1,2,5,7,9,13,14
EHPT2_ROOT=1,2,5,7,10,11,12
EHPT2_ROOT=1,2,5,7,10,11,13
EHPT2_ROOT=1,2,5,7,10,11,14
EHPT2_ROOT=1,2,5,7,10,12,13
EHPT2_ROOT=1,2,5,7,10,12,14
EHPT2_ROOT=1,2,5,7,10,13,14
EHPT2_ROOT=1,2,5,7,11,12,13
EHPT2_ROOT=1,2,5,7,11,12,14
EHPT2_ROOT=1,2,5,7,11,13,14
EHPT2_ROOT=1,2,5,7,12,13,14
EHPT2_ROOT=1,2,5,8,9,10,11
EHPT2_ROOT=1,2,5,8,9,10,12
EHPT2_ROOT=1,2,5,8,9,10,13
EHPT2_ROOT=1,2,5,8,9,10,14
EHPT2_ROOT=1,2,5,8,9,11,12
EHPT2_ROOT=1,2,5,8,9,11,13
EHPT2_ROOT=1,2,5,8,9,11,14
EHPT2_ROOT=1,2,5,8,9,12,13
EHPT2_ROOT=1,2,5,8,9,12,14
EHPT2_ROOT=1,2,5,8,9,13,14
EHPT2_ROOT=1,2,5,8,10,11,12
EHPT2_ROOT=1,2,5,8,10,11,13
EHPT2_ROOT=1,2,5,8,10,11,14
EHPT2_ROOT=1,2,5,8,10,12,13
EHPT2_ROOT=1,2,5,8,10,12,14
EHPT2_ROOT=1,2,5,8,10,13,14
EHPT2_ROOT=1,2,5,8,11,12,13
EHPT2_ROOT=1,2,5,8,11,12,14
EHPT2_ROOT=1,2,5,8,11,13,14
EHPT2_ROOT=1,2,5,8,12,13,14
EHPT2_ROOT=1,2,5,9,10,11,12
EHPT2_ROOT=1,2,5,9,10,11,13
EHPT2_ROOT=1,2,5,9,10,11,14
EHPT2_ROOT=1,2,5,9,10,12,13
EHPT2_ROOT=1,2,5,9,10,12,14
EHPT2_ROOT=1,2,5,9,10,13,14
EHPT2_ROOT=1,2,5,9,11,12,13
EHPT2_ROOT=1,2,5,9,11,12,14
EHPT2_ROOT=1,2,5,9,11,13,14
EHPT2_ROOT=1,2,5,9,12,13,14
EHPT2_ROOT=1,2,5,10,11,12,13
EHPT2_ROOT=1,2,5,10,11,12,14
EHPT2_ROOT=1,2,5,10,11,13,14
EHPT2_ROOT=1,2,5,10,12,13,14
EHPT2_ROOT=1,2,5,11,12,13,14
EHPT2_ROOT=1,2,6,7,8,9,10
EHPT2_ROOT=1,2,6,7,8,9,11
EHPT2_ROOT=1,2,6,7,8,9,12
EHPT2_ROOT=1,2,6,7,8,9,13
EHPT2_ROOT=1,2,6,7,8,9,14
EHPT2_ROOT=1,2,6,7,8,10,11
EHPT2_ROOT=1,2,6,7,8,10,12
EHPT2_ROOT=1,2,6,7,8,10,13
EHPT2_ROOT=1,2,6,7,8,10,14
EHPT2_ROOT=1,2,6,7,8,11,12
EHPT2_ROOT=1,2,6,7,8,11,13
EHPT2_ROOT=1,2,6,7,8,11,14
EHPT2_ROOT=1,2,6,7,8,12,13
EHPT2_ROOT=1,2,6,7,8,12,14
EHPT2_ROOT=1,2,6,7,8,13,14
EHPT2_ROOT=1,2,6,7,9,10,11
EHPT2_ROOT=1,2,6,7,9,10,12
EHPT2_ROOT=1,2,6,7,9,10,13
EHPT2_ROOT=1,2,6,7,9,10,14
EHPT2_ROOT=1,2,6,7,9,11,12
EHPT2_ROOT=1,2,6,7,9,11,13
EHPT2_ROOT=1,2,6,7,9,11,14
EHPT2_ROOT=1,2,6,7,9,12,13
EHPT2_ROOT=1,2,6,7,9,12,14
EHPT2_ROOT=1,2,6,7,9,13,14
EHPT2_ROOT=1,2,6,7,10,11,12
EHPT2_ROOT=1,2,6,7,10,11,13
EHPT2_ROOT=1,2,6,7,10,11,14
EHPT2_ROOT=1,2,6,7,10,12,13
EHPT2_ROOT=1,2,6,7,10,12,14
EHPT2_ROOT=1,2,6,7,10,13,14
EHPT2_ROOT=1,2,6,7,11,12,13
EHPT2_ROOT=1,2,6,7,11,12,14
EHPT2_ROOT=1,2,6,7,11,13,14
EHPT2_ROOT=1,2,6,7,12,13,14
EHPT2_ROOT=1,2,6,8,9,10,11
EHPT2_ROOT=1,2,6,8,9,10,12
EHPT2_ROOT=1,2,6,8,9,10,13
EHPT2_ROOT=1,2,6,8,9,10,14
EHPT2_ROOT=1,2,6,8,9,11,12
EHPT2_ROOT=1,2,6,8,9,11,13
EHPT2_ROOT=1,2,6,8,9,11,14
EHPT2_ROOT=1,2,6,8,9,12,13
EHPT2_ROOT=1,2,6,8,9,12,14
EHPT2_ROOT=1,2,6,8,9,13,14
EHPT2_ROOT=1,2,6,8,10,11,12
EHPT2_ROOT=1,2,6,8,10,11,13
EHPT2_ROOT=1,2,6,8,10,11,14
EHPT2_ROOT=1,2,6,8,10,12,13
EHPT2_ROOT=1,2,6,8,10,12,14
EHPT2_ROOT=1,2,6,8,10,13,14
EHPT2_ROOT=1,2,6,8,11,12,13
EHPT2_ROOT=1,2,6,8,11,12,14
EHPT2_ROOT=1,2,6,8,11,13,14
EHPT2_ROOT=1,2,6,8,12,13,14
EHPT2_ROOT=1,2,6,9,10,11,12
EHPT2_ROOT=1,2,6,9,10,11,13
EHPT2_ROOT=1,2,6,9,10,11,14
EHPT2_ROOT=1,2,6,9,10,12,13
EHPT2_ROOT=1,2,6,9,10,12,14
EHPT2_ROOT=1,2,6,9,10,13,14
EHPT2_ROOT=1,2,6,9,11,12,13
EHPT2_ROOT=1,2,6,9,11,12,14
EHPT2_ROOT=1,2,6,9,11,13,14
EHPT2_ROOT=1,2,6,9,12,13,14
EHPT2_ROOT=1,2,6,10,11,12,13
EHPT2_ROOT=1,2,6,10,11,12,14
EHPT2_ROOT=1,2,6,10,11,13,14
EHPT2_ROOT=1,2,6,10,12,13,14
EHPT2_ROOT=1,2,6,11,12,13,14
EHPT2_ROOT=1,2,7,8,9,10,11
EHPT2_ROOT=1,2,7,8,9,10,12
EHPT2_ROOT=1,2,7,8,9,10,13
EHPT2_ROOT=1,2,7,8,9,10,14
EHPT2_ROOT=1,2,7,8,9,11,12
EHPT2_ROOT=1,2,7,8,9,11,13
EHPT2_ROOT=1,2,7,8,9,11,14
EHPT2_ROOT=1,2,7,8,9,12,13
EHPT2_ROOT=1,2,7,8,9,12,14
EHPT2_ROOT=1,2,7,8,9,13,14
EHPT2_ROOT=1,2,7,8,10,11,12
EHPT2_ROOT=1,2,7,8,10,11,13
EHPT2_ROOT=1,2,7,8,10,11,14
EHPT2_ROOT=1,2,7,8,10,12,13
EHPT2_ROOT=1,2,7,8,10,12,14
EHPT2_ROOT=1,2,7,8,10,13,14
EHPT2_ROOT=1,2,7,8,11,12,13
EHPT2_ROOT=1,2,7,8,11,12,14
EHPT2_ROOT=1,2,7,8,11,13,14
EHPT2_ROOT=1,2,7,8,12,13,14
EHPT2_ROOT=1,2,7,9,10,11,12
EHPT2_ROOT=1,2,7,9,10,11,13
EHPT2_ROOT=1,2,7,9,10,11,14
EHPT2_ROOT=1,2,7,9,10,12,13
EHPT2_ROOT=1,2,7,9,10,12,14
EHPT2_ROOT=1,2,7,9,10,13,14
EHPT2_ROOT=1,2,7,9,11,12,13
EHPT2_ROOT=1,2,7,9,11,12,14
EHPT2_ROOT=1,2,7,9,11,13,14
EHPT2_ROOT=1,2,7,9,12,13,14
EHPT2_ROOT=1,2,7,10,11,12,13
EHPT2_ROOT=1,2,7,10,11,12,14
EHPT2_ROOT=1,2,7,10,11,13,14
EHPT2_ROOT=1,2,7,10,12,13,14
EHPT2_ROOT=1,2,7,11,12,13,14
EHPT2_ROOT=1,2,8,9,10,11,12
EHPT2_ROOT=1,2,8,9,10,11,13
EHPT2_ROOT=1,2,8,9,10,11,14
EHPT2_ROOT=1,2,8,9,10,12,13
EHPT2_ROOT=1,2,8,9,10,12,14
EHPT2_ROOT=1,2,8,9,10,13,14
EHPT2_ROOT=1,2,8,9,11,12,13
EHPT2_ROOT=1,2,8,9,11,12,14
EHPT2_ROOT=1,2,8,9,11,13,14
EHPT2_ROOT=1,2,8,9,12,13,14
EHPT2_ROOT=1,2,8,10,11,12,13
EHPT2_ROOT=1,2,8,10,11,12,14
EHPT2_ROOT=1,2,8,10,11,13,14
EHPT2_ROOT=1,2,8,10,12,13,14
EHPT2_ROOT=1,2,8,11,12,13,14
EHPT2_ROOT=1,2,9,10,11,12,13
EHPT2_ROOT=1,2,9,10,11,12,14
EHPT2_ROOT=1,2,9,10,11,13,14
EHPT2_ROOT=1,2,9,10,12,13,14
EHPT2_ROOT=1,2,9,11,12,13,14
EHPT2_ROOT=1,2,10,11,12,13,14
EHPT2_ROOT=1,3,4,5,6,7,8
EHPT2_ROOT=1,3,4,5,6,7,9
EHPT2_ROOT=1,3,4,5,6,7,10
EHPT2_ROOT=1,3,4,5,6,7,11
EHPT2_ROOT=1,3,4,5,6,7,12
EHPT2_ROOT=1,3,4,5,6,7,13
EHPT2_ROOT=1,3,4,5,6,8,9
EHPT2_ROOT=1,3,4,5,6,8,10
EHPT2_ROOT=1,3,4,5,6,8,11
EHPT2_ROOT=1,3,4,5,6,8,12
EHPT2_ROOT=1,3,4,5,6,8,13
EHPT2_ROOT=1,3,4,5,6,8,14
EHPT2_ROOT=1,3,4,5,6,9,10
EHPT2_ROOT=1,3,4,5,6,9,11
EHPT2_ROOT=1,3,4,5,6,9,12
EHPT2_ROOT=1,3,4,5,6,9,13
EHPT2_ROOT=1,3,4,5,6,9,14
EHPT2_ROOT=1,3,4,5,6,10,11
EHPT2_ROOT=1,3,4,5,6,10,12
EHPT2_ROOT=1,3,4,5,6,10,13
EHPT2_ROOT=1,3,4,5,6,10,14
EHPT2_ROOT=1,3,4,5,6,11,12
EHPT2_ROOT=1,3,4,5,6,11,13
EHPT2_ROOT=1,3,4,5,6,11,14
EHPT2_ROOT=1,3,4,5,6,12,13
EHPT2_ROOT=1,3,4,5,6,12,14
EHPT2_ROOT=1,3,4,5,6,13,14
EHPT2_ROOT=1,3,4,5,7,8,9
EHPT2_ROOT=1,3,4,5,7,8,10
EHPT2_ROOT=1,3,4,5,7,8,11
EHPT2_ROOT=1,3,4,5,7,8,12
EHPT2_ROOT=1,3,4,5,7,8,13
EHPT2_ROOT=1,3,4,5,7,8,14
EHPT2_ROOT=1,3,4,5,7,9,10
EHPT2_ROOT=1,3,4,5,7,9,11
EHPT2_ROOT=1,3,4,5,7,9,12
EHPT2_ROOT=1,3,4,5,7,9,13
EHPT2_ROOT=1,3,4,5,7,9,14
EHPT2_ROOT=1,3,4,5,7,10,11
EHPT2_ROOT=1,3,4,5,7,10,12
EHPT2_ROOT=1,3,4,5,7,10,13
EHPT2_ROOT=1,3,4,5,7,10,14
EHPT2_ROOT=1,3,4,5,7,11,12
EHPT2_ROOT=1,3,4,5,7,11,13
EHPT2_ROOT=1,3,4,5,7,11,14
EHPT2_ROOT=1,3,4,5,7,12,13
EHPT2_ROOT=1,3,4,5,7,12,14
EHPT2_ROOT=1,3,4,5,7,13,14
EHPT2_ROOT=1,3,4,5,8,9,10
EHPT2_ROOT=1,3,4,5,8,9,11
EHPT2_ROOT=1,3,4,5,8,9,12
EHPT2_ROOT=1,3,4,5,8,9,13
EHPT2_ROOT=1,3,4,5,8,9,14
EHPT2_ROOT=1,3,4,5,8,10,11
EHPT2_ROOT=1,3,4,5,8,10,12
EHPT2_ROOT=1,3,4,5,8,10,13
EHPT2_ROOT=1,3,4,5,8,10,14
EHPT2_ROOT=1,3,4,5,8,11,12
EHPT2_ROOT=1,3,4,5,8,11,13
EHPT2_ROOT=1,3,4,5,8,11,14
EHPT2_ROOT=1,3,4,5,8,12,13
EHPT2_ROOT=1,3,4,5,8,12,14
EHPT2_ROOT=1,3,4,5,8,13,14
EHPT2_ROOT=1,3,4,5,9,10,11
EHPT2_ROOT=1,3,4,5,9,10,12
EHPT2_ROOT=1,3,4,5,9,10,13
EHPT2_ROOT=1,3,4,5,9,10,14
EHPT2_ROOT=1,3,4,5,9,11,12
EHPT2_ROOT=1,3,4,5,9,11,13
EHPT2_ROOT=1,3,4,5,9,11,14
EHPT2_ROOT=1,3,4,5,9,12,13
EHPT2_ROOT=1,3,4,5,9,12,14
EHPT2_ROOT=1,3,4,5,9,13,14
EHPT2_ROOT=1,3,4,5,10,11,12
EHPT2_ROOT=1,3,4,5,10,11,13
EHPT2_ROOT=1,3,4,5,10,11,14
EHPT2_ROOT=1,3,4,5,10,12,13
EHPT2_ROOT=1,3,4,5,10,12,14
EHPT2_ROOT=1,3,4,5,10,13,14
EHPT2_ROOT=1,3,4,5,11,12,13
EHPT2_ROOT=1,3,4,5,11,12,14
EHPT2_ROOT=1,3,4,5,11,13,14
EHPT2_ROOT=1,3,4,5,12,13,14
EHPT2_ROOT=1,3,4,6,7,8,9
EHPT2_ROOT=1,3,4,6,7,8,10
EHPT2_ROOT=1,3,4,6,7,8,11
EHPT2_ROOT=1,3,4,6,7,8,12
EHPT2_ROOT=1,3,4,6,7,8,13
EHPT2_ROOT=1,3,4,6,7,8,14
EHPT2_ROOT=1,3,4,6,7,9,10
EHPT2_ROOT=1,3,4,6,7,9,11
EHPT2_ROOT=1,3,4,6,7,9,12
EHPT2_ROOT=1,3,4,6,7,9,13
EHPT2_ROOT=1,3,4,6,7,9,14
EHPT2_ROOT=1,3,4,6,7,10,11
EHPT2_ROOT=1,3,4,6,7,10,12
EHPT2_ROOT=1,3,4,6,7,10,13
EHPT2_ROOT=1,3,4,6,7,10,14
EHPT2_ROOT=1,3,4,6,7,11,12
EHPT2_ROOT=1,3,4,6,7,11,13
EHPT2_ROOT=1,3,4,6,7,11,14
EHPT2_ROOT=1,3,4,6,7,12,13
EHPT2_ROOT=1,3,4,6,7,12,14
EHPT2_ROOT=1,3,4,6,7,13,14
EHPT2_ROOT=1,3,4,6,8,9,10
EHPT2_ROOT=1,3,4,6,8,9,11
EHPT2_ROOT=1,3,4,6,8,9,12
EHPT2_ROOT=1,3,4,6,8,9,13
EHPT2_ROOT=1,3,4,6,8,9,14
EHPT2_ROOT=1,3,4,6,8,10,11
EHPT2_ROOT=1,3,4,6,8,10,12
EHPT2_ROOT=1,3,4,6,8,10,13
EHPT2_ROOT=1,3,4,6,8,10,14
EHPT2_ROOT=1,3,4,6,8,11,12
EHPT2_ROOT=1,3,4,6,8,11,13
EHPT2_ROOT=1,3,4,6,8,11,14
EHPT2_ROOT=1,3,4,6,8,12,13
EHPT2_ROOT=1,3,4,6,8,12,14
EHPT2_ROOT=1,3,4,6,8,13,14
EHPT2_ROOT=1,3,4,6,9,10,11
EHPT2_ROOT=1,3,4,6,9,10,12
EHPT2_ROOT=1,3,4,6,9,10,13
EHPT2_ROOT=1,3,4,6,9,10,14
EHPT2_ROOT=1,3,4,6,9,11,12
EHPT2_ROOT=1,3,4,6,9,11,13
EHPT2_ROOT=1,3,4,6,9,11,14
EHPT2_ROOT=1,3,4,6,9,12,13
EHPT2_ROOT=1,3,4,6,9,12,14
EHPT2_ROOT=1,3,4,6,9,13,14
EHPT2_ROOT=1,3,4,6,10,11,12
EHPT2_ROOT=1,3,4,6,10,11,13
EHPT2_ROOT=1,3,4,6,10,11,14
EHPT2_ROOT=1,3,4,6,10,12,13
EHPT2_ROOT=1,3,4,6,10,12,14
EHPT2_ROOT=1,3,4,6,10,13,14
EHPT2_ROOT=1,3,4,6,11,12,13
EHPT2_ROOT=1,3,4,6,11,12,14
EHPT2_ROOT=1,3,4,6,11,13,14
EHPT2_ROOT=1,3,4,6,12,13,14
EHPT2_ROOT=1,3,4,7,8,9,10
EHPT2_ROOT=1,3,4,7,8,9,11
EHPT2_ROOT=1,3,4,7,8,9,12
EHPT2_ROOT=1,3,4,7,8,9,13
EHPT2_ROOT=1,3,4,7,8,9,14
EHPT2_ROOT=1,3,4,7,8,10,11
EHPT2_ROOT=1,3,4,7,8,10,12
EHPT2_ROOT=1,3,4,7,8,10,13
EHPT2_ROOT=1,3,4,7,8,10,14
EHPT2_ROOT=1,3,4,7,8,11,12
EHPT2_ROOT=1,3,4,7,8,11,13
EHPT2_ROOT=1,3,4,7,8,11,14
EHPT2_ROOT=1,3,4,7,8,12,13
EHPT2_ROOT=1,3,4,7,8,12,14
EHPT2_ROOT=1,3,4,7,8,13,14
EHPT2_ROOT=1,3,4,7,9,10,11
EHPT2_ROOT=1,3,4,7,9,10,12
EHPT2_ROOT=1,3,4,7,9,10,13
EHPT2_ROOT=1,3,4,7,9,10,14
EHPT2_ROOT=1,3,4,7,9,11,12
EHPT2_ROOT=1,3,4,7,9,11,13
EHPT2_ROOT=1,3,4,7,9,11,14
EHPT2_ROOT=1,3,4,7,9,12,13
EHPT2_ROOT=1,3,4,7,9,12,14
EHPT2_ROOT=1,3,4,7,9,13,14
EHPT2_ROOT=1,3,4,7,10,11,12
EHPT2_ROOT=1,3,4,7,10,11,13
EHPT2_ROOT=1,3,4,7,10,11,14
EHPT2_ROOT=1,3,4,7,10,12,13
EHPT2_ROOT=1,3,4,7,10,12,14
EHPT2_ROOT=1,3,4,7,10,13,14
EHPT2_ROOT=1,3,4,7,11,12,13
EHPT2_ROOT=1,3,4,7,11,12,14
EHPT2_ROOT=1,3,4,7,11,13,14
EHPT2_ROOT=1,3,4,7,12,13,14
EHPT2_ROOT=1,3,4,8,9,10,11
EHPT2_ROOT=1,3,4,8,9,10,12
EHPT2_ROOT=1,3,4,8,9,10,13
EHPT2_ROOT=1,3,4,8,9,10,14
EHPT2_ROOT=1,3,4,8,9,11,12
EHPT2_ROOT=1,3,4,8,9,11,13
EHPT2_ROOT=1,3,4,8,9,11,14
EHPT2_ROOT=1,3,4,8,9,12,13
EHPT2_ROOT=1,3,4,8,9,12,14
EHPT2_ROOT=1,3,4,8,9,13,14
EHPT2_ROOT=1,3,4,8,10,11,12
EHPT2_ROOT=1,3,4,8,10,11,13
EHPT2_ROOT=1,3,4,8,10,11,14
EHPT2_ROOT=1,3,4,8,10,12,13
EHPT2_ROOT=1,3,4,8,10,12,14
EHPT2_ROOT=1,3,4,8,10,13,14
EHPT2_ROOT=1,3,4,8,11,12,13
EHPT2_ROOT=1,3,4,8,11,12,14
EHPT2_ROOT=1,3,4,8,11,13,14
EHPT2_ROOT=1,3,4,8,12,13,14
EHPT2_ROOT=1,3,4,9,10,11,12
EHPT2_ROOT=1,3,4,9,10,11,13
EHPT2_ROOT=1,3,4,9,10,11,14
EHPT2_ROOT=1,3,4,9,10,12,13
EHPT2_ROOT=1,3,4,9,10,12,14
EHPT2_ROOT=1,3,4,9,10,13,14
EHPT2_ROOT=1,3,4,9,11,12,13
EHPT2_ROOT=1,3,4,9,11,12,14
EHPT2_ROOT=1,3,4,9,11,13,14
EHPT2_ROOT=1,3,4,9,12,13,14
EHPT2_ROOT=1,3,4,10,11,12,13
EHPT2_ROOT=1,3,4,10,11,12,14
EHPT2_ROOT=1,3,4,10,11,13,14
EHPT2_ROOT=1,3,4,10,12,13,14
EHPT2_ROOT=1,3,4,11,12,13,14
EHPT2_ROOT=1,3,5,6,7,8,9
EHPT2_ROOT=1,3,5,6,7,8,10
EHPT2_ROOT=1,3,5,6,7,8,11
EHPT2_ROOT=1,3,5,6,7,8,12
EHPT2_ROOT=1,3,5,6,7,8,13
EHPT2_ROOT=1,3,5,6,7,8,14
EHPT2_ROOT=1,3,5,6,7,9,10
EHPT2_ROOT=1,3,5,6,7,9,11
EHPT2_ROOT=1,3,5,6,7,9,12
EHPT2_ROOT=1,3,5,6,7,9,13
EHPT2_ROOT=1,3,5,6,7,9,14
EHPT2_ROOT=1,3,5,6,7,10,11
EHPT2_ROOT=1,3,5,6,7,10,12
EHPT2_ROOT=1,3,5,6,7,10,13
EHPT2_ROOT=1,3,5,6,7,10,14
EHPT2_ROOT=1,3,5,6,7,11,12
EHPT2_ROOT=1,3,5,6,7,11,13
EHPT2_ROOT=1,3,5,6,7,11,14
EHPT2_ROOT=1,3,5,6,7,12,13
EHPT2_ROOT=1,3,5,6,7,12,14
EHPT2_ROOT=1,3,5,6,7,13,14
EHPT2_ROOT=1,3,5,6,8,9,10
EHPT2_ROOT=1,3,5,6,8,9,11
EHPT2_ROOT=1,3,5,6,8,9,12
EHPT2_ROOT=1,3,5,6,8,9,13
EHPT2_ROOT=1,3,5,6,8,9,14
EHPT2_ROOT=1,3,5,6,8,10,11
EHPT2_ROOT=1,3,5,6,8,10,12
EHPT2_ROOT=1,3,5,6,8,10,13
EHPT2_ROOT=1,3,5,6,8,10,14
EHPT2_ROOT=1,3,5,6,8,11,12
EHPT2_ROOT=1,3,5,6,8,11,13
EHPT2_ROOT=1,3,5,6,8,11,14
EHPT2_ROOT=1,3,5,6,8,12,13
EHPT2_ROOT=1,3,5,6,8,12,14
EHPT2_ROOT=1,3,5,6,8,13,14
EHPT2_ROOT=1,3,5,6,9,10,11
EHPT2_ROOT=1,3,5,6,9,10,12
EHPT2_ROOT=1,3,5,6,9,10,13
EHPT2_ROOT=1,3,5,6,9,10,14
EHPT2_ROOT=1,3,5,6,9,11,12
EHPT2_ROOT=1,3,5,6,9,11,13
EHPT2_ROOT=1,3,5,6,9,11,14
EHPT2_ROOT=1,3,5,6,9,12,13
EHPT2_ROOT=1,3,5,6,9,12,14
EHPT2_ROOT=1,3,5,6,9,13,14
EHPT2_ROOT=1,3,5,6,10,11,12
EHPT2_ROOT=1,3,5,6,10,11,13
EHPT2_ROOT=1,3,5,6,10,11,14
EHPT2_ROOT=1,3,5,6,10,12,13
EHPT2_ROOT=1,3,5,6,10,12,14
EHPT2_ROOT=1,3,5,6,10,13,14
EHPT2_ROOT=1,3,5,6,11,12,13
EHPT2_ROOT=1,3,5,6,11,12,14
EHPT2_ROOT=1,3,5,6,11,13,14
EHPT2_ROOT=1,3,5,6,12,13,14
EHPT2_ROOT=1,3,5,7,8,9,10
EHPT2_ROOT=1,3,5,7,8,9,11
EHPT2_ROOT=1,3,5,7,8,9,12
EHPT2_ROOT=1,3,5,7,8,9,13
EHPT2_ROOT=1,3,5,7,8,9,14
EHPT2_ROOT=1,3,5,7,8,10,11
EHPT2_ROOT=1,3,5,7,8,10,12
EHPT2_ROOT=1,3,5,7,8,10,13
EHPT2_ROOT=1,3,5,7,8,10,14
EHPT2_ROOT=1,3,5,7,8,11,12
EHPT2_ROOT=1,3,5,7,8,11,13
EHPT2_ROOT=1,3,5,7,8,11,14
EHPT2_ROOT=1,3,5,7,8,12,13
EHPT2_ROOT=1,3,5,7,8,12,14
EHPT2_ROOT=1,3,5,7,8,13,14
EHPT2_ROOT=1,3,5,7,9,10,11
EHPT2_ROOT=1,3,5,7,9,10,12
EHPT2_ROOT=1,3,5,7,9,10,13
EHPT2_ROOT=1,3,5,7,9,10,14
EHPT2_ROOT=1,3,5,7,9,11,12
EHPT2_ROOT=1,3,5,7,9,11,13
EHPT2_ROOT=1,3,5,7,9,11,14
EHPT2_ROOT=1,3,5,7,9,12,13
EHPT2_ROOT=1,3,5,7,9,12,14
EHPT2_ROOT=1,3,5,7,9,13,14
EHPT2_ROOT=1,3,5,7,10,11,12
EHPT2_ROOT=1,3,5,7,10,11,13
EHPT2_ROOT=1,3,5,7,10,11,14
EHPT2_ROOT=1,3,5,7,10,12,13
EHPT2_ROOT=1,3,5,7,10,12,14
EHPT2_ROOT=1,3,5,7,10,13,14
EHPT2_ROOT=1,3,5,7,11,12,13
EHPT2_ROOT=1,3,5,7,11,12,14
EHPT2_ROOT=1,3,5,7,11,13,14
EHPT2_ROOT=1,3,5,7,12,13,14
EHPT2_ROOT=1,3,5,8,9,10,11
EHPT2_ROOT=1,3,5,8,9,10,12
EHPT2_ROOT=1,3,5,8,9,10,13
EHPT2_ROOT=1,3,5,8,9,10,14
EHPT2_ROOT=1,3,5,8,9,11,12
EHPT2_ROOT=1,3,5,8,9,11,13
EHPT2_ROOT=1,3,5,8,9,11,14
EHPT2_ROOT=1,3,5,8,9,12,13
EHPT2_ROOT=1,3,5,8,9,12,14
EHPT2_ROOT=1,3,5,8,9,13,14
EHPT2_ROOT=1,3,5,8,10,11,12
EHPT2_ROOT=1,3,5,8,10,11,13
EHPT2_ROOT=1,3,5,8,10,11,14
EHPT2_ROOT=1,3,5,8,10,12,13
EHPT2_ROOT=1,3,5,8,10,12,14
EHPT2_ROOT=1,3,5,8,10,13,14
EHPT2_ROOT=1,3,5,8,11,12,13
EHPT2_ROOT=1,3,5,8,11,12,14
EHPT2_ROOT=1,3,5,8,11,13,14
EHPT2_ROOT=1,3,5,8,12,13,14
EHPT2_ROOT=1,3,5,9,10,11,12
EHPT2_ROOT=1,3,5,9,10,11,13
EHPT2_ROOT=1,3,5,9,10,11,14
EHPT2_ROOT=1,3,5,9,10,12,13
EHPT2_ROOT=1,3,5,9,10,12,14
EHPT2_ROOT=1,3,5,9,10,13,14
EHPT2_ROOT=1,3,5,9,11,12,13
EHPT2_ROOT=1,3,5,9,11,12,14
EHPT2_ROOT=1,3,5,9,11,13,14
EHPT2_ROOT=1,3,5,9,12,13,14
EHPT2_ROOT=1,3,5,10,11,12,13
EHPT2_ROOT=1,3,5,10,11,12,14
EHPT2_ROOT=1,3,5,10,11,13,14
EHPT2_ROOT=1,3,5,10,12,13,14
EHPT2_ROOT=1,3,5,11,12,13,14
EHPT2_ROOT=1,3,6,7,8,9,10
EHPT2_ROOT=1,3,6,7,8,9,11
EHPT2_ROOT=1,3,6,7,8,9,12
EHPT2_ROOT=1,3,6,7,8,9,13
EHPT2_ROOT=1,3,6,7,8,9,14
EHPT2_ROOT=1,3,6,7,8,10,11
EHPT2_ROOT=1,3,6,7,8,10,12
EHPT2_ROOT=1,3,6,7,8,10,13
EHPT2_ROOT=1,3,6,7,8,10,14
EHPT2_ROOT=1,3,6,7,8,11,12
EHPT2_ROOT=1,3,6,7,8,11,13
EHPT2_ROOT=1,3,6,7,8,11,14
EHPT2_ROOT=1,3,6,7,8,12,13
EHPT2_ROOT=1,3,6,7,8,12,14
EHPT2_ROOT=1,3,6,7,8,13,14
EHPT2_ROOT=1,3,6,7,9,10,11
EHPT2_ROOT=1,3,6,7,9,10,12
EHPT2_ROOT=1,3,6,7,9,10,13
EHPT2_ROOT=1,3,6,7,9,10,14
EHPT2_ROOT=1,3,6,7,9,11,12
EHPT2_ROOT=1,3,6,7,9,11,13
EHPT2_ROOT=1,3,6,7,9,11,14
EHPT2_ROOT=1,3,6,7,9,12,13
EHPT2_ROOT=1,3,6,7,9,12,14
EHPT2_ROOT=1,3,6,7,9,13,14
EHPT2_ROOT=1,3,6,7,10,11,12
EHPT2_ROOT=1,3,6,7,10,11,13
EHPT2_ROOT=1,3,6,7,10,11,14
EHPT2_ROOT=1,3,6,7,10,12,13
EHPT2_ROOT=1,3,6,7,10,12,14
EHPT2_ROOT=1,3,6,7,10,13,14
EHPT2_ROOT=1,3,6,7,11,12,13
EHPT2_ROOT=1,3,6,7,11,12,14
EHPT2_ROOT=1,3,6,7,11,13,14
EHPT2_ROOT=1,3,6,7,12,13,14
EHPT2_ROOT=1,3,6,8,9,10,11
EHPT2_ROOT=1,3,6,8,9,10,12
EHPT2_ROOT=1,3,6,8,9,10,13
EHPT2_ROOT=1,3,6,8,9,10,14
EHPT2_ROOT=1,3,6,8,9,11,12
EHPT2_ROOT=1,3,6,8,9,11,13
EHPT2_ROOT=1,3,6,8,9,11,14
EHPT2_ROOT=1,3,6,8,9,12,13
EHPT2_ROOT=1,3,6,8,9,12,14
EHPT2_ROOT=1,3,6,8,9,13,14
EHPT2_ROOT=1,3,6,8,10,11,12
EHPT2_ROOT=1,3,6,8,10,11,13
EHPT2_ROOT=1,3,6,8,10,11,14
EHPT2_ROOT=1,3,6,8,10,12,13
EHPT2_ROOT=1,3,6,8,10,12,14
EHPT2_ROOT=1,3,6,8,10,13,14
EHPT2_ROOT=1,3,6,8,11,12,13
EHPT2_ROOT=1,3,6,8,11,12,14
EHPT2_ROOT=1,3,6,8,11,13,14
EHPT2_ROOT=1,3,6,8,12,13,14
EHPT2_ROOT=1,3,6,9,10,11,12
EHPT2_ROOT=1,3,6,9,10,11,13
EHPT2_ROOT=1,3,6,9,10,11,14
EHPT2_ROOT=1,3,6,9,10,12,13
EHPT2_ROOT=1,3,6,9,10,12,14
EHPT2_ROOT=1,3,6,9,10,13,14
EHPT2_ROOT=1,3,6,9,11,12,13
EHPT2_ROOT=1,3,6,9,11,12,14
EHPT2_ROOT=1,3,6,9,11,13,14
EHPT2_ROOT=1,3,6,9,12,13,14
EHPT2_ROOT=1,3,6,10,11,12,13
EHPT2_ROOT=1,3,6,10,11,12,14
EHPT2_ROOT=1,3,6,10,11,13,14
EHPT2_ROOT=1,3,6,10,12,13,14
EHPT2_ROOT=1,3,6,11,12,13,14
EHPT2_ROOT=1,3,7,8,9,10,11
EHPT2_ROOT=1,3,7,8,9,10,12
EHPT2_ROOT=1,3,7,8,9,10,13
EHPT2_ROOT=1,3,7,8,9,10,14
EHPT2_ROOT=1,3,7,8,9,11,12
EHPT2_ROOT=1,3,7,8,9,11,13
EHPT2_ROOT=1,3,7,8,9,11,14
EHPT2_ROOT=1,3,7,8,9,12,13
EHPT2_ROOT=1,3,7,8,9,12,14
EHPT2_ROOT=1,3,7,8,9,13,14
EHPT2_ROOT=1,3,7,8,10,11,12
EHPT2_ROOT=1,3,7,8,10,11,13
EHPT2_ROOT=1,3,7,8,10,11,14
EHPT2_ROOT=1,3,7,8,10,12,13
EHPT2_ROOT=1,3,7,8,10,12,14
EHPT2_ROOT=1,3,7,8,10,13,14
EHPT2_ROOT=1,3,7,8,11,12,13
EHPT2_ROOT=1,3,7,8,11,12,14
EHPT2_ROOT=1,3,7,8,11,13,14
EHPT2_ROOT=1,3,7,8,12,13,14
EHPT2_ROOT=1,3,7,9,10,11,12
EHPT2_ROOT=1,3,7,9,10,11,13
EHPT2_ROOT=1,3,7,9,10,11,14
EHPT2_ROOT=1,3,7,9,10,12,13
EHPT2_ROOT=1,3,7,9,10,12,14
EHPT2_ROOT=1,3,7,9,10,13,14
EHPT2_ROOT=1,3,7,9,11,12,13
EHPT2_ROOT=1,3,7,9,11,12,14
EHPT2_ROOT=1,3,7,9,11,13,14
EHPT2_ROOT=1,3,7,9,12,13,14
EHPT2_ROOT=1,3,7,10,11,12,13
EHPT2_ROOT=1,3,7,10,11,12,14
EHPT2_ROOT=1,3,7,10,11,13,14
EHPT2_ROOT=1,3,7,10,12,13,14
EHPT2_ROOT=1,3,7,11,12,13,14
EHPT2_ROOT=1,3,8,9,10,11,12
EHPT2_ROOT=1,3,8,9,10,11,13
EHPT2_ROOT=1,3,8,9,10,11,14
EHPT2_ROOT=1,3,8,9,10,12,13
EHPT2_ROOT=1,3,8,9,10,12,14
EHPT2_ROOT=1,3,8,9,10,13,14
EHPT2_ROOT=1,3,8,9,11,12,13
EHPT2_ROOT=1,3,8,9,11,12,14
EHPT2_ROOT=1,3,8,9,11,13,14
EHPT2_ROOT=1,3,8,9,12,13,14
EHPT2_ROOT=1,3,8,10,11,12,13
EHPT2_ROOT=1,3,8,10,11,12,14
EHPT2_ROOT=1,3,8,10,11,13,14
EHPT2_ROOT=1,3,8,10,12,13,14
EHPT2_ROOT=1,3,8,11,12,13,14
EHPT2_ROOT=1,3,9,10,11,12,13
EHPT2_ROOT=1,3,9,10,11,12,14
EHPT2_ROOT=1,3,9,10,11,13,14
EHPT2_ROOT=1,3,9,10,12,13,14
EHPT2_ROOT=1,3,9,11,12,13,14
EHPT2_ROOT=1,3,10,11,12,13,14
EHPT2_ROOT=1,4,5,6,7,8,9
EHPT2_ROOT=1,4,5,6,7,8,10
EHPT2_ROOT=1,4,5,6,7,8,11
EHPT2_ROOT=1,4,5,6,7,8,12
EHPT2_ROOT=1,4,5,6,7,8,13
EHPT2_ROOT=1,4,5,6,7,8,14
EHPT2_ROOT=1,4,5,6,7,9,10
EHPT2_ROOT=1,4,5,6,7,9,11
EHPT2_ROOT=1,4,5,6,7,9,12
EHPT2_ROOT=1,4,5,6,7,9,13
EHPT2_ROOT=1,4,5,6,7,9,14
EHPT2_ROOT=1,4,5,6,7,10,11
EHPT2_ROOT=1,4,5,6,7,10,12
EHPT2_ROOT=1,4,5,6,7,10,13
EHPT2_ROOT=1,4,5,6,7,10,14
EHPT2_ROOT=1,4,5,6,7,11,12
EHPT2_ROOT=1,4,5,6,7,11,13
EHPT2_ROOT=1,4,5,6,7,11,14
EHPT2_ROOT=1,4,5,6,7,12,13
EHPT2_ROOT=1,4,5,6,7,12,14
EHPT2_ROOT=1,4,5,6,7,13,14
EHPT2_ROOT=1,4,5,6,8,9,10
EHPT2_ROOT=1,4,5,6,8,9,11
EHPT2_ROOT=1,4,5,6,8,9,12
EHPT2_ROOT=1,4,5,6,8,9,13
EHPT2_ROOT=1,4,5,6,8,9,14
EHPT2_ROOT=1,4,5,6,8,10,11
EHPT2_ROOT=1,4,5,6,8,10,12
EHPT2_ROOT=1,4,5,6,8,10,13
EHPT2_ROOT=1,4,5,6,8,10,14
EHPT2_ROOT=1,4,5,6,8,11,12
EHPT2_ROOT=1,4,5,6,8,11,13
EHPT2_ROOT=1,4,5,6,8,11,14
EHPT2_ROOT=1,4,5,6,8,12,13
EHPT2_ROOT=1,4,5,6,8,12,14
EHPT2_ROOT=1,4,5,6,8,13,14
EHPT2_ROOT=1,4,5,6,9,10,11
EHPT2_ROOT=1,4,5,6,9,10,12
EHPT2_ROOT=1,4,5,6,9,10,13
EHPT2_ROOT=1,4,5,6,9,10,14
EHPT2_ROOT=1,4,5,6,9,11,12
EHPT2_ROOT=1,4,5,6,9,11,13
EHPT2_ROOT=1,4,5,6,9,11,14
EHPT2_ROOT=1,4,5,6,9,12,13
EHPT2_ROOT=1,4,5,6,9,12,14
EHPT2_ROOT=1,4,5,6,9,13,14
EHPT2_ROOT=1,4,5,6,10,11,12
EHPT2_ROOT=1,4,5,6,10,11,13
EHPT2_ROOT=1,4,5,6,10,11,14
EHPT2_ROOT=1,4,5,6,10,12,13
EHPT2_ROOT=1,4,5,6,10,12,14
EHPT2_ROOT=1,4,5,6,10,13,14
EHPT2_ROOT=1,4,5,6,11,12,13
EHPT2_ROOT=1,4,5,6,11,12,14
EHPT2_ROOT=1,4,5,6,11,13,14
EHPT2_ROOT=1,4,5,6,12,13,14
EHPT2_ROOT=1,4,5,7,8,9,10
EHPT2_ROOT=1,4,5,7,8,9,11
EHPT2_ROOT=1,4,5,7,8,9,12
EHPT2_ROOT=1,4,5,7,8,9,13
EHPT2_ROOT=1,4,5,7,8,9,14
EHPT2_ROOT=1,4,5,7,8,10,11
EHPT2_ROOT=1,4,5,7,8,10,12
EHPT2_ROOT=1,4,5,7,8,10,13
EHPT2_ROOT=1,4,5,7,8,10,14
EHPT2_ROOT=1,4,5,7,8,11,12
EHPT2_ROOT=1,4,5,7,8,11,13
EHPT2_ROOT=1,4,5,7,8,11,14
EHPT2_ROOT=1,4,5,7,8,12,13
EHPT2_ROOT=1,4,5,7,8,12,14
EHPT2_ROOT=1,4,5,7,8,13,14
EHPT2_ROOT=1,4,5,7,9,10,11
EHPT2_ROOT=1,4,5,7,9,10,12
EHPT2_ROOT=1,4,5,7,9,10,13
EHPT2_ROOT=1,4,5,7,9,10,14
EHPT2_ROOT=1,4,5,7,9,11,12
EHPT2_ROOT=1,4,5,7,9,11,13
EHPT2_ROOT=1,4,5,7,9,11,14
EHPT2_ROOT=1,4,5,7,9,12,13
EHPT2_ROOT=1,4,5,7,9,12,14
EHPT2_ROOT=1,4,5,7,9,13,14
EHPT2_ROOT=1,4,5,7,10,11,12
EHPT2_ROOT=1,4,5,7,10,11,13
EHPT2_ROOT=1,4,5,7,10,11,14
EHPT2_ROOT=1,4,5,7,10,12,13
EHPT2_ROOT=1,4,5,7,10,12,14
EHPT2_ROOT=1,4,5,7,10,13,14
EHPT2_ROOT=1,4,5,7,11,12,13
EHPT2_ROOT=1,4,5,7,11,12,14
EHPT2_ROOT=1,4,5,7,11,13,14
EHPT2_ROOT=1,4,5,7,12,13,14
EHPT2_ROOT=1,4,5,8,9,10,11
EHPT2_ROOT=1,4,5,8,9,10,12
EHPT2_ROOT=1,4,5,8,9,10,13
EHPT2_ROOT=1,4,5,8,9,10,14
EHPT2_ROOT=1,4,5,8,9,11,12
EHPT2_ROOT=1,4,5,8,9,11,13
EHPT2_ROOT=1,4,5,8,9,11,14
EHPT2_ROOT=1,4,5,8,9,12,13
EHPT2_ROOT=1,4,5,8,9,12,14
EHPT2_ROOT=1,4,5,8,9,13,14
EHPT2_ROOT=1,4,5,8,10,11,12
EHPT2_ROOT=1,4,5,8,10,11,13
EHPT2_ROOT=1,4,5,8,10,11,14
EHPT2_ROOT=1,4,5,8,10,12,13
EHPT2_ROOT=1,4,5,8,10,12,14
EHPT2_ROOT=1,4,5,8,10,13,14
EHPT2_ROOT=1,4,5,8,11,12,13
EHPT2_ROOT=1,4,5,8,11,12,14
EHPT2_ROOT=1,4,5,8,11,13,14
EHPT2_ROOT=1,4,5,8,12,13,14
EHPT2_ROOT=1,4,5,9,10,11,12
EHPT2_ROOT=1,4,5,9,10,11,13
EHPT2_ROOT=1,4,5,9,10,11,14
EHPT2_ROOT=1,4,5,9,10,12,13
EHPT2_ROOT=1,4,5,9,10,12,14
EHPT2_ROOT=1,4,5,9,10,13,14
EHPT2_ROOT=1,4,5,9,11,12,13
EHPT2_ROOT=1,4,5,9,11,12,14
EHPT2_ROOT=1,4,5,9,11,13,14
EHPT2_ROOT=1,4,5,9,12,13,14
EHPT2_ROOT=1,4,5,10,11,12,13
EHPT2_ROOT=1,4,5,10,11,12,14
EHPT2_ROOT=1,4,5,10,11,13,14
EHPT2_ROOT=1,4,5,10,12,13,14
EHPT2_ROOT=1,4,5,11,12,13,14
EHPT2_ROOT=1,4,6,7,8,9,10
EHPT2_ROOT=1,4,6,7,8,9,11
EHPT2_ROOT=1,4,6,7,8,9,12
EHPT2_ROOT=1,4,6,7,8,9,13
EHPT2_ROOT=1,4,6,7,8,9,14
EHPT2_ROOT=1,4,6,7,8,10,11
EHPT2_ROOT=1,4,6,7,8,10,12
EHPT2_ROOT=1,4,6,7,8,10,13
EHPT2_ROOT=1,4,6,7,8,10,14
EHPT2_ROOT=1,4,6,7,8,11,12
EHPT2_ROOT=1,4,6,7,8,11,13
EHPT2_ROOT=1,4,6,7,8,11,14
EHPT2_ROOT=1,4,6,7,8,12,13
EHPT2_ROOT=1,4,6,7,8,12,14
EHPT2_ROOT=1,4,6,7,8,13,14
EHPT2_ROOT=1,4,6,7,9,10,11
EHPT2_ROOT=1,4,6,7,9,10,12
EHPT2_ROOT=1,4,6,7,9,10,13
EHPT2_ROOT=1,4,6,7,9,10,14
EHPT2_ROOT=1,4,6,7,9,11,12
EHPT2_ROOT=1,4,6,7,9,11,13
EHPT2_ROOT=1,4,6,7,9,11,14
EHPT2_ROOT=1,4,6,7,9,12,13
EHPT2_ROOT=1,4,6,7,9,12,14
EHPT2_ROOT=1,4,6,7,9,13,14
EHPT2_ROOT=1,4,6,7,10,11,12
EHPT2_ROOT=1,4,6,7,10,11,13
EHPT2_ROOT=1,4,6,7,10,11,14
EHPT2_ROOT=1,4,6,7,10,12,13
EHPT2_ROOT=1,4,6,7,10,12,14
EHPT2_ROOT=1,4,6,7,10,13,14
EHPT2_ROOT=1,4,6,7,11,12,13
EHPT2_ROOT=1,4,6,7,11,12,14
EHPT2_ROOT=1,4,6,7,11,13,14
EHPT2_ROOT=1,4,6,7,12,13,14
EHPT2_ROOT=1,4,6,8,9,10,11
EHPT2_ROOT=1,4,6,8,9,10,12
EHPT2_ROOT=1,4,6,8,9,10,13
EHPT2_ROOT=1,4,6,8,9,10,14
EHPT2_ROOT=1,4,6,8,9,11,12
EHPT2_ROOT=1,4,6,8,9,11,13
EHPT2_ROOT=1,4,6,8,9,11,14
EHPT2_ROOT=1,4,6,8,9,12,13
EHPT2_ROOT=1,4,6,8,9,12,14
EHPT2_ROOT=1,4,6,8,9,13,14
EHPT2_ROOT=1,4,6,8,10,11,12
EHPT2_ROOT=1,4,6,8,10,11,13
EHPT2_ROOT=1,4,6,8,10,11,14
EHPT2_ROOT=1,4,6,8,10,12,13
EHPT2_ROOT=1,4,6,8,10,12,14
EHPT2_ROOT=1,4,6,8,10,13,14
EHPT2_ROOT=1,4,6,8,11,12,13
EHPT2_ROOT=1,4,6,8,11,12,14
EHPT2_ROOT=1,4,6,8,11,13,14
EHPT2_ROOT=1,4,6,8,12,13,14
EHPT2_ROOT=1,4,6,9,10,11,12
EHPT2_ROOT=1,4,6,9,10,11,13
EHPT2_ROOT=1,4,6,9,10,11,14
EHPT2_ROOT=1,4,6,9,10,12,13
EHPT2_ROOT=1,4,6,9,10,12,14
EHPT2_ROOT=1,4,6,9,10,13,14
EHPT2_ROOT=1,4,6,9,11,12,13
EHPT2_ROOT=1,4,6,9,11,12,14
EHPT2_ROOT=1,4,6,9,11,13,14
EHPT2_ROOT=1,4,6,9,12,13,14
EHPT2_ROOT=1,4,6,10,11,12,13
EHPT2_ROOT=1,4,6,10,11,12,14
EHPT2_ROOT=1,4,6,10,11,13,14
EHPT2_ROOT=1,4,6,10,12,13,14
EHPT2_ROOT=1,4,6,11,12,13,14
EHPT2_ROOT=1,4,7,8,9,10,11
EHPT2_ROOT=1,4,7,8,9,10,12
EHPT2_ROOT=1,4,7,8,9,10,13
EHPT2_ROOT=1,4,7,8,9,10,14
EHPT2_ROOT=1,4,7,8,9,11,12
EHPT2_ROOT=1,4,7,8,9,11,13
EHPT2_ROOT=1,4,7,8,9,11,14
EHPT2_ROOT=1,4,7,8,9,12,13
EHPT2_ROOT=1,4,7,8,9,12,14
EHPT2_ROOT=1,4,7,8,9,13,14
EHPT2_ROOT=1,4,7,8,10,11,12
EHPT2_ROOT=1,4,7,8,10,11,13
EHPT2_ROOT=1,4,7,8,10,11,14
EHPT2_ROOT=1,4,7,8,10,12,13
EHPT2_ROOT=1,4,7,8,10,12,14
EHPT2_ROOT=1,4,7,8,10,13,14
EHPT2_ROOT=1,4,7,8,11,12,13
EHPT2_ROOT=1,4,7,8,11,12,14
EHPT2_ROOT=1,4,7,8,11,13,14
EHPT2_ROOT=1,4,7,8,12,13,14
EHPT2_ROOT=1,4,7,9,10,11,12
EHPT2_ROOT=1,4,7,9,10,11,13
EHPT2_ROOT=1,4,7,9,10,11,14
EHPT2_ROOT=1,4,7,9,10,12,13
EHPT2_ROOT=1,4,7,9,10,12,14
EHPT2_ROOT=1,4,7,9,10,13,14
EHPT2_ROOT=1,4,7,9,11,12,13
EHPT2_ROOT=1,4,7,9,11,12,14
EHPT2_ROOT=1,4,7,9,11,13,14
EHPT2_ROOT=1,4,7,9,12,13,14
EHPT2_ROOT=1,4,7,10,11,12,13
EHPT2_ROOT=1,4,7,10,11,12,14
EHPT2_ROOT=1,4,7,10,11,13,14
EHPT2_ROOT=1,4,7,10,12,13,14
EHPT2_ROOT=1,4,7,11,12,13,14
EHPT2_ROOT=1,4,8,9,10,11,12
EHPT2_ROOT=1,4,8,9,10,11,13
EHPT2_ROOT=1,4,8,9,10,11,14
EHPT2_ROOT=1,4,8,9,10,12,13
EHPT2_ROOT=1,4,8,9,10,12,14
EHPT2_ROOT=1,4,8,9,10,13,14
EHPT2_ROOT=1,4,8,9,11,12,13
EHPT2_ROOT=1,4,8,9,11,12,14
EHPT2_ROOT=1,4,8,9,11,13,14
EHPT2_ROOT=1,4,8,9,12,13,14
EHPT2_ROOT=1,4,8,10,11,12,13
EHPT2_ROOT=1,4,8,10,11,12,14
EHPT2_ROOT=1,4,8,10,11,13,14
EHPT2_ROOT=1,4,8,10,12,13,14
EHPT2_ROOT=1,4,8,11,12,13,14
EHPT2_ROOT=1,4,9,10,11,12,13
EHPT2_ROOT=1,4,9,10,11,12,14
EHPT2_ROOT=1,4,9,10,11,13,14
EHPT2_ROOT=1,4,9,10,12,13,14
EHPT2_ROOT=1,4,9,11,12,13,14
EHPT2_ROOT=1,4,10,11,12,13,14
EHPT2_ROOT=1,5,6,7,8,9,10
EHPT2_ROOT=1,5,6,7,8,9,11
EHPT2_ROOT=1,5,6,7,8,9,12
EHPT2_ROOT=1,5,6,7,8,9,13
EHPT2_ROOT=1,5,6,7,8,9,14
EHPT2_ROOT=1,5,6,7,8,10,11
EHPT2_ROOT=1,5,6,7,8,10,12
EHPT2_ROOT=1,5,6,7,8,10,13
EHPT2_ROOT=1,5,6,7,8,10,14
EHPT2_ROOT=1,5,6,7,8,11,12
EHPT2_ROOT=1,5,6,7,8,11,13
EHPT2_ROOT=1,5,6,7,8,11,14
EHPT2_ROOT=1,5,6,7,8,12,13
EHPT2_ROOT=1,5,6,7,8,12,14
EHPT2_ROOT=1,5,6,7,8,13,14
EHPT2_ROOT=1,5,6,7,9,10,11
EHPT2_ROOT=1,5,6,7,9,10,12
EHPT2_ROOT=1,5,6,7,9,10,13
EHPT2_ROOT=1,5,6,7,9,10,14
EHPT2_ROOT=1,5,6,7,9,11,12
EHPT2_ROOT=1,5,6,7,9,11,13
EHPT2_ROOT=1,5,6,7,9,11,14
EHPT2_ROOT=1,5,6,7,9,12,13
EHPT2_ROOT=1,5,6,7,9,12,14
EHPT2_ROOT=1,5,6,7,9,13,14
EHPT2_ROOT=1,5,6,7,10,11,12
EHPT2_ROOT=1,5,6,7,10,11,13
EHPT2_ROOT=1,5,6,7,10,11,14
EHPT2_ROOT=1,5,6,7,10,12,13
EHPT2_ROOT=1,5,6,7,10,12,14
EHPT2_ROOT=1,5,6,7,10,13,14
EHPT2_ROOT=1,5,6,7,11,12,13
EHPT2_ROOT=1,5,6,7,11,12,14
EHPT2_ROOT=1,5,6,7,11,13,14
EHPT2_ROOT=1,5,6,7,12,13,14
EHPT2_ROOT=1,5,6,8,9,10,11
EHPT2_ROOT=1,5,6,8,9,10,12
EHPT2_ROOT=1,5,6,8,9,10,13
EHPT2_ROOT=1,5,6,8,9,10,14
EHPT2_ROOT=1,5,6,8,9,11,12
EHPT2_ROOT=1,5,6,8,9,11,13
EHPT2_ROOT=1,5,6,8,9,11,14
EHPT2_ROOT=1,5,6,8,9,12,13
EHPT2_ROOT=1,5,6,8,9,12,14
EHPT2_ROOT=1,5,6,8,9,13,14
EHPT2_ROOT=1,5,6,8,10,11,12
EHPT2_ROOT=1,5,6,8,10,11,13
EHPT2_ROOT=1,5,6,8,10,11,14
EHPT2_ROOT=1,5,6,8,10,12,13
EHPT2_ROOT=1,5,6,8,10,12,14
EHPT2_ROOT=1,5,6,8,10,13,14
EHPT2_ROOT=1,5,6,8,11,12,13
EHPT2_ROOT=1,5,6,8,11,12,14
EHPT2_ROOT=1,5,6,8,11,13,14
EHPT2_ROOT=1,5,6,8,12,13,14
EHPT2_ROOT=1,5,6,9,10,11,12
EHPT2_ROOT=1,5,6,9,10,11,13
EHPT2_ROOT=1,5,6,9,10,11,14
EHPT2_ROOT=1,5,6,9,10,12,13
EHPT2_ROOT=1,5,6,9,10,12,14
EHPT2_ROOT=1,5,6,9,10,13,14
EHPT2_ROOT=1,5,6,9,11,12,13
EHPT2_ROOT=1,5,6,9,11,12,14
EHPT2_ROOT=1,5,6,9,11,13,14
EHPT2_ROOT=1,5,6,9,12,13,14
EHPT2_ROOT=1,5,6,10,11,12,13
EHPT2_ROOT=1,5,6,10,11,12,14
EHPT2_ROOT=1,5,6,10,11,13,14
EHPT2_ROOT=1,5,6,10,12,13,14
EHPT2_ROOT=1,5,6,11,12,13,14
EHPT2_ROOT=1,5,7,8,9,10,11
EHPT2_ROOT=1,5,7,8,9,10,12
EHPT2_ROOT=1,5,7,8,9,10,13
EHPT2_ROOT=1,5,7,8,9,10,14
EHPT2_ROOT=1,5,7,8,9,11,12
EHPT2_ROOT=1,5,7,8,9,11,13
EHPT2_ROOT=1,5,7,8,9,11,14
EHPT2_ROOT=1,5,7,8,9,12,13
EHPT2_ROOT=1,5,7,8,9,12,14
EHPT2_ROOT=1,5,7,8,9,13,14
EHPT2_ROOT=1,5,7,8,10,11,12
EHPT2_ROOT=1,5,7,8,10,11,13
EHPT2_ROOT=1,5,7,8,10,11,14
EHPT2_ROOT=1,5,7,8,10,12,13
EHPT2_ROOT=1,5,7,8,10,12,14
EHPT2_ROOT=1,5,7,8,10,13,14
EHPT2_ROOT=1,5,7,8,11,12,13
EHPT2_ROOT=1,5,7,8,11,12,14
EHPT2_ROOT=1,5,7,8,11,13,14
EHPT2_ROOT=1,5,7,8,12,13,14
EHPT2_ROOT=1,5,7,9,10,11,12
EHPT2_ROOT=1,5,7,9,10,11,13
EHPT2_ROOT=1,5,7,9,10,11,14
EHPT2_ROOT=1,5,7,9,10,12,13
EHPT2_ROOT=1,5,7,9,10,12,14
EHPT2_ROOT=1,5,7,9,10,13,14
EHPT2_ROOT=1,5,7,9,11,12,13
EHPT2_ROOT=1,5,7,9,11,12,14
EHPT2_ROOT=1,5,7,9,11,13,14
EHPT2_ROOT=1,5,7,9,12,13,14
EHPT2_ROOT=1,5,7,10,11,12,13
EHPT2_ROOT=1,5,7,10,11,12,14
EHPT2_ROOT=1,5,7,10,11,13,14
EHPT2_ROOT=1,5,7,10,12,13,14
EHPT2_ROOT=1,5,7,11,12,13,14
EHPT2_ROOT=1,5,8,9,10,11,12
EHPT2_ROOT=1,5,8,9,10,11,13
EHPT2_ROOT=1,5,8,9,10,11,14
EHPT2_ROOT=1,5,8,9,10,12,13
EHPT2_ROOT=1,5,8,9,10,12,14
EHPT2_ROOT=1,5,8,9,10,13,14
EHPT2_ROOT=1,5,8,9,11,12,13
EHPT2_ROOT=1,5,8,9,11,12,14
EHPT2_ROOT=1,5,8,9,11,13,14
EHPT2_ROOT=1,5,8,9,12,13,14
EHPT2_ROOT=1,5,8,10,11,12,13
EHPT2_ROOT=1,5,8,10,11,12,14
EHPT2_ROOT=1,5,8,10,11,13,14
EHPT2_ROOT=1,5,8,10,12,13,14
EHPT2_ROOT=1,5,8,11,12,13,14
EHPT2_ROOT=1,5,9,10,11,12,13
EHPT2_ROOT=1,5,9,10,11,12,14
EHPT2_ROOT=1,5,9,10,11,13,14
EHPT2_ROOT=1,5,9,10,12,13,14
EHPT2_ROOT=1,5,9,11,12,13,14
EHPT2_ROOT=1,5,10,11,12,13,14
EHPT2_ROOT=1,6,7,8,9,10,11
EHPT2_ROOT=1,6,7,8,9,10,12
EHPT2_ROOT=1,6,7,8,9,10,13
EHPT2_ROOT=1,6,7,8,9,10,14
EHPT2_ROOT=1,6,7,8,9,11,12
EHPT2_ROOT=1,6,7,8,9,11,13
EHPT2_ROOT=1,6,7,8,9,11,14
EHPT2_ROOT=1,6,7,8,9,12,13
EHPT2_ROOT=1,6,7,8,9,12,14
EHPT2_ROOT=1,6,7,8,9,13,14
EHPT2_ROOT=1,6,7,8,10,11,12
EHPT2_ROOT=1,6,7,8,10,11,13
EHPT2_ROOT=1,6,7,8,10,11,14
EHPT2_ROOT=1,6,7,8,10,12,13
EHPT2_ROOT=1,6,7,8,10,12,14
EHPT2_ROOT=1,6,7,8,10,13,14
EHPT2_ROOT=1,6,7,8,11,12,13
EHPT2_ROOT=1,6,7,8,11,12,14
EHPT2_ROOT=1,6,7,8,11,13,14
EHPT2_ROOT=1,6,7,8,12,13,14
EHPT2_ROOT=1,6,7,9,10,11,12
EHPT2_ROOT=1,6,7,9,10,11,13
EHPT2_ROOT=1,6,7,9,10,11,14
EHPT2_ROOT=1,6,7,9,10,12,13
EHPT2_ROOT=1,6,7,9,10,12,14
EHPT2_ROOT=1,6,7,9,10,13,14
EHPT2_ROOT=1,6,7,9,11,12,13
EHPT2_ROOT=1,6,7,9,11,12,14
EHPT2_ROOT=1,6,7,9,11,13,14
EHPT2_ROOT=1,6,7,9,12,13,14
EHPT2_ROOT=1,6,7,10,11,12,13
EHPT2_ROOT=1,6,7,10,11,12,14
EHPT2_ROOT=1,6,7,10,11,13,14
EHPT2_ROOT=1,6,7,10,12,13,14
EHPT2_ROOT=1,6,7,11,12,13,14
EHPT2_ROOT=1,6,8,9,10,11,12
EHPT2_ROOT=1,6,8,9,10,11,13
EHPT2_ROOT=1,6,8,9,10,11,14
EHPT2_ROOT=1,6,8,9,10,12,13
EHPT2_ROOT=1,6,8,9,10,12,14
EHPT2_ROOT=1,6,8,9,10,13,14
EHPT2_ROOT=1,6,8,9,11,12,13
EHPT2_ROOT=1,6,8,9,11,12,14
EHPT2_ROOT=1,6,8,9,11,13,14
EHPT2_ROOT=1,6,8,9,12,13,14
EHPT2_ROOT=1,6,8,10,11,12,13
EHPT2_ROOT=1,6,8,10,11,12,14
EHPT2_ROOT=1,6,8,10,11,13,14
EHPT2_ROOT=1,6,8,10,12,13,14
EHPT2_ROOT=1,6,8,11,12,13,14
EHPT2_ROOT=1,6,9,10,11,12,13
EHPT2_ROOT=1,6,9,10,11,12,14
EHPT2_ROOT=1,6,9,10,11,13,14
EHPT2_ROOT=1,6,9,10,12,13,14
EHPT2_ROOT=1,6,9,11,12,13,14
EHPT2_ROOT=1,6,10,11,12,13,14
EHPT2_ROOT=1,7,8,9,10,11,12
EHPT2_ROOT=1,7,8,9,10,11,13
EHPT2_ROOT=1,7,8,9,10,11,14
EHPT2_ROOT=1,7,8,9,10,12,13
EHPT2_ROOT=1,7,8,9,10,12,14
EHPT2_ROOT=1,7,8,9,10,13,14
EHPT2_ROOT=1,7,8,9,11,12,13
EHPT2_ROOT=1,7,8,9,11,12,14
EHPT2_ROOT=1,7,8,9,11,13,14
EHPT2_ROOT=1,7,8,9,12,13,14
EHPT2_ROOT=1,7,8,10,11,12,13
EHPT2_ROOT=1,7,8,10,11,12,14
EHPT2_ROOT=1,7,8,10,11,13,14
EHPT2_ROOT=1,7,8,10,12,13,14
EHPT2_ROOT=1,7,8,11,12,13,14
EHPT2_ROOT=1,7,9,10,11,12,13
EHPT2_ROOT=1,7,9,10,11,12,14
EHPT2_ROOT=1,7,9,10,11,13,14
EHPT2_ROOT=1,7,9,10,12,13,14
EHPT2_ROOT=1,7,9,11,12,13,14
EHPT2_ROOT=1,7,10,11,12,13,14
EHPT2_ROOT=1,8,9,10,11,12,13
EHPT2_ROOT=1,8,9,10,11,12,14
EHPT2_ROOT=1,8,9,10,11,13,14
EHPT2_ROOT=1,8,9,10,12,13,14
EHPT2_ROOT=1,8,9,11,12,13,14
EHPT2_ROOT=1,8,10,11,12,13,14
EHPT2_ROOT=1,9,10,11,12,13,14
EHPT2_ROOT=2,3,4,5,6,7,8
EHPT2_ROOT=2,3,4,5,6,7,9
EHPT2_ROOT=2,3,4,5,6,7,10
EHPT2_ROOT=2,3,4,5,6,7,11
EHPT2_ROOT=2,3,4,5,6,7,12
EHPT2_ROOT=2,3,4,5,6,7,13
EHPT2_ROOT=2,3,4,5,6,7,14
EHPT2_ROOT=2,3,4,5,6,8,9
EHPT2_ROOT=2,3,4,5,6,8,10
EHPT2_ROOT=2,3,4,5,6,8,11
EHPT2_ROOT=2,3,4,5,6,8,12
EHPT2_ROOT=2,3,4,5,6,8,13
EHPT2_ROOT=2,3,4,5,6,8,14
EHPT2_ROOT=2,3,4,5,6,9,10
EHPT2_ROOT=2,3,4,5,6,9,11
EHPT2_ROOT=2,3,4,5,6,9,12
EHPT2_ROOT=2,3,4,5,6,9,13
EHPT2_ROOT=2,3,4,5,6,9,14
EHPT2_ROOT=2,3,4,5,6,10,11
EHPT2_ROOT=2,3,4,5,6,10,12
EHPT2_ROOT=2,3,4,5,6,10,13
EHPT2_ROOT=2,3,4,5,6,10,14
EHPT2_ROOT=2,3,4,5,6,11,12
EHPT2_ROOT=2,3,4,5,6,11,13
EHPT2_ROOT=2,3,4,5,6,11,14
EHPT2_ROOT=2,3,4,5,6,12,13
EHPT2_ROOT=2,3,4,5,6,12,14
EHPT2_ROOT=2,3,4,5,6,13,14
EHPT2_ROOT=2,3,4,5,7,8,9
EHPT2_ROOT=2,3,4,5,7,8,10
EHPT2_ROOT=2,3,4,5,7,8,11
EHPT2_ROOT=2,3,4,5,7,8,12
EHPT2_ROOT=2,3,4,5,7,8,13
EHPT2_ROOT=2,3,4,5,7,8,14
EHPT2_ROOT=2,3,4,5,7,9,10
EHPT2_ROOT=2,3,4,5,7,9,11
EHPT2_ROOT=2,3,4,5,7,9,12
EHPT2_ROOT=2,3,4,5,7,9,13
EHPT2_ROOT=2,3,4,5,7,9,14
EHPT2_ROOT=2,3,4,5,7,10,11
EHPT2_ROOT=2,3,4,5,7,10,12
EHPT2_ROOT=2,3,4,5,7,10,13
EHPT2_ROOT=2,3,4,5,7,10,14
EHPT2_ROOT=2,3,4,5,7,11,12
EHPT2_ROOT=2,3,4,5,7,11,13
EHPT2_ROOT=2,3,4,5,7,11,14
EHPT2_ROOT=2,3,4,5,7,12,13
EHPT2_ROOT=2,3,4,5,7,12,14
EHPT2_ROOT=2,3,4,5,7,13,14
EHPT2_ROOT=2,3,4,5,8,9,10
EHPT2_ROOT=2,3,4,5,8,9,11
EHPT2_ROOT=2,3,4,5,8,9,12
EHPT2_ROOT=2,3,4,5,8,9,13
EHPT2_ROOT=2,3,4,5,8,9,14
EHPT2_ROOT=2,3,4,5,8,10,11
EHPT2_ROOT=2,3,4,5,8,10,12
EHPT2_ROOT=2,3,4,5,8,10,13
EHPT2_ROOT=2,3,4,5,8,10,14
EHPT2_ROOT=2,3,4,5,8,11,12
EHPT2_ROOT=2,3,4,5,8,11,13
EHPT2_ROOT=2,3,4,5,8,11,14
EHPT2_ROOT=2,3,4,5,8,12,13
EHPT2_ROOT=2,3,4,5,8,12,14
EHPT2_ROOT=2,3,4,5,8,13,14
EHPT2_ROOT=2,3,4,5,9,10,11
EHPT2_ROOT=2,3,4,5,9,10,12
EHPT2_ROOT=2,3,4,5,9,10,13
EHPT2_ROOT=2,3,4,5,9,10,14
EHPT2_ROOT=2,3,4,5,9,11,12
EHPT2_ROOT=2,3,4,5,9,11,13
EHPT2_ROOT=2,3,4,5,9,11,14
EHPT2_ROOT=2,3,4,5,9,12,13
EHPT2_ROOT=2,3,4,5,9,12,14
EHPT2_ROOT=2,3,4,5,9,13,14
EHPT2_ROOT=2,3,4,5,10,11,12
EHPT2_ROOT=2,3,4,5,10,11,13
EHPT2_ROOT=2,3,4,5,10,11,14
EHPT2_ROOT=2,3,4,5,10,12,13
EHPT2_ROOT=2,3,4,5,10,12,14
EHPT2_ROOT=2,3,4,5,10,13,14
EHPT2_ROOT=2,3,4,5,11,12,13
EHPT2_ROOT=2,3,4,5,11,12,14
EHPT2_ROOT=2,3,4,5,11,13,14
EHPT2_ROOT=2,3,4,5,12,13,14
EHPT2_ROOT=2,3,4,6,7,8,9
EHPT2_ROOT=2,3,4,6,7,8,10
EHPT2_ROOT=2,3,4,6,7,8,11
EHPT2_ROOT=2,3,4,6,7,8,12
EHPT2_ROOT=2,3,4,6,7,8,13
EHPT2_ROOT=2,3,4,6,7,8,14
EHPT2_ROOT=2,3,4,6,7,9,10
EHPT2_ROOT=2,3,4,6,7,9,11
EHPT2_ROOT=2,3,4,6,7,9,12
EHPT2_ROOT=2,3,4,6,7,9,13
EHPT2_ROOT=2,3,4,6,7,9,14
EHPT2_ROOT=2,3,4,6,7,10,11
EHPT2_ROOT=2,3,4,6,7,10,12
EHPT2_ROOT=2,3,4,6,7,10,13
EHPT2_ROOT=2,3,4,6,7,10,14
EHPT2_ROOT=2,3,4,6,7,11,12
EHPT2_ROOT=2,3,4,6,7,11,13
EHPT2_ROOT=2,3,4,6,7,11,14
EHPT2_ROOT=2,3,4,6,7,12,13
EHPT2_ROOT=2,3,4,6,7,12,14
EHPT2_ROOT=2,3,4,6,7,13,14
EHPT2_ROOT=2,3,4,6,8,9,10
EHPT2_ROOT=2,3,4,6,8,9,11
EHPT2_ROOT=2,3,4,6,8,9,12
EHPT2_ROOT=2,3,4,6,8,9,13
EHPT2_ROOT=2,3,4,6,8,9,14
EHPT2_ROOT=2,3,4,6,8,10,11
EHPT2_ROOT=2,3,4,6,8,10,12
EHPT2_ROOT=2,3,4,6,8,10,13
EHPT2_ROOT=2,3,4,6,8,10,14
EHPT2_ROOT=2,3,4,6,8,11,12
EHPT2_ROOT=2,3,4,6,8,11,13
EHPT2_ROOT=2,3,4,6,8,11,14
EHPT2_ROOT=2,3,4,6,8,12,13
EHPT2_ROOT=2,3,4,6,8,12,14
EHPT2_ROOT=2,3,4,6,8,13,14
EHPT2_ROOT=2,3,4,6,9,10,11
EHPT2_ROOT=2,3,4,6,9,10,12
EHPT2_ROOT=2,3,4,6,9,10,13
EHPT2_ROOT=2,3,4,6,9,10,14
EHPT2_ROOT=2,3,4,6,9,11,12
EHPT2_ROOT=2,3,4,6,9,11,13
EHPT2_ROOT=2,3,4,6,9,11,14
EHPT2_ROOT=2,3,4,6,9,12,13
EHPT2_ROOT=2,3,4,6,9,12,14
EHPT2_ROOT=2,3,4,6,9,13,14
EHPT2_ROOT=2,3,4,6,10,11,12
EHPT2_ROOT=2,3,4,6,10,11,13
EHPT2_ROOT=2,3,4,6,10,11,14
EHPT2_ROOT=2,3,4,6,10,12,13
EHPT2_ROOT=2,3,4,6,10,12,14
EHPT2_ROOT=2,3,4,6,10,13,14
EHPT2_ROOT=2,3,4,6,11,12,13
EHPT2_ROOT=2,3,4,6,11,12,14
EHPT2_ROOT=2,3,4,6,11,13,14
EHPT2_ROOT=2,3,4,6,12,13,14
EHPT2_ROOT=2,3,4,7,8,9,10
EHPT2_ROOT=2,3,4,7,8,9,11
EHPT2_ROOT=2,3,4,7,8,9,12
EHPT2_ROOT=2,3,4,7,8,9,13
EHPT2_ROOT=2,3,4,7,8,9,14
EHPT2_ROOT=2,3,4,7,8,10,11
EHPT2_ROOT=2,3,4,7,8,10,12
EHPT2_ROOT=2,3,4,7,8,10,13
EHPT2_ROOT=2,3,4,7,8,10,14
EHPT2_ROOT=2,3,4,7,8,11,12
EHPT2_ROOT=2,3,4,7,8,11,13
EHPT2_ROOT=2,3,4,7,8,11,14
EHPT2_ROOT=2,3,4,7,8,12,13
EHPT2_ROOT=2,3,4,7,8,12,14
EHPT2_ROOT=2,3,4,7,8,13,14
EHPT2_ROOT=2,3,4,7,9,10,11
EHPT2_ROOT=2,3,4,7,9,10,12
EHPT2_ROOT=2,3,4,7,9,10,13
EHPT2_ROOT=2,3,4,7,9,10,14
EHPT2_ROOT=2,3,4,7,9,11,12
EHPT2_ROOT=2,3,4,7,9,11,13
EHPT2_ROOT=2,3,4,7,9,11,14
EHPT2_ROOT=2,3,4,7,9,12,13
EHPT2_ROOT=2,3,4,7,9,12,14
EHPT2_ROOT=2,3,4,7,9,13,14
EHPT2_ROOT=2,3,4,7,10,11,12
EHPT2_ROOT=2,3,4,7,10,11,13
EHPT2_ROOT=2,3,4,7,10,11,14
EHPT2_ROOT=2,3,4,7,10,12,13
EHPT2_ROOT=2,3,4,7,10,12,14
EHPT2_ROOT=2,3,4,7,10,13,14
EHPT2_ROOT=2,3,4,7,11,12,13
EHPT2_ROOT=2,3,4,7,11,12,14
EHPT2_ROOT=2,3,4,7,11,13,14
EHPT2_ROOT=2,3,4,7,12,13,14
EHPT2_ROOT=2,3,4,8,9,10,11
EHPT2_ROOT=2,3,4,8,9,10,12
EHPT2_ROOT=2,3,4,8,9,10,13
EHPT2_ROOT=2,3,4,8,9,10,14
EHPT2_ROOT=2,3,4,8,9,11,12
EHPT2_ROOT=2,3,4,8,9,11,13
EHPT2_ROOT=2,3,4,8,9,11,14
EHPT2_ROOT=2,3,4,8,9,12,13
EHPT2_ROOT=2,3,4,8,9,12,14
EHPT2_ROOT=2,3,4,8,9,13,14
EHPT2_ROOT=2,3,4,8,10,11,12
EHPT2_ROOT=2,3,4,8,10,11,13
EHPT2_ROOT=2,3,4,8,10,11,14
EHPT2_ROOT=2,3,4,8,10,12,13
EHPT2_ROOT=2,3,4,8,10,12,14
EHPT2_ROOT=2,3,4,8,10,13,14
EHPT2_ROOT=2,3,4,8,11,12,13
EHPT2_ROOT=2,3,4,8,11,12,14
EHPT2_ROOT=2,3,4,8,11,13,14
EHPT2_ROOT=2,3,4,8,12,13,14
EHPT2_ROOT=2,3,4,9,10,11,12
EHPT2_ROOT=2,3,4,9,10,11,13
EHPT2_ROOT=2,3,4,9,10,11,14
EHPT2_ROOT=2,3,4,9,10,12,13
EHPT2_ROOT=2,3,4,9,10,12,14
EHPT2_ROOT=2,3,4,9,10,13,14
EHPT2_ROOT=2,3,4,9,11,12,13
EHPT2_ROOT=2,3,4,9,11,12,14
EHPT2_ROOT=2,3,4,9,11,13,14
EHPT2_ROOT=2,3,4,9,12,13,14
EHPT2_ROOT=2,3,4,10,11,12,13
EHPT2_ROOT=2,3,4,10,11,12,14
EHPT2_ROOT=2,3,4,10,11,13,14
EHPT2_ROOT=2,3,4,10,12,13,14
EHPT2_ROOT=2,3,4,11,12,13,14
EHPT2_ROOT=2,3,5,6,7,8,9
EHPT2_ROOT=2,3,5,6,7,8,10
EHPT2_ROOT=2,3,5,6,7,8,11
EHPT2_ROOT=2,3,5,6,7,8,12
EHPT2_ROOT=2,3,5,6,7,8,13
EHPT2_ROOT=2,3,5,6,7,8,14
EHPT2_ROOT=2,3,5,6,7,9,10
EHPT2_ROOT=2,3,5,6,7,9,11
EHPT2_ROOT=2,3,5,6,7,9,12
EHPT2_ROOT=2,3,5,6,7,9,13
EHPT2_ROOT=2,3,5,6,7,9,14
EHPT2_ROOT=2,3,5,6,7,10,11
EHPT2_ROOT=2,3,5,6,7,10,12
EHPT2_ROOT=2,3,5,6,7,10,13
EHPT2_ROOT=2,3,5,6,7,10,14
EHPT2_ROOT=2,3,5,6,7,11,12
EHPT2_ROOT=2,3,5,6,7,11,13
EHPT2_ROOT=2,3,5,6,7,11,14
EHPT2_ROOT=2,3,5,6,7,12,13
EHPT2_ROOT=2,3,5,6,7,12,14
EHPT2_ROOT=2,3,5,6,7,13,14
EHPT2_ROOT=2,3,5,6,8,9,10
EHPT2_ROOT=2,3,5,6,8,9,11
EHPT2_ROOT=2,3,5,6,8,9,12
EHPT2_ROOT=2,3,5,6,8,9,13
EHPT2_ROOT=2,3,5,6,8,9,14
EHPT2_ROOT=2,3,5,6,8,10,11
EHPT2_ROOT=2,3,5,6,8,10,12
EHPT2_ROOT=2,3,5,6,8,10,13
EHPT2_ROOT=2,3,5,6,8,10,14
EHPT2_ROOT=2,3,5,6,8,11,12
EHPT2_ROOT=2,3,5,6,8,11,13
EHPT2_ROOT=2,3,5,6,8,11,14
EHPT2_ROOT=2,3,5,6,8,12,13
EHPT2_ROOT=2,3,5,6,8,12,14
EHPT2_ROOT=2,3,5,6,8,13,14
EHPT2_ROOT=2,3,5,6,9,10,11
EHPT2_ROOT=2,3,5,6,9,10,12
EHPT2_ROOT=2,3,5,6,9,10,13
EHPT2_ROOT=2,3,5,6,9,10,14
EHPT2_ROOT=2,3,5,6,9,11,12
EHPT2_ROOT=2,3,5,6,9,11,13
EHPT2_ROOT=2,3,5,6,9,11,14
EHPT2_ROOT=2,3,5,6,9,12,13
EHPT2_ROOT=2,3,5,6,9,12,14
EHPT2_ROOT=2,3,5,6,9,13,14
EHPT2_ROOT=2,3,5,6,10,11,12
EHPT2_ROOT=2,3,5,6,10,11,13
EHPT2_ROOT=2,3,5,6,10,11,14
EHPT2_ROOT=2,3,5,6,10,12,13
EHPT2_ROOT=2,3,5,6,10,12,14
EHPT2_ROOT=2,3,5,6,10,13,14
EHPT2_ROOT=2,3,5,6,11,12,13
EHPT2_ROOT=2,3,5,6,11,12,14
EHPT2_ROOT=2,3,5,6,11,13,14
EHPT2_ROOT=2,3,5,6,12,13,14
EHPT2_ROOT=2,3,5,7,8,9,10
EHPT2_ROOT=2,3,5,7,8,9,11
EHPT2_ROOT=2,3,5,7,8,9,12
EHPT2_ROOT=2,3,5,7,8,9,13
EHPT2_ROOT=2,3,5,7,8,9,14
EHPT2_ROOT=2,3,5,7,8,10,11
EHPT2_ROOT=2,3,5,7,8,10,12
EHPT2_ROOT=2,3,5,7,8,10,13
EHPT2_ROOT=2,3,5,7,8,10,14
EHPT2_ROOT=2,3,5,7,8,11,12
EHPT2_ROOT=2,3,5,7,8,11,13
EHPT2_ROOT=2,3,5,7,8,11,14
EHPT2_ROOT=2,3,5,7,8,12,13
EHPT2_ROOT=2,3,5,7,8,12,14
EHPT2_ROOT=2,3,5,7,8,13,14
EHPT2_ROOT=2,3,5,7,9,10,11
EHPT2_ROOT=2,3,5,7,9,10,12
EHPT2_ROOT=2,3,5,7,9,10,13
EHPT2_ROOT=2,3,5,7,9,10,14
EHPT2_ROOT=2,3,5,7,9,11,12
EHPT2_ROOT=2,3,5,7,9,11,13
EHPT2_ROOT=2,3,5,7,9,11,14
EHPT2_ROOT=2,3,5,7,9,12,13
EHPT2_ROOT=2,3,5,7,9,12,14
EHPT2_ROOT=2,3,5,7,9,13,14
EHPT2_ROOT=2,3,5,7,10,11,12
EHPT2_ROOT=2,3,5,7,10,11,13
EHPT2_ROOT=2,3,5,7,10,11,14
EHPT2_ROOT=2,3,5,7,10,12,13
EHPT2_ROOT=2,3,5,7,10,12,14
EHPT2_ROOT=2,3,5,7,10,13,14
EHPT2_ROOT=2,3,5,7,11,12,13
EHPT2_ROOT=2,3,5,7,11,12,14
EHPT2_ROOT=2,3,5,7,11,13,14
EHPT2_ROOT=2,3,5,7,12,13,14
EHPT2_ROOT=2,3,5,8,9,10,11
EHPT2_ROOT=2,3,5,8,9,10,12
EHPT2_ROOT=2,3,5,8,9,10,13
EHPT2_ROOT=2,3,5,8,9,10,14
EHPT2_ROOT=2,3,5,8,9,11,12
EHPT2_ROOT=2,3,5,8,9,11,13
EHPT2_ROOT=2,3,5,8,9,11,14
EHPT2_ROOT=2,3,5,8,9,12,13
EHPT2_ROOT=2,3,5,8,9,12,14
EHPT2_ROOT=2,3,5,8,9,13,14
EHPT2_ROOT=2,3,5,8,10,11,12
EHPT2_ROOT=2,3,5,8,10,11,13
EHPT2_ROOT=2,3,5,8,10,11,14
EHPT2_ROOT=2,3,5,8,10,12,13
EHPT2_ROOT=2,3,5,8,10,12,14
EHPT2_ROOT=2,3,5,8,10,13,14
EHPT2_ROOT=2,3,5,8,11,12,13
EHPT2_ROOT=2,3,5,8,11,12,14
EHPT2_ROOT=2,3,5,8,11,13,14
EHPT2_ROOT=2,3,5,8,12,13,14
EHPT2_ROOT=2,3,5,9,10,11,12
EHPT2_ROOT=2,3,5,9,10,11,13
EHPT2_ROOT=2,3,5,9,10,11,14
EHPT2_ROOT=2,3,5,9,10,12,13
EHPT2_ROOT=2,3,5,9,10,12,14
EHPT2_ROOT=2,3,5,9,10,13,14
EHPT2_ROOT=2,3,5,9,11,12,13
EHPT2_ROOT=2,3,5,9,11,12,14
EHPT2_ROOT=2,3,5,9,11,13,14
EHPT2_ROOT=2,3,5,9,12,13,14
EHPT2_ROOT=2,3,5,10,11,12,13
EHPT2_ROOT=2,3,5,10,11,12,14
EHPT2_ROOT=2,3,5,10,11,13,14
EHPT2_ROOT=2,3,5,10,12,13,14
EHPT2_ROOT=2,3,5,11,12,13,14
EHPT2_ROOT=2,3,6,7,8,9,10
EHPT2_ROOT=2,3,6,7,8,9,11
EHPT2_ROOT=2,3,6,7,8,9,12
EHPT2_ROOT=2,3,6,7,8,9,13
EHPT2_ROOT=2,3,6,7,8,9,14
EHPT2_ROOT=2,3,6,7,8,10,11
EHPT2_ROOT=2,3,6,7,8,10,12
EHPT2_ROOT=2,3,6,7,8,10,13
EHPT2_ROOT=2,3,6,7,8,10,14
EHPT2_ROOT=2,3,6,7,8,11,12
EHPT2_ROOT=2,3,6,7,8,11,13
EHPT2_ROOT=2,3,6,7,8,11,14
EHPT2_ROOT=2,3,6,7,8,12,13
EHPT2_ROOT=2,3,6,7,8,12,14
EHPT2_ROOT=2,3,6,7,8,13,14
EHPT2_ROOT=2,3,6,7,9,10,11
EHPT2_ROOT=2,3,6,7,9,10,12
EHPT2_ROOT=2,3,6,7,9,10,13
EHPT2_ROOT=2,3,6,7,9,10,14
EHPT2_ROOT=2,3,6,7,9,11,12
EHPT2_ROOT=2,3,6,7,9,11,13
EHPT2_ROOT=2,3,6,7,9,11,14
EHPT2_ROOT=2,3,6,7,9,12,13
EHPT2_ROOT=2,3,6,7,9,12,14
EHPT2_ROOT=2,3,6,7,9,13,14
EHPT2_ROOT=2,3,6,7,10,11,12
EHPT2_ROOT=2,3,6,7,10,11,13
EHPT2_ROOT=2,3,6,7,10,11,14
EHPT2_ROOT=2,3,6,7,10,12,13
EHPT2_ROOT=2,3,6,7,10,12,14
EHPT2_ROOT=2,3,6,7,10,13,14
EHPT2_ROOT=2,3,6,7,11,12,13
EHPT2_ROOT=2,3,6,7,11,12,14
EHPT2_ROOT=2,3,6,7,11,13,14
EHPT2_ROOT=2,3,6,7,12,13,14
EHPT2_ROOT=2,3,6,8,9,10,11
EHPT2_ROOT=2,3,6,8,9,10,12
EHPT2_ROOT=2,3,6,8,9,10,13
EHPT2_ROOT=2,3,6,8,9,10,14
EHPT2_ROOT=2,3,6,8,9,11,12
EHPT2_ROOT=2,3,6,8,9,11,13
EHPT2_ROOT=2,3,6,8,9,11,14
EHPT2_ROOT=2,3,6,8,9,12,13
EHPT2_ROOT=2,3,6,8,9,12,14
EHPT2_ROOT=2,3,6,8,9,13,14
EHPT2_ROOT=2,3,6,8,10,11,12
EHPT2_ROOT=2,3,6,8,10,11,13
EHPT2_ROOT=2,3,6,8,10,11,14
EHPT2_ROOT=2,3,6,8,10,12,13
EHPT2_ROOT=2,3,6,8,10,12,14
EHPT2_ROOT=2,3,6,8,10,13,14
EHPT2_ROOT=2,3,6,8,11,12,13
EHPT2_ROOT=2,3,6,8,11,12,14
EHPT2_ROOT=2,3,6,8,11,13,14
EHPT2_ROOT=2,3,6,8,12,13,14
EHPT2_ROOT=2,3,6,9,10,11,12
EHPT2_ROOT=2,3,6,9,10,11,13
EHPT2_ROOT=2,3,6,9,10,11,14
EHPT2_ROOT=2,3,6,9,10,12,13
EHPT2_ROOT=2,3,6,9,10,12,14
EHPT2_ROOT=2,3,6,9,10,13,14
EHPT2_ROOT=2,3,6,9,11,12,13
EHPT2_ROOT=2,3,6,9,11,12,14
EHPT2_ROOT=2,3,6,9,11,13,14
EHPT2_ROOT=2,3,6,9,12,13,14
EHPT2_ROOT=2,3,6,10,11,12,13
EHPT2_ROOT=2,3,6,10,11,12,14
EHPT2_ROOT=2,3,6,10,11,13,14
EHPT2_ROOT=2,3,6,10,12,13,14
EHPT2_ROOT=2,3,6,11,12,13,14
EHPT2_ROOT=2,3,7,8,9,10,11
EHPT2_ROOT=2,3,7,8,9,10,12
EHPT2_ROOT=2,3,7,8,9,10,13
EHPT2_ROOT=2,3,7,8,9,10,14
EHPT2_ROOT=2,3,7,8,9,11,12
EHPT2_ROOT=2,3,7,8,9,11,13
EHPT2_ROOT=2,3,7,8,9,11,14
EHPT2_ROOT=2,3,7,8,9,12,13
EHPT2_ROOT=2,3,7,8,9,12,14
EHPT2_ROOT=2,3,7,8,9,13,14
EHPT2_ROOT=2,3,7,8,10,11,12
EHPT2_ROOT=2,3,7,8,10,11,13
EHPT2_ROOT=2,3,7,8,10,11,14
EHPT2_ROOT=2,3,7,8,10,12,13
EHPT2_ROOT=2,3,7,8,10,12,14
EHPT2_ROOT=2,3,7,8,10,13,14
EHPT2_ROOT=2,3,7,8,11,12,13
EHPT2_ROOT=2,3,7,8,11,12,14
EHPT2_ROOT=2,3,7,8,11,13,14
EHPT2_ROOT=2,3,7,8,12,13,14
EHPT2_ROOT=2,3,7,9,10,11,12
EHPT2_ROOT=2,3,7,9,10,11,13
EHPT2_ROOT=2,3,7,9,10,11,14
EHPT2_ROOT=2,3,7,9,10,12,13
EHPT2_ROOT=2,3,7,9,10,12,14
EHPT2_ROOT=2,3,7,9,10,13,14
EHPT2_ROOT=2,3,7,9,11,12,13
EHPT2_ROOT=2,3,7,9,11,12,14
EHPT2_ROOT=2,3,7,9,11,13,14
EHPT2_ROOT=2,3,7,9,12,13,14
EHPT2_ROOT=2,3,7,10,11,12,13
EHPT2_ROOT=2,3,7,10,11,12,14
EHPT2_ROOT=2,3,7,10,11,13,14
EHPT2_ROOT=2,3,7,10,12,13,14
EHPT2_ROOT=2,3,7,11,12,13,14
EHPT2_ROOT=2,3,8,9,10,11,12
EHPT2_ROOT=2,3,8,9,10,11,13
EHPT2_ROOT=2,3,8,9,10,11,14
EHPT2_ROOT=2,3,8,9,10,12,13
EHPT2_ROOT=2,3,8,9,10,12,14
EHPT2_ROOT=2,3,8,9,10,13,14
EHPT2_ROOT=2,3,8,9,11,12,13
EHPT2_ROOT=2,3,8,9,11,12,14
EHPT2_ROOT=2,3,8,9,11,13,14
EHPT2_ROOT=2,3,8,9,12,13,14
EHPT2_ROOT=2,3,8,10,11,12,13
EHPT2_ROOT=2,3,8,10,11,12,14
EHPT2_ROOT=2,3,8,10,11,13,14
EHPT2_ROOT=2,3,8,10,12,13,14
EHPT2_ROOT=2,3,8,11,12,13,14
EHPT2_ROOT=2,3,9,10,11,12,13
EHPT2_ROOT=2,3,9,10,11,12,14
EHPT2_ROOT=2,3,9,10,11,13,14
EHPT2_ROOT=2,3,9,10,12,13,14
EHPT2_ROOT=2,3,9,11,12,13,14
EHPT2_ROOT=2,3,10,11,12,13,14
EHPT2_ROOT=2,4,5,6,7,8,9
EHPT2_ROOT=2,4,5,6,7,8,10
EHPT2_ROOT=2,4,5,6,7,8,11
EHPT2_ROOT=2,4,5,6,7,8,12
EHPT2_ROOT=2,4,5,6,7,8,13
EHPT2_ROOT=2,4,5,6,7,8,14
EHPT2_ROOT=2,4,5,6,7,9,10
EHPT2_ROOT=2,4,5,6,7,9,11
EHPT2_ROOT=2,4,5,6,7,9,12
EHPT2_ROOT=2,4,5,6,7,9,13
EHPT2_ROOT=2,4,5,6,7,9,14
EHPT2_ROOT=2,4,5,6,7,10,11
EHPT2_ROOT=2,4,5,6,7,10,12
EHPT2_ROOT=2,4,5,6,7,10,13
EHPT2_ROOT=2,4,5,6,7,10,14
EHPT2_ROOT=2,4,5,6,7,11,12
EHPT2_ROOT=2,4,5,6,7,11,13
EHPT2_ROOT=2,4,5,6,7,11,14
EHPT2_ROOT=2,4,5,6,7,12,13
EHPT2_ROOT=2,4,5,6,7,12,14
EHPT2_ROOT=2,4,5,6,7,13,14
EHPT2_ROOT=2,4,5,6,8,9,10
EHPT2_ROOT=2,4,5,6,8,9,11
EHPT2_ROOT=2,4,5,6,8,9,12
EHPT2_ROOT=2,4,5,6,8,9,13
EHPT2_ROOT=2,4,5,6,8,9,14
EHPT2_ROOT=2,4,5,6,8,10,11
EHPT2_ROOT=2,4,5,6,8,10,12
EHPT2_ROOT=2,4,5,6,8,10,13
EHPT2_ROOT=2,4,5,6,8,10,14
EHPT2_ROOT=2,4,5,6,8,11,12
EHPT2_ROOT=2,4,5,6,8,11,13
EHPT2_ROOT=2,4,5,6,8,11,14
EHPT2_ROOT=2,4,5,6,8,12,13
EHPT2_ROOT=2,4,5,6,8,12,14
EHPT2_ROOT=2,4,5,6,8,13,14
EHPT2_ROOT=2,4,5,6,9,10,11
EHPT2_ROOT=2,4,5,6,9,10,12
EHPT2_ROOT=2,4,5,6,9,10,13
EHPT2_ROOT=2,4,5,6,9,10,14
EHPT2_ROOT=2,4,5,6,9,11,12
EHPT2_ROOT=2,4,5,6,9,11,13
EHPT2_ROOT=2,4,5,6,9,11,14
EHPT2_ROOT=2,4,5,6,9,12,13
EHPT2_ROOT=2,4,5,6,9,12,14
EHPT2_ROOT=2,4,5,6,9,13,14
EHPT2_ROOT=2,4,5,6,10,11,12
EHPT2_ROOT=2,4,5,6,10,11,13
EHPT2_ROOT=2,4,5,6,10,11,14
EHPT2_ROOT=2,4,5,6,10,12,13
EHPT2_ROOT=2,4,5,6,10,12,14
EHPT2_ROOT=2,4,5,6,10,13,14
EHPT2_ROOT=2,4,5,6,11,12,13
EHPT2_ROOT=2,4,5,6,11,12,14
EHPT2_ROOT=2,4,5,6,11,13,14
EHPT2_ROOT=2,4,5,6,12,13,14
EHPT2_ROOT=2,4,5,7,8,9,10
EHPT2_ROOT=2,4,5,7,8,9,11
EHPT2_ROOT=2,4,5,7,8,9,12
EHPT2_ROOT=2,4,5,7,8,9,13
EHPT2_ROOT=2,4,5,7,8,9,14
EHPT2_ROOT=2,4,5,7,8,10,11
EHPT2_ROOT=2,4,5,7,8,10,12
EHPT2_ROOT=2,4,5,7,8,10,13
EHPT2_ROOT=2,4,5,7,8,10,14
EHPT2_ROOT=2,4,5,7,8,11,12
EHPT2_ROOT=2,4,5,7,8,11,13
EHPT2_ROOT=2,4,5,7,8,11,14
EHPT2_ROOT=2,4,5,7,8,12,13
EHPT2_ROOT=2,4,5,7,8,12,14
EHPT2_ROOT=2,4,5,7,8,13,14
EHPT2_ROOT=2,4,5,7,9,10,11
EHPT2_ROOT=2,4,5,7,9,10,12
EHPT2_ROOT=2,4,5,7,9,10,13
EHPT2_ROOT=2,4,5,7,9,10,14
EHPT2_ROOT=2,4,5,7,9,11,12
EHPT2_ROOT=2,4,5,7,9,11,13
EHPT2_ROOT=2,4,5,7,9,11,14
EHPT2_ROOT=2,4,5,7,9,12,13
EHPT2_ROOT=2,4,5,7,9,12,14
EHPT2_ROOT=2,4,5,7,9,13,14
EHPT2_ROOT=2,4,5,7,10,11,12
EHPT2_ROOT=2,4,5,7,10,11,13
EHPT2_ROOT=2,4,5,7,10,11,14
EHPT2_ROOT=2,4,5,7,10,12,13
EHPT2_ROOT=2,4,5,7,10,12,14
EHPT2_ROOT=2,4,5,7,10,13,14
EHPT2_ROOT=2,4,5,7,11,12,13
EHPT2_ROOT=2,4,5,7,11,12,14
EHPT2_ROOT=2,4,5,7,11,13,14
EHPT2_ROOT=2,4,5,7,12,13,14
EHPT2_ROOT=2,4,5,8,9,10,11
EHPT2_ROOT=2,4,5,8,9,10,12
EHPT2_ROOT=2,4,5,8,9,10,13
EHPT2_ROOT=2,4,5,8,9,10,14
EHPT2_ROOT=2,4,5,8,9,11,12
EHPT2_ROOT=2,4,5,8,9,11,13
EHPT2_ROOT=2,4,5,8,9,11,14
EHPT2_ROOT=2,4,5,8,9,12,13
EHPT2_ROOT=2,4,5,8,9,12,14
EHPT2_ROOT=2,4,5,8,9,13,14
EHPT2_ROOT=2,4,5,8,10,11,12
EHPT2_ROOT=2,4,5,8,10,11,13
EHPT2_ROOT=2,4,5,8,10,11,14
EHPT2_ROOT=2,4,5,8,10,12,13
EHPT2_ROOT=2,4,5,8,10,12,14
EHPT2_ROOT=2,4,5,8,10,13,14
EHPT2_ROOT=2,4,5,8,11,12,13
EHPT2_ROOT=2,4,5,8,11,12,14
EHPT2_ROOT=2,4,5,8,11,13,14
EHPT2_ROOT=2,4,5,8,12,13,14
EHPT2_ROOT=2,4,5,9,10,11,12
EHPT2_ROOT=2,4,5,9,10,11,13
EHPT2_ROOT=2,4,5,9,10,11,14
EHPT2_ROOT=2,4,5,9,10,12,13
EHPT2_ROOT=2,4,5,9,10,12,14
EHPT2_ROOT=2,4,5,9,10,13,14
EHPT2_ROOT=2,4,5,9,11,12,13
EHPT2_ROOT=2,4,5,9,11,12,14
EHPT2_ROOT=2,4,5,9,11,13,14
EHPT2_ROOT=2,4,5,9,12,13,14
EHPT2_ROOT=2,4,5,10,11,12,13
EHPT2_ROOT=2,4,5,10,11,12,14
EHPT2_ROOT=2,4,5,10,11,13,14
EHPT2_ROOT=2,4,5,10,12,13,14
EHPT2_ROOT=2,4,5,11,12,13,14
EHPT2_ROOT=2,4,6,7,8,9,10
EHPT2_ROOT=2,4,6,7,8,9,11
EHPT2_ROOT=2,4,6,7,8,9,12
EHPT2_ROOT=2,4,6,7,8,9,13
EHPT2_ROOT=2,4,6,7,8,9,14
EHPT2_ROOT=2,4,6,7,8,10,11
EHPT2_ROOT=2,4,6,7,8,10,12
EHPT2_ROOT=2,4,6,7,8,10,13
EHPT2_ROOT=2,4,6,7,8,10,14
EHPT2_ROOT=2,4,6,7,8,11,12
EHPT2_ROOT=2,4,6,7,8,11,13
EHPT2_ROOT=2,4,6,7,8,11,14
EHPT2_ROOT=2,4,6,7,8,12,13
EHPT2_ROOT=2,4,6,7,8,12,14
EHPT2_ROOT=2,4,6,7,8,13,14
EHPT2_ROOT=2,4,6,7,9,10,11
EHPT2_ROOT=2,4,6,7,9,10,12
EHPT2_ROOT=2,4,6,7,9,10,13
EHPT2_ROOT=2,4,6,7,9,10,14
EHPT2_ROOT=2,4,6,7,9,11,12
EHPT2_ROOT=2,4,6,7,9,11,13
EHPT2_ROOT=2,4,6,7,9,11,14
EHPT2_ROOT=2,4,6,7,9,12,13
EHPT2_ROOT=2,4,6,7,9,12,14
EHPT2_ROOT=2,4,6,7,9,13,14
EHPT2_ROOT=2,4,6,7,10,11,12
EHPT2_ROOT=2,4,6,7,10,11,13
EHPT2_ROOT=2,4,6,7,10,11,14
EHPT2_ROOT=2,4,6,7,10,12,13
EHPT2_ROOT=2,4,6,7,10,12,14
EHPT2_ROOT=2,4,6,7,10,13,14
EHPT2_ROOT=2,4,6,7,11,12,13
EHPT2_ROOT=2,4,6,7,11,12,14
EHPT2_ROOT=2,4,6,7,11,13,14
EHPT2_ROOT=2,4,6,7,12,13,14
EHPT2_ROOT=2,4,6,8,9,10,11
EHPT2_ROOT=2,4,6,8,9,10,12
EHPT2_ROOT=2,4,6,8,9,10,13
EHPT2_ROOT=2,4,6,8,9,10,14
EHPT2_ROOT=2,4,6,8,9,11,12
EHPT2_ROOT=2,4,6,8,9,11,13
EHPT2_ROOT=2,4,6,8,9,11,14
EHPT2_ROOT=2,4,6,8,9,12,13
EHPT2_ROOT=2,4,6,8,9,12,14
EHPT2_ROOT=2,4,6,8,9,13,14
EHPT2_ROOT=2,4,6,8,10,11,12
EHPT2_ROOT=2,4,6,8,10,11,13
EHPT2_ROOT=2,4,6,8,10,11,14
EHPT2_ROOT=2,4,6,8,10,12,13
EHPT2_ROOT=2,4,6,8,10,12,14
EHPT2_ROOT=2,4,6,8,10,13,14
EHPT2_ROOT=2,4,6,8,11,12,13
EHPT2_ROOT=2,4,6,8,11,12,14
EHPT2_ROOT=2,4,6,8,11,13,14
EHPT2_ROOT=2,4,6,8,12,13,14
EHPT2_ROOT=2,4,6,9,10,11,12
EHPT2_ROOT=2,4,6,9,10,11,13
EHPT2_ROOT=2,4,6,9,10,11,14
EHPT2_ROOT=2,4,6,9,10,12,13
EHPT2_ROOT=2,4,6,9,10,12,14
EHPT2_ROOT=2,4,6,9,10,13,14
EHPT2_ROOT=2,4,6,9,11,12,13
EHPT2_ROOT=2,4,6,9,11,12,14
EHPT2_ROOT=2,4,6,9,11,13,14
EHPT2_ROOT=2,4,6,9,12,13,14
EHPT2_ROOT=2,4,6,10,11,12,13
EHPT2_ROOT=2,4,6,10,11,12,14
EHPT2_ROOT=2,4,6,10,11,13,14
EHPT2_ROOT=2,4,6,10,12,13,14
EHPT2_ROOT=2,4,6,11,12,13,14
EHPT2_ROOT=2,4,7,8,9,10,11
EHPT2_ROOT=2,4,7,8,9,10,12
EHPT2_ROOT=2,4,7,8,9,10,13
EHPT2_ROOT=2,4,7,8,9,10,14
EHPT2_ROOT=2,4,7,8,9,11,12
EHPT2_ROOT=2,4,7,8,9,11,13
EHPT2_ROOT=2,4,7,8,9,11,14
EHPT2_ROOT=2,4,7,8,9,12,13
EHPT2_ROOT=2,4,7,8,9,12,14
EHPT2_ROOT=2,4,7,8,9,13,14
EHPT2_ROOT=2,4,7,8,10,11,12
EHPT2_ROOT=2,4,7,8,10,11,13
EHPT2_ROOT=2,4,7,8,10,11,14
EHPT2_ROOT=2,4,7,8,10,12,13
EHPT2_ROOT=2,4,7,8,10,12,14
EHPT2_ROOT=2,4,7,8,10,13,14
EHPT2_ROOT=2,4,7,8,11,12,13
EHPT2_ROOT=2,4,7,8,11,12,14
EHPT2_ROOT=2,4,7,8,11,13,14
EHPT2_ROOT=2,4,7,8,12,13,14
EHPT2_ROOT=2,4,7,9,10,11,12
EHPT2_ROOT=2,4,7,9,10,11,13
EHPT2_ROOT=2,4,7,9,10,11,14
EHPT2_ROOT=2,4,7,9,10,12,13
EHPT2_ROOT=2,4,7,9,10,12,14
EHPT2_ROOT=2,4,7,9,10,13,14
EHPT2_ROOT=2,4,7,9,11,12,13
EHPT2_ROOT=2,4,7,9,11,12,14
EHPT2_ROOT=2,4,7,9,11,13,14
EHPT2_ROOT=2,4,7,9,12,13,14
EHPT2_ROOT=2,4,7,10,11,12,13
EHPT2_ROOT=2,4,7,10,11,12,14
EHPT2_ROOT=2,4,7,10,11,13,14
EHPT2_ROOT=2,4,7,10,12,13,14
EHPT2_ROOT=2,4,7,11,12,13,14
EHPT2_ROOT=2,4,8,9,10,11,12
EHPT2_ROOT=2,4,8,9,10,11,13
EHPT2_ROOT=2,4,8,9,10,11,14
EHPT2_ROOT=2,4,8,9,10,12,13
EHPT2_ROOT=2,4,8,9,10,12,14
EHPT2_ROOT=2,4,8,9,10,13,14
EHPT2_ROOT=2,4,8,9,11,12,13
EHPT2_ROOT=2,4,8,9,11,12,14
EHPT2_ROOT=2,4,8,9,11,13,14
EHPT2_ROOT=2,4,8,9,12,13,14
EHPT2_ROOT=2,4,8,10,11,12,13
EHPT2_ROOT=2,4,8,10,11,12,14
EHPT2_ROOT=2,4,8,10,11,13,14
EHPT2_ROOT=2,4,8,10,12,13,14
EHPT2_ROOT=2,4,8,11,12,13,14
EHPT2_ROOT=2,4,9,10,11,12,13
EHPT2_ROOT=2,4,9,10,11,12,14
EHPT2_ROOT=2,4,9,10,11,13,14
EHPT2_ROOT=2,4,9,10,12,13,14
EHPT2_ROOT=2,4,9,11,12,13,14
EHPT2_ROOT=2,4,10,11,12,13,14
EHPT2_ROOT=2,5,6,7,8,9,10
EHPT2_ROOT=2,5,6,7,8,9,11
EHPT2_ROOT=2,5,6,7,8,9,12
EHPT2_ROOT=2,5,6,7,8,9,13
EHPT2_ROOT=2,5,6,7,8,9,14
EHPT2_ROOT=2,5,6,7,8,10,11
EHPT2_ROOT=2,5,6,7,8,10,12
EHPT2_ROOT=2,5,6,7,8,10,13
EHPT2_ROOT=2,5,6,7,8,10,14
EHPT2_ROOT=2,5,6,7,8,11,12
EHPT2_ROOT=2,5,6,7,8,11,13
EHPT2_ROOT=2,5,6,7,8,11,14
EHPT2_ROOT=2,5,6,7,8,12,13
EHPT2_ROOT=2,5,6,7,8,12,14
EHPT2_ROOT=2,5,6,7,8,13,14
EHPT2_ROOT=2,5,6,7,9,10,11
EHPT2_ROOT=2,5,6,7,9,10,12
EHPT2_ROOT=2,5,6,7,9,10,13
EHPT2_ROOT=2,5,6,7,9,10,14
EHPT2_ROOT=2,5,6,7,9,11,12
EHPT2_ROOT=2,5,6,7,9,11,13
EHPT2_ROOT=2,5,6,7,9,11,14
EHPT2_ROOT=2,5,6,7,9,12,13
EHPT2_ROOT=2,5,6,7,9,12,14
EHPT2_ROOT=2,5,6,7,9,13,14
EHPT2_ROOT=2,5,6,7,10,11,12
EHPT2_ROOT=2,5,6,7,10,11,13
EHPT2_ROOT=2,5,6,7,10,11,14
EHPT2_ROOT=2,5,6,7,10,12,13
EHPT2_ROOT=2,5,6,7,10,12,14
EHPT2_ROOT=2,5,6,7,10,13,14
EHPT2_ROOT=2,5,6,7,11,12,13
EHPT2_ROOT=2,5,6,7,11,12,14
EHPT2_ROOT=2,5,6,7,11,13,14
EHPT2_ROOT=2,5,6,7,12,13,14
EHPT2_ROOT=2,5,6,8,9,10,11
EHPT2_ROOT=2,5,6,8,9,10,12
EHPT2_ROOT=2,5,6,8,9,10,13
EHPT2_ROOT=2,5,6,8,9,10,14
EHPT2_ROOT=2,5,6,8,9,11,12
EHPT2_ROOT=2,5,6,8,9,11,13
EHPT2_ROOT=2,5,6,8,9,11,14
EHPT2_ROOT=2,5,6,8,9,12,13
EHPT2_ROOT=2,5,6,8,9,12,14
EHPT2_ROOT=2,5,6,8,9,13,14
EHPT2_ROOT=2,5,6,8,10,11,12
EHPT2_ROOT=2,5,6,8,10,11,13
EHPT2_ROOT=2,5,6,8,10,11,14
EHPT2_ROOT=2,5,6,8,10,12,13
EHPT2_ROOT=2,5,6,8,10,12,14
EHPT2_ROOT=2,5,6,8,10,13,14
EHPT2_ROOT=2,5,6,8,11,12,13
EHPT2_ROOT=2,5,6,8,11,12,14
EHPT2_ROOT=2,5,6,8,11,13,14
EHPT2_ROOT=2,5,6,8,12,13,14
EHPT2_ROOT=2,5,6,9,10,11,12
EHPT2_ROOT=2,5,6,9,10,11,13
EHPT2_ROOT=2,5,6,9,10,11,14
EHPT2_ROOT=2,5,6,9,10,12,13
EHPT2_ROOT=2,5,6,9,10,12,14
EHPT2_ROOT=2,5,6,9,10,13,14
EHPT2_ROOT=2,5,6,9,11,12,13
EHPT2_ROOT=2,5,6,9,11,12,14
EHPT2_ROOT=2,5,6,9,11,13,14
EHPT2_ROOT=2,5,6,9,12,13,14
EHPT2_ROOT=2,5,6,10,11,12,13
EHPT2_ROOT=2,5,6,10,11,12,14
EHPT2_ROOT=2,5,6,10,11,13,14
EHPT2_ROOT=2,5,6,10,12,13,14
EHPT2_ROOT=2,5,6,11,12,13,14
EHPT2_ROOT=2,5,7,8,9,10,11
EHPT2_ROOT=2,5,7,8,9,10,12
EHPT2_ROOT=2,5,7,8,9,10,13
EHPT2_ROOT=2,5,7,8,9,10,14
EHPT2_ROOT=2,5,7,8,9,11,12
EHPT2_ROOT=2,5,7,8,9,11,13
EHPT2_ROOT=2,5,7,8,9,11,14
EHPT2_ROOT=2,5,7,8,9,12,13
EHPT2_ROOT=2,5,7,8,9,12,14
EHPT2_ROOT=2,5,7,8,9,13,14
EHPT2_ROOT=2,5,7,8,10,11,12
EHPT2_ROOT=2,5,7,8,10,11,13
EHPT2_ROOT=2,5,7,8,10,11,14
EHPT2_ROOT=2,5,7,8,10,12,13
EHPT2_ROOT=2,5,7,8,10,12,14
EHPT2_ROOT=2,5,7,8,10,13,14
EHPT2_ROOT=2,5,7,8,11,12,13
EHPT2_ROOT=2,5,7,8,11,12,14
EHPT2_ROOT=2,5,7,8,11,13,14
EHPT2_ROOT=2,5,7,8,12,13,14
EHPT2_ROOT=2,5,7,9,10,11,12
EHPT2_ROOT=2,5,7,9,10,11,13
EHPT2_ROOT=2,5,7,9,10,11,14
EHPT2_ROOT=2,5,7,9,10,12,13
EHPT2_ROOT=2,5,7,9,10,12,14
EHPT2_ROOT=2,5,7,9,10,13,14
EHPT2_ROOT=2,5,7,9,11,12,13
EHPT2_ROOT=2,5,7,9,11,12,14
EHPT2_ROOT=2,5,7,9,11,13,14
EHPT2_ROOT=2,5,7,9,12,13,14
EHPT2_ROOT=2,5,7,10,11,12,13
EHPT2_ROOT=2,5,7,10,11,12,14
EHPT2_ROOT=2,5,7,10,11,13,14
EHPT2_ROOT=2,5,7,10,12,13,14
EHPT2_ROOT=2,5,7,11,12,13,14
EHPT2_ROOT=2,5,8,9,10,11,12
EHPT2_ROOT=2,5,8,9,10,11,13
EHPT2_ROOT=2,5,8,9,10,11,14
EHPT2_ROOT=2,5,8,9,10,12,13
EHPT2_ROOT=2,5,8,9,10,12,14
EHPT2_ROOT=2,5,8,9,10,13,14
EHPT2_ROOT=2,5,8,9,11,12,13
EHPT2_ROOT=2,5,8,9,11,12,14
EHPT2_ROOT=2,5,8,9,11,13,14
EHPT2_ROOT=2,5,8,9,12,13,14
EHPT2_ROOT=2,5,8,10,11,12,13
EHPT2_ROOT=2,5,8,10,11,12,14
EHPT2_ROOT=2,5,8,10,11,13,14
EHPT2_ROOT=2,5,8,10,12,13,14
EHPT2_ROOT=2,5,8,11,12,13,14
EHPT2_ROOT=2,5,9,10,11,12,13
EHPT2_ROOT=2,5,9,10,11,12,14
EHPT2_ROOT=2,5,9,10,11,13,14
EHPT2_ROOT=2,5,9,10,12,13,14
EHPT2_ROOT=2,5,9,11,12,13,14
EHPT2_ROOT=2,5,10,11,12,13,14
EHPT2_ROOT=2,6,7,8,9,10,11
EHPT2_ROOT=2,6,7,8,9,10,12
EHPT2_ROOT=2,6,7,8,9,10,13
EHPT2_ROOT=2,6,7,8,9,10,14
EHPT2_ROOT=2,6,7,8,9,11,12
EHPT2_ROOT=2,6,7,8,9,11,13
EHPT2_ROOT=2,6,7,8,9,11,14
EHPT2_ROOT=2,6,7,8,9,12,13
EHPT2_ROOT=2,6,7,8,9,12,14
EHPT2_ROOT=2,6,7,8,9,13,14
EHPT2_ROOT=2,6,7,8,10,11,12
EHPT2_ROOT=2,6,7,8,10,11,13
EHPT2_ROOT=2,6,7,8,10,11,14
EHPT2_ROOT=2,6,7,8,10,12,13
EHPT2_ROOT=2,6,7,8,10,12,14
EHPT2_ROOT=2,6,7,8,10,13,14
EHPT2_ROOT=2,6,7,8,11,12,13
EHPT2_ROOT=2,6,7,8,11,12,14
EHPT2_ROOT=2,6,7,8,11,13,14
EHPT2_ROOT=2,6,7,8,12,13,14
EHPT2_ROOT=2,6,7,9,10,11,12
EHPT2_ROOT=2,6,7,9,10,11,13
EHPT2_ROOT=2,6,7,9,10,11,14
EHPT2_ROOT=2,6,7,9,10,12,13
EHPT2_ROOT=2,6,7,9,10,12,14
EHPT2_ROOT=2,6,7,9,10,13,14
EHPT2_ROOT=2,6,7,9,11,12,13
EHPT2_ROOT=2,6,7,9,11,12,14
EHPT2_ROOT=2,6,7,9,11,13,14
EHPT2_ROOT=2,6,7,9,12,13,14
EHPT2_ROOT=2,6,7,10,11,12,13
EHPT2_ROOT=2,6,7,10,11,12,14
EHPT2_ROOT=2,6,7,10,11,13,14
EHPT2_ROOT=2,6,7,10,12,13,14
EHPT2_ROOT=2,6,7,11,12,13,14
EHPT2_ROOT=2,6,8,9,10,11,12
EHPT2_ROOT=2,6,8,9,10,11,13
EHPT2_ROOT=2,6,8,9,10,11,14
EHPT2_ROOT=2,6,8,9,10,12,13
EHPT2_ROOT=2,6,8,9,10,12,14
EHPT2_ROOT=2,6,8,9,10,13,14
EHPT2_ROOT=2,6,8,9,11,12,13
EHPT2_ROOT=2,6,8,9,11,12,14
EHPT2_ROOT=2,6,8,9,11,13,14
EHPT2_ROOT=2,6,8,9,12,13,14
EHPT2_ROOT=2,6,8,10,11,12,13
EHPT2_ROOT=2,6,8,10,11,12,14
EHPT2_ROOT=2,6,8,10,11,13,14
EHPT2_ROOT=2,6,8,10,12,13,14
EHPT2_ROOT=2,6,8,11,12,13,14
EHPT2_ROOT=2,6,9,10,11,12,13
EHPT2_ROOT=2,6,9,10,11,12,14
EHPT2_ROOT=2,6,9,10,11,13,14
EHPT2_ROOT=2,6,9,10,12,13,14
EHPT2_ROOT=2,6,9,11,12,13,14
EHPT2_ROOT=2,6,10,11,12,13,14
EHPT2_ROOT=2,7,8,9,10,11,12
EHPT2_ROOT=2,7,8,9,10,11,13
EHPT2_ROOT=2,7,8,9,10,11,14
EHPT2_ROOT=2,7,8,9,10,12,13
EHPT2_ROOT=2,7,8,9,10,12,14
EHPT2_ROOT=2,7,8,9,10,13,14
EHPT2_ROOT=2,7,8,9,11,12,13
EHPT2_ROOT=2,7,8,9,11,12,14
EHPT2_ROOT=2,7,8,9,11,13,14
EHPT2_ROOT=2,7,8,9,12,13,14
EHPT2_ROOT=2,7,8,10,11,12,13
EHPT2_ROOT=2,7,8,10,11,12,14
EHPT2_ROOT=2,7,8,10,11,13,14
EHPT2_ROOT=2,7,8,10,12,13,14
EHPT2_ROOT=2,7,8,11,12,13,14
EHPT2_ROOT=2,7,9,10,11,12,13
EHPT2_ROOT=2,7,9,10,11,12,14
EHPT2_ROOT=2,7,9,10,11,13,14
EHPT2_ROOT=2,7,9,10,12,13,14
EHPT2_ROOT=2,7,9,11,12,13,14
EHPT2_ROOT=2,7,10,11,12,13,14
EHPT2_ROOT=2,8,9,10,11,12,13
EHPT2_ROOT=2,8,9,10,11,12,14
EHPT2_ROOT=2,8,9,10,11,13,14
EHPT2_ROOT=2,8,9,10,12,13,14
EHPT2_ROOT=2,8,9,11,12,13,14
EHPT2_ROOT=2,8,10,11,12,13,14
EHPT2_ROOT=2,9,10,11,12,13,14
EHPT2_ROOT=3,4,5,6,7,8,9
EHPT2_ROOT=3,4,5,6,7,8,10
EHPT2_ROOT=3,4,5,6,7,8,11
EHPT2_ROOT=3,4,5,6,7,8,12
EHPT2_ROOT=3,4,5,6,7,8,13
EHPT2_ROOT=3,4,5,6,7,8,14
EHPT2_ROOT=3,4,5,6,7,9,10
EHPT2_ROOT=3,4,5,6,7,9,11
EHPT2_ROOT=3,4,5,6,7,9,12
EHPT2_ROOT=3,4,5,6,7,9,13
EHPT2_ROOT=3,4,5,6,7,9,14
EHPT2_ROOT=3,4,5,6,7,10,11
EHPT2_ROOT=3,4,5,6,7,10,12
EHPT2_ROOT=3,4,5,6,7,10,13
EHPT2_ROOT=3,4,5,6,7,10,14
EHPT2_ROOT=3,4,5,6,7,11,12
EHPT2_ROOT=3,4,5,6,7,11,13
EHPT2_ROOT=3,4,5,6,7,11,14
EHPT2_ROOT=3,4,5,6,7,12,13
EHPT2_ROOT=3,4,5,6,7,12,14
EHPT2_ROOT=3,4,5,6,7,13,14
EHPT2_ROOT=3,4,5,6,8,9,10
EHPT2_ROOT=3,4,5,6,8,9,11
EHPT2_ROOT=3,4,5,6,8,9,12
EHPT2_ROOT=3,4,5,6,8,9,13
EHPT2_ROOT=3,4,5,6,8,9,14
EHPT2_ROOT=3,4,5,6,8,10,11
EHPT2_ROOT=3,4,5,6,8,10,12
EHPT2_ROOT=3,4,5,6,8,10,13
EHPT2_ROOT=3,4,5,6,8,10,14
EHPT2_ROOT=3,4,5,6,8,11,12
EHPT2_ROOT=3,4,5,6,8,11,13
EHPT2_ROOT=3,4,5,6,8,11,14
EHPT2_ROOT=3,4,5,6,8,12,13
EHPT2_ROOT=3,4,5,6,8,12,14
EHPT2_ROOT=3,4,5,6,8,13,14
EHPT2_ROOT=3,4,5,6,9,10,11
EHPT2_ROOT=3,4,5,6,9,10,12
EHPT2_ROOT=3,4,5,6,9,10,13
EHPT2_ROOT=3,4,5,6,9,10,14
EHPT2_ROOT=3,4,5,6,9,11,12
EHPT2_ROOT=3,4,5,6,9,11,13
EHPT2_ROOT=3,4,5,6,9,11,14
EHPT2_ROOT=3,4,5,6,9,12,13
EHPT2_ROOT=3,4,5,6,9,12,14
EHPT2_ROOT=3,4,5,6,9,13,14
EHPT2_ROOT=3,4,5,6,10,11,12
EHPT2_ROOT=3,4,5,6,10,11,13
EHPT2_ROOT=3,4,5,6,10,11,14
EHPT2_ROOT=3,4,5,6,10,12,13
EHPT2_ROOT=3,4,5,6,10,12,14
EHPT2_ROOT=3,4,5,6,10,13,14
EHPT2_ROOT=3,4,5,6,11,12,13
EHPT2_ROOT=3,4,5,6,11,12,14
EHPT2_ROOT=3,4,5,6,11,13,14
EHPT2_ROOT=3,4,5,6,12,13,14
EHPT2_ROOT=3,4,5,7,8,9,10
EHPT2_ROOT=3,4,5,7,8,9,11
EHPT2_ROOT=3,4,5,7,8,9,12
EHPT2_ROOT=3,4,5,7,8,9,13
EHPT2_ROOT=3,4,5,7,8,9,14
EHPT2_ROOT=3,4,5,7,8,10,11
EHPT2_ROOT=3,4,5,7,8,10,12
EHPT2_ROOT=3,4,5,7,8,10,13
EHPT2_ROOT=3,4,5,7,8,10,14
EHPT2_ROOT=3,4,5,7,8,11,12
EHPT2_ROOT=3,4,5,7,8,11,13
EHPT2_ROOT=3,4,5,7,8,11,14
EHPT2_ROOT=3,4,5,7,8,12,13
EHPT2_ROOT=3,4,5,7,8,12,14
EHPT2_ROOT=3,4,5,7,8,13,14
EHPT2_ROOT=3,4,5,7,9,10,11
EHPT2_ROOT=3,4,5,7,9,10,12
EHPT2_ROOT=3,4,5,7,9,10,13
EHPT2_ROOT=3,4,5,7,9,10,14
EHPT2_ROOT=3,4,5,7,9,11,12
EHPT2_ROOT=3,4,5,7,9,11,13
EHPT2_ROOT=3,4,5,7,9,11,14
EHPT2_ROOT=3,4,5,7,9,12,13
EHPT2_ROOT=3,4,5,7,9,12,14
EHPT2_ROOT=3,4,5,7,9,13,14
EHPT2_ROOT=3,4,5,7,10,11,12
EHPT2_ROOT=3,4,5,7,10,11,13
EHPT2_ROOT=3,4,5,7,10,11,14
EHPT2_ROOT=3,4,5,7,10,12,13
EHPT2_ROOT=3,4,5,7,10,12,14
EHPT2_ROOT=3,4,5,7,10,13,14
EHPT2_ROOT=3,4,5,7,11,12,13
EHPT2_ROOT=3,4,5,7,11,12,14
EHPT2_ROOT=3,4,5,7,11,13,14
EHPT2_ROOT=3,4,5,7,12,13,14
EHPT2_ROOT=3,4,5,8,9,10,11
EHPT2_ROOT=3,4,5,8,9,10,12
EHPT2_ROOT=3,4,5,8,9,10,13
EHPT2_ROOT=3,4,5,8,9,10,14
EHPT2_ROOT=3,4,5,8,9,11,12
EHPT2_ROOT=3,4,5,8,9,11,13
EHPT2_ROOT=3,4,5,8,9,11,14
EHPT2_ROOT=3,4,5,8,9,12,13
EHPT2_ROOT=3,4,5,8,9,12,14
EHPT2_ROOT=3,4,5,8,9,13,14
EHPT2_ROOT=3,4,5,8,10,11,12
EHPT2_ROOT=3,4,5,8,10,11,13
EHPT2_ROOT=3,4,5,8,10,11,14
EHPT2_ROOT=3,4,5,8,10,12,13
EHPT2_ROOT=3,4,5,8,10,12,14
EHPT2_ROOT=3,4,5,8,10,13,14
EHPT2_ROOT=3,4,5,8,11,12,13
EHPT2_ROOT=3,4,5,8,11,12,14
EHPT2_ROOT=3,4,5,8,11,13,14
EHPT2_ROOT=3,4,5,8,12,13,14
EHPT2_ROOT=3,4,5,9,10,11,12
EHPT2_ROOT=3,4,5,9,10,11,13
EHPT2_ROOT=3,4,5,9,10,11,14
EHPT2_ROOT=3,4,5,9,10,12,13
EHPT2_ROOT=3,4,5,9,10,12,14
EHPT2_ROOT=3,4,5,9,10,13,14
EHPT2_ROOT=3,4,5,9,11,12,13
EHPT2_ROOT=3,4,5,9,11,12,14
EHPT2_ROOT=3,4,5,9,11,13,14
EHPT2_ROOT=3,4,5,9,12,13,14
EHPT2_ROOT=3,4,5,10,11,12,13
EHPT2_ROOT=3,4,5,10,11,12,14
EHPT2_ROOT=3,4,5,10,11,13,14
EHPT2_ROOT=3,4,5,10,12,13,14
EHPT2_ROOT=3,4,5,11,12,13,14
EHPT2_ROOT=3,4,6,7,8,9,10
EHPT2_ROOT=3,4,6,7,8,9,11
EHPT2_ROOT=3,4,6,7,8,9,12
EHPT2_ROOT=3,4,6,7,8,9,13
EHPT2_ROOT=3,4,6,7,8,9,14
EHPT2_ROOT=3,4,6,7,8,10,11
EHPT2_ROOT=3,4,6,7,8,10,12
EHPT2_ROOT=3,4,6,7,8,10,13
EHPT2_ROOT=3,4,6,7,8,10,14
EHPT2_ROOT=3,4,6,7,8,11,12
EHPT2_ROOT=3,4,6,7,8,11,13
EHPT2_ROOT=3,4,6,7,8,11,14
EHPT2_ROOT=3,4,6,7,8,12,13
EHPT2_ROOT=3,4,6,7,8,12,14
EHPT2_ROOT=3,4,6,7,8,13,14
EHPT2_ROOT=3,4,6,7,9,10,11
EHPT2_ROOT=3,4,6,7,9,10,12
EHPT2_ROOT=3,4,6,7,9,10,13
EHPT2_ROOT=3,4,6,7,9,10,14
EHPT2_ROOT=3,4,6,7,9,11,12
EHPT2_ROOT=3,4,6,7,9,11,13
EHPT2_ROOT=3,4,6,7,9,11,14
EHPT2_ROOT=3,4,6,7,9,12,13
EHPT2_ROOT=3,4,6,7,9,12,14
EHPT2_ROOT=3,4,6,7,9,13,14
EHPT2_ROOT=3,4,6,7,10,11,12
EHPT2_ROOT=3,4,6,7,10,11,13
EHPT2_ROOT=3,4,6,7,10,11,14
EHPT2_ROOT=3,4,6,7,10,12,13
EHPT2_ROOT=3,4,6,7,10,12,14
EHPT2_ROOT=3,4,6,7,10,13,14
EHPT2_ROOT=3,4,6,7,11,12,13
EHPT2_ROOT=3,4,6,7,11,12,14
EHPT2_ROOT=3,4,6,7,11,13,14
EHPT2_ROOT=3,4,6,7,12,13,14
EHPT2_ROOT=3,4,6,8,9,10,11
EHPT2_ROOT=3,4,6,8,9,10,12
EHPT2_ROOT=3,4,6,8,9,10,13
EHPT2_ROOT=3,4,6,8,9,10,14
EHPT2_ROOT=3,4,6,8,9,11,12
EHPT2_ROOT=3,4,6,8,9,11,13
EHPT2_ROOT=3,4,6,8,9,11,14
EHPT2_ROOT=3,4,6,8,9,12,13
EHPT2_ROOT=3,4,6,8,9,12,14
EHPT2_ROOT=3,4,6,8,9,13,14
EHPT2_ROOT=3,4,6,8,10,11,12
EHPT2_ROOT=3,4,6,8,10,11,13
EHPT2_ROOT=3,4,6,8,10,11,14
EHPT2_ROOT=3,4,6,8,10,12,13
EHPT2_ROOT=3,4,6,8,10,12,14
EHPT2_ROOT=3,4,6,8,10,13,14
EHPT2_ROOT=3,4,6,8,11,12,13
EHPT2_ROOT=3,4,6,8,11,12,14
EHPT2_ROOT=3,4,6,8,11,13,14
EHPT2_ROOT=3,4,6,8,12,13,14
EHPT2_ROOT=3,4,6,9,10,11,12
EHPT2_ROOT=3,4,6,9,10,11,13
EHPT2_ROOT=3,4,6,9,10,11,14
EHPT2_ROOT=3,4,6,9,10,12,13
EHPT2_ROOT=3,4,6,9,10,12,14
EHPT2_ROOT=3,4,6,9,10,13,14
EHPT2_ROOT=3,4,6,9,11,12,13
EHPT2_ROOT=3,4,6,9,11,12,14
EHPT2_ROOT=3,4,6,9,11,13,14
EHPT2_ROOT=3,4,6,9,12,13,14
EHPT2_ROOT=3,4,6,10,11,12,13
EHPT2_ROOT=3,4,6,10,11,12,14
EHPT2_ROOT=3,4,6,10,11,13,14
EHPT2_ROOT=3,4,6,10,12,13,14
EHPT2_ROOT=3,4,6,11,12,13,14
EHPT2_ROOT=3,4,7,8,9,10,11
EHPT2_ROOT=3,4,7,8,9,10,12
EHPT2_ROOT=3,4,7,8,9,10,13
EHPT2_ROOT=3,4,7,8,9,10,14
EHPT2_ROOT=3,4,7,8,9,11,12
EHPT2_ROOT=3,4,7,8,9,11,13
EHPT2_ROOT=3,4,7,8,9,11,14
EHPT2_ROOT=3,4,7,8,9,12,13
EHPT2_ROOT=3,4,7,8,9,12,14
EHPT2_ROOT=3,4,7,8,9,13,14
EHPT2_ROOT=3,4,7,8,10,11,12
EHPT2_ROOT=3,4,7,8,10,11,13
EHPT2_ROOT=3,4,7,8,10,11,14
EHPT2_ROOT=3,4,7,8,10,12,13
EHPT2_ROOT=3,4,7,8,10,12,14
EHPT2_ROOT=3,4,7,8,10,13,14
EHPT2_ROOT=3,4,7,8,11,12,13
EHPT2_ROOT=3,4,7,8,11,12,14
EHPT2_ROOT=3,4,7,8,11,13,14
EHPT2_ROOT=3,4,7,8,12,13,14
EHPT2_ROOT=3,4,7,9,10,11,12
EHPT2_ROOT=3,4,7,9,10,11,13
EHPT2_ROOT=3,4,7,9,10,11,14
EHPT2_ROOT=3,4,7,9,10,12,13
EHPT2_ROOT=3,4,7,9,10,12,14
EHPT2_ROOT=3,4,7,9,10,13,14
EHPT2_ROOT=3,4,7,9,11,12,13
EHPT2_ROOT=3,4,7,9,11,12,14
EHPT2_ROOT=3,4,7,9,11,13,14
EHPT2_ROOT=3,4,7,9,12,13,14
EHPT2_ROOT=3,4,7,10,11,12,13
EHPT2_ROOT=3,4,7,10,11,12,14
EHPT2_ROOT=3,4,7,10,11,13,14
EHPT2_ROOT=3,4,7,10,12,13,14
EHPT2_ROOT=3,4,7,11,12,13,14
EHPT2_ROOT=3,4,8,9,10,11,12
EHPT2_ROOT=3,4,8,9,10,11,13
EHPT2_ROOT=3,4,8,9,10,11,14
EHPT2_ROOT=3,4,8,9,10,12,13
EHPT2_ROOT=3,4,8,9,10,12,14
EHPT2_ROOT=3,4,8,9,10,13,14
EHPT2_ROOT=3,4,8,9,11,12,13
EHPT2_ROOT=3,4,8,9,11,12,14
EHPT2_ROOT=3,4,8,9,11,13,14
EHPT2_ROOT=3,4,8,9,12,13,14
EHPT2_ROOT=3,4,8,10,11,12,13
EHPT2_ROOT=3,4,8,10,11,12,14
EHPT2_ROOT=3,4,8,10,11,13,14
EHPT2_ROOT=3,4,8,10,12,13,14
EHPT2_ROOT=3,4,8,11,12,13,14
EHPT2_ROOT=3,4,9,10,11,12,13
EHPT2_ROOT=3,4,9,10,11,12,14
EHPT2_ROOT=3,4,9,10,11,13,14
EHPT2_ROOT=3,4,9,10,12,13,14
EHPT2_ROOT=3,4,9,11,12,13,14
EHPT2_ROOT=3,4,10,11,12,13,14
EHPT2_ROOT=3,5,6,7,8,9,10
EHPT2_ROOT=3,5,6,7,8,9,11
EHPT2_ROOT=3,5,6,7,8,9,12
EHPT2_ROOT=3,5,6,7,8,9,13
EHPT2_ROOT=3,5,6,7,8,9,14
EHPT2_ROOT=3,5,6,7,8,10,11
EHPT2_ROOT=3,5,6,7,8,10,12
EHPT2_ROOT=3,5,6,7,8,10,13
EHPT2_ROOT=3,5,6,7,8,10,14
EHPT2_ROOT=3,5,6,7,8,11,12
EHPT2_ROOT=3,5,6,7,8,11,13
EHPT2_ROOT=3,5,6,7,8,11,14
EHPT2_ROOT=3,5,6,7,8,12,13
EHPT2_ROOT=3,5,6,7,8,12,14
EHPT2_ROOT=3,5,6,7,8,13,14
EHPT2_ROOT=3,5,6,7,9,10,11
EHPT2_ROOT=3,5,6,7,9,10,12
EHPT2_ROOT=3,5,6,7,9,10,13
EHPT2_ROOT=3,5,6,7,9,10,14
EHPT2_ROOT=3,5,6,7,9,11,12
EHPT2_ROOT=3,5,6,7,9,11,13
EHPT2_ROOT=3,5,6,7,9,11,14
EHPT2_ROOT=3,5,6,7,9,12,13
EHPT2_ROOT=3,5,6,7,9,12,14
EHPT2_ROOT=3,5,6,7,9,13,14
EHPT2_ROOT=3,5,6,7,10,11,12
EHPT2_ROOT=3,5,6,7,10,11,13
EHPT2_ROOT=3,5,6,7,10,11,14
EHPT2_ROOT=3,5,6,7,10,12,13
EHPT2_ROOT=3,5,6,7,10,12,14
EHPT2_ROOT=3,5,6,7,10,13,14
EHPT2_ROOT=3,5,6,7,11,12,13
EHPT2_ROOT=3,5,6,7,11,12,14
EHPT2_ROOT=3,5,6,7,11,13,14
EHPT2_ROOT=3,5,6,7,12,13,14
EHPT2_ROOT=3,5,6,8,9,10,11
EHPT2_ROOT=3,5,6,8,9,10,12
EHPT2_ROOT=3,5,6,8,9,10,13
EHPT2_ROOT=3,5,6,8,9,10,14
EHPT2_ROOT=3,5,6,8,9,11,12
EHPT2_ROOT=3,5,6,8,9,11,13
EHPT2_ROOT=3,5,6,8,9,11,14
EHPT2_ROOT=3,5,6,8,9,12,13
EHPT2_ROOT=3,5,6,8,9,12,14
EHPT2_ROOT=3,5,6,8,9,13,14
EHPT2_ROOT=3,5,6,8,10,11,12
EHPT2_ROOT=3,5,6,8,10,11,13
EHPT2_ROOT=3,5,6,8,10,11,14
EHPT2_ROOT=3,5,6,8,10,12,13
EHPT2_ROOT=3,5,6,8,10,12,14
EHPT2_ROOT=3,5,6,8,10,13,14
EHPT2_ROOT=3,5,6,8,11,12,13
EHPT2_ROOT=3,5,6,8,11,12,14
EHPT2_ROOT=3,5,6,8,11,13,14
EHPT2_ROOT=3,5,6,8,12,13,14
EHPT2_ROOT=3,5,6,9,10,11,12
EHPT2_ROOT=3,5,6,9,10,11,13
EHPT2_ROOT=3,5,6,9,10,11,14
EHPT2_ROOT=3,5,6,9,10,12,13
EHPT2_ROOT=3,5,6,9,10,12,14
EHPT2_ROOT=3,5,6,9,10,13,14
EHPT2_ROOT=3,5,6,9,11,12,13
EHPT2_ROOT=3,5,6,9,11,12,14
EHPT2_ROOT=3,5,6,9,11,13,14
EHPT2_ROOT=3,5,6,9,12,13,14
EHPT2_ROOT=3,5,6,10,11,12,13
EHPT2_ROOT=3,5,6,10,11,12,14
EHPT2_ROOT=3,5,6,10,11,13,14
EHPT2_ROOT=3,5,6,10,12,13,14
EHPT2_ROOT=3,5,6,11,12,13,14
EHPT2_ROOT=3,5,7,8,9,10,11
EHPT2_ROOT=3,5,7,8,9,10,12
EHPT2_ROOT=3,5,7,8,9,10,13
EHPT2_ROOT=3,5,7,8,9,10,14
EHPT2_ROOT=3,5,7,8,9,11,12
EHPT2_ROOT=3,5,7,8,9,11,13
EHPT2_ROOT=3,5,7,8,9,11,14
EHPT2_ROOT=3,5,7,8,9,12,13
EHPT2_ROOT=3,5,7,8,9,12,14
EHPT2_ROOT=3,5,7,8,9,13,14
EHPT2_ROOT=3,5,7,8,10,11,12
EHPT2_ROOT=3,5,7,8,10,11,13
EHPT2_ROOT=3,5,7,8,10,11,14
EHPT2_ROOT=3,5,7,8,10,12,13
EHPT2_ROOT=3,5,7,8,10,12,14
EHPT2_ROOT=3,5,7,8,10,13,14
EHPT2_ROOT=3,5,7,8,11,12,13
EHPT2_ROOT=3,5,7,8,11,12,14
EHPT2_ROOT=3,5,7,8,11,13,14
EHPT2_ROOT=3,5,7,8,12,13,14
EHPT2_ROOT=3,5,7,9,10,11,12
EHPT2_ROOT=3,5,7,9,10,11,13
EHPT2_ROOT=3,5,7,9,10,11,14
EHPT2_ROOT=3,5,7,9,10,12,13
EHPT2_ROOT=3,5,7,9,10,12,14
EHPT2_ROOT=3,5,7,9,10,13,14
EHPT2_ROOT=3,5,7,9,11,12,13
EHPT2_ROOT=3,5,7,9,11,12,14
EHPT2_ROOT=3,5,7,9,11,13,14
EHPT2_ROOT=3,5,7,9,12,13,14
EHPT2_ROOT=3,5,7,10,11,12,13
EHPT2_ROOT=3,5,7,10,11,12,14
EHPT2_ROOT=3,5,7,10,11,13,14
EHPT2_ROOT=3,5,7,10,12,13,14
EHPT2_ROOT=3,5,7,11,12,13,14
EHPT2_ROOT=3,5,8,9,10,11,12
EHPT2_ROOT=3,5,8,9,10,11,13
EHPT2_ROOT=3,5,8,9,10,11,14
EHPT2_ROOT=3,5,8,9,10,12,13
EHPT2_ROOT=3,5,8,9,10,12,14
EHPT2_ROOT=3,5,8,9,10,13,14
EHPT2_ROOT=3,5,8,9,11,12,13
EHPT2_ROOT=3,5,8,9,11,12,14
EHPT2_ROOT=3,5,8,9,11,13,14
EHPT2_ROOT=3,5,8,9,12,13,14
EHPT2_ROOT=3,5,8,10,11,12,13
EHPT2_ROOT=3,5,8,10,11,12,14
EHPT2_ROOT=3,5,8,10,11,13,14
EHPT2_ROOT=3,5,8,10,12,13,14
EHPT2_ROOT=3,5,8,11,12,13,14
EHPT2_ROOT=3,5,9,10,11,12,13
EHPT2_ROOT=3,5,9,10,11,12,14
EHPT2_ROOT=3,5,9,10,11,13,14
EHPT2_ROOT=3,5,9,10,12,13,14
EHPT2_ROOT=3,5,9,11,12,13,14
EHPT2_ROOT=3,5,10,11,12,13,14
EHPT2_ROOT=3,6,7,8,9,10,11
EHPT2_ROOT=3,6,7,8,9,10,12
EHPT2_ROOT=3,6,7,8,9,10,13
EHPT2_ROOT=3,6,7,8,9,10,14
EHPT2_ROOT=3,6,7,8,9,11,12
EHPT2_ROOT=3,6,7,8,9,11,13
EHPT2_ROOT=3,6,7,8,9,11,14
EHPT2_ROOT=3,6,7,8,9,12,13
EHPT2_ROOT=3,6,7,8,9,12,14
EHPT2_ROOT=3,6,7,8,9,13,14
EHPT2_ROOT=3,6,7,8,10,11,12
EHPT2_ROOT=3,6,7,8,10,11,13
EHPT2_ROOT=3,6,7,8,10,11,14
EHPT2_ROOT=3,6,7,8,10,12,13
EHPT2_ROOT=3,6,7,8,10,12,14
EHPT2_ROOT=3,6,7,8,10,13,14
EHPT2_ROOT=3,6,7,8,11,12,13
EHPT2_ROOT=3,6,7,8,11,12,14
EHPT2_ROOT=3,6,7,8,11,13,14
EHPT2_ROOT=3,6,7,8,12,13,14
EHPT2_ROOT=3,6,7,9,10,11,12
EHPT2_ROOT=3,6,7,9,10,11,13
EHPT2_ROOT=3,6,7,9,10,11,14
EHPT2_ROOT=3,6,7,9,10,12,13
EHPT2_ROOT=3,6,7,9,10,12,14
EHPT2_ROOT=3,6,7,9,10,13,14
EHPT2_ROOT=3,6,7,9,11,12,13
EHPT2_ROOT=3,6,7,9,11,12,14
EHPT2_ROOT=3,6,7,9,11,13,14
EHPT2_ROOT=3,6,7,9,12,13,14
EHPT2_ROOT=3,6,7,10,11,12,13
EHPT2_ROOT=3,6,7,10,11,12,14
EHPT2_ROOT=3,6,7,10,11,13,14
EHPT2_ROOT=3,6,7,10,12,13,14
EHPT2_ROOT=3,6,7,11,12,13,14
EHPT2_ROOT=3,6,8,9,10,11,12
EHPT2_ROOT=3,6,8,9,10,11,13
EHPT2_ROOT=3,6,8,9,10,11,14
EHPT2_ROOT=3,6,8,9,10,12,13
EHPT2_ROOT=3,6,8,9,10,12,14
EHPT2_ROOT=3,6,8,9,10,13,14
EHPT2_ROOT=3,6,8,9,11,12,13
EHPT2_ROOT=3,6,8,9,11,12,14
EHPT2_ROOT=3,6,8,9,11,13,14
EHPT2_ROOT=3,6,8,9,12,13,14
EHPT2_ROOT=3,6,8,10,11,12,13
EHPT2_ROOT=3,6,8,10,11,12,14
EHPT2_ROOT=3,6,8,10,11,13,14
EHPT2_ROOT=3,6,8,10,12,13,14
EHPT2_ROOT=3,6,8,11,12,13,14
EHPT2_ROOT=3,6,9,10,11,12,13
EHPT2_ROOT=3,6,9,10,11,12,14
EHPT2_ROOT=3,6,9,10,11,13,14
EHPT2_ROOT=3,6,9,10,12,13,14
EHPT2_ROOT=3,6,9,11,12,13,14
EHPT2_ROOT=3,6,10,11,12,13,14
EHPT2_ROOT=3,7,8,9,10,11,12
EHPT2_ROOT=3,7,8,9,10,11,13
EHPT2_ROOT=3,7,8,9,10,11,14
EHPT2_ROOT=3,7,8,9,10,12,13
EHPT2_ROOT=3,7,8,9,10,12,14
EHPT2_ROOT=3,7,8,9,10,13,14
EHPT2_ROOT=3,7,8,9,11,12,13
EHPT2_ROOT=3,7,8,9,11,12,14
EHPT2_ROOT=3,7,8,9,11,13,14
EHPT2_ROOT=3,7,8,9,12,13,14
EHPT2_ROOT=3,7,8,10,11,12,13
EHPT2_ROOT=3,7,8,10,11,12,14
EHPT2_ROOT=3,7,8,10,11,13,14
EHPT2_ROOT=3,7,8,10,12,13,14
EHPT2_ROOT=3,7,8,11,12,13,14
EHPT2_ROOT=3,7,9,10,11,12,13
EHPT2_ROOT=3,7,9,10,11,12,14
EHPT2_ROOT=3,7,9,10,11,13,14
EHPT2_ROOT=3,7,9,10,12,13,14
EHPT2_ROOT=3,7,9,11,12,13,14
EHPT2_ROOT=3,7,10,11,12,13,14
EHPT2_ROOT=3,8,9,10,11,12,13
EHPT2_ROOT=3,8,9,10,11,12,14
EHPT2_ROOT=3,8,9,10,11,13,14
EHPT2_ROOT=3,8,9,10,12,13,14
EHPT2_ROOT=3,8,9,11,12,13,14
EHPT2_ROOT=3,8,10,11,12,13,14
EHPT2_ROOT=3,9,10,11,12,13,14
EHPT2_ROOT=4,5,6,7,8,9,10
EHPT2_ROOT=4,5,6,7,8,9,11
EHPT2_ROOT=4,5,6,7,8,9,12
EHPT2_ROOT=4,5,6,7,8,9,13
EHPT2_ROOT=4,5,6,7,8,9,14
EHPT2_ROOT=4,5,6,7,8,10,11
EHPT2_ROOT=4,5,6,7,8,10,12
EHPT2_ROOT=4,5,6,7,8,10,13
EHPT2_ROOT=4,5,6,7,8,10,14
EHPT2_ROOT=4,5,6,7,8,11,12
EHPT2_ROOT=4,5,6,7,8,11,13
EHPT2_ROOT=4,5,6,7,8,11,14
EHPT2_ROOT=4,5,6,7,8,12,13
EHPT2_ROOT=4,5,6,7,8,12,14
EHPT2_ROOT=4,5,6,7,8,13,14
EHPT2_ROOT=4,5,6,7,9,10,11
EHPT2_ROOT=4,5,6,7,9,10,12
EHPT2_ROOT=4,5,6,7,9,10,13
EHPT2_ROOT=4,5,6,7,9,10,14
EHPT2_ROOT=4,5,6,7,9,11,12
EHPT2_ROOT=4,5,6,7,9,11,13
EHPT2_ROOT=4,5,6,7,9,11,14
EHPT2_ROOT=4,5,6,7,9,12,13
EHPT2_ROOT=4,5,6,7,9,12,14
EHPT2_ROOT=4,5,6,7,9,13,14
EHPT2_ROOT=4,5,6,7,10,11,12
EHPT2_ROOT=4,5,6,7,10,11,13
EHPT2_ROOT=4,5,6,7,10,11,14
EHPT2_ROOT=4,5,6,7,10,12,13
EHPT2_ROOT=4,5,6,7,10,12,14
EHPT2_ROOT=4,5,6,7,10,13,14
EHPT2_ROOT=4,5,6,7,11,12,13
EHPT2_ROOT=4,5,6,7,11,12,14
EHPT2_ROOT=4,5,6,7,11,13,14
EHPT2_ROOT=4,5,6,7,12,13,14
EHPT2_ROOT=4,5,6,8,9,10,11
EHPT2_ROOT=4,5,6,8,9,10,12
EHPT2_ROOT=4,5,6,8,9,10,13
EHPT2_ROOT=4,5,6,8,9,10,14
EHPT2_ROOT=4,5,6,8,9,11,12
EHPT2_ROOT=4,5,6,8,9,11,13
EHPT2_ROOT=4,5,6,8,9,11,14
EHPT2_ROOT=4,5,6,8,9,12,13
EHPT2_ROOT=4,5,6,8,9,12,14
EHPT2_ROOT=4,5,6,8,9,13,14
EHPT2_ROOT=4,5,6,8,10,11,13
EHPT2_ROOT=4,5,6,8,10,11,14
EHPT2_ROOT=4,5,6,8,10,12,13
EHPT2_ROOT=4,5,6,8,10,12,14
EHPT2_ROOT=4,5,6,8,10,13,14
EHPT2_ROOT=4,5,6,8,11,12,13
EHPT2_ROOT=4,5,6,8,11,12,14
EHPT2_ROOT=4,5,6,8,11,13,14
EHPT2_ROOT=4,5,6,8,12,13,14
EHPT2_ROOT=4,5,6,9,10,11,12
EHPT2_ROOT=4,5,6,9,10,11,13
EHPT2_ROOT=4,5,6,9,10,11,14
EHPT2_ROOT=4,5,6,9,10,12,13
EHPT2_ROOT=4,5,6,9,10,12,14
EHPT2_ROOT=4,5,6,9,10,13,14
EHPT2_ROOT=4,5,6,9,11,12,13
EHPT2_ROOT=4,5,6,9,11,12,14
EHPT2_ROOT=4,5,6,9,11,13,14
EHPT2_ROOT=4,5,6,9,12,13,14
EHPT2_ROOT=4,5,6,10,11,12,13
EHPT2_ROOT=4,5,6,10,11,12,14
EHPT2_ROOT=4,5,6,10,11,13,14
EHPT2_ROOT=4,5,6,10,12,13,14
EHPT2_ROOT=4,5,6,11,12,13,14
EHPT2_ROOT=4,5,7,8,9,10,11
EHPT2_ROOT=4,5,7,8,9,10,12
EHPT2_ROOT=4,5,7,8,9,10,13
EHPT2_ROOT=4,5,7,8,9,10,14
EHPT2_ROOT=4,5,7,8,9,11,12
EHPT2_ROOT=4,5,7,8,9,11,13
EHPT2_ROOT=4,5,7,8,9,11,14
EHPT2_ROOT=4,5,7,8,9,12,13
EHPT2_ROOT=4,5,7,8,9,12,14
EHPT2_ROOT=4,5,7,8,9,13,14
EHPT2_ROOT=4,5,7,8,10,11,12
EHPT2_ROOT=4,5,7,8,10,11,13
EHPT2_ROOT=4,5,7,8,10,11,14
EHPT2_ROOT=4,5,7,8,10,12,13
EHPT2_ROOT=4,5,7,8,10,12,14
EHPT2_ROOT=4,5,7,8,10,13,14
EHPT2_ROOT=4,5,7,8,11,12,13
EHPT2_ROOT=4,5,7,8,11,12,14
EHPT2_ROOT=4,5,7,8,11,13,14
EHPT2_ROOT=4,5,7,8,12,13,14
EHPT2_ROOT=4,5,7,9,10,11,12
EHPT2_ROOT=4,5,7,9,10,11,13
EHPT2_ROOT=4,5,7,9,10,11,14
EHPT2_ROOT=4,5,7,9,10,12,13
EHPT2_ROOT=4,5,7,9,10,12,14
EHPT2_ROOT=4,5,7,9,10,13,14
EHPT2_ROOT=4,5,7,9,11,12,13
EHPT2_ROOT=4,5,7,9,11,12,14
EHPT2_ROOT=4,5,7,9,11,13,14
EHPT2_ROOT=4,5,7,9,12,13,14
EHPT2_ROOT=4,5,7,10,11,12,13
EHPT2_ROOT=4,5,7,10,11,12,14
EHPT2_ROOT=4,5,7,10,11,13,14
EHPT2_ROOT=4,5,7,10,12,13,14
EHPT2_ROOT=4,5,7,11,12,13,14
EHPT2_ROOT=4,5,8,9,10,11,12
EHPT2_ROOT=4,5,8,9,10,11,13
EHPT2_ROOT=4,5,8,9,10,11,14
EHPT2_ROOT=4,5,8,9,10,12,13
EHPT2_ROOT=4,5,8,9,10,12,14
EHPT2_ROOT=4,5,8,9,10,13,14
EHPT2_ROOT=4,5,8,9,11,12,13
EHPT2_ROOT=4,5,8,9,11,12,14
EHPT2_ROOT=4,5,8,9,11,13,14
EHPT2_ROOT=4,5,8,9,12,13,14
EHPT2_ROOT=4,5,8,10,11,12,13
EHPT2_ROOT=4,5,8,10,11,12,14
EHPT2_ROOT=4,5,8,10,11,13,14
EHPT2_ROOT=4,5,8,10,12,13,14
EHPT2_ROOT=4,5,8,11,12,13,14
EHPT2_ROOT=4,5,9,10,11,12,13
EHPT2_ROOT=4,5,9,10,11,12,14
EHPT2_ROOT=4,5,9,10,11,13,14
EHPT2_ROOT=4,5,9,10,12,13,14
EHPT2_ROOT=4,5,9,11,12,13,14
EHPT2_ROOT=4,5,10,11,12,13,14
EHPT2_ROOT=4,6,7,8,9,10,11
EHPT2_ROOT=4,6,7,8,9,10,12
EHPT2_ROOT=4,6,7,8,9,10,13
EHPT2_ROOT=4,6,7,8,9,10,14
EHPT2_ROOT=4,6,7,8,9,11,12
EHPT2_ROOT=4,6,7,8,9,11,13
EHPT2_ROOT=4,6,7,8,9,11,14
EHPT2_ROOT=4,6,7,8,9,12,13
EHPT2_ROOT=4,6,7,8,9,12,14
EHPT2_ROOT=4,6,7,8,9,13,14
EHPT2_ROOT=4,6,7,8,10,11,12
EHPT2_ROOT=4,6,7,8,10,11,13
EHPT2_ROOT=4,6,7,8,10,11,14
EHPT2_ROOT=4,6,7,8,10,12,13
EHPT2_ROOT=4,6,7,8,10,12,14
EHPT2_ROOT=4,6,7,8,10,13,14
EHPT2_ROOT=4,6,7,8,11,12,13
EHPT2_ROOT=4,6,7,8,11,12,14
EHPT2_ROOT=4,6,7,8,11,13,14
EHPT2_ROOT=4,6,7,8,12,13,14
EHPT2_ROOT=4,6,7,9,10,11,12
EHPT2_ROOT=4,6,7,9,10,11,13
EHPT2_ROOT=4,6,7,9,10,11,14
EHPT2_ROOT=4,6,7,9,10,12,13
EHPT2_ROOT=4,6,7,9,10,12,14
EHPT2_ROOT=4,6,7,9,10,13,14
EHPT2_ROOT=4,6,7,9,11,12,13
EHPT2_ROOT=4,6,7,9,11,12,14
EHPT2_ROOT=4,6,7,9,11,13,14
EHPT2_ROOT=4,6,7,9,12,13,14
EHPT2_ROOT=4,6,7,10,11,12,13
EHPT2_ROOT=4,6,7,10,11,12,14
EHPT2_ROOT=4,6,7,10,11,13,14
EHPT2_ROOT=4,6,7,10,12,13,14
EHPT2_ROOT=4,6,7,11,12,13,14
EHPT2_ROOT=4,6,8,9,10,11,12
EHPT2_ROOT=4,6,8,9,10,11,13
EHPT2_ROOT=4,6,8,9,10,11,14
EHPT2_ROOT=4,6,8,9,10,12,13
EHPT2_ROOT=4,6,8,9,10,12,14
EHPT2_ROOT=4,6,8,9,10,13,14
EHPT2_ROOT=4,6,8,9,11,12,13
EHPT2_ROOT=4,6,8,9,11,12,14
EHPT2_ROOT=4,6,8,9,11,13,14
EHPT2_ROOT=4,6,8,9,12,13,14
EHPT2_ROOT=4,6,8,10,11,12,13
EHPT2_ROOT=4,6,8,10,11,12,14
EHPT2_ROOT=4,6,8,10,11,13,14
EHPT2_ROOT=4,6,8,10,12,13,14
EHPT2_ROOT=4,6,8,11,12,13,14
EHPT2_ROOT=4,6,9,10,11,12,13
EHPT2_ROOT=4,6,9,10,11,12,14
EHPT2_ROOT=4,6,9,10,11,13,14
EHPT2_ROOT=4,6,9,10,12,13,14
EHPT2_ROOT=4,6,9,11,12,13,14
EHPT2_ROOT=4,6,10,11,12,13,14
EHPT2_ROOT=4,7,8,9,10,11,12
EHPT2_ROOT=4,7,8,9,10,11,13
EHPT2_ROOT=4,7,8,9,10,11,14
EHPT2_ROOT=4,7,8,9,10,12,13
EHPT2_ROOT=4,7,8,9,10,12,14
EHPT2_ROOT=4,7,8,9,10,13,14
EHPT2_ROOT=4,7,8,9,11,12,13
EHPT2_ROOT=4,7,8,9,11,12,14
EHPT2_ROOT=4,7,8,9,11,13,14
EHPT2_ROOT=4,7,8,9,12,13,14
EHPT2_ROOT=4,7,8,10,11,12,13
EHPT2_ROOT=4,7,8,10,11,12,14
EHPT2_ROOT=4,7,8,10,11,13,14
EHPT2_ROOT=4,7,8,10,12,13,14
EHPT2_ROOT=4,7,8,11,12,13,14
EHPT2_ROOT=4,7,9,10,11,12,13
EHPT2_ROOT=4,7,9,10,11,12,14
EHPT2_ROOT=4,7,9,10,11,13,14
EHPT2_ROOT=4,7,9,10,12,13,14
EHPT2_ROOT=4,7,9,11,12,13,14
EHPT2_ROOT=4,7,10,11,12,13,14
EHPT2_ROOT=4,8,9,10,11,12,13
EHPT2_ROOT=4,8,9,10,11,12,14
EHPT2_ROOT=4,8,9,10,11,13,14
EHPT2_ROOT=4,8,9,10,12,13,14
EHPT2_ROOT=4,8,9,11,12,13,14
EHPT2_ROOT=4,8,10,11,12,13,14
EHPT2_ROOT=4,9,10,11,12,13,14
EHPT2_ROOT=5,6,7,8,9,10,11
EHPT2_ROOT=5,6,7,8,9,10,12
EHPT2_ROOT=5,6,7,8,9,10,13
EHPT2_ROOT=5,6,7,8,9,10,14
EHPT2_ROOT=5,6,7,8,9,11,12
EHPT2_ROOT=5,6,7,8,9,11,13
EHPT2_ROOT=5,6,7,8,9,11,14
EHPT2_ROOT=5,6,7,8,9,12,13
EHPT2_ROOT=5,6,7,8,9,12,14
EHPT2_ROOT=5,6,7,8,9,13,14
EHPT2_ROOT=5,6,7,8,10,11,12
EHPT2_ROOT=5,6,7,8,10,11,13
EHPT2_ROOT=5,6,7,8,10,11,14
EHPT2_ROOT=5,6,7,8,10,12,13
EHPT2_ROOT=5,6,7,8,10,12,14
EHPT2_ROOT=5,6,7,8,10,13,14
EHPT2_ROOT=5,6,7,8,11,12,13
EHPT2_ROOT=5,6,7,8,11,12,14
EHPT2_ROOT=5,6,7,8,11,13,14
EHPT2_ROOT=5,6,7,8,12,13,14
EHPT2_ROOT=5,6,7,9,10,11,12
EHPT2_ROOT=5,6,7,9,10,11,13
EHPT2_ROOT=5,6,7,9,10,12,13
EHPT2_ROOT=5,6,7,9,10,12,14
EHPT2_ROOT=5,6,7,9,10,13,14
EHPT2_ROOT=5,6,7,9,11,12,13
EHPT2_ROOT=5,6,7,9,11,12,14
EHPT2_ROOT=5,6,7,9,11,13,14
EHPT2_ROOT=5,6,7,9,12,13,14
EHPT2_ROOT=5,6,7,10,11,12,13
EHPT2_ROOT=5,6,7,10,11,12,14
EHPT2_ROOT=5,6,7,10,11,13,14
EHPT2_ROOT=5,6,7,10,12,13,14
EHPT2_ROOT=5,6,7,11,12,13,14
EHPT2_ROOT=5,6,8,9,10,11,13
EHPT2_ROOT=5,6,8,9,10,11,14
EHPT2_ROOT=5,6,8,9,10,12,14
EHPT2_ROOT=5,6,8,9,10,13,14
EHPT2_ROOT=5,6,8,9,11,12,13
EHPT2_ROOT=5,6,8,9,11,12,14
EHPT2_ROOT=5,6,8,9,11,13,14
EHPT2_ROOT=5,6,8,9,12,13,14
EHPT2_ROOT=5,6,8,10,11,12,14
EHPT2_ROOT=5,6,8,10,11,13,14
EHPT2_ROOT=5,6,8,10,12,13,14
EHPT2_ROOT=5,6,8,11,12,13,14
EHPT2_ROOT=5,6,9,10,11,12,13
EHPT2_ROOT=5,6,9,10,11,12,14
EHPT2_ROOT=5,6,9,10,11,13,14
EHPT2_ROOT=5,6,9,10,12,13,14
EHPT2_ROOT=5,6,9,11,12,13,14
EHPT2_ROOT=5,6,10,11,12,13,14
EHPT2_ROOT=5,7,8,9,10,11,12
EHPT2_ROOT=5,7,8,9,10,11,13
EHPT2_ROOT=5,7,8,9,10,11,14
EHPT2_ROOT=5,7,8,9,10,12,13
EHPT2_ROOT=5,7,8,9,10,12,14
EHPT2_ROOT=5,7,8,9,10,13,14
EHPT2_ROOT=5,7,8,9,11,12,13
EHPT2_ROOT=5,7,8,9,11,12,14
EHPT2_ROOT=5,7,8,9,11,13,14
EHPT2_ROOT=5,7,8,9,12,13,14
EHPT2_ROOT=5,7,8,10,11,12,13
EHPT2_ROOT=5,7,8,10,11,12,14
EHPT2_ROOT=5,7,8,10,12,13,14
EHPT2_ROOT=5,7,8,11,12,13,14
EHPT2_ROOT=5,7,9,10,11,12,13
EHPT2_ROOT=5,7,9,10,11,12,14
EHPT2_ROOT=5,7,9,10,11,13,14
EHPT2_ROOT=5,7,9,10,12,13,14
EHPT2_ROOT=5,7,9,11,12,13,14
EHPT2_ROOT=5,7,10,11,12,13,14
EHPT2_ROOT=5,8,9,10,11,12,13
EHPT2_ROOT=5,8,9,10,11,12,14
EHPT2_ROOT=5,8,9,10,11,13,14
EHPT2_ROOT=5,8,9,10,12,13,14
EHPT2_ROOT=5,8,9,11,12,13,14
EHPT2_ROOT=5,8,10,11,12,13,14
EHPT2_ROOT=5,9,10,11,12,13,14
EHPT2_ROOT=6,7,8,9,10,11,12
EHPT2_ROOT=6,7,8,9,10,11,13
EHPT2_ROOT=6,7,8,9,10,11,14
EHPT2_ROOT=6,7,8,9,10,12,13
EHPT2_ROOT=6,7,8,9,10,12,14
EHPT2_ROOT=6,7,8,9,10,13,14
EHPT2_ROOT=6,7,8,9,11,12,13
EHPT2_ROOT=6,7,8,9,11,12,14
EHPT2_ROOT=6,7,8,9,11,13,14
EHPT2_ROOT=6,7,8,9,12,13,14
EHPT2_ROOT=6,7,8,10,11,12,13
EHPT2_ROOT=6,7,8,10,11,12,14
EHPT2_ROOT=6,7,8,10,11,13,14
EHPT2_ROOT=6,7,8,10,12,13,14
EHPT2_ROOT=6,7,8,11,12,13,14
EHPT2_ROOT=6,7,9,10,11,12,13
EHPT2_ROOT=6,7,9,10,11,12,14
EHPT2_ROOT=6,7,9,10,11,13,14
EHPT2_ROOT=6,7,9,10,12,13,14
EHPT2_ROOT=6,7,10,11,12,13,14
EHPT2_ROOT=6,8,9,10,11,12,13
EHPT2_ROOT=6,8,9,10,11,12,14
EHPT2_ROOT=6,8,9,10,11,13,14
EHPT2_ROOT=6,8,9,10,12,13,14
EHPT2_ROOT=6,8,9,11,12,13,14
EHPT2_ROOT=6,8,10,11,12,13,14
EHPT2_ROOT=6,9,10,11,12,13,14
EHPT2_ROOT=7,8,9,10,11,12,13
EHPT2_ROOT=7,8,9,10,11,12,14
EHPT2_ROOT=7,8,9,10,11,13,14
EHPT2_ROOT=7,8,9,10,12,13,14
EHPT2_ROOT=7,8,10,11,12,13,14
EHPT2_ROOT=7,9,10,11,12,13,14
EHPT2_ROOT=8,9,10,11,12,13,14
QEHPT2_ROOT=1,2,3,4,5,6,7
QEHPT2_ROOT=1,2,3,4,5,6,8
QEHPT2_ROOT=1,2,3,4,5,6,9
QEHPT2_ROOT=1,2,3,4,5,6,10
QEHPT2_ROOT=1,2,3,4,5,6,11
QEHPT2_ROOT=1,2,3,4,5,6,12
QEHPT2_ROOT=1,2,3,4,5,6,14
QEHPT2_ROOT=1,2,3,4,5,7,8
QEHPT2_ROOT=1,2,3,4,5,7,9
QEHPT2_ROOT=1,2,3,4,5,7,10
QEHPT2_ROOT=1,2,3,4,5,7,11
QEHPT2_ROOT=1,2,3,4,5,7,12
QEHPT2_ROOT=1,2,3,4,5,7,13
QEHPT2_ROOT=1,2,3,4,5,7,14
QEHPT2_ROOT=1,2,3,4,5,8,9
QEHPT2_ROOT=1,2,3,4,5,8,10
QEHPT2_ROOT=1,2,3,4,5,8,11
QEHPT2_ROOT=1,2,3,4,5,8,12
QEHPT2_ROOT=1,2,3,4,5,8,13
QEHPT2_ROOT=1,2,3,4,5,8,14
QEHPT2_ROOT=1,2,3,4,5,9,10
QEHPT2_ROOT=1,2,3,4,5,9,11
QEHPT2_ROOT=1,2,3,4,5,9,12
QEHPT2_ROOT=1,2,3,4,5,9,13
QEHPT2_ROOT=1,2,3,4,5,9,14
QEHPT2_ROOT=1,2,3,4,5,10,11
QEHPT2_ROOT=1,2,3,4,5,10,12
QEHPT2_ROOT=1,2,3,4,5,10,13
QEHPT2_ROOT=1,2,3,4,5,10,14
QEHPT2_ROOT=1,2,3,4,5,11,12
QEHPT2_ROOT=1,2,3,4,5,11,13
QEHPT2_ROOT=1,2,3,4,5,11,14
QEHPT2_ROOT=1,2,3,4,5,12,14
QEHPT2_ROOT=1,2,3,4,5,13,14
QEHPT2_ROOT=1,2,3,4,6,7,8
QEHPT2_ROOT=1,2,3,4,6,7,9
QEHPT2_ROOT=1,2,3,4,6,7,10
QEHPT2_ROOT=1,2,3,4,6,7,11
QEHPT2_ROOT=1,2,3,4,6,7,12
QEHPT2_ROOT=1,2,3,4,6,8,9
QEHPT2_ROOT=1,2,3,4,6,8,10
QEHPT2_ROOT=1,2,3,4,6,8,11
QEHPT2_ROOT=1,2,3,4,6,8,12
QEHPT2_ROOT=1,2,3,4,6,8,14
QEHPT2_ROOT=1,2,3,4,6,9,10
QEHPT2_ROOT=1,2,3,4,6,9,11
QEHPT2_ROOT=1,2,3,4,6,9,12
QEHPT2_ROOT=1,2,3,4,6,9,13
QEHPT2_ROOT=1,2,3,4,6,9,14
QEHPT2_ROOT=1,2,3,4,6,10,11
QEHPT2_ROOT=1,2,3,4,6,10,12
QEHPT2_ROOT=1,2,3,4,6,10,13
QEHPT2_ROOT=1,2,3,4,6,10,14
QEHPT2_ROOT=1,2,3,4,6,11,14
QEHPT2_ROOT=1,2,3,4,6,12,14
QEHPT2_ROOT=1,2,3,4,6,13,14
QEHPT2_ROOT=1,2,3,4,7,8,9
QEHPT2_ROOT=1,2,3,4,7,8,10
QEHPT2_ROOT=1,2,3,4,7,8,11
QEHPT2_ROOT=1,2,3,4,7,8,12
QEHPT2_ROOT=1,2,3,4,7,8,13
QEHPT2_ROOT=1,2,3,4,7,8,14
QEHPT2_ROOT=1,2,3,4,7,9,10
QEHPT2_ROOT=1,2,3,4,7,9,11
QEHPT2_ROOT=1,2,3,4,7,9,12
QEHPT2_ROOT=1,2,3,4,7,9,13
QEHPT2_ROOT=1,2,3,4,7,9,14
QEHPT2_ROOT=1,2,3,4,7,10,11
QEHPT2_ROOT=1,2,3,4,7,10,12
QEHPT2_ROOT=1,2,3,4,7,10,13
QEHPT2_ROOT=1,2,3,4,7,10,14
QEHPT2_ROOT=1,2,3,4,7,11,12
QEHPT2_ROOT=1,2,3,4,7,11,13
QEHPT2_ROOT=1,2,3,4,7,11,14
QEHPT2_ROOT=1,2,3,4,7,12,13
QEHPT2_ROOT=1,2,3,4,7,12,14
QEHPT2_ROOT=1,2,3,4,7,13,14
QEHPT2_ROOT=1,2,3,4,8,9,10
QEHPT2_ROOT=1,2,3,4,8,9,12
QEHPT2_ROOT=1,2,3,4,8,9,13
QEHPT2_ROOT=1,2,3,4,8,9,14
QEHPT2_ROOT=1,2,3,4,8,10,11
QEHPT2_ROOT=1,2,3,4,8,10,12
QEHPT2_ROOT=1,2,3,4,8,10,13
QEHPT2_ROOT=1,2,3,4,8,10,14
QEHPT2_ROOT=1,2,3,4,8,11,12
QEHPT2_ROOT=1,2,3,4,8,11,13
QEHPT2_ROOT=1,2,3,4,8,11,14
QEHPT2_ROOT=1,2,3,4,8,12,13
QEHPT2_ROOT=1,2,3,4,8,12,14
QEHPT2_ROOT=1,2,3,4,8,13,14
QEHPT2_ROOT=1,2,3,4,9,10,11
QEHPT2_ROOT=1,2,3,4,9,10,12
QEHPT2_ROOT=1,2,3,4,9,10,13
QEHPT2_ROOT=1,2,3,4,9,10,14
QEHPT2_ROOT=1,2,3,4,9,11,12
QEHPT2_ROOT=1,2,3,4,9,11,13
QEHPT2_ROOT=1,2,3,4,9,11,14
QEHPT2_ROOT=1,2,3,4,9,12,13
QEHPT2_ROOT=1,2,3,4,9,12,14
QEHPT2_ROOT=1,2,3,4,9,13,14
QEHPT2_ROOT=1,2,3,4,10,11,12
QEHPT2_ROOT=1,2,3,4,10,11,13
QEHPT2_ROOT=1,2,3,4,10,11,14
QEHPT2_ROOT=1,2,3,4,10,12,13
QEHPT2_ROOT=1,2,3,4,10,12,14
QEHPT2_ROOT=1,2,3,4,10,13,14
QEHPT2_ROOT=1,2,3,4,11,12,13
QEHPT2_ROOT=1,2,3,4,11,12,14
QEHPT2_ROOT=1,2,3,4,11,13,14
QEHPT2_ROOT=1,2,3,4,12,13,14
QEHPT2_ROOT=1,2,3,5,6,7,8
QEHPT2_ROOT=1,2,3,5,6,7,9
QEHPT2_ROOT=1,2,3,5,6,7,10
QEHPT2_ROOT=1,2,3,5,6,7,11
QEHPT2_ROOT=1,2,3,5,6,7,12
QEHPT2_ROOT=1,2,3,5,6,7,13
QEHPT2_ROOT=1,2,3,5,6,7,14
QEHPT2_ROOT=1,2,3,5,6,8,9
QEHPT2_ROOT=1,2,3,5,6,8,10
QEHPT2_ROOT=1,2,3,5,6,8,11
QEHPT2_ROOT=1,2,3,5,6,8,12
QEHPT2_ROOT=1,2,3,5,6,8,13
QEHPT2_ROOT=1,2,3,5,6,8,14
QEHPT2_ROOT=1,2,3,5,6,9,10
QEHPT2_ROOT=1,2,3,5,6,9,11
QEHPT2_ROOT=1,2,3,5,6,9,12
QEHPT2_ROOT=1,2,3,5,6,9,13
QEHPT2_ROOT=1,2,3,5,6,9,14
QEHPT2_ROOT=1,2,3,5,6,10,11
QEHPT2_ROOT=1,2,3,5,6,10,12
QEHPT2_ROOT=1,2,3,5,6,10,14
QEHPT2_ROOT=1,2,3,5,6,11,12
QEHPT2_ROOT=1,2,3,5,6,11,13
QEHPT2_ROOT=1,2,3,5,6,11,14
QEHPT2_ROOT=1,2,3,5,6,12,13
QEHPT2_ROOT=1,2,3,5,6,12,14
QEHPT2_ROOT=1,2,3,5,6,13,14
QEHPT2_ROOT=1,2,3,5,7,8,9
QEHPT2_ROOT=1,2,3,5,7,8,10
QEHPT2_ROOT=1,2,3,5,7,8,11
QEHPT2_ROOT=1,2,3,5,7,8,12
QEHPT2_ROOT=1,2,3,5,7,8,13
QEHPT2_ROOT=1,2,3,5,7,8,14
QEHPT2_ROOT=1,2,3,5,7,9,10
QEHPT2_ROOT=1,2,3,5,7,9,11
QEHPT2_ROOT=1,2,3,5,7,9,12
QEHPT2_ROOT=1,2,3,5,7,9,13
QEHPT2_ROOT=1,2,3,5,7,9,14
QEHPT2_ROOT=1,2,3,5,7,10,11
QEHPT2_ROOT=1,2,3,5,7,10,12
QEHPT2_ROOT=1,2,3,5,7,10,13
QEHPT2_ROOT=1,2,3,5,7,10,14
QEHPT2_ROOT=1,2,3,5,7,11,12
QEHPT2_ROOT=1,2,3,5,7,11,13
QEHPT2_ROOT=1,2,3,5,7,11,14
QEHPT2_ROOT=1,2,3,5,7,12,13
QEHPT2_ROOT=1,2,3,5,7,12,14
QEHPT2_ROOT=1,2,3,5,7,13,14
QEHPT2_ROOT=1,2,3,5,8,9,10
QEHPT2_ROOT=1,2,3,5,8,9,11
QEHPT2_ROOT=1,2,3,5,8,9,12
QEHPT2_ROOT=1,2,3,5,8,9,13
QEHPT2_ROOT=1,2,3,5,8,9,14
QEHPT2_ROOT=1,2,3,5,8,10,11
QEHPT2_ROOT=1,2,3,5,8,10,12
QEHPT2_ROOT=1,2,3,5,8,10,13
QEHPT2_ROOT=1,2,3,5,8,10,14
QEHPT2_ROOT=1,2,3,5,8,11,12
QEHPT2_ROOT=1,2,3,5,8,11,13
QEHPT2_ROOT=1,2,3,5,8,11,14
QEHPT2_ROOT=1,2,3,5,8,12,13
QEHPT2_ROOT=1,2,3,5,8,12,14
QEHPT2_ROOT=1,2,3,5,8,13,14
QEHPT2_ROOT=1,2,3,5,9,10,11
QEHPT2_ROOT=1,2,3,5,9,10,12
QEHPT2_ROOT=1,2,3,5,9,10,13
QEHPT2_ROOT=1,2,3,5,9,10,14
QEHPT2_ROOT=1,2,3,5,9,11,12
QEHPT2_ROOT=1,2,3,5,9,11,13
QEHPT2_ROOT=1,2,3,5,9,11,14
QEHPT2_ROOT=1,2,3,5,9,12,13
QEHPT2_ROOT=1,2,3,5,9,12,14
QEHPT2_ROOT=1,2,3,5,9,13,14
QEHPT2_ROOT=1,2,3,5,10,11,12
QEHPT2_ROOT=1,2,3,5,10,11,13
QEHPT2_ROOT=1,2,3,5,10,11,14
QEHPT2_ROOT=1,2,3,5,10,12,13
QEHPT2_ROOT=1,2,3,5,10,12,14
QEHPT2_ROOT=1,2,3,5,10,13,14
QEHPT2_ROOT=1,2,3,5,11,12,13
QEHPT2_ROOT=1,2,3,5,11,12,14
QEHPT2_ROOT=1,2,3,5,11,13,14
QEHPT2_ROOT=1,2,3,5,12,13,14
QEHPT2_ROOT=1,2,3,6,7,8,9
QEHPT2_ROOT=1,2,3,6,7,8,10
QEHPT2_ROOT=1,2,3,6,7,8,11
QEHPT2_ROOT=1,2,3,6,7,8,12
QEHPT2_ROOT=1,2,3,6,7,8,13
QEHPT2_ROOT=1,2,3,6,7,8,14
QEHPT2_ROOT=1,2,3,6,7,9,10
QEHPT2_ROOT=1,2,3,6,7,9,11
QEHPT2_ROOT=1,2,3,6,7,9,12
QEHPT2_ROOT=1,2,3,6,7,9,13
QEHPT2_ROOT=1,2,3,6,7,9,14
QEHPT2_ROOT=1,2,3,6,7,10,11
QEHPT2_ROOT=1,2,3,6,7,10,12
QEHPT2_ROOT=1,2,3,6,7,10,13
QEHPT2_ROOT=1,2,3,6,7,10,14
QEHPT2_ROOT=1,2,3,6,7,11,12
QEHPT2_ROOT=1,2,3,6,7,11,13
QEHPT2_ROOT=1,2,3,6,7,11,14
QEHPT2_ROOT=1,2,3,6,7,12,13
QEHPT2_ROOT=1,2,3,6,7,12,14
QEHPT2_ROOT=1,2,3,6,7,13,14
QEHPT2_ROOT=1,2,3,6,8,9,10
QEHPT2_ROOT=1,2,3,6,8,9,11
QEHPT2_ROOT=1,2,3,6,8,9,12
QEHPT2_ROOT=1,2,3,6,8,9,13
QEHPT2_ROOT=1,2,3,6,8,9,14
QEHPT2_ROOT=1,2,3,6,8,10,11
QEHPT2_ROOT=1,2,3,6,8,10,12
QEHPT2_ROOT=1,2,3,6,8,10,13
QEHPT2_ROOT=1,2,3,6,8,10,14
QEHPT2_ROOT=1,2,3,6,8,11,12
QEHPT2_ROOT=1,2,3,6,8,11,13
QEHPT2_ROOT=1,2,3,6,8,11,14
QEHPT2_ROOT=1,2,3,6,8,12,13
QEHPT2_ROOT=1,2,3,6,8,12,14
QEHPT2_ROOT=1,2,3,6,8,13,14
QEHPT2_ROOT=1,2,3,6,9,10,11
QEHPT2_ROOT=1,2,3,6,9,10,12
QEHPT2_ROOT=1,2,3,6,9,10,13
QEHPT2_ROOT=1,2,3,6,9,10,14
QEHPT2_ROOT=1,2,3,6,9,11,12
QEHPT2_ROOT=1,2,3,6,9,11,13
QEHPT2_ROOT=1,2,3,6,9,11,14
QEHPT2_ROOT=1,2,3,6,9,12,13
QEHPT2_ROOT=1,2,3,6,9,12,14
QEHPT2_ROOT=1,2,3,6,9,13,14
QEHPT2_ROOT=1,2,3,6,10,11,12
QEHPT2_ROOT=1,2,3,6,10,11,13
QEHPT2_ROOT=1,2,3,6,10,11,14
QEHPT2_ROOT=1,2,3,6,10,12,13
QEHPT2_ROOT=1,2,3,6,10,12,14
QEHPT2_ROOT=1,2,3,6,10,13,14
QEHPT2_ROOT=1,2,3,6,11,12,13
QEHPT2_ROOT=1,2,3,6,11,12,14
QEHPT2_ROOT=1,2,3,6,11,13,14
QEHPT2_ROOT=1,2,3,6,12,13,14
QEHPT2_ROOT=1,2,3,7,8,9,10
QEHPT2_ROOT=1,2,3,7,8,9,11
QEHPT2_ROOT=1,2,3,7,8,9,12
QEHPT2_ROOT=1,2,3,7,8,9,13
QEHPT2_ROOT=1,2,3,7,8,9,14
QEHPT2_ROOT=1,2,3,7,8,10,11
QEHPT2_ROOT=1,2,3,7,8,10,12
QEHPT2_ROOT=1,2,3,7,8,10,13
QEHPT2_ROOT=1,2,3,7,8,10,14
QEHPT2_ROOT=1,2,3,7,8,11,12
QEHPT2_ROOT=1,2,3,7,8,11,13
QEHPT2_ROOT=1,2,3,7,8,11,14
QEHPT2_ROOT=1,2,3,7,8,12,13
QEHPT2_ROOT=1,2,3,7,8,12,14
QEHPT2_ROOT=1,2,3,7,8,13,14
QEHPT2_ROOT=1,2,3,7,9,10,11
QEHPT2_ROOT=1,2,3,7,9,10,12
QEHPT2_ROOT=1,2,3,7,9,10,13
QEHPT2_ROOT=1,2,3,7,9,10,14
QEHPT2_ROOT=1,2,3,7,9,11,12
QEHPT2_ROOT=1,2,3,7,9,11,13
QEHPT2_ROOT=1,2,3,7,9,11,14
QEHPT2_ROOT=1,2,3,7,9,12,13
QEHPT2_ROOT=1,2,3,7,9,12,14
QEHPT2_ROOT=1,2,3,7,9,13,14
QEHPT2_ROOT=1,2,3,7,10,11,12
QEHPT2_ROOT=1,2,3,7,10,11,13
QEHPT2_ROOT=1,2,3,7,10,11,14
QEHPT2_ROOT=1,2,3,7,10,12,13
QEHPT2_ROOT=1,2,3,7,10,12,14
QEHPT2_ROOT=1,2,3,7,10,13,14
QEHPT2_ROOT=1,2,3,7,11,12,13
QEHPT2_ROOT=1,2,3,7,11,12,14
QEHPT2_ROOT=1,2,3,7,11,13,14
QEHPT2_ROOT=1,2,3,7,12,13,14
QEHPT2_ROOT=1,2,3,8,9,10,11
QEHPT2_ROOT=1,2,3,8,9,10,12
QEHPT2_ROOT=1,2,3,8,9,10,13
QEHPT2_ROOT=1,2,3,8,9,10,14
QEHPT2_ROOT=1,2,3,8,9,11,12
QEHPT2_ROOT=1,2,3,8,9,11,13
QEHPT2_ROOT=1,2,3,8,9,11,14
QEHPT2_ROOT=1,2,3,8,9,12,13
QEHPT2_ROOT=1,2,3,8,9,12,14
QEHPT2_ROOT=1,2,3,8,9,13,14
QEHPT2_ROOT=1,2,3,8,10,11,12
QEHPT2_ROOT=1,2,3,8,10,11,13
QEHPT2_ROOT=1,2,3,8,10,11,14
QEHPT2_ROOT=1,2,3,8,10,12,13
QEHPT2_ROOT=1,2,3,8,10,12,14
QEHPT2_ROOT=1,2,3,8,10,13,14
QEHPT2_ROOT=1,2,3,8,11,12,13
QEHPT2_ROOT=1,2,3,8,11,12,14
QEHPT2_ROOT=1,2,3,8,11,13,14
QEHPT2_ROOT=1,2,3,8,12,13,14
QEHPT2_ROOT=1,2,3,9,10,11,12
QEHPT2_ROOT=1,2,3,9,10,11,13
QEHPT2_ROOT=1,2,3,9,10,11,14
QEHPT2_ROOT=1,2,3,9,10,12,13
QEHPT2_ROOT=1,2,3,9,10,12,14
QEHPT2_ROOT=1,2,3,9,10,13,14
QEHPT2_ROOT=1,2,3,9,11,12,13
QEHPT2_ROOT=1,2,3,9,11,12,14
QEHPT2_ROOT=1,2,3,9,11,13,14
QEHPT2_ROOT=1,2,3,9,12,13,14
QEHPT2_ROOT=1,2,3,10,11,12,13
QEHPT2_ROOT=1,2,3,10,11,12,14
QEHPT2_ROOT=1,2,3,10,11,13,14
QEHPT2_ROOT=1,2,3,10,12,13,14
QEHPT2_ROOT=1,2,3,11,12,13,14
QEHPT2_ROOT=1,2,4,5,6,7,8
QEHPT2_ROOT=1,2,4,5,6,7,9
QEHPT2_ROOT=1,2,4,5,6,7,10
QEHPT2_ROOT=1,2,4,5,6,7,11
QEHPT2_ROOT=1,2,4,5,6,7,12
QEHPT2_ROOT=1,2,4,5,6,7,13
QEHPT2_ROOT=1,2,4,5,6,7,14
QEHPT2_ROOT=1,2,4,5,6,8,9
QEHPT2_ROOT=1,2,4,5,6,8,10
QEHPT2_ROOT=1,2,4,5,6,8,11
QEHPT2_ROOT=1,2,4,5,6,8,12
QEHPT2_ROOT=1,2,4,5,6,8,13
QEHPT2_ROOT=1,2,4,5,6,8,14
QEHPT2_ROOT=1,2,4,5,6,9,10
QEHPT2_ROOT=1,2,4,5,6,9,11
QEHPT2_ROOT=1,2,4,5,6,9,12
QEHPT2_ROOT=1,2,4,5,6,9,13
QEHPT2_ROOT=1,2,4,5,6,9,14
QEHPT2_ROOT=1,2,4,5,6,10,11
QEHPT2_ROOT=1,2,4,5,6,10,12
QEHPT2_ROOT=1,2,4,5,6,10,14
QEHPT2_ROOT=1,2,4,5,6,11,12
QEHPT2_ROOT=1,2,4,5,6,11,13
QEHPT2_ROOT=1,2,4,5,6,11,14
QEHPT2_ROOT=1,2,4,5,6,12,14
QEHPT2_ROOT=1,2,4,5,6,13,14
QEHPT2_ROOT=1,2,4,5,7,8,9
QEHPT2_ROOT=1,2,4,5,7,8,10
QEHPT2_ROOT=1,2,4,5,7,8,11
QEHPT2_ROOT=1,2,4,5,7,8,12
QEHPT2_ROOT=1,2,4,5,7,8,13
QEHPT2_ROOT=1,2,4,5,7,8,14
QEHPT2_ROOT=1,2,4,5,7,9,10
QEHPT2_ROOT=1,2,4,5,7,9,11
QEHPT2_ROOT=1,2,4,5,7,9,12
QEHPT2_ROOT=1,2,4,5,7,9,13
QEHPT2_ROOT=1,2,4,5,7,9,14
QEHPT2_ROOT=1,2,4,5,7,10,11
QEHPT2_ROOT=1,2,4,5,7,10,12
QEHPT2_ROOT=1,2,4,5,7,10,13
QEHPT2_ROOT=1,2,4,5,7,10,14
QEHPT2_ROOT=1,2,4,5,7,11,12
QEHPT2_ROOT=1,2,4,5,7,11,13
QEHPT2_ROOT=1,2,4,5,7,11,14
QEHPT2_ROOT=1,2,4,5,7,12,13
QEHPT2_ROOT=1,2,4,5,7,12,14
QEHPT2_ROOT=1,2,4,5,7,13,14
QEHPT2_ROOT=1,2,4,5,8,9,10
QEHPT2_ROOT=1,2,4,5,8,9,11
QEHPT2_ROOT=1,2,4,5,8,9,12
QEHPT2_ROOT=1,2,4,5,8,9,13
QEHPT2_ROOT=1,2,4,5,8,9,14
QEHPT2_ROOT=1,2,4,5,8,10,11
QEHPT2_ROOT=1,2,4,5,8,10,12
QEHPT2_ROOT=1,2,4,5,8,10,13
QEHPT2_ROOT=1,2,4,5,8,10,14
QEHPT2_ROOT=1,2,4,5,8,11,12
QEHPT2_ROOT=1,2,4,5,8,11,13
QEHPT2_ROOT=1,2,4,5,8,11,14
QEHPT2_ROOT=1,2,4,5,8,12,13
QEHPT2_ROOT=1,2,4,5,8,12,14
QEHPT2_ROOT=1,2,4,5,8,13,14
QEHPT2_ROOT=1,2,4,5,9,10,11
QEHPT2_ROOT=1,2,4,5,9,10,12
QEHPT2_ROOT=1,2,4,5,9,10,13
QEHPT2_ROOT=1,2,4,5,9,10,14
QEHPT2_ROOT=1,2,4,5,9,11,12
QEHPT2_ROOT=1,2,4,5,9,11,13
QEHPT2_ROOT=1,2,4,5,9,11,14
QEHPT2_ROOT=1,2,4,5,9,12,13
QEHPT2_ROOT=1,2,4,5,9,12,14
QEHPT2_ROOT=1,2,4,5,9,13,14
QEHPT2_ROOT=1,2,4,5,10,11,12
QEHPT2_ROOT=1,2,4,5,10,11,13
QEHPT2_ROOT=1,2,4,5,10,11,14
QEHPT2_ROOT=1,2,4,5,10,12,13
QEHPT2_ROOT=1,2,4,5,10,12,14
QEHPT2_ROOT=1,2,4,5,10,13,14
QEHPT2_ROOT=1,2,4,5,11,12,13
QEHPT2_ROOT=1,2,4,5,11,12,14
QEHPT2_ROOT=1,2,4,5,11,13,14
QEHPT2_ROOT=1,2,4,5,12,13,14
QEHPT2_ROOT=1,2,4,6,7,8,9
QEHPT2_ROOT=1,2,4,6,7,8,10
QEHPT2_ROOT=1,2,4,6,7,8,11
QEHPT2_ROOT=1,2,4,6,7,8,12
QEHPT2_ROOT=1,2,4,6,7,8,13
QEHPT2_ROOT=1,2,4,6,7,8,14
QEHPT2_ROOT=1,2,4,6,7,9,10
QEHPT2_ROOT=1,2,4,6,7,9,11
QEHPT2_ROOT=1,2,4,6,7,9,12
QEHPT2_ROOT=1,2,4,6,7,9,13
QEHPT2_ROOT=1,2,4,6,7,9,14
QEHPT2_ROOT=1,2,4,6,7,10,11
QEHPT2_ROOT=1,2,4,6,7,10,12
QEHPT2_ROOT=1,2,4,6,7,10,13
QEHPT2_ROOT=1,2,4,6,7,10,14
QEHPT2_ROOT=1,2,4,6,7,11,12
QEHPT2_ROOT=1,2,4,6,7,11,13
QEHPT2_ROOT=1,2,4,6,7,11,14
QEHPT2_ROOT=1,2,4,6,7,12,13
QEHPT2_ROOT=1,2,4,6,7,12,14
QEHPT2_ROOT=1,2,4,6,7,13,14
QEHPT2_ROOT=1,2,4,6,8,9,10
QEHPT2_ROOT=1,2,4,6,8,9,11
QEHPT2_ROOT=1,2,4,6,8,9,12
QEHPT2_ROOT=1,2,4,6,8,9,13
QEHPT2_ROOT=1,2,4,6,8,9,14
QEHPT2_ROOT=1,2,4,6,8,10,11
QEHPT2_ROOT=1,2,4,6,8,10,12
QEHPT2_ROOT=1,2,4,6,8,10,13
QEHPT2_ROOT=1,2,4,6,8,10,14
QEHPT2_ROOT=1,2,4,6,8,11,12
QEHPT2_ROOT=1,2,4,6,8,11,13
QEHPT2_ROOT=1,2,4,6,8,11,14
QEHPT2_ROOT=1,2,4,6,8,12,13
QEHPT2_ROOT=1,2,4,6,8,12,14
QEHPT2_ROOT=1,2,4,6,8,13,14
QEHPT2_ROOT=1,2,4,6,9,10,11
QEHPT2_ROOT=1,2,4,6,9,10,12
QEHPT2_ROOT=1,2,4,6,9,10,13
QEHPT2_ROOT=1,2,4,6,9,10,14
QEHPT2_ROOT=1,2,4,6,9,11,12
QEHPT2_ROOT=1,2,4,6,9,11,13
QEHPT2_ROOT=1,2,4,6,9,11,14
QEHPT2_ROOT=1,2,4,6,9,12,13
QEHPT2_ROOT=1,2,4,6,9,12,14
QEHPT2_ROOT=1,2,4,6,9,13,14
QEHPT2_ROOT=1,2,4,6,10,11,12
QEHPT2_ROOT=1,2,4,6,10,11,13
QEHPT2_ROOT=1,2,4,6,10,11,14
QEHPT2_ROOT=1,2,4,6,10,12,13
QEHPT2_ROOT=1,2,4,6,10,12,14
QEHPT2_ROOT=1,2,4,6,10,13,14
QEHPT2_ROOT=1,2,4,6,11,12,13
QEHPT2_ROOT=1,2,4,6,11,12,14
QEHPT2_ROOT=1,2,4,6,11,13,14
QEHPT2_ROOT=1,2,4,6,12,13,14
QEHPT2_ROOT=1,2,4,7,8,9,10
QEHPT2_ROOT=1,2,4,7,8,9,11
QEHPT2_ROOT=1,2,4,7,8,9,12
QEHPT2_ROOT=1,2,4,7,8,9,13
QEHPT2_ROOT=1,2,4,7,8,9,14
QEHPT2_ROOT=1,2,4,7,8,10,11
QEHPT2_ROOT=1,2,4,7,8,10,12
QEHPT2_ROOT=1,2,4,7,8,10,13
QEHPT2_ROOT=1,2,4,7,8,10,14
QEHPT2_ROOT=1,2,4,7,8,11,12
QEHPT2_ROOT=1,2,4,7,8,11,13
QEHPT2_ROOT=1,2,4,7,8,11,14
QEHPT2_ROOT=1,2,4,7,8,12,13
QEHPT2_ROOT=1,2,4,7,8,12,14
QEHPT2_ROOT=1,2,4,7,8,13,14
QEHPT2_ROOT=1,2,4,7,9,10,11
QEHPT2_ROOT=1,2,4,7,9,10,12
QEHPT2_ROOT=1,2,4,7,9,10,13
QEHPT2_ROOT=1,2,4,7,9,10,14
QEHPT2_ROOT=1,2,4,7,9,11,12
QEHPT2_ROOT=1,2,4,7,9,11,13
QEHPT2_ROOT=1,2,4,7,9,11,14
QEHPT2_ROOT=1,2,4,7,9,12,13
QEHPT2_ROOT=1,2,4,7,9,12,14
QEHPT2_ROOT=1,2,4,7,9,13,14
QEHPT2_ROOT=1,2,4,7,10,11,12
QEHPT2_ROOT=1,2,4,7,10,11,13
QEHPT2_ROOT=1,2,4,7,10,11,14
QEHPT2_ROOT=1,2,4,7,10,12,13
QEHPT2_ROOT=1,2,4,7,10,12,14
QEHPT2_ROOT=1,2,4,7,10,13,14
QEHPT2_ROOT=1,2,4,7,11,12,13
QEHPT2_ROOT=1,2,4,7,11,12,14
QEHPT2_ROOT=1,2,4,7,11,13,14
QEHPT2_ROOT=1,2,4,7,12,13,14
QEHPT2_ROOT=1,2,4,8,9,10,11
QEHPT2_ROOT=1,2,4,8,9,10,12
QEHPT2_ROOT=1,2,4,8,9,10,13
QEHPT2_ROOT=1,2,4,8,9,10,14
QEHPT2_ROOT=1,2,4,8,9,11,12
QEHPT2_ROOT=1,2,4,8,9,11,13
QEHPT2_ROOT=1,2,4,8,9,11,14
QEHPT2_ROOT=1,2,4,8,9,12,13
QEHPT2_ROOT=1,2,4,8,9,12,14
QEHPT2_ROOT=1,2,4,8,9,13,14
QEHPT2_ROOT=1,2,4,8,10,11,12
QEHPT2_ROOT=1,2,4,8,10,11,13
QEHPT2_ROOT=1,2,4,8,10,11,14
QEHPT2_ROOT=1,2,4,8,10,12,13
QEHPT2_ROOT=1,2,4,8,10,12,14
QEHPT2_ROOT=1,2,4,8,10,13,14
QEHPT2_ROOT=1,2,4,8,11,12,13
QEHPT2_ROOT=1,2,4,8,11,12,14
QEHPT2_ROOT=1,2,4,8,11,13,14
QEHPT2_ROOT=1,2,4,8,12,13,14
QEHPT2_ROOT=1,2,4,9,10,11,12
QEHPT2_ROOT=1,2,4,9,10,11,13
QEHPT2_ROOT=1,2,4,9,10,11,14
QEHPT2_ROOT=1,2,4,9,10,12,13
QEHPT2_ROOT=1,2,4,9,10,12,14
QEHPT2_ROOT=1,2,4,9,10,13,14
QEHPT2_ROOT=1,2,4,9,11,12,13
QEHPT2_ROOT=1,2,4,9,11,12,14
QEHPT2_ROOT=1,2,4,9,11,13,14
QEHPT2_ROOT=1,2,4,9,12,13,14
QEHPT2_ROOT=1,2,4,10,11,12,13
QEHPT2_ROOT=1,2,4,10,11,12,14
QEHPT2_ROOT=1,2,4,10,11,13,14
QEHPT2_ROOT=1,2,4,10,12,13,14
QEHPT2_ROOT=1,2,4,11,12,13,14
QEHPT2_ROOT=1,2,5,6,7,8,9
QEHPT2_ROOT=1,2,5,6,7,8,10
QEHPT2_ROOT=1,2,5,6,7,8,11
QEHPT2_ROOT=1,2,5,6,7,8,12
QEHPT2_ROOT=1,2,5,6,7,8,13
QEHPT2_ROOT=1,2,5,6,7,8,14
QEHPT2_ROOT=1,2,5,6,7,9,10
QEHPT2_ROOT=1,2,5,6,7,9,11
QEHPT2_ROOT=1,2,5,6,7,9,12
QEHPT2_ROOT=1,2,5,6,7,9,13
QEHPT2_ROOT=1,2,5,6,7,9,14
QEHPT2_ROOT=1,2,5,6,7,10,11
QEHPT2_ROOT=1,2,5,6,7,10,12
QEHPT2_ROOT=1,2,5,6,7,10,13
QEHPT2_ROOT=1,2,5,6,7,10,14
QEHPT2_ROOT=1,2,5,6,7,11,12
QEHPT2_ROOT=1,2,5,6,7,11,13
QEHPT2_ROOT=1,2,5,6,7,11,14
QEHPT2_ROOT=1,2,5,6,7,12,13
QEHPT2_ROOT=1,2,5,6,7,12,14
QEHPT2_ROOT=1,2,5,6,7,13,14
QEHPT2_ROOT=1,2,5,6,8,9,10
QEHPT2_ROOT=1,2,5,6,8,9,11
QEHPT2_ROOT=1,2,5,6,8,9,12
QEHPT2_ROOT=1,2,5,6,8,9,13
QEHPT2_ROOT=1,2,5,6,8,9,14
QEHPT2_ROOT=1,2,5,6,8,10,11
QEHPT2_ROOT=1,2,5,6,8,10,12
QEHPT2_ROOT=1,2,5,6,8,10,13
QEHPT2_ROOT=1,2,5,6,8,10,14
QEHPT2_ROOT=1,2,5,6,8,11,12
QEHPT2_ROOT=1,2,5,6,8,11,13
QEHPT2_ROOT=1,2,5,6,8,11,14
QEHPT2_ROOT=1,2,5,6,8,12,13
QEHPT2_ROOT=1,2,5,6,8,12,14
QEHPT2_ROOT=1,2,5,6,8,13,14
QEHPT2_ROOT=1,2,5,6,9,10,11
QEHPT2_ROOT=1,2,5,6,9,10,12
QEHPT2_ROOT=1,2,5,6,9,10,13
QEHPT2_ROOT=1,2,5,6,9,10,14
QEHPT2_ROOT=1,2,5,6,9,11,12
QEHPT2_ROOT=1,2,5,6,9,11,13
QEHPT2_ROOT=1,2,5,6,9,11,14
QEHPT2_ROOT=1,2,5,6,9,12,13
QEHPT2_ROOT=1,2,5,6,9,12,14
QEHPT2_ROOT=1,2,5,6,9,13,14
QEHPT2_ROOT=1,2,5,6,10,11,12
QEHPT2_ROOT=1,2,5,6,10,11,13
QEHPT2_ROOT=1,2,5,6,10,11,14
QEHPT2_ROOT=1,2,5,6,10,12,13
QEHPT2_ROOT=1,2,5,6,10,12,14
QEHPT2_ROOT=1,2,5,6,10,13,14
QEHPT2_ROOT=1,2,5,6,11,12,13
QEHPT2_ROOT=1,2,5,6,11,12,14
QEHPT2_ROOT=1,2,5,6,11,13,14
QEHPT2_ROOT=1,2,5,6,12,13,14
QEHPT2_ROOT=1,2,5,7,8,9,10
QEHPT2_ROOT=1,2,5,7,8,9,11
QEHPT2_ROOT=1,2,5,7,8,9,12
QEHPT2_ROOT=1,2,5,7,8,9,13
QEHPT2_ROOT=1,2,5,7,8,9,14
QEHPT2_ROOT=1,2,5,7,8,10,11
QEHPT2_ROOT=1,2,5,7,8,10,12
QEHPT2_ROOT=1,2,5,7,8,10,13
QEHPT2_ROOT=1,2,5,7,8,10,14
QEHPT2_ROOT=1,2,5,7,8,11,12
QEHPT2_ROOT=1,2,5,7,8,11,13
QEHPT2_ROOT=1,2,5,7,8,11,14
QEHPT2_ROOT=1,2,5,7,8,12,13
QEHPT2_ROOT=1,2,5,7,8,12,14
QEHPT2_ROOT=1,2,5,7,8,13,14
QEHPT2_ROOT=1,2,5,7,9,10,11
QEHPT2_ROOT=1,2,5,7,9,10,12
QEHPT2_ROOT=1,2,5,7,9,10,13
QEHPT2_ROOT=1,2,5,7,9,10,14
QEHPT2_ROOT=1,2,5,7,9,11,12
QEHPT2_ROOT=1,2,5,7,9,11,13
QEHPT2_ROOT=1,2,5,7,9,11,14
QEHPT2_ROOT=1,2,5,7,9,12,13
QEHPT2_ROOT=1,2,5,7,9,12,14
QEHPT2_ROOT=1,2,5,7,9,13,14
QEHPT2_ROOT=1,2,5,7,10,11,12
QEHPT2_ROOT=1,2,5,7,10,11,13
QEHPT2_ROOT=1,2,5,7,10,11,14
QEHPT2_ROOT=1,2,5,7,10,12,13
QEHPT2_ROOT=1,2,5,7,10,12,14
QEHPT2_ROOT=1,2,5,7,10,13,14
QEHPT2_ROOT=1,2,5,7,11,12,13
QEHPT2_ROOT=1,2,5,7,11,12,14
QEHPT2_ROOT=1,2,5,7,11,13,14
QEHPT2_ROOT=1,2,5,7,12,13,14
QEHPT2_ROOT=1,2,5,8,9,10,11
QEHPT2_ROOT=1,2,5,8,9,10,12
QEHPT2_ROOT=1,2,5,8,9,10,13
QEHPT2_ROOT=1,2,5,8,9,10,14
QEHPT2_ROOT=1,2,5,8,9,11,12
QEHPT2_ROOT=1,2,5,8,9,11,13
QEHPT2_ROOT=1,2,5,8,9,11,14
QEHPT2_ROOT=1,2,5,8,9,12,13
QEHPT2_ROOT=1,2,5,8,9,12,14
QEHPT2_ROOT=1,2,5,8,9,13,14
QEHPT2_ROOT=1,2,5,8,10,11,12
QEHPT2_ROOT=1,2,5,8,10,11,13
QEHPT2_ROOT=1,2,5,8,10,11,14
QEHPT2_ROOT=1,2,5,8,10,12,13
QEHPT2_ROOT=1,2,5,8,10,12,14
QEHPT2_ROOT=1,2,5,8,10,13,14
QEHPT2_ROOT=1,2,5,8,11,12,13
QEHPT2_ROOT=1,2,5,8,11,12,14
QEHPT2_ROOT=1,2,5,8,11,13,14
QEHPT2_ROOT=1,2,5,8,12,13,14
QEHPT2_ROOT=1,2,5,9,10,11,12
QEHPT2_ROOT=1,2,5,9,10,11,13
QEHPT2_ROOT=1,2,5,9,10,11,14
QEHPT2_ROOT=1,2,5,9,10,12,13
QEHPT2_ROOT=1,2,5,9,10,12,14
QEHPT2_ROOT=1,2,5,9,10,13,14
QEHPT2_ROOT=1,2,5,9,11,12,13
QEHPT2_ROOT=1,2,5,9,11,12,14
QEHPT2_ROOT=1,2,5,9,11,13,14
QEHPT2_ROOT=1,2,5,9,12,13,14
QEHPT2_ROOT=1,2,5,10,11,12,13
QEHPT2_ROOT=1,2,5,10,11,12,14
QEHPT2_ROOT=1,2,5,10,11,13,14
QEHPT2_ROOT=1,2,5,10,12,13,14
QEHPT2_ROOT=1,2,5,11,12,13,14
QEHPT2_ROOT=1,2,6,7,8,9,10
QEHPT2_ROOT=1,2,6,7,8,9,11
QEHPT2_ROOT=1,2,6,7,8,9,12
QEHPT2_ROOT=1,2,6,7,8,9,13
QEHPT2_ROOT=1,2,6,7,8,9,14
QEHPT2_ROOT=1,2,6,7,8,10,11
QEHPT2_ROOT=1,2,6,7,8,10,12
QEHPT2_ROOT=1,2,6,7,8,10,13
QEHPT2_ROOT=1,2,6,7,8,10,14
QEHPT2_ROOT=1,2,6,7,8,11,12
QEHPT2_ROOT=1,2,6,7,8,11,13
QEHPT2_ROOT=1,2,6,7,8,11,14
QEHPT2_ROOT=1,2,6,7,8,12,13
QEHPT2_ROOT=1,2,6,7,8,12,14
QEHPT2_ROOT=1,2,6,7,8,13,14
QEHPT2_ROOT=1,2,6,7,9,10,11
QEHPT2_ROOT=1,2,6,7,9,10,12
QEHPT2_ROOT=1,2,6,7,9,10,13
QEHPT2_ROOT=1,2,6,7,9,10,14
QEHPT2_ROOT=1,2,6,7,9,11,12
QEHPT2_ROOT=1,2,6,7,9,11,13
QEHPT2_ROOT=1,2,6,7,9,11,14
QEHPT2_ROOT=1,2,6,7,9,12,13
QEHPT2_ROOT=1,2,6,7,9,12,14
QEHPT2_ROOT=1,2,6,7,9,13,14
QEHPT2_ROOT=1,2,6,7,10,11,12
QEHPT2_ROOT=1,2,6,7,10,11,13
QEHPT2_ROOT=1,2,6,7,10,11,14
QEHPT2_ROOT=1,2,6,7,10,12,13
QEHPT2_ROOT=1,2,6,7,10,12,14
QEHPT2_ROOT=1,2,6,7,10,13,14
QEHPT2_ROOT=1,2,6,7,11,12,13
QEHPT2_ROOT=1,2,6,7,11,12,14
QEHPT2_ROOT=1,2,6,7,11,13,14
QEHPT2_ROOT=1,2,6,7,12,13,14
QEHPT2_ROOT=1,2,6,8,9,10,11
QEHPT2_ROOT=1,2,6,8,9,10,12
QEHPT2_ROOT=1,2,6,8,9,10,13
QEHPT2_ROOT=1,2,6,8,9,10,14
QEHPT2_ROOT=1,2,6,8,9,11,12
QEHPT2_ROOT=1,2,6,8,9,11,13
QEHPT2_ROOT=1,2,6,8,9,11,14
QEHPT2_ROOT=1,2,6,8,9,12,13
QEHPT2_ROOT=1,2,6,8,9,12,14
QEHPT2_ROOT=1,2,6,8,9,13,14
QEHPT2_ROOT=1,2,6,8,10,11,12
QEHPT2_ROOT=1,2,6,8,10,11,13
QEHPT2_ROOT=1,2,6,8,10,11,14
QEHPT2_ROOT=1,2,6,8,10,12,13
QEHPT2_ROOT=1,2,6,8,10,12,14
QEHPT2_ROOT=1,2,6,8,10,13,14
QEHPT2_ROOT=1,2,6,8,11,12,13
QEHPT2_ROOT=1,2,6,8,11,12,14
QEHPT2_ROOT=1,2,6,8,11,13,14
QEHPT2_ROOT=1,2,6,8,12,13,14
QEHPT2_ROOT=1,2,6,9,10,11,12
QEHPT2_ROOT=1,2,6,9,10,11,13
QEHPT2_ROOT=1,2,6,9,10,11,14
QEHPT2_ROOT=1,2,6,9,10,12,13
QEHPT2_ROOT=1,2,6,9,10,12,14
QEHPT2_ROOT=1,2,6,9,10,13,14
QEHPT2_ROOT=1,2,6,9,11,12,13
QEHPT2_ROOT=1,2,6,9,11,12,14
QEHPT2_ROOT=1,2,6,9,11,13,14
QEHPT2_ROOT=1,2,6,9,12,13,14
QEHPT2_ROOT=1,2,6,10,11,12,13
QEHPT2_ROOT=1,2,6,10,11,12,14
QEHPT2_ROOT=1,2,6,10,11,13,14
QEHPT2_ROOT=1,2,6,10,12,13,14
QEHPT2_ROOT=1,2,6,11,12,13,14
QEHPT2_ROOT=1,2,7,8,9,10,11
QEHPT2_ROOT=1,2,7,8,9,10,12
QEHPT2_ROOT=1,2,7,8,9,10,13
QEHPT2_ROOT=1,2,7,8,9,10,14
QEHPT2_ROOT=1,2,7,8,9,11,12
QEHPT2_ROOT=1,2,7,8,9,11,13
QEHPT2_ROOT=1,2,7,8,9,11,14
QEHPT2_ROOT=1,2,7,8,9,12,13
QEHPT2_ROOT=1,2,7,8,9,12,14
QEHPT2_ROOT=1,2,7,8,9,13,14
QEHPT2_ROOT=1,2,7,8,10,11,12
QEHPT2_ROOT=1,2,7,8,10,11,13
QEHPT2_ROOT=1,2,7,8,10,11,14
QEHPT2_ROOT=1,2,7,8,10,12,13
QEHPT2_ROOT=1,2,7,8,10,12,14
QEHPT2_ROOT=1,2,7,8,10,13,14
QEHPT2_ROOT=1,2,7,8,11,12,13
QEHPT2_ROOT=1,2,7,8,11,12,14
QEHPT2_ROOT=1,2,7,8,11,13,14
QEHPT2_ROOT=1,2,7,8,12,13,14
QEHPT2_ROOT=1,2,7,9,10,11,12
QEHPT2_ROOT=1,2,7,9,10,11,13
QEHPT2_ROOT=1,2,7,9,10,11,14
QEHPT2_ROOT=1,2,7,9,10,12,13
QEHPT2_ROOT=1,2,7,9,10,12,14
QEHPT2_ROOT=1,2,7,9,10,13,14
QEHPT2_ROOT=1,2,7,9,11,12,13
QEHPT2_ROOT=1,2,7,9,11,12,14
QEHPT2_ROOT=1,2,7,9,11,13,14
QEHPT2_ROOT=1,2,7,9,12,13,14
QEHPT2_ROOT=1,2,7,10,11,12,13
QEHPT2_ROOT=1,2,7,10,11,12,14
QEHPT2_ROOT=1,2,7,10,11,13,14
QEHPT2_ROOT=1,2,7,10,12,13,14
QEHPT2_ROOT=1,2,7,11,12,13,14
QEHPT2_ROOT=1,2,8,9,10,11,12
QEHPT2_ROOT=1,2,8,9,10,11,13
QEHPT2_ROOT=1,2,8,9,10,11,14
QEHPT2_ROOT=1,2,8,9,10,12,13
QEHPT2_ROOT=1,2,8,9,10,12,14
QEHPT2_ROOT=1,2,8,9,10,13,14
QEHPT2_ROOT=1,2,8,9,11,12,13
QEHPT2_ROOT=1,2,8,9,11,12,14
QEHPT2_ROOT=1,2,8,9,11,13,14
QEHPT2_ROOT=1,2,8,9,12,13,14
QEHPT2_ROOT=1,2,8,10,11,12,13
QEHPT2_ROOT=1,2,8,10,11,12,14
QEHPT2_ROOT=1,2,8,10,11,13,14
QEHPT2_ROOT=1,2,8,10,12,13,14
QEHPT2_ROOT=1,2,8,11,12,13,14
QEHPT2_ROOT=1,2,9,10,11,12,13
QEHPT2_ROOT=1,2,9,10,11,12,14
QEHPT2_ROOT=1,2,9,10,11,13,14
QEHPT2_ROOT=1,2,9,10,12,13,14
QEHPT2_ROOT=1,2,9,11,12,13,14
QEHPT2_ROOT=1,2,10,11,12,13,14
QEHPT2_ROOT=1,3,4,5,6,7,8
QEHPT2_ROOT=1,3,4,5,6,7,9
QEHPT2_ROOT=1,3,4,5,6,7,10
QEHPT2_ROOT=1,3,4,5,6,7,11
QEHPT2_ROOT=1,3,4,5,6,7,12
QEHPT2_ROOT=1,3,4,5,6,7,13
QEHPT2_ROOT=1,3,4,5,6,8,9
QEHPT2_ROOT=1,3,4,5,6,8,10
QEHPT2_ROOT=1,3,4,5,6,8,11
QEHPT2_ROOT=1,3,4,5,6,8,12
QEHPT2_ROOT=1,3,4,5,6,8,13
QEHPT2_ROOT=1,3,4,5,6,8,14
QEHPT2_ROOT=1,3,4,5,6,9,10
QEHPT2_ROOT=1,3,4,5,6,9,11
QEHPT2_ROOT=1,3,4,5,6,9,12
QEHPT2_ROOT=1,3,4,5,6,9,13
QEHPT2_ROOT=1,3,4,5,6,9,14
QEHPT2_ROOT=1,3,4,5,6,10,11
QEHPT2_ROOT=1,3,4,5,6,10,12
QEHPT2_ROOT=1,3,4,5,6,10,13
QEHPT2_ROOT=1,3,4,5,6,10,14
QEHPT2_ROOT=1,3,4,5,6,11,12
QEHPT2_ROOT=1,3,4,5,6,11,13
QEHPT2_ROOT=1,3,4,5,6,11,14
QEHPT2_ROOT=1,3,4,5,6,12,13
QEHPT2_ROOT=1,3,4,5,6,12,14
QEHPT2_ROOT=1,3,4,5,6,13,14
QEHPT2_ROOT=1,3,4,5,7,8,9
QEHPT2_ROOT=1,3,4,5,7,8,10
QEHPT2_ROOT=1,3,4,5,7,8,11
QEHPT2_ROOT=1,3,4,5,7,8,12
QEHPT2_ROOT=1,3,4,5,7,8,13
QEHPT2_ROOT=1,3,4,5,7,8,14
QEHPT2_ROOT=1,3,4,5,7,9,10
QEHPT2_ROOT=1,3,4,5,7,9,11
QEHPT2_ROOT=1,3,4,5,7,9,12
QEHPT2_ROOT=1,3,4,5,7,9,13
QEHPT2_ROOT=1,3,4,5,7,9,14
QEHPT2_ROOT=1,3,4,5,7,10,11
QEHPT2_ROOT=1,3,4,5,7,10,12
QEHPT2_ROOT=1,3,4,5,7,10,13
QEHPT2_ROOT=1,3,4,5,7,10,14
QEHPT2_ROOT=1,3,4,5,7,11,12
QEHPT2_ROOT=1,3,4,5,7,11,13
QEHPT2_ROOT=1,3,4,5,7,11,14
QEHPT2_ROOT=1,3,4,5,7,12,13
QEHPT2_ROOT=1,3,4,5,7,12,14
QEHPT2_ROOT=1,3,4,5,7,13,14
QEHPT2_ROOT=1,3,4,5,8,9,10
QEHPT2_ROOT=1,3,4,5,8,9,11
QEHPT2_ROOT=1,3,4,5,8,9,12
QEHPT2_ROOT=1,3,4,5,8,9,13
QEHPT2_ROOT=1,3,4,5,8,9,14
QEHPT2_ROOT=1,3,4,5,8,10,11
QEHPT2_ROOT=1,3,4,5,8,10,12
QEHPT2_ROOT=1,3,4,5,8,10,13
QEHPT2_ROOT=1,3,4,5,8,10,14
QEHPT2_ROOT=1,3,4,5,8,11,12
QEHPT2_ROOT=1,3,4,5,8,11,13
QEHPT2_ROOT=1,3,4,5,8,11,14
QEHPT2_ROOT=1,3,4,5,8,12,13
QEHPT2_ROOT=1,3,4,5,8,12,14
QEHPT2_ROOT=1,3,4,5,8,13,14
QEHPT2_ROOT=1,3,4,5,9,10,11
QEHPT2_ROOT=1,3,4,5,9,10,12
QEHPT2_ROOT=1,3,4,5,9,10,13
QEHPT2_ROOT=1,3,4,5,9,10,14
QEHPT2_ROOT=1,3,4,5,9,11,12
QEHPT2_ROOT=1,3,4,5,9,11,13
QEHPT2_ROOT=1,3,4,5,9,11,14
QEHPT2_ROOT=1,3,4,5,9,12,13
QEHPT2_ROOT=1,3,4,5,9,12,14
QEHPT2_ROOT=1,3,4,5,9,13,14
QEHPT2_ROOT=1,3,4,5,10,11,12
QEHPT2_ROOT=1,3,4,5,10,11,13
QEHPT2_ROOT=1,3,4,5,10,11,14
QEHPT2_ROOT=1,3,4,5,10,12,13
QEHPT2_ROOT=1,3,4,5,10,12,14
QEHPT2_ROOT=1,3,4,5,10,13,14
QEHPT2_ROOT=1,3,4,5,11,12,13
QEHPT2_ROOT=1,3,4,5,11,12,14
QEHPT2_ROOT=1,3,4,5,11,13,14
QEHPT2_ROOT=1,3,4,5,12,13,14
QEHPT2_ROOT=1,3,4,6,7,8,9
QEHPT2_ROOT=1,3,4,6,7,8,10
QEHPT2_ROOT=1,3,4,6,7,8,11
QEHPT2_ROOT=1,3,4,6,7,8,12
QEHPT2_ROOT=1,3,4,6,7,8,13
QEHPT2_ROOT=1,3,4,6,7,8,14
QEHPT2_ROOT=1,3,4,6,7,9,10
QEHPT2_ROOT=1,3,4,6,7,9,11
QEHPT2_ROOT=1,3,4,6,7,9,12
QEHPT2_ROOT=1,3,4,6,7,9,13
QEHPT2_ROOT=1,3,4,6,7,9,14
QEHPT2_ROOT=1,3,4,6,7,10,11
QEHPT2_ROOT=1,3,4,6,7,10,12
QEHPT2_ROOT=1,3,4,6,7,10,13
QEHPT2_ROOT=1,3,4,6,7,10,14
QEHPT2_ROOT=1,3,4,6,7,11,12
QEHPT2_ROOT=1,3,4,6,7,11,13
QEHPT2_ROOT=1,3,4,6,7,11,14
QEHPT2_ROOT=1,3,4,6,7,12,13
QEHPT2_ROOT=1,3,4,6,7,12,14
QEHPT2_ROOT=1,3,4,6,7,13,14
QEHPT2_ROOT=1,3,4,6,8,9,10
QEHPT2_ROOT=1,3,4,6,8,9,11
QEHPT2_ROOT=1,3,4,6,8,9,12
QEHPT2_ROOT=1,3,4,6,8,9,13
QEHPT2_ROOT=1,3,4,6,8,9,14
QEHPT2_ROOT=1,3,4,6,8,10,11
QEHPT2_ROOT=1,3,4,6,8,10,12
QEHPT2_ROOT=1,3,4,6,8,10,13
QEHPT2_ROOT=1,3,4,6,8,10,14
QEHPT2_ROOT=1,3,4,6,8,11,12
QEHPT2_ROOT=1,3,4,6,8,11,13
QEHPT2_ROOT=1,3,4,6,8,11,14
QEHPT2_ROOT=1,3,4,6,8,12,13
QEHPT2_ROOT=1,3,4,6,8,12,14
QEHPT2_ROOT=1,3,4,6,8,13,14
QEHPT2_ROOT=1,3,4,6,9,10,11
QEHPT2_ROOT=1,3,4,6,9,10,12
QEHPT2_ROOT=1,3,4,6,9,10,13
QEHPT2_ROOT=1,3,4,6,9,10,14
QEHPT2_ROOT=1,3,4,6,9,11,12
QEHPT2_ROOT=1,3,4,6,9,11,13
QEHPT2_ROOT=1,3,4,6,9,11,14
QEHPT2_ROOT=1,3,4,6,9,12,13
QEHPT2_ROOT=1,3,4,6,9,12,14
QEHPT2_ROOT=1,3,4,6,9,13,14
QEHPT2_ROOT=1,3,4,6,10,11,12
QEHPT2_ROOT=1,3,4,6,10,11,13
QEHPT2_ROOT=1,3,4,6,10,11,14
QEHPT2_ROOT=1,3,4,6,10,12,13
QEHPT2_ROOT=1,3,4,6,10,12,14
QEHPT2_ROOT=1,3,4,6,10,13,14
QEHPT2_ROOT=1,3,4,6,11,12,13
QEHPT2_ROOT=1,3,4,6,11,12,14
QEHPT2_ROOT=1,3,4,6,11,13,14
QEHPT2_ROOT=1,3,4,6,12,13,14
QEHPT2_ROOT=1,3,4,7,8,9,10
QEHPT2_ROOT=1,3,4,7,8,9,11
QEHPT2_ROOT=1,3,4,7,8,9,12
QEHPT2_ROOT=1,3,4,7,8,9,13
QEHPT2_ROOT=1,3,4,7,8,9,14
QEHPT2_ROOT=1,3,4,7,8,10,11
QEHPT2_ROOT=1,3,4,7,8,10,12
QEHPT2_ROOT=1,3,4,7,8,10,13
QEHPT2_ROOT=1,3,4,7,8,10,14
QEHPT2_ROOT=1,3,4,7,8,11,12
QEHPT2_ROOT=1,3,4,7,8,11,13
QEHPT2_ROOT=1,3,4,7,8,11,14
QEHPT2_ROOT=1,3,4,7,8,12,13
QEHPT2_ROOT=1,3,4,7,8,12,14
QEHPT2_ROOT=1,3,4,7,8,13,14
QEHPT2_ROOT=1,3,4,7,9,10,11
QEHPT2_ROOT=1,3,4,7,9,10,12
QEHPT2_ROOT=1,3,4,7,9,10,13
QEHPT2_ROOT=1,3,4,7,9,10,14
QEHPT2_ROOT=1,3,4,7,9,11,12
QEHPT2_ROOT=1,3,4,7,9,11,13
QEHPT2_ROOT=1,3,4,7,9,11,14
QEHPT2_ROOT=1,3,4,7,9,12,13
QEHPT2_ROOT=1,3,4,7,9,12,14
QEHPT2_ROOT=1,3,4,7,9,13,14
QEHPT2_ROOT=1,3,4,7,10,11,12
QEHPT2_ROOT=1,3,4,7,10,11,13
QEHPT2_ROOT=1,3,4,7,10,11,14
QEHPT2_ROOT=1,3,4,7,10,12,13
QEHPT2_ROOT=1,3,4,7,10,12,14
QEHPT2_ROOT=1,3,4,7,10,13,14
QEHPT2_ROOT=1,3,4,7,11,12,13
QEHPT2_ROOT=1,3,4,7,11,12,14
QEHPT2_ROOT=1,3,4,7,11,13,14
QEHPT2_ROOT=1,3,4,7,12,13,14
QEHPT2_ROOT=1,3,4,8,9,10,11
QEHPT2_ROOT=1,3,4,8,9,10,12
QEHPT2_ROOT=1,3,4,8,9,10,13
QEHPT2_ROOT=1,3,4,8,9,10,14
QEHPT2_ROOT=1,3,4,8,9,11,12
QEHPT2_ROOT=1,3,4,8,9,11,13
QEHPT2_ROOT=1,3,4,8,9,11,14
QEHPT2_ROOT=1,3,4,8,9,12,13
QEHPT2_ROOT=1,3,4,8,9,12,14
QEHPT2_ROOT=1,3,4,8,9,13,14
QEHPT2_ROOT=1,3,4,8,10,11,12
QEHPT2_ROOT=1,3,4,8,10,11,13
QEHPT2_ROOT=1,3,4,8,10,11,14
QEHPT2_ROOT=1,3,4,8,10,12,13
QEHPT2_ROOT=1,3,4,8,10,12,14
QEHPT2_ROOT=1,3,4,8,10,13,14
QEHPT2_ROOT=1,3,4,8,11,12,13
QEHPT2_ROOT=1,3,4,8,11,12,14
QEHPT2_ROOT=1,3,4,8,11,13,14
QEHPT2_ROOT=1,3,4,8,12,13,14
QEHPT2_ROOT=1,3,4,9,10,11,12
QEHPT2_ROOT=1,3,4,9,10,11,13
QEHPT2_ROOT=1,3,4,9,10,11,14
QEHPT2_ROOT=1,3,4,9,10,12,13
QEHPT2_ROOT=1,3,4,9,10,12,14
QEHPT2_ROOT=1,3,4,9,10,13,14
QEHPT2_ROOT=1,3,4,9,11,12,13
QEHPT2_ROOT=1,3,4,9,11,12,14
QEHPT2_ROOT=1,3,4,9,11,13,14
QEHPT2_ROOT=1,3,4,9,12,13,14
QEHPT2_ROOT=1,3,4,10,11,12,13
QEHPT2_ROOT=1,3,4,10,11,12,14
QEHPT2_ROOT=1,3,4,10,11,13,14
QEHPT2_ROOT=1,3,4,10,12,13,14
QEHPT2_ROOT=1,3,4,11,12,13,14
QEHPT2_ROOT=1,3,5,6,7,8,9
QEHPT2_ROOT=1,3,5,6,7,8,10
QEHPT2_ROOT=1,3,5,6,7,8,11
QEHPT2_ROOT=1,3,5,6,7,8,12
QEHPT2_ROOT=1,3,5,6,7,8,13
QEHPT2_ROOT=1,3,5,6,7,8,14
QEHPT2_ROOT=1,3,5,6,7,9,10
QEHPT2_ROOT=1,3,5,6,7,9,11
QEHPT2_ROOT=1,3,5,6,7,9,12
QEHPT2_ROOT=1,3,5,6,7,9,13
QEHPT2_ROOT=1,3,5,6,7,9,14
QEHPT2_ROOT=1,3,5,6,7,10,11
QEHPT2_ROOT=1,3,5,6,7,10,12
QEHPT2_ROOT=1,3,5,6,7,10,13
QEHPT2_ROOT=1,3,5,6,7,10,14
QEHPT2_ROOT=1,3,5,6,7,11,12
QEHPT2_ROOT=1,3,5,6,7,11,13
QEHPT2_ROOT=1,3,5,6,7,11,14
QEHPT2_ROOT=1,3,5,6,7,12,13
QEHPT2_ROOT=1,3,5,6,7,12,14
QEHPT2_ROOT=1,3,5,6,7,13,14
QEHPT2_ROOT=1,3,5,6,8,9,10
QEHPT2_ROOT=1,3,5,6,8,9,11
QEHPT2_ROOT=1,3,5,6,8,9,12
QEHPT2_ROOT=1,3,5,6,8,9,13
QEHPT2_ROOT=1,3,5,6,8,9,14
QEHPT2_ROOT=1,3,5,6,8,10,11
QEHPT2_ROOT=1,3,5,6,8,10,12
QEHPT2_ROOT=1,3,5,6,8,10,13
QEHPT2_ROOT=1,3,5,6,8,10,14
QEHPT2_ROOT=1,3,5,6,8,11,12
QEHPT2_ROOT=1,3,5,6,8,11,13
QEHPT2_ROOT=1,3,5,6,8,11,14
QEHPT2_ROOT=1,3,5,6,8,12,13
QEHPT2_ROOT=1,3,5,6,8,12,14
QEHPT2_ROOT=1,3,5,6,8,13,14
QEHPT2_ROOT=1,3,5,6,9,10,11
QEHPT2_ROOT=1,3,5,6,9,10,12
QEHPT2_ROOT=1,3,5,6,9,10,13
QEHPT2_ROOT=1,3,5,6,9,10,14
QEHPT2_ROOT=1,3,5,6,9,11,12
QEHPT2_ROOT=1,3,5,6,9,11,13
QEHPT2_ROOT=1,3,5,6,9,11,14
QEHPT2_ROOT=1,3,5,6,9,12,13
QEHPT2_ROOT=1,3,5,6,9,12,14
QEHPT2_ROOT=1,3,5,6,9,13,14
QEHPT2_ROOT=1,3,5,6,10,11,12
QEHPT2_ROOT=1,3,5,6,10,11,13
QEHPT2_ROOT=1,3,5,6,10,11,14
QEHPT2_ROOT=1,3,5,6,10,12,13
QEHPT2_ROOT=1,3,5,6,10,12,14
QEHPT2_ROOT=1,3,5,6,10,13,14
QEHPT2_ROOT=1,3,5,6,11,12,13
QEHPT2_ROOT=1,3,5,6,11,12,14
QEHPT2_ROOT=1,3,5,6,11,13,14
QEHPT2_ROOT=1,3,5,6,12,13,14
QEHPT2_ROOT=1,3,5,7,8,9,10
QEHPT2_ROOT=1,3,5,7,8,9,11
QEHPT2_ROOT=1,3,5,7,8,9,12
QEHPT2_ROOT=1,3,5,7,8,9,13
QEHPT2_ROOT=1,3,5,7,8,9,14
QEHPT2_ROOT=1,3,5,7,8,10,11
QEHPT2_ROOT=1,3,5,7,8,10,12
QEHPT2_ROOT=1,3,5,7,8,10,13
QEHPT2_ROOT=1,3,5,7,8,10,14
QEHPT2_ROOT=1,3,5,7,8,11,12
QEHPT2_ROOT=1,3,5,7,8,11,13
QEHPT2_ROOT=1,3,5,7,8,11,14
QEHPT2_ROOT=1,3,5,7,8,12,13
QEHPT2_ROOT=1,3,5,7,8,12,14
QEHPT2_ROOT=1,3,5,7,8,13,14
QEHPT2_ROOT=1,3,5,7,9,10,11
QEHPT2_ROOT=1,3,5,7,9,10,12
QEHPT2_ROOT=1,3,5,7,9,10,13
QEHPT2_ROOT=1,3,5,7,9,10,14
QEHPT2_ROOT=1,3,5,7,9,11,12
QEHPT2_ROOT=1,3,5,7,9,11,13
QEHPT2_ROOT=1,3,5,7,9,11,14
QEHPT2_ROOT=1,3,5,7,9,12,13
QEHPT2_ROOT=1,3,5,7,9,12,14
QEHPT2_ROOT=1,3,5,7,9,13,14
QEHPT2_ROOT=1,3,5,7,10,11,12
QEHPT2_ROOT=1,3,5,7,10,11,13
QEHPT2_ROOT=1,3,5,7,10,11,14
QEHPT2_ROOT=1,3,5,7,10,12,13
QEHPT2_ROOT=1,3,5,7,10,12,14
QEHPT2_ROOT=1,3,5,7,10,13,14
QEHPT2_ROOT=1,3,5,7,11,12,13
QEHPT2_ROOT=1,3,5,7,11,12,14
QEHPT2_ROOT=1,3,5,7,11,13,14
QEHPT2_ROOT=1,3,5,7,12,13,14
QEHPT2_ROOT=1,3,5,8,9,10,11
QEHPT2_ROOT=1,3,5,8,9,10,12
QEHPT2_ROOT=1,3,5,8,9,10,13
QEHPT2_ROOT=1,3,5,8,9,10,14
QEHPT2_ROOT=1,3,5,8,9,11,12
QEHPT2_ROOT=1,3,5,8,9,11,13
QEHPT2_ROOT=1,3,5,8,9,11,14
QEHPT2_ROOT=1,3,5,8,9,12,13
QEHPT2_ROOT=1,3,5,8,9,12,14
QEHPT2_ROOT=1,3,5,8,9,13,14
QEHPT2_ROOT=1,3,5,8,10,11,12
QEHPT2_ROOT=1,3,5,8,10,11,13
QEHPT2_ROOT=1,3,5,8,10,11,14
QEHPT2_ROOT=1,3,5,8,10,12,13
QEHPT2_ROOT=1,3,5,8,10,12,14
QEHPT2_ROOT=1,3,5,8,10,13,14
QEHPT2_ROOT=1,3,5,8,11,12,13
QEHPT2_ROOT=1,3,5,8,11,12,14
QEHPT2_ROOT=1,3,5,8,11,13,14
QEHPT2_ROOT=1,3,5,8,12,13,14
QEHPT2_ROOT=1,3,5,9,10,11,12
QEHPT2_ROOT=1,3,5,9,10,11,13
QEHPT2_ROOT=1,3,5,9,10,11,14
QEHPT2_ROOT=1,3,5,9,10,12,13
QEHPT2_ROOT=1,3,5,9,10,12,14
QEHPT2_ROOT=1,3,5,9,10,13,14
QEHPT2_ROOT=1,3,5,9,11,12,13
QEHPT2_ROOT=1,3,5,9,11,12,14
QEHPT2_ROOT=1,3,5,9,11,13,14
QEHPT2_ROOT=1,3,5,9,12,13,14
QEHPT2_ROOT=1,3,5,10,11,12,13
QEHPT2_ROOT=1,3,5,10,11,12,14
QEHPT2_ROOT=1,3,5,10,11,13,14
QEHPT2_ROOT=1,3,5,10,12,13,14
QEHPT2_ROOT=1,3,5,11,12,13,14
QEHPT2_ROOT=1,3,6,7,8,9,10
QEHPT2_ROOT=1,3,6,7,8,9,11
QEHPT2_ROOT=1,3,6,7,8,9,12
QEHPT2_ROOT=1,3,6,7,8,9,13
QEHPT2_ROOT=1,3,6,7,8,9,14
QEHPT2_ROOT=1,3,6,7,8,10,11
QEHPT2_ROOT=1,3,6,7,8,10,12
QEHPT2_ROOT=1,3,6,7,8,10,13
QEHPT2_ROOT=1,3,6,7,8,10,14
QEHPT2_ROOT=1,3,6,7,8,11,12
QEHPT2_ROOT=1,3,6,7,8,11,13
QEHPT2_ROOT=1,3,6,7,8,11,14
QEHPT2_ROOT=1,3,6,7,8,12,13
QEHPT2_ROOT=1,3,6,7,8,12,14
QEHPT2_ROOT=1,3,6,7,8,13,14
QEHPT2_ROOT=1,3,6,7,9,10,11
QEHPT2_ROOT=1,3,6,7,9,10,12
QEHPT2_ROOT=1,3,6,7,9,10,13
QEHPT2_ROOT=1,3,6,7,9,10,14
QEHPT2_ROOT=1,3,6,7,9,11,12
QEHPT2_ROOT=1,3,6,7,9,11,13
QEHPT2_ROOT=1,3,6,7,9,11,14
QEHPT2_ROOT=1,3,6,7,9,12,13
QEHPT2_ROOT=1,3,6,7,9,12,14
QEHPT2_ROOT=1,3,6,7,9,13,14
QEHPT2_ROOT=1,3,6,7,10,11,12
QEHPT2_ROOT=1,3,6,7,10,11,13
QEHPT2_ROOT=1,3,6,7,10,11,14
QEHPT2_ROOT=1,3,6,7,10,12,13
QEHPT2_ROOT=1,3,6,7,10,12,14
QEHPT2_ROOT=1,3,6,7,10,13,14
QEHPT2_ROOT=1,3,6,7,11,12,13
QEHPT2_ROOT=1,3,6,7,11,12,14
QEHPT2_ROOT=1,3,6,7,11,13,14
QEHPT2_ROOT=1,3,6,7,12,13,14
QEHPT2_ROOT=1,3,6,8,9,10,11
QEHPT2_ROOT=1,3,6,8,9,10,12
QEHPT2_ROOT=1,3,6,8,9,10,13
QEHPT2_ROOT=1,3,6,8,9,10,14
QEHPT2_ROOT=1,3,6,8,9,11,12
QEHPT2_ROOT=1,3,6,8,9,11,13
QEHPT2_ROOT=1,3,6,8,9,11,14
QEHPT2_ROOT=1,3,6,8,9,12,13
QEHPT2_ROOT=1,3,6,8,9,12,14
QEHPT2_ROOT=1,3,6,8,9,13,14
QEHPT2_ROOT=1,3,6,8,10,11,12
QEHPT2_ROOT=1,3,6,8,10,11,13
QEHPT2_ROOT=1,3,6,8,10,11,14
QEHPT2_ROOT=1,3,6,8,10,12,13
QEHPT2_ROOT=1,3,6,8,10,12,14
QEHPT2_ROOT=1,3,6,8,10,13,14
QEHPT2_ROOT=1,3,6,8,11,12,13
QEHPT2_ROOT=1,3,6,8,11,12,14
QEHPT2_ROOT=1,3,6,8,11,13,14
QEHPT2_ROOT=1,3,6,8,12,13,14
QEHPT2_ROOT=1,3,6,9,10,11,12
QEHPT2_ROOT=1,3,6,9,10,11,13
QEHPT2_ROOT=1,3,6,9,10,11,14
QEHPT2_ROOT=1,3,6,9,10,12,13
QEHPT2_ROOT=1,3,6,9,10,12,14
QEHPT2_ROOT=1,3,6,9,10,13,14
QEHPT2_ROOT=1,3,6,9,11,12,13
QEHPT2_ROOT=1,3,6,9,11,12,14
QEHPT2_ROOT=1,3,6,9,11,13,14
QEHPT2_ROOT=1,3,6,9,12,13,14
QEHPT2_ROOT=1,3,6,10,11,12,13
QEHPT2_ROOT=1,3,6,10,11,12,14
QEHPT2_ROOT=1,3,6,10,11,13,14
QEHPT2_ROOT=1,3,6,10,12,13,14
QEHPT2_ROOT=1,3,6,11,12,13,14
QEHPT2_ROOT=1,3,7,8,9,10,11
QEHPT2_ROOT=1,3,7,8,9,10,12
QEHPT2_ROOT=1,3,7,8,9,10,13
QEHPT2_ROOT=1,3,7,8,9,10,14
QEHPT2_ROOT=1,3,7,8,9,11,12
QEHPT2_ROOT=1,3,7,8,9,11,13
QEHPT2_ROOT=1,3,7,8,9,11,14
QEHPT2_ROOT=1,3,7,8,9,12,13
QEHPT2_ROOT=1,3,7,8,9,12,14
QEHPT2_ROOT=1,3,7,8,9,13,14
QEHPT2_ROOT=1,3,7,8,10,11,12
QEHPT2_ROOT=1,3,7,8,10,11,13
QEHPT2_ROOT=1,3,7,8,10,11,14
QEHPT2_ROOT=1,3,7,8,10,12,13
QEHPT2_ROOT=1,3,7,8,10,12,14
QEHPT2_ROOT=1,3,7,8,10,13,14
QEHPT2_ROOT=1,3,7,8,11,12,13
QEHPT2_ROOT=1,3,7,8,11,12,14
QEHPT2_ROOT=1,3,7,8,11,13,14
QEHPT2_ROOT=1,3,7,8,12,13,14
QEHPT2_ROOT=1,3,7,9,10,11,12
QEHPT2_ROOT=1,3,7,9,10,11,13
QEHPT2_ROOT=1,3,7,9,10,11,14
QEHPT2_ROOT=1,3,7,9,10,12,13
QEHPT2_ROOT=1,3,7,9,10,12,14
QEHPT2_ROOT=1,3,7,9,10,13,14
QEHPT2_ROOT=1,3,7,9,11,12,13
QEHPT2_ROOT=1,3,7,9,11,12,14
QEHPT2_ROOT=1,3,7,9,11,13,14
QEHPT2_ROOT=1,3,7,9,12,13,14
QEHPT2_ROOT=1,3,7,10,11,12,13
QEHPT2_ROOT=1,3,7,10,11,12,14
QEHPT2_ROOT=1,3,7,10,11,13,14
QEHPT2_ROOT=1,3,7,10,12,13,14
QEHPT2_ROOT=1,3,7,11,12,13,14
QEHPT2_ROOT=1,3,8,9,10,11,12
QEHPT2_ROOT=1,3,8,9,10,11,13
QEHPT2_ROOT=1,3,8,9,10,11,14
QEHPT2_ROOT=1,3,8,9,10,12,13
QEHPT2_ROOT=1,3,8,9,10,12,14
QEHPT2_ROOT=1,3,8,9,10,13,14
QEHPT2_ROOT=1,3,8,9,11,12,13
QEHPT2_ROOT=1,3,8,9,11,12,14
QEHPT2_ROOT=1,3,8,9,11,13,14
QEHPT2_ROOT=1,3,8,9,12,13,14
QEHPT2_ROOT=1,3,8,10,11,12,13
QEHPT2_ROOT=1,3,8,10,11,12,14
QEHPT2_ROOT=1,3,8,10,11,13,14
QEHPT2_ROOT=1,3,8,10,12,13,14
QEHPT2_ROOT=1,3,8,11,12,13,14
QEHPT2_ROOT=1,3,9,10,11,12,13
QEHPT2_ROOT=1,3,9,10,11,12,14
QEHPT2_ROOT=1,3,9,10,11,13,14
QEHPT2_ROOT=1,3,9,10,12,13,14
QEHPT2_ROOT=1,3,9,11,12,13,14
QEHPT2_ROOT=1,3,10,11,12,13,14
QEHPT2_ROOT=1,4,5,6,7,8,9
QEHPT2_ROOT=1,4,5,6,7,8,10
QEHPT2_ROOT=1,4,5,6,7,8,11
QEHPT2_ROOT=1,4,5,6,7,8,12
QEHPT2_ROOT=1,4,5,6,7,8,13
QEHPT2_ROOT=1,4,5,6,7,8,14
QEHPT2_ROOT=1,4,5,6,7,9,10
QEHPT2_ROOT=1,4,5,6,7,9,11
QEHPT2_ROOT=1,4,5,6,7,9,12
QEHPT2_ROOT=1,4,5,6,7,9,13
QEHPT2_ROOT=1,4,5,6,7,9,14
QEHPT2_ROOT=1,4,5,6,7,10,11
QEHPT2_ROOT=1,4,5,6,7,10,12
QEHPT2_ROOT=1,4,5,6,7,10,13
QEHPT2_ROOT=1,4,5,6,7,10,14
QEHPT2_ROOT=1,4,5,6,7,11,12
QEHPT2_ROOT=1,4,5,6,7,11,13
QEHPT2_ROOT=1,4,5,6,7,11,14
QEHPT2_ROOT=1,4,5,6,7,12,13
QEHPT2_ROOT=1,4,5,6,7,12,14
QEHPT2_ROOT=1,4,5,6,7,13,14
QEHPT2_ROOT=1,4,5,6,8,9,10
QEHPT2_ROOT=1,4,5,6,8,9,11
QEHPT2_ROOT=1,4,5,6,8,9,12
QEHPT2_ROOT=1,4,5,6,8,9,13
QEHPT2_ROOT=1,4,5,6,8,9,14
QEHPT2_ROOT=1,4,5,6,8,10,11
QEHPT2_ROOT=1,4,5,6,8,10,12
QEHPT2_ROOT=1,4,5,6,8,10,13
QEHPT2_ROOT=1,4,5,6,8,10,14
QEHPT2_ROOT=1,4,5,6,8,11,12
QEHPT2_ROOT=1,4,5,6,8,11,13
QEHPT2_ROOT=1,4,5,6,8,11,14
QEHPT2_ROOT=1,4,5,6,8,12,13
QEHPT2_ROOT=1,4,5,6,8,12,14
QEHPT2_ROOT=1,4,5,6,8,13,14
QEHPT2_ROOT=1,4,5,6,9,10,11
QEHPT2_ROOT=1,4,5,6,9,10,12
QEHPT2_ROOT=1,4,5,6,9,10,13
QEHPT2_ROOT=1,4,5,6,9,10,14
QEHPT2_ROOT=1,4,5,6,9,11,12
QEHPT2_ROOT=1,4,5,6,9,11,13
QEHPT2_ROOT=1,4,5,6,9,11,14
QEHPT2_ROOT=1,4,5,6,9,12,13
QEHPT2_ROOT=1,4,5,6,9,12,14
QEHPT2_ROOT=1,4,5,6,9,13,14
QEHPT2_ROOT=1,4,5,6,10,11,12
QEHPT2_ROOT=1,4,5,6,10,11,13
QEHPT2_ROOT=1,4,5,6,10,11,14
QEHPT2_ROOT=1,4,5,6,10,12,13
QEHPT2_ROOT=1,4,5,6,10,12,14
QEHPT2_ROOT=1,4,5,6,10,13,14
QEHPT2_ROOT=1,4,5,6,11,12,13
QEHPT2_ROOT=1,4,5,6,11,12,14
QEHPT2_ROOT=1,4,5,6,11,13,14
QEHPT2_ROOT=1,4,5,6,12,13,14
QEHPT2_ROOT=1,4,5,7,8,9,10
QEHPT2_ROOT=1,4,5,7,8,9,11
QEHPT2_ROOT=1,4,5,7,8,9,12
QEHPT2_ROOT=1,4,5,7,8,9,13
QEHPT2_ROOT=1,4,5,7,8,9,14
QEHPT2_ROOT=1,4,5,7,8,10,11
QEHPT2_ROOT=1,4,5,7,8,10,12
QEHPT2_ROOT=1,4,5,7,8,10,13
QEHPT2_ROOT=1,4,5,7,8,10,14
QEHPT2_ROOT=1,4,5,7,8,11,12
QEHPT2_ROOT=1,4,5,7,8,11,13
QEHPT2_ROOT=1,4,5,7,8,11,14
QEHPT2_ROOT=1,4,5,7,8,12,13
QEHPT2_ROOT=1,4,5,7,8,12,14
QEHPT2_ROOT=1,4,5,7,8,13,14
QEHPT2_ROOT=1,4,5,7,9,10,11
QEHPT2_ROOT=1,4,5,7,9,10,12
QEHPT2_ROOT=1,4,5,7,9,10,13
QEHPT2_ROOT=1,4,5,7,9,10,14
QEHPT2_ROOT=1,4,5,7,9,11,12
QEHPT2_ROOT=1,4,5,7,9,11,13
QEHPT2_ROOT=1,4,5,7,9,11,14
QEHPT2_ROOT=1,4,5,7,9,12,13
QEHPT2_ROOT=1,4,5,7,9,12,14
QEHPT2_ROOT=1,4,5,7,9,13,14
QEHPT2_ROOT=1,4,5,7,10,11,12
QEHPT2_ROOT=1,4,5,7,10,11,13
QEHPT2_ROOT=1,4,5,7,10,11,14
QEHPT2_ROOT=1,4,5,7,10,12,13
QEHPT2_ROOT=1,4,5,7,10,12,14
QEHPT2_ROOT=1,4,5,7,10,13,14
QEHPT2_ROOT=1,4,5,7,11,12,13
QEHPT2_ROOT=1,4,5,7,11,12,14
QEHPT2_ROOT=1,4,5,7,11,13,14
QEHPT2_ROOT=1,4,5,7,12,13,14
QEHPT2_ROOT=1,4,5,8,9,10,11
QEHPT2_ROOT=1,4,5,8,9,10,12
QEHPT2_ROOT=1,4,5,8,9,10,13
QEHPT2_ROOT=1,4,5,8,9,10,14
QEHPT2_ROOT=1,4,5,8,9,11,12
QEHPT2_ROOT=1,4,5,8,9,11,13
QEHPT2_ROOT=1,4,5,8,9,11,14
QEHPT2_ROOT=1,4,5,8,9,12,13
QEHPT2_ROOT=1,4,5,8,9,12,14
QEHPT2_ROOT=1,4,5,8,9,13,14
QEHPT2_ROOT=1,4,5,8,10,11,12
QEHPT2_ROOT=1,4,5,8,10,11,13
QEHPT2_ROOT=1,4,5,8,10,11,14
QEHPT2_ROOT=1,4,5,8,10,12,13
QEHPT2_ROOT=1,4,5,8,10,12,14
QEHPT2_ROOT=1,4,5,8,10,13,14
QEHPT2_ROOT=1,4,5,8,11,12,13
QEHPT2_ROOT=1,4,5,8,11,12,14
QEHPT2_ROOT=1,4,5,8,11,13,14
QEHPT2_ROOT=1,4,5,8,12,13,14
QEHPT2_ROOT=1,4,5,9,10,11,12
QEHPT2_ROOT=1,4,5,9,10,11,13
QEHPT2_ROOT=1,4,5,9,10,11,14
QEHPT2_ROOT=1,4,5,9,10,12,13
QEHPT2_ROOT=1,4,5,9,10,12,14
QEHPT2_ROOT=1,4,5,9,10,13,14
QEHPT2_ROOT=1,4,5,9,11,12,13
QEHPT2_ROOT=1,4,5,9,11,12,14
QEHPT2_ROOT=1,4,5,9,11,13,14
QEHPT2_ROOT=1,4,5,9,12,13,14
QEHPT2_ROOT=1,4,5,10,11,12,13
QEHPT2_ROOT=1,4,5,10,11,12,14
QEHPT2_ROOT=1,4,5,10,11,13,14
QEHPT2_ROOT=1,4,5,10,12,13,14
QEHPT2_ROOT=1,4,5,11,12,13,14
QEHPT2_ROOT=1,4,6,7,8,9,10
QEHPT2_ROOT=1,4,6,7,8,9,11
QEHPT2_ROOT=1,4,6,7,8,9,12
QEHPT2_ROOT=1,4,6,7,8,9,13
QEHPT2_ROOT=1,4,6,7,8,9,14
QEHPT2_ROOT=1,4,6,7,8,10,11
QEHPT2_ROOT=1,4,6,7,8,10,12
QEHPT2_ROOT=1,4,6,7,8,10,13
QEHPT2_ROOT=1,4,6,7,8,10,14
QEHPT2_ROOT=1,4,6,7,8,11,12
QEHPT2_ROOT=1,4,6,7,8,11,13
QEHPT2_ROOT=1,4,6,7,8,11,14
QEHPT2_ROOT=1,4,6,7,8,12,13
QEHPT2_ROOT=1,4,6,7,8,12,14
QEHPT2_ROOT=1,4,6,7,8,13,14
QEHPT2_ROOT=1,4,6,7,9,10,11
QEHPT2_ROOT=1,4,6,7,9,10,12
QEHPT2_ROOT=1,4,6,7,9,10,13
QEHPT2_ROOT=1,4,6,7,9,10,14
QEHPT2_ROOT=1,4,6,7,9,11,12
QEHPT2_ROOT=1,4,6,7,9,11,13
QEHPT2_ROOT=1,4,6,7,9,11,14
QEHPT2_ROOT=1,4,6,7,9,12,13
QEHPT2_ROOT=1,4,6,7,9,12,14
QEHPT2_ROOT=1,4,6,7,9,13,14
QEHPT2_ROOT=1,4,6,7,10,11,12
QEHPT2_ROOT=1,4,6,7,10,11,13
QEHPT2_ROOT=1,4,6,7,10,11,14
QEHPT2_ROOT=1,4,6,7,10,12,13
QEHPT2_ROOT=1,4,6,7,10,12,14
QEHPT2_ROOT=1,4,6,7,10,13,14
QEHPT2_ROOT=1,4,6,7,11,12,13
QEHPT2_ROOT=1,4,6,7,11,12,14
QEHPT2_ROOT=1,4,6,7,11,13,14
QEHPT2_ROOT=1,4,6,7,12,13,14
QEHPT2_ROOT=1,4,6,8,9,10,11
QEHPT2_ROOT=1,4,6,8,9,10,12
QEHPT2_ROOT=1,4,6,8,9,10,13
QEHPT2_ROOT=1,4,6,8,9,10,14
QEHPT2_ROOT=1,4,6,8,9,11,12
QEHPT2_ROOT=1,4,6,8,9,11,13
QEHPT2_ROOT=1,4,6,8,9,11,14
QEHPT2_ROOT=1,4,6,8,9,12,13
QEHPT2_ROOT=1,4,6,8,9,12,14
QEHPT2_ROOT=1,4,6,8,9,13,14
QEHPT2_ROOT=1,4,6,8,10,11,12
QEHPT2_ROOT=1,4,6,8,10,11,13
QEHPT2_ROOT=1,4,6,8,10,11,14
QEHPT2_ROOT=1,4,6,8,10,12,13
QEHPT2_ROOT=1,4,6,8,10,12,14
QEHPT2_ROOT=1,4,6,8,10,13,14
QEHPT2_ROOT=1,4,6,8,11,12,13
QEHPT2_ROOT=1,4,6,8,11,12,14
QEHPT2_ROOT=1,4,6,8,11,13,14
QEHPT2_ROOT=1,4,6,8,12,13,14
QEHPT2_ROOT=1,4,6,9,10,11,12
QEHPT2_ROOT=1,4,6,9,10,11,13
QEHPT2_ROOT=1,4,6,9,10,11,14
QEHPT2_ROOT=1,4,6,9,10,12,13
QEHPT2_ROOT=1,4,6,9,10,12,14
QEHPT2_ROOT=1,4,6,9,10,13,14
QEHPT2_ROOT=1,4,6,9,11,12,13
QEHPT2_ROOT=1,4,6,9,11,12,14
QEHPT2_ROOT=1,4,6,9,11,13,14
QEHPT2_ROOT=1,4,6,9,12,13,14
QEHPT2_ROOT=1,4,6,10,11,12,13
QEHPT2_ROOT=1,4,6,10,11,12,14
QEHPT2_ROOT=1,4,6,10,11,13,14
QEHPT2_ROOT=1,4,6,10,12,13,14
QEHPT2_ROOT=1,4,6,11,12,13,14
QEHPT2_ROOT=1,4,7,8,9,10,11
QEHPT2_ROOT=1,4,7,8,9,10,12
QEHPT2_ROOT=1,4,7,8,9,10,13
QEHPT2_ROOT=1,4,7,8,9,10,14
QEHPT2_ROOT=1,4,7,8,9,11,12
QEHPT2_ROOT=1,4,7,8,9,11,13
QEHPT2_ROOT=1,4,7,8,9,11,14
QEHPT2_ROOT=1,4,7,8,9,12,13
QEHPT2_ROOT=1,4,7,8,9,12,14
QEHPT2_ROOT=1,4,7,8,9,13,14
QEHPT2_ROOT=1,4,7,8,10,11,12
QEHPT2_ROOT=1,4,7,8,10,11,13
QEHPT2_ROOT=1,4,7,8,10,11,14
QEHPT2_ROOT=1,4,7,8,10,12,13
QEHPT2_ROOT=1,4,7,8,10,12,14
QEHPT2_ROOT=1,4,7,8,10,13,14
QEHPT2_ROOT=1,4,7,8,11,12,13
QEHPT2_ROOT=1,4,7,8,11,12,14
QEHPT2_ROOT=1,4,7,8,11,13,14
QEHPT2_ROOT=1,4,7,8,12,13,14
QEHPT2_ROOT=1,4,7,9,10,11,12
QEHPT2_ROOT=1,4,7,9,10,11,13
QEHPT2_ROOT=1,4,7,9,10,11,14
QEHPT2_ROOT=1,4,7,9,10,12,13
QEHPT2_ROOT=1,4,7,9,10,12,14
QEHPT2_ROOT=1,4,7,9,10,13,14
QEHPT2_ROOT=1,4,7,9,11,12,13
QEHPT2_ROOT=1,4,7,9,11,12,14
QEHPT2_ROOT=1,4,7,9,11,13,14
QEHPT2_ROOT=1,4,7,9,12,13,14
QEHPT2_ROOT=1,4,7,10,11,12,13
QEHPT2_ROOT=1,4,7,10,11,12,14
QEHPT2_ROOT=1,4,7,10,11,13,14
QEHPT2_ROOT=1,4,7,10,12,13,14
QEHPT2_ROOT=1,4,7,11,12,13,14
QEHPT2_ROOT=1,4,8,9,10,11,12
QEHPT2_ROOT=1,4,8,9,10,11,13
QEHPT2_ROOT=1,4,8,9,10,11,14
QEHPT2_ROOT=1,4,8,9,10,12,13
QEHPT2_ROOT=1,4,8,9,10,12,14
QEHPT2_ROOT=1,4,8,9,10,13,14
QEHPT2_ROOT=1,4,8,9,11,12,13
QEHPT2_ROOT=1,4,8,9,11,12,14
QEHPT2_ROOT=1,4,8,9,11,13,14
QEHPT2_ROOT=1,4,8,9,12,13,14
QEHPT2_ROOT=1,4,8,10,11,12,13
QEHPT2_ROOT=1,4,8,10,11,12,14
QEHPT2_ROOT=1,4,8,10,11,13,14
QEHPT2_ROOT=1,4,8,10,12,13,14
QEHPT2_ROOT=1,4,8,11,12,13,14
QEHPT2_ROOT=1,4,9,10,11,12,13
QEHPT2_ROOT=1,4,9,10,11,12,14
QEHPT2_ROOT=1,4,9,10,11,13,14
QEHPT2_ROOT=1,4,9,10,12,13,14
QEHPT2_ROOT=1,4,9,11,12,13,14
QEHPT2_ROOT=1,4,10,11,12,13,14
QEHPT2_ROOT=1,5,6,7,8,9,10
QEHPT2_ROOT=1,5,6,7,8,9,11
QEHPT2_ROOT=1,5,6,7,8,9,12
QEHPT2_ROOT=1,5,6,7,8,9,13
QEHPT2_ROOT=1,5,6,7,8,9,14
QEHPT2_ROOT=1,5,6,7,8,10,11
QEHPT2_ROOT=1,5,6,7,8,10,12
QEHPT2_ROOT=1,5,6,7,8,10,13
QEHPT2_ROOT=1,5,6,7,8,10,14
QEHPT2_ROOT=1,5,6,7,8,11,12
QEHPT2_ROOT=1,5,6,7,8,11,13
QEHPT2_ROOT=1,5,6,7,8,11,14
QEHPT2_ROOT=1,5,6,7,8,12,13
QEHPT2_ROOT=1,5,6,7,8,12,14
QEHPT2_ROOT=1,5,6,7,8,13,14
QEHPT2_ROOT=1,5,6,7,9,10,11
QEHPT2_ROOT=1,5,6,7,9,10,12
QEHPT2_ROOT=1,5,6,7,9,10,13
QEHPT2_ROOT=1,5,6,7,9,10,14
QEHPT2_ROOT=1,5,6,7,9,11,12
QEHPT2_ROOT=1,5,6,7,9,11,13
QEHPT2_ROOT=1,5,6,7,9,11,14
QEHPT2_ROOT=1,5,6,7,9,12,13
QEHPT2_ROOT=1,5,6,7,9,12,14
QEHPT2_ROOT=1,5,6,7,9,13,14
QEHPT2_ROOT=1,5,6,7,10,11,12
QEHPT2_ROOT=1,5,6,7,10,11,13
QEHPT2_ROOT=1,5,6,7,10,11,14
QEHPT2_ROOT=1,5,6,7,10,12,13
QEHPT2_ROOT=1,5,6,7,10,12,14
QEHPT2_ROOT=1,5,6,7,10,13,14
QEHPT2_ROOT=1,5,6,7,11,12,13
QEHPT2_ROOT=1,5,6,7,11,12,14
QEHPT2_ROOT=1,5,6,7,11,13,14
QEHPT2_ROOT=1,5,6,7,12,13,14
QEHPT2_ROOT=1,5,6,8,9,10,11
QEHPT2_ROOT=1,5,6,8,9,10,12
QEHPT2_ROOT=1,5,6,8,9,10,13
QEHPT2_ROOT=1,5,6,8,9,10,14
QEHPT2_ROOT=1,5,6,8,9,11,12
QEHPT2_ROOT=1,5,6,8,9,11,13
QEHPT2_ROOT=1,5,6,8,9,11,14
QEHPT2_ROOT=1,5,6,8,9,12,13
QEHPT2_ROOT=1,5,6,8,9,12,14
QEHPT2_ROOT=1,5,6,8,9,13,14
QEHPT2_ROOT=1,5,6,8,10,11,12
QEHPT2_ROOT=1,5,6,8,10,11,13
QEHPT2_ROOT=1,5,6,8,10,11,14
QEHPT2_ROOT=1,5,6,8,10,12,13
QEHPT2_ROOT=1,5,6,8,10,12,14
QEHPT2_ROOT=1,5,6,8,10,13,14
QEHPT2_ROOT=1,5,6,8,11,12,13
QEHPT2_ROOT=1,5,6,8,11,12,14
QEHPT2_ROOT=1,5,6,8,11,13,14
QEHPT2_ROOT=1,5,6,8,12,13,14
QEHPT2_ROOT=1,5,6,9,10,11,12
QEHPT2_ROOT=1,5,6,9,10,11,13
QEHPT2_ROOT=1,5,6,9,10,11,14
QEHPT2_ROOT=1,5,6,9,10,12,13
QEHPT2_ROOT=1,5,6,9,10,12,14
QEHPT2_ROOT=1,5,6,9,10,13,14
QEHPT2_ROOT=1,5,6,9,11,12,13
QEHPT2_ROOT=1,5,6,9,11,12,14
QEHPT2_ROOT=1,5,6,9,11,13,14
QEHPT2_ROOT=1,5,6,9,12,13,14
QEHPT2_ROOT=1,5,6,10,11,12,13
QEHPT2_ROOT=1,5,6,10,11,12,14
QEHPT2_ROOT=1,5,6,10,11,13,14
QEHPT2_ROOT=1,5,6,10,12,13,14
QEHPT2_ROOT=1,5,6,11,12,13,14
QEHPT2_ROOT=1,5,7,8,9,10,11
QEHPT2_ROOT=1,5,7,8,9,10,12
QEHPT2_ROOT=1,5,7,8,9,10,13
QEHPT2_ROOT=1,5,7,8,9,10,14
QEHPT2_ROOT=1,5,7,8,9,11,12
QEHPT2_ROOT=1,5,7,8,9,11,13
QEHPT2_ROOT=1,5,7,8,9,11,14
QEHPT2_ROOT=1,5,7,8,9,12,13
QEHPT2_ROOT=1,5,7,8,9,12,14
QEHPT2_ROOT=1,5,7,8,9,13,14
QEHPT2_ROOT=1,5,7,8,10,11,12
QEHPT2_ROOT=1,5,7,8,10,11,13
QEHPT2_ROOT=1,5,7,8,10,11,14
QEHPT2_ROOT=1,5,7,8,10,12,13
QEHPT2_ROOT=1,5,7,8,10,12,14
QEHPT2_ROOT=1,5,7,8,10,13,14
QEHPT2_ROOT=1,5,7,8,11,12,13
QEHPT2_ROOT=1,5,7,8,11,12,14
QEHPT2_ROOT=1,5,7,8,11,13,14
QEHPT2_ROOT=1,5,7,8,12,13,14
QEHPT2_ROOT=1,5,7,9,10,11,12
QEHPT2_ROOT=1,5,7,9,10,11,13
QEHPT2_ROOT=1,5,7,9,10,11,14
QEHPT2_ROOT=1,5,7,9,10,12,13
QEHPT2_ROOT=1,5,7,9,10,12,14
QEHPT2_ROOT=1,5,7,9,10,13,14
QEHPT2_ROOT=1,5,7,9,11,12,13
QEHPT2_ROOT=1,5,7,9,11,12,14
QEHPT2_ROOT=1,5,7,9,11,13,14
QEHPT2_ROOT=1,5,7,9,12,13,14
QEHPT2_ROOT=1,5,7,10,11,12,13
QEHPT2_ROOT=1,5,7,10,11,12,14
QEHPT2_ROOT=1,5,7,10,11,13,14
QEHPT2_ROOT=1,5,7,10,12,13,14
QEHPT2_ROOT=1,5,7,11,12,13,14
QEHPT2_ROOT=1,5,8,9,10,11,12
QEHPT2_ROOT=1,5,8,9,10,11,13
QEHPT2_ROOT=1,5,8,9,10,11,14
QEHPT2_ROOT=1,5,8,9,10,12,13
QEHPT2_ROOT=1,5,8,9,10,12,14
QEHPT2_ROOT=1,5,8,9,10,13,14
QEHPT2_ROOT=1,5,8,9,11,12,13
QEHPT2_ROOT=1,5,8,9,11,12,14
QEHPT2_ROOT=1,5,8,9,11,13,14
QEHPT2_ROOT=1,5,8,9,12,13,14
QEHPT2_ROOT=1,5,8,10,11,12,13
QEHPT2_ROOT=1,5,8,10,11,12,14
QEHPT2_ROOT=1,5,8,10,11,13,14
QEHPT2_ROOT=1,5,8,10,12,13,14
QEHPT2_ROOT=1,5,8,11,12,13,14
QEHPT2_ROOT=1,5,9,10,11,12,13
QEHPT2_ROOT=1,5,9,10,11,12,14
QEHPT2_ROOT=1,5,9,10,11,13,14
QEHPT2_ROOT=1,5,9,10,12,13,14
QEHPT2_ROOT=1,5,9,11,12,13,14
QEHPT2_ROOT=1,5,10,11,12,13,14
QEHPT2_ROOT=1,6,7,8,9,10,11
QEHPT2_ROOT=1,6,7,8,9,10,12
QEHPT2_ROOT=1,6,7,8,9,10,13
QEHPT2_ROOT=1,6,7,8,9,10,14
QEHPT2_ROOT=1,6,7,8,9,11,12
QEHPT2_ROOT=1,6,7,8,9,11,13
QEHPT2_ROOT=1,6,7,8,9,11,14
QEHPT2_ROOT=1,6,7,8,9,12,13
QEHPT2_ROOT=1,6,7,8,9,12,14
QEHPT2_ROOT=1,6,7,8,9,13,14
QEHPT2_ROOT=1,6,7,8,10,11,12
QEHPT2_ROOT=1,6,7,8,10,11,13
QEHPT2_ROOT=1,6,7,8,10,11,14
QEHPT2_ROOT=1,6,7,8,10,12,13
QEHPT2_ROOT=1,6,7,8,10,12,14
QEHPT2_ROOT=1,6,7,8,10,13,14
QEHPT2_ROOT=1,6,7,8,11,12,13
QEHPT2_ROOT=1,6,7,8,11,12,14
QEHPT2_ROOT=1,6,7,8,11,13,14
QEHPT2_ROOT=1,6,7,8,12,13,14
QEHPT2_ROOT=1,6,7,9,10,11,12
QEHPT2_ROOT=1,6,7,9,10,11,13
QEHPT2_ROOT=1,6,7,9,10,11,14
QEHPT2_ROOT=1,6,7,9,10,12,13
QEHPT2_ROOT=1,6,7,9,10,12,14
QEHPT2_ROOT=1,6,7,9,10,13,14
QEHPT2_ROOT=1,6,7,9,11,12,13
QEHPT2_ROOT=1,6,7,9,11,12,14
QEHPT2_ROOT=1,6,7,9,11,13,14
QEHPT2_ROOT=1,6,7,9,12,13,14
QEHPT2_ROOT=1,6,7,10,11,12,13
QEHPT2_ROOT=1,6,7,10,11,12,14
QEHPT2_ROOT=1,6,7,10,11,13,14
QEHPT2_ROOT=1,6,7,10,12,13,14
QEHPT2_ROOT=1,6,7,11,12,13,14
QEHPT2_ROOT=1,6,8,9,10,11,12
QEHPT2_ROOT=1,6,8,9,10,11,13
QEHPT2_ROOT=1,6,8,9,10,11,14
QEHPT2_ROOT=1,6,8,9,10,12,13
QEHPT2_ROOT=1,6,8,9,10,12,14
QEHPT2_ROOT=1,6,8,9,10,13,14
QEHPT2_ROOT=1,6,8,9,11,12,13
QEHPT2_ROOT=1,6,8,9,11,12,14
QEHPT2_ROOT=1,6,8,9,11,13,14
QEHPT2_ROOT=1,6,8,9,12,13,14
QEHPT2_ROOT=1,6,8,10,11,12,13
QEHPT2_ROOT=1,6,8,10,11,12,14
QEHPT2_ROOT=1,6,8,10,11,13,14
QEHPT2_ROOT=1,6,8,10,12,13,14
QEHPT2_ROOT=1,6,8,11,12,13,14
QEHPT2_ROOT=1,6,9,10,11,12,13
QEHPT2_ROOT=1,6,9,10,11,12,14
QEHPT2_ROOT=1,6,9,10,11,13,14
QEHPT2_ROOT=1,6,9,10,12,13,14
QEHPT2_ROOT=1,6,9,11,12,13,14
QEHPT2_ROOT=1,6,10,11,12,13,14
QEHPT2_ROOT=1,7,8,9,10,11,12
QEHPT2_ROOT=1,7,8,9,10,11,13
QEHPT2_ROOT=1,7,8,9,10,11,14
QEHPT2_ROOT=1,7,8,9,10,12,13
QEHPT2_ROOT=1,7,8,9,10,12,14
QEHPT2_ROOT=1,7,8,9,10,13,14
QEHPT2_ROOT=1,7,8,9,11,12,13
QEHPT2_ROOT=1,7,8,9,11,12,14
QEHPT2_ROOT=1,7,8,9,11,13,14
QEHPT2_ROOT=1,7,8,9,12,13,14
QEHPT2_ROOT=1,7,8,10,11,12,13
QEHPT2_ROOT=1,7,8,10,11,12,14
QEHPT2_ROOT=1,7,8,10,11,13,14
QEHPT2_ROOT=1,7,8,10,12,13,14
QEHPT2_ROOT=1,7,8,11,12,13,14
QEHPT2_ROOT=1,7,9,10,11,12,13
QEHPT2_ROOT=1,7,9,10,11,12,14
QEHPT2_ROOT=1,7,9,10,11,13,14
QEHPT2_ROOT=1,7,9,10,12,13,14
QEHPT2_ROOT=1,7,9,11,12,13,14
QEHPT2_ROOT=1,7,10,11,12,13,14
QEHPT2_ROOT=1,8,9,10,11,12,13
QEHPT2_ROOT=1,8,9,10,11,12,14
QEHPT2_ROOT=1,8,9,10,11,13,14
QEHPT2_ROOT=1,8,9,10,12,13,14
QEHPT2_ROOT=1,8,9,11,12,13,14
QEHPT2_ROOT=1,8,10,11,12,13,14
QEHPT2_ROOT=1,9,10,11,12,13,14
QEHPT2_ROOT=2,3,4,5,6,7,8
QEHPT2_ROOT=2,3,4,5,6,7,9
QEHPT2_ROOT=2,3,4,5,6,7,10
QEHPT2_ROOT=2,3,4,5,6,7,11
QEHPT2_ROOT=2,3,4,5,6,7,12
QEHPT2_ROOT=2,3,4,5,6,7,13
QEHPT2_ROOT=2,3,4,5,6,7,14
QEHPT2_ROOT=2,3,4,5,6,8,9
QEHPT2_ROOT=2,3,4,5,6,8,10
QEHPT2_ROOT=2,3,4,5,6,8,11
QEHPT2_ROOT=2,3,4,5,6,8,12
QEHPT2_ROOT=2,3,4,5,6,8,13
QEHPT2_ROOT=2,3,4,5,6,8,14
QEHPT2_ROOT=2,3,4,5,6,9,10
QEHPT2_ROOT=2,3,4,5,6,9,11
QEHPT2_ROOT=2,3,4,5,6,9,12
QEHPT2_ROOT=2,3,4,5,6,9,13
QEHPT2_ROOT=2,3,4,5,6,9,14
QEHPT2_ROOT=2,3,4,5,6,10,11
QEHPT2_ROOT=2,3,4,5,6,10,12
QEHPT2_ROOT=2,3,4,5,6,10,13
QEHPT2_ROOT=2,3,4,5,6,10,14
QEHPT2_ROOT=2,3,4,5,6,11,12
QEHPT2_ROOT=2,3,4,5,6,11,13
QEHPT2_ROOT=2,3,4,5,6,11,14
QEHPT2_ROOT=2,3,4,5,6,12,13
QEHPT2_ROOT=2,3,4,5,6,12,14
QEHPT2_ROOT=2,3,4,5,6,13,14
QEHPT2_ROOT=2,3,4,5,7,8,9
QEHPT2_ROOT=2,3,4,5,7,8,10
QEHPT2_ROOT=2,3,4,5,7,8,11
QEHPT2_ROOT=2,3,4,5,7,8,12
QEHPT2_ROOT=2,3,4,5,7,8,13
QEHPT2_ROOT=2,3,4,5,7,8,14
QEHPT2_ROOT=2,3,4,5,7,9,10
QEHPT2_ROOT=2,3,4,5,7,9,11
QEHPT2_ROOT=2,3,4,5,7,9,12
QEHPT2_ROOT=2,3,4,5,7,9,13
QEHPT2_ROOT=2,3,4,5,7,9,14
QEHPT2_ROOT=2,3,4,5,7,10,11
QEHPT2_ROOT=2,3,4,5,7,10,12
QEHPT2_ROOT=2,3,4,5,7,10,13
QEHPT2_ROOT=2,3,4,5,7,10,14
QEHPT2_ROOT=2,3,4,5,7,11,12
QEHPT2_ROOT=2,3,4,5,7,11,13
QEHPT2_ROOT=2,3,4,5,7,11,14
QEHPT2_ROOT=2,3,4,5,7,12,13
QEHPT2_ROOT=2,3,4,5,7,12,14
QEHPT2_ROOT=2,3,4,5,7,13,14
QEHPT2_ROOT=2,3,4,5,8,9,10
QEHPT2_ROOT=2,3,4,5,8,9,11
QEHPT2_ROOT=2,3,4,5,8,9,12
QEHPT2_ROOT=2,3,4,5,8,9,13
QEHPT2_ROOT=2,3,4,5,8,9,14
QEHPT2_ROOT=2,3,4,5,8,10,11
QEHPT2_ROOT=2,3,4,5,8,10,12
QEHPT2_ROOT=2,3,4,5,8,10,13
QEHPT2_ROOT=2,3,4,5,8,10,14
QEHPT2_ROOT=2,3,4,5,8,11,12
QEHPT2_ROOT=2,3,4,5,8,11,13
QEHPT2_ROOT=2,3,4,5,8,11,14
QEHPT2_ROOT=2,3,4,5,8,12,13
QEHPT2_ROOT=2,3,4,5,8,12,14
QEHPT2_ROOT=2,3,4,5,8,13,14
QEHPT2_ROOT=2,3,4,5,9,10,11
QEHPT2_ROOT=2,3,4,5,9,10,12
QEHPT2_ROOT=2,3,4,5,9,10,13
QEHPT2_ROOT=2,3,4,5,9,10,14
QEHPT2_ROOT=2,3,4,5,9,11,12
QEHPT2_ROOT=2,3,4,5,9,11,13
QEHPT2_ROOT=2,3,4,5,9,11,14
QEHPT2_ROOT=2,3,4,5,9,12,13
QEHPT2_ROOT=2,3,4,5,9,12,14
QEHPT2_ROOT=2,3,4,5,9,13,14
QEHPT2_ROOT=2,3,4,5,10,11,12
QEHPT2_ROOT=2,3,4,5,10,11,13
QEHPT2_ROOT=2,3,4,5,10,11,14
QEHPT2_ROOT=2,3,4,5,10,12,13
QEHPT2_ROOT=2,3,4,5,10,12,14
QEHPT2_ROOT=2,3,4,5,10,13,14
QEHPT2_ROOT=2,3,4,5,11,12,13
QEHPT2_ROOT=2,3,4,5,11,12,14
QEHPT2_ROOT=2,3,4,5,11,13,14
QEHPT2_ROOT=2,3,4,5,12,13,14
QEHPT2_ROOT=2,3,4,6,7,8,9
QEHPT2_ROOT=2,3,4,6,7,8,10
QEHPT2_ROOT=2,3,4,6,7,8,11
QEHPT2_ROOT=2,3,4,6,7,8,12
QEHPT2_ROOT=2,3,4,6,7,8,13
QEHPT2_ROOT=2,3,4,6,7,8,14
QEHPT2_ROOT=2,3,4,6,7,9,10
QEHPT2_ROOT=2,3,4,6,7,9,11
QEHPT2_ROOT=2,3,4,6,7,9,12
QEHPT2_ROOT=2,3,4,6,7,9,13
QEHPT2_ROOT=2,3,4,6,7,9,14
QEHPT2_ROOT=2,3,4,6,7,10,11
QEHPT2_ROOT=2,3,4,6,7,10,12
QEHPT2_ROOT=2,3,4,6,7,10,13
QEHPT2_ROOT=2,3,4,6,7,10,14
QEHPT2_ROOT=2,3,4,6,7,11,12
QEHPT2_ROOT=2,3,4,6,7,11,13
QEHPT2_ROOT=2,3,4,6,7,11,14
QEHPT2_ROOT=2,3,4,6,7,12,13
QEHPT2_ROOT=2,3,4,6,7,12,14
QEHPT2_ROOT=2,3,4,6,7,13,14
QEHPT2_ROOT=2,3,4,6,8,9,10
QEHPT2_ROOT=2,3,4,6,8,9,11
QEHPT2_ROOT=2,3,4,6,8,9,12
QEHPT2_ROOT=2,3,4,6,8,9,13
QEHPT2_ROOT=2,3,4,6,8,9,14
QEHPT2_ROOT=2,3,4,6,8,10,11
QEHPT2_ROOT=2,3,4,6,8,10,12
QEHPT2_ROOT=2,3,4,6,8,10,13
QEHPT2_ROOT=2,3,4,6,8,10,14
QEHPT2_ROOT=2,3,4,6,8,11,12
QEHPT2_ROOT=2,3,4,6,8,11,13
QEHPT2_ROOT=2,3,4,6,8,11,14
QEHPT2_ROOT=2,3,4,6,8,12,13
QEHPT2_ROOT=2,3,4,6,8,12,14
QEHPT2_ROOT=2,3,4,6,8,13,14
QEHPT2_ROOT=2,3,4,6,9,10,11
QEHPT2_ROOT=2,3,4,6,9,10,12
QEHPT2_ROOT=2,3,4,6,9,10,13
QEHPT2_ROOT=2,3,4,6,9,10,14
QEHPT2_ROOT=2,3,4,6,9,11,12
QEHPT2_ROOT=2,3,4,6,9,11,13
QEHPT2_ROOT=2,3,4,6,9,11,14
QEHPT2_ROOT=2,3,4,6,9,12,13
QEHPT2_ROOT=2,3,4,6,9,12,14
QEHPT2_ROOT=2,3,4,6,9,13,14
QEHPT2_ROOT=2,3,4,6,10,11,12
QEHPT2_ROOT=2,3,4,6,10,11,13
QEHPT2_ROOT=2,3,4,6,10,11,14
QEHPT2_ROOT=2,3,4,6,10,12,13
QEHPT2_ROOT=2,3,4,6,10,12,14
QEHPT2_ROOT=2,3,4,6,10,13,14
QEHPT2_ROOT=2,3,4,6,11,12,13
QEHPT2_ROOT=2,3,4,6,11,12,14
QEHPT2_ROOT=2,3,4,6,11,13,14
QEHPT2_ROOT=2,3,4,6,12,13,14
QEHPT2_ROOT=2,3,4,7,8,9,10
QEHPT2_ROOT=2,3,4,7,8,9,11
QEHPT2_ROOT=2,3,4,7,8,9,12
QEHPT2_ROOT=2,3,4,7,8,9,13
QEHPT2_ROOT=2,3,4,7,8,9,14
QEHPT2_ROOT=2,3,4,7,8,10,11
QEHPT2_ROOT=2,3,4,7,8,10,12
QEHPT2_ROOT=2,3,4,7,8,10,13
QEHPT2_ROOT=2,3,4,7,8,10,14
QEHPT2_ROOT=2,3,4,7,8,11,12
QEHPT2_ROOT=2,3,4,7,8,11,13
QEHPT2_ROOT=2,3,4,7,8,11,14
QEHPT2_ROOT=2,3,4,7,8,12,13
QEHPT2_ROOT=2,3,4,7,8,12,14
QEHPT2_ROOT=2,3,4,7,8,13,14
QEHPT2_ROOT=2,3,4,7,9,10,11
QEHPT2_ROOT=2,3,4,7,9,10,12
QEHPT2_ROOT=2,3,4,7,9,10,13
QEHPT2_ROOT=2,3,4,7,9,10,14
QEHPT2_ROOT=2,3,4,7,9,11,12
QEHPT2_ROOT=2,3,4,7,9,11,13
QEHPT2_ROOT=2,3,4,7,9,11,14
QEHPT2_ROOT=2,3,4,7,9,12,13
QEHPT2_ROOT=2,3,4,7,9,12,14
QEHPT2_ROOT=2,3,4,7,9,13,14
QEHPT2_ROOT=2,3,4,7,10,11,12
QEHPT2_ROOT=2,3,4,7,10,11,13
QEHPT2_ROOT=2,3,4,7,10,11,14
QEHPT2_ROOT=2,3,4,7,10,12,13
QEHPT2_ROOT=2,3,4,7,10,12,14
QEHPT2_ROOT=2,3,4,7,10,13,14
QEHPT2_ROOT=2,3,4,7,11,12,13
QEHPT2_ROOT=2,3,4,7,11,12,14
QEHPT2_ROOT=2,3,4,7,11,13,14
QEHPT2_ROOT=2,3,4,7,12,13,14
QEHPT2_ROOT=2,3,4,8,9,10,11
QEHPT2_ROOT=2,3,4,8,9,10,12
QEHPT2_ROOT=2,3,4,8,9,10,13
QEHPT2_ROOT=2,3,4,8,9,10,14
QEHPT2_ROOT=2,3,4,8,9,11,12
QEHPT2_ROOT=2,3,4,8,9,11,13
QEHPT2_ROOT=2,3,4,8,9,11,14
QEHPT2_ROOT=2,3,4,8,9,12,13
QEHPT2_ROOT=2,3,4,8,9,12,14
QEHPT2_ROOT=2,3,4,8,9,13,14
QEHPT2_ROOT=2,3,4,8,10,11,12
QEHPT2_ROOT=2,3,4,8,10,11,13
QEHPT2_ROOT=2,3,4,8,10,11,14
QEHPT2_ROOT=2,3,4,8,10,12,13
QEHPT2_ROOT=2,3,4,8,10,12,14
QEHPT2_ROOT=2,3,4,8,10,13,14
QEHPT2_ROOT=2,3,4,8,11,12,13
QEHPT2_ROOT=2,3,4,8,11,12,14
QEHPT2_ROOT=2,3,4,8,11,13,14
QEHPT2_ROOT=2,3,4,8,12,13,14
QEHPT2_ROOT=2,3,4,9,10,11,12
QEHPT2_ROOT=2,3,4,9,10,11,13
QEHPT2_ROOT=2,3,4,9,10,11,14
QEHPT2_ROOT=2,3,4,9,10,12,13
QEHPT2_ROOT=2,3,4,9,10,12,14
QEHPT2_ROOT=2,3,4,9,10,13,14
QEHPT2_ROOT=2,3,4,9,11,12,13
QEHPT2_ROOT=2,3,4,9,11,12,14
QEHPT2_ROOT=2,3,4,9,11,13,14
QEHPT2_ROOT=2,3,4,9,12,13,14
QEHPT2_ROOT=2,3,4,10,11,12,13
QEHPT2_ROOT=2,3,4,10,11,12,14
QEHPT2_ROOT=2,3,4,10,11,13,14
QEHPT2_ROOT=2,3,4,10,12,13,14
QEHPT2_ROOT=2,3,4,11,12,13,14
QEHPT2_ROOT=2,3,5,6,7,8,9
QEHPT2_ROOT=2,3,5,6,7,8,10
QEHPT2_ROOT=2,3,5,6,7,8,11
QEHPT2_ROOT=2,3,5,6,7,8,12
QEHPT2_ROOT=2,3,5,6,7,8,13
QEHPT2_ROOT=2,3,5,6,7,8,14
QEHPT2_ROOT=2,3,5,6,7,9,10
QEHPT2_ROOT=2,3,5,6,7,9,11
QEHPT2_ROOT=2,3,5,6,7,9,12
QEHPT2_ROOT=2,3,5,6,7,9,13
QEHPT2_ROOT=2,3,5,6,7,9,14
QEHPT2_ROOT=2,3,5,6,7,10,11
QEHPT2_ROOT=2,3,5,6,7,10,12
QEHPT2_ROOT=2,3,5,6,7,10,13
QEHPT2_ROOT=2,3,5,6,7,10,14
QEHPT2_ROOT=2,3,5,6,7,11,12
QEHPT2_ROOT=2,3,5,6,7,11,13
QEHPT2_ROOT=2,3,5,6,7,11,14
QEHPT2_ROOT=2,3,5,6,7,12,13
QEHPT2_ROOT=2,3,5,6,7,12,14
QEHPT2_ROOT=2,3,5,6,7,13,14
QEHPT2_ROOT=2,3,5,6,8,9,10
QEHPT2_ROOT=2,3,5,6,8,9,11
QEHPT2_ROOT=2,3,5,6,8,9,12
QEHPT2_ROOT=2,3,5,6,8,9,13
QEHPT2_ROOT=2,3,5,6,8,9,14
QEHPT2_ROOT=2,3,5,6,8,10,11
QEHPT2_ROOT=2,3,5,6,8,10,12
QEHPT2_ROOT=2,3,5,6,8,10,13
QEHPT2_ROOT=2,3,5,6,8,10,14
QEHPT2_ROOT=2,3,5,6,8,11,12
QEHPT2_ROOT=2,3,5,6,8,11,13
QEHPT2_ROOT=2,3,5,6,8,11,14
QEHPT2_ROOT=2,3,5,6,8,12,13
QEHPT2_ROOT=2,3,5,6,8,12,14
QEHPT2_ROOT=2,3,5,6,8,13,14
QEHPT2_ROOT=2,3,5,6,9,10,11
QEHPT2_ROOT=2,3,5,6,9,10,12
QEHPT2_ROOT=2,3,5,6,9,10,13
QEHPT2_ROOT=2,3,5,6,9,10,14
QEHPT2_ROOT=2,3,5,6,9,11,12
QEHPT2_ROOT=2,3,5,6,9,11,13
QEHPT2_ROOT=2,3,5,6,9,11,14
QEHPT2_ROOT=2,3,5,6,9,12,13
QEHPT2_ROOT=2,3,5,6,9,12,14
QEHPT2_ROOT=2,3,5,6,9,13,14
QEHPT2_ROOT=2,3,5,6,10,11,12
QEHPT2_ROOT=2,3,5,6,10,11,13
QEHPT2_ROOT=2,3,5,6,10,11,14
QEHPT2_ROOT=2,3,5,6,10,12,13
QEHPT2_ROOT=2,3,5,6,10,12,14
QEHPT2_ROOT=2,3,5,6,10,13,14
QEHPT2_ROOT=2,3,5,6,11,12,13
QEHPT2_ROOT=2,3,5,6,11,12,14
QEHPT2_ROOT=2,3,5,6,11,13,14
QEHPT2_ROOT=2,3,5,6,12,13,14
QEHPT2_ROOT=2,3,5,7,8,9,10
QEHPT2_ROOT=2,3,5,7,8,9,11
QEHPT2_ROOT=2,3,5,7,8,9,12
QEHPT2_ROOT=2,3,5,7,8,9,13
QEHPT2_ROOT=2,3,5,7,8,9,14
QEHPT2_ROOT=2,3,5,7,8,10,11
QEHPT2_ROOT=2,3,5,7,8,10,12
QEHPT2_ROOT=2,3,5,7,8,10,13
QEHPT2_ROOT=2,3,5,7,8,10,14
QEHPT2_ROOT=2,3,5,7,8,11,12
QEHPT2_ROOT=2,3,5,7,8,11,13
QEHPT2_ROOT=2,3,5,7,8,11,14
QEHPT2_ROOT=2,3,5,7,8,12,13
QEHPT2_ROOT=2,3,5,7,8,12,14
QEHPT2_ROOT=2,3,5,7,8,13,14
QEHPT2_ROOT=2,3,5,7,9,10,11
QEHPT2_ROOT=2,3,5,7,9,10,12
QEHPT2_ROOT=2,3,5,7,9,10,13
QEHPT2_ROOT=2,3,5,7,9,10,14
QEHPT2_ROOT=2,3,5,7,9,11,12
QEHPT2_ROOT=2,3,5,7,9,11,13
QEHPT2_ROOT=2,3,5,7,9,11,14
QEHPT2_ROOT=2,3,5,7,9,12,13
QEHPT2_ROOT=2,3,5,7,9,12,14
QEHPT2_ROOT=2,3,5,7,9,13,14
QEHPT2_ROOT=2,3,5,7,10,11,12
QEHPT2_ROOT=2,3,5,7,10,11,13
QEHPT2_ROOT=2,3,5,7,10,11,14
QEHPT2_ROOT=2,3,5,7,10,12,13
QEHPT2_ROOT=2,3,5,7,10,12,14
QEHPT2_ROOT=2,3,5,7,10,13,14
QEHPT2_ROOT=2,3,5,7,11,12,13
QEHPT2_ROOT=2,3,5,7,11,12,14
QEHPT2_ROOT=2,3,5,7,11,13,14
QEHPT2_ROOT=2,3,5,7,12,13,14
QEHPT2_ROOT=2,3,5,8,9,10,11
QEHPT2_ROOT=2,3,5,8,9,10,12
QEHPT2_ROOT=2,3,5,8,9,10,13
QEHPT2_ROOT=2,3,5,8,9,10,14
QEHPT2_ROOT=2,3,5,8,9,11,12
QEHPT2_ROOT=2,3,5,8,9,11,13
QEHPT2_ROOT=2,3,5,8,9,11,14
QEHPT2_ROOT=2,3,5,8,9,12,13
QEHPT2_ROOT=2,3,5,8,9,12,14
QEHPT2_ROOT=2,3,5,8,9,13,14
QEHPT2_ROOT=2,3,5,8,10,11,12
QEHPT2_ROOT=2,3,5,8,10,11,13
QEHPT2_ROOT=2,3,5,8,10,11,14
QEHPT2_ROOT=2,3,5,8,10,12,13
QEHPT2_ROOT=2,3,5,8,10,12,14
QEHPT2_ROOT=2,3,5,8,10,13,14
QEHPT2_ROOT=2,3,5,8,11,12,13
QEHPT2_ROOT=2,3,5,8,11,12,14
QEHPT2_ROOT=2,3,5,8,11,13,14
QEHPT2_ROOT=2,3,5,8,12,13,14
QEHPT2_ROOT=2,3,5,9,10,11,12
QEHPT2_ROOT=2,3,5,9,10,11,13
QEHPT2_ROOT=2,3,5,9,10,11,14
QEHPT2_ROOT=2,3,5,9,10,12,13
QEHPT2_ROOT=2,3,5,9,10,12,14
QEHPT2_ROOT=2,3,5,9,10,13,14
QEHPT2_ROOT=2,3,5,9,11,12,13
QEHPT2_ROOT=2,3,5,9,11,12,14
QEHPT2_ROOT=2,3,5,9,11,13,14
QEHPT2_ROOT=2,3,5,9,12,13,14
QEHPT2_ROOT=2,3,5,10,11,12,13
QEHPT2_ROOT=2,3,5,10,11,12,14
QEHPT2_ROOT=2,3,5,10,11,13,14
QEHPT2_ROOT=2,3,5,10,12,13,14
QEHPT2_ROOT=2,3,5,11,12,13,14
QEHPT2_ROOT=2,3,6,7,8,9,10
QEHPT2_ROOT=2,3,6,7,8,9,11
QEHPT2_ROOT=2,3,6,7,8,9,12
QEHPT2_ROOT=2,3,6,7,8,9,13
QEHPT2_ROOT=2,3,6,7,8,9,14
QEHPT2_ROOT=2,3,6,7,8,10,11
QEHPT2_ROOT=2,3,6,7,8,10,12
QEHPT2_ROOT=2,3,6,7,8,10,13
QEHPT2_ROOT=2,3,6,7,8,10,14
QEHPT2_ROOT=2,3,6,7,8,11,12
QEHPT2_ROOT=2,3,6,7,8,11,13
QEHPT2_ROOT=2,3,6,7,8,11,14
QEHPT2_ROOT=2,3,6,7,8,12,13
QEHPT2_ROOT=2,3,6,7,8,12,14
QEHPT2_ROOT=2,3,6,7,8,13,14
QEHPT2_ROOT=2,3,6,7,9,10,11
QEHPT2_ROOT=2,3,6,7,9,10,12
QEHPT2_ROOT=2,3,6,7,9,10,13
QEHPT2_ROOT=2,3,6,7,9,10,14
QEHPT2_ROOT=2,3,6,7,9,11,12
QEHPT2_ROOT=2,3,6,7,9,11,13
QEHPT2_ROOT=2,3,6,7,9,11,14
QEHPT2_ROOT=2,3,6,7,9,12,13
QEHPT2_ROOT=2,3,6,7,9,12,14
QEHPT2_ROOT=2,3,6,7,9,13,14
QEHPT2_ROOT=2,3,6,7,10,11,12
QEHPT2_ROOT=2,3,6,7,10,11,13
QEHPT2_ROOT=2,3,6,7,10,11,14
QEHPT2_ROOT=2,3,6,7,10,12,13
QEHPT2_ROOT=2,3,6,7,10,12,14
QEHPT2_ROOT=2,3,6,7,10,13,14
QEHPT2_ROOT=2,3,6,7,11,12,13
QEHPT2_ROOT=2,3,6,7,11,12,14
QEHPT2_ROOT=2,3,6,7,11,13,14
QEHPT2_ROOT=2,3,6,7,12,13,14
QEHPT2_ROOT=2,3,6,8,9,10,11
QEHPT2_ROOT=2,3,6,8,9,10,12
QEHPT2_ROOT=2,3,6,8,9,10,13
QEHPT2_ROOT=2,3,6,8,9,10,14
QEHPT2_ROOT=2,3,6,8,9,11,12
QEHPT2_ROOT=2,3,6,8,9,11,13
QEHPT2_ROOT=2,3,6,8,9,11,14
QEHPT2_ROOT=2,3,6,8,9,12,13
QEHPT2_ROOT=2,3,6,8,9,12,14
QEHPT2_ROOT=2,3,6,8,9,13,14
QEHPT2_ROOT=2,3,6,8,10,11,12
QEHPT2_ROOT=2,3,6,8,10,11,13
QEHPT2_ROOT=2,3,6,8,10,11,14
QEHPT2_ROOT=2,3,6,8,10,12,13
QEHPT2_ROOT=2,3,6,8,10,12,14
QEHPT2_ROOT=2,3,6,8,10,13,14
QEHPT2_ROOT=2,3,6,8,11,12,13
QEHPT2_ROOT=2,3,6,8,11,12,14
QEHPT2_ROOT=2,3,6,8,11,13,14
QEHPT2_ROOT=2,3,6,8,12,13,14
QEHPT2_ROOT=2,3,6,9,10,11,12
QEHPT2_ROOT=2,3,6,9,10,11,13
QEHPT2_ROOT=2,3,6,9,10,11,14
QEHPT2_ROOT=2,3,6,9,10,12,13
QEHPT2_ROOT=2,3,6,9,10,12,14
QEHPT2_ROOT=2,3,6,9,10,13,14
QEHPT2_ROOT=2,3,6,9,11,12,13
QEHPT2_ROOT=2,3,6,9,11,12,14
QEHPT2_ROOT=2,3,6,9,11,13,14
QEHPT2_ROOT=2,3,6,9,12,13,14
QEHPT2_ROOT=2,3,6,10,11,12,13
QEHPT2_ROOT=2,3,6,10,11,12,14
QEHPT2_ROOT=2,3,6,10,11,13,14
QEHPT2_ROOT=2,3,6,10,12,13,14
QEHPT2_ROOT=2,3,6,11,12,13,14
QEHPT2_ROOT=2,3,7,8,9,10,11
QEHPT2_ROOT=2,3,7,8,9,10,12
QEHPT2_ROOT=2,3,7,8,9,10,13
QEHPT2_ROOT=2,3,7,8,9,10,14
QEHPT2_ROOT=2,3,7,8,9,11,12
QEHPT2_ROOT=2,3,7,8,9,11,13
QEHPT2_ROOT=2,3,7,8,9,11,14
QEHPT2_ROOT=2,3,7,8,9,12,13
QEHPT2_ROOT=2,3,7,8,9,12,14
QEHPT2_ROOT=2,3,7,8,9,13,14
QEHPT2_ROOT=2,3,7,8,10,11,12
QEHPT2_ROOT=2,3,7,8,10,11,13
QEHPT2_ROOT=2,3,7,8,10,11,14
QEHPT2_ROOT=2,3,7,8,10,12,13
QEHPT2_ROOT=2,3,7,8,10,12,14
QEHPT2_ROOT=2,3,7,8,10,13,14
QEHPT2_ROOT=2,3,7,8,11,12,13
QEHPT2_ROOT=2,3,7,8,11,12,14
QEHPT2_ROOT=2,3,7,8,11,13,14
QEHPT2_ROOT=2,3,7,8,12,13,14
QEHPT2_ROOT=2,3,7,9,10,11,12
QEHPT2_ROOT=2,3,7,9,10,11,13
QEHPT2_ROOT=2,3,7,9,10,11,14
QEHPT2_ROOT=2,3,7,9,10,12,13
QEHPT2_ROOT=2,3,7,9,10,12,14
QEHPT2_ROOT=2,3,7,9,10,13,14
QEHPT2_ROOT=2,3,7,9,11,12,13
QEHPT2_ROOT=2,3,7,9,11,12,14
QEHPT2_ROOT=2,3,7,9,11,13,14
QEHPT2_ROOT=2,3,7,9,12,13,14
QEHPT2_ROOT=2,3,7,10,11,12,13
QEHPT2_ROOT=2,3,7,10,11,12,14
QEHPT2_ROOT=2,3,7,10,11,13,14
QEHPT2_ROOT=2,3,7,10,12,13,14
QEHPT2_ROOT=2,3,7,11,12,13,14
QEHPT2_ROOT=2,3,8,9,10,11,12
QEHPT2_ROOT=2,3,8,9,10,11,13
QEHPT2_ROOT=2,3,8,9,10,11,14
QEHPT2_ROOT=2,3,8,9,10,12,13
QEHPT2_ROOT=2,3,8,9,10,12,14
QEHPT2_ROOT=2,3,8,9,10,13,14
QEHPT2_ROOT=2,3,8,9,11,12,13
QEHPT2_ROOT=2,3,8,9,11,12,14
QEHPT2_ROOT=2,3,8,9,11,13,14
QEHPT2_ROOT=2,3,8,9,12,13,14
QEHPT2_ROOT=2,3,8,10,11,12,13
QEHPT2_ROOT=2,3,8,10,11,12,14
QEHPT2_ROOT=2,3,8,10,11,13,14
QEHPT2_ROOT=2,3,8,10,12,13,14
QEHPT2_ROOT=2,3,8,11,12,13,14
QEHPT2_ROOT=2,3,9,10,11,12,13
QEHPT2_ROOT=2,3,9,10,11,12,14
QEHPT2_ROOT=2,3,9,10,11,13,14
QEHPT2_ROOT=2,3,9,10,12,13,14
QEHPT2_ROOT=2,3,9,11,12,13,14
QEHPT2_ROOT=2,3,10,11,12,13,14
QEHPT2_ROOT=2,4,5,6,7,8,9
QEHPT2_ROOT=2,4,5,6,7,8,10
QEHPT2_ROOT=2,4,5,6,7,8,11
QEHPT2_ROOT=2,4,5,6,7,8,12
QEHPT2_ROOT=2,4,5,6,7,8,13
QEHPT2_ROOT=2,4,5,6,7,8,14
QEHPT2_ROOT=2,4,5,6,7,9,10
QEHPT2_ROOT=2,4,5,6,7,9,11
QEHPT2_ROOT=2,4,5,6,7,9,12
QEHPT2_ROOT=2,4,5,6,7,9,13
QEHPT2_ROOT=2,4,5,6,7,9,14
QEHPT2_ROOT=2,4,5,6,7,10,11
QEHPT2_ROOT=2,4,5,6,7,10,12
QEHPT2_ROOT=2,4,5,6,7,10,13
QEHPT2_ROOT=2,4,5,6,7,10,14
QEHPT2_ROOT=2,4,5,6,7,11,12
QEHPT2_ROOT=2,4,5,6,7,11,13
QEHPT2_ROOT=2,4,5,6,7,11,14
QEHPT2_ROOT=2,4,5,6,7,12,13
QEHPT2_ROOT=2,4,5,6,7,12,14
QEHPT2_ROOT=2,4,5,6,7,13,14
QEHPT2_ROOT=2,4,5,6,8,9,10
QEHPT2_ROOT=2,4,5,6,8,9,11
QEHPT2_ROOT=2,4,5,6,8,9,12
QEHPT2_ROOT=2,4,5,6,8,9,13
QEHPT2_ROOT=2,4,5,6,8,9,14
QEHPT2_ROOT=2,4,5,6,8,10,11
QEHPT2_ROOT=2,4,5,6,8,10,12
QEHPT2_ROOT=2,4,5,6,8,10,13
QEHPT2_ROOT=2,4,5,6,8,10,14
QEHPT2_ROOT=2,4,5,6,8,11,12
QEHPT2_ROOT=2,4,5,6,8,11,13
QEHPT2_ROOT=2,4,5,6,8,11,14
QEHPT2_ROOT=2,4,5,6,8,12,13
QEHPT2_ROOT=2,4,5,6,8,12,14
QEHPT2_ROOT=2,4,5,6,8,13,14
QEHPT2_ROOT=2,4,5,6,9,10,11
QEHPT2_ROOT=2,4,5,6,9,10,12
QEHPT2_ROOT=2,4,5,6,9,10,13
QEHPT2_ROOT=2,4,5,6,9,10,14
QEHPT2_ROOT=2,4,5,6,9,11,12
QEHPT2_ROOT=2,4,5,6,9,11,13
QEHPT2_ROOT=2,4,5,6,9,11,14
QEHPT2_ROOT=2,4,5,6,9,12,13
QEHPT2_ROOT=2,4,5,6,9,12,14
QEHPT2_ROOT=2,4,5,6,9,13,14
QEHPT2_ROOT=2,4,5,6,10,11,12
QEHPT2_ROOT=2,4,5,6,10,11,13
QEHPT2_ROOT=2,4,5,6,10,11,14
QEHPT2_ROOT=2,4,5,6,10,12,13
QEHPT2_ROOT=2,4,5,6,10,12,14
QEHPT2_ROOT=2,4,5,6,10,13,14
QEHPT2_ROOT=2,4,5,6,11,12,13
QEHPT2_ROOT=2,4,5,6,11,12,14
QEHPT2_ROOT=2,4,5,6,11,13,14
QEHPT2_ROOT=2,4,5,6,12,13,14
QEHPT2_ROOT=2,4,5,7,8,9,10
QEHPT2_ROOT=2,4,5,7,8,9,11
QEHPT2_ROOT=2,4,5,7,8,9,12
QEHPT2_ROOT=2,4,5,7,8,9,13
QEHPT2_ROOT=2,4,5,7,8,9,14
QEHPT2_ROOT=2,4,5,7,8,10,11
QEHPT2_ROOT=2,4,5,7,8,10,12
QEHPT2_ROOT=2,4,5,7,8,10,13
QEHPT2_ROOT=2,4,5,7,8,10,14
QEHPT2_ROOT=2,4,5,7,8,11,12
QEHPT2_ROOT=2,4,5,7,8,11,13
QEHPT2_ROOT=2,4,5,7,8,11,14
QEHPT2_ROOT=2,4,5,7,8,12,13
QEHPT2_ROOT=2,4,5,7,8,12,14
QEHPT2_ROOT=2,4,5,7,8,13,14
QEHPT2_ROOT=2,4,5,7,9,10,11
QEHPT2_ROOT=2,4,5,7,9,10,12
QEHPT2_ROOT=2,4,5,7,9,10,13
QEHPT2_ROOT=2,4,5,7,9,10,14
QEHPT2_ROOT=2,4,5,7,9,11,12
QEHPT2_ROOT=2,4,5,7,9,11,13
QEHPT2_ROOT=2,4,5,7,9,11,14
QEHPT2_ROOT=2,4,5,7,9,12,13
QEHPT2_ROOT=2,4,5,7,9,12,14
QEHPT2_ROOT=2,4,5,7,9,13,14
QEHPT2_ROOT=2,4,5,7,10,11,12
QEHPT2_ROOT=2,4,5,7,10,11,13
QEHPT2_ROOT=2,4,5,7,10,11,14
QEHPT2_ROOT=2,4,5,7,10,12,13
QEHPT2_ROOT=2,4,5,7,10,12,14
QEHPT2_ROOT=2,4,5,7,10,13,14
QEHPT2_ROOT=2,4,5,7,11,12,13
QEHPT2_ROOT=2,4,5,7,11,12,14
QEHPT2_ROOT=2,4,5,7,11,13,14
QEHPT2_ROOT=2,4,5,7,12,13,14
QEHPT2_ROOT=2,4,5,8,9,10,11
QEHPT2_ROOT=2,4,5,8,9,10,12
QEHPT2_ROOT=2,4,5,8,9,10,13
QEHPT2_ROOT=2,4,5,8,9,10,14
QEHPT2_ROOT=2,4,5,8,9,11,12
QEHPT2_ROOT=2,4,5,8,9,11,13
QEHPT2_ROOT=2,4,5,8,9,11,14
QEHPT2_ROOT=2,4,5,8,9,12,13
QEHPT2_ROOT=2,4,5,8,9,12,14
QEHPT2_ROOT=2,4,5,8,9,13,14
QEHPT2_ROOT=2,4,5,8,10,11,12
QEHPT2_ROOT=2,4,5,8,10,11,13
QEHPT2_ROOT=2,4,5,8,10,11,14
QEHPT2_ROOT=2,4,5,8,10,12,13
QEHPT2_ROOT=2,4,5,8,10,12,14
QEHPT2_ROOT=2,4,5,8,10,13,14
QEHPT2_ROOT=2,4,5,8,11,12,13
QEHPT2_ROOT=2,4,5,8,11,12,14
QEHPT2_ROOT=2,4,5,8,11,13,14
QEHPT2_ROOT=2,4,5,8,12,13,14
QEHPT2_ROOT=2,4,5,9,10,11,12
QEHPT2_ROOT=2,4,5,9,10,11,13
QEHPT2_ROOT=2,4,5,9,10,11,14
QEHPT2_ROOT=2,4,5,9,10,12,13
QEHPT2_ROOT=2,4,5,9,10,12,14
QEHPT2_ROOT=2,4,5,9,10,13,14
QEHPT2_ROOT=2,4,5,9,11,12,13
QEHPT2_ROOT=2,4,5,9,11,12,14
QEHPT2_ROOT=2,4,5,9,11,13,14
QEHPT2_ROOT=2,4,5,9,12,13,14
QEHPT2_ROOT=2,4,5,10,11,12,13
QEHPT2_ROOT=2,4,5,10,11,12,14
QEHPT2_ROOT=2,4,5,10,11,13,14
QEHPT2_ROOT=2,4,5,10,12,13,14
QEHPT2_ROOT=2,4,5,11,12,13,14
QEHPT2_ROOT=2,4,6,7,8,9,10
QEHPT2_ROOT=2,4,6,7,8,9,11
QEHPT2_ROOT=2,4,6,7,8,9,12
QEHPT2_ROOT=2,4,6,7,8,9,13
QEHPT2_ROOT=2,4,6,7,8,9,14
QEHPT2_ROOT=2,4,6,7,8,10,11
QEHPT2_ROOT=2,4,6,7,8,10,12
QEHPT2_ROOT=2,4,6,7,8,10,13
QEHPT2_ROOT=2,4,6,7,8,10,14
QEHPT2_ROOT=2,4,6,7,8,11,12
QEHPT2_ROOT=2,4,6,7,8,11,13
QEHPT2_ROOT=2,4,6,7,8,11,14
QEHPT2_ROOT=2,4,6,7,8,12,13
QEHPT2_ROOT=2,4,6,7,8,12,14
QEHPT2_ROOT=2,4,6,7,8,13,14
QEHPT2_ROOT=2,4,6,7,9,10,11
QEHPT2_ROOT=2,4,6,7,9,10,12
QEHPT2_ROOT=2,4,6,7,9,10,13
QEHPT2_ROOT=2,4,6,7,9,10,14
QEHPT2_ROOT=2,4,6,7,9,11,12
QEHPT2_ROOT=2,4,6,7,9,11,13
QEHPT2_ROOT=2,4,6,7,9,11,14
QEHPT2_ROOT=2,4,6,7,9,12,13
QEHPT2_ROOT=2,4,6,7,9,12,14
QEHPT2_ROOT=2,4,6,7,9,13,14
QEHPT2_ROOT=2,4,6,7,10,11,12
QEHPT2_ROOT=2,4,6,7,10,11,13
QEHPT2_ROOT=2,4,6,7,10,11,14
QEHPT2_ROOT=2,4,6,7,10,12,13
QEHPT2_ROOT=2,4,6,7,10,12,14
QEHPT2_ROOT=2,4,6,7,10,13,14
QEHPT2_ROOT=2,4,6,7,11,12,13
QEHPT2_ROOT=2,4,6,7,11,12,14
QEHPT2_ROOT=2,4,6,7,11,13,14
QEHPT2_ROOT=2,4,6,7,12,13,14
QEHPT2_ROOT=2,4,6,8,9,10,11
QEHPT2_ROOT=2,4,6,8,9,10,12
QEHPT2_ROOT=2,4,6,8,9,10,13
QEHPT2_ROOT=2,4,6,8,9,10,14
QEHPT2_ROOT=2,4,6,8,9,11,12
QEHPT2_ROOT=2,4,6,8,9,11,13
QEHPT2_ROOT=2,4,6,8,9,11,14
QEHPT2_ROOT=2,4,6,8,9,12,13
QEHPT2_ROOT=2,4,6,8,9,12,14
QEHPT2_ROOT=2,4,6,8,9,13,14
QEHPT2_ROOT=2,4,6,8,10,11,12
QEHPT2_ROOT=2,4,6,8,10,11,13
QEHPT2_ROOT=2,4,6,8,10,11,14
QEHPT2_ROOT=2,4,6,8,10,12,13
QEHPT2_ROOT=2,4,6,8,10,12,14
QEHPT2_ROOT=2,4,6,8,10,13,14
QEHPT2_ROOT=2,4,6,8,11,12,13
QEHPT2_ROOT=2,4,6,8,11,12,14
QEHPT2_ROOT=2,4,6,8,11,13,14
QEHPT2_ROOT=2,4,6,8,12,13,14
QEHPT2_ROOT=2,4,6,9,10,11,12
QEHPT2_ROOT=2,4,6,9,10,11,13
QEHPT2_ROOT=2,4,6,9,10,11,14
QEHPT2_ROOT=2,4,6,9,10,12,13
QEHPT2_ROOT=2,4,6,9,10,12,14
QEHPT2_ROOT=2,4,6,9,10,13,14
QEHPT2_ROOT=2,4,6,9,11,12,13
QEHPT2_ROOT=2,4,6,9,11,12,14
QEHPT2_ROOT=2,4,6,9,11,13,14
QEHPT2_ROOT=2,4,6,9,12,13,14
QEHPT2_ROOT=2,4,6,10,11,12,13
QEHPT2_ROOT=2,4,6,10,11,12,14
QEHPT2_ROOT=2,4,6,10,11,13,14
QEHPT2_ROOT=2,4,6,10,12,13,14
QEHPT2_ROOT=2,4,6,11,12,13,14
QEHPT2_ROOT=2,4,7,8,9,10,11
QEHPT2_ROOT=2,4,7,8,9,10,12
QEHPT2_ROOT=2,4,7,8,9,10,13
QEHPT2_ROOT=2,4,7,8,9,10,14
QEHPT2_ROOT=2,4,7,8,9,11,12
QEHPT2_ROOT=2,4,7,8,9,11,13
QEHPT2_ROOT=2,4,7,8,9,11,14
QEHPT2_ROOT=2,4,7,8,9,12,13
QEHPT2_ROOT=2,4,7,8,9,12,14
QEHPT2_ROOT=2,4,7,8,9,13,14
QEHPT2_ROOT=2,4,7,8,10,11,12
QEHPT2_ROOT=2,4,7,8,10,11,13
QEHPT2_ROOT=2,4,7,8,10,11,14
QEHPT2_ROOT=2,4,7,8,10,12,13
QEHPT2_ROOT=2,4,7,8,10,12,14
QEHPT2_ROOT=2,4,7,8,10,13,14
QEHPT2_ROOT=2,4,7,8,11,12,13
QEHPT2_ROOT=2,4,7,8,11,12,14
QEHPT2_ROOT=2,4,7,8,11,13,14
QEHPT2_ROOT=2,4,7,8,12,13,14
QEHPT2_ROOT=2,4,7,9,10,11,12
QEHPT2_ROOT=2,4,7,9,10,11,13
QEHPT2_ROOT=2,4,7,9,10,11,14
QEHPT2_ROOT=2,4,7,9,10,12,13
QEHPT2_ROOT=2,4,7,9,10,12,14
QEHPT2_ROOT=2,4,7,9,10,13,14
QEHPT2_ROOT=2,4,7,9,11,12,13
QEHPT2_ROOT=2,4,7,9,11,12,14
QEHPT2_ROOT=2,4,7,9,11,13,14
QEHPT2_ROOT=2,4,7,9,12,13,14
QEHPT2_ROOT=2,4,7,10,11,12,13
QEHPT2_ROOT=2,4,7,10,11,12,14
QEHPT2_ROOT=2,4,7,10,11,13,14
QEHPT2_ROOT=2,4,7,10,12,13,14
QEHPT2_ROOT=2,4,7,11,12,13,14
QEHPT2_ROOT=2,4,8,9,10,11,12
QEHPT2_ROOT=2,4,8,9,10,11,13
QEHPT2_ROOT=2,4,8,9,10,11,14
QEHPT2_ROOT=2,4,8,9,10,12,13
QEHPT2_ROOT=2,4,8,9,10,12,14
QEHPT2_ROOT=2,4,8,9,10,13,14
QEHPT2_ROOT=2,4,8,9,11,12,13
QEHPT2_ROOT=2,4,8,9,11,12,14
QEHPT2_ROOT=2,4,8,9,11,13,14
QEHPT2_ROOT=2,4,8,9,12,13,14
QEHPT2_ROOT=2,4,8,10,11,12,13
QEHPT2_ROOT=2,4,8,10,11,12,14
QEHPT2_ROOT=2,4,8,10,11,13,14
QEHPT2_ROOT=2,4,8,10,12,13,14
QEHPT2_ROOT=2,4,8,11,12,13,14
QEHPT2_ROOT=2,4,9,10,11,12,13
QEHPT2_ROOT=2,4,9,10,11,12,14
QEHPT2_ROOT=2,4,9,10,11,13,14
QEHPT2_ROOT=2,4,9,10,12,13,14
QEHPT2_ROOT=2,4,9,11,12,13,14
QEHPT2_ROOT=2,4,10,11,12,13,14
QEHPT2_ROOT=2,5,6,7,8,9,10
QEHPT2_ROOT=2,5,6,7,8,9,11
QEHPT2_ROOT=2,5,6,7,8,9,12
QEHPT2_ROOT=2,5,6,7,8,9,13
QEHPT2_ROOT=2,5,6,7,8,9,14
QEHPT2_ROOT=2,5,6,7,8,10,11
QEHPT2_ROOT=2,5,6,7,8,10,12
QEHPT2_ROOT=2,5,6,7,8,10,13
QEHPT2_ROOT=2,5,6,7,8,10,14
QEHPT2_ROOT=2,5,6,7,8,11,12
QEHPT2_ROOT=2,5,6,7,8,11,13
QEHPT2_ROOT=2,5,6,7,8,11,14
QEHPT2_ROOT=2,5,6,7,8,12,13
QEHPT2_ROOT=2,5,6,7,8,12,14
QEHPT2_ROOT=2,5,6,7,8,13,14
QEHPT2_ROOT=2,5,6,7,9,10,11
QEHPT2_ROOT=2,5,6,7,9,10,12
QEHPT2_ROOT=2,5,6,7,9,10,13
QEHPT2_ROOT=2,5,6,7,9,10,14
QEHPT2_ROOT=2,5,6,7,9,11,12
QEHPT2_ROOT=2,5,6,7,9,11,13
QEHPT2_ROOT=2,5,6,7,9,11,14
QEHPT2_ROOT=2,5,6,7,9,12,13
QEHPT2_ROOT=2,5,6,7,9,12,14
QEHPT2_ROOT=2,5,6,7,9,13,14
QEHPT2_ROOT=2,5,6,7,10,11,12
QEHPT2_ROOT=2,5,6,7,10,11,13
QEHPT2_ROOT=2,5,6,7,10,11,14
QEHPT2_ROOT=2,5,6,7,10,12,13
QEHPT2_ROOT=2,5,6,7,10,12,14
QEHPT2_ROOT=2,5,6,7,10,13,14
QEHPT2_ROOT=2,5,6,7,11,12,13
QEHPT2_ROOT=2,5,6,7,11,12,14
QEHPT2_ROOT=2,5,6,7,11,13,14
QEHPT2_ROOT=2,5,6,7,12,13,14
QEHPT2_ROOT=2,5,6,8,9,10,11
QEHPT2_ROOT=2,5,6,8,9,10,12
QEHPT2_ROOT=2,5,6,8,9,10,13
QEHPT2_ROOT=2,5,6,8,9,10,14
QEHPT2_ROOT=2,5,6,8,9,11,12
QEHPT2_ROOT=2,5,6,8,9,11,13
QEHPT2_ROOT=2,5,6,8,9,11,14
QEHPT2_ROOT=2,5,6,8,9,12,13
QEHPT2_ROOT=2,5,6,8,9,12,14
QEHPT2_ROOT=2,5,6,8,9,13,14
QEHPT2_ROOT=2,5,6,8,10,11,12
QEHPT2_ROOT=2,5,6,8,10,11,13
QEHPT2_ROOT=2,5,6,8,10,11,14
QEHPT2_ROOT=2,5,6,8,10,12,13
QEHPT2_ROOT=2,5,6,8,10,12,14
QEHPT2_ROOT=2,5,6,8,10,13,14
QEHPT2_ROOT=2,5,6,8,11,12,13
QEHPT2_ROOT=2,5,6,8,11,12,14
QEHPT2_ROOT=2,5,6,8,11,13,14
QEHPT2_ROOT=2,5,6,8,12,13,14
QEHPT2_ROOT=2,5,6,9,10,11,12
QEHPT2_ROOT=2,5,6,9,10,11,13
QEHPT2_ROOT=2,5,6,9,10,11,14
QEHPT2_ROOT=2,5,6,9,10,12,13
QEHPT2_ROOT=2,5,6,9,10,12,14
QEHPT2_ROOT=2,5,6,9,10,13,14
QEHPT2_ROOT=2,5,6,9,11,12,13
QEHPT2_ROOT=2,5,6,9,11,12,14
QEHPT2_ROOT=2,5,6,9,11,13,14
QEHPT2_ROOT=2,5,6,9,12,13,14
QEHPT2_ROOT=2,5,6,10,11,12,13
QEHPT2_ROOT=2,5,6,10,11,12,14
QEHPT2_ROOT=2,5,6,10,11,13,14
QEHPT2_ROOT=2,5,6,10,12,13,14
QEHPT2_ROOT=2,5,6,11,12,13,14
QEHPT2_ROOT=2,5,7,8,9,10,11
QEHPT2_ROOT=2,5,7,8,9,10,12
QEHPT2_ROOT=2,5,7,8,9,10,13
QEHPT2_ROOT=2,5,7,8,9,10,14
QEHPT2_ROOT=2,5,7,8,9,11,12
QEHPT2_ROOT=2,5,7,8,9,11,13
QEHPT2_ROOT=2,5,7,8,9,11,14
QEHPT2_ROOT=2,5,7,8,9,12,13
QEHPT2_ROOT=2,5,7,8,9,12,14
QEHPT2_ROOT=2,5,7,8,9,13,14
QEHPT2_ROOT=2,5,7,8,10,11,12
QEHPT2_ROOT=2,5,7,8,10,11,13
QEHPT2_ROOT=2,5,7,8,10,11,14
QEHPT2_ROOT=2,5,7,8,10,12,13
QEHPT2_ROOT=2,5,7,8,10,12,14
QEHPT2_ROOT=2,5,7,8,10,13,14
QEHPT2_ROOT=2,5,7,8,11,12,13
QEHPT2_ROOT=2,5,7,8,11,12,14
QEHPT2_ROOT=2,5,7,8,11,13,14
QEHPT2_ROOT=2,5,7,8,12,13,14
QEHPT2_ROOT=2,5,7,9,10,11,12
QEHPT2_ROOT=2,5,7,9,10,11,13
QEHPT2_ROOT=2,5,7,9,10,11,14
QEHPT2_ROOT=2,5,7,9,10,12,13
QEHPT2_ROOT=2,5,7,9,10,12,14
QEHPT2_ROOT=2,5,7,9,10,13,14
QEHPT2_ROOT=2,5,7,9,11,12,13
QEHPT2_ROOT=2,5,7,9,11,12,14
QEHPT2_ROOT=2,5,7,9,11,13,14
QEHPT2_ROOT=2,5,7,9,12,13,14
QEHPT2_ROOT=2,5,7,10,11,12,13
QEHPT2_ROOT=2,5,7,10,11,12,14
QEHPT2_ROOT=2,5,7,10,11,13,14
QEHPT2_ROOT=2,5,7,10,12,13,14
QEHPT2_ROOT=2,5,7,11,12,13,14
QEHPT2_ROOT=2,5,8,9,10,11,12
QEHPT2_ROOT=2,5,8,9,10,11,13
QEHPT2_ROOT=2,5,8,9,10,11,14
QEHPT2_ROOT=2,5,8,9,10,12,13
QEHPT2_ROOT=2,5,8,9,10,12,14
QEHPT2_ROOT=2,5,8,9,10,13,14
QEHPT2_ROOT=2,5,8,9,11,12,13
QEHPT2_ROOT=2,5,8,9,11,12,14
QEHPT2_ROOT=2,5,8,9,11,13,14
QEHPT2_ROOT=2,5,8,9,12,13,14
QEHPT2_ROOT=2,5,8,10,11,12,13
QEHPT2_ROOT=2,5,8,10,11,12,14
QEHPT2_ROOT=2,5,8,10,11,13,14
QEHPT2_ROOT=2,5,8,10,12,13,14
QEHPT2_ROOT=2,5,8,11,12,13,14
QEHPT2_ROOT=2,5,9,10,11,12,13
QEHPT2_ROOT=2,5,9,10,11,12,14
QEHPT2_ROOT=2,5,9,10,11,13,14
QEHPT2_ROOT=2,5,9,10,12,13,14
QEHPT2_ROOT=2,5,9,11,12,13,14
QEHPT2_ROOT=2,5,10,11,12,13,14
QEHPT2_ROOT=2,6,7,8,9,10,11
QEHPT2_ROOT=2,6,7,8,9,10,12
QEHPT2_ROOT=2,6,7,8,9,10,13
QEHPT2_ROOT=2,6,7,8,9,10,14
QEHPT2_ROOT=2,6,7,8,9,11,12
QEHPT2_ROOT=2,6,7,8,9,11,13
QEHPT2_ROOT=2,6,7,8,9,11,14
QEHPT2_ROOT=2,6,7,8,9,12,13
QEHPT2_ROOT=2,6,7,8,9,12,14
QEHPT2_ROOT=2,6,7,8,9,13,14
QEHPT2_ROOT=2,6,7,8,10,11,12
QEHPT2_ROOT=2,6,7,8,10,11,13
QEHPT2_ROOT=2,6,7,8,10,11,14
QEHPT2_ROOT=2,6,7,8,10,12,13
QEHPT2_ROOT=2,6,7,8,10,12,14
QEHPT2_ROOT=2,6,7,8,10,13,14
QEHPT2_ROOT=2,6,7,8,11,12,13
QEHPT2_ROOT=2,6,7,8,11,12,14
QEHPT2_ROOT=2,6,7,8,11,13,14
QEHPT2_ROOT=2,6,7,8,12,13,14
QEHPT2_ROOT=2,6,7,9,10,11,12
QEHPT2_ROOT=2,6,7,9,10,11,13
QEHPT2_ROOT=2,6,7,9,10,11,14
QEHPT2_ROOT=2,6,7,9,10,12,13
QEHPT2_ROOT=2,6,7,9,10,12,14
QEHPT2_ROOT=2,6,7,9,10,13,14
QEHPT2_ROOT=2,6,7,9,11,12,13
QEHPT2_ROOT=2,6,7,9,11,12,14
QEHPT2_ROOT=2,6,7,9,11,13,14
QEHPT2_ROOT=2,6,7,9,12,13,14
QEHPT2_ROOT=2,6,7,10,11,12,13
QEHPT2_ROOT=2,6,7,10,11,12,14
QEHPT2_ROOT=2,6,7,10,11,13,14
QEHPT2_ROOT=2,6,7,10,12,13,14
QEHPT2_ROOT=2,6,7,11,12,13,14
QEHPT2_ROOT=2,6,8,9,10,11,12
QEHPT2_ROOT=2,6,8,9,10,11,13
QEHPT2_ROOT=2,6,8,9,10,11,14
QEHPT2_ROOT=2,6,8,9,10,12,13
QEHPT2_ROOT=2,6,8,9,10,12,14
QEHPT2_ROOT=2,6,8,9,10,13,14
QEHPT2_ROOT=2,6,8,9,11,12,13
QEHPT2_ROOT=2,6,8,9,11,12,14
QEHPT2_ROOT=2,6,8,9,11,13,14
QEHPT2_ROOT=2,6,8,9,12,13,14
QEHPT2_ROOT=2,6,8,10,11,12,13
QEHPT2_ROOT=2,6,8,10,11,12,14
QEHPT2_ROOT=2,6,8,10,11,13,14
QEHPT2_ROOT=2,6,8,10,12,13,14
QEHPT2_ROOT=2,6,8,11,12,13,14
QEHPT2_ROOT=2,6,9,10,11,12,13
QEHPT2_ROOT=2,6,9,10,11,12,14
QEHPT2_ROOT=2,6,9,10,11,13,14
QEHPT2_ROOT=2,6,9,10,12,13,14
QEHPT2_ROOT=2,6,9,11,12,13,14
QEHPT2_ROOT=2,6,10,11,12,13,14
QEHPT2_ROOT=2,7,8,9,10,11,12
QEHPT2_ROOT=2,7,8,9,10,11,13
QEHPT2_ROOT=2,7,8,9,10,11,14
QEHPT2_ROOT=2,7,8,9,10,12,13
QEHPT2_ROOT=2,7,8,9,10,12,14
QEHPT2_ROOT=2,7,8,9,10,13,14
QEHPT2_ROOT=2,7,8,9,11,12,13
QEHPT2_ROOT=2,7,8,9,11,12,14
QEHPT2_ROOT=2,7,8,9,11,13,14
QEHPT2_ROOT=2,7,8,9,12,13,14
QEHPT2_ROOT=2,7,8,10,11,12,13
QEHPT2_ROOT=2,7,8,10,11,12,14
QEHPT2_ROOT=2,7,8,10,11,13,14
QEHPT2_ROOT=2,7,8,10,12,13,14
QEHPT2_ROOT=2,7,8,11,12,13,14
QEHPT2_ROOT=2,7,9,10,11,12,13
QEHPT2_ROOT=2,7,9,10,11,12,14
QEHPT2_ROOT=2,7,9,10,11,13,14
QEHPT2_ROOT=2,7,9,10,12,13,14
QEHPT2_ROOT=2,7,9,11,12,13,14
QEHPT2_ROOT=2,7,10,11,12,13,14
QEHPT2_ROOT=2,8,9,10,11,12,13
QEHPT2_ROOT=2,8,9,10,11,12,14
QEHPT2_ROOT=2,8,9,10,11,13,14
QEHPT2_ROOT=2,8,9,10,12,13,14
QEHPT2_ROOT=2,8,9,11,12,13,14
QEHPT2_ROOT=2,8,10,11,12,13,14
QEHPT2_ROOT=2,9,10,11,12,13,14
QEHPT2_ROOT=3,4,5,6,7,8,9
QEHPT2_ROOT=3,4,5,6,7,8,10
QEHPT2_ROOT=3,4,5,6,7,8,11
QEHPT2_ROOT=3,4,5,6,7,8,12
QEHPT2_ROOT=3,4,5,6,7,8,13
QEHPT2_ROOT=3,4,5,6,7,8,14
QEHPT2_ROOT=3,4,5,6,7,9,10
QEHPT2_ROOT=3,4,5,6,7,9,11
QEHPT2_ROOT=3,4,5,6,7,9,12
QEHPT2_ROOT=3,4,5,6,7,9,13
QEHPT2_ROOT=3,4,5,6,7,9,14
QEHPT2_ROOT=3,4,5,6,7,10,11
QEHPT2_ROOT=3,4,5,6,7,10,12
QEHPT2_ROOT=3,4,5,6,7,10,13
QEHPT2_ROOT=3,4,5,6,7,10,14
QEHPT2_ROOT=3,4,5,6,7,11,12
QEHPT2_ROOT=3,4,5,6,7,11,13
QEHPT2_ROOT=3,4,5,6,7,11,14
QEHPT2_ROOT=3,4,5,6,7,12,13
QEHPT2_ROOT=3,4,5,6,7,12,14
QEHPT2_ROOT=3,4,5,6,7,13,14
QEHPT2_ROOT=3,4,5,6,8,9,10
QEHPT2_ROOT=3,4,5,6,8,9,11
QEHPT2_ROOT=3,4,5,6,8,9,12
QEHPT2_ROOT=3,4,5,6,8,9,13
QEHPT2_ROOT=3,4,5,6,8,9,14
QEHPT2_ROOT=3,4,5,6,8,10,11
QEHPT2_ROOT=3,4,5,6,8,10,12
QEHPT2_ROOT=3,4,5,6,8,10,13
QEHPT2_ROOT=3,4,5,6,8,10,14
QEHPT2_ROOT=3,4,5,6,8,11,12
QEHPT2_ROOT=3,4,5,6,8,11,13
QEHPT2_ROOT=3,4,5,6,8,11,14
QEHPT2_ROOT=3,4,5,6,8,12,13
QEHPT2_ROOT=3,4,5,6,8,12,14
QEHPT2_ROOT=3,4,5,6,8,13,14
QEHPT2_ROOT=3,4,5,6,9,10,11
QEHPT2_ROOT=3,4,5,6,9,10,12
QEHPT2_ROOT=3,4,5,6,9,10,13
QEHPT2_ROOT=3,4,5,6,9,10,14
QEHPT2_ROOT=3,4,5,6,9,11,12
QEHPT2_ROOT=3,4,5,6,9,11,13
QEHPT2_ROOT=3,4,5,6,9,11,14
QEHPT2_ROOT=3,4,5,6,9,12,13
QEHPT2_ROOT=3,4,5,6,9,12,14
QEHPT2_ROOT=3,4,5,6,9,13,14
QEHPT2_ROOT=3,4,5,6,10,11,12
QEHPT2_ROOT=3,4,5,6,10,11,13
QEHPT2_ROOT=3,4,5,6,10,11,14
QEHPT2_ROOT=3,4,5,6,10,12,13
QEHPT2_ROOT=3,4,5,6,10,12,14
QEHPT2_ROOT=3,4,5,6,10,13,14
QEHPT2_ROOT=3,4,5,6,11,12,13
QEHPT2_ROOT=3,4,5,6,11,12,14
QEHPT2_ROOT=3,4,5,6,11,13,14
QEHPT2_ROOT=3,4,5,6,12,13,14
QEHPT2_ROOT=3,4,5,7,8,9,10
QEHPT2_ROOT=3,4,5,7,8,9,11
QEHPT2_ROOT=3,4,5,7,8,9,12
QEHPT2_ROOT=3,4,5,7,8,9,13
QEHPT2_ROOT=3,4,5,7,8,9,14
QEHPT2_ROOT=3,4,5,7,8,10,11
QEHPT2_ROOT=3,4,5,7,8,10,12
QEHPT2_ROOT=3,4,5,7,8,10,13
QEHPT2_ROOT=3,4,5,7,8,10,14
QEHPT2_ROOT=3,4,5,7,8,11,12
QEHPT2_ROOT=3,4,5,7,8,11,13
QEHPT2_ROOT=3,4,5,7,8,11,14
QEHPT2_ROOT=3,4,5,7,8,12,13
QEHPT2_ROOT=3,4,5,7,8,12,14
QEHPT2_ROOT=3,4,5,7,8,13,14
QEHPT2_ROOT=3,4,5,7,9,10,11
QEHPT2_ROOT=3,4,5,7,9,10,12
QEHPT2_ROOT=3,4,5,7,9,10,13
QEHPT2_ROOT=3,4,5,7,9,10,14
QEHPT2_ROOT=3,4,5,7,9,11,12
QEHPT2_ROOT=3,4,5,7,9,11,13
QEHPT2_ROOT=3,4,5,7,9,11,14
QEHPT2_ROOT=3,4,5,7,9,12,13
QEHPT2_ROOT=3,4,5,7,9,12,14
QEHPT2_ROOT=3,4,5,7,9,13,14
QEHPT2_ROOT=3,4,5,7,10,11,12
QEHPT2_ROOT=3,4,5,7,10,11,13
QEHPT2_ROOT=3,4,5,7,10,11,14
QEHPT2_ROOT=3,4,5,7,10,12,13
QEHPT2_ROOT=3,4,5,7,10,12,14
QEHPT2_ROOT=3,4,5,7,10,13,14
QEHPT2_ROOT=3,4,5,7,11,12,13
QEHPT2_ROOT=3,4,5,7,11,12,14
QEHPT2_ROOT=3,4,5,7,11,13,14
QEHPT2_ROOT=3,4,5,7,12,13,14
QEHPT2_ROOT=3,4,5,8,9,10,11
QEHPT2_ROOT=3,4,5,8,9,10,12
QEHPT2_ROOT=3,4,5,8,9,10,13
QEHPT2_ROOT=3,4,5,8,9,10,14
QEHPT2_ROOT=3,4,5,8,9,11,12
QEHPT2_ROOT=3,4,5,8,9,11,13
QEHPT2_ROOT=3,4,5,8,9,11,14
QEHPT2_ROOT=3,4,5,8,9,12,13
QEHPT2_ROOT=3,4,5,8,9,12,14
QEHPT2_ROOT=3,4,5,8,9,13,14
QEHPT2_ROOT=3,4,5,8,10,11,12
QEHPT2_ROOT=3,4,5,8,10,11,13
QEHPT2_ROOT=3,4,5,8,10,11,14
QEHPT2_ROOT=3,4,5,8,10,12,13
QEHPT2_ROOT=3,4,5,8,10,12,14
QEHPT2_ROOT=3,4,5,8,10,13,14
QEHPT2_ROOT=3,4,5,8,11,12,13
QEHPT2_ROOT=3,4,5,8,11,12,14
QEHPT2_ROOT=3,4,5,8,11,13,14
QEHPT2_ROOT=3,4,5,8,12,13,14
QEHPT2_ROOT=3,4,5,9,10,11,12
QEHPT2_ROOT=3,4,5,9,10,11,13
QEHPT2_ROOT=3,4,5,9,10,11,14
QEHPT2_ROOT=3,4,5,9,10,12,13
QEHPT2_ROOT=3,4,5,9,10,12,14
QEHPT2_ROOT=3,4,5,9,10,13,14
QEHPT2_ROOT=3,4,5,9,11,12,13
QEHPT2_ROOT=3,4,5,9,11,12,14
QEHPT2_ROOT=3,4,5,9,11,13,14
QEHPT2_ROOT=3,4,5,9,12,13,14
QEHPT2_ROOT=3,4,5,10,11,12,13
QEHPT2_ROOT=3,4,5,10,11,12,14
QEHPT2_ROOT=3,4,5,10,11,13,14
QEHPT2_ROOT=3,4,5,10,12,13,14
QEHPT2_ROOT=3,4,5,11,12,13,14
QEHPT2_ROOT=3,4,6,7,8,9,10
QEHPT2_ROOT=3,4,6,7,8,9,11
QEHPT2_ROOT=3,4,6,7,8,9,12
QEHPT2_ROOT=3,4,6,7,8,9,13
QEHPT2_ROOT=3,4,6,7,8,9,14
QEHPT2_ROOT=3,4,6,7,8,10,11
QEHPT2_ROOT=3,4,6,7,8,10,12
QEHPT2_ROOT=3,4,6,7,8,10,13
QEHPT2_ROOT=3,4,6,7,8,10,14
QEHPT2_ROOT=3,4,6,7,8,11,12
QEHPT2_ROOT=3,4,6,7,8,11,13
QEHPT2_ROOT=3,4,6,7,8,11,14
QEHPT2_ROOT=3,4,6,7,8,12,13
QEHPT2_ROOT=3,4,6,7,8,12,14
QEHPT2_ROOT=3,4,6,7,8,13,14
QEHPT2_ROOT=3,4,6,7,9,10,11
QEHPT2_ROOT=3,4,6,7,9,10,12
QEHPT2_ROOT=3,4,6,7,9,10,13
QEHPT2_ROOT=3,4,6,7,9,10,14
QEHPT2_ROOT=3,4,6,7,9,11,12
QEHPT2_ROOT=3,4,6,7,9,11,13
QEHPT2_ROOT=3,4,6,7,9,11,14
QEHPT2_ROOT=3,4,6,7,9,12,13
QEHPT2_ROOT=3,4,6,7,9,12,14
QEHPT2_ROOT=3,4,6,7,9,13,14
QEHPT2_ROOT=3,4,6,7,10,11,12
QEHPT2_ROOT=3,4,6,7,10,11,13
QEHPT2_ROOT=3,4,6,7,10,11,14
QEHPT2_ROOT=3,4,6,7,10,12,13
QEHPT2_ROOT=3,4,6,7,10,12,14
QEHPT2_ROOT=3,4,6,7,10,13,14
QEHPT2_ROOT=3,4,6,7,11,12,13
QEHPT2_ROOT=3,4,6,7,11,12,14
QEHPT2_ROOT=3,4,6,7,11,13,14
QEHPT2_ROOT=3,4,6,7,12,13,14
QEHPT2_ROOT=3,4,6,8,9,10,11
QEHPT2_ROOT=3,4,6,8,9,10,12
QEHPT2_ROOT=3,4,6,8,9,10,13
QEHPT2_ROOT=3,4,6,8,9,10,14
QEHPT2_ROOT=3,4,6,8,9,11,12
QEHPT2_ROOT=3,4,6,8,9,11,13
QEHPT2_ROOT=3,4,6,8,9,11,14
QEHPT2_ROOT=3,4,6,8,9,12,13
QEHPT2_ROOT=3,4,6,8,9,12,14
QEHPT2_ROOT=3,4,6,8,9,13,14
QEHPT2_ROOT=3,4,6,8,10,11,12
QEHPT2_ROOT=3,4,6,8,10,11,13
QEHPT2_ROOT=3,4,6,8,10,11,14
QEHPT2_ROOT=3,4,6,8,10,12,13
QEHPT2_ROOT=3,4,6,8,10,12,14
QEHPT2_ROOT=3,4,6,8,10,13,14
QEHPT2_ROOT=3,4,6,8,11,12,13
QEHPT2_ROOT=3,4,6,8,11,12,14
QEHPT2_ROOT=3,4,6,8,11,13,14
QEHPT2_ROOT=3,4,6,8,12,13,14
QEHPT2_ROOT=3,4,6,9,10,11,12
QEHPT2_ROOT=3,4,6,9,10,11,13
QEHPT2_ROOT=3,4,6,9,10,11,14
QEHPT2_ROOT=3,4,6,9,10,12,13
QEHPT2_ROOT=3,4,6,9,10,12,14
QEHPT2_ROOT=3,4,6,9,10,13,14
QEHPT2_ROOT=3,4,6,9,11,12,13
QEHPT2_ROOT=3,4,6,9,11,12,14
QEHPT2_ROOT=3,4,6,9,11,13,14
QEHPT2_ROOT=3,4,6,9,12,13,14
QEHPT2_ROOT=3,4,6,10,11,12,13
QEHPT2_ROOT=3,4,6,10,11,12,14
QEHPT2_ROOT=3,4,6,10,11,13,14
QEHPT2_ROOT=3,4,6,10,12,13,14
QEHPT2_ROOT=3,4,6,11,12,13,14
QEHPT2_ROOT=3,4,7,8,9,10,11
QEHPT2_ROOT=3,4,7,8,9,10,12
QEHPT2_ROOT=3,4,7,8,9,10,13
QEHPT2_ROOT=3,4,7,8,9,10,14
QEHPT2_ROOT=3,4,7,8,9,11,12
QEHPT2_ROOT=3,4,7,8,9,11,13
QEHPT2_ROOT=3,4,7,8,9,11,14
QEHPT2_ROOT=3,4,7,8,9,12,13
QEHPT2_ROOT=3,4,7,8,9,12,14
QEHPT2_ROOT=3,4,7,8,9,13,14
QEHPT2_ROOT=3,4,7,8,10,11,12
QEHPT2_ROOT=3,4,7,8,10,11,13
QEHPT2_ROOT=3,4,7,8,10,11,14
QEHPT2_ROOT=3,4,7,8,10,12,13
QEHPT2_ROOT=3,4,7,8,10,12,14
QEHPT2_ROOT=3,4,7,8,10,13,14
QEHPT2_ROOT=3,4,7,8,11,12,13
QEHPT2_ROOT=3,4,7,8,11,12,14
QEHPT2_ROOT=3,4,7,8,11,13,14
QEHPT2_ROOT=3,4,7,8,12,13,14
QEHPT2_ROOT=3,4,7,9,10,11,12
QEHPT2_ROOT=3,4,7,9,10,11,13
QEHPT2_ROOT=3,4,7,9,10,11,14
QEHPT2_ROOT=3,4,7,9,10,12,13
QEHPT2_ROOT=3,4,7,9,10,12,14
QEHPT2_ROOT=3,4,7,9,10,13,14
QEHPT2_ROOT=3,4,7,9,11,12,13
QEHPT2_ROOT=3,4,7,9,11,12,14
QEHPT2_ROOT=3,4,7,9,11,13,14
QEHPT2_ROOT=3,4,7,9,12,13,14
QEHPT2_ROOT=3,4,7,10,11,12,13
QEHPT2_ROOT=3,4,7,10,11,12,14
QEHPT2_ROOT=3,4,7,10,11,13,14
QEHPT2_ROOT=3,4,7,10,12,13,14
QEHPT2_ROOT=3,4,7,11,12,13,14
QEHPT2_ROOT=3,4,8,9,10,11,12
QEHPT2_ROOT=3,4,8,9,10,11,13
QEHPT2_ROOT=3,4,8,9,10,11,14
QEHPT2_ROOT=3,4,8,9,10,12,13
QEHPT2_ROOT=3,4,8,9,10,12,14
QEHPT2_ROOT=3,4,8,9,10,13,14
QEHPT2_ROOT=3,4,8,9,11,12,13
QEHPT2_ROOT=3,4,8,9,11,12,14
QEHPT2_ROOT=3,4,8,9,11,13,14
QEHPT2_ROOT=3,4,8,9,12,13,14
QEHPT2_ROOT=3,4,8,10,11,12,13
QEHPT2_ROOT=3,4,8,10,11,12,14
QEHPT2_ROOT=3,4,8,10,11,13,14
QEHPT2_ROOT=3,4,8,10,12,13,14
QEHPT2_ROOT=3,4,8,11,12,13,14
QEHPT2_ROOT=3,4,9,10,11,12,13
QEHPT2_ROOT=3,4,9,10,11,12,14
QEHPT2_ROOT=3,4,9,10,11,13,14
QEHPT2_ROOT=3,4,9,10,12,13,14
QEHPT2_ROOT=3,4,9,11,12,13,14
QEHPT2_ROOT=3,4,10,11,12,13,14
QEHPT2_ROOT=3,5,6,7,8,9,10
QEHPT2_ROOT=3,5,6,7,8,9,11
QEHPT2_ROOT=3,5,6,7,8,9,12
QEHPT2_ROOT=3,5,6,7,8,9,13
QEHPT2_ROOT=3,5,6,7,8,9,14
QEHPT2_ROOT=3,5,6,7,8,10,11
QEHPT2_ROOT=3,5,6,7,8,10,12
QEHPT2_ROOT=3,5,6,7,8,10,13
QEHPT2_ROOT=3,5,6,7,8,10,14
QEHPT2_ROOT=3,5,6,7,8,11,12
QEHPT2_ROOT=3,5,6,7,8,11,13
QEHPT2_ROOT=3,5,6,7,8,11,14
QEHPT2_ROOT=3,5,6,7,8,12,13
QEHPT2_ROOT=3,5,6,7,8,12,14
QEHPT2_ROOT=3,5,6,7,8,13,14
QEHPT2_ROOT=3,5,6,7,9,10,11
QEHPT2_ROOT=3,5,6,7,9,10,12
QEHPT2_ROOT=3,5,6,7,9,10,13
QEHPT2_ROOT=3,5,6,7,9,10,14
QEHPT2_ROOT=3,5,6,7,9,11,12
QEHPT2_ROOT=3,5,6,7,9,11,13
QEHPT2_ROOT=3,5,6,7,9,11,14
QEHPT2_ROOT=3,5,6,7,9,12,13
QEHPT2_ROOT=3,5,6,7,9,12,14
QEHPT2_ROOT=3,5,6,7,9,13,14
QEHPT2_ROOT=3,5,6,7,10,11,12
QEHPT2_ROOT=3,5,6,7,10,11,13
QEHPT2_ROOT=3,5,6,7,10,11,14
QEHPT2_ROOT=3,5,6,7,10,12,13
QEHPT2_ROOT=3,5,6,7,10,12,14
QEHPT2_ROOT=3,5,6,7,10,13,14
QEHPT2_ROOT=3,5,6,7,11,12,13
QEHPT2_ROOT=3,5,6,7,11,12,14
QEHPT2_ROOT=3,5,6,7,11,13,14
QEHPT2_ROOT=3,5,6,7,12,13,14
QEHPT2_ROOT=3,5,6,8,9,10,11
QEHPT2_ROOT=3,5,6,8,9,10,12
QEHPT2_ROOT=3,5,6,8,9,10,13
QEHPT2_ROOT=3,5,6,8,9,10,14
QEHPT2_ROOT=3,5,6,8,9,11,12
QEHPT2_ROOT=3,5,6,8,9,11,13
QEHPT2_ROOT=3,5,6,8,9,11,14
QEHPT2_ROOT=3,5,6,8,9,12,13
QEHPT2_ROOT=3,5,6,8,9,12,14
QEHPT2_ROOT=3,5,6,8,9,13,14
QEHPT2_ROOT=3,5,6,8,10,11,12
QEHPT2_ROOT=3,5,6,8,10,11,13
QEHPT2_ROOT=3,5,6,8,10,11,14
QEHPT2_ROOT=3,5,6,8,10,12,13
QEHPT2_ROOT=3,5,6,8,10,12,14
QEHPT2_ROOT=3,5,6,8,10,13,14
QEHPT2_ROOT=3,5,6,8,11,12,13
QEHPT2_ROOT=3,5,6,8,11,12,14
QEHPT2_ROOT=3,5,6,8,11,13,14
QEHPT2_ROOT=3,5,6,8,12,13,14
QEHPT2_ROOT=3,5,6,9,10,11,12
QEHPT2_ROOT=3,5,6,9,10,11,13
QEHPT2_ROOT=3,5,6,9,10,11,14
QEHPT2_ROOT=3,5,6,9,10,12,13
QEHPT2_ROOT=3,5,6,9,10,12,14
QEHPT2_ROOT=3,5,6,9,10,13,14
QEHPT2_ROOT=3,5,6,9,11,12,13
QEHPT2_ROOT=3,5,6,9,11,12,14
QEHPT2_ROOT=3,5,6,9,11,13,14
QEHPT2_ROOT=3,5,6,9,12,13,14
QEHPT2_ROOT=3,5,6,10,11,12,13
QEHPT2_ROOT=3,5,6,10,11,12,14
QEHPT2_ROOT=3,5,6,10,11,13,14
QEHPT2_ROOT=3,5,6,10,12,13,14
QEHPT2_ROOT=3,5,6,11,12,13,14
QEHPT2_ROOT=3,5,7,8,9,10,11
QEHPT2_ROOT=3,5,7,8,9,10,12
QEHPT2_ROOT=3,5,7,8,9,10,13
QEHPT2_ROOT=3,5,7,8,9,10,14
QEHPT2_ROOT=3,5,7,8,9,11,12
QEHPT2_ROOT=3,5,7,8,9,11,13
QEHPT2_ROOT=3,5,7,8,9,11,14
QEHPT2_ROOT=3,5,7,8,9,12,13
QEHPT2_ROOT=3,5,7,8,9,12,14
QEHPT2_ROOT=3,5,7,8,9,13,14
QEHPT2_ROOT=3,5,7,8,10,11,12
QEHPT2_ROOT=3,5,7,8,10,11,13
QEHPT2_ROOT=3,5,7,8,10,11,14
QEHPT2_ROOT=3,5,7,8,10,12,13
QEHPT2_ROOT=3,5,7,8,10,12,14
QEHPT2_ROOT=3,5,7,8,10,13,14
QEHPT2_ROOT=3,5,7,8,11,12,13
QEHPT2_ROOT=3,5,7,8,11,12,14
QEHPT2_ROOT=3,5,7,8,11,13,14
QEHPT2_ROOT=3,5,7,8,12,13,14
QEHPT2_ROOT=3,5,7,9,10,11,12
QEHPT2_ROOT=3,5,7,9,10,11,13
QEHPT2_ROOT=3,5,7,9,10,11,14
QEHPT2_ROOT=3,5,7,9,10,12,13
QEHPT2_ROOT=3,5,7,9,10,12,14
QEHPT2_ROOT=3,5,7,9,10,13,14
QEHPT2_ROOT=3,5,7,9,11,12,13
QEHPT2_ROOT=3,5,7,9,11,12,14
QEHPT2_ROOT=3,5,7,9,11,13,14
QEHPT2_ROOT=3,5,7,9,12,13,14
QEHPT2_ROOT=3,5,7,10,11,12,13
QEHPT2_ROOT=3,5,7,10,11,12,14
QEHPT2_ROOT=3,5,7,10,11,13,14
QEHPT2_ROOT=3,5,7,10,12,13,14
QEHPT2_ROOT=3,5,7,11,12,13,14
QEHPT2_ROOT=3,5,8,9,10,11,12
QEHPT2_ROOT=3,5,8,9,10,11,13
QEHPT2_ROOT=3,5,8,9,10,11,14
QEHPT2_ROOT=3,5,8,9,10,12,13
QEHPT2_ROOT=3,5,8,9,10,12,14
QEHPT2_ROOT=3,5,8,9,10,13,14
QEHPT2_ROOT=3,5,8,9,11,12,13
QEHPT2_ROOT=3,5,8,9,11,12,14
QEHPT2_ROOT=3,5,8,9,11,13,14
QEHPT2_ROOT=3,5,8,9,12,13,14
QEHPT2_ROOT=3,5,8,10,11,12,13
QEHPT2_ROOT=3,5,8,10,11,12,14
QEHPT2_ROOT=3,5,8,10,11,13,14
QEHPT2_ROOT=3,5,8,10,12,13,14
QEHPT2_ROOT=3,5,8,11,12,13,14
QEHPT2_ROOT=3,5,9,10,11,12,13
QEHPT2_ROOT=3,5,9,10,11,12,14
QEHPT2_ROOT=3,5,9,10,11,13,14
QEHPT2_ROOT=3,5,9,10,12,13,14
QEHPT2_ROOT=3,5,9,11,12,13,14
QEHPT2_ROOT=3,5,10,11,12,13,14
QEHPT2_ROOT=3,6,7,8,9,10,11
QEHPT2_ROOT=3,6,7,8,9,10,12
QEHPT2_ROOT=3,6,7,8,9,10,13
QEHPT2_ROOT=3,6,7,8,9,10,14
QEHPT2_ROOT=3,6,7,8,9,11,12
QEHPT2_ROOT=3,6,7,8,9,11,13
QEHPT2_ROOT=3,6,7,8,9,11,14
QEHPT2_ROOT=3,6,7,8,9,12,13
QEHPT2_ROOT=3,6,7,8,9,12,14
QEHPT2_ROOT=3,6,7,8,9,13,14
QEHPT2_ROOT=3,6,7,8,10,11,12
QEHPT2_ROOT=3,6,7,8,10,11,13
QEHPT2_ROOT=3,6,7,8,10,11,14
QEHPT2_ROOT=3,6,7,8,10,12,13
QEHPT2_ROOT=3,6,7,8,10,12,14
QEHPT2_ROOT=3,6,7,8,10,13,14
QEHPT2_ROOT=3,6,7,8,11,12,13
QEHPT2_ROOT=3,6,7,8,11,12,14
QEHPT2_ROOT=3,6,7,8,11,13,14
QEHPT2_ROOT=3,6,7,8,12,13,14
QEHPT2_ROOT=3,6,7,9,10,11,12
QEHPT2_ROOT=3,6,7,9,10,11,13
QEHPT2_ROOT=3,6,7,9,10,11,14
QEHPT2_ROOT=3,6,7,9,10,12,13
QEHPT2_ROOT=3,6,7,9,10,12,14
QEHPT2_ROOT=3,6,7,9,10,13,14
QEHPT2_ROOT=3,6,7,9,11,12,13
QEHPT2_ROOT=3,6,7,9,11,12,14
QEHPT2_ROOT=3,6,7,9,11,13,14
QEHPT2_ROOT=3,6,7,9,12,13,14
QEHPT2_ROOT=3,6,7,10,11,12,13
QEHPT2_ROOT=3,6,7,10,11,12,14
QEHPT2_ROOT=3,6,7,10,11,13,14
QEHPT2_ROOT=3,6,7,10,12,13,14
QEHPT2_ROOT=3,6,7,11,12,13,14
QEHPT2_ROOT=3,6,8,9,10,11,12
QEHPT2_ROOT=3,6,8,9,10,11,13
QEHPT2_ROOT=3,6,8,9,10,11,14
QEHPT2_ROOT=3,6,8,9,10,12,13
QEHPT2_ROOT=3,6,8,9,10,12,14
QEHPT2_ROOT=3,6,8,9,10,13,14
QEHPT2_ROOT=3,6,8,9,11,12,13
QEHPT2_ROOT=3,6,8,9,11,12,14
QEHPT2_ROOT=3,6,8,9,11,13,14
QEHPT2_ROOT=3,6,8,9,12,13,14
QEHPT2_ROOT=3,6,8,10,11,12,13
QEHPT2_ROOT=3,6,8,10,11,12,14
QEHPT2_ROOT=3,6,8,10,11,13,14
QEHPT2_ROOT=3,6,8,10,12,13,14
QEHPT2_ROOT=3,6,8,11,12,13,14
QEHPT2_ROOT=3,6,9,10,11,12,13
QEHPT2_ROOT=3,6,9,10,11,12,14
QEHPT2_ROOT=3,6,9,10,11,13,14
QEHPT2_ROOT=3,6,9,10,12,13,14
QEHPT2_ROOT=3,6,9,11,12,13,14
QEHPT2_ROOT=3,6,10,11,12,13,14
QEHPT2_ROOT=3,7,8,9,10,11,12
QEHPT2_ROOT=3,7,8,9,10,11,13
QEHPT2_ROOT=3,7,8,9,10,11,14
QEHPT2_ROOT=3,7,8,9,10,12,13
QEHPT2_ROOT=3,7,8,9,10,12,14
QEHPT2_ROOT=3,7,8,9,10,13,14
QEHPT2_ROOT=3,7,8,9,11,12,13
QEHPT2_ROOT=3,7,8,9,11,12,14
QEHPT2_ROOT=3,7,8,9,11,13,14
QEHPT2_ROOT=3,7,8,9,12,13,14
QEHPT2_ROOT=3,7,8,10,11,12,13
QEHPT2_ROOT=3,7,8,10,11,12,14
QEHPT2_ROOT=3,7,8,10,11,13,14
QEHPT2_ROOT=3,7,8,10,12,13,14
QEHPT2_ROOT=3,7,8,11,12,13,14
QEHPT2_ROOT=3,7,9,10,11,12,13
QEHPT2_ROOT=3,7,9,10,11,12,14
QEHPT2_ROOT=3,7,9,10,11,13,14
QEHPT2_ROOT=3,7,9,10,12,13,14
QEHPT2_ROOT=3,7,9,11,12,13,14
QEHPT2_ROOT=3,7,10,11,12,13,14
QEHPT2_ROOT=3,8,9,10,11,12,13
QEHPT2_ROOT=3,8,9,10,11,12,14
QEHPT2_ROOT=3,8,9,10,11,13,14
QEHPT2_ROOT=3,8,9,10,12,13,14
QEHPT2_ROOT=3,8,9,11,12,13,14
QEHPT2_ROOT=3,8,10,11,12,13,14
QEHPT2_ROOT=3,9,10,11,12,13,14
QEHPT2_ROOT=4,5,6,7,8,9,10
QEHPT2_ROOT=4,5,6,7,8,9,11
QEHPT2_ROOT=4,5,6,7,8,9,12
QEHPT2_ROOT=4,5,6,7,8,9,13
QEHPT2_ROOT=4,5,6,7,8,9,14
QEHPT2_ROOT=4,5,6,7,8,10,11
QEHPT2_ROOT=4,5,6,7,8,10,12
QEHPT2_ROOT=4,5,6,7,8,10,13
QEHPT2_ROOT=4,5,6,7,8,10,14
QEHPT2_ROOT=4,5,6,7,8,11,12
QEHPT2_ROOT=4,5,6,7,8,11,13
QEHPT2_ROOT=4,5,6,7,8,11,14
QEHPT2_ROOT=4,5,6,7,8,12,13
QEHPT2_ROOT=4,5,6,7,8,12,14
QEHPT2_ROOT=4,5,6,7,8,13,14
QEHPT2_ROOT=4,5,6,7,9,10,11
QEHPT2_ROOT=4,5,6,7,9,10,12
QEHPT2_ROOT=4,5,6,7,9,10,13
QEHPT2_ROOT=4,5,6,7,9,10,14
QEHPT2_ROOT=4,5,6,7,9,11,12
QEHPT2_ROOT=4,5,6,7,9,11,13
QEHPT2_ROOT=4,5,6,7,9,11,14
QEHPT2_ROOT=4,5,6,7,9,12,13
QEHPT2_ROOT=4,5,6,7,9,12,14
QEHPT2_ROOT=4,5,6,7,9,13,14
QEHPT2_ROOT=4,5,6,7,10,11,12
QEHPT2_ROOT=4,5,6,7,10,11,13
QEHPT2_ROOT=4,5,6,7,10,11,14
QEHPT2_ROOT=4,5,6,7,10,12,13
QEHPT2_ROOT=4,5,6,7,10,12,14
QEHPT2_ROOT=4,5,6,7,10,13,14
QEHPT2_ROOT=4,5,6,7,11,12,13
QEHPT2_ROOT=4,5,6,7,11,12,14
QEHPT2_ROOT=4,5,6,7,11,13,14
QEHPT2_ROOT=4,5,6,7,12,13,14
QEHPT2_ROOT=4,5,6,8,9,10,11
QEHPT2_ROOT=4,5,6,8,9,10,12
QEHPT2_ROOT=4,5,6,8,9,10,13
QEHPT2_ROOT=4,5,6,8,9,10,14
QEHPT2_ROOT=4,5,6,8,9,11,12
QEHPT2_ROOT=4,5,6,8,9,11,13
QEHPT2_ROOT=4,5,6,8,9,11,14
QEHPT2_ROOT=4,5,6,8,9,12,13
QEHPT2_ROOT=4,5,6,8,9,12,14
QEHPT2_ROOT=4,5,6,8,9,13,14
QEHPT2_ROOT=4,5,6,8,10,11,13
QEHPT2_ROOT=4,5,6,8,10,11,14
QEHPT2_ROOT=4,5,6,8,10,12,13
QEHPT2_ROOT=4,5,6,8,10,12,14
QEHPT2_ROOT=4,5,6,8,10,13,14
QEHPT2_ROOT=4,5,6,8,11,12,13
QEHPT2_ROOT=4,5,6,8,11,12,14
QEHPT2_ROOT=4,5,6,8,11,13,14
QEHPT2_ROOT=4,5,6,8,12,13,14
QEHPT2_ROOT=4,5,6,9,10,11,12
QEHPT2_ROOT=4,5,6,9,10,11,13
QEHPT2_ROOT=4,5,6,9,10,11,14
QEHPT2_ROOT=4,5,6,9,10,12,13
QEHPT2_ROOT=4,5,6,9,10,12,14
QEHPT2_ROOT=4,5,6,9,10,13,14
QEHPT2_ROOT=4,5,6,9,11,12,13
QEHPT2_ROOT=4,5,6,9,11,12,14
QEHPT2_ROOT=4,5,6,9,11,13,14
QEHPT2_ROOT=4,5,6,9,12,13,14
QEHPT2_ROOT=4,5,6,10,11,12,13
QEHPT2_ROOT=4,5,6,10,11,12,14
QEHPT2_ROOT=4,5,6,10,11,13,14
QEHPT2_ROOT=4,5,6,10,12,13,14
QEHPT2_ROOT=4,5,6,11,12,13,14
QEHPT2_ROOT=4,5,7,8,9,10,11
QEHPT2_ROOT=4,5,7,8,9,10,12
QEHPT2_ROOT=4,5,7,8,9,10,13
QEHPT2_ROOT=4,5,7,8,9,10,14
QEHPT2_ROOT=4,5,7,8,9,11,12
QEHPT2_ROOT=4,5,7,8,9,11,13
QEHPT2_ROOT=4,5,7,8,9,11,14
QEHPT2_ROOT=4,5,7,8,9,12,13
QEHPT2_ROOT=4,5,7,8,9,12,14
QEHPT2_ROOT=4,5,7,8,9,13,14
QEHPT2_ROOT=4,5,7,8,10,11,12
QEHPT2_ROOT=4,5,7,8,10,11,13
QEHPT2_ROOT=4,5,7,8,10,11,14
QEHPT2_ROOT=4,5,7,8,10,12,13
QEHPT2_ROOT=4,5,7,8,10,12,14
QEHPT2_ROOT=4,5,7,8,10,13,14
QEHPT2_ROOT=4,5,7,8,11,12,13
QEHPT2_ROOT=4,5,7,8,11,12,14
QEHPT2_ROOT=4,5,7,8,11,13,14
QEHPT2_ROOT=4,5,7,8,12,13,14
QEHPT2_ROOT=4,5,7,9,10,11,12
QEHPT2_ROOT=4,5,7,9,10,11,13
QEHPT2_ROOT=4,5,7,9,10,11,14
QEHPT2_ROOT=4,5,7,9,10,12,13
QEHPT2_ROOT=4,5,7,9,10,12,14
QEHPT2_ROOT=4,5,7,9,10,13,14
QEHPT2_ROOT=4,5,7,9,11,12,13
QEHPT2_ROOT=4,5,7,9,11,12,14
QEHPT2_ROOT=4,5,7,9,11,13,14
QEHPT2_ROOT=4,5,7,9,12,13,14
QEHPT2_ROOT=4,5,7,10,11,12,13
QEHPT2_ROOT=4,5,7,10,11,12,14
QEHPT2_ROOT=4,5,7,10,11,13,14
QEHPT2_ROOT=4,5,7,10,12,13,14
QEHPT2_ROOT=4,5,7,11,12,13,14
QEHPT2_ROOT=4,5,8,9,10,11,12
QEHPT2_ROOT=4,5,8,9,10,11,13
QEHPT2_ROOT=4,5,8,9,10,11,14
QEHPT2_ROOT=4,5,8,9,10,12,13
QEHPT2_ROOT=4,5,8,9,10,12,14
QEHPT2_ROOT=4,5,8,9,10,13,14
QEHPT2_ROOT=4,5,8,9,11,12,13
QEHPT2_ROOT=4,5,8,9,11,12,14
QEHPT2_ROOT=4,5,8,9,11,13,14
QEHPT2_ROOT=4,5,8,9,12,13,14
QEHPT2_ROOT=4,5,8,10,11,12,13
QEHPT2_ROOT=4,5,8,10,11,12,14
QEHPT2_ROOT=4,5,8,10,11,13,14
QEHPT2_ROOT=4,5,8,10,12,13,14
QEHPT2_ROOT=4,5,8,11,12,13,14
QEHPT2_ROOT=4,5,9,10,11,12,13
QEHPT2_ROOT=4,5,9,10,11,12,14
QEHPT2_ROOT=4,5,9,10,11,13,14
QEHPT2_ROOT=4,5,9,10,12,13,14
QEHPT2_ROOT=4,5,9,11,12,13,14
QEHPT2_ROOT=4,5,10,11,12,13,14
QEHPT2_ROOT=4,6,7,8,9,10,11
QEHPT2_ROOT=4,6,7,8,9,10,12
QEHPT2_ROOT=4,6,7,8,9,10,13
QEHPT2_ROOT=4,6,7,8,9,10,14
QEHPT2_ROOT=4,6,7,8,9,11,12
QEHPT2_ROOT=4,6,7,8,9,11,13
QEHPT2_ROOT=4,6,7,8,9,11,14
QEHPT2_ROOT=4,6,7,8,9,12,13
QEHPT2_ROOT=4,6,7,8,9,12,14
QEHPT2_ROOT=4,6,7,8,9,13,14
QEHPT2_ROOT=4,6,7,8,10,11,12
QEHPT2_ROOT=4,6,7,8,10,11,13
QEHPT2_ROOT=4,6,7,8,10,11,14
QEHPT2_ROOT=4,6,7,8,10,12,13
QEHPT2_ROOT=4,6,7,8,10,12,14
QEHPT2_ROOT=4,6,7,8,10,13,14
QEHPT2_ROOT=4,6,7,8,11,12,13
QEHPT2_ROOT=4,6,7,8,11,12,14
QEHPT2_ROOT=4,6,7,8,11,13,14
QEHPT2_ROOT=4,6,7,8,12,13,14
QEHPT2_ROOT=4,6,7,9,10,11,12
QEHPT2_ROOT=4,6,7,9,10,11,13
QEHPT2_ROOT=4,6,7,9,10,11,14
QEHPT2_ROOT=4,6,7,9,10,12,13
QEHPT2_ROOT=4,6,7,9,10,12,14
QEHPT2_ROOT=4,6,7,9,10,13,14
QEHPT2_ROOT=4,6,7,9,11,12,13
QEHPT2_ROOT=4,6,7,9,11,12,14
QEHPT2_ROOT=4,6,7,9,11,13,14
QEHPT2_ROOT=4,6,7,9,12,13,14
QEHPT2_ROOT=4,6,7,10,11,12,13
QEHPT2_ROOT=4,6,7,10,11,12,14
QEHPT2_ROOT=4,6,7,10,11,13,14
QEHPT2_ROOT=4,6,7,10,12,13,14
QEHPT2_ROOT=4,6,7,11,12,13,14
QEHPT2_ROOT=4,6,8,9,10,11,12
QEHPT2_ROOT=4,6,8,9,10,11,13
QEHPT2_ROOT=4,6,8,9,10,11,14
QEHPT2_ROOT=4,6,8,9,10,12,13
QEHPT2_ROOT=4,6,8,9,10,12,14
QEHPT2_ROOT=4,6,8,9,10,13,14
QEHPT2_ROOT=4,6,8,9,11,12,13
QEHPT2_ROOT=4,6,8,9,11,12,14
QEHPT2_ROOT=4,6,8,9,11,13,14
QEHPT2_ROOT=4,6,8,9,12,13,14
QEHPT2_ROOT=4,6,8,10,11,12,13
QEHPT2_ROOT=4,6,8,10,11,12,14
QEHPT2_ROOT=4,6,8,10,11,13,14
QEHPT2_ROOT=4,6,8,10,12,13,14
QEHPT2_ROOT=4,6,8,11,12,13,14
QEHPT2_ROOT=4,6,9,10,11,12,13
QEHPT2_ROOT=4,6,9,10,11,12,14
QEHPT2_ROOT=4,6,9,10,11,13,14
QEHPT2_ROOT=4,6,9,10,12,13,14
QEHPT2_ROOT=4,6,9,11,12,13,14
QEHPT2_ROOT=4,6,10,11,12,13,14
QEHPT2_ROOT=4,7,8,9,10,11,12
QEHPT2_ROOT=4,7,8,9,10,11,13
QEHPT2_ROOT=4,7,8,9,10,11,14
QEHPT2_ROOT=4,7,8,9,10,12,13
QEHPT2_ROOT=4,7,8,9,10,12,14
QEHPT2_ROOT=4,7,8,9,10,13,14
QEHPT2_ROOT=4,7,8,9,11,12,13
QEHPT2_ROOT=4,7,8,9,11,12,14
QEHPT2_ROOT=4,7,8,9,11,13,14
QEHPT2_ROOT=4,7,8,9,12,13,14
QEHPT2_ROOT=4,7,8,10,11,12,13
QEHPT2_ROOT=4,7,8,10,11,12,14
QEHPT2_ROOT=4,7,8,10,11,13,14
QEHPT2_ROOT=4,7,8,10,12,13,14
QEHPT2_ROOT=4,7,8,11,12,13,14
QEHPT2_ROOT=4,7,9,10,11,12,13
QEHPT2_ROOT=4,7,9,10,11,12,14
QEHPT2_ROOT=4,7,9,10,11,13,14
QEHPT2_ROOT=4,7,9,10,12,13,14
QEHPT2_ROOT=4,7,9,11,12,13,14
QEHPT2_ROOT=4,7,10,11,12,13,14
QEHPT2_ROOT=4,8,9,10,11,12,13
QEHPT2_ROOT=4,8,9,10,11,12,14
QEHPT2_ROOT=4,8,9,10,11,13,14
QEHPT2_ROOT=4,8,9,10,12,13,14
QEHPT2_ROOT=4,8,9,11,12,13,14
QEHPT2_ROOT=4,8,10,11,12,13,14
QEHPT2_ROOT=4,9,10,11,12,13,14
QEHPT2_ROOT=5,6,7,8,9,10,11
QEHPT2_ROOT=5,6,7,8,9,10,12
QEHPT2_ROOT=5,6,7,8,9,10,13
QEHPT2_ROOT=5,6,7,8,9,10,14
QEHPT2_ROOT=5,6,7,8,9,11,12
QEHPT2_ROOT=5,6,7,8,9,11,13
QEHPT2_ROOT=5,6,7,8,9,11,14
QEHPT2_ROOT=5,6,7,8,9,12,13
QEHPT2_ROOT=5,6,7,8,9,12,14
QEHPT2_ROOT=5,6,7,8,9,13,14
QEHPT2_ROOT=5,6,7,8,10,11,12
QEHPT2_ROOT=5,6,7,8,10,11,13
QEHPT2_ROOT=5,6,7,8,10,11,14
QEHPT2_ROOT=5,6,7,8,10,12,13
QEHPT2_ROOT=5,6,7,8,10,12,14
QEHPT2_ROOT=5,6,7,8,10,13,14
QEHPT2_ROOT=5,6,7,8,11,12,13
QEHPT2_ROOT=5,6,7,8,11,12,14
QEHPT2_ROOT=5,6,7,8,11,13,14
QEHPT2_ROOT=5,6,7,8,12,13,14
QEHPT2_ROOT=5,6,7,9,10,11,12
QEHPT2_ROOT=5,6,7,9,10,11,13
QEHPT2_ROOT=5,6,7,9,10,12,13
QEHPT2_ROOT=5,6,7,9,10,12,14
QEHPT2_ROOT=5,6,7,9,10,13,14
QEHPT2_ROOT=5,6,7,9,11,12,13
QEHPT2_ROOT=5,6,7,9,11,12,14
QEHPT2_ROOT=5,6,7,9,11,13,14
QEHPT2_ROOT=5,6,7,9,12,13,14
QEHPT2_ROOT=5,6,7,10,11,12,13
QEHPT2_ROOT=5,6,7,10,11,12,14
QEHPT2_ROOT=5,6,7,10,11,13,14
QEHPT2_ROOT=5,6,7,10,12,13,14
QEHPT2_ROOT=5,6,7,11,12,13,14
QEHPT2_ROOT=5,6,8,9,10,11,13
QEHPT2_ROOT=5,6,8,9,10,11,14
QEHPT2_ROOT=5,6,8,9,10,12,14
QEHPT2_ROOT=5,6,8,9,10,13,14
QEHPT2_ROOT=5,6,8,9,11,12,13
QEHPT2_ROOT=5,6,8,9,11,12,14
QEHPT2_ROOT=5,6,8,9,11,13,14
QEHPT2_ROOT=5,6,8,9,12,13,14
QEHPT2_ROOT=5,6,8,10,11,12,14
QEHPT2_ROOT=5,6,8,10,11,13,14
QEHPT2_ROOT=5,6,8,10,12,13,14
QEHPT2_ROOT=5,6,8,11,12,13,14
QEHPT2_ROOT=5,6,9,10,11,12,13
QEHPT2_ROOT=5,6,9,10,11,12,14
QEHPT2_ROOT=5,6,9,10,11,13,14
QEHPT2_ROOT=5,6,9,10,12,13,14
QEHPT2_ROOT=5,6,9,11,12,13,14
QEHPT2_ROOT=5,6,10,11,12,13,14
QEHPT2_ROOT=5,7,8,9,10,11,12
QEHPT2_ROOT=5,7,8,9,10,11,13
QEHPT2_ROOT=5,7,8,9,10,11,14
QEHPT2_ROOT=5,7,8,9,10,12,13
QEHPT2_ROOT=5,7,8,9,10,12,14
QEHPT2_ROOT=5,7,8,9,10,13,14
QEHPT2_ROOT=5,7,8,9,11,12,13
QEHPT2_ROOT=5,7,8,9,11,12,14
QEHPT2_ROOT=5,7,8,9,11,13,14
QEHPT2_ROOT=5,7,8,9,12,13,14
QEHPT2_ROOT=5,7,8,10,11,12,13
QEHPT2_ROOT=5,7,8,10,11,12,14
QEHPT2_ROOT=5,7,8,10,12,13,14
QEHPT2_ROOT=5,7,8,11,12,13,14
QEHPT2_ROOT=5,7,9,10,11,12,13
QEHPT2_ROOT=5,7,9,10,11,12,14
QEHPT2_ROOT=5,7,9,10,11,13,14
QEHPT2_ROOT=5,7,9,10,12,13,14
QEHPT2_ROOT=5,7,9,11,12,13,14
QEHPT2_ROOT=5,7,10,11,12,13,14
QEHPT2_ROOT=5,8,9,10,11,12,13
QEHPT2_ROOT=5,8,9,10,11,12,14
QEHPT2_ROOT=5,8,9,10,11,13,14
QEHPT2_ROOT=5,8,9,10,12,13,14
QEHPT2_ROOT=5,8,9,11,12,13,14
QEHPT2_ROOT=5,8,10,11,12,13,14
QEHPT2_ROOT=5,9,10,11,12,13,14
QEHPT2_ROOT=6,7,8,9,10,11,12
QEHPT2_ROOT=6,7,8,9,10,11,13
QEHPT2_ROOT=6,7,8,9,10,11,14
QEHPT2_ROOT=6,7,8,9,10,12,13
QEHPT2_ROOT=6,7,8,9,10,12,14
QEHPT2_ROOT=6,7,8,9,10,13,14
QEHPT2_ROOT=6,7,8,9,11,12,13
QEHPT2_ROOT=6,7,8,9,11,12,14
QEHPT2_ROOT=6,7,8,9,11,13,14
QEHPT2_ROOT=6,7,8,9,12,13,14
QEHPT2_ROOT=6,7,8,10,11,12,13
QEHPT2_ROOT=6,7,8,10,11,12,14
QEHPT2_ROOT=6,7,8,10,11,13,14
QEHPT2_ROOT=6,7,8,10,12,13,14
QEHPT2_ROOT=6,7,8,11,12,13,14
QEHPT2_ROOT=6,7,9,10,11,12,13
QEHPT2_ROOT=6,7,9,10,11,12,14
QEHPT2_ROOT=6,7,9,10,11,13,14
QEHPT2_ROOT=6,7,9,10,12,13,14
QEHPT2_ROOT=6,7,10,11,12,13,14
QEHPT2_ROOT=6,8,9,10,11,12,13
QEHPT2_ROOT=6,8,9,10,11,12,14
QEHPT2_ROOT=6,8,9,10,11,13,14
QEHPT2_ROOT=6,8,9,10,12,13,14
QEHPT2_ROOT=6,8,9,11,12,13,14
QEHPT2_ROOT=6,8,10,11,12,13,14
QEHPT2_ROOT=6,9,10,11,12,13,14
QEHPT2_ROOT=7,8,9,10,11,12,13
QEHPT2_ROOT=7,8,9,10,11,12,14
QEHPT2_ROOT=7,8,9,10,11,13,14
QEHPT2_ROOT=7,8,9,10,12,13,14
QEHPT2_ROOT=7,8,10,11,12,13,14
QEHPT2_ROOT=7,9,10,11,12,13,14
QEHPT2_ROOT=8,9,10,11,12,13,14
semantic_sha256=75c4e9f27ed81fb08250b6cf808ed8a0db762031246db9358dc287a081a51aa3
scope=conditional composition through THM2913;not canon
