mask_hex,rank,joint,active_rows,equality_rows,failure_pair_signature
0038940c,8,0,385,0,7
0080728a,8,0,387,0,7
22506180,8,0,376,0,4
11003981,8,0,317,0,0
34128a00,8,0,365,0,4
0804c21a,8,0,1,0,0
08984038,8,0,243,0,0
00224a85,8,0,33,0,0
35900810,8,0,370,0,4
005c410a,8,0,83,0,0
08021247,8,0,20,0,0
0a1402c8,8,0,4,0,0
0a6810c0,8,0,355,0,6
340120c4,8,0,242,0,0
08914602,8,0,192,0,0
01129211,8,0,377,0,6
281a0070,8,0,185,0,0
34508300,8,0,350,0,0
0244c80c,8,0,129,0,0
00e04245,8,0,18,0,0
1100511c,8,0,56,0,0
25089048,8,0,382,0,7
00389806,8,0,263,0,4
0c432401,8,0,376,0,1
11300c09,8,0,391,0,7
02c43108,8,0,163,0,0
13285100,8,0,391,0,7
14100233,8,0,13,0,0
11a18220,8,0,2,0,0
040c2161,8,0,89,0,0
30c14300,8,0,342,0,5
30203310,8,0,187,0,0
100429a2,8,0,1,0,0
0688a009,8,0,390,0,6
061a2041,8,0,345,0,0
28700406,8,0,18,0,0
21509401,8,0,391,0,7
05520860,8,0,234,0,0
2204c0a2,8,0,48,0,0
20192103,8,0,286,0,0
2e018802,8,0,248,0,0
2088b280,8,0,385,0,6
049a00a2,8,0,198,0,0
00822685,8,0,301,0,0
05145018,8,0,391,0,7
0c1cc020,8,0,369,0,0
11045809,8,0,391,0,7
000662c8,8,0,232,0,0
10451700,8,0,127,0,0
03654100,8,0,273,0,0
0b20a208,8,0,366,0,2
05850422,8,0,194,0,0
21202c60,8,0,26,0,0
13840144,8,0,114,0,0
26108061,8,0,307,0,4
061c8014,8,0,359,0,4
02489a10,8,0,12,0,0
04468182,8,0,8,0,0
03044681,8,0,383,0,6
17300005,8,0,391,0,7
0a260141,8,0,99,0,0
0a4020b8,8,0,34,0,0
20406868,8,0,8,0,0
02515810,8,0,157,0,0
050420b2,8,0,278,0,0
2b088c00,8,0,391,0,7
0068211a,8,0,10,0,0
02305884,8,0,387,0,6
020c28c8,8,0,149,0,0
20414036,8,0,9,0,0
12029205,8,0,123,0,0
09103203,8,0,387,0,7
02076220,8,0,33,0,0
02c40d80,8,0,89,0,0
019d0030,8,0,7,0,0
24448805,8,0,256,0,0
25a20088,8,0,341,0,4
31182140,8,0,379,0,3
0842106c,8,0,11,0,0
29102c20,8,0,335,0,3
042aa820,8,0,103,0,0
2101b081,8,0,381,0,6
08027821,8,0,276,0,0
2408a418,8,0,390,0,7
19501012,8,0,336,0,1
16e02100,8,0,376,0,4
0a284054,8,0,67,0,0
000e2816,8,0,116,0,0
009920a1,8,0,145,0,0
00241896,8,0,47,0,0
300bc200,8,0,202,0,0
000cb211,8,0,270,0,0
20463005,8,0,331,0,0
10a11302,8,0,84,0,0
010a30c4,8,0,371,0,4
1a044290,8,0,130,0,0
04459480,8,0,380,0,4
08c23300,8,0,323,0,1
1411011c,8,0,27,0,0
0a500885,8,0,240,0,0
15802a08,8,0,369,0,0
0023a089,8,0,322,0,0
008e4409,8,0,369,0,3
03408cc0,8,0,391,0,7
0409b110,8,0,195,0,0
090a5402,8,0,364,0,7
080c6c40,8,0,247,0,0
29c04084,8,0,347,0,0
1005a520,8,0,11,0,0
12042413,8,0,225,0,0
290a0805,8,0,345,0,1
13c10024,8,0,14,0,0
28272010,8,0,103,0,0
0c0a8844,8,0,125,0,0
0a104a0a,8,0,100,0,0
1181a102,8,0,35,0,0
01312882,8,0,240,0,0
0c004c13,8,0,69,0,0
3a001222,8,0,32,0,0
11890406,8,0,112,0,0
09382500,8,0,388,0,7
04066803,8,0,293,0,0
14262401,8,0,369,0,1
30701500,8,0,388,0,7
209015c0,8,0,43,0,0
1e842100,8,0,383,0,0
284a0224,8,0,148,0,0
0091a302,8,0,10,0,0
2d018022,8,0,180,0,0
11360810,8,0,303,0,0
02301c82,8,0,381,0,6
01a41340,8,0,335,0,7
1600045a,8,0,94,0,0
06443108,8,0,369,0,0
06292220,8,0,366,0,4
01581c04,8,0,382,0,7
2a6c0040,8,0,322,0,2
18602026,8,0,14,0,0
0c982600,8,0,389,0,5
00365808,8,0,385,0,7
3c020c80,8,0,357,0,1
04d08a08,8,0,354,0,4
1a0a8900,8,0,50,0,0
1110e401,8,0,391,0,7
20866480,8,0,391,0,7
0070e084,8,0,349,0,0
0c2080c3,8,0,114,0,0
1c2001a2,8,0,8,0,0
12900382,8,0,27,0,0
1408a089,8,0,391,0,7
09404903,8,0,67,0,0
200d20c2,8,0,288,0,0
210ea010,8,0,387,0,7
0a1ac004,8,0,385,0,6
260811a0,8,0,242,0,4
21b20005,8,0,159,0,0
00694908,8,0,6,0,0
0111c441,8,0,383,0,6
24002d06,8,0,15,0,0
08044436,8,0,1,0,0
10c41203,8,0,257,0,0
1034820a,8,0,263,0,0
02518601,8,0,390,0,6
0540051a,8,0,106,0,0
088e1021,8,0,110,0,0
06404914,8,0,13,0,0
03423082,8,0,391,0,7
0300aa14,8,0,53,0,0
0100e720,8,0,104,0,0
29a14040,8,0,324,0,0
0c883420,8,0,347,0,0
02073042,8,0,1,0,0
04881541,8,0,155,0,0
0420d190,8,0,326,0,4
30106214,8,0,296,0,0
0260a811,8,0,129,0,0
080c18c8,8,0,69,0,0
16103012,8,0,389,0,6
182010b4,8,0,2,0,0
28189201,8,0,381,0,7
11812604,8,0,271,0,0
1c408520,8,0,67,0,0
2100603c,8,0,127,0,0
01409684,8,0,222,0,0
0008720d,8,0,382,0,5
1b004304,8,0,81,0,0
18413022,8,0,54,0,0
30540320,8,0,115,0,0
040f8021,8,0,238,0,0
21522804,8,0,365,0,0
08924860,8,0,245,0,0
092e0820,8,0,126,0,0
10d04428,8,0,375,0,2
064804c2,8,0,226,0,0
12011681,8,0,216,0,0
1406a500,8,0,316,0,0
10923108,8,0,313,0,0
002c9c40,8,0,303,0,6
04212452,8,0,61,0,0
00c28e40,8,0,10,0,0
06044a42,8,0,26,0,0
28b02090,8,0,144,0,0
06204511,8,0,148,0,0
202c2540,8,0,299,0,0
310a0502,8,0,257,0,0
00181455,8,0,15,0,0
000e601c,8,0,252,0,0
14102286,8,0,329,0,0
001a8451,8,0,148,0,0
17810011,8,0,266,0,0
1024044b,8,0,298,0,0
0520b009,8,0,391,0,7
16062024,8,0,317,0,0
0c809016,8,0,196,0,0
101a2188,8,0,341,0,0
0f2c0800,8,0,391,0,7
21201a14,8,0,53,0,0
001c4a03,8,0,134,0,0
22501610,8,0,306,0,6
02812017,8,0,8,0,0
006c8884,8,0,18,0,0
001814cc,8,0,90,0,0
0040c88d,8,0,112,0,0
051a0806,8,0,373,0,4
04025223,8,0,208,0,0
10487600,8,0,390,0,7
14512300,8,0,384,0,5
04039450,8,0,100,0,0
148aa004,8,0,278,0,0
0a20e801,8,0,286,0,0
011c3042,8,0,388,0,7
05a04824,8,0,290,0,4
0cf00022,8,0,160,0,0
03a44801,8,0,327,0,6
10145602,8,0,352,0,3
0168420a,8,0,284,0,2
0060e818,8,0,23,0,0
0200c40f,8,0,293,0,2
32082450,8,0,309,0,0
0a426600,8,0,388,0,7
081a0b08,8,0,302,0,0
00615211,8,0,277,0,4
3104c408,8,0,386,0,7
0148c188,8,0,157,0,0
02a0150c,8,0,358,0,6
28132108,8,0,305,0,0
33802404,8,0,390,0,7
21554001,8,0,391,0,7
046f0020,8,0,295,0,0
14d40044,8,0,383,0,0
302a4401,8,0,329,0,3
1020a609,8,0,334,0,0
101411a8,8,0,149,0,0
0c845820,8,0,354,0,4
38242402,8,0,307,0,1
2c688080,8,0,341,0,4
0c212144,8,0,98,0,0
31202422,8,0,253,0,0
2898008a,8,0,366,0,0
206050d0,8,0,270,0,6
0112b440,8,0,391,0,7
0080f064,8,0,151,0,0
1a808841,8,0,22,0,0
045b1001,8,0,391,0,7
32829200,8,0,189,0,4
0090241e,8,0,46,0,0
201c0c24,8,0,260,0,0
28882580,8,0,373,0,3
0830c049,8,0,331,0,0
2019c120,8,0,262,0,0
01d0002b,8,0,287,0,0
0e090054,8,0,29,0,0
04a60141,8,0,62,0,0
15040621,8,0,368,0,1
21600c11,8,0,72,0,0
1510a804,8,0,390,0,7
040940b1,8,0,168,0,0
2100360c,8,0,388,0,7
30580444,8,0,343,0,1
0432081c,8,0,251,0,0
10a94900,8,0,37,0,0
08403d80,8,0,165,0,0
1090424a,8,0,236,0,0
24512804,8,0,382,0,5
08918288,8,0,4,0,0
20ac6002,8,0,391,0,7
084c21c0,8,0,192,0,0
180a8418,8,0,271,0,0
00a45a08,8,0,151,0,4
14780804,8,0,385,0,5
2d01a100,8,0,311,0,0
21541401,8,0,391,0,7
26202062,8,0,227,0,0
14350021,8,0,388,0,5
1520020b,8,0,388,0,7
02055083,8,0,170,0,0
04a80c88,8,0,363,0,6
020c10c5,8,0,71,0,0
10451304,8,0,140,0,0
0802d310,8,0,34,0,0
19040126,8,0,33,0,0
1600a428,8,0,378,0,4
10c9c200,8,0,364,0,4
05391800,8,0,391,0,7
23a81004,8,0,391,0,7
03928840,8,0,208,0,4
20893420,8,0,245,0,0
09068488,8,0,386,0,7
2a2004c4,8,0,36,0,0
03845410,8,0,391,0,7
02098449,8,0,388,0,6
02886814,8,0,141,0,0
01815224,8,0,288,0,4
10a04702,8,0,111,0,0
24082198,8,0,346,0,4
201c1b00,8,0,182,0,0
23a02204,8,0,316,0,4
0400ed08,8,0,125,0,0
02581086,8,0,203,0,0
110c1412,8,0,338,0,0
16288140,8,0,285,0,4
0126c082,8,0,98,0,0
20231488,8,0,363,0,6
19880109,8,0,280,0,0
010c8c81,8,0,334,0,0
10644218,8,0,198,0,0
008c602a,8,0,316,0,0
220038a2,8,0,68,0,0
1202a2c0,8,0,237,0,0
0580a448,8,0,390,0,7
20ec0c00,8,0,231,0,0
082a5050,8,0,379,0,7
01d24084,8,0,341,0,0
013050c2,8,0,389,0,7
06254084,8,0,337,0,4
14830680,8,0,361,0,4
2a80c810,8,0,162,0,0
13240032,8,0,154,0,0
0b180890,8,0,283,0,0
0b813800,8,0,193,0,0
32440a20,8,0,11,0,0
2048244a,8,0,359,0,3
04a8012c,8,0,155,0,0
004c41d0,8,0,6,0,0
04238380,8,0,164,0,0
04191206,8,0,364,0,4
1600890a,8,0,123,0,0
025500a1,8,0,98,0,0
21a04086,8,0,324,0,6
026a2120,8,0,68,0,0
047300c0,8,0,317,0,4
0a461088,8,0,348,0,0
0860001f,8,0,2,0,0
18881d00,8,0,39,0,0
2806402c,8,0,293,0,0
28891480,8,0,309,0,0
0a0b2120,8,0,2,0,0
206e0042,8,0,191,0,0
07214802,8,0,368,0,6
25900a02,8,0,376,0,7
1054c480,8,0,385,0,3
25026081,8,0,391,0,7
180b4050,8,0,70,0,0
22ea0020,8,0,66,0,0
24780808,8,0,391,0,7
06246500,8,0,384,0,6
006c1121,8,0,192,0,0
0b700088,8,0,377,0,2
28424284,8,0,271,0,0
28160602,8,0,236,0,0
02744044,8,0,251,0,0
04023113,8,0,92,0,0
0cc46008,8,0,390,0,7
1c005c01,8,0,359,0,0
20280e12,8,0,58,0,0
32082064,8,0,106,0,0
02443122,8,0,7,0,0
020c5803,8,0,226,0,0
10191103,8,0,30,0,0
02507048,8,0,372,0,6
0b440450,8,0,205,0,0
16028248,8,0,119,0,0
24052980,8,0,265,0,0
0c161802,8,0,379,0,5
1252040a,8,0,383,0,2
00b880a4,8,0,65,0,0
042a9030,8,0,287,0,4
0092510a,8,0,357,0,7
0e494400,8,0,390,0,7
00825518,8,0,101,0,0
1c82c080,8,0,388,0,7
28060291,8,0,239,0,0
05056820,8,0,317,0,0
0230c130,8,0,145,0,0
24062e00,8,0,301,0,0
0008651a,8,0,28,0,0
2491c001,8,0,391,0,7
0480b106,8,0,222,0,0
09844450,8,0,352,0,3
08a20229,8,0,286,0,0
10658014,8,0,13,0,0
0805201d,8,0,7,0,0
22108611,8,0,322,0,2
2bc02080,8,0,390,0,7
07a01018,8,0,390,0,6
08043309,8,0,238,0,0
206e0041,8,0,230,0,0
06840485,8,0,355,0,0
209c4201,8,0,391,0,7
20279002,8,0,41,0,0
05121481,8,0,391,0,7
0142c809,8,0,382,0,3
228c1022,8,0,214,0,0
01c8b001,8,0,391,0,7
04805628,8,0,377,0,6
0886c210,8,0,209,0,0
2100e520,8,0,241,0,0
10903821,8,0,18,0,0
140082a5,8,0,46,0,0
235a0008,8,0,391,0,7
0c272080,8,0,376,0,5
04188292,8,0,147,0,0
36038080,8,0,309,0,4
23902028,8,0,320,0,0
38241022,8,0,194,0,0
306a0140,8,0,37,0,0
0b081c01,8,0,391,0,7
05122414,8,0,353,0,0
240d0130,8,0,177,0,0
03833008,8,0,239,0,0
19240418,8,0,353,0,3
1402c882,8,0,98,0,0
2b480280,8,0,380,0,6
1a040a88,8,0,250,0,0
01231054,8,0,11,0,0
0e28008c,8,0,303,0,0
2600181a,8,0,227,0,4
2206e004,8,0,362,0,0
0a120852,8,0,13,0,0
130a1028,8,0,157,0,0
05852880,8,0,380,0,4
28283480,8,0,391,0,7
31980028,8,0,378,0,7
0e048422,8,0,209,0,0
001a480e,8,0,178,0,0
02a05a40,8,0,260,0,6
01704803,8,0,389,0,7
312401a0,8,0,133,0,0
0089c01a,8,0,24,0,0
2203500c,8,0,111,0,0
13a01050,8,0,335,0,6
28281890,8,0,235,0,0
058c4014,8,0,381,0,6
012c4a40,8,0,99,0,0
01f40082,8,0,307,0,0
36101024,8,0,381,0,6
2ba00104,8,0,74,0,0
0c00e80c,8,0,286,0,0
11620212,8,0,7,0,0
18216808,8,0,169,0,0
20309340,8,0,267,0,4
0e100454,8,0,74,0,0
0e010262,8,0,26,0,0
1c023140,8,0,287,0,0
01562120,8,0,319,0,0
00622382,8,0,179,0,0
040d6500,8,0,351,0,0
22063404,8,0,376,0,7
0381200b,8,0,276,0,0
081b8082,8,0,208,0,0
160002c9,8,0,286,0,0
1280d018,8,0,333,0,6
15244030,8,0,374,0,0
22b00403,8,0,391,0,7
00c52818,8,0,1,0,0
09902013,8,0,218,0,0
20342310,8,0,43,0,0
31009016,8,0,196,0,0
210490c1,8,0,240,0,0
30629080,8,0,185,0,0
0034dc00,8,0,333,0,6
01022c98,8,0,290,0,0
005ac102,8,0,11,0,0
3044021a,8,0,27,0,0
0480a126,8,0,177,0,0
000e22c2,8,0,187,0,0
341c2020,8,0,391,0,7
06858480,8,0,387,0,6
11480c06,8,0,129,0,0
174c2000,8,0,391,0,7
0e201106,8,0,364,0,6
10903228,8,0,238,0,0
24445088,8,0,388,0,6
021500a9,8,0,48,0,0
1602018a,8,0,87,0,0
294004c1,8,0,260,0,0
02615003,8,0,337,0,6
2a890201,8,0,262,0,0
1a409028,8,0,140,0,0
0c0c1105,8,0,255,0,0
32c01c00,8,0,387,0,6
21456100,8,0,341,0,1
11c001a1,8,0,17,0,0
340006c4,8,0,46,0,0
0140628a,8,0,373,0,2
22862012,8,0,185,0,0
09302860,8,0,77,0,0
025340a0,8,0,10,0,0
2081a409,8,0,276,0,0
05340124,8,0,383,0,5
1014044d,8,0,332,0,0
34208290,8,0,68,0,0
29498040,8,0,246,0,0
084a21a0,8,0,321,0,0
14c10019,8,0,373,0,4
1a04a440,8,0,385,0,3
003a10e0,8,0,294,0,4
15808142,8,0,125,0,0
105a8104,8,0,9,0,0
1204a212,8,0,320,0,0
10149092,8,0,264,0,0
0cc01504,8,0,164,0,0
1094a801,8,0,371,0,0
16422022,8,0,273,0,0
301028c1,8,0,220,0,0
17100a40,8,0,384,0,6
2c020033,8,0,97,0,0
09121045,8,0,347,0,1
04045630,8,0,134,0,0
043608c0,8,0,264,0,0
20182650,8,0,371,0,3
046000b3,8,0,7,0,0
2e818100,8,0,298,0,0
04304413,8,0,268,0,0
112b9000,8,0,329,0,6
044a4105,8,0,165,0,0
3090a401,8,0,389,0,7
104c8602,8,0,91,0,0
00988720,8,0,79,0,0
249d0020,8,0,378,0,5
240808b4,8,0,56,0,0
0104d304,8,0,209,0,0
052b1010,8,0,381,0,7
06511210,8,0,390,0,7
20e002c1,8,0,6,0,0
03989010,8,0,383,0,6
01217500,8,0,387,0,7
1a444014,8,0,294,0,0
03c01904,8,0,92,0,0
3009040d,8,0,368,0,3
0b884044,8,0,383,0,7
09425208,8,0,391,0,7
0262aa00,8,0,267,0,0
12884860,8,0,24,0,0
0b042109,8,0,323,0,0
04223184,8,0,370,0,4
0418d808,8,0,391,0,7
0c890206,8,0,283,0,0
0083a181,8,0,59,0,0
02464281,8,0,174,0,0
13880430,8,0,96,0,0
30492820,8,0,104,0,0
0a0a084a,8,0,141,0,0
0b042510,8,0,177,0,0
2140020f,8,0,202,0,0
1402b0c0,8,0,338,0,4
048c8121,8,0,232,0,0
23801821,8,0,58,0,0
2a8040c1,8,0,275,0,0
21708028,8,0,249,0,0
1441a050,8,0,253,0,0
00b09188,8,0,321,0,6
000e5098,8,0,208,0,0
01985110,8,0,374,0,7
04c2c014,8,0,131,0,0
108e4410,8,0,318,0,0
0c250061,8,0,158,0,0
1a560800,8,0,388,0,1
24212206,8,0,371,0,5
0e532000,8,0,389,0,5
00c82039,8,0,8,0,0
1c101c10,8,0,374,0,4
10b04290,8,0,140,0,0
20290642,8,0,269,0,0
324c2040,8,0,387,0,3
11c48500,8,0,371,0,3
340010b4,8,0,92,0,0
0e100819,8,0,382,0,0
0cca8040,8,0,274,0,0
08848883,8,0,20,0,0
10a4014c,8,0,8,0,0
29212300,8,0,197,0,0
21101303,8,0,324,0,7
29410a20,8,0,53,0,0
2a02c050,8,0,68,0,0
1d260020,8,0,343,0,1
118a1104,8,0,45,0,0
221b0820,8,0,70,0,0
00589e00,8,0,155,0,0
01141216,8,0,322,0,0
0180b450,8,0,305,0,6
04340468,8,0,265,0,0
22310211,8,0,95,0,0
11206214,8,0,265,0,0
0110e228,8,0,317,0,0
22022506,8,0,84,0,0
2024a320,8,0,15,0,0
0418cc20,8,0,344,0,4
11d00148,8,0,200,0,0
0d242404,8,0,380,0,3
27100806,8,0,391,0,7
26088806,8,0,327,0,4
28a00c09,8,0,192,0,0
12047204,8,0,391,0,7
120222e0,8,0,33,0,0
204b4820,8,0,6,0,0
22086700,8,0,376,0,3
34201032,8,0,323,0,4
1508044c,8,0,379,0,4
2101400f,8,0,244,0,0
32204848,8,0,97,0,0
280f1100,8,0,128,0,0
20402742,8,0,2,0,0
0a848242,8,0,9,0,0
022414c2,8,0,328,0,6
2092c0a0,8,0,336,0,4
05851410,8,0,368,0,6
2403a120,8,0,198,0,0
0e220c20,8,0,354,0,4
090c4882,8,0,271,0,0
18820286,8,0,54,0,0
10360188,8,0,276,0,0
02828189,8,0,337,0,6
388088c0,8,0,0,0,0
1090801e,8,0,12,0,0
20064149,8,0,23,0,0
102c8821,8,0,24,0,0
1a208610,8,0,3,0,0
02608d20,8,0,15,0,0
0a01102d,8,0,8,0,0
104801a9,8,0,5,0,0
02101c34,8,0,12,0,0
02151301,8,0,18,0,0
21638010,8,0,1,0,0
20870601,8,0,25,0,0
21050e04,8,0,24,0,0
20061c18,8,0,11,0,0
2a050502,8,0,9,0,0
09458140,8,0,1,0,0
22823050,8,0,9,0,0
02071049,8,0,61,0,0
044a0921,8,0,2,0,0
03080266,8,0,1,0,0
04a600e0,8,0,3,0,0
06820053,8,0,5,0,0
380900d0,8,0,2,0,0
04040647,8,0,3,0,0
00a09264,8,0,5,0,0
010a41c8,8,0,9,0,0
168000b8,8,0,1,0,0
02048526,8,0,3,0,0
360200b0,8,0,31,0,0
10a21184,8,0,4,0,0
02244258,8,0,1,0,0
262200c4,8,0,82,0,0
20100b91,8,0,1,0,0
040003e9,8,0,9,0,0
00848c83,8,0,12,0,0
24001b42,8,0,1,0,0
01068807,8,0,3,0,0
0406051a,8,0,8,0,0
0205ca08,8,0,2,0,0
06050161,8,0,7,0,0
0150809c,8,0,34,0,0
19032003,8,0,274,0,0
00e098c0,8,0,50,0,0
10825403,8,0,331,0,3
0e208c08,8,0,388,0,6
05041246,8,0,276,0,0
2c60a008,8,0,386,0,7
22d04240,8,0,381,0,6
00646444,8,0,229,0,0
12600e80,8,0,55,0,0
0ca88500,8,0,325,0,0
05800d48,8,0,199,0,0
11181a40,8,0,334,0,5
10b04481,8,0,367,0,4
1c222048,8,0,363,0,1
19031012,8,0,33,0,0
10824542,8,0,46,0,0
36082204,8,0,388,0,5
11912024,8,0,81,0,0
1005428c,8,0,139,0,0
083d0801,8,0,224,0,0
0601a281,8,0,391,0,7
2c026018,8,0,389,0,7
0941a404,8,0,332,0,1
0cc05011,8,0,366,0,0
0100b00f,8,0,348,0,2
14024590,8,0,90,0,0
0e408428,8,0,369,0,2
2c0c8208,8,0,381,0,3
02ac4120,8,0,300,0,6
1c088092,8,0,144,0,0
21cc0240,8,0,363,0,7
30110489,8,0,381,0,1
05434220,8,0,390,0,7
1124e040,8,0,379,0,3
0d424840,8,0,360,0,0
1e500011,8,0,368,0,0
30023421,8,0,94,0,0
20072228,8,0,42,0,0
14e04030,8,0,301,0,0
0911c840,8,0,77,0,0
100425b0,8,0,19,0,0
30112284,8,0,278,0,0
00844cd0,8,0,15,0,0
380a4420,8,0,324,0,1
01047025,8,0,374,0,1
080e084a,8,0,158,0,0
0b265000,8,0,391,0,7
0aa04124,8,0,91,0,0
10a04059,8,0,185,0,0
04c18241,8,0,367,0,4
29050428,8,0,105,0,0
0216a009,8,0,391,0,7
02203063,8,0,174,0,0
2c220901,8,0,219,0,0
0408e211,8,0,328,0,0
120c6208,8,0,387,0,3
24221209,8,0,391,0,7
1700c208,8,0,391,0,7
02407811,8,0,185,0,0
101c0505,8,0,184,0,0
200e0289,8,0,391,0,7
0210a486,8,0,364,0,6
07120640,8,0,391,0,7
040124b4,8,0,52,0,0
20a81016,8,0,357,0,7
0401550a,8,0,282,0,4
01614405,8,0,248,0,0
12241580,8,0,379,0,6
06c88030,8,0,74,0,0
08153090,8,0,210,0,0
0c68001a,8,0,227,0,0
04604c11,8,0,50,0,0
28130304,8,0,8,0,0
20884186,8,0,340,0,4
0c424015,8,0,304,0,0
02661240,8,0,220,0,0
0438042a,8,0,361,0,6
0810704a,8,0,285,0,0
03583040,8,0,391,0,7
0412482c,8,0,342,0,4
10113821,8,0,13,0,0
046108a8,8,0,154,0,0
16288030,8,0,185,0,0
0130049a,8,0,151,0,0
28190211,8,0,215,0,0
01500651,8,0,214,0,0
010a2318,8,0,146,0,0
008c820b,8,0,166,0,0
0009d610,8,0,23,0,0
12244604,8,0,303,0,0
3410c0c0,8,0,384,0,4
224844c0,8,0,371,0,6
1c820c02,8,0,247,0,0
05001e41,8,0,319,0,4
00a81544,8,0,186,0,0
2013100d,8,0,318,0,0
0b020149,8,0,300,0,0
03083121,8,0,163,0,0
18912840,8,0,11,0,0
0e405009,8,0,391,0,7
0b11a002,8,0,370,0,2
06488184,8,0,105,0,0
013502a0,8,0,85,0,0
0802018f,8,0,247,0,0
0a42200e,8,0,338,0,0
38a12080,8,0,110,0,0
0cc04c40,8,0,389,0,7
003a3044,8,0,385,0,7
1342008a,8,0,285,0,0
14980510,8,0,225,0,0
11143180,8,0,391,0,7
0a711800,8,0,380,0,6
0c20c058,8,0,136,0,0
206b0300,8,0,61,0,0
09a4200c,8,0,213,0,0
150040ac,8,0,330,0,0
02c44064,8,0,57,0,0
24c04822,8,0,334,0,4
04700285,8,0,291,0,4
05442680,8,0,391,0,7
25100688,8,0,391,0,7
15082809,8,0,391,0,7
04c11a10,8,0,332,0,4
2040f240,8,0,297,0,4
01415448,8,0,360,0,7
0200f122,8,0,161,0,0
0c418c08,8,0,370,0,4
0130b041,8,0,391,0,7
0104e105,8,0,335,0,0
2c089208,8,0,383,0,7
11224241,8,0,79,0,0
03484940,8,0,41,0,0
30441029,8,0,364,0,3
22354004,8,0,295,0,0
0f208140,8,0,365,0,6
24114105,8,0,261,0,0
0b044822,8,0,65,0,0
20103982,8,0,90,0,0
0452840a,8,0,290,0,0
21c02094,8,0,276,0,0
00751006,8,0,232,0,0
13a28080,8,0,320,0,4
06091502,8,0,309,0,4
1025a440,8,0,254,0,0
0022388c,8,0,307,0,4
000a4d88,8,0,32,0,0
0c083424,8,0,279,0,0
21486088,8,0,391,0,7
20a8011a,8,0,85,0,0
038f4000,8,0,253,0,0
04c1402c,8,0,345,0,4
26148204,8,0,369,0,4
14041704,8,0,264,0,0
03a04118,8,0,234,0,2
2004ac09,8,0,280,0,0
0901c214,8,0,8,0,0
07180181,8,0,382,0,6
0cc20301,8,0,245,0,0
100c6098,8,0,381,0,0
09284026,8,0,169,0,0
3a242200,8,0,357,0,1
0cc26008,8,0,391,0,7
10606418,8,0,271,0,0
1b80200c,8,0,277,0,0
1484008d,8,0,387,0,4
04604115,8,0,26,0,0
224222a0,8,0,324,0,0
29a03200,8,0,386,0,7
20403036,8,0,101,0,0
00158c88,8,0,117,0,0
01320318,8,0,25,0,0
02161290,8,0,76,0,0
00e2180c,8,0,16,0,0
21108216,8,0,121,0,0
13981800,8,0,388,0,7
061121a0,8,0,288,0,0
044a9420,8,0,134,0,0
0f0cc000,8,0,390,0,7
09416210,8,0,371,0,1
0581480a,8,0,327,0,4
092a1022,8,0,369,0,7
0e420901,8,0,244,0,0
03084305,8,0,179,0,0
1650040c,8,0,390,0,6
08834406,8,0,225,0,0
1400628a,8,0,378,0,0
30482881,8,0,376,0,4
2b218400,8,0,390,0,7
2a220052,8,0,27,0,0
14644240,8,0,380,0,2
03180852,8,0,103,0,0
04116848,8,0,359,0,0
18970080,8,0,316,0,0
234a1200,8,0,372,0,7
081061c4,8,0,60,0,0
001a5421,8,0,237,0,0
05601c20,8,0,390,0,7
0110089b,8,0,159,0,0
0074110c,8,0,244,0,0
04744410,8,0,344,0,0
2c026500,8,0,363,0,1
003222d0,8,0,156,0,0
1858100c,8,0,345,0,1
01d01310,8,0,181,0,0
03246101,8,0,376,0,3
0458a202,8,0,371,0,4
221c4204,8,0,380,0,7
3122004a,8,0,24,0,0
3c100248,8,0,369,0,1
06282409,8,0,391,0,7
24449404,8,0,340,0,2
05062320,8,0,324,0,0
31210405,8,0,78,0,0
04c43810,8,0,333,0,0
201ca0c0,8,0,388,0,6
03200784,8,0,174,0,4
083c1280,8,0,360,0,5
25100851,8,0,345,0,4
050900d2,8,0,130,0,0
04908c22,8,0,105,0,0
03e82080,8,0,391,0,7
11a40c10,8,0,63,0,0
2368c000,8,0,391,0,7
16040059,8,0,380,0,0
0b2a4002,8,0,388,0,6
01528045,8,0,278,0,0
10332088,8,0,326,0,0
01461218,8,0,203,0,0
00c070a2,8,0,386,0,7
00b19808,8,0,240,0,4
0220d052,8,0,235,0,6
0cc81024,8,0,201,0,0
33480220,8,0,341,0,2
00b05a20,8,0,321,0,7
21105141,8,0,326,0,6
12911900,8,0,47,0,0
30115021,8,0,321,0,0
10118a81,8,0,220,0,0
0494a420,8,0,371,0,0
10b25010,8,0,391,0,7
2094a003,8,0,357,0,0
213000e4,8,0,16,0,0
09989008,8,0,391,0,7
3b081020,8,0,312,0,4
01221a18,8,0,140,0,4
11202590,8,0,224,0,0
28402096,8,0,289,0,0
028a0e08,8,0,220,0,0
20f00a01,8,0,67,0,0
04950980,8,0,296,0,0
01402661,8,0,146,0,0
05385100,8,0,391,0,7
132b0001,8,0,252,0,0
042102a9,8,0,346,0,4
09260e00,8,0,285,0,0
028130c1,8,0,39,0,0
2c098820,8,0,225,0,0
0d840c10,8,0,274,0,0
1142c082,8,0,245,0,0
35044104,8,0,389,0,5
141004c6,8,0,21,0,0
2a006043,8,0,211,0,0
0a1c2108,8,0,288,0,0
086c0501,8,0,31,0,0
021c1481,8,0,389,0,7
01502027,8,0,314,0,0
0a02900b,8,0,388,0,7
30308510,8,0,38,0,0
10344308,8,0,325,0,1
01a04921,8,0,52,0,0
044430a4,8,0,361,0,4
11a21404,8,0,352,0,6
15809402,8,0,391,0,7
0658c800,8,0,391,0,7
3004b840,8,0,143,0,0
089604c0,8,0,290,0,0
04201853,8,0,111,0,0
0208b430,8,0,91,0,0
25384010,8,0,391,0,7
25841009,8,0,391,0,7
10b20181,8,0,114,0,0
088b040a,8,0,269,0,0
3401208a,8,0,371,0,4
350000b2,8,0,183,0,0
0c902850,8,0,243,0,0
26142101,8,0,387,0,4
0082628c,8,0,341,0,0
02834c80,8,0,142,0,0
08007125,8,0,145,0,0
388b0080,8,0,241,0,0
003c042c,8,0,231,0,0
05484188,8,0,365,0,4
0117400a,8,0,165,0,0
08d420a0,8,0,260,0,0
082c440c,8,0,320,0,0
3a083040,8,0,301,0,0
11066030,8,0,315,0,0
310a2042,8,0,359,0,3
20591120,8,0,110,0,0
0881c888,8,0,35,0,0
0b00e102,8,0,305,0,0
35280c00,8,0,391,0,7
2812401a,8,0,359,0,1
30066044,8,0,319,0,0
110ce800,8,0,391,0,7
14c30440,8,0,243,0,0
11909018,8,0,363,0,6
0f804202,8,0,385,0,6
014a1092,8,0,238,0,0
38248102,8,0,45,0,0
1030a00d,8,0,327,0,0
00cc2250,8,0,137,0,0
1a201405,8,0,347,0,6
0484422c,8,0,193,0,0
0a2400c6,8,0,19,0,0
08251818,8,0,56,0,0
280a9240,8,0,216,0,0
04340a48,8,0,267,0,0
11a80504,8,0,212,0,0
201a2824,8,0,281,0,0
24444520,8,0,231,0,0
11440688,8,0,391,0,7
0238082a,8,0,139,0,0
0814a441,8,0,320,0,0
09041489,8,0,386,0,7
1b080602,8,0,366,0,2
01c52022,8,0,157,0,0
38662000,8,0,391,0,7
1020609a,8,0,178,0,0
21186180,8,0,391,0,7
34880124,8,0,271,0,0
01311409,8,0,391,0,7
1410106a,8,0,151,0,0
02d88840,8,0,225,0,0
26114420,8,0,391,0,7
0400d03c,8,0,81,0,0
18440a03,8,0,57,0,0
00216780,8,0,71,0,0
2024620a,8,0,232,0,0
0815a084,8,0,191,0,0
14c48104,8,0,351,0,0
0120b502,8,0,341,0,7
0621c840,8,0,231,0,4
22807042,8,0,387,0,7
15090908,8,0,241,0,0
02790101,8,0,326,0,4
02046ac0,8,0,137,0,0
09801388,8,0,36,0,0
000ca2c8,8,0,152,0,0
2e180104,8,0,356,0,4
00388702,8,0,14,0,0
01372040,8,0,292,0,0
083c1402,8,0,349,0,3
04291052,8,0,323,0,4
012c3009,8,0,391,0,7
18083c08,8,0,322,0,0
34282204,8,0,383,0,5
36c00048,8,0,368,0,0
04222a18,8,0,90,0,0
10a81640,8,0,363,0,7
1010b841,8,0,131,0,0
08182509,8,0,336,0,1
04340254,8,0,35,0,0
0254a0c0,8,0,379,0,2
022b0888,8,0,144,0,0
02302416,8,0,278,0,0
140092e0,8,0,9,0,0
1081d204,8,0,212,0,0
18414e00,8,0,126,0,0
0cc0c180,8,0,313,0,0
09182224,8,0,302,0,0
00609348,8,0,28,0,0
02b24003,8,0,388,0,6
09284824,8,0,187,0,0
0e828050,8,0,131,0,0
051140c8,8,0,347,0,4
00183039,8,0,192,0,0
0b201043,8,0,355,0,6
2a420083,8,0,224,0,0
1b800450,8,0,183,0,0
22114248,8,0,55,0,0
01b00096,8,0,27,0,0
36100086,8,0,360,0,4
10940a82,8,0,53,0,0
06084115,8,0,69,0,0
281d9000,8,0,360,0,6
10c51280,8,0,252,0,0
01a21822,8,0,17,0,0
06203488,8,0,391,0,7
06600093,8,0,222,0,0
08ba8040,8,0,337,0,4
03043007,8,0,390,0,7
18485082,8,0,272,0,0
23248600,8,0,390,0,7
04058780,8,0,202,0,0
13892008,8,0,311,0,0
03094212,8,0,167,0,0
01100669,8,0,125,0,0
0402b501,8,0,219,0,0
0398a040,8,0,388,0,6
095001a1,8,0,181,0,0
0090d302,8,0,352,0,6
0d990002,8,0,369,0,4
05006132,8,0,142,0,0
08249904,8,0,15,0,0
314110a0,8,0,194,0,0
13124120,8,0,134,0,0
01923220,8,0,353,0,4
100cc540,8,0,251,0,0
330040d0,8,0,197,0,0
212a0430,8,0,160,0,0
210420aa,8,0,195,0,0
25204061,8,0,276,0,0
04841c0a,8,0,225,0,0
0802c191,8,0,165,0,0
30904510,8,0,363,0,1
18524088,8,0,388,0,5
1d284080,8,0,390,0,7
24049308,8,0,277,0,4
04436005,8,0,373,0,1
25084212,8,0,376,0,7
01622848,8,0,249,0,0
18240885,8,0,119,0,0
00590849,8,0,179,0,0
1c4200a1,8,0,298,0,0
22089c40,8,0,391,0,7
14880891,8,0,76,0,0
1b821004,8,0,299,0,0
0e4a0030,8,0,150,0,0
0e281804,8,0,388,0,6
078800d0,8,0,221,0,4
0a801780,8,0,111,0,0
08540843,8,0,47,0,0
0b051401,8,0,363,0,3
310240c2,8,0,129,0,0
041860c1,8,0,380,0,4
03903240,8,0,390,0,7
04b12500,8,0,365,0,4
08505482,8,0,168,0,0
0c88202a,8,0,233,0,0
18124070,8,0,136,0,0
04097280,8,0,391,0,7
3300408a,8,0,378,0,6
086a40a0,8,0,238,0,0
21601405,8,0,381,0,7
006c2031,8,0,64,0,0
20451203,8,0,88,0,0
20097003,8,0,368,0,7
0a308c04,8,0,361,0,6
3018804a,8,0,319,0,0
03024708,8,0,179,0,0
32200d80,8,0,111,0,0
0b12c040,8,0,386,0,6
00889464,8,0,20,0,0
0d830110,8,0,98,0,0
0840e122,8,0,53,0,0
05818023,8,0,199,0,0
0c48802a,8,0,55,0,0
0480203b,8,0,92,0,0
0488018b,8,0,274,0,0
02306188,8,0,352,0,4
14082816,8,0,178,0,0
13403801,8,0,390,0,7
01ec4002,8,0,366,0,3
208470c0,8,0,386,0,7
0504e110,8,0,345,0,0
00587810,8,0,356,0,0
10c63020,8,0,292,0,0
09439010,8,0,156,0,0
3810c108,8,0,333,0,0
30ac0005,8,0,367,0,5
08021e18,8,0,175,0,0
350100a1,8,0,322,0,0
03629010,8,0,352,0,6
24062484,8,0,386,0,5
0f111004,8,0,391,0,7
20544288,8,0,235,0,0
07030a20,8,0,259,0,4
0c1c0842,8,0,307,0,0
09806a04,8,0,341,0,0
10516101,8,0,299,0,0
01082ca8,8,0,310,0,0
25162800,8,0,391,0,7
05083842,8,0,346,0,4
05248061,8,0,220,0,0
09431802,8,0,183,0,0
16c02140,8,0,210,0,0
2024220d,8,0,207,0,0
04861013,8,0,229,0,0
1030e820,8,0,103,0,0
31881808,8,0,317,0,4
0982060c,8,0,330,0,0
0530c210,8,0,368,0,6
241a0812,8,0,388,0,7
17090060,8,0,204,0,0
11068211,8,0,282,0,0
14011388,8,0,311,0,4
204c8460,8,0,256,0,0
341a1004,8,0,391,0,7
0ca04049,8,0,390,0,7
05a84110,8,0,371,0,7
1494002c,8,0,374,0,0
062c0501,8,0,371,0,6
01d02046,8,0,207,0,0
11043980,8,0,363,0,0
0a2c9002,8,0,359,0,6
30c82210,8,0,342,0,1
06010469,8,0,276,0,0
2d480a00,8,0,388,0,7
285820a0,8,0,373,0,0
14105043,8,0,391,0,7
11188805,8,0,343,0,0
1890c009,8,0,391,0,7
31d28000,8,0,387,0,6
0a38010a,8,0,256,0,0
25078001,8,0,372,0,4
20296090,8,0,338,0,4
01c5b000,8,0,387,0,7
2a04c014,8,0,75,0,0
01125818,8,0,373,0,5
01342610,8,0,374,0,1
1402b500,8,0,220,0,0
05404185,8,0,320,0,0
13045108,8,0,379,0,7
0110a518,8,0,146,0,0
0110d062,8,0,122,0,0
1154800c,8,0,391,0,7
16808340,8,0,81,0,0
09091484,8,0,220,0,0
0128c805,8,0,266,0,0
2d080142,8,0,277,0,0
08606844,8,0,214,0,0
093c0401,8,0,391,0,7
0424d00a,8,0,389,0,7
34840092,8,0,320,0,0
25802c08,8,0,391,0,7
11910580,8,0,138,0,0
0a216804,8,0,117,0,0
09289021,8,0,341,0,7
00827520,8,0,158,0,0
300e1280,8,0,364,0,0
04b30804,8,0,169,0,0
0444a0a4,8,0,312,0,0
20189019,8,0,381,0,7
1d070200,8,0,391,0,7
3c006208,8,0,391,0,7
01742140,8,0,359,0,1
23880460,8,0,379,0,7
20e84440,8,0,387,0,7
24055028,8,0,379,0,7
18309408,8,0,391,0,7
09520034,8,0,63,0,0
01c05430,8,0,290,0,3
210a4218,8,0,344,0,6
14522202,8,0,350,0,0
05209828,8,0,370,0,6
02684c10,8,0,141,0,0
05100299,8,0,385,0,5
29900806,8,0,151,0,0
22c26004,8,0,381,0,6
3101a006,8,0,160,0,0
284c4202,8,0,312,0,1
2d100812,8,0,380,0,7
09c07080,8,0,391,0,7
23080648,8,0,391,0,7
03c04244,8,0,340,0,6
099210a0,8,0,297,0,0
150b0401,8,0,362,0,0
15600085,8,0,363,0,4
034c0640,8,0,361,0,3
08e048c0,8,0,155,0,0
19c40024,8,0,289,0,0
31508900,8,0,339,0,0
0404205d,8,0,171,0,0
14034481,8,0,328,0,0
29601028,8,0,356,0,7
34122050,8,0,331,0,0
29260081,8,0,348,0,1
04da0090,8,0,283,0,0
0405a025,8,0,242,0,0
26060484,8,0,362,0,0
0c03088c,8,0,343,0,4
0550401a,8,0,373,0,0
040ca4c0,8,0,391,0,7
20582c08,8,0,390,0,7
04134a02,8,0,281,0,0
32710200,8,0,370,0,4
232c2020,8,0,391,0,7
141010a5,8,0,318,0,4
006062c8,8,0,216,0,0
02062618,8,0,149,0,0
0a025403,8,0,368,0,3
32202803,8,0,189,0,0
10a41490,8,0,361,0,2
002a6409,8,0,378,0,3
24c50030,8,0,163,0,0
2c120828,8,0,382,0,5
09088e01,8,0,316,0,2
19461004,8,0,377,0,1
00d14209,8,0,390,0,7
2442b020,8,0,336,0,4
0280a429,8,0,218,0,0
08844843,8,0,125,0,0
241c1108,8,0,391,0,7
32806440,8,0,391,0,7
34108442,8,0,369,0,4
08305d00,8,0,278,0,3
19048890,8,0,281,0,0
058c001c,8,0,252,0,0
21c80281,8,0,387,0,7
1106c00a,8,0,319,0,0
2244200d,8,0,258,0,0
20d01680,8,0,297,0,0
0822044b,8,0,353,0,3
248c0290,8,0,323,0,4
1101620a,8,0,290,0,0
0a8440a4,8,0,113,0,0
25282012,8,0,391,0,7
02c62a00,8,0,256,0,0
0a548060,8,0,145,0,0
04900487,8,0,230,0,0
070d0050,8,0,282,0,0
01181452,8,0,266,0,2
09c40580,8,0,255,0,0
14405460,8,0,338,0,4
28381011,8,0,357,0,7
0d982040,8,0,391,0,7
02682412,8,0,298,0,0
2134a008,8,0,391,0,7
03e04009,8,0,375,0,6
36026080,8,0,391,0,7
02a0a501,8,0,321,0,6
0b081029,8,0,299,0,0
16813008,8,0,388,0,4
00792084,8,0,319,0,0
36086010,8,0,391,0,7
0c911110,8,0,194,0,0
18920209,8,0,391,0,7
23088112,8,0,245,0,6
14043092,8,0,388,0,4
1422c0c0,8,0,181,0,0
151c2008,8,0,391,0,7
08460605,8,0,52,0,0
001e2211,8,0,303,0,0
1620b004,8,0,391,0,7
04826230,8,0,249,0,0
100a24d0,8,0,129,0,0
00652302,8,0,101,0,0
24c30880,8,0,224,0,0
1004910d,8,0,306,0,0
04105912,8,0,278,0,0
00d4900c,8,0,166,0,0
04188243,8,0,221,0,0
11144049,8,0,391,0,7
0c302a80,8,0,370,0,4
08053218,8,0,112,0,0
1a108092,8,0,218,0,0
25225010,8,0,390,0,7
31088094,8,0,235,0,0
0088c50c,8,0,269,0,0
39048120,8,0,200,0,0
04441a41,8,0,129,0,0
12104582,8,0,147,0,0
0d00a10c,8,0,249,0,0
22b28008,8,0,368,0,6
01948049,8,0,387,0,6
2a104085,8,0,260,0,0
08b00483,8,0,172,0,0
35280820,8,0,332,0,4
04c04107,8,0,286,0,0
23c04880,8,0,383,0,6
30c86004,8,0,391,0,7
2028d030,8,0,300,0,6
01305106,8,0,382,0,7
0d904202,8,0,384,0,7
24025520,8,0,234,0,0
17051008,8,0,391,0,7
0a263080,8,0,391,0,7
25404089,8,0,391,0,7
31002648,8,0,358,0,3
10c4600a,8,0,384,0,3
20921421,8,0,83,0,0
35053000,8,0,391,0,7
18830602,8,0,77,0,0
13804482,8,0,391,0,7
06c10290,8,0,318,0,4
0578a000,8,0,391,0,7
1b488400,8,0,390,0,7
0a18200e,8,0,291,0,0
02412a90,8,0,153,0,0
30115201,8,0,379,0,7
03848508,8,0,363,0,6
20143188,8,0,325,0,0
0941d400,8,0,353,0,3
0a144c10,8,0,252,0,0
05288409,8,0,391,0,7
26404122,8,0,150,0,0
0418a288,8,0,384,0,4
10ec0500,8,0,301,0,0
02dac000,8,0,387,0,6
0802a628,8,0,201,0,0
3c130020,8,0,344,0,0
1a014083,8,0,123,0,0
20d40488,8,0,367,0,2
25900860,8,0,288,0,4
14219011,8,0,361,0,4
16840248,8,0,338,0,0
02583024,8,0,268,0,0
00147250,8,0,263,0,0
080a4486,8,0,281,0,0
1c102218,8,0,323,0,0
2c824102,8,0,366,0,5
21524808,8,0,386,0,7
0812e050,8,0,254,0,0
22c0e020,8,0,388,0,7
21887004,8,0,391,0,7
12140588,8,0,351,0,0
09b02a00,8,0,283,0,0
30381082,8,0,388,0,7
18011c09,8,0,218,0,0
0c908182,8,0,126,0,0
300c20a1,8,0,387,0,1
101c8b00,8,0,101,0,0
0d522001,8,0,391,0,7
0600c143,8,0,175,0,0
02380628,8,0,342,0,6
00e05520,8,0,328,0,7
244ac008,8,0,376,0,6
0900bb00,8,0,177,0,0
04518608,8,0,391,0,7
02a45402,8,0,391,0,7
090d1600,8,0,361,0,7
0c064640,8,0,289,0,0
291a0028,8,0,389,0,7
12282302,8,0,241,0,0
2818c011,8,0,346,0,0
08034129,8,0,254,0,0
27104808,8,0,391,0,7
39200502,8,0,147,0,0
01e1c200,8,0,372,0,7
03844882,8,0,258,0,0
02aaa200,8,0,335,0,4
28a00708,8,0,85,0,0
1c820160,8,0,25,0,0
05d0001a,8,0,329,0,0
08502e01,8,0,333,0,1
0c80580a,8,0,370,0,7
009c4c40,8,0,317,0,0
08241485,8,0,213,0,0
18054908,8,0,170,0,0
011c8206,8,0,344,0,0
2e400844,8,0,46,0,0
0a528440,8,0,391,0,7
04215850,8,0,305,0,4
00a83301,8,0,335,0,4
0044e085,8,0,370,0,0
38005444,8,0,270,0,0
2d030401,8,0,390,0,7
34a20802,8,0,137,0,0
04819412,8,0,212,0,0
24214c20,8,0,146,0,0
0026ba00,8,0,181,0,0
26210310,8,0,256,0,4
095600c0,8,0,322,0,0
004c7048,8,0,314,0,0
04419482,8,0,243,0,4
0c8420a8,8,0,289,0,0
2093200a,8,0,145,0,0
3a1080c0,8,0,297,0,0
0c528140,8,0,209,0,0
01205065,8,0,337,0,6
05606120,8,0,383,0,7
2b201404,8,0,391,0,7
34050488,8,0,391,0,7
04091b04,8,0,187,0,0
10c12c01,8,0,21,0,0
0c016288,8,0,384,0,5
22023181,8,0,301,0,4
0500a88a,8,0,324,0,0
0a406038,8,0,81,0,0
09b00242,8,0,134,0,0
301ca040,8,0,391,0,7
0454600c,8,0,391,0,7
26024428,8,0,391,0,7
28120642,8,0,90,0,0
0a1201a1,8,0,145,0,0
02106a84,8,0,309,0,0
26022540,8,0,283,0,0
1d110102,8,0,250,0,0
0b10020e,8,0,136,0,0
02681203,8,0,301,0,6
06148244,8,0,185,0,0
05081431,8,0,306,0,4
02ec0240,8,0,179,0,0
24201823,8,0,238,0,4
19304084,8,0,339,0,0
05091103,8,0,316,0,4
260800b2,8,0,243,0,0
18291408,8,0,389,0,7
03401309,8,0,283,0,2
11640054,8,0,212,0,0
31142600,8,0,391,0,7
34032088,8,0,389,0,5
1410c214,8,0,243,0,0
0140c452,8,0,201,0,2
18842211,8,0,182,0,0
28421680,8,0,307,0,1
2e028810,8,0,223,0,0
2061b080,8,0,362,0,4
22256100,8,0,193,0,0
1502402a,8,0,236,0,0
00283542,8,0,245,0,0
21518084,8,0,221,0,0
0618a041,8,0,387,0,6
00966480,8,0,391,0,7
1e300021,8,0,353,0,0
08658801,8,0,100,0,0
04826504,8,0,358,0,0
05d05020,8,0,391,0,7
23584010,8,0,390,0,7
01243209,8,0,391,0,7
052a6200,8,0,391,0,7
03284242,8,0,285,0,6
1a065002,8,0,359,0,2
02566080,8,0,391,0,7
19124401,8,0,387,0,3
0c2c9020,8,0,382,0,6
208c2c08,8,0,364,0,3
03500492,8,0,319,0,2
02581406,8,0,334,0,2
36a50000,8,0,390,0,6
24564040,8,0,353,0,0
0158a404,8,0,391,0,7
01c0ec00,8,0,389,0,7
1600060e,8,0,277,0,0
068c0203,8,0,332,0,0
2861400c,8,0,56,0,0
17481008,8,0,391,0,7
21685800,8,0,386,0,7
12442908,8,0,276,0,0
19240118,8,0,236,0,0
22380015,8,0,299,0,4
099040a2,8,0,224,0,0
0501021b,8,0,383,0,7
06981402,8,0,391,0,7
20265202,8,0,243,0,2
011a2103,8,0,317,0,0
27001980,8,0,316,0,4
23412030,8,0,118,0,0
008c1690,8,0,170,0,0
208cf000,8,0,391,0,7
08460918,8,0,47,0,0
1c80a102,8,0,244,0,0
2900860c,8,0,163,0,0
31249400,8,0,391,0,7
00833288,8,0,284,0,0
1b015400,8,0,391,0,7
34036200,8,0,391,0,7
1014b180,8,0,389,0,6
0005b284,8,0,224,0,0
18270090,8,0,142,0,0
20190423,8,0,237,0,0
26994000,8,0,391,0,7
01298444,8,0,288,0,6
23a24100,8,0,335,0,6
07a40110,8,0,326,0,4
29140803,8,0,343,0,1
26904084,8,0,388,0,6
3000e026,8,0,157,0,0
2809c802,8,0,192,0,0
02331220,8,0,286,0,4
0a886024,8,0,316,0,0
0a303c00,8,0,391,0,7
0120118b,8,0,338,0,6
120e2240,8,0,283,0,0
21a19200,8,0,328,0,7
01193208,8,0,389,0,7
23308802,8,0,380,0,6
01c92102,8,0,277,0,0
04089650,8,0,289,0,4
01945804,8,0,391,0,7
048040b5,8,0,145,0,0
28228181,8,0,205,0,0
13101604,8,0,391,0,7
2a038201,8,0,310,0,0
0505808c,8,0,310,0,0
108c5240,8,0,376,0,7
130250a0,8,0,232,0,0
2028e108,8,0,322,0,6
019058a0,8,0,349,0,6
10246890,8,0,252,0,0
0301d003,8,0,357,0,6
05802d80,8,0,373,0,4
2404cc40,8,0,330,0,2
029c2404,8,0,391,0,7
04981888,8,0,389,0,6
042c0096,8,0,294,0,0
08c82881,8,0,360,0,0
068c3100,8,0,382,0,6
12093c00,8,0,243,0,0
0b008511,8,0,174,0,0
149e0800,8,0,390,0,5
05042aa0,8,0,367,0,0
1120301a,8,0,347,0,7
18064103,8,0,275,0,0
10103648,8,0,342,0,0
02916180,8,0,354,0,4
12190403,8,0,261,0,0
2210a301,8,0,383,0,6
1008a2a1,8,0,293,0,0
00a8144c,8,0,308,0,6
21480107,8,0,277,0,0
01518380,8,0,124,0,0
0c3a0012,8,0,356,0,5
04744041,8,0,391,0,7
25089480,8,0,391,0,7
0d1210a0,8,0,380,0,7
300e2600,8,0,387,0,3
04f02480,8,0,391,0,7
0a601908,8,0,194,0,0
090a3402,8,0,365,0,3
08503124,8,0,192,0,0
1264200a,8,0,379,0,2
09028451,8,0,117,0,0
1862008c,8,0,241,0,0
09022f00,8,0,229,0,0
14890211,8,0,259,0,0
10441087,8,0,284,0,0
281a3004,8,0,388,0,7
03046045,8,0,326,0,0
00096a88,8,0,234,0,0
12a96000,8,0,383,0,6
29c01006,8,0,231,0,0
09590006,8,0,219,0,0
07110054,8,0,152,0,0
08b42300,8,0,166,0,0
0b024a80,8,0,375,0,6
051010c6,8,0,289,0,4
078010a1,8,0,344,0,4
06d40050,8,0,287,0,0
0b081842,8,0,148,0,0
0220ac09,8,0,359,0,6
0242a488,8,0,390,0,6
08924510,8,0,244,0,0
24188920,8,0,351,0,4
21e02088,8,0,373,0,2
20292444,8,0,297,0,0
0a12a802,8,0,361,0,0
0708c041,8,0,385,0,6
10142a88,8,0,381,0,0
10d48042,8,0,325,0,0
16030218,8,0,288,0,0
04509a10,8,0,359,0,4
3e100180,8,0,331,0,0
21aa8004,8,0,226,0,4
04a81601,8,0,388,0,7
24301608,8,0,391,0,7
200bc480,8,0,234,0,0
14023242,8,0,277,0,0
02a81406,8,0,383,0,6
06388088,8,0,390,0,6
16012812,8,0,172,0,0
0e084302,8,0,201,0,0
20102613,8,0,116,0,0
06530810,8,0,348,0,4
18318600,8,0,86,0,0
110c3880,8,0,391,0,7
01062883,8,0,316,0,0
03462880,8,0,391,0,7
20540c41,8,0,238,0,0
012dc200,8,0,321,0,4
00a89007,8,0,247,0,4
0c100983,8,0,164,0,0
12581042,8,0,238,0,0
14882091,8,0,323,0,0
0b000e0c,8,0,233,0,0
0a309110,8,0,368,0,6
02866028,8,0,251,0,0
00b05206,8,0,389,0,7
28d01108,8,0,198,0,0
00d040b1,8,0,173,0,0
27001302,8,0,349,0,6
1005ea00,8,0,272,0,0
20316c00,8,0,273,0,0
0c102825,8,0,245,0,0
243b0002,8,0,385,0,7
04418813,8,0,116,0,0
1c01c0a0,8,0,231,0,0
25809208,8,0,380,0,7
12601124,8,0,280,0,4
0d081888,8,0,391,0,7
14003407,8,0,299,0,0
18818209,8,0,145,0,0
1241c401,8,0,307,0,0
0444404d,8,0,281,0,0
26461008,8,0,387,0,6
00789204,8,0,354,0,6
3004460c,8,0,330,0,1
065100a1,8,0,338,0,4
0c1c1440,8,0,370,0,0
03214680,8,0,365,0,6
1c401209,8,0,391,0,7
0804b085,8,0,313,0,0
26490810,8,0,334,0,4
109041c8,8,0,240,0,0
210068c4,8,0,297,0,0
0a108215,8,0,73,0,0
0a405405,8,0,296,0,0
22081c06,8,0,385,0,7
00356402,8,0,241,0,0
2044608a,8,0,347,0,0
050410a5,8,0,346,0,4
01223013,8,0,333,0,7
02d32004,8,0,65,0,0
0a181b00,8,0,92,0,0
0c1610c0,8,0,356,0,4
21141083,8,0,388,0,7
32062022,8,0,251,0,0
06303042,8,0,391,0,7
20315880,8,0,315,0,4
1e300240,8,0,356,0,4
18049601,8,0,241,0,0
0c114805,8,0,360,0,0
042b1082,8,0,361,0,6
28161104,8,0,232,0,0
1980500a,8,0,366,0,3
05c22060,8,0,277,0,0
16080462,8,0,93,0,0
2b214004,8,0,238,0,0
1134040a,8,0,391,0,7
12cc9000,8,0,390,0,6
044a6108,8,0,338,0,0
1a268080,8,0,365,0,0
2a035200,8,0,324,0,4
24803085,8,0,352,0,4
0700c083,8,0,387,0,6
19980402,8,0,370,0,1
02c26204,8,0,365,0,0
049800a9,8,0,337,0,4
18012e80,8,0,208,0,0
0c2c0089,8,0,388,0,5
06847800,8,0,390,0,6
1441a082,8,0,353,0,4
092084c4,8,0,134,0,0
38102805,8,0,196,0,0
30804514,8,0,162,0,0
06626010,8,0,372,0,4
01690602,8,0,351,0,7
22415420,8,0,263,0,2
201a3180,8,0,384,0,7
112a0428,8,0,296,0,2
36019002,8,0,377,0,6
00f0100d,8,0,371,0,7
03a0e020,8,0,380,0,6
021a0c88,8,0,390,0,6
05492012,8,0,391,0,7
24219880,8,0,318,0,4
1136000a,8,0,390,0,5
054c0029,8,0,389,0,3
058c2204,8,0,391,0,7
25093400,8,0,391,0,7
2c141204,8,0,364,0,4
0ce10014,8,0,94,0,0
22908c04,8,0,372,0,6
1c042109,8,0,388,0,3
08341c40,8,0,316,0,2
18b03040,8,0,388,0,7
1250a0a0,8,0,364,0,4
04300dc0,8,0,103,0,0
141e0802,8,0,386,0,0
2a154020,8,0,187,0,0
20406c41,8,0,198,0,0
0300b02a,8,0,186,0,0
220078c0,8,0,268,0,4
05031089,8,0,391,0,7
224a0c02,8,0,298,0,0
1b105004,8,0,391,0,7
200a2258,8,0,196,0,0
03984808,8,0,391,0,7
092a0520,8,0,169,0,0
200c440e,8,0,373,0,3
14084849,8,0,332,0,0
04305844,8,0,391,0,7
09125101,8,0,387,0,7
1408c124,8,0,279,0,0
281b0404,8,0,370,0,1
028a5011,8,0,192,0,0
01445448,8,0,360,0,7
19250180,8,0,237,0,0
10d88401,8,0,388,0,6
28465020,8,0,271,0,0
22190103,8,0,251,0,0
11a21500,8,0,383,0,7
21490403,8,0,365,0,3
04c020c9,8,0,364,0,4
11043821,8,0,322,0,1
101c40c1,8,0,361,0,0
183210c0,8,0,383,0,5
2400c6a0,8,0,152,0,0
06088829,8,0,263,0,0
0042618c,8,0,212,0,0
04610305,8,0,272,0,0
08205660,8,0,223,0,0
05010549,8,0,352,0,4
34044029,8,0,391,0,7
21304083,8,0,389,0,7
14242064,8,0,282,0,0
0f900280,8,0,372,0,4
1b014401,8,0,341,0,0
24a8a040,8,0,354,0,6
100a20a6,8,0,120,0,0
260040aa,8,0,240,0,0
09809c80,8,0,307,0,6
24081524,8,0,342,0,4
0320e140,8,0,334,0,6
046c0242,8,0,205,0,0
14434420,8,0,266,0,0
0240e0c2,8,0,257,0,0
1190200d,8,0,382,0,1
083a0007,8,0,317,0,1
0154d008,8,0,391,0,7
0b002505,8,0,175,0,0
1c048062,8,0,85,0,0
11c08884,8,0,113,0,0
29012418,8,0,232,0,0
24504450,8,0,364,0,3
1c418090,8,0,256,0,0
194210a0,8,0,309,0,0
25309200,8,0,391,0,7
0180a341,8,0,154,0,0
00c830c8,8,0,192,0,0
101a6024,8,0,303,0,0
2c902110,8,0,207,0,0
084b2840,8,0,221,0,0
340c02a0,8,0,383,0,4
308c1028,8,0,324,0,0
05900e04,8,0,361,0,4
004a340a,8,0,305,0,0
0b460840,8,0,264,0,0
30241045,8,0,349,0,3
18184540,8,0,175,0,0
0114281c,8,0,173,0,0
2210902c,8,0,219,0,4
06812424,8,0,194,0,0
03a92200,8,0,386,0,6
2401a118,8,0,166,0,0
24101942,8,0,214,0,0
080e6024,8,0,313,0,0
049048c4,8,0,372,0,4
02ec1020,8,0,288,0,6
090c3404,8,0,381,0,7
1e08c400,8,0,391,0,7
009840e4,8,0,189,0,0
03419202,8,0,332,0,6
1241b080,8,0,376,0,4
140092c1,8,0,284,0,4
39014042,8,0,123,0,0
060d0508,8,0,375,0,0
15211480,8,0,391,0,7
0084c701,8,0,278,0,2
06904288,8,0,367,0,4
0834108c,8,0,336,0,0
2212a880,8,0,387,0,6
00906268,8,0,198,0,0
34104814,8,0,384,0,4
0148160c,8,0,383,0,7
1420c4c0,8,0,369,0,6
060324c0,8,0,372,0,4
0a09c600,8,0,211,0,0
000174c8,8,0,210,0,0
01b12880,8,0,276,0,0
00c37010,8,0,304,0,0
110842a1,8,0,307,0,0
02144445,8,0,165,0,0
14283802,8,0,387,0,7
0c216c00,8,0,292,0,0
38842500,8,0,340,0,1
1a160204,8,0,317,0,0
08b12404,8,0,52,0,0
2b604020,8,0,306,0,2
06454401,8,0,390,0,7
31720010,8,0,313,0,0
24a15100,8,0,391,0,7
28091601,8,0,314,0,1
01d8400c,8,0,390,0,7
0680840b,8,0,390,0,6
009c040d,8,0,355,0,0
0f2d0000,8,0,390,0,7
03120f00,8,0,287,0,6
19a50800,8,0,222,0,0
0340a484,8,0,391,0,7
02305130,8,0,311,0,6
1014240d,8,0,391,0,7
29006105,8,0,254,0,0
04130c84,8,0,239,0,0
21b12010,8,0,113,0,0
03101889,8,0,390,0,7
1c100851,8,0,199,0,0
011038b0,8,0,213,0,0
00704215,8,0,19,0,0
041814c4,8,0,276,0,4
01109a03,8,0,366,0,7
069cc000,8,0,391,0,7
3004480b,8,0,354,0,3
01782810,8,0,379,0,3
04302a41,8,0,295,0,0
24940188,8,0,352,0,0
0d088441,8,0,390,0,7
04694420,8,0,331,0,4
122c9001,8,0,391,0,7
013a2081,8,0,391,0,7
1b890008,8,0,215,0,0
038e0402,8,0,363,0,2
242b2001,8,0,384,0,5
24100907,8,0,198,0,0
04413121,8,0,289,0,0
057000a1,8,0,389,0,7
00d8210a,8,0,245,0,0
0b0a0b00,8,0,197,0,0
1482d800,8,0,354,0,6
16484006,8,0,380,0,0
040b2502,8,0,149,0,0
34629000,8,0,386,0,6
0e810205,8,0,191,0,0
214c2060,8,0,357,0,3
30046488,8,0,390,0,7
20b34010,8,0,210,0,0
12889410,8,0,277,0,2
0c03008b,8,0,388,0,5
2444c880,8,0,350,0,0
03108113,8,0,285,0,2
08d808c0,8,0,68,0,0
05a800a4,8,0,302,0,4
310c8044,8,0,373,0,7
24c42041,8,0,344,0,0
08704803,8,0,320,0,1
02126821,8,0,128,0,0
2814820a,8,0,88,0,0
1028301a,8,0,315,0,6
01091641,8,0,306,0,5
0d172000,8,0,388,0,5
2058028c,8,0,252,0,0
03490089,8,0,373,0,4
08026914,8,0,20,0,0
140c4406,8,0,385,0,3
31022e00,8,0,335,0,1
38024881,8,0,326,0,0
26408086,8,0,187,0,0
14144920,8,0,379,0,0
29310220,8,0,79,0,0
20c0b420,8,0,106,0,0
18289280,8,0,302,0,4
281c0830,8,0,140,0,0
11100c91,8,0,229,0,0
06456020,8,0,388,0,5
31050211,8,0,286,0,0
18052188,8,0,283,0,0
2d248002,8,0,344,0,2
00103e81,8,0,364,0,5
06242c10,8,0,318,0,0
20443a01,8,0,252,0,0
39094200,8,0,372,0,7
13620081,8,0,358,0,0
06c01211,8,0,211,0,0
0d006428,8,0,364,0,3
275000c0,8,0,386,0,6
1ab0c000,8,0,391,0,7
1c00d012,8,0,350,0,0
10301207,8,0,360,0,7
1304c140,8,0,320,0,0
24050285,8,0,315,0,4
14404328,8,0,128,0,0
07081092,8,0,368,0,6
05628090,8,0,249,0,0
08981608,8,0,383,0,3
0802e501,8,0,242,0,0
20994810,8,0,309,0,4
2014c40c,8,0,358,0,2
08668600,8,0,70,0,0
01086107,8,0,321,0,1
10a03182,8,0,360,0,4
0c280948,8,0,153,0,0
10704181,8,0,298,0,0
15104068,8,0,373,0,4
05c00816,8,0,139,0,0
01d02482,8,0,391,0,7
0a883804,8,0,156,0,0
2048308a,8,0,385,0,7
2d010e00,8,0,389,0,7
306c4002,8,0,385,0,3
29501801,8,0,391,0,7
021a20c1,8,0,353,0,0
30411481,8,0,167,0,0
15009620,8,0,360,0,4
314a4002,8,0,376,0,3
14701030,8,0,391,0,7
04410f08,8,0,317,0,4
0402428b,8,0,380,0,5
0a8061c0,8,0,338,0,0
10321604,8,0,358,0,5
15088460,8,0,361,0,4
24a04016,8,0,364,0,7
25403088,8,0,391,0,7
0002b60c,8,0,123,0,0
05544600,8,0,391,0,7
06087804,8,0,389,0,7
2610c810,8,0,387,0,6
15c01060,8,0,351,0,4
23084824,8,0,329,0,4
06b01005,8,0,391,0,7
0300704a,8,0,281,0,2
02209303,8,0,303,0,6
0cd002c0,8,0,120,0,0
1240a091,8,0,332,0,0
2b005c00,8,0,391,0,7
0a210449,8,0,271,0,0
09046700,8,0,277,0,0
00522285,8,0,366,0,4
3a421008,8,0,382,0,5
11920188,8,0,260,0,0
0210ea20,8,0,155,0,0
2a302090,8,0,339,0,0
1c011424,8,0,179,0,0
21888206,8,0,362,0,7
08a1140a,8,0,268,0,2
13920012,8,0,223,0,0
093e0004,8,0,360,0,5
282e4002,8,0,347,0,1
1e051008,8,0,391,0,7
06b02018,8,0,359,0,4
04a22248,8,0,202,0,0
0850a007,8,0,245,0,0
08a16050,8,0,119,0,0
15300209,8,0,391,0,7
02b24201,8,0,343,0,4
0c982900,8,0,358,0,0
2a00aa08,8,0,147,0,0
2f804200,8,0,390,0,7
25004614,8,0,338,0,0
028081a5,8,0,219,0,0
03644088,8,0,321,0,2
2a101241,8,0,133,0,0
28960201,8,0,307,0,0
25111003,8,0,391,0,7
34400c28,8,0,322,0,0
1860c101,8,0,60,0,0
1014a510,8,0,200,0,0
06100ec0,8,0,349,0,4
1c801811,8,0,147,0,0
003234a0,8,0,389,0,7
141d2001,8,0,391,0,7
140c1052,8,0,319,0,0
2e40d000,8,0,391,0,7
040a1548,8,0,183,0,0
21905090,8,0,389,0,7
07122005,8,0,389,0,7
14a48088,8,0,366,0,4
18022413,8,0,28,0,0
0520a181,8,0,391,0,7
01b81204,8,0,388,0,7
0088c702,8,0,177,0,0
03388202,8,0,385,0,6
26310808,8,0,391,0,7
3040a4c0,8,0,354,0,0
068014c8,8,0,380,0,6
2130a220,8,0,310,0,0
0a0d1401,8,0,231,0,0
01961009,8,0,391,0,7
0080e115,8,0,68,0,0
0602840e,8,0,251,0,0
14121a20,8,0,320,0,4
0c8c0a20,8,0,83,0,0
06023b00,8,0,219,0,0
010d8281,8,0,353,0,4
24aa0240,8,0,315,0,4
020d8442,8,0,265,0,0
054c0540,8,0,324,0,0
02a43009,8,0,383,0,6
010278c0,8,0,348,0,4
012a1884,8,0,278,0,4
349008a0,8,0,234,0,0
1440c818,8,0,228,0,0
060a4680,8,0,375,0,6
2ca20500,8,0,357,0,1
2c42000d,8,0,388,0,5
10843809,8,0,360,0,1
03092c40,8,0,336,0,2
05446009,8,0,391,0,7
25840484,8,0,388,0,6
243002c1,8,0,292,0,4
0ad04804,8,0,282,0,0
04036182,8,0,256,0,0
2108409c,8,0,345,0,4
286a0404,8,0,349,0,1
02b20481,8,0,386,0,6
10245805,8,0,365,0,1
01b80b00,8,0,260,0,4
37402004,8,0,391,0,7
22a2a080,8,0,375,0,6
04b82280,8,0,387,0,5
348c8004,8,0,391,0,7
02243a08,8,0,342,0,6
2c4c0204,8,0,348,0,1
17009041,8,0,390,0,6
06405608,8,0,391,0,7
06810606,8,0,358,0,4
12342102,8,0,384,0,2
1401840d,8,0,342,0,0
05121128,8,0,346,0,4
29114011,8,0,236,0,0
11982021,8,0,357,0,0
22059440,8,0,371,0,7
02980c42,8,0,277,0,0
24a94001,8,0,375,0,7
03412888,8,0,375,0,0
01701d00,8,0,389,0,7
14621202,8,0,370,0,4
04508126,8,0,163,0,0
2488a030,8,0,244,0,0
07308840,8,0,391,0,7
06042229,8,0,342,0,0
00681584,8,0,110,0,0
001a3013,8,0,296,0,0
11430029,8,0,287,0,0
003d2600,8,0,355,0,1
19223004,8,0,377,0,5
04b21110,8,0,376,0,6
0618a018,8,0,386,0,6
11480c88,8,0,380,0,2
014064d0,8,0,372,0,3
22a80282,8,0,350,0,6
02c2a220,8,0,108,0,0
3010b044,8,0,259,0,0
20817420,8,0,381,0,7
0a312108,8,0,169,0,0
34801902,8,0,190,0,0
01502113,8,0,231,0,0
12915040,8,0,358,0,6
110d4220,8,0,306,0,0
381a0022,8,0,314,0,0
09432500,8,0,323,0,1
05022231,8,0,241,0,0
20803c81,8,0,314,0,0
01d08481,8,0,391,0,7
07025402,8,0,391,0,7
13500260,8,0,82,0,0
04709021,8,0,391,0,7
310c4012,8,0,391,0,7
08c80648,8,0,198,0,0
12101207,8,0,334,0,0
25118048,8,0,375,0,6
2c450280,8,0,374,0,5
0806c0c4,8,0,172,0,0
19412048,8,0,339,0,1
0d041812,8,0,280,0,0
11440aa0,8,0,245,0,0
06161120,8,0,230,0,0
0500a4c8,8,0,391,0,7
0e110881,8,0,387,0,5
0a60c050,8,0,99,0,0
14908409,8,0,391,0,7
2012404d,8,0,260,0,0
0848d090,8,0,177,0,0
39400d00,8,0,196,0,0
05802066,8,0,104,0,0
110428a4,8,0,320,0,0
088e0882,8,0,199,0,0
08188321,8,0,140,0,0
060046c2,8,0,145,0,0
1c80d200,8,0,391,0,7
15222401,8,0,383,0,7
20182a42,8,0,278,0,0
25202142,8,0,304,0,4
04484c90,8,0,196,0,0
34228081,8,0,300,0,0
38021818,8,0,281,0,0
01904232,8,0,164,0,0
0103a209,8,0,384,0,3
0d550001,8,0,391,0,7
06422260,8,0,140,0,0
1000660b,8,0,322,0,0
24920288,8,0,320,0,4
05009a28,8,0,229,0,4
1d2c0040,8,0,391,0,7
3184100c,8,0,358,0,1
00106495,8,0,245,0,0
00543b00,8,0,138,0,0
01d81090,8,0,367,0,6
202c3022,8,0,375,0,7
00e11203,8,0,184,0,4
2110808d,8,0,380,0,4
0618002e,8,0,198,0,0
31044441,8,0,361,0,3
2cc00601,8,0,300,0,0
0030310d,8,0,350,0,5
05401151,8,0,238,0,0
2c100889,8,0,391,0,7
04c06160,8,0,365,0,4
02902780,8,0,381,0,4
004c6882,8,0,344,0,0
14404609,8,0,391,0,7
2d804108,8,0,386,0,7
07442202,8,0,391,0,7
3d003400,8,0,391,0,7
2416200c,8,0,389,0,5
248004aa,8,0,286,0,0
03102258,8,0,98,0,0
02a0cc01,8,0,296,0,6
0290a608,8,0,385,0,6
21280183,8,0,352,0,6
34928200,8,0,372,0,4
09120813,8,0,229,0,0
0a824a20,8,0,66,0,0
0ea40300,8,0,219,0,0
03061488,8,0,391,0,7
00142c8a,8,0,220,0,0
120054c1,8,0,275,0,4
12088c88,8,0,345,0,2
091c2204,8,0,387,0,1
2c081284,8,0,352,0,4
3118a200,8,0,391,0,7
08a64104,8,0,218,0,0
0b444210,8,0,287,0,0
21f08001,8,0,391,0,7
0a1244c0,8,0,379,0,4
080a1c0a,8,0,306,0,0
14460901,8,0,241,0,0
22380301,8,0,347,0,6
0581020b,8,0,390,0,7
0502e110,8,0,261,0,0
208a8448,8,0,349,0,2
06019094,8,0,169,0,4
06924030,8,0,315,0,0
0200e6c0,8,0,391,0,7
0a622044,8,0,280,0,0
0d1300a0,8,0,341,0,4
04610312,8,0,266,0,0
20f01014,8,0,227,0,0
09186600,8,0,391,0,7
0218a128,8,0,329,0,0
105a1028,8,0,249,0,0
04182684,8,0,377,0,4
1c018c40,8,0,210,0,0
33281004,8,0,391,0,7
03aa8080,8,0,344,0,6
0b306002,8,0,391,0,7
11294240,8,0,245,0,0
28301038,8,0,210,0,0
24a02610,8,0,252,0,0
0a524140,8,0,118,0,0
00c84489,8,0,387,0,6
01805384,8,0,271,0,4
08d14c00,8,0,238,0,0
110c9024,8,0,340,0,0
3012a003,8,0,325,0,0
35010121,8,0,165,0,0
1b066000,8,0,391,0,7
04466500,8,0,308,0,0
09194280,8,0,323,0,0
0b960010,8,0,295,0,0
0dd04004,8,0,391,0,7
08161304,8,0,188,0,0
20944064,8,0,293,0,0
00322407,8,0,197,0,0
05262082,8,0,391,0,7
07500902,8,0,378,0,6
26448808,8,0,388,0,6
1144480a,8,0,349,0,1
19209022,8,0,139,0,0
2401d880,8,0,314,0,4
0b410109,8,0,142,0,0
21a84024,8,0,388,0,7
1c480c80,8,0,320,0,0
0544208a,8,0,390,0,3
0f20040c,8,0,391,0,7
2161040a,8,0,346,0,2
10b0402c,8,0,340,0,4
20905610,8,0,377,0,7
14881608,8,0,388,0,7
07804098,8,0,333,0,4
01105416,8,0,348,0,6
050944c0,8,0,379,0,6
10856500,8,0,381,0,3
13484600,8,0,391,0,7
0840d203,8,0,189,0,0
00186a03,8,0,260,0,0
1c80400e,8,0,354,0,0
20c34081,8,0,196,0,0
22b08048,8,0,313,0,6
01580d04,8,0,113,0,0
006051c1,8,0,184,0,0
25044910,8,0,139,0,0
2b090c00,8,0,391,0,7
32102304,8,0,110,0,0
2c020065,8,0,76,0,0
15001286,8,0,357,0,4
205c3800,8,0,390,0,7
088814c4,8,0,69,0,0
2431001c,8,0,263,0,0
2e074000,8,0,377,0,4
24212380,8,0,372,0,5
1080d025,8,0,205,0,0
04223308,8,0,387,0,7
10261604,8,0,333,0,1
01ac4028,8,0,219,0,0
02a01618,8,0,360,0,6
0c20808d,8,0,223,0,0
1410a0c4,8,0,289,0,0
304a1088,8,0,300,0,0
12981220,8,0,206,0,0
32e40400,8,0,384,0,3
31126200,8,0,391,0,7
21419084,8,0,171,0,0
050c1c01,8,0,387,0,7
28670200,8,0,194,0,0
08842c81,8,0,302,0,0
00826588,8,0,382,0,6
04599001,8,0,391,0,7
14051094,8,0,343,0,4
0c994010,8,0,348,0,5
014e4402,8,0,278,0,0
10b42440,8,0,373,0,3
232010e0,8,0,267,0,6
02551420,8,0,154,0,0
3820e010,8,0,212,0,0
28689020,8,0,283,0,0
10a26060,8,0,68,0,0
09280518,8,0,212,0,2
01448641,8,0,339,0,3
0eb00a00,8,0,376,0,4
06268300,8,0,202,0,0
0a2a8088,8,0,388,0,6
1480401d,8,0,356,0,0
01381160,8,0,360,0,7
19840308,8,0,319,0,1
13511400,8,0,391,0,7
200a2a0a,8,0,288,0,0
29826008,8,0,388,0,7
0d220052,8,0,218,0,0
094a0250,8,0,182,0,0
07898400,8,0,391,0,7
04835804,8,0,266,0,4
0b0b1040,8,0,152,0,0
2c160044,8,0,310,0,0
08e06810,8,0,287,0,0
1a454008,8,0,357,0,1
05424038,8,0,197,0,0
05501812,8,0,390,0,7
10445320,8,0,177,0,0
2a025280,8,0,363,0,4
05c20086,8,0,205,0,0
0c50804c,8,0,113,0,0
110026d0,8,0,267,0,0
18844128,8,0,339,0,1
23300442,8,0,391,0,7
280b2810,8,0,216,0,0
2400b250,8,0,244,0,4
026c4420,8,0,189,0,0
0050a603,8,0,271,0,0
10452025,8,0,245,0,0
19c41004,8,0,370,0,3
3a002301,8,0,99,0,0
310410c4,8,0,313,0,0
0212a881,8,0,387,0,6
018026a8,8,0,317,0,0
2040d441,8,0,319,0,7
06025520,8,0,265,0,4
20087a04,8,0,371,0,5
20843098,8,0,169,0,0
1a04a108,8,0,372,0,3
200436c0,8,0,304,0,0
248c0604,8,0,389,0,7
18b04410,8,0,271,0,0
25c20500,8,0,348,0,2
08c02093,8,0,175,0,0
3007a010,8,0,171,0,0
0aa0500c,8,0,382,0,6
0a582204,8,0,312,0,0
1860e008,8,0,343,0,1
15004216,8,0,330,0,0
0c3c8100,8,0,376,0,4
06406242,8,0,298,0,0
2808d012,8,0,317,0,0
22846401,8,0,391,0,7
00c0e098,8,0,295,0,0
00903a81,8,0,346,0,4
18061212,8,0,208,0,0
04005a0b,8,0,353,0,4
1b020b00,8,0,109,0,0
0418c902,8,0,294,0,0
01c8c048,8,0,344,0,6
08b02428,8,0,204,0,0
192a0808,8,0,367,0,5
01580894,8,0,124,0,0
2d80004c,8,0,192,0,0
01698088,8,0,237,0,0
14186180,8,0,387,0,4
14078402,8,0,258,0,0
0810dc08,8,0,353,0,2
30d48008,8,0,391,0,7
11c60104,8,0,222,0,0
21826c00,8,0,371,0,3
212b2400,8,0,390,0,7
04302388,8,0,337,0,4
12300d02,8,0,214,0,0
2492100a,8,0,380,0,6
04a4a208,8,0,325,0,0
1c300124,8,0,248,0,0
03c22030,8,0,91,0,0
11804185,8,0,230,0,0
1500540a,8,0,391,0,7
030a2098,8,0,384,0,6
089c1101,8,0,217,0,0
28930600,8,0,310,0,0
055c2002,8,0,391,0,7
00962e00,8,0,195,0,0
0a821c20,8,0,174,0,0
04456808,8,0,386,0,5
01d20811,8,0,258,0,0
2220a007,8,0,280,0,0
21442148,8,0,136,0,0
31908201,8,0,389,0,7
320c4090,8,0,369,0,0
16083003,8,0,389,0,6
3121200a,8,0,244,0,0
29444011,8,0,305,0,0
1040a5c0,8,0,90,0,0
05023112,8,0,234,0,0
08421438,8,0,81,0,0
300cc018,8,0,362,0,3
20026429,8,0,358,0,3
08512c40,8,0,173,0,0
010e5808,8,0,271,0,0
00695402,8,0,312,0,6
20826091,8,0,358,0,0
0170a480,8,0,391,0,7
0a8a0c20,8,0,170,0,0
211044b0,8,0,231,0,0
1a248408,8,0,378,0,3
04418898,8,0,224,0,0
124c4005,8,0,357,0,0
2b4c0200,8,0,380,0,3
0680ca80,8,0,289,0,4
00f06280,8,0,391,0,7
1140a025,8,0,270,0,0
0a083221,8,0,154,0,0
03200c91,8,0,325,0,6
0424130c,8,0,311,0,4
21200709,8,0,362,0,7
010c4381,8,0,278,0,0
02c17100,8,0,361,0,6
1a003224,8,0,119,0,0
048e4030,8,0,234,0,0
350d0080,8,0,391,0,7
09d08101,8,0,374,0,3
05a22420,8,0,343,0,0
0d083104,8,0,380,0,7
21a03801,8,0,273,0,6
1300a80a,8,0,320,0,0
13660020,8,0,320,0,0
0a30c003,8,0,390,0,6
1a462002,8,0,390,0,3
34061210,8,0,354,0,0
0d060046,8,0,222,0,0
37044002,8,0,391,0,7
00d23402,8,0,354,0,0
0a708021,8,0,374,0,6
08189c10,8,0,84,0,0
0c189012,8,0,326,0,4
24211821,8,0,260,0,4
36920008,8,0,390,0,6
09d20820,8,0,179,0,0
31282021,8,0,360,0,3
00982426,8,0,221,0,0
09d00288,8,0,140,0,0
0c00c438,8,0,82,0,0
0450003b,8,0,201,0,0
120af000,8,0,385,0,6
28820581,8,0,289,0,0
0ec28004,8,0,282,0,0
12c62800,8,0,352,0,0
1804024b,8,0,196,0,0
24054061,8,0,163,0,0
08469014,8,0,60,0,0
29e01200,8,0,343,0,7
32801422,8,0,310,0,0
06808438,8,0,124,0,0
1c006160,8,0,196,0,0
10486203,8,0,350,0,1
06c60208,8,0,230,0,0
01aca010,8,0,338,0,2
249a2080,8,0,391,0,7
280c1209,8,0,386,0,7
24099410,8,0,360,0,6
095a5000,8,0,391,0,7
31081418,8,0,383,0,7
0010530d,8,0,204,0,0
00d0c80a,8,0,247,0,0
22120413,8,0,250,0,0
10844710,8,0,184,0,0
01432a04,8,0,310,0,0
00390603,8,0,164,0,0
0c888502,8,0,239,0,0
06540038,8,0,146,0,0
1450c420,8,0,355,0,0
0444c850,8,0,114,0,0
0e301c00,8,0,391,0,7
14901418,8,0,388,0,6
2a252200,8,0,254,0,0
12101e10,8,0,256,0,4
282b1002,8,0,340,0,5
19a02108,8,0,229,0,0
01504c21,8,0,351,0,2
08223412,8,0,316,0,1
14e42002,8,0,391,0,7
0ce02011,8,0,229,0,0
05800c0d,8,0,368,0,4
088024e8,8,0,45,0,0
024122c1,8,0,267,0,0
01c3a001,8,0,344,0,0
0c084909,8,0,288,0,0
29009411,8,0,169,0,0
21423220,8,0,383,0,7
00691a08,8,0,210,0,4
08982a01,8,0,250,0,0
2e012084,8,0,336,0,0
01d94002,8,0,380,0,7
095008a1,8,0,337,0,0
0b122401,8,0,391,0,7
32144090,8,0,359,0,0
2d006090,8,0,390,0,7
04143230,8,0,321,0,0
22216202,8,0,333,0,4
2c00920c,8,0,304,0,4
0c805640,8,0,390,0,7
0808e086,8,0,298,0,0
13884220,8,0,338,0,4
104c1450,8,0,205,0,0
06042341,8,0,114,0,0
0800d443,8,0,158,0,0
03046016,8,0,366,0,2
0e1040d0,8,0,240,0,0
11444814,8,0,341,0,0
2a2210c0,8,0,366,0,6
030884a1,8,0,365,0,6
1c803009,8,0,390,0,7
14c50808,8,0,389,0,5
06403023,8,0,264,0,0
04818289,8,0,386,0,5
14a90840,8,0,76,0,0
05010487,8,0,229,0,0
11e0c040,8,0,386,0,7
11b60010,8,0,333,0,0
1405b400,8,0,391,0,7
30301051,8,0,314,0,4
2b01a400,8,0,380,0,7
34421005,8,0,304,0,0
240c1806,8,0,350,0,4
088e4084,8,0,356,0,4
0b083c00,8,0,391,0,7
044d1022,8,0,303,0,0
0052340c,8,0,378,0,5
2050b600,8,0,390,0,7
01881cc0,8,0,252,0,6
046a0188,8,0,217,0,0
21548240,8,0,301,0,0
07160804,8,0,389,0,6
080224e8,8,0,275,0,0
003c1250,8,0,331,0,4
34a02108,8,0,360,0,4
2a340401,8,0,383,0,3
04680909,8,0,283,0,0
05842409,8,0,391,0,7
06e40021,8,0,220,0,0
09282051,8,0,195,0,0
04201869,8,0,371,0,6
0e404901,8,0,216,0,0
00b94600,8,0,356,0,5
0480109b,8,0,331,0,4
0f000183,8,0,205,0,0
0a00c123,8,0,133,0,0
02c90610,8,0,82,0,0
04951005,8,0,342,0,4
06058811,8,0,247,0,0
0cc18082,8,0,254,0,0
01341214,8,0,371,0,7
3c408c00,8,0,336,0,0
02308921,8,0,317,0,4
3800c4c0,8,0,320,0,0
06508160,8,0,230,0,0
08581418,8,0,306,0,0
04e18804,8,0,108,0,0
3010a105,8,0,120,0,0
200e2490,8,0,389,0,3
0624001b,8,0,371,0,0
2b910010,8,0,48,0,0
03504848,8,0,329,0,2
08a2a042,8,0,123,0,0
07035002,8,0,383,0,6
0f204802,8,0,384,0,6
36600280,8,0,328,0,4
31940014,8,0,335,0,1
31c08804,8,0,85,0,0
04194442,8,0,299,0,0
113c0220,8,0,391,0,7
105a2006,8,0,295,0,0
20511803,8,0,221,0,0
24c44108,8,0,391,0,7
28180483,8,0,373,0,3
08199041,8,0,99,0,0
260c8201,8,0,389,0,7
260c2090,8,0,390,0,6
002a1425,8,0,169,0,0
00403097,8,0,292,0,0
0ac46100,8,0,374,0,3
06104862,8,0,140,0,0
0c04cc02,8,0,172,0,0
02a12403,8,0,169,0,0
1c049024,8,0,328,0,0
0c420238,8,0,179,0,0
04122618,8,0,354,0,0
0103a091,8,0,252,0,0
0c0144c8,8,0,320,0,0
2100a1a4,8,0,247,0,0
2842a009,8,0,382,0,3
25448404,8,0,380,0,3
06051281,8,0,381,0,4
0c4d1100,8,0,344,0,0
0c6408c0,8,0,212,0,0
0a30500c,8,0,391,0,7
20c02c88,8,0,360,0,2
22884284,8,0,369,0,6
0880a548,8,0,101,0,0
080cd300,8,0,105,0,0
018c8421,8,0,225,0,0
007040c9,8,0,328,0,0
0e740002,8,0,380,0,0
16068408,8,0,391,0,7
24e08101,8,0,240,0,0
10654110,8,0,102,0,0
28c02421,8,0,109,0,0
20482682,8,0,391,0,7
06105103,8,0,381,0,6
21b8c000,8,0,391,0,7
15328400,8,0,391,0,7
02a2d004,8,0,353,0,6
31862100,8,0,352,0,1
06094890,8,0,215,0,0
0c20c043,8,0,243,0,0
3a080a08,8,0,298,0,0
1e440024,8,0,302,0,0
0c00d604,8,0,297,0,0
30281430,8,0,249,0,2
054100d4,8,0,194,0,0
18245820,8,0,322,0,1
0456001c,8,0,213,0,0
002d6005,8,0,274,0,0
03095082,8,0,311,0,6
0b106801,8,0,388,0,3
11312028,8,0,231,0,0
05021b80,8,0,249,0,4
23c50200,8,0,329,0,2
26810488,8,0,391,0,7
25291002,8,0,391,0,7
04822268,8,0,56,0,0
28942021,8,0,139,0,0
26282220,8,0,380,0,6
202c5280,8,0,372,0,7
11ac0202,8,0,377,0,3
0089d204,8,0,239,0,4
08804c8a,8,0,133,0,0
17122020,8,0,389,0,7
2141e040,8,0,316,0,0
05104868,8,0,317,0,0
01a04681,8,0,379,0,7
0ca08418,8,0,215,0,0
05a004c8,8,0,388,0,6
0ac68800,8,0,270,0,0
01303015,8,0,391,0,7
08222a88,8,0,356,0,5
22890c40,8,0,269,0,0
101850a4,8,0,335,0,4
0c3a4008,8,0,391,0,7
23011282,8,0,292,0,6
38109a00,8,0,288,0,0
084c4890,8,0,171,0,0
03229102,8,0,295,0,6
24059009,8,0,391,0,7
2e8c0004,8,0,375,0,4
042112a4,8,0,365,0,4
04980e08,8,0,390,0,7
10d00189,8,0,301,0,0
00c02586,8,0,48,0,0
244414c0,8,0,332,0,0
0300780a,8,0,341,0,2
21445021,8,0,333,0,3
0d804c08,8,0,390,0,7
01a03068,8,0,191,0,0
080a00ae,8,0,144,0,0
0403c640,8,0,325,0,4
202a5408,8,0,391,0,7
140b4802,8,0,174,0,0
09101452,8,0,43,0,0
0a11a408,8,0,387,0,2
09020645,8,0,115,0,0
1c091120,8,0,206,0,0
140a4d00,8,0,92,0,0
090c4007,8,0,336,0,1
12a8800a,8,0,321,0,4
1882080b,8,0,335,0,1
1b50000a,8,0,366,0,2
060822a2,8,0,318,0,0
29441180,8,0,161,0,0
10203017,8,0,225,0,0
24500a42,8,0,139,0,0
3d0c0004,8,0,391,0,7
065a4020,8,0,321,0,0
34600182,8,0,141,0,0
10990680,8,0,277,0,0
12241442,8,0,386,0,6
14503201,8,0,391,0,7
0444a821,8,0,293,0,0
264240c0,8,0,235,0,0
1050160c,8,0,174,0,0
02691005,8,0,311,0,4
22006660,8,0,187,0,0
25006a02,8,0,379,0,7
37280001,8,0,391,0,7
30c24208,8,0,287,0,0
0c0e8084,8,0,348,0,4
22306009,8,0,391,0,7
04b10608,8,0,391,0,7
21092448,8,0,383,0,3
22a02888,8,0,255,0,4
20c04489,8,0,389,0,7
2018104e,8,0,299,0,4
35880401,8,0,391,0,7
018d1009,8,0,310,0,0
0a2c2500,8,0,295,0,0
03980450,8,0,380,0,6
0d026101,8,0,371,0,1
081a6810,8,0,317,0,0
04980541,8,0,208,0,0
0c8a5010,8,0,378,0,5
00653440,8,0,315,0,0
0cc04c08,8,0,380,0,2
080f080a,8,0,209,0,0
04089498,8,0,322,0,4
0d700480,8,0,391,0,7
01104c43,8,0,194,0,0
22504e00,8,0,374,0,6
0110a8a2,8,0,100,0,0
02492083,8,0,318,0,0
3a062040,8,0,320,0,0
05186012,8,0,391,0,7
2880422a,8,0,118,0,0
3808c820,8,0,175,0,0
20384058,8,0,335,0,4
240c8812,8,0,312,0,0
0e942400,8,0,391,0,7
11135010,8,0,366,0,4
016ac100,8,0,213,0,0
06c01481,8,0,389,0,6
0e141090,8,0,358,0,0
014d6100,8,0,359,0,1
29006124,8,0,225,0,0
01013883,8,0,283,0,0
34aa0200,8,0,334,0,4
144d1008,8,0,391,0,7
05802c03,8,0,355,0,0
18420292,8,0,37,0,0
07925000,8,0,391,0,7
1a446400,8,0,363,0,3
08235840,8,0,251,0,0
0146048c,8,0,234,0,0
019a5040,8,0,390,0,7
201c1a20,8,0,182,0,0
2080c225,8,0,129,0,0
049c0122,8,0,213,0,0
10b0c480,8,0,366,0,6
2810508a,8,0,349,0,1
0b2c8001,8,0,390,0,7
17a10001,8,0,382,0,4
10053221,8,0,270,0,0
3ac42000,8,0,381,0,3
06844502,8,0,390,0,6
0a105422,8,0,262,0,0
000a7222,8,0,193,0,0
03902026,8,0,240,0,0
07142500,8,0,391,0,7
25412014,8,0,379,0,5
200a7028,8,0,372,0,7
04e11060,8,0,375,0,4
02c62420,8,0,230,0,0
0e828012,8,0,262,0,0
2a918010,8,0,144,0,0
0484120b,8,0,376,0,6
1c082150,8,0,56,0,0
0104a1a4,8,0,268,0,0
1883c400,8,0,277,0,0
09046144,8,0,190,0,0
0189c00a,8,0,203,0,0
0a4c9080,8,0,263,0,0
18702420,8,0,234,0,0
1208ac02,8,0,251,0,0
34902180,8,0,376,0,4
01c0414c,8,0,176,0,0
08826920,8,0,144,0,0
1d808018,8,0,268,0,0
20211688,8,0,367,0,6
0e30800a,8,0,389,0,6
00652680,8,0,340,0,0
1a211220,8,0,202,0,0
39401024,8,0,195,0,0
0264040d,8,0,337,0,2
110624a0,8,0,375,0,1
1222a204,8,0,128,0,0
24403418,8,0,391,0,7
0052a203,8,0,319,0,0
0ad80300,8,0,46,0,0
1404a884,8,0,371,0,0
02807062,8,0,289,0,2
00f42120,8,0,95,0,0
29c04082,8,0,352,0,2
08028e09,8,0,355,0,1
02b56000,8,0,389,0,6
280a8224,8,0,121,0,0
04c09409,8,0,390,0,6
30534010,8,0,226,0,0
06043409,8,0,391,0,7
0d289004,8,0,391,0,7
0048b301,8,0,198,0,0
024422c8,8,0,160,0,0
18254014,8,0,134,0,0
18314a00,8,0,138,0,0
02a01710,8,0,275,0,6
08894019,8,0,133,0,0
20a88089,8,0,336,0,4
2242c101,8,0,201,0,0
14288441,8,0,360,0,4
04c100d8,8,0,116,0,0
3b0400a0,8,0,286,0,0
08624206,8,0,90,0,0
04013069,8,0,249,0,0
00321251,8,0,227,0,4
08612484,8,0,146,0,0
1406802c,8,0,230,0,0
0104208f,8,0,353,0,0
18124083,8,0,344,0,1
042c110c,8,0,376,0,6
1c50002a,8,0,234,0,0
14421501,8,0,158,0,0
2c100544,8,0,50,0,0
100e2828,8,0,225,0,0
0886b001,8,0,313,0,0
2c283001,8,0,391,0,7
04423092,8,0,370,0,4
01549041,8,0,391,0,7
010c7101,8,0,381,0,7
214c8101,8,0,347,0,3
0e128404,8,0,390,0,6
14303082,8,0,391,0,7
19402064,8,0,190,0,0
0e232400,8,0,391,0,7
2d040c01,8,0,371,0,3
14b80042,8,0,382,0,4
0119300c,8,0,385,0,7
240c21a0,8,0,371,0,4
0a228418,8,0,372,0,6
040c2306,8,0,232,0,0
05466001,8,0,389,0,7
14250094,8,0,252,0,0
28104462,8,0,49,0,0
11148031,8,0,368,0,0
18c04224,8,0,63,0,0
15640600,8,0,391,0,7
01546480,8,0,391,0,7
0004301f,8,0,308,0,0
21062610,8,0,324,0,1
2e100b00,8,0,319,0,0
0e602500,8,0,370,0,0
1500a130,8,0,189,0,0
18222680,8,0,357,0,5
2a00a8a0,8,0,139,0,0
2f010030,8,0,160,0,0
20889301,8,0,254,0,4
010c6241,8,0,379,0,3
02304528,8,0,304,0,6
24a1001a,8,0,247,0,4
0c445102,8,0,289,0,0
28085403,8,0,347,0,3
2014a441,8,0,377,0,3
02a8a011,8,0,201,0,0
14690012,8,0,314,0,0
01381284,8,0,389,0,7
2119c040,8,0,358,0,6
200aa049,8,0,345,0,3
0d2e0040,8,0,379,0,5
05806130,8,0,343,0,0
210a2504,8,0,370,0,3
28046094,8,0,284,0,0
1054c081,8,0,391,0,7
01135041,8,0,312,0,0
07014428,8,0,388,0,6
093a0108,8,0,386,0,7
0a842809,8,0,222,0,0
02361220,8,0,318,0,4
12314102,8,0,203,0,0
00309603,8,0,367,0,7
04680087,8,0,244,0,0
10503c08,8,0,379,0,5
2a386000,8,0,391,0,7
109c2021,8,0,356,0,0
02a1b080,8,0,374,0,6
01416282,8,0,390,0,7
00b8c044,8,0,303,0,4
04a82250,8,0,150,0,0
1132008a,8,0,324,0,0
05a010b0,8,0,328,0,6
0141e420,8,0,241,0,0
0c81100e,8,0,238,0,0
09e22800,8,0,360,0,3
0901260a,8,0,151,0,0
00182386,8,0,94,0,0
244d00c0,8,0,364,0,4
14022606,8,0,169,0,0
00b9a010,8,0,103,0,0
09146140,8,0,286,0,0
01a01740,8,0,372,0,7
082c0a88,8,0,143,0,0
2a043401,8,0,356,0,3
0c305108,8,0,391,0,7
08816888,8,0,244,0,0
01180c13,8,0,153,0,0
03520508,8,0,390,0,6
008ae030,8,0,117,0,0
041c8409,8,0,391,0,7
06130b00,8,0,282,0,4
02f06400,8,0,391,0,7
1018b880,8,0,367,0,4
0508103c,8,0,239,0,0
04b004a1,8,0,230,0,0
30421409,8,0,363,0,3
15014380,8,0,367,0,4
05041194,8,0,195,0,0
06003243,8,0,260,0,0
21403908,8,0,210,0,0
220b1600,8,0,371,0,7
00711884,8,0,131,0,0
0a148228,8,0,182,0,0
03328009,8,0,391,0,7
019d0003,8,0,341,0,0
25080a0c,8,0,367,0,7
10342842,8,0,185,0,0
06809406,8,0,383,0,6
34c40880,8,0,354,0,0
05410816,8,0,226,0,0
3032400a,8,0,365,0,3
00c94049,8,0,204,0,0
008a308c,8,0,327,0,4
189042c0,8,0,276,0,0
07841204,8,0,390,0,6
120e4801,8,0,275,0,0
21b02101,8,0,381,0,7
1880c0c2,8,0,222,0,0
13094480,8,0,387,0,6
14c06088,8,0,391,0,7
03850482,8,0,306,0,0
2501040d,8,0,391,0,7
30145050,8,0,380,0,3
11501144,8,0,196,0,0
040450b8,8,0,212,0,0
20207061,8,0,299,0,6
08508059,8,0,86,0,0
25130880,8,0,385,0,7
31802604,8,0,343,0,1
1030a10a,8,0,132,0,0
0210f084,8,0,389,0,6
08031c18,8,0,136,0,0
38a04208,8,0,264,0,1
2a308081,8,0,384,0,6
04988182,8,0,284,0,4
31c08202,8,0,289,0,0
11c66000,8,0,391,0,7
28a65000,8,0,382,0,7
0a42a0a0,8,0,385,0,6
29211005,8,0,241,0,0
09c14018,8,0,146,0,0
04980189,8,0,378,0,4
0191d002,8,0,384,0,7
0e003620,8,0,355,0,4
20392101,8,0,317,0,5
26402248,8,0,313,0,0
18628880,8,0,133,0,0
26204043,8,0,347,0,6
198c1002,8,0,368,0,1
24085380,8,0,356,0,4
004ce104,8,0,290,0,0
14021492,8,0,133,0,0
046a1024,8,0,361,0,4
19432800,8,0,366,0,1
240a2890,8,0,365,0,4
0074400e,8,0,195,0,0
0e211300,8,0,391,0,7
27230020,8,0,302,0,4
04c140d0,8,0,332,0,4
06181a08,8,0,389,0,7
07804182,8,0,373,0,6
0908c424,8,0,161,0,0
24802614,8,0,173,0,0
09822304,8,0,235,0,0
08421684,8,0,127,0,0
08780128,8,0,58,0,0
08e10c08,8,0,65,0,0
0322180c,8,0,346,0,6
06940092,8,0,280,0,0
2e002284,8,0,336,0,0
15881408,8,0,391,0,7
0480d244,8,0,352,0,4
17280801,8,0,389,0,6
38221300,8,0,253,0,0
0388c804,8,0,359,0,6
18305030,8,0,368,0,7
28820d08,8,0,311,0,0
04652808,8,0,374,0,5
22158208,8,0,250,0,0
06212310,8,0,275,0,4
24a04109,8,0,385,0,7
02102da0,8,0,133,0,0
00f04412,8,0,190,0,0
01c2408a,8,0,179,0,0
12182881,8,0,372,0,4
1d001680,8,0,388,0,7
07c01012,8,0,384,0,6
2412b008,8,0,391,0,7
1858c080,8,0,350,0,0
04084631,8,0,54,0,0
003a180a,8,0,355,0,7
28180245,8,0,174,0,0
00584283,8,0,355,0,0
04346082,8,0,391,0,7
06088a03,8,0,228,0,0
1404a092,8,0,380,0,0
14518201,8,0,391,0,7
12922202,8,0,365,0,0
0803080f,8,0,230,0,0
3280c108,8,0,381,0,6
30c11208,8,0,184,0,0
04013485,8,0,341,0,4
01406530,8,0,60,0,0
0207b008,8,0,247,0,0
04740221,8,0,318,0,0
0404e016,8,0,352,0,0
1c106030,8,0,317,0,0
02c0ae00,8,0,319,0,0
10403294,8,0,250,0,0
05024624,8,0,124,0,0
040c801d,8,0,295,0,0
2c00106c,8,0,89,0,0
20946021,8,0,391,0,7
22092d00,8,0,224,0,0
006c5101,8,0,342,0,2
300c20a4,8,0,390,0,5
248a0414,8,0,309,0,0
21511081,8,0,390,0,7
0b190240,8,0,211,0,0
2e00ca00,8,0,322,0,4
0c2d8004,8,0,317,0,0
22005207,8,0,318,0,6
03300588,8,0,391,0,7
13600248,8,0,226,0,0
06812809,8,0,339,0,0
0c520501,8,0,319,0,0
08e02058,8,0,31,0,0
12805206,8,0,382,0,6
35600480,8,0,391,0,7
0b002216,8,0,212,0,0
01c24428,8,0,263,0,2
21042491,8,0,376,0,3
280e0184,8,0,240,0,0
08205468,8,0,348,0,6
000de082,8,0,275,0,0
05381084,8,0,391,0,7
2184a202,8,0,366,0,3
34826040,8,0,388,0,7
31044034,8,0,237,0,0
2248d800,8,0,350,0,6
2ce00880,8,0,138,0,0
1806a410,8,0,236,0,0
1c884840,8,0,361,0,0
08443c40,8,0,165,0,0
0090e2a0,8,0,385,0,6
1e400805,8,0,245,0,0
145d4000,8,0,391,0,7
0031dc00,8,0,261,0,6
21036024,8,0,200,0,0
06283401,8,0,391,0,7
20c0250c,8,0,115,0,0
32606100,8,0,356,0,0
14930082,8,0,254,0,0
1812028a,8,0,332,0,0
24700940,8,0,288,0,0
080a6230,8,0,227,0,0
20185301,8,0,357,0,7
0640501c,8,0,348,0,4
10415109,8,0,171,0,0
29194080,8,0,384,0,7
08a30881,8,0,107,0,0
220c2890,8,0,347,0,0
16504120,8,0,363,0,0
0c40a510,8,0,96,0,0
0010a49c,8,0,63,0,0
1a240086,8,0,262,0,0
16280340,8,0,167,0,0
03048548,8,0,368,0,7
00a81491,8,0,316,0,6
0c1a5100,8,0,384,0,5
0c30a300,8,0,299,0,0
03c8a001,8,0,391,0,7
04a90380,8,0,297,0,4
02987200,8,0,391,0,7
01096412,8,0,281,0,0
11923008,8,0,391,0,7
09924021,8,0,387,0,3
0d021241,8,0,386,0,5
00705092,8,0,360,0,6
04405870,8,0,34,0,0
04a61140,8,0,345,0,6
0428003b,8,0,200,0,0
084c5006,8,0,296,0,0
2010421d,8,0,113,0,0
1921a004,8,0,115,0,0
0d700840,8,0,390,0,7
00e2b040,8,0,252,0,0
0d00c812,8,0,211,0,0
007c8120,8,0,155,0,0
14880660,8,0,46,0,0
0914102c,8,0,290,0,0
11346020,8,0,391,0,7
10458a01,8,0,268,0,0
11808e80,8,0,222,0,0
06a00129,8,0,196,0,0
22107028,8,0,391,0,7
2c08a410,8,0,356,0,3
04358022,8,0,242,0,0
16043021,8,0,387,0,4
12140891,8,0,243,0,0
30069401,8,0,309,0,0
04201e82,8,0,264,0,4
0a90c005,8,0,385,0,6
39805008,8,0,389,0,7
08194409,8,0,362,0,3
29a21100,8,0,280,0,4
140b0016,8,0,116,0,0
28066480,8,0,389,0,7
08452e00,8,0,290,0,0
08692210,8,0,265,0,0
0cc64002,8,0,372,0,1
12102a03,8,0,229,0,0
20902286,8,0,253,0,0
2400d230,8,0,231,0,4
28815048,8,0,287,0,0
0a50820a,8,0,171,0,0
11816011,8,0,295,0,0
045a0016,8,0,245,0,0
2c202062,8,0,148,0,0
18ca1400,8,0,286,0,0
2460c900,8,0,211,0,0
3100e804,8,0,337,0,0
16281804,8,0,384,0,6
08c21380,8,0,80,0,0
09510214,8,0,46,0,0
00c04c89,8,0,268,0,0
0c2a8840,8,0,248,0,0
0604e480,8,0,391,0,7
05013811,8,0,329,0,4
04c04a50,8,0,128,0,0
28186401,8,0,390,0,7
24032209,8,0,391,0,7
18b00418,8,0,203,0,0
03925100,8,0,383,0,6
25802811,8,0,235,0,0
005c0c41,8,0,239,0,0
040242a9,8,0,352,0,0
24e42001,8,0,383,0,1
284a0803,8,0,240,0,0
03828e00,8,0,326,0,6
08406918,8,0,41,0,0
04304544,8,0,110,0,0
25808212,8,0,267,0,4
04524828,8,0,355,0,0
0aa21204,8,0,333,0,4
1148800d,8,0,378,0,1
2a8d0002,8,0,289,0,0
21382808,8,0,391,0,7
0a904450,8,0,364,0,2
0d408031,8,0,208,0,0
0ab04404,8,0,391,0,7
03b0008a,8,0,314,0,4
00352418,8,0,151,0,0
24405860,8,0,155,0,0
36022404,8,0,387,0,6
34204230,8,0,133,0,0
0d454400,8,0,390,0,7
19084824,8,0,202,0,0
10188321,8,0,163,0,0
0c1c1005,8,0,384,0,5
00cd2108,8,0,166,0,0
1112a044,8,0,256,0,0
140c8026,8,0,265,0,0
12540844,8,0,210,0,0
05848182,8,0,258,0,0
2a483200,8,0,386,0,7
18540222,8,0,33,0,0
1880900d,8,0,179,0,0
082c4a01,8,0,159,0,0
01145098,8,0,383,0,6
01531082,8,0,225,0,0
16902c00,8,0,391,0,7
00847029,8,0,352,0,2
00126984,8,0,114,0,0
09224046,8,0,179,0,0
1005700c,8,0,389,0,3
36840c00,8,0,391,0,7
00147212,8,0,340,0,0
03614240,8,0,321,0,6
2295a000,8,0,384,0,6
26113080,8,0,391,0,7
1c311400,8,0,391,0,7
21265004,8,0,357,0,7
0ab40003,8,0,307,0,0
0d120025,8,0,352,0,1
03548480,8,0,391,0,7
0630410a,8,0,376,0,6
08d02214,8,0,16,0,0
01825049,8,0,385,0,7
11302205,8,0,370,0,1
29006206,8,0,339,0,1
286d1000,8,0,353,0,7
106842c0,8,0,106,0,0
26a40084,8,0,252,0,0
07484044,8,0,385,0,6
11202207,8,0,257,0,0
34940208,8,0,391,0,7
13460041,8,0,344,0,0
051a6200,8,0,391,0,7
05c01182,8,0,348,0,4
04621a10,8,0,206,0,4
20583101,8,0,383,0,7
09424448,8,0,379,0,3
07211202,8,0,391,0,7
01514181,8,0,324,0,0
00533003,8,0,308,0,0
03c03210,8,0,382,0,7
1202a620,8,0,91,0,0
0c109406,8,0,222,0,0
02305811,8,0,362,0,6
11413060,8,0,174,0,0
0138c300,8,0,347,0,6
26028450,8,0,385,0,6
13700500,8,0,391,0,7
3408c0c0,8,0,360,0,4
00e26030,8,0,103,0,0
0e2088c0,8,0,218,0,0
0011e405,8,0,163,0,0
05a02118,8,0,197,0,0
14043504,8,0,374,0,0
02508560,8,0,287,0,2
14127080,8,0,391,0,7
24491018,8,0,383,0,7
081210c5,8,0,292,0,0
0d0b0104,8,0,286,0,0
1c202105,8,0,127,0,0
08982089,8,0,376,0,1
05844109,8,0,390,0,7
2d409002,8,0,387,0,7
0832b004,8,0,361,0,5
000ab403,8,0,137,0,0
24120898,8,0,350,0,4
2600030b,8,0,264,0,0
34191001,8,0,391,0,7
1a402203,8,0,277,0,0
1400c285,8,0,300,0,0
0502a422,8,0,168,0,0
021c440a,8,0,380,0,2
0680a888,8,0,382,0,4
21700806,8,0,202,0,0
0c01c086,8,0,161,0,0
0c120922,8,0,92,0,0
084034a2,8,0,71,0,0
0c40802d,8,0,101,0,0
1c8440c0,8,0,390,0,7
015dc000,8,0,389,0,7
0340ac20,8,0,371,0,6
2074c040,8,0,293,0,0
07888090,8,0,354,0,6
00d03026,8,0,74,0,0
0ca88210,8,0,108,0,0
0c06c210,8,0,291,0,0
3a082404,8,0,373,0,3
0606a802,8,0,348,0,0
28380062,8,0,211,0,0
1a024182,8,0,182,0,0
0015ba00,8,0,168,0,0
04292290,8,0,361,0,4
01584601,8,0,391,0,7
09862110,8,0,173,0,0
18348804,8,0,260,0,0
0d102124,8,0,329,0,1
14910a40,8,0,324,0,4
200c380c,8,0,322,0,1
01221612,8,0,285,0,6
2848200b,8,0,387,0,3
22430209,8,0,350,0,0
1808ac80,8,0,268,0,0
2240141c,8,0,287,0,2
03113401,8,0,391,0,7
084c2411,8,0,239,0,0
1013c600,8,0,105,0,0
0ec04140,8,0,381,0,0
0204a660,8,0,265,0,0
0c045188,8,0,328,0,0
24cd0010,8,0,377,0,5
0118a122,8,0,196,0,0
084c3300,8,0,291,0,0
04511206,8,0,364,0,5
002362c0,8,0,139,0,0
02846282,8,0,387,0,6
1c100249,8,0,381,0,1
00642298,8,0,152,0,0
04602095,8,0,231,0,0
32007204,8,0,388,0,7
06052414,8,0,265,0,0
24541018,8,0,390,0,7
2c230802,8,0,241,0,0
030cb800,8,0,391,0,7
021c2106,8,0,242,0,0
00152419,8,0,172,0,0
04809426,8,0,58,0,0
01301445,8,0,391,0,7
22213003,8,0,341,0,6
18254021,8,0,134,0,0
1014a822,8,0,87,0,0
09d41200,8,0,386,0,7
14860510,8,0,138,0,0
2c131008,8,0,391,0,7
2520b010,8,0,391,0,7
062302c0,8,0,265,0,4
30102384,8,0,140,0,0
24910902,8,0,256,0,0
03122580,8,0,391,0,7
180a8118,8,0,88,0,0
21491402,8,0,384,0,7
0604a214,8,0,273,0,0
02281e20,8,0,313,0,6
32040c90,8,0,259,0,0
30c92400,8,0,374,0,3
1c828003,8,0,319,0,0
0448a0b0,8,0,239,0,0
022a6108,8,0,245,0,0
1802e030,8,0,110,0,0
134024a0,8,0,391,0,7
11463040,8,0,383,0,3
030c2a80,8,0,389,0,6
102c1049,8,0,391,0,7
0a034380,8,0,73,0,0
05a80411,8,0,367,0,7
07030502,8,0,274,0,0
31480842,8,0,274,0,0
01285181,8,0,391,0,7
25d81000,8,0,391,0,7
2c6000d0,8,0,122,0,0
03e82002,8,0,391,0,7
0582c180,8,0,337,0,4
3c408204,8,0,199,0,0
04b40248,8,0,231,0,0
11662020,8,0,359,0,1
0095c808,8,0,235,0,0
02c4c820,8,0,226,0,2
0040069b,8,0,3,0,0
0224084b,8,0,29,0,0
01448071,8,0,1,0,0
22040d18,8,0,4,0,0
20412322,8,0,15,0,0
04808d48,8,0,108,0,0
120608c1,8,0,70,0,0
0a300116,8,0,7,0,0
00049685,8,0,95,0,0
04200b0b,8,0,18,0,0
22280074,8,0,1,0,0
02069181,8,0,116,0,0
03898900,8,0,21,0,0
220e00a4,8,0,113,0,0
000940cb,8,0,20,0,0
15810841,8,0,125,0,0
00c2408e,8,0,18,0,0
018a0b80,8,0,9,0,0
04042a38,8,0,10,0,0
23428820,8,0,50,0,0
06060c41,8,0,210,0,0
14060434,8,0,21,0,0
104ac120,8,0,2,0,0
114088c4,8,0,7,0,0
08c0a025,8,0,4,0,0
31002c24,8,0,43,0,0
064a004c,8,0,68,0,0
02004d8c,8,0,3,0,0
3101c140,8,0,4,0,0
0814082b,8,0,26,0,0
101a022c,8,0,28,0,0
1c010c24,8,0,10,0,0
22400439,8,0,167,0,0
044400b3,8,0,44,0,0
20118588,8,0,65,0,0
22458011,8,0,64,0,0
1080860d,8,0,42,0,0
02564022,8,0,20,0,0
32420d00,8,0,19,0,0
21005360,8,0,29,0,0
12038403,8,0,46,0,0
0500213c,8,0,66,0,0
200095d0,8,0,51,0,0
038680c0,8,0,78,0,0
24a02111,8,0,74,0,0
30408283,8,0,31,0,0
04242431,8,0,59,0,0
30ea0800,8,0,14,0,0
09400aa8,8,0,10,0,0
10470013,8,0,14,0,0
114000d5,8,0,12,0,0
0107c090,8,0,11,0,0
03050e10,8,0,84,0,0
01048dc0,8,0,18,0,0
01889031,8,0,36,0,0
20408c83,8,0,14,0,0
23404070,8,0,25,0,0
008c0694,8,0,15,0,0
20c24304,8,0,23,0,0
0082cc06,8,0,7,0,0
02064107,8,0,15,0,0
0808b068,8,0,4,0,0
10128413,8,0,11,0,0
03130043,8,0,20,0,0
044404c6,8,0,24,0,0
010013a3,8,0,19,0,0
202c0982,8,0,83,0,0
010228e8,8,0,45,0,0
11804151,8,0,82,0,0
11228444,8,0,34,0,0
35020940,8,0,14,0,0
102b0029,8,0,99,0,0
0248800f,8,0,166,0,0
028e8101,8,0,125,0,0
34080074,8,0,48,0,0
22130288,8,0,104,0,0
01011638,8,0,11,0,0
08129502,8,0,18,0,0
03011318,8,0,4,0,0
04001517,8,0,31,0,0
01c22121,8,0,90,0,0
0100ea24,8,0,57,0,0
081d8018,8,0,108,0,0
07024054,8,0,112,0,0
012b0049,8,0,300,0,0
010cc0a4,8,0,197,0,0
210144a8,8,0,137,0,0
20040e89,8,0,264,0,0
3884001c,8,0,80,0,0
00ac008b,8,0,246,0,0
240410cc,8,0,168,0,0
02510c82,8,0,79,0,0
0e40084a,8,0,29,0,0
070600b0,8,0,97,0,0
01003a46,8,0,75,0,0
12501061,8,0,75,0,0
24910142,8,0,98,0,0
02c48c10,8,0,128,0,0
21468003,8,0,206,0,0
025250c0,8,0,162,0,0
09081261,8,0,112,0,0
300042a9,8,0,201,0,0
31008c84,8,0,115,0,0
023640c0,8,0,194,0,0
21430610,8,0,140,0,0
22844310,8,0,100,0,0
002859c0,8,0,158,0,0
12ac0120,8,0,110,0,0
001c4292,8,0,123,0,0
1005c602,8,0,59,0,0
13240144,8,0,192,0,0
012413a0,8,0,254,0,4
22070481,8,0,257,0,0
02094c84,8,0,176,0,0
003e40a0,8,0,178,0,0
2064c480,8,0,150,0,0
10a48490,8,0,93,0,0
0a8048a2,8,0,39,0,0
022026a2,8,0,171,0,0
118d0011,8,0,202,0,0
040548a8,8,0,124,0,0
00b29014,8,0,214,0,4
19240124,8,0,178,0,0
03021883,8,0,278,0,4
08a44380,8,0,83,0,0
11884811,8,0,156,0,0
13200382,8,0,160,0,0
11250290,8,0,228,0,0
02224d08,8,0,166,0,0
002454e0,8,0,132,0,0
12261810,8,0,163,0,0
30478080,8,0,192,0,0
09048a88,8,0,210,0,0
02a44884,8,0,101,0,0
1402c1a0,8,0,97,0,0
02ca4088,8,0,200,0,0
110890c8,8,0,203,0,0
0a244091,8,0,156,0,0
00251a81,8,0,266,0,4
010e80c1,8,0,208,0,0
00144a0b,8,0,118,0,0
030490a2,8,0,94,0,0
2220402d,8,0,83,0,0
02087842,8,0,133,0,0
06250842,8,0,180,0,0
23260802,8,0,106,0,0
22508218,8,0,76,0,0
00807922,8,0,107,0,0
12409908,8,0,121,0,0
07810052,8,0,111,0,0
040648a1,8,0,151,0,0
03a0800d,8,0,284,0,6
00238449,8,0,230,0,0
05008e50,8,0,128,0,0
041482e0,8,0,22,0,0
2920402a,8,0,60,0,0
070001c5,8,0,60,0,0
02458019,8,0,124,0,0
140092c4,8,0,39,0,0
0220a164,8,0,56,0,0
002e1884,8,0,143,0,0
01401623,8,0,61,0,0
0018c0ca,8,0,42,0,0
01c680a0,8,0,30,0,0
04046162,8,0,49,0,0
02128438,8,0,68,0,0
23421022,8,0,101,0,0
24420590,8,0,18,0,0
042c0982,8,0,131,0,0
02648828,8,0,22,0,0
04e20206,8,0,48,0,0
02053106,8,0,32,0,0
0200d161,8,0,40,0,0
00222887,8,0,86,0,0
10a14206,8,0,76,0,0
034140a4,8,0,43,0,0
01404c58,8,0,141,0,0
1a21008a,8,0,64,0,0
33220018,8,0,118,0,0
12911801,8,0,141,0,0
023080e1,8,0,102,0,0
01269044,8,0,219,0,0
2ac41010,8,0,84,0,0
0420107c,8,0,99,0,0
03039204,8,0,203,0,4
02688029,8,0,172,0,0
04841388,8,0,160,0,0
22a1100c,8,0,194,0,4
23e00011,8,0,155,0,0
2200512c,8,0,28,0,0
06210185,8,0,141,0,0
22081d40,8,0,188,0,0
02421682,8,0,36,0,0
31920028,8,0,165,0,0
1300410d,8,0,189,0,0
1280480d,8,0,118,0,0
01b00388,8,0,134,0,0
06041055,8,0,109,0,0
03001465,8,0,112,0,0
28248481,8,0,166,0,0
21441a40,8,0,108,0,0
01221258,8,0,140,0,4
14230908,8,0,137,0,0
14081b80,8,0,116,0,0
0200de02,8,0,89,0,0
32240105,8,0,115,0,0
112010b4,8,0,126,0,0
0501841a,8,0,189,0,0
22a02190,8,0,93,0,0
222002a9,8,0,102,0,0
048412d0,8,0,75,0,0
0100d423,8,0,135,0,0
1200444e,8,0,74,0,0
1202002f,8,0,57,0,0
21204298,8,0,71,0,0
0120103d,8,0,243,0,4
01940829,8,0,190,0,0
0a211046,8,0,138,0,0
102090c5,8,0,100,0,0
202418a1,8,0,83,0,0
03815028,8,0,145,0,4
002a0899,8,0,198,0,0
0200ad09,8,0,217,0,0
01161038,8,0,124,0,0
002b1091,8,0,178,0,0
02151051,8,0,1,0,0
04310431,8,0,65,0,0
0b008053,8,0,3,0,0
11220d80,8,0,26,0,0
029104a4,8,0,4,0,0
27030104,8,0,131,0,0
26001a28,8,0,186,0,4
26408910,8,0,66,0,0
03448430,8,0,179,0,2
12028849,8,0,153,0,0
22210429,8,0,256,0,2
25a00218,8,0,149,0,0
23840510,8,0,202,0,2
01725200,8,0,391,0,7
0a504091,8,0,241,0,0
2212140c,8,0,391,0,7
0530a880,8,0,391,0,7
1c120604,8,0,315,0,0
26088908,8,0,317,0,4
10141618,8,0,310,0,0
06058105,8,0,255,0,0
23948100,8,0,386,0,6
04154450,8,0,237,0,0
0486002b,8,0,213,0,0
0630082c,8,0,378,0,4
20709082,8,0,333,0,6
040a8449,8,0,391,0,7
0d220428,8,0,390,0,7
113c4400,8,0,391,0,7
2700300a,8,0,391,0,7
1a170002,8,0,312,0,0
0498c401,8,0,391,0,7
25211120,8,0,375,0,7
0410260b,8,0,385,0,5
26401214,8,0,186,0,4
000cb00d,8,0,354,0,0
0430a424,8,0,215,0,0
3282c008,8,0,363,0,6
05892900,8,0,294,0,0
11b11800,8,0,358,0,7
0a828403,8,0,339,0,0
01886888,8,0,382,0,6
11142430,8,0,366,0,1
2404844c,8,0,316,0,0
0452060c,8,0,209,0,0
0830a441,8,0,305,0,0
35500410,8,0,391,0,7
250b0208,8,0,391,0,7
2c0230c0,8,0,377,0,5
06023520,8,0,278,0,4
04982904,8,0,318,0,0
31a04104,8,0,329,0,4
04b05011,8,0,391,0,7
06a10501,8,0,348,0,4
0b198200,8,0,377,0,6
162404c0,8,0,384,0,6
0a059201,8,0,235,0,0
00349403,8,0,366,0,7
09065044,8,0,316,0,0
34128012,8,0,287,0,0
11508608,8,0,388,0,6
29120442,8,0,295,0,0
32002189,8,0,312,0,0
11150109,8,0,391,0,7
26108442,8,0,391,0,7
0445a808,8,0,385,0,5
2e204022,8,0,351,0,4
0072300c,8,0,383,0,5
2122c404,8,0,195,0,2
298d0200,8,0,353,0,5
18830029,8,0,300,0,0
25860280,8,0,331,0,4
0cc02460,8,0,247,0,0
11064109,8,0,370,0,3
11550030,8,0,323,0,1
18220581,8,0,207,0,0
09109188,8,0,236,0,0
21462c00,8,0,360,0,3
11d40104,8,0,386,0,1
0414d003,8,0,391,0,7
01486881,8,0,391,0,7
13880424,8,0,306,0,0
24245402,8,0,391,0,7
11311840,8,0,361,0,7
0c340608,8,0,374,0,0
04a4c280,8,0,355,0,4
1084e204,8,0,390,0,7
18512220,8,0,283,0,0
040c2491,8,0,375,0,0
16580011,8,0,381,0,4
1340300c,8,0,389,0,7
05c11202,8,0,391,0,7
0c422121,8,0,290,0,0
0418109c,8,0,296,0,4
0709a001,8,0,391,0,7
1d104102,8,0,343,0,0
1812900c,8,0,373,0,5
0a84c012,8,0,281,0,0
05c01484,8,0,391,0,7
23484404,8,0,391,0,7
0e80a102,8,0,335,0,0
042015d0,8,0,241,0,4
04432013,8,0,270,0,0
018a5420,8,0,321,0,6
011c5088,8,0,391,0,7
21104825,8,0,279,0,0
044861a0,8,0,350,0,0
11948084,8,0,391,0,7
26070108,8,0,272,0,0
209c8014,8,0,293,0,4
2a820029,8,0,342,0,0
16000217,8,0,152,0,0
05680184,8,0,348,0,4
033cc000,8,0,391,0,7
1a541004,8,0,382,0,3
109c4044,8,0,390,0,7
0426201a,8,0,252,0,0
30a84600,8,0,387,0,7
15406204,8,0,391,0,7
2ca42400,8,0,373,0,3
2ca01202,8,0,377,0,7
00b1b080,8,0,354,0,4
30174200,8,0,346,0,1
08072098,8,0,317,0,0
04a64404,8,0,337,0,0
04502a41,8,0,363,0,0
04446188,8,0,378,0,0
1c003540,8,0,190,0,0
16014540,8,0,254,0,0
23170002,8,0,253,0,0
0c448490,8,0,191,0,0
288a1280,8,0,345,0,5
25040c05,8,0,302,0,0
0b10a210,8,0,382,0,6
04223405,8,0,382,0,4
060e1088,8,0,370,0,4
0a80844c,8,0,280,0,2
0a865020,8,0,276,0,0
34828808,8,0,246,0,0
20c02682,8,0,376,0,2
08957000,8,0,389,0,7
124024c1,8,0,260,0,0
06780011,8,0,389,0,6
04042097,8,0,329,0,0
11d12080,8,0,388,0,1
38408409,8,0,358,0,2
0af11000,8,0,379,0,6
041a401a,8,0,341,0,0
20c23240,8,0,238,0,0
03043209,8,0,391,0,7
20190407,8,0,352,0,3
03640281,8,0,374,0,6
08072380,8,0,282,0,0
0f12000a,8,0,389,0,7
0f048041,8,0,382,0,6
04592801,8,0,391,0,7
1410090d,8,0,330,0,0
0c814310,8,0,300,0,0
04e24042,8,0,327,0,0
38459000,8,0,330,0,1
003c6240,8,0,339,0,0
009a2288,8,0,376,0,4
33046080,8,0,391,0,7
086a0482,8,0,261,0,0
14446208,8,0,391,0,7
10d16100,8,0,383,0,1
1e028030,8,0,141,0,0
28500309,8,0,184,0,0
01168c08,8,0,356,0,0
03160181,8,0,292,0,0
10705021,8,0,391,0,7
08561011,8,0,350,0,1
0481d050,8,0,336,0,4
18134011,8,0,301,0,0
12229600,8,0,386,0,7
01409c88,8,0,331,0,6
2180220e,8,0,226,0,0
000a7098,8,0,374,0,4
0e214042,8,0,326,0,0
0240e043,8,0,198,0,0
3ca00802,8,0,245,0,0
0904c604,8,0,210,0,0
0e4c2010,8,0,370,0,0
16203840,8,0,385,0,6
0e04c00c,8,0,367,0,0
16052808,8,0,391,0,7
020ab208,8,0,341,0,4
15016300,8,0,391,0,7
32180e00,8,0,390,0,7
36200428,8,0,391,0,7
0605c084,8,0,335,0,4
12a94002,8,0,359,0,0
0b412201,8,0,384,0,3
0488d108,8,0,376,0,6
2c05080c,8,0,267,0,0
2a022422,8,0,305,0,0
24c66000,8,0,391,0,7
06b02005,8,0,356,0,4
2200cc48,8,0,390,0,7
1cc00058,8,0,148,0,0
00528449,8,0,376,0,2
221228c0,8,0,296,0,0
29334000,8,0,353,0,5
18049680,8,0,245,0,0
2cd02100,8,0,358,0,1
14058580,8,0,326,0,0
211a0026,8,0,347,0,6
051c4021,8,0,391,0,7
0910d021,8,0,390,0,7
04663020,8,0,391,0,7
214060e0,8,0,352,0,0
24160414,8,0,211,0,0
11429201,8,0,382,0,7
209a3002,8,0,389,0,7
01506112,8,0,234,0,0
08486288,8,0,378,0,1
110824d0,8,0,334,0,0
042118a8,8,0,286,0,4
0b246004,8,0,382,0,3
0420e04c,8,0,172,0,0
39840900,8,0,266,0,0
2464040c,8,0,365,0,2
13580140,8,0,256,0,0
11920481,8,0,385,0,5
110c4203,8,0,374,0,3
01a03424,8,0,372,0,7
2c468001,8,0,358,0,0
25084144,8,0,343,0,4
03b80204,8,0,370,0,6
142a020a,8,0,278,0,0
17020502,8,0,331,0,0
2111d400,8,0,390,0,7
0a021486,8,0,278,0,0
160440c2,8,0,354,0,0
0800b219,8,0,199,0,0
0c884034,8,0,237,0,0
05514210,8,0,391,0,7
14078280,8,0,382,0,4
210a4025,8,0,337,0,0
23210504,8,0,283,0,6
06a06102,8,0,391,0,7
09343400,8,0,391,0,7
07140411,8,0,391,0,7
001a0649,8,0,338,0,0
0b201403,8,0,390,0,7
11479000,8,0,375,0,3
07804038,8,0,263,0,0
12048462,8,0,214,0,0
00b86044,8,0,360,0,5
1412060a,8,0,299,0,0
090e0284,8,0,357,0,4
0f800c01,8,0,391,0,7
0c500c28,8,0,340,0,0
11d05010,8,0,391,0,7
1231c020,8,0,269,0,4
040280d9,8,0,213,0,0
04254242,8,0,299,0,0
244102a1,8,0,343,0,5
02969800,8,0,250,0,0
0411a04a,8,0,159,0,0
02160c0c,8,0,327,0,0
0608180e,8,0,229,0,0
05484038,8,0,309,0,0
36880110,8,0,273,0,0
14a20412,8,0,125,0,0
10393001,8,0,384,0,7
10a0e402,8,0,342,0,2
0340a098,8,0,387,0,6
280c4e00,8,0,308,0,1
13c40840,8,0,375,0,2
3c104300,8,0,369,0,1
2d240044,8,0,273,0,0
06003426,8,0,311,0,4
09700061,8,0,267,0,0
18864280,8,0,367,0,1
14807410,8,0,391,0,7
20043588,8,0,297,0,0
15048a01,8,0,391,0,7
14062094,8,0,357,0,0
120d6400,8,0,377,0,3
15a10a00,8,0,348,0,4
148f0200,8,0,387,0,5
12168088,8,0,390,0,6
001e8448,8,0,324,0,0
08542601,8,0,356,0,1
05880443,8,0,370,0,7
310b2400,8,0,373,0,3
04019292,8,0,196,0,4
023418c0,8,0,334,0,6
08682086,8,0,321,0,0
22046418,8,0,355,0,2
02849604,8,0,187,0,0
02317001,8,0,391,0,7
2413010a,8,0,246,0,0
02340309,8,0,242,0,0
0a3c0440,8,0,379,0,2
1840e204,8,0,321,0,0
29002a90,8,0,278,0,0
2d005028,8,0,390,0,7
01692210,8,0,375,0,1
0a032a01,8,0,224,0,0
06b22200,8,0,377,0,4
0b90040a,8,0,389,0,2
0468440c,8,0,382,0,6
2211040b,8,0,379,0,2
0bc04480,8,0,391,0,7
011a7002,8,0,391,0,7
030bb000,8,0,385,0,6
055c2400,8,0,391,0,7
248d1010,8,0,366,0,6
12142822,8,0,277,0,0
04a01c44,8,0,168,0,4
181200c5,8,0,197,0,0
144c4011,8,0,388,0,3
2404b300,8,0,360,0,4
1b006180,8,0,348,0,0
05040199,8,0,256,0,0
1c820405,8,0,284,0,0
0d810406,8,0,291,0,0
261008a8,8,0,354,0,4
2e010085,8,0,204,0,0
2c680101,8,0,273,0,0
26921200,8,0,383,0,6
05422103,8,0,313,0,0
28942408,8,0,372,0,3
054a1102,8,0,299,0,0
15844a00,8,0,391,0,7
0e80a024,8,0,176,0,0
32181810,8,0,338,0,6
1a209003,8,0,363,0,6
35002c08,8,0,391,0,7
05045601,8,0,391,0,7
0998a004,8,0,374,0,7
0a078201,8,0,309,0,0
300414c8,8,0,336,0,2
090aa210,8,0,338,0,0
150b1002,8,0,354,0,4
089430c0,8,0,278,0,0
06162240,8,0,329,0,0
016e2080,8,0,391,0,7
14804c22,8,0,217,0,0
01158640,8,0,336,0,2
00cc4083,8,0,330,0,0
2412820a,8,0,309,0,4
14291300,8,0,390,0,7
0110844b,8,0,367,0,6
1204a019,8,0,385,0,2
32048481,8,0,390,0,7
06907004,8,0,391,0,7
01906228,8,0,386,0,7
0423022c,8,0,230,0,4
11c1c004,8,0,359,0,0
114d8800,8,0,379,0,3
2440a580,8,0,345,0,0
0301ac40,8,0,391,0,7
22c06c00,8,0,391,0,7
098a2240,8,0,383,0,1
21142442,8,0,363,0,3
2600b108,8,0,388,0,6
06018740,8,0,388,0,7
0838c480,8,0,314,0,0
16491002,8,0,381,0,4
03013007,8,0,343,0,2
2a029084,8,0,223,0,0
058e0410,8,0,318,0,0
1204a481,8,0,391,0,7
0a061680,8,0,381,0,7
010c5209,8,0,389,0,7
1440b088,8,0,388,0,4
16401a04,8,0,255,0,0
01589090,8,0,375,0,6
0e3002c0,8,0,293,0,4
106a5400,8,0,379,0,7
3408200d,8,0,391,0,7
24094640,8,0,386,0,7
0c660005,8,0,303,0,0
058a0209,8,0,391,0,7
09221803,8,0,379,0,7
01a83404,8,0,391,0,7
0151c440,8,0,387,0,7
190d2200,8,0,391,0,7
06404704,8,0,100,0,0
21109c20,8,0,268,0,6
0d900844,8,0,363,0,4
00905207,8,0,382,0,7
0c308141,8,0,251,0,0
13200603,8,0,358,0,6
08847801,8,0,325,0,0
20c52480,8,0,372,0,0
20ce4200,8,0,360,0,5
304a20c0,8,0,374,0,0
38286002,8,0,388,0,7
05004668,8,0,233,0,0
00407614,8,0,227,0,0
308a0602,8,0,318,0,0
03941081,8,0,387,0,6
35080111,8,0,312,0,0
08523202,8,0,357,0,5
00965012,8,0,352,0,2
068e8800,8,0,245,0,0
14a80242,8,0,298,0,0
25828018,8,0,189,0,0
2d220014,8,0,227,0,0
24644420,8,0,311,0,0
0e400458,8,0,322,0,0
1a8c4010,8,0,350,0,0
05182025,8,0,387,0,7
20189812,8,0,308,0,6
22b40082,8,0,333,0,4
11601809,8,0,391,0,7
23628040,8,0,217,0,2
0d046088,8,0,391,0,7
28284409,8,0,386,0,3
06901054,8,0,156,0,0
16a40005,8,0,371,0,0
2052008b,8,0,354,0,0
06208e04,8,0,88,0,0
0e00142c,8,0,345,0,2
14051504,8,0,311,0,0
01140709,8,0,358,0,0
2a011405,8,0,149,0,0
28161801,8,0,338,0,0
019c4104,8,0,390,0,7
17400308,8,0,364,0,0
19904044,8,0,387,0,3
0540848c,8,0,376,0,6
0480444b,8,0,383,0,7
0146600c,8,0,368,0,3
2822d200,8,0,372,0,7
18046043,8,0,312,0,0
2039a001,8,0,385,0,7
050c041c,8,0,373,0,2
20047019,8,0,348,0,3
34131800,8,0,387,0,5
04c03814,8,0,168,0,0
3e409000,8,0,391,0,7
02629201,8,0,362,0,6
0844a418,8,0,193,0,0
05019414,8,0,283,0,4
10533004,8,0,327,0,0
164b0008,8,0,381,0,4
10342620,8,0,320,0,1
0a80700a,8,0,381,0,3
02d05480,8,0,391,0,7
130d1001,8,0,383,0,5
00785804,8,0,385,0,7
04883640,8,0,375,0,5
34188044,8,0,369,0,4
0031101b,8,0,313,0,4
3800120d,8,0,295,0,1
24894404,8,0,391,0,7
04b8008c,8,0,303,0,4
30924011,8,0,350,0,0
05186101,8,0,391,0,7
0043320c,8,0,306,0,0
1e008890,8,0,166,0,0
0304a422,8,0,298,0,2
27520008,8,0,391,0,7
25302024,8,0,388,0,7
2800b109,8,0,181,0,0
00d44015,8,0,297,0,0
02701051,8,0,382,0,6
08706402,8,0,333,0,1
04a61005,8,0,333,0,4
15111090,8,0,388,0,7
1601a084,8,0,349,0,4
23202224,8,0,239,0,0
0111500b,8,0,387,0,7
246c0300,8,0,323,0,0
17002610,8,0,391,0,7
05156400,8,0,391,0,7
2a065008,8,0,388,0,7
16098101,8,0,311,0,0
02908921,8,0,168,0,0
011c808a,8,0,336,0,0
02109c0c,8,0,377,0,6
16048106,8,0,367,0,0
119b8000,8,0,286,0,0
0a84a801,8,0,279,0,0
14887100,8,0,391,0,7
24480581,8,0,293,0,0
15322010,8,0,378,0,5
20249049,8,0,375,0,7
27710000,8,0,391,0,7
303c1002,8,0,391,0,7
12102849,8,0,244,0,0
1890a021,8,0,135,0,0
006a3402,8,0,383,0,7
2809040e,8,0,331,0,3
38042c02,8,0,249,0,0
20302229,8,0,261,0,0
34128810,8,0,317,0,0
22c81408,8,0,391,0,7
22a00419,8,0,309,0,2
30720041,8,0,250,0,0
04dc0110,8,0,276,0,0
24c40540,8,0,261,0,0
04143520,8,0,346,0,0
22a8c020,8,0,381,0,7
24519800,8,0,391,0,7
06414604,8,0,390,0,7
23403202,8,0,391,0,7
00d85220,8,0,376,0,7
2901d008,8,0,293,0,0
241242c0,8,0,249,0,0
03322240,8,0,380,0,6
2c40201c,8,0,263,0,0
1c125002,8,0,391,0,7
03853080,8,0,376,0,4
10581301,8,0,296,0,0
3a001809,8,0,343,0,0
19420288,8,0,385,0,1
23d00108,8,0,353,0,6
0c444604,8,0,263,0,0
12111c01,8,0,367,0,6
08928105,8,0,125,0,0
19848201,8,0,376,0,3
15244048,8,0,391,0,7
06610046,8,0,240,0,0
29081301,8,0,322,0,5
1200f280,8,0,390,0,6
08988680,8,0,300,0,0
04385500,8,0,391,0,7
04890491,8,0,262,0,0
11247040,8,0,391,0,7
194a0410,8,0,305,0,0
06000cc9,8,0,344,0,4
09360090,8,0,337,0,0
0705a080,8,0,391,0,7
0d421048,8,0,389,0,7
32485008,8,0,381,0,7
1a221900,8,0,235,0,0
014c6102,8,0,357,0,3
1b021009,8,0,391,0,7
35004284,8,0,387,0,4
112a1401,8,0,391,0,7
04523018,8,0,389,0,5
00cc7800,8,0,385,0,7
02882381,8,0,309,0,0
0094300d,8,0,339,0,0
06244421,8,0,320,0,0
30584014,8,0,373,0,1
3420204c,8,0,263,0,0
230a4018,8,0,346,0,6
0186b004,8,0,350,0,0
2a3c0200,8,0,387,0,7
13488820,8,0,318,0,2
249c0180,8,0,384,0,4
014bb000,8,0,386,0,7
3e000421,8,0,329,0,0
1022140b,8,0,385,0,7
0e13000a,8,0,374,0,4
29281500,8,0,390,0,7
1c428280,8,0,334,0,0
2190a600,8,0,391,0,7
0606810c,8,0,139,0,0
34031300,8,0,345,0,4
30904a02,8,0,324,0,0
20128c48,8,0,310,0,0
06302007,8,0,387,0,6
111c0023,8,0,381,0,1
11461028,8,0,348,0,1
05443084,8,0,391,0,7
31030608,8,0,332,0,2
200e2248,8,0,310,0,0
196040c0,8,0,324,0,0
09880e01,8,0,310,0,0
04c05818,8,0,309,0,4
0a048e40,8,0,301,0,2
1d8a8000,8,0,372,0,4
12710009,8,0,391,0,7
2112500a,8,0,388,0,7
24a400c1,8,0,198,0,0
0934a040,8,0,371,0,3
02950488,8,0,317,0,0
03242c20,8,0,352,0,2
01a48484,8,0,218,0,0
0a021807,8,0,175,0,0
111a2011,8,0,366,0,1
0602a222,8,0,189,0,0
0c248288,8,0,207,0,0
1d0800a8,8,0,339,0,0
11282409,8,0,391,0,7
1d200811,8,0,223,0,0
0c62c400,8,0,342,0,0
0cc2a200,8,0,381,0,5
2a920402,8,0,391,0,7
0b209018,8,0,336,0,6
08b0c042,8,0,335,0,2
05229240,8,0,389,0,7
0f000452,8,0,253,0,0
03a48005,8,0,329,0,6
20221069,8,0,313,0,2
03682088,8,0,391,0,7
2500284a,8,0,224,0,0
010a7210,8,0,390,0,7
09490e00,8,0,333,0,1
06414448,8,0,391,0,7
24403092,8,0,374,0,4
01622c80,8,0,388,0,7
09884045,8,0,343,0,1
0102b00d,8,0,385,0,7
0218a488,8,0,391,0,7
1c0c0818,8,0,360,0,1
228060c2,8,0,383,0,6
201d4081,8,0,376,0,5
05100c98,8,0,382,0,4
01342c40,8,0,375,0,3
11300618,8,0,309,0,0
31504009,8,0,391,0,7
081b8084,8,0,242,0,0
049e4020,8,0,384,0,4
0498e100,8,0,391,0,7
0a502888,8,0,381,0,0
08682049,8,0,344,0,1
0e420d00,8,0,297,0,0
087c2020,8,0,326,0,1
22428029,8,0,139,0,0
24122610,8,0,373,0,5
1420b500,8,0,383,0,6
12066202,8,0,354,0,0
21804708,8,0,368,0,7
15124028,8,0,390,0,7
1188200d,8,0,368,0,1
04f60008,8,0,374,0,0
18121a80,8,0,351,0,5
091aa010,8,0,359,0,1
21246003,8,0,370,0,3
04c0a01a,8,0,162,0,0
000a9609,8,0,379,0,7
01c8a801,8,0,387,0,7
111d4004,8,0,391,0,7
0d022184,8,0,355,0,4
34004298,8,0,300,0,0
30309804,8,0,321,0,4
06901058,8,0,266,0,4
11144106,8,0,364,0,1
0b048a80,8,0,286,0,2
05a07004,8,0,391,0,7
26380108,8,0,391,0,7
01162a20,8,0,268,0,0
0c08a2a0,8,0,304,0,0
07064110,8,0,169,0,0
16011c02,8,0,377,0,4
040aa604,8,0,278,0,0
0eb80200,8,0,387,0,6
03a12c00,8,0,385,0,6
07cc0002,8,0,390,0,6
0d302900,8,0,389,0,7
0608a00d,8,0,388,0,6
39002212,8,0,244,0,0
08442491,8,0,272,0,0
04212618,8,0,349,0,4
080a5241,8,0,312,0,1
2504a220,8,0,382,0,5
25441801,8,0,391,0,7
27500009,8,0,391,0,7
05061424,8,0,226,0,0
1c800e08,8,0,282,0,0
2c200c0a,8,0,320,0,2
34100039,8,0,369,0,0
05047401,8,0,391,0,7
0cc90410,8,0,338,0,1
07300148,8,0,383,0,6
20b64001,8,0,378,0,5
0a803007,8,0,221,0,0
041a5c00,8,0,391,0,7
13022806,8,0,258,0,0
0641a011,8,0,384,0,4
0582aa00,8,0,355,0,4
20868109,8,0,217,0,0
07810260,8,0,275,0,4
30483500,8,0,315,0,1
091484c0,8,0,372,0,2
11b31000,8,0,377,0,7
098cc040,8,0,389,0,7
1d100904,8,0,343,0,0
2418e100,8,0,391,0,7
31104520,8,0,304,0,0
0e440206,8,0,190,0,0
2120a282,8,0,367,0,6
1c4c2004,8,0,391,0,7
35100230,8,0,288,0,0
02141491,8,0,327,0,0
0c428e00,8,0,197,0,0
0c8450c0,8,0,386,0,6
04394028,8,0,372,0,4
0104644c,8,0,336,0,0
06841604,8,0,379,0,6
26112408,8,0,391,0,7
01c49082,8,0,299,0,2
144050e0,8,0,260,0,0
0c22042a,8,0,329,0,0
0b005482,8,0,385,0,7
14054c02,8,0,306,0,0
0d0a008c,8,0,384,0,5
06048898,8,0,228,0,0
2a580820,8,0,297,0,0
042031b0,8,0,306,0,4
00325488,8,0,388,0,7
0e0a1c00,8,0,391,0,7
22143a00,8,0,374,0,4
20c0e060,8,0,358,0,6
34109108,8,0,391,0,7
3c200091,8,0,201,0,0
1890020b,8,0,279,0,0
06c64001,8,0,370,0,2
22092428,8,0,345,0,2
1a500908,8,0,193,0,0
02c18c08,8,0,316,0,6
06194101,8,0,323,0,4
2a142804,8,0,311,0,0
12824580,8,0,320,0,0
281a3002,8,0,389,0,7
07420089,8,0,391,0,7
018162a0,8,0,373,0,4
20665400,8,0,327,0,3
2c310202,8,0,374,0,5
06225044,8,0,385,0,6
08034c48,8,0,247,0,0
1c002682,8,0,305,0,0
05f01400,8,0,391,0,7
04821498,8,0,341,0,4
054c0184,8,0,317,0,0
2203b200,8,0,276,0,4
26450030,8,0,246,0,0
040a3a08,8,0,356,0,4
044c2405,8,0,364,0,1
0e80c088,8,0,381,0,6
0c482148,8,0,228,0,0
20e05108,8,0,342,0,7
1f009200,8,0,391,0,7
14039410,8,0,142,0,0
2220f010,8,0,389,0,7
0c0f0801,8,0,340,0,0
120d2204,8,0,328,0,0
06212501,8,0,326,0,4
29303004,8,0,391,0,7
21662200,8,0,384,0,3
10885484,8,0,390,0,7
2c480049,8,0,367,0,3
254808a0,8,0,363,0,4
2141200d,8,0,313,0,0
04805390,8,0,300,0,4
06027090,8,0,388,0,6
35408500,8,0,379,0,3
1a0c2108,8,0,346,0,0
05100e88,8,0,390,0,7
0c502884,8,0,384,0,4
28b04030,8,0,274,0,0
0b807001,8,0,391,0,7
04113007,8,0,357,0,4
00d050a1,8,0,387,0,7
24893040,8,0,359,0,5
046460c0,8,0,389,0,6
39002d00,8,0,233,0,0
08a06148,8,0,254,0,0
180a180c,8,0,331,0,1
3448a004,8,0,389,0,5
0121d204,8,0,362,0,7
04213103,8,0,372,0,7
01398500,8,0,346,0,6
03490444,8,0,297,0,2
042d8028,8,0,293,0,0
29880206,8,0,358,0,7
032a1006,8,0,378,0,6
1a065004,8,0,378,0,1
0446a110,8,0,240,0,0
3800a490,8,0,193,0,0
1a5c0040,8,0,344,0,0
3a700200,8,0,344,0,0
16211840,8,0,377,0,6
1830c440,8,0,340,0,3
0cd04009,8,0,391,0,7
1c010a48,8,0,244,0,0
16820411,8,0,216,0,0
30964400,8,0,391,0,7
05c80884,8,0,326,0,4
20b0a300,8,0,182,0,0
2608a00c,8,0,391,0,7
146d4000,8,0,391,0,7
015d0402,8,0,334,0,0
08a03308,8,0,223,0,0
0ce02108,8,0,313,0,0
15428408,8,0,391,0,7
0e80a044,8,0,232,0,0
04131418,8,0,385,0,6
0524c202,8,0,352,0,6
04918203,8,0,375,0,4
34410109,8,0,385,0,5
2404e410,8,0,373,0,3
03980640,8,0,391,0,7
00b01498,8,0,370,0,6
105c0a08,8,0,333,0,0
048e0209,8,0,387,0,7
02721180,8,0,310,0,4
30521440,8,0,278,0,0
0664200c,8,0,378,0,0
0880e403,8,0,346,0,3
02923a00,8,0,262,0,0
15005111,8,0,375,0,4
18422304,8,0,278,0,0
05226802,8,0,336,0,0
0d206090,8,0,386,0,5
0538a004,8,0,391,0,7
0430908a,8,0,384,0,6
1503d000,8,0,391,0,7
0c060990,8,0,155,0,0
32189020,8,0,373,0,6
0460a340,8,0,118,0,0
300c2444,8,0,375,0,3
0448c488,8,0,370,0,6
019a0482,8,0,362,0,6
0b0a4014,8,0,321,0,0
202c5802,8,0,350,0,7
1ba21000,8,0,388,0,6
00b0cc08,8,0,334,0,6
00b0450c,8,0,365,0,7
091038a0,8,0,352,0,0
24141a10,8,0,348,0,4
31240608,8,0,391,0,7
0e502140,8,0,255,0,0
21144490,8,0,373,0,2
0d404144,8,0,237,0,0
01e11500,8,0,377,0,7
15011310,8,0,361,0,5
11802644,8,0,214,0,0
224ae000,8,0,391,0,7
17164000,8,0,391,0,7
02492209,8,0,374,0,0
23205104,8,0,389,0,7
078c1040,8,0,383,0,6
280e1440,8,0,342,0,3
29490a00,8,0,368,0,7
0b920018,8,0,324,0,0
320c3800,8,0,391,0,7
27801180,8,0,369,0,6
0d442410,8,0,371,0,3
05a81204,8,0,390,0,7
26032082,8,0,379,0,4
048320c8,8,0,294,0,0
24205025,8,0,381,0,7
0603800d,8,0,388,0,6
0310f010,8,0,391,0,7
00359101,8,0,335,0,4
11032604,8,0,275,0,0
16082182,8,0,345,0,0
204804c9,8,0,364,0,3
0d424210,8,0,383,0,1
22405601,8,0,360,0,7
1098b004,8,0,371,0,4
0428041e,8,0,272,0,0
1500c284,8,0,369,0,4
0c024431,8,0,206,0,0
05120483,8,0,369,0,4
3010d00c,8,0,388,0,7
20320189,8,0,331,0,0
06c50014,8,0,221,0,0
0c111051,8,0,230,0,0
241006a8,8,0,307,0,0
141c0910,8,0,367,0,0
00496488,8,0,376,0,0
0c309801,8,0,391,0,7
1212c208,8,0,350,0,6
0842101b,8,0,328,0,0
13407001,8,0,391,0,7
00417405,8,0,244,0,0
02ac2081,8,0,381,0,4
1a00d006,8,0,326,0,2
00426294,8,0,321,0,0
34485200,8,0,391,0,7
04046582,8,0,298,0,0
34302060,8,0,323,0,0
03701210,8,0,391,0,7
02d28410,8,0,247,0,0
02558500,8,0,207,0,0
01b11044,8,0,308,0,4
046520c0,8,0,378,0,4
3b010401,8,0,351,0,3
0500c384,8,0,162,0,0
34c004c0,8,0,346,0,0
044a5804,8,0,330,0,4
01805426,8,0,359,0,7
04006a0e,8,0,176,0,0
01301099,8,0,389,0,7
14250038,8,0,277,0,0
14982022,8,0,356,0,0
31140481,8,0,391,0,7
0810302d,8,0,236,0,0
0722a020,8,0,385,0,6
0143d001,8,0,348,0,2
0580c510,8,0,360,0,6
16224088,8,0,375,0,6
35121400,8,0,391,0,7
0ca20a01,8,0,219,0,0
08c0c504,8,0,119,0,0
06816102,8,0,388,0,6
0660204c,8,0,221,0,0
092a1041,8,0,390,0,7
0e108212,8,0,297,0,0
01622025,8,0,281,0,0
15340048,8,0,391,0,7
0318102c,8,0,349,0,6
1d042102,8,0,357,0,1
32300806,8,0,280,0,0
04201364,8,0,236,0,4
08c82c40,8,0,288,0,0
20382d00,8,0,369,0,7
14205441,8,0,391,0,7
2c800461,8,0,126,0,0
0600f804,8,0,388,0,6
03c84802,8,0,373,0,6
120ab001,8,0,344,0,0
3148002a,8,0,310,0,0
24270021,8,0,184,0,0
20d2b000,8,0,373,0,4
30405488,8,0,383,0,7
0c4110e0,8,0,167,0,0
24049422,8,0,164,0,0
12442580,8,0,369,0,0
0aa29001,8,0,381,0,6
12928801,8,0,314,0,0
1ca20808,8,0,344,0,4
24910181,8,0,240,0,0
0d208980,8,0,219,0,0
05984201,8,0,391,0,7
13107400,8,0,391,0,7
0e01104a,8,0,228,0,0
1884020d,8,0,311,0,1
22100b88,8,0,4,0,0
380086a0,8,0,0,0,0
20414423,8,0,10,0,0
1020c1a4,8,0,2,0,0
02085470,8,0,22,0,0
28281070,8,0,128,0,0
212a0111,8,0,94,0,0
31011214,8,0,92,0,0
0a684120,8,0,48,0,0
310048d0,8,0,75,0,0
11258006,8,0,162,0,0
21014a82,8,0,102,0,0
006c4124,8,0,54,0,0
22045218,8,0,66,0,0
20444886,8,0,40,0,0
08341122,8,0,63,0,0
03454180,8,0,80,0,0
10201694,8,0,27,0,0
01334024,8,0,108,0,0
00105236,8,0,56,0,0
3024808c,8,0,114,0,0
01121903,8,0,128,0,0
3010406c,8,0,122,0,0
01209116,8,0,69,0,0
13280814,8,0,60,0,0
01005ea0,8,0,66,0,0
2a280025,8,0,129,0,0
2124c102,8,0,118,0,0
2a0f0040,8,0,157,0,0
02258282,8,0,39,0,0
10a92180,8,0,90,0,0
03248144,8,0,49,0,0
0a0d2011,8,0,69,0,0
00bd00c0,8,0,67,0,0
21c40841,8,0,66,0,0
0100384b,8,0,63,0,0
23000c32,8,0,43,0,0
1110414c,8,0,63,0,0
03102862,8,0,14,0,0
08843043,8,0,61,0,0
00a49806,8,0,10,0,0
0068045a,8,0,34,0,0
011a8052,8,0,26,0,0
0a0948a0,8,0,13,0,0
200055a4,8,0,21,0,0
12061540,8,0,15,0,0
02944054,8,0,62,0,0
10129c04,8,0,28,0,0
18061320,8,0,72,0,0
14050115,8,0,143,0,0
12ca8200,8,0,102,0,0
30049460,8,0,120,0,0
1008944a,8,0,89,0,0
011a0e10,8,0,93,0,0
1400052d,8,0,125,0,0
14050c24,8,0,92,0,0
12920510,8,0,37,0,0
221b0240,8,0,176,0,0
01a4c028,8,0,149,0,0
1092201a,8,0,122,0,0
38840181,8,0,123,0,0
30804072,8,0,119,0,0
15400944,8,0,32,0,0
10148151,8,0,62,0,0
0ac09820,8,0,19,0,0
01c28a80,8,0,117,0,0
11920805,8,0,99,0,0
06013150,8,0,58,0,0
27800160,8,0,65,0,0
02842e40,8,0,84,0,0
0b048818,8,0,109,0,0
04818522,8,0,36,0,0
00c0b043,8,0,48,0,0
17000161,8,0,31,0,0
0a340218,8,0,81,0,0
01139500,8,0,84,0,0
22002d82,8,0,146,0,0
03022512,8,0,53,0,0
020024ab,8,0,175,0,0
0a0ca110,8,0,105,0,0
0b010618,8,0,122,0,0
15220118,8,0,135,0,0
000f20b0,8,0,63,0,0
0208238c,8,0,54,0,0
00a8222a,8,0,56,0,0
02092503,8,0,5,0,0
042220d4,8,0,91,0,0
080820b6,8,0,73,0,0
0100e0d8,8,0,117,0,0
0a0420aa,8,0,81,0,0
0019a098,8,0,124,0,0
09238240,8,0,76,0,0
020a221a,8,0,96,0,0
200821aa,8,0,106,0,0
20482065,8,0,85,0,0
032b4020,8,0,88,0,0
001c2198,8,0,150,0,0
011f0410,8,0,175,0,0
02a82122,8,0,115,0,0
024d2900,8,0,75,0,0
02180899,8,0,223,0,0
0008380f,8,0,172,0,0
01ab0081,8,0,154,0,0
004a0c0b,8,0,213,0,0
01002396,8,0,39,0,0
22242450,8,0,185,0,0
340a00b0,8,0,162,0,0
030c02a2,8,0,88,0,0
032c8820,8,0,191,0,2
300a40a2,8,0,177,0,0
0288a0b0,8,0,67,0,0
0209a806,8,0,17,0,0
13a02820,8,0,122,0,0
012a0624,8,0,123,0,0
00a8408e,8,0,146,0,0
0204a21a,8,0,22,0,0
22200d88,8,0,222,0,0
009620a2,8,0,123,0,0
208b0016,8,0,106,0,0
2120a029,8,0,181,0,0
200ea060,8,0,93,0,0
02042187,8,0,134,0,0
2209001e,8,0,200,0,0
120520e0,8,0,92,0,0
00690628,8,0,50,0,0
03300126,8,0,219,0,4
218e0090,8,0,226,0,0
001c0c8a,8,0,141,0,0
18052190,8,0,92,0,0
06090541,8,0,118,0,0
0804e4a0,8,0,210,0,0
00117a04,8,0,265,0,0
280160d0,8,0,120,0,0
19012340,8,0,50,0,0
10887030,8,0,320,0,0
31430a00,8,0,185,0,0
00b8008d,8,0,252,0,0
0628006c,8,0,108,0,0
28081213,8,0,227,0,0
12258042,8,0,173,0,0
20a08588,8,0,146,0,0
20284514,8,0,158,0,0
208b1410,8,0,117,0,0
2202141c,8,0,175,0,0
29410428,8,0,234,0,0
2818010e,8,0,230,0,0
24408885,8,0,192,0,0
00a06886,8,0,256,0,0
020060b6,8,0,169,0,0
04a884a0,8,0,231,0,0
180a2242,8,0,191,0,0
221d0011,8,0,283,0,0
000a2c49,8,0,257,0,0
02032a88,8,0,270,0,0
20180e84,8,0,294,0,0
208e2028,8,0,265,0,0
08ae2020,8,0,200,0,0
010a6c40,8,0,325,0,2
08622504,8,0,112,0,0
11230601,8,0,225,0,0
20748404,8,0,152,0,0
2002aac0,8,0,19,0,0
01036405,8,0,264,0,0
30481881,8,0,269,0,0
28514280,8,0,245,0,0
28222250,8,0,127,0,0
2020b190,8,0,161,0,0
01097104,8,0,333,0,0
20882c18,8,0,267,0,0
2249800c,8,0,153,0,0
2000f188,8,0,255,0,0
28005603,8,0,230,0,1
09ca0840,8,0,246,0,0
01903821,8,0,255,0,0
28470108,8,0,160,0,0
310a4220,8,0,331,0,0
32090441,8,0,222,0,0
20067060,8,0,147,0,0
31209801,8,0,327,0,6
01022ec0,8,0,284,0,0
010b3104,8,0,205,0,0
20037014,8,0,140,0,0
008078a1,8,0,317,0,4
0011a08d,8,0,213,0,0
0a03c420,8,0,128,0,0
20aa1012,8,0,336,0,6
3000c688,8,0,229,0,0
002ea880,8,0,288,0,0
21109260,8,0,151,0,4
210123c0,8,0,89,0,0
28188a10,8,0,175,0,0
014c9180,8,0,241,0,0
218a0460,8,0,198,0,0
0839200a,8,0,254,0,0
3120c006,8,0,233,0,0
11280a81,8,0,332,0,4
0005620d,8,0,242,0,0
0049e180,8,0,257,0,0
28a72000,8,0,174,0,0
2068020d,8,0,297,0,0
020860cc,8,0,204,0,0
21231240,8,0,294,0,6
2882c014,8,0,158,0,0
082a80a8,8,0,232,0,0
209a8220,8,0,214,0,0
0124a308,8,0,208,0,0
0025a0c1,8,0,147,0,0
31888041,8,0,287,0,0
2a214500,8,0,212,0,0
320a2028,8,0,272,0,0
2090288a,8,0,208,0,0
08c8a090,8,0,246,0,0
20594180,8,0,251,0,0
22041618,8,0,202,0,2
08381114,8,0,233,0,0
2c280821,8,0,217,0,0
084b2044,8,0,228,0,0
29082062,8,0,262,0,0
1a282090,8,0,283,0,0
200071a4,8,0,303,0,4
01921282,8,0,279,0,4
28e1a000,8,0,160,0,0
20368208,8,0,204,0,0
21262104,8,0,217,0,0
11079400,8,0,289,0,0
20c230a0,8,0,214,0,0
090b8028,8,0,142,0,0
200a5214,8,0,285,0,4
200c38c0,8,0,276,0,0
21811281,8,0,286,0,4
303a0022,8,0,280,0,0
209a0098,8,0,317,0,4
28380244,8,0,242,0,0
01243124,8,0,381,0,7
0412e402,8,0,355,0,0
2e00a404,8,0,389,0,7
14524804,8,0,388,0,4
2c050c04,8,0,242,0,0
24221310,8,0,246,0,4
35020d00,8,0,199,0,0
06a41a00,8,0,368,0,6
064a0c04,8,0,276,0,0
13140c10,8,0,391,0,7
240c022a,8,0,297,0,0
01425608,8,0,372,0,7
0101f011,8,0,275,0,0
191b0010,8,0,271,0,0
14243120,8,0,391,0,7
26822011,8,0,236,0,0
21918401,8,0,387,0,6
04784a00,8,0,386,0,7
0a623040,8,0,390,0,7
04b00988,8,0,300,0,4
0e021242,8,0,239,0,0
14007640,8,0,390,0,7
0a07e000,8,0,325,0,0
34308140,8,0,320,0,4
2100ac44,8,0,193,0,0
0c514808,8,0,390,0,5
124c1480,8,0,386,0,2
211080b1,8,0,147,0,0
13302880,8,0,391,0,7
010824aa,8,0,307,0,0
186420c0,8,0,356,0,1
2b205010,8,0,384,0,7
24380680,8,0,391,0,7
0104a40b,8,0,343,0,2
0c022309,8,0,388,0,1
0f002023,8,0,292,0,0
21621808,8,0,330,0,7
0308b104,8,0,372,0,6
24041c05,8,0,237,0,0
10530809,8,0,384,0,1
2a184060,8,0,305,0,0
24819006,8,0,253,0,4
0f000a03,8,0,289,0,0
0834e002,8,0,332,0,0
23222801,8,0,352,0,2
02582481,8,0,391,0,7
1500f100,8,0,391,0,7
218420a4,8,0,294,0,0
3d800440,8,0,389,0,7
0094e00c,8,0,386,0,6
0d008321,8,0,322,0,0
0c628a00,8,0,221,0,0
35007008,8,0,391,0,7
34430801,8,0,298,0,0
042f0005,8,0,308,0,0
1b421040,8,0,309,0,0
090a2124,8,0,255,0,0
19628008,8,0,359,0,1
0c111814,8,0,276,0,0
2098c600,8,0,391,0,7
05541220,8,0,391,0,7
140420e8,8,0,322,0,0
04380213,8,0,300,0,4
00271448,8,0,297,0,2
303e0001,8,0,391,0,7
07402188,8,0,388,0,6
082aa280,8,0,374,0,4
24011492,8,0,217,0,0
141d1008,8,0,391,0,7
02342442,8,0,362,0,2
08588405,8,0,232,0,0
02722180,8,0,372,0,4
2421480c,8,0,263,0,4
040623a0,8,0,291,0,0
004e4484,8,0,212,0,0
0d8200a4,8,0,251,0,0
21341048,8,0,388,0,7
0e243200,8,0,391,0,7
2484c500,8,0,391,0,7
07201890,8,0,373,0,6
3d013000,8,0,391,0,7
05088605,8,0,381,0,7
0580c0a1,8,0,385,0,6
01517001,8,0,391,0,7
00a95110,8,0,336,0,6
033c1002,8,0,391,0,7
1e022042,8,0,298,0,0
34440428,8,0,380,0,3
06018470,8,0,214,0,0
22407420,8,0,387,0,7
2901c600,8,0,305,0,2
0420f050,8,0,382,0,6
281d0810,8,0,222,0,0
20508588,8,0,169,0,0
0a221884,8,0,332,0,4
14160601,8,0,378,0,1
02066406,8,0,346,0,2
0b421208,8,0,391,0,7
284e9000,8,0,293,0,0
24884094,8,0,354,0,4
04814381,8,0,361,0,4
044a3030,8,0,253,0,0
09321102,8,0,388,0,7
31482180,8,0,391,0,7
25404122,8,0,286,0,0
2380408a,8,0,353,0,6
0c8c8180,8,0,250,0,0
33402006,8,0,381,0,3
24488244,8,0,159,0,0
37081100,8,0,388,0,7
19888440,8,0,386,0,7
013c2408,8,0,391,0,7
01500c19,8,0,387,0,3
02084499,8,0,305,0,0
29c2000a,8,0,291,0,0
20587800,8,0,390,0,7
02541409,8,0,391,0,7
21128602,8,0,242,0,0
05974000,8,0,390,0,7
24a8c004,8,0,378,0,7
00caa180,8,0,296,0,0
01082a86,8,0,329,0,0
0c0310b0,8,0,227,0,0
02886448,8,0,380,0,2
38520048,8,0,352,0,1
2a2ca000,8,0,391,0,7
2194020a,8,0,264,0,0
01a80c09,8,0,383,0,7
0d809003,8,0,390,0,7
35304001,8,0,391,0,7
00446087,8,0,350,0,0
04469402,8,0,146,0,0
20701620,8,0,332,0,7
08383500,8,0,389,0,7
14107108,8,0,391,0,7
08827404,8,0,385,0,7
01a85208,8,0,381,0,7
2c005049,8,0,391,0,7
240d0602,8,0,390,0,7
18060988,8,0,318,0,0
0a883401,8,0,347,0,0
3c0a1040,8,0,365,0,5
05302038,8,0,292,0,0
1844a440,8,0,356,0,1
05215808,8,0,391,0,7
0145100b,8,0,301,0,0
2805a600,8,0,232,0,0
302c0281,8,0,390,0,7
1a281404,8,0,391,0,7
0b82c004,8,0,371,0,6
0818b012,8,0,221,0,0
09212181,8,0,243,0,0
0486300c,8,0,360,0,4
0a04a049,8,0,256,0,0
05488580,8,0,359,0,6
3a046800,8,0,381,0,3
06314022,8,0,350,0,4
00d05083,8,0,391,0,7
24c68200,8,0,216,0,0
049070a0,8,0,391,0,7
0c151042,8,0,262,0,0
21389400,8,0,391,0,7
05222882,8,0,378,0,4
0f028840,8,0,330,0,4
08984109,8,0,389,0,3
071a0024,8,0,346,0,4
2a40c404,8,0,312,0,2
29520084,8,0,345,0,0
20185830,8,0,265,0,0
0ca8c020,8,0,357,0,4
0c694400,8,0,387,0,5
0842a444,8,0,165,0,0
1a40e001,8,0,366,0,3
10103384,8,0,277,0,0
20a16401,8,0,310,0,1
0c430051,8,0,266,0,0
0600a04b,8,0,354,0,0
2a30c004,8,0,386,0,6
2288c600,8,0,391,0,7
06840c82,8,0,373,0,0
002032a5,8,0,341,0,4
1510081a,8,0,359,0,0
109c8009,8,0,391,0,7
0160a504,8,0,202,0,0
05429900,8,0,299,0,4
2411a022,8,0,265,0,0
20169084,8,0,177,0,0
34b00003,8,0,389,0,7
1400d640,8,0,386,0,7
04964009,8,0,391,0,7
11844248,8,0,387,0,7
13300091,8,0,354,0,4
12606009,8,0,382,0,2
0e04e100,8,0,386,0,2
11482049,8,0,376,0,3
15cc0100,8,0,391,0,7
21443090,8,0,391,0,7
0c4600c8,8,0,333,0,0
0e288044,8,0,297,0,4
09209c40,8,0,391,0,7
0a407201,8,0,381,0,3
0254a110,8,0,283,0,0
30203250,8,0,252,0,4
01926840,8,0,379,0,3
16c41100,8,0,390,0,6
0002a48d,8,0,316,0,0
15cc0040,8,0,391,0,7
34b10002,8,0,378,0,4
25030428,8,0,373,0,6
0840b085,8,0,296,0,0
11484501,8,0,316,0,0
14252404,8,0,378,0,1
00309e80,8,0,202,0,4
06905808,8,0,391,0,7
31802212,8,0,291,0,0
08b09180,8,0,253,0,4
06324280,8,0,366,0,4
04198218,8,0,315,0,4
0425a180,8,0,336,0,0
21c804a0,8,0,363,0,3
24048099,8,0,351,0,4
043a5008,8,0,391,0,7
34062012,8,0,363,0,0
0bc0c010,8,0,340,0,2
00665408,8,0,378,0,6
100a32c0,8,0,329,0,0
0b0202a8,8,0,279,0,0
26108501,8,0,391,0,7
19114009,8,0,387,0,3
10442036,8,0,283,0,0
01548281,8,0,391,0,7
0d1b0004,8,0,362,0,5
05482250,8,0,386,0,5
11246840,8,0,351,0,1
0210a294,8,0,147,0,0
05082309,8,0,390,0,7
25680081,8,0,391,0,7
01115308,8,0,314,0,4
34a08c00,8,0,207,0,0
29528200,8,0,385,0,7
181ac040,8,0,329,0,0
03d80048,8,0,347,0,2
100c5481,8,0,387,0,3
14844488,8,0,391,0,7
04586808,8,0,391,0,7
1118d100,8,0,390,0,7
2032300c,8,0,390,0,7
050c0a09,8,0,391,0,7
0d144480,8,0,390,0,7
0d700410,8,0,383,0,7
2011a203,8,0,221,0,0
28021829,8,0,313,0,1
04a24508,8,0,375,0,6
1a205140,8,0,368,0,6
054020aa,8,0,309,0,0
05094620,8,0,373,0,7
0c2c4104,8,0,300,0,0
049a8042,8,0,229,0,0
144c2801,8,0,389,0,1
08616600,8,0,328,0,1
100c5490,8,0,353,0,2
12908803,8,0,346,0,0
011c0a05,8,0,346,0,0
16504820,8,0,390,0,6
3010d024,8,0,364,0,6
04541904,8,0,337,0,0
0544c102,8,0,314,0,0
2008b414,8,0,317,0,3
02202386,8,0,167,0,0
290900a2,8,0,165,0,0
0664800a,8,0,373,0,6
0154a240,8,0,385,0,3
16a25000,8,0,391,0,7
220c1c02,8,0,382,0,7
012c3a00,8,0,391,0,7
13090405,8,0,283,0,0
2406002b,8,0,290,0,0
004622c8,8,0,292,0,0
24294180,8,0,347,0,4
38888006,8,0,229,0,0
24c02282,8,0,382,0,4
25848808,8,0,337,0,4
048a6104,8,0,360,0,4
05412910,8,0,284,0,0
04843620,8,0,326,0,0
21c88041,8,0,320,0,2
201a0816,8,0,334,0,4
06610430,8,0,237,0,4
25200446,8,0,320,0,6
0c108283,8,0,253,0,0
05011612,8,0,364,0,7
0140ac84,8,0,337,0,0
01522824,8,0,246,0,0
10986c00,8,0,390,0,7
0c054320,8,0,237,0,0
01e11044,8,0,313,0,6
0a520058,8,0,226,0,0
0090450d,8,0,359,0,2
0202b421,8,0,196,0,0
0820f024,8,0,295,0,0
2611c040,8,0,378,0,6
28c84840,8,0,348,0,1
17404104,8,0,387,0,6
0500b190,8,0,356,0,4
38424011,8,0,297,0,0
34280421,8,0,317,0,0
15320201,8,0,391,0,7
01245c04,8,0,360,0,7
26221140,8,0,365,0,6
384a0500,8,0,254,0,0
31122900,8,0,285,0,0
26012222,8,0,328,0,4
20827005,8,0,366,0,5
08234888,8,0,325,0,0
00b83c00,8,0,387,0,7
040a2ac0,8,0,291,0,0
10383110,8,0,380,0,7
14183180,8,0,387,0,4
0230c40a,8,0,374,0,6
11086a80,8,0,391,0,7
032c0282,8,0,324,0,6
03560101,8,0,366,0,2
26420482,8,0,358,0,0
2490e100,8,0,391,0,7
30148206,8,0,254,0,0
341048c0,8,0,383,0,4
0501c490,8,0,304,0,4
080526c0,8,0,108,0,0
0608e408,8,0,391,0,7
141c1801,8,0,391,0,7
2b40c800,8,0,390,0,7
048cc081,8,0,389,0,6
24891050,8,0,297,0,4
0e01a084,8,0,337,0,0
00a52282,8,0,288,0,0
0c2c00a8,8,0,250,0,0
01802385,8,0,241,0,0
22a82410,8,0,389,0,7
23018460,8,0,364,0,7
083a008c,8,0,356,0,5
01403294,8,0,387,0,7
20b01803,8,0,314,0,6
060c401c,8,0,300,0,0
06011213,8,0,288,0,4
11121a04,8,0,319,0,4
0840ec04,8,0,204,0,0
21482184,8,0,389,0,7
24b020a0,8,0,335,0,4
36250800,8,0,389,0,6
21688808,8,0,354,0,7
09ba0040,8,0,370,0,5
22093028,8,0,199,0,0
2c906040,8,0,390,0,7
10f0c008,8,0,363,0,6
310b4400,8,0,348,0,3
2302042c,8,0,222,0,2
040c40c5,8,0,291,0,0
01383820,8,0,385,0,7
0f030208,8,0,391,0,7
14684006,8,0,369,0,0
04105911,8,0,327,0,4
10542290,8,0,382,0,0
01082199,8,0,268,0,0
01107301,8,0,391,0,7
02163014,8,0,288,0,0
11045481,8,0,391,0,7
0e200c82,8,0,327,0,0
04918882,8,0,310,0,0
11450224,8,0,293,0,1
01c46420,8,0,380,0,3
229e0002,8,0,384,0,6
14ac000c,8,0,386,0,5
0148b005,8,0,391,0,7
038ec000,8,0,364,0,6
134004c8,8,0,388,0,6
2098001e,8,0,368,0,7
0824300e,8,0,312,0,1
05844424,8,0,389,0,7
2d006003,8,0,388,0,3
1e22a000,8,0,388,0,6
08dc0003,8,0,333,0,0
0584c00c,8,0,390,0,6
21207201,8,0,391,0,7
01281a90,8,0,309,0,6
15285010,8,0,391,0,7
0d884044,8,0,389,0,7
298c000c,8,0,323,0,1
14a420c0,8,0,386,0,4
040cd401,8,0,385,0,7
2400360c,8,0,390,0,7
0c0a8203,8,0,310,0,0
24844441,8,0,385,0,7
29080883,8,0,377,0,6
200e7800,8,0,367,0,7
14340841,8,0,389,0,5
05340c04,8,0,391,0,7
0c096401,8,0,366,0,1
0a0a6014,8,0,307,0,0
0c025209,8,0,391,0,7
052c0406,8,0,386,0,7
208a4c02,8,0,315,0,0
026190c0,8,0,225,0,4
28199020,8,0,229,0,0
33151000,8,0,391,0,7
19212401,8,0,287,0,0
0202e411,8,0,219,0,0
18221809,8,0,391,0,7
205b0108,8,0,197,0,0
26016600,8,0,391,0,7
221c0282,8,0,360,0,6
05104449,8,0,391,0,7
24182015,8,0,376,0,5
08386028,8,0,327,0,1
05041305,8,0,353,0,4
011d0284,8,0,271,0,0
1624000d,8,0,391,0,7
00b23044,8,0,297,0,4
09186012,8,0,357,0,1
2108121a,8,0,359,0,7
03013209,8,0,391,0,7
18072028,8,0,320,0,1
000c6381,8,0,333,0,0
052c6002,8,0,391,0,7
32c10600,8,0,354,0,0
200c02a9,8,0,310,0,0
014a0419,8,0,358,0,3
014a3088,8,0,391,0,7
34084218,8,0,370,0,5
0540c2c0,8,0,335,0,4
1404140d,8,0,391,0,7
010c2449,8,0,381,0,3
1802501c,8,0,329,0,1
09084485,8,0,339,0,1
01154281,8,0,352,0,0
281a0a80,8,0,388,0,7
0a10308a,8,0,326,0,0
18403188,8,0,281,0,0
2e400520,8,0,231,0,0
2c514008,8,0,391,0,7
308c0c02,8,0,341,0,0
104070b0,8,0,277,0,0
0102a429,8,0,332,0,2
04a0d210,8,0,390,0,7
17100031,8,0,344,0,0
05228604,8,0,249,0,4
0860bc00,8,0,316,0,3
229c0202,8,0,388,0,7
042ab080,8,0,391,0,7
1e301002,8,0,391,0,7
31320021,8,0,272,0,0
31002503,8,0,209,0,0
14640640,8,0,341,0,0
05e03010,8,0,391,0,7
0c510302,8,0,277,0,0
0e005504,8,0,387,0,6
24806484,8,0,391,0,7
1a881402,8,0,372,0,0
25801c01,8,0,384,0,7
14536000,8,0,391,0,7
20156028,8,0,305,0,0
0d008a11,8,0,219,0,0
25482220,8,0,391,0,7
25880448,8,0,391,0,7
26180320,8,0,341,0,4
3a131000,8,0,355,0,4
31c14004,8,0,371,0,1
312a1002,8,0,379,0,7
14909108,8,0,387,0,6
13108520,8,0,380,0,6
31102422,8,0,346,0,3
23416200,8,0,391,0,7
24102909,8,0,386,0,5
040d1414,8,0,306,0,0
2108c0a8,8,0,304,0,4
29894008,8,0,357,0,7
24089a08,8,0,323,0,4
0146100d,8,0,362,0,3
0804e0a4,8,0,217,0,0
2443a001,8,0,386,0,5
1c190021,8,0,283,0,0
10846520,8,0,362,0,3
3408a440,8,0,391,0,7
1101f010,8,0,315,0,0
15019404,8,0,378,0,6
07414220,8,0,391,0,7
05441124,8,0,355,0,0
0030e809,8,0,330,0,0
380c4050,8,0,314,0,0
0d520044,8,0,330,0,0
21503120,8,0,342,0,1
2cc10028,8,0,273,0,0
04858881,8,0,254,0,0
0c49c010,8,0,319,0,0
30a80680,8,0,368,0,7
2a4d0004,8,0,243,0,0
0224a604,8,0,202,0,0
0c1022c8,8,0,306,0,0
070180c1,8,0,358,0,4
16991000,8,0,389,0,6
0211ac08,8,0,375,0,6
36190010,8,0,384,0,6
1d0a4040,8,0,377,0,5
228804e0,8,0,241,0,0
05045089,8,0,391,0,7
0b046408,8,0,378,0,3
20006c8a,8,0,275,0,0
04e01610,8,0,385,0,7
05a004d0,8,0,287,0,4
0802d016,8,0,245,0,0
0a0a1888,8,0,367,0,4
29804091,8,0,263,0,0
01c08e01,8,0,317,0,2
31958000,8,0,391,0,7
2038008b,8,0,389,0,7
35204140,8,0,371,0,6
0003b888,8,0,199,0,0
24241188,8,0,362,0,6
010a5203,8,0,369,0,7
02288129,8,0,324,0,2
2e060108,8,0,361,0,0
02507084,8,0,391,0,7
08cb2080,8,0,381,0,5
14514802,8,0,390,0,5
2b108102,8,0,352,0,6
03048650,8,0,356,0,7
1c212401,8,0,297,0,0
0d121050,8,0,366,0,5
1140a2a0,8,0,373,0,0
12109083,8,0,379,0,6
14870440,8,0,283,0,0
01750300,8,0,330,0,0
08d22480,8,0,391,0,7
3e020408,8,0,391,0,7
04292013,8,0,305,0,0
24609208,8,0,380,0,7
14103301,8,0,374,0,5
2d328000,8,0,391,0,7
22085290,8,0,292,0,4
28603208,8,0,384,0,7
2620a220,8,0,347,0,4
140e2005,8,0,387,0,1
0c14c300,8,0,268,0,0
02265082,8,0,334,0,6
280f1010,8,0,214,0,0
11884881,8,0,336,0,0
06014e01,8,0,357,0,4
0ca41410,8,0,382,0,6
1012400f,8,0,361,0,3
18520288,8,0,356,0,1
26c48100,8,0,385,0,6
21122980,8,0,333,0,0
16100e04,8,0,374,0,4
068c0422,8,0,341,0,0
0c898220,8,0,234,0,0
21199200,8,0,382,0,7
27002602,8,0,391,0,7
0e189002,8,0,389,0,6
11092242,8,0,220,0,0
0110f120,8,0,387,0,7
030c1422,8,0,294,0,2
04959020,8,0,341,0,4
101a3081,8,0,387,0,5
234042c0,8,0,223,0,0
2008b700,8,0,309,0,1
040c508c,8,0,381,0,4
062b4008,8,0,383,0,6
34a08480,8,0,371,0,4
20ba4400,8,0,391,0,7
00457014,8,0,310,0,0
09888409,8,0,384,0,3
021a2481,8,0,391,0,7
28542804,8,0,315,0,0
2020e40c,8,0,281,0,2
3110140a,8,0,391,0,7
04814243,8,0,336,0,0
0e602420,8,0,357,0,0
0150a4a0,8,0,382,0,6
35540100,8,0,391,0,7
058e0048,8,0,282,0,0
032c8009,8,0,390,0,7
24d04024,8,0,390,0,7
00e1a202,8,0,207,0,0
25091110,8,0,343,0,6
01308503,8,0,309,0,6
18388101,8,0,280,0,0
03114601,8,0,385,0,7
01c0d102,8,0,351,0,7
08146288,8,0,367,0,0
00653082,8,0,380,0,6
0090e421,8,0,389,0,7
22106812,8,0,249,0,0
0600a360,8,0,230,0,0
0c087900,8,0,342,0,0
250c0508,8,0,391,0,7
200b400e,8,0,245,0,0
0c426011,8,0,371,0,1
211a0c80,8,0,388,0,7
02924c08,8,0,386,0,6
080a2449,8,0,360,0,3
0ea48002,8,0,381,0,6
2590040c,8,0,391,0,7
2e410900,8,0,261,0,0
1818c208,8,0,367,0,0
1c889800,8,0,320,0,4
24855100,8,0,390,0,7
0d609080,8,0,391,0,7
061b1020,8,0,309,0,4
1d410801,8,0,384,0,5
23881044,8,0,321,0,6
04932402,8,0,348,0,0
268c0208,8,0,384,0,7
02b05014,8,0,391,0,7
30284488,8,0,391,0,7
35011120,8,0,281,0,4
08512882,8,0,273,0,0
20f10401,8,0,310,0,0
0c262802,8,0,296,0,0
202c2109,8,0,363,0,3
11c0c102,8,0,334,0,2
2089a102,8,0,199,0,0
089b4100,8,0,312,0,0
2441840c,8,0,383,0,6
2c40210c,8,0,249,0,0
05114281,8,0,391,0,7
02c8b008,8,0,344,0,6
148045c0,8,0,366,0,4
028cb004,8,0,367,0,6
05a01a08,8,0,376,0,7
0c320b00,8,0,324,0,0
04107380,8,0,389,0,7
2ee00040,8,0,368,0,6
08422125,8,0,170,0,0
22081464,8,0,302,0,2
22a0a420,8,0,312,0,2
08e27000,8,0,391,0,7
0c050419,8,0,349,0,0
29006038,8,0,199,0,0
25a00540,8,0,377,0,7
083018c1,8,0,333,0,4
310c8003,8,0,391,0,7
32c06002,8,0,391,0,7
38824108,8,0,373,0,1
22894820,8,0,292,0,4
000c7490,8,0,382,0,2
0d021148,8,0,344,0,4
0c128830,8,0,215,0,0
0548001d,8,0,371,0,1
082c220c,8,0,271,0,0
268802a0,8,0,276,0,4
0c0c5220,8,0,332,0,0
20536008,8,0,381,0,1
0505c210,8,0,367,0,6
22924880,8,0,333,0,4
043c0109,8,0,390,0,7
080b401a,8,0,243,0,0
0840688c,8,0,335,0,0
01290e08,8,0,318,0,6
2f400060,8,0,242,0,0
3c101108,8,0,391,0,7
04c98240,8,0,356,0,4
23001c21,8,0,354,0,7
24649010,8,0,384,0,6
2a282802,8,0,380,0,6
1150c00c,8,0,389,0,3
0228108d,8,0,377,0,6
34021484,8,0,311,0,0
3304a004,8,0,391,0,7
2e040510,8,0,249,0,0
24034c08,8,0,380,0,7
13602006,8,0,378,0,2
06688042,8,0,351,0,6
11066041,8,0,356,0,1
06322042,8,0,363,0,4
2922d000,8,0,391,0,7
013c0d00,8,0,335,0,3
09082506,8,0,153,0,0
030024e1,8,0,315,0,0
05147002,8,0,391,0,7
0958020c,8,0,328,0,1
06281114,8,0,366,0,6
05086205,8,0,390,0,7
00f84108,8,0,382,0,7
0e0e0820,8,0,268,0,0
052d0401,8,0,391,0,7
06843a00,8,0,371,0,4
048c4484,8,0,391,0,7
221d2002,8,0,390,0,7
123c0440,8,0,390,0,7
34833000,8,0,371,0,4
360880c0,8,0,321,0,4
1521e000,8,0,391,0,7
281a0105,8,0,298,0,0
2108802b,8,0,325,0,2
010cf100,8,0,385,0,7
05188205,8,0,391,0,7
00a26302,8,0,286,0,0
1006a08c,8,0,361,0,0
2b092040,8,0,324,0,2
12149401,8,0,391,0,7
200434c2,8,0,210,0,0
090242a4,8,0,238,0,0
24280213,8,0,331,0,4
04122e08,8,0,386,0,5
04772000,8,0,388,0,5
02047406,8,0,388,0,7
1300148c,8,0,390,0,6
2510001d,8,0,380,0,5
0424a083,8,0,382,0,4
02946104,8,0,380,0,2
240e4880,8,0,352,0,4
08123888,8,0,385,0,5
01b01218,8,0,346,0,7
0f008205,8,0,380,0,6
0710808c,8,0,385,0,6
06119201,8,0,391,0,7
05a13008,8,0,391,0,7
0208f0c0,8,0,363,0,6
03ca0480,8,0,391,0,7
30185a00,8,0,384,0,7
0405d500,8,0,322,0,4
223c0500,8,0,391,0,7
01191023,8,0,239,0,0
26258010,8,0,330,0,4
090680a8,8,0,284,0,0
14632040,8,0,330,0,0
25021203,8,0,379,0,7
002c3064,8,0,278,0,0
02823288,8,0,352,0,4
2a08208c,8,0,367,0,0
041f0440,8,0,287,0,0
00583023,8,0,313,0,0
03a80c02,8,0,388,0,6
14104588,8,0,376,0,4
141a1005,8,0,384,0,5
09ae1000,8,0,373,0,7
2ae80001,8,0,272,0,0
39288001,8,0,373,0,7
01093481,8,0,391,0,7
00207704,8,0,307,0,4
23082049,8,0,391,0,7
09e92000,8,0,377,0,3
20906602,8,0,391,0,7
09cc1040,8,0,336,0,3
20827018,8,0,352,0,7
0850a085,8,0,324,0,0
0c50b800,8,0,391,0,7
0e102822,8,0,282,0,0
169a0001,8,0,381,0,4
208055a0,8,0,284,0,6
24250211,8,0,321,0,4
00816087,8,0,314,0,0
0d040708,8,0,316,0,0
0ca46400,8,0,389,0,7
1201a490,8,0,135,0,0
025a2280,8,0,389,0,6
20181e08,8,0,387,0,7
20284704,8,0,245,0,0
2010b881,8,0,370,0,4
101c9201,8,0,391,0,7
180c1c08,8,0,357,0,3
220a8501,8,0,300,0,2
24508700,8,0,256,0,0
2920c088,8,0,215,0,0
08261c08,8,0,391,0,7
22494280,8,0,338,0,4
05222260,8,0,222,0,0
101ca401,8,0,389,0,3
06152420,8,0,388,0,4
091a0482,8,0,369,0,5
38904c00,8,0,386,0,3
0c121241,8,0,358,0,5
26008494,8,0,199,0,0
15083028,8,0,391,0,7
216a9000,8,0,381,0,7
0a806604,8,0,371,0,0
0154a280,8,0,391,0,7
002a3d00,8,0,183,0,0
012022a9,8,0,346,0,0
06423440,8,0,387,0,6
0c045c01,8,0,340,0,0
0a1a100a,8,0,385,0,5
0308b0a0,8,0,386,0,6
0202e184,8,0,240,0,0
37008014,8,0,343,0,4
0741200a,8,0,391,0,7
2c001443,8,0,221,0,0
3b104020,8,0,385,0,3
260c1810,8,0,350,0,6
0408504d,8,0,371,0,4
1e082410,8,0,334,0,0
24c44410,8,0,389,0,7
10842582,8,0,351,0,0
10a222c0,8,0,146,0,0
08402299,8,0,294,0,0
2e828008,8,0,389,0,6
24221580,8,0,362,0,6
08822584,8,0,264,0,0
084bc002,8,0,154,0,0
044b9400,8,0,349,0,4
0501848c,8,0,333,0,4
22a01409,8,0,391,0,7
34142084,8,0,391,0,7
01c42803,8,0,349,0,1
34024206,8,0,267,0,0
07625000,8,0,391,0,7
0a308405,8,0,364,0,6
14079080,8,0,382,0,4
06100c1a,8,0,383,0,4
28062340,8,0,83,0,0
02142588,8,0,377,0,0
2818080d,8,0,378,0,1
0d084290,8,0,345,0,0
0a18e200,8,0,390,0,6
26058880,8,0,303,0,4
23351000,8,0,391,0,7
0416c0c0,8,0,292,0,0
321c0088,8,0,391,0,7
07888420,8,0,391,0,7
05540026,8,0,311,0,0
05499002,8,0,388,0,7
04304099,8,0,381,0,4
02216181,8,0,237,0,0
00b0900b,8,0,381,0,7
08416188,8,0,211,0,0
0d4010a1,8,0,363,0,4
08422491,8,0,329,0,1
20741011,8,0,385,0,7
05520821,8,0,390,0,7
048d8101,8,0,306,0,0
040e1094,8,0,292,0,0
02183c04,8,0,391,0,7
00781103,8,0,385,0,7
0a264808,8,0,357,0,0
288a1050,8,0,184,0,0
2d008b00,8,0,171,0,0
10479200,8,0,274,0,0
03a42102,8,0,357,0,2
07610240,8,0,391,0,7
20015681,8,0,252,0,4
0458a00a,8,0,379,0,4
23248208,8,0,280,0,6
29319000,8,0,382,0,7
1580c101,8,0,391,0,7
055020c1,8,0,391,0,7
31a10408,8,0,367,0,2
20066980,8,0,174,0,0
241c8024,8,0,381,0,4
0c04400f,8,0,356,0,1
2214a00c,8,0,384,0,6
0506a500,8,0,343,0,0
0d034401,8,0,390,0,7
170880c0,8,0,375,0,4
0300850d,8,0,363,0,6
01d09204,8,0,384,0,7
02a1c408,8,0,335,0,6
2009e012,8,0,330,0,0
010c6424,8,0,354,0,1
060684c0,8,0,391,0,7
22cb4000,8,0,351,0,4
35806010,8,0,391,0,7
220cc022,8,0,300,0,0
241d2200,8,0,391,0,7
02606290,8,0,358,0,4
09a0f000,8,0,391,0,7
0581120c,8,0,389,0,7
2c584080,8,0,389,0,7
05c04380,8,0,383,0,6
020a6428,8,0,291,0,0
03030289,8,0,382,0,6
04911405,8,0,311,0,4
25610082,8,0,382,0,7
24341280,8,0,390,0,7
03848c04,8,0,344,0,6
041c1205,8,0,380,0,5
08203419,8,0,323,0,2
2980a081,8,0,365,0,0
02088741,8,0,341,0,6
04910605,8,0,270,0,0
23602408,8,0,391,0,7
2095a002,8,0,231,0,0
09686004,8,0,391,0,7
1f820020,8,0,306,0,0
05904842,8,0,391,0,7
1e02c200,8,0,382,0,4
080170a4,8,0,193,0,0
060a044c,8,0,325,0,0
20c44540,8,0,359,0,3
011c3081,8,0,391,0,7
3900c088,8,0,360,0,0
11c15001,8,0,384,0,7
012d2402,8,0,363,0,3
020064ac,8,0,182,0,0
14246208,8,0,391,0,7
23001690,8,0,378,0,7
0407c300,8,0,243,0,0
22130c04,8,0,131,0,0
02672400,8,0,354,0,0
2420d003,8,0,389,0,7
0a02ec00,8,0,362,0,2
27c00804,8,0,375,0,6
21480309,8,0,366,0,7
2b030410,8,0,320,0,2
009a5201,8,0,382,0,7
210a6804,8,0,391,0,7
2720200c,8,0,391,0,7
1422aa00,8,0,178,0,0
04205119,8,0,383,0,7
01338208,8,0,236,0,4
05443180,8,0,391,0,7
04388181,8,0,354,0,4
04211360,8,0,364,0,6
24920209,8,0,391,0,7
14225a00,8,0,379,0,6
06211290,8,0,381,0,6
240a6202,8,0,388,0,7
04602492,8,0,272,0,0
0a012c88,8,0,317,0,0
16085180,8,0,364,0,4
138c0600,8,0,391,0,7
04027406,8,0,358,0,4
20607880,8,0,387,0,7
24695000,8,0,391,0,7
10685014,8,0,363,0,6
28202889,8,0,279,0,0
0159a020,8,0,359,0,0
1e01c010,8,0,330,0,0
18046046,8,0,322,0,0
28290e00,8,0,241,0,0
20cca004,8,0,379,0,7
0830d808,8,0,388,0,7
18253002,8,0,352,0,1
0a047804,8,0,363,0,0
00846047,8,0,311,0,0
34925000,8,0,391,0,7
04964804,8,0,384,0,4
1828c408,8,0,337,0,3
0206c481,8,0,347,0,2
3104900a,8,0,380,0,7
04ec1002,8,0,388,0,7
180c2092,8,0,313,0,0
06304068,8,0,338,0,4
34101409,8,0,391,0,7
03257000,8,0,391,0,7
04188416,8,0,196,0,0
03500e02,8,0,373,0,6
0c402251,8,0,186,0,0
2488a402,8,0,391,0,7
0a0524c0,8,0,192,0,0
00593012,8,0,266,0,0
1e044048,8,0,384,0,3
20087013,8,0,374,0,7
081a4181,8,0,350,0,1
01185211,8,0,387,0,7
0c528120,8,0,294,0,0
090a5820,8,0,294,0,0
3100a406,8,0,311,0,0
204860e0,8,0,328,0,0
201d800c,8,0,333,0,0
1d444004,8,0,391,0,7
2cd10004,8,0,314,0,0
220061a1,8,0,172,0,0
06281109,8,0,391,0,7
25c00103,8,0,346,0,2
1010a4c1,8,0,373,0,4
03083610,8,0,391,0,7
23406120,8,0,314,0,2
2c061500,8,0,312,0,0
13301014,8,0,390,0,7
04a61208,8,0,377,0,6
05096042,8,0,374,0,5
04e05084,8,0,385,0,6
31060610,8,0,233,0,0
3600a300,8,0,383,0,4
228c0421,8,0,293,0,0
04aa040a,8,0,388,0,7
06021829,8,0,351,0,4
1b480084,8,0,311,0,0
06a02e00,8,0,366,0,4
20349084,8,0,354,0,4
030284d0,8,0,389,0,7
16228048,8,0,303,0,4
06308484,8,0,376,0,6
14724008,8,0,391,0,7
12601484,8,0,352,0,6
046d1020,8,0,391,0,7
07105401,8,0,391,0,7
068c6400,8,0,391,0,7
07248050,8,0,343,0,6
045118c0,8,0,373,0,4
23640c00,8,0,391,0,7
051440b0,8,0,322,0,0
02668440,8,0,374,0,6
0450e00a,8,0,385,0,0
05413082,8,0,391,0,7
0d081112,8,0,241,0,0
1a682400,8,0,371,0,3
07068006,8,0,322,0,0
23016180,8,0,327,0,0
15290028,8,0,360,0,4
04182681,8,0,391,0,7
14692004,8,0,366,0,5
22182a20,8,0,305,0,0
09a84006,8,0,328,0,0
054508c0,8,0,322,0,0
054d2010,8,0,391,0,7
16842009,8,0,391,0,7
22806c40,8,0,391,0,7
01402709,8,0,338,0,0
24112105,8,0,225,0,0
020ac809,8,0,348,0,0
21063090,8,0,384,0,6
23001c48,8,0,388,0,7
00446984,8,0,181,0,0
21096102,8,0,362,0,7
2a449008,8,0,315,0,2
0410a0b8,8,0,195,0,0
34180019,8,0,391,0,7
17022048,8,0,376,0,0
14e11040,8,0,391,0,7
15064880,8,0,388,0,4
0504e802,8,0,364,0,2
1284a120,8,0,372,0,2
20883052,8,0,297,0,0
104122c1,8,0,280,0,0
0468840c,8,0,354,0,6
20d94100,8,0,377,0,5
28a04441,8,0,339,0,3
009824b0,8,0,226,0,0
0d101d00,8,0,391,0,7
3600c110,8,0,311,0,0
36801009,8,0,391,0,7
27003022,8,0,389,0,6
110421c4,8,0,292,0,0
0c081294,8,0,205,0,0
00ecc400,8,0,350,0,2
001d6402,8,0,319,0,0
249c0044,8,0,370,0,5
2011a980,8,0,40,0,0
0a287100,8,0,387,0,7
0401b508,8,0,321,0,4
08c83280,8,0,376,0,5
1046a210,8,0,306,0,0
38202086,8,0,157,0,0
24045848,8,0,318,0,4
09482150,8,0,227,0,0
0ac02890,8,0,230,0,0
29088184,8,0,150,0,0
0208a017,8,0,210,0,0
0c181580,8,0,317,0,0
0be80400,8,0,391,0,7
2a524800,8,0,375,0,4
28920908,8,0,327,0,0
0020360e,8,0,349,0,6
07031440,8,0,391,0,7
2c4e2000,8,0,391,0,7
01608381,8,0,251,0,0
04cd0044,8,0,300,0,0
22028c88,8,0,374,0,6
24409580,8,0,204,0,0
32544040,8,0,382,0,2
09041c81,8,0,336,0,1
11283050,8,0,385,0,7
04202f80,8,0,138,0,0
1c041c08,8,0,390,0,7
00357008,8,0,391,0,7
00b36400,8,0,366,0,5
0431040d,8,0,384,0,4
05210348,8,0,304,0,4
240c5480,8,0,391,0,7
19052208,8,0,388,0,1
0402f048,8,0,362,0,4
29002207,8,0,251,0,0
05c52200,8,0,391,0,7
2206c408,8,0,349,0,2
0029b012,8,0,201,0,0
22083a01,8,0,318,0,4
0518e020,8,0,391,0,7
0e2c000a,8,0,380,0,2
23892001,8,0,384,0,7
0c024e80,8,0,332,0,0
30160109,8,0,389,0,3
1a4c1004,8,0,347,0,0
192a0480,8,0,390,0,7
26142808,8,0,391,0,7
04019498,8,0,259,0,4
36007040,8,0,391,0,7
15813080,8,0,391,0,7
0910e900,8,0,284,0,0
0f120280,8,0,390,0,7
18252090,8,0,207,0,0
18ca0280,8,0,262,0,0
1110a222,8,0,224,0,0
03342005,8,0,391,0,7
0c9e0001,8,0,380,0,1
03530408,8,0,391,0,7
01341150,8,0,376,0,7
09823240,8,0,379,0,5
20a03428,8,0,357,0,6
0c059204,8,0,349,0,4
29048405,8,0,222,0,0
0318a028,8,0,384,0,6
01b61008,8,0,388,0,7
0e028224,8,0,121,0,0
08d04484,8,0,355,0,0
0d808089,8,0,385,0,6
2808a0a2,8,0,228,0,0
2008a462,8,0,263,0,0
3d210020,8,0,291,0,0
11141a80,8,0,391,0,7
06003612,8,0,349,0,4
03534001,8,0,390,0,7
01185103,8,0,380,0,7
02680419,8,0,370,0,6
081f8008,8,0,349,0,0
301c0290,8,0,372,0,0
20984242,8,0,377,0,7
2105a600,8,0,361,0,3
01c11608,8,0,377,0,7
09424a80,8,0,384,0,7
04382e00,8,0,391,0,7
20502483,8,0,380,0,3
10351880,8,0,362,0,4
39c14000,8,0,371,0,1
070c0181,8,0,352,0,4
38086104,8,0,315,0,1
048c9180,8,0,303,0,4
0d170002,8,0,349,0,1
01b21082,8,0,365,0,6
24007128,8,0,378,0,7
1502028a,8,0,297,0,0
241a2c00,8,0,391,0,7
04253042,8,0,390,0,7
05086e00,8,0,390,0,7
0140e282,8,0,386,0,2
32120601,8,0,375,0,2
02027580,8,0,380,0,6
394200c0,8,0,300,0,0
050c4680,8,0,390,0,7
0c40ac10,8,0,205,0,0
25320050,8,0,305,0,4
3600a480,8,0,391,0,7
10336200,8,0,327,0,0
0a505c00,8,0,391,0,7
22483180,8,0,341,0,4
2b8a0040,8,0,329,0,0
25106014,8,0,391,0,7
20114889,8,0,289,0,0
12a05210,8,0,373,0,6
300c008d,8,0,391,0,7
08485019,8,0,313,0,0
0720c102,8,0,380,0,6
059c1800,8,0,391,0,7
17310080,8,0,390,0,7
2410e201,8,0,391,0,7
21d24020,8,0,387,0,7
20195808,8,0,369,0,7
21145a00,8,0,385,0,7
19401211,8,0,288,0,1
24281184,8,0,372,0,6
03088445,8,0,391,0,7
32306020,8,0,391,0,7
22026881,8,0,369,0,4
0489e040,8,0,376,0,4
08223a01,8,0,343,0,1
24225420,8,0,390,0,7
0608dc00,8,0,391,0,7
21128442,8,0,273,0,2
04092690,8,0,371,0,4
20096411,8,0,291,0,1
0a906048,8,0,372,0,2
0403c301,8,0,316,0,4
2b008442,8,0,391,0,7
2300a1c0,8,0,254,0,0
2208508c,8,0,353,0,6
13848802,8,0,387,0,6
16016401,8,0,389,0,6
288a4600,8,0,390,0,7
03526800,8,0,390,0,7
094200c9,8,0,366,0,1
14484c04,8,0,309,0,0
05940411,8,0,385,0,4
24083320,8,0,364,0,5
0138a480,8,0,391,0,7
0440b481,8,0,384,0,4
101ce200,8,0,391,0,7
23001309,8,0,281,0,4
03630401,8,0,384,0,7
0832024a,8,0,225,0,0
210228c2,8,0,160,0,0
21118206,8,0,157,0,0
2011e480,8,0,383,0,6
0038940a,8,0,379,0,7
1c488280,8,0,264,0,0
24103015,8,0,360,0,4
20036882,8,0,138,0,0
0c983080,8,0,389,0,7
190a4048,8,0,351,0,1
2504b004,8,0,391,0,7
068440a4,8,0,339,0,4
06203904,8,0,363,0,6
012a1206,8,0,349,0,6
15808411,8,0,337,0,0
2101d280,8,0,333,0,6
11144406,8,0,384,0,3
2404ac80,8,0,376,0,0
05809121,8,0,357,0,6
22306082,8,0,391,0,7
2d410480,8,0,391,0,7
0151c801,8,0,391,0,7
09047009,8,0,390,0,7
3c041840,8,0,362,0,0
05142228,8,0,386,0,1
21203c20,8,0,303,0,7
0e221300,8,0,386,0,6
0b16a000,8,0,391,0,7
33002206,8,0,389,0,6
0010560d,8,0,373,0,7
32a18002,8,0,268,0,0
21432202,8,0,372,0,1
10512680,8,0,366,0,4
180c440a,8,0,358,0,3
0b220700,8,0,390,0,7
1880e880,8,0,337,0,0
02d0b080,8,0,388,0,6
282602c0,8,0,122,0,0
2202c418,8,0,276,0,2
0090e308,8,0,377,0,7
2244a088,8,0,389,0,6
06424c02,8,0,262,0,0
11293001,8,0,390,0,7
044a2242,8,0,237,0,0
298a0084,8,0,346,0,4
21282288,8,0,391,0,7
044cd080,8,0,385,0,6
0481208b,8,0,367,0,4
0248a1a0,8,0,294,0,0
0c012087,8,0,257,0,0
16152010,8,0,390,0,5
0e091088,8,0,374,0,4
07428084,8,0,366,0,6
06630402,8,0,380,0,4
26600604,8,0,304,0,4
231b0100,8,0,297,0,4
20501c05,8,0,257,0,0
0050e0c4,8,0,225,0,0
220820e8,8,0,157,0,0
2a112180,8,0,142,0,0
0c844103,8,0,356,0,3
105450a0,8,0,386,0,3
32320018,8,0,339,0,4
34087020,8,0,391,0,7
28552020,8,0,250,0,0
0e510108,8,0,348,0,0
21360500,8,0,353,0,3
0682a022,8,0,287,0,0
00762480,8,0,390,0,7
06940406,8,0,383,0,2
16208502,8,0,322,0,4
1c2b0800,8,0,313,0,0
09d0a080,8,0,390,0,7
298a4800,8,0,373,0,7
05834500,8,0,368,0,6
04a070a0,8,0,391,0,7
0c405058,8,0,327,0,0
01162209,8,0,391,0,7
1016c082,8,0,322,0,0
24049221,8,0,278,0,4
2011148c,8,0,154,0,0
18911408,8,0,369,0,0
1084e300,8,0,390,0,7
25110242,8,0,358,0,5
05350880,8,0,390,0,7
0e042421,8,0,295,0,0
300c1244,8,0,309,0,1
0822244c,8,0,270,0,0
25602404,8,0,391,0,7
222a0881,8,0,256,0,4
0e521200,8,0,385,0,5
201cd010,8,0,381,0,7
2802a092,8,0,249,0,0
051c2102,8,0,390,0,7
20386802,8,0,388,0,7
21416048,8,0,304,0,0
0b205060,8,0,375,0,6
25006118,8,0,342,0,0
200a3058,8,0,229,0,0
19088409,8,0,377,0,3
14105844,8,0,391,0,7
101c401a,8,0,371,0,2
04c430a0,8,0,374,0,4
015c0409,8,0,391,0,7
24900485,8,0,339,0,0
248a5080,8,0,379,0,7
1684a020,8,0,390,0,6
06280e01,8,0,350,0,4
32902220,8,0,297,0,0
0c610029,8,0,328,0,0
03904061,8,0,372,0,6
05c04181,8,0,387,0,6
010ce101,8,0,376,0,3
0e002780,8,0,326,0,0
189c8080,8,0,384,0,0
01a56080,8,0,380,0,6
26103410,8,0,391,0,7
0b48c400,8,0,391,0,7
0402348a,8,0,381,0,6
29704200,8,0,382,0,3
05490310,8,0,373,0,5
010a2c41,8,0,257,0,0
200cc888,8,0,239,0,0
03126c00,8,0,391,0,7
2c02c090,8,0,339,0,4
05a80019,8,0,361,0,6
03199080,8,0,375,0,6
30470408,8,0,358,0,3
0e40e400,8,0,391,0,7
0d642002,8,0,388,0,3
146600c0,8,0,315,0,0
3010e208,8,0,391,0,7
04a21406,8,0,347,0,6
0532a080,8,0,391,0,7
0046600e,8,0,297,0,0
10b01601,8,0,382,0,7
171a0100,8,0,380,0,4
342012a0,8,0,339,0,4
01087308,8,0,377,0,7
2088610c,8,0,378,0,7
30322a00,8,0,285,0,0
06083405,8,0,391,0,7
0d210103,8,0,224,0,0
04c31220,8,0,331,0,4
11705020,8,0,391,0,7
2d06c000,8,0,389,0,7
009ad100,8,0,352,0,6
260340a0,8,0,238,0,0
260b0a00,8,0,358,0,4
05216208,8,0,391,0,7
0e098220,8,0,282,0,0
24370001,8,0,380,0,5
24920501,8,0,314,0,0
00687801,8,0,375,0,7
0721c400,8,0,391,0,7
04146444,8,0,375,0,1
012e0403,8,0,297,0,2
2a210c80,8,0,223,0,0
0648c120,8,0,330,0,4
2b300140,8,0,325,0,6
3802c600,8,0,306,0,1
0030501d,8,0,381,0,7
2a088203,8,0,314,0,0
16884009,8,0,391,0,7
31104015,8,0,340,0,0
0c04ba00,8,0,349,0,0
0308e030,8,0,278,0,0
3124100a,8,0,391,0,7
01c82284,8,0,391,0,7
04116244,8,0,318,0,0
3004aa01,8,0,318,0,0
23022209,8,0,391,0,7
01682308,8,0,347,0,3
0c0b0481,8,0,371,0,5
31428a00,8,0,118,0,0
34505040,8,0,391,0,7
01899201,8,0,348,0,7
04214780,8,0,230,0,4
0d150104,8,0,295,0,0
15e80008,8,0,391,0,7
0c143180,8,0,374,0,0
2501c050,8,0,254,0,0
20286822,8,0,283,0,0
05414190,8,0,293,0,0
0c8024d0,8,0,283,0,0
090060b1,8,0,257,0,0
1c120031,8,0,285,0,0
38407008,8,0,389,0,7
30e45000,8,0,391,0,7
032c9020,8,0,380,0,6
10333200,8,0,371,0,5
201e200a,8,0,391,0,7
2c3a0200,8,0,390,0,7
28b84800,8,0,386,0,7
30082039,8,0,257,0,0
13188009,8,0,391,0,7
0d234001,8,0,389,0,7
02349044,8,0,386,0,6
05580206,8,0,375,0,7
25003406,8,0,391,0,7
28a02508,8,0,273,0,2
00685580,8,0,307,0,6
21649004,8,0,369,0,7
29883008,8,0,389,0,7
06a1100a,8,0,390,0,6
14542102,8,0,383,0,0
14882424,8,0,232,0,0
28094421,8,0,216,0,0
010cd090,8,0,351,0,6
1d824004,8,0,379,0,5
05811211,8,0,375,0,7
08cc1480,8,0,295,0,0
142d0081,8,0,388,0,5
13202091,8,0,361,0,4
0490c0a4,8,0,368,0,4
20ae4020,8,0,287,0,0
001a028b,8,0,371,0,0
080a5188,8,0,353,0,5
06a23200,8,0,391,0,7
04605070,8,0,377,0,6
084a50a0,8,0,306,0,0
05319800,8,0,391,0,7
08a4c480,8,0,278,0,0
05805029,8,0,390,0,7
300e0046,8,0,237,0,0
10a55002,8,0,390,0,7
3a821001,8,0,290,0,0
021c1490,8,0,365,0,6
245c0410,8,0,391,0,7
06682048,8,0,382,0,6
05184031,8,0,365,0,4
22904068,8,0,353,0,4
2c006228,8,0,350,0,1
01b80540,8,0,380,0,7
2d018900,8,0,227,0,0
04a29801,8,0,298,0,4
0e921040,8,0,368,0,4
25180a80,8,0,391,0,7
25810809,8,0,366,0,4
20525801,8,0,380,0,7
23122410,8,0,391,0,7
28803490,8,0,287,0,0
201e1102,8,0,254,0,0
11968004,8,0,390,0,5
0581a003,8,0,384,0,4
0b40a810,8,0,358,0,3
07501024,8,0,391,0,7
03862208,8,0,360,0,0
0a98c400,8,0,391,0,7
011650a0,8,0,336,0,4
14458210,8,0,389,0,5
2c4800a1,8,0,251,0,0
303b0010,8,0,269,0,0
2118180c,8,0,387,0,7
0049a288,8,0,298,0,0
14521081,8,0,390,0,5
24348900,8,0,365,0,4
002c3442,8,0,338,0,3
14291404,8,0,385,0,7
00c52086,8,0,193,0,0
04623408,8,0,391,0,7
09185140,8,0,326,0,1
15810242,8,0,348,0,4
24618410,8,0,279,0,0
088ac420,8,0,257,0,0
3830c020,8,0,301,0,0
23140481,8,0,391,0,7
0d4c0024,8,0,320,0,0
3110201a,8,0,339,0,0
09231041,8,0,349,0,0
0290e00a,8,0,389,0,6
2210a881,8,0,389,0,6
2600801d,8,0,234,0,0
19002aa0,8,0,283,0,0
12306022,8,0,365,0,0
04006784,8,0,253,0,0
2411500c,8,0,391,0,7
26060580,8,0,347,0,0
0524a401,8,0,391,0,7
1104248c,8,0,391,0,7
05a01520,8,0,391,0,7
05b14010,8,0,388,0,7
11852840,8,0,273,0,0
1490b002,8,0,390,0,6
0558c200,8,0,391,0,7
205c02c0,8,0,225,0,0
04506902,8,0,297,0,0
00c0d007,8,0,349,0,3
34007028,8,0,391,0,7
24505060,8,0,375,0,6
0610ba00,8,0,391,0,7
06498820,8,0,281,0,4
04055222,8,0,322,0,4
035c0810,8,0,369,0,2
19245800,8,0,391,0,7
29900442,8,0,332,0,3
14413420,8,0,354,0,4
21894082,8,0,367,0,6
1441b020,8,0,363,0,4
0e441600,8,0,387,0,7
0a42c081,8,0,367,0,0
21e01420,8,0,371,0,7
031a0085,8,0,370,0,4
31250201,8,0,373,0,5
045ca010,8,0,390,0,6
16380408,8,0,391,0,7
0612c011,8,0,380,0,6
00e8d008,8,0,344,0,7
04c16021,8,0,383,0,5
3c228004,8,0,271,0,0
0e00480b,8,0,360,0,0
0c802c90,8,0,262,0,0
1b031400,8,0,390,0,7
2022e090,8,0,213,0,0
38450408,8,0,360,0,3
2308020b,8,0,390,0,7
2865a000,8,0,278,0,0
05206e00,8,0,386,0,7
121c0109,8,0,389,0,3
04017214,8,0,384,0,5
2482410c,8,0,310,0,4
15412102,8,0,362,0,1
01d41011,8,0,390,0,7
04a88007,8,0,282,0,4
29205840,8,0,372,0,7
090d0640,8,0,237,0,0
04621181,8,0,362,0,4
2c21a008,8,0,364,0,5
0434400d,8,0,391,0,7
0a261081,8,0,385,0,7
318404c0,8,0,382,0,3
1c00f004,8,0,390,0,7
01f88004,8,0,384,0,7
282a3080,8,0,391,0,7
28ac2080,8,0,377,0,0
06a0440c,8,0,390,0,6
04681809,8,0,391,0,7
3044a120,8,0,331,0,0
0d0420b0,8,0,302,0,0
0108468c,8,0,344,0,0
1a262080,8,0,391,0,7
1405022c,8,0,363,0,0
01475200,8,0,373,0,7
0a04a190,8,0,114,0,0
04211344,8,0,327,0,4
0ee00480,8,0,387,0,6
0425c401,8,0,334,0,0
0681220c,8,0,341,0,4
31206404,8,0,376,0,3
2520401a,8,0,356,0,6
00c26288,8,0,390,0,7
22824421,8,0,358,0,2
20723100,8,0,382,0,7
2460c204,8,0,225,0,0
24181441,8,0,390,0,7
19203420,8,0,373,0,7
089a0148,8,0,299,0,0
31410484,8,0,260,0,0
0209a00d,8,0,214,0,0
20195028,8,0,370,0,7
0d841011,8,0,347,0,0
381c0840,8,0,380,0,1
0a4b3000,8,0,355,0,0
08127280,8,0,390,0,7
04c4c480,8,0,390,0,6
0ca01444,8,0,372,0,6
09103406,8,0,347,0,3
04e26400,8,0,386,0,7
02682580,8,0,366,0,6
03280429,8,0,391,0,7
22463100,8,0,261,0,0
1130a500,8,0,388,0,7
111420a8,8,0,390,0,5
1182a084,8,0,325,0,0
13121c00,8,0,391,0,7
31490041,8,0,315,0,0
041bc200,8,0,370,0,4
0ca24021,8,0,347,0,0
01282988,8,0,284,0,0
0605c480,8,0,384,0,6
15811088,8,0,383,0,4
1c08a042,8,0,230,0,0
0a388840,8,0,379,0,6
1044680a,8,0,353,0,0
09481809,8,0,384,0,3
0448140d,8,0,389,0,7
0e228028,8,0,353,0,4
31aa8000,8,0,285,0,6
043a2012,8,0,362,0,4
05244049,8,0,390,0,7
08a20099,8,0,312,0,0
0a981006,8,0,286,0,0
2e082108,8,0,375,0,3
03348021,8,0,389,0,6
02029445,8,0,302,0,6
0103ac80,8,0,217,0,0
26147000,8,0,391,0,7
2446c080,8,0,350,0,0
2029040e,8,0,337,0,2
069c000c,8,0,370,0,4
03451005,8,0,341,0,2
00787020,8,0,391,0,7
11301502,8,0,389,0,7
0c03808a,8,0,330,0,0
083f4000,8,0,336,0,1
023ca080,8,0,390,0,6
208c4890,8,0,247,0,0
0504021d,8,0,334,0,0
08a13408,8,0,367,0,2
0b290202,8,0,320,0,4
2a2a1100,8,0,374,0,6
28544440,8,0,323,0,1
11090684,8,0,258,0,0
20181485,8,0,391,0,7
0b01a204,8,0,239,0,0
1702000d,8,0,391,0,7
04c13420,8,0,352,0,4
2a108508,8,0,389,0,6
0059a300,8,0,219,0,0
2c40202c,8,0,262,0,0
24043890,8,0,348,0,4
09632010,8,0,321,0,1
09021a06,8,0,205,0,0
138c0c00,8,0,391,0,7
20007c24,8,0,148,0,0
04a82700,8,0,348,0,4
003e20a0,8,0,342,0,0
04323048,8,0,391,0,7
0254a101,8,0,391,0,7
07118440,8,0,391,0,7
0a09a480,8,0,355,0,0
34124300,8,0,355,0,0
2c088054,8,0,128,0,0
04342403,8,0,387,0,5
0e204094,8,0,226,0,0
08406cc0,8,0,340,0,0
05101780,8,0,375,0,7
08781801,8,0,389,0,7
0a024a0c,8,0,308,0,0
0c0e0218,8,0,336,0,0
07021442,8,0,382,0,6
04151320,8,0,314,0,4
2410282c,8,0,355,0,4
00e33080,8,0,364,0,4
2a084106,8,0,255,0,0
020a440d,8,0,387,0,7
21119480,8,0,367,0,6
05300053,8,0,290,0,0
15002883,8,0,359,0,0
23804501,8,0,391,0,7
14861410,8,0,343,0,0
01942620,8,0,375,0,1
2c009121,8,0,233,0,0
2ec20004,8,0,278,0,0
16244880,8,0,384,0,6
040c5421,8,0,328,0,0
12324c00,8,0,375,0,6
0843020d,8,0,330,0,1
00d060c4,8,0,367,0,0
30540c08,8,0,372,0,3
0a10a182,8,0,288,0,0
34086220,8,0,390,0,7
1c84e000,8,0,391,0,7
04382244,8,0,306,0,4
24044207,8,0,308,0,0
240421a1,8,0,301,0,0
2c100780,8,0,165,0,0
044512c0,8,0,351,0,4
23249100,8,0,379,0,7
062012a1,8,0,367,0,6
0c910601,8,0,379,0,1
14442844,8,0,322,0,0
01845091,8,0,359,0,6
09143900,8,0,349,0,1
0d40c00c,8,0,377,0,3
23806003,8,0,391,0,7
03211c01,8,0,391,0,7
1c02808a,8,0,345,0,0
022412c1,8,0,322,0,4
11885005,8,0,383,0,7
1242a0c0,8,0,330,0,0
07148240,8,0,387,0,6
15006301,8,0,384,0,1
05501308,8,0,388,0,7
01592208,8,0,390,0,7
32201418,8,0,391,0,7
0342200b,8,0,365,0,3
1d0e0008,8,0,391,0,7
00732300,8,0,222,0,0
140a6021,8,0,316,0,0
0c121111,8,0,326,0,0
0094f080,8,0,391,0,7
064ca008,8,0,391,0,7
06a0100d,8,0,388,0,6
1c8021c0,8,0,223,0,0
06100f80,8,0,290,0,4
061e4001,8,0,389,0,6
0c419014,8,0,244,0,0
20092720,8,0,197,0,0
26001413,8,0,374,0,6
24c06410,8,0,390,0,7
0419048c,8,0,355,0,4
1a280488,8,0,380,0,2
0416f000,8,0,391,0,7
08878401,8,0,184,0,0
0b103102,8,0,311,0,0
28905404,8,0,391,0,7
0a00c449,8,0,388,0,7
12227400,8,0,391,0,7
35024180,8,0,363,0,4
0410a548,8,0,337,0,0
14188882,8,0,351,0,4
06848680,8,0,383,0,6
15007081,8,0,391,0,7
11043111,8,0,320,0,1
0e022068,8,0,286,0,0
1002f401,8,0,297,0,0
12488488,8,0,382,0,6
210e0218,8,0,280,0,0
04d12102,8,0,326,0,0
01906188,8,0,391,0,7
0c42a041,8,0,323,0,0
35848080,8,0,391,0,7
0822160c,8,0,391,0,7
05241a01,8,0,389,0,7
06610049,8,0,389,0,6
088a5081,8,0,385,0,7
08283103,8,0,294,0,1
138c000c,8,0,377,0,0
08061a84,8,0,202,0,0
10452680,8,0,390,0,5
0540b208,8,0,391,0,7
1418008d,8,0,384,0,5
241c000d,8,0,391,0,7
34005105,8,0,360,0,4
14644110,8,0,362,0,0
28701108,8,0,350,0,7
16189080,8,0,390,0,6
0e902a00,8,0,376,0,0
21081c28,8,0,316,0,3
2510c0c0,8,0,383,0,6
03a02444,8,0,372,0,6
05602901,8,0,376,0,1
00701069,8,0,385,0,7
01481381,8,0,337,0,4
0a621408,8,0,391,0,7
01720a08,8,0,316,0,0
0012e608,8,0,358,0,2
05880a09,8,0,379,0,7
151110c0,8,0,385,0,5
01826c02,8,0,296,0,0
07048510,8,0,341,0,6
045600c1,8,0,331,0,0
0812428c,8,0,355,0,5
0c00aa88,8,0,318,0,0
34c10201,8,0,389,0,5
00c064a8,8,0,374,0,2
1c381200,8,0,391,0,7
29088e00,8,0,352,0,3
00b0c007,8,0,336,0,2
290a2120,8,0,284,0,0
0e20c090,8,0,295,0,4
05542820,8,0,391,0,7
007c0403,8,0,375,0,3
020aa049,8,0,311,0,0
04a0d003,8,0,391,0,7
0c10d048,8,0,391,0,7
20b84500,8,0,391,0,7
0238480c,8,0,349,0,4
2094c048,8,0,371,0,6
00653102,8,0,209,0,0
05062242,8,0,290,0,0
06003584,8,0,368,0,4
22952004,8,0,190,0,0
204d8280,8,0,244,0,0
0648a801,8,0,389,0,6
27a00120,8,0,330,0,6
21802093,8,0,323,0,0
21441640,8,0,330,0,3
0a164028,8,0,355,0,0
30082183,8,0,301,0,0
087b2000,8,0,363,0,1
2c188084,8,0,373,0,4
01186510,8,0,343,0,1
021ce004,8,0,390,0,6
04641260,8,0,362,0,4
210d2011,8,0,350,0,3
1150c041,8,0,390,0,7
0128860a,8,0,312,0,6
20312884,8,0,79,0,0
028ae010,8,0,305,0,0
1410600b,8,0,391,0,7
01c16042,8,0,368,0,3
1401f200,8,0,391,0,7
32131200,8,0,313,0,4
1f500800,8,0,391,0,7
22924028,8,0,384,0,6
230802a4,8,0,285,0,4
0059a801,8,0,365,0,0
0a285082,8,0,369,0,6
36023002,8,0,390,0,6
201821a2,8,0,285,0,0
0e0b0404,8,0,376,0,5
09830281,8,0,345,0,0
11484098,8,0,343,0,0
03248c20,8,0,270,0,6
300821a2,8,0,130,0,0
004d2206,8,0,257,0,0
25021083,8,0,387,0,7
040ec005,8,0,353,0,0
20903482,8,0,390,0,7
24520888,8,0,387,0,5
20323410,8,0,390,0,7
05228083,8,0,339,0,4
2e00e002,8,0,390,0,7
1c10c003,8,0,385,0,3
23085a00,8,0,376,0,7
10847009,8,0,391,0,7
0e046c00,8,0,388,0,3
108c3044,8,0,331,0,0
26411088,8,0,386,0,6
25194400,8,0,391,0,7
11640244,8,0,315,0,0
1182e020,8,0,346,0,2
20c06406,8,0,382,0,3
31426800,8,0,365,0,3
05d00504,8,0,353,0,0
01790204,8,0,357,0,5
2006a490,8,0,273,0,0
20d88041,8,0,368,0,6
308822c0,8,0,361,0,4
12509404,8,0,380,0,6
102b3200,8,0,357,0,5
0ca54004,8,0,339,0,0
04082c98,8,0,316,0,0
020c7a00,8,0,342,0,0
02b88101,8,0,383,0,6
2e030102,8,0,211,0,0
068c400a,8,0,384,0,6
2a300a01,8,0,257,0,0
0a2420a4,8,0,140,0,0
08003389,8,0,284,0,0
10b04482,8,0,372,0,2
11134088,8,0,344,0,0
0c586004,8,0,389,0,7
092a20a0,8,0,378,0,5
20ac2404,8,0,389,0,7
1002c609,8,0,345,0,2
0309a201,8,0,391,0,7
0cca0104,8,0,202,0,0
34308082,8,0,365,0,4
0104ab80,8,0,226,0,0
00583045,8,0,311,0,0
188c2005,8,0,306,0,0
04c0401b,8,0,348,0,2
28023260,8,0,149,0,0
050051c4,8,0,277,0,4
2482010b,8,0,315,0,0
1c440209,8,0,390,0,3
2e440808,8,0,373,0,0
067a0400,8,0,391,0,7
248c0106,8,0,354,0,4
0422b014,8,0,313,0,4
0d060803,8,0,310,0,0
0014ac82,8,0,179,0,0
36401028,8,0,376,0,4
06cc4002,8,0,389,0,6
09446048,8,0,359,0,3
0a381401,8,0,391,0,7
2c008119,8,0,194,0,0
1c384010,8,0,387,0,5
00522294,8,0,242,0,0
04893300,8,0,373,0,5
14202582,8,0,233,0,0
0548c240,8,0,374,0,6
3204a410,8,0,366,0,2
01442183,8,0,307,0,0
0430c448,8,0,389,0,7
14a01288,8,0,368,0,4
15180c40,8,0,391,0,7
1406a090,8,0,387,0,0
3841a400,8,0,302,0,0
1e020301,8,0,279,0,0
10b84204,8,0,343,0,4
0114a083,8,0,391,0,7
090c1a01,8,0,370,0,1
0cca000a,8,0,354,0,0
288c0411,8,0,230,0,0
1f040050,8,0,340,0,0
04459102,8,0,263,0,0
0c12042c,8,0,344,0,0
1024d044,8,0,382,0,7
23e09000,8,0,387,0,7
14151108,8,0,391,0,7
01744102,8,0,288,0,0
29060882,8,0,266,0,0
23810441,8,0,303,0,2
21ac000a,8,0,352,0,6
00799080,8,0,342,0,4
02e85010,8,0,383,0,7
22a81024,8,0,348,0,6
008c7801,8,0,343,0,0
07814804,8,0,374,0,6
0d224009,8,0,391,0,7
0a0e4c00,8,0,362,0,0
01408989,8,0,247,0,0
010c5218,8,0,338,0,0
0c514011,8,0,372,0,1
06202c41,8,0,265,0,0
14403700,8,0,345,0,4
04405e80,8,0,282,0,4
21016c80,8,0,361,0,2
0d630400,8,0,391,0,7
02603a08,8,0,341,0,4
20e94400,8,0,373,0,7
108860b0,8,0,312,0,0
342a0801,8,0,269,0,0
08096083,8,0,289,0,0
0098812c,8,0,291,0,4
0f011204,8,0,391,0,7
2a02c018,8,0,302,0,0
2b103040,8,0,387,0,7
04701460,8,0,384,0,6
21200619,8,0,311,0,2
082a7400,8,0,391,0,7
20042607,8,0,122,0,0
21c810c0,8,0,341,0,6
0c40c403,8,0,244,0,0
086a0281,8,0,349,0,1
0c406a04,8,0,364,0,1
0d802501,8,0,342,0,1
050a8620,8,0,267,0,0
01499600,8,0,375,0,7
15860018,8,0,360,0,0
0402f102,8,0,262,0,0
00966110,8,0,305,0,0
1042d009,8,0,379,0,3
1203a401,8,0,254,0,0
05126210,8,0,388,0,5
0681c005,8,0,377,0,4
284a00a2,8,0,160,0,0
22062209,8,0,384,0,3
328d2000,8,0,391,0,7
020c2381,8,0,311,0,0
01361090,8,0,382,0,7
310a1600,8,0,388,0,7
00257108,8,0,284,0,0
05811604,8,0,391,0,7
0d242088,8,0,390,0,7
2418f000,8,0,391,0,7
341820c0,8,0,391,0,7
22942408,8,0,391,0,7
28806054,8,0,220,0,0
28680604,8,0,251,0,1
030a2580,8,0,391,0,7
20a94c00,8,0,316,0,0
0a1c4082,8,0,304,0,0
1c04a060,8,0,292,0,0
06106890,8,0,385,0,4
0d903080,8,0,391,0,7
14419082,8,0,314,0,4
07432040,8,0,390,0,7
0cc81018,8,0,309,0,0
261a1010,8,0,390,0,7
0e006182,8,0,318,0,0
14086112,8,0,268,0,0
0310044d,8,0,381,0,6
2e680001,8,0,376,0,6
001820ad,8,0,310,0,0
35020490,8,0,364,0,0
00b8402a,8,0,340,0,4
07800584,8,0,372,0,6
02882682,8,0,388,0,6
10896204,8,0,334,0,0
26210520,8,0,312,0,4
05058881,8,0,362,0,4
12746000,8,0,391,0,7
11283030,8,0,359,0,7
0300628c,8,0,381,0,4
02609304,8,0,292,0,6
10a0b090,8,0,313,0,4
2a330001,8,0,354,0,4
0a439008,8,0,333,0,0
34101920,8,0,348,0,4
17c24000,8,0,391,0,7
081a0581,8,0,298,0,0
2a700090,8,0,126,0,0
205f4000,8,0,358,0,0
010a068c,8,0,281,0,0
10361180,8,0,383,0,5
18188881,8,0,309,0,0
28980450,8,0,341,0,1
05108292,8,0,210,0,0
0c284444,8,0,325,0,1
22202981,8,0,235,0,0
0d080582,8,0,227,0,0
20281191,8,0,278,0,4
15190404,8,0,386,0,5
36402081,8,0,388,0,4
0d0c8048,8,0,347,0,0
0106ac01,8,0,294,0,0
046a2005,8,0,332,0,0
044c5104,8,0,363,0,4
20192182,8,0,327,0,0
38482108,8,0,329,0,1
0221ac40,8,0,330,0,6
29503008,8,0,391,0,7
00b16480,8,0,386,0,7
0444b900,8,0,341,0,0
070c4840,8,0,354,0,4
03925010,8,0,388,0,7
0544a018,8,0,387,0,3
07800426,8,0,357,0,6
0454401a,8,0,344,0,0
27048240,8,0,346,0,6
01649600,8,0,391,0,7
04252409,8,0,391,0,7
27082030,8,0,384,0,7
005032c2,8,0,172,0,0
21581048,8,0,387,0,7
2c189002,8,0,389,0,7
2e800418,8,0,389,0,6
0b320804,8,0,358,0,4
01502491,8,0,391,0,7
2e110088,8,0,381,0,4
120070a4,8,0,344,0,4
044068a1,8,0,330,0,0
14a23100,8,0,379,0,6
012a6011,8,0,339,0,0
0984c210,8,0,276,0,0
214230c0,8,0,391,0,7
1ec20001,8,0,344,0,0
2002f401,8,0,343,0,3
341a3000,8,0,391,0,7
2880208d,8,0,170,0,0
0c492180,8,0,359,0,0
00c56840,8,0,278,0,0
210e1480,8,0,390,0,7
1c0a3080,8,0,390,0,7
3089200c,8,0,231,0,0
05ca0108,8,0,329,0,0
30c83040,8,0,313,0,0
0e099008,8,0,384,0,6
20b11402,8,0,337,0,7
019c1018,8,0,360,0,2
03a80601,8,0,391,0,7
0d220094,8,0,263,0,0
15102068,8,0,338,0,0
34300241,8,0,321,0,4
20583022,8,0,377,0,7
02303610,8,0,391,0,7
14291804,8,0,325,0,4
21241422,8,0,275,0,7
13219020,8,0,351,0,6
281800c3,8,0,256,0,0
0c144184,8,0,236,0,0
223a8002,8,0,388,0,6
0300dd00,8,0,352,0,6
0304c105,8,0,358,0,2
26042105,8,0,244,0,0
0204a542,8,0,199,0,0
05c0a810,8,0,371,0,2
02281807,8,0,290,0,6
04219680,8,0,390,0,7
0145220a,8,0,315,0,0
060b0700,8,0,325,0,4
071400a1,8,0,382,0,4
1846c002,8,0,327,0,0
148a4005,8,0,323,0,0
24013c04,8,0,275,0,0
06089106,8,0,219,0,4
16264080,8,0,383,0,6
2154a400,8,0,391,0,7
2c500038,8,0,177,0,0
02533004,8,0,321,0,0
01107d00,8,0,378,0,7
24414034,8,0,223,0,0
384a4800,8,0,332,0,0
2e210006,8,0,288,0,0
2120b180,8,0,391,0,7
28295004,8,0,368,0,7
22086122,8,0,283,0,0
09c41240,8,0,327,0,3
36042808,8,0,391,0,7
15600c80,8,0,390,0,7
02128119,8,0,314,0,0
29006184,8,0,311,0,0
05510610,8,0,391,0,7
30296004,8,0,365,0,5
1408e009,8,0,391,0,7
00358089,8,0,305,0,0
21509042,8,0,326,0,6
1b084201,8,0,370,0,1
083a2204,8,0,348,0,5
2128c082,8,0,376,0,6
0e042103,8,0,226,0,0
0e20a802,8,0,355,0,4
04104c29,8,0,381,0,4
000d208b,8,0,293,0,0
35801060,8,0,270,0,4
0238c009,8,0,391,0,7
20806c22,8,0,281,0,1
200062a9,8,0,349,0,0
0cb0c004,8,0,383,0,4
0898048a,8,0,334,0,0
0c00a584,8,0,113,0,0
04c42049,8,0,373,0,0
04133500,8,0,335,0,4
01605282,8,0,384,0,7
08661404,8,0,296,0,0
21168404,8,0,308,0,0
002a300d,8,0,391,0,7
054a2060,8,0,337,0,0
06287080,8,0,391,0,7
3228a020,8,0,341,0,6
059410a0,8,0,375,0,4
2088a10c,8,0,163,0,0
0c406089,8,0,390,0,7
2c590008,8,0,391,0,7
212830a0,8,0,391,0,7
270a0081,8,0,391,0,7
09145802,8,0,379,0,3
20923088,8,0,384,0,4
244c1240,8,0,361,0,4
160ca004,8,0,391,0,7
0705200c,8,0,388,0,5
2cc90002,8,0,375,0,5
29812084,8,0,155,0,0
15019084,8,0,366,0,4
0b820422,8,0,237,0,0
2900b804,8,0,258,0,0
3201c402,8,0,307,0,2
380440c8,8,0,309,0,0
38848600,8,0,270,0,0
21604c08,8,0,375,0,7
04250381,8,0,330,0,4
0a117040,8,0,280,0,0
3c100811,8,0,355,0,0
0c140e80,8,0,305,0,0
000866a8,8,0,259,0,0
11200c89,8,0,384,0,7
02286103,8,0,279,0,0
0dc48002,8,0,365,0,3
14462044,8,0,354,0,0
15604202,8,0,388,0,7
22a8100a,8,0,371,0,6
01388184,8,0,262,0,4
0802b068,8,0,97,0,0
050c9a00,8,0,382,0,7
24006581,8,0,373,0,5
0e484081,8,0,358,0,0
020aa0c2,8,0,240,0,0
2580480c,8,0,370,0,4
1206b010,8,0,340,0,0
0200b4c1,8,0,391,0,7
05d80440,8,0,391,0,7
32815400,8,0,391,0,7
07140b00,8,0,383,0,6
0009e406,8,0,90,0,0
2d008409,8,0,391,0,7
29381800,8,0,391,0,7
0a02c502,8,0,127,0,0
050e4a00,8,0,346,0,0
14500189,8,0,385,0,4
0a8a800c,8,0,250,0,0
20300529,8,0,192,0,0
140a2190,8,0,254,0,0
0264a081,8,0,389,0,6
12865080,8,0,345,0,2
0b059080,8,0,238,0,0
22d80240,8,0,345,0,4
05700111,8,0,386,0,7
014c3041,8,0,378,0,3
0180e428,8,0,348,0,2
06a10604,8,0,356,0,4
2504100d,8,0,391,0,7
0e090c02,8,0,347,0,0
05211444,8,0,391,0,7
3008108d,8,0,362,0,5
021096c0,8,0,391,0,7
041c8608,8,0,389,0,6
0e2800d0,8,0,241,0,0
068b0082,8,0,265,0,0
2862a020,8,0,169,0,0
040469c0,8,0,180,0,0
01647008,8,0,391,0,7
24410059,8,0,288,0,0
2820104b,8,0,318,0,3
0866a800,8,0,335,0,1
0a1c0881,8,0,348,0,0
38140089,8,0,391,0,7
01e22408,8,0,384,0,7
201c20e0,8,0,322,0,0
0d901402,8,0,391,0,7
25841900,8,0,266,0,4
06046c04,8,0,389,0,6
05018419,8,0,385,0,6
24a21802,8,0,321,0,6
20241628,8,0,311,0,6
08d31080,8,0,268,0,0
0c2a6040,8,0,381,0,5
30036208,8,0,335,0,1
0110d2a0,8,0,336,0,6
0f01020c,8,0,384,0,7
14023490,8,0,363,0,4
17025100,8,0,385,0,6
01293014,8,0,349,0,7
00a0f009,8,0,385,0,7
105a0608,8,0,322,0,0
05624024,8,0,316,0,0
043a9080,8,0,390,0,7
04f82200,8,0,389,0,5
017050c0,8,0,391,0,7
1094c808,8,0,371,0,7
0d12a100,8,0,370,0,5
252080d0,8,0,196,0,4
03907040,8,0,391,0,7
05b48080,8,0,388,0,6
0960a820,8,0,313,0,0
0200ac91,8,0,228,0,0
011a0682,8,0,290,0,0
162a9000,8,0,387,0,6
20506242,8,0,225,0,0
07904024,8,0,391,0,7
06030849,8,0,316,0,0
2a007018,8,0,316,0,0
140c4144,8,0,313,0,0
015100a9,8,0,310,0,0
20380660,8,0,246,0,0
081b4048,8,0,323,0,0
0e704400,8,0,391,0,7
24283500,8,0,391,0,7
122114c0,8,0,313,0,4
31444108,8,0,359,0,3
3808410c,8,0,265,0,0
180c5082,8,0,343,0,0
01341380,8,0,383,0,7
0460b810,8,0,370,0,6
240c420a,8,0,373,0,7
2a681040,8,0,383,0,7
01c8b400,8,0,391,0,7
00ac6006,8,0,388,0,7
01207409,8,0,391,0,7
084a3880,8,0,391,0,7
082aa204,8,0,289,0,0
10313808,8,0,365,0,5
08292083,8,0,246,0,0
20a85420,8,0,389,0,7
29322020,8,0,337,0,1
1d100209,8,0,391,0,7
35049010,8,0,391,0,7
2b442800,8,0,387,0,7
1084260a,8,0,350,0,0
1210a908,8,0,318,0,0
01182298,8,0,372,0,0
20749008,8,0,388,0,7
05822086,8,0,377,0,4
15022089,8,0,391,0,7
34040229,8,0,391,0,7
141c004c,8,0,386,0,1
2420c4a0,8,0,209,0,0
02548809,8,0,391,0,7
0e834400,8,0,391,0,7
0d488018,8,0,343,0,0
080a510a,8,0,279,0,0
0016e021,8,0,300,0,0
24506042,8,0,376,0,1
0504b090,8,0,391,0,7
10047205,8,0,391,0,7
06890c80,8,0,372,0,4
11023882,8,0,351,0,0
0e104092,8,0,273,0,0
07080415,8,0,378,0,6
21089540,8,0,364,0,7
04212f00,8,0,183,0,0
2402841c,8,0,129,0,0
0306a006,8,0,355,0,2
062014d0,8,0,377,0,6
206c1041,8,0,352,0,7
0d408610,8,0,253,0,0
24154012,8,0,354,0,0
05250007,8,0,317,0,0
20a13088,8,0,248,0,4
01827220,8,0,387,0,7
01486610,8,0,382,0,3
19a41002,8,0,381,0,7
118884a0,8,0,280,0,0
03552020,8,0,369,0,0
27883000,8,0,391,0,7
2a02c003,8,0,349,0,2
3818001c,8,0,294,0,1
25102015,8,0,376,0,5
140c820a,8,0,353,0,0
0c280509,8,0,377,0,3
0911a041,8,0,247,0,0
0119c088,8,0,322,0,4
2060e210,8,0,177,0,0
38520804,8,0,246,0,0
0918a011,8,0,358,0,2
0502aa10,8,0,235,0,0
03802e40,8,0,374,0,6
241800d1,8,0,335,0,4
1c10a480,8,0,387,0,5
24ac1100,8,0,389,0,7
10d48402,8,0,348,0,2
2926000a,8,0,309,0,1
21cc0090,8,0,323,0,2
02ac0409,8,0,387,0,6
10c43401,8,0,365,0,3
10163011,8,0,377,0,1
2c084124,8,0,326,0,0
04060499,8,0,371,0,0
0118510a,8,0,347,0,6
01945210,8,0,388,0,7
1e802180,8,0,329,0,0
28446201,8,0,352,0,1
04985120,8,0,391,0,7
100d6012,8,0,338,0,0
08c2201c,8,0,175,0,0
0520101d,8,0,390,0,7
0b903004,8,0,388,0,7
0904a244,8,0,188,0,0
20656100,8,0,220,0,0
0343c001,8,0,353,0,2
24315002,8,0,391,0,7
08c53002,8,0,254,0,0
15021091,8,0,369,0,4
13405802,8,0,384,0,6
06148520,8,0,379,0,6
08741404,8,0,277,0,0
0a121068,8,0,253,0,0
05622804,8,0,363,0,0
200be008,8,0,334,0,0
104d4402,8,0,318,0,0
31045021,8,0,383,0,7
0b300211,8,0,285,0,0
0d0150c0,8,0,378,0,6
04254888,8,0,276,0,0
01283203,8,0,391,0,7
24034086,8,0,225,0,0
04122298,8,0,350,0,4
2d408014,8,0,247,0,0
26061880,8,0,296,0,4
08486502,8,0,217,0,0
280a9208,8,0,370,0,5
15051208,8,0,391,0,7
05d28004,8,0,375,0,4
19209c00,8,0,378,0,7
0c049418,8,0,330,0,0
2904a084,8,0,349,0,0
04a8c440,8,0,391,0,7
0e62000c,8,0,355,0,4
04c94801,8,0,346,0,4
2c228600,8,0,336,0,1
07110209,8,0,391,0,7
041b2014,8,0,276,0,0
34140182,8,0,339,0,0
0a188803,8,0,368,0,2
3128400a,8,0,385,0,7
0c188b00,8,0,292,0,0
24940406,8,0,361,0,0
26601012,8,0,381,0,6
14207208,8,0,391,0,7
17140204,8,0,391,0,7
21145101,8,0,387,0,7
2a203480,8,0,391,0,7
0e448014,8,0,220,0,0
03885410,8,0,391,0,7
25480c20,8,0,370,0,7
0124110d,8,0,373,0,7
013a2044,8,0,362,0,4
1680c140,8,0,372,0,6
04b2010a,8,0,342,0,4
03e81001,8,0,390,0,7
04d11088,8,0,385,0,4
01a98201,8,0,315,0,6
32140007,8,0,388,0,3
01482550,8,0,269,0,1
1461c800,8,0,369,0,4
0c50c408,8,0,390,0,6
21a62080,8,0,382,0,2
05402505,8,0,319,0,0
09486804,8,0,390,0,3
18836008,8,0,361,0,1
34404182,8,0,263,0,0
0d491010,8,0,386,0,7
16508050,8,0,357,0,4
05c14110,8,0,387,0,7
07041803,8,0,379,0,6
0032d420,8,0,342,0,6
0c00d288,8,0,348,0,4
04306320,8,0,333,0,4
34070404,8,0,339,0,0
02283610,8,0,388,0,7
3404801a,8,0,359,0,0
140230d0,8,0,320,0,4
0c0a6401,8,0,381,0,3
24193001,8,0,391,0,7
0308aa40,8,0,291,0,0
18542900,8,0,354,0,1
1d802204,8,0,346,0,1
14806290,8,0,387,0,4
1c822104,8,0,241,0,0
0548009c,8,0,279,0,0
14182c08,8,0,391,0,7
24290c08,8,0,390,0,7
02187021,8,0,369,0,6
24648c00,8,0,282,0,0
05098604,8,0,379,0,7
28869080,8,0,203,0,0
060a2282,8,0,386,0,4
282a8018,8,0,278,0,0
15940140,8,0,391,0,7
32c05100,8,0,386,0,6
0202b221,8,0,232,0,0
0404508e,8,0,338,0,0
13a0800a,8,0,351,0,6
06508980,8,0,370,0,4
0c872040,8,0,306,0,0
05043821,8,0,364,0,0
1150a201,8,0,391,0,7
100724c0,8,0,251,0,0
05522018,8,0,390,0,7
14013428,8,0,367,0,4
0a812c80,8,0,332,0,0
06260442,8,0,310,0,0
1092a088,8,0,361,0,4
24044a88,8,0,223,0,0
08909109,8,0,332,0,2
14590410,8,0,352,0,0
31ac0040,8,0,390,0,7
020a7808,8,0,319,0,4
24005584,8,0,305,0,4
0226048a,8,0,315,0,2
11308d00,8,0,234,0,0
01009e09,8,0,350,0,6
21548005,8,0,391,0,7
242c8500,8,0,364,0,7
16904048,8,0,388,0,6
248044c8,8,0,391,0,7
08203243,8,0,249,0,0
009886c0,8,0,372,0,6
06322060,8,0,285,0,0
12203604,8,0,391,0,7
014cb002,8,0,391,0,7
14285300,8,0,389,0,7
00a86902,8,0,244,0,0
0908c809,8,0,359,0,0
39402440,8,0,360,0,3
15887000,8,0,391,0,7
36108408,8,0,391,0,7
12a21009,8,0,381,0,6
0c224c01,8,0,319,0,0
014078c0,8,0,389,0,7
090e8101,8,0,274,0,0
01289061,8,0,294,0,6
0810e890,8,0,209,0,0
0e100e80,8,0,388,0,6
242a4050,8,0,316,0,4
04c90809,8,0,362,0,4
02a83102,8,0,379,0,6
04023285,8,0,371,0,5
0410c80b,8,0,390,0,7
29414401,8,0,340,0,3
2f508000,8,0,391,0,7
26004017,8,0,343,0,0
002872c0,8,0,390,0,7
08261290,8,0,274,0,0
02562220,8,0,264,0,0
04906310,8,0,350,0,0
23410481,8,0,391,0,7
214b2010,8,0,384,0,7
300d008a,8,0,342,0,0
2b400608,8,0,386,0,7
0500b680,8,0,391,0,7
11a02640,8,0,339,0,1
04914188,8,0,386,0,4
0f80200a,8,0,378,0,2
06632100,8,0,359,0,4
19802481,8,0,374,0,1
0802406d,8,0,285,0,0
09121680,8,0,388,0,7
220a5081,8,0,358,0,4
0a446081,8,0,369,0,3
06034290,8,0,241,0,0
0282d500,8,0,335,0,6
14c0a090,8,0,348,0,0
0b024490,8,0,386,0,6
23304060,8,0,332,0,6
24114920,8,0,282,0,0
2d004211,8,0,334,0,0
005c4007,8,0,370,0,3
21209424,8,0,286,0,6
30862402,8,0,354,0,0
13320401,8,0,391,0,7
2810e014,8,0,239,0,0
0c14008e,8,0,211,0,0
30460089,8,0,383,0,3
21450a01,8,0,273,0,0
0308a380,8,0,385,0,6
24514050,8,0,353,0,4
142cc001,8,0,391,0,7
0c048087,8,0,205,0,0
06111301,8,0,372,0,4
0c243024,8,0,379,0,5
0c804416,8,0,337,0,0
203a0182,8,0,301,0,4
105d0408,8,0,385,0,3
14b81002,8,0,391,0,7
09502610,8,0,358,0,3
20564005,8,0,340,0,0
29880a04,8,0,313,0,0
02508c0c,8,0,367,0,6
1272c000,8,0,384,0,6
06007083,8,0,391,0,7
02a86a00,8,0,341,0,4
2204a046,8,0,108,0,0
20b44101,8,0,386,0,7
03c44500,8,0,388,0,7
14228281,8,0,308,0,4
0c8222c0,8,0,372,0,5
141c0602,8,0,384,0,1
1c3a0800,8,0,387,0,5
39448100,8,0,350,0,1
31106042,8,0,376,0,3
25429040,8,0,351,0,6
23401488,8,0,391,0,7
3c086002,8,0,391,0,7
30881284,8,0,230,0,4
048c4a04,8,0,288,0,0
0b540900,8,0,344,0,2
0409064a,8,0,265,0,0
00327104,8,0,381,0,7
2408304c,8,0,376,0,7
17304001,8,0,391,0,7
07108015,8,0,385,0,6
1004520b,8,0,378,0,3
22039009,8,0,350,0,6
0e018c08,8,0,388,0,6
11123801,8,0,389,0,7
1d922000,8,0,386,0,5
20a42c80,8,0,240,0,0
16000629,8,0,364,0,4
0140a648,8,0,363,0,3
220904c1,8,0,250,0,0
0ba28080,8,0,352,0,6
3010500d,8,0,391,0,7
0c31000d,8,0,363,0,1
261c0048,8,0,391,0,7
280c6006,8,0,387,0,3
26040423,8,0,279,0,0
31f40000,8,0,391,0,7
3d000320,8,0,217,0,0
0e440881,8,0,346,0,0
04788280,8,0,333,0,4
08093085,8,0,267,0,0
32002381,8,0,265,0,0
15834010,8,0,333,0,0
05087090,8,0,391,0,7
24312012,8,0,346,0,4
16405108,8,0,383,0,6
03043224,8,0,369,0,4
0018c285,8,0,300,0,4
08c22b00,8,0,231,0,0
0c542082,8,0,371,0,0
21654002,8,0,268,0,0
1183a080,8,0,310,0,0
09242c01,8,0,314,0,1
00987204,8,0,390,0,7
05284301,8,0,369,0,7
0c03400b,8,0,391,0,7
0a585800,8,0,386,0,7
1c308003,8,0,363,0,0
3800460c,8,0,283,0,0
24320007,8,0,315,0,0
05103031,8,0,385,0,7
0c0b0083,8,0,337,0,0
34112102,8,0,315,0,0
04189038,8,0,281,0,4
19106500,8,0,346,0,1
1c00d024,8,0,336,0,0
28045403,8,0,287,0,3
013414a0,8,0,386,0,7
04092303,8,0,270,0,0
10465280,8,0,342,0,0
0ac2400a,8,0,341,0,0
15202700,8,0,387,0,5
2b02c010,8,0,296,0,0
2c08010b,8,0,349,0,1
10482688,8,0,382,0,0
093044c0,8,0,358,0,7
05815018,8,0,387,0,7
1c032404,8,0,313,0,0
081cc808,8,0,362,0,0
2089840c,8,0,300,0,2
26908044,8,0,285,0,4
0d191004,8,0,391,0,7
0a245104,8,0,351,0,6
24805850,8,0,261,0,4
190c2102,8,0,333,0,1
034228c0,8,0,378,0,2
01524051,8,0,339,0,0
0a2a2090,8,0,371,0,4
0902e802,8,0,289,0,0
05184086,8,0,384,0,6
38501480,8,0,347,0,1
17108041,8,0,389,0,7
11022489,8,0,391,0,7
0644b400,8,0,391,0,7
2802c094,8,0,137,0,0
1100b08c,8,0,376,0,4
0b424410,8,0,368,0,3
01035488,8,0,290,0,6
19805300,8,0,366,0,5
1540110a,8,0,357,0,0
2c034808,8,0,379,0,5
1e20b000,8,0,391,0,7
16004207,8,0,345,0,0
24700380,8,0,202,0,0
044c4412,8,0,306,0,0
33441100,8,0,374,0,3
06a0c440,8,0,391,0,7
01112305,8,0,146,0,0
2c90a001,8,0,386,0,4
200e22c0,8,0,377,0,0
2113100a,8,0,310,0,4
21540141,8,0,293,0,0
0082c449,8,0,367,0,2
204d4202,8,0,349,0,1
32301480,8,0,391,0,7
2a075000,8,0,280,0,0
0828a602,8,0,142,0,0
1c498100,8,0,286,0,0
2818a104,8,0,279,0,0
14102f00,8,0,295,0,0
080a0d88,8,0,303,0,0
01a09510,8,0,306,0,7
24944022,8,0,390,0,7
240e0092,8,0,352,0,4
05037200,8,0,391,0,7
25034480,8,0,386,0,6
049c8082,8,0,375,0,4
06110701,8,0,353,0,4
23868200,8,0,234,0,2
2036200a,8,0,350,0,1
05610444,8,0,380,0,7
22300505,8,0,201,0,0
04131250,8,0,302,0,4
20226442,8,0,191,0,0
14082189,8,0,374,0,4
11a0e400,8,0,390,0,7
0b408c08,8,0,391,0,7
0504c098,8,0,340,0,0
06c22208,8,0,373,0,4
3c302200,8,0,385,0,5
19941080,8,0,391,0,7
090b0c80,8,0,300,0,0
05400589,8,0,387,0,6
25842240,8,0,388,0,7
34908402,8,0,390,0,6
00283059,8,0,365,0,3
288c4480,8,0,391,0,7
0129c480,8,0,333,0,6
0b488011,8,0,299,0,2
03103049,8,0,391,0,7
39201280,8,0,378,0,7
05844032,8,0,328,0,0
04307104,8,0,391,0,7
06140682,8,0,338,0,0
0c804690,8,0,288,0,0
14011628,8,0,382,0,5
06340821,8,0,378,0,4
204822a2,8,0,351,0,4
05a0280a,8,0,325,0,0
03062a04,8,0,298,0,0
205a001c,8,0,225,0,0
0120720a,8,0,391,0,7
2838020c,8,0,346,0,1
13107020,8,0,391,0,7
28824640,8,0,385,0,7
16809240,8,0,339,0,4
08486412,8,0,316,0,1
070c4180,8,0,366,0,4
2e300280,8,0,365,0,4
201c2803,8,0,387,0,3
34844220,8,0,391,0,7
25042403,8,0,387,0,7
24180506,8,0,378,0,7
060c5402,8,0,391,0,7
09201486,8,0,260,0,6
04138281,8,0,382,0,4
1008c4c8,8,0,352,0,2
01c230c0,8,0,389,0,7
20291680,8,0,372,0,7
2826c400,8,0,298,0,0
2252c400,8,0,390,0,6
32b80020,8,0,380,0,6
18149208,8,0,390,0,7
21106424,8,0,388,0,7
021ca880,8,0,388,0,6
016b0a00,8,0,192,0,0
100f0089,8,0,384,0,1
0c823104,8,0,304,0,0
215a8020,8,0,354,0,6
092420c2,8,0,268,0,0
022c8c08,8,0,365,0,6
248040e1,8,0,277,0,4
02741808,8,0,390,0,7
16a24080,8,0,373,0,4
0e1100c1,8,0,238,0,0
011620c4,8,0,336,0,0
302a6200,8,0,384,0,7
2c160808,8,0,391,0,7
23202248,8,0,280,0,0
34011103,8,0,239,0,0
0c490418,8,0,367,0,1
00c560c0,8,0,382,0,0
04418c81,8,0,330,0,4
35054004,8,0,391,0,7
0611a410,8,0,387,0,6
31e24000,8,0,358,0,2
1004a40b,8,0,356,0,2
23449020,8,0,275,0,2
022430b0,8,0,274,0,4
35004442,8,0,389,0,7
10856081,8,0,389,0,5
20924026,8,0,297,0,0
24464802,8,0,212,0,0
30472400,8,0,358,0,1
100c3205,8,0,380,0,5
0561c100,8,0,390,0,7
0044608b,8,0,350,0,0
20281886,8,0,268,0,4
05418c80,8,0,387,0,7
05500a42,8,0,256,0,0
3804a220,8,0,257,0,0
04471081,8,0,370,0,4
048d4102,8,0,372,0,6
03c46020,8,0,388,0,7
0a82020b,8,0,368,0,0
0401f180,8,0,372,0,4
044c2092,8,0,385,0,0
044450c1,8,0,357,0,4
200c40c5,8,0,261,0,0
14066408,8,0,391,0,7
05006b04,8,0,290,0,0
11243210,8,0,391,0,7
25028188,8,0,286,0,4
00a86242,8,0,365,0,7
00908589,8,0,355,0,4
00295282,8,0,311,0,4
0c4a2003,8,0,358,0,1
35601001,8,0,391,0,7
06a48081,8,0,379,0,4
0450302a,8,0,297,0,0
020e3a00,8,0,258,0,0
16214081,8,0,363,0,4
27a08008,8,0,388,0,6
28124814,8,0,213,0,0
0c150007,8,0,263,0,0
17001340,8,0,316,0,4
36310002,8,0,391,0,7
0409d300,8,0,353,0,4
31084083,8,0,391,0,7
0014e105,8,0,279,0,0
15848041,8,0,390,0,7
0229900a,8,0,274,0,6
1140e202,8,0,366,0,3
0d20240c,8,0,389,0,7
0a024780,8,0,240,0,0
294e0010,8,0,324,0,1
15490041,8,0,382,0,5
111c0025,8,0,387,0,5
0a904608,8,0,374,0,2
17880108,8,0,372,0,4
0806a058,8,0,134,0,0
0a320809,8,0,391,0,7
01402ca8,8,0,298,0,0
01e03201,8,0,391,0,7
06a10448,8,0,386,0,6
244080a9,8,0,258,0,0
091e0420,8,0,317,0,1
088e1081,8,0,333,0,0
08283450,8,0,254,0,0
1610020b,8,0,390,0,6
3500c440,8,0,391,0,7
22243014,8,0,339,0,6
0c221380,8,0,372,0,5
054a2210,8,0,391,0,7
14124680,8,0,360,0,4
0c10a282,8,0,311,0,0
23c080c0,8,0,280,0,6
0438a801,8,0,391,0,7
0fa02040,8,0,390,0,7
2882120a,8,0,257,0,0
11125005,8,0,391,0,7
00b88428,8,0,297,0,2
2008b086,8,0,369,0,6
26402083,8,0,382,0,4
01a93008,8,0,377,0,7
1010a087,8,0,254,0,0
044d020c,8,0,379,0,5
04493006,8,0,374,0,5
00d4e001,8,0,391,0,7
030034a1,8,0,390,0,7
24035804,8,0,285,0,4
04646220,8,0,347,0,0
22414406,8,0,227,0,0
2092100b,8,0,364,0,2
0d288084,8,0,347,0,4
1300c405,8,0,386,0,6
0a148881,8,0,381,0,6
30062228,8,0,301,0,0
203a0888,8,0,364,0,5
070006a2,8,0,259,0,4
11906c00,8,0,391,0,7
25894004,8,0,389,0,7
05400e41,8,0,293,0,0
06126204,8,0,365,0,4
00d42086,8,0,302,0,0
01c0a405,8,0,347,0,2
01a07880,8,0,390,0,7
0d0102d0,8,0,192,0,0
05900e10,8,0,321,0,4
20306026,8,0,310,0,0
0b40c280,8,0,329,0,2
04984640,8,0,385,0,7
04095c80,8,0,339,0,4
13023090,8,0,385,0,6
025032c0,8,0,333,0,4
0c2d4008,8,0,386,0,5
34b01400,8,0,391,0,7
01283504,8,0,391,0,7
1c0a0091,8,0,321,0,0
2424c801,8,0,290,0,0
2100e604,8,0,372,0,3
1128e001,8,0,389,0,7
06612044,8,0,331,0,4
314802c0,8,0,354,0,0
20980512,8,0,346,0,3
29280e00,8,0,376,0,7
17810240,8,0,382,0,6
3040d408,8,0,373,0,7
26811081,8,0,322,0,4
29446080,8,0,391,0,7
005e6010,8,0,363,0,1
04815805,8,0,313,0,4
0e0091a0,8,0,212,0,0
21880682,8,0,389,0,7
03041492,8,0,324,0,6
00457402,8,0,277,0,0
0144a8a0,8,0,351,0,0
06123050,8,0,332,0,4
042c6180,8,0,384,0,4
04846112,8,0,382,0,2
2c4004a1,8,0,193,0,0
24119880,8,0,384,0,6
11642081,8,0,391,0,7
20505424,8,0,276,0,0
35201005,8,0,391,0,7
01128483,8,0,289,0,0
30183500,8,0,390,0,7
02b16040,8,0,356,0,4
07004641,8,0,388,0,7
2020318a,8,0,275,0,4
04949210,8,0,355,0,4
030a9404,8,0,391,0,7
094e1002,8,0,307,0,0
33480802,8,0,386,0,6
29500045,8,0,249,0,0
210a6410,8,0,387,0,7
08033083,8,0,320,0,0
24e010a0,8,0,312,0,4
1422c201,8,0,325,0,0
24481051,8,0,317,0,4
204805a4,8,0,89,0,0
04c10b08,8,0,312,0,4
0400ab81,8,0,294,0,0
02548181,8,0,369,0,2
223011a0,8,0,276,0,4
20486211,8,0,362,0,1
01148e80,8,0,270,0,0
1a0e2400,8,0,375,0,3
0846600a,8,0,354,0,1
27a10100,8,0,379,0,6
0032204b,8,0,287,0,0
1042ac80,8,0,244,0,0
29520090,8,0,342,0,0
040d40a1,8,0,304,0,0
18848089,8,0,363,0,1
21151120,8,0,42,0,0
20419881,8,0,85,0,0
21418091,8,0,118,0,0
0100222f,8,0,77,0,0
2900880d,8,0,121,0,0
24202d40,8,0,82,0,0
0029420d,8,0,154,0,0
29000459,8,0,135,0,0
20530888,8,0,187,0,0
21411023,8,0,76,0,0
242081c1,8,0,85,0,0
2004141e,8,0,107,0,0
31100384,8,0,83,0,0
20108a83,8,0,118,0,0
00540287,8,0,96,0,0
001428c5,8,0,88,0,0
03440a41,8,0,119,0,0
24290160,8,0,168,0,0
29240007,8,0,158,0,0
244090b0,8,0,72,0,0
22151202,8,0,211,0,0
24018c03,8,0,115,0,0
01028d09,8,0,207,0,0
25040921,8,0,56,0,0
2001341a,8,0,84,0,0
050c8902,8,0,119,0,0
242500c4,8,0,116,0,0
21440093,8,0,195,0,0
092d0101,8,0,166,0,0
21811206,8,0,212,0,4
20684841,8,0,122,0,0
300040ab,8,0,144,0,0
21120c90,8,0,142,0,0
230c0250,8,0,177,0,0
00750405,8,0,126,0,0
29180150,8,0,185,0,0
0005508d,8,0,206,0,0
0020a18b,8,0,87,0,0
01001ea1,8,0,197,0,4
2041a206,8,0,89,0,0
01220683,8,0,225,0,0
0106508a,8,0,205,0,0
2020d504,8,0,185,0,2
040312d0,8,0,178,0,0
04021d88,8,0,162,0,0
100024d9,8,0,157,0,0
22121818,8,0,251,0,4
03248841,8,0,247,0,2
0420c0a3,8,0,147,0,0
01981430,8,0,260,0,0
04290426,8,0,127,0,0
00bd8008,8,0,255,0,0
01a09046,8,0,185,0,6
01284740,8,0,276,0,6
04a88188,8,0,233,0,4
012042c9,8,0,235,0,0
00291621,8,0,198,0,0
30251c00,8,0,227,0,0
09684060,8,0,243,0,0
0024d061,8,0,165,0,0
00027243,8,0,175,0,0
20cb1008,8,0,176,0,0
08013249,8,0,129,0,0
04882849,8,0,230,0,0
012c8029,8,0,287,0,0
01261141,8,0,249,0,0
20750500,8,0,88,0,0
044c0223,8,0,83,0,0
10c0108b,8,0,159,0,0
01914242,8,0,211,0,0
0148121a,8,0,205,0,0
31054808,8,0,294,0,0
00d90109,8,0,291,0,0
058c0141,8,0,253,0,0
0a390101,8,0,214,0,0
21108462,8,0,133,0,0
20063043,8,0,65,0,0
0005508b,8,0,170,0,0
206b1800,8,0,175,0,0
3003020d,8,0,216,0,0
14320940,8,0,177,0,0
098e0101,8,0,251,0,0
31011a08,8,0,250,0,4
11029a01,8,0,249,0,0
01216224,8,0,196,0,0
050a0740,8,0,176,0,0
0150a064,8,0,111,0,0
09401095,8,0,195,0,0
0c0902d0,8,0,141,0,0
200a02a3,8,0,135,0,0
0111c023,8,0,115,0,0
27000390,8,0,142,0,0
30205142,8,0,224,0,2
18288640,8,0,208,0,0
0248050b,8,0,207,0,0
080a098c,8,0,221,0,0
14092812,8,0,185,0,0
21401d08,8,0,214,0,2
08142603,8,0,142,0,0
04074818,8,0,191,0,0
29001c06,8,0,163,0,0
2c202054,8,0,94,0,0
01089492,8,0,195,0,0
04201a23,8,0,147,0,4
14610502,8,0,161,0,0
087d0100,8,0,190,0,0
21910206,8,0,120,0,0
34200185,8,0,77,0,0
19110884,8,0,159,0,0
1008418b,8,0,156,0,0
00ca4403,8,0,250,0,0
046c8220,8,0,161,0,0
20329820,8,0,202,0,4
0011448b,8,0,141,0,0
01005c91,8,0,232,0,4
25020056,8,0,91,0,0
28811209,8,0,180,0,0
2004003f,8,0,117,0,0
08416806,8,0,169,0,0
040c8542,8,0,77,0,0
05280198,8,0,233,0,0
11040869,8,0,155,0,0
20099086,8,0,102,0,0
2e0100c2,8,0,125,0,0
030c0189,8,0,272,0,0
34048250,8,0,162,0,0
0026900d,8,0,346,0,2
06608190,8,0,110,0,0
0017020b,8,0,148,0,0
30100d81,8,0,79,0,0
04103511,8,0,232,0,0
0421c091,8,0,237,0,0
19501102,8,0,296,0,0
014061c2,8,0,165,0,0
14304260,8,0,208,0,0
00a03232,8,0,263,0,4
005c8111,8,0,170,0,0
0ca04248,8,0,346,0,0
04c03121,8,0,187,0,0
010c0e03,8,0,129,0,0
1d020031,8,0,247,0,0
11990088,8,0,285,0,0
043403c0,8,0,76,0,0
082d1003,8,0,219,0,0
045100d4,8,0,83,0,0
11201511,8,0,225,0,4
04088887,8,0,128,0,0
01642023,8,0,229,0,0
02245224,8,0,323,0,6
1050020f,8,0,157,0,0
002e1016,8,0,229,0,0
14850141,8,0,235,0,0
1d000413,8,0,190,0,0
001184c9,8,0,202,0,0
0a807140,8,0,341,0,2
241002a5,8,0,171,0,0
10142628,8,0,348,0,0
210121c1,8,0,55,0,0
2110c980,8,0,178,0,0
31450840,8,0,244,0,0
22881182,8,0,216,0,4
0c218043,8,0,118,0,0
1800b00d,8,0,304,0,0
012820e8,8,0,163,0,0
0e850102,8,0,228,0,0
09140a21,8,0,187,0,0
05180134,8,0,208,0,0
06a80023,8,0,298,0,4
1424804a,8,0,304,0,0
08383030,8,0,272,0,0
1320001b,8,0,328,0,0
2106210a,8,0,157,0,0
11239008,8,0,317,0,6
05029828,8,0,235,0,4
01115124,8,0,275,0,4
14814111,8,0,278,0,0
09e000c1,8,0,194,0,0
1c841900,8,0,353,0,0
07c00051,8,0,293,0,0
0520046c,8,0,290,0,6
06001d05,8,0,191,0,0
2020b025,8,0,175,0,0
16044a01,8,0,373,0,0
05602038,8,0,259,0,0
04a48019,8,0,254,0,0
3024004b,8,0,326,0,3
03800c0d,8,0,333,0,2
145002a8,8,0,125,0,0
10060389,8,0,312,0,0
10701844,8,0,229,0,0
24600c82,8,0,114,0,0
0301a025,8,0,141,0,0
3a004029,8,0,307,0,0
001d2241,8,0,141,0,0
01450701,8,0,139,0,0
0c102816,8,0,237,0,0
0814a811,8,0,149,0,0
06a02c20,8,0,244,0,0
23084111,8,0,223,0,0
04406e20,8,0,169,0,0
144a4a00,8,0,258,0,0
0c050246,8,0,96,0,0
00381b01,8,0,301,0,4
01594810,8,0,270,0,0
06440039,8,0,136,0,0
064412a0,8,0,175,0,0
040092c3,8,0,161,0,0
31200407,8,0,200,0,0
0818d050,8,0,268,0,0
19180218,8,0,298,0,0
000c1629,8,0,146,0,0
22901091,8,0,193,0,0
0044428b,8,0,130,0,0
0d280860,8,0,214,0,0
00496442,8,0,207,0,0
13200229,8,0,242,0,0
001c3510,8,0,186,0,0
02344d00,8,0,280,0,0
04d02061,8,0,203,0,0
00358203,8,0,146,0,0
0441031c,8,0,149,0,0
04091c11,8,0,142,0,0
060c0892,8,0,205,0,0
102520c4,8,0,180,0,0
09904340,8,0,327,0,1
06c90102,8,0,309,0,4
1c013810,8,0,264,0,0
30c0200d,8,0,150,0,0
00107063,8,0,97,0,0
300858a0,8,0,204,0,0
18605201,8,0,366,0,1
00157104,8,0,242,0,0
30b14800,8,0,280,0,0
3050c240,8,0,228,0,0
01171410,8,0,169,0,0
01256801,8,0,227,0,0
0840d640,8,0,257,0,1
10201487,8,0,179,0,0
0c812a10,8,0,184,0,0
02350c40,8,0,233,0,0
04c11023,8,0,222,0,0
200984a1,8,0,79,0,0
04209318,8,0,218,0,4
001460e4,8,0,116,0,0
00817842,8,0,96,0,0
05841a20,8,0,240,0,4
09402039,8,0,220,0,0
000e10c9,8,0,265,0,0
13600241,8,0,252,0,0
0521880c,8,0,185,0,0
10152222,8,0,191,0,0
05840614,8,0,167,0,0
00683811,8,0,208,0,0
1058a410,8,0,286,0,0
01708190,8,0,106,0,0
0028224d,8,0,153,0,0
01b04222,8,0,288,0,0
05510062,8,0,194,0,0
00669401,8,0,247,0,0
101800cb,8,0,175,0,0
04900383,8,0,123,0,0
25608030,8,0,150,0,0
3c0005c0,8,0,119,0,0
005c5042,8,0,247,0,0
10506424,8,0,243,0,0
0011d121,8,0,137,0,0
09920884,8,0,249,0,0
20490d08,8,0,126,0,0
01241055,8,0,188,0,0
30605180,8,0,302,0,4
144048c1,8,0,242,0,0
00712604,8,0,168,0,0
05408704,8,0,119,0,0
01411189,8,0,146,0,0
10193011,8,0,205,0,0
0212001f,8,0,331,0,0
03821421,8,0,303,0,6
30209248,8,0,218,0,4
11209086,8,0,299,0,6
1054101c,8,0,358,0,0
08431828,8,0,154,0,0
150082a4,8,0,144,0,0
24224112,8,0,85,0,0
2502082c,8,0,80,0,0
043200b8,8,0,100,0,0
04228207,8,0,71,0,0
04030615,8,0,51,0,0
042c0328,8,0,127,0,0
04278012,8,0,96,0,0
10331804,8,0,160,0,0
0442068c,8,0,82,0,0
042a08a8,8,0,152,0,0
0084d380,8,0,236,0,4
00a31809,8,0,142,0,0
0432022c,8,0,161,0,0
00265308,8,0,137,0,0
0092c058,8,0,120,0,0
14029058,8,0,82,0,0
0093200d,8,0,130,0,0
05120126,8,0,62,0,0
00064e09,8,0,167,0,0
00909119,8,0,197,0,0
0080612d,8,0,184,0,0
0c130112,8,0,112,0,0
00806513,8,0,117,0,0
040220ce,8,0,125,0,0
012a001d,8,0,212,0,0
18293020,8,0,253,0,0
3030c840,8,0,150,0,0
042a0446,8,0,97,0,0
04100ea8,8,0,129,0,0
048a0191,8,0,75,0,0
0430830a,8,0,137,0,0
1c081054,8,0,168,0,0
180e0901,8,0,209,0,0
08849441,8,0,157,0,0
0080558c,8,0,309,0,6
2411014c,8,0,62,0,0
38841202,8,0,227,0,0
1c818180,8,0,113,0,0
0082eb00,8,0,77,0,0
0a8d4004,8,0,236,0,0
18270c00,8,0,185,0,0
00d22428,8,0,245,0,0
0023504a,8,0,117,0,0
048120cc,8,0,114,0,0
24824070,8,0,110,0,0
18348220,8,0,171,0,0
06014524,8,0,147,0,0
0a120d40,8,0,151,0,0
04a4a060,8,0,103,0,0
14248304,8,0,149,0,0
10129015,8,0,152,0,0
08b040a1,8,0,210,0,0
0c950030,8,0,76,0,0
18415210,8,0,262,0,0
0400d164,8,0,140,0,0
04015868,8,0,80,0,0
10dc0840,8,0,313,0,0
109a1204,8,0,244,0,0
12886120,8,0,299,0,0
10133220,8,0,246,0,0
041b0148,8,0,141,0,0
14214510,8,0,100,0,0
048e80c0,8,0,164,0,0
11222212,8,0,177,0,0
18820948,8,0,74,0,0
0c049130,8,0,89,0,0
048b8880,8,0,115,0,0
0502c424,8,0,131,0,0
10d34002,8,0,275,0,0
048a8248,8,0,87,0,0
08213610,8,0,146,0,0
0b604104,8,0,274,0,0
15038014,8,0,61,0,0
180e0013,8,0,268,0,0
34004161,8,0,67,0,0
1401c01c,8,0,177,0,0
19804a02,8,0,239,0,0
1a142102,8,0,304,0,0
08a84301,8,0,155,0,0
00856310,8,0,158,0,0
2600406c,8,0,90,0,0
04106318,8,0,197,0,0
1c004660,8,0,125,0,0
38204441,8,0,217,0,0
2184410c,8,0,284,0,0
0884680c,8,0,287,0,0
0c940212,8,0,156,0,0
181d0082,8,0,253,0,0
10154490,8,0,222,0,0
10b50440,8,0,224,0,0
0422206c,8,0,40,0,0
14440a28,8,0,195,0,0
005a4448,8,0,302,0,0
1e014024,8,0,252,0,0
00929c40,8,0,63,0,0
14025121,8,0,220,0,0
1082050b,8,0,124,0,0
12e05800,8,0,372,0,6
0c20c242,8,0,125,0,0
05260026,8,0,102,0,0
12c06108,8,0,348,0,0
02138301,8,0,209,0,0
00a75004,8,0,167,0,0
1801e401,8,0,168,0,0
00760811,8,0,145,0,0
1e880210,8,0,185,0,0
0980680a,8,0,279,0,0
04020a2d,8,0,107,0,0
08880549,8,0,150,0,0
24822230,8,0,65,0,0
101a2414,8,0,221,0,0
04801c4c,8,0,38,0,0
14888302,8,0,127,0,0
09885820,8,0,297,0,0
18804d08,8,0,218,0,0
01226424,8,0,263,0,0
1c208248,8,0,190,0,0
2884c900,8,0,195,0,0
0c0080ad,8,0,121,0,0
0410444e,8,0,199,0,0
14032061,8,0,56,0,0
04818b08,8,0,150,0,0
0a54400c,8,0,313,0,0
06160148,8,0,133,0,0
08316220,8,0,106,0,0
085e0050,8,0,228,0,0
10b04c08,8,0,349,0,6
0c808701,8,0,167,0,0
08274011,8,0,184,0,0
11a0c024,8,0,208,0,0
08455808,8,0,244,0,0
0c002c4a,8,0,66,0,0
1a045410,8,0,346,0,0
18154090,8,0,242,0,0
1006c203,8,0,236,0,0
08066850,8,0,112,0,0
08382b00,8,0,158,0,0
0883c012,8,0,116,0,0
0c10c106,8,0,150,0,0
1cc10810,8,0,187,0,0
0cc28060,8,0,91,0,0
14214504,8,0,138,0,0
04980b04,8,0,172,0,0
1422c006,8,0,203,0,0
0c050294,8,0,140,0,0
18804312,8,0,80,0,0
04e48180,8,0,194,0,0
1a180049,8,0,347,0,0
0810e460,8,0,227,0,0
18528202,8,0,196,0,0
04980858,8,0,272,0,0
10895210,8,0,257,0,0
121a4108,8,0,274,0,0
14820518,8,0,71,0,0
0480a324,8,0,214,0,0
10960908,8,0,271,0,0
1c042062,8,0,226,0,0
2802c061,8,0,90,0,0
140c00d4,8,0,236,0,0
08a24850,8,0,87,0,0
00ac4302,8,0,282,0,0
10804c89,8,0,307,0,0
38201148,8,0,264,0,0
0805500d,8,0,282,0,0
06a12820,8,0,126,0,0
0c840c41,8,0,164,0,0
2c100245,8,0,100,0,0
3c400013,8,0,201,0,0
01694048,8,0,262,0,0
14101252,8,0,191,0,0
1184402a,8,0,347,0,2
0c2019a0,8,0,195,0,0
09805112,8,0,262,0,0
0813104a,8,0,158,0,0
0402ac41,8,0,174,0,0
000b1309,8,0,140,0,0
08035821,8,0,74,0,0
0ca4010a,8,0,235,0,0
10445023,8,0,297,0,0
000a121d,8,0,205,0,0
03017048,8,0,238,0,0
1a244801,8,0,341,0,0
00d74400,8,0,266,0,0
1a24c010,8,0,311,0,0
10524288,8,0,275,0,0
0496080c,8,0,312,0,0
18025023,8,0,262,0,0
0482112c,8,0,36,0,0
0d100862,8,0,104,0,0
080e0a48,8,0,229,0,0
0c001c98,8,0,235,0,0
0a90420c,8,0,193,0,0
2401181c,8,0,111,0,0
04a0101e,8,0,344,0,6
081c4281,8,0,334,0,0
00568205,8,0,234,0,0
1060104b,8,0,310,0,2
10864029,8,0,361,0,3
19102141,8,0,215,0,0
0c801a48,8,0,132,0,0
04a1c021,8,0,297,0,4
28e04050,8,0,266,0,0
00a0b222,8,0,254,0,4
0c182054,8,0,201,0,0
0d014160,8,0,70,0,0
10245812,8,0,255,0,0
0506c140,8,0,83,0,0
18252210,8,0,217,0,0
144a020c,8,0,204,0,0
1508801a,8,0,263,0,0
0280320e,8,0,230,0,0
00348017,8,0,145,0,0
08141419,8,0,291,0,0
10126301,8,0,288,0,0
14424882,8,0,174,0,0
19404013,8,0,296,0,0
09604803,8,0,234,0,0
0410ca44,8,0,162,0,0
00311017,8,0,216,0,0
001c5301,8,0,270,0,0
1a81c200,8,0,266,0,0
30902a08,8,0,263,0,0
14802341,8,0,109,0,0
1444030c,8,0,225,0,0
00323114,8,0,215,0,0
18a21204,8,0,211,0,0
0028041f,8,0,206,0,0
1124c140,8,0,230,0,0
1404203c,8,0,264,0,0
301280c1,8,0,163,0,0
0832084c,8,0,259,0,0
100ae048,8,0,156,0,0
06803848,8,0,141,0,0
0dc00111,8,0,158,0,0
04410a52,8,0,113,0,0
120c3011,8,0,326,0,0
0a234a00,8,0,138,0,0
109a4050,8,0,279,0,0
00aac202,8,0,214,0,0
04829124,8,0,88,0,0
00e36008,8,0,247,0,0
05300192,8,0,211,0,4
04a0018d,8,0,87,0,0
10c03212,8,0,259,0,0
14804621,8,0,271,0,0
24414062,8,0,208,0,0
26801890,8,0,217,0,4
12920580,8,0,289,0,0
0c504114,8,0,99,0,0
11240458,8,0,286,0,0
00328d08,8,0,122,0,0
0c00c4a1,8,0,175,0,0
00615248,8,0,311,0,4
30205124,8,0,261,0,6
2c00c062,8,0,96,0,0
1e018180,8,0,180,0,0
081a0825,8,0,159,0,0
0910804d,8,0,204,0,0
0c111510,8,0,181,0,0
060a0c11,8,0,190,0,0
28a04148,8,0,235,0,0
20007125,8,0,210,0,0
3080220e,8,0,153,0,0
00ad5001,8,0,349,0,6
06024443,8,0,272,0,0
0291c801,8,0,337,0,4
1182401a,8,0,163,0,0
0610421a,8,0,214,0,0
140b4180,8,0,245,0,0
006214a8,8,0,314,0,6
04401529,8,0,224,0,0
0032a442,8,0,165,0,0
08a45c00,8,0,305,0,2
118e0108,8,0,281,0,0
01135101,8,0,285,0,0
03144105,8,0,320,0,0
2c050844,8,0,75,0,0
06c38004,8,0,255,0,0
0502110e,8,0,120,0,0
08485508,8,0,244,0,0
18422814,8,0,142,0,0
04c24881,8,0,293,0,0
0834c240,8,0,134,0,0
30c14101,8,0,182,0,0
0d801160,8,0,126,0,0
0e809030,8,0,135,0,0
04445901,8,0,269,0,0
24140311,8,0,121,0,0
00027226,8,0,117,0,0
14041a05,8,0,317,0,0
046308c0,8,0,148,0,0
02194448,8,0,305,0,0
02862049,8,0,195,0,0
0c009215,8,0,161,0,0
14248380,8,0,224,0,0
1087c800,8,0,144,0,0
18920a40,8,0,131,0,0
1088e808,8,0,242,0,0
12254081,8,0,274,0,0
38504014,8,0,235,0,0
20026215,8,0,129,0,0
30a23001,8,0,260,0,0
20426023,8,0,206,0,0
30201283,8,0,312,0,5
08c22450,8,0,125,0,0
24812902,8,0,110,0,0
30140e01,8,0,272,0,0
003d4204,8,0,223,0,0
1620401c,8,0,294,0,0
10106c0c,8,0,312,0,0
070004d2,8,0,272,0,4
002a2891,8,0,197,0,0
1c00902c,8,0,219,0,0
0c840628,8,0,180,0,0
083a0031,8,0,156,0,0
2c108160,8,0,107,0,0
0202e421,8,0,187,0,0
1a150208,8,0,343,0,0
02944184,8,0,238,0,0
16820444,8,0,95,0,0
10854d00,8,0,185,0,0
2582010c,8,0,100,0,0
1018c128,8,0,229,0,0
00960149,8,0,147,0,0
14308218,8,0,266,0,0
0851c005,8,0,238,0,0
14204298,8,0,181,0,0
10d22c00,8,0,300,0,0
050540a2,8,0,200,0,0
1450a060,8,0,251,0,0
04ec0028,8,0,201,0,0
1c604024,8,0,257,0,0
30221248,8,0,235,0,4
08480ac1,8,0,99,0,0
10480a85,8,0,68,0,0
120a04a1,8,0,110,0,0
00583460,8,0,119,0,0
005c0185,8,0,144,0,0
22804903,8,0,161,0,0
12c00283,8,0,77,0,0
22100a29,8,0,98,0,0
101c1148,8,0,270,0,0
12000ca9,8,0,85,0,0
0a402807,8,0,138,0,0
1b0800c1,8,0,227,0,0
16401141,8,0,102,0,0
064c0242,8,0,104,0,0
1018a80a,8,0,193,0,0
0e410182,8,0,147,0,0
0a017801,8,0,170,0,0
0200dc18,8,0,151,0,0
22011c06,8,0,94,0,0
005f1004,8,0,199,0,0
03086122,8,0,188,0,0
02c82188,8,0,245,0,0
02c92420,8,0,153,0,0
1648002c,8,0,98,0,0
02091099,8,0,135,0,0
322a0801,8,0,155,0,0
260081a2,8,0,81,0,0
0204428b,8,0,167,0,0
02a01027,8,0,217,0,0
32418011,8,0,42,0,0
22024445,8,0,121,0,0
1058040e,8,0,159,0,0
12000c8d,8,0,109,0,0
220444c2,8,0,218,0,0
048804e1,8,0,117,0,0
1a402013,8,0,130,0,0
024e8005,8,0,168,0,0
0a00580b,8,0,269,0,0
12406422,8,0,163,0,0
02488462,8,0,151,0,0
00431681,8,0,120,0,0
10584150,8,0,116,0,0
1a0804a8,8,0,185,0,0
02d0060a,8,0,303,0,2
22101660,8,0,155,0,0
10116580,8,0,221,0,0
12442821,8,0,269,0,0
020114c9,8,0,110,0,0
02390841,8,0,130,0,0
14401035,8,0,56,0,0
12500628,8,0,211,0,0
02186908,8,0,209,0,0
22001c1c,8,0,106,0,0
034810e0,8,0,101,0,0
23100514,8,0,138,0,0
020888a9,8,0,97,0,0
140842c4,8,0,183,0,0
02216405,8,0,137,0,0
0050d490,8,0,160,0,0
0b404424,8,0,268,0,0
221a0051,8,0,180,0,0
03510031,8,0,151,0,0
0a481085,8,0,160,0,0
1200501e,8,0,256,0,0
1a640006,8,0,321,0,0
2210050e,8,0,145,0,0
07040033,8,0,143,0,0
191002a1,8,0,245,0,0
10885025,8,0,237,0,0
20102e28,8,0,143,0,0
30181142,8,0,230,0,0
00202297,8,0,169,0,0
02195048,8,0,232,0,0
030815c0,8,0,269,0,6
065080b0,8,0,130,0,0
02411c0a,8,0,255,0,0
20205843,8,0,138,0,0
20e41140,8,0,179,0,2
16408822,8,0,164,0,0
202c0225,8,0,99,0,0
00d84032,8,0,245,0,0
02250681,8,0,240,0,0
02c15210,8,0,259,0,4
2e080121,8,0,178,0,0
2041b101,8,0,93,0,0
02c0840e,8,0,185,0,0
22004287,8,0,177,0,0
210410c5,8,0,155,0,0
00d12421,8,0,129,0,0
20490059,8,0,71,0,0
10402385,8,0,86,0,0
02481518,8,0,201,0,0
01380a21,8,0,250,0,0
02598802,8,0,204,0,0
1240d101,8,0,353,0,6
12120492,8,0,158,0,0
024814c4,8,0,78,0,0
13c00881,8,0,353,0,0
006c9018,8,0,284,0,2
30000d89,8,0,94,0,0
11402149,8,0,246,0,0
060e0430,8,0,166,0,0
0045a441,8,0,161,0,0
34280821,8,0,177,0,0
2448006a,8,0,146,0,0
020a088d,8,0,232,0,0
02186031,8,0,122,0,0
32414a00,8,0,216,0,0
1010b460,8,0,179,0,0
10651014,8,0,306,0,0
06ca1020,8,0,177,0,0
30016441,8,0,168,0,0
02140287,8,0,126,0,0
02661050,8,0,203,0,0
0051a4a0,8,0,122,0,0
0248d014,8,0,197,0,0
2019c050,8,0,174,0,0
00283941,8,0,121,0,0
02498803,8,0,58,0,0
211200c5,8,0,140,0,0
144400aa,8,0,206,0,0
21419021,8,0,103,0,0
30102541,8,0,90,0,0
03600829,8,0,187,0,0
01406511,8,0,196,0,0
30c04051,8,0,185,0,0
22109106,8,0,136,0,0
03404542,8,0,166,0,2
064c0821,8,0,194,0,0
06404816,8,0,204,0,0
0260044b,8,0,289,0,2
021b0403,8,0,207,0,0
0110264a,8,0,193,0,0
03c000c3,8,0,184,0,0
13604900,8,0,317,0,2
06018185,8,0,144,0,0
021022c5,8,0,115,0,0
0340110b,8,0,183,0,0
22008899,8,0,90,0,0
02492508,8,0,263,0,0
20388850,8,0,98,0,0
20810e81,8,0,103,0,0
1244204c,8,0,252,0,0
20406443,8,0,240,0,1
03441023,8,0,166,0,0
24440780,8,0,130,0,0
10302443,8,0,58,0,0
07088822,8,0,240,0,4
04005625,8,0,178,0,0
204a4241,8,0,144,0,0
02293021,8,0,237,0,4
01a2100d,8,0,351,0,6
14500c12,8,0,187,0,0
0a005027,8,0,150,0,0
14101f00,8,0,302,0,4
0038a504,8,0,190,0,0
02570801,8,0,301,0,0
02481445,8,0,69,0,0
020416c1,8,0,99,0,0
11018889,8,0,291,0,0
04540618,8,0,252,0,0
10807c08,8,0,338,0,2
24d08104,8,0,199,0,0
0410ce40,8,0,374,0,6
0c44104c,8,0,257,0,0
0780804a,8,0,302,0,4
06055900,8,0,286,0,4
030a0c41,8,0,299,0,2
2c100213,8,0,161,0,0
1c014b00,8,0,256,0,0
1ab01020,8,0,375,0,6
04085511,8,0,224,0,0
0202c407,8,0,193,0,0
030a0d01,8,0,208,0,0
15404828,8,0,364,0,0
12444083,8,0,348,0,0
000cc283,8,0,245,0,0
0240450b,8,0,159,0,0
008d1481,8,0,205,0,0
00e84281,8,0,312,0,4
02711012,8,0,298,0,4
0600c423,8,0,253,0,0
004920d1,8,0,108,0,0
0000349b,8,0,174,0,0
1290100e,8,0,311,0,0
06009898,8,0,230,0,4
14423140,8,0,222,0,0
01ea0081,8,0,321,0,0
004cca01,8,0,187,0,0
0600d02a,8,0,292,0,4
00085b81,8,0,135,0,0
231011c0,8,0,195,0,4
12215088,8,0,332,0,6
08482a0c,8,0,230,0,0
20c09441,8,0,180,0,2
10501e08,8,0,247,0,0
14310230,8,0,223,0,0
0142d014,8,0,240,0,0
1240160c,8,0,294,0,6
00289285,8,0,327,0,4
0260812c,8,0,280,0,2
18689040,8,0,365,0,2
20c0c124,8,0,344,0,6
302c1006,8,0,388,0,7
30580888,8,0,361,0,0
0a10d120,8,1,376,0,6
06411019,8,1,390,0,7
2a904060,8,1,388,0,7
09034019,8,1,361,0,1
3c601010,8,1,390,0,7
024085d0,8,1,387,0,7
34814108,8,1,391,0,7
284a2012,8,1,391,0,7
0ca81140,8,1,387,0,7
22205c02,8,1,387,0,7
04518811,8,1,387,0,4
18492600,8,1,340,0,1
12904122,8,1,365,0,0
2188042c,8,1,385,0,7
20143209,8,1,391,0,7
102232c0,8,1,365,0,4
0c82044a,8,1,351,0,0
05414214,8,1,391,0,7
2c120091,8,1,355,0,5
1804aa01,8,1,305,0,0
19801c80,8,1,341,0,0
0202a129,8,1,339,0,0
25085012,8,1,389,0,7
10740051,8,1,352,0,0
0812412c,8,1,331,0,0
0230106c,8,1,347,0,6
30182016,8,1,390,0,7
0b2a0802,8,1,370,0,6
041d0c80,8,1,391,0,7
0080501f,8,1,360,0,3
05209124,8,1,391,0,7
32a40801,8,1,312,0,0
1e808042,8,1,349,0,0
24450c08,8,1,388,0,7
00463290,8,1,376,0,4
02380a81,8,1,349,0,4
10864540,8,1,266,0,0
25c10240,8,1,391,0,7
0090c4a4,8,1,358,0,6
31090089,8,1,391,0,7
0a204449,8,1,346,0,2
01e05110,8,1,384,0,7
38060490,8,1,313,0,0
22088c42,8,1,389,0,7
01508125,8,1,391,0,7
0ac44140,8,1,336,0,2
24118a80,8,1,391,0,7
04615060,8,1,391,0,7
1a048128,8,1,345,0,0
0c161810,8,1,382,0,5
19104884,8,1,351,0,0
200a3405,8,1,367,0,3
209c4120,8,1,391,0,7
00e8240a,8,1,360,0,2
01251640,8,1,387,0,7
06220849,8,1,364,0,4
11da1000,8,1,391,0,7
08c0a980,8,1,261,0,0
050c4083,8,1,388,0,6
080a2a0c,8,1,341,0,1
23801083,8,1,369,0,6
0481c320,8,1,390,0,7
1802001f,8,1,342,0,1
2010348a,8,1,390,0,7
113ac000,8,1,391,0,7
08068a81,8,1,331,0,0
16005805,8,1,382,0,6
0d470004,8,1,362,0,1
1024304a,8,1,385,0,7
28632200,8,1,353,0,5
10206688,8,1,367,0,0
0200a1a5,8,1,351,0,0
11420c88,8,1,363,0,0
3a0c0a00,8,1,363,0,1
0840e805,8,1,302,0,0
21948006,8,1,331,0,2
09828640,8,1,390,0,7
05800683,8,1,386,0,7
36414020,8,1,387,0,4
10585003,8,1,390,0,7
08940509,8,1,308,0,0
2c090604,8,1,391,0,7
041a9808,8,1,391,0,7
30026601,8,1,339,0,1
23d00880,8,1,384,0,6
28a05140,8,1,388,0,7
07005016,8,1,387,0,6
1045a208,8,1,382,0,1
240c001b,8,1,391,0,7
03208321,8,1,386,0,7
2210812c,8,1,383,0,6
19c00c40,8,1,330,0,0
08721050,8,1,386,0,7
30168440,8,1,352,0,2
0c0b4480,8,1,384,0,5
11b80108,8,1,388,0,7
300c4016,8,1,389,0,7
02423007,8,1,317,0,0
06110a82,8,1,390,0,6
08506205,8,1,346,0,1
00022a8d,8,1,344,0,0
000c3688,8,1,384,0,4
1c210049,8,1,382,0,1
054d0210,8,1,391,0,7
218840a4,8,1,389,0,7
14051085,8,1,379,0,5
22a40482,8,1,360,0,6
128c8900,8,1,289,0,0
201a0416,8,1,383,0,7
2b140802,8,1,387,0,6
0078a082,8,1,381,0,6
082a1828,8,1,370,0,5
09081a81,8,1,384,0,7
1180c043,8,1,357,0,2
01584448,8,1,391,0,7
34221420,8,1,390,0,7
18402a88,8,1,350,0,0
2c060098,8,1,369,0,1
2104440b,8,1,362,0,3
02c1c300,8,1,366,0,6
009e2402,8,1,375,0,1
11440883,8,1,317,0,0
0030b124,8,1,381,0,6
0321120c,8,1,384,0,7
01b04124,8,1,388,0,7
002884c9,8,1,386,0,6
0505d080,8,1,389,0,7
0c130a01,8,1,386,0,5
12c80482,8,1,350,0,0
206e2004,8,1,388,0,7
2b02080a,8,1,354,0,4
30700448,8,1,369,0,2
091e0280,8,1,388,0,5
02289121,8,1,374,0,6
105c1084,8,1,390,0,5
3002e280,8,1,369,0,4
0940cc40,8,1,381,0,7
140d0205,8,1,389,0,5
20804487,8,1,374,0,3
10259240,8,1,326,0,4
01860c09,8,1,335,0,2
12048446,8,1,358,0,2
21300483,8,1,391,0,7
0c901c40,8,1,391,0,7
194a0084,8,1,343,0,0
30480289,8,1,389,0,5
06a90202,8,1,389,0,6
00e03092,8,1,382,0,6
28144428,8,1,350,0,3
100a6284,8,1,365,0,4
11419201,8,1,387,0,7
00da0809,8,1,386,0,1
1200208f,8,1,333,0,0
200e2282,8,1,387,0,6
000c7007,8,1,386,0,7
0314480c,8,1,381,0,6
20c03608,8,1,367,0,7
18188448,8,1,359,0,2
088248c8,8,1,339,0,0
1e220042,8,1,327,0,0
04c10690,8,1,350,0,4
25290088,8,1,391,0,7
0184c121,8,1,376,0,6
390084c0,8,1,350,0,3
11121083,8,1,386,0,5
20a81604,8,1,388,0,7
054c1014,8,1,390,0,7
22560801,8,1,372,0,0
0c158808,8,1,387,0,4
14031608,8,1,391,0,7
14248083,8,1,381,0,4
2120c448,8,1,389,0,7
20482096,8,1,391,0,7
0280b206,8,1,341,0,4
21b40108,8,1,353,0,7
01884c44,8,1,378,0,7
08430a81,8,1,341,0,1
23410209,8,1,385,0,7
30c48500,8,1,324,0,2
3150100a,8,1,391,0,7
04710841,8,1,380,0,5
080e001b,8,1,359,0,1
03109124,8,1,386,0,6
03648840,8,1,321,0,2
00662680,8,1,361,0,0
212c9100,8,1,389,0,7
10145403,8,1,373,0,3
28062405,8,1,317,0,1
2030a209,8,1,390,0,7
06854300,8,1,387,0,6
00b8d010,8,1,391,0,7
00509a81,8,1,371,0,4
0d010a81,8,1,388,0,7
29068808,8,1,339,0,1
18c0c140,8,1,323,0,0
0200c5d0,8,1,385,0,7
122e0808,8,1,352,0,0
32a0800a,8,1,331,0,6
08c42c01,8,1,274,0,0
04454488,8,1,387,0,6
18283044,8,1,354,0,5
03941808,8,1,378,0,6
06418124,8,1,380,0,4
118284c0,8,1,363,0,6
24111601,8,1,391,0,7
23081206,8,1,387,0,7
014a8809,8,1,386,0,3
19120a80,8,1,370,0,5
31504082,8,1,391,0,7
0d0e8004,8,1,365,0,5
00c4c444,8,1,389,0,7
16214202,8,1,391,0,7
20611608,8,1,390,0,7
210804a5,8,1,378,0,7
0110c125,8,1,389,0,7
2220d088,8,1,387,0,6
2c850600,8,1,389,0,7
0481a288,8,1,378,0,4
16410206,8,1,384,0,4
002c248c,8,1,365,0,0
12840486,8,1,357,0,0
28080a89,8,1,383,0,5
009041ac,8,1,346,0,4
0154c808,8,1,391,0,7
01b00548,8,1,368,0,7
11684404,8,1,384,0,7
18822601,8,1,314,0,0
03c04043,8,1,375,0,3
0a9c8040,8,1,374,0,2
0b044881,8,1,334,0,0
1082a209,8,1,372,0,0
1918100a,8,1,388,0,7
38428808,8,1,322,0,0
00aa3402,8,1,387,0,7
24908c40,8,1,391,0,7
0c650240,8,1,380,0,5
1a440803,8,1,308,0,0
228c4006,8,1,390,0,7
25035200,8,1,391,0,7
308a2280,8,1,386,0,5
002490c9,8,1,376,0,6
020ccc40,8,1,389,0,7
04530888,8,1,386,0,5
30960500,8,1,319,0,0
01301125,8,1,389,0,7
01901588,8,1,375,0,6
1c094208,8,1,390,0,7
2380c108,8,1,362,0,6
24490481,8,1,385,0,5
18324404,8,1,317,0,1
21344440,8,1,390,0,7
280a2007,8,1,361,0,1
3a800403,8,1,352,0,0
258c8002,8,1,390,0,7
0500101f,8,1,391,0,7
1006480d,8,1,356,0,1
2158008a,8,1,390,0,7
32260808,8,1,315,0,0
00d82282,8,1,379,0,4
0328c088,8,1,381,0,6
319a0001,8,1,391,0,7
04368808,8,1,385,0,4
0d0a0884,8,1,364,0,4
10007684,8,1,366,0,4
11681840,8,1,386,0,7
20820649,8,1,297,0,2
22360081,8,1,355,0,4
005c4481,8,1,387,0,3
08461888,8,1,356,0,1
1844c804,8,1,337,0,0
2028d440,8,1,391,0,7
2848280a,8,1,378,0,3
04438809,8,1,388,0,5
10e05050,8,1,389,0,7
111a4404,8,1,378,0,1
1aa28002,8,1,291,0,0
0d068084,8,1,359,0,4
1088048b,8,1,364,0,0
14438600,8,1,373,0,5
1603c001,8,1,383,0,6
2140448c,8,1,368,0,2
2b420880,8,1,378,0,6
0030912c,8,1,379,0,7
01a48441,8,1,368,0,7
03b40900,8,1,377,0,6
1380020b,8,1,377,0,0
204e200a,8,1,385,0,3
21185202,8,1,391,0,7
3100d440,8,1,390,0,7
03485084,8,1,388,0,6
0401328c,8,1,382,0,5
042c90c0,8,1,381,0,6
09a44044,8,1,363,0,3
24230608,8,1,391,0,7
0230c124,8,1,380,0,6
04110a91,8,1,386,0,5
0545c080,8,1,390,0,7
08b204c0,8,1,338,0,0
18da8000,8,1,351,0,0
20882603,8,1,388,0,7
20a09640,8,1,363,0,7
32868100,8,1,288,0,0
003c2403,8,1,383,0,3
080a4087,8,1,338,0,1
0c511c00,8,1,391,0,7
10845142,8,1,367,0,2
10c8c440,8,1,390,0,7
11720003,8,1,387,0,3
11c24240,8,1,384,0,7
22a89002,8,1,381,0,6
29040889,8,1,360,0,0
000a2e09,8,1,352,0,1
0044f204,8,1,386,0,7
01e44140,8,1,374,0,7
0520c441,8,1,391,0,7
0d0d1200,8,1,391,0,7
10ec8040,8,1,356,0,2
200a0a89,8,1,389,0,7
003c900c,8,1,384,0,7
01969400,8,1,389,0,7
0806c80c,8,1,311,0,0
0b2c0088,8,1,358,0,2
0c380c40,8,1,388,0,7
102ca208,8,1,383,0,1
10348680,8,1,359,0,4
112050c1,8,1,391,0,7
16010219,8,1,389,0,7
19328040,8,1,335,0,0
20388083,8,1,384,0,7
301414c0,8,1,378,0,3
36801006,8,1,385,0,6
00e45050,8,1,388,0,7
04991600,8,1,391,0,7
16a20003,8,1,371,0,0
1886010c,8,1,296,0,0
26884081,8,1,389,0,7
2888044c,8,1,340,0,3
00524609,8,1,378,0,3
00563600,8,1,387,0,7
01e08c40,8,1,368,0,7
020885d0,8,1,380,0,4
031a8088,8,1,385,0,6
04289085,8,1,380,0,6
14841007,8,1,380,0,2
1501c280,8,1,390,0,7
18868880,8,1,264,0,0
20981209,8,1,391,0,7
22045c04,8,1,380,0,7
000a620d,8,1,381,0,1
00207286,8,1,391,0,7
004e240c,8,1,344,0,0
0070ac01,8,1,350,0,0
012e0481,8,1,388,0,7
037400c0,8,1,378,0,6
10c1a280,8,1,343,0,0
12002287,8,1,304,0,0
16c1000a,8,1,387,0,4
18740480,8,1,331,0,0
230c1082,8,1,383,0,6
230c4006,8,1,391,0,7
2812180c,8,1,354,0,5
2902c440,8,1,375,0,7
0016b201,8,1,387,0,5
00427608,8,1,384,0,7
0092a109,8,1,354,0,0
00a0268a,8,1,364,0,4
00bca002,8,1,390,0,6
02188125,8,1,386,0,6
05c48880,8,1,387,0,6
0624c088,8,1,380,0,6
1004b282,8,1,361,0,0
11c89080,8,1,389,0,6
14250203,8,1,389,0,5
0a022096,8,1,328,0,0
20027016,8,1,342,0,2
03580811,8,1,389,0,7
008270c1,8,1,365,0,4
1a101c10,8,1,360,0,2
02630409,8,1,388,0,6
04213260,8,1,391,0,7
0e008550,8,1,367,0,5
14124828,8,1,384,0,4
34410218,8,1,388,0,5
0a085c04,8,1,386,0,7
20d04124,8,1,389,0,7
28142888,8,1,364,0,0
27204804,8,1,385,0,6
08423818,8,1,335,0,1
18246c00,8,1,293,0,0
02641484,8,1,355,0,6
00d43005,8,1,376,0,1
086a0888,8,1,348,0,0
14a0208a,8,1,384,0,4
28820c81,8,1,315,0,0
10a41016,8,1,327,0,2
18146030,8,1,311,0,0
082022c9,8,1,282,0,0
0262a202,8,1,309,0,0
09288c08,8,1,376,0,3
3880b200,8,1,307,0,0
0d600c40,8,1,377,0,7
118c0540,8,1,323,0,0
01e11240,8,1,386,0,7
21049488,8,1,377,0,6
00026097,8,1,305,0,0
2051d200,8,1,377,0,7
2c224404,8,1,376,0,5
340820a4,8,1,383,0,4
02609124,8,1,383,0,6
08063205,8,1,329,0,1
2014248a,8,1,380,0,2
00483283,8,1,378,0,4
02501483,8,1,366,0,6
0a38400a,8,1,388,0,7
11640c40,8,1,352,0,3
002016c9,8,1,390,0,7
010d1209,8,1,381,0,7
01188550,8,1,373,0,7
0d038201,8,1,391,0,7
1104c086,8,1,359,0,0
35010288,8,1,391,0,7
003884c8,8,0,381,0,6
00c4c124,8,0,355,0,2
02a05206,8,0,391,0,7
10e05240,8,0,389,0,7
0004409f,8,0,260,0,0
00c0c125,8,0,345,0,2
084a0a81,8,0,355,0,1
0016580c,8,0,337,0,0
0002409f,8,0,285,0,0
10459084,8,0,259,0,0
2009120b,8,0,364,0,7
20494209,8,0,382,0,7
3008408b,8,0,390,0,7
0084c4c4,8,0,386,0,6
0200c325,8,0,337,0,2
12650202,8,0,312,0,0
000c9681,8,0,310,0,0
000e8609,8,0,357,0,2
00225249,8,0,390,0,7
00581289,8,0,387,0,5
00788881,8,0,374,0,4
0090c1a4,8,0,360,0,6
0180d124,8,0,373,0,6
02201685,8,0,368,0,6
0240812d,8,0,357,0,2
0250812c,8,0,371,0,2
0480c125,8,0,388,0,7
06009125,8,0,387,0,6
08440c89,8,0,285,0,0
08a05242,8,0,389,0,7
1002c289,8,0,375,0,0
1014c08a,8,0,354,0,2
102c10c8,8,0,388,0,7
103810c8,8,0,374,0,6
1044d084,8,0,384,0,3
10c484c0,8,0,387,0,6
10e0d040,8,0,385,0,6
10e41041,8,0,383,0,7
1224808a,8,0,370,0,6
18084289,8,0,362,0,1
2018140e,8,0,391,0,7
202810c9,8,0,388,0,7
20884486,8,0,391,0,7
20a81640,8,0,389,0,7
22cc4080,8,0,388,0,6
280c4089,8,0,386,0,1
302c0083,8,0,390,0,7
32884202,8,0,389,0,7
00524a81,8,0,340,0,0
0128d00c,8,0,385,0,7
04410e81,8,0,354,0,5
014c9084,8,0,372,0,6
02203226,8,0,367,0,6
081e1084,8,0,350,0,5
08a89440,8,0,390,0,7
180a8281,8,0,349,0,0
18261042,8,0,352,0,1
18a0d040,8,0,388,0,7
1a82a200,8,0,334,0,0
202a9440,8,0,390,0,7
280a0a88,8,0,386,0,5
18468880,8,0,346,0,0
080e8281,8,0,370,0,1
22081017,8,0,343,0,6
08422a82,8,0,388,0,5
004cac40,8,0,300,0,0
19c04044,8,0,381,0,3
00c08ec0,8,0,82,0,0
10443016,8,0,366,0,3
01609124,8,0,390,0,7
10413209,8,0,383,0,5
01611640,8,0,391,0,7
00606449,8,0,327,0,2
0128d084,8,0,386,0,7
08806449,8,0,367,0,3
2040c641,8,0,253,0,2
00508325,8,0,259,0,0
002a8641,8,0,200,0,0
00619324,9,0,388,0,6
201813a4,9,0,385,0,7
21888126,9,0,377,0,7
0010e125,8,0,335,0,0
002ac4c0,8,0,315,0,6
3882a082,9,0,389,0,7
0041c325,9,0,358,0,4
08c28e40,9,0,375,0,7
02008327,8,0,245,0,2
0006e281,8,0,384,0,4
100c1485,8,0,342,0,1
210c1096,9,0,391,0,7
0a0a4216,9,0,384,0,4
08432a80,8,0,391,0,7
04818325,9,0,388,0,7
0802023f,9,0,387,0,3
284a0892,9,0,384,0,7
1822a4c0,9,0,390,0,7
18444816,9,0,360,0,3
0c038a88,9,0,391,0,7
08a206c1,9,0,391,0,7
0c422096,9,0,391,0,7
0080aec1,9,0,391,0,7
0c430a81,9,0,391,0,7
04612216,9,0,391,0,7
088262c4,9,0,391,0,7
10848127,9,0,350,0,2
004c3216,9,0,391,0,7
18068a88,9,0,391,0,7
00c045d4,9,0,377,0,7
08412a89,9,0,391,0,7
1004c097,9,0,358,0,2
2280a126,9,0,384,0,6
0062812d,9,0,338,0,2
288216c0,9,0,391,0,7
29070a80,9,0,390,0,7
0008f448,8,0,377,0,7
14850680,8,0,391,0,7
3ae00840,9,0,373,0,2
00543007,8,0,383,0,3
0110aa88,8,0,384,0,4
01028c49,8,0,358,0,6
00614a81,8,0,216,0,0
08868c48,9,0,386,0,7
10c48125,9,0,384,0,3
0842280d,8,0,363,0,1
30644081,8,0,362,0,1
1224003e,9,0,350,0,2
00c44056,8,0,234,0,0
0050c125,8,0,366,0,2
1806001f,9,0,391,0,7
10448c49,9,0,391,0,7
00108576,9,0,346,0,4
32850206,9,0,387,0,6
28438809,9,0,391,0,7
18450a81,9,0,378,0,1
00c18750,9,0,282,0,4
0802ac49,9,0,391,0,7
1204003f,9,0,391,0,7
08c31c08,9,0,385,0,5
10452216,9,0,388,0,1
28224096,9,0,369,0,7
00c49550,9,0,363,0,7
088b0648,9,0,390,0,7
02008751,8,0,315,0,4
08120e88,8,0,354,0,5
20681096,9,0,389,0,7
02408327,9,0,371,0,2
001c8449,8,0,384,0,2
00c44096,8,0,265,0,0
00418a89,8,0,321,0,4
01021a89,8,0,390,0,7
01029289,8,0,390,0,7
0120007f,9,0,349,0,3
001c4096,8,0,283,0,0
0018c456,9,0,355,0,6
001c4017,8,0,321,0,0
3045c440,9,0,389,0,7
02c32282,9,0,390,0,6
185f0200,9,0,387,0,5
28070a88,9,0,383,0,5
02710e02,9,0,371,0,4
0010c574,9,0,354,0,4
