CORE;E=(1, 2, 5, 9, 11, 12, 14);K=21;rank=4;a=39;P=(23, 16, 26, 39);h=27019/126126;r=32;R3=174912313/1243602360;theta=7038079/95661720;level=7038079/191323440;eps=35883503/5803477680;N=1045;H=16;pairs=120;paid=120;pruned=0;edges=88;ties=0;deg=9;F3=453;N3=733;tri_checks=402;K4=310;closed=True;order=(51, 58, 20, 25, 80, 37, 17, 19, 50, 29, 32, 34, 38, 40, 46, 81);forward_degrees=(6, 7, 8, 9, 8, 8, 8, 7, 6, 6, 5, 4, 3, 2, 1, 0);Hlabels=(17, 19, 20, 25, 29, 32, 34, 37, 38, 40, 46, 50, 51, 58, 80, 81);weighted_edges=((17, 19, '224669/2469012'), (17, 20, '545393/7147140'), (17, 25, '4163/54978'), (17, 29, '69863/812812'), (17, 32, '167751/1905904'), (17, 37, '12201323/158666508'), (17, 38, '1674590/20369349'), (17, 40, '1820629/21441420'), (17, 46, '7618003/98630532'), (17, 50, '265049/3153150'), (17, 80, '125371/1649340'), (17, 81, '244646/3216213'), (19, 20, '45193/532532'), (19, 29, '1362763/15443428'), (19, 32, '160131/2130128'), (19, 34, '305549/3703518'), (19, 37, '15117631/177333156'), (19, 40, '15601/167580'), (19, 46, '780769/10021284'), (19, 50, '470528/5990985'), (19, 58, '1232325/15443428'), (19, 80, '8438/108927'), (19, 81, '3345655/43135092'), (20, 25, '83977/1051050'), (20, 29, '340453/4064060'), (20, 32, '27541/336336'), (20, 34, '345875/4288284'), (20, 38, '101455/1198197'), (20, 50, '117457/1576575'), (20, 58, '94921/1219218'), (25, 29, '1172734/15240225'), (25, 32, '30577/400400'), (25, 34, '8579969/107207100'), (25, 37, '342229/4487175'), (25, 38, '4465397/59909850'), (25, 40, '1117979/12612600'), (25, 46, '5421613/72522450'), (25, 51, '2656663/35735700'), (25, 80, '192457/2522520'), (29, 32, '1438363/19507488'), (29, 34, '10736569/124360236'), (29, 38, '3001010/34747713'), (29, 40, '1662629/18288270'), (29, 46, '989869/12942468'), (29, 50, '553801/7033950'), (29, 51, '3209035/41453412'), (29, 80, '1143475/14630616'), (29, 81, '833545/10972962'), (32, 34, '1488563/17153136'), (32, 37, '6097841/74666592'), (32, 38, '2855849/38342304'), (32, 40, '389303/5045040'), (32, 46, '1925177/23207184'), (32, 50, '302209/3603600'), (32, 81, '681137/9081072'), (34, 37, '6075703/79333254'), (34, 38, '591365/7407036'), (34, 40, '451036/5360355'), (34, 46, '743255/8966412'), (34, 50, '9185497/107207100'), (34, 58, '9570019/124360236'), (34, 80, '328073/4288284'), (34, 81, '64937/877149'), (37, 38, '409859/4792788'), (37, 40, '7359997/93333240'), (37, 46, '1328843/16512804'), (37, 50, '9322147/116666550'), (37, 51, '5939833/79333254'), (37, 80, '1064411/14358960'), (38, 40, '4477169/47927880'), (38, 46, '163069/2119887'), (38, 50, '1022347/11981970'), (38, 58, '96346/1198197'), (38, 80, '7326019/95855760'), (38, 81, '3522587/43135092'), (40, 46, '2314051/29008980'), (40, 50, '1049911/12612600'), (40, 51, '33427/412335'), (40, 58, '1567919/18288270'), (40, 81, '1820213/22702680'), (46, 50, '430457/5578650'), (46, 51, '7674283/98630532'), (46, 58, '12573541/168252084'), (46, 81, '642787/8702694'), (50, 51, '8521463/107207100'), (50, 80, '966289/12612600'), (58, 80, '10920313/146306160'), (80, 81, '867179/11351340'));tie_edges=()
LEAF;E=(1, 2, 5, 9, 11, 12, 14);rank=4;a=39;P=(23, 16, 26, 39);K4=(25, 37, 40, 51);m=588339223/7933325400;r=34;lambda=8/1001;tail=18;scan=2;controls=2;cover=()
LEAF;E=(1, 2, 5, 9, 11, 12, 14);rank=4;a=39;P=(23, 16, 26, 39);K4=(25, 37, 46, 51);m=6827329237/91233242100;r=38;lambda=29/5796;tail=29;scan=10;controls=2;cover=()
LEAF;E=(1, 2, 5, 9, 11, 12, 14);rank=4;a=39;P=(23, 16, 26, 39);K4=(25, 29, 40, 51);m=31825811/478308600;r=42;lambda=8/1001;tail=18;scan=2;controls=2;cover=()
LEAF;E=(1, 2, 5, 9, 11, 12, 14);rank=4;a=39;P=(23, 16, 26, 39);K4=(25, 29, 46, 51);m=166640603/2103151050;r=40;lambda=239/32844;tail=20;scan=4;controls=2;cover=()
LEAF;E=(1, 2, 5, 9, 11, 12, 14);rank=4;a=39;P=(23, 16, 26, 39);K4=(25, 40, 46, 51);m=1175029/16493400;r=38;lambda=131/21840;tail=24;scan=7;controls=2;cover=()
LEAF;E=(1, 2, 5, 9, 11, 12, 14);rank=4;a=39;P=(23, 16, 26, 39);K4=(37, 40, 50, 51);m=3992979/51851800;r=40;lambda=19/2800;tail=22;scan=6;controls=2;cover=()
LEAF;E=(1, 2, 5, 9, 11, 12, 14);rank=4;a=39;P=(23, 16, 26, 39);K4=(37, 46, 50, 51);m=739290017/10137026900;r=40;lambda=9/1820;tail=29;scan=11;controls=2;cover=()
LEAF;E=(1, 2, 5, 9, 11, 12, 14);rank=4;a=39;P=(23, 16, 26, 39);K4=(37, 40, 46, 51);m=16442057/214666452;r=38;lambda=32/4403;tail=20;scan=4;controls=2;cover=()
LEAF;E=(1, 2, 5, 9, 11, 12, 14);rank=4;a=39;P=(23, 16, 26, 39);K4=(29, 40, 50, 51);m=2313461/31887240;r=46;lambda=43/7917;tail=27;scan=9;controls=2;cover=()
LEAF;E=(1, 2, 5, 9, 11, 12, 14);rank=4;a=39;P=(23, 16, 26, 39);K4=(29, 46, 50, 51);m=314563621/3972618650;r=42;lambda=9/1820;tail=29;scan=11;controls=2;cover=()
LEAF;E=(1, 2, 5, 9, 11, 12, 14);rank=4;a=39;P=(23, 16, 26, 39);K4=(40, 46, 50, 51);m=1938073/25289880;r=42;lambda=39/8050;tail=30;scan=12;controls=2;cover=()
LEAF;E=(1, 2, 5, 9, 11, 12, 14);rank=4;a=39;P=(23, 16, 26, 39);K4=(29, 40, 46, 51);m=2060674877/28602854280;r=40;lambda=11/1360;tail=18;scan=2;controls=2;cover=()
LEAF;E=(1, 2, 5, 9, 11, 12, 14);rank=4;a=39;P=(23, 16, 26, 39);K4=(19, 20, 34, 58);m=78946499/1181422242;r=34;lambda=211/31668;tail=22;scan=4;controls=2;cover=()
LEAF;E=(1, 2, 5, 9, 11, 12, 14);rank=4;a=39;P=(23, 16, 26, 39);K4=(20, 34, 38, 58);m=54095719/787614828;r=38;lambda=30/3857;tail=19;scan=3;controls=2;cover=()
LEAF;E=(1, 2, 5, 9, 11, 12, 14);rank=4;a=39;P=(23, 16, 26, 39);K4=(19, 34, 58, 80);m=1838461567/23628444840;r=42;lambda=41/6240;tail=22;scan=5;controls=2;cover=()
LEAF;E=(1, 2, 5, 9, 11, 12, 14);rank=4;a=39;P=(23, 16, 26, 39);K4=(34, 38, 58, 80);m=621719977/7876148280;r=48;lambda=31/6240;tail=29;scan=11;controls=2;cover=()
LEAF;E=(1, 2, 5, 9, 11, 12, 14);rank=4;a=39;P=(23, 16, 26, 39);K4=(19, 34, 40, 58);m=76447961/1181422242;r=38;lambda=211/31668;tail=22;scan=5;controls=2;cover=()
LEAF;E=(1, 2, 5, 9, 11, 12, 14);rank=4;a=39;P=(23, 16, 26, 39);K4=(19, 34, 46, 58);m=4124640083/54345423132;r=34;lambda=18/2737;tail=22;scan=5;controls=2;cover=()
LEAF;E=(1, 2, 5, 9, 11, 12, 14);rank=4;a=39;P=(23, 16, 26, 39);K4=(19, 40, 46, 58);m=2125134709/31967895960;r=40;lambda=125/25116;tail=29;scan=10;controls=2;cover=()
LEAF;E=(1, 2, 5, 9, 11, 12, 14);rank=4;a=39;P=(23, 16, 26, 39);K4=(34, 38, 40, 58);m=40021679/605857560;r=42;lambda=89/21840;tail=36;scan=17;controls=2;cover=()
LEAF;E=(1, 2, 5, 9, 11, 12, 14);rank=4;a=39;P=(23, 16, 26, 39);K4=(34, 38, 46, 58);m=719716091/9057570522;r=34;lambda=65/9338;tail=21;scan=5;controls=2;cover=()
LEAF;E=(1, 2, 5, 9, 11, 12, 14);rank=4;a=39;P=(23, 16, 26, 39);K4=(34, 40, 46, 58);m=2052223097/28602854280;r=38;lambda=2/203;tail=15;scan=0;controls=0;cover=()
LEAF;E=(1, 2, 5, 9, 11, 12, 14);rank=4;a=39;P=(23, 16, 26, 39);K4=(38, 40, 46, 58);m=29773489/443998555;r=44;lambda=59/10640;tail=26;scan=9;controls=2;cover=()
LEAF;E=(1, 2, 5, 9, 11, 12, 14);rank=4;a=39;P=(23, 16, 26, 39);K4=(17, 20, 25, 29);m=2835083/36576540;r=28;lambda=8/1001;tail=18;scan=1;controls=1;cover=()
LEAF;E=(1, 2, 5, 9, 11, 12, 14);rank=4;a=39;P=(23, 16, 26, 39);K4=(17, 20, 25, 32);m=1812557/25225200;r=28;lambda=8/1001;tail=18;scan=1;controls=1;cover=()
LEAF;E=(1, 2, 5, 9, 11, 12, 14);rank=4;a=39;P=(23, 16, 26, 39);K4=(17, 20, 25, 38);m=9480241/119819700;r=28;lambda=37/2964;tail=12;scan=0;controls=0;cover=()
LEAF;E=(1, 2, 5, 9, 11, 12, 14);rank=4;a=39;P=(23, 16, 26, 39);K4=(20, 25, 29, 32);m=9982237/133005600;r=30;lambda=8/1001;tail=18;scan=2;controls=2;cover=()
LEAF;E=(1, 2, 5, 9, 11, 12, 14);rank=4;a=39;P=(23, 16, 26, 39);K4=(20, 25, 29, 34);m=52199746/777251475;r=30;lambda=15/2233;tail=22;scan=5;controls=2;cover=()
LEAF;E=(1, 2, 5, 9, 11, 12, 14);rank=4;a=39;P=(23, 16, 26, 39);K4=(20, 25, 29, 38);m=232941719/3474771300;r=34;lambda=101/15428;tail=22;scan=5;controls=2;cover=()
LEAF;E=(1, 2, 5, 9, 11, 12, 14);rank=4;a=39;P=(23, 16, 26, 39);K4=(20, 25, 32, 34);m=26571173/428828400;r=34;lambda=59/7644;tail=19;scan=3;controls=2;cover=()
LEAF;E=(1, 2, 5, 9, 11, 12, 14);rank=4;a=39;P=(23, 16, 26, 39);K4=(20, 25, 32, 38);m=34264297/479278800;r=32;lambda=97/17472;tail=26;scan=7;controls=2;cover=()
LEAF;E=(1, 2, 5, 9, 11, 12, 14);rank=4;a=39;P=(23, 16, 26, 39);K4=(20, 25, 34, 38);m=4507127/61725300;r=32;lambda=45/4522;tail=15;scan=0;controls=0;cover=()
LEAF;E=(1, 2, 5, 9, 11, 12, 14);rank=4;a=39;P=(23, 16, 26, 39);K4=(17, 19, 20, 50);m=14077249/185175900;r=24;lambda=59/7644;tail=19;scan=2;controls=2;cover=()
LEAF;E=(1, 2, 5, 9, 11, 12, 14);rank=4;a=39;P=(23, 16, 26, 39);K4=(17, 19, 20, 29);m=67423273/1181422242;r=24;lambda=1/171;tail=25;scan=5;controls=2;cover=()
LEAF;E=(1, 2, 5, 9, 11, 12, 14);rank=4;a=39;P=(23, 16, 26, 39);K4=(17, 19, 20, 32);m=9294151/148140720;r=26;lambda=59/7644;tail=19;scan=2;controls=2;cover=()
LEAF;E=(1, 2, 5, 9, 11, 12, 14);rank=4;a=39;P=(23, 16, 26, 39);K4=(17, 20, 29, 50);m=255148207/3109005900;r=30;lambda=15/2233;tail=22;scan=4;controls=2;cover=()
LEAF;E=(1, 2, 5, 9, 11, 12, 14);rank=4;a=39;P=(23, 16, 26, 39);K4=(17, 20, 32, 50);m=30316973/428828400;r=36;lambda=59/7644;tail=19;scan=2;controls=2;cover=()
LEAF;E=(1, 2, 5, 9, 11, 12, 14);rank=4;a=39;P=(23, 16, 26, 39);K4=(17, 20, 38, 50);m=157920857/2036934900;r=32;lambda=11/1330;tail=18;scan=1;controls=1;cover=()
LEAF;E=(1, 2, 5, 9, 11, 12, 14);rank=4;a=39;P=(23, 16, 26, 39);K4=(17, 20, 29, 32);m=71211607/994881888;r=26;lambda=43/4032;tail=14;scan=0;controls=0;cover=()
LEAF;E=(1, 2, 5, 9, 11, 12, 14);rank=4;a=39;P=(23, 16, 26, 39);K4=(17, 20, 29, 38);m=159584317/2362844484;r=32;lambda=37/4788;tail=19;scan=2;controls=2;cover=()
LEAF;E=(1, 2, 5, 9, 11, 12, 14);rank=4;a=39;P=(23, 16, 26, 39);K4=(17, 20, 32, 38);m=234729707/3259095840;r=30;lambda=37/4788;tail=19;scan=2;controls=2;cover=()
LEAF;E=(1, 2, 5, 9, 11, 12, 14);rank=4;a=39;P=(23, 16, 26, 39);K4=(19, 20, 29, 50);m=257975567/3474771300;r=28;lambda=163/27300;tail=24;scan=5;controls=2;cover=()
LEAF;E=(1, 2, 5, 9, 11, 12, 14);rank=4;a=39;P=(23, 16, 26, 39);K4=(19, 20, 32, 50);m=36830329/479278800;r=34;lambda=59/7644;tail=19;scan=3;controls=2;cover=()
LEAF;E=(1, 2, 5, 9, 11, 12, 14);rank=4;a=39;P=(23, 16, 26, 39);K4=(19, 20, 34, 50);m=313049/4115020;r=30;lambda=59/7644;tail=19;scan=3;controls=2;cover=()
LEAF;E=(1, 2, 5, 9, 11, 12, 14);rank=4;a=39;P=(23, 16, 26, 39);K4=(19, 20, 29, 32);m=380063581/5559634080;r=28;lambda=50/7917;tail=23;scan=5;controls=2;cover=()
LEAF;E=(1, 2, 5, 9, 11, 12, 14);rank=4;a=39;P=(23, 16, 26, 39);K4=(19, 20, 29, 34);m=689508749/11814222420;r=30;lambda=41/6188;tail=22;scan=4;controls=2;cover=()
LEAF;E=(1, 2, 5, 9, 11, 12, 14);rank=4;a=39;P=(23, 16, 26, 39);K4=(19, 20, 32, 34);m=1945075/29628144;r=34;lambda=59/7644;tail=19;scan=3;controls=2;cover=()
LEAF;E=(1, 2, 5, 9, 11, 12, 14);rank=4;a=39;P=(23, 16, 26, 39);K4=(20, 29, 32, 50);m=2140009/26601120;r=36;lambda=163/27300;tail=24;scan=6;controls=2;cover=()
LEAF;E=(1, 2, 5, 9, 11, 12, 14);rank=4;a=39;P=(23, 16, 26, 39);K4=(20, 29, 34, 50);m=1244501/17272255;r=34;lambda=15/2233;tail=22;scan=5;controls=2;cover=()
LEAF;E=(1, 2, 5, 9, 11, 12, 14);rank=4;a=39;P=(23, 16, 26, 39);K4=(20, 29, 38, 50);m=240257027/3474771300;r=36;lambda=101/15428;tail=22;scan=5;controls=2;cover=()
LEAF;E=(1, 2, 5, 9, 11, 12, 14);rank=4;a=39;P=(23, 16, 26, 39);K4=(20, 32, 34, 50);m=533879/8408400;r=42;lambda=59/7644;tail=19;scan=3;controls=2;cover=()
LEAF;E=(1, 2, 5, 9, 11, 12, 14);rank=4;a=39;P=(23, 16, 26, 39);K4=(20, 32, 38, 50);m=67636703/958557600;r=38;lambda=27/5320;tail=29;scan=10;controls=2;cover=()
LEAF;E=(1, 2, 5, 9, 11, 12, 14);rank=4;a=39;P=(23, 16, 26, 39);K4=(20, 34, 38, 50);m=885919/12345060;r=34;lambda=11/1330;tail=18;scan=2;controls=2;cover=()
LEAF;E=(1, 2, 5, 9, 11, 12, 14);rank=4;a=39;P=(23, 16, 26, 39);K4=(20, 29, 32, 34);m=326388523/4974409440;r=32;lambda=3/448;tail=22;scan=5;controls=2;cover=()
LEAF;E=(1, 2, 5, 9, 11, 12, 14);rank=4;a=39;P=(23, 16, 26, 39);K4=(20, 29, 32, 38);m=191953693/2779817040;r=34;lambda=37/4788;tail=19;scan=3;controls=2;cover=()
LEAF;E=(1, 2, 5, 9, 11, 12, 14);rank=4;a=39;P=(23, 16, 26, 39);K4=(20, 29, 34, 38);m=123482129/1969037070;r=36;lambda=41/6188;tail=22;scan=5;controls=2;cover=()
LEAF;E=(1, 2, 5, 9, 11, 12, 14);rank=4;a=39;P=(23, 16, 26, 39);K4=(20, 32, 34, 38);m=104555/1519392;r=36;lambda=17/3192;tail=27;scan=8;controls=2;cover=()
LEAF;E=(1, 2, 5, 9, 11, 12, 14);rank=4;a=39;P=(23, 16, 26, 39);K4=(17, 25, 37, 80);m=1382492873/15866650800;r=36;lambda=8/1071;tail=20;scan=3;controls=2;cover=()
LEAF;E=(1, 2, 5, 9, 11, 12, 14);rank=4;a=39;P=(23, 16, 26, 39);K4=(25, 34, 37, 80);m=1293160343/15866650800;r=36;lambda=79/10080;tail=19;scan=3;controls=2;cover=()
LEAF;E=(1, 2, 5, 9, 11, 12, 14);rank=4;a=39;P=(23, 16, 26, 39);K4=(25, 37, 38, 80);m=462188693/5911105200;r=40;lambda=109/21280;tail=28;scan=9;controls=2;cover=()
LEAF;E=(1, 2, 5, 9, 11, 12, 14);rank=4;a=39;P=(23, 16, 26, 39);K4=(17, 25, 29, 80);m=7727617/95661720;r=44;lambda=43/7917;tail=27;scan=7;controls=2;cover=()
LEAF;E=(1, 2, 5, 9, 11, 12, 14);rank=4;a=39;P=(23, 16, 26, 39);K4=(17, 25, 38, 80);m=37565041/452652200;r=42;lambda=43/6240;tail=21;scan=4;controls=2;cover=()
LEAF;E=(1, 2, 5, 9, 11, 12, 14);rank=4;a=39;P=(23, 16, 26, 39);K4=(25, 29, 34, 80);m=477574283/6218011800;r=40;lambda=43/7917;tail=27;scan=8;controls=2;cover=()
LEAF;E=(1, 2, 5, 9, 11, 12, 14);rank=4;a=39;P=(23, 16, 26, 39);K4=(25, 29, 38, 80);m=61616337/772171400;r=46;lambda=33/4256;tail=19;scan=3;controls=2;cover=()
LEAF;E=(1, 2, 5, 9, 11, 12, 14);rank=4;a=39;P=(23, 16, 26, 39);K4=(25, 34, 38, 80);m=110214509/1357956600;r=42;lambda=109/21280;tail=28;scan=9;controls=2;cover=()
LEAF;E=(1, 2, 5, 9, 11, 12, 14);rank=4;a=39;P=(23, 16, 26, 39);K4=(17, 25, 32, 37);m=2469305647/31733301600;r=28;lambda=8/1001;tail=18;scan=1;controls=1;cover=()
LEAF;E=(1, 2, 5, 9, 11, 12, 14);rank=4;a=39;P=(23, 16, 26, 39);K4=(17, 25, 37, 38);m=81183059/966238350;r=28;lambda=67/10101;tail=22;scan=5;controls=2;cover=()
LEAF;E=(1, 2, 5, 9, 11, 12, 14);rank=4;a=39;P=(23, 16, 26, 39);K4=(17, 25, 37, 40);m=730091/8974350;r=30;lambda=8/1001;tail=18;scan=1;controls=1;cover=()
LEAF;E=(1, 2, 5, 9, 11, 12, 14);rank=4;a=39;P=(23, 16, 26, 39);K4=(17, 25, 37, 46);m=467192003/5366661300;r=30;lambda=4/525;tail=19;scan=2;controls=2;cover=()
LEAF;E=(1, 2, 5, 9, 11, 12, 14);rank=4;a=39;P=(23, 16, 26, 39);K4=(25, 32, 34, 37);m=2273883847/31733301600;r=32;lambda=67/10101;tail=22;scan=6;controls=2;cover=()
LEAF;E=(1, 2, 5, 9, 11, 12, 14);rank=4;a=39;P=(23, 16, 26, 39);K4=(25, 32, 37, 38);m=36505979/472888416;r=30;lambda=67/10101;tail=22;scan=6;controls=2;cover=()
LEAF;E=(1, 2, 5, 9, 11, 12, 14);rank=4;a=39;P=(23, 16, 26, 39);K4=(25, 32, 37, 40);m=146223419/1866664800;r=36;lambda=8/1001;tail=18;scan=2;controls=2;cover=()
LEAF;E=(1, 2, 5, 9, 11, 12, 14);rank=4;a=39;P=(23, 16, 26, 39);K4=(25, 32, 37, 46);m=3011472697/42933290400;r=36;lambda=33/7252;tail=32;scan=13;controls=2;cover=()
LEAF;E=(1, 2, 5, 9, 11, 12, 14);rank=4;a=39;P=(23, 16, 26, 39);K4=(25, 34, 37, 38);m=2051288609/25122197100;r=30;lambda=67/10101;tail=22;scan=6;controls=2;cover=()
LEAF;E=(1, 2, 5, 9, 11, 12, 14);rank=4;a=39;P=(23, 16, 26, 39);K4=(25, 34, 37, 40);m=72800108/991665675;r=32;lambda=4/525;tail=19;scan=3;controls=2;cover=()
LEAF;E=(1, 2, 5, 9, 11, 12, 14);rank=4;a=39;P=(23, 16, 26, 39);K4=(25, 34, 37, 46);m=6944315701/91233242100;r=34;lambda=4/525;tail=19;scan=3;controls=2;cover=()
LEAF;E=(1, 2, 5, 9, 11, 12, 14);rank=4;a=39;P=(23, 16, 26, 39);K4=(25, 37, 38, 40);m=65335983/985184200;r=36;lambda=1/228;tail=33;scan=14;controls=2;cover=()
LEAF;E=(1, 2, 5, 9, 11, 12, 14);rank=4;a=39;P=(23, 16, 26, 39);K4=(25, 37, 38, 46);m=101241571/1307263650;r=34;lambda=127/23828;tail=27;scan=8;controls=2;cover=()
LEAF;E=(1, 2, 5, 9, 11, 12, 14);rank=4;a=39;P=(23, 16, 26, 39);K4=(25, 37, 40, 46);m=17961397/233333100;r=34;lambda=4/525;tail=19;scan=3;controls=2;cover=()
LEAF;E=(1, 2, 5, 9, 11, 12, 14);rank=4;a=39;P=(23, 16, 26, 39);K4=(17, 25, 29, 32);m=156922939/1913234400;r=30;lambda=8/1001;tail=18;scan=1;controls=1;cover=()
LEAF;E=(1, 2, 5, 9, 11, 12, 14);rank=4;a=39;P=(23, 16, 26, 39);K4=(17, 25, 29, 38);m=4692696403/59071112100;r=34;lambda=5/663;tail=19;scan=2;controls=2;cover=()
LEAF;E=(1, 2, 5, 9, 11, 12, 14);rank=4;a=39;P=(23, 16, 26, 39);K4=(17, 25, 29, 40);m=245737/3657654;r=38;lambda=8/1001;tail=18;scan=1;controls=1;cover=()
LEAF;E=(1, 2, 5, 9, 11, 12, 14);rank=4;a=39;P=(23, 16, 26, 39);K4=(17, 25, 29, 46);m=566821889/7150713570;r=32;lambda=107/18676;tail=25;scan=7;controls=2;cover=()
LEAF;E=(1, 2, 5, 9, 11, 12, 14);rank=4;a=39;P=(23, 16, 26, 39);K4=(17, 25, 32, 38);m=660809249/8147739600;r=30;lambda=5/663;tail=19;scan=2;controls=2;cover=()
LEAF;E=(1, 2, 5, 9, 11, 12, 14);rank=4;a=39;P=(23, 16, 26, 39);K4=(17, 25, 32, 40);m=1935127/25225200;r=34;lambda=8/1001;tail=18;scan=1;controls=1;cover=()
LEAF;E=(1, 2, 5, 9, 11, 12, 14);rank=4;a=39;P=(23, 16, 26, 39);K4=(17, 25, 32, 46);m=55613479/758696400;r=32;lambda=13/2254;tail=25;scan=7;controls=2;cover=()
LEAF;E=(1, 2, 5, 9, 11, 12, 14);rank=4;a=39;P=(23, 16, 26, 39);K4=(17, 25, 38, 40);m=2816497/39939900;r=36;lambda=131/21840;tail=24;scan=6;controls=2;cover=()
LEAF;E=(1, 2, 5, 9, 11, 12, 14);rank=4;a=39;P=(23, 16, 26, 39);K4=(17, 25, 38, 46);m=1360185157/15616500900;r=30;lambda=293/25116;tail=13;scan=0;controls=0;cover=()
LEAF;E=(1, 2, 5, 9, 11, 12, 14);rank=4;a=39;P=(23, 16, 26, 39);K4=(17, 25, 40, 46);m=96683/1261260;r=32;lambda=4/525;tail=19;scan=2;controls=2;cover=()
LEAF;E=(1, 2, 5, 9, 11, 12, 14);rank=4;a=39;P=(23, 16, 26, 39);K4=(25, 29, 32, 34);m=1921375199/24872047200;r=30;lambda=179/18564;tail=15;scan=0;controls=0;cover=()
LEAF;E=(1, 2, 5, 9, 11, 12, 14);rank=4;a=39;P=(23, 16, 26, 39);K4=(25, 29, 32, 38);m=2433024481/27798170400;r=32;lambda=43/2964;tail=10;scan=0;controls=0;cover=()
LEAF;E=(1, 2, 5, 9, 11, 12, 14);rank=4;a=39;P=(23, 16, 26, 39);K4=(25, 29, 32, 40);m=9157879/112543200;r=38;lambda=8/1001;tail=18;scan=2;controls=2;cover=()
LEAF;E=(1, 2, 5, 9, 11, 12, 14);rank=4;a=39;P=(23, 16, 26, 39);K4=(25, 29, 32, 46);m=2860887401/33650416800;r=32;lambda=27/2254;tail=12;scan=0;controls=0;cover=()
LEAF;E=(1, 2, 5, 9, 11, 12, 14);rank=4;a=39;P=(23, 16, 26, 39);K4=(25, 29, 34, 38);m=1544968253/19690370700;r=32;lambda=179/18564;tail=15;scan=0;controls=0;cover=()
LEAF;E=(1, 2, 5, 9, 11, 12, 14);rank=4;a=39;P=(23, 16, 26, 39);K4=(25, 29, 34, 40);m=399563603/6218011800;r=38;lambda=43/7917;tail=27;scan=8;controls=2;cover=()
LEAF;E=(1, 2, 5, 9, 11, 12, 14);rank=4;a=39;P=(23, 16, 26, 39);K4=(25, 29, 34, 46);m=2679554821/35753567850;r=34;lambda=18/2737;tail=22;scan=6;controls=2;cover=()
LEAF;E=(1, 2, 5, 9, 11, 12, 14);rank=4;a=39;P=(23, 16, 26, 39);K4=(25, 29, 38, 40);m=17344127/289564275;r=44;lambda=73/10640;tail=21;scan=5;controls=2;cover=()
LEAF;E=(1, 2, 5, 9, 11, 12, 14);rank=4;a=39;P=(23, 16, 26, 39);K4=(25, 29, 38, 46);m=171185263/2049224100;r=34;lambda=5/437;tail=13;scan=0;controls=0;cover=()
LEAF;E=(1, 2, 5, 9, 11, 12, 14);rank=4;a=39;P=(23, 16, 26, 39);K4=(25, 29, 40, 46);m=73887574/1051575525;r=40;lambda=29/3920;tail=20;scan=4;controls=2;cover=()
LEAF;E=(1, 2, 5, 9, 11, 12, 14);rank=4;a=39;P=(23, 16, 26, 39);K4=(25, 32, 34, 38);m=43771747/543182640;r=32;lambda=179/18564;tail=15;scan=0;controls=0;cover=()
LEAF;E=(1, 2, 5, 9, 11, 12, 14);rank=4;a=39;P=(23, 16, 26, 39);K4=(25, 32, 34, 40);m=30848483/428828400;r=38;lambda=59/7644;tail=19;scan=3;controls=2;cover=()
LEAF;E=(1, 2, 5, 9, 11, 12, 14);rank=4;a=39;P=(23, 16, 26, 39);K4=(25, 32, 34, 46);m=650330179/9863053200;r=36;lambda=18/2737;tail=22;scan=6;controls=2;cover=()
LEAF;E=(1, 2, 5, 9, 11, 12, 14);rank=4;a=39;P=(23, 16, 26, 39);K4=(25, 32, 38, 40);m=4058493/53253200;r=40;lambda=73/10640;tail=21;scan=5;controls=2;cover=()
LEAF;E=(1, 2, 5, 9, 11, 12, 14);rank=4;a=39;P=(23, 16, 26, 39);K4=(25, 32, 38, 46);m=305583077/3674470800;r=32;lambda=5/437;tail=13;scan=0;controls=0;cover=()
LEAF;E=(1, 2, 5, 9, 11, 12, 14);rank=4;a=39;P=(23, 16, 26, 39);K4=(25, 32, 40, 46);m=150883/1940400;r=38;lambda=29/3920;tail=20;scan=4;controls=2;cover=()
LEAF;E=(1, 2, 5, 9, 11, 12, 14);rank=4;a=39;P=(23, 16, 26, 39);K4=(25, 34, 38, 40);m=3934226/56581525;r=38;lambda=1/228;tail=33;scan=14;controls=2;cover=()
LEAF;E=(1, 2, 5, 9, 11, 12, 14);rank=4;a=39;P=(23, 16, 26, 39);K4=(25, 34, 38, 46);m=1304365831/15616500900;r=32;lambda=25/2737;tail=16;scan=1;controls=1;cover=()
LEAF;E=(1, 2, 5, 9, 11, 12, 14);rank=4;a=39;P=(23, 16, 26, 39);K4=(25, 34, 40, 46);m=15156517/214414200;r=34;lambda=4/525;tail=19;scan=3;controls=2;cover=()
LEAF;E=(1, 2, 5, 9, 11, 12, 14);rank=4;a=39;P=(23, 16, 26, 39);K4=(25, 38, 40, 46);m=22248927/306205900;r=38;lambda=73/10640;tail=21;scan=5;controls=2;cover=()
LEAF;E=(1, 2, 5, 9, 11, 12, 14);rank=4;a=39;P=(23, 16, 26, 39);K4=(17, 19, 37, 80);m=2235048401/30146636520;r=34;lambda=8/1071;tail=20;scan=2;controls=2;cover=()
LEAF;E=(1, 2, 5, 9, 11, 12, 14);rank=4;a=39;P=(23, 16, 26, 39);K4=(17, 37, 50, 80);m=152283883/1762961200;r=40;lambda=87/11900;tail=20;scan=3;controls=2;cover=()
LEAF;E=(1, 2, 5, 9, 11, 12, 14);rank=4;a=39;P=(23, 16, 26, 39);K4=(17, 37, 38, 80);m=123277607/1545981360;r=42;lambda=31/6240;tail=29;scan=10;controls=2;cover=()
LEAF;E=(1, 2, 5, 9, 11, 12, 14);rank=4;a=39;P=(23, 16, 26, 39);K4=(19, 37, 50, 80);m=7922539/98518420;r=38;lambda=43/5600;tail=19;scan=3;controls=2;cover=()
LEAF;E=(1, 2, 5, 9, 11, 12, 14);rank=4;a=39;P=(23, 16, 26, 39);K4=(19, 34, 37, 80);m=474314527/6029327304;r=36;lambda=79/10080;tail=19;scan=3;controls=2;cover=()
LEAF;E=(1, 2, 5, 9, 11, 12, 14);rank=4;a=39;P=(23, 16, 26, 39);K4=(34, 37, 50, 80);m=217520549/2644441800;r=40;lambda=43/5600;tail=19;scan=3;controls=2;cover=()
LEAF;E=(1, 2, 5, 9, 11, 12, 14);rank=4;a=39;P=(23, 16, 26, 39);K4=(37, 38, 50, 80);m=17730071/236444208;r=44;lambda=109/21280;tail=28;scan=10;controls=2;cover=()
LEAF;E=(1, 2, 5, 9, 11, 12, 14);rank=4;a=39;P=(23, 16, 26, 39);K4=(34, 37, 38, 80);m=805367399/10048878840;r=42;lambda=109/21280;tail=28;scan=10;controls=2;cover=()
LEAF;E=(1, 2, 5, 9, 11, 12, 14);rank=4;a=39;P=(23, 16, 26, 39);K4=(17, 19, 50, 80);m=792808/9984975;r=36;lambda=87/11900;tail=20;scan=2;controls=2;cover=()
LEAF;E=(1, 2, 5, 9, 11, 12, 14);rank=4;a=39;P=(23, 16, 26, 39);K4=(17, 19, 29, 80);m=180912313/2779817040;r=38;lambda=43/7917;tail=27;scan=7;controls=2;cover=()
LEAF;E=(1, 2, 5, 9, 11, 12, 14);rank=4;a=39;P=(23, 16, 26, 39);K4=(17, 19, 80, 81);m=571245239/7332965640;r=40;lambda=77/12960;tail=25;scan=6;controls=2;cover=()
LEAF;E=(1, 2, 5, 9, 11, 12, 14);rank=4;a=39;P=(23, 16, 26, 39);K4=(17, 29, 50, 80);m=102693/1250480;r=46;lambda=43/7917;tail=27;scan=8;controls=2;cover=()
LEAF;E=(1, 2, 5, 9, 11, 12, 14);rank=4;a=39;P=(23, 16, 26, 39);K4=(17, 38, 50, 80);m=832691/10650640;r=46;lambda=43/9044;tail=31;scan=12;controls=2;cover=()
LEAF;E=(1, 2, 5, 9, 11, 12, 14);rank=4;a=39;P=(23, 16, 26, 39);K4=(17, 29, 38, 80);m=17230277/231651420;r=46;lambda=137/21280;tail=23;scan=6;controls=2;cover=()
LEAF;E=(1, 2, 5, 9, 11, 12, 14);rank=4;a=39;P=(23, 16, 26, 39);K4=(17, 29, 80, 81);m=742649/9144135;r=48;lambda=29/4320;tail=22;scan=5;controls=2;cover=()
LEAF;E=(1, 2, 5, 9, 11, 12, 14);rank=4;a=39;P=(23, 16, 26, 39);K4=(17, 38, 80, 81);m=76939295/977728752;r=50;lambda=77/12960;tail=25;scan=7;controls=2;cover=()
LEAF;E=(1, 2, 5, 9, 11, 12, 14);rank=4;a=39;P=(23, 16, 26, 39);K4=(19, 29, 50, 80);m=188529247/2316514200;r=42;lambda=19/2450;tail=19;scan=3;controls=2;cover=()
LEAF;E=(1, 2, 5, 9, 11, 12, 14);rank=4;a=39;P=(23, 16, 26, 39);K4=(19, 34, 50, 80);m=73993343/905304400;r=38;lambda=43/5600;tail=19;scan=3;controls=2;cover=()
LEAF;E=(1, 2, 5, 9, 11, 12, 14);rank=4;a=39;P=(23, 16, 26, 39);K4=(19, 29, 34, 80);m=3269143223/47256889680;r=40;lambda=43/7917;tail=27;scan=8;controls=2;cover=()
LEAF;E=(1, 2, 5, 9, 11, 12, 14);rank=4;a=39;P=(23, 16, 26, 39);K4=(19, 29, 80, 81);m=69039989/926605680;r=50;lambda=31/6240;tail=29;scan=10;controls=2;cover=()
LEAF;E=(1, 2, 5, 9, 11, 12, 14);rank=4;a=39;P=(23, 16, 26, 39);K4=(19, 34, 80, 81);m=14474417/172540368;r=42;lambda=19/3360;tail=26;scan=8;controls=2;cover=()
LEAF;E=(1, 2, 5, 9, 11, 12, 14);rank=4;a=39;P=(23, 16, 26, 39);K4=(29, 34, 50, 80);m=52844479/690890200;r=44;lambda=43/7917;tail=27;scan=9;controls=2;cover=()
LEAF;E=(1, 2, 5, 9, 11, 12, 14);rank=4;a=39;P=(23, 16, 26, 39);K4=(29, 38, 50, 80);m=121519963/1544342800;r=48;lambda=24/3325;tail=20;scan=4;controls=2;cover=()
LEAF;E=(1, 2, 5, 9, 11, 12, 14);rank=4;a=39;P=(23, 16, 26, 39);K4=(34, 38, 50, 80);m=208287889/2715913200;r=44;lambda=109/21280;tail=28;scan=10;controls=2;cover=()
LEAF;E=(1, 2, 5, 9, 11, 12, 14);rank=4;a=39;P=(23, 16, 26, 39);K4=(29, 34, 38, 80);m=1171235437/15752296560;r=46;lambda=31/6240;tail=29;scan=11;controls=2;cover=()
LEAF;E=(1, 2, 5, 9, 11, 12, 14);rank=4;a=39;P=(23, 16, 26, 39);K4=(29, 34, 80, 81);m=1849771909/22384842480;r=46;lambda=29/4320;tail=22;scan=6;controls=2;cover=()
LEAF;E=(1, 2, 5, 9, 11, 12, 14);rank=4;a=39;P=(23, 16, 26, 39);K4=(29, 38, 80, 81);m=16066399/215675460;r=56;lambda=31/6240;tail=29;scan=11;controls=2;cover=()
LEAF;E=(1, 2, 5, 9, 11, 12, 14);rank=4;a=39;P=(23, 16, 26, 39);K4=(34, 38, 80, 81);m=69496289/862701840;r=50;lambda=17/3192;tail=27;scan=9;controls=2;cover=()
LEAF;E=(1, 2, 5, 9, 11, 12, 14);rank=4;a=39;P=(23, 16, 26, 39);K4=(17, 19, 37, 50);m=896598349/12561098550;r=26;lambda=87/11900;tail=20;scan=2;controls=2;cover=()
LEAF;E=(1, 2, 5, 9, 11, 12, 14);rank=4;a=39;P=(23, 16, 26, 39);K4=(17, 19, 32, 37);m=1559968873/24117309216;r=30;lambda=67/10101;tail=22;scan=4;controls=2;cover=()
LEAF;E=(1, 2, 5, 9, 11, 12, 14);rank=4;a=39;P=(23, 16, 26, 39);K4=(17, 19, 37, 40);m=1886381423/30146636520;r=32;lambda=1/144;tail=21;scan=3;controls=2;cover=()
LEAF;E=(1, 2, 5, 9, 11, 12, 14);rank=4;a=39;P=(23, 16, 26, 39);K4=(17, 19, 37, 46);m=2545159247/34668631998;r=30;lambda=29/5796;tail=29;scan=9;controls=2;cover=()
LEAF;E=(1, 2, 5, 9, 11, 12, 14);rank=4;a=39;P=(23, 16, 26, 39);K4=(17, 32, 37, 50);m=238436151/3525922400;r=36;lambda=37/7700;tail=30;scan=11;controls=2;cover=()
LEAF;E=(1, 2, 5, 9, 11, 12, 14);rank=4;a=39;P=(23, 16, 26, 39);K4=(17, 37, 38, 50);m=3234801/44074030;r=32;lambda=121/19684;tail=24;scan=6;controls=2;cover=()
LEAF;E=(1, 2, 5, 9, 11, 12, 14);rank=4;a=39;P=(23, 16, 26, 39);K4=(17, 37, 40, 50);m=2103947/25427325;r=34;lambda=19/2100;tail=16;scan=1;controls=1;cover=()
LEAF;E=(1, 2, 5, 9, 11, 12, 14);rank=4;a=39;P=(23, 16, 26, 39);K4=(17, 37, 46, 50);m=850949453/10137026900;r=32;lambda=19/2100;tail=16;scan=1;controls=1;cover=()
LEAF;E=(1, 2, 5, 9, 11, 12, 14);rank=4;a=39;P=(23, 16, 26, 39);K4=(17, 32, 37, 38);m=295475651/4019551536;r=32;lambda=67/10101;tail=22;scan=5;controls=2;cover=()
LEAF;E=(1, 2, 5, 9, 11, 12, 14);rank=4;a=39;P=(23, 16, 26, 39);K4=(17, 32, 37, 40);m=497777939/6346660320;r=36;lambda=8/1001;tail=18;scan=1;controls=1;cover=()
LEAF;E=(1, 2, 5, 9, 11, 12, 14);rank=4;a=39;P=(23, 16, 26, 39);K4=(17, 32, 37, 46);m=154893653/2245741344;r=36;lambda=127/16576;tail=19;scan=2;controls=2;cover=()
LEAF;E=(1, 2, 5, 9, 11, 12, 14);rank=4;a=39;P=(23, 16, 26, 39);K4=(17, 37, 38, 40);m=117890667/1674813140;r=38;lambda=93/19684;tail=31;scan=12;controls=2;cover=()
LEAF;E=(1, 2, 5, 9, 11, 12, 14);rank=4;a=39;P=(23, 16, 26, 39);K4=(17, 37, 38, 46);m=309124339/3852070222;r=36;lambda=127/23828;tail=27;scan=8;controls=2;cover=()
LEAF;E=(1, 2, 5, 9, 11, 12, 14);rank=4;a=39;P=(23, 16, 26, 39);K4=(17, 37, 40, 46);m=113333687/1403588340;r=34;lambda=10/777;tail=12;scan=0;controls=0;cover=()
LEAF;E=(1, 2, 5, 9, 11, 12, 14);rank=4;a=39;P=(23, 16, 26, 39);K4=(19, 32, 37, 50);m=172630327/2364442080;r=34;lambda=163/27300;tail=24;scan=6;controls=2;cover=()
LEAF;E=(1, 2, 5, 9, 11, 12, 14);rank=4;a=39;P=(23, 16, 26, 39);K4=(19, 34, 37, 50);m=48943403/644158900;r=30;lambda=207/25900;tail=18;scan=2;controls=2;cover=()
LEAF;E=(1, 2, 5, 9, 11, 12, 14);rank=4;a=39;P=(23, 16, 26, 39);K4=(19, 37, 40, 50);m=26616379/369444075;r=34;lambda=19/2800;tail=22;scan=5;controls=2;cover=()
LEAF;E=(1, 2, 5, 9, 11, 12, 14);rank=4;a=39;P=(23, 16, 26, 39);K4=(19, 37, 46, 50);m=1250876161/16994427450;r=32;lambda=125/25116;tail=29;scan=10;controls=2;cover=()
LEAF;E=(1, 2, 5, 9, 11, 12, 14);rank=4;a=39;P=(23, 16, 26, 39);K4=(19, 32, 34, 37);m=1742586385/24117309216;r=34;lambda=67/10101;tail=22;scan=5;controls=2;cover=()
LEAF;E=(1, 2, 5, 9, 11, 12, 14);rank=4;a=39;P=(23, 16, 26, 39);K4=(19, 32, 37, 40);m=539238853/7093326240;r=36;lambda=88/10101;tail=17;scan=1;controls=1;cover=()
LEAF;E=(1, 2, 5, 9, 11, 12, 14);rank=4;a=39;P=(23, 16, 26, 39);K4=(19, 32, 37, 46);m=2255736463/32629300704;r=36;lambda=125/25116;tail=29;scan=10;controls=2;cover=()
LEAF;E=(1, 2, 5, 9, 11, 12, 14);rank=4;a=39;P=(23, 16, 26, 39);K4=(19, 34, 37, 40);m=2060905619/30146636520;r=34;lambda=1/144;tail=21;scan=4;controls=2;cover=()
LEAF;E=(1, 2, 5, 9, 11, 12, 14);rank=4;a=39;P=(23, 16, 26, 39);K4=(19, 34, 37, 46);m=2508949997/34668631998;r=36;lambda=41/6188;tail=22;scan=5;controls=2;cover=()
LEAF;E=(1, 2, 5, 9, 11, 12, 14);rank=4;a=39;P=(23, 16, 26, 39);K4=(19, 37, 40, 46);m=2868070607/40786625880;r=34;lambda=29/5796;tail=29;scan=10;controls=2;cover=()
LEAF;E=(1, 2, 5, 9, 11, 12, 14);rank=4;a=39;P=(23, 16, 26, 39);K4=(32, 34, 37, 50);m=687212861/10577767200;r=40;lambda=121/27300;tail=33;scan=14;controls=2;cover=()
LEAF;E=(1, 2, 5, 9, 11, 12, 14);rank=4;a=39;P=(23, 16, 26, 39);K4=(32, 37, 38, 50);m=79486219/1182221040;r=36;lambda=121/27300;tail=33;scan=14;controls=2;cover=()
LEAF;E=(1, 2, 5, 9, 11, 12, 14);rank=4;a=39;P=(23, 16, 26, 39);K4=(32, 37, 40, 50);m=16709731/207407200;r=44;lambda=163/27300;tail=24;scan=7;controls=2;cover=()
LEAF;E=(1, 2, 5, 9, 11, 12, 14);rank=4;a=39;P=(23, 16, 26, 39);K4=(32, 37, 46, 50);m=24176949/366951200;r=42;lambda=125/25116;tail=29;scan=11;controls=2;cover=()
LEAF;E=(1, 2, 5, 9, 11, 12, 14);rank=4;a=39;P=(23, 16, 26, 39);K4=(34, 37, 38, 50);m=1813236487/25122197100;r=32;lambda=121/19684;tail=24;scan=7;controls=2;cover=()
LEAF;E=(1, 2, 5, 9, 11, 12, 14);rank=4;a=39;P=(23, 16, 26, 39);K4=(34, 37, 40, 50);m=1725599/22037015;r=36;lambda=19/2100;tail=16;scan=1;controls=1;cover=()
LEAF;E=(1, 2, 5, 9, 11, 12, 14);rank=4;a=39;P=(23, 16, 26, 39);K4=(34, 37, 46, 50);m=755419641/10137026900;r=36;lambda=19/2100;tail=16;scan=1;controls=1;cover=()
LEAF;E=(1, 2, 5, 9, 11, 12, 14);rank=4;a=39;P=(23, 16, 26, 39);K4=(37, 38, 40, 50);m=64290939/985184200;r=40;lambda=1/228;tail=33;scan=15;controls=2;cover=()
LEAF;E=(1, 2, 5, 9, 11, 12, 14);rank=4;a=39;P=(23, 16, 26, 39);K4=(37, 38, 46, 50);m=121652252/1699442745;r=38;lambda=127/23828;tail=27;scan=9;controls=2;cover=()
LEAF;E=(1, 2, 5, 9, 11, 12, 14);rank=4;a=39;P=(23, 16, 26, 39);K4=(37, 40, 46, 50);m=150805799/1788887100;r=36;lambda=19/2100;tail=16;scan=1;controls=1;cover=()
LEAF;E=(1, 2, 5, 9, 11, 12, 14);rank=4;a=39;P=(23, 16, 26, 39);K4=(32, 34, 37, 38);m=100437213/1339850512;r=34;lambda=67/10101;tail=22;scan=6;controls=2;cover=()
LEAF;E=(1, 2, 5, 9, 11, 12, 14);rank=4;a=39;P=(23, 16, 26, 39);K4=(32, 34, 37, 40);m=97691863/1269332064;r=38;lambda=3/448;tail=22;scan=6;controls=2;cover=()
LEAF;E=(1, 2, 5, 9, 11, 12, 14);rank=4;a=39;P=(23, 16, 26, 39);K4=(32, 34, 37, 46);m=1771246913/29194637472;r=42;lambda=3/448;tail=22;scan=6;controls=2;cover=()
LEAF;E=(1, 2, 5, 9, 11, 12, 14);rank=4;a=39;P=(23, 16, 26, 39);K4=(32, 37, 38, 40);m=89546789/1182221040;r=40;lambda=93/19684;tail=31;scan=13;controls=2;cover=()
LEAF;E=(1, 2, 5, 9, 11, 12, 14);rank=4;a=39;P=(23, 16, 26, 39);K4=(32, 37, 38, 46);m=381559933/5438216784;r=38;lambda=93/19684;tail=31;scan=13;controls=2;cover=()
LEAF;E=(1, 2, 5, 9, 11, 12, 14);rank=4;a=39;P=(23, 16, 26, 39);K4=(32, 37, 40, 46);m=51620897/660512160;r=40;lambda=127/16576;tail=19;scan=3;controls=2;cover=()
LEAF;E=(1, 2, 5, 9, 11, 12, 14);rank=4;a=39;P=(23, 16, 26, 39);K4=(34, 37, 38, 40);m=352009037/5024439420;r=38;lambda=1/228;tail=33;scan=15;controls=2;cover=()
LEAF;E=(1, 2, 5, 9, 11, 12, 14);rank=4;a=39;P=(23, 16, 26, 39);K4=(34, 37, 38, 46);m=145170321/1926035111;r=38;lambda=41/6188;tail=22;scan=6;controls=2;cover=()
LEAF;E=(1, 2, 5, 9, 11, 12, 14);rank=4;a=39;P=(23, 16, 26, 39);K4=(34, 37, 40, 46);m=2709649513/36493296840;r=36;lambda=1/84;tail=13;scan=0;controls=0;cover=()
LEAF;E=(1, 2, 5, 9, 11, 12, 14);rank=4;a=39;P=(23, 16, 26, 39);K4=(37, 38, 40, 46);m=119537281/1699442745;r=40;lambda=93/19684;tail=31;scan=13;controls=2;cover=()
LEAF;E=(1, 2, 5, 9, 11, 12, 14);rank=4;a=39;P=(23, 16, 26, 39);K4=(17, 19, 29, 50);m=234466487/3474771300;r=30;lambda=43/7917;tail=27;scan=7;controls=2;cover=()
LEAF;E=(1, 2, 5, 9, 11, 12, 14);rank=4;a=39;P=(23, 16, 26, 39);K4=(17, 19, 32, 50);m=32249809/479278800;r=34;lambda=59/7644;tail=19;scan=2;controls=2;cover=()
LEAF;E=(1, 2, 5, 9, 11, 12, 14);rank=4;a=39;P=(23, 16, 26, 39);K4=(17, 19, 40, 50);m=92244161/1357956600;r=32;lambda=59/7644;tail=19;scan=2;controls=2;cover=()
LEAF;E=(1, 2, 5, 9, 11, 12, 14);rank=4;a=39;P=(23, 16, 26, 39);K4=(17, 19, 46, 50);m=1180890787/15616500900;r=28;lambda=17/2660;tail=23;scan=5;controls=2;cover=()
LEAF;E=(1, 2, 5, 9, 11, 12, 14);rank=4;a=39;P=(23, 16, 26, 39);K4=(17, 19, 29, 32);m=5660621/85532832;r=28;lambda=5/663;tail=19;scan=2;controls=2;cover=()
LEAF;E=(1, 2, 5, 9, 11, 12, 14);rank=4;a=39;P=(23, 16, 26, 39);K4=(17, 19, 29, 40);m=1116518191/23628444840;r=34;lambda=43/7917;tail=27;scan=7;controls=2;cover=()
LEAF;E=(1, 2, 5, 9, 11, 12, 14);rank=4;a=39;P=(23, 16, 26, 39);K4=(17, 19, 29, 46);m=3633018953/54345423132;r=26;lambda=61/12236;tail=29;scan=9;controls=2;cover=()
LEAF;E=(1, 2, 5, 9, 11, 12, 14);rank=4;a=39;P=(23, 16, 26, 39);K4=(17, 19, 29, 81);m=6493481/96224436;r=36;lambda=5/663;tail=19;scan=2;controls=2;cover=()
LEAF;E=(1, 2, 5, 9, 11, 12, 14);rank=4;a=39;P=(23, 16, 26, 39);K4=(17, 19, 32, 40);m=22197017/325909584;r=32;lambda=59/7644;tail=19;scan=2;controls=2;cover=()
LEAF;E=(1, 2, 5, 9, 11, 12, 14);rank=4;a=39;P=(23, 16, 26, 39);K4=(17, 19, 32, 46);m=40267027/576609264;r=28;lambda=13/2254;tail=25;scan=6;controls=2;cover=()
LEAF;E=(1, 2, 5, 9, 11, 12, 14);rank=4;a=39;P=(23, 16, 26, 39);K4=(17, 19, 32, 81);m=24256591/325909584;r=36;lambda=5/663;tail=19;scan=2;controls=2;cover=()
LEAF;E=(1, 2, 5, 9, 11, 12, 14);rank=4;a=39;P=(23, 16, 26, 39);K4=(17, 19, 40, 46);m=55030589/814773960;r=28;lambda=131/21840;tail=24;scan=5;controls=2;cover=()
LEAF;E=(1, 2, 5, 9, 11, 12, 14);rank=4;a=39;P=(23, 16, 26, 39);K4=(17, 19, 40, 81);m=50057575/733296564;r=36;lambda=229/45360;tail=29;scan=9;controls=2;cover=()
LEAF;E=(1, 2, 5, 9, 11, 12, 14);rank=4;a=39;P=(23, 16, 26, 39);K4=(17, 19, 46, 81);m=100473701/1297370844;r=34;lambda=104/10773;tail=15;scan=0;controls=0;cover=()
LEAF;E=(1, 2, 5, 9, 11, 12, 14);rank=4;a=39;P=(23, 16, 26, 39);K4=(17, 29, 32, 50);m=21560387/292612320;r=38;lambda=43/7917;tail=27;scan=8;controls=2;cover=()
LEAF;E=(1, 2, 5, 9, 11, 12, 14);rank=4;a=39;P=(23, 16, 26, 39);K4=(17, 29, 38, 50);m=18889331/267290100;r=38;lambda=101/15428;tail=22;scan=5;controls=2;cover=()
LEAF;E=(1, 2, 5, 9, 11, 12, 14);rank=4;a=39;P=(23, 16, 26, 39);K4=(17, 29, 40, 50);m=37173767/518167650;r=40;lambda=117/20300;tail=25;scan=7;controls=2;cover=()
LEAF;E=(1, 2, 5, 9, 11, 12, 14);rank=4;a=39;P=(23, 16, 26, 39);K4=(17, 29, 46, 50);m=154954651/1986309325;r=34;lambda=117/20300;tail=25;scan=7;controls=2;cover=()
LEAF;E=(1, 2, 5, 9, 11, 12, 14);rank=4;a=39;P=(23, 16, 26, 39);K4=(17, 32, 38, 50);m=2656967/38342304;r=38;lambda=121/27300;tail=33;scan=13;controls=2;cover=()
LEAF;E=(1, 2, 5, 9, 11, 12, 14);rank=4;a=39;P=(23, 16, 26, 39);K4=(17, 32, 40, 50);m=10800221/142942800;r=42;lambda=59/7644;tail=19;scan=2;controls=2;cover=()
LEAF;E=(1, 2, 5, 9, 11, 12, 14);rank=4;a=39;P=(23, 16, 26, 39);K4=(17, 32, 46, 50);m=72691291/1095894800;r=40;lambda=13/2254;tail=25;scan=7;controls=2;cover=()
LEAF;E=(1, 2, 5, 9, 11, 12, 14);rank=4;a=39;P=(23, 16, 26, 39);K4=(17, 38, 40, 50);m=46799369/678978300;r=40;lambda=1/228;tail=33;scan=14;controls=2;cover=()
LEAF;E=(1, 2, 5, 9, 11, 12, 14);rank=4;a=39;P=(23, 16, 26, 39);K4=(17, 38, 46, 50);m=49593779/624660036;r=36;lambda=6/805;tail=20;scan=3;controls=2;cover=()
LEAF;E=(1, 2, 5, 9, 11, 12, 14);rank=4;a=39;P=(23, 16, 26, 39);K4=(17, 40, 46, 50);m=13574657/164384220;r=34;lambda=19/2100;tail=16;scan=1;controls=1;cover=()
LEAF;E=(1, 2, 5, 9, 11, 12, 14);rank=4;a=39;P=(23, 16, 26, 39);K4=(17, 29, 32, 38);m=41955761/555963408;r=32;lambda=37/4788;tail=19;scan=2;controls=2;cover=()
LEAF;E=(1, 2, 5, 9, 11, 12, 14);rank=4;a=39;P=(23, 16, 26, 39);K4=(17, 29, 32, 40);m=371652271/4974409440;r=34;lambda=19/2240;tail=17;scan=1;controls=1;cover=()
LEAF;E=(1, 2, 5, 9, 11, 12, 14);rank=4;a=39;P=(23, 16, 26, 39);K4=(17, 29, 32, 46);m=129082237/1760175648;r=30;lambda=101/10304;tail=15;scan=0;controls=0;cover=()
LEAF;E=(1, 2, 5, 9, 11, 12, 14);rank=4;a=39;P=(23, 16, 26, 39);K4=(17, 29, 32, 81);m=10428455/131675544;r=38;lambda=5/663;tail=19;scan=2;controls=2;cover=()
LEAF;E=(1, 2, 5, 9, 11, 12, 14);rank=4;a=39;P=(23, 16, 26, 39);K4=(17, 29, 38, 40);m=37551127/656345690;r=42;lambda=59/10640;tail=26;scan=8;controls=2;cover=()
LEAF;E=(1, 2, 5, 9, 11, 12, 14);rank=4;a=39;P=(23, 16, 26, 39);K4=(17, 29, 38, 46);m=228939055/3019190174;r=34;lambda=3/437;tail=21;scan=4;controls=2;cover=()
LEAF;E=(1, 2, 5, 9, 11, 12, 14);rank=4;a=39;P=(23, 16, 26, 39);K4=(17, 29, 38, 81);m=30307379/416972556;r=44;lambda=5/663;tail=19;scan=2;controls=2;cover=()
LEAF;E=(1, 2, 5, 9, 11, 12, 14);rank=4;a=39;P=(23, 16, 26, 39);K4=(17, 29, 40, 46);m=18828256/275027445;r=34;lambda=169/16240;tail=14;scan=0;controls=0;cover=()
LEAF;E=(1, 2, 5, 9, 11, 12, 14);rank=4;a=39;P=(23, 16, 26, 39);K4=(17, 29, 40, 81);m=815058581/11192421240;r=40;lambda=40/5481;tail=20;scan=3;controls=2;cover=()
LEAF;E=(1, 2, 5, 9, 11, 12, 14);rank=4;a=39;P=(23, 16, 26, 39);K4=(17, 29, 46, 81);m=526337846/6435642213;r=38;lambda=40/5481;tail=20;scan=3;controls=2;cover=()
LEAF;E=(1, 2, 5, 9, 11, 12, 14);rank=4;a=39;P=(23, 16, 26, 39);K4=(17, 32, 38, 40);m=27840639/362121760;r=36;lambda=97/17472;tail=26;scan=8;controls=2;cover=()
LEAF;E=(1, 2, 5, 9, 11, 12, 14);rank=4;a=39;P=(23, 16, 26, 39);K4=(17, 32, 38, 46);m=9946693/128135392;r=32;lambda=3/437;tail=21;scan=4;controls=2;cover=()
LEAF;E=(1, 2, 5, 9, 11, 12, 14);rank=4;a=39;P=(23, 16, 26, 39);K4=(17, 32, 38, 81);m=460180859/5866372512;r=40;lambda=5/663;tail=19;scan=2;controls=2;cover=()
LEAF;E=(1, 2, 5, 9, 11, 12, 14);rank=4;a=39;P=(23, 16, 26, 39);K4=(17, 32, 40, 46);m=148828061/1972610640;r=34;lambda=19/2240;tail=17;scan=1;controls=1;cover=()
LEAF;E=(1, 2, 5, 9, 11, 12, 14);rank=4;a=39;P=(23, 16, 26, 39);K4=(17, 32, 40, 81);m=62926441/771891120;r=40;lambda=38/6237;tail=24;scan=6;controls=2;cover=()
LEAF;E=(1, 2, 5, 9, 11, 12, 14);rank=4;a=39;P=(23, 16, 26, 39);K4=(17, 32, 46, 81);m=1293991/17153136;r=38;lambda=65/12096;tail=27;scan=8;controls=2;cover=()
LEAF;E=(1, 2, 5, 9, 11, 12, 14);rank=4;a=39;P=(23, 16, 26, 39);K4=(17, 38, 40, 46);m=17856373/240253860;r=36;lambda=131/21840;tail=24;scan=6;controls=2;cover=()
LEAF;E=(1, 2, 5, 9, 11, 12, 14);rank=4;a=39;P=(23, 16, 26, 39);K4=(17, 38, 40, 81);m=522620381/7332965640;r=44;lambda=229/45360;tail=29;scan=10;controls=2;cover=()
LEAF;E=(1, 2, 5, 9, 11, 12, 14);rank=4;a=39;P=(23, 16, 26, 39);K4=(17, 38, 46, 81);m=464306041/5621940324;r=40;lambda=2/189;tail=14;scan=0;controls=0;cover=()
LEAF;E=(1, 2, 5, 9, 11, 12, 14);rank=4;a=39;P=(23, 16, 26, 39);K4=(17, 40, 46, 81);m=753474437/8876747880;r=34;lambda=2/189;tail=14;scan=0;controls=0;cover=()
LEAF;E=(1, 2, 5, 9, 11, 12, 14);rank=4;a=39;P=(23, 16, 26, 39);K4=(19, 29, 32, 50);m=183252133/2138320800;r=34;lambda=19/2450;tail=19;scan=3;controls=2;cover=()
LEAF;E=(1, 2, 5, 9, 11, 12, 14);rank=4;a=39;P=(23, 16, 26, 39);K4=(19, 29, 34, 50);m=1384254007/19690370700;r=32;lambda=43/7917;tail=27;scan=8;controls=2;cover=()
LEAF;E=(1, 2, 5, 9, 11, 12, 14);rank=4;a=39;P=(23, 16, 26, 39);K4=(19, 29, 40, 50);m=12048011/178193400;r=38;lambda=29/3920;tail=20;scan=3;controls=2;cover=()
LEAF;E=(1, 2, 5, 9, 11, 12, 14);rank=4;a=39;P=(23, 16, 26, 39);K4=(19, 29, 46, 50);m=2141112487/26639913300;r=30;lambda=19/2450;tail=19;scan=3;controls=2;cover=()
LEAF;E=(1, 2, 5, 9, 11, 12, 14);rank=4;a=39;P=(23, 16, 26, 39);K4=(19, 32, 34, 50);m=198055799/2715913200;r=38;lambda=59/7644;tail=19;scan=3;controls=2;cover=()
LEAF;E=(1, 2, 5, 9, 11, 12, 14);rank=4;a=39;P=(23, 16, 26, 39);K4=(19, 32, 40, 50);m=1008641/12289200;r=42;lambda=59/7644;tail=19;scan=3;controls=2;cover=()
LEAF;E=(1, 2, 5, 9, 11, 12, 14);rank=4;a=39;P=(23, 16, 26, 39);K4=(19, 32, 46, 50);m=22088953/282651600;r=36;lambda=19/2450;tail=19;scan=3;controls=2;cover=()
LEAF;E=(1, 2, 5, 9, 11, 12, 14);rank=4;a=39;P=(23, 16, 26, 39);K4=(19, 34, 40, 50);m=19852727/271591320;r=36;lambda=59/7644;tail=19;scan=3;controls=2;cover=()
LEAF;E=(1, 2, 5, 9, 11, 12, 14);rank=4;a=39;P=(23, 16, 26, 39);K4=(19, 34, 46, 50);m=238032071/3123300180;r=32;lambda=17/2660;tail=23;scan=6;controls=2;cover=()
LEAF;E=(1, 2, 5, 9, 11, 12, 14);rank=4;a=39;P=(23, 16, 26, 39);K4=(19, 40, 46, 50);m=11146463/141325800;r=34;lambda=29/3920;tail=20;scan=3;controls=2;cover=()
LEAF;E=(1, 2, 5, 9, 11, 12, 14);rank=4;a=39;P=(23, 16, 26, 39);K4=(19, 29, 32, 34);m=1380958457/18902755872;r=32;lambda=179/18564;tail=15;scan=0;controls=0;cover=()
LEAF;E=(1, 2, 5, 9, 11, 12, 14);rank=4;a=39;P=(23, 16, 26, 39);K4=(19, 29, 32, 40);m=6431413/85532832;r=36;lambda=29/3920;tail=20;scan=3;controls=2;cover=()
LEAF;E=(1, 2, 5, 9, 11, 12, 14);rank=4;a=39;P=(23, 16, 26, 39);K4=(19, 29, 32, 46);m=2139922607/25574316768;r=28;lambda=27/2254;tail=12;scan=0;controls=0;cover=()
LEAF;E=(1, 2, 5, 9, 11, 12, 14);rank=4;a=39;P=(23, 16, 26, 39);K4=(19, 29, 32, 81);m=106634917/1250917668;r=40;lambda=64/7371;tail=17;scan=1;controls=1;cover=()
LEAF;E=(1, 2, 5, 9, 11, 12, 14);rank=4;a=39;P=(23, 16, 26, 39);K4=(19, 29, 34, 40);m=33063556/590711121;r=38;lambda=43/7917;tail=27;scan=8;controls=2;cover=()
LEAF;E=(1, 2, 5, 9, 11, 12, 14);rank=4;a=39;P=(23, 16, 26, 39);K4=(19, 29, 34, 46);m=3885430343/54345423132;r=32;lambda=41/6188;tail=22;scan=5;controls=2;cover=()
LEAF;E=(1, 2, 5, 9, 11, 12, 14);rank=4;a=39;P=(23, 16, 26, 39);K4=(19, 29, 34, 81);m=20310327/262538276;r=38;lambda=64/7371;tail=17;scan=1;controls=1;cover=()
LEAF;E=(1, 2, 5, 9, 11, 12, 14);rank=4;a=39;P=(23, 16, 26, 39);K4=(19, 29, 40, 46);m=2072425129/31967895960;r=34;lambda=29/3920;tail=20;scan=3;controls=2;cover=()
LEAF;E=(1, 2, 5, 9, 11, 12, 14);rank=4;a=39;P=(23, 16, 26, 39);K4=(19, 29, 40, 81);m=19615681/312729417;r=44;lambda=4/819;tail=30;scan=10;controls=2;cover=()
LEAF;E=(1, 2, 5, 9, 11, 12, 14);rank=4;a=39;P=(23, 16, 26, 39);K4=(19, 29, 46, 81);m=2246604293/28771106364;r=40;lambda=293/52164;tail=26;scan=8;controls=2;cover=()
LEAF;E=(1, 2, 5, 9, 11, 12, 14);rank=4;a=39;P=(23, 16, 26, 39);K4=(19, 32, 34, 40);m=24812861/325909584;r=38;lambda=59/7644;tail=19;scan=3;controls=2;cover=()
LEAF;E=(1, 2, 5, 9, 11, 12, 14);rank=4;a=39;P=(23, 16, 26, 39);K4=(19, 32, 34, 46);m=535479655/7495920432;r=36;lambda=18/2737;tail=22;scan=5;controls=2;cover=()
LEAF;E=(1, 2, 5, 9, 11, 12, 14);rank=4;a=39;P=(23, 16, 26, 39);K4=(19, 32, 34, 81);m=245564591/2933186256;r=40;lambda=64/7371;tail=17;scan=1;controls=1;cover=()
LEAF;E=(1, 2, 5, 9, 11, 12, 14);rank=4;a=39;P=(23, 16, 26, 39);K4=(19, 32, 40, 46);m=2756651/33918192;r=34;lambda=29/3920;tail=20;scan=3;controls=2;cover=()
LEAF;E=(1, 2, 5, 9, 11, 12, 14);rank=4;a=39;P=(23, 16, 26, 39);K4=(19, 32, 40, 81);m=70776731/862701840;r=42;lambda=13/1512;tail=17;scan=1;controls=1;cover=()
LEAF;E=(1, 2, 5, 9, 11, 12, 14);rank=4;a=39;P=(23, 16, 26, 39);K4=(19, 32, 46, 81);m=322219265/3968428464;r=40;lambda=293/52164;tail=26;scan=8;controls=2;cover=()
LEAF;E=(1, 2, 5, 9, 11, 12, 14);rank=4;a=39;P=(23, 16, 26, 39);K4=(19, 34, 40, 46);m=132191347/1873980108;r=34;lambda=13/2254;tail=25;scan=7;controls=2;cover=()
LEAF;E=(1, 2, 5, 9, 11, 12, 14);rank=4;a=39;P=(23, 16, 26, 39);K4=(19, 34, 40, 81);m=140190997/1833241410;r=40;lambda=19/2856;tail=22;scan=5;controls=2;cover=()
LEAF;E=(1, 2, 5, 9, 11, 12, 14);rank=4;a=39;P=(23, 16, 26, 39);K4=(19, 34, 46, 81);m=81401939/992107116;r=40;lambda=73/9044;tail=18;scan=2;controls=2;cover=()
LEAF;E=(1, 2, 5, 9, 11, 12, 14);rank=4;a=39;P=(23, 16, 26, 39);K4=(19, 40, 46, 81);m=920005/12248236;r=40;lambda=229/45360;tail=29;scan=10;controls=2;cover=()
LEAF;E=(1, 2, 5, 9, 11, 12, 14);rank=4;a=39;P=(23, 16, 26, 39);K4=(29, 32, 34, 50);m=191374471/2763560800;r=40;lambda=43/7917;tail=27;scan=9;controls=2;cover=()
LEAF;E=(1, 2, 5, 9, 11, 12, 14);rank=4;a=39;P=(23, 16, 26, 39);K4=(29, 32, 38, 50);m=1103791517/13899085200;r=38;lambda=24/3325;tail=20;scan=4;controls=2;cover=()
LEAF;E=(1, 2, 5, 9, 11, 12, 14);rank=4;a=39;P=(23, 16, 26, 39);K4=(29, 32, 40, 50);m=651017/7502880;r=44;lambda=29/3920;tail=20;scan=4;controls=2;cover=()
LEAF;E=(1, 2, 5, 9, 11, 12, 14);rank=4;a=39;P=(23, 16, 26, 39);K4=(29, 32, 46, 50);m=23760677/287610400;r=38;lambda=19/2450;tail=19;scan=3;controls=2;cover=()
LEAF;E=(1, 2, 5, 9, 11, 12, 14);rank=4;a=39;P=(23, 16, 26, 39);K4=(29, 34, 38, 50);m=444179499/6563456900;r=36;lambda=101/15428;tail=22;scan=6;controls=2;cover=()
LEAF;E=(1, 2, 5, 9, 11, 12, 14);rank=4;a=39;P=(23, 16, 26, 39);K4=(29, 34, 40, 50);m=28665733/414534120;r=42;lambda=117/20300;tail=25;scan=8;controls=2;cover=()
LEAF;E=(1, 2, 5, 9, 11, 12, 14);rank=4;a=39;P=(23, 16, 26, 39);K4=(29, 34, 46, 50);m=143088006/1986309325;r=38;lambda=117/20300;tail=25;scan=8;controls=2;cover=()
LEAF;E=(1, 2, 5, 9, 11, 12, 14);rank=4;a=39;P=(23, 16, 26, 39);K4=(29, 38, 40, 50);m=17953736/289564275;r=46;lambda=73/10640;tail=21;scan=5;controls=2;cover=()
LEAF;E=(1, 2, 5, 9, 11, 12, 14);rank=4;a=39;P=(23, 16, 26, 39);K4=(29, 38, 46, 50);m=2118621893/26639913300;r=38;lambda=24/3325;tail=20;scan=4;controls=2;cover=()
LEAF;E=(1, 2, 5, 9, 11, 12, 14);rank=4;a=39;P=(23, 16, 26, 39);K4=(29, 40, 46, 50);m=28306198/350525175;r=40;lambda=29/3920;tail=20;scan=4;controls=2;cover=()
LEAF;E=(1, 2, 5, 9, 11, 12, 14);rank=4;a=39;P=(23, 16, 26, 39);K4=(32, 34, 38, 50);m=19758287/285885600;r=38;lambda=37/7616;tail=30;scan=12;controls=2;cover=()
LEAF;E=(1, 2, 5, 9, 11, 12, 14);rank=4;a=39;P=(23, 16, 26, 39);K4=(32, 34, 40, 50);m=3500571/47647600;r=46;lambda=59/7644;tail=19;scan=3;controls=2;cover=()
LEAF;E=(1, 2, 5, 9, 11, 12, 14);rank=4;a=39;P=(23, 16, 26, 39);K4=(32, 34, 46, 50);m=65388387/1095894800;r=44;lambda=13/2254;tail=25;scan=8;controls=2;cover=()
LEAF;E=(1, 2, 5, 9, 11, 12, 14);rank=4;a=39;P=(23, 16, 26, 39);K4=(32, 38, 40, 50);m=8017887/106506400;r=46;lambda=73/10640;tail=21;scan=5;controls=2;cover=()
LEAF;E=(1, 2, 5, 9, 11, 12, 14);rank=4;a=39;P=(23, 16, 26, 39);K4=(32, 38, 46, 50);m=8606131/113060640;r=40;lambda=24/3325;tail=20;scan=4;controls=2;cover=()
LEAF;E=(1, 2, 5, 9, 11, 12, 14);rank=4;a=39;P=(23, 16, 26, 39);K4=(32, 40, 46, 50);m=245563/2975280;r=44;lambda=29/3920;tail=20;scan=4;controls=2;cover=()
LEAF;E=(1, 2, 5, 9, 11, 12, 14);rank=4;a=39;P=(23, 16, 26, 39);K4=(34, 38, 40, 50);m=772631/11316305;r=40;lambda=1/228;tail=33;scan=15;controls=2;cover=()
LEAF;E=(1, 2, 5, 9, 11, 12, 14);rank=4;a=39;P=(23, 16, 26, 39);K4=(34, 38, 46, 50);m=1189274393/15616500900;r=36;lambda=6/805;tail=20;scan=4;controls=2;cover=()
LEAF;E=(1, 2, 5, 9, 11, 12, 14);rank=4;a=39;P=(23, 16, 26, 39);K4=(34, 40, 46, 50);m=127089509/1643842200;r=36;lambda=19/2100;tail=16;scan=1;controls=1;cover=()
LEAF;E=(1, 2, 5, 9, 11, 12, 14);rank=4;a=39;P=(23, 16, 26, 39);K4=(38, 40, 46, 50);m=23219897/306205900;r=42;lambda=73/10640;tail=21;scan=5;controls=2;cover=()
LEAF;E=(1, 2, 5, 9, 11, 12, 14);rank=4;a=39;P=(23, 16, 26, 39);K4=(29, 32, 34, 38);m=240128227/3150459312;r=34;lambda=179/18564;tail=15;scan=0;controls=0;cover=()
LEAF;E=(1, 2, 5, 9, 11, 12, 14);rank=4;a=39;P=(23, 16, 26, 39);K4=(29, 32, 34, 40);m=75784847/994881888;r=38;lambda=3/448;tail=22;scan=6;controls=2;cover=()
LEAF;E=(1, 2, 5, 9, 11, 12, 14);rank=4;a=39;P=(23, 16, 26, 39);K4=(29, 32, 34, 46);m=1618280569/22882283424;r=36;lambda=3/448;tail=22;scan=6;controls=2;cover=()
LEAF;E=(1, 2, 5, 9, 11, 12, 14);rank=4;a=39;P=(23, 16, 26, 39);K4=(29, 32, 34, 81);m=183151439/2238484248;r=40;lambda=64/7371;tail=17;scan=1;controls=1;cover=()
LEAF;E=(1, 2, 5, 9, 11, 12, 14);rank=4;a=39;P=(23, 16, 26, 39);K4=(29, 32, 38, 40);m=69841517/926605680;r=42;lambda=73/10640;tail=21;scan=5;controls=2;cover=()
LEAF;E=(1, 2, 5, 9, 11, 12, 14);rank=4;a=39;P=(23, 16, 26, 39);K4=(29, 32, 38, 46);m=362994845/4262386128;r=32;lambda=5/437;tail=13;scan=0;controls=0;cover=()
LEAF;E=(1, 2, 5, 9, 11, 12, 14);rank=4;a=39;P=(23, 16, 26, 39);K4=(29, 32, 38, 81);m=817035265/10007341344;r=44;lambda=64/7371;tail=17;scan=1;controls=1;cover=()
LEAF;E=(1, 2, 5, 9, 11, 12, 14);rank=4;a=39;P=(23, 16, 26, 39);K4=(29, 32, 40, 46);m=43623373/517698720;r=36;lambda=19/2240;tail=17;scan=1;controls=1;cover=()
LEAF;E=(1, 2, 5, 9, 11, 12, 14);rank=4;a=39;P=(23, 16, 26, 39);K4=(29, 32, 40, 81);m=4671313/54864810;r=46;lambda=38/6237;tail=24;scan=7;controls=2;cover=()
LEAF;E=(1, 2, 5, 9, 11, 12, 14);rank=4;a=39;P=(23, 16, 26, 39);K4=(29, 32, 46, 81);m=258147553/3028537512;r=42;lambda=293/52164;tail=26;scan=9;controls=2;cover=()
LEAF;E=(1, 2, 5, 9, 11, 12, 14);rank=4;a=39;P=(23, 16, 26, 39);K4=(29, 34, 38, 40);m=157028329/2625382760;r=44;lambda=89/21840;tail=36;scan=16;controls=2;cover=()
LEAF;E=(1, 2, 5, 9, 11, 12, 14);rank=4;a=39;P=(23, 16, 26, 39);K4=(29, 34, 38, 46);m=231392911/3019190174;r=36;lambda=41/6188;tail=22;scan=6;controls=2;cover=()
LEAF;E=(1, 2, 5, 9, 11, 12, 14);rank=4;a=39;P=(23, 16, 26, 39);K4=(29, 34, 38, 81);m=95623813/1250917668;r=44;lambda=64/7371;tail=17;scan=1;controls=1;cover=()
LEAF;E=(1, 2, 5, 9, 11, 12, 14);rank=4;a=39;P=(23, 16, 26, 39);K4=(29, 34, 40, 46);m=1923375917/28602854280;r=38;lambda=1/116;tail=17;scan=1;controls=1;cover=()
LEAF;E=(1, 2, 5, 9, 11, 12, 14);rank=4;a=39;P=(23, 16, 26, 39);K4=(29, 34, 40, 81);m=846777479/11192421240;r=44;lambda=40/5481;tail=20;scan=4;controls=2;cover=()
LEAF;E=(1, 2, 5, 9, 11, 12, 14);rank=4;a=39;P=(23, 16, 26, 39);K4=(29, 34, 46, 81);m=352567769/4290428142;r=42;lambda=40/5481;tail=20;scan=4;controls=2;cover=()
LEAF;E=(1, 2, 5, 9, 11, 12, 14);rank=4;a=39;P=(23, 16, 26, 39);K4=(29, 38, 40, 46);m=178463449/2663991330;r=42;lambda=73/10640;tail=21;scan=5;controls=2;cover=()
LEAF;E=(1, 2, 5, 9, 11, 12, 14);rank=4;a=39;P=(23, 16, 26, 39);K4=(29, 38, 40, 81);m=748015787/12509176680;r=52;lambda=89/21840;tail=36;scan=17;controls=2;cover=()
LEAF;E=(1, 2, 5, 9, 11, 12, 14);rank=4;a=39;P=(23, 16, 26, 39);K4=(29, 38, 46, 81);m=33184715/416972556;r=44;lambda=293/52164;tail=26;scan=9;controls=2;cover=()
LEAF;E=(1, 2, 5, 9, 11, 12, 14);rank=4;a=39;P=(23, 16, 26, 39);K4=(29, 40, 46, 81);m=1195421219/15142687560;r=44;lambda=40/5481;tail=20;scan=4;controls=2;cover=()
LEAF;E=(1, 2, 5, 9, 11, 12, 14);rank=4;a=39;P=(23, 16, 26, 39);K4=(32, 34, 38, 40);m=85592677/1086365280;r=40;lambda=17/3192;tail=27;scan=9;controls=2;cover=()
LEAF;E=(1, 2, 5, 9, 11, 12, 14);rank=4;a=39;P=(23, 16, 26, 39);K4=(32, 34, 38, 46);m=125592625/1665760096;r=36;lambda=18/2737;tail=22;scan=6;controls=2;cover=()
LEAF;E=(1, 2, 5, 9, 11, 12, 14);rank=4;a=39;P=(23, 16, 26, 39);K4=(32, 34, 38, 81);m=8399795/102918816;r=42;lambda=64/7371;tail=17;scan=1;controls=1;cover=()
LEAF;E=(1, 2, 5, 9, 11, 12, 14);rank=4;a=39;P=(23, 16, 26, 39);K4=(32, 34, 40, 46);m=28085755/394522128;r=40;lambda=3/448;tail=22;scan=6;controls=2;cover=()
LEAF;E=(1, 2, 5, 9, 11, 12, 14);rank=4;a=39;P=(23, 16, 26, 39);K4=(32, 34, 40, 81);m=12732017/154378224;r=44;lambda=19/2856;tail=22;scan=6;controls=2;cover=()
LEAF;E=(1, 2, 5, 9, 11, 12, 14);rank=4;a=39;P=(23, 16, 26, 39);K4=(32, 34, 46, 81);m=258439721/3550699152;r=44;lambda=293/52164;tail=26;scan=9;controls=2;cover=()
LEAF;E=(1, 2, 5, 9, 11, 12, 14);rank=4;a=39;P=(23, 16, 26, 39);K4=(32, 38, 40, 46);m=9299351/113060640;r=38;lambda=73/10640;tail=21;scan=5;controls=2;cover=()
LEAF;E=(1, 2, 5, 9, 11, 12, 14);rank=4;a=39;P=(23, 16, 26, 39);K4=(32, 38, 40, 81);m=14939851/191711520;r=46;lambda=17/3192;tail=27;scan=9;controls=2;cover=()
LEAF;E=(1, 2, 5, 9, 11, 12, 14);rank=4;a=39;P=(23, 16, 26, 39);K4=(32, 38, 46, 81);m=646932749/7936856928;r=40;lambda=293/52164;tail=26;scan=9;controls=2;cover=()
LEAF;E=(1, 2, 5, 9, 11, 12, 14);rank=4;a=39;P=(23, 16, 26, 39);K4=(32, 40, 46, 81);m=87524119/1044323280;r=44;lambda=65/12096;tail=27;scan=9;controls=2;cover=()
LEAF;E=(1, 2, 5, 9, 11, 12, 14);rank=4;a=39;P=(23, 16, 26, 39);K4=(34, 38, 40, 46);m=459066479/6246600360;r=38;lambda=1/228;tail=33;scan=15;controls=2;cover=()
LEAF;E=(1, 2, 5, 9, 11, 12, 14);rank=4;a=39;P=(23, 16, 26, 39);K4=(34, 38, 40, 81);m=31642927/431350920;r=46;lambda=17/3192;tail=27;scan=9;controls=2;cover=()
LEAF;E=(1, 2, 5, 9, 11, 12, 14);rank=4;a=39;P=(23, 16, 26, 39);K4=(34, 38, 46, 81);m=1405966151/16865820972;r=42;lambda=347/38556;tail=16;scan=1;controls=1;cover=()
LEAF;E=(1, 2, 5, 9, 11, 12, 14);rank=4;a=39;P=(23, 16, 26, 39);K4=(34, 40, 46, 81);m=727857323/8876747880;r=40;lambda=2/189;tail=14;scan=0;controls=0;cover=()
LEAF;E=(1, 2, 5, 9, 11, 12, 14);rank=4;a=39;P=(23, 16, 26, 39);K4=(38, 40, 46, 81);m=738299039/9921071160;r=44;lambda=229/45360;tail=29;scan=11;controls=2;cover=()
CORE;E=(1, 4, 5, 9, 11, 13, 14);K=20;rank=6;a=16;P=(24, 23, 40, 17, 19, 16);h=457087/2522520;r=26;R3=1505837/12612600;theta=43311/700700;level=43311/1401400;eps=221579/44144100;N=1046;H=17;pairs=136;paid=136;pruned=0;edges=70;ties=0;deg=6;F3=144;N3=605;tri_checks=120;K4=67;closed=True;order=(69, 143, 100, 154, 81, 75, 20, 34, 25, 38, 30, 37, 29, 31, 50, 60, 61);forward_degrees=(3, 4, 5, 5, 5, 6, 6, 6, 6, 5, 5, 4, 4, 3, 2, 1, 0);Hlabels=(20, 25, 29, 30, 31, 34, 37, 38, 50, 60, 61, 69, 75, 81, 100, 143, 154);weighted_edges=((20, 25, '1770599/25225200'), (20, 29, '1193893/18288270'), (20, 31, '2206745/31279248'), (20, 34, '45131/714714'), (20, 38, '426697/6390384'), (20, 50, '175139/2802800'), (20, 75, '1657871/25225200'), (20, 81, '594311/9081072'), (20, 154, '31627/504504'), (25, 29, '49523251/731530800'), (25, 30, '646253/8408400'), (25, 34, '26622359/428828400'), (25, 37, '59400091/933332400'), (25, 38, '3885719/59909850'), (25, 60, '144611/2102100'), (25, 61, '107521/1681680'), (29, 30, '248611/3325140'), (29, 31, '335400641/4535490960'), (29, 34, '13787041/207267060'), (29, 37, '25381/369460'), (29, 38, '59980933/926605680'), (29, 50, '5849323/81281200'), (29, 60, '10288829/146306160'), (29, 61, '140094719/2231168940'), (29, 100, '49742281/731530800'), (29, 143, '9517751/146306160'), (30, 31, '1335989/17377360'), (30, 34, '22664/315315'), (30, 37, '146621/2121210'), (30, 38, '6558983/95855760'), (30, 50, '1744411/25225200'), (30, 61, '138363/2137135'), (30, 69, '47837/703248'), (30, 75, '195603/2802800'), (30, 81, '3245819/45405360'), (30, 100, '196513/2802800'), (30, 143, '731/11440'), (30, 154, '19179/280280'), (31, 34, '32924009/531747216'), (31, 37, '72566821/1157332176'), (31, 50, '25189631/390990600'), (31, 60, '236746/3258255'), (31, 61, '13198725/212003792'), (31, 75, '2900043/43443400'), (31, 100, '5551943/86886800'), (31, 143, '10471/168168'), (31, 154, '110035/1737736'), (34, 50, '29444563/428828400'), (34, 60, '5706913/85765680'), (37, 38, '47363399/709332624'), (37, 50, '66002687/933332400'), (37, 60, '2366905/37333296'), (37, 69, '5182123/78060528'), (37, 75, '60674287/933332400'), (37, 81, '7020865/111999888'), (37, 100, '2468365/37333296'), (37, 143, '2371315/37333296'), (38, 50, '7765201/119819700'), (38, 60, '554569/8714160'), (38, 81, '1391501/21567546'), (50, 60, '411811/6306300'), (50, 61, '102798127/1538737200'), (50, 154, '1688593/25225200'), (60, 61, '6559699/102582480'), (60, 69, '158281/2417415'), (60, 75, '44867/700700'), (60, 81, '14603/206388'), (61, 75, '31885613/512912400'), (61, 100, '10623297/170970800'), (81, 154, '297481/4540536'));tie_edges=()
LEAF;E=(1, 4, 5, 9, 11, 13, 14);rank=6;a=16;P=(24, 23, 40, 17, 19, 16);K4=(29, 30, 37, 143);m=357427747/5413327920;r=36;lambda=359/60060;tail=24;scan=5;controls=2;cover=()
LEAF;E=(1, 4, 5, 9, 11, 13, 14);rank=6;a=16;P=(24, 23, 40, 17, 19, 16);K4=(30, 31, 37, 143);m=12000927/160740580;r=34;lambda=6/1001;tail=24;scan=5;controls=2;cover=()
LEAF;E=(1, 4, 5, 9, 11, 13, 14);rank=6;a=16;P=(24, 23, 40, 17, 19, 16);K4=(29, 30, 31, 143);m=67678619/1133872740;r=34;lambda=359/60060;tail=24;scan=5;controls=2;cover=()
LEAF;E=(1, 4, 5, 9, 11, 13, 14);rank=6;a=16;P=(24, 23, 40, 17, 19, 16);K4=(29, 31, 37, 143);m=566943833/8390658276;r=40;lambda=6/1001;tail=24;scan=5;controls=2;cover=()
LEAF;E=(1, 4, 5, 9, 11, 13, 14);rank=6;a=16;P=(24, 23, 40, 17, 19, 16);K4=(29, 30, 37, 100);m=1606047593/27066639600;r=36;lambda=3/350;tail=17;scan=1;controls=1;cover=()
LEAF;E=(1, 4, 5, 9, 11, 13, 14);rank=6;a=16;P=(24, 23, 40, 17, 19, 16);K4=(30, 31, 37, 100);m=693221777/9644434800;r=34;lambda=3/350;tail=17;scan=1;controls=1;cover=()
LEAF;E=(1, 4, 5, 9, 11, 13, 14);rank=6;a=16;P=(24, 23, 40, 17, 19, 16);K4=(29, 30, 31, 100);m=40566601/731530800;r=34;lambda=3/350;tail=17;scan=1;controls=1;cover=()
LEAF;E=(1, 4, 5, 9, 11, 13, 14);rank=6;a=16;P=(24, 23, 40, 17, 19, 16);K4=(29, 30, 61, 100);m=222320101/3432567600;r=34;lambda=59/12600;tail=31;scan=9;controls=2;cover=()
LEAF;E=(1, 4, 5, 9, 11, 13, 14);rank=6;a=16;P=(24, 23, 40, 17, 19, 16);K4=(30, 31, 61, 100);m=246417607/3669296400;r=38;lambda=71/15400;tail=31;scan=10;controls=2;cover=()
LEAF;E=(1, 4, 5, 9, 11, 13, 14);rank=6;a=16;P=(24, 23, 40, 17, 19, 16);K4=(29, 31, 37, 100);m=55728595103/839065827600;r=38;lambda=3/350;tail=17;scan=1;controls=1;cover=()
LEAF;E=(1, 4, 5, 9, 11, 13, 14);rank=6;a=16;P=(24, 23, 40, 17, 19, 16);K4=(29, 31, 61, 100);m=3729621331/55332989712;r=38;lambda=51/12200;tail=35;scan=13;controls=2;cover=()
LEAF;E=(1, 4, 5, 9, 11, 13, 14);rank=6;a=16;P=(24, 23, 40, 17, 19, 16);K4=(20, 31, 50, 154);m=5515253/71089200;r=34;lambda=3/539;tail=26;scan=5;controls=2;cover=()
LEAF;E=(1, 4, 5, 9, 11, 13, 14);rank=6;a=16;P=(24, 23, 40, 17, 19, 16);K4=(30, 31, 50, 154);m=1720631/23696400;r=38;lambda=3/539;tail=26;scan=6;controls=2;cover=()
LEAF;E=(1, 4, 5, 9, 11, 13, 14);rank=6;a=16;P=(24, 23, 40, 17, 19, 16);K4=(30, 37, 38, 81);m=4331339/64615320;r=38;lambda=31/6156;tail=29;scan=9;controls=2;cover=()
LEAF;E=(1, 4, 5, 9, 11, 13, 14);rank=6;a=16;P=(24, 23, 40, 17, 19, 16);K4=(37, 38, 60, 81);m=1090776431/15959984040;r=42;lambda=31/6156;tail=29;scan=9;controls=2;cover=()
LEAF;E=(1, 4, 5, 9, 11, 13, 14);rank=6;a=16;P=(24, 23, 40, 17, 19, 16);K4=(30, 31, 37, 75);m=31683173/482221740;r=32;lambda=1/100;tail=15;scan=0;controls=0;cover=()
LEAF;E=(1, 4, 5, 9, 11, 13, 14);rank=6;a=16;P=(24, 23, 40, 17, 19, 16);K4=(30, 31, 61, 75);m=59119141/917324100;r=34;lambda=19/3660;tail=28;scan=8;controls=2;cover=()
LEAF;E=(1, 4, 5, 9, 11, 13, 14);rank=6;a=16;P=(24, 23, 40, 17, 19, 16);K4=(31, 37, 60, 75);m=4348613/62222160;r=34;lambda=47/4200;tail=13;scan=0;controls=0;cover=()
LEAF;E=(1, 4, 5, 9, 11, 13, 14);rank=6;a=16;P=(24, 23, 40, 17, 19, 16);K4=(31, 60, 61, 75);m=3189134317/47700853200;r=38;lambda=109/17080;tail=23;scan=5;controls=2;cover=()
LEAF;E=(1, 4, 5, 9, 11, 13, 14);rank=6;a=16;P=(24, 23, 40, 17, 19, 16);K4=(20, 25, 29, 34);m=69792869/1130547600;r=22;lambda=41/5684;tail=20;scan=2;controls=2;cover=()
LEAF;E=(1, 4, 5, 9, 11, 13, 14);rank=6;a=16;P=(24, 23, 40, 17, 19, 16);K4=(20, 29, 31, 34);m=4834967549/77103346320;r=26;lambda=15/1972;tail=19;scan=2;controls=2;cover=()
LEAF;E=(1, 4, 5, 9, 11, 13, 14);rank=6;a=16;P=(24, 23, 40, 17, 19, 16);K4=(20, 29, 34, 50);m=8184221/125616400;r=24;lambda=173/20300;tail=17;scan=1;controls=1;cover=()
LEAF;E=(1, 4, 5, 9, 11, 13, 14);rank=6;a=16;P=(24, 23, 40, 17, 19, 16);K4=(20, 31, 34, 50);m=2582563/33569900;r=24;lambda=159/14756;tail=14;scan=0;controls=0;cover=()
LEAF;E=(1, 4, 5, 9, 11, 13, 14);rank=6;a=16;P=(24, 23, 40, 17, 19, 16);K4=(20, 25, 29, 38);m=13898279/239639400;r=24;lambda=36/5075;tail=21;scan=2;controls=2;cover=()
LEAF;E=(1, 4, 5, 9, 11, 13, 14);rank=6;a=16;P=(24, 23, 40, 17, 19, 16);K4=(20, 29, 38, 50);m=16307147/239639400;r=26;lambda=173/20300;tail=17;scan=1;controls=1;cover=()
LEAF;E=(1, 4, 5, 9, 11, 13, 14);rank=6;a=16;P=(24, 23, 40, 17, 19, 16);K4=(20, 29, 31, 50);m=194685349/2834681850;r=24;lambda=3/260;tail=13;scan=0;controls=0;cover=()
LEAF;E=(1, 4, 5, 9, 11, 13, 14);rank=6;a=16;P=(24, 23, 40, 17, 19, 16);K4=(25, 29, 30, 34);m=48005983/956617200;r=26;lambda=41/5684;tail=20;scan=2;controls=2;cover=()
LEAF;E=(1, 4, 5, 9, 11, 13, 14);rank=6;a=16;P=(24, 23, 40, 17, 19, 16);K4=(25, 29, 34, 60);m=14056115/248720472;r=28;lambda=11/1960;tail=26;scan=5;controls=2;cover=()
LEAF;E=(1, 4, 5, 9, 11, 13, 14);rank=6;a=16;P=(24, 23, 40, 17, 19, 16);K4=(29, 30, 31, 34);m=3970217201/77103346320;r=26;lambda=15/1972;tail=19;scan=2;controls=2;cover=()
LEAF;E=(1, 4, 5, 9, 11, 13, 14);rank=6;a=16;P=(24, 23, 40, 17, 19, 16);K4=(29, 30, 34, 50);m=74066011/1381780400;r=28;lambda=1/170;tail=25;scan=5;controls=2;cover=()
LEAF;E=(1, 4, 5, 9, 11, 13, 14);rank=6;a=16;P=(24, 23, 40, 17, 19, 16);K4=(30, 31, 34, 50);m=20706197/302129100;r=26;lambda=4/425;tail=16;scan=1;controls=1;cover=()
LEAF;E=(1, 4, 5, 9, 11, 13, 14);rank=6;a=16;P=(24, 23, 40, 17, 19, 16);K4=(29, 31, 34, 50);m=62399927/973527100;r=26;lambda=40/6293;tail=23;scan=5;controls=2;cover=()
LEAF;E=(1, 4, 5, 9, 11, 13, 14);rank=6;a=16;P=(24, 23, 40, 17, 19, 16);K4=(29, 31, 34, 60);m=2080980751/38551673160;r=30;lambda=15/1972;tail=19;scan=2;controls=2;cover=()
LEAF;E=(1, 4, 5, 9, 11, 13, 14);rank=6;a=16;P=(24, 23, 40, 17, 19, 16);K4=(29, 34, 50, 60);m=116476301/2072670600;r=32;lambda=1/170;tail=25;scan=5;controls=2;cover=()
LEAF;E=(1, 4, 5, 9, 11, 13, 14);rank=6;a=16;P=(24, 23, 40, 17, 19, 16);K4=(31, 34, 50, 60);m=942604021/13293680400;r=30;lambda=31/4200;tail=20;scan=2;controls=2;cover=()
LEAF;E=(1, 4, 5, 9, 11, 13, 14);rank=6;a=16;P=(24, 23, 40, 17, 19, 16);K4=(25, 30, 37, 38);m=525712597/8866657800;r=30;lambda=29/4620;tail=23;scan=5;controls=2;cover=()
LEAF;E=(1, 4, 5, 9, 11, 13, 14);rank=6;a=16;P=(24, 23, 40, 17, 19, 16);K4=(25, 29, 30, 38);m=371967241/6949542600;r=30;lambda=5/798;tail=23;scan=5;controls=2;cover=()
LEAF;E=(1, 4, 5, 9, 11, 13, 14);rank=6;a=16;P=(24, 23, 40, 17, 19, 16);K4=(25, 29, 37, 38);m=1775524757/28570341800;r=28;lambda=44/7511;tail=25;scan=5;controls=2;cover=()
LEAF;E=(1, 4, 5, 9, 11, 13, 14);rank=6;a=16;P=(24, 23, 40, 17, 19, 16);K4=(25, 37, 38, 60);m=571170667/8866657800;r=32;lambda=23/3080;tail=20;scan=2;controls=2;cover=()
LEAF;E=(1, 4, 5, 9, 11, 13, 14);rank=6;a=16;P=(24, 23, 40, 17, 19, 16);K4=(25, 29, 38, 60);m=404817709/6949542600;r=34;lambda=17/2280;tail=20;scan=2;controls=2;cover=()
LEAF;E=(1, 4, 5, 9, 11, 13, 14);rank=6;a=16;P=(24, 23, 40, 17, 19, 16);K4=(25, 29, 30, 37);m=1554343031/27066639600;r=28;lambda=17/2100;tail=18;scan=1;controls=1;cover=()
LEAF;E=(1, 4, 5, 9, 11, 13, 14);rank=6;a=16;P=(24, 23, 40, 17, 19, 16);K4=(25, 29, 30, 61);m=8111011/137302704;r=28;lambda=41/5684;tail=20;scan=2;controls=2;cover=()
LEAF;E=(1, 4, 5, 9, 11, 13, 14);rank=6;a=16;P=(24, 23, 40, 17, 19, 16);K4=(25, 29, 37, 60);m=862832647/13533319800;r=26;lambda=13/1400;tail=16;scan=1;controls=1;cover=()
LEAF;E=(1, 4, 5, 9, 11, 13, 14);rank=6;a=16;P=(24, 23, 40, 17, 19, 16);K4=(25, 29, 60, 61);m=1338379037/22311689400;r=32;lambda=109/17080;tail=23;scan=5;controls=2;cover=()
LEAF;E=(1, 4, 5, 9, 11, 13, 14);rank=6;a=16;P=(24, 23, 40, 17, 19, 16);K4=(29, 30, 37, 38);m=2000445637/34284410160;r=36;lambda=73/15428;tail=31;scan=9;controls=2;cover=()
LEAF;E=(1, 4, 5, 9, 11, 13, 14);rank=6;a=16;P=(24, 23, 40, 17, 19, 16);K4=(30, 37, 38, 50);m=586162987/8866657800;r=36;lambda=29/4620;tail=23;scan=5;controls=2;cover=()
LEAF;E=(1, 4, 5, 9, 11, 13, 14);rank=6;a=16;P=(24, 23, 40, 17, 19, 16);K4=(29, 30, 38, 50);m=441824413/6949542600;r=32;lambda=5/798;tail=23;scan=5;controls=2;cover=()
LEAF;E=(1, 4, 5, 9, 11, 13, 14);rank=6;a=16;P=(24, 23, 40, 17, 19, 16);K4=(29, 37, 38, 50);m=1665815157/28570341800;r=32;lambda=44/7511;tail=25;scan=5;controls=2;cover=()
LEAF;E=(1, 4, 5, 9, 11, 13, 14);rank=6;a=16;P=(24, 23, 40, 17, 19, 16);K4=(29, 37, 38, 60);m=142345323/2285627344;r=36;lambda=73/15428;tail=31;scan=10;controls=2;cover=()
LEAF;E=(1, 4, 5, 9, 11, 13, 14);rank=6;a=16;P=(24, 23, 40, 17, 19, 16);K4=(37, 38, 50, 60);m=615621073/8866657800;r=38;lambda=23/3080;tail=20;scan=2;controls=2;cover=()
LEAF;E=(1, 4, 5, 9, 11, 13, 14);rank=6;a=16;P=(24, 23, 40, 17, 19, 16);K4=(29, 38, 50, 60);m=91204973/1389908520;r=36;lambda=24/3325;tail=20;scan=2;controls=2;cover=()
LEAF;E=(1, 4, 5, 9, 11, 13, 14);rank=6;a=16;P=(24, 23, 40, 17, 19, 16);K4=(29, 30, 31, 37);m=9986873917/167813165520;r=30;lambda=137/12180;tail=13;scan=0;controls=0;cover=()
LEAF;E=(1, 4, 5, 9, 11, 13, 14);rank=6;a=16;P=(24, 23, 40, 17, 19, 16);K4=(29, 30, 37, 50);m=532667549/9022213200;r=32;lambda=1/105;tail=16;scan=1;controls=1;cover=()
LEAF;E=(1, 4, 5, 9, 11, 13, 14);rank=6;a=16;P=(24, 23, 40, 17, 19, 16);K4=(30, 31, 37, 50);m=531395687/7233326100;r=28;lambda=1/105;tail=16;scan=1;controls=1;cover=()
LEAF;E=(1, 4, 5, 9, 11, 13, 14);rank=6;a=16;P=(24, 23, 40, 17, 19, 16);K4=(29, 30, 31, 50);m=10886963/182882700;r=28;lambda=1/105;tail=16;scan=1;controls=1;cover=()
LEAF;E=(1, 4, 5, 9, 11, 13, 14);rank=6;a=16;P=(24, 23, 40, 17, 19, 16);K4=(29, 30, 31, 61);m=1238843129/21281919120;r=32;lambda=19/3660;tail=28;scan=8;controls=2;cover=()
LEAF;E=(1, 4, 5, 9, 11, 13, 14);rank=6;a=16;P=(24, 23, 40, 17, 19, 16);K4=(29, 30, 50, 61);m=220657139/3432567600;r=32;lambda=19/3660;tail=28;scan=8;controls=2;cover=()
LEAF;E=(1, 4, 5, 9, 11, 13, 14);rank=6;a=16;P=(24, 23, 40, 17, 19, 16);K4=(30, 31, 50, 61);m=7283593/101924900;r=32;lambda=79/11956;tail=22;scan=4;controls=2;cover=()
LEAF;E=(1, 4, 5, 9, 11, 13, 14);rank=6;a=16;P=(24, 23, 40, 17, 19, 16);K4=(29, 31, 37, 50);m=49174743/751851100;r=28;lambda=3/260;tail=13;scan=0;controls=0;cover=()
LEAF;E=(1, 4, 5, 9, 11, 13, 14);rank=6;a=16;P=(24, 23, 40, 17, 19, 16);K4=(29, 31, 37, 60);m=5275780667/83906582760;r=30;lambda=101/8120;tail=12;scan=0;controls=0;cover=()
LEAF;E=(1, 4, 5, 9, 11, 13, 14);rank=6;a=16;P=(24, 23, 40, 17, 19, 16);K4=(29, 37, 50, 60);m=18943117/300740440;r=32;lambda=3/280;tail=14;scan=0;controls=0;cover=()
LEAF;E=(1, 4, 5, 9, 11, 13, 14);rank=6;a=16;P=(24, 23, 40, 17, 19, 16);K4=(31, 37, 50, 60);m=443828377/5786660880;r=30;lambda=3/280;tail=14;scan=0;controls=0;cover=()
LEAF;E=(1, 4, 5, 9, 11, 13, 14);rank=6;a=16;P=(24, 23, 40, 17, 19, 16);K4=(29, 31, 50, 60);m=1394309561/22677454800;r=32;lambda=3/280;tail=14;scan=0;controls=0;cover=()
LEAF;E=(1, 4, 5, 9, 11, 13, 14);rank=6;a=16;P=(24, 23, 40, 17, 19, 16);K4=(29, 31, 50, 61);m=23588947559/345831185700;r=32;lambda=40/5551;tail=20;scan=2;controls=2;cover=()
LEAF;E=(1, 4, 5, 9, 11, 13, 14);rank=6;a=16;P=(24, 23, 40, 17, 19, 16);K4=(29, 31, 60, 61);m=8204085859/138332474280;r=36;lambda=109/17080;tail=23;scan=5;controls=2;cover=()
LEAF;E=(1, 4, 5, 9, 11, 13, 14);rank=6;a=16;P=(24, 23, 40, 17, 19, 16);K4=(29, 50, 60, 61);m=1401488083/22311689400;r=38;lambda=109/17080;tail=23;scan=5;controls=2;cover=()
LEAF;E=(1, 4, 5, 9, 11, 13, 14);rank=6;a=16;P=(24, 23, 40, 17, 19, 16);K4=(31, 50, 60, 61);m=1151838811/15900284400;r=36;lambda=23/3080;tail=20;scan=2;controls=2;cover=()
CORE;E=(1, 5, 7, 8, 9, 11, 12);K=20;rank=3;a=23;P=(17, 19, 23);h=271003/1487640;r=24;R3=1323953/11208015;theta=257825/4025736;level=257825/8051472;eps=82819897/13808274480;N=808;H=19;pairs=171;paid=171;pruned=0;edges=103;ties=0;deg=8;F3=454;N3=1097;tri_checks=345;K4=182;closed=True;order=(143, 32, 47, 51, 64, 31, 108, 117, 90, 26, 70, 34, 39, 30, 38, 41, 45, 68, 91);forward_degrees=(6, 7, 8, 8, 8, 8, 7, 6, 6, 7, 6, 6, 5, 5, 4, 3, 2, 1, 0);Hlabels=(26, 30, 31, 32, 34, 38, 39, 41, 45, 47, 51, 64, 68, 70, 90, 91, 108, 117, 143);weighted_edges=((26, 30, '4260889/58017960'), (26, 31, '131856937/1798556760'), (26, 34, '1475399/19339320'), (26, 38, '26953981/367447080'), (26, 41, '4129343/60993240'), (26, 45, '3819217/58017960'), (26, 47, '62366393/908948040'), (26, 51, '36113617/493152660'), (26, 64, '31043291/464143680'), (26, 68, '5264383/75869640'), (26, 70, '807893/11603592'), (26, 108, '890347/13388760'), (30, 31, '80261/1098020'), (30, 32, '28837/425040'), (30, 34, '1043771/15173928'), (30, 38, '449089/6056820'), (30, 39, '323117/4462920'), (30, 41, '229217/3267495'), (30, 45, '5189/79695'), (30, 51, '12003/172040'), (30, 68, '370639/5419260'), (30, 70, '24637/371910'), (30, 91, '17657/247940'), (30, 108, '461957/6694380'), (30, 117, '12377/180180'), (30, 143, '22756/345345'), (31, 32, '610427/8784160'), (31, 38, '6774797/93880710'), (31, 39, '129645497/1798556760'), (31, 41, '171811/2516580'), (31, 47, '2762633/40388040'), (31, 51, '324661/4869480'), (31, 64, '12298477/184467360'), (31, 91, '4971248/74939865'), (31, 108, '13812481/207525780'), (31, 117, '2234972/32117085'), (32, 34, '2043421/30347856'), (32, 39, '617233/8925840'), (32, 41, '97633/1493712'), (32, 68, '25951/394128'), (32, 91, '528193/7735728'), (34, 38, '19550599/288304632'), (34, 39, '76301789/986305320'), (34, 41, '46460063/622131048'), (34, 45, '1738181/25289880'), (34, 70, '1058291/15173928'), (34, 90, '1644703/25289880'), (34, 91, '6687931/98630532'), (34, 108, '2960681/45521784'), (34, 117, '13072009/197261064'), (34, 143, '13409675/197261064'), (38, 39, '83880343/1102341240'), (38, 41, '78059/1211364'), (38, 45, '139789/2018940'), (38, 47, '700753/10351656'), (38, 64, '135944/2119887'), (38, 68, '3541/52003'), (38, 90, '136687/2018940'), (38, 91, '194101/2826516'), (38, 117, '1040723/15747732'), (38, 143, '511249/7873866'), (39, 41, '155891537/2378736360'), (39, 45, '771605/11603592'), (39, 47, '186875879/2726844120'), (39, 51, '37013747/493152660'), (39, 64, '33416431/464143680'), (39, 68, '2862833/42882840'), (39, 70, '3979097/58017960'), (39, 90, '1291963/19339320'), (39, 108, '3823777/58017960'), (41, 45, '3076/47355'), (41, 51, '261143/3864168'), (41, 64, '20270497/292767552'), (41, 68, '982427/14812644'), (41, 90, '40253/622380'), (41, 91, '127639/1933932'), (41, 143, '146/2277'), (45, 68, '365777/5419260'), (45, 70, '3137/48510'), (45, 91, '44509/644644'), (45, 108, '89065/1338876'), (45, 117, '30711/460460'), (47, 68, '202703/3087336'), (47, 70, '11033/165816'), (47, 108, '81485/1271256'), (47, 117, '4997549/77909832'), (51, 90, '697801/10838520'), (51, 91, '87707/1289288'), (51, 117, '655351/9393384'), (51, 143, '35989/552552'), (64, 91, '2016103/30942912'), (64, 108, '689035/10711008'), (64, 117, '2065801/30942912'), (68, 70, '55586/862155'), (68, 90, '90358/1354815'), (68, 91, '3361135/49315266'), (68, 143, '479293/7045038'), (70, 91, '645647/9669660'), (70, 117, '1898177/29008980'), (90, 91, '29807/446292'), (90, 108, '110927/1673595'), (90, 117, '273121/4144140'), (108, 117, '566977/8702694'));tie_edges=()
LEAF;E=(1, 5, 7, 8, 9, 11, 12);rank=3;a=23;P=(17, 19, 23);K4=(30, 41, 51, 143);m=330894602/5054814765;r=46;lambda=211/51051;tail=35;scan=16;controls=2;cover=()
LEAF;E=(1, 5, 7, 8, 9, 11, 12);rank=3;a=23;P=(17, 19, 23);K4=(30, 34, 38, 143);m=633198851/9369900540;r=34;lambda=6/1001;tail=24;scan=6;controls=2;cover=()
LEAF;E=(1, 5, 7, 8, 9, 11, 12);rank=3;a=23;P=(17, 19, 23);K4=(30, 34, 41, 143);m=98668333/1555327620;r=34;lambda=6/1001;tail=24;scan=6;controls=2;cover=()
LEAF;E=(1, 5, 7, 8, 9, 11, 12);rank=3;a=23;P=(17, 19, 23);K4=(34, 38, 41, 143);m=2036919001/29551224780;r=38;lambda=435/76076;tail=25;scan=7;controls=2;cover=()
LEAF;E=(1, 5, 7, 8, 9, 11, 12);rank=3;a=23;P=(17, 19, 23);K4=(30, 38, 41, 143);m=3121791083/45195990840;r=38;lambda=435/76076;tail=25;scan=7;controls=2;cover=()
LEAF;E=(1, 5, 7, 8, 9, 11, 12);rank=3;a=23;P=(17, 19, 23);K4=(30, 38, 68, 143);m=78413971/1249320072;r=48;lambda=73/18088;tail=36;scan=17;controls=2;cover=()
LEAF;E=(1, 5, 7, 8, 9, 11, 12);rank=3;a=23;P=(17, 19, 23);K4=(30, 41, 68, 143);m=16419787/245081928;r=44;lambda=6/1001;tail=24;scan=6;controls=2;cover=()
LEAF;E=(1, 5, 7, 8, 9, 11, 12);rank=3;a=23;P=(17, 19, 23);K4=(38, 41, 68, 143);m=17936663197/256110614760;r=50;lambda=30/7007;tail=34;scan=16;controls=2;cover=()
LEAF;E=(1, 5, 7, 8, 9, 11, 12);rank=3;a=23;P=(17, 19, 23);K4=(30, 31, 32, 39);m=36018803/654020640;r=28;lambda=11/1984;tail=26;scan=8;controls=2;cover=()
LEAF;E=(1, 5, 7, 8, 9, 11, 12);rank=3;a=23;P=(17, 19, 23);K4=(31, 32, 39, 41);m=3580064765/58992661728;r=30;lambda=37/4368;tail=17;scan=2;controls=2;cover=()
LEAF;E=(1, 5, 7, 8, 9, 11, 12);rank=3;a=23;P=(17, 19, 23);K4=(30, 31, 32, 41);m=53802211/986499360;r=36;lambda=3/560;tail=27;scan=9;controls=2;cover=()
LEAF;E=(1, 5, 7, 8, 9, 11, 12);rank=3;a=23;P=(17, 19, 23);K4=(30, 31, 32, 91);m=11995349/218006880;r=32;lambda=67/12740;tail=28;scan=10;controls=2;cover=()
LEAF;E=(1, 5, 7, 8, 9, 11, 12);rank=3;a=23;P=(17, 19, 23);K4=(31, 32, 41, 91);m=9466241/159871712;r=32;lambda=6/637;tail=16;scan=1;controls=1;cover=()
LEAF;E=(1, 5, 7, 8, 9, 11, 12);rank=3;a=23;P=(17, 19, 23);K4=(30, 32, 34, 39);m=1070912/17612595;r=26;lambda=3/448;tail=22;scan=5;controls=2;cover=()
LEAF;E=(1, 5, 7, 8, 9, 11, 12);rank=3;a=23;P=(17, 19, 23);K4=(32, 34, 39, 41);m=76819/1346604;r=28;lambda=55/10948;tail=29;scan=11;controls=2;cover=()
LEAF;E=(1, 5, 7, 8, 9, 11, 12);rank=3;a=23;P=(17, 19, 23);K4=(30, 32, 34, 41);m=193043699/3110655240;r=32;lambda=31/6601;tail=31;scan=12;controls=2;cover=()
LEAF;E=(1, 5, 7, 8, 9, 11, 12);rank=3;a=23;P=(17, 19, 23);K4=(30, 32, 34, 91);m=13021951/197261064;r=32;lambda=69/10192;tail=22;scan=5;controls=2;cover=()
LEAF;E=(1, 5, 7, 8, 9, 11, 12);rank=3;a=23;P=(17, 19, 23);K4=(32, 34, 41, 91);m=224535299/3676228920;r=32;lambda=55/14651;tail=39;scan=19;controls=2;cover=()
LEAF;E=(1, 5, 7, 8, 9, 11, 12);rank=3;a=23;P=(17, 19, 23);K4=(30, 32, 39, 41);m=14529257/216248760;r=24;lambda=17/2583;tail=22;scan=5;controls=2;cover=()
LEAF;E=(1, 5, 7, 8, 9, 11, 12);rank=3;a=23;P=(17, 19, 23);K4=(30, 32, 39, 68);m=355118/5360355;r=32;lambda=59/7616;tail=19;scan=3;controls=2;cover=()
LEAF;E=(1, 5, 7, 8, 9, 11, 12);rank=3;a=23;P=(17, 19, 23);K4=(32, 39, 41, 68);m=282055127/4043851812;r=34;lambda=6/1127;tail=27;scan=9;controls=2;cover=()
LEAF;E=(1, 5, 7, 8, 9, 11, 12);rank=3;a=23;P=(17, 19, 23);K4=(30, 32, 41, 68);m=8585149/129610635;r=36;lambda=9/1904;tail=31;scan=12;controls=2;cover=()
LEAF;E=(1, 5, 7, 8, 9, 11, 12);rank=3;a=23;P=(17, 19, 23);K4=(30, 32, 41, 91);m=435937/7208292;r=30;lambda=34/5733;tail=25;scan=7;controls=2;cover=()
LEAF;E=(1, 5, 7, 8, 9, 11, 12);rank=3;a=23;P=(17, 19, 23);K4=(30, 32, 68, 91);m=60647341/986305320;r=36;lambda=9/1904;tail=31;scan=12;controls=2;cover=()
LEAF;E=(1, 5, 7, 8, 9, 11, 12);rank=3;a=23;P=(17, 19, 23);K4=(32, 41, 68, 91);m=3677987/58017960;r=36;lambda=401/86632;tail=31;scan=13;controls=2;cover=()
LEAF;E=(1, 5, 7, 8, 9, 11, 12);rank=3;a=23;P=(17, 19, 23);K4=(31, 47, 108, 117);m=11155951/183765582;r=48;lambda=115/19656;tail=25;scan=7;controls=2;cover=()
LEAF;E=(1, 5, 7, 8, 9, 11, 12);rank=3;a=23;P=(17, 19, 23);K4=(26, 31, 47, 108);m=30472207/517543884;r=36;lambda=107/23688;tail=32;scan=12;controls=2;cover=()
LEAF;E=(1, 5, 7, 8, 9, 11, 12);rank=3;a=23;P=(17, 19, 23);K4=(31, 39, 47, 108);m=74427131/1207602396;r=34;lambda=1/216;tail=31;scan=13;controls=2;cover=()
LEAF;E=(1, 5, 7, 8, 9, 11, 12);rank=3;a=23;P=(17, 19, 23);K4=(31, 38, 47, 117);m=9176286073/160611118668;r=36;lambda=349/62244;tail=26;scan=8;controls=2;cover=()
LEAF;E=(1, 5, 7, 8, 9, 11, 12);rank=3;a=23;P=(17, 19, 23);K4=(26, 31, 38, 47);m=884975895/17845679852;r=28;lambda=8/1953;tail=35;scan=15;controls=2;cover=()
LEAF;E=(1, 5, 7, 8, 9, 11, 12);rank=3;a=23;P=(17, 19, 23);K4=(31, 38, 39, 47);m=7872057961/160611118668;r=30;lambda=1/228;tail=33;scan=14;controls=2;cover=()
LEAF;E=(1, 5, 7, 8, 9, 11, 12);rank=3;a=23;P=(17, 19, 23);K4=(26, 47, 68, 70);m=1433115547/23178175020;r=38;lambda=9/1904;tail=31;scan=12;controls=2;cover=()
LEAF;E=(1, 5, 7, 8, 9, 11, 12);rank=3;a=23;P=(17, 19, 23);K4=(26, 38, 47, 68);m=1268654264/22019266269;r=34;lambda=47/10472;tail=32;scan=13;controls=2;cover=()
LEAF;E=(1, 5, 7, 8, 9, 11, 12);rank=3;a=23;P=(17, 19, 23);K4=(39, 47, 68, 70);m=373382302/5794543755;r=40;lambda=9/1904;tail=31;scan=13;controls=2;cover=()
LEAF;E=(1, 5, 7, 8, 9, 11, 12);rank=3;a=23;P=(17, 19, 23);K4=(38, 39, 47, 68);m=1286730245/22019266269;r=38;lambda=73/18088;tail=36;scan=18;controls=2;cover=()
LEAF;E=(1, 5, 7, 8, 9, 11, 12);rank=3;a=23;P=(17, 19, 23);K4=(30, 31, 51, 117);m=1216363/20438145;r=40;lambda=4/819;tail=30;scan=12;controls=2;cover=()
LEAF;E=(1, 5, 7, 8, 9, 11, 12);rank=3;a=23;P=(17, 19, 23);K4=(26, 30, 31, 51);m=11577029/213814440;r=30;lambda=19/3689;tail=28;scan=9;controls=2;cover=()
LEAF;E=(1, 5, 7, 8, 9, 11, 12);rank=3;a=23;P=(17, 19, 23);K4=(26, 31, 41, 51);m=4858130509/83572937448;r=30;lambda=6/1127;tail=27;scan=8;controls=2;cover=()
LEAF;E=(1, 5, 7, 8, 9, 11, 12);rank=3;a=23;P=(17, 19, 23);K4=(30, 31, 39, 51);m=154098733/2779587720;r=28;lambda=19/3689;tail=28;scan=10;controls=2;cover=()
LEAF;E=(1, 5, 7, 8, 9, 11, 12);rank=3;a=23;P=(17, 19, 23);K4=(31, 39, 41, 51);m=15016702627/250718812344;r=32;lambda=6/1127;tail=27;scan=9;controls=2;cover=()
LEAF;E=(1, 5, 7, 8, 9, 11, 12);rank=3;a=23;P=(17, 19, 23);K4=(30, 31, 41, 51);m=1320856393/24107578110;r=38;lambda=40/8211;tail=30;scan=12;controls=2;cover=()
LEAF;E=(1, 5, 7, 8, 9, 11, 12);rank=3;a=23;P=(17, 19, 23);K4=(30, 31, 51, 91);m=1364278/23163231;r=32;lambda=3/637;tail=31;scan=12;controls=2;cover=()
LEAF;E=(1, 5, 7, 8, 9, 11, 12);rank=3;a=23;P=(17, 19, 23);K4=(31, 41, 51, 91);m=654300742/10446617181;r=32;lambda=139/32487;tail=34;scan=15;controls=2;cover=()
LEAF;E=(1, 5, 7, 8, 9, 11, 12);rank=3;a=23;P=(17, 19, 23);K4=(39, 41, 51, 90);m=227289317/3676228920;r=38;lambda=25/5712;tail=33;scan=15;controls=2;cover=()
LEAF;E=(1, 5, 7, 8, 9, 11, 12);rank=3;a=23;P=(17, 19, 23);K4=(41, 51, 90, 91);m=7638025/122540964;r=46;lambda=139/32487;tail=34;scan=16;controls=2;cover=()
LEAF;E=(1, 5, 7, 8, 9, 11, 12);rank=3;a=23;P=(17, 19, 23);K4=(26, 30, 41, 51);m=73324399/1225409640;r=28;lambda=17/2583;tail=22;scan=5;controls=2;cover=()
LEAF;E=(1, 5, 7, 8, 9, 11, 12);rank=3;a=23;P=(17, 19, 23);K4=(30, 39, 41, 51);m=226590073/3676228920;r=28;lambda=17/2583;tail=22;scan=5;controls=2;cover=()
LEAF;E=(1, 5, 7, 8, 9, 11, 12);rank=3;a=23;P=(17, 19, 23);K4=(30, 41, 51, 91);m=12022503/204234940;r=32;lambda=34/5733;tail=25;scan=7;controls=2;cover=()
LEAF;E=(1, 5, 7, 8, 9, 11, 12);rank=3;a=23;P=(17, 19, 23);K4=(31, 64, 108, 117);m=5538719/87202752;r=50;lambda=97/24192;tail=36;scan=17;controls=2;cover=()
LEAF;E=(1, 5, 7, 8, 9, 11, 12);rank=3;a=23;P=(17, 19, 23);K4=(26, 31, 64, 108);m=2466799/37372608;r=36;lambda=25/5208;tail=30;scan=11;controls=2;cover=()
LEAF;E=(1, 5, 7, 8, 9, 11, 12);rank=3;a=23;P=(17, 19, 23);K4=(31, 39, 64, 108);m=253379/4004208;r=38;lambda=25/5208;tail=30;scan=12;controls=2;cover=()
LEAF;E=(1, 5, 7, 8, 9, 11, 12);rank=3;a=23;P=(17, 19, 23);K4=(31, 38, 64, 117);m=157513813/2485278432;r=36;lambda=575/104832;tail=27;scan=9;controls=2;cover=()
LEAF;E=(1, 5, 7, 8, 9, 11, 12);rank=3;a=23;P=(17, 19, 23);K4=(26, 31, 38, 64);m=4542607/78897728;r=26;lambda=17/3472;tail=30;scan=11;controls=2;cover=()
LEAF;E=(1, 5, 7, 8, 9, 11, 12);rank=3;a=23;P=(17, 19, 23);K4=(26, 31, 41, 64);m=5206907/85126496;r=28;lambda=5/896;tail=26;scan=8;controls=2;cover=()
LEAF;E=(1, 5, 7, 8, 9, 11, 12);rank=3;a=23;P=(17, 19, 23);K4=(31, 38, 39, 64);m=19112159/355039776;r=28;lambda=149/34944;tail=34;scan=15;controls=2;cover=()
LEAF;E=(1, 5, 7, 8, 9, 11, 12);rank=3;a=23;P=(17, 19, 23);K4=(31, 39, 41, 64);m=91611707/1532276928;r=32;lambda=5/896;tail=26;scan=8;controls=2;cover=()
LEAF;E=(1, 5, 7, 8, 9, 11, 12);rank=3;a=23;P=(17, 19, 23);K4=(31, 38, 41, 64);m=179000533/2781291744;r=34;lambda=81/20608;tail=37;scan=18;controls=2;cover=()
LEAF;E=(1, 5, 7, 8, 9, 11, 12);rank=3;a=23;P=(17, 19, 23);K4=(31, 38, 64, 91);m=36498573/552284096;r=32;lambda=433/81536;tail=27;scan=9;controls=2;cover=()
LEAF;E=(1, 5, 7, 8, 9, 11, 12);rank=3;a=23;P=(17, 19, 23);K4=(31, 41, 64, 91);m=1816223/29067584;r=34;lambda=447/81536;tail=27;scan=9;controls=2;cover=()
LEAF;E=(1, 5, 7, 8, 9, 11, 12);rank=3;a=23;P=(17, 19, 23);K4=(26, 38, 41, 64);m=6855063/104348608;r=26;lambda=17/2583;tail=22;scan=5;controls=2;cover=()
LEAF;E=(1, 5, 7, 8, 9, 11, 12);rank=3;a=23;P=(17, 19, 23);K4=(38, 39, 41, 64);m=59327027/939137472;r=28;lambda=17/2583;tail=22;scan=5;controls=2;cover=()
LEAF;E=(1, 5, 7, 8, 9, 11, 12);rank=3;a=23;P=(17, 19, 23);K4=(38, 41, 64, 91);m=129044043/1826100640;r=34;lambda=34/5733;tail=25;scan=7;controls=2;cover=()
LEAF;E=(1, 5, 7, 8, 9, 11, 12);rank=3;a=23;P=(17, 19, 23);K4=(30, 31, 108, 117);m=5742241/98103096;r=46;lambda=115/19656;tail=25;scan=7;controls=2;cover=()
LEAF;E=(1, 5, 7, 8, 9, 11, 12);rank=3;a=23;P=(17, 19, 23);K4=(26, 30, 31, 108);m=390479/7007364;r=34;lambda=25/5208;tail=30;scan=11;controls=2;cover=()
LEAF;E=(1, 5, 7, 8, 9, 11, 12);rank=3;a=23;P=(17, 19, 23);K4=(30, 31, 39, 108);m=99952/1751841;r=36;lambda=25/5208;tail=30;scan=12;controls=2;cover=()
LEAF;E=(1, 5, 7, 8, 9, 11, 12);rank=3;a=23;P=(17, 19, 23);K4=(30, 31, 38, 117);m=4386413/79656360;r=32;lambda=349/62244;tail=26;scan=8;controls=2;cover=()
LEAF;E=(1, 5, 7, 8, 9, 11, 12);rank=3;a=23;P=(17, 19, 23);K4=(26, 30, 31, 38);m=4895425/103553268;r=22;lambda=17/3472;tail=30;scan=11;controls=2;cover=()
LEAF;E=(1, 5, 7, 8, 9, 11, 12);rank=3;a=23;P=(17, 19, 23);K4=(26, 30, 31, 41);m=60458017/1117285260;r=26;lambda=59/9660;tail=24;scan=6;controls=2;cover=()
LEAF;E=(1, 5, 7, 8, 9, 11, 12);rank=3;a=23;P=(17, 19, 23);K4=(26, 31, 38, 41);m=921777713/15567507956;r=24;lambda=145/21812;tail=22;scan=5;controls=2;cover=()
LEAF;E=(1, 5, 7, 8, 9, 11, 12);rank=3;a=23;P=(17, 19, 23);K4=(30, 31, 38, 39);m=74023631/1553299020;r=26;lambda=1/228;tail=33;scan=13;controls=2;cover=()
LEAF;E=(1, 5, 7, 8, 9, 11, 12);rank=3;a=23;P=(17, 19, 23);K4=(30, 31, 39, 41);m=39667475/670371156;r=26;lambda=59/9660;tail=24;scan=6;controls=2;cover=()
LEAF;E=(1, 5, 7, 8, 9, 11, 12);rank=3;a=23;P=(17, 19, 23);K4=(31, 38, 39, 41);m=8475645037/140107571604;r=30;lambda=145/21812;tail=22;scan=5;controls=2;cover=()
LEAF;E=(1, 5, 7, 8, 9, 11, 12);rank=3;a=23;P=(17, 19, 23);K4=(30, 31, 38, 41);m=191167811/3476614680;r=32;lambda=79/12236;tail=23;scan=6;controls=2;cover=()
LEAF;E=(1, 5, 7, 8, 9, 11, 12);rank=3;a=23;P=(17, 19, 23);K4=(30, 31, 38, 91);m=11118425/207106536;r=30;lambda=263/48412;tail=27;scan=9;controls=2;cover=()
LEAF;E=(1, 5, 7, 8, 9, 11, 12);rank=3;a=23;P=(17, 19, 23);K4=(30, 31, 41, 91);m=124325507/2234570520;r=28;lambda=179/26117;tail=21;scan=4;controls=2;cover=()
LEAF;E=(1, 5, 7, 8, 9, 11, 12);rank=3;a=23;P=(17, 19, 23);K4=(31, 38, 41, 91);m=106874567/1638685048;r=30;lambda=172/26117;tail=22;scan=5;controls=2;cover=()
LEAF;E=(1, 5, 7, 8, 9, 11, 12);rank=3;a=23;P=(17, 19, 23);K4=(34, 90, 108, 117);m=7891573/113804460;r=54;lambda=5/1092;tail=32;scan=14;controls=2;cover=()
LEAF;E=(1, 5, 7, 8, 9, 11, 12);rank=3;a=23;P=(17, 19, 23);K4=(30, 34, 108, 117);m=104895829/1479457980;r=40;lambda=115/19656;tail=25;scan=7;controls=2;cover=()
LEAF;E=(1, 5, 7, 8, 9, 11, 12);rank=3;a=23;P=(17, 19, 23);K4=(34, 45, 108, 117);m=5856509/87026940;r=42;lambda=5/1092;tail=32;scan=14;controls=2;cover=()
LEAF;E=(1, 5, 7, 8, 9, 11, 12);rank=3;a=23;P=(17, 19, 23);K4=(30, 45, 108, 117);m=11330251/174053880;r=48;lambda=43/6552;tail=22;scan=5;controls=2;cover=()
LEAF;E=(1, 5, 7, 8, 9, 11, 12);rank=3;a=23;P=(17, 19, 23);K4=(34, 39, 90, 108);m=13764857/211351140;r=38;lambda=1/168;tail=25;scan=7;controls=2;cover=()
LEAF;E=(1, 5, 7, 8, 9, 11, 12);rank=3;a=23;P=(17, 19, 23);K4=(26, 30, 34, 108);m=3359971/52837785;r=28;lambda=1/126;tail=19;scan=3;controls=2;cover=()
LEAF;E=(1, 5, 7, 8, 9, 11, 12);rank=3;a=23;P=(17, 19, 23);K4=(26, 34, 45, 108);m=1976239/30193020;r=28;lambda=1/168;tail=25;scan=7;controls=2;cover=()
LEAF;E=(1, 5, 7, 8, 9, 11, 12);rank=3;a=23;P=(17, 19, 23);K4=(26, 30, 45, 108);m=829711/12432420;r=34;lambda=1/126;tail=19;scan=3;controls=2;cover=()
LEAF;E=(1, 5, 7, 8, 9, 11, 12);rank=3;a=23;P=(17, 19, 23);K4=(30, 34, 39, 108);m=13371629/211351140;r=32;lambda=1/168;tail=25;scan=7;controls=2;cover=()
LEAF;E=(1, 5, 7, 8, 9, 11, 12);rank=3;a=23;P=(17, 19, 23);K4=(34, 39, 45, 108);m=62311/956340;r=30;lambda=1/168;tail=25;scan=7;controls=2;cover=()
LEAF;E=(1, 5, 7, 8, 9, 11, 12);rank=3;a=23;P=(17, 19, 23);K4=(30, 34, 45, 108);m=8031811/113804460;r=38;lambda=1/168;tail=25;scan=7;controls=2;cover=()
LEAF;E=(1, 5, 7, 8, 9, 11, 12);rank=3;a=23;P=(17, 19, 23);K4=(30, 39, 45, 108);m=13711/207207;r=36;lambda=1/126;tail=19;scan=3;controls=2;cover=()
LEAF;E=(1, 5, 7, 8, 9, 11, 12);rank=3;a=23;P=(17, 19, 23);K4=(34, 38, 90, 117);m=328374577/4684950270;r=40;lambda=14/2691;tail=28;scan=10;controls=2;cover=()
LEAF;E=(1, 5, 7, 8, 9, 11, 12);rank=3;a=23;P=(17, 19, 23);K4=(30, 34, 70, 117);m=17421337/246576330;r=34;lambda=569/114660;tail=29;scan=11;controls=2;cover=()
LEAF;E=(1, 5, 7, 8, 9, 11, 12);rank=3;a=23;P=(17, 19, 23);K4=(34, 45, 70, 117);m=542326/8219211;r=40;lambda=5/1092;tail=32;scan=14;controls=2;cover=()
LEAF;E=(1, 5, 7, 8, 9, 11, 12);rank=3;a=23;P=(17, 19, 23);K4=(30, 45, 70, 117);m=456823/6446440;r=40;lambda=2/273;tail=20;scan=3;controls=2;cover=()
LEAF;E=(1, 5, 7, 8, 9, 11, 12);rank=3;a=23;P=(17, 19, 23);K4=(30, 34, 38, 117);m=157555933/2342475135;r=30;lambda=349/62244;tail=26;scan=8;controls=2;cover=()
LEAF;E=(1, 5, 7, 8, 9, 11, 12);rank=3;a=23;P=(17, 19, 23);K4=(30, 34, 45, 117);m=8519527/123288165;r=32;lambda=14/2691;tail=28;scan=10;controls=2;cover=()
LEAF;E=(1, 5, 7, 8, 9, 11, 12);rank=3;a=23;P=(17, 19, 23);K4=(34, 38, 45, 117);m=21043273/312330018;r=34;lambda=14/2691;tail=28;scan=10;controls=2;cover=()
LEAF;E=(1, 5, 7, 8, 9, 11, 12);rank=3;a=23;P=(17, 19, 23);K4=(30, 38, 45, 117);m=3678359/58017960;r=36;lambda=45/6916;tail=22;scan=5;controls=2;cover=()
LEAF;E=(1, 5, 7, 8, 9, 11, 12);rank=3;a=23;P=(17, 19, 23);K4=(34, 38, 39, 90);m=38075171/669278610;r=28;lambda=25/6279;tail=36;scan=17;controls=2;cover=()
LEAF;E=(1, 5, 7, 8, 9, 11, 12);rank=3;a=23;P=(17, 19, 23);K4=(34, 39, 41, 90);m=3848041/65646945;r=30;lambda=11/2520;tail=33;scan=15;controls=2;cover=()
LEAF;E=(1, 5, 7, 8, 9, 11, 12);rank=3;a=23;P=(17, 19, 23);K4=(34, 38, 41, 90);m=54601062/820867355;r=36;lambda=31/6601;tail=31;scan=13;controls=2;cover=()
LEAF;E=(1, 5, 7, 8, 9, 11, 12);rank=3;a=23;P=(17, 19, 23);K4=(34, 38, 90, 91);m=243957877/3747960216;r=40;lambda=3/637;tail=31;scan=13;controls=2;cover=()
LEAF;E=(1, 5, 7, 8, 9, 11, 12);rank=3;a=23;P=(17, 19, 23);K4=(34, 41, 90, 91);m=77729683/1225409640;r=40;lambda=11/2520;tail=33;scan=15;controls=2;cover=()
LEAF;E=(1, 5, 7, 8, 9, 11, 12);rank=3;a=23;P=(17, 19, 23);K4=(38, 39, 41, 90);m=190558/3003455;r=34;lambda=26/5985;tail=33;scan=15;controls=2;cover=()
LEAF;E=(1, 5, 7, 8, 9, 11, 12);rank=3;a=23;P=(17, 19, 23);K4=(38, 39, 68, 90);m=109387475/1873980108;r=42;lambda=1/266;tail=39;scan=20;controls=2;cover=()
LEAF;E=(1, 5, 7, 8, 9, 11, 12);rank=3;a=23;P=(17, 19, 23);K4=(39, 41, 68, 90);m=31326403/459528615;r=40;lambda=9/1904;tail=31;scan=13;controls=2;cover=()
LEAF;E=(1, 5, 7, 8, 9, 11, 12);rank=3;a=23;P=(17, 19, 23);K4=(38, 41, 68, 90);m=3886087463/59102449560;r=50;lambda=29/8820;tail=44;scan=24;controls=2;cover=()
LEAF;E=(1, 5, 7, 8, 9, 11, 12);rank=3;a=23;P=(17, 19, 23);K4=(38, 41, 90, 91);m=54054331/821745288;r=44;lambda=491/114660;tail=34;scan=16;controls=2;cover=()
LEAF;E=(1, 5, 7, 8, 9, 11, 12);rank=3;a=23;P=(17, 19, 23);K4=(38, 68, 90, 91);m=9192411/160169240;r=52;lambda=407/114660;tail=41;scan=22;controls=2;cover=()
LEAF;E=(1, 5, 7, 8, 9, 11, 12);rank=3;a=23;P=(17, 19, 23);K4=(41, 68, 90, 91);m=230127427/3676228920;r=48;lambda=401/86632;tail=31;scan=13;controls=2;cover=()
LEAF;E=(1, 5, 7, 8, 9, 11, 12);rank=3;a=23;P=(17, 19, 23);K4=(26, 30, 34, 70);m=5110849/82192110;r=26;lambda=3/490;tail=24;scan=6;controls=2;cover=()
LEAF;E=(1, 5, 7, 8, 9, 11, 12);rank=3;a=23;P=(17, 19, 23);K4=(26, 34, 45, 70);m=327755/5479474;r=32;lambda=3/490;tail=24;scan=6;controls=2;cover=()
LEAF;E=(1, 5, 7, 8, 9, 11, 12);rank=3;a=23;P=(17, 19, 23);K4=(26, 30, 45, 70);m=1029059/14504490;r=32;lambda=89/8820;tail=15;scan=0;controls=0;cover=()
LEAF;E=(1, 5, 7, 8, 9, 11, 12);rank=3;a=23;P=(17, 19, 23);K4=(26, 30, 68, 70);m=43019/630630;r=30;lambda=239/33320;tail=20;scan=3;controls=2;cover=()
LEAF;E=(1, 5, 7, 8, 9, 11, 12);rank=3;a=23;P=(17, 19, 23);K4=(26, 45, 68, 70);m=4603429/70450380;r=38;lambda=239/33320;tail=20;scan=3;controls=2;cover=()
LEAF;E=(1, 5, 7, 8, 9, 11, 12);rank=3;a=23;P=(17, 19, 23);K4=(26, 30, 34, 38);m=36787313/669278610;r=20;lambda=25/2576;tail=15;scan=0;controls=0;cover=()
LEAF;E=(1, 5, 7, 8, 9, 11, 12);rank=3;a=23;P=(17, 19, 23);K4=(26, 30, 34, 41);m=7479803/131293890;r=22;lambda=73/14924;tail=30;scan=11;controls=2;cover=()
LEAF;E=(1, 5, 7, 8, 9, 11, 12);rank=3;a=23;P=(17, 19, 23);K4=(26, 30, 34, 45);m=1136692/17612595;r=22;lambda=11/1260;tail=17;scan=2;controls=2;cover=()
LEAF;E=(1, 5, 7, 8, 9, 11, 12);rank=3;a=23;P=(17, 19, 23);K4=(26, 34, 38, 41);m=4265059/71273826;r=20;lambda=55/10948;tail=29;scan=10;controls=2;cover=()
LEAF;E=(1, 5, 7, 8, 9, 11, 12);rank=3;a=23;P=(17, 19, 23);K4=(26, 34, 38, 45);m=19650478/334639305;r=22;lambda=43/7245;tail=25;scan=7;controls=2;cover=()
LEAF;E=(1, 5, 7, 8, 9, 11, 12);rank=3;a=23;P=(17, 19, 23);K4=(26, 34, 41, 45);m=1553527/26258778;r=22;lambda=55/10948;tail=29;scan=10;controls=2;cover=()
LEAF;E=(1, 5, 7, 8, 9, 11, 12);rank=3;a=23;P=(17, 19, 23);K4=(26, 30, 38, 41);m=4249003/68478774;r=20;lambda=17/2583;tail=22;scan=5;controls=2;cover=()
LEAF;E=(1, 5, 7, 8, 9, 11, 12);rank=3;a=23;P=(17, 19, 23);K4=(26, 30, 38, 45);m=5513609/91861770;r=24;lambda=37/4788;tail=19;scan=3;controls=2;cover=()
LEAF;E=(1, 5, 7, 8, 9, 11, 12);rank=3;a=23;P=(17, 19, 23);K4=(26, 30, 38, 68);m=519552941/9369900540;r=28;lambda=87/18088;tail=30;scan=11;controls=2;cover=()
LEAF;E=(1, 5, 7, 8, 9, 11, 12);rank=3;a=23;P=(17, 19, 23);K4=(26, 30, 41, 45);m=3847531/54062190;r=24;lambda=17/2583;tail=22;scan=5;controls=2;cover=()
LEAF;E=(1, 5, 7, 8, 9, 11, 12);rank=3;a=23;P=(17, 19, 23);K4=(26, 30, 41, 68);m=2608553/39959010;r=26;lambda=73/14924;tail=30;scan=11;controls=2;cover=()
LEAF;E=(1, 5, 7, 8, 9, 11, 12);rank=3;a=23;P=(17, 19, 23);K4=(26, 30, 45, 68);m=1432099/21441420;r=28;lambda=419/42840;tail=15;scan=0;controls=0;cover=()
LEAF;E=(1, 5, 7, 8, 9, 11, 12);rank=3;a=23;P=(17, 19, 23);K4=(26, 38, 41, 45);m=606289/9010365;r=24;lambda=17/2583;tail=22;scan=5;controls=2;cover=()
LEAF;E=(1, 5, 7, 8, 9, 11, 12);rank=3;a=23;P=(17, 19, 23);K4=(26, 38, 41, 68);m=1283703986/19208296107;r=30;lambda=6/1127;tail=27;scan=8;controls=2;cover=()
LEAF;E=(1, 5, 7, 8, 9, 11, 12);rank=3;a=23;P=(17, 19, 23);K4=(26, 38, 45, 68);m=274999717/4684950270;r=32;lambda=6/1127;tail=27;scan=8;controls=2;cover=()
LEAF;E=(1, 5, 7, 8, 9, 11, 12);rank=3;a=23;P=(17, 19, 23);K4=(26, 41, 45, 68);m=24618469/367622892;r=28;lambda=6/1127;tail=27;scan=8;controls=2;cover=()
LEAF;E=(1, 5, 7, 8, 9, 11, 12);rank=3;a=23;P=(17, 19, 23);K4=(30, 34, 39, 70);m=7904231/123288165;r=30;lambda=3/490;tail=24;scan=6;controls=2;cover=()
LEAF;E=(1, 5, 7, 8, 9, 11, 12);rank=3;a=23;P=(17, 19, 23);K4=(34, 39, 45, 70);m=5006063/82192110;r=32;lambda=3/490;tail=24;scan=6;controls=2;cover=()
LEAF;E=(1, 5, 7, 8, 9, 11, 12);rank=3;a=23;P=(17, 19, 23);K4=(30, 34, 45, 70);m=2722429/37934820;r=38;lambda=3/490;tail=24;scan=6;controls=2;cover=()
LEAF;E=(1, 5, 7, 8, 9, 11, 12);rank=3;a=23;P=(17, 19, 23);K4=(30, 34, 70, 91);m=67082231/986305320;r=36;lambda=61/12740;tail=30;scan=12;controls=2;cover=()
LEAF;E=(1, 5, 7, 8, 9, 11, 12);rank=3;a=23;P=(17, 19, 23);K4=(34, 45, 70, 91);m=517057/8288280;r=42;lambda=47/12740;tail=39;scan=20;controls=2;cover=()
LEAF;E=(1, 5, 7, 8, 9, 11, 12);rank=3;a=23;P=(17, 19, 23);K4=(30, 39, 45, 70);m=533587/7252245;r=32;lambda=89/8820;tail=15;scan=0;controls=0;cover=()
LEAF;E=(1, 5, 7, 8, 9, 11, 12);rank=3;a=23;P=(17, 19, 23);K4=(30, 39, 68, 70);m=3463165/49315266;r=38;lambda=239/33320;tail=20;scan=3;controls=2;cover=()
LEAF;E=(1, 5, 7, 8, 9, 11, 12);rank=3;a=23;P=(17, 19, 23);K4=(39, 45, 68, 70);m=33949001/493152660;r=38;lambda=239/33320;tail=20;scan=3;controls=2;cover=()
LEAF;E=(1, 5, 7, 8, 9, 11, 12);rank=3;a=23;P=(17, 19, 23);K4=(30, 45, 68, 70);m=5496019/75869640;r=44;lambda=239/33320;tail=20;scan=3;controls=2;cover=()
LEAF;E=(1, 5, 7, 8, 9, 11, 12);rank=3;a=23;P=(17, 19, 23);K4=(30, 45, 70, 91);m=433591/6446440;r=40;lambda=34/5733;tail=25;scan=7;controls=2;cover=()
LEAF;E=(1, 5, 7, 8, 9, 11, 12);rank=3;a=23;P=(17, 19, 23);K4=(30, 68, 70, 91);m=9519709/140900760;r=38;lambda=401/86632;tail=31;scan=12;controls=2;cover=()
LEAF;E=(1, 5, 7, 8, 9, 11, 12);rank=3;a=23;P=(17, 19, 23);K4=(45, 68, 70, 91);m=61914343/986305320;r=42;lambda=401/86632;tail=31;scan=13;controls=2;cover=()
LEAF;E=(1, 5, 7, 8, 9, 11, 12);rank=3;a=23;P=(17, 19, 23);K4=(30, 34, 38, 39);m=921419/17160990;r=26;lambda=1/228;tail=33;scan=14;controls=2;cover=()
LEAF;E=(1, 5, 7, 8, 9, 11, 12);rank=3;a=23;P=(17, 19, 23);K4=(30, 34, 39, 41);m=1943/32062;r=22;lambda=5/861;tail=25;scan=7;controls=2;cover=()
LEAF;E=(1, 5, 7, 8, 9, 11, 12);rank=3;a=23;P=(17, 19, 23);K4=(30, 34, 39, 45);m=1150717/17612595;r=22;lambda=11/1260;tail=17;scan=2;controls=2;cover=()
LEAF;E=(1, 5, 7, 8, 9, 11, 12);rank=3;a=23;P=(17, 19, 23);K4=(34, 38, 39, 41);m=9819811/166305594;r=28;lambda=55/10948;tail=29;scan=11;controls=2;cover=()
LEAF;E=(1, 5, 7, 8, 9, 11, 12);rank=3;a=23;P=(17, 19, 23);K4=(34, 38, 39, 45);m=18823234/334639305;r=26;lambda=55/10948;tail=29;scan=11;controls=2;cover=()
LEAF;E=(1, 5, 7, 8, 9, 11, 12);rank=3;a=23;P=(17, 19, 23);K4=(34, 39, 41, 45);m=12797/224434;r=26;lambda=55/10948;tail=29;scan=11;controls=2;cover=()
LEAF;E=(1, 5, 7, 8, 9, 11, 12);rank=3;a=23;P=(17, 19, 23);K4=(30, 34, 38, 41);m=27297131/434576835;r=30;lambda=79/12236;tail=23;scan=6;controls=2;cover=()
LEAF;E=(1, 5, 7, 8, 9, 11, 12);rank=3;a=23;P=(17, 19, 23);K4=(30, 34, 38, 45);m=22959301/360380790;r=32;lambda=43/7245;tail=25;scan=7;controls=2;cover=()
LEAF;E=(1, 5, 7, 8, 9, 11, 12);rank=3;a=23;P=(17, 19, 23);K4=(30, 34, 38, 91);m=234589837/3747960216;r=32;lambda=69/10192;tail=22;scan=5;controls=2;cover=()
LEAF;E=(1, 5, 7, 8, 9, 11, 12);rank=3;a=23;P=(17, 19, 23);K4=(30, 34, 41, 45);m=33277501/518442540;r=32;lambda=31/6601;tail=31;scan=12;controls=2;cover=()
LEAF;E=(1, 5, 7, 8, 9, 11, 12);rank=3;a=23;P=(17, 19, 23);K4=(30, 34, 41, 91);m=228299573/3676228920;r=28;lambda=179/26117;tail=21;scan=4;controls=2;cover=()
LEAF;E=(1, 5, 7, 8, 9, 11, 12);rank=3;a=23;P=(17, 19, 23);K4=(30, 34, 45, 91);m=66206851/986305320;r=32;lambda=149/28665;tail=28;scan=10;controls=2;cover=()
LEAF;E=(1, 5, 7, 8, 9, 11, 12);rank=3;a=23;P=(17, 19, 23);K4=(34, 38, 41, 45);m=41539403/642417930;r=32;lambda=55/10948;tail=29;scan=11;controls=2;cover=()
LEAF;E=(1, 5, 7, 8, 9, 11, 12);rank=3;a=23;P=(17, 19, 23);K4=(34, 38, 41, 91);m=4639169111/69848349480;r=32;lambda=263/48412;tail=27;scan=9;controls=2;cover=()
LEAF;E=(1, 5, 7, 8, 9, 11, 12);rank=3;a=23;P=(17, 19, 23);K4=(34, 38, 45, 91);m=1159734929/18739801080;r=36;lambda=3/637;tail=31;scan=13;controls=2;cover=()
LEAF;E=(1, 5, 7, 8, 9, 11, 12);rank=3;a=23;P=(17, 19, 23);K4=(34, 41, 45, 91);m=13202017/216248760;r=32;lambda=55/14651;tail=39;scan=20;controls=2;cover=()
LEAF;E=(1, 5, 7, 8, 9, 11, 12);rank=3;a=23;P=(17, 19, 23);K4=(30, 38, 39, 41);m=5006831/79013970;r=24;lambda=17/2583;tail=22;scan=5;controls=2;cover=()
LEAF;E=(1, 5, 7, 8, 9, 11, 12);rank=3;a=23;P=(17, 19, 23);K4=(30, 38, 39, 45);m=1826833/30620590;r=26;lambda=37/4788;tail=19;scan=3;controls=2;cover=()
LEAF;E=(1, 5, 7, 8, 9, 11, 12);rank=3;a=23;P=(17, 19, 23);K4=(30, 38, 39, 68);m=263520403/4684950270;r=36;lambda=87/18088;tail=30;scan=12;controls=2;cover=()
LEAF;E=(1, 5, 7, 8, 9, 11, 12);rank=3;a=23;P=(17, 19, 23);K4=(30, 39, 41, 45);m=1281941/18020730;r=24;lambda=17/2583;tail=22;scan=5;controls=2;cover=()
LEAF;E=(1, 5, 7, 8, 9, 11, 12);rank=3;a=23;P=(17, 19, 23);K4=(30, 39, 41, 68);m=130926353/1838114460;r=28;lambda=213/39032;tail=27;scan=9;controls=2;cover=()
LEAF;E=(1, 5, 7, 8, 9, 11, 12);rank=3;a=23;P=(17, 19, 23);K4=(30, 39, 45, 68);m=11566063/164384220;r=30;lambda=419/42840;tail=15;scan=0;controls=0;cover=()
LEAF;E=(1, 5, 7, 8, 9, 11, 12);rank=3;a=23;P=(17, 19, 23);K4=(38, 39, 41, 45);m=2553511/39506985;r=28;lambda=17/2583;tail=22;scan=5;controls=2;cover=()
LEAF;E=(1, 5, 7, 8, 9, 11, 12);rank=3;a=23;P=(17, 19, 23);K4=(38, 39, 41, 68);m=1344202655/19208296107;r=36;lambda=6/1127;tail=27;scan=9;controls=2;cover=()
LEAF;E=(1, 5, 7, 8, 9, 11, 12);rank=3;a=23;P=(17, 19, 23);K4=(38, 39, 45, 68);m=63117403/1041100060;r=34;lambda=6/1127;tail=27;scan=9;controls=2;cover=()
LEAF;E=(1, 5, 7, 8, 9, 11, 12);rank=3;a=23;P=(17, 19, 23);K4=(39, 41, 45, 68);m=6384415/91905723;r=30;lambda=6/1127;tail=27;scan=9;controls=2;cover=()
LEAF;E=(1, 5, 7, 8, 9, 11, 12);rank=3;a=23;P=(17, 19, 23);K4=(30, 38, 41, 45);m=46923505/695322936;r=34;lambda=17/2583;tail=22;scan=5;controls=2;cover=()
LEAF;E=(1, 5, 7, 8, 9, 11, 12);rank=3;a=23;P=(17, 19, 23);K4=(30, 38, 41, 68);m=1262875469/19700816520;r=38;lambda=73/18088;tail=36;scan=17;controls=2;cover=()
LEAF;E=(1, 5, 7, 8, 9, 11, 12);rank=3;a=23;P=(17, 19, 23);K4=(30, 38, 41, 91);m=6572477/105351960;r=30;lambda=34/5733;tail=25;scan=7;controls=2;cover=()
LEAF;E=(1, 5, 7, 8, 9, 11, 12);rank=3;a=23;P=(17, 19, 23);K4=(30, 38, 45, 68);m=5653859/96101544;r=42;lambda=87/18088;tail=30;scan=12;controls=2;cover=()
LEAF;E=(1, 5, 7, 8, 9, 11, 12);rank=3;a=23;P=(17, 19, 23);K4=(30, 38, 45, 91);m=558893/9421720;r=36;lambda=34/5733;tail=25;scan=7;controls=2;cover=()
LEAF;E=(1, 5, 7, 8, 9, 11, 12);rank=3;a=23;P=(17, 19, 23);K4=(30, 38, 68, 91);m=1067166343/18739801080;r=38;lambda=9/1904;tail=31;scan=12;controls=2;cover=()
LEAF;E=(1, 5, 7, 8, 9, 11, 12);rank=3;a=23;P=(17, 19, 23);K4=(30, 41, 45, 68);m=42271577/622131048;r=36;lambda=9/1904;tail=31;scan=12;controls=2;cover=()
LEAF;E=(1, 5, 7, 8, 9, 11, 12);rank=3;a=23;P=(17, 19, 23);K4=(30, 41, 45, 91);m=2786429/43249752;r=32;lambda=34/5733;tail=25;scan=7;controls=2;cover=()
LEAF;E=(1, 5, 7, 8, 9, 11, 12);rank=3;a=23;P=(17, 19, 23);K4=(30, 41, 68, 91);m=46557899/735245784;r=30;lambda=31/5096;tail=24;scan=6;controls=2;cover=()
LEAF;E=(1, 5, 7, 8, 9, 11, 12);rank=3;a=23;P=(17, 19, 23);K4=(30, 45, 68, 91);m=6814447/109589480;r=36;lambda=149/28665;tail=28;scan=10;controls=2;cover=()
LEAF;E=(1, 5, 7, 8, 9, 11, 12);rank=3;a=23;P=(17, 19, 23);K4=(38, 41, 45, 68);m=3947507591/59102449560;r=38;lambda=6/1127;tail=27;scan=9;controls=2;cover=()
LEAF;E=(1, 5, 7, 8, 9, 11, 12);rank=3;a=23;P=(17, 19, 23);K4=(38, 41, 45, 91);m=30215043/456525160;r=34;lambda=34/5733;tail=25;scan=7;controls=2;cover=()
LEAF;E=(1, 5, 7, 8, 9, 11, 12);rank=3;a=23;P=(17, 19, 23);K4=(38, 41, 68, 91);m=52810564571/768331844280;r=36;lambda=171/39032;tail=33;scan=15;controls=2;cover=()
LEAF;E=(1, 5, 7, 8, 9, 11, 12);rank=3;a=23;P=(17, 19, 23);K4=(38, 45, 68, 91);m=1069699819/18739801080;r=40;lambda=55/14651;tail=39;scan=20;controls=2;cover=()
LEAF;E=(1, 5, 7, 8, 9, 11, 12);rank=3;a=23;P=(17, 19, 23);K4=(41, 45, 68, 91);m=232013479/3676228920;r=32;lambda=401/86632;tail=31;scan=13;controls=2;cover=()
CORE;E=(1, 5, 7, 8, 9, 11, 12);K=20;rank=4;a=26;P=(17, 19, 23, 26);h=92177/504504;r=22;R3=492268571/4073869800;theta=643012/10392525;level=321506/10392525;eps=45961063/9505696200;N=919;H=19;pairs=171;paid=171;pruned=0;edges=110;ties=0;deg=8;F3=583;N3=1357;tri_checks=458;K4=258;closed=True;order=(68, 57, 46, 20, 96, 108, 60, 102, 25, 40, 76, 34, 50, 30, 31, 38, 51, 69, 80);forward_degrees=(8, 8, 8, 8, 7, 8, 8, 8, 8, 7, 6, 6, 5, 5, 4, 3, 2, 1, 0);Hlabels=(20, 25, 30, 31, 34, 38, 40, 46, 50, 51, 57, 60, 68, 69, 76, 80, 96, 102, 108);weighted_edges=((20, 25, '131581/1801800'), (20, 31, '749393/11171160'), (20, 34, '85737/1191190'), (20, 38, '86591/1141140'), (20, 46, '87977/1381380'), (20, 51, '22313/360360'), (20, 69, '132193/2072070'), (20, 76, '18554/285285'), (20, 96, '91187/1441440'), (25, 30, '2137/28600'), (25, 31, '3819/59675'), (25, 34, '16459189/214414200'), (25, 38, '43007/622440'), (25, 40, '136151/1801800'), (25, 51, '12854/182325'), (25, 57, '5003/73150'), (25, 60, '13397/200200'), (25, 68, '11183/163800'), (25, 76, '15997/239400'), (25, 80, '124469/1801800'), (25, 96, '13519/218400'), (25, 102, '224359/3403400'), (25, 108, '2358011/37837800'), (30, 31, '53087/744744'), (30, 34, '373717/5360355'), (30, 38, '63818/855855'), (30, 46, '281341/4144140'), (30, 50, '28331/450450'), (30, 51, '131639/2042040'), (30, 57, '1465/21736'), (30, 69, '3463/53130'), (30, 76, '118297/1711710'), (30, 80, '9145/144144'), (30, 96, '513/8008'), (30, 102, '5267/85085'), (30, 108, '165037/2522520'), (31, 34, '1058459/15639624'), (31, 38, '3246263/42450408'), (31, 40, '156341/2234232'), (31, 46, '481267/7341048'), (31, 50, '34987/537075'), (31, 51, '103273/1582581'), (31, 57, '6491/90706'), (31, 60, '15877/248248'), (31, 69, '1141073/17129112'), (31, 76, '217667/3265416'), (31, 80, '388229/5585580'), (31, 108, '2932393/46918872'), (34, 38, '2911967/40738698'), (34, 40, '769841/10720710'), (34, 46, '6870433/98630532'), (34, 50, '2136853/26801775'), (34, 57, '11112949/162954792'), (34, 60, '149995/2144142'), (34, 69, '282221/3793482'), (34, 76, '2789999/40738698'), (34, 80, '1170623/17153136'), (34, 96, '2252773/34306272'), (34, 108, '1670965/25729704'), (38, 40, '504737/6846840'), (38, 46, '81355/1211364'), (38, 50, '29117/389025'), (38, 51, '1536187/23279256'), (38, 60, '3074/45045'), (38, 68, '5851/88179'), (38, 69, '50081/715806'), (38, 80, '62969/978120'), (38, 96, '8773/124488'), (38, 102, '184589/2909907'), (40, 50, '28711/450450'), (40, 51, '60509/875160'), (40, 68, '10929/170170'), (40, 69, '106441/1657656'), (40, 76, '6683/97812'), (40, 96, '95701/1441440'), (40, 102, '2905/43758'), (40, 108, '93803/1513512'), (46, 51, '1843001/28180152'), (46, 57, '1960867/31495464'), (46, 60, '64222/1036035'), (46, 68, '72923/1174173'), (46, 76, '140113/2249676'), (50, 51, '2162761/30630600'), (50, 57, '181703/2633400'), (50, 68, '7963/116025'), (50, 76, '2102/29925'), (50, 80, '230777/3603600'), (50, 102, '506059/7657650'), (50, 108, '2374027/37837800'), (51, 60, '8751/136136'), (51, 69, '640345/9393384'), (51, 76, '211903/3325608'), (51, 80, '79789/1225224'), (57, 68, '1483535/23279256'), (57, 69, '226701/3499496'), (57, 96, '701/10868'), (60, 69, '29261/460460'), (60, 76, '53951/855855'), (60, 96, '15203/240240'), (60, 102, '21673/340340'), (60, 108, '158569/2522520'), (68, 76, '21919/352716'), (68, 80, '86871/1361360'), (69, 76, '93763/1431612'), (69, 80, '105715/1657656'), (69, 102, '73303/1174173'), (76, 102, '360169/5819814'), (80, 96, '1279/20592'), (80, 102, '790333/12252240'), (80, 108, '955817/15135120'));tie_edges=()
LEAF;E=(1, 5, 7, 8, 9, 11, 12);rank=4;a=26;P=(17, 19, 23, 26);K4=(25, 40, 68, 76);m=9858841/169744575;r=42;lambda=5/952;tail=28;scan=8;controls=2;cover=()
LEAF;E=(1, 5, 7, 8, 9, 11, 12);rank=4;a=26;P=(17, 19, 23, 26);K4=(25, 38, 40, 68);m=81985301/1357956600;r=34;lambda=5/952;tail=28;scan=8;controls=2;cover=()
LEAF;E=(1, 5, 7, 8, 9, 11, 12);rank=4;a=26;P=(17, 19, 23, 26);K4=(25, 38, 68, 80);m=44909833/678978300;r=40;lambda=5/952;tail=28;scan=8;controls=2;cover=()
LEAF;E=(1, 5, 7, 8, 9, 11, 12);rank=4;a=26;P=(17, 19, 23, 26);K4=(40, 50, 68, 76);m=17743513/271591320;r=46;lambda=5/952;tail=28;scan=9;controls=2;cover=()
LEAF;E=(1, 5, 7, 8, 9, 11, 12);rank=4;a=26;P=(17, 19, 23, 26);K4=(38, 40, 50, 68);m=11083372/169744575;r=36;lambda=5/952;tail=28;scan=9;controls=2;cover=()
LEAF;E=(1, 5, 7, 8, 9, 11, 12);rank=4;a=26;P=(17, 19, 23, 26);K4=(38, 50, 68, 80);m=90681527/1357956600;r=42;lambda=5/952;tail=28;scan=9;controls=2;cover=()
LEAF;E=(1, 5, 7, 8, 9, 11, 12);rank=4;a=26;P=(17, 19, 23, 26);K4=(30, 34, 46, 57);m=7231921/111546435;r=34;lambda=373/36708;tail=15;scan=0;controls=0;cover=()
LEAF;E=(1, 5, 7, 8, 9, 11, 12);rank=4;a=26;P=(17, 19, 23, 26);K4=(31, 34, 46, 57);m=10988573/167657672;r=30;lambda=1/238;tail=35;scan=14;controls=2;cover=()
LEAF;E=(1, 5, 7, 8, 9, 11, 12);rank=4;a=26;P=(17, 19, 23, 26);K4=(30, 31, 46, 57);m=58306397/1035532680;r=32;lambda=85/20748;tail=35;scan=14;controls=2;cover=()
LEAF;E=(1, 5, 7, 8, 9, 11, 12);rank=4;a=26;P=(17, 19, 23, 26);K4=(25, 34, 57, 96);m=7536853/110853600;r=36;lambda=67/11200;tail=24;scan=6;controls=2;cover=()
LEAF;E=(1, 5, 7, 8, 9, 11, 12);rank=4;a=26;P=(17, 19, 23, 26);K4=(25, 30, 57, 96);m=60384089/958557600;r=42;lambda=67/11200;tail=24;scan=6;controls=2;cover=()
LEAF;E=(1, 5, 7, 8, 9, 11, 12);rank=4;a=26;P=(17, 19, 23, 26);K4=(30, 34, 57, 96);m=1593571/22170720;r=40;lambda=1/112;tail=17;scan=2;controls=2;cover=()
LEAF;E=(1, 5, 7, 8, 9, 11, 12);rank=4;a=26;P=(17, 19, 23, 26);K4=(25, 30, 34, 57);m=3901493/64664600;r=30;lambda=71/9975;tail=21;scan=4;controls=2;cover=()
LEAF;E=(1, 5, 7, 8, 9, 11, 12);rank=4;a=26;P=(17, 19, 23, 26);K4=(25, 31, 34, 57);m=963311/14387100;r=28;lambda=113/20748;tail=27;scan=7;controls=2;cover=()
LEAF;E=(1, 5, 7, 8, 9, 11, 12);rank=4;a=26;P=(17, 19, 23, 26);K4=(25, 30, 31, 57);m=19666259/337673700;r=34;lambda=85/20748;tail=35;scan=13;controls=2;cover=()
LEAF;E=(1, 5, 7, 8, 9, 11, 12);rank=4;a=26;P=(17, 19, 23, 26);K4=(30, 34, 50, 57);m=19188277/290990700;r=32;lambda=341/39900;tail=17;scan=2;controls=2;cover=()
LEAF;E=(1, 5, 7, 8, 9, 11, 12);rank=4;a=26;P=(17, 19, 23, 26);K4=(31, 34, 50, 57);m=52732553/820064700;r=32;lambda=1/238;tail=35;scan=14;controls=2;cover=()
LEAF;E=(1, 5, 7, 8, 9, 11, 12);rank=4;a=26;P=(17, 19, 23, 26);K4=(30, 31, 34, 57);m=1501303/21868392;r=28;lambda=82/12369;tail=22;scan=5;controls=2;cover=()
LEAF;E=(1, 5, 7, 8, 9, 11, 12);rank=4;a=26;P=(17, 19, 23, 26);K4=(30, 34, 57, 69);m=9749837/148728580;r=36;lambda=14/1311;tail=14;scan=0;controls=0;cover=()
LEAF;E=(1, 5, 7, 8, 9, 11, 12);rank=4;a=26;P=(17, 19, 23, 26);K4=(31, 34, 57, 69);m=4517711/71853288;r=34;lambda=85/20748;tail=35;scan=14;controls=2;cover=()
LEAF;E=(1, 5, 7, 8, 9, 11, 12);rank=4;a=26;P=(17, 19, 23, 26);K4=(30, 31, 50, 57);m=2425663/37519300;r=36;lambda=85/20748;tail=35;scan=14;controls=2;cover=()
LEAF;E=(1, 5, 7, 8, 9, 11, 12);rank=4;a=26;P=(17, 19, 23, 26);K4=(30, 31, 57, 69);m=185249833/3106598040;r=36;lambda=3/560;tail=27;scan=8;controls=2;cover=()
LEAF;E=(1, 5, 7, 8, 9, 11, 12);rank=4;a=26;P=(17, 19, 23, 26);K4=(20, 34, 46, 76);m=1736317/27041560;r=30;lambda=149/24472;tail=24;scan=5;controls=2;cover=()
LEAF;E=(1, 5, 7, 8, 9, 11, 12);rank=4;a=26;P=(17, 19, 23, 26);K4=(20, 31, 46, 76);m=61860963/949238290;r=28;lambda=9/1064;tail=17;scan=2;controls=2;cover=()
LEAF;E=(1, 5, 7, 8, 9, 11, 12);rank=4;a=26;P=(17, 19, 23, 26);K4=(20, 46, 51, 76);m=107010143/1561650090;r=32;lambda=191/24472;tail=19;scan=3;controls=2;cover=()
LEAF;E=(1, 5, 7, 8, 9, 11, 12);rank=4;a=26;P=(17, 19, 23, 26);K4=(20, 31, 34, 46);m=6541463/99270990;r=24;lambda=111/11284;tail=15;scan=0;controls=0;cover=()
LEAF;E=(1, 5, 7, 8, 9, 11, 12);rank=4;a=26;P=(17, 19, 23, 26);K4=(20, 34, 38, 46);m=1655357/27041560;r=22;lambda=29/2576;tail=13;scan=0;controls=0;cover=()
LEAF;E=(1, 5, 7, 8, 9, 11, 12);rank=4;a=26;P=(17, 19, 23, 26);K4=(20, 31, 38, 46);m=52545503/949238290;r=22;lambda=1/133;tail=20;scan=3;controls=2;cover=()
LEAF;E=(1, 5, 7, 8, 9, 11, 12);rank=4;a=26;P=(17, 19, 23, 26);K4=(20, 31, 46, 51);m=1993968829/30575464920;r=28;lambda=19/3689;tail=28;scan=8;controls=2;cover=()
LEAF;E=(1, 5, 7, 8, 9, 11, 12);rank=4;a=26;P=(17, 19, 23, 26);K4=(20, 38, 46, 51);m=206927431/3123300180;r=26;lambda=295/32844;tail=16;scan=1;controls=1;cover=()
LEAF;E=(1, 5, 7, 8, 9, 11, 12);rank=4;a=26;P=(17, 19, 23, 26);K4=(34, 46, 60, 76);m=4969969/76488984;r=40;lambda=61/13832;tail=33;scan=14;controls=2;cover=()
LEAF;E=(1, 5, 7, 8, 9, 11, 12);rank=4;a=26;P=(17, 19, 23, 26);K4=(31, 46, 60, 76);m=5206856/77664951;r=36;lambda=13/2660;tail=30;scan=11;controls=2;cover=()
LEAF;E=(1, 5, 7, 8, 9, 11, 12);rank=4;a=26;P=(17, 19, 23, 26);K4=(46, 51, 60, 76);m=850603/13104756;r=40;lambda=43/6440;tail=22;scan=5;controls=2;cover=()
LEAF;E=(1, 5, 7, 8, 9, 11, 12);rank=4;a=26;P=(17, 19, 23, 26);K4=(31, 34, 46, 60);m=376736/5515055;r=32;lambda=11/2184;tail=29;scan=10;controls=2;cover=()
LEAF;E=(1, 5, 7, 8, 9, 11, 12);rank=4;a=26;P=(17, 19, 23, 26);K4=(34, 38, 46, 60);m=265975/4025736;r=32;lambda=11/1680;tail=22;scan=5;controls=2;cover=()
LEAF;E=(1, 5, 7, 8, 9, 11, 12);rank=4;a=26;P=(17, 19, 23, 26);K4=(31, 38, 46, 60);m=9524089/155329902;r=30;lambda=17/3472;tail=30;scan=11;controls=2;cover=()
LEAF;E=(1, 5, 7, 8, 9, 11, 12);rank=4;a=26;P=(17, 19, 23, 26);K4=(31, 46, 51, 60);m=4708273/71271480;r=36;lambda=155/32844;tail=31;scan=12;controls=2;cover=()
LEAF;E=(1, 5, 7, 8, 9, 11, 12);rank=4;a=26;P=(17, 19, 23, 26);K4=(38, 46, 51, 60);m=247111/3703518;r=34;lambda=43/6440;tail=22;scan=5;controls=2;cover=()
LEAF;E=(1, 5, 7, 8, 9, 11, 12);rank=4;a=26;P=(17, 19, 23, 26);K4=(30, 34, 46, 76);m=24143711/382444920;r=34;lambda=149/24472;tail=24;scan=6;controls=2;cover=()
LEAF;E=(1, 5, 7, 8, 9, 11, 12);rank=4;a=26;P=(17, 19, 23, 26);K4=(31, 34, 46, 76);m=12969841/188614881;r=30;lambda=99/18088;tail=27;scan=8;controls=2;cover=()
LEAF;E=(1, 5, 7, 8, 9, 11, 12);rank=4;a=26;P=(17, 19, 23, 26);K4=(30, 31, 46, 76);m=89521519/1553299020;r=32;lambda=61/13832;tail=33;scan=12;controls=2;cover=()
LEAF;E=(1, 5, 7, 8, 9, 11, 12);rank=4;a=26;P=(17, 19, 23, 26);K4=(30, 46, 51, 76);m=4104503/65523780;r=34;lambda=191/24472;tail=19;scan=3;controls=2;cover=()
LEAF;E=(1, 5, 7, 8, 9, 11, 12);rank=4;a=26;P=(17, 19, 23, 26);K4=(31, 46, 51, 76);m=7847798797/116186766696;r=32;lambda=43/7448;tail=25;scan=7;controls=2;cover=()
LEAF;E=(1, 5, 7, 8, 9, 11, 12);rank=4;a=26;P=(17, 19, 23, 26);K4=(30, 31, 34, 46);m=50773/778596;r=28;lambda=111/11284;tail=15;scan=0;controls=0;cover=()
LEAF;E=(1, 5, 7, 8, 9, 11, 12);rank=4;a=26;P=(17, 19, 23, 26);K4=(30, 34, 38, 46);m=163208009/2677114440;r=28;lambda=29/2576;tail=13;scan=0;controls=0;cover=()
LEAF;E=(1, 5, 7, 8, 9, 11, 12);rank=4;a=26;P=(17, 19, 23, 26);K4=(31, 34, 38, 46);m=50311231/754459524;r=22;lambda=18/2737;tail=22;scan=5;controls=2;cover=()
LEAF;E=(1, 5, 7, 8, 9, 11, 12);rank=4;a=26;P=(17, 19, 23, 26);K4=(30, 31, 38, 46);m=80235991/1553299020;r=24;lambda=17/3472;tail=30;scan=11;controls=2;cover=()
LEAF;E=(1, 5, 7, 8, 9, 11, 12);rank=4;a=26;P=(17, 19, 23, 26);K4=(30, 31, 46, 51);m=4287727/71271480;r=32;lambda=19/3689;tail=28;scan=9;controls=2;cover=()
LEAF;E=(1, 5, 7, 8, 9, 11, 12);rank=4;a=26;P=(17, 19, 23, 26);K4=(30, 38, 46, 51);m=13352618/212952285;r=28;lambda=295/32844;tail=16;scan=1;controls=1;cover=()
LEAF;E=(1, 5, 7, 8, 9, 11, 12);rank=4;a=26;P=(17, 19, 23, 26);K4=(31, 38, 46, 51);m=7527578281/116186766696;r=26;lambda=31/4508;tail=21;scan=4;controls=2;cover=()
LEAF;E=(1, 5, 7, 8, 9, 11, 12);rank=4;a=26;P=(17, 19, 23, 26);K4=(20, 25, 34, 96);m=687977/11138400;r=32;lambda=67/11200;tail=24;scan=5;controls=2;cover=()
LEAF;E=(1, 5, 7, 8, 9, 11, 12);rank=4;a=26;P=(17, 19, 23, 26);K4=(20, 25, 38, 96);m=28410163/479278800;r=36;lambda=67/11200;tail=24;scan=5;controls=2;cover=()
LEAF;E=(1, 5, 7, 8, 9, 11, 12);rank=4;a=26;P=(17, 19, 23, 26);K4=(20, 34, 38, 96);m=884623/14108640;r=36;lambda=1/112;tail=17;scan=2;controls=2;cover=()
LEAF;E=(1, 5, 7, 8, 9, 11, 12);rank=4;a=26;P=(17, 19, 23, 26);K4=(20, 25, 34, 76);m=6722/116025;r=30;lambda=61/13832;tail=33;scan=12;controls=2;cover=()
LEAF;E=(1, 5, 7, 8, 9, 11, 12);rank=4;a=26;P=(17, 19, 23, 26);K4=(20, 25, 31, 76);m=505656029/7428821400;r=30;lambda=9/1064;tail=17;scan=2;controls=2;cover=()
LEAF;E=(1, 5, 7, 8, 9, 11, 12);rank=4;a=26;P=(17, 19, 23, 26);K4=(20, 25, 51, 76);m=19591897/313374600;r=34;lambda=1/204;tail=30;scan=9;controls=2;cover=()
LEAF;E=(1, 5, 7, 8, 9, 11, 12);rank=4;a=26;P=(17, 19, 23, 26);K4=(20, 25, 31, 34);m=5396771/86322600;r=22;lambda=61/9100;tail=22;scan=4;controls=2;cover=()
LEAF;E=(1, 5, 7, 8, 9, 11, 12);rank=4;a=26;P=(17, 19, 23, 26);K4=(20, 25, 34, 38);m=246877/4408950;r=20;lambda=23/2800;tail=18;scan=2;controls=2;cover=()
LEAF;E=(1, 5, 7, 8, 9, 11, 12);rank=4;a=26;P=(17, 19, 23, 26);K4=(20, 25, 31, 38);m=13834211/239639400;r=24;lambda=1/133;tail=20;scan=3;controls=2;cover=()
LEAF;E=(1, 5, 7, 8, 9, 11, 12);rank=4;a=26;P=(17, 19, 23, 26);K4=(20, 25, 31, 51);m=544279/8246700;r=28;lambda=2/341;tail=25;scan=6;controls=2;cover=()
LEAF;E=(1, 5, 7, 8, 9, 11, 12);rank=4;a=26;P=(17, 19, 23, 26);K4=(20, 25, 38, 51);m=49946279/814773960;r=26;lambda=53/8925;tail=25;scan=6;controls=2;cover=()
LEAF;E=(1, 5, 7, 8, 9, 11, 12);rank=4;a=26;P=(17, 19, 23, 26);K4=(20, 31, 34, 76);m=134887/1952535;r=30;lambda=229/32984;tail=21;scan=3;controls=2;cover=()
LEAF;E=(1, 5, 7, 8, 9, 11, 12);rank=4;a=26;P=(17, 19, 23, 26);K4=(20, 34, 69, 76);m=5005631/81124680;r=36;lambda=485/73416;tail=22;scan=4;controls=2;cover=()
LEAF;E=(1, 5, 7, 8, 9, 11, 12);rank=4;a=26;P=(17, 19, 23, 26);K4=(20, 31, 51, 76);m=135248819/1942922520;r=34;lambda=229/32984;tail=21;scan=3;controls=2;cover=()
LEAF;E=(1, 5, 7, 8, 9, 11, 12);rank=4;a=26;P=(17, 19, 23, 26);K4=(20, 31, 69, 76);m=283389571/4271572305;r=36;lambda=583/73416;tail=18;scan=2;controls=2;cover=()
LEAF;E=(1, 5, 7, 8, 9, 11, 12);rank=4;a=26;P=(17, 19, 23, 26);K4=(20, 51, 69, 76);m=159256457/2342475135;r=40;lambda=485/73416;tail=22;scan=4;controls=2;cover=()
LEAF;E=(1, 5, 7, 8, 9, 11, 12);rank=4;a=26;P=(17, 19, 23, 26);K4=(20, 31, 34, 38);m=834259/13667745;r=22;lambda=99/16492;tail=24;scan=5;controls=2;cover=()
LEAF;E=(1, 5, 7, 8, 9, 11, 12);rank=4;a=26;P=(17, 19, 23, 26);K4=(20, 31, 34, 69);m=1849573/28363140;r=26;lambda=185/25116;tail=20;scan=3;controls=2;cover=()
LEAF;E=(1, 5, 7, 8, 9, 11, 12);rank=4;a=26;P=(17, 19, 23, 26);K4=(20, 34, 38, 69);m=4711921/81124680;r=26;lambda=13/1104;tail=13;scan=0;controls=0;cover=()
LEAF;E=(1, 5, 7, 8, 9, 11, 12);rank=4;a=26;P=(17, 19, 23, 26);K4=(20, 31, 38, 51);m=80943803/1329368040;r=28;lambda=99/16492;tail=24;scan=5;controls=2;cover=()
LEAF;E=(1, 5, 7, 8, 9, 11, 12);rank=4;a=26;P=(17, 19, 23, 26);K4=(20, 31, 38, 69);m=928237399/17086289220;r=30;lambda=257/36708;tail=21;scan=3;controls=2;cover=()
LEAF;E=(1, 5, 7, 8, 9, 11, 12);rank=4;a=26;P=(17, 19, 23, 26);K4=(20, 31, 51, 69);m=2011796639/30575464920;r=34;lambda=43/8211;tail=28;scan=8;controls=2;cover=()
LEAF;E=(1, 5, 7, 8, 9, 11, 12);rank=4;a=26;P=(17, 19, 23, 26);K4=(20, 38, 51, 69);m=304938199/4684950270;r=32;lambda=26/2737;tail=16;scan=1;controls=1;cover=()
LEAF;E=(1, 5, 7, 8, 9, 11, 12);rank=4;a=26;P=(17, 19, 23, 26);K4=(25, 34, 60, 96);m=371461/5834400;r=40;lambda=53/11900;tail=33;scan=13;controls=2;cover=()
LEAF;E=(1, 5, 7, 8, 9, 11, 12);rank=4;a=26;P=(17, 19, 23, 26);K4=(25, 38, 60, 96);m=20911213/319519200;r=46;lambda=29/6720;tail=34;scan=14;controls=2;cover=()
LEAF;E=(1, 5, 7, 8, 9, 11, 12);rank=4;a=26;P=(17, 19, 23, 26);K4=(34, 38, 60, 96);m=6157901/93117024;r=46;lambda=29/6720;tail=34;scan=15;controls=2;cover=()
LEAF;E=(1, 5, 7, 8, 9, 11, 12);rank=4;a=26;P=(17, 19, 23, 26);K4=(25, 34, 40, 96);m=2480789/40840800;r=36;lambda=67/11200;tail=24;scan=6;controls=2;cover=()
LEAF;E=(1, 5, 7, 8, 9, 11, 12);rank=4;a=26;P=(17, 19, 23, 26);K4=(25, 38, 40, 96);m=7290377/119819700;r=38;lambda=67/11200;tail=24;scan=6;controls=2;cover=()
LEAF;E=(1, 5, 7, 8, 9, 11, 12);rank=4;a=26;P=(17, 19, 23, 26);K4=(25, 30, 34, 96);m=124649/1944800;r=36;lambda=67/11200;tail=24;scan=6;controls=2;cover=()
LEAF;E=(1, 5, 7, 8, 9, 11, 12);rank=4;a=26;P=(17, 19, 23, 26);K4=(25, 34, 38, 96);m=23232323/332560800;r=32;lambda=67/11200;tail=24;scan=6;controls=2;cover=()
LEAF;E=(1, 5, 7, 8, 9, 11, 12);rank=4;a=26;P=(17, 19, 23, 26);K4=(25, 34, 80, 96);m=2756449/40840800;r=44;lambda=3/800;tail=39;scan=18;controls=2;cover=()
LEAF;E=(1, 5, 7, 8, 9, 11, 12);rank=4;a=26;P=(17, 19, 23, 26);K4=(25, 30, 38, 96);m=1033973/16816800;r=36;lambda=67/11200;tail=24;scan=6;controls=2;cover=()
LEAF;E=(1, 5, 7, 8, 9, 11, 12);rank=4;a=26;P=(17, 19, 23, 26);K4=(25, 30, 80, 96);m=1126849/16816800;r=48;lambda=31/6720;tail=31;scan=10;controls=2;cover=()
LEAF;E=(1, 5, 7, 8, 9, 11, 12);rank=4;a=26;P=(17, 19, 23, 26);K4=(25, 38, 80, 96);m=67561861/958557600;r=48;lambda=3/800;tail=39;scan=18;controls=2;cover=()
LEAF;E=(1, 5, 7, 8, 9, 11, 12);rank=4;a=26;P=(17, 19, 23, 26);K4=(34, 38, 40, 96);m=6180803/93117024;r=38;lambda=1/112;tail=17;scan=2;controls=2;cover=()
LEAF;E=(1, 5, 7, 8, 9, 11, 12);rank=4;a=26;P=(17, 19, 23, 26);K4=(30, 34, 38, 96);m=30276091/465585120;r=40;lambda=1/112;tail=17;scan=2;controls=2;cover=()
LEAF;E=(1, 5, 7, 8, 9, 11, 12);rank=4;a=26;P=(17, 19, 23, 26);K4=(30, 34, 80, 96);m=89591/1166880;r=44;lambda=9/1120;tail=18;scan=2;controls=2;cover=()
LEAF;E=(1, 5, 7, 8, 9, 11, 12);rank=4;a=26;P=(17, 19, 23, 26);K4=(34, 38, 80, 96);m=34144351/465585120;r=46;lambda=3/448;tail=22;scan=5;controls=2;cover=()
LEAF;E=(1, 5, 7, 8, 9, 11, 12);rank=4;a=26;P=(17, 19, 23, 26);K4=(30, 38, 80, 96);m=661393/9585576;r=48;lambda=3/448;tail=22;scan=5;controls=2;cover=()
LEAF;E=(1, 5, 7, 8, 9, 11, 12);rank=4;a=26;P=(17, 19, 23, 26);K4=(25, 34, 60, 108);m=1491403/22972950;r=32;lambda=1/180;tail=26;scan=7;controls=2;cover=()
LEAF;E=(1, 5, 7, 8, 9, 11, 12);rank=4;a=26;P=(17, 19, 23, 26);K4=(25, 31, 60, 108);m=18709/253890;r=34;lambda=19/3720;tail=28;scan=8;controls=2;cover=()
LEAF;E=(1, 5, 7, 8, 9, 11, 12);rank=4;a=26;P=(17, 19, 23, 26);K4=(31, 34, 60, 108);m=1893121/25896780;r=34;lambda=1/126;tail=19;scan=3;controls=2;cover=()
LEAF;E=(1, 5, 7, 8, 9, 11, 12);rank=4;a=26;P=(17, 19, 23, 26);K4=(25, 34, 40, 108);m=5782429/91891800;r=34;lambda=13/1800;tail=20;scan=3;controls=2;cover=()
LEAF;E=(1, 5, 7, 8, 9, 11, 12);rank=4;a=26;P=(17, 19, 23, 26);K4=(25, 31, 40, 108);m=226439/3222450;r=34;lambda=11/1512;tail=20;scan=3;controls=2;cover=()
LEAF;E=(1, 5, 7, 8, 9, 11, 12);rank=4;a=26;P=(17, 19, 23, 26);K4=(25, 30, 34, 108);m=2971817/45945900;r=32;lambda=13/1800;tail=20;scan=3;controls=2;cover=()
LEAF;E=(1, 5, 7, 8, 9, 11, 12);rank=4;a=26;P=(17, 19, 23, 26);K4=(25, 31, 34, 108);m=9667999/129483900;r=30;lambda=1/126;tail=19;scan=3;controls=2;cover=()
LEAF;E=(1, 5, 7, 8, 9, 11, 12);rank=4;a=26;P=(17, 19, 23, 26);K4=(25, 34, 80, 108);m=12112493/183783600;r=42;lambda=1/238;tail=35;scan=14;controls=2;cover=()
LEAF;E=(1, 5, 7, 8, 9, 11, 12);rank=4;a=26;P=(17, 19, 23, 26);K4=(25, 30, 31, 108);m=42727/634725;r=36;lambda=23/5400;tail=34;scan=12;controls=2;cover=()
LEAF;E=(1, 5, 7, 8, 9, 11, 12);rank=4;a=26;P=(17, 19, 23, 26);K4=(25, 30, 80, 108);m=342383/5405400;r=48;lambda=1/216;tail=31;scan=10;controls=2;cover=()
LEAF;E=(1, 5, 7, 8, 9, 11, 12);rank=4;a=26;P=(17, 19, 23, 26);K4=(25, 31, 80, 108);m=11640749/167567400;r=48;lambda=11/1512;tail=20;scan=3;controls=2;cover=()
LEAF;E=(1, 5, 7, 8, 9, 11, 12);rank=4;a=26;P=(17, 19, 23, 26);K4=(34, 40, 50, 108);m=2147029/30630600;r=38;lambda=1/126;tail=19;scan=3;controls=2;cover=()
LEAF;E=(1, 5, 7, 8, 9, 11, 12);rank=4;a=26;P=(17, 19, 23, 26);K4=(31, 34, 40, 108);m=1822999/25896780;r=34;lambda=25/5208;tail=30;scan=11;controls=2;cover=()
LEAF;E=(1, 5, 7, 8, 9, 11, 12);rank=4;a=26;P=(17, 19, 23, 26);K4=(31, 40, 50, 108);m=166297/2148300;r=36;lambda=11/1512;tail=20;scan=3;controls=2;cover=()
LEAF;E=(1, 5, 7, 8, 9, 11, 12);rank=4;a=26;P=(17, 19, 23, 26);K4=(30, 34, 50, 108);m=183397/2552550;r=36;lambda=1/126;tail=19;scan=3;controls=2;cover=()
LEAF;E=(1, 5, 7, 8, 9, 11, 12);rank=4;a=26;P=(17, 19, 23, 26);K4=(31, 34, 50, 108);m=146671/2055300;r=34;lambda=43/7560;tail=26;scan=8;controls=2;cover=()
LEAF;E=(1, 5, 7, 8, 9, 11, 12);rank=4;a=26;P=(17, 19, 23, 26);K4=(34, 50, 80, 108);m=686827/10210200;r=44;lambda=1/224;tail=33;scan=14;controls=2;cover=()
LEAF;E=(1, 5, 7, 8, 9, 11, 12);rank=4;a=26;P=(17, 19, 23, 26);K4=(30, 31, 34, 108);m=1899259/25896780;r=32;lambda=1/126;tail=19;scan=3;controls=2;cover=()
LEAF;E=(1, 5, 7, 8, 9, 11, 12);rank=4;a=26;P=(17, 19, 23, 26);K4=(30, 34, 80, 108);m=271991/3675672;r=42;lambda=1/168;tail=25;scan=7;controls=2;cover=()
LEAF;E=(1, 5, 7, 8, 9, 11, 12);rank=4;a=26;P=(17, 19, 23, 26);K4=(31, 34, 80, 108);m=515351/7399080;r=44;lambda=149/30240;tail=29;scan=10;controls=2;cover=()
LEAF;E=(1, 5, 7, 8, 9, 11, 12);rank=4;a=26;P=(17, 19, 23, 26);K4=(30, 31, 50, 108);m=567103/7616700;r=38;lambda=43/7560;tail=26;scan=8;controls=2;cover=()
LEAF;E=(1, 5, 7, 8, 9, 11, 12);rank=4;a=26;P=(17, 19, 23, 26);K4=(30, 50, 80, 108);m=257189/3603600;r=52;lambda=1/216;tail=31;scan=11;controls=2;cover=()
LEAF;E=(1, 5, 7, 8, 9, 11, 12);rank=4;a=26;P=(17, 19, 23, 26);K4=(31, 50, 80, 108);m=885163/12412400;r=48;lambda=11/1512;tail=20;scan=3;controls=2;cover=()
LEAF;E=(1, 5, 7, 8, 9, 11, 12);rank=4;a=26;P=(17, 19, 23, 26);K4=(30, 31, 80, 108);m=389231/6093360;r=48;lambda=149/30240;tail=29;scan=10;controls=2;cover=()
LEAF;E=(1, 5, 7, 8, 9, 11, 12);rank=4;a=26;P=(17, 19, 23, 26);K4=(25, 60, 76, 102);m=14468679/226326100;r=46;lambda=1/304;tail=44;scan=24;controls=2;cover=()
LEAF;E=(1, 5, 7, 8, 9, 11, 12);rank=4;a=26;P=(17, 19, 23, 26);K4=(25, 38, 60, 102);m=3848651/56581525;r=40;lambda=71/14280;tail=29;scan=9;controls=2;cover=()
LEAF;E=(1, 5, 7, 8, 9, 11, 12);rank=4;a=26;P=(17, 19, 23, 26);K4=(60, 69, 76, 102);m=395396359/6246600360;r=58;lambda=1/304;tail=44;scan=25;controls=2;cover=()
LEAF;E=(1, 5, 7, 8, 9, 11, 12);rank=4;a=26;P=(17, 19, 23, 26);K4=(38, 60, 69, 102);m=417037979/6246600360;r=50;lambda=71/14280;tail=29;scan=10;controls=2;cover=()
LEAF;E=(1, 5, 7, 8, 9, 11, 12);rank=4;a=26;P=(17, 19, 23, 26);K4=(25, 34, 60, 76);m=4478347/72747675;r=36;lambda=61/13832;tail=33;scan=13;controls=2;cover=()
LEAF;E=(1, 5, 7, 8, 9, 11, 12);rank=4;a=26;P=(17, 19, 23, 26);K4=(25, 31, 60, 76);m=176728817/2476273800;r=36;lambda=13/2660;tail=30;scan=10;controls=2;cover=()
LEAF;E=(1, 5, 7, 8, 9, 11, 12);rank=4;a=26;P=(17, 19, 23, 26);K4=(25, 51, 60, 76);m=7624363/123450600;r=38;lambda=1/304;tail=44;scan=24;controls=2;cover=()
LEAF;E=(1, 5, 7, 8, 9, 11, 12);rank=4;a=26;P=(17, 19, 23, 26);K4=(25, 31, 34, 60);m=1954213/28774200;r=26;lambda=11/2184;tail=29;scan=9;controls=2;cover=()
LEAF;E=(1, 5, 7, 8, 9, 11, 12);rank=4;a=26;P=(17, 19, 23, 26);K4=(25, 34, 38, 60);m=18683113/290990700;r=26;lambda=11/1680;tail=22;scan=5;controls=2;cover=()
LEAF;E=(1, 5, 7, 8, 9, 11, 12);rank=4;a=26;P=(17, 19, 23, 26);K4=(25, 31, 38, 60);m=162487667/2476273800;r=30;lambda=17/3472;tail=30;scan=10;controls=2;cover=()
LEAF;E=(1, 5, 7, 8, 9, 11, 12);rank=4;a=26;P=(17, 19, 23, 26);K4=(25, 31, 51, 60);m=136109/1949220;r=32;lambda=46/8925;tail=28;scan=8;controls=2;cover=()
LEAF;E=(1, 5, 7, 8, 9, 11, 12);rank=4;a=26;P=(17, 19, 23, 26);K4=(25, 38, 51, 60);m=8040163/123450600;r=30;lambda=61/14280;tail=34;scan=14;controls=2;cover=()
LEAF;E=(1, 5, 7, 8, 9, 11, 12);rank=4;a=26;P=(17, 19, 23, 26);K4=(31, 34, 60, 76);m=11775823/164012940;r=36;lambda=229/32984;tail=21;scan=4;controls=2;cover=()
LEAF;E=(1, 5, 7, 8, 9, 11, 12);rank=4;a=26;P=(17, 19, 23, 26);K4=(34, 60, 69, 76);m=6982093/116396280;r=44;lambda=61/13832;tail=33;scan=14;controls=2;cover=()
LEAF;E=(1, 5, 7, 8, 9, 11, 12);rank=4;a=26;P=(17, 19, 23, 26);K4=(31, 51, 60, 76);m=54157057/765393720;r=40;lambda=229/32984;tail=21;scan=4;controls=2;cover=()
LEAF;E=(1, 5, 7, 8, 9, 11, 12);rank=4;a=26;P=(17, 19, 23, 26);K4=(31, 60, 69, 76);m=187186477/2847714870;r=42;lambda=13/2660;tail=30;scan=11;controls=2;cover=()
LEAF;E=(1, 5, 7, 8, 9, 11, 12);rank=4;a=26;P=(17, 19, 23, 26);K4=(51, 60, 69, 76);m=450557/7280420;r=46;lambda=8/1449;tail=26;scan=8;controls=2;cover=()
LEAF;E=(1, 5, 7, 8, 9, 11, 12);rank=4;a=26;P=(17, 19, 23, 26);K4=(31, 34, 38, 60);m=2845327/41003235;r=26;lambda=99/16492;tail=24;scan=6;controls=2;cover=()
LEAF;E=(1, 5, 7, 8, 9, 11, 12);rank=4;a=26;P=(17, 19, 23, 26);K4=(31, 34, 60, 69);m=208553/3151460;r=32;lambda=11/2184;tail=29;scan=10;controls=2;cover=()
LEAF;E=(1, 5, 7, 8, 9, 11, 12);rank=4;a=26;P=(17, 19, 23, 26);K4=(34, 38, 60, 69);m=164606549/2677114440;r=34;lambda=11/1680;tail=22;scan=5;controls=2;cover=()
LEAF;E=(1, 5, 7, 8, 9, 11, 12);rank=4;a=26;P=(17, 19, 23, 26);K4=(31, 38, 51, 60);m=51797357/765393720;r=32;lambda=99/16492;tail=24;scan=6;controls=2;cover=()
LEAF;E=(1, 5, 7, 8, 9, 11, 12);rank=4;a=26;P=(17, 19, 23, 26);K4=(31, 38, 60, 69);m=335101799/5695429740;r=36;lambda=17/3472;tail=30;scan=11;controls=2;cover=()
LEAF;E=(1, 5, 7, 8, 9, 11, 12);rank=4;a=26;P=(17, 19, 23, 26);K4=(31, 51, 60, 69);m=13939613/213814440;r=40;lambda=43/8211;tail=28;scan=9;controls=2;cover=()
LEAF;E=(1, 5, 7, 8, 9, 11, 12);rank=4;a=26;P=(17, 19, 23, 26);K4=(38, 51, 60, 69);m=6067731/94645460;r=38;lambda=8/1449;tail=26;scan=8;controls=2;cover=()
LEAF;E=(1, 5, 7, 8, 9, 11, 12);rank=4;a=26;P=(17, 19, 23, 26);K4=(25, 40, 76, 102);m=29976118/509233725;r=40;lambda=2/357;tail=26;scan=7;controls=2;cover=()
LEAF;E=(1, 5, 7, 8, 9, 11, 12);rank=4;a=26;P=(17, 19, 23, 26);K4=(25, 38, 40, 102);m=259998113/4073869800;r=34;lambda=79/11900;tail=22;scan=5;controls=2;cover=()
LEAF;E=(1, 5, 7, 8, 9, 11, 12);rank=4;a=26;P=(17, 19, 23, 26);K4=(25, 30, 76, 102);m=13969103/226326100;r=38;lambda=31/9282;tail=43;scan=22;controls=2;cover=()
LEAF;E=(1, 5, 7, 8, 9, 11, 12);rank=4;a=26;P=(17, 19, 23, 26);K4=(25, 30, 38, 102);m=10796897/169744575;r=32;lambda=79/11900;tail=22;scan=5;controls=2;cover=()
LEAF;E=(1, 5, 7, 8, 9, 11, 12);rank=4;a=26;P=(17, 19, 23, 26);K4=(25, 30, 80, 102);m=206441/3248700;r=42;lambda=3/800;tail=39;scan=18;controls=2;cover=()
LEAF;E=(1, 5, 7, 8, 9, 11, 12);rank=4;a=26;P=(17, 19, 23, 26);K4=(25, 38, 80, 102);m=289492193/4073869800;r=40;lambda=2/357;tail=26;scan=7;controls=2;cover=()
LEAF;E=(1, 5, 7, 8, 9, 11, 12);rank=4;a=26;P=(17, 19, 23, 26);K4=(40, 50, 76, 102);m=54440461/814773960;r=44;lambda=2/357;tail=26;scan=8;controls=2;cover=()
LEAF;E=(1, 5, 7, 8, 9, 11, 12);rank=4;a=26;P=(17, 19, 23, 26);K4=(40, 69, 76, 102);m=620436409/9369900540;r=46;lambda=167/32844;tail=29;scan=10;controls=2;cover=()
LEAF;E=(1, 5, 7, 8, 9, 11, 12);rank=4;a=26;P=(17, 19, 23, 26);K4=(38, 40, 50, 102);m=70723997/1018467450;r=36;lambda=24/2975;tail=18;scan=2;controls=2;cover=()
LEAF;E=(1, 5, 7, 8, 9, 11, 12);rank=4;a=26;P=(17, 19, 23, 26);K4=(38, 40, 69, 102);m=1302275159/18739801080;r=40;lambda=1/119;tail=18;scan=2;controls=2;cover=()
LEAF;E=(1, 5, 7, 8, 9, 11, 12);rank=4;a=26;P=(17, 19, 23, 26);K4=(30, 50, 76, 102);m=18922481/271591320;r=42;lambda=17/3800;tail=32;scan=12;controls=2;cover=()
LEAF;E=(1, 5, 7, 8, 9, 11, 12);rank=4;a=26;P=(17, 19, 23, 26);K4=(30, 69, 76, 102);m=420148163/6246600360;r=48;lambda=87/18088;tail=30;scan=11;controls=2;cover=()
LEAF;E=(1, 5, 7, 8, 9, 11, 12);rank=4;a=26;P=(17, 19, 23, 26);K4=(30, 38, 50, 102);m=4947779/71471400;r=34;lambda=24/2975;tail=18;scan=2;controls=2;cover=()
LEAF;E=(1, 5, 7, 8, 9, 11, 12);rank=4;a=26;P=(17, 19, 23, 26);K4=(30, 50, 80, 102);m=2805893/38984400;r=48;lambda=29/5600;tail=28;scan=9;controls=2;cover=()
LEAF;E=(1, 5, 7, 8, 9, 11, 12);rank=4;a=26;P=(17, 19, 23, 26);K4=(38, 50, 80, 102);m=148149997/2036934900;r=40;lambda=2/357;tail=26;scan=8;controls=2;cover=()
LEAF;E=(1, 5, 7, 8, 9, 11, 12);rank=4;a=26;P=(17, 19, 23, 26);K4=(30, 38, 69, 102);m=421437451/6246600360;r=42;lambda=1/119;tail=18;scan=2;controls=2;cover=()
LEAF;E=(1, 5, 7, 8, 9, 11, 12);rank=4;a=26;P=(17, 19, 23, 26);K4=(30, 38, 80, 102);m=2725399/37035180;r=40;lambda=3/544;tail=26;scan=8;controls=2;cover=()
LEAF;E=(1, 5, 7, 8, 9, 11, 12);rank=4;a=26;P=(17, 19, 23, 26);K4=(30, 69, 80, 102);m=286067/3985072;r=50;lambda=3/544;tail=26;scan=8;controls=2;cover=()
LEAF;E=(1, 5, 7, 8, 9, 11, 12);rank=4;a=26;P=(17, 19, 23, 26);K4=(38, 69, 80, 102);m=104642339/1441523160;r=48;lambda=3/544;tail=26;scan=8;controls=2;cover=()
LEAF;E=(1, 5, 7, 8, 9, 11, 12);rank=4;a=26;P=(17, 19, 23, 26);K4=(25, 34, 40, 76);m=8344313/145495350;r=34;lambda=61/13832;tail=33;scan=13;controls=2;cover=()
LEAF;E=(1, 5, 7, 8, 9, 11, 12);rank=4;a=26;P=(17, 19, 23, 26);K4=(25, 31, 40, 76);m=478582969/7428821400;r=32;lambda=9/1064;tail=17;scan=2;controls=2;cover=()
LEAF;E=(1, 5, 7, 8, 9, 11, 12);rank=4;a=26;P=(17, 19, 23, 26);K4=(25, 40, 51, 76);m=222210671/4073869800;r=36;lambda=1/204;tail=30;scan=10;controls=2;cover=()
LEAF;E=(1, 5, 7, 8, 9, 11, 12);rank=4;a=26;P=(17, 19, 23, 26);K4=(25, 31, 34, 40);m=292837/4795700;r=26;lambda=61/9100;tail=22;scan=5;controls=2;cover=()
LEAF;E=(1, 5, 7, 8, 9, 11, 12);rank=4;a=26;P=(17, 19, 23, 26);K4=(25, 34, 38, 40);m=35419919/581981400;r=24;lambda=23/2800;tail=18;scan=2;controls=2;cover=()
LEAF;E=(1, 5, 7, 8, 9, 11, 12);rank=4;a=26;P=(17, 19, 23, 26);K4=(25, 31, 38, 40);m=55285367/928602675;r=26;lambda=1/133;tail=20;scan=3;controls=2;cover=()
LEAF;E=(1, 5, 7, 8, 9, 11, 12);rank=4;a=26;P=(17, 19, 23, 26);K4=(25, 31, 40, 51);m=137631163/2215613400;r=30;lambda=2/341;tail=25;scan=7;controls=2;cover=()
LEAF;E=(1, 5, 7, 8, 9, 11, 12);rank=4;a=26;P=(17, 19, 23, 26);K4=(25, 38, 40, 51);m=23945459/407386980;r=28;lambda=53/8925;tail=25;scan=7;controls=2;cover=()
LEAF;E=(1, 5, 7, 8, 9, 11, 12);rank=4;a=26;P=(17, 19, 23, 26);K4=(25, 30, 34, 76);m=126487/2187900;r=34;lambda=61/13832;tail=33;scan=12;controls=2;cover=()
LEAF;E=(1, 5, 7, 8, 9, 11, 12);rank=4;a=26;P=(17, 19, 23, 26);K4=(25, 31, 34, 76);m=114289129/1640129400;r=30;lambda=99/18088;tail=27;scan=7;controls=2;cover=()
LEAF;E=(1, 5, 7, 8, 9, 11, 12);rank=4;a=26;P=(17, 19, 23, 26);K4=(25, 30, 31, 76);m=50752431/825424600;r=34;lambda=61/13832;tail=33;scan=11;controls=2;cover=()
LEAF;E=(1, 5, 7, 8, 9, 11, 12);rank=4;a=26;P=(17, 19, 23, 26);K4=(25, 30, 51, 76);m=7109807/123450600;r=36;lambda=1/304;tail=44;scan=23;controls=2;cover=()
LEAF;E=(1, 5, 7, 8, 9, 11, 12);rank=4;a=26;P=(17, 19, 23, 26);K4=(25, 31, 51, 76);m=248681403/3508054550;r=34;lambda=43/7448;tail=25;scan=7;controls=2;cover=()
LEAF;E=(1, 5, 7, 8, 9, 11, 12);rank=4;a=26;P=(17, 19, 23, 26);K4=(25, 30, 31, 34);m=617139/9591400;r=24;lambda=61/9100;tail=22;scan=5;controls=2;cover=()
LEAF;E=(1, 5, 7, 8, 9, 11, 12);rank=4;a=26;P=(17, 19, 23, 26);K4=(25, 30, 34, 38);m=4237678/72747675;r=24;lambda=23/2800;tail=18;scan=2;controls=2;cover=()
LEAF;E=(1, 5, 7, 8, 9, 11, 12);rank=4;a=26;P=(17, 19, 23, 26);K4=(25, 30, 34, 80);m=314753/5105100;r=34;lambda=3/800;tail=39;scan=17;controls=2;cover=()
LEAF;E=(1, 5, 7, 8, 9, 11, 12);rank=4;a=26;P=(17, 19, 23, 26);K4=(25, 31, 34, 38);m=112567681/1640129400;r=20;lambda=27/3094;tail=17;scan=2;controls=2;cover=()
LEAF;E=(1, 5, 7, 8, 9, 11, 12);rank=4;a=26;P=(17, 19, 23, 26);K4=(25, 31, 34, 80);m=88917/1370200;r=34;lambda=1/238;tail=35;scan=13;controls=2;cover=()
LEAF;E=(1, 5, 7, 8, 9, 11, 12);rank=4;a=26;P=(17, 19, 23, 26);K4=(25, 34, 38, 80);m=4847188/72747675;r=30;lambda=1/238;tail=35;scan=14;controls=2;cover=()
LEAF;E=(1, 5, 7, 8, 9, 11, 12);rank=4;a=26;P=(17, 19, 23, 26);K4=(25, 30, 31, 38);m=7368533/130330200;r=24;lambda=17/3472;tail=30;scan=10;controls=2;cover=()
LEAF;E=(1, 5, 7, 8, 9, 11, 12);rank=4;a=26;P=(17, 19, 23, 26);K4=(25, 30, 31, 51);m=618427/9746100;r=30;lambda=46/8925;tail=28;scan=8;controls=2;cover=()
LEAF;E=(1, 5, 7, 8, 9, 11, 12);rank=4;a=26;P=(17, 19, 23, 26);K4=(25, 30, 31, 80);m=1474909/23696400;r=36;lambda=17/3360;tail=29;scan=9;controls=2;cover=()
LEAF;E=(1, 5, 7, 8, 9, 11, 12);rank=4;a=26;P=(17, 19, 23, 26);K4=(25, 30, 38, 51);m=15661/259896;r=26;lambda=53/8925;tail=25;scan=7;controls=2;cover=()
LEAF;E=(1, 5, 7, 8, 9, 11, 12);rank=4;a=26;P=(17, 19, 23, 26);K4=(25, 30, 38, 80);m=3030689/47927880;r=32;lambda=1/160;tail=23;scan=6;controls=2;cover=()
LEAF;E=(1, 5, 7, 8, 9, 11, 12);rank=4;a=26;P=(17, 19, 23, 26);K4=(25, 30, 51, 80);m=49841/812175;r=38;lambda=3/800;tail=39;scan=18;controls=2;cover=()
LEAF;E=(1, 5, 7, 8, 9, 11, 12);rank=4;a=26;P=(17, 19, 23, 26);K4=(25, 31, 38, 51);m=46959167/678978300;r=26;lambda=23/2548;tail=16;scan=1;controls=1;cover=()
LEAF;E=(1, 5, 7, 8, 9, 11, 12);rank=4;a=26;P=(17, 19, 23, 26);K4=(25, 31, 38, 80);m=971138897/14857642800;r=34;lambda=1/133;tail=20;scan=3;controls=2;cover=()
LEAF;E=(1, 5, 7, 8, 9, 11, 12);rank=4;a=26;P=(17, 19, 23, 26);K4=(25, 31, 51, 80);m=24686209/369268900;r=36;lambda=1/204;tail=30;scan=10;controls=2;cover=()
LEAF;E=(1, 5, 7, 8, 9, 11, 12);rank=4;a=26;P=(17, 19, 23, 26);K4=(25, 38, 51, 80);m=5538733/81477396;r=34;lambda=1/204;tail=30;scan=10;controls=2;cover=()
LEAF;E=(1, 5, 7, 8, 9, 11, 12);rank=4;a=26;P=(17, 19, 23, 26);K4=(34, 40, 50, 76);m=1454987/23279256;r=36;lambda=17/3800;tail=32;scan=13;controls=2;cover=()
LEAF;E=(1, 5, 7, 8, 9, 11, 12);rank=4;a=26;P=(17, 19, 23, 26);K4=(31, 34, 40, 76);m=21936701/328025880;r=32;lambda=83/17360;tail=30;scan=11;controls=2;cover=()
LEAF;E=(1, 5, 7, 8, 9, 11, 12);rank=4;a=26;P=(17, 19, 23, 26);K4=(34, 40, 69, 76);m=8379499/133855722;r=38;lambda=485/73416;tail=22;scan=5;controls=2;cover=()
LEAF;E=(1, 5, 7, 8, 9, 11, 12);rank=4;a=26;P=(17, 19, 23, 26);K4=(31, 40, 50, 76);m=103813883/1485764280;r=36;lambda=9/1064;tail=17;scan=2;controls=2;cover=()
LEAF;E=(1, 5, 7, 8, 9, 11, 12);rank=4;a=26;P=(17, 19, 23, 26);K4=(40, 50, 51, 76);m=12741613/203693490;r=38;lambda=1/204;tail=30;scan=11;controls=2;cover=()
LEAF;E=(1, 5, 7, 8, 9, 11, 12);rank=4;a=26;P=(17, 19, 23, 26);K4=(31, 40, 51, 76);m=410305303/6314498190;r=34;lambda=1/204;tail=30;scan=11;controls=2;cover=()
LEAF;E=(1, 5, 7, 8, 9, 11, 12);rank=4;a=26;P=(17, 19, 23, 26);K4=(31, 40, 69, 76);m=171752893/2628659880;r=34;lambda=583/73416;tail=18;scan=2;controls=2;cover=()
LEAF;E=(1, 5, 7, 8, 9, 11, 12);rank=4;a=26;P=(17, 19, 23, 26);K4=(40, 51, 69, 76);m=1174093721/18739801080;r=38;lambda=485/73416;tail=22;scan=5;controls=2;cover=()
LEAF;E=(1, 5, 7, 8, 9, 11, 12);rank=4;a=26;P=(17, 19, 23, 26);K4=(31, 34, 40, 50);m=3013781/43161300;r=30;lambda=37/4550;tail=18;scan=2;controls=2;cover=()
LEAF;E=(1, 5, 7, 8, 9, 11, 12);rank=4;a=26;P=(17, 19, 23, 26);K4=(34, 38, 40, 50);m=9265211/145495350;r=24;lambda=27/2800;tail=15;scan=0;controls=0;cover=()
LEAF;E=(1, 5, 7, 8, 9, 11, 12);rank=4;a=26;P=(17, 19, 23, 26);K4=(31, 34, 38, 40);m=5271503/82006470;r=24;lambda=17/3472;tail=30;scan=11;controls=2;cover=()
LEAF;E=(1, 5, 7, 8, 9, 11, 12);rank=4;a=26;P=(17, 19, 23, 26);K4=(31, 34, 40, 69);m=356931/5515055;r=30;lambda=185/25116;tail=20;scan=3;controls=2;cover=()
LEAF;E=(1, 5, 7, 8, 9, 11, 12);rank=4;a=26;P=(17, 19, 23, 26);K4=(34, 38, 40, 69);m=171105173/2677114440;r=30;lambda=13/1104;tail=13;scan=0;controls=0;cover=()
LEAF;E=(1, 5, 7, 8, 9, 11, 12);rank=4;a=26;P=(17, 19, 23, 26);K4=(31, 38, 40, 50);m=116363521/1857205350;r=28;lambda=1/133;tail=20;scan=3;controls=2;cover=()
LEAF;E=(1, 5, 7, 8, 9, 11, 12);rank=4;a=26;P=(17, 19, 23, 26);K4=(31, 40, 50, 51);m=459600149/6646840200;r=34;lambda=1/204;tail=30;scan=11;controls=2;cover=()
LEAF;E=(1, 5, 7, 8, 9, 11, 12);rank=4;a=26;P=(17, 19, 23, 26);K4=(38, 40, 50, 51);m=262580693/4073869800;r=28;lambda=263/35700;tail=20;scan=3;controls=2;cover=()
LEAF;E=(1, 5, 7, 8, 9, 11, 12);rank=4;a=26;P=(17, 19, 23, 26);K4=(31, 38, 40, 51);m=1558603369/25257992760;r=28;lambda=1/204;tail=30;scan=11;controls=2;cover=()
LEAF;E=(1, 5, 7, 8, 9, 11, 12);rank=4;a=26;P=(17, 19, 23, 26);K4=(31, 38, 40, 69);m=43276897/742882140;r=30;lambda=257/36708;tail=21;scan=4;controls=2;cover=()
LEAF;E=(1, 5, 7, 8, 9, 11, 12);rank=4;a=26;P=(17, 19, 23, 26);K4=(31, 40, 51, 69);m=652674563/10191821640;r=34;lambda=12/2737;tail=33;scan=13;controls=2;cover=()
LEAF;E=(1, 5, 7, 8, 9, 11, 12);rank=4;a=26;P=(17, 19, 23, 26);K4=(38, 40, 51, 69);m=31901269/493152660;r=32;lambda=26/2737;tail=16;scan=1;controls=1;cover=()
LEAF;E=(1, 5, 7, 8, 9, 11, 12);rank=4;a=26;P=(17, 19, 23, 26);K4=(30, 34, 50, 76);m=7328593/116396280;r=36;lambda=17/3800;tail=32;scan=12;controls=2;cover=()
LEAF;E=(1, 5, 7, 8, 9, 11, 12);rank=4;a=26;P=(17, 19, 23, 26);K4=(31, 34, 50, 76);m=106146163/1640129400;r=36;lambda=61/13832;tail=33;scan=13;controls=2;cover=()
LEAF;E=(1, 5, 7, 8, 9, 11, 12);rank=4;a=26;P=(17, 19, 23, 26);K4=(30, 31, 34, 76);m=11239213/164012940;r=32;lambda=229/32984;tail=21;scan=4;controls=2;cover=()
LEAF;E=(1, 5, 7, 8, 9, 11, 12);rank=4;a=26;P=(17, 19, 23, 26);K4=(30, 34, 69, 76);m=167071649/2677114440;r=40;lambda=485/73416;tail=22;scan=5;controls=2;cover=()
LEAF;E=(1, 5, 7, 8, 9, 11, 12);rank=4;a=26;P=(17, 19, 23, 26);K4=(31, 34, 69, 76);m=24510713/377229762;r=36;lambda=99/18088;tail=27;scan=8;controls=2;cover=()
LEAF;E=(1, 5, 7, 8, 9, 11, 12);rank=4;a=26;P=(17, 19, 23, 26);K4=(30, 31, 50, 76);m=2210037/33016984;r=38;lambda=61/13832;tail=33;scan=12;controls=2;cover=()
LEAF;E=(1, 5, 7, 8, 9, 11, 12);rank=4;a=26;P=(17, 19, 23, 26);K4=(30, 50, 51, 76);m=404917/6172530;r=38;lambda=17/3800;tail=32;scan=12;controls=2;cover=()
LEAF;E=(1, 5, 7, 8, 9, 11, 12);rank=4;a=26;P=(17, 19, 23, 26);K4=(31, 50, 51, 76);m=1402802221/21048327300;r=40;lambda=1/204;tail=30;scan=11;controls=2;cover=()
LEAF;E=(1, 5, 7, 8, 9, 11, 12);rank=4;a=26;P=(17, 19, 23, 26);K4=(30, 31, 51, 76);m=49508917/765393720;r=36;lambda=229/32984;tail=21;scan=4;controls=2;cover=()
LEAF;E=(1, 5, 7, 8, 9, 11, 12);rank=4;a=26;P=(17, 19, 23, 26);K4=(30, 31, 69, 76);m=69018325/1139085948;r=40;lambda=61/13832;tail=33;scan=12;controls=2;cover=()
LEAF;E=(1, 5, 7, 8, 9, 11, 12);rank=4;a=26;P=(17, 19, 23, 26);K4=(30, 51, 69, 76);m=6046689/94645460;r=42;lambda=485/73416;tail=22;scan=5;controls=2;cover=()
LEAF;E=(1, 5, 7, 8, 9, 11, 12);rank=4;a=26;P=(17, 19, 23, 26);K4=(31, 51, 69, 76);m=2518319827/38728922232;r=42;lambda=43/7448;tail=25;scan=7;controls=2;cover=()
LEAF;E=(1, 5, 7, 8, 9, 11, 12);rank=4;a=26;P=(17, 19, 23, 26);K4=(30, 31, 34, 50);m=6310747/86322600;r=28;lambda=37/4550;tail=18;scan=2;controls=2;cover=()
LEAF;E=(1, 5, 7, 8, 9, 11, 12);rank=4;a=26;P=(17, 19, 23, 26);K4=(30, 34, 38, 50);m=35542349/581981400;r=24;lambda=27/2800;tail=15;scan=0;controls=0;cover=()
LEAF;E=(1, 5, 7, 8, 9, 11, 12);rank=4;a=26;P=(17, 19, 23, 26);K4=(30, 34, 50, 80);m=4173289/61261200;r=36;lambda=29/5600;tail=28;scan=9;controls=2;cover=()
LEAF;E=(1, 5, 7, 8, 9, 11, 12);rank=4;a=26;P=(17, 19, 23, 26);K4=(31, 34, 38, 50);m=100601857/1640129400;r=24;lambda=17/3472;tail=30;scan=11;controls=2;cover=()
LEAF;E=(1, 5, 7, 8, 9, 11, 12);rank=4;a=26;P=(17, 19, 23, 26);K4=(31, 34, 50, 80);m=11807093/172645200;r=36;lambda=29/5600;tail=28;scan=9;controls=2;cover=()
LEAF;E=(1, 5, 7, 8, 9, 11, 12);rank=4;a=26;P=(17, 19, 23, 26);K4=(34, 38, 50, 80);m=37924223/581981400;r=30;lambda=29/5600;tail=28;scan=9;controls=2;cover=()
LEAF;E=(1, 5, 7, 8, 9, 11, 12);rank=4;a=26;P=(17, 19, 23, 26);K4=(30, 31, 34, 38);m=515516/8200647;r=24;lambda=99/16492;tail=24;scan=6;controls=2;cover=()
LEAF;E=(1, 5, 7, 8, 9, 11, 12);rank=4;a=26;P=(17, 19, 23, 26);K4=(30, 31, 34, 69);m=131087/1946490;r=30;lambda=185/25116;tail=20;scan=3;controls=2;cover=()
LEAF;E=(1, 5, 7, 8, 9, 11, 12);rank=4;a=26;P=(17, 19, 23, 26);K4=(30, 31, 34, 80);m=1267/17680;r=32;lambda=239/34720;tail=21;scan=4;controls=2;cover=()
LEAF;E=(1, 5, 7, 8, 9, 11, 12);rank=4;a=26;P=(17, 19, 23, 26);K4=(30, 34, 38, 69);m=162367631/2677114440;r=32;lambda=13/1104;tail=13;scan=0;controls=0;cover=()
LEAF;E=(1, 5, 7, 8, 9, 11, 12);rank=4;a=26;P=(17, 19, 23, 26);K4=(30, 34, 38, 80);m=1194697/16628040;r=32;lambda=3/280;tail=14;scan=0;controls=0;cover=()
LEAF;E=(1, 5, 7, 8, 9, 11, 12);rank=4;a=26;P=(17, 19, 23, 26);K4=(30, 34, 69, 80);m=1279669/18786768;r=40;lambda=113/15456;tail=20;scan=3;controls=2;cover=()
LEAF;E=(1, 5, 7, 8, 9, 11, 12);rank=4;a=26;P=(17, 19, 23, 26);K4=(31, 34, 38, 69);m=23286083/377229762;r=28;lambda=233/32844;tail=21;scan=4;controls=2;cover=()
LEAF;E=(1, 5, 7, 8, 9, 11, 12);rank=4;a=26;P=(17, 19, 23, 26);K4=(31, 34, 38, 80);m=5602901/82006470;r=32;lambda=197/34720;tail=26;scan=8;controls=2;cover=()
LEAF;E=(1, 5, 7, 8, 9, 11, 12);rank=4;a=26;P=(17, 19, 23, 26);K4=(31, 34, 69, 80);m=1667993/26472264;r=38;lambda=341/77280;tail=33;scan=13;controls=2;cover=()
LEAF;E=(1, 5, 7, 8, 9, 11, 12);rank=4;a=26;P=(17, 19, 23, 26);K4=(34, 38, 69, 80);m=21933088/334639305;r=38;lambda=113/15456;tail=20;scan=3;controls=2;cover=()
LEAF;E=(1, 5, 7, 8, 9, 11, 12);rank=4;a=26;P=(17, 19, 23, 26);K4=(30, 31, 38, 50);m=147725843/2476273800;r=26;lambda=17/3472;tail=30;scan=11;controls=2;cover=()
LEAF;E=(1, 5, 7, 8, 9, 11, 12);rank=4;a=26;P=(17, 19, 23, 26);K4=(30, 31, 50, 51);m=7098089/100709700;r=34;lambda=47/7140;tail=22;scan=5;controls=2;cover=()
LEAF;E=(1, 5, 7, 8, 9, 11, 12);rank=4;a=26;P=(17, 19, 23, 26);K4=(30, 31, 50, 80);m=1226461/17772300;r=40;lambda=29/5600;tail=28;scan=9;controls=2;cover=()
LEAF;E=(1, 5, 7, 8, 9, 11, 12);rank=4;a=26;P=(17, 19, 23, 26);K4=(30, 38, 50, 51);m=4069883/61725300;r=26;lambda=263/35700;tail=20;scan=3;controls=2;cover=()
LEAF;E=(1, 5, 7, 8, 9, 11, 12);rank=4;a=26;P=(17, 19, 23, 26);K4=(30, 38, 50, 80);m=4128451/59909850;r=32;lambda=1/160;tail=23;scan=6;controls=2;cover=()
LEAF;E=(1, 5, 7, 8, 9, 11, 12);rank=4;a=26;P=(17, 19, 23, 26);K4=(30, 50, 51, 80);m=2668553/38984400;r=42;lambda=29/5600;tail=28;scan=9;controls=2;cover=()
LEAF;E=(1, 5, 7, 8, 9, 11, 12);rank=4;a=26;P=(17, 19, 23, 26);K4=(31, 38, 50, 51);m=439129323/7016109100;r=30;lambda=1/204;tail=30;scan=11;controls=2;cover=()
LEAF;E=(1, 5, 7, 8, 9, 11, 12);rank=4;a=26;P=(17, 19, 23, 26);K4=(31, 38, 50, 80);m=968868629/14857642800;r=34;lambda=1/133;tail=20;scan=3;controls=2;cover=()
LEAF;E=(1, 5, 7, 8, 9, 11, 12);rank=4;a=26;P=(17, 19, 23, 26);K4=(31, 50, 51, 80);m=226538239/3323420100;r=42;lambda=1/204;tail=30;scan=11;controls=2;cover=()
LEAF;E=(1, 5, 7, 8, 9, 11, 12);rank=4;a=26;P=(17, 19, 23, 26);K4=(38, 50, 51, 80);m=573936343/8147739600;r=34;lambda=29/5600;tail=28;scan=9;controls=2;cover=()
LEAF;E=(1, 5, 7, 8, 9, 11, 12);rank=4;a=26;P=(17, 19, 23, 26);K4=(30, 31, 38, 51);m=15268807/255131240;r=28;lambda=99/16492;tail=24;scan=6;controls=2;cover=()
LEAF;E=(1, 5, 7, 8, 9, 11, 12);rank=4;a=26;P=(17, 19, 23, 26);K4=(30, 31, 38, 69);m=25366087/474619145;r=32;lambda=17/3472;tail=30;scan=11;controls=2;cover=()
LEAF;E=(1, 5, 7, 8, 9, 11, 12);rank=4;a=26;P=(17, 19, 23, 26);K4=(30, 31, 38, 80);m=16297637/270138960;r=32;lambda=197/34720;tail=26;scan=8;controls=2;cover=()
LEAF;E=(1, 5, 7, 8, 9, 11, 12);rank=4;a=26;P=(17, 19, 23, 26);K4=(30, 31, 51, 69);m=176677499/2779587720;r=38;lambda=43/8211;tail=28;scan=9;controls=2;cover=()
LEAF;E=(1, 5, 7, 8, 9, 11, 12);rank=4;a=26;P=(17, 19, 23, 26);K4=(30, 31, 51, 80);m=85333/1299480;r=38;lambda=197/34720;tail=26;scan=8;controls=2;cover=()
LEAF;E=(1, 5, 7, 8, 9, 11, 12);rank=4;a=26;P=(17, 19, 23, 26);K4=(30, 31, 69, 80);m=3508217/54501720;r=40;lambda=17/3360;tail=29;scan=10;controls=2;cover=()
LEAF;E=(1, 5, 7, 8, 9, 11, 12);rank=4;a=26;P=(17, 19, 23, 26);K4=(30, 38, 51, 69);m=18273403/283936380;r=34;lambda=26/2737;tail=16;scan=1;controls=1;cover=()
LEAF;E=(1, 5, 7, 8, 9, 11, 12);rank=4;a=26;P=(17, 19, 23, 26);K4=(30, 38, 51, 80);m=11075497/148140720;r=32;lambda=3/280;tail=14;scan=0;controls=0;cover=()
LEAF;E=(1, 5, 7, 8, 9, 11, 12);rank=4;a=26;P=(17, 19, 23, 26);K4=(30, 38, 69, 80);m=152156657/2204682480;r=38;lambda=113/15456;tail=20;scan=3;controls=2;cover=()
LEAF;E=(1, 5, 7, 8, 9, 11, 12);rank=4;a=26;P=(17, 19, 23, 26);K4=(30, 51, 69, 80);m=1363779/19925360;r=44;lambda=113/15456;tail=20;scan=3;controls=2;cover=()
LEAF;E=(1, 5, 7, 8, 9, 11, 12);rank=4;a=26;P=(17, 19, 23, 26);K4=(31, 38, 51, 69);m=788782823/12909640744;r=36;lambda=25/3381;tail=20;scan=3;controls=2;cover=()
LEAF;E=(1, 5, 7, 8, 9, 11, 12);rank=4;a=26;P=(17, 19, 23, 26);K4=(31, 38, 51, 80);m=698355433/10103197104;r=34;lambda=197/34720;tail=26;scan=8;controls=2;cover=()
LEAF;E=(1, 5, 7, 8, 9, 11, 12);rank=4;a=26;P=(17, 19, 23, 26);K4=(31, 38, 69, 80);m=315131363/5257319760;r=40;lambda=257/36708;tail=21;scan=4;controls=2;cover=()
LEAF;E=(1, 5, 7, 8, 9, 11, 12);rank=4;a=26;P=(17, 19, 23, 26);K4=(31, 51, 69, 80);m=53274619/849318470;r=42;lambda=12/2737;tail=33;scan=13;controls=2;cover=()
LEAF;E=(1, 5, 7, 8, 9, 11, 12);rank=4;a=26;P=(17, 19, 23, 26);K4=(38, 51, 69, 80);m=2645887/37934820;r=40;lambda=113/15456;tail=20;scan=3;controls=2;cover=()
CORE;E=(1, 5, 8, 9, 11, 13, 14);K=21;rank=6;a=50;P=(19, 17, 23, 29, 31, 50);h=25504/143325;r=36;R3=37930551361/325266341400;theta=2216560263/36140704600;level=2216560263/72281409200;eps=23884109113/4553728779600;N=1386;H=17;pairs=136;paid=136;pruned=0;edges=59;ties=0;deg=5;F3=65;N3=581;tri_checks=59;K4=49;closed=True;order=(108, 35, 30, 84, 117, 149, 168, 24, 111, 49, 38, 60, 34, 37, 41, 59, 72);forward_degrees=(3, 4, 4, 4, 3, 4, 4, 5, 4, 5, 5, 4, 4, 3, 2, 1, 0);Hlabels=(24, 30, 34, 35, 37, 38, 41, 49, 59, 60, 72, 84, 108, 111, 117, 149, 168);weighted_edges=((24, 34, '417679/6306300'), (24, 37, '32516993/466666200'), (24, 38, '5361259/79879800'), (24, 49, '607521/9809800'), (24, 111, '9800341/155555400'), (24, 117, '785563/12612600'), (30, 34, '14300857/214414200'), (30, 35, '266479/4204200'), (30, 37, '30354941/466666200'), (30, 38, '5345293/79879800'), (30, 41, '2345731/34474440'), (34, 35, '1886519/26801775'), (34, 37, '545772949/7933325400'), (34, 38, '2710249/40738698'), (34, 41, '9308347/129279150'), (34, 49, '1487547/23823800'), (34, 59, '812475557/12650437800'), (34, 60, '3044837/42882840'), (34, 72, '1724972/26801775'), (34, 84, '1819151/26801775'), (34, 108, '40319287/643242600'), (34, 111, '65100953/991665675'), (34, 117, '377241/5955950'), (34, 149, '52049843/819172200'), (34, 168, '14353723/214414200'), (35, 37, '29949329/466666200'), (35, 49, '25209/392392'), (37, 38, '60947713/806059800'), (37, 41, '1388053333/19133314200'), (37, 49, '34325/518518'), (37, 59, '17556067/275333058'), (37, 60, '30851297/466666200'), (37, 72, '1346342/19444425'), (37, 84, '539297/8484840'), (37, 108, '44710999/699999300'), (37, 149, '142918673/2107068600'), (37, 168, '109591/1696968'), (38, 41, '8831554/136461325'), (38, 49, '12469703/186386200'), (38, 60, '80543/1228920'), (38, 72, '4902619/79879800'), (38, 111, '695021/11195275'), (41, 49, '27553341/402201800'), (41, 59, '220497817/3389986600'), (41, 60, '3735107/57457400'), (41, 72, '2748349/43093050'), (41, 84, '106081/1657425'), (41, 108, '20439313/310269960'), (41, 149, '4944896533/77050373400'), (41, 168, '850903/13259400'), (49, 60, '944903/14714700'), (49, 168, '260173/4204200'), (59, 60, '597007/9540300'), (59, 72, '5799806/93017925'), (60, 111, '9990139/155555400'), (72, 111, '15108629/233333100'), (72, 117, '802531/12612600'), (72, 149, '14989241/234909675'), (84, 117, '8804/143325'));tie_edges=()
LEAF;E=(1, 5, 8, 9, 11, 13, 14);rank=6;a=50;P=(19, 17, 23, 29, 31, 50);K4=(34, 37, 41, 108);m=15523017343/243949756050;r=40;lambda=115/18648;tail=24;scan=6;controls=2;cover=()
LEAF;E=(1, 5, 8, 9, 11, 13, 14);rank=6;a=50;P=(19, 17, 23, 29, 31, 50);K4=(30, 34, 35, 37);m=39078439/610255800;r=36;lambda=1/170;tail=25;scan=7;controls=2;cover=()
LEAF;E=(1, 5, 8, 9, 11, 13, 14);rank=6;a=50;P=(19, 17, 23, 29, 31, 50);K4=(34, 35, 37, 49);m=935105537/13883319450;r=36;lambda=1/170;tail=25;scan=7;controls=2;cover=()
LEAF;E=(1, 5, 8, 9, 11, 13, 14);rank=6;a=50;P=(19, 17, 23, 29, 31, 50);K4=(30, 34, 37, 38);m=9269809669/150733182600;r=32;lambda=107/19684;tail=27;scan=9;controls=2;cover=()
LEAF;E=(1, 5, 8, 9, 11, 13, 14);rank=6;a=50;P=(19, 17, 23, 29, 31, 50);K4=(30, 34, 38, 41);m=549546671/8790982200;r=28;lambda=31/4522;tail=21;scan=4;controls=2;cover=()
LEAF;E=(1, 5, 8, 9, 11, 13, 14);rank=6;a=50;P=(19, 17, 23, 29, 31, 50);K4=(30, 37, 38, 41);m=20508240853/363532969800;r=34;lambda=107/19684;tail=27;scan=9;controls=2;cover=()
LEAF;E=(1, 5, 8, 9, 11, 13, 14);rank=6;a=50;P=(19, 17, 23, 29, 31, 50);K4=(30, 34, 37, 41);m=4082306743/65053268280;r=32;lambda=66/10619;tail=23;scan=6;controls=2;cover=()
LEAF;E=(1, 5, 8, 9, 11, 13, 14);rank=6;a=50;P=(19, 17, 23, 29, 31, 50);K4=(34, 37, 41, 84);m=20062491131/325266341400;r=38;lambda=145/43512;tail=43;scan=20;controls=2;cover=()
LEAF;E=(1, 5, 8, 9, 11, 13, 14);rank=6;a=50;P=(19, 17, 23, 29, 31, 50);K4=(34, 37, 41, 149);m=3087998218751/48464684868600;r=44;lambda=227/42763;tail=27;scan=9;controls=2;cover=()
LEAF;E=(1, 5, 8, 9, 11, 13, 14);rank=6;a=50;P=(19, 17, 23, 29, 31, 50);K4=(34, 37, 72, 149);m=27410265017/394021828200;r=52;lambda=6/1043;tail=25;scan=7;controls=2;cover=()
LEAF;E=(1, 5, 8, 9, 11, 13, 14);rank=6;a=50;P=(19, 17, 23, 29, 31, 50);K4=(34, 41, 72, 149);m=1021049863/14553959420;r=48;lambda=619/150192;tail=35;scan=14;controls=2;cover=()
LEAF;E=(1, 5, 8, 9, 11, 13, 14);rank=6;a=50;P=(19, 17, 23, 29, 31, 50);K4=(37, 41, 72, 149);m=57273735901/950287938600;r=56;lambda=125/41328;tail=48;scan=26;controls=2;cover=()
LEAF;E=(1, 5, 8, 9, 11, 13, 14);rank=6;a=50;P=(19, 17, 23, 29, 31, 50);K4=(34, 37, 49, 168);m=3929280581/55533277800;r=52;lambda=1/196;tail=29;scan=11;controls=2;cover=()
LEAF;E=(1, 5, 8, 9, 11, 13, 14);rank=6;a=50;P=(19, 17, 23, 29, 31, 50);K4=(34, 41, 49, 168);m=787917077/12307375080;r=56;lambda=337/96432;tail=41;scan=20;controls=2;cover=()
LEAF;E=(1, 5, 8, 9, 11, 13, 14);rank=6;a=50;P=(19, 17, 23, 29, 31, 50);K4=(37, 41, 49, 168);m=2090956949/33483299850;r=52;lambda=27/5488;tail=30;scan=11;controls=2;cover=()
LEAF;E=(1, 5, 8, 9, 11, 13, 14);rank=6;a=50;P=(19, 17, 23, 29, 31, 50);K4=(34, 37, 41, 168);m=5091277469/81316585350;r=50;lambda=109/29008;tail=39;scan=17;controls=2;cover=()
LEAF;E=(1, 5, 8, 9, 11, 13, 14);rank=6;a=50;P=(19, 17, 23, 29, 31, 50);K4=(24, 34, 38, 111);m=1014116941/15073318260;r=40;lambda=397/59052;tail=22;scan=5;controls=2;cover=()
LEAF;E=(1, 5, 8, 9, 11, 13, 14);rank=6;a=50;P=(19, 17, 23, 29, 31, 50);K4=(24, 34, 38, 49);m=37613239/570341772;r=30;lambda=237/34300;tail=21;scan=4;controls=2;cover=()
LEAF;E=(1, 5, 8, 9, 11, 13, 14);rank=6;a=50;P=(19, 17, 23, 29, 31, 50);K4=(24, 37, 38, 49);m=391170653/7758325575;r=34;lambda=1/176;tail=26;scan=7;controls=2;cover=()
LEAF;E=(1, 5, 8, 9, 11, 13, 14);rank=6;a=50;P=(19, 17, 23, 29, 31, 50);K4=(24, 34, 37, 49);m=3805300907/55533277800;r=28;lambda=1/170;tail=25;scan=6;controls=2;cover=()
LEAF;E=(1, 5, 8, 9, 11, 13, 14);rank=6;a=50;P=(19, 17, 23, 29, 31, 50);K4=(24, 34, 37, 38);m=64477033/1108332225;r=28;lambda=107/19684;tail=27;scan=8;controls=2;cover=()
LEAF;E=(1, 5, 8, 9, 11, 13, 14);rank=6;a=50;P=(19, 17, 23, 29, 31, 50);K4=(34, 38, 60, 111);m=9747683383/150733182600;r=44;lambda=11/2280;tail=30;scan=11;controls=2;cover=()
LEAF;E=(1, 5, 8, 9, 11, 13, 14);rank=6;a=50;P=(19, 17, 23, 29, 31, 50);K4=(34, 38, 72, 111);m=29802043/418703285;r=48;lambda=7/1776;tail=37;scan=16;controls=2;cover=()
LEAF;E=(1, 5, 8, 9, 11, 13, 14);rank=6;a=50;P=(19, 17, 23, 29, 31, 50);K4=(34, 38, 49, 60);m=890071579/14258544300;r=40;lambda=31/4760;tail=22;scan=5;controls=2;cover=()
LEAF;E=(1, 5, 8, 9, 11, 13, 14);rank=6;a=50;P=(19, 17, 23, 29, 31, 50);K4=(37, 38, 49, 60);m=893062213/15516651150;r=42;lambda=23/3080;tail=20;scan=3;controls=2;cover=()
LEAF;E=(1, 5, 8, 9, 11, 13, 14);rank=6;a=50;P=(19, 17, 23, 29, 31, 50);K4=(38, 41, 49, 60);m=148287521/2456303850;r=42;lambda=17/4100;tail=35;scan=15;controls=2;cover=()
LEAF;E=(1, 5, 8, 9, 11, 13, 14);rank=6;a=50;P=(19, 17, 23, 29, 31, 50);K4=(34, 37, 38, 49);m=8548758433/131891534775;r=32;lambda=225/23324;tail=15;scan=0;controls=0;cover=()
LEAF;E=(1, 5, 8, 9, 11, 13, 14);rank=6;a=50;P=(19, 17, 23, 29, 31, 50);K4=(34, 38, 41, 49);m=4133255719/61536875400;r=32;lambda=19/4100;tail=31;scan=12;controls=2;cover=()
LEAF;E=(1, 5, 8, 9, 11, 13, 14);rank=6;a=50;P=(19, 17, 23, 29, 31, 50);K4=(37, 38, 41, 49);m=3586519322/63618269715;r=36;lambda=60/14063;tail=34;scan=14;controls=2;cover=()
LEAF;E=(1, 5, 8, 9, 11, 13, 14);rank=6;a=50;P=(19, 17, 23, 29, 31, 50);K4=(34, 37, 49, 60);m=1862990443/27766638900;r=40;lambda=31/4760;tail=22;scan=5;controls=2;cover=()
LEAF;E=(1, 5, 8, 9, 11, 13, 14);rank=6;a=50;P=(19, 17, 23, 29, 31, 50);K4=(34, 41, 49, 60);m=6885787/111885228;r=40;lambda=1/170;tail=25;scan=7;controls=2;cover=()
LEAF;E=(1, 5, 8, 9, 11, 13, 14);rank=6;a=50;P=(19, 17, 23, 29, 31, 50);K4=(37, 41, 49, 60);m=2098681349/33483299850;r=42;lambda=53/6860;tail=19;scan=3;controls=2;cover=()
LEAF;E=(1, 5, 8, 9, 11, 13, 14);rank=6;a=50;P=(19, 17, 23, 29, 31, 50);K4=(34, 37, 41, 49);m=18872625029/284608048725;r=34;lambda=1/170;tail=25;scan=7;controls=2;cover=()
LEAF;E=(1, 5, 8, 9, 11, 13, 14);rank=6;a=50;P=(19, 17, 23, 29, 31, 50);K4=(34, 37, 38, 60);m=9242819881/150733182600;r=38;lambda=31/4760;tail=22;scan=5;controls=2;cover=()
LEAF;E=(1, 5, 8, 9, 11, 13, 14);rank=6;a=50;P=(19, 17, 23, 29, 31, 50);K4=(34, 38, 41, 60);m=10029311/159836040;r=34;lambda=11/2280;tail=30;scan=11;controls=2;cover=()
LEAF;E=(1, 5, 8, 9, 11, 13, 14);rank=6;a=50;P=(19, 17, 23, 29, 31, 50);K4=(37, 38, 41, 60);m=21225800647/363532969800;r=40;lambda=11/2280;tail=30;scan=11;controls=2;cover=()
LEAF;E=(1, 5, 8, 9, 11, 13, 14);rank=6;a=50;P=(19, 17, 23, 29, 31, 50);K4=(34, 37, 38, 41);m=1207360783/19133314200;r=30;lambda=107/19684;tail=27;scan=9;controls=2;cover=()
LEAF;E=(1, 5, 8, 9, 11, 13, 14);rank=6;a=50;P=(19, 17, 23, 29, 31, 50);K4=(34, 37, 38, 72);m=31654353/492592100;r=38;lambda=115/17136;tail=22;scan=5;controls=2;cover=()
LEAF;E=(1, 5, 8, 9, 11, 13, 14);rank=6;a=50;P=(19, 17, 23, 29, 31, 50);K4=(34, 38, 41, 72);m=125932207/1758196440;r=36;lambda=107/25200;tail=34;scan=14;controls=2;cover=()
LEAF;E=(1, 5, 8, 9, 11, 13, 14);rank=6;a=50;P=(19, 17, 23, 29, 31, 50);K4=(37, 38, 41, 72);m=2913319369/45441621225;r=42;lambda=55/13104;tail=35;scan=15;controls=2;cover=()
LEAF;E=(1, 5, 8, 9, 11, 13, 14);rank=6;a=50;P=(19, 17, 23, 29, 31, 50);K4=(34, 37, 41, 60);m=1854890497/29569667400;r=38;lambda=1/170;tail=25;scan=7;controls=2;cover=()
LEAF;E=(1, 5, 8, 9, 11, 13, 14);rank=6;a=50;P=(19, 17, 23, 29, 31, 50);K4=(34, 37, 59, 60);m=15408555541/234033099300;r=46;lambda=31/4200;tail=20;scan=3;controls=2;cover=()
LEAF;E=(1, 5, 8, 9, 11, 13, 14);rank=6;a=50;P=(19, 17, 23, 29, 31, 50);K4=(34, 41, 59, 60);m=72452213/1178790795;r=42;lambda=193/34440;tail=26;scan=8;controls=2;cover=()
LEAF;E=(1, 5, 8, 9, 11, 13, 14);rank=6;a=50;P=(19, 17, 23, 29, 31, 50);K4=(37, 41, 59, 60);m=37459756861/564432768900;r=42;lambda=193/34440;tail=26;scan=8;controls=2;cover=()
LEAF;E=(1, 5, 8, 9, 11, 13, 14);rank=6;a=50;P=(19, 17, 23, 29, 31, 50);K4=(34, 37, 41, 59);m=28183043111/436152594150;r=38;lambda=66/10619;tail=23;scan=6;controls=2;cover=()
LEAF;E=(1, 5, 8, 9, 11, 13, 14);rank=6;a=50;P=(19, 17, 23, 29, 31, 50);K4=(34, 37, 41, 72);m=5430927923/81316585350;r=38;lambda=3/560;tail=27;scan=9;controls=2;cover=()
LEAF;E=(1, 5, 8, 9, 11, 13, 14);rank=6;a=50;P=(19, 17, 23, 29, 31, 50);K4=(34, 37, 59, 72);m=3015281299/42551472600;r=42;lambda=23/4368;tail=28;scan=10;controls=2;cover=()
LEAF;E=(1, 5, 8, 9, 11, 13, 14);rank=6;a=50;P=(19, 17, 23, 29, 31, 50);K4=(34, 41, 59, 72);m=161681291/2357581590;r=42;lambda=107/25200;tail=34;scan=14;controls=2;cover=()
LEAF;E=(1, 5, 8, 9, 11, 13, 14);rank=6;a=50;P=(19, 17, 23, 29, 31, 50);K4=(37, 41, 59, 72);m=73233715277/1128865537800;r=44;lambda=55/13104;tail=35;scan=15;controls=2;cover=()
CORE;E=(1, 5, 8, 11, 12, 13, 14);K=22;rank=6;a=38;P=(19, 27, 17, 23, 50, 38);h=90245/456456;r=40;R3=167746351/1307263650;theta=1572308791/22659236600;level=1572308791/45318473200;eps=877001623/135955419600;N=1252;H=16;pairs=120;paid=120;pruned=0;edges=65;ties=0;deg=6;F3=141;N3=544;tri_checks=134;K4=122;closed=True;order=(43, 75, 200, 20, 109, 54, 92, 100, 81, 18, 25, 34, 37, 40, 46, 104);forward_degrees=(3, 3, 4, 5, 5, 6, 6, 6, 6, 6, 5, 4, 3, 2, 1, 0);Hlabels=(18, 20, 25, 34, 37, 40, 43, 46, 54, 75, 81, 92, 100, 104, 109, 200);weighted_edges=((18, 20, '182041/2396394'), (18, 25, '18093991/239639400'), (18, 34, '12259991/162954792'), (18, 37, '27479269/354666312'), (18, 40, '1832659/23963940'), (18, 46, '2126188/27558531'), (18, 75, '177833/2522520'), (18, 81, '328919/4540536'), (18, 92, '7966501/110234124'), (18, 100, '8664113/119819700'), (18, 104, '75245/1065064'), (20, 25, '2079659/26626600'), (20, 34, '1316431/18106088'), (20, 46, '13323067/183723540'), (20, 81, '6211565/86270184'), (25, 34, '16421683/226326100'), (25, 37, '3164671/37891700'), (25, 40, '1101497/13313300'), (25, 43, '39976341/572471900'), (25, 46, '10774459/141325800'), (25, 54, '6394121/89864775'), (25, 81, '82202777/1078377300'), (25, 92, '44868207/612411800'), (25, 104, '5625797/79879800'), (25, 109, '203544437/2902299400'), (25, 200, '1860773/26626600'), (34, 37, '12162727/167481314'), (34, 40, '1296707/18106088'), (34, 46, '98932079/1249320072'), (34, 54, '11659649/162954792'), (34, 81, '9363605/122216094'), (34, 92, '30043613/416440024'), (34, 100, '34022531/452652200'), (34, 104, '1927907/27159132'), (37, 40, '13816137/197036840'), (37, 46, '15710581/209162184'), (37, 54, '2319613/32242392'), (37, 75, '73804831/985184200'), (37, 81, '5612363/72545382'), (37, 92, '66280761/906369464'), (37, 100, '539109/6889400'), (37, 104, '237593/3195192'), (37, 109, '316321483/4295403112'), (37, 200, '7059467/98518420'), (40, 46, '5279569/73489416'), (40, 54, '1769687/23963940'), (40, 75, '5809631/79879800'), (40, 81, '33884537/431350920'), (40, 100, '1918827/26626600'), (40, 104, '1172797/15975960'), (43, 54, '88648117/1236539304'), (43, 81, '36123475/463702239'), (46, 54, '24499235/330702372'), (46, 81, '160738997/1984214232'), (46, 100, '5274581/70662900'), (46, 104, '2584187/36744708'), (46, 200, '32093989/459308850'), (54, 92, '11594393/165351186'), (54, 109, '27466865/391810419'), (81, 92, '149032463/1984214232'), (81, 100, '14679281/196068600'), (81, 109, '687045287/9403450056'), (81, 200, '30680479/431350920'), (92, 100, '11106113/153102950'), (104, 109, '24721265/348275928'));tie_edges=()
LEAF;E=(1, 5, 8, 11, 12, 13, 14);rank=6;a=38;P=(19, 27, 17, 23, 50, 38);K4=(18, 37, 40, 75);m=156995387/2216664450;r=50;lambda=13/2775;tail=31;scan=11;controls=2;cover=()
LEAF;E=(1, 5, 8, 11, 12, 13, 14);rank=6;a=38;P=(19, 27, 17, 23, 50, 38);K4=(25, 37, 81, 200);m=1897234813/26599973400;r=62;lambda=1/304;tail=44;scan=22;controls=2;cover=()
LEAF;E=(1, 5, 8, 11, 12, 13, 14);rank=6;a=38;P=(19, 27, 17, 23, 50, 38);K4=(25, 46, 81, 200);m=3780426131/49605355800;r=60;lambda=3/700;tail=34;scan=14;controls=2;cover=()
LEAF;E=(1, 5, 8, 11, 12, 13, 14);rank=6;a=38;P=(19, 27, 17, 23, 50, 38);K4=(37, 46, 81, 200);m=68795082901/917699082300;r=66;lambda=213/64400;tail=44;scan=23;controls=2;cover=()
LEAF;E=(1, 5, 8, 11, 12, 13, 14);rank=6;a=38;P=(19, 27, 17, 23, 50, 38);K4=(25, 37, 46, 200);m=1699774723/22659236600;r=58;lambda=3/700;tail=34;scan=14;controls=2;cover=()
LEAF;E=(1, 5, 8, 11, 12, 13, 14);rank=6;a=38;P=(19, 27, 17, 23, 50, 38);K4=(18, 20, 25, 81);m=150364631/2156754600;r=34;lambda=23/2800;tail=18;scan=2;controls=2;cover=()
LEAF;E=(1, 5, 8, 11, 12, 13, 14);rank=6;a=38;P=(19, 27, 17, 23, 50, 38);K4=(18, 20, 34, 81);m=3101597/44442216;r=34;lambda=79/9072;tail=17;scan=2;controls=2;cover=()
LEAF;E=(1, 5, 8, 11, 12, 13, 14);rank=6;a=38;P=(19, 27, 17, 23, 50, 38);K4=(18, 20, 46, 81);m=68655205/992107116;r=36;lambda=79/9072;tail=17;scan=2;controls=2;cover=()
LEAF;E=(1, 5, 8, 11, 12, 13, 14);rank=6;a=38;P=(19, 27, 17, 23, 50, 38);K4=(20, 25, 34, 81);m=58278641/833291550;r=40;lambda=23/2800;tail=18;scan=2;controls=2;cover=()
LEAF;E=(1, 5, 8, 11, 12, 13, 14);rank=6;a=38;P=(19, 27, 17, 23, 50, 38);K4=(20, 25, 46, 81);m=1132744597/16535118600;r=38;lambda=23/2800;tail=18;scan=2;controls=2;cover=()
LEAF;E=(1, 5, 8, 11, 12, 13, 14);rank=6;a=38;P=(19, 27, 17, 23, 50, 38);K4=(20, 34, 46, 81);m=2204597977/33731641944;r=40;lambda=79/9072;tail=17;scan=2;controls=2;cover=()
LEAF;E=(1, 5, 8, 11, 12, 13, 14);rank=6;a=38;P=(19, 27, 17, 23, 50, 38);K4=(18, 20, 25, 34);m=1323613/21785400;r=30;lambda=23/2800;tail=18;scan=2;controls=2;cover=()
LEAF;E=(1, 5, 8, 11, 12, 13, 14);rank=6;a=38;P=(19, 27, 17, 23, 50, 38);K4=(18, 20, 25, 46);m=44893973/688963275;r=28;lambda=23/2800;tail=18;scan=2;controls=2;cover=()
LEAF;E=(1, 5, 8, 11, 12, 13, 14);rank=6;a=38;P=(19, 27, 17, 23, 50, 38);K4=(18, 20, 34, 46);m=1422401/22416030;r=32;lambda=29/2576;tail=13;scan=0;controls=0;cover=()
LEAF;E=(1, 5, 8, 11, 12, 13, 14);rank=6;a=38;P=(19, 27, 17, 23, 50, 38);K4=(20, 25, 34, 46);m=2847011/41150200;r=30;lambda=23/2800;tail=18;scan=2;controls=2;cover=()
LEAF;E=(1, 5, 8, 11, 12, 13, 14);rank=6;a=38;P=(19, 27, 17, 23, 50, 38);K4=(25, 37, 54, 109);m=701122018/9795260475;r=52;lambda=33/8284;tail=36;scan=16;controls=2;cover=()
LEAF;E=(1, 5, 8, 11, 12, 13, 14);rank=6;a=38;P=(19, 27, 17, 23, 50, 38);K4=(25, 37, 81, 109);m=31825233863/483232850100;r=56;lambda=37/9072;tail=36;scan=16;controls=2;cover=()
LEAF;E=(1, 5, 8, 11, 12, 13, 14);rank=6;a=38;P=(19, 27, 17, 23, 50, 38);K4=(25, 37, 104, 109);m=1861685811/26846269450;r=48;lambda=627/158704;tail=37;scan=17;controls=2;cover=()
LEAF;E=(1, 5, 8, 11, 12, 13, 14);rank=6;a=38;P=(19, 27, 17, 23, 50, 38);K4=(25, 34, 54, 92);m=559073/7122150;r=44;lambda=177/32200;tail=26;scan=7;controls=2;cover=()
LEAF;E=(1, 5, 8, 11, 12, 13, 14);rank=6;a=38;P=(19, 27, 17, 23, 50, 38);K4=(25, 37, 54, 92);m=557106853/7843581900;r=46;lambda=117/24472;tail=30;scan=10;controls=2;cover=()
LEAF;E=(1, 5, 8, 11, 12, 13, 14);rank=6;a=38;P=(19, 27, 17, 23, 50, 38);K4=(34, 37, 54, 92);m=2382738053/32001814152;r=46;lambda=117/24472;tail=30;scan=11;controls=2;cover=()
LEAF;E=(1, 5, 8, 11, 12, 13, 14);rank=6;a=38;P=(19, 27, 17, 23, 50, 38);K4=(25, 34, 37, 54);m=34019162941/452199547800;r=38;lambda=5/836;tail=24;scan=6;controls=2;cover=()
LEAF;E=(1, 5, 8, 11, 12, 13, 14);rank=6;a=38;P=(19, 27, 17, 23, 50, 38);K4=(25, 34, 40, 54);m=887644993/12221609400;r=40;lambda=23/2800;tail=18;scan=2;controls=2;cover=()
LEAF;E=(1, 5, 8, 11, 12, 13, 14);rank=6;a=38;P=(19, 27, 17, 23, 50, 38);K4=(25, 34, 46, 54);m=10750395163/140548508100;r=32;lambda=23/2800;tail=18;scan=2;controls=2;cover=()
LEAF;E=(1, 5, 8, 11, 12, 13, 14);rank=6;a=38;P=(19, 27, 17, 23, 50, 38);K4=(25, 37, 40, 54);m=894984899/13299986700;r=42;lambda=33/6916;tail=30;scan=10;controls=2;cover=()
LEAF;E=(1, 5, 8, 11, 12, 13, 14);rank=6;a=38;P=(19, 27, 17, 23, 50, 38);K4=(25, 37, 46, 54);m=7502525461/101966564700;r=38;lambda=5/836;tail=24;scan=6;controls=2;cover=()
LEAF;E=(1, 5, 8, 11, 12, 13, 14);rank=6;a=38;P=(19, 27, 17, 23, 50, 38);K4=(25, 40, 46, 54);m=1171984927/16535118600;r=36;lambda=23/2800;tail=18;scan=2;controls=2;cover=()
LEAF;E=(1, 5, 8, 11, 12, 13, 14);rank=6;a=38;P=(19, 27, 17, 23, 50, 38);K4=(34, 37, 40, 54);m=6636864881/90439909560;r=46;lambda=83/17612;tail=31;scan=12;controls=2;cover=()
LEAF;E=(1, 5, 8, 11, 12, 13, 14);rank=6;a=38;P=(19, 27, 17, 23, 50, 38);K4=(34, 37, 46, 54);m=30343258235/416023583976;r=42;lambda=5/836;tail=24;scan=6;controls=2;cover=()
LEAF;E=(1, 5, 8, 11, 12, 13, 14);rank=6;a=38;P=(19, 27, 17, 23, 50, 38);K4=(34, 40, 46, 54);m=3962770619/56219403240;r=38;lambda=25/3024;tail=18;scan=2;controls=2;cover=()
LEAF;E=(1, 5, 8, 11, 12, 13, 14);rank=6;a=38;P=(19, 27, 17, 23, 50, 38);K4=(37, 40, 46, 54);m=1228934156/15294984705;r=40;lambda=59/8694;tail=22;scan=5;controls=2;cover=()
LEAF;E=(1, 5, 8, 11, 12, 13, 14);rank=6;a=38;P=(19, 27, 17, 23, 50, 38);K4=(18, 81, 92, 100);m=10355987/137792655;r=56;lambda=625/104328;tail=24;scan=5;controls=2;cover=()
LEAF;E=(1, 5, 8, 11, 12, 13, 14);rank=6;a=38;P=(19, 27, 17, 23, 50, 38);K4=(34, 81, 92, 100);m=4468747001/64868542200;r=56;lambda=625/104328;tail=24;scan=6;controls=2;cover=()
LEAF;E=(1, 5, 8, 11, 12, 13, 14);rank=6;a=38;P=(19, 27, 17, 23, 50, 38);K4=(37, 81, 92, 100);m=1083349549/15687163800;r=58;lambda=37/9072;tail=36;scan=17;controls=2;cover=()
LEAF;E=(1, 5, 8, 11, 12, 13, 14);rank=6;a=38;P=(19, 27, 17, 23, 50, 38);K4=(18, 34, 92, 100);m=76825751/1064761425;r=50;lambda=123/16100;tail=19;scan=2;controls=2;cover=()
LEAF;E=(1, 5, 8, 11, 12, 13, 14);rank=6;a=38;P=(19, 27, 17, 23, 50, 38);K4=(18, 37, 92, 100);m=6787596443/101966564700;r=56;lambda=199/51800;tail=38;scan=17;controls=2;cover=()
LEAF;E=(1, 5, 8, 11, 12, 13, 14);rank=6;a=38;P=(19, 27, 17, 23, 50, 38);K4=(34, 37, 92, 100);m=6446979947/88893928200;r=52;lambda=23/4760;tail=30;scan=11;controls=2;cover=()
LEAF;E=(1, 5, 8, 11, 12, 13, 14);rank=6;a=38;P=(19, 27, 17, 23, 50, 38);K4=(18, 25, 81, 92);m=3746016163/49605355800;r=48;lambda=177/32200;tail=26;scan=6;controls=2;cover=()
LEAF;E=(1, 5, 8, 11, 12, 13, 14);rank=6;a=38;P=(19, 27, 17, 23, 50, 38);K4=(18, 34, 81, 92);m=73693975/1022170968;r=44;lambda=625/104328;tail=24;scan=5;controls=2;cover=()
LEAF;E=(1, 5, 8, 11, 12, 13, 14);rank=6;a=38;P=(19, 27, 17, 23, 50, 38);K4=(18, 37, 81, 92);m=5130305725/73415926584;r=50;lambda=19/3864;tail=30;scan=10;controls=2;cover=()
LEAF;E=(1, 5, 8, 11, 12, 13, 14);rank=6;a=38;P=(19, 27, 17, 23, 50, 38);K4=(25, 34, 81, 92);m=24338533/327618900;r=48;lambda=177/32200;tail=26;scan=7;controls=2;cover=()
LEAF;E=(1, 5, 8, 11, 12, 13, 14);rank=6;a=38;P=(19, 27, 17, 23, 50, 38);K4=(25, 37, 81, 92);m=2342894801/35296118550;r=50;lambda=37/9072;tail=36;scan=16;controls=2;cover=()
LEAF;E=(1, 5, 8, 11, 12, 13, 14);rank=6;a=38;P=(19, 27, 17, 23, 50, 38);K4=(34, 37, 81, 92);m=3470748401/48002721228;r=50;lambda=23/6156;tail=39;scan=17;controls=2;cover=()
LEAF;E=(1, 5, 8, 11, 12, 13, 14);rank=6;a=38;P=(19, 27, 17, 23, 50, 38);K4=(18, 25, 34, 92);m=605863183/8518091400;r=38;lambda=37/6188;tail=24;scan=5;controls=2;cover=()
LEAF;E=(1, 5, 8, 11, 12, 13, 14);rank=6;a=38;P=(19, 27, 17, 23, 50, 38);K4=(18, 25, 37, 92);m=12941616943/203933129400;r=44;lambda=117/24472;tail=30;scan=9;controls=2;cover=()
LEAF;E=(1, 5, 8, 11, 12, 13, 14);rank=6;a=38;P=(19, 27, 17, 23, 50, 38);K4=(18, 34, 37, 92);m=891100879/12606775272;r=42;lambda=263/47656;tail=26;scan=7;controls=2;cover=()
LEAF;E=(1, 5, 8, 11, 12, 13, 14);rank=6;a=38;P=(19, 27, 17, 23, 50, 38);K4=(25, 34, 37, 92);m=294100307/4040633100;r=40;lambda=15/2548;tail=25;scan=7;controls=2;cover=()
LEAF;E=(1, 5, 8, 11, 12, 13, 14);rank=6;a=38;P=(19, 27, 17, 23, 50, 38);K4=(18, 34, 81, 100);m=2785257179/36664828200;r=48;lambda=157/22680;tail=21;scan=3;controls=2;cover=()
LEAF;E=(1, 5, 8, 11, 12, 13, 14);rank=6;a=38;P=(19, 27, 17, 23, 50, 38);K4=(18, 37, 81, 100);m=5922664961/79799920200;r=52;lambda=51/10360;tail=30;scan=10;controls=2;cover=()
LEAF;E=(1, 5, 8, 11, 12, 13, 14);rank=6;a=38;P=(19, 27, 17, 23, 50, 38);K4=(18, 40, 81, 100);m=11016527/143783640;r=52;lambda=157/22680;tail=21;scan=3;controls=2;cover=()
LEAF;E=(1, 5, 8, 11, 12, 13, 14);rank=6;a=38;P=(19, 27, 17, 23, 50, 38);K4=(18, 46, 81, 100);m=6756583/91861770;r=44;lambda=157/22680;tail=21;scan=3;controls=2;cover=()
LEAF;E=(1, 5, 8, 11, 12, 13, 14);rank=6;a=38;P=(19, 27, 17, 23, 50, 38);K4=(34, 37, 81, 100);m=48368701487/678299321700;r=56;lambda=83/17612;tail=31;scan=12;controls=2;cover=()
LEAF;E=(1, 5, 8, 11, 12, 13, 14);rank=6;a=38;P=(19, 27, 17, 23, 50, 38);K4=(34, 40, 81, 100);m=2696216279/36664828200;r=56;lambda=157/22680;tail=21;scan=4;controls=2;cover=()
LEAF;E=(1, 5, 8, 11, 12, 13, 14);rank=6;a=38;P=(19, 27, 17, 23, 50, 38);K4=(34, 46, 81, 100);m=55466934763/843291048600;r=48;lambda=157/22680;tail=21;scan=4;controls=2;cover=()
LEAF;E=(1, 5, 8, 11, 12, 13, 14);rank=6;a=38;P=(19, 27, 17, 23, 50, 38);K4=(37, 40, 81, 100);m=592507871/7979992020;r=58;lambda=51/10360;tail=30;scan=11;controls=2;cover=()
LEAF;E=(1, 5, 8, 11, 12, 13, 14);rank=6;a=38;P=(19, 27, 17, 23, 50, 38);K4=(37, 46, 81, 100);m=128243318083/1835398164600;r=52;lambda=37/9072;tail=36;scan=17;controls=2;cover=()
LEAF;E=(1, 5, 8, 11, 12, 13, 14);rank=6;a=38;P=(19, 27, 17, 23, 50, 38);K4=(40, 46, 81, 100);m=3637998521/49605355800;r=52;lambda=157/22680;tail=21;scan=4;controls=2;cover=()
LEAF;E=(1, 5, 8, 11, 12, 13, 14);rank=6;a=38;P=(19, 27, 17, 23, 50, 38);K4=(18, 34, 37, 100);m=439905601/6029327304;r=48;lambda=141/26600;tail=27;scan=8;controls=2;cover=()
LEAF;E=(1, 5, 8, 11, 12, 13, 14);rank=6;a=38;P=(19, 27, 17, 23, 50, 38);K4=(18, 34, 40, 100);m=62993327/814773960;r=46;lambda=3/350;tail=17;scan=2;controls=2;cover=()
LEAF;E=(1, 5, 8, 11, 12, 13, 14);rank=6;a=38;P=(19, 27, 17, 23, 50, 38);K4=(18, 34, 46, 100);m=3283844869/46849502700;r=40;lambda=3/350;tail=17;scan=2;controls=2;cover=()
LEAF;E=(1, 5, 8, 11, 12, 13, 14);rank=6;a=38;P=(19, 27, 17, 23, 50, 38);K4=(18, 37, 40, 100);m=662586797/8866657800;r=52;lambda=51/10360;tail=30;scan=10;controls=2;cover=()
LEAF;E=(1, 5, 8, 11, 12, 13, 14);rank=6;a=38;P=(19, 27, 17, 23, 50, 38);K4=(18, 37, 46, 100);m=6819733043/101966564700;r=46;lambda=79/19684;tail=36;scan=16;controls=2;cover=()
LEAF;E=(1, 5, 8, 11, 12, 13, 14);rank=6;a=38;P=(19, 27, 17, 23, 50, 38);K4=(18, 40, 46, 100);m=436012567/5511706200;r=42;lambda=3/350;tail=17;scan=2;controls=2;cover=()
LEAF;E=(1, 5, 8, 11, 12, 13, 14);rank=6;a=38;P=(19, 27, 17, 23, 50, 38);K4=(34, 37, 40, 100);m=478766609/6280549275;r=52;lambda=23/4760;tail=30;scan=11;controls=2;cover=()
LEAF;E=(1, 5, 8, 11, 12, 13, 14);rank=6;a=38;P=(19, 27, 17, 23, 50, 38);K4=(34, 37, 46, 100);m=27823638137/385207022200;r=46;lambda=23/4760;tail=30;scan=11;controls=2;cover=()
LEAF;E=(1, 5, 8, 11, 12, 13, 14);rank=6;a=38;P=(19, 27, 17, 23, 50, 38);K4=(34, 40, 46, 100);m=99886096/1301375075;r=42;lambda=3/350;tail=17;scan=2;controls=2;cover=()
LEAF;E=(1, 5, 8, 11, 12, 13, 14);rank=6;a=38;P=(19, 27, 17, 23, 50, 38);K4=(37, 40, 46, 100);m=228499402/2832404575;r=48;lambda=3/560;tail=27;scan=9;controls=2;cover=()
LEAF;E=(1, 5, 8, 11, 12, 13, 14);rank=6;a=38;P=(19, 27, 17, 23, 50, 38);K4=(18, 25, 34, 81);m=20349739/269594325;r=38;lambda=23/2800;tail=18;scan=2;controls=2;cover=()
LEAF;E=(1, 5, 8, 11, 12, 13, 14);rank=6;a=38;P=(19, 27, 17, 23, 50, 38);K4=(18, 25, 37, 81);m=472641437/6649993350;r=42;lambda=79/19684;tail=36;scan=15;controls=2;cover=()
LEAF;E=(1, 5, 8, 11, 12, 13, 14);rank=6;a=38;P=(19, 27, 17, 23, 50, 38);K4=(18, 25, 40, 81);m=12093233/179729550;r=46;lambda=23/2800;tail=18;scan=2;controls=2;cover=()
LEAF;E=(1, 5, 8, 11, 12, 13, 14);rank=6;a=38;P=(19, 27, 17, 23, 50, 38);K4=(18, 25, 46, 81);m=3777334471/49605355800;r=38;lambda=23/2800;tail=18;scan=2;controls=2;cover=()
LEAF;E=(1, 5, 8, 11, 12, 13, 14);rank=6;a=38;P=(19, 27, 17, 23, 50, 38);K4=(18, 34, 37, 81);m=12183517/158666508;r=42;lambda=31/6156;tail=29;scan=9;controls=2;cover=()
LEAF;E=(1, 5, 8, 11, 12, 13, 14);rank=6;a=38;P=(19, 27, 17, 23, 50, 38);K4=(18, 34, 40, 81);m=269811827/3666482820;r=42;lambda=79/9072;tail=17;scan=2;controls=2;cover=()
LEAF;E=(1, 5, 8, 11, 12, 13, 14);rank=6;a=38;P=(19, 27, 17, 23, 50, 38);K4=(18, 34, 46, 81);m=771957059/11243880648;r=38;lambda=79/9072;tail=17;scan=2;controls=2;cover=()
LEAF;E=(1, 5, 8, 11, 12, 13, 14);rank=6;a=38;P=(19, 27, 17, 23, 50, 38);K4=(18, 37, 40, 81);m=410889631/5319994680;r=46;lambda=19/3108;tail=24;scan=5;controls=2;cover=()
LEAF;E=(1, 5, 8, 11, 12, 13, 14);rank=6;a=38;P=(19, 27, 17, 23, 50, 38);K4=(18, 37, 46, 81);m=5052110845/73415926584;r=44;lambda=2/483;tail=35;scan=15;controls=2;cover=()
LEAF;E=(1, 5, 8, 11, 12, 13, 14);rank=6;a=38;P=(19, 27, 17, 23, 50, 38);K4=(18, 40, 46, 81);m=58970267/826755930;r=44;lambda=79/9072;tail=17;scan=2;controls=2;cover=()
LEAF;E=(1, 5, 8, 11, 12, 13, 14);rank=6;a=38;P=(19, 27, 17, 23, 50, 38);K4=(25, 34, 37, 81);m=96513700573/1356598643400;r=48;lambda=23/6156;tail=39;scan=16;controls=2;cover=()
LEAF;E=(1, 5, 8, 11, 12, 13, 14);rank=6;a=38;P=(19, 27, 17, 23, 50, 38);K4=(25, 34, 40, 81);m=695117/9984975;r=48;lambda=23/2800;tail=18;scan=2;controls=2;cover=()
LEAF;E=(1, 5, 8, 11, 12, 13, 14);rank=6;a=38;P=(19, 27, 17, 23, 50, 38);K4=(25, 34, 46, 81);m=3368283421/46849502700;r=40;lambda=23/2800;tail=18;scan=2;controls=2;cover=()
LEAF;E=(1, 5, 8, 11, 12, 13, 14);rank=6;a=38;P=(19, 27, 17, 23, 50, 38);K4=(25, 37, 40, 81);m=5144028739/79799920200;r=50;lambda=37/9072;tail=36;scan=16;controls=2;cover=()
LEAF;E=(1, 5, 8, 11, 12, 13, 14);rank=6;a=38;P=(19, 27, 17, 23, 50, 38);K4=(25, 37, 46, 81);m=63363023599/917699082300;r=44;lambda=37/9072;tail=36;scan=16;controls=2;cover=()
LEAF;E=(1, 5, 8, 11, 12, 13, 14);rank=6;a=38;P=(19, 27, 17, 23, 50, 38);K4=(25, 40, 46, 81);m=1649635943/24802677900;r=46;lambda=23/2800;tail=18;scan=2;controls=2;cover=()
LEAF;E=(1, 5, 8, 11, 12, 13, 14);rank=6;a=38;P=(19, 27, 17, 23, 50, 38);K4=(34, 37, 40, 81);m=20084986861/271319728680;r=52;lambda=83/17612;tail=31;scan=12;controls=2;cover=()
LEAF;E=(1, 5, 8, 11, 12, 13, 14);rank=6;a=38;P=(19, 27, 17, 23, 50, 38);K4=(34, 37, 46, 81);m=21637333435/312017687982;r=48;lambda=23/6156;tail=39;scan=17;controls=2;cover=()
LEAF;E=(1, 5, 8, 11, 12, 13, 14);rank=6;a=38;P=(19, 27, 17, 23, 50, 38);K4=(34, 40, 46, 81);m=460236878/7027425405;r=46;lambda=79/9072;tail=17;scan=2;controls=2;cover=()
LEAF;E=(1, 5, 8, 11, 12, 13, 14);rank=6;a=38;P=(19, 27, 17, 23, 50, 38);K4=(37, 40, 46, 81);m=27941713589/367079632920;r=48;lambda=377/52164;tail=20;scan=3;controls=2;cover=()
LEAF;E=(1, 5, 8, 11, 12, 13, 14);rank=6;a=38;P=(19, 27, 17, 23, 50, 38);K4=(18, 25, 34, 37);m=2547344893/37683295650;r=34;lambda=5/836;tail=24;scan=5;controls=2;cover=()
LEAF;E=(1, 5, 8, 11, 12, 13, 14);rank=6;a=38;P=(19, 27, 17, 23, 50, 38);K4=(18, 25, 34, 40);m=33592682/509233725;r=36;lambda=23/2800;tail=18;scan=2;controls=2;cover=()
LEAF;E=(1, 5, 8, 11, 12, 13, 14);rank=6;a=38;P=(19, 27, 17, 23, 50, 38);K4=(18, 25, 34, 46);m=6535536617/93699005400;r=30;lambda=23/2800;tail=18;scan=2;controls=2;cover=()
LEAF;E=(1, 5, 8, 11, 12, 13, 14);rank=6;a=38;P=(19, 27, 17, 23, 50, 38);K4=(18, 25, 34, 104);m=32933959/452652200;r=32;lambda=249/36400;tail=21;scan=3;controls=2;cover=()
LEAF;E=(1, 5, 8, 11, 12, 13, 14);rank=6;a=38;P=(19, 27, 17, 23, 50, 38);K4=(18, 25, 37, 40);m=70808722/1108332225;r=40;lambda=33/6916;tail=30;scan=9;controls=2;cover=()
LEAF;E=(1, 5, 8, 11, 12, 13, 14);rank=6;a=38;P=(19, 27, 17, 23, 50, 38);K4=(18, 25, 37, 46);m=13145223337/203933129400;r=36;lambda=5/836;tail=24;scan=5;controls=2;cover=()
LEAF;E=(1, 5, 8, 11, 12, 13, 14);rank=6;a=38;P=(19, 27, 17, 23, 50, 38);K4=(18, 25, 37, 104);m=1777323/25925900;r=34;lambda=5/836;tail=24;scan=5;controls=2;cover=()
LEAF;E=(1, 5, 8, 11, 12, 13, 14);rank=6;a=38;P=(19, 27, 17, 23, 50, 38);K4=(18, 25, 40, 46);m=192794597/2755853100;r=36;lambda=23/2800;tail=18;scan=2;controls=2;cover=()
LEAF;E=(1, 5, 8, 11, 12, 13, 14);rank=6;a=38;P=(19, 27, 17, 23, 50, 38);K4=(18, 25, 40, 104);m=1755781/26626600;r=36;lambda=249/36400;tail=21;scan=3;controls=2;cover=()
LEAF;E=(1, 5, 8, 11, 12, 13, 14);rank=6;a=38;P=(19, 27, 17, 23, 50, 38);K4=(18, 25, 46, 104);m=461704/5888575;r=30;lambda=249/36400;tail=21;scan=3;controls=2;cover=()
LEAF;E=(1, 5, 8, 11, 12, 13, 14);rank=6;a=38;P=(19, 27, 17, 23, 50, 38);K4=(18, 34, 37, 40);m=2261813657/30146636520;r=40;lambda=23/2960;tail=19;scan=2;controls=2;cover=()
LEAF;E=(1, 5, 8, 11, 12, 13, 14);rank=6;a=38;P=(19, 27, 17, 23, 50, 38);K4=(18, 34, 37, 46);m=9160664615/138674527992;r=38;lambda=5/836;tail=24;scan=5;controls=2;cover=()
LEAF;E=(1, 5, 8, 11, 12, 13, 14);rank=6;a=38;P=(19, 27, 17, 23, 50, 38);K4=(18, 34, 37, 104);m=50304027/669925256;r=36;lambda=5/836;tail=24;scan=5;controls=2;cover=()
LEAF;E=(1, 5, 8, 11, 12, 13, 14);rank=6;a=38;P=(19, 27, 17, 23, 50, 38);K4=(18, 34, 40, 46);m=1309360603/18739801080;r=36;lambda=29/2576;tail=13;scan=0;controls=0;cover=()
LEAF;E=(1, 5, 8, 11, 12, 13, 14);rank=6;a=38;P=(19, 27, 17, 23, 50, 38);K4=(18, 34, 40, 104);m=6581371/90530440;r=36;lambda=3/364;tail=18;scan=2;controls=2;cover=()
LEAF;E=(1, 5, 8, 11, 12, 13, 14);rank=6;a=38;P=(19, 27, 17, 23, 50, 38);K4=(18, 34, 46, 104);m=7606789/104110006;r=32;lambda=3/364;tail=18;scan=2;controls=2;cover=()
LEAF;E=(1, 5, 8, 11, 12, 13, 14);rank=6;a=38;P=(19, 27, 17, 23, 50, 38);K4=(18, 37, 40, 46);m=156569951/2146664520;r=40;lambda=33/6916;tail=30;scan=10;controls=2;cover=()
LEAF;E=(1, 5, 8, 11, 12, 13, 14);rank=6;a=38;P=(19, 27, 17, 23, 50, 38);K4=(18, 37, 40, 104);m=8873159/118222104;r=40;lambda=19/3108;tail=24;scan=5;controls=2;cover=()
LEAF;E=(1, 5, 8, 11, 12, 13, 14);rank=6;a=38;P=(19, 27, 17, 23, 50, 38);K4=(18, 37, 46, 104);m=99666995/1359554196;r=36;lambda=5/836;tail=24;scan=5;controls=2;cover=()
LEAF;E=(1, 5, 8, 11, 12, 13, 14);rank=6;a=38;P=(19, 27, 17, 23, 50, 38);K4=(18, 40, 46, 104);m=3528172/45930885;r=34;lambda=3/364;tail=18;scan=2;controls=2;cover=()
LEAF;E=(1, 5, 8, 11, 12, 13, 14);rank=6;a=38;P=(19, 27, 17, 23, 50, 38);K4=(25, 34, 37, 40);m=3454696369/50244394200;r=40;lambda=97/17612;tail=26;scan=7;controls=2;cover=()
LEAF;E=(1, 5, 8, 11, 12, 13, 14);rank=6;a=38;P=(19, 27, 17, 23, 50, 38);K4=(25, 34, 37, 46);m=3503226382/48150877775;r=36;lambda=5/836;tail=24;scan=6;controls=2;cover=()
LEAF;E=(1, 5, 8, 11, 12, 13, 14);rank=6;a=38;P=(19, 27, 17, 23, 50, 38);K4=(25, 34, 37, 104);m=632873929/8374065700;r=38;lambda=5/836;tail=24;scan=6;controls=2;cover=()
LEAF;E=(1, 5, 8, 11, 12, 13, 14);rank=6;a=38;P=(19, 27, 17, 23, 50, 38);K4=(25, 34, 40, 46);m=744187623/10411000600;r=34;lambda=23/2800;tail=18;scan=2;controls=2;cover=()
LEAF;E=(1, 5, 8, 11, 12, 13, 14);rank=6;a=38;P=(19, 27, 17, 23, 50, 38);K4=(25, 34, 40, 104);m=33446339/452652200;r=38;lambda=11/1456;tail=19;scan=3;controls=2;cover=()
LEAF;E=(1, 5, 8, 11, 12, 13, 14);rank=6;a=38;P=(19, 27, 17, 23, 50, 38);K4=(25, 34, 46, 104);m=103407336/1301375075;r=34;lambda=249/36400;tail=21;scan=4;controls=2;cover=()
LEAF;E=(1, 5, 8, 11, 12, 13, 14);rank=6;a=38;P=(19, 27, 17, 23, 50, 38);K4=(25, 37, 40, 46);m=1622869763/22659236600;r=38;lambda=15/2576;tail=25;scan=7;controls=2;cover=()
LEAF;E=(1, 5, 8, 11, 12, 13, 14);rank=6;a=38;P=(19, 27, 17, 23, 50, 38);K4=(25, 37, 40, 104);m=16564531/246296050;r=42;lambda=251/53872;tail=31;scan=11;controls=2;cover=()
LEAF;E=(1, 5, 8, 11, 12, 13, 14);rank=6;a=38;P=(19, 27, 17, 23, 50, 38);K4=(25, 37, 46, 104);m=1733498743/22659236600;r=38;lambda=5/836;tail=24;scan=6;controls=2;cover=()
LEAF;E=(1, 5, 8, 11, 12, 13, 14);rank=6;a=38;P=(19, 27, 17, 23, 50, 38);K4=(25, 40, 46, 104);m=11329069/153102950;r=38;lambda=249/36400;tail=21;scan=4;controls=2;cover=()
LEAF;E=(1, 5, 8, 11, 12, 13, 14);rank=6;a=38;P=(19, 27, 17, 23, 50, 38);K4=(34, 37, 40, 46);m=2905933769/38520702220;r=42;lambda=29/5474;tail=27;scan=9;controls=2;cover=()
LEAF;E=(1, 5, 8, 11, 12, 13, 14);rank=6;a=38;P=(19, 27, 17, 23, 50, 38);K4=(34, 37, 40, 104);m=129910461/1674813140;r=46;lambda=83/17612;tail=31;scan=12;controls=2;cover=()
LEAF;E=(1, 5, 8, 11, 12, 13, 14);rank=6;a=38;P=(19, 27, 17, 23, 50, 38);K4=(34, 37, 46, 104);m=1221063287/15408280888;r=42;lambda=5/836;tail=24;scan=6;controls=2;cover=()
LEAF;E=(1, 5, 8, 11, 12, 13, 14);rank=6;a=38;P=(19, 27, 17, 23, 50, 38);K4=(34, 40, 46, 104);m=156274871/2082200120;r=40;lambda=3/364;tail=18;scan=2;controls=2;cover=()
LEAF;E=(1, 5, 8, 11, 12, 13, 14);rank=6;a=38;P=(19, 27, 17, 23, 50, 38);K4=(37, 40, 46, 104);m=19473537/238518280;r=44;lambda=177/33488;tail=28;scan=9;controls=2;cover=()
CORE;E=(1, 6, 8, 9, 10, 11, 14);K=21;rank=3;a=26;P=(19, 17, 26);h=13369/72072;r=30;R3=60089479/493152660;theta=20925269/328768440;level=20925269/657536880;eps=1500431/281801520;N=1138;H=19;pairs=171;paid=171;pruned=0;edges=96;ties=0;deg=8;F3=367;N3=1579;tri_checks=353;K4=299;closed=True;order=(53, 51, 80, 125, 48, 111, 100, 103, 134, 23, 29, 38, 25, 34, 46, 60, 72, 74, 154);forward_degrees=(4, 5, 5, 5, 6, 6, 7, 8, 8, 8, 7, 6, 6, 5, 4, 3, 2, 1, 0);Hlabels=(23, 25, 29, 34, 38, 46, 48, 51, 53, 60, 72, 74, 80, 100, 103, 111, 125, 134, 154);weighted_edges=((23, 25, '795049/11157300'), (23, 29, '2261459/29008980'), (23, 34, '78660977/986305320'), (23, 38, '16167131/220468248'), (23, 48, '3952411/58017960'), (23, 51, '5349257/75869640'), (23, 53, '213928889/3074951880'), (23, 60, '543716/7252245'), (23, 72, '4751/63063'), (23, 74, '31210325/429332904'), (23, 80, '383965/5801796'), (23, 100, '3765667/58017960'), (23, 103, '29898679/459680760'), (23, 111, '148166581/2146664520'), (23, 125, '7741729/111573000'), (23, 134, '13378319/194360166'), (23, 154, '806777/11603592'), (25, 29, '2641131/40640600'), (25, 34, '72895/952952'), (25, 38, '1793037/26626600'), (25, 46, '2054861/32232200'), (25, 51, '1636847/23823800'), (25, 53, '4862523/74274200'), (25, 60, '229/3185'), (25, 72, '149521/2102100'), (25, 74, '3531527/51851800'), (25, 80, '112687/1681680'), (25, 103, '86800237/1299097800'), (25, 154, '1223/18200'), (29, 34, '9760899/138178040'), (29, 38, '1027459/14039480'), (29, 46, '1120883/16995160'), (29, 60, '428293/6096090'), (29, 72, '237647/3325140'), (29, 74, '20578127/300740440'), (29, 100, '8511/127400'), (29, 103, '3417731/52690680'), (29, 111, '19464527/300740440'), (29, 134, '410349/6188455'), (34, 38, '6691/102410'), (34, 46, '2014407/27397370'), (34, 48, '6014663/85765680'), (34, 60, '353667/4764760'), (34, 72, '2816459/42882840'), (34, 74, '1515599/22037015'), (34, 80, '46847/714714'), (34, 100, '12029/175175'), (34, 103, '609352/8494101'), (34, 111, '4242542/66111045'), (34, 125, '5846293/89339250'), (34, 134, '21259487/319238920'), (34, 154, '42047/595595'), (38, 46, '1511/21413'), (38, 48, '3261563/47927880'), (38, 60, '1144453/15975960'), (38, 74, '641353/9851842'), (38, 100, '80263/1210300'), (38, 103, '3619397/56097405'), (38, 111, '243151/3789170'), (38, 134, '424423/6487208'), (38, 154, '734/10241'), (46, 48, '7760447/116035920'), (46, 53, '5540009/85415330'), (46, 60, '1428221/19339320'), (46, 72, '27127/351624'), (46, 74, '827483/11925914'), (46, 103, '9191963/135814770'), (46, 125, '143527/2197650'), (46, 134, '506707/7852936'), (46, 154, '11107/161161'), (48, 74, '12091483/186666480'), (48, 100, '812377/12612600'), (51, 60, '66637/952952'), (51, 72, '129551/1949220'), (51, 154, '16889/255255'), (53, 60, '965333/14854840'), (60, 72, '177461/2522520'), (60, 74, '2184047/31111080'), (60, 80, '27127/420420'), (60, 100, '94033/1401400'), (60, 103, '16664057/259819560'), (60, 111, '63327/942760'), (60, 125, '485873/7007000'), (60, 134, '3649649/56336280'), (60, 154, '11075/168168'), (72, 74, '639277/9333324'), (72, 80, '170629/2522520'), (72, 100, '3971/57330'), (72, 111, '6275167/93333240'), (72, 134, '2563/39396'), (72, 154, '11381/168168'), (74, 100, '330773/5185180'), (74, 154, '16524/259259'), (103, 154, '166591/2498265'), (125, 134, '8229427/128037000'), (134, 154, '246783/3755752'));tie_edges=()
LEAF;E=(1, 6, 8, 9, 10, 11, 14);rank=3;a=26;P=(19, 17, 26);K4=(23, 25, 53, 60);m=15931189/232950900;r=28;lambda=7/1060;tail=22;scan=5;controls=2;cover=()
LEAF;E=(1, 6, 8, 9, 10, 11, 14);rank=3;a=26;P=(19, 17, 26);K4=(25, 46, 53, 60);m=100594409/1397705400;r=34;lambda=11/2184;tail=29;scan=10;controls=2;cover=()
LEAF;E=(1, 6, 8, 9, 10, 11, 14);rank=3;a=26;P=(19, 17, 26);K4=(23, 25, 51, 60);m=12331219/205480275;r=36;lambda=1/280;tail=41;scan=21;controls=2;cover=()
LEAF;E=(1, 6, 8, 9, 10, 11, 14);rank=3;a=26;P=(19, 17, 26);K4=(23, 25, 51, 72);m=62895449/986305320;r=38;lambda=1/204;tail=30;scan=10;controls=2;cover=()
LEAF;E=(1, 6, 8, 9, 10, 11, 14);rank=3;a=26;P=(19, 17, 26);K4=(23, 25, 51, 154);m=36754043/547947400;r=52;lambda=30/7007;tail=34;scan=14;controls=2;cover=()
LEAF;E=(1, 6, 8, 9, 10, 11, 14);rank=3;a=26;P=(19, 17, 26);K4=(23, 51, 60, 72);m=12423445/197261064;r=48;lambda=1/252;tail=37;scan=18;controls=2;cover=()
LEAF;E=(1, 6, 8, 9, 10, 11, 14);rank=3;a=26;P=(19, 17, 26);K4=(23, 51, 60, 154);m=1042047/15655640;r=58;lambda=31/9996;tail=47;scan=28;controls=2;cover=()
LEAF;E=(1, 6, 8, 9, 10, 11, 14);rank=3;a=26;P=(19, 17, 26);K4=(23, 51, 72, 154);m=16916281/246576330;r=54;lambda=29/7728;tail=39;scan=20;controls=2;cover=()
LEAF;E=(1, 6, 8, 9, 10, 11, 14);rank=3;a=26;P=(19, 17, 26);K4=(25, 51, 60, 72);m=2599601/42882840;r=44;lambda=1/252;tail=37;scan=18;controls=2;cover=()
LEAF;E=(1, 6, 8, 9, 10, 11, 14);rank=3;a=26;P=(19, 17, 26);K4=(25, 51, 60, 154);m=251639/3898440;r=56;lambda=31/5880;tail=28;scan=9;controls=2;cover=()
LEAF;E=(1, 6, 8, 9, 10, 11, 14);rank=3;a=26;P=(19, 17, 26);K4=(25, 51, 72, 154);m=1111921/16493400;r=58;lambda=3/1078;tail=52;scan=32;controls=2;cover=()
LEAF;E=(1, 6, 8, 9, 10, 11, 14);rank=3;a=26;P=(19, 17, 26);K4=(51, 60, 72, 154);m=337583/4764760;r=64;lambda=3/539;tail=26;scan=9;controls=2;cover=()
LEAF;E=(1, 6, 8, 9, 10, 11, 14);rank=3;a=26;P=(19, 17, 26);K4=(23, 25, 34, 80);m=6120953/99626800;r=26;lambda=10/1547;tail=23;scan=6;controls=2;cover=()
LEAF;E=(1, 6, 8, 9, 10, 11, 14);rank=3;a=26;P=(19, 17, 26);K4=(23, 25, 60, 80);m=48401/703248;r=32;lambda=1/160;tail=23;scan=6;controls=2;cover=()
LEAF;E=(1, 6, 8, 9, 10, 11, 14);rank=3;a=26;P=(19, 17, 26);K4=(23, 25, 72, 80);m=4395861/64464400;r=34;lambda=1/144;tail=21;scan=4;controls=2;cover=()
LEAF;E=(1, 6, 8, 9, 10, 11, 14);rank=3;a=26;P=(19, 17, 26);K4=(23, 34, 60, 80);m=41713471/657536880;r=36;lambda=1/280;tail=41;scan=21;controls=2;cover=()
LEAF;E=(1, 6, 8, 9, 10, 11, 14);rank=3;a=26;P=(19, 17, 26);K4=(23, 34, 72, 80);m=7858063/116035920;r=30;lambda=17/3360;tail=29;scan=10;controls=2;cover=()
LEAF;E=(1, 6, 8, 9, 10, 11, 14);rank=3;a=26;P=(19, 17, 26);K4=(23, 60, 72, 80);m=1306093/19339320;r=46;lambda=1/224;tail=33;scan=14;controls=2;cover=()
LEAF;E=(1, 6, 8, 9, 10, 11, 14);rank=3;a=26;P=(19, 17, 26);K4=(25, 34, 60, 80);m=2433101/38984400;r=34;lambda=1/224;tail=33;scan=14;controls=2;cover=()
LEAF;E=(1, 6, 8, 9, 10, 11, 14);rank=3;a=26;P=(19, 17, 26);K4=(25, 34, 72, 80);m=1683161/25225200;r=34;lambda=1/238;tail=35;scan=15;controls=2;cover=()
LEAF;E=(1, 6, 8, 9, 10, 11, 14);rank=3;a=26;P=(19, 17, 26);K4=(25, 60, 72, 80);m=154793/2293200;r=42;lambda=1/224;tail=33;scan=14;controls=2;cover=()
LEAF;E=(1, 6, 8, 9, 10, 11, 14);rank=3;a=26;P=(19, 17, 26);K4=(34, 60, 72, 80);m=64633/840840;r=40;lambda=1/160;tail=23;scan=6;controls=2;cover=()
LEAF;E=(1, 6, 8, 9, 10, 11, 14);rank=3;a=26;P=(19, 17, 26);K4=(23, 34, 125, 134);m=11981408371/183562379000;r=50;lambda=183/33500;tail=27;scan=8;controls=2;cover=()
LEAF;E=(1, 6, 8, 9, 10, 11, 14);rank=3;a=26;P=(19, 17, 26);K4=(23, 60, 125, 134);m=2143633117/32393361000;r=60;lambda=149/33500;tail=33;scan=14;controls=2;cover=()
LEAF;E=(1, 6, 8, 9, 10, 11, 14);rank=3;a=26;P=(19, 17, 26);K4=(34, 46, 125, 134);m=59771056669/826030705500;r=58;lambda=183/33500;tail=27;scan=9;controls=2;cover=()
LEAF;E=(1, 6, 8, 9, 10, 11, 14);rank=3;a=26;P=(19, 17, 26);K4=(34, 60, 125, 134);m=608116196/8978594625;r=62;lambda=5/1139;tail=33;scan=15;controls=2;cover=()
LEAF;E=(1, 6, 8, 9, 10, 11, 14);rank=3;a=26;P=(19, 17, 26);K4=(46, 60, 125, 134);m=663912637/9718008300;r=68;lambda=333/80500;tail=35;scan=17;controls=2;cover=()
LEAF;E=(1, 6, 8, 9, 10, 11, 14);rank=3;a=26;P=(19, 17, 26);K4=(23, 34, 60, 125);m=489176341/8219211000;r=48;lambda=61/21000;tail=50;scan=30;controls=2;cover=()
LEAF;E=(1, 6, 8, 9, 10, 11, 14);rank=3;a=26;P=(19, 17, 26);K4=(34, 46, 60, 125);m=39093053/616440825;r=54;lambda=11/2737;tail=36;scan=17;controls=2;cover=()
LEAF;E=(1, 6, 8, 9, 10, 11, 14);rank=3;a=26;P=(19, 17, 26);K4=(23, 38, 48, 100);m=260884279/3674470800;r=42;lambda=13/1932;tail=22;scan=5;controls=2;cover=()
LEAF;E=(1, 6, 8, 9, 10, 11, 14);rank=3;a=26;P=(19, 17, 26);K4=(23, 34, 48, 100);m=18196097/273973700;r=36;lambda=13/1932;tail=22;scan=5;controls=2;cover=()
LEAF;E=(1, 6, 8, 9, 10, 11, 14);rank=3;a=26;P=(19, 17, 26);K4=(23, 48, 74, 100);m=43523027/596295700;r=34;lambda=3/520;tail=25;scan=7;controls=2;cover=()
LEAF;E=(1, 6, 8, 9, 10, 11, 14);rank=3;a=26;P=(19, 17, 26);K4=(34, 38, 48, 100);m=63868963/905304400;r=48;lambda=31/4200;tail=20;scan=3;controls=2;cover=()
LEAF;E=(1, 6, 8, 9, 10, 11, 14);rank=3;a=26;P=(19, 17, 26);K4=(38, 48, 74, 100);m=135094643/1970368400;r=46;lambda=1/200;tail=29;scan=11;controls=2;cover=()
LEAF;E=(1, 6, 8, 9, 10, 11, 14);rank=3;a=26;P=(19, 17, 26);K4=(34, 48, 74, 100);m=45696121/661110450;r=40;lambda=89/16800;tail=27;scan=9;controls=2;cover=()
LEAF;E=(1, 6, 8, 9, 10, 11, 14);rank=3;a=26;P=(19, 17, 26);K4=(23, 34, 38, 48);m=61597051/961015440;r=28;lambda=13/1932;tail=22;scan=5;controls=2;cover=()
LEAF;E=(1, 6, 8, 9, 10, 11, 14);rank=3;a=26;P=(19, 17, 26);K4=(23, 38, 48, 74);m=1887742163/27191083920;r=26;lambda=9/1120;tail=18;scan=2;controls=2;cover=()
LEAF;E=(1, 6, 8, 9, 10, 11, 14);rank=3;a=26;P=(19, 17, 26);K4=(23, 34, 48, 74);m=128406167/2027405380;r=30;lambda=5/672;tail=20;scan=3;controls=2;cover=()
LEAF;E=(1, 6, 8, 9, 10, 11, 14);rank=3;a=26;P=(19, 17, 26);K4=(34, 38, 46, 48);m=426471319/6246600360;r=34;lambda=5/672;tail=20;scan=3;controls=2;cover=()
LEAF;E=(1, 6, 8, 9, 10, 11, 14);rank=3;a=26;P=(19, 17, 26);K4=(34, 38, 48, 74);m=21444859/295555260;r=32;lambda=121/24864;tail=30;scan=12;controls=2;cover=()
LEAF;E=(1, 6, 8, 9, 10, 11, 14);rank=3;a=26;P=(19, 17, 26);K4=(38, 46, 48, 74);m=923729999/13595541960;r=34;lambda=1/133;tail=20;scan=3;controls=2;cover=()
LEAF;E=(1, 6, 8, 9, 10, 11, 14);rank=3;a=26;P=(19, 17, 26);K4=(34, 46, 48, 74);m=1593486949/24328864560;r=38;lambda=5/672;tail=20;scan=3;controls=2;cover=()
LEAF;E=(1, 6, 8, 9, 10, 11, 14);rank=3;a=26;P=(19, 17, 26);K4=(23, 29, 38, 111);m=7833725401/131423572280;r=40;lambda=17/4060;tail=35;scan=15;controls=2;cover=()
LEAF;E=(1, 6, 8, 9, 10, 11, 14);rank=3;a=26;P=(19, 17, 26);K4=(23, 29, 34, 111);m=195320903/3178094920;r=34;lambda=17/3108;tail=27;scan=8;controls=2;cover=()
LEAF;E=(1, 6, 8, 9, 10, 11, 14);rank=3;a=26;P=(19, 17, 26);K4=(23, 29, 60, 111);m=164291404/2593886295;r=36;lambda=36/5957;tail=24;scan=6;controls=2;cover=()
LEAF;E=(1, 6, 8, 9, 10, 11, 14);rank=3;a=26;P=(19, 17, 26);K4=(23, 29, 72, 111);m=422041229/6917030120;r=42;lambda=17/4060;tail=35;scan=15;controls=2;cover=()
LEAF;E=(1, 6, 8, 9, 10, 11, 14);rank=3;a=26;P=(19, 17, 26);K4=(23, 34, 38, 111);m=3954488017/57781053330;r=34;lambda=80/17871;tail=32;scan=13;controls=2;cover=()
LEAF;E=(1, 6, 8, 9, 10, 11, 14);rank=3;a=26;P=(19, 17, 26);K4=(23, 38, 60, 111);m=867464863/13595541960;r=44;lambda=103/15540;tail=22;scan=5;controls=2;cover=()
LEAF;E=(1, 6, 8, 9, 10, 11, 14);rank=3;a=26;P=(19, 17, 26);K4=(23, 34, 60, 111);m=736282853/12164432280;r=38;lambda=57/13468;tail=34;scan=15;controls=2;cover=()
LEAF;E=(1, 6, 8, 9, 10, 11, 14);rank=3;a=26;P=(19, 17, 26);K4=(23, 34, 72, 111);m=2495210701/36493296840;r=36;lambda=57/13468;tail=34;scan=15;controls=2;cover=()
LEAF;E=(1, 6, 8, 9, 10, 11, 14);rank=3;a=26;P=(19, 17, 26);K4=(23, 60, 72, 111);m=70646603/1073332260;r=46;lambda=103/15540;tail=22;scan=5;controls=2;cover=()
LEAF;E=(1, 6, 8, 9, 10, 11, 14);rank=3;a=26;P=(19, 17, 26);K4=(29, 34, 38, 111);m=16174042583/218563114770;r=40;lambda=5/1036;tail=30;scan=11;controls=2;cover=()
LEAF;E=(1, 6, 8, 9, 10, 11, 14);rank=3;a=26;P=(19, 17, 26);K4=(29, 38, 60, 111);m=253569871/3955893480;r=44;lambda=5/1036;tail=30;scan=11;controls=2;cover=()
LEAF;E=(1, 6, 8, 9, 10, 11, 14);rank=3;a=26;P=(19, 17, 26);K4=(29, 34, 60, 111);m=617609593/9202657464;r=38;lambda=5/1036;tail=30;scan=11;controls=2;cover=()
LEAF;E=(1, 6, 8, 9, 10, 11, 14);rank=3;a=26;P=(19, 17, 26);K4=(29, 34, 72, 111);m=5172971/69401640;r=44;lambda=15/4144;tail=40;scan=20;controls=2;cover=()
LEAF;E=(1, 6, 8, 9, 10, 11, 14);rank=3;a=26;P=(19, 17, 26);K4=(29, 60, 72, 111);m=182288737/2706663960;r=48;lambda=17/4060;tail=35;scan=16;controls=2;cover=()
LEAF;E=(1, 6, 8, 9, 10, 11, 14);rank=3;a=26;P=(19, 17, 26);K4=(34, 38, 60, 111);m=1071948491/15073318260;r=40;lambda=5/1036;tail=30;scan=12;controls=2;cover=()
LEAF;E=(1, 6, 8, 9, 10, 11, 14);rank=3;a=26;P=(19, 17, 26);K4=(34, 60, 72, 111);m=38858081/528888360;r=42;lambda=57/13468;tail=34;scan=16;controls=2;cover=()
LEAF;E=(1, 6, 8, 9, 10, 11, 14);rank=3;a=26;P=(19, 17, 26);K4=(23, 29, 38, 100);m=116373611/1837235400;r=42;lambda=1/200;tail=29;scan=10;controls=2;cover=()
LEAF;E=(1, 6, 8, 9, 10, 11, 14);rank=3;a=26;P=(19, 17, 26);K4=(23, 29, 34, 100);m=3021372911/47671423800;r=32;lambda=263/40600;tail=23;scan=6;controls=2;cover=()
LEAF;E=(1, 6, 8, 9, 10, 11, 14);rank=3;a=26;P=(19, 17, 26);K4=(23, 29, 60, 100);m=92019209/1402100700;r=40;lambda=143/32200;tail=33;scan=13;controls=2;cover=()
LEAF;E=(1, 6, 8, 9, 10, 11, 14);rank=3;a=26;P=(19, 17, 26);K4=(23, 29, 72, 100);m=26684797/420630210;r=42;lambda=55/9744;tail=26;scan=8;controls=2;cover=()
LEAF;E=(1, 6, 8, 9, 10, 11, 14);rank=3;a=26;P=(19, 17, 26);K4=(23, 29, 74, 100);m=6875372761/103755451800;r=36;lambda=263/40600;tail=23;scan=6;controls=2;cover=()
LEAF;E=(1, 6, 8, 9, 10, 11, 14);rank=3;a=26;P=(19, 17, 26);K4=(23, 34, 38, 100);m=276342254/3904125225;r=36;lambda=13/1932;tail=22;scan=5;controls=2;cover=()
LEAF;E=(1, 6, 8, 9, 10, 11, 14);rank=3;a=26;P=(19, 17, 26);K4=(23, 38, 60, 100);m=42311047/612411800;r=48;lambda=1/210;tail=31;scan=12;controls=2;cover=()
LEAF;E=(1, 6, 8, 9, 10, 11, 14);rank=3;a=26;P=(19, 17, 26);K4=(23, 38, 74, 100);m=616765951/8497213725;r=42;lambda=15/2072;tail=20;scan=3;controls=2;cover=()
LEAF;E=(1, 6, 8, 9, 10, 11, 14);rank=3;a=26;P=(19, 17, 26);K4=(23, 34, 60, 100);m=6170287/96696600;r=40;lambda=1/210;tail=31;scan=12;controls=2;cover=()
LEAF;E=(1, 6, 8, 9, 10, 11, 14);rank=3;a=26;P=(19, 17, 26);K4=(23, 34, 72, 100);m=8557144/123288165;r=36;lambda=13/1680;tail=19;scan=3;controls=2;cover=()
LEAF;E=(1, 6, 8, 9, 10, 11, 14);rank=3;a=26;P=(19, 17, 26);K4=(23, 34, 74, 100);m=2086631279/30411080700;r=36;lambda=389/51800;tail=20;scan=3;controls=2;cover=()
LEAF;E=(1, 6, 8, 9, 10, 11, 14);rank=3;a=26;P=(19, 17, 26);K4=(23, 60, 72, 100);m=983551/14504490;r=52;lambda=1/210;tail=31;scan=12;controls=2;cover=()
LEAF;E=(1, 6, 8, 9, 10, 11, 14);rank=3;a=26;P=(19, 17, 26);K4=(23, 60, 74, 100);m=241465043/3577774200;r=44;lambda=1/210;tail=31;scan=12;controls=2;cover=()
LEAF;E=(1, 6, 8, 9, 10, 11, 14);rank=3;a=26;P=(19, 17, 26);K4=(23, 72, 74, 100);m=7509961/107333226;r=44;lambda=83/12432;tail=22;scan=5;controls=2;cover=()
LEAF;E=(1, 6, 8, 9, 10, 11, 14);rank=3;a=26;P=(19, 17, 26);K4=(29, 34, 38, 100);m=415351991/5907111210;r=46;lambda=1/238;tail=35;scan=15;controls=2;cover=()
LEAF;E=(1, 6, 8, 9, 10, 11, 14);rank=3;a=26;P=(19, 17, 26);K4=(29, 38, 60, 100);m=447132461/6949542600;r=52;lambda=99/26600;tail=39;scan=19;controls=2;cover=()
LEAF;E=(1, 6, 8, 9, 10, 11, 14);rank=3;a=26;P=(19, 17, 26);K4=(29, 38, 74, 100);m=75550211/1168786710;r=50;lambda=1/200;tail=29;scan=11;controls=2;cover=()
LEAF;E=(1, 6, 8, 9, 10, 11, 14);rank=3;a=26;P=(19, 17, 26);K4=(29, 34, 60, 100);m=424130167/6218011800;r=40;lambda=157/23800;tail=22;scan=5;controls=2;cover=()
LEAF;E=(1, 6, 8, 9, 10, 11, 14);rank=3;a=26;P=(19, 17, 26);K4=(29, 34, 72, 100);m=447589673/6218011800;r=44;lambda=17/2800;tail=24;scan=7;controls=2;cover=()
LEAF;E=(1, 6, 8, 9, 10, 11, 14);rank=3;a=26;P=(19, 17, 26);K4=(29, 34, 74, 100);m=472435009/6766659900;r=40;lambda=263/40600;tail=23;scan=6;controls=2;cover=()
LEAF;E=(1, 6, 8, 9, 10, 11, 14);rank=3;a=26;P=(19, 17, 26);K4=(29, 60, 72, 100);m=2753697/40640600;r=52;lambda=17/2800;tail=24;scan=7;controls=2;cover=()
LEAF;E=(1, 6, 8, 9, 10, 11, 14);rank=3;a=26;P=(19, 17, 26);K4=(29, 60, 74, 100);m=912218213/13533319800;r=42;lambda=277/51800;tail=27;scan=9;controls=2;cover=()
LEAF;E=(1, 6, 8, 9, 10, 11, 14);rank=3;a=26;P=(19, 17, 26);K4=(29, 72, 74, 100);m=82349947/1230301800;r=48;lambda=55/9744;tail=26;scan=9;controls=2;cover=()
LEAF;E=(1, 6, 8, 9, 10, 11, 14);rank=3;a=26;P=(19, 17, 26);K4=(34, 38, 60, 100);m=145662133/2036934900;r=48;lambda=99/26600;tail=39;scan=19;controls=2;cover=()
LEAF;E=(1, 6, 8, 9, 10, 11, 14);rank=3;a=26;P=(19, 17, 26);K4=(34, 38, 74, 100);m=11247032441/150733182600;r=48;lambda=249/51800;tail=30;scan=12;controls=2;cover=()
LEAF;E=(1, 6, 8, 9, 10, 11, 14);rank=3;a=26;P=(19, 17, 26);K4=(38, 60, 74, 100);m=296509769/4433328900;r=54;lambda=1/210;tail=31;scan=13;controls=2;cover=()
LEAF;E=(1, 6, 8, 9, 10, 11, 14);rank=3;a=26;P=(19, 17, 26);K4=(34, 60, 72, 100);m=15874081/214414200;r=46;lambda=17/2800;tail=24;scan=7;controls=2;cover=()
LEAF;E=(1, 6, 8, 9, 10, 11, 14);rank=3;a=26;P=(19, 17, 26);K4=(34, 60, 74, 100);m=259921309/3966662700;r=48;lambda=277/51800;tail=27;scan=9;controls=2;cover=()
LEAF;E=(1, 6, 8, 9, 10, 11, 14);rank=3;a=26;P=(19, 17, 26);K4=(34, 72, 74, 100);m=14846036/198333135;r=46;lambda=83/12432;tail=22;scan=5;controls=2;cover=()
LEAF;E=(1, 6, 8, 9, 10, 11, 14);rank=3;a=26;P=(19, 17, 26);K4=(60, 72, 74, 100);m=3208253/46666620;r=54;lambda=277/51800;tail=27;scan=9;controls=2;cover=()
LEAF;E=(1, 6, 8, 9, 10, 11, 14);rank=3;a=26;P=(19, 17, 26);K4=(23, 29, 38, 103);m=68111320913/1097564427960;r=40;lambda=279/54796;tail=29;scan=10;controls=2;cover=()
LEAF;E=(1, 6, 8, 9, 10, 11, 14);rank=3;a=26;P=(19, 17, 26);K4=(23, 25, 29, 103);m=4147966079/57766548840;r=32;lambda=6/721;tail=18;scan=2;controls=2;cover=()
LEAF;E=(1, 6, 8, 9, 10, 11, 14);rank=3;a=26;P=(19, 17, 26);K4=(23, 29, 34, 103);m=11857073219/196406266056;r=34;lambda=144/20909;tail=21;scan=4;controls=2;cover=()
LEAF;E=(1, 6, 8, 9, 10, 11, 14);rank=3;a=26;P=(19, 17, 26);K4=(23, 29, 60, 103);m=1495817/21570780;r=36;lambda=207/28840;tail=20;scan=3;controls=2;cover=()
LEAF;E=(1, 6, 8, 9, 10, 11, 14);rank=3;a=26;P=(19, 17, 26);K4=(23, 25, 38, 103);m=13598513273/189235246200;r=36;lambda=6/721;tail=18;scan=2;controls=2;cover=()
LEAF;E=(1, 6, 8, 9, 10, 11, 14);rank=3;a=26;P=(19, 17, 26);K4=(23, 34, 38, 103);m=2033142715/32169991854;r=40;lambda=8/2369;tail=43;scan=22;controls=2;cover=()
LEAF;E=(1, 6, 8, 9, 10, 11, 14);rank=3;a=26;P=(19, 17, 26);K4=(23, 38, 60, 103);m=2582346397/37847049240;r=46;lambda=607/86520;tail=21;scan=4;controls=2;cover=()
LEAF;E=(1, 6, 8, 9, 10, 11, 14);rank=3;a=26;P=(19, 17, 26);K4=(23, 38, 103, 154);m=324886673/4730881155;r=60;lambda=3/539;tail=26;scan=8;controls=2;cover=()
LEAF;E=(1, 6, 8, 9, 10, 11, 14);rank=3;a=26;P=(19, 17, 26);K4=(23, 25, 34, 103);m=9900968551/169315746600;r=34;lambda=104/18025;tail=25;scan=7;controls=2;cover=()
LEAF;E=(1, 6, 8, 9, 10, 11, 14);rank=3;a=26;P=(19, 17, 26);K4=(23, 25, 60, 103);m=118956193/1659958300;r=34;lambda=207/28840;tail=20;scan=3;controls=2;cover=()
LEAF;E=(1, 6, 8, 9, 10, 11, 14);rank=3;a=26;P=(19, 17, 26);K4=(23, 25, 103, 154);m=746860031/9959749800;r=50;lambda=3/539;tail=26;scan=7;controls=2;cover=()
LEAF;E=(1, 6, 8, 9, 10, 11, 14);rank=3;a=26;P=(19, 17, 26);K4=(23, 34, 60, 103);m=52839727/868285880;r=42;lambda=71/17304;tail=35;scan=15;controls=2;cover=()
LEAF;E=(1, 6, 8, 9, 10, 11, 14);rank=3;a=26;P=(19, 17, 26);K4=(23, 34, 103, 154);m=109993243/1693157466;r=52;lambda=3/539;tail=26;scan=8;controls=2;cover=()
LEAF;E=(1, 6, 8, 9, 10, 11, 14);rank=3;a=26;P=(19, 17, 26);K4=(23, 60, 103, 154);m=11654047/153226920;r=54;lambda=3/539;tail=26;scan=8;controls=2;cover=()
LEAF;E=(1, 6, 8, 9, 10, 11, 14);rank=3;a=26;P=(19, 17, 26);K4=(25, 29, 38, 103);m=4263738929/59650240650;r=40;lambda=279/54796;tail=29;scan=10;controls=2;cover=()
LEAF;E=(1, 6, 8, 9, 10, 11, 14);rank=3;a=26;P=(19, 17, 26);K4=(29, 34, 38, 103);m=146026555/2134850718;r=44;lambda=81/20909;tail=37;scan=17;controls=2;cover=()
LEAF;E=(1, 6, 8, 9, 10, 11, 14);rank=3;a=26;P=(19, 17, 26);K4=(29, 38, 46, 103);m=9194719561/137195553495;r=46;lambda=279/54796;tail=29;scan=11;controls=2;cover=()
LEAF;E=(1, 6, 8, 9, 10, 11, 14);rank=3;a=26;P=(19, 17, 26);K4=(29, 38, 60, 103);m=3288304883/47720192520;r=46;lambda=3/760;tail=37;scan=18;controls=2;cover=()
LEAF;E=(1, 6, 8, 9, 10, 11, 14);rank=3;a=26;P=(19, 17, 26);K4=(25, 29, 34, 103);m=3411403351/53371267950;r=38;lambda=22/5075;tail=33;scan=13;controls=2;cover=()
LEAF;E=(1, 6, 8, 9, 10, 11, 14);rank=3;a=26;P=(19, 17, 26);K4=(25, 29, 46, 103);m=1133445701/14441637210;r=38;lambda=6/721;tail=18;scan=2;controls=2;cover=()
LEAF;E=(1, 6, 8, 9, 10, 11, 14);rank=3;a=26;P=(19, 17, 26);K4=(25, 29, 60, 103);m=184457839/2511589080;r=36;lambda=207/28840;tail=20;scan=3;controls=2;cover=()
LEAF;E=(1, 6, 8, 9, 10, 11, 14);rank=3;a=26;P=(19, 17, 26);K4=(29, 34, 46, 103);m=118715158/1888521789;r=44;lambda=144/20909;tail=21;scan=4;controls=2;cover=()
LEAF;E=(1, 6, 8, 9, 10, 11, 14);rank=3;a=26;P=(19, 17, 26);K4=(29, 34, 60, 103);m=221821451/3284385720;r=40;lambda=81/20909;tail=37;scan=17;controls=2;cover=()
LEAF;E=(1, 6, 8, 9, 10, 11, 14);rank=3;a=26;P=(19, 17, 26);K4=(29, 46, 60, 103);m=322999687/4443580680;r=44;lambda=207/28840;tail=20;scan=3;controls=2;cover=()
LEAF;E=(1, 6, 8, 9, 10, 11, 14);rank=3;a=26;P=(19, 17, 26);K4=(25, 34, 38, 103);m=67001399/1028452425;r=42;lambda=11/2884;tail=38;scan=18;controls=2;cover=()
LEAF;E=(1, 6, 8, 9, 10, 11, 14);rank=3;a=26;P=(19, 17, 26);K4=(25, 38, 46, 103);m=1656673531/23654405775;r=44;lambda=279/54796;tail=29;scan=10;controls=2;cover=()
LEAF;E=(1, 6, 8, 9, 10, 11, 14);rank=3;a=26;P=(19, 17, 26);K4=(25, 38, 60, 103);m=190105837/2742539800;r=42;lambda=607/86520;tail=21;scan=4;controls=2;cover=()
LEAF;E=(1, 6, 8, 9, 10, 11, 14);rank=3;a=26;P=(19, 17, 26);K4=(25, 38, 103, 154);m=9917447/146921775;r=62;lambda=3/539;tail=26;scan=8;controls=2;cover=()
LEAF;E=(1, 6, 8, 9, 10, 11, 14);rank=3;a=26;P=(19, 17, 26);K4=(34, 38, 46, 103);m=8380407883/128679967416;r=48;lambda=327/66332;tail=29;scan=11;controls=2;cover=()
LEAF;E=(1, 6, 8, 9, 10, 11, 14);rank=3;a=26;P=(19, 17, 26);K4=(34, 38, 60, 103);m=327506579/4662317660;r=46;lambda=33/5768;tail=25;scan=8;controls=2;cover=()
LEAF;E=(1, 6, 8, 9, 10, 11, 14);rank=3;a=26;P=(19, 17, 26);K4=(34, 38, 103, 154);m=21821005/329104776;r=64;lambda=835/222068;tail=38;scan=19;controls=2;cover=()
LEAF;E=(1, 6, 8, 9, 10, 11, 14);rank=3;a=26;P=(19, 17, 26);K4=(38, 46, 60, 103);m=605260063/9461762310;r=54;lambda=3/760;tail=37;scan=19;controls=2;cover=()
LEAF;E=(1, 6, 8, 9, 10, 11, 14);rank=3;a=26;P=(19, 17, 26);K4=(38, 46, 103, 154);m=2357354539/37847049240;r=68;lambda=39/10241;tail=38;scan=20;controls=2;cover=()
LEAF;E=(1, 6, 8, 9, 10, 11, 14);rank=3;a=26;P=(19, 17, 26);K4=(38, 60, 103, 154);m=14629261/205690485;r=68;lambda=3/539;tail=26;scan=9;controls=2;cover=()
LEAF;E=(1, 6, 8, 9, 10, 11, 14);rank=3;a=26;P=(19, 17, 26);K4=(25, 34, 46, 103);m=1295680622/21164468325;r=42;lambda=104/18025;tail=25;scan=8;controls=2;cover=()
LEAF;E=(1, 6, 8, 9, 10, 11, 14);rank=3;a=26;P=(19, 17, 26);K4=(25, 34, 60, 103);m=421838143/7361554200;r=38;lambda=71/17304;tail=35;scan=15;controls=2;cover=()
LEAF;E=(1, 6, 8, 9, 10, 11, 14);rank=3;a=26;P=(19, 17, 26);K4=(25, 34, 103, 154);m=21385321/368077710;r=56;lambda=269/53900;tail=29;scan=10;controls=2;cover=()
LEAF;E=(1, 6, 8, 9, 10, 11, 14);rank=3;a=26;P=(19, 17, 26);K4=(25, 46, 60, 103);m=234083561/3319916600;r=42;lambda=207/28840;tail=20;scan=3;controls=2;cover=()
LEAF;E=(1, 6, 8, 9, 10, 11, 14);rank=3;a=26;P=(19, 17, 26);K4=(25, 46, 103, 154);m=89376307/1244968725;r=58;lambda=3/539;tail=26;scan=8;controls=2;cover=()
LEAF;E=(1, 6, 8, 9, 10, 11, 14);rank=3;a=26;P=(19, 17, 26);K4=(25, 60, 103, 154);m=191811/2624440;r=56;lambda=3/539;tail=26;scan=8;controls=2;cover=()
LEAF;E=(1, 6, 8, 9, 10, 11, 14);rank=3;a=26;P=(19, 17, 26);K4=(34, 46, 60, 103);m=25638121/434142940;r=50;lambda=71/17304;tail=35;scan=16;controls=2;cover=()
LEAF;E=(1, 6, 8, 9, 10, 11, 14);rank=3;a=26;P=(19, 17, 26);K4=(34, 46, 103, 154);m=31798813/520971528;r=60;lambda=3/539;tail=26;scan=9;controls=2;cover=()
LEAF;E=(1, 6, 8, 9, 10, 11, 14);rank=3;a=26;P=(19, 17, 26);K4=(34, 60, 103, 154);m=1223891/18875780;r=62;lambda=807/222068;tail=40;scan=21;controls=2;cover=()
LEAF;E=(1, 6, 8, 9, 10, 11, 14);rank=3;a=26;P=(19, 17, 26);K4=(46, 60, 103, 154);m=122629/1741215;r=64;lambda=3/539;tail=26;scan=9;controls=2;cover=()
LEAF;E=(1, 6, 8, 9, 10, 11, 14);rank=3;a=26;P=(19, 17, 26);K4=(23, 29, 38, 134);m=5144424826/89243709555;r=42;lambda=5/938;tail=27;scan=8;controls=2;cover=()
LEAF;E=(1, 6, 8, 9, 10, 11, 14);rank=3;a=26;P=(19, 17, 26);K4=(23, 29, 34, 134);m=9686315707/159699269730;r=34;lambda=3/469;tail=23;scan=6;controls=2;cover=()
LEAF;E=(1, 6, 8, 9, 10, 11, 14);rank=3;a=26;P=(19, 17, 26);K4=(23, 29, 60, 134);m=7798124/120436855;r=40;lambda=193/43148;tail=32;scan=12;controls=2;cover=()
LEAF;E=(1, 6, 8, 9, 10, 11, 14);rank=3;a=26;P=(19, 17, 26);K4=(23, 29, 72, 134);m=1738995749/28182224070;r=42;lambda=5/938;tail=27;scan=8;controls=2;cover=()
LEAF;E=(1, 6, 8, 9, 10, 11, 14);rank=3;a=26;P=(19, 17, 26);K4=(23, 34, 38, 134);m=2147879891/32194017240;r=36;lambda=1/238;tail=35;scan=15;controls=2;cover=()
LEAF;E=(1, 6, 8, 9, 10, 11, 14);rank=3;a=26;P=(19, 17, 26);K4=(23, 38, 60, 134);m=1646234987/24618954360;r=46;lambda=253/56280;tail=32;scan=13;controls=2;cover=()
LEAF;E=(1, 6, 8, 9, 10, 11, 14);rank=3;a=26;P=(19, 17, 26);K4=(23, 38, 134, 154);m=25135247/378753144;r=66;lambda=299/72226;tail=35;scan=16;controls=2;cover=()
LEAF;E=(1, 6, 8, 9, 10, 11, 14);rank=3;a=26;P=(19, 17, 26);K4=(23, 34, 60, 134);m=457214013/7342495160;r=42;lambda=19/6566;tail=50;scan=30;controls=2;cover=()
LEAF;E=(1, 6, 8, 9, 10, 11, 14);rank=3;a=26;P=(19, 17, 26);K4=(23, 34, 72, 134);m=1541016937/22027485480;r=34;lambda=101/22512;tail=32;scan=13;controls=2;cover=()
LEAF;E=(1, 6, 8, 9, 10, 11, 14);rank=3;a=26;P=(19, 17, 26);K4=(23, 34, 134, 154);m=1448064857/22027485480;r=58;lambda=271/72226;tail=39;scan=19;controls=2;cover=()
LEAF;E=(1, 6, 8, 9, 10, 11, 14);rank=3;a=26;P=(19, 17, 26);K4=(23, 60, 72, 134);m=134265367/1943601660;r=52;lambda=253/56280;tail=32;scan=13;controls=2;cover=()
LEAF;E=(1, 6, 8, 9, 10, 11, 14);rank=3;a=26;P=(19, 17, 26);K4=(23, 60, 134, 154);m=18321565/259146888;r=64;lambda=299/72226;tail=35;scan=16;controls=2;cover=()
LEAF;E=(1, 6, 8, 9, 10, 11, 14);rank=3;a=26;P=(19, 17, 26);K4=(23, 72, 134, 154);m=13827659/194360166;r=60;lambda=299/72226;tail=35;scan=16;controls=2;cover=()
LEAF;E=(1, 6, 8, 9, 10, 11, 14);rank=3;a=26;P=(19, 17, 26);K4=(29, 34, 38, 134);m=111892042247/1583105804280;r=42;lambda=2/469;tail=34;scan=15;controls=2;cover=()
LEAF;E=(1, 6, 8, 9, 10, 11, 14);rank=3;a=26;P=(19, 17, 26);K4=(29, 38, 46, 134);m=141743911889/2141849029320;r=54;lambda=5/938;tail=27;scan=9;controls=2;cover=()
LEAF;E=(1, 6, 8, 9, 10, 11, 14);rank=3;a=26;P=(19, 17, 26);K4=(29, 38, 60, 134);m=208554503/3211167960;r=48;lambda=2/469;tail=34;scan=15;controls=2;cover=()
LEAF;E=(1, 6, 8, 9, 10, 11, 14);rank=3;a=26;P=(19, 17, 26);K4=(29, 34, 46, 134);m=10168541743/147414710520;r=46;lambda=3/469;tail=23;scan=6;controls=2;cover=()
LEAF;E=(1, 6, 8, 9, 10, 11, 14);rank=3;a=26;P=(19, 17, 26);K4=(29, 34, 60, 134);m=446554043/6409335240;r=42;lambda=5/1139;tail=33;scan=14;controls=2;cover=()
LEAF;E=(1, 6, 8, 9, 10, 11, 14);rank=3;a=26;P=(19, 17, 26);K4=(29, 34, 72, 134);m=3124960099/41660679060;r=42;lambda=101/22512;tail=32;scan=13;controls=2;cover=()
LEAF;E=(1, 6, 8, 9, 10, 11, 14);rank=3;a=26;P=(19, 17, 26);K4=(29, 46, 60, 134);m=22118827/299015640;r=48;lambda=65/10787;tail=24;scan=7;controls=2;cover=()
LEAF;E=(1, 6, 8, 9, 10, 11, 14);rank=3;a=26;P=(19, 17, 26);K4=(29, 46, 72, 134);m=261795839/3887203320;r=54;lambda=5/938;tail=27;scan=9;controls=2;cover=()
LEAF;E=(1, 6, 8, 9, 10, 11, 14);rank=3;a=26;P=(19, 17, 26);K4=(29, 60, 72, 134);m=908759/13000680;r=54;lambda=29/7504;tail=37;scan=18;controls=2;cover=()
LEAF;E=(1, 6, 8, 9, 10, 11, 14);rank=3;a=26;P=(19, 17, 26);K4=(34, 38, 46, 134);m=45980274577/627783336180;r=46;lambda=51/10787;tail=31;scan=13;controls=2;cover=()
LEAF;E=(1, 6, 8, 9, 10, 11, 14);rank=3;a=26;P=(19, 17, 26);K4=(34, 38, 60, 134);m=1001293039/13647463830;r=44;lambda=2/469;tail=34;scan=16;controls=2;cover=()
LEAF;E=(1, 6, 8, 9, 10, 11, 14);rank=3;a=26;P=(19, 17, 26);K4=(34, 38, 134, 154);m=114570037/1605583980;r=70;lambda=257/72226;tail=41;scan=21;controls=2;cover=()
LEAF;E=(1, 6, 8, 9, 10, 11, 14);rank=3;a=26;P=(19, 17, 26);K4=(38, 46, 60, 134);m=2466892523/36928431540;r=56;lambda=19/6566;tail=50;scan=30;controls=2;cover=()
LEAF;E=(1, 6, 8, 9, 10, 11, 14);rank=3;a=26;P=(19, 17, 26);K4=(38, 46, 134, 154);m=485864515/7385686308;r=78;lambda=257/72226;tail=41;scan=22;controls=2;cover=()
LEAF;E=(1, 6, 8, 9, 10, 11, 14);rank=3;a=26;P=(19, 17, 26);K4=(38, 60, 134, 154);m=21666851/321116796;r=76;lambda=299/72226;tail=35;scan=17;controls=2;cover=()
LEAF;E=(1, 6, 8, 9, 10, 11, 14);rank=3;a=26;P=(19, 17, 26);K4=(34, 46, 60, 134);m=551332069/8260307055;r=50;lambda=11/2737;tail=36;scan=17;controls=2;cover=()
LEAF;E=(1, 6, 8, 9, 10, 11, 14);rank=3;a=26;P=(19, 17, 26);K4=(34, 46, 72, 134);m=4824671881/66082456440;r=44;lambda=51/10787;tail=31;scan=13;controls=2;cover=()
LEAF;E=(1, 6, 8, 9, 10, 11, 14);rank=3;a=26;P=(19, 17, 26);K4=(34, 46, 134, 154);m=2303048353/33041228220;r=68;lambda=271/72226;tail=39;scan=20;controls=2;cover=()
LEAF;E=(1, 6, 8, 9, 10, 11, 14);rank=3;a=26;P=(19, 17, 26);K4=(34, 60, 72, 134);m=37390979/478858380;r=46;lambda=15/3752;tail=36;scan=17;controls=2;cover=()
LEAF;E=(1, 6, 8, 9, 10, 11, 14);rank=3;a=26;P=(19, 17, 26);K4=(34, 60, 134, 154);m=6794131/102612510;r=70;lambda=3/1078;tail=52;scan=33;controls=2;cover=()
LEAF;E=(1, 6, 8, 9, 10, 11, 14);rank=3;a=26;P=(19, 17, 26);K4=(34, 72, 134, 154);m=222212527/2873150280;r=62;lambda=271/72226;tail=39;scan=20;controls=2;cover=()
LEAF;E=(1, 6, 8, 9, 10, 11, 14);rank=3;a=26;P=(19, 17, 26);K4=(46, 60, 72, 134);m=130361467/1943601660;r=60;lambda=9/2576;tail=41;scan=23;controls=2;cover=()
LEAF;E=(1, 6, 8, 9, 10, 11, 14);rank=3;a=26;P=(19, 17, 26);K4=(46, 60, 134, 154);m=27907753/388720332;r=72;lambda=59/19320;tail=47;scan=28;controls=2;cover=()
LEAF;E=(1, 6, 8, 9, 10, 11, 14);rank=3;a=26;P=(19, 17, 26);K4=(46, 72, 134, 154);m=13533749/194360166;r=70;lambda=271/72226;tail=39;scan=21;controls=2;cover=()
LEAF;E=(1, 6, 8, 9, 10, 11, 14);rank=3;a=26;P=(19, 17, 26);K4=(60, 72, 134, 154);m=1268123/16900884;r=74;lambda=299/72226;tail=35;scan=17;controls=2;cover=()
LEAF;E=(1, 6, 8, 9, 10, 11, 14);rank=3;a=26;P=(19, 17, 26);K4=(23, 25, 29, 38);m=3368457187/53279826600;r=28;lambda=1/133;tail=20;scan=3;controls=2;cover=()
LEAF;E=(1, 6, 8, 9, 10, 11, 14);rank=3;a=26;P=(19, 17, 26);K4=(23, 29, 34, 38);m=10220939551/181151410440;r=28;lambda=1/238;tail=35;scan=14;controls=2;cover=()
LEAF;E=(1, 6, 8, 9, 10, 11, 14);rank=3;a=26;P=(19, 17, 26);K4=(23, 29, 38, 60);m=75124802/1331995665;r=36;lambda=17/4060;tail=35;scan=15;controls=2;cover=()
LEAF;E=(1, 6, 8, 9, 10, 11, 14);rank=3;a=26;P=(19, 17, 26);K4=(23, 29, 38, 74);m=23109513803/394270716840;r=32;lambda=1/133;tail=20;scan=3;controls=2;cover=()
LEAF;E=(1, 6, 8, 9, 10, 11, 14);rank=3;a=26;P=(19, 17, 26);K4=(23, 25, 29, 34);m=2691407597/47671423800;r=24;lambda=22/5075;tail=33;scan=12;controls=2;cover=()
LEAF;E=(1, 6, 8, 9, 10, 11, 14);rank=3;a=26;P=(19, 17, 26);K4=(23, 25, 29, 60);m=88558997/1402100700;r=28;lambda=47/6440;tail=20;scan=3;controls=2;cover=()
LEAF;E=(1, 6, 8, 9, 10, 11, 14);rank=3;a=26;P=(19, 17, 26);K4=(23, 25, 29, 72);m=267817673/4206302100;r=30;lambda=1/144;tail=21;scan=4;controls=2;cover=()
LEAF;E=(1, 6, 8, 9, 10, 11, 14);rank=3;a=26;P=(19, 17, 26);K4=(23, 25, 29, 74);m=265857385/4150218072;r=30;lambda=2/259;tail=19;scan=3;controls=2;cover=()
LEAF;E=(1, 6, 8, 9, 10, 11, 14);rank=3;a=26;P=(19, 17, 26);K4=(23, 29, 34, 60);m=20541677/366703260;r=30;lambda=1/280;tail=41;scan=20;controls=2;cover=()
LEAF;E=(1, 6, 8, 9, 10, 11, 14);rank=3;a=26;P=(19, 17, 26);K4=(23, 29, 34, 72);m=426304643/7150713570;r=28;lambda=55/9744;tail=26;scan=8;controls=2;cover=()
LEAF;E=(1, 6, 8, 9, 10, 11, 14);rank=3;a=26;P=(19, 17, 26);K4=(23, 29, 34, 74);m=20158806373/352768536120;r=32;lambda=1/116;tail=17;scan=2;controls=2;cover=()
LEAF;E=(1, 6, 8, 9, 10, 11, 14);rank=3;a=26;P=(19, 17, 26);K4=(23, 29, 60, 72);m=3870527/64712340;r=40;lambda=17/4060;tail=35;scan=15;controls=2;cover=()
LEAF;E=(1, 6, 8, 9, 10, 11, 14);rank=3;a=26;P=(19, 17, 26);K4=(23, 29, 60, 74);m=50449423/864628765;r=34;lambda=107/24360;tail=33;scan=13;controls=2;cover=()
LEAF;E=(1, 6, 8, 9, 10, 11, 14);rank=3;a=26;P=(19, 17, 26);K4=(23, 29, 72, 74);m=3701389261/62253271080;r=36;lambda=1/144;tail=21;scan=4;controls=2;cover=()
LEAF;E=(1, 6, 8, 9, 10, 11, 14);rank=3;a=26;P=(19, 17, 26);K4=(23, 25, 34, 38);m=148523299/2402538600;r=24;lambda=12/2261;tail=27;scan=7;controls=2;cover=()
LEAF;E=(1, 6, 8, 9, 10, 11, 14);rank=3;a=26;P=(19, 17, 26);K4=(23, 25, 38, 60);m=1002217/15310295;r=30;lambda=1/120;tail=18;scan=2;controls=2;cover=()
LEAF;E=(1, 6, 8, 9, 10, 11, 14);rank=3;a=26;P=(19, 17, 26);K4=(23, 25, 38, 74);m=4708335587/67977709800;r=28;lambda=2/185;tail=14;scan=0;controls=0;cover=()
LEAF;E=(1, 6, 8, 9, 10, 11, 14);rank=3;a=26;P=(19, 17, 26);K4=(23, 25, 38, 154);m=9861527/141325800;r=46;lambda=3/539;tail=26;scan=7;controls=2;cover=()
LEAF;E=(1, 6, 8, 9, 10, 11, 14);rank=3;a=26;P=(19, 17, 26);K4=(23, 34, 38, 60);m=126420901/2082200120;r=34;lambda=1/280;tail=41;scan=20;controls=2;cover=()
LEAF;E=(1, 6, 8, 9, 10, 11, 14);rank=3;a=26;P=(19, 17, 26);K4=(23, 34, 38, 74);m=3766386887/57781053330;r=32;lambda=1/238;tail=35;scan=15;controls=2;cover=()
LEAF;E=(1, 6, 8, 9, 10, 11, 14);rank=3;a=26;P=(19, 17, 26);K4=(23, 34, 38, 154);m=228818/3533145;r=46;lambda=257/49588;tail=28;scan=9;controls=2;cover=()
LEAF;E=(1, 6, 8, 9, 10, 11, 14);rank=3;a=26;P=(19, 17, 26);K4=(23, 38, 60, 74);m=867486161/13595541960;r=36;lambda=1/120;tail=18;scan=2;controls=2;cover=()
LEAF;E=(1, 6, 8, 9, 10, 11, 14);rank=3;a=26;P=(19, 17, 26);K4=(23, 38, 60, 154);m=100277/1499784;r=54;lambda=3/539;tail=26;scan=8;controls=2;cover=()
LEAF;E=(1, 6, 8, 9, 10, 11, 14);rank=3;a=26;P=(19, 17, 26);K4=(23, 38, 74, 154);m=23771764/339888549;r=48;lambda=3/539;tail=26;scan=8;controls=2;cover=()
LEAF;E=(1, 6, 8, 9, 10, 11, 14);rank=3;a=26;P=(19, 17, 26);K4=(23, 25, 34, 60);m=8947859/164384220;r=26;lambda=11/2184;tail=29;scan=9;controls=2;cover=()
LEAF;E=(1, 6, 8, 9, 10, 11, 14);rank=3;a=26;P=(19, 17, 26);K4=(23, 25, 34, 72);m=100766383/1643842200;r=24;lambda=61/9100;tail=22;scan=5;controls=2;cover=()
LEAF;E=(1, 6, 8, 9, 10, 11, 14);rank=3;a=26;P=(19, 17, 26);K4=(23, 25, 34, 74);m=318040799/5529287400;r=30;lambda=139/25900;tail=27;scan=7;controls=2;cover=()
LEAF;E=(1, 6, 8, 9, 10, 11, 14);rank=3;a=26;P=(19, 17, 26);K4=(23, 25, 34, 154);m=100872697/1643842200;r=40;lambda=269/53900;tail=29;scan=9;controls=2;cover=()
LEAF;E=(1, 6, 8, 9, 10, 11, 14);rank=3;a=26;P=(19, 17, 26);K4=(23, 25, 60, 72);m=9362989/145044900;r=36;lambda=1/120;tail=18;scan=2;controls=2;cover=()
LEAF;E=(1, 6, 8, 9, 10, 11, 14);rank=3;a=26;P=(19, 17, 26);K4=(23, 25, 60, 74);m=2558684/40656525;r=30;lambda=1/120;tail=18;scan=2;controls=2;cover=()
LEAF;E=(1, 6, 8, 9, 10, 11, 14);rank=3;a=26;P=(19, 17, 26);K4=(23, 25, 60, 154);m=1149691/16116100;r=44;lambda=3/539;tail=26;scan=7;controls=2;cover=()
LEAF;E=(1, 6, 8, 9, 10, 11, 14);rank=3;a=26;P=(19, 17, 26);K4=(23, 25, 72, 74);m=28347125/429332904;r=34;lambda=43/5040;tail=17;scan=2;controls=2;cover=()
LEAF;E=(1, 6, 8, 9, 10, 11, 14);rank=3;a=26;P=(19, 17, 26);K4=(23, 25, 72, 154);m=811175/11603592;r=46;lambda=3/539;tail=26;scan=7;controls=2;cover=()
LEAF;E=(1, 6, 8, 9, 10, 11, 14);rank=3;a=26;P=(19, 17, 26);K4=(23, 25, 74, 154);m=260113829/3577774200;r=42;lambda=3/539;tail=26;scan=7;controls=2;cover=()
LEAF;E=(1, 6, 8, 9, 10, 11, 14);rank=3;a=26;P=(19, 17, 26);K4=(23, 34, 60, 72);m=20980837/328768440;r=36;lambda=11/2184;tail=29;scan=10;controls=2;cover=()
LEAF;E=(1, 6, 8, 9, 10, 11, 14);rank=3;a=26;P=(19, 17, 26);K4=(23, 34, 60, 74);m=226275487/4054810760;r=40;lambda=23/6216;tail=39;scan=19;controls=2;cover=()
LEAF;E=(1, 6, 8, 9, 10, 11, 14);rank=3;a=26;P=(19, 17, 26);K4=(23, 34, 60, 154);m=963829/15655640;r=48;lambda=43/12936;tail=43;scan=23;controls=2;cover=()
LEAF;E=(1, 6, 8, 9, 10, 11, 14);rank=3;a=26;P=(19, 17, 26);K4=(23, 34, 72, 74);m=63670553/986305320;r=36;lambda=83/12432;tail=22;scan=5;controls=2;cover=()
LEAF;E=(1, 6, 8, 9, 10, 11, 14);rank=3;a=26;P=(19, 17, 26);K4=(23, 34, 72, 154);m=3657051/54794740;r=44;lambda=3/539;tail=26;scan=8;controls=2;cover=()
LEAF;E=(1, 6, 8, 9, 10, 11, 14);rank=3;a=26;P=(19, 17, 26);K4=(23, 34, 74, 154);m=202733813/3041108070;r=46;lambda=3/539;tail=26;scan=8;controls=2;cover=()
LEAF;E=(1, 6, 8, 9, 10, 11, 14);rank=3;a=26;P=(19, 17, 26);K4=(23, 60, 72, 74);m=135825577/2146664520;r=44;lambda=1/120;tail=18;scan=2;controls=2;cover=()
LEAF;E=(1, 6, 8, 9, 10, 11, 14);rank=3;a=26;P=(19, 17, 26);K4=(23, 60, 72, 154);m=821005/11603592;r=54;lambda=3/539;tail=26;scan=8;controls=2;cover=()
LEAF;E=(1, 6, 8, 9, 10, 11, 14);rank=3;a=26;P=(19, 17, 26);K4=(23, 60, 74, 154);m=49429871/715554840;r=48;lambda=3/539;tail=26;scan=8;controls=2;cover=()
LEAF;E=(1, 6, 8, 9, 10, 11, 14);rank=3;a=26;P=(19, 17, 26);K4=(23, 72, 74, 154);m=30265451/429332904;r=48;lambda=3/539;tail=26;scan=8;controls=2;cover=()
LEAF;E=(1, 6, 8, 9, 10, 11, 14);rank=3;a=26;P=(19, 17, 26);K4=(25, 29, 34, 38);m=1026684374/14767778025;r=30;lambda=1/182;tail=27;scan=8;controls=2;cover=()
LEAF;E=(1, 6, 8, 9, 10, 11, 14);rank=3;a=26;P=(19, 17, 26);K4=(25, 29, 38, 46);m=2917738309/39959869950;r=34;lambda=1/133;tail=20;scan=3;controls=2;cover=()
LEAF;E=(1, 6, 8, 9, 10, 11, 14);rank=3;a=26;P=(19, 17, 26);K4=(25, 29, 38, 60);m=448913219/6949542600;r=34;lambda=1/182;tail=27;scan=8;controls=2;cover=()
LEAF;E=(1, 6, 8, 9, 10, 11, 14);rank=3;a=26;P=(19, 17, 26);K4=(25, 29, 38, 74);m=117371461/1691664975;r=34;lambda=1/133;tail=20;scan=3;controls=2;cover=()
LEAF;E=(1, 6, 8, 9, 10, 11, 14);rank=3;a=26;P=(19, 17, 26);K4=(29, 34, 38, 46);m=4524868661/67931778915;r=36;lambda=1/238;tail=35;scan=15;controls=2;cover=()
LEAF;E=(1, 6, 8, 9, 10, 11, 14);rank=3;a=26;P=(19, 17, 26);K4=(29, 34, 38, 60);m=1584163223/23628444840;r=34;lambda=1/182;tail=27;scan=9;controls=2;cover=()
LEAF;E=(1, 6, 8, 9, 10, 11, 14);rank=3;a=26;P=(19, 17, 26);K4=(29, 34, 38, 74);m=15532936103/218563114770;r=36;lambda=73/15428;tail=31;scan=12;controls=2;cover=()
LEAF;E=(1, 6, 8, 9, 10, 11, 14);rank=3;a=26;P=(19, 17, 26);K4=(29, 38, 46, 60);m=2029656683/31967895960;r=42;lambda=17/4060;tail=35;scan=16;controls=2;cover=()
LEAF;E=(1, 6, 8, 9, 10, 11, 14);rank=3;a=26;P=(19, 17, 26);K4=(29, 38, 46, 74);m=912536543/13441047165;r=40;lambda=1/133;tail=20;scan=3;controls=2;cover=()
LEAF;E=(1, 6, 8, 9, 10, 11, 14);rank=3;a=26;P=(19, 17, 26);K4=(29, 38, 60, 74);m=3263610193/51426615240;r=36;lambda=73/15428;tail=31;scan=12;controls=2;cover=()
LEAF;E=(1, 6, 8, 9, 10, 11, 14);rank=3;a=26;P=(19, 17, 26);K4=(25, 29, 34, 46);m=1202251552/17876783925;r=32;lambda=22/5075;tail=33;scan=13;controls=2;cover=()
LEAF;E=(1, 6, 8, 9, 10, 11, 14);rank=3;a=26;P=(19, 17, 26);K4=(25, 29, 34, 60);m=389974087/6218011800;r=26;lambda=1/182;tail=27;scan=8;controls=2;cover=()
LEAF;E=(1, 6, 8, 9, 10, 11, 14);rank=3;a=26;P=(19, 17, 26);K4=(25, 29, 34, 72);m=110143927/1554502950;r=30;lambda=22/5075;tail=33;scan=13;controls=2;cover=()
LEAF;E=(1, 6, 8, 9, 10, 11, 14);rank=3;a=26;P=(19, 17, 26);K4=(25, 29, 34, 74);m=132460943/1983331350;r=32;lambda=22/5075;tail=33;scan=13;controls=2;cover=()
LEAF;E=(1, 6, 8, 9, 10, 11, 14);rank=3;a=26;P=(19, 17, 26);K4=(25, 29, 46, 60);m=619166707/8412604200;r=32;lambda=57/6440;tail=17;scan=2;controls=2;cover=()
LEAF;E=(1, 6, 8, 9, 10, 11, 14);rank=3;a=26;P=(19, 17, 26);K4=(25, 29, 46, 72);m=598783571/8412604200;r=38;lambda=1/144;tail=21;scan=4;controls=2;cover=()
LEAF;E=(1, 6, 8, 9, 10, 11, 14);rank=3;a=26;P=(19, 17, 26);K4=(25, 29, 46, 74);m=238694803/3112663554;r=36;lambda=2/259;tail=19;scan=3;controls=2;cover=()
LEAF;E=(1, 6, 8, 9, 10, 11, 14);rank=3;a=26;P=(19, 17, 26);K4=(25, 29, 60, 72);m=1638487/24384360;r=38;lambda=17/4060;tail=35;scan=15;controls=2;cover=()
LEAF;E=(1, 6, 8, 9, 10, 11, 14);rank=3;a=26;P=(19, 17, 26);K4=(25, 29, 60, 74);m=16555871/246060360;r=28;lambda=11/1680;tail=22;scan=5;controls=2;cover=()
LEAF;E=(1, 6, 8, 9, 10, 11, 14);rank=3;a=26;P=(19, 17, 26);K4=(25, 29, 72, 74);m=39396349/563888325;r=38;lambda=1/144;tail=21;scan=4;controls=2;cover=()
LEAF;E=(1, 6, 8, 9, 10, 11, 14);rank=3;a=26;P=(19, 17, 26);K4=(29, 34, 46, 60);m=136417447/2200219560;r=38;lambda=11/2737;tail=36;scan=16;controls=2;cover=()
LEAF;E=(1, 6, 8, 9, 10, 11, 14);rank=3;a=26;P=(19, 17, 26);K4=(29, 34, 46, 72);m=71115257/1100109780;r=40;lambda=55/9744;tail=26;scan=9;controls=2;cover=()
LEAF;E=(1, 6, 8, 9, 10, 11, 14);rank=3;a=26;P=(19, 17, 26);K4=(29, 34, 46, 74);m=8640711293/132288201045;r=42;lambda=1/116;tail=17;scan=2;controls=2;cover=()
LEAF;E=(1, 6, 8, 9, 10, 11, 14);rank=3;a=26;P=(19, 17, 26);K4=(29, 34, 60, 72);m=6867059/95661720;r=36;lambda=23/3248;tail=21;scan=4;controls=2;cover=()
LEAF;E=(1, 6, 8, 9, 10, 11, 14);rank=3;a=26;P=(19, 17, 26);K4=(29, 34, 60, 74);m=2972805677/46013287320;r=36;lambda=191/30044;tail=23;scan=6;controls=2;cover=()
LEAF;E=(1, 6, 8, 9, 10, 11, 14);rank=3;a=26;P=(19, 17, 26);K4=(29, 34, 72, 74);m=3326397433/46013287320;r=40;lambda=191/30044;tail=23;scan=6;controls=2;cover=()
LEAF;E=(1, 6, 8, 9, 10, 11, 14);rank=3;a=26;P=(19, 17, 26);K4=(29, 46, 60, 72);m=141193/2231460;r=48;lambda=17/4060;tail=35;scan=16;controls=2;cover=()
LEAF;E=(1, 6, 8, 9, 10, 11, 14);rank=3;a=26;P=(19, 17, 26);K4=(29, 46, 60, 74);m=4175506061/62253271080;r=40;lambda=17/4060;tail=35;scan=16;controls=2;cover=()
LEAF;E=(1, 6, 8, 9, 10, 11, 14);rank=3;a=26;P=(19, 17, 26);K4=(29, 46, 72, 74);m=60516541/943231380;r=48;lambda=1/144;tail=21;scan=4;controls=2;cover=()
LEAF;E=(1, 6, 8, 9, 10, 11, 14);rank=3;a=26;P=(19, 17, 26);K4=(29, 60, 72, 74);m=59937959/902221320;r=42;lambda=191/30044;tail=23;scan=6;controls=2;cover=()
LEAF;E=(1, 6, 8, 9, 10, 11, 14);rank=3;a=26;P=(19, 17, 26);K4=(25, 34, 38, 46);m=819513692/11712375675;r=32;lambda=11/2100;tail=28;scan=9;controls=2;cover=()
LEAF;E=(1, 6, 8, 9, 10, 11, 14);rank=3;a=26;P=(19, 17, 26);K4=(25, 34, 38, 60);m=256848587/4073869800;r=30;lambda=1/182;tail=27;scan=8;controls=2;cover=()
LEAF;E=(1, 6, 8, 9, 10, 11, 14);rank=3;a=26;P=(19, 17, 26);K4=(25, 34, 38, 74);m=1293685576/18841647825;r=34;lambda=1/238;tail=35;scan=15;controls=2;cover=()
LEAF;E=(1, 6, 8, 9, 10, 11, 14);rank=3;a=26;P=(19, 17, 26);K4=(25, 34, 38, 154);m=4038313/59909850;r=50;lambda=199/53900;tail=39;scan=18;controls=2;cover=()
LEAF;E=(1, 6, 8, 9, 10, 11, 14);rank=3;a=26;P=(19, 17, 26);K4=(25, 38, 46, 60);m=72494959/1102341240;r=38;lambda=1/230;tail=33;scan=14;controls=2;cover=()
LEAF;E=(1, 6, 8, 9, 10, 11, 14);rank=3;a=26;P=(19, 17, 26);K4=(25, 38, 46, 74);m=1829160667/25491641175;r=38;lambda=1/133;tail=20;scan=3;controls=2;cover=()
LEAF;E=(1, 6, 8, 9, 10, 11, 14);rank=3;a=26;P=(19, 17, 26);K4=(25, 38, 46, 154);m=47987416/688963275;r=56;lambda=39/10241;tail=38;scan=19;controls=2;cover=()
LEAF;E=(1, 6, 8, 9, 10, 11, 14);rank=3;a=26;P=(19, 17, 26);K4=(25, 38, 60, 74);m=52165727/806059800;r=32;lambda=1/120;tail=18;scan=2;controls=2;cover=()
LEAF;E=(1, 6, 8, 9, 10, 11, 14);rank=3;a=26;P=(19, 17, 26);K4=(25, 38, 60, 154);m=1481141/21785400;r=54;lambda=3/539;tail=26;scan=8;controls=2;cover=()
LEAF;E=(1, 6, 8, 9, 10, 11, 14);rank=3;a=26;P=(19, 17, 26);K4=(25, 38, 74, 154);m=4263223/59909850;r=52;lambda=3/539;tail=26;scan=8;controls=2;cover=()
LEAF;E=(1, 6, 8, 9, 10, 11, 14);rank=3;a=26;P=(19, 17, 26);K4=(34, 38, 46, 60);m=152147803/2342475135;r=40;lambda=1/280;tail=41;scan=21;controls=2;cover=()
LEAF;E=(1, 6, 8, 9, 10, 11, 14);rank=3;a=26;P=(19, 17, 26);K4=(34, 38, 46, 74);m=49651453739/693372639960;r=40;lambda=34/5957;tail=26;scan=9;controls=2;cover=()
LEAF;E=(1, 6, 8, 9, 10, 11, 14);rank=3;a=26;P=(19, 17, 26);K4=(34, 38, 46, 154);m=1283451887/18739801080;r=54;lambda=3/539;tail=26;scan=9;controls=2;cover=()
LEAF;E=(1, 6, 8, 9, 10, 11, 14);rank=3;a=26;P=(19, 17, 26);K4=(34, 38, 60, 74);m=522906271/7536659130;r=38;lambda=1/152;tail=22;scan=5;controls=2;cover=()
LEAF;E=(1, 6, 8, 9, 10, 11, 14);rank=3;a=26;P=(19, 17, 26);K4=(34, 38, 60, 154);m=815897/11981970;r=56;lambda=46/10241;tail=32;scan=14;controls=2;cover=()
LEAF;E=(1, 6, 8, 9, 10, 11, 14);rank=3;a=26;P=(19, 17, 26);K4=(34, 38, 74, 154);m=131242829/1773331560;r=56;lambda=181/39886;tail=32;scan=14;controls=2;cover=()
LEAF;E=(1, 6, 8, 9, 10, 11, 14);rank=3;a=26;P=(19, 17, 26);K4=(38, 46, 60, 74);m=1290766289/20393312940;r=44;lambda=1/230;tail=33;scan=15;controls=2;cover=()
LEAF;E=(1, 6, 8, 9, 10, 11, 14);rank=3;a=26;P=(19, 17, 26);K4=(38, 46, 60, 154);m=34271/527436;r=62;lambda=39/10241;tail=38;scan=20;controls=2;cover=()
LEAF;E=(1, 6, 8, 9, 10, 11, 14);rank=3;a=26;P=(19, 17, 26);K4=(38, 46, 74, 154);m=562161335/8157325176;r=58;lambda=181/39886;tail=32;scan=14;controls=2;cover=()
LEAF;E=(1, 6, 8, 9, 10, 11, 14);rank=3;a=26;P=(19, 17, 26);K4=(38, 60, 74, 154);m=61128667/886665780;r=56;lambda=3/539;tail=26;scan=9;controls=2;cover=()
LEAF;E=(1, 6, 8, 9, 10, 11, 14);rank=3;a=26;P=(19, 17, 26);K4=(25, 34, 46, 60);m=59838299/986305320;r=32;lambda=11/2184;tail=29;scan=10;controls=2;cover=()
LEAF;E=(1, 6, 8, 9, 10, 11, 14);rank=3;a=26;P=(19, 17, 26);K4=(25, 34, 46, 72);m=328331099/4931526600;r=34;lambda=61/9100;tail=22;scan=5;controls=2;cover=()
LEAF;E=(1, 6, 8, 9, 10, 11, 14);rank=3;a=26;P=(19, 17, 26);K4=(25, 34, 46, 74);m=1504072124/22808310525;r=38;lambda=139/25900;tail=27;scan=8;controls=2;cover=()
LEAF;E=(1, 6, 8, 9, 10, 11, 14);rank=3;a=26;P=(19, 17, 26);K4=(25, 34, 46, 154);m=82811779/1232881650;r=48;lambda=269/53900;tail=29;scan=10;controls=2;cover=()
LEAF;E=(1, 6, 8, 9, 10, 11, 14);rank=3;a=26;P=(19, 17, 26);K4=(25, 34, 60, 72);m=6995999/107207100;r=30;lambda=11/2184;tail=29;scan=10;controls=2;cover=()
LEAF;E=(1, 6, 8, 9, 10, 11, 14);rank=3;a=26;P=(19, 17, 26);K4=(25, 34, 60, 74);m=40849951/721211400;r=32;lambda=23/6216;tail=39;scan=19;controls=2;cover=()
LEAF;E=(1, 6, 8, 9, 10, 11, 14);rank=3;a=26;P=(19, 17, 26);K4=(25, 34, 60, 154);m=13121063/214414200;r=46;lambda=43/12936;tail=43;scan=23;controls=2;cover=()
LEAF;E=(1, 6, 8, 9, 10, 11, 14);rank=3;a=26;P=(19, 17, 26);K4=(25, 34, 72, 74);m=7447641/110185075;r=36;lambda=139/25900;tail=27;scan=8;controls=2;cover=()
LEAF;E=(1, 6, 8, 9, 10, 11, 14);rank=3;a=26;P=(19, 17, 26);K4=(25, 34, 72, 154);m=81703/1178100;r=46;lambda=269/53900;tail=29;scan=10;controls=2;cover=()
LEAF;E=(1, 6, 8, 9, 10, 11, 14);rank=3;a=26;P=(19, 17, 26);K4=(25, 34, 74, 154);m=2648098/39666627;r=48;lambda=269/53900;tail=29;scan=10;controls=2;cover=()
LEAF;E=(1, 6, 8, 9, 10, 11, 14);rank=3;a=26;P=(19, 17, 26);K4=(25, 46, 60, 72);m=9212839/145044900;r=44;lambda=11/2184;tail=29;scan=10;controls=2;cover=()
LEAF;E=(1, 6, 8, 9, 10, 11, 14);rank=3;a=26;P=(19, 17, 26);K4=(25, 46, 60, 74);m=65532991/975756600;r=36;lambda=1/230;tail=33;scan=14;controls=2;cover=()
LEAF;E=(1, 6, 8, 9, 10, 11, 14);rank=3;a=26;P=(19, 17, 26);K4=(25, 46, 60, 154);m=21546263/290089800;r=50;lambda=3/539;tail=26;scan=8;controls=2;cover=()
LEAF;E=(1, 6, 8, 9, 10, 11, 14);rank=3;a=26;P=(19, 17, 26);K4=(25, 46, 72, 74);m=14217365/214666452;r=46;lambda=1/144;tail=21;scan=4;controls=2;cover=()
LEAF;E=(1, 6, 8, 9, 10, 11, 14);rank=3;a=26;P=(19, 17, 26);K4=(25, 46, 72, 154);m=805859/11603592;r=56;lambda=269/53900;tail=29;scan=10;controls=2;cover=()
LEAF;E=(1, 6, 8, 9, 10, 11, 14);rank=3;a=26;P=(19, 17, 26);K4=(25, 46, 74, 154);m=102635389/1341665325;r=50;lambda=269/53900;tail=29;scan=10;controls=2;cover=()
LEAF;E=(1, 6, 8, 9, 10, 11, 14);rank=3;a=26;P=(19, 17, 26);K4=(25, 60, 72, 74);m=109951/1696968;r=38;lambda=1/120;tail=18;scan=2;controls=2;cover=()
LEAF;E=(1, 6, 8, 9, 10, 11, 14);rank=3;a=26;P=(19, 17, 26);K4=(25, 60, 72, 154);m=60667/840840;r=54;lambda=3/539;tail=26;scan=8;controls=2;cover=()
LEAF;E=(1, 6, 8, 9, 10, 11, 14);rank=3;a=26;P=(19, 17, 26);K4=(25, 60, 74, 154);m=601963/8484840;r=44;lambda=3/539;tail=26;scan=8;controls=2;cover=()
LEAF;E=(1, 6, 8, 9, 10, 11, 14);rank=3;a=26;P=(19, 17, 26);K4=(25, 72, 74, 154);m=2439467/33333300;r=50;lambda=3/539;tail=26;scan=8;controls=2;cover=()
LEAF;E=(1, 6, 8, 9, 10, 11, 14);rank=3;a=26;P=(19, 17, 26);K4=(34, 46, 60, 72);m=7870942/123288165;r=44;lambda=11/2184;tail=29;scan=11;controls=2;cover=()
LEAF;E=(1, 6, 8, 9, 10, 11, 14);rank=3;a=26;P=(19, 17, 26);K4=(34, 46, 60, 74);m=268842316/4561662105;r=48;lambda=23/6216;tail=39;scan=20;controls=2;cover=()
LEAF;E=(1, 6, 8, 9, 10, 11, 14);rank=3;a=26;P=(19, 17, 26);K4=(34, 46, 60, 154);m=7807099/123288165;r=56;lambda=43/12936;tail=43;scan=24;controls=2;cover=()
LEAF;E=(1, 6, 8, 9, 10, 11, 14);rank=3;a=26;P=(19, 17, 26);K4=(34, 46, 72, 74);m=800653517/12164432280;r=48;lambda=83/12432;tail=22;scan=5;controls=2;cover=()
LEAF;E=(1, 6, 8, 9, 10, 11, 14);rank=3;a=26;P=(19, 17, 26);K4=(34, 46, 72, 154);m=66341543/986305320;r=54;lambda=3/539;tail=26;scan=9;controls=2;cover=()
LEAF;E=(1, 6, 8, 9, 10, 11, 14);rank=3;a=26;P=(19, 17, 26);K4=(34, 46, 74, 154);m=2528383601/36493296840;r=56;lambda=3/539;tail=26;scan=9;controls=2;cover=()
LEAF;E=(1, 6, 8, 9, 10, 11, 14);rank=3;a=26;P=(19, 17, 26);K4=(34, 60, 72, 74);m=113384231/1586665080;r=42;lambda=17/2072;tail=18;scan=2;controls=2;cover=()
LEAF;E=(1, 6, 8, 9, 10, 11, 14);rank=3;a=26;P=(19, 17, 26);K4=(34, 60, 72, 154);m=1575967/21441420;r=54;lambda=3/539;tail=26;scan=9;controls=2;cover=()
LEAF;E=(1, 6, 8, 9, 10, 11, 14);rank=3;a=26;P=(19, 17, 26);K4=(34, 60, 74, 154);m=2615092/39666627;r=54;lambda=3/539;tail=26;scan=9;controls=2;cover=()
LEAF;E=(1, 6, 8, 9, 10, 11, 14);rank=3;a=26;P=(19, 17, 26);K4=(34, 72, 74, 154);m=5472241/72121140;r=54;lambda=3/539;tail=26;scan=9;controls=2;cover=()
LEAF;E=(1, 6, 8, 9, 10, 11, 14);rank=3;a=26;P=(19, 17, 26);K4=(46, 60, 72, 74);m=126936697/2146664520;r=54;lambda=1/230;tail=33;scan=15;controls=2;cover=()
LEAF;E=(1, 6, 8, 9, 10, 11, 14);rank=3;a=26;P=(19, 17, 26);K4=(46, 60, 72, 154);m=110155/1657656;r=64;lambda=43/12936;tail=43;scan=25;controls=2;cover=()
LEAF;E=(1, 6, 8, 9, 10, 11, 14);rank=3;a=26;P=(19, 17, 26);K4=(46, 60, 74, 154);m=959437/13939380;r=56;lambda=80/19943;tail=36;scan=18;controls=2;cover=()
LEAF;E=(1, 6, 8, 9, 10, 11, 14);rank=3;a=26;P=(19, 17, 26);K4=(46, 72, 74, 154);m=28700795/429332904;r=60;lambda=3/539;tail=26;scan=9;controls=2;cover=()
LEAF;E=(1, 6, 8, 9, 10, 11, 14);rank=3;a=26;P=(19, 17, 26);K4=(60, 72, 74, 154);m=122516/1666665;r=56;lambda=3/539;tail=26;scan=9;controls=2;cover=()
CORE;E=(1, 6, 9, 10, 12, 13, 14);K=20;rank=5;a=19;P=(22, 33, 16, 66, 19);h=2408/11115;r=36;R3=1450009123/10196656470;theta=253012367/3398885490;level=253012367/6797770980;eps=127881037/20393312940;N=1159;H=19;pairs=171;paid=171;pruned=0;edges=92;ties=0;deg=7;F3=284;N3=1085;tri_checks=255;K4=181;closed=True;order=(31, 110, 17, 77, 117, 58, 115, 74, 25, 55, 54, 32, 78, 23, 29, 37, 44, 75, 156);forward_degrees=(4, 5, 6, 6, 6, 7, 6, 7, 7, 6, 6, 6, 5, 5, 4, 3, 2, 1, 0);Hlabels=(17, 23, 25, 29, 31, 32, 37, 44, 54, 55, 58, 74, 75, 77, 78, 110, 115, 117, 156);weighted_edges=((17, 23, '17524838/212952285'), (17, 29, '9625919/119335580'), (17, 32, '1416599/18517590'), (17, 37, '549893/6717165'), (17, 44, '10630043/135795660'), (17, 55, '557537/7407036'), (23, 25, '20441453/250532100'), (23, 29, '24463225/290617236'), (23, 32, '2736761/30834720'), (23, 37, '84014603/926968770'), (23, 44, '9885943/110234124'), (23, 54, '11385403/150319260'), (23, 55, '44344283/551170620'), (23, 58, '5136193/63177660'), (23, 74, '30392273/370787508'), (23, 75, '1514669/19271700'), (23, 78, '1899011/25053210'), (23, 110, '42665333/551170620'), (23, 117, '759503/10021284'), (23, 156, '775325/10021284'), (25, 31, '128941/1731660'), (25, 32, '7277507/87141600'), (25, 37, '315067/3630900'), (25, 44, '1670563/19969950'), (25, 55, '980579/11981970'), (25, 74, '2554421/33585825'), (25, 77, '16693/219450'), (25, 78, '211804/2723175'), (25, 110, '2290514/29954925'), (25, 156, '45841/605150'), (29, 32, '43268579/505421280'), (29, 37, '3146099/41010060'), (29, 44, '3836345/46330284'), (29, 55, '195893/2429910'), (29, 75, '3969673/52648050'), (29, 77, '889985/11582571'), (29, 78, '2425823/31588830'), (29, 115, '12637993/161454020'), (29, 117, '475117/6317766'), (29, 156, '78418/1052961'), (31, 32, '22049789/270138960'), (31, 37, '3430639/41646423'), (31, 44, '5079892/61906845'), (32, 37, '55616377/644847840'), (32, 44, '16779311/191711520'), (32, 54, '446287/5809440'), (32, 55, '3041989/38342304'), (32, 58, '40204583/505421280'), (32, 74, '26227781/322423920'), (32, 77, '1132517/14747040'), (32, 78, '1413883/17428320'), (32, 110, '3674927/47927880'), (32, 115, '31489361/400851360'), (32, 117, '1310131/17428320'), (32, 156, '346189/4357080'), (37, 44, '8641973/98518420'), (37, 54, '20045327/241817940'), (37, 55, '6045649/68205060'), (37, 58, '59448203/779191140'), (37, 75, '770909/8956220'), (37, 77, '7844393/98518420'), (37, 78, '314572/4030299'), (37, 110, '5508763/68205060'), (37, 115, '9695479/123595836'), (37, 117, '6186017/80605980'), (37, 156, '532976/6717165'), (44, 54, '224491/2765070'), (44, 58, '9363863/115825710'), (44, 74, '2401963/29555526'), (44, 75, '1116301/13313300'), (44, 78, '960737/11981970'), (44, 115, '14315723/183723540'), (44, 117, '357947/4792788'), (44, 156, '129047/1597596'), (54, 55, '259639/3267810'), (54, 74, '4546793/60454485'), (54, 78, '255289/3267810'), (54, 117, '245093/3267810'), (54, 156, '123854/1633905'), (55, 58, '1021679/13364505'), (55, 74, '35410259/443332890'), (55, 75, '4724221/59909850'), (55, 115, '43022711/551170620'), (58, 77, '8627903/115825710'), (58, 78, '1215166/15794415'), (58, 115, '12199529/161454020'), (74, 75, '1065983/13434330'), (75, 78, '40751/544635'), (75, 110, '893957/11981970'), (75, 115, '1273613/16702140'), (75, 156, '271097/3630900'), (77, 78, '458761/5990985'));tie_edges=()
LEAF;E=(1, 6, 9, 10, 12, 13, 14);rank=5;a=19;P=(22, 33, 16, 66, 19);K4=(25, 31, 32, 37);m=185016847/2776428200;r=34;lambda=3/448;tail=22;scan=5;controls=2;cover=()
LEAF;E=(1, 6, 9, 10, 12, 13, 14);rank=5;a=19;P=(22, 33, 16, 66, 19);K4=(25, 31, 32, 44);m=10840629/165084920;r=32;lambda=19/3136;tail=24;scan=6;controls=2;cover=()
LEAF;E=(1, 6, 9, 10, 12, 13, 14);rank=5;a=19;P=(22, 33, 16, 66, 19);K4=(25, 31, 37, 44);m=9266161781/137433195900;r=34;lambda=3/703;tail=34;scan=13;controls=2;cover=()
LEAF;E=(1, 6, 9, 10, 12, 13, 14);rank=5;a=19;P=(22, 33, 16, 66, 19);K4=(31, 32, 37, 44);m=2326803697/36648852240;r=32;lambda=17/3367;tail=29;scan=11;controls=2;cover=()
LEAF;E=(1, 6, 9, 10, 12, 13, 14);rank=5;a=19;P=(22, 33, 16, 66, 19);K4=(23, 25, 32, 110);m=531589523/7348941600;r=44;lambda=11/2100;tail=28;scan=8;controls=2;cover=()
LEAF;E=(1, 6, 9, 10, 12, 13, 14);rank=5;a=19;P=(22, 33, 16, 66, 19);K4=(25, 32, 37, 110);m=1690133/23931600;r=44;lambda=43/8140;tail=28;scan=9;controls=2;cover=()
LEAF;E=(1, 6, 9, 10, 12, 13, 14);rank=5;a=19;P=(22, 33, 16, 66, 19);K4=(23, 25, 37, 110);m=1226058059/16994427450;r=44;lambda=39/8140;tail=30;scan=10;controls=2;cover=()
LEAF;E=(1, 6, 9, 10, 12, 13, 14);rank=5;a=19;P=(22, 33, 16, 66, 19);K4=(23, 32, 37, 110);m=101693237/1469788320;r=38;lambda=139/24640;tail=26;scan=7;controls=2;cover=()
LEAF;E=(1, 6, 9, 10, 12, 13, 14);rank=5;a=19;P=(22, 33, 16, 66, 19);K4=(23, 37, 75, 110);m=635866684/8497213725;r=46;lambda=131/23100;tail=26;scan=7;controls=2;cover=()
LEAF;E=(1, 6, 9, 10, 12, 13, 14);rank=5;a=19;P=(22, 33, 16, 66, 19);K4=(17, 23, 32, 55);m=528406/6789783;r=32;lambda=13/1932;tail=22;scan=4;controls=2;cover=()
LEAF;E=(1, 6, 9, 10, 12, 13, 14);rank=5;a=19;P=(22, 33, 16, 66, 19);K4=(17, 29, 32, 55);m=182255189/2423430240;r=40;lambda=1/145;tail=21;scan=3;controls=2;cover=()
LEAF;E=(1, 6, 9, 10, 12, 13, 14);rank=5;a=19;P=(22, 33, 16, 66, 19);K4=(17, 32, 37, 55);m=119653139/1545981360;r=40;lambda=5/703;tail=21;scan=3;controls=2;cover=()
LEAF;E=(1, 6, 9, 10, 12, 13, 14);rank=5;a=19;P=(22, 33, 16, 66, 19);K4=(17, 23, 29, 55);m=39052891/532798266;r=32;lambda=3/308;tail=15;scan=0;controls=0;cover=()
LEAF;E=(1, 6, 9, 10, 12, 13, 14);rank=5;a=19;P=(22, 33, 16, 66, 19);K4=(17, 23, 37, 55);m=7880235211/115562106660;r=34;lambda=71/10780;tail=22;scan=4;controls=2;cover=()
LEAF;E=(1, 6, 9, 10, 12, 13, 14);rank=5;a=19;P=(22, 33, 16, 66, 19);K4=(17, 29, 37, 55);m=215439478/2802091215;r=40;lambda=6/1295;tail=31;scan=11;controls=2;cover=()
LEAF;E=(1, 6, 9, 10, 12, 13, 14);rank=5;a=19;P=(22, 33, 16, 66, 19);K4=(17, 23, 29, 32);m=4364010701/65873240160;r=32;lambda=25/3857;tail=23;scan=4;controls=2;cover=()
LEAF;E=(1, 6, 9, 10, 12, 13, 14);rank=5;a=19;P=(22, 33, 16, 66, 19);K4=(17, 23, 32, 37);m=2814787799/42022584240;r=32;lambda=113/16576;tail=21;scan=3;controls=2;cover=()
LEAF;E=(1, 6, 9, 10, 12, 13, 14);rank=5;a=19;P=(22, 33, 16, 66, 19);K4=(17, 23, 32, 44);m=1706394629/24986401440;r=30;lambda=13/1932;tail=22;scan=4;controls=2;cover=()
LEAF;E=(1, 6, 9, 10, 12, 13, 14);rank=5;a=19;P=(22, 33, 16, 66, 19);K4=(17, 29, 32, 37);m=637591723/8151538080;r=36;lambda=99/16576;tail=24;scan=5;controls=2;cover=()
LEAF;E=(1, 6, 9, 10, 12, 13, 14);rank=5;a=19;P=(22, 33, 16, 66, 19);K4=(17, 29, 32, 44);m=2212702067/31504593120;r=34;lambda=37/4928;tail=20;scan=2;controls=2;cover=()
LEAF;E=(1, 6, 9, 10, 12, 13, 14);rank=5;a=19;P=(22, 33, 16, 66, 19);K4=(17, 32, 37, 44);m=270566111/3654137760;r=32;lambda=99/16576;tail=24;scan=5;controls=2;cover=()
LEAF;E=(1, 6, 9, 10, 12, 13, 14);rank=5;a=19;P=(22, 33, 16, 66, 19);K4=(17, 23, 29, 37);m=4407296651/60932747148;r=28;lambda=29/4403;tail=22;scan=4;controls=2;cover=()
LEAF;E=(1, 6, 9, 10, 12, 13, 14);rank=5;a=19;P=(22, 33, 16, 66, 19);K4=(17, 23, 29, 44);m=6400662293/90575705220;r=28;lambda=29/3080;tail=16;scan=1;controls=1;cover=()
LEAF;E=(1, 6, 9, 10, 12, 13, 14);rank=5;a=19;P=(22, 33, 16, 66, 19);K4=(17, 23, 37, 44);m=1517000369/23112421332;r=28;lambda=27/4312;tail=23;scan=4;controls=2;cover=()
LEAF;E=(1, 6, 9, 10, 12, 13, 14);rank=5;a=19;P=(22, 33, 16, 66, 19);K4=(17, 29, 37, 44);m=621314563/7947749628;r=32;lambda=50/4403;tail=13;scan=0;controls=0;cover=()
LEAF;E=(1, 6, 9, 10, 12, 13, 14);rank=5;a=19;P=(22, 33, 16, 66, 19);K4=(32, 58, 77, 78);m=4544361/61773712;r=60;lambda=369/62524;tail=25;scan=7;controls=2;cover=()
LEAF;E=(1, 6, 9, 10, 12, 13, 14);rank=5;a=19;P=(22, 33, 16, 66, 19);K4=(32, 37, 58, 77);m=286721423/3608885280;r=54;lambda=41/10556;tail=37;scan=17;controls=2;cover=()
LEAF;E=(1, 6, 9, 10, 12, 13, 14);rank=5;a=19;P=(22, 33, 16, 66, 19);K4=(37, 58, 77, 78);m=60365163/714258545;r=54;lambda=85/15834;tail=27;scan=9;controls=2;cover=()
LEAF;E=(1, 6, 9, 10, 12, 13, 14);rank=5;a=19;P=(22, 33, 16, 66, 19);K4=(25, 32, 77, 78);m=24003949/319519200;r=46;lambda=15/2156;tail=21;scan=4;controls=2;cover=()
LEAF;E=(1, 6, 9, 10, 12, 13, 14);rank=5;a=19;P=(22, 33, 16, 66, 19);K4=(25, 32, 37, 77);m=428561489/5911105200;r=44;lambda=47/13475;tail=41;scan=19;controls=2;cover=()
LEAF;E=(1, 6, 9, 10, 12, 13, 14);rank=5;a=19;P=(22, 33, 16, 66, 19);K4=(25, 37, 77, 78);m=19139293/246296050;r=46;lambda=90/19943;tail=32;scan=13;controls=2;cover=()
LEAF;E=(1, 6, 9, 10, 12, 13, 14);rank=5;a=19;P=(22, 33, 16, 66, 19);K4=(29, 32, 77, 78);m=45068531/617737120;r=52;lambda=73/15631;tail=31;scan=12;controls=2;cover=()
LEAF;E=(1, 6, 9, 10, 12, 13, 14);rank=5;a=19;P=(22, 33, 16, 66, 19);K4=(32, 37, 77, 78);m=31340349/394073680;r=50;lambda=185/34496;tail=27;scan=9;controls=2;cover=()
LEAF;E=(1, 6, 9, 10, 12, 13, 14);rank=5;a=19;P=(22, 33, 16, 66, 19);K4=(29, 32, 37, 77);m=286862447/3608885280;r=48;lambda=5/1344;tail=39;scan=17;controls=2;cover=()
LEAF;E=(1, 6, 9, 10, 12, 13, 14);rank=5;a=19;P=(22, 33, 16, 66, 19);K4=(29, 37, 77, 78);m=26501386/306110805;r=48;lambda=3/364;tail=18;scan=2;controls=2;cover=()
LEAF;E=(1, 6, 9, 10, 12, 13, 14);rank=5;a=19;P=(22, 33, 16, 66, 19);K4=(23, 32, 54, 117);m=104207407/1202554080;r=44;lambda=31/5187;tail=24;scan=5;controls=2;cover=()
LEAF;E=(1, 6, 9, 10, 12, 13, 14);rank=5;a=19;P=(22, 33, 16, 66, 19);K4=(32, 37, 54, 117);m=2778359/33939360;r=50;lambda=37/9828;tail=38;scan=17;controls=2;cover=()
LEAF;E=(1, 6, 9, 10, 12, 13, 14);rank=5;a=19;P=(22, 33, 16, 66, 19);K4=(32, 44, 54, 117);m=15618233/191711520;r=44;lambda=7/1672;tail=35;scan=15;controls=2;cover=()
LEAF;E=(1, 6, 9, 10, 12, 13, 14);rank=5;a=19;P=(22, 33, 16, 66, 19);K4=(23, 37, 54, 117);m=325987/3961405;r=42;lambda=19/2691;tail=21;scan=4;controls=2;cover=()
LEAF;E=(1, 6, 9, 10, 12, 13, 14);rank=5;a=19;P=(22, 33, 16, 66, 19);K4=(23, 44, 54, 117);m=47055773/551170620;r=40;lambda=19/2691;tail=21;scan=4;controls=2;cover=()
LEAF;E=(1, 6, 9, 10, 12, 13, 14);rank=5;a=19;P=(22, 33, 16, 66, 19);K4=(37, 44, 54, 117);m=107441813/1329998670;r=42;lambda=2/273;tail=20;scan=3;controls=2;cover=()
LEAF;E=(1, 6, 9, 10, 12, 13, 14);rank=5;a=19;P=(22, 33, 16, 66, 19);K4=(23, 29, 32, 117);m=439712363/5812344720;r=44;lambda=31/5187;tail=24;scan=5;controls=2;cover=()
LEAF;E=(1, 6, 9, 10, 12, 13, 14);rank=5;a=19;P=(22, 33, 16, 66, 19);K4=(23, 32, 37, 117);m=365518651/4943833440;r=42;lambda=271/52416;tail=28;scan=9;controls=2;cover=()
LEAF;E=(1, 6, 9, 10, 12, 13, 14);rank=5;a=19;P=(22, 33, 16, 66, 19);K4=(23, 32, 44, 117);m=334766359/4409364960;r=40;lambda=14/2691;tail=28;scan=9;controls=2;cover=()
LEAF;E=(1, 6, 9, 10, 12, 13, 14);rank=5;a=19;P=(22, 33, 16, 66, 19);K4=(29, 32, 37, 117);m=784718477/9350293680;r=48;lambda=271/52416;tail=28;scan=10;controls=2;cover=()
LEAF;E=(1, 6, 9, 10, 12, 13, 14);rank=5;a=19;P=(22, 33, 16, 66, 19);K4=(29, 32, 44, 117);m=428833177/5559634080;r=46;lambda=61/10296;tail=25;scan=7;controls=2;cover=()
LEAF;E=(1, 6, 9, 10, 12, 13, 14);rank=5;a=19;P=(22, 33, 16, 66, 19);K4=(32, 37, 44, 117);m=565515631/7093326240;r=40;lambda=23/4329;tail=27;scan=9;controls=2;cover=()
LEAF;E=(1, 6, 9, 10, 12, 13, 14);rank=5;a=19;P=(22, 33, 16, 66, 19);K4=(23, 29, 37, 117);m=129798203/1493449685;r=36;lambda=31/4329;tail=20;scan=3;controls=2;cover=()
LEAF;E=(1, 6, 9, 10, 12, 13, 14);rank=5;a=19;P=(22, 33, 16, 66, 19);K4=(23, 29, 44, 117);m=632621153/7991973990;r=44;lambda=19/2691;tail=21;scan=4;controls=2;cover=()
LEAF;E=(1, 6, 9, 10, 12, 13, 14);rank=5;a=19;P=(22, 33, 16, 66, 19);K4=(23, 37, 44, 117);m=10014232/130726365;r=36;lambda=19/2691;tail=21;scan=4;controls=2;cover=()
LEAF;E=(1, 6, 9, 10, 12, 13, 14);rank=5;a=19;P=(22, 33, 16, 66, 19);K4=(29, 37, 44, 117);m=2190260881/25713307620;r=42;lambda=2/273;tail=20;scan=3;controls=2;cover=()
LEAF;E=(1, 6, 9, 10, 12, 13, 14);rank=5;a=19;P=(22, 33, 16, 66, 19);K4=(32, 55, 58, 115);m=3279080027/42623861280;r=62;lambda=527/93380;tail=26;scan=8;controls=2;cover=()
LEAF;E=(1, 6, 9, 10, 12, 13, 14);rank=5;a=19;P=(22, 33, 16, 66, 19);K4=(37, 55, 58, 115);m=467798167/5973798740;r=60;lambda=24/5957;tail=36;scan=17;controls=2;cover=()
LEAF;E=(1, 6, 9, 10, 12, 13, 14);rank=5;a=19;P=(22, 33, 16, 66, 19);K4=(32, 37, 58, 115);m=1921529577/23895194960;r=54;lambda=41/10556;tail=37;scan=17;controls=2;cover=()
LEAF;E=(1, 6, 9, 10, 12, 13, 14);rank=5;a=19;P=(22, 33, 16, 66, 19);K4=(32, 44, 58, 115);m=790558787/10655965320;r=56;lambda=41/10556;tail=37;scan=17;controls=2;cover=()
LEAF;E=(1, 6, 9, 10, 12, 13, 14);rank=5;a=19;P=(22, 33, 16, 66, 19);K4=(37, 44, 58, 115);m=49084437487/591406075260;r=54;lambda=6/805;tail=20;scan=3;controls=2;cover=()
LEAF;E=(1, 6, 9, 10, 12, 13, 14);rank=5;a=19;P=(22, 33, 16, 66, 19);K4=(23, 32, 55, 58);m=51830257/734894160;r=44;lambda=3/665;tail=32;scan=13;controls=2;cover=()
LEAF;E=(1, 6, 9, 10, 12, 13, 14);rank=5;a=19;P=(22, 33, 16, 66, 19);K4=(32, 37, 55, 58);m=388717319/5274524640;r=46;lambda=6/1295;tail=31;scan=13;controls=2;cover=()
LEAF;E=(1, 6, 9, 10, 12, 13, 14);rank=5;a=19;P=(22, 33, 16, 66, 19);K4=(23, 37, 55, 58);m=7295943073/98567679210;r=40;lambda=3/703;tail=34;scan=14;controls=2;cover=()
LEAF;E=(1, 6, 9, 10, 12, 13, 14);rank=5;a=19;P=(22, 33, 16, 66, 19);K4=(23, 32, 58, 78);m=305937/4453904;r=48;lambda=85/17472;tail=30;scan=11;controls=2;cover=()
LEAF;E=(1, 6, 9, 10, 12, 13, 14);rank=5;a=19;P=(22, 33, 16, 66, 19);K4=(32, 37, 58, 78);m=32327559/415568608;r=48;lambda=85/17472;tail=30;scan=12;controls=2;cover=()
LEAF;E=(1, 6, 9, 10, 12, 13, 14);rank=5;a=19;P=(22, 33, 16, 66, 19);K4=(32, 44, 58, 78);m=6423103/92660568;r=46;lambda=45/8008;tail=26;scan=8;controls=2;cover=()
LEAF;E=(1, 6, 9, 10, 12, 13, 14);rank=5;a=19;P=(22, 33, 16, 66, 19);K4=(23, 32, 37, 58);m=9817810271/143371169760;r=40;lambda=3/448;tail=22;scan=5;controls=2;cover=()
LEAF;E=(1, 6, 9, 10, 12, 13, 14);rank=5;a=19;P=(22, 33, 16, 66, 19);K4=(23, 32, 44, 58);m=672265927/10655965320;r=44;lambda=7/1672;tail=35;scan=14;controls=2;cover=()
LEAF;E=(1, 6, 9, 10, 12, 13, 14);rank=5;a=19;P=(22, 33, 16, 66, 19);K4=(32, 37, 44, 58);m=306630887/4285551270;r=42;lambda=99/16576;tail=24;scan=6;controls=2;cover=()
LEAF;E=(1, 6, 9, 10, 12, 13, 14);rank=5;a=19;P=(22, 33, 16, 66, 19);K4=(23, 37, 58, 78);m=252563863/2986899370;r=40;lambda=277/40404;tail=21;scan=4;controls=2;cover=()
LEAF;E=(1, 6, 9, 10, 12, 13, 14);rank=5;a=19;P=(22, 33, 16, 66, 19);K4=(23, 44, 58, 78);m=395036423/5327982660;r=44;lambda=85/15834;tail=27;scan=8;controls=2;cover=()
LEAF;E=(1, 6, 9, 10, 12, 13, 14);rank=5;a=19;P=(22, 33, 16, 66, 19);K4=(37, 44, 58, 78);m=176067469/2142775635;r=44;lambda=85/15834;tail=27;scan=9;controls=2;cover=()
LEAF;E=(1, 6, 9, 10, 12, 13, 14);rank=5;a=19;P=(22, 33, 16, 66, 19);K4=(23, 37, 44, 58);m=1399382081/19713535842;r=40;lambda=101/18676;tail=27;scan=8;controls=2;cover=()
LEAF;E=(1, 6, 9, 10, 12, 13, 14);rank=5;a=19;P=(22, 33, 16, 66, 19);K4=(29, 32, 55, 115);m=280590517/3874896480;r=58;lambda=103/23345;tail=33;scan=13;controls=2;cover=()
LEAF;E=(1, 6, 9, 10, 12, 13, 14);rank=5;a=19;P=(22, 33, 16, 66, 19);K4=(32, 37, 55, 115);m=137107403/1812738928;r=54;lambda=169/29785;tail=26;scan=8;controls=2;cover=()
LEAF;E=(1, 6, 9, 10, 12, 13, 14);rank=5;a=19;P=(22, 33, 16, 66, 19);K4=(29, 37, 55, 115);m=5116866199/65711786140;r=56;lambda=24/5957;tail=36;scan=16;controls=2;cover=()
LEAF;E=(1, 6, 9, 10, 12, 13, 14);rank=5;a=19;P=(22, 33, 16, 66, 19);K4=(29, 55, 75, 115);m=679621769/8879971100;r=66;lambda=32/8855;tail=40;scan=20;controls=2;cover=()
LEAF;E=(1, 6, 9, 10, 12, 13, 14);rank=5;a=19;P=(22, 33, 16, 66, 19);K4=(37, 55, 75, 115);m=2395595017/33988854900;r=62;lambda=32/8855;tail=40;scan=20;controls=2;cover=()
LEAF;E=(1, 6, 9, 10, 12, 13, 14);rank=5;a=19;P=(22, 33, 16, 66, 19);K4=(29, 32, 37, 115);m=1909945433/23895194960;r=48;lambda=11/3192;tail=42;scan=20;controls=2;cover=()
LEAF;E=(1, 6, 9, 10, 12, 13, 14);rank=5;a=19;P=(22, 33, 16, 66, 19);K4=(29, 32, 44, 115);m=95745766/1331995665;r=48;lambda=261/70840;tail=39;scan=18;controls=2;cover=()
LEAF;E=(1, 6, 9, 10, 12, 13, 14);rank=5;a=19;P=(22, 33, 16, 66, 19);K4=(32, 37, 44, 115);m=695396213/9063694640;r=42;lambda=129/22792;tail=26;scan=8;controls=2;cover=()
LEAF;E=(1, 6, 9, 10, 12, 13, 14);rank=5;a=19;P=(22, 33, 16, 66, 19);K4=(29, 37, 44, 115);m=24337382339/295703037630;r=46;lambda=6/805;tail=20;scan=3;controls=2;cover=()
LEAF;E=(1, 6, 9, 10, 12, 13, 14);rank=5;a=19;P=(22, 33, 16, 66, 19);K4=(29, 37, 75, 115);m=22803970549/268820943300;r=54;lambda=6/805;tail=20;scan=3;controls=2;cover=()
LEAF;E=(1, 6, 9, 10, 12, 13, 14);rank=5;a=19;P=(22, 33, 16, 66, 19);K4=(29, 44, 75, 115);m=6419921279/79919739900;r=54;lambda=6/805;tail=20;scan=3;controls=2;cover=()
LEAF;E=(1, 6, 9, 10, 12, 13, 14);rank=5;a=19;P=(22, 33, 16, 66, 19);K4=(37, 44, 75, 115);m=1919674741/25491641175;r=50;lambda=6/805;tail=20;scan=3;controls=2;cover=()
LEAF;E=(1, 6, 9, 10, 12, 13, 14);rank=5;a=19;P=(22, 33, 16, 66, 19);K4=(25, 32, 55, 74);m=140360659/1970368400;r=42;lambda=29/5180;tail=26;scan=7;controls=2;cover=()
LEAF;E=(1, 6, 9, 10, 12, 13, 14);rank=5;a=19;P=(22, 33, 16, 66, 19);K4=(23, 25, 55, 74);m=173417449/2265923660;r=38;lambda=103/19684;tail=28;scan=8;controls=2;cover=()
LEAF;E=(1, 6, 9, 10, 12, 13, 14);rank=5;a=19;P=(22, 33, 16, 66, 19);K4=(23, 25, 32, 74);m=292565531/4119861200;r=36;lambda=3/448;tail=22;scan=5;controls=2;cover=()
LEAF;E=(1, 6, 9, 10, 12, 13, 14);rank=5;a=19;P=(22, 33, 16, 66, 19);K4=(25, 32, 44, 74);m=16895261/246296050;r=34;lambda=115/16576;tail=21;scan=4;controls=2;cover=()
LEAF;E=(1, 6, 9, 10, 12, 13, 14);rank=5;a=19;P=(22, 33, 16, 66, 19);K4=(23, 25, 44, 74);m=198123582/2832404575;r=34;lambda=103/19684;tail=28;scan=8;controls=2;cover=()
LEAF;E=(1, 6, 9, 10, 12, 13, 14);rank=5;a=19;P=(22, 33, 16, 66, 19);K4=(32, 54, 55, 74);m=1610140837/21279978720;r=56;lambda=207/56980;tail=40;scan=20;controls=2;cover=()
LEAF;E=(1, 6, 9, 10, 12, 13, 14);rank=5;a=19;P=(22, 33, 16, 66, 19);K4=(23, 54, 55, 74);m=4904510647/61179938820;r=50;lambda=103/19684;tail=28;scan=9;controls=2;cover=()
LEAF;E=(1, 6, 9, 10, 12, 13, 14);rank=5;a=19;P=(22, 33, 16, 66, 19);K4=(23, 32, 55, 74);m=81791251/1182221040;r=44;lambda=123/24640;tail=29;scan=10;controls=2;cover=()
LEAF;E=(1, 6, 9, 10, 12, 13, 14);rank=5;a=19;P=(22, 33, 16, 66, 19);K4=(23, 55, 74, 75);m=853503279/11329618300;r=46;lambda=29/5775;tail=29;scan=10;controls=2;cover=()
LEAF;E=(1, 6, 9, 10, 12, 13, 14);rank=5;a=19;P=(22, 33, 16, 66, 19);K4=(23, 32, 54, 74);m=884142641/11123625240;r=44;lambda=1/189;tail=28;scan=9;controls=2;cover=()
LEAF;E=(1, 6, 9, 10, 12, 13, 14);rank=5;a=19;P=(22, 33, 16, 66, 19);K4=(32, 44, 54, 74);m=374681597/5319994680;r=46;lambda=73/16576;tail=33;scan=14;controls=2;cover=()
LEAF;E=(1, 6, 9, 10, 12, 13, 14);rank=5;a=19;P=(22, 33, 16, 66, 19);K4=(23, 44, 54, 74);m=4716780253/61179938820;r=40;lambda=103/19684;tail=28;scan=9;controls=2;cover=()
LEAF;E=(1, 6, 9, 10, 12, 13, 14);rank=5;a=19;P=(22, 33, 16, 66, 19);K4=(23, 32, 44, 74);m=23187247/367447080;r=36;lambda=81/13468;tail=24;scan=5;controls=2;cover=()
LEAF;E=(1, 6, 9, 10, 12, 13, 14);rank=5;a=19;P=(22, 33, 16, 66, 19);K4=(23, 44, 74, 75);m=239810861/3398885490;r=36;lambda=113/23828;tail=31;scan=12;controls=2;cover=()
LEAF;E=(1, 6, 9, 10, 12, 13, 14);rank=5;a=19;P=(22, 33, 16, 66, 19);K4=(23, 25, 32, 55);m=47075881/668085600;r=34;lambda=11/2100;tail=28;scan=8;controls=2;cover=()
LEAF;E=(1, 6, 9, 10, 12, 13, 14);rank=5;a=19;P=(22, 33, 16, 66, 19);K4=(25, 32, 37, 55);m=58587163/909400800;r=38;lambda=6/1295;tail=31;scan=12;controls=2;cover=()
LEAF;E=(1, 6, 9, 10, 12, 13, 14);rank=5;a=19;P=(22, 33, 16, 66, 19);K4=(23, 25, 37, 55);m=224175979/3398885490;r=34;lambda=3/703;tail=34;scan=13;controls=2;cover=()
LEAF;E=(1, 6, 9, 10, 12, 13, 14);rank=5;a=19;P=(22, 33, 16, 66, 19);K4=(23, 25, 32, 78);m=48886993/668085600;r=36;lambda=191/27300;tail=21;scan=4;controls=2;cover=()
LEAF;E=(1, 6, 9, 10, 12, 13, 14);rank=5;a=19;P=(22, 33, 16, 66, 19);K4=(25, 32, 37, 78);m=1370781/18855200;r=40;lambda=32/6475;tail=29;scan=10;controls=2;cover=()
LEAF;E=(1, 6, 9, 10, 12, 13, 14);rank=5;a=19;P=(22, 33, 16, 66, 19);K4=(25, 32, 44, 78);m=22120499/319519200;r=36;lambda=45/8008;tail=26;scan=7;controls=2;cover=()
LEAF;E=(1, 6, 9, 10, 12, 13, 14);rank=5;a=19;P=(22, 33, 16, 66, 19);K4=(23, 25, 32, 37);m=1589472211/24719167200;r=32;lambda=3/448;tail=22;scan=5;controls=2;cover=()
LEAF;E=(1, 6, 9, 10, 12, 13, 14);rank=5;a=19;P=(22, 33, 16, 66, 19);K4=(23, 25, 32, 44);m=448717517/7348941600;r=34;lambda=11/2100;tail=28;scan=8;controls=2;cover=()
LEAF;E=(1, 6, 9, 10, 12, 13, 14);rank=5;a=19;P=(22, 33, 16, 66, 19);K4=(23, 25, 32, 156);m=50702177/668085600;r=52;lambda=1/182;tail=27;scan=7;controls=2;cover=()
LEAF;E=(1, 6, 9, 10, 12, 13, 14);rank=5;a=19;P=(22, 33, 16, 66, 19);K4=(25, 32, 37, 44);m=757829053/11822210400;r=32;lambda=99/16576;tail=24;scan=6;controls=2;cover=()
LEAF;E=(1, 6, 9, 10, 12, 13, 14);rank=5;a=19;P=(22, 33, 16, 66, 19);K4=(25, 32, 37, 156);m=2158711/28282800;r=50;lambda=31/5824;tail=27;scan=8;controls=2;cover=()
LEAF;E=(1, 6, 9, 10, 12, 13, 14);rank=5;a=19;P=(22, 33, 16, 66, 19);K4=(25, 32, 44, 156);m=1069021/14523600;r=52;lambda=1/182;tail=27;scan=8;controls=2;cover=()
LEAF;E=(1, 6, 9, 10, 12, 13, 14);rank=5;a=19;P=(22, 33, 16, 66, 19);K4=(23, 25, 37, 78);m=41546633/514982650;r=34;lambda=277/40404;tail=21;scan=4;controls=2;cover=()
LEAF;E=(1, 6, 9, 10, 12, 13, 14);rank=5;a=19;P=(22, 33, 16, 66, 19);K4=(23, 25, 44, 78);m=68875187/918617700;r=34;lambda=191/24024;tail=18;scan=2;controls=2;cover=()
LEAF;E=(1, 6, 9, 10, 12, 13, 14);rank=5;a=19;P=(22, 33, 16, 66, 19);K4=(25, 37, 44, 78);m=110013983/1477776300;r=38;lambda=121/27300;tail=33;scan=14;controls=2;cover=()
LEAF;E=(1, 6, 9, 10, 12, 13, 14);rank=5;a=19;P=(22, 33, 16, 66, 19);K4=(23, 25, 37, 44);m=2096719699/33988854900;r=32;lambda=18/4025;tail=32;scan=12;controls=2;cover=()
LEAF;E=(1, 6, 9, 10, 12, 13, 14);rank=5;a=19;P=(22, 33, 16, 66, 19);K4=(23, 25, 37, 156);m=244811929/3089895900;r=46;lambda=1/182;tail=27;scan=7;controls=2;cover=()
LEAF;E=(1, 6, 9, 10, 12, 13, 14);rank=5;a=19;P=(22, 33, 16, 66, 19);K4=(23, 25, 44, 156);m=6823559/91861770;r=52;lambda=1/182;tail=27;scan=7;controls=2;cover=()
LEAF;E=(1, 6, 9, 10, 12, 13, 14);rank=5;a=19;P=(22, 33, 16, 66, 19);K4=(25, 37, 44, 156);m=13398635/177333156;r=56;lambda=89/18200;tail=30;scan=11;controls=2;cover=()
LEAF;E=(1, 6, 9, 10, 12, 13, 14);rank=5;a=19;P=(22, 33, 16, 66, 19);K4=(23, 32, 54, 55);m=131235809/1653511860;r=38;lambda=1/189;tail=28;scan=9;controls=2;cover=()
LEAF;E=(1, 6, 9, 10, 12, 13, 14);rank=5;a=19;P=(22, 33, 16, 66, 19);K4=(32, 37, 54, 55);m=760757507/10639989360;r=46;lambda=5/1344;tail=39;scan=18;controls=2;cover=()
LEAF;E=(1, 6, 9, 10, 12, 13, 14);rank=5;a=19;P=(22, 33, 16, 66, 19);K4=(23, 37, 54, 55);m=2221488287/30589969410;r=40;lambda=8/1155;tail=21;scan=4;controls=2;cover=()
LEAF;E=(1, 6, 9, 10, 12, 13, 14);rank=5;a=19;P=(22, 33, 16, 66, 19);K4=(23, 29, 32, 55);m=274743031/4262386128;r=40;lambda=3/665;tail=32;scan=12;controls=2;cover=()
LEAF;E=(1, 6, 9, 10, 12, 13, 14);rank=5;a=19;P=(22, 33, 16, 66, 19);K4=(23, 32, 37, 55);m=700692277/10876433568;r=36;lambda=123/24640;tail=29;scan=10;controls=2;cover=()
LEAF;E=(1, 6, 9, 10, 12, 13, 14);rank=5;a=19;P=(22, 33, 16, 66, 19);K4=(29, 32, 37, 55);m=386735399/5274524640;r=44;lambda=6/1295;tail=31;scan=12;controls=2;cover=()
LEAF;E=(1, 6, 9, 10, 12, 13, 14);rank=5;a=19;P=(22, 33, 16, 66, 19);K4=(23, 29, 37, 55);m=7253734231/98567679210;r=36;lambda=8/1155;tail=21;scan=4;controls=2;cover=()
LEAF;E=(1, 6, 9, 10, 12, 13, 14);rank=5;a=19;P=(22, 33, 16, 66, 19);K4=(23, 29, 55, 75);m=2020358287/26639913300;r=44;lambda=11/2100;tail=28;scan=9;controls=2;cover=()
LEAF;E=(1, 6, 9, 10, 12, 13, 14);rank=5;a=19;P=(22, 33, 16, 66, 19);K4=(23, 37, 55, 75);m=1156895281/16994427450;r=42;lambda=29/5775;tail=29;scan=10;controls=2;cover=()
LEAF;E=(1, 6, 9, 10, 12, 13, 14);rank=5;a=19;P=(22, 33, 16, 66, 19);K4=(29, 37, 55, 75);m=250483301/3296577900;r=48;lambda=29/5775;tail=29;scan=11;controls=2;cover=()
LEAF;E=(1, 6, 9, 10, 12, 13, 14);rank=5;a=19;P=(22, 33, 16, 66, 19);K4=(23, 32, 54, 78);m=95761079/1202554080;r=38;lambda=31/4914;tail=23;scan=5;controls=2;cover=()
LEAF;E=(1, 6, 9, 10, 12, 13, 14);rank=5;a=19;P=(22, 33, 16, 66, 19);K4=(32, 37, 54, 78);m=152430671/1934543520;r=44;lambda=17/3996;tail=34;scan=14;controls=2;cover=()
LEAF;E=(1, 6, 9, 10, 12, 13, 14);rank=5;a=19;P=(22, 33, 16, 66, 19);K4=(32, 44, 54, 78);m=40425083/575134560;r=40;lambda=1/264;tail=38;scan=18;controls=2;cover=()
LEAF;E=(1, 6, 9, 10, 12, 13, 14);rank=5;a=19;P=(22, 33, 16, 66, 19);K4=(23, 32, 37, 54);m=3355693049/44494500960;r=34;lambda=1/189;tail=28;scan=9;controls=2;cover=()
LEAF;E=(1, 6, 9, 10, 12, 13, 14);rank=5;a=19;P=(22, 33, 16, 66, 19);K4=(23, 32, 44, 54);m=72041929/1017545760;r=34;lambda=1/189;tail=28;scan=9;controls=2;cover=()
LEAF;E=(1, 6, 9, 10, 12, 13, 14);rank=5;a=19;P=(22, 33, 16, 66, 19);K4=(23, 32, 54, 156);m=98279567/1202554080;r=58;lambda=1/182;tail=27;scan=8;controls=2;cover=()
LEAF;E=(1, 6, 9, 10, 12, 13, 14);rank=5;a=19;P=(22, 33, 16, 66, 19);K4=(32, 37, 44, 54);m=1459397813/21279978720;r=38;lambda=5/1344;tail=39;scan=18;controls=2;cover=()
LEAF;E=(1, 6, 9, 10, 12, 13, 14);rank=5;a=19;P=(22, 33, 16, 66, 19);K4=(32, 37, 54, 156);m=19469941/241817940;r=60;lambda=11/2808;tail=37;scan=17;controls=2;cover=()
LEAF;E=(1, 6, 9, 10, 12, 13, 14);rank=5;a=19;P=(22, 33, 16, 66, 19);K4=(32, 44, 54, 156);m=20908597/287567280;r=62;lambda=11/2808;tail=37;scan=17;controls=2;cover=()
LEAF;E=(1, 6, 9, 10, 12, 13, 14);rank=5;a=19;P=(22, 33, 16, 66, 19);K4=(23, 37, 54, 78);m=116631959/1390453155;r=38;lambda=3/364;tail=18;scan=2;controls=2;cover=()
LEAF;E=(1, 6, 9, 10, 12, 13, 14);rank=5;a=19;P=(22, 33, 16, 66, 19);K4=(23, 44, 54, 78);m=133153963/1653511860;r=32;lambda=3/364;tail=18;scan=2;controls=2;cover=()
LEAF;E=(1, 6, 9, 10, 12, 13, 14);rank=5;a=19;P=(22, 33, 16, 66, 19);K4=(37, 44, 54, 78);m=17093756/221666445;r=38;lambda=3/364;tail=18;scan=2;controls=2;cover=()
LEAF;E=(1, 6, 9, 10, 12, 13, 14);rank=5;a=19;P=(22, 33, 16, 66, 19);K4=(23, 37, 44, 54);m=1099243942/15294984705;r=32;lambda=4/483;tail=18;scan=2;controls=2;cover=()
LEAF;E=(1, 6, 9, 10, 12, 13, 14);rank=5;a=19;P=(22, 33, 16, 66, 19);K4=(23, 37, 54, 156);m=115792862/1390453155;r=54;lambda=85/16744;tail=29;scan=10;controls=2;cover=()
LEAF;E=(1, 6, 9, 10, 12, 13, 14);rank=5;a=19;P=(22, 33, 16, 66, 19);K4=(23, 44, 54, 156);m=33328291/413377965;r=54;lambda=1/182;tail=27;scan=8;controls=2;cover=()
LEAF;E=(1, 6, 9, 10, 12, 13, 14);rank=5;a=19;P=(22, 33, 16, 66, 19);K4=(37, 44, 54, 156);m=22975259/295555260;r=62;lambda=1/182;tail=27;scan=9;controls=2;cover=()
LEAF;E=(1, 6, 9, 10, 12, 13, 14);rank=5;a=19;P=(22, 33, 16, 66, 19);K4=(23, 29, 32, 78);m=128452637/1937448240;r=40;lambda=85/17472;tail=30;scan=10;controls=2;cover=()
LEAF;E=(1, 6, 9, 10, 12, 13, 14);rank=5;a=19;P=(22, 33, 16, 66, 19);K4=(23, 32, 37, 78);m=121390649/1647944480;r=36;lambda=113/16576;tail=21;scan=4;controls=2;cover=()
LEAF;E=(1, 6, 9, 10, 12, 13, 14);rank=5;a=19;P=(22, 33, 16, 66, 19);K4=(23, 32, 44, 78);m=97772621/1469788320;r=34;lambda=1/156;tail=23;scan=5;controls=2;cover=()
LEAF;E=(1, 6, 9, 10, 12, 13, 14);rank=5;a=19;P=(22, 33, 16, 66, 19);K4=(29, 32, 37, 78);m=494889721/6233529120;r=44;lambda=85/17472;tail=30;scan=11;controls=2;cover=()
LEAF;E=(1, 6, 9, 10, 12, 13, 14);rank=5;a=19;P=(22, 33, 16, 66, 19);K4=(29, 32, 44, 78);m=1471391/21059220;r=38;lambda=45/8008;tail=26;scan=8;controls=2;cover=()
LEAF;E=(1, 6, 9, 10, 12, 13, 14);rank=5;a=19;P=(22, 33, 16, 66, 19);K4=(32, 37, 44, 78);m=177593149/2364442080;r=34;lambda=129/22792;tail=26;scan=8;controls=2;cover=()
LEAF;E=(1, 6, 9, 10, 12, 13, 14);rank=5;a=19;P=(22, 33, 16, 66, 19);K4=(23, 29, 32, 37);m=9949032479/143371169760;r=34;lambda=3/448;tail=22;scan=5;controls=2;cover=()
LEAF;E=(1, 6, 9, 10, 12, 13, 14);rank=5;a=19;P=(22, 33, 16, 66, 19);K4=(23, 29, 32, 44);m=7340131/121090515;r=36;lambda=7/1672;tail=35;scan=13;controls=2;cover=()
LEAF;E=(1, 6, 9, 10, 12, 13, 14);rank=5;a=19;P=(22, 33, 16, 66, 19);K4=(23, 29, 32, 156);m=45944287/645816080;r=56;lambda=31/5824;tail=27;scan=8;controls=2;cover=()
LEAF;E=(1, 6, 9, 10, 12, 13, 14);rank=5;a=19;P=(22, 33, 16, 66, 19);K4=(23, 32, 37, 44);m=3298758251/54382167840;r=30;lambda=17/3367;tail=29;scan=10;controls=2;cover=()
LEAF;E=(1, 6, 9, 10, 12, 13, 14);rank=5;a=19;P=(22, 33, 16, 66, 19);K4=(23, 32, 37, 156);m=123414377/1647944480;r=50;lambda=31/5824;tail=27;scan=8;controls=2;cover=()
LEAF;E=(1, 6, 9, 10, 12, 13, 14);rank=5;a=19;P=(22, 33, 16, 66, 19);K4=(23, 32, 44, 156);m=33535351/489929440;r=54;lambda=1/182;tail=27;scan=8;controls=2;cover=()
LEAF;E=(1, 6, 9, 10, 12, 13, 14);rank=5;a=19;P=(22, 33, 16, 66, 19);K4=(29, 32, 37, 44);m=607875211/8571102540;r=36;lambda=99/16576;tail=24;scan=6;controls=2;cover=()
LEAF;E=(1, 6, 9, 10, 12, 13, 14);rank=5;a=19;P=(22, 33, 16, 66, 19);K4=(29, 32, 37, 156);m=258516379/3116764560;r=58;lambda=31/5824;tail=27;scan=9;controls=2;cover=()
LEAF;E=(1, 6, 9, 10, 12, 13, 14);rank=5;a=19;P=(22, 33, 16, 66, 19);K4=(29, 32, 44, 156);m=46353113/617737120;r=56;lambda=1/182;tail=27;scan=9;controls=2;cover=()
LEAF;E=(1, 6, 9, 10, 12, 13, 14);rank=5;a=19;P=(22, 33, 16, 66, 19);K4=(32, 37, 44, 156);m=11095507/147777630;r=54;lambda=367/80808;tail=32;scan=14;controls=2;cover=()
LEAF;E=(1, 6, 9, 10, 12, 13, 14);rank=5;a=19;P=(22, 33, 16, 66, 19);K4=(23, 29, 37, 78);m=255297659/2986899370;r=34;lambda=3/364;tail=18;scan=2;controls=2;cover=()
LEAF;E=(1, 6, 9, 10, 12, 13, 14);rank=5;a=19;P=(22, 33, 16, 66, 19);K4=(23, 29, 44, 78);m=67360281/887997110;r=34;lambda=3/364;tail=18;scan=2;controls=2;cover=()
LEAF;E=(1, 6, 9, 10, 12, 13, 14);rank=5;a=19;P=(22, 33, 16, 66, 19);K4=(23, 29, 75, 78);m=3344924/40363505;r=38;lambda=173/27300;tail=23;scan=5;controls=2;cover=()
LEAF;E=(1, 6, 9, 10, 12, 13, 14);rank=5;a=19;P=(22, 33, 16, 66, 19);K4=(23, 37, 44, 78);m=526511311/6797770980;r=30;lambda=3/364;tail=18;scan=2;controls=2;cover=()
LEAF;E=(1, 6, 9, 10, 12, 13, 14);rank=5;a=19;P=(22, 33, 16, 66, 19);K4=(23, 37, 75, 78);m=127461293/1544947950;r=36;lambda=19/2775;tail=21;scan=4;controls=2;cover=()
LEAF;E=(1, 6, 9, 10, 12, 13, 14);rank=5;a=19;P=(22, 33, 16, 66, 19);K4=(23, 44, 75, 78);m=24227043/306205900;r=34;lambda=173/27300;tail=23;scan=5;controls=2;cover=()
LEAF;E=(1, 6, 9, 10, 12, 13, 14);rank=5;a=19;P=(22, 33, 16, 66, 19);K4=(29, 37, 44, 78);m=716205233/8571102540;r=38;lambda=3/364;tail=18;scan=2;controls=2;cover=()
LEAF;E=(1, 6, 9, 10, 12, 13, 14);rank=5;a=19;P=(22, 33, 16, 66, 19);K4=(29, 37, 75, 78);m=6797755/77919114;r=42;lambda=173/27300;tail=23;scan=5;controls=2;cover=()
LEAF;E=(1, 6, 9, 10, 12, 13, 14);rank=5;a=19;P=(22, 33, 16, 66, 19);K4=(29, 44, 75, 78);m=30900761/386085700;r=40;lambda=173/27300;tail=23;scan=5;controls=2;cover=()
LEAF;E=(1, 6, 9, 10, 12, 13, 14);rank=5;a=19;P=(22, 33, 16, 66, 19);K4=(37, 44, 75, 78);m=28248644/369444075;r=38;lambda=173/27300;tail=23;scan=5;controls=2;cover=()
LEAF;E=(1, 6, 9, 10, 12, 13, 14);rank=5;a=19;P=(22, 33, 16, 66, 19);K4=(23, 29, 37, 44);m=14133262931/197135358420;r=32;lambda=4/483;tail=18;scan=2;controls=2;cover=()
LEAF;E=(1, 6, 9, 10, 12, 13, 14);rank=5;a=19;P=(22, 33, 16, 66, 19);K4=(23, 29, 37, 75);m=3524835719/44803490550;r=36;lambda=1/140;tail=21;scan=4;controls=2;cover=()
LEAF;E=(1, 6, 9, 10, 12, 13, 14);rank=5;a=19;P=(22, 33, 16, 66, 19);K4=(23, 29, 37, 156);m=760485463/8960698110;r=50;lambda=1/182;tail=27;scan=8;controls=2;cover=()
LEAF;E=(1, 6, 9, 10, 12, 13, 14);rank=5;a=19;P=(22, 33, 16, 66, 19);K4=(23, 29, 44, 75);m=1952746673/26639913300;r=38;lambda=11/1725;tail=23;scan=5;controls=2;cover=()
LEAF;E=(1, 6, 9, 10, 12, 13, 14);rank=5;a=19;P=(22, 33, 16, 66, 19);K4=(23, 29, 44, 156);m=34129481/443998555;r=54;lambda=1/182;tail=27;scan=8;controls=2;cover=()
LEAF;E=(1, 6, 9, 10, 12, 13, 14);rank=5;a=19;P=(22, 33, 16, 66, 19);K4=(23, 29, 75, 156);m=102040943/1210905150;r=54;lambda=1/182;tail=27;scan=8;controls=2;cover=()
LEAF;E=(1, 6, 9, 10, 12, 13, 14);rank=5;a=19;P=(22, 33, 16, 66, 19);K4=(23, 37, 44, 75);m=446025599/6797770980;r=34;lambda=11/1725;tail=23;scan=5;controls=2;cover=()
LEAF;E=(1, 6, 9, 10, 12, 13, 14);rank=5;a=19;P=(22, 33, 16, 66, 19);K4=(23, 37, 44, 156);m=504299779/6797770980;r=50;lambda=85/16744;tail=29;scan=10;controls=2;cover=()
LEAF;E=(1, 6, 9, 10, 12, 13, 14);rank=5;a=19;P=(22, 33, 16, 66, 19);K4=(23, 37, 75, 156);m=82428531/1029965300;r=52;lambda=1/182;tail=27;scan=8;controls=2;cover=()
LEAF;E=(1, 6, 9, 10, 12, 13, 14);rank=5;a=19;P=(22, 33, 16, 66, 19);K4=(23, 44, 75, 156);m=71671393/918617700;r=52;lambda=269/50232;tail=27;scan=8;controls=2;cover=()
LEAF;E=(1, 6, 9, 10, 12, 13, 14);rank=5;a=19;P=(22, 33, 16, 66, 19);K4=(29, 37, 44, 75);m=523507849/6766659900;r=38;lambda=2/175;tail=13;scan=0;controls=0;cover=()
LEAF;E=(1, 6, 9, 10, 12, 13, 14);rank=5;a=19;P=(22, 33, 16, 66, 19);K4=(29, 37, 44, 156);m=164695427/1977946740;r=60;lambda=1/182;tail=27;scan=9;controls=2;cover=()
LEAF;E=(1, 6, 9, 10, 12, 13, 14);rank=5;a=19;P=(22, 33, 16, 66, 19);K4=(29, 37, 75, 156);m=1025522033/11687867100;r=60;lambda=1/182;tail=27;scan=9;controls=2;cover=()
LEAF;E=(1, 6, 9, 10, 12, 13, 14);rank=5;a=19;P=(22, 33, 16, 66, 19);K4=(29, 44, 75, 156);m=2616359/31588830;r=58;lambda=1/182;tail=27;scan=9;controls=2;cover=()
LEAF;E=(1, 6, 9, 10, 12, 13, 14);rank=5;a=19;P=(22, 33, 16, 66, 19);K4=(37, 44, 75, 156);m=33286493/443332890;r=60;lambda=1/182;tail=27;scan=9;controls=2;cover=()
CORE;E=(1, 9, 10, 11, 12, 13, 14);K=21;rank=5;a=17;P=(23, 16, 19, 46, 17);h=18337/97461;r=32;R3=22228504622/178301488365;theta=3772798361/59433829455;level=3772798361/118867658910;eps=12134966171/2496220837110;N=1329;H=19;pairs=171;paid=171;pruned=0;edges=91;ties=0;deg=7;F3=285;N3=1731;tri_checks=263;K4=256;closed=True;order=(175, 115, 74, 78, 111, 156, 38, 62, 125, 35, 182, 25, 29, 31, 32, 37, 53, 69, 120);forward_degrees=(3, 4, 6, 6, 6, 6, 7, 6, 6, 7, 6, 7, 6, 5, 4, 3, 2, 1, 0);Hlabels=(25, 29, 31, 32, 35, 37, 38, 53, 62, 69, 74, 78, 111, 115, 120, 125, 156, 175, 182);weighted_edges=((25, 29, '23103921/345445100'), (25, 31, '3827086/55390335'), (25, 32, '15649241/214414200'), (25, 35, '551101/7657650'), (25, 37, '144303613/1983331350'), (25, 38, '34450301/509233725'), (25, 53, '65458607/946996050'), (25, 69, '54463789/821921100'), (25, 74, '87765031/1322220900'), (25, 78, '1757131/26801775'), (25, 111, '28985039/440740300'), (25, 120, '14338721/214414200'), (29, 31, '11207191/146029065'), (29, 32, '360228833/4974409440'), (29, 35, '8491057/124360236'), (29, 37, '783141211/11503321830'), (29, 38, '48459343/694954260'), (29, 53, '788351089/10985154180'), (29, 62, '1268955427/19275836580'), (29, 69, '18651572/238357119'), (29, 74, '251831813/3834440610'), (29, 78, '226321/3325140'), (29, 111, '126104014/1917220305'), (29, 115, '463033/6667332'), (29, 120, '4905793/73153080'), (29, 125, '1065143/16243500'), (29, 156, '626999/9421230'), (29, 175, '208813477/3109005900'), (29, 182, '204593/3140410'), (31, 32, '21341153/265873608'), (31, 35, '1286947/19549530'), (31, 37, '21376507/289333044'), (31, 38, '893604343/12628996380'), (31, 53, '51787349/690750060'), (31, 69, '1948196/25999545'), (31, 74, '544673483/8197769580'), (31, 111, '467969/6516510'), (31, 115, '6308833/92652924'), (31, 120, '17893919/265873608'), (31, 125, '8462696/125887125'), (31, 156, '110122/1678495'), (31, 175, '228505631/3323420100'), (31, 182, '19993/296205'), (32, 37, '157899061/2115553440'), (32, 38, '70273037/1086365280'), (32, 53, '322005433/4545581040'), (32, 62, '2363104/33234201'), (32, 69, '284841533/3945221280'), (32, 74, '60904/897435'), (32, 78, '177641/2638944'), (32, 115, '97639/1450449'), (32, 120, '1117955/17153136'), (32, 125, '279376729/4288284000'), (32, 156, '5699297/85765680'), (32, 182, '429269/6597360'), (35, 37, '644507/9333324'), (35, 53, '344867/4774770'), (35, 69, '7346887/98630532'), (35, 125, '34369453/536035500'), (35, 182, '16075/252252'), (37, 38, '1093549049/15073318260'), (37, 53, '84106391/1236665430'), (37, 62, '87565/1303302'), (37, 69, '670795591/9123324210'), (37, 78, '587635/8814806'), (37, 115, '23397221/350897085'), (37, 120, '53374829/793332540'), (37, 125, '1366060357/19833313500'), (37, 156, '12730489/198333135'), (37, 175, '37364801/566666100'), (37, 182, '112166/1666665'), (38, 62, '136440743/2104832730'), (38, 69, '622450793/9369900540'), (38, 74, '193931333/3014663652'), (53, 62, '2714141/39850965'), (53, 69, '113550733/1742472732'), (53, 78, '74212189/1136395260'), (53, 111, '1352229/21139580'), (53, 120, '11208713/174830040'), (53, 156, '6100079/94699605'), (53, 182, '1414843/22282260'), (62, 69, '1058468563/15287732460'), (62, 111, '237631/3589740'), (62, 125, '20939774/319559625'), (69, 74, '33240019/506851345'), (69, 78, '34187353/493152660'), (69, 111, '40010051/608221614'), (69, 120, '67485419/986305320'), (69, 125, '274284727/4109605500'), (69, 156, '2770451/41096055'), (69, 182, '5426117/82192110'));tie_edges=()
LEAF;E=(1, 9, 10, 11, 12, 13, 14);rank=5;a=17;P=(23, 16, 19, 46, 17);K4=(29, 31, 37, 175);m=45002631001/594338294550;r=44;lambda=6/1225;tail=30;scan=10;controls=2;cover=()
LEAF;E=(1, 9, 10, 11, 12, 13, 14);rank=5;a=17;P=(23, 16, 19, 46, 17);K4=(29, 31, 32, 115);m=227095951813/3546753930720;r=34;lambda=11/1984;tail=26;scan=7;controls=2;cover=()
LEAF;E=(1, 9, 10, 11, 12, 13, 14);rank=5;a=17;P=(23, 16, 19, 46, 17);K4=(29, 31, 37, 115);m=82752577529/1093582461972;r=34;lambda=33/4991;tail=22;scan=4;controls=2;cover=()
LEAF;E=(1, 9, 10, 11, 12, 13, 14);rank=5;a=17;P=(23, 16, 19, 46, 17);K4=(29, 32, 37, 115);m=310348993571/4233222433440;r=36;lambda=47/7360;tail=23;scan=5;controls=2;cover=()
LEAF;E=(1, 9, 10, 11, 12, 13, 14);rank=5;a=17;P=(23, 16, 19, 46, 17);K4=(31, 32, 37, 115);m=296241611287/4525168808160;r=34;lambda=11/1984;tail=26;scan=7;controls=2;cover=()
LEAF;E=(1, 9, 10, 11, 12, 13, 14);rank=5;a=17;P=(23, 16, 19, 46, 17);K4=(25, 29, 38, 74);m=26393898779/364271857950;r=34;lambda=13/1900;tail=21;scan=3;controls=2;cover=()
LEAF;E=(1, 9, 10, 11, 12, 13, 14);rank=5;a=17;P=(23, 16, 19, 46, 17);K4=(25, 31, 38, 74);m=13716834017/194697027525;r=34;lambda=5/703;tail=21;scan=3;controls=2;cover=()
LEAF;E=(1, 9, 10, 11, 12, 13, 14);rank=5;a=17;P=(23, 16, 19, 46, 17);K4=(25, 32, 38, 74);m=7814766719/120586546080;r=36;lambda=1/185;tail=27;scan=7;controls=2;cover=()
LEAF;E=(1, 9, 10, 11, 12, 13, 14);rank=5;a=17;P=(23, 16, 19, 46, 17);K4=(25, 38, 69, 74);m=10524066533/144452633325;r=40;lambda=79/12075;tail=22;scan=4;controls=2;cover=()
LEAF;E=(1, 9, 10, 11, 12, 13, 14);rank=5;a=17;P=(23, 16, 19, 46, 17);K4=(29, 31, 38, 74);m=160884933379/2258485519290;r=34;lambda=101/15428;tail=22;scan=4;controls=2;cover=()
LEAF;E=(1, 9, 10, 11, 12, 13, 14);rank=5;a=17;P=(23, 16, 19, 46, 17);K4=(29, 32, 38, 74);m=15234797311/218563114770;r=34;lambda=4/703;tail=26;scan=7;controls=2;cover=()
LEAF;E=(1, 9, 10, 11, 12, 13, 14);rank=5;a=17;P=(23, 16, 19, 46, 17);K4=(29, 38, 69, 74);m=15290373061/223420072876;r=42;lambda=487/71484;tail=21;scan=3;controls=2;cover=()
LEAF;E=(1, 9, 10, 11, 12, 13, 14);rank=5;a=17;P=(23, 16, 19, 46, 17);K4=(31, 32, 38, 74);m=48603740893/747636585696;r=36;lambda=99/16492;tail=24;scan=5;controls=2;cover=()
LEAF;E=(1, 9, 10, 11, 12, 13, 14);rank=5;a=17;P=(23, 16, 19, 46, 17);K4=(31, 38, 69, 74);m=20419265661/298535442205;r=44;lambda=67/12236;tail=27;scan=8;controls=2;cover=()
LEAF;E=(1, 9, 10, 11, 12, 13, 14);rank=5;a=17;P=(23, 16, 19, 46, 17);K4=(32, 38, 69, 74);m=97618162373/1386745279920;r=42;lambda=445/71484;tail=23;scan=5;controls=2;cover=()
LEAF;E=(1, 9, 10, 11, 12, 13, 14);rank=5;a=17;P=(23, 16, 19, 46, 17);K4=(25, 29, 31, 74);m=56576748203/713205953460;r=30;lambda=15/2233;tail=22;scan=4;controls=2;cover=()
LEAF;E=(1, 9, 10, 11, 12, 13, 14);rank=5;a=17;P=(23, 16, 19, 46, 17);K4=(25, 29, 32, 74);m=13556008313/184053149280;r=30;lambda=97/11396;tail=17;scan=1;controls=1;cover=()
LEAF;E=(1, 9, 10, 11, 12, 13, 14);rank=5;a=17;P=(23, 16, 19, 46, 17);K4=(25, 29, 69, 74);m=7080774739/91233242100;r=36;lambda=79/12075;tail=22;scan=4;controls=2;cover=()
LEAF;E=(1, 9, 10, 11, 12, 13, 14);rank=5;a=17;P=(23, 16, 19, 46, 17);K4=(25, 31, 32, 74);m=32311715143/491866174800;r=32;lambda=2/341;tail=25;scan=6;controls=2;cover=()
LEAF;E=(1, 9, 10, 11, 12, 13, 14);rank=5;a=17;P=(23, 16, 19, 46, 17);K4=(25, 31, 69, 74);m=44945732753/565646101020;r=34;lambda=10/1771;tail=26;scan=6;controls=2;cover=()
LEAF;E=(1, 9, 10, 11, 12, 13, 14);rank=5;a=17;P=(23, 16, 19, 46, 17);K4=(25, 32, 69, 74);m=50782407661/729865936800;r=38;lambda=1/231;tail=34;scan=13;controls=2;cover=()
LEAF;E=(1, 9, 10, 11, 12, 13, 14);rank=5;a=17;P=(23, 16, 19, 46, 17);K4=(29, 31, 32, 74);m=389448829031/5705647627680;r=28;lambda=2/341;tail=25;scan=6;controls=2;cover=()
LEAF;E=(1, 9, 10, 11, 12, 13, 14);rank=5;a=17;P=(23, 16, 19, 46, 17);K4=(29, 31, 69, 74);m=1161875405077/16403736929580;r=36;lambda=10/1771;tail=26;scan=7;controls=2;cover=()
LEAF;E=(1, 9, 10, 11, 12, 13, 14);rank=5;a=17;P=(23, 16, 19, 46, 17);K4=(29, 32, 69, 74);m=280121135779/4233222433440;r=38;lambda=1/231;tail=34;scan=13;controls=2;cover=()
LEAF;E=(1, 9, 10, 11, 12, 13, 14);rank=5;a=17;P=(23, 16, 19, 46, 17);K4=(31, 32, 69, 74);m=17094557239/266186400480;r=38;lambda=1/231;tail=34;scan=13;controls=2;cover=()
LEAF;E=(1, 9, 10, 11, 12, 13, 14);rank=5;a=17;P=(23, 16, 19, 46, 17);K4=(25, 29, 32, 78);m=72717265/994881888;r=32;lambda=107/12012;tail=17;scan=1;controls=1;cover=()
LEAF;E=(1, 9, 10, 11, 12, 13, 14);rank=5;a=17;P=(23, 16, 19, 46, 17);K4=(25, 29, 37, 78);m=896706127/11503321830;r=30;lambda=107/12012;tail=17;scan=1;controls=1;cover=()
LEAF;E=(1, 9, 10, 11, 12, 13, 14);rank=5;a=17;P=(23, 16, 19, 46, 17);K4=(25, 29, 53, 78);m=6143968319/82388656350;r=38;lambda=317/57876;tail=27;scan=7;controls=2;cover=()
LEAF;E=(1, 9, 10, 11, 12, 13, 14);rank=5;a=17;P=(23, 16, 19, 46, 17);K4=(25, 29, 69, 78);m=2645729309/35753567850;r=38;lambda=121/27300;tail=33;scan=12;controls=2;cover=()
LEAF;E=(1, 9, 10, 11, 12, 13, 14);rank=5;a=17;P=(23, 16, 19, 46, 17);K4=(25, 32, 37, 78);m=1045675409/15866650800;r=34;lambda=107/12012;tail=17;scan=1;controls=1;cover=()
LEAF;E=(1, 9, 10, 11, 12, 13, 14);rank=5;a=17;P=(23, 16, 19, 46, 17);K4=(25, 32, 53, 78);m=27816013/428828400;r=40;lambda=317/57876;tail=27;scan=7;controls=2;cover=()
LEAF;E=(1, 9, 10, 11, 12, 13, 14);rank=5;a=17;P=(23, 16, 19, 46, 17);K4=(25, 32, 69, 78);m=80016539/1160359200;r=40;lambda=85/13524;tail=23;scan=5;controls=2;cover=()
LEAF;E=(1, 9, 10, 11, 12, 13, 14);rank=5;a=17;P=(23, 16, 19, 46, 17);K4=(25, 37, 53, 78);m=3765708433/52558280775;r=38;lambda=317/57876;tail=27;scan=7;controls=2;cover=()
LEAF;E=(1, 9, 10, 11, 12, 13, 14);rank=5;a=17;P=(23, 16, 19, 46, 17);K4=(25, 37, 69, 78);m=3301700861/45616621050;r=38;lambda=121/27300;tail=33;scan=13;controls=2;cover=()
LEAF;E=(1, 9, 10, 11, 12, 13, 14);rank=5;a=17;P=(23, 16, 19, 46, 17);K4=(25, 53, 69, 78);m=4890195647/65342727450;r=42;lambda=121/27300;tail=33;scan=13;controls=2;cover=()
LEAF;E=(1, 9, 10, 11, 12, 13, 14);rank=5;a=17;P=(23, 16, 19, 46, 17);K4=(29, 32, 37, 78);m=13503653461/184053149280;r=34;lambda=107/12012;tail=17;scan=1;controls=1;cover=()
LEAF;E=(1, 9, 10, 11, 12, 13, 14);rank=5;a=17;P=(23, 16, 19, 46, 17);K4=(29, 32, 53, 78);m=18624169789/263643700320;r=40;lambda=317/57876;tail=27;scan=8;controls=2;cover=()
LEAF;E=(1, 9, 10, 11, 12, 13, 14);rank=5;a=17;P=(23, 16, 19, 46, 17);K4=(29, 32, 69, 78);m=353119199/5720570856;r=42;lambda=1/231;tail=34;scan=13;controls=2;cover=()
LEAF;E=(1, 9, 10, 11, 12, 13, 14);rank=5;a=17;P=(23, 16, 19, 46, 17);K4=(29, 37, 53, 78);m=47617577723/609676056990;r=38;lambda=30/4823;tail=23;scan=5;controls=2;cover=()
LEAF;E=(1, 9, 10, 11, 12, 13, 14);rank=5;a=17;P=(23, 16, 19, 46, 17);K4=(29, 37, 69, 78);m=211642103/3112663554;r=38;lambda=101/18564;tail=27;scan=8;controls=2;cover=()
LEAF;E=(1, 9, 10, 11, 12, 13, 14);rank=5;a=17;P=(23, 16, 19, 46, 17);K4=(29, 53, 69, 78);m=3063035009/44586802260;r=44;lambda=101/18564;tail=27;scan=8;controls=2;cover=()
LEAF;E=(1, 9, 10, 11, 12, 13, 14);rank=5;a=17;P=(23, 16, 19, 46, 17);K4=(32, 37, 53, 78);m=23284011757/336372996960;r=42;lambda=125/13468;tail=16;scan=1;controls=1;cover=()
LEAF;E=(1, 9, 10, 11, 12, 13, 14);rank=5;a=17;P=(23, 16, 19, 46, 17);K4=(32, 37, 69, 78);m=9144102943/145973187360;r=42;lambda=94/17871;tail=28;scan=9;controls=2;cover=()
LEAF;E=(1, 9, 10, 11, 12, 13, 14);rank=5;a=17;P=(23, 16, 19, 46, 17);K4=(32, 53, 69, 78);m=217251863/3216872736;r=46;lambda=25/3588;tail=21;scan=3;controls=2;cover=()
LEAF;E=(1, 9, 10, 11, 12, 13, 14);rank=5;a=17;P=(23, 16, 19, 46, 17);K4=(37, 53, 69, 78);m=7025220835/96707236626;r=44;lambda=101/18564;tail=27;scan=8;controls=2;cover=()
LEAF;E=(1, 9, 10, 11, 12, 13, 14);rank=5;a=17;P=(23, 16, 19, 46, 17);K4=(29, 53, 62, 111);m=107525062933/1453842905130;r=54;lambda=179/46004;tail=37;scan=17;controls=2;cover=()
LEAF;E=(1, 9, 10, 11, 12, 13, 14);rank=5;a=17;P=(23, 16, 19, 46, 17);K4=(29, 62, 69, 111);m=32331742871/443344241340;r=50;lambda=82/17871;tail=32;scan=12;controls=2;cover=()
LEAF;E=(1, 9, 10, 11, 12, 13, 14);rank=5;a=17;P=(23, 16, 19, 46, 17);K4=(53, 62, 69, 111);m=32775718678/440871225795;r=56;lambda=68/17871;tail=38;scan=19;controls=2;cover=()
LEAF;E=(1, 9, 10, 11, 12, 13, 14);rank=5;a=17;P=(23, 16, 19, 46, 17);K4=(25, 29, 31, 111);m=68084426797/891507441825;r=40;lambda=15/2233;tail=22;scan=4;controls=2;cover=()
LEAF;E=(1, 9, 10, 11, 12, 13, 14);rank=5;a=17;P=(23, 16, 19, 46, 17);K4=(25, 29, 53, 111);m=23854257781/304838028495;r=48;lambda=24/4081;tail=25;scan=6;controls=2;cover=()
LEAF;E=(1, 9, 10, 11, 12, 13, 14);rank=5;a=17;P=(23, 16, 19, 46, 17);K4=(25, 29, 69, 111);m=41632600753/529152804180;r=46;lambda=10/1771;tail=26;scan=6;controls=2;cover=()
LEAF;E=(1, 9, 10, 11, 12, 13, 14);rank=5;a=17;P=(23, 16, 19, 46, 17);K4=(25, 31, 53, 111);m=447901151641/6517226816100;r=48;lambda=24/4081;tail=25;scan=6;controls=2;cover=()
LEAF;E=(1, 9, 10, 11, 12, 13, 14);rank=5;a=17;P=(23, 16, 19, 46, 17);K4=(25, 31, 69, 111);m=104595200243/1414115252550;r=46;lambda=10/1771;tail=26;scan=6;controls=2;cover=()
LEAF;E=(1, 9, 10, 11, 12, 13, 14);rank=5;a=17;P=(23, 16, 19, 46, 17);K4=(25, 53, 69, 111);m=195075558673/2417680915650;r=54;lambda=10/1771;tail=26;scan=6;controls=2;cover=()
LEAF;E=(1, 9, 10, 11, 12, 13, 14);rank=5;a=17;P=(23, 16, 19, 46, 17);K4=(29, 31, 53, 111);m=2557573483603/37799915533380;r=46;lambda=24/4081;tail=25;scan=6;controls=2;cover=()
LEAF;E=(1, 9, 10, 11, 12, 13, 14);rank=5;a=17;P=(23, 16, 19, 46, 17);K4=(29, 31, 69, 111);m=275006148463/4100934232395;r=44;lambda=10/1771;tail=26;scan=7;controls=2;cover=()
LEAF;E=(1, 9, 10, 11, 12, 13, 14);rank=5;a=17;P=(23, 16, 19, 46, 17);K4=(29, 53, 69, 111);m=405903430411/5609019724308;r=52;lambda=10/1771;tail=26;scan=7;controls=2;cover=()
LEAF;E=(1, 9, 10, 11, 12, 13, 14);rank=5;a=17;P=(23, 16, 19, 46, 17);K4=(31, 53, 69, 111);m=127479669347/1763484903180;r=52;lambda=10/1771;tail=26;scan=7;controls=2;cover=()
LEAF;E=(1, 9, 10, 11, 12, 13, 14);rank=5;a=17;P=(23, 16, 19, 46, 17);K4=(29, 31, 32, 156);m=665202803/9637918290;r=38;lambda=347/63336;tail=27;scan=8;controls=2;cover=()
LEAF;E=(1, 9, 10, 11, 12, 13, 14);rank=5;a=17;P=(23, 16, 19, 46, 17);K4=(29, 31, 37, 156);m=19164484039/237735317820;r=40;lambda=1/182;tail=27;scan=8;controls=2;cover=()
LEAF;E=(1, 9, 10, 11, 12, 13, 14);rank=5;a=17;P=(23, 16, 19, 46, 17);K4=(29, 31, 53, 156);m=73032210019/1021619338740;r=48;lambda=347/63336;tail=27;scan=8;controls=2;cover=()
LEAF;E=(1, 9, 10, 11, 12, 13, 14);rank=5;a=17;P=(23, 16, 19, 46, 17);K4=(29, 31, 69, 156);m=15134446583/221672120670;r=48;lambda=101/22568;tail=32;scan=11;controls=2;cover=()
LEAF;E=(1, 9, 10, 11, 12, 13, 14);rank=5;a=17;P=(23, 16, 19, 46, 17);K4=(29, 32, 37, 156);m=3544321201/46013287320;r=40;lambda=1/182;tail=27;scan=8;controls=2;cover=()
LEAF;E=(1, 9, 10, 11, 12, 13, 14);rank=5;a=17;P=(23, 16, 19, 46, 17);K4=(29, 32, 53, 156);m=18951402541/263643700320;r=46;lambda=1/182;tail=27;scan=8;controls=2;cover=()
LEAF;E=(1, 9, 10, 11, 12, 13, 14);rank=5;a=17;P=(23, 16, 19, 46, 17);K4=(29, 32, 69, 156);m=111783899/1682520840;r=48;lambda=29/6552;tail=33;scan=12;controls=2;cover=()
LEAF;E=(1, 9, 10, 11, 12, 13, 14);rank=5;a=17;P=(23, 16, 19, 46, 17);K4=(29, 37, 53, 156);m=10708952781/135483568220;r=48;lambda=1/182;tail=27;scan=8;controls=2;cover=()
LEAF;E=(1, 9, 10, 11, 12, 13, 14);rank=5;a=17;P=(23, 16, 19, 46, 17);K4=(29, 37, 69, 156);m=91637527/1278146870;r=48;lambda=1/182;tail=27;scan=8;controls=2;cover=()
LEAF;E=(1, 9, 10, 11, 12, 13, 14);rank=5;a=17;P=(23, 16, 19, 46, 17);K4=(29, 53, 69, 156);m=10847933689/151595127684;r=50;lambda=1/182;tail=27;scan=8;controls=2;cover=()
LEAF;E=(1, 9, 10, 11, 12, 13, 14);rank=5;a=17;P=(23, 16, 19, 46, 17);K4=(31, 32, 37, 156);m=210842923/3026868768;r=40;lambda=1/182;tail=27;scan=8;controls=2;cover=()
LEAF;E=(1, 9, 10, 11, 12, 13, 14);rank=5;a=17;P=(23, 16, 19, 46, 17);K4=(31, 32, 53, 156);m=9196312063/140913012240;r=46;lambda=1/182;tail=27;scan=8;controls=2;cover=()
LEAF;E=(1, 9, 10, 11, 12, 13, 14);rank=5;a=17;P=(23, 16, 19, 46, 17);K4=(31, 32, 69, 156);m=7923474929/122301859680;r=50;lambda=205/50232;tail=36;scan=15;controls=2;cover=()
LEAF;E=(1, 9, 10, 11, 12, 13, 14);rank=5;a=17;P=(23, 16, 19, 46, 17);K4=(31, 37, 53, 156);m=33586684223/434481787740;r=48;lambda=1/182;tail=27;scan=8;controls=2;cover=()
LEAF;E=(1, 9, 10, 11, 12, 13, 14);rank=5;a=17;P=(23, 16, 19, 46, 17);K4=(31, 37, 69, 156);m=3527642728/47137175085;r=50;lambda=101/22568;tail=32;scan=12;controls=2;cover=()
LEAF;E=(1, 9, 10, 11, 12, 13, 14);rank=5;a=17;P=(23, 16, 19, 46, 17);K4=(31, 53, 69, 156);m=60148329937/810249820380;r=54;lambda=101/22568;tail=32;scan=12;controls=2;cover=()
LEAF;E=(1, 9, 10, 11, 12, 13, 14);rank=5;a=17;P=(23, 16, 19, 46, 17);K4=(32, 37, 53, 156);m=23718166093/336372996960;r=48;lambda=1/182;tail=27;scan=8;controls=2;cover=()
LEAF;E=(1, 9, 10, 11, 12, 13, 14);rank=5;a=17;P=(23, 16, 19, 46, 17);K4=(32, 37, 69, 156);m=9692204959/145973187360;r=52;lambda=269/80808;tail=43;scan=22;controls=2;cover=()
LEAF;E=(1, 9, 10, 11, 12, 13, 14);rank=5;a=17;P=(23, 16, 19, 46, 17);K4=(32, 53, 69, 156);m=14922041119/209096727840;r=52;lambda=1/182;tail=27;scan=8;controls=2;cover=()
LEAF;E=(1, 9, 10, 11, 12, 13, 14);rank=5;a=17;P=(23, 16, 19, 46, 17);K4=(37, 53, 69, 156);m=24326622197/322357455420;r=54;lambda=1/182;tail=27;scan=8;controls=2;cover=()
LEAF;E=(1, 9, 10, 11, 12, 13, 14);rank=5;a=17;P=(23, 16, 19, 46, 17);K4=(29, 32, 38, 62);m=12910064317/183120447510;r=38;lambda=31/4060;tail=19;scan=2;controls=2;cover=()
LEAF;E=(1, 9, 10, 11, 12, 13, 14);rank=5;a=17;P=(23, 16, 19, 46, 17);K4=(29, 37, 38, 62);m=330788306111/4516971038580;r=34;lambda=89/14756;tail=24;scan=5;controls=2;cover=()
LEAF;E=(1, 9, 10, 11, 12, 13, 14);rank=5;a=17;P=(23, 16, 19, 46, 17);K4=(29, 38, 62, 69);m=8512233533/123875596845;r=44;lambda=13/2001;tail=22;scan=4;controls=2;cover=()
LEAF;E=(1, 9, 10, 11, 12, 13, 14);rank=5;a=17;P=(23, 16, 19, 46, 17);K4=(32, 37, 38, 62);m=8279253947/124606097616;r=36;lambda=59/8246;tail=20;scan=2;controls=2;cover=()
LEAF;E=(1, 9, 10, 11, 12, 13, 14);rank=5;a=17;P=(23, 16, 19, 46, 17);K4=(32, 38, 62, 69);m=160227348451/2323735333920;r=48;lambda=401/59892;tail=22;scan=4;controls=2;cover=()
LEAF;E=(1, 9, 10, 11, 12, 13, 14);rank=5;a=17;P=(23, 16, 19, 46, 17);K4=(37, 38, 62, 69);m=81027568491/1194141768820;r=44;lambda=89/14756;tail=24;scan=5;controls=2;cover=()
LEAF;E=(1, 9, 10, 11, 12, 13, 14);rank=5;a=17;P=(23, 16, 19, 46, 17);K4=(25, 29, 31, 38);m=43395375971/610401491700;r=34;lambda=29/4340;tail=22;scan=4;controls=2;cover=()
LEAF;E=(1, 9, 10, 11, 12, 13, 14);rank=5;a=17;P=(23, 16, 19, 46, 17);K4=(25, 29, 32, 38);m=8333729081/118142224200;r=30;lambda=31/4060;tail=19;scan=2;controls=2;cover=()
LEAF;E=(1, 9, 10, 11, 12, 13, 14);rank=5;a=17;P=(23, 16, 19, 46, 17);K4=(25, 29, 37, 38);m=155129459741/2185631147700;r=28;lambda=13/1900;tail=21;scan=3;controls=2;cover=()
LEAF;E=(1, 9, 10, 11, 12, 13, 14);rank=5;a=17;P=(23, 16, 19, 46, 17);K4=(25, 29, 38, 69);m=16691268931/226439263050;r=36;lambda=79/12075;tail=22;scan=4;controls=2;cover=()
LEAF;E=(1, 9, 10, 11, 12, 13, 14);rank=5;a=17;P=(23, 16, 19, 46, 17);K4=(25, 31, 32, 38);m=32093670733/505159855200;r=32;lambda=29/4340;tail=22;scan=4;controls=2;cover=()
LEAF;E=(1, 9, 10, 11, 12, 13, 14);rank=5;a=17;P=(23, 16, 19, 46, 17);K4=(25, 31, 37, 38);m=37366713196/584091082575;r=32;lambda=121/19684;tail=24;scan=5;controls=2;cover=()
LEAF;E=(1, 9, 10, 11, 12, 13, 14);rank=5;a=17;P=(23, 16, 19, 46, 17);K4=(25, 31, 38, 69);m=1455054619/21048327300;r=40;lambda=83/14973;tail=26;scan=6;controls=2;cover=()
LEAF;E=(1, 9, 10, 11, 12, 13, 14);rank=5;a=17;P=(23, 16, 19, 46, 17);K4=(25, 32, 37, 38);m=6118534619/100488788400;r=30;lambda=17/3192;tail=27;scan=7;controls=2;cover=()
LEAF;E=(1, 9, 10, 11, 12, 13, 14);rank=5;a=17;P=(23, 16, 19, 46, 17);K4=(25, 32, 38, 69);m=161256967/2204682480;r=36;lambda=107/12075;tail=17;scan=1;controls=1;cover=()
LEAF;E=(1, 9, 10, 11, 12, 13, 14);rank=5;a=17;P=(23, 16, 19, 46, 17);K4=(25, 37, 38, 69);m=4667600297/69337263996;r=36;lambda=79/12075;tail=22;scan=4;controls=2;cover=()
LEAF;E=(1, 9, 10, 11, 12, 13, 14);rank=5;a=17;P=(23, 16, 19, 46, 17);K4=(29, 31, 32, 38);m=44639888893/732481790040;r=32;lambda=29/4340;tail=22;scan=4;controls=2;cover=()
LEAF;E=(1, 9, 10, 11, 12, 13, 14);rank=5;a=17;P=(23, 16, 19, 46, 17);K4=(29, 31, 37, 38);m=234756431857/3387728278935;r=32;lambda=121/19684;tail=24;scan=5;controls=2;cover=()
LEAF;E=(1, 9, 10, 11, 12, 13, 14);rank=5;a=17;P=(23, 16, 19, 46, 17);K4=(29, 31, 38, 69);m=9820068329/165167462460;r=42;lambda=83/14973;tail=26;scan=7;controls=2;cover=()
LEAF;E=(1, 9, 10, 11, 12, 13, 14);rank=5;a=17;P=(23, 16, 19, 46, 17);K4=(29, 32, 37, 38);m=5026515097/72854371590;r=30;lambda=17/3192;tail=27;scan=8;controls=2;cover=()
LEAF;E=(1, 9, 10, 11, 12, 13, 14);rank=5;a=17;P=(23, 16, 19, 46, 17);K4=(29, 32, 38, 69);m=17784980371/271727115660;r=38;lambda=13/2001;tail=22;scan=4;controls=2;cover=()
LEAF;E=(1, 9, 10, 11, 12, 13, 14);rank=5;a=17;P=(23, 16, 19, 46, 17);K4=(29, 37, 38, 69);m=39147673381/591406075260;r=36;lambda=62/8211;tail=19;scan=2;controls=2;cover=()
LEAF;E=(1, 9, 10, 11, 12, 13, 14);rank=5;a=17;P=(23, 16, 19, 46, 17);K4=(31, 32, 37, 38);m=2493457955/41535365872;r=32;lambda=99/16492;tail=24;scan=5;controls=2;cover=()
LEAF;E=(1, 9, 10, 11, 12, 13, 14);rank=5;a=17;P=(23, 16, 19, 46, 17);K4=(31, 32, 38, 69);m=71418795533/1161867666960;r=40;lambda=83/14973;tail=26;scan=7;controls=2;cover=()
LEAF;E=(1, 9, 10, 11, 12, 13, 14);rank=5;a=17;P=(23, 16, 19, 46, 17);K4=(31, 37, 38, 69);m=166049584156/2686818979845;r=42;lambda=67/12236;tail=27;scan=8;controls=2;cover=()
LEAF;E=(1, 9, 10, 11, 12, 13, 14);rank=5;a=17;P=(23, 16, 19, 46, 17);K4=(32, 37, 38, 69);m=1541085109/24328864560;r=38;lambda=94/17871;tail=28;scan=9;controls=2;cover=()
LEAF;E=(1, 9, 10, 11, 12, 13, 14);rank=5;a=17;P=(23, 16, 19, 46, 17);K4=(29, 32, 62, 125);m=74642367497/963791829000;r=46;lambda=569/108500;tail=28;scan=9;controls=2;cover=()
LEAF;E=(1, 9, 10, 11, 12, 13, 14);rank=5;a=17;P=(23, 16, 19, 46, 17);K4=(29, 37, 62, 125);m=4414798427/54861996420;r=42;lambda=71/11375;tail=23;scan=5;controls=2;cover=()
LEAF;E=(1, 9, 10, 11, 12, 13, 14);rank=5;a=17;P=(23, 16, 19, 46, 17);K4=(29, 62, 69, 125);m=416708644879/5541803016750;r=50;lambda=83/14875;tail=26;scan=7;controls=2;cover=()
LEAF;E=(1, 9, 10, 11, 12, 13, 14);rank=5;a=17;P=(23, 16, 19, 46, 17);K4=(32, 37, 62, 125);m=172253181673/2459330874000;r=46;lambda=263/56000;tail=31;scan=12;controls=2;cover=()
LEAF;E=(1, 9, 10, 11, 12, 13, 14);rank=5;a=17;P=(23, 16, 19, 46, 17);K4=(32, 62, 69, 125);m=208643803253/3057546492000;r=58;lambda=239/60375;tail=37;scan=17;controls=2;cover=()
LEAF;E=(1, 9, 10, 11, 12, 13, 14);rank=5;a=17;P=(23, 16, 19, 46, 17);K4=(37, 62, 69, 125);m=1017288743297/14141152525500;r=52;lambda=83/14875;tail=26;scan=7;controls=2;cover=()
LEAF;E=(1, 9, 10, 11, 12, 13, 14);rank=5;a=17;P=(23, 16, 19, 46, 17);K4=(29, 32, 37, 62);m=429248582731/5705647627680;r=32;lambda=67/9548;tail=21;scan=3;controls=2;cover=()
LEAF;E=(1, 9, 10, 11, 12, 13, 14);rank=5;a=17;P=(23, 16, 19, 46, 17);K4=(29, 32, 53, 62);m=585457298299/8172954709920;r=42;lambda=19/3451;tail=26;scan=7;controls=2;cover=()
LEAF;E=(1, 9, 10, 11, 12, 13, 14);rank=5;a=17;P=(23, 16, 19, 46, 17);K4=(29, 32, 62, 69);m=515871415/7710334632;r=42;lambda=13/2001;tail=22;scan=4;controls=2;cover=()
LEAF;E=(1, 9, 10, 11, 12, 13, 14);rank=5;a=17;P=(23, 16, 19, 46, 17);K4=(29, 37, 53, 62);m=114692628671/1453842905130;r=38;lambda=30/4823;tail=23;scan=5;controls=2;cover=()
LEAF;E=(1, 9, 10, 11, 12, 13, 14);rank=5;a=17;P=(23, 16, 19, 46, 17);K4=(29, 37, 62, 69);m=118589654347/1640373692958;r=38;lambda=89/14756;tail=24;scan=5;controls=2;cover=()
LEAF;E=(1, 9, 10, 11, 12, 13, 14);rank=5;a=17;P=(23, 16, 19, 46, 17);K4=(29, 53, 62, 69);m=422329301332/5874311197755;r=42;lambda=89/14756;tail=24;scan=5;controls=2;cover=()
LEAF;E=(1, 9, 10, 11, 12, 13, 14);rank=5;a=17;P=(23, 16, 19, 46, 17);K4=(32, 37, 53, 62);m=348653349641/5213781452880;r=40;lambda=117/14756;tail=19;scan=2;controls=2;cover=()
LEAF;E=(1, 9, 10, 11, 12, 13, 14);rank=5;a=17;P=(23, 16, 19, 46, 17);K4=(32, 37, 62, 69);m=141435833939/2262584404080;r=44;lambda=1/231;tail=34;scan=14;controls=2;cover=()
LEAF;E=(1, 9, 10, 11, 12, 13, 14);rank=5;a=17;P=(23, 16, 19, 46, 17);K4=(32, 53, 62, 69);m=42062463799/648199856304;r=46;lambda=45/10388;tail=33;scan=13;controls=2;cover=()
LEAF;E=(1, 9, 10, 11, 12, 13, 14);rank=5;a=17;P=(23, 16, 19, 46, 17);K4=(37, 53, 62, 69);m=12870245783/176348490318;r=40;lambda=89/14756;tail=24;scan=5;controls=2;cover=()
LEAF;E=(1, 9, 10, 11, 12, 13, 14);rank=5;a=17;P=(23, 16, 19, 46, 17);K4=(29, 31, 35, 125);m=217291337/2769516750;r=42;lambda=18/3689;tail=30;scan=10;controls=2;cover=()
LEAF;E=(1, 9, 10, 11, 12, 13, 14);rank=5;a=17;P=(23, 16, 19, 46, 17);K4=(29, 35, 37, 125);m=45268195537/575166091500;r=42;lambda=83/14875;tail=26;scan=7;controls=2;cover=()
LEAF;E=(1, 9, 10, 11, 12, 13, 14);rank=5;a=17;P=(23, 16, 19, 46, 17);K4=(29, 35, 69, 125);m=76612247/1135033900;r=50;lambda=83/14875;tail=26;scan=7;controls=2;cover=()
LEAF;E=(1, 9, 10, 11, 12, 13, 14);rank=5;a=17;P=(23, 16, 19, 46, 17);K4=(31, 35, 37, 125);m=46774396451/614832718500;r=46;lambda=18/3689;tail=30;scan=11;controls=2;cover=()
LEAF;E=(1, 9, 10, 11, 12, 13, 14);rank=5;a=17;P=(23, 16, 19, 46, 17);K4=(31, 35, 69, 125);m=4606484213/63698885250;r=54;lambda=18/3689;tail=30;scan=11;controls=2;cover=()
LEAF;E=(1, 9, 10, 11, 12, 13, 14);rank=5;a=17;P=(23, 16, 19, 46, 17);K4=(35, 37, 69, 125);m=1224417487/18246648420;r=56;lambda=83/14875;tail=26;scan=7;controls=2;cover=()
LEAF;E=(1, 9, 10, 11, 12, 13, 14);rank=5;a=17;P=(23, 16, 19, 46, 17);K4=(29, 31, 32, 125);m=6856954367/96379182900;r=38;lambda=263/56000;tail=31;scan=11;controls=2;cover=()
LEAF;E=(1, 9, 10, 11, 12, 13, 14);rank=5;a=17;P=(23, 16, 19, 46, 17);K4=(29, 31, 37, 125);m=474227601971/5943382945500;r=38;lambda=71/11375;tail=23;scan=5;controls=2;cover=()
LEAF;E=(1, 9, 10, 11, 12, 13, 14);rank=5;a=17;P=(23, 16, 19, 46, 17);K4=(29, 31, 69, 125);m=196571532739/2770901508375;r=46;lambda=51/9625;tail=27;scan=8;controls=2;cover=()
LEAF;E=(1, 9, 10, 11, 12, 13, 14);rank=5;a=17;P=(23, 16, 19, 46, 17);K4=(29, 32, 37, 125);m=17687551523/230066436600;r=40;lambda=6/875;tail=21;scan=3;controls=2;cover=()
LEAF;E=(1, 9, 10, 11, 12, 13, 14);rank=5;a=17;P=(23, 16, 19, 46, 17);K4=(29, 32, 69, 125);m=50211367123/715071357000;r=48;lambda=38/7875;tail=30;scan=10;controls=2;cover=()
LEAF;E=(1, 9, 10, 11, 12, 13, 14);rank=5;a=17;P=(23, 16, 19, 46, 17);K4=(29, 37, 69, 125);m=1735921919/23835711900;r=46;lambda=83/14875;tail=26;scan=7;controls=2;cover=()
LEAF;E=(1, 9, 10, 11, 12, 13, 14);rank=5;a=17;P=(23, 16, 19, 46, 17);K4=(31, 32, 37, 125);m=166908534571/2459330874000;r=42;lambda=263/56000;tail=31;scan=12;controls=2;cover=()
LEAF;E=(1, 9, 10, 11, 12, 13, 14);rank=5;a=17;P=(23, 16, 19, 46, 17);K4=(31, 32, 69, 125);m=102039201577/1528773246000;r=50;lambda=239/60375;tail=37;scan=16;controls=2;cover=()
LEAF;E=(1, 9, 10, 11, 12, 13, 14);rank=5;a=17;P=(23, 16, 19, 46, 17);K4=(31, 37, 69, 125);m=338802592837/4713717508500;r=50;lambda=51/9625;tail=27;scan=8;controls=2;cover=()
LEAF;E=(1, 9, 10, 11, 12, 13, 14);rank=5;a=17;P=(23, 16, 19, 46, 17);K4=(32, 37, 69, 125);m=120383869409/1824664842000;r=52;lambda=129/32375;tail=36;scan=16;controls=2;cover=()
LEAF;E=(1, 9, 10, 11, 12, 13, 14);rank=5;a=17;P=(23, 16, 19, 46, 17);K4=(29, 31, 35, 182);m=122676881/1606319715;r=42;lambda=179/43316;tail=35;scan=14;controls=2;cover=()
LEAF;E=(1, 9, 10, 11, 12, 13, 14);rank=5;a=17;P=(23, 16, 19, 46, 17);K4=(29, 35, 37, 182);m=1856261137/23006643660;r=42;lambda=3/637;tail=31;scan=11;controls=2;cover=()
LEAF;E=(1, 9, 10, 11, 12, 13, 14);rank=5;a=17;P=(23, 16, 19, 46, 17);K4=(29, 35, 53, 182);m=67798831/915429515;r=48;lambda=179/43316;tail=35;scan=15;controls=2;cover=()
LEAF;E=(1, 9, 10, 11, 12, 13, 14);rank=5;a=17;P=(23, 16, 19, 46, 17);K4=(29, 35, 69, 182);m=325644071/4767142380;r=48;lambda=179/43316;tail=35;scan=15;controls=2;cover=()
LEAF;E=(1, 9, 10, 11, 12, 13, 14);rank=5;a=17;P=(23, 16, 19, 46, 17);K4=(31, 35, 37, 182);m=260650751/3513329820;r=44;lambda=179/43316;tail=35;scan=15;controls=2;cover=()
LEAF;E=(1, 9, 10, 11, 12, 13, 14);rank=5;a=17;P=(23, 16, 19, 46, 17);K4=(31, 35, 53, 182);m=282162443/3914250340;r=46;lambda=179/43316;tail=35;scan=15;controls=2;cover=()
LEAF;E=(1, 9, 10, 11, 12, 13, 14);rank=5;a=17;P=(23, 16, 19, 46, 17);K4=(31, 35, 69, 182);m=3551283/49959910;r=50;lambda=3/637;tail=31;scan=12;controls=2;cover=()
LEAF;E=(1, 9, 10, 11, 12, 13, 14);rank=5;a=17;P=(23, 16, 19, 46, 17);K4=(35, 37, 53, 182);m=613850243/8409324924;r=46;lambda=3/637;tail=31;scan=12;controls=2;cover=()
LEAF;E=(1, 9, 10, 11, 12, 13, 14);rank=5;a=17;P=(23, 16, 19, 46, 17);K4=(35, 37, 69, 182);m=5562377/82564020;r=50;lambda=179/43316;tail=35;scan=16;controls=2;cover=()
LEAF;E=(1, 9, 10, 11, 12, 13, 14);rank=5;a=17;P=(23, 16, 19, 46, 17);K4=(35, 53, 69, 182);m=12153/174317;r=52;lambda=179/43316;tail=35;scan=16;controls=2;cover=()
LEAF;E=(1, 9, 10, 11, 12, 13, 14);rank=5;a=17;P=(23, 16, 19, 46, 17);K4=(25, 29, 31, 35);m=34751803/458948490;r=32;lambda=2/341;tail=25;scan=6;controls=2;cover=()
LEAF;E=(1, 9, 10, 11, 12, 13, 14);rank=5;a=17;P=(23, 16, 19, 46, 17);K4=(25, 29, 35, 37);m=345412349/4601328732;r=26;lambda=67/6475;tail=14;scan=0;controls=0;cover=()
LEAF;E=(1, 9, 10, 11, 12, 13, 14);rank=5;a=17;P=(23, 16, 19, 46, 17);K4=(25, 29, 35, 53);m=1278204727/18308590300;r=36;lambda=73/9275;tail=19;scan=2;controls=2;cover=()
LEAF;E=(1, 9, 10, 11, 12, 13, 14);rank=5;a=17;P=(23, 16, 19, 46, 17);K4=(25, 29, 35, 69);m=271923661/3972618650;r=36;lambda=79/12075;tail=22;scan=4;controls=2;cover=()
LEAF;E=(1, 9, 10, 11, 12, 13, 14);rank=5;a=17;P=(23, 16, 19, 46, 17);K4=(25, 31, 35, 37);m=1733865299/24593308740;r=32;lambda=2/341;tail=25;scan=6;controls=2;cover=()
LEAF;E=(1, 9, 10, 11, 12, 13, 14);rank=5;a=17;P=(23, 16, 19, 46, 17);K4=(25, 31, 35, 53);m=36291301/559178620;r=40;lambda=45/10388;tail=33;scan=12;controls=2;cover=()
LEAF;E=(1, 9, 10, 11, 12, 13, 14);rank=5;a=17;P=(23, 16, 19, 46, 17);K4=(25, 31, 35, 69);m=182139029/2547955410;r=40;lambda=85/13524;tail=23;scan=5;controls=2;cover=()
LEAF;E=(1, 9, 10, 11, 12, 13, 14);rank=5;a=17;P=(23, 16, 19, 46, 17);K4=(25, 35, 37, 53);m=257590369/3966662700;r=36;lambda=73/9275;tail=19;scan=2;controls=2;cover=()
LEAF;E=(1, 9, 10, 11, 12, 13, 14);rank=5;a=17;P=(23, 16, 19, 46, 17);K4=(25, 35, 37, 69);m=5847761747/91233242100;r=38;lambda=79/12075;tail=22;scan=4;controls=2;cover=()
LEAF;E=(1, 9, 10, 11, 12, 13, 14);rank=5;a=17;P=(23, 16, 19, 46, 17);K4=(25, 35, 53, 69);m=2874111553/43561818300;r=44;lambda=79/12075;tail=22;scan=4;controls=2;cover=()
LEAF;E=(1, 9, 10, 11, 12, 13, 14);rank=5;a=17;P=(23, 16, 19, 46, 17);K4=(29, 31, 35, 37);m=55364765083/713205953460;r=30;lambda=2/341;tail=25;scan=6;controls=2;cover=()
LEAF;E=(1, 9, 10, 11, 12, 13, 14);rank=5;a=17;P=(23, 16, 19, 46, 17);K4=(29, 31, 35, 53);m=219883451/3243235996;r=38;lambda=19/3451;tail=26;scan=7;controls=2;cover=()
LEAF;E=(1, 9, 10, 11, 12, 13, 14);rank=5;a=17;P=(23, 16, 19, 46, 17);K4=(29, 31, 35, 69);m=4700549387/73890706890;r=40;lambda=18/3689;tail=30;scan=10;controls=2;cover=()
LEAF;E=(1, 9, 10, 11, 12, 13, 14);rank=5;a=17;P=(23, 16, 19, 46, 17);K4=(29, 35, 37, 53);m=12988282997/174193159140;r=36;lambda=8/901;tail=17;scan=1;controls=1;cover=()
LEAF;E=(1, 9, 10, 11, 12, 13, 14);rank=5;a=17;P=(23, 16, 19, 46, 17);K4=(29, 35, 37, 69);m=5030222369/75593257740;r=36;lambda=62/8211;tail=19;scan=2;controls=2;cover=()
LEAF;E=(1, 9, 10, 11, 12, 13, 14);rank=5;a=17;P=(23, 16, 19, 46, 17);K4=(29, 35, 53, 69);m=1324858701/21054878845;r=42;lambda=62/8211;tail=19;scan=2;controls=2;cover=()
LEAF;E=(1, 9, 10, 11, 12, 13, 14);rank=5;a=17;P=(23, 16, 19, 46, 17);K4=(31, 35, 37, 53);m=93223613467/1303445363220;r=38;lambda=25/3689;tail=22;scan=4;controls=2;cover=()
LEAF;E=(1, 9, 10, 11, 12, 13, 14);rank=5;a=17;P=(23, 16, 19, 46, 17);K4=(31, 35, 37, 69);m=2257969037/33273300060;r=42;lambda=18/3689;tail=30;scan=11;controls=2;cover=()
LEAF;E=(1, 9, 10, 11, 12, 13, 14);rank=5;a=17;P=(23, 16, 19, 46, 17);K4=(31, 35, 53, 69);m=359974861/5295750460;r=44;lambda=18/3689;tail=30;scan=11;controls=2;cover=()
LEAF;E=(1, 9, 10, 11, 12, 13, 14);rank=5;a=17;P=(23, 16, 19, 46, 17);K4=(35, 37, 53, 69);m=104609117/1625331708;r=44;lambda=62/8211;tail=19;scan=2;controls=2;cover=()
LEAF;E=(1, 9, 10, 11, 12, 13, 14);rank=5;a=17;P=(23, 16, 19, 46, 17);K4=(29, 31, 32, 182);m=1330691221/19275836580;r=40;lambda=145/40768;tail=41;scan=19;controls=2;cover=()
LEAF;E=(1, 9, 10, 11, 12, 13, 14);rank=5;a=17;P=(23, 16, 19, 46, 17);K4=(29, 31, 37, 182);m=18110055059/237735317820;r=42;lambda=3/637;tail=31;scan=11;controls=2;cover=()
LEAF;E=(1, 9, 10, 11, 12, 13, 14);rank=5;a=17;P=(23, 16, 19, 46, 17);K4=(29, 31, 53, 182);m=74790489619/1021619338740;r=44;lambda=3/637;tail=31;scan=11;controls=2;cover=()
LEAF;E=(1, 9, 10, 11, 12, 13, 14);rank=5;a=17;P=(23, 16, 19, 46, 17);K4=(29, 31, 69, 182);m=22922759/332342010;r=44;lambda=743/175812;tail=34;scan=13;controls=2;cover=()
LEAF;E=(1, 9, 10, 11, 12, 13, 14);rank=5;a=17;P=(23, 16, 19, 46, 17);K4=(29, 32, 37, 182);m=3596994481/46013287320;r=42;lambda=3/637;tail=31;scan=11;controls=2;cover=()
LEAF;E=(1, 9, 10, 11, 12, 13, 14);rank=5;a=17;P=(23, 16, 19, 46, 17);K4=(29, 32, 53, 182);m=223635751/2897183520;r=46;lambda=563/135044;tail=35;scan=14;controls=2;cover=()
LEAF;E=(1, 9, 10, 11, 12, 13, 14);rank=5;a=17;P=(23, 16, 19, 46, 17);K4=(29, 32, 69, 182);m=2069149993/28602854280;r=46;lambda=229/58604;tail=37;scan=16;controls=2;cover=()
LEAF;E=(1, 9, 10, 11, 12, 13, 14);rank=5;a=17;P=(23, 16, 19, 46, 17);K4=(29, 37, 53, 182);m=8055321782/101612676165;r=48;lambda=3/637;tail=31;scan=11;controls=2;cover=()
LEAF;E=(1, 9, 10, 11, 12, 13, 14);rank=5;a=17;P=(23, 16, 19, 46, 17);K4=(29, 37, 69, 182);m=3180940124/44096067015;r=48;lambda=743/175812;tail=34;scan=14;controls=2;cover=()
LEAF;E=(1, 9, 10, 11, 12, 13, 14);rank=5;a=17;P=(23, 16, 19, 46, 17);K4=(29, 53, 69, 182);m=1635589321/21656446812;r=50;lambda=743/175812;tail=34;scan=14;controls=2;cover=()
LEAF;E=(1, 9, 10, 11, 12, 13, 14);rank=5;a=17;P=(23, 16, 19, 46, 17);K4=(31, 32, 37, 182);m=2596694407/39349293984;r=40;lambda=145/40768;tail=41;scan=19;controls=2;cover=()
LEAF;E=(1, 9, 10, 11, 12, 13, 14);rank=5;a=17;P=(23, 16, 19, 46, 17);K4=(31, 32, 53, 182);m=9528541543/140913012240;r=40;lambda=145/40768;tail=41;scan=20;controls=2;cover=()
LEAF;E=(1, 9, 10, 11, 12, 13, 14);rank=5;a=17;P=(23, 16, 19, 46, 17);K4=(31, 32, 69, 182);m=8257683089/122301859680;r=44;lambda=3/637;tail=31;scan=12;controls=2;cover=()
LEAF;E=(1, 9, 10, 11, 12, 13, 14);rank=5;a=17;P=(23, 16, 19, 46, 17);K4=(31, 37, 53, 182);m=4674506429/62068826820;r=40;lambda=3/637;tail=31;scan=12;controls=2;cover=()
LEAF;E=(1, 9, 10, 11, 12, 13, 14);rank=5;a=17;P=(23, 16, 19, 46, 17);K4=(31, 37, 69, 182);m=60366227/853161540;r=46;lambda=103/22932;tail=32;scan=12;controls=2;cover=()
LEAF;E=(1, 9, 10, 11, 12, 13, 14);rank=5;a=17;P=(23, 16, 19, 46, 17);K4=(31, 53, 69, 182);m=3621597821/47661754140;r=44;lambda=103/22932;tail=32;scan=12;controls=2;cover=()
LEAF;E=(1, 9, 10, 11, 12, 13, 14);rank=5;a=17;P=(23, 16, 19, 46, 17);K4=(32, 37, 53, 182);m=23886276013/336372996960;r=44;lambda=3/637;tail=31;scan=12;controls=2;cover=()
LEAF;E=(1, 9, 10, 11, 12, 13, 14);rank=5;a=17;P=(23, 16, 19, 46, 17);K4=(32, 37, 69, 182);m=9761198719/145973187360;r=48;lambda=673/175812;tail=38;scan=17;controls=2;cover=()
LEAF;E=(1, 9, 10, 11, 12, 13, 14);rank=5;a=17;P=(23, 16, 19, 46, 17);K4=(32, 53, 69, 182);m=1210015123/16084363680;r=48;lambda=3/637;tail=31;scan=12;controls=2;cover=()
LEAF;E=(1, 9, 10, 11, 12, 13, 14);rank=5;a=17;P=(23, 16, 19, 46, 17);K4=(37, 53, 69, 182);m=712984963/9481101630;r=48;lambda=103/22932;tail=32;scan=13;controls=2;cover=()
LEAF;E=(1, 9, 10, 11, 12, 13, 14);rank=5;a=17;P=(23, 16, 19, 46, 17);K4=(25, 29, 31, 32);m=51799644427/771033463200;r=30;lambda=29/4340;tail=22;scan=4;controls=2;cover=()
LEAF;E=(1, 9, 10, 11, 12, 13, 14);rank=5;a=17;P=(23, 16, 19, 46, 17);K4=(25, 29, 31, 37);m=17926058963/237735317820;r=30;lambda=18/2849;tail=23;scan=5;controls=2;cover=()
LEAF;E=(1, 9, 10, 11, 12, 13, 14);rank=5;a=17;P=(23, 16, 19, 46, 17);K4=(25, 29, 31, 53);m=71995471687/1021619338740;r=38;lambda=24/4081;tail=25;scan=6;controls=2;cover=()
LEAF;E=(1, 9, 10, 11, 12, 13, 14);rank=5;a=17;P=(23, 16, 19, 46, 17);K4=(25, 29, 31, 69);m=8072395711/110836060335;r=36;lambda=10/1771;tail=26;scan=6;controls=2;cover=()
LEAF;E=(1, 9, 10, 11, 12, 13, 14);rank=5;a=17;P=(23, 16, 19, 46, 17);K4=(25, 29, 31, 120);m=7149538337/96379182900;r=42;lambda=99/17360;tail=26;scan=6;controls=2;cover=()
LEAF;E=(1, 9, 10, 11, 12, 13, 14);rank=5;a=17;P=(23, 16, 19, 46, 17);K4=(25, 29, 32, 37);m=67041315269/920265746400;r=26;lambda=19/1848;tail=14;scan=0;controls=0;cover=()
LEAF;E=(1, 9, 10, 11, 12, 13, 14);rank=5;a=17;P=(23, 16, 19, 46, 17);K4=(25, 29, 32, 53);m=9654058961/131821850160;r=34;lambda=61/8904;tail=21;scan=3;controls=2;cover=()
LEAF;E=(1, 9, 10, 11, 12, 13, 14);rank=5;a=17;P=(23, 16, 19, 46, 17);K4=(25, 29, 32, 69);m=8326036843/114411417120;r=34;lambda=13/2001;tail=22;scan=4;controls=2;cover=()
LEAF;E=(1, 9, 10, 11, 12, 13, 14);rank=5;a=17;P=(23, 16, 19, 46, 17);K4=(25, 29, 32, 120);m=617140757/8290682400;r=38;lambda=1/140;tail=21;scan=3;controls=2;cover=()
LEAF;E=(1, 9, 10, 11, 12, 13, 14);rank=5;a=17;P=(23, 16, 19, 46, 17);K4=(25, 29, 37, 53);m=1588708402/20322535233;r=32;lambda=73/9275;tail=19;scan=2;controls=2;cover=()
LEAF;E=(1, 9, 10, 11, 12, 13, 14);rank=5;a=17;P=(23, 16, 19, 46, 17);K4=(25, 29, 37, 69);m=6599257789/88192134030;r=32;lambda=79/12075;tail=22;scan=4;controls=2;cover=()
LEAF;E=(1, 9, 10, 11, 12, 13, 14);rank=5;a=17;P=(23, 16, 19, 46, 17);K4=(25, 29, 37, 120);m=8684297669/115033218300;r=38;lambda=1/140;tail=21;scan=3;controls=2;cover=()
LEAF;E=(1, 9, 10, 11, 12, 13, 14);rank=5;a=17;P=(23, 16, 19, 46, 17);K4=(25, 29, 53, 69);m=75120036241/947469548025;r=38;lambda=79/12075;tail=22;scan=4;controls=2;cover=()
LEAF;E=(1, 9, 10, 11, 12, 13, 14);rank=5;a=17;P=(23, 16, 19, 46, 17);K4=(25, 29, 53, 120);m=24661719893/329554625400;r=48;lambda=457/89040;tail=28;scan=8;controls=2;cover=()
LEAF;E=(1, 9, 10, 11, 12, 13, 14);rank=5;a=17;P=(23, 16, 19, 46, 17);K4=(25, 29, 69, 120);m=5272485139/71507135700;r=46;lambda=19/3248;tail=25;scan=6;controls=2;cover=()
LEAF;E=(1, 9, 10, 11, 12, 13, 14);rank=5;a=17;P=(23, 16, 19, 46, 17);K4=(25, 31, 32, 37);m=59673806761/983732349600;r=30;lambda=2/341;tail=25;scan=6;controls=2;cover=()
LEAF;E=(1, 9, 10, 11, 12, 13, 14);rank=5;a=17;P=(23, 16, 19, 46, 17);K4=(25, 31, 32, 53);m=5177891749/88070632650;r=36;lambda=45/10388;tail=33;scan=11;controls=2;cover=()
LEAF;E=(1, 9, 10, 11, 12, 13, 14);rank=5;a=17;P=(23, 16, 19, 46, 17);K4=(25, 31, 32, 69);m=40529565859/611509298400;r=36;lambda=85/13524;tail=23;scan=5;controls=2;cover=()
LEAF;E=(1, 9, 10, 11, 12, 13, 14);rank=5;a=17;P=(23, 16, 19, 46, 17);K4=(25, 31, 32, 120);m=25193361/369268900;r=38;lambda=99/17360;tail=26;scan=6;controls=2;cover=()
LEAF;E=(1, 9, 10, 11, 12, 13, 14);rank=5;a=17;P=(23, 16, 19, 46, 17);K4=(25, 31, 37, 53);m=30381475811/434481787740;r=34;lambda=8/1071;tail=20;scan=2;controls=2;cover=()
LEAF;E=(1, 9, 10, 11, 12, 13, 14);rank=5;a=17;P=(23, 16, 19, 46, 17);K4=(25, 31, 37, 69);m=2745598553/37709740068;r=34;lambda=10/1771;tail=26;scan=6;controls=2;cover=()
LEAF;E=(1, 9, 10, 11, 12, 13, 14);rank=5;a=17;P=(23, 16, 19, 46, 17);K4=(25, 31, 37, 120);m=17600686667/245933087400;r=40;lambda=37/5712;tail=23;scan=5;controls=2;cover=()
LEAF;E=(1, 9, 10, 11, 12, 13, 14);rank=5;a=17;P=(23, 16, 19, 46, 17);K4=(25, 31, 53, 69);m=59791857247/810249820380;r=40;lambda=10/1771;tail=26;scan=6;controls=2;cover=()
LEAF;E=(1, 9, 10, 11, 12, 13, 14);rank=5;a=17;P=(23, 16, 19, 46, 17);K4=(25, 31, 53, 120);m=12669213449/176141265300;r=44;lambda=37/5712;tail=23;scan=5;controls=2;cover=()
LEAF;E=(1, 9, 10, 11, 12, 13, 14);rank=5;a=17;P=(23, 16, 19, 46, 17);K4=(25, 31, 69, 120);m=5844605909/76438662300;r=44;lambda=17/3472;tail=30;scan=10;controls=2;cover=()
LEAF;E=(1, 9, 10, 11, 12, 13, 14);rank=5;a=17;P=(23, 16, 19, 46, 17);K4=(25, 32, 37, 53);m=106421507519/1681864984800;r=34;lambda=61/8904;tail=21;scan=3;controls=2;cover=()
LEAF;E=(1, 9, 10, 11, 12, 13, 14);rank=5;a=17;P=(23, 16, 19, 46, 17);K4=(25, 32, 37, 69);m=46651821509/729865936800;r=36;lambda=1/231;tail=34;scan=13;controls=2;cover=()
LEAF;E=(1, 9, 10, 11, 12, 13, 14);rank=5;a=17;P=(23, 16, 19, 46, 17);K4=(25, 32, 37, 120);m=686146063/10577767200;r=38;lambda=1/140;tail=21;scan=3;controls=2;cover=()
LEAF;E=(1, 9, 10, 11, 12, 13, 14);rank=5;a=17;P=(23, 16, 19, 46, 17);K4=(25, 32, 53, 69);m=75077659109/1045483639200;r=40;lambda=59/9275;tail=23;scan=5;controls=2;cover=()
LEAF;E=(1, 9, 10, 11, 12, 13, 14);rank=5;a=17;P=(23, 16, 19, 46, 17);K4=(25, 32, 53, 120);m=537248377/7575968400;r=42;lambda=157/29680;tail=28;scan=8;controls=2;cover=()
LEAF;E=(1, 9, 10, 11, 12, 13, 14);rank=5;a=17;P=(23, 16, 19, 46, 17);K4=(25, 32, 69, 120);m=28091117/386786400;r=44;lambda=1/140;tail=21;scan=3;controls=2;cover=()
LEAF;E=(1, 9, 10, 11, 12, 13, 14);rank=5;a=17;P=(23, 16, 19, 46, 17);K4=(25, 37, 53, 69);m=60582869701/805893638550;r=38;lambda=79/12075;tail=22;scan=4;controls=2;cover=()
LEAF;E=(1, 9, 10, 11, 12, 13, 14);rank=5;a=17;P=(23, 16, 19, 46, 17);K4=(25, 37, 53, 120);m=15263773103/210233123100;r=44;lambda=37/5712;tail=23;scan=5;controls=2;cover=()
LEAF;E=(1, 9, 10, 11, 12, 13, 14);rank=5;a=17;P=(23, 16, 19, 46, 17);K4=(25, 37, 69, 120);m=3206788399/45616621050;r=46;lambda=5/1104;tail=32;scan=12;controls=2;cover=()
LEAF;E=(1, 9, 10, 11, 12, 13, 14);rank=5;a=17;P=(23, 16, 19, 46, 17);K4=(25, 53, 69, 120);m=2614593187/32671363725;r=50;lambda=157/29680;tail=28;scan=8;controls=2;cover=()
LEAF;E=(1, 9, 10, 11, 12, 13, 14);rank=5;a=17;P=(23, 16, 19, 46, 17);K4=(29, 31, 32, 37);m=382244099191/5705647627680;r=28;lambda=2/341;tail=25;scan=6;controls=2;cover=()
LEAF;E=(1, 9, 10, 11, 12, 13, 14);rank=5;a=17;P=(23, 16, 19, 46, 17);K4=(29, 31, 32, 53);m=248849367707/4086477354960;r=34;lambda=19/3451;tail=26;scan=7;controls=2;cover=()
LEAF;E=(1, 9, 10, 11, 12, 13, 14);rank=5;a=17;P=(23, 16, 19, 46, 17);K4=(29, 31, 32, 69);m=40869453593/709350786144;r=36;lambda=83/14973;tail=26;scan=7;controls=2;cover=()
LEAF;E=(1, 9, 10, 11, 12, 13, 14);rank=5;a=17;P=(23, 16, 19, 46, 17);K4=(29, 31, 32, 120);m=232194085/3426815392;r=36;lambda=99/17360;tail=26;scan=7;controls=2;cover=()
LEAF;E=(1, 9, 10, 11, 12, 13, 14);rank=5;a=17;P=(23, 16, 19, 46, 17);K4=(29, 31, 37, 53);m=929254193797/12599971844460;r=34;lambda=30/4823;tail=23;scan=5;controls=2;cover=()
LEAF;E=(1, 9, 10, 11, 12, 13, 14);rank=5;a=17;P=(23, 16, 19, 46, 17);K4=(29, 31, 37, 69);m=73911216913/1093582461972;r=36;lambda=10/1771;tail=26;scan=7;controls=2;cover=()
LEAF;E=(1, 9, 10, 11, 12, 13, 14);rank=5;a=17;P=(23, 16, 19, 46, 17);K4=(29, 31, 37, 120);m=27019625273/356602976730;r=40;lambda=99/17360;tail=26;scan=7;controls=2;cover=()
LEAF;E=(1, 9, 10, 11, 12, 13, 14);rank=5;a=17;P=(23, 16, 19, 46, 17);K4=(29, 31, 53, 69);m=52892636437/810249820380;r=40;lambda=10/1771;tail=26;scan=7;controls=2;cover=()
LEAF;E=(1, 9, 10, 11, 12, 13, 14);rank=5;a=17;P=(23, 16, 19, 46, 17);K4=(29, 31, 53, 120);m=17772430337/255404834685;r=46;lambda=229/48720;tail=31;scan=11;controls=2;cover=()
LEAF;E=(1, 9, 10, 11, 12, 13, 14);rank=5;a=17;P=(23, 16, 19, 46, 17);K4=(29, 31, 69, 120);m=118107433/1798556760;r=46;lambda=17/3472;tail=30;scan=10;controls=2;cover=()
LEAF;E=(1, 9, 10, 11, 12, 13, 14);rank=5;a=17;P=(23, 16, 19, 46, 17);K4=(29, 32, 37, 53);m=686167917257/9754816911840;r=34;lambda=61/8904;tail=21;scan=3;controls=2;cover=()
LEAF;E=(1, 9, 10, 11, 12, 13, 14);rank=5;a=17;P=(23, 16, 19, 46, 17);K4=(29, 32, 37, 69);m=270107587619/4233222433440;r=34;lambda=1/231;tail=34;scan=13;controls=2;cover=()
LEAF;E=(1, 9, 10, 11, 12, 13, 14);rank=5;a=17;P=(23, 16, 19, 46, 17);K4=(29, 32, 37, 120);m=4791816013/61351049760;r=36;lambda=1/140;tail=21;scan=3;controls=2;cover=()
LEAF;E=(1, 9, 10, 11, 12, 13, 14);rank=5;a=17;P=(23, 16, 19, 46, 17);K4=(29, 32, 53, 69);m=393347949131/6063805107360;r=40;lambda=43/10759;tail=36;scan=15;controls=2;cover=()
LEAF;E=(1, 9, 10, 11, 12, 13, 14);rank=5;a=17;P=(23, 16, 19, 46, 17);K4=(29, 32, 53, 120);m=109145427/1464687224;r=44;lambda=229/48720;tail=31;scan=11;controls=2;cover=()
LEAF;E=(1, 9, 10, 11, 12, 13, 14);rank=5;a=17;P=(23, 16, 19, 46, 17);K4=(29, 32, 69, 120);m=2639084719/38137139040;r=44;lambda=19/3248;tail=25;scan=6;controls=2;cover=()
LEAF;E=(1, 9, 10, 11, 12, 13, 14);rank=5;a=17;P=(23, 16, 19, 46, 17);K4=(29, 37, 53, 69);m=7096636054/101612676165;r=38;lambda=62/8211;tail=19;scan=2;controls=2;cover=()
LEAF;E=(1, 9, 10, 11, 12, 13, 14);rank=5;a=17;P=(23, 16, 19, 46, 17);K4=(29, 37, 53, 120);m=2902733987/37518526584;r=48;lambda=457/89040;tail=28;scan=9;controls=2;cover=()
LEAF;E=(1, 9, 10, 11, 12, 13, 14);rank=5;a=17;P=(23, 16, 19, 46, 17);K4=(29, 37, 69, 120);m=2185057099/31126635540;r=46;lambda=79/18480;tail=34;scan=14;controls=2;cover=()
LEAF;E=(1, 9, 10, 11, 12, 13, 14);rank=5;a=17;P=(23, 16, 19, 46, 17);K4=(29, 53, 69, 120);m=6311907949/89173604520;r=54;lambda=79/18480;tail=34;scan=14;controls=2;cover=()
LEAF;E=(1, 9, 10, 11, 12, 13, 14);rank=5;a=17;P=(23, 16, 19, 46, 17);K4=(31, 32, 37, 53);m=622285115077/10427562905760;r=34;lambda=25/3689;tail=22;scan=4;controls=2;cover=()
LEAF;E=(1, 9, 10, 11, 12, 13, 14);rank=5;a=17;P=(23, 16, 19, 46, 17);K4=(31, 32, 37, 69);m=260205113383/4525168808160;r=38;lambda=1/231;tail=34;scan=13;controls=2;cover=()
LEAF;E=(1, 9, 10, 11, 12, 13, 14);rank=5;a=17;P=(23, 16, 19, 46, 17);K4=(31, 32, 37, 120);m=4435188893/65582156640;r=38;lambda=311/52080;tail=24;scan=5;controls=2;cover=()
LEAF;E=(1, 9, 10, 11, 12, 13, 14);rank=5;a=17;P=(23, 16, 19, 46, 17);K4=(31, 32, 53, 69);m=78287787419/1296399712608;r=40;lambda=4/901;tail=33;scan=12;controls=2;cover=()
LEAF;E=(1, 9, 10, 11, 12, 13, 14);rank=5;a=17;P=(23, 16, 19, 46, 17);K4=(31, 32, 53, 120);m=3194557291/46971004080;r=40;lambda=311/52080;tail=24;scan=5;controls=2;cover=()
LEAF;E=(1, 9, 10, 11, 12, 13, 14);rank=5;a=17;P=(23, 16, 19, 46, 17);K4=(31, 32, 69, 120);m=2727565927/40767286560;r=44;lambda=17/3472;tail=30;scan=11;controls=2;cover=()
LEAF;E=(1, 9, 10, 11, 12, 13, 14);rank=5;a=17;P=(23, 16, 19, 46, 17);K4=(31, 37, 53, 69);m=8219035369/117565660212;r=40;lambda=10/1771;tail=26;scan=7;controls=2;cover=()
LEAF;E=(1, 9, 10, 11, 12, 13, 14);rank=5;a=17;P=(23, 16, 19, 46, 17);K4=(31, 37, 53, 120);m=20020124921/260689072644;r=44;lambda=37/5712;tail=23;scan=5;controls=2;cover=()
LEAF;E=(1, 9, 10, 11, 12, 13, 14);rank=5;a=17;P=(23, 16, 19, 46, 17);K4=(31, 37, 69, 120);m=130780927/1824664842;r=48;lambda=5/1104;tail=32;scan=12;controls=2;cover=()
LEAF;E=(1, 9, 10, 11, 12, 13, 14);rank=5;a=17;P=(23, 16, 19, 46, 17);K4=(31, 53, 69, 120);m=15284928488/202562455095;r=50;lambda=5/1104;tail=32;scan=12;controls=2;cover=()
LEAF;E=(1, 9, 10, 11, 12, 13, 14);rank=5;a=17;P=(23, 16, 19, 46, 17);K4=(32, 37, 53, 69);m=236823304369/3868289465040;r=42;lambda=94/17871;tail=28;scan=9;controls=2;cover=()
LEAF;E=(1, 9, 10, 11, 12, 13, 14);rank=5;a=17;P=(23, 16, 19, 46, 17);K4=(32, 37, 53, 120);m=8026282003/112124332320;r=46;lambda=1/140;tail=21;scan=3;controls=2;cover=()
LEAF;E=(1, 9, 10, 11, 12, 13, 14);rank=5;a=17;P=(23, 16, 19, 46, 17);K4=(32, 37, 69, 120);m=3215794553/48657729120;r=48;lambda=1/240;tail=35;scan=15;controls=2;cover=()
LEAF;E=(1, 9, 10, 11, 12, 13, 14);rank=5;a=17;P=(23, 16, 19, 46, 17);K4=(32, 53, 69, 120);m=1710267199/23232969760;r=52;lambda=157/29680;tail=28;scan=9;controls=2;cover=()
LEAF;E=(1, 9, 10, 11, 12, 13, 14);rank=5;a=17;P=(23, 16, 19, 46, 17);K4=(37, 53, 69, 120);m=71703945977/967072366260;r=54;lambda=5/1104;tail=32;scan=13;controls=2;cover=()
CORE;E=(2, 5, 9, 11, 12, 13, 14);K=21;rank=4;a=19;P=(16, 23, 17, 19);h=136111/684684;r=28;R3=31471117/239639400;theta=16167733/239639400;level=16167733/479278800;eps=852211/159759600;N=1060;H=16;pairs=120;paid=120;pruned=0;edges=76;ties=0;deg=8;F3=265;N3=606;tri_checks=240;K4=184;closed=True;order=(30, 81, 109, 74, 20, 75, 32, 25, 29, 40, 24, 31, 37, 46, 50, 80);forward_degrees=(4, 5, 5, 7, 8, 7, 7, 7, 6, 5, 5, 4, 3, 2, 1, 0);Hlabels=(20, 24, 25, 29, 30, 31, 32, 37, 40, 46, 50, 74, 75, 80, 81, 109);weighted_edges=((20, 24, '318287/3993990'), (20, 25, '122237/1597596'), (20, 29, '16381877/231651420'), (20, 31, '9139027/123813690'), (20, 32, '14879651/191711520'), (20, 46, '40527187/551170620'), (20, 50, '8166313/119819700'), (20, 75, '567713/7987980'), (24, 25, '112031/1536150'), (24, 29, '217999/2807896'), (24, 30, '56401/726180'), (24, 31, '590221/7619304'), (24, 37, '2543347/32242392'), (24, 40, '3551221/47927880'), (24, 46, '1363711/16959096'), (24, 50, '19296731/239639400'), (24, 74, '2129851/29555526'), (24, 75, '52567/768075'), (24, 80, '529367/7373520'), (24, 81, '144149/1960686'), (24, 109, '762901/10553816'), (25, 29, '3189167/46330284'), (25, 30, '297511/3993990'), (25, 31, '2388689/31747100'), (25, 32, '1435837/18433800'), (25, 37, '331368571/4433328900'), (25, 40, '4083571/47927880'), (25, 46, '3162601/42397740'), (25, 80, '2608657/36867600'), (25, 81, '14714431/215675460'), (29, 30, '294517/4211844'), (29, 31, '9259956/119686567'), (29, 32, '77628095/1111926816'), (29, 40, '13517926/173738565'), (29, 46, '222336181/3196789596'), (29, 50, '252885209/3474771300'), (29, 80, '94806623/1389908520'), (30, 32, '14149397/191711520'), (31, 32, '6899047/91431648'), (31, 37, '204581693/2748663918'), (31, 40, '2996386/37144107'), (31, 46, '9492337/131432994'), (31, 50, '291584401/3714410700'), (31, 74, '31636205/458110653'), (31, 75, '1178983/15873550'), (31, 80, '16570049/228579120'), (32, 37, '487159/6222216'), (32, 40, '4602253/63903840'), (32, 46, '26053/327712'), (32, 50, '314803/3993990'), (32, 74, '5682073/74666592'), (32, 75, '1053491/14747040'), (32, 109, '37028183/522413892'), (37, 40, '25682765/354666312'), (37, 46, '80118068/1019665647'), (37, 50, '351064247/4433328900'), (37, 75, '2202793/29954925'), (37, 80, '12709139/186666480'), (37, 109, '127961957/1757210364'), (40, 46, '88015271/1102341240'), (40, 50, '18414931/239639400'), (40, 74, '64007213/886665780'), (40, 75, '18657239/239639400'), (40, 81, '1153043/15975960'), (40, 109, '367577911/5224138920'), (46, 50, '44838611/551170620'), (46, 74, '306613691/4078662588'), (46, 75, '14645531/211988700'), (46, 80, '3067051/42397740'), (46, 81, '73259467/992107116'), (50, 74, '158975153/2216664450'), (50, 80, '34357139/479278800'), (50, 81, '14951437/215675460'), (50, 109, '230271163/3265086825'), (74, 75, '33672841/492592100'), (75, 80, '2653801/36867600'));tie_edges=()
LEAF;E=(2, 5, 9, 11, 12, 13, 14);rank=4;a=19;P=(16, 23, 17, 19);K4=(25, 29, 30, 32);m=954156487/13899085200;r=30;lambda=1/147;tail=22;scan=4;controls=2;cover=()
LEAF;E=(2, 5, 9, 11, 12, 13, 14);rank=4;a=19;P=(16, 23, 17, 19);K4=(24, 25, 29, 30);m=459210751/6949542600;r=30;lambda=3/380;tail=19;scan=2;controls=2;cover=()
LEAF;E=(2, 5, 9, 11, 12, 13, 14);rank=4;a=19;P=(16, 23, 17, 19);K4=(24, 25, 40, 81);m=801604/10783773;r=38;lambda=1/144;tail=21;scan=3;controls=2;cover=()
LEAF;E=(2, 5, 9, 11, 12, 13, 14);rank=4;a=19;P=(16, 23, 17, 19);K4=(25, 40, 46, 81);m=4430197/65270205;r=40;lambda=73/15876;tail=32;scan=12;controls=2;cover=()
LEAF;E=(2, 5, 9, 11, 12, 13, 14);rank=4;a=19;P=(16, 23, 17, 19);K4=(24, 25, 46, 81);m=717040837/9921071160;r=38;lambda=37/7371;tail=29;scan=8;controls=2;cover=()
LEAF;E=(2, 5, 9, 11, 12, 13, 14);rank=4;a=19;P=(16, 23, 17, 19);K4=(24, 40, 46, 81);m=89261371/1240133895;r=46;lambda=16/3591;tail=33;scan=13;controls=2;cover=()
LEAF;E=(2, 5, 9, 11, 12, 13, 14);rank=4;a=19;P=(16, 23, 17, 19);K4=(24, 40, 50, 81);m=169419197/2156754600;r=42;lambda=1/144;tail=21;scan=3;controls=2;cover=()
LEAF;E=(2, 5, 9, 11, 12, 13, 14);rank=4;a=19;P=(16, 23, 17, 19);K4=(40, 46, 50, 81);m=15708751/217567350;r=46;lambda=73/15876;tail=32;scan=13;controls=2;cover=()
LEAF;E=(2, 5, 9, 11, 12, 13, 14);rank=4;a=19;P=(16, 23, 17, 19);K4=(24, 46, 50, 81);m=134820379/2066889825;r=44;lambda=181/52164;tail=42;scan=22;controls=2;cover=()
LEAF;E=(2, 5, 9, 11, 12, 13, 14);rank=4;a=19;P=(16, 23, 17, 19);K4=(32, 37, 40, 109);m=60405153931/773172560160;r=48;lambda=6/763;tail=19;scan=2;controls=2;cover=()
LEAF;E=(2, 5, 9, 11, 12, 13, 14);rank=4;a=19;P=(16, 23, 17, 19);K4=(32, 40, 50, 109);m=151482179/1833031200;r=52;lambda=6/763;tail=19;scan=2;controls=2;cover=()
LEAF;E=(2, 5, 9, 11, 12, 13, 14);rank=4;a=19;P=(16, 23, 17, 19);K4=(32, 37, 50, 109);m=13507128889/214770155600;r=50;lambda=116/28231;tail=35;scan=15;controls=2;cover=()
LEAF;E=(2, 5, 9, 11, 12, 13, 14);rank=4;a=19;P=(16, 23, 17, 19);K4=(24, 37, 40, 109);m=5038940993/64431046680;r=44;lambda=104/14497;tail=20;scan=2;controls=2;cover=()
LEAF;E=(2, 5, 9, 11, 12, 13, 14);rank=4;a=19;P=(16, 23, 17, 19);K4=(24, 40, 50, 109);m=1065781349/13060347300;r=46;lambda=6/763;tail=19;scan=2;controls=2;cover=()
LEAF;E=(2, 5, 9, 11, 12, 13, 14);rank=4;a=19;P=(16, 23, 17, 19);K4=(37, 40, 50, 109);m=485451833/6358326975;r=46;lambda=499/76300;tail=22;scan=4;controls=2;cover=()
LEAF;E=(2, 5, 9, 11, 12, 13, 14);rank=4;a=19;P=(16, 23, 17, 19);K4=(24, 37, 50, 109);m=12243822791/193293140040;r=44;lambda=499/76300;tail=22;scan=4;controls=2;cover=()
LEAF;E=(2, 5, 9, 11, 12, 13, 14);rank=4;a=19;P=(16, 23, 17, 19);K4=(32, 40, 74, 75);m=2666176277/35466631200;r=40;lambda=139/20720;tail=22;scan=4;controls=2;cover=()
LEAF;E=(2, 5, 9, 11, 12, 13, 14);rank=4;a=19;P=(16, 23, 17, 19);K4=(31, 32, 74, 75);m=7095800951/99951415200;r=36;lambda=145/19684;tail=20;scan=2;controls=2;cover=()
LEAF;E=(2, 5, 9, 11, 12, 13, 14);rank=4;a=19;P=(16, 23, 17, 19);K4=(32, 46, 74, 75);m=57549921721/815732517600;r=40;lambda=6/1463;tail=35;scan=15;controls=2;cover=()
LEAF;E=(2, 5, 9, 11, 12, 13, 14);rank=4;a=19;P=(16, 23, 17, 19);K4=(24, 40, 74, 75);m=80322871/985184200;r=30;lambda=31/3325;tail=16;scan=1;controls=1;cover=()
LEAF;E=(2, 5, 9, 11, 12, 13, 14);rank=4;a=19;P=(16, 23, 17, 19);K4=(31, 40, 74, 75);m=30212933/438383400;r=30;lambda=139/20720;tail=22;scan=4;controls=2;cover=()
LEAF;E=(2, 5, 9, 11, 12, 13, 14);rank=4;a=19;P=(16, 23, 17, 19);K4=(40, 46, 74, 75);m=255864101/3577774200;r=40;lambda=89/12236;tail=20;scan=2;controls=2;cover=()
LEAF;E=(2, 5, 9, 11, 12, 13, 14);rank=4;a=19;P=(16, 23, 17, 19);K4=(24, 31, 74, 75);m=1922218699/24987853800;r=30;lambda=24/4123;tail=25;scan=5;controls=2;cover=()
LEAF;E=(2, 5, 9, 11, 12, 13, 14);rank=4;a=19;P=(16, 23, 17, 19);K4=(24, 46, 74, 75);m=1769033433/22659236600;r=32;lambda=89/12236;tail=20;scan=2;controls=2;cover=()
LEAF;E=(2, 5, 9, 11, 12, 13, 14);rank=4;a=19;P=(16, 23, 17, 19);K4=(31, 46, 74, 75);m=1896726296/23946693225;r=34;lambda=24/4123;tail=25;scan=6;controls=2;cover=()
LEAF;E=(2, 5, 9, 11, 12, 13, 14);rank=4;a=19;P=(16, 23, 17, 19);K4=(31, 32, 40, 74);m=296030275/3998056608;r=34;lambda=139/20720;tail=22;scan=4;controls=2;cover=()
LEAF;E=(2, 5, 9, 11, 12, 13, 14);rank=4;a=19;P=(16, 23, 17, 19);K4=(32, 40, 46, 74);m=11365857161/163146503520;r=40;lambda=10/1813;tail=26;scan=7;controls=2;cover=()
LEAF;E=(2, 5, 9, 11, 12, 13, 14);rank=4;a=19;P=(16, 23, 17, 19);K4=(32, 40, 50, 74);m=3105283/38888850;r=40;lambda=115/16576;tail=21;scan=3;controls=2;cover=()
LEAF;E=(2, 5, 9, 11, 12, 13, 14);rank=4;a=19;P=(16, 23, 17, 19);K4=(31, 32, 46, 74);m=99793741/1483150032;r=38;lambda=53/13468;tail=37;scan=16;controls=2;cover=()
LEAF;E=(2, 5, 9, 11, 12, 13, 14);rank=4;a=19;P=(16, 23, 17, 19);K4=(31, 32, 50, 74);m=3412695269/49975707600;r=38;lambda=145/19684;tail=20;scan=2;controls=2;cover=()
LEAF;E=(2, 5, 9, 11, 12, 13, 14);rank=4;a=19;P=(16, 23, 17, 19);K4=(32, 46, 50, 74);m=2710351549/45318473200;r=44;lambda=10/1813;tail=26;scan=7;controls=2;cover=()
LEAF;E=(2, 5, 9, 11, 12, 13, 14);rank=4;a=19;P=(16, 23, 17, 19);K4=(24, 31, 40, 74);m=286405967/3664885224;r=28;lambda=1/144;tail=21;scan=3;controls=2;cover=()
LEAF;E=(2, 5, 9, 11, 12, 13, 14);rank=4;a=19;P=(16, 23, 17, 19);K4=(24, 40, 46, 74);m=1017867413/13595541960;r=34;lambda=89/12236;tail=20;scan=2;controls=2;cover=()
LEAF;E=(2, 5, 9, 11, 12, 13, 14);rank=4;a=19;P=(16, 23, 17, 19);K4=(24, 40, 50, 74);m=142845491/1773331560;r=32;lambda=19/2800;tail=22;scan=4;controls=2;cover=()
LEAF;E=(2, 5, 9, 11, 12, 13, 14);rank=4;a=19;P=(16, 23, 17, 19);K4=(31, 40, 46, 74);m=5957867257/84292360152;r=36;lambda=24/4123;tail=25;scan=6;controls=2;cover=()
LEAF;E=(2, 5, 9, 11, 12, 13, 14);rank=4;a=19;P=(16, 23, 17, 19);K4=(31, 40, 50, 74);m=2615819/35544600;r=32;lambda=19/2800;tail=22;scan=4;controls=2;cover=()
LEAF;E=(2, 5, 9, 11, 12, 13, 14);rank=4;a=19;P=(16, 23, 17, 19);K4=(40, 46, 50, 74);m=382682539/5366661300;r=40;lambda=10/1813;tail=26;scan=7;controls=2;cover=()
LEAF;E=(2, 5, 9, 11, 12, 13, 14);rank=4;a=19;P=(16, 23, 17, 19);K4=(24, 31, 46, 74);m=3147890917/42146180076;r=32;lambda=24/4123;tail=25;scan=5;controls=2;cover=()
LEAF;E=(2, 5, 9, 11, 12, 13, 14);rank=4;a=19;P=(16, 23, 17, 19);K4=(24, 31, 50, 74);m=47933293/694107050;r=32;lambda=58/6475;tail=16;scan=1;controls=1;cover=()
LEAF;E=(2, 5, 9, 11, 12, 13, 14);rank=4;a=19;P=(16, 23, 17, 19);K4=(24, 46, 50, 74);m=6288604573/101966564700;r=38;lambda=39/8050;tail=30;scan=10;controls=2;cover=()
LEAF;E=(2, 5, 9, 11, 12, 13, 14);rank=4;a=19;P=(16, 23, 17, 19);K4=(31, 46, 50, 74);m=5221215302/71840079675;r=36;lambda=103/19684;tail=28;scan=9;controls=2;cover=()
LEAF;E=(2, 5, 9, 11, 12, 13, 14);rank=4;a=19;P=(16, 23, 17, 19);K4=(20, 31, 32, 75);m=7824727/120304800;r=30;lambda=23/4200;tail=27;scan=7;controls=2;cover=()
LEAF;E=(2, 5, 9, 11, 12, 13, 14);rank=4;a=19;P=(16, 23, 17, 19);K4=(20, 32, 46, 75);m=556793/8114400;r=34;lambda=33/8512;tail=37;scan=16;controls=2;cover=()
LEAF;E=(2, 5, 9, 11, 12, 13, 14);rank=4;a=19;P=(16, 23, 17, 19);K4=(20, 24, 31, 75);m=38638673/571447800;r=28;lambda=24/4123;tail=25;scan=4;controls=2;cover=()
LEAF;E=(2, 5, 9, 11, 12, 13, 14);rank=4;a=19;P=(16, 23, 17, 19);K4=(20, 24, 46, 75);m=935063/12847800;r=30;lambda=89/12236;tail=20;scan=2;controls=2;cover=()
LEAF;E=(2, 5, 9, 11, 12, 13, 14);rank=4;a=19;P=(16, 23, 17, 19);K4=(20, 31, 46, 75);m=783317/10481100;r=28;lambda=24/4123;tail=25;scan=5;controls=2;cover=()
LEAF;E=(2, 5, 9, 11, 12, 13, 14);rank=4;a=19;P=(16, 23, 17, 19);K4=(20, 25, 29, 32);m=229582543/3474771300;r=28;lambda=107/12992;tail=18;scan=1;controls=1;cover=()
LEAF;E=(2, 5, 9, 11, 12, 13, 14);rank=4;a=19;P=(16, 23, 17, 19);K4=(20, 25, 31, 32);m=3506843/60152400;r=28;lambda=39/6076;tail=23;scan=4;controls=2;cover=()
LEAF;E=(2, 5, 9, 11, 12, 13, 14);rank=4;a=19;P=(16, 23, 17, 19);K4=(20, 25, 32, 46);m=242287/4057200;r=28;lambda=13/2254;tail=25;scan=5;controls=2;cover=()
LEAF;E=(2, 5, 9, 11, 12, 13, 14);rank=4;a=19;P=(16, 23, 17, 19);K4=(20, 29, 31, 32);m=355687207/5559634080;r=26;lambda=11/1160;tail=16;scan=1;controls=1;cover=()
LEAF;E=(2, 5, 9, 11, 12, 13, 14);rank=4;a=19;P=(16, 23, 17, 19);K4=(20, 29, 32, 46);m=823517111/11624689440;r=26;lambda=11/1960;tail=26;scan=6;controls=2;cover=()
LEAF;E=(2, 5, 9, 11, 12, 13, 14);rank=4;a=19;P=(16, 23, 17, 19);K4=(20, 29, 32, 50);m=27364357/365765400;r=30;lambda=107/12992;tail=18;scan=1;controls=1;cover=()
LEAF;E=(2, 5, 9, 11, 12, 13, 14);rank=4;a=19;P=(16, 23, 17, 19);K4=(20, 31, 32, 46);m=31731659/477938160;r=26;lambda=1/161;tail=24;scan=4;controls=2;cover=()
LEAF;E=(2, 5, 9, 11, 12, 13, 14);rank=4;a=19;P=(16, 23, 17, 19);K4=(20, 31, 32, 50);m=52859761/781981200;r=30;lambda=39/6076;tail=23;scan=4;controls=2;cover=()
LEAF;E=(2, 5, 9, 11, 12, 13, 14);rank=4;a=19;P=(16, 23, 17, 19);K4=(20, 32, 46, 50);m=1169699/17581200;r=32;lambda=13/2254;tail=25;scan=5;controls=2;cover=()
LEAF;E=(2, 5, 9, 11, 12, 13, 14);rank=4;a=19;P=(16, 23, 17, 19);K4=(20, 24, 25, 29);m=453707491/6949542600;r=24;lambda=37/3724;tail=15;scan=0;controls=0;cover=()
LEAF;E=(2, 5, 9, 11, 12, 13, 14);rank=4;a=19;P=(16, 23, 17, 19);K4=(20, 25, 29, 31);m=363225887/5669363700;r=26;lambda=24/4123;tail=25;scan=5;controls=2;cover=()
LEAF;E=(2, 5, 9, 11, 12, 13, 14);rank=4;a=19;P=(16, 23, 17, 19);K4=(20, 25, 29, 46);m=918899/12746370;r=26;lambda=89/12236;tail=20;scan=2;controls=2;cover=()
LEAF;E=(2, 5, 9, 11, 12, 13, 14);rank=4;a=19;P=(16, 23, 17, 19);K4=(20, 24, 25, 31);m=36189611/571447800;r=24;lambda=39/6076;tail=23;scan=4;controls=2;cover=()
LEAF;E=(2, 5, 9, 11, 12, 13, 14);rank=4;a=19;P=(16, 23, 17, 19);K4=(20, 24, 25, 46);m=822013/12847800;r=26;lambda=89/12236;tail=20;scan=2;controls=2;cover=()
LEAF;E=(2, 5, 9, 11, 12, 13, 14);rank=4;a=19;P=(16, 23, 17, 19);K4=(20, 25, 31, 46);m=253457/3493700;r=22;lambda=12/1729;tail=21;scan=2;controls=2;cover=()
LEAF;E=(2, 5, 9, 11, 12, 13, 14);rank=4;a=19;P=(16, 23, 17, 19);K4=(20, 24, 29, 31);m=1211212309/21543582060;r=28;lambda=24/4123;tail=25;scan=4;controls=2;cover=()
LEAF;E=(2, 5, 9, 11, 12, 13, 14);rank=4;a=19;P=(16, 23, 17, 19);K4=(20, 24, 29, 46);m=85491286/1331995665;r=28;lambda=89/12236;tail=20;scan=2;controls=2;cover=()
LEAF;E=(2, 5, 9, 11, 12, 13, 14);rank=4;a=19;P=(16, 23, 17, 19);K4=(20, 24, 29, 50);m=19505621/289564275;r=28;lambda=73/9744;tail=20;scan=2;controls=2;cover=()
LEAF;E=(2, 5, 9, 11, 12, 13, 14);rank=4;a=19;P=(16, 23, 17, 19);K4=(20, 29, 31, 46);m=12134266279/165167462460;r=26;lambda=5/651;tail=19;scan=2;controls=2;cover=()
LEAF;E=(2, 5, 9, 11, 12, 13, 14);rank=4;a=19;P=(16, 23, 17, 19);K4=(20, 29, 31, 50);m=131274151/1889787900;r=28;lambda=23/4340;tail=27;scan=7;controls=2;cover=()
LEAF;E=(2, 5, 9, 11, 12, 13, 14);rank=4;a=19;P=(16, 23, 17, 19);K4=(20, 29, 46, 50);m=7170157/95597775;r=30;lambda=6/805;tail=20;scan=2;controls=2;cover=()
LEAF;E=(2, 5, 9, 11, 12, 13, 14);rank=4;a=19;P=(16, 23, 17, 19);K4=(20, 24, 31, 46);m=29653207/438109980;r=26;lambda=24/4123;tail=25;scan=4;controls=2;cover=()
LEAF;E=(2, 5, 9, 11, 12, 13, 14);rank=4;a=19;P=(16, 23, 17, 19);K4=(20, 24, 31, 50);m=81668681/1238136900;r=28;lambda=39/6076;tail=23;scan=4;controls=2;cover=()
LEAF;E=(2, 5, 9, 11, 12, 13, 14);rank=4;a=19;P=(16, 23, 17, 19);K4=(20, 24, 46, 50);m=8266429/125266050;r=30;lambda=13/2254;tail=25;scan=4;controls=2;cover=()
LEAF;E=(2, 5, 9, 11, 12, 13, 14);rank=4;a=19;P=(16, 23, 17, 19);K4=(20, 31, 46, 50);m=31005077/408762900;r=26;lambda=17/2660;tail=23;scan=4;controls=2;cover=()
LEAF;E=(2, 5, 9, 11, 12, 13, 14);rank=4;a=19;P=(16, 23, 17, 19);K4=(31, 32, 40, 75);m=10253449/142178400;r=34;lambda=61/8400;tail=20;scan=2;controls=2;cover=()
LEAF;E=(2, 5, 9, 11, 12, 13, 14);rank=4;a=19;P=(16, 23, 17, 19);K4=(32, 37, 40, 75);m=659911193/8866657800;r=40;lambda=61/8400;tail=20;scan=2;controls=2;cover=()
LEAF;E=(2, 5, 9, 11, 12, 13, 14);rank=4;a=19;P=(16, 23, 17, 19);K4=(32, 40, 46, 75);m=88870699/1160359200;r=42;lambda=11/2800;tail=37;scan=17;controls=2;cover=()
LEAF;E=(2, 5, 9, 11, 12, 13, 14);rank=4;a=19;P=(16, 23, 17, 19);K4=(31, 32, 37, 75);m=2781386851/42287137200;r=34;lambda=79/9975;tail=19;scan=2;controls=2;cover=()
LEAF;E=(2, 5, 9, 11, 12, 13, 14);rank=4;a=19;P=(16, 23, 17, 19);K4=(31, 32, 46, 75);m=2351133133/31065980400;r=32;lambda=18/2275;tail=19;scan=2;controls=2;cover=()
LEAF;E=(2, 5, 9, 11, 12, 13, 14);rank=4;a=19;P=(16, 23, 17, 19);K4=(32, 37, 46, 75);m=2111649041/31374327600;r=40;lambda=6/1463;tail=35;scan=15;controls=2;cover=()
LEAF;E=(2, 5, 9, 11, 12, 13, 14);rank=4;a=19;P=(16, 23, 17, 19);K4=(24, 31, 40, 75);m=5604733/75038600;r=32;lambda=24/4123;tail=25;scan=5;controls=2;cover=()
LEAF;E=(2, 5, 9, 11, 12, 13, 14);rank=4;a=19;P=(16, 23, 17, 19);K4=(24, 37, 40, 75);m=5830697/73888815;r=34;lambda=31/3325;tail=16;scan=1;controls=1;cover=()
LEAF;E=(2, 5, 9, 11, 12, 13, 14);rank=4;a=19;P=(16, 23, 17, 19);K4=(24, 40, 46, 75);m=74179367/918617700;r=38;lambda=89/12236;tail=20;scan=2;controls=2;cover=()
LEAF;E=(2, 5, 9, 11, 12, 13, 14);rank=4;a=19;P=(16, 23, 17, 19);K4=(31, 37, 40, 75);m=28661383/438383400;r=30;lambda=61/8400;tail=20;scan=2;controls=2;cover=()
LEAF;E=(2, 5, 9, 11, 12, 13, 14);rank=4;a=19;P=(16, 23, 17, 19);K4=(31, 40, 46, 75);m=19537759/272508600;r=34;lambda=24/4123;tail=25;scan=6;controls=2;cover=()
LEAF;E=(2, 5, 9, 11, 12, 13, 14);rank=4;a=19;P=(16, 23, 17, 19);K4=(37, 40, 46, 75);m=31865842/447221775;r=40;lambda=89/12236;tail=20;scan=2;controls=2;cover=()
LEAF;E=(2, 5, 9, 11, 12, 13, 14);rank=4;a=19;P=(16, 23, 17, 19);K4=(24, 31, 37, 75);m=820329/11746427;r=32;lambda=24/4123;tail=25;scan=5;controls=2;cover=()
LEAF;E=(2, 5, 9, 11, 12, 13, 14);rank=4;a=19;P=(16, 23, 17, 19);K4=(24, 31, 46, 75);m=70378391/862943900;r=30;lambda=11/1456;tail=19;scan=2;controls=2;cover=()
LEAF;E=(2, 5, 9, 11, 12, 13, 14);rank=4;a=19;P=(16, 23, 17, 19);K4=(24, 31, 75, 80);m=5557033/75038600;r=40;lambda=111/21280;tail=28;scan=8;controls=2;cover=()
LEAF;E=(2, 5, 9, 11, 12, 13, 14);rank=4;a=19;P=(16, 23, 17, 19);K4=(24, 37, 46, 75);m=38148679/522905460;r=36;lambda=89/12236;tail=20;scan=2;controls=2;cover=()
LEAF;E=(2, 5, 9, 11, 12, 13, 14);rank=4;a=19;P=(16, 23, 17, 19);K4=(24, 37, 75, 80);m=852427/11367510;r=40;lambda=111/21280;tail=28;scan=8;controls=2;cover=()
LEAF;E=(2, 5, 9, 11, 12, 13, 14);rank=4;a=19;P=(16, 23, 17, 19);K4=(24, 46, 75, 80);m=149022199/1837235400;r=44;lambda=111/21280;tail=28;scan=8;controls=2;cover=()
LEAF;E=(2, 5, 9, 11, 12, 13, 14);rank=4;a=19;P=(16, 23, 17, 19);K4=(31, 37, 46, 75);m=268143689/3684106650;r=36;lambda=24/4123;tail=25;scan=6;controls=2;cover=()
LEAF;E=(2, 5, 9, 11, 12, 13, 14);rank=4;a=19;P=(16, 23, 17, 19);K4=(31, 37, 75, 80);m=42707359/640714200;r=40;lambda=79/9975;tail=19;scan=2;controls=2;cover=()
LEAF;E=(2, 5, 9, 11, 12, 13, 14);rank=4;a=19;P=(16, 23, 17, 19);K4=(31, 46, 75, 80);m=34283749/450231600;r=42;lambda=111/21280;tail=28;scan=9;controls=2;cover=()
LEAF;E=(2, 5, 9, 11, 12, 13, 14);rank=4;a=19;P=(16, 23, 17, 19);K4=(37, 46, 75, 80);m=751470781/10458109200;r=46;lambda=111/21280;tail=28;scan=9;controls=2;cover=()
LEAF;E=(2, 5, 9, 11, 12, 13, 14);rank=4;a=19;P=(16, 23, 17, 19);K4=(25, 29, 32, 40);m=63647942/868692825;r=36;lambda=107/12992;tail=18;scan=1;controls=1;cover=()
LEAF;E=(2, 5, 9, 11, 12, 13, 14);rank=4;a=19;P=(16, 23, 17, 19);K4=(25, 29, 31, 32);m=2340970543/33143972400;r=30;lambda=27/2821;tail=15;scan=0;controls=0;cover=()
LEAF;E=(2, 5, 9, 11, 12, 13, 14);rank=4;a=19;P=(16, 23, 17, 19);K4=(25, 29, 32, 46);m=1870121917/24590689200;r=30;lambda=29/2548;tail=13;scan=0;controls=0;cover=()
LEAF;E=(2, 5, 9, 11, 12, 13, 14);rank=4;a=19;P=(16, 23, 17, 19);K4=(25, 31, 32, 40);m=4664399/71089200;r=32;lambda=39/6076;tail=23;scan=5;controls=2;cover=()
LEAF;E=(2, 5, 9, 11, 12, 13, 14);rank=4;a=19;P=(16, 23, 17, 19);K4=(25, 32, 37, 40);m=64877567/958557600;r=34;lambda=99/16576;tail=24;scan=5;controls=2;cover=()
LEAF;E=(2, 5, 9, 11, 12, 13, 14);rank=4;a=19;P=(16, 23, 17, 19);K4=(25, 32, 40, 46);m=39271691/580179600;r=36;lambda=29/3920;tail=20;scan=2;controls=2;cover=()
LEAF;E=(2, 5, 9, 11, 12, 13, 14);rank=4;a=19;P=(16, 23, 17, 19);K4=(25, 31, 32, 37);m=5272349183/84574274400;r=30;lambda=4/665;tail=24;scan=5;controls=2;cover=()
LEAF;E=(2, 5, 9, 11, 12, 13, 14);rank=4;a=19;P=(16, 23, 17, 19);K4=(25, 31, 32, 46);m=4355437511/62131960800;r=28;lambda=27/2821;tail=15;scan=0;controls=0;cover=()
LEAF;E=(2, 5, 9, 11, 12, 13, 14);rank=4;a=19;P=(16, 23, 17, 19);K4=(25, 32, 37, 46);m=3781119499/62748655200;r=32;lambda=33/7252;tail=32;scan=12;controls=2;cover=()
LEAF;E=(2, 5, 9, 11, 12, 13, 14);rank=4;a=19;P=(16, 23, 17, 19);K4=(29, 31, 32, 40);m=1142072131/15668059680;r=30;lambda=183/16240;tail=13;scan=0;controls=0;cover=()
LEAF;E=(2, 5, 9, 11, 12, 13, 14);rank=4;a=19;P=(16, 23, 17, 19);K4=(29, 32, 40, 46);m=10077961081/127871583840;r=34;lambda=29/3920;tail=20;scan=2;controls=2;cover=()
LEAF;E=(2, 5, 9, 11, 12, 13, 14);rank=4;a=19;P=(16, 23, 17, 19);K4=(29, 32, 40, 50);m=9998969/121921800;r=38;lambda=107/12992;tail=18;scan=1;controls=1;cover=()
LEAF;E=(2, 5, 9, 11, 12, 13, 14);rank=4;a=19;P=(16, 23, 17, 19);K4=(29, 31, 32, 46);m=6708851/89420688;r=28;lambda=27/2821;tail=15;scan=0;controls=0;cover=()
LEAF;E=(2, 5, 9, 11, 12, 13, 14);rank=4;a=19;P=(16, 23, 17, 19);K4=(29, 31, 32, 50);m=455013649/6628794480;r=32;lambda=99/13300;tail=20;scan=2;controls=2;cover=()
LEAF;E=(2, 5, 9, 11, 12, 13, 14);rank=4;a=19;P=(16, 23, 17, 19);K4=(29, 32, 46, 50);m=578400377/8196896400;r=36;lambda=19/2450;tail=19;scan=2;controls=2;cover=()
LEAF;E=(2, 5, 9, 11, 12, 13, 14);rank=4;a=19;P=(16, 23, 17, 19);K4=(31, 32, 37, 40);m=727774717/9995141520;r=30;lambda=1/80;tail=12;scan=0;controls=0;cover=()
LEAF;E=(2, 5, 9, 11, 12, 13, 14);rank=4;a=19;P=(16, 23, 17, 19);K4=(31, 32, 40, 46);m=468352301/6213196080;r=32;lambda=1/161;tail=24;scan=5;controls=2;cover=()
LEAF;E=(2, 5, 9, 11, 12, 13, 14);rank=4;a=19;P=(16, 23, 17, 19);K4=(31, 32, 40, 50);m=591709/7898800;r=34;lambda=19/2800;tail=22;scan=4;controls=2;cover=()
LEAF;E=(2, 5, 9, 11, 12, 13, 14);rank=4;a=19;P=(16, 23, 17, 19);K4=(32, 37, 40, 46);m=5849873287/81573251760;r=36;lambda=1/161;tail=24;scan=5;controls=2;cover=()
LEAF;E=(2, 5, 9, 11, 12, 13, 14);rank=4;a=19;P=(16, 23, 17, 19);K4=(32, 37, 40, 50);m=15658941/207407200;r=38;lambda=19/2800;tail=22;scan=4;controls=2;cover=()
LEAF;E=(2, 5, 9, 11, 12, 13, 14);rank=4;a=19;P=(16, 23, 17, 19);K4=(32, 40, 46, 50);m=14408239/193393200;r=40;lambda=29/3920;tail=20;scan=2;controls=2;cover=()
LEAF;E=(2, 5, 9, 11, 12, 13, 14);rank=4;a=19;P=(16, 23, 17, 19);K4=(31, 32, 37, 46);m=14568401/228176928;r=34;lambda=1/161;tail=24;scan=5;controls=2;cover=()
LEAF;E=(2, 5, 9, 11, 12, 13, 14);rank=4;a=19;P=(16, 23, 17, 19);K4=(31, 32, 37, 50);m=68536225/1127656992;r=32;lambda=99/13300;tail=20;scan=2;controls=2;cover=()
LEAF;E=(2, 5, 9, 11, 12, 13, 14);rank=4;a=19;P=(16, 23, 17, 19);K4=(31, 32, 46, 50);m=103763621/1593127200;r=34;lambda=129/21700;tail=25;scan=6;controls=2;cover=()
LEAF;E=(2, 5, 9, 11, 12, 13, 14);rank=4;a=19;P=(16, 23, 17, 19);K4=(32, 37, 46, 50);m=1135142317/20916218400;r=40;lambda=33/7252;tail=32;scan=13;controls=2;cover=()
LEAF;E=(2, 5, 9, 11, 12, 13, 14);rank=4;a=19;P=(16, 23, 17, 19);K4=(24, 25, 29, 40);m=55969549/772171400;r=32;lambda=37/3724;tail=15;scan=0;controls=0;cover=()
LEAF;E=(2, 5, 9, 11, 12, 13, 14);rank=4;a=19;P=(16, 23, 17, 19);K4=(25, 29, 31, 40);m=6735971/114532600;r=32;lambda=24/4123;tail=25;scan=6;controls=2;cover=()
LEAF;E=(2, 5, 9, 11, 12, 13, 14);rank=4;a=19;P=(16, 23, 17, 19);K4=(25, 29, 40, 46);m=36890047/560840280;r=38;lambda=29/3920;tail=20;scan=2;controls=2;cover=()
LEAF;E=(2, 5, 9, 11, 12, 13, 14);rank=4;a=19;P=(16, 23, 17, 19);K4=(24, 25, 29, 31);m=289651861/4142996550;r=28;lambda=11/1456;tail=19;scan=2;controls=2;cover=()
LEAF;E=(2, 5, 9, 11, 12, 13, 14);rank=4;a=19;P=(16, 23, 17, 19);K4=(24, 25, 29, 46);m=50934097/683074700;r=30;lambda=11/1456;tail=19;scan=2;controls=2;cover=()
LEAF;E=(2, 5, 9, 11, 12, 13, 14);rank=4;a=19;P=(16, 23, 17, 19);K4=(24, 25, 29, 80);m=4748017/59397800;r=34;lambda=73/9744;tail=20;scan=2;controls=2;cover=()
LEAF;E=(2, 5, 9, 11, 12, 13, 14);rank=4;a=19;P=(16, 23, 17, 19);K4=(25, 29, 31, 46);m=149233367/1925028700;r=28;lambda=27/2821;tail=15;scan=0;controls=0;cover=()
LEAF;E=(2, 5, 9, 11, 12, 13, 14);rank=4;a=19;P=(16, 23, 17, 19);K4=(25, 29, 31, 80);m=3018983/41848450;r=36;lambda=45/6944;tail=23;scan=5;controls=2;cover=()
LEAF;E=(2, 5, 9, 11, 12, 13, 14);rank=4;a=19;P=(16, 23, 17, 19);K4=(25, 29, 46, 80);m=644162227/8196896400;r=40;lambda=13/1568;tail=18;scan=1;controls=1;cover=()
LEAF;E=(2, 5, 9, 11, 12, 13, 14);rank=4;a=19;P=(16, 23, 17, 19);K4=(24, 25, 31, 40);m=1987877/28139475;r=28;lambda=1/144;tail=21;scan=3;controls=2;cover=()
LEAF;E=(2, 5, 9, 11, 12, 13, 14);rank=4;a=19;P=(16, 23, 17, 19);K4=(24, 25, 37, 40);m=5921681/79879800;r=28;lambda=37/3724;tail=15;scan=0;controls=0;cover=()
LEAF;E=(2, 5, 9, 11, 12, 13, 14);rank=4;a=19;P=(16, 23, 17, 19);K4=(24, 25, 40, 46);m=16524073/229654425;r=34;lambda=89/12236;tail=20;scan=2;controls=2;cover=()
LEAF;E=(2, 5, 9, 11, 12, 13, 14);rank=4;a=19;P=(16, 23, 17, 19);K4=(25, 31, 37, 40);m=723367/11848200;r=28;lambda=1/144;tail=21;scan=3;controls=2;cover=()
LEAF;E=(2, 5, 9, 11, 12, 13, 14);rank=4;a=19;P=(16, 23, 17, 19);K4=(25, 31, 40, 46);m=764884/11354525;r=30;lambda=24/4123;tail=25;scan=6;controls=2;cover=()
LEAF;E=(2, 5, 9, 11, 12, 13, 14);rank=4;a=19;P=(16, 23, 17, 19);K4=(25, 37, 40, 46);m=78062339/1192591400;r=32;lambda=89/12236;tail=20;scan=2;controls=2;cover=()
LEAF;E=(2, 5, 9, 11, 12, 13, 14);rank=4;a=19;P=(16, 23, 17, 19);K4=(24, 25, 31, 37);m=60662968/880982025;r=26;lambda=19/2331;tail=18;scan=1;controls=1;cover=()
LEAF;E=(2, 5, 9, 11, 12, 13, 14);rank=4;a=19;P=(16, 23, 17, 19);K4=(24, 25, 31, 46);m=99108907/1294415850;r=26;lambda=11/1456;tail=19;scan=2;controls=2;cover=()
LEAF;E=(2, 5, 9, 11, 12, 13, 14);rank=4;a=19;P=(16, 23, 17, 19);K4=(24, 25, 31, 80);m=1382999/18009264;r=32;lambda=79/10080;tail=19;scan=2;controls=2;cover=()
LEAF;E=(2, 5, 9, 11, 12, 13, 14);rank=4;a=19;P=(16, 23, 17, 19);K4=(24, 25, 37, 46);m=43145794/653631825;r=30;lambda=89/12236;tail=20;scan=2;controls=2;cover=()
LEAF;E=(2, 5, 9, 11, 12, 13, 14);rank=4;a=19;P=(16, 23, 17, 19);K4=(24, 25, 37, 80);m=7001873/90940080;r=30;lambda=79/10080;tail=19;scan=2;controls=2;cover=()
LEAF;E=(2, 5, 9, 11, 12, 13, 14);rank=4;a=19;P=(16, 23, 17, 19);K4=(24, 25, 46, 80);m=278093467/3674470800;r=38;lambda=111/21280;tail=28;scan=7;controls=2;cover=()
LEAF;E=(2, 5, 9, 11, 12, 13, 14);rank=4;a=19;P=(16, 23, 17, 19);K4=(25, 31, 37, 46);m=131746007/1842053325;r=30;lambda=24/4123;tail=25;scan=6;controls=2;cover=()
LEAF;E=(2, 5, 9, 11, 12, 13, 14);rank=4;a=19;P=(16, 23, 17, 19);K4=(25, 31, 37, 80);m=45426943/640714200;r=34;lambda=79/10080;tail=19;scan=2;controls=2;cover=()
LEAF;E=(2, 5, 9, 11, 12, 13, 14);rank=4;a=19;P=(16, 23, 17, 19);K4=(25, 31, 46, 80);m=265683399/3451775600;r=36;lambda=45/6944;tail=23;scan=5;controls=2;cover=()
LEAF;E=(2, 5, 9, 11, 12, 13, 14);rank=4;a=19;P=(16, 23, 17, 19);K4=(25, 37, 46, 80);m=248253821/3486036400;r=36;lambda=111/21280;tail=28;scan=8;controls=2;cover=()
LEAF;E=(2, 5, 9, 11, 12, 13, 14);rank=4;a=19;P=(16, 23, 17, 19);K4=(24, 29, 31, 40);m=233878927/3590597010;r=32;lambda=24/4123;tail=25;scan=5;controls=2;cover=()
LEAF;E=(2, 5, 9, 11, 12, 13, 14);rank=4;a=19;P=(16, 23, 17, 19);K4=(24, 29, 40, 46);m=768869693/10655965320;r=36;lambda=89/12236;tail=20;scan=2;controls=2;cover=()
LEAF;E=(2, 5, 9, 11, 12, 13, 14);rank=4;a=19;P=(16, 23, 17, 19);K4=(24, 29, 40, 50);m=259076677/3474771300;r=36;lambda=73/9744;tail=20;scan=2;controls=2;cover=()
LEAF;E=(2, 5, 9, 11, 12, 13, 14);rank=4;a=19;P=(16, 23, 17, 19);K4=(29, 31, 40, 46);m=2819548114/41291865615;r=34;lambda=24/4123;tail=25;scan=6;controls=2;cover=()
LEAF;E=(2, 5, 9, 11, 12, 13, 14);rank=4;a=19;P=(16, 23, 17, 19);K4=(29, 31, 40, 50);m=66186751/1030793400;r=34;lambda=19/2800;tail=22;scan=4;controls=2;cover=()
LEAF;E=(2, 5, 9, 11, 12, 13, 14);rank=4;a=19;P=(16, 23, 17, 19);K4=(29, 40, 46, 50);m=577851181/8412604200;r=42;lambda=29/3920;tail=20;scan=2;controls=2;cover=()
LEAF;E=(2, 5, 9, 11, 12, 13, 14);rank=4;a=19;P=(16, 23, 17, 19);K4=(24, 29, 31, 46);m=358642927/5082075768;r=30;lambda=11/1456;tail=19;scan=2;controls=2;cover=()
LEAF;E=(2, 5, 9, 11, 12, 13, 14);rank=4;a=19;P=(16, 23, 17, 19);K4=(24, 29, 31, 50);m=338392129/5523995400;r=32;lambda=27/5684;tail=31;scan=10;controls=2;cover=()
LEAF;E=(2, 5, 9, 11, 12, 13, 14);rank=4;a=19;P=(16, 23, 17, 19);K4=(24, 29, 31, 80);m=73399549/1104799080;r=38;lambda=111/21280;tail=28;scan=8;controls=2;cover=()
LEAF;E=(2, 5, 9, 11, 12, 13, 14);rank=4;a=19;P=(16, 23, 17, 19);K4=(24, 29, 46, 50);m=790294969/12295344600;r=36;lambda=11/2800;tail=37;scan=16;controls=2;cover=()
LEAF;E=(2, 5, 9, 11, 12, 13, 14);rank=4;a=19;P=(16, 23, 17, 19);K4=(24, 29, 46, 80);m=61026899/819689640;r=40;lambda=111/21280;tail=28;scan=8;controls=2;cover=()
LEAF;E=(2, 5, 9, 11, 12, 13, 14);rank=4;a=19;P=(16, 23, 17, 19);K4=(24, 29, 50, 80);m=39352007/534580200;r=40;lambda=73/9744;tail=20;scan=2;controls=2;cover=()
LEAF;E=(2, 5, 9, 11, 12, 13, 14);rank=4;a=19;P=(16, 23, 17, 19);K4=(29, 31, 46, 50);m=240961487/3465051660;r=32;lambda=129/21700;tail=25;scan=6;controls=2;cover=()
LEAF;E=(2, 5, 9, 11, 12, 13, 14);rank=4;a=19;P=(16, 23, 17, 19);K4=(29, 31, 46, 80);m=16893761/220959816;r=40;lambda=45/6944;tail=23;scan=5;controls=2;cover=()
LEAF;E=(2, 5, 9, 11, 12, 13, 14);rank=4;a=19;P=(16, 23, 17, 19);K4=(29, 31, 50, 80);m=105687829/1506544200;r=38;lambda=99/13300;tail=20;scan=2;controls=2;cover=()
LEAF;E=(2, 5, 9, 11, 12, 13, 14);rank=4;a=19;P=(16, 23, 17, 19);K4=(29, 46, 50, 80);m=183765941/2459068920;r=44;lambda=19/2450;tail=19;scan=2;controls=2;cover=()
LEAF;E=(2, 5, 9, 11, 12, 13, 14);rank=4;a=19;P=(16, 23, 17, 19);K4=(24, 31, 37, 40);m=441574879/6108142040;r=30;lambda=1/144;tail=21;scan=3;controls=2;cover=()
LEAF;E=(2, 5, 9, 11, 12, 13, 14);rank=4;a=19;P=(16, 23, 17, 19);K4=(24, 31, 40, 46);m=873358061/11390859480;r=32;lambda=24/4123;tail=25;scan=5;controls=2;cover=()
LEAF;E=(2, 5, 9, 11, 12, 13, 14);rank=4;a=19;P=(16, 23, 17, 19);K4=(24, 31, 40, 50);m=49486061/675347400;r=32;lambda=19/2800;tail=22;scan=4;controls=2;cover=()
LEAF;E=(2, 5, 9, 11, 12, 13, 14);rank=4;a=19;P=(16, 23, 17, 19);K4=(24, 37, 40, 46);m=491404981/6797770980;r=36;lambda=89/12236;tail=20;scan=2;controls=2;cover=()
LEAF;E=(2, 5, 9, 11, 12, 13, 14);rank=4;a=19;P=(16, 23, 17, 19);K4=(24, 37, 40, 50);m=166874443/2216664450;r=34;lambda=19/2800;tail=22;scan=4;controls=2;cover=()
LEAF;E=(2, 5, 9, 11, 12, 13, 14);rank=4;a=19;P=(16, 23, 17, 19);K4=(24, 40, 46, 50);m=407657051/5511706200;r=38;lambda=13/2254;tail=25;scan=5;controls=2;cover=()
LEAF;E=(2, 5, 9, 11, 12, 13, 14);rank=4;a=19;P=(16, 23, 17, 19);K4=(31, 37, 40, 46);m=29475506483/421461800760;r=32;lambda=1/161;tail=24;scan=5;controls=2;cover=()
LEAF;E=(2, 5, 9, 11, 12, 13, 14);rank=4;a=19;P=(16, 23, 17, 19);K4=(31, 37, 40, 50);m=2361929/35544600;r=30;lambda=19/2800;tail=22;scan=4;controls=2;cover=()
LEAF;E=(2, 5, 9, 11, 12, 13, 14);rank=4;a=19;P=(16, 23, 17, 19);K4=(31, 40, 46, 50);m=7221608/102190725;r=34;lambda=13/2254;tail=25;scan=6;controls=2;cover=()
LEAF;E=(2, 5, 9, 11, 12, 13, 14);rank=4;a=19;P=(16, 23, 17, 19);K4=(37, 40, 46, 50);m=723874343/10733322600;r=38;lambda=39/8050;tail=30;scan=11;controls=2;cover=()
LEAF;E=(2, 5, 9, 11, 12, 13, 14);rank=4;a=19;P=(16, 23, 17, 19);K4=(24, 31, 37, 46);m=432008869/6484027704;r=34;lambda=24/4123;tail=25;scan=5;controls=2;cover=()
LEAF;E=(2, 5, 9, 11, 12, 13, 14);rank=4;a=19;P=(16, 23, 17, 19);K4=(24, 31, 37, 50);m=1281921031/21143568600;r=30;lambda=207/25900;tail=18;scan=1;controls=1;cover=()
LEAF;E=(2, 5, 9, 11, 12, 13, 14);rank=4;a=19;P=(16, 23, 17, 19);K4=(24, 31, 37, 80);m=16630223/234928540;r=36;lambda=79/10080;tail=19;scan=2;controls=2;cover=()
LEAF;E=(2, 5, 9, 11, 12, 13, 14);rank=4;a=19;P=(16, 23, 17, 19);K4=(24, 31, 46, 50);m=79810231/1194845400;r=32;lambda=13/2254;tail=25;scan=5;controls=2;cover=()
LEAF;E=(2, 5, 9, 11, 12, 13, 14);rank=4;a=19;P=(16, 23, 17, 19);K4=(24, 31, 46, 80);m=432174217/5695429740;r=38;lambda=111/21280;tail=28;scan=8;controls=2;cover=()
LEAF;E=(2, 5, 9, 11, 12, 13, 14);rank=4;a=19;P=(16, 23, 17, 19);K4=(24, 31, 50, 80);m=7392781/103899600;r=38;lambda=43/5600;tail=19;scan=2;controls=2;cover=()
LEAF;E=(2, 5, 9, 11, 12, 13, 14);rank=4;a=19;P=(16, 23, 17, 19);K4=(24, 37, 46, 50);m=866225567/15687163800;r=38;lambda=39/8050;tail=30;scan=10;controls=2;cover=()
LEAF;E=(2, 5, 9, 11, 12, 13, 14);rank=4;a=19;P=(16, 23, 17, 19);K4=(24, 37, 46, 80);m=71334869/1045810920;r=40;lambda=111/21280;tail=28;scan=8;controls=2;cover=()
LEAF;E=(2, 5, 9, 11, 12, 13, 14);rank=4;a=19;P=(16, 23, 17, 19);K4=(24, 37, 50, 80);m=23847713/341025300;r=40;lambda=43/5600;tail=19;scan=2;controls=2;cover=()
LEAF;E=(2, 5, 9, 11, 12, 13, 14);rank=4;a=19;P=(16, 23, 17, 19);K4=(24, 46, 50, 80);m=3711787/52997175;r=44;lambda=39/8050;tail=30;scan=10;controls=2;cover=()
LEAF;E=(2, 5, 9, 11, 12, 13, 14);rank=4;a=19;P=(16, 23, 17, 19);K4=(31, 37, 46, 50);m=70696348/1105231995;r=34;lambda=23/4340;tail=27;scan=8;controls=2;cover=()
LEAF;E=(2, 5, 9, 11, 12, 13, 14);rank=4;a=19;P=(16, 23, 17, 19);K4=(31, 37, 46, 80);m=4723156861/64840277040;r=40;lambda=111/21280;tail=28;scan=9;controls=2;cover=()
LEAF;E=(2, 5, 9, 11, 12, 13, 14);rank=4;a=19;P=(16, 23, 17, 19);K4=(31, 37, 50, 80);m=265627969/3844285200;r=38;lambda=43/5600;tail=19;scan=2;controls=2;cover=()
LEAF;E=(2, 5, 9, 11, 12, 13, 14);rank=4;a=19;P=(16, 23, 17, 19);K4=(31, 46, 50, 80);m=1759595/23896908;r=40;lambda=129/21700;tail=25;scan=6;controls=2;cover=()
LEAF;E=(2, 5, 9, 11, 12, 13, 14);rank=4;a=19;P=(16, 23, 17, 19);K4=(37, 46, 50, 80);m=418004177/6274865520;r=44;lambda=39/8050;tail=30;scan=11;controls=2;cover=()
CORE;E=(2, 5, 9, 11, 12, 13, 14);K=21;rank=8;a=20;P=(16, 23, 17, 19, 40, 50, 46, 20);h=255707/1261260;r=28;R3=3402131/25225200;theta=131693/1940400;level=131693/3880800;eps=195087/39239200;N=1137;H=20;pairs=190;paid=190;pruned=0;edges=97;ties=0;deg=7;F3=290;N3=2124;tri_checks=281;K4=242;closed=True;order=(53, 92, 143, 175, 182, 29, 108, 15, 35, 69, 78, 25, 38, 24, 31, 32, 34, 54, 75, 156);forward_degrees=(5, 5, 5, 5, 5, 6, 6, 7, 6, 7, 6, 7, 6, 6, 5, 4, 3, 2, 1, 0);Hlabels=(15, 24, 25, 29, 31, 32, 34, 35, 38, 53, 54, 69, 75, 78, 92, 108, 143, 156, 175, 182);weighted_edges=((15, 24, '1025/12936'), (15, 25, '58371/700700'), (15, 32, '749513/10090080'), (15, 35, '22832/315315'), (15, 54, '20051/291060'), (15, 75, '24681/350350'), (15, 156, '14327/210210'), (24, 25, '339709/4204200'), (24, 29, '83339/1108380'), (24, 31, '6249/78988'), (24, 32, '70205/1009008'), (24, 34, '324575/4288284'), (24, 35, '13877/180180'), (24, 38, '766709/9585576'), (24, 53, '4643/62328'), (24, 54, '47239/582120'), (24, 69, '24769/351624'), (24, 75, '101727/1401400'), (24, 78, '16621/229320'), (24, 92, '64321/892584'), (24, 108, '196433/2522520'), (24, 143, '1468/21021'), (24, 156, '1493/19110'), (24, 175, '6259/88200'), (24, 182, '545/7644'), (25, 29, '4488767/60960900'), (25, 31, '883957/10860850'), (25, 32, '4466953/50450400'), (25, 34, '506059/6306300'), (25, 35, '529579/6306300'), (25, 38, '9591487/119819700'), (25, 53, '687086/9284275'), (25, 54, '122173/1576575'), (25, 69, '3661909/48348300'), (25, 78, '468869/6306300'), (25, 92, '481399/6306300'), (25, 108, '1429081/18918900'), (25, 143, '151763/2102100'), (25, 156, '54013/700700'), (25, 175, '32327/450450'), (25, 182, '154163/2102100'), (29, 31, '14029/184730'), (29, 32, '10262423/146306160'), (29, 34, '1689379/23915430'), (29, 38, '11906647/173738565'), (31, 32, '1249333/15639624'), (31, 34, '4739473/66468402'), (31, 35, '90737/1261260'), (31, 38, '145330/1954953'), (31, 53, '914759/12559092'), (31, 54, '8151001/117297180'), (31, 69, '31814/454181'), (31, 75, '4998073/65165100'), (31, 92, '12590999/179855676'), (31, 143, '971/14014'), (31, 156, '21064/296205'), (31, 175, '174077/2538900'), (31, 182, '4103/59241'), (32, 34, '306197/3811808'), (32, 35, '233267/3363360'), (32, 38, '480439/6390384'), (32, 53, '2069141/26738712'), (32, 54, '2402563/30270240'), (32, 69, '876773/11603592'), (32, 75, '1976759/25225200'), (32, 78, '722609/10090080'), (32, 92, '398269/5157152'), (32, 108, '2193221/30270240'), (32, 143, '34777/504504'), (32, 156, '766499/10090080'), (32, 175, '386993/5605600'), (32, 182, '72185/1009008'), (34, 35, '33718/487305'), (34, 38, '126176/1851759'), (34, 54, '60611/835380'), (34, 75, '385813/5360355'), (34, 78, '4801/70070'), (34, 108, '81/1190'), (34, 156, '1483351/21441420'), (34, 175, '430429/6306300'), (35, 75, '66049/900900'), (38, 75, '1770737/23963940'), (38, 78, '572519/7987980'), (38, 156, '1679057/23963940'), (53, 75, '7937647/111411300'), (54, 69, '259891/3783780'), (54, 75, '1423813/18918900'), (54, 156, '13445/189189'), (69, 75, '111931/1611610'), (69, 78, '89507/1318590'), (75, 78, '436019/6306300'), (75, 108, '1341773/18918900'), (75, 156, '75121/1051050'), (92, 156, '512671/7252245'), (108, 156, '3397/48510'), (143, 156, '14533/210210'), (156, 182, '10/147'));tie_edges=()
LEAF;E=(2, 5, 9, 11, 12, 13, 14);rank=8;a=20;P=(16, 23, 17, 19, 40, 50, 46, 20);K4=(24, 25, 31, 53);m=136914209/1883863800;r=36;lambda=13/2520;tail=28;scan=6;controls=2;cover=()
LEAF;E=(2, 5, 9, 11, 12, 13, 14);rank=8;a=20;P=(16, 23, 17, 19, 40, 50, 46, 20);K4=(24, 25, 32, 53);m=1420213/18698400;r=40;lambda=61/8904;tail=21;scan=2;controls=2;cover=()
LEAF;E=(2, 5, 9, 11, 12, 13, 14);rank=8;a=20;P=(16, 23, 17, 19, 40, 50, 46, 20);K4=(25, 31, 32, 53);m=36787927/579650400;r=36;lambda=45/10388;tail=33;scan=10;controls=2;cover=()
LEAF;E=(2, 5, 9, 11, 12, 13, 14);rank=8;a=20;P=(16, 23, 17, 19, 40, 50, 46, 20);K4=(24, 31, 32, 53);m=2210879/28982520;r=36;lambda=37/4823;tail=19;scan=2;controls=2;cover=()
LEAF;E=(2, 5, 9, 11, 12, 13, 14);rank=8;a=20;P=(16, 23, 17, 19, 40, 50, 46, 20);K4=(24, 31, 53, 75);m=800865257/10361250900;r=38;lambda=8/1365;tail=25;scan=4;controls=2;cover=()
LEAF;E=(2, 5, 9, 11, 12, 13, 14);rank=8;a=20;P=(16, 23, 17, 19, 40, 50, 46, 20);K4=(24, 32, 53, 75);m=8370379/102841200;r=40;lambda=61/8904;tail=21;scan=2;controls=2;cover=()
LEAF;E=(2, 5, 9, 11, 12, 13, 14);rank=8;a=20;P=(16, 23, 17, 19, 40, 50, 46, 20);K4=(31, 32, 53, 75);m=222604909/3188077200;r=36;lambda=23/4200;tail=27;scan=7;controls=2;cover=()
LEAF;E=(2, 5, 9, 11, 12, 13, 14);rank=8;a=20;P=(16, 23, 17, 19, 40, 50, 46, 20);K4=(24, 25, 31, 92);m=116698117/1498797300;r=38;lambda=283/39928;tail=21;scan=2;controls=2;cover=()
LEAF;E=(2, 5, 9, 11, 12, 13, 14);rank=8;a=20;P=(16, 23, 17, 19, 40, 50, 46, 20);K4=(24, 25, 32, 92);m=6895687/89258400;r=42;lambda=59/9016;tail=22;scan=3;controls=2;cover=()
LEAF;E=(2, 5, 9, 11, 12, 13, 14);rank=8;a=20;P=(16, 23, 17, 19, 40, 50, 46, 20);K4=(24, 25, 92, 156);m=3565921/48348300;r=46;lambda=1/182;tail=27;scan=5;controls=2;cover=()
LEAF;E=(2, 5, 9, 11, 12, 13, 14);rank=8;a=20;P=(16, 23, 17, 19, 40, 50, 46, 20);K4=(25, 31, 32, 92);m=180733891/2767010400;r=38;lambda=39/6076;tail=23;scan=4;controls=2;cover=()
LEAF;E=(2, 5, 9, 11, 12, 13, 14);rank=8;a=20;P=(16, 23, 17, 19, 40, 50, 46, 20);K4=(25, 31, 92, 156);m=5017427/65165100;r=50;lambda=1/182;tail=27;scan=6;controls=2;cover=()
LEAF;E=(2, 5, 9, 11, 12, 13, 14);rank=8;a=20;P=(16, 23, 17, 19, 40, 50, 46, 20);K4=(25, 32, 92, 156);m=75333679/1160359200;r=54;lambda=27/8372;tail=45;scan=22;controls=2;cover=()
LEAF;E=(2, 5, 9, 11, 12, 13, 14);rank=8;a=20;P=(16, 23, 17, 19, 40, 50, 46, 20);K4=(24, 31, 32, 92);m=45206321/553402080;r=38;lambda=39/6076;tail=23;scan=4;controls=2;cover=()
LEAF;E=(2, 5, 9, 11, 12, 13, 14);rank=8;a=20;P=(16, 23, 17, 19, 40, 50, 46, 20);K4=(24, 31, 92, 156);m=23120689/299759460;r=46;lambda=29/6552;tail=33;scan=11;controls=2;cover=()
LEAF;E=(2, 5, 9, 11, 12, 13, 14);rank=8;a=20;P=(16, 23, 17, 19, 40, 50, 46, 20);K4=(24, 32, 92, 156);m=4582439/58017960;r=48;lambda=109/25116;tail=33;scan=11;controls=2;cover=()
LEAF;E=(2, 5, 9, 11, 12, 13, 14);rank=8;a=20;P=(16, 23, 17, 19, 40, 50, 46, 20);K4=(31, 32, 92, 156);m=520324421/7194227040;r=54;lambda=17/4186;tail=36;scan=14;controls=2;cover=()
LEAF;E=(2, 5, 9, 11, 12, 13, 14);rank=8;a=20;P=(16, 23, 17, 19, 40, 50, 46, 20);K4=(24, 25, 31, 143);m=30902849/390990600;r=40;lambda=179/31031;tail=25;scan=4;controls=2;cover=()
LEAF;E=(2, 5, 9, 11, 12, 13, 14);rank=8;a=20;P=(16, 23, 17, 19, 40, 50, 46, 20);K4=(24, 25, 32, 143);m=4265047/50450400;r=42;lambda=6/1001;tail=24;scan=4;controls=2;cover=()
LEAF;E=(2, 5, 9, 11, 12, 13, 14);rank=8;a=20;P=(16, 23, 17, 19, 40, 50, 46, 20);K4=(24, 25, 143, 156);m=241403/3153150;r=52;lambda=103/24024;tail=34;scan=12;controls=2;cover=()
LEAF;E=(2, 5, 9, 11, 12, 13, 14);rank=8;a=20;P=(16, 23, 17, 19, 40, 50, 46, 20);K4=(25, 31, 32, 143);m=110781901/1563962400;r=40;lambda=151/31031;tail=30;scan=9;controls=2;cover=()
LEAF;E=(2, 5, 9, 11, 12, 13, 14);rank=8;a=20;P=(16, 23, 17, 19, 40, 50, 46, 20);K4=(25, 31, 143, 156);m=15234691/195495300;r=58;lambda=3/616;tail=30;scan=9;controls=2;cover=()
LEAF;E=(2, 5, 9, 11, 12, 13, 14);rank=8;a=20;P=(16, 23, 17, 19, 40, 50, 46, 20);K4=(25, 32, 143, 156);m=466091/6306300;r=54;lambda=89/24024;tail=39;scan=17;controls=2;cover=()
LEAF;E=(2, 5, 9, 11, 12, 13, 14);rank=8;a=20;P=(16, 23, 17, 19, 40, 50, 46, 20);K4=(24, 31, 32, 143);m=78038/888615;r=40;lambda=139/24024;tail=25;scan=4;controls=2;cover=()
LEAF;E=(2, 5, 9, 11, 12, 13, 14);rank=8;a=20;P=(16, 23, 17, 19, 40, 50, 46, 20);K4=(24, 31, 143, 156);m=3096209/39099060;r=50;lambda=3/616;tail=30;scan=9;controls=2;cover=()
LEAF;E=(2, 5, 9, 11, 12, 13, 14);rank=8;a=20;P=(16, 23, 17, 19, 40, 50, 46, 20);K4=(24, 32, 143, 156);m=438301/5045040;r=50;lambda=3/616;tail=30;scan=9;controls=2;cover=()
LEAF;E=(2, 5, 9, 11, 12, 13, 14);rank=8;a=20;P=(16, 23, 17, 19, 40, 50, 46, 20);K4=(31, 32, 143, 156);m=24779687/312792480;r=54;lambda=3/616;tail=30;scan=10;controls=2;cover=()
LEAF;E=(2, 5, 9, 11, 12, 13, 14);rank=8;a=20;P=(16, 23, 17, 19, 40, 50, 46, 20);K4=(24, 25, 31, 175);m=7757/98735;r=48;lambda=6/1225;tail=30;scan=8;controls=2;cover=()
LEAF;E=(2, 5, 9, 11, 12, 13, 14);rank=8;a=20;P=(16, 23, 17, 19, 40, 50, 46, 20);K4=(24, 25, 32, 175);m=14813/176400;r=52;lambda=6/1225;tail=30;scan=8;controls=2;cover=()
LEAF;E=(2, 5, 9, 11, 12, 13, 14);rank=8;a=20;P=(16, 23, 17, 19, 40, 50, 46, 20);K4=(24, 25, 34, 175);m=18981/243100;r=48;lambda=6/1225;tail=30;scan=8;controls=2;cover=()
LEAF;E=(2, 5, 9, 11, 12, 13, 14);rank=8;a=20;P=(16, 23, 17, 19, 40, 50, 46, 20);K4=(25, 31, 32, 175);m=401291/5468400;r=46;lambda=6/1225;tail=30;scan=9;controls=2;cover=()
LEAF;E=(2, 5, 9, 11, 12, 13, 14);rank=8;a=20;P=(16, 23, 17, 19, 40, 50, 46, 20);K4=(25, 31, 34, 175);m=1396319/17867850;r=46;lambda=6/1225;tail=30;scan=9;controls=2;cover=()
LEAF;E=(2, 5, 9, 11, 12, 13, 14);rank=8;a=20;P=(16, 23, 17, 19, 40, 50, 46, 20);K4=(25, 32, 34, 175);m=11840513/171531360;r=48;lambda=6/1225;tail=30;scan=9;controls=2;cover=()
LEAF;E=(2, 5, 9, 11, 12, 13, 14);rank=8;a=20;P=(16, 23, 17, 19, 40, 50, 46, 20);K4=(24, 31, 32, 175);m=935647/10936800;r=50;lambda=6/1225;tail=30;scan=9;controls=2;cover=()
LEAF;E=(2, 5, 9, 11, 12, 13, 14);rank=8;a=20;P=(16, 23, 17, 19, 40, 50, 46, 20);K4=(24, 31, 34, 175);m=2359205/29541512;r=50;lambda=6/1225;tail=30;scan=9;controls=2;cover=()
LEAF;E=(2, 5, 9, 11, 12, 13, 14);rank=8;a=20;P=(16, 23, 17, 19, 40, 50, 46, 20);K4=(24, 32, 34, 175);m=72500839/857656800;r=54;lambda=6/1225;tail=30;scan=9;controls=2;cover=()
LEAF;E=(2, 5, 9, 11, 12, 13, 14);rank=8;a=20;P=(16, 23, 17, 19, 40, 50, 46, 20);K4=(31, 32, 34, 175);m=1050197111/13293680400;r=42;lambda=6/1225;tail=30;scan=10;controls=2;cover=()
LEAF;E=(2, 5, 9, 11, 12, 13, 14);rank=8;a=20;P=(16, 23, 17, 19, 40, 50, 46, 20);K4=(24, 25, 31, 182);m=1407317/17772300;r=40;lambda=3/637;tail=31;scan=9;controls=2;cover=()
LEAF;E=(2, 5, 9, 11, 12, 13, 14);rank=8;a=20;P=(16, 23, 17, 19, 40, 50, 46, 20);K4=(24, 25, 32, 182);m=186301/2293200;r=44;lambda=3/637;tail=31;scan=9;controls=2;cover=()
LEAF;E=(2, 5, 9, 11, 12, 13, 14);rank=8;a=20;P=(16, 23, 17, 19, 40, 50, 46, 20);K4=(24, 25, 156, 182);m=11159/143325;r=54;lambda=29/6552;tail=33;scan=11;controls=2;cover=()
LEAF;E=(2, 5, 9, 11, 12, 13, 14);rank=8;a=20;P=(16, 23, 17, 19, 40, 50, 46, 20);K4=(25, 31, 32, 182);m=10260041/142178400;r=40;lambda=3/637;tail=31;scan=10;controls=2;cover=()
LEAF;E=(2, 5, 9, 11, 12, 13, 14);rank=8;a=20;P=(16, 23, 17, 19, 40, 50, 46, 20);K4=(25, 31, 156, 182);m=357899/4443075;r=60;lambda=29/6552;tail=33;scan=11;controls=2;cover=()
LEAF;E=(2, 5, 9, 11, 12, 13, 14);rank=8;a=20;P=(16, 23, 17, 19, 40, 50, 46, 20);K4=(25, 32, 156, 182);m=333293/4586400;r=60;lambda=19/5096;tail=39;scan=17;controls=2;cover=()
LEAF;E=(2, 5, 9, 11, 12, 13, 14);rank=8;a=20;P=(16, 23, 17, 19, 40, 50, 46, 20);K4=(24, 31, 32, 182);m=2387011/28435680;r=44;lambda=3/637;tail=31;scan=10;controls=2;cover=()
LEAF;E=(2, 5, 9, 11, 12, 13, 14);rank=8;a=20;P=(16, 23, 17, 19, 40, 50, 46, 20);K4=(24, 31, 156, 182);m=8468/107415;r=58;lambda=29/6552;tail=33;scan=11;controls=2;cover=()
LEAF;E=(2, 5, 9, 11, 12, 13, 14);rank=8;a=20;P=(16, 23, 17, 19, 40, 50, 46, 20);K4=(24, 32, 156, 182);m=38603/458640;r=58;lambda=19/5096;tail=39;scan=17;controls=2;cover=()
LEAF;E=(2, 5, 9, 11, 12, 13, 14);rank=8;a=20;P=(16, 23, 17, 19, 40, 50, 46, 20);K4=(31, 32, 156, 182);m=579139/7108920;r=62;lambda=71/15288;tail=31;scan=11;controls=2;cover=()
LEAF;E=(2, 5, 9, 11, 12, 13, 14);rank=8;a=20;P=(16, 23, 17, 19, 40, 50, 46, 20);K4=(24, 25, 29, 38);m=4036342/57912855;r=30;lambda=11/931;tail=13;scan=0;controls=0;cover=()
LEAF;E=(2, 5, 9, 11, 12, 13, 14);rank=8;a=20;P=(16, 23, 17, 19, 40, 50, 46, 20);K4=(25, 29, 31, 38);m=100718155/1436238804;r=30;lambda=127/16492;tail=19;scan=2;controls=2;cover=()
LEAF;E=(2, 5, 9, 11, 12, 13, 14);rank=8;a=20;P=(16, 23, 17, 19, 40, 50, 46, 20);K4=(25, 29, 32, 38);m=29923121/427664160;r=30;lambda=7/1216;tail=25;scan=5;controls=2;cover=()
LEAF;E=(2, 5, 9, 11, 12, 13, 14);rank=8;a=20;P=(16, 23, 17, 19, 40, 50, 46, 20);K4=(25, 29, 34, 38);m=4003849/53701011;r=28;lambda=13/1900;tail=21;scan=2;controls=2;cover=()
LEAF;E=(2, 5, 9, 11, 12, 13, 14);rank=8;a=20;P=(16, 23, 17, 19, 40, 50, 46, 20);K4=(24, 25, 29, 31);m=72319271/1030793400;r=30;lambda=15/1736;tail=17;scan=1;controls=1;cover=()
LEAF;E=(2, 5, 9, 11, 12, 13, 14);rank=8;a=20;P=(16, 23, 17, 19, 40, 50, 46, 20);K4=(24, 25, 29, 32);m=10880323/133005600;r=32;lambda=19/1848;tail=14;scan=0;controls=0;cover=()
LEAF;E=(2, 5, 9, 11, 12, 13, 14);rank=8;a=20;P=(16, 23, 17, 19, 40, 50, 46, 20);K4=(24, 25, 29, 34);m=148094183/2072670600;r=26;lambda=73/9744;tail=20;scan=2;controls=2;cover=()
LEAF;E=(2, 5, 9, 11, 12, 13, 14);rank=8;a=20;P=(16, 23, 17, 19, 40, 50, 46, 20);K4=(25, 29, 31, 32);m=280780729/4123173600;r=30;lambda=3/448;tail=22;scan=3;controls=2;cover=()
LEAF;E=(2, 5, 9, 11, 12, 13, 14);rank=8;a=20;P=(16, 23, 17, 19, 40, 50, 46, 20);K4=(25, 29, 31, 34);m=2204806631/32126394300;r=28;lambda=15/2233;tail=22;scan=3;controls=2;cover=()
LEAF;E=(2, 5, 9, 11, 12, 13, 14);rank=8;a=20;P=(16, 23, 17, 19, 40, 50, 46, 20);K4=(25, 29, 32, 34);m=7834667/119577150;r=28;lambda=107/12992;tail=18;scan=1;controls=1;cover=()
LEAF;E=(2, 5, 9, 11, 12, 13, 14);rank=8;a=20;P=(16, 23, 17, 19, 40, 50, 46, 20);K4=(24, 29, 31, 38);m=299541237/4787462680;r=36;lambda=127/16492;tail=19;scan=2;controls=2;cover=()
LEAF;E=(2, 5, 9, 11, 12, 13, 14);rank=8;a=20;P=(16, 23, 17, 19, 40, 50, 46, 20);K4=(24, 29, 32, 38);m=1767701/22508640;r=36;lambda=37/4788;tail=19;scan=2;controls=2;cover=()
LEAF;E=(2, 5, 9, 11, 12, 13, 14);rank=8;a=20;P=(16, 23, 17, 19, 40, 50, 46, 20);K4=(24, 29, 34, 38);m=1653807431/23628444840;r=36;lambda=9/1666;tail=27;scan=6;controls=2;cover=()
LEAF;E=(2, 5, 9, 11, 12, 13, 14);rank=8;a=20;P=(16, 23, 17, 19, 40, 50, 46, 20);K4=(29, 31, 32, 38);m=234937061/3314397240;r=30;lambda=11/1160;tail=16;scan=1;controls=1;cover=()
LEAF;E=(2, 5, 9, 11, 12, 13, 14);rank=8;a=20;P=(16, 23, 17, 19, 40, 50, 46, 20);K4=(29, 31, 34, 38);m=27929869813/366240895020;r=30;lambda=11/1160;tail=16;scan=1;controls=1;cover=()
LEAF;E=(2, 5, 9, 11, 12, 13, 14);rank=8;a=20;P=(16, 23, 17, 19, 40, 50, 46, 20);K4=(29, 32, 34, 38);m=16162861/220311840;r=32;lambda=11/1160;tail=16;scan=1;controls=1;cover=()
LEAF;E=(2, 5, 9, 11, 12, 13, 14);rank=8;a=20;P=(16, 23, 17, 19, 40, 50, 46, 20);K4=(24, 29, 31, 32);m=32106379/412317360;r=32;lambda=3/448;tail=22;scan=3;controls=2;cover=()
LEAF;E=(2, 5, 9, 11, 12, 13, 14);rank=8;a=20;P=(16, 23, 17, 19, 40, 50, 46, 20);K4=(24, 29, 31, 34);m=433119539/6425278860;r=32;lambda=20/2821;tail=21;scan=2;controls=2;cover=()
LEAF;E=(2, 5, 9, 11, 12, 13, 14);rank=8;a=20;P=(16, 23, 17, 19, 40, 50, 46, 20);K4=(24, 29, 32, 34);m=195443363/2487204720;r=32;lambda=73/9744;tail=20;scan=2;controls=2;cover=()
LEAF;E=(2, 5, 9, 11, 12, 13, 14);rank=8;a=20;P=(16, 23, 17, 19, 40, 50, 46, 20);K4=(29, 31, 32, 34);m=26657977/382646880;r=26;lambda=11/1160;tail=16;scan=1;controls=1;cover=()
LEAF;E=(2, 5, 9, 11, 12, 13, 14);rank=8;a=20;P=(16, 23, 17, 19, 40, 50, 46, 20);K4=(24, 25, 32, 108);m=3860693/50450400;r=44;lambda=79/10584;tail=20;scan=2;controls=2;cover=()
LEAF;E=(2, 5, 9, 11, 12, 13, 14);rank=8;a=20;P=(16, 23, 17, 19, 40, 50, 46, 20);K4=(24, 25, 34, 108);m=1026383/14619150;r=42;lambda=79/10584;tail=20;scan=2;controls=2;cover=()
LEAF;E=(2, 5, 9, 11, 12, 13, 14);rank=8;a=20;P=(16, 23, 17, 19, 40, 50, 46, 20);K4=(24, 25, 108, 156);m=1303829/18918900;r=52;lambda=1/182;tail=27;scan=5;controls=2;cover=()
LEAF;E=(2, 5, 9, 11, 12, 13, 14);rank=8;a=20;P=(16, 23, 17, 19, 40, 50, 46, 20);K4=(25, 32, 34, 108);m=68423/1058400;r=38;lambda=79/10584;tail=20;scan=2;controls=2;cover=()
LEAF;E=(2, 5, 9, 11, 12, 13, 14);rank=8;a=20;P=(16, 23, 17, 19, 40, 50, 46, 20);K4=(25, 32, 108, 156);m=3462449/50450400;r=56;lambda=19/4914;tail=37;scan=15;controls=2;cover=()
LEAF;E=(2, 5, 9, 11, 12, 13, 14);rank=8;a=20;P=(16, 23, 17, 19, 40, 50, 46, 20);K4=(25, 34, 108, 156);m=1125209/14619150;r=50;lambda=1/182;tail=27;scan=6;controls=2;cover=()
LEAF;E=(2, 5, 9, 11, 12, 13, 14);rank=8;a=20;P=(16, 23, 17, 19, 40, 50, 46, 20);K4=(24, 32, 34, 108);m=1819247/23390640;r=44;lambda=79/10584;tail=20;scan=2;controls=2;cover=()
LEAF;E=(2, 5, 9, 11, 12, 13, 14);rank=8;a=20;P=(16, 23, 17, 19, 40, 50, 46, 20);K4=(24, 32, 75, 108);m=14293/171990;r=48;lambda=73/12600;tail=25;scan=4;controls=2;cover=()
LEAF;E=(2, 5, 9, 11, 12, 13, 14);rank=8;a=20;P=(16, 23, 17, 19, 40, 50, 46, 20);K4=(24, 32, 108, 156);m=115151/1513512;r=56;lambda=5/1092;tail=32;scan=11;controls=2;cover=()
LEAF;E=(2, 5, 9, 11, 12, 13, 14);rank=8;a=20;P=(16, 23, 17, 19, 40, 50, 46, 20);K4=(24, 34, 75, 108);m=720521/9746100;r=52;lambda=1/280;tail=41;scan=18;controls=2;cover=()
LEAF;E=(2, 5, 9, 11, 12, 13, 14);rank=8;a=20;P=(16, 23, 17, 19, 40, 50, 46, 20);K4=(24, 34, 108, 156);m=75193/1072071;r=54;lambda=5/1092;tail=32;scan=11;controls=2;cover=()
LEAF;E=(2, 5, 9, 11, 12, 13, 14);rank=8;a=20;P=(16, 23, 17, 19, 40, 50, 46, 20);K4=(24, 75, 108, 156);m=128483/1719900;r=58;lambda=1/182;tail=27;scan=6;controls=2;cover=()
LEAF;E=(2, 5, 9, 11, 12, 13, 14);rank=8;a=20;P=(16, 23, 17, 19, 40, 50, 46, 20);K4=(32, 34, 75, 108);m=133403/1799280;r=46;lambda=59/12600;tail=31;scan=11;controls=2;cover=()
LEAF;E=(2, 5, 9, 11, 12, 13, 14);rank=8;a=20;P=(16, 23, 17, 19, 40, 50, 46, 20);K4=(32, 34, 108, 156);m=678269/9356256;r=56;lambda=1/182;tail=27;scan=7;controls=2;cover=()
LEAF;E=(2, 5, 9, 11, 12, 13, 14);rank=8;a=20;P=(16, 23, 17, 19, 40, 50, 46, 20);K4=(32, 75, 108, 156);m=206197/2751840;r=68;lambda=1/280;tail=41;scan=19;controls=2;cover=()
LEAF;E=(2, 5, 9, 11, 12, 13, 14);rank=8;a=20;P=(16, 23, 17, 19, 40, 50, 46, 20);K4=(34, 75, 108, 156);m=2677/32487;r=62;lambda=1/182;tail=27;scan=7;controls=2;cover=()
LEAF;E=(2, 5, 9, 11, 12, 13, 14);rank=8;a=20;P=(16, 23, 17, 19, 40, 50, 46, 20);K4=(15, 24, 25, 35);m=2119/40425;r=32;lambda=5/1764;tail=51;scan=24;controls=2;cover=()
LEAF;E=(2, 5, 9, 11, 12, 13, 14);rank=8;a=20;P=(16, 23, 17, 19, 40, 50, 46, 20);K4=(15, 25, 32, 35);m=227789/3880800;r=32;lambda=11/1960;tail=26;scan=4;controls=2;cover=()
LEAF;E=(2, 5, 9, 11, 12, 13, 14);rank=8;a=20;P=(16, 23, 17, 19, 40, 50, 46, 20);K4=(15, 24, 32, 35);m=798607/10090080;r=32;lambda=4/441;tail=16;scan=0;controls=0;cover=()
LEAF;E=(2, 5, 9, 11, 12, 13, 14);rank=8;a=20;P=(16, 23, 17, 19, 40, 50, 46, 20);K4=(15, 24, 35, 75);m=3687/53900;r=34;lambda=1/225;tail=33;scan=11;controls=2;cover=()
LEAF;E=(2, 5, 9, 11, 12, 13, 14);rank=8;a=20;P=(16, 23, 17, 19, 40, 50, 46, 20);K4=(15, 32, 35, 75);m=60091/776160;r=34;lambda=23/4200;tail=27;scan=6;controls=2;cover=()
LEAF;E=(2, 5, 9, 11, 12, 13, 14);rank=8;a=20;P=(16, 23, 17, 19, 40, 50, 46, 20);K4=(15, 24, 25, 32);m=265039/3880800;r=34;lambda=3/448;tail=22;scan=2;controls=2;cover=()
LEAF;E=(2, 5, 9, 11, 12, 13, 14);rank=8;a=20;P=(16, 23, 17, 19, 40, 50, 46, 20);K4=(15, 24, 25, 54);m=255499/4204200;r=36;lambda=13/2520;tail=28;scan=5;controls=2;cover=()
LEAF;E=(2, 5, 9, 11, 12, 13, 14);rank=8;a=20;P=(16, 23, 17, 19, 40, 50, 46, 20);K4=(15, 24, 25, 156);m=101509/1576575;r=34;lambda=11/2184;tail=29;scan=6;controls=2;cover=()
LEAF;E=(2, 5, 9, 11, 12, 13, 14);rank=8;a=20;P=(16, 23, 17, 19, 40, 50, 46, 20);K4=(15, 25, 32, 54);m=79127/1293600;r=36;lambda=11/2646;tail=35;scan=12;controls=2;cover=()
LEAF;E=(2, 5, 9, 11, 12, 13, 14);rank=8;a=20;P=(16, 23, 17, 19, 40, 50, 46, 20);K4=(15, 25, 32, 156);m=249331/3880800;r=40;lambda=11/2184;tail=29;scan=7;controls=2;cover=()
LEAF;E=(2, 5, 9, 11, 12, 13, 14);rank=8;a=20;P=(16, 23, 17, 19, 40, 50, 46, 20);K4=(15, 25, 54, 156);m=46637/630630;r=40;lambda=1/182;tail=27;scan=5;controls=2;cover=()
LEAF;E=(2, 5, 9, 11, 12, 13, 14);rank=8;a=20;P=(16, 23, 17, 19, 40, 50, 46, 20);K4=(15, 24, 32, 54);m=27397/378378;r=40;lambda=1/108;tail=16;scan=0;controls=0;cover=()
LEAF;E=(2, 5, 9, 11, 12, 13, 14);rank=8;a=20;P=(16, 23, 17, 19, 40, 50, 46, 20);K4=(15, 24, 32, 75);m=161279/1940400;r=34;lambda=67/11200;tail=24;scan=3;controls=2;cover=()
LEAF;E=(2, 5, 9, 11, 12, 13, 14);rank=8;a=20;P=(16, 23, 17, 19, 40, 50, 46, 20);K4=(15, 24, 32, 156);m=394021/5045040;r=34;lambda=1/182;tail=27;scan=5;controls=2;cover=()
LEAF;E=(2, 5, 9, 11, 12, 13, 14);rank=8;a=20;P=(16, 23, 17, 19, 40, 50, 46, 20);K4=(15, 24, 54, 75);m=2667859/37837800;r=38;lambda=19/3780;tail=29;scan=7;controls=2;cover=()
LEAF;E=(2, 5, 9, 11, 12, 13, 14);rank=8;a=20;P=(16, 23, 17, 19, 40, 50, 46, 20);K4=(15, 24, 54, 156);m=62336/945945;r=40;lambda=29/6552;tail=33;scan=11;controls=2;cover=()
LEAF;E=(2, 5, 9, 11, 12, 13, 14);rank=8;a=20;P=(16, 23, 17, 19, 40, 50, 46, 20);K4=(15, 24, 75, 156);m=123223/1576575;r=38;lambda=11/2184;tail=29;scan=7;controls=2;cover=()
LEAF;E=(2, 5, 9, 11, 12, 13, 14);rank=8;a=20;P=(16, 23, 17, 19, 40, 50, 46, 20);K4=(15, 32, 54, 75);m=212089/2910600;r=38;lambda=23/4200;tail=27;scan=6;controls=2;cover=()
LEAF;E=(2, 5, 9, 11, 12, 13, 14);rank=8;a=20;P=(16, 23, 17, 19, 40, 50, 46, 20);K4=(15, 32, 54, 156);m=2195533/30270240;r=46;lambda=1/182;tail=27;scan=6;controls=2;cover=()
LEAF;E=(2, 5, 9, 11, 12, 13, 14);rank=8;a=20;P=(16, 23, 17, 19, 40, 50, 46, 20);K4=(15, 32, 75, 156);m=304771/3880800;r=50;lambda=11/2184;tail=29;scan=8;controls=2;cover=()
LEAF;E=(2, 5, 9, 11, 12, 13, 14);rank=8;a=20;P=(16, 23, 17, 19, 40, 50, 46, 20);K4=(15, 54, 75, 156);m=308543/3783780;r=48;lambda=1/182;tail=27;scan=6;controls=2;cover=()
LEAF;E=(2, 5, 9, 11, 12, 13, 14);rank=8;a=20;P=(16, 23, 17, 19, 40, 50, 46, 20);K4=(24, 25, 31, 35);m=223607/3341800;r=32;lambda=39/6076;tail=23;scan=4;controls=2;cover=()
LEAF;E=(2, 5, 9, 11, 12, 13, 14);rank=8;a=20;P=(16, 23, 17, 19, 40, 50, 46, 20);K4=(24, 25, 32, 35);m=144967/1940400;r=34;lambda=23/2352;tail=15;scan=0;controls=0;cover=()
LEAF;E=(2, 5, 9, 11, 12, 13, 14);rank=8;a=20;P=(16, 23, 17, 19, 40, 50, 46, 20);K4=(24, 25, 34, 35);m=1279651/19492200;r=28;lambda=23/2352;tail=15;scan=0;controls=0;cover=()
LEAF;E=(2, 5, 9, 11, 12, 13, 14);rank=8;a=20;P=(16, 23, 17, 19, 40, 50, 46, 20);K4=(25, 31, 32, 35);m=4058311/60152400;r=32;lambda=39/6076;tail=23;scan=4;controls=2;cover=()
LEAF;E=(2, 5, 9, 11, 12, 13, 14);rank=8;a=20;P=(16, 23, 17, 19, 40, 50, 46, 20);K4=(25, 31, 34, 35);m=5185808/75532275;r=30;lambda=39/6076;tail=23;scan=4;controls=2;cover=()
LEAF;E=(2, 5, 9, 11, 12, 13, 14);rank=8;a=20;P=(16, 23, 17, 19, 40, 50, 46, 20);K4=(25, 32, 34, 35);m=540011/8663200;r=30;lambda=33/3136;tail=14;scan=0;controls=0;cover=()
LEAF;E=(2, 5, 9, 11, 12, 13, 14);rank=8;a=20;P=(16, 23, 17, 19, 40, 50, 46, 20);K4=(24, 31, 32, 35);m=2048041/24060960;r=32;lambda=17/2184;tail=19;scan=2;controls=2;cover=()
LEAF;E=(2, 5, 9, 11, 12, 13, 14);rank=8;a=20;P=(16, 23, 17, 19, 40, 50, 46, 20);K4=(24, 31, 34, 35);m=3605983/47477430;r=32;lambda=19/2856;tail=22;scan=3;controls=2;cover=()
LEAF;E=(2, 5, 9, 11, 12, 13, 14);rank=8;a=20;P=(16, 23, 17, 19, 40, 50, 46, 20);K4=(24, 31, 35, 75);m=248097/3341800;r=36;lambda=29/5425;tail=27;scan=6;controls=2;cover=()
LEAF;E=(2, 5, 9, 11, 12, 13, 14);rank=8;a=20;P=(16, 23, 17, 19, 40, 50, 46, 20);K4=(24, 32, 34, 35);m=61837/742560;r=32;lambda=23/2352;tail=15;scan=0;controls=0;cover=()
LEAF;E=(2, 5, 9, 11, 12, 13, 14);rank=8;a=20;P=(16, 23, 17, 19, 40, 50, 46, 20);K4=(24, 32, 35, 75);m=66097/776160;r=36;lambda=8/1225;tail=22;scan=3;controls=2;cover=()
LEAF;E=(2, 5, 9, 11, 12, 13, 14);rank=8;a=20;P=(16, 23, 17, 19, 40, 50, 46, 20);K4=(24, 34, 35, 75);m=1427617/19492200;r=36;lambda=57/11900;tail=30;scan=9;controls=2;cover=()
LEAF;E=(2, 5, 9, 11, 12, 13, 14);rank=8;a=20;P=(16, 23, 17, 19, 40, 50, 46, 20);K4=(31, 32, 34, 35);m=1429/17680;r=26;lambda=3/280;tail=14;scan=0;controls=0;cover=()
LEAF;E=(2, 5, 9, 11, 12, 13, 14);rank=8;a=20;P=(16, 23, 17, 19, 40, 50, 46, 20);K4=(31, 32, 35, 75);m=335243/4296600;r=34;lambda=23/4200;tail=27;scan=7;controls=2;cover=()
LEAF;E=(2, 5, 9, 11, 12, 13, 14);rank=8;a=20;P=(16, 23, 17, 19, 40, 50, 46, 20);K4=(31, 34, 35, 75);m=874856/10790325;r=34;lambda=94/16275;tail=25;scan=5;controls=2;cover=()
LEAF;E=(2, 5, 9, 11, 12, 13, 14);rank=8;a=20;P=(16, 23, 17, 19, 40, 50, 46, 20);K4=(32, 34, 35, 75);m=662497/8663200;r=36;lambda=23/4200;tail=27;scan=7;controls=2;cover=()
LEAF;E=(2, 5, 9, 11, 12, 13, 14);rank=8;a=20;P=(16, 23, 17, 19, 40, 50, 46, 20);K4=(24, 25, 69, 78);m=1056347/13185900;r=38;lambda=85/13524;tail=23;scan=4;controls=2;cover=()
LEAF;E=(2, 5, 9, 11, 12, 13, 14);rank=8;a=20;P=(16, 23, 17, 19, 40, 50, 46, 20);K4=(25, 32, 69, 78);m=7449601/105487200;r=44;lambda=85/13524;tail=23;scan=4;controls=2;cover=()
LEAF;E=(2, 5, 9, 11, 12, 13, 14);rank=8;a=20;P=(16, 23, 17, 19, 40, 50, 46, 20);K4=(24, 32, 69, 78);m=1819931/21097440;r=42;lambda=1/156;tail=23;scan=4;controls=2;cover=()
LEAF;E=(2, 5, 9, 11, 12, 13, 14);rank=8;a=20;P=(16, 23, 17, 19, 40, 50, 46, 20);K4=(24, 69, 75, 78);m=5017183/58017960;r=42;lambda=29/6279;tail=31;scan=10;controls=2;cover=()
LEAF;E=(2, 5, 9, 11, 12, 13, 14);rank=8;a=20;P=(16, 23, 17, 19, 40, 50, 46, 20);K4=(32, 69, 75, 78);m=90728747/1160359200;r=48;lambda=1/252;tail=37;scan=16;controls=2;cover=()
LEAF;E=(2, 5, 9, 11, 12, 13, 14);rank=8;a=20;P=(16, 23, 17, 19, 40, 50, 46, 20);K4=(24, 25, 31, 69);m=32021641/408762900;r=38;lambda=85/13524;tail=23;scan=4;controls=2;cover=()
LEAF;E=(2, 5, 9, 11, 12, 13, 14);rank=8;a=20;P=(16, 23, 17, 19, 40, 50, 46, 20);K4=(24, 25, 32, 69);m=640267/8114400;r=44;lambda=85/13524;tail=23;scan=4;controls=2;cover=()
LEAF;E=(2, 5, 9, 11, 12, 13, 14);rank=8;a=20;P=(16, 23, 17, 19, 40, 50, 46, 20);K4=(24, 25, 54, 69);m=65945753/870269400;r=44;lambda=33/4508;tail=20;scan=2;controls=2;cover=()
LEAF;E=(2, 5, 9, 11, 12, 13, 14);rank=8;a=20;P=(16, 23, 17, 19, 40, 50, 46, 20);K4=(25, 31, 32, 69);m=16875781/251546400;r=38;lambda=85/13524;tail=23;scan=4;controls=2;cover=()
LEAF;E=(2, 5, 9, 11, 12, 13, 14);rank=8;a=20;P=(16, 23, 17, 19, 40, 50, 46, 20);K4=(25, 31, 54, 69);m=8556836/108783675;r=42;lambda=85/13524;tail=23;scan=4;controls=2;cover=()
LEAF;E=(2, 5, 9, 11, 12, 13, 14);rank=8;a=20;P=(16, 23, 17, 19, 40, 50, 46, 20);K4=(25, 32, 54, 69);m=8960737/133887600;r=44;lambda=85/13524;tail=23;scan=4;controls=2;cover=()
LEAF;E=(2, 5, 9, 11, 12, 13, 14);rank=8;a=20;P=(16, 23, 17, 19, 40, 50, 46, 20);K4=(24, 31, 32, 69);m=1052129/12577320;r=40;lambda=17/2184;tail=19;scan=2;controls=2;cover=()
LEAF;E=(2, 5, 9, 11, 12, 13, 14);rank=8;a=20;P=(16, 23, 17, 19, 40, 50, 46, 20);K4=(24, 31, 54, 69);m=4587697/59951892;r=48;lambda=85/13524;tail=23;scan=4;controls=2;cover=()
LEAF;E=(2, 5, 9, 11, 12, 13, 14);rank=8;a=20;P=(16, 23, 17, 19, 40, 50, 46, 20);K4=(24, 31, 69, 75);m=379031909/4496391900;r=40;lambda=29/6279;tail=31;scan=10;controls=2;cover=()
LEAF;E=(2, 5, 9, 11, 12, 13, 14);rank=8;a=20;P=(16, 23, 17, 19, 40, 50, 46, 20);K4=(24, 32, 54, 69);m=25601/334719;r=50;lambda=85/13524;tail=23;scan=4;controls=2;cover=()
LEAF;E=(2, 5, 9, 11, 12, 13, 14);rank=8;a=20;P=(16, 23, 17, 19, 40, 50, 46, 20);K4=(24, 32, 69, 75);m=3926689/44629200;r=44;lambda=1/225;tail=33;scan=11;controls=2;cover=()
LEAF;E=(2, 5, 9, 11, 12, 13, 14);rank=8;a=20;P=(16, 23, 17, 19, 40, 50, 46, 20);K4=(24, 54, 69, 75);m=69421381/870269400;r=46;lambda=27/4025;tail=22;scan=3;controls=2;cover=()
LEAF;E=(2, 5, 9, 11, 12, 13, 14);rank=8;a=20;P=(16, 23, 17, 19, 40, 50, 46, 20);K4=(31, 32, 54, 69);m=2728777/36893472;r=44;lambda=85/13524;tail=23;scan=4;controls=2;cover=()
LEAF;E=(2, 5, 9, 11, 12, 13, 14);rank=8;a=20;P=(16, 23, 17, 19, 40, 50, 46, 20);K4=(31, 32, 69, 75);m=103312963/1383505200;r=40;lambda=2/525;tail=38;scan=16;controls=2;cover=()
LEAF;E=(2, 5, 9, 11, 12, 13, 14);rank=8;a=20;P=(16, 23, 17, 19, 40, 50, 46, 20);K4=(31, 54, 69, 75);m=352079711/4496391900;r=46;lambda=94/16275;tail=25;scan=5;controls=2;cover=()
LEAF;E=(2, 5, 9, 11, 12, 13, 14);rank=8;a=20;P=(16, 23, 17, 19, 40, 50, 46, 20);K4=(32, 54, 69, 75);m=771805/10711008;r=48;lambda=1/225;tail=33;scan=12;controls=2;cover=()
LEAF;E=(2, 5, 9, 11, 12, 13, 14);rank=8;a=20;P=(16, 23, 17, 19, 40, 50, 46, 20);K4=(24, 25, 38, 78);m=408764/5990985;r=32;lambda=15/1729;tail=17;scan=1;controls=1;cover=()
LEAF;E=(2, 5, 9, 11, 12, 13, 14);rank=8;a=20;P=(16, 23, 17, 19, 40, 50, 46, 20);K4=(25, 32, 38, 78);m=1651919/23963940;r=34;lambda=7/1216;tail=25;scan=5;controls=2;cover=()
LEAF;E=(2, 5, 9, 11, 12, 13, 14);rank=8;a=20;P=(16, 23, 17, 19, 40, 50, 46, 20);K4=(25, 34, 38, 78);m=4677/63308;r=34;lambda=1/156;tail=23;scan=4;controls=2;cover=()
LEAF;E=(2, 5, 9, 11, 12, 13, 14);rank=8;a=20;P=(16, 23, 17, 19, 40, 50, 46, 20);K4=(24, 25, 32, 78);m=379637/4586400;r=30;lambda=107/12012;tail=17;scan=1;controls=1;cover=()
LEAF;E=(2, 5, 9, 11, 12, 13, 14);rank=8;a=20;P=(16, 23, 17, 19, 40, 50, 46, 20);K4=(24, 25, 34, 78);m=7919753/107207100;r=28;lambda=11/1274;tail=17;scan=1;controls=1;cover=()
LEAF;E=(2, 5, 9, 11, 12, 13, 14);rank=8;a=20;P=(16, 23, 17, 19, 40, 50, 46, 20);K4=(25, 32, 34, 78);m=4387693/65973600;r=32;lambda=11/1274;tail=17;scan=1;controls=1;cover=()
LEAF;E=(2, 5, 9, 11, 12, 13, 14);rank=8;a=20;P=(16, 23, 17, 19, 40, 50, 46, 20);K4=(24, 32, 38, 78);m=15661873/191711520;r=36;lambda=7/1216;tail=25;scan=4;controls=2;cover=()
LEAF;E=(2, 5, 9, 11, 12, 13, 14);rank=8;a=20;P=(16, 23, 17, 19, 40, 50, 46, 20);K4=(24, 34, 38, 78);m=496967/6963880;r=40;lambda=4/931;tail=34;scan=13;controls=2;cover=()
LEAF;E=(2, 5, 9, 11, 12, 13, 14);rank=8;a=20;P=(16, 23, 17, 19, 40, 50, 46, 20);K4=(24, 38, 75, 78);m=3529243/47927880;r=40;lambda=15/1729;tail=17;scan=1;controls=1;cover=()
LEAF;E=(2, 5, 9, 11, 12, 13, 14);rank=8;a=20;P=(16, 23, 17, 19, 40, 50, 46, 20);K4=(32, 34, 38, 78);m=109169/1452360;r=38;lambda=11/1560;tail=21;scan=2;controls=2;cover=()
LEAF;E=(2, 5, 9, 11, 12, 13, 14);rank=8;a=20;P=(16, 23, 17, 19, 40, 50, 46, 20);K4=(32, 38, 75, 78);m=175981/2304225;r=40;lambda=7/1216;tail=25;scan=5;controls=2;cover=()
LEAF;E=(2, 5, 9, 11, 12, 13, 14);rank=8;a=20;P=(16, 23, 17, 19, 40, 50, 46, 20);K4=(34, 38, 75, 78);m=98503/1234506;r=40;lambda=173/27300;tail=23;scan=4;controls=2;cover=()
LEAF;E=(2, 5, 9, 11, 12, 13, 14);rank=8;a=20;P=(16, 23, 17, 19, 40, 50, 46, 20);K4=(24, 32, 34, 78);m=1766533/21441420;r=32;lambda=11/1274;tail=17;scan=1;controls=1;cover=()
LEAF;E=(2, 5, 9, 11, 12, 13, 14);rank=8;a=20;P=(16, 23, 17, 19, 40, 50, 46, 20);K4=(24, 32, 75, 78);m=4480387/50450400;r=36;lambda=229/27300;tail=18;scan=1;controls=1;cover=()
LEAF;E=(2, 5, 9, 11, 12, 13, 14);rank=8;a=20;P=(16, 23, 17, 19, 40, 50, 46, 20);K4=(24, 34, 75, 78);m=16635169/214414200;r=36;lambda=8/1365;tail=25;scan=4;controls=2;cover=()
LEAF;E=(2, 5, 9, 11, 12, 13, 14);rank=8;a=20;P=(16, 23, 17, 19, 40, 50, 46, 20);K4=(32, 34, 75, 78);m=2586721/34306272;r=38;lambda=23/4200;tail=27;scan=7;controls=2;cover=()
LEAF;E=(2, 5, 9, 11, 12, 13, 14);rank=8;a=20;P=(16, 23, 17, 19, 40, 50, 46, 20);K4=(24, 25, 31, 38);m=81511109/1238136900;r=32;lambda=127/16492;tail=19;scan=2;controls=2;cover=()
LEAF;E=(2, 5, 9, 11, 12, 13, 14);rank=8;a=20;P=(16, 23, 17, 19, 40, 50, 46, 20);K4=(24, 25, 32, 38);m=1409995/19171152;r=34;lambda=7/1216;tail=25;scan=4;controls=2;cover=()
LEAF;E=(2, 5, 9, 11, 12, 13, 14);rank=8;a=20;P=(16, 23, 17, 19, 40, 50, 46, 20);K4=(24, 25, 34, 38);m=3215606/46293975;r=32;lambda=9/1666;tail=27;scan=5;controls=2;cover=()
LEAF;E=(2, 5, 9, 11, 12, 13, 14);rank=8;a=20;P=(16, 23, 17, 19, 40, 50, 46, 20);K4=(24, 25, 38, 156);m=135074/1996995;r=40;lambda=1/182;tail=27;scan=5;controls=2;cover=()
LEAF;E=(2, 5, 9, 11, 12, 13, 14);rank=8;a=20;P=(16, 23, 17, 19, 40, 50, 46, 20);K4=(25, 31, 32, 38);m=1919752061/29715285600;r=30;lambda=7/1216;tail=25;scan=5;controls=2;cover=()
LEAF;E=(2, 5, 9, 11, 12, 13, 14);rank=8;a=20;P=(16, 23, 17, 19, 40, 50, 46, 20);K4=(25, 31, 34, 38);m=140677/1949220;r=30;lambda=61/6916;tail=17;scan=1;controls=1;cover=()
LEAF;E=(2, 5, 9, 11, 12, 13, 14);rank=8;a=20;P=(16, 23, 17, 19, 40, 50, 46, 20);K4=(25, 31, 38, 156);m=4552076/61906845;r=44;lambda=1/182;tail=27;scan=6;controls=2;cover=()
LEAF;E=(2, 5, 9, 11, 12, 13, 14);rank=8;a=20;P=(16, 23, 17, 19, 40, 50, 46, 20);K4=(25, 32, 34, 38);m=1953209/30862650;r=32;lambda=17/3192;tail=27;scan=6;controls=2;cover=()
LEAF;E=(2, 5, 9, 11, 12, 13, 14);rank=8;a=20;P=(16, 23, 17, 19, 40, 50, 46, 20);K4=(25, 32, 38, 156);m=6506729/95855760;r=44;lambda=61/13832;tail=33;scan=11;controls=2;cover=()
LEAF;E=(2, 5, 9, 11, 12, 13, 14);rank=8;a=20;P=(16, 23, 17, 19, 40, 50, 46, 20);K4=(25, 34, 38, 156);m=2781979/37035180;r=44;lambda=1/182;tail=27;scan=6;controls=2;cover=()
LEAF;E=(2, 5, 9, 11, 12, 13, 14);rank=8;a=20;P=(16, 23, 17, 19, 40, 50, 46, 20);K4=(24, 25, 31, 32);m=828047/10936800;r=34;lambda=3/448;tail=22;scan=3;controls=2;cover=()
LEAF;E=(2, 5, 9, 11, 12, 13, 14);rank=8;a=20;P=(16, 23, 17, 19, 40, 50, 46, 20);K4=(24, 25, 31, 34);m=156412127/2215613400;r=30;lambda=39/6076;tail=23;scan=4;controls=2;cover=()
LEAF;E=(2, 5, 9, 11, 12, 13, 14);rank=8;a=20;P=(16, 23, 17, 19, 40, 50, 46, 20);K4=(24, 25, 31, 54);m=10878908/146621475;r=34;lambda=39/6076;tail=23;scan=4;controls=2;cover=()
LEAF;E=(2, 5, 9, 11, 12, 13, 14);rank=8;a=20;P=(16, 23, 17, 19, 40, 50, 46, 20);K4=(24, 25, 31, 156);m=1275629/17772300;r=40;lambda=29/6552;tail=33;scan=10;controls=2;cover=()
LEAF;E=(2, 5, 9, 11, 12, 13, 14);rank=8;a=20;P=(16, 23, 17, 19, 40, 50, 46, 20);K4=(24, 25, 32, 34);m=61976479/857656800;r=32;lambda=23/2352;tail=15;scan=0;controls=0;cover=()
LEAF;E=(2, 5, 9, 11, 12, 13, 14);rank=8;a=20;P=(16, 23, 17, 19, 40, 50, 46, 20);K4=(24, 25, 32, 54);m=91757/1293600;r=40;lambda=1/147;tail=22;scan=3;controls=2;cover=()
LEAF;E=(2, 5, 9, 11, 12, 13, 14);rank=8;a=20;P=(16, 23, 17, 19, 40, 50, 46, 20);K4=(24, 25, 32, 156);m=354143/4586400;r=38;lambda=1/182;tail=27;scan=5;controls=2;cover=()
LEAF;E=(2, 5, 9, 11, 12, 13, 14);rank=8;a=20;P=(16, 23, 17, 19, 40, 50, 46, 20);K4=(24, 25, 34, 54);m=654167/9746100;r=32;lambda=1/147;tail=22;scan=3;controls=2;cover=()
LEAF;E=(2, 5, 9, 11, 12, 13, 14);rank=8;a=20;P=(16, 23, 17, 19, 40, 50, 46, 20);K4=(24, 25, 34, 156);m=431281/5955950;r=36;lambda=1/182;tail=27;scan=5;controls=2;cover=()
LEAF;E=(2, 5, 9, 11, 12, 13, 14);rank=8;a=20;P=(16, 23, 17, 19, 40, 50, 46, 20);K4=(24, 25, 54, 156);m=431903/6306300;r=40;lambda=1/182;tail=27;scan=5;controls=2;cover=()
LEAF;E=(2, 5, 9, 11, 12, 13, 14);rank=8;a=20;P=(16, 23, 17, 19, 40, 50, 46, 20);K4=(25, 31, 32, 34);m=798530267/13293680400;r=30;lambda=39/6076;tail=23;scan=4;controls=2;cover=()
LEAF;E=(2, 5, 9, 11, 12, 13, 14);rank=8;a=20;P=(16, 23, 17, 19, 40, 50, 46, 20);K4=(25, 31, 32, 54);m=12428021/180457200;r=34;lambda=39/6076;tail=23;scan=4;controls=2;cover=()
LEAF;E=(2, 5, 9, 11, 12, 13, 14);rank=8;a=20;P=(16, 23, 17, 19, 40, 50, 46, 20);K4=(25, 31, 32, 156);m=1179589/17772300;r=44;lambda=1/273;tail=40;scan=17;controls=2;cover=()
LEAF;E=(2, 5, 9, 11, 12, 13, 14);rank=8;a=20;P=(16, 23, 17, 19, 40, 50, 46, 20);K4=(25, 31, 34, 54);m=17382752/226596825;r=28;lambda=73/9828;tail=20;scan=2;controls=2;cover=()
LEAF;E=(2, 5, 9, 11, 12, 13, 14);rank=8;a=20;P=(16, 23, 17, 19, 40, 50, 46, 20);K4=(25, 31, 34, 156);m=6434723/85215900;r=40;lambda=1/182;tail=27;scan=6;controls=2;cover=()
LEAF;E=(2, 5, 9, 11, 12, 13, 14);rank=8;a=20;P=(16, 23, 17, 19, 40, 50, 46, 20);K4=(25, 31, 54, 156);m=2624483/32582550;r=44;lambda=1/182;tail=27;scan=6;controls=2;cover=()
LEAF;E=(2, 5, 9, 11, 12, 13, 14);rank=8;a=20;P=(16, 23, 17, 19, 40, 50, 46, 20);K4=(25, 32, 34, 54);m=4516171/77968800;r=34;lambda=1/147;tail=22;scan=3;controls=2;cover=()
LEAF;E=(2, 5, 9, 11, 12, 13, 14);rank=8;a=20;P=(16, 23, 17, 19, 40, 50, 46, 20);K4=(25, 32, 34, 156);m=55720999/857656800;r=40;lambda=1/182;tail=27;scan=6;controls=2;cover=()
LEAF;E=(2, 5, 9, 11, 12, 13, 14);rank=8;a=20;P=(16, 23, 17, 19, 40, 50, 46, 20);K4=(25, 32, 54, 156);m=3288079/50450400;r=46;lambda=55/15288;tail=40;scan=18;controls=2;cover=()
LEAF;E=(2, 5, 9, 11, 12, 13, 14);rank=8;a=20;P=(16, 23, 17, 19, 40, 50, 46, 20);K4=(25, 34, 54, 156);m=2183953/29238300;r=40;lambda=1/182;tail=27;scan=6;controls=2;cover=()
LEAF;E=(2, 5, 9, 11, 12, 13, 14);rank=8;a=20;P=(16, 23, 17, 19, 40, 50, 46, 20);K4=(24, 31, 32, 38);m=454988179/5943057120;r=34;lambda=7/1216;tail=25;scan=4;controls=2;cover=()
LEAF;E=(2, 5, 9, 11, 12, 13, 14);rank=8;a=20;P=(16, 23, 17, 19, 40, 50, 46, 20);K4=(24, 31, 34, 38);m=1840502197/25257992760;r=36;lambda=17/3192;tail=27;scan=6;controls=2;cover=()
LEAF;E=(2, 5, 9, 11, 12, 13, 14);rank=8;a=20;P=(16, 23, 17, 19, 40, 50, 46, 20);K4=(24, 31, 38, 75);m=21925801/309534225;r=38;lambda=127/16492;tail=19;scan=2;controls=2;cover=()
LEAF;E=(2, 5, 9, 11, 12, 13, 14);rank=8;a=20;P=(16, 23, 17, 19, 40, 50, 46, 20);K4=(24, 31, 38, 156);m=17392777/247627380;r=42;lambda=61/13832;tail=33;scan=11;controls=2;cover=()
LEAF;E=(2, 5, 9, 11, 12, 13, 14);rank=8;a=20;P=(16, 23, 17, 19, 40, 50, 46, 20);K4=(24, 32, 34, 38);m=7825861/98760480;r=36;lambda=17/3192;tail=27;scan=6;controls=2;cover=()
LEAF;E=(2, 5, 9, 11, 12, 13, 14);rank=8;a=20;P=(16, 23, 17, 19, 40, 50, 46, 20);K4=(24, 32, 38, 75);m=78285047/958557600;r=38;lambda=7/1216;tail=25;scan=4;controls=2;cover=()
LEAF;E=(2, 5, 9, 11, 12, 13, 14);rank=8;a=20;P=(16, 23, 17, 19, 40, 50, 46, 20);K4=(24, 32, 38, 156);m=15091303/191711520;r=40;lambda=29/6552;tail=33;scan=11;controls=2;cover=()
LEAF;E=(2, 5, 9, 11, 12, 13, 14);rank=8;a=20;P=(16, 23, 17, 19, 40, 50, 46, 20);K4=(24, 34, 38, 75);m=13930517/185175900;r=40;lambda=17/3192;tail=27;scan=6;controls=2;cover=()
LEAF;E=(2, 5, 9, 11, 12, 13, 14);rank=8;a=20;P=(16, 23, 17, 19, 40, 50, 46, 20);K4=(24, 34, 38, 156);m=7291868/101846745;r=46;lambda=61/13832;tail=33;scan=12;controls=2;cover=()
LEAF;E=(2, 5, 9, 11, 12, 13, 14);rank=8;a=20;P=(16, 23, 17, 19, 40, 50, 46, 20);K4=(24, 38, 75, 156);m=3033731/39939900;r=44;lambda=1/182;tail=27;scan=6;controls=2;cover=()
LEAF;E=(2, 5, 9, 11, 12, 13, 14);rank=8;a=20;P=(16, 23, 17, 19, 40, 50, 46, 20);K4=(31, 32, 34, 38);m=77517607/1020524960;r=28;lambda=3/280;tail=14;scan=0;controls=0;cover=()
LEAF;E=(2, 5, 9, 11, 12, 13, 14);rank=8;a=20;P=(16, 23, 17, 19, 40, 50, 46, 20);K4=(31, 32, 38, 75);m=535334561/7428821400;r=34;lambda=7/1216;tail=25;scan=5;controls=2;cover=()
LEAF;E=(2, 5, 9, 11, 12, 13, 14);rank=8;a=20;P=(16, 23, 17, 19, 40, 50, 46, 20);K4=(31, 32, 38, 156);m=453063883/5943057120;r=44;lambda=1/182;tail=27;scan=7;controls=2;cover=()
LEAF;E=(2, 5, 9, 11, 12, 13, 14);rank=8;a=20;P=(16, 23, 17, 19, 40, 50, 46, 20);K4=(31, 34, 38, 75);m=14923691/185175900;r=36;lambda=94/16275;tail=25;scan=5;controls=2;cover=()
LEAF;E=(2, 5, 9, 11, 12, 13, 14);rank=8;a=20;P=(16, 23, 17, 19, 40, 50, 46, 20);K4=(31, 34, 38, 156);m=35071997/407386980;r=44;lambda=1/182;tail=27;scan=7;controls=2;cover=()
LEAF;E=(2, 5, 9, 11, 12, 13, 14);rank=8;a=20;P=(16, 23, 17, 19, 40, 50, 46, 20);K4=(31, 38, 75, 156);m=23973011/309534225;r=52;lambda=101/22568;tail=32;scan=11;controls=2;cover=()
LEAF;E=(2, 5, 9, 11, 12, 13, 14);rank=8;a=20;P=(16, 23, 17, 19, 40, 50, 46, 20);K4=(32, 34, 38, 75);m=36950713/493802400;r=38;lambda=23/4200;tail=27;scan=7;controls=2;cover=()
LEAF;E=(2, 5, 9, 11, 12, 13, 14);rank=8;a=20;P=(16, 23, 17, 19, 40, 50, 46, 20);K4=(32, 34, 38, 156);m=216343/2904720;r=48;lambda=1/182;tail=27;scan=7;controls=2;cover=()
LEAF;E=(2, 5, 9, 11, 12, 13, 14);rank=8;a=20;P=(16, 23, 17, 19, 40, 50, 46, 20);K4=(32, 38, 75, 156);m=36766441/479278800;r=54;lambda=29/6552;tail=33;scan=12;controls=2;cover=()
LEAF;E=(2, 5, 9, 11, 12, 13, 14);rank=8;a=20;P=(16, 23, 17, 19, 40, 50, 46, 20);K4=(34, 38, 75, 156);m=3846242/46293975;r=54;lambda=1/182;tail=27;scan=7;controls=2;cover=()
LEAF;E=(2, 5, 9, 11, 12, 13, 14);rank=8;a=20;P=(16, 23, 17, 19, 40, 50, 46, 20);K4=(24, 31, 32, 34);m=1680139/21441420;r=32;lambda=19/2856;tail=22;scan=3;controls=2;cover=()
LEAF;E=(2, 5, 9, 11, 12, 13, 14);rank=8;a=20;P=(16, 23, 17, 19, 40, 50, 46, 20);K4=(24, 31, 32, 54);m=279017/3609144;r=38;lambda=39/6076;tail=23;scan=4;controls=2;cover=()
LEAF;E=(2, 5, 9, 11, 12, 13, 14);rank=8;a=20;P=(16, 23, 17, 19, 40, 50, 46, 20);K4=(24, 31, 32, 75);m=4925003/60152400;r=36;lambda=67/11200;tail=24;scan=4;controls=2;cover=()
LEAF;E=(2, 5, 9, 11, 12, 13, 14);rank=8;a=20;P=(16, 23, 17, 19, 40, 50, 46, 20);K4=(24, 31, 32, 156);m=1140101/14217840;r=38;lambda=1/182;tail=27;scan=6;controls=2;cover=()
LEAF;E=(2, 5, 9, 11, 12, 13, 14);rank=8;a=20;P=(16, 23, 17, 19, 40, 50, 46, 20);K4=(24, 31, 34, 54);m=58538107/797620824;r=36;lambda=39/6076;tail=23;scan=4;controls=2;cover=()
LEAF;E=(2, 5, 9, 11, 12, 13, 14);rank=8;a=20;P=(16, 23, 17, 19, 40, 50, 46, 20);K4=(24, 31, 34, 75);m=56688589/738537800;r=36;lambda=8/1365;tail=25;scan=4;controls=2;cover=()
LEAF;E=(2, 5, 9, 11, 12, 13, 14);rank=8;a=20;P=(16, 23, 17, 19, 40, 50, 46, 20);K4=(24, 31, 34, 156);m=4298999/55390335;r=38;lambda=1/182;tail=27;scan=6;controls=2;cover=()
LEAF;E=(2, 5, 9, 11, 12, 13, 14);rank=8;a=20;P=(16, 23, 17, 19, 40, 50, 46, 20);K4=(24, 31, 54, 75);m=11036884/146621475;r=38;lambda=125/23436;tail=27;scan=6;controls=2;cover=()
LEAF;E=(2, 5, 9, 11, 12, 13, 14);rank=8;a=20;P=(16, 23, 17, 19, 40, 50, 46, 20);K4=(24, 31, 54, 156);m=8617151/117297180;r=42;lambda=29/6552;tail=33;scan=11;controls=2;cover=()
LEAF;E=(2, 5, 9, 11, 12, 13, 14);rank=8;a=20;P=(16, 23, 17, 19, 40, 50, 46, 20);K4=(24, 31, 75, 156);m=15089143/195495300;r=44;lambda=7/1560;tail=32;scan=10;controls=2;cover=()
LEAF;E=(2, 5, 9, 11, 12, 13, 14);rank=8;a=20;P=(16, 23, 17, 19, 40, 50, 46, 20);K4=(24, 32, 34, 54);m=162919/2339064;r=40;lambda=1/147;tail=22;scan=3;controls=2;cover=()
LEAF;E=(2, 5, 9, 11, 12, 13, 14);rank=8;a=20;P=(16, 23, 17, 19, 40, 50, 46, 20);K4=(24, 32, 34, 75);m=33743921/428828400;r=38;lambda=19/2856;tail=22;scan=3;controls=2;cover=()
LEAF;E=(2, 5, 9, 11, 12, 13, 14);rank=8;a=20;P=(16, 23, 17, 19, 40, 50, 46, 20);K4=(24, 32, 34, 156);m=6806257/85765680;r=36;lambda=1/182;tail=27;scan=6;controls=2;cover=()
LEAF;E=(2, 5, 9, 11, 12, 13, 14);rank=8;a=20;P=(16, 23, 17, 19, 40, 50, 46, 20);K4=(24, 32, 54, 75);m=87469/1164240;r=42;lambda=97/18900;tail=28;scan=7;controls=2;cover=()
LEAF;E=(2, 5, 9, 11, 12, 13, 14);rank=8;a=20;P=(16, 23, 17, 19, 40, 50, 46, 20);K4=(24, 32, 54, 156);m=83843/1164240;r=42;lambda=29/6552;tail=33;scan=11;controls=2;cover=()
LEAF;E=(2, 5, 9, 11, 12, 13, 14);rank=8;a=20;P=(16, 23, 17, 19, 40, 50, 46, 20);K4=(24, 32, 75, 156);m=4296973/50450400;r=42;lambda=1/182;tail=27;scan=6;controls=2;cover=()
LEAF;E=(2, 5, 9, 11, 12, 13, 14);rank=8;a=20;P=(16, 23, 17, 19, 40, 50, 46, 20);K4=(24, 34, 54, 75);m=2001683/29238300;r=40;lambda=57/11900;tail=30;scan=9;controls=2;cover=()
LEAF;E=(2, 5, 9, 11, 12, 13, 14);rank=8;a=20;P=(16, 23, 17, 19, 40, 50, 46, 20);K4=(24, 34, 54, 156);m=2160541/32162130;r=42;lambda=29/6552;tail=33;scan=12;controls=2;cover=()
LEAF;E=(2, 5, 9, 11, 12, 13, 14);rank=8;a=20;P=(16, 23, 17, 19, 40, 50, 46, 20);K4=(24, 34, 75, 156);m=935679/11911900;r=42;lambda=1/182;tail=27;scan=6;controls=2;cover=()
LEAF;E=(2, 5, 9, 11, 12, 13, 14);rank=8;a=20;P=(16, 23, 17, 19, 40, 50, 46, 20);K4=(24, 54, 75, 156);m=1373623/18918900;r=42;lambda=1/182;tail=27;scan=6;controls=2;cover=()
LEAF;E=(2, 5, 9, 11, 12, 13, 14);rank=8;a=20;P=(16, 23, 17, 19, 40, 50, 46, 20);K4=(31, 32, 34, 54);m=10497061/145021968;r=30;lambda=61/7560;tail=18;scan=1;controls=1;cover=()
LEAF;E=(2, 5, 9, 11, 12, 13, 14);rank=8;a=20;P=(16, 23, 17, 19, 40, 50, 46, 20);K4=(31, 32, 34, 75);m=1914414571/26587360800;r=34;lambda=23/4200;tail=27;scan=7;controls=2;cover=()
LEAF;E=(2, 5, 9, 11, 12, 13, 14);rank=8;a=20;P=(16, 23, 17, 19, 40, 50, 46, 20);K4=(31, 32, 34, 156);m=101125391/1329368040;r=38;lambda=1/182;tail=27;scan=7;controls=2;cover=()
LEAF;E=(2, 5, 9, 11, 12, 13, 14);rank=8;a=20;P=(16, 23, 17, 19, 40, 50, 46, 20);K4=(31, 32, 54, 75);m=26131253/360914400;r=36;lambda=23/4200;tail=27;scan=7;controls=2;cover=()
LEAF;E=(2, 5, 9, 11, 12, 13, 14);rank=8;a=20;P=(16, 23, 17, 19, 40, 50, 46, 20);K4=(31, 32, 54, 156);m=17555107/234594360;r=46;lambda=1/182;tail=27;scan=7;controls=2;cover=()
LEAF;E=(2, 5, 9, 11, 12, 13, 14);rank=8;a=20;P=(16, 23, 17, 19, 40, 50, 46, 20);K4=(31, 32, 75, 156);m=14229053/195495300;r=52;lambda=29/6720;tail=34;scan=12;controls=2;cover=()
LEAF;E=(2, 5, 9, 11, 12, 13, 14);rank=8;a=20;P=(16, 23, 17, 19, 40, 50, 46, 20);K4=(31, 34, 54, 75);m=73150351/906387300;r=34;lambda=94/16275;tail=25;scan=5;controls=2;cover=()
LEAF;E=(2, 5, 9, 11, 12, 13, 14);rank=8;a=20;P=(16, 23, 17, 19, 40, 50, 46, 20);K4=(31, 34, 54, 156);m=86712751/997026030;r=40;lambda=1/182;tail=27;scan=7;controls=2;cover=()
LEAF;E=(2, 5, 9, 11, 12, 13, 14);rank=8;a=20;P=(16, 23, 17, 19, 40, 50, 46, 20);K4=(31, 34, 75, 156);m=92416463/1107806700;r=48;lambda=7/1560;tail=32;scan=11;controls=2;cover=()
LEAF;E=(2, 5, 9, 11, 12, 13, 14);rank=8;a=20;P=(16, 23, 17, 19, 40, 50, 46, 20);K4=(31, 54, 75, 156);m=47074801/586485900;r=50;lambda=101/22568;tail=32;scan=11;controls=2;cover=()
LEAF;E=(2, 5, 9, 11, 12, 13, 14);rank=8;a=20;P=(16, 23, 17, 19, 40, 50, 46, 20);K4=(32, 34, 54, 75);m=152125/2339064;r=40;lambda=23/4200;tail=27;scan=7;controls=2;cover=()
LEAF;E=(2, 5, 9, 11, 12, 13, 14);rank=8;a=20;P=(16, 23, 17, 19, 40, 50, 46, 20);K4=(32, 34, 54, 156);m=3111191/46781280;r=46;lambda=1/182;tail=27;scan=7;controls=2;cover=()
LEAF;E=(2, 5, 9, 11, 12, 13, 14);rank=8;a=20;P=(16, 23, 17, 19, 40, 50, 46, 20);K4=(32, 34, 75, 156);m=4976347/65973600;r=50;lambda=1/182;tail=27;scan=7;controls=2;cover=()
LEAF;E=(2, 5, 9, 11, 12, 13, 14);rank=8;a=20;P=(16, 23, 17, 19, 40, 50, 46, 20);K4=(32, 54, 75, 156);m=162541/2328480;r=54;lambda=29/6552;tail=33;scan=12;controls=2;cover=()
LEAF;E=(2, 5, 9, 11, 12, 13, 14);rank=8;a=20;P=(16, 23, 17, 19, 40, 50, 46, 20);K4=(34, 54, 75, 156);m=35293/449820;r=48;lambda=1/182;tail=27;scan=7;controls=2;cover=()
CORE;E=(2, 6, 7, 8, 10, 11, 14);K=23;rank=5;a=19;P=(18, 26, 17, 54, 19);h=34094/153615;r=30;R3=1736593/11981970;theta=922739/11981970;level=922739/23963940;eps=1140509/167747580;N=891;H=15;pairs=105;paid=105;pruned=0;edges=50;ties=0;deg=5;F3=57;N3=322;tri_checks=45;K4=21;closed=True;order=(125, 130, 156, 100, 25, 22, 46, 52, 84, 27, 78, 36, 49, 63, 104);forward_degrees=(3, 3, 3, 4, 5, 5, 5, 5, 4, 4, 3, 3, 2, 1, 0);Hlabels=(22, 25, 27, 36, 46, 49, 52, 63, 78, 84, 100, 104, 125, 130, 156);weighted_edges=((22, 25, '159149/2048200'), (22, 27, '288769/3686760'), (22, 36, '5711/65835'), (22, 52, '179027/1996995'), (22, 63, '24677/307230'), (22, 104, '210921/2662660'), (25, 27, '203981/2513700'), (25, 36, '1581847/18433800'), (25, 52, '6619751/79879800'), (25, 63, '1476649/18433800'), (27, 46, '643037/7708680'), (27, 49, '1212545/15484392'), (27, 52, '1408241/15975960'), (27, 63, '41227/526680'), (27, 78, '11874349/143783640'), (27, 84, '27859/335160'), (27, 100, '129901/1675800'), (27, 104, '3790663/47927880'), (27, 125, '1777387/23042250'), (27, 156, '1010651/13071240'), (36, 46, '390177/4710860'), (36, 49, '1001591/12903660'), (36, 52, '2215013/23963940'), (36, 63, '146651/1843380'), (36, 78, '15929/181545'), (36, 84, '147001/1843380'), (36, 100, '183908/2304225'), (36, 104, '995719/11981970'), (36, 125, '809749/10241000'), (36, 130, '313331/3993990'), (36, 156, '932929/11981970'), (46, 49, '254769/3297602'), (46, 52, '8107679/91861770'), (46, 78, '4717941/61241180'), (49, 52, '4905431/55915860'), (49, 63, '2902/33957'), (49, 78, '4421321/55915860'), (49, 104, '3014629/37277240'), (52, 63, '11603/122265'), (52, 84, '170944/1996995'), (52, 100, '67231/768075'), (52, 125, '3370663/39939900'), (63, 78, '2022103/23963940'), (63, 104, '3910651/47927880'), (63, 130, '484412/5990985'), (63, 156, '388523/4792788'), (78, 84, '32629/420420'), (84, 104, '88843/1141140'), (100, 104, '2078639/26626600'), (100, 130, '260616/3328325'));tie_edges=()
LEAF;E=(2, 6, 7, 8, 10, 11, 14);rank=5;a=19;P=(18, 26, 17, 54, 19);K4=(22, 25, 27, 52);m=2318059/29954925;r=26;lambda=37/5096;tail=20;scan=2;controls=2;cover=()
LEAF;E=(2, 6, 7, 8, 10, 11, 14);rank=5;a=19;P=(18, 26, 17, 54, 19);K4=(22, 25, 36, 52);m=16528969/239639400;r=32;lambda=37/5096;tail=20;scan=2;controls=2;cover=()
LEAF;E=(2, 6, 7, 8, 10, 11, 14);rank=5;a=19;P=(18, 26, 17, 54, 19);K4=(22, 25, 52, 63);m=979787/12612600;r=38;lambda=5/728;tail=21;scan=3;controls=2;cover=()
LEAF;E=(2, 6, 7, 8, 10, 11, 14);rank=5;a=19;P=(18, 26, 17, 54, 19);K4=(22, 25, 27, 63);m=2636507/27650700;r=36;lambda=1/112;tail=17;scan=2;controls=2;cover=()
LEAF;E=(2, 6, 7, 8, 10, 11, 14);rank=5;a=19;P=(18, 26, 17, 54, 19);K4=(22, 25, 36, 63);m=308003/3686760;r=42;lambda=125/19404;tail=23;scan=4;controls=2;cover=()
LEAF;E=(2, 6, 7, 8, 10, 11, 14);rank=5;a=19;P=(18, 26, 17, 54, 19);K4=(25, 27, 52, 63);m=2426701/29954925;r=36;lambda=5/728;tail=21;scan=3;controls=2;cover=()
LEAF;E=(2, 6, 7, 8, 10, 11, 14);rank=5;a=19;P=(18, 26, 17, 54, 19);K4=(25, 36, 52, 63);m=3821963/47927880;r=42;lambda=17/3276;tail=28;scan=8;controls=2;cover=()
LEAF;E=(2, 6, 7, 8, 10, 11, 14);rank=5;a=19;P=(18, 26, 17, 54, 19);K4=(22, 27, 52, 63);m=758603/9585576;r=36;lambda=5/728;tail=21;scan=3;controls=2;cover=()
LEAF;E=(2, 6, 7, 8, 10, 11, 14);rank=5;a=19;P=(18, 26, 17, 54, 19);K4=(22, 36, 52, 63);m=108179/1597596;r=44;lambda=17/3528;tail=30;scan=10;controls=2;cover=()
LEAF;E=(2, 6, 7, 8, 10, 11, 14);rank=5;a=19;P=(18, 26, 17, 54, 19);K4=(22, 27, 63, 104);m=432217/4792788;r=46;lambda=11/1456;tail=19;scan=2;controls=2;cover=()
LEAF;E=(2, 6, 7, 8, 10, 11, 14);rank=5;a=19;P=(18, 26, 17, 54, 19);K4=(22, 36, 63, 104);m=58271/737352;r=50;lambda=505/91728;tail=26;scan=7;controls=2;cover=()
LEAF;E=(2, 6, 7, 8, 10, 11, 14);rank=5;a=19;P=(18, 26, 17, 54, 19);K4=(27, 46, 49, 52);m=347387903/4629833208;r=42;lambda=1/184;tail=27;scan=8;controls=2;cover=()
LEAF;E=(2, 6, 7, 8, 10, 11, 14);rank=5;a=19;P=(18, 26, 17, 54, 19);K4=(36, 46, 49, 52);m=2051429/27558531;r=42;lambda=1/184;tail=27;scan=8;controls=2;cover=()
LEAF;E=(2, 6, 7, 8, 10, 11, 14);rank=5;a=19;P=(18, 26, 17, 54, 19);K4=(27, 46, 49, 78);m=382336663/4629833208;r=42;lambda=37/6279;tail=25;scan=7;controls=2;cover=()
LEAF;E=(2, 6, 7, 8, 10, 11, 14);rank=5;a=19;P=(18, 26, 17, 54, 19);K4=(36, 46, 49, 78);m=62552779/771638868;r=42;lambda=37/6279;tail=25;scan=7;controls=2;cover=()
LEAF;E=(2, 6, 7, 8, 10, 11, 14);rank=5;a=19;P=(18, 26, 17, 54, 19);K4=(27, 49, 52, 63);m=2247307/28756728;r=42;lambda=17/3528;tail=30;scan=10;controls=2;cover=()
LEAF;E=(2, 6, 7, 8, 10, 11, 14);rank=5;a=19;P=(18, 26, 17, 54, 19);K4=(36, 49, 52, 63);m=70533/931931;r=46;lambda=17/3528;tail=30;scan=11;controls=2;cover=()
LEAF;E=(2, 6, 7, 8, 10, 11, 14);rank=5;a=19;P=(18, 26, 17, 54, 19);K4=(27, 49, 63, 78);m=2439191/28756728;r=44;lambda=121/22932;tail=28;scan=8;controls=2;cover=()
LEAF;E=(2, 6, 7, 8, 10, 11, 14);rank=5;a=19;P=(18, 26, 17, 54, 19);K4=(27, 49, 63, 104);m=182573/2054052;r=52;lambda=505/91728;tail=26;scan=8;controls=2;cover=()
LEAF;E=(2, 6, 7, 8, 10, 11, 14);rank=5;a=19;P=(18, 26, 17, 54, 19);K4=(36, 49, 63, 78);m=2732095/33549516;r=48;lambda=121/22932;tail=28;scan=9;controls=2;cover=()
LEAF;E=(2, 6, 7, 8, 10, 11, 14);rank=5;a=19;P=(18, 26, 17, 54, 19);K4=(36, 49, 63, 104);m=824795/9585576;r=54;lambda=505/91728;tail=26;scan=8;controls=2;cover=()
CORE;E=(2, 6, 8, 10, 11, 12, 14);K=21;rank=7;a=17;P=(18, 26, 52, 16, 54, 27, 17);h=951/4165;r=38;R3=72132463/480507720;theta=7516501/96101544;level=7516501/192203088;eps=43647599/6727108080;N=1183;H=19;pairs=171;paid=171;pruned=0;edges=78;ties=0;deg=6;F3=141;N3=2031;tri_checks=132;K4=96;closed=True;order=(91, 156, 182, 221, 53, 72, 125, 39, 45, 78, 168, 104, 23, 19, 22, 46, 100, 110, 130);forward_degrees=(4, 4, 4, 4, 5, 5, 5, 5, 6, 6, 5, 5, 5, 5, 4, 3, 2, 1, 0);Hlabels=(19, 22, 23, 39, 45, 46, 53, 72, 78, 91, 100, 104, 110, 125, 130, 156, 168, 182, 221);weighted_edges=((19, 22, '621381/6963880'), (19, 23, '44184103/480507720'), (19, 39, '1339189/15975960'), (19, 45, '1801367/20891640'), (19, 46, '7224121/80084620'), (19, 53, '15019281/184542820'), (19, 72, '5048801/62674920'), (19, 78, '94047/1065064'), (19, 91, '45671/570570'), (19, 100, '732591/8704850'), (19, 104, '279691/3195192'), (19, 110, '173699/2089164'), (19, 125, '54483/633080'), (19, 130, '1100513/13579566'), (19, 156, '218923/2662660'), (19, 168, '567309/6963880'), (19, 182, '31809/380380'), (19, 221, '20107/242060'), (22, 23, '112295/1264494'), (22, 39, '30623/357357'), (22, 45, '2697/33320'), (22, 46, '765599/8429960'), (22, 72, '45137/549780'), (22, 78, '617339/7147140'), (22, 91, '226493/2858856'), (22, 100, '148993/1832600'), (22, 104, '53309/649740'), (22, 110, '87691/1099560'), (22, 125, '73553/916300'), (22, 130, '22109/259896'), (22, 156, '1139597/14294280'), (22, 168, '10943/137445'), (22, 182, '396789/4764760'), (22, 221, '387069/4764760'), (23, 39, '4578589/54794740'), (23, 45, '3246311/37934820'), (23, 53, '112657331/1340363640'), (23, 78, '7074527/82192110'), (23, 91, '1790003/21917896'), (23, 100, '927217/11495400'), (23, 104, '28771133/328768440'), (23, 110, '411163/5057976'), (23, 125, '13808563/158061750'), (23, 130, '5535163/65753688'), (23, 156, '2399129/29888040'), (23, 168, '46987/574770'), (23, 182, '2482829/29888040'), (23, 221, '5463335/65753688'), (39, 45, '1750393/21441420'), (39, 46, '27106939/328768440'), (39, 125, '5670097/71471400'), (45, 46, '6262337/75869640'), (45, 53, '4596181/58276680'), (45, 78, '353567/4288284'), (45, 130, '1123651/14294280'), (46, 53, '4577378/55848485'), (46, 72, '108671/1379448'), (46, 78, '2132621/25289880'), (46, 91, '2613389/32876844'), (46, 100, '151309/1915900'), (46, 104, '28399993/328768440'), (46, 110, '264172/3161235'), (46, 125, '17177903/210749000'), (46, 130, '689980/8219211'), (46, 156, '78525/996268'), (46, 168, '12521/153272'), (46, 182, '20571/249067'), (46, 221, '2288023/27397370'), (53, 104, '137660/1721811'), (72, 78, '32959/420420'), (72, 104, '66793/840840'), (78, 100, '5592833/71471400'), (78, 168, '284029/3573570'), (100, 110, '215023/2748900'), (100, 130, '727511/8933925'), (104, 110, '49314/595595'), (104, 168, '1126681/14294280'), (110, 130, '48208/595595'));tie_edges=()
LEAF;E=(2, 6, 8, 10, 11, 12, 14);rank=7;a=17;P=(18, 26, 52, 16, 54, 27, 17);K4=(19, 22, 23, 91);m=44445553/520550030;r=30;lambda=54/7007;tail=19;scan=1;controls=1;cover=()
LEAF;E=(2, 6, 8, 10, 11, 12, 14);rank=7;a=17;P=(18, 26, 52, 16, 54, 27, 17);K4=(19, 22, 46, 91);m=77775583/892371480;r=32;lambda=54/7007;tail=19;scan=1;controls=1;cover=()
LEAF;E=(2, 6, 8, 10, 11, 12, 14);rank=7;a=17;P=(18, 26, 52, 16, 54, 27, 17);K4=(19, 22, 23, 156);m=139160689/1561650090;r=38;lambda=83/15288;tail=27;scan=5;controls=2;cover=()
LEAF;E=(2, 6, 8, 10, 11, 12, 14);rank=7;a=17;P=(18, 26, 52, 16, 54, 27, 17);K4=(19, 22, 46, 156);m=186165459/2082200120;r=42;lambda=1/182;tail=27;scan=6;controls=2;cover=()
LEAF;E=(2, 6, 8, 10, 11, 12, 14);rank=7;a=17;P=(18, 26, 52, 16, 54, 27, 17);K4=(19, 22, 23, 182);m=20628991/240253860;r=42;lambda=3/637;tail=31;scan=8;controls=2;cover=()
LEAF;E=(2, 6, 8, 10, 11, 12, 14);rank=7;a=17;P=(18, 26, 52, 16, 54, 27, 17);K4=(19, 22, 46, 182);m=3618481/42493880;r=46;lambda=3/637;tail=31;scan=9;controls=2;cover=()
LEAF;E=(2, 6, 8, 10, 11, 12, 14);rank=7;a=17;P=(18, 26, 52, 16, 54, 27, 17);K4=(19, 22, 23, 221);m=268650913/3123300180;r=46;lambda=6/1547;tail=37;scan=14;controls=2;cover=()
LEAF;E=(2, 6, 8, 10, 11, 12, 14);rank=7;a=17;P=(18, 26, 52, 16, 54, 27, 17);K4=(19, 22, 46, 221);m=174106209/2082200120;r=54;lambda=6/1547;tail=37;scan=15;controls=2;cover=()
LEAF;E=(2, 6, 8, 10, 11, 12, 14);rank=7;a=17;P=(18, 26, 52, 16, 54, 27, 17);K4=(19, 23, 45, 53);m=3135166753/38200363740;r=42;lambda=4/805;tail=29;scan=7;controls=2;cover=()
LEAF;E=(2, 6, 8, 10, 11, 12, 14);rank=7;a=17;P=(18, 26, 52, 16, 54, 27, 17);K4=(19, 45, 46, 53);m=2269119467/25466909160;r=44;lambda=3/460;tail=22;scan=3;controls=2;cover=()
LEAF;E=(2, 6, 8, 10, 11, 12, 14);rank=7;a=17;P=(18, 26, 52, 16, 54, 27, 17);K4=(19, 23, 53, 104);m=8861395919/110356606360;r=40;lambda=81/16016;tail=29;scan=7;controls=2;cover=()
LEAF;E=(2, 6, 8, 10, 11, 12, 14);rank=7;a=17;P=(18, 26, 52, 16, 54, 27, 17);K4=(19, 46, 53, 104);m=28280146637/331069819080;r=40;lambda=177/33488;tail=28;scan=7;controls=2;cover=()
LEAF;E=(2, 6, 8, 10, 11, 12, 14);rank=7;a=17;P=(18, 26, 52, 16, 54, 27, 17);K4=(19, 22, 72, 78);m=4523605/54318264;r=44;lambda=29/4368;tail=22;scan=3;controls=2;cover=()
LEAF;E=(2, 6, 8, 10, 11, 12, 14);rank=7;a=17;P=(18, 26, 52, 16, 54, 27, 17);K4=(19, 46, 72, 78);m=285695677/3123300180;r=38;lambda=29/4368;tail=22;scan=3;controls=2;cover=()
LEAF;E=(2, 6, 8, 10, 11, 12, 14);rank=7;a=17;P=(18, 26, 52, 16, 54, 27, 17);K4=(22, 46, 72, 78);m=80447461/986305320;r=42;lambda=29/4368;tail=22;scan=4;controls=2;cover=()
LEAF;E=(2, 6, 8, 10, 11, 12, 14);rank=7;a=17;P=(18, 26, 52, 16, 54, 27, 17);K4=(19, 22, 72, 104);m=13948997/162954792;r=42;lambda=81/10192;tail=18;scan=1;controls=1;cover=()
LEAF;E=(2, 6, 8, 10, 11, 12, 14);rank=7;a=17;P=(18, 26, 52, 16, 54, 27, 17);K4=(19, 46, 72, 104);m=273554107/3123300180;r=42;lambda=5/728;tail=21;scan=2;controls=2;cover=()
LEAF;E=(2, 6, 8, 10, 11, 12, 14);rank=7;a=17;P=(18, 26, 52, 16, 54, 27, 17);K4=(22, 46, 72, 104);m=714233/8429960;r=42;lambda=15/2288;tail=22;scan=4;controls=2;cover=()
LEAF;E=(2, 6, 8, 10, 11, 12, 14);rank=7;a=17;P=(18, 26, 52, 16, 54, 27, 17);K4=(19, 22, 46, 72);m=5734331/65523780;r=40;lambda=55/7728;tail=21;scan=2;controls=2;cover=()
LEAF;E=(2, 6, 8, 10, 11, 12, 14);rank=7;a=17;P=(18, 26, 52, 16, 54, 27, 17);K4=(19, 23, 39, 125);m=1605189998/19520626125;r=46;lambda=6/875;tail=21;scan=2;controls=2;cover=()
LEAF;E=(2, 6, 8, 10, 11, 12, 14);rank=7;a=17;P=(18, 26, 52, 16, 54, 27, 17);K4=(22, 23, 39, 125);m=684621277/8219211000;r=46;lambda=6/875;tail=21;scan=3;controls=2;cover=()
LEAF;E=(2, 6, 8, 10, 11, 12, 14);rank=7;a=17;P=(18, 26, 52, 16, 54, 27, 17);K4=(19, 22, 39, 125);m=96713417/1131630500;r=44;lambda=6/875;tail=21;scan=2;controls=2;cover=()
LEAF;E=(2, 6, 8, 10, 11, 12, 14);rank=7;a=17;P=(18, 26, 52, 16, 54, 27, 17);K4=(19, 39, 46, 125);m=13856959717/156165009000;r=50;lambda=6/875;tail=21;scan=2;controls=2;cover=()
LEAF;E=(2, 6, 8, 10, 11, 12, 14);rank=7;a=17;P=(18, 26, 52, 16, 54, 27, 17);K4=(22, 39, 46, 125);m=87272651/1027401375;r=52;lambda=6/875;tail=21;scan=3;controls=2;cover=()
LEAF;E=(2, 6, 8, 10, 11, 12, 14);rank=7;a=17;P=(18, 26, 52, 16, 54, 27, 17);K4=(19, 22, 23, 125);m=991111631/12012693000;r=42;lambda=6/875;tail=21;scan=2;controls=2;cover=()
LEAF;E=(2, 6, 8, 10, 11, 12, 14);rank=7;a=17;P=(18, 26, 52, 16, 54, 27, 17);K4=(19, 22, 46, 125);m=43545889/500528875;r=46;lambda=6/875;tail=21;scan=2;controls=2;cover=()
LEAF;E=(2, 6, 8, 10, 11, 12, 14);rank=7;a=17;P=(18, 26, 52, 16, 54, 27, 17);K4=(19, 23, 39, 45);m=310945595/3747960216;r=36;lambda=1/195;tail=28;scan=6;controls=2;cover=()
LEAF;E=(2, 6, 8, 10, 11, 12, 14);rank=7;a=17;P=(18, 26, 52, 16, 54, 27, 17);K4=(22, 23, 39, 45);m=76273913/986305320;r=38;lambda=4/805;tail=29;scan=7;controls=2;cover=()
LEAF;E=(2, 6, 8, 10, 11, 12, 14);rank=7;a=17;P=(18, 26, 52, 16, 54, 27, 17);K4=(19, 22, 39, 45);m=33767603/407386980;r=36;lambda=1/154;tail=23;scan=3;controls=2;cover=()
LEAF;E=(2, 6, 8, 10, 11, 12, 14);rank=7;a=17;P=(18, 26, 52, 16, 54, 27, 17);K4=(19, 39, 45, 46);m=90231059/1041100060;r=38;lambda=1/161;tail=24;scan=5;controls=2;cover=()
LEAF;E=(2, 6, 8, 10, 11, 12, 14);rank=7;a=17;P=(18, 26, 52, 16, 54, 27, 17);K4=(22, 39, 45, 46);m=13032373/164384220;r=40;lambda=1/161;tail=24;scan=5;controls=2;cover=()
LEAF;E=(2, 6, 8, 10, 11, 12, 14);rank=7;a=17;P=(18, 26, 52, 16, 54, 27, 17);K4=(19, 22, 23, 39);m=532156381/6246600360;r=26;lambda=18/1771;tail=15;scan=0;controls=0;cover=()
LEAF;E=(2, 6, 8, 10, 11, 12, 14);rank=7;a=17;P=(18, 26, 52, 16, 54, 27, 17);K4=(19, 22, 39, 46);m=87294731/1041100060;r=30;lambda=31/3003;tail=14;scan=0;controls=0;cover=()
LEAF;E=(2, 6, 8, 10, 11, 12, 14);rank=7;a=17;P=(18, 26, 52, 16, 54, 27, 17);K4=(19, 23, 45, 78);m=1470839707/18739801080;r=42;lambda=11/1820;tail=24;scan=4;controls=2;cover=()
LEAF;E=(2, 6, 8, 10, 11, 12, 14);rank=7;a=17;P=(18, 26, 52, 16, 54, 27, 17);K4=(22, 23, 45, 78);m=77278001/986305320;r=44;lambda=19/3822;tail=29;scan=7;controls=2;cover=()
LEAF;E=(2, 6, 8, 10, 11, 12, 14);rank=7;a=17;P=(18, 26, 52, 16, 54, 27, 17);K4=(19, 22, 45, 78);m=594365/7407036;r=42;lambda=2/273;tail=20;scan=1;controls=1;cover=()
LEAF;E=(2, 6, 8, 10, 11, 12, 14);rank=7;a=17;P=(18, 26, 52, 16, 54, 27, 17);K4=(19, 45, 46, 78);m=258701479/3123300180;r=40;lambda=11/1820;tail=24;scan=5;controls=2;cover=()
LEAF;E=(2, 6, 8, 10, 11, 12, 14);rank=7;a=17;P=(18, 26, 52, 16, 54, 27, 17);K4=(22, 45, 46, 78);m=13304441/164384220;r=42;lambda=11/1820;tail=24;scan=5;controls=2;cover=()
LEAF;E=(2, 6, 8, 10, 11, 12, 14);rank=7;a=17;P=(18, 26, 52, 16, 54, 27, 17);K4=(19, 22, 23, 45);m=582543/7280420;r=36;lambda=53/8820;tail=24;scan=3;controls=2;cover=()
LEAF;E=(2, 6, 8, 10, 11, 12, 14);rank=7;a=17;P=(18, 26, 52, 16, 54, 27, 17);K4=(19, 23, 45, 130);m=27431441/312330018;r=42;lambda=1/156;tail=23;scan=4;controls=2;cover=()
LEAF;E=(2, 6, 8, 10, 11, 12, 14);rank=7;a=17;P=(18, 26, 52, 16, 54, 27, 17);K4=(22, 23, 45, 130);m=20033173/246576330;r=46;lambda=17/3185;tail=27;scan=6;controls=2;cover=()
LEAF;E=(2, 6, 8, 10, 11, 12, 14);rank=7;a=17;P=(18, 26, 52, 16, 54, 27, 17);K4=(19, 22, 45, 46);m=2164903/26209512;r=40;lambda=3/460;tail=22;scan=3;controls=2;cover=()
LEAF;E=(2, 6, 8, 10, 11, 12, 14);rank=7;a=17;P=(18, 26, 52, 16, 54, 27, 17);K4=(19, 22, 45, 130);m=72676397/814773960;r=44;lambda=3/455;tail=22;scan=3;controls=2;cover=()
LEAF;E=(2, 6, 8, 10, 11, 12, 14);rank=7;a=17;P=(18, 26, 52, 16, 54, 27, 17);K4=(19, 45, 46, 130);m=334746647/3747960216;r=44;lambda=1/156;tail=23;scan=4;controls=2;cover=()
LEAF;E=(2, 6, 8, 10, 11, 12, 14);rank=7;a=17;P=(18, 26, 52, 16, 54, 27, 17);K4=(22, 45, 46, 130);m=83121161/986305320;r=48;lambda=23/5005;tail=32;scan=11;controls=2;cover=()
LEAF;E=(2, 6, 8, 10, 11, 12, 14);rank=7;a=17;P=(18, 26, 52, 16, 54, 27, 17);K4=(19, 23, 78, 168);m=264651467/3123300180;r=58;lambda=1/196;tail=29;scan=7;controls=2;cover=()
LEAF;E=(2, 6, 8, 10, 11, 12, 14);rank=7;a=17;P=(18, 26, 52, 16, 54, 27, 17);K4=(22, 23, 78, 168);m=4773157/54794740;r=56;lambda=1/196;tail=29;scan=7;controls=2;cover=()
LEAF;E=(2, 6, 8, 10, 11, 12, 14);rank=7;a=17;P=(18, 26, 52, 16, 54, 27, 17);K4=(19, 22, 78, 168);m=69123/823004;r=58;lambda=1/196;tail=29;scan=7;controls=2;cover=()
LEAF;E=(2, 6, 8, 10, 11, 12, 14);rank=7;a=17;P=(18, 26, 52, 16, 54, 27, 17);K4=(19, 46, 78, 168);m=537827219/6246600360;r=58;lambda=1/196;tail=29;scan=8;controls=2;cover=()
LEAF;E=(2, 6, 8, 10, 11, 12, 14);rank=7;a=17;P=(18, 26, 52, 16, 54, 27, 17);K4=(22, 46, 78, 168);m=14065591/164384220;r=56;lambda=1/196;tail=29;scan=8;controls=2;cover=()
LEAF;E=(2, 6, 8, 10, 11, 12, 14);rank=7;a=17;P=(18, 26, 52, 16, 54, 27, 17);K4=(19, 22, 23, 78);m=34375619/416440024;r=30;lambda=83/8372;tail=15;scan=0;controls=0;cover=()
LEAF;E=(2, 6, 8, 10, 11, 12, 14);rank=7;a=17;P=(18, 26, 52, 16, 54, 27, 17);K4=(19, 23, 78, 100);m=327918658/3904125225;r=42;lambda=3/350;tail=17;scan=1;controls=1;cover=()
LEAF;E=(2, 6, 8, 10, 11, 12, 14);rank=7;a=17;P=(18, 26, 52, 16, 54, 27, 17);K4=(22, 23, 78, 100);m=10696163/126449400;r=44;lambda=129/18200;tail=21;scan=3;controls=2;cover=()
LEAF;E=(2, 6, 8, 10, 11, 12, 14);rank=7;a=17;P=(18, 26, 52, 16, 54, 27, 17);K4=(19, 22, 46, 78);m=1310835/16016924;r=30;lambda=1/91;tail=14;scan=0;controls=0;cover=()
LEAF;E=(2, 6, 8, 10, 11, 12, 14);rank=7;a=17;P=(18, 26, 52, 16, 54, 27, 17);K4=(19, 22, 78, 100);m=1219264/15431325;r=48;lambda=129/18200;tail=21;scan=2;controls=2;cover=()
LEAF;E=(2, 6, 8, 10, 11, 12, 14);rank=7;a=17;P=(18, 26, 52, 16, 54, 27, 17);K4=(19, 46, 78, 100);m=543354631/6246600360;r=40;lambda=3/350;tail=17;scan=1;controls=1;cover=()
LEAF;E=(2, 6, 8, 10, 11, 12, 14);rank=7;a=17;P=(18, 26, 52, 16, 54, 27, 17);K4=(22, 46, 78, 100);m=34446827/410960550;r=42;lambda=129/18200;tail=21;scan=3;controls=2;cover=()
LEAF;E=(2, 6, 8, 10, 11, 12, 14);rank=7;a=17;P=(18, 26, 52, 16, 54, 27, 17);K4=(19, 23, 104, 168);m=9983177/120126930;r=56;lambda=5/1274;tail=37;scan=15;controls=2;cover=()
LEAF;E=(2, 6, 8, 10, 11, 12, 14);rank=7;a=17;P=(18, 26, 52, 16, 54, 27, 17);K4=(22, 23, 104, 168);m=29567567/328768440;r=52;lambda=1/196;tail=29;scan=7;controls=2;cover=()
LEAF;E=(2, 6, 8, 10, 11, 12, 14);rank=7;a=17;P=(18, 26, 52, 16, 54, 27, 17);K4=(19, 22, 104, 168);m=223303/2586584;r=52;lambda=1/196;tail=29;scan=7;controls=2;cover=()
LEAF;E=(2, 6, 8, 10, 11, 12, 14);rank=7;a=17;P=(18, 26, 52, 16, 54, 27, 17);K4=(19, 46, 104, 168);m=1670857/20021155;r=54;lambda=5/1274;tail=37;scan=16;controls=2;cover=()
LEAF;E=(2, 6, 8, 10, 11, 12, 14);rank=7;a=17;P=(18, 26, 52, 16, 54, 27, 17);K4=(22, 46, 104, 168);m=1025929/11741730;r=50;lambda=43/8624;tail=29;scan=8;controls=2;cover=()
LEAF;E=(2, 6, 8, 10, 11, 12, 14);rank=7;a=17;P=(18, 26, 52, 16, 54, 27, 17);K4=(19, 22, 23, 168);m=228341/2569560;r=46;lambda=1/196;tail=29;scan=6;controls=2;cover=()
LEAF;E=(2, 6, 8, 10, 11, 12, 14);rank=7;a=17;P=(18, 26, 52, 16, 54, 27, 17);K4=(19, 22, 46, 168);m=178099/2080120;r=52;lambda=1/196;tail=29;scan=7;controls=2;cover=()
LEAF;E=(2, 6, 8, 10, 11, 12, 14);rank=7;a=17;P=(18, 26, 52, 16, 54, 27, 17);K4=(19, 22, 23, 104);m=33724451/416440024;r=30;lambda=53/10192;tail=28;scan=5;controls=2;cover=()
LEAF;E=(2, 6, 8, 10, 11, 12, 14);rank=7;a=17;P=(18, 26, 52, 16, 54, 27, 17);K4=(19, 23, 104, 110);m=6572981/80084620;r=48;lambda=53/10192;tail=28;scan=6;controls=2;cover=()
LEAF;E=(2, 6, 8, 10, 11, 12, 14);rank=7;a=17;P=(18, 26, 52, 16, 54, 27, 17);K4=(22, 23, 104, 110);m=9752153/109589480;r=42;lambda=53/10192;tail=28;scan=6;controls=2;cover=()
LEAF;E=(2, 6, 8, 10, 11, 12, 14);rank=7;a=17;P=(18, 26, 52, 16, 54, 27, 17);K4=(19, 22, 46, 104);m=99520625/1249320072;r=32;lambda=177/33488;tail=28;scan=6;controls=2;cover=()
LEAF;E=(2, 6, 8, 10, 11, 12, 14);rank=7;a=17;P=(18, 26, 52, 16, 54, 27, 17);K4=(19, 22, 104, 110);m=709571/8230040;r=44;lambda=53/10192;tail=28;scan=6;controls=2;cover=()
LEAF;E=(2, 6, 8, 10, 11, 12, 14);rank=7;a=17;P=(18, 26, 52, 16, 54, 27, 17);K4=(19, 46, 104, 110);m=34388391/416440024;r=46;lambda=383/80080;tail=30;scan=9;controls=2;cover=()
LEAF;E=(2, 6, 8, 10, 11, 12, 14);rank=7;a=17;P=(18, 26, 52, 16, 54, 27, 17);K4=(22, 46, 104, 110);m=238526/2739737;r=40;lambda=2/385;tail=28;scan=7;controls=2;cover=()
LEAF;E=(2, 6, 8, 10, 11, 12, 14);rank=7;a=17;P=(18, 26, 52, 16, 54, 27, 17);K4=(19, 22, 23, 100);m=2207453/26114550;r=40;lambda=113/15400;tail=20;scan=1;controls=1;cover=()
LEAF;E=(2, 6, 8, 10, 11, 12, 14);rank=7;a=17;P=(18, 26, 52, 16, 54, 27, 17);K4=(19, 22, 23, 110);m=21498343/240253860;r=36;lambda=7/1012;tail=21;scan=2;controls=2;cover=()
LEAF;E=(2, 6, 8, 10, 11, 12, 14);rank=7;a=17;P=(18, 26, 52, 16, 54, 27, 17);K4=(19, 22, 23, 130);m=44516613/520550030;r=36;lambda=3/455;tail=22;scan=3;controls=2;cover=()
LEAF;E=(2, 6, 8, 10, 11, 12, 14);rank=7;a=17;P=(18, 26, 52, 16, 54, 27, 17);K4=(19, 23, 100, 110);m=8583457/96101544;r=50;lambda=13/2200;tail=25;scan=5;controls=2;cover=()
LEAF;E=(2, 6, 8, 10, 11, 12, 14);rank=7;a=17;P=(18, 26, 52, 16, 54, 27, 17);K4=(19, 23, 100, 130);m=907121781/10411000600;r=50;lambda=103/18200;tail=26;scan=6;controls=2;cover=()
LEAF;E=(2, 6, 8, 10, 11, 12, 14);rank=7;a=17;P=(18, 26, 52, 16, 54, 27, 17);K4=(19, 23, 110, 130);m=14763641/160169240;r=48;lambda=29/5005;tail=25;scan=5;controls=2;cover=()
LEAF;E=(2, 6, 8, 10, 11, 12, 14);rank=7;a=17;P=(18, 26, 52, 16, 54, 27, 17);K4=(22, 23, 100, 110);m=64343/687225;r=50;lambda=11/2576;tail=34;scan=12;controls=2;cover=()
LEAF;E=(2, 6, 8, 10, 11, 12, 14);rank=7;a=17;P=(18, 26, 52, 16, 54, 27, 17);K4=(22, 23, 100, 130);m=17318656/205480275;r=56;lambda=89/18200;tail=30;scan=8;controls=2;cover=()
LEAF;E=(2, 6, 8, 10, 11, 12, 14);rank=7;a=17;P=(18, 26, 52, 16, 54, 27, 17);K4=(22, 23, 110, 130);m=1215464/13698685;r=46;lambda=29/5005;tail=25;scan=5;controls=2;cover=()
LEAF;E=(2, 6, 8, 10, 11, 12, 14);rank=7;a=17;P=(18, 26, 52, 16, 54, 27, 17);K4=(23, 100, 110, 130);m=48834391/547947400;r=64;lambda=3/728;tail=35;scan=14;controls=2;cover=()
LEAF;E=(2, 6, 8, 10, 11, 12, 14);rank=7;a=17;P=(18, 26, 52, 16, 54, 27, 17);K4=(19, 22, 46, 100);m=67080681/800846200;r=44;lambda=113/15400;tail=20;scan=1;controls=1;cover=()
LEAF;E=(2, 6, 8, 10, 11, 12, 14);rank=7;a=17;P=(18, 26, 52, 16, 54, 27, 17);K4=(19, 22, 46, 110);m=766313/8736504;r=40;lambda=3/385;tail=19;scan=1;controls=1;cover=()
LEAF;E=(2, 6, 8, 10, 11, 12, 14);rank=7;a=17;P=(18, 26, 52, 16, 54, 27, 17);K4=(19, 22, 46, 130);m=518847481/6246600360;r=40;lambda=3/455;tail=22;scan=3;controls=2;cover=()
LEAF;E=(2, 6, 8, 10, 11, 12, 14);rank=7;a=17;P=(18, 26, 52, 16, 54, 27, 17);K4=(19, 22, 100, 110);m=9404579/104458200;r=50;lambda=3/560;tail=27;scan=6;controls=2;cover=()
LEAF;E=(2, 6, 8, 10, 11, 12, 14);rank=7;a=17;P=(18, 26, 52, 16, 54, 27, 17);K4=(19, 22, 100, 130);m=115061767/1357956600;r=56;lambda=89/18200;tail=30;scan=8;controls=2;cover=()
LEAF;E=(2, 6, 8, 10, 11, 12, 14);rank=7;a=17;P=(18, 26, 52, 16, 54, 27, 17);K4=(19, 22, 110, 130);m=8222733/90530440;r=48;lambda=29/5005;tail=25;scan=5;controls=2;cover=()
LEAF;E=(2, 6, 8, 10, 11, 12, 14);rank=7;a=17;P=(18, 26, 52, 16, 54, 27, 17);K4=(19, 46, 100, 110);m=105940973/1201269300;r=54;lambda=13/2200;tail=25;scan=6;controls=2;cover=()
LEAF;E=(2, 6, 8, 10, 11, 12, 14);rank=7;a=17;P=(18, 26, 52, 16, 54, 27, 17);K4=(19, 46, 100, 130);m=1349445187/15616500900;r=54;lambda=103/18200;tail=26;scan=7;controls=2;cover=()
LEAF;E=(2, 6, 8, 10, 11, 12, 14);rank=7;a=17;P=(18, 26, 52, 16, 54, 27, 17);K4=(19, 46, 110, 130);m=4700957/52055003;r=48;lambda=29/5005;tail=25;scan=6;controls=2;cover=()
LEAF;E=(2, 6, 8, 10, 11, 12, 14);rank=7;a=17;P=(18, 26, 52, 16, 54, 27, 17);K4=(19, 100, 110, 130);m=10195221/113163050;r=62;lambda=3/728;tail=35;scan=14;controls=2;cover=()
LEAF;E=(2, 6, 8, 10, 11, 12, 14);rank=7;a=17;P=(18, 26, 52, 16, 54, 27, 17);K4=(22, 46, 100, 110);m=11389751/126449400;r=54;lambda=3/560;tail=27;scan=7;controls=2;cover=()
LEAF;E=(2, 6, 8, 10, 11, 12, 14);rank=7;a=17;P=(18, 26, 52, 16, 54, 27, 17);K4=(22, 46, 100, 130);m=138019477/1643842200;r=58;lambda=89/18200;tail=30;scan=9;controls=2;cover=()
LEAF;E=(2, 6, 8, 10, 11, 12, 14);rank=7;a=17;P=(18, 26, 52, 16, 54, 27, 17);K4=(22, 46, 110, 130);m=9598993/109589480;r=46;lambda=29/5005;tail=25;scan=6;controls=2;cover=()
LEAF;E=(2, 6, 8, 10, 11, 12, 14);rank=7;a=17;P=(18, 26, 52, 16, 54, 27, 17);K4=(22, 100, 110, 130);m=405677/4764760;r=66;lambda=3/728;tail=35;scan=14;controls=2;cover=()
LEAF;E=(2, 6, 8, 10, 11, 12, 14);rank=7;a=17;P=(18, 26, 52, 16, 54, 27, 17);K4=(46, 100, 110, 130);m=480367/5479474;r=64;lambda=3/728;tail=35;scan=15;controls=2;cover=()
LRC14 j6 K>=20 strongest-r3 exact heavy-graph slice
max_core=20;branches=13;vertices=231;pairs=1953;paid=1953;edges=1075;ties=0;K4=2267
edge_histogram=((50, 1), (59, 1), (65, 1), (70, 1), (76, 1), (78, 1), (88, 1), (91, 1), (92, 1), (96, 1), (97, 1), (103, 1), (110, 1))
degeneracy_histogram=((5, 2), (6, 3), (7, 3), (8, 4), (9, 1))
K4_histogram=((21, 1), (49, 1), (67, 1), (96, 1), (122, 1), (181, 1), (182, 1), (184, 1), (242, 1), (256, 1), (258, 1), (299, 1), (310, 1))
K4_free=0;maximum_edges=(110, (1, 5, 7, 8, 9, 11, 12), 4);maximum_degeneracy=(9, (1, 2, 5, 9, 11, 12, 14), 4);maximum_K4=(310, (1, 2, 5, 9, 11, 12, 14), 4)
ordered_work=degeneracy_forward_triples:3529,numeric_forward_triples:14395,triangle_checks:3087
closure=closed:13,survivors:0,K4_free:0
singleton=scans:16377,controls:4268,empty:0,witnesses:0
survivors=()
canonical_ledger_sha256=7734d481e0d93d639754782b02edc0d3388fbb8a3ac24270ee88d7b8f77fd66e
orientation=degeneracy enumeration gauge on symmetric heavy graph;not tournament
all_exact_controls=PASS
