a_hex	b_hex	cover	count	least_mask	least_rank	count8	count9
0000000000000000	0000000000000001	1	361	03a2100e	9	11	350
0000000000000000	0000000000000002	1	295	030a500e	9	8	287
0000000000000001	0000000000000000	1	1978	1b00088e	9	135	1843
0000000000000002	0000000000000000	1	3230	0038112e	9	325	2905
0000000000000004	0000000000000000	1	1489	18101a85	9	81	1408
0000000000000006	0000000000000000	2	443	18381016	9	40	403
0000000000000008	0000000000000000	1	1469	0030916c	9	104	1365
000000000000000a	0000000000000000	2	4414	003013ac	9	517	3897
000000000000000c	0000000000000000	2	256	18301164	9	19	237
000000000000000e	0000000000000000	3	431	18301324	9	45	386
0000000000000010	0000000000000000	1	11	1aa8004a	9	0	11
0000000000000012	0000000000000000	2	49	1aa8000e	9	2	47
0000000000000018	0000000000000000	2	37	1aa000ca	9	1	36
000000000000001a	0000000000000000	3	104	1aa0088a	9	3	101
0000000000000020	0000000000000000	1	301	1a008127	9	0	301
0000000000000024	0000000000000000	2	236	1a001a83	9	0	236
0000000000000030	0000000000000000	2	7	1aa88042	9	0	7
0000000000000032	0000000000000000	3	26	1aa88082	9	0	26
0000000000000034	0000000000000000	3	30	1aa800c2	9	1	29
0000000000000036	0000000000000000	4	53	1aa81006	9	0	53
0000000000000038	0000000000000000	3	25	1aa080c2	9	1	24
000000000000003a	0000000000000000	4	55	1aa09006	9	0	55
000000000000003c	0000000000000000	4	58	1aa01042	8	4	54
000000000000003e	0000000000000000	5	53	1aa01016	9	0	53
0000000000000040	0000000000000000	1	267	0a1888c8	9	6	261
0000000000000042	0000000000000000	2	1837	0818912c	9	160	1677
0000000000000044	0000000000000000	2	48	1a9800c2	9	0	48
0000000000000046	0000000000000000	3	296	18d81280	9	9	287
0000000000000048	0000000000000000	2	386	0a10816c	9	16	370
000000000000004a	0000000000000000	3	2021	0890912c	9	222	1799
000000000000004c	0000000000000000	3	27	1a9008c2	9	0	27
000000000000004e	0000000000000000	4	126	1a101a06	9	3	123
0000000000000051	0000000000000000	3	8	1ac88048	9	0	8
0000000000000053	0000000000000000	4	66	1a88088a	9	0	66
0000000000000059	0000000000000000	4	14	1a80904a	9	0	14
000000000000005b	0000000000000000	5	92	1a80120e	9	0	92
0000000000000071	0000000000000000	4	3	3a888042	9	0	3
0000000000000073	0000000000000000	5	28	1ac88082	9	0	28
0000000000000075	0000000000000000	5	4	3a880242	9	0	4
0000000000000077	0000000000000000	6	29	3a880016	9	0	29
0000000000000079	0000000000000000	5	4	1ac08842	9	0	4
000000000000007b	0000000000000000	6	39	1ac08124	9	0	39
0000000000000080	0000000000000000	1	3579	18024296	9	239	3340
0000000000000100	0000000000000000	1	1062	1808528c	9	47	1015
0000000000000110	0000000000000000	2	32	1a28084a	9	1	31
0000000000000112	0000000000000000	3	114	1a28088a	9	6	108
0000000000000118	0000000000000000	3	66	1a20104e	9	4	62
000000000000011a	0000000000000000	4	137	1a20101e	9	1	136
0000000000000153	0000000000000000	5	64	1a08120e	9	0	64
000000000000015b	0000000000000000	6	13	1a40812c	9	0	13
0000000000000180	0000000000000000	2	854	182052c4	9	27	827
00000000000001b0	0000000000000000	4	15	1a289042	9	0	15
00000000000001b2	0000000000000000	5	35	1a289006	9	0	35
00000000000001b4	0000000000000000	5	45	1a281046	9	1	44
00000000000001b6	0000000000000000	6	55	1a281016	9	0	55
00000000000001b8	0000000000000000	5	25	1a209046	9	0	25
00000000000001ba	0000000000000000	6	30	1a209124	9	0	30
00000000000001bc	0000000000000000	6	39	1a201056	9	0	39
00000000000001be	0000000000000000	7	11	1a201216	9	0	11
00000000000001f3	0000000000000000	7	2	3a488802	9	0	2
00000000000001f7	0000000000000000	8	2	3a080a82	9	0	2
0000000000000200	0000000000000000	1	563	1920104e	9	29	534
0000000000000201	0000000000000000	2	568	1900928c	9	16	552
0000000000000210	0000000000000000	2	22	18a81048	8	1	21
0000000000000212	0000000000000000	3	30	18a8120a	9	0	30
0000000000000218	0000000000000000	3	34	18a010d8	9	0	34
000000000000021a	0000000000000000	4	7	18e09088	9	0	7
0000000000000251	0000000000000000	4	1	38881248	9	0	1
0000000000000253	0000000000000000	5	17	3888020e	9	0	17
0000000000000310	0000000000000000	3	56	182810cc	9	2	54
0000000000000312	0000000000000000	4	64	18281a88	9	0	64
0000000000000318	0000000000000000	4	20	186010d8	9	0	20
000000000000031a	0000000000000000	5	6	1861120c	9	0	6
0000000000000353	0000000000000000	6	17	3808120e	9	0	17
0000000000000400	0000000000000000	1	3250	11001297	9	140	3110
0000000000000420	0000000000000000	2	52	18089a81	9	0	52
0000000000000424	0000000000000000	3	76	18201ac1	9	0	76
0000000000000600	0000000000000000	2	662	192012c4	9	22	640
0000000000000601	0000000000000000	3	381	19089a80	9	1	380
0000000000000630	0000000000000000	4	7	18a89042	9	0	7
0000000000000632	0000000000000000	5	1	38a89200	9	0	1
0000000000000634	0000000000000000	5	23	18a81242	9	0	23
0000000000000636	0000000000000000	6	3	38a81202	9	0	3
0000000000000638	0000000000000000	5	11	18a09242	9	0	11
000000000000063c	0000000000000000	6	6	18e010d0	9	0	6
00000000000007b0	0000000000000000	6	6	186890c0	9	0	6
00000000000007b2	0000000000000000	7	1	38289280	9	0	1
00000000000007b4	0000000000000000	7	21	186810d0	9	0	21
00000000000007b6	0000000000000000	8	1	38691200	9	0	1
00000000000007f7	0000000000000000	10	1	38490a80	9	0	1
0000000000000800	0000000000000000	1	1258	13020a8a	9	52	1206
0000000000000801	0000000000000000	2	2885	1300128e	9	222	2663
0000000000001000	0000000000000000	1	1653	00329134	9	108	1545
0000000000001002	0000000000000000	2	1061	00389126	9	105	956
0000000000001008	0000000000000000	2	412	00309364	9	32	380
000000000000100a	0000000000000000	3	1211	003093a4	9	142	1069
0000000000002000	0000000000000000	1	1613	10121217	9	101	1512
0000000000002004	0000000000000000	2	2661	10181a85	9	213	2448
0000000000003000	0000000000000000	2	1244	10321036	9	105	1139
0000000000003004	0000000000000000	3	310	10381164	9	26	284
0000000000003006	0000000000000000	4	822	10381126	9	98	724
000000000000300c	0000000000000000	4	315	10301364	9	30	285
000000000000300e	0000000000000000	5	726	103013a4	9	102	624
0000000000004000	0000000000000000	1	128	12a2100e	9	1	127
0000000000004010	0000000000000000	2	17	12a8104a	9	0	17
0000000000004012	0000000000000000	3	92	12a8100e	9	2	90
0000000000004018	0000000000000000	3	43	12a0104e	9	0	43
000000000000401a	0000000000000000	4	157	12a0101e	9	3	154
0000000000008000	0000000000000000	1	326	10229283	9	0	326
0000000000008020	0000000000000000	2	720	120081a7	9	7	713
0000000000008420	0000000000000000	3	100	10209325	9	0	100
000000000000a000	0000000000000000	2	285	10221ac1	9	1	284
000000000000a024	0000000000000000	4	398	12001a87	9	0	398
000000000000a424	0000000000000000	5	73	106112c1	9	0	73
000000000000d000	0000000000000000	3	58	12a29006	9	0	58
000000000000d030	0000000000000000	5	17	12a89042	9	0	17
000000000000d032	0000000000000000	6	73	12a88282	9	1	72
000000000000d038	0000000000000000	6	33	12a09046	9	1	32
000000000000d03a	0000000000000000	7	117	12a09016	9	2	115
000000000000f000	0000000000000000	4	85	12a21016	9	0	85
000000000000f034	0000000000000000	7	38	12a81046	9	0	38
000000000000f036	0000000000000000	8	94	12a81016	9	1	93
000000000000f03c	0000000000000000	8	45	12a01056	9	0	45
000000000000f03e	0000000000000000	9	66	12a01096	9	1	65
0000000000010000	0000000000000000	1	1449	1012832c	9	84	1365
0000000000010040	0000000000000000	2	83	10989248	9	0	83
0000000000010042	0000000000000000	3	838	1018832c	9	52	786
0000000000010048	0000000000000000	3	75	1090816c	9	0	75
000000000001004a	0000000000000000	4	732	1010932c	9	54	678
0000000000011000	0000000000000000	2	526	105b9200	9	24	502
0000000000011040	0000000000000000	3	56	12589840	9	1	55
0000000000011042	0000000000000000	4	474	109881a4	9	35	439
0000000000011048	0000000000000000	4	64	12508164	9	0	64
000000000001104a	0000000000000000	5	440	10909126	9	39	401
0000000000013000	0000000000000000	3	366	10da1280	9	5	361
0000000000013044	0000000000000000	5	42	12981242	9	1	41
0000000000013046	0000000000000000	6	357	12181216	9	20	337
000000000001304c	0000000000000000	6	7	32901046	9	0	7
000000000001304e	0000000000000000	7	96	12901126	9	1	95
0000000000014800	0000000000000000	3	85	1282812c	9	0	85
0000000000014851	0000000000000000	6	1	3288024a	9	0	1
0000000000014853	0000000000000000	7	61	1288812c	9	0	61
000000000001485b	0000000000000000	8	66	1280812e	9	0	66
000000000001d800	0000000000000000	5	23	12c28124	9	0	23
000000000001d871	0000000000000000	9	2	32888242	9	0	2
000000000001d873	0000000000000000	10	39	12c88124	9	0	39
000000000001d87b	0000000000000000	11	52	12808326	9	0	52
000000000001f800	0000000000000000	6	11	328a0016	9	0	11
000000000001f875	0000000000000000	11	1	32880246	9	0	1
000000000001f877	0000000000000000	12	34	32880096	9	0	34
000000000001f87f	0000000000000000	13	1	32c01206	9	0	1
0000000000020000	0000000000000000	1	388	102250cc	9	7	381
0000000000020080	0000000000000000	2	263	102a50c4	9	1	262
0000000000020100	0000000000000000	2	581	102850cc	9	13	568
0000000000020180	0000000000000000	3	759	1060d124	9	23	736
0000000000024000	0000000000000000	2	216	1222101e	9	0	216
0000000000024110	0000000000000000	4	38	1228104e	9	0	38
0000000000024112	0000000000000000	5	119	1228101e	9	1	118
0000000000024118	0000000000000000	5	31	1220124e	9	0	31
000000000002411a	0000000000000000	6	85	1220121e	9	0	85
000000000002d080	0000000000000000	5	44	12229124	9	0	44
000000000002d1b0	0000000000000000	8	20	12289046	9	0	20
000000000002d1b2	0000000000000000	9	59	12289016	9	0	59
000000000002d1b8	0000000000000000	9	19	12209164	9	0	19
000000000002d1ba	0000000000000000	10	42	12209126	9	0	42
000000000002f080	0000000000000000	6	59	12221216	9	0	59
000000000002f1b4	0000000000000000	10	41	122810c6	9	0	41
000000000002f1b6	0000000000000000	11	56	12281216	9	0	56
000000000002f1bc	0000000000000000	11	9	12201256	9	0	9
000000000002f1be	0000000000000000	12	19	12201296	9	0	19
0000000000034800	0000000000000000	4	8	1242812c	9	0	8
0000000000034953	0000000000000000	9	2	3208120e	9	0	2
000000000003495b	0000000000000000	10	3	1240832c	9	0	3
000000000003d9f3	0000000000000000	13	1	32488124	9	0	1
000000000003d9fb	0000000000000000	14	2	12409324	9	0	2
000000000003f880	0000000000000000	8	2	320a0216	9	0	2
000000000003f9f7	0000000000000000	15	2	32081216	9	0	2
0000000000040000	0000000000000000	1	764	1122106c	9	12	752
0000000000040200	0000000000000000	2	711	1120132c	9	26	685
0000000000040600	0000000000000000	3	1053	112091a4	9	31	1022
0000000000040800	0000000000000000	2	466	1102928c	9	6	460
0000000000040a01	0000000000000000	4	329	1140912c	9	4	325
0000000000040e01	0000000000000000	5	360	114091a4	9	3	357
0000000000044000	0000000000000000	2	14	10a29248	9	0	14
0000000000044210	0000000000000000	4	7	10e81248	9	0	7
0000000000044212	0000000000000000	5	12	30a8120a	9	0	12
0000000000044218	0000000000000000	5	1	10e11248	9	0	1
000000000004d000	0000000000000000	4	2	10aa9240	9	0	2
000000000004d630	0000000000000000	8	3	10e89240	9	0	3
000000000004d632	0000000000000000	9	4	30a89202	9	0	4
000000000004f000	0000000000000000	5	3	10ea1240	9	0	3
000000000004f634	0000000000000000	10	8	10e91240	9	0	8
000000000004f636	0000000000000000	11	6	30a81206	9	0	6
0000000000054800	0000000000000000	4	1	30cb0208	9	0	1
0000000000054a53	0000000000000000	9	3	30c9020a	9	0	3
0000000000064000	0000000000000000	3	43	102a124c	9	0	43
0000000000064310	0000000000000000	6	14	10691248	9	0	14
0000000000064312	0000000000000000	7	14	3028120e	9	0	14
0000000000064318	0000000000000000	7	1	30611248	9	0	1
000000000006d080	0000000000000000	6	1	306a9040	9	0	1
000000000006d7b0	0000000000000000	11	2	302892c0	9	0	2
000000000006d7b2	0000000000000000	12	1	30699200	9	0	1
000000000006f080	0000000000000000	7	6	106b1240	9	0	6
000000000006f7b4	0000000000000000	13	2	306812c0	9	0	2
000000000006f7b6	0000000000000000	14	4	30291206	9	0	4
0000000000074800	0000000000000000	5	1	304b1208	9	0	1
0000000000080000	0000000000000000	1	138	2ba0004a	9	0	138
0000000000100000	0000000000000000	1	135	0a821286	9	3	132
0000000000200000	0000000000000000	1	1728	08029217	9	110	1618
0000000000300000	0000000000000000	2	269	0a821216	9	6	263
0000000000400000	0000000000000000	1	1951	08021897	9	143	1808
0000000000500000	0000000000000000	2	262	0a8281a4	9	8	254
0000000000600000	0000000000000000	2	2185	08069125	9	149	2036
0000000000700000	0000000000000000	3	401	0a829124	9	14	387
0000000000800000	0000000000000000	1	10	2b84100a	9	0	10
0000000000800001	0000000000000000	2	22	2b80180a	9	0	22
0000000000880000	0000000000000000	2	36	2b84008a	9	1	35
0000000000880001	0000000000000000	3	52	2b80088a	9	0	52
0000000001000000	0000000000000000	1	137	0b001287	9	2	135
0000000001200000	0000000000000000	2	224	0b008323	9	1	223
0000000001400000	0000000000000000	2	371	0b001887	9	14	357
0000000001600000	0000000000000000	3	561	0b008125	8	22	539
0000000001900000	0000000000000000	3	1	2b841280	9	0	1
0000000001900001	0000000000000000	4	3	2b801a80	9	0	3
0000000001980000	0000000000000000	4	3	2b840a80	9	0	3
0000000001980001	0000000000000000	5	7	2b808a80	9	0	7
0000000001b00000	0000000000000000	4	4	2b841a00	9	0	4
0000000001b00001	0000000000000000	5	8	2b809a00	9	0	8
0000000001b80000	0000000000000000	5	11	2b848a00	9	0	11
0000000001b80001	0000000000000000	6	17	2b880206	9	0	17
0000000001d00000	0000000000000000	4	6	2b841082	9	0	6
0000000001d00001	0000000000000000	5	13	2b801882	9	0	13
0000000001d80000	0000000000000000	5	25	2b840882	9	0	25
0000000001d80001	0000000000000000	6	24	2b808882	9	0	24
0000000001f00000	0000000000000000	5	19	2b841802	9	0	19
0000000001f00001	0000000000000000	6	21	2b809802	9	0	21
0000000001f80000	0000000000000000	6	53	2b840842	9	2	51
0000000001f80001	0000000000000000	7	31	2b880016	9	0	31
0000000002000000	0000000000000000	1	1197	0b220036	9	113	1084
0000000002100000	0000000000000000	2	187	0b020296	9	13	174
0000000002300000	0000000000000000	3	302	0b020a16	9	20	282
0000000002500000	0000000000000000	3	316	0b020896	9	21	295
0000000002700000	0000000000000000	4	376	0b021816	9	22	354
0000000004000000	0000000000000000	1	14	2b281008	8	1	13
0000000004080000	0000000000000000	2	65	2b28000a	8	3	62
0000000004800000	0000000000000000	2	13	2b0c1008	8	1	12
0000000004800001	0000000000000000	3	32	2b08100e	9	0	32
0000000004880000	0000000000000000	3	57	2b0c000a	8	5	52
0000000004880001	0000000000000000	4	59	2b08001e	9	1	58
0000000006000000	0000000000000000	2	83	2b281002	8	8	75
0000000006080000	0000000000000000	3	127	2b280016	9	1	126
0000000007900000	0000000000000000	5	1	2b0c1280	9	0	1
0000000007900001	0000000000000000	6	5	2b081282	9	0	5
0000000007980000	0000000000000000	6	6	2b0c0282	9	0	6
0000000007980001	0000000000000000	7	10	2b080286	9	0	10
0000000007b00000	0000000000000000	6	6	2b0c1202	9	0	6
0000000007b00001	0000000000000000	7	11	2b081206	9	0	11
0000000007b80000	0000000000000000	7	12	2b0c0206	9	0	12
0000000007b80001	0000000000000000	8	11	2b080216	9	0	11
0000000007d00000	0000000000000000	6	6	2b0c1082	9	0	6
0000000007d00001	0000000000000000	7	11	2b081086	9	0	11
0000000007d80000	0000000000000000	7	23	2b0c0086	9	1	22
0000000007d80001	0000000000000000	8	14	2b080096	9	0	14
0000000007f00000	0000000000000000	7	15	2b0c1006	9	0	15
0000000007f00001	0000000000000000	8	11	2b081016	9	0	11
0000000007f80000	0000000000000000	8	37	2b0c0016	9	3	34
0000000007f80001	0000000000000000	9	9	2b080816	9	0	9
0000000008000000	0000000000000000	1	513	2b00408e	9	11	502
000000000c000000	0000000000000000	2	69	2b20100e	9	1	68
000000000c080000	0000000000000000	3	29	2b20808a	9	0	29
000000000c800000	0000000000000000	3	18	2b04108a	9	0	18
000000000c800001	0000000000000000	4	10	2b00188c	9	0	10
000000000c880000	0000000000000000	4	29	2b04088a	9	0	29
000000000c880001	0000000000000000	5	2	2b00888a	9	0	2
000000000e000000	0000000000000000	3	153	2b201016	9	4	149
000000000e080000	0000000000000000	4	26	2b240882	9	0	26
000000000f900000	0000000000000000	6	2	2b041a80	9	0	2
000000000f980000	0000000000000000	7	3	2b048a80	9	0	3
000000000fb00000	0000000000000000	7	3	2b049a00	9	0	3
000000000fb80000	0000000000000000	8	1	2b448a00	9	0	1
000000000fd00000	0000000000000000	7	7	2b041882	9	0	7
000000000fd00001	0000000000000000	8	2	2b409084	9	0	2
000000000fd80000	0000000000000000	8	11	2b048882	9	0	11
000000000fd80001	0000000000000000	9	1	2b418880	9	0	1
000000000ff00000	0000000000000000	8	4	2b049804	9	0	4
000000000ff00001	0000000000000000	9	1	2b409804	9	0	1
000000000ff80000	0000000000000000	9	8	2b448800	8	1	7
000000000ff80001	0000000000000000	10	1	2b408124	9	0	1
0000000010000000	0000000000000000	1	1709	08141a85	9	68	1641
0000000010000004	0000000000000000	2	1199	08181a85	9	39	1160
0000000010000006	0000000000000000	3	335	08381324	9	23	312
000000001000000c	0000000000000000	3	143	08b01164	9	9	134
000000001000000e	0000000000000000	4	167	0a301096	9	1	166
0000000010000044	0000000000000000	3	8	2a980242	9	0	8
0000000010000046	0000000000000000	4	61	28191a80	9	0	61
0000000020000000	0000000000000000	1	10	2aa4100a	9	0	10
0000000020000010	0000000000000000	2	1	2aa81048	9	0	1
0000000020000012	0000000000000000	3	9	2aa8100a	9	0	9
0000000020000018	0000000000000000	3	8	2aa0104a	9	0	8
000000002000001a	0000000000000000	4	8	2aa0120c	9	0	8
0000000020080000	0000000000000000	2	18	2aa40848	9	0	18
0000000020080010	0000000000000000	3	5	2aa8004a	9	0	5
0000000020080012	0000000000000000	4	11	2aa8020a	9	0	11
0000000020800000	0000000000000000	2	11	2a849088	9	0	11
0000000020800053	0000000000000000	6	4	2a88120c	9	0	4
0000000020880000	0000000000000000	3	32	2a848188	9	0	32
0000000020880053	0000000000000000	7	3	2a88020e	9	0	3
0000000040000000	0000000000000000	1	109	0a248125	9	0	109
0000000040000020	0000000000000000	2	150	0a2081a5	9	0	150
0000000041000000	0000000000000000	2	19	0a0483a1	9	0	19
0000000041000020	0000000000000000	3	22	0a0083a5	9	0	22
0000000041200000	0000000000000000	3	17	0a048325	9	0	17
0000000041200020	0000000000000000	4	16	0a008327	9	0	16
0000000041400000	0000000000000000	3	35	0a0481a5	9	1	34
0000000041400020	0000000000000000	4	12	0a0089a5	9	0	12
0000000041600000	0000000000000000	4	36	0a048127	9	0	36
0000000041600020	0000000000000000	5	18	0a009127	9	0	18
0000000050000000	0000000000000000	2	115	0a240ac1	9	0	115
0000000050000024	0000000000000000	4	126	0a2010c7	9	0	126
0000000051000000	0000000000000000	3	14	0a041a85	9	0	14
0000000051000024	0000000000000000	5	10	0a411a81	9	0	10
0000000051200000	0000000000000000	4	1	2a8c0a01	9	0	1
0000000051400000	0000000000000000	4	11	0a0c1885	9	0	11
0000000051600000	0000000000000000	5	2	2a8c0803	9	0	2
0000000060000000	0000000000000000	2	6	2aa49040	9	0	6
0000000060000030	0000000000000000	4	1	2aa89040	9	0	1
0000000060000032	0000000000000000	5	7	2aa89002	9	0	7
0000000060000038	0000000000000000	5	4	2aa09044	9	0	4
000000006000003a	0000000000000000	6	1	2ae09080	9	0	1
0000000060080000	0000000000000000	3	8	2aac8002	9	0	8
0000000061980000	0000000000000000	6	1	2a8c8280	9	0	1
0000000061b80000	0000000000000000	7	2	2a8c8a00	9	0	2
0000000061d80000	0000000000000000	7	3	2a8c8880	9	0	3
0000000061f00000	0000000000000000	7	1	2ac49800	9	0	1
0000000061f80000	0000000000000000	8	5	2a8c8802	9	0	5
0000000070000000	0000000000000000	3	15	2aa41042	9	0	15
0000000070000034	0000000000000000	6	7	2aa81042	9	0	7
0000000070000036	0000000000000000	7	11	2aa81006	9	0	11
000000007000003c	0000000000000000	7	2	2aa01244	9	0	2
0000000070080000	0000000000000000	4	12	2aac0042	9	0	12
0000000070080034	0000000000000000	7	1	2ae80240	9	0	1
0000000070080036	0000000000000000	8	1	2aa80a80	9	0	1
0000000071980000	0000000000000000	7	1	2a8c0a80	9	0	1
0000000071980077	0000000000000000	13	1	2a880a82	9	0	1
0000000071b00000	0000000000000000	7	1	2a8c1a00	9	0	1
0000000071b80000	0000000000000000	8	2	2a8c0a02	9	0	2
0000000071d80000	0000000000000000	8	2	2a8c0882	9	0	2
0000000080000000	0000000000000000	1	1622	08064296	9	84	1538
0000000080000080	0000000000000000	2	1874	08025296	9	85	1789
0000000082000000	0000000000000000	2	425	0a260a82	9	17	408
0000000082000080	0000000000000000	3	631	0a221036	9	26	605
0000000082100000	0000000000000000	3	44	0a061286	9	0	44
0000000082100080	0000000000000000	4	26	0a021296	9	0	26
0000000082300000	0000000000000000	4	31	0a061216	9	0	31
0000000082300080	0000000000000000	5	18	0a029324	9	0	18
0000000082500000	0000000000000000	4	51	0a0681a4	9	1	50
0000000082500080	0000000000000000	5	5	2a0a0096	9	0	5
0000000082700000	0000000000000000	5	28	0a0e1016	9	0	28
0000000082700080	0000000000000000	6	7	0a429124	9	0	7
0000000100000000	0000000000000000	1	61	2a0c400e	9	2	59
0000000100000100	0000000000000000	2	82	2a08420e	9	1	81
0000000108000000	0000000000000000	2	37	2a04508c	9	1	36
0000000108000100	0000000000000000	3	44	2a20500e	9	0	44
0000000124000000	0000000000000000	3	13	2a2c1008	8	1	12
0000000124000110	0000000000000000	5	10	2a28104a	9	0	10
0000000124000112	0000000000000000	6	35	2a28100e	9	0	35
0000000124080000	0000000000000000	4	35	2a2c000e	9	0	35
0000000124080112	0000000000000000	7	3	2a280a88	9	0	3
0000000124800000	0000000000000000	4	13	2a0c108c	9	0	13
0000000124800153	0000000000000000	9	1	2a08120e	9	0	1
0000000124880000	0000000000000000	5	17	2a0c080e	9	0	17
000000012c000000	0000000000000000	4	30	2a24104a	9	0	30
000000012c000118	0000000000000000	7	3	2a20124c	9	0	3
000000012c00011a	0000000000000000	8	8	2a20120e	9	0	8
000000012c080000	0000000000000000	5	2	2a248888	9	0	2
000000012c800000	0000000000000000	5	2	2a049888	9	0	2
000000012c880000	0000000000000000	6	1	2a448888	9	0	1
0000000180000000	0000000000000000	2	74	2a0c4016	9	0	74
0000000180000180	0000000000000000	4	60	2a085206	9	1	59
0000000188000000	0000000000000000	3	31	2a245006	9	0	31
0000000188000180	0000000000000000	5	40	2a205046	9	0	40
00000001e6000000	0000000000000000	6	8	2a2c9002	9	0	8
00000001e60001b0	0000000000000000	10	4	2a289044	9	0	4
00000001e60001b2	0000000000000000	11	7	2a289006	9	0	7
00000001e6080000	0000000000000000	7	4	2a2c8880	9	0	4
00000001e7d80000	0000000000000000	11	1	2a4c8880	9	0	1
00000001ee000000	0000000000000000	7	8	2a249044	9	0	8
00000001f6000000	0000000000000000	7	23	2a2c1006	9	0	23
00000001f60001b4	0000000000000000	12	9	2a281046	9	0	9
00000001f60001b6	0000000000000000	13	12	2a281016	9	0	12
00000001f6080000	0000000000000000	8	3	2a2c0882	9	0	3
00000001fe000000	0000000000000000	8	3	2a241244	9	0	3
0000000200000000	0000000000000000	1	2964	081c812c	9	142	2822
0000000200000002	0000000000000000	2	109	0838812c	9	0	109
000000020000000a	0000000000000000	3	2	08b0812c	9	0	2
0000000200000040	0000000000000000	2	11	2898024a	9	0	11
0000000200000042	0000000000000000	3	101	0898032c	9	0	101
000000020000004a	0000000000000000	4	4	089081ac	9	0	4
0000000210000000	0000000000000000	2	63	08fc0042	9	0	63
0000000210000004	0000000000000000	3	6	28b80242	9	0	6
0000000210000006	0000000000000000	4	5	28390a80	9	0	5
0000000210000046	0000000000000000	5	5	28590a80	9	0	5
0000000400000000	0000000000000000	1	864	08a21056	9	17	847
0000000400100000	0000000000000000	2	194	08869284	9	3	191
0000000400300000	0000000000000000	3	225	08c69240	9	3	222
0000000400500000	0000000000000000	3	193	088e9084	9	4	189
0000000400700000	0000000000000000	4	168	09829124	9	3	165
0000000402000000	0000000000000000	2	1256	09221036	9	54	1202
0000000402100000	0000000000000000	3	244	09021296	9	16	228
0000000402300000	0000000000000000	4	200	09029216	9	8	192
0000000402500000	0000000000000000	4	242	09061096	9	9	233
0000000402700000	0000000000000000	5	145	090a1816	9	2	143
0000000482000000	0000000000000000	3	298	082610c6	9	6	292
0000000482000080	0000000000000000	4	241	08221076	9	0	241
0000000482100000	0000000000000000	4	45	080e0296	9	0	45
0000000482100080	0000000000000000	5	22	280a0296	9	0	22
0000000482300000	0000000000000000	5	12	280e0216	9	0	12
0000000482300080	0000000000000000	6	8	280a0256	9	0	8
0000000482500000	0000000000000000	5	15	084e8884	9	0	15
0000000482500080	0000000000000000	6	2	280a1096	9	0	2
0000000482700000	0000000000000000	6	5	280e0816	9	0	5
0000000482700080	0000000000000000	7	1	280a1816	9	0	1
0000000800800000	0000000000000000	2	1	29841888	9	0	1
0000000800800201	0000000000000000	4	1	29881888	9	0	1
0000000a00080200	0000000000000000	4	1	29a80888	9	0	1
0000000a00880000	0000000000000000	4	3	29848888	9	0	3
0000000a00880201	0000000000000000	6	6	2988088a	9	0	6
0000000a20880000	0000000000000000	5	1	288c0a88	9	0	1
0000001000000000	0000000000000000	1	6	29240981	9	0	6
0000001000000400	0000000000000000	2	22	29201883	9	0	22
0000001001000000	0000000000000000	2	6	29041a81	9	0	6
0000001001000400	0000000000000000	3	23	29001a83	9	1	22
0000001001400000	0000000000000000	3	34	29041883	9	1	33
0000001001400400	0000000000000000	4	36	29001887	9	0	36
0000001040000420	0000000000000000	4	1	28288a81	9	0	1
0000001041000000	0000000000000000	3	1	280c8a81	9	0	1
0000001041000420	0000000000000000	5	4	28089a81	9	0	4
0000001041400000	0000000000000000	4	1	284c8881	9	0	1
0000001050000000	0000000000000000	3	2	282c0a81	9	0	2
0000001050000424	0000000000000000	6	2	28281a81	9	0	2
0000001051000000	0000000000000000	4	6	280c0a83	9	0	6
0000001051000424	0000000000000000	7	8	28081a83	9	0	8
0000001c00000000	0000000000000000	3	1	29a41880	9	0	1
0000001c00000600	0000000000000000	5	2	29a018c0	9	0	2
0000001c01900601	0000000000000000	9	1	29881a80	9	0	1
0000001c01d00000	0000000000000000	7	2	29849880	9	0	2
0000001c01d00601	0000000000000000	10	2	29889880	9	0	2
0000001e00080000	0000000000000000	5	1	29ac0880	9	0	1
0000001e00080600	0000000000000000	7	1	29a80a80	9	0	1
0000001e01980000	0000000000000000	8	1	298c0a80	9	0	1
0000001e01980601	0000000000000000	11	5	29880a82	9	0	5
0000001e01d80000	0000000000000000	9	6	298c0882	9	0	6
0000001e01d80601	0000000000000000	12	1	29c88880	9	0	1
0000002000000000	0000000000000000	1	29	28880a49	9	0	29
0000002800000000	0000000000000000	2	1	29a41808	9	0	1
0000002800000200	0000000000000000	3	2	29a01848	9	0	2
0000002800800000	0000000000000000	3	2	29849808	9	0	2
0000002800800201	0000000000000000	5	4	2988180a	9	0	4
0000002820000000	0000000000000000	3	1	28ac1808	9	0	1
0000002a00080000	0000000000000000	4	1	29ac0808	9	0	1
0000002a00080200	0000000000000000	5	2	29a80848	9	0	2
0000002a00880000	0000000000000000	5	9	298c080a	9	0	9
0000002a00880201	0000000000000000	7	6	29880a0a	9	0	6
0000002a20880000	0000000000000000	6	1	28cc8808	9	0	1
0000003000000000	0000000000000000	2	1	29ac0801	9	0	1
0000003001200000	0000000000000000	4	1	298c0a01	9	0	1
0000003001200400	0000000000000000	5	4	29880a03	9	0	4
0000003001600000	0000000000000000	5	8	29849801	9	0	8
0000003001600400	0000000000000000	6	6	29881803	9	0	6
0000003c00000000	0000000000000000	4	3	29a41840	9	0	3
0000003c00000600	0000000000000000	6	5	29a81840	9	0	5
0000003c01b00000	0000000000000000	8	1	298c1a00	9	0	1
0000003c01f00000	0000000000000000	9	4	298c1802	9	0	4
0000003c01f00601	0000000000000000	12	1	29c89800	9	0	1
0000003e00080000	0000000000000000	6	6	29ac0802	9	0	6
0000003e00080600	0000000000000000	8	1	29e80840	9	0	1
0000003e01b80000	0000000000000000	10	4	298c0a02	9	0	4
0000003e01b80601	0000000000000000	13	1	29c88a00	9	0	1
0000003e01f80000	0000000000000000	11	10	298c8802	9	0	10
0000003e01f80601	0000000000000000	14	1	29c88802	9	0	1
0000004000000000	0000000000000000	1	278	2808009f	9	10	268
0000004800000000	0000000000000000	2	1	29a41088	9	0	1
0000004800000200	0000000000000000	3	3	29a010c8	9	0	3
0000004800800000	0000000000000000	3	3	29849088	9	0	3
0000004800800201	0000000000000000	5	5	2988108a	9	0	5
0000004820000000	0000000000000000	3	1	28ac1088	9	0	1
0000004820000210	0000000000000000	5	1	28a810c8	9	0	1
0000004820000212	0000000000000000	6	1	28a81288	9	0	1
0000004820800000	0000000000000000	4	1	288c1288	9	0	1
0000004a00080000	0000000000000000	4	1	29ac0088	9	0	1
0000004a00080200	0000000000000000	5	3	29a800c8	9	0	3
0000004a00880000	0000000000000000	5	11	298480c8	9	0	11
0000004a00880201	0000000000000000	7	7	2988028a	9	0	7
0000004a20880000	0000000000000000	6	2	288c8288	9	0	2
0000005000000000	0000000000000000	2	25	29241083	9	0	25
0000005000000400	0000000000000000	3	53	29201087	9	0	53
0000005001000000	0000000000000000	3	19	29041285	9	1	18
0000005001000400	0000000000000000	4	29	29009285	9	0	29
0000005001400000	0000000000000000	4	43	29049083	9	0	43
0000005001400400	0000000000000000	5	23	29081087	9	0	23
0000005040000000	0000000000000000	3	2	282c8281	9	0	2
0000005040000420	0000000000000000	5	2	28289181	9	0	2
0000005041000000	0000000000000000	4	3	280c9281	9	0	3
0000005041000420	0000000000000000	6	1	28889281	9	0	1
0000005050000000	0000000000000000	4	4	282c1083	9	0	4
0000005050000424	0000000000000000	7	7	28281283	9	0	7
0000005051000000	0000000000000000	5	5	280c1285	9	0	5
0000005c00000000	0000000000000000	4	5	29a410c0	9	0	5
0000005c00000600	0000000000000000	6	11	29a011c0	9	0	11
0000005c01900000	0000000000000000	7	2	29849280	9	0	2
0000005c01900601	0000000000000000	10	5	29881282	9	0	5
0000005c01d00000	0000000000000000	8	7	298490c0	9	0	7
0000005c70000000	0000000000000000	7	1	28ac10c0	9	0	1
0000005c70000634	0000000000000000	12	1	28a812c0	9	0	1
0000005e00080000	0000000000000000	6	7	29a480c0	9	0	7
0000005e00080600	0000000000000000	8	4	29a802c0	9	0	4
0000005e01980000	0000000000000000	9	6	298c0282	9	0	6
0000005e01980601	0000000000000000	12	4	29888282	9	0	4
0000005e01d80000	0000000000000000	10	11	298c0086	9	0	11
0000006000000000	0000000000000000	2	144	2888020f	9	1	143
0000006800000000	0000000000000000	3	6	29a41048	9	0	6
0000006800000200	0000000000000000	4	13	29a01148	9	0	13
0000006800800000	0000000000000000	4	8	298c100a	9	0	8
0000006800800201	0000000000000000	6	10	2988120a	9	0	10
0000006820000000	0000000000000000	4	7	28ac100a	9	0	7
0000006820000210	0000000000000000	6	4	28a81148	9	0	4
0000006820000212	0000000000000000	7	5	28a8120a	9	0	5
0000006820800000	0000000000000000	5	3	288c120c	9	0	3
0000006a00080000	0000000000000000	5	9	29a48048	9	0	9
0000006a00080200	0000000000000000	6	7	29a8004a	9	0	7
0000006a00880000	0000000000000000	6	24	298c000e	9	0	24
0000006a00880201	0000000000000000	8	6	2988020e	9	0	6
0000006a20080000	0000000000000000	6	3	28ac0248	9	0	3
0000006a20880000	0000000000000000	7	1	28cd0208	9	0	1
0000007000000000	0000000000000000	3	11	29a41041	9	0	11
0000007000000400	0000000000000000	4	16	29a01043	9	0	16
0000007001200000	0000000000000000	5	8	29849201	9	0	8
0000007001200400	0000000000000000	6	11	29880207	9	0	11
0000007001600000	0000000000000000	6	20	29849003	9	0	20
0000007001600400	0000000000000000	7	6	29881007	9	0	6
0000007050000000	0000000000000000	5	1	28ac1041	9	0	1
0000007050000424	0000000000000000	8	1	28a81241	9	0	1
0000007c00000000	0000000000000000	5	18	29a41042	9	0	18
0000007c00000600	0000000000000000	7	29	29a09140	9	0	29
0000007c01b00000	0000000000000000	9	5	298c1202	9	0	5
0000007c01b00601	0000000000000000	12	2	29c89200	9	0	2
0000007c01f00000	0000000000000000	10	8	298c9002	9	0	8
0000007c60000000	0000000000000000	7	1	28ac9040	9	0	1
0000007c60000630	0000000000000000	11	1	28a89240	9	0	1
0000007c70000000	0000000000000000	8	4	28ac1044	9	0	4
0000007c70000634	0000000000000000	13	4	28a81242	9	0	4
0000007e00080000	0000000000000000	7	12	29ac0042	9	0	12
0000007e00080600	0000000000000000	9	3	29e80042	9	0	3
0000007e01b80000	0000000000000000	11	9	298c0206	9	0	9
0000007e01b80601	0000000000000000	14	2	29c90202	9	0	2
0000007e01f80000	0000000000000000	12	7	298c8006	9	0	7
0000008000000000	0000000000000000	1	271	2908408c	8	11	260
0000008008000000	0000000000000000	2	170	2900528c	9	0	170
0000008100000000	0000000000000000	2	38	280c408e	9	0	38
0000008100000100	0000000000000000	3	20	28084a8c	9	0	20
0000008108000000	0000000000000000	3	8	2824508c	9	0	8
0000008108000100	0000000000000000	4	2	2820d0c8	9	0	2
0000008180000000	0000000000000000	3	15	280c4a84	9	0	15
0000008180000180	0000000000000000	5	9	282850a4	9	0	9
0000008188000000	0000000000000000	4	2	2824d0c0	9	0	2
0000008804000200	0000000000000000	4	1	29281888	9	0	1
0000008804800000	0000000000000000	4	1	290c1888	9	0	1
0000008804800201	0000000000000000	6	6	2908188a	9	0	6
000000880c000000	0000000000000000	4	1	29241888	9	0	1
000000880c000200	0000000000000000	5	4	292018c8	9	0	4
000000880c800000	0000000000000000	5	3	29041a88	9	0	3
000000880c800201	0000000000000000	7	1	29409888	9	0	1
0000008924000000	0000000000000000	5	1	282c1888	9	0	1
0000008924000312	0000000000000000	9	2	28281a88	9	0	2
0000008924800000	0000000000000000	6	1	280c1a88	9	0	1
0000008a04080000	0000000000000000	5	1	292c0888	9	0	1
0000008a04080200	0000000000000000	6	8	2928088a	9	0	8
0000008a04880000	0000000000000000	6	11	290c0888	8	1	10
0000008a04880201	0000000000000000	8	14	2908088e	9	0	14
0000008a0c080000	0000000000000000	6	1	29248888	9	0	1
0000008a0c880000	0000000000000000	7	1	29448888	9	0	1
0000008b24080000	0000000000000000	7	2	282c0a88	9	0	2
0000008b24880000	0000000000000000	8	3	280c8a88	9	0	3
0000008b24880353	0000000000000000	14	1	28490a88	9	0	1
0000009c06000000	0000000000000000	6	1	292c1880	9	0	1
0000009c06000600	0000000000000000	8	8	29281882	9	0	8
0000009c07900000	0000000000000000	9	1	290c1a80	9	0	1
0000009c07900601	0000000000000000	12	5	29081a82	9	0	5
0000009c07d00000	0000000000000000	10	6	290c1882	9	0	6
0000009c07d00601	0000000000000000	13	3	29081886	9	0	3
0000009c0e000000	0000000000000000	7	4	292418c0	9	0	4
0000009c0e000600	0000000000000000	9	2	296018c0	9	0	2
0000009c0fd00000	0000000000000000	11	1	29449880	9	0	1
0000009e06080000	0000000000000000	8	8	292c0882	9	0	8
0000009e06080600	0000000000000000	10	2	29288a80	9	0	2
0000009e07980000	0000000000000000	11	6	290c0a82	9	0	6
0000009e07980601	0000000000000000	14	3	29480a82	9	0	3
0000009e07d80000	0000000000000000	12	11	290c0886	9	0	11
0000009e07d80601	0000000000000000	15	2	29488882	9	0	2
0000009e0e080000	0000000000000000	9	1	29648880	9	0	1
0000009e0fd80000	0000000000000000	13	1	29458880	9	0	1
000000c804000000	0000000000000000	4	1	292c1088	9	0	1
000000c804000200	0000000000000000	5	10	2928108a	9	0	10
000000c804800000	0000000000000000	5	11	290c1088	8	1	10
000000c804800201	0000000000000000	7	12	2908108e	9	0	12
000000c80c000000	0000000000000000	5	10	2924108a	9	0	10
000000c80c000200	0000000000000000	6	4	292090c8	9	0	4
000000c80c800000	0000000000000000	6	2	29049288	9	0	2
000000c924000000	0000000000000000	6	8	282c108a	9	0	8
000000c924000310	0000000000000000	9	2	282812c8	9	0	2
000000c924000312	0000000000000000	10	3	2828128c	9	0	3
000000c924800000	0000000000000000	7	2	280c128c	9	0	2
000000ca04080000	0000000000000000	6	9	292c008a	9	0	9
000000ca04080200	0000000000000000	7	5	2928808a	9	0	5
000000ca04880000	0000000000000000	7	22	290c008e	9	0	22
000000ca04880201	0000000000000000	9	3	2908028e	9	0	3
000000dc06000000	0000000000000000	7	10	292c1082	9	0	10
000000dc06000600	0000000000000000	9	26	29281086	9	0	26
000000dc07900000	0000000000000000	10	6	290c1282	9	0	6
000000dc07900601	0000000000000000	13	4	29081286	9	0	4
000000dc07d00000	0000000000000000	11	6	290c1086	9	0	6
000000dc07d00601	0000000000000000	14	1	29481086	9	0	1
000000dc0e000000	0000000000000000	8	10	292410c4	9	0	10
000000dc0e000600	0000000000000000	10	3	296012c0	9	0	3
000000dde6000000	0000000000000000	11	2	282c90c0	9	0	2
000000ddf6000000	0000000000000000	12	2	282c12c0	9	0	2
000000de06080000	0000000000000000	9	11	292c0086	9	0	11
000000de07980000	0000000000000000	12	7	290c0286	9	0	7
000000de07d80000	0000000000000000	13	7	290c0096	9	0	7
000000de07d80601	0000000000000000	16	1	29480096	9	0	1
0000010000000000	0000000000000000	1	3651	0100503f	9	108	3543
0000012000000000	0000000000000000	2	146	28081a0b	9	4	142
0000013000000000	0000000000000000	3	11	29241841	9	0	11
0000013000000400	0000000000000000	4	10	29281803	9	0	10
0000013001200000	0000000000000000	5	7	290c0a03	9	0	7
0000013001200400	0000000000000000	6	6	29081a03	9	0	6
0000013001600000	0000000000000000	6	22	290c0807	9	0	22
0000013001600400	0000000000000000	7	11	29081807	9	0	11
0000016000000000	0000000000000000	3	393	2808003f	9	16	377
0000017000000000	0000000000000000	4	36	29241043	9	0	36
0000017000000400	0000000000000000	5	30	29281007	9	0	30
0000017001200000	0000000000000000	6	14	290c0207	9	0	14
0000017001200400	0000000000000000	7	7	29081207	9	0	7
0000017001600000	0000000000000000	7	17	290c0017	9	0	17
0000017001600400	0000000000000000	8	5	29081017	9	0	5
0000017040000000	0000000000000000	5	2	282c9041	9	0	2
0000017050000000	0000000000000000	6	2	282c1241	9	0	2
0000018000000000	0000000000000000	2	539	2908401e	9	20	519
0000018008000000	0000000000000000	3	184	29005a0c	9	3	181
0000018100000000	0000000000000000	3	71	280c401e	9	1	70
0000018100000100	0000000000000000	4	42	2808520e	9	0	42
0000018108000000	0000000000000000	4	21	2824504a	9	0	21
0000018108000100	0000000000000000	5	3	2860d048	9	0	3
0000018180000000	0000000000000000	4	24	282c5006	9	0	24
0000018180000180	0000000000000000	6	15	28285046	9	0	15
0000018188000000	0000000000000000	5	3	28645044	9	0	3
000001a804000000	0000000000000000	5	1	292c1808	9	0	1
000001a804000200	0000000000000000	6	10	2928180a	9	0	10
000001a804800000	0000000000000000	6	8	290c180a	9	0	8
000001a804800201	0000000000000000	8	12	2908180e	9	0	12
000001a80c000000	0000000000000000	6	9	2924180a	9	0	9
000001a80c000200	0000000000000000	7	2	29601848	9	0	2
000001a80c800000	0000000000000000	7	1	29449808	9	0	1
000001a924000000	0000000000000000	7	9	282c180a	9	0	9
000001a924000310	0000000000000000	10	2	28281a48	9	0	2
000001aa04080000	0000000000000000	7	9	292c080a	9	0	9
000001aa04080200	0000000000000000	8	6	2928080e	9	0	6
000001aa04880000	0000000000000000	8	24	290c080e	9	1	23
000001aa04880201	0000000000000000	10	5	2948880a	9	0	5
000001aa0c080000	0000000000000000	8	1	29648808	9	0	1
000001ab24080000	0000000000000000	9	1	286c8808	9	0	1
000001bc06000000	0000000000000000	8	9	292c1802	9	0	9
000001bc06000600	0000000000000000	10	23	29281806	9	0	23
000001bc07b00000	0000000000000000	12	4	290c1a02	9	0	4
000001bc07f00000	0000000000000000	13	6	290c1806	9	0	6
000001bc0e000000	0000000000000000	9	4	29241a40	9	0	4
000001bc0e000600	0000000000000000	11	1	29609840	9	0	1
000001bdf6000000	0000000000000000	13	2	282c1a40	9	0	2
000001be06080000	0000000000000000	10	5	292c8802	9	0	5
000001be07b80000	0000000000000000	14	2	294c8a00	9	0	2
000001be07f80000	0000000000000000	15	8	290c0816	9	0	8
000001e804000000	0000000000000000	6	11	292c1008	8	1	10
000001e804000200	0000000000000000	7	40	2928100e	9	0	40
000001e804800000	0000000000000000	7	26	290c100e	9	0	26
000001e804800201	0000000000000000	9	10	2908101e	9	0	10
000001e80c000000	0000000000000000	7	26	2924102c	9	0	26
000001e80c000200	0000000000000000	8	7	2960104c	9	0	7
000001e924000000	0000000000000000	8	26	282c100e	9	1	25
000001e924000310	0000000000000000	11	7	2828124c	9	0	7
000001e924000312	0000000000000000	12	3	2828122c	9	0	3
000001e924800000	0000000000000000	9	1	284d1208	9	0	1
000001ea04080000	0000000000000000	8	22	292c000e	9	0	22
000001ea04080200	0000000000000000	9	2	29688048	9	0	2
000001ea04880000	0000000000000000	9	22	290c001e	9	0	22
000001ea04880201	0000000000000000	11	1	2949020c	9	0	1
000001eb24080000	0000000000000000	10	1	286d0208	9	0	1
000001fc06000000	0000000000000000	9	38	292c1006	9	1	37
000001fc06000600	0000000000000000	11	48	29281016	9	0	48
000001fc07b00000	0000000000000000	13	5	290c1206	9	0	5
000001fc07b00601	0000000000000000	16	1	29491204	9	0	1
000001fc07f00000	0000000000000000	14	3	290c1016	9	0	3
000001fc0e000000	0000000000000000	10	13	29249140	9	0	13
000001fc0e000600	0000000000000000	12	1	29611240	9	0	1
000001fde6000000	0000000000000000	13	2	282c9240	9	0	2
000001fdf6000000	0000000000000000	14	5	282c1244	9	0	5
000001fdf60007b4	0000000000000000	21	1	28691240	9	0	1
000001fe06080000	0000000000000000	11	3	296c0042	9	0	3
000001fe07b80000	0000000000000000	15	2	294d0202	9	0	2
0000020000000000	0000000000000000	1	3328	2000229f	9	95	3233
0000021041000000	0000000000000000	4	1	28448a81	9	0	1
0000021041400000	0000000000000000	5	1	28c48881	9	0	1
0000021050000000	0000000000000000	4	1	28241a81	9	0	1
0000021051000000	0000000000000000	5	1	28450a81	9	0	1
0000022000000000	0000000000000000	2	1	28c48809	9	0	1
0000024000000000	0000000000000000	2	26	28049289	9	0	26
0000024820000000	0000000000000000	4	1	28a410c8	9	0	1
0000025040000000	0000000000000000	4	2	282490c1	9	0	2
0000025050000000	0000000000000000	5	2	282412c1	9	0	2
0000026000000000	0000000000000000	3	7	28849209	9	0	7
0000026820000000	0000000000000000	5	4	28a41148	9	0	4
0000027c60000000	0000000000000000	8	1	28e49040	9	0	1
000002c92c000000	0000000000000000	8	2	282490c8	9	0	2
0000032000000000	0000000000000000	3	2	28241849	9	0	2
0000036000000000	0000000000000000	4	18	28209249	9	0	18
000003e92c000000	0000000000000000	10	2	28649048	9	0	2
0000040000000000	0000000000000000	1	92	23a2008a	9	0	92
0000040000000000	0000000000000001	2	151	03a2808a	9	0	151
0000040000080000	0000000000000000	2	346	23a00988	9	8	338
0000080000000000	0000000000000000	1	6	23861088	9	0	6
0000080000000000	0000000000000001	2	21	03861288	9	0	21
0000080000000800	0000000000000000	2	18	23821288	9	0	18
0000080000000800	0000000000000001	3	37	0382908a	9	0	37
0000080000800000	0000000000000000	2	26	2384108a	9	0	26
0000080000800801	0000000000000000	4	50	2380900e	9	0	50
00000c0000000000	0000000000000000	2	20	2386008a	9	0	20
00000c0000000000	0000000000000001	3	34	03868088	8	1	33
00000c0000000800	0000000000000000	3	36	2382808a	9	0	36
00000c0000000800	0000000000000001	4	26	0382812c	9	0	26
00000c0000880000	0000000000000000	4	72	23848088	8	2	70
00000c0000880801	0000000000000000	6	81	2380812c	9	0	81
0000100000000000	0000000000000000	1	185	03020a87	9	6	179
0000100000200000	0000000000000000	2	283	03021217	9	10	273
0000100000400000	0000000000000000	2	320	03021097	9	10	310
0000100000600000	0000000000000000	3	446	03028125	8	14	432
0000100001000000	0000000000000000	2	445	03001297	9	26	419
0000100001200000	0000000000000000	3	559	03008325	8	27	532
0000100001400000	0000000000000000	3	792	03001897	9	50	742
0000100001600000	0000000000000000	4	950	03008127	8	72	878
0000180000100000	0000000000000000	3	1	23861280	9	0	1
0000180000100000	0000000000000001	4	3	03869280	9	0	3
0000180000100800	0000000000000000	4	2	23829280	9	0	2
0000180000100800	0000000000000001	5	3	038292c0	9	0	3
0000180000300000	0000000000000000	4	2	23869200	9	0	2
0000180000300000	0000000000000001	5	10	03869202	9	0	10
0000180000300800	0000000000000000	5	6	238a1202	9	0	6
0000180000300800	0000000000000001	6	11	03829206	9	0	11
0000180000500000	0000000000000000	4	3	23869080	9	0	3
0000180000500000	0000000000000001	5	10	03869082	9	0	10
0000180000500800	0000000000000000	5	8	23829082	9	0	8
0000180000500800	0000000000000001	6	8	038a9084	9	0	8
0000180000700000	0000000000000000	5	9	23869002	9	0	9
0000180000700000	0000000000000001	6	13	038e9002	9	0	13
0000180000700800	0000000000000000	6	10	238a1006	9	0	10
0000180000700800	0000000000000001	7	6	03829124	9	0	6
0000180001900000	0000000000000000	5	3	23849280	9	0	3
0000180001900801	0000000000000000	7	14	23801286	9	0	14
0000180001b00000	0000000000000000	6	16	23849202	9	0	16
0000180001b00801	0000000000000000	8	29	23809206	9	0	29
0000180001d00000	0000000000000000	6	25	23841086	9	1	24
0000180001d00801	0000000000000000	8	27	23809086	9	0	27
0000180001f00000	0000000000000000	7	43	23849006	9	2	41
0000180001f00801	0000000000000000	9	35	23809124	9	0	35
00001c0000100000	0000000000000000	4	2	23868280	9	0	2
00001c0000100000	0000000000000001	5	2	038e8280	9	0	2
00001c0000100800	0000000000000000	5	7	238a0282	9	0	7
00001c0000300000	0000000000000000	5	8	238e0202	9	0	8
00001c0000300000	0000000000000001	6	6	03c68202	9	0	6
00001c0000300800	0000000000000000	6	12	238a0206	9	0	12
00001c0000300800	0000000000000001	7	2	03828324	9	0	2
00001c0000500000	0000000000000000	5	11	23868082	9	0	11
00001c0000500000	0000000000000001	6	12	038e8082	9	0	12
00001c0000500800	0000000000000000	6	8	238a0086	9	0	8
00001c0000700000	0000000000000000	6	18	238e0006	9	0	18
00001c0000700000	0000000000000001	7	16	03868124	9	0	16
00001c0000700800	0000000000000000	7	9	238a0016	9	0	9
00001c0000700800	0000000000000001	8	2	038a8124	9	0	2
00001c0001980000	0000000000000000	7	13	23848282	9	0	13
00001c0001980801	0000000000000000	9	22	23880286	9	0	22
00001c0001b80000	0000000000000000	8	29	238c0206	9	1	28
00001c0001b80801	0000000000000000	10	32	23808324	9	0	32
00001c0001d80000	0000000000000000	8	48	23848086	9	2	46
00001c0001d80801	0000000000000000	10	31	238081a4	9	0	31
00001c0001f80000	0000000000000000	9	74	23848124	9	3	71
00001c0001f80801	0000000000000000	11	25	23808126	9	0	25
0000200000000000	0000000000000000	1	14	232a1008	8	1	13
0000200000000000	0000000000000003	3	82	032a100c	8	7	75
0000200002000000	0000000000000000	2	74	232a1004	8	3	71
0000200002000000	0000000000000003	4	223	032a1016	9	16	207
0000200004000000	0000000000000000	2	87	2328100a	8	10	77
0000200006000000	0000000000000000	3	287	23281006	8	34	253
0000240000000000	0000000000000000	2	57	232a000e	9	1	56
0000240000000000	0000000000000003	4	53	032a808a	9	0	53
0000240002000000	0000000000000000	3	79	232a0016	9	0	79
0000240002000000	0000000000000003	5	23	032a8124	9	0	23
0000240004080000	0000000000000000	4	147	2328001e	9	5	142
0000240006080000	0000000000000000	5	216	23280096	9	4	212
0000280000000000	0000000000000000	2	8	230e100a	9	0	8
0000280000000000	0000000000000003	4	13	030e108c	9	0	13
0000280000000800	0000000000000000	3	25	230a100e	9	0	25
0000280000000800	0000000000000003	5	14	030a120e	9	0	14
0000280004800000	0000000000000000	4	32	230c100e	9	0	32
0000280004800801	0000000000000000	6	50	2308101e	9	0	50
00002c0000000000	0000000000000000	3	29	230e000e	9	0	29
00002c0000000000	0000000000000003	5	12	030e808a	9	0	12
00002c0000000800	0000000000000000	4	40	230a001e	9	0	40
00002c0000000800	0000000000000003	6	2	030a812c	9	0	2
00002c0004880000	0000000000000000	6	58	230c001e	9	1	57
00002c0004880801	0000000000000000	8	40	2308009e	9	0	40
0000380002100000	0000000000000000	5	1	230e1280	9	0	1
0000380002100000	0000000000000003	7	3	030e1284	9	0	3
0000380002100800	0000000000000000	6	4	230a1282	9	0	4
0000380002300000	0000000000000000	6	4	230e1202	9	0	4
0000380002300000	0000000000000003	8	3	030e9204	9	0	3
0000380002300800	0000000000000000	7	8	230a1206	9	0	8
0000380002300800	0000000000000003	9	3	030a1216	9	0	3
0000380002500000	0000000000000000	6	4	230e1082	9	0	4
0000380002500000	0000000000000003	8	3	030e9084	9	0	3
0000380002500800	0000000000000000	7	7	230a1086	9	0	7
0000380002500800	0000000000000003	9	1	034a9084	9	0	1
0000380002700000	0000000000000000	7	7	230e1006	9	0	7
0000380002700000	0000000000000003	9	2	034e9004	9	0	2
0000380002700800	0000000000000000	8	5	230a1016	9	0	5
0000380007900000	0000000000000000	8	7	230c1282	9	0	7
0000380007900801	0000000000000000	10	14	23081286	9	0	14
0000380007b00000	0000000000000000	9	14	230c1206	9	0	14
0000380007b00801	0000000000000000	11	13	23081216	9	0	13
0000380007d00000	0000000000000000	9	22	230c1086	9	0	22
0000380007d00801	0000000000000000	11	18	23081096	9	0	18
0000380007f00000	0000000000000000	10	20	230c1016	9	0	20
0000380007f00801	0000000000000000	12	12	23081816	9	0	12
00003c0002100000	0000000000000000	6	5	230e0282	9	0	5
00003c0002100000	0000000000000003	8	1	034e8280	9	0	1
00003c0002100800	0000000000000000	7	6	230a0286	9	0	6
00003c0002300000	0000000000000000	7	6	230e0206	9	0	6
00003c0002300000	0000000000000003	9	1	034e8a00	9	0	1
00003c0002300800	0000000000000000	8	5	230a0216	9	0	5
00003c0002500000	0000000000000000	7	10	230e0086	9	0	10
00003c0002500000	0000000000000003	9	2	034e8084	9	0	2
00003c0002500800	0000000000000000	8	5	230a0096	9	0	5
00003c0002700000	0000000000000000	8	10	230e0016	9	0	10
00003c0002700800	0000000000000000	9	3	230a8016	9	0	3
00003c0002700800	0000000000000003	11	1	034a8124	9	0	1
00003c0007980000	0000000000000000	10	14	230c0286	9	0	14
00003c0007980801	0000000000000000	12	10	23080296	9	0	10
00003c0007b80000	0000000000000000	11	12	230c0216	9	0	12
00003c0007b80801	0000000000000000	13	9	23088216	9	0	9
00003c0007d80000	0000000000000000	11	25	230c0096	9	1	24
00003c0007d80801	0000000000000000	13	9	23088096	9	0	9
00003c0007f80000	0000000000000000	12	19	230c0816	9	0	19
00003c0007f80801	0000000000000000	14	4	23088126	9	0	4
0000400000000000	0000000000000000	1	227	2302500e	9	3	224
0000400000000000	0000000000000002	2	510	0302508e	9	24	486
0000400008000000	0000000000000000	2	685	2300501e	9	30	655
0000600000000000	0000000000000000	2	69	2322100e	9	2	67
0000600000000000	0000000000000003	4	244	0322101e	9	18	226
0000600002000000	0000000000000000	3	124	23221016	9	0	124
0000600002000000	0000000000000003	5	344	03221056	9	15	329
000060000c000000	0000000000000000	4	183	2320101e	9	4	179
000060000e000000	0000000000000000	5	332	23201056	9	9	323
0000640000000000	0000000000000000	3	16	2322808a	9	0	16
0000640000000000	0000000000000003	5	32	0322812c	9	0	32
0000640002000000	0000000000000000	4	3	23668080	9	0	3
0000640002000000	0000000000000003	6	17	032281a4	9	0	17
000064000c080000	0000000000000000	6	24	2320812c	9	0	24
000064000e080000	0000000000000000	7	25	232081a4	9	0	25
0000680000000000	0000000000000000	3	7	23061288	9	0	7
0000680000000000	0000000000000003	5	21	03061a88	9	0	21
0000680000000800	0000000000000000	4	10	2302908a	9	0	10
0000680000000800	0000000000000003	6	13	0302912c	9	0	13
000068000c800000	0000000000000000	6	14	2304908a	9	0	14
000068000c800801	0000000000000000	8	7	2300912c	9	0	7
00006c0000000000	0000000000000000	4	10	2306808a	9	0	10
00006c0000000000	0000000000000003	6	19	0306812c	9	1	18
00006c0000000800	0000000000000000	5	4	2342808a	9	0	4
00006c0000000800	0000000000000003	7	6	030281ac	9	0	6
00006c000c880000	0000000000000000	8	11	2304812c	9	0	11
00006c000c880801	0000000000000000	10	2	230081ac	9	0	2
0000780002100000	0000000000000000	6	1	23069280	9	0	1
0000780002100000	0000000000000003	8	1	03469280	9	0	1
0000780002100800	0000000000000000	7	1	23429280	9	0	1
0000780002300000	0000000000000000	7	1	23469200	9	0	1
0000780002300000	0000000000000003	9	3	03469204	9	0	3
0000780002300800	0000000000000003	10	2	03029324	9	0	2
0000780002500000	0000000000000000	7	1	23469080	9	0	1
0000780002500000	0000000000000003	9	3	03469084	9	0	3
0000780002700000	0000000000000000	8	1	23469800	9	0	1
0000780002700000	0000000000000003	10	1	03469804	9	0	1
0000780002700800	0000000000000003	11	1	03429124	9	0	1
000078000f900000	0000000000000000	10	1	23449280	9	0	1
000078000f900801	0000000000000000	12	1	23419280	9	0	1
000078000fb00000	0000000000000000	11	3	23449204	9	0	3
000078000fb00801	0000000000000000	13	1	23409320	9	0	1
000078000fd00000	0000000000000000	11	7	23441086	9	0	7
000078000fd00801	0000000000000000	13	3	230091a4	9	0	3
000078000ff00000	0000000000000000	12	2	23049124	9	0	2
000078000ff00801	0000000000000000	14	1	23409124	9	0	1
00007c0002100000	0000000000000000	7	1	23468280	9	0	1
00007c0002100000	0000000000000003	9	1	03468a80	9	0	1
00007c0002300000	0000000000000003	10	1	03468320	9	0	1
00007c0002300800	0000000000000003	11	1	03428324	9	0	1
00007c0002500000	0000000000000000	8	1	23468880	9	0	1
00007c0002500800	0000000000000003	11	1	034281a4	9	0	1
00007c0002700000	0000000000000003	11	1	03468124	9	0	1
00007c0002700800	0000000000000000	10	1	23428124	9	0	1
00007c0002700800	0000000000000003	12	2	03428924	9	0	2
00007c000f980000	0000000000000000	12	2	23448a80	9	0	2
00007c000fb80000	0000000000000000	13	1	23448320	9	0	1
00007c000fb80801	0000000000000000	15	2	23408324	9	0	2
00007c000fd80000	0000000000000000	13	5	230481a4	9	0	5
00007c000fd80801	0000000000000000	15	1	234081a4	9	0	1
00007c000ff80000	0000000000000000	14	1	23448124	9	0	1
00007c000ff80801	0000000000000000	16	3	23408126	9	0	3
0000800000000000	0000000000000000	1	1607	00161a85	9	61	1546
0000800000002000	0000000000000000	2	1430	001a1a85	9	57	1373
0000800000003000	0000000000000000	3	904	00331324	9	41	863
0000800010000000	0000000000000000	2	3087	00341097	9	192	2895
0000800010002004	0000000000000000	4	2133	00301297	9	124	2009
0000800010003004	0000000000000000	5	248	00381364	9	12	236
0000800010003006	0000000000000000	6	592	003813a4	9	46	546
000080001000300c	0000000000000000	6	159	02301076	9	1	158
000080001000300e	0000000000000000	7	273	00711324	9	6	267
0001000000000000	0000000000000000	1	9	22a6100c	9	0	9
0001000000000000	0000000000000001	2	35	02a6104c	9	0	35
0001000000004000	0000000000000000	2	20	22a2120c	9	0	20
0001000000004000	0000000000000001	3	66	02a2112c	9	0	66
0001000020000000	0000000000000000	2	28	22a4104c	9	0	28
0001000020004010	0000000000000000	4	7	22a8104a	9	0	7
0001000020004012	0000000000000000	5	31	22a8100e	9	0	31
0001000020004018	0000000000000000	5	4	22a090c8	9	0	4
000100002000401a	0000000000000000	6	16	22a0120e	9	0	16
0001040000000000	0000000000000000	2	12	22a68088	9	0	12
0001040000000000	0000000000000001	3	8	02a68188	9	0	8
0001040000004000	0000000000000000	3	6	22aa020a	9	0	6
0001040000004000	0000000000000001	4	1	02a2812c	9	0	1
0001040020080000	0000000000000000	4	26	22a48188	9	0	26
0001040020084012	0000000000000000	7	6	22a8020e	9	0	6
0002000000000000	0000000000000000	1	112	02268125	9	1	111
0002000000008000	0000000000000000	2	194	02228127	9	1	193
0002000040000000	0000000000000000	2	354	02248127	9	5	349
0002000040008020	0000000000000000	4	454	022081a7	9	6	448
0002100000000000	0000000000000000	2	29	020683a1	9	0	29
0002100000008000	0000000000000000	3	38	020283a5	9	0	38
0002100000200000	0000000000000000	3	29	02068325	9	0	29
0002100000208000	0000000000000000	4	29	02028327	9	0	29
0002100000400000	0000000000000000	3	30	020681a5	9	0	30
0002100000408000	0000000000000000	4	7	020291a5	9	0	7
0002100000600000	0000000000000000	4	23	02068925	9	0	23
0002100000608000	0000000000000000	5	17	02029127	9	0	17
0002100041000000	0000000000000000	4	66	020483a5	9	0	66
0002100041008020	0000000000000000	6	71	020083a7	9	0	71
0002100041200000	0000000000000000	5	63	02048327	9	0	63
0002100041208020	0000000000000000	7	71	02008337	9	3	68
0002100041400000	0000000000000000	5	63	020481a7	9	0	63
0002100041408020	0000000000000000	7	22	020091a7	9	0	22
0002100041600000	0000000000000000	6	64	02049127	9	2	62
0002100041608020	0000000000000000	8	46	02089127	9	2	44
0002800000000000	0000000000000000	2	96	02261087	9	0	96
000280000000a000	0000000000000000	4	178	02221097	9	2	176
0002800050000000	0000000000000000	4	215	02241097	9	0	215
000280005000a024	0000000000000000	8	249	02201297	9	1	248
0002900000000000	0000000000000000	3	12	020e1a81	9	0	12
000290000000a000	0000000000000000	5	9	02021a87	9	0	9
0002900000200000	0000000000000000	4	1	228e0203	9	0	1
000290000020a000	0000000000000000	6	2	220a1207	9	0	2
0002900000400000	0000000000000000	4	1	228e0083	9	0	1
0002900000600000	0000000000000000	5	1	220e1007	9	0	1
0002900051000000	0000000000000000	6	18	02441a85	9	0	18
000290005100a024	0000000000000000	10	11	22081287	9	0	11
0002900051200000	0000000000000000	7	4	220c1207	9	0	4
000290005120a024	0000000000000000	11	1	22881207	9	0	1
0002900051400000	0000000000000000	7	4	220c1087	9	0	4
0002900051600000	0000000000000000	8	2	220c1017	9	0	2
0003000000000000	0000000000000000	2	4	22a69040	9	0	4
0003000000000000	0000000000000001	3	17	02a69044	9	0	17
000300000000d000	0000000000000000	5	5	22a29240	9	0	5
000300000000d000	0000000000000001	6	16	02a29124	9	0	16
0003000060000000	0000000000000000	4	30	22a49044	9	0	30
000300006000d030	0000000000000000	9	6	22a89042	9	0	6
000300006000d032	0000000000000000	10	17	22a89006	9	0	17
000300006000d038	0000000000000000	10	1	22e090c0	9	0	1
000300006000d03a	0000000000000000	11	5	22a09124	9	0	5
0003040000000000	0000000000000000	3	3	22ae8080	9	0	3
0003040000000000	0000000000000001	4	1	02ee8040	9	0	1
0003040060080000	0000000000000000	6	18	22ac8006	9	0	18
000304006008d032	0000000000000000	12	4	22a88124	9	0	4
0003800000000000	0000000000000000	3	8	22a61240	9	0	8
0003800000000000	0000000000000001	4	16	02a61206	9	0	16
000380000000f000	0000000000000000	7	13	22a21206	9	0	13
000380000000f000	0000000000000001	8	23	02a21216	9	0	23
0003800070000000	0000000000000000	6	40	22a41206	9	0	40
000380007000f034	0000000000000000	13	11	22a81046	9	0	11
000380007000f036	0000000000000000	14	31	22a81016	9	0	31
000380007000f03c	0000000000000000	14	1	22a01246	9	0	1
000380007000f03e	0000000000000000	15	2	22a01216	9	0	2
0003840000000000	0000000000000000	4	1	22ae0280	9	0	1
000384000000f000	0000000000000000	8	1	22aa0206	9	0	1
0003840070080000	0000000000000000	8	11	22ac0206	9	0	11
000384007008f036	0000000000000000	16	3	22a80286	9	0	3
0004000000000000	0000000000000000	1	830	029401ac	9	43	787
0004000000010000	0000000000000000	2	219	0292112c	9	2	217
0004000000010040	0000000000000000	3	15	02989148	9	0	15
0004000000010042	0000000000000000	4	199	029801ac	9	7	192
0004000000010048	0000000000000000	4	6	0290816c	9	0	6
000400000001004a	0000000000000000	5	113	0290132c	9	1	112
0004000000011000	0000000000000000	3	47	029281a4	9	0	47
0004000000011040	0000000000000000	4	6	22988242	9	0	6
0004000000011042	0000000000000000	5	98	02988126	9	0	98
0004000000011048	0000000000000000	5	2	02909164	9	0	2
000400000001104a	0000000000000000	6	36	02908326	9	1	35
0004800000000000	0000000000000000	2	39	229e0006	9	0	39
0004800000013000	0000000000000000	5	32	229a0016	9	0	32
0004800010000000	0000000000000000	3	124	229c0016	9	3	121
0004800010013044	0000000000000000	8	2	22980246	9	0	2
0004800010013046	0000000000000000	9	58	22980096	9	0	58
0005080000000000	0000000000000000	3	3	22869088	9	0	3
0005080000000000	0000000000000001	4	3	02869188	9	0	3
0005080000014800	0000000000000000	6	2	228a120c	9	0	2
0005080000014800	0000000000000001	7	1	0282912c	9	0	1
0005080020800000	0000000000000000	5	10	22849188	9	0	10
0005080020814853	0000000000000000	12	1	2288120e	9	0	1
000508002081485b	0000000000000000	13	1	2280912c	9	0	1
00050c0000000000	0000000000000000	4	11	22868188	9	0	11
00050c0000000000	0000000000000001	5	4	0286812c	9	0	4
00050c0000014800	0000000000000000	7	1	228a020e	9	0	1
00050c0000014800	0000000000000001	8	1	02c2812c	9	0	1
00050c0020880000	0000000000000000	7	20	2284812c	9	0	20
00050c0020894853	0000000000000000	14	1	2288812c	9	0	1
00050c002089485b	0000000000000000	15	1	22c0812c	9	0	1
0007180061900000	0000000000000000	10	1	228c9280	9	0	1
0007180061b00000	0000000000000000	11	1	22cc9200	9	0	1
0007180061f00000	0000000000000000	12	1	22cc9100	9	0	1
00071c0000100000	0000000000000000	7	1	228e8280	9	0	1
00071c0000700000	0000000000000001	10	1	02c68124	9	0	1
00071c0061980000	0000000000000000	12	3	228c8282	9	0	3
00071c0061b80000	0000000000000000	13	5	228c8206	9	0	5
00071c0061b9d873	0000000000000000	23	2	22888324	9	0	2
00071c0061b9d87b	0000000000000000	24	1	22c08324	9	0	1
00071c0061d80000	0000000000000000	13	3	22cc8082	9	0	3
00071c0061f80000	0000000000000000	14	4	228c8124	9	0	4
00071c0061f9d873	0000000000000000	24	1	22c88124	9	0	1
000798007191f877	0000000000000000	24	1	22881286	9	0	1
0007980071b00000	0000000000000000	13	1	228c1206	9	0	1
00079c0071980000	0000000000000000	14	3	228c0286	9	0	3
00079c0071b80000	0000000000000000	15	1	228c0216	9	0	1
0008000000000000	0000000000000000	1	9	222e400a	9	0	9
0008000000000000	0000000000000002	2	16	022e408c	9	0	16
0008000000020000	0000000000000000	2	24	222a400e	9	0	24
0008000000020000	0000000000000002	3	35	022a500c	8	1	34
0008000080000000	0000000000000000	2	11	222e4006	9	0	11
0008000080000000	0000000000000002	3	22	022e5006	9	0	22
0008000080020080	0000000000000000	4	22	222a5006	9	0	22
0008000080020080	0000000000000002	5	45	022a5016	9	0	45
0008000100000000	0000000000000000	2	35	222c400e	9	1	34
0008000100020100	0000000000000000	4	56	2228408e	9	1	55
0008000180000000	0000000000000000	3	72	222c4016	9	1	71
0008000180020180	0000000000000000	6	88	22284286	9	1	87
0008400000000000	0000000000000000	2	12	2226500a	9	0	12
0008400000000000	0000000000000002	3	41	0226500e	9	0	41
0008400000020000	0000000000000000	3	31	2222500e	9	0	31
0008400000020000	0000000000000002	4	54	0222501e	9	0	54
0008400080000000	0000000000000000	3	10	22265044	9	0	10
0008400080000000	0000000000000002	4	29	02265064	9	0	29
0008400080020080	0000000000000000	5	17	222250a4	9	0	17
0008400080020080	0000000000000002	6	32	02225216	9	0	32
0008400108000000	0000000000000000	4	31	2224500e	9	0	31
0008400108020100	0000000000000000	6	34	2220508e	9	0	34
0008400188000000	0000000000000000	5	34	22245046	9	0	34
0008400188020180	0000000000000000	8	36	22205216	9	0	36
0009200000000000	0000000000000000	3	12	222e100a	9	0	12
0009200000000000	0000000000000003	5	38	022e100e	9	0	38
0009200000024000	0000000000000000	5	37	222a100e	9	0	37
0009200000024000	0000000000000003	7	53	022a101e	9	0	53
0009200124000000	0000000000000000	6	49	222c100e	9	0	49
0009200124024110	0000000000000000	10	15	2228104e	9	0	15
0009200124024112	0000000000000000	11	52	2228101e	9	0	52
0009240000000000	0000000000000000	4	13	222e000e	9	0	13
0009240000000000	0000000000000003	6	4	022e8888	9	0	4
0009240000024000	0000000000000000	6	1	222a020e	9	0	1
0009240000024000	0000000000000003	8	1	022a812c	9	0	1
0009240124080000	0000000000000000	8	11	222c808a	9	0	11
00092401240a4112	0000000000000000	13	1	2228812c	9	0	1
0009600000000000	0000000000000000	4	14	2226104c	9	0	14
0009600000000000	0000000000000003	6	52	0226106c	9	0	52
0009600000024000	0000000000000000	6	11	2222120e	9	0	11
0009600000024000	0000000000000003	8	31	0222121e	9	0	31
000960012c000000	0000000000000000	8	16	2224904c	9	0	16
000960012c02411a	0000000000000000	14	3	2220912c	9	0	3
0009640000000000	0000000000000003	7	2	0226812c	9	0	2
0009640000024000	0000000000000003	9	1	0262812c	9	0	1
000b200082000000	0000000000000000	6	5	222e9004	9	0	5
000b200082000000	0000000000000003	8	10	022e9044	9	0	10
000b20008202d080	0000000000000000	11	9	222a9006	9	0	9
000b20008202d080	0000000000000003	13	8	022a9124	9	0	8
000b2001e6000000	0000000000000000	10	31	222c9006	9	0	31
000b2001e602d1b0	0000000000000000	18	7	22289046	9	0	7
000b2001e602d1b2	0000000000000000	19	23	22289016	9	0	23
000b2401e6080000	0000000000000000	12	1	226d8200	9	0	1
000b600082000000	0000000000000000	7	2	222690c0	9	0	2
000b600082000000	0000000000000003	9	7	02269124	9	0	7
000b60008202d080	0000000000000003	14	5	02229164	9	0	5
000b6001ee000000	0000000000000000	12	4	22249124	9	0	4
000b6001ee02d1ba	0000000000000000	22	3	222091a4	9	0	3
000ba00082000000	0000000000000000	7	11	222e1006	9	0	11
000ba00082000000	0000000000000003	9	15	022e1064	9	0	15
000ba0008202f080	0000000000000000	13	20	222a1016	9	0	20
000ba0008202f080	0000000000000003	15	16	022a1216	9	0	16
000ba001f6000000	0000000000000000	12	41	222c1016	9	0	41
000ba001f602f1b4	0000000000000000	22	8	22281056	9	0	8
000ba001f602f1b6	0000000000000000	23	23	22281096	9	0	23
000be00082000000	0000000000000003	10	2	02261216	9	0	2
000be0008202f080	0000000000000003	16	3	02621216	9	0	3
000be001fe000000	0000000000000000	14	1	22651204	9	0	1
000be001fe02f1be	0000000000000000	26	1	22611206	9	0	1
0010000000000000	0000000000000000	1	3840	0010d1ac	9	150	3690
0014000000000000	0000000000000000	2	716	0214812c	8	21	695
0014000000010000	0000000000000000	3	155	0212812e	9	0	155
0014000000010042	0000000000000000	5	111	0218812e	9	0	111
0014000000010048	0000000000000000	5	3	0210916c	9	0	3
001400000001004a	0000000000000000	6	28	0210832e	9	0	28
0014000000011000	0000000000000000	4	15	02129324	9	0	15
0014000000011042	0000000000000000	6	25	02189324	9	0	25
001400000001104a	0000000000000000	7	17	02109326	9	0	17
0014800000000000	0000000000000000	3	25	221e0016	9	0	25
0014800000013000	0000000000000000	6	9	221a0096	9	0	9
0014800010000000	0000000000000000	4	35	221c0096	9	0	35
0014800010013046	0000000000000000	10	6	22181216	9	0	6
0018000000000000	0000000000000000	2	15	220e400e	9	0	15
0018000000000000	0000000000000002	3	2	020ed088	9	0	2
0018000000020000	0000000000000000	3	10	220a401e	9	0	10
0018000080000000	0000000000000000	3	3	220e4016	9	0	3
0018000080020080	0000000000000000	5	2	220a5206	9	0	2
0018000100000000	0000000000000000	3	19	220c401e	9	0	19
0018000100020100	0000000000000000	5	4	2208520e	9	0	4
0018000180000000	0000000000000000	4	14	220c4096	9	0	14
0018000180020180	0000000000000000	7	5	22085216	9	0	5
0018400000000000	0000000000000000	3	3	2206d088	9	0	3
0018400000000000	0000000000000002	4	3	0206d08c	9	0	3
0018400108000000	0000000000000000	5	3	2204c12c	9	0	3
0018400108020100	0000000000000000	7	2	2200d12c	9	0	2
0018400188000000	0000000000000000	6	1	2244c124	9	0	1
0018400188020180	0000000000000000	9	3	2240c1a4	9	0	3
001d2c0000000000	0000000000000000	7	2	220e8288	9	0	2
001d2c0124880000	0000000000000000	12	1	220c812c	9	0	1
001d2c01248b4953	0000000000000000	21	2	2208832c	9	0	2
001d680000000000	0000000000000003	9	1	02469888	9	0	1
001d6c0000000000	0000000000000003	10	1	0246812c	9	0	1
001d6c012c880000	0000000000000000	14	1	2244812c	9	0	1
001f3c01e7bbd9f3	0000000000000000	33	1	22488324	9	0	1
001f3c01e7f80000	0000000000000000	21	1	224c8124	9	0	1
0020000000000000	0000000000000000	1	1143	0036812c	9	30	1113
0020000000001000	0000000000000000	2	13	00ba8124	9	0	13
0020000200000000	0000000000000000	2	1871	003481ac	9	88	1783
0020000200000002	0000000000000000	3	91	0038832c	9	0	91
0020000200000008	0000000000000000	3	1	00b0816c	9	0	1
002000020000000a	0000000000000000	4	9	00b0812e	9	0	9
0020000200001000	0000000000000000	3	3	20b882c0	9	0	3
0020000200001002	0000000000000000	4	16	00b881a4	9	0	16
0020800000000000	0000000000000000	2	23	00fe00c0	9	0	23
0020800000003000	0000000000000000	4	11	203a0096	9	0	11
0020800210000000	0000000000000000	4	36	203c0096	9	0	36
0020800210003004	0000000000000000	7	1	20f90240	9	0	1
0020800210003006	0000000000000000	8	7	20b80286	9	0	7
0040000000000000	0000000000000000	1	7	21a61048	9	0	7
0040000000000000	0000000000000001	2	37	01a6104c	9	0	37
0040000000040000	0000000000000000	2	16	21a210c8	9	0	16
0040000000040000	0000000000000001	3	49	01a2112c	9	0	49
0041000000000000	0000000000000000	2	4	20ae1048	9	0	4
0041000000000000	0000000000000001	3	6	00a69248	9	0	6
0041000000044000	0000000000000000	4	5	20aa120c	9	0	5
0041000000044000	0000000000000001	5	1	00ea1248	9	0	1
0060040000000000	0000000000000000	3	6	21ae000a	9	0	6
0060040000000000	0000000000000001	4	5	01ae8088	9	0	5
0060040000040000	0000000000000000	4	5	21aa020a	9	0	5
0080000000000000	0000000000000000	1	874	01221097	9	12	862
0080100000000000	0000000000000000	2	241	01021297	9	6	235
0080100000200000	0000000000000000	3	134	01029325	9	0	134
0080100000400000	0000000000000000	3	187	010291a5	9	1	186
0080100000600000	0000000000000000	4	107	01069125	9	0	107
0082000000000000	0000000000000000	2	34	00269283	9	0	34
0082000000008000	0000000000000000	3	32	002291a5	9	0	32
0082100000000000	0000000000000000	3	17	000e9a81	9	0	17
0082100000008000	0000000000000000	4	6	00439a81	9	0	6
0082100000200000	0000000000000000	4	2	208e9201	9	0	2
0082100000208000	0000000000000000	5	1	008a8325	9	0	1
0082800000000000	0000000000000000	3	37	00261ac1	9	0	37
008280000000a000	0000000000000000	5	33	002213a5	9	0	33
0082900000000000	0000000000000000	4	13	00471a81	9	0	13
008290000000a000	0000000000000000	6	4	200a1287	9	0	4
00c0000400000000	0000000000000000	3	16	21a610c0	9	0	16
00c0000400000000	0000000000000001	4	69	01a611c0	9	0	69
00c0000400040000	0000000000000000	4	28	21a212c0	9	0	28
00c0000400040000	0000000000000001	5	69	01a29124	9	0	69
00c3000400000000	0000000000000001	6	2	00ae9240	9	0	2
00c3800400000000	0000000000000000	6	2	20ae1240	9	0	2
00c3800400000000	0000000000000001	7	1	00ee1240	9	0	1
00c380040004f000	0000000000000000	11	2	20aa12c0	9	0	2
00e0040400000000	0000000000000000	5	5	21ae0280	9	0	5
00e0040400000000	0000000000000001	6	3	01ee0240	9	0	3
00e0040400040000	0000000000000000	6	1	21aa8280	9	0	1
0100000000000000	0000000000000000	1	161	20081a8b	9	2	159
0100002000000000	0000000000000000	2	30	208c8a09	9	0	30
0100004000000000	0000000000000000	2	733	200800bf	9	38	695
0100006000000000	0000000000000000	3	357	2088003f	9	6	351
0100012000000000	0000000000000000	3	124	2028184b	9	0	124
0100016000000000	0000000000000000	4	695	2008023f	9	43	652
0100020000000000	0000000000000000	2	19	20049a89	9	0	19
0100024000000000	0000000000000000	3	45	20059289	9	0	45
0100026000000000	0000000000000000	4	11	2084812d	9	0	11
0100036000000000	0000000000000000	5	13	20219249	9	0	13
0140002800000000	0000000000000000	4	1	21ac1808	9	0	1
0140002800040200	0000000000000000	6	1	21a81908	9	0	1
0140004800000000	0000000000000000	4	6	21a410c8	9	0	6
0140004800040200	0000000000000000	6	13	21a090c8	9	0	13
0140006800000000	0000000000000000	5	19	21a41148	9	0	19
0140006800040200	0000000000000000	7	34	21a8100e	9	0	34
0141004820000000	0000000000000000	6	2	20ac1288	9	0	2
0141004820044212	0000000000000000	11	1	20a89288	9	0	1
0141006820000000	0000000000000000	7	11	20ac1148	9	0	11
0141006820044210	0000000000000000	11	1	20e81248	9	0	1
0141006820044212	0000000000000000	12	1	20e91208	9	0	1
0160044a00080000	0000000000000000	8	6	21ac008a	9	0	6
0160044a000c0200	0000000000000000	10	6	21a8028a	9	0	6
0160046a00080000	0000000000000000	9	14	21ac010a	9	0	14
0160046a000c0200	0000000000000000	11	5	21a8012c	9	0	5
0180001000000000	0000000000000000	3	15	21241883	9	0	15
0180001000000400	0000000000000000	4	41	21201887	9	0	41
0180003000000400	0000000000000000	5	2	21a81803	9	0	2
0180005000000000	0000000000000000	4	107	21241087	9	4	103
0180005000000400	0000000000000000	5	200	21201097	9	6	194
0180007000000000	0000000000000000	5	43	21a41043	9	0	43
0180007000000400	0000000000000000	6	66	21a08125	9	0	66
0180013000000000	0000000000000000	5	10	212c1803	9	0	10
0180013000000400	0000000000000000	6	18	21281807	9	0	18
0180017000000000	0000000000000000	6	90	21249007	9	2	88
0180017000000400	0000000000000000	7	85	21209125	9	0	85
0180101001000000	0000000000000000	5	16	21041a85	9	0	16
0180101001000400	0000000000000000	6	34	21009a83	9	0	34
0180101001400000	0000000000000000	6	28	21049885	9	0	28
0180101001400400	0000000000000000	7	27	21081887	9	0	27
0180103001200000	0000000000000000	7	3	218c0a03	9	0	3
0180103001200400	0000000000000000	8	3	21881a03	9	0	3
0180103001600000	0000000000000000	8	7	218c1803	9	0	7
0180103001600400	0000000000000000	9	3	21881807	9	0	3
0180105001000000	0000000000000000	6	66	21041287	9	3	63
0180105001000400	0000000000000000	7	93	210083a5	9	3	90
0180105001400000	0000000000000000	7	105	210481a5	9	3	102
0180105001400400	0000000000000000	8	61	210091a5	9	0	61
0180107001200000	0000000000000000	8	28	21849203	9	0	28
0180107001200400	0000000000000000	9	35	21808325	9	0	35
0180107001600000	0000000000000000	9	45	21848125	9	0	45
0180107001600400	0000000000000000	10	21	21808127	9	0	21
0180113001200000	0000000000000000	8	3	210c9a01	9	0	3
0180113001200400	0000000000000000	9	4	21081a07	9	0	4
0180113001600000	0000000000000000	9	9	210c1807	9	0	9
0180113001600400	0000000000000000	10	2	21481807	9	0	2
0180117001200000	0000000000000000	9	27	210c0217	9	0	27
0180117001200400	0000000000000000	10	16	21009325	9	0	16
0180117001600000	0000000000000000	10	24	21049125	9	0	24
0180117001600400	0000000000000000	11	8	21088127	9	0	8
0182001040000000	0000000000000000	5	1	202c9881	9	0	1
0182001040008420	0000000000000000	8	1	20289a81	9	0	1
0182005040000000	0000000000000000	6	12	202c8283	9	0	12
0182005040008420	0000000000000000	9	10	20289283	9	0	10
0182007040000000	0000000000000000	7	2	20ac9101	9	0	2
0182007040008420	0000000000000000	10	2	20a89203	9	0	2
0182017040000000	0000000000000000	8	6	202c9007	9	0	6
0182017040008420	0000000000000000	11	1	20289125	9	0	1
0182021040000000	0000000000000000	6	2	20249a81	9	0	2
0182021040008420	0000000000000000	9	1	20609a81	9	0	1
0182025040000000	0000000000000000	7	6	202492c1	9	0	6
0182101041000000	0000000000000000	7	3	200c9a81	9	0	3
0182101041008420	0000000000000000	10	2	20498a81	9	0	2
0182105041000000	0000000000000000	8	10	200c9283	9	0	10
0182105041008420	0000000000000000	11	3	200883a5	9	0	3
0182105041400000	0000000000000000	9	1	200c81a5	9	0	1
0182107041200000	0000000000000000	10	1	20cd8201	9	0	1
0182107041208420	0000000000000000	13	1	20888325	9	0	1
0182107041600000	0000000000000000	11	1	208c8125	9	0	1
0182117041200000	0000000000000000	11	1	200c8325	9	0	1
0182117041208420	0000000000000000	14	1	20089325	9	0	1
0182121041000000	0000000000000000	8	3	20449a81	9	0	3
0182125041400000	0000000000000000	10	1	208481a5	9	0	1
0182801050000000	0000000000000000	7	1	202c1a81	9	0	1
018280105000a424	0000000000000000	12	6	20281a83	9	0	6
0182805050000000	0000000000000000	8	17	202c1087	9	0	17
018280505000a424	0000000000000000	13	18	202811a5	9	0	18
0182807050000000	0000000000000000	9	2	20ac1203	9	0	2
0182817050000000	0000000000000000	10	2	202c1207	9	0	2
018282105000a424	0000000000000000	13	1	20611a81	9	0	1
0182901051000000	0000000000000000	9	3	204c1a81	9	0	3
018290105100a424	0000000000000000	14	2	20491a81	9	0	2
0182905051000000	0000000000000000	10	8	200c1287	9	0	8
018290505100a424	0000000000000000	15	2	208803a5	9	0	2
01c0001c00040600	0000000000000000	9	1	21a89880	9	0	1
01c0003c00000000	0000000000000000	7	5	21ac1900	9	0	5
01c0003c00040600	0000000000000000	10	4	21a81b00	9	0	4
01c0005c00000000	0000000000000000	7	23	21a411c0	9	0	23
01c0005c00040600	0000000000000000	10	41	21a091c0	9	0	41
01c0007c00000000	0000000000000000	8	58	21a41340	9	0	58
01c0007c00040600	0000000000000000	11	74	21a09124	9	0	74
01c3005c60000000	0000000000000000	11	3	20ac90c0	9	0	3
01c3007c60000000	0000000000000000	12	5	20ac9140	9	0	5
01c3007c6004d632	0000000000000000	21	1	20a89124	9	0	1
01c3805c70000000	0000000000000000	13	1	20ac12c0	9	0	1
01c3807c70000000	0000000000000000	14	4	20ac1340	9	0	4
01c3807c7004f634	0000000000000000	24	1	20e91240	9	0	1
01c3807c7004f636	0000000000000000	25	1	20a81324	9	0	1
01e0043e00080000	0000000000000000	11	1	21ec8800	9	0	1
01e0045e00080000	0000000000000000	11	19	21ac0086	9	0	19
01e0045e000c0600	0000000000000000	14	8	21a801a4	9	0	8
01e0047e00080000	0000000000000000	12	24	21ac8006	9	0	24
01e0047e000c0600	0000000000000000	15	5	21a80324	9	0	5
0200000000000000	0000000000000000	1	2929	011091ac	9	148	2781
0204000000000000	0000000000000000	2	143	0094912c	9	1	142
0204000000010000	0000000000000000	3	37	0092912c	9	0	37
0204000000010040	0000000000000000	4	1	20989248	9	0	1
0204000000010042	0000000000000000	5	47	0098132c	9	0	47
020400000001004a	0000000000000000	6	5	009091ac	9	0	5
0204000000011000	0000000000000000	4	4	209a9202	9	0	4
0204000000011042	0000000000000000	6	10	00989324	9	0	10
0204800000000000	0000000000000000	3	7	209e1006	9	0	7
0204800000013000	0000000000000000	6	5	209a1016	9	0	5
0204800010000000	0000000000000000	4	19	209c1016	9	0	19
0204800010013046	0000000000000000	10	7	20981216	9	0	7
0214000000000000	0000000000000000	3	115	0016912c	9	0	115
0214000000010000	0000000000000000	4	39	001a912c	9	0	39
0214000000010042	0000000000000000	6	16	0018932c	9	0	16
021400000001004a	0000000000000000	7	1	2050912c	9	0	1
0214000000011000	0000000000000000	5	1	201a9016	9	0	1
0214000000011042	0000000000000000	7	3	201891a4	9	0	3
0214800000000000	0000000000000000	4	2	201e1016	9	0	2
0214800000013000	0000000000000000	7	3	201a1096	9	0	3
0214800010000000	0000000000000000	5	1	205d1280	9	0	1
0214800010013046	0000000000000000	11	1	201813a4	9	0	1
0220000000000000	0000000000000000	2	900	0112832c	9	37	863
0220000200000000	0000000000000000	3	1514	011481ac	9	91	1423
0224000000000000	0000000000000000	3	106	0096812c	9	1	105
0224000000010000	0000000000000000	4	66	009281ac	9	0	66
0224000000011000	0000000000000000	5	4	209a8016	9	0	4
0224000200000000	0000000000000000	4	186	0094812e	9	4	182
0224000200010040	0000000000000000	6	1	2098016c	9	0	1
0224000200010042	0000000000000000	7	55	0098812e	9	1	54
022400020001004a	0000000000000000	8	11	009083ac	9	0	11
0224000200011042	0000000000000000	8	10	00d88324	9	0	10
0224800000000000	0000000000000000	4	9	209e0016	9	0	9
0224800000013000	0000000000000000	7	3	209a0216	9	0	3
0224800210000000	0000000000000000	6	18	209c0096	9	0	18
0224800210013046	0000000000000000	12	4	20980326	9	0	4
0234000000000000	0000000000000000	4	75	001e812c	9	1	74
0234000000010000	0000000000000000	5	20	001a832c	9	0	20
0234000200000000	0000000000000000	5	47	001c81ac	9	0	47
0234000200010040	0000000000000000	7	1	2018816c	9	0	1
0234000200010042	0000000000000000	8	11	2018032e	9	0	11
0234000200011042	0000000000000000	9	2	201883a4	9	0	2
0234800000000000	0000000000000000	5	3	201e0096	9	0	3
0234800000013000	0000000000000000	8	2	201a0296	9	0	2
0234800210000000	0000000000000000	7	1	205c0096	9	0	1
0240080000000000	0000000000000000	3	7	21869088	9	0	7
0240080000000000	0000000000000001	4	8	01869288	9	0	8
0240080000040800	0000000000000000	5	11	218a108c	9	0	11
0240080000040800	0000000000000001	6	1	01c29288	9	0	1
02600c0000000000	0000000000000000	5	18	218e000e	9	0	18
02600c0000000000	0000000000000001	6	6	01c68188	9	0	6
02600c0000040800	0000000000000000	7	12	218a020e	9	0	12
02c0180400100000	0000000000000000	7	2	21869280	9	0	2
02c0180400100000	0000000000000001	8	2	018e9280	9	0	2
02c0180400140800	0000000000000000	9	4	218a1282	9	0	4
02c0180400300000	0000000000000000	8	4	218e1202	9	0	4
02c0180400300000	0000000000000001	9	2	01c69240	9	0	2
02c0180400340800	0000000000000000	10	5	218a1206	9	0	5
02c0180400500000	0000000000000000	8	4	218e1084	9	0	4
02c0180400500000	0000000000000001	9	3	01c69084	9	0	3
02c0180400700000	0000000000000000	9	2	218e9004	9	0	2
02c0180400700000	0000000000000001	10	1	01ce9004	9	0	1
02e01c0400100000	0000000000000000	9	5	218e0282	9	0	5
02e01c0400140800	0000000000000000	11	5	218a0286	9	0	5
02e01c0400300000	0000000000000000	10	4	218e8202	9	0	4
02e01c0400500000	0000000000000000	10	3	218e8082	9	0	3
02e01c0400700000	0000000000000000	11	2	21ce8002	9	0	2
02e01c0400700000	0000000000000001	12	1	01c68124	9	0	1
0340084800800000	0000000000000000	7	6	218c108a	9	0	6
0340084800840a01	0000000000000000	11	10	218810ac	9	0	10
0340086800800000	0000000000000000	8	13	218c100e	9	0	13
0340086800840a01	0000000000000000	12	8	2188120e	9	0	8
03600c0a00880000	0000000000000000	10	2	218c8888	9	0	2
03600c2a00880000	0000000000000000	11	1	21cc8808	9	0	1
03600c4a00880000	0000000000000000	11	22	218c008e	9	0	22
03600c4a008c0a01	0000000000000000	15	6	2188028e	9	0	6
03600c6a00880000	0000000000000000	12	19	218c020e	9	0	19
03600c6a008c0a01	0000000000000000	16	3	2188812c	9	0	3
03650c6a20880000	0000000000000000	15	1	208c812c	9	0	1
03c0181c01d00000	0000000000000000	13	1	21c49880	9	0	1
03c0183c01f00000	0000000000000000	15	1	21cc9800	9	0	1
03c0185c01900000	0000000000000000	13	9	218c1282	9	0	9
03c0185c01940e01	0000000000000000	18	12	21881286	9	0	12
03c0185c01d00000	0000000000000000	14	14	218c1086	9	0	14
03c0185c01d40e01	0000000000000000	19	8	218810a6	9	0	8
03c0187c01b00000	0000000000000000	15	12	218c1206	9	0	12
03c0187c01b40e01	0000000000000000	20	8	21881216	9	0	8
03c0187c01f00000	0000000000000000	16	8	218c1016	9	0	8
03c0187c01f40e01	0000000000000000	21	2	21889124	9	0	2
03e01c1e01980000	0000000000000000	16	1	218c8a80	9	0	1
03e01c1e01d80000	0000000000000000	17	1	21cc8880	9	0	1
03e01c3e01b80000	0000000000000000	18	1	21cc8a00	9	0	1
03e01c3e01f80000	0000000000000000	19	1	21cc8802	9	0	1
03e01c5e01980000	0000000000000000	17	16	218c0286	9	0	16
03e01c5e019c0e01	0000000000000000	22	7	218803a4	9	0	7
03e01c5e01d80000	0000000000000000	18	18	218481a4	9	0	18
03e01c5e01dc0e01	0000000000000000	23	4	218881a4	9	0	4
03e01c7e01b80000	0000000000000000	19	13	218c0216	9	0	13
03e01c7e01bc0e01	0000000000000000	24	3	21888324	9	0	3
03e01c7e01f80000	0000000000000000	20	12	218c8016	9	0	12
03e01c7e01fc0e01	0000000000000000	25	2	21888126	9	0	2
03e71c7e61b80000	0000000000000000	24	1	208c8324	9	0	1
0400000000000000	0000000000000000	1	386	210a401e	9	2	384
0400000000000000	0000000000000002	2	227	010a528c	9	1	226
0400008000000000	0000000000000000	2	469	2108409e	9	18	451
0400018000000000	0000000000000000	3	584	2108421e	9	19	565
0400400000000000	0000000000000000	2	149	2102528c	9	0	149
0400400000000000	0000000000000002	3	247	0106528c	9	1	246
0400408008000000	0000000000000000	4	170	2100d1a4	9	1	169
0400418008000000	0000000000000000	5	171	2120512c	9	1	170
0408000000000000	0000000000000000	2	13	202e408c	9	0	13
0408000000000000	0000000000000002	3	14	002e504c	9	0	14
0408000000020000	0000000000000000	3	21	202a500e	9	0	21
0408000000020000	0000000000000002	4	7	002a50cc	9	0	7
0408000080000000	0000000000000000	3	11	202e5024	9	0	11
0408000080000000	0000000000000002	4	5	002e50c4	9	0	5
0408000080020080	0000000000000000	5	12	202a5064	9	0	12
0408008100000000	0000000000000000	4	9	202c508a	9	0	9
0408008100020100	0000000000000000	6	7	202850ac	9	0	7
0408008180000000	0000000000000000	5	16	202c5086	9	0	16
0408008180020180	0000000000000000	8	8	202851a4	9	0	8
0408018100000000	0000000000000000	5	23	202c500e	9	0	23
0408018100020100	0000000000000000	7	13	2028512c	9	0	13
0408018180000000	0000000000000000	6	18	202c5016	9	0	18
0408018180020180	0000000000000000	9	7	20285324	9	0	7
0408400000000000	0000000000000000	3	4	202650c8	9	0	4
0408400000000000	0000000000000002	4	5	0026d0c8	9	0	5
0408400000020000	0000000000000000	4	1	20635208	9	0	1
0408400000020000	0000000000000002	5	1	0063520c	9	0	1
0408418108000000	0000000000000000	7	1	20655208	9	0	1
0418000000000000	0000000000000000	3	10	200e401e	9	0	10
0418000000020000	0000000000000000	4	4	200a528c	9	0	4
0418000080000000	0000000000000000	4	1	200e5284	9	0	1
0418008100000000	0000000000000000	5	4	200c528c	9	0	4
0418008180000000	0000000000000000	6	1	204c4096	9	0	1
0418018100000000	0000000000000000	6	3	200cc12c	9	0	3
0418018100020100	0000000000000000	8	1	2049520c	9	0	1
0440200000000000	0000000000000000	3	13	212e1008	8	1	12
0440200000000000	0000000000000003	5	51	012e102c	9	0	51
0440200000040000	0000000000000000	4	54	212a100e	9	0	54
0440200000040000	0000000000000003	6	60	012a106c	9	1	59
0440600000000000	0000000000000000	4	19	2126108a	9	0	19
0440600000000000	0000000000000003	6	67	0126106c	9	1	66
0440600000040000	0000000000000000	5	14	212212c8	9	0	14
0440600000040000	0000000000000003	7	38	0122132c	9	0	38
0449200000000000	0000000000000000	5	19	202e102c	9	0	19
0449200000000000	0000000000000003	7	10	002e12c8	9	0	10
0449200000064000	0000000000000000	8	13	202a10ac	9	0	13
0449200000064000	0000000000000003	10	1	006b1248	9	0	1
0449600000000000	0000000000000003	8	1	00671248	9	0	1
0460240000000000	0000000000000000	5	20	212e000e	9	0	20
0460240000000000	0000000000000003	7	2	016e8088	9	0	2
0460240000040000	0000000000000000	6	11	212a001e	9	0	11
04c0200402000000	0000000000000000	6	40	212e1006	9	0	40
04c0200402000000	0000000000000003	8	57	012e1064	9	1	56
04c0200402040000	0000000000000000	7	76	212a1016	9	0	76
04c0200402040000	0000000000000003	9	47	012a1324	9	0	47
04c0600402000000	0000000000000000	7	12	212612c0	9	0	12
04c0600402000000	0000000000000003	9	39	01269124	9	0	39
04c0600402040000	0000000000000000	8	4	216212c0	9	0	4
04c0600402040000	0000000000000003	10	13	01229324	9	0	13
04cb200482000000	0000000000000000	10	1	202e90c0	9	0	1
04cba00482000000	0000000000000000	11	2	202e12c0	9	0	2
04e0240402000000	0000000000000000	8	5	212e8082	9	0	5
0540208804000000	0000000000000000	7	1	212c1888	9	0	1
0540208804040200	0000000000000000	9	7	2128188a	9	0	7
054020c804000000	0000000000000000	8	11	212c1088	8	1	10
054020c804040200	0000000000000000	10	37	2128108e	9	0	37
054021a804000000	0000000000000000	9	8	212c180a	9	0	8
054021a804040200	0000000000000000	11	16	2128180e	9	0	16
054021e804000000	0000000000000000	10	49	212c100c	8	5	44
054021e804040200	0000000000000000	12	75	2128101e	9	0	75
054060880c000000	0000000000000000	9	1	21249888	9	0	1
054060c80c000000	0000000000000000	10	14	212412c8	9	0	14
054060c80c040200	0000000000000000	12	4	216090c8	9	0	4
054061a80c000000	0000000000000000	11	2	21641848	9	0	2
054061e80c000000	0000000000000000	12	15	21249248	9	0	15
054061e80c040200	0000000000000000	14	5	2120912c	9	0	5
054920c924000000	0000000000000000	12	9	202c128c	9	0	9
054921e924000000	0000000000000000	14	11	202c124c	9	0	11
054921e924064310	0000000000000000	20	1	20691248	9	0	1
054921e924064312	0000000000000000	21	4	2028132c	9	0	4
0560248a04080000	0000000000000000	11	1	212c8888	9	0	1
056024ca04080000	0000000000000000	12	17	212c008e	9	0	17
056024ca040c0200	0000000000000000	14	1	21690288	9	0	1
056025aa04080000	0000000000000000	13	1	216c8808	9	0	1
056025ea04080000	0000000000000000	14	11	212c001e	9	0	11
056025ea040c0200	0000000000000000	16	2	2128812c	9	0	2
05c0209c06000000	0000000000000000	11	7	212c1882	9	0	7
05c0209c06040600	0000000000000000	14	5	21281b80	9	0	5
05c020dc06000000	0000000000000000	12	44	212c1086	9	2	42
05c020dc06040600	0000000000000000	15	76	21281096	9	0	76
05c021bc06000000	0000000000000000	13	9	212c1902	9	0	9
05c021bc06040600	0000000000000000	16	4	21681844	9	0	4
05c021fc06000000	0000000000000000	14	90	212c1016	9	1	89
05c021fc06040600	0000000000000000	17	94	21281056	9	0	94
05c0609c0e000000	0000000000000000	13	1	21649880	9	0	1
05c060dc0e000000	0000000000000000	14	22	212490c4	9	0	22
05c060dc0e040600	0000000000000000	17	7	212091a4	9	0	7
05c061bc0e000000	0000000000000000	15	1	21649840	9	0	1
05c061fc0e000000	0000000000000000	16	13	21249124	9	0	13
05c061fc0e040600	0000000000000000	19	4	21609124	9	0	4
05cb20dde6000000	0000000000000000	19	2	202c92c0	9	0	2
05cb20dde606d7b2	0000000000000000	31	1	202891a4	9	0	1
05cb21fde6000000	0000000000000000	21	2	202c9124	9	0	2
05cb21fde606d7b2	0000000000000000	33	2	20289324	9	0	2
05cba0ddf6000000	0000000000000000	21	1	206d1280	9	0	1
05cba0ddf606f7b6	0000000000000000	35	1	202813a4	9	0	1
05cba1fdf6000000	0000000000000000	23	2	206d1204	9	0	2
05cba1fdf606f7b6	0000000000000000	37	1	20291324	9	0	1
05e0249e06080000	0000000000000000	15	1	216c8880	9	0	1
05e024de06080000	0000000000000000	16	17	212c0096	9	0	17
05e024de060c0600	0000000000000000	19	5	212803a4	9	0	5
05e025fe06080000	0000000000000000	18	3	212c8124	9	0	3
05e025fe060c0600	0000000000000000	21	1	21688124	9	0	1
0640280000000000	0000000000000000	5	19	210e100e	9	0	19
0640280000000000	0000000000000003	7	5	010e9288	9	0	5
0640280000040800	0000000000000000	7	24	210a101e	9	0	24
0640680000000000	0000000000000000	6	2	21069288	9	0	2
0640680000000000	0000000000000003	8	2	01469288	9	0	2
06602c0000000000	0000000000000000	7	27	210e001e	9	0	27
06602c0000040800	0000000000000000	9	12	210a009e	9	0	12
06606c0000000000	0000000000000000	8	1	21468888	9	0	1
06c0380402100000	0000000000000000	10	4	210e1282	9	0	4
06c0380402140800	0000000000000000	12	4	210a1286	9	0	4
06c0380402300000	0000000000000000	11	5	210e1206	9	0	5
06c0380402340800	0000000000000000	13	2	210a1216	9	0	2
06c0380402500000	0000000000000000	11	4	210e1086	9	0	4
06c0380402540800	0000000000000000	13	2	210a1096	9	0	2
06c0380402700000	0000000000000000	12	2	210e1016	9	0	2
06e03c0402100000	0000000000000000	12	5	210e0286	9	0	5
06e03c0402140800	0000000000000000	14	1	210a0296	9	0	1
06e03c0402300000	0000000000000000	13	1	210e0216	9	0	1
06e03c0402500000	0000000000000000	13	3	210e0096	9	0	3
06e03c0402540800	0000000000000000	15	1	214a0096	9	0	1
06e03c0402700000	0000000000000000	14	1	214e0016	9	0	1
0740288804800000	0000000000000000	10	1	210c1a88	9	0	1
074028c804800000	0000000000000000	11	17	210c108e	9	0	17
074028c804840a01	0000000000000000	15	11	2108109e	9	0	11
074029a804800000	0000000000000000	12	1	214c9808	9	0	1
074029e804800000	0000000000000000	13	14	210c101e	9	0	14
074029e804840a01	0000000000000000	17	6	2109120e	9	0	6
07602c8a04880000	0000000000000000	14	1	214c8888	9	0	1
07602cca04880000	0000000000000000	15	14	210c009e	9	0	14
07602cca048c0a01	0000000000000000	19	2	2148009e	9	0	2
07602dea04880000	0000000000000000	17	6	210c812c	9	0	6
07602dea048c0a01	0000000000000000	21	1	2149020e	9	0	1
07c0389c07d00000	0000000000000000	18	1	214c9880	9	0	1
07c038dc07900000	0000000000000000	18	15	210c1286	9	0	15
07c038dc07940e01	0000000000000000	23	10	21081296	9	0	10
07c038dc07d00000	0000000000000000	19	11	210c1096	9	0	11
07c038dc07d40e01	0000000000000000	24	3	210891a4	9	0	3
07c039fc07b00000	0000000000000000	21	7	210c1216	9	0	7
07c039fc07b40e01	0000000000000000	26	2	21089324	9	0	2
07c039fc07f00000	0000000000000000	22	3	210c9016	9	0	3
07c039fc07f40e01	0000000000000000	27	1	21489124	9	0	1
07e03cde07980000	0000000000000000	22	9	210c0296	9	0	9
07e03cde079c0e01	0000000000000000	27	3	210883a4	9	0	3
07e03cde07d80000	0000000000000000	23	5	210c8096	9	0	5
07e03cde07dc0e01	0000000000000000	28	3	21488096	9	0	3
07e03dfe07b80000	0000000000000000	25	1	214d0206	9	0	1
07e03dfe07bc0e01	0000000000000000	30	1	21488324	9	0	1
07e03dfe07f80000	0000000000000000	26	2	214c8016	9	0	2
0800000000000000	0000000000000000	1	392	0ba0100e	9	22	370
0800000000000000	0000000000000001	2	1124	03a0101e	9	90	1034
0800000000080000	0000000000000000	2	302	0ba008c8	9	4	298
0800000000800000	0000000000000000	2	41	0b84108c	9	1	40
0800000000800001	0000000000000000	3	46	0b80904c	9	0	46
0800000000880000	0000000000000000	3	78	0b84088a	9	2	76
0800000000880001	0000000000000000	4	32	0b80812c	9	0	32
0800000001900000	0000000000000000	4	4	0b841a80	9	0	4
0800000001900001	0000000000000000	5	4	0b8092c0	9	0	4
0800000001980000	0000000000000000	5	8	0b8482c0	9	0	8
0800000001980001	0000000000000000	6	1	0bc08a80	9	0	1
0800000001b00000	0000000000000000	5	16	0b841a40	9	0	16
0800000001b00001	0000000000000000	6	12	0b889202	9	0	12
0800000001b80000	0000000000000000	6	17	0b848320	9	0	17
0800000001b80001	0000000000000000	7	7	0b808324	9	0	7
0800000001d00000	0000000000000000	5	17	0b841884	9	0	17
0800000001d00001	0000000000000000	6	12	0b8098c0	9	0	12
0800000001d80000	0000000000000000	6	38	0b8480c2	9	2	36
0800000001d80001	0000000000000000	7	9	0b8081a4	9	0	9
0800000001f00000	0000000000000000	6	41	0b849006	9	1	40
0800000001f00001	0000000000000000	7	19	0b809124	9	0	19
0800000001f80000	0000000000000000	7	52	0b848124	9	3	49
0800000001f80001	0000000000000000	8	10	0b888124	9	0	10
0800000020000000	0000000000000000	2	53	0aa41048	8	1	52
0800000020000010	0000000000000000	3	11	0aa8104a	9	0	11
0800000020000012	0000000000000000	4	28	0aa8100e	9	0	28
0800000020000018	0000000000000000	4	31	0aa0104e	9	0	31
080000002000001a	0000000000000000	5	18	0aa0120e	9	0	18
0800000020080000	0000000000000000	3	25	0aa480c8	9	0	25
0800000020080010	0000000000000000	4	1	0ae88048	9	0	1
0800000020800000	0000000000000000	3	9	0a849188	9	0	9
080000002080005b	0000000000000000	8	1	0a80912c	9	0	1
0800000020880000	0000000000000000	4	12	0a84812c	9	0	12
080000002088005b	0000000000000000	9	1	0ac0812c	9	0	1
0800000060000000	0000000000000000	3	31	0aa49042	9	0	31
0800000060000030	0000000000000000	5	7	0aa89042	9	0	7
0800000060000032	0000000000000000	6	7	0aa89204	9	0	7
0800000060000038	0000000000000000	6	16	0aa09046	9	0	16
080000006000003a	0000000000000000	7	2	0aa09124	9	0	2
0800000060080000	0000000000000000	4	14	0aac80c0	9	0	14
0800000060080030	0000000000000000	6	1	0ae88840	9	0	1
0800000061d00000	0000000000000000	7	1	0ac49880	9	0	1
0800000061d80000	0000000000000000	8	3	0ac488c0	9	0	3
0800000061f00000	0000000000000000	8	1	0acc9800	9	0	1
0800000061f80000	0000000000000000	9	2	0ac48124	9	0	2
0800000070000000	0000000000000000	4	49	0aa41046	9	0	49
0800000070000034	0000000000000000	7	22	0aa81046	9	0	22
0800000070000036	0000000000000000	8	3	0aa81206	9	0	3
080000007000003c	0000000000000000	8	10	0aa01246	9	0	10
080000007000003e	0000000000000000	9	1	0aa01216	9	0	1
0800000070080000	0000000000000000	5	6	0aec0042	9	0	6
0800040000080000	0000000000000001	4	369	03a08126	9	9	360
0800080000800000	0000000000000001	4	51	0384900e	9	2	49
0800080000800801	0000000000000001	6	62	0380908e	9	1	61
08000c0000880000	0000000000000001	6	64	0384812c	9	2	62
08000c0000880801	0000000000000001	8	25	0380812e	9	0	25
0800180001900000	0000000000000001	7	12	03849282	9	0	12
0800180001900801	0000000000000001	9	13	03809286	9	0	13
0800180001b00000	0000000000000001	8	25	03849206	9	1	24
0800180001b00801	0000000000000001	10	21	03809324	9	0	21
0800180001d00000	0000000000000001	8	34	03849086	9	1	33
0800180001d00801	0000000000000001	10	19	038091a4	9	0	19
0800180001f00000	0000000000000001	9	45	03849124	9	3	42
0800180001f00801	0000000000000001	11	17	03809126	9	0	17
08001c0001980000	0000000000000001	9	10	038483a0	9	0	10
08001c0001980801	0000000000000001	11	2	038083a4	9	0	2
08001c0001b80000	0000000000000001	10	21	03848324	9	0	21
08001c0001b80801	0000000000000001	12	9	03808326	9	0	9
08001c0001d80000	0000000000000001	10	35	038481a4	9	2	33
08001c0001d80801	0000000000000001	12	4	038881a4	9	0	4
08001c0001f80000	0000000000000001	11	43	03848126	9	1	42
08001c0001f80801	0000000000000001	13	10	03888126	9	1	9
0801000020000000	0000000000000001	4	75	02a4120e	9	0	75
0801000020004010	0000000000000001	6	9	02a8124c	9	0	9
0801000020004012	0000000000000001	7	24	02a8112c	9	0	24
0801000020004018	0000000000000001	7	12	02a0124e	9	0	12
080100002000401a	0000000000000001	8	25	02a0121e	9	0	25
0801040020080000	0000000000000001	6	9	02a4812c	9	0	9
0801040020084012	0000000000000001	9	1	02a8812c	9	0	1
080104002008401a	0000000000000001	10	1	02e0812c	9	0	1
0803000060000000	0000000000000001	6	75	02a490c2	9	0	75
080300006000d030	0000000000000001	11	10	02a89244	9	0	10
080300006000d032	0000000000000001	12	13	02a89124	9	0	13
080300006000d038	0000000000000001	12	7	02a09164	9	0	7
080300006000d03a	0000000000000001	13	18	02a09126	9	0	18
0803040060080000	0000000000000001	8	7	02ac8124	9	0	7
080304006008d032	0000000000000001	14	1	02e88124	9	0	1
080304006008d03a	0000000000000001	15	2	02e08324	9	0	2
0803800070000000	0000000000000001	8	43	02a41216	9	0	43
080380007000f034	0000000000000001	15	6	02a81246	9	0	6
080380007000f036	0000000000000001	16	9	02a81216	9	0	9
080380007000f03c	0000000000000001	16	4	02a01256	9	0	4
080380007000f03e	0000000000000001	17	5	02a01296	9	0	5
0805080020800000	0000000000000001	7	6	0284912c	9	0	6
0805080020814853	0000000000000001	14	1	0288912c	9	0	1
080508002081485b	0000000000000001	15	2	0280932c	9	0	2
08050c0020880000	0000000000000001	9	7	028481ac	9	0	7
08050c0020894853	0000000000000001	16	2	0288832c	9	0	2
08050c002089485b	0000000000000001	17	3	02c081ac	9	0	3
0807180061b1d87b	0000000000000001	24	1	02c09324	9	0	1
0807180061f00000	0000000000000001	14	1	02c49124	9	0	1
0807180061f1d873	0000000000000001	24	1	02c89124	9	0	1
08071c0061b80000	0000000000000001	15	1	02c48324	9	0	1
08071c0061b9d873	0000000000000001	25	1	02c88324	9	0	1
08071c0061b9d87b	0000000000000001	26	2	02c08326	9	0	2
08071c0061d80000	0000000000000001	15	1	02c481a4	9	0	1
08071c0061f80000	0000000000000001	16	3	02c48924	9	0	3
1000000000000000	0000000000000000	1	624	0b08420e	9	31	593
1000000000000000	0000000000000002	2	815	0308508e	9	53	762
1000000008000000	0000000000000000	2	945	0b00508e	9	64	881
1000000100000000	0000000000000000	2	65	0a0c488c	9	1	64
1000000100000100	0000000000000000	3	61	0a28500c	8	2	59
1000000108000000	0000000000000000	3	93	0a04588c	9	5	88
1000000108000100	0000000000000000	4	88	0a00d12c	9	1	87
1000000180000000	0000000000000000	3	75	0a0c5884	9	2	73
1000000180000180	0000000000000000	5	82	0a285016	9	2	80
1000000188000000	0000000000000000	4	102	0a04d884	9	3	99
1000000188000180	0000000000000000	6	73	0a2050c6	9	0	73
1000008000000000	0000000000000000	2	172	0908528c	9	1	171
1000008008000000	0000000000000000	3	199	0900d88c	9	5	194
1000008100000000	0000000000000000	3	20	080c528c	9	0	20
1000008100000100	0000000000000000	4	8	082850cc	9	0	8
1000008108000000	0000000000000000	4	20	082450ca	9	0	20
1000008180000000	0000000000000000	4	8	082c50c4	9	0	8
1000008180000180	0000000000000000	6	3	086850c4	9	0	3
1000008188000000	0000000000000000	5	8	0824d0c4	9	0	8
1000018000000000	0000000000000000	3	356	09085a0c	9	14	342
1000018008000000	0000000000000000	4	322	09045a0c	9	14	308
1000400008000000	0000000000000002	4	1200	03005296	9	111	1089
1008000100000000	0000000000000002	4	42	022c500e	9	0	42
1008000100020100	0000000000000002	6	49	0228504e	9	0	49
1008000180000000	0000000000000002	5	79	022c5016	9	0	79
1008000180020180	0000000000000002	8	79	02285096	9	0	79
1008400108000000	0000000000000002	6	62	0224504e	9	0	62
1008400108020100	0000000000000002	8	42	0220521e	9	0	42
1008400188000000	0000000000000002	7	82	02245096	9	0	82
1008400188020180	0000000000000002	10	51	02205296	9	0	51
1018000100000000	0000000000000002	5	3	020cc12c	9	0	3
1018000180000000	0000000000000002	6	2	024cc124	9	0	2
1018400108000000	0000000000000002	7	5	0204c1ac	9	0	5
1018400108020100	0000000000000002	9	3	0200d32c	9	0	3
1018400188000000	0000000000000002	8	3	0244c1a4	9	0	3
1018400188020180	0000000000000002	11	2	0240d324	9	0	2
1400008000000000	0000000000000002	4	174	010c528c	9	4	170
1400018000000000	0000000000000002	5	303	010cd20c	9	11	292
1400408008000000	0000000000000002	6	184	0120d0cc	9	2	182
1400418008000000	0000000000000002	7	236	0120532c	9	4	232
1408008100000000	0000000000000002	6	2	002cd0c8	9	0	2
1408008180000000	0000000000000002	7	3	006c50c4	9	0	3
1800000004000000	0000000000000000	3	88	0b28100c	8	10	78
1800000004080000	0000000000000000	4	89	0b28088a	9	3	86
1800000004800000	0000000000000000	4	31	0b0c100e	9	0	31
1800000004800001	0000000000000000	5	24	0b08120e	9	0	24
1800000004880000	0000000000000000	5	48	0b0c088a	9	3	45
1800000004880001	0000000000000000	6	7	0b08812c	9	0	7
1800000006000000	0000000000000000	4	256	0b281016	9	20	236
1800000006080000	0000000000000000	5	88	0b288124	9	2	86
1800000007900000	0000000000000000	7	4	0b0c1284	9	0	4
1800000007900001	0000000000000000	8	1	0b489280	9	0	1
1800000007980000	0000000000000000	8	3	0b0c8a80	9	0	3
1800000007b00000	0000000000000000	8	8	0b0c1206	9	0	8
1800000007b00001	0000000000000000	9	2	0b489204	9	0	2
1800000007b80000	0000000000000000	9	3	0b4c8a00	9	0	3
1800000007b80001	0000000000000000	10	1	0b488320	9	0	1
1800000007d00000	0000000000000000	8	7	0b0c1882	9	0	7
1800000007d00001	0000000000000000	9	2	0b489084	9	0	2
1800000007d80000	0000000000000000	9	11	0b0c8882	9	0	11
1800000007f00000	0000000000000000	9	13	0b0c1806	9	0	13
1800000007f00001	0000000000000000	10	1	0b489804	9	0	1
1800000007f80000	0000000000000000	10	9	0b4c8120	9	1	8
1800000007f80001	0000000000000000	11	1	0b488124	9	0	1
180000000c000000	0000000000000000	4	255	0b20101e	9	22	233
180000000c080000	0000000000000000	5	55	0b20812c	9	2	53
180000000c800000	0000000000000000	5	47	0b04128c	9	2	45
180000000c800001	0000000000000000	6	13	0b00912c	9	0	13
180000000c880000	0000000000000000	6	34	0b04812c	9	3	31
180000000c880001	0000000000000000	7	2	0b40812c	9	0	2
180000000e000000	0000000000000000	5	425	0b201056	9	30	395
180000000e080000	0000000000000000	6	44	0b208324	9	1	43
180000000f900000	0000000000000000	8	4	0b049284	9	0	4
180000000f900001	0000000000000000	9	1	0b409a80	9	0	1
180000000f980000	0000000000000000	9	1	0b448a80	9	0	1
180000000fb00000	0000000000000000	9	6	0b441a04	9	0	6
180000000fb00001	0000000000000000	10	2	0b009324	9	0	2
180000000fb80000	0000000000000000	10	3	0b448320	9	0	3
180000000fb80001	0000000000000000	11	1	0b408324	9	0	1
180000000fd00000	0000000000000000	9	12	0b049882	9	0	12
180000000fd00001	0000000000000000	10	2	0b409884	9	0	2
180000000fd80000	0000000000000000	10	9	0b4481a0	9	1	8
180000000fd80001	0000000000000000	11	1	0b4081a4	9	0	1
180000000ff00000	0000000000000000	10	12	0b049124	9	1	11
180000000ff00001	0000000000000000	11	1	0b409124	9	0	1
180000000ff80000	0000000000000000	11	3	0b448124	9	0	3
180000000ff80001	0000000000000000	12	2	0b408924	9	0	2
1800000124000000	0000000000000000	5	60	0a2c100c	8	4	56
1800000124000110	0000000000000000	7	29	0a28104e	9	0	29
1800000124000112	0000000000000000	8	38	0a28112c	9	0	38
1800000124080000	0000000000000000	6	17	0a2c088a	9	0	17
1800000124800000	0000000000000000	6	3	0a0c9888	9	0	3
1800000124880000	0000000000000000	7	2	0a4c8888	9	0	2
180000012c000000	0000000000000000	6	96	0a24104e	9	2	94
180000012c000118	0000000000000000	9	14	0a20124e	9	0	14
180000012c00011a	0000000000000000	10	13	0a20132c	9	0	13
180000012c080000	0000000000000000	7	6	0a24812c	9	0	6
180000012c800000	0000000000000000	7	2	0a04912c	9	0	2
180000012c880000	0000000000000000	8	2	0a44812c	9	0	2
18000001e6000000	0000000000000000	8	21	0a2c9042	9	0	21
18000001e60001b0	0000000000000000	12	7	0a289244	9	0	7
18000001e60001b2	0000000000000000	13	4	0a289124	9	0	4
18000001e6080000	0000000000000000	9	4	0a6c80c0	9	0	4
18000001ee000000	0000000000000000	9	23	0a2490c4	9	0	23
18000001ee0001b8	0000000000000000	14	1	0a209164	9	0	1
18000001ee0001ba	0000000000000000	15	2	0a209324	9	0	2
18000001ee080000	0000000000000000	10	1	0a6488c0	9	0	1
18000001f6000000	0000000000000000	9	35	0a2c1046	9	0	35
18000001f60001b4	0000000000000000	14	9	0a281246	9	0	9
18000001f60001b6	0000000000000000	15	6	0a281216	9	0	6
18000001fe000000	0000000000000000	10	17	0a241246	9	0	17
18000001fe0001bc	0000000000000000	16	1	0a611244	9	0	1
1800200004000000	0000000000000003	6	251	0328101e	9	20	231
1800200006000000	0000000000000003	7	549	03281036	9	56	493
1800240004080000	0000000000000003	8	53	0328812c	9	2	51
1800240006080000	0000000000000003	9	56	03288126	9	2	54
1800280004800000	0000000000000003	8	17	030c908a	9	0	17
1800280004800801	0000000000000003	10	7	0308912c	9	0	7
18002c0004880000	0000000000000003	10	14	030c812c	9	0	14
18002c0004880801	0000000000000003	12	4	030881ac	9	0	4
1800380007900000	0000000000000003	12	4	030c1286	9	0	4
1800380007900801	0000000000000003	14	2	03481286	9	0	2
1800380007b00000	0000000000000003	13	7	030c9206	9	0	7
1800380007b00801	0000000000000003	15	3	03089324	9	0	3
1800380007d00000	0000000000000003	13	8	030c9086	9	0	8
1800380007d00801	0000000000000003	15	1	030891a4	9	0	1
1800380007f00000	0000000000000003	14	9	030c9124	9	0	9
1800380007f00801	0000000000000003	16	1	03489124	9	0	1
18003c0007980000	0000000000000003	14	1	034c8a80	9	0	1
18003c0007b80000	0000000000000003	15	2	030c8324	9	0	2
18003c0007b80801	0000000000000003	17	2	03488324	9	0	2
18003c0007d80000	0000000000000003	15	5	030c81a4	9	0	5
18003c0007d80801	0000000000000003	17	1	034881a4	9	0	1
18003c0007f80000	0000000000000003	16	1	034c8124	9	0	1
18003c0007f80801	0000000000000003	18	3	03488126	9	0	3
180060000c000000	0000000000000003	8	434	0320109e	9	30	404
180060000e000000	0000000000000003	9	645	032010d6	9	54	591
180064000c080000	0000000000000003	10	36	0320812e	9	1	35
180064000e080000	0000000000000003	11	37	03208326	9	1	36
180068000c800000	0000000000000003	10	22	0304912c	9	1	21
180068000c800801	0000000000000003	12	11	030091ac	9	0	11
18006c000c880000	0000000000000003	12	15	030481ac	9	0	15
18006c000c880801	0000000000000003	14	7	030083ac	9	0	7
180078000f900000	0000000000000003	14	5	03449284	9	0	5
180078000f900801	0000000000000003	16	2	030093a4	9	0	2
180078000fb00000	0000000000000003	15	7	03049324	9	0	7
180078000fb00801	0000000000000003	17	3	03009326	9	0	3
180078000fd00000	0000000000000003	15	9	030491a4	9	0	9
180078000fd00801	0000000000000003	17	1	034091a4	9	0	1
180078000ff00000	0000000000000003	16	2	03449124	9	0	2
180078000ff00801	0000000000000003	18	6	03409124	8	1	5
18007c000f980000	0000000000000003	16	1	034483a0	9	0	1
18007c000f980801	0000000000000003	18	1	034083a4	9	0	1
18007c000fb80000	0000000000000003	17	3	03448324	9	0	3
18007c000fb80801	0000000000000003	19	3	03408326	9	0	3
18007c000fd80000	0000000000000003	17	2	034481a4	9	0	2
18007c000fd80801	0000000000000003	19	3	034081a6	9	0	3
18007c000ff80000	0000000000000003	18	6	03448124	8	1	5
18007c000ff80801	0000000000000003	20	1	03418924	9	0	1
1809200124000000	0000000000000003	10	52	022c10cc	9	0	52
1809200124024110	0000000000000003	14	8	0228124e	9	0	8
1809200124024112	0000000000000003	15	15	0228121e	9	0	15
1809240124080000	0000000000000003	12	2	022c812c	9	0	2
18092401240a4112	0000000000000003	17	1	0268812c	9	0	1
180960012c000000	0000000000000003	12	36	022490cc	9	0	36
180960012c024118	0000000000000003	17	2	0220916c	9	0	2
180960012c02411a	0000000000000003	18	12	0220912e	9	0	12
180964012c080000	0000000000000003	14	1	0264812c	9	0	1
180964012c0a411a	0000000000000003	20	2	0260832c	9	0	2
180b2001e6000000	0000000000000003	14	35	022c90c4	9	0	35
180b2001e602d1b0	0000000000000003	22	3	02289164	9	0	3
180b2001e602d1b2	0000000000000003	23	9	02289126	9	0	9
180b2401e6080000	0000000000000003	16	1	026c8124	9	0	1
180b6001ee000000	0000000000000003	16	19	02249164	9	0	19
180b6001ee02d1b8	0000000000000003	25	2	02209364	9	0	2
180b6001ee02d1ba	0000000000000003	26	12	02209326	9	0	12
180b6401ee0ad1ba	0000000000000003	28	1	02618324	9	0	1
180ba001f6000000	0000000000000003	16	20	022c1216	9	0	20
180ba001f602f1b4	0000000000000003	26	2	02681246	9	0	2
180ba001f602f1b6	0000000000000003	27	5	02291324	9	0	5
180be001fe000000	0000000000000003	18	4	02651206	9	0	4
180be001fe02f1be	0000000000000003	30	4	02611216	9	0	4
181d2c0124880000	0000000000000003	16	1	024c812c	9	0	1
181d68012c800000	0000000000000003	16	1	0244912c	9	0	1
181d68012c83495b	0000000000000003	26	1	0240932c	9	0	1
181d6c012c880000	0000000000000003	18	2	024481ac	9	0	2
181d6c012c8b495b	0000000000000003	28	1	0241832c	9	0	1
181f7801efb00000	0000000000000003	24	1	02449324	9	0	1
2000000000000000	0000000000000000	1	142	09001a8b	9	5	137
2000001000000000	0000000000000000	2	27	09241881	8	1	26
2000001000000400	0000000000000000	3	53	092018c5	9	0	53
2000001001000000	0000000000000000	3	26	09041a83	9	0	26
2000001001000400	0000000000000000	4	34	09009a83	9	0	34
2000001001400000	0000000000000000	4	58	09049883	9	2	56
2000001001400400	0000000000000000	5	28	09089885	9	0	28
2000002000000000	0000000000000000	2	63	09809849	9	0	63
2000003000000000	0000000000000000	3	10	09a41841	9	0	10
2000003000000400	0000000000000000	4	11	09a01a41	9	0	11
2000003001200000	0000000000000000	5	6	09848a41	9	0	6
2000003001200400	0000000000000000	6	4	09889a01	9	0	4
2000003001600000	0000000000000000	6	24	09849803	9	1	23
2000003001600400	0000000000000000	7	8	09808925	9	0	8
2000004000000000	0000000000000000	2	303	0900109f	9	14	289
2000005000000000	0000000000000000	3	86	09241087	9	5	81
2000005000000400	0000000000000000	4	128	092011a5	9	2	126
2000005001000000	0000000000000000	4	32	09049283	9	0	32
2000005001000400	0000000000000000	5	18	090083a5	9	0	18
2000005001400000	0000000000000000	5	48	090481a5	9	1	47
2000005001400400	0000000000000000	6	11	090091a5	9	0	11
2000006000000000	0000000000000000	3	219	0980101f	9	4	215
2000007000000000	0000000000000000	4	54	09a41041	8	1	53
2000007000000400	0000000000000000	5	54	09a01047	9	0	54
2000007001200000	0000000000000000	6	18	09848321	9	0	18
2000007001200400	0000000000000000	7	9	09808325	9	0	9
2000007001600000	0000000000000000	7	29	09848125	9	0	29
2000007001600400	0000000000000000	8	8	09808127	9	0	8
2000012000000000	0000000000000000	3	155	09009a0d	9	6	149
2000013000000000	0000000000000000	4	35	09241845	9	0	35
2000013000000400	0000000000000000	5	28	09209a41	9	0	28
2000013001200000	0000000000000000	6	8	090c1a05	9	0	8
2000013001200400	0000000000000000	7	5	09409a05	9	0	5
2000013001600000	0000000000000000	7	17	090c9805	9	1	16
2000013001600400	0000000000000000	8	2	09408925	9	0	2
2000016000000000	0000000000000000	4	323	0900121f	9	18	305
2000017000000000	0000000000000000	5	84	09241047	9	4	80
2000017000000400	0000000000000000	6	55	09209125	9	0	55
2000017001200000	0000000000000000	7	8	09048325	9	0	8
2000017001200400	0000000000000000	8	5	09009325	9	0	5
2000017001600000	0000000000000000	8	5	09049125	9	0	5
2000017001600400	0000000000000000	9	3	09089125	9	0	3
2100000000000000	0000000000000000	2	175	01009a8b	9	3	172
2100002000000000	0000000000000000	3	52	0180892d	9	0	52
2100004000000000	0000000000000000	3	569	010010bf	9	23	546
2100006000000000	0000000000000000	4	365	0180103f	9	6	359
2100012000000000	0000000000000000	4	108	010c980d	9	0	108
2100016000000000	0000000000000000	5	411	0100813f	9	16	395
2180001000000000	0000000000000000	4	57	01241887	9	1	56
2180001000000400	0000000000000000	5	99	01201a87	9	2	97
2180003000000000	0000000000000000	5	15	01a49803	9	0	15
2180003000000400	0000000000000000	6	19	01a09a41	9	0	19
2180005000000000	0000000000000000	5	229	01241097	9	15	214
2180005000000400	0000000000000000	6	303	01201297	9	10	293
2180007000000000	0000000000000000	6	129	01a41047	9	6	123
2180007000000400	0000000000000000	7	147	01a01247	9	1	146
2180013000000000	0000000000000000	6	29	01249a05	9	0	29
2180013000000400	0000000000000000	7	28	01209925	9	0	28
2180017000000000	0000000000000000	7	140	01241325	9	4	136
2180017000000400	0000000000000000	8	105	01209125	8	1	104
2180101001000000	0000000000000000	6	36	01049a83	9	1	35
2180101001000400	0000000000000000	7	39	01008ba5	9	1	38
2180101001400000	0000000000000000	7	35	010c9885	9	2	33
2180101001400400	0000000000000000	8	16	014089a5	9	0	16
2180103001200000	0000000000000000	8	6	01c48a03	9	0	6
2180103001200400	0000000000000000	9	5	01808b25	9	0	5
2180103001600000	0000000000000000	9	16	01848925	9	0	16
2180103001600400	0000000000000000	10	6	01809925	9	0	6
2180105001000000	0000000000000000	7	72	010483a5	9	4	68
2180105001000400	0000000000000000	8	44	010093a5	9	0	44
2180105001400000	0000000000000000	8	66	010491a5	9	2	64
2180105001400400	0000000000000000	9	18	010891a5	9	0	18
2180107001200000	0000000000000000	9	32	01848325	9	0	32
2180107001200400	0000000000000000	10	18	01808327	9	0	18
2180107001600000	0000000000000000	10	36	01848127	9	0	36
2180107001600400	0000000000000000	11	11	01809127	9	0	11
2180113001200000	0000000000000000	9	4	01449a05	9	0	4
2180113001200400	0000000000000000	10	3	01408b25	9	0	3
2180113001600000	0000000000000000	10	3	01448925	9	0	3
2180113001600400	0000000000000000	11	2	01409925	9	0	2
2180117001200000	0000000000000000	10	9	01049325	9	0	9
2180117001200400	0000000000000000	11	6	01019325	9	0	6
2180117001600000	0000000000000000	11	6	010c9125	9	0	6
2180117001600400	0000000000000000	12	3	01409127	9	0	3
2800000800000000	0000000000000000	3	1	09a41888	9	0	1
2800000800000200	0000000000000000	4	3	09a018c8	9	0	3
2800000800800000	0000000000000000	4	3	09849888	9	0	3
2800000800800201	0000000000000000	6	1	09c09888	9	0	1
2800000a00080000	0000000000000000	5	1	09ac0888	9	0	1
2800000a00880000	0000000000000000	6	4	098488c8	9	0	4
2800000a00880201	0000000000000000	8	1	09c88888	9	0	1
2800001c00000000	0000000000000000	5	4	09a418c0	9	0	4
2800001c00000600	0000000000000000	7	6	09a01ac0	9	0	6
2800001c01900000	0000000000000000	8	1	09849a80	9	0	1
2800001c01d00000	0000000000000000	9	3	098c9880	9	0	3
2800001e00080000	0000000000000000	7	4	09a488c0	9	0	4
2800001e01980000	0000000000000000	10	1	09c48a80	9	0	1
2800001e01d80000	0000000000000000	11	5	09c48884	9	0	5
2800002800000000	0000000000000000	4	7	09a41848	9	0	7
2800002800000200	0000000000000000	5	10	09a01948	9	0	10
2800002800800000	0000000000000000	5	6	09849848	9	0	6
2800002800800201	0000000000000000	7	1	09c89808	9	0	1
2800002a00080000	0000000000000000	6	7	09a48848	9	0	7
2800002a00080200	0000000000000000	7	2	09e80848	9	0	2
2800002a00880000	0000000000000000	7	10	098c8848	9	0	10
2800003c00000000	0000000000000000	6	17	09a41842	9	0	17
2800003c00000600	0000000000000000	8	13	09a09940	9	0	13
2800003c01b00000	0000000000000000	10	2	098c9a00	9	0	2
2800003c01f00000	0000000000000000	11	5	09c49804	9	0	5
2800003e00080000	0000000000000000	8	5	09ac8840	9	0	5
2800003e00080600	0000000000000000	10	1	09e88840	9	0	1
2800003e01b80000	0000000000000000	12	2	09c48a40	9	0	2
2800003e01f80000	0000000000000000	13	6	09c48940	9	0	6
2800004800000000	0000000000000000	4	10	09a4108c	9	0	10
2800004800000200	0000000000000000	5	11	09a011c8	9	0	11
2800004800800000	0000000000000000	5	9	0984908c	9	0	9
2800004800800201	0000000000000000	7	1	09c89088	9	0	1
2800004a00080000	0000000000000000	6	6	09a480c8	9	0	6
2800004a00880000	0000000000000000	7	9	098c80c8	9	0	9
2800005c00000000	0000000000000000	6	29	09a410c0	8	1	28
2800005c00000600	0000000000000000	8	25	09a012d0	9	0	25
2800005c01900000	0000000000000000	9	3	098492c0	9	0	3
2800005c01d00000	0000000000000000	10	7	098c9084	9	0	7
2800005e00080000	0000000000000000	8	6	09a481c0	9	0	6
2800005e00080600	0000000000000000	10	1	09e880c0	9	0	1
2800005e01980000	0000000000000000	11	2	09c482c0	9	0	2
2800005e01d80000	0000000000000000	12	3	09cc8084	9	0	3
2800006800000000	0000000000000000	5	42	09a4102c	9	1	41
2800006800000200	0000000000000000	6	51	09a0106c	9	1	50
2800006800800000	0000000000000000	6	16	09849248	9	0	16
2800006a00080000	0000000000000000	7	14	09a48148	9	0	14
2800006a00080200	0000000000000000	8	1	09e88048	9	0	1
2800006a00880000	0000000000000000	8	10	0984812c	9	0	10
2800007c00000000	0000000000000000	7	73	09a41064	9	4	69
2800007c00000600	0000000000000000	9	69	09a09124	9	2	67
2800007c01b00000	0000000000000000	11	5	098c9240	9	0	5
2800007c01f00000	0000000000000000	12	4	09c49044	9	0	4
2800007e00080000	0000000000000000	9	16	09ac8140	9	0	16
2800007e00080600	0000000000000000	11	1	09e88240	9	0	1
2800007e01b80000	0000000000000000	13	1	09cc8240	9	0	1
2800007e01f80000	0000000000000000	14	2	098c8124	9	0	2
2940000800000000	0000000000000001	6	1	01a49888	9	0	1
2940000800040200	0000000000000001	8	1	01e09888	9	0	1
2940002800000000	0000000000000001	7	8	01a49848	9	0	8
2940002800040200	0000000000000001	9	3	01e09848	9	0	3
2940004800000000	0000000000000001	7	26	01a410d8	9	0	26
2940004800040200	0000000000000001	9	17	01a092c8	9	0	17
2940006800000000	0000000000000001	8	71	01a4112c	9	1	70
2940006800040200	0000000000000001	10	50	01a0912c	9	0	50
2960042a00080000	0000000000000001	11	1	01ec8808	9	0	1
2960044a00080000	0000000000000001	11	2	01e480c8	9	0	2
2960046a00080000	0000000000000001	12	4	01a4812c	9	0	4
2960046a000c0200	0000000000000001	14	2	01a8812c	9	0	2
29c0001c00000000	0000000000000001	9	4	01a498c0	9	0	4
29c0001c00040600	0000000000000001	12	3	01e098c0	9	0	3
29c0003c00000000	0000000000000001	10	18	01a49940	9	0	18
29c0003c00040600	0000000000000001	13	9	01e09844	9	0	9
29c0005c00000000	0000000000000001	10	73	01a412d0	9	2	71
29c0005c00040600	0000000000000001	13	43	01a091a4	9	0	43
29c0007c00000000	0000000000000001	11	141	01a49124	9	6	135
29c0007c00040600	0000000000000001	14	92	01a09164	9	1	91
29e0043e00080000	0000000000000001	14	1	01ec8840	9	0	1
29e0045e00080000	0000000000000001	14	3	01e481c0	9	0	3
29e0045e000c0600	0000000000000001	17	1	01e081a4	9	0	1
29e0047e00080000	0000000000000001	15	8	01ac8124	9	0	8
29e0047e000c0600	0000000000000001	18	1	01e88124	9	0	1
2b40080800800000	0000000000000001	9	1	01c49888	9	0	1
2b40084800800000	0000000000000001	10	7	018c9288	9	0	7
2b40086800800000	0000000000000001	11	4	0184912c	9	0	4
2b40086800840a01	0000000000000001	15	1	01c0912c	9	0	1
2b600c0a00880000	0000000000000001	13	1	01cc8888	9	0	1
2b600c6a00880000	0000000000000001	15	2	018c812c	9	0	2
2b600c6a008c0a01	0000000000000001	19	1	01c8812c	9	0	1
2bc0181c01900000	0000000000000001	15	1	01c49a80	9	0	1
2bc0181c01d00000	0000000000000001	16	1	01cc9880	9	0	1
2bc0185c01900000	0000000000000001	16	5	01c49284	9	0	5
2bc0185c01d00000	0000000000000001	17	5	018491a4	9	0	5
2bc0185c01d40e01	0000000000000001	22	1	01c091a4	9	0	1
2bc0187c01b00000	0000000000000001	18	4	01849324	9	0	4
2bc0187c01b40e01	0000000000000001	23	2	01889324	9	0	2
2bc0187c01f00000	0000000000000001	19	2	018c9124	9	0	2
2bc0187c01f40e01	0000000000000001	24	1	01c89124	9	0	1
2be01c5e01d80000	0000000000000001	21	2	018c81a4	9	0	2
2be01c5e01dc0e01	0000000000000001	26	1	01c881a4	9	0	1
2be01c7e01b80000	0000000000000001	22	2	018c8324	9	0	2
2be01c7e01bc0e01	0000000000000001	27	1	01c88324	9	0	1
2be01c7e01f80000	0000000000000001	23	2	01c58124	9	0	2
3800008804000000	0000000000000000	6	1	092c1888	9	0	1
3800008804000200	0000000000000000	7	8	0928188c	9	0	8
3800008804800000	0000000000000000	7	4	090c188c	9	0	4
3800008804800201	0000000000000000	9	1	09489888	9	0	1
380000880c000000	0000000000000000	7	10	0924188a	9	0	10
380000880c000200	0000000000000000	8	4	092098c8	9	0	4
380000880c800000	0000000000000000	8	3	09049a88	9	0	3
3800008a04080000	0000000000000000	8	3	092c08c8	9	0	3
3800008a04880000	0000000000000000	9	4	090c8a88	9	0	4
3800008a0c080000	0000000000000000	9	1	09648888	9	0	1
3800008a0c880000	0000000000000000	10	2	09448a88	9	0	2
3800009c06000000	0000000000000000	9	7	092c1884	9	0	7
3800009c06000600	0000000000000000	11	3	09281ac0	9	0	3
3800009c07900000	0000000000000000	12	2	090c9a80	9	0	2
3800009c07d00000	0000000000000000	13	1	094c9880	9	0	1
3800009c0e000000	0000000000000000	10	7	09241ac0	9	0	7
3800009c0e000600	0000000000000000	12	1	096098c0	9	0	1
3800009c0f900000	0000000000000000	13	1	09449a80	9	0	1
3800009c0fd00000	0000000000000000	14	2	09449884	9	0	2
3800009e06080000	0000000000000000	11	1	096c8880	9	0	1
3800009e07980000	0000000000000000	14	1	094c8a80	9	0	1
3800009e07d80000	0000000000000000	15	2	094c8884	9	0	2
380000c804000000	0000000000000000	7	11	092c1088	8	1	10
380000c804000200	0000000000000000	8	20	092810ac	9	0	20
380000c804800000	0000000000000000	8	7	090c128c	9	0	7
380000c80c000000	0000000000000000	8	29	092410ac	9	1	28
380000c80c000200	0000000000000000	9	9	096010ac	9	0	9
380000c80c800000	0000000000000000	9	3	0944908c	9	0	3
380000ca04080000	0000000000000000	9	3	092c80c8	9	0	3
380000dc06000000	0000000000000000	10	27	092c10c2	9	0	27
380000dc06000600	0000000000000000	12	11	092892c0	9	0	11
380000dc07900000	0000000000000000	13	1	094c9280	9	0	1
380000dc07d00000	0000000000000000	14	1	094c9084	9	0	1
380000dc0e000000	0000000000000000	11	25	092412c4	9	1	24
380000dc0e000600	0000000000000000	13	5	096090c4	9	0	5
380000de06080000	0000000000000000	12	1	096c80c0	9	0	1
380001a804000000	0000000000000000	8	11	092c1808	8	1	10
380001a804000200	0000000000000000	9	22	0928182c	9	0	22
380001a804800000	0000000000000000	9	7	090c1a0c	9	0	7
380001a80c000000	0000000000000000	9	26	0924182c	9	1	25
380001a80c000200	0000000000000000	10	9	0960184c	9	0	9
380001a80c800000	0000000000000000	10	3	0944980c	9	0	3
380001aa04080000	0000000000000000	10	4	092c8848	9	0	4
380001aa04880000	0000000000000000	11	3	094c880c	9	0	3
380001aa0c080000	0000000000000000	11	1	09648848	9	0	1
380001bc06000000	0000000000000000	11	20	092c1842	9	0	20
380001bc06000600	0000000000000000	13	10	09681844	9	0	10
380001bc07b00000	0000000000000000	15	1	094c9a00	9	0	1
380001bc07f00000	0000000000000000	16	1	094c9804	9	0	1
380001bc0e000000	0000000000000000	12	17	09249844	9	0	17
380001bc0e000600	0000000000000000	14	4	09609844	9	0	4
380001be06080000	0000000000000000	13	1	096c8840	9	0	1
380001e804000000	0000000000000000	9	48	092c100e	9	4	44
380001e804000200	0000000000000000	10	45	0928106c	9	1	44
380001e804800000	0000000000000000	10	7	090c920c	9	0	7
380001e80c000000	0000000000000000	10	62	0924106c	9	3	59
380001e80c000200	0000000000000000	11	24	0920132c	9	0	24
380001e80c800000	0000000000000000	11	1	09459208	9	0	1
380001ea04080000	0000000000000000	11	5	096c8048	9	0	5
380001fc06000000	0000000000000000	12	50	092c1046	9	3	47
380001fc06000600	0000000000000000	14	28	09281324	9	0	28
380001fc0e000000	0000000000000000	13	37	09249124	9	2	35
380001fc0e000600	0000000000000000	15	5	09609124	9	0	5
3d40208804000000	0000000000000003	12	4	012c18c8	9	0	4
3d40208804040200	0000000000000003	14	1	01689888	9	0	1
3d4020c804000000	0000000000000003	13	25	012c10ac	9	0	25
3d4020c804040200	0000000000000003	15	11	016810ac	9	0	11
3d4021a804000000	0000000000000003	14	9	012c980c	9	0	9
3d4021a804040200	0000000000000003	16	3	01689848	9	0	3
3d4021e804000000	0000000000000003	15	46	012c112c	9	1	45
3d4021e804040200	0000000000000003	17	31	0128132c	9	0	31
3d4060880c000000	0000000000000003	14	2	016418c8	9	0	2
3d4060c80c000000	0000000000000003	15	19	012492c8	9	0	19
3d4060c80c040200	0000000000000003	17	6	012091ac	9	0	6
3d4061a80c000000	0000000000000003	16	7	01641a48	9	0	7
3d4061e80c000000	0000000000000003	17	33	0124912c	9	0	33
3d4061e80c040200	0000000000000003	19	11	0120932c	9	0	11
3dc0209c06000000	0000000000000003	16	2	016c18c0	9	0	2
3dc0209c06040600	0000000000000003	19	1	016898c0	9	0	1
3dc020dc06000000	0000000000000003	17	42	012c12c4	9	1	41
3dc020dc06040600	0000000000000003	20	26	012813a4	9	0	26
3dc021bc06000000	0000000000000003	18	11	016c1844	9	0	11
3dc021bc06040600	0000000000000003	21	3	01689844	9	0	3
3dc021fc06000000	0000000000000003	19	62	012c1324	9	3	59
3dc021fc06040600	0000000000000003	22	36	01289164	9	0	36
3dc0609c0e000000	0000000000000003	18	3	016498c0	9	0	3
3dc060dc0e000000	0000000000000003	19	30	012491a4	9	1	29
3dc060dc0e040600	0000000000000003	22	5	012093a4	9	0	5
3dc061bc0e000000	0000000000000003	20	6	01649844	9	0	6
3dc061bc0e040600	0000000000000003	23	1	01609924	9	0	1
3dc061fc0e000000	0000000000000003	21	35	01249164	9	0	35
3dc061fc0e040600	0000000000000003	24	12	01219324	9	0	12
3de025fe06080000	0000000000000003	23	1	016c8124	9	0	1
4000000000000000	0000000000000000	1	5268	0008229f	9	236	5032
4000020000000000	0000000000000000	2	6273	000030bf	9	326	5947
6000000000000000	0000000000000000	2	53	08081a8d	9	0	53
6000001040000000	0000000000000000	4	3	082c8a81	9	0	3
6000001040000420	0000000000000000	6	1	08289a81	9	0	1
6000001041000000	0000000000000000	5	3	080c9a81	9	0	3
6000001041000420	0000000000000000	7	3	08489a81	9	0	3
6000001041400000	0000000000000000	6	2	084c9881	9	0	2
6000001050000000	0000000000000000	5	4	082c18c1	9	0	4
6000001050000424	0000000000000000	8	7	08281a85	9	0	7
6000001051000000	0000000000000000	6	4	080c1a85	9	0	4
6000001051000424	0000000000000000	9	1	08491a81	9	0	1
6000002000000000	0000000000000000	3	4	08a81849	9	0	4
6000004000000000	0000000000000000	3	68	080c128d	9	1	67
6000005040000000	0000000000000000	5	5	082c90c1	9	0	5
6000005040000420	0000000000000000	7	5	082892c1	9	0	5
6000005050000000	0000000000000000	6	10	082c10c5	9	0	10
6000005050000424	0000000000000000	9	6	082813c1	9	0	6
6000006000000000	0000000000000000	4	35	088c8249	9	0	35
6000007040000000	0000000000000000	6	1	08ac9041	9	0	1
6000007040000420	0000000000000000	8	2	08a89241	9	0	2
6000007050000000	0000000000000000	7	2	08ac1241	9	0	2
6000007050000424	0000000000000000	10	1	08e81241	9	0	1
6000020000000000	0000000000000000	3	63	08019a89	9	0	63
6000021040000000	0000000000000000	5	5	082498c1	9	0	5
6000021040000420	0000000000000000	7	3	08209ac1	9	0	3
6000021041000000	0000000000000000	6	4	08449a81	9	0	4
6000021041000420	0000000000000000	8	3	08419a81	9	0	3
6000021041400000	0000000000000000	7	5	08449885	9	0	5
6000021050000000	0000000000000000	6	6	08241ac1	9	0	6
6000021050000424	0000000000000000	9	3	08601ac1	9	0	3
6000021051000000	0000000000000000	7	2	08451a81	9	0	2
6000022000000000	0000000000000000	4	10	08a01859	9	0	10
6000024000000000	0000000000000000	4	74	0804928d	9	1	73
6000025040000000	0000000000000000	6	6	082492c1	9	0	6
6000025040000420	0000000000000000	8	2	08a092c1	9	0	2
6000025050000000	0000000000000000	7	4	086412c1	9	0	4
6000025050000424	0000000000000000	10	2	08a013c1	9	0	2
6000026000000000	0000000000000000	5	37	0880832d	9	1	36
6000027040000000	0000000000000000	7	2	08a49241	9	0	2
6000027050000000	0000000000000000	8	1	08e41241	9	0	1
6100000000000000	0000000000000000	3	35	000c9a89	9	0	35
6100002000000000	0000000000000000	4	1	00ac1849	9	0	1
6100004000000000	0000000000000000	4	84	000c928d	9	0	84
6100006000000000	0000000000000000	5	38	0088832d	9	0	38
6100020000000000	0000000000000000	4	43	00209a8d	9	0	43
6100024000000000	0000000000000000	5	82	000483ad	9	0	82
6100026000000000	0000000000000000	6	35	0080932d	9	0	35
6182001040000000	0000000000000000	7	2	002c9a81	9	0	2
6182001040008420	0000000000000000	10	2	00689a81	9	0	2
6182005040000000	0000000000000000	8	12	002c9283	9	0	12
6182005040008420	0000000000000000	11	8	002891a5	9	0	8
6182007040000000	0000000000000000	9	2	00ac9241	9	0	2
6182007040008420	0000000000000000	12	1	00a89125	9	0	1
6182021040000000	0000000000000000	8	7	00249ac1	9	0	7
6182021040008420	0000000000000000	11	4	00609a85	9	0	4
6182025040000000	0000000000000000	9	14	002491a5	9	0	14
6182025040008420	0000000000000000	12	6	002093a5	9	0	6
6182027040000000	0000000000000000	10	2	00a49125	9	0	2
6182027040008420	0000000000000000	13	2	00a09325	9	0	2
6182101041000000	0000000000000000	9	3	004c9a81	9	0	3
6182101041008420	0000000000000000	12	1	00c89a81	9	0	1
6182105041000000	0000000000000000	10	1	00cc9281	9	0	1
6182105041008420	0000000000000000	13	1	008883a5	9	0	1
6182105041400000	0000000000000000	11	1	008c81a5	9	0	1
6182107041200000	0000000000000000	12	1	008c8325	9	0	1
6182107041208420	0000000000000000	15	1	00889325	9	0	1
6182107041600000	0000000000000000	13	1	00cc8125	9	0	1
6182121041000000	0000000000000000	10	5	00449a85	9	0	5
6182121041008420	0000000000000000	13	3	00408ba5	9	0	3
6182123041600000	0000000000000000	13	1	00c48925	9	0	1
6182125041000000	0000000000000000	11	2	000493a5	9	0	2
6182125041008420	0000000000000000	14	2	008093a5	9	0	2
6182125041400000	0000000000000000	12	2	008491a5	9	0	2
6182127041200000	0000000000000000	13	2	00849325	9	0	2
6182127041208420	0000000000000000	16	1	00c09325	9	0	1
6182127041600000	0000000000000000	14	1	00c49125	9	0	1
6182801050000000	0000000000000000	9	1	006c1a81	9	0	1
618280105000a424	0000000000000000	14	1	00691a81	9	0	1
6182805050000000	0000000000000000	10	7	006c12c1	9	0	7
618280505000a424	0000000000000000	15	2	002813a5	9	0	2
6182821050000000	0000000000000000	10	3	00641ac1	9	0	3
618282105000a424	0000000000000000	15	2	00611a85	9	0	2
6182825050000000	0000000000000000	11	3	006512c1	9	0	3
6800000820000000	0000000000000000	5	1	08ac1888	9	0	1
6800002820000000	0000000000000000	6	4	08ac1848	9	0	4
6800002820000210	0000000000000000	8	1	08e81848	9	0	1
6800003c70000000	0000000000000000	10	1	08ec1840	9	0	1
6800004820000000	0000000000000000	6	3	08ac10c8	9	0	3
6800004820000210	0000000000000000	8	2	08a812c8	9	0	2
6800004a20080000	0000000000000000	8	1	08ec00c8	9	0	1
6800005c60000000	0000000000000000	9	1	08ac90c0	9	0	1
6800005c70000000	0000000000000000	10	2	08ac12c0	9	0	2
6800006820000000	0000000000000000	7	14	08ac104a	9	0	14
6800006820000210	0000000000000000	9	8	08a81348	9	0	8
6800006a20080000	0000000000000000	9	1	08ec8048	9	0	1
6800007c60000000	0000000000000000	10	3	08ac9140	9	0	3
6800007c60000630	0000000000000000	14	1	08e89240	9	0	1
6800007c70000000	0000000000000000	11	6	08ac1340	9	0	6
6800007c70000634	0000000000000000	16	1	08e91240	9	0	1
6800020820000000	0000000000000000	6	1	08a418c8	9	0	1
6800022820000000	0000000000000000	7	4	08a41a48	9	0	4
6800023c60000000	0000000000000000	10	1	08e49840	9	0	1
6800024820000000	0000000000000000	7	5	08a410d8	9	0	5
6800025c60000000	0000000000000000	10	2	08a492c0	9	0	2
6800025c70000000	0000000000000000	11	2	08e410d0	9	0	2
6800026820000000	0000000000000000	8	15	08a4124c	9	0	15
6800026820000218	0000000000000000	11	1	08e11248	9	0	1
6800027c60000000	0000000000000000	11	4	08e49050	9	0	4
6800027c70000000	0000000000000000	12	2	08e41250	9	0	2
6941006820000000	0000000000000001	11	3	00ec1148	9	0	3
69c3005c60000000	0000000000000001	15	1	00ec90c0	9	0	1
69c3007c60000000	0000000000000001	16	3	00ec9050	9	0	3
69c3805c70000000	0000000000000001	17	1	00ec10d0	9	0	1
69c3807c70000000	0000000000000001	18	1	00ed1240	9	0	1
7800008924000000	0000000000000000	9	5	082c18c8	9	0	5
780000c924000000	0000000000000000	10	8	082c10cc	9	0	8
780000dde6000000	0000000000000000	15	1	086c90c0	9	0	1
780002892c000000	0000000000000000	11	3	082498c8	9	0	3
780002c92c000000	0000000000000000	12	2	086490c8	9	0	2
8000000000000000	0000000000000000	1	12317	0000361f	9	598	11719
8000010000000000	0000000000000000	2	280	0000d32d	9	3	277
9000018100000000	0000000000000000	5	45	082c500e	9	1	44
9000018100000100	0000000000000000	6	21	0828522c	9	0	21
9000018108000000	0000000000000000	6	27	0824506c	9	0	27
9000018108000100	0000000000000000	7	2	0861520c	9	0	2
9000018180000000	0000000000000000	6	18	082c5244	9	0	18
9000018180000180	0000000000000000	8	4	08685244	9	0	4
9000018188000000	0000000000000000	7	6	0864d044	9	0	6
9408018100000000	0000000000000002	8	5	006c504c	9	0	5
9408018100020100	0000000000000002	10	1	0069520c	9	0	1
9408018180000000	0000000000000002	9	2	006cd044	9	0	2
9408418108000000	0000000000000002	10	1	0065520c	9	0	1
9408418108020100	0000000000000002	12	1	0061522c	9	0	1
c000000000000000	0000000000000000	2	1487	0008321f	9	38	1449
c000020000000000	0000000000000000	3	991	0000b32d	9	17	974
e000012000000000	0000000000000000	5	30	080c9a09	9	0	30
e000013050000000	0000000000000000	8	1	086c1841	9	0	1
e000016000000000	0000000000000000	6	69	080c920d	9	1	68
e000017040000000	0000000000000000	8	2	082c9241	9	0	2
e000017050000000	0000000000000000	9	1	086c1241	9	0	1
e000032000000000	0000000000000000	6	12	0824184b	9	0	12
e000033040000000	0000000000000000	8	1	08649841	9	0	1
e000036000000000	0000000000000000	7	30	08219249	9	0	30
e100012000000000	0000000000000000	6	6	002c1a49	9	0	6
e100016000000000	0000000000000000	7	45	000c832d	9	0	45
e100032000000000	0000000000000000	7	1	00649849	9	0	1
e100036000000000	0000000000000000	8	10	0020932d	9	0	10
e182017040000000	0000000000000000	11	2	002c9125	9	0	2
e182017040008420	0000000000000000	14	2	00289325	9	0	2
e182037040000000	0000000000000000	12	2	00249325	9	0	2
e182037040008420	0000000000000000	15	2	00219325	9	0	2
f80001a924000000	0000000000000000	12	10	082c184c	9	0	10
f80001a924000310	0000000000000000	15	1	08689848	9	0	1
f80001bde6000000	0000000000000000	17	1	086c9840	9	0	1
f80001e924000000	0000000000000000	13	19	082c124c	9	0	19
f80001e924000310	0000000000000000	16	1	08691248	9	0	1
f80001fde6000000	0000000000000000	18	1	086c9240	9	0	1
f80001fdf6000000	0000000000000000	19	1	086d1240	9	0	1
f80003a92c000000	0000000000000000	14	1	08649848	9	0	1
f80003e92c000000	0000000000000000	15	3	08649248	9	0	3
fd4921e924000000	0000000000000003	21	1	006d1248	9	0	1
fdcb63fdee06d7ba	0000000000000003	44	1	00619324	9	0	1
