a_hex	b_hex	cover	count	least_mask	least_rank
0000000000000000	0000000000000001	1	350	03a2100e	9
0000000000000000	0000000000000002	1	287	030a500e	9
0000000000000001	0000000000000000	1	1843	1b00088e	9
0000000000000002	0000000000000000	1	2905	0038112e	9
0000000000000004	0000000000000000	1	1408	18101a85	9
0000000000000006	0000000000000000	2	403	18381016	9
0000000000000008	0000000000000000	1	1365	0030916c	9
000000000000000a	0000000000000000	2	3897	003013ac	9
000000000000000c	0000000000000000	2	237	18301164	9
000000000000000e	0000000000000000	3	386	18301324	9
0000000000000010	0000000000000000	1	11	1aa8004a	9
0000000000000012	0000000000000000	2	47	1aa8000e	9
0000000000000018	0000000000000000	2	36	1aa000ca	9
000000000000001a	0000000000000000	3	101	1aa0088a	9
0000000000000020	0000000000000000	1	301	1a008127	9
0000000000000024	0000000000000000	2	236	1a001a83	9
0000000000000030	0000000000000000	2	7	1aa88042	9
0000000000000032	0000000000000000	3	26	1aa88082	9
0000000000000034	0000000000000000	3	29	1aa800c2	9
0000000000000036	0000000000000000	4	53	1aa81006	9
0000000000000038	0000000000000000	3	24	1aa080c2	9
000000000000003a	0000000000000000	4	55	1aa09006	9
000000000000003c	0000000000000000	4	54	1aa01046	9
000000000000003e	0000000000000000	5	53	1aa01016	9
0000000000000040	0000000000000000	1	261	0a1888c8	9
0000000000000042	0000000000000000	2	1677	0818912c	9
0000000000000044	0000000000000000	2	48	1a9800c2	9
0000000000000046	0000000000000000	3	287	18d81280	9
0000000000000048	0000000000000000	2	370	0a10816c	9
000000000000004a	0000000000000000	3	1799	0890912c	9
000000000000004c	0000000000000000	3	27	1a9008c2	9
000000000000004e	0000000000000000	4	123	1a101a06	9
0000000000000051	0000000000000000	3	8	1ac88048	9
0000000000000053	0000000000000000	4	66	1a88088a	9
0000000000000059	0000000000000000	4	14	1a80904a	9
000000000000005b	0000000000000000	5	92	1a80120e	9
0000000000000071	0000000000000000	4	3	3a888042	9
0000000000000073	0000000000000000	5	28	1ac88082	9
0000000000000075	0000000000000000	5	4	3a880242	9
0000000000000077	0000000000000000	6	29	3a880016	9
0000000000000079	0000000000000000	5	4	1ac08842	9
000000000000007b	0000000000000000	6	39	1ac08124	9
0000000000000080	0000000000000000	1	3340	18024296	9
0000000000000100	0000000000000000	1	1015	1808528c	9
0000000000000110	0000000000000000	2	31	1a28084a	9
0000000000000112	0000000000000000	3	108	1a28088a	9
0000000000000118	0000000000000000	3	62	1a20104e	9
000000000000011a	0000000000000000	4	136	1a20101e	9
0000000000000153	0000000000000000	5	64	1a08120e	9
000000000000015b	0000000000000000	6	13	1a40812c	9
0000000000000180	0000000000000000	2	827	182052c4	9
00000000000001b0	0000000000000000	4	15	1a289042	9
00000000000001b2	0000000000000000	5	35	1a289006	9
00000000000001b4	0000000000000000	5	44	1a281046	9
00000000000001b6	0000000000000000	6	55	1a281016	9
00000000000001b8	0000000000000000	5	25	1a209046	9
00000000000001ba	0000000000000000	6	30	1a209124	9
00000000000001bc	0000000000000000	6	39	1a201056	9
00000000000001be	0000000000000000	7	11	1a201216	9
00000000000001f3	0000000000000000	7	2	3a488802	9
00000000000001f7	0000000000000000	8	2	3a080a82	9
0000000000000200	0000000000000000	1	534	1920104e	9
0000000000000201	0000000000000000	2	552	1900928c	9
0000000000000210	0000000000000000	2	21	18a8104a	9
0000000000000212	0000000000000000	3	30	18a8120a	9
0000000000000218	0000000000000000	3	34	18a010d8	9
000000000000021a	0000000000000000	4	7	18e09088	9
0000000000000251	0000000000000000	4	1	38881248	9
0000000000000253	0000000000000000	5	17	3888020e	9
0000000000000310	0000000000000000	3	54	182810cc	9
0000000000000312	0000000000000000	4	64	18281a88	9
0000000000000318	0000000000000000	4	20	186010d8	9
000000000000031a	0000000000000000	5	6	1861120c	9
0000000000000353	0000000000000000	6	17	3808120e	9
0000000000000400	0000000000000000	1	3110	11001297	9
0000000000000420	0000000000000000	2	52	18089a81	9
0000000000000424	0000000000000000	3	76	18201ac1	9
0000000000000600	0000000000000000	2	640	192012c4	9
0000000000000601	0000000000000000	3	380	19089a80	9
0000000000000630	0000000000000000	4	7	18a89042	9
0000000000000632	0000000000000000	5	1	38a89200	9
0000000000000634	0000000000000000	5	23	18a81242	9
0000000000000636	0000000000000000	6	3	38a81202	9
0000000000000638	0000000000000000	5	11	18a09242	9
000000000000063c	0000000000000000	6	6	18e010d0	9
00000000000007b0	0000000000000000	6	6	186890c0	9
00000000000007b2	0000000000000000	7	1	38289280	9
00000000000007b4	0000000000000000	7	21	186810d0	9
00000000000007b6	0000000000000000	8	1	38691200	9
00000000000007f7	0000000000000000	10	1	38490a80	9
0000000000000800	0000000000000000	1	1206	13020a8a	9
0000000000000801	0000000000000000	2	2663	1300128e	9
0000000000001000	0000000000000000	1	1545	00329134	9
0000000000001002	0000000000000000	2	956	00389126	9
0000000000001008	0000000000000000	2	380	00309364	9
000000000000100a	0000000000000000	3	1069	003093a4	9
0000000000002000	0000000000000000	1	1512	10121217	9
0000000000002004	0000000000000000	2	2448	10181a85	9
0000000000003000	0000000000000000	2	1139	10321036	9
0000000000003004	0000000000000000	3	284	10381164	9
0000000000003006	0000000000000000	4	724	10381126	9
000000000000300c	0000000000000000	4	285	10301364	9
000000000000300e	0000000000000000	5	624	103013a4	9
0000000000004000	0000000000000000	1	127	12a2100e	9
0000000000004010	0000000000000000	2	17	12a8104a	9
0000000000004012	0000000000000000	3	90	12a8100e	9
0000000000004018	0000000000000000	3	43	12a0104e	9
000000000000401a	0000000000000000	4	154	12a0101e	9
0000000000008000	0000000000000000	1	326	10229283	9
0000000000008020	0000000000000000	2	713	120081a7	9
0000000000008420	0000000000000000	3	100	10209325	9
000000000000a000	0000000000000000	2	284	10221ac1	9
000000000000a024	0000000000000000	4	398	12001a87	9
000000000000a424	0000000000000000	5	73	106112c1	9
000000000000d000	0000000000000000	3	58	12a29006	9
000000000000d030	0000000000000000	5	17	12a89042	9
000000000000d032	0000000000000000	6	72	12a88282	9
000000000000d038	0000000000000000	6	32	12a09046	9
000000000000d03a	0000000000000000	7	115	12a09016	9
000000000000f000	0000000000000000	4	85	12a21016	9
000000000000f034	0000000000000000	7	38	12a81046	9
000000000000f036	0000000000000000	8	93	12a81016	9
000000000000f03c	0000000000000000	8	45	12a01056	9
000000000000f03e	0000000000000000	9	65	12a01096	9
0000000000010000	0000000000000000	1	1365	1012832c	9
0000000000010040	0000000000000000	2	83	10989248	9
0000000000010042	0000000000000000	3	786	1018832c	9
0000000000010048	0000000000000000	3	75	1090816c	9
000000000001004a	0000000000000000	4	678	1010932c	9
0000000000011000	0000000000000000	2	502	105b9200	9
0000000000011040	0000000000000000	3	55	12589840	9
0000000000011042	0000000000000000	4	439	109881a4	9
0000000000011048	0000000000000000	4	64	12508164	9
000000000001104a	0000000000000000	5	401	10909126	9
0000000000013000	0000000000000000	3	361	10da1280	9
0000000000013044	0000000000000000	5	41	12981242	9
0000000000013046	0000000000000000	6	337	12181216	9
000000000001304c	0000000000000000	6	7	32901046	9
000000000001304e	0000000000000000	7	95	12901126	9
0000000000014800	0000000000000000	3	85	1282812c	9
0000000000014851	0000000000000000	6	1	3288024a	9
0000000000014853	0000000000000000	7	61	1288812c	9
000000000001485b	0000000000000000	8	66	1280812e	9
000000000001d800	0000000000000000	5	23	12c28124	9
000000000001d871	0000000000000000	9	2	32888242	9
000000000001d873	0000000000000000	10	39	12c88124	9
000000000001d87b	0000000000000000	11	52	12808326	9
000000000001f800	0000000000000000	6	11	328a0016	9
000000000001f875	0000000000000000	11	1	32880246	9
000000000001f877	0000000000000000	12	34	32880096	9
000000000001f87f	0000000000000000	13	1	32c01206	9
0000000000020000	0000000000000000	1	381	102250cc	9
0000000000020080	0000000000000000	2	262	102a50c4	9
0000000000020100	0000000000000000	2	568	102850cc	9
0000000000020180	0000000000000000	3	736	1060d124	9
0000000000024000	0000000000000000	2	216	1222101e	9
0000000000024110	0000000000000000	4	38	1228104e	9
0000000000024112	0000000000000000	5	118	1228101e	9
0000000000024118	0000000000000000	5	31	1220124e	9
000000000002411a	0000000000000000	6	85	1220121e	9
000000000002d080	0000000000000000	5	44	12229124	9
000000000002d1b0	0000000000000000	8	20	12289046	9
000000000002d1b2	0000000000000000	9	59	12289016	9
000000000002d1b8	0000000000000000	9	19	12209164	9
000000000002d1ba	0000000000000000	10	42	12209126	9
000000000002f080	0000000000000000	6	59	12221216	9
000000000002f1b4	0000000000000000	10	41	122810c6	9
000000000002f1b6	0000000000000000	11	56	12281216	9
000000000002f1bc	0000000000000000	11	9	12201256	9
000000000002f1be	0000000000000000	12	19	12201296	9
0000000000034800	0000000000000000	4	8	1242812c	9
0000000000034953	0000000000000000	9	2	3208120e	9
000000000003495b	0000000000000000	10	3	1240832c	9
000000000003d9f3	0000000000000000	13	1	32488124	9
000000000003d9fb	0000000000000000	14	2	12409324	9
000000000003f880	0000000000000000	8	2	320a0216	9
000000000003f9f7	0000000000000000	15	2	32081216	9
0000000000040000	0000000000000000	1	752	1122106c	9
0000000000040200	0000000000000000	2	685	1120132c	9
0000000000040600	0000000000000000	3	1022	112091a4	9
0000000000040800	0000000000000000	2	460	1102928c	9
0000000000040a01	0000000000000000	4	325	1140912c	9
0000000000040e01	0000000000000000	5	357	114091a4	9
0000000000044000	0000000000000000	2	14	10a29248	9
0000000000044210	0000000000000000	4	7	10e81248	9
0000000000044212	0000000000000000	5	12	30a8120a	9
0000000000044218	0000000000000000	5	1	10e11248	9
000000000004d000	0000000000000000	4	2	10aa9240	9
000000000004d630	0000000000000000	8	3	10e89240	9
000000000004d632	0000000000000000	9	4	30a89202	9
000000000004f000	0000000000000000	5	3	10ea1240	9
000000000004f634	0000000000000000	10	8	10e91240	9
000000000004f636	0000000000000000	11	6	30a81206	9
0000000000054800	0000000000000000	4	1	30cb0208	9
0000000000054a53	0000000000000000	9	3	30c9020a	9
0000000000064000	0000000000000000	3	43	102a124c	9
0000000000064310	0000000000000000	6	14	10691248	9
0000000000064312	0000000000000000	7	14	3028120e	9
0000000000064318	0000000000000000	7	1	30611248	9
000000000006d080	0000000000000000	6	1	306a9040	9
000000000006d7b0	0000000000000000	11	2	302892c0	9
000000000006d7b2	0000000000000000	12	1	30699200	9
000000000006f080	0000000000000000	7	6	106b1240	9
000000000006f7b4	0000000000000000	13	2	306812c0	9
000000000006f7b6	0000000000000000	14	4	30291206	9
0000000000074800	0000000000000000	5	1	304b1208	9
0000000000080000	0000000000000000	1	138	2ba0004a	9
0000000000100000	0000000000000000	1	132	0a821286	9
0000000000200000	0000000000000000	1	1618	08029217	9
0000000000300000	0000000000000000	2	263	0a821216	9
0000000000400000	0000000000000000	1	1808	08021897	9
0000000000500000	0000000000000000	2	254	0a8281a4	9
0000000000600000	0000000000000000	2	2036	08069125	9
0000000000700000	0000000000000000	3	387	0a829124	9
0000000000800000	0000000000000000	1	10	2b84100a	9
0000000000800001	0000000000000000	2	22	2b80180a	9
0000000000880000	0000000000000000	2	35	2b84008a	9
0000000000880001	0000000000000000	3	52	2b80088a	9
0000000001000000	0000000000000000	1	135	0b001287	9
0000000001200000	0000000000000000	2	223	0b008323	9
0000000001400000	0000000000000000	2	357	0b001887	9
0000000001600000	0000000000000000	3	539	0b008127	9
0000000001900000	0000000000000000	3	1	2b841280	9
0000000001900001	0000000000000000	4	3	2b801a80	9
0000000001980000	0000000000000000	4	3	2b840a80	9
0000000001980001	0000000000000000	5	7	2b808a80	9
0000000001b00000	0000000000000000	4	4	2b841a00	9
0000000001b00001	0000000000000000	5	8	2b809a00	9
0000000001b80000	0000000000000000	5	11	2b848a00	9
0000000001b80001	0000000000000000	6	17	2b880206	9
0000000001d00000	0000000000000000	4	6	2b841082	9
0000000001d00001	0000000000000000	5	13	2b801882	9
0000000001d80000	0000000000000000	5	25	2b840882	9
0000000001d80001	0000000000000000	6	24	2b808882	9
0000000001f00000	0000000000000000	5	19	2b841802	9
0000000001f00001	0000000000000000	6	21	2b809802	9
0000000001f80000	0000000000000000	6	51	2b840842	9
0000000001f80001	0000000000000000	7	31	2b880016	9
0000000002000000	0000000000000000	1	1084	0b220036	9
0000000002100000	0000000000000000	2	174	0b020296	9
0000000002300000	0000000000000000	3	282	0b020a16	9
0000000002500000	0000000000000000	3	295	0b020896	9
0000000002700000	0000000000000000	4	354	0b021816	9
0000000004000000	0000000000000000	1	13	2b28100a	9
0000000004080000	0000000000000000	2	62	2b28000e	9
0000000004800000	0000000000000000	2	12	2b0c100a	9
0000000004800001	0000000000000000	3	32	2b08100e	9
0000000004880000	0000000000000000	3	52	2b0c000e	9
0000000004880001	0000000000000000	4	58	2b08001e	9
0000000006000000	0000000000000000	2	75	2b281006	9
0000000006080000	0000000000000000	3	126	2b280016	9
0000000007900000	0000000000000000	5	1	2b0c1280	9
0000000007900001	0000000000000000	6	5	2b081282	9
0000000007980000	0000000000000000	6	6	2b0c0282	9
0000000007980001	0000000000000000	7	10	2b080286	9
0000000007b00000	0000000000000000	6	6	2b0c1202	9
0000000007b00001	0000000000000000	7	11	2b081206	9
0000000007b80000	0000000000000000	7	12	2b0c0206	9
0000000007b80001	0000000000000000	8	11	2b080216	9
0000000007d00000	0000000000000000	6	6	2b0c1082	9
0000000007d00001	0000000000000000	7	11	2b081086	9
0000000007d80000	0000000000000000	7	22	2b0c0086	9
0000000007d80001	0000000000000000	8	14	2b080096	9
0000000007f00000	0000000000000000	7	15	2b0c1006	9
0000000007f00001	0000000000000000	8	11	2b081016	9
0000000007f80000	0000000000000000	8	34	2b0c0016	9
0000000007f80001	0000000000000000	9	9	2b080816	9
0000000008000000	0000000000000000	1	502	2b00408e	9
000000000c000000	0000000000000000	2	68	2b20100e	9
000000000c080000	0000000000000000	3	29	2b20808a	9
000000000c800000	0000000000000000	3	18	2b04108a	9
000000000c800001	0000000000000000	4	10	2b00188c	9
000000000c880000	0000000000000000	4	29	2b04088a	9
000000000c880001	0000000000000000	5	2	2b00888a	9
000000000e000000	0000000000000000	3	149	2b201016	9
000000000e080000	0000000000000000	4	26	2b240882	9
000000000f900000	0000000000000000	6	2	2b041a80	9
000000000f980000	0000000000000000	7	3	2b048a80	9
000000000fb00000	0000000000000000	7	3	2b049a00	9
000000000fb80000	0000000000000000	8	1	2b448a00	9
000000000fd00000	0000000000000000	7	7	2b041882	9
000000000fd00001	0000000000000000	8	2	2b409084	9
000000000fd80000	0000000000000000	8	11	2b048882	9
000000000fd80001	0000000000000000	9	1	2b418880	9
000000000ff00000	0000000000000000	8	4	2b049804	9
000000000ff00001	0000000000000000	9	1	2b409804	9
000000000ff80000	0000000000000000	9	7	2b448802	9
000000000ff80001	0000000000000000	10	1	2b408124	9
0000000010000000	0000000000000000	1	1641	08141a85	9
0000000010000004	0000000000000000	2	1160	08181a85	9
0000000010000006	0000000000000000	3	312	08381324	9
000000001000000c	0000000000000000	3	134	08b01164	9
000000001000000e	0000000000000000	4	166	0a301096	9
0000000010000044	0000000000000000	3	8	2a980242	9
0000000010000046	0000000000000000	4	61	28191a80	9
0000000020000000	0000000000000000	1	10	2aa4100a	9
0000000020000010	0000000000000000	2	1	2aa81048	9
0000000020000012	0000000000000000	3	9	2aa8100a	9
0000000020000018	0000000000000000	3	8	2aa0104a	9
000000002000001a	0000000000000000	4	8	2aa0120c	9
0000000020080000	0000000000000000	2	18	2aa40848	9
0000000020080010	0000000000000000	3	5	2aa8004a	9
0000000020080012	0000000000000000	4	11	2aa8020a	9
0000000020800000	0000000000000000	2	11	2a849088	9
0000000020800053	0000000000000000	6	4	2a88120c	9
0000000020880000	0000000000000000	3	32	2a848188	9
0000000020880053	0000000000000000	7	3	2a88020e	9
0000000040000000	0000000000000000	1	109	0a248125	9
0000000040000020	0000000000000000	2	150	0a2081a5	9
0000000041000000	0000000000000000	2	19	0a0483a1	9
0000000041000020	0000000000000000	3	22	0a0083a5	9
0000000041200000	0000000000000000	3	17	0a048325	9
0000000041200020	0000000000000000	4	16	0a008327	9
0000000041400000	0000000000000000	3	34	0a0481a5	9
0000000041400020	0000000000000000	4	12	0a0089a5	9
0000000041600000	0000000000000000	4	36	0a048127	9
0000000041600020	0000000000000000	5	18	0a009127	9
0000000050000000	0000000000000000	2	115	0a240ac1	9
0000000050000024	0000000000000000	4	126	0a2010c7	9
0000000051000000	0000000000000000	3	14	0a041a85	9
0000000051000024	0000000000000000	5	10	0a411a81	9
0000000051200000	0000000000000000	4	1	2a8c0a01	9
0000000051400000	0000000000000000	4	11	0a0c1885	9
0000000051600000	0000000000000000	5	2	2a8c0803	9
0000000060000000	0000000000000000	2	6	2aa49040	9
0000000060000030	0000000000000000	4	1	2aa89040	9
0000000060000032	0000000000000000	5	7	2aa89002	9
0000000060000038	0000000000000000	5	4	2aa09044	9
000000006000003a	0000000000000000	6	1	2ae09080	9
0000000060080000	0000000000000000	3	8	2aac8002	9
0000000061980000	0000000000000000	6	1	2a8c8280	9
0000000061b80000	0000000000000000	7	2	2a8c8a00	9
0000000061d80000	0000000000000000	7	3	2a8c8880	9
0000000061f00000	0000000000000000	7	1	2ac49800	9
0000000061f80000	0000000000000000	8	5	2a8c8802	9
0000000070000000	0000000000000000	3	15	2aa41042	9
0000000070000034	0000000000000000	6	7	2aa81042	9
0000000070000036	0000000000000000	7	11	2aa81006	9
000000007000003c	0000000000000000	7	2	2aa01244	9
0000000070080000	0000000000000000	4	12	2aac0042	9
0000000070080034	0000000000000000	7	1	2ae80240	9
0000000070080036	0000000000000000	8	1	2aa80a80	9
0000000071980000	0000000000000000	7	1	2a8c0a80	9
0000000071980077	0000000000000000	13	1	2a880a82	9
0000000071b00000	0000000000000000	7	1	2a8c1a00	9
0000000071b80000	0000000000000000	8	2	2a8c0a02	9
0000000071d80000	0000000000000000	8	2	2a8c0882	9
0000000080000000	0000000000000000	1	1538	08064296	9
0000000080000080	0000000000000000	2	1789	08025296	9
0000000082000000	0000000000000000	2	408	0a260a82	9
0000000082000080	0000000000000000	3	605	0a221036	9
0000000082100000	0000000000000000	3	44	0a061286	9
0000000082100080	0000000000000000	4	26	0a021296	9
0000000082300000	0000000000000000	4	31	0a061216	9
0000000082300080	0000000000000000	5	18	0a029324	9
0000000082500000	0000000000000000	4	50	0a0681a4	9
0000000082500080	0000000000000000	5	5	2a0a0096	9
0000000082700000	0000000000000000	5	28	0a0e1016	9
0000000082700080	0000000000000000	6	7	0a429124	9
0000000100000000	0000000000000000	1	59	2a0c400e	9
0000000100000100	0000000000000000	2	81	2a08420e	9
0000000108000000	0000000000000000	2	36	2a04508c	9
0000000108000100	0000000000000000	3	44	2a20500e	9
0000000124000000	0000000000000000	3	12	2a2c100a	9
0000000124000110	0000000000000000	5	10	2a28104a	9
0000000124000112	0000000000000000	6	35	2a28100e	9
0000000124080000	0000000000000000	4	35	2a2c000e	9
0000000124080112	0000000000000000	7	3	2a280a88	9
0000000124800000	0000000000000000	4	13	2a0c108c	9
0000000124800153	0000000000000000	9	1	2a08120e	9
0000000124880000	0000000000000000	5	17	2a0c080e	9
000000012c000000	0000000000000000	4	30	2a24104a	9
000000012c000118	0000000000000000	7	3	2a20124c	9
000000012c00011a	0000000000000000	8	8	2a20120e	9
000000012c080000	0000000000000000	5	2	2a248888	9
000000012c800000	0000000000000000	5	2	2a049888	9
000000012c880000	0000000000000000	6	1	2a448888	9
0000000180000000	0000000000000000	2	74	2a0c4016	9
0000000180000180	0000000000000000	4	59	2a085206	9
0000000188000000	0000000000000000	3	31	2a245006	9
0000000188000180	0000000000000000	5	40	2a205046	9
00000001e6000000	0000000000000000	6	8	2a2c9002	9
00000001e60001b0	0000000000000000	10	4	2a289044	9
00000001e60001b2	0000000000000000	11	7	2a289006	9
00000001e6080000	0000000000000000	7	4	2a2c8880	9
00000001e7d80000	0000000000000000	11	1	2a4c8880	9
00000001ee000000	0000000000000000	7	8	2a249044	9
00000001f6000000	0000000000000000	7	23	2a2c1006	9
00000001f60001b4	0000000000000000	12	9	2a281046	9
00000001f60001b6	0000000000000000	13	12	2a281016	9
00000001f6080000	0000000000000000	8	3	2a2c0882	9
00000001fe000000	0000000000000000	8	3	2a241244	9
0000000200000000	0000000000000000	1	2822	081c812c	9
0000000200000002	0000000000000000	2	109	0838812c	9
000000020000000a	0000000000000000	3	2	08b0812c	9
0000000200000040	0000000000000000	2	11	2898024a	9
0000000200000042	0000000000000000	3	101	0898032c	9
000000020000004a	0000000000000000	4	4	089081ac	9
0000000210000000	0000000000000000	2	63	08fc0042	9
0000000210000004	0000000000000000	3	6	28b80242	9
0000000210000006	0000000000000000	4	5	28390a80	9
0000000210000046	0000000000000000	5	5	28590a80	9
0000000400000000	0000000000000000	1	847	08a21056	9
0000000400100000	0000000000000000	2	191	08869284	9
0000000400300000	0000000000000000	3	222	08c69240	9
0000000400500000	0000000000000000	3	189	088e9084	9
0000000400700000	0000000000000000	4	165	09829124	9
0000000402000000	0000000000000000	2	1202	09221036	9
0000000402100000	0000000000000000	3	228	09021296	9
0000000402300000	0000000000000000	4	192	09029216	9
0000000402500000	0000000000000000	4	233	09061096	9
0000000402700000	0000000000000000	5	143	090a1816	9
0000000482000000	0000000000000000	3	292	082610c6	9
0000000482000080	0000000000000000	4	241	08221076	9
0000000482100000	0000000000000000	4	45	080e0296	9
0000000482100080	0000000000000000	5	22	280a0296	9
0000000482300000	0000000000000000	5	12	280e0216	9
0000000482300080	0000000000000000	6	8	280a0256	9
0000000482500000	0000000000000000	5	15	084e8884	9
0000000482500080	0000000000000000	6	2	280a1096	9
0000000482700000	0000000000000000	6	5	280e0816	9
0000000482700080	0000000000000000	7	1	280a1816	9
0000000800800000	0000000000000000	2	1	29841888	9
0000000800800201	0000000000000000	4	1	29881888	9
0000000a00080200	0000000000000000	4	1	29a80888	9
0000000a00880000	0000000000000000	4	3	29848888	9
0000000a00880201	0000000000000000	6	6	2988088a	9
0000000a20880000	0000000000000000	5	1	288c0a88	9
0000001000000000	0000000000000000	1	6	29240981	9
0000001000000400	0000000000000000	2	22	29201883	9
0000001001000000	0000000000000000	2	6	29041a81	9
0000001001000400	0000000000000000	3	22	29001a83	9
0000001001400000	0000000000000000	3	33	29041883	9
0000001001400400	0000000000000000	4	36	29001887	9
0000001040000420	0000000000000000	4	1	28288a81	9
0000001041000000	0000000000000000	3	1	280c8a81	9
0000001041000420	0000000000000000	5	4	28089a81	9
0000001041400000	0000000000000000	4	1	284c8881	9
0000001050000000	0000000000000000	3	2	282c0a81	9
0000001050000424	0000000000000000	6	2	28281a81	9
0000001051000000	0000000000000000	4	6	280c0a83	9
0000001051000424	0000000000000000	7	8	28081a83	9
0000001c00000000	0000000000000000	3	1	29a41880	9
0000001c00000600	0000000000000000	5	2	29a018c0	9
0000001c01900601	0000000000000000	9	1	29881a80	9
0000001c01d00000	0000000000000000	7	2	29849880	9
0000001c01d00601	0000000000000000	10	2	29889880	9
0000001e00080000	0000000000000000	5	1	29ac0880	9
0000001e00080600	0000000000000000	7	1	29a80a80	9
0000001e01980000	0000000000000000	8	1	298c0a80	9
0000001e01980601	0000000000000000	11	5	29880a82	9
0000001e01d80000	0000000000000000	9	6	298c0882	9
0000001e01d80601	0000000000000000	12	1	29c88880	9
0000002000000000	0000000000000000	1	29	28880a49	9
0000002800000000	0000000000000000	2	1	29a41808	9
0000002800000200	0000000000000000	3	2	29a01848	9
0000002800800000	0000000000000000	3	2	29849808	9
0000002800800201	0000000000000000	5	4	2988180a	9
0000002820000000	0000000000000000	3	1	28ac1808	9
0000002a00080000	0000000000000000	4	1	29ac0808	9
0000002a00080200	0000000000000000	5	2	29a80848	9
0000002a00880000	0000000000000000	5	9	298c080a	9
0000002a00880201	0000000000000000	7	6	29880a0a	9
0000002a20880000	0000000000000000	6	1	28cc8808	9
0000003000000000	0000000000000000	2	1	29ac0801	9
0000003001200000	0000000000000000	4	1	298c0a01	9
0000003001200400	0000000000000000	5	4	29880a03	9
0000003001600000	0000000000000000	5	8	29849801	9
0000003001600400	0000000000000000	6	6	29881803	9
0000003c00000000	0000000000000000	4	3	29a41840	9
0000003c00000600	0000000000000000	6	5	29a81840	9
0000003c01b00000	0000000000000000	8	1	298c1a00	9
0000003c01f00000	0000000000000000	9	4	298c1802	9
0000003c01f00601	0000000000000000	12	1	29c89800	9
0000003e00080000	0000000000000000	6	6	29ac0802	9
0000003e00080600	0000000000000000	8	1	29e80840	9
0000003e01b80000	0000000000000000	10	4	298c0a02	9
0000003e01b80601	0000000000000000	13	1	29c88a00	9
0000003e01f80000	0000000000000000	11	10	298c8802	9
0000003e01f80601	0000000000000000	14	1	29c88802	9
0000004000000000	0000000000000000	1	268	2808009f	9
0000004800000000	0000000000000000	2	1	29a41088	9
0000004800000200	0000000000000000	3	3	29a010c8	9
0000004800800000	0000000000000000	3	3	29849088	9
0000004800800201	0000000000000000	5	5	2988108a	9
0000004820000000	0000000000000000	3	1	28ac1088	9
0000004820000210	0000000000000000	5	1	28a810c8	9
0000004820000212	0000000000000000	6	1	28a81288	9
0000004820800000	0000000000000000	4	1	288c1288	9
0000004a00080000	0000000000000000	4	1	29ac0088	9
0000004a00080200	0000000000000000	5	3	29a800c8	9
0000004a00880000	0000000000000000	5	11	298480c8	9
0000004a00880201	0000000000000000	7	7	2988028a	9
0000004a20880000	0000000000000000	6	2	288c8288	9
0000005000000000	0000000000000000	2	25	29241083	9
0000005000000400	0000000000000000	3	53	29201087	9
0000005001000000	0000000000000000	3	18	29041285	9
0000005001000400	0000000000000000	4	29	29009285	9
0000005001400000	0000000000000000	4	43	29049083	9
0000005001400400	0000000000000000	5	23	29081087	9
0000005040000000	0000000000000000	3	2	282c8281	9
0000005040000420	0000000000000000	5	2	28289181	9
0000005041000000	0000000000000000	4	3	280c9281	9
0000005041000420	0000000000000000	6	1	28889281	9
0000005050000000	0000000000000000	4	4	282c1083	9
0000005050000424	0000000000000000	7	7	28281283	9
0000005051000000	0000000000000000	5	5	280c1285	9
0000005c00000000	0000000000000000	4	5	29a410c0	9
0000005c00000600	0000000000000000	6	11	29a011c0	9
0000005c01900000	0000000000000000	7	2	29849280	9
0000005c01900601	0000000000000000	10	5	29881282	9
0000005c01d00000	0000000000000000	8	7	298490c0	9
0000005c70000000	0000000000000000	7	1	28ac10c0	9
0000005c70000634	0000000000000000	12	1	28a812c0	9
0000005e00080000	0000000000000000	6	7	29a480c0	9
0000005e00080600	0000000000000000	8	4	29a802c0	9
0000005e01980000	0000000000000000	9	6	298c0282	9
0000005e01980601	0000000000000000	12	4	29888282	9
0000005e01d80000	0000000000000000	10	11	298c0086	9
0000006000000000	0000000000000000	2	143	2888020f	9
0000006800000000	0000000000000000	3	6	29a41048	9
0000006800000200	0000000000000000	4	13	29a01148	9
0000006800800000	0000000000000000	4	8	298c100a	9
0000006800800201	0000000000000000	6	10	2988120a	9
0000006820000000	0000000000000000	4	7	28ac100a	9
0000006820000210	0000000000000000	6	4	28a81148	9
0000006820000212	0000000000000000	7	5	28a8120a	9
0000006820800000	0000000000000000	5	3	288c120c	9
0000006a00080000	0000000000000000	5	9	29a48048	9
0000006a00080200	0000000000000000	6	7	29a8004a	9
0000006a00880000	0000000000000000	6	24	298c000e	9
0000006a00880201	0000000000000000	8	6	2988020e	9
0000006a20080000	0000000000000000	6	3	28ac0248	9
0000006a20880000	0000000000000000	7	1	28cd0208	9
0000007000000000	0000000000000000	3	11	29a41041	9
0000007000000400	0000000000000000	4	16	29a01043	9
0000007001200000	0000000000000000	5	8	29849201	9
0000007001200400	0000000000000000	6	11	29880207	9
0000007001600000	0000000000000000	6	20	29849003	9
0000007001600400	0000000000000000	7	6	29881007	9
0000007050000000	0000000000000000	5	1	28ac1041	9
0000007050000424	0000000000000000	8	1	28a81241	9
0000007c00000000	0000000000000000	5	18	29a41042	9
0000007c00000600	0000000000000000	7	29	29a09140	9
0000007c01b00000	0000000000000000	9	5	298c1202	9
0000007c01b00601	0000000000000000	12	2	29c89200	9
0000007c01f00000	0000000000000000	10	8	298c9002	9
0000007c60000000	0000000000000000	7	1	28ac9040	9
0000007c60000630	0000000000000000	11	1	28a89240	9
0000007c70000000	0000000000000000	8	4	28ac1044	9
0000007c70000634	0000000000000000	13	4	28a81242	9
0000007e00080000	0000000000000000	7	12	29ac0042	9
0000007e00080600	0000000000000000	9	3	29e80042	9
0000007e01b80000	0000000000000000	11	9	298c0206	9
0000007e01b80601	0000000000000000	14	2	29c90202	9
0000007e01f80000	0000000000000000	12	7	298c8006	9
0000008000000000	0000000000000000	1	260	2908408e	9
0000008008000000	0000000000000000	2	170	2900528c	9
0000008100000000	0000000000000000	2	38	280c408e	9
0000008100000100	0000000000000000	3	20	28084a8c	9
0000008108000000	0000000000000000	3	8	2824508c	9
0000008108000100	0000000000000000	4	2	2820d0c8	9
0000008180000000	0000000000000000	3	15	280c4a84	9
0000008180000180	0000000000000000	5	9	282850a4	9
0000008188000000	0000000000000000	4	2	2824d0c0	9
0000008804000200	0000000000000000	4	1	29281888	9
0000008804800000	0000000000000000	4	1	290c1888	9
0000008804800201	0000000000000000	6	6	2908188a	9
000000880c000000	0000000000000000	4	1	29241888	9
000000880c000200	0000000000000000	5	4	292018c8	9
000000880c800000	0000000000000000	5	3	29041a88	9
000000880c800201	0000000000000000	7	1	29409888	9
0000008924000000	0000000000000000	5	1	282c1888	9
0000008924000312	0000000000000000	9	2	28281a88	9
0000008924800000	0000000000000000	6	1	280c1a88	9
0000008a04080000	0000000000000000	5	1	292c0888	9
0000008a04080200	0000000000000000	6	8	2928088a	9
0000008a04880000	0000000000000000	6	10	290c088a	9
0000008a04880201	0000000000000000	8	14	2908088e	9
0000008a0c080000	0000000000000000	6	1	29248888	9
0000008a0c880000	0000000000000000	7	1	29448888	9
0000008b24080000	0000000000000000	7	2	282c0a88	9
0000008b24880000	0000000000000000	8	3	280c8a88	9
0000008b24880353	0000000000000000	14	1	28490a88	9
0000009c06000000	0000000000000000	6	1	292c1880	9
0000009c06000600	0000000000000000	8	8	29281882	9
0000009c07900000	0000000000000000	9	1	290c1a80	9
0000009c07900601	0000000000000000	12	5	29081a82	9
0000009c07d00000	0000000000000000	10	6	290c1882	9
0000009c07d00601	0000000000000000	13	3	29081886	9
0000009c0e000000	0000000000000000	7	4	292418c0	9
0000009c0e000600	0000000000000000	9	2	296018c0	9
0000009c0fd00000	0000000000000000	11	1	29449880	9
0000009e06080000	0000000000000000	8	8	292c0882	9
0000009e06080600	0000000000000000	10	2	29288a80	9
0000009e07980000	0000000000000000	11	6	290c0a82	9
0000009e07980601	0000000000000000	14	3	29480a82	9
0000009e07d80000	0000000000000000	12	11	290c0886	9
0000009e07d80601	0000000000000000	15	2	29488882	9
0000009e0e080000	0000000000000000	9	1	29648880	9
0000009e0fd80000	0000000000000000	13	1	29458880	9
000000c804000000	0000000000000000	4	1	292c1088	9
000000c804000200	0000000000000000	5	10	2928108a	9
000000c804800000	0000000000000000	5	10	290c108a	9
000000c804800201	0000000000000000	7	12	2908108e	9
000000c80c000000	0000000000000000	5	10	2924108a	9
000000c80c000200	0000000000000000	6	4	292090c8	9
000000c80c800000	0000000000000000	6	2	29049288	9
000000c924000000	0000000000000000	6	8	282c108a	9
000000c924000310	0000000000000000	9	2	282812c8	9
000000c924000312	0000000000000000	10	3	2828128c	9
000000c924800000	0000000000000000	7	2	280c128c	9
000000ca04080000	0000000000000000	6	9	292c008a	9
000000ca04080200	0000000000000000	7	5	2928808a	9
000000ca04880000	0000000000000000	7	22	290c008e	9
000000ca04880201	0000000000000000	9	3	2908028e	9
000000dc06000000	0000000000000000	7	10	292c1082	9
000000dc06000600	0000000000000000	9	26	29281086	9
000000dc07900000	0000000000000000	10	6	290c1282	9
000000dc07900601	0000000000000000	13	4	29081286	9
000000dc07d00000	0000000000000000	11	6	290c1086	9
000000dc07d00601	0000000000000000	14	1	29481086	9
000000dc0e000000	0000000000000000	8	10	292410c4	9
000000dc0e000600	0000000000000000	10	3	296012c0	9
000000dde6000000	0000000000000000	11	2	282c90c0	9
000000ddf6000000	0000000000000000	12	2	282c12c0	9
000000de06080000	0000000000000000	9	11	292c0086	9
000000de07980000	0000000000000000	12	7	290c0286	9
000000de07d80000	0000000000000000	13	7	290c0096	9
000000de07d80601	0000000000000000	16	1	29480096	9
0000010000000000	0000000000000000	1	3543	0100503f	9
0000012000000000	0000000000000000	2	142	28081a0b	9
0000013000000000	0000000000000000	3	11	29241841	9
0000013000000400	0000000000000000	4	10	29281803	9
0000013001200000	0000000000000000	5	7	290c0a03	9
0000013001200400	0000000000000000	6	6	29081a03	9
0000013001600000	0000000000000000	6	22	290c0807	9
0000013001600400	0000000000000000	7	11	29081807	9
0000016000000000	0000000000000000	3	377	2808003f	9
0000017000000000	0000000000000000	4	36	29241043	9
0000017000000400	0000000000000000	5	30	29281007	9
0000017001200000	0000000000000000	6	14	290c0207	9
0000017001200400	0000000000000000	7	7	29081207	9
0000017001600000	0000000000000000	7	17	290c0017	9
0000017001600400	0000000000000000	8	5	29081017	9
0000017040000000	0000000000000000	5	2	282c9041	9
0000017050000000	0000000000000000	6	2	282c1241	9
0000018000000000	0000000000000000	2	519	2908401e	9
0000018008000000	0000000000000000	3	181	29005a0c	9
0000018100000000	0000000000000000	3	70	280c401e	9
0000018100000100	0000000000000000	4	42	2808520e	9
0000018108000000	0000000000000000	4	21	2824504a	9
0000018108000100	0000000000000000	5	3	2860d048	9
0000018180000000	0000000000000000	4	24	282c5006	9
0000018180000180	0000000000000000	6	15	28285046	9
0000018188000000	0000000000000000	5	3	28645044	9
000001a804000000	0000000000000000	5	1	292c1808	9
000001a804000200	0000000000000000	6	10	2928180a	9
000001a804800000	0000000000000000	6	8	290c180a	9
000001a804800201	0000000000000000	8	12	2908180e	9
000001a80c000000	0000000000000000	6	9	2924180a	9
000001a80c000200	0000000000000000	7	2	29601848	9
000001a80c800000	0000000000000000	7	1	29449808	9
000001a924000000	0000000000000000	7	9	282c180a	9
000001a924000310	0000000000000000	10	2	28281a48	9
000001aa04080000	0000000000000000	7	9	292c080a	9
000001aa04080200	0000000000000000	8	6	2928080e	9
000001aa04880000	0000000000000000	8	23	290c080e	9
000001aa04880201	0000000000000000	10	5	2948880a	9
000001aa0c080000	0000000000000000	8	1	29648808	9
000001ab24080000	0000000000000000	9	1	286c8808	9
000001bc06000000	0000000000000000	8	9	292c1802	9
000001bc06000600	0000000000000000	10	23	29281806	9
000001bc07b00000	0000000000000000	12	4	290c1a02	9
000001bc07f00000	0000000000000000	13	6	290c1806	9
000001bc0e000000	0000000000000000	9	4	29241a40	9
000001bc0e000600	0000000000000000	11	1	29609840	9
000001bdf6000000	0000000000000000	13	2	282c1a40	9
000001be06080000	0000000000000000	10	5	292c8802	9
000001be07b80000	0000000000000000	14	2	294c8a00	9
000001be07f80000	0000000000000000	15	8	290c0816	9
000001e804000000	0000000000000000	6	10	292c100a	9
000001e804000200	0000000000000000	7	40	2928100e	9
000001e804800000	0000000000000000	7	26	290c100e	9
000001e804800201	0000000000000000	9	10	2908101e	9
000001e80c000000	0000000000000000	7	26	2924102c	9
000001e80c000200	0000000000000000	8	7	2960104c	9
000001e924000000	0000000000000000	8	25	282c100e	9
000001e924000310	0000000000000000	11	7	2828124c	9
000001e924000312	0000000000000000	12	3	2828122c	9
000001e924800000	0000000000000000	9	1	284d1208	9
000001ea04080000	0000000000000000	8	22	292c000e	9
000001ea04080200	0000000000000000	9	2	29688048	9
000001ea04880000	0000000000000000	9	22	290c001e	9
000001ea04880201	0000000000000000	11	1	2949020c	9
000001eb24080000	0000000000000000	10	1	286d0208	9
000001fc06000000	0000000000000000	9	37	292c1006	9
000001fc06000600	0000000000000000	11	48	29281016	9
000001fc07b00000	0000000000000000	13	5	290c1206	9
000001fc07b00601	0000000000000000	16	1	29491204	9
000001fc07f00000	0000000000000000	14	3	290c1016	9
000001fc0e000000	0000000000000000	10	13	29249140	9
000001fc0e000600	0000000000000000	12	1	29611240	9
000001fde6000000	0000000000000000	13	2	282c9240	9
000001fdf6000000	0000000000000000	14	5	282c1244	9
000001fdf60007b4	0000000000000000	21	1	28691240	9
000001fe06080000	0000000000000000	11	3	296c0042	9
000001fe07b80000	0000000000000000	15	2	294d0202	9
0000020000000000	0000000000000000	1	3233	2000229f	9
0000021041000000	0000000000000000	4	1	28448a81	9
0000021041400000	0000000000000000	5	1	28c48881	9
0000021050000000	0000000000000000	4	1	28241a81	9
0000021051000000	0000000000000000	5	1	28450a81	9
0000022000000000	0000000000000000	2	1	28c48809	9
0000024000000000	0000000000000000	2	26	28049289	9
0000024820000000	0000000000000000	4	1	28a410c8	9
0000025040000000	0000000000000000	4	2	282490c1	9
0000025050000000	0000000000000000	5	2	282412c1	9
0000026000000000	0000000000000000	3	7	28849209	9
0000026820000000	0000000000000000	5	4	28a41148	9
0000027c60000000	0000000000000000	8	1	28e49040	9
000002c92c000000	0000000000000000	8	2	282490c8	9
0000032000000000	0000000000000000	3	2	28241849	9
0000036000000000	0000000000000000	4	18	28209249	9
000003e92c000000	0000000000000000	10	2	28649048	9
0000040000000000	0000000000000000	1	92	23a2008a	9
0000040000000000	0000000000000001	2	151	03a2808a	9
0000040000080000	0000000000000000	2	338	23a00988	9
0000080000000000	0000000000000000	1	6	23861088	9
0000080000000000	0000000000000001	2	21	03861288	9
0000080000000800	0000000000000000	2	18	23821288	9
0000080000000800	0000000000000001	3	37	0382908a	9
0000080000800000	0000000000000000	2	26	2384108a	9
0000080000800801	0000000000000000	4	50	2380900e	9
00000c0000000000	0000000000000000	2	20	2386008a	9
00000c0000000000	0000000000000001	3	33	0386808a	9
00000c0000000800	0000000000000000	3	36	2382808a	9
00000c0000000800	0000000000000001	4	26	0382812c	9
00000c0000880000	0000000000000000	4	70	2384808a	9
00000c0000880801	0000000000000000	6	81	2380812c	9
0000100000000000	0000000000000000	1	179	03020a87	9
0000100000200000	0000000000000000	2	273	03021217	9
0000100000400000	0000000000000000	2	310	03021097	9
0000100000600000	0000000000000000	3	432	03028127	9
0000100001000000	0000000000000000	2	419	03001297	9
0000100001200000	0000000000000000	3	532	03008327	9
0000100001400000	0000000000000000	3	742	03001897	9
0000100001600000	0000000000000000	4	878	03008137	9
0000180000100000	0000000000000000	3	1	23861280	9
0000180000100000	0000000000000001	4	3	03869280	9
0000180000100800	0000000000000000	4	2	23829280	9
0000180000100800	0000000000000001	5	3	038292c0	9
0000180000300000	0000000000000000	4	2	23869200	9
0000180000300000	0000000000000001	5	10	03869202	9
0000180000300800	0000000000000000	5	6	238a1202	9
0000180000300800	0000000000000001	6	11	03829206	9
0000180000500000	0000000000000000	4	3	23869080	9
0000180000500000	0000000000000001	5	10	03869082	9
0000180000500800	0000000000000000	5	8	23829082	9
0000180000500800	0000000000000001	6	8	038a9084	9
0000180000700000	0000000000000000	5	9	23869002	9
0000180000700000	0000000000000001	6	13	038e9002	9
0000180000700800	0000000000000000	6	10	238a1006	9
0000180000700800	0000000000000001	7	6	03829124	9
0000180001900000	0000000000000000	5	3	23849280	9
0000180001900801	0000000000000000	7	14	23801286	9
0000180001b00000	0000000000000000	6	16	23849202	9
0000180001b00801	0000000000000000	8	29	23809206	9
0000180001d00000	0000000000000000	6	24	23841086	9
0000180001d00801	0000000000000000	8	27	23809086	9
0000180001f00000	0000000000000000	7	41	23849006	9
0000180001f00801	0000000000000000	9	35	23809124	9
00001c0000100000	0000000000000000	4	2	23868280	9
00001c0000100000	0000000000000001	5	2	038e8280	9
00001c0000100800	0000000000000000	5	7	238a0282	9
00001c0000300000	0000000000000000	5	8	238e0202	9
00001c0000300000	0000000000000001	6	6	03c68202	9
00001c0000300800	0000000000000000	6	12	238a0206	9
00001c0000300800	0000000000000001	7	2	03828324	9
00001c0000500000	0000000000000000	5	11	23868082	9
00001c0000500000	0000000000000001	6	12	038e8082	9
00001c0000500800	0000000000000000	6	8	238a0086	9
00001c0000700000	0000000000000000	6	18	238e0006	9
00001c0000700000	0000000000000001	7	16	03868124	9
00001c0000700800	0000000000000000	7	9	238a0016	9
00001c0000700800	0000000000000001	8	2	038a8124	9
00001c0001980000	0000000000000000	7	13	23848282	9
00001c0001980801	0000000000000000	9	22	23880286	9
00001c0001b80000	0000000000000000	8	28	238c0206	9
00001c0001b80801	0000000000000000	10	32	23808324	9
00001c0001d80000	0000000000000000	8	46	23848086	9
00001c0001d80801	0000000000000000	10	31	238081a4	9
00001c0001f80000	0000000000000000	9	71	23848124	9
00001c0001f80801	0000000000000000	11	25	23808126	9
0000200000000000	0000000000000000	1	13	232a100a	9
0000200000000000	0000000000000003	3	75	032a100e	9
0000200002000000	0000000000000000	2	71	232a1006	9
0000200002000000	0000000000000003	4	207	032a1016	9
0000200004000000	0000000000000000	2	77	2328100e	9
0000200006000000	0000000000000000	3	253	23281016	9
0000240000000000	0000000000000000	2	56	232a000e	9
0000240000000000	0000000000000003	4	53	032a808a	9
0000240002000000	0000000000000000	3	79	232a0016	9
0000240002000000	0000000000000003	5	23	032a8124	9
0000240004080000	0000000000000000	4	142	2328001e	9
0000240006080000	0000000000000000	5	212	23280096	9
0000280000000000	0000000000000000	2	8	230e100a	9
0000280000000000	0000000000000003	4	13	030e108c	9
0000280000000800	0000000000000000	3	25	230a100e	9
0000280000000800	0000000000000003	5	14	030a120e	9
0000280004800000	0000000000000000	4	32	230c100e	9
0000280004800801	0000000000000000	6	50	2308101e	9
00002c0000000000	0000000000000000	3	29	230e000e	9
00002c0000000000	0000000000000003	5	12	030e808a	9
00002c0000000800	0000000000000000	4	40	230a001e	9
00002c0000000800	0000000000000003	6	2	030a812c	9
00002c0004880000	0000000000000000	6	57	230c001e	9
00002c0004880801	0000000000000000	8	40	2308009e	9
0000380002100000	0000000000000000	5	1	230e1280	9
0000380002100000	0000000000000003	7	3	030e1284	9
0000380002100800	0000000000000000	6	4	230a1282	9
0000380002300000	0000000000000000	6	4	230e1202	9
0000380002300000	0000000000000003	8	3	030e9204	9
0000380002300800	0000000000000000	7	8	230a1206	9
0000380002300800	0000000000000003	9	3	030a1216	9
0000380002500000	0000000000000000	6	4	230e1082	9
0000380002500000	0000000000000003	8	3	030e9084	9
0000380002500800	0000000000000000	7	7	230a1086	9
0000380002500800	0000000000000003	9	1	034a9084	9
0000380002700000	0000000000000000	7	7	230e1006	9
0000380002700000	0000000000000003	9	2	034e9004	9
0000380002700800	0000000000000000	8	5	230a1016	9
0000380007900000	0000000000000000	8	7	230c1282	9
0000380007900801	0000000000000000	10	14	23081286	9
0000380007b00000	0000000000000000	9	14	230c1206	9
0000380007b00801	0000000000000000	11	13	23081216	9
0000380007d00000	0000000000000000	9	22	230c1086	9
0000380007d00801	0000000000000000	11	18	23081096	9
0000380007f00000	0000000000000000	10	20	230c1016	9
0000380007f00801	0000000000000000	12	12	23081816	9
00003c0002100000	0000000000000000	6	5	230e0282	9
00003c0002100000	0000000000000003	8	1	034e8280	9
00003c0002100800	0000000000000000	7	6	230a0286	9
00003c0002300000	0000000000000000	7	6	230e0206	9
00003c0002300000	0000000000000003	9	1	034e8a00	9
00003c0002300800	0000000000000000	8	5	230a0216	9
00003c0002500000	0000000000000000	7	10	230e0086	9
00003c0002500000	0000000000000003	9	2	034e8084	9
00003c0002500800	0000000000000000	8	5	230a0096	9
00003c0002700000	0000000000000000	8	10	230e0016	9
00003c0002700800	0000000000000000	9	3	230a8016	9
00003c0002700800	0000000000000003	11	1	034a8124	9
00003c0007980000	0000000000000000	10	14	230c0286	9
00003c0007980801	0000000000000000	12	10	23080296	9
00003c0007b80000	0000000000000000	11	12	230c0216	9
00003c0007b80801	0000000000000000	13	9	23088216	9
00003c0007d80000	0000000000000000	11	24	230c0096	9
00003c0007d80801	0000000000000000	13	9	23088096	9
00003c0007f80000	0000000000000000	12	19	230c0816	9
00003c0007f80801	0000000000000000	14	4	23088126	9
0000400000000000	0000000000000000	1	224	2302500e	9
0000400000000000	0000000000000002	2	486	0302508e	9
0000400008000000	0000000000000000	2	655	2300501e	9
0000600000000000	0000000000000000	2	67	2322100e	9
0000600000000000	0000000000000003	4	226	0322101e	9
0000600002000000	0000000000000000	3	124	23221016	9
0000600002000000	0000000000000003	5	329	03221056	9
000060000c000000	0000000000000000	4	179	2320101e	9
000060000e000000	0000000000000000	5	323	23201056	9
0000640000000000	0000000000000000	3	16	2322808a	9
0000640000000000	0000000000000003	5	32	0322812c	9
0000640002000000	0000000000000000	4	3	23668080	9
0000640002000000	0000000000000003	6	17	032281a4	9
000064000c080000	0000000000000000	6	24	2320812c	9
000064000e080000	0000000000000000	7	25	232081a4	9
0000680000000000	0000000000000000	3	7	23061288	9
0000680000000000	0000000000000003	5	21	03061a88	9
0000680000000800	0000000000000000	4	10	2302908a	9
0000680000000800	0000000000000003	6	13	0302912c	9
000068000c800000	0000000000000000	6	14	2304908a	9
000068000c800801	0000000000000000	8	7	2300912c	9
00006c0000000000	0000000000000000	4	10	2306808a	9
00006c0000000000	0000000000000003	6	18	0306812c	9
00006c0000000800	0000000000000000	5	4	2342808a	9
00006c0000000800	0000000000000003	7	6	030281ac	9
00006c000c880000	0000000000000000	8	11	2304812c	9
00006c000c880801	0000000000000000	10	2	230081ac	9
0000780002100000	0000000000000000	6	1	23069280	9
0000780002100000	0000000000000003	8	1	03469280	9
0000780002100800	0000000000000000	7	1	23429280	9
0000780002300000	0000000000000000	7	1	23469200	9
0000780002300000	0000000000000003	9	3	03469204	9
0000780002300800	0000000000000003	10	2	03029324	9
0000780002500000	0000000000000000	7	1	23469080	9
0000780002500000	0000000000000003	9	3	03469084	9
0000780002700000	0000000000000000	8	1	23469800	9
0000780002700000	0000000000000003	10	1	03469804	9
0000780002700800	0000000000000003	11	1	03429124	9
000078000f900000	0000000000000000	10	1	23449280	9
000078000f900801	0000000000000000	12	1	23419280	9
000078000fb00000	0000000000000000	11	3	23449204	9
000078000fb00801	0000000000000000	13	1	23409320	9
000078000fd00000	0000000000000000	11	7	23441086	9
000078000fd00801	0000000000000000	13	3	230091a4	9
000078000ff00000	0000000000000000	12	2	23049124	9
000078000ff00801	0000000000000000	14	1	23409124	9
00007c0002100000	0000000000000000	7	1	23468280	9
00007c0002100000	0000000000000003	9	1	03468a80	9
00007c0002300000	0000000000000003	10	1	03468320	9
00007c0002300800	0000000000000003	11	1	03428324	9
00007c0002500000	0000000000000000	8	1	23468880	9
00007c0002500800	0000000000000003	11	1	034281a4	9
00007c0002700000	0000000000000003	11	1	03468124	9
00007c0002700800	0000000000000000	10	1	23428124	9
00007c0002700800	0000000000000003	12	2	03428924	9
00007c000f980000	0000000000000000	12	2	23448a80	9
00007c000fb80000	0000000000000000	13	1	23448320	9
00007c000fb80801	0000000000000000	15	2	23408324	9
00007c000fd80000	0000000000000000	13	5	230481a4	9
00007c000fd80801	0000000000000000	15	1	234081a4	9
00007c000ff80000	0000000000000000	14	1	23448124	9
00007c000ff80801	0000000000000000	16	3	23408126	9
0000800000000000	0000000000000000	1	1546	00161a85	9
0000800000002000	0000000000000000	2	1373	001a1a85	9
0000800000003000	0000000000000000	3	863	00331324	9
0000800010000000	0000000000000000	2	2895	00341097	9
0000800010002004	0000000000000000	4	2009	00301297	9
0000800010003004	0000000000000000	5	236	00381364	9
0000800010003006	0000000000000000	6	546	003813a4	9
000080001000300c	0000000000000000	6	158	02301076	9
000080001000300e	0000000000000000	7	267	00711324	9
0001000000000000	0000000000000000	1	9	22a6100c	9
0001000000000000	0000000000000001	2	35	02a6104c	9
0001000000004000	0000000000000000	2	20	22a2120c	9
0001000000004000	0000000000000001	3	66	02a2112c	9
0001000020000000	0000000000000000	2	28	22a4104c	9
0001000020004010	0000000000000000	4	7	22a8104a	9
0001000020004012	0000000000000000	5	31	22a8100e	9
0001000020004018	0000000000000000	5	4	22a090c8	9
000100002000401a	0000000000000000	6	16	22a0120e	9
0001040000000000	0000000000000000	2	12	22a68088	9
0001040000000000	0000000000000001	3	8	02a68188	9
0001040000004000	0000000000000000	3	6	22aa020a	9
0001040000004000	0000000000000001	4	1	02a2812c	9
0001040020080000	0000000000000000	4	26	22a48188	9
0001040020084012	0000000000000000	7	6	22a8020e	9
0002000000000000	0000000000000000	1	111	02268125	9
0002000000008000	0000000000000000	2	193	02228127	9
0002000040000000	0000000000000000	2	349	02248127	9
0002000040008020	0000000000000000	4	448	022081a7	9
0002100000000000	0000000000000000	2	29	020683a1	9
0002100000008000	0000000000000000	3	38	020283a5	9
0002100000200000	0000000000000000	3	29	02068325	9
0002100000208000	0000000000000000	4	29	02028327	9
0002100000400000	0000000000000000	3	30	020681a5	9
0002100000408000	0000000000000000	4	7	020291a5	9
0002100000600000	0000000000000000	4	23	02068925	9
0002100000608000	0000000000000000	5	17	02029127	9
0002100041000000	0000000000000000	4	66	020483a5	9
0002100041008020	0000000000000000	6	71	020083a7	9
0002100041200000	0000000000000000	5	63	02048327	9
0002100041208020	0000000000000000	7	68	02008337	9
0002100041400000	0000000000000000	5	63	020481a7	9
0002100041408020	0000000000000000	7	22	020091a7	9
0002100041600000	0000000000000000	6	62	02049127	9
0002100041608020	0000000000000000	8	44	02089127	9
0002800000000000	0000000000000000	2	96	02261087	9
000280000000a000	0000000000000000	4	176	02221097	9
0002800050000000	0000000000000000	4	215	02241097	9
000280005000a024	0000000000000000	8	248	02201297	9
0002900000000000	0000000000000000	3	12	020e1a81	9
000290000000a000	0000000000000000	5	9	02021a87	9
0002900000200000	0000000000000000	4	1	228e0203	9
000290000020a000	0000000000000000	6	2	220a1207	9
0002900000400000	0000000000000000	4	1	228e0083	9
0002900000600000	0000000000000000	5	1	220e1007	9
0002900051000000	0000000000000000	6	18	02441a85	9
000290005100a024	0000000000000000	10	11	22081287	9
0002900051200000	0000000000000000	7	4	220c1207	9
000290005120a024	0000000000000000	11	1	22881207	9
0002900051400000	0000000000000000	7	4	220c1087	9
0002900051600000	0000000000000000	8	2	220c1017	9
0003000000000000	0000000000000000	2	4	22a69040	9
0003000000000000	0000000000000001	3	17	02a69044	9
000300000000d000	0000000000000000	5	5	22a29240	9
000300000000d000	0000000000000001	6	16	02a29124	9
0003000060000000	0000000000000000	4	30	22a49044	9
000300006000d030	0000000000000000	9	6	22a89042	9
000300006000d032	0000000000000000	10	17	22a89006	9
000300006000d038	0000000000000000	10	1	22e090c0	9
000300006000d03a	0000000000000000	11	5	22a09124	9
0003040000000000	0000000000000000	3	3	22ae8080	9
0003040000000000	0000000000000001	4	1	02ee8040	9
0003040060080000	0000000000000000	6	18	22ac8006	9
000304006008d032	0000000000000000	12	4	22a88124	9
0003800000000000	0000000000000000	3	8	22a61240	9
0003800000000000	0000000000000001	4	16	02a61206	9
000380000000f000	0000000000000000	7	13	22a21206	9
000380000000f000	0000000000000001	8	23	02a21216	9
0003800070000000	0000000000000000	6	40	22a41206	9
000380007000f034	0000000000000000	13	11	22a81046	9
000380007000f036	0000000000000000	14	31	22a81016	9
000380007000f03c	0000000000000000	14	1	22a01246	9
000380007000f03e	0000000000000000	15	2	22a01216	9
0003840000000000	0000000000000000	4	1	22ae0280	9
000384000000f000	0000000000000000	8	1	22aa0206	9
0003840070080000	0000000000000000	8	11	22ac0206	9
000384007008f036	0000000000000000	16	3	22a80286	9
0004000000000000	0000000000000000	1	787	029401ac	9
0004000000010000	0000000000000000	2	217	0292112c	9
0004000000010040	0000000000000000	3	15	02989148	9
0004000000010042	0000000000000000	4	192	029801ac	9
0004000000010048	0000000000000000	4	6	0290816c	9
000400000001004a	0000000000000000	5	112	0290132c	9
0004000000011000	0000000000000000	3	47	029281a4	9
0004000000011040	0000000000000000	4	6	22988242	9
0004000000011042	0000000000000000	5	98	02988126	9
0004000000011048	0000000000000000	5	2	02909164	9
000400000001104a	0000000000000000	6	35	02908326	9
0004800000000000	0000000000000000	2	39	229e0006	9
0004800000013000	0000000000000000	5	32	229a0016	9
0004800010000000	0000000000000000	3	121	229c0016	9
0004800010013044	0000000000000000	8	2	22980246	9
0004800010013046	0000000000000000	9	58	22980096	9
0005080000000000	0000000000000000	3	3	22869088	9
0005080000000000	0000000000000001	4	3	02869188	9
0005080000014800	0000000000000000	6	2	228a120c	9
0005080000014800	0000000000000001	7	1	0282912c	9
0005080020800000	0000000000000000	5	10	22849188	9
0005080020814853	0000000000000000	12	1	2288120e	9
000508002081485b	0000000000000000	13	1	2280912c	9
00050c0000000000	0000000000000000	4	11	22868188	9
00050c0000000000	0000000000000001	5	4	0286812c	9
00050c0000014800	0000000000000000	7	1	228a020e	9
00050c0000014800	0000000000000001	8	1	02c2812c	9
00050c0020880000	0000000000000000	7	20	2284812c	9
00050c0020894853	0000000000000000	14	1	2288812c	9
00050c002089485b	0000000000000000	15	1	22c0812c	9
0007180061900000	0000000000000000	10	1	228c9280	9
0007180061b00000	0000000000000000	11	1	22cc9200	9
0007180061f00000	0000000000000000	12	1	22cc9100	9
00071c0000100000	0000000000000000	7	1	228e8280	9
00071c0000700000	0000000000000001	10	1	02c68124	9
00071c0061980000	0000000000000000	12	3	228c8282	9
00071c0061b80000	0000000000000000	13	5	228c8206	9
00071c0061b9d873	0000000000000000	23	2	22888324	9
00071c0061b9d87b	0000000000000000	24	1	22c08324	9
00071c0061d80000	0000000000000000	13	3	22cc8082	9
00071c0061f80000	0000000000000000	14	4	228c8124	9
00071c0061f9d873	0000000000000000	24	1	22c88124	9
000798007191f877	0000000000000000	24	1	22881286	9
0007980071b00000	0000000000000000	13	1	228c1206	9
00079c0071980000	0000000000000000	14	3	228c0286	9
00079c0071b80000	0000000000000000	15	1	228c0216	9
0008000000000000	0000000000000000	1	9	222e400a	9
0008000000000000	0000000000000002	2	16	022e408c	9
0008000000020000	0000000000000000	2	24	222a400e	9
0008000000020000	0000000000000002	3	34	022a500e	9
0008000080000000	0000000000000000	2	11	222e4006	9
0008000080000000	0000000000000002	3	22	022e5006	9
0008000080020080	0000000000000000	4	22	222a5006	9
0008000080020080	0000000000000002	5	45	022a5016	9
0008000100000000	0000000000000000	2	34	222c400e	9
0008000100020100	0000000000000000	4	55	2228408e	9
0008000180000000	0000000000000000	3	71	222c4016	9
0008000180020180	0000000000000000	6	87	22284286	9
0008400000000000	0000000000000000	2	12	2226500a	9
0008400000000000	0000000000000002	3	41	0226500e	9
0008400000020000	0000000000000000	3	31	2222500e	9
0008400000020000	0000000000000002	4	54	0222501e	9
0008400080000000	0000000000000000	3	10	22265044	9
0008400080000000	0000000000000002	4	29	02265064	9
0008400080020080	0000000000000000	5	17	222250a4	9
0008400080020080	0000000000000002	6	32	02225216	9
0008400108000000	0000000000000000	4	31	2224500e	9
0008400108020100	0000000000000000	6	34	2220508e	9
0008400188000000	0000000000000000	5	34	22245046	9
0008400188020180	0000000000000000	8	36	22205216	9
0009200000000000	0000000000000000	3	12	222e100a	9
0009200000000000	0000000000000003	5	38	022e100e	9
0009200000024000	0000000000000000	5	37	222a100e	9
0009200000024000	0000000000000003	7	53	022a101e	9
0009200124000000	0000000000000000	6	49	222c100e	9
0009200124024110	0000000000000000	10	15	2228104e	9
0009200124024112	0000000000000000	11	52	2228101e	9
0009240000000000	0000000000000000	4	13	222e000e	9
0009240000000000	0000000000000003	6	4	022e8888	9
0009240000024000	0000000000000000	6	1	222a020e	9
0009240000024000	0000000000000003	8	1	022a812c	9
0009240124080000	0000000000000000	8	11	222c808a	9
00092401240a4112	0000000000000000	13	1	2228812c	9
0009600000000000	0000000000000000	4	14	2226104c	9
0009600000000000	0000000000000003	6	52	0226106c	9
0009600000024000	0000000000000000	6	11	2222120e	9
0009600000024000	0000000000000003	8	31	0222121e	9
000960012c000000	0000000000000000	8	16	2224904c	9
000960012c02411a	0000000000000000	14	3	2220912c	9
0009640000000000	0000000000000003	7	2	0226812c	9
0009640000024000	0000000000000003	9	1	0262812c	9
000b200082000000	0000000000000000	6	5	222e9004	9
000b200082000000	0000000000000003	8	10	022e9044	9
000b20008202d080	0000000000000000	11	9	222a9006	9
000b20008202d080	0000000000000003	13	8	022a9124	9
000b2001e6000000	0000000000000000	10	31	222c9006	9
000b2001e602d1b0	0000000000000000	18	7	22289046	9
000b2001e602d1b2	0000000000000000	19	23	22289016	9
000b2401e6080000	0000000000000000	12	1	226d8200	9
000b600082000000	0000000000000000	7	2	222690c0	9
000b600082000000	0000000000000003	9	7	02269124	9
000b60008202d080	0000000000000003	14	5	02229164	9
000b6001ee000000	0000000000000000	12	4	22249124	9
000b6001ee02d1ba	0000000000000000	22	3	222091a4	9
000ba00082000000	0000000000000000	7	11	222e1006	9
000ba00082000000	0000000000000003	9	15	022e1064	9
000ba0008202f080	0000000000000000	13	20	222a1016	9
000ba0008202f080	0000000000000003	15	16	022a1216	9
000ba001f6000000	0000000000000000	12	41	222c1016	9
000ba001f602f1b4	0000000000000000	22	8	22281056	9
000ba001f602f1b6	0000000000000000	23	23	22281096	9
000be00082000000	0000000000000003	10	2	02261216	9
000be0008202f080	0000000000000003	16	3	02621216	9
000be001fe000000	0000000000000000	14	1	22651204	9
000be001fe02f1be	0000000000000000	26	1	22611206	9
0010000000000000	0000000000000000	1	3690	0010d1ac	9
0014000000000000	0000000000000000	2	695	0214812e	9
0014000000010000	0000000000000000	3	155	0212812e	9
0014000000010042	0000000000000000	5	111	0218812e	9
0014000000010048	0000000000000000	5	3	0210916c	9
001400000001004a	0000000000000000	6	28	0210832e	9
0014000000011000	0000000000000000	4	15	02129324	9
0014000000011042	0000000000000000	6	25	02189324	9
001400000001104a	0000000000000000	7	17	02109326	9
0014800000000000	0000000000000000	3	25	221e0016	9
0014800000013000	0000000000000000	6	9	221a0096	9
0014800010000000	0000000000000000	4	35	221c0096	9
0014800010013046	0000000000000000	10	6	22181216	9
0018000000000000	0000000000000000	2	15	220e400e	9
0018000000000000	0000000000000002	3	2	020ed088	9
0018000000020000	0000000000000000	3	10	220a401e	9
0018000080000000	0000000000000000	3	3	220e4016	9
0018000080020080	0000000000000000	5	2	220a5206	9
0018000100000000	0000000000000000	3	19	220c401e	9
0018000100020100	0000000000000000	5	4	2208520e	9
0018000180000000	0000000000000000	4	14	220c4096	9
0018000180020180	0000000000000000	7	5	22085216	9
0018400000000000	0000000000000000	3	3	2206d088	9
0018400000000000	0000000000000002	4	3	0206d08c	9
0018400108000000	0000000000000000	5	3	2204c12c	9
0018400108020100	0000000000000000	7	2	2200d12c	9
0018400188000000	0000000000000000	6	1	2244c124	9
0018400188020180	0000000000000000	9	3	2240c1a4	9
001d2c0000000000	0000000000000000	7	2	220e8288	9
001d2c0124880000	0000000000000000	12	1	220c812c	9
001d2c01248b4953	0000000000000000	21	2	2208832c	9
001d680000000000	0000000000000003	9	1	02469888	9
001d6c0000000000	0000000000000003	10	1	0246812c	9
001d6c012c880000	0000000000000000	14	1	2244812c	9
001f3c01e7bbd9f3	0000000000000000	33	1	22488324	9
001f3c01e7f80000	0000000000000000	21	1	224c8124	9
0020000000000000	0000000000000000	1	1113	0036812c	9
0020000000001000	0000000000000000	2	13	00ba8124	9
0020000200000000	0000000000000000	2	1783	003481ac	9
0020000200000002	0000000000000000	3	91	0038832c	9
0020000200000008	0000000000000000	3	1	00b0816c	9
002000020000000a	0000000000000000	4	9	00b0812e	9
0020000200001000	0000000000000000	3	3	20b882c0	9
0020000200001002	0000000000000000	4	16	00b881a4	9
0020800000000000	0000000000000000	2	23	00fe00c0	9
0020800000003000	0000000000000000	4	11	203a0096	9
0020800210000000	0000000000000000	4	36	203c0096	9
0020800210003004	0000000000000000	7	1	20f90240	9
0020800210003006	0000000000000000	8	7	20b80286	9
0040000000000000	0000000000000000	1	7	21a61048	9
0040000000000000	0000000000000001	2	37	01a6104c	9
0040000000040000	0000000000000000	2	16	21a210c8	9
0040000000040000	0000000000000001	3	49	01a2112c	9
0041000000000000	0000000000000000	2	4	20ae1048	9
0041000000000000	0000000000000001	3	6	00a69248	9
0041000000044000	0000000000000000	4	5	20aa120c	9
0041000000044000	0000000000000001	5	1	00ea1248	9
0060040000000000	0000000000000000	3	6	21ae000a	9
0060040000000000	0000000000000001	4	5	01ae8088	9
0060040000040000	0000000000000000	4	5	21aa020a	9
0080000000000000	0000000000000000	1	862	01221097	9
0080100000000000	0000000000000000	2	235	01021297	9
0080100000200000	0000000000000000	3	134	01029325	9
0080100000400000	0000000000000000	3	186	010291a5	9
0080100000600000	0000000000000000	4	107	01069125	9
0082000000000000	0000000000000000	2	34	00269283	9
0082000000008000	0000000000000000	3	32	002291a5	9
0082100000000000	0000000000000000	3	17	000e9a81	9
0082100000008000	0000000000000000	4	6	00439a81	9
0082100000200000	0000000000000000	4	2	208e9201	9
0082100000208000	0000000000000000	5	1	008a8325	9
0082800000000000	0000000000000000	3	37	00261ac1	9
008280000000a000	0000000000000000	5	33	002213a5	9
0082900000000000	0000000000000000	4	13	00471a81	9
008290000000a000	0000000000000000	6	4	200a1287	9
00c0000400000000	0000000000000000	3	16	21a610c0	9
00c0000400000000	0000000000000001	4	69	01a611c0	9
00c0000400040000	0000000000000000	4	28	21a212c0	9
00c0000400040000	0000000000000001	5	69	01a29124	9
00c3000400000000	0000000000000001	6	2	00ae9240	9
00c3800400000000	0000000000000000	6	2	20ae1240	9
00c3800400000000	0000000000000001	7	1	00ee1240	9
00c380040004f000	0000000000000000	11	2	20aa12c0	9
00e0040400000000	0000000000000000	5	5	21ae0280	9
00e0040400000000	0000000000000001	6	3	01ee0240	9
00e0040400040000	0000000000000000	6	1	21aa8280	9
0100000000000000	0000000000000000	1	159	20081a8b	9
0100002000000000	0000000000000000	2	30	208c8a09	9
0100004000000000	0000000000000000	2	695	200800bf	9
0100006000000000	0000000000000000	3	351	2088003f	9
0100012000000000	0000000000000000	3	124	2028184b	9
0100016000000000	0000000000000000	4	652	2008023f	9
0100020000000000	0000000000000000	2	19	20049a89	9
0100024000000000	0000000000000000	3	45	20059289	9
0100026000000000	0000000000000000	4	11	2084812d	9
0100036000000000	0000000000000000	5	13	20219249	9
0140002800000000	0000000000000000	4	1	21ac1808	9
0140002800040200	0000000000000000	6	1	21a81908	9
0140004800000000	0000000000000000	4	6	21a410c8	9
0140004800040200	0000000000000000	6	13	21a090c8	9
0140006800000000	0000000000000000	5	19	21a41148	9
0140006800040200	0000000000000000	7	34	21a8100e	9
0141004820000000	0000000000000000	6	2	20ac1288	9
0141004820044212	0000000000000000	11	1	20a89288	9
0141006820000000	0000000000000000	7	11	20ac1148	9
0141006820044210	0000000000000000	11	1	20e81248	9
0141006820044212	0000000000000000	12	1	20e91208	9
0160044a00080000	0000000000000000	8	6	21ac008a	9
0160044a000c0200	0000000000000000	10	6	21a8028a	9
0160046a00080000	0000000000000000	9	14	21ac010a	9
0160046a000c0200	0000000000000000	11	5	21a8012c	9
0180001000000000	0000000000000000	3	15	21241883	9
0180001000000400	0000000000000000	4	41	21201887	9
0180003000000400	0000000000000000	5	2	21a81803	9
0180005000000000	0000000000000000	4	103	21241087	9
0180005000000400	0000000000000000	5	194	21201097	9
0180007000000000	0000000000000000	5	43	21a41043	9
0180007000000400	0000000000000000	6	66	21a08125	9
0180013000000000	0000000000000000	5	10	212c1803	9
0180013000000400	0000000000000000	6	18	21281807	9
0180017000000000	0000000000000000	6	88	21249007	9
0180017000000400	0000000000000000	7	85	21209125	9
0180101001000000	0000000000000000	5	16	21041a85	9
0180101001000400	0000000000000000	6	34	21009a83	9
0180101001400000	0000000000000000	6	28	21049885	9
0180101001400400	0000000000000000	7	27	21081887	9
0180103001200000	0000000000000000	7	3	218c0a03	9
0180103001200400	0000000000000000	8	3	21881a03	9
0180103001600000	0000000000000000	8	7	218c1803	9
0180103001600400	0000000000000000	9	3	21881807	9
0180105001000000	0000000000000000	6	63	21041287	9
0180105001000400	0000000000000000	7	90	210083a5	9
0180105001400000	0000000000000000	7	102	210481a5	9
0180105001400400	0000000000000000	8	61	210091a5	9
0180107001200000	0000000000000000	8	28	21849203	9
0180107001200400	0000000000000000	9	35	21808325	9
0180107001600000	0000000000000000	9	45	21848125	9
0180107001600400	0000000000000000	10	21	21808127	9
0180113001200000	0000000000000000	8	3	210c9a01	9
0180113001200400	0000000000000000	9	4	21081a07	9
0180113001600000	0000000000000000	9	9	210c1807	9
0180113001600400	0000000000000000	10	2	21481807	9
0180117001200000	0000000000000000	9	27	210c0217	9
0180117001200400	0000000000000000	10	16	21009325	9
0180117001600000	0000000000000000	10	24	21049125	9
0180117001600400	0000000000000000	11	8	21088127	9
0182001040000000	0000000000000000	5	1	202c9881	9
0182001040008420	0000000000000000	8	1	20289a81	9
0182005040000000	0000000000000000	6	12	202c8283	9
0182005040008420	0000000000000000	9	10	20289283	9
0182007040000000	0000000000000000	7	2	20ac9101	9
0182007040008420	0000000000000000	10	2	20a89203	9
0182017040000000	0000000000000000	8	6	202c9007	9
0182017040008420	0000000000000000	11	1	20289125	9
0182021040000000	0000000000000000	6	2	20249a81	9
0182021040008420	0000000000000000	9	1	20609a81	9
0182025040000000	0000000000000000	7	6	202492c1	9
0182101041000000	0000000000000000	7	3	200c9a81	9
0182101041008420	0000000000000000	10	2	20498a81	9
0182105041000000	0000000000000000	8	10	200c9283	9
0182105041008420	0000000000000000	11	3	200883a5	9
0182105041400000	0000000000000000	9	1	200c81a5	9
0182107041200000	0000000000000000	10	1	20cd8201	9
0182107041208420	0000000000000000	13	1	20888325	9
0182107041600000	0000000000000000	11	1	208c8125	9
0182117041200000	0000000000000000	11	1	200c8325	9
0182117041208420	0000000000000000	14	1	20089325	9
0182121041000000	0000000000000000	8	3	20449a81	9
0182125041400000	0000000000000000	10	1	208481a5	9
0182801050000000	0000000000000000	7	1	202c1a81	9
018280105000a424	0000000000000000	12	6	20281a83	9
0182805050000000	0000000000000000	8	17	202c1087	9
018280505000a424	0000000000000000	13	18	202811a5	9
0182807050000000	0000000000000000	9	2	20ac1203	9
0182817050000000	0000000000000000	10	2	202c1207	9
018282105000a424	0000000000000000	13	1	20611a81	9
0182901051000000	0000000000000000	9	3	204c1a81	9
018290105100a424	0000000000000000	14	2	20491a81	9
0182905051000000	0000000000000000	10	8	200c1287	9
018290505100a424	0000000000000000	15	2	208803a5	9
01c0001c00040600	0000000000000000	9	1	21a89880	9
01c0003c00000000	0000000000000000	7	5	21ac1900	9
01c0003c00040600	0000000000000000	10	4	21a81b00	9
01c0005c00000000	0000000000000000	7	23	21a411c0	9
01c0005c00040600	0000000000000000	10	41	21a091c0	9
01c0007c00000000	0000000000000000	8	58	21a41340	9
01c0007c00040600	0000000000000000	11	74	21a09124	9
01c3005c60000000	0000000000000000	11	3	20ac90c0	9
01c3007c60000000	0000000000000000	12	5	20ac9140	9
01c3007c6004d632	0000000000000000	21	1	20a89124	9
01c3805c70000000	0000000000000000	13	1	20ac12c0	9
01c3807c70000000	0000000000000000	14	4	20ac1340	9
01c3807c7004f634	0000000000000000	24	1	20e91240	9
01c3807c7004f636	0000000000000000	25	1	20a81324	9
01e0043e00080000	0000000000000000	11	1	21ec8800	9
01e0045e00080000	0000000000000000	11	19	21ac0086	9
01e0045e000c0600	0000000000000000	14	8	21a801a4	9
01e0047e00080000	0000000000000000	12	24	21ac8006	9
01e0047e000c0600	0000000000000000	15	5	21a80324	9
0200000000000000	0000000000000000	1	2781	011091ac	9
0204000000000000	0000000000000000	2	142	0094912c	9
0204000000010000	0000000000000000	3	37	0092912c	9
0204000000010040	0000000000000000	4	1	20989248	9
0204000000010042	0000000000000000	5	47	0098132c	9
020400000001004a	0000000000000000	6	5	009091ac	9
0204000000011000	0000000000000000	4	4	209a9202	9
0204000000011042	0000000000000000	6	10	00989324	9
0204800000000000	0000000000000000	3	7	209e1006	9
0204800000013000	0000000000000000	6	5	209a1016	9
0204800010000000	0000000000000000	4	19	209c1016	9
0204800010013046	0000000000000000	10	7	20981216	9
0214000000000000	0000000000000000	3	115	0016912c	9
0214000000010000	0000000000000000	4	39	001a912c	9
0214000000010042	0000000000000000	6	16	0018932c	9
021400000001004a	0000000000000000	7	1	2050912c	9
0214000000011000	0000000000000000	5	1	201a9016	9
0214000000011042	0000000000000000	7	3	201891a4	9
0214800000000000	0000000000000000	4	2	201e1016	9
0214800000013000	0000000000000000	7	3	201a1096	9
0214800010000000	0000000000000000	5	1	205d1280	9
0214800010013046	0000000000000000	11	1	201813a4	9
0220000000000000	0000000000000000	2	863	0112832c	9
0220000200000000	0000000000000000	3	1423	011481ac	9
0224000000000000	0000000000000000	3	105	0096812c	9
0224000000010000	0000000000000000	4	66	009281ac	9
0224000000011000	0000000000000000	5	4	209a8016	9
0224000200000000	0000000000000000	4	182	0094812e	9
0224000200010040	0000000000000000	6	1	2098016c	9
0224000200010042	0000000000000000	7	54	0098812e	9
022400020001004a	0000000000000000	8	11	009083ac	9
0224000200011042	0000000000000000	8	10	00d88324	9
0224800000000000	0000000000000000	4	9	209e0016	9
0224800000013000	0000000000000000	7	3	209a0216	9
0224800210000000	0000000000000000	6	18	209c0096	9
0224800210013046	0000000000000000	12	4	20980326	9
0234000000000000	0000000000000000	4	74	001e812c	9
0234000000010000	0000000000000000	5	20	001a832c	9
0234000200000000	0000000000000000	5	47	001c81ac	9
0234000200010040	0000000000000000	7	1	2018816c	9
0234000200010042	0000000000000000	8	11	2018032e	9
0234000200011042	0000000000000000	9	2	201883a4	9
0234800000000000	0000000000000000	5	3	201e0096	9
0234800000013000	0000000000000000	8	2	201a0296	9
0234800210000000	0000000000000000	7	1	205c0096	9
0240080000000000	0000000000000000	3	7	21869088	9
0240080000000000	0000000000000001	4	8	01869288	9
0240080000040800	0000000000000000	5	11	218a108c	9
0240080000040800	0000000000000001	6	1	01c29288	9
02600c0000000000	0000000000000000	5	18	218e000e	9
02600c0000000000	0000000000000001	6	6	01c68188	9
02600c0000040800	0000000000000000	7	12	218a020e	9
02c0180400100000	0000000000000000	7	2	21869280	9
02c0180400100000	0000000000000001	8	2	018e9280	9
02c0180400140800	0000000000000000	9	4	218a1282	9
02c0180400300000	0000000000000000	8	4	218e1202	9
02c0180400300000	0000000000000001	9	2	01c69240	9
02c0180400340800	0000000000000000	10	5	218a1206	9
02c0180400500000	0000000000000000	8	4	218e1084	9
02c0180400500000	0000000000000001	9	3	01c69084	9
02c0180400700000	0000000000000000	9	2	218e9004	9
02c0180400700000	0000000000000001	10	1	01ce9004	9
02e01c0400100000	0000000000000000	9	5	218e0282	9
02e01c0400140800	0000000000000000	11	5	218a0286	9
02e01c0400300000	0000000000000000	10	4	218e8202	9
02e01c0400500000	0000000000000000	10	3	218e8082	9
02e01c0400700000	0000000000000000	11	2	21ce8002	9
02e01c0400700000	0000000000000001	12	1	01c68124	9
0340084800800000	0000000000000000	7	6	218c108a	9
0340084800840a01	0000000000000000	11	10	218810ac	9
0340086800800000	0000000000000000	8	13	218c100e	9
0340086800840a01	0000000000000000	12	8	2188120e	9
03600c0a00880000	0000000000000000	10	2	218c8888	9
03600c2a00880000	0000000000000000	11	1	21cc8808	9
03600c4a00880000	0000000000000000	11	22	218c008e	9
03600c4a008c0a01	0000000000000000	15	6	2188028e	9
03600c6a00880000	0000000000000000	12	19	218c020e	9
03600c6a008c0a01	0000000000000000	16	3	2188812c	9
03650c6a20880000	0000000000000000	15	1	208c812c	9
03c0181c01d00000	0000000000000000	13	1	21c49880	9
03c0183c01f00000	0000000000000000	15	1	21cc9800	9
03c0185c01900000	0000000000000000	13	9	218c1282	9
03c0185c01940e01	0000000000000000	18	12	21881286	9
03c0185c01d00000	0000000000000000	14	14	218c1086	9
03c0185c01d40e01	0000000000000000	19	8	218810a6	9
03c0187c01b00000	0000000000000000	15	12	218c1206	9
03c0187c01b40e01	0000000000000000	20	8	21881216	9
03c0187c01f00000	0000000000000000	16	8	218c1016	9
03c0187c01f40e01	0000000000000000	21	2	21889124	9
03e01c1e01980000	0000000000000000	16	1	218c8a80	9
03e01c1e01d80000	0000000000000000	17	1	21cc8880	9
03e01c3e01b80000	0000000000000000	18	1	21cc8a00	9
03e01c3e01f80000	0000000000000000	19	1	21cc8802	9
03e01c5e01980000	0000000000000000	17	16	218c0286	9
03e01c5e019c0e01	0000000000000000	22	7	218803a4	9
03e01c5e01d80000	0000000000000000	18	18	218481a4	9
03e01c5e01dc0e01	0000000000000000	23	4	218881a4	9
03e01c7e01b80000	0000000000000000	19	13	218c0216	9
03e01c7e01bc0e01	0000000000000000	24	3	21888324	9
03e01c7e01f80000	0000000000000000	20	12	218c8016	9
03e01c7e01fc0e01	0000000000000000	25	2	21888126	9
03e71c7e61b80000	0000000000000000	24	1	208c8324	9
0400000000000000	0000000000000000	1	384	210a401e	9
0400000000000000	0000000000000002	2	226	010a528c	9
0400008000000000	0000000000000000	2	451	2108409e	9
0400018000000000	0000000000000000	3	565	2108421e	9
0400400000000000	0000000000000000	2	149	2102528c	9
0400400000000000	0000000000000002	3	246	0106528c	9
0400408008000000	0000000000000000	4	169	2100d1a4	9
0400418008000000	0000000000000000	5	170	2120512c	9
0408000000000000	0000000000000000	2	13	202e408c	9
0408000000000000	0000000000000002	3	14	002e504c	9
0408000000020000	0000000000000000	3	21	202a500e	9
0408000000020000	0000000000000002	4	7	002a50cc	9
0408000080000000	0000000000000000	3	11	202e5024	9
0408000080000000	0000000000000002	4	5	002e50c4	9
0408000080020080	0000000000000000	5	12	202a5064	9
0408008100000000	0000000000000000	4	9	202c508a	9
0408008100020100	0000000000000000	6	7	202850ac	9
0408008180000000	0000000000000000	5	16	202c5086	9
0408008180020180	0000000000000000	8	8	202851a4	9
0408018100000000	0000000000000000	5	23	202c500e	9
0408018100020100	0000000000000000	7	13	2028512c	9
0408018180000000	0000000000000000	6	18	202c5016	9
0408018180020180	0000000000000000	9	7	20285324	9
0408400000000000	0000000000000000	3	4	202650c8	9
0408400000000000	0000000000000002	4	5	0026d0c8	9
0408400000020000	0000000000000000	4	1	20635208	9
0408400000020000	0000000000000002	5	1	0063520c	9
0408418108000000	0000000000000000	7	1	20655208	9
0418000000000000	0000000000000000	3	10	200e401e	9
0418000000020000	0000000000000000	4	4	200a528c	9
0418000080000000	0000000000000000	4	1	200e5284	9
0418008100000000	0000000000000000	5	4	200c528c	9
0418008180000000	0000000000000000	6	1	204c4096	9
0418018100000000	0000000000000000	6	3	200cc12c	9
0418018100020100	0000000000000000	8	1	2049520c	9
0440200000000000	0000000000000000	3	12	212e100a	9
0440200000000000	0000000000000003	5	51	012e102c	9
0440200000040000	0000000000000000	4	54	212a100e	9
0440200000040000	0000000000000003	6	59	012a106c	9
0440600000000000	0000000000000000	4	19	2126108a	9
0440600000000000	0000000000000003	6	66	0126106c	9
0440600000040000	0000000000000000	5	14	212212c8	9
0440600000040000	0000000000000003	7	38	0122132c	9
0449200000000000	0000000000000000	5	19	202e102c	9
0449200000000000	0000000000000003	7	10	002e12c8	9
0449200000064000	0000000000000000	8	13	202a10ac	9
0449200000064000	0000000000000003	10	1	006b1248	9
0449600000000000	0000000000000003	8	1	00671248	9
0460240000000000	0000000000000000	5	20	212e000e	9
0460240000000000	0000000000000003	7	2	016e8088	9
0460240000040000	0000000000000000	6	11	212a001e	9
04c0200402000000	0000000000000000	6	40	212e1006	9
04c0200402000000	0000000000000003	8	56	012e1064	9
04c0200402040000	0000000000000000	7	76	212a1016	9
04c0200402040000	0000000000000003	9	47	012a1324	9
04c0600402000000	0000000000000000	7	12	212612c0	9
04c0600402000000	0000000000000003	9	39	01269124	9
04c0600402040000	0000000000000000	8	4	216212c0	9
04c0600402040000	0000000000000003	10	13	01229324	9
04cb200482000000	0000000000000000	10	1	202e90c0	9
04cba00482000000	0000000000000000	11	2	202e12c0	9
04e0240402000000	0000000000000000	8	5	212e8082	9
0540208804000000	0000000000000000	7	1	212c1888	9
0540208804040200	0000000000000000	9	7	2128188a	9
054020c804000000	0000000000000000	8	10	212c108a	9
054020c804040200	0000000000000000	10	37	2128108e	9
054021a804000000	0000000000000000	9	8	212c180a	9
054021a804040200	0000000000000000	11	16	2128180e	9
054021e804000000	0000000000000000	10	44	212c100e	9
054021e804040200	0000000000000000	12	75	2128101e	9
054060880c000000	0000000000000000	9	1	21249888	9
054060c80c000000	0000000000000000	10	14	212412c8	9
054060c80c040200	0000000000000000	12	4	216090c8	9
054061a80c000000	0000000000000000	11	2	21641848	9
054061e80c000000	0000000000000000	12	15	21249248	9
054061e80c040200	0000000000000000	14	5	2120912c	9
054920c924000000	0000000000000000	12	9	202c128c	9
054921e924000000	0000000000000000	14	11	202c124c	9
054921e924064310	0000000000000000	20	1	20691248	9
054921e924064312	0000000000000000	21	4	2028132c	9
0560248a04080000	0000000000000000	11	1	212c8888	9
056024ca04080000	0000000000000000	12	17	212c008e	9
056024ca040c0200	0000000000000000	14	1	21690288	9
056025aa04080000	0000000000000000	13	1	216c8808	9
056025ea04080000	0000000000000000	14	11	212c001e	9
056025ea040c0200	0000000000000000	16	2	2128812c	9
05c0209c06000000	0000000000000000	11	7	212c1882	9
05c0209c06040600	0000000000000000	14	5	21281b80	9
05c020dc06000000	0000000000000000	12	42	212c1086	9
05c020dc06040600	0000000000000000	15	76	21281096	9
05c021bc06000000	0000000000000000	13	9	212c1902	9
05c021bc06040600	0000000000000000	16	4	21681844	9
05c021fc06000000	0000000000000000	14	89	212c1016	9
05c021fc06040600	0000000000000000	17	94	21281056	9
05c0609c0e000000	0000000000000000	13	1	21649880	9
05c060dc0e000000	0000000000000000	14	22	212490c4	9
05c060dc0e040600	0000000000000000	17	7	212091a4	9
05c061bc0e000000	0000000000000000	15	1	21649840	9
05c061fc0e000000	0000000000000000	16	13	21249124	9
05c061fc0e040600	0000000000000000	19	4	21609124	9
05cb20dde6000000	0000000000000000	19	2	202c92c0	9
05cb20dde606d7b2	0000000000000000	31	1	202891a4	9
05cb21fde6000000	0000000000000000	21	2	202c9124	9
05cb21fde606d7b2	0000000000000000	33	2	20289324	9
05cba0ddf6000000	0000000000000000	21	1	206d1280	9
05cba0ddf606f7b6	0000000000000000	35	1	202813a4	9
05cba1fdf6000000	0000000000000000	23	2	206d1204	9
05cba1fdf606f7b6	0000000000000000	37	1	20291324	9
05e0249e06080000	0000000000000000	15	1	216c8880	9
05e024de06080000	0000000000000000	16	17	212c0096	9
05e024de060c0600	0000000000000000	19	5	212803a4	9
05e025fe06080000	0000000000000000	18	3	212c8124	9
05e025fe060c0600	0000000000000000	21	1	21688124	9
0640280000000000	0000000000000000	5	19	210e100e	9
0640280000000000	0000000000000003	7	5	010e9288	9
0640280000040800	0000000000000000	7	24	210a101e	9
0640680000000000	0000000000000000	6	2	21069288	9
0640680000000000	0000000000000003	8	2	01469288	9
06602c0000000000	0000000000000000	7	27	210e001e	9
06602c0000040800	0000000000000000	9	12	210a009e	9
06606c0000000000	0000000000000000	8	1	21468888	9
06c0380402100000	0000000000000000	10	4	210e1282	9
06c0380402140800	0000000000000000	12	4	210a1286	9
06c0380402300000	0000000000000000	11	5	210e1206	9
06c0380402340800	0000000000000000	13	2	210a1216	9
06c0380402500000	0000000000000000	11	4	210e1086	9
06c0380402540800	0000000000000000	13	2	210a1096	9
06c0380402700000	0000000000000000	12	2	210e1016	9
06e03c0402100000	0000000000000000	12	5	210e0286	9
06e03c0402140800	0000000000000000	14	1	210a0296	9
06e03c0402300000	0000000000000000	13	1	210e0216	9
06e03c0402500000	0000000000000000	13	3	210e0096	9
06e03c0402540800	0000000000000000	15	1	214a0096	9
06e03c0402700000	0000000000000000	14	1	214e0016	9
0740288804800000	0000000000000000	10	1	210c1a88	9
074028c804800000	0000000000000000	11	17	210c108e	9
074028c804840a01	0000000000000000	15	11	2108109e	9
074029a804800000	0000000000000000	12	1	214c9808	9
074029e804800000	0000000000000000	13	14	210c101e	9
074029e804840a01	0000000000000000	17	6	2109120e	9
07602c8a04880000	0000000000000000	14	1	214c8888	9
07602cca04880000	0000000000000000	15	14	210c009e	9
07602cca048c0a01	0000000000000000	19	2	2148009e	9
07602dea04880000	0000000000000000	17	6	210c812c	9
07602dea048c0a01	0000000000000000	21	1	2149020e	9
07c0389c07d00000	0000000000000000	18	1	214c9880	9
07c038dc07900000	0000000000000000	18	15	210c1286	9
07c038dc07940e01	0000000000000000	23	10	21081296	9
07c038dc07d00000	0000000000000000	19	11	210c1096	9
07c038dc07d40e01	0000000000000000	24	3	210891a4	9
07c039fc07b00000	0000000000000000	21	7	210c1216	9
07c039fc07b40e01	0000000000000000	26	2	21089324	9
07c039fc07f00000	0000000000000000	22	3	210c9016	9
07c039fc07f40e01	0000000000000000	27	1	21489124	9
07e03cde07980000	0000000000000000	22	9	210c0296	9
07e03cde079c0e01	0000000000000000	27	3	210883a4	9
07e03cde07d80000	0000000000000000	23	5	210c8096	9
07e03cde07dc0e01	0000000000000000	28	3	21488096	9
07e03dfe07b80000	0000000000000000	25	1	214d0206	9
07e03dfe07bc0e01	0000000000000000	30	1	21488324	9
07e03dfe07f80000	0000000000000000	26	2	214c8016	9
0800000000000000	0000000000000000	1	370	0ba0100e	9
0800000000000000	0000000000000001	2	1034	03a0101e	9
0800000000080000	0000000000000000	2	298	0ba008c8	9
0800000000800000	0000000000000000	2	40	0b84108c	9
0800000000800001	0000000000000000	3	46	0b80904c	9
0800000000880000	0000000000000000	3	76	0b84088a	9
0800000000880001	0000000000000000	4	32	0b80812c	9
0800000001900000	0000000000000000	4	4	0b841a80	9
0800000001900001	0000000000000000	5	4	0b8092c0	9
0800000001980000	0000000000000000	5	8	0b8482c0	9
0800000001980001	0000000000000000	6	1	0bc08a80	9
0800000001b00000	0000000000000000	5	16	0b841a40	9
0800000001b00001	0000000000000000	6	12	0b889202	9
0800000001b80000	0000000000000000	6	17	0b848320	9
0800000001b80001	0000000000000000	7	7	0b808324	9
0800000001d00000	0000000000000000	5	17	0b841884	9
0800000001d00001	0000000000000000	6	12	0b8098c0	9
0800000001d80000	0000000000000000	6	36	0b8480c2	9
0800000001d80001	0000000000000000	7	9	0b8081a4	9
0800000001f00000	0000000000000000	6	40	0b849006	9
0800000001f00001	0000000000000000	7	19	0b809124	9
0800000001f80000	0000000000000000	7	49	0b848124	9
0800000001f80001	0000000000000000	8	10	0b888124	9
0800000020000000	0000000000000000	2	52	0aa4104a	9
0800000020000010	0000000000000000	3	11	0aa8104a	9
0800000020000012	0000000000000000	4	28	0aa8100e	9
0800000020000018	0000000000000000	4	31	0aa0104e	9
080000002000001a	0000000000000000	5	18	0aa0120e	9
0800000020080000	0000000000000000	3	25	0aa480c8	9
0800000020080010	0000000000000000	4	1	0ae88048	9
0800000020800000	0000000000000000	3	9	0a849188	9
080000002080005b	0000000000000000	8	1	0a80912c	9
0800000020880000	0000000000000000	4	12	0a84812c	9
080000002088005b	0000000000000000	9	1	0ac0812c	9
0800000060000000	0000000000000000	3	31	0aa49042	9
0800000060000030	0000000000000000	5	7	0aa89042	9
0800000060000032	0000000000000000	6	7	0aa89204	9
0800000060000038	0000000000000000	6	16	0aa09046	9
080000006000003a	0000000000000000	7	2	0aa09124	9
0800000060080000	0000000000000000	4	14	0aac80c0	9
0800000060080030	0000000000000000	6	1	0ae88840	9
0800000061d00000	0000000000000000	7	1	0ac49880	9
0800000061d80000	0000000000000000	8	3	0ac488c0	9
0800000061f00000	0000000000000000	8	1	0acc9800	9
0800000061f80000	0000000000000000	9	2	0ac48124	9
0800000070000000	0000000000000000	4	49	0aa41046	9
0800000070000034	0000000000000000	7	22	0aa81046	9
0800000070000036	0000000000000000	8	3	0aa81206	9
080000007000003c	0000000000000000	8	10	0aa01246	9
080000007000003e	0000000000000000	9	1	0aa01216	9
0800000070080000	0000000000000000	5	6	0aec0042	9
0800040000080000	0000000000000001	4	360	03a08126	9
0800080000800000	0000000000000001	4	49	0384900e	9
0800080000800801	0000000000000001	6	61	0380908e	9
08000c0000880000	0000000000000001	6	62	0384812c	9
08000c0000880801	0000000000000001	8	25	0380812e	9
0800180001900000	0000000000000001	7	12	03849282	9
0800180001900801	0000000000000001	9	13	03809286	9
0800180001b00000	0000000000000001	8	24	03849206	9
0800180001b00801	0000000000000001	10	21	03809324	9
0800180001d00000	0000000000000001	8	33	03849086	9
0800180001d00801	0000000000000001	10	19	038091a4	9
0800180001f00000	0000000000000001	9	42	03849124	9
0800180001f00801	0000000000000001	11	17	03809126	9
08001c0001980000	0000000000000001	9	10	038483a0	9
08001c0001980801	0000000000000001	11	2	038083a4	9
08001c0001b80000	0000000000000001	10	21	03848324	9
08001c0001b80801	0000000000000001	12	9	03808326	9
08001c0001d80000	0000000000000001	10	33	038481a4	9
08001c0001d80801	0000000000000001	12	4	038881a4	9
08001c0001f80000	0000000000000001	11	42	03848126	9
08001c0001f80801	0000000000000001	13	9	03888126	9
0801000020000000	0000000000000001	4	75	02a4120e	9
0801000020004010	0000000000000001	6	9	02a8124c	9
0801000020004012	0000000000000001	7	24	02a8112c	9
0801000020004018	0000000000000001	7	12	02a0124e	9
080100002000401a	0000000000000001	8	25	02a0121e	9
0801040020080000	0000000000000001	6	9	02a4812c	9
0801040020084012	0000000000000001	9	1	02a8812c	9
080104002008401a	0000000000000001	10	1	02e0812c	9
0803000060000000	0000000000000001	6	75	02a490c2	9
080300006000d030	0000000000000001	11	10	02a89244	9
080300006000d032	0000000000000001	12	13	02a89124	9
080300006000d038	0000000000000001	12	7	02a09164	9
080300006000d03a	0000000000000001	13	18	02a09126	9
0803040060080000	0000000000000001	8	7	02ac8124	9
080304006008d032	0000000000000001	14	1	02e88124	9
080304006008d03a	0000000000000001	15	2	02e08324	9
0803800070000000	0000000000000001	8	43	02a41216	9
080380007000f034	0000000000000001	15	6	02a81246	9
080380007000f036	0000000000000001	16	9	02a81216	9
080380007000f03c	0000000000000001	16	4	02a01256	9
080380007000f03e	0000000000000001	17	5	02a01296	9
0805080020800000	0000000000000001	7	6	0284912c	9
0805080020814853	0000000000000001	14	1	0288912c	9
080508002081485b	0000000000000001	15	2	0280932c	9
08050c0020880000	0000000000000001	9	7	028481ac	9
08050c0020894853	0000000000000001	16	2	0288832c	9
08050c002089485b	0000000000000001	17	3	02c081ac	9
0807180061b1d87b	0000000000000001	24	1	02c09324	9
0807180061f00000	0000000000000001	14	1	02c49124	9
0807180061f1d873	0000000000000001	24	1	02c89124	9
08071c0061b80000	0000000000000001	15	1	02c48324	9
08071c0061b9d873	0000000000000001	25	1	02c88324	9
08071c0061b9d87b	0000000000000001	26	2	02c08326	9
08071c0061d80000	0000000000000001	15	1	02c481a4	9
08071c0061f80000	0000000000000001	16	3	02c48924	9
1000000000000000	0000000000000000	1	593	0b08420e	9
1000000000000000	0000000000000002	2	762	0308508e	9
1000000008000000	0000000000000000	2	881	0b00508e	9
1000000100000000	0000000000000000	2	64	0a0c488c	9
1000000100000100	0000000000000000	3	59	0a28500e	9
1000000108000000	0000000000000000	3	88	0a04588c	9
1000000108000100	0000000000000000	4	87	0a00d12c	9
1000000180000000	0000000000000000	3	73	0a0c5884	9
1000000180000180	0000000000000000	5	80	0a285016	9
1000000188000000	0000000000000000	4	99	0a04d884	9
1000000188000180	0000000000000000	6	73	0a2050c6	9
1000008000000000	0000000000000000	2	171	0908528c	9
1000008008000000	0000000000000000	3	194	0900d88c	9
1000008100000000	0000000000000000	3	20	080c528c	9
1000008100000100	0000000000000000	4	8	082850cc	9
1000008108000000	0000000000000000	4	20	082450ca	9
1000008180000000	0000000000000000	4	8	082c50c4	9
1000008180000180	0000000000000000	6	3	086850c4	9
1000008188000000	0000000000000000	5	8	0824d0c4	9
1000018000000000	0000000000000000	3	342	09085a0c	9
1000018008000000	0000000000000000	4	308	09045a0c	9
1000400008000000	0000000000000002	4	1089	03005296	9
1008000100000000	0000000000000002	4	42	022c500e	9
1008000100020100	0000000000000002	6	49	0228504e	9
1008000180000000	0000000000000002	5	79	022c5016	9
1008000180020180	0000000000000002	8	79	02285096	9
1008400108000000	0000000000000002	6	62	0224504e	9
1008400108020100	0000000000000002	8	42	0220521e	9
1008400188000000	0000000000000002	7	82	02245096	9
1008400188020180	0000000000000002	10	51	02205296	9
1018000100000000	0000000000000002	5	3	020cc12c	9
1018000180000000	0000000000000002	6	2	024cc124	9
1018400108000000	0000000000000002	7	5	0204c1ac	9
1018400108020100	0000000000000002	9	3	0200d32c	9
1018400188000000	0000000000000002	8	3	0244c1a4	9
1018400188020180	0000000000000002	11	2	0240d324	9
1400008000000000	0000000000000002	4	170	010c528c	9
1400018000000000	0000000000000002	5	292	010cd20c	9
1400408008000000	0000000000000002	6	182	0120d0cc	9
1400418008000000	0000000000000002	7	232	0120532c	9
1408008100000000	0000000000000002	6	2	002cd0c8	9
1408008180000000	0000000000000002	7	3	006c50c4	9
1800000004000000	0000000000000000	3	78	0b28100e	9
1800000004080000	0000000000000000	4	86	0b28088a	9
1800000004800000	0000000000000000	4	31	0b0c100e	9
1800000004800001	0000000000000000	5	24	0b08120e	9
1800000004880000	0000000000000000	5	45	0b0c088a	9
1800000004880001	0000000000000000	6	7	0b08812c	9
1800000006000000	0000000000000000	4	236	0b281016	9
1800000006080000	0000000000000000	5	86	0b288124	9
1800000007900000	0000000000000000	7	4	0b0c1284	9
1800000007900001	0000000000000000	8	1	0b489280	9
1800000007980000	0000000000000000	8	3	0b0c8a80	9
1800000007b00000	0000000000000000	8	8	0b0c1206	9
1800000007b00001	0000000000000000	9	2	0b489204	9
1800000007b80000	0000000000000000	9	3	0b4c8a00	9
1800000007b80001	0000000000000000	10	1	0b488320	9
1800000007d00000	0000000000000000	8	7	0b0c1882	9
1800000007d00001	0000000000000000	9	2	0b489084	9
1800000007d80000	0000000000000000	9	11	0b0c8882	9
1800000007f00000	0000000000000000	9	13	0b0c1806	9
1800000007f00001	0000000000000000	10	1	0b489804	9
1800000007f80000	0000000000000000	10	8	0b4c8120	9
1800000007f80001	0000000000000000	11	1	0b488124	9
180000000c000000	0000000000000000	4	233	0b20101e	9
180000000c080000	0000000000000000	5	53	0b20812c	9
180000000c800000	0000000000000000	5	45	0b04128c	9
180000000c800001	0000000000000000	6	13	0b00912c	9
180000000c880000	0000000000000000	6	31	0b04812c	9
180000000c880001	0000000000000000	7	2	0b40812c	9
180000000e000000	0000000000000000	5	395	0b201056	9
180000000e080000	0000000000000000	6	43	0b208324	9
180000000f900000	0000000000000000	8	4	0b049284	9
180000000f900001	0000000000000000	9	1	0b409a80	9
180000000f980000	0000000000000000	9	1	0b448a80	9
180000000fb00000	0000000000000000	9	6	0b441a04	9
180000000fb00001	0000000000000000	10	2	0b009324	9
180000000fb80000	0000000000000000	10	3	0b448320	9
180000000fb80001	0000000000000000	11	1	0b408324	9
180000000fd00000	0000000000000000	9	12	0b049882	9
180000000fd00001	0000000000000000	10	2	0b409884	9
180000000fd80000	0000000000000000	10	8	0b4481a0	9
180000000fd80001	0000000000000000	11	1	0b4081a4	9
180000000ff00000	0000000000000000	10	11	0b049124	9
180000000ff00001	0000000000000000	11	1	0b409124	9
180000000ff80000	0000000000000000	11	3	0b448124	9
180000000ff80001	0000000000000000	12	2	0b408924	9
1800000124000000	0000000000000000	5	56	0a2c100e	9
1800000124000110	0000000000000000	7	29	0a28104e	9
1800000124000112	0000000000000000	8	38	0a28112c	9
1800000124080000	0000000000000000	6	17	0a2c088a	9
1800000124800000	0000000000000000	6	3	0a0c9888	9
1800000124880000	0000000000000000	7	2	0a4c8888	9
180000012c000000	0000000000000000	6	94	0a24104e	9
180000012c000118	0000000000000000	9	14	0a20124e	9
180000012c00011a	0000000000000000	10	13	0a20132c	9
180000012c080000	0000000000000000	7	6	0a24812c	9
180000012c800000	0000000000000000	7	2	0a04912c	9
180000012c880000	0000000000000000	8	2	0a44812c	9
18000001e6000000	0000000000000000	8	21	0a2c9042	9
18000001e60001b0	0000000000000000	12	7	0a289244	9
18000001e60001b2	0000000000000000	13	4	0a289124	9
18000001e6080000	0000000000000000	9	4	0a6c80c0	9
18000001ee000000	0000000000000000	9	23	0a2490c4	9
18000001ee0001b8	0000000000000000	14	1	0a209164	9
18000001ee0001ba	0000000000000000	15	2	0a209324	9
18000001ee080000	0000000000000000	10	1	0a6488c0	9
18000001f6000000	0000000000000000	9	35	0a2c1046	9
18000001f60001b4	0000000000000000	14	9	0a281246	9
18000001f60001b6	0000000000000000	15	6	0a281216	9
18000001fe000000	0000000000000000	10	17	0a241246	9
18000001fe0001bc	0000000000000000	16	1	0a611244	9
1800200004000000	0000000000000003	6	231	0328101e	9
1800200006000000	0000000000000003	7	493	03281036	9
1800240004080000	0000000000000003	8	51	0328812c	9
1800240006080000	0000000000000003	9	54	03288126	9
1800280004800000	0000000000000003	8	17	030c908a	9
1800280004800801	0000000000000003	10	7	0308912c	9
18002c0004880000	0000000000000003	10	14	030c812c	9
18002c0004880801	0000000000000003	12	4	030881ac	9
1800380007900000	0000000000000003	12	4	030c1286	9
1800380007900801	0000000000000003	14	2	03481286	9
1800380007b00000	0000000000000003	13	7	030c9206	9
1800380007b00801	0000000000000003	15	3	03089324	9
1800380007d00000	0000000000000003	13	8	030c9086	9
1800380007d00801	0000000000000003	15	1	030891a4	9
1800380007f00000	0000000000000003	14	9	030c9124	9
1800380007f00801	0000000000000003	16	1	03489124	9
18003c0007980000	0000000000000003	14	1	034c8a80	9
18003c0007b80000	0000000000000003	15	2	030c8324	9
18003c0007b80801	0000000000000003	17	2	03488324	9
18003c0007d80000	0000000000000003	15	5	030c81a4	9
18003c0007d80801	0000000000000003	17	1	034881a4	9
18003c0007f80000	0000000000000003	16	1	034c8124	9
18003c0007f80801	0000000000000003	18	3	03488126	9
180060000c000000	0000000000000003	8	404	0320109e	9
180060000e000000	0000000000000003	9	591	032010d6	9
180064000c080000	0000000000000003	10	35	0320812e	9
180064000e080000	0000000000000003	11	36	03208326	9
180068000c800000	0000000000000003	10	21	0304912c	9
180068000c800801	0000000000000003	12	11	030091ac	9
18006c000c880000	0000000000000003	12	15	030481ac	9
18006c000c880801	0000000000000003	14	7	030083ac	9
180078000f900000	0000000000000003	14	5	03449284	9
180078000f900801	0000000000000003	16	2	030093a4	9
180078000fb00000	0000000000000003	15	7	03049324	9
180078000fb00801	0000000000000003	17	3	03009326	9
180078000fd00000	0000000000000003	15	9	030491a4	9
180078000fd00801	0000000000000003	17	1	034091a4	9
180078000ff00000	0000000000000003	16	2	03449124	9
180078000ff00801	0000000000000003	18	5	03409126	9
18007c000f980000	0000000000000003	16	1	034483a0	9
18007c000f980801	0000000000000003	18	1	034083a4	9
18007c000fb80000	0000000000000003	17	3	03448324	9
18007c000fb80801	0000000000000003	19	3	03408326	9
18007c000fd80000	0000000000000003	17	2	034481a4	9
18007c000fd80801	0000000000000003	19	3	034081a6	9
18007c000ff80000	0000000000000003	18	5	03448126	9
18007c000ff80801	0000000000000003	20	1	03418924	9
1809200124000000	0000000000000003	10	52	022c10cc	9
1809200124024110	0000000000000003	14	8	0228124e	9
1809200124024112	0000000000000003	15	15	0228121e	9
1809240124080000	0000000000000003	12	2	022c812c	9
18092401240a4112	0000000000000003	17	1	0268812c	9
180960012c000000	0000000000000003	12	36	022490cc	9
180960012c024118	0000000000000003	17	2	0220916c	9
180960012c02411a	0000000000000003	18	12	0220912e	9
180964012c080000	0000000000000003	14	1	0264812c	9
180964012c0a411a	0000000000000003	20	2	0260832c	9
180b2001e6000000	0000000000000003	14	35	022c90c4	9
180b2001e602d1b0	0000000000000003	22	3	02289164	9
180b2001e602d1b2	0000000000000003	23	9	02289126	9
180b2401e6080000	0000000000000003	16	1	026c8124	9
180b6001ee000000	0000000000000003	16	19	02249164	9
180b6001ee02d1b8	0000000000000003	25	2	02209364	9
180b6001ee02d1ba	0000000000000003	26	12	02209326	9
180b6401ee0ad1ba	0000000000000003	28	1	02618324	9
180ba001f6000000	0000000000000003	16	20	022c1216	9
180ba001f602f1b4	0000000000000003	26	2	02681246	9
180ba001f602f1b6	0000000000000003	27	5	02291324	9
180be001fe000000	0000000000000003	18	4	02651206	9
180be001fe02f1be	0000000000000003	30	4	02611216	9
181d2c0124880000	0000000000000003	16	1	024c812c	9
181d68012c800000	0000000000000003	16	1	0244912c	9
181d68012c83495b	0000000000000003	26	1	0240932c	9
181d6c012c880000	0000000000000003	18	2	024481ac	9
181d6c012c8b495b	0000000000000003	28	1	0241832c	9
181f7801efb00000	0000000000000003	24	1	02449324	9
2000000000000000	0000000000000000	1	137	09001a8b	9
2000001000000000	0000000000000000	2	26	09241883	9
2000001000000400	0000000000000000	3	53	092018c5	9
2000001001000000	0000000000000000	3	26	09041a83	9
2000001001000400	0000000000000000	4	34	09009a83	9
2000001001400000	0000000000000000	4	56	09049883	9
2000001001400400	0000000000000000	5	28	09089885	9
2000002000000000	0000000000000000	2	63	09809849	9
2000003000000000	0000000000000000	3	10	09a41841	9
2000003000000400	0000000000000000	4	11	09a01a41	9
2000003001200000	0000000000000000	5	6	09848a41	9
2000003001200400	0000000000000000	6	4	09889a01	9
2000003001600000	0000000000000000	6	23	09849803	9
2000003001600400	0000000000000000	7	8	09808925	9
2000004000000000	0000000000000000	2	289	0900109f	9
2000005000000000	0000000000000000	3	81	09241087	9
2000005000000400	0000000000000000	4	126	092011a5	9
2000005001000000	0000000000000000	4	32	09049283	9
2000005001000400	0000000000000000	5	18	090083a5	9
2000005001400000	0000000000000000	5	47	090481a5	9
2000005001400400	0000000000000000	6	11	090091a5	9
2000006000000000	0000000000000000	3	215	0980101f	9
2000007000000000	0000000000000000	4	53	09a41043	9
2000007000000400	0000000000000000	5	54	09a01047	9
2000007001200000	0000000000000000	6	18	09848321	9
2000007001200400	0000000000000000	7	9	09808325	9
2000007001600000	0000000000000000	7	29	09848125	9
2000007001600400	0000000000000000	8	8	09808127	9
2000012000000000	0000000000000000	3	149	09009a0d	9
2000013000000000	0000000000000000	4	35	09241845	9
2000013000000400	0000000000000000	5	28	09209a41	9
2000013001200000	0000000000000000	6	8	090c1a05	9
2000013001200400	0000000000000000	7	5	09409a05	9
2000013001600000	0000000000000000	7	16	090c9805	9
2000013001600400	0000000000000000	8	2	09408925	9
2000016000000000	0000000000000000	4	305	0900121f	9
2000017000000000	0000000000000000	5	80	09241047	9
2000017000000400	0000000000000000	6	55	09209125	9
2000017001200000	0000000000000000	7	8	09048325	9
2000017001200400	0000000000000000	8	5	09009325	9
2000017001600000	0000000000000000	8	5	09049125	9
2000017001600400	0000000000000000	9	3	09089125	9
2100000000000000	0000000000000000	2	172	01009a8b	9
2100002000000000	0000000000000000	3	52	0180892d	9
2100004000000000	0000000000000000	3	546	010010bf	9
2100006000000000	0000000000000000	4	359	0180103f	9
2100012000000000	0000000000000000	4	108	010c980d	9
2100016000000000	0000000000000000	5	395	0100813f	9
2180001000000000	0000000000000000	4	56	01241887	9
2180001000000400	0000000000000000	5	97	01201a87	9
2180003000000000	0000000000000000	5	15	01a49803	9
2180003000000400	0000000000000000	6	19	01a09a41	9
2180005000000000	0000000000000000	5	214	01241097	9
2180005000000400	0000000000000000	6	293	01201297	9
2180007000000000	0000000000000000	6	123	01a41047	9
2180007000000400	0000000000000000	7	146	01a01247	9
2180013000000000	0000000000000000	6	29	01249a05	9
2180013000000400	0000000000000000	7	28	01209925	9
2180017000000000	0000000000000000	7	136	01241325	9
2180017000000400	0000000000000000	8	104	01209127	9
2180101001000000	0000000000000000	6	35	01049a83	9
2180101001000400	0000000000000000	7	38	01008ba5	9
2180101001400000	0000000000000000	7	33	010c9885	9
2180101001400400	0000000000000000	8	16	014089a5	9
2180103001200000	0000000000000000	8	6	01c48a03	9
2180103001200400	0000000000000000	9	5	01808b25	9
2180103001600000	0000000000000000	9	16	01848925	9
2180103001600400	0000000000000000	10	6	01809925	9
2180105001000000	0000000000000000	7	68	010483a5	9
2180105001000400	0000000000000000	8	44	010093a5	9
2180105001400000	0000000000000000	8	64	010491a5	9
2180105001400400	0000000000000000	9	18	010891a5	9
2180107001200000	0000000000000000	9	32	01848325	9
2180107001200400	0000000000000000	10	18	01808327	9
2180107001600000	0000000000000000	10	36	01848127	9
2180107001600400	0000000000000000	11	11	01809127	9
2180113001200000	0000000000000000	9	4	01449a05	9
2180113001200400	0000000000000000	10	3	01408b25	9
2180113001600000	0000000000000000	10	3	01448925	9
2180113001600400	0000000000000000	11	2	01409925	9
2180117001200000	0000000000000000	10	9	01049325	9
2180117001200400	0000000000000000	11	6	01019325	9
2180117001600000	0000000000000000	11	6	010c9125	9
2180117001600400	0000000000000000	12	3	01409127	9
2800000800000000	0000000000000000	3	1	09a41888	9
2800000800000200	0000000000000000	4	3	09a018c8	9
2800000800800000	0000000000000000	4	3	09849888	9
2800000800800201	0000000000000000	6	1	09c09888	9
2800000a00080000	0000000000000000	5	1	09ac0888	9
2800000a00880000	0000000000000000	6	4	098488c8	9
2800000a00880201	0000000000000000	8	1	09c88888	9
2800001c00000000	0000000000000000	5	4	09a418c0	9
2800001c00000600	0000000000000000	7	6	09a01ac0	9
2800001c01900000	0000000000000000	8	1	09849a80	9
2800001c01d00000	0000000000000000	9	3	098c9880	9
2800001e00080000	0000000000000000	7	4	09a488c0	9
2800001e01980000	0000000000000000	10	1	09c48a80	9
2800001e01d80000	0000000000000000	11	5	09c48884	9
2800002800000000	0000000000000000	4	7	09a41848	9
2800002800000200	0000000000000000	5	10	09a01948	9
2800002800800000	0000000000000000	5	6	09849848	9
2800002800800201	0000000000000000	7	1	09c89808	9
2800002a00080000	0000000000000000	6	7	09a48848	9
2800002a00080200	0000000000000000	7	2	09e80848	9
2800002a00880000	0000000000000000	7	10	098c8848	9
2800003c00000000	0000000000000000	6	17	09a41842	9
2800003c00000600	0000000000000000	8	13	09a09940	9
2800003c01b00000	0000000000000000	10	2	098c9a00	9
2800003c01f00000	0000000000000000	11	5	09c49804	9
2800003e00080000	0000000000000000	8	5	09ac8840	9
2800003e00080600	0000000000000000	10	1	09e88840	9
2800003e01b80000	0000000000000000	12	2	09c48a40	9
2800003e01f80000	0000000000000000	13	6	09c48940	9
2800004800000000	0000000000000000	4	10	09a4108c	9
2800004800000200	0000000000000000	5	11	09a011c8	9
2800004800800000	0000000000000000	5	9	0984908c	9
2800004800800201	0000000000000000	7	1	09c89088	9
2800004a00080000	0000000000000000	6	6	09a480c8	9
2800004a00880000	0000000000000000	7	9	098c80c8	9
2800005c00000000	0000000000000000	6	28	09a410c2	9
2800005c00000600	0000000000000000	8	25	09a012d0	9
2800005c01900000	0000000000000000	9	3	098492c0	9
2800005c01d00000	0000000000000000	10	7	098c9084	9
2800005e00080000	0000000000000000	8	6	09a481c0	9
2800005e00080600	0000000000000000	10	1	09e880c0	9
2800005e01980000	0000000000000000	11	2	09c482c0	9
2800005e01d80000	0000000000000000	12	3	09cc8084	9
2800006800000000	0000000000000000	5	41	09a4102c	9
2800006800000200	0000000000000000	6	50	09a0106c	9
2800006800800000	0000000000000000	6	16	09849248	9
2800006a00080000	0000000000000000	7	14	09a48148	9
2800006a00080200	0000000000000000	8	1	09e88048	9
2800006a00880000	0000000000000000	8	10	0984812c	9
2800007c00000000	0000000000000000	7	69	09a41064	9
2800007c00000600	0000000000000000	9	67	09a09124	9
2800007c01b00000	0000000000000000	11	5	098c9240	9
2800007c01f00000	0000000000000000	12	4	09c49044	9
2800007e00080000	0000000000000000	9	16	09ac8140	9
2800007e00080600	0000000000000000	11	1	09e88240	9
2800007e01b80000	0000000000000000	13	1	09cc8240	9
2800007e01f80000	0000000000000000	14	2	098c8124	9
2940000800000000	0000000000000001	6	1	01a49888	9
2940000800040200	0000000000000001	8	1	01e09888	9
2940002800000000	0000000000000001	7	8	01a49848	9
2940002800040200	0000000000000001	9	3	01e09848	9
2940004800000000	0000000000000001	7	26	01a410d8	9
2940004800040200	0000000000000001	9	17	01a092c8	9
2940006800000000	0000000000000001	8	70	01a4112c	9
2940006800040200	0000000000000001	10	50	01a0912c	9
2960042a00080000	0000000000000001	11	1	01ec8808	9
2960044a00080000	0000000000000001	11	2	01e480c8	9
2960046a00080000	0000000000000001	12	4	01a4812c	9
2960046a000c0200	0000000000000001	14	2	01a8812c	9
29c0001c00000000	0000000000000001	9	4	01a498c0	9
29c0001c00040600	0000000000000001	12	3	01e098c0	9
29c0003c00000000	0000000000000001	10	18	01a49940	9
29c0003c00040600	0000000000000001	13	9	01e09844	9
29c0005c00000000	0000000000000001	10	71	01a412d0	9
29c0005c00040600	0000000000000001	13	43	01a091a4	9
29c0007c00000000	0000000000000001	11	135	01a49124	9
29c0007c00040600	0000000000000001	14	91	01a09164	9
29e0043e00080000	0000000000000001	14	1	01ec8840	9
29e0045e00080000	0000000000000001	14	3	01e481c0	9
29e0045e000c0600	0000000000000001	17	1	01e081a4	9
29e0047e00080000	0000000000000001	15	8	01ac8124	9
29e0047e000c0600	0000000000000001	18	1	01e88124	9
2b40080800800000	0000000000000001	9	1	01c49888	9
2b40084800800000	0000000000000001	10	7	018c9288	9
2b40086800800000	0000000000000001	11	4	0184912c	9
2b40086800840a01	0000000000000001	15	1	01c0912c	9
2b600c0a00880000	0000000000000001	13	1	01cc8888	9
2b600c6a00880000	0000000000000001	15	2	018c812c	9
2b600c6a008c0a01	0000000000000001	19	1	01c8812c	9
2bc0181c01900000	0000000000000001	15	1	01c49a80	9
2bc0181c01d00000	0000000000000001	16	1	01cc9880	9
2bc0185c01900000	0000000000000001	16	5	01c49284	9
2bc0185c01d00000	0000000000000001	17	5	018491a4	9
2bc0185c01d40e01	0000000000000001	22	1	01c091a4	9
2bc0187c01b00000	0000000000000001	18	4	01849324	9
2bc0187c01b40e01	0000000000000001	23	2	01889324	9
2bc0187c01f00000	0000000000000001	19	2	018c9124	9
2bc0187c01f40e01	0000000000000001	24	1	01c89124	9
2be01c5e01d80000	0000000000000001	21	2	018c81a4	9
2be01c5e01dc0e01	0000000000000001	26	1	01c881a4	9
2be01c7e01b80000	0000000000000001	22	2	018c8324	9
2be01c7e01bc0e01	0000000000000001	27	1	01c88324	9
2be01c7e01f80000	0000000000000001	23	2	01c58124	9
3800008804000000	0000000000000000	6	1	092c1888	9
3800008804000200	0000000000000000	7	8	0928188c	9
3800008804800000	0000000000000000	7	4	090c188c	9
3800008804800201	0000000000000000	9	1	09489888	9
380000880c000000	0000000000000000	7	10	0924188a	9
380000880c000200	0000000000000000	8	4	092098c8	9
380000880c800000	0000000000000000	8	3	09049a88	9
3800008a04080000	0000000000000000	8	3	092c08c8	9
3800008a04880000	0000000000000000	9	4	090c8a88	9
3800008a0c080000	0000000000000000	9	1	09648888	9
3800008a0c880000	0000000000000000	10	2	09448a88	9
3800009c06000000	0000000000000000	9	7	092c1884	9
3800009c06000600	0000000000000000	11	3	09281ac0	9
3800009c07900000	0000000000000000	12	2	090c9a80	9
3800009c07d00000	0000000000000000	13	1	094c9880	9
3800009c0e000000	0000000000000000	10	7	09241ac0	9
3800009c0e000600	0000000000000000	12	1	096098c0	9
3800009c0f900000	0000000000000000	13	1	09449a80	9
3800009c0fd00000	0000000000000000	14	2	09449884	9
3800009e06080000	0000000000000000	11	1	096c8880	9
3800009e07980000	0000000000000000	14	1	094c8a80	9
3800009e07d80000	0000000000000000	15	2	094c8884	9
380000c804000000	0000000000000000	7	10	092c108a	9
380000c804000200	0000000000000000	8	20	092810ac	9
380000c804800000	0000000000000000	8	7	090c128c	9
380000c80c000000	0000000000000000	8	28	092410ac	9
380000c80c000200	0000000000000000	9	9	096010ac	9
380000c80c800000	0000000000000000	9	3	0944908c	9
380000ca04080000	0000000000000000	9	3	092c80c8	9
380000dc06000000	0000000000000000	10	27	092c10c2	9
380000dc06000600	0000000000000000	12	11	092892c0	9
380000dc07900000	0000000000000000	13	1	094c9280	9
380000dc07d00000	0000000000000000	14	1	094c9084	9
380000dc0e000000	0000000000000000	11	24	092412c4	9
380000dc0e000600	0000000000000000	13	5	096090c4	9
380000de06080000	0000000000000000	12	1	096c80c0	9
380001a804000000	0000000000000000	8	10	092c180a	9
380001a804000200	0000000000000000	9	22	0928182c	9
380001a804800000	0000000000000000	9	7	090c1a0c	9
380001a80c000000	0000000000000000	9	25	0924182c	9
380001a80c000200	0000000000000000	10	9	0960184c	9
380001a80c800000	0000000000000000	10	3	0944980c	9
380001aa04080000	0000000000000000	10	4	092c8848	9
380001aa04880000	0000000000000000	11	3	094c880c	9
380001aa0c080000	0000000000000000	11	1	09648848	9
380001bc06000000	0000000000000000	11	20	092c1842	9
380001bc06000600	0000000000000000	13	10	09681844	9
380001bc07b00000	0000000000000000	15	1	094c9a00	9
380001bc07f00000	0000000000000000	16	1	094c9804	9
380001bc0e000000	0000000000000000	12	17	09249844	9
380001bc0e000600	0000000000000000	14	4	09609844	9
380001be06080000	0000000000000000	13	1	096c8840	9
380001e804000000	0000000000000000	9	44	092c100e	9
380001e804000200	0000000000000000	10	44	0928106c	9
380001e804800000	0000000000000000	10	7	090c920c	9
380001e80c000000	0000000000000000	10	59	0924106c	9
380001e80c000200	0000000000000000	11	24	0920132c	9
380001e80c800000	0000000000000000	11	1	09459208	9
380001ea04080000	0000000000000000	11	5	096c8048	9
380001fc06000000	0000000000000000	12	47	092c1046	9
380001fc06000600	0000000000000000	14	28	09281324	9
380001fc0e000000	0000000000000000	13	35	09249124	9
380001fc0e000600	0000000000000000	15	5	09609124	9
3d40208804000000	0000000000000003	12	4	012c18c8	9
3d40208804040200	0000000000000003	14	1	01689888	9
3d4020c804000000	0000000000000003	13	25	012c10ac	9
3d4020c804040200	0000000000000003	15	11	016810ac	9
3d4021a804000000	0000000000000003	14	9	012c980c	9
3d4021a804040200	0000000000000003	16	3	01689848	9
3d4021e804000000	0000000000000003	15	45	012c112c	9
3d4021e804040200	0000000000000003	17	31	0128132c	9
3d4060880c000000	0000000000000003	14	2	016418c8	9
3d4060c80c000000	0000000000000003	15	19	012492c8	9
3d4060c80c040200	0000000000000003	17	6	012091ac	9
3d4061a80c000000	0000000000000003	16	7	01641a48	9
3d4061e80c000000	0000000000000003	17	33	0124912c	9
3d4061e80c040200	0000000000000003	19	11	0120932c	9
3dc0209c06000000	0000000000000003	16	2	016c18c0	9
3dc0209c06040600	0000000000000003	19	1	016898c0	9
3dc020dc06000000	0000000000000003	17	41	012c12c4	9
3dc020dc06040600	0000000000000003	20	26	012813a4	9
3dc021bc06000000	0000000000000003	18	11	016c1844	9
3dc021bc06040600	0000000000000003	21	3	01689844	9
3dc021fc06000000	0000000000000003	19	59	012c1324	9
3dc021fc06040600	0000000000000003	22	36	01289164	9
3dc0609c0e000000	0000000000000003	18	3	016498c0	9
3dc060dc0e000000	0000000000000003	19	29	012491a4	9
3dc060dc0e040600	0000000000000003	22	5	012093a4	9
3dc061bc0e000000	0000000000000003	20	6	01649844	9
3dc061bc0e040600	0000000000000003	23	1	01609924	9
3dc061fc0e000000	0000000000000003	21	35	01249164	9
3dc061fc0e040600	0000000000000003	24	12	01219324	9
3de025fe06080000	0000000000000003	23	1	016c8124	9
4000000000000000	0000000000000000	1	5032	0008229f	9
4000020000000000	0000000000000000	2	5947	000030bf	9
6000000000000000	0000000000000000	2	53	08081a8d	9
6000001040000000	0000000000000000	4	3	082c8a81	9
6000001040000420	0000000000000000	6	1	08289a81	9
6000001041000000	0000000000000000	5	3	080c9a81	9
6000001041000420	0000000000000000	7	3	08489a81	9
6000001041400000	0000000000000000	6	2	084c9881	9
6000001050000000	0000000000000000	5	4	082c18c1	9
6000001050000424	0000000000000000	8	7	08281a85	9
6000001051000000	0000000000000000	6	4	080c1a85	9
6000001051000424	0000000000000000	9	1	08491a81	9
6000002000000000	0000000000000000	3	4	08a81849	9
6000004000000000	0000000000000000	3	67	080c128d	9
6000005040000000	0000000000000000	5	5	082c90c1	9
6000005040000420	0000000000000000	7	5	082892c1	9
6000005050000000	0000000000000000	6	10	082c10c5	9
6000005050000424	0000000000000000	9	6	082813c1	9
6000006000000000	0000000000000000	4	35	088c8249	9
6000007040000000	0000000000000000	6	1	08ac9041	9
6000007040000420	0000000000000000	8	2	08a89241	9
6000007050000000	0000000000000000	7	2	08ac1241	9
6000007050000424	0000000000000000	10	1	08e81241	9
6000020000000000	0000000000000000	3	63	08019a89	9
6000021040000000	0000000000000000	5	5	082498c1	9
6000021040000420	0000000000000000	7	3	08209ac1	9
6000021041000000	0000000000000000	6	4	08449a81	9
6000021041000420	0000000000000000	8	3	08419a81	9
6000021041400000	0000000000000000	7	5	08449885	9
6000021050000000	0000000000000000	6	6	08241ac1	9
6000021050000424	0000000000000000	9	3	08601ac1	9
6000021051000000	0000000000000000	7	2	08451a81	9
6000022000000000	0000000000000000	4	10	08a01859	9
6000024000000000	0000000000000000	4	73	0804928d	9
6000025040000000	0000000000000000	6	6	082492c1	9
6000025040000420	0000000000000000	8	2	08a092c1	9
6000025050000000	0000000000000000	7	4	086412c1	9
6000025050000424	0000000000000000	10	2	08a013c1	9
6000026000000000	0000000000000000	5	36	0880832d	9
6000027040000000	0000000000000000	7	2	08a49241	9
6000027050000000	0000000000000000	8	1	08e41241	9
6100000000000000	0000000000000000	3	35	000c9a89	9
6100002000000000	0000000000000000	4	1	00ac1849	9
6100004000000000	0000000000000000	4	84	000c928d	9
6100006000000000	0000000000000000	5	38	0088832d	9
6100020000000000	0000000000000000	4	43	00209a8d	9
6100024000000000	0000000000000000	5	82	000483ad	9
6100026000000000	0000000000000000	6	35	0080932d	9
6182001040000000	0000000000000000	7	2	002c9a81	9
6182001040008420	0000000000000000	10	2	00689a81	9
6182005040000000	0000000000000000	8	12	002c9283	9
6182005040008420	0000000000000000	11	8	002891a5	9
6182007040000000	0000000000000000	9	2	00ac9241	9
6182007040008420	0000000000000000	12	1	00a89125	9
6182021040000000	0000000000000000	8	7	00249ac1	9
6182021040008420	0000000000000000	11	4	00609a85	9
6182025040000000	0000000000000000	9	14	002491a5	9
6182025040008420	0000000000000000	12	6	002093a5	9
6182027040000000	0000000000000000	10	2	00a49125	9
6182027040008420	0000000000000000	13	2	00a09325	9
6182101041000000	0000000000000000	9	3	004c9a81	9
6182101041008420	0000000000000000	12	1	00c89a81	9
6182105041000000	0000000000000000	10	1	00cc9281	9
6182105041008420	0000000000000000	13	1	008883a5	9
6182105041400000	0000000000000000	11	1	008c81a5	9
6182107041200000	0000000000000000	12	1	008c8325	9
6182107041208420	0000000000000000	15	1	00889325	9
6182107041600000	0000000000000000	13	1	00cc8125	9
6182121041000000	0000000000000000	10	5	00449a85	9
6182121041008420	0000000000000000	13	3	00408ba5	9
6182123041600000	0000000000000000	13	1	00c48925	9
6182125041000000	0000000000000000	11	2	000493a5	9
6182125041008420	0000000000000000	14	2	008093a5	9
6182125041400000	0000000000000000	12	2	008491a5	9
6182127041200000	0000000000000000	13	2	00849325	9
6182127041208420	0000000000000000	16	1	00c09325	9
6182127041600000	0000000000000000	14	1	00c49125	9
6182801050000000	0000000000000000	9	1	006c1a81	9
618280105000a424	0000000000000000	14	1	00691a81	9
6182805050000000	0000000000000000	10	7	006c12c1	9
618280505000a424	0000000000000000	15	2	002813a5	9
6182821050000000	0000000000000000	10	3	00641ac1	9
618282105000a424	0000000000000000	15	2	00611a85	9
6182825050000000	0000000000000000	11	3	006512c1	9
6800000820000000	0000000000000000	5	1	08ac1888	9
6800002820000000	0000000000000000	6	4	08ac1848	9
6800002820000210	0000000000000000	8	1	08e81848	9
6800003c70000000	0000000000000000	10	1	08ec1840	9
6800004820000000	0000000000000000	6	3	08ac10c8	9
6800004820000210	0000000000000000	8	2	08a812c8	9
6800004a20080000	0000000000000000	8	1	08ec00c8	9
6800005c60000000	0000000000000000	9	1	08ac90c0	9
6800005c70000000	0000000000000000	10	2	08ac12c0	9
6800006820000000	0000000000000000	7	14	08ac104a	9
6800006820000210	0000000000000000	9	8	08a81348	9
6800006a20080000	0000000000000000	9	1	08ec8048	9
6800007c60000000	0000000000000000	10	3	08ac9140	9
6800007c60000630	0000000000000000	14	1	08e89240	9
6800007c70000000	0000000000000000	11	6	08ac1340	9
6800007c70000634	0000000000000000	16	1	08e91240	9
6800020820000000	0000000000000000	6	1	08a418c8	9
6800022820000000	0000000000000000	7	4	08a41a48	9
6800023c60000000	0000000000000000	10	1	08e49840	9
6800024820000000	0000000000000000	7	5	08a410d8	9
6800025c60000000	0000000000000000	10	2	08a492c0	9
6800025c70000000	0000000000000000	11	2	08e410d0	9
6800026820000000	0000000000000000	8	15	08a4124c	9
6800026820000218	0000000000000000	11	1	08e11248	9
6800027c60000000	0000000000000000	11	4	08e49050	9
6800027c70000000	0000000000000000	12	2	08e41250	9
6941006820000000	0000000000000001	11	3	00ec1148	9
69c3005c60000000	0000000000000001	15	1	00ec90c0	9
69c3007c60000000	0000000000000001	16	3	00ec9050	9
69c3805c70000000	0000000000000001	17	1	00ec10d0	9
69c3807c70000000	0000000000000001	18	1	00ed1240	9
7800008924000000	0000000000000000	9	5	082c18c8	9
780000c924000000	0000000000000000	10	8	082c10cc	9
780000dde6000000	0000000000000000	15	1	086c90c0	9
780002892c000000	0000000000000000	11	3	082498c8	9
780002c92c000000	0000000000000000	12	2	086490c8	9
8000000000000000	0000000000000000	1	11719	0000361f	9
8000010000000000	0000000000000000	2	277	0000d32d	9
9000018100000000	0000000000000000	5	44	082c500e	9
9000018100000100	0000000000000000	6	21	0828522c	9
9000018108000000	0000000000000000	6	27	0824506c	9
9000018108000100	0000000000000000	7	2	0861520c	9
9000018180000000	0000000000000000	6	18	082c5244	9
9000018180000180	0000000000000000	8	4	08685244	9
9000018188000000	0000000000000000	7	6	0864d044	9
9408018100000000	0000000000000002	8	5	006c504c	9
9408018100020100	0000000000000002	10	1	0069520c	9
9408018180000000	0000000000000002	9	2	006cd044	9
9408418108000000	0000000000000002	10	1	0065520c	9
9408418108020100	0000000000000002	12	1	0061522c	9
c000000000000000	0000000000000000	2	1449	0008321f	9
c000020000000000	0000000000000000	3	974	0000b32d	9
e000012000000000	0000000000000000	5	30	080c9a09	9
e000013050000000	0000000000000000	8	1	086c1841	9
e000016000000000	0000000000000000	6	68	080c920d	9
e000017040000000	0000000000000000	8	2	082c9241	9
e000017050000000	0000000000000000	9	1	086c1241	9
e000032000000000	0000000000000000	6	12	0824184b	9
e000033040000000	0000000000000000	8	1	08649841	9
e000036000000000	0000000000000000	7	30	08219249	9
e100012000000000	0000000000000000	6	6	002c1a49	9
e100016000000000	0000000000000000	7	45	000c832d	9
e100032000000000	0000000000000000	7	1	00649849	9
e100036000000000	0000000000000000	8	10	0020932d	9
e182017040000000	0000000000000000	11	2	002c9125	9
e182017040008420	0000000000000000	14	2	00289325	9
e182037040000000	0000000000000000	12	2	00249325	9
e182037040008420	0000000000000000	15	2	00219325	9
f80001a924000000	0000000000000000	12	10	082c184c	9
f80001a924000310	0000000000000000	15	1	08689848	9
f80001bde6000000	0000000000000000	17	1	086c9840	9
f80001e924000000	0000000000000000	13	19	082c124c	9
f80001e924000310	0000000000000000	16	1	08691248	9
f80001fde6000000	0000000000000000	18	1	086c9240	9
f80001fdf6000000	0000000000000000	19	1	086d1240	9
f80003a92c000000	0000000000000000	14	1	08649848	9
f80003e92c000000	0000000000000000	15	3	08649248	9
fd4921e924000000	0000000000000003	21	1	006d1248	9
fdcb63fdee06d7ba	0000000000000003	44	1	00619324	9
