w0,w1,weight,count8,least8,count9,least9
0000000000000000,0000000000000001,1,70,00a84449,1272,0088264b
0000000000000000,0000000000000002,1,0,,263,0a08608b
0000000000000000,0000000000000003,2,0,,9,1a884049
0000000000000000,0000000000000004,1,25,10552401,485,10552007
0000000000000000,0000000000000008,1,70,10542205,961,10542207
0000000000000000,000000000000000c,2,148,10546005,1515,10542017
0000000000000000,0000000000000010,1,46,020ca083,724,0204a097
0000000000000000,0000000000000020,1,137,00c87003,1675,00c83416
0000000000000000,0000000000000024,2,0,,7,10c36440
0000000000000000,0000000000000034,3,0,,3,12c56040
0000000000000000,0000000000000040,1,197,00a8c441,1587,002de440
0000000000000000,0000000000000080,1,8,0089c281,532,0025c283
0000000000000000,0000000000000100,1,6,00a96600,249,002d2603
0000000000000000,0000000000000140,2,1,02a94440,43,00a94464
0000000000000000,0000000000000200,1,12,101d2201,438,10152605
0000000000000000,0000000000000204,2,15,10956001,548,10156405
0000000000000000,0000000000000208,2,95,10146205,1556,10146207
0000000000000000,000000000000020c,3,191,101c6005,2037,10146017
0000000000000000,0000000000000300,2,1,108d6200,64,100d6205
0000000000000000,0000000000000400,1,496,0080d125,4640,0080d037
0000000000000000,0000000000000420,2,194,00887007,2227,00887017
0000000000000000,0000000000000440,2,149,0088c550,1283,0080c553
0000000000000000,0000000000000450,3,1,1284e040,18,0284e141
0000000000000000,0000000000000764,6,0,,9,10896444
0000000000000000,0000000000000774,7,0,,1,128d6040
0000000000000000,0000000000000800,1,335,10102e09,3715,1010221f
0000000000000000,0000000000000804,2,0,,144,10516441
0000000000000000,0000000000000808,2,23,10526201,367,10506324
0000000000000000,000000000000080c,3,18,12522c00,356,10506c05
0000000000000000,0000000000000a00,2,0,,102,10136601
0000000000000000,0000000000000a04,3,0,,64,12116c01
0000000000000000,0000000000000a08,3,16,12122601,318,10126605
0000000000000000,0000000000000a0c,4,9,12186402,223,101a6405
0000000000000000,0000000000001000,1,117,0044f005,1912,0040d551
0000000000000000,0000000000001010,2,0,,7,1244a043
0000000000000000,0000000000001020,2,45,00487016,865,00487017
0000000000000000,0000000000001024,3,0,,1,104d6440
0000000000000000,0000000000001400,2,104,000cf005,1521,0004f017
0000000000000000,0000000000001420,3,23,02087405,509,00087817
0000000000000000,0000000000001440,3,23,0200c551,483,02008557
0000000000000000,0000000000002000,1,539,0048d448,6112,0005d648
0000000000000000,0000000000003000,2,60,02408552,549,0040dd50
0000000000000000,0000000000003400,3,84,02009552,474,000cd550
0000000000000000,0000000000003440,4,23,0200c552,280,02008576
0000000000000000,0000000000004000,1,48,1060a209,960,10208559
0000000000000000,0000000000004001,2,4,18220609,92,1020660b
0000000000000000,0000000000008000,1,50,1008a609,893,1008832d
0000000000000000,0000000000009000,2,0,,5,1048e441
0000000000000000,000000000000a000,2,0,,12,1048c648
0000000000000000,000000000000c000,2,41,1040e209,828,1000a32d
0000000000000000,000000000000e000,3,0,,9,1040c558
0000000000000000,0000000000010000,1,221,002c6488,4609,00066c8c
0000000000000000,0000000000012000,2,0,,12,104cc40c
0000000000000000,0000000000014000,2,0,,10,1061e408
0000000000000000,0000000000018000,2,0,,3,1049e408
0000000000000000,000000000001a000,3,0,,3,180acc08
0000000000000000,000000000001c000,3,0,,3,1842ac08
0000000000000000,000000000001e000,4,0,,3,1842cc08
0000000000000000,0000000000020000,1,22,002ca481,427,000c6487
0000000000000000,0000000000020010,2,4,080e6081,63,080e2087
0000000000000000,0000000000030000,2,92,00846486,1133,000c6496
0000000000000000,0000000000030010,3,3,088e6080,40,088e6082
0000000000000000,0000000000040000,1,19,18046089,492,0804e889
0000000000000000,0000000000040002,2,0,,222,0808688d
0000000000000000,0000000000040003,3,0,,12,1888404d
0000000000000000,0000000000040010,2,0,,29,0884e0c1
0000000000000000,0000000000040034,4,0,,1,18cd2040
0000000000000000,0000000000040040,2,0,,3,182ca041
0000000000000000,0000000000040450,4,0,,4,0884e141
0000000000000000,0000000000040774,8,0,,1,188d6040
0000000000000000,0000000000050000,2,0,,96,082c608a
0000000000000000,0000000000050002,3,0,,87,0828e888
0000000000000000,0000000000060000,2,0,,51,082c2087
0000000000000000,0000000000060010,3,0,,71,080c6885
0000000000000000,0000000000070000,3,0,,90,082c6086
0000000000000000,0000000000070010,4,3,088ce080,65,088c6086
0000000000000000,0000000000080000,1,11,020aa089,409,020a208f
0000000000000000,0000000000080001,2,0,,14,12a2200b
0000000000000000,0000000000080002,2,117,0208a08b,1571,0208209f
0000000000000000,0000000000080003,3,2,12a8000b,52,02a8210b
0000000000000000,0000000000100000,1,34,000e6089,753,0006a88b
0000000000000000,0000000000100010,2,0,,28,004e60c1
0000000000000000,0000000000100034,4,0,,1,10c76040
0000000000000000,0000000000100450,4,0,,2,1086e041
0000000000000000,0000000000110000,2,1,102e2088,132,002e208e
0000000000000000,0000000000120000,2,4,002e2083,80,002e2087
0000000000000000,0000000000120010,3,5,004ea081,134,000e2097
0000000000000000,0000000000130000,3,8,006e2082,153,002e2096
0000000000000000,0000000000130010,4,8,008e6084,94,008e6086
0000000000000000,0000000000140000,2,202,000ce089,2175,0004e88d
0000000000000000,0000000000140010,3,4,00cc60c0,130,000ce0c5
0000000000000000,0000000000140034,5,0,,2,10cd2041
0000000000000000,0000000000140040,3,0,,15,00a4e141
0000000000000000,0000000000140140,4,0,,2,00ad6140
0000000000000000,0000000000140450,5,1,108ce040,19,0084e161
0000000000000000,0000000000140774,9,0,,3,108d6041
0000000000000000,0000000000141010,4,0,,2,1045e041
0000000000000000,0000000000150000,3,33,008ce088,516,002c209e
0000000000000000,0000000000160000,3,22,002c6083,247,002c2097
0000000000000000,0000000000160010,4,26,004ca881,290,000c6097
0000000000000000,0000000000170000,4,29,002ce082,308,002c2896
0000000000000000,0000000000170010,5,28,008c60a4,211,008c6096
0000000000000000,0000000000180000,2,15,000aa889,430,000a209f
0000000000000000,0000000000180001,3,0,,11,10aa400b
0000000000000000,0000000000190000,3,0,,180,002a209e
0000000000000000,00000000001c0002,4,45,0028608b,1132,000820bf
0000000000000000,00000000001c0003,5,0,,44,00a8610b
0000000000000000,00000000001d0002,5,10,00a8608a,433,0028609e
0000000000000000,0000000000200000,1,0,,34,08470a81
0000000000000000,0000000000400000,1,66,08020a8d,749,08020a8f
0000000000000000,0000000000400001,2,0,,8,088a0349
0000000000000000,0000000000600000,2,1,094a0281,38,09460a81
0000000000000000,0000000000800000,1,0,,77,08090a8b
0000000000000000,0000000000800002,2,0,,2,0a290889
0000000000000000,0000000000840002,3,0,,3,08294889
0000000000000000,0000000000a00000,2,0,,65,08454a81
0000000000000000,0000000000c00000,2,3,09080a89,208,08084a8d
0000000000000000,0000000000c00002,3,0,,7,0a28088b
0000000000000000,0000000000c00003,4,0,,1,0aa84109
0000000000000000,0000000000c40000,3,0,,3,082c4889
0000000000000000,0000000000c40002,4,0,,4,08684889
0000000000000000,0000000000c40003,5,0,,1,08a84149
0000000000000000,0000000000e00000,3,2,09480a81,55,09480a83
0000000000000000,0000000001000000,1,226,01c0c0c4,3474,0164a08a
0000000000000000,0000000001000002,2,0,,41,0a80c12c
0000000000000000,0000000001000010,2,7,0284e082,89,0284e086
0000000000000000,0000000001000040,2,0,,1,02a4e140
0000000000000000,0000000001000450,4,0,,5,0284e142
0000000000000000,0000000001010000,2,7,08622888,97,0862208e
0000000000000000,0000000001030000,3,0,,1,08e6a080
0000000000000000,0000000001030010,4,0,,7,08c6a082
0000000000000000,0000000001040000,2,0,,1,08c4c148
0000000000000000,0000000001040002,3,0,,5,08c0c8c8
0000000000000000,0000000001040010,3,0,,2,08c4e0c0
0000000000000000,0000000001050000,3,0,,4,0864a888
0000000000000000,0000000001050002,4,0,,8,08c0e128
0000000000000000,0000000001070000,4,0,,2,08e4a880
0000000000000000,0000000001070010,5,0,,9,08c4a980
0000000000000000,0000000001080000,2,1,0282e088,55,0282a988
0000000000000000,0000000001080002,3,13,0280e188,199,0280c12e
0000000000000000,0000000001100010,3,0,,2,00c6e0c0
0000000000000000,0000000001110000,3,0,,8,0066a888
0000000000000000,0000000001130000,4,0,,5,00e6a082
0000000000000000,0000000001130010,5,1,00c6e080,8,00c6e082
0000000000000000,0000000001140000,3,0,,10,00c4c168
0000000000000000,0000000001140010,4,1,00c4e0c0,13,00c4e0c2
0000000000000000,0000000001150000,4,1,00c4e088,37,0064e08a
0000000000000000,0000000001170000,5,1,00e4e080,10,00e4a182
0000000000000000,0000000001170010,6,5,00c4e084,21,00c4e086
0000000000000000,0000000001180000,3,0,,1,00c2e0c8
0000000000000000,0000000001190000,4,0,,14,00c2a988
0000000000000000,00000000011c0002,5,0,,16,00c0c16c
0000000000000000,00000000011d0002,6,1,00c0e188,47,00c0c1ac
0000000000000000,0000000002000000,1,97,01804649,1130,00864649
0000000000000000,0000000002000001,2,29,02602609,423,00826649
0000000000000000,0000000002400000,2,4,09824049,79,08864149
0000000000000000,0000000002400001,3,0,,19,0882414d
0000000000000000,0000000002600000,3,0,,2,09c24241
0000000000000000,0000000003000000,2,0,,5,09c26048
0000000000000000,0000000004000000,1,435,000a9889,7766,0003988b
0000000000000000,0000000004000002,2,0,,3,0a098889
0000000000000000,0000000004000400,2,0,,3,02889125
0000000000000000,0000000004002000,2,0,,10,08479808
0000000000000000,0000000004010000,2,0,,4,088a8988
0000000000000000,0000000004040000,2,0,,1,084c8889
0000000000000000,0000000004040002,3,0,,2,08498889
0000000000000000,0000000004080000,2,0,,14,020a888b
0000000000000000,0000000004080002,3,0,,36,0208809f
0000000000000000,0000000004100000,2,0,,5,000f8889
0000000000000000,0000000004140000,3,0,,6,000c809f
0000000000000000,0000000004180000,3,0,,7,004a888b
0000000000000000,00000000041c0002,5,0,,5,0049888b
0000000000000000,0000000004400000,2,14,080e0889,176,080a009f
0000000000000000,0000000004800000,2,0,,3,090d0889
0000000000000000,0000000004c00000,3,0,,6,0948088d
0000000000000000,0000000005000000,2,0,,35,038081ac
0000000000000000,0000000005010000,3,0,,2,08c38888
0000000000000000,0000000006400000,3,0,,5,09860849
0000000000000000,0000000008000000,1,69,018c0609,1348,008c260b
0000000000000000,0000000008010000,2,0,,8,008d450c
0000000000000000,0000000008100000,2,0,,1,008e6109
0000000000000000,0000000008140000,3,0,,5,008c610b
0000000000000000,0000000008150000,4,0,,1,00cd6108
0000000000000000,0000000008400000,2,0,,4,088e0309
0000000000000000,0000000008600000,3,0,,2,09ce0201
0000000000000000,0000000008800000,2,0,,1,098d0209
0000000000000000,0000000008a00000,3,0,,3,09c54201
0000000000000000,0000000008c00000,3,0,,5,098c400d
0000000000000000,0000000008e00000,4,0,,5,09cc4201
0000000000000000,000000000a000000,2,9,01842609,229,00866309
0000000000000000,000000000a400000,3,1,09864009,20,0886410d
0000000000000000,000000000a600000,4,0,,1,09c64201
0000000000000000,000000000b000000,3,0,,2,09c62808
0000000000000000,000000000c000000,2,0,,1,098f0009
0000000000000000,000000000c400000,3,0,,6,098e000b
0000000000000000,000000000e400000,4,0,,2,09c60809
0000000000000000,0000000010000000,1,0,,33,03050649
0000000000000000,0000000012000000,2,0,,22,03040e49
0000000000000000,0000000018000000,2,15,03050609,337,0305060b
0000000000000000,0000000018200000,3,0,,1,0b470201
0000000000000000,0000000018400000,3,0,,2,0b0e0209
0000000000000000,0000000018800000,3,0,,1,0b0d0209
0000000000000000,0000000018c00000,4,0,,3,0b0c020b
0000000000000000,000000001a000000,3,7,03042609,115,0304041f
0000000000000000,000000001a400000,4,0,,9,0b06020b
0000000000000000,000000001c000000,3,0,,3,0b070809
0000000000000000,000000001c400000,4,0,,4,0b0e000b
0000000000000000,000000001e400000,5,0,,1,0b460809
0000000000000000,0000000020000000,1,199,0029a209,4261,0029220f
0000000000000000,0000000020000001,2,3,0228220b,76,0088624b
0000000000000000,0000000020000002,2,0,,41,0a80e049
0000000000000000,0000000020000003,3,0,,1,0aa86009
0000000000000000,0000000020000010,2,0,,2,02c4e041
0000000000000000,0000000020000040,2,0,,13,022ca043
0000000000000000,0000000020000080,2,4,00a9c201,112,0089c225
0000000000000000,0000000020000100,2,3,00a96202,110,00296207
0000000000000000,0000000020000140,3,0,,1,02ad6040
0000000000000000,0000000020000450,4,0,,9,028ce041
0000000000000000,0000000020002000,2,0,,3,0a0ac20c
0000000000000000,0000000020010000,2,0,,32,082f6008
0000000000000000,0000000020040000,2,0,,14,086d2009
0000000000000000,0000000020040002,3,0,,20,0888e049
0000000000000000,0000000020040003,4,0,,3,08a86049
0000000000000000,0000000020040010,3,0,,2,08c4e041
0000000000000000,0000000020040040,3,0,,2,08a4e041
0000000000000000,0000000020040140,4,0,,1,08ad6040
0000000000000000,0000000020040450,5,0,,2,088ce041
0000000000000000,0000000020050000,3,0,,2,08ace008
0000000000000000,0000000020050002,4,0,,4,08c8e808
0000000000000000,0000000020080000,2,0,,48,028ac00b
0000000000000000,0000000020080001,3,0,,2,02aa200b
0000000000000000,0000000020080002,3,14,0288e009,213,0280e00f
0000000000000000,0000000020080003,4,0,,13,02a8200f
0000000000000000,0000000020100000,2,0,,12,002fa009
0000000000000000,0000000020100010,3,0,,1,00cee040
0000000000000000,0000000020110000,3,0,,2,00aee008
0000000000000000,0000000020140000,3,0,,95,002d600b
0000000000000000,0000000020140010,4,1,00cce040,11,00c4e045
0000000000000000,0000000020140040,4,0,,5,00ace041
0000000000000000,0000000020140450,6,0,,1,008ce045
0000000000000000,0000000020150000,4,0,,30,006d600c
0000000000000000,0000000020180000,3,0,,12,00aac00b
0000000000000000,0000000020180001,4,0,,2,00aa600b
0000000000000000,0000000020190000,4,0,,3,00cae808
0000000000000000,00000000201c0002,5,0,,74,0088c82d
0000000000000000,00000000201c0003,6,0,,10,00a8600f
0000000000000000,00000000201d0002,6,0,,26,00a8e00e
0000000000000000,0000000020200000,2,0,,2,08e34201
0000000000000000,0000000020400000,2,1,0a2e0009,19,088e0249
0000000000000000,0000000020400001,3,4,088a4049,53,088a024b
0000000000000000,0000000020800000,2,0,,10,08694209
0000000000000000,0000000020800002,3,0,,1,0aa94009
0000000000000000,0000000020840002,4,0,,2,08a94049
0000000000000000,0000000020a00000,3,0,,9,08e14241
0000000000000000,0000000020c00000,3,0,,3,088c4249
0000000000000000,0000000020c00001,4,0,,9,08a84249
0000000000000000,0000000020c00003,5,0,,4,0aa8400b
0000000000000000,0000000020c40000,4,0,,2,08ac4049
0000000000000000,0000000020c40003,6,0,,4,08a8404b
0000000000000000,0000000021000000,2,0,,109,0224e00e
0000000000000000,0000000021000002,3,0,,12,0aa0c04a
0000000000000000,0000000021000010,3,1,02c4e040,9,02c4e042
0000000000000000,0000000021000040,3,0,,7,02a4e042
0000000000000000,0000000021000450,5,0,,1,0a86e040
0000000000000000,0000000021010000,3,0,,15,08c2c80c
0000000000000000,0000000021040000,3,0,,3,08c4e048
0000000000000000,0000000021040002,4,0,,4,08c0e848
0000000000000000,0000000021040010,4,0,,6,08c4e042
0000000000000000,0000000021080000,3,0,,8,02a2e00a
0000000000000000,0000000021080002,4,1,02e0e008,39,02a0e00e
0000000000000000,0000000021100000,3,0,,1,00e6e040
0000000000000000,0000000021100010,4,0,,2,00c6e840
0000000000000000,0000000021110000,4,0,,1,00c6e808
0000000000000000,0000000021140000,4,0,,11,00c4e04c
0000000000000000,0000000021140010,5,0,,6,00c4e064
0000000000000000,0000000021150000,5,0,,6,00c4e80c
0000000000000000,00000000211c0002,6,0,,1,00e1e048
0000000000000000,00000000211d0002,7,0,,1,00e1e808
0000000000000000,0000000022000000,2,0,,18,00866249
0000000000000000,0000000022000001,3,0,,45,00a2620b
0000000000000000,0000000022400000,3,0,,34,0886404d
0000000000000000,0000000022400001,4,3,08824249,73,0882406d
0000000000000000,0000000024000000,2,0,,36,020c801f
0000000000000000,0000000024080002,4,0,,1,02c98809
0000000000000000,0000000024400001,4,0,,1,08ca0849
0000000000000000,0000000028000000,2,0,,52,00876209
0000000000000000,0000000028010000,3,0,,1,088f6008
0000000000000000,0000000028040000,3,0,,1,08cc6009
0000000000000000,0000000028050000,4,0,,1,08cd6008
0000000000000000,0000000028100000,3,0,,2,008e600d
0000000000000000,0000000028140000,4,0,,8,008c600f
0000000000000000,0000000028150000,5,0,,2,00cd600a
0000000000000000,0000000028400000,3,0,,13,088e020b
0000000000000000,0000000029010000,4,0,,1,08c76008
0000000000000000,000000002a000000,3,0,,12,00c66209
0000000000000000,000000002a400000,4,0,,12,0886402d
0000000000000000,000000002c400000,4,0,,2,08ce0809
0000000000000000,0000000040000000,1,35,00d12601,546,00c92641
0000000000000000,0000000040000004,2,22,00d14441,562,00d14425
0000000000000000,0000000040000008,2,64,00d04641,1085,00d02e41
0000000000000000,000000004000000c,3,122,00d04524,1499,00d04447
0000000000000000,0000000040000024,3,2,00c96440,21,00c96441
0000000000000000,0000000040000200,2,10,00916604,534,00914325
0000000000000000,0000000040000204,3,24,00994424,645,00914465
0000000000000000,0000000040000208,3,81,00906324,1465,00904327
0000000000000000,000000004000020c,4,193,00906425,1913,00904476
0000000000000000,0000000040000300,3,0,,21,00896641
0000000000000000,0000000040000764,7,0,,26,008d6444
0000000000000000,0000000040140034,6,0,,1,00cd6140
0000000000000000,0000000048000000,2,0,,14,00cd2301
0000000000000000,0000000048000300,4,0,,24,008d6301
0000000000000000,0000000060000000,2,1,00c96240,14,00c96241
0000000000000000,0000000060000034,5,0,,1,02cd6040
0000000000000000,0000000060000300,4,0,,10,008d6241
0000000000000000,0000000060040034,6,0,,1,08cd6040
0000000000000000,0000000060100034,6,0,,1,00cf6040
0000000000000000,0000000060140034,7,0,,6,00cd6041
0000000000000000,0000000060a00000,4,0,,1,0ac94240
0000000000000000,0000000068000000,3,1,00cd6200,25,00cd2203
0000000000000000,0000000068000300,5,0,,15,008d6203
0000000000000000,0000000080000000,1,90,001c2609,1787,0014601f
0000000000000000,0000000080000800,2,310,00186609,3608,00106e0d
0000000000000000,0000000090000000,2,0,,3,024c2449
0000000000000000,0000000092000000,3,0,,2,0a064449
0000000000000000,0000000098000000,3,0,,75,02072609
0000000000000000,000000009a000000,4,0,,27,02062e09
0000000000000000,00000000b8000000,4,0,,28,020c201f
0000000000000000,00000000b8400000,5,0,,9,0a0e020b
0000000000000000,00000000ba000000,5,0,,8,0a06220b
0000000000000000,00000000ba400000,6,0,,2,0a064a09
0000000000000000,00000000bc400000,6,0,,1,0a4e0809
0000000000000000,00000000c0000000,2,5,00556201,146,00552603
0000000000000000,00000000c0000004,3,0,,107,00556405
0000000000000000,00000000c0000008,3,8,005c2601,214,00546207
0000000000000000,00000000c000000c,4,5,02542c01,260,00546c05
0000000000000000,00000000c0000200,3,0,,48,001d2603
0000000000000000,00000000c0000204,4,0,,43,02156c01
0000000000000000,00000000c0000208,4,4,021c2601,183,001c2217
0000000000000000,00000000c000020c,5,3,021c6404,173,001c6017
0000000000000000,00000000c0000800,3,22,00516601,349,00512e41
0000000000000000,00000000c0000804,4,1,0a532400,168,00516c41
0000000000000000,00000000c0000808,4,23,00586601,391,00506e05
0000000000000000,00000000c000080c,5,12,02522c01,325,00506c45
0000000000000000,00000000c0000a00,4,1,0a132600,106,00196603
0000000000000000,00000000c0000a04,5,0,,58,02192407
0000000000000000,00000000c0000a08,5,13,02186601,258,00186607
0000000000000000,00000000c0000a0c,6,12,02186406,192,02106c45
0000000000000000,00000000d8000000,4,0,,6,024d2601
0000000000000000,00000000d8000300,6,0,,1,0a0f2600
0000000000000000,00000000f8000000,5,0,,9,024d2203
0000000000000000,0000000100000000,1,234,00288649,2610,0028832d
0000000000000000,0000000100000001,2,4,00682609,96,0028260f
0000000000000000,0000000100000040,2,0,,10,002cc445
0000000000000000,0000000100010000,2,0,,26,002ce40c
0000000000000000,0000000100140000,3,0,,2,002ce109
0000000000000000,0000000100400000,2,2,092a0209,22,082e0309
0000000000000000,0000000100400001,3,0,,6,082a030b
0000000000000000,0000000100c00000,3,0,,31,0928021b
0000000000000000,0000000120000000,2,5,0028e209,215,0028821f
0000000000000000,0000000120000001,3,2,00686209,39,0028221f
0000000000000000,0000000120010000,3,0,,8,082ea00c
0000000000000000,0000000120040000,3,0,,6,082ce009
0000000000000000,0000000120050000,4,0,,1,086ca808
0000000000000000,0000000120100000,3,0,,15,002e600b
0000000000000000,0000000120110000,4,0,,1,006ea808
0000000000000000,0000000120140000,4,0,,31,002c201f
0000000000000000,0000000120150000,5,0,,3,006ce00a
0000000000000000,0000000120400000,3,1,082e0209,22,082e001b
0000000000000000,0000000120400001,4,2,082a0a09,23,082a020f
0000000000000000,0000000200000000,1,10,01250609,289,00256609
0000000000000000,0000000200004000,2,30,01212609,649,0021a649
0000000000000000,0000000200010000,2,0,,2,0065e408
0000000000000000,0000000200014000,3,0,,7,0863240a
0000000000000000,0000000200200000,2,0,,1,09670201
0000000000000000,0000000200800000,2,0,,1,09650209
0000000000000000,0000000200804000,3,0,,2,09610a09
0000000000000000,0000000200a00000,3,0,,1,09654201
0000000000000000,0000000201000000,2,0,,3,0165a808
0000000000000000,0000000220000000,2,0,,86,0025a20b
0000000000000000,0000000220004000,3,2,08632208,111,0023e209
0000000000000000,0000000220140000,4,0,,2,0065a809
0000000000000000,0000000221010000,4,0,,3,08672808
0000000000000000,0000000300000000,2,11,01248449,411,00248559
0000000000000000,0000000300004000,3,24,01208649,593,00208759
0000000000000000,0000000300010000,3,0,,4,0826e408
0000000000000000,0000000300014000,4,0,,3,0862ac08
0000000000000000,0000000300140000,4,0,,1,0064e109
0000000000000000,0000000301000000,3,0,,7,0164e00c
0000000000000000,0000000302000000,3,3,01242609,102,00246649
0000000000000000,0000000302004000,4,12,01204649,185,0120061f
0000000000000000,0000000302004001,5,0,,38,00606649
0000000000000000,0000000302400000,4,2,09260209,24,0926001b
0000000000000000,0000000302404000,5,2,09220a09,26,0922020f
0000000000000000,0000000320000000,3,0,,36,0024e20b
0000000000000000,0000000320004000,4,0,,31,0060e20d
0000000000000000,0000000320100000,4,0,,1,0066a809
0000000000000000,0000000320140000,5,0,,1,0064e809
0000000000000000,0000000321010000,5,0,,2,0866a808
0000000000000000,0000000322000000,4,0,,14,00662a09
0000000000000000,0000000322004001,6,1,08622209,16,00626a09
0000000000000000,0000000322400000,5,0,,7,0826420d
0000000000000000,0000000322404001,7,0,,9,0822021f
0000000000000000,0000000400000000,1,7,010d8209,212,000d8649
0000000000000000,0000000400001000,2,0,,1,004de440
0000000000000000,0000000400002000,2,0,,1,004dc640
0000000000000000,0000000400008000,2,25,0109820d,506,0009a60b
0000000000000000,0000000400009000,3,0,,1,0049e441
0000000000000000,000000040000a000,3,0,,10,0049c644
0000000000000000,0000000400018000,3,0,,1,084ba408
0000000000000000,000000040001a000,4,0,,1,084b8c08
0000000000000000,0000000404000000,2,0,,6,014d800b
0000000000000000,0000000410000000,2,0,,33,010d0649
0000000000000000,0000000418000000,3,15,010d0609,255,010d060b
0000000000000000,0000000418200000,4,0,,1,094f0201
0000000000000000,0000000418800000,4,0,,4,090d020d
0000000000000000,0000000418a00000,5,0,,2,094d0a01
0000000000000000,000000041c000000,4,0,,4,090f000b
0000000000000000,0000000420000000,2,1,004da201,39,000da20b
0000000000000000,0000000420008000,3,3,0049a209,61,0009e20d
0000000000000000,000000042000a000,4,0,,1,084bc208
0000000000000000,0000000420100000,3,0,,1,004fa009
0000000000000000,0000000420140000,4,0,,2,004da809
0000000000000000,0000000424000000,3,0,,2,080f8809
0000000000000000,0000000498000000,4,0,,17,000d260d
0000000000000000,0000000498010000,5,0,,1,084f2408
0000000000000000,00000004b0000000,4,0,,1,004d2249
0000000000000000,00000004b8000000,5,1,004d2209,30,000d620d
0000000000000000,00000004b8140000,7,0,,1,004d600d
0000000000000000,00000004bc000000,6,0,,1,084f0809
0000000000000000,00000004d0000000,4,0,,1,004d6640
0000000000000000,00000004d8000000,5,0,,7,004d6601
0000000000000000,00000004f0000000,5,0,,1,004d6241
0000000000000000,00000004f8000000,6,0,,24,004d2213
0000000000000000,00000004f8000300,8,0,,1,080f6201
0000000000000000,0000000500000000,2,46,010c820d,763,000ca60b
0000000000000000,0000000500001000,3,0,,3,004ce441
0000000000000000,0000000500002000,3,0,,1,080ec448
0000000000000000,0000000500008000,3,86,0108860b,1169,00088759
0000000000000000,0000000500009000,4,0,,5,0048e550
0000000000000000,000000050000a000,4,0,,10,0048c558
0000000000000000,0000000500010000,3,0,,2,080ee408
0000000000000000,0000000500018000,4,0,,2,084aac08
0000000000000000,000000050001a000,5,0,,1,084acc08
0000000000000000,0000000500140000,4,0,,1,004ce109
0000000000000000,0000000504000000,3,1,090e8009,21,010c801f
0000000000000000,0000000510000000,3,0,,37,010c064b
0000000000000000,0000000510400000,4,0,,2,090e0249
0000000000000000,0000000514400000,5,0,,1,090e0849
0000000000000000,0000000518000000,4,17,010c220b,188,010c041f
0000000000000000,0000000518400000,5,2,090e0209,15,090e020b
0000000000000000,0000000518c00000,6,0,,7,090c0a0d
0000000000000000,000000051c400000,6,1,090e0809,10,090e000f
0000000000000000,0000000520000000,3,2,004ca209,82,000c821f
0000000000000000,0000000520008000,4,4,0048e209,72,0008a21f
0000000000000000,000000052000a000,5,0,,2,080aca0c
0000000000000000,0000000520040000,4,0,,2,084ca809
0000000000000000,0000000520100000,4,0,,3,000ee00d
0000000000000000,0000000520140000,5,0,,6,000ca01f
0000000000000000,0000000524000000,4,0,,2,080e880d
0000000000000000,0000000590000000,4,0,,4,000c6649
0000000000000000,0000000598000000,5,0,,26,000c660d
0000000000000000,00000005b0000000,5,0,,2,004c6249
0000000000000000,00000005b0400000,6,0,,1,080e4249
0000000000000000,00000005b8000000,6,1,080e2209,36,000c221f
0000000000000000,00000005b8100000,7,0,,2,004e600d
0000000000000000,00000005b8140000,8,0,,3,000c601f
0000000000000000,00000005b8400000,7,0,,14,080e021b
0000000000000000,00000005bc400000,8,0,,1,080e001f
0000000000000000,0000000600000000,2,8,01058609,229,0005a649
0000000000000000,000000060000c000,4,20,01018649,396,0001e649
0000000000000000,000000060000e000,5,0,,6,0041ce48
0000000000000000,000000060001c000,5,0,,2,0843ac08
0000000000000000,000000060001e000,6,0,,1,0843cc08
0000000000000000,0000000604000000,3,0,,3,01478809
0000000000000000,0000000610000000,3,0,,23,01052649
0000000000000000,0000000618000000,4,13,01052609,158,0105260b
0000000000000000,0000000618200000,5,0,,2,09470a01
0000000000000000,0000000618800000,5,0,,1,09454209
0000000000000000,000000061c000000,5,0,,1,09470809
0000000000000000,0000000620000000,3,0,,46,0005e20d
0000000000000000,000000062000c000,5,1,0041e209,40,0041aa0d
0000000000000000,0000000620100000,4,0,,1,0047a809
0000000000000000,0000000620140000,5,0,,1,0045e809
0000000000000000,0000000624000000,4,0,,1,08478809
0000000000000000,0000000698000000,5,0,,10,00472609
0000000000000000,0000000698010000,6,0,,2,08472c08
0000000000000000,00000006b8000000,6,0,,19,0047220d
0000000000000000,0000000700000000,3,16,0104a609,478,0004e60d
0000000000000000,000000070000c000,5,24,0100a649,549,0002e649
0000000000000000,000000070000e000,6,0,,3,0842c648
0000000000000000,0000000700010000,4,0,,2,0846ac08
0000000000000000,000000070001c000,6,0,,1,0842ec08
0000000000000000,0000000704000000,4,0,,6,0906880b
0000000000000000,0000000712000000,5,0,,21,0104264d
0000000000000000,0000000712400000,6,0,,5,09060a49
0000000000000000,000000071a000000,6,6,01046609,88,01042e0d
0000000000000000,000000071a400000,7,3,09060a09,24,0906021b
0000000000000000,000000071e400000,8,0,,2,0906001f
0000000000000000,0000000720000000,4,1,0806a209,45,0006e20d
0000000000000000,000000072000c000,6,2,0802e209,34,0040ea0d
0000000000000000,0000000720100000,5,0,,1,0046e809
0000000000000000,0000000720140000,6,0,,1,0044e80d
0000000000000000,000000079a000000,7,0,,14,00462e09
0000000000000000,00000007b2000000,7,0,,2,08066249
0000000000000000,00000007ba000000,8,1,08462209,17,0046620d
0000000000000000,00000007ba400000,9,0,,4,08064a0d
0000000000000000,0000000800000000,1,7,000b0a89,214,00034a8d
0000000000000000,0000000800080000,2,0,,5,022b008b
0000000000000000,0000000800100000,2,0,,4,002f008b
0000000000000000,0000000800180000,3,0,,11,000b488d
0000000000000000,0000000800200000,2,1,014b0281,93,00474a81
0000000000000000,0000000800400000,2,29,000a4a89,552,00064a8d
0000000000000000,0000000800400001,3,0,,1,00aa4309
0000000000000000,0000000800480000,3,0,,26,022a008f
0000000000000000,0000000800480001,4,0,,1,02aa4109
0000000000000000,0000000800500000,3,0,,20,000e488d
0000000000000000,0000000800580000,4,0,,20,000a409f
0000000000000000,0000000800600000,3,4,014a0a81,116,01464a81
0000000000000000,0000000800800000,2,36,00290a89,624,00094a8b
0000000000000000,0000000800880002,4,0,,21,0229008f
0000000000000000,0000000800940000,4,0,,12,002d088b
0000000000000000,00000008009c0002,6,0,,17,0029488d
0000000000000000,0000000800a00000,3,31,00690a81,461,00454a85
0000000000000000,0000000800c00000,3,79,00284a89,1030,0008429f
0000000000000000,0000000800c00001,4,0,,8,00a8430b
0000000000000000,0000000800c80002,5,1,02a84089,39,0208409f
0000000000000000,0000000800c80003,6,0,,6,02a8410b
0000000000000000,0000000800d40000,5,0,,40,000c409f
0000000000000000,0000000800dc0002,7,0,,30,002800bf
0000000000000000,0000000800dc0003,8,0,,2,00a8412d
0000000000000000,0000000800e00000,4,30,01484285,282,01480297
0000000000000000,0000000802400000,3,0,,38,0182424b
0000000000000000,0000000802600000,4,0,,10,01c24243
0000000000000000,0000000804000000,2,0,,9,010b088b
0000000000000000,0000000804080000,3,0,,1,024b0889
0000000000000000,0000000804100000,3,0,,1,004f0889
0000000000000000,0000000804180000,4,0,,1,00cb0889
0000000000000000,0000000804400000,3,1,014a0889,36,010a009f
0000000000000000,0000000804500000,4,0,,1,000e009f
0000000000000000,0000000804800000,3,1,01490889,21,0109009f
0000000000000000,0000000804c00000,4,0,,41,010800bf
0000000000000000,0000000808000000,2,0,,2,01874209
0000000000000000,0000000808200000,3,0,,3,01c74201
0000000000000000,0000000808400000,3,0,,10,018e020d
0000000000000000,0000000808600000,4,0,,4,01ce4201
0000000000000000,0000000808800000,3,0,,17,008d4309
0000000000000000,0000000808940000,5,0,,1,00cd4109
0000000000000000,0000000808a00000,4,1,01cd4200,20,01c54203
0000000000000000,0000000808c00000,4,1,018c4209,46,008c430d
0000000000000000,0000000808d40000,6,0,,1,008c412d
0000000000000000,0000000808e00000,5,0,,22,01cc4203
0000000000000000,000000080a400000,4,0,,5,0186420d
0000000000000000,000000080cc00000,5,0,,3,018c001f
0000000000000000,0000000818000000,3,0,,3,03074209
0000000000000000,0000000818200000,4,0,,1,034f0201
0000000000000000,0000000818400000,4,0,,6,030e020b
0000000000000000,0000000818800000,4,0,,12,030d020b
0000000000000000,0000000818a00000,5,0,,5,03454205
0000000000000000,0000000818c00000,5,0,,17,030c020f
0000000000000000,000000081a400000,5,0,,1,03464209
0000000000000000,000000081cc00000,6,0,,2,030c001f
0000000000000000,0000000820000000,2,0,,27,002b420d
0000000000000000,0000000820080000,3,0,,1,02ab4009
0000000000000000,0000000820180000,4,0,,1,00eb4009
0000000000000000,0000000820200000,3,0,,9,00e34241
0000000000000000,0000000820400000,3,0,,13,00ae4209
0000000000000000,0000000820400001,4,0,,17,00aa420b
0000000000000000,0000000820480001,5,0,,5,02aa400b
0000000000000000,0000000820580001,6,0,,1,00ea4049
0000000000000000,0000000820800000,3,1,02690209,100,0029021f
0000000000000000,0000000820880002,5,0,,10,02a9400b
0000000000000000,0000000820940000,5,0,,3,00ad4049
0000000000000000,00000008209c0002,7,0,,5,00a9402d
0000000000000000,0000000820a00000,4,3,00e94202,39,00e14243
0000000000000000,0000000820c00000,4,0,,38,00ac420b
0000000000000000,0000000820c00001,5,0,,39,00a8420f
0000000000000000,0000000820c80003,7,0,,17,02a8001f
0000000000000000,0000000820d40000,6,0,,4,00ac402d
0000000000000000,0000000820dc0003,9,0,,8,00a8406d
0000000000000000,0000000822400000,4,0,,1,00c64249
0000000000000000,0000000822400001,5,0,,1,00e24249
0000000000000000,0000000828000000,3,0,,1,00c74209
0000000000000000,0000000828800000,4,0,,5,008d420d
0000000000000000,0000000828c00000,5,0,,2,00cc420d
0000000000000000,0000000828d40000,7,0,,1,008c401f
0000000000000000,0000000840a00000,4,0,,1,02c94340
0000000000000000,0000000848a00000,5,0,,1,02cd4300
0000000000000000,0000000860200000,4,0,,1,02cb4240
0000000000000000,0000000860a00000,5,0,,6,02c94241
0000000000000000,0000000868a00000,6,0,,3,02cd4201
0000000000000000,00000008b8800000,6,0,,1,024d4209
0000000000000000,00000008b8c00000,7,0,,2,020c021f
0000000000000000,0000000900400000,3,3,012a0a09,49,012a020f
0000000000000000,0000000900c00000,4,9,0128420d,111,0128021f
0000000000000000,0000000920400000,4,0,,1,002e420d
0000000000000000,0000000920400001,5,0,,2,002a021f
0000000000000000,0000000920c00000,5,0,,2,002c021f
0000000000000000,0000000920c00001,6,0,,2,0028023f
0000000000000000,0000000920d40000,7,0,,2,002c003f
0000000000000000,0000000a00000000,2,0,,3,01270a09
0000000000000000,0000000a00004000,3,0,,9,0123420b
0000000000000000,0000000a00200000,3,0,,1,01674201
0000000000000000,0000000a00800000,3,0,,7,0165020b
0000000000000000,0000000a00804000,4,1,01614209,12,0161021b
0000000000000000,0000000a00a00000,4,0,,6,01654203
0000000000000000,0000000a20800000,4,0,,1,0065420d
0000000000000000,0000000b02400000,5,0,,4,0126420d
0000000000000000,0000000b02404000,6,0,,4,01224a0d
0000000000000000,0000000c10800000,4,0,,2,010d4249
0000000000000000,0000000c10a00000,5,0,,1,014d4241
0000000000000000,0000000c18000000,4,0,,5,010f020b
0000000000000000,0000000c18200000,5,0,,1,014f4201
0000000000000000,0000000c18800000,5,1,014d0209,19,010d020f
0000000000000000,0000000c18a00000,6,0,,6,014d0a05
0000000000000000,0000000c1c800000,6,0,,1,010d001f
0000000000000000,0000000cb8800000,7,0,,1,004d420d
0000000000000000,0000000d10400000,5,0,,1,010e4249
0000000000000000,0000000d10c00000,6,0,,2,010c424d
0000000000000000,0000000d14c00000,7,0,,1,010c005f
0000000000000000,0000000d18400000,6,0,,13,010e021b
0000000000000000,0000000d18c00000,7,1,010c420d,19,010c021f
0000000000000000,0000000d1c400000,7,0,,1,010e001f
0000000000000000,0000000d1cc00000,8,0,,3,010c003f
0000000000000000,0000000db8c00000,9,0,,1,000c421f
0000000000000000,0000000e10800000,5,0,,1,01454249
0000000000000000,0000000e18000000,5,0,,4,0107420d
0000000000000000,0000000e18800000,6,0,,3,0145420d
0000000000000000,0000000e18a00000,7,0,,1,01454a05
0000000000000000,0000000f1a400000,8,0,,3,01064a0d
0000000000000001,0000000000000000,1,3242,05220a88,27071,04260296
0000000000000001,0000000000400000,2,0,,14,09420a8a
0000000000000001,0000000800400000,3,0,,1,03620a88
0000000000000002,0000000000000000,1,149,11c24440,1759,10a34448
0000000000000002,0000000000000024,3,1,12c14440,9,12c14442
0000000000000002,0000000000004000,2,0,,10,11630448
0000000000000002,0000000000010000,2,0,,13,10874508
0000000000000003,0000000000000000,2,1,33a40008,79,32a4000e
0000000000000004,0000000000000000,1,15,31844081,567,308440a5
0000000000000005,0000000000000000,2,1,33a40080,53,31c408c0
0000000000000006,0000000000000000,2,25,32a44002,446,30e64040
0000000000000007,0000000000000000,3,1,33e40000,48,33840016
0000000000000008,0000000000000000,1,97,11a02481,1559,10e124c0
000000000000000a,0000000000000000,2,18,13e00402,170,13c00c42
000000000000000c,0000000000000000,2,0,,32,31c00883
000000000000000d,0000000000000000,3,1,33e00080,32,31e00980
000000000000000e,0000000000000000,3,0,,4,33e10002
000000000000000f,0000000000000000,4,0,,15,33a20102
0000000000000010,0000000000000000,1,346,1000628d,4992,1000229f
0000000000000010,0000000000000001,2,1,1220220b,57,1080624b
0000000000000010,0000000000000002,2,0,,10,1a8040c9
0000000000000010,0000000000000003,3,0,,7,1a80404b
0000000000000010,0000000000004000,2,2,11206209,51,1021620b
0000000000000010,0000000000040002,3,0,,11,188041c9
0000000000000010,0000000000080002,3,2,12806089,67,1280288b
0000000000000010,0000000000080003,4,0,,22,1280604b
0000000000000010,00000000001c0002,5,0,,32,108041ad
0000000000000011,0000000000000000,2,4,33200282,85,31200a8a
0000000000000012,0000000000000000,2,4,32a0400a,91,3280402e
0000000000000013,0000000000000000,3,0,,13,32a0090a
0000000000000014,0000000000000000,2,12,318040c1,216,308041a5
0000000000000016,0000000000000000,3,11,32a04102,149,32804036
0000000000000018,0000000000000000,2,8,13a02081,114,11a02981
000000000000001c,0000000000000000,3,1,33a00081,28,31a00981
000000000000001d,0000000000000000,4,1,33a00082,17,33800886
000000000000001e,0000000000000000,4,0,,3,33a10102
000000000000001f,0000000000000000,5,0,,7,33a00106
0000000000000020,0000000000000000,1,79,0320c308,2256,0220c32c
0000000000000020,0000000000002000,2,0,,33,0241c328
0000000000000020,0000000000004000,2,0,,27,1121c308
0000000000000020,000000000000c000,3,0,,11,1140ca0c
0000000000000020,000000000000e000,4,0,,2,1842ca08
0000000000000020,0000000000010000,2,0,,3,18668808
0000000000000020,0000000000050000,3,0,,1,1865c008
0000000000000020,0000000000140000,3,0,,1,1065c048
0000000000000020,0000000000150000,4,0,,3,1064c80c
0000000000000020,0000000001000000,2,0,,34,0265c108
0000000000000020,0000000020000000,2,0,,13,0261c20a
0000000000000020,0000000020002000,3,0,,2,0a42ca08
0000000000000020,0000000021000000,3,0,,7,0a26c00c
0000000000000020,0000000200000000,2,0,,3,01658a08
0000000000000020,0000000200004000,3,0,,11,0161c20c
0000000000000020,0000000220004000,4,0,,1,0863c208
0000000000000020,0000000300000000,3,0,,2,09268a08
0000000000000020,0000000300004000,4,0,,9,0120c32c
0000000000000020,0000000301000000,4,0,,2,09668808
0000000000000020,0000000320004000,5,0,,1,0862ca08
0000000000000020,0000000600000000,3,0,,4,0145c20c
0000000000000020,000000060000c000,5,0,,5,0141ca0c
0000000000000020,000000062000e000,7,0,,1,0843ca08
0000000000000020,0000000700000000,4,0,,4,0906c20c
0000000000000020,000000070000c000,6,0,,3,0902ca0c
0000000000000021,0000000000000000,2,2,33240208,103,31460a08
0000000000000022,0000000000000000,2,1,33244008,64,3146400c
0000000000000023,0000000000000000,3,2,3324000a,62,31660808
0000000000000030,0000000000000000,2,0,,42,3121420a
0000000000000031,0000000000000000,3,0,,4,3320020e
0000000000000040,0000000000000000,1,85,11044485,1021,106444c1
0000000000000042,0000000000000000,2,9,13650400,176,11674400
0000000000000044,0000000000000000,2,25,31044085,475,30244087
0000000000000045,0000000000000000,3,2,33240082,78,31440096
0000000000000066,0000000000000000,4,1,33644000,86,31664004
0000000000000067,0000000000000000,5,0,,37,33040816
0000000000000080,0000000000000000,1,5,0b02a081,217,0b02a083
0000000000000080,0000000001000000,2,1,0b22a080,10,0b22a082
0000000000000080,0000000004000000,2,0,,3,0b038881
00000000000000a0,0000000000000000,2,0,,23,2b228102
0000000000000100,0000000000000000,1,14,13006481,183,122064c1
0000000000000108,0000000000000000,2,46,13002483,460,122024c3
0000000000000140,0000000000000000,2,25,13004c81,309,12604cc0
0000000000000142,0000000000000000,3,6,13614400,105,13614402
0000000000000148,0000000000000000,3,50,13200483,525,13000c87
000000000000014a,0000000000000000,4,5,13610c00,111,13610406
0000000000000180,0000000000000000,2,0,,10,1b026081
0000000000000188,0000000000000000,3,2,1b222080,48,1b022083
00000000000001c4,0000000000000000,4,0,,10,3a224081
00000000000001cc,0000000000000000,5,0,,6,3b020083
00000000000001cd,0000000000000000,6,0,,7,3b020882
00000000000001e6,0000000000000000,6,0,,4,3b224002
00000000000001ef,0000000000000000,8,0,,2,3b220802
0000000000000200,0000000000000000,1,3,0b208089,455,0900c88d
0000000000000200,0000000000000002,2,0,,61,0a00e189
0000000000000200,0000000000040002,3,0,,24,0840e889
0000000000000200,0000000000050002,4,0,,5,18606888
0000000000000200,0000000001000000,2,0,,24,0960a888
0000000000000200,0000000001000002,3,0,,9,0a20e08a
0000000000000200,0000000001050002,5,0,,2,0860e888
0000000000000200,0000000004000000,2,0,,8,09418889
0000000000000200,0000000004000002,3,0,,1,0a418889
0000000000000201,0000000000000000,2,0,,3,39600888
0000000000000210,0000000000000000,2,2,39002089,142,1900288d
0000000000000210,0000000000000002,3,0,,11,1a00608b
0000000000000210,0000000000040002,4,0,,2,182060c9
0000000000000211,0000000000000000,3,0,,3,3b00088a
0000000000000220,0000000000000000,2,0,,34,2b208908
0000000000000222,0000000000000000,3,0,,2,3b404808
0000000000000223,0000000000000000,4,0,,2,3b60000a
0000000000000232,0000000000000000,4,0,,4,3b20400a
0000000000000233,0000000000000000,5,0,,1,3b20080a
0000000000000280,0000000000000000,2,5,0b20a081,402,0b00a883
0000000000000280,0000000001000000,3,2,0b20e080,27,0b20a086
0000000000000280,0000000004000000,3,0,,2,0b408981
00000000000002a0,0000000000000000,3,0,,37,2b20c006
0000000000000380,0000000000000000,3,0,,15,1b406081
0000000000000388,0000000000000000,4,1,1b602080,34,1b402083
0000000000000390,0000000000000000,4,0,,31,1b006083
0000000000000398,0000000000000000,5,0,,31,1b202083
00000000000003c4,0000000000000000,5,0,,5,3b404081
00000000000003cc,0000000000000000,6,0,,4,3b400881
00000000000003cd,0000000000000000,7,0,,3,3b400882
00000000000003d4,0000000000000000,6,0,,13,3b004083
00000000000003dc,0000000000000000,7,0,,5,3b000883
00000000000003dd,0000000000000000,8,0,,2,3b200882
00000000000003e6,0000000000000000,7,0,,4,3b604002
00000000000003f6,0000000000000000,8,0,,2,3b204006
0000000000000400,0000000000000000,1,46,02a88601,1212,00a98603
0000000000000800,0000000000000000,1,2,22a88042,181,20898243
0000000000000800,0000000020000000,2,0,,3,00e98241
0000000000000800,0000000020000080,3,0,,1,02a98241
0000000000000c00,0000000000000000,2,74,20a88203,1277,00e98301
0000000000000c00,0000000000000080,3,0,,16,00ad8301
0000000000000c00,0000000020000000,3,0,,14,00e98203
0000000000000c00,0000000020000080,4,1,02a98201,14,00ad8203
0000000000001000,0000000000000000,1,6,22a80442,281,00e90641
0000000000001000,0000000000000100,2,0,,7,02a90641
0000000000001000,0000000000000140,3,0,,4,0aab0440
0000000000001000,0000000040000300,4,0,,1,0a8b0640
0000000000001002,0000000000000000,2,0,,13,12e50440
000000000000100a,0000000000000000,3,0,,15,1ae10440
0000000000001400,0000000000000000,2,59,02e90600,900,00e90603
0000000000001400,0000000000000100,3,0,,32,02a90603
0000000000001402,0000000000000000,3,0,,35,32840416
0000000000001408,0000000000000000,3,0,,7,32a00c03
000000000000140a,0000000000000000,4,0,,34,32a00d02
0000000000001800,0000000000000000,2,1,32ac0040,165,20a90243
0000000000001800,0000000820a00000,6,0,,1,02e90241
0000000000001801,0000000000000000,3,0,,2,32a40242
0000000000001804,0000000000000000,3,0,,2,32a40043
0000000000001806,0000000000000000,4,0,,1,32e50040
0000000000001807,0000000000000000,5,0,,4,32e40042
0000000000001810,0000000000000000,3,0,,1,32a10242
0000000000001c00,0000000000000000,3,42,20a90203,848,10e90203
0000000000001c00,0000000820a00000,7,0,,3,00ed0203
0000000000001c01,0000000000000000,4,0,,6,32a40206
0000000000001c04,0000000000000000,4,0,,11,32a40007
0000000000001c06,0000000000000000,5,0,,3,32e50002
0000000000001c07,0000000000000000,6,0,,6,32a40016
0000000000001c10,0000000000000000,4,0,,3,32a10203
0000000000002000,0000000000000000,1,13,2228c401,352,002dc601
0000000000002000,0000000100000000,2,0,,1,082ac601
0000000000002400,0000000000000000,2,36,02298601,636,006d8601
0000000000002400,0000000100000000,3,0,,1,082e8601
0000000000004000,0000000000000000,1,0,,108,2028c243
0000000000004000,0000000020000000,2,0,,2,0069c241
0000000000004000,0000000020000080,3,0,,1,0229c241
0000000000004020,0000000000000000,2,0,,9,2261c240
00000000000040a0,0000000000000000,3,0,,1,3a22c040
00000000000042a0,0000000000000000,4,0,,1,3a60c040
0000000000004800,0000000000000000,2,1,322c8040,141,10658241
0000000000004800,0000000000000080,3,0,,4,02298341
0000000000004800,0000000020000000,3,0,,2,02658241
0000000000004800,0000000020000080,4,0,,2,02298243
0000000000004820,0000000000000000,3,0,,7,32618240
0000000000006000,0000000000000000,2,56,2029c201,745,0069c301
0000000000006000,0000000000000080,3,0,,12,0221c303
0000000000006000,0000000020000000,3,1,0261c201,15,0069c203
0000000000006000,0000000020000080,4,1,0229c201,12,0225c203
0000000000006000,0000000220000000,4,0,,1,0065ca01
0000000000006020,0000000000000000,3,2,2261c200,69,2221c206
0000000000006080,0000000000000000,3,0,,4,2a22c101
00000000000060a0,0000000000000000,4,0,,4,2a63c000
0000000000006280,0000000000000000,4,0,,4,2a21c101
00000000000062a0,0000000000000000,5,0,,4,3a60c002
0000000000006c00,0000000000000000,4,60,20298203,942,02618303
0000000000006c00,0000000000000080,5,0,,28,02298303
0000000000006c00,0000000020000000,5,1,02698201,22,006d8203
0000000000006c00,0000000020000080,6,0,,15,02298207
0000000000006c20,0000000000000000,5,1,32658000,55,22618206
0000000000006ca0,0000000000000000,6,0,,1,3a628002
0000000000008000,0000000000000000,1,205,0269040a,3651,0069460a
0000000000008000,0000000000002000,2,0,,29,1045460c
0000000000008000,0000000000004000,2,0,,8,1061460c
0000000000008000,0000000000010000,2,0,,26,082b440a
0000000000008000,0000000000012000,3,0,,3,104d440c
0000000000008000,0000000020000000,2,0,,4,086b0a08
0000000000008000,0000000098002000,5,0,,6,024d440c
0000000000008000,0000000820800000,4,0,,3,0269420a
0000000000008002,0000000000000000,2,26,1261040a,355,12234c08
0000000000008002,0000000000002000,3,1,12454408,18,1245040e
0000000000008002,0000000000004000,3,0,,2,18234448
0000000000008002,0000000000010000,3,0,,3,18270c08
0000000000008002,0000000000012000,4,0,,2,18470c08
0000000000008002,0000000000014000,4,0,,3,18234c08
0000000000008020,0000000000000000,2,0,,68,1065420c
0000000000008020,0000000000002000,3,0,,2,18470a08
0000000000008020,0000000000004000,3,0,,2,18630a08
0000000000008021,0000000000000000,3,0,,13,3224020e
0000000000008022,0000000000000000,3,1,3a224008,76,3204401e
0000000000008023,0000000000000000,4,0,,19,3224001e
0000000000008030,0000000000000000,3,0,,3,3220420e
0000000000008222,0000000000000000,4,0,,1,3a614008
0000000000010000,0000000000000000,1,0,,29,00694641
0000000000010040,0000000000000000,2,0,,1,32244441
0000000000011000,0000000000000000,2,0,,42,20290643
0000000000011040,0000000000000000,3,0,,1,32640441
0000000000012000,0000000000000000,2,3,22284403,106,006d4601
0000000000012000,0000000000000100,3,0,,6,02294603
0000000000012040,0000000000000000,3,0,,7,32244403
0000000000012140,0000000000000000,4,0,,2,32614401
0000000000013400,0000000000000000,4,2,22290601,192,02690603
0000000000013400,0000000000000100,5,0,,8,02290607
0000000000013440,0000000000000000,5,0,,6,32250403
0000000000014000,0000000000000000,2,0,,40,10654241
0000000000014044,0000000000000000,4,0,,2,32644041
0000000000015800,0000000000000000,4,0,,47,106d0241
0000000000016000,0000000000000000,3,15,20694201,362,10654205
0000000000016000,0000000020200000,5,0,,2,086b4201
0000000000016000,0000000020a00000,6,0,,1,0a694201
0000000000016000,0000000820200000,6,0,,1,026b4201
0000000000016000,0000000820a00000,7,0,,5,006d4205
0000000000016010,0000000000000000,4,0,,1,32214203
0000000000016044,0000000000000000,5,0,,16,32244007
0000000000017c00,0000000000000000,6,18,22280207,347,106d0203
0000000000017c00,0000000020200000,8,0,,2,086f0201
0000000000017c00,0000000820a00000,10,0,,1,026d0203
0000000000017c44,0000000000000000,8,0,,5,32240017
0000000000018000,0000000000000000,2,9,22284442,154,02694444
0000000000018000,0000000000000100,3,0,,1,082b4640
0000000000018000,0000000000000140,4,0,,2,0a2b4440
0000000000018042,0000000000000000,4,0,,7,12654440
0000000000018142,0000000000000000,5,0,,6,32604442
0000000000019000,0000000000000000,3,1,2a2a0440,130,0a6b0440
0000000000019000,0000000000000100,4,0,,2,0a2b0640
0000000000019000,0000000000000140,5,0,,1,1a2b0440
0000000000019042,0000000000000000,5,0,,1,3a260440
000000000001a000,0000000000000000,3,27,20694600,335,02694602
000000000001a000,0000000000000100,4,0,,7,02294606
000000000001a042,0000000000000000,5,0,,10,32244406
000000000001a142,0000000000000000,6,0,,10,32614402
000000000001b400,0000000000000000,5,27,22280416,371,02690606
000000000001b400,0000000000000100,6,0,,14,022b0606
000000000001b442,0000000000000000,7,0,,6,32650402
000000000001b54a,0000000000000000,9,0,,5,3a220c02
000000000001c000,0000000000000000,3,0,,138,20294246
000000000001c020,0000000000000000,4,0,,2,30654240
000000000001c066,0000000000000000,7,0,,2,32654040
000000000001d800,0000000000000000,5,0,,56,22280256
000000000001e000,0000000000000000,4,38,20294206,674,20284236
000000000001e020,0000000000000000,5,0,,21,30654202
000000000001e030,0000000000000000,6,0,,1,32214206
000000000001e066,0000000000000000,8,0,,13,32244016
000000000001e1e6,0000000000000000,10,0,,1,3a624002
000000000001fc00,0000000000000000,7,14,22280216,366,20290236
000000000001fc20,0000000000000000,8,0,,3,32250206
0000000000020000,0000000000000000,1,84,0201d601,1455,0009d605
0000000000020000,0000000000001000,2,4,0240dc01,126,0048dc05
0000000000020000,0000000000001400,3,5,0208d405,176,0200d417
0000000000020000,0000000000002000,2,7,0241d600,264,0049d604
0000000000020000,0000000000003000,3,12,0248d404,222,0240d524
0000000000020000,0000000000003400,4,9,0208dc04,183,0204d416
0000000000022000,0000000000000000,2,8,2208c405,373,0208c607
0000000000022000,0000000000002000,3,0,,23,0249c604
0000000000022000,0000000000008000,3,0,,1,1049c601
0000000000022400,0000000000000000,3,3,22098601,343,02458e01
0000000000022400,0000000000002000,4,0,,12,0a4b8600
0000000000040000,0000000000000000,1,0,,280,0045d241
0000000000040000,0000000000001000,2,0,,15,1044d045
0000000000040000,0000000000001400,3,0,,6,100cd045
0000000000040000,0000000000002000,2,0,,20,0241d340
0000000000040000,0000000000003000,3,1,1244d040,35,1044d844
0000000000040000,0000000000003400,4,0,,7,1204d046
0000000000044000,0000000000000000,2,0,,39,2049c241
0000000000044020,0000000000000000,3,0,,6,3244c042
0000000000044800,0000000000000000,3,0,,26,12458241
0000000000060000,0000000000000000,2,195,0049d201,2986,0001d325
0000000000060000,0000000000001000,3,10,1044d005,233,0040d925
0000000000060000,0000000000001400,4,2,1204d005,136,000cd017
0000000000060000,0000000000002000,3,8,0249d200,254,0041d324
0000000000060000,0000000000003000,4,13,104cd004,222,0241d124
0000000000060000,0000000000003400,5,1,120cd004,59,020cd016
0000000000060000,0000000004001000,4,0,,5,024c9013
0000000000060000,0000000004001400,5,0,,1,020c9017
0000000000066000,0000000000000000,4,20,2049c201,766,0241c303
0000000000066000,0000000000000080,5,0,,4,0209c321
0000000000066000,0000000000008000,5,0,,1,1049ca01
0000000000066000,0000000020000000,5,0,,8,0245ca01
0000000000066000,0000000020000080,6,0,,1,0a0bc201
0000000000066000,0000000420008000,7,0,,1,084bc201
0000000000066000,0000000620000000,7,0,,1,0847c201
0000000000066020,0000000000000000,5,0,,57,2241c320
00000000000660a0,0000000000000000,6,0,,1,3a42c800
0000000000066c00,0000000000000000,6,17,22498201,498,02498321
0000000000066c00,0000000000000080,7,0,,1,180f8201
0000000000066c00,0000000000008000,7,0,,1,184b8201
0000000000066c00,0000000020000000,7,0,,2,024d8a01
0000000000066c20,0000000000000000,7,0,,12,32448016
0000000000080000,0000000000000000,1,11,22085441,250,02085645
0000000000080000,0000000000001020,3,0,,4,02485445
0000000000080000,0000000000001420,4,0,,9,02085447
0000000000080000,0000000000002000,2,0,,34,02085646
0000000000080000,0000000000003020,4,0,,23,02485446
0000000000080000,0000000000003420,5,0,,25,02085c46
0000000000090000,0000000000000000,2,0,,19,22084447
0000000000091000,0000000000000000,3,0,,5,22490641
0000000000098000,0000000000000000,3,0,,91,22084456
0000000000099000,0000000000000000,4,0,,11,22090646
00000000000a0000,0000000000000000,2,84,22081407,973,02081617
00000000000a0000,0000000000001020,4,0,,29,02485407
00000000000a0000,0000000000001420,5,0,,44,02085417
00000000000a0000,0000000000002000,3,4,02495600,170,02085616
00000000000a0000,0000000000003020,5,1,124c5400,66,02485416
00000000000a0000,0000000000003420,6,3,0a0a5404,80,02085c16
00000000000b2000,0000000000000000,4,0,,81,22084417
00000000000b3400,0000000000000000,6,0,,67,22080617
00000000000ba000,0000000000000000,5,5,22084606,219,22084436
00000000000ba000,0000000000002000,6,0,,1,124d4600
00000000000bb400,0000000000000000,7,0,,114,22090616
00000000000c0000,0000000000000000,2,0,,105,22081247
00000000000c0000,0000000000002000,3,0,,3,12455240
00000000000c0000,0000000000003020,5,0,,1,124c5044
00000000000d4000,0000000000000000,4,0,,4,22494241
00000000000d5800,0000000000000000,6,0,,3,320c0047
00000000000dc000,0000000000000000,5,0,,5,32084246
00000000000dd800,0000000000000000,7,0,,1,320c0056
00000000000e0000,0000000000000000,3,65,22081207,1045,02085217
00000000000e0000,0000000000001020,5,0,,15,12485007
00000000000e0000,0000000000001420,6,0,,13,020c5017
00000000000e0000,0000000000002000,4,1,12455200,43,02485216
00000000000e0000,0000000000003020,6,0,,22,024c5016
00000000000f6000,0000000000000000,6,2,320c4003,106,124d4201
00000000000f7c00,0000000000000000,9,1,320c0007,68,22090217
00000000000fe000,0000000000000000,7,1,320c4006,177,22084236
00000000000fe020,0000000000000000,8,0,,5,32414206
00000000000ffc00,0000000000000000,10,0,,51,22090236
0000000000100000,0000000000000000,1,819,00027885,9288,000070b7
0000000000100000,0000000000000010,2,1,12446081,47,12042097
0000000000100000,0000000000001020,3,54,10447003,564,10407017
0000000000100000,0000000000001024,4,0,,1,12456440
0000000000100000,0000000000001034,5,0,,1,18472041
0000000000100000,0000000000001420,4,5,12047005,190,10047017
0000000000100000,0000000000020000,2,1,10446481,30,10046c85
0000000000100000,0000000000020010,3,1,18462081,15,18062885
0000000000100000,0000000000030000,3,4,10446484,46,10066c84
0000000000100000,0000000000040010,3,0,,1,184460c1
0000000000100000,0000000000060010,4,0,,7,18046885
0000000000100000,0000000000100010,3,0,,2,104628c1
0000000000100000,0000000000120010,4,1,10466081,12,10066885
0000000000100000,0000000000140010,4,0,,4,104460c5
0000000000100000,0000000000160010,5,2,10446085,18,10056885
0000000000100000,0000000004000000,2,0,,1,08471881
0000000000100040,0000000000000000,2,0,,53,124444c1
0000000000100044,0000000000000000,3,0,,23,30444885
0000000000100100,0000000000000000,2,2,32026480,73,120264c1
0000000000100108,0000000000000000,3,2,32422480,64,12422cc0
0000000000100140,0000000000000000,3,0,,11,1a4244c0
0000000000100148,0000000000000000,4,0,,5,32410c81
0000000000100180,0000000000000000,3,1,3a026080,16,3a026006
0000000000100188,0000000000000000,4,1,3a422080,18,3a022083
0000000000100380,0000000000000000,4,0,,5,3a406081
0000000000100388,0000000000000000,5,0,,3,3a402881
0000000000100390,0000000000000000,5,0,,3,3a006083
0000000000180000,0000000000000000,2,1,32405440,46,32005443
0000000000180000,0000000000001020,4,0,,3,12405c41
0000000000180000,0000000000001420,5,0,,3,12045445
0000000000180000,0000000000003020,5,0,,17,12405c42
0000000000180000,0000000000003420,6,0,,8,12045446
0000000000190040,0000000000000000,4,0,,1,32444441
00000000001a0000,0000000000000000,3,5,32045401,167,32005407
00000000001a0000,0000000000001020,5,0,,23,12405c03
00000000001a0000,0000000000001420,6,0,,16,12005c07
00000000001a0000,0000000000003020,6,1,12445c00,41,12405c06
00000000001a0000,0000000000003420,7,0,,23,12045416
00000000001b2040,0000000000000000,6,0,,3,32444c01
00000000001ba042,0000000000000000,8,0,,3,3a064404
00000000001ba142,0000000000000000,9,0,,1,3a434400
00000000001c0000,0000000000000000,3,0,,10,32045043
00000000001e0000,0000000000000000,4,1,32445001,91,32005017
00000000001e0000,0000000000001020,6,0,,13,12441017
00000000001e0000,0000000000001420,7,0,,4,12045017
00000000001e0000,0000000000003020,7,0,,13,12445016
00000000001f6044,0000000000000000,9,0,,2,32444007
00000000001fe066,0000000000000000,12,0,,1,32444016
0000000000200000,0000000000000000,1,489,01814449,5684,00a1442d
0000000000200000,0000000000000001,2,3,10a04449,65,1080446d
0000000000200000,0000000000000024,3,1,10c16440,10,10c16441
0000000000200000,0000000000004000,2,8,11204449,116,10612449
0000000000200000,0000000000004001,3,0,,5,10604c49
0000000000200000,0000000000010000,2,0,,44,00e1640a
0000000000200000,0000000000014000,3,0,,1,18616408
0000000000200000,0000000000040000,2,3,18446009,106,1804680d
0000000000200000,0000000000040002,3,0,,2,18c14049
0000000000200000,0000000000040003,4,0,,9,18c0404b
0000000000200000,0000000000040034,5,0,,1,18c56040
0000000000200000,0000000000050000,3,0,,4,18652808
0000000000200000,0000000000050002,4,0,,1,18e16008
0000000000200000,0000000000140000,3,28,1024600d,302,1004203f
0000000000200000,0000000000140034,6,1,10c56040,7,10c56041
0000000000200000,0000000000150000,4,1,10c56008,14,1065202c
0000000000200000,00000000001c0002,5,0,,11,10c1404d
0000000000200000,00000000001c0003,6,0,,20,10c04159
0000000000200000,00000000001d0002,6,0,,1,10e16108
0000000000200000,0000000002000000,2,35,0180444d,364,00a4442d
0000000000200000,0000000002000001,3,1,00e04449,33,00a0446d
0000000000200000,0000000008000000,2,0,,21,0185440d
0000000000200000,000000000a000000,3,4,0184440d,66,0184440f
0000000000200000,0000000200000000,2,0,,30,00656409
0000000000200000,0000000200004000,3,2,01612409,48,00616449
0000000000200000,0000000302000000,4,2,01246409,55,00646449
0000000000200000,0000000302004000,5,1,01604449,58,0120043f
0000000000200000,0000000610000000,4,0,,3,01452449
0000000000200000,0000000618000000,5,0,,9,0105640d
0000000000200000,0000000712000000,6,0,,6,0104644d
0000000000200000,000000071a000000,7,0,,9,0104441f
0000000000200002,0000000000000000,2,86,10c14448,1123,1085444c
0000000000200002,0000000000004000,3,1,11614408,16,1121444c
0000000000200002,0000000000010000,3,2,10c54408,33,1085442c
0000000000200003,0000000000000000,3,0,,6,31e40048
0000000000200004,0000000000000000,2,6,31844005,124,30a44025
0000000000200006,0000000000000000,3,14,30e44040,158,30e04124
0000000000200007,0000000000000000,4,0,,3,31e40140
0000000000200008,0000000000000000,2,0,,24,11e02441
000000000020000a,0000000000000000,3,0,,8,11e10540
0000000000200010,0000000000000000,2,6,11a04049,190,1180406d
0000000000200010,0000000000040002,4,0,,2,18816049
0000000000200010,0000000000040003,5,0,,7,18806149
0000000000200010,00000000001c0002,6,0,,3,10a14149
0000000000200010,00000000001c0003,7,0,,2,10a0412d
0000000000200014,0000000000000000,3,0,,26,31804027
0000000000200022,0000000000000000,3,1,31644008,34,3144400e
0000000000200023,0000000000000000,4,0,,4,31640908
0000000000200040,0000000000000000,2,0,,50,11454405
0000000000200042,0000000000000000,3,0,,47,11454444
0000000000200044,0000000000000000,3,2,31444005,76,31044017
0000000000200066,0000000000000000,5,0,,31,31444016
0000000000200200,0000000000000000,2,0,,24,38406809
0000000000200210,0000000000000000,3,0,,9,3900480d
0000000000200222,0000000000000000,4,0,,1,39604808
0000000000208002,0000000000000000,3,0,,17,10654448
0000000000208002,0000000000004000,4,0,,1,18614448
0000000000208002,0000000000010000,4,0,,2,1065440c
0000000000208022,0000000000000000,4,0,,4,3065400c
0000000000210040,0000000000000000,3,0,,1,30644441
0000000000214044,0000000000000000,5,0,,1,30654041
0000000000216044,0000000000000000,6,0,,2,30654005
0000000000300000,0000000000000000,2,1,30456001,52,30446007
0000000000400000,0000000000000000,1,433,11242086,6278,1124208e
0000000000400000,0000000000000010,2,0,,2,188660c0
0000000000400000,0000000000000450,4,0,,1,1886e040
0000000000400000,0000000000010000,2,5,18226088,121,1822288a
0000000000400000,0000000000030000,3,0,,20,18262086
0000000000400000,0000000000030010,4,1,18866080,13,18866082
0000000000400000,0000000000040000,2,0,,15,182460c8
0000000000400000,0000000000040002,3,0,,7,1880c1c8
0000000000400000,0000000000040010,3,0,,8,188460c2
0000000000400000,0000000000040040,3,0,,1,18a4e040
0000000000400000,0000000000040450,5,1,1884e040,7,1884e042
0000000000400000,0000000000050000,3,0,,41,1824608a
0000000000400000,0000000000050002,4,0,,8,1880e08c
0000000000400000,0000000000070000,4,0,,11,18246086
0000000000400000,0000000000070010,5,1,1884e080,19,18846086
0000000000400000,0000000000100000,2,0,,10,102660c8
0000000000400000,0000000000100010,3,0,,6,108660c4
0000000000400000,0000000000100040,3,0,,1,10a6e040
0000000000400000,0000000000100450,5,0,,2,1086e044
0000000000400000,0000000000110000,3,0,,54,1026208e
0000000000400000,0000000000130000,4,0,,24,10262096
0000000000400000,0000000000130010,5,2,10866180,21,10866086
0000000000400000,0000000000140000,3,0,,62,102460c6
0000000000400000,0000000000140010,4,2,108461c0,20,108460c6
0000000000400000,0000000000140040,4,1,10a4e040,7,10a4e042
0000000000400000,0000000000140450,6,1,1084e140,11,1084e046
0000000000400000,0000000000150000,4,14,1024e088,150,1024209e
0000000000400000,0000000000170000,5,3,10a46082,47,10246096
0000000000400000,0000000000170010,6,10,108460a4,46,10846096
0000000000400000,0000000000180000,3,0,,1,1082e0c8
0000000000400000,0000000000190000,4,0,,13,1082688c
0000000000400000,00000000001c0002,5,0,,9,1080e0cc
0000000000400000,00000000001d0002,6,1,1080e188,35,1080c1ac
0000000000400000,0000000001000000,2,48,0180c12c,1145,0124a08e
0000000000400000,0000000001000010,3,0,,1,0886e0c0
0000000000400000,0000000001000450,5,0,,1,0886e140
0000000000400000,0000000001010000,3,3,08826888,131,0822608e
0000000000400000,0000000001030000,4,0,,2,08a6a082
0000000000400000,0000000001030010,5,1,0886e080,7,0886e082
0000000000400000,0000000001040000,3,0,,4,0884e0c8
0000000000400000,0000000001040002,4,0,,3,0880e1c8
0000000000400000,0000000001040010,4,0,,5,0884e0c4
0000000000400000,0000000001040040,4,0,,1,08a4e140
0000000000400000,0000000001050000,4,0,,5,0884e08c
0000000000400000,0000000001050002,5,0,,1,08a0e188
0000000000400000,0000000001070000,5,0,,5,08a4e082
0000000000400000,0000000001070010,6,0,,6,0884e0a4
0000000000400000,0000000001100000,3,0,,2,0086e0c8
0000000000400000,0000000001100010,4,0,,3,0086e0c4
0000000000400000,0000000001110000,4,0,,10,0026e888
0000000000400000,0000000001130000,5,0,,7,00a6e082
0000000000400000,0000000001130010,6,1,0086e180,13,0086e086
0000000000400000,0000000001140000,4,0,,13,0084e0cc
0000000000400000,0000000001140010,5,0,,9,0084e0e4
0000000000400000,0000000001140040,5,0,,3,00a4e144
0000000000400000,0000000001140450,7,0,,1,0084e164
0000000000400000,0000000001150000,5,1,0084e188,39,0084c1ac
0000000000400000,0000000001170000,6,1,00a4e180,19,00a4e086
0000000000400000,0000000001170010,7,3,0084e184,21,0084e096
0000000000400000,0000000001190000,5,0,,12,0082e18c
0000000000400000,00000000011c0002,6,0,,2,00a0c16c
0000000000400000,00000000011d0002,7,0,,24,0080c9ac
0000000000400000,0000000005000000,3,0,,4,098288c8
0000000000400000,0000000021000000,3,0,,14,0882e04c
0000000000400000,0000000021000040,4,0,,1,08a6e040
0000000000400000,0000000021000450,6,0,,1,0886e044
0000000000400000,0000000021010000,4,0,,5,0886e00c
0000000000400000,0000000021040000,4,0,,1,08a4e048
0000000000400000,0000000301000000,4,0,,2,0926a808
0000000000400001,0000000000000000,2,4,29220888,87,2906088a
0000000000400002,0000000000000000,2,0,,51,30864908
0000000000400003,0000000000000000,3,0,,4,39860048
0000000000400004,0000000000000000,2,6,31844084,125,308440a6
0000000000400005,0000000000000000,3,0,,11,31a40086
0000000000400006,0000000000000000,3,0,,35,31864024
0000000000400008,0000000000000000,2,0,,9,19a22082
0000000000400010,0000000000000000,2,18,118060a4,317,1180608e
0000000000400010,0000000000040002,4,0,,2,188061c8
0000000000400010,0000000000050002,5,0,,1,18a06188
0000000000400010,00000000001c0002,6,0,,1,10a061c8
0000000000400010,00000000001d0002,7,0,,8,108061ac
0000000000400011,0000000000000000,3,0,,1,31a00988
0000000000400014,0000000000000000,3,4,318040a4,86,30a041a4
0000000000400018,0000000000000000,3,0,,6,31a02086
0000000000400020,0000000000000000,2,4,19268008,156,1124812c
0000000000400020,0000000000010000,3,0,,4,1826c00c
0000000000400020,0000000301000000,5,0,,2,0926c00c
0000000000400022,0000000000000000,3,1,39064008,25,3106480c
0000000000400023,0000000000000000,4,1,39060808,14,3906080a
0000000000400044,0000000000000000,3,1,39064080,65,31044096
0000000000400045,0000000000000000,4,0,,13,31240096
0000000000400066,0000000000000000,5,0,,7,39064024
0000000000400200,0000000000000000,2,0,,21,1920a888
0000000000400210,0000000000000000,3,0,,21,1920608c
0000000000408022,0000000000000000,4,0,,16,3806402c
0000000000500000,0000000000000000,2,1,38066080,39,30046096
0000000000600000,0000000000000000,2,33,1184600c,424,1125202c
0000000000600000,0000000000040000,3,0,,1,18856048
0000000000600000,0000000000050000,4,0,,2,18856108
0000000000600000,0000000000140000,4,0,,2,10856148
0000000000600000,0000000000150000,5,0,,7,1085610c
0000000000600002,0000000000000000,3,5,30a44108,80,3084410e
0000000000600003,0000000000000000,4,0,,5,31a4010a
0000000000600006,0000000000000000,4,6,31844044,102,30a44124
0000000000600010,0000000000000000,3,2,31a06100,146,11a0604c
0000000000600012,0000000000000000,4,1,31a04108,42,30a0412c
0000000000600016,0000000000000000,5,1,31a04140,51,31804126
0000000000600022,0000000000000000,4,0,,23,3104401e
0000000000600066,0000000000000000,6,0,,3,31244016
0000000000700000,0000000000000000,3,0,,1,30046036
0000000000800000,0000000000000000,1,16,1100e481,330,1020e4c1
0000000000800000,0000000000004000,2,0,,22,1120e441
0000000000800000,000000000000c000,3,0,,20,1140ac41
0000000000800080,0000000000000000,2,1,3842a080,41,1902a085
0000000000800100,0000000000000000,2,11,11206481,213,106164c0
0000000000800108,0000000000000000,3,11,11602481,250,11202487
0000000000800108,0000000000004000,4,0,,1,19632400
0000000000800180,0000000000000000,3,1,39426000,29,19026085
0000000000800188,0000000000000000,4,4,19422081,66,19022885
0000000000800280,0000000000000000,3,0,,58,1900e085
0000000000800380,0000000000000000,4,1,39406080,29,19406085
0000000000800388,0000000000000000,5,2,19402881,42,19402883
0000000000800390,0000000000000000,5,0,,11,19006885
0000000000800398,0000000000000000,6,0,,7,39002883
0000000000900100,0000000000000000,3,0,,37,18406cc0
0000000000900108,0000000000000000,4,1,38422480,16,184224c1
0000000000900180,0000000000000000,4,1,38426080,25,38026083
0000000000900188,0000000000000000,5,3,38422081,26,38422083
0000000000900380,0000000000000000,5,0,,4,38406881
0000000000900388,0000000000000000,6,0,,1,38412881
0000000000a00100,0000000000000000,3,0,,22,31206441
0000000000a00100,0000000000004000,4,0,,4,11616401
0000000000a00108,0000000000000000,4,0,,4,31612401
0000000000a00380,0000000000000000,5,0,,12,39406801
0000000000a00388,0000000000000000,6,0,,2,39602801
0000000000c00080,0000000000000000,3,1,3902a080,28,1922a082
0000000000c00180,0000000000000000,4,1,39026080,25,19226082
0000000000c00188,0000000000000000,5,0,,16,19222086
0000000000c00280,0000000000000000,4,0,,16,1920e084
0000000000c00390,0000000000000000,6,0,,17,19206884
0000000000c00398,0000000000000000,7,0,,3,39202882
0000000000d00180,0000000000000000,5,0,,5,38026086
0000000001000000,0000000000000000,1,151,0041ca81,3263,0020cec1
0000000001000000,0000000000000080,2,0,,8,0803ca81
0000000001000000,0000000000004000,2,0,,80,1061c640
0000000001000000,000000000000c000,3,1,1141c201,66,1041c641
0000000001000000,0000000000200000,2,1,09430281,17,08430a85
0000000001000000,0000000000600000,3,1,09420a81,16,09420a83
0000000001000000,0000000000a00000,3,1,09410a81,11,08614a81
0000000001000000,0000000200004000,3,3,01618601,98,0061c641
0000000001000000,0000000200204000,4,0,,3,09630203
0000000001000000,0000000300004000,4,2,0120c641,59,01208725
0000000001000000,000000060000c000,5,3,0141c601,76,0041ce41
0000000001000000,000000060000e000,6,0,,2,0041c750
0000000001000000,000000070000c000,6,1,0140c641,36,0100c725
0000000001000000,0000000800200000,3,1,01430a81,19,00434a85
0000000001000000,0000000800600000,4,0,,13,01424a85
0000000001000000,0000000800a00000,4,3,01414a81,34,00614a83
0000000001000000,0000000a00204000,5,0,,1,01634a01
0000000001000000,0000000a00a04000,6,0,,1,01614a05
0000000001000001,0000000000000000,2,0,,19,29220286
0000000001000010,0000000000000000,2,6,31004a81,85,30214a81
0000000001000020,0000000000000000,2,3,2161c200,103,2101c324
0000000001002000,0000000000000000,2,0,,1,2061c601
0000000001006000,0000000000000000,3,0,,3,2061c301
0000000001006000,0000000220004000,6,0,,1,0863c201
0000000001006020,0000000000000000,4,0,,2,2863c200
0000000001016000,0000000000000000,4,0,,1,28634201
0000000001016000,0000000000004000,5,0,,1,18634201
0000000001018000,0000000000000000,3,0,,1,30614640
000000000101e020,0000000000000000,6,0,,1,38634200
0000000001022000,0000000000000000,3,0,,1,3041c601
0000000001066000,0000000000000000,5,0,,7,2041c321
0000000001066000,000000000000c000,7,0,,1,1843c201
0000000001066000,000000062000c000,10,0,,1,0843ca01
0000000001066020,0000000000000000,6,0,,2,2041c324
0000000001800000,0000000000000000,2,11,1100c4c1,373,1040c5d0
0000000001800000,0000000000004000,3,0,,34,11208551
0000000001800000,000000000000c000,4,0,,18,1140c445
0000000001800080,0000000000000000,3,0,,24,1902c085
00000000018000a0,0000000000000000,4,0,,1,3942c800
0000000001800140,0000000000000000,4,2,31204481,200,11004cc5
0000000001800142,0000000000000000,5,0,,2,39224440
0000000001800142,0000000000004000,6,0,,1,19634400
0000000001800148,0000000000000000,5,0,,86,11410cc1
00000000018001c4,0000000000000000,6,0,,13,39024083
00000000018001cc,0000000000000000,7,0,,8,39030881
00000000018001cd,0000000000000000,8,0,,2,39620082
0000000001800280,0000000000000000,4,0,,30,1900c885
00000000018002a0,0000000000000000,5,0,,2,3940c804
00000000018003c4,0000000000000000,7,0,,8,39404085
00000000018003cc,0000000000000000,8,0,,3,39410881
00000000018003d4,0000000000000000,8,0,,4,39004885
00000000018003dc,0000000000000000,9,0,,1,39200981
0000000001a00140,0000000000000000,5,0,,4,31404c41
0000000001a00140,0000000000004000,6,0,,1,11614441
0000000001a00142,0000000000000000,6,0,,7,31604444
0000000001a00142,0000000000004000,7,0,,3,11614444
0000000001c00080,0000000000000000,4,0,,9,3902c082
0000000001c001c4,0000000000000000,7,0,,9,39024884
0000000001c001cd,0000000000000000,9,0,,1,39220882
0000000001c00280,0000000000000000,5,0,,4,3900c884
0000000001c003d4,0000000000000000,9,0,,1,39204884
0000000002000000,0000000000000000,1,553,00885644,6534,00885217
0000000002000000,0000000000000020,2,56,00c85441,826,00c85017
0000000002000000,0000000000000024,3,0,,10,10c94441
0000000002000000,0000000000000300,3,0,,7,10894641
0000000002000000,0000000000000420,3,16,00885524,541,00885037
0000000002000000,0000000000000764,7,0,,6,108d4444
0000000002000000,0000000040000000,2,1,00c94640,10,00c94641
0000000002000000,0000000040000024,4,1,08c94440,21,00c94445
0000000002000000,0000000040000300,4,0,,8,00894645
0000000002000000,0000000040000764,8,0,,6,08894464
0000000002000000,0000000040a00000,4,0,,1,08c94340
0000000002000000,0000000048000000,3,0,,7,00cd4601
0000000002000000,0000000048000300,5,0,,1,088f4600
0000000002000000,0000000060200000,4,0,,1,08cb4240
0000000002000000,0000000060a00000,5,0,,7,08c94241
0000000002000000,0000000068200000,5,0,,1,08cf4200
0000000002000000,0000000840200000,4,0,,1,00cb4340
0000000002000000,0000000840a00000,5,0,,4,00c94341
0000000002000000,0000000848a00000,6,0,,3,00cd4301
0000000002000000,0000000860200000,5,0,,3,00cb4241
0000000002000000,0000000860a00000,6,0,,7,00c94243
0000000002000000,0000000868a00000,7,0,,2,00cd4203
0000000002000002,0000000000000000,2,0,,17,30c24444
0000000002000002,0000000000000024,4,0,,2,10c74440
0000000002000004,0000000000000000,2,0,,6,30c64041
0000000002000006,0000000000000000,3,0,,17,30c64044
0000000002001000,0000000000000000,2,0,,39,10cd0640
0000000002001000,0000000040000000,3,0,,1,08cb0640
0000000002001400,0000000000000000,3,0,,83,10cd0601
0000000002001800,0000000000000000,3,0,,16,20c90243
0000000002001c00,0000000000000000,4,2,30c90201,98,20890217
0000000002080000,0000000000000000,2,7,20095640,225,00495641
0000000002080000,0000000000001020,4,0,,1,104c5441
0000000002080000,0000000000002000,3,0,,18,00495644
0000000002080000,0000000000003020,5,0,,7,084b5440
0000000002090000,0000000000000000,3,0,,8,20494641
0000000002091000,0000000000000000,4,0,,3,30490641
0000000002098000,0000000000000000,4,0,,33,20484456
0000000002099000,0000000000000000,5,0,,2,284b0640
00000000020a0000,0000000000000000,3,16,20085605,518,00495603
00000000020a0000,0000000000001020,5,0,,3,104c5405
00000000020a0000,0000000000001420,6,0,,1,180e5401
00000000020a0000,0000000000002000,4,0,,34,004d5604
00000000020a0000,0000000000003020,6,0,,8,104c5414
00000000020a0000,0000000000003420,7,0,,1,180e5404
00000000020b2000,0000000000000000,5,0,,38,104d4601
00000000020b3400,0000000000000000,7,0,,20,280f0601
00000000020ba000,0000000000000000,6,0,,41,20094616
00000000020bb400,0000000000000000,8,0,,5,280a0616
00000000020c0000,0000000000000000,3,3,20495240,207,10455241
00000000020c0000,0000000000001020,5,0,,3,104c5045
00000000020c0000,0000000000002000,4,0,,11,084b5240
00000000020c0000,0000000000003020,6,0,,3,104d5044
00000000020d4000,0000000000000000,5,0,,11,20494245
00000000020d5800,0000000000000000,7,0,,1,304d0241
00000000020dc000,0000000000000000,6,0,,10,280a4056
00000000020dd800,0000000000000000,8,0,,1,280a0256
00000000020e0000,0000000000000000,4,116,10455201,1522,000c5217
00000000020e0000,0000000000001020,6,1,104c5005,31,004c5017
00000000020e0000,0000000000001420,7,0,,9,080a5017
00000000020e0000,0000000000002000,5,3,10455204,60,00495216
00000000020e0000,0000000000003020,7,0,,18,084a5016
00000000020f6000,0000000000000000,7,5,300c4205,169,104d4205
00000000020f6000,00000004f8200000,14,0,,1,084f4201
00000000020f7c00,0000000000000000,10,1,304d0201,91,184f0201
00000000020fe000,0000000000000000,8,1,304d4200,162,20094236
00000000020fe020,0000000000000000,9,0,,1,38474200
00000000020ffc00,0000000000000000,11,0,,29,20490236
0000000002180000,0000000000000000,3,0,,13,30045445
0000000002180000,0000000000001020,5,0,,2,10445445
0000000002180000,0000000000003020,6,0,,4,10455444
00000000021a0000,0000000000000000,4,0,,16,30445403
00000000021a0000,0000000000001020,6,0,,3,10445c05
00000000021a0000,0000000000003020,7,0,,2,18465404
00000000021c0000,0000000000000000,4,0,,12,30445043
00000000021c0000,0000000000003020,7,0,,2,18465044
00000000021e0000,0000000000000000,5,4,30445005,64,30045017
00000000021e0000,0000000000001020,7,0,,10,10445017
00000000021e0000,0000000000001420,8,0,,1,18075005
00000000021e0000,0000000000003020,8,0,,7,10445816
00000000021f6044,0000000000000000,10,0,,1,38474001
0000000002200000,0000000000000000,2,0,,25,30844425
0000000002200000,0000000000000024,4,0,,4,10c14445
0000000002200002,0000000000000000,3,3,30c14440,77,30804564
0000000002200002,0000000000000024,5,2,10c54440,19,10c14464
0000000002200004,0000000000000000,3,1,30c44041,30,30844125
0000000002200006,0000000000000000,4,3,30c44140,47,30c04164
0000000002400006,0000000000000000,4,0,,8,38864024
0000000002600006,0000000000000000,5,0,,10,30844126
00000000030ba000,0000000000000000,7,0,,1,38434600
00000000030f6000,0000000000000000,8,0,,1,38434201
0000000004000000,0000000000000000,1,50,0102a889,1072,0102a88b
0000000004000000,0000000000080000,2,7,0202a889,162,0202a08f
0000000004000000,0000000000180000,3,4,0042a889,115,0002e88d
0000000004000000,0000000000190000,4,0,,8,1062608a
0000000004000000,0000000001000000,2,1,0322a088,38,0162a08a
0000000004000000,0000000001080000,3,2,0222e088,32,0222a08e
0000000004000000,0000000001190000,5,0,,4,0062a88a
0000000004000000,0000000004000000,2,2,01428889,28,0142888b
0000000004000000,0000000004080000,3,0,,3,0242888b
0000000004000001,0000000000000000,2,0,,12,3162008a
0000000004000020,0000000000000000,2,0,,34,22628908
0000000004000022,0000000000000000,3,0,,3,3322400a
0000000004000023,0000000000000000,4,0,,3,3322080a
0000000004000080,0000000000000000,2,25,0302e081,543,0302a087
0000000004000080,0000000001000000,3,4,0322a082,41,0322a086
0000000004000080,0000000004000000,3,0,,2,03428981
00000000040000a0,0000000000000000,3,0,,24,2322c006
0000000004000180,0000000000000000,3,3,13226080,49,13026083
0000000004000188,0000000000000000,4,9,13222081,104,13022087
00000000040001c4,0000000000000000,5,0,,15,33024083
00000000040001cc,0000000000000000,6,0,,8,33220083
00000000040001cd,0000000000000000,7,0,,7,33220086
00000000040001e6,0000000000000000,7,0,,1,33624002
0000000004000200,0000000000000000,2,195,0100e889,2654,0100a09f
0000000004000200,0000000000080002,4,27,0200e189,338,0200a09f
0000000004000200,00000000001c0002,6,2,1040a889,98,0020e88d
0000000004000200,00000000001d0002,7,0,,4,1060e888
0000000004000200,0000000001000000,3,10,0320a08a,119,0160a88a
0000000004000200,0000000001080002,5,3,0220e188,58,0220a09e
0000000004000200,00000000011d0002,8,0,,1,0061e888
0000000004000200,0000000004000000,3,5,01418889,48,0140889b
0000000004000200,0000000004080002,5,0,,2,0241888b
0000000004000201,0000000000000000,3,1,33600088,10,3160088a
0000000004000210,0000000000000000,3,52,1100608d,587,110000bf
0000000004000210,0000000000080002,5,2,1220208b,44,1200209f
0000000004000210,00000000001c0002,7,0,,5,1020608f
0000000004000211,0000000000000000,4,1,3320008a,9,3320008e
0000000004000220,0000000000000000,3,8,2320c108,180,2140c12c
0000000004000222,0000000000000000,4,0,,15,3340400e
0000000004000223,0000000000000000,5,0,,4,3360000e
0000000004000232,0000000000000000,5,0,,14,3320400e
0000000004000233,0000000000000000,6,0,,1,3320090a
0000000004000280,0000000000000000,3,184,0300e085,1898,0300a097
0000000004000280,0000000001000000,4,16,0320a086,86,0320a096
0000000004000280,0000000004000000,4,0,,9,034081a5
00000000040002a0,0000000000000000,4,9,2360c100,143,23208126
0000000004000380,0000000000000000,4,5,13406081,71,13406083
0000000004000388,0000000000000000,5,12,13402881,122,13402087
0000000004000390,0000000000000000,5,11,13206081,133,13006087
0000000004000398,0000000000000000,6,12,13202083,116,13002887
00000000040003c4,0000000000000000,6,1,33604080,35,32604083
00000000040003cc,0000000000000000,7,0,,21,33400087
00000000040003cd,0000000000000000,8,1,33600082,9,33400096
00000000040003d4,0000000000000000,7,2,33204081,45,33004087
00000000040003dc,0000000000000000,8,1,33200083,15,33200087
00000000040003dd,0000000000000000,9,0,,5,33200096
00000000040003e6,0000000000000000,8,0,,15,33404016
00000000040003ee,0000000000000000,9,0,,2,33610102
00000000040003ef,0000000000000000,10,0,,1,33600902
00000000040003f6,0000000000000000,9,0,,4,33204016
0000000004004280,0000000000000000,4,0,,1,3260c041
00000000040042a0,0000000000000000,5,0,,4,3260c042
0000000004006080,0000000000000000,4,0,,1,3262c001
00000000040060a0,0000000000000000,5,0,,3,3262c002
0000000004006280,0000000000000000,5,0,,22,2220c125
00000000040062a0,0000000000000000,6,0,,17,2260c124
0000000004006e80,0000000000000000,7,0,,7,22618901
0000000004006ea0,0000000000000000,8,0,,4,32608902
0000000004008222,0000000000000000,5,0,,3,3260480a
0000000004066280,0000000000000000,7,0,,6,2240c125
0000000004100180,0000000000000000,4,1,32426080,21,32026083
0000000004100188,0000000000000000,5,0,,9,32022096
0000000004100380,0000000000000000,5,0,,19,32406016
0000000004100388,0000000000000000,6,0,,6,32402096
0000000004100390,0000000000000000,6,0,,9,32006087
0000000004200200,0000000000000000,3,2,31406009,80,3040680d
0000000004200210,0000000000000000,4,0,,34,3020602d
0000000004200222,0000000000000000,5,0,,3,3161400c
0000000004400000,0000000000000000,2,4,31022888,118,1122288a
0000000004400000,0000000000190000,5,0,,1,1022e888
0000000004400000,0000000001000000,3,0,,5,0122a88a
0000000004400001,0000000000000000,3,0,,2,3122088a
0000000004400200,0000000000000000,3,6,1120e088,117,1120a88a
0000000004400200,0000000001000000,4,0,,6,0120c1ac
0000000004400210,0000000000000000,4,2,3100608c,63,1120608e
0000000004400220,0000000000000000,4,0,,2,2120c12c
0000000004600210,0000000000000000,5,0,,2,3120600e
0000000004800080,0000000000000000,3,3,1142a081,80,1102e083
0000000004800180,0000000000000000,4,2,31026081,53,11026885
0000000004800188,0000000000000000,5,4,31422081,71,11422883
0000000004800280,0000000000000000,4,15,1100e085,250,1100a1a5
0000000004800380,0000000000000000,5,9,11406881,101,11406087
0000000004800388,0000000000000000,6,5,31402881,74,11412883
0000000004800390,0000000000000000,6,3,31006085,41,11016885
0000000004800398,0000000000000000,7,0,,14,31202087
0000000004900180,0000000000000000,5,0,,19,30426083
0000000004900188,0000000000000000,6,0,,2,30422096
0000000004900380,0000000000000000,6,0,,8,30406096
0000000004a00380,0000000000000000,6,0,,21,31406016
0000000004c00080,0000000000000000,4,1,3102e080,28,1122e082
0000000004c00180,0000000000000000,5,2,31026084,24,11226086
0000000004c00188,0000000000000000,6,0,,6,31222086
0000000004c00280,0000000000000000,5,2,3100e084,61,1120e086
0000000004c00390,0000000000000000,7,2,31206082,40,11206096
0000000004c00398,0000000000000000,8,0,,2,31202096
0000000005800080,0000000000000000,4,0,,33,1122c085
00000000058001c4,0000000000000000,7,0,,11,31224083
00000000058001cc,0000000000000000,8,0,,3,31430881
0000000005800280,0000000000000000,5,4,1140c881,141,1100c1a5
00000000058002a0,0000000000000000,6,0,,6,3140c124
00000000058003c4,0000000000000000,8,0,,39,31404087
00000000058003cc,0000000000000000,9,0,,5,31600883
00000000058003d4,0000000000000000,9,0,,12,310048a5
0000000005c00080,0000000000000000,5,0,,4,3122c082
0000000005c00280,0000000000000000,6,0,,13,3100c096
0000000005c003d4,0000000000000000,10,0,,1,31204096
0000000008000000,0000000000000000,1,2,28c26080,74,09826083
0000000008000000,0000000000000010,2,0,,2,088660c1
0000000008000000,0000000000020000,2,0,,1,08a66081
0000000008000000,0000000000020010,3,0,,7,08866083
0000000008000000,0000000001000000,2,1,09c26080,24,09c26082
0000000008000000,0000000001000010,3,0,,10,08c660c0
0000000008000000,0000000001030000,4,0,,1,08e66080
0000000008000000,0000000001030010,5,1,08c66080,7,08c66082
0000000008000000,0000000002000000,2,0,,1,09c26041
0000000008000000,0000000003000000,3,1,09c26040,17,09c26042
0000000008000000,0000000009000000,3,0,,1,09c76000
0000000008000000,000000000a000000,3,0,,1,09c66001
0000000008000000,000000000b000000,4,0,,5,09c66004
0000000008000004,0000000000000000,2,0,,76,288640a1
0000000008400000,0000000000000000,2,4,288260a0,54,28826086
0000000008400000,0000000001000000,3,1,098260c0,35,08a660c0
0000000008400000,0000000001000010,4,0,,7,088660c2
0000000008400000,0000000001030000,5,0,,7,08a66082
0000000008400000,0000000001030010,6,0,,14,08866086
0000000008400004,0000000000000000,3,1,298240c0,40,288240e4
0000000010000000,0000000000000000,1,54,00e14608,879,00c34648
0000000010000000,0000000000200000,2,0,,3,08e34300
0000000010000000,0000000000800000,2,0,,2,09c14248
0000000010000000,0000000000a00000,3,1,09c14240,17,08e14340
0000000010000000,0000000002000000,2,20,01c04642,204,01c04646
0000000010000000,0000000002400000,3,0,,2,09c24248
0000000010000000,0000000002600000,4,1,09c24240,12,09c24242
0000000010000000,0000000008000000,2,1,01c54600,20,01c50e08
0000000010000000,0000000008200000,3,0,,1,09c74200
0000000010000000,0000000008a00000,4,0,,3,09c54204
0000000010000000,000000000a000000,3,2,03c40608,36,01c44606
0000000010000000,000000000a400000,4,0,,1,09c64208
0000000010000000,000000000a600000,5,0,,1,09c64204
0000000010000000,0000000010000000,2,0,,2,03450648
0000000010000000,0000000018000000,3,1,03450608,18,0345060a
0000000010000000,0000000020000000,2,0,,2,08c34248
0000000010000000,0000000020200000,3,0,,3,08e34202
0000000010000000,0000000020800000,3,0,,1,08e14248
0000000010000000,0000000020a00000,4,0,,8,08e14242
0000000010000000,0000000028000000,3,0,,1,08c74208
0000000010000000,0000000200000000,2,0,,18,0165060a
0000000010000000,0000000200004000,3,1,01614608,31,0161060e
0000000010000000,0000000610000000,4,0,,3,01454644
0000000010000000,0000000618000000,5,0,,6,0145460c
0000000010000000,0000000800000000,2,0,,2,01c34248
0000000010000000,0000000800200000,3,1,01c34240,19,00e34340
0000000010000000,0000000800800000,3,1,01c14248,27,00e1430a
0000000010000000,0000000800a00000,4,8,01c14244,78,00e14322
0000000010000000,0000000802400000,4,0,,7,01c2424c
0000000010000000,0000000802600000,5,0,,26,01c24264
0000000010000000,0000000808200000,4,0,,3,01c74204
0000000010000000,0000000808800000,4,0,,4,01c5420c
0000000010000000,0000000808a00000,5,0,,11,01c54206
0000000010000000,0000000820000000,3,0,,2,00e34248
0000000010000000,0000000820200000,4,0,,4,00e34242
0000000010000000,0000000820800000,4,0,,9,00e1422c
0000000010000000,0000000820a00000,5,0,,15,00e54242
0000000010000001,0000000000000000,2,0,,2,23e20202
0000000010000001,0000000002400000,4,0,,2,09e20248
0000000010000002,0000000000000000,2,90,01c34440,792,00e34448
0000000010000002,0000000000010000,3,0,,5,00e34508
0000000010000002,0000000002000000,3,39,01c24444,251,01c24446
0000000010000002,0000000008000000,3,1,03c50408,19,02c74408
0000000010000002,0000000008010000,4,0,,1,08c74408
0000000010000002,000000000a000000,4,3,03c40c08,46,01c6440c
0000000010000002,0000000010000000,3,0,,2,03450c48
0000000010000002,0000000018000000,4,0,,12,03450c0a
0000000010000002,0000000200000000,3,0,,1,09670408
0000000010000002,0000000200004000,4,1,09630408,11,01630c48
0000000010000002,0000000618000000,6,0,,2,09470c08
0000000010000003,0000000000000000,3,0,,2,2bc20808
0000000010000020,0000000000000000,2,1,23614200,103,0b630208
0000000010000020,0000000000800000,3,0,,1,0b614208
0000000010000020,0000000200000000,3,0,,1,09670208
0000000010000020,0000000200004000,4,0,,5,0963020a
0000000010000020,0000000618000000,6,0,,2,09470a08
0000000010000020,0000000800000000,3,0,,2,03630a08
0000000010000020,0000000800800000,4,0,,8,0361020e
0000000010000020,0000000a00004000,5,0,,1,01634a08
0000000010000020,0000000a00800000,5,0,,1,0165420c
0000000010000020,0000000a00804000,6,0,,2,0161422c
0000000010000021,0000000000000000,3,0,,5,29460a08
0000000010000022,0000000000000000,3,0,,10,2942480c
0000000010000023,0000000000000000,4,0,,3,2962080a
0000000010001000,0000000000000000,2,0,,7,02e10642
0000000010001400,0000000000000000,3,0,,11,02e30602
0000000010001800,0000000000000000,3,0,,1,22e10242
0000000010001c00,0000000000000000,4,0,,3,22e10206
0000000010008000,0000000000000000,2,6,02614608,110,0261060e
0000000010008000,0000000098002000,6,0,,2,02474608
0000000010008000,0000000200000000,3,0,,1,08670608
0000000010008000,0000000200004000,4,0,,4,0863060a
0000000010008000,0000000698002000,8,0,,1,08474608
0000000010008002,0000000000000000,3,23,02614448,235,02610c4a
0000000010008002,0000000098002000,7,0,,2,0a470c08
0000000010008002,0000000200004000,5,0,,2,08630c48
0000000010008002,0000000200010000,5,0,,1,08674408
0000000010008002,0000000200014000,6,0,,2,0863440c
0000000010008020,0000000000000000,3,0,,14,2261420a
0000000010008020,0000000020000000,4,0,,2,0a630a08
0000000010008020,0000000220000000,5,0,,1,08674208
0000000010008020,0000000220004000,6,0,,3,0863420c
0000000010008022,0000000000000000,4,0,,7,28634808
0000000010018000,0000000000000000,3,0,,4,02634640
0000000010019000,0000000000000000,4,0,,1,0a630640
000000001001a000,0000000000000000,4,0,,11,0a634600
000000001001b400,0000000000000000,6,0,,5,0a630602
000000001001e020,0000000000000000,6,0,,5,22614206
0000000010200002,0000000000000000,3,33,00e14448,387,00e1444a
0000000010200002,0000000000010000,4,0,,9,00e1442c
0000000010200002,0000000002000000,4,37,01c04446,189,01c0444e
0000000010200002,0000000008000000,4,0,,8,01c5440c
0000000010200002,000000000a000000,5,0,,16,01c4440e
0000000010200002,0000000200000000,4,0,,3,0165440c
0000000010200002,0000000200004000,5,1,01614448,10,0161442c
0000000011000000,0000000000000000,2,1,21614600,39,21414606
0000000011000000,0000000200004000,4,1,01614640,23,01614606
0000000011000020,0000000000000000,3,0,,38,21414216
0000000011018000,0000000200004000,6,0,,1,08634640
000000001101a000,0000000000000000,5,0,,1,28634600
0000000018000006,0000000000000000,4,1,29c24040,23,28e24042
0000000020000000,0000000000000000,1,55,01a42481,992,00c42cc1
0000000020000000,0000000000020000,2,0,,17,00a42583
0000000020000000,0000000000030000,3,1,08c62480,23,00c72c80
0000000020000000,0000000002000000,2,1,03e42400,28,03c40c41
0000000020000000,0000000008000000,2,0,,8,03c50c01
0000000020000000,000000000a000000,3,0,,18,03c40c03
0000000020000008,0000000000000000,2,180,01c02c81,2107,00e324c0
0000000020000008,0000000002000000,3,7,03e00441,85,03c00c43
0000000020001008,0000000000000000,3,0,,1,2aa20441
0000000020001400,0000000000000000,3,0,,1,2aa60401
0000000020001408,0000000000000000,4,0,,5,22e10c01
0000000020200000,0000000000000000,2,0,,20,01c52441
0000000020200000,0000000002000000,3,0,,17,01c42c41
0000000020200008,0000000000000000,3,0,,24,01e10541
0000000020200008,0000000002000000,4,0,,7,01e02c41
0000000028000000,0000000000000000,2,0,,29,09862881
0000000028000000,0000000000000010,3,0,,2,08c620c1
0000000028000000,0000000000020000,3,0,,1,08e62081
0000000028000000,0000000000020010,4,0,,4,08c62085
0000000028000000,0000000001000000,3,1,09c62080,20,08e620c0
0000000028000000,0000000001000010,4,0,,10,08c621c0
0000000028000000,0000000001030000,5,0,,5,08e62082
0000000028000000,0000000001030010,6,0,,7,08c62184
0000000028000000,0000000003000000,4,0,,1,0be62000
0000000028000008,0000000000000000,3,2,29c22080,81,09a22083
0000000028000008,0000000001000000,4,1,09c22880,35,09c220a4
0000000028000008,0000000003000000,5,0,,3,0be22002
000000002800000c,0000000000000000,4,0,,3,29c20881
000000002800000d,0000000000000000,5,0,,6,2ba20082
0000000028400000,0000000000000000,3,0,,6,28a62082
0000000028400000,0000000001000000,4,0,,2,09a62082
0000000028400008,0000000000000000,4,0,,5,298228c0
0000000028400008,0000000001000000,5,0,,2,09a220c2
0000000030000002,0000000000000000,3,1,23e40400,32,03c50c40
0000000030000002,0000000002000000,4,1,03e40440,22,03e40442
0000000030000002,0000000008000000,4,0,,1,0bc70400
0000000030000002,000000000a000000,5,0,,1,0bc60c00
000000003000000a,0000000000000000,4,12,03e10402,108,03c10c42
000000003000000a,0000000002000000,5,5,03e00540,55,03e00416
000000003000100a,0000000000000000,5,0,,4,0ae30440
0000000030001402,0000000000000000,5,0,,1,2ae60400
000000003000140a,0000000000000000,6,0,,6,22e10c02
0000000030200002,0000000000000000,4,0,,1,09e50440
000000003020000a,0000000000000000,5,0,,6,01e10550
0000000040000000,0000000000000000,1,0,,3,09452089
0000000040000000,0000000000040000,2,0,,1,08452889
0000000040000000,0000000000040002,3,0,,2,08c12889
0000000040000000,0000000001000000,2,0,,4,09652088
0000000040000000,0000000001040002,4,0,,1,08c160c8
0000000040000000,0000000001050000,4,0,,2,08652888
0000000040000000,0000000001050002,5,0,,3,08c16188
0000000040000000,0000000004800000,3,0,,1,09450889
0000000040000200,0000000000000000,2,0,,18,09412889
0000000040000200,0000000000000002,3,0,,2,0a412889
0000000040000200,0000000000040002,4,0,,2,08416889
0000000040000200,0000000000800000,3,0,,2,09414889
0000000040000200,0000000001000000,3,0,,3,09612888
0000000040000200,0000000001000002,4,0,,2,0a612888
0000000040000200,0000000001050002,6,0,,1,08616888
0000000040200000,0000000000000000,2,0,,2,28e16008
0000000040200000,0000000000800000,3,0,,1,09c14049
0000000040200000,0000000001000000,3,0,,1,09c16048
0000000040200000,0000000020840002,6,0,,1,08e14049
0000000040200000,0000000021040002,6,0,,1,08e16048
0000000040200000,0000000200000000,3,0,,1,09652009
0000000040200000,0000000618000000,6,0,,2,09452809
0000000048000000,0000000000000000,2,0,,15,09c16081
0000000048000000,0000000000060010,5,0,,1,08c56081
0000000048000000,0000000001000000,3,0,,9,09c16084
0000000048000000,0000000001000010,4,0,,1,0ac56080
0000000048000000,0000000001040010,5,0,,1,08c560c0
0000000048000000,0000000001070000,6,0,,1,08e56080
0000000048000000,0000000001070010,7,0,,4,08c56084
0000000048000000,0000000009000000,4,0,,1,0bc56000
0000000048000004,0000000000000000,3,0,,5,28e140c0
0000000048200000,0000000000000000,3,0,,15,09c16041
0000000048200000,0000000001000000,4,0,,11,09c16042
0000000048200000,0000000008000000,4,0,,1,09c56001
0000000048200000,0000000009000000,5,0,,3,09c56004
0000000048200000,0000000021040000,6,0,,1,08e56040
0000000048200004,0000000000000000,4,0,,2,28e14041
0000000050000002,0000000000000000,3,0,,1,2ae14008
0000000050200002,0000000000000000,4,0,,2,28e14048
0000000058000006,0000000000000000,5,0,,7,2ae14002
0000000058200006,0000000000000000,6,0,,12,28e14060
0000000068000000,0000000001000000,4,0,,1,09c52880
0000000068000008,0000000000000000,4,0,,6,09c12881
0000000068000008,0000000001000000,5,0,,4,09c128c0
0000000080000000,0000000000000000,1,231,00406a85,3241,0040229f
0000000080000000,0000000000c00000,3,0,,16,08604a89
0000000080000000,0000000000e00000,4,0,,24,09444a81
0000000080000000,0000000002000000,2,14,01c06241,192,01c02a49
0000000080000000,0000000002000001,3,0,,1,00e06309
0000000080000000,0000000002c00000,4,0,,2,09c04249
0000000080000000,0000000002e00000,5,0,,10,09c04243
0000000080000000,000000000a000000,3,5,01c46201,55,01c4220b
0000000080000000,000000000ac00000,5,0,,1,09c44209
0000000080000000,000000001a000000,4,0,,6,0344220b
0000000080000000,0000000022000000,3,0,,5,00e46209
0000000080000000,0000000022000001,4,0,,12,00e0620b
0000000080000000,0000000022c00001,6,0,,1,08e04249
0000000080000000,0000000302000000,4,1,01642209,9,0164220b
0000000080000000,0000000302004000,5,0,,10,01602a0d
0000000080000000,0000000322000000,5,0,,4,0064620d
0000000080000000,0000000712000000,6,0,,1,01446249
0000000080000000,000000071a000000,7,1,01446209,12,0144221b
0000000080000000,0000000800c00000,4,4,01404a89,133,00444a8d
0000000080000000,0000000800e00000,5,5,01c042c1,170,01444a85
0000000080000000,0000000802c00000,5,1,01c04249,37,00e44309
0000000080000000,0000000802c00001,6,0,,2,00e04349
0000000080000000,0000000802e00000,6,0,,49,01c04247
0000000080000000,000000080ac00000,6,0,,5,01c4420d
0000000080000000,000000080ae00000,7,0,,6,01c44225
0000000080000000,000000081ac00000,7,0,,1,0344420d
0000000080000000,0000000822c00000,6,0,,2,00e44249
0000000080000000,0000000822c00001,7,0,,3,00e04259
0000000080000000,0000000b02c00000,7,0,,4,0164420d
0000000080000000,0000000b02c04000,8,0,,2,0160421b
0000000080000000,0000000f1ac00000,10,0,,1,01444a0d
0000000080000001,0000000000000000,2,0,,18,23600286
0000000080000001,0000000800c00000,5,0,,3,03600a8a
0000000081000000,0000000000000000,2,3,21404a81,38,21400a87
0000000081000000,0000000000e00000,5,0,,5,09404a85
0000000081000000,0000000800e00000,6,2,01404a85,18,01404a87
0000000090000000,0000000000000000,2,5,21c04260,175,20e04324
0000000090000000,0000000002c00000,5,0,,7,09c0424c
0000000090000000,0000000002e00000,6,1,09e04240,31,09c04246
0000000090000000,0000000802c00000,6,0,,33,01c0434c
0000000090000000,0000000802e00000,7,2,01e04340,85,01c04256
0000000090000000,000000080ac00000,7,0,,1,01c4430c
0000000090000000,000000080ae00000,8,0,,3,01c44324
0000000090000001,0000000000000000,3,0,,9,23e00206
0000000090000020,0000000000000000,3,0,,19,23404216
0000000091000020,0000000000000000,4,0,,1,21604324
00000000c0000000,0000000000000000,2,0,,44,0944208d
00000000c0000000,0000000000040000,3,0,,4,08446889
00000000c0000000,0000000000040002,4,0,,4,08c060c9
00000000c0000000,0000000000c00000,4,0,,4,09444889
00000000c0000000,0000000000c40002,6,0,,1,08e040c9
00000000c0000000,0000000001000000,3,0,,16,09642888
00000000c0000000,0000000001000002,4,0,,4,0ac060c8
00000000c0000000,0000000001040000,4,0,,1,08c460c8
00000000c0000000,0000000001040002,5,0,,3,08c061c8
00000000c0000000,0000000001050000,5,0,,3,08c46188
00000000c0000000,0000000001050002,6,0,,5,08c0618c
00000000c0000000,0000000002000000,3,0,,1,0b642009
00000000c0000000,0000000002c00000,5,0,,1,0bc04049
00000000c0000000,0000000003000000,4,0,,2,0bc06048
00000000c0000000,000000001a000000,5,0,,1,0b446009
00000000c0000000,0000000022c00003,8,0,,1,0ae04049
00000000c0000200,0000000000000000,3,0,,54,0940288d
00000000c0000200,0000000000000002,4,0,,4,0a406889
00000000c0000200,0000000000040002,5,0,,2,0840688d
00000000c0000200,0000000000c00000,5,0,,4,0940488d
00000000c0000200,0000000001000000,4,0,,4,09606888
00000000c0000200,0000000001000002,5,0,,2,0a60608a
00000000c0000201,0000000000000000,4,0,,1,2b600888
00000000c0200000,0000000000000000,3,0,,14,28e04049
00000000c0200000,0000000002000000,4,0,,1,09c06049
00000000c0200000,0000000002c00000,6,0,,8,09c0404b
00000000c0200000,0000000002c40003,9,0,,1,08e04149
00000000c0200000,0000000003000000,5,0,,8,09c0604c
00000000c0200000,000000000a000000,5,0,,1,09c46009
00000000c0200000,000000000b000000,6,0,,3,09c4600c
00000000c0200000,0000000022040003,8,0,,1,08e06049
00000000c0200000,0000000022c40000,8,0,,1,08e44049
00000000c0200000,0000000302000000,6,0,,2,09642809
00000000c0200000,000000071a000000,9,0,,2,0944600d
00000000c0200200,0000000000000000,4,0,,4,29406809
00000000c8000000,0000000000000000,3,3,28c060c0,90,09c06083
00000000c8000000,0000000000000010,4,0,,1,0ac46081
00000000c8000000,0000000000040010,5,0,,1,08c460c1
00000000c8000000,0000000000060000,5,0,,1,08e46081
00000000c8000000,0000000000060010,6,0,,3,08c46085
00000000c8000000,0000000001000000,4,1,09c060c0,41,09c06086
00000000c8000000,0000000001000010,5,0,,5,0ac46084
00000000c8000000,0000000001040000,5,0,,1,08e460c0
00000000c8000000,0000000001040010,6,0,,6,08c460c2
00000000c8000000,0000000001070000,7,0,,4,08e46082
00000000c8000000,0000000001070010,8,1,08c46180,8,08c460a4
00000000c8000000,0000000002000000,4,0,,2,0bc06041
00000000c8000000,0000000003000000,5,0,,14,0bc06042
00000000c8000000,000000000a000000,5,0,,1,0bc46001
00000000c8000000,000000000b000000,6,0,,3,0bc46004
00000000c8000004,0000000000000000,4,0,,27,28e040c1
00000000c8200000,0000000000000000,4,1,29c06040,46,28e06041
00000000c8200000,0000000002000000,5,0,,10,09c06043
00000000c8200000,0000000003000000,6,3,09c06840,32,09c06046
00000000c8200000,000000000a000000,6,0,,3,09c46005
00000000c8200000,000000000b000000,7,0,,4,09c46024
00000000c8200004,0000000000000000,5,0,,8,28e44041
00000000d0000002,0000000000000000,4,0,,4,2ae04048
00000000d0200002,0000000000000000,5,0,,9,28e04148
00000000d8000006,0000000000000000,6,0,,24,2ae04042
00000000d8200006,0000000000000000,7,1,29e04040,28,28e04160
00000000e8000000,0000000000000000,4,0,,12,09c420c1
00000000e8000000,0000000001000000,5,0,,9,09c428c0
00000000e8000000,0000000002000000,5,0,,1,0be42001
00000000e8000000,0000000003000000,6,0,,2,0be42040
00000000e8000008,0000000000000000,5,0,,30,09c028c1
00000000e8000008,0000000001000000,6,0,,8,09e021c0
00000000e8000008,0000000003000000,7,0,,1,0be02840
00000000e800000c,0000000000000000,6,0,,1,2bc00881
00000000e800000d,0000000000000000,7,0,,1,2be00880
0000000100000000,0000000000000000,1,88,03212608,2011,00a1660a
0000000100000000,0000000000010000,2,0,,1,08a36408
0000000100000000,0000000002000000,2,11,01806648,163,0180664a
0000000100000000,0000000003000000,3,0,,3,0b826048
0000000100000000,0000000008000000,2,0,,9,0185260c
0000000100000000,0000000008010000,3,0,,1,08876408
0000000100000000,000000000a000000,3,2,01846608,39,0184660a
0000000100000000,000000000b000000,4,0,,1,0b866008
0000000100000000,0000000010000000,2,0,,1,03052648
0000000100000000,0000000018000000,3,0,,9,0305260a
0000000100000000,0000000020000000,2,0,,5,08836248
0000000100000000,0000000021000000,3,0,,1,0aa36008
0000000100000000,0000000028000000,3,0,,1,08876208
0000000100000000,0000000098000000,4,0,,2,0a072608
0000000100000000,0000000200000000,2,0,,12,0125260a
0000000100000000,0000000200004000,3,0,,27,0121260e
0000000100000000,0000000220000000,3,0,,1,08276208
0000000100000000,0000000220004000,4,0,,1,0823620c
0000000100000000,0000000610000000,4,0,,1,01056648
0000000100000000,0000000618000000,5,0,,7,0105660c
0000000100000000,0000000698000000,6,0,,1,08076608
0000000100000000,00000006b8000000,7,0,,1,0807620c
0000000100200000,0000000000000000,2,14,2180640c,288,00a16548
0000000100200000,0000000000010000,3,0,,4,00a1642c
0000000100200000,0000000002000000,3,6,0180644c,52,0180644e
0000000100200000,0000000008000000,3,0,,3,0185640c
0000000100200000,000000000a000000,4,1,0184640c,10,0184640e
0000000100200000,0000000200000000,3,0,,2,0125640c
0000000100400000,0000000000000000,2,0,,69,2806602c
0000000100400000,0000000001000000,3,0,,1,09836048
0000000100400000,0000000003000000,4,0,,8,0982604c
0000000100400000,000000000b000000,5,0,,3,0986600c
0000000100400000,0000000021000000,4,0,,1,08a36048
0000000108000000,0000000000000000,2,0,,14,2aa26002
0000000108400000,0000000000000000,3,0,,27,28a26024
0000000110000000,0000000000000000,2,81,01814648,1331,00a1462c
0000000110000000,0000000002000000,3,15,0180464c,152,0180464e
0000000110000000,0000000008000000,3,0,,10,0185460c
0000000110000000,000000000a000000,4,0,,18,0184460e
0000000110000000,0000000010000000,3,0,,1,03054648
0000000110000000,0000000018000000,4,0,,5,0305460c
0000000110000000,0000000200000000,3,0,,5,0125460c
0000000110000000,0000000200004000,4,1,09230608,19,0121460e
0000000110000000,0000000618000000,6,0,,3,0907060c
0000000110000001,0000000000000000,3,0,,13,23a20206
0000000110000002,0000000000000000,3,149,0321440c,1368,0183444c
0000000110000002,0000000000010000,4,0,,7,08a3440a
0000000110000002,0000000002000000,4,39,01a24448,245,0182444e
0000000110000002,0000000008000000,4,0,,10,0385440a
0000000110000002,0000000008010000,5,0,,2,0887440c
0000000110000002,000000000a000000,5,1,0384440c,28,0186450c
0000000110000002,0000000018000000,5,0,,3,0b07040c
0000000110000002,0000000200000000,4,0,,3,09270448
0000000110000002,0000000200004000,5,0,,12,0923042c
0000000110000003,0000000000000000,4,0,,5,2aa2080a
0000000110000020,0000000000000000,3,0,,54,23024216
0000000110000021,0000000000000000,4,0,,16,23220216
0000000110000022,0000000000000000,4,0,,15,2b02480a
0000000110000023,0000000000000000,5,0,,10,2b22000e
0000000110001000,0000000000000000,3,0,,5,22a10642
0000000110001400,0000000000000000,4,0,,14,22a10606
0000000110008000,0000000000000000,3,2,0a230608,63,0a23060a
0000000110008000,0000000098002000,7,0,,1,0a074608
0000000110008000,0000000200000000,4,0,,1,08274608
0000000110008000,0000000200004000,5,0,,3,0823460c
0000000110008002,0000000000000000,4,9,0a230c08,105,0a23041a
0000000110008002,0000000098002000,8,0,,1,0a074c08
0000000110008002,0000000200000000,5,0,,1,08274448
0000000110008002,0000000200004000,6,0,,1,08234c48
0000000110008020,0000000000000000,4,0,,9,2823420c
0000000110008022,0000000000000000,5,0,,14,2a22400e
0000000110018000,0000000000000000,4,0,,1,2a224640
0000000110019000,0000000000000000,5,0,,1,2a230640
000000011001a000,0000000000000000,5,0,,7,22214606
000000011001b400,0000000000000000,7,0,,3,2a230602
0000000110200002,0000000000000000,4,43,0181444c,438,00a54548
0000000110200002,0000000000010000,5,0,,2,00a1452c
0000000110200002,0000000002000000,5,19,0180446c,104,0180445e
0000000110200002,0000000008000000,5,0,,4,0185442c
0000000110200002,000000000a000000,6,0,,8,0184450e
0000000110400002,0000000000000000,4,1,29824048,47,2882412c
0000000110400022,0000000000000000,5,0,,11,2902401e
0000000111000000,0000000000000000,3,0,,17,21214606
0000000111000020,0000000000000000,4,0,,4,29024216
0000000118000006,0000000000000000,5,0,,36,2aa24006
0000000118400006,0000000000000000,6,0,,30,28a24064
0000000120000000,0000000000000000,2,1,23a42400,43,22a42406
0000000120000008,0000000000000000,3,6,23a02402,80,22a22406
0000000128000008,0000000000000000,4,0,,1,2ba22002
0000000130000002,0000000000000000,4,4,23a40402,42,23840c42
000000013000000a,0000000000000000,5,18,23a00442,115,23810c42
0000000130001002,0000000000000000,5,0,,1,2aa60440
000000013000100a,0000000000000000,6,0,,4,2aa20442
0000000130001402,0000000000000000,6,0,,4,2aa60402
000000013000140a,0000000000000000,7,0,,8,2aa20406
000000013800000f,0000000000000000,8,0,,2,2ba20042
0000000200000000,0000000000000000,1,22,00252289,641,00052a8b
0000000200000000,0000000000800000,2,0,,5,08250a89
0000000200000000,0000000008000000,2,0,,2,01856209
0000000200000000,0000000018000000,3,0,,5,0305220b
0000000200000000,0000000020000000,2,0,,4,00a56209
0000000200000000,0000000200000000,2,1,01252209,9,0125220b
0000000200000000,0000000200800000,3,0,,1,09254209
0000000200000000,0000000220000000,3,0,,1,0025620d
0000000200000000,0000000610000000,4,0,,1,01056249
0000000200000000,0000000618000000,5,0,,4,0105620d
0000000200000000,0000000800800000,3,3,01050a89,51,00054a8d
0000000200000000,0000000808800000,4,0,,3,0185420d
0000000200000000,0000000818800000,5,0,,1,0305420d
0000000200000000,0000000820800000,4,0,,2,00a54249
0000000200000000,0000000a00800000,4,0,,6,0125420b
0000000200000000,0000000e18800000,7,0,,1,01054a0d
0000000200000010,0000000000000000,2,103,00016a89,1579,0001229f
0000000200000010,0000000000800000,3,0,,22,08214a89
0000000200000010,0000000020000000,3,0,,8,00a1620b
0000000200000010,0000000020800000,4,0,,1,08a14249
0000000200000010,0000000200004000,4,0,,9,0121220f
0000000200000010,0000000800800000,4,8,01014a89,143,00214a8b
0000000200000010,0000000820800000,5,0,,4,0221021f
0000000200000010,0000000a00804000,6,0,,4,0121021f
0000000201000010,0000000000000000,3,3,21014a81,48,21010a87
0000000240000000,0000000000000000,2,0,,4,09052889
0000000240000010,0000000000000000,3,0,,2,28816089
0000000240000010,0000000000800000,4,0,,2,098140c9
0000000240000010,0000000020800002,6,0,,1,0aa14049
0000000240000210,0000000000000000,4,0,,16,09016889
0000000240000210,0000000000800000,5,0,,2,09214889
0000000240200000,0000000000800000,4,0,,1,09854049
0000000240200010,0000000000000000,4,0,,3,09816049
0000000240200010,0000000000800000,5,0,,2,09814149
0000000240400210,0000000000000000,5,0,,1,29016888
0000000248000000,0000000000000000,3,0,,3,09856081
0000000248000000,0000000001000000,4,0,,1,0aa56080
0000000248000010,0000000000000000,4,0,,10,098160c1
0000000248000010,0000000001000000,5,0,,2,0b8160c0
0000000248000014,0000000000000000,5,0,,9,298140c1
0000000248200014,0000000000000000,6,0,,1,29a14041
0000000248400000,0000000000000000,4,0,,4,288560a0
0000000248400000,0000000001000000,5,0,,3,09856084
0000000248400000,0000000001040000,6,0,,1,08a560c0
0000000248400010,0000000000000000,5,0,,8,288160a4
0000000248400010,0000000001000000,6,0,,3,098160c4
0000000248400014,0000000000000000,6,0,,3,298140c4
0000000268000018,0000000000000000,6,0,,1,2ba12080
0000000280000000,0000000000000000,2,116,00046a89,1624,0004229f
0000000280000000,0000000000c00000,4,0,,12,09040a8d
0000000280000000,0000000002000000,3,1,03242209,19,00a46309
0000000280000000,0000000002c00000,5,0,,2,09844249
0000000280000000,000000000a000000,4,1,01846209,9,0184620b
0000000280000000,000000001a000000,5,0,,6,0304220f
0000000280000000,0000000022000000,4,0,,8,00a4620b
0000000280000000,0000000022c00000,6,0,,1,08a44249
0000000280000000,0000000302000000,5,1,01246209,12,0124220f
0000000280000000,0000000712000000,7,0,,1,0104624d
0000000280000000,000000071a000000,8,0,,7,0104221f
0000000280000000,0000000800c00000,5,3,01240a89,78,00244a8d
0000000280000000,0000000802c00000,6,0,,28,00a44349
0000000280000000,000000080ac00000,7,0,,7,0184422d
0000000280000000,000000081ac00000,8,0,,2,0304021f
0000000280000000,0000000822c00000,7,0,,2,02a4420b
0000000280000000,0000000b02c00000,8,0,,2,0124021f
0000000280000000,0000000f1ac00000,11,0,,1,0104421f
0000000280000001,0000000000000000,3,0,,13,23240286
0000000280000010,0000000000000000,3,278,00206a89,3011,000022bf
0000000280000010,0000000000c00000,5,0,,28,08a042c9
0000000280000010,0000000002000000,4,1,03206209,39,0180624b
0000000280000010,0000000002000001,5,0,,3,00a0630b
0000000280000010,0000000002c00000,6,0,,8,0980424d
0000000280000010,0000000022000001,6,0,,8,00a0624b
0000000280000010,0000000022c00001,8,0,,1,0aa04249
0000000280000010,0000000302004000,7,0,,4,0120221f
0000000280000010,0000000800c00000,6,8,01004a8d,158,0020429f
0000000280000010,0000000802c00000,7,0,,45,0180426d
0000000280000010,0000000802c00001,8,0,,2,02a0430b
0000000280000010,0000000822c00001,9,0,,4,0220023f
0000000280000010,0000000b02c04000,10,0,,2,0120023f
0000000280000011,0000000000000000,4,1,23a00282,32,2320028e
0000000281000010,0000000000000000,4,1,21204a81,51,21004297
00000002c0000000,0000000000000000,3,0,,51,0904608d
00000002c0000000,0000000000040000,4,0,,3,088460c9
00000002c0000000,0000000000c00000,5,0,,5,0904488d
00000002c0000000,0000000000c40000,6,0,,1,08a440c9
00000002c0000000,0000000001000000,4,0,,5,0aa46088
00000002c0000000,0000000002000000,4,0,,1,0b246009
00000002c0000000,0000000002c00000,6,0,,2,0b844049
00000002c0000000,0000000022c00000,7,0,,1,0aa44049
00000002c0000010,0000000000000000,4,0,,51,0980608d
00000002c0000010,0000000000000002,5,0,,2,0a8060c9
00000002c0000010,0000000000040002,6,0,,3,088068c9
00000002c0000010,0000000000c00000,6,0,,8,098040cd
00000002c0000010,0000000000c00002,7,0,,1,0aa040c9
00000002c0000010,0000000000c40002,8,0,,1,08a041c9
00000002c0000010,0000000001000000,5,0,,2,0b8060c8
00000002c0000010,0000000001000002,6,0,,3,0aa0608a
00000002c0000010,0000000002000000,5,0,,1,0b806049
00000002c0000010,0000000002c00000,7,0,,4,0b804149
00000002c0000010,0000000002c00003,9,0,,1,0aa04149
00000002c0000010,0000000022000003,8,0,,1,0aa06049
00000002c0000011,0000000000000000,5,0,,1,2ba00888
00000002c0000210,0000000000000000,5,0,,57,0900688d
00000002c0000210,0000000000000002,6,0,,2,0a20608b
00000002c0000210,0000000000c00000,7,0,,1,0b204889
00000002c0000210,0000000001000000,6,0,,3,0b20608a
00000002c0200000,0000000000000000,4,0,,6,28a44049
00000002c0200000,0000000002000000,5,0,,1,09846049
00000002c0200000,0000000002c00000,7,0,,5,0984404d
00000002c0200000,0000000002c40000,8,0,,1,08a44149
00000002c0200000,000000000a000000,6,0,,1,09846109
00000002c0200000,0000000022040000,7,0,,1,08a46049
00000002c0200010,0000000000000000,5,0,,10,28a04149
00000002c0200010,0000000002000000,6,0,,4,0980604d
00000002c0200010,0000000002c00000,8,0,,11,0980406d
00000002c0400000,0000000000000000,4,0,,12,2884608c
00000002c0400000,0000000001000000,5,0,,4,0984608c
00000002c0400000,0000000001040000,6,0,,1,08a460c8
00000002c0400000,0000000001050000,7,0,,1,08a46188
00000002c0400010,0000000000000000,5,0,,19,288060ac
00000002c0400010,0000000001000000,6,0,,5,098060cc
00000002c0400010,0000000001040002,8,0,,1,08a061c8
00000002c0400210,0000000000000000,6,0,,4,2900688c
00000002c8000000,0000000000000000,4,0,,27,09846085
00000002c8000000,0000000000000010,5,0,,2,0a8460c1
00000002c8000000,0000000000040000,5,0,,1,08a460c1
00000002c8000000,0000000000040010,6,0,,1,088461c1
00000002c8000000,0000000000060000,6,0,,1,08a46181
00000002c8000000,0000000001000000,5,0,,12,0aa46082
00000002c8000000,0000000001000010,6,0,,2,0a8460c4
00000002c8000004,0000000000000000,5,0,,19,29844085
00000002c8000010,0000000000000000,5,1,2aa06080,76,098060a5
00000002c8000010,0000000001000000,6,0,,16,0b806086
00000002c8000014,0000000000000000,6,0,,61,28a041c1
00000002c8200000,0000000000000000,5,0,,6,28a46041
00000002c8200004,0000000000000000,6,0,,5,29844045
00000002c8200010,0000000000000000,6,0,,5,29806025
00000002c8200014,0000000000000000,7,0,,11,29804065
00000002c8400000,0000000000000000,5,0,,25,288460a2
00000002c8400000,0000000001000000,6,0,,17,09846086
00000002c8400000,0000000001040000,7,0,,4,08a460c2
00000002c8400000,0000000001040010,8,0,,1,088461c4
00000002c8400000,0000000001070000,9,0,,2,08a46182
00000002c8400000,0000000001070010,10,0,,1,088461a4
00000002c8400004,0000000000000000,6,0,,9,288441a4
00000002c8400010,0000000000000000,6,1,298060c0,40,288060a6
00000002c8400010,0000000001000000,7,0,,18,098060c6
00000002c8400014,0000000000000000,7,0,,21,298040c6
00000002e8000000,0000000000000000,5,0,,9,0ba42081
00000002e8000000,0000000001000000,6,0,,3,0ba42082
00000002e8000018,0000000000000000,7,0,,15,0ba02083
00000002e8000018,0000000001000000,8,0,,1,0ba020c2
00000002e800001c,0000000000000000,8,0,,3,2ba00083
00000002e800001d,0000000000000000,9,0,,3,2ba00882
0000000300000000,0000000000000000,2,2,21856200,85,00a56308
0000000300000000,0000000008000000,3,0,,3,0185620c
0000000300000000,0000000018000000,4,0,,1,0305620c
0000000300000000,0000000020000000,3,0,,3,00a5620a
0000000300000000,0000000200000000,3,0,,1,0125620c
0000000300000010,0000000000000000,3,8,21816220,181,00a1630a
0000000300000010,0000000020000000,4,0,,5,0221620e
0000000310000000,0000000000000000,3,0,,35,20a54308
0000000310000010,0000000000000000,4,1,23a14200,107,20a14324
0000000310000020,0000000000000000,4,0,,9,2125420c
0000000310000030,0000000000000000,5,0,,28,2121420e
0000000310008030,0000000000000000,6,0,,1,2221420e
0000000311000030,0000000000000000,6,0,,2,21214216
0000000340000010,0000000000000000,4,0,,1,2aa16008
0000000348000000,0000000000000000,4,0,,1,2aa56000
0000000348000010,0000000000000000,5,0,,6,2aa16002
0000000348600000,0000000000000000,6,0,,1,29856040
0000000348600010,0000000000000000,7,0,,1,29a16040
0000000350000012,0000000000000000,6,0,,2,2aa14048
0000000350600012,0000000000000000,8,0,,1,29a14048
0000000358000006,0000000000000000,7,0,,1,2aa54040
0000000358000016,0000000000000000,8,0,,8,2aa14042
0000000358600006,0000000000000000,9,0,,1,29a54040
0000000358600016,0000000000000000,10,0,,5,29a14042
0000000380000000,0000000000000000,3,8,21846204,161,20a46206
0000000380000000,0000000002000000,4,0,,12,0184624c
0000000380000000,000000000a000000,5,0,,10,0184620e
0000000380000010,0000000000000000,4,18,21806224,270,20a0620e
0000000380000010,0000000002000000,5,0,,27,0180634c
0000000390000000,0000000000000000,4,0,,60,21844264
0000000390000001,0000000000000000,5,0,,4,23a40206
0000000390000010,0000000000000000,5,3,23a04202,149,20a0432c
0000000390000011,0000000000000000,6,0,,10,23a0020e
0000000390000020,0000000000000000,5,0,,4,23044216
0000000390000030,0000000000000000,6,0,,10,2320420e
00000003c0000000,0000000000000000,4,0,,3,2aa46008
00000003c0000010,0000000000000000,5,0,,6,2aa0600a
00000003c0000010,0000000003000000,7,0,,2,0ba06048
00000003c0000210,0000000000000000,6,0,,1,2b20600a
00000003c0600000,0000000000000000,6,0,,3,28a46048
00000003c0600000,0000000003000000,8,0,,4,0984604c
00000003c0600010,0000000000000000,7,0,,7,28a06148
00000003c0600010,0000000003000000,9,0,,1,09a06148
00000003c8000000,0000000000000000,5,0,,12,2aa46002
00000003c8000010,0000000000000000,6,0,,24,2aa06006
00000003c8600000,0000000000000000,7,0,,15,28a46060
00000003c8600010,0000000000000000,8,0,,13,29806046
00000003d0000002,0000000000000000,6,0,,4,2aa44048
00000003d0000012,0000000000000000,7,0,,13,2aa0404a
00000003d0600002,0000000000000000,8,0,,3,29844148
00000003d0600012,0000000000000000,9,0,,6,29a0404a
00000003d8000006,0000000000000000,8,0,,16,2aa44042
00000003d8000016,0000000000000000,9,1,2ba04040,32,2aa04046
00000003d8600006,0000000000000000,10,0,,10,29844064
00000003d8600016,0000000000000000,11,0,,13,29804164
0000000400000000,0000000000000000,1,15,02246481,187,02246483
0000000400000000,0000000010000000,2,0,,1,03456440
0000000400000000,0000000018000000,3,0,,5,03456401
0000000400000040,0000000000000000,2,12,03244481,233,022644c1
0000000400000040,0000000010000000,3,0,,1,03454441
0000000400000040,0000000018000000,4,0,,1,03454c01
0000000400000100,0000000000000000,2,51,03006485,498,022064c3
0000000400000140,0000000000000000,3,63,03204483,657,02604cc1
0000000400010140,0000000000000000,4,0,,1,2a224441
0000000400012040,0000000000000000,4,0,,1,2a264401
0000000400012140,0000000000000000,5,0,,4,2a224403
0000000400100000,0000000000000000,2,5,02466480,106,02046487
0000000400100040,0000000000000000,3,0,,7,2a064481
0000000400100100,0000000000000000,3,3,22026481,112,02026cc1
0000000400100140,0000000000000000,4,0,,15,0a4344c0
0000000408000000,0000000000000000,2,0,,8,0a266081
0000000408000000,0000000001000000,3,0,,9,0a266082
0000000408000044,0000000000000000,4,0,,7,2a264081
0000000408000180,0000000000000000,4,2,2a226080,43,0b026083
0000000408000180,0000000001000000,5,1,0b226080,9,0b226082
00000004080001c4,0000000000000000,6,0,,22,2a224083
0000000408100000,0000000000000000,3,1,2a066080,10,2a066081
0000000408100000,0000000000000010,4,0,,5,0a066083
0000000408100180,0000000000000000,5,1,2a426080,26,2a026083
0000000410000042,0000000000000000,4,0,,26,03654402
0000000410000042,0000000010000000,5,0,,1,03454c40
0000000410000042,0000000018000000,6,0,,1,0b474400
0000000410000142,0000000000000000,5,7,03614440,102,03614406
0000000410018142,0000000000000000,7,0,,5,0a634440
000000041001a042,0000000000000000,7,0,,1,2a664400
000000041001a142,0000000000000000,8,0,,4,2a624402
00000004180001e6,0000000000000000,9,0,,3,2b624002
0000000420000000,0000000000000000,2,50,02242483,493,02242487
0000000420000000,0000000018000000,4,0,,6,03452c01
0000000420000040,0000000000000000,3,24,03240483,372,03060c83
0000000420000040,0000000018000000,5,0,,1,0b470401
0000000420000108,0000000000000000,4,120,03012c81,906,022224c3
0000000420000148,0000000000000000,5,68,03200c83,703,03200497
0000000420013440,0000000000000000,7,0,,1,2a270401
0000000420013548,0000000000000000,9,0,,1,2a630401
0000000420100000,0000000000000000,3,5,0a062481,108,02062496
0000000420100040,0000000000000000,4,0,,2,2a060c81
0000000420100108,0000000000000000,5,5,22422c80,79,02422cc1
0000000420100148,0000000000000000,6,0,,2,2a030c81
0000000428000000,0000000000000000,3,2,2a262080,46,0a262083
0000000428000000,0000000001000000,4,2,0a662080,25,0a262086
0000000428000044,0000000000000000,5,0,,2,2b060881
0000000428000045,0000000000000000,6,0,,2,2b260082
0000000428000188,0000000000000000,6,6,0b222081,98,0b022883
0000000428000188,0000000001000000,7,2,0b222082,21,0b222086
00000004280001cc,0000000000000000,8,0,,9,2b220083
00000004280001cd,0000000000000000,9,0,,8,2b220086
0000000428100000,0000000000000000,4,1,2a462080,16,2a062083
0000000428100000,0000000000000010,5,0,,6,0a462083
0000000428100188,0000000000000000,7,2,2a422082,25,2a022096
0000000430000042,0000000000000000,5,0,,28,03650c02
000000043000014a,0000000000000000,7,3,0b630400,74,03610550
0000000448000000,0000000000000000,3,0,,1,2a656000
0000000448000000,0000000001000000,4,0,,2,0a656080
0000000448000380,0000000000000000,6,0,,5,0b416081
0000000448000380,0000000001000000,7,0,,1,0b616080
00000004480003c4,0000000000000000,8,0,,1,2b614080
0000000448100000,0000000000000000,4,0,,1,2a456080
0000000448100380,0000000000000000,7,0,,1,2a416880
0000000468000000,0000000000000000,4,0,,6,0a652081
0000000468000000,0000000001000000,5,0,,4,0a652082
0000000468000388,0000000000000000,8,0,,12,0b412881
0000000468000388,0000000001000000,9,0,,5,0b612082
00000004680003cc,0000000000000000,10,0,,2,2b410881
0000000468100000,0000000000000010,6,0,,1,0a452881
0000000468100388,0000000000000000,9,0,,1,2a412881
00000004c8000000,0000000000000000,4,0,,10,0a646081
00000004c8000000,0000000001000000,5,0,,5,0a646082
00000004c8000380,0000000000000000,7,0,,30,0b406085
00000004c8000380,0000000001000000,8,0,,6,0b606082
00000004c80003c4,0000000000000000,9,0,,5,2b404881
00000004c8100000,0000000000000000,5,0,,2,2a446081
00000004c8100000,0000000000000010,6,0,,1,0a446881
00000004c8100380,0000000000000000,8,0,,4,2a406086
00000004e8000000,0000000000000000,5,0,,16,0a642083
00000004e8000000,0000000001000000,6,0,,7,0a642882
00000004e8000388,0000000000000000,9,1,2b602080,33,0b402883
00000004e8000388,0000000001000000,10,1,0b602880,10,0b602086
00000004e80003cc,0000000000000000,11,0,,1,2b600881
00000004e8100000,0000000000000000,6,0,,1,2a442881
0000000500000000,0000000000000000,2,1,23246400,41,22246406
0000000500000100,0000000000000000,3,7,23206402,84,22206416
0000000508000000,0000000000000000,3,0,,4,2a266002
0000000508000180,0000000000000000,5,0,,9,2a226006
0000000510000042,0000000000000000,5,1,23244440,46,23044416
0000000510000142,0000000000000000,6,13,23204406,120,23004c16
0000000510018042,0000000000000000,7,0,,1,2a264440
0000000510018142,0000000000000000,8,0,,5,2a224442
000000051001a042,0000000000000000,8,0,,3,2a264402
000000051001a142,0000000000000000,9,0,,7,2a224406
0000000518000066,0000000000000000,8,0,,1,2b264002
00000005180001e6,0000000000000000,10,0,,6,2b224006
0000000520000000,0000000000000000,3,4,23242402,51,22262406
0000000520000108,0000000000000000,5,5,23202406,72,23022416
0000000528000000,0000000000000000,4,0,,1,2b262002
0000000528000188,0000000000000000,7,0,,6,2b222006
0000000530000042,0000000000000000,6,0,,24,23240416
000000053000014a,0000000000000000,8,4,2b220402,47,23200d42
0000000648000000,0000000000000000,4,0,,2,2a256080
0000000648000000,0000000001000000,5,0,,1,0b256080
0000000648000390,0000000000000000,8,0,,6,0b216081
0000000648000390,0000000001000000,9,0,,2,0b216082
00000006480003d4,0000000000000000,10,0,,2,2b214081
0000000668000000,0000000000000000,5,0,,2,0b252081
0000000668000000,0000000001000000,6,0,,1,0b252082
0000000668000398,0000000000000000,10,0,,5,0b212881
00000006680003dc,0000000000000000,12,0,,1,2b210881
00000006c8000000,0000000000000000,5,0,,16,0a246083
00000006c8000000,0000000001000000,6,0,,7,0a246086
00000006c8000044,0000000000000000,7,0,,4,2b044881
00000006c8000390,0000000000000000,9,1,2b206080,32,0b006885
00000006c8000390,0000000001000000,10,0,,6,0b206086
00000006c80003d4,0000000000000000,11,0,,11,2b004885
00000006e8000000,0000000000000000,6,0,,18,0b242083
00000006e8000000,0000000001000000,7,0,,4,0b242086
00000006e8000044,0000000000000000,8,0,,3,2b240083
00000006e8000398,0000000000000000,11,0,,19,0b202087
00000006e80003dc,0000000000000000,13,0,,3,2b200183
00000007c8000000,0000000000000000,6,0,,4,2b246002
00000007c8000390,0000000000000000,10,0,,1,2b206006
0000000800000000,0000000000000000,1,1711,00069289,18301,000012bf
0000000800000000,0000000000000080,2,0,,2,0a078281
0000000800000000,0000000000002000,2,0,,5,02459308
0000000800000000,0000000000400000,2,0,,29,0802029f
0000000800000000,0000000004000000,2,15,02449089,430,0004909f
0000000800000000,0000000004002000,3,0,,1,0a479008
0000000800000000,0000000004080000,3,0,,1,02c28189
0000000800000000,0000000004080002,4,0,,2,02c0812d
0000000800000000,0000000005000000,3,0,,1,0a868188
0000000800000000,0000000020000000,2,1,0a038209,31,02478209
0000000800000000,0000000022400001,5,0,,1,0ac20249
0000000800000000,0000000024000000,3,0,,7,0a478009
0000000800000000,0000000028000000,3,0,,1,08c70209
0000000800000000,0000000040000000,2,0,,1,08d30241
0000000800000000,0000000080000000,2,3,08170209,37,0214021f
0000000800000000,0000000080000800,3,3,08530209,34,0212021f
0000000800000000,00000000b8000000,5,0,,1,0a470209
0000000800000000,00000000c0000000,3,0,,1,0a570201
0000000800000000,000000060000c000,5,0,,1,08438309
0000000800000000,0000000620000000,4,0,,2,0807820d
0000000800000000,000000062000c000,6,0,,3,0843820d
0000000800000020,0000000000000000,2,0,,1,2a438208
0000000800000c00,0000000000000000,3,0,,8,02c18321
0000000800040000,0000000000000000,2,0,,1,22419241
0000000800060000,0000000000000000,3,1,22419201,42,02409325
0000000800066c00,0000000000000000,7,0,,3,22418321
0000000801000000,0000000000000000,2,0,,1,28438281
0000000804000000,0000000000000000,2,0,,1,22438089
0000000804000200,0000000000000000,3,0,,1,22418189
0000000a00000000,0000000000000000,2,0,,1,22850289
0000000a00000010,0000000000000000,3,0,,2,2201028f
0000000a80000010,0000000000000000,4,0,,1,2200029f
0000001000000000,0000000000000000,1,146,00427205,2516,00027217
0000001000000000,0000000000000020,2,6,00c27440,278,00c27007
0000001000000000,0000000000000420,3,13,02827402,288,00827407
0000001000000000,0000000040000000,2,0,,4,00c36340
0000001000000000,0000000040000024,4,0,,4,00c36444
0000001000000000,0000000048000000,3,0,,4,00c76300
0000001000000000,0000000060000000,3,1,00c36240,11,00c36241
0000001000000000,0000000068000000,4,0,,10,00c76201
0000001000000000,00000000d8000000,5,0,,2,02476600
0000001000000000,00000000f8000000,6,0,,2,0a472201
0000001000000000,00000006d8000000,7,0,,2,08472601
0000001000000000,00000006f0000000,7,0,,1,08476240
0000001000000000,00000006f8000000,8,0,,7,00476205
0000001000001400,0000000000000000,3,0,,1,2a830601
0000001000080000,0000000000000000,2,0,,8,0a025641
0000001000080000,0000000000002000,3,0,,7,02435640
00000010000a0000,0000000000000000,3,1,2a025600,54,02435601
00000010000a0000,0000000000002000,4,0,,24,02435602
00000010000b2000,0000000000000000,5,0,,1,2a034601
00000010000b3400,0000000000000000,7,0,,1,2a430601
00000010000e0000,0000000000000000,4,0,,14,0a435201
00000010000e0000,0000000000002000,5,0,,2,0a435204
0000001000100000,0000000000000000,2,11,20467004,327,20027017
0000001000100000,0000000000001020,4,3,08427804,152,00427017
0000001000100000,0000000000001420,5,0,,45,02027407
0000001000180000,0000000000000000,3,1,2a025440,14,22425441
0000001000180000,0000000000001020,5,0,,1,0a425441
0000001000180000,0000000000001420,6,0,,3,0a025445
0000001000180000,0000000000003020,6,0,,4,0a425444
0000001000180000,0000000000003420,7,0,,5,0a025c44
00000010001a0000,0000000000000000,4,3,2a025c00,50,22025416
00000010001a0000,0000000000001020,6,0,,4,0a425405
00000010001a0000,0000000000001420,7,0,,7,0a025c03
00000010001a0000,0000000000003020,7,0,,7,0a425c02
00000010001a0000,0000000000003420,8,0,,5,0a025416
00000010001e0000,0000000000000000,5,0,,1,2a025016
0000001002000000,0000000000000000,2,8,00c25640,360,00825724
0000001002000000,0000000000000020,3,1,08c25440,63,00c25445
0000001002000000,0000000000000420,4,2,08825444,44,08825416
0000001002000000,0000000040000000,3,0,,1,00c34641
0000001002000000,0000000040000024,5,0,,1,08c34441
0000001002000000,0000000060200000,5,0,,1,08c34241
0000001002000000,0000000068200000,6,0,,1,08c74201
0000001002080000,0000000000000000,3,0,,4,08035641
0000001002080000,0000000000002000,4,0,,1,08435640
00000010020a0000,0000000000000000,4,0,,4,08435601
00000010020a0000,0000000000002000,5,0,,3,08435604
00000010020c0000,0000000000000000,4,0,,2,08435241
00000010020e0000,0000000000000000,5,1,28435200,22,08435203
00000010020e0000,0000000000002000,6,0,,1,08475204
0000001002180000,0000000000000000,4,0,,1,28435440
0000001008000000,0000000000000000,2,0,,42,28866021
0000001008000000,0000000061000034,8,0,,1,08c76040
000000100a000004,0000000000000000,4,0,,1,28c34041
0000001010000000,0000000000000000,2,0,,16,22c24602
0000001010000000,0000000040000000,3,0,,1,02c34640
0000001010000000,0000000048000000,4,0,,1,02c74600
0000001010000000,0000000060200000,5,0,,1,0ac34240
0000001010000002,0000000000000000,3,0,,28,22c24406
0000001010000002,0000000040000024,6,0,,4,02c34444
0000001010001000,0000000000000000,3,0,,1,2ac20640
0000001010001000,0000000040000000,4,0,,1,0ac30640
0000001010001400,0000000000000000,4,0,,1,2ac30600
00000010100ba000,0000000000000000,7,0,,1,2a434600
0000001012000000,0000000000000000,3,0,,29,20c24644
0000001012000000,0000000040000000,4,0,,8,00c34642
0000001012000000,0000000040200000,5,0,,1,08c34340
0000001012000000,0000000048000000,5,0,,1,08c74600
0000001012000000,0000000060200000,6,1,08c34240,6,08c34242
0000001012000002,0000000000000000,4,0,,8,28c24442
0000001012000002,0000000040000024,7,1,08c34440,7,08c34442
0000001013098000,0000000000000000,7,0,,1,28434640
0000001018000006,0000000000000000,5,0,,5,2ac24042
000000101a000006,0000000000000000,6,0,,4,28c34060
0000001020000000,0000000000000000,2,0,,4,22c62402
0000001020000008,0000000000000000,3,0,,4,2ac22402
0000001100000000,0000000000000000,2,3,22826600,187,20826216
0000001108000000,0000000000000000,3,0,,14,2a826006
0000001108400000,0000000000000000,4,0,,9,28826064
0000001110000000,0000000000000000,3,0,,31,22824606
0000001110000002,0000000000000000,4,1,2a824440,42,22824416
0000001110001000,0000000000000000,4,0,,1,2a830640
0000001110098000,0000000000000000,6,0,,1,2a034640
0000001112000000,0000000000000000,4,0,,16,28824360
0000001112000002,0000000000000000,5,0,,10,28824464
0000001120000000,0000000000000000,3,0,,1,2a862402
0000001400100000,0000000000000000,3,0,,2,2a066401
0000001400100100,0000000000000000,4,0,,6,2a426401
0000001408100000,0000000000000000,4,0,,3,2a466002
0000001408100180,0000000000000000,6,0,,1,2a426006
0000001420100000,0000000000000000,4,0,,3,2a462402
0000001420100108,0000000000000000,6,0,,1,2a432c00
0000001428100188,0000000000000000,8,0,,1,2a422016
0000001500100000,0000000000000000,4,0,,1,2a066404
0000001500100100,0000000000000000,5,0,,1,2a026406
0000002000000000,0000000000000000,1,482,0001720d,7052,0000323f
0000002000000000,0000000000002000,2,36,0240544c,230,0041564c
0000002000000000,0000000002000000,2,0,,15,0084464d
0000002000000000,0000000002000001,3,2,00c04649,47,0080664b
0000002000000000,0000000008000000,2,0,,25,0085460d
0000002000000000,000000000a000000,3,0,,35,0084660b
0000002000000000,0000000020000000,2,0,,11,00c16249
0000002000000000,0000000020800000,3,0,,1,08c14249
0000002000000000,0000000028000000,3,1,00c56208,9,00c56209
0000002000000000,0000000090000000,3,0,,4,02450649
0000002000000000,0000000092000000,4,0,,4,02442649
0000002000000000,0000000098000000,4,0,,21,02056609
0000002000000000,000000009a000000,5,0,,13,0244260b
0000002000000000,00000000b8000000,5,0,,3,02452a09
0000002000000000,0000000690000000,5,0,,1,00456648
0000002000000000,0000000698000000,6,0,,6,0045260d
0000002000000000,00000006b0000000,6,0,,1,00456249
0000002000000000,00000006b8000000,7,0,,5,0045620d
0000002000000000,0000000792000000,7,0,,1,00446649
0000002000000000,000000079a000000,8,0,,1,0044660d
0000002000000000,0000000800800000,3,0,,1,00c14349
0000002000000000,0000000808800000,4,0,,1,00c54309
0000002000000000,0000000820800000,4,0,,7,00c1424b
0000002000000000,0000000828800000,5,0,,2,00c5420d
0000002000200000,0000000000000000,2,2,20c04449,140,00856449
0000002000200000,0000000002000000,3,0,,13,0084454d
0000002000200000,0000000002000001,4,0,,21,00c0446d
0000002000200000,0000000008000000,3,0,,5,0085640d
0000002000200000,0000000008010000,4,0,,4,00c5640c
0000002000200000,000000000a000000,4,0,,8,0084452d
0000002010000000,0000000000000000,2,5,00c14648,85,00c1464a
0000002010000000,0000000008000000,3,0,,4,00c5460c
0000002010000002,0000000000000000,3,10,02c14448,79,02c1444a
0000002010000002,0000000008000000,4,0,,7,02c5440a
0000002010008000,0000000000000000,3,1,22414608,19,2240460e
0000002010008000,0000000090002000,6,0,,1,02454648
0000002010008000,0000000098002000,7,0,,2,0245460c
0000002010008002,0000000000000000,4,0,,15,22404c4a
0000002010200002,0000000000000000,4,2,20c14448,56,00c1446c
0000002010200002,0000000008010000,6,0,,1,00c5450c
0000002040200000,0000000000000000,3,0,,2,28c14049
0000002040200000,0000000020040002,6,0,,1,08c16049
0000002040200000,0000000021040000,6,0,,1,08c56048
0000002080000000,0000000000000000,2,1,20c06209,84,20406a0d
0000002080000000,0000000002000001,4,0,,1,00c06349
0000002080000000,000000000a000000,4,0,,1,00c46309
0000002080000000,0000000022000000,4,0,,1,00c46249
0000002080000000,0000000022000001,5,0,,7,00c0624b
0000002080000000,0000000022c00000,6,0,,1,08c44249
0000002080000000,000000002a000000,5,0,,7,00c4620b
0000002080000000,00000007ba000000,10,0,,1,00446a0d
0000002080000000,0000000802c00000,6,0,,1,00c44349
0000002080000000,0000000822c00000,7,0,,1,02c44249
0000002090000000,0000000000000000,3,0,,3,20c0432c
00000020c0000000,0000000000000000,3,0,,3,2ac04049
00000020c0200000,0000000000000000,4,0,,9,28c06049
00000020c0200000,0000000022040000,7,0,,1,08c46049
0000002100000000,0000000000000000,2,4,2280640c,99,0081664c
0000002100000000,0000000008000000,3,0,,5,0085660c
0000002100200000,0000000000000000,3,0,,35,2080642e
0000002100200000,0000000008010000,5,0,,1,0085650c
0000002110000000,0000000000000000,3,0,,48,0881464c
0000002110000002,0000000000000000,4,0,,83,0a814548
0000002110200002,0000000000000000,5,0,,13,2080456c
0000002200000000,0000000000000000,2,0,,15,2005620b
0000002200000000,0000000008000000,3,0,,1,00856309
0000002200000000,0000000020000000,3,0,,1,00856249
0000002200000000,0000000028000000,4,0,,2,0085620d
0000002200000010,0000000000000000,3,1,20816209,37,2001221f
0000002200000010,0000000020000000,4,0,,2,02816249
0000002280000000,0000000000000000,3,0,,20,2004221f
0000002280000000,0000000002000000,4,0,,1,00846349
0000002280000000,000000000a000000,5,0,,3,0084630d
0000002280000000,0000000022000000,5,0,,2,02846249
0000002280000010,0000000000000000,4,0,,30,2000621f
00000022c0200000,0000000000000000,5,0,,1,28846049
0000002300000000,0000000000000000,3,0,,5,2085620a
0000002300000010,0000000000000000,4,0,,14,2081620e
0000002310000010,0000000000000000,5,0,,1,2081432c
0000002380000000,0000000000000000,4,0,,11,2084620e
0000002380000010,0000000000000000,5,0,,9,2080622e
0000002800000000,0000000000000000,2,1,22411209,56,0001123f
0000002a00000010,0000000000000000,4,0,,1,2201021f
0000003000000000,0000000000000000,2,455,00417203,4692,00017217
0000003000000000,0000000000000020,3,52,00c07406,740,00c07017
0000003000000000,0000000000000420,4,38,00847405,598,00807037
0000003000000000,0000000040000000,3,1,00c16640,26,00c16341
0000003000000000,0000000040000024,5,0,,14,02c14445
0000003000000000,0000000048000000,4,2,00c56300,23,00c56301
0000003000000000,0000000060000000,4,4,00c16241,35,00c16243
0000003000000000,0000000060a00000,6,0,,1,0ac14241
0000003000000000,0000000068000000,5,3,00c56201,27,00c56203
0000003000000000,00000000d0000000,5,0,,1,02456640
0000003000000000,00000000d8000000,6,0,,4,02456601
0000003000000000,00000000f8000000,7,0,,1,02456206
0000003000000000,00000006f8000000,9,0,,2,00456216
0000003000080000,0000000000000000,3,0,,26,02405e41
0000003000080000,0000000000002000,4,0,,6,02415642
00000030000a0000,0000000000000000,4,1,22415600,57,02405e05
00000030000a0000,0000000000002000,5,0,,9,02415606
00000030000c0000,0000000000000000,4,0,,1,22415241
00000030000e0000,0000000000000000,5,0,,21,02415207
00000030000e0000,0000000000002000,6,0,,1,02415216
0000003000100000,0000000000000000,3,11,20447005,375,20007037
0000003000100000,0000000000001020,5,0,,109,00407817
0000003000100000,0000000000001420,6,0,,17,02007417
0000003000180000,0000000000000000,4,0,,26,22005c43
0000003000180000,0000000000001020,6,0,,2,02405c45
0000003000180000,0000000000003020,7,0,,1,0a415c40
00000030001a0000,0000000000000000,5,0,,33,22005417
00000030001a0000,0000000000001020,7,0,,2,02415c05
00000030001e0000,0000000000000000,6,0,,2,22045017
0000003000200000,0000000000000000,3,3,20c16440,95,20806427
0000003000200000,0000000040000024,6,1,08c16440,22,00c16445
0000003002000000,0000000000000000,3,41,00c05641,1026,00805617
0000003002000000,0000000000000020,4,7,00c15444,166,00c05417
0000003002000000,0000000000000420,5,0,,48,00805476
0000003002000000,0000000040000000,4,0,,8,00c14643
0000003002000000,0000000048000000,5,0,,2,00c54605
0000003002000000,0000000060a00000,7,0,,1,08c54241
0000003002000000,0000000840a00000,7,0,,1,00c54341
0000003002080000,0000000000000000,4,0,,8,20415641
00000030020a0000,0000000000000000,5,0,,6,20415603
00000030020e0000,0000000000000000,6,0,,8,20415207
0000003002200000,0000000000000000,4,0,,15,20844525
0000003002200000,0000000040000024,7,0,,5,00c54541
0000003010000000,0000000000000000,3,2,22c04640,60,22c04606
0000003010000000,0000000040000000,4,1,02c14640,8,02c14642
0000003010000000,0000000048000000,5,0,,4,02c54604
0000003010000002,0000000000000000,4,5,22c04444,76,22c04416
0000003010000002,0000000040000024,7,0,,17,02c14446
0000003012000000,0000000000000000,4,1,20c14640,67,20c04646
0000003012000000,0000000040000000,5,1,08c14640,23,00c14646
0000003012000000,0000000040a00000,7,0,,2,08c14360
0000003012000000,0000000048000000,6,0,,2,00c54704
0000003012000000,0000000840a00000,8,0,,2,00c14364
0000003012000000,0000000848a00000,9,0,,1,00c54324
0000003012200002,0000000000000000,6,0,,40,20c04456
0000003012200002,0000000040000024,9,0,,11,00c14564
0000003048000000,0000000000000000,4,0,,5,2ac16002
0000003048000000,0000000061000034,10,0,,1,0ac56040
0000003048200000,0000000000000000,5,0,,10,28c16041
0000003048200000,0000000041040034,11,0,,1,08c56140
0000003048200000,0000000060040034,11,0,,1,08c56041
0000003048200000,0000000061040034,12,0,,2,08c56044
0000003058000006,0000000000000000,7,0,,1,2ac54040
0000003080000000,0000000000000000,3,10,20c06260,150,20446216
0000003082000000,0000000000000000,4,0,,1,20c04325
0000003090000000,0000000000000000,4,0,,9,22c04216
0000003092000000,0000000000000000,5,0,,5,20c04364
00000030c8000000,0000000000000000,5,0,,15,2ac06022
00000030c8200000,0000000000000000,6,0,,21,28c06052
00000030d8000006,0000000000000000,8,0,,2,2ac44060
0000003100000000,0000000000000000,3,11,22806406,194,20806616
0000003100200000,0000000000000000,4,0,,33,20806436
0000003110000000,0000000000000000,4,0,,56,22804616
0000003110000002,0000000000000000,5,0,,73,22804436
0000003112000000,0000000000000000,5,0,,7,20804764
0000003112200002,0000000000000000,7,0,,4,20844564
0000003200000000,0000000000000000,3,0,,6,20856203
0000003200000010,0000000000000000,4,0,,9,20816223
0000003280000000,0000000000000000,4,0,,11,20846207
0000003280000010,0000000000000000,5,0,,8,20806227
0000003300000000,0000000000000000,4,0,,17,20856206
0000003300000010,0000000000000000,5,0,,23,20816216
0000003380000000,0000000000000000,5,0,,29,20846216
0000003380000010,0000000000000000,6,0,,22,20806236
0000003390000000,0000000000000000,6,0,,1,22844324
0000003390000010,0000000000000000,7,0,,1,22804326
00000033c8000000,0000000000000000,7,0,,4,2a846024
00000033c8600000,0000000000000000,9,0,,3,28846064
0000004000000000,0000000000000000,1,49,0104a4c1,1331,0004e4c5
0000004000000000,0000000000000010,2,0,,2,0806e0c1
0000004000000000,0000000000020000,2,0,,33,0006e485
0000004000000000,0000000000020010,3,1,0846a081,14,0806e085
0000004000000000,0000000000030000,3,0,,25,0044ec84
0000004000000000,0000000000060000,3,0,,3,0864a881
0000004000000000,0000000000060010,4,0,,5,0844a885
0000004000000000,0000000000100010,3,0,,1,0046a8c1
0000004000000000,0000000000120000,3,0,,11,0026e083
0000004000000000,0000000000120010,4,0,,11,0006e885
0000004000000000,0000000000140000,3,0,,2,0064a8c1
0000004000000000,0000000000140010,4,0,,1,0044e8c1
0000004000000000,0000000000160000,4,0,,22,0024e087
0000004000000000,0000000000160010,5,0,,10,0044e883
0000004000000000,0000000001000000,2,1,0164e080,42,0164a086
0000004000000000,0000000001030000,4,0,,7,0866a082
0000004000000000,0000000001070000,5,0,,3,0864e880
0000004000000000,0000000001130000,5,0,,8,0066a882
0000004000000000,0000000001170000,6,0,,7,0064e086
0000004000000000,0000000004000000,2,0,,7,01458885
0000004000000000,0000000200000000,2,0,,32,0125a441
0000004000000000,0000000201000000,3,0,,6,0165e004
0000004000000000,0000000300000000,3,0,,91,01248551
0000004000000000,0000000301000000,4,0,,14,0164a124
0000004000000000,0000000600000000,3,0,,24,0105e441
0000004000000000,0000000700000000,4,0,,60,0104c551
0000004000400000,0000000000000000,2,6,2104e084,137,2004e096
0000004000400000,0000000001000000,3,0,,36,0124a096
0000004000400000,0000000001030000,5,0,,4,0826e082
0000004000400000,0000000001170000,7,0,,1,0024e096
0000004000400000,0000000301000000,5,0,,1,0926e004
0000004000400020,0000000000000000,3,0,,1,2124c124
0000004000800000,0000000000000000,2,15,0100e4c1,552,0040e5d0
0000004000800000,0000000200004000,4,0,,16,0121e441
0000004000800000,0000000300004000,5,0,,32,0060e550
0000004000800000,000000060000c000,6,0,,6,0141ac41
0000004000800000,000000070000c000,7,0,,20,0100ec45
0000004000800080,0000000000000000,3,5,0942a081,118,0902a885
0000004000800080,0000000001000000,4,1,0962a080,9,0962a082
0000004000800280,0000000000000000,4,2,0940a881,85,0900e885
0000004000800280,0000000001000000,5,0,,13,0960a882
0000004000c00080,0000000000000000,4,1,2902e080,28,2802e086
0000004000c00080,0000000001000000,5,0,,9,0922a086
0000004000c00280,0000000000000000,5,0,,9,2900e086
0000004001800000,0000000000000000,3,5,0120c4c1,451,0060c5d0
0000004001800000,0000000200004000,5,0,,32,0061c550
0000004001800000,0000000300004000,6,2,0160c441,59,0120c525
0000004001800000,000000060000c000,7,0,,10,0141c445
0000004001800000,000000070000c000,8,0,,17,01408d51
0000004001800080,0000000000000000,4,0,,43,0902c885
0000004001800080,0000000004000000,5,0,,2,09428885
0000004001800280,0000000000000000,5,0,,22,0920c981
0000004001c00080,0000000000000000,5,0,,9,2902c884
0000004004800080,0000000000000000,4,8,0142a881,150,0102e885
0000004004800080,0000000001000000,5,0,,16,0162a086
0000004004800280,0000000000000000,5,17,0140e881,317,0100e097
0000004004800280,0000000001000000,6,0,,25,0160a1a4
0000004004c00080,0000000000000000,5,1,2122e080,24,2022e086
0000004004c00080,0000000001000000,6,0,,2,0122e086
0000004004c00280,0000000000000000,6,2,2120e082,40,2020e096
0000004004c00280,0000000001000000,7,0,,2,0120e096
0000004005800080,0000000000000000,5,0,,23,0142c885
0000004005800280,0000000000000000,6,2,2120c181,131,0120c1a5
0000004005800280,0000000004000000,7,0,,1,014089a5
00000040058002a0,0000000000000000,7,0,,5,2140c924
0000004005c00280,0000000000000000,7,0,,2,2120c096
0000004005c002a0,0000000000000000,8,0,,1,2121c124
0000004400000000,0000000000000000,2,8,01246481,214,006464c1
0000004400000000,0000000000020000,3,0,,4,00646c81
0000004400000000,0000000000030000,4,0,,7,00666484
0000004400000000,0000000618000000,6,0,,1,09476400
0000004400000040,0000000000000000,3,0,,83,012444c3
0000004400100000,0000000000000000,3,0,,28,00466cc0
0000004400100000,0000000000020000,4,0,,10,00446c85
0000004400100000,0000000000030000,5,1,08466480,12,00466c84
0000004400200000,0000000000000000,3,0,,26,21246403
0000004400200000,0000000200000000,4,0,,4,01656401
0000004400200000,0000000610000000,6,0,,2,01456441
0000004400200000,0000000618000000,7,0,,1,01456405
0000004400200040,0000000000000000,4,0,,1,21644441
0000004400200040,0000000200000000,5,0,,1,01654441
0000004400800100,0000000000000000,4,12,016064c0,380,006364c0
0000004400800100,0000000200004000,6,0,,2,08636440
0000004400900100,0000000000000000,5,1,28426480,36,084264c1
0000004400a00100,0000000000000000,5,0,,26,21406c41
0000004400a00100,0000000200004000,7,0,,6,01616441
0000004401800140,0000000000000000,6,0,,191,01204cc5
0000004401800140,0000000200004000,8,0,,1,09634401
0000004401a00140,0000000000000000,7,0,,2,21604c41
0000004401a00140,0000000200004000,9,0,,3,01614445
0000004408000000,0000000000000000,3,1,09066081,32,082660c1
0000004408000000,0000000000020000,4,0,,7,08266083
0000004408000000,0000000001000000,4,0,,2,086660c0
0000004408000000,0000000001030000,6,1,08666080,7,08666082
0000004408000000,0000000201000000,5,0,,1,09676000
0000004408000000,0000000618000000,7,0,,1,09476001
0000004408000044,0000000000000000,5,0,,6,29064085
0000004408100000,0000000000000000,4,2,28066081,17,28066083
0000004408100000,0000000000000010,5,0,,1,084660c1
0000004408100000,0000000000020010,6,1,08466081,10,08066885
0000004408400000,0000000000000000,4,1,29066080,17,28266082
0000004408400000,0000000001000000,5,0,,8,082660c4
0000004408400000,0000000001030000,7,0,,3,08266086
0000004408400044,0000000000000000,6,0,,4,29064884
0000004408500000,0000000000000000,5,0,,9,28066086
0000004408800180,0000000000000000,6,4,09426081,81,09026885
0000004408800180,0000000001000000,7,1,09626080,8,09626082
0000004408900180,0000000000000000,7,5,28426081,39,28026087
0000004408c00180,0000000000000000,7,3,29026084,34,28226086
0000004408c00180,0000000001000000,8,0,,13,09226086
0000004408d00180,0000000000000000,8,0,,3,28026096
00000044098001c4,0000000000000000,9,0,,21,29024883
0000004409c001c4,0000000000000000,10,0,,8,29024096
0000004410200042,0000000000000000,6,0,,1,21654440
0000004411800142,0000000000000000,8,0,,2,29624440
0000004411800142,0000000200004000,10,0,,1,09634440
0000004411a00142,0000000000000000,9,0,,8,21604550
0000004411a00142,0000000200004000,11,0,,3,01614550
0000004420000000,0000000000000000,3,10,01642481,268,01242487
0000004420000000,0000000000020000,4,0,,7,00652c81
0000004420000000,0000000000030000,5,0,,6,08662482
0000004420000000,0000000200000000,4,0,,1,09672400
0000004420000040,0000000000000000,4,0,,35,01640cc1
0000004420100000,0000000000000000,4,0,,14,08462cc0
0000004420100000,0000000000020000,5,0,,5,00472c81
0000004420100000,0000000000030000,6,0,,4,08462c84
0000004420200000,0000000000000000,4,0,,2,21642441
0000004420200000,0000000200000000,5,0,,3,01652441
0000004420800108,0000000000000000,6,6,09422481,278,01222c83
0000004420800108,0000000200004000,8,0,,3,09632401
0000004420900108,0000000000000000,7,0,,13,08422cc1
0000004420a00108,0000000000000000,7,0,,1,29612c00
0000004421800148,0000000000000000,8,0,,45,01610cc1
0000004428000000,0000000000000000,4,4,09462081,70,086620c1
0000004428000000,0000000000020000,5,0,,7,08272881
0000004428000000,0000000001000000,5,1,09662080,11,086620c2
0000004428000000,0000000001030000,7,1,08662880,13,08662086
0000004428000000,0000000200000000,5,0,,1,09672001
0000004428000000,0000000201000000,6,0,,1,09672800
0000004428000000,0000000618000000,8,0,,1,09472801
0000004428000044,0000000000000000,6,0,,5,29070881
0000004428100000,0000000000000000,5,3,28462081,27,28072881
0000004428100000,0000000000000010,6,0,,2,084628c1
0000004428100000,0000000000020010,7,1,08462881,9,08462883
0000004428400000,0000000000000000,5,1,29062880,20,28262086
0000004428400000,0000000001000000,6,0,,8,09262086
0000004428800188,0000000000000000,8,12,09422881,121,09222087
0000004428800188,0000000001000000,9,3,09622082,24,09622086
0000004428900188,0000000000000000,9,2,28422881,27,28422087
0000004428c00188,0000000000000000,9,0,,11,29022096
0000004428c00188,0000000001000000,10,0,,1,09222096
00000044298001cc,0000000000000000,11,0,,6,29220183
0000004448000000,0000000000000000,4,0,,3,09456081
0000004448000000,0000000000060000,6,0,,1,08656081
0000004448000000,0000000001000000,5,0,,1,09656080
0000004448000000,0000000001070000,8,0,,1,08656880
0000004448100000,0000000000000000,5,0,,2,28456081
0000004448100000,0000000000060010,8,0,,1,08456881
0000004448200000,0000000000000000,5,0,,4,29456001
0000004448200000,0000000200000000,6,0,,1,09656001
0000004448200000,0000000201000000,7,0,,2,09656004
0000004448800380,0000000000000000,8,0,,12,09416085
0000004448800380,0000000001000000,9,0,,4,09616084
0000004448900380,0000000000000000,9,0,,2,28416881
0000004448a00380,0000000000000000,9,0,,1,29616800
00000044498003c4,0000000000000000,11,0,,2,29414881
0000004468000000,0000000000000000,5,0,,5,09452881
0000004468000000,0000000000060000,7,0,,1,08652881
0000004468000000,0000000001000000,6,0,,1,09652880
0000004468100000,0000000000000000,6,0,,1,28452881
0000004468200000,0000000000000000,6,0,,1,29652001
0000004468200000,0000000200000000,7,0,,1,09652801
0000004468800388,0000000000000000,10,0,,14,09412883
0000004468800388,0000000001000000,11,0,,4,09612882
00000044698003cc,0000000000000000,13,0,,1,29610881
00000044c8000000,0000000000000000,5,0,,16,09446085
00000044c8000000,0000000000060000,7,0,,1,08646881
00000044c8000000,0000000001000000,6,0,,6,09646082
00000044c8000044,0000000000000000,7,0,,1,29444881
00000044c8100000,0000000000000000,6,0,,2,28446881
00000044c8100000,0000000000060010,9,0,,1,08446885
00000044c8200000,0000000000000000,6,0,,8,29446005
00000044c8800380,0000000000000000,9,1,29406880,40,09406883
00000044c8800380,0000000001000000,10,0,,6,09606086
00000044c8900380,0000000000000000,10,0,,2,28406096
00000044c8a00380,0000000000000000,10,0,,4,29406805
00000044c98003c4,0000000000000000,12,0,,2,29404885
00000044e8000000,0000000000000000,6,1,09442881,26,09442883
00000044e8000000,0000000001000000,7,0,,4,09642882
00000044e8000044,0000000000000000,8,0,,1,29640881
00000044e8200000,0000000000000000,7,0,,1,29642801
00000044e8800388,0000000000000000,11,1,29402881,23,09602883
00000044e98003cc,0000000000000000,14,0,,1,29600981
0000004500000000,0000000000000000,3,0,,2,29066404
0000004500200000,0000000000000000,4,0,,3,21246406
0000004500800100,0000000000000000,5,0,,3,29226402
0000004508400000,0000000000000000,5,0,,4,29066024
0000004508c00180,0000000000000000,8,0,,2,29026016
0000004511800142,0000000000000000,9,0,,4,29224442
0000004519c001e6,0000000000000000,14,0,,1,29224016
0000004648000000,0000000000000000,5,0,,2,09256081
0000004648400000,0000000000000000,6,0,,2,29056880
0000004648800390,0000000000000000,10,0,,2,29016881
0000004648c00390,0000000000000000,11,0,,2,29016884
00000046498003d4,0000000000000000,13,0,,1,29214881
0000004668000000,0000000000000000,6,0,,3,09252881
0000004668800398,0000000000000000,12,0,,1,29212881
00000046c8000000,0000000000000000,6,0,,14,09046885
00000046c8000044,0000000000000000,8,0,,3,29044885
00000046c8400000,0000000000000000,7,0,,8,29046086
00000046c8400000,0000000001000000,8,0,,2,09246086
00000046c8800390,0000000000000000,11,0,,13,09206885
00000046c8c00390,0000000000000000,12,0,,7,29006886
00000046c98003d4,0000000000000000,14,0,,2,29204885
00000046e8000000,0000000000000000,7,0,,7,29042883
00000046e8000044,0000000000000000,9,0,,1,29240981
00000046e8400000,0000000000000000,8,0,,1,29242882
00000046e8800398,0000000000000000,13,0,,2,29202883
0000005408100000,0000000000000000,5,0,,6,28466005
0000005408900180,0000000000000000,8,0,,1,28426016
0000008000000000,0000000000000000,1,11,01062889,493,0106288b
0000008000000000,0000000000080000,2,0,,18,0282608b
0000008000000000,0000000000100000,2,1,00462889,41,0006688d
0000008000000000,0000000000180000,3,0,,29,008260ad
0000008000000000,0000000001000000,2,0,,65,0166208a
0000008000000000,0000000001080000,3,0,,26,0282608e
0000008000000000,0000000001100000,3,0,,1,00c660c8
0000008000000000,0000000001110000,4,0,,10,0066608c
0000008000000000,0000000001180000,4,0,,5,00c260cc
0000008000000000,0000000001190000,5,0,,17,00c260ac
0000008000000000,0000000002000000,2,0,,13,01826849
0000008000000000,0000000003000000,3,0,,3,01c26848
0000008000000000,000000000a000000,3,0,,5,0186600d
0000008000000000,000000001a000000,4,0,,2,03462809
0000008000000000,0000000200000000,2,0,,1,01672009
0000008000000000,0000000302000000,4,0,,4,0126600d
0000008000000000,0000000618000000,5,0,,2,01472809
0000008000000000,000000071a000000,7,0,,4,0106680d
0000008000000000,0000000800000000,2,0,,15,01074889
0000008000000000,0000000800080000,3,0,,1,02a34089
0000008000000000,0000000800180000,4,0,,1,00c34889
0000008000000000,0000000800400000,3,0,,62,0106488d
0000008000000000,0000000800480000,4,0,,3,02a2408b
0000008000000000,0000000800500000,4,0,,1,00a64189
0000008000000000,0000000802400000,4,0,,37,0182484d
0000008000000000,0000000804000000,3,0,,2,01470889
0000008000000000,0000000804400000,4,0,,2,03460889
0000008000000000,0000000b02400000,6,0,,2,0126480d
0000008000000000,0000000f1a400000,9,0,,1,0146480d
0000008000000001,0000000000000000,2,0,,4,2326008a
0000008000400000,0000000000000000,2,0,,77,200660ac
0000008000400000,0000000001000000,3,0,,25,0126288a
0000008000400000,0000000001110000,5,0,,10,008660ac
0000008000400000,0000000001190000,6,0,,2,00a2618a
0000008004000000,0000000000000000,2,21,01026889,465,0102209f
0000008004000000,0000000000080000,3,1,0222208b,42,0202209f
0000008004000000,0000000000180000,4,2,00426889,30,0003688d
0000008004000000,0000000001000000,3,0,,34,0162288a
0000008004000000,0000000001080000,4,0,,21,0222209e
0000008004000000,0000000001190000,6,0,,5,0062688a
0000008004000000,0000000800000000,3,0,,10,0103488d
0000008004000000,0000000800080000,4,0,,2,02234889
0000008004000000,0000000800180000,5,0,,1,00634889
0000008004000000,0000000800400000,4,0,,31,0102409f
0000008004000000,0000000800480000,5,0,,1,02624889
0000008004000000,0000000804000000,4,0,,1,03430889
0000008004000001,0000000000000000,3,0,,4,2322088a
0000008004400000,0000000000000000,3,0,,30,2022608e
0000008004400000,0000000001000000,4,0,,2,0122688c
0000008008000000,0000000000000000,2,19,20c26081,319,01826087
0000008008000000,0000000000000010,3,0,,7,02866083
0000008008000000,0000000000100000,3,0,,1,00a660c1
0000008008000000,0000000000100010,4,0,,1,00c660c1
0000008008000000,0000000000120000,4,0,,6,00a66083
0000008008000000,0000000000120010,5,0,,13,008660a5
0000008008000000,0000000001000000,3,5,01c26084,101,01c26086
0000008008000000,0000000001000010,4,0,,19,02866086
0000008008000000,0000000001100000,4,0,,1,00e660c0
0000008008000000,0000000001100010,5,0,,7,00c660c2
0000008008000000,0000000001130000,6,0,,7,00e66082
0000008008000000,0000000001130010,7,1,00c66180,18,00c66086
0000008008000000,0000000002000000,3,0,,6,01c26045
0000008008000000,0000000003000000,4,0,,23,01c26064
0000008008000000,0000000009000000,4,0,,1,01c76004
0000008008000000,000000000a000000,4,0,,1,01c66005
0000008008000000,000000000b000000,5,0,,4,01c66024
0000008008000004,0000000000000000,3,0,,114,218240a5
0000008008400000,0000000000000000,3,7,208260a4,114,20826096
0000008008400000,0000000001000000,4,0,,57,01826096
0000008008400000,0000000001100000,5,0,,2,00a660c2
0000008008400000,0000000001130000,7,0,,9,00a66086
0000008008400000,0000000001130010,8,0,,4,00866096
0000008008400004,0000000000000000,4,0,,24,208641a4
0000008010000002,0000000000000000,3,0,,8,21c24848
0000008014000022,0000000000000000,5,0,,1,23624808
0000008018000006,0000000000000000,5,0,,29,21e24042
0000008028000000,0000000000000000,3,0,,66,01a62083
0000008028000000,0000000000000010,4,0,,1,02c62881
0000008028000000,0000000000120000,5,0,,1,00e62083
0000008028000000,0000000001000000,4,0,,30,01c72880
0000008028000004,0000000000000000,4,0,,1,23a60081
0000008028000005,0000000000000000,5,0,,1,23a60082
0000008028000008,0000000000000000,4,3,22a22082,111,01c22883
0000008028000008,0000000001000000,5,0,,23,01e22182
000000802800000c,0000000000000000,5,0,,4,23a20083
000000802800000d,0000000000000000,6,0,,5,23a20182
0000008028400000,0000000000000000,4,0,,2,21a62082
0000008028400008,0000000000000000,5,0,,4,21a22086
0000008040000000,0000000000000000,2,0,,101,0145208d
0000008040000000,0000000000080002,4,0,,3,02c12889
0000008040000000,0000000000140000,4,0,,8,0045608d
0000008040000000,00000000001c0002,6,0,,7,00c1608d
0000008040000000,0000000001000000,3,0,,26,0165208a
0000008040000000,0000000001080002,5,0,,9,02c1608a
0000008040000000,0000000001140000,5,0,,1,00c560c8
0000008040000000,0000000001150000,6,0,,5,00c5608c
0000008040000000,00000000011c0002,7,0,,3,00c161c8
0000008040000000,00000000011d0002,8,0,,10,00c1618c
0000008040000000,0000000009000000,4,0,,1,03c56008
0000008040000000,0000000018000000,4,0,,2,03452809
0000008040000000,0000000020000000,3,0,,2,0265200b
0000008040000000,0000000020080002,5,0,,1,02e16009
0000008040000000,0000000021000000,4,0,,1,02e56008
0000008040000000,0000000021080002,6,0,,2,02e1600a
0000008040000000,0000000800800000,4,0,,25,01454889
0000008040000000,0000000800880002,6,0,,2,02e14089
0000008040000000,00000008009c0002,8,0,,4,00c148c9
0000008040000000,0000000804800000,5,0,,2,03450889
0000008040000000,0000000808800000,5,0,,1,03c54009
0000008040000000,0000000820800000,5,0,,1,02e54009
0000008040000000,0000000820880002,7,0,,2,02e1400b
0000008040200000,0000000000000000,3,0,,37,01c16049
0000008040200000,00000000001c0002,7,0,,1,00e16109
0000008040200000,0000000001000000,4,0,,8,01c1604c
0000008040200000,0000000001150000,7,0,,1,00e56108
0000008040200000,00000000011c0002,8,0,,1,00e16148
0000008040200000,0000000008000000,4,0,,1,01c56009
0000008040200000,0000000009000000,5,0,,2,01c5600c
0000008040200000,0000000020140000,6,0,,1,00e56009
0000008040200000,00000000201c0002,8,0,,1,00e16049
0000008040200000,0000000021140000,7,0,,1,00e56048
0000008040200000,0000000200000000,4,0,,5,0165200d
0000008040200000,0000000201000000,5,0,,1,0165600c
0000008040200000,0000000618000000,7,0,,2,0145600d
0000008040200000,0000000800800000,5,0,,12,01c1404b
0000008040200000,0000000800940000,7,0,,1,00e54109
0000008040200000,00000008009c0002,9,0,,1,00e14149
0000008040200000,0000000808800000,6,0,,1,01c54109
0000008040200000,0000000820940000,8,0,,1,00e54049
0000008040200000,0000000a00800000,6,0,,2,0165400d
0000008044000200,0000000000000000,4,1,01412889,107,0141288b
0000008044000200,0000000000080002,6,0,,6,02416889
0000008044000200,00000000001c0002,8,0,,4,0041688d
0000008044000200,0000000001000000,5,0,,11,0161608a
0000008044000200,0000000001080002,7,0,,6,0261209a
0000008044000200,0000000800800000,6,0,,14,0141488d
0000008044000200,0000000800880002,8,0,,1,02614889
0000008044200200,0000000000000000,5,0,,11,2141480d
0000008048000000,0000000000000000,3,8,20c16081,97,01c16083
0000008048000000,0000000000000010,4,0,,1,02c56081
0000008048000000,0000000000140010,6,0,,1,00c560c1
0000008048000000,0000000000160000,6,0,,1,00e56081
0000008048000000,0000000000160010,7,0,,6,00c56083
0000008048000000,0000000001000000,4,3,01c160c0,57,01c16086
0000008048000000,0000000001000010,5,0,,7,02c56082
0000008048000000,0000000001140000,6,0,,1,00e560c0
0000008048000000,0000000001140010,7,0,,6,00c560c2
0000008048000000,0000000001170000,8,0,,6,00e56082
0000008048000000,0000000001170010,9,1,00c56180,11,00c56086
0000008048000000,0000000008000000,4,0,,1,03c56001
0000008048000000,0000000009000000,5,0,,4,03c56002
0000008048000000,0000000021000000,5,0,,1,02e56040
0000008048000004,0000000000000000,4,0,,72,20c141a4
0000008048200000,0000000000000000,4,1,21c16040,74,01c16045
0000008048200000,0000000001000000,5,0,,32,01c16064
0000008048200000,0000000001140000,7,0,,1,00e56140
0000008048200000,0000000008000000,5,0,,4,01c56005
0000008048200000,0000000009000000,6,0,,5,01c56024
0000008048200000,0000000020140000,7,0,,1,00e56041
0000008048200000,0000000021140000,8,0,,2,00e56042
0000008048200004,0000000000000000,5,0,,18,20e54101
0000008050000002,0000000000000000,4,0,,19,22e1400a
0000008050000022,0000000000000000,5,0,,1,23654008
0000008050200002,0000000000000000,5,0,,14,20e14128
0000008054000222,0000000000000000,7,0,,5,2361400a
0000008058000006,0000000000000000,6,1,23e14000,51,22e14006
0000008058200006,0000000000000000,7,0,,28,20e14124
0000008068000000,0000000000000000,4,0,,18,01c52881
0000008068000000,0000000001000000,5,0,,12,01e52082
0000008068000008,0000000000000000,5,0,,33,01e12083
0000008068000008,0000000001000000,6,0,,6,03e12082
000000806800000c,0000000000000000,6,0,,10,21e10881
000000807800000e,0000000000000000,8,0,,3,23e10102
00000080c0000000,0000000000000000,3,7,01442889,390,0144209b
00000080c0000000,0000000000080002,5,0,,11,02c0608b
00000080c0000000,0000000000140000,5,0,,19,0044688d
00000080c0000000,00000000001c0002,7,0,,18,00c060ad
00000080c0000000,0000000001000000,4,0,,73,0164608a
00000080c0000000,0000000001080002,6,0,,16,02c0608e
00000080c0000000,0000000001140000,6,0,,6,00c460cc
00000080c0000000,0000000001150000,7,0,,13,00c460ac
00000080c0000000,00000000011c0002,8,0,,5,00c061d8
00000080c0000000,00000000011d0002,9,0,,8,00c061ac
00000080c0000000,0000000002000000,4,0,,14,0364200b
00000080c0000000,0000000002080003,7,0,,1,02e06109
00000080c0000000,0000000003000000,5,0,,13,03c0604c
00000080c0000000,000000000a000000,5,0,,1,03c46009
00000080c0000000,000000000b000000,6,0,,2,03c4600c
00000080c0000000,000000001a000000,6,0,,2,0344600d
00000080c0000000,0000000022000000,5,0,,2,0264600b
00000080c0000000,0000000022080003,8,0,,2,02e0600b
00000080c0000000,0000000800c00000,6,0,,51,0144488d
00000080c0000000,0000000800c80002,8,0,,4,02e0408b
00000080c0000000,0000000800d40000,8,0,,2,00e440c9
00000080c0000000,0000000800dc0002,10,0,,1,00e041c9
00000080c0000000,0000000802c00000,7,0,,29,02e44109
00000080c0000000,0000000802c80003,10,0,,1,02e04149
00000080c0000000,000000080ac00000,8,0,,1,03c44109
00000080c0000000,0000000822c00000,8,0,,1,02e44049
00000080c0000000,0000000822c80003,11,0,,1,02e0404b
00000080c0000001,0000000000000000,4,0,,4,2364008a
00000080c0200000,0000000000000000,4,0,,108,2064600d
00000080c0200000,0000000002000000,5,0,,15,01c0604b
00000080c0200000,0000000002140000,7,0,,1,00e46109
00000080c0200000,00000000021c0003,10,0,,1,00e06149
00000080c0200000,0000000003000000,6,0,,19,01c0614c
00000080c0200000,000000000a000000,6,0,,5,01c4600b
00000080c0200000,000000000b000000,7,0,,3,01c4610c
00000080c0200000,0000000022140000,8,0,,1,00e46049
00000080c0200000,0000000302000000,7,0,,6,0164600b
00000080c0200000,000000071a000000,10,0,,2,0144201f
00000080c0200000,0000000802c00000,8,0,,32,01c0406d
00000080c0200000,0000000802d40000,10,0,,1,00e44149
00000080c0200000,000000080ac00000,9,0,,5,01c4402d
00000080c0200000,0000000b02c00000,10,0,,1,0164480d
00000080c4000200,0000000000000000,5,9,01406889,238,0140209f
00000080c4000200,0000000000080002,7,0,,11,0240688d
00000080c4000200,00000000001c0002,9,0,,1,0060688d
00000080c4000200,0000000001000000,6,1,03606088,18,0160608e
00000080c4000200,0000000001080002,8,0,,4,0260608e
00000080c4000200,0000000800c00000,8,0,,18,0140409f
00000080c4000201,0000000000000000,6,0,,2,2360088a
00000080c4200200,0000000000000000,6,0,,11,2140201f
00000080c8000000,0000000000000000,4,39,01c060c1,339,01c06087
00000080c8000000,0000000000000010,5,0,,7,02c46083
00000080c8000000,0000000000140000,6,0,,1,00e460c1
00000080c8000000,0000000000140010,7,0,,6,00c460c3
00000080c8000000,0000000000160000,7,0,,6,00e46083
00000080c8000000,0000000000160010,8,0,,10,00c46087
00000080c8000000,0000000001000000,5,14,01c060c4,117,01c06096
00000080c8000000,0000000001000010,6,1,02c46180,19,02c46086
00000080c8000000,0000000001140000,7,0,,6,00e460c2
00000080c8000000,0000000001140010,8,1,00c461c0,12,00c460c6
00000080c8000000,0000000001170000,9,1,00e46180,12,00e46086
00000080c8000000,0000000001170010,10,0,,11,00c46096
00000080c8000000,0000000002000000,5,0,,14,03c06043
00000080c8000000,0000000003000000,6,1,03e06040,38,03c06046
00000080c8000000,000000000a000000,6,0,,5,03c46003
00000080c8000000,000000000b000000,7,0,,7,03c46006
00000080c8000004,0000000000000000,5,3,21e040c0,224,20c041a5
00000080c8200000,0000000000000000,5,2,21c46040,133,20e06016
00000080c8200000,0000000002000000,6,0,,30,01c06065
00000080c8200000,0000000003000000,7,2,01c46044,49,01c06056
00000080c8200000,000000000a000000,7,0,,7,01c46007
00000080c8200000,000000000b000000,8,0,,5,01c46016
00000080c8200004,0000000000000000,6,0,,41,20e44141
00000080d0000002,0000000000000000,5,0,,44,22e0400e
00000080d0000003,0000000000000000,6,0,,3,23e0010a
00000080d0200002,0000000000000000,6,0,,27,20e0412c
00000080d4000222,0000000000000000,8,0,,5,2360400e
00000080d8000006,0000000000000000,7,2,23e04040,91,22e04016
00000080d8200006,0000000000000000,8,1,21e04140,58,20e04164
00000080e8000000,0000000000000000,5,0,,62,01c42883
00000080e8000000,0000000001000000,6,0,,17,01e420c2
00000080e8000000,0000000002000000,6,0,,4,03e42003
00000080e8000000,0000000003000000,7,0,,4,03e42006
00000080e8000004,0000000000000000,6,0,,5,23c40881
00000080e8000005,0000000000000000,7,0,,3,23e40082
00000080e8000008,0000000000000000,6,2,22e02082,81,01e02183
00000080e8000008,0000000001000000,7,1,03e02082,13,03e02086
00000080e8000008,0000000002000000,7,0,,2,03e02103
00000080e800000c,0000000000000000,7,0,,11,21e00883
00000080e800000d,0000000000000000,8,0,,8,23e00086
00000080e8200000,0000000000000000,6,0,,1,21e42003
00000080f800000f,0000000000000000,10,0,,1,23e00902
0000008100000000,0000000000000000,2,0,,14,2226600a
0000008100000000,0000000003000000,4,0,,1,03a26108
0000008100400000,0000000000000000,3,0,,4,20a66108
0000008104000000,0000000000000000,3,0,,6,2222600e
0000008108000000,0000000000000000,3,0,,42,22a26006
0000008108400000,0000000000000000,4,0,,23,20a26026
0000008110000002,0000000000000000,4,0,,9,22a2410a
0000008110400002,0000000000000000,5,0,,2,21a24148
0000008118000006,0000000000000000,6,0,,26,22a24124
0000008118400006,0000000000000000,7,0,,4,21a24124
0000008128000000,0000000000000000,4,0,,1,23a62002
0000008128000008,0000000000000000,5,0,,3,23a22006
0000008240000000,0000000000000000,3,0,,84,0105608d
0000008240000000,0000000000140000,5,0,,9,0025608b
0000008240000000,0000000001000000,4,0,,10,0225608a
0000008240000000,0000000008000000,4,0,,1,03856009
0000008240000000,0000000020000000,4,0,,1,02a56009
0000008240000000,0000000800800000,5,0,,14,0125408d
0000008240000000,0000000800940000,7,0,,1,00a54189
0000008240000000,0000000820800000,6,0,,1,02a54049
0000008240000010,0000000000000000,4,0,,88,0181608d
0000008240000010,0000000000080002,6,0,,6,0281608b
0000008240000010,00000000001c0002,8,0,,4,00a1608b
0000008240000010,0000000001000000,5,0,,5,0381608c
0000008240000010,0000000001080002,7,0,,6,02a1608a
0000008240000010,0000000020080002,7,0,,1,02a1600b
0000008240000010,0000000800800000,6,0,,23,018140ad
0000008240000010,0000000800880002,8,0,,4,02a1408b
0000008240200000,0000000000000000,4,0,,11,01856049
0000008240200000,0000000000140000,6,0,,1,00a56109
0000008240200000,0000000008000000,5,0,,2,0185600d
0000008240200000,0000000200000000,5,0,,1,0125600d
0000008240200000,0000000800800000,6,0,,3,01854149
0000008240200010,0000000000000000,5,0,,18,01a16049
0000008240200010,0000000800800000,7,0,,8,01a1402d
0000008240400000,0000000000000000,4,0,,13,2025608a
0000008240400000,0000000001000000,5,0,,6,0125608c
0000008240400000,0000000001150000,8,0,,3,0085618c
0000008240400010,0000000000000000,5,0,,23,208160ac
0000008240400010,0000000001000000,6,0,,5,0181688c
0000008244000210,0000000000000000,6,2,03212089,113,0101688d
0000008244000210,0000000000080002,8,0,,6,0221208f
0000008244000210,0000000001000000,7,0,,6,0321208e
0000008244000210,0000000001080002,9,0,,1,0221608e
0000008244000210,0000000800800000,8,0,,9,0121488d
0000008244400210,0000000000000000,7,0,,5,2101688c
0000008248000000,0000000000000000,4,1,22856080,29,01856083
0000008248000000,0000000000000010,5,0,,2,02856085
0000008248000000,0000000000140000,6,0,,1,00a560c1
0000008248000000,0000000000160000,7,0,,4,00a56083
0000008248000000,0000000000160010,8,0,,3,008560a5
0000008248000000,0000000001000000,5,0,,14,02a56082
0000008248000000,0000000001000010,6,0,,4,02856086
0000008248000004,0000000000000000,5,0,,18,20a54181
0000008248000010,0000000000000000,5,3,21816081,88,018160a5
0000008248000010,0000000001000000,6,1,03a16080,14,03816086
0000008248000014,0000000000000000,6,1,23a14080,62,21814087
0000008248200000,0000000000000000,5,0,,6,20a56101
0000008248200004,0000000000000000,6,0,,3,21854025
0000008248200010,0000000000000000,6,0,,5,21816025
0000008248200014,0000000000000000,7,0,,6,21814125
0000008248400000,0000000000000000,5,1,21856080,26,20856086
0000008248400000,0000000001000000,6,0,,16,01856086
0000008248400000,0000000001140000,8,0,,1,00a561c0
0000008248400000,0000000001170000,10,0,,6,00a56086
0000008248400000,0000000001170010,11,0,,1,008561a4
0000008248400004,0000000000000000,6,0,,5,208541a4
0000008248400010,0000000000000000,6,1,21a16080,42,20816096
0000008248400010,0000000001000000,7,0,,18,018160e4
0000008248400014,0000000000000000,7,0,,19,20a141a4
0000008268000000,0000000000000000,5,0,,12,01a52083
0000008268000000,0000000001000000,6,0,,2,03a52082
0000008268000004,0000000000000000,6,0,,2,23a50081
0000008268000018,0000000000000000,7,0,,22,03a12083
0000008268000018,0000000001000000,8,0,,4,03a12086
000000826800001c,0000000000000000,8,0,,6,23a10083
0000008268400000,0000000000000000,6,0,,1,21a52082
00000082c0000000,0000000000000000,4,20,0104608d,388,0104209f
00000082c0000000,0000000000140000,6,0,,25,0004609f
00000082c0000000,0000000001000000,5,1,03246088,42,0224209e
00000082c0000000,0000000002000000,5,0,,19,02a46109
00000082c0000000,000000000a000000,6,0,,3,0384600b
00000082c0000000,000000001a000000,7,0,,2,0304201f
00000082c0000000,0000000022000000,6,0,,5,0224201f
00000082c0000000,0000000800c00000,7,0,,51,0104409f
00000082c0000000,0000000800d40000,9,0,,6,008441ad
00000082c0000000,0000000802c00000,8,0,,17,02a4410b
00000082c0000000,0000000804c00000,8,0,,1,0304009f
00000082c0000000,000000080ac00000,9,0,,1,0384410d
00000082c0000000,000000081ac00000,10,0,,1,0304401f
00000082c0000001,0000000000000000,5,0,,3,2324088a
00000082c0000010,0000000000000000,5,8,21806089,321,0180608f
00000082c0000010,0000000000080002,7,0,,15,0280608f
00000082c0000010,00000000001c0002,9,0,,12,008061ad
00000082c0000010,0000000001000000,6,1,03a06088,22,0380608e
00000082c0000010,0000000001080002,8,0,,15,028061ac
00000082c0000010,0000000002000000,6,0,,7,03a0210b
00000082c0000010,0000000002080003,9,0,,1,02a0610b
00000082c0000010,0000000022080003,10,0,,1,02a0600f
00000082c0000010,0000000800c00000,8,0,,48,0180409f
00000082c0000010,0000000800c80002,10,0,,4,02a040cb
00000082c0000010,0000000800dc0002,12,0,,2,008049ad
00000082c0000010,0000000802c00000,9,1,03a04049,19,03a0001f
00000082c0000010,0000000802c80003,12,0,,1,02a0412d
00000082c0000011,0000000000000000,6,0,,5,23a0008e
00000082c0200000,0000000000000000,5,0,,51,20a4410d
00000082c0200000,0000000002000000,6,0,,11,0184604d
00000082c0200000,0000000002140000,8,0,,2,00a4610d
00000082c0200000,000000000a000000,7,0,,5,0184602d
00000082c0200000,0000000302000000,8,0,,3,0124201f
00000082c0200000,000000071a000000,11,0,,1,0104601f
00000082c0200000,0000000802c00000,9,0,,15,0184406d
00000082c0200000,0000000802d40000,11,0,,1,00a4412d
00000082c0200000,000000080ac00000,10,0,,4,0184401f
00000082c0200000,0000000b02c00000,11,0,,1,0124401f
00000082c0200000,0000000f1ac00000,14,0,,1,0104403f
00000082c0200010,0000000000000000,6,0,,54,20a0412d
00000082c0200010,0000000002000000,7,0,,12,0180606d
00000082c0200010,0000000802c00000,10,0,,16,0180405f
00000082c0400000,0000000000000000,5,2,20846188,67,2024608e
00000082c0400000,0000000001000000,6,0,,22,0124608e
00000082c0400000,0000000001140000,8,0,,1,00a461c8
00000082c0400000,0000000001150000,9,0,,10,008461ac
00000082c0400010,0000000000000000,6,2,2180608c,77,2080609e
00000082c0400010,0000000001000000,7,0,,20,018060ec
00000082c0400010,00000000011d0002,12,0,,1,00a061ac
00000082c4000210,0000000000000000,7,22,0320208b,289,010020bf
00000082c4000210,0000000000080002,9,0,,8,0200609f
00000082c4000210,00000000001c0002,11,0,,1,0020609f
00000082c4000210,0000000001000000,8,0,,15,0320209e
00000082c4000210,0000000001080002,10,0,,2,0220609e
00000082c4000210,0000000800c00000,10,0,,20,010040bf
00000082c4000210,0000000800c80002,12,0,,1,0220409f
00000082c4000211,0000000000000000,8,0,,1,2320098a
00000082c4200210,0000000000000000,8,0,,11,2100203f
00000082c4400210,0000000000000000,8,0,,18,2020609e
00000082c8000000,0000000000000000,5,16,01846085,136,01846087
00000082c8000000,0000000000000010,6,0,,9,02846087
00000082c8000000,0000000000140000,7,0,,3,00a460c3
00000082c8000000,0000000000160000,8,0,,11,00a46087
00000082c8000000,0000000000160010,9,0,,6,00846097
00000082c8000000,0000000001000000,6,4,02a46082,45,02a46086
00000082c8000000,0000000001000010,7,0,,8,02846096
00000082c8000004,0000000000000000,6,0,,109,208441a5
00000082c8000010,0000000000000000,6,33,018060a5,262,01806097
00000082c8000010,0000000001000000,7,4,03a06082,36,03806096
00000082c8000014,0000000000000000,7,9,218040a5,180,208049a5
00000082c8200000,0000000000000000,6,0,,26,20a46025
00000082c8200004,0000000000000000,7,0,,13,20a44125
00000082c8200010,0000000000000000,7,0,,20,20a06125
00000082c8200014,0000000000000000,8,0,,18,21804037
00000082c8400000,0000000000000000,6,10,208460a4,69,20846096
00000082c8400000,0000000001000000,7,5,018460a4,41,01846096
00000082c8400000,0000000001140000,9,0,,5,00a460c6
00000082c8400000,0000000001140010,10,0,,1,008461e4
00000082c8400000,0000000001170000,11,0,,9,00a46096
00000082c8400000,0000000001170010,12,0,,5,008460b6
00000082c8400004,0000000000000000,7,0,,29,208441a6
00000082c8400010,0000000000000000,7,12,208061a4,87,208060b6
00000082c8400010,0000000001000000,8,0,,36,018060b6
00000082c8400014,0000000000000000,8,0,,40,20a041a6
00000082e8000000,0000000000000000,6,4,03a42081,67,01a42087
00000082e8000000,0000000001000000,7,1,03a42082,11,02a42096
00000082e8000004,0000000000000000,7,0,,7,21a40183
00000082e8000005,0000000000000000,8,0,,5,23a40086
00000082e8000018,0000000000000000,8,5,03a02083,73,03a02087
00000082e8000018,0000000001000000,9,0,,9,03a02096
00000082e800001c,0000000000000000,9,0,,9,23a00087
00000082e800001d,0000000000000000,10,0,,7,23a00096
00000082e8400000,0000000000000000,7,0,,7,21a42086
00000082e8400018,0000000000000000,9,0,,1,21a02982
0000008340000000,0000000000000000,4,0,,4,22a56008
0000008340000000,0000000001000000,5,0,,2,02a56108
0000008340000010,0000000000000000,5,0,,10,22a1600a
0000008340000010,0000000001000000,6,0,,4,03a1600a
0000008340600000,0000000000000000,6,0,,4,20a56108
0000008340600000,0000000001000000,7,0,,1,01a56108
0000008340600010,0000000000000000,7,0,,5,20a1602c
0000008340600010,0000000001000000,8,0,,1,01a16148
0000008344000210,0000000000000000,7,0,,2,2321600a
0000008348000000,0000000000000000,5,0,,13,22a56002
0000008348000010,0000000000000000,6,0,,27,22a16006
0000008348600000,0000000000000000,7,0,,15,20a56024
0000008348600010,0000000000000000,8,0,,14,20a16026
0000008350000002,0000000000000000,6,0,,4,22a5400a
0000008350000012,0000000000000000,7,0,,14,22a1400e
0000008350600002,0000000000000000,8,0,,1,21a54108
0000008350600012,0000000000000000,9,0,,8,20a1412c
0000008358000006,0000000000000000,8,0,,11,22a54102
0000008358000016,0000000000000000,9,1,23a14100,24,22a14026
0000008358600006,0000000000000000,10,0,,4,20a54124
0000008358600016,0000000000000000,11,0,,6,21814164
0000008368000000,0000000000000000,6,0,,2,23a52002
0000008368000018,0000000000000000,8,0,,1,23a12102
00000083c0000000,0000000000000000,5,0,,29,2224600e
00000083c0000000,0000000003000000,7,0,,5,03a4600a
00000083c0000000,000000000b000000,8,0,,1,0384610c
00000083c0000010,0000000000000000,6,1,23a06008,40,22a0600e
00000083c0000010,0000000003000000,8,0,,11,03a0600e
00000083c0600000,0000000000000000,7,0,,21,20a4602c
00000083c0600000,0000000003000000,9,0,,8,0184614c
00000083c0600000,000000000b000000,10,0,,2,0184612c
00000083c0600010,0000000000000000,8,0,,18,20a0602e
00000083c0600010,0000000003000000,10,0,,2,01a0612c
00000083c4000210,0000000000000000,8,0,,13,2220601e
00000083c8000000,0000000000000000,6,3,22a46002,44,22a46006
00000083c8000010,0000000000000000,7,8,22a06006,63,22a06016
00000083c8600000,0000000000000000,8,1,21a46100,38,20a46016
00000083c8600010,0000000000000000,9,0,,32,20a06036
00000083d0000002,0000000000000000,7,0,,20,22a4400e
00000083d0000012,0000000000000000,8,1,23a04108,34,22a0402e
00000083d0000013,0000000000000000,9,0,,1,23a0090a
00000083d0000022,0000000000000000,8,0,,1,2324400e
00000083d0600002,0000000000000000,9,0,,9,20a4412c
00000083d0600012,0000000000000000,10,0,,14,2180416c
00000083d4000232,0000000000000000,11,0,,3,2320401e
00000083d8000006,0000000000000000,9,1,23a44100,41,22a44016
00000083d8000016,0000000000000000,10,6,23a04042,49,22a04036
00000083d8600006,0000000000000000,11,0,,11,21844164
00000083d8600016,0000000000000000,12,0,,11,21804076
00000083e8000000,0000000000000000,7,0,,7,23a42006
00000083e8000018,0000000000000000,9,0,,4,23a02016
0000008408000000,0000000000000000,3,2,22266080,47,02266083
0000008408000000,0000000001000000,4,1,03266080,25,02266086
0000008408000044,0000000000000000,5,0,,3,23264081
0000008408100000,0000000000000000,4,1,22466080,20,22066083
0000008408100000,0000000000000010,5,0,,4,02466083
000000840c000180,0000000000000000,6,8,03226081,110,03026087
000000840c000180,0000000001000000,7,3,03226082,26,03226086
000000840c0001c4,0000000000000000,8,0,,22,23224083
000000840c100180,0000000000000000,7,0,,30,22026087
0000008428000000,0000000000000000,4,7,03262081,98,02262087
0000008428000000,0000000001000000,5,2,03262082,33,02262096
0000008428000044,0000000000000000,6,0,,4,23260083
0000008428100000,0000000000000000,5,0,,13,22062087
0000008428100000,0000000000000010,6,0,,1,02472881
000000842c000188,0000000000000000,8,14,03222083,163,03222087
000000842c000188,0000000001000000,9,3,03622082,32,03222096
000000842c0001cc,0000000000000000,10,0,,9,23220087
000000842c100188,0000000000000000,9,0,,10,22422087
0000008448000000,0000000000000000,4,0,,12,02656081
0000008448000000,0000000001000000,5,0,,12,02656082
0000008448000000,0000000018000000,6,0,,1,03456005
0000008448000044,0000000000000000,6,0,,2,23654001
0000008448100000,0000000000000000,5,0,,5,22456081
0000008448100000,0000000000000010,6,0,,1,02456881
000000844c000380,0000000000000000,8,2,22616080,33,03416083
000000844c000380,0000000001000000,9,1,03616080,7,03616082
000000844c0003c4,0000000000000000,10,0,,14,22614881
000000844c100380,0000000000000000,9,0,,6,22416083
000000845c0003e6,0000000000000000,13,0,,3,23614006
0000008468000000,0000000000000000,5,0,,31,02652083
0000008468000000,0000000001000000,6,1,03652080,11,02652086
0000008468000044,0000000000000000,7,0,,3,23450881
0000008468100000,0000000000000000,6,0,,1,22452881
000000846c000388,0000000000000000,10,2,03612081,44,03412883
000000846c000388,0000000001000000,11,0,,10,03612086
000000846c0003cc,0000000000000000,12,0,,6,23610083
000000846c100388,0000000000000000,11,0,,1,22412096
00000084c8000000,0000000000000000,5,2,22646080,48,02646083
00000084c8000000,0000000001000000,6,1,03646080,13,02646086
00000084c8000044,0000000000000000,7,0,,11,23444085
00000084c8100000,0000000000000000,6,0,,9,22446083
00000084c8100000,0000000000000010,7,0,,1,02446885
00000084cc000380,0000000000000000,9,9,03606081,96,03406087
00000084cc000380,0000000001000000,10,3,03606082,18,03606086
00000084cc0003c4,0000000000000000,11,1,23604081,32,22604096
00000084cc100380,0000000000000000,10,0,,7,22406087
00000084dc0003e6,0000000000000000,14,0,,3,23604016
00000084e8000000,0000000000000000,6,3,03642081,62,02642087
00000084e8000000,0000000001000000,7,1,03642082,16,02642096
00000084e8000044,0000000000000000,8,0,,3,23640083
00000084e8100000,0000000000000000,7,0,,1,22442096
00000084ec000388,0000000000000000,11,7,03602083,73,03402887
00000084ec000388,0000000001000000,12,0,,9,03602096
00000084ec0003cc,0000000000000000,13,0,,8,23600087
00000084ec0003cd,0000000000000000,14,0,,2,23600096
0000008508000000,0000000000000000,4,0,,4,22266006
000000850c000180,0000000000000000,7,0,,7,22226016
0000008528000000,0000000000000000,5,0,,1,23262006
000000852c000188,0000000000000000,9,0,,1,23222016
0000008648000000,0000000000000000,5,0,,18,02256083
0000008648000000,0000000001000000,6,0,,8,02256086
0000008648000044,0000000000000000,7,0,,4,23254005
000000864c000390,0000000000000000,10,1,23216080,43,03016885
000000864c000390,0000000001000000,11,0,,7,03216086
000000864c0003d4,0000000000000000,12,0,,14,23214083
0000008668000000,0000000000000000,6,2,03252081,28,02252087
0000008668000000,0000000001000000,7,0,,6,02252096
0000008668000044,0000000000000000,8,0,,3,23250083
000000866c000398,0000000000000000,12,2,23212081,30,03212087
000000866c000398,0000000001000000,13,0,,2,03212096
000000866c0003dc,0000000000000000,14,0,,4,23210087
00000086c8000000,0000000000000000,6,6,03246081,77,02246087
00000086c8000000,0000000001000000,7,2,03246082,21,02246096
00000086c8000044,0000000000000000,8,1,23244081,22,22244087
00000086c8100000,0000000000000000,7,0,,7,22046087
00000086cc000390,0000000000000000,11,17,03206083,109,03006097
00000086cc000390,0000000001000000,12,1,03206086,14,03206096
00000086cc0003d4,0000000000000000,13,1,23204083,36,23004097
00000086cc100390,0000000000000000,12,0,,4,22006097
00000086e8000000,0000000000000000,7,8,03242083,73,02242097
00000086e8000000,0000000001000000,8,1,03242086,9,03242096
00000086e8000044,0000000000000000,9,0,,6,23240087
00000086e8000045,0000000000000000,10,0,,1,23240096
00000086ec000398,0000000000000000,13,8,23202083,55,03202097
00000086ec000398,0000000001000000,14,0,,2,03202196
00000086ec0003dc,0000000000000000,15,0,,5,23200097
0000008748000000,0000000000000000,6,0,,4,22256006
000000874c000390,0000000000000000,11,0,,5,22216016
0000008768000000,0000000000000000,7,0,,1,23252006
00000087c8000000,0000000000000000,7,0,,13,22246016
00000087cc000390,0000000000000000,12,1,23206006,8,23206016
00000087d8000066,0000000000000000,12,0,,1,23244016
00000087e8000000,0000000000000000,8,0,,2,23242016
0000009008000000,0000000000000000,3,0,,39,20c26064
0000009108000000,0000000000000000,4,0,,8,22826016
0000009108400000,0000000000000000,5,0,,1,20866124
000000940c100180,0000000000000000,8,0,,1,22426016
000000a040000000,0000000000000000,3,0,,13,22456009
000000a040000000,0000000028000000,5,0,,1,02c56009
000000a040200000,0000000000000000,4,0,,15,20c16029
000000a040200000,0000000001140000,7,0,,1,00c56148
000000a040200000,0000000008140000,7,0,,1,00c56109
000000a040200000,0000000020140000,7,0,,1,00c56049
000000a0c0000000,0000000000000000,4,0,,24,22c0600b
000000a0c0000000,000000000a000000,6,0,,1,02c46109
000000a0c0000000,0000000022000000,6,0,,1,02c46049
000000a0c0200000,0000000000000000,5,0,,24,20c0412d
000000a0c0200000,0000000002140000,8,0,,1,00c46149
000000a0d0000002,0000000000000000,6,0,,1,22c0412c
000000a0d0200002,0000000000000000,7,0,,1,20c4412c
000000a240000000,0000000000000000,4,0,,2,22854109
000000a240000010,0000000000000000,5,0,,2,2281600b
000000a240200000,0000000000000000,5,0,,2,20856029
000000a2c0000000,0000000000000000,5,0,,8,2284410b
000000a2c0000010,0000000000000000,6,0,,7,2280401f
000000a2c0200000,0000000000000000,6,0,,7,2004601f
000000a2c0200000,000000000a140000,10,0,,1,0084612d
000000a2c0200010,0000000000000000,7,0,,3,2080403f
000000a2c4000210,0000000000000000,8,0,,1,2200601f
000000a340000000,0000000000000000,5,0,,2,22856028
000000a340600010,0000000000000000,8,0,,1,2081612c
000000a3c0000000,0000000000000000,6,0,,7,2284600e
000000a3c0000010,0000000000000000,7,0,,2,2280602e
000000a3c0600000,0000000000000000,8,0,,1,2084612c
000000a3c0600010,0000000000000000,9,0,,1,2080612e
000000a3d0000002,0000000000000000,8,0,,1,2284412c
000000b048000000,0000000000000000,5,0,,28,22c16003
000000b048000000,0000000041000034,10,0,,1,02c56140
000000b048200000,0000000000000000,6,0,,23,20c16016
000000b058000006,0000000000000000,8,0,,1,22c14124
000000b05a200006,0000000000000000,10,0,,1,20c54124
000000b0c8000000,0000000000000000,6,0,,46,22c06016
000000b0c8200000,0000000000000000,7,0,,29,20c06036
000000b0ca200004,0000000000000000,9,0,,2,20c04925
000000b0d8000006,0000000000000000,9,0,,1,22c44124
000000b0da200006,0000000000000000,11,0,,1,20c44164
000000b248000000,0000000000000000,6,0,,1,22856101
000000b2c8000000,0000000000000000,7,0,,6,22846007
000000b2c8000004,0000000000000000,8,0,,1,22844125
000000b2c8000010,0000000000000000,8,0,,3,22806027
000000b2c8200000,0000000000000000,8,0,,2,20846125
000000b2c8200010,0000000000000000,9,0,,1,20806925
000000b348000000,0000000000000000,7,0,,5,22856006
000000b348000010,0000000000000000,8,0,,2,22816026
000000b348600000,0000000000000000,9,0,,1,20856124
000000b3c8000000,0000000000000000,8,0,,7,22846016
000000b3c8000010,0000000000000000,9,0,,4,22806036
000000b3c8600000,0000000000000000,10,0,,5,20846036
000000b3c8600010,0000000000000000,11,0,,1,20806136
000000b3d8000006,0000000000000000,11,0,,1,22844126
000000b4c8100000,0000000000000000,8,0,,1,22446016
000000c408000000,0000000000000000,4,2,21066081,58,01066885
000000c408000000,0000000000120000,6,0,,5,00666083
000000c408000000,0000000001000000,5,0,,7,01666082
000000c408000000,0000000001130000,8,0,,6,00666086
000000c408000044,0000000000000000,6,0,,3,21264083
000000c408100000,0000000000000000,5,0,,26,20066087
000000c408100000,0000000000120010,8,0,,3,00466885
000000c408400000,0000000000000000,5,1,21066084,23,20266086
000000c408400000,0000000001000000,6,0,,3,01266086
000000c408400000,0000000001130000,9,0,,1,00266096
000000c408500000,0000000000000000,6,0,,1,20066096
000000c40c800180,0000000000000000,8,6,21226081,100,01226087
000000c40c800180,0000000001000000,9,0,,18,01626086
000000c40c900180,0000000000000000,9,0,,19,20426087
000000c40cc00180,0000000000000000,9,0,,26,20226096
000000c40cc00180,0000000001000000,10,0,,1,01226096
000000c40d8001c4,0000000000000000,11,0,,4,21424885
000000c40dc001c4,0000000000000000,12,0,,1,21224096
000000c428000000,0000000000000000,5,5,01462881,81,01262087
000000c428000000,0000000000120000,7,0,,3,00662883
000000c428000000,0000000001000000,6,0,,8,01662086
000000c428000000,0000000001130000,9,0,,1,00662096
000000c428100000,0000000000000000,6,0,,4,20462096
000000c428400000,0000000000000000,6,0,,8,20262096
000000c428400000,0000000001000000,7,0,,1,01262096
000000c42c800188,0000000000000000,10,2,21422881,71,01432885
000000c42c800188,0000000001000000,11,0,,2,01622096
000000c42c900188,0000000000000000,11,0,,1,20432096
000000c42cc00188,0000000000000000,11,0,,1,21222096
000000c42d8001cc,0000000000000000,13,0,,1,21630881
000000c448000000,0000000000000000,5,1,21456080,19,01456085
000000c448000000,0000000000160000,8,0,,4,00656083
000000c448000000,0000000001000000,6,0,,6,01656082
000000c448000000,0000000001170000,10,0,,1,00656092
000000c448000044,0000000000000000,7,0,,2,21454881
000000c448100000,0000000000000000,6,0,,4,20456085
000000c448100000,0000000000160010,10,0,,1,00456885
000000c448200000,0000000000000000,6,0,,7,21456005
000000c448200000,0000000200000000,7,0,,2,01656005
000000c448200000,0000000618000000,10,0,,1,01456805
000000c44c800380,0000000000000000,10,2,21416081,44,01416883
000000c44c800380,0000000001000000,11,0,,7,01616086
000000c44c900380,0000000000000000,11,0,,3,20416096
000000c44ca00380,0000000000000000,11,0,,8,21416016
000000c44d8003c4,0000000000000000,13,0,,9,21414885
000000c468000000,0000000000000000,6,0,,28,01452883
000000c468000000,0000000000160000,9,0,,1,00652883
000000c468000000,0000000001000000,7,0,,3,01652086
000000c468000044,0000000000000000,8,0,,1,21650881
000000c468200000,0000000000000000,7,0,,2,21652003
000000c46c800388,0000000000000000,12,1,21412881,26,01612883
000000c46d8003cc,0000000000000000,15,0,,2,21610883
000000c4c8000000,0000000000000000,6,6,01446085,56,01446087
000000c4c8000000,0000000000160000,9,0,,4,00646087
000000c4c8000000,0000000001000000,7,0,,11,01646086
000000c4c8000000,0000000001170000,11,0,,1,00646096
000000c4c8000044,0000000000000000,8,0,,7,21444096
000000c4c8100000,0000000000000000,7,0,,5,20446087
000000c4c8200000,0000000000000000,7,0,,18,20646016
000000c4cc800380,0000000000000000,11,4,21406085,81,01406097
000000c4cc800380,0000000001000000,12,0,,4,01606096
000000c4cc900380,0000000000000000,12,0,,5,20406097
000000c4cca00380,0000000000000000,12,0,,3,21606016
000000c4cd8003c4,0000000000000000,14,0,,14,21404097
000000c4e8000000,0000000000000000,7,3,01642881,42,01442097
000000c4e8000000,0000000001000000,8,0,,1,01642096
000000c4e8000044,0000000000000000,9,0,,1,21640981
000000c4ec800388,0000000000000000,13,1,21602881,23,21402097
000000c648000000,0000000000000000,6,0,,15,01056885
000000c648000044,0000000000000000,8,0,,3,21254083
000000c648200000,0000000000000000,7,0,,1,21256005
000000c648400000,0000000000000000,7,0,,9,21056086
000000c648400000,0000000001000000,8,0,,2,01256086
000000c64c800390,0000000000000000,12,0,,11,01216885
000000c64cc00390,0000000000000000,13,0,,8,21016096
000000c64d8003d4,0000000000000000,15,0,,2,21214885
000000c668000000,0000000000000000,7,0,,7,01252883
000000c668400000,0000000000000000,8,0,,2,21252086
000000c66c800398,0000000000000000,14,0,,4,21212087
000000c6c8000000,0000000000000000,7,4,01246085,45,01046097
000000c6c8000000,0000000000160000,10,0,,1,00246097
000000c6c8000044,0000000000000000,9,0,,9,21044097
000000c6c8100000,0000000000000000,8,0,,1,20046097
000000c6c8200000,0000000000000000,8,0,,5,21046017
000000c6c8400000,0000000000000000,8,2,21246082,28,20246096
000000c6c8400000,0000000001000000,9,0,,3,01246096
000000c6c8400044,0000000000000000,10,0,,1,21244096
000000c6c8500000,0000000000000000,9,0,,1,200460b6
000000c6cc800390,0000000000000000,13,2,21206083,33,01206097
000000c6ccc00390,0000000000000000,14,1,21206086,18,202060b6
000000c6cd8003d4,0000000000000000,16,0,,5,21204097
000000c6e8000000,0000000000000000,8,1,21242083,20,01242097
000000c6e8400000,0000000000000000,9,0,,4,21242096
000000c6ec800398,0000000000000000,15,0,,5,21202097
000000c7c8600000,0000000000000000,10,0,,1,21246016
0000010000000000,0000000000000000,1,127,01a88282,2360,00e98282
0000010000000000,0000000000000080,2,0,,16,00ab8282
0000010000000000,0000000000200000,2,0,,7,08cb0a80
0000010000000000,0000000000600000,3,0,,11,09ca0282
0000010000000000,0000000000a00000,3,0,,8,09c90a80
0000010000000000,0000000000e00000,4,0,,9,09e80282
0000010000000000,0000000001000000,2,0,,136,01e081a4
0000010000000000,0000000004000000,2,0,,72,018c81a4
0000010000000000,0000000005000000,3,0,,9,03c081a4
0000010000000000,0000000008200000,3,0,,1,09cf0200
0000010000000000,0000000800200000,3,0,,17,00eb0282
0000010000000000,0000000800600000,4,0,,10,01ea0282
0000010000000000,0000000800a00000,4,3,01e90202,65,00e90292
0000010000000000,0000000800e00000,5,2,03e80202,43,01e80286
0000010000000000,0000000808a00000,5,0,,1,03cd0202
0000010000000001,0000000000000000,2,0,,61,11c402c4
0000010000000001,0000000000600000,4,0,,4,09c20ac0
0000010000000001,0000000800600000,5,0,,2,03e20282
0000010000000800,0000000000000000,2,0,,4,02e18340
0000010000000800,0000000000000080,3,0,,1,12a98240
0000010000000800,0000000020000000,3,0,,1,02e98240
0000010000000800,0000000020000080,4,0,,1,02a98242
0000010000000c00,0000000000000000,3,0,,17,02e18302
0000010000000c00,0000000000000080,4,0,,11,02a98302
0000010000000c00,0000000020000000,4,0,,9,02e38202
0000010000000c00,0000000020000080,5,0,,6,02a98206
0000010000001800,0000000000000000,3,0,,3,10ed0240
0000010000001800,0000000020200000,5,0,,1,08eb0240
0000010000001800,0000000820a00000,7,0,,1,02e90242
0000010000001c00,0000000000000000,4,0,,6,10ed0202
0000010000001c00,0000000020200000,6,0,,1,0aeb0200
0000010000001c00,0000000020a00000,7,0,,1,0ae90202
0000010000001c00,0000000800a00000,7,0,,1,02e90302
0000010000001c00,0000000820200000,7,0,,1,02eb0202
0000010000001c00,0000000820a00000,8,0,,4,02e90206
0000010000400000,0000000000000000,2,0,,54,118481a4
0000010010000000,0000000000200000,3,0,,3,09e30202
0000010010000000,0000000000a00000,4,0,,1,0be10240
0000010010000000,0000000800200000,4,0,,2,03e30202
0000010010000000,0000000800a00000,5,0,,11,03e10206
0000010010000001,0000000002600000,6,0,,2,0be20202
0000010080000001,0000000800e00000,7,0,,7,03e00286
0000020000000000,0000000000000000,1,10,11644088,312,096b0088
0000020000000000,0000000000000002,2,0,,2,1a684088
0000020000000000,0000000000010000,2,0,,27,086b0888
0000020000000000,0000000000040000,2,0,,1,18c440c8
0000020000000000,0000000000040002,3,0,,4,18c140c8
0000020000000000,0000000000050000,3,0,,4,186c4088
0000020000000000,0000000000050002,4,0,,1,18e94008
0000020000000000,0000000000080000,2,0,,4,126a008a
0000020000000000,0000000000080002,3,0,,25,1268088a
0000020000000000,0000000000100000,2,0,,1,10c640c8
0000020000000000,0000000000110000,3,0,,4,106e0888
0000020000000000,0000000000140000,3,0,,13,106c40c8
0000020000000000,0000000000150000,4,0,,36,106c408a
0000020000000000,0000000000190000,4,0,,1,10ea4088
0000020000000000,00000000001c0002,5,0,,7,10c841c8
0000020000000000,00000000001d0002,6,0,,11,10694888
0000020000000000,0000000000400000,2,0,,30,086a08c8
0000020000000000,0000000000410000,3,0,,16,086a088a
0000020000000000,0000000000800000,2,0,,3,09690888
0000020000000000,0000000000c00000,3,0,,15,09684888
0000020000000000,0000000000c40002,5,0,,1,08e840c8
0000020000000000,0000000001000000,2,0,,7,08c340c8
0000020000000000,0000000001010000,3,0,,6,08634888
0000020000000000,0000000001400000,3,0,,27,08c240cc
0000020000000000,0000000001410000,4,0,,10,0862488c
0000020000000000,0000000004000000,2,0,,1,09cb0088
0000020000000000,0000000004010000,3,0,,1,08cb0888
0000020000000000,0000000004400000,3,0,,5,09ca00c8
0000020000000000,0000000005000000,3,0,,1,09c30888
0000020000000000,0000000008400000,3,0,,1,09ce4008
0000020000000000,0000000020000000,2,0,,2,08cb4048
0000020000000000,0000000020010000,3,0,,1,08eb4008
0000020000000000,0000000020800002,4,0,,1,0ae94008
0000020000000000,0000000020840002,5,0,,1,08e94048
0000020000000000,0000000800000000,2,0,,4,016b0888
0000020000000000,0000000800080000,3,0,,1,026b0888
0000020000000000,0000000800400000,3,0,,21,016a088a
0000020000000000,0000000800480000,4,0,,1,02ea4088
0000020000000000,0000000800800000,3,0,,43,0169088a
0000020000000000,0000000800880002,5,0,,4,02694888
0000020000000000,0000000800950000,6,0,,1,00ed4108
0000020000000000,00000008009c0002,7,0,,2,00e940c8
0000020000000000,00000008009d0002,8,0,,2,00e94188
0000020000000000,0000000800c00000,4,2,01e84048,110,0168408e
0000020000000000,0000000800c80002,6,0,,7,02e8408a
0000020000000000,0000000800d40000,6,0,,1,00ec40c8
0000020000000000,0000000800d50000,7,0,,1,00ec4188
0000020000000000,0000000800dc0002,8,0,,1,00e841c8
0000020000000000,0000000800dd0002,9,0,,1,00e840ac
0000020000000000,0000000808800000,4,0,,2,01cd400c
0000020000000000,0000000808c00000,5,0,,5,01cc402c
0000020000000000,0000000820080000,4,0,,1,02eb4008
0000020000000000,0000000820800000,4,0,,1,02ed4008
0000020000000000,0000000820880002,6,0,,5,02e9400a
0000020000000000,0000000820940000,6,0,,1,00ed4048
0000020000000000,00000008209d0002,9,0,,1,00e9402c
0000020000000001,0000000000000000,2,1,13640088,73,1164008e
0000020000000001,0000000000010000,3,0,,4,1866008a
0000020000000001,0000000001400000,4,0,,10,0962088a
0000020000000001,0000000005400000,5,0,,3,09c208c8
0000020000000002,0000000000000000,2,0,,63,11c2404c
0000020000000002,0000000000000002,3,0,,2,1ac14048
0000020000000002,0000000000010000,3,0,,2,18c74008
0000020000000002,0000000000080002,4,0,,5,12e1400a
0000020000000002,0000000000100000,3,0,,1,10c74048
0000020000000002,0000000000110000,4,0,,1,10c74108
0000020000000003,0000000000000000,3,0,,23,13c40848
0000020000000022,0000000000000000,3,1,13650008,12,11674008
0000020000000200,0000000000000000,2,0,,3,19604888
0000020000000201,0000000000000000,3,0,,1,1b600888
0000020000008000,0000000000000000,2,0,,7,126d000a
0000020000008000,0000000000010000,3,0,,1,186f0008
0000020000008000,0000000000050000,4,0,,1,186d4008
0000020000008000,0000000000140000,4,0,,1,106d4048
0000020000008000,0000000000150000,5,0,,2,106d400c
0000020000008022,0000000000000000,4,0,,6,1265400a
0000020000008022,0000000000010000,5,0,,2,18670808
0000020000200002,0000000000000000,3,4,11c4400c,75,11c0406c
0000020000200002,0000000000040000,4,0,,1,18c54048
0000020000200002,0000000000040002,5,0,,2,18c14148
0000020000200002,0000000000050000,5,0,,2,18c54108
0000020000200002,0000000000140000,5,0,,7,10c5404a
0000020000200002,0000000000150000,6,0,,6,10c5410c
0000020000200002,00000000001c0002,7,0,,1,10e14148
0000020000200003,0000000000000000,4,0,,7,11e4004c
0000020000200022,0000000000000000,4,0,,9,1165400a
0000020004000000,0000000000000000,2,0,,5,11624888
0000020004000001,0000000000000000,3,0,,2,1362008a
0000020004000200,0000000000000000,3,0,,15,1160488c
0000020004000201,0000000000000000,4,0,,2,1360088a
0000020010000002,0000000001000000,4,0,,3,08c34148
0000020010000002,0000000001010000,5,0,,1,08e34108
0000020010000002,0000000003400000,6,1,09c24048,12,09c2404a
0000020010000002,000000000b400000,7,0,,1,09c64808
0000020010000002,0000000021000000,5,0,,7,08c3404c
0000020010000003,0000000003400000,7,0,,3,0be2000a
0000020040000000,0000000001800000,4,0,,1,09c140c8
0000020050000002,0000000001800000,6,0,,1,0bc14048
0000020050000002,0000000021800002,8,0,,1,0ae14048
0000020050200002,0000000001800000,7,0,,4,09c14148
0000020050200002,0000000001840002,9,0,,1,08e14148
00000200c0000000,0000000001c00000,6,0,,6,09c040cc
00000200c0000000,0000000001c00002,7,0,,1,0ae040c8
00000200d0000002,0000000003c00000,9,0,,5,0bc04148
00000200d0200002,0000000003c00000,10,0,,11,09c0484c
0000028000000000,0000000801400000,5,0,,2,01c248c8
0000028004000000,0000000801000000,5,0,,1,03630888
0000028004000000,0000000801400000,6,0,,1,03624888
0000028010000002,0000000801000000,6,0,,1,01e34048
0000028010000002,0000000803400000,8,0,,3,01e24148
0000028040000000,0000000801800000,6,0,,5,01c148c8
0000028040000000,0000000801880002,8,0,,2,02e140c8
0000028044000200,0000000801800000,8,0,,1,03614888
0000028050000002,0000000801800000,8,0,,8,02e54108
0000028050000002,0000000801880002,10,0,,1,02e14148
0000028050000002,0000000821800000,9,0,,1,02e54048
0000028050200002,0000000801800000,9,0,,10,01c54148
0000028050200002,0000000801940000,11,0,,1,00e54148
0000028050200002,00000008019d0002,14,0,,1,00e1412c
00000280c0000000,0000000801c00000,8,0,,21,01c041ac
00000280d0000002,0000000803c00000,11,0,,16,03c44148
00000280d0200002,0000000803c00000,12,0,,17,01c0416c
00000280d0200002,000000080bc00000,13,0,,1,01c4412c
0000040000000000,0000000000000000,1,16,114c0085,330,11480893
0000040000000000,0000000000200000,2,0,,3,094b4081
0000040000000000,0000000000600000,3,0,,17,094a4085
0000040000000000,0000000000a00000,3,0,,7,09494881
0000040000000000,0000000000e00000,4,0,,40,09484885
0000040000000000,0000000004200000,3,0,,2,094b0881
0000040000000000,0000000004600000,4,0,,5,094a0883
0000040000000000,0000000004a00000,4,0,,3,094d0881
0000040000000000,0000000800200000,3,0,,10,014b4881
0000040000000000,0000000800600000,4,0,,44,014a4885
0000040000000000,0000000800a00000,4,1,03690081,77,01494883
0000040000000000,0000000800e00000,5,5,01e84041,208,01484097
0000040000000000,0000000804a00000,5,0,,4,01c90883
0000040000000000,0000000804e00000,6,0,,4,01c808a5
0000040000000000,0000000808a00000,5,0,,3,01cd4005
0000040000000000,0000000808e00000,6,0,,8,01cc4007
0000040000000004,0000000000000000,2,2,11c040c1,137,11c040a5
000004000000000c,0000000000000000,3,0,,15,11e00981
0000040000000044,0000000000000000,3,6,11444085,133,11444087
00000400000001c4,0000000000000000,5,0,,1,1b424081
00000400000001cc,0000000000000000,6,0,,2,1b420881
00000400000003c4,0000000000000000,6,0,,2,1b404881
00000400000003cc,0000000000000000,7,0,,1,1b600881
0000040000200004,0000000000000000,3,3,11c44041,79,11c04065
0000040000200044,0000000000000000,4,0,,12,11454805
00000400018001c4,0000000000000000,7,0,,4,19424085
00000400018001cc,0000000000000000,8,0,,3,19430881
00000400018003c4,0000000000000000,8,0,,3,19404885
00000400018003cc,0000000000000000,9,0,,1,19610881
00000400040001c4,0000000000000000,6,0,,1,13624081
00000400040001cc,0000000000000000,7,0,,3,13620083
00000400040003c4,0000000000000000,7,0,,10,13404883
00000400040003cc,0000000000000000,8,0,,8,13600183
00000400058001c4,0000000000000000,8,0,,1,11624881
00000400058003c4,0000000000000000,9,0,,7,11414885
0000040008000004,0000000000200000,4,0,,2,09c34041
0000040008000004,0000000000600000,5,0,,4,09c240c1
0000040008000004,0000000002600000,6,0,,9,09c24043
0000040048000004,0000000000a00000,6,0,,3,09c140c1
0000040048200004,0000000000a00000,7,0,,6,09c14045
00000400c8000004,0000000000e00000,8,0,,11,09c040c3
00000400c8000004,0000000002e00000,9,0,,7,0bc04043
00000400c8200004,0000000002e00000,10,0,,16,09c04065
00000404080001c4,0000000000600000,9,0,,2,0b424881
0000040428000044,0000000000600000,8,0,,1,0b660081
00000404280001cc,0000000000200000,10,0,,1,0b630081
00000404280001cc,0000000000600000,11,0,,2,0b620083
00000404680003cc,0000000000a00000,13,0,,1,0b610881
00000404c80003c4,0000000000e00000,13,0,,1,0b604881
0000044408000044,0000000000600000,8,0,,2,09464881
00000444098001c4,0000000000200000,11,0,,2,09434881
00000444098001c4,0000000000600000,12,0,,2,09424885
0000044428000044,0000000000600000,9,0,,1,09660881
0000044428000044,0000000004200000,9,0,,1,09470881
00000444298001cc,0000000000200000,13,0,,1,09630881
00000444498003c4,0000000000a00000,14,0,,1,09614881
0000048008000004,0000000800200000,6,0,,3,01c340c1
0000048008000004,0000000800600000,7,0,,8,01c240c5
0000048008000004,0000000802600000,8,0,,3,01e24141
000004802800000c,0000000800600000,9,0,,1,03e20083
0000048048000004,0000000800a00000,8,0,,34,01c140a5
0000048048200004,0000000800a00000,9,0,,19,01c14065
000004806800000c,0000000800a00000,10,0,,3,03e10083
00000480c8000004,0000000800e00000,10,0,,73,01c040a7
00000480c8000004,0000000802e00000,11,0,,30,03c04065
00000480c8200004,0000000802e00000,12,0,,32,01c04165
00000480c8200004,000000080ae00000,13,0,,2,01c44125
00000480e8000004,0000000800e00000,11,0,,3,03e40083
00000480e800000c,0000000800e00000,12,0,,4,03e00183
000004840c0001c4,0000000800200000,11,0,,1,03634081
000004840c0001c4,0000000800600000,12,0,,1,03624881
000004842c0001cc,0000000800200000,13,0,,1,03630881
0000048448000044,0000000800a00000,10,0,,2,03654005
000004844c0003c4,0000000800a00000,14,0,,6,03414885
0000048468000044,0000000800a00000,11,0,,2,03650083
000004846c0003cc,0000000800a00000,16,0,,2,03610883
00000484c8000044,0000000800e00000,12,0,,5,03444885
00000484cc0003c4,0000000800e00000,16,0,,7,03604087
00000484e8000044,0000000800e00000,13,0,,1,03640883
000004c40d8001c4,0000000800200000,14,0,,1,01634881
000004c448000044,0000000800a00000,11,0,,2,01454885
000004c44d8003c4,0000000800a00000,17,0,,3,01614885
000004c4c8000044,0000000800e00000,13,0,,1,01644885
000004c4cd8003c4,0000000800e00000,19,0,,1,01604895
0000060000000000,0000000000000000,2,20,11c84044,232,11c84046
0000060000000000,0000000000200000,3,0,,3,09cb4040
0000060000000000,0000000000600000,4,1,09ca4040,23,09ca4042
0000060000000000,0000000000a00000,4,0,,17,09c94042
0000060000000000,0000000000e00000,5,2,09e84040,68,09c84046
0000060000000000,0000000008600000,5,0,,1,09ce4004
0000060000000000,0000000008e00000,6,0,,1,09cc4804
0000060000000000,0000000800200000,4,0,,12,01cb4044
0000060000000000,0000000800600000,5,0,,56,01ca4064
0000060000000000,0000000800a00000,5,3,01e94040,82,01c94046
0000060000000000,0000000800e00000,6,13,01c840c4,205,01c84056
0000060000000000,0000000808a00000,6,0,,5,01cd4024
0000060000000000,0000000808e00000,7,0,,8,01cc4016
0000060000000004,0000000000000000,3,9,11c44084,174,11c040c6
0000060000000006,0000000000000000,4,9,11c64040,156,11c34044
0000060000200006,0000000000000000,5,14,11c44042,146,11c04154
0000060008000004,0000000001200000,6,0,,3,09c340c0
0000060008000004,0000000001600000,7,1,09c240c0,13,09c240c2
0000060018000006,0000000001200000,8,0,,10,09c34042
0000060018000006,0000000003600000,10,1,09e24040,31,09c24054
0000060048000004,0000000001a00000,8,0,,6,09c140c4
0000060058000006,0000000001a00000,10,0,,6,0bc14044
0000060058200006,0000000001a00000,11,0,,12,09c14064
00000600c8000004,0000000001e00000,10,0,,26,09c040e4
00000600d8000006,0000000003e00000,13,1,0be04040,15,0bc04064
00000600d8200006,0000000003e00000,14,1,09e04140,28,09c04164
0000068008000004,0000000801200000,8,0,,5,01c340c4
0000068008000004,0000000801600000,9,0,,17,01c240e4
0000068018000006,0000000801200000,10,0,,6,01e34044
0000068018000006,0000000803600000,12,0,,11,01e24124
0000068048000004,0000000801a00000,10,0,,33,01c140e4
0000068058000006,0000000801a00000,12,1,03e14040,22,03c14844
0000068058200006,0000000801a00000,13,0,,20,01c14164
0000068058200006,0000000809a00000,14,0,,1,01c54124
00000680c8000004,0000000801e00000,12,1,03e040c0,79,01c040d6
00000680d8000006,0000000803e00000,15,1,03e04140,43,03c04164
00000680d8000006,000000080be00000,16,0,,1,03c44124
00000680d8200006,0000000803e00000,16,0,,25,01c04964
0000070000000000,0000000000000000,3,5,11ec0040,189,11cc0086
0000070000000000,0000000000200000,4,0,,2,09eb0080
0000070000000000,0000000000600000,5,0,,7,09ea0082
0000070000000000,0000000000a00000,5,0,,2,0be90040
0000070000000000,0000000000e00000,6,0,,9,09e808c0
0000070000000000,0000000800200000,5,0,,2,03eb0002
0000070000000000,0000000800600000,6,0,,9,01ea0882
0000070000000000,0000000800a00000,6,0,,21,01e90124
0000070000000000,0000000800e00000,7,1,03e80082,32,01e80096
0000070000000004,0000000000000000,4,0,,8,11e50082
0000070000000005,0000000000000000,5,0,,29,11e400c2
0000070000000006,0000000000000000,5,0,,6,13e50002
0000070000000007,0000000000000000,6,0,,22,13e40006
000007000000000c,0000000000000000,5,0,,4,13e10082
000007000000000d,0000000000000000,6,0,,10,13e00086
000007000000000f,0000000000000000,7,0,,1,1be20002
0000070000200006,0000000000000000,6,0,,2,11e50140
0000070000200007,0000000000000000,7,0,,3,11e40940
000007002800000d,0000000001600000,11,0,,1,0be20082
0000080000000000,0000000000000000,1,945,0049b208,11647,000a321e
0000080000000000,0000000000000002,2,0,,2,1ac0a108
0000080000000000,0000000000000020,2,0,,36,00c93016
0000080000000000,0000000000000400,2,1,1288b002,19,0288b016
0000080000000000,0000000000000420,3,0,,4,0a8a3006
0000080000000000,0000000000001000,2,2,1248b002,103,0049b016
0000080000000000,0000000000001020,3,0,,52,004b3016
0000080000000000,0000000000001400,3,0,,9,020ab016
0000080000000000,0000000000001420,4,0,,3,0a0a3016
0000080000000000,0000000000002000,2,5,180a9208,164,02419b08
0000080000000000,0000000000008000,2,7,1148a202,110,1049a20a
0000080000000000,000000000000a000,3,0,,2,184a8a08
0000080000000000,000000000000c000,3,4,1141a208,63,1043aa08
0000080000000000,0000000000010000,2,0,,5,18c2a108
0000080000000000,0000000000080000,2,0,,2,12c28908
0000080000000000,0000000000080002,3,0,,19,02c8a10a
0000080000000000,0000000000400000,2,0,,1,09ca0248
0000080000000000,0000000001000000,2,0,,12,03c0a124
0000080000000000,0000000002000000,2,0,,4,09c22244
0000080000000000,0000000003000000,3,0,,1,09c22848
0000080000000000,0000000004000000,2,18,0388900a,471,0149980a
0000080000000000,0000000004002000,3,0,,15,084a980a
0000080000000000,0000000005000000,3,0,,7,03c0812c
0000080000000000,0000000020000000,2,1,02c9a200,99,00c9a206
0000080000000000,0000000020002000,3,0,,1,0a4a8a08
0000080000000000,0000000020010000,3,0,,1,08caa808
0000080000000000,0000000021000000,3,0,,1,0ac2a808
0000080000000000,0000000024000000,3,0,,1,0aca8808
0000080000000000,0000000060000000,3,0,,2,02c92242
0000080000000000,0000000400008000,3,6,0149a202,55,0049a324
0000080000000000,0000000420008000,4,0,,5,004baa08
0000080000000000,000000042000a000,5,0,,1,084b8a08
0000080000000000,0000000500008000,4,3,090aa208,57,0108a32c
0000080000000000,0000000520008000,5,0,,4,084aa20a
0000080000000000,000000060000c000,5,1,0943a200,19,0141a216
0000080000000000,000000062000c000,6,0,,2,0843a20c
0000080000000000,000000070000c000,6,0,,13,0842ab08
0000080000000000,000000072000c000,7,0,,3,0842aa0c
0000080000000001,0000000000000000,2,0,,1,19c20248
0000080000000020,0000000000000000,2,0,,26,0340832c
0000080000000020,0000000000002000,3,0,,3,1a428308
0000080000000020,000000000000c000,4,0,,4,11438a08
0000080000000020,000000000000e000,5,0,,1,18438a08
0000080000000020,000000060000c000,6,0,,1,09438a08
0000080000000020,000000070000c000,7,0,,1,09428a0c
0000080000060000,0000000000002000,4,0,,12,0a4b9200
0000080000060000,0000000000003000,5,0,,2,1a4a9800
00000800000e0000,0000000000002000,5,0,,1,1a4b1200
0000080000100000,0000000000001020,4,0,,9,12423016
0000080002000000,0000000000000000,2,0,,2,08cb1240
0000080010000000,0000000000000000,2,0,,1,09c30248
0000080010000001,0000000002400000,5,0,,1,09c20a48
0000080100000000,0000000002000000,3,0,,1,09822a48
0000080800000000,0000000000000000,2,0,,23,0280932c
0000080800000000,0000000000002000,3,0,,6,02419328
0000080800000000,0000000004000000,3,0,,7,02c0912c
0000080800000000,0000000004002000,4,0,,1,0a439108
0000081000000000,0000000000000000,2,4,08433204,68,00433216
0000081000000000,0000000060000000,4,0,,2,08c32a40
0000081000100000,0000000000001020,5,0,,2,0a423016
0000082000000000,0000000000000000,2,0,,17,0041321e
0000083000000000,0000000000000000,3,0,,15,00413236
0000090000000000,0000000000000000,2,6,03c98200,234,01898324
0000090000000000,0000000000200000,3,0,,1,09cb0240
0000090000000000,0000000000600000,4,0,,1,0bca0240
0000090000000000,0000000004000000,3,0,,13,01c88924
0000090000000000,0000000800a00000,5,0,,1,03c90242
0000090000000c00,0000000000000000,4,0,,3,12c98202
00000a0000000000,0000000004400000,4,0,,1,09ca0848
0000100000000000,0000000000000000,1,148,10c12608,2442,1081260b
0000100000000000,0000000000000001,2,23,10806609,448,1080462d
0000100000000000,0000000000000003,3,0,,3,1a88400b
0000100000000000,0000000000000300,3,1,12896200,48,10896203
0000100000000000,0000000000010000,2,0,,23,1089450c
0000100000000000,0000000000040002,3,0,,1,18c94009
0000100000000000,0000000000040003,4,0,,1,18c86009
0000100000000000,0000000000050002,4,0,,1,18c96008
0000100000000000,0000000000080001,3,0,,3,128a400b
0000100000000000,0000000000080002,3,0,,13,1289400b
0000100000000000,0000000000080003,4,0,,20,1288400f
0000100000000000,0000000000180000,3,0,,2,10c36009
0000100000000000,0000000000180001,4,0,,2,10c26809
0000100000000000,00000000001c0002,5,0,,6,10896109
0000100000000000,00000000001c0003,6,0,,16,1088412d
0000100000000000,00000000001d0002,6,0,,4,10c9600a
0000100000000000,0000000008000000,2,283,00c92608,3149,00836609
0000100000000000,0000000008000001,3,7,00886609,189,0088441f
0000100000000000,0000000008010000,3,0,,25,0089452c
0000100000000000,0000000008080002,4,0,,1,02c96108
0000100000000000,0000000008080003,5,0,,1,02c86109
0000100000000000,00000000081c0002,6,0,,1,00c96109
0000100000000000,00000000081c0003,7,0,,1,0088612d
0000100000000000,0000000008200000,3,0,,3,09c34201
0000100000000000,0000000008400000,3,2,098a0209,18,098a020b
0000100000000000,0000000008400001,4,0,,9,088a0b09
0000100000000000,0000000008600000,4,0,,10,09ca0a01
0000100000000000,0000000008800000,3,0,,7,09890a09
0000100000000000,0000000008a00000,4,1,09c94200,14,09c14205
0000100000000000,0000000008c00000,4,0,,17,0988402d
0000100000000000,0000000008e00000,5,0,,14,09c84203
0000100000000000,0000000009000000,3,0,,1,09c36008
0000100000000000,0000000009010000,4,0,,1,08c36108
0000100000000000,000000000a000000,3,43,0180460d,536,0180061f
0000100000000000,000000000a000001,4,5,08824609,100,0082660d
0000100000000000,000000000a400000,4,4,09824209,45,09820a0b
0000100000000000,000000000a400001,5,0,,10,0882412d
0000100000000000,000000000a600000,5,0,,3,09c24205
0000100000000000,000000000b000000,4,0,,5,09c2600c
0000100000000000,000000000c000000,3,0,,6,098b0809
0000100000000000,000000000c400000,4,0,,14,098a001b
0000100000000000,000000000e400000,5,0,,2,0b82080b
0000100000000000,0000000028000000,3,2,00c92209,80,0089620b
0000100000000000,0000000028000001,4,2,00c86209,49,0088620f
0000100000000000,0000000028010000,4,0,,1,08cb6008
0000100000000000,0000000028080002,5,0,,4,0289600b
0000100000000000,0000000028080003,6,0,,2,0288600f
0000100000000000,0000000028180000,5,0,,1,00cb6009
0000100000000000,0000000028180001,6,0,,1,00ca6809
0000100000000000,00000000281c0002,7,0,,3,00c9600b
0000100000000000,00000000281c0003,8,0,,1,00c8680d
0000100000000000,0000000028400001,5,2,088a4209,34,088a021b
0000100000000000,0000000028800000,4,0,,1,08c94209
0000100000000000,0000000029000000,4,0,,1,0ac36008
0000100000000000,0000000029010000,5,0,,3,08c3600c
0000100000000000,000000002a000001,5,1,08826209,29,00c2620d
0000100000000000,000000002a400001,6,0,,20,0882422d
0000100000000000,000000002c000000,4,0,,2,08cb0809
0000100000000000,000000002c400001,6,0,,1,0aca0809
0000100000000000,0000000048000000,3,4,00c96300,55,00c92603
0000100000000000,0000000048000300,5,1,02896600,57,00896321
0000100000000000,0000000068000000,4,9,00c96201,46,00c92207
0000100000000000,0000000068000300,6,0,,20,00896207
0000100000000000,0000000068200000,5,0,,1,0acb4200
0000100000000000,0000000068a00000,6,0,,1,0ac94201
0000100000000000,0000000808000000,3,0,,20,00c34309
0000100000000000,0000000808200000,4,1,01cb4200,17,01c34203
0000100000000000,0000000808400000,4,0,,32,018a021b
0000100000000000,0000000808600000,5,0,,15,01ca4203
0000100000000000,0000000808800000,4,4,01894209,61,00894329
0000100000000000,0000000808a00000,5,7,01c94201,52,01c14207
0000100000000000,0000000808c00000,5,3,0188420d,86,0188021f
0000100000000000,0000000808c00001,6,0,,3,0088432d
0000100000000000,0000000808dc0003,10,0,,2,0088492d
0000100000000000,0000000808e00000,6,2,01c84205,42,01c84207
0000100000000000,000000080a400000,5,0,,12,0182422d
0000100000000000,000000080c800000,5,0,,2,03c9000b
0000100000000000,000000080cc00000,6,0,,5,0188003f
0000100000000000,0000000828000000,4,0,,4,00c34a09
0000100000000000,0000000828400001,6,0,,2,00ca4a09
0000100000000000,0000000828800000,5,1,00c94209,13,0089422d
0000100000000000,0000000828c00001,7,0,,5,00c84a0d
0000100000000000,0000000828c80003,9,0,,1,0288401f
0000100000000000,0000000828dc0003,11,0,,2,0088403f
0000100000000000,0000000848a00000,6,0,,4,02c94301
0000100000000000,0000000868200000,6,0,,1,02cb4201
0000100000000000,0000000868a00000,7,0,,6,02c94203
0000100000000002,0000000000000000,2,17,12c14408,186,1182450c
0000100000000002,0000000000010000,3,0,,7,10c34508
0000100000000008,0000000000000000,2,0,,33,13c00c03
000010000000000a,0000000000000000,3,0,,10,13c00d02
0000100000000010,0000000000000000,2,1,11806209,104,1081620b
0000100000000010,0000000000000001,3,0,,14,1080622d
0000100000000010,0000000000080003,5,0,,2,1280600f
0000100000001400,0000000000000000,3,0,,6,12c90601
0000100000001400,0000000000000300,5,0,,1,1a8b0600
0000100000001400,0000000048000000,5,0,,1,0acb0600
0000100000001400,0000000048000300,7,0,,1,0a8b0601
0000100000200000,0000000000000000,2,10,1180440d,202,1081450d
0000100000200000,0000000000000001,3,0,,20,1080452d
0000100000200000,0000000000010000,3,0,,7,10c1640a
0000100000200000,0000000000040002,4,0,,1,18c16009
0000100000200000,0000000000040003,5,0,,1,18c06109
0000100000200000,00000000001c0002,6,0,,3,10c1600d
0000100000200000,00000000001c0003,7,0,,1,10c06909
0000100000200000,0000000008000000,3,2,01c14409,54,0181440f
0000100000200000,000000000a000000,4,7,0180442d,97,0180441f
0000100000200002,0000000000000000,3,3,11c0440c,53,1180450e
0000100000200002,0000000000010000,4,0,,7,10c1442c
0000100000200010,0000000000000000,3,0,,14,1180401f
0000100000400000,0000000000000000,2,0,,3,1982600c
0000100000600010,0000000000000000,4,0,,1,1180612c
0000100002000000,0000000000000000,2,1,10c94600,35,10c14324
0000100002000000,0000000000000300,4,0,,1,188b4600
0000100002000000,0000000048000000,4,0,,25,00c94603
0000100002000000,0000000048000300,6,0,,5,00894625
0000100002000000,0000000048200000,5,0,,1,08cb4300
0000100002000000,0000000068200000,6,0,,5,08cb4201
0000100002000000,0000000848200000,6,0,,1,00cb4320
0000100002000000,0000000848a00000,7,0,,3,00c94305
0000100002000000,0000000868a00000,8,0,,2,00c94225
0000100002001400,0000000000000000,4,0,,1,18cb0600
0000100002001400,0000000048000000,6,0,,1,08cb0601
0000100008000000,0000000008000000,3,0,,1,09c36001
0000100008000000,0000000009000000,4,0,,4,09c36004
0000100008000000,000000000a000000,4,0,,3,09c26005
0000100008000000,000000000b000000,5,0,,7,09c26024
0000100010000000,0000000008000000,3,9,01c14604,81,00c3460c
0000100010000000,0000000008200000,4,0,,7,09c34202
0000100010000000,0000000008800000,4,0,,1,09c1420c
0000100010000000,0000000008a00000,5,0,,3,09c14a04
0000100010000000,000000000a000000,4,6,01c0460c,94,01c0460e
0000100010000000,000000000a400000,5,0,,4,09c2420c
0000100010000000,000000000a600000,6,0,,1,09c24a04
0000100010000000,0000000028000000,4,0,,4,08c3420c
0000100010000000,0000000808000000,4,0,,4,01c3420c
0000100010000000,0000000808200000,5,0,,8,01c34224
0000100010000000,0000000808800000,5,0,,11,01c1420e
0000100010000000,0000000808a00000,6,0,,14,01c14216
0000100010000002,0000000008000000,4,6,03c10c08,74,01c3440c
0000100010000002,0000000008010000,5,0,,4,08c3440c
0000100010000002,000000000a000000,5,15,03c00c0a,104,01c2442c
0000100010200002,0000000008000000,5,1,01c1440c,17,01c1440e
0000100010200002,000000000a000000,6,1,01c04c0c,18,01c0441e
0000100020000008,0000000008000000,4,0,,12,03c10c03
0000100020000008,000000000a000000,5,0,,12,03c02c03
000010003000000a,0000000008000000,6,0,,1,0bc30c00
000010003000000a,000000000a000000,7,0,,1,0bc20c02
0000100048200000,0000000009000000,6,0,,1,09c16804
0000100080000000,000000000a000000,4,1,01c06209,87,01c06207
0000100080000000,000000080ac00000,7,0,,11,01c0422d
0000100080000000,000000080ae00000,8,0,,8,01c04325
0000100090000000,000000080ac00000,8,0,,1,01c0432c
0000100090000000,000000080ae00000,9,0,,4,01c04b24
00001000c0200000,000000000a000000,6,0,,1,09c06809
00001000c8000000,000000000b000000,7,0,,1,0bc06804
00001000c8200000,000000000a000000,7,0,,1,09c06805
00001000c8200000,000000000b000000,8,0,,1,09c06124
0000100100000000,0000000008000000,3,1,03812608,36,0083660c
0000100100000000,0000000008010000,4,0,,3,0883640c
0000100100000000,000000000a000000,4,3,0180660c,74,0180660e
0000100100000000,0000000028000000,4,0,,3,0883620c
0000100100200000,0000000008000000,4,0,,5,0181640e
0000100100200000,000000000a000000,5,0,,9,0180641e
0000100100400000,000000000b000000,6,0,,1,0982680c
0000100110000000,0000000008000000,4,2,0181460c,38,0181460e
0000100110000000,000000000a000000,5,2,0380460c,44,0180470e
0000100110000002,0000000008000000,5,1,0381440c,32,01834c0c
0000100110000002,0000000008010000,6,0,,2,0883450c
0000100110000002,000000000a000000,6,6,0380442c,53,0182452c
0000100110200002,0000000008000000,6,0,,5,0181452c
0000100110200002,000000000a000000,7,0,,5,0180452e
0000100200000010,0000000008000000,4,0,,8,0181620b
0000100200000010,0000000808800000,6,0,,9,0181422d
0000100280000010,000000000a000000,6,0,,14,0180620f
0000100280000010,000000080ac00000,9,0,,7,0180421f
0000100300000010,0000000008000000,5,0,,3,0181630c
0000100380000010,000000000a000000,7,0,,2,0180632c
0000100800000000,0000000028000000,4,0,,1,0ac30209
0000101000000000,0000000048000000,4,1,00c36600,25,00c36301
0000101000000000,0000000068000000,5,2,02c36200,26,00c36203
0000101000000000,0000000068200000,6,0,,1,0ac34201
0000101000001400,0000000048000000,6,0,,1,0ac30601
0000101002000000,0000000048000000,5,0,,1,08c34601
0000101010000000,0000000048000000,5,0,,6,02c34602
0000101012000000,0000000048000000,6,0,,4,08c34604
0000102000000000,0000000008000000,3,6,00c14609,81,0081660b
0000102000000000,000000000a000001,5,3,00c06609,61,0080472d
0000102000000000,0000000028000000,4,1,00c16209,22,00c1620b
0000102000000000,0000000808800000,5,0,,2,00c14329
0000102000000000,0000000828800000,6,0,,4,00c14a0d
0000102000200000,0000000008000000,4,0,,5,00c14c0d
0000102000200000,0000000008010000,5,0,,5,00c1642c
0000102000200000,000000000a000001,6,0,,6,0080443f
0000102010000000,0000000008000000,4,1,02c14608,15,00c1460e
0000102010000000,0000000808800000,6,0,,1,00c1432c
0000102010000002,0000000008000000,5,1,02c14508,19,02c1440e
0000102010200002,0000000008010000,7,0,,1,00c1452c
0000102080000000,000000000a000001,6,0,,4,00c06329
0000102080000000,000000002a000001,7,0,,3,00c06a0d
0000102100000000,0000000008000000,4,0,,10,0081660e
0000102110000000,0000000008000000,5,0,,2,0081472c
0000102200000010,0000000028000000,6,0,,1,0281620b
0000102280000010,000000000a000001,8,0,,1,0080632d
0000102280000010,000000002a000001,9,0,,1,0280620f
0000103000000000,0000000048000000,5,5,00c16601,71,00c16303
0000103000000000,0000000068000000,6,2,02c16201,39,00c16207
0000103002000000,0000000848a00000,9,0,,1,00c14325
0000103010000000,0000000048000000,6,0,,10,02c14606
0000103012000000,0000000048000000,7,0,,1,00c14724
0000108000000000,0000000008000000,3,0,,1,01c36009
0000108000000000,000000000a000000,4,0,,2,01c2600d
0000108000000000,0000000808000000,4,0,,1,01c34809
0000108000000000,000000080a400000,6,0,,3,0182482d
0000108008000000,000000000b000000,6,0,,1,03c26006
0000108040000000,0000000008000000,4,0,,1,03c16009
0000108040000000,0000000808800000,6,0,,2,03c14109
0000108040200000,0000000008000000,5,0,,3,01c1600d
0000108040200000,0000000808800000,7,0,,1,01c1480d
0000108048000000,0000000008000000,5,0,,1,03c16005
0000108048000000,0000000009000000,6,0,,2,03c16006
0000108048200000,0000000008000000,6,0,,2,01c16025
0000108048200000,0000000009000000,7,0,,1,01c16124
00001080c0000000,000000000a000000,6,0,,4,03c0600b
00001080c0000000,000000080ac00000,9,0,,1,03c0480d
00001080c0200000,000000000a000000,7,0,,5,01c0602d
00001080c0200000,000000000b000000,8,0,,1,01c0612c
00001080c0200000,000000080ac00000,10,0,,5,01c0401f
00001080c8000000,000000000a000000,7,0,,3,03c06007
00001080c8000000,000000000b000000,8,0,,3,03c06016
00001080c8200000,000000000a000000,8,0,,2,01c06125
00001080c8200000,000000000b000000,9,0,,1,01c06924
0000108240200010,0000000808800000,9,0,,2,0181412d
00001082c0000010,000000000a000000,8,0,,1,0380600f
00001082c0000010,000000080ac00000,11,0,,3,0380401f
00001082c0200010,000000000a000000,9,0,,3,0180601f
00001082c0200010,000000080ac00000,12,0,,2,0180403f
0000120000000000,0000000000000000,2,0,,21,11c8402c
0000120000000000,0000000000010000,3,0,,1,18cb4008
0000120000000000,0000000000080002,4,0,,1,12c94108
0000120000000000,0000000008000000,3,0,,1,09cb4008
0000120000000000,0000000008400000,4,0,,4,09ca400c
0000120000000000,0000000028000000,4,0,,1,0acb4008
0000120000000000,0000000028010000,5,0,,1,08cb4808
0000120000000000,0000000808800000,5,0,,5,01c9402c
0000120000000000,0000000808c00000,6,0,,7,01c8412c
0000120000000002,0000000000000000,3,0,,10,13c0480c
0000120000000002,0000000000010000,4,0,,2,18c34108
0000120000200002,0000000000000000,4,0,,2,11c0412c
0000120010000002,0000000009000000,6,0,,1,09c34808
0000120010000002,000000000b400000,8,0,,3,09c2480c
0000140000000000,0000000000000000,2,0,,28,11c84007
0000140000000000,0000000008200000,4,0,,1,09cb4001
0000140000000000,0000000008600000,5,0,,1,09ca4005
0000140000000000,0000000008e00000,6,0,,3,09c84025
0000140000000000,0000000808600000,6,0,,1,01ca4025
0000140000000000,0000000808a00000,6,0,,10,01c94007
0000140000000000,0000000808e00000,7,0,,15,01c84017
0000140000000004,0000000000000000,3,0,,6,13c04803
0000140000200004,0000000000000000,4,0,,2,11c04125
00001400c8200004,000000000ae00000,12,0,,1,09c04825
0000148048200004,0000000808a00000,11,0,,2,01c14125
00001480c8000004,000000080ae00000,13,0,,2,03c04125
00001480c8200004,000000080ae00000,14,0,,1,01c04925
0000160000000000,0000000000000000,3,0,,44,11c84016
0000160000000000,0000000008200000,5,0,,1,09cb4004
0000160000000000,0000000008600000,6,0,,4,09ca4024
0000160000000000,0000000008e00000,7,0,,3,09c84124
0000160000000000,0000000808600000,7,0,,1,01ca4124
0000160000000000,0000000808a00000,7,0,,8,01c94124
0000160000000000,0000000808e00000,8,0,,10,01c84036
0000160000000006,0000000000000000,5,0,,3,13c04124
0000160000200006,0000000000000000,6,0,,2,11c04924
0000180000000000,0000000000000000,2,8,11c82202,230,10c92206
0000180000000000,0000000000000300,4,0,,1,12892206
0000180000000000,0000000000010000,3,0,,2,18c32808
0000180000000000,0000000008000000,3,10,01c92202,177,0189220e
0000180000000000,0000000008400000,4,0,,2,09ca0a08
0000180000000000,0000000009000000,4,0,,1,09c32808
0000180000000000,000000000a000000,4,0,,9,03c22206
0000180000000000,000000000b000000,5,0,,1,0bc22808
0000180000000000,0000000028000000,4,0,,6,02c9220a
0000180000000000,0000000028010000,5,0,,1,08cb2808
0000180000000000,0000000048000000,4,0,,2,02c92302
0000180000000000,0000000068000000,5,0,,11,00c92216
0000180000000000,0000000808800000,5,0,,2,03c9020a
0000180000000001,0000000000000000,3,0,,2,19c20a08
0000180000000008,0000000000000000,3,0,,2,1bc22002
0000180000000010,0000000000000000,3,0,,1,1380220e
0000180010000000,0000000008000000,4,0,,1,09c30a08
0000180100000000,000000000a000000,5,0,,1,0b822a08
0000181000000000,0000000068000000,6,0,,1,0ac32202
0000183000000000,0000000068000000,7,0,,1,02c12216
0000190000000000,0000000000000000,3,0,,12,13c80206
0000190000000000,0000000008200000,5,0,,3,09cb0204
0000190000000000,0000000808a00000,7,0,,2,03c90206
00001a0000000000,0000000000000000,3,0,,3,13c8080a
00001a0000000000,000000000c400000,6,0,,1,0bca0808
00001a0000000003,0000000000000000,5,0,,1,1bc20808
0000200000000000,0000000000000000,1,9,11244288,307,08230a8a
0000200000000000,0000000000400000,2,4,082a0a88,88,0822429a
0000200000000000,0000000000800000,2,0,,10,09290a88
0000200000000000,0000000000c00000,3,0,,20,08a842c8
0000200000000000,0000000020000000,2,0,,4,08ab020a
0000200000000000,0000000020800000,3,0,,1,08a94248
0000200000000000,0000000800000000,2,0,,24,00ab4288
0000200000000000,0000000800400000,3,0,,47,00aa428a
0000200000000000,0000000800800000,3,1,03290288,88,00a9428a
0000200000000000,0000000800c00000,4,4,0328028a,115,00a8438a
0000200000000000,0000000820000000,3,0,,1,02ab4208
0000200000000000,0000000820800000,4,0,,7,00a9422c
0000200000000001,0000000000000000,2,2,13240288,85,1124028e
0000200000000001,0000000000400000,3,2,09220a88,41,08a202ca
0000200000000001,0000000800400000,4,0,,4,03220a8a
0000200000000010,0000000000000000,2,0,,46,11204a8c
0000200000000011,0000000000000000,3,0,,12,1320028e
0000200000000020,0000000000000000,2,1,13250208,22,1125420a
0000200000000020,0000000000004000,3,0,,3,1923020a
0000200000000030,0000000000000000,3,0,,3,1321020e
0000200000008000,0000000000000000,2,0,,9,102d420c
0000200000008000,0000000020000000,3,0,,9,082b420a
0000200000008000,0000000820800000,5,0,,1,0229420e
0000200000008020,0000000000000000,3,0,,5,1225020e
0000200110000000,0000000000000000,3,0,,5,08a34308
0000200110000000,0000000002400000,5,0,,7,09a2420a
0000200110000000,0000000020000000,4,0,,2,08a34248
0000200110000000,0000000800000000,4,0,,1,01a34248
0000200110000000,0000000802400000,6,0,,3,01a24348
0000200110000001,0000000002400000,6,0,,7,09a2024a
0000200110000020,0000000000000000,4,0,,7,0b23020a
0000200110000020,0000000200000000,5,0,,2,09270a08
0000200110000020,0000000200004000,6,0,,5,09230a0a
0000200200000000,0000000800800000,4,0,,3,0325028a
0000200200000010,0000000000800000,4,0,,1,0b210a88
0000200200000010,0000000800800000,5,0,,16,01214a8c
0000200280000000,0000000800c00000,6,0,,5,01a442c8
0000200280000010,0000000000c00000,6,0,,1,09a042c8
0000200280000010,0000000800c00000,7,0,,15,01a042ac
0000200280000011,0000000800c00000,8,0,,2,03200a8e
0000200310000000,0000000800800000,6,0,,3,01a54248
0000200310000010,0000000000800000,6,0,,1,09a14248
0000200310000010,0000000800800000,7,0,,10,01a1422c
0000200310000020,0000000800800000,7,0,,1,0325420c
0000200310000030,0000000800800000,8,0,,1,0321420e
0000200390000000,0000000002c00000,8,0,,1,09a44248
0000200390000000,0000000802c00000,9,0,,4,01a4430c
0000200390000010,0000000002c00000,9,0,,3,09a0424c
0000200390000010,0000000802c00000,10,0,,13,01a0432c
0000220000000000,0000000000000000,2,23,112c008a,446,082b08c8
0000220000000000,0000000000000002,3,0,,5,1a28408a
0000220000000000,0000000000010000,3,2,182a4088,43,082b088a
0000220000000000,0000000000040002,4,0,,2,18a840c8
0000220000000000,0000000000050000,4,0,,4,182c408c
0000220000000000,0000000000050002,5,0,,1,18a84188
0000220000000000,0000000000080000,3,0,,9,122a088a
0000220000000000,0000000000080002,4,0,,23,1228408e
0000220000000000,0000000000110000,4,0,,5,102e408a
0000220000000000,0000000000140000,4,0,,2,10ac40c8
0000220000000000,0000000000150000,5,0,,12,102c408e
0000220000000000,0000000000190000,5,0,,1,10aa4188
0000220000000000,00000000001c0002,6,0,,1,10a841c8
0000220000000000,00000000001d0002,7,0,,5,10a840ac
0000220000000000,0000000000400000,3,6,092a008a,108,082a40ca
0000220000000000,0000000000410000,4,1,082a4888,33,082a009e
0000220000000000,0000000000800000,3,0,,6,09294888
0000220000000000,0000000000c00000,4,0,,34,0928488c
0000220000000000,0000000000c00002,5,0,,3,0aa8408a
0000220000000000,0000000000c40002,6,0,,1,08a841c8
0000220000000000,0000000001000000,3,0,,10,0a23088a
0000220000000000,0000000001400000,4,0,,25,0a22409a
0000220000000000,0000000020000000,3,0,,2,08ab4048
0000220000000000,0000000020010000,4,0,,4,08ab400a
0000220000000000,0000000020800002,5,0,,1,0aa94048
0000220000000000,0000000800000000,3,0,,9,012b088a
0000220000000000,0000000800080000,4,0,,2,02ab4088
0000220000000000,0000000800400000,4,0,,47,012a408e
0000220000000000,0000000800480000,5,0,,5,022a488c
0000220000000000,0000000800510000,6,0,,1,00ae4188
0000220000000000,0000000800590000,7,0,,1,00aa40ac
0000220000000000,0000000800800000,4,0,,44,0129488c
0000220000000000,0000000800880002,6,0,,10,02a9408a
0000220000000000,0000000800950000,7,0,,1,00ad4188
0000220000000000,00000008009d0002,9,0,,2,00a940ac
0000220000000000,0000000800c00000,5,4,03a8400c,135,0128409e
0000220000000000,0000000800c80002,7,0,,14,0228409e
0000220000000000,0000000800d50000,8,0,,4,00ac40ac
0000220000000000,0000000800dd0002,10,0,,1,00a841ac
0000220000000000,0000000820800000,5,0,,1,02ad400c
0000220000000000,0000000820880002,7,0,,2,02a9400e
0000220000000001,0000000000000000,3,2,1324008a,60,1224009e
0000220000000001,0000000001400000,5,0,,18,0a26088a
0000220000000002,0000000000000000,3,1,13a44008,24,12a5400a
0000220000000003,0000000000000000,4,0,,21,13a4000e
0000220000000010,0000000000000000,3,0,,11,13a0408a
0000220000000010,0000000000000002,4,0,,1,1aa040c8
0000220000000010,0000000000080002,5,0,,6,12a040ca
0000220000000011,0000000000000000,4,0,,4,13a000ca
0000220000000012,0000000000000000,4,1,13a04108,22,13a0400e
0000220000000012,0000000000000002,5,0,,1,1aa14048
0000220000000012,0000000000080002,6,0,,2,12a1410a
0000220000000022,0000000000000000,4,0,,9,1325000e
0000220000000210,0000000000000000,4,0,,2,1b20408a
0000220000008000,0000000000000000,3,0,,8,122d000e
0000220000008000,0000000000010000,4,0,,3,182f000c
0000220000008000,0000000020000000,4,0,,1,0a2f4008
0000220000008022,0000000000000000,5,0,,3,1a27000a
0000220000400000,0000000000000000,3,1,19224088,62,1124408e
0000220000400000,0000000000010000,4,0,,16,1822488c
0000220000400000,0000000000040000,4,0,,1,18a440c8
0000220000400000,0000000000050000,5,0,,1,18a44188
0000220000400000,0000000000110000,5,0,,1,10a64188
0000220000400000,0000000000140000,5,0,,1,10a441c8
0000220000400000,0000000000150000,6,0,,6,10a440ac
0000220000400000,0000000001000000,4,0,,7,08a340c8
0000220000400000,0000000001010000,5,0,,5,0823488c
0000220000400000,0000000001400000,5,0,,26,08a240ca
0000220000400000,0000000001410000,6,0,,9,0826488c
0000220000400001,0000000000000000,4,2,19220888,38,1126088a
0000220000400001,0000000000010000,5,0,,4,1826088a
0000220000400001,0000000001400000,6,0,,7,0926088a
0000220000400002,0000000000000000,4,0,,13,11a24148
0000220000400002,0000000000010000,5,0,,2,18a34108
0000220000400003,0000000000000000,5,0,,5,19a6000a
0000220000400010,0000000000000000,4,0,,17,11a040ac
0000220000400022,0000000000000000,5,0,,6,1927000a
0000220000408022,0000000000000000,6,0,,1,18274048
0000220000408022,0000000000010000,7,0,,2,1827400c
0000220000600002,0000000000000000,5,2,11a44048,23,11a4400e
0000220000600002,0000000000040000,6,0,,1,18a54048
0000220000600002,0000000000050000,7,0,,1,18a54108
0000220000600002,0000000000140000,7,0,,1,10a54148
0000220000600002,0000000000150000,8,0,,3,10a5410c
0000220000600003,0000000000000000,6,0,,1,19a40148
0000220000600012,0000000000000000,6,0,,12,11a0412c
0000220000600022,0000000000000000,6,0,,2,1925400c
0000220004000000,0000000000000000,3,0,,5,1322408a
0000220004000001,0000000000000000,4,0,,1,1322088a
0000220004000210,0000000000000000,5,0,,10,1320408e
0000220004400000,0000000000000000,4,0,,1,1122488c
0000220110000002,0000000001000000,6,0,,2,0aa34108
0000220110000002,0000000003400000,8,0,,6,0ba2400a
0000220110000002,0000000021000000,7,0,,2,0aa3400a
0000220110000003,0000000003400000,9,0,,4,0ba2004a
0000220110400002,0000000001000000,7,0,,3,08a34148
0000220110400002,0000000003400000,9,1,09a24048,14,09a2402c
0000220110400002,0000000021000000,8,0,,2,08a34848
00002202c0000010,0000000001c00000,9,0,,2,0ba040c8
00002202c0400000,0000000001c00000,9,0,,1,09a440c8
00002202c0400010,0000000001c00000,10,0,,3,09a040cc
0000220350000012,0000000001800000,10,0,,1,0ba14048
0000220350600012,0000000001800000,12,0,,1,09a14148
00002203d0000002,0000000003c00000,12,0,,2,0ba44048
00002203d0000012,0000000003c00000,13,0,,5,0ba0404a
00002203d0600002,0000000003c00000,14,0,,2,09a4404c
00002203d0600012,0000000003c00000,15,0,,3,09a0414c
0000228000000000,0000000801400000,6,0,,3,03a240c8
0000228000400000,0000000801400000,7,0,,1,01a241c8
0000228110000002,0000000803400000,10,0,,3,03a24148
0000228240000010,0000000801800000,9,0,,4,03a1408c
0000228240400000,0000000801800000,9,0,,1,01a54188
0000228240400010,0000000801800000,10,0,,2,01a140ac
00002282c0000000,0000000801c00000,10,0,,5,02a4418a
00002282c0000010,0000000801c00000,11,0,,12,03a0408e
00002282c0000010,0000000801c80002,13,0,,1,02a041ac
00002282c0400000,0000000801c00000,11,0,,3,01a440ac
00002282c0400000,0000000801d50000,14,0,,1,00a441ac
00002282c0400010,0000000801c00000,12,0,,6,01a040ec
0000228350000002,0000000801800000,11,0,,1,03a54108
0000228350000012,0000000801800000,12,0,,6,03a1402c
0000228350000012,0000000801880002,14,0,,1,02a1412c
0000228350600002,0000000801800000,13,0,,1,01a54148
0000228350600012,0000000801800000,14,0,,1,01a1412c
00002283d0000002,0000000803c00000,14,0,,6,03a4404c
00002283d0000012,0000000803c00000,15,0,,10,03a0406c
00002283d0600002,0000000803c00000,16,0,,3,01a4412c
00002283d0600012,0000000803c00000,17,0,,2,01a0416c
0000400000000000,0000000000000000,1,53,11044285,683,11044287
0000400000000000,0000000000000080,2,0,,49,10254a81
0000400000000000,0000000000000180,3,0,,4,10a94203
0000400000000000,0000000000200000,2,2,090b0281,38,09070285
0000400000000000,0000000000200080,3,0,,43,08074a81
0000400000000000,0000000000600000,3,10,09060a81,131,09060a83
0000400000000000,0000000000a00000,3,1,09090a81,46,09090a83
0000400000000000,0000000000a00080,4,0,,11,08290a83
0000400000000000,0000000000e00000,4,5,09084a81,107,09080a87
0000400000000000,0000000008200000,3,0,,1,098f0201
0000400000000000,0000000008600000,4,0,,1,098e4201
0000400000000000,0000000008a00000,4,0,,1,098d4201
0000400000000000,0000000008e00000,5,0,,3,098c4205
0000400000000000,0000000018200000,4,0,,1,0b0f0201
0000400000000000,0000000020200180,5,0,,1,08ab4201
0000400000000000,0000000020a00180,6,0,,2,08a94241
0000400000000000,0000000418200000,5,0,,4,090f0203
0000400000000000,0000000800200000,3,2,010b0a81,87,01074a81
0000400000000000,0000000800200080,4,0,,26,002b0293
0000400000000000,0000000800600000,4,12,010a4285,214,01064a85
0000400000000000,0000000800a00000,4,18,01094a81,210,01090a87
0000400000000000,0000000800a00080,5,0,,58,00294287
0000400000000000,0000000800a00180,6,0,,4,00a94303
0000400000000000,0000000800e00000,5,47,01084a85,345,01080a97
0000400000000000,0000000808200000,4,0,,1,018f4201
0000400000000000,0000000808600000,5,0,,3,018e4205
0000400000000000,0000000808a00000,5,0,,7,018d4203
0000400000000000,0000000808e00000,6,0,,13,018c4207
0000400000000000,0000000818a00000,6,0,,2,030d0207
0000400000000000,0000000820200180,6,0,,1,02ab4201
0000400000000000,0000000820a00180,7,0,,6,00ad4203
0000400000000000,0000000c18200000,6,0,,1,010f4205
0000400000000010,0000000000000000,2,4,13200283,97,118042a5
0000400000000010,0000000000000080,3,0,,6,12210a83
0000400000001c00,0000000000000180,6,0,,2,12a90203
0000400000001c00,0000000820200180,9,0,,1,02ab0203
0000400000001c00,0000000820a00180,10,0,,2,02a90207
0000400000016000,0000000000000180,6,0,,2,12294203
0000400000016000,0000000020200180,8,0,,2,082f4201
0000400000016000,0000000820a00180,10,0,,1,02294207
0000400000017c00,0000000000000180,9,0,,2,122d0203
0000400000017c00,0000000020200180,11,0,,2,0a2b0203
0000400001000000,0000000000000000,2,3,19020a81,42,11024a85
0000400001000000,0000000000000080,3,0,,3,18034a81
0000400001000000,0000000000200000,3,3,09030a81,21,09030a83
0000400001000000,0000000000200080,4,0,,5,08034a85
0000400001000000,0000000000600000,4,3,09024a81,25,09024a83
0000400001000000,0000000800200000,4,0,,9,01034a85
0000400001000000,0000000800600000,5,0,,5,01224a83
0000400001000010,0000000000000000,3,1,11210a81,28,11014a85
0000400002000000,0000000000000380,5,0,,1,108d4301
0000400002000000,0000000060200380,8,0,,1,088b4241
0000400200000000,0000000000a00000,4,0,,4,09054a81
0000400200000000,0000000800a00000,5,2,01250a81,37,01054a85
0000400200000000,0000000800a00080,6,0,,7,00a54283
0000400200000010,0000000000a00000,5,0,,8,098142c1
0000400200000010,0000000000a00080,6,0,,1,0a214a81
0000400200000010,0000000800a00000,6,2,03210a81,55,018142a5
0000400200000010,0000000800a00080,7,0,,8,00a14383
0000400201000010,0000000000a00000,6,0,,5,09014a85
0000400201000010,0000000800a00000,7,1,01214a81,12,01210a87
0000400280000000,0000000000e00000,6,0,,13,09044a85
0000400280000000,0000000800e00000,7,2,03240a81,60,01244287
0000400280000010,0000000000e00000,7,0,,29,098042c5
0000400280000010,0000000800e00000,8,4,03200a83,95,018042a7
0000400281000010,0000000000e00000,8,0,,3,09204a85
0000400281000010,0000000800e00000,9,0,,8,01204297
0000440000000000,0000000000000000,2,23,110c4085,520,11094885
0000440000000000,0000000000200000,3,0,,17,090b4085
0000440000000000,0000000000600000,4,1,0b2a0081,77,090a4087
0000440000000000,0000000000a00000,4,0,,13,09294881
0000440000000000,0000000000e00000,5,0,,100,090c4885
0000440000000000,0000000004200000,4,0,,2,090f0881
0000440000000000,0000000004600000,5,0,,8,090a0097
0000440000000000,0000000008600000,5,0,,1,098e4005
0000440000000000,0000000008e00000,6,0,,1,098c4025
0000440000000000,0000000800200000,4,0,,17,012b0883
0000440000000000,0000000800600000,5,2,032a0083,103,010a4097
0000440000000000,0000000800a00000,5,0,,97,010d4885
0000440000000000,0000000800e00000,6,17,018840a5,295,01084897
0000440000000000,0000000808600000,6,0,,1,018e4025
0000440000000000,0000000808a00000,6,0,,1,018d4025
0000440000000000,0000000808e00000,7,0,,10,018c4017
0000440000000004,0000000000000000,3,3,11844085,96,118240a5
000044000000000c,0000000000000000,4,0,,2,13a20083
0000440000000014,0000000000000000,4,0,,54,118040e5
000044000000001c,0000000000000000,5,0,,5,13a000c3
0000440000000044,0000000000000000,4,4,11244085,130,110448a5
00004400000001c4,0000000000000000,6,0,,2,1b024881
00004400000001cc,0000000000000000,7,0,,4,1b220083
00004400000003d4,0000000000000000,8,0,,2,1b204083
00004400018001c4,0000000000000000,8,0,,6,19024885
00004400040001c4,0000000000000000,7,0,,2,13224083
00004400040003d4,0000000000000000,9,0,,10,13204087
0000440008000004,0000000000200000,5,0,,1,098340c1
0000440008000004,0000000000600000,6,0,,20,098240a5
000044002800000c,0000000000600000,8,0,,1,0ba20083
0000440248000014,0000000000a00000,9,0,,1,09a140c1
00004402c8000004,0000000000e00000,10,0,,8,098440a5
00004402c8000014,0000000000e00000,11,0,,16,098040e5
0000440408000044,0000000000600000,8,0,,1,0b264081
00004404080001c4,0000000000200000,9,0,,1,0b234081
00004404080001c4,0000000000600000,10,0,,5,0b224083
0000440428000044,0000000000200000,8,0,,1,0b270081
0000440428000044,0000000000600000,9,0,,3,0b260083
00004404280001cc,0000000000200000,11,0,,2,0b230083
00004404280001cc,0000000000600000,12,0,,2,0b220183
00004406c8000044,0000000000e00000,12,0,,1,0b244881
00004406c80003d4,0000000000e00000,16,0,,1,0b204885
0000444408000044,0000000000200000,8,0,,2,09074881
0000444408000044,0000000000600000,9,0,,5,09064885
00004444098001c4,0000000000200000,12,0,,1,09234881
00004444098001c4,0000000000600000,13,0,,2,09224883
0000444428000044,0000000000200000,9,0,,1,09270881
0000444428000044,0000000000600000,10,0,,1,09260883
0000448008000004,0000000800200000,7,0,,1,03a34081
0000448008000004,0000000800600000,8,0,,14,018240e5
0000448248000004,0000000800a00000,10,0,,5,018540a5
0000448248000014,0000000800a00000,11,0,,14,018141a5
00004482c8000004,0000000800e00000,12,0,,31,018440e5
00004482c8000014,0000000800e00000,13,0,,45,018041e5
00004482e8000004,0000000800e00000,13,0,,1,03a40183
0000448408000044,0000000800600000,10,0,,2,03264083
0000448648000044,0000000800a00000,12,0,,2,03254085
000044864c0003d4,0000000800a00000,17,0,,1,03214885
00004486c8000044,0000000800e00000,14,0,,5,03244087
00004486cc0003d4,0000000800e00000,19,0,,2,03204097
0000500000000000,0000000000000000,2,0,,28,11884207
0000500000000000,0000000008200000,4,0,,5,098b0203
0000500000000000,0000000008600000,5,0,,7,098a4203
0000500000000000,0000000008a00000,5,0,,3,09894205
0000500000000000,0000000008e00000,6,0,,6,09884225
0000500000000000,0000000808200000,5,0,,5,018b4203
0000500000000000,0000000808600000,6,0,,5,018a4207
0000500000000000,0000000808a00000,6,0,,16,01894207
0000500000000000,0000000808e00000,7,0,,21,01884217
0000500002000000,0000000000000380,6,0,,1,188b4201
0000540000000000,0000000000000000,3,0,,11,11884125
0000540000000000,0000000008600000,6,0,,3,098a4025
0000540000000000,0000000008e00000,7,0,,3,09884125
0000540000000000,0000000808600000,7,0,,3,018a4125
0000540000000000,0000000808a00000,7,0,,4,01894125
0000540000000000,0000000808e00000,8,0,,11,01884037
0000600000000000,0000000000000000,2,4,11a84240,84,11a24282
0000600000000000,0000000000000080,3,0,,8,10a54380
0000600000000000,0000000000000180,4,0,,16,10a94302
0000600000000000,0000000000200000,3,0,,2,09a34280
0000600000000000,0000000000200080,4,0,,4,08a34282
0000600000000000,0000000000200180,5,0,,1,08ab4300
0000600000000000,0000000000600000,4,0,,18,09a24282
0000600000000000,0000000000a00000,4,0,,9,09a94202
0000600000000000,0000000000a00080,5,0,,3,08a94282
0000600000000000,0000000000a00180,6,0,,2,08a94340
0000600000000000,0000000000e00000,5,1,09a84240,32,09a84206
0000600000000000,0000000020200180,6,0,,3,08ab4202
0000600000000000,0000000020a00180,7,0,,4,08a94242
0000600000000000,0000000800200000,4,0,,12,01a34282
0000600000000000,0000000800200080,5,0,,6,00ab4282
0000600000000000,0000000800200180,6,0,,1,02ab4300
0000600000000000,0000000800600000,5,0,,48,01a242c2
0000600000000000,0000000800a00000,5,6,01a94202,42,01a94206
0000600000000000,0000000800a00080,6,0,,18,00a94286
0000600000000000,0000000800a00180,7,0,,9,00a94322
0000600000000000,0000000800e00000,6,13,01a84244,106,01a84216
0000600000000000,0000000820200180,7,0,,2,02ab4202
0000600000000000,0000000820a00180,8,0,,10,02a94206
0000600000000010,0000000000000000,3,0,,28,11a04286
0000600000000010,0000000000000080,4,0,,1,12a14282
0000600200000000,0000000800a00000,6,0,,5,01a54282
0000600200000000,0000000800a00080,7,0,,1,02a54282
0000600200000010,0000000000a00000,6,0,,2,09a142c0
0000600200000010,0000000800a00000,7,0,,20,01a14286
0000600200000010,0000000800a00080,8,0,,3,02a14286
0000600280000000,0000000000e00000,7,0,,1,09a442c0
0000600280000000,0000000800e00000,8,0,,15,01a44286
0000600280000010,0000000000e00000,8,0,,10,09a042c2
0000600280000010,0000000800e00000,9,0,,35,01a04296
0000610000000000,0000000000000000,3,4,11ac0280,127,11a50282
0000610000000000,0000000000000080,4,0,,4,10ad0282
0000610000000000,0000000000200000,4,0,,10,09a30282
0000610000000000,0000000000200080,5,0,,4,08ab0282
0000610000000000,0000000000600000,5,0,,24,09aa0206
0000610000000000,0000000000a00000,5,0,,10,09a90242
0000610000000000,0000000000a00080,6,0,,1,0aa90282
0000610000000000,0000000000e00000,6,0,,18,09a802c2
0000610000000000,0000000800200000,5,0,,17,01ab0206
0000610000000000,0000000800200080,6,0,,1,02ab0282
0000610000000000,0000000800600000,6,0,,26,01aa0286
0000610000000000,0000000800a00000,6,3,01a90282,48,01a90216
0000610000000000,0000000800a00080,7,0,,6,02a90286
0000610000000000,0000000800e00000,7,3,03a80206,64,01a80296
0000610000000001,0000000000000000,4,0,,28,11a40286
0000610000000001,0000000000600000,6,0,,11,09a202c2
0000610000000001,0000000800600000,7,0,,5,03a20286
0000610000000010,0000000000000000,4,0,,4,13a10282
0000610000000011,0000000000000000,5,0,,9,13a00286
0000610000001800,0000000000000180,7,0,,1,12a90242
0000610000001800,0000000020200180,9,0,,1,0aab0240
0000610000001c00,0000000000000180,8,0,,5,12a90206
0000610000001c00,0000000020200180,10,0,,1,0aab0202
0000610200000000,0000000800a00000,7,0,,2,03a50282
0000610200000010,0000000800a00000,8,0,,5,03a10286
0000610280000001,0000000800e00000,10,0,,3,03a40286
0000610280000011,0000000800e00000,11,0,,4,03a00296
0000660000000000,0000000000000000,4,15,11a84084,199,11a84016
0000660000000000,0000000000200000,5,0,,6,09ab4002
0000660000000000,0000000000600000,6,1,09aa4040,36,09aa4006
0000660000000000,0000000000a00000,6,0,,21,09a94024
0000660000000000,0000000000e00000,7,4,09a84044,75,09a84046
0000660000000000,0000000800200000,6,0,,13,01ab4024
0000660000000000,0000000800600000,7,1,03aa4080,66,01aa4016
0000660000000000,0000000800a00000,7,5,03a94002,74,01a94016
0000660000000000,0000000800e00000,8,25,01a840a4,165,01a84036
0000660000000004,0000000000000000,5,1,13a44080,17,13a24082
0000660000000014,0000000000000000,6,2,13a040c0,29,13a04086
0000660000400004,0000000000000000,6,2,11a440c0,43,11a240c4
0000660000400014,0000000000000000,7,0,,21,11a040e4
0000660008000004,0000000001200000,8,0,,1,0ba34080
0000660008000004,0000000001600000,9,0,,7,0ba24082
0000660008400004,0000000001200000,9,0,,1,09a340c0
0000660008400004,0000000001600000,10,1,09a240c0,14,09a24092
0000660248000014,0000000001a00000,12,0,,1,0ba140c0
0000660248400004,0000000001a00000,12,0,,1,09a540c0
0000660248400014,0000000001a00000,13,0,,3,09a140c4
00006602c8000004,0000000001e00000,13,0,,2,0ba440c0
00006602c8000014,0000000001e00000,14,0,,6,0ba040c2
00006602c8400004,0000000001e00000,14,0,,5,09a440c2
00006602c8400014,0000000001e00000,15,0,,7,09a040e4
0000668008000004,0000000801200000,10,0,,2,03a340c0
0000668008000004,0000000801600000,11,0,,11,03a24086
0000668008400004,0000000801600000,12,0,,4,01a240e4
0000668248000004,0000000801a00000,13,0,,3,03a54084
0000668248000014,0000000801a00000,14,0,,10,03a14086
0000668248400004,0000000801a00000,14,0,,2,01a54184
0000668248400014,0000000801a00000,15,0,,3,01a140e4
00006682c8000004,0000000801e00000,15,0,,15,03a44086
00006682c8000014,0000000801e00000,16,0,,23,03a04096
00006682c8400004,0000000801e00000,16,0,,9,01a44096
00006682c8400014,0000000801e00000,17,0,,6,01a040d6
0000670000000000,0000000000000000,5,4,13a80082,146,11a801a4
0000670000000000,0000000000200000,6,0,,3,09ab0082
0000670000000000,0000000000600000,7,0,,23,09aa0086
0000670000000000,0000000000e00000,8,0,,8,0ba800c2
0000670000000000,0000000800200000,7,0,,1,03ab0082
0000670000000000,0000000800600000,8,0,,8,03aa0086
0000670000000000,0000000800a00000,8,0,,6,03a90086
0000670000000000,0000000800e00000,9,0,,22,03a80096
0000670000000004,0000000000000000,6,0,,4,13a50082
0000670000000005,0000000000000000,7,1,13a40082,19,13a40086
000067000000000d,0000000000000000,8,0,,2,1ba20082
000067000000001d,0000000000000000,9,0,,1,13a00982
0000670000400005,0000000000000000,8,0,,5,19a401c0
0000670028000005,0000000001600000,12,0,,1,0ba60082
000067002800000d,0000000001600000,13,0,,2,0ba200c2
0000800000000000,0000000000000000,1,117,01814641,1642,01814643
0000800000000000,0000000000000100,2,0,,128,00a16603
0000800000000000,0000000000000140,3,0,,11,02a14445
0000800000000000,0000000000000300,3,0,,76,10816641
0000800000000000,0000000000000764,7,0,,4,12856440
0000800000000000,0000000000000774,8,0,,2,12856140
0000800000000000,0000000000004000,2,0,,13,11212603
0000800000000000,0000000002000000,2,30,01804645,332,01804647
0000800000000000,0000000008000000,2,0,,24,01854605
0000800000000000,000000000a000000,3,3,01846601,66,01844607
0000800000000000,0000000010000000,2,0,,2,03052641
0000800000000000,0000000018000000,3,0,,11,03052603
0000800000000000,0000000200000000,2,0,,14,01252603
0000800000000000,0000000200004000,3,0,,7,01216603
0000800000000000,0000000610000000,4,0,,1,01056641
0000800000000000,0000000618000000,5,0,,8,01056605
0000800000000002,0000000000000000,2,33,13804442,266,11824464
0000800000000002,0000000000000140,4,0,,9,12a14442
0000800000000002,0000000000000764,8,0,,9,12854442
0000800000000008,0000000000000000,2,1,13a02402,70,13802c41
000080000000000a,0000000000000000,3,1,1ba20400,60,13a00416
0000800000000010,0000000000000000,2,4,13806240,159,11806243
0000800000000010,0000000000000100,3,0,,22,10a16203
0000800000000010,0000000000000300,4,0,,2,12816242
0000800000000010,0000000000004000,3,0,,2,11216203
0000800000000040,0000000000000000,2,1,13250401,17,13054405
0000800000000042,0000000000000000,3,1,13254400,43,13054406
0000800000000100,0000000000000000,2,0,,8,13216401
0000800000000108,0000000000000000,3,0,,14,13212403
0000800000000140,0000000000000000,3,0,,7,13214403
0000800000000142,0000000000000000,4,0,,17,13214406
0000800000000148,0000000000000000,4,0,,7,13210c03
000080000000014a,0000000000000000,5,0,,6,1b210c40
0000800000001000,0000000000000100,3,0,,1,12a50640
000080000000100a,0000000000000140,6,0,,1,1aa30440
0000800000001400,0000000000000100,4,0,,9,0aa30601
0000800000011000,0000000000000100,4,0,,1,0a230641
0000800000012000,0000000000000100,4,0,,2,0a234601
0000800000013400,0000000000000100,6,0,,5,0a230603
0000800000018142,0000000000000140,8,0,,1,1a234440
000080000001a000,0000000000000100,5,0,,1,1a234600
000080000001b400,0000000000000100,7,0,,3,12250606
0000800000200000,0000000000000000,2,20,01a14441,346,01814447
0000800000200000,0000000000000140,4,0,,3,10a54441
0000800000200000,0000000000000764,8,0,,4,10856441
0000800000200000,0000000000140140,6,0,,1,10a56041
0000800000200000,0000000002000000,3,10,01804465,133,01804457
0000800000200000,0000000008000000,3,0,,6,01854425
0000800000200000,000000000a000000,4,1,01846405,14,01844525
0000800000200002,0000000000000000,3,19,11804544,163,11804456
0000800000200002,0000000000000140,5,0,,5,10a54444
0000800000200010,0000000000000000,3,0,,5,11806065
0000800000200040,0000000000000000,3,0,,3,11254405
0000800000200042,0000000000000000,4,0,,2,11254444
0000800000400000,0000000000000000,2,1,19866000,40,11276004
0000800000400000,0000000000000774,9,0,,1,18876040
0000800000600000,0000000000000000,3,15,11846024,108,11256006
0000800000600000,0000000000040140,6,0,,1,18a56040
0000800000600000,0000000000040774,11,0,,1,18856140
0000800000600000,0000000000140140,7,0,,2,10a56044
0000800000600000,0000000000140774,12,0,,1,10856144
0000800000600010,0000000000000000,4,0,,16,11806164
0000800001000000,0000000000004000,3,0,,4,11214641
0000800001000000,0000000200004000,4,0,,7,09214641
0000800001800142,0000000000004000,7,0,,1,19234440
0000800002000000,0000000000000300,4,0,,3,10854740
0000800002000000,0000000000000764,8,0,,1,18834441
0000800002000002,0000000000000764,9,0,,3,18834444
0000800002200002,0000000000000764,10,0,,3,10854544
0000800008000000,0000000000000000,2,0,,1,09836041
0000800008000000,0000000002000000,3,0,,5,09826045
0000800008000000,000000000a000000,4,0,,1,09866005
0000800020000000,0000000000000000,2,0,,8,03a50403
0000800020000000,0000000002000000,3,1,03a42401,33,03842c41
0000800020000000,0000000008000000,3,0,,1,0b870401
0000800020000000,000000000a000000,4,0,,2,0b860c01
0000800020000008,0000000000000000,3,0,,28,03a10407
0000800020000008,0000000002000000,4,2,03a00c41,58,03a00447
0000800100000000,0000000000000000,2,11,01816640,163,01816642
0000800100000000,0000000000000100,3,1,02a16600,50,00a16606
0000800100000000,0000000000000140,4,0,,8,02a16442
0000800100000000,0000000002000000,3,36,01806644,342,01806646
0000800100000000,0000000008000000,3,2,01856600,31,01856602
0000800100000000,000000000a000000,4,4,01846604,81,01846606
0000800100000000,0000000010000000,3,0,,1,03056640
0000800100000000,0000000018000000,4,0,,12,03052606
0000800100000000,0000000020000100,4,0,,12,02232216
0000800100000000,0000000200000000,3,0,,11,01256602
0000800100000000,0000000200004000,4,0,,13,01216606
0000800100000000,0000000618000000,6,0,,2,09076204
0000800100200000,0000000000000000,3,2,01816444,37,01816446
0000800100200000,0000000000000140,5,0,,3,08a16444
0000800100200000,0000000002000000,4,14,01806464,90,01806456
0000800100200000,0000000008000000,4,0,,5,01856406
0000800100200000,000000000a000000,5,1,01846504,12,01846416
0000800108000000,0000000001000000,4,0,,1,0b836040
0000800108000000,0000000003000000,5,0,,10,0b826042
0000800108000000,000000000b000000,6,0,,1,0b866004
0000800108400000,0000000001000000,5,0,,3,09836044
0000800108400000,0000000003000000,6,0,,15,09826064
0000800108400000,000000000b000000,7,0,,1,09866104
0000800110000000,0000000000000000,3,17,01814644,229,01814646
0000800110000000,0000000000000100,4,0,,31,02a14606
0000800110000000,0000000002000000,4,38,01804664,305,01804656
0000800110000000,0000000008000000,4,0,,15,01854606
0000800110000000,000000000a000000,5,1,03844604,28,01844616
0000800110000000,0000000010000000,4,0,,1,0b070640
0000800110000000,0000000018000000,5,0,,3,0b070604
0000800110000000,0000000200000000,4,0,,4,09254640
0000800110000002,0000000000000000,4,14,03814444,107,01834464
0000800110000002,0000000000000140,6,1,0aa14440,28,02a14446
0000800110000002,0000000002000000,5,56,01a24444,268,01824456
0000800110000002,0000000008000000,5,0,,13,03854406
0000800110000002,000000000a000000,6,2,03844504,29,01864524
0000800110001000,0000000000000100,5,0,,1,0aa30640
0000800110001400,0000000000000100,6,0,,3,0aa30602
0000800110018000,0000000000000100,6,0,,1,0a234640
000080011001a000,0000000000000100,7,0,,2,0a234602
0000800110200002,0000000000000000,5,4,01a14444,65,01814456
0000800110200002,0000000000000140,7,0,,1,08a54540
0000800110200002,0000000002000000,6,21,01804564,108,01804476
0000800110200002,0000000008000000,6,0,,2,01854524
0000800110200002,000000000a000000,7,0,,3,01844d24
0000800111000000,0000000200004000,6,0,,4,09230642
0000800120000000,0000000000000000,3,0,,7,03a52402
0000800120000000,0000000002000000,4,3,03a42402,30,03a42406
0000800120000000,0000000008000000,4,0,,1,0b872400
0000800120000000,000000000a000000,5,0,,3,0b862402
0000800120000008,0000000000000000,4,0,,21,03a12406
0000800120000008,0000000002000000,5,1,0ba22400,43,03a02416
0000800130000002,0000000000000000,5,0,,14,03a50442
0000800130000002,0000000002000000,6,0,,26,03a40542
000080013000000a,0000000000000000,6,1,0ba30400,28,03a10524
000080013000000a,0000000002000000,7,5,0ba00c40,41,03a00552
000080013000100a,0000000000000140,9,0,,1,0aa30442
0000800200000000,0000000000000000,2,1,03252201,15,01856241
0000800200000000,0000000000000100,3,0,,1,00a56301
0000800200000000,0000000008000000,3,0,,7,01856203
0000800200000000,0000000018000000,4,0,,1,03056205
0000800200000000,0000000020000100,4,0,,3,00a56203
0000800200000000,0000000200000000,3,0,,7,01252207
0000800200000010,0000000000000000,3,0,,26,01816245
0000800200000010,0000000000000100,4,0,,1,02a16301
0000800200000010,0000000020000100,5,0,,1,02a16203
0000800280000000,0000000002000000,4,0,,22,01846243
0000800280000000,000000000a000000,5,0,,17,01846207
0000800280000010,0000000002000000,5,0,,39,01806247
00008002c8000000,0000000002000000,6,0,,2,0b846041
00008002c8000010,0000000002000000,7,0,,1,0ba06041
00008002c8200000,0000000002000000,7,0,,5,09846045
00008002c8200010,0000000002000000,8,0,,2,09a06045
0000800300000000,0000000000000000,3,0,,34,01856242
0000800300000000,0000000000000100,4,0,,5,00a56302
0000800300000000,0000000008000000,4,0,,14,01856206
0000800300000000,0000000018000000,5,0,,1,03056206
0000800300000000,0000000020000100,5,0,,10,00a56206
0000800300000000,0000000200000000,4,0,,1,01256206
0000800300000010,0000000000000000,4,1,03a16200,51,01816246
0000800300000010,0000000000000100,5,0,,4,00a16324
0000800300000010,0000000020000100,6,0,,11,00a16216
0000800300000010,0000000200004000,6,0,,1,01216216
0000800348000010,0000000001000000,7,0,,1,0ba16040
0000800348600000,0000000001000000,8,0,,1,09a56040
0000800348600010,0000000001000000,9,0,,1,09a16140
0000800380000000,0000000002000000,5,1,03a46200,53,01846246
0000800380000000,000000000a000000,6,0,,17,01846216
0000800380000010,0000000002000000,6,3,03a06202,68,01806364
00008003c8000000,0000000003000000,8,0,,7,0b846044
00008003c8000010,0000000003000000,9,0,,8,0ba06006
00008003c8600000,0000000003000000,10,0,,11,09846064
00008003c8600010,0000000003000000,11,0,,4,09a06142
0000800400000000,0000000000000000,2,0,,1,03256401
0000800400000000,0000000018000000,4,0,,1,03056405
0000800400000040,0000000000000000,3,0,,7,03254403
0000800400000040,0000000018000000,5,0,,1,0b074401
0000800400000100,0000000000000000,3,0,,7,03216403
0000800400000140,0000000000000000,4,0,,19,03214407
0000800400010140,0000000000000140,7,0,,1,0a234441
0000800420000000,0000000000000000,3,0,,8,03252403
0000800420000000,0000000018000000,5,0,,1,0b072401
0000800420000040,0000000000000000,4,0,,7,03250c41
0000800420000108,0000000000000000,5,0,,7,03212407
0000800420000148,0000000000000000,6,1,0b230401,9,03230c41
0000800500000000,0000000000000000,3,0,,8,03256402
0000800500000000,0000000018000000,5,0,,1,0b076400
0000800500000100,0000000000000000,4,0,,21,03216406
0000800500000100,0000000000000140,6,0,,1,0a236440
0000800510000042,0000000000000000,6,0,,12,03254406
0000800510000142,0000000000000000,7,1,0b234400,26,03214416
0000800510018042,0000000000000140,10,0,,1,0a274440
0000800510018142,0000000000000140,11,0,,3,0a234442
0000800520000000,0000000000000000,4,0,,14,03252406
0000800520000108,0000000000000000,6,0,,8,03212416
0000800530000042,0000000000000000,7,0,,5,0b270402
000080053000014a,0000000000000000,9,0,,11,0b230406
0000801000000000,0000000040000764,9,0,,1,0a834441
0000801000000000,0000000060000300,6,0,,1,08836241
0000801000000000,0000000068000300,7,0,,1,08876201
0000801002000000,0000000040000300,6,0,,1,08834641
0000801100000000,0000000040000300,6,0,,4,02836640
0000801100000000,0000000040000764,10,0,,4,08836444
0000801100000000,0000000048000300,7,0,,3,02876600
0000801100000000,0000000060000300,7,0,,4,08836244
0000801100000000,00000000d8000300,9,0,,1,0a076600
0000801110000000,0000000040000300,7,0,,1,0a834640
0000801110000000,0000000048000300,8,0,,1,0a874600
0000801110000002,0000000040000764,12,0,,7,0a834442
0000801112000000,0000000040000300,8,1,08834640,7,08834642
0000801112000002,0000000040000764,13,0,,2,08874444
0000803000000000,0000000040000300,6,0,,2,02816641
0000803000000000,0000000048000300,7,0,,2,00856605
0000803100000000,0000000040000300,7,0,,11,00856644
0000803100000000,0000000040000764,11,0,,1,0a856440
0000803100000000,0000000048000300,8,0,,6,00856704
0000803300000000,0000000048000300,9,0,,1,00856324
0000803300000000,0000000068000300,10,0,,1,02856206
0000804401800140,0000000200004000,9,0,,1,09234441
0000804500800100,0000000200004000,8,0,,1,09236440
0000804511800142,0000000200004000,12,0,,1,09234444
0000808008000000,0000000002000000,4,0,,3,03a26003
0000808108000000,0000000003000000,6,0,,10,03a26006
0000808108400000,0000000003000000,7,0,,2,01a66104
0000808248000000,0000000000000000,5,0,,1,03a56001
0000808248000010,0000000000000000,6,0,,4,03a16003
0000808248200000,0000000000000000,6,0,,3,01a56005
00008082c8000000,0000000002000000,7,0,,9,03846045
00008082c8000000,000000000a000000,8,0,,4,03846007
00008082c8000010,0000000002000000,8,0,,13,03a06007
00008082c8200000,0000000002000000,8,0,,16,01846065
00008082c8200000,000000000a000000,9,0,,3,01846125
00008082c8200010,0000000002000000,9,0,,4,01806865
00008082e8000000,0000000002000000,8,0,,1,03a42103
0000808348000000,0000000001000000,7,0,,4,03a56002
0000808348000010,0000000001000000,8,0,,7,03a16006
0000808348600000,0000000001000000,9,0,,3,01a56044
0000808348600000,0000000009000000,10,0,,1,01856124
0000808348600010,0000000001000000,10,0,,1,01a16124
00008083c8000000,0000000003000000,9,1,03a46100,21,03846046
00008083c8000000,000000000b000000,10,0,,3,03846016
00008083c8000010,0000000003000000,10,0,,20,03a06016
00008083c8600000,0000000003000000,11,0,,15,01846164
00008083c8600000,000000000b000000,12,0,,1,01846924
00008083c8600010,0000000003000000,12,0,,1,01a06164
0000808648000000,0000000000000000,6,0,,1,03256005
0000808748000000,0000000001000000,8,0,,1,03256006
0000900000000000,0000000000000000,2,8,11806604,246,11804625
0000900000000000,0000000000000300,4,0,,18,10816704
0000900000000000,0000000008000000,3,1,03814601,60,01814607
0000900000000000,000000000a000000,4,6,01806605,119,01804627
0000900000000002,0000000000000000,3,4,13804406,55,13804416
0000900000000008,0000000000000000,3,0,,7,13802c03
000090000000000a,0000000000000000,4,0,,3,1b820c02
0000900000000010,0000000000000000,3,0,,56,11806207
0000900000000010,0000000000000300,5,0,,3,12816203
0000900000200000,0000000000000000,3,0,,22,11804525
0000900000200000,0000000008000000,4,0,,7,01814525
0000900000200000,000000000a000000,5,0,,11,01804527
0000900000200002,0000000000000000,4,0,,4,11804d24
0000900000200010,0000000000000000,4,0,,2,11806125
0000900020000008,0000000008000000,5,0,,1,0b830c01
0000900020000008,000000000a000000,6,0,,2,0b820c03
0000900100000000,0000000008000000,4,3,01816604,56,01816606
0000900100000000,000000000a000000,5,9,03806406,94,01806616
0000900100200000,0000000008000000,5,0,,1,01816524
0000900100200000,000000000a000000,6,0,,3,01806526
0000900110000000,0000000008000000,5,1,03814604,39,01814616
0000900110000000,000000000a000000,6,3,03804606,40,01804726
0000900110000002,0000000008000000,6,1,03814c04,24,03814416
0000900110000002,000000000a000000,7,5,03804524,41,03804436
0000900110200002,0000000008000000,7,0,,1,09814524
0000900110200002,000000000a000000,8,0,,1,09804d24
0000900200000010,0000000008000000,5,0,,10,01816207
0000900280000010,000000000a000000,7,0,,6,01806227
0000900300000010,0000000008000000,6,0,,6,01816216
0000900380000010,000000000a000000,8,0,,8,01806326
0000901000000000,0000000048000300,7,0,,4,02836601
0000901100000000,0000000048000300,8,0,,7,02836602
0000901110000000,0000000048000300,9,0,,3,0a834604
0000903000000000,0000000048000300,8,0,,2,02816603
0000903100000000,0000000048000300,9,0,,6,00816724
0000903300000010,0000000068000300,12,0,,1,02816216
00009082c8000010,000000000a000000,10,0,,1,03806825
00009082c8200010,000000000a000000,11,0,,1,01806925
0000980000000000,0000000000000000,3,0,,2,13822206
0000980000000010,0000000000000000,4,0,,1,13812206
0000c00000000000,0000000000000000,2,1,13250201,101,11254203
0000c00000000000,0000000000000180,4,0,,2,10a54301
0000c00000000000,0000000000200000,3,0,,9,09834241
0000c00000000000,0000000002600000,5,1,09824241,13,09824243
0000c00000000000,0000000008200000,4,0,,1,09874201
0000c00000000000,0000000020200180,6,0,,1,08a34241
0000c00000000000,0000000200200000,4,0,,2,09270203
0000c00000000000,0000000618200000,7,0,,1,09074205
0000c00000000000,0000000800200000,4,0,,4,01a34241
0000c00000000000,0000000802600000,6,0,,5,01a24341
0000c00000000010,0000000000000000,3,0,,20,11a04341
0000c00000000010,0000000000000180,5,0,,1,12a14203
0000c00001000000,0000000000004000,4,0,,1,19234201
0000c00001000000,0000000200204000,6,0,,3,09234203
0000c00002000000,0000000000000380,6,0,,1,18834241
0000c00200000000,0000000000a00000,5,0,,1,09854241
0000c00200000000,0000000800a00000,6,0,,9,01a54203
0000c00200000010,0000000000a00000,6,0,,2,09a14241
0000c00200000010,0000000800a00000,7,0,,17,01a14225
0000c00280000000,0000000002e00000,8,0,,4,09844245
0000c00280000000,0000000802e00000,9,0,,10,01a44245
0000c00280000000,000000080ae00000,10,0,,2,01844325
0000c00280000010,0000000002e00000,9,0,,6,09a04243
0000c00280000010,0000000802e00000,10,0,,21,01804365
0000c40000000004,0000000000000000,4,1,13a44001,66,11864045
0000c40000000014,0000000000000000,5,0,,19,13a04007
0000c40000000044,0000000000000000,5,0,,10,13250007
0000c40000200004,0000000000000000,5,2,11a44041,48,11844065
0000c40000200014,0000000000000000,6,0,,9,11a04125
0000c40008000004,0000000000200000,6,0,,4,09834045
0000c40008000004,0000000002600000,8,0,,16,09824065
0000c40248000014,0000000000a00000,10,0,,1,0ba14041
0000c40248200004,0000000000a00000,10,0,,1,09a54041
0000c40248200014,0000000000a00000,11,0,,1,09a14141
0000c402c8000004,0000000002e00000,12,0,,2,0ba44041
0000c402c8000014,0000000002e00000,13,0,,5,0ba04043
0000c402c8200004,0000000002e00000,13,0,,4,09a44045
0000c402c8200004,000000000ae00000,14,0,,1,09844125
0000c402c8200014,0000000002e00000,14,0,,8,09804165
0000c48008000004,0000000802600000,10,0,,2,03a24141
0000c48248000004,0000000800a00000,11,0,,3,03a54005
0000c48248000014,0000000800a00000,12,0,,7,03a14025
0000c48248200004,0000000800a00000,12,0,,2,01a54105
0000c48248200014,0000000800a00000,13,0,,2,01a14125
0000c482c8000004,0000000802e00000,14,0,,13,03a44007
0000c482c8000004,000000080ae00000,15,0,,2,03844125
0000c482c8000014,0000000802e00000,15,0,,15,03804865
0000c482c8200004,0000000802e00000,15,0,,8,01844165
0000c482c8200004,000000080ae00000,16,0,,1,01844925
0000c482c8200014,0000000802e00000,16,0,,4,01804965
0000d00000000000,0000000000000000,3,0,,2,19834201
0000d00000000000,0000000008200000,5,0,,4,09834205
0000d00000000010,0000000000000000,4,0,,2,11804325
0000d00200000010,0000000808a00000,9,0,,2,01814325
0000d00280000010,000000080ae00000,12,0,,3,01804b25
0000d40000000014,0000000000000000,6,0,,1,13804825
0000d40000200014,0000000000000000,7,0,,1,11804925
0000d482c8000014,000000080ae00000,17,0,,1,03804925
0000e00000000000,0000000000000000,3,3,11a44240,48,11a24340
0000e00000000000,0000000000000180,5,0,,6,10a54340
0000e00000000010,0000000000000000,4,0,,39,11a04324
0000e00000000010,0000000000000180,6,0,,4,12a14206
0000e00110000000,0000000000200000,6,0,,4,09a34202
0000e00110000000,0000000000200180,8,0,,1,08a34340
0000e00110000000,0000000002600000,8,1,09a24240,15,09a24212
0000e00110000000,0000000020200180,9,0,,4,08a34242
0000e00110000000,0000000800200000,7,0,,8,01a34242
0000e00110000000,0000000802600000,9,0,,13,01a24324
0000e00310000000,0000000000a00000,8,0,,1,09a54240
0000e00310000000,0000000800a00000,9,0,,10,01a54242
0000e00310000010,0000000000a00000,9,0,,7,09a14242
0000e00310000010,0000000800a00000,10,0,,22,01a14246
0000e00390000000,0000000002e00000,11,0,,4,09a44244
0000e00390000000,0000000802e00000,12,0,,12,01a44324
0000e00390000010,0000000002e00000,12,0,,11,09a04342
0000e00390000010,0000000802e00000,13,0,,23,01a04326
0000e10000000000,0000000000000000,4,0,,10,13a30202
0000e10000000001,0000000000000000,5,0,,22,13a40206
0000e10000000010,0000000000000000,5,0,,3,13a10206
0000e10110000000,0000000000200000,7,0,,3,09a30242
0000e10110000001,0000000002600000,10,0,,1,0ba20242
0000e60000000006,0000000000000000,7,3,13a44004,47,13a24042
0000e60000000016,0000000000000000,8,2,13a04140,39,13a04016
0000e60000400006,0000000000000000,8,0,,15,11a64044
0000e60000600006,0000000000000000,9,3,11a44104,39,11a44046
0000e60000600016,0000000000000000,10,0,,10,11a04164
0000e60118000006,0000000001200000,12,0,,2,0ba34040
0000e60118000006,0000000003600000,14,1,0ba24040,13,0ba24006
0000e60118400006,0000000001200000,13,0,,7,09a34042
0000e60118400006,0000000003600000,15,0,,20,09a24016
0000e60358000006,0000000001a00000,15,0,,1,0ba54040
0000e60358000016,0000000001a00000,16,0,,5,0ba14042
0000e60358600006,0000000001a00000,17,0,,1,09a54140
0000e60358600016,0000000001a00000,18,0,,1,09a14144
0000e603d8000006,0000000003e00000,18,0,,7,0ba44042
0000e603d8000016,0000000003e00000,19,1,0ba04140,13,0ba04046
0000e603d8600006,0000000003e00000,20,0,,6,09a44142
0000e603d8600016,0000000003e00000,21,0,,2,09a04164
0000e68118000006,0000000801200000,14,0,,1,03a34140
0000e68118000006,0000000803600000,16,0,,4,03a24124
0000e68358000006,0000000801a00000,17,0,,4,03a54044
0000e68358000016,0000000801a00000,18,0,,7,03a14064
0000e68358600006,0000000801a00000,19,0,,2,01a54124
0000e68358600016,0000000801a00000,20,0,,1,01a14164
0000e683d8000006,0000000803e00000,20,0,,13,03a44016
0000e683d8000016,0000000803e00000,21,0,,8,03a04056
0000e683d8600006,0000000803e00000,22,0,,3,01a44164
0000e683d8600016,0000000803e00000,23,0,,1,01a04964
0000e70000000007,0000000000000000,9,0,,13,13a40016
0001000000000000,0000000000000000,1,1038,0101528c,12907,00095a8c
0001000000000000,0000000000000420,3,6,12845006,236,02885036
0001000000000000,0000000000002000,2,23,080a520c,358,0802521e
0001000000000000,0000000004000000,2,11,080b1888,239,010a188e
00010000000e0000,0000000000002000,5,0,,23,020a5216
00010000000e0000,0000000000003420,8,0,,12,0a0a5016
0001000000100000,0000000000000000,2,1,18065084,22,0a025096
00010000001e0000,0000000000003420,9,0,,2,12045816
0001000002000000,0000000000000000,2,3,088a5240,184,00885236
0001000002000000,0000000000000420,4,4,108c5104,182,00885136
00010000020c0000,0000000000002000,5,0,,1,180e5240
00010000020c0000,0000000000003420,8,0,,1,180e5044
00010000020e0000,0000000000002000,6,0,,8,080a5216
00010000020e0000,0000000000003420,9,0,,6,080a5816
0001000800000000,0000000000000000,2,0,,6,088312c8
0001001000000000,0000000000000000,2,0,,10,0a825206
0001001000000000,0000000000000420,4,0,,1,0a865140
00010010000e0000,0000000000002000,6,0,,1,0a025216
0001001002000000,0000000000000000,3,0,,22,08825216
0001001002000000,0000000000000420,5,0,,4,08825164
0001002000000000,0000000000000000,2,0,,4,0081532c
0001003000000000,0000000000000000,3,0,,5,02805236
0001003000000000,0000000000000420,5,0,,2,02845116
0001003002000000,0000000000000000,4,0,,1,00855324
0001080000000000,0000000000000000,2,29,03881206,611,0109121e
0001080000000000,0000000000002000,3,0,,33,080a121e
0001080000000000,0000000004000000,3,0,,35,0902181e
0001080000000000,0000000004002000,4,0,,1,080a181e
00010800000e0000,0000000000002000,6,0,,1,0a0a1216
0001200000000000,0000000000000000,2,7,09030a88,376,08034a8c
0001200000000000,0000000000400000,3,5,080a4a88,115,08064a8c
0001200000000000,0000000000800000,3,0,,3,09094a88
0001200000000000,0000000000c00000,4,0,,8,09084a8c
0001200000000000,0000000008000000,3,0,,1,098f0208
0001200000000000,0000000008400000,4,0,,2,098e0a08
0001200000000000,0000000018000000,4,0,,1,0b0f0208
0001200000000000,0000000020000000,3,0,,1,088b4248
0001200000000000,0000000418000000,5,0,,3,090f020c
0001200000000000,0000000800000000,3,0,,10,01034a8c
0001200000000000,0000000800400000,4,0,,16,010a4a8c
0001200000000000,0000000800800000,4,0,,17,01094a8c
0001200000000000,0000000800c00000,5,0,,31,008843ac
0001200000000000,0000000808800000,5,0,,3,018d420c
0001200000000000,0000000808c00000,6,0,,6,018c422c
0001200000000001,0000000000000000,3,2,19020a88,55,11060a8c
0001200000000001,0000000000400000,4,0,,15,09060a8a
0001200000000010,0000000000000000,3,0,,26,11014a8c
0001200000000020,0000000000000000,3,0,,12,11054a0c
0001200000008000,0000000000002000,4,0,,1,180f4208
0001200000008020,0000000000002000,5,0,,1,1807420c
0001200110000000,0000000000000000,4,0,,2,08834348
0001200110000000,0000000002400000,6,1,09824248,8,0982424a
0001200110000000,0000000008000000,5,0,,1,09874208
0001200110000000,000000000a400000,7,0,,3,0986420c
0001200110000000,0000000020000000,5,0,,4,0883424c
0001200110000020,0000000618000000,9,0,,2,0907420c
0001200200000010,0000000800800000,6,0,,1,01814a8c
0001200280000010,0000000800c00000,8,0,,1,018043ac
0001200390000000,000000080ac00000,11,0,,1,0184432c
0001220000000000,0000000000000000,3,5,118c400c,187,088b40c8
0001220000000000,0000000000010000,4,0,,17,088b408c
0001220000000000,0000000000040000,4,0,,1,188c40c8
0001220000000000,0000000000050000,5,0,,2,188c408c
0001220000000000,0000000000110000,5,0,,2,108e408c
0001220000000000,0000000000140000,5,0,,2,108c40cc
0001220000000000,0000000000150000,6,0,,9,108c40ac
0001220000000000,0000000000400000,4,1,098a4048,31,088a40ca
0001220000000000,0000000000410000,5,0,,13,088a408e
0001220000000000,0000000000c00000,5,0,,15,0988406c
0001220000000000,0000000001000000,4,0,,1,0a834888
0001220000000000,0000000001400000,5,0,,10,0a8241c8
0001220000000000,0000000004000000,4,0,,1,098b0888
0001220000000000,0000000004400000,5,0,,11,098a088a
0001220000000000,0000000008400000,5,0,,4,098e400c
0001220000000000,0000000020000000,4,0,,1,0a8b4048
0001220000000000,0000000800400000,5,0,,8,018a40ac
0001220000000000,0000000800800000,5,0,,2,018940ac
0001220000000000,0000000800c00000,6,0,,24,018840ae
0001220000000000,0000000800d50000,9,0,,1,008c41ac
0001220000000000,0000000808c00000,7,0,,3,018c412c
0001220000000001,0000000000000000,4,0,,7,1384008e
0001220000000002,0000000000000000,4,0,,31,1384400e
0001220000000003,0000000000000000,5,0,,4,1b86000a
0001220000000010,0000000000000000,4,0,,11,1380408e
0001220000000012,0000000000000000,5,0,,2,1b804148
0001220000400000,0000000000000000,4,2,1184408c,56,118240cc
0001220000400000,0000000000010000,5,0,,12,1882488c
0001220000400000,0000000000040000,5,0,,1,188441c8
0001220000400000,0000000000110000,6,0,,1,10864988
0001220000400000,0000000000150000,7,0,,3,108441ac
0001220000400000,0000000001000000,5,0,,6,088341c8
0001220000400000,0000000001010000,6,0,,4,0883488c
0001220000400000,0000000001400000,6,1,098240c8,22,088248cc
0001220000400000,0000000001410000,7,0,,6,088640ac
0001220000400001,0000000000000000,5,1,19860088,9,198208c8
0001220000400001,0000000000010000,6,0,,1,18860988
0001220000400002,0000000000000000,5,1,19824048,23,1186404c
0001220000400002,0000000000010000,6,0,,2,1887400c
0001220000400003,0000000000000000,6,0,,3,1986080c
0001220000400010,0000000000000000,5,0,,9,118040ec
0001220000600002,0000000000000000,6,2,11844148,33,1184404e
0001220000600002,0000000000040000,7,0,,1,18854148
0001220000600012,0000000000000000,7,0,,1,19804948
0001220110000002,0000000001000000,7,0,,1,0b834048
0001220110000002,0000000003400000,9,0,,6,0b82404a
0001220110400002,0000000001000000,8,0,,5,0983404c
0001220110400002,0000000003400000,10,0,,11,0982406c
0001220110400002,000000000b400000,11,0,,3,0986410c
00012282c0400000,0000000801c00000,12,0,,1,018441ac
0001280000000000,0000000000000000,3,0,,2,098b0248
0001280000000000,0000000000400000,4,0,,3,098a024c
0001280000000001,0000000000000000,4,0,,1,19820a48
0001300000000000,0000000000000000,3,0,,23,1188422c
0001300000000000,0000000008000000,4,0,,2,088b4308
0001300000000000,0000000008400000,5,0,,6,098a420a
0001300000000000,0000000008800000,5,0,,1,0989420c
0001300000000000,0000000028000000,5,0,,3,088b420c
0001300000000000,0000000808000000,5,0,,1,018b420c
0001300000000000,0000000808400000,6,0,,1,018a4a0c
0001300000000000,0000000808800000,6,0,,9,0189420e
0001300000000000,0000000808c00000,7,0,,7,0188432c
0001300000000010,0000000000000000,4,0,,2,1180432c
0001300110000000,0000000008000000,6,0,,4,0983420c
0001300110000000,000000000a400000,8,0,,6,0982430c
0001300310000010,0000000808800000,10,0,,1,0181432c
0001320000000000,0000000000000000,4,0,,16,1188412c
0001320000000000,0000000000010000,5,0,,1,188b4108
0001320000000000,0000000008000000,5,0,,3,098b400c
0001320000000000,0000000008400000,6,0,,10,098a402c
0001320000000000,0000000808800000,7,0,,1,0189412c
0001320000000000,0000000808c00000,8,0,,3,0188492c
0001320000000002,0000000000000000,5,0,,3,1b82400c
0001320000400002,0000000000000000,6,0,,2,1982480c
0001320110000002,000000000b400000,11,0,,1,0b82480c
0001320110400002,000000000b400000,12,0,,1,0982490c
0001380000000000,0000000000000000,4,0,,6,1388020e
0001380000000000,0000000008000000,5,0,,3,098b020c
0001380000000000,0000000008400000,6,0,,4,098a0a0a
0001380000000001,0000000000000000,5,0,,1,1b820a08
00013a0000000000,0000000000000000,5,0,,1,1b8a0808
0001600000000000,0000000000000000,3,8,11844284,186,118242c4
0001600000000000,0000000000000080,4,0,,4,108d4380
0001600000000000,0000000000000380,6,0,,1,128d4300
0001600000000000,0000000000200000,4,0,,8,09834284
0001600000000000,0000000000200080,5,0,,10,088343c0
0001600000000000,0000000000600000,5,3,098242c0,33,098242a4
0001600000000000,0000000000a00000,5,0,,12,09894242
0001600000000000,0000000000e00000,6,0,,36,09884246
0001600000000000,0000000008200000,5,0,,1,098f4200
0001600000000000,0000000008600000,6,0,,4,098e4204
0001600000000000,0000000008a00000,6,0,,2,098d4204
0001600000000000,0000000008e00000,7,0,,4,098c4224
0001600000000000,0000000060200380,9,0,,1,0a8b4240
0001600000000000,0000000800200000,5,0,,18,018342c4
0001600000000000,0000000800600000,6,0,,40,018242e4
0001600000000000,0000000800a00000,6,0,,41,01894246
0001600000000000,0000000800a00080,7,0,,1,008943a4
0001600000000000,0000000800e00000,7,0,,75,01884256
0001600000000000,0000000808200000,6,0,,2,018f4204
0001600000000000,0000000808600000,7,0,,3,018e4224
0001600000000000,0000000808a00000,7,0,,8,018d4206
0001600000000000,0000000808e00000,8,0,,12,018c4216
0001600000000010,0000000000000000,4,0,,28,118042e4
0001600002000000,0000000000000380,7,0,,1,188b4240
0001600002000000,0000000040200380,9,0,,1,088b4340
0001600002000000,0000000060200380,10,0,,2,088b4244
0001600200000010,0000000000a00000,7,0,,1,09814ac0
0001600200000010,0000000800a00000,8,0,,2,018143a4
0001600280000000,0000000000e00000,8,0,,1,098442c4
0001600280000000,0000000800e00000,9,0,,2,018442e4
0001600280000010,0000000000e00000,9,0,,2,09804ac4
0001600280000010,0000000800e00000,10,0,,5,018043e4
0001610000000000,0000000000000000,4,0,,82,118b0a80
0001610000000000,0000000000200000,5,0,,6,098b0282
0001610000000000,0000000000600000,6,0,,15,098a0292
0001610000000000,0000000800600000,7,0,,2,038a0286
0001610000000000,0000000800a00000,7,0,,2,03890286
0001610000000000,0000000800e00000,8,0,,2,03880296
0001610000000001,0000000000000000,5,0,,12,13840286
0001660000000000,0000000000000000,5,13,118840a4,263,11884096
0001660000000000,0000000000200000,6,0,,11,098b4044
0001660000000000,0000000000600000,7,2,098a4044,46,098a4046
0001660000000000,0000000000a00000,7,0,,8,09894064
0001660000000000,0000000000e00000,8,0,,45,09884066
0001660000000000,0000000008600000,8,0,,4,098e4024
0001660000000000,0000000008e00000,9,0,,1,098c4124
0001660000000000,0000000800200000,7,0,,3,018b40a4
0001660000000000,0000000800600000,8,0,,21,018a4096
0001660000000000,0000000800a00000,8,0,,16,018940a6
0001660000000000,0000000800e00000,9,1,018841a4,59,01884076
0001660000000000,0000000808600000,9,0,,1,018e4124
0001660000000000,0000000808a00000,9,0,,1,018d4124
0001660000000000,0000000808e00000,10,0,,9,018c4126
0001660000000004,0000000000000000,6,0,,41,13844086
0001660000000014,0000000000000000,7,0,,16,13804096
0001660000400004,0000000000000000,7,6,118440a4,75,11844096
0001660000400014,0000000000000000,8,0,,7,118041e4
0001660008000004,0000000001200000,9,0,,1,0b8340c0
0001660008000004,0000000001600000,10,0,,6,0b8240c2
0001660008400004,0000000001200000,10,0,,4,098340c4
0001660008400004,0000000001600000,11,0,,15,098240c6
00016602c8000014,0000000001e00000,15,0,,1,0b8048c4
00016602c8400004,0000000001e00000,15,0,,3,098440e4
00016602c8400014,0000000001e00000,16,0,,2,098041e4
0001668008400004,0000000801600000,13,0,,1,018641a4
0001668248400004,0000000801a00000,15,0,,1,018541a4
00016682c8000004,0000000801e00000,16,0,,1,038441a4
00016682c8400004,0000000801e00000,17,0,,2,018441e4
0001670000000000,0000000000000000,6,0,,27,118c01a4
0001670000000005,0000000000000000,8,0,,1,1b860880
0001700000000000,0000000000000000,4,0,,41,11884226
0001700000000000,0000000008200000,6,0,,6,098b4202
0001700000000000,0000000008600000,7,0,,10,098a4206
0001700000000000,0000000008a00000,7,0,,4,09894224
0001700000000000,0000000008e00000,8,0,,4,09884324
0001700000000000,0000000808200000,7,0,,5,018b4224
0001700000000000,0000000808600000,8,0,,4,018a4216
0001700000000000,0000000808a00000,8,0,,13,01894216
0001700000000000,0000000808e00000,9,1,01884324,12,01884236
0001760000000000,0000000000000000,6,0,,18,11884924
0001760000000000,0000000008600000,9,0,,6,098a4016
0001760000000000,0000000008e00000,10,0,,1,0b884124
0001760000000000,0000000808a00000,10,0,,2,03894026
0001760000000000,0000000808e00000,11,0,,5,03884036
0001790000000000,0000000000000000,6,0,,2,13890206
0001e00000000000,0000000000000000,4,3,11844340,91,11844246
0001e00000000000,0000000000000380,7,0,,1,1a834240
0001e00000000010,0000000000000000,5,0,,10,11804364
0001e00002000000,0000000000000380,8,0,,2,18834340
0001e00110000000,0000000000200000,7,1,09834240,8,09834242
0001e00110000000,0000000002600000,9,1,0b824240,23,09824246
0001e00310000000,0000000808a00000,11,0,,1,01854324
0001e00390000000,0000000002e00000,12,0,,1,09844344
0001e00390000000,0000000802e00000,13,0,,1,01844364
0001e00390000000,000000080ae00000,14,0,,1,03844324
0001e00390000010,0000000002e00000,13,0,,1,09804364
0001e10000000000,0000000000000000,5,0,,1,19870240
0001e10000000001,0000000000000000,6,0,,2,13840216
0001e60000000006,0000000000000000,8,1,1b844040,52,13844016
0001e60000000016,0000000000000000,9,0,,2,1b804844
0001e60000400006,0000000000000000,9,1,19864040,21,11864124
0001e60000600006,0000000000000000,10,2,19844044,27,11844146
0001e60118000006,0000000003600000,15,0,,4,0b824064
0001e60118400006,0000000003600000,16,0,,4,09824164
0001e603d8600006,0000000003e00000,21,0,,1,09844164
0001f00000000010,0000000000000000,6,0,,1,13814206
0002000000000000,0000000000000000,1,69,0128c284,1176,0069c282
0002000000000000,0000000000000080,2,0,,11,0229c282
0002000000000000,0000000000008000,2,1,1149c200,20,1148c206
0002000000000000,0000000000200000,2,0,,11,084b4284
0002000000000000,0000000000600000,3,0,,14,09464284
0002000000000000,0000000000a00000,3,0,,19,08694a80
0002000000000000,0000000000e00000,4,0,,10,09484a84
0002000000000000,0000000001000000,2,0,,28,0324c086
0002000000000000,0000000100000000,2,0,,60,0128c216
0002000000000000,0000000400000000,2,0,,9,014dc202
0002000000000000,0000000400008000,3,0,,17,0109c324
0002000000000000,0000000418200000,5,0,,1,094f4200
0002000000000000,0000000418a00000,6,0,,2,094d4204
0002000000000000,0000000500000000,3,0,,7,014cca04
0002000000000000,0000000500008000,4,0,,6,0148c324
0002000000000000,0000000800200000,3,0,,20,006b4282
0002000000000000,0000000800600000,4,0,,17,014a4286
0002000000000000,0000000800a00000,4,6,01694202,86,00694286
0002000000000000,0000000800e00000,5,1,03684280,37,01484296
0002000000000000,0000000818a00000,6,0,,2,034d4202
0002000000000000,0000000c18200000,6,0,,1,014f4204
0002000000000000,0000000c18a00000,7,0,,2,014d4206
0002000000000020,0000000000000000,2,18,0361c200,361,0320c216
0002000000000020,0000000001000000,3,0,,26,0324c016
0002000000000020,0000000200000000,3,0,,8,0165c202
0002000000000020,0000000600000000,4,0,,2,0145ca04
0002000000000020,0000000700000000,5,0,,1,0946ca00
0002000000000080,0000000000000000,2,0,,1,1b22c080
0002000000000080,0000000001000000,3,0,,8,0b22c082
0002000000000280,0000000000000000,3,0,,7,1b20c082
0002000000000280,0000000001000000,4,0,,6,0b20c884
0002000000004000,0000000020000000,3,0,,1,0269c240
0002000000004020,0000000000000000,3,0,,3,0261c340
0002000000006000,0000000000000000,3,0,,3,0269c300
0002000000006000,0000000000000080,4,0,,6,0229c302
0002000000006000,0000000020000000,4,1,0269c200,9,0269c202
0002000000006000,0000000020000080,5,0,,2,0229c206
0002000000006020,0000000000000000,4,0,,17,0261c302
0002000000006020,0000000000000080,5,0,,2,1225c202
0002000000006020,0000000020000000,5,0,,5,0261c206
000200000001c000,0000000000000000,4,0,,2,106d4240
000200000001c020,0000000000000000,5,0,,1,12654240
000200000001e000,0000000000000000,5,0,,11,106d4202
000200000001e000,0000000020200000,7,0,,2,086b4204
000200000001e000,0000000820200000,8,0,,1,026b4202
000200000001e000,0000000820a00000,9,0,,4,02694206
000200000001e020,0000000000000000,6,0,,7,12614206
0002000000044020,0000000000002000,5,0,,1,1245c240
0002000000066000,0000000000002000,6,0,,3,104dc204
0002000000066000,0000000020002000,7,0,,1,0a4bc200
0002000000066020,0000000000002000,7,0,,9,0241c324
0002000000400000,0000000000000000,2,1,1124c084,37,1124c086
0002000000400020,0000000000000000,3,0,,9,1124c124
0002000001000000,0000000000000000,2,1,11614280,98,0120c3a4
0002000001000000,0000000000200000,3,0,,7,08634282
0002000001000000,0000000000600000,4,0,,6,09424a84
0002000001000000,0000000000a00000,4,0,,2,09414a84
0002000001000000,0000000800200000,4,0,,5,01434a84
0002000001000000,0000000800a00000,5,0,,10,01614286
0002000001000020,0000000000004000,4,0,,11,11614a04
0002000001000020,000000000000c000,5,0,,5,1141ca04
0002000001000020,0000000200004000,5,0,,9,0121c324
0002000001000020,0000000300004000,6,0,,1,0160c324
0002000001000020,000000060000c000,7,0,,3,0141c324
0002000001000020,000000070000c000,8,0,,1,0942ca04
0002000001800080,0000000000000000,4,0,,1,1962c080
0002000001800280,0000000000000000,5,0,,1,1960c880
0002000001c00080,0000000000000000,5,0,,5,1922c082
00020000020fe000,0000000000002000,10,0,,1,184f4200
0002000004000080,0000000000000000,3,0,,8,1322c082
0002000004000080,0000000001000000,4,0,,9,0322c086
0002000004000280,0000000000000000,4,2,1320c082,32,1320c086
0002000004000280,0000000001000000,5,0,,33,0320c096
0002000005800080,0000000000000000,5,0,,2,1162c880
0002000005800280,0000000000000000,6,0,,9,1160c0d0
0002000010000020,0000000000200000,4,0,,1,0b634200
0002000010000020,0000000000a00000,5,0,,5,0b614202
0002000010000020,0000000200200000,5,0,,1,09674200
0002000010000020,0000000618200000,8,0,,1,09474204
0002000010000020,0000000800200000,5,0,,7,03634202
0002000010000020,0000000800a00000,6,0,,20,03614206
0002000010000020,0000000a00a00000,7,0,,1,01654a04
0002000011000020,0000000200204000,7,0,,6,09634202
0002000011000020,0000000a00a04000,9,0,,2,01614216
0002000080000000,0000000000e00000,5,0,,1,0b604a80
0002000080000000,0000000800e00000,6,0,,10,03604286
0002000081000000,0000000800e00000,7,0,,1,01604296
0002004000000000,0000000001000000,3,0,,3,0164c884
0002004000000020,0000000301000000,6,0,,1,0164c124
0002004000400000,0000000001000000,4,0,,3,0926c082
0002004001800080,0000000001000000,6,0,,1,0962c880
0002004005800280,0000000001000000,8,0,,3,0160c1a4
0002010000000000,0000000000000000,2,151,012d8280,2110,01288296
0002010000000000,0000000000000080,3,0,,19,02298286
0002010000000000,0000000000200000,3,0,,24,086b0282
0002010000000000,0000000000600000,4,0,,18,094a0292
0002010000000000,0000000000a00000,4,0,,17,09490a82
0002010000000000,0000000000e00000,5,0,,5,09680a82
0002010000000000,0000000001000000,3,0,,24,03248096
0002010000000000,0000000100000000,3,0,,22,012a8324
0002010000000000,0000000400000000,3,0,,2,094d8a00
0002010000000000,0000000500000000,4,0,,1,094e8a00
0002010000000000,0000000800200000,4,1,016b0280,30,014b0a82
0002010000000000,0000000800600000,5,0,,13,014a0296
0002010000000000,0000000800a00000,5,6,01690282,76,01490296
0002010000000000,0000000800e00000,6,2,03680282,28,01680296
0002010000000001,0000000000000000,3,2,13640280,42,11640286
0002010000000001,0000000000600000,5,0,,4,09660a80
0002010000000001,0000000800600000,6,0,,1,03620a82
0002010000000020,0000000000000000,3,22,03618300,365,03208326
0002010000000020,0000000001000000,4,0,,4,03648124
0002010000000020,0000000200000000,4,0,,1,09678200
0002010000000080,0000000000000000,3,0,,7,1b228082
0002010000000080,0000000001000000,4,0,,11,0b228086
0002010000000280,0000000000000000,4,0,,7,1b208882
0002010000000280,0000000001000000,5,0,,1,0b618880
0002010000004800,0000000000000000,4,0,,1,12698240
0002010000004820,0000000000000000,5,0,,1,12658240
0002010000006c00,0000000000000000,6,0,,12,02698302
0002010000006c00,0000000000000080,7,0,,5,12298206
0002010000006c00,0000000020000000,7,0,,8,02698206
0002010000006c00,0000000020000080,8,0,,1,0a2b8202
0002010000006c20,0000000000000000,7,0,,12,02618324
0002010000006c20,0000000000000080,8,0,,1,12258206
000201000001fc00,0000000000000000,9,0,,4,12690206
000201000001fc00,0000000020200000,11,0,,1,0a6b0202
000201000001fc20,0000000000000000,10,0,,1,12650206
0002010000066c00,0000000000002000,9,0,,3,124d8202
0002010000066c20,0000000000002000,10,0,,1,1a478200
0002010000400000,0000000000000000,3,1,19268080,14,11248096
0002010001000000,0000000000000000,3,0,,45,016083a4
0002010001000000,0000000000200000,4,0,,3,09630282
0002010001000001,0000000000000000,4,0,,2,19620282
0002010001000001,0000000000600000,6,0,,1,09620a82
0002010001000020,0000000000004000,5,0,,1,19638200
0002010001000020,0000000200004000,6,0,,2,01618324
0002010001800080,0000000000000000,5,0,,2,19628880
0002010001800280,0000000000000000,6,0,,1,19618880
0002010004000080,0000000000000000,4,0,,11,13228086
0002010004000080,0000000001000000,5,0,,3,03628882
0002010004000280,0000000000000000,5,3,13608082,29,13208096
0002010004000280,0000000001000000,6,0,,10,03608096
0002010005800280,0000000000000000,7,0,,1,116081a4
0002010010000020,0000000000200000,5,0,,3,0b630202
0002010010000020,0000000800a00000,7,0,,2,03610216
0002010080000001,0000000800e00000,8,0,,2,03600296
0002014000000000,0000000001000000,4,0,,1,09668880
0002014001800080,0000000001000000,7,0,,1,09638880
0002060000000000,0000000000000000,3,5,11684084,69,11684086
0002060000000000,0000000000200000,4,0,,1,096b4080
0002060000000000,0000000000600000,5,0,,8,096a4082
0002060000000000,0000000000a00000,5,0,,3,09694880
0002060000000000,0000000000e00000,6,0,,8,09684884
0002060000000000,0000000800200000,5,0,,5,016b4082
0002060000000000,0000000800600000,6,0,,12,016a4086
0002060000000000,0000000800a00000,6,0,,22,01694086
0002060000000000,0000000800e00000,7,1,03684082,33,01684096
0002060000000044,0000000000000000,5,1,13644080,43,11644086
0002060000000066,0000000000000000,7,0,,9,13654002
00020600000001c4,0000000000000000,7,0,,1,1b624080
00020600000003c4,0000000000000000,8,0,,3,1b604082
0002060000200066,0000000000000000,8,0,,8,11654014
00020600018001c4,0000000000000000,9,0,,4,19624084
00020600040001c4,0000000000000000,8,0,,3,13624082
00020600040003c4,0000000000000000,9,0,,15,13604086
0002060408000044,0000000001600000,10,0,,1,0b664080
00020604080001c4,0000000001200000,11,0,,1,0b634080
00020604080001c4,0000000001600000,12,0,,4,0b624082
00020644098001c4,0000000001200000,14,0,,1,09634880
000206844c0003c4,0000000801a00000,17,0,,1,03614884
00020684cc0003c4,0000000801e00000,19,0,,2,03604096
0002070000000000,0000000000000000,4,9,116c0082,127,11680096
0002070000000000,0000000000200000,5,0,,4,096b0082
0002070000000000,0000000000600000,6,0,,12,096a0086
0002070000000000,0000000000a00000,6,0,,2,0b690082
0002070000000000,0000000000e00000,7,0,,2,0b680882
0002070000000000,0000000800200000,6,0,,4,036b0082
0002070000000000,0000000800600000,7,0,,6,016a0096
0002070000000000,0000000800a00000,7,0,,10,03690086
0002070000000000,0000000800e00000,8,0,,11,016c0096
0002070000000044,0000000000000000,6,0,,11,11670880
0002070000000045,0000000000000000,7,1,13640082,26,11640096
0002070000000066,0000000000000000,8,0,,7,13650006
00020700000001cc,0000000000000000,9,0,,1,1b630080
00020700000001cd,0000000000000000,10,0,,2,1b620082
00020700000003cc,0000000000000000,10,0,,1,1b610880
00020700040003cc,0000000000000000,11,0,,1,13610882
00020704280001cd,0000000001600000,16,0,,1,0b620882
0002090000000000,0000000000000000,3,1,13498200,49,030a8216
0002090000000000,0000000000008000,4,0,,7,11488324
0002090000000000,0000000400008000,5,0,,3,01498324
0002090000000000,0000000500008000,6,0,,1,090a8216
0002090000000020,0000000000000000,4,0,,11,03418324
0002090001000020,000000000000c000,7,0,,1,19438a00
0002600000000000,0000000000000000,3,6,11284284,118,11244286
0002600000000000,0000000000000080,4,0,,4,12254282
0002600000000000,0000000000200000,4,0,,10,09274280
0002600000000000,0000000000200080,5,0,,8,082b4282
0002600000000000,0000000000600000,5,1,092a4280,20,09264282
0002600000000000,0000000000a00000,5,0,,12,09294282
0002600000000000,0000000000e00000,6,0,,16,09284286
0002600000000000,0000000800200000,5,0,,17,012b4206
0002600000000000,0000000800200080,6,0,,1,022b4282
0002600000000000,0000000800600000,6,1,032a4280,27,012a4286
0002600000000000,0000000800a00000,6,2,03294202,50,01294216
0002600000000000,0000000800a00080,7,0,,3,02294286
0002600000000000,0000000800e00000,7,4,03284282,43,01284296
0002600000000010,0000000000000000,4,0,,15,13204286
000260000001e000,0000000000000180,9,0,,3,12294206
000260000001e000,0000000020200180,11,0,,1,0a2b4202
0002600001000000,0000000000000000,4,0,,7,19224282
0002600001000000,0000000000200000,5,0,,4,09234282
0002600001000000,0000000000600000,6,0,,6,09224286
0002600200000000,0000000800a00000,7,0,,3,03254282
0002600200000010,0000000000a00000,7,0,,1,0b214a80
0002600200000010,0000000800a00000,8,0,,5,03214286
0002600280000000,0000000800e00000,9,0,,3,03244286
0002600280000010,0000000800e00000,10,0,,4,03204296
0002610000000000,0000000000000000,4,15,112c0282,193,11250286
0002610000000000,0000000000000080,5,0,,12,12250286
0002610000000000,0000000000200000,5,1,092b0280,29,09270282
0002610000000000,0000000000200080,6,0,,8,082b0292
0002610000000000,0000000000600000,6,4,092a0282,33,092a0286
0002610000000000,0000000000a00000,6,0,,14,09290a82
0002610000000000,0000000000a00080,7,0,,1,0a290a82
0002610000000000,0000000000e00000,7,0,,13,092c0a82
0002610000000000,0000000800200000,6,1,032b0280,25,012b0286
0002610000000000,0000000800200080,7,0,,3,022b0286
0002610000000000,0000000800600000,7,1,032a0282,26,012a0296
0002610000000000,0000000800a00000,7,3,03290206,42,01290296
0002610000000000,0000000800a00080,8,0,,1,022d0a82
0002610000000000,0000000800e00000,8,3,03280286,27,012c0296
0002610000000001,0000000000000000,5,3,13240282,40,11240296
0002610000000001,0000000000600000,7,0,,13,09260292
0002610000000001,0000000800600000,8,0,,2,03220296
0002610000000010,0000000000000000,5,0,,6,13210286
0002610000000011,0000000000000000,6,0,,5,13200296
000261000001fc00,0000000000000180,13,0,,1,122d0206
0002610001000000,0000000000000000,5,0,,2,19230282
0002610001000000,0000000000200000,6,0,,1,09230a82
0002610001000001,0000000000000000,6,0,,1,19220a82
0002610001000001,0000000000600000,8,0,,1,09220296
0002610200000000,0000000000a00000,7,0,,1,0b250a80
0002610200000000,0000000800a00000,8,0,,2,03250286
0002610200000010,0000000000a00000,8,0,,1,0b210a82
0002610200000010,0000000800a00000,9,0,,4,03210296
0002610280000001,0000000800e00000,11,0,,2,03240296
0002610280000011,0000000800e00000,12,0,,1,03200a96
0002660000000000,0000000000000000,5,6,112c4082,124,11284096
0002660000000000,0000000000200000,6,0,,6,092b4082
0002660000000000,0000000000600000,7,1,0b2a4080,28,092a4086
0002660000000000,0000000000a00000,7,0,,4,09294884
0002660000000000,0000000000e00000,8,0,,15,092c4884
0002660000000000,0000000800200000,7,0,,4,032b4082
0002660000000000,0000000800600000,8,0,,17,012a4096
0002660000000000,0000000800a00000,8,0,,15,01294096
0002660000000000,0000000800e00000,9,1,03284086,28,01284896
0002660000000044,0000000000000000,7,1,13244082,34,13244086
00026600000001c4,0000000000000000,9,0,,5,1b224082
0002660000400044,0000000000000000,8,0,,15,11244096
00026600040001c4,0000000000000000,10,0,,1,13224086
00026600040003d4,0000000000000000,12,0,,2,13204096
0002660408000044,0000000001600000,12,0,,3,0b264082
00026604080001c4,0000000001200000,13,0,,1,0b234082
00026604080001c4,0000000001600000,14,0,,5,0b224086
0002664409c001c4,0000000001600000,18,0,,1,09224096
000266840c0001c4,0000000801600000,17,0,,1,03224096
00026686c8000044,0000000801e00000,18,0,,1,03244096
00026686cc0003d4,0000000801e00000,23,0,,1,03204896
0002670000000000,0000000000000000,6,9,132a0082,156,112c0096
0002670000000000,0000000000200000,7,0,,7,092b0882
0002670000000000,0000000000600000,8,1,0b2a0082,27,092a0096
0002670000000000,0000000000a00000,8,0,,1,0b290882
0002670000000000,0000000000e00000,9,0,,3,0b280886
0002670000000000,0000000800200000,8,0,,3,032b0086
0002670000000000,0000000800600000,9,0,,10,012e0096
0002670000000000,0000000800a00000,9,0,,5,03290096
0002670000000000,0000000800e00000,10,0,,6,03280196
0002670000000044,0000000000000000,8,0,,9,13250086
0002670000000045,0000000000000000,9,0,,27,13240096
00026700000001cc,0000000000000000,11,0,,1,1b230082
00026700000001cd,0000000000000000,12,0,,3,1b220086
0002670000400044,0000000000000000,9,0,,2,19270082
0002670000400045,0000000000000000,10,0,,6,19260086
0002670428000045,0000000001600000,15,0,,1,0b260882
00026704280001cd,0000000001600000,18,0,,1,0b220096
0002e00000000020,0000000000000000,5,0,,12,11254244
0002e00000000030,0000000000000000,6,0,,1,13214206
0002e0000001e020,0000000000000180,11,0,,1,12254206
0002e00110000020,0000000000200000,8,0,,3,0b234202
0002e00310000020,0000000800a00000,11,0,,1,03254206
0002e00310000030,0000000800a00000,12,0,,1,03214216
0002e10000000020,0000000000000000,6,0,,14,13250206
0002e10110000020,0000000000200000,9,0,,1,0b230206
0002e60000000066,0000000000000000,10,0,,4,13254006
0002e70000000066,0000000000000000,11,0,,1,1b270002
0003600000000000,0000000000000000,4,3,110c4284,103,11054a84
0003600000000000,0000000000000080,5,0,,1,180b4a80
0003600000000000,0000000000200000,5,0,,10,09074284
0003600000000000,0000000000200080,6,0,,1,080b4a84
0003600000000000,0000000000600000,6,2,090a4284,27,09064a84
0003600000000000,0000000000a00000,6,0,,3,09094a84
0003600000000000,0000000000e00000,7,0,,2,090c4a84
0003600000000000,0000000418200000,8,0,,1,090f4204
0003600000000000,0000000800200000,6,0,,2,010b4a84
0003600000000000,0000000800600000,7,0,,6,010a4296
0003600000000000,0000000800a00000,7,0,,4,010d4a84
0003600000000000,0000000800e00000,8,0,,5,010c4296
0003600000000010,0000000000000000,5,0,,1,13004a86
0003600001000000,0000000000000000,5,0,,3,19024a84
0003600001000000,0000000000200000,6,0,,1,09034a84
0003600001000000,0000000000600000,7,0,,1,09024296
0003610000000000,0000000000000000,5,2,190a0a80,77,110c0296
0003610000000000,0000000000000080,6,0,,1,180f0a80
0003610000000000,0000000000200000,6,1,090b0a80,11,090b0a82
0003610000000000,0000000000600000,7,0,,15,090a0296
0003610000000000,0000000800600000,8,0,,2,030a0296
0003610000000000,0000000800a00000,8,0,,1,03090a86
0003610000000000,0000000800e00000,9,0,,2,03080a96
0003610000000001,0000000000000000,6,1,19060a80,15,13040296
0003e00000000020,0000000000000000,6,0,,3,13054206
0004000000000000,0000000000000000,1,244,0328040e,1931,0328041e
0004000000000000,0000000000004000,2,2,11602608,77,1120464c
0004000000000000,0000000000400000,2,0,,1,0b6a0208
0004000000000000,0000000000c00000,3,0,,2,0b680a08
0004000000000000,0000000002000000,2,12,0360240a,71,0360240e
0004000000000000,0000000003000000,3,0,,1,0b662008
0004000000000000,0000000010000000,2,0,,19,030c0e48
0004000000000000,0000000012000000,3,0,,8,0344244a
0004000000000000,0000000018000000,3,7,030c2608,118,030c060e
0004000000000000,000000001a000000,4,4,03442608,39,0344240e
0004000000000000,0000000100000000,2,39,0128260a,598,0128061e
0004000000000000,0000000100400000,3,0,,7,096a020a
0004000000000000,0000000100c00000,4,0,,1,0968420c
0004000000000000,0000000302000000,4,1,01642608,16,0164260a
0004000000000000,0000000302004000,5,3,01606608,47,0160264a
0004000000000000,0000000303000000,5,0,,5,0966200a
0004000000000000,0000000510000000,4,0,,22,010c264c
0004000000000000,0000000518000000,5,5,010c620c,100,010c221e
0004000000000000,0000000518400000,6,0,,3,094e020c
0004000000000000,0000000712000000,6,0,,3,01446648
0004000000000000,000000071a000000,7,1,09462208,22,0144660c
0004000000000000,0000000800400000,3,0,,3,036a020a
0004000000000000,0000000800c00000,4,0,,11,0368020e
0004000000000000,0000000900400000,4,0,,2,016a420c
0004000000000000,0000000900c00000,5,0,,4,0168420e
0004000000000002,0000000000000000,2,48,1304440c,312,11260c48
0004000000000002,0000000000004000,3,2,19224408,28,11224c48
0004000000000010,0000000000000000,2,0,,12,1320220e
0004000000000020,0000000000000000,2,1,11644208,34,1144420e
0004000000000020,0000000000004000,3,0,,1,19624208
0004000000000021,0000000000000000,3,2,13640208,26,11660a08
0004000000000021,0000000000004000,4,0,,1,19620a08
0004000000200000,0000000000000000,2,17,1104640c,125,1104640e
0004000000200000,0000000000004000,3,1,11606408,16,1120644c
0004000000200000,0000000302000000,5,0,,10,01642c48
0004000000200000,0000000302004000,6,0,,10,0160644a
0004000000200000,0000000712000000,7,0,,3,0144644c
0004000000200000,000000071a000000,8,0,,3,01446c0c
0004000000200002,0000000000000000,3,7,1124440c,72,11044c4c
0004000000200002,0000000000004000,4,1,11604448,19,11204c4c
0004000000400000,0000000000000000,2,1,19262008,11,1126600c
0004000000600000,0000000000000000,3,1,1124600c,22,1124201e
0004000010000000,0000000002000000,3,11,0360060a,55,0360060e
0004000010000000,0000000012000000,4,0,,3,03440e48
0004000010000000,000000001a000000,5,1,03444608,16,0344060e
0004000010000000,0000000302000000,5,0,,3,0164460c
0004000010000000,0000000302004000,6,0,,17,0160464a
0004000010000000,000000071a000000,8,0,,2,09460e08
0004000010000002,0000000002000000,4,40,0360040e,161,0360041e
0004000010000002,0000000012000000,5,0,,9,0344444a
0004000010000002,000000001a000000,6,2,03444c08,21,0344440e
0004000010000002,0000000302000000,6,0,,6,01664448
0004000010000002,0000000302004000,7,2,09620c08,20,0162444c
0004000010000002,0000000712000000,8,0,,1,09464448
0004000010000002,000000071a000000,9,0,,2,0946440c
0004000010000020,0000000002400000,5,0,,1,0b624208
0004000010000020,0000000302400000,7,0,,1,09664208
0004000010000020,0000000302404000,8,0,,3,0962420c
0004000010000020,000000071a400000,10,0,,2,0946420c
0004000010000021,0000000002400000,6,0,,3,0b62020a
0004000010200002,0000000302000000,7,0,,6,0164444c
0004000010200002,0000000302004000,8,0,,11,0160445c
0004000080000000,0000000002000000,3,0,,18,0360220e
0004000080000000,000000001a000000,5,0,,3,0344620c
0004000080000000,0000000302000000,5,0,,8,0164620a
0004000080000000,0000000302004000,6,0,,3,01606a0c
0004000080000000,000000071a000000,8,0,,3,01446a0c
00040000c0000000,0000000003000000,5,0,,2,0b642808
0004000100000000,0000000002000000,3,20,0320260a,174,0320241e
0004000100000000,0000000003000000,4,0,,4,0b26200a
0004000100000000,0000000012000000,4,0,,6,03042e48
0004000100000000,000000001a000000,5,0,,26,0304260e
0004000100000000,0000000302000000,5,0,,23,0124660a
0004000100000000,0000000302004000,6,1,09222608,38,0120660e
0004000100000000,0000000712000000,7,0,,4,0104664c
0004000100000000,000000071a000000,8,0,,10,01046e0c
0004000100200000,0000000302000000,6,0,,4,0124644c
0004000100200000,0000000302004000,7,0,,1,01206c4c
0004000100400000,0000000303000000,7,0,,2,0926600c
0004000110000000,0000000002000000,4,7,0320460c,96,0320061e
0004000110000000,0000000012000000,5,0,,2,03044e48
0004000110000000,000000001a000000,6,1,0b060608,9,03044e0c
0004000110000000,0000000302000000,6,0,,7,0124464c
0004000110000000,0000000302004000,7,2,09220e08,21,01224e48
0004000110000000,0000000712000000,8,0,,1,09064648
0004000110000000,000000071a000000,9,0,,2,0906460c
0004000110000002,0000000002000000,5,20,0320444c,139,0320441e
0004000110000002,0000000012000000,6,0,,4,03044c4c
0004000110000002,000000001a000000,7,1,0b060c08,10,03064c0c
0004000110000002,0000000302000000,7,0,,9,09260c0a
0004000110000002,0000000302004000,8,2,09224448,21,0922041e
0004000110000002,0000000712000000,9,0,,1,09064c48
0004000110000002,000000071a000000,10,0,,1,09064c0c
0004000380000000,0000000002000000,5,0,,7,0324220e
0004000380000000,000000001a000000,7,0,,1,0304620e
0004000380000010,0000000002000000,6,0,,3,0320221e
00040080c0000000,0000000003000000,6,0,,3,0364600a
00040083c0000000,0000000003000000,8,0,,1,0324600e
0004020000000000,0000000000000000,2,5,116c000c,48,116c000e
0004020000000000,0000000000400000,3,0,,1,0b6e0008
0004020000000000,0000000100400000,4,0,,2,096e0808
0004020000000000,0000000800c00000,5,0,,3,036c400a
0004020000000000,0000000900c00000,6,0,,1,016c480c
0004020000000022,0000000000000000,4,1,13644008,12,1166400c
0004020000000023,0000000000000000,5,1,19660008,27,1364000e
0004020000200022,0000000000000000,5,0,,16,1164400e
0004020010000022,0000000003400000,8,0,,1,0b664008
0004020010000022,0000000303400000,10,0,,1,09664808
0004020010000023,0000000003400000,9,0,,1,0b660808
0004200000000000,0000000000000000,2,7,112c020c,86,1128420e
0004200000000000,0000000000400000,3,1,0b2a0208,9,0b2a020a
0004200000000000,0000000000c00000,4,0,,6,0b28020e
0004200000000000,0000000100400000,4,2,092a0a08,26,092a020e
0004200000000000,0000000100c00000,5,0,,2,09284a0c
0004200000000000,0000000800400000,4,0,,7,032a020e
0004200000000000,0000000800c00000,5,0,,20,0328021e
0004200000000000,0000000900400000,5,0,,1,012a4a0c
0004200000000000,0000000900c00000,6,0,,2,0128432c
0004200000000020,0000000000000000,3,1,13244208,18,1124424c
0004200000000020,0000000000004000,4,0,,5,1922420a
0004200000000021,0000000000000000,4,1,19260208,30,1324020e
0004200000000021,0000000000004000,5,0,,1,19220a0a
0004200000000030,0000000000000000,4,0,,1,1320420e
0004200110000020,0000000002400000,7,0,,6,0b22420a
0004200110000020,0000000302400000,9,0,,2,0926420c
0004200110000020,0000000302404000,10,0,,5,0922420e
0004200110000021,0000000002400000,8,0,,8,0b22020e
0004220000000000,0000000000000000,3,8,112c400c,77,112c001e
0004220000000000,0000000000400000,4,0,,6,0b2e000a
0004220000000000,0000000000c00000,5,0,,2,0b2c400c
0004220000000000,0000000100400000,5,0,,9,092e080a
0004220000000000,0000000800400000,5,0,,1,032e400c
0004220000000000,0000000800c00000,6,0,,4,032c400e
0004220000000022,0000000000000000,5,0,,22,1324400e
0004220000000023,0000000000000000,6,1,1b260008,15,1324001e
0004220000400022,0000000000000000,6,1,19264008,7,1926400a
0004220000400023,0000000000000000,7,1,19260808,13,1926000e
0004220000600022,0000000000000000,7,0,,3,1924404c
0004220110000022,0000000003400000,10,0,,4,0b26400a
0004220110000023,0000000003400000,11,0,,1,0b26080a
0004220110400022,0000000303400000,13,0,,1,0926480c
0005200000000000,0000000000000000,3,2,110c420c,37,110c420e
0005200000000000,0000000018400000,6,0,,3,0b0e020c
0005200000000000,0000000518400000,8,0,,4,090e0a0a
0005200000000020,0000000000000000,4,1,19064208,14,11064a0c
0005200000000021,0000000000000000,5,1,19060a08,15,1304021e
0005200110000020,000000001a400000,10,0,,2,0b06420c
0005200110000020,000000071a400000,13,0,,1,09064a0c
0008000000000000,0000000000000000,1,151,03280407,1430,03280417
0008000000000000,0000000000004000,2,0,,17,11602603
0008000000000000,0000000000600000,3,0,,1,0b6a0201
0008000000000000,0000000000e00000,4,0,,4,0b680203
0008000000000000,0000000002000000,2,2,03602601,47,03600607
0008000000000000,0000000002600000,4,0,,1,0b624201
0008000000000000,0000000010000000,2,0,,17,030c0643
0008000000000000,0000000012000000,3,0,,2,03442641
0008000000000000,0000000018000000,3,5,030c2203,135,030c0417
0008000000000000,0000000018600000,5,0,,1,0b4e0201
0008000000000000,000000001a000000,4,0,,14,03442603
0008000000000000,0000000100000000,2,34,01282207,498,01282217
0008000000000000,0000000100600000,4,0,,7,096a0203
0008000000000000,0000000100e00000,5,0,,5,09684205
0008000000000000,0000000302000000,4,0,,14,01642603
0008000000000000,0000000302004000,5,0,,19,01606603
0008000000000000,0000000302600000,6,0,,1,09664201
0008000000000000,0000000510000000,4,0,,25,010c2643
0008000000000000,0000000518000000,5,11,010c6205,158,010c2217
0008000000000000,0000000518600000,7,0,,3,094e0205
0008000000000000,0000000518e00000,8,0,,2,094c4205
0008000000000000,0000000712000000,6,0,,2,01446641
0008000000000000,000000071a000000,7,1,09462201,19,01446605
0008000000000000,0000000800600000,4,0,,6,036a0203
0008000000000000,0000000800e00000,5,1,03684201,24,03680207
0008000000000000,0000000818e00000,7,0,,3,034c4203
0008000000000000,0000000900600000,5,0,,5,016a4203
0008000000000000,0000000900e00000,6,0,,19,01684207
0008000000000000,0000000d18600000,8,0,,1,014e4205
0008000000000000,0000000d18e00000,9,0,,2,014c4207
0008000000000040,0000000000000000,2,1,13640401,28,11664401
0008000000000100,0000000000000000,2,0,,1,13606401
0008000000000108,0000000000000000,3,0,,7,13602403
0008000000000140,0000000000000000,3,0,,8,13604403
0008000000000148,0000000000000000,4,0,,12,13600443
0008000000200000,0000000000000000,2,10,11446005,87,11442017
0008000000200040,0000000000000000,3,0,,16,11444445
0008000000800108,0000000000004000,5,0,,1,19622401
0008000000a00100,0000000000004000,5,0,,1,11606441
0008000001000000,0000000000004000,3,0,,2,11604641
0008000001000000,0000000302004000,6,0,,2,01604e41
0008000001a00140,0000000000004000,7,0,,2,11604c41
0008000080000000,0000000002000000,3,2,03606201,24,03602207
0008000080000000,0000000012000000,4,0,,1,03446241
0008000080000000,000000001a000000,5,0,,7,03442207
0008000080000000,0000000302000000,5,0,,12,01642a05
0008000080000000,0000000302004000,6,0,,5,01606207
0008000080000000,0000000712000000,7,0,,2,01446245
0008000080000000,000000071a000000,8,0,,8,01446207
0008000080000000,0000000802e00000,7,0,,4,03604207
0008000400000000,0000000002000000,3,0,,1,03646401
0008000400000000,0000000012000000,4,0,,1,03446441
0008000400000000,000000001a000000,5,0,,4,03446405
0008000400000040,0000000002000000,4,0,,8,03644403
0008000400000040,0000000012000000,5,0,,1,03444c41
0008000400000040,000000001a000000,6,0,,2,03444c05
0008000400000100,0000000002000000,4,1,03606401,9,03606403
0008000400000140,0000000002000000,5,2,03604441,24,03604407
0008000408000000,000000001a000000,6,0,,1,0b466001
0008000420000000,0000000002000000,4,1,03642401,9,03642403
0008000420000000,0000000012000000,5,0,,1,03442c41
0008000420000000,000000001a000000,6,0,,4,03442c05
0008000420000040,0000000002000000,5,0,,10,03640c03
0008000420000040,000000001a000000,7,0,,1,0b460c01
0008000420000108,0000000002000000,6,0,,19,03602407
0008000420000148,0000000002000000,7,0,,13,03600c43
0008000428000000,0000000002000000,5,0,,1,0b662001
0008000428000000,000000001a000000,7,0,,1,0b462801
00080004c8000000,0000000002000000,6,0,,1,0b646001
00080004e8000000,0000000002000000,7,0,,2,0b642003
0008004400000000,000000071a000000,9,0,,1,09466401
0008004400200000,0000000302000000,7,0,,4,01646405
0008004400200000,0000000712000000,9,0,,2,01446445
0008004400200000,000000071a000000,10,0,,1,01446c05
0008004400200040,0000000302000000,8,0,,2,01644445
0008004400800100,0000000302004000,9,0,,1,09626401
0008004400a00100,0000000302004000,10,0,,3,01606445
0008004401800140,0000000302004000,11,0,,1,09624441
0008004401a00140,0000000302004000,12,0,,2,01604c45
0008004408000000,0000000302000000,7,0,,1,09666001
0008004408000000,000000071a000000,10,0,,2,09466005
0008004420000000,0000000302000000,7,0,,1,09662401
0008004420200000,0000000302000000,8,0,,1,09642c01
0008004420800108,0000000302004000,11,0,,1,09622c01
0008004428000000,0000000302000000,8,0,,1,09662801
0008004428000000,000000071a000000,11,0,,1,09462805
00080044c8200000,0000000302000000,10,0,,2,09646005
00080044c8200000,000000071a000000,13,0,,1,09446805
0008008408000000,0000000002000000,5,0,,1,03666001
0008008428000000,0000000002000000,6,0,,1,03662003
00080084c8000000,0000000002000000,7,0,,6,03646003
00080084c8000000,000000001a000000,9,0,,1,03446805
00080084e8000000,0000000002000000,8,0,,3,03642007
000800c408000000,000000071a000000,11,0,,1,01466805
000800c4c8200000,0000000302000000,11,0,,1,01646805
0008040000000000,0000000000000000,2,6,114c4005,90,114c0017
0008040000000000,0000000000600000,4,0,,1,0b6e0001
0008040000000000,0000000000e00000,5,0,,2,0b6c0801
0008040000000000,0000000100600000,5,0,,1,096e4001
0008040000000000,0000000100e00000,6,0,,1,096c4005
0008040000000000,0000000518600000,8,0,,1,094e4005
0008040000000000,0000000800600000,5,0,,1,036e4001
0008040000000000,0000000800e00000,6,0,,10,036c0007
0008040000000000,0000000900e00000,7,0,,3,016c4007
0008040000000044,0000000000000000,4,1,13644001,42,11664005
0008040000200044,0000000000000000,5,0,,18,11444845
00080484c8000044,0000000802e00000,14,0,,1,03644805
0008400000000000,0000000000000000,2,10,110c4205,130,110c0217
0008400000000000,0000000000600000,4,1,0b2a0201,9,0b2a0203
0008400000000000,0000000000e00000,5,0,,13,0b280207
0008400000000000,0000000018600000,6,0,,4,0b0e0203
0008400000000000,0000000100600000,5,0,,19,092a0207
0008400000000000,0000000100e00000,6,0,,5,09284a05
0008400000000000,0000000518600000,8,0,,4,090e0a05
0008400000000000,0000000518e00000,9,0,,1,090c4a05
0008400000000000,0000000800600000,5,0,,16,032a0207
0008400000000000,0000000800e00000,6,5,03280207,42,03280217
0008400000000000,0000000818e00000,8,0,,3,030c0217
0008400000000000,0000000900600000,6,0,,4,012a4207
0008400000000000,0000000900e00000,7,0,,11,01284217
0008400000000000,0000000d18e00000,10,0,,1,010c4217
0008440000000000,0000000000000000,3,6,112c4005,91,110c4017
0008440000000000,0000000000600000,5,0,,4,0b2e0003
0008440000000000,0000000000e00000,6,0,,4,0b2c4003
0008440000000000,0000000100600000,6,0,,4,092e4003
0008440000000000,0000000100e00000,7,0,,1,092c4805
0008440000000000,0000000518600000,9,0,,1,090e4805
0008440000000000,0000000800600000,6,0,,2,032e4003
0008440000000000,0000000800e00000,7,0,,11,032c0017
0008440000000000,0000000900e00000,8,0,,1,012c4017
0008800000000000,0000000000000000,2,31,11046205,367,11042217
0008800000000000,0000000000004000,3,0,,6,11206605
0008800000000000,0000000002000000,3,6,03202603,117,03200617
0008800000000000,0000000012000000,4,0,,3,03042e41
0008800000000000,000000001a000000,5,0,,17,03042607
0008800000000000,0000000302000000,5,0,,14,01246603
0008800000000000,0000000302004000,6,0,,6,01206645
0008800000000000,0000000712000000,7,0,,1,01046645
0008800000000000,000000071a000000,8,0,,4,01066605
0008800000000010,0000000000000000,3,0,,11,13202207
0008800000000040,0000000000000000,3,6,13240403,66,11264441
0008800000000100,0000000000000000,3,0,,7,13206403
0008800000000108,0000000000000000,4,0,,9,13202407
0008800000000140,0000000000000000,4,0,,15,13204407
0008800000000148,0000000000000000,5,0,,7,13220c03
0008800000200000,0000000000000000,3,2,11246005,49,11046017
0008800000200040,0000000000000000,4,0,,6,11244445
0008800001000000,0000000000004000,4,0,,1,19224601
0008800001000000,0000000302004000,7,0,,1,09224641
0008800280000000,0000000002000000,5,1,03246201,14,03242207
0008800280000000,000000001a000000,7,0,,2,03046207
0008800280000000,0000000302000000,7,0,,5,01246207
0008800280000010,0000000002000000,6,0,,6,03202217
0008800400000000,0000000002000000,4,1,03246401,9,03246403
0008800400000000,0000000012000000,5,0,,2,03046445
0008800400000000,000000001a000000,6,0,,4,03046407
0008800400000040,0000000002000000,5,0,,21,03244407
0008800400000040,0000000012000000,6,0,,2,03044c45
0008800400000040,000000001a000000,7,0,,2,0b064405
0008800400000100,0000000002000000,5,0,,19,03206407
0008800400000140,0000000002000000,6,2,03204c41,31,03204417
0008800408000000,0000000002000000,5,0,,1,0b266001
0008800420000000,0000000002000000,5,0,,22,03242407
0008800420000000,000000001a000000,7,0,,1,0b062c01
0008800420000040,0000000002000000,6,0,,8,03260c41
0008800420000108,0000000002000000,7,0,,12,03202417
0008800420000148,0000000002000000,8,1,0b220c01,12,0b220407
0008800428000000,0000000002000000,6,0,,1,0b262003
00088006c8000000,0000000002000000,8,0,,1,0b246005
0008804400000000,0000000302000000,7,0,,1,09266401
0008804400000040,0000000302000000,8,0,,1,09264441
0008804400200000,0000000302000000,8,0,,1,01246445
0008808408000000,0000000002000000,6,0,,1,03266005
00088086c8000000,0000000002000000,9,0,,4,03246007
00088086e8000000,0000000002000000,10,0,,1,03242017
0008c00000000000,0000000000000000,3,1,13244201,54,11244245
0008c00000000000,0000000002600000,6,0,,5,0b224203
0008c00000000010,0000000000000000,4,0,,1,13204207
0008c00280000000,0000000802e00000,10,0,,1,03244207
0008c40000000044,0000000000000000,6,0,,37,13044017
0008c40000200044,0000000000000000,7,0,,2,19244045
000c000000000000,0000000000000000,2,457,03280606,3183,03280436
000c000000000000,0000000000004000,3,1,19622200,39,11606206
000c000000000000,0000000002000000,3,8,03602602,76,03602606
000c000000000000,0000000010000000,3,0,,45,030c2246
000c000000000000,0000000012000000,4,0,,4,03442e40
000c000000000000,0000000018000000,4,12,030c2206,181,030c0616
000c000000000000,000000001a000000,5,1,03446600,26,03442606
000c000000000000,0000000100000000,3,53,01286206,777,01282236
000c000000000000,0000000302000000,5,0,,26,01646602
000c000000000000,0000000302004000,6,1,09626200,38,01606606
000c000000000000,0000000510000000,5,0,,41,010c6246
000c000000000000,0000000518000000,6,13,010c6604,137,010c2616
000c000000000000,0000000712000000,7,0,,8,01446644
000c000000000000,000000071a000000,8,1,09466200,20,01446e04
000c000000000042,0000000000000000,4,5,13444440,79,11664440
000c000000000100,0000000000000000,3,1,13606400,9,13606402
000c000000000108,0000000000000000,4,1,13602c00,23,13602406
000c000000000142,0000000000000000,5,2,13604440,27,13604406
000c00000000014a,0000000000000000,6,0,,16,13600c12
000c000000200000,0000000000000000,3,11,11446404,97,11446406
000c000000200042,0000000000000000,5,1,11644440,16,11444c44
000c000000800100,0000000000004000,5,0,,1,19626400
000c000000800108,0000000000004000,6,0,,4,19622402
000c000000a00100,0000000000004000,6,0,,5,11606444
000c000001000000,0000000000004000,4,0,,5,11604644
000c000001800142,0000000000004000,8,0,,1,19624440
000c000001a00142,0000000000004000,9,0,,3,11604550
000c000010000000,0000000002000000,4,2,03604640,53,03600616
000c000010000000,0000000012000000,5,0,,2,03444644
000c000010000000,000000001a000000,6,0,,3,03444e04
000c000011000000,0000000302004000,8,0,,1,09624640
000c000080000000,0000000002000000,4,1,03646200,46,03602216
000c000080000000,000000001a000000,6,0,,5,03442216
000c000080000000,0000000302000000,6,0,,13,01646206
000c000080000000,0000000302004000,7,0,,3,01606216
000c000080000000,000000071a000000,9,0,,2,01446216
000c000400000000,0000000002000000,4,1,03646400,9,03646402
000c000400000000,0000000012000000,5,0,,4,03446444
000c000400000000,000000001a000000,6,0,,7,03446406
000c000400000100,0000000002000000,5,2,03606440,31,03606406
000c000408000000,0000000003000000,6,0,,1,0b666000
000c000410000042,0000000002000000,7,0,,19,03644406
000c000410000042,0000000012000000,8,0,,2,03444c44
000c000410000042,000000001a000000,9,0,,2,0b464404
000c000410000142,0000000002000000,8,3,03604444,44,03604416
000c000420000000,0000000002000000,5,1,03642c00,26,03642406
000c000420000000,0000000012000000,6,0,,2,0b442c40
000c000420000000,000000001a000000,7,0,,3,0b462402
000c000420000108,0000000002000000,7,1,0b622400,32,03602416
000c000428000000,0000000003000000,7,0,,4,0b662002
000c000430000042,0000000002000000,8,0,,7,03660c40
000c00043000014a,0000000002000000,10,1,0b620c00,14,03600d50
000c0004c8000000,0000000003000000,8,0,,5,0b646002
000c004400000000,0000000302000000,7,0,,2,01666440
000c004400000000,0000000712000000,9,0,,1,09466440
000c004400000000,000000071a000000,10,0,,2,09466404
000c004400200000,0000000302000000,8,0,,6,01646444
000c004400200000,0000000712000000,10,0,,2,01446c44
000c004400800100,0000000302004000,10,0,,4,09626402
000c004400a00100,0000000302004000,11,0,,4,01606550
000c004408000000,0000000303000000,9,0,,4,09666002
000c004410000042,0000000302000000,10,0,,1,09664440
000c004411800142,0000000302004000,14,0,,3,09624444
000c004420000000,0000000302000000,8,0,,2,09662440
000c004420800108,0000000302004000,12,0,,1,09622c40
000c0044c8200000,0000000303000000,12,0,,1,09646804
000c008408000000,0000000003000000,7,0,,2,03666002
000c008428000000,0000000003000000,8,0,,1,03662006
000c0084c8000000,0000000003000000,9,0,,6,03646006
000c0084e8000000,0000000003000000,10,0,,1,03642016
000c00c4c8200000,0000000303000000,13,0,,1,01646016
000c800000000000,0000000000000000,3,71,11046604,662,11042236
000c800000000000,0000000000004000,4,0,,9,11206644
000c800000000010,0000000000000000,4,0,,16,13202216
000c800000000042,0000000000000000,5,6,13244404,98,13040c16
000c800000000100,0000000000000000,4,0,,21,13206406
000c800000000108,0000000000000000,5,0,,16,13202416
000c800000000142,0000000000000000,6,1,1b224400,29,13204416
000c80000000014a,0000000000000000,7,1,1b220402,11,1b220406
000c800000200000,0000000000000000,4,2,11246404,21,11046c44
000c800000200042,0000000000000000,6,0,,3,11244c44
000c800000400000,0000000000000000,4,0,,9,11266006
000c800000600000,0000000000000000,5,0,,13,11246016
000c800001000000,0000000000004000,5,0,,1,19224640
000c800100000000,0000000002000000,5,13,03202606,130,03202616
000c800100000000,0000000012000000,6,0,,5,03046644
000c800100000000,000000001a000000,7,0,,18,03042616
000c800100000000,0000000302000000,7,0,,12,01246606
000c800100000000,0000000302004000,8,0,,5,09222216
000c800100000000,0000000712000000,9,0,,1,09066640
000c800100000000,000000071a000000,10,0,,2,09066604
000c800110000000,0000000002000000,6,5,0b220602,77,03204616
000c800110000000,0000000012000000,7,0,,1,0b064640
000c800110000000,000000001a000000,8,0,,2,0b064604
000c800110000000,0000000302000000,8,0,,1,09264640
000c800111000000,0000000302004000,10,0,,3,09224642
000c800380000000,0000000002000000,7,0,,15,03242216
000c800380000000,000000001a000000,9,0,,1,03046216
000c800380000000,0000000302000000,9,0,,1,01246216
000c800380000010,0000000002000000,8,1,03206206,6,03206216
000c800500000000,0000000002000000,6,2,03246404,26,03246406
000c800500000000,0000000012000000,7,0,,2,03046c44
000c800500000000,000000001a000000,8,0,,7,03046416
000c800500000100,0000000002000000,7,1,0b226400,36,03206416
000c800508000000,0000000003000000,8,0,,2,0b266002
000c800510000042,0000000002000000,9,1,0b264400,25,03244416
000c800510000042,0000000012000000,10,0,,2,0b064444
000c800510000042,000000001a000000,11,0,,1,0b064c04
000c800510000142,0000000002000000,10,5,03204c44,37,03204456
000c800520000000,0000000002000000,7,1,0b262400,22,03242416
000c800520000108,0000000002000000,9,1,0b222402,15,03222416
000c800528000000,0000000003000000,9,0,,1,0b262006
000c800530000042,0000000002000000,10,0,,10,0b260406
000c80053000014a,0000000002000000,12,0,,10,0b220416
000c804500000000,0000000302000000,9,0,,2,09266404
000c808508000000,0000000003000000,9,0,,1,03266006
000c8087c8000000,0000000003000000,12,0,,2,03246016
000e000000000000,0000000000000000,3,5,114c4204,64,114c4206
000e000000000000,0000000000600000,5,0,,1,0b6a4200
000e000000000000,0000000000e00000,6,0,,7,0b684202
000e000000000000,0000000018600000,7,0,,1,0b4e4200
000e000000000000,0000000100600000,6,0,,7,096a4202
000e000000000000,0000000100e00000,7,0,,2,09684a04
000e000000000000,0000000518600000,9,0,,2,094e4204
000e000000000000,0000000800600000,6,0,,7,036a4202
000e000000000000,0000000800e00000,7,1,03684204,23,03684206
000e000000000000,0000000818e00000,9,0,,1,034c4206
000e000000000000,0000000900600000,7,0,,2,016a4a04
000e000000000000,0000000900e00000,8,0,,6,01684216
000e000000000020,0000000000000000,4,1,13644200,43,11444216
000e000010000020,0000000002600000,8,0,,5,0b624202
000e000090000020,0000000802e00000,11,0,,1,03604216
000e010000000000,0000000000000000,4,3,116c0204,78,114c0216
000e010000000000,0000000000600000,6,0,,6,0b6a0202
000e010000000000,0000000000e00000,7,0,,1,0b680206
000e010000000000,0000000100600000,7,0,,2,096a0212
000e010000000000,0000000800600000,7,0,,3,036a0206
000e010000000000,0000000800e00000,8,0,,6,03680216
000e010000000021,0000000000000000,6,0,,21,13440216
000e060000000000,0000000000000000,5,3,116c4004,38,116c4006
000e060000000000,0000000000600000,7,0,,1,0b6e4000
000e060000000000,0000000000e00000,8,0,,1,0b6c4004
000e060000000000,0000000100600000,8,0,,1,096e4004
000e060000000000,0000000800600000,8,0,,1,036e4004
000e060000000000,0000000800e00000,9,0,,6,036c4006
000e060000000000,0000000900e00000,10,0,,1,016c4016
000e060000000066,0000000000000000,9,0,,29,13644006
000e060000200066,0000000000000000,10,0,,6,11644016
000e070000000000,0000000000000000,6,4,136c0002,43,116c0016
000e070000000000,0000000000600000,8,0,,1,0b6e0002
000e070000000000,0000000800e00000,10,0,,1,036c0016
000e070000000067,0000000000000000,11,0,,8,13640016
000e600000000000,0000000000000000,5,3,112c4204,51,112c4206
000e600000000000,0000000000600000,7,1,0b2a4200,8,0b2a4202
000e600000000000,0000000000e00000,8,0,,9,0b284206
000e600000000000,0000000100600000,8,0,,14,092a4206
000e600000000000,0000000800600000,8,0,,9,032a4206
000e600000000000,0000000800e00000,9,1,03284206,15,03284216
000e600000000000,0000000900600000,9,0,,1,012a4216
000e600000000000,0000000900e00000,10,0,,1,012c4216
000e610000000000,0000000000000000,6,4,132c0202,65,112c0216
000e610000000000,0000000000600000,8,1,0b2a0202,17,0b2a0206
000e610000000000,0000000000e00000,9,0,,2,0b280216
000e610000000000,0000000100600000,9,0,,5,092a0216
000e610000000000,0000000800600000,9,0,,4,032a0216
000e610000000000,0000000800e00000,10,0,,7,03280236
000e660000000000,0000000000000000,7,3,132c4002,46,112c4016
000e660000000000,0000000000600000,9,0,,4,0b2e4002
000e660000000000,0000000000e00000,10,0,,3,0b2c4006
000e660000000000,0000000100600000,10,0,,3,092e4006
000e660000000000,0000000800600000,10,0,,1,032e4006
000e660000000000,0000000800e00000,11,0,,4,032c4016
000e670000000000,0000000000000000,8,1,132c0006,35,132c0016
000e670000000000,0000000000600000,10,0,,3,0b2e0006
000e670000000000,0000000100600000,11,0,,1,092e0016
000ee00000000020,0000000000000000,7,0,,21,13244206
000ee00000000030,0000000000000000,8,0,,1,13204216
000ee00110000020,0000000002600000,12,0,,2,0b224206
000ee00110000020,0000000802600000,13,0,,1,03224216
000ee00111000020,0000000302604000,16,0,,1,09224216
000ee10000000021,0000000000000000,9,0,,11,13240216
000ee10110000021,0000000002600000,14,0,,1,0b220216
000ee60000000066,0000000000000000,12,0,,15,13244016
000ee60000400066,0000000000000000,13,0,,2,19264044
000ee70000000067,0000000000000000,14,0,,4,13240816
000f600000000000,0000000000000000,6,1,190e4200,24,110c4216
000f600000000000,0000000018600000,10,0,,1,0b0e4204
000f600000000000,0000000518600000,12,0,,1,090e4a04
000f600000000000,0000000818e00000,12,0,,1,030c4216
000f610000000000,0000000000000000,7,0,,13,130c0216
000f610000000000,0000000518600000,13,0,,1,090e0216
000fe00000000020,0000000000000000,8,0,,9,13044216
000fe10000000021,0000000000000000,10,0,,1,1b060206
0010000000000000,0000000000000000,1,220,0129a009,2580,0129200f
0010000000000000,0000000000000001,2,6,182a0809,72,0a2a2109
0010000000000000,0000000000000002,2,1,1a288009,58,0a08e109
0010000000000000,0000000000000003,3,0,,15,1a28004b
0010000000000000,0000000000004000,2,3,19220809,83,18228849
0010000000000000,0000000000004001,3,0,,20,1822402d
0010000000000000,0000000000008000,2,9,1108c00d,204,1108801f
0010000000000000,000000000000c000,3,4,1842a009,67,1802c80d
0010000000000000,0000000000010000,2,0,,18,182aa00a
0010000000000000,0000000000014000,3,0,,7,1862a808
0010000000000000,0000000000040002,3,0,,16,1828a00b
0010000000000000,0000000000040003,4,0,,9,1828600b
0010000000000000,0000000000048002,4,0,,4,1848a809
0010000000000000,0000000000050002,4,0,,5,1868a808
0010000000000000,0000000000080000,2,1,122a8009,63,020ae109
0010000000000000,0000000000080001,3,0,,16,122a000f
0010000000000000,0000000000080002,3,17,0228a109,288,0208c12d
0010000000000000,0000000000080003,4,5,1228200b,50,0228610b
0010000000000000,0000000000180000,3,0,,16,102aa00b
0010000000000000,0000000000180001,4,0,,8,102a600b
0010000000000000,0000000000188000,4,0,,5,104aa809
0010000000000000,0000000000190000,4,0,,2,106aa808
0010000000000000,00000000001c0002,5,1,1068a009,61,0069c109
0010000000000000,00000000001c0003,6,1,10686009,17,1028003f
0010000000000000,00000000001c8002,6,0,,12,1048a80b
0010000000000000,00000000001d0002,6,0,,11,1068e00a
0010000000000000,0000000000400000,2,1,0b2a0009,9,0b2a000b
0010000000000000,0000000000400001,3,0,,3,0a2a010b
0010000000000000,0000000000800000,2,0,,9,0929400d
0010000000000000,0000000000c00000,3,0,,16,0b28000f
0010000000000000,0000000001000000,2,0,,12,0a22a10a
0010000000000000,0000000002000000,2,0,,7,0b22200b
0010000000000000,0000000002400000,3,2,0b220809,24,0b22000f
0010000000000000,0000000004000000,2,5,03488109,109,0308801f
0010000000000000,0000000020000000,2,3,0a22c009,140,082b002d
0010000000000000,0000000020000001,3,0,,6,0a2a200b
0010000000000000,0000000020000002,3,0,,30,0a28a00b
0010000000000000,0000000020000003,4,0,,4,0a28600b
0010000000000000,0000000020010000,3,0,,12,082b600c
0010000000000000,0000000020040002,4,0,,3,08692809
0010000000000000,0000000020080000,3,0,,46,022a800f
0010000000000000,0000000020080001,4,0,,7,022a200f
0010000000000000,0000000020080002,4,9,0228a00b,128,0208a01f
0010000000000000,0000000020080003,5,0,,13,0228201f
0010000000000000,0000000020180000,4,0,,4,006b2809
0010000000000000,00000000201c0002,6,0,,7,0069600b
0010000000000000,00000000201d0002,7,0,,1,0069e808
0010000000000000,0000000020400001,4,2,0a2a0809,21,0a2a000f
0010000000000000,0000000020800002,4,0,,1,0a694009
0010000000000000,0000000021000000,3,0,,15,0a22a80a
0010000000000000,0000000022000001,4,0,,10,0a22200f
0010000000000000,0000000022400001,5,0,,9,0a22001f
0010000000000000,0000000024000000,3,0,,7,0a0a880b
0010000000000000,0000000100000000,2,20,0128600d,478,0128201f
0010000000000000,0000000100000001,3,0,,2,082a6109
0010000000000000,00000001001c0002,6,0,,2,0028c12d
0010000000000000,0000000100400000,3,4,092a000b,31,092a000f
0010000000000000,0000000100400001,4,0,,1,082a4909
0010000000000000,0000000100c00000,4,0,,6,0928404d
0010000000000000,0000000120000000,3,1,082ac009,23,082a801b
0010000000000000,0000000120000001,4,0,,18,082a200f
0010000000000000,0000000120010000,4,0,,11,082ac02c
0010000000000000,0000000120040002,5,0,,2,0868a809
0010000000000000,0000000120040003,6,0,,1,08686809
0010000000000000,0000000120050002,6,0,,1,0868e808
0010000000000000,0000000120180000,5,0,,3,006aa809
0010000000000000,0000000120180001,6,0,,1,006a6809
0010000000000000,00000001201c0002,7,0,,6,0028e00f
0010000000000000,00000001201c0003,8,0,,4,0028203f
0010000000000000,0000000120400001,5,0,,20,082a001f
0010000000000000,0000000200004000,3,0,,22,0823c109
0010000000000000,0000000201004000,4,0,,4,0963200a
0010000000000000,0000000220004000,4,0,,10,0823c049
0010000000000000,0000000221014000,6,0,,4,0863600c
0010000000000000,0000000300004000,4,1,0922c009,27,0922801b
0010000000000000,0000000301004000,5,0,,3,0962a00a
0010000000000000,0000000302004000,5,0,,14,0922280b
0010000000000000,0000000302404000,6,1,09224809,26,0922001f
0010000000000000,0000000320004000,5,0,,6,0822c80d
0010000000000000,0000000321004000,6,0,,1,0862a848
0010000000000000,0000000321014000,7,0,,2,0862a80a
0010000000000000,0000000322004001,7,0,,6,0862280b
0010000000000000,0000000322404001,8,0,,1,0862480d
0010000000000000,0000000400008000,3,0,,42,0109c10d
0010000000000000,0000000404008000,4,0,,12,0109801f
0010000000000000,0000000420008000,4,0,,6,080ba809
0010000000000000,0000000420188000,6,0,,1,004ba809
0010000000000000,00000004201c8002,8,0,,1,0049e809
0010000000000000,0000000424008000,5,0,,1,084b8809
0010000000000000,0000000500008000,4,4,0148a809,128,0108a01f
0010000000000000,0000000504008000,5,1,090a8809,26,0108803f
0010000000000000,0000000520008000,5,0,,11,080aa80d
0010000000000000,0000000520048002,7,0,,1,0848e809
0010000000000000,0000000520188000,7,0,,1,004ae809
0010000000000000,00000005201c8002,9,0,,1,0048e80d
0010000000000000,0000000524008000,6,0,,3,080a801f
0010000000000000,000000060000c000,5,0,,8,0903a809
0010000000000000,000000060400c000,6,0,,1,09438809
0010000000000000,000000062000c000,6,0,,3,0843a809
0010000000000000,000000070000c000,6,2,0902c809,29,0842a909
0010000000000000,000000070400c000,7,1,09428809,7,0902801f
0010000000000000,000000072000c000,7,0,,6,0802e80d
0010000000000000,0000000800000000,2,0,,12,012b400b
0010000000000000,0000000800400000,3,1,032a4009,22,032a000f
0010000000000000,0000000800800000,3,3,0329000b,48,0129001f
0010000000000000,0000000800c00000,4,6,0328400b,53,0328001f
0010000000000000,0000000820080000,4,0,,2,026b0809
0010000000000000,0000000820480001,6,0,,3,022a001f
0010000000000000,0000000820880002,6,0,,6,0229001f
0010000000000000,0000000820c80003,8,0,,4,0228003f
0010000000000000,0000000900400000,4,0,,20,012a001f
0010000000000000,0000000900c00000,5,0,,24,0128003f
0010000000000020,0000000000000000,2,0,,28,1a22810a
0010000000000020,0000000000004000,3,0,,3,19628808
0010000000000020,0000000000014000,4,0,,3,1862c808
0010000000000020,0000000001000000,3,0,,35,0a22812c
0010000000000020,0000000021000000,4,0,,9,0a22c80c
0010000000000020,0000000201004000,5,0,,2,09638808
0010000000000020,0000000221014000,7,0,,1,0863c808
0010000000000020,0000000301004000,6,0,,3,0962880a
0010000000000080,0000000000000000,2,0,,46,0b02e005
0010000000000080,0000000001000000,3,0,,16,0b22a006
0010000000000188,0000000000000000,4,0,,1,1b632000
0010000000000200,0000000000000000,2,2,0b208109,80,0b00c10b
0010000000000200,0000000000000002,3,0,,41,0a20e109
0010000000000200,0000000000000003,4,0,,3,1a60200b
0010000000000200,0000000000004000,3,0,,13,1920c00d
0010000000000200,000000000000c000,4,0,,11,1900c80d
0010000000000200,0000000000044002,5,0,,2,1860a809
0010000000000200,000000000004c002,6,0,,1,1840e809
0010000000000200,0000000001000000,3,0,,6,0b20e108
0010000000000200,0000000001000002,4,0,,1,0a60e108
0010000000000200,0000000004000000,3,0,,2,0b408909
0010000000000200,0000000020000002,4,0,,4,0a60a809
0010000000000200,0000000021000002,5,0,,2,0a60e808
0010000000000200,0000000300004000,5,0,,3,0960a809
0010000000000200,0000000301004000,6,0,,1,0960e808
0010000000000200,000000060000c000,6,0,,1,0941a809
0010000000000200,000000070000c000,7,0,,2,0940c80d
0010000000000210,0000000000000000,3,0,,11,1b20080b
0010000000000210,0000000000000003,5,0,,1,1a20600b
0010000000000220,0000000000000000,3,0,,13,1b208908
0010000000000220,0000000000000002,4,0,,3,1a60c108
0010000000000220,0000000000004000,4,0,,1,1960c808
0010000000000220,0000000001000000,4,0,,6,0b21c108
0010000000000280,0000000000000000,3,0,,86,0b00c125
0010000000000280,0000000001000000,4,0,,20,0b20e006
0010000000000380,0000000000000000,4,0,,1,1b616000
0010000000000388,0000000000000000,5,0,,3,1b612001
0010000000200200,0000000000004000,4,0,,10,19602049
0010000000200200,0000000000044002,6,0,,1,18616009
0010000000200200,0000000000044003,7,0,,1,18606809
0010000000400000,0000000000004000,3,0,,2,1922a808
0010000000400000,0000000301004000,6,0,,2,0922e00c
0010000000400020,0000000000004000,4,0,,6,1922c00a
0010000000400020,0000000201004000,6,0,,1,0923c808
0010000000400020,0000000301004000,7,0,,2,0922c80c
0010000000800080,0000000000004000,4,0,,5,1962a001
0010000000800080,000000000000c000,5,0,,3,1942a801
0010000000800180,0000000000004000,5,0,,1,19636000
0010000000800188,0000000000004000,6,0,,2,19632001
0010000000800280,0000000000004000,5,0,,5,1960a801
0010000000800280,000000000000c000,6,0,,3,1940e801
0010000000a00380,0000000000004000,7,0,,1,19616800
0010000001800080,000000000000c000,6,0,,1,1942c801
0010000001800280,0000000000004000,6,0,,1,1960c801
0010000001800280,000000000000c000,7,0,,1,1940c805
0010000004000000,0000000000000000,2,3,03228109,118,0302a909
0010000004000000,0000000000004000,3,0,,26,1122480d
0010000004000000,000000000000c000,4,0,,17,1102c80d
0010000004000000,0000000000080000,3,0,,53,0222c10b
0010000004000000,0000000000080001,4,0,,6,1222280b
0010000004000000,0000000000184000,5,0,,4,1062a809
0010000004000000,000000000018c000,6,0,,2,1042e809
0010000004000000,0000000001000000,3,0,,9,0322e00a
0010000004000000,0000000001080000,4,0,,1,0262e108
0010000004000000,0000000004000000,3,0,,4,0342880b
0010000004000000,0000000020080000,4,0,,10,0222e00b
0010000004000000,0000000021080000,5,0,,2,0262e808
0010000004000000,0000000200004000,4,0,,4,0123c109
0010000004000000,0000000300004000,5,0,,10,0122c10d
0010000004000000,000000060000c000,6,0,,3,0143a809
0010000004000000,000000070000c000,7,0,,6,0102e80d
0010000004000020,0000000000000000,3,0,,9,13228908
0010000004000020,0000000000080000,4,0,,4,12628908
0010000004000020,0000000001000000,4,0,,9,0322c10c
0010000004000080,0000000000000000,3,0,,68,03228125
0010000004000080,0000000001000000,4,0,,19,0322e006
0010000004000180,0000000000000000,4,0,,1,13636000
0010000004000188,0000000000000000,5,0,,1,13632002
0010000004000200,0000000000000000,3,41,0300e109,387,0300a01f
0010000004000200,0000000000004000,4,2,11608809,57,1120812d
0010000004000200,000000000000c000,5,2,1140c809,38,1100c01f
0010000004000200,0000000000080002,5,9,0221c109,189,0220a12d
0010000004000200,0000000000080003,6,0,,6,1260200f
0010000004000200,00000000001c4002,8,0,,6,1060e109
0010000004000200,00000000001cc002,9,0,,2,1040e80d
0010000004000200,0000000001000000,4,1,0320e108,36,0320a10e
0010000004000200,0000000001080002,6,0,,8,0220e12c
0010000004000200,0000000004000000,4,0,,16,0300803f
0010000004000200,0000000020080002,6,0,,20,0220a01f
0010000004000200,0000000021080002,7,0,,2,0261e00a
0010000004000200,0000000200004000,5,0,,12,0121812d
0010000004000200,0000000201004000,6,0,,2,0161e108
0010000004000200,0000000300004000,6,0,,18,0120a12d
0010000004000200,0000000301004000,7,0,,1,0160a12c
0010000004000200,000000060000c000,7,0,,5,0141c80d
0010000004000200,000000070000c000,8,0,,8,0100c03f
0010000004000210,0000000000000000,4,1,13206009,40,1320001f
0010000004000210,0000000000080002,6,0,,1,1221600b
0010000004000210,0000000000080003,7,0,,4,1220003f
0010000004000220,0000000000000000,4,5,1320c108,47,1320812c
0010000004000220,0000000000004000,5,0,,4,1160812c
0010000004000220,0000000000080002,6,0,,14,1220c12c
0010000004000220,0000000001000000,5,1,0360c108,35,0320c10e
0010000004000220,0000000001080002,7,0,,4,0221c12c
0010000004000220,0000000201004000,7,0,,1,0161812c
0010000004000220,0000000301004000,8,0,,1,0160c12c
0010000004000280,0000000000000000,4,29,0320c103,352,0300c127
0010000004000280,0000000001000000,5,4,0360e004,54,0320e016
0010000004000280,0000000004000000,5,0,,2,03408925
0010000004000380,0000000000000000,5,0,,7,13616001
0010000004000388,0000000000000000,6,0,,5,13612003
0010000004200200,0000000000004000,5,0,,24,1160402d
0010000004200210,0000000000004000,6,0,,4,1120003f
0010000004400220,0000000000004000,6,0,,1,1120c12c
0010000004800280,0000000000004000,6,0,,10,1160a124
0010000004800280,000000000000c000,7,0,,3,1140e805
0010000005800280,0000000000004000,7,0,,6,1120c125
0010000005800280,000000000000c000,8,0,,2,1140c125
0010000040000200,0000000000000000,3,0,,1,0b612009
0010000040000200,0000000000800000,4,0,,1,0b614009
0010000040000200,0000000001000000,4,0,,2,0b612808
0010000040200200,0000000200004000,6,0,,1,09612809
00100000c0000200,0000000002000000,5,0,,2,0b602809
00100000c0200200,0000000302004000,9,0,,1,09606809
0010000100000000,0000000001000000,3,0,,2,0b23200a
0010000408000180,0000000001000000,6,0,,1,0b636000
0010000428000188,0000000000000000,7,0,,1,0b632001
0010000428000188,0000000001000000,8,0,,2,0b632002
0010000448000380,0000000000000000,7,0,,1,0b616001
0010000448000380,0000000001000000,8,0,,4,0b616002
0010000468000388,0000000000000000,9,0,,1,0b612801
0010000800000000,0000000004000000,3,0,,1,0a438109
0010004000800080,0000000200004000,6,0,,1,0963a001
0010004000800080,0000000201004000,7,0,,2,0963a800
0010004000800080,0000000300004000,7,0,,2,0962a801
0010004000800080,0000000301004000,8,0,,3,0962a802
0010004000800080,000000060000c000,8,0,,2,0943a801
0010004000800080,000000070000c000,9,0,,3,0942a805
0010004000800280,0000000200004000,7,0,,2,0961a801
0010004000800280,0000000201004000,8,0,,1,0961e800
0010004000800280,0000000300004000,8,0,,1,0960e801
0010004000800280,0000000301004000,9,0,,1,0960e804
0010004000800280,000000060000c000,9,0,,1,0941e801
0010004000800280,000000070000c000,10,0,,1,0940e805
0010004001800080,000000070000c000,10,0,,1,0942c805
0010004004800080,000000070000c000,10,0,,1,0142e805
0010004004800280,0000000200004000,8,0,,3,0161e005
0010004004800280,0000000201004000,9,0,,2,0161a124
0010004004800280,0000000300004000,9,0,,6,0120e125
0010004004800280,0000000301004000,10,0,,1,0160e124
0010004004800280,000000060000c000,10,0,,1,0141e805
0010004004800280,000000070000c000,11,0,,1,0140e125
0010004005800280,0000000200004000,9,0,,4,0121c125
0010004005800280,0000000300004000,10,0,,3,01608925
0010004005800280,000000060000c000,11,0,,1,0141c125
0010004005800280,000000070000c000,12,0,,1,0140c925
0010004408800180,0000000200004000,9,0,,1,09636001
0010004408800180,0000000201004000,10,0,,2,09636004
0010004428800188,0000000200004000,11,0,,1,09632801
0010008004000000,0000000000000000,3,0,,2,03236009
0010008004000000,0000000002000000,4,0,,8,0322200f
0010008004000000,0000000200004000,5,0,,2,01632809
0010008004000000,0000000302004000,7,0,,1,01626809
0010008004000000,0000000800000000,4,0,,3,03234809
0010008004000000,0000000802400000,6,0,,4,0322001f
0010008004000000,0000000a00004000,6,0,,1,01634809
0010008004000000,0000000b02404000,9,0,,1,0162480d
0010008044000200,0000000000000000,5,0,,6,0361200b
0010008044000200,0000000001000000,6,0,,3,0361600a
0010008044000200,0000000800800000,7,0,,6,0361400b
0010008044200200,0000000200004000,8,0,,2,0161600d
0010008044200200,0000000a00804000,10,0,,1,0161480d
00100080c4000200,0000000002000000,7,0,,9,0360200f
00100080c4000200,0000000802c00000,10,0,,5,0360001f
00100080c4200200,0000000302004000,11,0,,1,0160680d
00100080c4200200,0000000b02c04000,14,0,,1,0160401f
0010008244000210,0000000000000000,7,0,,2,0321600b
0010008244000210,0000000800800000,9,0,,1,0321001f
00100082c4000210,0000000002000000,9,0,,4,0320201f
00100082c4000210,0000000022080003,13,0,,1,0220601f
00100082c4000210,0000000802c00000,12,0,,2,0320003f
00100082c4200210,0000000302004000,13,0,,1,0120601f
00100082c4200210,0000000b02c04000,16,0,,1,0120403f
001000840c000180,0000000001000000,8,0,,2,03636002
001000844c000380,0000000000000000,9,0,,3,03616003
001000844c000380,0000000001000000,10,0,,3,03616006
0010020000000000,0000000000000000,2,1,13690008,26,096b000a
0010020000000000,0000000000800000,3,0,,1,0b694008
0010020000000000,0000000800000000,3,0,,2,036b0808
0010020000000000,0000000800800000,4,0,,8,0169480c
0010020000000022,0000000000000000,4,0,,1,1b630008
0010020000000022,0000000000004000,5,0,,2,19630808
0010020000000222,0000000000000000,5,0,,1,1b614008
0010020000008000,0000000000000000,3,0,,1,1a6b0008
0010020000008000,0000000000000002,4,0,,1,1a694008
0010020000008000,0000000000010000,4,0,,2,186b0808
0010020000008000,0000000000080002,5,0,,3,1269400a
0010020000008000,0000000020000000,4,0,,2,0a6b0808
0010020000008000,0000000020010000,5,0,,2,086b400c
0010020000008022,0000000000000000,5,0,,3,1a63000a
0010020000008022,0000000000014000,7,0,,1,18634808
0010020004000222,0000000000000000,6,0,,4,1361400a
0010020010000022,0000000001000000,6,0,,2,0b630808
0010020010000022,0000000201004000,8,0,,1,09634808
0010020010008022,0000000021000000,8,0,,1,0a634808
0010040000000000,0000000000000000,2,0,,18,11694003
0010040000000000,0000000000200000,3,0,,2,096b4001
0010040000000000,0000000000a00000,4,0,,2,0b690801
0010040000000000,0000000800200000,4,0,,2,036b0003
0010040000000000,0000000800a00000,5,0,,13,01694805
00100400040003c4,0000000000000000,8,0,,2,13614003
001004844c0003c4,0000000800a00000,15,0,,1,03614805
0010220000000000,0000000000000000,3,0,,28,092b080a
0010220000000000,0000000800800000,5,0,,3,0329400e
0010220000000022,0000000000000000,5,0,,3,1b23000a
0010220000008000,0000000000000000,4,0,,4,182b4048
0010220000008000,0000000000010000,5,0,,2,182b400c
0010220000008000,0000000020000000,5,0,,4,0a2b400a
0010220000008000,0000000020010000,6,0,,2,082b402c
0010220000008022,0000000000000000,6,0,,2,1a23400a
0010220000400022,0000000000004000,7,0,,1,19234808
0010220110000022,0000000001000000,8,0,,4,0b23080a
0010440000000000,0000000000000000,3,0,,3,13290803
0010440000000000,0000000000200000,4,0,,3,092b4005
0010440000000000,0000000800200000,5,0,,1,032b4005
0010440000000000,0000000800a00000,6,0,,4,03294007
0010800004000390,0000000000000000,7,0,,1,13216006
0012000000000000,0000000000000000,2,20,0328c006,214,0129c124
0012000000000000,0000000100000000,3,0,,22,0128c924
00120000000000a0,0000000000000000,4,0,,7,1b22c002
00120000000000a0,0000000001000000,5,0,,10,0b22c006
00120000000002a0,0000000000000000,5,0,,7,1b60c002
00120000000002a0,0000000001000000,6,0,,6,0b60c804
00120000040000a0,0000000000000000,5,0,,5,1362c002
00120000040000a0,0000000001000000,6,0,,3,0362c804
00120000040002a0,0000000000000000,6,2,1360c800,27,1320c016
00120000040002a0,0000000001000000,7,0,,23,0320c924
00120000058002a0,0000000000004000,9,0,,1,1160c124
00120040058002a0,0000000201004000,12,0,,1,0161c124
00120040058002a0,0000000301004000,13,0,,1,0160c924
0012010000000000,0000000000000000,3,14,03688802,194,01698124
0012010000000000,0000000100000000,4,0,,4,01688924
00120100000000a0,0000000000000000,5,0,,5,1b228802
00120100000000a0,0000000001000000,6,0,,2,0b628802
00120100000002a0,0000000000000000,6,0,,5,1b608802
00120100040000a0,0000000000000000,6,0,,3,13628802
00120100040000a0,0000000001000000,7,0,,1,03628124
00120100040002a0,0000000000000000,7,0,,14,13608124
00120100040002a0,0000000001000000,8,0,,3,03608126
0012060000000000,0000000000000000,4,1,13694000,15,11694044
0012060000000000,0000000000200000,5,0,,3,096b4004
0012060000000000,0000000000a00000,6,0,,4,0b694002
0012060000000000,0000000800200000,6,0,,2,036b4002
0012060000000000,0000000800a00000,7,0,,12,01694016
00120600000001e6,0000000000000000,10,0,,1,1b634000
0012070000000000,0000000000000000,5,0,,11,13690006
0012070000000000,0000000000200000,6,0,,2,0b6b0002
0012070000000000,0000000800a00000,8,0,,1,03690016
0012660000000000,0000000000000000,6,0,,5,13294006
0012660000000000,0000000000200000,7,0,,3,0b2b4002
0012660000000000,0000000800200000,8,0,,1,032b4006
0012660000000000,0000000800a00000,9,0,,2,03294016
0012670000000000,0000000000000000,7,0,,1,1b2b0002
0012670000000000,0000000000200000,8,0,,2,0b2b0006
0014000000000000,0000000000000000,2,10,0328200e,157,0328201e
0014000000000000,0000000000004000,3,0,,7,1962200a
0014000000000000,0000000003000000,4,0,,6,0b62200a
0014000000000000,0000000100000000,3,1,096a2008,52,0128601e
0014000000000000,0000000303004000,7,0,,9,0962280a
0014000000000200,0000000000000000,3,0,,3,1b60200a
0014000000200200,0000000000004000,5,0,,1,19606808
0014000000400000,0000000000004000,4,0,,3,1922600a
0014000004000000,0000000000000000,3,0,,3,1362200a
0014000004000200,0000000000000000,4,0,,8,1360200e
0014000004000210,0000000000000000,5,0,,2,1320600e
00140000c0000200,0000000003000000,7,0,,1,0b606808
0014000100000000,0000000003000000,5,0,,6,0b22200e
0014000100400000,0000000303004000,9,0,,1,0922680c
0014008004000000,0000000003000000,6,0,,1,03626808
00140080c4000200,0000000003000000,9,0,,2,0360600e
0014020000000000,0000000000000000,3,2,1368000a,44,1168400e
0014020000000000,0000000000400000,4,0,,6,0b6a000a
0014020000000000,0000000000c00000,5,0,,2,0b68400c
0014020000000000,0000000100400000,5,0,,10,096a080a
0014020000000000,0000000800400000,5,0,,3,036a080a
0014020000000000,0000000800c00000,6,0,,9,0368400e
0014020000000000,0000000900400000,6,0,,1,016a480c
0014020000000022,0000000000000000,5,0,,1,1b624008
0014020000000022,0000000000004000,6,0,,5,1962400a
0014020000000023,0000000000000000,6,0,,3,1b62000a
0014020000000023,0000000000004000,7,0,,1,1962080a
0014020000000222,0000000000000000,6,0,,1,1b604808
0014020004000022,0000000000000000,6,0,,1,13624808
0014020004000222,0000000000000000,7,0,,3,1360400e
0014020010000022,0000000003400000,9,0,,4,0b62400a
0014020010000022,0000000303404000,12,0,,2,0962480c
0014020010000023,0000000003400000,10,0,,1,0b62080a
0014220000000000,0000000000000000,4,1,1b2a0008,48,1328001e
0014220000000000,0000000000400000,5,3,0b2a000a,21,0b2a000e
0014220000000000,0000000000c00000,6,0,,2,0b28400e
0014220000000000,0000000100400000,6,1,092a4808,20,092a001e
0014220000000000,0000000800400000,6,0,,3,032a400e
0014220000000000,0000000800c00000,7,0,,5,0328401e
0014220000000022,0000000000000000,6,0,,5,1b22400a
0014220000000023,0000000000000000,7,0,,8,1b22000e
0014220000400022,0000000000004000,8,0,,3,1922480a
0014220110000022,0000000003400000,11,0,,8,0b22400e
0014220110000023,0000000003400000,12,0,,1,0b22001e
0014220110400022,0000000303404000,15,0,,2,0922401e
0018000000000000,0000000000000000,2,9,03282007,141,03282017
0018000000000000,0000000100000000,3,0,,51,01286017
0018000000000188,0000000000000000,5,0,,1,1b622001
0018000000000380,0000000000000000,5,0,,1,1b606001
0018000000000388,0000000000000000,6,0,,2,1b602003
0018000000800180,0000000000004000,6,0,,1,19626001
0018000000800188,0000000000004000,7,0,,1,19622801
0018000000a00380,0000000000004000,8,0,,1,19606801
0018000004000188,0000000000000000,6,0,,1,13622003
0018000004000380,0000000000000000,6,0,,4,13606003
0018000004000388,0000000000000000,7,0,,2,13602007
0018000408000180,0000000002000000,7,0,,1,0b626001
0018000428000188,0000000002000000,9,0,,2,0b622003
00180004c8000380,0000000002000000,10,0,,1,0b606801
0018004408800180,0000000302004000,12,0,,2,09626005
00180044c8a00380,0000000302004000,16,0,,1,09606805
00180084cc000380,0000000002000000,12,0,,2,03606007
0018040000000000,0000000000000000,3,1,13684001,31,11684007
0018040000000000,0000000000600000,5,0,,3,0b6a0003
0018040000000000,0000000000e00000,6,0,,4,0b684003
0018040000000000,0000000100600000,6,0,,2,096a4005
0018040000000000,0000000100e00000,7,0,,1,09684805
0018040000000000,0000000800600000,6,0,,2,036a4003
0018040000000000,0000000800e00000,7,0,,15,03680017
0018040000000000,0000000900e00000,8,0,,1,01684017
00180400040003c4,0000000000000000,9,0,,1,13604805
0018440000000000,0000000000000000,4,0,,20,13280017
0018440000000000,0000000000600000,6,0,,10,0b2a0007
0018440000000000,0000000000e00000,7,0,,3,0b284007
0018440000000000,0000000100600000,7,0,,4,092a0017
0018440000000000,0000000800600000,7,0,,2,032a4007
0018440000000000,0000000800e00000,8,0,,7,03284017
0018800000000188,0000000000000000,6,0,,1,1b222003
0018800004000390,0000000000000000,8,0,,1,13206007
0018800408000180,0000000002000000,8,0,,1,0b226003
0018c400000001c4,0000000000000000,9,0,,1,1b224003
001c000000000000,0000000000000000,3,28,03282016,295,03282036
001c000000000000,0000000100000000,4,0,,76,01286816
001c000000000180,0000000000000000,5,0,,1,1b626000
001c000000000188,0000000000000000,6,0,,5,1b622002
001c000000000380,0000000000000000,6,0,,4,1b606002
001c000000000388,0000000000000000,7,0,,1,1b602802
001c000000800180,0000000000004000,7,0,,6,19626002
001c000000800188,0000000000004000,8,0,,2,19622802
001c000000a00380,0000000000004000,9,0,,1,19606804
001c000004000180,0000000000000000,6,0,,2,13626002
001c000004000188,0000000000000000,7,0,,2,13622006
001c000004000380,0000000000000000,7,0,,6,13606006
001c000004000388,0000000000000000,8,0,,1,13602016
001c000408000180,0000000003000000,9,0,,5,0b626002
001c000428000188,0000000003000000,11,0,,6,0b622006
001c0004c8000380,0000000003000000,12,0,,4,0b606006
001c004408800180,0000000303004000,14,0,,4,09626006
001c00840c000180,0000000003000000,11,0,,1,03626006
001c00842c000188,0000000003000000,13,0,,1,03622016
001c0084cc000380,0000000003000000,14,0,,2,03606016
001c800000000180,0000000000000000,6,0,,1,1b226002
001c800000000188,0000000000000000,7,0,,1,1b222006
001c800004000180,0000000000000000,7,0,,1,13226006
001c800004000390,0000000000000000,9,0,,2,13206016
001c800508000180,0000000003000000,11,0,,1,0b226006
001c800528000188,0000000003000000,13,0,,1,0b222016
001c80850c000180,0000000003000000,13,0,,1,03226016
001e060000000000,0000000000000000,6,2,13684002,34,11684016
001e060000000000,0000000000600000,8,0,,6,0b6a4002
001e060000000000,0000000000e00000,9,0,,5,0b684006
001e060000000000,0000000100600000,9,0,,4,096a4006
001e060000000000,0000000800600000,9,0,,3,036a4006
001e060000000000,0000000800e00000,10,0,,10,03684016
001e060000000000,0000000900600000,10,0,,1,016a4016
001e060000000000,0000000900e00000,11,0,,1,01684816
001e0600000001e6,0000000000000000,12,0,,1,1b624002
001e0600040003e6,0000000000000000,14,0,,1,13604016
001e070000000000,0000000000000000,7,0,,11,13680016
001e070000000000,0000000000600000,9,0,,3,0b6a0006
001e070000000000,0000000100600000,10,0,,1,096a0016
001e660000000000,0000000000000000,8,0,,17,13284016
001e660000000000,0000000000600000,10,0,,10,0b2a4006
001e660000000000,0000000000e00000,11,0,,2,0b284016
001e660000000000,0000000100600000,11,0,,2,092a4016
001e660000000000,0000000800600000,11,0,,2,032a4016
001e660000000000,0000000800e00000,12,0,,3,03284056
001e670000000000,0000000000000000,9,0,,5,1b2a0006
001e670000000000,0000000000600000,11,0,,3,0b2a0016
001e670000000000,0000000100600000,12,0,,1,092a0816
001ee605180001e6,0000000003600000,23,0,,1,0b224016
0020000000000000,0000000000000000,1,551,0108e884,5124,0108609e
0020000000000000,0000000000000002,2,0,,19,0a08e08a
0020000000000000,0000000000000010,2,38,020ce084,449,020c6096
0020000000000000,0000000000001010,3,0,,25,1244a046
0020000000000000,0000000000001034,5,0,,1,184f2040
0020000000000000,0000000000001450,5,0,,1,120ce044
0020000000000000,0000000000002000,2,0,,32,120cc00e
0020000000000000,0000000000010000,2,29,080a608c,257,080a209e
0020000000000000,0000000000012000,3,0,,8,180e880c
0020000000000000,0000000000030010,4,11,080e6084,94,080e2096
0020000000000000,0000000000040000,2,0,,4,180c60c8
0020000000000000,0000000000040010,3,0,,7,180c60c4
0020000000000000,0000000000041010,4,0,,1,184ce040
0020000000000000,0000000000050000,3,0,,53,084c6888
0020000000000000,0000000000050002,4,0,,11,0848688c
0020000000000000,0000000000052000,4,0,,1,184cc808
0020000000000000,0000000000070010,5,4,1844a880,61,080ce884
0020000000000000,0000000000080000,2,0,,56,020a209e
0020000000000000,0000000000080002,3,3,0248e088,79,0208609e
0020000000000000,0000000000100000,2,0,,6,100e60c8
0020000000000000,0000000000100010,3,0,,15,004e60c4
0020000000000000,0000000000110000,3,5,100ea088,95,000e608e
0020000000000000,0000000000130010,5,11,004e6084,111,000e6096
0020000000000000,0000000000140000,3,0,,21,100c60cc
0020000000000000,0000000000140010,4,0,,19,004ce0c4
0020000000000000,0000000000141010,5,0,,3,104ce044
0020000000000000,0000000000141034,7,0,,1,104d6044
0020000000000000,0000000000150000,4,11,100c608c,152,000c609e
0020000000000000,0000000000152000,5,0,,3,104cc80c
0020000000000000,0000000000170010,6,11,100ce084,114,000c6896
0020000000000000,0000000000180000,3,0,,2,004a68c8
0020000000000000,0000000000190000,4,0,,40,000a609e
0020000000000000,00000000001d0002,6,0,,19,0048609e
0020000000000000,0000000001000000,2,33,0244e088,537,0144a88a
0020000000000000,0000000001000010,3,3,0246e080,75,0204e096
0020000000000000,0000000001010000,3,12,0842288c,83,0842209e
0020000000000000,0000000001050000,4,0,,2,0844e888
0020000000000000,0000000001110000,4,0,,7,0046a88c
0020000000000000,0000000001150000,5,0,,2,0044e88c
0020000000000000,0000000004000000,2,2,090a8888,79,014b8888
0020000000000000,0000000004010000,3,0,,7,080e888c
0020000000000000,0000000005000000,3,2,09428888,37,0344888a
0020000000000000,0000000005010000,4,0,,1,08478888
0020000000000000,0000000018000000,3,0,,13,030d6006
0020000000000000,0000000019000000,4,0,,1,0b472008
0020000000000000,0000000020000000,2,0,,8,020ce00e
0020000000000000,0000000020002000,3,0,,1,0a0ec00c
0020000000000000,0000000021000000,3,0,,5,0a06e00c
0020000000000000,0000000024002000,4,0,,1,0a4e8808
0020000000000000,0000000400000000,2,0,,28,010de006
0020000000000000,0000000410000000,3,0,,1,014d6044
0020000000000000,0000000418000000,4,0,,21,014d2016
0020000000000000,0000000420010000,4,0,,1,084fa008
0020000000000000,00000004b8010000,7,0,,2,084f2808
0020000000000000,0000000500000000,3,1,014ce004,76,010ce00e
0020000000000000,0000000504000000,4,0,,2,090e880c
0020000000000000,0000000520010000,5,0,,5,080ee00c
0020000000000000,0000000520012000,6,0,,2,080ec80c
0020000000000000,0000000601000000,4,0,,3,0145e00c
0020000000000000,0000000619000000,6,0,,2,09472808
0020000000000000,0000000621010000,6,0,,2,0847a808
0020000000000000,00000006b9010000,9,0,,2,0847600c
0020000000000000,0000000701000000,5,0,,6,0144e80c
0020000000000000,0000000721010000,7,0,,3,0846a80c
0020000000000020,0000000000000000,2,11,1144c00c,131,1144812c
0020000000000020,0000000000002000,3,0,,46,1244812c
0020000000000020,0000000000012000,4,0,,5,1846880c
0020000000000020,0000000001000000,3,0,,4,0344c80c
0020000000000020,0000000005000000,4,0,,1,0b468808
0020000000000020,0000000021002000,5,0,,1,0a46c808
0020000000000020,0000000605000000,6,0,,1,09478808
0020000000000020,0000000701000000,6,0,,1,0946c808
0020000000000080,0000000000000000,2,1,1b02a080,10,1b02a082
0020000000000080,0000000001000000,3,2,0b02e080,21,0b02a086
0020000000000180,0000000000000000,3,0,,7,1b026082
0020000000000188,0000000000000000,4,1,1b422080,12,1b022086
0020000000000200,0000000000000000,2,0,,34,1940288c
0020000000000200,0000000000000002,3,0,,10,1a00e188
0020000000000200,0000000000050002,5,0,,3,1840e888
0020000000000200,0000000001000000,3,0,,12,0940a88c
0020000000000200,0000000001000002,4,0,,4,0a40a988
0020000000000200,0000000001050002,6,0,,1,0841e888
0020000000000200,0000000005000000,4,0,,1,0b418888
0020000000000210,0000000000000000,3,0,,1,1b006888
0020000000000280,0000000000000000,3,1,1b40a080,19,1b00a086
0020000000000280,0000000001000000,4,1,0b40a880,16,0b00e086
0020000000000380,0000000000000000,4,0,,6,1b406082
0020000000000388,0000000000000000,5,0,,5,1b402882
0020000000000390,0000000000000000,5,0,,2,1b006086
0020000000100000,0000000000000010,3,4,12466080,93,120420b6
0020000000100000,0000000000001034,6,0,,2,18476040
0020000000100000,0000000000030010,5,8,18462082,28,18462086
0020000000100000,0000000000040010,4,0,,3,184460c4
0020000000100000,0000000000070010,6,0,,7,18446094
0020000000100000,0000000000100010,4,0,,4,104660c4
0020000000100000,0000000000130010,6,1,10466084,16,10462096
0020000000100000,0000000000140010,5,0,,2,104468c4
0020000000100000,0000000000170010,7,0,,10,10446096
0020000000200000,0000000000000000,2,4,11456004,46,1145200e
0020000000200000,0000000000050000,4,0,,2,1845600c
0020000000200000,0000000000150000,5,0,,1,1045680c
0020000000400000,0000000000000000,2,74,11046086,562,1104209e
0020000000400000,0000000000000010,3,0,,1,1806e0c0
0020000000400000,0000000000010000,3,9,18026888,76,1802608e
0020000000400000,0000000000030010,5,1,1806e080,10,1806a884
0020000000400000,0000000000040000,3,0,,1,1804e0c8
0020000000400000,0000000000050000,4,0,,6,1804688c
0020000000400000,0000000000070010,6,0,,2,1804e884
0020000000400000,0000000000100000,3,0,,2,1006a8c8
0020000000400000,0000000000100010,4,0,,1,1006e0c4
0020000000400000,0000000000110000,4,0,,15,1006688c
0020000000400000,0000000000130010,6,0,,5,1006e086
0020000000400000,0000000000140000,4,0,,2,1004e0cc
0020000000400000,0000000000150000,5,1,1004e08c,11,1004609e
0020000000400000,0000000000170010,7,0,,3,1004e096
0020000000400000,0000000001000000,3,7,09026888,80,0104e18c
0020000000400000,0000000001010000,4,4,0802e888,39,0802609e
0020000000400000,0000000001110000,5,0,,1,0006e88c
0020000000400000,0000000005000000,4,0,,6,0906888a
0020000000400000,0000000701000000,6,0,,2,0906e00c
0020000000400020,0000000000000000,3,2,19068808,21,1104c12c
0020000000400020,0000000000012000,5,0,,1,1806c80c
0020000000400020,0000000701000000,7,0,,1,0906c80c
0020000000400200,0000000000000000,3,0,,2,1900e08c
0020000000400210,0000000000000000,4,0,,1,1900688c
0020000000500000,0000000000000010,4,0,,2,180660c4
0020000000500000,0000000000030010,6,1,18066084,8,18066086
0020000000600000,0000000000000000,3,0,,4,1105604c
0020000000800080,0000000000000000,3,1,1942a080,9,1942a082
0020000000800180,0000000000000000,4,1,19426080,8,19426082
0020000000800188,0000000000000000,5,3,19422084,21,19422086
0020000000800280,0000000000000000,4,1,1940a880,14,1940a882
0020000000800380,0000000000000000,5,1,19406880,8,19406882
0020000000800388,0000000000000000,6,0,,1,19412884
0020000000c00080,0000000000000000,4,0,,9,1902a884
0020000000c00180,0000000000000000,5,0,,7,19026086
0020000000c00280,0000000000000000,5,0,,1,1900e884
0020000004000000,0000000000000000,2,4,11422888,70,1142288a
0020000004000000,0000000000080000,3,0,,24,1202a88a
0020000004000000,0000000000190000,5,0,,9,1042688c
0020000004000000,0000000001000000,3,4,0142a888,39,0142a88a
0020000004000000,0000000001080000,4,1,0242a888,21,0202e08e
0020000004000000,0000000001190000,6,0,,4,0042e88c
0020000004000000,0000000005000000,4,0,,2,03428988
0020000004000080,0000000000000000,3,2,1302e080,24,1302a086
0020000004000080,0000000001000000,4,2,0342a880,34,0302a096
0020000004000180,0000000000000000,4,1,13426080,11,13026086
0020000004000188,0000000000000000,5,0,,9,13022096
0020000004000200,0000000000000000,3,9,1140a888,120,1140608e
0020000004000200,0000000000080002,5,2,1240a888,31,1200e08e
0020000004000200,00000000001d0002,8,0,,2,1040e88c
0020000004000200,0000000001000000,4,2,0340a888,62,0140e88c
0020000004000200,0000000001080002,6,0,,12,0240e18a
0020000004000200,00000000011d0002,9,0,,1,0041e88c
0020000004000200,0000000005000000,5,0,,1,03418988
0020000004000210,0000000000000000,4,0,,4,1300608e
0020000004000280,0000000000000000,4,7,1300e082,61,1300a096
0020000004000280,0000000001000000,5,4,0340e084,43,0300e096
0020000004000380,0000000000000000,5,0,,15,13406086
0020000004000388,0000000000000000,6,0,,5,13402096
0020000004000390,0000000000000000,6,0,,3,13006096
0020000004400000,0000000000000000,3,0,,11,1102688c
0020000004400000,0000000001000000,4,0,,2,0102e88c
0020000004400200,0000000000000000,4,0,,3,1100e88c
0020000004800080,0000000000000000,4,2,1142a880,16,1142a882
0020000004800180,0000000000000000,5,0,,11,11426086
0020000004800188,0000000000000000,6,0,,1,11432884
0020000004800280,0000000000000000,5,3,1140e084,24,1140a1a4
0020000004800380,0000000000000000,6,0,,6,11406096
0020000004c00080,0000000000000000,5,0,,1,1102e884
0020000004c00280,0000000000000000,6,0,,1,1100e1a4
0020000040000000,0000000001000000,3,0,,2,09452888
0020000040000000,0000000001050000,5,0,,1,08456888
0020000040000200,0000000001000000,4,0,,2,09416888
00200000c0000000,0000000001000000,4,0,,4,0944608c
00200000c0000200,0000000001000000,5,0,,2,0940688c
00200002c0400000,0000000001000000,6,0,,1,0904688c
0020000408000000,0000000001000000,4,0,,7,0b066082
0020000408000180,0000000001000000,6,1,0b426080,13,0b026086
0020000408100000,0000000001000010,6,1,0a466080,11,0a066086
0020000428000000,0000000001000000,5,1,0b462080,12,0b062086
0020000428000188,0000000001000000,8,1,0b422880,17,0b022096
0020000428100000,0000000001000010,7,1,0a462880,13,0a062096
0020000448000000,0000000001000000,5,0,,1,0b456080
0020000448000380,0000000001000000,8,0,,1,0b416880
0020000468000000,0000000001000000,6,0,,1,0b452880
00200004c8000000,0000000001000000,6,0,,2,0b446084
00200004c8000380,0000000001000000,9,0,,3,0b406882
00200004e8000000,0000000001000000,7,0,,1,0b442884
00200006c8000000,0000000001000000,7,0,,1,0b046884
0020004000000000,0000000001000000,3,6,0144e084,65,0144a096
0020004000000000,0000000001000010,4,0,,2,0846a8c0
0020004000000000,0000000001030010,6,2,0846a880,16,0846a092
0020004000000000,0000000001070010,7,0,,2,0844e884
0020004000000000,0000000001130010,7,0,,4,0046e884
0020004000000000,0000000001170010,8,0,,3,0044e096
0020004000000000,0000000601000000,5,0,,5,0145e804
0020004000000000,0000000701000000,6,0,,6,0144e124
0020004000400000,0000000001000000,4,1,0906e080,18,0104e096
0020004000400000,0000000001030010,7,0,,2,0806e884
0020004000800080,0000000001000000,5,2,0942a880,24,0942a086
0020004000800280,0000000001000000,6,0,,8,0940e882
0020004000c00080,0000000001000000,6,0,,3,0902e884
0020004004800080,0000000001000000,6,0,,12,0142a1a4
0020004004800280,0000000001000000,7,0,,9,0140e096
0020004408000000,0000000001000000,5,1,09466080,8,09466082
0020004408000000,0000000619000000,9,0,,2,09476004
0020004408100000,0000000001000010,7,0,,4,084660c4
0020004408100000,0000000001030010,9,3,08466084,16,08466086
0020004408400000,0000000001000000,6,1,09066084,10,09066086
0020004408500000,0000000001030010,10,0,,2,08066096
0020004408800180,0000000001000000,8,3,09426084,20,09426086
0020004408c00180,0000000001000000,9,0,,3,09026096
0020004428000000,0000000001000000,6,3,09462084,20,09462086
0020004428100000,0000000001000010,8,0,,1,084728c0
0020004428100000,0000000001030010,10,1,08472880,8,08462096
0020004428400000,0000000001000000,7,0,,1,09062096
0020004428800188,0000000001000000,10,2,09422884,14,09422096
0020004448000000,0000000001000000,6,0,,2,09456084
0020004448100000,0000000001070010,11,0,,1,08456884
0020004448800380,0000000001000000,10,0,,3,09416884
0020004468000000,0000000001000000,7,0,,1,09452884
00200044c8000000,0000000001000000,7,0,,3,09446884
00200044c8800380,0000000001000000,11,0,,1,094068c4
0020008000000000,0000000001000000,3,0,,18,0146288c
0020008000000000,0000000001110000,5,0,,3,0046688c
0020008000400000,0000000001000000,4,0,,1,0106688c
0020008004000000,0000000001000000,4,0,,16,0142688c
0020008004000000,0000000001080000,5,0,,3,0242608e
0020008004000000,0000000001190000,7,0,,1,0043688c
0020008040000000,0000000001000000,4,0,,4,0145608c
0020008044000200,0000000001000000,6,0,,3,0141688c
00200080c0000000,0000000001000000,5,0,,3,0144688c
00200080c4000200,0000000001000000,7,0,,2,0340608e
00200082c0000000,0000000001000000,6,0,,2,0304608e
0020008408000000,0000000001000000,5,0,,9,03066086
0020008408100000,0000000001000010,7,0,,5,02066096
002000840c000180,0000000001000000,8,0,,12,03026096
0020008428000000,0000000001000000,6,0,,8,03062096
0020008428100000,0000000001000010,8,0,,1,02462096
002000842c000188,0000000001000000,10,0,,4,03422096
0020008448000000,0000000001000000,6,0,,4,03456082
002000844c000380,0000000001000000,10,0,,2,03416086
00200084c8000000,0000000001000000,7,0,,5,03446086
00200084c8100000,0000000001000010,9,0,,1,02446096
00200084cc000380,0000000001000000,11,0,,2,03406096
00200084e8000000,0000000001000000,8,0,,1,03442096
00200086c8000000,0000000001000000,8,0,,2,03046096
00200086cc000390,0000000001000000,13,0,,1,03006896
002000c408000000,0000000001000000,6,0,,10,01466086
002000c408100000,0000000001130010,11,0,,2,00466096
002000c408400000,0000000001000000,7,0,,1,01066096
002000c40c800180,0000000001000000,10,0,,5,01426096
002000c428000000,0000000001000000,7,0,,2,01462096
002000c448000000,0000000001000000,7,0,,2,01456094
002000c44c800380,0000000001000000,12,0,,1,01416096
002000c4c8000000,0000000001000000,8,0,,4,01446096
002000c4cc800380,0000000001000000,13,0,,1,01406896
0020020000000000,0000000000000000,2,4,1144408c,154,094b4088
0020020000000000,0000000000010000,3,0,,18,084b408c
0020020000000000,0000000000400000,3,0,,8,094a408a
0020020000000000,0000000000410000,4,0,,5,084a488a
0020020000000000,0000000001000000,3,0,,2,09434888
0020020000000000,0000000001010000,4,0,,2,0843488c
0020020000000000,0000000001400000,4,0,,6,0942488c
0020020000000000,0000000001410000,5,0,,1,0846488c
0020020000000000,0000000004000000,3,0,,3,094b0888
0020020000000000,0000000004010000,4,0,,1,084f0888
0020020000000000,0000000004400000,4,1,094a0888,10,094a088a
0020020000000000,0000000005000000,4,0,,2,09470888
0020020000000000,0000000800000000,3,0,,1,014b4888
0020020000000000,0000000800400000,4,0,,1,014a488c
0020020000000000,0000000800800000,4,0,,1,0149488c
0020020000000001,0000000000000000,3,2,19420888,24,1146088c
0020020000000001,0000000000010000,4,0,,2,1846088c
0020020000000001,0000000005400000,6,0,,1,0b460888
0020020000000022,0000000000000000,4,0,,9,1345400a
0020020000000200,0000000000000000,3,0,,1,19414888
0020020000008000,0000000000012000,5,0,,2,184f0808
0020020000008022,0000000000002000,6,0,,2,1a470808
0020020000008022,0000000000012000,7,0,,2,1847400c
0020020000200022,0000000000000000,5,0,,3,1145480c
0020020004000000,0000000000000000,3,0,,3,1142488c
0020020004000200,0000000000000000,4,0,,2,1141488c
0020800000000000,0000000000000000,2,0,,5,13052016
0020800000400000,0000000000000000,3,0,,1,19076004
0020800000600000,0000000000000000,4,0,,1,19056804
0021220000000000,0000000000000000,4,4,110c408c,148,090b408c
0021220000000000,0000000000010000,5,2,180e0888,21,080b488c
0021220000000000,0000000000400000,5,1,090a4888,24,080a48cc
0021220000000000,0000000000410000,6,0,,5,080a409e
0021220000000000,0000000001000000,5,0,,1,0b034888
0021220000000000,0000000001400000,6,0,,3,0b02488c
0021220000000000,0000000004000000,5,0,,5,090b088a
0021220000000000,0000000004400000,6,0,,12,090a009e
0021220000000000,0000000800400000,6,0,,1,010e488c
0021220000000001,0000000000000000,5,1,1b060088,17,1304009e
0021220000000022,0000000000000000,6,0,,2,1b070808
0021220000008000,0000000000012000,7,0,,1,180f400c
0021220000400000,0000000000000000,5,2,19024888,31,1105488c
0021220000400000,0000000000010000,6,0,,7,1803488c
0021220000400000,0000000001000000,6,0,,2,0903488c
0021220000400000,0000000001400000,7,0,,2,090248cc
0021220000400001,0000000000000000,6,2,1906008c,13,1906008e
0021220000400022,0000000000000000,7,0,,4,1907080c
0022000000000000,0000000000000000,2,19,110cc084,368,010cc096
0022000000000000,0000000001000000,3,0,,6,0344c884
0022000000000000,0000000400000000,3,0,,1,014dc804
0022000000000000,0000000500000000,4,0,,4,090ec804
0022000000000020,0000000000000000,3,6,1144c804,85,1144c016
0022000000000020,0000000001000000,4,0,,1,0345c804
0022000000000080,0000000000000000,3,0,,4,1b02c082
0022000000000080,0000000001000000,4,0,,3,0b02c884
0022000000000280,0000000000000000,4,0,,4,1b40c082
0022000000400000,0000000000000000,3,1,1906c080,24,1104c096
0022000000400020,0000000000000000,4,0,,3,1906c044
0022000001800080,0000000000000000,5,0,,3,1942c084
0022000001800280,0000000000000000,6,0,,2,1940c884
0022000001c00080,0000000000000000,6,0,,1,1902c884
0022000004000080,0000000000000000,4,0,,4,1342c082
0022000004000280,0000000000000000,5,1,1340c880,16,1300c096
0022000004000280,0000000001000000,6,0,,3,0340c1a4
0022000005800080,0000000000000000,6,0,,1,1142c884
0022000005800280,0000000000000000,7,0,,2,1140c1a4
0022004000000000,0000000001000000,4,0,,3,0145c884
0022004000400000,0000000001000000,5,0,,1,0906c884
0022004001800080,0000000001000000,7,0,,2,0942c884
0022010000000000,0000000000000000,3,30,11458880,334,110c8096
0022010000000000,0000000004000000,4,0,,32,030c8096
0022010000000000,0000000005000000,5,0,,1,0b468880
0022010000000020,0000000000000000,4,4,13448802,52,13048816
0022010000000080,0000000000000000,4,0,,3,1b428082
0022010000000080,0000000005000000,6,0,,1,0b438880
0022010000000280,0000000000000000,5,0,,2,1b408882
0022010000400000,0000000000000000,4,1,19068880,8,19068882
0022010001800080,0000000000000000,6,0,,1,19438880
0022010004000080,0000000000000000,5,0,,2,13428882
0022010004000280,0000000000000000,6,0,,3,13408886
0022014000000000,0000000005000000,6,0,,1,09478880
0022060000000000,0000000000000000,4,4,114c4084,83,11484096
0022060000000000,0000000000200000,5,0,,2,094b4084
0022060000000000,0000000000600000,6,0,,5,094a4884
0022060000000000,0000000800600000,7,0,,1,014a4096
0022060000000000,0000000800e00000,8,0,,4,01484896
0022060000000044,0000000000000000,6,1,19464080,39,11444096
0022060000000066,0000000000000000,8,0,,7,13454006
00220600000001c4,0000000000000000,8,0,,1,1b424880
0022060000200066,0000000000000000,9,0,,1,19454804
00220600018001c4,0000000000000000,10,0,,2,19424884
0022070000000000,0000000000000000,5,1,194e0080,53,114c0096
0022070000000000,0000000004600000,8,0,,1,094a0096
0022070000000044,0000000000000000,7,0,,4,19470084
0022070000000045,0000000000000000,8,0,,8,13440096
0023660000000000,0000000000000000,7,1,190e4080,59,110c4096
0023660000000000,0000000000200000,8,0,,2,090b4884
0023660000000000,0000000000600000,9,0,,11,090a4096
0023660000000000,0000000800600000,10,0,,1,030a4096
0023660000000000,0000000800e00000,11,0,,2,03084896
0023660000000044,0000000000000000,9,0,,11,13044096
0023660000400044,0000000000000000,10,0,,10,19054884
0023670000000000,0000000000000000,8,1,190e0880,29,130c0096
0023670000000000,0000000004600000,11,0,,3,090a0896
0023670000000044,0000000000000000,10,0,,1,1b070880
0023670000000045,0000000000000000,11,0,,4,13040896
0024000000000000,0000000000000000,2,23,110c600c,211,110c201e
0024000000000000,0000000018000000,4,0,,13,030c600e
0024000000000000,000000001b000000,6,0,,2,0b462808
0024000000000000,0000000510000000,5,0,,1,094e2048
0024000000000000,0000000518000000,6,0,,21,010c601e
0024000000000000,0000000713000000,8,0,,1,09462848
0024000000000000,000000071b000000,9,0,,5,0946280a
0024000000200000,0000000000000000,3,4,1144600c,32,1144201e
0024000000400000,0000000000000000,3,3,1906200c,19,1106680c
0024000000600000,0000000000000000,4,0,,8,1104601e
0024000100000000,000000001b000000,7,0,,2,0b06600c
0024000100400000,000000071b000000,11,0,,1,0906680c
0024008000000000,000000071b000000,10,0,,1,0146680c
0024020000000000,0000000000000000,3,2,114c400c,40,114c400e
0024020000000000,0000000518400000,8,0,,2,094e400c
0024020000000022,0000000000000000,5,1,19464008,15,1146480c
0024020000000023,0000000000000000,6,1,19460808,9,1946080a
0024020000200022,0000000000000000,6,0,,2,1944404c
0024020010000022,000000071b400000,14,0,,1,0946480c
0025220000000000,0000000000000000,5,2,190e0808,39,110c401e
0025220000000000,0000000018400000,8,0,,2,0b0e400c
0025220000000000,0000000518400000,10,0,,1,090e480c
0025220000000022,0000000000000000,7,0,,9,1304401e
0025220000000023,0000000000000000,8,0,,5,1b06000e
0025220000400022,0000000000000000,8,2,1906400c,11,1906400e
002c000000000000,0000000000000000,3,52,110c6006,314,110c2036
002c000000000000,0000000010000000,4,0,,1,034c6044
002c000000000000,0000000018000000,5,0,,31,030c6016
002c000000000000,0000000510000000,6,0,,7,014c6844
002c000000000000,0000000518000000,7,0,,32,010c6816
002c000000200000,0000000000000000,4,4,11446044,30,11442036
002c000408000000,000000001b000000,9,0,,2,0b466004
002c004408000000,000000071b000000,13,0,,1,09466804
002c0084c8000000,000000001b000000,12,0,,1,03446016
002c800000000000,0000000000000000,4,1,13046006,24,13042036
002c800000400000,0000000000000000,5,1,19066004,6,19066006
002c800000600000,0000000000000000,6,0,,2,11046816
002e060000000000,0000000000000000,6,0,,27,114c4016
002e060000000066,0000000000000000,10,0,,8,13444016
002e070000000000,0000000000000000,7,0,,10,134c0016
002f660000000000,0000000000000000,9,0,,15,110c4816
002f660000000000,0000000518600000,15,0,,1,090e4016
002f670000000000,0000000000000000,10,0,,4,130c0816
002fe60000000066,0000000000000000,14,0,,3,13044816
0030000000000000,0000000000000000,2,6,0308e006,145,0308c12c
0030000000000000,0000000000000002,3,0,,1,1a48e008
0030000000000000,0000000000002000,3,0,,5,1a0ac00a
0030000000000000,0000000000008000,3,1,1148e004,49,1108e80c
0030000000000000,000000000000c000,4,0,,2,1842e048
0030000000000000,0000000000018000,4,0,,3,180ae00c
0030000000000000,000000000001a000,5,0,,3,180ac80c
0030000000000000,000000000001c000,5,0,,4,1842e00c
0030000000000000,0000000000080002,4,0,,8,0249e108
0030000000000000,0000000001000000,3,0,,5,0a42e108
0030000000000000,0000000020000000,3,0,,4,0a0ae00a
0030000000000000,0000000020002000,4,0,,2,0a0ac80c
0030000000000000,0000000021000000,4,0,,3,0a42e00c
0030000000000000,0000000400008000,4,0,,17,0149c80c
0030000000000000,0000000420018000,6,0,,1,084be008
0030000000000000,000000042001a000,7,0,,1,084bc808
0030000000000000,0000000500008000,5,0,,33,0148e00e
0030000000000000,0000000520018000,7,0,,3,080ae80c
0030000000000000,000000052001a000,8,0,,1,084ac80c
0030000000000000,000000060100c000,7,0,,1,0943e008
0030000000000000,000000062101c000,9,0,,1,0843e808
0030000000000000,000000070100c000,8,0,,2,0942e00c
0030000000000000,000000072100c000,9,0,,1,0842e848
0030000000000000,000000072101c000,10,0,,1,0842e80c
0030000000000020,0000000000000000,3,0,,6,1b02c00a
0030000000000020,0000000000002000,4,0,,4,1a42c00a
0030000000000020,000000000000c000,5,0,,3,1942c00c
0030000000000020,000000000001e000,7,0,,2,1842c80c
0030000000000020,0000000001000000,4,0,,6,0b02c80c
0030000000000020,0000000021002000,6,0,,1,0a43c808
0030000000000020,000000060100c000,8,0,,1,0943c808
0030000000000020,000000070100c000,9,0,,2,0942c80c
0030000000000080,0000000000000000,3,0,,1,1b42e000
0030000000000080,0000000001000000,4,0,,4,0b42e002
0030000000000200,0000000000000000,3,0,,1,1b40e008
0030000000000200,0000000000000002,4,0,,2,1a40e108
0030000000000200,000000000000c000,5,0,,1,1940e808
0030000000000200,0000000001000000,4,0,,1,0b40e808
0030000000000220,0000000000000000,4,0,,1,1b40c808
0030000000000280,0000000000000000,4,0,,6,1b40e002
0030000000000280,0000000001000000,5,0,,2,0b40e804
0030000000400000,000000000000c000,5,0,,2,1902e00c
0030000000400000,000000070100c000,9,0,,1,0902e80c
0030000000400020,000000000000c000,6,0,,1,1902c80c
0030000000800080,000000000000c000,6,0,,4,1942e004
0030000000800280,000000000000c000,7,0,,2,1940e804
0030000004000000,0000000000000000,3,0,,1,1342e008
0030000004000000,000000000000c000,5,0,,1,1142e808
0030000004000000,0000000000080000,4,0,,1,1242e808
0030000004000000,0000000001000000,4,0,,1,0342e808
0030000004000000,000000070100c000,9,0,,1,0142e80c
0030000004000020,0000000000000000,4,0,,1,1342c808
0030000004000080,0000000000000000,4,0,,4,1342e002
0030000004000080,0000000001000000,5,0,,2,0342e006
0030000004000200,0000000000000000,4,0,,9,1300e00e
0030000004000200,000000000000c000,6,0,,2,1140e80c
0030000004000200,0000000000080002,6,0,,4,1240e10a
0030000004000200,0000000001000000,5,0,,5,0340e10c
0030000004000220,0000000000000000,5,0,,7,1340c10c
0030000004000220,0000000001000000,6,0,,1,0340c12c
0030000004000280,0000000000000000,5,0,,16,1340e006
0030000004000280,0000000001000000,6,0,,5,0340e016
0030000004800280,000000000000c000,8,0,,2,1140e124
0030004000800080,000000060100c000,10,0,,2,0943e004
0030004000800080,000000070100c000,11,0,,1,0942e804
0030004004800280,000000060100c000,12,0,,1,0141e124
0030004004800280,000000070100c000,13,0,,1,0140e924
0030080000000000,0000000000000000,3,5,1348a002,150,030aa016
0030080000000000,0000000000000002,4,0,,2,1a48a00a
0030080000000000,0000000000002000,4,0,,2,1a4a8808
0030080000000000,0000000000008000,4,0,,36,1148a016
0030080000000000,000000000000c000,5,0,,6,1842a848
0030080000000000,0000000000018000,5,0,,4,184aa00a
0030080000000000,000000000001a000,6,0,,1,184b8808
0030080000000000,000000000001c000,6,0,,4,1842a80c
0030080000000000,0000000000080000,4,0,,1,124aa808
0030080000000000,0000000000080002,5,0,,7,1248a00e
0030080000000000,0000000001000000,4,0,,6,0a42a908
0030080000000000,0000000004000000,4,0,,7,0348812c
0030080000000000,0000000020000000,4,0,,3,0a4aa00a
0030080000000000,0000000021000000,5,0,,2,0a42a80a
0030080000000000,0000000400008000,5,0,,5,014ba808
0030080000000000,0000000404008000,6,0,,1,094b8808
0030080000000000,0000000420018000,7,0,,1,084ba808
0030080000000000,0000000500008000,6,0,,9,014aa80c
0030080000000000,0000000504008000,7,0,,2,094a880a
0030080000000000,0000000520018000,8,0,,2,084aa80a
0030080000000000,000000060100c000,8,0,,1,0943a808
0030080000000000,000000070100c000,9,0,,5,0942a80a
0030080000000020,0000000000000000,4,0,,7,1b02880a
0030080000000020,0000000000002000,5,0,,3,1a42880a
0030080000000020,000000000000c000,6,0,,2,1942880c
0030080000000020,0000000005000000,6,0,,2,0b428908
0030080000000080,0000000000000000,4,0,,6,1b42a002
0030080000000080,0000000001000000,5,0,,4,0b42a006
0030080000000200,0000000000000000,4,0,,3,1b40a108
0030080000000280,0000000000000000,5,0,,4,1b40a802
0030080000800080,000000000000c000,7,0,,2,1942a804
0030080004000000,0000000000000000,4,0,,1,1342a808
0030080004000020,0000000000000000,5,0,,1,13438808
0030080004000080,0000000000000000,5,0,,3,1342a006
0030080004000200,0000000000000000,5,0,,7,1340a10a
0030080004000220,0000000000000000,6,0,,1,1340812c
0030080004000280,0000000000000000,6,0,,4,1340a016
0032000000000000,0000000000000000,3,0,,43,0348c016
0032000000000000,0000000000008000,4,0,,7,1148c124
0032000000000000,0000000500008000,6,0,,3,0148c924
00320000000000a0,0000000000000000,5,0,,3,1b42c004
00320000000002a0,0000000000000000,6,0,,2,1b40c804
00320000040002a0,0000000000000000,7,0,,4,1340c016
00320000040002a0,0000000001000000,8,0,,1,0340c924
0032090000000000,0000000000000000,5,0,,14,13488016
0040000000000000,0000000000000000,1,2,13004449,88,1300064b
0040000000000000,0000000000000800,2,0,,15,12012649
0040000000000000,0000000000000801,3,0,,36,12006649
0040000000000000,0000000000008000,2,4,11080649,98,1108064b
0040000000000000,0000000000008800,3,0,,16,10092649
0040000000000000,0000000000008801,4,0,,24,1008624d
0040000000000000,000000000000c000,3,0,,74,1100264d
0040000000000000,000000000000c800,4,0,,19,10016649
0040000000000000,000000000000c801,5,0,,22,10026649
0040000000000000,0000000010000000,2,5,03080649,189,0301064b
0040000000000000,0000000010400000,3,0,,1,0b0a0249
0040000000000000,0000000012000000,3,3,03400649,67,0300264b
0040000000000000,0000000012400000,4,0,,2,0b020a49
0040000000000000,0000000090000800,4,0,,14,02430649
0040000000000000,0000000090000801,5,0,,18,02086649
0040000000000000,0000000092000801,6,0,,14,02422649
0040000000000000,00000000b0000801,6,0,,1,0a0a2249
0040000000000000,00000000b0400801,7,0,,1,0a0a4249
0040000000000000,00000000d0000800,5,0,,1,02496640
0040000000000000,0000000410008000,4,3,01492640,113,0109064b
0040000000000000,0000000410208000,5,0,,1,094b0241
0040000000000000,0000000410a08000,6,0,,1,09494241
0040000000000000,0000000490008800,6,0,,5,00492649
0040000000000000,00000004b0008800,7,0,,5,00496249
0040000000000000,00000004d0008800,7,0,,5,00496641
0040000000000000,00000004f0008800,8,0,,2,084b2241
0040000000000000,0000000510008000,5,3,01082649,85,0108045f
0040000000000000,0000000510408000,6,0,,6,090a024b
0040000000000000,0000000590008801,8,0,,8,00486649
0040000000000000,00000005b0008801,9,0,,4,080a224d
0040000000000000,00000005b0408801,10,0,,3,080a424d
0040000000000000,000000061000c000,6,1,01416640,60,0101464d
0040000000000000,000000069000c800,8,0,,7,00436648
0040000000000000,00000006b000c800,9,0,,4,08036249
0040000000000000,000000071200c000,8,1,09024449,45,01004e4d
0040000000000000,000000071240c000,9,0,,4,0902424d
0040000000000000,000000079200c801,11,0,,7,08024e49
0040000000000000,00000007b200c801,12,0,,3,08026a49
0040000000000000,0000000810400000,4,0,,1,030a4249
0040000000000000,0000000810800000,4,0,,3,03094249
0040000000000000,0000000810a00000,5,0,,1,03494241
0040000000000000,0000000810c00000,5,0,,2,0308424d
0040000000000000,0000000c10008000,5,0,,2,010b4249
0040000000000000,0000000c10808000,6,0,,6,0109424d
0040000000000000,0000000c10a08000,7,0,,2,01494245
0040000000000000,0000000d10408000,7,0,,3,010a424d
0040000000000000,0000000d10c08000,8,0,,3,0108025f
0040000000000000,0000000e1000c000,7,0,,1,01434249
0040000000000000,0000000e1080c000,8,0,,2,0141424d
0040000000000002,0000000000000000,2,0,,9,13014c48
0040000000000002,000000000000c000,4,0,,1,19034448
0040000000000010,0000000000000000,2,0,,2,13006249
0040000000000010,000000000000c000,4,0,,4,1100624d
0040000000000100,0000000000000000,2,0,,1,13416440
0040000000000108,0000000000000000,3,0,,1,13412c40
0040000000000140,0000000000000000,3,0,,1,13414441
0040000000000142,0000000000000000,4,0,,5,13414442
0040000000008000,0000000000002800,4,0,,3,12414648
0040000000008000,000000000000a800,5,0,,1,10494648
0040000000008000,000000000000e800,6,0,,1,18034648
0040000000008000,0000000090002800,6,0,,5,0249444c
0040000000008000,000000049000a800,8,0,,2,080b4648
0040000000008002,0000000000002800,5,0,,6,1241444a
0040000000008002,000000000000e800,7,0,,1,18434448
0040000000200000,000000000000c000,4,1,11404449,24,11004c4d
0040000000200000,000000000000c800,5,0,,1,10416449
0040000000200000,000000000000c801,6,0,,2,10406c49
0040000000200000,000000061000c000,7,0,,7,0141444d
0040000000200000,000000071200c000,9,0,,6,01404c4d
0040000000200002,000000000000c000,5,0,,3,1141444c
0040000000a00100,000000000000c000,6,0,,1,19416440
0040000001000000,000000000000c000,4,0,,5,11414641
0040000001000000,000000061000c000,7,0,,5,01414645
0040000001000000,000000061020c000,8,0,,1,09434241
0040000002098000,00000004d000a800,12,0,,1,084b4640
0040000003098000,000000000000e800,10,0,,1,18434640
0040000010000000,0000000010000000,3,2,03410648,19,0341064a
0040000010000000,000000061000c000,7,0,,6,0141464c
0040000010000002,0000000010000000,4,1,03414448,14,03410c4a
0040000010000002,000000061000c000,8,0,,2,09430c48
0040000010000020,000000061000c000,8,0,,1,09434248
0040000010008000,0000000090002800,7,0,,2,02434648
0040000010008000,000000069000e800,11,0,,1,08434648
0040000010008002,0000000090002800,8,0,,3,02434c48
0040000010008002,000000069000e800,12,0,,1,08434c48
0040000010200002,000000061000c000,9,0,,1,01414c4c
0040000011000000,000000061000c000,8,0,,3,01414e44
0040000080000000,000000071200c000,9,0,,1,01406a49
0040000100000000,0000000010000000,3,0,,2,03012e48
0040000100000000,000000061000c000,7,0,,2,0101664c
0040000100000000,000000069000c800,9,0,,1,08036648
0040000110000000,0000000010000000,4,0,,4,0301464c
0040000110000000,000000061000c000,8,0,,2,09030e48
0040000110000002,0000000010000000,5,0,,4,03014c4c
0040000110000002,000000061000c000,9,0,,1,09034c48
0040000110008000,0000000090002800,8,0,,1,0a034648
0040000110008002,0000000090002800,9,0,,1,0a034c48
0040000400000100,0000000010000000,4,0,,5,03416441
0040000400000140,0000000010000000,5,0,,2,03414445
0040000410000142,0000000010000000,7,0,,4,03414c44
0040000420000108,0000000010000000,6,0,,1,0b432440
0040001000000000,00000000d0000800,6,0,,2,02436640
0040001000000000,00000000f0000800,7,0,,1,0a436240
0040001000000000,00000006d000c800,10,0,,1,08436640
0040001000000000,00000006f000c800,11,0,,3,08436241
0040001010098000,00000000d0002800,11,0,,1,0a434640
0040002000000000,0000000090000800,5,0,,10,02410e49
0040002000000000,0000000092000801,7,0,,4,02402e49
0040002000000000,000000069000c800,9,0,,3,00416649
0040002010008000,0000000090002800,8,0,,3,0241464c
0040003000000000,00000000d0000800,7,0,,3,02416641
0040004400800100,000000061000c000,10,0,,1,09436440
0040004400a00100,000000061000c000,11,0,,1,09416c40
0040080000000000,0000000000000000,2,0,,2,13412248
0040080000000000,0000000000000800,3,0,,1,1a432240
0040080000000000,0000000000008000,3,1,11492240,9,11492242
0040080000000000,0000000000008800,4,0,,1,184b2240
0040080000000000,000000000000c000,4,0,,3,19412248
0040080000000000,000000000000c800,5,0,,1,18432248
0040080000000000,0000000010000000,3,0,,7,03492242
0040080000000000,0000000410008000,5,0,,13,01492246
0040080000000000,00000004b0008800,8,0,,1,084b2248
0040080000000000,000000061000c000,7,0,,2,09432248
0040080000000000,00000006b000c800,10,0,,1,08432a48
0040100000000000,0000000000000000,2,47,13000e09,591,1300041f
0040100000000000,0000000000000800,3,4,12410609,185,1201260b
0040100000000000,0000000000000801,4,12,12402609,231,1200260f
0040100000000000,0000000000000b00,5,0,,2,12096206
0040100000000000,0000000000008000,3,47,1108060d,499,1108021f
0040100000000000,0000000000008800,4,6,10492209,125,1009260b
0040100000000000,0000000000008801,5,9,10086609,125,1008221f
0040100000000000,0000000000008b00,6,0,,3,180b6201
0040100000000000,000000000000c000,4,33,11006609,342,11002e0d
0040100000000000,000000000000c800,5,9,10412609,124,1001660d
0040100000000000,000000000000c801,6,7,18022609,77,10026a0d
0040100000000000,0000000000018800,5,0,,1,184b2408
0040100000000000,000000000001c800,6,0,,2,18432c08
0040100000000000,0000000018000000,4,85,03010e09,859,0301041f
0040100000000000,0000000018200000,5,0,,3,0b430a01
0040100000000000,0000000018400000,5,1,0b0a0209,8,0b0a020b
0040100000000000,0000000018800000,5,0,,6,0b09020b
0040100000000000,0000000018a00000,6,0,,2,0b490a01
0040100000000000,0000000018c00000,6,0,,6,0b08020f
0040100000000000,000000001a000000,5,28,03002e09,227,0300043f
0040100000000000,000000001a400000,6,1,0b024209,13,0b02020f
0040100000000000,0000000098000800,6,6,02432608,121,02032e09
0040100000000000,0000000098000801,7,5,02482609,99,0208061f
0040100000000000,000000009a000801,8,5,0a022609,59,02026e09
0040100000000000,00000000b8000800,7,0,,33,0209220f
0040100000000000,00000000b8000801,8,1,0a0a2209,20,0208221f
0040100000000000,00000000b8400801,9,0,,9,0a0a020f
0040100000000000,00000000ba000801,9,0,,10,0202221f
0040100000000000,00000000ba400801,10,0,,2,0a024a0d
0040100000000000,00000000d8000800,7,0,,17,02492603
0040100000000000,00000000d8000b00,9,0,,3,02096606
0040100000000000,00000000f8000800,8,0,,16,02492207
0040100000000000,0000000418008000,6,42,0109060d,431,0109041f
0040100000000000,0000000418208000,7,0,,5,094b0203
0040100000000000,0000000418808000,7,0,,10,09090a0d
0040100000000000,0000000418a08000,8,0,,2,09494205
0040100000000000,0000000498008800,8,2,00492609,52,0009660d
0040100000000000,0000000498018800,9,0,,2,084b2c08
0040100000000000,00000004b8008800,9,4,00496209,50,0009221f
0040100000000000,00000004d8008800,9,0,,16,00496603
0040100000000000,00000004f8008800,10,1,084b6200,27,00492217
0040100000000000,00000004f8008b00,12,0,,1,080b6205
0040100000000000,0000000518008000,7,34,0108260b,274,0108043f
0040100000000000,0000000518408000,8,5,090a020b,26,090a020f
0040100000000000,0000000518c08000,9,0,,5,0908021f
0040100000000000,0000000598008801,10,2,080a2609,43,000a660d
0040100000000000,0000000598408801,11,0,,2,080a430d
0040100000000000,00000005b8008801,11,4,080a220d,33,0008223f
0040100000000000,00000005b8408801,12,2,080a420d,17,080a021f
0040100000000000,000000061800c000,8,22,01410e09,235,0101061f
0040100000000000,000000061880c000,9,0,,2,0941420d
0040100000000000,000000069800c800,10,1,08432608,27,00432e09
0040100000000000,000000069801c800,11,0,,2,0843640c
0040100000000000,00000006b800c800,11,3,08432209,27,00432a0d
0040100000000000,000000071a00c000,10,12,01406609,114,0100261f
0040100000000000,000000071a40c000,11,4,0902420d,23,0902021f
0040100000000000,000000079a00c801,13,0,,16,00426e09
0040100000000000,00000007ba00c801,14,2,08422a09,13,00426a0d
0040100000000000,00000007ba40c801,15,0,,2,0802421f
0040100000000000,0000000818000000,5,0,,10,0303420d
0040100000000000,0000000818200000,6,0,,1,034b4201
0040100000000000,0000000818400000,6,0,,12,030a020f
0040100000000000,0000000818800000,6,2,03094209,26,0309020f
0040100000000000,0000000818a00000,7,1,03494201,10,03414a05
0040100000000000,0000000818c00000,7,0,,17,0308021f
0040100000000000,000000081a400000,7,0,,3,0302021f
0040100000000000,00000008b8000800,8,0,,1,024b4209
0040100000000000,00000008b8400801,10,0,,1,020a021f
0040100000000000,00000008b8800800,9,0,,2,0249420d
0040100000000000,00000008b8c00801,11,0,,1,0208421f
0040100000000000,0000000c18008000,7,2,010b4209,18,010b021b
0040100000000000,0000000c18208000,8,0,,4,014b4203
0040100000000000,0000000c18808000,8,4,0109420d,26,0109021f
0040100000000000,0000000c18a08000,9,1,01494205,9,01494207
0040100000000000,0000000cb8008800,10,0,,2,004b420d
0040100000000000,0000000cb8808800,11,0,,1,00494a0d
0040100000000000,0000000d18408000,9,2,010a420d,21,010a021f
0040100000000000,0000000d18c08000,10,1,0148420d,16,0108023f
0040100000000000,0000000e1800c000,9,0,,6,01034a0d
0040100000000000,0000000e1880c000,10,0,,6,0141021f
0040100000000000,0000000f1a40c000,12,0,,2,0102421f
0040100000000002,0000000000000000,3,2,13410c08,31,13014c0c
0040100000000002,000000000000c000,5,0,,3,19034c08
0040100000000010,0000000000000000,3,2,13006209,32,1300021f
0040100000000010,0000000000000800,4,0,,3,1201220f
0040100000000010,0000000000000801,5,0,,2,1200221f
0040100000000010,000000000000c000,5,2,1100620d,24,1100023f
0040100000000020,0000000000000000,3,0,,2,1341420c
0040100000000020,000000000000c000,5,0,,4,11414a0c
0040100000000100,0000000000000000,3,0,,6,13416401
0040100000000108,0000000000000000,4,0,,5,13412c01
0040100000000140,0000000000000000,4,0,,1,13414c01
0040100000000142,0000000000000000,5,0,,3,13414c04
0040100000000148,0000000000000000,5,0,,2,1b410c01
004010000000014a,0000000000000000,6,0,,1,1b430c00
0040100000008000,0000000000002800,5,0,,30,1241460a
0040100000008000,000000000000a800,6,0,,3,180b4608
0040100000008000,000000000000e800,7,0,,2,18430e08
0040100000008000,000000000001a800,7,0,,2,184b0c08
0040100000008000,0000000098002800,8,1,0a4b0408,22,0249460a
0040100000008000,00000000b8002800,9,0,,1,0a4b4208
0040100000008000,000000049800a800,10,0,,3,080b460c
0040100000008000,000000049801a800,11,0,,1,084b4c08
0040100000008000,00000004b800a800,11,0,,2,084b420c
0040100000008002,0000000000002800,6,1,1a430408,13,12414c0a
0040100000008002,000000000001e800,9,0,,1,18434c08
0040100000008020,0000000000002800,6,0,,1,1a434208
0040100000008020,000000000000e800,8,0,,2,1843420c
00401000000b2000,00000000d8000b00,13,0,,1,0a0b4601
00401000000b3400,00000000d8000800,13,0,,1,0a4b0601
00401000000ba000,0000000000002800,9,0,,1,1a434600
00401000000ba000,00000000d8002800,13,0,,1,0a4b4600
00401000000ba000,00000000d8002b00,15,0,,1,0a0b4604
0040100000200000,000000000000c000,5,1,11406409,32,1100441f
0040100000200000,000000061800c000,9,0,,6,01414c0d
0040100000200000,000000071a00c000,11,0,,4,0100443f
0040100000800100,000000000000c000,6,0,,1,19436400
0040100000800108,000000000000c000,7,0,,1,19432c00
0040100001000000,000000000000c000,5,0,,10,11414605
0040100001000000,000000061800c000,9,0,,4,01414e05
0040100001000000,000000061820c000,10,0,,4,09434205
00401000020b2000,00000004d8008800,14,0,,1,084b4601
00401000020f6000,0000000000008800,11,0,,1,184b4201
0040100010000000,0000000018000000,5,5,0341060c,48,0341060e
0040100010000000,000000061800c000,9,0,,9,01414e0c
0040100010000002,0000000018000000,6,4,0341440c,31,0341440e
0040100010000002,000000061800c000,10,0,,2,0943440c
0040100010000020,0000000018000000,6,0,,1,0b434208
0040100010000020,000000061800c000,10,0,,3,0943420c
0040100010008000,0000000098002800,9,1,0a430608,9,0243460c
0040100010008000,000000069800e800,13,0,,2,0843460c
0040100010008002,0000000098002800,10,2,0a430c08,11,0a430c0a
0040100010008020,00000006b800e800,15,0,,1,08434a0c
0040100011000000,000000061800c000,10,0,,2,09434604
0040100080000000,000000001a000000,6,0,,6,0340220f
0040100080000000,000000071a00c000,11,0,,5,0140221f
0040100080000000,000000081ac00000,9,0,,2,0340021f
0040100080000000,0000000f1ac0c000,14,0,,1,0140421f
0040100100000000,0000000018000000,5,0,,16,0301260e
0040100100000000,0000000098000800,7,0,,4,0a03260c
0040100100000000,000000061800c000,9,0,,5,0903260c
0040100100000000,000000069800c800,11,0,,1,0803660c
0040100100000000,00000006b800c800,12,0,,1,08036a0c
0040100110000000,0000000018000000,6,1,0b030608,13,0301460e
0040100110000000,000000061800c000,10,0,,3,09030e0c
0040100110000002,0000000018000000,7,1,0b030c08,9,0b030c0a
0040100110000002,000000061800c000,11,0,,1,09034c0c
0040100110008000,0000000098002800,10,0,,2,0a03460c
0040100110008002,0000000098002800,11,0,,1,0a034c0c
0040100200000010,0000000018000000,6,0,,4,0301220f
0040100200000010,000000061800c000,10,0,,3,0101221f
0040100200000010,0000000818800000,8,0,,3,0301021f
0040100200000010,0000000e1880c000,12,0,,2,0101023f
0040100280000010,000000001a000000,8,0,,3,0300221f
0040100280000010,000000071a00c000,13,0,,2,0100223f
0040100280000010,000000081ac00000,11,0,,2,0300023f
0040100280000010,0000000f1ac0c000,16,0,,1,0100423f
0040100400000100,0000000018000000,6,0,,8,03416405
0040100400000140,0000000018000000,7,0,,3,03414c05
0040100410000142,0000000018000000,9,0,,2,0b434404
0040100420000108,0000000018000000,8,0,,6,03432c01
0040100420000148,0000000018000000,9,0,,1,0b430c01
0040100800000000,00000000ba400801,11,0,,1,0a02021f
0040101000000000,00000000d8000800,8,0,,8,02436601
0040101000000000,00000000f8000800,9,0,,6,02436206
0040101000000000,00000006d800c800,12,0,,6,08432e01
0040101000000000,00000006f800c800,13,1,08436201,11,00436216
00401010000b2000,00000000d8000800,12,0,,1,0a434601
0040102000000000,0000000098000800,7,3,02412609,42,0241060f
0040102000000000,000000009a000801,9,0,,11,0240260f
0040102000000000,00000000b8000800,8,0,,4,0241620b
0040102000000000,000000069800c800,11,0,,8,0041660b
0040102000000000,00000006b800c800,12,0,,4,0041221f
0040102010008000,0000000098002800,10,0,,3,0241460e
0040103000000000,00000000d8000800,9,0,,3,02416606
0040103000000000,00000000f8000800,10,0,,1,02416216
0040180000000000,0000000000000000,3,1,13492200,43,13092206
0040180000000000,0000000000000800,4,0,,19,12412216
0040180000000000,0000000000008000,4,7,11492202,49,1109220e
0040180000000000,0000000000008800,5,1,184b2200,14,10492216
0040180000000000,000000000000c000,5,1,19432200,17,11412216
0040180000000000,000000000000c800,6,1,18432208,8,1843220a
0040180000000000,0000000018000000,5,6,03492202,53,0309220e
0040180000000000,00000000b8000800,8,0,,4,0a43220a
0040180000000000,00000000f8000800,9,0,,5,02492216
0040180000000000,0000000418008000,7,5,0149220c,55,010b2216
0040180000000000,0000000498008800,9,0,,1,084b2308
0040180000000000,00000004b8008800,10,1,084b2208,5,084b220a
0040180000000000,00000004f8008800,11,0,,6,00492236
0040180000000000,000000061800c000,9,2,09432208,15,01432216
0040180000000000,000000069800c800,11,0,,1,08432b08
0040180000000000,00000006b800c800,12,1,08432a08,4,08432a0a
0040180000000020,0000000000000000,4,0,,1,1b430208
0040180000000020,000000000000c000,6,0,,2,1943020c
0040180000008000,000000000000a800,7,0,,1,184b0a08
0040180010000020,0000000018000000,7,0,,1,0b430a08
0040180010000020,000000061800c000,11,0,,1,09430a0c
0040180100000000,0000000018000000,6,0,,1,0b032a08
0040180100000000,000000061800c000,10,0,,1,09032a0c
0040181000000000,00000000f8000800,10,0,,2,02432216
0040181000000000,00000006f800c800,14,0,,1,08432216
0040400000000000,0000000410208000,6,0,,1,090b4241
0040500000000000,0000000000000000,3,0,,4,13090207
0040500000000000,0000000000008000,4,0,,3,190b0205
0040500000000000,0000000018200000,6,0,,4,0b0b0203
0040500000000000,0000000418208000,8,0,,5,090b0a05
0040500000000000,0000000818a00000,8,0,,1,03094207
0040800000000000,0000000000000000,2,0,,5,13012641
0040800000000000,000000000000c000,4,0,,1,11016641
0040800000000000,0000000010000000,3,0,,4,03014e41
0040800000000142,0000000000000000,5,0,,1,1b034440
0040800001000000,000000000000c000,5,0,,1,19034640
0040800001000000,000000061000c000,8,0,,1,09034641
0040800100000000,0000000010000000,4,0,,5,03016644
0040800100000000,000000061000c000,8,0,,1,09036640
0040800110000000,0000000010000000,5,0,,3,03014e44
0040800400000140,0000000010000000,6,0,,1,0b034441
0040800500000100,0000000010000000,6,0,,1,0b036440
0040800510000142,0000000010000000,9,0,,2,0b034444
0040900000000000,0000000000000000,3,0,,25,13012603
0040900000000000,0000000000000b00,6,0,,2,1a032601
0040900000000000,000000000000c000,5,0,,6,11016605
0040900000000000,0000000018000000,5,1,0b030601,19,03012607
0040900000000000,000000061800c000,9,0,,4,09032e01
0040900000000010,0000000000000000,4,0,,1,13016206
0040900000000140,0000000000000000,5,0,,1,1b034401
0040900000000142,0000000000000000,6,0,,1,1b034c00
0040900001000000,000000000000c000,6,0,,1,19034601
0040900001000000,000000061800c000,10,0,,1,09034605
0040900100000000,0000000018000000,6,0,,10,03012616
0040900100000000,000000061800c000,10,0,,1,09036604
0040900110000000,0000000018000000,7,0,,3,0b034602
0040900300000010,0000000018000000,8,0,,1,03016216
0040900400000100,0000000018000000,7,0,,1,0b036401
0040900400000140,0000000018000000,8,0,,2,0b034405
0040900500000100,0000000018000000,8,0,,1,0b036404
0040900510000142,0000000018000000,11,0,,1,0b034c04
0040901000000000,00000000d8000b00,11,0,,1,0a036601
0040d00000000000,0000000000000000,4,0,,1,1b034201
0041200000000000,0000000410008000,6,0,,1,090b4248
0041300000000000,0000000000000000,4,0,,1,1309420c
0041300000000000,0000000000008000,5,0,,1,190b4208
0041300000000000,0000000018000000,6,0,,1,0b0b4208
0041300000000000,0000000418008000,8,0,,2,090b420c
0041300000000000,0000000818800000,8,0,,1,0309420e
0041300000000020,0000000000000000,5,0,,1,1b034208
0041300000000020,000000000000c000,7,0,,2,1903420c
0041300000008000,000000000000a800,8,0,,1,180b420c
0041300000008000,00000004b800a800,13,0,,1,080b4a0c
0041300110000020,0000000018000000,9,0,,2,0b03420c
0041300110000020,000000061800c000,13,0,,1,09034a0c
0041380000000000,0000000000000000,5,0,,1,1b0b0208
0041380000000000,0000000000008000,6,0,,2,190b020c
0041380000000000,0000000018000000,7,0,,2,0b0b020c
0041380000000000,0000000418008000,9,0,,2,090b0a0a
0041380000000020,0000000000000000,6,0,,1,1b030a08
0042000000000000,0000000000000000,2,0,,1,13494240
0042000000000000,0000000000008000,3,0,,2,11494244
0042000000000000,0000000410208000,6,0,,1,094b4240
0042000001000020,000000000000c000,6,0,,1,19434240
0042100000000000,0000000000000000,3,0,,6,13494202
0042100000000000,0000000000008000,4,1,11494204,10,11494206
0042100000000000,0000000018200000,6,0,,1,0b4b4200
0042100000000000,0000000018a00000,7,0,,2,0b494204
0042100000000000,0000000418208000,8,0,,4,094b4202
0042100000000000,0000000418a08000,9,0,,1,09494a04
0042100000000000,0000000818200000,7,0,,1,034b4204
0042100000000000,0000000818a00000,8,0,,3,03494206
0042100000000000,0000000c18208000,9,0,,1,014b4a04
0042100000000000,0000000c18a08000,10,0,,2,01494216
0042100000000020,0000000000000000,4,0,,2,13414206
0042100001000020,000000000000c000,7,0,,2,19434204
0042100010000020,0000000018200000,8,0,,2,0b434204
0042100011000020,000000061820c000,13,0,,1,09434a04
0042190000000000,0000000000000000,5,0,,4,13490206
0042190000000000,0000000000008000,6,0,,2,194b0204
0042190000000000,0000000018200000,8,0,,1,0b4b0a00
0042190000000000,0000000818a00000,10,0,,1,03490216
0043700000000000,0000000000000000,6,0,,2,13094206
0043700000000000,0000000000008000,7,0,,1,190b4204
0043700000000000,0000000018200000,9,0,,1,0b0b4204
0043700000000000,0000000418208000,11,0,,1,090b4a04
0043700000000000,0000000818a00000,11,0,,1,03094216
0044000000000000,0000000000000000,2,1,13480448,55,13002e48
0044000000000000,0000000000008000,3,0,,34,1108264c
0044000000000000,000000000000c000,4,0,,20,1100664c
0044000000000000,0000000010000000,3,4,03480648,74,0308064e
0044000000000000,0000000012000000,4,2,03402648,23,0340264a
0044000000000000,0000000510008000,6,0,,48,01084e4c
0044000000000000,0000000510408000,7,0,,1,094a4248
0044000000000000,000000071200c000,9,0,,11,0140664c
0044000000000002,0000000000000000,3,2,13400c48,24,13004c4a
0044000000000002,000000000000c000,5,0,,5,11424c48
0044000000000020,000000000000c000,5,0,,1,19424248
0044000000200000,000000000000c000,5,0,,3,1140644c
0044000000200000,000000071200c000,10,0,,2,01406c4c
0044000000200002,000000000000c000,6,0,,2,11404c4c
0044000010000000,0000000012000000,5,1,03404648,13,03400e4a
0044000010000000,000000071200c000,10,0,,4,01404e4c
0044000010000002,0000000012000000,6,3,0340444c,29,0340444e
0044000010000002,000000071200c000,11,0,,2,0942444c
0044000100000000,0000000012000000,5,0,,9,0300664c
0044000100000000,000000071200c000,10,0,,5,09022e48
0044000110000000,0000000012000000,6,0,,5,03004e4c
0044000110000000,000000071200c000,11,0,,2,0902464c
0044000110000002,0000000012000000,7,1,0b024448,10,03024c4c
0044000110000002,000000071200c000,12,0,,1,09024c4c
0044080000000000,0000000000000000,3,0,,1,13482248
0044080000000000,0000000000008000,4,0,,5,1148224c
0044080000000000,000000000000c000,5,0,,2,19022a48
0044080000000000,0000000010000000,4,0,,1,0b0a2248
0044080000000000,0000000510008000,7,0,,3,090a224c
0044080000000000,000000071200c000,10,0,,1,09422a48
0044100000000000,0000000000000000,3,20,13082608,231,1300260e
0044100000000000,0000000000008000,4,7,1108620c,110,1108260e
0044100000000000,000000000000c000,5,3,11406608,48,11006e0c
0044100000000000,0000000018000000,5,34,0308260a,246,0308061e
0044100000000000,0000000018400000,6,0,,1,0b4a4208
0044100000000000,000000001a000000,6,9,03402e08,70,0340241e
0044100000000000,0000000518008000,8,8,0108660c,125,0108621e
0044100000000000,0000000518408000,9,0,,4,094a420a
0044100000000000,000000071a00c000,11,2,09422608,25,01406e0c
0044100000000002,0000000000000000,4,11,13400c0a,62,13004c0e
0044100000000002,000000000000c000,6,0,,4,19024c0c
0044100000000010,0000000000000000,4,0,,1,1300620e
0044100000000020,0000000000000000,4,0,,1,1b424208
0044100000000020,000000000000c000,6,0,,2,1942420c
0044100000200000,000000000000c000,6,0,,3,11406c0c
0044100010000000,000000001a000000,7,5,0340460c,32,0340061e
0044100010000000,000000071a00c000,12,0,,3,09420e0c
0044100010000002,000000001a000000,8,4,03404c0c,30,0340441e
0044100010000002,000000071a00c000,13,0,,1,09424c0c
0044100010000020,000000001a400000,9,0,,2,0b42420c
0044100010000020,000000071a40c000,14,0,,1,09424a0c
0044100080000000,000000001a000000,7,0,,1,0340620e
0044100080000000,000000071a00c000,12,0,,1,09406a0c
0044100100000000,000000001a000000,7,2,0b022608,28,0300660e
0044100100000000,000000071a00c000,12,0,,5,09022e0c
0044100110000000,000000001a000000,8,2,0b020e08,14,03024e0c
0044100110000000,000000071a00c000,13,0,,1,09024e0c
0044100110000002,000000001a000000,9,1,0b024c08,11,0b02041e
0044180000000000,0000000000000000,4,1,13482208,28,1308220e
0044180000000000,0000000000008000,5,5,1148220c,33,110a2a0c
0044180000000000,000000000000c000,6,1,19422208,8,11422a0c
0044180000000000,0000000018000000,6,0,,19,0308221e
0044180000000000,0000000018400000,7,0,,2,0b4a020c
0044180000000000,000000001a000000,7,0,,3,0b42220a
0044180000000000,0000000518008000,9,3,090a220c,22,0148221e
0044180000000000,0000000518408000,10,0,,2,094a0a0a
0044180000000000,000000071a00c000,12,1,09422a08,5,09422a0a
0044180000000021,0000000000000000,6,0,,1,1b420a08
0044180000000021,000000000000c000,8,0,,1,19420a0c
0044180100000000,000000001a000000,8,0,,2,0b02220e
0045200000000000,0000000000008000,5,0,,1,190a4248
0045200000000000,0000000510408000,9,0,,2,090a424c
0045280000000000,0000000000008000,6,0,,1,190a0a48
0045300000000000,0000000000000000,5,0,,2,1308420e
0045300000000000,0000000000008000,6,0,,4,190a420a
0045300000000000,0000000018400000,8,0,,3,0b0a420a
0045300000000000,0000000518408000,11,0,,6,090a420e
0045300000000020,0000000000000000,6,0,,2,1b02420c
0045300000000020,000000000000c000,8,0,,1,19024a0c
0045300110000020,000000001a400000,12,0,,1,0b024a0c
0045380000000000,0000000000000000,6,0,,3,1b0a020a
0045380000000000,0000000000008000,7,0,,2,190a0a0a
0045380000000000,0000000018400000,9,0,,3,0b0a020e
0045380000000000,0000000518408000,12,0,,3,090a021e
0048000000000000,0000000000000000,2,0,,18,13080643
0048000000000000,0000000000008000,3,0,,22,11082645
0048000000000000,000000000000c000,4,0,,5,11406245
0048000000000000,0000000010000000,3,0,,52,03080647
0048000000000000,0000000012000000,4,0,,6,03402e41
0048000000000000,0000000510008000,6,0,,43,01084e45
0048000000000000,0000000510608000,8,0,,1,094a4241
0048000000000000,000000071200c000,9,0,,7,01406645
0048000000000100,0000000000000000,3,0,,1,13406441
0048000000000108,0000000000000000,4,0,,1,13402c41
0048000000000140,0000000000000000,4,0,,2,13404445
0048000000a00100,000000000000c000,7,0,,1,11406c41
0048000001000000,000000071200c000,10,0,,1,09424641
0048000400000100,0000000012000000,6,0,,3,03406445
0048000400000140,0000000012000000,7,0,,4,03404c45
0048004400a00100,000000071200c000,14,0,,2,01406c45
0048100000000000,0000000000000000,3,4,13082203,134,13080607
0048100000000000,0000000000008000,4,10,11086205,109,11082217
0048100000000000,000000000000c000,5,1,19422201,19,11406605
0048100000000000,0000000018000000,5,14,03082207,196,03080617
0048100000000000,0000000018600000,7,0,,2,0b4a0a01
0048100000000000,0000000018e00000,8,0,,1,0b484a01
0048100000000000,000000001a000000,6,0,,25,03402607
0048100000000000,0000000518008000,8,10,01086605,125,01082617
0048100000000000,0000000518608000,10,0,,3,094a0a05
0048100000000000,0000000518e08000,11,0,,1,09484a05
0048100000000000,000000071a00c000,11,1,09426201,15,01406e05
0048100000000000,0000000818600000,8,0,,1,034a4205
0048100000000000,0000000818e00000,9,0,,2,03484207
0048100000000000,0000000d18608000,11,0,,1,014a4a05
0048100000000000,0000000d18e08000,12,0,,2,01484217
0048100000000100,0000000000000000,4,0,,4,13406403
0048100000000108,0000000000000000,5,0,,4,13402c03
0048100000000140,0000000000000000,5,0,,4,13404c03
0048100000000148,0000000000000000,6,0,,1,1b420c01
0048100000800100,000000000000c000,7,0,,1,19426401
0048100000800108,000000000000c000,8,0,,1,19422c01
0048100001000000,000000000000c000,6,0,,2,19424601
0048100080000000,000000001a000000,7,0,,3,03406207
0048100080000000,000000071a00c000,12,0,,1,09406a05
0048100400000100,000000001a000000,8,0,,4,03406c05
0048100400000140,000000001a000000,9,0,,1,0b424c01
0048100420000108,000000001a000000,10,0,,1,0b422c01
0048400000000000,0000000510608000,9,0,,1,090a4245
0048500000000000,0000000000000000,4,0,,4,13084207
0048500000000000,0000000000008000,5,0,,2,190a4205
0048500000000000,0000000018600000,8,0,,4,0b0a0207
0048500000000000,0000000518608000,11,0,,3,090a0217
0048500000000000,0000000818600000,9,0,,1,030a4207
0048500000000000,0000000818e00000,10,0,,2,03084217
0048800000000000,0000000000000000,3,0,,2,13004e41
0048800000000000,0000000012000000,5,0,,7,03004e45
0048800000000000,000000071200c000,10,0,,1,09026641
0048800000000100,0000000000000000,4,0,,1,13006c41
0048800000000140,0000000000000000,5,0,,2,13004c45
0048800400000100,0000000012000000,7,0,,2,03006c45
0048800400000140,0000000012000000,8,0,,2,0b024445
0048900000000000,0000000000000000,4,0,,13,13002607
0048900000000000,000000000000c000,6,0,,3,19026205
0048900000000000,000000001a000000,7,0,,12,03006607
0048900000000000,000000071a00c000,12,0,,2,09026605
0048900000000010,0000000000000000,5,0,,1,13006207
0048900000000100,0000000000000000,5,0,,1,1b026401
0048900000000140,0000000000000000,6,0,,1,1b024c01
0048900400000100,000000001a000000,9,0,,2,0b026405
0048900400000140,000000001a000000,10,0,,1,0b024c05
004c000000000000,0000000000000000,3,0,,61,13082446
004c000000000000,0000000000008000,4,1,11486240,42,11086642
004c000000000000,000000000000c000,5,0,,9,11406644
004c000000000000,0000000010000000,4,3,03086640,101,03082646
004c000000000000,0000000012000000,5,0,,10,03406642
004c000000000000,0000000510008000,7,1,01486640,55,01086646
004c000000000000,000000071200c000,10,0,,9,01406e44
004c000000000100,0000000000000000,4,0,,5,13406442
004c000000000108,0000000000000000,5,0,,2,1b402c40
004c000000000142,0000000000000000,6,0,,6,13404c42
004c00000000014a,0000000000000000,7,0,,1,1b420c40
004c000000800100,000000000000c000,7,0,,1,19426440
004c000000a00100,000000000000c000,8,0,,2,11406c44
004c000001000000,000000000000c000,6,0,,1,19424640
004c000010000000,0000000012000000,6,0,,5,03404e44
004c000400000100,0000000012000000,7,0,,6,03406c42
004c000410000142,0000000012000000,10,0,,4,03424c44
004c000420000108,0000000012000000,9,0,,1,0b422c40
004c004400800100,000000071200c000,14,0,,2,09426444
004c080000000000,0000000000000000,4,0,,7,13082246
004c080000000000,0000000000008000,5,0,,5,114a2244
004c080000000000,000000000000c000,6,0,,2,19422244
004c080000000000,0000000010000000,5,0,,2,03482246
004c080000000000,0000000510008000,8,0,,4,094a2242
004c100000000000,0000000000000000,4,13,13082602,214,13080616
004c100000000000,0000000000008000,5,12,11086604,102,11086216
004c100000000000,000000000000c000,6,2,19422600,21,11406216
004c100000000000,0000000018000000,6,26,03082606,239,03080e16
004c100000000000,000000001a000000,7,1,0b422600,29,03402616
004c100000000000,0000000518008000,9,11,01486206,104,01086616
004c100000000000,000000071a00c000,12,2,09426204,17,01426216
004c100000000100,0000000000000000,5,0,,8,13406406
004c100000000108,0000000000000000,6,0,,5,13422c02
004c100000000142,0000000000000000,7,0,,3,1b404c04
004c100000800100,000000000000c000,8,0,,2,19426404
004c100010000000,000000001a000000,8,0,,2,0b424604
004c100080000000,000000001a000000,8,0,,4,03406216
004c100400000100,000000001a000000,9,0,,7,03406c06
004c100410000142,000000001a000000,12,0,,1,0b424c04
004c100420000108,000000001a000000,11,0,,3,0b422406
004c104400800100,000000071a00c000,16,0,,1,09426c04
004c180000000000,0000000000000000,5,6,13082206,45,13082216
004c180000000000,0000000000008000,6,3,114a2204,31,110a2216
004c180000000000,000000000000c000,7,1,19422a00,9,19422206
004c180000000000,0000000018000000,7,2,03482206,28,03082236
004c180000000000,000000001a000000,8,0,,5,03422216
004c180000000000,0000000518008000,10,2,094a2204,21,01482236
004c180000000000,000000071a00c000,13,0,,1,09422216
004c800000000000,0000000000000000,4,0,,7,13006642
004c800000000000,000000000000c000,6,0,,1,19026640
004c800000000100,0000000000000000,5,0,,2,13006c44
004c800000000142,0000000000000000,7,0,,2,1b024444
004c800100000000,0000000012000000,7,0,,7,03006646
004c800110000000,0000000012000000,8,0,,2,0b024644
004c800500000100,0000000012000000,9,0,,2,0b026444
004c800510000142,0000000012000000,12,0,,1,0b024c44
004c900000000000,0000000000000000,5,0,,22,13002616
004c900000000000,000000000000c000,7,0,,2,19026604
004c900000000010,0000000000000000,6,0,,2,13006216
004c900000000100,0000000000000000,6,0,,2,1b026404
004c900000000142,0000000000000000,8,0,,1,1b024c04
004c900100000000,000000001a000000,9,0,,14,03006616
004c900100000000,000000071a00c000,14,0,,1,09026216
004c900110000000,000000001a000000,10,0,,3,0b020616
004c900500000100,000000001a000000,11,0,,2,0b026406
004c900510000142,000000001a000000,14,0,,1,0b024416
004c980000000000,0000000000000000,6,0,,1,1b022206
004c980100000000,000000001a000000,10,0,,1,0b022216
004e000000000000,0000000000008000,5,0,,1,194a4240
004e100000000000,0000000000000000,5,0,,7,13484206
004e100000000000,0000000000008000,6,0,,3,19484a04
004e100000000000,0000000018600000,9,0,,2,0b4a4204
004e100000000000,0000000518608000,12,0,,1,094a4a04
004e100000000000,0000000818e00000,11,0,,2,03484216
004e190000000000,0000000000000000,7,0,,2,13480216
004f700000000000,0000000000000000,8,0,,6,13084216
004f700000000000,0000000000008000,9,0,,1,190a4a04
004f700000000000,0000000018600000,12,0,,2,0b0a4206
004f700000000000,0000000518608000,15,0,,1,090a4216
004f700000000000,0000000818600000,13,0,,1,030a4216
004f790000000000,0000000018600000,14,0,,1,0b0a0216
0050000000000000,0000000000000000,2,0,,9,1308204b
0050000000000000,0000000000000801,4,0,,1,1a0a4049
0050000000000000,0000000000008000,3,0,,23,1108604d
0050000000000000,0000000000008800,4,0,,1,180b4049
0050000000000000,0000000000008801,5,0,,6,180a404d
0050000000000000,000000000000c000,4,0,,9,19022849
0050000000000000,000000000000c800,5,0,,2,18432049
0050000000000000,000000000000c801,6,0,,4,18026849
0050000000000000,0000000010400000,4,0,,1,0b0a4049
0050000000000000,0000000012400000,5,0,,1,0b024849
0050000000000000,0000000014400000,5,0,,1,0b0a0849
0050000000000000,0000000410008000,5,0,,2,01496049
0050000000000000,0000000414008000,6,0,,1,090b0849
0050000000000000,0000000510008000,6,0,,5,0148604d
0050000000000000,0000000510408000,7,0,,4,090a404d
0050000000000000,0000000514408000,8,0,,1,094a0849
0050000000000000,00000005b0008801,10,0,,2,084a2849
0050000000000000,000000061000c000,7,0,,2,09034849
0050000000000000,000000071200c000,9,0,,3,09026849
0050000000000000,000000071240c000,10,0,,2,0902484d
0050000000000000,00000007b200c801,13,0,,1,08426849
0050000000000000,0000000d10c08000,9,0,,1,0108405f
0050000004200200,000000000000c000,7,0,,2,11406849
0050100000000000,0000000000000000,3,5,1308200b,114,1308001f
0050100000000000,0000000000000800,4,0,,11,1a03400b
0050100000000000,0000000000000801,5,0,,28,1a02280b
0050100000000000,0000000000000803,6,0,,2,1a48200b
0050100000000000,0000000000008000,4,12,1108600d,145,1108003f
0050100000000000,0000000000008800,5,0,,9,180b200d
0050100000000000,0000000000008801,6,3,180a4809,29,180a001f
0050100000000000,000000000000c000,5,6,1902400d,46,1902001f
0050100000000000,000000000000c800,6,0,,9,1803480d
0050100000000000,000000000000c801,7,2,18422809,14,1802680d
0050100000000000,0000000000048802,7,0,,2,18492809
0050100000000000,0000000000048803,8,0,,2,1848600d
0050100000000000,0000000000080801,6,0,,2,124a200b
0050100000000000,0000000000080802,6,0,,3,1249200b
0050100000000000,0000000000080803,7,0,,8,1208201f
0050100000000000,0000000000188800,7,0,,2,104b2809
0050100000000000,0000000000188801,8,0,,2,104a600d
0050100000000000,00000000001c8802,9,0,,3,1049600b
0050100000000000,00000000001c8803,10,0,,3,1008601f
0050100000000000,0000000018000000,5,0,,54,0308201f
0050100000000000,0000000018400000,6,1,0b0a4009,7,0b0a400b
0050100000000000,000000001a000000,6,0,,7,0b02600b
0050100000000000,000000001a400000,7,0,,9,0b02400f
0050100000000000,000000001c000000,6,0,,5,0b0b000b
0050100000000000,000000001c400000,7,0,,8,0b0a000f
0050100000000000,000000001e400000,8,0,,2,0b02001f
0050100000000000,00000000b8000800,8,0,,7,0a0b4809
0050100000000000,00000000b8000801,9,0,,8,0a0a200f
0050100000000000,00000000b8080803,11,0,,2,0208601f
0050100000000000,00000000b8400801,10,0,,4,0a0a400f
0050100000000000,00000000ba000801,10,0,,1,0a426809
0050100000000000,00000000bc000800,9,0,,1,0a4b0809
0050100000000000,00000000bc400801,11,0,,1,0a0a001f
0050100000000000,0000000418008000,7,1,090b4009,35,0109201f
0050100000000000,0000000418808000,8,0,,1,09494809
0050100000000000,000000041c008000,8,0,,5,090b080b
0050100000000000,00000004b8008800,10,0,,9,080b480d
0050100000000000,0000000518008000,8,3,090a2809,49,0108203f
0050100000000000,0000000518408000,9,3,090a400d,16,090a400f
0050100000000000,0000000518c08000,10,0,,2,0908401f
0050100000000000,000000051c408000,10,1,094a0809,9,090a001f
0050100000000000,0000000598008801,11,0,,1,084a2909
0050100000000000,00000005b8008801,12,1,084a2809,11,080a201f
0050100000000000,00000005b8188801,14,0,,1,004a680d
0050100000000000,00000005b81c8803,16,0,,1,0048601f
0050100000000000,00000005b8408801,13,0,,2,080a401f
0050100000000000,00000005bc408801,14,0,,2,080a003f
0050100000000000,000000061800c000,9,0,,8,0903480d
0050100000000000,000000061c00c000,10,0,,1,0943080d
0050100000000000,00000006b800c800,12,0,,4,0843280d
0050100000000000,000000071a00c000,11,2,09422809,14,0902201f
0050100000000000,000000071a40c000,12,2,0902480d,11,0902401f
0050100000000000,000000071e40c000,13,0,,3,0902003f
0050100000000000,00000007ba00c801,15,0,,2,0842680d
0050100000000000,0000000818000000,6,0,,1,034b4009
0050100000000000,0000000818400000,7,0,,5,030a400f
0050100000000000,0000000818800000,7,0,,4,0309400f
0050100000000000,0000000818c00000,8,0,,6,0308401f
0050100000000000,000000081c400000,8,0,,1,030a001f
0050100000000000,000000081c800000,8,0,,1,0309001f
0050100000000000,000000081cc00000,9,0,,3,0308003f
0050100000000000,0000000c18008000,8,0,,3,010b480d
0050100000000000,0000000c18808000,9,0,,2,0109401f
0050100000000000,0000000c1c808000,10,0,,2,0109003f
0050100000000000,0000000d18408000,10,0,,3,010a401f
0050100000000000,0000000d18c08000,11,0,,3,0108403f
0050100000000000,0000000d1c408000,11,0,,3,010a003f
0050100000000000,0000000d1cc08000,12,0,,3,0108083f
0050100000000200,0000000000000000,4,0,,4,1b402809
0050100000200200,000000000000c000,7,0,,6,1940480d
0050100000800180,000000000000c000,8,0,,1,19436001
0050100000800188,000000000000c000,9,0,,1,19432801
0050100004000000,0000000000000000,4,0,,7,1302480d
0050100004000000,000000000000c000,6,0,,8,1102680d
0050100004000200,0000000000000000,5,0,,15,1340001f
0050100004000210,0000000000000000,6,0,,5,1300003f
0050100004200200,000000000000c000,8,0,,5,1140401f
0050100004200210,000000000000c000,9,0,,2,1100403f
00501000c0200200,000000071a00c000,15,0,,1,0940680d
0050104408800180,000000061800c000,15,0,,1,09436801
0050108004000000,000000001a000000,8,0,,1,03426809
0050108004000000,000000061800c000,11,0,,1,01436809
0050108004000000,000000071a00c000,13,0,,1,0142680d
0050108004000000,000000081a400000,10,0,,1,0302401f
0050108044200200,000000061800c000,14,0,,1,0141680d
00501080c4000200,000000001a000000,11,0,,2,0340201f
00501080c4000200,000000081ac00000,14,0,,1,0340401f
00501080c4200200,000000071a00c000,17,0,,1,0140601f
00501082c4000210,000000001a000000,13,0,,1,0300601f
00501082c4000210,000000081ac00000,16,0,,1,0300403f
0050140000000000,0000000000008000,5,0,,1,11494805
0058000000000000,0000000000008000,4,0,,2,11486045
0058000000000000,0000000510008000,7,0,,1,01486845
0058100000000000,0000000000000000,4,0,,14,13086007
0058100000000000,0000000000008000,5,0,,18,11486007
0058100000000000,0000000018000000,6,0,,21,03086017
0058100000000000,0000000518008000,9,0,,12,01486017
0058100000000180,0000000000000000,6,0,,1,1b426001
0058100000000188,0000000000000000,7,0,,1,1b422801
0058100000800180,000000000000c000,9,0,,2,19426005
0058100000a00380,000000000000c000,11,0,,1,19406805
0058104408800180,000000071a00c000,18,0,,1,09426805
0058140000000000,0000000000000000,5,0,,3,13484007
0058140000000000,0000000000008000,6,0,,3,19484805
0058140000000000,0000000518608000,12,0,,1,094a4805
0070000000000000,0000000000008000,4,0,,1,11496044
0070000000000000,000000000000c800,6,0,,1,18436048
0070100000000000,0000000000000000,4,0,,6,13096006
0070100000000000,0000000000000800,5,0,,1,1a436008
0070100000000000,0000000000008000,5,0,,13,11496006
0070100000000000,000000000000c000,6,0,,1,19436008
0070100000000000,0000000000018800,7,0,,1,184b6008
0070100000000000,000000000001c800,8,0,,2,1843600c
0070100000000000,0000000018000000,6,0,,11,03096016
0070100000000000,0000000019000000,7,0,,1,0b436008
0070100000000000,00000000b8000800,9,0,,1,0a4b6008
0070100000000000,00000000b9000800,10,0,,1,0a436808
0070100000000000,0000000418008000,8,0,,12,01496016
0070100000000000,00000004b8018800,12,0,,2,084b600c
0070100000000000,000000061900c000,11,0,,2,0943600c
0070100000000000,00000006b901c800,15,0,,1,0843680c
0070100000000180,0000000000000000,6,0,,1,1b436000
0070100000800180,000000000000c000,9,0,,2,19436004
0070104408800180,000000061900c000,17,0,,1,09436804
0070120000000000,0000000000008000,6,0,,1,194b4008
0070120000000000,0000000418008000,9,0,,2,094b400c
0070120000000022,0000000000000000,7,0,,1,1b434008
0070120000000022,000000000000c000,9,0,,1,19434808
0070120000008000,000000000001a800,10,0,,1,184b4808
0070120010000022,000000061900c000,15,0,,1,0943480c
0070180000000000,0000000000000000,5,0,,11,13492006
0070180000000000,0000000000000800,6,0,,2,1a432808
0070180000000000,0000000000008000,6,0,,7,114b2808
0070180000000000,000000000000c000,7,0,,2,1943200c
0070180000000000,0000000000018800,8,0,,3,184b200a
0070180000000000,000000000001c800,9,0,,1,1843280c
0070180000000000,0000000018000000,7,0,,5,03492016
0070180000000000,0000000019000000,8,0,,1,0b432808
0070180000000000,00000000b8000800,10,0,,1,0a4b2808
0070180000000000,0000000418008000,9,0,,5,094b200a
0070180000000000,00000004b8018800,13,0,,1,084b280c
0070180000000000,000000061900c000,12,0,,1,0943280c
0070180000000188,0000000000000000,8,0,,1,1b432800
00701a0000000000,0000000000000000,6,0,,1,1b4b0008
00701a0000000000,0000000000008000,7,0,,1,194b0808
00701a0000000000,000000001c000000,9,0,,1,0b4b0808
00701a0000000022,0000000000000000,8,0,,1,1b430808
0071320000000000,0000000000008000,8,0,,2,190b400c
0071320000000000,0000000418008000,11,0,,1,090b480c
0074000000000000,0000000000008000,5,0,,3,1148604c
0074000000000000,000000000000c000,6,0,,1,19426048
0074000000000000,0000000510008000,8,0,,3,090a604c
0074000000000000,000000071300c000,12,0,,1,09426848
0074020000000000,0000000000008000,6,0,,1,194a4048
0074020000000000,0000000510408000,10,0,,1,094a4848
0074020000000022,000000000000c000,9,0,,1,19424848
0074080000000000,0000000000008000,6,0,,1,194a2048
0074080000000000,000000000000c000,7,0,,1,19422848
0074080000000000,0000000510008000,9,0,,1,094a2848
0074100000000000,0000000000000000,5,0,,9,1308600e
0074100000000000,0000000000008000,6,0,,12,1148600e
0074100000000000,000000000000c000,7,1,19426008,6,1942600a
0074100000000000,0000000018000000,7,0,,8,0308601e
0074100000000000,000000001b000000,9,0,,2,0b42600c
0074100000000000,0000000518008000,10,0,,10,0148601e
0074100000000000,000000071b00c000,14,0,,3,0942680a
0074100000200200,000000000000c000,9,0,,1,1940680c
0074100000400000,000000000000c000,8,0,,1,1902680c
0074100100000000,000000001b000000,10,0,,1,0b02680c
0074120000000000,0000000000000000,6,0,,3,1348400e
0074120000000000,0000000000008000,7,0,,3,1948480c
0074120000000000,0000000018400000,9,0,,2,0b4a400c
0074120000000000,0000000518408000,12,0,,2,094a480a
0074120000000022,0000000000000000,8,0,,1,1b424808
0074120000000022,000000000000c000,10,0,,1,1942480c
0074120010000022,000000001b400000,14,0,,1,0b42480c
0074180000000000,0000000000000000,6,0,,14,1348200e
0074180000000000,0000000000008000,7,1,194a2008,11,114a280c
0074180000000000,000000000000c000,8,1,19422808,5,1942280a
0074180000000000,0000000018000000,8,0,,7,034a280a
0074180000000000,000000001b000000,10,0,,2,0b42280a
0074180000000000,0000000518008000,11,1,094a2808,9,090a201e
00741a0000000000,0000000000000000,7,0,,2,1b4a000a
00741a0000000000,0000000000008000,8,0,,2,194a080a
00741a0000000000,000000001c400000,11,0,,1,0b4a080a
0075220000000000,0000000000008000,8,0,,1,190a4848
0075220000000000,0000000510408000,12,0,,1,090a484c
0075320000000000,0000000000000000,8,0,,3,1b0a400a
0075320000000000,0000000000008000,9,0,,2,190a480a
0075320000000000,0000000018400000,11,0,,2,0b0a480a
0075320000000000,0000000518408000,14,0,,3,090a401e
0075320000000022,0000000000000000,10,0,,1,1b02480c
00753a0000000000,0000000000000000,9,0,,2,1b0a080a
00753a0000000000,000000051c408000,16,0,,1,090a081e
007c000000000000,0000000000000000,5,0,,2,13486042
007c000000000000,0000000000008000,6,0,,4,11486844
007c000000000000,0000000010000000,6,0,,1,03486046
007c000000000000,0000000510008000,9,0,,3,09486844
007c000000800180,000000000000c000,10,0,,2,19426044
007c080000000000,0000000000000000,6,0,,1,1b4a2040
007c080000000000,0000000000008000,7,0,,2,194a2044
007c100000000000,0000000000000000,6,0,,16,13086016
007c100000000000,0000000000008000,7,1,194a6000,15,11486016
007c100000000000,0000000018000000,8,0,,16,03086816
007c100000000000,0000000518008000,11,0,,14,01486816
007c100000000180,0000000000000000,8,0,,3,1b426002
007c100000800180,000000000000c000,11,0,,3,19426014
007c100408000180,000000001b000000,14,0,,2,0b426006
007c104408800180,000000071b00c000,21,0,,1,09426016
007c180000000000,0000000000000000,7,0,,14,13482016
007c180000000000,0000000000008000,8,1,194a2800,9,194a2006
007c180000000000,0000000018000000,9,0,,9,03482816
007c180000000000,0000000518008000,12,0,,3,094a2016
007c180000000188,0000000000000000,10,0,,2,1b422006
007c180428000188,000000001b000000,17,0,,1,0b422016
007e160000000000,0000000000000000,9,0,,2,13484016
007e160000000000,0000000000008000,10,0,,1,194a4804
007e160000000000,0000000518608000,16,0,,1,094a4016
007f760000000000,0000000018600000,16,0,,1,0b0a4016
007f760000000000,0000000518608000,19,0,,1,090a4816
0080000000000000,0000000000000000,1,1117,003a4083,15809,001a4097
0080000000000000,0000000000000004,2,9,105d4001,278,10554805
0080000000000000,000000000000000c,3,51,105c4005,726,10544017
0080000000000000,0000000000000204,3,2,109d4100,201,10914125
0080000000000000,000000000000020c,4,43,10944124,705,101c4017
0080000000000000,0000000000000804,3,0,,16,10594805
0080000000000000,000000000000080c,4,0,,35,105a4805
0080000000000000,0000000000000a04,4,0,,3,1a1b4001
0080000000000000,0000000000000a0c,5,0,,17,12184807
0080000000000000,0000000040000004,3,1,02d94001,213,00d14065
0080000000000000,000000004000000c,4,7,00d84025,468,00d04127
0080000000000000,0000000040000204,4,0,,108,00914925
0080000000000000,000000004000020c,5,6,00984125,367,00904176
0080000000000000,00000000c0000004,4,0,,7,005d4805
0080000000000000,00000000c000000c,5,0,,16,005c4017
0080000000000000,00000000c0000204,5,0,,1,081f4005
0080000000000000,00000000c000020c,6,0,,10,021c4017
0080000000000000,00000000c0000804,5,0,,6,02594805
0080000000000000,00000000c000080c,6,0,,7,02584807
0080000000000000,00000000c0000a0c,7,0,,5,081a4017
0080000800000000,0000000000000000,2,0,,1,0a570081
0100000000000000,0000000000000000,1,16,026ca400,262,0264a103
0100000000000000,0000000000000010,2,7,12c4a001,71,02c4a901
0100000000000000,0000000000000024,3,0,,8,12c52401
0100000000000000,0000000000000034,4,1,12c56000,17,12c56001
0100000000000000,0000000000000040,2,22,022ca401,354,0224e103
0100000000000000,0000000000000140,3,0,,42,022d2403
0100000000000000,0000000000000440,3,7,0284e401,115,0284e403
0100000000000000,0000000000000450,4,12,0284e101,116,0284e103
0100000000000000,0000000000000764,7,0,,3,128d2402
0100000000000000,0000000000000774,8,0,,10,128d2006
0100000000000000,0000000000001000,2,5,1244a401,93,0244e501
0100000000000000,0000000000001010,3,5,1244a101,52,0244e105
0100000000000000,0000000000001024,4,0,,7,124d2401
0100000000000000,0000000000001034,5,0,,2,124d2003
0100000000000000,0000000000001440,4,0,,54,020ce403
0100000000000000,0000000000001450,5,0,,32,020ce103
0100000000000000,0000000000001764,8,0,,1,120d6404
0100000000000000,0000000000020000,2,0,,25,006da401
0100000000000000,0000000000020010,3,0,,1,18c6a001
0100000000000000,0000000000020024,4,0,,1,10cd2401
0100000000000000,0000000000020034,5,0,,1,18c72001
0100000000000000,0000000000020040,3,0,,15,00a4e405
0100000000000000,0000000000020140,4,0,,3,00ad6401
0100000000000000,0000000000020440,4,1,1084e401,30,0084e425
0100000000000000,0000000000020450,5,0,,3,0886e101
0100000000000000,0000000000020764,8,0,,1,108d6401
0100000000000000,0000000000021000,3,0,,8,1044e405
0100000000000000,0000000000021010,4,1,1846a001,9,1846a003
0100000000000000,0000000000021024,5,0,,1,104d6401
0100000000000000,0000000000021034,6,0,,1,184f2001
0100000000000000,0000000000021440,5,0,,1,100ce405
0100000000000000,0000000000021450,6,0,,2,1806e005
0100000000000000,0000000000030000,3,4,00cce400,112,006de400
0100000000000000,0000000000030010,4,1,18c6a000,9,18c6a002
0100000000000000,0000000000030024,5,0,,7,10c76400
0100000000000000,0000000000030034,6,0,,5,18c72004
0100000000000000,0000000000030040,4,2,00ace400,40,00a4e406
0100000000000000,0000000000030140,5,0,,7,00ad6402
0100000000000000,0000000000030440,5,4,008ce404,60,0084e506
0100000000000000,0000000000030450,6,0,,2,088ee100
0100000000000000,0000000000030764,9,0,,6,108d6402
0100000000000000,0000000000030774,10,0,,1,188f6000
0100000000000000,0000000000031000,4,0,,13,1044ec04
0100000000000000,0000000000031024,6,0,,3,104d6404
0100000000000000,0000000000060000,3,0,,6,1864a801
0100000000000000,0000000000060010,4,0,,4,08c4e101
0100000000000000,0000000000060040,4,0,,7,08a4e101
0100000000000000,0000000000060450,6,0,,7,0884e121
0100000000000000,0000000000061010,5,0,,9,1844e005
0100000000000000,0000000000061034,7,0,,1,184d6001
0100000000000000,0000000000061450,7,0,,1,180ce005
0100000000000000,0000000000070000,4,0,,22,1864e004
0100000000000000,0000000000070010,5,1,18c4e000,15,08cce100
0100000000000000,0000000000070034,7,0,,1,18cd6000
0100000000000000,0000000000070040,5,0,,7,08ace100
0100000000000000,0000000000070140,6,0,,3,08ad6100
0100000000000000,0000000000070450,7,1,188ce000,10,088ce104
0100000000000000,0000000000070774,11,0,,2,188d6004
0100000000000000,0000000000120000,3,0,,6,1066a801
0100000000000000,0000000000120010,4,0,,3,00c6e101
0100000000000000,0000000000120034,6,0,,1,10c76001
0100000000000000,0000000000120040,4,0,,7,00a6e101
0100000000000000,0000000000120450,6,0,,5,008ee101
0100000000000000,0000000000121010,5,0,,7,1046e005
0100000000000000,0000000000121034,7,0,,1,104f6001
0100000000000000,0000000000121450,7,0,,1,100ee005
0100000000000000,0000000000130000,4,0,,16,1066e004
0100000000000000,0000000000130010,5,1,10c6e000,14,00cee100
0100000000000000,0000000000130034,7,0,,5,10c76004
0100000000000000,0000000000130040,5,0,,4,00aee100
0100000000000000,0000000000130140,6,0,,2,00af6100
0100000000000000,0000000000130450,7,0,,10,008ee104
0100000000000000,0000000000130774,11,0,,2,108f6004
0100000000000000,0000000000160000,4,2,106ca001,37,00e4e101
0100000000000000,0000000000160010,5,3,00c4e101,25,00c4e103
0100000000000000,0000000000160034,7,0,,3,10cd2003
0100000000000000,0000000000160040,5,2,102ce001,34,00a4e103
0100000000000000,0000000000160140,6,0,,5,00ad6101
0100000000000000,0000000000160450,7,3,008ce101,31,0084e125
0100000000000000,0000000000160774,11,0,,3,108d6003
0100000000000000,0000000000161010,6,1,104ce001,23,1044a125
0100000000000000,0000000000161034,8,0,,3,104d6003
0100000000000000,0000000000161450,8,0,,2,100ce007
0100000000000000,0000000000170000,5,5,106ce000,70,006de100
0100000000000000,0000000000170010,6,8,00cce100,49,00cce102
0100000000000000,0000000000170034,8,1,10cd6000,6,10cd6002
0100000000000000,0000000000170040,6,2,00ace100,28,00ace102
0100000000000000,0000000000170140,7,1,10ad6000,10,00ad6102
0100000000000000,0000000000170450,8,5,108ce002,28,008ce106
0100000000000000,0000000000170774,12,0,,7,108d6006
0100000000000000,0000000001000000,2,0,,15,0264a124
0100000000000000,0000000001000010,3,1,02c4e100,8,02c4e102
0100000000000000,0000000001000040,3,1,02a4e100,8,02a4e102
0100000000000000,0000000001000450,5,0,,22,0284e106
0100000000000000,0000000001030010,5,0,,1,08c6e100
0100000000000000,0000000001070000,5,0,,1,08e4e100
0100000000000000,0000000001070010,6,0,,5,08c4e102
0100000000000000,0000000001130000,5,0,,1,00e6e100
0100000000000000,0000000001130010,6,0,,4,00c6e104
0100000000000000,0000000001170000,6,1,00e4e100,6,00e4e102
0100000000000000,0000000001170010,7,1,00c5e100,11,00c4e106
0100000000000000,0000000020000000,2,5,026ca001,89,0264a007
0100000000000000,0000000020000010,3,2,02c4e001,31,02c4e003
0100000000000000,0000000020000040,3,7,022ca003,85,0224e007
0100000000000000,0000000020000140,4,0,,13,022d2016
0100000000000000,0000000020000450,5,3,028ce001,35,0284e007
0100000000000000,0000000020001010,4,0,,19,0244e805
0100000000000000,0000000020001450,6,0,,2,020ce007
0100000000000000,0000000020020000,3,0,,1,086f2001
0100000000000000,0000000020020010,4,0,,1,08c6e001
0100000000000000,0000000020020450,6,0,,1,088ee001
0100000000000000,0000000020030000,4,0,,5,086f2002
0100000000000000,0000000020030010,5,0,,1,08cee000
0100000000000000,0000000020030040,5,0,,1,08aee000
0100000000000000,0000000020030450,7,0,,2,088ee004
0100000000000000,0000000020060000,4,0,,3,086d6001
0100000000000000,0000000020060010,5,0,,3,08c4e801
0100000000000000,0000000020060040,5,0,,1,08ace001
0100000000000000,0000000020060450,7,0,,1,088ce005
0100000000000000,0000000020070000,5,0,,5,086da800
0100000000000000,0000000020070010,6,0,,5,08cce002
0100000000000000,0000000020070040,6,0,,3,08ace002
0100000000000000,0000000020070450,8,0,,1,088ce024
0100000000000000,0000000020120000,4,0,,1,006fa001
0100000000000000,0000000020120010,5,0,,3,00c6e801
0100000000000000,0000000020120040,5,0,,1,00aee001
0100000000000000,0000000020120450,7,0,,1,008ee005
0100000000000000,0000000020130000,5,0,,3,006f6004
0100000000000000,0000000020130010,6,0,,5,00cee002
0100000000000000,0000000020130040,6,0,,3,00aee002
0100000000000000,0000000020130450,8,0,,1,008ee024
0100000000000000,0000000020160000,5,0,,18,006d6003
0100000000000000,0000000020160010,6,1,00cce001,12,00c4e025
0100000000000000,0000000020160040,6,1,00ace001,7,002de005
0100000000000000,0000000020160140,7,0,,2,00ad6003
0100000000000000,0000000020160450,8,0,,5,008ce007
0100000000000000,0000000020170000,6,1,00ece000,19,006d2016
0100000000000000,0000000020170010,7,2,00cce004,14,00cce006
0100000000000000,0000000020170040,7,0,,10,00ace006
0100000000000000,0000000020170140,8,0,,2,00ad6006
0100000000000000,0000000020170450,9,0,,4,008ce016
0100000000000000,0000000021000000,3,1,02e4e000,40,0264a016
0100000000000000,0000000021000010,4,1,02c5e000,24,02c4e006
0100000000000000,0000000021000040,4,1,02a4e002,24,0224e016
0100000000000000,0000000021000450,6,0,,2,0284e016
0100000000000000,0000000021030000,5,0,,1,08e6e000
0100000000000000,0000000021030010,6,0,,4,08c6e004
0100000000000000,0000000021070000,6,0,,2,08e4e800
0100000000000000,0000000021070010,7,0,,2,08c4e804
0100000000000000,0000000021130000,6,0,,1,00e7e000
0100000000000000,0000000021130010,7,0,,3,00c6e804
0100000000000000,0000000021170000,7,0,,9,00e4e006
0100000000000000,0000000021170010,8,0,,3,00c4e016
0100000000000000,0000000048000024,5,0,,2,02cd2402
0100000000000000,0000000048000034,6,0,,1,02cd6100
0100000000000000,0000000048000764,9,0,,8,028d6401
0100000000000000,0000000048000774,10,0,,2,028d6102
0100000000000000,0000000048020024,6,0,,1,00cd6401
0100000000000000,0000000048020764,10,0,,1,008d6405
0100000000000000,0000000048030024,7,0,,8,00cd6402
0100000000000000,0000000048030764,11,0,,4,008d6406
0100000000000000,0000000048070034,9,0,,1,08cd6100
0100000000000000,0000000048130034,9,0,,1,00cf6100
0100000000000000,0000000048160034,9,0,,1,00cd6101
0100000000000000,0000000048170034,10,0,,4,00cd6102
0100000000000000,0000000048170774,14,0,,1,008d6124
0100000000000000,0000000068000034,7,0,,7,02cd6001
0100000000000000,0000000068000774,11,0,,1,028d6006
0100000000000000,0000000068030034,9,0,,1,08cf6000
0100000000000000,0000000068060034,9,0,,1,08cd6001
0100000000000000,0000000068070034,10,0,,1,08cd6004
0100000000000000,0000000068130034,10,0,,1,00cf6004
0100000000000000,0000000068160034,10,0,,2,00cd6003
0100000000000000,0000000068170034,11,0,,4,00cd6006
0100000000000000,0000000100020000,3,0,,1,006ce401
0100000000000000,0000000100160000,5,0,,1,006ce101
0100000000000000,0000000120020000,4,0,,1,086ea001
0100000000000000,0000000120020040,5,0,,1,082ee001
0100000000000000,0000000120030000,5,0,,4,086ea002
0100000000000000,0000000120030040,6,0,,1,082ee004
0100000000000000,0000000120060000,5,0,,2,086ca801
0100000000000000,0000000120070000,6,0,,2,086ce004
0100000000000000,0000000120120000,5,0,,1,006ee001
0100000000000000,0000000120130000,6,0,,1,006ee004
0100000000000000,0000000120160000,6,0,,5,006ca013
0100000000000000,0000000120160040,7,0,,1,002ce007
0100000000000000,0000000120170000,7,0,,3,006ce006
0100000000000000,0000000120170040,8,0,,1,002ce016
0100000000000000,0000000420161010,8,0,,1,004de005
0100000000000000,00000004f8021034,12,0,,1,084f6001
0100000000000000,0000000520021010,7,0,,2,084ea801
0100000000000000,0000000520021450,9,0,,1,080ee005
0100000000000000,0000000520061010,8,0,,1,084ce801
0100000000000000,0000000520161010,9,0,,1,004ce805
0100000000100000,0000000000001024,5,0,,7,12456401
0100000000100000,0000000000001034,6,0,,2,12456005
0100000000100000,0000000000021024,6,0,,1,18472401
0100000000100000,0000000000021034,7,0,,4,18472005
0100000000100000,0000000000031024,7,0,,3,18472404
0100000000200000,0000000000020000,3,0,,3,00e56401
0100000000200000,0000000000020024,5,0,,1,10c56401
0100000000200000,0000000000030000,4,0,,6,00e56404
0100000000200000,0000000000030024,6,1,10c56400,7,10c56402
0100000000200000,0000000000060000,4,0,,1,18656001
0100000000200000,0000000000060034,7,0,,1,18c56001
0100000000200000,0000000000070000,5,0,,3,18656004
0100000000200000,0000000000070034,8,0,,6,18c56002
0100000000200000,0000000000160000,5,0,,5,10656003
0100000000200000,0000000000160034,8,0,,6,10c56003
0100000000200000,0000000000170000,6,1,10e56000,9,10656006
0100000000200000,0000000000170034,9,2,10c56004,10,10c56006
0100000000300000,0000000000161034,10,0,,1,10456805
0100000000400000,0000000000030040,5,0,,2,1826e004
0100000000400000,0000000000030450,7,0,,6,1886e002
0100000000400000,0000000000070040,6,0,,5,18a4e002
0100000000400000,0000000000070450,8,0,,9,1884e024
0100000000400000,0000000000130040,6,0,,4,10a6e002
0100000000400000,0000000000130450,8,0,,7,1086e024
0100000000400000,0000000000170040,7,1,10a4e100,16,10a4e006
0100000000400000,0000000000170450,9,3,1084e104,20,1084e016
0100000000400000,0000000001030040,6,0,,1,08a6e100
0100000000400000,0000000001070450,9,0,,1,0884e124
0100000000400000,0000000001130450,9,0,,1,0086e124
0100000000400000,0000000001170040,8,0,,6,00a4e106
0100000000400000,0000000001170450,10,0,,3,0084e126
0100000008000000,0000000021030000,6,0,,1,08e76000
0100000020000000,0000000000000000,2,0,,2,02e52401
0100000048000000,0000000021000000,5,0,,1,0ae56000
0100000048200000,0000000001070000,8,0,,1,08e56100
0100000400000000,0000000000000000,2,0,,1,02656401
0100000408000000,0000000021000000,5,0,,1,0a676000
0100000420000000,0000000000000000,3,0,,1,0a672400
0100001000000000,0000000048000024,6,0,,1,02c76400
0100001000000000,0000000048030024,8,0,,1,08c76400
0100001008000000,0000000049030034,11,0,,1,08c76100
0100001008000000,0000000069030034,12,0,,1,08c76020
0100003000000000,0000000048000024,7,0,,7,02c56401
0100003000200000,0000000048020024,9,0,,2,00c56405
0100003000200000,0000000048030024,10,0,,4,00c56424
0100004000000000,0000000321030000,8,0,,1,0866e800
0100004000000000,0000000720021010,9,0,,1,0846e801
0100008008000000,0000000001130000,7,0,,1,00e76100
0100008008000000,0000000021000000,5,0,,1,02e76000
0100008048000000,0000000001000000,5,0,,1,02e56100
0100008048000000,0000000020000000,5,0,,1,02e56001
0100008048000000,0000000021000000,6,0,,4,02e56002
0100008048200000,0000000000160000,8,0,,1,00e56101
0100008048200000,0000000001170000,10,0,,3,00e56102
0100008048200000,0000000021170000,11,0,,1,00e56024
010000b048200000,0000000049170034,17,0,,1,00c56124
0100800000000000,0000000000000140,4,0,,27,02a56401
0100800000000000,0000000000000764,8,0,,8,12856401
0100800000000000,0000000000000774,9,0,,5,12856006
0100800000000000,0000000000030764,10,0,,1,18876400
0100800000200000,0000000000020140,6,0,,1,10a56401
0100800000200000,0000000000020764,10,0,,2,10856405
0100800000200000,0000000000030140,7,0,,2,10a56404
0100800000200000,0000000000030764,11,0,,4,10856424
0100800000200000,0000000000160140,8,0,,2,10a56005
0100800000200000,0000000000160774,13,0,,1,10856105
0100800000400000,0000000000030774,12,0,,1,18876100
0100800000400000,0000000000130140,8,0,,1,10a76100
0100800000600000,0000000000070140,9,0,,1,18a56100
0100800000600000,0000000000170140,10,0,,5,10a56024
0100800000600000,0000000000170774,15,0,,1,10856124
0100800100000000,0000000000000140,5,0,,6,02a56402
0100800100200000,0000000000030140,8,0,,1,00a56504
0100800500000000,0000000000000140,6,0,,1,0a276400
0100801100000000,0000000048000764,12,0,,1,0a876400
0100803100000000,0000000048000764,13,0,,2,02856406
0100808248000000,0000000000000140,8,0,,1,02a56101
0100808348000000,0000000001000140,10,0,,2,02a56102
0120000000000000,0000000000001010,4,14,1244e002,128,024ce102
0120000000000000,0000000000001034,6,0,,8,124d2006
0120000000000000,0000000000001450,6,0,,34,1204e016
0120000000000000,0000000000001774,10,0,,1,120d6006
0120000000000000,0000000000031010,6,4,1846a800,30,1846a006
0120000000000000,0000000000031034,8,1,184f2000,7,184f2002
0120000000000000,0000000000031450,8,0,,1,180ee004
0120000000000000,0000000000031774,12,0,,1,180f6004
0120000000000000,0000000000071010,7,0,,11,1844e804
0120000000000000,0000000000071034,9,0,,2,184d6004
0120000000000000,0000000000131010,7,0,,7,1046e804
0120000000000000,0000000000131034,9,0,,1,104f6004
0120000000000000,0000000000171010,8,1,104ce004,19,1044e016
0120000000000000,0000000000171034,10,0,,5,104d2016
0120000000000000,0000000000171450,10,0,,1,100ce016
0120000000000000,0000000001001010,5,0,,1,0244e124
0120000000000000,0000000020001010,5,0,,19,024ca016
0120000000000000,0000000020001450,7,0,,2,020ce016
0120000000000000,0000000021001010,6,0,,2,0a46e004
0120000000000000,0000000420031010,8,0,,1,084fe000
0120000000000000,00000004f8031034,14,0,,1,084f6004
0120000000000000,0000000520031010,9,0,,2,084ee004
0120000000000000,0000000520071010,10,0,,1,084ce804
0120000000000000,0000000520131010,10,0,,1,004ee804
0120000000000000,0000000520171010,11,0,,1,004ce016
0120000000100000,0000000000001034,7,0,,7,12452016
0120000000100000,0000000000031034,9,1,18476000,7,18472804
0120000000300000,0000000000171034,12,0,,1,10456016
0120004000000000,0000000721031010,12,0,,1,0846e804
0200000000000000,0000000000000000,1,66,022c8481,1306,0204cc85
0200000000000000,0000000000020000,2,7,0084c485,333,002cc483
0200000000000000,0000000000030000,3,34,008445a4,654,008444b6
0200000000000040,0000000000000000,2,0,,68,12240487
0200000000000040,0000000000020000,3,0,,2,10654481
0200000000000040,0000000000030000,4,0,,1,18664480
0200000000100040,0000000000000000,3,0,,23,12044c85
0200000020000000,0000000000000000,2,1,0aa60480,39,02a40493
0200000400000040,0000000000000000,3,0,,13,02264483
0200000400100040,0000000000000000,4,0,,3,0a064c81
0200000420000040,0000000000000000,4,0,,13,02650c81
0200000420100040,0000000000000000,5,0,,1,0a070c81
0200004000000000,0000000000020000,3,0,,1,0826c481
0300000000000000,0000000000000000,2,4,02c4c500,70,02c4c403
0300000000000000,0000000000000024,4,0,,2,12c54401
0300000000000000,0000000000000040,3,6,02a4c401,62,02a4c403
0300000000000000,0000000000000140,4,0,,10,02ad4401
0300000000000000,0000000000000440,4,10,0284c501,146,0284c407
0300000000000000,0000000000000764,8,0,,7,128d4401
0300000000000000,0000000000020000,3,0,,26,00c4c505
0300000000000000,0000000000020040,4,0,,20,00a4c503
0300000000000000,0000000000020140,5,0,,3,00ad4405
0300000000000000,0000000000020440,5,1,1084c501,34,0084c525
0300000000000000,0000000000030000,4,3,10c4c404,71,00c4c524
0300000000000000,0000000000030040,5,1,10acc400,39,00a4c524
0300000000000000,0000000000030140,6,0,,6,00ad4424
0300000000000000,0000000000030440,6,2,108cc404,50,0084cd24
0300000000000000,0000000048000024,6,0,,3,02cd4401
0300000000000000,0000000048000764,10,0,,8,028d4405
0300000000000002,0000000000000000,3,0,,1,12e54400
0300000000000002,0000000000000024,5,0,,7,12c54402
0300000000000400,0000000000000000,3,6,02ec8400,86,02c48d01
0300000000000400,0000000000000040,4,3,02ac8401,81,02a48503
0300000000000400,0000000000000440,5,0,,31,0a8e8401
0300000000000400,0000000000020000,4,0,,3,10cd8401
0300000000000400,0000000000020040,5,0,,3,10ac8403
0300000000000400,0000000000030000,5,0,,2,10ec8500
0300000000000400,0000000000030040,6,0,,1,18ae8400
0300000000001400,0000000000000000,4,0,,5,02ed0401
0300000000001400,0000000000000140,6,0,,9,02ad0403
0300000000001400,0000000000020000,5,0,,1,10ed0401
0300000000001402,0000000000000000,5,0,,4,12e50402
0300000000002000,0000000000000000,3,1,1264c400,24,0264c501
0300000000002000,0000000000000040,4,0,,43,0225c501
0300000000002000,0000000000020000,4,0,,1,106cc401
0300000000002000,0000000000020040,5,0,,1,102cc405
0300000000002000,0000000000030000,5,0,,1,106dc400
0300000000002400,0000000000000000,4,2,12648401,56,02658c01
0300000000002400,0000000000000040,5,1,122c8401,59,022c8407
0300000000002400,0000000000020000,5,0,,1,106d8401
0300000000012000,0000000000000000,4,0,,1,026d4401
0300000000012000,0000000000000140,6,0,,1,122d4401
0300000000012040,0000000000000000,5,0,,1,12654401
0300000000013400,0000000000000000,6,0,,1,126d0401
0300000000013400,0000000000000140,8,0,,2,0a2f0401
0300000000013440,0000000000000000,7,0,,1,12650c01
030000000001a000,0000000000000000,5,0,,2,026d4404
030000000001a000,0000000000000140,7,0,,3,0a2f4400
030000000001a042,0000000000000000,7,0,,1,12654c00
030000000001b400,0000000000000000,7,0,,6,0a6f0400
030000000001b400,0000000000000140,9,0,,2,122d0406
030000000001b442,0000000000000000,9,0,,1,1a670400
0300000000022000,0000000000001000,5,0,,9,024ccc01
0300000000022000,0000000000001440,7,0,,4,0a0ec401
0300000000022000,0000000000003000,6,0,,21,024ccc04
0300000000022000,0000000000003440,8,0,,6,0a0ec404
0300000000022400,0000000000001000,6,0,,17,12448c03
0300000000022400,0000000000001440,8,0,,1,1a0e8401
0300000000022400,0000000000003000,7,0,,15,12458c02
0300000000200000,0000000000020000,4,0,,1,10e54401
0300000000200002,0000000000030000,6,0,,2,10e54404
0300000002000000,0000000000020024,6,0,,1,10cd4401
0300000002000000,0000000000030024,7,0,,3,10cd4404
0300000002000000,0000000000030764,11,0,,2,108d4424
0300000002000000,0000000048030024,9,0,,1,00cd4504
0300000002000000,0000000048030764,13,0,,1,008d4524
0300000002000002,0000000000030024,8,0,,1,18c74400
0300000002200000,0000000000020024,7,0,,2,10c54405
0300000002200002,0000000000030024,9,0,,5,10c54504
0300000010000002,0000000000000000,4,0,,6,02e54402
0300001010000002,0000000048000024,9,0,,1,0ac74400
0300800000000000,0000000000000140,5,0,,3,02a54405
0300800000000000,0000000000000764,9,0,,2,12854405
0300800000000002,0000000000000140,6,0,,7,12a54402
0300800000000002,0000000000000764,10,0,,9,12854406
0300800000001402,0000000000000140,8,0,,1,1aa70400
0300800000013440,0000000000000140,10,0,,1,1a270401
030080000001a042,0000000000000140,10,0,,1,1a274400
0300800000200000,0000000000020140,7,0,,1,10a54501
0300800000200002,0000000000030140,9,0,,1,10a54504
0300800002200002,0000000000030764,14,0,,1,10854524
0300800110000002,0000000000000140,8,0,,8,02a54406
0300800400012040,0000000000000140,9,0,,1,0a274401
0300801110000002,0000000048000764,15,0,,2,0a874404
0400000000000000,0000000000000010,2,0,,1,12c5c040
0400000000000000,0000000000000080,2,0,,2,022d80c1
0400000000000000,0000000000000090,3,0,,1,1285c0c0
0400000000000000,00000000000000c0,3,0,,1,12a5c040
0400000000000000,00000000000004d0,5,0,,7,0285c141
0400000000000000,0000000000040010,3,0,,1,18c5c040
0400000000000000,00000000000404d0,6,0,,2,1885c041
0400000000000000,0000000000100010,3,0,,1,10c7c040
0400000000000000,0000000000140000,3,0,,1,10e5c040
0400000000000000,0000000000140010,4,1,10c5c040,13,00c5c0c1
0400000000000000,0000000000140080,4,0,,2,00adc0c0
0400000000000000,0000000000140090,5,0,,2,1085c0c1
0400000000000000,00000000001400c0,5,0,,4,00a5c141
0400000000000000,00000000001404d0,7,0,,4,1085c141
0400000000000000,0000000001000010,3,0,,2,02c5c0c0
0400000000000000,0000000001000080,3,0,,1,02a5c0c0
0400000000000000,00000000010000c0,4,0,,1,02a5c140
0400000000000000,0000000001040010,4,0,,2,08c5c0c0
0400000000000000,0000000001140000,4,0,,2,00e5c0c0
0400000000000000,0000000001140010,5,0,,3,00c5c160
0400000000000000,0000000020000010,3,0,,2,02c5c041
0400000000000000,00000000200000c0,4,0,,2,02a5c041
0400000000000000,0000000020040010,4,0,,2,08c5c041
0400000000000000,00000000200400c0,5,0,,1,08adc040
0400000000000000,0000000020140000,4,0,,2,00e5c041
0400000000000000,0000000020140010,5,0,,2,00cdc041
0400000000000000,00000000201400c0,6,0,,1,00adc041
0400000000000000,0000000021000000,3,0,,1,02e5c040
0400000000000000,0000000021000010,4,0,,2,08c7c040
0400000000000000,00000000210000c0,5,0,,1,0aa5c040
0400000000000000,0000000021040000,4,0,,1,08e5c040
0400000000000800,0000000000000010,3,0,,1,12c58041
0400000000000800,00000000000000c0,4,0,,1,12a58041
0400000000000800,0000000000140000,4,0,,1,10e58041
0400000000004000,00000000000000c0,4,0,,1,1225c041
0400000000004000,00000000200000c0,5,0,,1,022dc041
0400000000004800,0000000000000000,3,0,,1,12658041
0400000000004800,00000000000000c0,5,0,,1,122d8041
0400000000004800,0000000000140000,5,0,,1,106d8041
0400000000004800,0000000020000000,4,0,,1,026d8041
0400000000400000,00000000000004d0,6,0,,1,1887c040
0400000000400000,0000000000040090,5,0,,1,1885c0c0
0400000000400000,00000000000400c0,5,0,,1,18a5c040
0400000000400000,00000000000404d0,7,0,,1,1885c140
0400000000400000,0000000000140080,5,0,,1,10a5c0c0
0400000000400000,0000000000140090,6,0,,2,1085c0c4
0400000000400000,00000000001400c0,6,0,,2,10a5c044
0400000000400000,00000000001404d0,8,0,,2,1085c144
0400000000400000,0000000001000090,5,0,,1,0887c0c0
0400000000400000,00000000010400c0,6,0,,1,08a5c140
0400010000000000,0000000000000010,3,0,,1,12c580c0
0400010000000800,0000000000000000,3,0,,1,12e58040
0400010000000800,0000000000000010,4,0,,3,12c58140
0400010000000800,00000000000000c0,5,0,,1,12ad8040
0400010000000800,0000000000140000,5,0,,1,10ed8040
0400010000000800,0000000020000000,4,0,,1,02ed8040
0402000000004000,00000000000000c0,5,0,,1,122dc040
0402000000004000,0000000000140000,5,0,,1,106dc040
0402000000004000,0000000020000000,4,0,,1,026dc040
0402000000004020,0000000000000000,4,0,,1,1265c040
0402010000000000,0000000000000000,3,0,,1,126580c0
0402010000000000,0000000000000080,4,0,,1,122d80c0
0402010000004800,0000000000000000,5,0,,1,126d8040
0402010000004820,0000000000000000,6,0,,3,12658042
0480040000000000,0000000820b40000,9,0,,1,00ed4041
0480040000000004,0000000000000034,7,0,,1,12c54041
0480040000000004,0000000000140010,7,0,,1,10c540c1
0480040000001800,0000000000140000,7,0,,1,10ed0041
0480040000014000,0000000000140000,7,0,,1,106d4041
0480040000200004,0000000000140000,7,0,,1,10e54041
0480040002000000,0000000000140034,9,0,,1,10cd4041
0480040002200004,0000000000040034,10,0,,1,18c54041
0480040002200004,0000000000140034,11,0,,4,10c54045
0480048048000004,0000000820a00000,11,0,,1,02e54041
0480060000000000,0000000000000034,7,0,,1,12cd4040
0480060000000000,0000000000140000,6,0,,1,10ed4040
0480060000000000,0000000000140010,7,0,,1,10cd40c0
0480060000000000,0000000020a40000,8,0,,1,08ed4040
0480060000000000,0000000800b40000,9,0,,2,00ed40c0
0480060000000000,0000000820a00000,8,0,,1,02ed4040
0480060000000000,0000000820b40000,10,0,,1,00ed4044
0480060000000004,0000000000000010,6,0,,1,12c540c0
0480060000000004,0000000000040010,7,0,,1,18c540c0
0480060000000004,0000000000100010,7,0,,1,10c740c0
0480060000000004,0000000000140000,7,0,,1,10e540c0
0480060000000004,0000000000140010,8,0,,5,10c540c4
0480060000000006,0000000000000000,6,0,,1,12e54040
0480060000000006,0000000000000034,9,0,,8,12c54042
0480060000000006,0000000000100000,7,0,,1,10e74040
0480060000200006,0000000000040000,8,0,,1,18e54040
0480060000200006,0000000000140000,9,1,10e54040,6,10e54042
0480060002000000,0000000000040034,9,0,,1,18cd4040
0480060002000000,0000000000100034,9,0,,1,10cf4040
0480060002000000,0000000000140034,10,0,,6,10cd4042
0480060002000000,0000000060200034,11,0,,1,08cf4040
0480060002000006,0000000000000034,10,0,,1,18c74040
0480060002000006,0000000000100034,11,0,,1,10c74140
0480060002200006,0000000000040034,12,0,,6,18c54042
0480060002200006,0000000000140034,13,0,,7,10c54064
0480060008000004,0000000001200010,9,0,,1,08c740c0
0480060018000006,0000000021200000,11,0,,1,08e74040
0480060058000006,0000000021a00000,13,0,,1,0ae54040
0480060058200006,0000000001a40000,14,0,,1,08e54140
0480068048000004,0000000801a00000,12,0,,1,02e540c0
0480068058000006,0000000801a00000,14,0,,1,02e54140
0480070000001800,0000000000000000,7,0,,1,12ed0040
0480440000000000,00000000001401c0,9,0,,1,10ad4041
0480660000000000,00000000000001c0,9,0,,1,12ad4040
0480660000000000,00000000000401c0,10,0,,1,18ad4040
0480660000000000,0000000000140080,9,0,,1,10ad40c0
0480660000000000,00000000001401c0,11,0,,2,10ad4044
0480660000000000,0000000000a401c0,12,0,,1,08ad4140
0480660000000000,00000000202001c0,11,0,,1,08af4040
0480660000000000,0000000020a001c0,12,0,,1,0aad4040
0480660000000000,0000000800a00080,10,0,,1,02ad40c0
0480660000000000,0000000800a001c0,12,0,,1,02ad4140
0480660000000004,0000000000000080,8,0,,1,12a540c0
0480660000400004,0000000000140080,11,0,,1,10a541c0
0480c40000000004,00000000000001c0,9,0,,1,12a54041
0480c40000200004,00000000000401c0,11,0,,1,18a54041
0480c40000200004,00000000001401c0,12,0,,1,10a54141
0480e60000000006,00000000000001c0,12,0,,3,12a54042
0480e60000400006,00000000000001c0,13,0,,1,18a74040
0480e60000600006,00000000000401c0,15,0,,1,18a54140
0481660000400004,0000000000000090,11,0,,1,188740c0
0481e60002400006,00000000000007f4,20,0,,1,18874140
048206000001c000,0000000000000000,8,0,,1,126d4040
0600000000000000,0000000000000000,2,0,,8,02658083
0600000000000000,0000000000000010,3,0,,13,0245c881
0600000000000000,0000000000000080,3,0,,27,0225c083
0600000000000000,0000000000000090,4,0,,19,0285c085
0600000000000000,0000000000020010,4,0,,1,18478081
0600000000000000,0000000000020080,4,0,,2,082f8081
0600000000000000,0000000000020090,5,0,,4,080fc081
0600000000000000,0000000000030090,6,0,,1,088fc080
0600000000000000,0000000000060010,5,0,,1,18458881
0600000000000000,0000000000060080,5,0,,1,182d8081
0600000000000000,0000000000060090,6,0,,1,1885c081
0600000000000000,0000000000070010,6,0,,1,18c5c080
0600000000000000,0000000000070090,7,0,,1,188dc080
0600000000000000,0000000000120010,5,0,,1,10478881
0600000000000000,0000000000120080,5,0,,1,102f8081
0600000000000000,0000000000120090,6,0,,2,0087c181
0600000000000000,0000000000130010,6,0,,2,00cfc080
0600000000000000,0000000000130080,6,0,,1,00afc080
0600000000000000,0000000000130090,7,0,,1,108fc080
0600000000000000,0000000000160000,5,0,,8,006d8881
0600000000000000,0000000000160010,6,0,,12,004dc881
0600000000000000,0000000000160080,6,0,,10,002dc083
0600000000000000,0000000000160090,7,0,,10,0085c185
0600000000000000,0000000000170000,6,0,,2,00edc080
0600000000000000,0000000000170010,7,1,10c5c080,11,00cdc084
0600000000000000,0000000000170080,7,0,,5,00adc082
0600000000000000,0000000000170090,8,0,,8,008dc0a4
0600000000000000,0000000001000000,3,0,,1,02e5c080
0600000000000000,0000000001000010,4,0,,6,02c5c082
0600000000000000,0000000001000080,4,0,,5,02a5c082
0600000000000000,0000000001000090,5,0,,2,0285c184
0600000000000000,0000000001030010,6,0,,1,08c7c080
0600000000000000,0000000001170000,7,0,,2,00e5c180
0600000000000000,0000000001170010,8,0,,4,00c5c184
0600000000000000,0000000004000010,4,0,,2,024d8881
0600000000400000,0000000000030090,7,0,,1,1887c080
0600000000400000,0000000000070090,8,0,,1,1885c180
0600000000400000,0000000000130080,7,0,,1,10a7c080
0600000000400000,0000000000130090,8,0,,1,1087c180
0600000000400000,0000000000170080,8,0,,4,10a5c082
0600000000400000,0000000000170090,9,0,,5,1085c0a4
0600000000400000,0000000001030090,8,0,,1,0887c180
0600000000400000,0000000001170080,9,0,,1,00a5c1a0
0600000000400000,0000000001170090,10,0,,1,0085c1a4
0600004000000000,0000000000160000,6,0,,1,0065c881
0600004000000000,0000000004020010,6,0,,1,08478881
0600010000000000,0000000000000000,3,0,,2,02ed8080
0600010000000000,0000000000000010,4,0,,5,12c58082
0600010000000000,0000000000000080,4,0,,4,02ad8082
0600010000000000,0000000000170000,7,0,,1,10ed8080
0600010000000000,0000000000170080,8,0,,1,10ad8082
0602000000000000,0000000000000000,3,0,,2,026dc080
0602000000000000,0000000000000080,4,0,,6,022dc082
0602000000000000,0000000000170000,7,0,,2,1065c880
0602000000000000,0000000000170080,8,0,,1,102dc084
0602000000000000,0000000001000000,4,0,,1,0265c880
0602010000000000,0000000000000000,4,0,,11,026d8082
0602010000000000,0000000000000080,5,0,,10,022f8082
0602010000000000,0000000000030080,7,0,,1,182f8080
0602010000000000,0000000000130000,7,0,,1,106f8080
0602010000000000,0000000000170000,8,0,,2,106d8082
0622000000000000,0000000000000010,5,0,,7,1245c082
0622000000000000,0000000000030010,7,0,,1,1847c080
0622000000000000,0000000000170010,9,0,,3,1045c884
0622010000000000,0000000000000010,6,0,,7,12458882
0622010000000000,0000000000030010,8,0,,1,18478880
0680040000000000,0000000000000000,4,0,,1,126d0081
0680040000000000,0000000000020010,6,0,,1,184f0081
0680040000000000,0000000000120000,6,0,,1,106f0081
0680040000000000,0000000000160000,7,0,,4,106d0083
0680040000000000,0000000000160010,8,0,,2,104d4881
0680040000000000,0000000800a00000,7,0,,3,026d0083
0680040000000000,0000000800b60000,10,0,,1,00ed4081
0680040000000004,0000000000000010,6,0,,1,12c54081
0680040000000004,0000000000160000,8,0,,1,10e54081
0680040000000004,0000000000160010,9,0,,3,10c54085
0680040000000044,0000000000000000,6,0,,3,12650083
0680040000000044,0000000000160000,9,0,,1,10654881
0680040000100044,0000000000020010,9,0,,2,18470881
0680048048000004,0000000800a00000,11,0,,1,02e54081
0680048048000004,0000000800b60000,14,0,,1,00e54181
0680060000000000,0000000000000010,6,0,,1,12cd4080
0680060000000000,0000000000070010,9,0,,1,18cd4080
0680060000000000,0000000000130010,9,0,,1,10cf4080
0680060000000000,0000000000170000,9,0,,1,10ed4080
0680060000000000,0000000000170010,10,0,,4,10cd4084
0680060000000000,0000000800a00000,8,0,,1,02ed4080
0680060000000000,0000000800b70000,12,0,,3,00ed4082
0680060000000004,0000000000000000,6,0,,1,12e54080
0680060000000004,0000000000000010,7,0,,2,12c54084
0680060000000004,0000000000030010,9,0,,1,18c74080
0680060000000004,0000000000170000,10,0,,3,10e54082
0680060000000004,0000000000170010,11,0,,4,10c540a4
0680068048000004,0000000801a00000,13,0,,1,02e54180
0680070000000000,0000000000000000,6,0,,1,12ed0080
0680070000000004,0000000000000000,7,0,,1,12e50082
0680440000000000,0000000000000080,6,0,,4,122d0083
0680440000000000,0000000000020080,7,0,,1,182f0081
0680440000000000,0000000000020090,8,0,,1,180f4081
0680440000000000,0000000000160080,9,0,,3,102d4083
0680440000000000,0000000000160090,10,0,,1,108d4181
0680440000000000,0000000000200080,7,0,,1,0a2f0081
0680440000000000,0000000000220080,8,0,,2,082f0881
0680440000000000,0000000000220090,9,0,,1,088f4081
0680440000000000,0000000800a00080,9,0,,3,022d4083
0680440000000000,0000000800b60080,12,0,,3,00ad4083
0680440000000004,0000000000000080,7,0,,1,12a54081
0680440000000004,0000000000160080,10,0,,1,10a54181
0680440000000044,0000000000000080,8,0,,1,12254083
0680448248000004,0000000800a00080,14,0,,1,02a54181
0680660000000000,0000000000000080,8,0,,1,12ad4080
0680660000000000,0000000000170080,12,0,,3,10ad4082
0680660000000000,0000000000230080,11,0,,1,08af4080
0680660000000000,0000000800200080,10,0,,1,02af4080
0680660000000000,0000000800a00080,11,0,,4,02ad4082
0680660000000000,0000000800b70080,15,0,,3,00ad40a4
0680660000000004,0000000000000080,9,0,,3,12a54082
0680670000000000,0000000000000080,9,0,,1,12ad0082
0681660000000000,0000000000000090,10,0,,2,128d4084
0681660000000000,0000000000030090,12,0,,1,188f4080
0681660000000000,0000000000170090,14,0,,2,108d40a4
0681660000000000,0000000800b70090,17,0,,1,008d41a4
0681660000400004,0000000000170090,16,0,,1,108541a4
0682060000000000,0000000000000000,6,0,,1,126d4080
0682060000000000,0000000000170000,10,0,,2,106d4082
0682060000000044,0000000000000000,8,0,,1,12654082
0682070000000000,0000000000000000,7,0,,2,126d0082
0682660000000000,0000000000000080,9,0,,2,122d4082
0682660000000000,0000000000030080,11,0,,1,182f4080
0682660000000000,0000000000200080,10,0,,1,0a2f4080
0682670000000000,0000000000000080,10,0,,4,122d0086
06a2060000000000,0000000000030010,10,0,,1,184f4080
0700000000000000,0000000000000000,3,0,,1,12e5c000
0700000000000000,0000000000000010,4,1,12c5c000,12,02c5c101
0700000000000000,00000000000000c0,5,1,12a5c000,12,02a5c101
0700000000000000,00000000000004d0,7,1,1285c100,38,0285c103
0700000000000000,00000000000204d0,8,0,,2,0887c101
0700000000000000,0000000000030010,6,0,,1,18c7c000
0700000000000000,00000000000304d0,9,0,,1,188fc000
0700000000000000,0000000000060010,6,0,,1,18c5c001
0700000000000000,00000000000600c0,7,0,,1,18a5c001
0700000000000000,00000000000604d0,9,0,,1,1885c101
0700000000000000,0000000000070000,6,0,,1,18e5c000
0700000000000000,0000000000070010,7,0,,4,18c5c004
0700000000000000,00000000000700c0,8,0,,2,08adc100
0700000000000000,00000000000704d0,10,0,,1,188dc100
0700000000000000,0000000000120010,6,0,,1,10c7c001
0700000000000000,00000000001200c0,7,0,,1,00a7c101
0700000000000000,00000000001204d0,9,0,,1,1087c101
0700000000000000,0000000000130000,6,0,,1,10e7c000
0700000000000000,0000000000130010,7,0,,3,10c7c004
0700000000000000,00000000001300c0,8,0,,2,00afc100
0700000000000000,00000000001304d0,10,0,,1,108fc100
0700000000000000,0000000000160000,6,0,,2,00e5c101
0700000000000000,0000000000160010,7,0,,11,00c5c105
0700000000000000,00000000001600c0,8,0,,6,00a5c105
0700000000000000,00000000001604d0,10,0,,9,0085c125
0700000000000000,0000000000170000,7,0,,8,00edc100
0700000000000000,0000000000170010,8,2,10c5c100,17,00cdc104
0700000000000000,00000000001700c0,9,0,,7,00adc102
0700000000000000,00000000001704d0,11,0,,6,008dc124
0700000000000000,0000000001000000,4,0,,1,02e5c100
0700000000000000,0000000001000010,5,0,,7,02c5c102
0700000000000000,00000000010000c0,6,1,02a5c100,7,02a5c102
0700000000000000,00000000010004d0,8,0,,1,0285c124
0700000000000000,0000000001170000,8,0,,3,00e5c104
0700000000000000,0000000001170010,9,0,,1,00c5c124
0700000000000000,0000000020000000,4,0,,2,02e5c001
0700000000000000,0000000020000010,5,0,,8,02c5c005
0700000000000000,00000000200000c0,6,1,02adc000,13,02a5c003
0700000000000000,00000000200004d0,8,0,,2,028dc003
0700000000000000,0000000020070000,7,0,,1,08edc000
0700000000000000,0000000020160000,7,0,,1,00edc001
0700000000000000,0000000020160010,8,0,,2,00cdc005
0700000000000000,00000000201600c0,9,0,,2,00adc003
0700000000000000,0000000020170000,8,0,,4,00edc002
0700000000000000,00000000201700c0,10,0,,1,00adc024
0700000000000000,0000000021000000,5,0,,7,02e5c002
0700000000000000,00000000210000c0,7,0,,1,0aa7c000
0700000000000c00,0000000000000000,5,0,,2,02e58101
0700000000000c00,0000000000000010,6,0,,4,12c58003
0700000000000c00,00000000000000c0,7,0,,4,02ad8101
0700000000000c00,0000000000160000,8,0,,1,10ed8001
0700000000000c00,0000000020000000,6,0,,2,02e58801
0700000000000c00,00000000200000c0,8,0,,1,02ad8003
0700000000006000,0000000000000000,5,0,,2,0265c101
0700000000006000,00000000000000c0,7,0,,7,022dc101
0700000000006000,0000000000160000,8,0,,3,1065c005
0700000000006000,00000000001600c0,10,0,,1,102dc005
0700000000006000,0000000020000000,6,0,,3,0265c005
0700000000006000,00000000200000c0,8,0,,4,022dc003
0700000000006c00,0000000000000000,7,1,12658001,10,026d8101
0700000000006c00,00000000000000c0,9,0,,8,122d8003
0700000000006c00,00000000000200c0,10,0,,1,182f8001
0700000000006c00,0000000000060000,9,0,,1,186d8001
0700000000006c00,0000000000120000,9,0,,1,106f8001
0700000000006c00,0000000000160000,10,0,,3,106d8003
0700000000006c00,0000000020000000,8,0,,6,026d8003
0700000000006c00,00000000200000c0,10,0,,1,0a2f8001
0700000000066000,0000000000001010,9,0,,7,1245c003
0700000000066000,0000000000161010,12,0,,1,104dc005
0700000000066c00,0000000000001010,11,0,,8,12458803
0700000000400000,00000000000300c0,8,0,,1,18a7c000
0700000000400000,00000000000304d0,10,0,,1,1887c100
0700000000400000,00000000000700c0,9,0,,1,18a5c100
0700000000400000,00000000001300c0,9,0,,1,10a7c100
0700000000400000,00000000001700c0,10,0,,4,10a5c102
0700000000400000,00000000001704d0,12,0,,2,1085c124
0700000000400000,00000000011700c0,11,0,,1,00a5c124
0700010000000c00,0000000000000000,6,1,12e58000,10,02ed8100
0700010000000c00,0000000000000010,7,0,,8,12c58102
0700010000000c00,00000000000000c0,8,0,,7,12a58102
0700010000000c00,0000000000170000,10,0,,1,10ed8100
0700010000000c00,0000000020000000,7,0,,2,02ed8002
0702000000006000,0000000000000000,6,0,,2,026dc100
0702000000006000,00000000000000c0,8,0,,5,122dc002
0702000000006000,0000000000070000,9,0,,1,186dc000
0702000000006000,0000000000170000,10,0,,2,106dc004
0702000000006000,0000000020000000,7,0,,4,026dc002
0702000000006020,0000000000000000,7,1,1265c000,8,1265c002
0702000000006020,00000000000000c0,9,0,,1,1225c006
0702010000006c00,0000000000000000,9,1,126d8000,8,126d8002
0702010000006c00,00000000000000c0,11,0,,2,122d8006
0702010000006c20,0000000000000000,10,0,,9,12658006
0722000000066000,0000000000003010,12,0,,5,124dc002
0722000000066020,0000000000003010,13,0,,5,1245c006
0780040000000000,0000000000000034,8,0,,1,12cd4001
0780040000000000,0000000000160000,8,0,,1,10ed4001
0780040000000000,0000000800b60000,11,0,,1,00ed4101
0780040000000000,0000000820a00000,9,0,,1,02ed4001
0780040000000004,0000000000000000,6,0,,1,12e54001
0780040000000004,0000000000000034,9,0,,1,12c54101
0780040000001c00,0000000000000000,8,0,,1,12ed0001
0780040000016000,0000000000000000,8,0,,1,126d4001
0780040000016000,0000000000160000,11,0,,1,106d4005
0780040000016044,0000000000000000,10,0,,2,12654005
0780040000017c00,0000000000000000,11,0,,3,126d0003
0780040000017c00,0000000000020000,12,0,,1,186f0001
0780040000200004,0000000000160000,10,0,,2,10e54005
0780040002000000,0000000000160034,12,0,,2,10cd4005
0780040002200004,0000000000160034,14,0,,1,10c54901
0780048048000004,0000000800a00000,12,0,,1,02e54101
0780060000000000,0000000000000000,6,0,,1,12ed4000
0780060000000000,0000000000000034,9,0,,5,12cd4002
0780060000000000,0000000000070000,9,0,,1,18ed4000
0780060000000000,0000000000130000,9,0,,1,10ef4000
0780060000000000,0000000000170000,10,0,,6,10ed4002
0780060000000000,0000000800a00000,9,0,,1,02ed4100
0780060000000000,0000000800b70000,13,0,,1,00ed4104
0780060000000000,0000000820a00000,10,0,,3,02ed4002
0780060000000000,0000000820b70000,14,0,,1,00ed4024
0780060000000006,0000000000000000,8,0,,8,12e54002
0780060000000006,0000000000000034,11,0,,5,12c54006
0780060000000006,0000000000130000,11,0,,1,10e74100
0780060000200006,0000000000070000,12,0,,1,18e54100
0780060000200006,0000000000170000,13,0,,5,10e54024
0780060002000000,0000000000030034,12,0,,1,18cf4000
0780060002000000,0000000000070034,13,0,,1,18cd4100
0780060002000000,0000000000170034,14,0,,4,10cd4024
0780060002000006,0000000000030034,14,0,,1,18c74100
0780060002200006,0000000000170034,17,0,,2,10c54124
0780068058200006,0000000801b70000,21,0,,1,00e54124
0780070000001c00,0000000000000000,10,0,,2,12ed0002
0780440000000000,00000000000001c0,9,0,,1,12ad4001
0780440000000000,00000000001601c0,12,0,,2,10ad4005
0780440000000000,0000000800a001c0,12,0,,1,02ad4101
0780440000000000,0000000820a001c0,13,0,,2,02ad4003
0780440000001c00,00000000000001c0,12,0,,1,12ad0003
0780440000016000,00000000000001c0,12,0,,2,122d4003
0780660000000000,00000000000001c0,11,0,,7,12ad4002
0780660000000000,00000000000701c0,14,0,,1,18ad4100
0780660000000000,00000000001701c0,15,0,,5,10ad4024
0780660000000000,0000000000a001c0,13,0,,1,0aad4100
0780660000000000,0000000800a001c0,14,0,,3,02ad4102
0780660000000000,0000000800b701c0,18,0,,1,00ad4124
0780660000000000,0000000820a001c0,15,0,,2,02ad4006
0780c40000000004,00000000000001c0,11,0,,2,12a54003
0780e60000000006,00000000000001c0,14,0,,7,12a54006
0780e60000600006,00000000001701c0,20,0,,1,10a54124
0781660000000000,00000000000007f4,17,0,,3,128d4006
0781660002000000,00000000001707f4,22,0,,1,108d4124
078206000001e000,0000000000000000,11,0,,4,126d4002
078207000001fc00,0000000000000000,15,0,,1,126d0006
078266000001e000,00000000000001c0,16,0,,1,122d4006
0800000000000000,0000000000000000,1,32,00688a81,1088,0044ca85
0800000000000000,0000000000000080,2,56,002cc281,1580,0008c3a5
0800000000000000,0000000000600000,3,1,08c242c0,59,08464a81
0800000000000000,0000000000e00000,4,0,,17,08484a85
0800000000000000,0000000020000000,2,8,00e8c201,253,00c0ca25
0800000000000000,0000000020000080,3,10,028cc201,207,0088ca25
0800000000000000,0000000800600000,4,0,,37,004a4a85
0800000000000000,0000000800e00000,5,0,,110,004c4a85
0800000000000800,0000000000000000,2,0,,4,10cc8241
0800000000000800,0000000000000080,3,0,,4,02a88341
0800000000000800,0000000020000000,3,0,,1,02e88241
0800000000000800,0000000020000080,4,0,,6,02a88243
0800000000000c00,0000000000000000,3,0,,26,02c88321
0800000000000c00,0000000000000080,4,0,,38,00a88325
0800000000000c00,0000000020000000,4,0,,6,02e88203
0800000000000c00,0000000020000080,5,1,02a88203,13,02a88207
0800000000004000,0000000000000080,3,0,,4,0228c341
0800000000004000,0000000020000000,3,0,,1,0268c241
0800000000004000,0000000020000080,4,0,,2,022cc241
0800000000004800,0000000000000000,3,0,,3,106c8241
0800000000004800,0000000000000080,4,0,,2,12288243
0800000000004800,0000000020000000,4,0,,1,026c8241
0800000000004800,0000000020000080,5,0,,1,0a2a8241
0800000000006000,0000000000000000,3,0,,14,0260c321
0800000000006000,0000000000000080,4,0,,29,0220c325
0800000000006000,0000000020000000,4,0,,9,0264ca01
0800000000006000,0000000020000080,5,0,,15,0228c207
0800000000006000,0000000120000000,5,0,,1,086ac201
0800000000006000,0000000120000080,6,0,,2,082ac205
0800000000006c00,0000000000000000,5,1,12648201,28,02688303
0800000000006c00,0000000000000080,6,1,122c8201,30,02288307
0800000000006c00,0000000020000000,6,0,,11,02688207
0800000000006c00,0000000020000080,7,0,,10,02288217
0800000000044000,0000000000000000,3,0,,1,1244c241
0800000000066000,0000000000000000,5,0,,21,0240c325
0800000000066000,0000000000000080,6,0,,8,0208c325
0800000000066000,0000000000008000,6,0,,1,184ac201
0800000000066000,0000000020000000,6,0,,1,0a4ac201
0800000000066000,0000000020000080,7,0,,2,0a0ac205
0800000000066000,0000000520000080,9,0,,1,080ec205
0800000000066c00,0000000000000000,7,0,,14,12448207
0800000000066c00,0000000000000080,8,0,,2,120c8207
0800000001000000,0000000000000000,2,0,,22,0042ca85
0800000001000000,0000000000000080,3,0,,14,0802ca85
0800000001000000,0000000000600000,4,0,,2,08424a85
0800000080000000,0000000000e00000,5,0,,8,08c04ac1
0800000080000000,0000000800e00000,6,0,,50,00c043a5
0800000800000000,0000000000000000,2,0,,3,02c48381
0800000800000000,0000000000000080,3,0,,3,0a8282c1
0800010000000000,0000000000000000,2,0,,32,02e08382
0800010000000000,0000000000000080,3,1,02a88282,49,02a88286
0800010000000000,0000000000600000,4,0,,3,08ea0282
0800010000000000,0000000800600000,5,0,,1,02ea0282
0800010000000000,0000000800e00000,6,0,,6,02e80286
0800010000000001,0000000000000000,3,0,,1,12e40282
0800010000000800,0000000000000000,3,0,,9,02e88340
0800010000000800,0000000000000080,4,0,,6,12a48242
0800010000000800,0000000020000000,4,0,,2,02e88242
0800010000000800,0000000020000080,5,0,,3,0aa28242
0800010000000c00,0000000000000000,4,0,,36,02e88302
0800010000000c00,0000000000000080,5,1,12a88202,26,02a88306
0800010000000c00,0000000020000000,5,0,,6,02e88206
0800010000000c00,0000000020000080,6,0,,4,02a88216
0800400000000000,0000000000000080,3,0,,178,100c4a85
0800400000000000,0000000000600080,5,5,080a4a81,125,08064a85
0800400000000000,0000000000e00080,6,0,,25,08284a83
0800400000000000,0000000800600080,6,0,,61,002a0297
0800400000000000,0000000800e00080,7,3,02280a83,99,00284297
0800400000000010,0000000000000080,4,0,,7,12204a83
0800400001000000,0000000000000080,4,0,,3,18024a85
0800400001000000,0000000000600080,6,0,,5,08224293
0800400280000000,0000000800e00080,9,0,,13,008443a5
0800400280000010,0000000000e00080,9,0,,2,08a043c1
0800400280000010,0000000800e00080,10,0,,15,00804ba5
0800600000000000,0000000000000080,4,0,,38,10a44382
0800600000000000,0000000000600080,6,0,,22,08a24292
0800600000000000,0000000000e00080,7,0,,9,08a842c2
0800600000000000,0000000800600080,7,0,,15,00aa4286
0800600000000000,0000000800e00080,8,1,02a84282,29,00a84296
0800600000000010,0000000000000080,5,0,,5,12a04286
0800600280000000,0000000800e00080,10,0,,2,02a44286
0800600280000010,0000000000e00080,10,0,,1,0aa042c2
0800600280000010,0000000800e00080,11,0,,4,02a04296
0800610000000000,0000000000000080,5,0,,12,12a80286
0800610000000000,0000000000600080,7,0,,11,08aa0292
0800610000000000,0000000000e00080,8,0,,1,0aa80a82
0800610000000000,0000000800600080,8,0,,6,02aa0286
0800610000000000,0000000800e00080,9,0,,4,02a80296
0800610000000001,0000000000000080,6,0,,6,12a40286
0800610000000001,0000000000600080,8,0,,1,0aa202c2
0801600000000000,0000000000000080,5,0,,28,108443a4
0801600000000000,0000000000600080,7,0,,26,088642c4
0801600000000000,0000000800600080,8,0,,1,008a43a4
0801600000000000,0000000800e00080,9,0,,3,00884ba4
0802000000000000,0000000000000000,2,0,,48,0268c282
0802000000000000,0000000000000080,3,0,,57,0228c286
0802000000000000,0000000000600000,4,0,,9,084a4a84
0802000000000000,0000000800600000,5,0,,1,026a4282
0802000000000000,0000000800e00000,6,0,,5,00684296
0802000000004000,0000000000000000,3,0,,1,1268c240
0802000000004000,0000000000000080,4,0,,1,122cc240
0802000000004000,0000000020000080,5,0,,1,0a2ac240
0802000000004020,0000000000000000,4,0,,1,1264c240
0802000000006000,0000000000000000,4,0,,11,0268c320
0802000000006000,0000000000000080,5,0,,12,0228c324
0802000000006000,0000000020000000,5,0,,4,0268c206
0802000000006000,0000000020000080,6,0,,6,0228c216
0802000000006020,0000000000000000,5,0,,9,0260c324
0802000000006020,0000000000000080,6,0,,2,1224c206
0802000000066000,0000000000002000,7,0,,7,124cc202
0802000000066000,0000000000002080,8,0,,1,120cc206
0802000000066020,0000000000002000,8,0,,4,1244c206
0802000001000000,0000000000000000,3,0,,1,1842ca80
0802010000000000,0000000000000000,3,0,,48,02688286
0802010000000000,0000000000000080,4,0,,55,02288296
0802010000000000,0000000000600000,5,0,,4,086a0292
0802010000000000,0000000800e00000,7,0,,1,02680296
0802010000004800,0000000000000000,5,0,,1,126c8240
0802010000006c00,0000000000000000,7,0,,13,02688324
0802010000006c00,0000000000000080,8,0,,6,122c8206
0802010000006c00,0000000020000080,9,0,,1,0a2a8206
0802010000006c20,0000000000000000,8,0,,4,12648206
0802010000066c00,0000000000002000,10,0,,1,124c8206
0802600000000000,0000000000000080,5,0,,19,12244286
0802600000000000,0000000000600080,7,0,,20,082a4286
0802600000000000,0000000800600080,8,0,,5,002a4296
0802600000000000,0000000800e00080,9,0,,3,02284296
0802610000000000,0000000000000080,6,0,,22,12280296
0802610000000000,0000000000600080,8,0,,12,082a0296
0802610000000000,0000000800600080,9,0,,1,022a0296
0802610000000000,0000000800e00080,10,0,,1,022c0296
0802610000000001,0000000000000080,7,0,,4,12240296
0803600000000000,0000000000000080,6,0,,5,180a4a84
0803600000000000,0000000000600080,8,0,,2,080a4296
0803610000000000,0000000000000080,7,0,,1,1a0e0a80
0c00000000000000,0000000000000000,2,0,,4,026c80c1
0c00000000000000,0000000000000010,3,1,12c4c040,20,02c4c0c1
0c00000000000000,0000000000000080,3,0,,15,022c80c3
0c00000000000000,0000000000000090,4,0,,18,0284c1c1
0c00000000000000,00000000000000c0,4,1,12a4c040,12,02a4c141
0c00000000000000,00000000000004d0,6,1,1284c140,40,0284c145
0c00000000000000,0000000000040000,3,0,,1,18e4c040
0c00000000000000,0000000000040010,4,1,18c4c040,13,08c4c0c1
0c00000000000000,0000000000040080,4,0,,3,08a4c0c1
0c00000000000000,0000000000040090,5,0,,5,0884c1c1
0c00000000000000,00000000000400c0,5,0,,4,08a4c141
0c00000000000000,00000000000404d0,7,0,,9,088cc141
0c00000000000000,0000000000100000,3,0,,1,10e6c040
0c00000000000000,0000000000100010,4,0,,10,00cec0c0
0c00000000000000,0000000000100080,4,0,,2,00aec0c0
0c00000000000000,0000000000100090,5,0,,2,1086c0c1
0c00000000000000,00000000001000c0,5,0,,2,10a6c041
0c00000000000000,00000000001004d0,7,0,,2,1086c141
0c00000000000000,0000000000140000,4,1,10e4c040,16,00e4c0c1
0c00000000000000,0000000000140010,5,6,10c4c041,52,00c4c0c5
0c00000000000000,0000000000140080,5,0,,11,00a4c1c1
0c00000000000000,0000000000140090,6,0,,13,0084c1e1
0c00000000000000,00000000001400c0,6,1,10acc040,15,00a4c161
0c00000000000000,00000000001404d0,8,0,,12,0084c165
0c00000000000000,0000000001000000,3,0,,2,02e4c0c0
0c00000000000000,0000000001000010,4,0,,16,02c4c0c2
0c00000000000000,0000000001000080,4,0,,6,02a4c0c2
0c00000000000000,0000000001000090,5,0,,2,0a84c1c0
0c00000000000000,00000000010000c0,5,0,,5,02a4c142
0c00000000000000,00000000010004d0,7,0,,2,0284c164
0c00000000000000,0000000001040000,4,0,,2,08e4c0c0
0c00000000000000,0000000001040010,5,0,,3,08c4c160
0c00000000000000,0000000001140000,5,0,,6,00e4c144
0c00000000000000,0000000001140010,6,0,,5,00c4c164
0c00000000000000,0000000020000000,3,0,,2,02e4c041
0c00000000000000,0000000020000010,4,0,,11,02c4c841
0c00000000000000,00000000200000c0,5,1,02acc040,13,02a4c043
0c00000000000000,00000000200004d0,7,0,,5,088ec041
0c00000000000000,0000000020040000,4,0,,2,08e4c041
0c00000000000000,0000000020040010,5,0,,4,08c4c841
0c00000000000000,00000000200400c0,6,0,,4,08acc041
0c00000000000000,0000000020100000,4,0,,1,00eec040
0c00000000000000,0000000020140000,5,0,,7,00e4c841
0c00000000000000,0000000020140010,6,0,,3,00ccc045
0c00000000000000,00000000201400c0,7,0,,1,00acc045
0c00000000000000,0000000021000000,4,1,02e4c040,8,02e4c042
0c00000000000000,0000000021000010,5,0,,6,08c6c044
0c00000000000000,00000000210000c0,6,0,,4,0aa4c042
0c00000000000000,0000000021040000,5,0,,2,08e4c044
0c00000000000800,0000000000000000,3,0,,1,12e48041
0c00000000000800,0000000000000010,4,0,,5,12c48043
0c00000000000800,00000000000000c0,5,0,,5,02ac8141
0c00000000000800,0000000000140000,5,0,,1,10ec8041
0c00000000000800,0000000020000000,4,0,,1,02ec8041
0c00000000000800,00000000200000c0,6,0,,1,02ac8043
0c00000000004000,0000000000000000,3,0,,1,1264c041
0c00000000004000,00000000000000c0,5,0,,6,022cc141
0c00000000004000,0000000000140000,5,0,,1,106cc041
0c00000000004000,00000000001400c0,7,0,,1,102cc045
0c00000000004000,0000000020000000,4,0,,1,026cc041
0c00000000004000,00000000200000c0,6,0,,3,022cc043
0c00000000004800,0000000000000000,4,0,,6,12648043
0c00000000004800,00000000000000c0,6,0,,6,122c8043
0c00000000044000,0000000000001010,6,0,,2,1244c841
0c00000000400000,0000000000000090,5,0,,1,1886c0c0
0c00000000400000,00000000000000c0,5,0,,1,18a6c040
0c00000000400000,00000000000004d0,7,0,,3,1886c044
0c00000000400000,0000000000040080,5,0,,1,18a4c0c0
0c00000000400000,0000000000040090,6,0,,5,1884c0c4
0c00000000400000,00000000000400c0,6,0,,6,18a4c042
0c00000000400000,00000000000404d0,8,0,,3,1884c144
0c00000000400000,0000000000100080,5,0,,1,10a6c0c0
0c00000000400000,0000000000100090,6,0,,1,1086c1c0
0c00000000400000,00000000001000c0,6,0,,1,10a6c140
0c00000000400000,0000000000140080,6,0,,5,10a4c0c2
0c00000000400000,0000000000140090,7,0,,5,1084c0e4
0c00000000400000,00000000001400c0,7,1,10a4c140,5,10a4c142
0c00000000400000,00000000001404d0,9,0,,2,1084c164
0c00000000400000,0000000001000080,5,0,,1,08a6c0c0
0c00000000400000,0000000001000090,6,0,,3,0886c0c4
0c00000000400000,00000000010000c0,6,0,,1,08a6c140
0c00000000400000,0000000001040080,6,0,,1,08a4c1c0
0c00000000400000,0000000001140090,8,0,,1,0084c1e4
0c00000000400000,00000000011400c0,8,0,,1,00a4c164
0c00010000000000,0000000000000000,3,0,,2,02ec80c0
0c00010000000000,0000000000000010,4,0,,6,12c480c2
0c00010000000000,0000000000000080,4,0,,5,02ac80c2
0c00010000000000,0000000000140000,5,0,,1,10ec80c0
0c00010000000000,0000000000140080,6,0,,1,10ac80c2
0c00010000000800,0000000000000000,4,1,12e48040,10,02ec8140
0c00010000000800,0000000000000010,5,0,,9,12c48842
0c00010000000800,00000000000000c0,6,0,,9,12a48142
0c00010000000800,0000000000040000,5,0,,1,18ec8040
0c00010000000800,0000000000140000,6,0,,2,10ec8140
0c00010000000800,0000000020000000,5,0,,2,02ec8042
0c02000000000000,0000000000000000,3,0,,2,026cc0c0
0c02000000000000,0000000000000080,4,0,,5,022cc0c2
0c02000000000000,0000000000140000,5,0,,1,106cc0c0
0c02000000000000,0000000000140080,6,0,,1,102cc0c4
0c02000000004000,0000000000000000,4,0,,1,126cc040
0c02000000004000,00000000000000c0,6,0,,4,122cc042
0c02000000004000,0000000000040000,5,0,,1,186cc040
0c02000000004000,0000000000140000,6,0,,1,106cc044
0c02000000004000,00000000200000c0,7,0,,1,0a2ec040
0c02000000004020,0000000000000000,5,0,,7,1264c042
0c02000000004020,00000000000000c0,7,0,,1,1a26c040
0c02010000000000,0000000000000000,4,0,,5,126480c2
0c02010000000000,0000000000000080,5,0,,7,0a2e80c0
0c02010000004800,0000000000000000,6,0,,7,126c8042
0c02010000004800,00000000000000c0,8,0,,2,122c8046
0c02010000004820,0000000000000000,7,0,,2,1a648840
0c22000000000000,0000000000000010,5,0,,2,1244c8c0
0c80040000000000,0000000000000000,4,0,,1,126c00c1
0c80040000000000,0000000000140000,6,0,,2,106c40c1
0c80040000000000,0000000000140010,7,0,,1,10cc40c1
0c80040000000000,0000000800f40000,10,0,,1,00ec40c1
0c80040000000004,0000000000000000,5,0,,1,12e400c1
0c80040000000004,0000000000000010,6,0,,1,12c440c1
0c80040000000004,0000000000040010,7,0,,1,18c440c1
0c80040000000004,0000000000100010,7,0,,1,10c640c1
0c80040000000004,0000000000140000,7,0,,1,10e440c1
0c80040000000004,0000000000140010,8,0,,5,10c440c5
0c80040008000004,0000000000600010,9,0,,1,08c640c1
0c800400c8000004,0000000000e40000,12,0,,1,08e440c1
0c800480c8000004,0000000800e00000,13,0,,1,02e440c1
0c800480c8000004,0000000800f40000,15,0,,1,00e441c1
0c80060000000000,0000000000000010,6,0,,1,12cc40c0
0c80060000000000,0000000000040010,7,0,,1,18cc40c0
0c80060000000000,0000000000100010,7,0,,1,10ce40c0
0c80060000000000,0000000000140000,7,0,,1,10ec40c0
0c80060000000000,0000000000140010,8,1,10cc40c0,6,10cc40c2
0c80060000000000,0000000000600010,8,0,,1,08ce40c0
0c80060000000000,0000000000e40000,9,0,,1,08ec40c0
0c80060000000000,0000000800e00000,9,0,,1,02ec40c0
0c80060000000000,0000000800f40000,11,0,,4,00ec40c2
0c80060000000004,0000000000000000,6,0,,1,12e440c0
0c80060000000004,0000000000000010,7,0,,9,12c440c2
0c80060000000004,0000000000040000,7,0,,1,18e440c0
0c80060000000004,0000000000040010,8,0,,6,18c440c2
0c80060000000004,0000000000100000,7,0,,1,10e640c0
0c80060000000004,0000000000100010,8,0,,3,10c640c4
0c80060000000004,0000000000140000,8,0,,6,10e440c2
0c80060000000004,0000000000140010,9,0,,9,10c440d4
0c80060008000004,0000000001600000,10,0,,1,08e640c0
0c80060008000004,0000000001600010,11,0,,3,08c640c4
0c800600c8000004,0000000001e00000,13,0,,1,0ae440c0
0c800600c8000004,0000000001e40000,14,0,,1,08e441c0
0c800680c8000004,0000000801e00000,15,0,,2,02e440c2
0c80070000000000,0000000000000000,6,0,,1,12ec00c0
0c80070000000005,0000000000000000,8,0,,1,12e400c2
0c80440000000000,0000000000000080,6,0,,4,122c00c3
0c80440000000000,0000000000040090,8,0,,1,188c40c1
0c80440000000000,0000000000140080,8,0,,1,10ac40c1
0c80440000000000,0000000000140090,9,0,,1,108c41c1
0c80440000000000,0000000000600080,8,0,,1,082e40c1
0c80440000000000,0000000000600090,9,0,,1,088e40c1
0c80440000000000,0000000000e40080,10,0,,1,08ac40c1
0c80440000000000,0000000800e00080,10,0,,1,02ac40c1
0c80440000000000,0000000800f40080,12,0,,2,00ac40c3
0c80440000000004,0000000000000080,7,0,,1,12a440c1
0c80440000000004,0000000000000090,8,0,,1,188640c1
0c80440000000004,0000000000040080,8,0,,1,18a440c1
0c80440000000004,0000000000140080,9,0,,1,10a441c1
0c80440008000004,0000000000600080,10,0,,1,08a640c1
0c804402c8000004,0000000000e40080,15,0,,1,08a441c1
0c804482c8000004,0000000800e00080,16,0,,1,02a441c1
0c80660000000000,0000000000000080,8,0,,1,12ac40c0
0c80660000000000,0000000000040080,9,0,,1,18ac40c0
0c80660000000000,0000000000100080,9,0,,1,10ae40c0
0c80660000000000,0000000000140080,10,0,,5,10ac40c2
0c80660000000000,0000000000600080,10,0,,1,08ae40c0
0c80660000000000,0000000000e00080,11,0,,1,0aac40c0
0c80660000000000,0000000000e40080,12,0,,3,08ac40c2
0c80660000000000,0000000800e00080,12,0,,3,02ac40c2
0c80660000000004,0000000000000080,9,0,,5,12a440c2
0c80660000400004,0000000000000080,10,0,,1,18a640c0
0c80660000400004,0000000000040080,11,0,,3,18a440c2
0c80660000400004,0000000000140080,12,0,,3,10a441c2
0c80660008000004,0000000001600080,13,0,,1,0aa640c0
0c80660008400004,0000000001600080,14,0,,2,08a640c2
0c806602c8000004,0000000001e00080,17,0,,1,0aa441c0
0c80670000000000,0000000000000080,9,0,,1,12ac00c2
0c81660000000000,0000000000000090,10,0,,5,128c40c2
0c81660000000000,0000000000040090,11,0,,2,188c40c4
0c81660000000000,0000000000140090,12,0,,2,108c40e4
0c81660000000000,0000000000600090,12,0,,3,088e40c4
0c81660000000004,0000000000000090,11,0,,2,1a8441c0
0c81660000400004,0000000000000090,12,0,,4,188640c4
0c81660000400004,0000000000140090,14,0,,1,108441e4
0c82060000000000,0000000000000000,6,0,,1,126c40c0
0c82070000000000,0000000000000000,7,0,,1,126c00c2
0c82660000000000,0000000000000080,9,0,,3,122c40c2
0c82660000000000,0000000000600080,11,0,,1,0a2e40c0
0c82670000000000,0000000000000080,10,0,,2,122c00c6
0e00000000000000,0000000000000000,3,1,12648081,37,02648883
0e00000000000000,0000000000000010,4,4,02ccc080,65,0244c885
0e00000000000000,0000000000000080,4,8,022c8083,115,0224c087
0e00000000000000,0000000000000090,5,6,0284c181,103,0284c0a5
0e00000000000000,0000000000020000,4,0,,2,086e8081
0e00000000000000,0000000000020010,5,0,,5,084ec081
0e00000000000000,0000000000020080,5,0,,9,082e8083
0e00000000000000,0000000000020090,6,0,,14,080ec085
0e00000000000000,0000000000030010,6,0,,2,08cec080
0e00000000000000,0000000000030080,6,0,,1,08aec080
0e00000000000000,0000000000030090,7,0,,6,088ec082
0e00000000000000,0000000000060000,5,0,,4,086c8881
0e00000000000000,0000000000060010,6,0,,7,08c4c181
0e00000000000000,0000000000060080,6,0,,7,08a4c181
0e00000000000000,0000000000060090,7,0,,8,0884c1a1
0e00000000000000,0000000000070000,6,0,,2,08ecc080
0e00000000000000,0000000000070010,7,0,,6,08ccc880
0e00000000000000,0000000000070080,7,0,,4,08acc082
0e00000000000000,0000000000070090,8,0,,5,188cc082
0e00000000000000,0000000000120000,5,0,,5,006e8881
0e00000000000000,0000000000120010,6,0,,8,00c6c181
0e00000000000000,0000000000120080,6,0,,11,002ec083
0e00000000000000,0000000000120090,7,0,,9,0086c1a1
0e00000000000000,0000000000130000,6,0,,2,00eec080
0e00000000000000,0000000000130010,7,0,,9,00cec084
0e00000000000000,0000000000130080,7,0,,5,00aec082
0e00000000000000,0000000000130090,8,0,,9,008ec0a4
0e00000000000000,0000000000160000,6,0,,30,006c8883
0e00000000000000,0000000000160010,7,1,10c4c081,31,004cc885
0e00000000000000,0000000000160080,7,3,00a4c181,38,002cc087
0e00000000000000,0000000000160090,8,2,1084c181,30,0084c1a3
0e00000000000000,0000000000170000,7,0,,13,00ecc082
0e00000000000000,0000000000170010,8,3,10c4c084,26,00ccc0a4
0e00000000000000,0000000000170080,8,1,10acc080,16,00acc086
0e00000000000000,0000000000170090,9,2,108cc084,16,008cc096
0e00000000000000,0000000001000000,4,0,,8,02e4c082
0e00000000000000,0000000001000010,5,0,,14,02c4c086
0e00000000000000,0000000001000080,5,1,02a4c180,18,02a4c086
0e00000000000000,0000000001000090,6,0,,6,0284c1a2
0e00000000000000,0000000001030010,7,0,,2,08c6c180
0e00000000000000,0000000001170000,8,0,,2,00e4c1a0
0e00000000000000,0000000001170010,9,0,,3,00c4c1a4
0e00000000000000,0000000004000010,5,0,,5,02cc8083
0e00000000000000,0000000004000090,6,0,,2,0a0e8881
0e00000000000000,0000000004020010,6,0,,1,084e8881
0e00000000400000,0000000000030080,7,0,,1,18a6c080
0e00000000400000,0000000000030090,8,0,,6,1886c082
0e00000000400000,0000000000070080,8,0,,3,18a4c082
0e00000000400000,0000000000070090,9,0,,4,1884c0a4
0e00000000400000,0000000000130080,8,0,,3,10a6c082
0e00000000400000,0000000000130090,9,0,,4,1086c0a4
0e00000000400000,0000000000170080,9,1,10a4c180,10,10a4c086
0e00000000400000,0000000000170090,10,1,1084c1a0,9,1084c096
0e00000000400000,0000000001030080,8,0,,1,08a6c180
0e00000000400000,0000000001030090,9,0,,2,0886c184
0e00000000400000,0000000001070090,10,0,,1,0884c1a4
0e00000000400000,0000000001130090,10,0,,1,0086c1a4
0e00000000400000,0000000001170080,10,0,,2,00a4c1a2
0e00000000400000,0000000001170090,11,0,,3,0084c1a6
0e00004000000000,0000000000020010,6,0,,1,0846c881
0e00010000000000,0000000000000000,4,1,12e48080,13,02ec8082
0e00010000000000,0000000000000010,5,0,,20,12c48086
0e00010000000000,0000000000000080,5,1,12ac8080,25,02ac8086
0e00010000000000,0000000000000090,6,0,,5,128c8086
0e00010000000000,0000000000030010,7,0,,2,18c68880
0e00010000000000,0000000000030080,7,0,,1,18ae8080
0e00010000000000,0000000000130000,7,0,,1,10ee8080
0e00010000000000,0000000000130080,8,0,,1,10ae8082
0e00010000000000,0000000000170000,8,0,,4,10ec8082
0e00010000000000,0000000000170080,9,0,,2,10ac8092
0e02000000000000,0000000000000000,4,1,1264c080,16,026cc082
0e02000000000000,0000000000000080,5,1,122cc080,29,022cc086
0e02000000000000,0000000000030000,6,0,,2,086ec080
0e02000000000000,0000000000030080,7,0,,3,082ec082
0e02000000000000,0000000000070000,7,0,,1,186cc080
0e02000000000000,0000000000070080,8,0,,1,182cc084
0e02000000000000,0000000000130000,7,0,,1,106ec080
0e02000000000000,0000000000130080,8,0,,2,102ec082
0e02000000000000,0000000000170000,8,0,,4,106cc082
0e02000000000000,0000000000170080,9,0,,4,002cc096
0e02000000000000,0000000001000000,5,0,,1,0a66c080
0e02000000000000,0000000001000080,6,0,,1,0a26c082
0e02010000000000,0000000000000000,5,2,12648082,28,026c8086
0e02010000000000,0000000000000080,6,1,122c8082,25,022c8096
0e02010000000000,0000000000030000,7,0,,1,186e8080
0e02010000000000,0000000000030080,8,0,,3,182e8082
0e02010000000000,0000000000070000,8,0,,1,186c8880
0e02010000000000,0000000000170000,9,0,,2,106c8092
0e22000000000000,0000000000000010,6,0,,20,0a4ec080
0e22000000000000,0000000000000090,7,0,,8,0a0ec084
0e22000000000000,0000000000030010,8,0,,4,084ec880
0e22000000000000,0000000000030090,9,0,,3,080ec884
0e22000000000000,0000000000070010,9,0,,2,184cc084
0e22000000000000,0000000000130010,9,0,,2,104ec084
0e22000000000000,0000000000170010,10,0,,1,104cc884
0e22010000000000,0000000000000010,7,0,,11,12448096
0e22010000000000,0000000000000090,8,0,,4,120c8096
0e22010000000000,0000000000030010,9,0,,1,184e8880
0e80040000000000,0000000000000000,5,0,,7,126c0083
0e80040000000000,0000000000000010,6,0,,1,12cc4081
0e80040000000000,0000000000020000,6,0,,1,186e0081
0e80040000000000,0000000000020010,7,0,,2,184e0881
0e80040000000000,0000000000060000,7,0,,2,186c0881
0e80040000000000,0000000000060010,8,0,,1,18cc4081
0e80040000000000,0000000000120000,7,0,,3,106e0083
0e80040000000000,0000000000120010,8,0,,1,10ce4081
0e80040000000000,0000000000160000,8,0,,9,106c0093
0e80040000000000,0000000000160010,9,0,,6,104c4885
0e80040000000000,0000000000600000,7,0,,1,0a6e0081
0e80040000000000,0000000000620000,8,0,,2,086e0881
0e80040000000000,0000000000620010,9,0,,2,084e4881
0e80040000000000,0000000800e00000,9,0,,7,026c0093
0e80040000000000,0000000800f60000,12,0,,4,00ec4083
0e80040000000000,0000000800f60010,13,0,,2,00cc40a5
0e80040000000004,0000000000000000,6,0,,3,12e40083
0e80040000000004,0000000000000010,7,0,,3,12c44085
0e80040000000004,0000000000020010,8,0,,1,18c64081
0e80040000000004,0000000000160000,9,0,,5,10e44083
0e80040000000004,0000000000160010,10,0,,5,10c440a5
0e80040000000044,0000000000000000,7,0,,4,12640883
0e80040000000044,0000000000020000,8,0,,1,18664081
0e80040000100044,0000000000020010,10,0,,1,18464881
0e800480c8000004,0000000800e00000,14,0,,1,02e44181
0e800480c8000004,0000000800f60010,18,0,,1,00c441a5
0e80060000000000,0000000000000000,6,0,,1,12ec4080
0e80060000000000,0000000000000010,7,0,,7,12cc4082
0e80060000000000,0000000000030010,9,0,,1,18ce4080
0e80060000000000,0000000000070000,9,0,,1,18ec4080
0e80060000000000,0000000000070010,10,0,,2,18cc4084
0e80060000000000,0000000000130000,9,0,,1,10ee4080
0e80060000000000,0000000000130010,10,0,,2,10ce4084
0e80060000000000,0000000000170000,10,0,,6,10ec4082
0e80060000000000,0000000000170010,11,0,,8,10cc4086
0e80060000000000,0000000000630000,10,0,,1,08ee4080
0e80060000000000,0000000000630010,11,0,,1,08ce4084
0e80060000000000,0000000800600000,9,0,,1,02ee4080
0e80060000000000,0000000800e00000,10,0,,6,02ec4082
0e80060000000000,0000000800f70000,14,0,,5,00ec4092
0e80060000000000,0000000800f70010,15,0,,1,00cc41a4
0e80060000000004,0000000000000000,7,0,,8,12e44082
0e80060000000004,0000000000000010,8,0,,8,12c44086
0e80060000000004,0000000000030000,9,0,,1,18e64080
0e80060000000004,0000000000030010,10,0,,3,18c64084
0e80060000000004,0000000000130000,10,0,,1,10e64180
0e80060000000004,0000000000170000,11,0,,5,10e440a4
0e80060000000004,0000000000170010,12,0,,3,10c441a4
0e800680c8000004,0000000801e00000,16,0,,1,02e44182
0e800680c8000004,0000000801f70000,20,0,,1,00e441a4
0e80070000000000,0000000000000000,7,0,,4,12ec0082
0e80440000000000,0000000000000080,7,1,122c0083,23,122c0087
0e80440000000000,0000000000000090,8,0,,7,128c4083
0e80440000000000,0000000000020080,8,0,,5,182e0083
0e80440000000000,0000000000020090,9,0,,3,180e4085
0e80440000000000,0000000000060080,9,0,,1,18ac4081
0e80440000000000,0000000000120080,9,0,,4,102e4083
0e80440000000000,0000000000120090,10,0,,2,108e4085
0e80440000000000,0000000000160080,10,0,,9,102c4087
0e80440000000000,0000000000160090,11,0,,4,108c40a5
0e80440000000000,0000000000600080,9,0,,5,0a2e0083
0e80440000000000,0000000000600090,10,0,,1,0a8e4081
0e80440000000000,0000000000620080,10,0,,7,082e0093
0e80440000000000,0000000000620090,11,0,,4,080e4885
0e80440000000000,0000000000e00080,10,0,,2,0a2c4083
0e80440000000000,0000000000e60080,12,0,,1,08ac4181
0e80440000000000,0000000800600080,10,0,,5,022e0093
0e80440000000000,0000000800720080,12,0,,3,00ae4083
0e80440000000000,0000000800e00080,11,0,,13,022c0097
0e80440000000000,0000000800e00090,12,0,,1,028c40a5
0e80440000000000,0000000800f60080,14,0,,9,002c4097
0e80440000000000,0000000800f60090,15,0,,2,008c41a5
0e80440000000004,0000000000000080,8,0,,11,12a40087
0e80440000000004,0000000000000090,9,0,,1,12844981
0e80440000000004,0000000000020080,9,0,,1,18a64081
0e80440000000004,0000000000020090,10,0,,1,18864181
0e80440000000004,0000000000060080,10,0,,1,18a44181
0e80440000000004,0000000000120080,10,0,,1,10a64181
0e80440000000004,0000000000160080,11,0,,5,10a440a5
0e80440000000004,0000000000160090,12,0,,3,108441a5
0e80440000000044,0000000000000080,9,0,,7,12244087
0e80440008000004,0000000000600080,11,0,,1,0aa64081
0e80440008000004,0000000000620080,12,0,,1,08a64181
0e804482c8000004,0000000800e00080,17,0,,3,02a44183
0e804482c8000004,0000000800f60080,20,0,,1,00a441a5
0e804482c8000004,0000000800f60090,21,0,,1,008449a5
0e80660000000000,0000000000000080,9,1,12ac4080,8,12ac4082
0e80660000000000,0000000000030080,11,0,,1,18ae4080
0e80660000000000,0000000000070080,12,0,,3,18ac4082
0e80660000000000,0000000000130080,12,0,,3,10ae4082
0e80660000000000,0000000000170080,13,0,,10,10ac4086
0e80660000000000,0000000000600080,11,0,,1,0aae4080
0e80660000000000,0000000000630080,13,0,,3,08ae4082
0e80660000000000,0000000000e00080,12,0,,3,0aac4082
0e80660000000000,0000000800600080,12,0,,3,02ae4082
0e80660000000000,0000000800730080,15,0,,3,00ae40a4
0e80660000000000,0000000800e00080,13,0,,11,02ac4086
0e80660000000000,0000000800f70080,17,0,,6,00ac4096
0e80660000000004,0000000000000080,10,0,,15,12a44086
0e80660000400004,0000000000030080,13,0,,1,18a64180
0e80660000400004,0000000000170080,15,0,,2,10a44186
0e80660008000004,0000000001600080,14,0,,2,0aa64082
0e806682c8000004,0000000801e00080,20,0,,2,02a44186
0e80670000000000,0000000000000080,10,0,,7,12ac0086
0e80670000000000,0000000000030080,12,0,,1,18ae0082
0e80670000000000,0000000000600080,12,0,,1,0aae0082
0e80670000000005,0000000000000080,12,0,,1,1aa60082
0e81660000000000,0000000000000090,11,0,,13,128c4086
0e81660000000000,0000000000030090,13,0,,4,188e4084
0e81660000000000,0000000000070090,14,0,,2,188c40a4
0e81660000000000,0000000000130090,14,0,,2,108e40a4
0e81660000000000,0000000000170090,15,0,,2,108c41a4
0e81660000000000,0000000000600090,13,0,,2,0a8e4084
0e81660000000000,0000000000630090,15,0,,3,088e40a4
0e81660000000000,0000000800730090,17,0,,1,008e41a4
0e81660000000000,0000000800e00090,15,0,,1,028c41a4
0e81660000000000,0000000800f70090,19,0,,1,008c49a4
0e81660000000004,0000000000000090,12,0,,6,12844096
0e81660000400004,0000000000030090,15,0,,4,188640a4
0e81660000400004,0000000000070090,16,0,,1,188441a4
0e81660000400004,0000000000130090,16,0,,1,108641a4
0e81660000400004,0000000000170090,17,0,,1,108449a4
0e82060000000000,0000000000000000,7,0,,6,126c4082
0e82060000000000,0000000000030000,9,0,,1,186e4080
0e82060000000000,0000000000130000,10,0,,1,106e4084
0e82060000000000,0000000000170000,11,0,,2,106c4086
0e82060000000000,0000000000600000,9,0,,1,0a6e4080
0e82060000000000,0000000800e00000,11,0,,1,026c4092
0e82060000000000,0000000800f70000,15,0,,1,006c4096
0e82060000000044,0000000000000000,9,0,,3,12644086
0e82070000000000,0000000000000000,8,0,,6,126c0086
0e82070000000000,0000000000030000,10,0,,1,186e0880
0e82660000000000,0000000000000080,10,0,,10,122c4086
0e82660000000000,0000000000030080,12,0,,3,182e4082
0e82660000000000,0000000000170080,14,0,,1,102c4096
0e82660000000000,0000000000600080,12,0,,3,0a2e4082
0e82660000000000,0000000000630080,14,0,,3,082e4086
0e82660000000000,0000000800600080,13,0,,1,022e4086
0e82660000000000,0000000800730080,16,0,,1,002e4096
0e82660000000000,0000000800e00080,14,0,,1,022c4096
0e82660000000044,0000000000000080,12,0,,4,12244096
0e82670000000000,0000000000000080,11,0,,11,122c0096
0e82670000000000,0000000000600080,13,0,,1,0a2e0092
0ea2060000000000,0000000000000010,9,0,,1,124c4086
0ea2060000000000,0000000000030010,11,0,,2,184e4084
0ea3660000000000,0000000000000090,13,0,,2,120c4096
0ea3660000000000,0000000000030090,15,0,,1,180e4884
0ea3660000000000,0000000000630090,17,0,,1,080e4096
0f00000000000000,0000000000000000,4,1,12e4c000,12,02e4c101
0f00000000000000,0000000000000010,5,10,02c4c101,60,02c4c103
0f00000000000000,00000000000000c0,6,7,02a4c101,57,02a4c103
0f00000000000000,00000000000004d0,8,10,028cc101,104,0284c107
0f00000000000000,0000000000020010,6,0,,1,18c6c001
0f00000000000000,00000000000200c0,7,0,,2,08a6c101
0f00000000000000,00000000000204d0,9,0,,4,088ec101
0f00000000000000,0000000000030000,6,0,,1,18e6c000
0f00000000000000,0000000000030010,7,0,,5,18c6c004
0f00000000000000,00000000000300c0,8,0,,2,08aec100
0f00000000000000,00000000000304d0,10,0,,2,188ec004
0f00000000000000,0000000000060000,6,0,,1,18e4c001
0f00000000000000,0000000000060010,7,0,,5,08ccc101
0f00000000000000,00000000000600c0,8,0,,3,08acc101
0f00000000000000,00000000000604d0,10,0,,6,0884c125
0f00000000000000,0000000000070000,7,0,,5,08ecc100
0f00000000000000,0000000000070010,8,0,,9,18c4c104
0f00000000000000,00000000000700c0,9,0,,7,08acc104
0f00000000000000,00000000000704d0,11,0,,5,088cc124
0f00000000000000,0000000000120000,6,0,,1,10e6c001
0f00000000000000,0000000000120010,7,0,,3,10c6c101
0f00000000000000,00000000001200c0,8,0,,3,00aec101
0f00000000000000,00000000001204d0,10,0,,6,0086c125
0f00000000000000,0000000000130000,7,0,,3,00eec100
0f00000000000000,0000000000130010,8,0,,6,10c6c104
0f00000000000000,00000000001300c0,9,0,,4,00aec104
0f00000000000000,00000000001304d0,11,0,,3,008ec124
0f00000000000000,0000000000160000,7,1,10e4c001,11,00e4c105
0f00000000000000,0000000000160010,8,2,10c4c101,21,00c4c125
0f00000000000000,00000000001600c0,9,3,00acc101,18,00a4c125
0f00000000000000,00000000001604d0,11,1,108cc101,17,0084c127
0f00000000000000,0000000000170000,8,2,10e4c100,18,00ecc102
0f00000000000000,0000000000170010,9,4,10c4c120,26,00ccc124
0f00000000000000,00000000001700c0,10,2,10acc004,15,00acc106
0f00000000000000,00000000001704d0,12,0,,9,008cc126
0f00000000000000,0000000001000000,5,1,02e4c100,7,02e4c102
0f00000000000000,0000000001000010,6,0,,5,02c4c122
0f00000000000000,00000000010000c0,7,0,,13,02a4c106
0f00000000000000,00000000010004d0,9,0,,3,0284c126
0f00000000000000,0000000001070010,9,0,,1,08c4c124
0f00000000000000,0000000001130010,9,0,,1,00c6c124
0f00000000000000,0000000001170000,9,0,,1,00e4c124
0f00000000000000,0000000001170010,10,0,,1,00c4c924
0f00000000000000,0000000020000000,5,1,02ecc000,15,02e4c003
0f00000000000000,0000000020000010,6,0,,15,02c4c805
0f00000000000000,00000000200000c0,7,3,02acc001,27,02a4c007
0f00000000000000,00000000200004d0,9,0,,7,028cc007
0f00000000000000,00000000200200c0,8,0,,1,08aec001
0f00000000000000,0000000020030000,7,0,,1,08eec000
0f00000000000000,00000000200300c0,9,0,,1,08aec004
0f00000000000000,0000000020060000,7,0,,1,08ecc001
0f00000000000000,0000000020160000,8,0,,4,00ecc003
0f00000000000000,0000000020160010,9,0,,3,00c4c825
0f00000000000000,00000000201600c0,10,0,,2,00acc007
0f00000000000000,00000000201604d0,12,0,,1,008cc825
0f00000000000000,0000000020170000,9,0,,2,00ecc024
0f00000000000000,0000000021000000,6,0,,6,02e4c006
0f00000000000000,00000000210000c0,8,0,,2,02a4c016
0f00000000000c00,0000000000000000,6,1,12e48001,11,02e48901
0f00000000000c00,0000000000000010,7,0,,18,12c48007
0f00000000000c00,00000000000000c0,8,1,12ac8001,25,02ac8103
0f00000000000c00,00000000000004d0,10,0,,2,128c8007
0f00000000000c00,00000000000200c0,9,0,,1,18ae8001
0f00000000000c00,0000000000060000,8,0,,1,18ec8001
0f00000000000c00,0000000000120000,8,0,,1,10ee8001
0f00000000000c00,0000000000160000,9,0,,4,10ec8003
0f00000000000c00,0000000020000000,7,0,,5,02ec8003
0f00000000000c00,00000000200000c0,9,0,,4,02ac8007
0f00000000006000,0000000000000000,6,1,1264c001,11,0264c901
0f00000000006000,00000000000000c0,8,1,122cc001,23,022cc103
0f00000000006000,0000000000020000,7,0,,1,1866c001
0f00000000006000,00000000000200c0,9,0,,1,182ec001
0f00000000006000,0000000000060000,8,0,,1,186cc001
0f00000000006000,00000000000600c0,10,0,,1,182cc005
0f00000000006000,0000000000120000,8,0,,1,106ec001
0f00000000006000,00000000001200c0,10,0,,1,102ec005
0f00000000006000,0000000000160000,9,0,,6,1064c805
0f00000000006000,0000000020000000,7,0,,7,0264c805
0f00000000006000,00000000200000c0,9,0,,8,022cc007
0f00000000006c00,0000000000000000,8,2,12648801,27,026c8103
0f00000000006c00,00000000000000c0,10,1,122c8003,20,12248017
0f00000000006c00,0000000000020000,9,0,,1,186e8001
0f00000000006c00,0000000000060000,10,0,,1,186c8801
0f00000000006c00,0000000000160000,11,0,,1,106c8805
0f00000000006c00,0000000020000000,9,0,,5,026c8013
0f00000000006c00,00000000200000c0,11,0,,2,022c8017
0f00000000066000,0000000000001010,10,0,,19,1244c007
0f00000000066000,00000000000014d0,13,0,,2,120cc007
0f00000000066000,0000000000021010,11,0,,1,184ec001
0f00000000066000,0000000000161010,13,0,,1,104cc805
0f00000000066c00,0000000000001010,12,0,,9,124c8007
0f00000000400000,00000000000300c0,9,0,,1,18a6c100
0f00000000400000,00000000000304d0,11,0,,3,1886c104
0f00000000400000,00000000000700c0,10,0,,3,18a4c104
0f00000000400000,00000000000704d0,12,0,,2,1884c124
0f00000000400000,00000000001300c0,10,0,,2,10a6c104
0f00000000400000,00000000001304d0,12,0,,1,1086c124
0f00000000400000,00000000001700c0,11,0,,5,10a4c106
0f00000000400000,00000000001704d0,13,1,1084c124,3,1084c126
0f00000000400000,00000000010304d0,12,0,,1,0886c124
0f00010000000c00,0000000000000000,7,2,12e48100,27,02ec8102
0f00010000000c00,0000000000000010,8,0,,19,12c48016
0f00010000000c00,00000000000000c0,9,2,12ac8002,20,12a48016
0f00010000000c00,00000000000004d0,11,0,,1,128c8016
0f00010000000c00,0000000020000000,8,0,,2,02ec8012
0f02000000006000,0000000000000000,7,1,126cc000,8,126cc002
0f02000000006000,00000000000000c0,9,0,,14,122cc006
0f02000000006000,0000000000030000,9,0,,1,186ec000
0f02000000006000,00000000000300c0,11,0,,1,182ec004
0f02000000006000,0000000000070000,10,0,,2,186cc004
0f02000000006000,0000000000170000,11,0,,1,106cc804
0f02000000006000,0000000020000000,8,0,,5,026cc006
0f02000000006000,00000000200000c0,10,0,,3,022cc016
0f02000000006020,0000000000000000,8,1,1264c800,23,1264c006
0f02000000006020,00000000000000c0,10,0,,3,1224c016
0f02010000006c00,0000000000000000,10,2,126c8002,24,126c8006
0f02010000006c00,00000000000000c0,12,0,,8,122c8016
0f02010000006c20,0000000000000000,11,0,,7,12648016
0f22000000066000,0000000000003010,13,0,,11,124cc006
0f22000000066000,00000000000034d0,16,0,,2,120cc016
0f22000000066000,0000000000033010,15,0,,1,184ec004
0f22000000066020,0000000000003010,14,0,,6,1244c016
0f22010000066c00,0000000000003010,16,0,,4,124c8016
0f22010000066c20,0000000000003010,17,0,,1,12448816
1000000000000000,0000000000000000,1,19,02ac4408,586,008c454c
1000000000000000,0000000000000001,2,44,00a86608,832,0088456c
1000000000000000,0000000000000003,3,0,,7,0aa86108
1000000000000000,0000000000010000,2,6,108c6408,136,00ac440e
1000000000000000,0000000000010001,3,4,00e86408,140,00a8441e
1000000000000000,0000000000040000,2,0,,3,188c6048
1000000000000000,0000000000040003,4,0,,4,08a86148
1000000000000000,0000000000050000,3,0,,12,08ac6108
1000000000000000,0000000000050003,5,0,,3,08e86108
1000000000000000,0000000000080001,3,0,,6,02aa6108
1000000000000000,0000000000080003,4,1,12a86008,34,02a8610a
1000000000000000,0000000000100000,2,0,,2,108e6048
1000000000000000,0000000000110000,3,0,,14,00ae6108
1000000000000000,0000000000140000,3,0,,14,00ac6148
1000000000000000,0000000000150000,4,5,108c600c,41,00ac610a
1000000000000000,0000000000190001,5,0,,1,10ea6008
1000000000000000,00000000001c0003,6,0,,9,00e86148
1000000000000000,00000000001d0003,7,0,,17,00a8610e
1000000000000000,0000000002000000,2,1,02e42408,15,00c66448
1000000000000000,0000000002000001,3,5,02e0240a,75,00c26348
1000000000000000,0000000002010000,3,0,,2,00e66408
1000000000000000,0000000002010001,4,0,,6,00e2640c
1000000000000000,0000000003000001,4,0,,1,08c26148
1000000000000000,0000000003010001,5,0,,1,08e26108
1000000000000000,0000000008000000,2,2,02cc2408,74,008c470c
1000000000000000,0000000008010000,3,0,,26,008c452c
1000000000000000,0000000008050000,4,0,,1,08cc6108
1000000000000000,0000000008150000,5,0,,4,008c612c
1000000000000000,000000000a000000,3,0,,8,00c66308
1000000000000000,000000000a010000,4,0,,3,00c6640c
1000000000000000,000000000b010000,5,0,,1,08c66108
1000000000000000,0000000020000000,2,0,,25,00ac620a
1000000000000000,0000000020000001,3,0,,61,00a8620e
1000000000000000,0000000020000003,4,0,,5,0aa8600a
1000000000000000,0000000020010000,3,0,,2,08ae6008
1000000000000000,0000000020010001,4,0,,7,08aa600a
1000000000000000,0000000020040000,3,0,,2,08ac6048
1000000000000000,0000000020040003,5,0,,2,08c86848
1000000000000000,0000000020050000,4,0,,1,08ec6008
1000000000000000,0000000020050003,6,0,,2,08e8600a
1000000000000000,0000000020080001,4,0,,4,02aa600a
1000000000000000,0000000020080003,5,0,,17,02a8600e
1000000000000000,0000000020110000,4,0,,1,00ee6008
1000000000000000,0000000020140000,4,0,,2,00cc604c
1000000000000000,0000000020150000,5,0,,7,00ac600e
1000000000000000,00000000201c0003,7,0,,3,00e8604a
1000000000000000,00000000201d0003,8,0,,3,00a8602e
1000000000000000,0000000020400001,4,0,,4,08ca4248
1000000000000000,0000000020c00001,5,0,,2,08e84248
1000000000000000,0000000022000000,3,0,,4,00c66248
1000000000000000,0000000022000001,4,0,,12,00c26a48
1000000000000000,0000000023000000,4,0,,1,08c66048
1000000000000000,0000000023000001,5,0,,10,08c2604a
1000000000000000,0000000023010000,5,0,,1,08e66008
1000000000000000,0000000023010001,6,0,,4,08e2600a
1000000000000000,0000000028000000,3,0,,17,008c620e
1000000000000000,0000000028010000,4,0,,4,088e600c
1000000000000000,0000000028110000,5,0,,1,00ce600c
1000000000000000,0000000028150000,6,0,,2,00cc602c
1000000000000000,0000000028400000,4,0,,1,08ce4208
1000000000000000,000000002a000000,4,0,,4,00c6620c
1000000000000000,000000002b000000,5,0,,1,0ac66008
1000000000000000,000000002b010000,6,0,,3,08c6600c
1000000000000000,0000000800c00000,4,0,,1,00ec4308
1000000000000000,0000000800c00001,5,0,,3,00e84328
1000000000000000,0000000820400001,5,0,,1,02ea4208
1000000000000000,0000000820c00000,5,0,,2,00ec4248
1000000000000000,0000000820c00001,6,0,,6,00e8424a
1000000000000001,0000000000000000,2,0,,2,12e40248
1000000000000001,0000000000000001,3,0,,1,1ae20208
1000000000000002,0000000000000000,2,6,12844508,116,10864548
1000000000000002,0000000000000001,3,13,12a0440a,134,10a24548
1000000000000002,0000000000010000,3,0,,19,1086450c
1000000000000002,0000000000010001,4,0,,12,10e24508
1000000000000010,0000000000000001,3,0,,20,10a0624a
1000000000000010,0000000000000003,4,0,,3,1aa0600a
1000000000000010,0000000000080003,5,0,,8,12a0600e
1000000000200000,0000000000000000,2,0,,15,1084644a
1000000000200000,0000000000000001,3,1,10c06448,16,10a0644a
1000000000200000,0000000000010000,3,4,1084640c,35,1084640e
1000000000200000,0000000000010001,4,0,,11,10a0642c
1000000000200000,0000000000040000,3,0,,2,18c46048
1000000000200000,0000000000040003,5,0,,5,18c0604c
1000000000200000,0000000000050000,4,0,,7,18c4600a
1000000000200000,0000000000050003,6,0,,1,18e06108
1000000000200000,0000000000140000,4,1,10c46048,8,10c4604a
1000000000200000,0000000000150000,5,3,10c4600c,17,10c4600e
1000000000200000,00000000001c0003,7,0,,3,10e0604a
1000000000200000,0000000002000000,3,0,,1,00e46448
1000000000200000,0000000002000001,4,1,00e06448,7,00e0644a
1000000000200000,0000000002010000,4,0,,5,00e4640a
1000000000200000,0000000002010001,5,0,,9,00e0640e
1000000000200002,0000000000000000,3,1,10c44448,29,1084446c
1000000000200002,0000000000000001,4,3,10c04548,33,10a0446c
1000000000200002,0000000000010000,4,3,10a44508,35,1084450e
1000000000200002,0000000000010001,5,0,,10,10a0452c
1000000000400000,0000000000000000,2,0,,2,18866048
1000000000400000,0000000000000001,3,0,,5,1882604c
1000000000400000,0000000000010000,3,0,,7,1886600a
1000000000400000,0000000000010001,4,0,,2,18a2600a
1000000000400000,0000000000100000,3,0,,1,10a66048
1000000000400000,0000000000110000,4,0,,3,1086610c
1000000000600000,0000000000040000,4,0,,5,1884604c
1000000000600000,0000000000050000,5,0,,4,1884610c
1000000000600000,0000000000140000,5,0,,8,1084614c
1000000000600000,0000000000150000,6,1,10a46108,11,1084610e
1000000000600010,0000000000040003,7,0,,1,18a06148
1000000010000000,0000000002000000,3,0,,9,00c64648
1000000010000000,0000000002000001,4,2,00e04648,51,00c2464c
1000000010000000,0000000002400001,5,0,,2,08c24348
1000000010000000,000000000a000000,4,0,,3,02c64608
1000000010000000,0000000022400000,5,0,,1,08c64248
1000000010000000,0000000022400001,6,1,08c24248,8,08c2424a
1000000010000002,0000000002000000,4,1,02e44408,31,00e64448
1000000010000002,0000000002000001,5,14,02c24448,98,00e2444c
1000000010000002,0000000002010000,5,0,,1,08e64408
1000000010000002,0000000002010001,6,0,,6,08e2440a
1000000010000002,000000000a000000,5,0,,8,02c6440c
1000000010000002,000000000a010000,6,0,,3,08c6440c
1000000010200002,0000000002000000,5,0,,7,00e4444a
1000000010200002,0000000002000001,6,1,08e04448,15,00e0444e
1000000010200002,0000000002010000,6,0,,2,00e4442c
1000000010200002,0000000002010001,7,0,,1,00e0452c
1000000080000000,0000000002000000,3,0,,1,00e46308
1000000080000000,0000000002000001,4,0,,5,00e0630a
1000000080000000,0000000022000000,4,0,,5,00e4620a
1000000080000000,0000000022000001,5,0,,10,00e0620e
1000000090000000,0000000022c00001,8,0,,1,0ae04248
1000000090000000,0000000802c00001,8,0,,1,02e04348
1000000090000000,0000000822c00001,9,0,,1,02e0424a
10000000c0000000,0000000023000003,8,0,,1,0ae06048
10000000c0200000,0000000003040003,9,0,,1,08e06148
10000000c0200000,0000000023040000,8,0,,1,08e46048
10000000c0200000,0000000023040003,10,0,,1,08e06848
1000000100000000,0000000002000000,3,0,,23,00a4660a
1000000100000000,0000000002000001,4,1,0aa22408,84,00a0660e
1000000100000000,0000000002010000,4,0,,1,08a66408
1000000100000000,0000000002010001,5,0,,5,08a2640a
1000000100000000,0000000003000001,5,0,,1,0aa26108
1000000100000000,000000000a000000,4,0,,8,0286640c
1000000100000000,000000000a010000,5,0,,3,0886640c
1000000100000000,0000000022000000,4,0,,2,08866248
1000000100000000,0000000022000001,5,0,,15,02a2620a
1000000100000000,0000000023000000,5,0,,1,0aa66008
1000000100000000,0000000023000001,6,0,,3,0aa2600a
1000000100000000,000000002a000000,5,0,,4,0886620c
1000000100200000,0000000002000000,4,0,,3,00a4644c
1000000100200000,0000000002000001,5,0,,5,00a0654c
1000000100200000,0000000002010000,5,0,,6,00a4640e
1000000100200000,0000000002010001,6,0,,1,00a0652c
1000000100400000,0000000003000000,5,0,,1,08866148
1000000100400000,0000000003000001,6,0,,1,08a26148
1000000100400000,0000000003010000,6,0,,1,08a66108
1000000100400000,0000000023000000,6,0,,3,0886604c
1000000100400000,0000000023000001,7,0,,4,0882684c
1000000110000000,0000000002000000,4,0,,12,00a44748
1000000110000000,0000000002000001,5,2,08824648,54,00a0472c
1000000110000000,000000000a000000,5,0,,4,0886460c
1000000110000002,0000000002000000,5,2,02a44508,35,02a4440e
1000000110000002,0000000002000001,6,9,02a04548,96,02a0441e
1000000110000002,0000000002010000,6,0,,4,08a6440a
1000000110000002,0000000002010001,7,0,,12,00a2452c
1000000110000002,000000000a000000,6,0,,5,0a86440a
1000000110000002,000000000a010000,7,0,,2,0886450c
1000000110200002,0000000002000000,6,0,,3,00a4454c
1000000110200002,0000000002000001,7,0,,6,00a0456c
1000000110200002,0000000002010000,7,0,,1,00a4452c
1000000110200002,0000000002010001,8,0,,1,00a04d2c
1000000380000000,0000000002000000,5,0,,2,00a4630a
1000000380000000,0000000022000000,6,0,,1,02a4620a
1000000380000010,0000000002000001,7,0,,2,00a0632c
1000000380000010,0000000022000001,8,0,,3,02a0620e
1000002000000000,0000000002000000,3,0,,5,00c46648
1000002000000000,0000000002000001,4,2,00c06648,19,00c0664a
1000002000000000,000000000a000000,4,1,02c46408,21,00c4660a
1000002000200000,0000000002000000,4,0,,7,00c4644a
1000002000200000,0000000002000001,5,0,,13,00c0644e
1000002000200000,000000000a010000,6,0,,6,00c4642c
1000002010000000,0000000002000000,4,0,,5,00c4464c
1000002010000000,0000000002000001,5,1,02c04648,19,00c0466c
1000002010000000,000000000a000000,5,0,,6,02c4460a
1000002010000002,0000000002000000,5,1,02c44448,7,02c4444a
1000002010000002,0000000002000001,6,4,02c0444c,21,02c0444e
1000002010000002,000000000a000000,6,0,,14,02c4440e
1000002010200002,0000000002000000,6,0,,9,00c4454c
1000002010200002,0000000002000001,7,0,,9,00c0455c
1000002010200002,000000000a010000,8,0,,1,00c4452c
1000002080000000,0000000002000000,4,0,,1,00c46348
1000002080000000,0000000002000001,5,0,,1,08c06348
1000002080000000,000000000a000000,5,0,,4,00c4630c
1000002080000000,0000000022000000,5,0,,4,00c4624c
1000002080000000,0000000022000001,6,0,,4,08c0624c
1000002080000000,000000002a000000,6,0,,2,02c4620a
10000020c0200000,0000000003040000,8,0,,1,08c46148
1000002100000000,0000000002000000,4,0,,7,0084664c
1000002100000000,0000000002000001,5,0,,11,0280664a
1000002100000000,000000000a000000,5,0,,10,0084670c
1000002100200000,0000000002000000,5,0,,3,0084654c
1000002100200000,000000000a010000,7,0,,1,0084652c
1000002110000000,0000000002000001,6,0,,1,0a80464c
1000002110000002,0000000002000000,6,0,,3,0284454c
1000002110000002,0000000002000001,7,0,,1,0a804c4c
1000002110000002,000000000a000000,7,0,,2,0284452c
1000002380000000,000000000a000000,7,0,,1,0084632c
10000080c0000000,0000000003000000,6,0,,1,02e46108
10000080c0000000,0000000003080003,9,0,,2,02e0610a
10000080c0000000,0000000023000000,7,0,,2,02e4600a
10000080c0000000,0000000023080003,10,0,,1,02e0604a
10000080c0200000,0000000003140000,9,0,,1,00e46148
10000080c0200000,00000000031d0003,13,0,,1,00e0612c
10000083c0000000,0000000003000000,8,0,,3,02a4610a
10000083c0000000,0000000023000000,9,0,,1,02a4600e
10000083c0000010,0000000003080003,12,0,,1,02a0612c
10000083c0600000,0000000003150000,13,0,,1,00a4612c
100000a0c0200000,000000000b150000,12,0,,1,00c4612c
1000020000000000,0000000000000000,2,0,,15,12cc400a
1000020000000000,0000000000000001,3,0,,3,18ca4048
1000020000000000,0000000000000003,4,0,,2,1ac84048
1000020000000000,0000000000010000,3,0,,3,18ce0808
1000020000000000,0000000000010001,4,0,,2,18ea0808
1000020000000000,0000000000040000,3,0,,2,18cc4048
1000020000000000,0000000000040003,5,0,,4,18c8404c
1000020000000000,0000000000050000,4,0,,3,18cc400c
1000020000000000,0000000000050003,6,0,,1,18e84108
1000020000000000,0000000000080001,4,0,,2,12ea000a
1000020000000000,0000000000080003,5,1,12e84008,11,12c8404a
1000020000000000,0000000000100000,3,0,,1,10ce4048
1000020000000000,0000000000110000,4,0,,2,10ce4108
1000020000000000,0000000000140000,4,1,10cc4048,8,10cc404a
1000020000000000,0000000000150000,5,0,,13,10cc402c
1000020000000000,0000000000180001,5,0,,1,10ea4048
1000020000000000,00000000001c0003,7,0,,6,10e8404a
1000020000000000,00000000001d0003,8,0,,5,10e8402c
1000020000000000,0000000000400001,4,0,,1,08ca4148
1000020000000000,0000000000410001,5,0,,1,08ea4108
1000020000000000,0000000000c00003,6,0,,1,0ae84108
1000020000000000,0000000000c40003,7,0,,1,08e84148
1000020000000000,0000000020400000,4,0,,1,08ce4048
1000020000000000,0000000020400001,5,0,,10,08ca404c
1000020000000000,0000000020410000,5,0,,1,08ee4008
1000020000000000,0000000020410001,6,0,,3,08ea400a
1000020000000000,0000000020c00003,7,0,,1,0ae84048
1000020000000000,0000000020c40000,6,0,,1,08ec4048
1000020000000000,0000000020c40003,8,0,,1,08e84848
1000020000000000,0000000800480001,6,0,,1,02ea4108
1000020000000000,0000000800c00000,5,0,,1,02ec4108
1000020000000000,0000000800c80003,8,0,,5,02e8410a
1000020000000000,0000000800d40000,7,0,,1,00ec4148
1000020000000000,0000000800dd0003,11,0,,1,00e8412c
1000020000000000,0000000820c00000,6,0,,3,02ec400a
1000020000000000,0000000820c80003,9,0,,7,02e8400e
1000020000000002,0000000000000000,3,0,,26,12c4400e
1000020000000002,0000000000000001,4,1,18c24048,9,18c2404a
1000020000000002,0000000000000003,5,0,,3,1ac04148
1000020000000002,0000000000010000,4,0,,5,18c6400c
1000020000000002,0000000000010001,5,0,,2,18e24108
1000020000000002,0000000000080001,5,0,,1,12e24048
1000020000000002,0000000000080003,6,0,,9,12e0404a
1000020000000002,0000000000100000,4,0,,2,10c64148
1000020000000002,0000000000110000,5,0,,2,10c64908
1000020000000003,0000000000000000,4,0,,5,12e4004a
1000020000000003,0000000000000001,5,0,,3,1ae2000a
1000020000200002,0000000000040000,5,1,18c44048,7,18c4404a
1000020000200002,0000000000040003,7,0,,3,18e04068
1000020000200002,0000000000050000,6,0,,2,18c44908
1000020000200002,0000000000140000,6,2,10c44148,13,10c4406c
1000020000200002,0000000000150000,7,0,,8,10c4412c
1000020000200002,00000000001d0003,10,0,,1,10e0412c
1000020010000002,0000000003400000,7,0,,1,08c64148
1000020010000002,0000000003400001,8,0,,4,08c24948
1000020010000002,0000000023400000,8,0,,3,08c64848
1000020010000002,0000000023400001,9,0,,10,08c2484c
10000200d0000002,0000000003c00003,12,0,,1,0ae04148
10000200d0000002,0000000023c00000,11,0,,1,0ae44048
10000200d0200002,0000000003c40000,12,0,,1,08e44148
10000280d0000002,0000000803c00000,12,0,,1,02e44148
10000280d0000002,0000000803c80003,15,0,,1,02e0412c
10000280d0200002,0000000803d50000,16,0,,1,00e4412c
1000080000000000,0000000000000001,3,0,,3,188a2248
1000080000000000,0000000020000001,4,0,,1,08ca2248
1000080000000000,0000000022000001,5,0,,2,08c22a48
1000100000000000,0000000000000001,3,8,10c06608,297,1080660e
1000100000000000,0000000000000003,4,0,,1,1ac86008
1000100000000000,0000000000010001,4,1,10c86408,54,1088452c
1000100000000000,0000000000050003,6,0,,2,18c86108
1000100000000000,0000000000080003,5,0,,7,1288600e
1000100000000000,00000000001d0003,8,0,,3,1088612c
1000100000000000,0000000008000001,4,10,00c86608,194,0088472c
1000100000000000,0000000008010001,5,0,,37,0088652c
1000100000000000,00000000081d0003,9,0,,1,00c8612c
1000100000000000,0000000008400001,5,0,,1,08ca4308
1000100000000000,000000000a000001,5,1,0ac22408,30,00c2660c
1000100000000000,000000000a010001,6,0,,6,00c26c0c
1000100000000000,000000000b010001,7,0,,2,08c26128
1000100000000000,0000000028000001,5,0,,28,00c8620e
1000100000000000,0000000028010001,6,0,,6,088a602c
1000100000000000,0000000028080003,7,0,,1,02c8600e
1000100000000000,0000000028400001,6,0,,3,08ca420c
1000100000000000,000000002a000001,6,1,08c26208,7,00c26a0c
1000100000000000,000000002b000001,7,0,,2,0ac26028
1000100000000000,000000002b010001,8,0,,3,08c2602c
1000100000000000,0000000808c00001,7,0,,1,00c8432c
1000100000000002,0000000000000001,4,8,12c0440a,55,1280450e
1000100000000002,0000000000010001,5,0,,11,1882442c
1000100000000010,0000000000000001,4,0,,3,1080632c
1000100000200000,0000000000010001,5,0,,9,1080652c
1000100000200002,0000000000010001,6,0,,1,10c0452c
1000100000400000,0000000000010001,5,0,,1,18826908
1000100010000000,000000000a000001,6,1,0ac20608,16,02c2460a
1000100010000002,000000000a000001,7,2,0ac20c08,21,02c2440e
1000100010000002,000000000a010001,8,0,,4,08c2442c
1000100100000000,000000000a000001,6,0,,23,0282660a
1000100100000000,000000000a010001,7,0,,3,0882642c
1000100100000000,000000002a000001,7,0,,5,0882622c
1000100110000000,000000000a000001,7,0,,10,0882462c
1000100110000002,000000000a000001,8,1,0a824c08,11,0a82440e
1000100110000002,000000000a010001,9,0,,3,0882452c
1000102000000000,000000000a000001,6,3,02c0640c,42,00c0660e
1000102000200000,000000000a010001,8,0,,1,00c0652c
1000102010000000,000000000a000001,7,0,,15,00c0472c
1000102010000002,000000000a000001,8,0,,13,02c0441e
1000102080000000,000000000a000001,7,0,,1,00c0632c
1000102080000000,000000002a000001,8,0,,1,02c0620e
1000102100000000,000000000a000001,7,0,,5,0080672c
1000120000000000,0000000000000001,4,0,,1,1aca4008
1000120000000000,0000000000010001,5,0,,3,18ca400c
1000120000000000,00000000001d0003,9,0,,1,10c8412c
1000120000000000,0000000028400001,7,0,,1,0aca4808
1000120000000000,0000000028410001,8,0,,1,08ca480c
1000120000000002,0000000000000001,5,0,,2,1ac24108
1000120000000002,0000000000010001,6,0,,1,18c24908
1000180000000000,0000000000000001,4,0,,18,1288220e
1000180000000000,0000000000010001,5,0,,3,18ca200a
1000180000000000,0000000008000001,5,0,,1,08ca2308
1000180000000000,0000000028000001,6,0,,6,08ca220a
1000180000000000,000000002a000001,7,0,,1,0ac22a08
1000200000000000,0000000000000000,2,0,,19,10a4430c
1000200000000000,0000000000000001,3,0,,24,10a8430a
1000200000000000,0000000000400001,4,0,,2,08aa4308
1000200000000000,0000000020400000,4,0,,1,08ae4208
1000200000000000,0000000020400001,5,0,,10,08aa024a
1000200000000000,0000000020c00001,6,0,,1,0aa84248
1000200000000000,0000000800c00000,5,0,,1,02ac4308
1000200000000000,0000000800c00001,6,0,,5,00a8432c
1000200000000000,0000000820400001,6,0,,1,02aa420a
1000200000000000,0000000820c00000,6,0,,1,02ac420a
1000200000000000,0000000820c00001,7,0,,3,02a8420e
1000200000000001,0000000000000000,3,0,,3,12a4020e
1000200000000001,0000000000000001,4,0,,2,1aa2020a
1000200000000010,0000000000000001,4,0,,5,12a0420e
1000200110000000,0000000002400001,7,0,,2,08a24348
1000200110000000,0000000022400000,7,0,,1,08a64248
1000200110000000,0000000022400001,8,0,,7,08a2424a
1000200110000001,0000000022400001,9,0,,1,0aa2024a
1000220000000000,0000000000000000,3,1,12ac4008,23,12ac000e
1000220000000000,0000000000000001,4,0,,7,18aa4048
1000220000000000,0000000000000003,5,0,,6,1aa8400a
1000220000000000,0000000000010000,4,0,,3,18ae0108
1000220000000000,0000000000010001,5,0,,6,18aa400a
1000220000000000,0000000000040000,4,0,,1,18ac4048
1000220000000000,0000000000040003,6,0,,3,18a8404c
1000220000000000,0000000000050000,5,0,,2,18ac400c
1000220000000000,0000000000080001,5,0,,5,12aa400a
1000220000000000,0000000000080003,6,2,12a8400a,16,12a8400e
1000220000000000,0000000000100000,4,0,,1,10ae4048
1000220000000000,0000000000110000,5,0,,2,10ae400c
1000220000000000,0000000000140000,5,0,,4,10ac404a
1000220000000000,0000000000150000,6,1,10ac4108,8,10ac400e
1000220000000000,00000000001d0003,9,0,,1,10a8412c
1000220000000000,0000000000400001,5,0,,3,08aa4148
1000220000000000,0000000000410000,5,0,,1,08ae4108
1000220000000000,0000000000410001,6,0,,4,08aa410a
1000220000000000,0000000000c00000,5,0,,1,0aac4108
1000220000000000,0000000000c00003,7,0,,1,0aa84148
1000220000000000,0000000000c40000,6,0,,1,08ac4148
1000220000000000,0000000020400000,5,0,,2,08ae4048
1000220000000000,0000000020400001,6,0,,14,08aa404a
1000220000000000,0000000020410000,6,0,,2,08ae400c
1000220000000000,0000000020410001,7,0,,5,08aa400e
1000220000000000,0000000020c00000,6,0,,1,0aac4048
1000220000000000,0000000020c00003,8,0,,4,0aa8404a
1000220000000000,0000000800400000,5,0,,1,02ae4108
1000220000000000,0000000800480001,7,0,,1,02aa410a
1000220000000000,0000000800590001,9,0,,1,00aa412c
1000220000000000,0000000800c00000,6,0,,5,02ac410a
1000220000000000,0000000800c80003,9,0,,4,02a8410e
1000220000000000,0000000800d50000,9,0,,1,00ac412c
1000220000000000,0000000820c00000,7,0,,2,02ac400e
1000220000000000,0000000820c80003,10,0,,1,02a8402e
1000220000000002,0000000000000000,4,1,12a44108,23,12a4400e
1000220000000002,0000000000000001,5,0,,7,1aa2400a
1000220000000003,0000000000000000,5,0,,4,1aa6000a
1000220000000003,0000000000000001,6,0,,2,1aa2004a
1000220000000012,0000000000000003,7,0,,3,1aa0404a
1000220000000012,0000000000080003,8,0,,2,12a0412c
1000220000400002,0000000000000000,5,0,,1,18a64048
1000220000400002,0000000000000001,6,0,,6,18a2404a
1000220000400002,0000000000010000,6,0,,4,18a6400a
1000220000400002,0000000000010001,7,0,,1,18a24908
1000220000400002,0000000000100000,6,0,,1,10a64148
1000220000600002,0000000000040000,7,0,,3,18a4404c
1000220000600002,0000000000140000,8,0,,4,10a4414a
1000220000600002,0000000000150000,9,0,,2,10a4412c
1000220110000002,0000000003400000,9,0,,1,0aa64108
1000220110000002,0000000003400001,10,0,,3,0aa2410a
1000220110000002,0000000023400000,10,0,,1,0aa64048
1000220110000002,0000000023400001,11,0,,6,0aa2402c
1000220110400002,0000000003400000,10,0,,1,08a64148
1000220110400002,0000000003400001,11,0,,3,08a2414a
1000220110400002,0000000003410001,12,0,,1,08a2412c
1000220110400002,0000000023400001,12,0,,1,08a2406c
10002203d0000002,0000000003c00000,13,0,,1,0aa44148
10002283d0000002,0000000803c00000,15,0,,1,02a4412c
1001200000000000,0000000000000000,3,0,,16,1084432c
1001200000000000,0000000000000001,4,0,,7,1882424a
1001200000000000,0000000000400001,5,0,,1,088a4348
1001200000000000,0000000008400000,5,0,,1,088e4308
1001200000000000,0000000020400000,5,0,,1,088e4248
1001200000000000,0000000020400001,6,0,,5,088a424a
1001200000000000,0000000028400000,6,0,,1,088e420c
1001200110000000,0000000002400000,7,0,,1,08864348
1001200110000000,0000000002400001,8,0,,2,08824368
1001200110000000,0000000022400001,9,0,,2,08824a4c
1001220000000000,0000000000000000,4,0,,15,128c400e
1001220000000000,0000000000000001,5,0,,5,188a404c
1001220000000000,0000000000010000,5,0,,4,188e400c
1001220000000000,0000000000040000,5,0,,2,188c404c
1001220000000000,0000000000050000,6,0,,2,188c410c
1001220000000000,0000000000140000,6,0,,1,108c414c
1001220000000000,0000000000150000,7,0,,2,108c412c
1001220000000000,0000000000400000,5,0,,1,088e4148
1001220000000000,0000000000400001,6,0,,2,088a4948
1001220000000000,0000000008410000,7,0,,1,088e410c
1001220000000000,0000000020400000,6,0,,1,088e404c
1001220000000000,0000000020400001,7,0,,4,088a406c
1001220000000000,0000000028410000,8,0,,1,088e480c
1001220000000002,0000000000000000,5,0,,9,1284410e
1001220000000002,0000000000000001,6,0,,3,1a82404a
1001220000400002,0000000000000000,6,0,,5,1886404a
1001220000400002,0000000000000001,7,0,,1,18824948
1001220000400002,0000000000010000,7,0,,4,1886410c
1001220000600002,0000000000040000,8,0,,2,1884414c
1001220000600002,0000000000150000,10,0,,1,1084492c
1001300000000000,0000000000000001,5,0,,6,188a420c
1001300000000000,0000000028400001,8,0,,4,088a422c
1001320000000000,0000000000000001,6,0,,4,1a8a400a
1001320000000000,0000000000010001,7,0,,3,188a410c
1001320000000000,0000000008410001,9,0,,1,088a412c
1001320000000000,0000000028400001,9,0,,1,0a8a480c
1001320000000002,0000000000000001,7,0,,1,1a824908
1004000000000000,0000000000000000,2,28,026c2408,550,022c240e
1004000000000000,0000000000000001,3,21,0268240a,324,0228241e
1004000000000000,0000000000004001,4,1,18622208,30,1060660a
1004000000000000,0000000000010000,3,4,106c2408,67,102c240e
1004000000000000,0000000000010001,4,0,,14,1068640a
1004000000000000,0000000000014001,5,0,,8,1822640c
1004000000000000,0000000000040000,3,0,,2,182c6048
1004000000000000,0000000000050000,4,0,,9,182c600a
1004000000000000,0000000000100000,3,0,,1,106e2048
1004000000000000,0000000000110000,4,0,,9,102e600a
1004000000000000,0000000000140000,4,0,,6,102c604a
1004000000000000,0000000000150000,5,2,102c600c,20,102c201e
1004000000000000,0000000002000000,3,2,02642608,38,0264240e
1004000000000000,0000000002000001,4,6,02606448,83,0260241e
1004000000000000,0000000020000000,3,0,,26,022c201e
1004000000000000,0000000020000001,4,0,,28,0228221e
1004000000000000,0000000022000000,4,0,,1,0a662208
1004000000000000,0000000022000001,5,0,,6,0262620a
1004000000000000,0000000023000000,5,0,,3,0a66200a
1004000000000000,0000000090000000,4,0,,2,024c2648
1004000000000000,0000000092000000,5,0,,1,0a462448
1004000000000000,0000000098000000,5,0,,30,020c640e
1004000000000000,000000009a000000,6,1,0a462408,14,0246260a
1004000000000000,00000000b8000000,6,0,,3,0a0e220c
1004000000000000,00000000ba000000,7,0,,2,0a462a08
1004000000000000,0000000100000000,3,0,,12,002c660c
1004000000000000,0000000100000001,4,1,082a2608,32,0028660e
1004000000000000,0000000100010000,4,0,,8,006c640a
1004000000000000,0000000100010001,5,0,,15,0068640e
1004000000000000,0000000120000000,4,0,,12,006c620a
1004000000000000,0000000120000001,5,1,086a2208,26,0068620e
1004000000000000,0000000120010000,5,0,,7,082e600a
1004000000000000,0000000302000000,5,0,,3,00646648
1004000000000000,0000000302004001,7,0,,12,08606648
1004000000000000,0000000302010000,6,0,,2,08662c08
1004000000000000,0000000302014001,8,0,,6,08622c0a
1004000000000000,0000000322000000,6,0,,5,0866220a
1004000000000000,0000000322004001,8,0,,12,0862221a
1004000000000000,0000000323010000,8,0,,2,0866600c
1004000000000000,0000000590000000,6,0,,1,004c6648
1004000000000000,0000000598000000,7,0,,5,004c660c
1004000000000000,0000000598010000,8,0,,4,080e640c
1004000000000000,00000005b8000000,8,0,,9,004e620c
1004000000000000,000000079a000000,9,0,,3,0846260c
1004000000000000,000000079a010000,10,0,,2,0846640c
1004000000000000,00000007b2000000,9,0,,1,08466248
1004000000000000,00000007ba000000,10,0,,4,08462a0c
1004000000000010,0000000000000001,4,0,,2,1220221e
1004000000008000,0000000000000000,3,7,026c0c08,161,022c440e
1004000000008000,0000000000000001,4,27,0268440a,313,0228441e
1004000000008000,0000000000002000,4,1,124c4408,60,120c440e
1004000000008000,0000000000004001,5,0,,5,1822460c
1004000000008000,0000000000010000,4,0,,15,106c440a
1004000000008000,0000000000010001,5,1,182a4408,13,182a0c0a
1004000000008000,0000000000012000,5,0,,4,180e440c
1004000000008000,0000000020400001,6,0,,2,0a6a0a08
1004000000008000,0000000090002000,6,0,,3,024c444c
1004000000008000,0000000098002000,7,0,,14,024c460c
1004000000008000,0000000100000000,4,0,,6,082e060c
1004000000008000,0000000100000001,5,0,,23,082a061a
1004000000008000,0000000100010000,5,0,,4,082e440c
1004000000008000,0000000100010001,6,0,,12,082a440e
1004000000008000,0000000120400001,7,0,,2,086a420c
1004000000008002,0000000000000000,4,6,1264040a,70,10664448
1004000000008002,0000000000000001,5,9,1260440a,77,12224c0a
1004000000008002,0000000000002000,5,1,1a460408,36,1244041e
1004000000008002,0000000000004001,6,0,,4,1822444c
1004000000008002,0000000000010000,5,0,,4,1826440c
1004000000008002,0000000000012000,6,0,,3,18064c0c
1004000000008002,0000000000014001,7,0,,3,1862440c
1004000000008020,0000000000000000,4,0,,2,1264420c
1004000000008020,0000000000000001,5,0,,1,1a624208
1004000000008020,0000000000002000,5,0,,3,1846420c
1004000000008020,0000000000004001,6,0,,1,18624a08
1004000000008021,0000000000000000,5,0,,2,18660a08
1004000000008021,0000000000000001,6,0,,2,1a62020a
1004000000008021,0000000000002000,6,0,,1,1a460a08
1004000000200000,0000000000000000,3,0,,7,1024644c
1004000000200000,0000000000004001,5,0,,1,18606448
1004000000200000,0000000000010000,4,1,10646408,11,10446c0c
1004000000200000,0000000000040000,4,0,,1,18646048
1004000000200000,0000000000050000,5,0,,4,1864600a
1004000000200000,0000000000140000,5,0,,1,1064604c
1004000000200000,0000000000150000,6,0,,4,1064600e
1004000000208002,0000000000000000,5,0,,3,1064444c
1004000000400000,0000000000000000,3,0,,2,18262848
1004000000400000,0000000000010000,4,0,,6,1826280c
1004000010008000,0000000002000000,5,0,,7,0264460a
1004000010008000,0000000002000001,6,1,0a620608,26,0260460e
1004000010008000,000000009a002000,9,0,,2,0a460e08
1004000010008000,0000000302004001,9,0,,2,08624648
1004000010008002,0000000002000000,6,1,0a660408,22,0264444a
1004000010008002,0000000002000001,7,7,02604c48,55,0260441e
1004000010008002,0000000092002000,9,0,,2,0a460c48
1004000010008002,000000009a002000,10,0,,6,0a460c0a
1004000010008002,0000000302000000,8,0,,1,08664448
1004000010008002,0000000302004001,10,0,,3,0862444c
1004000010008020,0000000022400001,9,0,,1,0a624a08
1004000080000000,0000000022000001,6,0,,1,0260620e
1004000100000000,0000000002000000,4,0,,17,0224260e
1004000100000000,0000000002000001,5,3,0a222608,33,0220660e
1004000100000000,0000000022000000,5,0,,3,0a26220a
1004000100000000,0000000022000001,6,0,,8,0222620e
1004000100000000,0000000023000000,6,0,,3,0a26600a
1004000100000000,000000009a000000,7,0,,5,0a06260c
1004000100000000,00000000ba000000,8,0,,1,0a06620c
1004000100000000,0000000302000000,6,0,,2,08266448
1004000100000000,0000000302004001,8,0,,5,0822660a
1004000100000000,0000000322000000,7,0,,2,0826620c
1004000100000000,0000000322004001,9,0,,1,08226a0c
1004000100000000,000000079a000000,10,0,,1,0806660c
1004000100000000,00000007ba000000,11,0,,1,08066a0c
1004000110008000,0000000002000000,6,0,,6,0a26060a
1004000110008000,0000000002000001,7,2,0a220e08,17,0a22060e
1004000110008000,000000009a002000,10,0,,1,0a064e08
1004000110008000,0000000302004001,10,0,,1,08224e48
1004000110008002,0000000002000000,7,1,0a264408,14,0a26041a
1004000110008002,0000000002000001,8,5,0a220c48,28,0a22041e
1004000110008002,0000000092002000,10,0,,1,0a064c48
1004000110008002,000000009a002000,11,0,,1,0a064c0c
1004000380000000,0000000022000000,7,0,,1,0224620e
1004002000000000,0000000092000000,6,0,,3,0244644c
1004002000000000,000000009a000000,7,0,,6,0244660a
1004020000008000,0000000000000000,4,0,,15,126c000e
1004020000008000,0000000000010000,5,0,,3,186e000c
1004020000008000,0000000000040000,5,0,,1,186c4048
1004020000008000,0000000000050000,6,0,,2,186c400c
1004020000008000,0000000000140000,6,0,,1,106c404c
1004020000008000,0000000000150000,7,0,,2,106c402c
1004020000008000,0000000020400000,6,0,,2,0a6e0808
1004020000008000,0000000120410000,8,0,,1,086e4808
1004020000008022,0000000000000000,6,0,,4,1264400e
1004020000008022,0000000000010000,7,0,,3,1866400c
1004020000008023,0000000000000000,7,0,,3,1a66000a
1004200000008000,0000000000000000,4,0,,10,122c020e
1004200000008000,0000000000000001,5,0,,11,1228420e
1004200000008000,0000000000400001,6,0,,1,0a2a4308
1004200000008000,0000000020400000,6,0,,2,0a2e0a08
1004200000008000,0000000020400001,7,0,,8,0a2a020e
1004200000008000,0000000120400000,7,0,,2,082e420c
1004200000008000,0000000120400001,8,0,,4,082a021e
1004200000008020,0000000000000000,5,0,,5,1224420e
1004200000008020,0000000000000001,6,0,,4,1a22420a
1004200000008021,0000000000000000,6,0,,4,1a26020a
1004200000008021,0000000000000001,7,0,,1,1a220a0a
1004200110008020,0000000022400001,11,0,,1,0a22420e
1004220000008000,0000000000000000,5,0,,25,122c001e
1004220000008000,0000000000010000,6,0,,8,182e002c
1004220000008000,0000000020400000,7,0,,4,0a2e400a
1004220000008000,0000000120410000,9,0,,1,082e480c
1004220000008022,0000000000000000,7,0,,7,1224401e
1004220000008023,0000000000000000,8,0,,5,1a26000e
1004220000408022,0000000000000000,8,0,,2,1826404c
1004220000408022,0000000000010000,9,0,,2,1826402c
1005200000008000,0000000000002000,6,0,,4,180e420c
1005200000008000,00000005b8402000,13,0,,1,080e4a0c
1005200000008020,0000000000002000,7,0,,3,18064a0c
1014000000000000,0000000000000001,4,0,,24,0a2a6108
1014000000000000,0000000000000003,5,0,,4,1a28600a
1014000000000000,0000000000004001,5,0,,2,18622848
1014000000000000,0000000000010001,5,1,186a2008,13,182a200e
1014000000000000,0000000000014001,6,0,,9,1862280a
1014000000000000,0000000000040003,6,0,,1,18686048
1014000000000000,0000000000050003,7,0,,3,1868600a
1014000000000000,0000000000080001,5,0,,6,122a200e
1014000000000000,0000000000080003,6,0,,17,1228201e
1014000000000000,00000000001d0003,9,0,,1,1068600e
1014000000000000,0000000020000001,5,0,,15,0a2a200e
1014000000000000,0000000020000003,6,0,,3,0a68280a
1014000000000000,0000000020080001,6,0,,4,022a600e
1014000000000000,0000000020080003,7,0,,6,0228601e
1014000000000000,0000000023000001,7,0,,8,0a62200e
1014000000000000,0000000100010001,6,0,,2,086a2908
1014000000000000,0000000120000001,6,0,,4,082a604c
1014000000000000,0000000120010001,7,1,086a2808,17,082a201e
1014000000000000,0000000323004001,10,0,,1,08626848
1014000000000000,0000000323014001,11,0,,3,0862680a
1014000000000200,0000000000000003,6,0,,2,1a60600a
1014000004000200,0000000000080003,8,0,,1,1260600e
1014000100000000,0000000023000001,8,0,,1,0a22600e
1014020000008000,0000000000000001,6,0,,6,186a4048
1014020000008000,0000000000010001,7,0,,4,186a400a
1014020000008000,0000000000080003,8,0,,1,1268400e
1014020000008000,0000000020400001,8,0,,5,0a6a080a
1014020000008000,0000000120400001,9,0,,1,086a4848
1014020000008000,0000000120410001,10,0,,1,086a480c
1014020000008022,0000000000000001,8,0,,3,1a62400a
1014020000008023,0000000000000001,9,0,,1,1a62080a
1014220000008000,0000000000000001,7,1,1a2a4008,17,182a404c
1014220000008000,0000000000010001,8,0,,3,182a402c
1014220000008000,0000000000400001,8,0,,1,0a2a4908
1014220000008000,0000000020400001,9,0,,10,0a2a001e
1014220000008000,0000000120400001,10,0,,1,082a484c
1014220000008000,0000000120410001,11,0,,2,082a401e
1014220000008022,0000000000000001,9,0,,5,1a22400e
1024000000000000,0000000000000000,3,1,1a462008,53,1204601e
1024000000000000,0000000000010000,4,4,1846200c,29,180e200e
1024000000000000,0000000000040000,4,0,,1,184c6048
1024000000000000,0000000000050000,5,0,,4,184c600a
1024000000000000,0000000000110000,5,0,,5,100e680c
1024000000000000,0000000000140000,5,0,,1,104c604c
1024000000000000,0000000000150000,6,1,104c600c,8,100c601e
1024000000000000,00000000b8000000,7,0,,3,0a0e600c
1024000000000000,00000000bb000000,9,0,,1,0a466808
1024000000000000,00000005b8010000,10,0,,5,080e680c
1024000000000000,00000007bb010000,13,0,,1,0846680c
1024000000200000,0000000000050000,6,0,,1,1844680c
1024000000400000,0000000000000000,4,0,,2,1806604c
1024000000400000,0000000000010000,5,0,,1,1806680c
1024020000008000,0000000000002000,6,0,,2,1a4e0808
1024020000008000,0000000000012000,7,0,,3,184e080c
1024020000008022,0000000000002000,8,0,,2,1a46400c
1024020000008022,0000000000012000,9,0,,1,1846480c
1025220000008000,0000000000002000,8,0,,2,1a0e400c
1025220000008000,0000000000012000,9,0,,1,180e480c
1025220000008022,0000000000002000,10,0,,1,1a06480c
1044000000000000,0000000000000801,5,0,,16,12402e48
1044000000000000,0000000000008801,6,0,,3,10486648
1044000000000000,000000000000c801,7,0,,7,18026648
1044000000000000,0000000090000801,7,0,,12,02482e48
1044000000000000,0000000092000801,8,0,,6,02422e48
1044000000000000,0000000590008801,10,0,,4,080a6648
1044000000000000,00000005b0008801,11,0,,2,080a624c
1044000000000000,000000079200c801,13,0,,3,08422e48
1044000000000000,00000007b200c801,14,0,,2,0842624c
1044000000008000,0000000000002801,7,0,,12,12404e48
1044000000008000,000000000000a801,8,0,,2,180a4648
1044000000008000,000000000000e801,9,0,,1,18424648
1044000000008000,0000000090002801,9,0,,13,0248464c
1044000000008000,000000059000a801,12,0,,2,084a4648
1044000000008002,0000000000002801,8,0,,7,12404c4c
1044000000008002,000000000000e801,10,0,,1,18424c48
1044000010008000,0000000092002801,11,0,,2,0a420e48
1044000010008002,0000000092002801,12,1,0a424448,6,0a42444a
1044000100000000,0000000092000801,9,0,,2,0a026648
1044000110008000,0000000092002801,12,0,,1,0a024e48
1044000110008002,0000000092002801,13,0,,1,0a024c4c
1044002000000000,0000000092000801,9,0,,4,0240664c
1044080000000000,0000000000000801,6,0,,1,1a422248
1044080000000000,0000000000008801,7,0,,1,184a2248
1044080000000000,000000000000c801,8,0,,1,18422a48
1044080000000000,00000005b0008801,12,0,,1,084a2a48
1044100000000000,0000000000000801,6,3,12406608,90,1208260e
1044100000000000,0000000000008801,7,1,180a6208,24,1048660a
1044100000000000,000000000000c801,8,2,18422608,18,10426a0c
1044100000000000,0000000000018801,8,0,,6,180a640c
1044100000000000,000000000001c801,9,0,,3,18422c0c
1044100000000000,0000000098000801,9,2,02486608,53,0208660e
1044100000000000,000000009a000801,10,3,0a422608,28,0242260e
1044100000000000,00000000b8000801,10,0,,5,0248620e
1044100000000000,00000000ba000801,11,0,,3,0a42620a
1044100000000000,0000000598008801,12,0,,10,004a660c
1044100000000000,0000000598018801,13,0,,5,080a6c0c
1044100000000000,00000005b8008801,13,1,084a6208,8,004a6a0c
1044100000000000,000000079a00c801,15,0,,5,08422e0c
1044100000000000,000000079a01c801,16,0,,1,08426c0c
1044100000000000,00000007ba00c801,16,1,08426a08,7,0842620e
1044100000008000,0000000000002801,8,2,1a420608,44,12424e08
1044100000008000,000000000000a801,9,0,,6,180a460c
1044100000008000,000000000000e801,10,0,,1,18424e08
1044100000008000,000000000001a801,10,0,,3,180a4c0c
1044100000008000,0000000098002801,11,2,0a4a0c08,33,0248460e
1044100000008000,000000059800a801,14,0,,3,080a4e0c
1044100000008000,000000059801a801,15,0,,1,084a4c0c
1044100000008000,00000005b840a801,16,0,,1,084a4a0c
1044100000008002,0000000000002801,9,2,1a420c08,15,12424c0c
1044100000008020,0000000000002801,9,0,,1,1a424a08
1044100000008020,000000000000e801,11,0,,1,18424a0c
1044100010008000,000000009a002801,13,1,0a424608,9,0a420e0a
1044100010008002,000000009a002801,14,1,0a424c08,6,0a42440e
1044100100000000,000000009a000801,11,0,,7,0a02260e
1044100100000000,00000000ba000801,12,0,,1,0a02620e
1044100100000000,000000079a00c801,16,0,,1,08026e0c
1044100110008000,000000009a002801,14,0,,1,0a024e0c
1044102000000000,000000009a000801,11,0,,3,0240660e
1044180000000000,0000000000000801,7,1,1a422208,12,1248220e
1044180000000000,0000000000008801,8,1,184a2208,9,180a220e
1044180000000000,000000000000c801,9,1,18422a08,8,1842220e
1044180000000000,00000000b8000801,11,0,,4,0a0a220e
1044180000000000,00000000ba000801,12,0,,3,0a42220e
1044180000000000,0000000598008801,13,0,,1,084a2b08
1044180000000000,00000005b8008801,14,1,084a2a08,7,080a221e
1044180000000000,00000007ba00c801,17,0,,1,0842221e
1045300000008000,0000000000002801,10,0,,2,1a0a420c
1045300000008000,000000000000a801,11,0,,1,180a4a0c
1074000000000000,0000000000008801,8,0,,1,184a6048
1074000000000000,000000000000c801,9,0,,2,1842604c
1074000000000000,00000005b0008801,13,0,,1,084a6848
1074080000000000,0000000000008801,9,0,,1,184a2848
1074100000000000,0000000000000801,8,0,,7,1a0a600a
1074100000000000,0000000000018801,10,1,184a6008,7,180a680c
1074100000000000,000000000001c801,11,1,18426808,6,1842602c
1074100000000000,00000000b8000801,12,0,,5,0a0a600e
1074100000000000,00000000bb000801,14,0,,1,0a42680c
1074100000000000,00000005b8018801,16,0,,4,084a600e
1074120000008000,0000000000002801,11,0,,1,1a4a4808
1074120000008000,000000000001a801,13,0,,1,184a480c
1074180000000000,0000000000000801,9,0,,7,1a0a280a
1074180000000000,0000000000018801,11,1,184a2808,6,184a201a
1074180000000000,00000000b8000801,13,0,,2,0a4a200e
1074180000000000,00000005b8018801,17,0,,2,084a201e
1075320000008000,0000000000002801,13,0,,1,1a0a480c
2000000000000000,0000000000000000,1,0,,15,00ec2301
2000000000000000,0000000000000001,2,0,,49,00e82303
2000000000000000,0000000000000008,2,2,10c46201,35,10c42641
2000000000000000,0000000000000009,3,0,,14,10c06243
2000000000000000,000000000000002c,4,0,,3,10cc2441
2000000000000000,000000000000002d,5,0,,10,10c86441
2000000000000000,000000000000003c,5,0,,3,12c46041
2000000000000000,0000000000000100,2,0,,21,00ac2303
2000000000000000,0000000000000101,3,0,,63,00a82643
2000000000000000,0000000000000140,3,0,,9,00ac4445
2000000000000000,0000000000000141,4,0,,23,00a84465
2000000000000000,0000000000000308,4,1,108c6201,26,108c2207
2000000000000000,0000000000000309,5,0,,5,10886641
2000000000000000,000000000000076c,8,0,,2,108c6441
2000000000000000,000000000000076d,9,0,,5,12884443
2000000000000000,000000000000077c,9,0,,1,128c6041
2000000000000000,000000000004003c,6,0,,1,18cc2041
2000000000000000,000000000004077c,10,0,,1,188c6041
2000000000000000,000000000010003c,6,0,,1,10c66041
2000000000000000,0000000000140000,3,0,,1,10ec2041
2000000000000000,000000000014003c,7,0,,1,10cc6041
2000000000000000,0000000000140140,5,0,,2,00ac6141
2000000000000000,000000000014077c,11,0,,3,108c6043
2000000000000000,0000000002000000,2,0,,5,00e44641
2000000000000000,0000000002000001,3,0,,27,00e04645
2000000000000000,0000000020000000,2,0,,7,00ec2203
2000000000000000,0000000020000001,3,1,00e86201,21,00e82207
2000000000000000,0000000020000100,3,0,,16,00ac2207
2000000000000000,0000000020000101,4,2,02a82203,29,00a86207
2000000000000000,0000000020000140,4,0,,1,02ac6041
2000000000000000,0000000020040140,5,0,,1,08ac6041
2000000000000000,0000000020140000,4,0,,1,00ec6041
2000000000000000,0000000020140140,6,0,,1,00ac6043
2000000000000000,0000000022000000,3,0,,1,00e66201
2000000000000000,0000000022000001,4,0,,5,00e26203
2000000000000000,0000000040000008,3,0,,1,00cc2641
2000000000000000,0000000040000009,4,0,,3,00c86341
2000000000000000,000000004000002c,5,0,,2,00cc6441
2000000000000000,000000004000002d,6,0,,14,00c86443
2000000000000000,0000000040000308,5,0,,3,008c6341
2000000000000000,0000000040000309,6,0,,10,00886643
2000000000000000,000000004000076c,9,0,,5,008c6445
2000000000000000,000000004000076d,10,0,,12,02884447
2000000000000000,000000004014003c,8,0,,1,00cc6141
2000000000000000,0000000048000008,4,0,,6,00cc2603
2000000000000000,0000000048000308,6,0,,19,008c6303
2000000000000000,0000000060000008,4,0,,1,00cc6241
2000000000000000,0000000060000009,5,0,,9,00c86243
2000000000000000,000000006000003c,7,0,,1,02cc6041
2000000000000000,0000000060000308,6,0,,2,028c6241
2000000000000000,0000000060000309,7,0,,2,088a6241
2000000000000000,000000006004003c,8,0,,1,08cc6041
2000000000000000,000000006014003c,9,0,,3,00cc6043
2000000000000000,0000000068000008,5,1,00cc6201,10,00cc6203
2000000000000000,0000000068000308,7,0,,8,008c6207
2000000000001000,0000000000000000,2,0,,3,02ec0441
2000000000001000,0000000000000001,3,0,,2,02e80641
2000000000001000,0000000000000100,3,0,,1,02ac0641
2000000000001000,0000000000000101,4,0,,5,02a80643
2000000000001000,0000000000000140,4,0,,1,12ac0441
2000000000001000,0000000000000141,5,0,,1,0aaa0441
2000000000001000,0000000040000309,7,0,,1,0a8a0641
2000000000001400,0000000000000000,3,0,,3,02ec0601
2000000000001400,0000000000000001,4,0,,4,02e80603
2000000000001400,0000000000000100,4,0,,4,02ac0603
2000000000001400,0000000000000101,5,0,,8,02a80607
2000000000200000,0000000000000000,2,0,,2,10e42441
2000000000200000,0000000000000001,3,0,,4,10e04445
2000000000200000,000000000000002c,5,0,,1,10c46441
2000000000200000,000000000000002d,6,0,,5,10c06445
2000000000200000,0000000000040000,3,0,,1,18e42041
2000000000200000,000000000004003c,7,0,,1,18c46041
2000000000200000,0000000000140000,4,0,,1,10e46041
2000000000200000,000000000014003c,8,1,10c46041,6,10c46043
2000000000200000,0000000002000000,3,0,,4,00e44445
2000000000200000,0000000002000001,4,0,,6,00e06445
2000000002000000,0000000000000008,3,0,,4,10c44605
2000000002000000,0000000000000009,4,0,,7,10c04645
2000000002000000,000000000000002c,5,0,,2,10c64441
2000000002000000,000000000000002d,6,0,,7,10c84443
2000000002000000,0000000000000308,5,0,,3,108c4605
2000000002000000,0000000000000309,6,0,,1,18884641
2000000002000000,000000000000076c,9,0,,3,108c4445
2000000002000000,000000000000076d,10,0,,2,18884445
2000000002000000,0000000040000008,4,0,,1,00cc4641
2000000002000000,0000000040000009,5,0,,8,00c84643
2000000002000000,000000004000002c,6,0,,3,00cc4445
2000000002000000,000000004000002d,7,0,,7,00c84465
2000000002000000,0000000040000309,7,0,,2,08884645
2000000002000000,000000004000076c,10,0,,1,088e4441
2000000002000000,000000004000076d,11,0,,1,088a4445
2000000002000000,0000000048000008,5,0,,1,00cc4605
2000000002200000,000000000000002c,6,1,10c44441,7,10c44443
2000000002200000,000000000000002d,7,0,,5,10c04c45
2000000020001008,0000000002000001,6,0,,1,0ae20441
2000000080000000,0000000002000000,3,0,,1,00e46301
2000000080000000,0000000002000001,4,0,,4,00e06303
2000000080000000,0000000022000000,4,0,,6,00e46203
2000000080000000,0000000022000001,5,0,,8,00e06243
20000000c8200000,0000000022040000,8,0,,1,08e46041
2000001000000000,0000000042000009,6,0,,2,00c26641
2000001000000000,000000004200002d,8,0,,3,02c26441
2000001000000000,000000004a000008,6,0,,2,00c66301
2000001000000000,0000000062000008,6,0,,1,00c66241
2000001000000000,0000000062000009,7,0,,3,00c26a41
2000001000000000,000000006a000008,7,0,,3,00c66205
2000001002000000,0000000042000009,7,0,,1,08c24641
2000001002000000,000000004200002c,8,0,,1,08c64441
2000001002000000,000000004200002d,9,0,,3,08c24445
2000001008000000,000000006200003c,10,0,,1,08c66041
2000003000000000,0000000042000008,6,0,,2,00c46641
2000003000000000,0000000042000009,7,0,,13,00c06643
2000003000000000,000000004200002c,8,0,,5,02c44445
2000003000000000,000000004200002d,9,0,,8,02c04c45
2000003000000000,000000004a000008,7,0,,6,00c46605
2000003000200000,000000004200002c,9,0,,4,00c46445
2000003000200000,000000004200002d,10,0,,4,00c06c45
2000003002000000,0000000042000008,7,0,,3,00c44645
2000003002000000,0000000042000009,8,0,,3,08c04645
2000003002200000,000000004200002c,10,0,,2,08c44445
2000003002200000,000000004200002d,11,0,,3,00c04565
2000003080000000,0000000042000008,7,0,,1,00c46341
2000003080000000,0000000042000009,8,0,,1,08c06341
2000003080000000,000000004a000008,8,0,,6,00c46303
2000003080000000,0000000062000008,8,0,,6,00c46243
2000003080000000,0000000062000009,9,0,,5,08c06243
2000003080000000,000000006a000008,9,0,,4,00c46225
20000030c8200000,000000004204003c,14,0,,1,08c46141
20000030c8200000,000000006204003c,15,0,,1,08c46841
20000080c8000000,0000000022000000,7,0,,1,02e46041
20000080c8200000,0000000002140000,9,0,,1,00e46141
2000100000000000,0000000000000009,4,1,10c86201,50,10c06225
2000100000000000,0000000000000309,6,0,,28,10886207
2000100000000000,0000000048000009,6,1,00c86601,26,00c86303
2000100000000000,0000000048000309,8,0,,28,00886325
2000100000000000,0000000068000009,7,0,,27,00c86207
2000100000000000,0000000068000309,9,0,,7,00886a25
2000100000001400,0000000000000309,8,0,,1,1a8a0601
2000100002000000,0000000000000009,5,0,,2,10c84605
2000100002000000,0000000000000309,7,0,,1,188a4601
2000100002000000,0000000048000009,7,0,,3,00c84625
2000100002000000,0000000048000309,9,0,,2,00884725
2000101000000000,000000004a000009,8,0,,6,00c26605
2000101000000000,000000006a000009,9,0,,5,08c26203
2000103000000000,000000004a000009,9,0,,8,00c06625
2000103080000000,000000004a000009,10,0,,1,00c06325
2000103080000000,000000006a000009,11,0,,2,00c06a25
2000800000000000,0000000000000100,3,0,,19,10a42603
2000800000000000,0000000000000101,4,0,,9,10a06641
2000800000000000,0000000000000140,4,0,,3,12a42441
2000800000000000,0000000000000141,5,0,,8,12a04443
2000800000000000,0000000000000308,5,0,,37,10846207
2000800000000000,0000000000000309,6,0,,5,10806645
2000800000000000,000000000000076c,9,0,,4,12844445
2000800000000000,000000000000076d,10,0,,2,1a806441
2000800000000000,000000000000077c,10,0,,3,12846141
2000800000000000,0000000002000100,4,0,,9,00a46605
2000800000000000,0000000002000101,5,0,,18,02a02607
2000800000000000,0000000002000140,5,0,,5,02a44445
2000800000000000,0000000002000141,6,0,,14,02a04545
2000800000000000,0000000022000101,6,0,,3,02a26203
2000800000000010,0000000000000101,5,0,,5,12a02207
2000800000001000,0000000000000100,4,0,,1,12a40641
2000800000001000,0000000002000101,6,0,,1,0aa20641
2000800000001400,0000000000000100,5,0,,2,12a40603
2000800000001400,0000000000000101,6,0,,1,1aa20601
2000800000001400,0000000002000100,6,0,,1,0aa60601
2000800000001400,0000000002000101,7,0,,1,0aa20603
2000800000200000,0000000000000140,5,0,,4,10a44445
2000800000200000,000000000000076c,10,0,,3,10846445
2000800000200000,0000000000040140,6,0,,1,18a46041
2000800000200000,000000000004077c,12,0,,1,18846141
2000800000200000,0000000000140140,7,0,,2,10a46045
2000800000200000,000000000014077c,13,0,,1,10846145
2000800000200000,0000000002000140,6,0,,2,08a44541
2000800002000000,0000000000000309,7,0,,1,18824641
2000800002000000,000000000000076c,10,0,,1,18864441
2000800002200000,000000000000076c,11,0,,3,10844545
2000800280000000,0000000002000100,6,0,,2,00a46303
2000800280000000,0000000022000100,7,0,,3,02a46203
2000800280000010,0000000002000101,8,0,,1,02a06303
2000800280000010,0000000022000101,9,0,,3,02a06207
20008002c8000000,0000000022000140,10,0,,1,0aa46041
2000801000000000,0000000042000309,9,0,,4,02826641
2000801000000000,000000004200076c,12,0,,1,0a864441
2000801000000000,000000004200076d,13,0,,6,0a824443
2000801000000000,000000004a000308,9,0,,2,02866601
2000801000000000,0000000062000308,9,0,,1,08866241
2000801000000000,0000000062000309,10,0,,2,08826245
2000801002000000,0000000042000308,9,0,,1,08864641
2000801002000000,0000000042000309,10,0,,2,08824645
2000803000000000,0000000042000308,9,0,,3,00846645
2000803000000000,0000000042000309,10,0,,1,0a806641
2000803000000000,000000004a000308,10,0,,4,00846705
2000803280000000,000000004a000308,12,0,,1,00846325
20008082c8000000,0000000002000140,10,0,,1,02a46141
2000900000000000,0000000000000309,7,0,,8,12806603
2000900000000010,0000000000000309,8,0,,1,12806207
2000901000000000,000000004a000309,11,0,,2,08826605
2000903000000000,000000004a000309,12,0,,1,02806607
2008000000000000,0000000000000000,2,2,10646201,48,026c2601
2008000000000000,0000000000000001,3,0,,41,02682303
2008000000000000,0000000000000008,3,2,104c6201,72,10446207
2008000000000000,0000000000000100,3,2,102c6201,47,022c2303
2008000000000000,0000000000000101,4,0,,34,02282607
2008000000000000,0000000000000140,4,0,,5,022c6441
2008000000000000,0000000000000308,5,0,,21,100c6207
2008000000000000,000000000000102c,6,0,,1,104c6441
2008000000000000,000000000000103c,7,0,,1,184e2041
2008000000000000,0000000000004001,4,0,,4,18622203
2008000000000000,0000000000040000,3,0,,1,186c2041
2008000000000000,0000000000040140,5,0,,1,182c6041
2008000000000000,0000000000140000,4,0,,3,106c2043
2008000000000000,0000000000140140,6,0,,1,102c6045
2008000000000000,000000000014103c,9,0,,1,104c6045
2008000000000000,0000000002000000,3,0,,2,02646601
2008000000000000,0000000002000001,4,0,,2,02626601
2008000000000000,0000000020000000,3,0,,8,026c2043
2008000000000000,0000000020000001,4,0,,16,02682207
2008000000000000,0000000020000100,4,0,,11,022c2207
2008000000000000,0000000020000101,5,0,,13,02282217
2008000000000000,0000000022000000,4,0,,2,02666201
2008000000000000,0000000022000001,5,0,,3,0a622203
2008000000000000,00000000d8000008,7,0,,2,024c6601
2008000000000000,00000000d8000308,9,0,,2,020c6605
2008000000000000,00000000f8000008,8,0,,4,024c6203
2008000000000000,00000000f8000308,10,0,,2,020c6207
2008000000000000,0000000100000000,3,0,,3,006c2603
2008000000000000,0000000100000001,4,0,,4,00686603
2008000000000000,0000000100000100,4,0,,1,082e2601
2008000000000000,0000000100000101,5,0,,1,082a6601
2008000000000000,0000000120000000,4,0,,14,006c2207
2008000000000000,0000000120000001,5,0,,14,00686207
2008000000000000,0000000120000100,5,0,,7,002c2217
2008000000000000,0000000120000101,6,0,,2,082a6203
2008000000000000,0000000302004001,7,0,,1,08626601
2008000000000000,0000000322000000,6,0,,2,08662a01
2008000000000000,0000000322004001,8,0,,2,08626205
2008000000000000,00000005d8000008,9,0,,1,084e2601
2008000000000000,00000005f8000008,10,0,,10,004c6207
2008000000000000,00000005f8000308,12,0,,1,080e6205
2008000000010000,0000000000000000,3,0,,1,106c4441
2008000000010000,0000000000000001,4,0,,2,02684641
2008000000010000,0000000000000140,5,0,,2,022c4445
2008000000010000,0000000000000141,6,0,,1,0a2a4441
2008000000010040,0000000000000000,4,0,,1,12644441
2008000000011000,0000000000000000,4,0,,1,126c0441
2008000000011000,0000000000000100,5,0,,1,122c0641
2008000000011000,0000000000000101,6,0,,1,0a2a0641
2008000000011000,0000000000000140,6,0,,1,0a2e0441
2008000000012000,0000000000000000,4,0,,2,106c4601
2008000000012000,0000000000000001,5,0,,1,12684601
2008000000012000,0000000000000100,5,0,,3,022c4605
2008000000012000,0000000000000101,6,0,,3,02284607
2008000000013400,0000000000000000,6,0,,1,126c0601
2008000000013400,0000000000000001,7,0,,1,0a6a0601
2008000000013400,0000000000000100,7,0,,6,0a2e0601
2008000000013400,0000000000000101,8,0,,4,0a2a0603
2008000000100000,000000000000103c,8,0,,1,18466041
2008000000200000,0000000000000000,3,0,,1,10646441
2008000000200000,0000000000040000,4,0,,1,18646041
2008000000200000,0000000000140000,5,0,,1,10646045
2008000080000000,0000000022000000,5,0,,1,02646203
2008000080000000,0000000022000001,6,0,,1,02606207
2008000400010140,0000000002000001,8,0,,1,0a624441
2008001000000000,00000000da000008,9,0,,1,0a462601
2008001000000000,00000000fa000008,10,0,,1,0a466201
2008001000000000,00000007fa000008,13,0,,2,08466205
2008800000000000,0000000000000100,4,0,,24,10246641
2008800000000000,0000000000000101,5,0,,4,12222603
2008800000000000,0000000000000140,5,0,,1,12246441
2008800000000000,0000000000000308,6,0,,5,12042217
2008800000000000,0000000002000100,5,0,,1,0a262601
2008800000000000,0000000002000101,6,0,,2,0a222603
2008800000000000,0000000022000100,6,0,,1,0a266201
2008800000000010,0000000000000101,6,0,,1,12206207
2008800000010000,0000000002000101,7,0,,1,0a224641
2008800000012000,0000000000000101,7,0,,1,1a224601
2008800000012000,0000000002000100,7,0,,1,0a264601
2008800000013400,0000000000000100,8,0,,1,1a260601
2008800280000000,0000000022000100,8,0,,1,02246207
2008800400010040,0000000002000140,9,0,,1,0a264441
2048000000000000,0000000000008809,7,0,,2,10486641
2048000000000000,000000000000c809,8,0,,1,18426241
2048000000000000,00000005f0008809,13,0,,1,084a6241
2048100000000000,0000000000000809,7,0,,15,12482207
2048100000000000,0000000000000b09,9,0,,4,12086207
2048100000000000,0000000000008809,8,1,184a2201,17,10486207
2048100000000000,0000000000008b09,10,0,,2,180a6205
2048100000000000,000000000000c809,9,0,,6,18426203
2048100000000000,00000000d8000809,11,0,,3,02486605
2048100000000000,00000000d8000b09,13,0,,3,02086607
2048100000000000,00000000f8000809,12,0,,5,02486207
2048100000000000,00000000f8000b09,14,0,,1,020a6207
2048100000000000,00000005d8008809,14,0,,2,084a2e01
2048100000000000,00000005f8008809,15,0,,8,004a6a05
20481000000b2000,00000000d8000b09,17,0,,1,0a0a4605
2048101000000000,00000000da000809,13,0,,2,0a422e01
2048101000000000,00000000fa000809,14,0,,1,0a426a01
2048101000000000,00000007fa00c809,19,0,,1,08426a05
2048900000000000,0000000000000b09,10,0,,1,1a026601
2100000000000000,0000000000000000,2,0,,9,02ec2101
2100000000000000,000000000000002c,5,0,,4,12c42403
2100000000000000,000000000000003c,6,0,,14,12c46003
2100000000000000,0000000000000140,4,0,,16,02ac2103
2100000000000000,000000000000076c,9,0,,3,128c2403
2100000000000000,000000000000077c,10,0,,8,128c2007
2100000000000000,0000000000020000,3,0,,4,00ec2403
2100000000000000,000000000002002c,6,0,,7,10c66401
2100000000000000,000000000002003c,7,0,,5,18c62005
2100000000000000,0000000000020140,5,0,,6,00ac6403
2100000000000000,000000000002076c,10,0,,6,108c6403
2100000000000000,000000000002077c,11,0,,1,188e6001
2100000000000000,0000000000060000,4,0,,1,18ec2001
2100000000000000,000000000006003c,8,0,,1,18cc6001
2100000000000000,0000000000060140,6,0,,2,08ac6101
2100000000000000,000000000006077c,12,0,,2,188c6005
2100000000000000,0000000000120000,4,0,,2,10e66001
2100000000000000,000000000012003c,8,0,,3,10c66005
2100000000000000,0000000000120140,6,0,,1,10ae6001
2100000000000000,000000000012077c,12,0,,2,108e6005
2100000000000000,0000000000160000,5,0,,7,00ec6101
2100000000000000,000000000016003c,9,1,10cc6001,6,10cc6003
2100000000000000,0000000000160140,7,1,10ac6001,11,00ac6103
2100000000000000,000000000016077c,13,0,,7,108c6007
2100000000000000,0000000002000000,3,0,,1,02e46401
2100000000000000,0000000020000000,3,0,,2,02ec2003
2100000000000000,0000000020000140,5,0,,10,02ac2007
2100000000000000,0000000020020140,6,0,,1,08ae6001
2100000000000000,0000000020060000,5,0,,1,08ec6001
2100000000000000,0000000020120000,5,0,,1,00ee6001
2100000000000000,0000000020160000,6,0,,5,00ec6003
2100000000000000,0000000020160140,8,0,,3,00ac6007
2100000000000000,000000004800002c,7,0,,2,02cc2403
2100000000000000,000000004800003c,8,0,,1,02cc6101
2100000000000000,000000004800076c,11,0,,6,028c6403
2100000000000000,000000004800077c,12,0,,2,028c6103
2100000000000000,000000004802002c,8,0,,4,00cc6403
2100000000000000,000000004802076c,12,0,,4,008c6407
2100000000000000,000000004806003c,10,0,,1,08cc6101
2100000000000000,000000004816003c,11,0,,2,00cc6103
2100000000000000,000000004816077c,15,0,,1,008c6125
2100000000000000,000000006800003c,9,0,,2,02cc6003
2100000000000000,000000006800077c,13,0,,1,028c6007
2100000000000000,000000006802003c,10,0,,1,08ce6001
2100000000000000,000000006802077c,14,0,,1,088e6005
2100000000000000,000000006812003c,11,0,,1,00ce6005
2100000000000000,000000006816003c,12,0,,3,00cc6007
2100000000200000,0000000000020000,4,0,,1,10e46401
2100000000200000,000000000002002c,7,0,,6,10c46403
2100000000200000,0000000000060000,5,0,,1,18e46001
2100000000200000,000000000006003c,9,0,,3,18c46005
2100000000200000,0000000000160000,6,0,,6,10e46003
2100000000200000,000000000016003c,10,1,10c46101,9,10c46007
2100000000200000,0000000002020000,5,0,,2,00e46405
2100003000000000,000000004a00002c,10,0,,2,02c46405
2100003000200000,000000004a02002c,12,0,,1,00c46505
21000080c8000000,0000000002000000,7,0,,1,02e46101
21000080c8000000,0000000022000000,8,0,,2,02e46003
210000b0c8200000,000000004a16003c,19,0,,1,00c46125
2100800000000000,0000000000000140,5,0,,15,12a42007
2100800000000000,000000000000076c,10,0,,7,12846403
2100800000000000,000000000000077c,11,0,,4,12846007
2100800000000000,000000000002077c,12,0,,1,18866101
2100800000000000,0000000000120140,7,0,,1,10a66101
2100800000000000,0000000002000140,6,0,,4,02a46403
2100800000200000,0000000000020140,7,0,,2,10a46405
2100800000200000,000000000002076c,12,0,,3,10846425
2100800000200000,0000000000060140,8,0,,1,18a46101
2100800000200000,0000000000160140,9,0,,5,10a46025
2100800000200000,000000000016077c,15,0,,2,10846125
2100800000200000,0000000002020140,8,0,,1,00a46505
2100801000000000,000000004a00076c,14,0,,1,0a866401
2100803000000000,000000004a00076c,15,0,,2,02846407
2100803000200000,000000004a02076c,17,0,,1,00846525
21008082c8000000,0000000002000140,11,0,,2,02a46103
21008082c8000000,0000000022000140,12,0,,1,02a46007
2108000000000000,0000000000000000,3,1,126c2001,33,026c2403
2108000000000000,0000000000000140,5,1,122c2003,31,022c2407
2108000000000000,000000000000102c,7,0,,3,124c2403
2108000000000000,000000000000103c,8,0,,12,124c2007
2108000000000000,000000000000176c,11,0,,2,120c2407
2108000000000000,000000000000177c,12,0,,2,120c2017
2108000000000000,0000000000020000,4,0,,13,106c2403
2108000000000000,0000000000020140,6,0,,4,102c6405
2108000000000000,000000000002102c,8,0,,2,104c6405
2108000000000000,000000000002103c,9,1,184e2001,7,184e2003
2108000000000000,000000000002177c,13,0,,1,180e6005
2108000000000000,0000000000060000,5,0,,4,186c2003
2108000000000000,0000000000060140,7,0,,1,182c6005
2108000000000000,000000000006103c,10,0,,3,184c6003
2108000000000000,0000000000120000,5,0,,5,10666005
2108000000000000,0000000000120140,7,0,,1,102e6005
2108000000000000,000000000012103c,10,0,,2,104e6005
2108000000000000,0000000000160000,6,1,106c6001,12,106c2007
2108000000000000,0000000000160140,8,0,,3,102c2017
2108000000000000,000000000016103c,11,0,,5,104c2017
2108000000000000,0000000020000000,4,0,,11,026c2007
2108000000000000,0000000020000140,6,0,,8,022c2017
2108000000000000,0000000120020000,6,0,,3,086e2003
2108000000000000,0000000120020140,8,0,,1,082e6005
2108000000000000,0000000120160000,8,0,,3,006c6007
2108000000000000,0000000120160140,10,0,,1,002c6017
2108000000000000,00000005f802103c,16,0,,2,084e6005
2108000000100000,000000000000102c,8,0,,2,12446c01
2108000000100000,000000000000103c,9,0,,6,12446007
2108000000100000,000000000002102c,9,0,,2,18462c01
2108000000100000,000000000002103c,10,1,18466001,7,18462805
2108000000200000,0000000000060000,6,0,,2,18646005
2108000000200000,0000000000160000,7,0,,1,10646805
2108000000300000,000000000006103c,12,0,,1,18446805
2108000420000000,0000000002000000,6,0,,1,0a662401
2108800000000000,0000000000000140,6,0,,12,12242017
2108800400000000,0000000002000140,8,0,,1,0a266401
2300000000000000,0000000000000000,3,0,,2,02ec4401
2300000000000000,000000000000002c,6,0,,6,12c44403
2300000000000000,0000000000000140,5,0,,9,02ac4403
2300000000000000,000000000000076c,10,0,,6,128c4403
2300000000000000,0000000000020000,4,0,,3,00ec4405
2300000000000000,0000000000020140,6,0,,6,00ac4425
2300000000000000,0000000002000000,4,0,,2,02e44405
2300000000000000,000000004800002c,8,0,,2,02cc4405
2300000000000000,000000004800076c,12,0,,7,028c4407
2300000000001400,0000000000000000,5,0,,5,02ec0403
2300000000001400,0000000000000140,7,0,,9,02ac0503
2300000000200000,0000000000020000,5,0,,2,10e44405
2300000002000000,000000000002002c,8,0,,2,10cc4405
2300000002000000,000000000002076c,12,0,,2,108c4425
2300000002000000,000000004802076c,14,0,,1,008c4525
2300000002200000,000000000002002c,9,0,,1,10c44505
2300800000000000,0000000000000140,6,0,,7,12a44403
2300800000000000,000000000000076c,11,0,,6,12844407
2300800000000000,0000000002000140,7,0,,10,02a44407
2300800000001400,0000000000000140,8,0,,1,1aa60401
2300800000200000,0000000000020140,8,0,,1,10a44505
2300800002200000,000000000002076c,14,0,,1,10844525
2300803000000000,000000004a00076c,16,0,,1,02844525
2308000000012000,0000000000000000,6,0,,1,126c4401
2308000000012000,0000000000000140,8,0,,7,022c4407
2308000000012040,0000000000000000,7,0,,1,12644c01
2308000000013400,0000000000000000,8,0,,5,0a6e0401
2308000000013400,0000000000000140,10,0,,7,0a2e0403
2308000000013440,0000000000000000,9,0,,1,1a660401
2308800000012040,0000000000000140,10,0,,1,1a264401
2800000000000000,0000000000000000,2,0,,4,10e44241
2800000000000000,0000000000000001,3,0,,8,10e84203
2800000000000000,0000000000000008,3,0,,3,12c44241
2800000000000000,0000000000000009,4,0,,2,12c84241
2800000000000000,0000000020600001,6,0,,1,08ea4201
2800000000000000,0000000020e00001,7,0,,2,08e84241
2800000000000000,0000000022600001,7,0,,1,08e24241
2800000000000000,0000000060e00009,9,0,,1,0ac84241
2800000000000000,0000000800e00000,6,0,,1,00ec4301
2800000000000000,0000000800e00001,7,0,,4,00e84303
2800000000000000,0000000820600001,7,0,,2,00ea4241
2800000000000000,0000000820e00000,7,0,,3,00ec4203
2800000000000000,0000000820e00001,8,0,,6,00e84243
2800000000001800,0000000000000000,4,0,,1,10ec0241
2800000000001c00,0000000000000000,5,0,,1,12ec0201
2800000000001c00,0000000000000001,6,0,,1,12e80203
2800000002000000,0000000000000008,4,0,,20,10c44243
2800000002000000,0000000000000009,5,0,,4,10c84341
2800000002000000,0000000060600009,9,0,,1,08ca4241
2800000002000000,0000000060e00008,9,0,,1,08cc4241
2800000080000000,0000000022e00001,9,0,,1,0ae04241
2800000080000000,0000000822e00000,9,0,,1,02e44241
2800001000000000,0000000062600009,10,0,,1,0ac24241
2800001002000000,0000000042600009,10,0,,1,08c24341
2800001002000000,0000000062600008,10,0,,1,08c64241
2800001002000000,0000000062600009,11,0,,1,08c24a41
2800100000000000,0000000000000009,5,0,,2,12c84203
2800100002000000,0000000000000009,6,0,,1,18ca4201
2800100002000000,0000000848e00009,12,0,,1,00c84325
2800400000000000,0000000000000180,5,0,,5,10ac4203
2800400000000000,0000000000000181,6,0,,9,12a84203
2800400000000000,0000000000000388,7,0,,2,128c4203
2800400000000000,0000000020600181,9,0,,3,08aa4203
2800400000000000,0000000020e00180,9,0,,1,08ac4241
2800400000000000,0000000020e00181,10,0,,2,0aa84203
2800400000000000,0000000060600389,12,0,,1,0a8a4241
2800400000000000,0000000800e00180,9,0,,3,00ac4303
2800400000000000,0000000800e00181,10,0,,5,00a84325
2800400000000000,0000000820600181,10,0,,1,02aa4203
2800400000000000,0000000820e00180,10,0,,3,02ac4203
2800400000000000,0000000820e00181,11,0,,4,02a84207
2800400000001800,0000000020600181,11,0,,1,0aaa0241
2800400000001c00,0000000000000180,8,0,,2,12ac0203
2800400000001c00,0000000000000181,9,0,,2,12a80207
2800400000001c00,0000000020600181,12,0,,1,0aaa0203
2800400002000000,0000000000000388,8,0,,1,188e4201
2800400002000000,0000000000000389,9,0,,1,188a4241
2800400002000000,0000000040600389,12,0,,1,088a4341
2800400002000000,0000000060600388,12,0,,1,088e4241
2800400002000000,0000000060600389,13,0,,1,088a4245
2800400002000000,0000000848e00388,14,0,,1,008c4325
2800c00000000000,0000000000000180,6,0,,5,10a44341
2800c00000000000,0000000000000181,7,0,,1,18a24241
2800c00000000000,0000000000000389,9,0,,1,1a824241
2800c00000000000,0000000002600181,10,0,,1,08a24341
2800c00000000000,0000000022600180,10,0,,1,08a64241
2800c00000000000,0000000022600181,11,0,,1,0aa24241
2800c00002000000,0000000000000388,9,0,,1,18864241
2808000000016000,0000000000000000,6,0,,4,106c4205
2808000000016000,0000000000000001,7,0,,2,12684203
2808000000016000,0000000020600001,10,0,,1,0a6a4201
2808000000017c00,0000000000000000,9,0,,3,126c0203
28080000020f6000,0000000000000008,11,0,,1,184e4201
2808400000016000,0000000000000180,9,0,,3,122c4203
2808400000016000,0000000000000181,10,0,,2,12284207
2808400000016000,0000000020600180,12,0,,1,0a2e4201
2808400000016000,0000000020600181,13,0,,2,0a2a4203
2808400000016000,0000000820e00180,14,0,,1,022c4207
2808400000017c00,0000000000000180,12,0,,3,122c0207
2808400000017c00,0000000000000181,13,0,,1,1a2a0203
28084000020f6000,0000000000000388,15,0,,1,180e4205
2808c00000016000,0000000000000180,10,0,,1,12244207
2c80040000000000,000000000000003c,9,0,,1,12cc4041
2c80040000000000,0000000000140000,7,0,,1,10ec4041
2c80040000000000,0000000020e40000,10,0,,1,08ec4041
2c80040000000000,0000000800f40000,11,0,,1,00ec4141
2c80040000000000,0000000820e00000,10,0,,1,02ec4041
2c80040000000004,0000000000000000,6,0,,1,12e44041
2c80040000000004,000000000000003c,10,0,,6,12c44043
2c80040000000004,0000000000100000,7,0,,1,10e64041
2c80040000001800,0000000000000000,7,0,,1,12ec0041
2c80040000200004,0000000000040000,8,0,,1,18e44041
2c80040000200004,0000000000140000,9,1,10e44041,6,10e44043
2c80040002000000,000000000004003c,11,0,,1,18cc4041
2c80040002000000,000000000010003c,11,0,,1,10ce4041
2c80040002000000,000000000014003c,12,0,,6,10cc4043
2c80040002000004,000000000000003c,11,0,,1,18c64041
2c80040002000004,000000000010003c,12,0,,1,10c64141
2c80040002200004,000000000004003c,13,0,,5,18c44045
2c80040002200004,000000000014003c,14,0,,6,10c44065
2c80040008000004,0000000022600000,11,0,,1,08e64041
2c800400c8000004,0000000022e00000,14,0,,1,0ae44041
2c800400c8200004,0000000002e40000,15,0,,1,08e44141
2c800480c8000004,0000000802e00000,15,0,,1,02e44141
2c80440000000000,00000000000001c0,9,0,,1,12ac4041
2c80440000000000,00000000000401c0,10,0,,1,18ac4041
2c80440000000000,00000000001401c0,11,0,,3,10ac4043
2c80440000000000,0000000000e401c0,13,0,,1,08ac4141
2c80440000000000,00000000206001c0,12,0,,1,08ae4041
2c80440000000000,0000000020e001c0,13,0,,1,0aac4041
2c80440000000000,0000000800e001c0,13,0,,1,02ac4141
2c80440000000000,0000000820e001c0,14,0,,1,02ac4043
2c80440000001800,00000000000001c0,11,0,,1,12ac0043
2c80440002000000,00000000000007fc,16,0,,1,188e4041
2c80440002000000,00000000000407fc,17,0,,1,188c4141
2c80c40000000004,00000000000001c0,11,0,,5,12a44043
2c80c40000200004,00000000000401c0,13,0,,1,18a44141
2c80c40000200004,00000000001401c0,14,0,,1,10a44145
2c80c402c8000004,0000000002e001c0,19,0,,1,0aa44141
2c88040000014000,0000000000000000,8,0,,1,126c4041
2f80040000000000,0000000000000000,7,0,,1,12ec4001
2f80040000000000,000000000000003c,11,0,,4,12cc4003
2f80040000000000,0000000000060000,9,0,,1,18ec4001
2f80040000000000,0000000000120000,9,0,,1,10ee4001
2f80040000000000,0000000000160000,10,0,,6,10ec4003
2f80040000000000,0000000800e00000,11,0,,1,02ec4101
2f80040000000000,0000000820e00000,12,0,,2,02ec4003
2f80040000000004,0000000000000000,8,0,,6,12e44003
2f80040000000004,000000000000003c,12,0,,2,12c44103
2f80040000001c00,0000000000000000,10,0,,4,12ec0003
2f80040000200004,0000000000060000,11,0,,1,18e44101
2f80040000200004,0000000000160000,12,0,,3,10e44105
2f80040002000000,000000000002003c,13,0,,1,18ce4001
2f80040002000000,000000000006003c,14,0,,1,18cc4101
2f80040002000000,000000000016003c,15,0,,5,10cc4025
2f80040002200004,000000000016003c,17,0,,2,10c44125
2f80440000000000,00000000000001c0,11,0,,8,12ac4003
2f80440000000000,00000000000007fc,17,0,,3,128c4007
2f80440000000000,00000000000201c0,12,0,,1,18ae4001
2f80440000000000,00000000000601c0,13,0,,1,18ac4101
2f80440000000000,00000000001201c0,13,0,,1,10ae4101
2f80440000000000,00000000001601c0,14,0,,5,10ac4025
2f80440000000000,0000000000e001c0,14,0,,1,0aac4101
2f80440000000000,00000000206001c0,14,0,,1,0aae4001
2f80440000000000,00000008006001c0,14,0,,1,02ae4101
2f80440000000000,0000000800e001c0,15,0,,3,02ac4103
2f80440000000000,0000000800f601c0,18,0,,1,00ac4125
2f80440000000000,0000000820e001c0,16,0,,2,02ac4007
2f80440000001c00,00000000000001c0,14,0,,3,12ac0007
2f80440002000000,00000000001607fc,21,0,,1,108c4125
2f80c40000000004,00000000000001c0,13,0,,7,12a44007
2f80c40000200004,00000000001601c0,17,0,,1,10a44125
2f80c40002200004,00000000001607fc,24,0,,1,10844925
2f88040000016000,0000000000000000,11,0,,6,126c4003
2f88040000016000,0000000000020000,12,0,,1,186e4001
2f88040000016000,0000000000160000,14,0,,1,106c4805
2f88040000016044,0000000000000000,13,0,,2,12644007
2f88040000017c00,0000000000000000,14,0,,4,126c0007
2f88440000016000,00000000000001c0,15,0,,4,122c4007
2f88440000016000,00000000000201c0,16,0,,1,182e4005
2f88440000017c00,00000000000001c0,18,0,,2,122c0017
3000000000000000,0000000000000000,2,2,10e46200,90,00ec2302
3000000000000000,0000000000000001,3,14,00e84444,253,00e82606
3000000000000000,0000000000000008,3,13,10c46202,150,10c42642
3000000000000000,0000000000000009,4,7,10c06340,69,10c06246
3000000000000000,000000000000002c,5,0,,15,10c66440
3000000000000000,000000000000002d,6,3,10c86440,29,10c26444
3000000000000000,000000000000003c,6,1,12c46040,17,12c46042
3000000000000000,0000000000000100,3,2,10ac6200,97,00ac2606
3000000000000000,0000000000000101,4,13,00a86602,223,00a84646
3000000000000000,0000000000000140,4,1,02ac4440,42,00ac4464
3000000000000000,0000000000000141,5,8,02a84442,93,00a84564
3000000000000000,0000000000000308,5,6,108c6204,84,108c2216
3000000000000000,0000000000000309,6,0,,30,10886360
3000000000000000,000000000000076c,9,1,108c6440,17,108c6442
3000000000000000,000000000000076d,10,0,,30,10886464
3000000000000000,000000000000077c,10,0,,8,128c6042
3000000000000000,0000000000040000,3,0,,1,18ec2040
3000000000000000,000000000004003c,7,0,,2,18cc2840
3000000000000000,0000000000040140,5,0,,2,08ac6140
3000000000000000,000000000004077c,11,0,,6,188c6042
3000000000000000,0000000000100000,3,0,,2,10e66040
3000000000000000,000000000010003c,7,0,,7,10c66042
3000000000000000,0000000000100140,5,0,,1,10ae6040
3000000000000000,000000000010077c,11,0,,2,108e6044
3000000000000000,0000000000140000,4,0,,7,00ec6140
3000000000000000,000000000014003c,8,1,10cc6040,6,10cc6042
3000000000000000,0000000000140140,6,1,10ac6040,8,00ac6142
3000000000000000,000000000014077c,12,0,,7,108c6046
3000000000000000,0000000002000000,3,0,,17,00e46602
3000000000000000,0000000002000001,4,3,00e06640,61,00e06606
3000000000000000,0000000020000000,3,1,00ec6200,26,00ec2206
3000000000000000,0000000020000001,4,5,00e86202,58,00e82216
3000000000000000,0000000020000100,4,1,02ac6200,32,00ac2216
3000000000000000,0000000020000101,5,2,02a82206,55,00a86216
3000000000000000,0000000020000140,5,0,,6,02ac6042
3000000000000000,0000000020040000,4,0,,1,08ec6040
3000000000000000,0000000020040140,6,0,,3,08ac6042
3000000000000000,0000000020100000,4,0,,1,00ee6040
3000000000000000,0000000020140000,5,0,,5,00ec6042
3000000000000000,0000000020140140,7,0,,1,00ac6046
3000000000000000,0000000022000000,4,0,,8,00e66202
3000000000000000,0000000022000001,5,0,,27,00e26206
3000000000000000,0000000040000008,4,0,,5,00cc6340
3000000000000000,0000000040000009,5,2,00c86640,29,00c86342
3000000000000000,000000004000002c,6,1,00cc6440,17,00cc6442
3000000000000000,000000004000002d,7,5,00c86444,60,00c86446
3000000000000000,000000004000003c,7,0,,1,02cc6140
3000000000000000,0000000040000308,6,0,,14,008c6344
3000000000000000,0000000040000309,7,0,,39,00886364
3000000000000000,000000004000076c,10,0,,27,008c6446
3000000000000000,000000004000076d,11,1,0a8a4440,48,00886564
3000000000000000,000000004000077c,11,0,,1,088e6140
3000000000000000,000000004004003c,8,0,,1,08cc6140
3000000000000000,000000004010003c,8,0,,1,00ce6140
3000000000000000,000000004014003c,9,0,,5,00cc6142
3000000000000000,0000000048000008,5,2,00cc6300,27,00cc6302
3000000000000000,0000000048000308,7,1,028c6600,42,008c6306
3000000000000000,0000000060000008,5,1,00cc6240,9,00cc6242
3000000000000000,0000000060000009,6,2,02c86240,26,00c86246
3000000000000000,000000006000003c,8,0,,7,02cc6042
3000000000000000,0000000060000308,7,0,,4,028c6242
3000000000000000,0000000060000309,8,0,,8,02886246
3000000000000000,000000006000077c,12,0,,2,088e6044
3000000000000000,000000006004003c,9,0,,5,08cc6042
3000000000000000,000000006010003c,9,0,,1,00ce6044
3000000000000000,000000006014003c,10,0,,4,00cc6046
3000000000000000,0000000068000008,6,2,00cc6204,31,00cc6206
3000000000000000,0000000068000308,8,0,,15,008c6216
3000000000000002,0000000000000000,3,0,,2,10e64440
3000000000000002,0000000000000001,4,1,12e04440,10,10e24540
3000000000000002,000000000000002c,6,1,12c44440,8,12c44442
3000000000000002,000000000000002d,7,1,1ac04440,26,12c04446
3000000000000008,0000000000000001,4,0,,2,12e02442
3000000000000008,000000000000002d,7,0,,1,1ac22440
3000000000001000,0000000000000000,3,0,,6,02ec0640
3000000000001000,0000000000000001,4,0,,15,02e80642
3000000000001000,0000000000000009,5,0,,1,1ac20640
3000000000001000,0000000000000100,4,0,,2,02ac0642
3000000000001000,0000000000000101,5,0,,9,02a80646
3000000000001000,0000000000000140,5,0,,7,0aae0440
3000000000001000,0000000000000141,6,1,0aaa0440,10,0aaa0442
3000000000001000,0000000000000309,7,0,,1,1a8a0640
3000000000001000,0000000040000009,6,0,,1,0aca0640
3000000000001002,0000000000000000,4,0,,5,12e40442
3000000000001002,000000000000002c,7,0,,1,1ac60440
300000000000100a,0000000000000001,6,0,,1,1ae20440
3000000000001400,0000000000000000,4,0,,3,02ec0602
3000000000001400,0000000000000001,5,0,,13,02e80606
3000000000001400,0000000000000100,5,0,,10,02ac0606
3000000000001400,0000000000000101,6,1,0aaa0600,19,02a80616
3000000000001400,0000000000000308,7,0,,2,128c0606
3000000000200000,0000000000000000,3,0,,3,10e42540
3000000000200000,0000000000000001,4,0,,7,10e06442
3000000000200000,000000000000002c,6,1,10c46440,7,10c46442
3000000000200000,000000000000002d,7,1,18c06440,16,10c06446
3000000000200000,0000000000040000,4,0,,2,18e42140
3000000000200000,000000000004003c,8,1,18c46040,6,18c46042
3000000000200000,0000000000140000,5,1,10e46040,6,10e46042
3000000000200000,000000000014003c,9,4,10c46044,15,10c46046
3000000000200000,0000000002000000,4,0,,7,00e46442
3000000000200000,0000000002000001,5,1,08e06440,14,00e06446
3000000000200002,0000000000000000,4,1,10e44440,7,10e44442
3000000000200002,0000000000000001,5,1,18e04440,13,10e04464
3000000002000000,0000000000000008,4,1,10c44640,18,10c44642
3000000002000000,0000000000000009,5,2,10c84640,25,10c04646
3000000002000000,000000000000002c,6,1,10cc4440,8,10cc4442
3000000002000000,000000000000002d,7,1,18c84440,18,10c84446
3000000002000000,0000000000000308,6,0,,8,108c4624
3000000002000000,0000000000000309,7,0,,4,18884644
3000000002000000,000000000000076c,10,0,,8,108c4464
3000000002000000,000000000000076d,11,0,,8,10884564
3000000002000000,0000000040000008,5,0,,8,00cc4642
3000000002000000,0000000040000009,6,1,08c84640,20,00c84646
3000000002000000,000000004000002c,7,0,,15,00cc4446
3000000002000000,000000004000002d,8,1,08ca4440,21,00c84456
3000000002000000,0000000040000308,7,0,,3,088c4644
3000000002000000,0000000040000309,8,1,088a4640,11,00884764
3000000002000000,000000004000076c,11,0,,5,008c4564
3000000002000000,000000004000076d,12,0,,5,08884564
3000000002000000,0000000048000008,6,0,,1,00cc4704
3000000002000000,0000000048000308,8,0,,2,008c4724
3000000002000002,000000000000002c,7,0,,5,10c64444
3000000002000002,000000000000002d,8,1,18c24440,6,18c24442
3000000002200002,000000000000002c,8,3,10c44444,20,10c44446
3000000002200002,000000000000002d,9,0,,14,10c04554
3000000008000000,0000000023000000,6,0,,1,08e66040
3000000010000000,0000000002000000,4,0,,10,00e44642
3000000010000000,0000000002000001,5,1,02e04640,39,00e04646
3000000010000002,0000000002000000,5,1,02e44440,9,02e44442
3000000010000002,0000000002000001,6,4,02e04444,34,02e04446
3000000010001000,0000000002000001,6,0,,1,0ae20640
3000000010001400,0000000002000001,7,0,,1,0ae20602
3000000010200002,0000000002000000,6,0,,10,00e44464
3000000010200002,0000000002000001,7,0,,11,00e04552
3000000020000000,0000000002000000,4,0,,1,0ae42440
3000000020000008,0000000002000001,6,0,,2,0ae02c40
3000000030001002,0000000002000000,7,0,,1,0ae60440
300000003000100a,0000000002000001,9,0,,3,0ae20442
3000000080000000,0000000002000000,4,0,,8,00e46302
3000000080000000,0000000002000001,5,0,,19,00e06306
3000000080000000,0000000022000000,5,0,,20,00e46206
3000000080000000,0000000022000001,6,3,02e06202,27,00e06216
30000000c8000000,0000000023000000,8,0,,1,0ae46040
30000000c8200000,0000000003040000,9,0,,1,08e46140
30000000c8200000,0000000023040000,10,0,,5,08e46042
3000001000000000,0000000042000008,6,0,,3,00c66340
3000001000000000,0000000042000009,7,1,00c26640,13,00c26360
3000001000000000,000000004200002c,8,0,,5,00c66444
3000001000000000,000000004200002d,9,1,08c26440,13,00c26c44
3000001000000000,000000004a000008,7,0,,10,00c66304
3000001000000000,0000000062000008,7,0,,7,00c66242
3000001000000000,0000000062000009,8,1,08c26240,12,00c26264
3000001000000000,000000006a000008,8,0,,10,00c66224
3000001008000000,000000004300003c,11,0,,1,08c66140
3000001008000000,000000006300003c,12,0,,5,08c66044
3000001010000000,0000000042000008,7,0,,1,02c64640
3000001010000000,0000000042000009,8,0,,6,02c24642
3000001010000000,000000004a000008,8,0,,1,0ac64600
3000001010000002,000000004200002c,10,0,,3,02c64444
3000001010000002,000000004200002d,11,1,0ac24440,7,02c24c44
3000001012000000,0000000042000008,8,0,,1,08c64640
3000001012000000,0000000042000009,9,1,08c24640,6,08c24642
3000001012000002,000000004200002c,11,0,,4,08c64444
3000001012000002,000000004200002d,12,0,,6,08c24464
3000003000000000,0000000042000008,7,1,00c46640,8,00c46642
3000003000000000,0000000042000009,8,3,00c06644,28,00c06646
3000003000000000,000000004200002c,9,1,02c46440,7,02c46442
3000003000000000,000000004200002d,10,1,0ac06440,16,02c06446
3000003000000000,000000004a000008,8,0,,17,00c46606
3000003000200000,000000004200002c,10,1,08c46440,15,00c46446
3000003000200000,000000004200002d,11,0,,12,00c06554
3000003010000000,0000000042000008,8,0,,6,02c44642
3000003010000000,0000000042000009,9,0,,14,02c04646
3000003010000002,000000004200002c,11,0,,12,02c44446
3000003010000002,000000004200002d,12,0,,16,02c04456
3000003012000000,0000000042000008,9,0,,6,00c44744
3000003012000000,0000000042000009,10,0,,7,00c04764
3000003012000000,000000004a000008,10,0,,1,00c44724
3000003012200002,000000004200002c,13,0,,7,00c44554
3000003012200002,000000004200002d,14,0,,3,00c04574
3000003080000000,0000000042000008,8,0,,7,00c46342
3000003080000000,0000000042000009,9,0,,8,00c06364
3000003080000000,000000004a000008,9,0,,11,00c46306
3000003080000000,0000000062000008,9,1,08c46240,14,00c46246
3000003080000000,0000000062000009,10,0,,13,00c06256
3000003080000000,000000006a000008,10,0,,3,00c46216
30000030c8000000,000000004300003c,14,0,,1,0ac46140
30000030c8200000,000000004304003c,16,0,,4,08c46144
30000030c8200000,000000006304003c,17,0,,1,08c46844
3000008008000000,0000000023000000,7,0,,1,02e66040
30000080c8000000,0000000003000000,8,0,,1,02e46140
30000080c8000000,0000000023000000,9,0,,5,02e46042
30000080c8200000,0000000003140000,11,0,,5,00e46142
300000b0c8200000,000000004314003c,18,0,,1,00c46164
3000080000000000,0000000000000009,5,0,,4,12c82242
3000080000000000,0000000060000009,7,0,,3,08ca2242
3000100000000000,0000000000000009,5,10,10c86202,143,10c06216
3000100000000000,0000000000000309,7,2,12886202,65,10886216
3000100000000000,0000000048000009,7,2,00c86604,78,00c86306
3000100000000000,0000000048000309,9,1,02886604,71,00886326
3000100000000000,0000000068000009,8,2,02c86202,38,00c86216
3000100000000000,0000000068000309,10,0,,14,00886236
3000100000001400,0000000000000009,7,0,,1,1aca0600
3000100000001400,0000000000000309,9,0,,1,1a8a0602
3000100002000000,0000000000000009,6,0,,6,10c04724
3000100002000000,0000000000000309,8,0,,2,10884724
3000100002000000,0000000048000009,8,0,,3,00c84724
3000100002000000,0000000048000309,10,0,,2,08884724
3000101000000000,000000004a000009,9,1,08c26600,28,00c26324
3000101000000000,000000006a000009,10,0,,14,00c26216
3000101010000000,000000004a000009,10,0,,5,0ac24602
3000103000000000,000000004a000009,10,0,,20,00c06616
3000103010000000,000000004a000009,11,0,,1,02c04724
3000103080000000,000000004a000009,11,0,,5,00c06326
3000103080000000,000000006a000009,12,0,,5,00c06236
3000180000000000,0000000000000009,6,0,,15,12c22206
3000180000000000,0000000000000309,8,0,,3,12882216
3000180000000000,0000000068000009,9,0,,5,02c82216
3000180000000000,0000000068000309,11,0,,2,028a2216
3000800000000000,0000000000000100,4,4,10a46300,76,10a44644
3000800000000000,0000000000000101,5,1,12a06600,59,10a06606
3000800000000000,0000000000000140,5,0,,15,10a66440
3000800000000000,0000000000000141,6,0,,8,12a06442
3000800000000000,0000000000000308,6,5,10846604,116,10846216
3000800000000000,0000000000000309,7,0,,31,10806664
3000800000000000,000000000000076c,10,0,,11,10866444
3000800000000000,000000000000076d,11,0,,10,12806446
3000800000000000,000000000000077c,11,0,,9,12846046
3000800000000002,0000000000000140,6,1,12a44440,10,10a64540
3000800000000002,0000000000000141,7,1,1aa04440,27,12a04446
3000800000000002,000000000000076c,11,0,,16,12844446
3000800000000002,000000000000076d,12,1,1a824440,11,1a804446
3000800000000008,0000000000000141,7,0,,1,1aa22440
3000800000000010,0000000000000101,6,1,12a06202,22,10a06324
3000800000000010,0000000000000309,8,0,,3,12806246
3000800000001000,0000000000000100,5,0,,2,12a40642
3000800000001000,0000000000000101,6,0,,1,1aa20640
3000800000001002,0000000000000140,7,0,,1,1aa60440
300080000000100a,0000000000000141,9,0,,2,1aa20442
3000800000001400,0000000000000100,6,0,,4,12a40606
3000800000001400,0000000000000101,7,0,,3,1aa20602
3000800000200000,0000000000000140,6,0,,6,10a46442
3000800000200000,0000000000000141,7,0,,2,18a06444
3000800000200000,000000000000076c,11,0,,13,10846446
3000800000200002,0000000000000140,7,0,,10,10a44542
3000800000200002,0000000000000141,8,0,,1,18a04544
3000800000400000,0000000000000140,6,0,,1,18a66040
3000800000400000,000000000000077c,12,0,,4,18866044
3000800000400000,0000000000100140,7,0,,1,10a66140
3000800000600000,0000000000040140,8,0,,5,18a46042
3000800000600000,000000000004077c,14,0,,4,18846064
3000800000600000,0000000000140140,9,0,,6,10a46046
3000800000600000,000000000014077c,15,0,,2,10846164
3000800002000000,0000000000000308,7,0,,5,10844724
3000800002000000,0000000000000309,8,0,,5,18824642
3000800002000002,000000000000076c,12,0,,2,18864444
3000800002000002,000000000000076d,13,0,,1,18824544
3000800002200002,000000000000076c,13,0,,8,10844564
3000800100000000,0000000002000100,6,0,,25,00a46606
3000800100000000,0000000002000101,7,1,02a06602,56,00a06646
3000800100000000,0000000002000140,7,0,,8,02a46442
3000800100000000,0000000002000141,8,0,,24,02a06446
3000800100000000,0000000022000100,7,0,,6,02a62206
3000800100000000,0000000022000101,8,0,,17,02a22216
3000800100200000,0000000002000140,8,0,,3,00a46544
3000800100200000,0000000002000141,9,0,,1,08a06544
3000800108000000,0000000023000140,10,0,,1,0aa66040
3000800108400000,0000000003000140,10,0,,1,08a66140
3000800110000000,0000000002000100,7,0,,14,02a44606
3000800110000000,0000000002000101,8,1,08a24640,35,02a04616
3000800110000002,0000000002000140,9,0,,18,02a44446
3000800110000002,0000000002000141,10,1,0aa24440,32,02a04546
3000800110001000,0000000002000100,8,0,,1,0aa60640
3000800110001000,0000000002000101,9,0,,3,0aa20642
3000800110001400,0000000002000100,9,0,,1,0aa60602
3000800110001400,0000000002000101,10,0,,3,0aa20606
3000800110200002,0000000002000140,10,0,,1,08a44544
3000800110200002,0000000002000141,11,0,,1,08a04564
3000800120000000,0000000002000140,8,0,,1,0aa62440
3000800120000008,0000000002000141,10,0,,1,0aa22442
3000800380000000,0000000002000100,8,0,,8,00a46306
3000800380000000,0000000022000100,9,0,,7,00a46216
3000800380000010,0000000002000101,10,0,,7,00a06326
3000800380000010,0000000022000101,11,0,,6,02a06216
30008003c8000000,0000000003000140,12,0,,1,0aa46140
30008003c8000000,0000000023000140,13,0,,1,0aa46042
3000801100000000,0000000042000308,10,0,,5,00866644
3000801100000000,0000000042000309,11,1,08826640,13,02826642
3000801100000000,000000004200076c,14,0,,3,08866444
3000801100000000,000000004200076d,15,0,,7,08826464
3000801100000000,000000004a000308,11,0,,6,02866602
3000801100000000,0000000062000308,11,0,,4,08866244
3000801100000000,0000000062000309,12,0,,4,08826264
3000801110000000,0000000042000308,11,0,,1,0a864640
3000801110000000,0000000042000309,12,1,0a824640,6,0a824642
3000801110000000,000000004a000308,12,0,,2,0a864604
3000801110000002,000000004200076c,16,0,,5,0a864442
3000801110000002,000000004200076d,17,0,,9,0a824446
3000801112000000,0000000042000308,12,0,,2,08864644
3000801112000000,0000000042000309,13,0,,4,08824664
3000801112000002,000000004200076c,17,0,,1,08864544
3000801112000002,000000004200076d,18,0,,1,08824564
3000803100000000,0000000042000308,11,0,,7,00846744
3000803100000000,0000000042000309,12,0,,8,00806764
3000803100000000,000000004200076c,15,0,,5,02846446
3000803100000000,000000004200076d,16,0,,2,0a806446
3000803100000000,000000004a000308,12,0,,8,00846724
3000803100200000,000000004200076c,16,0,,1,08846544
3000803110000000,000000004a000308,13,0,,1,02844724
3000803110000002,000000004200076c,17,0,,1,0a844544
3000803380000000,000000004a000308,14,0,,2,02846306
3000803380000000,000000006a000308,15,0,,1,02846216
30008083c8000000,0000000003000140,13,0,,1,02a46142
3000900000000000,0000000000000309,8,0,,32,10806724
3000900000000010,0000000000000309,9,0,,6,12806216
3000901100000000,000000004a000309,13,0,,8,02826606
3000901100000000,000000006a000309,14,0,,2,02826216
3000901110000000,000000004a000309,14,0,,1,0a824606
3000903100000000,000000004a000309,14,0,,6,02806616
3000903380000010,000000004a000309,17,0,,1,02806326
300c000000000000,0000000000000000,4,4,106c6200,152,026c2442
300c000000000000,0000000000000001,5,3,12682202,131,02682306
300c000000000000,0000000000000008,5,10,104c6204,147,10446216
300c000000000000,0000000000000100,5,3,122c2202,78,022c2606
300c000000000000,0000000000000101,6,4,0a2a2600,92,02282616
300c000000000000,0000000000000140,6,0,,22,022c6442
300c000000000000,0000000000000141,7,0,,14,02286446
300c000000000000,0000000000000308,7,0,,29,100c6216
300c000000000000,000000000000102c,8,0,,4,104c6444
300c000000000000,000000000000176c,12,0,,1,120c6444
300c000000000000,0000000000004001,6,1,18626200,13,18606640
300c000000000000,0000000000040000,5,0,,3,186c2042
300c000000000000,0000000000040140,7,0,,1,182c6044
300c000000000000,0000000000100000,5,0,,1,106e6040
300c000000000000,0000000000140000,6,0,,4,106c6042
300c000000000000,0000000000140140,8,0,,1,102c6046
300c000000000000,0000000002000000,5,0,,5,02646602
300c000000000000,0000000002000001,6,0,,15,02606606
300c000000000000,0000000020000000,5,0,,18,026c2206
300c000000000000,0000000020000001,6,2,02686202,36,02682216
300c000000000000,0000000020000100,6,0,,13,022c2216
300c000000000000,0000000020000101,7,1,02286206,20,02282236
300c000000000000,0000000020000140,7,0,,1,022c6046
300c000000000000,0000000022000000,6,0,,5,02662206
300c000000000000,0000000022000001,7,0,,11,02622216
300c000000000000,00000000d8000008,9,0,,3,024c6604
300c000000000000,00000000d8000308,11,0,,5,020c6606
300c000000000000,00000000f8000008,10,0,,8,024c2216
300c000000000000,00000000f8000308,12,0,,4,020c6216
300c000000000000,0000000100000000,5,0,,6,006c6602
300c000000000000,0000000100000001,6,0,,14,00686606
300c000000000000,0000000100000100,6,0,,1,082e6600
300c000000000000,0000000100000101,7,0,,3,082a6602
300c000000000000,0000000120000000,6,0,,16,006c2216
300c000000000000,0000000120000001,7,1,086a6200,23,00686216
300c000000000000,0000000120000100,7,0,,3,002c6216
300c000000000000,0000000120000101,8,0,,6,002a6216
300c000000000000,0000000302000000,7,0,,1,08666600
300c000000000000,0000000302004001,9,0,,3,08626604
300c000000000000,0000000322000000,8,0,,4,08666202
300c000000000000,0000000322004001,10,0,,5,08622216
300c000000000000,00000005d8000008,11,0,,1,084e6600
300c000000000000,00000005f0000008,11,0,,1,084e6240
300c000000000000,00000005f8000008,12,0,,9,004c6216
300c000000000100,0000000000000001,6,0,,2,12606442
300c000000000108,0000000000000001,7,0,,1,1a622440
300c000000018000,0000000000000000,6,0,,4,026c4444
300c000000018000,0000000000000001,7,0,,12,02684644
300c000000018000,0000000000000100,7,0,,1,122c4640
300c000000018000,0000000000000101,8,0,,2,02284646
300c000000018000,0000000000000140,8,0,,7,022e4444
300c000000018000,0000000000000141,9,0,,6,0a2a4442
300c000000018000,0000000100000001,8,0,,1,086a4640
300c000000018042,0000000000000000,8,0,,3,12644444
300c000000018142,0000000000000001,10,0,,1,1a624440
300c000000019000,0000000000000001,8,0,,3,0a6a0640
300c000000019000,0000000000000100,8,0,,1,0a2e0640
300c000000019000,0000000000000101,9,0,,3,0a2a0642
300c000000019000,0000000000000140,9,0,,1,1a2e0440
300c000000019000,0000000000000141,10,0,,2,1a2a0442
300c00000001a000,0000000000000000,7,0,,1,126c4600
300c00000001a000,0000000000000001,8,0,,7,02684606
300c00000001a000,0000000000000100,8,0,,6,022c4606
300c00000001a000,0000000000000101,9,0,,10,02284616
300c00000001b400,0000000000000000,9,0,,4,0a6e0600
300c00000001b400,0000000000000001,10,0,,3,0a6a0602
300c00000001b400,0000000000000100,10,0,,6,0a2e0602
300c00000001b400,0000000000000101,11,0,,7,022a0616
300c0000000ba000,0000000000002308,13,0,,1,120c4606
300c0000000ba000,00000000d8002308,17,0,,1,0a0e4604
300c000000100000,000000000000102c,9,0,,4,12446444
300c000000200000,0000000000000000,5,0,,2,10646444
300c000000200000,0000000000040000,6,0,,2,18646044
300c000000800100,0000000000004001,8,0,,1,18626440
300c000010018000,0000000002000001,9,0,,1,0a624640
300c000080000000,0000000022000000,7,0,,2,02642216
300c000080000000,0000000022000001,8,0,,2,02606216
300c000400000100,0000000002000001,8,0,,1,0a626440
300c000410018042,0000000002000000,11,0,,1,0a664440
300c000410018142,0000000002000001,13,0,,1,0a624c40
300c000420000000,0000000002000000,7,0,,1,0a662440
300c000420000108,0000000002000001,10,0,,1,0a622c40
300c001000000000,00000000da000008,11,0,,2,0a462e00
300c001000000000,00000000fa000008,12,0,,2,0a466204
300c001000000000,00000007fa000008,15,0,,1,08466a04
300c800000000000,0000000000000100,6,0,,42,12242216
300c800000000000,0000000000000101,7,0,,12,12206606
300c800000000000,0000000000000140,7,0,,6,12246046
300c800000000000,0000000000000308,8,0,,19,12042236
300c800000000010,0000000000000101,8,0,,2,12206216
300c800000000100,0000000000000141,9,0,,1,1a226440
300c800000018000,0000000000000101,9,0,,1,1a224640
300c800000018042,0000000000000140,11,0,,1,1a264440
300c800000018142,0000000000000141,13,0,,2,1a224442
300c80000001a000,0000000000000100,9,0,,2,12244606
300c80000001a000,0000000000000101,10,0,,1,1a224602
300c80000001b400,0000000000000100,11,0,,1,1a260602
300c800100000000,0000000002000100,8,0,,5,02246606
300c800100000000,0000000002000101,9,0,,9,02222616
300c800100000000,0000000022000100,9,0,,4,02262216
300c800100000000,0000000022000101,10,0,,3,02226216
300c800110018000,0000000002000100,11,0,,1,0a264640
300c800380000000,0000000022000100,11,0,,1,02246216
300c800500000000,0000000002000140,10,0,,1,0a266440
300c800500000100,0000000002000141,12,0,,1,0a226442
302c000000000000,000000000000103c,10,0,,6,184e2042
302c000000000000,000000000004103c,11,0,,1,184c6044
302c000000100000,000000000000103c,11,0,,5,18466044
304c000000000000,0000000000000809,8,0,,3,12486640
304c000000000000,0000000000008809,9,0,,3,18486640
304c000000000000,000000000000c809,10,0,,3,18426244
304c000000000000,00000000d0000b09,13,0,,1,0a0a6640
304c000000000000,00000000d000182d,14,0,,1,0a4a6440
304c000000000000,00000000d0001f6d,18,0,,1,0a0a6444
304c000000000000,00000005d0008809,14,0,,1,084a6640
304c000000000000,00000005f0008809,15,0,,2,084a6244
304c000000100100,000000000000182d,13,0,,1,1a426440
304c001000000000,00000000d2000809,13,0,,1,0a426640
304c080000000000,0000000000008809,10,0,,1,184a2a40
304c100000000000,0000000000000809,9,0,,28,12406216
304c100000000000,0000000000000b09,11,0,,12,12086216
304c100000000000,0000000000008809,10,1,184a6200,15,10486216
304c100000000000,0000000000008b09,12,0,,2,180a6604
304c100000000000,000000000000c809,11,1,18426204,9,18426206
304c100000000000,00000000d8000809,13,0,,9,02486606
304c100000000000,00000000d8000b09,15,0,,7,02086616
304c100000000000,00000000f8000809,14,0,,6,02486216
304c100000000000,00000000f8000b09,16,0,,2,020a6216
304c100000000000,00000005d8008809,16,0,,2,084a6604
304c100000000000,00000005f8008809,17,0,,8,004a6216
304c100000000000,00000005f8008b09,19,0,,1,080a6216
304c1000000ba000,0000000000002b09,17,0,,1,1a0a4604
304c1000000ba000,00000000d8002809,19,0,,1,0a4a4604
304c1000000ba000,00000000d8002b09,21,0,,1,0a0a4606
304c101000000000,00000000da000809,15,0,,4,0a422606
304c101000000000,00000000fa000809,16,0,,3,02426216
304c101000000000,00000007fa00c809,21,0,,1,08426216
304c180000000000,0000000000000809,10,0,,11,12422216
304c180000000000,0000000000000b09,12,0,,2,120a2216
304c180000000000,0000000000008809,11,0,,5,184a2206
304c180000000000,000000000000c809,12,0,,1,18422216
304c180000000000,00000000f8000809,15,0,,4,024a2216
304c180000000000,00000000f8000b09,17,0,,1,0a0a2216
304c180000000000,00000005f8008809,18,0,,2,084a2216
304c181000000000,00000000fa000809,17,0,,1,0a422216
304c900000000000,0000000000000b09,12,0,,1,1a026206
304c901100000000,00000000da000b09,19,0,,1,0a026606
304c901100000000,00000000fa000b09,20,0,,1,0a026216
3100000000000000,0000000000000000,3,2,12e46000,45,02ec2102
3100000000000000,000000000000002c,6,1,12c46400,23,12c42406
3100000000000000,000000000000003c,7,2,12c46100,45,12c42016
3100000000000000,0000000000000140,5,5,02ac6100,57,02ac2106
3100000000000000,000000000000076c,10,1,128c6400,17,128c2406
3100000000000000,000000000000077c,11,3,128c6002,24,128c2016
3100000000000000,0000000000030000,5,0,,25,00ec6402
3100000000000000,000000000003002c,8,1,10cc6400,16,10c66404
3100000000000000,000000000003003c,9,2,18c66000,15,18c62804
3100000000000000,0000000000030140,7,1,10ac6400,28,00ac6406
3100000000000000,000000000003076c,12,2,108c6404,16,108c6406
3100000000000000,000000000003077c,13,0,,5,188e6002
3100000000000000,0000000000070000,6,0,,6,08ec6100
3100000000000000,000000000007003c,10,1,18cc6000,6,18cc6002
3100000000000000,0000000000070140,8,0,,7,08ac6102
3100000000000000,000000000007077c,14,0,,7,188c6006
3100000000000000,0000000000130000,6,0,,8,00ee6100
3100000000000000,000000000013003c,10,0,,11,10c66024
3100000000000000,0000000000130140,8,0,,6,00ae6102
3100000000000000,000000000013077c,14,0,,3,108e6006
3100000000000000,0000000000170000,7,2,00ec6100,18,00ec6102
3100000000000000,000000000017003c,11,4,10cc6002,16,10cc2016
3100000000000000,0000000000170140,9,3,10ac6002,17,00ac6106
3100000000000000,000000000017077c,15,1,108c6104,12,108c6016
3100000000000000,0000000002000000,4,0,,8,02e46402
3100000000000000,0000000002030000,6,0,,1,08e66400
3100000000000000,0000000020000000,4,1,02ec6000,13,02ec2006
3100000000000000,0000000020000140,6,1,02ac6002,15,02ac2016
3100000000000000,0000000020030000,6,0,,2,08ee2002
3100000000000000,0000000020030140,8,0,,2,08ae6002
3100000000000000,0000000020070000,7,0,,3,08ec6002
3100000000000000,0000000020130000,7,0,,2,00ee6002
3100000000000000,0000000020130140,9,0,,2,00ae6006
3100000000000000,0000000020170000,8,0,,7,00ec6006
3100000000000000,0000000020170140,10,0,,2,00ac6016
3100000000000000,000000004800002c,8,1,02cc6400,11,02cc2406
3100000000000000,000000004800003c,9,0,,5,02cc6102
3100000000000000,000000004800076c,12,1,028c6404,18,028c6406
3100000000000000,000000004800077c,13,0,,2,028c6106
3100000000000000,000000004803002c,10,0,,16,00cc6406
3100000000000000,000000004803003c,11,0,,1,08ce6100
3100000000000000,000000004803076c,14,0,,11,008c6416
3100000000000000,000000004803077c,15,0,,1,088e6104
3100000000000000,000000004807003c,12,0,,4,08cc6102
3100000000000000,000000004807077c,16,0,,1,088c6124
3100000000000000,000000004813003c,12,0,,1,00ce6104
3100000000000000,000000004813077c,16,0,,1,008e6124
3100000000000000,000000004817003c,13,0,,4,00cc6106
3100000000000000,000000004817077c,17,0,,2,008c6116
3100000000000000,000000006800003c,10,0,,10,02cc6006
3100000000000000,000000006800077c,14,0,,4,028c6016
3100000000000000,000000006803003c,12,0,,4,08ce6002
3100000000000000,000000006803077c,16,0,,1,088e6024
3100000000000000,000000006807003c,13,0,,1,08cc6804
3100000000000000,000000006813003c,13,0,,3,00ce6006
3100000000000000,000000006817003c,14,0,,2,00cc6016
3100000000200000,0000000000030000,6,0,,7,10e46402
3100000000200000,000000000003002c,9,2,10c46404,14,10c46406
3100000000200000,0000000000070000,7,0,,6,18e46002
3100000000200000,000000000007003c,11,0,,7,18c46024
3100000000200000,0000000000170000,8,1,10e46100,11,10e46006
3100000000200000,000000000017003c,12,1,10c46104,13,10c46016
3100000000200000,0000000002030000,7,0,,2,00e46504
3100000008000000,0000000003030000,8,0,,1,08e66100
3100000008000000,0000000023000000,7,0,,1,0ae66000
3100000020000000,0000000002000000,5,0,,2,02e62402
31000000c8000000,0000000003000000,8,0,,1,0ae46100
3100001000000000,000000004a00002c,10,0,,3,02c66404
3100001000000000,000000004a03002c,12,0,,3,08c66404
3100001008000000,000000004b03003c,15,0,,2,08c66104
3100001008000000,000000006b03003c,16,0,,2,08c66024
3100003000000000,000000004a00002c,11,0,,9,02c46406
3100003000200000,000000004a03002c,14,0,,2,00c46524
3100008008000000,0000000003000000,7,0,,1,02e66100
3100008008000000,0000000023000000,8,0,,1,02e66002
31000080c8000000,0000000003000000,9,0,,5,02e46102
31000080c8000000,0000000023000000,10,0,,3,02e46006
31000080c8200000,0000000003170000,14,0,,1,00e46124
310000b0c8000000,000000004b00003c,17,0,,1,02c46124
3100800000000000,0000000000000140,6,3,12a46002,39,12a42016
3100800000000000,000000000000076c,11,2,12846404,24,12846406
3100800000000000,000000000000077c,12,0,,19,12846016
3100800000000000,0000000000030140,8,0,,3,10a66404
3100800000000000,000000000003076c,13,0,,3,10866504
3100800000200000,0000000000030140,9,0,,8,10a46406
3100800000200000,000000000003076c,14,0,,6,10846416
3100800000400000,0000000000030140,9,0,,2,18a66004
3100800000400000,000000000003077c,15,0,,2,18866024
3100800000400000,0000000000130140,10,0,,1,10a66104
3100800000400000,000000000013077c,16,0,,1,10866124
3100800000600000,0000000000070140,11,0,,1,18a46104
3100800000600000,000000000007077c,17,0,,1,18846124
3100800000600000,0000000000170140,12,0,,4,10a46016
3100800000600000,000000000017077c,18,0,,3,10846036
3100800100000000,0000000002000140,8,0,,17,02a46406
3100800100200000,0000000002030140,11,0,,1,00a46524
3100800108000000,0000000003000140,10,0,,1,0aa66100
3100800108000000,0000000023000140,11,0,,1,0aa66002
3100800120000000,0000000002000140,9,0,,1,0aa62402
3100801100000000,000000004a00076c,16,0,,5,02866406
3100803100000000,000000004a00076c,17,0,,4,02846416
3100808108000000,0000000003000140,11,0,,1,02a66102
3100808108000000,0000000023000140,12,0,,1,02a66006
31008083c8000000,0000000003000140,14,0,,3,02a46106
31008083c8000000,0000000023000140,15,0,,1,02a46016
310c000000000000,0000000000000000,5,4,126c2002,88,026c2406
310c000000000000,0000000000000140,7,4,122c2006,62,022c2416
310c000000000000,000000000000102c,9,0,,12,124c2406
310c000000000000,000000000000176c,13,0,,9,120c2416
310c000000000000,0000000000030000,7,2,18666000,29,106c6402
310c000000000000,0000000000030140,9,0,,3,182e6002
310c000000000000,000000000003102c,11,0,,7,104e6404
310c000000000000,0000000000070000,8,0,,9,186c2006
310c000000000000,0000000000070140,10,0,,1,182c6006
310c000000000000,0000000000130000,8,0,,5,106e2006
310c000000000000,0000000000130140,10,0,,1,102e6006
310c000000000000,0000000000170000,9,1,106c6004,9,106c2016
310c000000000000,0000000000170140,11,0,,1,102c6016
310c000000000000,0000000020000000,6,0,,19,026c2016
310c000000000000,0000000020000140,8,0,,9,022c6016
310c000000000000,00000000d800102c,13,0,,4,024c6406
310c000000000000,00000000d800176c,17,0,,2,020e6406
310c000000000000,0000000100030000,8,0,,1,086e6400
310c000000000000,0000000120030000,9,0,,4,086e2012
310c000000000000,0000000120170000,11,0,,1,006c6016
310c000000100000,000000000000102c,10,1,1a462400,12,12446406
310c000000100000,000000000003102c,12,0,,3,18466404
310c000000200000,0000000000070000,9,0,,1,18646804
310c000000200000,0000000000170000,10,0,,1,10646016
310c000400000000,0000000002000000,7,0,,1,0a666400
310c000408000000,0000000023000000,10,0,,1,0a666002
310c000420000000,0000000002000000,8,0,,2,0a662402
310c0084c8000000,0000000023000000,13,0,,1,02646016
310c800000000000,0000000000000140,8,0,,20,12242036
310c800000100000,000000000000176c,15,0,,1,1a066404
310c800500000000,0000000002000140,11,0,,2,0a266402
312c000000000000,000000000000103c,11,1,1a4e2000,21,124c2016
312c000000000000,000000000000177c,15,0,,8,120c2816
312c000000000000,000000000003103c,13,3,184e2004,16,184e2006
312c000000000000,000000000003177c,17,0,,1,180e6804
312c000000000000,000000000007103c,14,0,,2,184c6006
312c000000000000,000000000013103c,14,0,,3,104e6006
312c000000000000,000000000017103c,15,0,,2,104c6016
312c000000000000,00000000f800103c,16,0,,3,024c6016
312c000000000000,00000005f803103c,20,0,,2,084e2016
312c000000100000,000000000000103c,12,1,1a466000,17,12446016
312c000000100000,000000000003103c,14,2,18466004,11,18462016
312c800000100000,000000000000177c,17,0,,1,1a066006
3300000000000000,0000000000000000,4,0,,9,02ec4402
3300000000000000,000000000000002c,7,0,,8,12cc4402
3300000000000000,0000000000000140,6,3,02ac4404,31,02ac4406
3300000000000000,000000000000076c,11,1,128c4404,20,128c4406
3300000000000000,0000000000030000,6,0,,9,00ec4424
3300000000000000,0000000000030140,8,0,,18,00ac4506
3300000000000000,000000004800002c,9,0,,7,02cc4406
3300000000000000,000000004800076c,13,0,,19,028c4416
3300000000000002,0000000000000000,5,1,12e44400,8,12e44402
3300000000000002,000000000000002c,8,0,,15,12c44406
3300000000000002,0000000000030000,7,0,,1,18e64400
3300000000001400,0000000000000000,6,0,,8,0aee0400
3300000000001400,000000000000002c,9,0,,1,1ace0400
3300000000001400,0000000000000140,8,0,,17,0aae0402
3300000000001402,0000000000000000,7,0,,2,12e40d00
3300000000200002,0000000000030000,8,0,,5,10e44424
3300000002000000,000000000003002c,10,0,,10,10cc4406
3300000002000000,000000000003076c,14,0,,7,108c4506
3300000002000000,000000004803002c,12,0,,1,00cc4524
3300000002000000,000000004803076c,16,0,,1,088e4504
3300000002000002,000000000003002c,11,0,,2,18c64404
3300000002200002,000000000003002c,12,0,,3,10c44524
3300000010000002,0000000002000000,7,0,,10,02e44406
3300000010200002,0000000002030000,10,0,,1,00e44524
3300001010000002,000000004a00002c,13,0,,1,0ac64404
3300003010000002,000000004a00002c,14,0,,1,02c44524
3300800000000002,0000000000000140,8,1,12a44500,19,12a44406
3300800000000002,000000000000076c,13,0,,19,12844416
3300800000000002,0000000000030140,10,0,,1,18a64500
3300800000001402,0000000000000140,10,0,,3,1aa60402
3300800000200002,0000000000030140,11,0,,2,10a44524
3300800002000002,000000000003076c,16,0,,1,18864504
3300800110000002,0000000002000140,11,0,,14,02a44416
3300801110000002,000000004a00076c,19,0,,1,0a864504
330c00000001a000,0000000000000000,9,0,,6,0a6e4400
330c00000001a000,0000000000000140,11,0,,10,022c4416
330c00000001a042,0000000000000000,11,0,,1,1a664400
330c00000001b400,0000000000000000,11,0,,2,126c0406
330c00000001b400,0000000000000140,13,0,,5,122c0416
330c0000000ba000,000000000000302c,16,0,,1,124c4406
330c0000000ba000,000000000000376c,20,0,,1,1a0e4404
330c80000001a042,0000000000000140,14,0,,3,1a264402
3800000000000000,0000000000000000,3,1,10e44240,31,10e44242
3800000000000000,0000000000000001,4,1,12e84200,46,10e04360
3800000000000000,0000000000000008,4,0,,22,12c44206
3800000000000000,0000000000000009,5,0,,11,12c84242
3800000000000000,0000000000600001,6,0,,1,08ea4300
3800000000000000,0000000000e00001,7,0,,2,08e84340
3800000000000000,0000000020600001,7,0,,4,08ea4202
3800000000000000,0000000020e00000,7,0,,1,08ec4240
3800000000000000,0000000020e00001,8,0,,7,08e84242
3800000000000000,0000000060600009,9,0,,1,0aca4240
3800000000000000,0000000060e00008,9,0,,1,0acc4240
3800000000000000,0000000800600001,7,0,,2,00ea4340
3800000000000000,0000000800e00000,7,0,,3,00ec4320
3800000000000000,0000000800e00001,8,0,,12,00e84322
3800000000000000,0000000820600001,8,0,,4,00ea4242
3800000000000000,0000000820e00000,8,0,,5,00ec4242
3800000000000000,0000000820e00001,9,0,,12,00e84252
3800000002000000,0000000000000008,5,3,10c44340,38,10c44246
3800000002000000,0000000000000009,6,1,18c24240,16,10c04364
3800000002000000,0000000040600009,9,0,,1,08ca4340
3800000002000000,0000000040e00008,9,0,,1,08cc4340
3800000002000000,0000000040e00009,10,0,,1,08c84360
3800000002000000,0000000060600008,9,0,,1,08ce4240
3800000002000000,0000000060600009,10,0,,5,08ca4242
3800000002000000,0000000840e00009,11,0,,1,00c84364
3800000002000000,0000000848e00008,11,0,,1,00cc4324
3800000010000000,0000000002600001,8,0,,1,08e24340
3800000010000000,0000000022600000,8,0,,1,08e64240
3800000010000000,0000000022600001,9,0,,7,08e24242
3800000010000000,0000000822600001,10,0,,1,02e24242
3800000090000000,0000000002e00000,9,0,,1,08e44340
3800000090000000,0000000002e00001,10,0,,2,08e04360
3800000090000000,0000000022e00000,10,0,,1,0ae44240
3800000090000000,0000000022e00001,11,0,,2,0ae04242
3800000090000000,0000000802e00000,10,0,,2,00e44324
3800000090000000,0000000802e00001,11,0,,3,02e04324
3800000090000000,0000000822e00000,11,0,,1,02e44242
3800000090000000,0000000822e00001,12,0,,2,02e04216
3800001010000000,0000000042600009,11,0,,1,0ac24340
3800001010000000,0000000062600008,11,0,,1,0ac64240
3800001010000000,0000000062600009,12,0,,3,0ac24242
3800001012000000,0000000042600008,11,0,,1,08c64340
3800001012000000,0000000042600009,12,0,,2,08c24350
3800001012000000,0000000062600008,12,0,,1,08c64244
3800010000001800,0000000000000000,6,0,,1,12ec0240
3800010000001800,0000000000000001,7,0,,1,12e80242
3800010000001800,0000000020600001,10,0,,1,0aea0240
3800010000001c00,0000000000000000,7,0,,1,12ec0202
3800010000001c00,0000000000000001,8,0,,2,12e80206
3800100000000000,0000000000000009,6,0,,4,12c84206
3800100000000000,0000000848e00009,12,0,,1,02c84324
3800100002000000,0000000000000009,7,0,,3,10c84324
3800600000000000,0000000000000180,7,0,,17,10ac4242
3800600000000000,0000000000000181,8,1,12a84202,26,10a84324
3800600000000000,0000000000600181,10,0,,2,08aa4340
3800600000000000,0000000000e00180,10,0,,1,08ac4340
3800600000000000,0000000000e00181,11,0,,4,08a84360
3800600000000000,0000000020600180,10,0,,2,08ae4240
3800600000000000,0000000020600181,11,0,,11,08aa4212
3800600000000000,0000000020e00180,11,0,,1,0aac4240
3800600000000000,0000000020e00181,12,0,,5,0aa84206
3800600000000000,0000000800600181,11,0,,2,00aa4324
3800600000000000,0000000800e00180,11,0,,5,00ac4324
3800600000000000,0000000800e00181,12,0,,7,00a84326
3800600000000000,0000000820600181,12,0,,3,02aa4206
3800600000000000,0000000820e00180,12,0,,2,02ac4206
3800600000000000,0000000820e00181,13,0,,4,02a84216
3800610000001800,0000000000000180,10,0,,1,12ac0242
3800610000001800,0000000000000181,11,0,,1,1aaa0240
3800610000001800,0000000020600181,14,0,,1,0aaa0242
3800610000001c00,0000000000000180,11,0,,2,12ac0206
3800610000001c00,0000000000000181,12,0,,1,1aaa0202
3800610000001c00,0000000020600181,15,0,,1,0aaa0206
3800e00000000000,0000000000000180,8,0,,12,12a44206
3800e00000000000,0000000000000181,9,0,,4,18a24242
3800e00000000010,0000000000000181,10,0,,5,12a04306
3800e00110000000,0000000002600180,13,0,,1,08a64340
3800e00110000000,0000000002600181,14,0,,3,08a24342
3800e00110000000,0000000022600180,14,0,,1,0aa64240
3800e00110000000,0000000022600181,15,0,,5,08a24252
3800e00390000010,0000000802e00181,19,0,,1,02a04326
3801600000000000,0000000000000388,10,0,,7,128c4206
3801600000000000,0000000000000389,11,0,,1,1a8a4240
3801600000000000,0000000040600389,14,0,,1,0a8a4340
3801600000000000,0000000060600388,14,0,,1,0a8e4240
3801600000000000,0000000060600389,15,0,,2,0a8a4242
3801600002000000,0000000000000388,11,0,,5,108c4324
3801600002000000,0000000000000389,12,0,,3,188a4244
3801600002000000,0000000040600388,14,0,,1,088e4340
3801600002000000,0000000040600389,15,0,,1,088a4360
3801600002000000,0000000060600388,15,0,,1,088e4244
3801600002000000,0000000060600389,16,0,,1,088a4264
3801700000000000,0000000848e00389,18,0,,1,02884326
3801700002000000,0000000048600389,17,0,,1,088a4324
3801e00000000000,0000000000000388,11,0,,2,12844306
3801e00000000000,0000000000000389,12,0,,2,1a824242
3801e00002000000,0000000000000388,12,0,,2,18864244
380e00000001e000,0000000000000000,10,0,,3,126c4202
380e00000001e000,0000000000000001,11,0,,2,12684206
380e00000001e000,0000000820e00001,16,0,,1,02684216
380e00000001e020,0000000000000000,11,0,,1,12644206
380e01000001fc00,0000000000000000,14,0,,1,126c0206
380e60000001e000,0000000000000180,14,0,,2,122c4206
380e60000001e000,0000000000000181,15,0,,3,12284216
380e60000001e000,0000000020600181,18,0,,2,0a2a4206
380e60000001e000,0000000120600181,19,0,,1,082a4216
380e60000001e000,0000000820600181,19,0,,1,022a4216
380e61000001fc00,0000000000000180,18,0,,1,122c0216
380e61000001fc00,0000000020600181,22,0,,1,0a2a0216
3c80060000000000,0000000000000000,7,0,,1,12ec4040
3c80060000000000,000000000000003c,11,1,12cc4040,8,12cc4042
3c80060000000000,0000000000040000,8,0,,1,18ec4040
3c80060000000000,0000000000100000,8,0,,1,10ee4040
3c80060000000000,0000000000140000,9,1,10ec4040,6,10ec4042
3c80060000000000,0000000000e40000,11,0,,1,08ec4140
3c80060000000000,0000000020600000,10,0,,1,08ee4040
3c80060000000000,0000000020e00000,11,0,,1,0aec4040
3c80060000000000,0000000020e40000,12,0,,5,08ec4042
3c80060000000000,000000006060003c,15,0,,1,0ace4040
3c80060000000000,0000000800e00000,11,0,,1,02ec4140
3c80060000000000,0000000800f40000,13,0,,3,00ec4144
3c80060000000000,0000000820600000,11,0,,1,02ee4040
3c80060000000000,0000000820e00000,12,0,,5,02ec4042
3c80060000000000,0000000820f40000,14,0,,1,00ec4064
3c80060000000006,0000000000000000,9,1,12e44040,9,12e44042
3c80060000000006,000000000000003c,13,1,12c44140,19,12c44046
3c80060000000006,0000000000100000,10,0,,2,10e64044
3c80060000200006,0000000000040000,11,1,18e44040,6,18e44042
3c80060000200006,0000000000140000,12,1,10e44140,10,10e44046
3c80060002000000,000000000000003c,12,0,,1,18ce4040
3c80060002000000,000000000004003c,13,1,18cc4040,6,18cc4042
3c80060002000000,000000000010003c,13,0,,2,10ce4044
3c80060002000000,000000000014003c,14,1,10cc4140,10,10cc4046
3c80060002000000,000000004060003c,15,0,,1,08ce4140
3c80060002000000,000000006060003c,16,0,,1,08ce4044
3c80060002000000,0000000840f4003c,19,0,,1,00cc4164
3c80060002000006,000000000000003c,14,1,18c64040,6,18c64042
3c80060002000006,000000000010003c,15,0,,1,10c64144
3c80060002200006,000000000004003c,16,1,18c44140,8,18c44054
3c80060002200006,000000000014003c,17,0,,7,10c44152
3c80060018000006,0000000003600000,15,0,,1,08e64140
3c80060018000006,0000000023600000,16,0,,1,0ae64040
3c800600d8000006,0000000003e00000,18,0,,1,0ae44140
3c800680d8000006,0000000803e00000,20,0,,2,02e44142
3c800680d8200006,0000000803f40000,23,0,,1,00e44164
3c80070000001800,0000000000000000,10,0,,4,12ec0042
3c80660000000000,00000000000001c0,12,1,12ac4040,9,12ac4042
3c80660000000000,00000000000401c0,13,0,,5,18ac4042
3c80660000000000,00000000001001c0,13,0,,1,10ae4140
3c80660000000000,00000000001401c0,14,0,,5,10ac4064
3c80660000000000,00000000006001c0,14,0,,1,08ae4140
3c80660000000000,0000000000e001c0,15,0,,1,0aac4140
3c80660000000000,0000000000e401c0,16,0,,1,08ac4144
3c80660000000000,00000000206001c0,15,0,,2,08ae4044
3c80660000000000,0000000020e001c0,16,0,,3,0aac4042
3c80660000000000,0000000800e001c0,16,0,,2,02ac4142
3c80e60000000006,00000000000001c0,15,0,,12,12a44046
3c80e60000400006,00000000000001c0,16,0,,2,18a64044
3c80e60000600006,00000000000401c0,18,0,,4,18a44142
3c80e60000600006,00000000001401c0,19,0,,1,10a44164
3c80e60118000006,00000000036001c0,22,0,,1,0aa64140
3c81660000000000,00000000000007fc,19,0,,7,128c4046
3c81660002000000,00000000000007fc,20,0,,2,188e4044
3c81660002000000,00000000000407fc,21,0,,2,188c4144
3c81660002000000,00000000001407fc,22,0,,1,108c4164
3c81e60000000006,00000000000007fc,22,0,,1,1a864140
3c81e60002400006,00000000000007fc,24,0,,1,18864144
3c8e06000001c000,0000000000000000,13,0,,3,126c4042
3c8e66000001c000,00000000000001c0,18,0,,2,122c4046
3f80060000000000,0000000000000000,9,1,12ec4000,8,12ec4002
3f80060000000000,000000000000003c,13,0,,16,12cc4006
3f80060000000000,0000000000030000,11,0,,1,18ee4000
3f80060000000000,0000000000070000,12,0,,2,18ec4004
3f80060000000000,0000000000130000,12,0,,2,10ee4004
3f80060000000000,0000000000170000,13,1,10ec4100,8,10ec4006
3f80060000000000,0000000000e00000,12,0,,1,0aec4100
3f80060000000000,0000000020600000,12,0,,1,0aee4000
3f80060000000000,0000000800600000,12,0,,1,02ee4100
3f80060000000000,0000000800e00000,13,0,,5,02ec4102
3f80060000000000,0000000800f70000,17,0,,1,00ec4124
3f80060000000000,0000000820e00000,14,0,,3,02ec4006
3f80060000000006,0000000000000000,11,1,12e44100,16,12e44006
3f80060000000006,000000000000003c,15,0,,7,12c44016
3f80060000000006,0000000000030000,13,0,,1,18e64100
3f80060000200006,0000000000170000,16,0,,2,10e44124
3f80060002000000,000000000003003c,16,0,,2,18ce4004
3f80060002000000,000000000007003c,17,0,,2,18cc4104
3f80060002000000,000000000017003c,18,0,,2,10cc4124
3f80060002200006,000000000017003c,21,0,,1,10c44924
3f800680d8000006,0000000803e00000,22,0,,1,02e44124
3f80070000001c00,0000000000000000,13,0,,4,12ec0006
3f80660000000000,00000000000001c0,14,2,12ac4002,21,12ac4006
3f80660000000000,00000000000301c0,16,0,,2,18ae4004
3f80660000000000,00000000000701c0,17,0,,2,18ac4104
3f80660000000000,00000000001301c0,17,0,,1,10ae4104
3f80660000000000,00000000001701c0,18,0,,3,10ac4106
3f80660000000000,00000000006001c0,16,0,,1,0aae4100
3f80660000000000,0000000000e001c0,17,0,,2,0aac4102
3f80660000000000,00000000206001c0,17,0,,2,0aae4002
3f80660000000000,00000008006001c0,17,0,,2,02ae4102
3f80660000000000,0000000800e001c0,18,0,,5,02ac4106
3f80660000000000,0000000820e001c0,19,0,,2,02ac4016
3f80670000001c00,00000000000001c0,18,0,,3,12ac0016
3f80e60000000006,00000000000001c0,17,0,,15,12a44016
3f81660000000000,00000000000007fc,21,0,,12,128c4016
3f81660002000000,00000000000307fc,24,0,,1,188e4104
3f81660002000000,00000000000707fc,25,0,,1,188c4124
3f81660002000000,00000000001707fc,26,0,,1,108c4924
3f81e60000000006,00000000000007fc,24,0,,3,12844116
3f8e06000001e000,0000000000000000,16,0,,6,126c4006
3f8e06000001e000,0000000000030000,18,0,,1,186e4004
3f8e06000001e066,0000000000000000,20,0,,1,12644016
3f8e07000001fc00,0000000000000000,20,0,,1,126c0016
3f8e66000001e000,00000000000001c0,21,0,,6,122c4016
3f8e67000001fc00,00000000000001c0,25,0,,2,122c0816
3fae0600000fe000,000000000000303c,26,0,,1,124c4016
4000000000000000,0000000000000000,1,250,0202e481,2079,0200e487
4000000000000000,0000000000020000,2,20,008064a5,554,000ae485
4000000000000000,0000000000030000,3,125,008065a4,1318,000a6496
4000000000000008,0000000000000000,2,9,12822482,112,12802487
4000000000000008,0000000000020000,3,0,,9,10c12c81
4000000000000008,0000000000030000,4,1,18c22480,21,10c32c80
4000000000000100,0000000000000000,2,2,12206482,36,12206483
4000000000000108,0000000000000000,3,3,12222482,59,12202487
4000000000100100,0000000000000000,3,2,12426480,39,12006c85
4000000000100108,0000000000000000,4,1,1a422480,34,12022c83
4000000000800000,0000000000020000,3,0,,12,1040ec81
4000000000800000,0000000000030000,4,0,,17,1041ec80
4000000000800100,0000000000020000,4,0,,3,10616481
4000000000800100,0000000000030000,5,0,,6,10636480
4000000000800108,0000000000020000,5,0,,1,18622481
4000000000800108,0000000000030000,6,1,18622480,8,18612c80
4000000000900100,0000000000020000,5,0,,5,10416c81
4000000000900100,0000000000030000,6,1,18426480,8,18416c80
4000000000900108,0000000000020000,6,0,,4,18412c81
4000000000900108,0000000000030000,7,1,18422c80,9,18422c82
4000000020000008,0000000000000000,3,20,02a02483,176,02822487
4000000020000008,0000000000020000,4,0,,18,00c32c81
4000000020000008,0000000000030000,5,2,08c22c80,27,00e22582
4000000400000100,0000000000000000,3,4,02226481,78,02206487
4000000400100100,0000000000000000,4,1,0a426480,49,02026487
4000000420000108,0000000000000000,5,10,02222483,84,02212c83
4000000420100108,0000000000000000,6,3,0a422481,36,02422496
4000004000800000,0000000000020000,4,0,,17,0040ec85
4000004000800000,0000000000030000,5,0,,13,0063e480
4000004400800100,0000000000020000,6,0,,3,00636481
4000004400800100,0000000000030000,7,1,08626480,8,08616c80
4000004400900100,0000000000020000,7,0,,6,00436c81
4000004400900100,0000000000030000,8,0,,8,08426494
4000004420800108,0000000000020000,8,0,,5,00632c81
4000004420800108,0000000000030000,9,0,,10,08622492
4000004420900108,0000000000020000,9,0,,3,08422c85
4000004420900108,0000000000030000,10,0,,3,08432c82
4100000000000000,0000000000000000,2,14,0268a402,338,0260e501
4100000000000000,0000000000000040,3,12,02a0e401,246,0221e501
4100000000000000,0000000000000140,4,1,02a96400,39,02296403
4100000000000000,0000000000000440,4,9,0280e501,168,0280e407
4100000000000000,0000000000001000,3,0,,61,0241e501
4100000000000000,0000000000001440,5,0,,7,0208e407
4100000000000000,0000000000020000,3,0,,31,00c0e505
4100000000000000,0000000000020040,4,0,,12,00a0e505
4100000000000000,0000000000020140,5,0,,1,00a96405
4100000000000000,0000000000020440,5,0,,20,0080e525
4100000000000000,0000000000030000,4,1,00e8e400,126,00c0e524
4100000000000000,0000000000030040,5,0,,33,00a0e524
4100000000000000,0000000000030140,6,0,,11,00a96406
4100000000000000,0000000000030440,6,0,,34,0081e524
4100000000000000,0000000100030000,5,0,,1,086ae400
4100000000000008,0000000000000000,3,0,,5,12e12401
4100000000000100,0000000000000000,3,0,,2,12616402
4100000000000108,0000000000000000,4,0,,2,12632402
4100000000200000,0000000000030000,5,0,,6,00e16424
4100000000800100,0000000000034000,7,0,,1,18636400
4100000020000008,0000000000000000,4,0,,2,02e32402
4100000400000100,0000000000000000,4,0,,1,0a636400
4100000420000108,0000000000000000,6,0,,3,0a632401
4100100000000000,0000000000000024,5,0,,11,12c16401
4100100000000000,0000000000000764,9,0,,8,12896401
4100100000000000,0000000000020024,6,0,,1,10c96401
4100100000000000,0000000000030024,7,0,,8,10c96402
4100100000000000,0000000048000024,7,1,02c96400,10,02c96401
4100100000000000,0000000048000764,11,0,,12,02896403
4100100000000000,0000000048020024,8,0,,4,00c96403
4100100000000000,0000000048030024,9,0,,10,00c96406
4100100000000000,0000000048030764,13,0,,2,00896524
4100100000000008,0000000000000024,6,0,,1,1ac32400
4100100000200000,0000000000030024,8,0,,3,10c16504
4100101000000000,0000000048000024,8,0,,2,02c36404
4100101000000000,0000000048030024,10,0,,3,08c36404
4100103000000000,0000000048000024,9,0,,7,02c16405
4100103000200000,0000000048030024,12,0,,1,00c16524
4100800000000000,0000000000000140,5,0,,11,02a16403
4100800000000008,0000000000000140,6,0,,1,1aa32400
4100800000000100,0000000000000140,6,0,,1,1a236400
4100800100000000,0000000000000140,6,0,,12,02a16406
4100800120000008,0000000000000140,8,0,,1,0aa32402
4100800500000100,0000000000000140,8,0,,1,0a236402
4100900000000000,0000000000000764,10,0,,2,12816406
4100901100000000,0000000048000764,14,0,,1,0a836404
4140100000000000,0000000000001824,8,0,,1,1a4b2400
4140100000000000,0000000000039824,11,0,,1,184b6400
4140100000000000,00000000d8001824,12,0,,2,0a4b2c00
4140100000000000,00000000d8001f64,16,0,,1,0a0b6404
4140100000100100,0000000000001824,10,0,,1,1a436400
4140100000100108,0000000000001824,11,0,,1,1a432c00
4200000000000000,0000000000000000,2,168,02288483,2342,0208c487
4200000000000000,0000000000020000,3,7,008844a5,437,0068cc81
4200000000000000,0000000000030000,4,29,0080c5a4,785,0080c4b6
4200000000000008,0000000000000000,3,1,1aa20480,67,12a00583
4200000000000140,0000000000000000,4,0,,15,12224483
4200000000000148,0000000000000000,5,0,,12,12610c81
4200000000100140,0000000000000000,5,0,,6,1a024c81
4200000000100148,0000000000000000,6,0,,2,1a420c81
4200000020000008,0000000000000000,4,1,0aa20482,47,02a20583
4200000400000140,0000000000000000,5,0,,25,02614c81
4200000400100140,0000000000000000,6,0,,4,0a034c81
4200000420000148,0000000000000000,7,0,,9,02630c81
4200000420100148,0000000000000000,8,0,,1,0a430c81
4300000000000000,0000000000000000,3,22,02c0c501,244,02c0c407
4300000000000000,0000000000000040,4,24,02a0c501,188,02a0c407
4300000000000000,0000000000000140,5,3,02a94404,41,02a94403
4300000000000000,0000000000000440,5,17,0280c524,250,0280c507
4300000000000000,0000000000020000,4,0,,43,00c0c525
4300000000000000,0000000000020040,5,0,,30,00a0c525
4300000000000000,0000000000020140,6,0,,2,00a94425
4300000000000000,0000000000020440,6,0,,21,0080c527
4300000000000000,0000000000030000,5,0,,98,00c0c526
4300000000000000,0000000000030040,6,0,,52,00a1c524
4300000000000000,0000000000030140,7,0,,8,00a94524
4300000000000000,0000000000030440,7,0,,17,0088c526
4300000000000002,0000000000000000,4,0,,8,12e14402
4300000000000002,0000000000030000,6,0,,1,18e34400
4300000000000400,0000000000000000,4,7,02e88401,152,02c88c03
4300000000000400,0000000000000040,5,8,02a88403,128,02a28503
4300000000000400,0000000000000440,6,0,,11,0a8a8403
4300000000000400,0000000000020000,5,0,,1,10e98401
4300000000001400,0000000000000000,5,0,,19,02e90403
4300000000001400,0000000000000140,7,0,,12,0aab0401
430000000000140a,0000000000000000,7,0,,2,12e30402
4300000000002000,0000000000000000,4,0,,56,0260cd01
4300000000002000,0000000000000040,5,1,0a2ac400,79,0228c407
4300000000002400,0000000000000000,5,0,,60,02638c01
4300000000002400,0000000000000040,6,0,,35,022b8403
4300000000012000,0000000000000000,5,0,,1,12694401
4300000000012000,0000000000000140,7,0,,1,0a2b4401
4300000000013400,0000000000000000,7,0,,1,0a6b0401
4300000000013400,0000000000000140,9,0,,3,0a2b0403
430000000001a000,0000000000000000,6,0,,8,02694c04
430000000001a000,0000000000000140,8,0,,6,0a2b4402
430000000001a142,0000000000000000,9,0,,1,1a634400
430000000001b400,0000000000000000,8,0,,4,0a6b0402
430000000001b400,0000000000000140,10,0,,4,0a2b0406
4300000000022000,0000000000001000,6,0,,6,0248cc05
4300000000022000,0000000000001440,8,0,,2,0a0ac405
4300000000022000,0000000000003000,7,0,,8,0a4ac404
4300000000022000,0000000000003440,9,0,,3,0a0acc04
4300000000022400,0000000000001000,7,0,,1,12498c01
4300000000022400,0000000000003000,8,0,,1,1a4a8c00
4300000010000002,0000000000000000,5,0,,18,02e14406
4300000010000002,0000000000030000,7,0,,1,08e34500
4300000010200002,0000000000030000,8,0,,1,00e14524
4300000020001408,0000000000000000,7,0,,1,0ae30401
430000003000140a,0000000000000000,9,0,,2,0ae30402
4300000400012140,0000000000000000,8,0,,1,0a634401
430000041001a142,0000000000000000,11,0,,1,0a634c00
4300100000000000,0000000000000024,6,0,,8,12c94401
4300100000000000,0000000000000764,10,0,,9,12894405
4300100000000000,0000000048000024,8,0,,10,02c94405
4300100000000000,0000000048000764,12,0,,22,02894407
4300100000000002,0000000000000024,7,0,,5,12c14406
4300100000001400,0000000000000024,8,0,,1,1acb0400
4300100002000000,0000000000030024,9,0,,1,18cb4400
4300100002000000,0000000048030024,11,0,,2,00c94524
4300101000000000,0000000048000024,9,0,,1,0ac34401
4300101010000002,0000000048000024,11,0,,3,0ac34404
4300103010000002,0000000048000024,12,0,,1,02c14524
4300800000000000,0000000000000140,6,0,,4,02a14425
4300800000000002,0000000000000140,7,0,,14,12a14406
4300800000001408,0000000000000140,9,0,,1,1aa30401
430080000000140a,0000000000000140,10,0,,1,1aa30402
4300800000012140,0000000000000140,10,0,,1,1a234401
430080000001a142,0000000000000140,12,0,,1,1a234402
4300800110000002,0000000000000140,9,1,0aa34400,13,02a14506
4300900000000000,0000000000000764,11,0,,1,1a834401
4300900000000002,0000000000000764,12,0,,3,1a834402
6100000000000000,0000000000000001,4,0,,8,02e82403
6100000000000000,0000000000000141,6,0,,15,02a82407
6100000000000000,0000000000020001,5,0,,5,00e86403
6100000000000000,0000000000020141,7,0,,7,00a86407
6100000000000000,0000000002000001,5,0,,5,02e06403
6100000000000008,0000000000000001,5,0,,1,12e02403
6100000020000008,0000000002000001,7,0,,1,0ae22401
6100100000000000,000000000000002d,8,0,,5,12c06403
6100100000000000,000000000000076d,12,0,,3,12886403
6100100000000000,000000000002002d,9,0,,3,10c86405
6100100000000000,000000004800002d,10,0,,6,02c86403
6100100000000000,000000004800076d,14,0,,7,02886407
6100100000000000,000000004802002d,11,0,,4,00c86407
6100100000000000,000000004802076d,15,0,,3,00886525
6100101000000000,000000004a00002d,12,0,,1,0ac26401
6100103000000000,000000004a00002d,13,0,,1,02c06c05
6100800000000000,0000000000000141,7,0,,3,12a06403
6100800000000000,0000000002000141,8,0,,5,02a06407
6100800020000008,0000000002000141,10,0,,1,0aa22403
6100900000000000,000000000000076d,13,0,,1,1a826401
6100901000000000,000000004a00076d,17,0,,1,0a826405
6108000000000000,0000000000000001,5,0,,10,02682407
6108000000000000,0000000000000141,7,0,,12,02286407
6108000000000108,0000000000000001,7,0,,1,1a622401
6108000400000100,0000000002000001,8,0,,1,0a626401
6108000420000108,0000000002000001,10,0,,1,0a622c01
6300000000000000,0000000000000001,5,0,,13,02e84403
6300000000000000,0000000000000141,7,1,02a84405,29,02a84407
6300000000000000,0000000000020001,6,0,,2,00e84425
6300000000000000,0000000000020141,8,0,,3,00a84525
6300000000000000,0000000002000001,6,0,,2,02e04c05
6300000000001400,0000000000000001,7,0,,5,02ea0403
6300000000001400,0000000000000141,9,0,,9,0aaa0403
6300100000000000,000000000000002d,9,0,,5,12c84403
6300100000000000,000000000000076d,13,0,,7,12884407
6300100000000000,000000004800002d,11,0,,6,02c84407
6300100000000000,000000004800076d,15,0,,13,02884417
6300100002000000,000000004802002d,13,0,,2,00c84525
6300100002000000,000000004802076d,17,0,,1,00884d25
6300800000000000,0000000000000141,8,0,,5,12a04407
6300800000000000,0000000002000141,9,0,,7,02a04525
6300800000001408,0000000000000141,11,0,,1,1aa20403
6308000000012000,0000000000000001,8,0,,1,0a6a4401
6308000000012000,0000000000000141,10,0,,4,0a2a4403
6308000000013400,0000000000000001,10,0,,2,0a6a0c01
6308000000013400,0000000000000141,12,0,,2,1a2a0403
7100000000000000,0000000000000001,5,2,02e82402,38,02e82406
7100000000000000,0000000000000141,7,6,02a86402,55,02a82416
7100000000000000,0000000000030001,7,0,,31,00e86406
7100000000000000,0000000000030141,9,0,,22,00a86416
7100000000000000,0000000002000001,6,0,,20,02e06406
7100000000000000,0000000002030001,8,0,,3,08e26404
7100000000000008,0000000000000001,6,0,,6,12e02502
7100000000200000,0000000000030001,8,0,,2,10e06504
7100000000200000,0000000002030001,9,0,,1,00e06524
7100000020000008,0000000002000001,8,0,,4,02e22406
7100100000000000,000000000000002d,9,1,12c86400,30,12c06406
7100100000000000,000000000000076d,13,1,12886404,19,12886406
7100100000000000,000000000003002d,11,0,,16,10c86406
7100100000000000,000000000003076d,15,0,,2,10886524
7100100000000000,000000004800002d,11,1,02c86404,25,02c86406
7100100000000000,000000004800076d,15,1,02886406,22,02886416
7100100000000000,000000004803002d,13,0,,20,00c86416
7100100000000000,000000004803076d,17,0,,6,00886526
7100100000000008,000000000000002d,10,0,,2,1ac22402
7100100000200000,000000000003002d,12,0,,1,10c06524
7100101000000000,000000004a00002d,13,0,,7,02c26406
7100101000000000,000000004a03002d,15,0,,2,08c26424
7100103000000000,000000004a00002d,14,0,,3,02c06416
7100800000000000,0000000000000141,8,0,,17,12a06406
7100800000000008,0000000000000141,9,0,,1,1aa22402
7100800100000000,0000000002000141,10,0,,20,02a06416
7100800120000008,0000000002000141,12,0,,2,0aa22406
7100900000000000,000000000000076d,14,0,,11,12806416
7100901100000000,000000004a00076d,19,0,,4,0a826406
710c000000000000,0000000000000001,7,0,,37,02682416
710c000000000000,0000000000000141,9,0,,33,02286416
710c000000000000,0000000000030001,9,0,,3,186a2402
710c000000000000,0000000100030001,10,0,,3,086a6402
710c000000000100,0000000000000001,8,0,,2,12626402
710c000000000108,0000000000000001,9,0,,3,1a622402
710c000400000100,0000000002000001,10,0,,4,02626406
710c000420000108,0000000002000001,12,0,,2,0a622406
710c800000000100,0000000000000141,11,0,,1,1a226402
710c800500000100,0000000002000141,14,0,,1,0a226406
714c100000000000,000000000000182d,14,0,,5,12486406
714c100000000000,0000000000001f6d,18,0,,2,120a6406
714c100000000000,000000000003982d,17,0,,1,184a6404
714c100000000000,00000000d800182d,18,0,,5,024a6406
714c100000000000,00000000d8001f6d,22,0,,3,020a6416
714c100000100100,000000000000182d,16,0,,3,1a426402
7300000000000000,0000000000000001,6,4,02e84402,34,02e84406
7300000000000000,0000000000000141,8,11,02a84406,69,02a84416
7300000000000000,0000000000030001,8,0,,10,00e84524
7300000000000000,0000000000030141,10,0,,14,00a84526
7300000000000002,0000000000000001,7,0,,19,12e04406
7300000000001400,0000000000000001,8,0,,15,0aea0402
7300000000001400,0000000000000141,10,2,0aaa0402,23,02aa0416
730000000000140a,0000000000000001,10,0,,2,1ae20402
7300000010000002,0000000002000001,9,0,,14,02e04416
7300100000000000,000000000000002d,10,0,,16,12c84406
7300100000000000,000000000000076d,14,0,,20,12884416
7300100000000000,000000004800002d,12,0,,19,02c84416
7300100000000000,000000004800076d,16,1,0a8a4404,25,02884436
7300100000000002,000000000000002d,11,0,,6,12c04524
7300100002000000,000000000003002d,13,0,,2,10c84524
7300100002000000,000000004803076d,19,0,,1,088a4524
7300101010000002,000000004a00002d,16,0,,1,0ac24c04
7300800000000002,0000000000000141,10,1,1aa24400,23,12a04416
730080000000140a,0000000000000141,13,0,,2,1aa20502
7300800110000002,0000000002000141,13,0,,18,02a04526
7300800110000002,0000000002030141,15,0,,1,08a24524
7300900000000002,000000000000076d,16,0,,4,1a824406
7300901110000002,000000004a00076d,22,0,,1,0a824524
730c00000001a000,0000000000000001,11,0,,10,02684416
730c00000001a000,0000000000000141,13,1,0a2a4404,14,022a4416
730c00000001a142,0000000000000001,14,0,,2,1a624402
730c00000001b400,0000000000000001,13,0,,2,1a6a0402
730c00000001b400,0000000000000141,15,0,,4,0a2a0416
734c1000000ba000,00000000d8003f6d,29,0,,1,0a0a4416
8000000000000000,0000000000000000,1,1,086a20c0,48,082a20c3
8000000000000000,0000000000000002,2,0,,27,0a2820c3
8000000000000000,0000000000000010,2,1,088a60c0,44,080a60c5
8000000000000000,0000000000000012,3,0,,16,0a80e0c1
8000000000000000,0000000000000034,4,0,,1,18c36040
8000000000000000,0000000000000036,5,0,,1,1ac16040
8000000000000000,0000000000000042,3,0,,2,1aa0e040
8000000000000000,0000000000000450,4,0,,4,088ae140
8000000000000000,0000000000000452,5,0,,10,0a80e141
8000000000000000,0000000000040002,3,0,,34,086828c1
8000000000000000,0000000000040012,4,3,08c860c0,62,084868c1
8000000000000000,0000000000040036,6,0,,1,18c96040
8000000000000000,0000000000040042,4,0,,3,08a8e140
8000000000000000,0000000000040142,5,0,,2,08a96140
8000000000000000,0000000000040452,6,0,,5,1880e141
8000000000000000,0000000000080000,2,0,,42,022a20c3
8000000000000000,0000000000080002,3,3,0228a0c2,145,022820c7
8000000000000000,0000000000080010,3,0,,24,020ae0c1
8000000000000000,0000000000080012,4,5,0288e0c0,102,0208e0c3
8000000000000000,0000000000080036,6,0,,3,12c16042
8000000000000000,0000000000080040,3,0,,1,12a2e040
8000000000000000,0000000000080042,4,0,,14,02a0e141
8000000000000000,0000000000080142,5,0,,2,02a96140
8000000000000000,0000000000080450,5,0,,1,128ae040
8000000000000000,0000000000080452,6,0,,22,0280e161
8000000000000000,0000000000180000,3,0,,47,002a60c3
8000000000000000,0000000000180010,4,1,00ca60c0,45,004a68c1
8000000000000000,0000000000180034,6,0,,1,10cb6040
8000000000000000,00000000001c0002,5,2,00a8e0c0,121,002860d6
8000000000000000,00000000001c0012,6,4,00c8e0c0,165,0048e8c1
8000000000000000,00000000001c0036,8,0,,7,10c96041
8000000000000000,00000000001c0042,6,0,,12,00a8e141
8000000000000000,00000000001c0452,8,0,,2,0088e164
8000000000000000,0000000001000000,2,0,,2,08e2a0c0
8000000000000000,0000000001000002,3,0,,3,0aa0a0c2
8000000000000000,0000000001000010,3,0,,7,08c2a1c0
8000000000000000,0000000001000012,4,0,,9,0a80e0c2
8000000000000000,0000000001000042,4,0,,1,0aa0e140
8000000000000000,0000000001000450,5,0,,1,0a82e140
8000000000000000,0000000001040002,4,0,,2,08e0e0c0
8000000000000000,0000000001040012,5,0,,12,08c0e0c2
8000000000000000,0000000001080000,3,0,,3,02a2a0c2
8000000000000000,0000000001080002,4,1,02a0e0c0,14,02a0a1c2
8000000000000000,0000000001080010,4,0,,9,0282e0c2
8000000000000000,0000000001080012,5,1,02c0e0c0,24,0280e0c6
8000000000000000,0000000001080040,4,0,,1,02a2e140
8000000000000000,0000000001080042,5,0,,5,02a0e142
8000000000000000,0000000001080452,7,0,,1,0280e164
8000000000000000,0000000001180000,4,0,,1,00e2e0c0
8000000000000000,0000000001180010,5,0,,7,00c2e0c2
8000000000000000,00000000011c0002,6,0,,12,00e0e0c2
8000000000000000,00000000011c0012,7,0,,21,00c0e0c6
8000000000000000,0000000020000002,3,0,,1,0ae8a040
8000000000000000,0000000020000010,3,0,,2,08c2e041
8000000000000000,0000000020000012,4,0,,2,0ac0e041
8000000000000000,0000000020000040,3,0,,2,08aae040
8000000000000000,0000000020000042,4,0,,3,0aa0e041
8000000000000000,0000000020000140,4,0,,1,08ab6040
8000000000000000,0000000020000142,5,0,,1,0aa96040
8000000000000000,0000000020000450,5,0,,5,088ae041
8000000000000000,0000000020000452,6,0,,5,0a88e041
8000000000000000,0000000020040002,4,0,,3,08e0e041
8000000000000000,0000000020040012,5,0,,9,08c0e841
8000000000000000,0000000020040042,5,0,,6,08a8e041
8000000000000000,0000000020040142,6,0,,1,08a96042
8000000000000000,0000000020080002,4,0,,8,02e0e041
8000000000000000,0000000020080010,4,0,,1,02cae040
8000000000000000,0000000020080012,5,1,02c8e040,10,02c0e043
8000000000000000,0000000020080040,4,0,,2,02aaa042
8000000000000000,0000000020080042,5,1,02a8e040,12,02a0e043
8000000000000000,0000000020080142,6,0,,3,02a96041
8000000000000000,0000000020080452,7,0,,5,0288e043
8000000000000000,0000000020180000,4,0,,2,00eae040
8000000000000000,0000000020180010,5,0,,2,00cae044
8000000000000000,00000000201c0002,6,0,,14,00e1e041
8000000000000000,00000000201c0012,7,0,,13,00c1e841
8000000000000000,00000000201c0042,7,0,,3,00a8e043
8000000000000000,0000000021000000,3,0,,1,08e2e040
8000000000000000,0000000021000002,4,0,,1,0ae0e040
8000000000000000,0000000021000010,4,0,,6,08c2e044
8000000000000000,0000000021000012,5,0,,6,0ac0e042
8000000000000000,0000000021000040,4,0,,1,0aa2e040
8000000000000000,0000000021000042,5,0,,5,0aa0e042
8000000000000000,0000000021040002,5,0,,6,08e0e042
8000000000000000,0000000021040012,6,0,,2,08c0e844
8000000000000000,0000000021080000,4,0,,1,02e2e040
8000000000000000,0000000021080002,5,1,02e0e040,6,02e0e042
8000000000000000,0000000021080010,5,0,,1,02c3e040
8000000000000000,0000000021080012,6,0,,6,02c0e046
8000000000000000,0000000021080040,5,0,,1,02a2e042
8000000000000000,0000000021080042,6,0,,3,02a0e046
8000000000000000,00000000211c0002,7,0,,3,00e1e042
8000000000000000,0000000040040036,7,0,,1,08c96140
8000000000000000,0000000040080036,7,0,,1,02c96140
8000000000000000,0000000060000034,6,0,,1,08cb6040
8000000000000000,0000000060000036,7,0,,1,0ac96040
8000000000000000,0000000060040036,8,0,,5,08c96041
8000000000000000,0000000060080036,8,0,,3,02c96041
8000000000000008,0000000000000000,2,0,,2,18e220c0
8000000000000008,0000000000000002,3,0,,1,1ae020c0
8000000000000008,0000000000000010,3,0,,5,18c220c1
8000000000000008,0000000000080000,3,0,,2,12a220c2
8000000000000008,0000000000080002,4,0,,1,12e020c2
8000000000000010,0000000000000002,3,0,,1,1aa060c0
8000000000000010,0000000000000012,4,0,,6,1a8060c1
8000000000000010,0000000000040002,4,0,,1,18a060c1
8000000000000010,0000000000080002,4,0,,8,12a060c1
8000000000000010,0000000000080012,5,0,,2,128060c6
8000000000000010,00000000001c0002,6,0,,1,10a061c1
8000000000000080,0000000000000000,2,0,,2,0a22a0c1
8000000000000080,0000000000000010,3,0,,2,0a02e0c1
8000000000000080,0000000001000000,3,0,,4,0a22a0c2
8000000000000180,0000000000000000,3,0,,1,1a2260c0
8000000000000188,0000000000000000,4,0,,2,1a2220c2
8000000000000280,0000000000000002,4,0,,4,0a20e0c1
8000000000000280,0000000001000002,5,0,,2,0a60a8c0
8000000000000380,0000000000000002,5,0,,1,1a6060c0
8000000000100188,0000000000000010,6,0,,1,1a4220c1
8000000000200000,0000000000040002,4,0,,1,18e16040
8000000000200000,0000000000040036,7,0,,5,18c16041
8000000000200000,00000000001c0002,6,0,,5,10e16041
8000000000400000,0000000000000000,2,0,,1,18a260c0
8000000000400000,0000000000000010,3,0,,8,188260c2
8000000000400000,0000000000000040,3,0,,1,18a2e040
8000000000400000,0000000000000450,5,0,,1,1882e140
8000000000400000,0000000000040002,4,0,,1,18a0e0c0
8000000000400000,0000000000040012,5,0,,7,1880e0c2
8000000000400000,0000000000040042,5,0,,2,18a0e140
8000000000400000,0000000000180000,4,0,,1,10a2e0c0
8000000000400000,0000000000180010,5,0,,2,1082e0c4
8000000000400000,00000000001c0002,6,0,,5,10a0e0c2
8000000000400000,00000000001c0012,7,0,,4,1080e0e4
8000000000400000,0000000001000000,3,0,,1,08a2e0c0
8000000000400000,0000000001000010,4,0,,7,0882e0c2
8000000000400000,0000000001000040,4,0,,1,08a2e140
8000000000400000,0000000001040002,5,0,,6,08a0e0c2
8000000000400000,0000000001180000,5,0,,2,00a2e0c2
8000000000400000,00000000011c0002,7,0,,3,00a0e1c2
8000000000400000,00000000011c0012,8,0,,1,0080e1e4
8000000000400000,0000000021000040,5,0,,1,08a3e040
8000000000400010,0000000000040002,5,0,,5,18a060c2
8000000000800080,0000000000000000,3,0,,1,1862a0c0
8000000000800080,0000000000000010,4,0,,1,1842a0c1
8000000000800180,0000000000000000,4,0,,1,186260c0
8000000000800188,0000000000000000,5,0,,5,186220c1
8000000000900180,0000000000000010,6,0,,1,184260c1
8000000000900188,0000000000000010,7,0,,2,184228c1
8000000004000080,0000000000080000,4,0,,7,0222a0c3
8000000004000080,0000000000080010,5,0,,2,0242a8c1
8000000004000080,0000000001080000,5,0,,5,0222e0c2
8000000004000180,0000000000080000,5,0,,2,122260c2
8000000004000188,0000000000080000,6,0,,1,126220c2
8000000004000280,0000000000080002,6,0,,20,0220e0c3
8000000004000280,0000000000080012,7,0,,4,0240e8c1
8000000004000280,0000000001080002,7,0,,9,0220e0c6
8000000004000380,0000000000080002,7,0,,2,126060c2
8000000004000390,0000000000080002,8,0,,2,122060c3
8000000008000000,0000000000000000,2,0,,1,08a260c1
8000000008000000,0000000000000010,3,0,,7,088260c5
8000000008000000,0000000001000000,3,0,,2,08e260c0
8000000008000000,0000000001000010,4,1,08c260c0,15,08c260c2
8000000008000000,0000000021000000,4,0,,1,08e36040
8000000008400000,0000000001000000,4,0,,7,08a260c2
8000000008400000,0000000001000010,5,0,,11,088260c6
8000000028000008,0000000000000000,4,0,,1,08e220c1
8000000028000008,0000000000000010,5,0,,2,08c228c1
8000000028000008,0000000001000000,5,0,,6,08e220c2
8000000028000008,0000000001000010,6,0,,5,08c229c0
8000000048000000,0000000000040012,6,0,,1,08c160c1
8000000048000000,0000000001000012,6,0,,1,0ac160c0
8000000048000000,0000000001040002,6,0,,1,08e160c0
8000000048000000,0000000001040012,7,0,,6,08c160c2
8000000048000000,0000000021000002,6,0,,1,0ae16040
8000000048200000,0000000001040002,7,0,,1,08e16140
8000000048200000,0000000020040002,7,0,,1,08e16041
8000000048200000,0000000021040002,8,0,,5,08e16042
80000000c8000000,0000000000000012,6,0,,1,0ac060c1
80000000c8000000,0000000000040002,6,0,,1,08e060c1
80000000c8000000,0000000000040012,7,0,,5,08c060c5
80000000c8000000,0000000001000002,6,0,,1,0ae060c0
80000000c8000000,0000000001000012,7,0,,6,0ac060c2
80000000c8000000,0000000001040002,7,0,,6,08e060c2
80000000c8000000,0000000001040012,8,1,08c061c0,10,08c060e4
8000000248000010,0000000001000002,7,0,,1,0aa160c0
80000002c8000010,0000000000000002,7,0,,1,0aa060c1
80000002c8000010,0000000000040002,8,0,,1,08a061c1
80000002c8000010,0000000001000002,8,0,,6,0aa060c2
80000002c8400010,0000000001040002,10,0,,1,08a061c2
8000000408000180,0000000000000000,5,0,,1,0a2260c1
8000000408000180,0000000001000000,6,0,,6,0a2260c2
8000000408100180,0000000000000010,7,0,,1,0a4260c1
8000000428000188,0000000000000000,7,0,,2,0a2220c3
8000000428000188,0000000001000000,8,0,,6,0a6220c2
8000000428100188,0000000000000010,9,0,,1,0a4228c1
8000000448000380,0000000001000002,9,0,,1,0a6160c0
80000004c8000380,0000000001000002,10,0,,1,0a6068c0
8000001008000000,0000000041000034,8,0,,1,08c36140
8000001008000000,0000000060000034,8,0,,1,08c36041
8000001008000000,0000000061000034,9,0,,4,08c36044
8000004000800080,0000000000000000,4,0,,1,0862a0c1
8000004000800080,0000000000000010,5,0,,2,0842a8c1
8000004000800080,0000000001000000,5,0,,3,0862a8c0
8000004408800180,0000000000000000,7,0,,1,086260c1
8000004408800180,0000000001000000,8,0,,5,086260c2
8000004408900180,0000000000000010,9,0,,3,084260c5
8000004428800188,0000000000000000,9,0,,2,086228c1
8000004428800188,0000000001000000,10,0,,4,086220d2
8000004428900188,0000000000000010,11,0,,1,084328c1
8000008008000000,0000000000080000,4,0,,1,02a260c1
8000008008000000,0000000000080010,5,0,,1,02c260c1
8000008008000000,0000000000180000,5,0,,1,00e260c1
8000008008000000,0000000000180010,6,0,,5,00c260c5
8000008008000000,0000000001080000,5,0,,7,02a260c2
8000008008000000,0000000001080010,6,0,,7,02c260c2
8000008008000000,0000000001180000,6,0,,7,00e260c2
8000008008000000,0000000001180010,7,0,,12,00c260e4
8000008008000000,0000000021080000,6,0,,1,02e36040
8000008028000008,0000000001080000,7,0,,1,02e220c2
8000008048000000,0000000000080012,7,0,,1,02c160c1
8000008048000000,00000000001c0002,8,0,,1,00e160c1
8000008048000000,00000000001c0012,9,0,,3,00c160c5
8000008048000000,0000000001080002,7,0,,2,02e160c0
8000008048000000,0000000001080012,8,0,,6,02c160c2
8000008048000000,00000000011c0002,9,0,,6,00e160c2
8000008048000000,00000000011c0012,10,0,,5,00c161c4
8000008048000000,0000000020080002,7,0,,1,02e16041
8000008048000000,0000000021080002,8,0,,4,02e16042
8000008068000008,0000000001080002,9,0,,1,02e120c2
80000080c8000000,0000000000080002,7,0,,1,02e060c1
80000080c8000000,0000000000080012,8,0,,4,02c060c3
80000080c8000000,00000000001c0002,9,0,,5,00e060c3
80000080c8000000,00000000001c0012,10,0,,4,00c061d1
80000080c8000000,0000000001080002,8,1,02e060c0,6,02e060c2
80000080c8000000,0000000001080012,9,0,,8,02c060c6
80000080c8000000,00000000011c0002,10,0,,11,00e060c6
80000080c8000000,00000000011c0012,11,0,,3,00c060d6
8000008248000010,0000000000080002,8,0,,1,02a160c1
8000008248000010,0000000001080002,9,0,,3,02a160c2
80000082c8000010,0000000000080002,9,0,,4,02a060c3
80000082c8000010,0000000001080002,10,0,,8,02a060c6
800000840c000180,0000000000080000,8,0,,1,026260c1
800000840c000180,0000000001080000,9,0,,5,022260c6
800000842c000188,0000000000080000,10,0,,1,026220c3
800000842c000188,0000000001080000,11,0,,2,026220c6
800000844c000380,0000000000080002,11,0,,1,026160c1
800000844c000380,0000000001080002,12,0,,1,026160c2
80000084cc000380,0000000001080002,13,0,,1,026060d2
8000080000000000,0000000000080012,5,0,,1,12c8a042
8000800000000010,0000000000000142,6,0,,1,1aa16040
8000800000000010,0000000000080142,7,0,,1,12a16042
8000800108000000,0000000021000140,8,0,,1,0aa36040
8010000000000000,0000000000000002,3,0,,1,1a68a040
8010000000000000,0000000000000042,4,0,,2,1a28a042
8010000000000000,0000000000080002,4,0,,9,0268e140
8010000000000000,0000000000080042,5,0,,7,0228e141
8010000000000000,0000000020000000,3,0,,2,086b6040
8010000000000000,0000000020000002,4,0,,5,0a68a042
8010000000000000,0000000020000040,4,0,,2,0a2aa042
8010000000000000,0000000020000042,5,0,,1,0a28e042
8010000000000000,0000000020080000,4,0,,1,026aa042
8010000000000000,0000000020080002,5,0,,14,0268a043
8010000000000000,0000000020080042,6,0,,2,0228e043
8010000000000080,0000000000000000,3,0,,1,1a62a040
8010000000000080,0000000021000000,5,0,,1,0a62e040
8010000000000280,0000000000000002,5,0,,1,1a60e040
8010000004000280,0000000000080002,7,0,,4,1260e041
8020000000000000,0000000000000010,3,0,,40,080a68c4
8020000000000000,0000000000040012,5,0,,1,184868c0
8020000000000000,0000000000080010,4,0,,12,020ae0c4
8020000000000000,0000000000080012,5,0,,10,0248e0c2
8020000000000000,0000000000180010,5,0,,4,004a68c4
8020000000000000,00000000001c0012,7,0,,1,004860d6
8020000000000080,0000000000000010,4,0,,2,1a02e0c0
8020000000000080,0000000001000010,5,0,,3,0a42a8c0
8020000000100180,0000000000000010,6,0,,1,1a4260c0
8020000000100188,0000000000000010,7,0,,3,1a4220c2
8020000000800080,0000000000000010,5,0,,3,1842a8c0
8020000000900180,0000000000000010,7,0,,4,184260c4
8020000000900188,0000000000000010,8,0,,1,184328c0
8020000004000080,0000000000080010,6,0,,2,1242a8c0
8020000004000080,0000000001080010,7,0,,1,0242e8c0
8020000004000280,0000000000080012,8,0,,2,1240e8c0
8020000408100180,0000000001000010,9,0,,5,0a4260c2
8020000428100188,0000000001000010,11,0,,1,0a4328c0
8020004000800080,0000000001000010,7,0,,4,0842e0c4
8020004408900180,0000000001000010,11,0,,4,084268c4
8400000000000000,0000000000000010,3,0,,1,18c3c040
8400000000000000,0000000000000012,4,0,,1,1ac1c040
8400000000000000,0000000000000090,4,0,,2,0883c0c1
8400000000000000,00000000000000c2,5,0,,1,1aa1c040
8400000000000000,00000000000004d0,6,0,,2,188bc040
8400000000000000,00000000000004d2,7,0,,3,0a81c141
8400000000000000,0000000000040002,4,0,,1,18e1c040
8400000000000000,0000000000040012,5,0,,11,08c1c0c1
8400000000000000,0000000000040082,5,0,,1,08a9c0c0
8400000000000000,00000000000400c2,6,0,,3,08a1c141
8400000000000000,0000000000080002,4,0,,2,026980c1
8400000000000000,0000000000080010,4,0,,1,12c3c040
8400000000000000,0000000000080012,5,0,,13,02c1c0c1
8400000000000000,0000000000080082,5,0,,5,0229c0c1
8400000000000000,0000000000080092,6,0,,3,0281c1c1
8400000000000000,00000000000800c2,6,0,,7,02a1c141
8400000000000000,00000000000804d2,8,0,,4,0289c141
8400000000000000,0000000000180010,5,0,,1,10c3c0c0
8400000000000000,00000000001c0002,6,0,,11,00e1c0c1
8400000000000000,00000000001c0012,7,0,,20,00c1c161
8400000000000000,00000000001c0082,7,0,,4,00a1c1c1
8400000000000000,00000000001c00c2,8,0,,3,00a9c141
8400000000000000,0000000001000010,4,0,,2,08c3c0c0
8400000000000000,0000000001000012,5,0,,2,0ac1c0c0
8400000000000000,0000000001000082,5,0,,1,0aa1c0c0
8400000000000000,0000000001000090,5,0,,1,0a83c0c0
8400000000000000,00000000010000c2,6,0,,1,0aa1c140
8400000000000000,00000000010004d0,7,0,,1,0a83c140
8400000000000000,0000000001040002,5,0,,2,08e1c0c0
8400000000000000,0000000001040012,6,0,,1,08c1c8c0
8400000000000000,0000000001080002,5,0,,2,02e1c0c0
8400000000000000,0000000001080012,6,0,,4,02c1c160
8400000000000000,0000000001080082,6,0,,2,02a1c0c2
8400000000000000,00000000010800c0,6,0,,1,02a3c140
8400000000000000,00000000010800c2,7,0,,3,02a1c142
8400000000000000,00000000011c0002,7,0,,3,00e1c160
8400000000000000,00000000011c0012,8,0,,1,00c1c164
8400000000000000,0000000020000010,4,0,,2,08c3c041
8400000000000000,0000000020000012,5,0,,2,0ac1c041
8400000000000000,00000000200000c0,5,0,,2,08a3c041
8400000000000000,00000000200000c2,6,0,,2,0aa1c041
8400000000000000,00000000200004d0,7,0,,2,0a83c041
8400000000000000,0000000020040002,5,0,,2,08e1c041
8400000000000000,0000000020040012,6,0,,2,08c9c041
8400000000000000,00000000200400c2,7,0,,1,08a9c041
8400000000000000,0000000020080002,5,0,,2,02e1c041
8400000000000000,0000000020080012,6,0,,6,02c1c841
8400000000000000,00000000200800c0,6,0,,1,02abc040
8400000000000000,00000000200800c2,7,0,,5,02a9c041
8400000000000000,0000000020180000,5,0,,1,00ebc040
8400000000000000,00000000201c0002,7,0,,6,00e9c041
8400000000000000,0000000021000000,4,0,,1,08e3c040
8400000000000000,0000000021000002,5,0,,1,0ae1c040
8400000000000000,0000000021000010,5,0,,2,08c3c840
8400000000000000,0000000021000012,6,0,,1,0ac1c840
8400000000000000,00000000210000c0,6,0,,1,0aa3c040
8400000000000000,00000000210000c2,7,0,,2,0aa1c042
8400000000000000,0000000021040002,6,0,,1,08e1c840
8400000000000000,0000000021080000,5,0,,1,02e3c040
8400000000000000,0000000021080002,6,1,02e1c040,5,02e1c042
8400000000000800,0000000020080002,6,0,,1,02e98041
8400000000400000,0000000000000090,5,0,,1,1883c0c0
8400000000400000,00000000000000c0,5,0,,1,18a3c040
8400000000400000,00000000000400c2,7,0,,1,18a1c140
8400000000400000,0000000001000080,5,0,,1,08a3c0c0
8400000000400000,00000000010000c0,6,0,,1,08a3c140
8400010000000000,0000000000080002,5,0,,1,02e980c0
8400010000000800,0000000000080002,6,0,,2,02e98140
8400010000000800,0000000020000002,6,0,,1,0ae98040
8400010000000800,0000000020080002,7,0,,1,02e98042
8402000000000000,0000000000080002,5,0,,1,0269c0c0
8410000000004000,00000000000800c2,8,0,,1,0229c141
8410000000004000,0000000020080002,7,0,,1,0269c041
8410000000004800,0000000000080002,7,0,,1,12698041
8412000000004000,0000000000080002,7,0,,1,1269c040
8480040000000000,00000000001c0002,8,0,,1,10e94041
8480040000000000,00000000001c0012,9,0,,1,10c940c1
8480040000000000,0000000020a40002,9,0,,1,08e94041
8480040000000000,0000000800bc0002,11,0,,2,00e940c1
8480040000000000,0000000820a80002,10,0,,1,02e94041
8480040000000004,0000000000080002,7,0,,1,12e14041
8480040000200004,0000000000040002,8,0,,1,18e14041
8480040002000000,0000000000040036,10,0,,1,18c94041
8480040002000000,0000000060200034,11,0,,1,08cb4041
8480040002000004,0000000000000034,9,0,,1,18c34041
8480040008000004,0000000000200010,8,0,,1,08c340c1
8480040008000004,0000000020200000,8,0,,1,08e34041
8480040048000004,0000000020a00002,11,0,,1,0ae14041
8480048048000004,0000000800a80002,13,0,,1,02e140c1
8480060000000000,0000000000000036,9,0,,1,1ac94040
8480060000000000,0000000000040002,7,0,,1,18e94040
8480060000000000,0000000000040012,8,0,,1,18c940c0
8480060000000000,0000000000080002,7,0,,1,12e94040
8480060000000000,0000000000080012,8,0,,1,12c940c0
8480060000000000,0000000000080036,10,0,,2,12c94042
8480060000000000,0000000000180000,7,0,,1,10eb4040
8480060000000000,00000000001c0002,9,0,,6,10e94042
8480060000000000,0000000000200010,7,0,,1,08cb40c0
8480060000000000,0000000000a40002,9,0,,2,08e940c0
8480060000000000,0000000020200000,7,0,,1,08eb4040
8480060000000000,0000000020a00002,9,0,,1,0ae94040
8480060000000000,0000000020a40002,10,0,,5,08e94042
8480060000000000,0000000060200034,11,0,,1,0acb4040
8480060000000000,0000000800380000,9,0,,1,00eb40c0
8480060000000000,0000000800a80002,10,0,,2,02e940c0
8480060000000000,0000000800bc0002,12,0,,5,00e940c2
8480060000000000,0000000820280000,9,0,,1,02eb4040
8480060000000000,0000000820a80002,11,0,,5,02e94042
8480060000000000,0000000820bc0002,13,0,,1,00e94064
8480060000000004,0000000000000010,7,0,,1,18c340c0
8480060000000004,0000000000000012,8,0,,1,1ac140c0
8480060000000004,0000000000040002,8,0,,1,18e140c0
8480060000000004,0000000000080002,8,0,,1,12e140c0
8480060000000004,00000000001c0002,10,0,,1,10e141c0
8480060000000006,0000000000000000,7,0,,1,18e34040
8480060000000006,0000000000000002,8,0,,1,1ae14040
8480060000000006,0000000000000034,10,0,,1,1ac34040
8480060000000006,0000000000000036,11,0,,1,1ac14140
8480060000000006,0000000000080000,8,0,,1,12e34040
8480060000000006,0000000000080002,9,0,,6,12e14042
8480060000200006,0000000000040002,10,0,,2,18e14060
8480060002000000,0000000000000034,9,0,,1,18cb4040
8480060002000000,0000000000040036,11,0,,2,18c94044
8480060002000000,0000000040200034,11,0,,1,08cb4140
8480060002000000,0000000060200034,12,0,,1,08cb4044
8480060002000006,0000000000000034,11,0,,2,18c34060
8480060008000004,0000000001200000,9,0,,1,08e340c0
8480060008000004,0000000001200010,10,0,,3,08c341c0
8480060018000006,0000000001200000,11,0,,1,08e34140
8480060018000006,0000000021200000,12,0,,3,08e34042
8480060048000004,0000000001a00002,12,0,,1,0ae140c0
8480060058000006,0000000001a00002,14,0,,1,0ae14140
8480060058000006,0000000021a00002,15,0,,2,0ae14042
8480068048000004,0000000801a80002,15,0,,2,02e140c2
8480440000000000,00000000000801c2,10,0,,1,12a94041
8480440000000000,0000000000200090,8,0,,1,088b40c1
8480440000000000,00000000202001c0,10,0,,1,08ab4041
8480440000000000,0000000020a001c2,12,0,,1,0aa94041
8480440000000000,0000000800a80082,11,0,,1,02a940c1
8480440008000004,0000000000200080,9,0,,1,08a340c1
8480660000000000,00000000000001c0,10,0,,1,18ab4040
8480660000000000,00000000000001c2,11,0,,1,1aa94040
8480660000000000,0000000000040082,10,0,,1,18a940c0
8480660000000000,00000000000401c2,12,0,,1,18a94140
8480660000000000,0000000000080082,10,0,,1,12a940c0
8480660000000000,00000000000801c2,12,0,,2,12a94042
8480660000000000,0000000000200080,9,0,,1,08ab40c0
8480660000000000,00000000002001c0,11,0,,1,08ab4140
8480660000000000,0000000000a00082,11,0,,1,0aa940c0
8480660000000000,0000000000a001c2,13,0,,1,0aa94140
8480660000000000,00000000202001c0,12,0,,3,08ab4042
8480660000000000,0000000020a001c2,14,0,,3,0aa94042
8480660000000000,0000000800a80082,13,0,,3,02a940c2
8480660000000000,0000000800a801c2,15,0,,1,02a94142
8480660000000014,0000000000000082,11,0,,1,1aa140c0
8480660000400004,0000000000000080,10,0,,1,18a340c0
8480660008000004,0000000001200080,12,0,,1,0aa340c0
8480660008400004,0000000001200080,13,0,,1,08a341c0
8480c40008000004,00000000202001c0,13,0,,1,0aa34041
8480e60000000006,00000000000001c0,13,0,,1,1aa34040
8480e60000000016,00000000000001c2,15,0,,2,1aa14042
8480e60000400006,00000000000001c0,14,0,,1,18a34140
8480e60118000006,00000000012001c0,18,0,,1,0aa34140
8480e60118000006,00000000212001c0,19,0,,1,0aa34042
8481660000000000,0000000000000090,10,0,,1,188b40c0
8481660000000000,0000000000200090,11,0,,2,088b40c4
8c00000000000000,0000000000000000,3,0,,1,18e2c040
8c00000000000000,0000000000000002,4,0,,1,1ae0c040
8c00000000000000,0000000000000010,4,0,,14,08c2c0c1
8c00000000000000,0000000000000012,5,1,1ac0c040,13,0ac0c0c1
8c00000000000000,0000000000000080,4,0,,4,082ac0c1
8c00000000000000,0000000000000082,5,0,,5,0a28c0c1
8c00000000000000,0000000000000090,5,0,,13,0882c1c1
8c00000000000000,0000000000000092,6,0,,9,0a80c1c1
8c00000000000000,00000000000000c0,5,0,,5,08a2c141
8c00000000000000,00000000000000c2,6,1,1aa0c040,10,0aa0c141
8c00000000000000,00000000000004d0,7,0,,13,088ac141
8c00000000000000,00000000000004d2,8,0,,11,0a80c161
8c00000000000000,0000000000040002,5,0,,13,08e0c0c1
8c00000000000000,0000000000040012,6,0,,30,08c0c161
8c00000000000000,0000000000040082,6,0,,9,08a0c1c1
8c00000000000000,0000000000040092,7,0,,5,0888c1c1
8c00000000000000,00000000000400c2,7,0,,12,08a0c161
8c00000000000000,00000000000404d2,9,0,,4,0880c165
8c00000000000000,0000000000080000,4,0,,1,12e2c040
8c00000000000000,0000000000080002,5,1,12e0c040,17,026888c1
8c00000000000000,0000000000080010,5,0,,8,02c2c141
8c00000000000000,0000000000080012,6,3,12c0c0c0,54,02c0c143
8c00000000000000,0000000000080080,5,0,,4,022ac0c1
8c00000000000000,0000000000080082,6,1,02a8c0c0,27,0228c0c3
8c00000000000000,0000000000080090,6,0,,2,028ac0c1
8c00000000000000,0000000000080092,7,0,,11,0280c1e1
8c00000000000000,00000000000800c0,6,0,,5,02a2c141
8c00000000000000,00000000000800c2,7,3,02a0c141,27,02a0c143
8c00000000000000,00000000000804d2,9,0,,15,0280c165
8c00000000000000,0000000000180000,5,0,,3,00eac0c0
8c00000000000000,0000000000180010,6,0,,3,00cac0c1
8c00000000000000,0000000000180080,6,0,,2,00aac0c1
8c00000000000000,00000000001c0002,7,1,10e8c040,35,00e0c161
8c00000000000000,00000000001c0012,8,0,,38,00c0c165
8c00000000000000,00000000001c0082,8,0,,11,00a8c0c3
8c00000000000000,00000000001c0092,9,0,,3,0080c1e5
8c00000000000000,00000000001c00c2,9,0,,6,00a0c165
8c00000000000000,00000000001c04d2,11,0,,3,0088c165
8c00000000000000,0000000001000000,4,0,,2,08e2c0c0
8c00000000000000,0000000001000002,5,0,,2,0ae0c0c0
8c00000000000000,0000000001000010,5,0,,8,08c2c0c4
8c00000000000000,0000000001000012,6,0,,4,0ac0c160
8c00000000000000,0000000001000080,5,0,,1,0aa2c0c0
8c00000000000000,0000000001000082,6,0,,5,0aa0c0c2
8c00000000000000,0000000001000090,6,0,,2,0a82c0c4
8c00000000000000,00000000010000c0,6,0,,1,0aa2c140
8c00000000000000,00000000010000c2,7,0,,4,0aa0c142
8c00000000000000,0000000001040002,6,0,,3,08e0c160
8c00000000000000,0000000001040012,7,0,,1,08c0c164
8c00000000000000,0000000001080000,5,0,,2,02e2c0c0
8c00000000000000,0000000001080002,6,1,02e0c140,11,02e0c0c2
8c00000000000000,0000000001080012,7,0,,4,02c0c164
8c00000000000000,0000000001080080,6,0,,2,02a2c0c2
8c00000000000000,0000000001080082,7,0,,3,02a0c1c2
8c00000000000000,00000000010800c2,8,0,,2,02a0c162
8c00000000000000,00000000011c0002,8,0,,1,00e0c164
8c00000000000000,00000000011c0012,9,0,,2,00c0c1e4
8c00000000000000,0000000020000000,4,0,,2,08e2c041
8c00000000000000,0000000020000002,5,0,,2,0ae0c041
8c00000000000000,0000000020000010,5,0,,8,08c2c841
8c00000000000000,0000000020000012,6,0,,7,0ac0c841
8c00000000000000,00000000200000c0,6,0,,8,08aac041
8c00000000000000,00000000200000c2,7,1,0aa8c040,8,0aa0c043
8c00000000000000,00000000200004d0,8,0,,4,0a8ac041
8c00000000000000,0000000020040002,6,0,,6,08e8c041
8c00000000000000,0000000020040012,7,0,,2,08c8c841
8c00000000000000,00000000200400c2,8,0,,2,08a8c045
8c00000000000000,0000000020080000,5,0,,2,02e2c041
8c00000000000000,0000000020080002,6,1,02e8c040,11,02e0c043
8c00000000000000,0000000020080012,7,0,,6,02c8c043
8c00000000000000,00000000200800c0,7,0,,3,02aac041
8c00000000000000,00000000200800c2,8,1,02a8c041,11,02a8c043
8c00000000000000,00000000201c0002,8,0,,5,00e8c043
8c00000000000000,0000000021000000,5,0,,6,08e2c042
8c00000000000000,0000000021000002,6,1,0ae0c040,5,0ae0c042
8c00000000000000,0000000021000010,6,0,,4,0ac2c042
8c00000000000000,00000000210000c0,7,0,,5,0aa2c042
8c00000000000000,0000000021080000,6,0,,1,02e2c042
8c00000000000000,0000000021080002,7,0,,7,02e0c046
8c00000000000080,0000000000000080,5,0,,1,0a22c0c1
8c00000000000800,00000000000000c2,7,0,,1,1aa88041
8c00000000000800,0000000000080002,6,0,,2,02e88141
8c00000000000800,00000000000800c2,8,0,,2,12a88043
8c00000000000800,0000000020080002,7,0,,1,02e88043
8c00000000400000,0000000000000080,5,0,,1,18a2c0c0
8c00000000400000,0000000000000090,6,0,,3,1882c0c4
8c00000000400000,00000000000000c0,6,0,,1,18a2c140
8c00000000400000,0000000000040082,7,0,,1,18a0c1c0
8c00000000400000,00000000000400c2,8,0,,1,18a0c160
8c00000000400000,0000000001000080,6,0,,4,08a2c0c2
8c00010000000000,0000000000000002,5,0,,1,0ae880c0
8c00010000000000,0000000000000080,5,0,,1,0aaa80c0
8c00010000000000,0000000000000082,6,0,,2,0aa880c2
8c00010000000000,0000000000080002,6,0,,3,02e880c2
8c00010000000000,0000000000080080,6,0,,1,02aa80c2
8c00010000000000,0000000000080082,7,0,,1,12a880c2
8c00010000000800,0000000000000000,5,0,,1,1ae28040
8c00010000000800,0000000000000002,6,0,,1,1ae88040
8c00010000000800,00000000000000c0,7,0,,1,1aaa8040
8c00010000000800,00000000000000c2,8,0,,1,1aa88042
8c00010000000800,0000000000080002,7,0,,3,12e88042
8c00010000000800,00000000000800c2,9,0,,1,12a88142
8c00010000000800,0000000020000000,6,0,,1,0aea8040
8c00010000000800,00000000200000c0,8,0,,1,0aaa8042
8c02000000000000,0000000000000080,5,0,,1,0a2ac0c0
8c02000000000000,0000000000000082,6,0,,1,1a28c0c0
8c02000000000000,0000000000080002,6,0,,1,1268c0c0
8c02000000000000,0000000000080082,7,0,,1,1228c0c2
8c02010000000000,0000000000000080,6,0,,2,0a2a80c2
8c02010000000000,0000000000080002,7,0,,1,126880c2
8c10000000004000,00000000000000c2,8,0,,1,1a28c041
8c10000000004000,0000000000080002,7,0,,2,0268c141
8c10000000004000,00000000000800c2,9,0,,2,1228c043
8c10000000004000,00000000200000c0,8,0,,1,0a2ac041
8c12000000004000,0000000000000002,7,0,,1,1a68c040
8c12000000004000,00000000000000c0,8,0,,1,1a2ac040
8c12000000004000,0000000000080002,8,0,,2,1268c042
8c12000000004000,0000000020000000,7,0,,1,0a6ac040
8c12000000004000,00000000200000c0,9,0,,1,0a2ac044
8c80040000000000,0000000000040012,8,0,,1,18c840c1
8c80040000000000,0000000000080012,8,0,,1,12c840c1
8c80040000000000,00000000001c0002,9,0,,1,10e840c1
8c80040000000000,0000000000600010,8,0,,1,08ca40c1
8c80040000000000,0000000000e40002,10,0,,1,08e840c1
8c80040000000000,0000000000e40012,11,0,,1,08c848c1
8c80040000000000,0000000800e80002,11,0,,1,02e840c1
8c80040000000000,0000000800fc0002,13,0,,3,00e840c3
8c80040000000004,0000000000000010,7,0,,1,18c240c1
8c80040000000004,0000000000040002,8,0,,1,18e040c1
8c80040000000004,0000000000040012,9,0,,1,18c048c1
8c80040000000004,0000000000080002,8,0,,1,12e040c1
8c80040008000004,0000000000600000,9,0,,1,08e240c1
8c80040008000004,0000000000600010,10,0,,1,08c248c1
8c800400c8000004,0000000000e00002,13,0,,1,0ae040c1
8c800480c8000004,0000000800e80002,16,0,,1,02e041c1
8c80060000000000,0000000000000010,7,0,,1,18ca40c0
8c80060000000000,0000000000000012,8,0,,1,1ac840c0
8c80060000000000,0000000000040002,8,0,,1,18e840c0
8c80060000000000,0000000000040012,9,0,,5,18c840c4
8c80060000000000,0000000000080002,8,0,,1,12e840c0
8c80060000000000,0000000000080010,8,0,,1,12ca40c0
8c80060000000000,0000000000080012,9,0,,3,12c840c2
8c80060000000000,0000000000180000,8,0,,1,10ea40c0
8c80060000000000,00000000001c0002,10,0,,6,10e840c2
8c80060000000000,0000000000600000,8,0,,1,08ea40c0
8c80060000000000,0000000000600010,9,0,,7,08ca40c2
8c80060000000000,0000000000e00002,10,0,,1,0ae840c0
8c80060000000000,0000000000e40002,11,0,,6,08e840c2
8c80060000000000,0000000800680000,10,0,,1,02ea40c0
8c80060000000000,0000000800e80002,12,0,,6,02e840c2
8c80060000000000,0000000800fc0002,14,0,,5,00e840d2
8c80060000000004,0000000000000000,7,0,,1,18e240c0
8c80060000000004,0000000000000002,8,0,,1,1ae040c0
8c80060000000004,0000000000000010,8,0,,6,18c240c4
8c80060000000004,0000000000040002,9,0,,3,18e040d0
8c80060000000004,0000000000080000,8,0,,1,12e240c0
8c80060000000004,0000000000080002,9,0,,6,12e040c2
8c80060000000004,00000000001c0002,11,0,,1,10e041d0
8c80060008000004,0000000001600000,11,0,,7,08e240c2
8c800600c8000004,0000000001e00002,15,0,,4,0ae040c2
8c800680c8000004,0000000801e80002,18,0,,1,02e041d0
8c80070000000000,0000000000080002,9,0,,1,12e800c2
8c80440000000000,0000000000000090,8,0,,1,188a40c1
8c80440000000000,0000000000040082,9,0,,1,18a840c1
8c80440000000000,0000000000080082,9,0,,1,12a840c1
8c80440000000000,0000000000600080,9,0,,2,08aa40c1
8c80440000000000,0000000000600090,10,0,,3,088a40c5
8c80440000000000,0000000000e00082,11,0,,1,0aa840c1
8c80440000000000,0000000000e40082,12,0,,1,08a841c1
8c80440000000000,0000000800680080,11,0,,1,02aa40c1
8c80440000000000,0000000800e80082,13,0,,3,02a840c3
8c80440000000004,0000000000000080,8,0,,1,18a240c1
8c80440000000014,0000000000000082,10,0,,1,1aa040c1
8c80440008000004,0000000000600080,11,0,,2,08a241c1
8c804402c8000014,0000000000e00082,17,0,,1,0aa041c1
8c80660000000000,0000000000000080,9,0,,1,18aa40c0
8c80660000000000,0000000000000082,10,0,,1,1aa840c0
8c80660000000000,0000000000040082,11,0,,3,18a840c2
8c80660000000000,0000000000080080,10,0,,1,12aa40c0
8c80660000000000,0000000000080082,11,0,,6,12a840c2
8c80660000000000,0000000000600080,11,0,,7,08aa40c2
8c80660000000000,0000000000e00082,13,0,,6,0aa840c2
8c80660000000000,0000000800680080,13,0,,3,02aa40c2
8c80660000000000,0000000800e80082,15,0,,6,02a840c6
8c80660000000004,0000000000000080,10,0,,1,1aa240c0
8c80660000000014,0000000000000082,12,0,,2,1aa040c2
8c80660000000014,0000000000080082,13,0,,1,12a041c2
8c80660000400004,0000000000000080,11,0,,2,18a240c2
8c80660008000004,0000000001600080,14,0,,6,0aa240c2
8c80660008400004,0000000001600080,15,0,,1,08a240d2
8c80670000000000,0000000000000080,10,0,,1,1aaa00c0
8c80670000000000,0000000000600080,12,0,,1,0aaa00c2
8c81660000000000,0000000000000090,11,0,,5,188a40c4
8c81660000000000,0000000000600090,13,0,,6,088a40e4
8c82060000000000,0000000000600000,9,0,,1,0a6a40c0
8c82660000000000,0000000000000080,10,0,,1,1a2a40c0
8c82660000000000,0000000000600080,12,0,,2,0a2a40c2
a000000000000000,000000000000003d,7,0,,1,18c26041
a000000000000000,000000000000003f,8,0,,1,1ac06041
a000000000000000,000000000004003f,9,0,,1,18c86041
a000000000000000,0000000000040143,7,0,,1,18a86041
a000000000000000,0000000000080003,5,0,,1,12e06041
a000000000000000,000000000008003f,9,0,,1,12c86041
a000000000000000,0000000000080143,7,0,,2,02a86141
a000000000000000,00000000001c0003,7,0,,2,00e86141
a000000000000000,00000000001c003f,11,0,,3,10c86043
a000000000000000,0000000020000141,6,0,,1,08aa6041
a000000000000000,0000000020000143,7,0,,1,0aa86041
a000000000000000,0000000020040003,6,0,,1,08e86041
a000000000000000,0000000020080003,6,0,,1,02e86041
a000000000000000,0000000020080143,8,0,,1,02a86043
a000000000000000,00000000201c0003,8,0,,2,00e86043
a000000000000000,000000006000003d,9,0,,1,08ca6041
a000000000000000,000000006000003f,10,0,,1,0ac86041
a000000000000000,000000006004003f,11,0,,1,08c86841
a000000000200000,0000000000040003,6,0,,1,18e06041
a000000000200000,000000000004003f,10,0,,2,18c06141
a000000008000000,0000000022000001,6,0,,1,08e26041
a0000000c8000000,0000000022000003,9,0,,1,0ae06041
a0000000c8200000,0000000002040003,10,0,,1,08e06141
a0000000c8200000,0000000022040003,11,0,,1,08e06841
a000001008000000,000000006200003d,12,0,,2,08c26061
a000800000000010,0000000000000143,8,0,,1,1aa06041
ac80040000000000,000000000000003f,12,0,,1,1ac84041
ac80040000000000,0000000000040003,9,0,,1,18e84041
ac80040000000000,0000000000080003,9,0,,1,12e84041
ac80040000000000,00000000001c0003,11,0,,1,10e84141
ac80040000000000,0000000000e40003,12,0,,1,08e84141
ac80040000000000,0000000020600001,10,0,,1,08ea4041
ac80040000000000,0000000020e00003,12,0,,1,0ae84041
ac80040000000000,0000000800e80003,13,0,,1,02e84141
ac80040000000000,0000000820e80003,14,0,,2,02e84043
ac80040000000004,0000000000000001,8,0,,1,18e24041
ac80040000000004,0000000000000003,9,0,,1,1ae04041
ac80040000000004,000000000000003d,12,0,,1,1ac24041
ac80040000000004,0000000000080003,10,0,,2,12e04043
ac80040000200004,0000000000040003,11,0,,1,18e04141
ac80040002000000,000000000000003d,12,0,,1,18ca4041
ac80040008000004,0000000022600001,13,0,,1,0ae24041
ac800400c8000004,0000000002e00003,16,0,,1,0ae04141
ac80440000000000,00000000000001c1,11,0,,1,18aa4041
ac80440000000000,00000000000001c3,12,0,,1,1aa84041
ac80440000000000,00000000000401c3,13,0,,1,18a84141
ac80440000000000,00000000000801c3,13,0,,2,12a84043
ac80440000000000,00000000006001c1,13,0,,1,08aa4141
ac80440000000000,0000000000e001c3,15,0,,1,0aa84141
ac80440000000000,00000000206001c1,14,0,,1,0aaa4041
ac80440000000000,0000000020e001c3,16,0,,2,0aa84043
ac80c40000000004,00000000000001c1,13,0,,1,1aa24041
ac80c40000000014,00000000000001c3,15,0,,1,1aa04141
b000000000000000,0000000000000001,4,0,,2,18e26040
b000000000000000,0000000000000003,5,0,,2,1ae06040
b000000000000000,000000000000003d,8,1,18c26040,8,18c26042
b000000000000000,000000000000003f,9,0,,6,1ac06042
b000000000000000,0000000000000141,6,0,,2,08aa6140
b000000000000000,0000000000000143,7,0,,3,0aa86140
b000000000000000,000000000000077d,12,0,,2,188a6044
b000000000000000,000000000000077f,13,0,,1,1a886042
b000000000000000,0000000000040003,6,0,,2,08e86140
b000000000000000,000000000004003f,10,1,18c86040,6,18c86042
b000000000000000,0000000000040143,8,0,,7,08a86142
b000000000000000,0000000000080001,5,0,,1,12e26040
b000000000000000,0000000000080003,6,0,,9,02e86140
b000000000000000,000000000008003d,9,0,,1,12ca6040
b000000000000000,000000000008003f,10,0,,8,12c06046
b000000000000000,0000000000080141,7,0,,1,12aa6040
b000000000000000,0000000000080143,8,0,,7,02a86142
b000000000000000,000000000008077f,14,0,,1,12886046
b000000000000000,0000000000180001,6,0,,1,10ea6040
b000000000000000,000000000018003d,10,0,,1,10ca6044
b000000000000000,00000000001c0003,8,1,10e86040,11,00e86142
b000000000000000,00000000001c003f,12,0,,8,10c86046
b000000000000000,00000000001c0143,10,0,,1,10a86142
b000000000000000,0000000020000001,5,0,,2,08ea6040
b000000000000000,0000000020000003,6,0,,2,0ae82042
b000000000000000,0000000020000141,7,0,,6,08aa6042
b000000000000000,0000000020000143,8,0,,4,0aa86042
b000000000000000,0000000020040003,7,1,08e86040,5,08e86042
b000000000000000,0000000020040143,9,0,,1,08a86046
b000000000000000,0000000020080001,6,0,,2,02ea2042
b000000000000000,0000000020080003,7,1,02e86040,5,02e86042
b000000000000000,0000000020080141,8,0,,1,02aa6042
b000000000000000,0000000020080143,9,0,,5,02a86046
b000000000000000,0000000020180001,7,0,,2,00ea6042
b000000000000000,00000000201c0003,9,0,,6,00e86046
b000000000000000,000000004000003d,9,0,,1,08ca6140
b000000000000000,000000004000003f,10,0,,1,0ac86140
b000000000000000,000000004004003f,11,0,,5,08c86142
b000000000000000,00000000401c003f,13,0,,1,00c86164
b000000000000000,000000006000003d,10,0,,6,08ca6042
b000000000000000,000000006000003f,11,0,,4,0ac86042
b000000000000000,000000006000077d,14,0,,2,088a6064
b000000000000000,000000006004003f,12,0,,5,08c86046
b000000000000000,000000006008003f,12,0,,1,02c86046
b000000000200000,0000000000040003,7,0,,6,18e06042
b000000000200000,000000000004003f,11,0,,5,18c06144
b000000000200000,00000000001c0003,9,0,,4,10e06142
b000000000200000,00000000001c003f,13,0,,1,10c06164
b000000008000000,0000000003000001,7,0,,1,08e26140
b000000008000000,0000000023000001,8,0,,6,08e26042
b0000000c8000000,0000000003000003,10,0,,1,0ae06140
b0000000c8000000,0000000023000003,11,0,,5,0ae06042
b0000000c8200000,0000000003040003,12,0,,5,08e06142
b0000000c8200000,0000000023040003,13,0,,1,08e06844
b000001008000000,000000004300003d,13,0,,4,08c26144
b000001008000000,000000006300003d,14,0,,7,08c26064
b000008008000000,0000000023080001,10,0,,1,02e26042
b0000080c8000000,0000000003080003,12,0,,2,02e06142
b0000080c8000000,0000000023080003,13,0,,1,02e06046
b000800000000000,0000000000000141,7,0,,1,1aa26040
b000800000000010,0000000000000143,9,0,,2,1aa06042
b000800000000010,0000000000080143,10,0,,2,12a06046
b000800000400000,0000000000000141,8,0,,1,18a26140
b000800108000000,0000000003000141,11,0,,1,0aa26140
b000800108000000,0000000023000141,12,0,,2,0aa26042
b01c000000000000,0000000000000001,7,0,,2,186a6040
b01c000000000000,0000000000000003,8,0,,2,1a682042
b01c000000000000,0000000000000143,10,0,,1,1a286042
b01c000000000000,0000000000080003,9,0,,1,12686042
b01c000000000000,0000000000080143,11,0,,1,12286046
b01c000000000000,0000000020000001,8,0,,2,0a6a2042
b01c000000000000,0000000020000003,9,0,,1,0a686042
b01c000000000000,0000000020000141,10,0,,1,0a2a6042
b01c000000000000,0000000020080003,10,0,,1,02686046
b01c000000000000,0000000120000001,9,0,,2,086a6044
b01c000000000180,0000000000000001,9,0,,1,1a626040
b07c000000000000,000000000000983d,16,0,,1,184a6044
bc80060000000000,0000000000000001,9,0,,1,18ea4040
bc80060000000000,0000000000000003,10,0,,1,1ae84040
bc80060000000000,000000000000003d,13,0,,1,1aca4040
bc80060000000000,000000000000003f,14,0,,5,1ac84042
bc80060000000000,0000000000040003,11,1,18e84040,6,18e84042
bc80060000000000,0000000000080001,10,0,,1,12ea4040
bc80060000000000,0000000000080003,11,1,12e84040,6,12e84042
bc80060000000000,000000000008003f,15,0,,1,12c84142
bc80060000000000,00000000001c0003,13,0,,6,10e84064
bc80060000000000,0000000000600001,11,0,,1,08ea4140
bc80060000000000,0000000000e00003,13,0,,1,0ae84140
bc80060000000000,0000000000e40003,14,0,,5,08e84142
bc80060000000000,0000000020600001,12,0,,6,08ea4042
bc80060000000000,0000000020e00003,14,1,0ae84040,5,0ae84042
bc80060000000000,0000000020e40003,15,0,,2,08e84064
bc80060000000000,000000006060003d,17,0,,1,0aca4044
bc80060000000000,0000000800680001,13,0,,1,02ea4140
bc80060000000000,0000000800e80003,15,0,,5,02e84142
bc80060000000000,0000000800fc0003,17,0,,1,00e84164
bc80060000000000,0000000820680001,14,0,,1,02ea4042
bc80060000000000,0000000820e80003,16,0,,6,02e84046
bc80060000000006,0000000000000001,11,0,,7,18e24042
bc80060000000006,0000000000000003,12,1,1ae04040,6,1ae04042
bc80060000000006,000000000000003d,15,0,,3,1ac24042
bc80060000000006,0000000000080001,12,0,,2,12e24042
bc80060000000006,0000000000080003,13,0,,8,12e04046
bc80060000200006,0000000000040003,14,0,,3,18e04150
bc80060002000000,000000000000003d,14,0,,6,18ca4042
bc80060002000000,000000000004003f,16,0,,1,18c84940
bc80060002000000,00000000001c003f,18,0,,1,10c84164
bc80060018000006,0000000003600001,17,0,,2,08e24150
bc80060018000006,0000000023600001,18,0,,5,0ae24042
bc800600d8000006,0000000003e00003,21,0,,3,0ae04142
bc80660000000000,00000000000001c1,14,0,,6,18aa4042
bc80660000000000,00000000000001c3,15,1,1aa84040,6,1aa84042
bc80660000000000,00000000000401c3,16,0,,1,18a84144
bc80660000000000,00000000000801c1,15,0,,2,12aa4042
bc80660000000000,00000000000801c3,16,0,,6,12a84046
bc80660000000000,00000000006001c1,16,0,,3,08aa4142
bc80660000000000,0000000000e001c3,18,0,,4,0aa84142
bc80660000000000,0000000000e401c3,19,0,,1,08a84164
bc80660000000000,00000000206001c1,17,0,,8,08aa4046
bc80660000000000,0000000020e001c3,19,0,,4,0aa84046
bc80660000000000,0000000800e801c3,20,0,,1,02a84164
bc80e60000000006,00000000000001c1,17,0,,4,1aa24042
bc80e60000000016,00000000000001c3,19,0,,1,1aa04142
bc80e60118000006,00000000036001c1,24,0,,1,0aa24142
bc81660000000000,00000000000007fd,21,0,,1,1a8a4042
c000000000000000,0000000000000000,2,9,0a2a2081,77,0a2a2083
c000000000000000,0000000000000002,3,9,0a286082,163,0a282087
c000000000000000,0000000000000010,3,4,0a0aa081,94,0a0a2087
c000000000000000,0000000000000012,4,2,0a88e080,110,0a08e083
c000000000000000,0000000000020000,3,2,082a6081,50,082a2087
c000000000000000,0000000000020010,4,5,084a2881,107,080a2097
c000000000000000,0000000000030000,4,13,082a6082,136,082a2096
c000000000000000,0000000000030010,5,9,088a6084,95,088a2096
c000000000000000,0000000000060002,5,0,,54,08286087
c000000000000000,0000000000060012,6,0,,64,08486883
c000000000000000,0000000000070002,6,0,,110,08286096
c000000000000000,0000000000070012,7,1,08c86180,85,088861a4
c000000000000000,0000000000080000,3,28,022a2083,246,022a2087
c000000000000000,0000000000080002,4,95,02282087,565,02282097
c000000000000000,0000000000080010,4,12,020ae081,213,020a2097
c000000000000000,0000000000080012,5,43,0208e083,428,02086097
c000000000000000,00000000001a0000,5,0,,107,002a2097
c000000000000000,00000000001a0010,6,3,008ae081,125,000a6097
c000000000000000,00000000001b0000,6,10,006a6082,193,002a6096
c000000000000000,00000000001b0010,7,8,008ae084,125,008a6096
c000000000000000,00000000001e0002,7,5,00a0e181,214,00286097
c000000000000000,00000000001e0012,8,11,0088e085,198,0008e097
c000000000000000,00000000001f0002,8,19,00a86086,258,002860b6
c000000000000000,00000000001f0012,9,16,00c8e082,184,008860b6
c000000000000000,0000000001000000,3,0,,7,0aa2a082
c000000000000000,0000000001000002,4,1,0aa0e080,12,0aa0e082
c000000000000000,0000000001000010,4,2,0a82e080,15,0a82e082
c000000000000000,0000000001000012,5,1,0ac0e080,17,0a80e086
c000000000000000,0000000001030000,5,0,,5,08e2a082
c000000000000000,0000000001030010,6,1,08c2e080,13,08c2a882
c000000000000000,0000000001070002,7,0,,6,08e0e082
c000000000000000,0000000001070012,8,1,08c0e180,13,08c0e182
c000000000000000,0000000001080000,4,3,02a2a082,21,02a2a086
c000000000000000,0000000001080002,5,7,02a0e082,49,02a0a096
c000000000000000,0000000001080010,5,2,0282e180,34,0282e086
c000000000000000,0000000001080012,6,10,0280e182,45,0280e096
c000000000000000,00000000011b0000,7,0,,7,00e2e082
c000000000000000,00000000011b0010,8,2,00c2e180,21,00c2e086
c000000000000000,00000000011f0002,9,2,00e0e180,20,00e0e086
c000000000000000,00000000011f0012,10,2,00c0e1a0,27,00c0e096
c000000000000008,0000000000000000,3,0,,4,1aa22081
c000000000000008,0000000000000002,4,0,,4,1ae02082
c000000000000008,0000000000000010,4,1,1ac22080,8,1ac22081
c000000000000008,0000000000020000,4,0,,1,18e22081
c000000000000008,0000000000020010,5,0,,3,18c22181
c000000000000008,0000000000030000,5,0,,5,18e22082
c000000000000008,0000000000030010,6,0,,7,18c22882
c000000000000008,0000000000080000,4,0,,11,12a22083
c000000000000008,0000000000080002,5,0,,11,12e02083
c000000000000008,0000000000080010,5,0,,5,12c22083
c000000000000010,0000000000000002,4,0,,7,1aa06081
c000000000000010,0000000000000012,5,0,,1,1a806086
c000000000000010,0000000000080002,5,2,12a06082,24,12a06083
c000000000000010,0000000000080012,6,0,,17,12806087
c000000000000010,00000000001e0002,8,0,,3,10a06183
c000000000000010,00000000001e0012,9,0,,2,108061a5
c000000000000018,0000000000080002,6,0,,5,12a02087
c000000000000080,0000000000000000,3,1,0a22a081,18,0a22a083
c000000000000080,0000000000000010,4,1,0a42a081,20,0a02e083
c000000000000080,0000000001000000,4,3,0a22a082,22,0a22a086
c000000000000180,0000000000000000,4,0,,8,1a226081
c000000000000188,0000000000000000,5,1,1a622080,16,1a222083
c000000000000280,0000000000000002,5,0,,29,0a20e083
c000000000000280,0000000000000012,6,0,,12,0a40a883
c000000000000280,0000000001000002,6,0,,14,0a20e086
c000000000000380,0000000000000002,6,0,,5,1a606081
c000000000000388,0000000000000002,7,0,,6,1a602083
c000000000000390,0000000000000002,7,0,,2,1a206083
c000000000100180,0000000000000010,6,0,,4,1a026083
c000000000100188,0000000000000010,7,0,,5,1a422083
c000000000100380,0000000000000012,8,0,,1,1a406881
c000000000100388,0000000000000012,9,0,,1,1a412881
c000000000400000,0000000000030000,5,0,,6,18a26082
c000000000400000,0000000000030010,6,1,1882e080,14,188260a4
c000000000400000,0000000000070002,7,0,,3,18a0e082
c000000000400000,0000000000070012,8,0,,2,1880e1a0
c000000000400000,00000000001b0000,7,0,,7,10a26182
c000000000400000,00000000001b0010,8,0,,8,108261a4
c000000000400000,00000000001f0002,9,0,,13,10a0e086
c000000000400000,00000000001f0012,10,0,,8,1080e1a4
c000000000400000,0000000001030000,6,0,,7,08a2e082
c000000000400000,0000000001030010,7,0,,10,0882e086
c000000000400000,0000000001070012,9,0,,1,0880e1a4
c000000000400000,00000000011b0000,8,0,,10,00a2e086
c000000000400000,00000000011b0010,9,0,,3,0082e1a4
c000000000400000,00000000011f0002,10,0,,11,00a0e096
c000000000400000,00000000011f0012,11,0,,4,0080e1a6
c000000000400010,00000000001f0002,10,0,,2,10a06186
c000000000400010,00000000001f0012,11,0,,1,108069a4
c000000000800080,0000000000020000,5,0,,2,1822e081
c000000000800080,0000000000020010,6,1,1842a081,11,1802e085
c000000000800080,0000000000030000,6,1,1862a080,8,1862a082
c000000000800180,0000000000020000,6,0,,1,18626081
c000000000800180,0000000000030000,7,1,18626080,7,18626082
c000000000800188,0000000000020000,7,0,,6,18622083
c000000000800188,0000000000030000,8,2,18622880,14,18622086
c000000000800280,0000000000060002,8,0,,2,1860a881
c000000000800280,0000000000060012,9,0,,2,1840e881
c000000000800280,0000000000070002,9,0,,3,1860e880
c000000000800380,0000000000060002,9,0,,1,18606881
c000000000800380,0000000000070002,10,0,,1,18616880
c000000000800388,0000000000060002,10,0,,1,18612881
c000000000900180,0000000000020010,8,1,18426081,8,18026885
c000000000900188,0000000000020010,9,1,18422881,9,18422883
c000000000900380,0000000000060012,11,0,,2,18406885
c000000000c00080,0000000000030000,7,0,,2,1822e082
c000000004000080,0000000000080000,5,5,0222a083,51,0222a087
c000000004000080,0000000000080010,6,1,0242a881,32,0202e087
c000000004000080,0000000001080000,6,5,0222e082,38,0222a096
c000000004000180,0000000000080000,6,0,,16,12226083
c000000004000188,0000000000080000,7,1,12622082,14,12222087
c000000004000280,0000000000080002,7,13,0220e083,115,0220a097
c000000004000280,0000000000080012,8,3,0240e881,50,0200e097
c000000004000280,0000000001080002,8,2,0260e082,41,0220e096
c000000004000380,0000000000080002,8,0,,15,12606083
c000000004000388,0000000000080002,9,0,,9,12602087
c000000004000390,0000000000080002,9,0,,9,12206087
c000000004100180,0000000000080010,8,0,,4,12426083
c000000004100188,0000000000080010,9,0,,2,12422883
c000000004100380,0000000000080012,10,0,,2,12406885
c000000004800080,00000000001a0000,8,0,,3,1062a881
c000000004800080,00000000001a0010,9,0,,4,1042e085
c000000004800080,00000000001b0000,9,0,,5,1062e082
c000000004800180,00000000001a0000,9,0,,2,10626881
c000000004800180,00000000001b0000,10,0,,2,10636084
c000000004800188,00000000001a0000,10,0,,1,10632881
c000000004800280,00000000001e0002,11,0,,4,1060e181
c000000004800280,00000000001e0012,12,0,,2,1040e885
c000000004800280,00000000001f0002,12,0,,1,1061e880
c000000004800380,00000000001e0002,12,0,,1,10616881
c000000004900180,00000000001a0010,11,0,,2,10426885
c000000004900380,00000000001e0012,14,0,,1,10416885
c000000008000000,0000000000000000,3,0,,1,0aa26081
c000000008000000,0000000000000010,4,0,,7,0a826083
c000000008000000,0000000000020000,4,0,,6,08a26083
c000000008000000,0000000000020010,5,1,08c26081,14,088260a5
c000000008000000,0000000001000000,4,1,0aa26080,8,0aa26082
c000000008000000,0000000001000010,5,1,0ac26080,20,0a826086
c000000008000000,0000000001030000,6,1,08e26080,7,08e26082
c000000008000000,0000000001030010,7,5,08c26084,21,08c26086
c000000008400000,0000000001030000,7,0,,11,08a26086
c000000008400000,0000000001030010,8,0,,5,08826096
c000000028000008,0000000000000000,5,0,,2,0aa22083
c000000028000008,0000000000000010,6,0,,4,0ac22083
c000000028000008,0000000000020000,6,0,,4,08e22083
c000000028000008,0000000000020010,7,0,,6,08c22883
c000000028000008,0000000001000000,6,1,0ae22080,12,0aa22086
c000000028000008,0000000001000010,7,0,,9,0ac22086
c000000028000008,0000000001030000,8,0,,10,08e22086
c000000028000008,0000000001030010,9,0,,4,08c221a4
c000000048000000,0000000000000012,6,0,,1,0ac16081
c000000048000000,0000000000060002,7,0,,1,08e16081
c000000048000000,0000000000060012,8,0,,2,08c16181
c000000048000000,0000000001000002,6,0,,1,0ae16080
c000000048000000,0000000001000012,7,0,,2,0ac16180
c000000048000000,0000000001070002,9,0,,3,08e16082
c000000048000000,0000000001070012,10,0,,7,08c16182
c000000068000008,0000000001000002,8,0,,2,0ae12082
c0000000c8000000,0000000000000002,6,0,,1,0ae06081
c0000000c8000000,0000000000000012,7,0,,2,0ac06181
c0000000c8000000,0000000000060002,8,0,,2,08e06181
c0000000c8000000,0000000000060012,9,0,,5,08c06185
c0000000c8000000,0000000001000002,7,0,,6,0ae06082
c0000000c8000000,0000000001000012,8,0,,6,0ac06182
c0000000c8000000,0000000001070002,10,0,,7,08e06182
c0000000c8000000,0000000001070012,11,0,,5,08c061a4
c0000000e8000008,0000000000000002,8,0,,1,0ae02881
c0000000e8000008,0000000001000002,9,0,,1,0ae02882
c000000248000010,0000000000000002,7,0,,1,0aa16081
c000000248000010,0000000001000002,8,0,,2,0aa16082
c0000002c8000010,0000000000000002,8,0,,2,0aa06083
c0000002c8000010,0000000001000002,9,0,,4,0aa06086
c000000408000180,0000000000000000,6,0,,7,0a226083
c000000408000180,0000000001000000,7,2,0a226082,19,0a226086
c000000408100180,0000000000000010,8,1,0a426081,9,0a026087
c000000428000188,0000000000000000,8,1,0a622081,13,0a222087
c000000428000188,0000000001000000,9,3,0a622082,21,0a222096
c000000428100188,0000000000000010,10,1,0a422881,10,0a422087
c000000448000380,0000000000000002,9,0,,1,0a616081
c000000448000380,0000000001000002,10,0,,2,0a616082
c000000448100380,0000000000000012,11,0,,1,0a416881
c000000468000388,0000000000000002,11,0,,1,0a612881
c000000468000388,0000000001000002,12,0,,1,0a612882
c0000004c8000380,0000000000000002,10,0,,2,0a606083
c0000004c8000380,0000000001000002,11,0,,5,0a606086
c0000004e8000388,0000000000000002,12,0,,1,0a602883
c000004000800080,0000000000020000,6,0,,11,0822e083
c000004000800080,0000000000020010,7,2,0842a881,16,0802e885
c000004000800080,0000000001030000,8,2,0862a880,16,0862a092
c000004000800280,0000000000060002,9,0,,2,0860e881
c000004000800280,0000000000060012,10,0,,2,0840e885
c000004000800280,0000000001070002,11,0,,1,0861e880
c000004004800080,00000000001a0000,9,0,,7,0062a883
c000004004800080,00000000001a0010,10,0,,5,0042e885
c000004004800080,00000000011b0000,11,0,,3,0062e884
c000004004800280,00000000001e0002,12,0,,7,0060e883
c000004004800280,00000000001e0012,13,0,,3,0040e1a5
c000004408800180,0000000000020000,9,1,08626081,8,08226885
c000004408800180,0000000001030000,11,2,08626880,18,08626086
c000004408900180,0000000000020010,11,2,08426881,15,08426087
c000004408c00180,0000000001030000,12,0,,1,08226096
c000004428800188,0000000000020000,11,1,08622881,11,08622093
c000004428800188,0000000001030000,13,1,08632880,12,08622096
c000004428900188,0000000000020010,13,1,08432881,6,08422893
c000004448800380,0000000000060002,13,0,,1,08616881
c000004448800380,0000000001070002,15,0,,1,08616884
c000004448900380,0000000000060012,15,0,,1,08416885
c0000044c8800380,0000000000060002,14,0,,1,08606885
c000008008000000,0000000000080000,5,0,,8,02a26083
c000008008000000,0000000000080010,6,0,,8,02826087
c000008008000000,00000000001a0000,7,0,,8,00a26183
c000008008000000,00000000001a0010,8,0,,12,008261a5
c000008008000000,0000000001080000,6,2,02a26082,23,02a26086
c000008008000000,0000000001080010,7,0,,24,02826096
c000008008000000,00000000011b0000,9,0,,17,00e26086
c000008008000000,00000000011b0010,10,0,,17,00c26096
c000008008400000,00000000011b0000,10,0,,5,00a26096
c000008028000008,0000000000080000,7,0,,8,02a22087
c000008028000008,0000000001080000,8,1,02e22082,9,02a22096
c000008028000008,0000000001080010,9,0,,1,02c22096
c000008048000000,0000000000080002,7,0,,1,02e16081
c000008048000000,0000000000080012,8,0,,5,02c16083
c000008048000000,00000000001e0002,10,0,,6,00e16083
c000008048000000,00000000001e0012,11,0,,6,00c160a5
c000008048000000,0000000001080002,8,1,02e16080,6,02e16082
c000008048000000,0000000001080012,9,0,,9,02c16086
c000008048000000,00000000011f0002,12,0,,12,00e16086
c000008048000000,00000000011f0012,13,0,,4,00c16096
c000008068000008,0000000000080002,9,0,,3,02e12083
c000008068000008,0000000001080002,10,0,,4,02e12086
c0000080c8000000,0000000000080002,8,0,,6,02e06083
c0000080c8000000,0000000000080012,9,0,,9,02c06087
c0000080c8000000,00000000001e0002,11,0,,11,00e06087
c0000080c8000000,00000000001e0012,12,0,,4,00c061a5
c0000080c8000000,0000000001080002,9,2,02e06082,15,02e06086
c0000080c8000000,0000000001080012,10,0,,6,02c06096
c0000080c8000000,00000000011f0002,13,0,,9,00e06096
c0000080c8000000,00000000011f0012,14,0,,5,00c060b6
c0000080e8000008,0000000000080002,10,0,,2,02e02183
c0000080e8000008,0000000001080002,11,0,,1,02e02096
c000008248000010,0000000000080002,9,0,,5,02a16083
c000008248000010,00000000001e0002,12,0,,1,00a16183
c000008248000010,0000000001080002,10,0,,10,02a16086
c000008248400010,00000000011f0002,15,0,,1,00a161a4
c0000082c8000010,0000000000080002,10,1,02a06083,12,02a06087
c0000082c8000010,0000000000080012,11,0,,2,028061a5
c0000082c8000010,00000000001e0002,13,0,,3,00a06187
c0000082c8000010,00000000001e0012,14,0,,1,008069a5
c0000082c8000010,0000000001080002,11,2,02a06086,12,02a06096
c0000082c8000010,0000000001080012,12,0,,2,028060b6
c0000082c8400010,00000000011f0002,16,0,,2,00a06196
c00000840c000180,0000000000080000,9,0,,12,02226087
c00000840c000180,0000000001080000,10,1,02626082,20,02226096
c00000840c100180,0000000000080010,11,0,,3,02426087
c00000842c000188,0000000000080000,11,0,,8,02222097
c00000842c000188,0000000001080000,12,0,,9,02232096
c00000844c000380,0000000000080002,12,0,,5,02616083
c00000844c000380,0000000001080002,13,0,,5,02616086
c00000844c100380,0000000000080012,14,0,,1,02416885
c00000846c000388,0000000000080002,14,0,,2,02612093
c00000846c000388,0000000001080002,15,0,,1,02612096
c0000084cc000380,0000000000080002,13,0,,5,02606087
c0000084cc000380,0000000001080002,14,0,,3,02606096
c0000084ec000388,0000000000080002,15,0,,1,02602097
c00000864c000390,0000000000080002,14,0,,1,02216087
c00000864c000390,0000000001080002,15,0,,1,02216096
c0000086cc000390,0000000000080002,15,0,,2,02206097
c0000086cc000390,0000000001080002,16,0,,1,02206896
c00000c40c800180,00000000001a0000,13,0,,3,00626885
c00000c40c800180,00000000011b0000,15,0,,3,00626096
c00000c40c900180,00000000001a0010,15,0,,1,00436885
c00000c44c800380,00000000001e0002,17,0,,1,00616885
c00000c44c800380,00000000011f0002,19,0,,1,00616096
c020000000000000,0000000000000010,4,8,0a0a6084,85,0a0a2096
c020000000000000,0000000000000012,5,0,,39,0a08e086
c020000000000000,0000000000030010,6,17,084a2882,123,080a2896
c020000000000000,0000000000070012,8,0,,19,08486096
c020000000000000,0000000000080010,5,4,024aa082,93,020a6096
c020000000000000,0000000000080012,6,5,0248e082,88,02086896
c020000000000000,00000000001b0010,8,0,,50,000a6896
c020000000000000,00000000001f0012,10,0,,18,004860b6
c020000000000080,0000000000000010,5,1,1a42a080,16,1a02a086
c020000000000080,0000000001000010,6,3,0a42a880,25,0a02e086
c020000000000280,0000000000000012,7,0,,8,1a40a882
c020000000000280,0000000001000012,8,0,,4,0a40e882
c020000000100180,0000000000000010,7,1,1a426080,9,1a026086
c020000000100188,0000000000000010,8,2,1a422082,13,1a422086
c020000000100380,0000000000000012,9,0,,1,1a416880
c020000000800080,0000000000030010,8,2,1842a880,16,1842a882
c020000000800280,0000000000070012,11,0,,2,1840e884
c020000000900180,0000000000030010,10,3,18426084,16,18426086
c020000000900188,0000000000030010,11,1,18432880,8,18422096
c020000000900380,0000000000070012,13,0,,1,18416884
c020000004000080,0000000000080010,7,1,1242e080,19,1202e086
c020000004000080,0000000001080010,8,0,,19,0202e096
c020000004000280,0000000000080012,9,0,,19,1200e096
c020000004000280,0000000001080012,10,0,,5,0240e096
c020000004100180,0000000000080010,9,0,,8,12026096
c020000004100188,0000000000080010,10,0,,1,12422096
c020000004100380,0000000000080012,11,0,,1,12406096
c020000004800080,00000000001b0010,11,0,,3,1042e884
c020000408100180,0000000001000010,10,3,0a426084,17,0a026096
c020000428100188,0000000001000010,12,1,0a432880,10,0a422096
c020004000800080,0000000001030010,10,2,0842e880,23,0842a096
c020004000800280,0000000001070012,13,0,,1,0841e884
c020004004800080,00000000011b0010,13,0,,1,0043e884
c020004408900180,0000000001030010,14,2,08426884,16,08426096
c020004428900188,0000000001030010,16,0,,4,084220b6
c02000840c100180,0000000001080010,13,0,,4,02426096
c02000842c100188,0000000001080010,15,0,,1,02432096
c02000c40c900180,00000000011b0010,18,0,,1,00436096
c100000000000000,0000000000000000,3,0,,1,1ae2a000
c100000000000000,0000000000000002,4,0,,10,0ae8a100
c100000000000000,0000000000000010,4,0,,2,1ac2a001
c100000000000000,0000000000000012,5,0,,12,0ac0e101
c100000000000000,0000000000000040,4,0,,3,1aa2a002
c100000000000000,0000000000000042,5,0,,14,0aa0e101
c100000000000000,0000000000000142,6,0,,2,0aa96100
c100000000000000,0000000000000450,6,0,,8,0a82e101
c100000000000000,0000000000000452,7,0,,20,0a80e121
c100000000000000,0000000000020010,5,0,,2,08c2e101
c100000000000000,0000000000020450,7,0,,1,188ae001
c100000000000000,0000000000030000,5,0,,4,18e2e000
c100000000000000,0000000000030010,6,0,,7,08cae100
c100000000000000,0000000000030040,6,0,,2,08aae100
c100000000000000,0000000000030450,8,0,,2,188ae004
c100000000000000,0000000000060002,6,0,,1,08e0e101
c100000000000000,0000000000060012,7,0,,8,08c0e121
c100000000000000,0000000000060042,7,0,,2,08a8e101
c100000000000000,0000000000060452,9,0,,2,0880e125
c100000000000000,0000000000070002,7,0,,9,08e8e100
c100000000000000,0000000000070012,8,0,,16,08c8e102
c100000000000000,0000000000070042,8,0,,6,08a8e102
c100000000000000,0000000000070452,10,0,,1,0888e124
c100000000000000,0000000000080000,4,0,,8,02eaa100
c100000000000000,0000000000080002,5,2,12e0e000,56,02e0a103
c100000000000000,0000000000080010,5,0,,10,02c2e101
c100000000000000,0000000000080012,6,8,02c0e101,57,02c0e103
c100000000000000,0000000000080040,5,0,,13,02a2e101
c100000000000000,0000000000080042,6,6,02a0e101,67,02a0e103
c100000000000000,0000000000080140,6,0,,3,02ab6100
c100000000000000,0000000000080142,7,0,,14,02a96101
c100000000000000,0000000000080450,7,0,,18,0282e121
c100000000000000,0000000000080452,8,5,0288e101,72,0280e107
c100000000000000,00000000001a0010,7,0,,5,00c2e121
c100000000000000,00000000001a0040,7,0,,1,00aae101
c100000000000000,00000000001a0450,9,0,,1,0082e125
c100000000000000,00000000001b0000,7,0,,6,00eae100
c100000000000000,00000000001b0010,8,0,,10,00cae104
c100000000000000,00000000001b0040,8,0,,6,00aae102
c100000000000000,00000000001b0450,10,0,,1,008ae124
c100000000000000,00000000001e0002,8,0,,14,00e0e103
c100000000000000,00000000001e0012,9,0,,25,00c0e125
c100000000000000,00000000001e0042,9,0,,14,00a0e125
c100000000000000,00000000001e0452,11,0,,10,0080e925
c100000000000000,00000000001f0002,9,2,00e8e100,34,00e8e102
c100000000000000,00000000001f0012,10,0,,36,00c8e106
c100000000000000,00000000001f0042,10,0,,17,00a8e106
c100000000000000,00000000001f0142,11,0,,2,00a96124
c100000000000000,00000000001f0452,12,0,,4,0088e126
c100000000000000,0000000001000002,5,0,,1,0ae0e100
c100000000000000,0000000001000010,5,0,,1,0ac2e100
c100000000000000,0000000001000012,6,0,,5,0ac0e102
c100000000000000,0000000001000040,5,0,,1,0aa2e100
c100000000000000,0000000001000042,6,0,,4,0aa0e102
c100000000000000,0000000001000450,7,0,,1,0a83e100
c100000000000000,0000000001000452,8,0,,1,0a80e124
c100000000000000,0000000001030000,6,0,,1,08e2e100
c100000000000000,0000000001030010,7,0,,4,08c2e104
c100000000000000,0000000001070002,8,0,,3,08e0e120
c100000000000000,0000000001070012,9,0,,3,08c0e124
c100000000000000,0000000001080000,5,0,,1,02e2e100
c100000000000000,0000000001080002,6,1,02e0e100,7,02e0e102
c100000000000000,0000000001080010,6,0,,5,02c2e102
c100000000000000,0000000001080012,7,2,02c0e120,13,02c0e106
c100000000000000,0000000001080040,6,0,,4,02a2e102
c100000000000000,0000000001080042,7,2,02a0e102,12,02a0e106
c100000000000000,0000000001080450,8,0,,1,0282e124
c100000000000000,0000000001080452,9,0,,3,0280e126
c100000000000000,00000000011b0000,8,0,,1,00e3e100
c100000000000000,00000000011b0010,9,0,,2,00c2e124
c100000000000000,00000000011f0002,10,0,,8,00e0e122
c100000000000000,00000000011f0012,11,0,,5,00c0e126
c100000000000000,0000000020000000,4,0,,2,0aeaa000
c100000000000000,0000000020000002,5,0,,8,0ae0e001
c100000000000000,0000000020000010,5,0,,2,0ac2e001
c100000000000000,0000000020000012,6,0,,8,0ac0e801
c100000000000000,0000000020000040,5,0,,4,0aa2e001
c100000000000000,0000000020000042,6,1,0aa8e000,12,0aa0e003
c100000000000000,0000000020000140,6,0,,1,0aab6000
c100000000000000,0000000020000142,7,0,,2,0aa96002
c100000000000000,0000000020000450,7,0,,5,0a8ae001
c100000000000000,0000000020000452,8,0,,5,0a88e003
c100000000000000,0000000020020010,6,0,,3,08c2e801
c100000000000000,0000000020020040,6,0,,1,08aae001
c100000000000000,0000000020030000,6,0,,4,08eaa002
c100000000000000,0000000020030010,7,0,,5,08cae002
c100000000000000,0000000020030040,7,0,,3,08aae002
c100000000000000,0000000020030450,9,0,,1,088ae024
c100000000000000,0000000020060002,7,0,,2,08e8e001
c100000000000000,0000000020060012,8,0,,2,08c8e801
c100000000000000,0000000020070002,8,0,,9,08e8e002
c100000000000000,0000000020070012,9,0,,5,08c8e802
c100000000000000,0000000020080000,5,0,,9,02e2e001
c100000000000000,0000000020080002,6,5,02e0e001,40,02e0e003
c100000000000000,0000000020080010,6,0,,7,02c3e001
c100000000000000,0000000020080012,7,3,02c8e001,30,02c0e007
c100000000000000,0000000020080040,6,1,02aae000,13,02a2e003
c100000000000000,0000000020080042,7,6,02a8a003,36,02a0e007
c100000000000000,0000000020080140,7,0,,2,02ab6002
c100000000000000,0000000020080142,8,1,02a96002,9,02a96003
c100000000000000,0000000020080450,8,0,,7,028ae003
c100000000000000,0000000020080452,9,0,,17,0288e007
c100000000000000,00000000201a0000,7,0,,1,00eae001
c100000000000000,00000000201a0010,8,0,,1,00cbe001
c100000000000000,00000000201a0040,8,0,,1,00aae003
c100000000000000,00000000201b0000,8,0,,7,00eae002
c100000000000000,00000000201b0010,9,0,,3,00cae024
c100000000000000,00000000201b0040,9,0,,3,00aae006
c100000000000000,00000000201e0002,9,0,,12,00e1e801
c100000000000000,00000000201e0012,10,0,,10,00c0e825
c100000000000000,00000000201e0042,10,0,,5,00a8e007
c100000000000000,00000000201e0452,12,0,,1,0088e825
c100000000000000,00000000201f0002,10,1,00e9e000,19,00e8e006
c100000000000000,00000000201f0012,11,0,,9,00c8e016
c100000000000000,00000000201f0042,11,0,,4,00a8e016
c100000000000000,00000000201f0142,12,0,,1,00a96026
c100000000000000,0000000021000000,5,0,,4,0ae2a002
c100000000000000,0000000021000002,6,0,,6,0ae0e002
c100000000000000,0000000021000010,6,0,,5,0ac2e002
c100000000000000,0000000021000012,7,0,,1,0ac1e800
c100000000000000,0000000021000040,6,0,,4,0aa2e002
c100000000000000,0000000021000042,7,0,,2,0aa0e006
c100000000000000,0000000021030000,7,0,,3,08e2e020
c100000000000000,0000000021030010,8,0,,6,08c2e024
c100000000000000,0000000021080000,6,0,,6,02e2e002
c100000000000000,0000000021080002,7,2,02e0e002,14,02e0e006
c100000000000000,0000000021080010,7,0,,2,02c2e006
c100000000000000,0000000021080012,8,0,,7,02c0e016
c100000000000000,0000000021080040,7,0,,3,02a2e006
c100000000000000,0000000021080042,8,0,,7,02a0e016
c100000000200000,0000000000070002,8,0,,1,18e16100
c100000000400000,00000000001f0042,11,0,,1,10a0e124
c100000000400000,00000000001f0452,13,0,,1,1081e124
c100000000400000,00000000011f0042,12,0,,1,00a1e124
c100000008000000,0000000001030000,7,0,,1,08e36100
c100000008000000,0000000021000000,6,0,,1,0ae36000
c100000008000000,0000000021030000,8,0,,1,08e36020
c100000048000000,0000000001000002,7,0,,1,0ae16100
c100000048000000,0000000021000002,8,0,,1,0ae16002
c100008008000000,0000000001080000,7,0,,1,02e36100
c100008008000000,0000000021080000,8,0,,1,02e36002
c100008048000000,0000000000080002,8,0,,1,02e16101
c100008048000000,0000000001080002,9,0,,3,02e16102
c100008048000000,0000000020080002,9,0,,1,02e16003
c100008048000000,0000000021080002,10,0,,4,02e16006
c100008048200000,00000000011f0002,14,0,,1,00e16124
c100080000000000,0000000000000010,5,0,,5,1ac2a002
c100080000000000,0000000000000012,6,0,,4,1ac8a002
c100080000000000,0000000000030010,7,0,,1,18caa800
c100080000000000,0000000000080010,6,0,,1,12caa002
c100080000000000,0000000000080012,7,0,,8,12c8a006
c100080000000000,0000000020000010,6,0,,2,0acaa002
c100080000000000,0000000020080010,7,0,,1,02caa006
c100100000000000,0000000000000034,7,0,,1,1ac36000
c100100000000000,0000000000000036,8,0,,1,1ac96000
c100100000000000,0000000000020034,8,0,,1,18c36001
c100100000000000,0000000000030034,9,0,,5,18c36004
c100100000000000,0000000000070036,11,0,,3,18c96004
c100100000000000,0000000000080034,8,0,,1,12cb6000
c100100000000000,0000000000080036,9,0,,6,12c96001
c100100000000000,0000000000080776,13,0,,2,12896006
c100100000000000,00000000001b0034,11,0,,1,10cb6004
c100100000000000,00000000001e0036,12,0,,2,10c96005
c100100000000000,00000000001f0036,13,0,,5,10c96006
c100100000000000,0000000048000036,10,0,,1,0ac96100
c100100000000000,0000000048030034,11,0,,1,08cb6100
c100100000000000,0000000048080036,11,0,,2,02c96102
c100100000000000,00000000481f0036,15,0,,1,00c96124
c100100000000000,0000000068000034,10,0,,1,0acb6000
c100100000000000,0000000068000036,11,0,,1,0ac96002
c100100000000000,0000000068020034,11,0,,1,08cb6001
c100100000000000,0000000068030034,12,0,,4,08cb6002
c100100000000000,0000000068080034,11,0,,2,02cb6002
c100100000000000,0000000068080036,12,0,,8,02c96003
c100100000000000,00000000681b0034,14,0,,1,00cb6024
c100100000000000,00000000681f0036,16,0,,1,00c96016
c100101008000000,0000000069030034,15,0,,1,08c36024
c100800000000010,0000000000080142,9,0,,2,12a16006
c110000000000000,0000000000000000,4,0,,3,0a6aa100
c110000000000000,0000000000000002,5,0,,16,0a68a101
c110000000000000,0000000000000040,5,0,,5,0a2ae100
c110000000000000,0000000000000042,6,0,,13,0a28e101
c110000000000000,0000000000000140,6,0,,1,1a2b2002
c110000000000000,0000000000000142,7,0,,1,1a296002
c110000000000000,0000000000001010,6,0,,1,1a4aa001
c110000000000000,0000000000001012,7,0,,3,1a48a003
c110000000000000,0000000000020000,5,0,,2,186aa001
c110000000000000,0000000000029010,8,0,,2,184aa801
c110000000000000,0000000000030000,6,0,,9,186aa002
c110000000000000,0000000000060002,7,0,,2,1868a801
c110000000000000,0000000000070002,8,0,,7,1868e002
c110000000000000,0000000000080000,5,0,,12,026aa101
c110000000000000,0000000000080002,6,4,1268a001,62,0268a103
c110000000000000,0000000000080040,6,0,,12,022ae101
c110000000000000,0000000000080042,7,2,1228a003,40,0228a107
c110000000000000,0000000000080142,8,0,,2,12296003
c110000000000000,0000000000081012,8,0,,14,0248e103
c110000000000000,0000000000081452,10,0,,2,1208e007
c110000000000000,00000000001e0002,9,0,,7,0069e101
c110000000000000,00000000001f0002,10,0,,7,1068e006
c110000000000000,0000000020000000,5,0,,11,0a6aa001
c110000000000000,0000000020000002,6,0,,23,0a68a003
c110000000000000,0000000020000040,6,0,,11,0a2aa003
c110000000000000,0000000020000042,7,0,,5,0a28e003
c110000000000000,0000000020000140,7,0,,1,0a2b6002
c110000000000000,0000000020001010,7,0,,2,0a4aa801
c110000000000000,0000000020001012,8,0,,1,0a48e801
c110000000000000,0000000020020000,6,0,,1,086b6001
c110000000000000,0000000020030000,7,0,,6,086b2012
c110000000000000,0000000020070002,9,0,,1,0869e800
c110000000000000,0000000020080000,6,0,,19,026aa003
c110000000000000,0000000020080002,7,6,0268a003,47,0268a007
c110000000000000,0000000020080040,7,0,,10,022aa007
c110000000000000,0000000020080042,8,2,0228e003,16,0228a017
c110000000000000,0000000020080140,8,0,,1,022b6006
c110000000000000,0000000020080142,9,0,,2,02296007
c110000000000000,0000000020081012,9,0,,6,0248e007
c110000000000000,00000000201e0002,10,0,,3,0069e003
c110000000000000,00000000201f0002,11,0,,2,00696016
c110000000000000,00000001001f0002,11,0,,1,0068e124
c110000000000000,0000000120020000,7,0,,2,086aa801
c110000000000000,0000000120030000,8,0,,4,086aa802
c110000000000000,0000000120060002,9,0,,1,0868e801
c110000000000000,0000000120070002,10,0,,1,0868e804
c110000000000000,00000001201e0002,11,0,,1,0068e805
c110000000000000,00000001201f0002,12,0,,1,0068e016
c110000000000000,0000000520029010,11,0,,1,084ae801
c110000000000080,0000000000000000,5,0,,7,1a62a001
c110000000000080,0000000000000040,6,0,,1,1a22e002
c110000000000080,0000000000001010,7,0,,3,1a42a801
c110000000000080,0000000001000000,6,0,,1,0a62e100
c110000000000080,0000000020000000,6,0,,4,0a62a003
c110000000000080,0000000021000000,7,0,,8,0a62a006
c110000000000080,0000000021000040,8,0,,1,0a22e006
c110000000000180,0000000000000000,6,0,,1,1a636000
c110000000000188,0000000000000000,7,0,,2,1a632002
c110000000000280,0000000000000002,7,0,,13,0a60e101
c110000000000280,0000000000001012,9,0,,1,1a40e801
c110000000000280,0000000001000002,8,0,,1,0a61e100
c110000000000280,0000000020000002,8,0,,3,0a60e801
c110000000000280,0000000021000002,9,0,,1,0a61e800
c110000000800080,000000000002d010,11,0,,1,1842e801
c110000000800080,0000000000034000,9,0,,3,1862e004
c110000000800180,0000000000034000,10,0,,1,18636004
c110000004000080,0000000000080000,7,0,,11,0262e101
c110000004000080,0000000001080000,8,0,,1,0263e100
c110000004000080,0000000020080000,8,0,,1,0263e001
c110000004000080,0000000021080000,9,0,,2,0262e006
c110000004000280,0000000000080002,9,0,,34,0260e103
c110000004000280,0000000000080042,10,0,,6,0220e125
c110000004000280,0000000000081012,11,0,,4,0240e125
c110000004000280,0000000001080002,10,0,,5,0260e124
c110000004000280,0000000020080002,10,0,,4,0260e805
c110000004000280,0000000021080002,11,0,,4,0260e016
c110000004000380,0000000000080002,10,0,,1,12616006
c110000408000180,0000000021000000,10,0,,1,0a636002
c11000844c000380,0000000021080002,16,0,,1,02616016
c130000000000000,0000000000001010,7,0,,1,1a4ae000
c130000000000000,0000000000001012,8,0,,5,1a48e002
c130000000000000,0000000000039010,10,0,,3,184ae004
c130000000000000,0000000000081010,8,0,,2,124ae002
c130000000000000,0000000000081012,9,0,,12,0248e124
c130000000000000,0000000020001010,8,0,,4,0a4ae002
c130000000000000,0000000020001450,10,0,,1,0a0ae006
c130000000000000,0000000020081010,9,0,,1,024ae006
c130000000000000,0000000020081012,10,0,,3,0248e016
c130000000000000,0000000520039010,13,0,,1,084ae804
c130000000000080,0000000000001010,8,0,,5,1a42e002
c130000000800080,000000000003d010,13,0,,1,1842e804
c130000004000280,0000000000081012,12,0,,1,1240e124
c130080000000000,0000000000001010,8,0,,4,1a4aa002
c130080000000000,0000000000001012,9,0,,1,1a48a802
c130080000000000,0000000000039010,11,0,,1,184ba800
c130080000000000,0000000000081010,9,0,,1,124aa006
c130080000000000,0000000000081012,10,0,,2,1248a016
c130080000000000,0000000020001010,9,0,,2,0a4aa006
c130080000000000,0000000020081010,10,0,,1,024aa016
c130080000000080,0000000000001010,9,0,,3,1a42a006
c150100000000000,0000000000029834,13,0,,1,184b6001
c170100000000000,0000000000001834,12,0,,1,1a4b6000
c170100000000000,0000000000039834,15,0,,2,184b6004
c170100000000000,00000004f8039834,21,0,,1,084b6804
c170180000000000,0000000000001834,13,0,,1,1a4b2002
c600000000000000,0000000000000002,5,0,,1,0a698081
c600000000000000,0000000000000012,6,0,,2,0ac9c080
c600000000000000,0000000000000080,5,0,,1,0a2b8081
c600000000000000,0000000000000082,6,0,,6,0a298881
c600000000000000,0000000000000090,6,0,,4,0a0bc081
c600000000000000,0000000000000092,7,0,,3,0a81c181
c600000000000000,0000000000020010,6,0,,1,08c3c081
c600000000000000,0000000000020080,6,0,,1,082bc081
c600000000000000,0000000000020090,7,0,,3,0883c181
c600000000000000,0000000000030010,7,0,,2,08cbc080
c600000000000000,0000000000030080,7,0,,1,08abc080
c600000000000000,0000000000030090,8,0,,3,088bc084
c600000000000000,0000000000060002,7,0,,1,08698881
c600000000000000,0000000000060012,8,0,,1,08c1c881
c600000000000000,0000000000060082,8,0,,1,08a9c081
c600000000000000,0000000000070002,8,0,,1,08e9c080
c600000000000000,0000000000070012,9,0,,2,08c9c880
c600000000000000,0000000000070082,9,0,,1,18a9c080
c600000000000000,0000000000080000,5,0,,1,026b8081
c600000000000000,0000000000080002,6,0,,15,02698083
c600000000000000,0000000000080010,6,0,,3,02c3c081
c600000000000000,0000000000080012,7,0,,26,0249c181
c600000000000000,0000000000080080,6,0,,9,022b8083
c600000000000000,0000000000080082,7,1,02a9c080,38,02298093
c600000000000000,0000000000080090,7,0,,5,0283c181
c600000000000000,0000000000080092,8,0,,25,0281c183
c600000000000000,00000000001a0000,7,0,,1,006b8881
c600000000000000,00000000001a0010,8,0,,3,00c3c181
c600000000000000,00000000001a0080,8,0,,2,00a3c181
c600000000000000,00000000001a0090,9,0,,1,008bc181
c600000000000000,00000000001b0000,8,0,,1,00ebc080
c600000000000000,00000000001b0010,9,0,,3,00cbc180
c600000000000000,00000000001b0080,9,0,,4,00abc082
c600000000000000,00000000001e0002,9,0,,9,0069c881
c600000000000000,00000000001e0012,10,0,,14,0049c885
c600000000000000,00000000001e0082,10,0,,11,00a1c183
c600000000000000,00000000001e0092,11,0,,6,0081c1a5
c600000000000000,00000000001f0002,10,0,,9,00e9c082
c600000000000000,00000000001f0012,11,0,,12,00c9c0a4
c600000000000000,00000000001f0082,11,0,,9,00a9c086
c600000000000000,00000000001f0092,12,0,,1,0089c1a4
c600000000000000,0000000001000002,6,0,,1,0ae1c080
c600000000000000,0000000001000010,6,0,,1,0ac3c080
c600000000000000,0000000001000012,7,0,,1,0ac1c880
c600000000000000,0000000001000080,6,0,,1,0aa3c080
c600000000000000,0000000001000082,7,0,,1,0aa1c180
c600000000000000,0000000001000090,7,0,,1,0a83c180
c600000000000000,0000000001030000,7,0,,1,08e3c080
c600000000000000,0000000001030010,8,0,,1,08c3c880
c600000000000000,0000000001080000,6,0,,1,02e3c080
c600000000000000,0000000001080002,7,1,02e1c080,6,02e1c082
c600000000000000,0000000001080010,7,0,,1,02c3c180
c600000000000000,0000000001080012,8,0,,5,02c1c182
c600000000000000,0000000001080080,7,0,,2,02a3c082
c600000000000000,0000000001080082,8,0,,7,02a1c086
c600000000000000,0000000001080092,9,0,,1,0281c1a4
c600000000000000,00000000011f0002,11,0,,2,00e1c1a0
c600000000000000,00000000011f0012,12,0,,1,00c1c1a4
c600000000000000,0000000004020010,7,0,,1,084b8881
c600000000000000,0000000004080012,8,0,,1,02c98881
c600000000000080,0000000000000000,5,0,,1,0a638081
c600000000000080,0000000000000080,6,0,,1,0a23c081
c600000000000080,0000000004000010,7,0,,1,0a438881
c600000000000280,0000000000000002,7,0,,1,0a618881
c600000000400000,00000000001f0092,13,0,,1,1081c1a4
c600000000400000,00000000011f0082,13,0,,1,00a1c1a4
c600000004000080,0000000000080000,7,0,,2,02638881
c600000004000080,0000000000080080,8,0,,1,0223c181
c600000004000280,0000000000080002,9,0,,9,02618883
c600000004000280,0000000000080012,10,0,,1,1241c881
c600000004000280,0000000000080082,10,0,,4,0221c183
c600004001800080,0000000000020010,10,0,,1,0843c881
c600010000000000,0000000000000080,6,0,,1,0aab8080
c600010000000000,0000000000080000,6,0,,1,02eb8080
c600010000000000,0000000000080002,7,0,,7,02e98082
c600010000000000,0000000000080012,8,0,,2,12c98082
c600010000000000,0000000000080080,7,0,,2,02ab8082
c600010000000000,0000000000080082,8,0,,3,02a98182
c602000000000000,0000000000000002,6,0,,1,0a69c080
c602000000000000,0000000000000080,6,0,,1,0a2bc080
c602000000000000,0000000000000082,7,0,,1,1a29c080
c602000000000000,0000000000030000,7,0,,1,086bc080
c602000000000000,0000000000030080,8,0,,1,182bc080
c602000000000000,0000000000080000,6,0,,1,026bc080
c602000000000000,0000000000080002,7,0,,6,0269c082
c602000000000000,0000000000080080,7,0,,3,022bc082
c602000000000000,0000000000080082,8,0,,4,0229c086
c602000000000080,0000000001000000,7,0,,1,0a63c080
c602000004000280,0000000000080002,10,0,,3,1261c082
c602010000000000,0000000000000000,6,0,,1,0a6b8080
c602010000000000,0000000000000002,7,0,,2,0a698880
c602010000000000,0000000000000080,7,0,,3,0a2b8082
c602010000000000,0000000000080000,7,0,,3,026b8082
c602010000000000,0000000000080002,8,0,,5,02698092
c602010000000000,0000000000080080,8,0,,1,122b8082
c602010004000280,0000000000080002,11,0,,1,12618882
c622000000000000,0000000000080012,9,0,,1,1249c880
c680040000000000,0000000000080002,8,0,,4,12690083
c680040000000000,0000000000080012,9,0,,1,12c94081
c680040000000000,00000000001e0002,11,0,,1,10e94081
c680040000000000,0000000000200000,7,0,,1,0a6b0081
c680040000000000,0000000000220000,8,0,,2,086b0881
c680040000000000,0000000000220010,9,0,,2,084b4881
c680040000000000,0000000800280000,9,0,,1,026b4081
c680040000000000,00000008003a0000,11,0,,1,00eb4081
c680040000000000,0000000800a80002,11,0,,6,02690883
c680040000000000,0000000800be0002,14,0,,4,00e94083
c680040000000000,0000000800be0012,15,0,,1,00c94885
c680040000000004,0000000000080002,9,0,,1,12e14081
c680048048000004,0000000800a80002,15,0,,2,02e14181
c680060000000000,0000000000030010,10,0,,1,18cb4080
c680060000000000,0000000000080002,9,0,,1,12e94080
c680060000000000,0000000000080012,10,0,,1,12c94082
c680060000000000,00000000001b0000,11,0,,1,10eb4080
c680060000000000,00000000001f0002,13,0,,3,10e94082
c680060000000000,0000000000200010,9,0,,1,0acb4080
c680060000000000,0000000000230000,10,0,,1,08eb4080
c680060000000000,0000000000230010,11,0,,2,08cb4084
c680060000000000,0000000000a00002,10,0,,1,0ae94080
c680060000000000,0000000800280000,10,0,,1,02eb4080
c680060000000000,00000008003b0000,13,0,,2,00eb4082
c680060000000000,0000000800a80002,12,0,,6,02e94082
c680060000000000,0000000800bf0002,16,0,,6,00e94086
c680060000000000,0000000800bf0012,17,0,,1,00c941a4
c680060000000004,0000000000080002,10,0,,2,12e14082
c680060008000004,0000000001200000,11,0,,1,0ae34080
c680068048000004,0000000801a80002,17,0,,1,02e14182
c680068048000004,0000000801bf0002,21,0,,1,00e141a4
c680070000000000,0000000000080002,10,0,,1,12e90082
c680070000000000,0000000800280000,11,0,,1,02eb0082
c680440000000000,0000000000080082,10,0,,3,12294083
c680440000000000,00000000001e0082,13,0,,1,10a94181
c680440000000000,0000000000200080,9,0,,3,0a2b0083
c680440000000000,0000000000220080,10,0,,2,082b4881
c680440000000000,0000000000a00082,11,0,,1,0aa94081
c680440000000000,0000000800280080,11,0,,1,02ab4081
c680440000000000,0000000800a80082,13,0,,5,02a94083
c680440000000000,0000000800be0082,16,0,,1,00a940a5
c680660000000000,0000000000000082,11,0,,1,1aa94080
c680660000000000,0000000000030080,12,0,,1,18ab4080
c680660000000000,0000000000080080,11,0,,1,12ab4080
c680660000000000,0000000000080082,12,0,,5,12a94082
c680660000000000,0000000000200080,11,0,,1,0aab4080
c680660000000000,0000000000230080,13,0,,3,08ab4082
c680660000000000,0000000000a00082,13,0,,2,0aa94082
c680660000000000,0000000800280080,13,0,,3,02ab4082
c680660000000000,0000000800a80082,15,0,,10,02a94086
c680660000000000,0000000800bf0082,19,0,,1,00a941a4
c680660000000014,0000000000080082,14,0,,1,12a14182
c680670000000000,0000000000080080,12,0,,1,12ab0082
c680670000000000,0000000000200080,12,0,,1,0aab0082
c682060000000000,0000000000030000,10,0,,1,186b4080
c682060000000000,0000000000080002,10,0,,2,12694082
c682060000000000,0000000000200000,9,0,,1,0a6b4080
c682060000000000,0000000000230000,11,0,,1,086b4880
c682060000000000,0000000800a80002,13,0,,1,02694092
c682070000000000,0000000000000000,9,0,,1,1a6b0080
c682070000000000,0000000000200000,10,0,,1,0a6b0880
c682660000000000,0000000000000080,11,0,,1,1a2b4080
c682660000000000,0000000000200080,12,0,,3,0a2b4082
c682670000000000,0000000000000080,12,0,,1,1a2b0082
c700000000000000,0000000000000002,6,0,,1,1ae1c000
c700000000000000,0000000000000010,6,0,,1,1ac3c000
c700000000000000,0000000000000012,7,0,,7,0ac1c101
c700000000000000,00000000000000c0,7,0,,1,1aa3c000
c700000000000000,00000000000000c2,8,0,,6,0aa1c101
c700000000000000,00000000000004d0,9,0,,4,0a83c101
c700000000000000,00000000000004d2,10,0,,5,0a81c121
c700000000000000,0000000000030010,8,0,,2,18c3c100
c700000000000000,00000000000300c0,9,0,,2,08abc100
c700000000000000,00000000000600c2,10,0,,1,08a9c101
c700000000000000,0000000000070002,9,0,,2,08e9c100
c700000000000000,00000000000700c2,11,0,,1,18a9c100
c700000000000000,0000000000080000,6,0,,1,12e3c000
c700000000000000,0000000000080002,7,1,12e1c000,10,02e1c101
c700000000000000,0000000000080010,7,0,,5,02c3c101
c700000000000000,0000000000080012,8,3,02c1c101,34,02c1c103
c700000000000000,00000000000800c0,8,0,,6,02a3c101
c700000000000000,00000000000800c2,9,4,02a1c101,31,02a1c103
c700000000000000,00000000000804d0,10,0,,3,028bc101
c700000000000000,00000000000804d2,11,1,0289c101,22,0281c123
c700000000000000,00000000001a00c0,10,0,,1,00abc101
c700000000000000,00000000001b0000,9,0,,2,00ebc100
c700000000000000,00000000001b00c0,11,0,,1,10abc100
c700000000000000,00000000001e0002,10,0,,5,00e1c121
c700000000000000,00000000001e0012,11,0,,9,00c1c125
c700000000000000,00000000001e00c2,12,0,,6,00a1c125
c700000000000000,00000000001e04d2,14,0,,4,0081c925
c700000000000000,00000000001f0002,11,0,,13,00e9c102
c700000000000000,00000000001f0012,12,0,,5,00c9c124
c700000000000000,00000000001f00c2,13,0,,5,00a9c124
c700000000000000,00000000001f04d2,15,0,,1,1089c124
c700000000000000,0000000001000002,7,0,,1,0ae1c100
c700000000000000,0000000001000010,7,0,,1,0ac3c100
c700000000000000,00000000010000c0,8,0,,1,0aa3c100
c700000000000000,00000000010000c2,9,0,,2,0aa1c102
c700000000000000,0000000001080000,7,0,,1,02e3c100
c700000000000000,0000000001080002,8,1,02e1c100,5,02e1c102
c700000000000000,0000000001080012,9,0,,3,02c1c122
c700000000000000,00000000010800c0,9,0,,2,02a3c102
c700000000000000,00000000010800c2,10,0,,3,02a1c106
c700000000000000,00000000011f0002,12,0,,1,00e1c124
c700000000000000,00000000011f0012,13,0,,1,00c1c924
c700000000000000,0000000020000002,7,0,,2,0ae1c001
c700000000000000,0000000020000010,7,0,,2,0ac3c001
c700000000000000,0000000020000012,8,0,,1,0ac9c001
c700000000000000,00000000200000c0,8,0,,2,0aa3c001
c700000000000000,00000000200000c2,9,0,,5,0aa9c001
c700000000000000,00000000200004d0,10,0,,1,0a8bc001
c700000000000000,00000000200200c0,9,0,,1,08abc001
c700000000000000,0000000020030000,8,0,,1,08ebc000
c700000000000000,0000000020060002,9,0,,1,08e9c001
c700000000000000,0000000020080000,7,0,,2,02e3c001
c700000000000000,0000000020080002,8,2,02e1c001,11,02e1c003
c700000000000000,0000000020080010,8,0,,1,02cbc001
c700000000000000,0000000020080012,9,0,,8,02c9c003
c700000000000000,00000000200800c0,9,0,,4,02abc001
c700000000000000,00000000200800c2,10,2,02a9c001,12,02a1c025
c700000000000000,00000000200804d2,12,0,,1,0289c025
c700000000000000,00000000201e0002,11,0,,4,00e9c003
c700000000000000,00000000201e0012,12,0,,1,00c9c805
c700000000000000,00000000201e00c2,13,0,,1,00a9c025
c700000000000000,00000000201f0002,12,0,,2,00e9c024
c700000000000000,0000000021000000,7,0,,1,0ae3c000
c700000000000000,0000000021000002,8,0,,2,0ae1c002
c700000000000000,00000000210000c0,9,0,,1,0aa3c002
c700000000000000,0000000021080000,8,0,,1,02e3c002
c700000000000000,0000000021080002,9,0,,7,02e1c006
c700000000000c00,0000000000080002,9,0,,5,02e98101
c700000000000c00,0000000000080012,10,0,,3,12c98003
c700000000000c00,00000000000800c2,11,0,,3,02a98103
c700000000000c00,0000000020000002,9,0,,1,0ae98001
c700000000000c00,0000000020080000,9,0,,1,02eb8001
c700000000000c00,0000000020080002,10,0,,3,02e98003
c700000000400000,00000000001f00c2,14,0,,1,10a1c124
c700010000000c00,0000000000000002,9,0,,1,1ae98000
c700010000000c00,00000000000000c0,10,0,,1,1aab8000
c700010000000c00,00000000000000c2,11,0,,1,1aa98002
c700010000000c00,0000000000080000,9,0,,1,12eb8000
c700010000000c00,0000000000080002,10,1,12e98000,11,02e98102
c700010000000c00,00000000000800c0,11,0,,1,12ab8002
c700010000000c00,00000000000800c2,12,0,,1,12a98102
c700010000000c00,0000000020000000,9,0,,1,0aeb8000
c700010000000c00,0000000020080000,10,0,,1,02eb8002
c700010000000c00,0000000020080002,11,0,,2,02e98012
c710000000006000,00000000000000c2,11,0,,2,0a29c101
c710000000006000,0000000000080002,10,0,,2,0269c101
c710000000006000,00000000000800c0,11,0,,1,022bc101
c710000000006000,00000000000800c2,12,0,,7,0229c103
c710000000006000,0000000020000002,10,0,,1,0a69c001
c710000000006000,00000000200000c0,11,0,,1,0a2bc001
c710000000006000,0000000020080000,10,0,,1,026bc001
c710000000006000,0000000020080002,11,0,,4,0269c003
c710000000006000,00000000200800c2,13,0,,1,0229c007
c710000000006080,0000000020000000,10,0,,1,0a63c001
c710000000006c00,0000000000000002,11,0,,1,1a698001
c710000000006c00,00000000000000c0,12,0,,1,1a2b8001
c710000000006c00,0000000000080000,11,0,,1,126b8001
c710000000006c00,0000000000080002,12,0,,7,02698103
c710000000006c00,0000000020000000,11,0,,1,0a6b8001
c710000000006c00,0000000020000002,12,0,,1,0a698801
c710000000006c00,0000000020080002,13,0,,1,02698803
c710000000066000,0000000000081012,14,0,,1,1249c101
c710000004006280,0000000000080002,13,0,,4,0261c901
c710000004006280,00000000000800c2,15,0,,1,0221c125
c712000000006000,0000000000000002,10,0,,1,1a69c000
c712000000006000,00000000000000c0,11,0,,1,1a2bc000
c712000000006000,0000000000080000,10,0,,1,126bc000
c712000000006000,0000000000080002,11,0,,8,0269c102
c712000000006000,00000000000800c2,13,0,,2,0229c124
c712000000006000,0000000020000000,10,0,,1,0a6bc000
c712000000006000,0000000020000002,11,0,,1,0a69c800
c712000000006000,00000000200000c0,12,0,,1,0a2bc004
c712000000006000,0000000020080002,12,0,,3,0269c006
c7120000000060a0,0000000000000000,11,0,,1,1a63c000
c7120000040062a0,0000000001080002,16,0,,1,0261c124
c712010000006c00,0000000000000000,12,0,,1,1a6b8000
c712010000006c00,0000000000000002,13,0,,2,1a698002
c712010000006c00,0000000000080000,13,0,,1,126b8002
c712010000006c00,0000000000080002,14,0,,5,02698124
c780040000000000,0000000000080002,9,0,,1,12e94001
c780040000000000,00000000001e0002,12,0,,1,10e94101
c780040000000000,0000000800a80002,12,0,,1,02e94101
c780040000000000,0000000820a80002,13,0,,4,02e94003
c780040000000004,0000000000080002,10,0,,2,12e14003
c780040000001c00,0000000000080002,12,0,,1,12e90003
c780060000000000,0000000000000002,9,0,,1,1ae94000
c780060000000000,0000000000030000,10,0,,1,18eb4000
c780060000000000,0000000000070002,12,0,,1,18e94100
c780060000000000,0000000000080000,9,0,,1,12eb4000
c780060000000000,0000000000080002,10,1,12e94000,6,12e94002
c780060000000000,00000000001f0002,14,0,,3,10e94024
c780060000000000,0000000000230000,11,0,,1,08eb4100
c780060000000000,0000000000a00002,11,0,,1,0ae94100
c780060000000000,0000000020200000,10,0,,1,0aeb4000
c780060000000000,0000000020a00002,12,0,,1,0ae94002
c780060000000000,0000000800280000,11,0,,1,02eb4100
c780060000000000,0000000800a80002,13,0,,5,02e94102
c780060000000000,0000000800bf0002,17,0,,1,00e94124
c780060000000000,0000000820280000,12,0,,2,02eb4002
c780060000000000,0000000820a80002,14,0,,6,02e94006
c780060000000006,0000000000000000,10,0,,1,1ae34000
c780060000000006,0000000000080002,12,0,,3,12e14102
c780068058000006,0000000801a80002,20,0,,1,02e14124
c780440000000000,00000000000801c2,13,0,,2,12a94003
c780440000000000,00000000202001c0,13,0,,1,0aab4001
c780440000000000,0000000800a801c2,16,0,,1,02a94103
c780440000000000,0000000820a801c2,17,0,,1,02a94025
c780660000000000,00000000000001c0,13,0,,1,1aab4000
c780660000000000,00000000000001c2,14,0,,2,1aa94002
c780660000000000,00000000000801c0,14,0,,2,12ab4002
c780660000000000,00000000000801c2,15,0,,8,12a94006
c780660000000000,00000000001f01c2,19,0,,1,10a94124
c780660000000000,00000000002001c0,14,0,,1,0aab4100
c780660000000000,00000000202001c0,15,0,,2,0aab4002
c780660000000000,00000000202301c0,17,0,,1,08ab4024
c780660000000000,00000008002801c0,16,0,,1,02ab4102
c780660000000000,0000000800a801c2,18,0,,2,02a94106
c780660000000000,0000000820a801c2,19,0,,1,02a94026
c79206000001e000,0000000000000000,14,0,,1,1a6b4000
ce00000000000000,0000000000000000,5,0,,1,0a6a8081
ce00000000000000,0000000000000002,6,0,,7,0a688881
ce00000000000000,0000000000000010,6,0,,5,0a4ac081
ce00000000000000,0000000000000012,7,0,,16,0a48c881
ce00000000000000,0000000000000080,6,0,,14,0a2a8083
ce00000000000000,0000000000000082,7,0,,27,0a288883
ce00000000000000,0000000000000090,7,0,,20,0a0ac085
ce00000000000000,0000000000000092,8,0,,12,0a80c1a1
ce00000000000000,0000000000020000,6,0,,3,086a8881
ce00000000000000,0000000000020010,7,0,,7,084ac881
ce00000000000000,0000000000020080,7,0,,11,082ac083
ce00000000000000,0000000000020090,8,0,,9,080ac885
ce00000000000000,0000000000030000,7,0,,2,08eac080
ce00000000000000,0000000000030010,8,0,,6,08cac084
ce00000000000000,0000000000030080,8,0,,7,08aac082
ce00000000000000,0000000000030090,9,0,,9,088ac0a4
ce00000000000000,0000000000060002,8,0,,3,0868c881
ce00000000000000,0000000000060012,9,0,,4,08c8c881
ce00000000000000,0000000000060082,9,0,,4,08a8c083
ce00000000000000,0000000000060092,10,0,,3,0880c1a5
ce00000000000000,0000000000070002,9,0,,3,08e8c180
ce00000000000000,0000000000070012,10,0,,2,08c8c884
ce00000000000000,0000000000070082,10,0,,3,18a8c082
ce00000000000000,0000000000070092,11,0,,1,0888c1a4
ce00000000000000,0000000000080000,6,0,,10,026a8083
ce00000000000000,0000000000080002,7,3,0268c081,52,02688087
ce00000000000000,0000000000080010,7,0,,20,024ac881
ce00000000000000,0000000000080012,8,5,02c0c181,69,0248c883
ce00000000000000,0000000000080080,7,1,02aac080,35,022a8087
ce00000000000000,0000000000080082,8,16,0228c083,102,02288097
ce00000000000000,0000000000080090,8,0,,21,0282c183
ce00000000000000,0000000000080092,9,3,0288c181,55,0280c187
ce00000000000000,00000000001a0000,8,0,,4,006ac881
ce00000000000000,00000000001a0010,9,0,,6,00cac085
ce00000000000000,00000000001a0080,9,0,,5,00aac083
ce00000000000000,00000000001a0090,10,0,,6,0082c1a5
ce00000000000000,00000000001b0000,9,0,,5,00eac082
ce00000000000000,00000000001b0010,10,0,,4,00cac884
ce00000000000000,00000000001b0080,10,0,,9,00aac086
ce00000000000000,00000000001b0090,11,0,,1,008ac1a4
ce00000000000000,00000000001e0002,10,0,,19,0068c885
ce00000000000000,00000000001e0012,11,0,,23,00c0c1a5
ce00000000000000,00000000001e0082,11,1,00a8c181,24,00a0c1a5
ce00000000000000,00000000001e0092,12,0,,14,0080c1a7
ce00000000000000,00000000001f0002,11,0,,20,00e8c086
ce00000000000000,00000000001f0012,12,0,,12,00c8c096
ce00000000000000,00000000001f0082,12,0,,14,00a8c096
ce00000000000000,00000000001f0092,13,0,,3,0088c1a6
ce00000000000000,0000000001000000,6,0,,1,0ae2c080
ce00000000000000,0000000001000002,7,0,,3,0ae0c082
ce00000000000000,0000000001000010,7,0,,2,0ac2c180
ce00000000000000,0000000001000080,7,0,,6,0aa2c082
ce00000000000000,0000000001000082,8,0,,2,0aa0c182
ce00000000000000,0000000001080000,7,0,,6,02e2c082
ce00000000000000,0000000001080002,8,1,02e0c180,13,02e0c086
ce00000000000000,0000000001080012,9,0,,3,02c0c1a4
ce00000000000000,0000000001080080,8,0,,5,02a2c086
ce00000000000000,0000000001080082,9,0,,9,02a0c096
ce00000000000000,0000000001080090,9,0,,1,0282c1a4
ce00000000000000,0000000001080092,10,0,,2,0280c1a6
ce00000000000000,00000000011b0010,11,0,,1,00c2c1a4
ce00000000000000,00000000011f0002,12,0,,1,00e0c1a4
ce00000000000000,00000000011f0012,13,0,,1,00c0c9a4
ce00000000000000,0000000004000010,7,0,,1,0a4a8881
ce00000000000000,0000000004020010,8,0,,1,08ca8881
ce00000000000000,0000000004080012,9,0,,2,02c88883
ce00000000000080,0000000000000000,6,0,,3,0a628881
ce00000000000080,0000000000000010,7,0,,3,0a42c881
ce00000000000080,0000000000000080,7,0,,5,0a22c083
ce00000000000280,0000000000000002,8,0,,3,0a60c881
ce00000000000280,0000000000000012,9,0,,1,1a40c881
ce00000000400000,0000000000030080,9,0,,1,18a2c180
ce00000000400000,00000000001f0082,13,0,,1,10a0c1a4
ce00000000400000,00000000001f0092,14,0,,1,1080c9a4
ce00000000400000,0000000001030090,11,0,,1,0882c1a4
ce00000000400000,00000000011b0080,12,0,,1,00a2c1a4
ce00000001800080,0000000000020010,10,0,,1,1842c881
ce00000004000080,0000000000080000,8,0,,3,0262c881
ce00000004000280,0000000000080002,10,0,,9,0260c883
ce00000004000280,0000000000080012,11,0,,1,1240c885
ce00000004000280,0000000000080082,11,0,,2,0220c1a5
ce00010000000000,0000000000000000,6,0,,2,0aea8080
ce00010000000000,0000000000000002,7,0,,3,0ae88082
ce00010000000000,0000000000000010,7,0,,1,1aca8080
ce00010000000000,0000000000000012,8,0,,1,1ac88880
ce00010000000000,0000000000000080,7,0,,6,0aaa8082
ce00010000000000,0000000000000082,8,0,,3,1aa88082
ce00010000000000,0000000000000090,8,0,,1,1a8a8082
ce00010000000000,0000000000080000,7,0,,5,02ea8082
ce00010000000000,0000000000080002,8,1,12e88080,15,02e88086
ce00010000000000,0000000000080010,8,0,,1,12ca8082
ce00010000000000,0000000000080012,9,0,,3,12c88092
ce00010000000000,0000000000080080,8,0,,6,02aa8086
ce00010000000000,0000000000080082,9,1,12a88082,7,02a88096
ce02000000000000,0000000000000000,6,0,,1,0a6ac080
ce02000000000000,0000000000000002,7,0,,3,0a68c082
ce02000000000000,0000000000000080,7,1,0a2ac080,7,0a2ac082
ce02000000000000,0000000000000082,8,0,,3,1a28c082
ce02000000000000,0000000000030000,8,0,,2,086ac880
ce02000000000000,0000000000030080,9,0,,4,082ac092
ce02000000000000,0000000000080000,7,0,,6,026ac082
ce02000000000000,0000000000080002,8,1,1268c080,13,0268c086
ce02000000000000,0000000000080080,8,0,,4,022ac086
ce02000000000000,0000000000080082,9,0,,8,0228c096
ce02000000000080,0000000000000000,7,0,,1,1a62c080
ce02000000000080,0000000000000080,8,0,,1,1a22c082
ce02000000000080,0000000001000000,8,0,,1,0a62c880
ce02000000000280,0000000000000002,9,0,,1,1a60c880
ce02000004000080,0000000000080000,9,0,,1,1262c082
ce02000004000280,0000000000080002,11,0,,2,1260c092
ce02010000000000,0000000000000000,7,0,,3,0a6a8082
ce02010000000000,0000000000000002,8,0,,2,1a688082
ce02010000000000,0000000000000080,8,0,,7,0a2a8086
ce02010000000000,0000000000000082,9,0,,1,1a288882
ce02010000000000,0000000000080000,8,0,,3,026a8882
ce02010000000000,0000000000080002,9,0,,7,02688096
ce02010000000000,0000000000080080,9,0,,4,022a8096
ce02010000000000,0000000000080082,10,0,,1,12288096
ce02010000000080,0000000000000000,8,0,,2,1a628082
ce22000000000000,0000000000000010,8,0,,2,0a4ac880
ce22000000000000,0000000000000012,9,0,,1,1a48c880
ce22000000000000,0000000000000090,9,0,,2,1a0ac082
ce22000000000000,0000000000030010,10,0,,2,084ac884
ce22000000000080,0000000000000010,9,0,,1,1a42c880
ce22010000000000,0000000000000010,9,0,,1,1a4a8880
ce80040000000000,0000000000000000,7,0,,1,1a6a0081
ce80040000000000,0000000000020000,8,0,,1,186a4081
ce80040000000000,0000000000020010,9,0,,2,184a4881
ce80040000000000,0000000000080000,8,0,,1,126a0083
ce80040000000000,0000000000080002,9,0,,6,12680883
ce80040000000000,0000000000080012,10,0,,2,12c84083
ce80040000000000,00000000001e0002,12,0,,3,10e84083
ce80040000000000,0000000000600000,9,0,,3,0a6a0083
ce80040000000000,0000000000620000,10,0,,2,086a4881
ce80040000000000,0000000000620010,11,0,,2,084a4885
ce80040000000000,0000000000e00002,11,0,,1,0ae84081
ce80040000000000,0000000800680000,11,0,,2,02ea0083
ce80040000000000,0000000800e80002,13,0,,10,02684093
ce80040000000000,0000000800fe0002,16,0,,5,00e840a5
ce80040000000000,0000000800fe0012,17,0,,2,00c841a5
ce80040000000004,0000000000080002,10,0,,3,12e04083
ce800480c8000004,0000000800fe0012,22,0,,1,00c049a5
ce80060000000000,0000000000000002,9,0,,1,1ae84080
ce80060000000000,0000000000000010,9,0,,1,1aca4080
ce80060000000000,0000000000030000,10,0,,1,18ea4080
ce80060000000000,0000000000030010,11,0,,3,18ca4084
ce80060000000000,0000000000080000,9,0,,1,12ea4080
ce80060000000000,0000000000080002,10,0,,6,12e84082
ce80060000000000,0000000000080012,11,0,,2,12c84086
ce80060000000000,00000000001b0000,12,0,,1,10ea4180
ce80060000000000,00000000001f0002,14,0,,4,10e840a4
ce80060000000000,00000000001f0012,15,0,,1,10c841a4
ce80060000000000,0000000000600000,10,0,,1,0aea4080
ce80060000000000,0000000000600010,11,0,,1,0aca4084
ce80060000000000,0000000000630000,12,0,,5,08ea4082
ce80060000000000,0000000000630010,13,0,,2,08ca40a4
ce80060000000000,0000000000e00002,12,0,,3,0ae84082
ce80060000000000,0000000800680000,12,0,,6,02ea4082
ce80060000000000,00000008007b0000,15,0,,1,00ea40a4
ce80060000000000,0000000800e80002,14,0,,13,02e84086
ce80060000000000,0000000800e80012,15,0,,2,02c84096
ce80060000000000,0000000800ff0002,18,0,,2,00e84096
ce80060000000004,0000000000000000,9,0,,1,1ae24080
ce80060000000004,0000000000080000,10,0,,1,12e24082
ce80060000000004,0000000000080002,11,0,,4,12e04086
ce80060008000004,0000000001600000,13,0,,1,0ae24082
ce800680c8000004,0000000801e80002,20,0,,2,02e04096
ce80070000000000,0000000000000000,9,0,,1,1aea0080
ce80070000000000,0000000000000002,10,0,,1,1ae80082
ce80070000000000,0000000000080000,10,0,,1,12ea0082
ce80070000000000,0000000000080002,11,0,,3,12e80092
ce80070000000000,0000000000600000,11,0,,1,0aea0082
ce80440000000000,0000000000000080,9,0,,4,1a2a0083
ce80440000000000,0000000000000082,10,0,,2,1a284083
ce80440000000000,0000000000000090,10,0,,1,1a8a4081
ce80440000000000,0000000000020080,10,0,,3,182a4085
ce80440000000000,0000000000080080,10,0,,3,122a4083
ce80440000000000,0000000000080082,11,0,,10,12284087
ce80440000000000,00000000001e0082,14,0,,1,10a84183
ce80440000000000,00000000001e0092,15,0,,1,108848a5
ce80440000000000,0000000000600080,11,0,,9,0a2a0093
ce80440000000000,0000000000620080,12,0,,6,082a4093
ce80440000000000,0000000000620090,13,0,,2,088a40a5
ce80440000000000,0000000000e00082,13,0,,3,0aa84083
ce80440000000000,0000000800680080,13,0,,5,022a4087
ce80440000000000,00000008007a0080,15,0,,2,00aa40a5
ce80440000000000,0000000800e80082,15,0,,13,02284097
ce80440000000000,0000000800e80092,16,0,,1,028848a5
ce80440000000000,0000000800fe0082,18,0,,2,00a841a5
ce80440000000000,0000000800fe0092,19,0,,1,008849a5
ce80440000000014,0000000000080082,13,0,,1,12a04183
ce80440008000004,0000000000600080,13,0,,2,0aa24083
ce804482c8000014,0000000800e80082,22,0,,1,02a041a5
ce80660000000000,0000000000000080,11,0,,1,1aaa4080
ce80660000000000,0000000000000082,12,0,,5,1aa84082
ce80660000000000,0000000000030080,13,0,,3,18aa4082
ce80660000000000,0000000000080080,12,0,,4,12aa4082
ce80660000000000,0000000000080082,13,1,12a84082,11,12a84086
ce80660000000000,00000000001f0082,17,0,,1,10a841a4
ce80660000000000,0000000000600080,13,0,,6,0aaa4082
ce80660000000000,0000000000630080,15,0,,6,08aa4086
ce80660000000000,0000000000e00082,15,0,,5,0aa84086
ce80660000000000,0000000800680080,15,0,,9,02aa4086
ce80660000000000,00000008007b0080,18,0,,2,00aa4096
ce80660000000000,0000000800e80082,17,0,,11,02a84096
ce80660000000000,0000000800ff0082,21,0,,2,00a841a6
ce80660000000004,0000000000000080,12,0,,2,1aa24082
ce80660000000004,0000000000080080,13,0,,1,12a24182
ce80660008000004,0000000001600080,16,0,,2,0aa24092
ce80670000000000,0000000000000080,12,0,,1,1aaa0082
ce80670000000000,0000000000080080,13,0,,1,12aa0182
ce80670000000000,0000000000600080,14,0,,3,0aaa0092
ce81660000000000,0000000000000090,13,0,,4,1a8a4082
ce81660000000000,0000000000030090,15,0,,1,188a40a4
ce81660000000000,0000000000080092,15,0,,1,128841a4
ce81660000000000,0000000000600090,15,0,,2,0a8a40a4
ce81660000000000,0000000000630090,17,0,,2,088a4096
ce82060000000000,0000000000000000,9,0,,1,1a6a4080
ce82060000000000,0000000000000002,10,0,,1,1a684082
ce82060000000000,0000000000030000,11,0,,2,186a4084
ce82060000000000,0000000000080000,10,0,,1,126a4082
ce82060000000000,0000000000080002,11,0,,3,12684086
ce82060000000000,0000000000600000,11,0,,4,0a6a4082
ce82060000000000,0000000000630000,13,0,,2,086a4092
ce82060000000000,0000000800680000,13,0,,1,026a4092
ce82060000000000,00000008007b0000,16,0,,1,006a4096
ce82060000000000,0000000800e80002,15,0,,1,02684096
ce82070000000000,0000000000000000,10,0,,2,1a6a0082
ce82070000000000,0000000000600000,12,0,,1,0a6a0092
ce82660000000000,0000000000000080,12,0,,4,1a2a4082
ce82660000000000,0000000000080080,13,0,,1,122a4086
ce82660000000000,0000000000080082,14,0,,1,12284096
ce82660000000000,0000000000600080,14,0,,6,0a2a4086
ce82660000000000,0000000000630080,16,0,,1,082a4096
ce82660000000000,0000000800680080,16,0,,1,022a4096
ce82660000000000,0000000800e80082,18,0,,1,02284896
ce82670000000000,0000000000000080,13,0,,3,1a2a0086
ce82670000000000,0000000000600080,15,0,,1,0a2a0096
cea2060000000000,0000000000630010,15,0,,1,084a4096
cf00000000000000,0000000000000000,6,0,,1,1ae2c000
cf00000000000000,0000000000000002,7,0,,10,0ae0c101
cf00000000000000,0000000000000010,7,0,,9,0ac2c101
cf00000000000000,0000000000000012,8,0,,18,0ac0c121
cf00000000000000,00000000000000c0,8,0,,8,0aa2c101
cf00000000000000,00000000000000c2,9,2,0aa8c100,23,0aa0c103
cf00000000000000,00000000000004d0,10,0,,10,0a82c121
cf00000000000000,00000000000004d2,11,0,,17,0a80c125
cf00000000000000,0000000000020010,8,0,,1,18cac001
cf00000000000000,00000000000200c0,9,0,,2,08aac101
cf00000000000000,00000000000204d0,11,0,,2,0882c125
cf00000000000000,0000000000030000,8,0,,2,08eac100
cf00000000000000,00000000000300c0,10,0,,5,08aac104
cf00000000000000,00000000000304d0,12,0,,1,088ac124
cf00000000000000,0000000000060002,9,0,,2,08e8c101
cf00000000000000,0000000000060012,10,0,,3,08c0c125
cf00000000000000,00000000000600c2,11,0,,3,08a0c125
cf00000000000000,00000000000604d2,13,0,,3,0888c125
cf00000000000000,0000000000070002,10,0,,2,18e8c100
cf00000000000000,0000000000070012,11,0,,2,08c8c124
cf00000000000000,00000000000700c2,12,0,,2,08a8c124
cf00000000000000,00000000000704d2,14,0,,1,1888c124
cf00000000000000,0000000000080000,7,0,,9,02e2c101
cf00000000000000,0000000000080002,8,7,02e0c101,38,02e0c103
cf00000000000000,0000000000080010,8,0,,11,02c2c121
cf00000000000000,0000000000080012,9,5,02c8c101,56,02c0c123
cf00000000000000,00000000000800c0,9,0,,21,02a2c103
cf00000000000000,00000000000800c2,10,13,02a0c103,61,02a0c107
cf00000000000000,00000000000804d0,11,0,,10,0282c125
cf00000000000000,00000000000804d2,12,3,0280c125,42,0280c127
cf00000000000000,00000000001a0000,9,0,,1,00eac101
cf00000000000000,00000000001a0010,10,0,,1,00c2c125
cf00000000000000,00000000001a00c0,11,0,,2,00a2c125
cf00000000000000,00000000001a04d0,13,0,,1,008ac125
cf00000000000000,00000000001b0000,10,0,,1,10eac100
cf00000000000000,00000000001b0010,11,0,,1,00cac124
cf00000000000000,00000000001b00c0,12,0,,1,00aac124
cf00000000000000,00000000001e0002,11,0,,13,00e0c125
cf00000000000000,00000000001e0012,12,0,,12,00c0c127
cf00000000000000,00000000001e00c2,13,0,,11,00a0c925
cf00000000000000,00000000001e04d2,15,0,,4,0088c127
cf00000000000000,00000000001f0002,12,0,,12,00e8c122
cf00000000000000,00000000001f0012,13,0,,7,00c8c126
cf00000000000000,00000000001f00c2,14,0,,3,00a8c126
cf00000000000000,00000000001f04d2,16,0,,1,1088c924
cf00000000000000,0000000001000000,7,0,,1,0ae2c100
cf00000000000000,0000000001000002,8,0,,3,0ae0c102
cf00000000000000,0000000001000012,9,0,,1,0ac0c124
cf00000000000000,00000000010000c0,9,0,,3,0aa2c102
cf00000000000000,00000000010000c2,10,0,,1,0aa0c124
cf00000000000000,00000000010004d0,11,0,,1,0a82c124
cf00000000000000,0000000001030010,10,0,,1,08c2c124
cf00000000000000,0000000001080000,8,0,,3,02e2c102
cf00000000000000,0000000001080002,9,1,02e0c120,8,02e0c106
cf00000000000000,0000000001080010,9,0,,1,02c2c124
cf00000000000000,0000000001080012,10,0,,3,02c0c126
cf00000000000000,00000000010800c0,10,0,,1,02a2c124
cf00000000000000,00000000010800c2,11,1,02a0c124,3,02a0c126
cf00000000000000,00000000011b0000,11,0,,1,00e2c124
cf00000000000000,00000000011f0002,13,0,,1,00e0c924
cf00000000000000,0000000020000000,7,0,,2,0ae2c001
cf00000000000000,0000000020000002,8,0,,6,0ae8c001
cf00000000000000,0000000020000010,8,0,,3,0acac001
cf00000000000000,0000000020000012,9,0,,1,0ac8c801
cf00000000000000,00000000200000c0,9,1,0aaac000,7,0aa2c003
cf00000000000000,00000000200000c2,10,0,,10,0aa8c003
cf00000000000000,00000000200004d0,11,0,,2,0a8ac005
cf00000000000000,0000000020020000,8,0,,1,08eac001
cf00000000000000,0000000020030000,9,0,,1,08eac004
cf00000000000000,00000000200300c0,11,0,,1,08aac024
cf00000000000000,0000000020080000,8,0,,6,02eac001
cf00000000000000,0000000020080002,9,5,02e8c001,19,02e0c025
cf00000000000000,0000000020080012,10,0,,9,02c0c825
cf00000000000000,00000000200800c0,10,0,,10,02aac003
cf00000000000000,00000000200800c2,11,3,02a8c003,14,02a8c007
cf00000000000000,00000000200804d2,13,0,,2,0288c027
cf00000000000000,00000000201e0002,12,0,,2,00e8c025
cf00000000000000,00000000201e0012,13,0,,1,00c8c825
cf00000000000000,00000000201e00c2,14,0,,1,00a8c825
cf00000000000000,00000000201f0002,13,0,,1,00e8c824
cf00000000000000,0000000021000000,8,0,,2,0ae2c002
cf00000000000000,00000000210000c0,10,0,,2,0aa2c012
cf00000000000000,0000000021080002,10,0,,1,02e0c016
cf00000000000c00,0000000000000002,9,0,,2,0ae88101
cf00000000000c00,00000000000000c0,10,0,,2,0aaa8101
cf00000000000c00,00000000000000c2,11,0,,2,1aa88003
cf00000000000c00,0000000000080000,9,0,,2,02ea8101
cf00000000000c00,0000000000080002,10,1,12e88001,13,02e08125
cf00000000000c00,0000000000080012,11,0,,3,12c88103
cf00000000000c00,00000000000800c0,11,0,,3,02aa8103
cf00000000000c00,00000000000800c2,12,0,,7,02a88125
cf00000000000c00,0000000020000000,9,0,,1,0aea8001
cf00000000000c00,00000000200000c0,11,0,,1,0aaa8003
cf00000000000c00,0000000020080000,10,0,,1,02ea8003
cf00000000000c00,0000000020080002,11,0,,2,02e88013
cf00000000400000,00000000010300c0,12,0,,1,08a2c124
cf00010000000c00,0000000000000000,9,0,,2,1ae28002
cf00010000000c00,0000000000000002,10,0,,3,1ae88002
cf00010000000c00,00000000000000c0,11,0,,2,1aaa8002
cf00010000000c00,00000000000000c2,12,0,,1,1aa88102
cf00010000000c00,0000000000080000,10,0,,3,12ea8002
cf00010000000c00,0000000000080002,11,1,12e88002,14,02e88124
cf00010000000c00,00000000000800c0,12,0,,1,12aa8102
cf00010000000c00,00000000000800c2,13,0,,4,12a88016
cf00010000000c00,0000000020000000,10,0,,2,0aea8002
cf10000000006000,0000000000000002,10,0,,2,0a68c101
cf10000000006000,00000000000000c0,11,0,,2,0a2ac101
cf10000000006000,00000000000000c2,12,0,,2,1a28c003
cf10000000006000,0000000000080000,10,0,,2,026ac101
cf10000000006000,0000000000080002,11,1,1268c001,11,0268c103
cf10000000006000,00000000000800c0,12,0,,2,122ac003
cf10000000006000,00000000000800c2,13,0,,8,0228c107
cf10000000006000,0000000020000000,10,0,,1,0a6ac001
cf10000000006000,0000000020000002,11,0,,1,0a68c801
cf10000000006000,00000000200000c0,12,0,,3,0a2ac003
cf10000000006000,0000000020080002,12,0,,3,0268c007
cf10000000006000,00000000200800c2,14,0,,1,0228c017
cf10000000006080,0000000000000000,10,0,,1,1a62c001
cf10000000006c00,0000000000000000,11,0,,1,1a6a8001
cf10000000006c00,0000000000000002,12,0,,2,1a688003
cf10000000006c00,00000000000000c0,13,0,,1,1a2a8003
cf10000000006c00,0000000000080000,12,0,,2,126a8003
cf10000000006c00,0000000000080002,13,0,,8,02688125
cf10000000006c00,0000000020000000,12,0,,1,0a6a8801
cf10000004006280,0000000000080002,14,0,,4,0260c125
cf12000000006000,0000000000000000,10,0,,1,1a6ac000
cf12000000006000,0000000000000002,11,0,,4,1a68c002
cf12000000006000,00000000000000c0,12,0,,4,1a2ac002
cf12000000006000,0000000000080000,11,0,,3,126ac002
cf12000000006000,0000000000080002,12,0,,8,0268c124
cf12000000006000,00000000000800c2,14,0,,1,1228c016
cf12000000006000,0000000020000000,11,0,,3,0a6ac002
cf12000000006000,00000000200000c0,13,0,,2,0a2ac006
cf12000000006000,0000000020080002,13,0,,2,0268c016
cf120000000060a0,0000000000000000,12,0,,2,1a62c002
cf12010000006c00,0000000000000000,13,0,,2,1a6a8002
cf12010000006c00,0000000000000002,14,0,,1,1a688802
cf12010000006c00,0000000000080002,15,0,,3,12688016
e100000000000000,0000000000000143,8,0,,1,1aa86001
e100000000000000,0000000000060003,8,0,,1,18e86001
e100000000000000,0000000000080003,7,0,,6,02e82103
e100000000000000,0000000000080141,8,0,,1,12aa2003
e100000000000000,0000000000080143,9,0,,9,02a86103
e100000000000000,00000000001e0003,10,0,,4,00e86103
e100000000000000,00000000001e0143,12,0,,1,00a86125
e100000000000000,0000000020000003,7,0,,2,0ae82003
e100000000000000,0000000020000141,8,0,,1,0aaa6001
e100000000000000,0000000020000143,9,0,,1,0aa86003
e100000000000000,0000000020020001,7,0,,1,08ea6001
e100000000000000,0000000020060003,9,0,,1,08e86003
e100000000000000,0000000020080001,7,0,,2,02ea2003
e100000000000000,0000000020080003,8,0,,7,02e82007
e100000000000000,0000000020080141,9,0,,1,02aa6003
e100000000000000,0000000020080143,10,0,,5,02a86007
e100000000000000,00000000201e0003,11,0,,2,00e86007
e100100000000000,000000000002003d,11,0,,1,18ca6001
e100100000000000,000000000008003f,12,0,,4,12c86003
e100100000000000,000000000008077f,16,0,,1,12886007
e100100000000000,00000000481e003f,17,0,,1,00c86125
e100100000000000,000000006808003f,15,0,,1,02c86007
e100100000000000,00000000681e003f,18,0,,1,00c86825
e100101008000000,000000006a02003d,17,0,,1,08c26025
e100800000000010,0000000000080143,11,0,,1,12a06103
e118000000000000,0000000000000001,7,0,,1,1a6a2001
e118000000000000,0000000000000003,8,0,,3,1a682003
e118000000000000,0000000000000141,9,0,,1,1a2a2003
e118000000000000,0000000000000143,10,0,,1,1a286003
e118000000000000,0000000000020001,8,0,,3,186a2003
e118000000000000,0000000000080001,8,0,,1,126a2003
e118000000000000,0000000000080003,9,0,,6,12682007
e118000000000000,0000000000080141,10,0,,1,122a6003
e118000000000000,0000000000080143,11,0,,1,12286007
e118000000000000,0000000020000001,8,0,,3,0a6a2003
e118000000000000,0000000020000003,9,0,,3,0a682803
e118000000000000,0000000020000141,10,0,,2,0a2a2007
e118000000000000,0000000020080001,9,0,,2,026a2007
e118000000000000,0000000020080003,10,0,,4,02682017
e118000000000000,0000000020080141,11,0,,1,022a6007
e118000000000000,0000000020080143,12,0,,1,02286017
e118000000000000,0000000120020001,10,0,,2,086a6005
e118000000000180,0000000000000001,9,0,,1,1a626001
e118000000000188,0000000000000001,10,0,,1,1a622003
e158100000000000,000000000002983d,17,0,,2,184a6005
e158100000000000,00000005f802983d,24,0,,1,084a6805
e158100000900180,000000000002d83d,22,0,,1,18426805
ef80040000000000,0000000000000003,11,0,,1,1ae84001
ef80040000000000,0000000000080003,12,0,,5,12e84003
ef80040000000000,0000000020600001,13,0,,1,0aea4001
ef80040000000000,0000000800e80003,16,0,,3,02e84103
ef80040000000000,0000000800fe0003,19,0,,1,00e84125
ef80040000000000,0000000820e80003,17,0,,2,02e84007
ef80040000000000,0000000820fe0003,20,0,,1,00e84825
ef80140002000000,0000000848fe003f,27,0,,1,00c84925
ef80440000000000,00000000000001c1,14,0,,1,1aaa4001
ef80440000000000,00000000000001c3,15,0,,2,1aa84003
ef80440000000000,00000000000801c1,15,0,,1,12aa4003
ef80440000000000,00000000000801c3,16,0,,8,12a84007
ef80440000000000,00000000006001c1,16,0,,1,0aaa4101
ef80440000000000,00000000206001c1,17,0,,1,0aaa4003
ef80440000000000,0000000800e801c3,20,0,,2,02a84107
ef80440000000000,0000000800fe01c3,23,0,,1,00a84925
ef80440000000000,0000000820e801c3,21,0,,2,02a84027
f100000000000000,0000000000000001,6,0,,2,1ae26000
f100000000000000,0000000000000003,7,0,,8,0ae82102
f100000000000000,0000000000000141,8,0,,3,0aaa6100
f100000000000000,0000000000000143,9,0,,7,0aa86102
f100000000000000,0000000000030001,8,0,,9,08ea6100
f100000000000000,0000000000030141,10,0,,4,08aa6102
f100000000000000,0000000000070003,10,0,,9,08e86102
f100000000000000,0000000000080001,7,0,,6,02ea2102
f100000000000000,0000000000080003,8,3,02e86100,25,02e82106
f100000000000000,0000000000080141,9,0,,7,02aa6102
f100000000000000,0000000000080143,10,3,02a86102,19,02a86106
f100000000000000,00000000001b0001,10,0,,5,00ea6102
f100000000000000,00000000001b0141,12,0,,1,00aa6124
f100000000000000,00000000001f0003,12,0,,16,00e86106
f100000000000000,00000000001f0143,14,0,,3,00a86126
f100000000000000,0000000020000001,7,0,,3,0aea2002
f100000000000000,0000000020000003,8,0,,7,0ae82006
f100000000000000,0000000020000141,9,0,,4,0aaa2006
f100000000000000,0000000020000143,10,0,,3,0aa86006
f100000000000000,0000000020030001,9,0,,5,08ea6002
f100000000000000,0000000020030141,11,0,,3,08aa6006
f100000000000000,0000000020070003,11,0,,4,08e86006
f100000000000000,0000000020080001,8,0,,7,02ea2006
f100000000000000,0000000020080003,9,1,02e86002,9,02e82016
f100000000000000,0000000020080141,10,0,,6,02aa2016
f100000000000000,0000000020080143,11,1,02a86006,4,02a86016
f100000000000000,00000000201b0001,11,0,,2,00ea6006
f100000000000000,00000000201b0141,13,0,,2,00aa6016
f100000000000000,00000000201f0003,13,0,,3,00e86016
f100000000000008,0000000000000001,7,0,,1,1ae22002
f100000000200000,00000000001f0003,13,0,,1,10e06124
f100000008000000,0000000003000001,9,0,,1,0ae26100
f100000008000000,0000000003030001,11,0,,1,08e26120
f100000008000000,0000000023000001,10,0,,4,0ae26002
f100000008000000,0000000023030001,12,0,,1,08e26024
f100008008000000,0000000003080001,11,0,,1,02e26102
f100008008000000,0000000023080001,12,0,,1,02e26006
f1000080c8000000,0000000003080003,14,0,,2,02e06106
f1000080c8000000,0000000023080003,15,0,,1,02e06016
f100100000000000,000000000000003d,11,0,,6,1ac26002
f100100000000000,000000000000003f,12,0,,4,1ac86002
f100100000000000,000000000000077d,15,0,,2,1a8a6002
f100100000000000,000000000000077f,16,0,,1,1a886006
f100100000000000,000000000003003d,13,0,,11,18c26024
f100100000000000,000000000003077d,17,0,,1,188a6024
f100100000000000,000000000007003f,15,0,,1,18c86900
f100100000000000,000000000008003d,12,0,,2,12ca6002
f100100000000000,000000000008003f,13,0,,10,12c86006
f100100000000000,000000000008077d,16,0,,1,128a6006
f100100000000000,000000000008077f,17,0,,5,12886016
f100100000000000,00000000001b003d,15,0,,1,10ca6024
f100100000000000,00000000001f003f,17,0,,2,10c86016
f100100000000000,000000004800003d,13,0,,1,0aca6100
f100100000000000,000000004803003d,15,0,,2,08ca6104
f100100000000000,000000004803077d,19,0,,1,088a6124
f100100000000000,000000004807003f,17,0,,1,08c86124
f100100000000000,000000004808003f,15,0,,2,02c86106
f100100000000000,000000004808077f,19,0,,1,02886126
f100100000000000,00000000481b003d,17,0,,1,00ca6124
f100100000000000,00000000481f003f,19,0,,1,00c86126
f100100000000000,000000006800003d,14,0,,4,0aca6002
f100100000000000,000000006800003f,15,0,,1,0ac86006
f100100000000000,000000006800077d,18,0,,1,0a8a6006
f100100000000000,000000006803003d,16,0,,4,08ca6006
f100100000000000,000000006808003d,15,0,,1,02ca6006
f100100000000000,000000006808003f,16,0,,3,02c86016
f100100000000000,00000000681f003f,20,0,,1,00c86036
f100101008000000,000000004b03003d,19,0,,1,08c26124
f100101008000000,000000006b00003d,18,0,,1,0ac26024
f100101008000000,000000006b03003d,20,0,,1,08c26824
f100180000000000,000000000000003d,12,0,,1,1aca2002
f100800000000000,0000000000000141,9,0,,2,1aa26002
f100800000000000,0000000000080141,10,0,,2,12a26006
f100800000000010,0000000000000143,11,0,,1,1aa06102
f100800000000010,0000000000080143,12,0,,5,12a06016
f100800108000000,0000000023000141,14,0,,1,0aa26006
f1008083c8000010,0000000003080143,20,0,,1,02a06126
f11c000000000000,0000000000000001,9,0,,6,0a6a2102
f11c000000000000,0000000000000003,10,0,,6,1a682006
f11c000000000000,0000000000000141,11,0,,5,1a2a2006
f11c000000000000,0000000000000143,12,0,,1,1a286006
f11c000000000000,0000000000030001,11,0,,8,186a2006
f11c000000000000,0000000000070003,13,0,,1,18686804
f11c000000000000,0000000000080001,10,0,,5,126a2006
f11c000000000000,0000000000080003,11,1,12686002,10,02686106
f11c000000000000,0000000000080141,12,0,,2,122a2016
f11c000000000000,0000000000080143,13,0,,3,12286016
f11c000000000000,00000000001f0003,15,0,,1,10686016
f11c000000000000,0000000020000001,10,0,,8,0a6a2006
f11c000000000000,0000000020000003,11,0,,5,0a682016
f11c000000000000,0000000020000141,12,0,,3,0a2a2016
f11c000000000000,0000000020080001,11,0,,5,026a2016
f11c000000000000,0000000020080003,12,0,,2,02686016
f11c000000000000,0000000020080141,13,0,,2,022a6016
f11c000000000000,0000000120030001,13,0,,6,086a2016
f11c000000000000,0000000120030141,15,0,,1,082a6016
f11c000000000000,0000000120070003,15,0,,1,08686016
f11c000000000000,00000001201b0001,15,0,,1,006a6016
f11c000000000180,0000000000000001,11,0,,3,1a626002
f11c000000000188,0000000000000001,12,0,,3,1a622006
f11c000000800180,0000000000034001,15,0,,1,18626804
f11c000004000180,0000000000080001,13,0,,1,12626006
f11c000004000380,0000000000080003,15,0,,1,12606016
f11c000408000180,0000000023000001,16,0,,2,0a626006
f11c000428000188,0000000023000001,18,0,,1,0a622016
f11c00840c000180,0000000023080001,19,0,,1,02626016
f11c800000000180,0000000000000141,14,0,,1,1a226006
f11c800508000180,0000000023000141,20,0,,1,0a226016
f17c100000000000,000000000000183d,18,0,,3,1a4a6002
f17c100000000000,000000000003983d,21,0,,4,184a6006
f17c100000000000,000000000008183d,19,0,,1,124a6006
f17c100000000000,000000000008183f,20,0,,1,12486016
f17c100000000000,00000000f800183d,23,0,,1,0a4a6006
f17c100000000000,00000000f8001f7d,27,0,,1,0a0a6016
f17c100000000000,00000000f808183d,24,0,,1,024a6016
f17c100000000000,00000005f803983d,28,0,,1,084a6016
f17c100000100180,000000000000183d,21,0,,2,1a426006
f17c180000000000,000000000000183d,19,0,,3,1a4a2006
f17c180000000000,00000000f800183d,24,0,,1,0a4a2016
ff80060000000000,0000000000000001,12,0,,1,1aea4000
ff80060000000000,0000000000000003,13,0,,5,1ae84002
ff80060000000000,0000000000030001,14,0,,1,18ea4100
ff80060000000000,0000000000080001,13,0,,3,12ea4002
ff80060000000000,0000000000080003,14,2,12e84002,11,12e84006
ff80060000000000,00000000001f0003,18,0,,1,10e84124
ff80060000000000,0000000000600001,14,0,,1,0aea4100
ff80060000000000,0000000020600001,15,0,,2,0aea4002
ff80060000000000,0000000800680001,16,0,,1,02ea4102
ff80060000000000,0000000800e80003,18,0,,6,02e84106
ff80060000000000,0000000800ff0003,22,0,,1,00e84924
ff80060000000000,0000000820e80003,19,0,,4,02e84016
ff80060000000006,0000000000000001,14,0,,2,1ae24002
ff80060000000006,0000000000080003,16,0,,1,12e04124
ff80070000001c00,0000000000000001,16,0,,1,1aea0002
ff80160000000000,000000000008003f,19,0,,1,12c84124
ff80660000000000,00000000000001c1,17,0,,5,1aaa4002
ff80660000000000,00000000000001c3,18,0,,7,1aa84006
ff80660000000000,00000000000801c1,18,0,,2,12aa4006
ff80660000000000,00000000000801c3,19,1,12a84102,10,12a84016
ff80660000000000,00000000006001c1,19,0,,2,0aaa4102
ff80660000000000,00000000006301c1,21,0,,1,08aa4124
ff80660000000000,0000000000e001c3,21,0,,1,0aa84124
ff80660000000000,00000000206001c1,20,0,,4,0aaa4006
ff80660000000000,00000000206301c1,22,0,,1,08aa4016
ff80660000000000,00000008006801c1,21,0,,2,02aa4106
ff80660000000000,0000000800e801c3,23,0,,3,02a84116
ff80660000000000,00000008206801c1,22,0,,1,02aa4016
ff80660000000000,0000000820e801c3,24,0,,1,02a84036
ff80e60000000006,00000000000001c1,20,0,,1,1aa24102
ff9e06000001e000,0000000000000001,20,0,,1,1a6a4002
ff9e06000001e000,0000000000080003,22,0,,1,12684016
ff9e66000001e000,00000000000001c1,25,0,,1,1a2a4006
ff9e66000001e000,00000000206001c1,28,0,,1,0a2a4016
